2026-02-27T23:34:46Z INFO bsky_collector_v2: out_base ok path=D:\BlueSky\data_v2_full mount=D:\
2026-02-27T23:34:46Z INFO bsky_collector_v2: job start subcommand=index-feed-generators dry_run=False resume=True
2026-02-27T23:34:47Z INFO bsky_collector_v2.job.index_feed_generators: feed generator index hosts relay_host=https://bsky.network records_host=https://bsky.social auth=yes
2026-02-27T23:34:47Z INFO bsky_collector_v2.job.index_feed_generators: recovered repo tasks in_progress->pending n=1
2026-02-27T23:34:47Z WARNING bsky_collector_v2.job.index_feed_generators: listRecords failed repo=did:plc:mmsavvzhurbxrdqswwzzv5nx err=HttpError('InvalidRequest: Could not find repo: did:plc:mmsavvzhurbxrdqswwzzv5nx')
2026-02-27T23:34:47Z WARNING bsky_collector_v2.job.index_feed_generators: listRecords failed repo=did:plc:prkfzcbqreplcjrlali7bkla err=HttpError('InvalidRequest: Could not find repo: did:plc:prkfzcbqreplcjrlali7bkla')
2026-02-27T23:34:47Z WARNING bsky_collector_v2.job.index_feed_generators: listRecords failed repo=did:plc:qakcuknqq2w7kb5jwpb63aje err=HttpError('InvalidRequest: Could not find repo: did:plc:qakcuknqq2w7kb5jwpb63aje')
2026-02-27T23:34:47Z WARNING bsky_collector_v2.job.index_feed_generators: listRecords failed repo=did:plc:tutlexbsbg4rdhjg4sahmqiw err=HttpError('InvalidRequest: Could not find repo: did:plc:tutlexbsbg4rdhjg4sahmqiw')
2026-02-27T23:34:47Z WARNING bsky_collector_v2.job.index_feed_generators: listRecords failed repo=did:plc:tv7f7uztclbmkizn2gedj3kn err=HttpError('InvalidRequest: Could not find repo: did:plc:tv7f7uztclbmkizn2gedj3kn')
2026-02-27T23:34:47Z WARNING bsky_collector_v2.job.index_feed_generators: listRecords failed repo=did:plc:tztfp7wdo5nxjr44c5s7etp4 err=HttpError('InvalidRequest: Could not find repo: did:plc:tztfp7wdo5nxjr44c5s7etp4')
2026-02-27T23:34:48Z WARNING bsky_collector_v2.job.index_feed_generators: listRecords failed repo=did:plc:y3c6nnegqc5fx7ic2b46mbnf err=HttpError('InvalidRequest: Could not find repo: did:plc:y3c6nnegqc5fx7ic2b46mbnf')
2026-02-27T23:34:48Z WARNING bsky_collector_v2.job.index_feed_generators: listRecords failed repo=did:plc:zyxa5ewd4p6jjocajhgogk42 err=HttpError('InvalidRequest: Could not find repo: did:plc:zyxa5ewd4p6jjocajhgogk42')
2026-02-27T23:34:48Z WARNING bsky_collector_v2.job.index_feed_generators: listRecords failed repo=did:plc:22j4ke7ccwozc7h3vawyvisl err=HttpError('InvalidRequest: Could not find repo: did:plc:22j4ke7ccwozc7h3vawyvisl')
2026-02-27T23:34:48Z WARNING bsky_collector_v2.job.index_feed_generators: listRecords failed repo=did:plc:32gpi35a6wjdtopxlobgesdn err=HttpError('InvalidRequest: Could not find repo: did:plc:32gpi35a6wjdtopxlobgesdn')
2026-02-27T23:34:48Z WARNING bsky_collector_v2.job.index_feed_generators: listRecords failed repo=did:plc:3syguo2su6oxyqz5dqhyr3pb err=HttpError('InvalidRequest: Could not find repo: did:plc:3syguo2su6oxyqz5dqhyr3pb')
2026-02-27T23:34:48Z WARNING bsky_collector_v2.job.index_feed_generators: listRecords failed repo=did:plc:3yftcfe3jxh64qomittf6jfa err=HttpError('InvalidRequest: Could not find repo: did:plc:3yftcfe3jxh64qomittf6jfa')
2026-02-27T23:34:48Z WARNING bsky_collector_v2.job.index_feed_generators: listRecords failed repo=did:plc:4alaq3dwbiktzbk333uwgirz err=HttpError('InvalidRequest: Could not find repo: did:plc:4alaq3dwbiktzbk333uwgirz')
2026-02-27T23:34:48Z WARNING bsky_collector_v2.job.index_feed_generators: listRecords failed repo=did:plc:6gm6dweiwpnchnowmaggqe6z err=HttpError('InvalidRequest: Could not find repo: did:plc:6gm6dweiwpnchnowmaggqe6z')
2026-02-27T23:34:48Z WARNING bsky_collector_v2.job.index_feed_generators: listRecords failed repo=did:plc:6p23pmzuq6newkdeyaabv5w3 err=HttpError('InvalidRequest: Could not find repo: did:plc:6p23pmzuq6newkdeyaabv5w3')
2026-02-27T23:34:48Z WARNING bsky_collector_v2.job.index_feed_generators: listRecords failed repo=did:plc:crydig42vw3lphoveimbdtea err=HttpError('InvalidRequest: Could not find repo: did:plc:crydig42vw3lphoveimbdtea')
2026-02-27T23:34:49Z WARNING bsky_collector_v2.job.index_feed_generators: listRecords failed repo=did:plc:dbhnsjmryfvm2jl6e7huqvwe err=HttpError('InvalidRequest: Could not find repo: did:plc:dbhnsjmryfvm2jl6e7huqvwe')
2026-02-27T23:34:49Z WARNING bsky_collector_v2.job.index_feed_generators: listRecords failed repo=did:plc:e25zll4qgrdaielwpvf5y2wf err=HttpError('InvalidRequest: Could not find repo: did:plc:e25zll4qgrdaielwpvf5y2wf')
2026-02-27T23:34:49Z WARNING bsky_collector_v2.job.index_feed_generators: listRecords failed repo=did:plc:fko4j6swhwnlope3ymwzt5og err=HttpError('InvalidRequest: Could not find repo: did:plc:fko4j6swhwnlope3ymwzt5og')
2026-02-27T23:34:49Z WARNING bsky_collector_v2.job.index_feed_generators: listRecords failed repo=did:plc:fq5vaqcwepliuririr7gletc err=HttpError('InvalidRequest: Could not find repo: did:plc:fq5vaqcwepliuririr7gletc')
2026-02-27T23:34:49Z WARNING bsky_collector_v2.job.index_feed_generators: listRecords failed repo=did:plc:ghbgvnclaob3xiulk4lpriqy err=HttpError('InvalidRequest: Could not find repo: did:plc:ghbgvnclaob3xiulk4lpriqy')
2026-02-27T23:34:49Z WARNING bsky_collector_v2.job.index_feed_generators: listRecords failed repo=did:plc:ghhenulrjt5r7kry26xuqopc err=HttpError('InvalidRequest: Could not find repo: did:plc:ghhenulrjt5r7kry26xuqopc')
2026-02-27T23:34:49Z WARNING bsky_collector_v2.job.index_feed_generators: listRecords failed repo=did:plc:hzjgstn4fsvgp3xjo5q3k2zs err=HttpError('InvalidRequest: Could not find repo: did:plc:hzjgstn4fsvgp3xjo5q3k2zs')
2026-02-27T23:34:49Z WARNING bsky_collector_v2.job.index_feed_generators: listRecords failed repo=did:plc:ixbb2d4xemq6iljbxuwjf33s err=HttpError('InvalidRequest: Could not find repo: did:plc:ixbb2d4xemq6iljbxuwjf33s')
2026-02-27T23:34:49Z WARNING bsky_collector_v2.job.index_feed_generators: listRecords failed repo=did:plc:jmd5x4wj2hzc62ghce5qtvmo err=HttpError('InvalidRequest: Could not find repo: did:plc:jmd5x4wj2hzc62ghce5qtvmo')
2026-02-27T23:34:50Z WARNING bsky_collector_v2.job.index_feed_generators: listRecords failed repo=did:plc:maq7ugbr6hb7rdiu7g67zstn err=HttpError('InvalidRequest: Could not find repo: did:plc:maq7ugbr6hb7rdiu7g67zstn')
2026-02-27T23:34:50Z WARNING bsky_collector_v2.job.index_feed_generators: listRecords failed repo=did:plc:mmsavvzhurbxrdqswwzzv5nx err=HttpError('InvalidRequest: Could not find repo: did:plc:mmsavvzhurbxrdqswwzzv5nx')
2026-02-27T23:34:50Z WARNING bsky_collector_v2.job.index_feed_generators: listRecords failed repo=did:plc:prkfzcbqreplcjrlali7bkla err=HttpError('InvalidRequest: Could not find repo: did:plc:prkfzcbqreplcjrlali7bkla')
2026-02-27T23:34:50Z WARNING bsky_collector_v2.job.index_feed_generators: listRecords failed repo=did:plc:qakcuknqq2w7kb5jwpb63aje err=HttpError('InvalidRequest: Could not find repo: did:plc:qakcuknqq2w7kb5jwpb63aje')
2026-02-27T23:34:50Z WARNING bsky_collector_v2.job.index_feed_generators: listRecords failed repo=did:plc:tutlexbsbg4rdhjg4sahmqiw err=HttpError('InvalidRequest: Could not find repo: did:plc:tutlexbsbg4rdhjg4sahmqiw')
2026-02-27T23:34:50Z WARNING bsky_collector_v2.job.index_feed_generators: listRecords failed repo=did:plc:tv7f7uztclbmkizn2gedj3kn err=HttpError('InvalidRequest: Could not find repo: did:plc:tv7f7uztclbmkizn2gedj3kn')
2026-02-27T23:34:50Z WARNING bsky_collector_v2.job.index_feed_generators: listRecords failed repo=did:plc:tztfp7wdo5nxjr44c5s7etp4 err=HttpError('InvalidRequest: Could not find repo: did:plc:tztfp7wdo5nxjr44c5s7etp4')
2026-02-27T23:34:50Z WARNING bsky_collector_v2.job.index_feed_generators: listRecords failed repo=did:plc:y3c6nnegqc5fx7ic2b46mbnf err=HttpError('InvalidRequest: Could not find repo: did:plc:y3c6nnegqc5fx7ic2b46mbnf')
2026-02-27T23:34:50Z WARNING bsky_collector_v2.job.index_feed_generators: listRecords failed repo=did:plc:zyxa5ewd4p6jjocajhgogk42 err=HttpError('InvalidRequest: Could not find repo: did:plc:zyxa5ewd4p6jjocajhgogk42')
2026-02-27T23:34:51Z INFO bsky_collector_v2.job.index_feed_generators: enqueued repos page=1 mode=listRepos inserted=500 repos_returned=500 next_cursor=set
2026-02-27T23:34:56Z WARNING bsky_collector_v2.job.index_feed_generators: listRecords failed repo=did:plc:337rnltujt2oyurca2q75kkw err=HttpError('InvalidRequest: Could not find repo: did:plc:337rnltujt2oyurca2q75kkw')
2026-02-27T23:34:57Z WARNING bsky_collector_v2.job.index_feed_generators: listRecords failed repo=did:plc:3ih57o2x3pjhdhbi5l764vcq err=HttpError('InvalidRequest: Could not find repo: did:plc:3ih57o2x3pjhdhbi5l764vcq')
2026-02-27T23:34:57Z WARNING bsky_collector_v2.job.index_feed_generators: listRecords failed repo=did:plc:3ogvrmgf6pefhe4clhhe3ltn err=HttpError('InvalidRequest: Could not find repo: did:plc:3ogvrmgf6pefhe4clhhe3ltn')
2026-02-27T23:35:03Z WARNING bsky_collector_v2.job.index_feed_generators: listRecords failed repo=did:plc:57ehzfzlmplilezphtdi6img err=HttpError('InvalidRequest: Could not find repo: did:plc:57ehzfzlmplilezphtdi6img')
2026-02-27T23:35:04Z WARNING bsky_collector_v2.job.index_feed_generators: listRecords failed repo=did:plc:5qmela3nid2e62njucrh5zxj err=HttpError('InvalidRequest: Could not find repo: did:plc:5qmela3nid2e62njucrh5zxj')
2026-02-27T23:35:04Z WARNING bsky_collector_v2.job.index_feed_generators: listRecords failed repo=did:plc:5sgpfedlcqw2c7yt3mhdokpo err=HttpError('InvalidRequest: Could not find repo: did:plc:5sgpfedlcqw2c7yt3mhdokpo')
2026-02-27T23:35:06Z WARNING bsky_collector_v2.job.index_feed_generators: listRecords failed repo=did:plc:65xv7kmpizufv5uakaftzole err=HttpError('InvalidRequest: Could not find repo: did:plc:65xv7kmpizufv5uakaftzole')
2026-02-27T23:35:06Z WARNING bsky_collector_v2.job.index_feed_generators: listRecords failed repo=did:plc:6ayhrm5r4ukar5krcbvblh2z err=HttpError('InvalidRequest: Could not find repo: did:plc:6ayhrm5r4ukar5krcbvblh2z')
2026-02-27T23:35:12Z WARNING bsky_collector_v2.job.index_feed_generators: listRecords failed repo=did:plc:7jvc2xwd3mmvuhoiy5ug2pmd err=HttpError('InvalidRequest: Could not find repo: did:plc:7jvc2xwd3mmvuhoiy5ug2pmd')
2026-02-27T23:35:26Z WARNING bsky_collector_v2.job.index_feed_generators: listRecords failed repo=did:plc:di34uzaiu5ujmotv4rymwctq err=HttpError('InvalidRequest: Could not find repo: did:plc:di34uzaiu5ujmotv4rymwctq')
2026-02-27T23:35:30Z WARNING bsky_collector_v2.job.index_feed_generators: listRecords failed repo=did:plc:e5ioifd2csufkmkvyuagsfo3 err=HttpError('InvalidRequest: Could not find repo: did:plc:e5ioifd2csufkmkvyuagsfo3')
2026-02-27T23:35:35Z WARNING bsky_collector_v2.job.index_feed_generators: listRecords failed repo=did:plc:ffzqhzze5yncnnnu7zolcqgr err=HttpError('InvalidRequest: Could not find repo: did:plc:ffzqhzze5yncnnnu7zolcqgr')
2026-02-27T23:35:46Z WARNING bsky_collector_v2.job.index_feed_generators: listRecords failed repo=did:plc:ihjgbfxk3yuyo6jdh6opdg5m err=HttpError('InvalidRequest: Could not find repo: did:plc:ihjgbfxk3yuyo6jdh6opdg5m')
2026-02-27T23:35:54Z WARNING bsky_collector_v2.job.index_feed_generators: listRecords failed repo=did:plc:k33ka43etbf5vlrpct7tnjpm err=HttpError('InvalidRequest: Could not find repo: did:plc:k33ka43etbf5vlrpct7tnjpm')
2026-02-27T23:35:55Z WARNING bsky_collector_v2.job.index_feed_generators: listRecords failed repo=did:plc:k4xmcvvrfdrww47r6zquhq5u err=HttpError('InvalidRequest: Could not find repo: did:plc:k4xmcvvrfdrww47r6zquhq5u')
2026-02-27T23:36:05Z WARNING bsky_collector_v2.job.index_feed_generators: listRecords failed repo=did:plc:mhpn6vbi7cktumgm5qdvhdqo err=HttpError('InvalidRequest: Could not find repo: did:plc:mhpn6vbi7cktumgm5qdvhdqo')
2026-02-27T23:36:19Z WARNING bsky_collector_v2.job.index_feed_generators: listRecords failed repo=did:plc:pdj7ttktvlfpwr3oyz6q7cad err=HttpError('InvalidRequest: Could not find repo: did:plc:pdj7ttktvlfpwr3oyz6q7cad')
2026-02-27T23:36:40Z WARNING bsky_collector_v2.job.index_feed_generators: listRecords failed repo=did:plc:vffzuw2ulr2ea7hnpxwf47cu err=HttpError('InvalidRequest: Could not find repo: did:plc:vffzuw2ulr2ea7hnpxwf47cu')
2026-02-27T23:36:52Z WARNING bsky_collector_v2.job.index_feed_generators: listRecords failed repo=did:plc:ym56e3fgmgs6bpykmeopkkhw err=HttpError('InvalidRequest: Could not find repo: did:plc:ym56e3fgmgs6bpykmeopkkhw')
2026-02-27T23:36:58Z WARNING bsky_collector_v2.job.index_feed_generators: listRecords failed repo=did:plc:337rnltujt2oyurca2q75kkw err=HttpError('InvalidRequest: Could not find repo: did:plc:337rnltujt2oyurca2q75kkw')
2026-02-27T23:36:58Z WARNING bsky_collector_v2.job.index_feed_generators: listRecords failed repo=did:plc:3ih57o2x3pjhdhbi5l764vcq err=HttpError('InvalidRequest: Could not find repo: did:plc:3ih57o2x3pjhdhbi5l764vcq')
2026-02-27T23:36:58Z WARNING bsky_collector_v2.job.index_feed_generators: listRecords failed repo=did:plc:3ogvrmgf6pefhe4clhhe3ltn err=HttpError('InvalidRequest: Could not find repo: did:plc:3ogvrmgf6pefhe4clhhe3ltn')
2026-02-27T23:36:58Z WARNING bsky_collector_v2.job.index_feed_generators: listRecords failed repo=did:plc:57ehzfzlmplilezphtdi6img err=HttpError('InvalidRequest: Could not find repo: did:plc:57ehzfzlmplilezphtdi6img')
2026-02-27T23:36:58Z WARNING bsky_collector_v2.job.index_feed_generators: listRecords failed repo=did:plc:5qmela3nid2e62njucrh5zxj err=HttpError('InvalidRequest: Could not find repo: did:plc:5qmela3nid2e62njucrh5zxj')
2026-02-27T23:36:58Z WARNING bsky_collector_v2.job.index_feed_generators: listRecords failed repo=did:plc:5sgpfedlcqw2c7yt3mhdokpo err=HttpError('InvalidRequest: Could not find repo: did:plc:5sgpfedlcqw2c7yt3mhdokpo')
2026-02-27T23:36:58Z WARNING bsky_collector_v2.job.index_feed_generators: listRecords failed repo=did:plc:65xv7kmpizufv5uakaftzole err=HttpError('InvalidRequest: Could not find repo: did:plc:65xv7kmpizufv5uakaftzole')
2026-02-27T23:36:58Z WARNING bsky_collector_v2.job.index_feed_generators: listRecords failed repo=did:plc:6ayhrm5r4ukar5krcbvblh2z err=HttpError('InvalidRequest: Could not find repo: did:plc:6ayhrm5r4ukar5krcbvblh2z')
2026-02-27T23:36:59Z WARNING bsky_collector_v2.job.index_feed_generators: listRecords failed repo=did:plc:7jvc2xwd3mmvuhoiy5ug2pmd err=HttpError('InvalidRequest: Could not find repo: did:plc:7jvc2xwd3mmvuhoiy5ug2pmd')
2026-02-27T23:36:59Z WARNING bsky_collector_v2.job.index_feed_generators: listRecords failed repo=did:plc:di34uzaiu5ujmotv4rymwctq err=HttpError('InvalidRequest: Could not find repo: did:plc:di34uzaiu5ujmotv4rymwctq')
2026-02-27T23:36:59Z WARNING bsky_collector_v2.job.index_feed_generators: listRecords failed repo=did:plc:e5ioifd2csufkmkvyuagsfo3 err=HttpError('InvalidRequest: Could not find repo: did:plc:e5ioifd2csufkmkvyuagsfo3')
2026-02-27T23:36:59Z WARNING bsky_collector_v2.job.index_feed_generators: listRecords failed repo=did:plc:ffzqhzze5yncnnnu7zolcqgr err=HttpError('InvalidRequest: Could not find repo: did:plc:ffzqhzze5yncnnnu7zolcqgr')
2026-02-27T23:36:59Z WARNING bsky_collector_v2.job.index_feed_generators: listRecords failed repo=did:plc:ihjgbfxk3yuyo6jdh6opdg5m err=HttpError('InvalidRequest: Could not find repo: did:plc:ihjgbfxk3yuyo6jdh6opdg5m')
2026-02-27T23:37:00Z WARNING bsky_collector_v2.job.index_feed_generators: listRecords failed repo=did:plc:k33ka43etbf5vlrpct7tnjpm err=HttpError('InvalidRequest: Could not find repo: did:plc:k33ka43etbf5vlrpct7tnjpm')
2026-02-27T23:37:00Z WARNING bsky_collector_v2.job.index_feed_generators: listRecords failed repo=did:plc:k4xmcvvrfdrww47r6zquhq5u err=HttpError('InvalidRequest: Could not find repo: did:plc:k4xmcvvrfdrww47r6zquhq5u')
2026-02-27T23:37:00Z WARNING bsky_collector_v2.job.index_feed_generators: listRecords failed repo=did:plc:mhpn6vbi7cktumgm5qdvhdqo err=HttpError('InvalidRequest: Could not find repo: did:plc:mhpn6vbi7cktumgm5qdvhdqo')
2026-02-27T23:37:00Z WARNING bsky_collector_v2.job.index_feed_generators: listRecords failed repo=did:plc:pdj7ttktvlfpwr3oyz6q7cad err=HttpError('InvalidRequest: Could not find repo: did:plc:pdj7ttktvlfpwr3oyz6q7cad')
2026-02-27T23:37:00Z WARNING bsky_collector_v2.job.index_feed_generators: listRecords failed repo=did:plc:vffzuw2ulr2ea7hnpxwf47cu err=HttpError('InvalidRequest: Could not find repo: did:plc:vffzuw2ulr2ea7hnpxwf47cu')
2026-02-27T23:37:00Z WARNING bsky_collector_v2.job.index_feed_generators: listRecords failed repo=did:plc:ym56e3fgmgs6bpykmeopkkhw err=HttpError('InvalidRequest: Could not find repo: did:plc:ym56e3fgmgs6bpykmeopkkhw')
2026-02-27T23:37:00Z WARNING bsky_collector_v2.job.index_feed_generators: listRecords failed repo=did:plc:337rnltujt2oyurca2q75kkw err=HttpError('InvalidRequest: Could not find repo: did:plc:337rnltujt2oyurca2q75kkw')
2026-02-27T23:37:00Z WARNING bsky_collector_v2.job.index_feed_generators: listRecords failed repo=did:plc:3ih57o2x3pjhdhbi5l764vcq err=HttpError('InvalidRequest: Could not find repo: did:plc:3ih57o2x3pjhdhbi5l764vcq')
2026-02-27T23:37:00Z WARNING bsky_collector_v2.job.index_feed_generators: listRecords failed repo=did:plc:3ogvrmgf6pefhe4clhhe3ltn err=HttpError('InvalidRequest: Could not find repo: did:plc:3ogvrmgf6pefhe4clhhe3ltn')
2026-02-27T23:37:01Z WARNING bsky_collector_v2.job.index_feed_generators: listRecords failed repo=did:plc:57ehzfzlmplilezphtdi6img err=HttpError('InvalidRequest: Could not find repo: did:plc:57ehzfzlmplilezphtdi6img')
2026-02-27T23:37:01Z WARNING bsky_collector_v2.job.index_feed_generators: listRecords failed repo=did:plc:5qmela3nid2e62njucrh5zxj err=HttpError('InvalidRequest: Could not find repo: did:plc:5qmela3nid2e62njucrh5zxj')
2026-02-27T23:37:01Z WARNING bsky_collector_v2.job.index_feed_generators: listRecords failed repo=did:plc:5sgpfedlcqw2c7yt3mhdokpo err=HttpError('InvalidRequest: Could not find repo: did:plc:5sgpfedlcqw2c7yt3mhdokpo')
2026-02-27T23:37:01Z WARNING bsky_collector_v2.job.index_feed_generators: listRecords failed repo=did:plc:65xv7kmpizufv5uakaftzole err=HttpError('InvalidRequest: Could not find repo: did:plc:65xv7kmpizufv5uakaftzole')
2026-02-27T23:37:01Z WARNING bsky_collector_v2.job.index_feed_generators: listRecords failed repo=did:plc:6ayhrm5r4ukar5krcbvblh2z err=HttpError('InvalidRequest: Could not find repo: did:plc:6ayhrm5r4ukar5krcbvblh2z')
2026-02-27T23:37:01Z WARNING bsky_collector_v2.job.index_feed_generators: listRecords failed repo=did:plc:7jvc2xwd3mmvuhoiy5ug2pmd err=HttpError('InvalidRequest: Could not find repo: did:plc:7jvc2xwd3mmvuhoiy5ug2pmd')
2026-02-27T23:37:01Z WARNING bsky_collector_v2.job.index_feed_generators: listRecords failed repo=did:plc:di34uzaiu5ujmotv4rymwctq err=HttpError('InvalidRequest: Could not find repo: did:plc:di34uzaiu5ujmotv4rymwctq')
2026-02-27T23:37:02Z WARNING bsky_collector_v2.job.index_feed_generators: listRecords failed repo=did:plc:e5ioifd2csufkmkvyuagsfo3 err=HttpError('InvalidRequest: Could not find repo: did:plc:e5ioifd2csufkmkvyuagsfo3')
2026-02-27T23:37:02Z WARNING bsky_collector_v2.job.index_feed_generators: listRecords failed repo=did:plc:ffzqhzze5yncnnnu7zolcqgr err=HttpError('InvalidRequest: Could not find repo: did:plc:ffzqhzze5yncnnnu7zolcqgr')
2026-02-27T23:37:02Z WARNING bsky_collector_v2.job.index_feed_generators: listRecords failed repo=did:plc:ihjgbfxk3yuyo6jdh6opdg5m err=HttpError('InvalidRequest: Could not find repo: did:plc:ihjgbfxk3yuyo6jdh6opdg5m')
2026-02-27T23:37:02Z WARNING bsky_collector_v2.job.index_feed_generators: listRecords failed repo=did:plc:k33ka43etbf5vlrpct7tnjpm err=HttpError('InvalidRequest: Could not find repo: did:plc:k33ka43etbf5vlrpct7tnjpm')
2026-02-27T23:37:02Z WARNING bsky_collector_v2.job.index_feed_generators: listRecords failed repo=did:plc:k4xmcvvrfdrww47r6zquhq5u err=HttpError('InvalidRequest: Could not find repo: did:plc:k4xmcvvrfdrww47r6zquhq5u')
2026-02-27T23:37:02Z WARNING bsky_collector_v2.job.index_feed_generators: listRecords failed repo=did:plc:mhpn6vbi7cktumgm5qdvhdqo err=HttpError('InvalidRequest: Could not find repo: did:plc:mhpn6vbi7cktumgm5qdvhdqo')
2026-02-27T23:37:02Z WARNING bsky_collector_v2.job.index_feed_generators: listRecords failed repo=did:plc:pdj7ttktvlfpwr3oyz6q7cad err=HttpError('InvalidRequest: Could not find repo: did:plc:pdj7ttktvlfpwr3oyz6q7cad')
2026-02-27T23:37:02Z WARNING bsky_collector_v2.job.index_feed_generators: listRecords failed repo=did:plc:vffzuw2ulr2ea7hnpxwf47cu err=HttpError('InvalidRequest: Could not find repo: did:plc:vffzuw2ulr2ea7hnpxwf47cu')
2026-02-27T23:37:03Z WARNING bsky_collector_v2.job.index_feed_generators: listRecords failed repo=did:plc:ym56e3fgmgs6bpykmeopkkhw err=HttpError('InvalidRequest: Could not find repo: did:plc:ym56e3fgmgs6bpykmeopkkhw')
2026-02-27T23:37:03Z INFO bsky_collector_v2.job.index_feed_generators: enqueued repos page=2 mode=listRepos inserted=500 repos_returned=500 next_cursor=set
2026-02-27T23:37:07Z WARNING bsky_collector_v2.job.index_feed_generators: listRecords failed repo=did:plc:3jhlagyxf72j6tu6l645wpg7 err=HttpError('InvalidRequest: Could not find repo: did:plc:3jhlagyxf72j6tu6l645wpg7')
2026-02-27T23:37:14Z WARNING bsky_collector_v2.job.index_feed_generators: listRecords failed repo=did:plc:5gmha23siuescpctje7mmzam err=HttpError('InvalidRequest: Could not find repo: did:plc:5gmha23siuescpctje7mmzam')
2026-02-27T23:37:49Z WARNING bsky_collector_v2.job.index_feed_generators: listRecords failed repo=did:plc:7lb7jse6sa3qms423pup5w7m err=HttpError('InvalidRequest: Could not find repo: did:plc:7lb7jse6sa3qms423pup5w7m')
2026-02-27T23:37:51Z WARNING bsky_collector_v2.job.index_feed_generators: listRecords failed repo=did:plc:afp6slwbktm4ci6mwp5sxrqn err=HttpError('InvalidRequest: Could not find repo: did:plc:afp6slwbktm4ci6mwp5sxrqn')
2026-02-27T23:37:51Z WARNING bsky_collector_v2.job.index_feed_generators: listRecords failed repo=did:plc:aolq4nwoeoi644iahuzsyn6l err=HttpError('InvalidRequest: Could not find repo: did:plc:aolq4nwoeoi644iahuzsyn6l')
2026-02-27T23:37:56Z WARNING bsky_collector_v2.job.index_feed_generators: listRecords failed repo=did:plc:bquuto3t22tapvc3n4mviuq7 err=HttpError('InvalidRequest: Could not find repo: did:plc:bquuto3t22tapvc3n4mviuq7')
2026-02-27T23:37:58Z WARNING bsky_collector_v2.job.index_feed_generators: listRecords failed repo=did:plc:c53vxtodbmvscjkcjhjlo25f err=HttpError('InvalidRequest: Could not find repo: did:plc:c53vxtodbmvscjkcjhjlo25f')
2026-02-27T23:38:02Z INFO bsky_collector_v2.job.index_feed_generators: indexed repo=did:plc:cux26mtfaqty7jolhbdjbr4v part=1016 records=2 next_cursor=set
2026-02-27T23:38:03Z WARNING bsky_collector_v2.job.index_feed_generators: listRecords failed repo=did:plc:dd42biu374sdnzsf4qo4vwrz err=HttpError('InvalidRequest: Could not find repo: did:plc:dd42biu374sdnzsf4qo4vwrz')
2026-02-27T23:38:04Z WARNING bsky_collector_v2.job.index_feed_generators: listRecords failed repo=did:plc:drdnnhjgj4ijhwcrtwtqq44p err=HttpError('InvalidRequest: Could not find repo: did:plc:drdnnhjgj4ijhwcrtwtqq44p')
2026-02-27T23:38:05Z WARNING bsky_collector_v2.job.index_feed_generators: listRecords failed repo=did:plc:e7py6uimsyhoixzihwgajtqq err=HttpError('InvalidRequest: Could not find repo: did:plc:e7py6uimsyhoixzihwgajtqq')
2026-02-27T23:38:18Z WARNING bsky_collector_v2.job.index_feed_generators: listRecords failed repo=did:plc:hlr4fgy26wtytshvdgykh36k err=HttpError('InvalidRequest: Could not find repo: did:plc:hlr4fgy26wtytshvdgykh36k')
2026-02-27T23:38:30Z WARNING bsky_collector_v2.job.index_feed_generators: listRecords failed repo=did:plc:mbsit63glznt2uaepu5mwvcl err=HttpError('InvalidRequest: Could not find repo: did:plc:mbsit63glznt2uaepu5mwvcl')
2026-02-27T23:38:34Z WARNING bsky_collector_v2.job.index_feed_generators: listRecords failed repo=did:plc:n56qgrxsnvfyioeeijudoo3l err=HttpError('InvalidRequest: Could not find repo: did:plc:n56qgrxsnvfyioeeijudoo3l')
2026-02-27T23:38:34Z WARNING bsky_collector_v2.job.index_feed_generators: listRecords failed repo=did:plc:nd5jgzszhjsj7vomcljxot4a err=HttpError('InvalidRequest: Could not find repo: did:plc:nd5jgzszhjsj7vomcljxot4a')
2026-02-27T23:38:36Z WARNING bsky_collector_v2.job.index_feed_generators: listRecords failed repo=did:plc:nvrrvyxndhuer6hhjkqruf52 err=HttpError('InvalidRequest: Could not find repo: did:plc:nvrrvyxndhuer6hhjkqruf52')
2026-02-27T23:38:36Z WARNING bsky_collector_v2.job.index_feed_generators: listRecords failed repo=did:plc:nwii5hc7ruk4vkayncx2zyzz err=HttpError('InvalidRequest: Could not find repo: did:plc:nwii5hc7ruk4vkayncx2zyzz')
2026-02-27T23:38:41Z WARNING bsky_collector_v2.job.index_feed_generators: listRecords failed repo=did:plc:owpcrgjydxcjrv377f2k3nfb err=HttpError('InvalidRequest: Could not find repo: did:plc:owpcrgjydxcjrv377f2k3nfb')
2026-02-27T23:38:41Z INFO bsky_collector_v2.job.index_feed_generators: indexed repo=did:plc:oynpd5zbj5ythpndw6a3aoso part=1017 records=2 next_cursor=set
2026-02-27T23:38:48Z WARNING bsky_collector_v2.job.index_feed_generators: listRecords failed repo=did:plc:rscahs6xy5nald5hkpgkgahc err=HttpError('InvalidRequest: Could not find repo: did:plc:rscahs6xy5nald5hkpgkgahc')
2026-02-27T23:38:49Z WARNING bsky_collector_v2.job.index_feed_generators: listRecords failed repo=did:plc:rxkmkhvikqvacjog34lvgini err=HttpError('InvalidRequest: Could not find repo: did:plc:rxkmkhvikqvacjog34lvgini')
2026-02-27T23:38:52Z WARNING bsky_collector_v2.job.index_feed_generators: listRecords failed repo=did:plc:ske4vrog3cw45sfpdpnmqs3z err=HttpError('InvalidRequest: Could not find repo: did:plc:ske4vrog3cw45sfpdpnmqs3z')
2026-02-27T23:38:58Z INFO bsky_collector_v2.job.index_feed_generators: indexed repo=did:plc:tveovvlokvvxcfcbwa5johox part=1018 records=1 next_cursor=set
2026-02-27T23:39:09Z WARNING bsky_collector_v2.job.index_feed_generators: listRecords failed repo=did:plc:vxgv3km5gl6da7r27tsdd5dn err=HttpError('InvalidRequest: Could not find repo: did:plc:vxgv3km5gl6da7r27tsdd5dn')
2026-02-27T23:39:09Z WARNING bsky_collector_v2.job.index_feed_generators: listRecords failed repo=did:plc:w4ndlzu4s3phgjawxv3swiql err=HttpError('InvalidRequest: Could not find repo: did:plc:w4ndlzu4s3phgjawxv3swiql')
2026-02-27T23:39:24Z WARNING bsky_collector_v2.job.index_feed_generators: listRecords failed repo=did:plc:yiify7wad2g6ebaejuoznsji err=HttpError('InvalidRequest: Could not find repo: did:plc:yiify7wad2g6ebaejuoznsji')
2026-02-27T23:39:25Z WARNING bsky_collector_v2.job.index_feed_generators: listRecords failed repo=did:plc:yrxmxsdsd5u67t5qexdvxy3s err=HttpError('InvalidRequest: Could not find repo: did:plc:yrxmxsdsd5u67t5qexdvxy3s')
2026-02-27T23:39:30Z WARNING bsky_collector_v2.job.index_feed_generators: listRecords failed repo=did:plc:3jhlagyxf72j6tu6l645wpg7 err=HttpError('InvalidRequest: Could not find repo: did:plc:3jhlagyxf72j6tu6l645wpg7')
2026-02-27T23:39:30Z WARNING bsky_collector_v2.job.index_feed_generators: listRecords failed repo=did:plc:5gmha23siuescpctje7mmzam err=HttpError('InvalidRequest: Could not find repo: did:plc:5gmha23siuescpctje7mmzam')
2026-02-27T23:39:30Z WARNING bsky_collector_v2.job.index_feed_generators: listRecords failed repo=did:plc:7lb7jse6sa3qms423pup5w7m err=HttpError('InvalidRequest: Could not find repo: did:plc:7lb7jse6sa3qms423pup5w7m')
2026-02-27T23:39:30Z WARNING bsky_collector_v2.job.index_feed_generators: listRecords failed repo=did:plc:afp6slwbktm4ci6mwp5sxrqn err=HttpError('InvalidRequest: Could not find repo: did:plc:afp6slwbktm4ci6mwp5sxrqn')
2026-02-27T23:39:30Z WARNING bsky_collector_v2.job.index_feed_generators: listRecords failed repo=did:plc:aolq4nwoeoi644iahuzsyn6l err=HttpError('InvalidRequest: Could not find repo: did:plc:aolq4nwoeoi644iahuzsyn6l')
2026-02-27T23:39:30Z WARNING bsky_collector_v2.job.index_feed_generators: listRecords failed repo=did:plc:bquuto3t22tapvc3n4mviuq7 err=HttpError('InvalidRequest: Could not find repo: did:plc:bquuto3t22tapvc3n4mviuq7')
2026-02-27T23:39:31Z WARNING bsky_collector_v2.job.index_feed_generators: listRecords failed repo=did:plc:c53vxtodbmvscjkcjhjlo25f err=HttpError('InvalidRequest: Could not find repo: did:plc:c53vxtodbmvscjkcjhjlo25f')
2026-02-27T23:39:32Z WARNING bsky_collector_v2.job.index_feed_generators: listRecords failed repo=did:plc:dd42biu374sdnzsf4qo4vwrz err=HttpError('InvalidRequest: Could not find repo: did:plc:dd42biu374sdnzsf4qo4vwrz')
2026-02-27T23:39:32Z WARNING bsky_collector_v2.job.index_feed_generators: listRecords failed repo=did:plc:drdnnhjgj4ijhwcrtwtqq44p err=HttpError('InvalidRequest: Could not find repo: did:plc:drdnnhjgj4ijhwcrtwtqq44p')
2026-02-27T23:39:32Z WARNING bsky_collector_v2.job.index_feed_generators: listRecords failed repo=did:plc:e7py6uimsyhoixzihwgajtqq err=HttpError('InvalidRequest: Could not find repo: did:plc:e7py6uimsyhoixzihwgajtqq')
2026-02-27T23:39:32Z WARNING bsky_collector_v2.job.index_feed_generators: listRecords failed repo=did:plc:hlr4fgy26wtytshvdgykh36k err=HttpError('InvalidRequest: Could not find repo: did:plc:hlr4fgy26wtytshvdgykh36k')
2026-02-27T23:39:32Z WARNING bsky_collector_v2.job.index_feed_generators: listRecords failed repo=did:plc:mbsit63glznt2uaepu5mwvcl err=HttpError('InvalidRequest: Could not find repo: did:plc:mbsit63glznt2uaepu5mwvcl')
2026-02-27T23:39:32Z WARNING bsky_collector_v2.job.index_feed_generators: listRecords failed repo=did:plc:n56qgrxsnvfyioeeijudoo3l err=HttpError('InvalidRequest: Could not find repo: did:plc:n56qgrxsnvfyioeeijudoo3l')
2026-02-27T23:39:32Z WARNING bsky_collector_v2.job.index_feed_generators: listRecords failed repo=did:plc:nd5jgzszhjsj7vomcljxot4a err=HttpError('InvalidRequest: Could not find repo: did:plc:nd5jgzszhjsj7vomcljxot4a')
2026-02-27T23:39:32Z WARNING bsky_collector_v2.job.index_feed_generators: listRecords failed repo=did:plc:nvrrvyxndhuer6hhjkqruf52 err=HttpError('InvalidRequest: Could not find repo: did:plc:nvrrvyxndhuer6hhjkqruf52')
2026-02-27T23:39:32Z WARNING bsky_collector_v2.job.index_feed_generators: listRecords failed repo=did:plc:nwii5hc7ruk4vkayncx2zyzz err=HttpError('InvalidRequest: Could not find repo: did:plc:nwii5hc7ruk4vkayncx2zyzz')
2026-02-27T23:39:33Z WARNING bsky_collector_v2.job.index_feed_generators: listRecords failed repo=did:plc:owpcrgjydxcjrv377f2k3nfb err=HttpError('InvalidRequest: Could not find repo: did:plc:owpcrgjydxcjrv377f2k3nfb')
2026-02-27T23:39:33Z WARNING bsky_collector_v2.job.index_feed_generators: listRecords failed repo=did:plc:rscahs6xy5nald5hkpgkgahc err=HttpError('InvalidRequest: Could not find repo: did:plc:rscahs6xy5nald5hkpgkgahc')
2026-02-27T23:39:33Z WARNING bsky_collector_v2.job.index_feed_generators: listRecords failed repo=did:plc:rxkmkhvikqvacjog34lvgini err=HttpError('InvalidRequest: Could not find repo: did:plc:rxkmkhvikqvacjog34lvgini')
2026-02-27T23:39:33Z WARNING bsky_collector_v2.job.index_feed_generators: listRecords failed repo=did:plc:ske4vrog3cw45sfpdpnmqs3z err=HttpError('InvalidRequest: Could not find repo: did:plc:ske4vrog3cw45sfpdpnmqs3z')
2026-02-27T23:39:33Z WARNING bsky_collector_v2.job.index_feed_generators: listRecords failed repo=did:plc:vxgv3km5gl6da7r27tsdd5dn err=HttpError('InvalidRequest: Could not find repo: did:plc:vxgv3km5gl6da7r27tsdd5dn')
2026-02-27T23:39:33Z WARNING bsky_collector_v2.job.index_feed_generators: listRecords failed repo=did:plc:w4ndlzu4s3phgjawxv3swiql err=HttpError('InvalidRequest: Could not find repo: did:plc:w4ndlzu4s3phgjawxv3swiql')
2026-02-27T23:39:33Z WARNING bsky_collector_v2.job.index_feed_generators: listRecords failed repo=did:plc:yiify7wad2g6ebaejuoznsji err=HttpError('InvalidRequest: Could not find repo: did:plc:yiify7wad2g6ebaejuoznsji')
2026-02-27T23:39:35Z WARNING bsky_collector_v2.job.index_feed_generators: listRecords failed repo=did:plc:yrxmxsdsd5u67t5qexdvxy3s err=HttpError('InvalidRequest: Could not find repo: did:plc:yrxmxsdsd5u67t5qexdvxy3s')
2026-02-27T23:39:35Z WARNING bsky_collector_v2.job.index_feed_generators: listRecords failed repo=did:plc:3jhlagyxf72j6tu6l645wpg7 err=HttpError('InvalidRequest: Could not find repo: did:plc:3jhlagyxf72j6tu6l645wpg7')
2026-02-27T23:39:35Z WARNING bsky_collector_v2.job.index_feed_generators: listRecords failed repo=did:plc:5gmha23siuescpctje7mmzam err=HttpError('InvalidRequest: Could not find repo: did:plc:5gmha23siuescpctje7mmzam')
2026-02-27T23:39:35Z WARNING bsky_collector_v2.job.index_feed_generators: listRecords failed repo=did:plc:7lb7jse6sa3qms423pup5w7m err=HttpError('InvalidRequest: Could not find repo: did:plc:7lb7jse6sa3qms423pup5w7m')
2026-02-27T23:39:35Z WARNING bsky_collector_v2.job.index_feed_generators: listRecords failed repo=did:plc:afp6slwbktm4ci6mwp5sxrqn err=HttpError('InvalidRequest: Could not find repo: did:plc:afp6slwbktm4ci6mwp5sxrqn')
2026-02-27T23:39:35Z WARNING bsky_collector_v2.job.index_feed_generators: listRecords failed repo=did:plc:aolq4nwoeoi644iahuzsyn6l err=HttpError('InvalidRequest: Could not find repo: did:plc:aolq4nwoeoi644iahuzsyn6l')
2026-02-27T23:39:35Z WARNING bsky_collector_v2.job.index_feed_generators: listRecords failed repo=did:plc:bquuto3t22tapvc3n4mviuq7 err=HttpError('InvalidRequest: Could not find repo: did:plc:bquuto3t22tapvc3n4mviuq7')
2026-02-27T23:39:35Z WARNING bsky_collector_v2.job.index_feed_generators: listRecords failed repo=did:plc:c53vxtodbmvscjkcjhjlo25f err=HttpError('InvalidRequest: Could not find repo: did:plc:c53vxtodbmvscjkcjhjlo25f')
2026-02-27T23:39:36Z WARNING bsky_collector_v2.job.index_feed_generators: listRecords failed repo=did:plc:dd42biu374sdnzsf4qo4vwrz err=HttpError('InvalidRequest: Could not find repo: did:plc:dd42biu374sdnzsf4qo4vwrz')
2026-02-27T23:39:36Z WARNING bsky_collector_v2.job.index_feed_generators: listRecords failed repo=did:plc:drdnnhjgj4ijhwcrtwtqq44p err=HttpError('InvalidRequest: Could not find repo: did:plc:drdnnhjgj4ijhwcrtwtqq44p')
2026-02-27T23:39:36Z WARNING bsky_collector_v2.job.index_feed_generators: listRecords failed repo=did:plc:e7py6uimsyhoixzihwgajtqq err=HttpError('InvalidRequest: Could not find repo: did:plc:e7py6uimsyhoixzihwgajtqq')
2026-02-27T23:39:36Z WARNING bsky_collector_v2.job.index_feed_generators: listRecords failed repo=did:plc:hlr4fgy26wtytshvdgykh36k err=HttpError('InvalidRequest: Could not find repo: did:plc:hlr4fgy26wtytshvdgykh36k')
2026-02-27T23:39:36Z WARNING bsky_collector_v2.job.index_feed_generators: listRecords failed repo=did:plc:mbsit63glznt2uaepu5mwvcl err=HttpError('InvalidRequest: Could not find repo: did:plc:mbsit63glznt2uaepu5mwvcl')
2026-02-27T23:39:36Z WARNING bsky_collector_v2.job.index_feed_generators: listRecords failed repo=did:plc:n56qgrxsnvfyioeeijudoo3l err=HttpError('InvalidRequest: Could not find repo: did:plc:n56qgrxsnvfyioeeijudoo3l')
2026-02-27T23:39:36Z WARNING bsky_collector_v2.job.index_feed_generators: listRecords failed repo=did:plc:nd5jgzszhjsj7vomcljxot4a err=HttpError('InvalidRequest: Could not find repo: did:plc:nd5jgzszhjsj7vomcljxot4a')
2026-02-27T23:39:36Z WARNING bsky_collector_v2.job.index_feed_generators: listRecords failed repo=did:plc:nvrrvyxndhuer6hhjkqruf52 err=HttpError('InvalidRequest: Could not find repo: did:plc:nvrrvyxndhuer6hhjkqruf52')
2026-02-27T23:39:36Z WARNING bsky_collector_v2.job.index_feed_generators: listRecords failed repo=did:plc:nwii5hc7ruk4vkayncx2zyzz err=HttpError('InvalidRequest: Could not find repo: did:plc:nwii5hc7ruk4vkayncx2zyzz')
2026-02-27T23:39:36Z WARNING bsky_collector_v2.job.index_feed_generators: listRecords failed repo=did:plc:owpcrgjydxcjrv377f2k3nfb err=HttpError('InvalidRequest: Could not find repo: did:plc:owpcrgjydxcjrv377f2k3nfb')
2026-02-27T23:39:37Z WARNING bsky_collector_v2.job.index_feed_generators: listRecords failed repo=did:plc:rscahs6xy5nald5hkpgkgahc err=HttpError('InvalidRequest: Could not find repo: did:plc:rscahs6xy5nald5hkpgkgahc')
2026-02-27T23:39:37Z WARNING bsky_collector_v2.job.index_feed_generators: listRecords failed repo=did:plc:rxkmkhvikqvacjog34lvgini err=HttpError('InvalidRequest: Could not find repo: did:plc:rxkmkhvikqvacjog34lvgini')
2026-02-27T23:39:37Z WARNING bsky_collector_v2.job.index_feed_generators: listRecords failed repo=did:plc:ske4vrog3cw45sfpdpnmqs3z err=HttpError('InvalidRequest: Could not find repo: did:plc:ske4vrog3cw45sfpdpnmqs3z')
2026-02-27T23:39:37Z WARNING bsky_collector_v2.job.index_feed_generators: listRecords failed repo=did:plc:vxgv3km5gl6da7r27tsdd5dn err=HttpError('InvalidRequest: Could not find repo: did:plc:vxgv3km5gl6da7r27tsdd5dn')
2026-02-27T23:39:37Z WARNING bsky_collector_v2.job.index_feed_generators: listRecords failed repo=did:plc:w4ndlzu4s3phgjawxv3swiql err=HttpError('InvalidRequest: Could not find repo: did:plc:w4ndlzu4s3phgjawxv3swiql')
2026-02-27T23:39:37Z WARNING bsky_collector_v2.job.index_feed_generators: listRecords failed repo=did:plc:yiify7wad2g6ebaejuoznsji err=HttpError('InvalidRequest: Could not find repo: did:plc:yiify7wad2g6ebaejuoznsji')
2026-02-27T23:39:38Z WARNING bsky_collector_v2.job.index_feed_generators: listRecords failed repo=did:plc:yrxmxsdsd5u67t5qexdvxy3s err=HttpError('InvalidRequest: Could not find repo: did:plc:yrxmxsdsd5u67t5qexdvxy3s')
2026-02-27T23:39:38Z INFO bsky_collector_v2.job.index_feed_generators: enqueued repos page=3 mode=listRepos inserted=500 repos_returned=500 next_cursor=set
2026-02-27T23:39:38Z WARNING bsky_collector_v2.job.index_feed_generators: listRecords failed repo=did:plc:22msndxw7sxn77kvfcucuktu err=HttpError('InvalidRequest: Could not find repo: did:plc:22msndxw7sxn77kvfcucuktu')
2026-02-27T23:39:47Z WARNING bsky_collector_v2.job.index_feed_generators: listRecords failed repo=did:plc:4iukwcdaob77nvgi6ryucdka err=HttpError('InvalidRequest: Could not find repo: did:plc:4iukwcdaob77nvgi6ryucdka')
2026-02-27T23:39:48Z WARNING bsky_collector_v2.job.index_feed_generators: listRecords failed repo=did:plc:4l67d77qglsd7kt6n57jbnpw err=HttpError('InvalidRequest: Could not find repo: did:plc:4l67d77qglsd7kt6n57jbnpw')
2026-02-27T23:39:57Z WARNING bsky_collector_v2.job.index_feed_generators: listRecords failed repo=did:plc:6khecn5fxamc2ucody5ii63t err=HttpError('InvalidRequest: Could not find repo: did:plc:6khecn5fxamc2ucody5ii63t')
2026-02-27T23:39:59Z WARNING bsky_collector_v2.job.index_feed_generators: listRecords failed repo=did:plc:7ecxrnlv2xm6jbragk3fxbie err=HttpError('InvalidRequest: Could not find repo: did:plc:7ecxrnlv2xm6jbragk3fxbie')
2026-02-27T23:40:01Z WARNING bsky_collector_v2.job.index_feed_generators: listRecords failed repo=did:plc:akm3bbstiuncxpkgdtrjr2x4 err=HttpError('InvalidRequest: Could not find repo: did:plc:akm3bbstiuncxpkgdtrjr2x4')
2026-02-27T23:40:02Z WARNING bsky_collector_v2.job.index_feed_generators: listRecords failed repo=did:plc:aqhnnl2gbioonno2dyvobqf2 err=HttpError('InvalidRequest: Could not find repo: did:plc:aqhnnl2gbioonno2dyvobqf2')
2026-02-27T23:40:15Z WARNING bsky_collector_v2.job.index_feed_generators: listRecords failed repo=did:plc:enayhfm7sj6a5l7clddusc63 err=HttpError('InvalidRequest: Could not find repo: did:plc:enayhfm7sj6a5l7clddusc63')
2026-02-27T23:40:18Z WARNING bsky_collector_v2.job.index_feed_generators: listRecords failed repo=did:plc:ftyvuyffimj4ilmcv6ziwm2u err=HttpError('InvalidRequest: Could not find repo: did:plc:ftyvuyffimj4ilmcv6ziwm2u')
2026-02-27T23:40:22Z WARNING bsky_collector_v2.job.index_feed_generators: listRecords failed repo=did:plc:gtpdq3xltqpzsxpfamt5atvh err=HttpError('InvalidRequest: Could not find repo: did:plc:gtpdq3xltqpzsxpfamt5atvh')
2026-02-27T23:40:22Z WARNING bsky_collector_v2.job.index_feed_generators: listRecords failed repo=did:plc:h3tg4dxt6fj73mi4mwa6thbo err=HttpError('InvalidRequest: Could not find repo: did:plc:h3tg4dxt6fj73mi4mwa6thbo')
2026-02-27T23:40:22Z WARNING bsky_collector_v2.job.index_feed_generators: listRecords failed repo=did:plc:hbxmxjoelm7r62sccrote3vf err=HttpError('InvalidRequest: Could not find repo: did:plc:hbxmxjoelm7r62sccrote3vf')
2026-02-27T23:40:23Z WARNING bsky_collector_v2.job.index_feed_generators: listRecords failed repo=did:plc:hhrxl6vy7meo4pr6opsj3tl4 err=HttpError('InvalidRequest: Could not find repo: did:plc:hhrxl6vy7meo4pr6opsj3tl4')
2026-02-27T23:40:24Z WARNING bsky_collector_v2.job.index_feed_generators: listRecords failed repo=did:plc:huzjewkuxc45rtxf6mfycx2l err=HttpError('InvalidRequest: Could not find repo: did:plc:huzjewkuxc45rtxf6mfycx2l')
2026-02-27T23:40:28Z WARNING bsky_collector_v2.job.index_feed_generators: listRecords failed repo=did:plc:j6gfms4axjn7rfyu5pwmqkpv err=HttpError('InvalidRequest: Could not find repo: did:plc:j6gfms4axjn7rfyu5pwmqkpv')
2026-02-27T23:40:30Z WARNING bsky_collector_v2.job.index_feed_generators: listRecords failed repo=did:plc:jqodrsatu3mlzjzlsjdlgarj err=HttpError('InvalidRequest: Could not find repo: did:plc:jqodrsatu3mlzjzlsjdlgarj')
2026-02-27T23:40:36Z WARNING bsky_collector_v2.job.index_feed_generators: listRecords failed repo=did:plc:mgtqvvvmrcxmzvxlngyow4ht err=HttpError('InvalidRequest: Could not find repo: did:plc:mgtqvvvmrcxmzvxlngyow4ht')
2026-02-27T23:40:38Z WARNING bsky_collector_v2.job.index_feed_generators: listRecords failed repo=did:plc:n4nb35fuiy424qflxzmykt57 err=HttpError('InvalidRequest: Could not find repo: did:plc:n4nb35fuiy424qflxzmykt57')
2026-02-27T23:40:41Z WARNING bsky_collector_v2.job.index_feed_generators: listRecords failed repo=did:plc:ocvoejgiwrkxjz24gunndtty err=HttpError('InvalidRequest: Could not find repo: did:plc:ocvoejgiwrkxjz24gunndtty')
2026-02-27T23:40:42Z WARNING bsky_collector_v2.job.index_feed_generators: listRecords failed repo=did:plc:ogehcbf22d45jeegcswaw5ro err=HttpError('InvalidRequest: Could not find repo: did:plc:ogehcbf22d45jeegcswaw5ro')
2026-02-27T23:40:42Z WARNING bsky_collector_v2.job.index_feed_generators: listRecords failed repo=did:plc:oghutkg5panlkmqyrgnn2l2q err=HttpError('InvalidRequest: Could not find repo: did:plc:oghutkg5panlkmqyrgnn2l2q')
2026-02-27T23:40:45Z WARNING bsky_collector_v2.job.index_feed_generators: listRecords failed repo=did:plc:p42ycsgt53wybmlk27j7gsc4 err=HttpError('InvalidRequest: Could not find repo: did:plc:p42ycsgt53wybmlk27j7gsc4')
2026-02-27T23:40:47Z WARNING bsky_collector_v2.job.index_feed_generators: listRecords failed repo=did:plc:py7vioicjhcypz35hc4xueck err=HttpError('InvalidRequest: Could not find repo: did:plc:py7vioicjhcypz35hc4xueck')
2026-02-27T23:40:49Z INFO bsky_collector_v2.job.index_feed_generators: indexed repo=did:plc:q52zkhxqndygc2e2yvgvbydf part=1019 records=1 next_cursor=set
2026-02-27T23:40:49Z WARNING bsky_collector_v2.job.index_feed_generators: listRecords failed repo=did:plc:q5b7cqk4qoacyhhyr3tuq2gr err=HttpError('InvalidRequest: Could not find repo: did:plc:q5b7cqk4qoacyhhyr3tuq2gr')
2026-02-27T23:40:50Z WARNING bsky_collector_v2.job.index_feed_generators: listRecords failed repo=did:plc:qmom4rnt4lktxedszzgbtt7e err=HttpError('InvalidRequest: Could not find repo: did:plc:qmom4rnt4lktxedszzgbtt7e')
2026-02-27T23:40:53Z WARNING bsky_collector_v2.job.index_feed_generators: listRecords failed repo=did:plc:rbiafxrz3oibucaq6lyddn24 err=HttpError('InvalidRequest: Could not find repo: did:plc:rbiafxrz3oibucaq6lyddn24')
2026-02-27T23:40:54Z WARNING bsky_collector_v2.job.index_feed_generators: listRecords failed repo=did:plc:rs4pnvgk5mbxqfctx2cziwef err=HttpError('InvalidRequest: Could not find repo: did:plc:rs4pnvgk5mbxqfctx2cziwef')
2026-02-27T23:40:55Z WARNING bsky_collector_v2.job.index_feed_generators: listRecords failed repo=did:plc:rzmiz23zp2575gsoakwmgk5o err=HttpError('InvalidRequest: Could not find repo: did:plc:rzmiz23zp2575gsoakwmgk5o')
2026-02-27T23:41:00Z WARNING bsky_collector_v2.job.index_feed_generators: listRecords failed repo=did:plc:tgi77rwbcyuiaxc7eirgiqdn err=HttpError('InvalidRequest: Could not find repo: did:plc:tgi77rwbcyuiaxc7eirgiqdn')
2026-02-27T23:41:03Z WARNING bsky_collector_v2.job.index_feed_generators: listRecords failed repo=did:plc:ugxd3tsnojscts2y7kvznwvx err=HttpError('InvalidRequest: Could not find repo: did:plc:ugxd3tsnojscts2y7kvznwvx')
2026-02-27T23:41:04Z WARNING bsky_collector_v2.job.index_feed_generators: listRecords failed repo=did:plc:v3pspjrghjbiu7irdbrnjxoy err=HttpError('InvalidRequest: Could not find repo: did:plc:v3pspjrghjbiu7irdbrnjxoy')
2026-02-27T23:41:12Z INFO bsky_collector_v2.job.index_feed_generators: indexed repo=did:plc:wwfxa2yqthnjnmdgxnexb3tp part=1020 records=1 next_cursor=set
2026-02-27T23:41:14Z WARNING bsky_collector_v2.job.index_feed_generators: listRecords failed repo=did:plc:xi4pjzymo47s372gosysbqlw err=HttpError('InvalidRequest: Could not find repo: did:plc:xi4pjzymo47s372gosysbqlw')
2026-02-27T23:41:18Z WARNING bsky_collector_v2.job.index_feed_generators: listRecords failed repo=did:plc:yfkbvkbshelkh7fufqy3qsai err=HttpError('InvalidRequest: Could not find repo: did:plc:yfkbvkbshelkh7fufqy3qsai')
2026-02-27T23:41:21Z WARNING bsky_collector_v2.job.index_feed_generators: listRecords failed repo=did:plc:ysndqfrybfvfndcehkn4cnj4 err=HttpError('InvalidRequest: Could not find repo: did:plc:ysndqfrybfvfndcehkn4cnj4')
2026-02-27T23:41:23Z INFO bsky_collector_v2.job.index_feed_generators: indexed repo=did:plc:zikjpokgyf7kmuq6732xorqh part=1021 records=1 next_cursor=set
2026-02-27T23:41:25Z WARNING bsky_collector_v2.job.index_feed_generators: listRecords failed repo=did:plc:22msndxw7sxn77kvfcucuktu err=HttpError('InvalidRequest: Could not find repo: did:plc:22msndxw7sxn77kvfcucuktu')
2026-02-27T23:41:25Z WARNING bsky_collector_v2.job.index_feed_generators: listRecords failed repo=did:plc:4iukwcdaob77nvgi6ryucdka err=HttpError('InvalidRequest: Could not find repo: did:plc:4iukwcdaob77nvgi6ryucdka')
2026-02-27T23:41:26Z WARNING bsky_collector_v2.job.index_feed_generators: listRecords failed repo=did:plc:4l67d77qglsd7kt6n57jbnpw err=HttpError('InvalidRequest: Could not find repo: did:plc:4l67d77qglsd7kt6n57jbnpw')
2026-02-27T23:41:26Z WARNING bsky_collector_v2.job.index_feed_generators: listRecords failed repo=did:plc:6khecn5fxamc2ucody5ii63t err=HttpError('InvalidRequest: Could not find repo: did:plc:6khecn5fxamc2ucody5ii63t')
2026-02-27T23:41:26Z WARNING bsky_collector_v2.job.index_feed_generators: listRecords failed repo=did:plc:7ecxrnlv2xm6jbragk3fxbie err=HttpError('InvalidRequest: Could not find repo: did:plc:7ecxrnlv2xm6jbragk3fxbie')
2026-02-27T23:41:26Z WARNING bsky_collector_v2.job.index_feed_generators: listRecords failed repo=did:plc:akm3bbstiuncxpkgdtrjr2x4 err=HttpError('InvalidRequest: Could not find repo: did:plc:akm3bbstiuncxpkgdtrjr2x4')
2026-02-27T23:41:26Z WARNING bsky_collector_v2.job.index_feed_generators: listRecords failed repo=did:plc:aqhnnl2gbioonno2dyvobqf2 err=HttpError('InvalidRequest: Could not find repo: did:plc:aqhnnl2gbioonno2dyvobqf2')
2026-02-27T23:41:26Z WARNING bsky_collector_v2.job.index_feed_generators: listRecords failed repo=did:plc:enayhfm7sj6a5l7clddusc63 err=HttpError('InvalidRequest: Could not find repo: did:plc:enayhfm7sj6a5l7clddusc63')
2026-02-27T23:41:26Z WARNING bsky_collector_v2.job.index_feed_generators: listRecords failed repo=did:plc:ftyvuyffimj4ilmcv6ziwm2u err=HttpError('InvalidRequest: Could not find repo: did:plc:ftyvuyffimj4ilmcv6ziwm2u')
2026-02-27T23:41:26Z WARNING bsky_collector_v2.job.index_feed_generators: listRecords failed repo=did:plc:gtpdq3xltqpzsxpfamt5atvh err=HttpError('InvalidRequest: Could not find repo: did:plc:gtpdq3xltqpzsxpfamt5atvh')
2026-02-27T23:41:26Z WARNING bsky_collector_v2.job.index_feed_generators: listRecords failed repo=did:plc:h3tg4dxt6fj73mi4mwa6thbo err=HttpError('InvalidRequest: Could not find repo: did:plc:h3tg4dxt6fj73mi4mwa6thbo')
2026-02-27T23:41:27Z WARNING bsky_collector_v2.job.index_feed_generators: listRecords failed repo=did:plc:hbxmxjoelm7r62sccrote3vf err=HttpError('InvalidRequest: Could not find repo: did:plc:hbxmxjoelm7r62sccrote3vf')
2026-02-27T23:41:27Z WARNING bsky_collector_v2.job.index_feed_generators: listRecords failed repo=did:plc:hhrxl6vy7meo4pr6opsj3tl4 err=HttpError('InvalidRequest: Could not find repo: did:plc:hhrxl6vy7meo4pr6opsj3tl4')
2026-02-27T23:41:27Z WARNING bsky_collector_v2.job.index_feed_generators: listRecords failed repo=did:plc:huzjewkuxc45rtxf6mfycx2l err=HttpError('InvalidRequest: Could not find repo: did:plc:huzjewkuxc45rtxf6mfycx2l')
2026-02-27T23:41:27Z WARNING bsky_collector_v2.job.index_feed_generators: listRecords failed repo=did:plc:j6gfms4axjn7rfyu5pwmqkpv err=HttpError('InvalidRequest: Could not find repo: did:plc:j6gfms4axjn7rfyu5pwmqkpv')
2026-02-27T23:41:27Z WARNING bsky_collector_v2.job.index_feed_generators: listRecords failed repo=did:plc:jqodrsatu3mlzjzlsjdlgarj err=HttpError('InvalidRequest: Could not find repo: did:plc:jqodrsatu3mlzjzlsjdlgarj')
2026-02-27T23:41:27Z WARNING bsky_collector_v2.job.index_feed_generators: listRecords failed repo=did:plc:mgtqvvvmrcxmzvxlngyow4ht err=HttpError('InvalidRequest: Could not find repo: did:plc:mgtqvvvmrcxmzvxlngyow4ht')
2026-02-27T23:41:27Z WARNING bsky_collector_v2.job.index_feed_generators: listRecords failed repo=did:plc:n4nb35fuiy424qflxzmykt57 err=HttpError('InvalidRequest: Could not find repo: did:plc:n4nb35fuiy424qflxzmykt57')
2026-02-27T23:41:27Z WARNING bsky_collector_v2.job.index_feed_generators: listRecords failed repo=did:plc:ocvoejgiwrkxjz24gunndtty err=HttpError('InvalidRequest: Could not find repo: did:plc:ocvoejgiwrkxjz24gunndtty')
2026-02-27T23:41:27Z WARNING bsky_collector_v2.job.index_feed_generators: listRecords failed repo=did:plc:ogehcbf22d45jeegcswaw5ro err=HttpError('InvalidRequest: Could not find repo: did:plc:ogehcbf22d45jeegcswaw5ro')
2026-02-27T23:41:27Z WARNING bsky_collector_v2.job.index_feed_generators: listRecords failed repo=did:plc:oghutkg5panlkmqyrgnn2l2q err=HttpError('InvalidRequest: Could not find repo: did:plc:oghutkg5panlkmqyrgnn2l2q')
2026-02-27T23:41:27Z WARNING bsky_collector_v2.job.index_feed_generators: listRecords failed repo=did:plc:p42ycsgt53wybmlk27j7gsc4 err=HttpError('InvalidRequest: Could not find repo: did:plc:p42ycsgt53wybmlk27j7gsc4')
2026-02-27T23:41:27Z WARNING bsky_collector_v2.job.index_feed_generators: listRecords failed repo=did:plc:py7vioicjhcypz35hc4xueck err=HttpError('InvalidRequest: Could not find repo: did:plc:py7vioicjhcypz35hc4xueck')
2026-02-27T23:41:28Z WARNING bsky_collector_v2.job.index_feed_generators: listRecords failed repo=did:plc:q5b7cqk4qoacyhhyr3tuq2gr err=HttpError('InvalidRequest: Could not find repo: did:plc:q5b7cqk4qoacyhhyr3tuq2gr')
2026-02-27T23:41:28Z WARNING bsky_collector_v2.job.index_feed_generators: listRecords failed repo=did:plc:qmom4rnt4lktxedszzgbtt7e err=HttpError('InvalidRequest: Could not find repo: did:plc:qmom4rnt4lktxedszzgbtt7e')
2026-02-27T23:41:28Z WARNING bsky_collector_v2.job.index_feed_generators: listRecords failed repo=did:plc:rbiafxrz3oibucaq6lyddn24 err=HttpError('InvalidRequest: Could not find repo: did:plc:rbiafxrz3oibucaq6lyddn24')
2026-02-27T23:41:28Z WARNING bsky_collector_v2.job.index_feed_generators: listRecords failed repo=did:plc:rs4pnvgk5mbxqfctx2cziwef err=HttpError('InvalidRequest: Could not find repo: did:plc:rs4pnvgk5mbxqfctx2cziwef')
2026-02-27T23:41:28Z WARNING bsky_collector_v2.job.index_feed_generators: listRecords failed repo=did:plc:rzmiz23zp2575gsoakwmgk5o err=HttpError('InvalidRequest: Could not find repo: did:plc:rzmiz23zp2575gsoakwmgk5o')
2026-02-27T23:41:28Z WARNING bsky_collector_v2.job.index_feed_generators: listRecords failed repo=did:plc:tgi77rwbcyuiaxc7eirgiqdn err=HttpError('InvalidRequest: Could not find repo: did:plc:tgi77rwbcyuiaxc7eirgiqdn')
2026-02-27T23:41:28Z WARNING bsky_collector_v2.job.index_feed_generators: listRecords failed repo=did:plc:ugxd3tsnojscts2y7kvznwvx err=HttpError('InvalidRequest: Could not find repo: did:plc:ugxd3tsnojscts2y7kvznwvx')
2026-02-27T23:41:28Z WARNING bsky_collector_v2.job.index_feed_generators: listRecords failed repo=did:plc:v3pspjrghjbiu7irdbrnjxoy err=HttpError('InvalidRequest: Could not find repo: did:plc:v3pspjrghjbiu7irdbrnjxoy')
2026-02-27T23:41:29Z WARNING bsky_collector_v2.job.index_feed_generators: listRecords failed repo=did:plc:xi4pjzymo47s372gosysbqlw err=HttpError('InvalidRequest: Could not find repo: did:plc:xi4pjzymo47s372gosysbqlw')
2026-02-27T23:41:29Z WARNING bsky_collector_v2.job.index_feed_generators: listRecords failed repo=did:plc:yfkbvkbshelkh7fufqy3qsai err=HttpError('InvalidRequest: Could not find repo: did:plc:yfkbvkbshelkh7fufqy3qsai')
2026-02-27T23:41:29Z WARNING bsky_collector_v2.job.index_feed_generators: listRecords failed repo=did:plc:ysndqfrybfvfndcehkn4cnj4 err=HttpError('InvalidRequest: Could not find repo: did:plc:ysndqfrybfvfndcehkn4cnj4')
2026-02-27T23:41:30Z WARNING bsky_collector_v2.job.index_feed_generators: listRecords failed repo=did:plc:22msndxw7sxn77kvfcucuktu err=HttpError('InvalidRequest: Could not find repo: did:plc:22msndxw7sxn77kvfcucuktu')
2026-02-27T23:41:30Z WARNING bsky_collector_v2.job.index_feed_generators: listRecords failed repo=did:plc:4iukwcdaob77nvgi6ryucdka err=HttpError('InvalidRequest: Could not find repo: did:plc:4iukwcdaob77nvgi6ryucdka')
2026-02-27T23:41:30Z WARNING bsky_collector_v2.job.index_feed_generators: listRecords failed repo=did:plc:4l67d77qglsd7kt6n57jbnpw err=HttpError('InvalidRequest: Could not find repo: did:plc:4l67d77qglsd7kt6n57jbnpw')
2026-02-27T23:41:30Z WARNING bsky_collector_v2.job.index_feed_generators: listRecords failed repo=did:plc:6khecn5fxamc2ucody5ii63t err=HttpError('InvalidRequest: Could not find repo: did:plc:6khecn5fxamc2ucody5ii63t')
2026-02-27T23:41:30Z WARNING bsky_collector_v2.job.index_feed_generators: listRecords failed repo=did:plc:7ecxrnlv2xm6jbragk3fxbie err=HttpError('InvalidRequest: Could not find repo: did:plc:7ecxrnlv2xm6jbragk3fxbie')
2026-02-27T23:41:30Z WARNING bsky_collector_v2.job.index_feed_generators: listRecords failed repo=did:plc:akm3bbstiuncxpkgdtrjr2x4 err=HttpError('InvalidRequest: Could not find repo: did:plc:akm3bbstiuncxpkgdtrjr2x4')
2026-02-27T23:41:30Z WARNING bsky_collector_v2.job.index_feed_generators: listRecords failed repo=did:plc:aqhnnl2gbioonno2dyvobqf2 err=HttpError('InvalidRequest: Could not find repo: did:plc:aqhnnl2gbioonno2dyvobqf2')
2026-02-27T23:41:31Z WARNING bsky_collector_v2.job.index_feed_generators: listRecords failed repo=did:plc:enayhfm7sj6a5l7clddusc63 err=HttpError('InvalidRequest: Could not find repo: did:plc:enayhfm7sj6a5l7clddusc63')
2026-02-27T23:41:31Z WARNING bsky_collector_v2.job.index_feed_generators: listRecords failed repo=did:plc:ftyvuyffimj4ilmcv6ziwm2u err=HttpError('InvalidRequest: Could not find repo: did:plc:ftyvuyffimj4ilmcv6ziwm2u')
2026-02-27T23:41:31Z WARNING bsky_collector_v2.job.index_feed_generators: listRecords failed repo=did:plc:gtpdq3xltqpzsxpfamt5atvh err=HttpError('InvalidRequest: Could not find repo: did:plc:gtpdq3xltqpzsxpfamt5atvh')
2026-02-27T23:41:31Z WARNING bsky_collector_v2.job.index_feed_generators: listRecords failed repo=did:plc:h3tg4dxt6fj73mi4mwa6thbo err=HttpError('InvalidRequest: Could not find repo: did:plc:h3tg4dxt6fj73mi4mwa6thbo')
2026-02-27T23:41:31Z WARNING bsky_collector_v2.job.index_feed_generators: listRecords failed repo=did:plc:hbxmxjoelm7r62sccrote3vf err=HttpError('InvalidRequest: Could not find repo: did:plc:hbxmxjoelm7r62sccrote3vf')
2026-02-27T23:41:31Z WARNING bsky_collector_v2.job.index_feed_generators: listRecords failed repo=did:plc:hhrxl6vy7meo4pr6opsj3tl4 err=HttpError('InvalidRequest: Could not find repo: did:plc:hhrxl6vy7meo4pr6opsj3tl4')
2026-02-27T23:41:31Z WARNING bsky_collector_v2.job.index_feed_generators: listRecords failed repo=did:plc:huzjewkuxc45rtxf6mfycx2l err=HttpError('InvalidRequest: Could not find repo: did:plc:huzjewkuxc45rtxf6mfycx2l')
2026-02-27T23:41:31Z WARNING bsky_collector_v2.job.index_feed_generators: listRecords failed repo=did:plc:j6gfms4axjn7rfyu5pwmqkpv err=HttpError('InvalidRequest: Could not find repo: did:plc:j6gfms4axjn7rfyu5pwmqkpv')
2026-02-27T23:41:31Z WARNING bsky_collector_v2.job.index_feed_generators: listRecords failed repo=did:plc:jqodrsatu3mlzjzlsjdlgarj err=HttpError('InvalidRequest: Could not find repo: did:plc:jqodrsatu3mlzjzlsjdlgarj')
2026-02-27T23:41:31Z WARNING bsky_collector_v2.job.index_feed_generators: listRecords failed repo=did:plc:mgtqvvvmrcxmzvxlngyow4ht err=HttpError('InvalidRequest: Could not find repo: did:plc:mgtqvvvmrcxmzvxlngyow4ht')
2026-02-27T23:41:31Z WARNING bsky_collector_v2.job.index_feed_generators: listRecords failed repo=did:plc:n4nb35fuiy424qflxzmykt57 err=HttpError('InvalidRequest: Could not find repo: did:plc:n4nb35fuiy424qflxzmykt57')
2026-02-27T23:41:32Z WARNING bsky_collector_v2.job.index_feed_generators: listRecords failed repo=did:plc:ocvoejgiwrkxjz24gunndtty err=HttpError('InvalidRequest: Could not find repo: did:plc:ocvoejgiwrkxjz24gunndtty')
2026-02-27T23:41:32Z WARNING bsky_collector_v2.job.index_feed_generators: listRecords failed repo=did:plc:ogehcbf22d45jeegcswaw5ro err=HttpError('InvalidRequest: Could not find repo: did:plc:ogehcbf22d45jeegcswaw5ro')
2026-02-27T23:41:32Z WARNING bsky_collector_v2.job.index_feed_generators: listRecords failed repo=did:plc:oghutkg5panlkmqyrgnn2l2q err=HttpError('InvalidRequest: Could not find repo: did:plc:oghutkg5panlkmqyrgnn2l2q')
2026-02-27T23:41:32Z WARNING bsky_collector_v2.job.index_feed_generators: listRecords failed repo=did:plc:p42ycsgt53wybmlk27j7gsc4 err=HttpError('InvalidRequest: Could not find repo: did:plc:p42ycsgt53wybmlk27j7gsc4')
2026-02-27T23:41:32Z WARNING bsky_collector_v2.job.index_feed_generators: listRecords failed repo=did:plc:py7vioicjhcypz35hc4xueck err=HttpError('InvalidRequest: Could not find repo: did:plc:py7vioicjhcypz35hc4xueck')
2026-02-27T23:41:32Z WARNING bsky_collector_v2.job.index_feed_generators: listRecords failed repo=did:plc:q5b7cqk4qoacyhhyr3tuq2gr err=HttpError('InvalidRequest: Could not find repo: did:plc:q5b7cqk4qoacyhhyr3tuq2gr')
2026-02-27T23:41:32Z WARNING bsky_collector_v2.job.index_feed_generators: listRecords failed repo=did:plc:qmom4rnt4lktxedszzgbtt7e err=HttpError('InvalidRequest: Could not find repo: did:plc:qmom4rnt4lktxedszzgbtt7e')
2026-02-27T23:41:32Z WARNING bsky_collector_v2.job.index_feed_generators: listRecords failed repo=did:plc:rbiafxrz3oibucaq6lyddn24 err=HttpError('InvalidRequest: Could not find repo: did:plc:rbiafxrz3oibucaq6lyddn24')
2026-02-27T23:41:32Z WARNING bsky_collector_v2.job.index_feed_generators: listRecords failed repo=did:plc:rs4pnvgk5mbxqfctx2cziwef err=HttpError('InvalidRequest: Could not find repo: did:plc:rs4pnvgk5mbxqfctx2cziwef')
2026-02-27T23:41:32Z WARNING bsky_collector_v2.job.index_feed_generators: listRecords failed repo=did:plc:rzmiz23zp2575gsoakwmgk5o err=HttpError('InvalidRequest: Could not find repo: did:plc:rzmiz23zp2575gsoakwmgk5o')
2026-02-27T23:41:33Z WARNING bsky_collector_v2.job.index_feed_generators: listRecords failed repo=did:plc:tgi77rwbcyuiaxc7eirgiqdn err=HttpError('InvalidRequest: Could not find repo: did:plc:tgi77rwbcyuiaxc7eirgiqdn')
2026-02-27T23:41:33Z WARNING bsky_collector_v2.job.index_feed_generators: listRecords failed repo=did:plc:ugxd3tsnojscts2y7kvznwvx err=HttpError('InvalidRequest: Could not find repo: did:plc:ugxd3tsnojscts2y7kvznwvx')
2026-02-27T23:41:33Z WARNING bsky_collector_v2.job.index_feed_generators: listRecords failed repo=did:plc:v3pspjrghjbiu7irdbrnjxoy err=HttpError('InvalidRequest: Could not find repo: did:plc:v3pspjrghjbiu7irdbrnjxoy')
2026-02-27T23:41:33Z WARNING bsky_collector_v2.job.index_feed_generators: listRecords failed repo=did:plc:xi4pjzymo47s372gosysbqlw err=HttpError('InvalidRequest: Could not find repo: did:plc:xi4pjzymo47s372gosysbqlw')
2026-02-27T23:41:33Z WARNING bsky_collector_v2.job.index_feed_generators: listRecords failed repo=did:plc:yfkbvkbshelkh7fufqy3qsai err=HttpError('InvalidRequest: Could not find repo: did:plc:yfkbvkbshelkh7fufqy3qsai')
2026-02-27T23:41:33Z WARNING bsky_collector_v2.job.index_feed_generators: listRecords failed repo=did:plc:ysndqfrybfvfndcehkn4cnj4 err=HttpError('InvalidRequest: Could not find repo: did:plc:ysndqfrybfvfndcehkn4cnj4')
2026-02-27T23:41:34Z INFO bsky_collector_v2.job.index_feed_generators: enqueued repos page=4 mode=listRepos inserted=500 repos_returned=500 next_cursor=set
2026-02-27T23:41:37Z WARNING bsky_collector_v2.job.index_feed_generators: listRecords failed repo=did:plc:3q7gtxhh6ylstpuga2zxiew6 err=HttpError('InvalidRequest: Could not find repo: did:plc:3q7gtxhh6ylstpuga2zxiew6')
2026-02-27T23:41:42Z WARNING bsky_collector_v2.job.index_feed_generators: listRecords failed repo=did:plc:55bavj4gscc6qnwzwccwlrl6 err=HttpError('InvalidRequest: Could not find repo: did:plc:55bavj4gscc6qnwzwccwlrl6')
2026-02-27T23:41:42Z WARNING bsky_collector_v2.job.index_feed_generators: listRecords failed repo=did:plc:56irti6hnn63v6mbfhlc64au err=HttpError('InvalidRequest: Could not find repo: did:plc:56irti6hnn63v6mbfhlc64au')
2026-02-27T23:41:53Z WARNING bsky_collector_v2.job.index_feed_generators: listRecords failed repo=did:plc:b3svmtmf2o2ulgpljom7tiba err=HttpError('InvalidRequest: Could not find repo: did:plc:b3svmtmf2o2ulgpljom7tiba')
2026-02-27T23:41:57Z WARNING bsky_collector_v2.job.index_feed_generators: listRecords failed repo=did:plc:ch4yvtqri66tj3n7fcplgk3s err=HttpError('InvalidRequest: Could not find repo: did:plc:ch4yvtqri66tj3n7fcplgk3s')
2026-02-27T23:42:04Z WARNING bsky_collector_v2.job.index_feed_generators: listRecords failed repo=did:plc:dwknezaruw57hcylfnkldi27 err=HttpError('InvalidRequest: Could not find repo: did:plc:dwknezaruw57hcylfnkldi27')
2026-02-27T23:42:07Z WARNING bsky_collector_v2.job.index_feed_generators: listRecords failed repo=did:plc:ewkul642dysotvyqukfar54j err=HttpError('InvalidRequest: Could not find repo: did:plc:ewkul642dysotvyqukfar54j')
2026-02-27T23:42:10Z WARNING bsky_collector_v2.job.index_feed_generators: listRecords failed repo=did:plc:fmz3jfmhhlocsijm6iqfji6h err=HttpError('InvalidRequest: Could not find repo: did:plc:fmz3jfmhhlocsijm6iqfji6h')
2026-02-27T23:42:17Z WARNING bsky_collector_v2.job.index_feed_generators: listRecords failed repo=did:plc:hdaaljfvl6yedxhonoznt7ps err=HttpError('InvalidRequest: Could not find repo: did:plc:hdaaljfvl6yedxhonoznt7ps')
2026-02-27T23:42:28Z WARNING bsky_collector_v2.job.index_feed_generators: listRecords failed repo=did:plc:k6plw4a4z2znjlq5zigx3fb2 err=HttpError('InvalidRequest: Could not find repo: did:plc:k6plw4a4z2znjlq5zigx3fb2')
2026-02-27T23:42:29Z WARNING bsky_collector_v2.job.index_feed_generators: listRecords failed repo=did:plc:kodqwcl4j2ijszjis5wapnrs err=HttpError('InvalidRequest: Could not find repo: did:plc:kodqwcl4j2ijszjis5wapnrs')
2026-02-27T23:42:32Z WARNING bsky_collector_v2.job.index_feed_generators: listRecords failed repo=did:plc:lhgwdcwlc2hklx5cvhq4fmfj err=HttpError('InvalidRequest: Could not find repo: did:plc:lhgwdcwlc2hklx5cvhq4fmfj')
2026-02-27T23:42:35Z WARNING bsky_collector_v2.job.index_feed_generators: listRecords failed repo=did:plc:m7w5l7wb73dods7wdmyvr3qn err=HttpError('InvalidRequest: Could not find repo: did:plc:m7w5l7wb73dods7wdmyvr3qn')
2026-02-27T23:42:39Z WARNING bsky_collector_v2.job.index_feed_generators: listRecords failed repo=did:plc:n52awfzrptzw4pm72ndsvgab err=HttpError('InvalidRequest: Could not find repo: did:plc:n52awfzrptzw4pm72ndsvgab')
2026-02-27T23:42:41Z INFO bsky_collector_v2.job.index_feed_generators: indexed repo=did:plc:nj2gqvsfu25uumuwt4zezbe6 part=1022 records=2 next_cursor=set
2026-02-27T23:42:42Z WARNING bsky_collector_v2.job.index_feed_generators: listRecords failed repo=did:plc:nwpse5jont3jqzkn4exdsutb err=HttpError('InvalidRequest: Could not find repo: did:plc:nwpse5jont3jqzkn4exdsutb')
2026-02-27T23:42:44Z WARNING bsky_collector_v2.job.index_feed_generators: listRecords failed repo=did:plc:oigl25vs5g3ay2z5ih64tgjs err=HttpError('InvalidRequest: Could not find repo: did:plc:oigl25vs5g3ay2z5ih64tgjs')
2026-02-27T23:42:48Z WARNING bsky_collector_v2.job.index_feed_generators: listRecords failed repo=did:plc:qf62nqpnhin3liuktqoivymg err=HttpError('InvalidRequest: Could not find repo: did:plc:qf62nqpnhin3liuktqoivymg')
2026-02-27T23:42:51Z WARNING bsky_collector_v2.job.index_feed_generators: listRecords failed repo=did:plc:rdardinskfsn26x3hjklsm7k err=HttpError('InvalidRequest: Could not find repo: did:plc:rdardinskfsn26x3hjklsm7k')
2026-02-27T23:42:52Z WARNING bsky_collector_v2.job.index_feed_generators: listRecords failed repo=did:plc:rns3f223opxbzevqq6eb2umv err=HttpError('InvalidRequest: Could not find repo: did:plc:rns3f223opxbzevqq6eb2umv')
2026-02-27T23:42:52Z WARNING bsky_collector_v2.job.index_feed_generators: listRecords failed repo=did:plc:rwod7fmyb6xxtxf3yrw2e7ix err=HttpError('InvalidRequest: Could not find repo: did:plc:rwod7fmyb6xxtxf3yrw2e7ix')
2026-02-27T23:42:54Z WARNING bsky_collector_v2.job.index_feed_generators: listRecords failed repo=did:plc:sa3guqomwrupj2myusc65q4h err=HttpError('InvalidRequest: Could not find repo: did:plc:sa3guqomwrupj2myusc65q4h')
2026-02-27T23:42:55Z INFO bsky_collector_v2.job.index_feed_generators: indexed repo=did:plc:seprndnzova2xm3xdeh6nd4b part=1023 records=1 next_cursor=set
2026-02-27T23:43:06Z WARNING bsky_collector_v2.job.index_feed_generators: listRecords failed repo=did:plc:vk2r4v5sozwj6eiuxn2kkphe err=HttpError('InvalidRequest: Could not find repo: did:plc:vk2r4v5sozwj6eiuxn2kkphe')
2026-02-27T23:43:12Z WARNING bsky_collector_v2.job.index_feed_generators: listRecords failed repo=did:plc:xpxspxgrplfvhb7hsnfbgsx6 err=HttpError('InvalidRequest: Could not find repo: did:plc:xpxspxgrplfvhb7hsnfbgsx6')
2026-02-27T23:43:13Z WARNING bsky_collector_v2.job.index_feed_generators: listRecords failed repo=did:plc:y7zrib4us324a3v34wi4auz5 err=HttpError('InvalidRequest: Could not find repo: did:plc:y7zrib4us324a3v34wi4auz5')
2026-02-27T23:43:16Z WARNING bsky_collector_v2.job.index_feed_generators: listRecords failed repo=did:plc:zeqfbjdlmjsfxdpwpk6nitec err=HttpError('InvalidRequest: Could not find repo: did:plc:zeqfbjdlmjsfxdpwpk6nitec')
2026-02-27T23:43:17Z WARNING bsky_collector_v2.job.index_feed_generators: listRecords failed repo=did:plc:zmix7dyyzfoikovsouozk6vr err=HttpError('InvalidRequest: Could not find repo: did:plc:zmix7dyyzfoikovsouozk6vr')
2026-02-27T23:43:19Z WARNING bsky_collector_v2.job.index_feed_generators: listRecords failed repo=did:plc:3q7gtxhh6ylstpuga2zxiew6 err=HttpError('InvalidRequest: Could not find repo: did:plc:3q7gtxhh6ylstpuga2zxiew6')
2026-02-27T23:43:19Z WARNING bsky_collector_v2.job.index_feed_generators: listRecords failed repo=did:plc:55bavj4gscc6qnwzwccwlrl6 err=HttpError('InvalidRequest: Could not find repo: did:plc:55bavj4gscc6qnwzwccwlrl6')
2026-02-27T23:43:19Z WARNING bsky_collector_v2.job.index_feed_generators: listRecords failed repo=did:plc:56irti6hnn63v6mbfhlc64au err=HttpError('InvalidRequest: Could not find repo: did:plc:56irti6hnn63v6mbfhlc64au')
2026-02-27T23:43:19Z WARNING bsky_collector_v2.job.index_feed_generators: listRecords failed repo=did:plc:b3svmtmf2o2ulgpljom7tiba err=HttpError('InvalidRequest: Could not find repo: did:plc:b3svmtmf2o2ulgpljom7tiba')
2026-02-27T23:43:19Z WARNING bsky_collector_v2.job.index_feed_generators: listRecords failed repo=did:plc:ch4yvtqri66tj3n7fcplgk3s err=HttpError('InvalidRequest: Could not find repo: did:plc:ch4yvtqri66tj3n7fcplgk3s')
2026-02-27T23:43:19Z WARNING bsky_collector_v2.job.index_feed_generators: listRecords failed repo=did:plc:dwknezaruw57hcylfnkldi27 err=HttpError('InvalidRequest: Could not find repo: did:plc:dwknezaruw57hcylfnkldi27')
2026-02-27T23:43:20Z WARNING bsky_collector_v2.job.index_feed_generators: listRecords failed repo=did:plc:ewkul642dysotvyqukfar54j err=HttpError('InvalidRequest: Could not find repo: did:plc:ewkul642dysotvyqukfar54j')
2026-02-27T23:43:20Z WARNING bsky_collector_v2.job.index_feed_generators: listRecords failed repo=did:plc:fmz3jfmhhlocsijm6iqfji6h err=HttpError('InvalidRequest: Could not find repo: did:plc:fmz3jfmhhlocsijm6iqfji6h')
2026-02-27T23:43:20Z WARNING bsky_collector_v2.job.index_feed_generators: listRecords failed repo=did:plc:hdaaljfvl6yedxhonoznt7ps err=HttpError('InvalidRequest: Could not find repo: did:plc:hdaaljfvl6yedxhonoznt7ps')
2026-02-27T23:43:20Z WARNING bsky_collector_v2.job.index_feed_generators: listRecords failed repo=did:plc:k6plw4a4z2znjlq5zigx3fb2 err=HttpError('InvalidRequest: Could not find repo: did:plc:k6plw4a4z2znjlq5zigx3fb2')
2026-02-27T23:43:20Z WARNING bsky_collector_v2.job.index_feed_generators: listRecords failed repo=did:plc:kodqwcl4j2ijszjis5wapnrs err=HttpError('InvalidRequest: Could not find repo: did:plc:kodqwcl4j2ijszjis5wapnrs')
2026-02-27T23:43:20Z WARNING bsky_collector_v2.job.index_feed_generators: listRecords failed repo=did:plc:lhgwdcwlc2hklx5cvhq4fmfj err=HttpError('InvalidRequest: Could not find repo: did:plc:lhgwdcwlc2hklx5cvhq4fmfj')
2026-02-27T23:43:20Z WARNING bsky_collector_v2.job.index_feed_generators: listRecords failed repo=did:plc:m7w5l7wb73dods7wdmyvr3qn err=HttpError('InvalidRequest: Could not find repo: did:plc:m7w5l7wb73dods7wdmyvr3qn')
2026-02-27T23:43:20Z WARNING bsky_collector_v2.job.index_feed_generators: listRecords failed repo=did:plc:n52awfzrptzw4pm72ndsvgab err=HttpError('InvalidRequest: Could not find repo: did:plc:n52awfzrptzw4pm72ndsvgab')
2026-02-27T23:43:21Z WARNING bsky_collector_v2.job.index_feed_generators: listRecords failed repo=did:plc:nwpse5jont3jqzkn4exdsutb err=HttpError('InvalidRequest: Could not find repo: did:plc:nwpse5jont3jqzkn4exdsutb')
2026-02-27T23:43:21Z WARNING bsky_collector_v2.job.index_feed_generators: listRecords failed repo=did:plc:oigl25vs5g3ay2z5ih64tgjs err=HttpError('InvalidRequest: Could not find repo: did:plc:oigl25vs5g3ay2z5ih64tgjs')
2026-02-27T23:43:21Z WARNING bsky_collector_v2.job.index_feed_generators: listRecords failed repo=did:plc:qf62nqpnhin3liuktqoivymg err=HttpError('InvalidRequest: Could not find repo: did:plc:qf62nqpnhin3liuktqoivymg')
2026-02-27T23:43:21Z WARNING bsky_collector_v2.job.index_feed_generators: listRecords failed repo=did:plc:rdardinskfsn26x3hjklsm7k err=HttpError('InvalidRequest: Could not find repo: did:plc:rdardinskfsn26x3hjklsm7k')
2026-02-27T23:43:21Z WARNING bsky_collector_v2.job.index_feed_generators: listRecords failed repo=did:plc:rns3f223opxbzevqq6eb2umv err=HttpError('InvalidRequest: Could not find repo: did:plc:rns3f223opxbzevqq6eb2umv')
2026-02-27T23:43:21Z WARNING bsky_collector_v2.job.index_feed_generators: listRecords failed repo=did:plc:rwod7fmyb6xxtxf3yrw2e7ix err=HttpError('InvalidRequest: Could not find repo: did:plc:rwod7fmyb6xxtxf3yrw2e7ix')
2026-02-27T23:43:22Z WARNING bsky_collector_v2.job.index_feed_generators: listRecords failed repo=did:plc:sa3guqomwrupj2myusc65q4h err=HttpError('InvalidRequest: Could not find repo: did:plc:sa3guqomwrupj2myusc65q4h')
2026-02-27T23:43:22Z WARNING bsky_collector_v2.job.index_feed_generators: listRecords failed repo=did:plc:vk2r4v5sozwj6eiuxn2kkphe err=HttpError('InvalidRequest: Could not find repo: did:plc:vk2r4v5sozwj6eiuxn2kkphe')
2026-02-27T23:43:22Z WARNING bsky_collector_v2.job.index_feed_generators: listRecords failed repo=did:plc:xpxspxgrplfvhb7hsnfbgsx6 err=HttpError('InvalidRequest: Could not find repo: did:plc:xpxspxgrplfvhb7hsnfbgsx6')
2026-02-27T23:43:22Z WARNING bsky_collector_v2.job.index_feed_generators: listRecords failed repo=did:plc:y7zrib4us324a3v34wi4auz5 err=HttpError('InvalidRequest: Could not find repo: did:plc:y7zrib4us324a3v34wi4auz5')
2026-02-27T23:43:22Z WARNING bsky_collector_v2.job.index_feed_generators: listRecords failed repo=did:plc:zeqfbjdlmjsfxdpwpk6nitec err=HttpError('InvalidRequest: Could not find repo: did:plc:zeqfbjdlmjsfxdpwpk6nitec')
2026-02-27T23:43:22Z WARNING bsky_collector_v2.job.index_feed_generators: listRecords failed repo=did:plc:zmix7dyyzfoikovsouozk6vr err=HttpError('InvalidRequest: Could not find repo: did:plc:zmix7dyyzfoikovsouozk6vr')
2026-02-27T23:43:23Z WARNING bsky_collector_v2.job.index_feed_generators: listRecords failed repo=did:plc:3q7gtxhh6ylstpuga2zxiew6 err=HttpError('InvalidRequest: Could not find repo: did:plc:3q7gtxhh6ylstpuga2zxiew6')
2026-02-27T23:43:23Z WARNING bsky_collector_v2.job.index_feed_generators: listRecords failed repo=did:plc:55bavj4gscc6qnwzwccwlrl6 err=HttpError('InvalidRequest: Could not find repo: did:plc:55bavj4gscc6qnwzwccwlrl6')
2026-02-27T23:43:23Z WARNING bsky_collector_v2.job.index_feed_generators: listRecords failed repo=did:plc:56irti6hnn63v6mbfhlc64au err=HttpError('InvalidRequest: Could not find repo: did:plc:56irti6hnn63v6mbfhlc64au')
2026-02-27T23:43:23Z WARNING bsky_collector_v2.job.index_feed_generators: listRecords failed repo=did:plc:b3svmtmf2o2ulgpljom7tiba err=HttpError('InvalidRequest: Could not find repo: did:plc:b3svmtmf2o2ulgpljom7tiba')
2026-02-27T23:43:23Z WARNING bsky_collector_v2.job.index_feed_generators: listRecords failed repo=did:plc:ch4yvtqri66tj3n7fcplgk3s err=HttpError('InvalidRequest: Could not find repo: did:plc:ch4yvtqri66tj3n7fcplgk3s')
2026-02-27T23:43:23Z WARNING bsky_collector_v2.job.index_feed_generators: listRecords failed repo=did:plc:dwknezaruw57hcylfnkldi27 err=HttpError('InvalidRequest: Could not find repo: did:plc:dwknezaruw57hcylfnkldi27')
2026-02-27T23:43:23Z WARNING bsky_collector_v2.job.index_feed_generators: listRecords failed repo=did:plc:ewkul642dysotvyqukfar54j err=HttpError('InvalidRequest: Could not find repo: did:plc:ewkul642dysotvyqukfar54j')
2026-02-27T23:43:23Z WARNING bsky_collector_v2.job.index_feed_generators: listRecords failed repo=did:plc:fmz3jfmhhlocsijm6iqfji6h err=HttpError('InvalidRequest: Could not find repo: did:plc:fmz3jfmhhlocsijm6iqfji6h')
2026-02-27T23:43:23Z WARNING bsky_collector_v2.job.index_feed_generators: listRecords failed repo=did:plc:hdaaljfvl6yedxhonoznt7ps err=HttpError('InvalidRequest: Could not find repo: did:plc:hdaaljfvl6yedxhonoznt7ps')
2026-02-27T23:43:23Z WARNING bsky_collector_v2.job.index_feed_generators: listRecords failed repo=did:plc:k6plw4a4z2znjlq5zigx3fb2 err=HttpError('InvalidRequest: Could not find repo: did:plc:k6plw4a4z2znjlq5zigx3fb2')
2026-02-27T23:43:23Z WARNING bsky_collector_v2.job.index_feed_generators: listRecords failed repo=did:plc:kodqwcl4j2ijszjis5wapnrs err=HttpError('InvalidRequest: Could not find repo: did:plc:kodqwcl4j2ijszjis5wapnrs')
2026-02-27T23:43:24Z WARNING bsky_collector_v2.job.index_feed_generators: listRecords failed repo=did:plc:lhgwdcwlc2hklx5cvhq4fmfj err=HttpError('InvalidRequest: Could not find repo: did:plc:lhgwdcwlc2hklx5cvhq4fmfj')
2026-02-27T23:43:24Z WARNING bsky_collector_v2.job.index_feed_generators: listRecords failed repo=did:plc:m7w5l7wb73dods7wdmyvr3qn err=HttpError('InvalidRequest: Could not find repo: did:plc:m7w5l7wb73dods7wdmyvr3qn')
2026-02-27T23:43:24Z WARNING bsky_collector_v2.job.index_feed_generators: listRecords failed repo=did:plc:n52awfzrptzw4pm72ndsvgab err=HttpError('InvalidRequest: Could not find repo: did:plc:n52awfzrptzw4pm72ndsvgab')
2026-02-27T23:43:24Z WARNING bsky_collector_v2.job.index_feed_generators: listRecords failed repo=did:plc:nwpse5jont3jqzkn4exdsutb err=HttpError('InvalidRequest: Could not find repo: did:plc:nwpse5jont3jqzkn4exdsutb')
2026-02-27T23:43:24Z WARNING bsky_collector_v2.job.index_feed_generators: listRecords failed repo=did:plc:oigl25vs5g3ay2z5ih64tgjs err=HttpError('InvalidRequest: Could not find repo: did:plc:oigl25vs5g3ay2z5ih64tgjs')
2026-02-27T23:43:24Z WARNING bsky_collector_v2.job.index_feed_generators: listRecords failed repo=did:plc:qf62nqpnhin3liuktqoivymg err=HttpError('InvalidRequest: Could not find repo: did:plc:qf62nqpnhin3liuktqoivymg')
2026-02-27T23:43:24Z WARNING bsky_collector_v2.job.index_feed_generators: listRecords failed repo=did:plc:rdardinskfsn26x3hjklsm7k err=HttpError('InvalidRequest: Could not find repo: did:plc:rdardinskfsn26x3hjklsm7k')
2026-02-27T23:43:24Z WARNING bsky_collector_v2.job.index_feed_generators: listRecords failed repo=did:plc:rns3f223opxbzevqq6eb2umv err=HttpError('InvalidRequest: Could not find repo: did:plc:rns3f223opxbzevqq6eb2umv')
2026-02-27T23:43:24Z WARNING bsky_collector_v2.job.index_feed_generators: listRecords failed repo=did:plc:rwod7fmyb6xxtxf3yrw2e7ix err=HttpError('InvalidRequest: Could not find repo: did:plc:rwod7fmyb6xxtxf3yrw2e7ix')
2026-02-27T23:43:24Z WARNING bsky_collector_v2.job.index_feed_generators: listRecords failed repo=did:plc:sa3guqomwrupj2myusc65q4h err=HttpError('InvalidRequest: Could not find repo: did:plc:sa3guqomwrupj2myusc65q4h')
2026-02-27T23:43:24Z WARNING bsky_collector_v2.job.index_feed_generators: listRecords failed repo=did:plc:vk2r4v5sozwj6eiuxn2kkphe err=HttpError('InvalidRequest: Could not find repo: did:plc:vk2r4v5sozwj6eiuxn2kkphe')
2026-02-27T23:43:24Z WARNING bsky_collector_v2.job.index_feed_generators: listRecords failed repo=did:plc:xpxspxgrplfvhb7hsnfbgsx6 err=HttpError('InvalidRequest: Could not find repo: did:plc:xpxspxgrplfvhb7hsnfbgsx6')
2026-02-27T23:43:25Z WARNING bsky_collector_v2.job.index_feed_generators: listRecords failed repo=did:plc:y7zrib4us324a3v34wi4auz5 err=HttpError('InvalidRequest: Could not find repo: did:plc:y7zrib4us324a3v34wi4auz5')
2026-02-27T23:43:25Z WARNING bsky_collector_v2.job.index_feed_generators: listRecords failed repo=did:plc:zeqfbjdlmjsfxdpwpk6nitec err=HttpError('InvalidRequest: Could not find repo: did:plc:zeqfbjdlmjsfxdpwpk6nitec')
2026-02-27T23:43:25Z WARNING bsky_collector_v2.job.index_feed_generators: listRecords failed repo=did:plc:zmix7dyyzfoikovsouozk6vr err=HttpError('InvalidRequest: Could not find repo: did:plc:zmix7dyyzfoikovsouozk6vr')
2026-02-27T23:43:26Z INFO bsky_collector_v2.job.index_feed_generators: enqueued repos page=5 mode=listRepos inserted=500 repos_returned=500 next_cursor=set
2026-02-27T23:43:30Z WARNING bsky_collector_v2.job.index_feed_generators: listRecords failed repo=did:plc:36aqhzdgvmq6cvrmqwskcpql err=HttpError('InvalidRequest: Could not find repo: did:plc:36aqhzdgvmq6cvrmqwskcpql')
2026-02-27T23:43:32Z WARNING bsky_collector_v2.job.index_feed_generators: listRecords failed repo=did:plc:3qjgp7ucsp7kejlqxsvpxrpl err=HttpError('InvalidRequest: Could not find repo: did:plc:3qjgp7ucsp7kejlqxsvpxrpl')
2026-02-27T23:43:36Z WARNING bsky_collector_v2.job.index_feed_generators: listRecords failed repo=did:plc:4yyl235n4umxj7uacwsjkird err=HttpError('InvalidRequest: Could not find repo: did:plc:4yyl235n4umxj7uacwsjkird')
2026-02-27T23:43:44Z WARNING bsky_collector_v2.job.index_feed_generators: listRecords failed repo=did:plc:7mmyubc6zqupxmo2iwzlcxix err=HttpError('InvalidRequest: Could not find repo: did:plc:7mmyubc6zqupxmo2iwzlcxix')
2026-02-27T23:43:52Z WARNING bsky_collector_v2.job.index_feed_generators: listRecords failed repo=did:plc:brqxdcclg7m3nasnlw5rvggo err=HttpError('InvalidRequest: Could not find repo: did:plc:brqxdcclg7m3nasnlw5rvggo')
2026-02-27T23:43:53Z WARNING bsky_collector_v2.job.index_feed_generators: listRecords failed repo=did:plc:c6jwwryaf2sp4ynobkmsbvw6 err=HttpError('InvalidRequest: Could not find repo: did:plc:c6jwwryaf2sp4ynobkmsbvw6')
2026-02-27T23:43:54Z WARNING bsky_collector_v2.job.index_feed_generators: listRecords failed repo=did:plc:cqteqxyml3cpfdjhbzdq7zym err=HttpError('InvalidRequest: Could not find repo: did:plc:cqteqxyml3cpfdjhbzdq7zym')
2026-02-27T23:43:55Z WARNING bsky_collector_v2.job.index_feed_generators: listRecords failed repo=did:plc:d2le7oa67roddfojiqqc5ifu err=HttpError('InvalidRequest: Could not find repo: did:plc:d2le7oa67roddfojiqqc5ifu')
2026-02-27T23:44:06Z INFO bsky_collector_v2.job.index_feed_generators: indexed repo=did:plc:fjnn4vazgrvwallm3anh4tbc part=1024 records=1 next_cursor=set
2026-02-27T23:44:07Z WARNING bsky_collector_v2.job.index_feed_generators: listRecords failed repo=did:plc:ftliptulnkh2hutc2ogjcyin err=HttpError('InvalidRequest: Could not find repo: did:plc:ftliptulnkh2hutc2ogjcyin')
2026-02-27T23:44:14Z WARNING bsky_collector_v2.job.index_feed_generators: listRecords failed repo=did:plc:hrppih3sv4e4fqb4bjbogqun err=HttpError('InvalidRequest: Could not find repo: did:plc:hrppih3sv4e4fqb4bjbogqun')
2026-02-27T23:44:15Z WARNING bsky_collector_v2.job.index_feed_generators: listRecords failed repo=did:plc:hxeywnco5qletmh7e7igm4ed err=HttpError('InvalidRequest: Could not find repo: did:plc:hxeywnco5qletmh7e7igm4ed')
2026-02-27T23:44:16Z WARNING bsky_collector_v2.job.index_feed_generators: listRecords failed repo=did:plc:idddiwod6zyxw5niafik2dmb err=HttpError('InvalidRequest: Could not find repo: did:plc:idddiwod6zyxw5niafik2dmb')
2026-02-27T23:44:25Z WARNING bsky_collector_v2.job.index_feed_generators: listRecords failed repo=did:plc:ldoygu7hgowosknnh3w7hczb err=HttpError('InvalidRequest: Could not find repo: did:plc:ldoygu7hgowosknnh3w7hczb')
2026-02-27T23:44:30Z WARNING bsky_collector_v2.job.index_feed_generators: listRecords failed repo=did:plc:mwgn2g65sy2azt22phtgoffc err=HttpError('InvalidRequest: Could not find repo: did:plc:mwgn2g65sy2azt22phtgoffc')
2026-02-27T23:44:30Z WARNING bsky_collector_v2.job.index_feed_generators: listRecords failed repo=did:plc:n4r7farxspfuga4sdsoo67ln err=HttpError('InvalidRequest: Could not find repo: did:plc:n4r7farxspfuga4sdsoo67ln')
2026-02-27T23:44:36Z WARNING bsky_collector_v2.job.index_feed_generators: listRecords failed repo=did:plc:p3x23y7v7brvdi74o2eswnty err=HttpError('InvalidRequest: Could not find repo: did:plc:p3x23y7v7brvdi74o2eswnty')
2026-02-27T23:44:40Z WARNING bsky_collector_v2.job.index_feed_generators: listRecords failed repo=did:plc:ptsm6yifghiisb662eb24vlf err=HttpError('InvalidRequest: Could not find repo: did:plc:ptsm6yifghiisb662eb24vlf')
2026-02-27T23:44:42Z WARNING bsky_collector_v2.job.index_feed_generators: listRecords failed repo=did:plc:qd35iwy5g3lkbp4ss4so5kl7 err=HttpError('InvalidRequest: Could not find repo: did:plc:qd35iwy5g3lkbp4ss4so5kl7')
2026-02-27T23:44:48Z WARNING bsky_collector_v2.job.index_feed_generators: listRecords failed repo=did:plc:t27arpl76ldjvz3jnjk6qxk3 err=HttpError('InvalidRequest: Could not find repo: did:plc:t27arpl76ldjvz3jnjk6qxk3')
2026-02-27T23:44:51Z WARNING bsky_collector_v2.job.index_feed_generators: listRecords failed repo=did:plc:tr4relbg4arzzgubawbnju3j err=HttpError('InvalidRequest: Could not find repo: did:plc:tr4relbg4arzzgubawbnju3j')
2026-02-27T23:44:52Z WARNING bsky_collector_v2.job.index_feed_generators: listRecords failed repo=did:plc:u56nkjutwcqtqyvrg3r2v6le err=HttpError('InvalidRequest: Could not find repo: did:plc:u56nkjutwcqtqyvrg3r2v6le')
2026-02-27T23:44:55Z WARNING bsky_collector_v2.job.index_feed_generators: listRecords failed repo=did:plc:vbfstwm7bfsjyzq3piow5atf err=HttpError('InvalidRequest: Could not find repo: did:plc:vbfstwm7bfsjyzq3piow5atf')
2026-02-27T23:44:56Z WARNING bsky_collector_v2.job.index_feed_generators: listRecords failed repo=did:plc:vl3id5qp6dofginfqffswyzb err=HttpError('InvalidRequest: Could not find repo: did:plc:vl3id5qp6dofginfqffswyzb')
2026-02-27T23:44:56Z WARNING bsky_collector_v2.job.index_feed_generators: listRecords failed repo=did:plc:vso7k2ptgotd4kdj5wdshbtt err=HttpError('InvalidRequest: Could not find repo: did:plc:vso7k2ptgotd4kdj5wdshbtt')
2026-02-27T23:44:57Z INFO bsky_collector_v2.job.index_feed_generators: indexed repo=did:plc:vytchceobmzw6xx3herodyzj part=1025 records=1 next_cursor=set
2026-02-27T23:44:58Z WARNING bsky_collector_v2.job.index_feed_generators: listRecords failed repo=did:plc:w7ca6hj2b45depwjtbyq3rlw err=HttpError('InvalidRequest: Could not find repo: did:plc:w7ca6hj2b45depwjtbyq3rlw')
2026-02-27T23:45:02Z WARNING bsky_collector_v2.job.index_feed_generators: listRecords failed repo=did:plc:xnjxolveojykcofuepgjgmqw err=HttpError('InvalidRequest: Could not find repo: did:plc:xnjxolveojykcofuepgjgmqw')
2026-02-27T23:45:08Z WARNING bsky_collector_v2.job.index_feed_generators: listRecords failed repo=did:plc:zpmqo5n5krjhdep4cvvvnvcj err=HttpError('InvalidRequest: Could not find repo: did:plc:zpmqo5n5krjhdep4cvvvnvcj')
2026-02-27T23:45:10Z WARNING bsky_collector_v2.job.index_feed_generators: listRecords failed repo=did:plc:36aqhzdgvmq6cvrmqwskcpql err=HttpError('InvalidRequest: Could not find repo: did:plc:36aqhzdgvmq6cvrmqwskcpql')
2026-02-27T23:45:10Z WARNING bsky_collector_v2.job.index_feed_generators: listRecords failed repo=did:plc:3qjgp7ucsp7kejlqxsvpxrpl err=HttpError('InvalidRequest: Could not find repo: did:plc:3qjgp7ucsp7kejlqxsvpxrpl')
2026-02-27T23:45:10Z WARNING bsky_collector_v2.job.index_feed_generators: listRecords failed repo=did:plc:4yyl235n4umxj7uacwsjkird err=HttpError('InvalidRequest: Could not find repo: did:plc:4yyl235n4umxj7uacwsjkird')
2026-02-27T23:45:10Z WARNING bsky_collector_v2.job.index_feed_generators: listRecords failed repo=did:plc:7mmyubc6zqupxmo2iwzlcxix err=HttpError('InvalidRequest: Could not find repo: did:plc:7mmyubc6zqupxmo2iwzlcxix')
2026-02-27T23:45:10Z WARNING bsky_collector_v2.job.index_feed_generators: listRecords failed repo=did:plc:brqxdcclg7m3nasnlw5rvggo err=HttpError('InvalidRequest: Could not find repo: did:plc:brqxdcclg7m3nasnlw5rvggo')
2026-02-27T23:45:10Z WARNING bsky_collector_v2.job.index_feed_generators: listRecords failed repo=did:plc:c6jwwryaf2sp4ynobkmsbvw6 err=HttpError('InvalidRequest: Could not find repo: did:plc:c6jwwryaf2sp4ynobkmsbvw6')
2026-02-27T23:45:10Z WARNING bsky_collector_v2.job.index_feed_generators: listRecords failed repo=did:plc:cqteqxyml3cpfdjhbzdq7zym err=HttpError('InvalidRequest: Could not find repo: did:plc:cqteqxyml3cpfdjhbzdq7zym')
2026-02-27T23:45:10Z WARNING bsky_collector_v2.job.index_feed_generators: listRecords failed repo=did:plc:d2le7oa67roddfojiqqc5ifu err=HttpError('InvalidRequest: Could not find repo: did:plc:d2le7oa67roddfojiqqc5ifu')
2026-02-27T23:45:11Z WARNING bsky_collector_v2.job.index_feed_generators: listRecords failed repo=did:plc:ftliptulnkh2hutc2ogjcyin err=HttpError('InvalidRequest: Could not find repo: did:plc:ftliptulnkh2hutc2ogjcyin')
2026-02-27T23:45:11Z WARNING bsky_collector_v2.job.index_feed_generators: listRecords failed repo=did:plc:hrppih3sv4e4fqb4bjbogqun err=HttpError('InvalidRequest: Could not find repo: did:plc:hrppih3sv4e4fqb4bjbogqun')
2026-02-27T23:45:11Z WARNING bsky_collector_v2.job.index_feed_generators: listRecords failed repo=did:plc:hxeywnco5qletmh7e7igm4ed err=HttpError('InvalidRequest: Could not find repo: did:plc:hxeywnco5qletmh7e7igm4ed')
2026-02-27T23:45:11Z WARNING bsky_collector_v2.job.index_feed_generators: listRecords failed repo=did:plc:idddiwod6zyxw5niafik2dmb err=HttpError('InvalidRequest: Could not find repo: did:plc:idddiwod6zyxw5niafik2dmb')
2026-02-27T23:45:11Z WARNING bsky_collector_v2.job.index_feed_generators: listRecords failed repo=did:plc:ldoygu7hgowosknnh3w7hczb err=HttpError('InvalidRequest: Could not find repo: did:plc:ldoygu7hgowosknnh3w7hczb')
2026-02-27T23:45:11Z WARNING bsky_collector_v2.job.index_feed_generators: listRecords failed repo=did:plc:mwgn2g65sy2azt22phtgoffc err=HttpError('InvalidRequest: Could not find repo: did:plc:mwgn2g65sy2azt22phtgoffc')
2026-02-27T23:45:11Z WARNING bsky_collector_v2.job.index_feed_generators: listRecords failed repo=did:plc:n4r7farxspfuga4sdsoo67ln err=HttpError('InvalidRequest: Could not find repo: did:plc:n4r7farxspfuga4sdsoo67ln')
2026-02-27T23:45:11Z WARNING bsky_collector_v2.job.index_feed_generators: listRecords failed repo=did:plc:p3x23y7v7brvdi74o2eswnty err=HttpError('InvalidRequest: Could not find repo: did:plc:p3x23y7v7brvdi74o2eswnty')
2026-02-27T23:45:11Z WARNING bsky_collector_v2.job.index_feed_generators: listRecords failed repo=did:plc:ptsm6yifghiisb662eb24vlf err=HttpError('InvalidRequest: Could not find repo: did:plc:ptsm6yifghiisb662eb24vlf')
2026-02-27T23:45:11Z WARNING bsky_collector_v2.job.index_feed_generators: listRecords failed repo=did:plc:qd35iwy5g3lkbp4ss4so5kl7 err=HttpError('InvalidRequest: Could not find repo: did:plc:qd35iwy5g3lkbp4ss4so5kl7')
2026-02-27T23:45:11Z WARNING bsky_collector_v2.job.index_feed_generators: listRecords failed repo=did:plc:t27arpl76ldjvz3jnjk6qxk3 err=HttpError('InvalidRequest: Could not find repo: did:plc:t27arpl76ldjvz3jnjk6qxk3')
2026-02-27T23:45:11Z WARNING bsky_collector_v2.job.index_feed_generators: listRecords failed repo=did:plc:tr4relbg4arzzgubawbnju3j err=HttpError('InvalidRequest: Could not find repo: did:plc:tr4relbg4arzzgubawbnju3j')
2026-02-27T23:45:11Z WARNING bsky_collector_v2.job.index_feed_generators: listRecords failed repo=did:plc:u56nkjutwcqtqyvrg3r2v6le err=HttpError('InvalidRequest: Could not find repo: did:plc:u56nkjutwcqtqyvrg3r2v6le')
2026-02-27T23:45:12Z WARNING bsky_collector_v2.job.index_feed_generators: listRecords failed repo=did:plc:vbfstwm7bfsjyzq3piow5atf err=HttpError('InvalidRequest: Could not find repo: did:plc:vbfstwm7bfsjyzq3piow5atf')
2026-02-27T23:45:12Z WARNING bsky_collector_v2.job.index_feed_generators: listRecords failed repo=did:plc:vl3id5qp6dofginfqffswyzb err=HttpError('InvalidRequest: Could not find repo: did:plc:vl3id5qp6dofginfqffswyzb')
2026-02-27T23:45:12Z WARNING bsky_collector_v2.job.index_feed_generators: listRecords failed repo=did:plc:vso7k2ptgotd4kdj5wdshbtt err=HttpError('InvalidRequest: Could not find repo: did:plc:vso7k2ptgotd4kdj5wdshbtt')
2026-02-27T23:45:12Z WARNING bsky_collector_v2.job.index_feed_generators: listRecords failed repo=did:plc:w7ca6hj2b45depwjtbyq3rlw err=HttpError('InvalidRequest: Could not find repo: did:plc:w7ca6hj2b45depwjtbyq3rlw')
2026-02-27T23:45:12Z WARNING bsky_collector_v2.job.index_feed_generators: listRecords failed repo=did:plc:xnjxolveojykcofuepgjgmqw err=HttpError('InvalidRequest: Could not find repo: did:plc:xnjxolveojykcofuepgjgmqw')
2026-02-27T23:45:12Z WARNING bsky_collector_v2.job.index_feed_generators: listRecords failed repo=did:plc:zpmqo5n5krjhdep4cvvvnvcj err=HttpError('InvalidRequest: Could not find repo: did:plc:zpmqo5n5krjhdep4cvvvnvcj')
2026-02-27T23:45:12Z WARNING bsky_collector_v2.job.index_feed_generators: listRecords failed repo=did:plc:36aqhzdgvmq6cvrmqwskcpql err=HttpError('InvalidRequest: Could not find repo: did:plc:36aqhzdgvmq6cvrmqwskcpql')
2026-02-27T23:45:12Z WARNING bsky_collector_v2.job.index_feed_generators: listRecords failed repo=did:plc:3qjgp7ucsp7kejlqxsvpxrpl err=HttpError('InvalidRequest: Could not find repo: did:plc:3qjgp7ucsp7kejlqxsvpxrpl')
2026-02-27T23:45:13Z WARNING bsky_collector_v2.job.index_feed_generators: listRecords failed repo=did:plc:4yyl235n4umxj7uacwsjkird err=HttpError('InvalidRequest: Could not find repo: did:plc:4yyl235n4umxj7uacwsjkird')
2026-02-27T23:45:13Z WARNING bsky_collector_v2.job.index_feed_generators: listRecords failed repo=did:plc:7mmyubc6zqupxmo2iwzlcxix err=HttpError('InvalidRequest: Could not find repo: did:plc:7mmyubc6zqupxmo2iwzlcxix')
2026-02-27T23:45:13Z WARNING bsky_collector_v2.job.index_feed_generators: listRecords failed repo=did:plc:brqxdcclg7m3nasnlw5rvggo err=HttpError('InvalidRequest: Could not find repo: did:plc:brqxdcclg7m3nasnlw5rvggo')
2026-02-27T23:45:13Z WARNING bsky_collector_v2.job.index_feed_generators: listRecords failed repo=did:plc:c6jwwryaf2sp4ynobkmsbvw6 err=HttpError('InvalidRequest: Could not find repo: did:plc:c6jwwryaf2sp4ynobkmsbvw6')
2026-02-27T23:45:13Z WARNING bsky_collector_v2.job.index_feed_generators: listRecords failed repo=did:plc:cqteqxyml3cpfdjhbzdq7zym err=HttpError('InvalidRequest: Could not find repo: did:plc:cqteqxyml3cpfdjhbzdq7zym')
2026-02-27T23:45:13Z WARNING bsky_collector_v2.job.index_feed_generators: listRecords failed repo=did:plc:d2le7oa67roddfojiqqc5ifu err=HttpError('InvalidRequest: Could not find repo: did:plc:d2le7oa67roddfojiqqc5ifu')
2026-02-27T23:45:13Z WARNING bsky_collector_v2.job.index_feed_generators: listRecords failed repo=did:plc:ftliptulnkh2hutc2ogjcyin err=HttpError('InvalidRequest: Could not find repo: did:plc:ftliptulnkh2hutc2ogjcyin')
2026-02-27T23:45:13Z WARNING bsky_collector_v2.job.index_feed_generators: listRecords failed repo=did:plc:hrppih3sv4e4fqb4bjbogqun err=HttpError('InvalidRequest: Could not find repo: did:plc:hrppih3sv4e4fqb4bjbogqun')
2026-02-27T23:45:13Z WARNING bsky_collector_v2.job.index_feed_generators: listRecords failed repo=did:plc:hxeywnco5qletmh7e7igm4ed err=HttpError('InvalidRequest: Could not find repo: did:plc:hxeywnco5qletmh7e7igm4ed')
2026-02-27T23:45:13Z WARNING bsky_collector_v2.job.index_feed_generators: listRecords failed repo=did:plc:idddiwod6zyxw5niafik2dmb err=HttpError('InvalidRequest: Could not find repo: did:plc:idddiwod6zyxw5niafik2dmb')
2026-02-27T23:45:14Z WARNING bsky_collector_v2.job.index_feed_generators: listRecords failed repo=did:plc:ldoygu7hgowosknnh3w7hczb err=HttpError('InvalidRequest: Could not find repo: did:plc:ldoygu7hgowosknnh3w7hczb')
2026-02-27T23:45:14Z WARNING bsky_collector_v2.job.index_feed_generators: listRecords failed repo=did:plc:mwgn2g65sy2azt22phtgoffc err=HttpError('InvalidRequest: Could not find repo: did:plc:mwgn2g65sy2azt22phtgoffc')
2026-02-27T23:45:14Z WARNING bsky_collector_v2.job.index_feed_generators: listRecords failed repo=did:plc:n4r7farxspfuga4sdsoo67ln err=HttpError('InvalidRequest: Could not find repo: did:plc:n4r7farxspfuga4sdsoo67ln')
2026-02-27T23:45:14Z WARNING bsky_collector_v2.job.index_feed_generators: listRecords failed repo=did:plc:p3x23y7v7brvdi74o2eswnty err=HttpError('InvalidRequest: Could not find repo: did:plc:p3x23y7v7brvdi74o2eswnty')
2026-02-27T23:45:14Z WARNING bsky_collector_v2.job.index_feed_generators: listRecords failed repo=did:plc:ptsm6yifghiisb662eb24vlf err=HttpError('InvalidRequest: Could not find repo: did:plc:ptsm6yifghiisb662eb24vlf')
2026-02-27T23:45:14Z WARNING bsky_collector_v2.job.index_feed_generators: listRecords failed repo=did:plc:qd35iwy5g3lkbp4ss4so5kl7 err=HttpError('InvalidRequest: Could not find repo: did:plc:qd35iwy5g3lkbp4ss4so5kl7')
2026-02-27T23:45:14Z WARNING bsky_collector_v2.job.index_feed_generators: listRecords failed repo=did:plc:t27arpl76ldjvz3jnjk6qxk3 err=HttpError('InvalidRequest: Could not find repo: did:plc:t27arpl76ldjvz3jnjk6qxk3')
2026-02-27T23:45:14Z WARNING bsky_collector_v2.job.index_feed_generators: listRecords failed repo=did:plc:tr4relbg4arzzgubawbnju3j err=HttpError('InvalidRequest: Could not find repo: did:plc:tr4relbg4arzzgubawbnju3j')
2026-02-27T23:45:14Z WARNING bsky_collector_v2.job.index_feed_generators: listRecords failed repo=did:plc:u56nkjutwcqtqyvrg3r2v6le err=HttpError('InvalidRequest: Could not find repo: did:plc:u56nkjutwcqtqyvrg3r2v6le')
2026-02-27T23:45:14Z WARNING bsky_collector_v2.job.index_feed_generators: listRecords failed repo=did:plc:vbfstwm7bfsjyzq3piow5atf err=HttpError('InvalidRequest: Could not find repo: did:plc:vbfstwm7bfsjyzq3piow5atf')
2026-02-27T23:45:14Z WARNING bsky_collector_v2.job.index_feed_generators: listRecords failed repo=did:plc:vl3id5qp6dofginfqffswyzb err=HttpError('InvalidRequest: Could not find repo: did:plc:vl3id5qp6dofginfqffswyzb')
2026-02-27T23:45:14Z WARNING bsky_collector_v2.job.index_feed_generators: listRecords failed repo=did:plc:vso7k2ptgotd4kdj5wdshbtt err=HttpError('InvalidRequest: Could not find repo: did:plc:vso7k2ptgotd4kdj5wdshbtt')
2026-02-27T23:45:14Z WARNING bsky_collector_v2.job.index_feed_generators: listRecords failed repo=did:plc:w7ca6hj2b45depwjtbyq3rlw err=HttpError('InvalidRequest: Could not find repo: did:plc:w7ca6hj2b45depwjtbyq3rlw')
2026-02-27T23:45:15Z WARNING bsky_collector_v2.job.index_feed_generators: listRecords failed repo=did:plc:xnjxolveojykcofuepgjgmqw err=HttpError('InvalidRequest: Could not find repo: did:plc:xnjxolveojykcofuepgjgmqw')
2026-02-27T23:45:15Z WARNING bsky_collector_v2.job.index_feed_generators: listRecords failed repo=did:plc:zpmqo5n5krjhdep4cvvvnvcj err=HttpError('InvalidRequest: Could not find repo: did:plc:zpmqo5n5krjhdep4cvvvnvcj')
2026-02-27T23:45:15Z INFO bsky_collector_v2.job.index_feed_generators: enqueued repos page=6 mode=listRepos inserted=500 repos_returned=500 next_cursor=set
2026-02-27T23:45:19Z WARNING bsky_collector_v2.job.index_feed_generators: listRecords failed repo=did:plc:36vo3koominigjggqc2xwcpw err=HttpError('InvalidRequest: Could not find repo: did:plc:36vo3koominigjggqc2xwcpw')
2026-02-27T23:45:26Z WARNING bsky_collector_v2.job.index_feed_generators: listRecords failed repo=did:plc:5cr4qwjtikg5lit6lxk7ocbs err=HttpError('InvalidRequest: Could not find repo: did:plc:5cr4qwjtikg5lit6lxk7ocbs')
2026-02-27T23:45:27Z WARNING bsky_collector_v2.job.index_feed_generators: listRecords failed repo=did:plc:6g4bfyeczzhgcvpf5jfxiw5j err=HttpError('InvalidRequest: Could not find repo: did:plc:6g4bfyeczzhgcvpf5jfxiw5j')
2026-02-27T23:45:27Z WARNING bsky_collector_v2.job.index_feed_generators: listRecords failed repo=did:plc:6hbglz6d23ddtbkjolxkk6tk err=HttpError('InvalidRequest: Could not find repo: did:plc:6hbglz6d23ddtbkjolxkk6tk')
2026-02-27T23:45:28Z WARNING bsky_collector_v2.job.index_feed_generators: listRecords failed repo=did:plc:6kgpzpig5m52cejfa32gacmz err=HttpError('InvalidRequest: Could not find repo: did:plc:6kgpzpig5m52cejfa32gacmz')
2026-02-27T23:45:30Z WARNING bsky_collector_v2.job.index_feed_generators: listRecords failed repo=did:plc:72ecxxi443o4ji5vewosac22 err=HttpError('InvalidRequest: Could not find repo: did:plc:72ecxxi443o4ji5vewosac22')
2026-02-27T23:45:31Z WARNING bsky_collector_v2.job.index_feed_generators: listRecords failed repo=did:plc:7gz2cljjqllkap3h6uy6uai5 err=HttpError('InvalidRequest: Could not find repo: did:plc:7gz2cljjqllkap3h6uy6uai5')
2026-02-27T23:45:48Z WARNING bsky_collector_v2.job.index_feed_generators: listRecords failed repo=did:plc:cb4enjiz3kbdmttn4tvn7qvx err=HttpError('InvalidRequest: Could not find repo: did:plc:cb4enjiz3kbdmttn4tvn7qvx')
2026-02-27T23:45:49Z WARNING bsky_collector_v2.job.index_feed_generators: listRecords failed repo=did:plc:cmtsf54ji5sq2qhesckasefl err=HttpError('InvalidRequest: Could not find repo: did:plc:cmtsf54ji5sq2qhesckasefl')
2026-02-27T23:45:53Z WARNING bsky_collector_v2.job.index_feed_generators: listRecords failed repo=did:plc:dqq26yxshukjardufhvslet3 err=HttpError('InvalidRequest: Could not find repo: did:plc:dqq26yxshukjardufhvslet3')
2026-02-27T23:45:56Z WARNING bsky_collector_v2.job.index_feed_generators: listRecords failed repo=did:plc:ebjpisiavferfhpklbt55rlo err=HttpError('InvalidRequest: Could not find repo: did:plc:ebjpisiavferfhpklbt55rlo')
2026-02-27T23:46:03Z WARNING bsky_collector_v2.job.index_feed_generators: listRecords failed repo=did:plc:gaplnc6qumdmwenhdlbv7436 err=HttpError('InvalidRequest: Could not find repo: did:plc:gaplnc6qumdmwenhdlbv7436')
2026-02-27T23:46:18Z WARNING bsky_collector_v2.job.index_feed_generators: listRecords failed repo=did:plc:kcskjhqk75byzjiyilkxiegc err=HttpError('InvalidRequest: Could not find repo: did:plc:kcskjhqk75byzjiyilkxiegc')
2026-02-27T23:46:25Z WARNING bsky_collector_v2.job.index_feed_generators: listRecords failed repo=did:plc:mgtnqpbiqdbc32x2phkwah2c err=HttpError('InvalidRequest: Could not find repo: did:plc:mgtnqpbiqdbc32x2phkwah2c')
2026-02-27T23:46:27Z WARNING bsky_collector_v2.job.index_feed_generators: listRecords failed repo=did:plc:n2cacmq4eq7gg33erzeuo435 err=HttpError('InvalidRequest: Could not find repo: did:plc:n2cacmq4eq7gg33erzeuo435')
2026-02-27T23:46:32Z WARNING bsky_collector_v2.job.index_feed_generators: listRecords failed repo=did:plc:ocriwoinu6ndfrdlfpm5qpqj err=HttpError('InvalidRequest: Could not find repo: did:plc:ocriwoinu6ndfrdlfpm5qpqj')
2026-02-27T23:46:33Z WARNING bsky_collector_v2.job.index_feed_generators: listRecords failed repo=did:plc:oonl2bhnzldabiztgxfbrqlg err=HttpError('InvalidRequest: Could not find repo: did:plc:oonl2bhnzldabiztgxfbrqlg')
2026-02-27T23:46:47Z WARNING bsky_collector_v2.job.index_feed_generators: listRecords failed repo=did:plc:szbcbi4pwtg4xndqqaft2o77 err=HttpError('InvalidRequest: Could not find repo: did:plc:szbcbi4pwtg4xndqqaft2o77')
2026-02-27T23:46:50Z WARNING bsky_collector_v2.job.index_feed_generators: listRecords failed repo=did:plc:tnvhnnqslgcqrgnv5urc2465 err=HttpError('InvalidRequest: Could not find repo: did:plc:tnvhnnqslgcqrgnv5urc2465')
2026-02-27T23:46:51Z WARNING bsky_collector_v2.job.index_feed_generators: listRecords failed repo=did:plc:u3ybtla37iq235wvuemjeqkj err=HttpError('InvalidRequest: Could not find repo: did:plc:u3ybtla37iq235wvuemjeqkj')
2026-02-27T23:46:52Z WARNING bsky_collector_v2.job.index_feed_generators: listRecords failed repo=did:plc:uc7u53yquwwrpj4bqs2yvnk6 err=HttpError('InvalidRequest: Could not find repo: did:plc:uc7u53yquwwrpj4bqs2yvnk6')
2026-02-27T23:46:59Z INFO bsky_collector_v2.job.index_feed_generators: indexed repo=did:plc:wfwt2j4rzeeulmq75s2nlvto part=1026 records=4 next_cursor=set
2026-02-27T23:47:03Z WARNING bsky_collector_v2.job.index_feed_generators: listRecords failed repo=did:plc:xojkcea7fadonsbxudltws5v err=HttpError('InvalidRequest: Could not find repo: did:plc:xojkcea7fadonsbxudltws5v')
2026-02-27T23:47:10Z WARNING bsky_collector_v2.job.index_feed_generators: listRecords failed repo=did:plc:zfckqe22avjcmtvtruez7mhj err=HttpError('InvalidRequest: Could not find repo: did:plc:zfckqe22avjcmtvtruez7mhj')
2026-02-27T23:47:12Z WARNING bsky_collector_v2.job.index_feed_generators: listRecords failed repo=did:plc:36vo3koominigjggqc2xwcpw err=HttpError('InvalidRequest: Could not find repo: did:plc:36vo3koominigjggqc2xwcpw')
2026-02-27T23:47:12Z WARNING bsky_collector_v2.job.index_feed_generators: listRecords failed repo=did:plc:5cr4qwjtikg5lit6lxk7ocbs err=HttpError('InvalidRequest: Could not find repo: did:plc:5cr4qwjtikg5lit6lxk7ocbs')
2026-02-27T23:47:12Z WARNING bsky_collector_v2.job.index_feed_generators: listRecords failed repo=did:plc:6g4bfyeczzhgcvpf5jfxiw5j err=HttpError('InvalidRequest: Could not find repo: did:plc:6g4bfyeczzhgcvpf5jfxiw5j')
2026-02-27T23:47:12Z WARNING bsky_collector_v2.job.index_feed_generators: listRecords failed repo=did:plc:6hbglz6d23ddtbkjolxkk6tk err=HttpError('InvalidRequest: Could not find repo: did:plc:6hbglz6d23ddtbkjolxkk6tk')
2026-02-27T23:47:12Z WARNING bsky_collector_v2.job.index_feed_generators: listRecords failed repo=did:plc:6kgpzpig5m52cejfa32gacmz err=HttpError('InvalidRequest: Could not find repo: did:plc:6kgpzpig5m52cejfa32gacmz')
2026-02-27T23:47:12Z WARNING bsky_collector_v2.job.index_feed_generators: listRecords failed repo=did:plc:72ecxxi443o4ji5vewosac22 err=HttpError('InvalidRequest: Could not find repo: did:plc:72ecxxi443o4ji5vewosac22')
2026-02-27T23:47:12Z WARNING bsky_collector_v2.job.index_feed_generators: listRecords failed repo=did:plc:7gz2cljjqllkap3h6uy6uai5 err=HttpError('InvalidRequest: Could not find repo: did:plc:7gz2cljjqllkap3h6uy6uai5')
2026-02-27T23:47:12Z WARNING bsky_collector_v2.job.index_feed_generators: listRecords failed repo=did:plc:cb4enjiz3kbdmttn4tvn7qvx err=HttpError('InvalidRequest: Could not find repo: did:plc:cb4enjiz3kbdmttn4tvn7qvx')
2026-02-27T23:47:12Z WARNING bsky_collector_v2.job.index_feed_generators: listRecords failed repo=did:plc:cmtsf54ji5sq2qhesckasefl err=HttpError('InvalidRequest: Could not find repo: did:plc:cmtsf54ji5sq2qhesckasefl')
2026-02-27T23:47:13Z WARNING bsky_collector_v2.job.index_feed_generators: listRecords failed repo=did:plc:dqq26yxshukjardufhvslet3 err=HttpError('InvalidRequest: Could not find repo: did:plc:dqq26yxshukjardufhvslet3')
2026-02-27T23:47:13Z WARNING bsky_collector_v2.job.index_feed_generators: listRecords failed repo=did:plc:ebjpisiavferfhpklbt55rlo err=HttpError('InvalidRequest: Could not find repo: did:plc:ebjpisiavferfhpklbt55rlo')
2026-02-27T23:47:13Z WARNING bsky_collector_v2.job.index_feed_generators: listRecords failed repo=did:plc:gaplnc6qumdmwenhdlbv7436 err=HttpError('InvalidRequest: Could not find repo: did:plc:gaplnc6qumdmwenhdlbv7436')
2026-02-27T23:47:13Z WARNING bsky_collector_v2.job.index_feed_generators: listRecords failed repo=did:plc:kcskjhqk75byzjiyilkxiegc err=HttpError('InvalidRequest: Could not find repo: did:plc:kcskjhqk75byzjiyilkxiegc')
2026-02-27T23:47:13Z WARNING bsky_collector_v2.job.index_feed_generators: listRecords failed repo=did:plc:mgtnqpbiqdbc32x2phkwah2c err=HttpError('InvalidRequest: Could not find repo: did:plc:mgtnqpbiqdbc32x2phkwah2c')
2026-02-27T23:47:13Z WARNING bsky_collector_v2.job.index_feed_generators: listRecords failed repo=did:plc:n2cacmq4eq7gg33erzeuo435 err=HttpError('InvalidRequest: Could not find repo: did:plc:n2cacmq4eq7gg33erzeuo435')
2026-02-27T23:47:13Z WARNING bsky_collector_v2.job.index_feed_generators: listRecords failed repo=did:plc:ocriwoinu6ndfrdlfpm5qpqj err=HttpError('InvalidRequest: Could not find repo: did:plc:ocriwoinu6ndfrdlfpm5qpqj')
2026-02-27T23:47:13Z WARNING bsky_collector_v2.job.index_feed_generators: listRecords failed repo=did:plc:oonl2bhnzldabiztgxfbrqlg err=HttpError('InvalidRequest: Could not find repo: did:plc:oonl2bhnzldabiztgxfbrqlg')
2026-02-27T23:47:13Z WARNING bsky_collector_v2.job.index_feed_generators: listRecords failed repo=did:plc:szbcbi4pwtg4xndqqaft2o77 err=HttpError('InvalidRequest: Could not find repo: did:plc:szbcbi4pwtg4xndqqaft2o77')
2026-02-27T23:47:14Z WARNING bsky_collector_v2.job.index_feed_generators: listRecords failed repo=did:plc:tnvhnnqslgcqrgnv5urc2465 err=HttpError('InvalidRequest: Could not find repo: did:plc:tnvhnnqslgcqrgnv5urc2465')
2026-02-27T23:47:14Z WARNING bsky_collector_v2.job.index_feed_generators: listRecords failed repo=did:plc:u3ybtla37iq235wvuemjeqkj err=HttpError('InvalidRequest: Could not find repo: did:plc:u3ybtla37iq235wvuemjeqkj')
2026-02-27T23:47:14Z WARNING bsky_collector_v2.job.index_feed_generators: listRecords failed repo=did:plc:uc7u53yquwwrpj4bqs2yvnk6 err=HttpError('InvalidRequest: Could not find repo: did:plc:uc7u53yquwwrpj4bqs2yvnk6')
2026-02-27T23:47:14Z WARNING bsky_collector_v2.job.index_feed_generators: listRecords failed repo=did:plc:xojkcea7fadonsbxudltws5v err=HttpError('InvalidRequest: Could not find repo: did:plc:xojkcea7fadonsbxudltws5v')
2026-02-27T23:47:14Z WARNING bsky_collector_v2.job.index_feed_generators: listRecords failed repo=did:plc:zfckqe22avjcmtvtruez7mhj err=HttpError('InvalidRequest: Could not find repo: did:plc:zfckqe22avjcmtvtruez7mhj')
2026-02-27T23:47:14Z WARNING bsky_collector_v2.job.index_feed_generators: listRecords failed repo=did:plc:36vo3koominigjggqc2xwcpw err=HttpError('InvalidRequest: Could not find repo: did:plc:36vo3koominigjggqc2xwcpw')
2026-02-27T23:47:14Z WARNING bsky_collector_v2.job.index_feed_generators: listRecords failed repo=did:plc:5cr4qwjtikg5lit6lxk7ocbs err=HttpError('InvalidRequest: Could not find repo: did:plc:5cr4qwjtikg5lit6lxk7ocbs')
2026-02-27T23:47:14Z WARNING bsky_collector_v2.job.index_feed_generators: listRecords failed repo=did:plc:6g4bfyeczzhgcvpf5jfxiw5j err=HttpError('InvalidRequest: Could not find repo: did:plc:6g4bfyeczzhgcvpf5jfxiw5j')
2026-02-27T23:47:14Z WARNING bsky_collector_v2.job.index_feed_generators: listRecords failed repo=did:plc:6hbglz6d23ddtbkjolxkk6tk err=HttpError('InvalidRequest: Could not find repo: did:plc:6hbglz6d23ddtbkjolxkk6tk')
2026-02-27T23:47:15Z WARNING bsky_collector_v2.job.index_feed_generators: listRecords failed repo=did:plc:6kgpzpig5m52cejfa32gacmz err=HttpError('InvalidRequest: Could not find repo: did:plc:6kgpzpig5m52cejfa32gacmz')
2026-02-27T23:47:15Z WARNING bsky_collector_v2.job.index_feed_generators: listRecords failed repo=did:plc:72ecxxi443o4ji5vewosac22 err=HttpError('InvalidRequest: Could not find repo: did:plc:72ecxxi443o4ji5vewosac22')
2026-02-27T23:47:15Z WARNING bsky_collector_v2.job.index_feed_generators: listRecords failed repo=did:plc:7gz2cljjqllkap3h6uy6uai5 err=HttpError('InvalidRequest: Could not find repo: did:plc:7gz2cljjqllkap3h6uy6uai5')
2026-02-27T23:47:15Z WARNING bsky_collector_v2.job.index_feed_generators: listRecords failed repo=did:plc:cb4enjiz3kbdmttn4tvn7qvx err=HttpError('InvalidRequest: Could not find repo: did:plc:cb4enjiz3kbdmttn4tvn7qvx')
2026-02-27T23:47:15Z WARNING bsky_collector_v2.job.index_feed_generators: listRecords failed repo=did:plc:cmtsf54ji5sq2qhesckasefl err=HttpError('InvalidRequest: Could not find repo: did:plc:cmtsf54ji5sq2qhesckasefl')
2026-02-27T23:47:15Z WARNING bsky_collector_v2.job.index_feed_generators: listRecords failed repo=did:plc:dqq26yxshukjardufhvslet3 err=HttpError('InvalidRequest: Could not find repo: did:plc:dqq26yxshukjardufhvslet3')
2026-02-27T23:47:15Z WARNING bsky_collector_v2.job.index_feed_generators: listRecords failed repo=did:plc:ebjpisiavferfhpklbt55rlo err=HttpError('InvalidRequest: Could not find repo: did:plc:ebjpisiavferfhpklbt55rlo')
2026-02-27T23:47:15Z WARNING bsky_collector_v2.job.index_feed_generators: listRecords failed repo=did:plc:gaplnc6qumdmwenhdlbv7436 err=HttpError('InvalidRequest: Could not find repo: did:plc:gaplnc6qumdmwenhdlbv7436')
2026-02-27T23:47:15Z WARNING bsky_collector_v2.job.index_feed_generators: listRecords failed repo=did:plc:kcskjhqk75byzjiyilkxiegc err=HttpError('InvalidRequest: Could not find repo: did:plc:kcskjhqk75byzjiyilkxiegc')
2026-02-27T23:47:15Z WARNING bsky_collector_v2.job.index_feed_generators: listRecords failed repo=did:plc:mgtnqpbiqdbc32x2phkwah2c err=HttpError('InvalidRequest: Could not find repo: did:plc:mgtnqpbiqdbc32x2phkwah2c')
2026-02-27T23:47:15Z WARNING bsky_collector_v2.job.index_feed_generators: listRecords failed repo=did:plc:n2cacmq4eq7gg33erzeuo435 err=HttpError('InvalidRequest: Could not find repo: did:plc:n2cacmq4eq7gg33erzeuo435')
2026-02-27T23:47:16Z WARNING bsky_collector_v2.job.index_feed_generators: listRecords failed repo=did:plc:ocriwoinu6ndfrdlfpm5qpqj err=HttpError('InvalidRequest: Could not find repo: did:plc:ocriwoinu6ndfrdlfpm5qpqj')
2026-02-27T23:47:16Z WARNING bsky_collector_v2.job.index_feed_generators: listRecords failed repo=did:plc:oonl2bhnzldabiztgxfbrqlg err=HttpError('InvalidRequest: Could not find repo: did:plc:oonl2bhnzldabiztgxfbrqlg')
2026-02-27T23:47:16Z WARNING bsky_collector_v2.job.index_feed_generators: listRecords failed repo=did:plc:szbcbi4pwtg4xndqqaft2o77 err=HttpError('InvalidRequest: Could not find repo: did:plc:szbcbi4pwtg4xndqqaft2o77')
2026-02-27T23:47:16Z WARNING bsky_collector_v2.job.index_feed_generators: listRecords failed repo=did:plc:tnvhnnqslgcqrgnv5urc2465 err=HttpError('InvalidRequest: Could not find repo: did:plc:tnvhnnqslgcqrgnv5urc2465')
2026-02-27T23:47:16Z WARNING bsky_collector_v2.job.index_feed_generators: listRecords failed repo=did:plc:u3ybtla37iq235wvuemjeqkj err=HttpError('InvalidRequest: Could not find repo: did:plc:u3ybtla37iq235wvuemjeqkj')
2026-02-27T23:47:16Z WARNING bsky_collector_v2.job.index_feed_generators: listRecords failed repo=did:plc:uc7u53yquwwrpj4bqs2yvnk6 err=HttpError('InvalidRequest: Could not find repo: did:plc:uc7u53yquwwrpj4bqs2yvnk6')
2026-02-27T23:47:16Z WARNING bsky_collector_v2.job.index_feed_generators: listRecords failed repo=did:plc:xojkcea7fadonsbxudltws5v err=HttpError('InvalidRequest: Could not find repo: did:plc:xojkcea7fadonsbxudltws5v')
2026-02-27T23:47:16Z WARNING bsky_collector_v2.job.index_feed_generators: listRecords failed repo=did:plc:zfckqe22avjcmtvtruez7mhj err=HttpError('InvalidRequest: Could not find repo: did:plc:zfckqe22avjcmtvtruez7mhj')
2026-02-27T23:47:17Z INFO bsky_collector_v2.job.index_feed_generators: enqueued repos page=7 mode=listRepos inserted=500 repos_returned=500 next_cursor=set
2026-02-27T23:47:25Z WARNING bsky_collector_v2.job.index_feed_generators: listRecords failed repo=did:plc:5jvnavjtup5jo7xeupsxyzfj err=HttpError('InvalidRequest: Could not find repo: did:plc:5jvnavjtup5jo7xeupsxyzfj')
2026-02-27T23:47:26Z WARNING bsky_collector_v2.job.index_feed_generators: listRecords failed repo=did:plc:5welcwb2sz72cn4eamr6662k err=HttpError('InvalidRequest: Could not find repo: did:plc:5welcwb2sz72cn4eamr6662k')
2026-02-27T23:47:26Z WARNING bsky_collector_v2.job.index_feed_generators: listRecords failed repo=did:plc:5xzr2knhrytaz5ypg7xzu77z err=HttpError('InvalidRequest: Could not find repo: did:plc:5xzr2knhrytaz5ypg7xzu77z')
2026-02-27T23:47:32Z WARNING bsky_collector_v2.job.index_feed_generators: listRecords failed repo=did:plc:7ive4n7uvlq7b5bmz7riwrie err=HttpError('InvalidRequest: Could not find repo: did:plc:7ive4n7uvlq7b5bmz7riwrie')
2026-02-27T23:47:32Z WARNING bsky_collector_v2.job.index_feed_generators: listRecords failed repo=did:plc:7lnpwuhfzubwp745ebdbbnws err=HttpError('InvalidRequest: Could not find repo: did:plc:7lnpwuhfzubwp745ebdbbnws')
2026-02-27T23:47:37Z WARNING bsky_collector_v2.job.index_feed_generators: listRecords failed repo=did:plc:avbujvqm3twhk3mernycdkrr err=HttpError('InvalidRequest: Could not find repo: did:plc:avbujvqm3twhk3mernycdkrr')
2026-02-27T23:47:44Z WARNING bsky_collector_v2.job.index_feed_generators: listRecords failed repo=did:plc:d5ovoc6kb7fx7pfvydji6jxe err=HttpError('InvalidRequest: Could not find repo: did:plc:d5ovoc6kb7fx7pfvydji6jxe')
2026-02-27T23:47:45Z WARNING bsky_collector_v2.job.index_feed_generators: listRecords failed repo=did:plc:dpr3rxrn4oupz7phffaehtn5 err=HttpError('InvalidRequest: Could not find repo: did:plc:dpr3rxrn4oupz7phffaehtn5')
2026-02-27T23:47:45Z WARNING bsky_collector_v2.job.index_feed_generators: listRecords failed repo=did:plc:dqr7fkzd3occqmxzquhunkfy err=HttpError('InvalidRequest: Could not find repo: did:plc:dqr7fkzd3occqmxzquhunkfy')
2026-02-27T23:47:52Z WARNING bsky_collector_v2.job.index_feed_generators: listRecords failed repo=did:plc:gbcxuc4bs7d4o2dpj3cwtawm err=HttpError('InvalidRequest: Could not find repo: did:plc:gbcxuc4bs7d4o2dpj3cwtawm')
2026-02-27T23:47:52Z WARNING bsky_collector_v2.job.index_feed_generators: listRecords failed repo=did:plc:gbq6ilynvxc4bxpb42y4slve err=HttpError('InvalidRequest: Could not find repo: did:plc:gbq6ilynvxc4bxpb42y4slve')
2026-02-27T23:47:58Z INFO bsky_collector_v2.job.index_feed_generators: indexed repo=did:plc:ht4zqfjowu3xw4m5424gqf2d part=1027 records=1 next_cursor=set
2026-02-27T23:48:00Z WARNING bsky_collector_v2.job.index_feed_generators: listRecords failed repo=did:plc:ic3zxi2jt2fipzzkoftzvfe3 err=HttpError('InvalidRequest: Could not find repo: did:plc:ic3zxi2jt2fipzzkoftzvfe3')
2026-02-27T23:48:01Z WARNING bsky_collector_v2.job.index_feed_generators: listRecords failed repo=did:plc:ie4endwl7godz5jgxj4sxqka err=HttpError('InvalidRequest: Could not find repo: did:plc:ie4endwl7godz5jgxj4sxqka')
2026-02-27T23:48:02Z WARNING bsky_collector_v2.job.index_feed_generators: listRecords failed repo=did:plc:jadhz6h6m347votu6vx7f6kj err=HttpError('InvalidRequest: Could not find repo: did:plc:jadhz6h6m347votu6vx7f6kj')
2026-02-27T23:48:03Z WARNING bsky_collector_v2.job.index_feed_generators: listRecords failed repo=did:plc:jg7ialhw427vn3ukbjvlidyf err=HttpError('InvalidRequest: Could not find repo: did:plc:jg7ialhw427vn3ukbjvlidyf')
2026-02-27T23:48:05Z WARNING bsky_collector_v2.job.index_feed_generators: listRecords failed repo=did:plc:kazgldfemwmjwnesdskl3amt err=HttpError('InvalidRequest: Could not find repo: did:plc:kazgldfemwmjwnesdskl3amt')
2026-02-27T23:48:05Z WARNING bsky_collector_v2.job.index_feed_generators: listRecords failed repo=did:plc:km72dexxdnyw2tsjkucoqljk err=HttpError('InvalidRequest: Could not find repo: did:plc:km72dexxdnyw2tsjkucoqljk')
2026-02-27T23:48:06Z WARNING bsky_collector_v2.job.index_feed_generators: listRecords failed repo=did:plc:knxaswko5idh6ehfuovyz7dl err=HttpError('InvalidRequest: Could not find repo: did:plc:knxaswko5idh6ehfuovyz7dl')
2026-02-27T23:48:06Z WARNING bsky_collector_v2.job.index_feed_generators: listRecords failed repo=did:plc:lfgkzturtqpjzchpuocnlqjw err=HttpError('InvalidRequest: Could not find repo: did:plc:lfgkzturtqpjzchpuocnlqjw')
2026-02-27T23:48:07Z WARNING bsky_collector_v2.job.index_feed_generators: listRecords failed repo=did:plc:lpv5arsevwlcjihyijmnqmpo err=HttpError('InvalidRequest: Could not find repo: did:plc:lpv5arsevwlcjihyijmnqmpo')
2026-02-27T23:48:15Z WARNING bsky_collector_v2.job.index_feed_generators: listRecords failed repo=did:plc:nzmkbabuk4cv5hfjwsifzypo err=HttpError('InvalidRequest: Could not find repo: did:plc:nzmkbabuk4cv5hfjwsifzypo')
2026-02-27T23:48:52Z ERROR bsky_collector_v2: job failed subcommand=index-feed-generators err=TimeoutError('timed out')
Traceback (most recent call last):
  File "D:\BlueSky\bsky_collector_v2\jobs\index_feed_generators.py", line 704, in run_index_feed_generators
    state.commit()
  File "D:\BlueSky\bsky_collector_v2\state.py", line 167, in _call
    return self._rpc(name, *args, **kwargs)
           ^^^^^^^^^^^^^^^^^^^^^^^^^^^^^^^^
  File "D:\BlueSky\bsky_collector_v2\state.py", line 133, in _rpc
    chunk = conn.recv(65536)
            ^^^^^^^^^^^^^^^^
TimeoutError: timed out

During handling of the above exception, another exception occurred:

Traceback (most recent call last):
  File "D:\BlueSky\bsky_collector_v2\jobs\index_feed_generators.py", line 829, in run_index_feed_generators
    state.mark_feed_generator_index_repo_done(
  File "D:\BlueSky\bsky_collector_v2\state.py", line 167, in _call
    return self._rpc(name, *args, **kwargs)
           ^^^^^^^^^^^^^^^^^^^^^^^^^^^^^^^^
  File "D:\BlueSky\bsky_collector_v2\state.py", line 133, in _rpc
    chunk = conn.recv(65536)
            ^^^^^^^^^^^^^^^^
TimeoutError: timed out

During handling of the above exception, another exception occurred:

Traceback (most recent call last):
  File "D:\BlueSky\bsky_collector_v2\cli.py", line 278, in main
    asyncio.run(
  File "C:\Users\Atom\AppData\Local\Programs\Python\Python312\Lib\asyncio\runners.py", line 195, in run
    return runner.run(main)
           ^^^^^^^^^^^^^^^^
  File "C:\Users\Atom\AppData\Local\Programs\Python\Python312\Lib\asyncio\runners.py", line 118, in run
    return self._loop.run_until_complete(task)
           ^^^^^^^^^^^^^^^^^^^^^^^^^^^^^^^^^^^
  File "C:\Users\Atom\AppData\Local\Programs\Python\Python312\Lib\asyncio\base_events.py", line 691, in run_until_complete
    return future.result()
           ^^^^^^^^^^^^^^^
  File "D:\BlueSky\bsky_collector_v2\jobs\index_feed_generators.py", line 879, in run_index_feed_generators
    state.finish_run(run_id=run_id, finished_at_utc=format_utc(now_utc()), success=success)
  File "D:\BlueSky\bsky_collector_v2\state.py", line 167, in _call
    return self._rpc(name, *args, **kwargs)
           ^^^^^^^^^^^^^^^^^^^^^^^^^^^^^^^^
  File "D:\BlueSky\bsky_collector_v2\state.py", line 133, in _rpc
    chunk = conn.recv(65536)
            ^^^^^^^^^^^^^^^^
TimeoutError: timed out
