2026-02-27T09:20:36Z INFO bsky_collector_v2: out_base ok path=D:\BlueSky\data_v2_full mount=D:\
2026-02-27T09:20:36Z INFO bsky_collector_v2: job start subcommand=index-feed-generators dry_run=False resume=True
2026-02-27T09:20:37Z INFO bsky_collector_v2.job.index_feed_generators: feed generator index hosts relay_host=https://bsky.network records_host=https://bsky.social auth=yes
2026-02-27T09:20:39Z WARNING bsky_collector_v2.job.index_feed_generators: listRecords failed repo=did:plc:av7zcuponctrtqdeddnxlxln err=HttpError('InvalidRequest: Could not find repo: did:plc:av7zcuponctrtqdeddnxlxln')
2026-02-27T09:20:39Z WARNING bsky_collector_v2.job.index_feed_generators: listRecords failed repo=did:plc:awuoom7aibsqx3fqyrlegmpt err=HttpError('InvalidRequest: Could not find repo: did:plc:awuoom7aibsqx3fqyrlegmpt')
2026-02-27T09:20:40Z WARNING bsky_collector_v2.job.index_feed_generators: listRecords failed repo=did:plc:azyowfi6dfolagjz2kinhp63 err=HttpError('InvalidRequest: Could not find repo: did:plc:azyowfi6dfolagjz2kinhp63')
2026-02-27T09:20:40Z WARNING bsky_collector_v2.job.index_feed_generators: listRecords failed repo=did:plc:bgkqa5rbn4taqylprkrrltxr err=HttpError('InvalidRequest: Could not find repo: did:plc:bgkqa5rbn4taqylprkrrltxr')
2026-02-27T09:20:41Z WARNING bsky_collector_v2.job.index_feed_generators: listRecords failed repo=did:plc:c47khmjqvl2thmiex57nanii err=HttpError('InvalidRequest: Could not find repo: did:plc:c47khmjqvl2thmiex57nanii')
2026-02-27T09:20:42Z WARNING bsky_collector_v2.job.index_feed_generators: listRecords failed repo=did:plc:cgwvrbhge2tt4voxvuzvmz2f err=HttpError('InvalidRequest: Could not find repo: did:plc:cgwvrbhge2tt4voxvuzvmz2f')
2026-02-27T09:20:42Z WARNING bsky_collector_v2.job.index_feed_generators: listRecords failed repo=did:plc:cjlnsl6zk4xhpeuljvgssclv err=HttpError('InvalidRequest: Could not find repo: did:plc:cjlnsl6zk4xhpeuljvgssclv')
2026-02-27T09:20:42Z WARNING bsky_collector_v2.job.index_feed_generators: listRecords failed repo=did:plc:cywmz74zg3ta2qcn5whkoh45 err=HttpError('InvalidRequest: Could not find repo: did:plc:cywmz74zg3ta2qcn5whkoh45')
2026-02-27T09:20:42Z WARNING bsky_collector_v2.job.index_feed_generators: listRecords failed repo=did:plc:cziy4dzcnj3h5g6flnl7ixbt err=HttpError('InvalidRequest: Could not find repo: did:plc:cziy4dzcnj3h5g6flnl7ixbt')
2026-02-27T09:20:43Z WARNING bsky_collector_v2.job.index_feed_generators: listRecords failed repo=did:plc:da4ej5fk65rr4g5dupmirsbd err=HttpError('InvalidRequest: Could not find repo: did:plc:da4ej5fk65rr4g5dupmirsbd')
2026-02-27T09:20:45Z WARNING bsky_collector_v2.job.index_feed_generators: listRecords failed repo=did:plc:dqvuznh6gpf45vqnc2s6gkwy err=HttpError('InvalidRequest: Could not find repo: did:plc:dqvuznh6gpf45vqnc2s6gkwy')
2026-02-27T09:20:45Z WARNING bsky_collector_v2.job.index_feed_generators: listRecords failed repo=did:plc:dvlggi55itpwpytxhilapn37 err=HttpError('InvalidRequest: Could not find repo: did:plc:dvlggi55itpwpytxhilapn37')
2026-02-27T09:20:46Z WARNING bsky_collector_v2.job.index_feed_generators: listRecords failed repo=did:plc:e3lamu3hialqicmp63c64s5n err=HttpError('InvalidRequest: Could not find repo: did:plc:e3lamu3hialqicmp63c64s5n')
2026-02-27T09:20:48Z WARNING bsky_collector_v2.job.index_feed_generators: listRecords failed repo=did:plc:f4gtpdwapgpentbyurc6veub err=HttpError('InvalidRequest: Could not find repo: did:plc:f4gtpdwapgpentbyurc6veub')
2026-02-27T09:20:48Z WARNING bsky_collector_v2.job.index_feed_generators: listRecords failed repo=did:plc:f53dumqhq3fs2rbgtbre755d err=HttpError('InvalidRequest: Could not find repo: did:plc:f53dumqhq3fs2rbgtbre755d')
2026-02-27T09:20:48Z WARNING bsky_collector_v2.job.index_feed_generators: listRecords failed repo=did:plc:feapyhg2zapbafxwcczzq27a err=HttpError('InvalidRequest: Could not find repo: did:plc:feapyhg2zapbafxwcczzq27a')
2026-02-27T09:20:48Z WARNING bsky_collector_v2.job.index_feed_generators: listRecords failed repo=did:plc:fjzhtqvv5wjkmw7nb7fqcivj err=HttpError('InvalidRequest: Could not find repo: did:plc:fjzhtqvv5wjkmw7nb7fqcivj')
2026-02-27T09:20:49Z WARNING bsky_collector_v2.job.index_feed_generators: listRecords failed repo=did:plc:fskm5nr5al7r6ibn7on2g2g7 err=HttpError('InvalidRequest: Could not find repo: did:plc:fskm5nr5al7r6ibn7on2g2g7')
2026-02-27T09:20:49Z WARNING bsky_collector_v2.job.index_feed_generators: listRecords failed repo=did:plc:funt2s25xxrry4j2bcjwblvt err=HttpError('InvalidRequest: Could not find repo: did:plc:funt2s25xxrry4j2bcjwblvt')
2026-02-27T09:20:49Z WARNING bsky_collector_v2.job.index_feed_generators: listRecords failed repo=did:plc:fuwsser2ft5pfzhq7c44wh7u err=HttpError('InvalidRequest: Could not find repo: did:plc:fuwsser2ft5pfzhq7c44wh7u')
2026-02-27T09:20:49Z WARNING bsky_collector_v2.job.index_feed_generators: listRecords failed repo=did:plc:g3oshcus75tl4s6kxck5urqo err=HttpError('InvalidRequest: Could not find repo: did:plc:g3oshcus75tl4s6kxck5urqo')
2026-02-27T09:20:49Z WARNING bsky_collector_v2.job.index_feed_generators: listRecords failed repo=did:plc:g47xd7wvd42pwyfy75otjjae err=HttpError('InvalidRequest: Could not find repo: did:plc:g47xd7wvd42pwyfy75otjjae')
2026-02-27T09:20:49Z WARNING bsky_collector_v2.job.index_feed_generators: listRecords failed repo=did:plc:g6fhuo4qgnwespodtivhqc7o err=HttpError('InvalidRequest: Could not find repo: did:plc:g6fhuo4qgnwespodtivhqc7o')
2026-02-27T09:20:50Z WARNING bsky_collector_v2.job.index_feed_generators: listRecords failed repo=did:plc:gkarp5pmixck5caz4aoswl5v err=HttpError('InvalidRequest: Could not find repo: did:plc:gkarp5pmixck5caz4aoswl5v')
2026-02-27T09:20:51Z WARNING bsky_collector_v2.job.index_feed_generators: listRecords failed repo=did:plc:gxu5sd2nz3pfrpxah4zoa6qw err=HttpError('InvalidRequest: Could not find repo: did:plc:gxu5sd2nz3pfrpxah4zoa6qw')
2026-02-27T09:20:54Z WARNING bsky_collector_v2.job.index_feed_generators: listRecords failed repo=did:plc:hqk5isoeo22hdyvj2gj36lxc err=HttpError('InvalidRequest: Could not find repo: did:plc:hqk5isoeo22hdyvj2gj36lxc')
2026-02-27T09:20:54Z WARNING bsky_collector_v2.job.index_feed_generators: listRecords failed repo=did:plc:i54h47t5jkkjfkwgr34x26rg err=HttpError('InvalidRequest: Could not find repo: did:plc:i54h47t5jkkjfkwgr34x26rg')
2026-02-27T09:20:58Z WARNING bsky_collector_v2.job.index_feed_generators: listRecords failed repo=did:plc:izfgc6zspjoe4tt2vfjagily err=HttpError('InvalidRequest: Could not find repo: did:plc:izfgc6zspjoe4tt2vfjagily')
2026-02-27T09:21:02Z WARNING bsky_collector_v2.job.index_feed_generators: listRecords failed repo=did:plc:juvsar736m2r3cllqyvxtq5a err=HttpError('InvalidRequest: Could not find repo: did:plc:juvsar736m2r3cllqyvxtq5a')
2026-02-27T09:21:04Z WARNING bsky_collector_v2.job.index_feed_generators: listRecords failed repo=did:plc:ke37vegkh37vktjvoljsxh2r err=HttpError('InvalidRequest: Could not find repo: did:plc:ke37vegkh37vktjvoljsxh2r')
2026-02-27T09:21:04Z WARNING bsky_collector_v2.job.index_feed_generators: listRecords failed repo=did:plc:kkcxfmociwi4e5qhhbxaxchy err=HttpError('InvalidRequest: Could not find repo: did:plc:kkcxfmociwi4e5qhhbxaxchy')
2026-02-27T09:21:05Z WARNING bsky_collector_v2.job.index_feed_generators: listRecords failed repo=did:plc:kvh7cnqrvparh4ds4qjsrxo2 err=HttpError('InvalidRequest: Could not find repo: did:plc:kvh7cnqrvparh4ds4qjsrxo2')
2026-02-27T09:21:06Z WARNING bsky_collector_v2.job.index_feed_generators: listRecords failed repo=did:plc:lc3jhtegvo4t7x46lwfo26ly err=HttpError('InvalidRequest: Could not find repo: did:plc:lc3jhtegvo4t7x46lwfo26ly')
2026-02-27T09:21:07Z WARNING bsky_collector_v2.job.index_feed_generators: listRecords failed repo=did:plc:li2id526b6jl6jtgp6rlocp5 err=HttpError('InvalidRequest: Could not find repo: did:plc:li2id526b6jl6jtgp6rlocp5')
2026-02-27T09:21:09Z INFO bsky_collector_v2.job.index_feed_generators: indexed repo=did:plc:mfipz7rhugvom5i2akqlnjcb part=353 records=3 next_cursor=set
2026-02-27T09:21:09Z WARNING bsky_collector_v2.job.index_feed_generators: listRecords failed repo=did:plc:mhnbu2xecvabkc2bjezynjeg err=HttpError('InvalidRequest: Could not find repo: did:plc:mhnbu2xecvabkc2bjezynjeg')
2026-02-27T09:21:13Z WARNING bsky_collector_v2.job.index_feed_generators: listRecords failed repo=did:plc:nlklyczcrrjjbssp22k2pqb2 err=HttpError('InvalidRequest: Could not find repo: did:plc:nlklyczcrrjjbssp22k2pqb2')
2026-02-27T09:21:13Z WARNING bsky_collector_v2.job.index_feed_generators: listRecords failed repo=did:plc:nntfoknrm42vtm2hpa4qz2km err=HttpError('InvalidRequest: Could not find repo: did:plc:nntfoknrm42vtm2hpa4qz2km')
2026-02-27T09:21:13Z WARNING bsky_collector_v2.job.index_feed_generators: listRecords failed repo=did:plc:no3krcgluc7fepg5gobnvt74 err=HttpError('InvalidRequest: Could not find repo: did:plc:no3krcgluc7fepg5gobnvt74')
2026-02-27T09:21:21Z WARNING bsky_collector_v2.job.index_feed_generators: listRecords failed repo=did:plc:r5gi2zsvewytb7cetaw34ifi err=HttpError('InvalidRequest: Could not find repo: did:plc:r5gi2zsvewytb7cetaw34ifi')
2026-02-27T09:21:21Z WARNING bsky_collector_v2.job.index_feed_generators: listRecords failed repo=did:plc:r5tkum6nrt5bfwkplimn7syw err=HttpError('InvalidRequest: Could not find repo: did:plc:r5tkum6nrt5bfwkplimn7syw')
2026-02-27T09:21:21Z WARNING bsky_collector_v2.job.index_feed_generators: listRecords failed repo=did:plc:rhsu4cbl5r5all76by2bap7w err=HttpError('InvalidRequest: Could not find repo: did:plc:rhsu4cbl5r5all76by2bap7w')
2026-02-27T09:21:23Z WARNING bsky_collector_v2.job.index_feed_generators: listRecords failed repo=did:plc:rt6ew5xyplydvicbsiee7po2 err=HttpError('InvalidRequest: Could not find repo: did:plc:rt6ew5xyplydvicbsiee7po2')
2026-02-27T09:21:24Z WARNING bsky_collector_v2.job.index_feed_generators: listRecords failed repo=did:plc:s4ebcqaifndorwpobqvaqgzx err=HttpError('InvalidRequest: Could not find repo: did:plc:s4ebcqaifndorwpobqvaqgzx')
2026-02-27T09:21:24Z WARNING bsky_collector_v2.job.index_feed_generators: listRecords failed repo=did:plc:s526r6ca6apoi6iwdmlaaeu2 err=HttpError('InvalidRequest: Could not find repo: did:plc:s526r6ca6apoi6iwdmlaaeu2')
2026-02-27T09:21:24Z WARNING bsky_collector_v2.job.index_feed_generators: listRecords failed repo=did:plc:s6dsnnyvefe65ap7o6sc5hdm err=HttpError('InvalidRequest: Could not find repo: did:plc:s6dsnnyvefe65ap7o6sc5hdm')
2026-02-27T09:21:24Z WARNING bsky_collector_v2.job.index_feed_generators: listRecords failed repo=did:plc:saxemmoddk7jignttln6hrqq err=HttpError('InvalidRequest: Could not find repo: did:plc:saxemmoddk7jignttln6hrqq')
2026-02-27T09:21:26Z INFO bsky_collector_v2.job.index_feed_generators: indexed repo=did:plc:ssrse2bwdowaxfwhakjogmaq part=354 records=1 next_cursor=set
2026-02-27T09:21:28Z WARNING bsky_collector_v2.job.index_feed_generators: listRecords failed repo=did:plc:tibp46x237urnbjfhdnotwvl err=HttpError('InvalidRequest: Could not find repo: did:plc:tibp46x237urnbjfhdnotwvl')
2026-02-27T09:21:30Z WARNING bsky_collector_v2.job.index_feed_generators: listRecords failed repo=did:plc:u3gzbggpw75jh74ltqwqkaxr err=HttpError('InvalidRequest: Could not find repo: did:plc:u3gzbggpw75jh74ltqwqkaxr')
2026-02-27T09:21:33Z WARNING bsky_collector_v2.job.index_feed_generators: listRecords failed repo=did:plc:uxoxk5ikfjpmmtu72yawlz5h err=HttpError('InvalidRequest: Could not find repo: did:plc:uxoxk5ikfjpmmtu72yawlz5h')
2026-02-27T09:21:33Z WARNING bsky_collector_v2.job.index_feed_generators: listRecords failed repo=did:plc:v27e6txgj4h6gd4bshy66ckc err=HttpError('InvalidRequest: Could not find repo: did:plc:v27e6txgj4h6gd4bshy66ckc')
2026-02-27T09:21:35Z WARNING bsky_collector_v2.job.index_feed_generators: listRecords failed repo=did:plc:vqyo3d5yj5uwbymx3h7feqnw err=HttpError('InvalidRequest: Could not find repo: did:plc:vqyo3d5yj5uwbymx3h7feqnw')
2026-02-27T09:21:35Z WARNING bsky_collector_v2.job.index_feed_generators: listRecords failed repo=did:plc:vrx2mkkhip4eo64pshustjpy err=HttpError('InvalidRequest: Could not find repo: did:plc:vrx2mkkhip4eo64pshustjpy')
2026-02-27T09:21:35Z WARNING bsky_collector_v2.job.index_feed_generators: listRecords failed repo=did:plc:vtqhbvrsun33vwwwcrrvjnnw err=HttpError('InvalidRequest: Could not find repo: did:plc:vtqhbvrsun33vwwwcrrvjnnw')
2026-02-27T09:21:36Z WARNING bsky_collector_v2.job.index_feed_generators: listRecords failed repo=did:plc:vzrvnwiqb6wpoxrzo73gwg4u err=HttpError('InvalidRequest: Could not find repo: did:plc:vzrvnwiqb6wpoxrzo73gwg4u')
2026-02-27T09:21:37Z WARNING bsky_collector_v2.job.index_feed_generators: listRecords failed repo=did:plc:w4tqc36duaah2jh5jgnzlr57 err=HttpError('InvalidRequest: Could not find repo: did:plc:w4tqc36duaah2jh5jgnzlr57')
2026-02-27T09:21:37Z WARNING bsky_collector_v2.job.index_feed_generators: listRecords failed repo=did:plc:w6grovwncbafddrgyly6cnea err=HttpError('InvalidRequest: Could not find repo: did:plc:w6grovwncbafddrgyly6cnea')
2026-02-27T09:21:38Z WARNING bsky_collector_v2.job.index_feed_generators: listRecords failed repo=did:plc:wkoig2zisq5pjg4kyvvxsmbx err=HttpError('InvalidRequest: Could not find repo: did:plc:wkoig2zisq5pjg4kyvvxsmbx')
2026-02-27T09:21:38Z WARNING bsky_collector_v2.job.index_feed_generators: listRecords failed repo=did:plc:wmvwglralcbflqeqdzwqvf4p err=HttpError('InvalidRequest: Could not find repo: did:plc:wmvwglralcbflqeqdzwqvf4p')
2026-02-27T09:21:39Z WARNING bsky_collector_v2.job.index_feed_generators: listRecords failed repo=did:plc:wzfye3ld2t3c77q5sgbxrjmy err=HttpError('InvalidRequest: Could not find repo: did:plc:wzfye3ld2t3c77q5sgbxrjmy')
2026-02-27T09:21:40Z WARNING bsky_collector_v2.job.index_feed_generators: listRecords failed repo=did:plc:x2hliiowa6jjh6ja2eqftbij err=HttpError('InvalidRequest: Could not find repo: did:plc:x2hliiowa6jjh6ja2eqftbij')
2026-02-27T09:21:40Z WARNING bsky_collector_v2.job.index_feed_generators: listRecords failed repo=did:plc:xdd463rgznxnm3ccqzqcipxx err=HttpError('InvalidRequest: Could not find repo: did:plc:xdd463rgznxnm3ccqzqcipxx')
2026-02-27T09:21:41Z WARNING bsky_collector_v2.job.index_feed_generators: listRecords failed repo=did:plc:xqst7lzmppdigziwk5e4yvny err=HttpError('InvalidRequest: Could not find repo: did:plc:xqst7lzmppdigziwk5e4yvny')
2026-02-27T09:21:44Z WARNING bsky_collector_v2.job.index_feed_generators: listRecords failed repo=did:plc:yualtdqfxgbvnb3uuvgi2tmy err=HttpError('InvalidRequest: Could not find repo: did:plc:yualtdqfxgbvnb3uuvgi2tmy')
2026-02-27T09:21:45Z WARNING bsky_collector_v2.job.index_feed_generators: listRecords failed repo=did:plc:yya6kknjaorg5snc2unx2rgv err=HttpError('InvalidRequest: Could not find repo: did:plc:yya6kknjaorg5snc2unx2rgv')
2026-02-27T09:21:45Z WARNING bsky_collector_v2.job.index_feed_generators: listRecords failed repo=did:plc:zag3mamkf6jrndnpyfqwujad err=HttpError('InvalidRequest: Could not find repo: did:plc:zag3mamkf6jrndnpyfqwujad')
2026-02-27T09:21:46Z WARNING bsky_collector_v2.job.index_feed_generators: listRecords failed repo=did:plc:zkzz77et4k5aevelcthnh7ef err=HttpError('InvalidRequest: Could not find repo: did:plc:zkzz77et4k5aevelcthnh7ef')
2026-02-27T09:21:47Z WARNING bsky_collector_v2.job.index_feed_generators: listRecords failed repo=did:plc:zpeo4ms47l3gun4g4hth7klf err=HttpError('InvalidRequest: Could not find repo: did:plc:zpeo4ms47l3gun4g4hth7klf')
2026-02-27T09:21:47Z WARNING bsky_collector_v2.job.index_feed_generators: listRecords failed repo=did:plc:zy5p2bcoytvuvnhn2ql7kgox err=HttpError('InvalidRequest: Could not find repo: did:plc:zy5p2bcoytvuvnhn2ql7kgox')
2026-02-27T09:21:48Z WARNING bsky_collector_v2.job.index_feed_generators: listRecords failed repo=did:plc:2mld4fycbnzso54mlsgzzjg3 err=HttpError('InvalidRequest: Could not find repo: did:plc:2mld4fycbnzso54mlsgzzjg3')
2026-02-27T09:21:48Z WARNING bsky_collector_v2.job.index_feed_generators: listRecords failed repo=did:plc:3boar2vvp4q2y3kkrwdqbbwv err=HttpError('InvalidRequest: Could not find repo: did:plc:3boar2vvp4q2y3kkrwdqbbwv')
2026-02-27T09:21:48Z WARNING bsky_collector_v2.job.index_feed_generators: listRecords failed repo=did:plc:3dozgibx7xtcawnyjvxyl5se err=HttpError('InvalidRequest: Could not find repo: did:plc:3dozgibx7xtcawnyjvxyl5se')
2026-02-27T09:21:48Z WARNING bsky_collector_v2.job.index_feed_generators: listRecords failed repo=did:plc:3mafvt6dq5awcavmkchxgkmo err=HttpError('InvalidRequest: Could not find repo: did:plc:3mafvt6dq5awcavmkchxgkmo')
2026-02-27T09:21:48Z WARNING bsky_collector_v2.job.index_feed_generators: listRecords failed repo=did:plc:3p25khtogeli27sboz376jwa err=HttpError('InvalidRequest: Could not find repo: did:plc:3p25khtogeli27sboz376jwa')
2026-02-27T09:21:48Z WARNING bsky_collector_v2.job.index_feed_generators: listRecords failed repo=did:plc:4eipaijzhtoxfvtkvg2lsfq5 err=HttpError('InvalidRequest: Could not find repo: did:plc:4eipaijzhtoxfvtkvg2lsfq5')
2026-02-27T09:21:48Z WARNING bsky_collector_v2.job.index_feed_generators: listRecords failed repo=did:plc:4lrfvqlez7in4rfnciqjuzdx err=HttpError('InvalidRequest: Could not find repo: did:plc:4lrfvqlez7in4rfnciqjuzdx')
2026-02-27T09:21:48Z WARNING bsky_collector_v2.job.index_feed_generators: listRecords failed repo=did:plc:5cytnsbbqi2gga57qqrewmmz err=HttpError('InvalidRequest: Could not find repo: did:plc:5cytnsbbqi2gga57qqrewmmz')
2026-02-27T09:21:48Z WARNING bsky_collector_v2.job.index_feed_generators: listRecords failed repo=did:plc:5gk4l3k2ivz5cbm3ywo52gzv err=HttpError('InvalidRequest: Could not find repo: did:plc:5gk4l3k2ivz5cbm3ywo52gzv')
2026-02-27T09:21:49Z WARNING bsky_collector_v2.job.index_feed_generators: listRecords failed repo=did:plc:5se5q5qm5qkt6nboc7ncdecp err=HttpError('InvalidRequest: Could not find repo: did:plc:5se5q5qm5qkt6nboc7ncdecp')
2026-02-27T09:21:49Z WARNING bsky_collector_v2.job.index_feed_generators: listRecords failed repo=did:plc:625ait6ximucatcdfvfrwinz err=HttpError('InvalidRequest: Could not find repo: did:plc:625ait6ximucatcdfvfrwinz')
2026-02-27T09:21:49Z WARNING bsky_collector_v2.job.index_feed_generators: listRecords failed repo=did:plc:6hwz342xdspgtmu6hun36emg err=HttpError('InvalidRequest: Could not find repo: did:plc:6hwz342xdspgtmu6hun36emg')
2026-02-27T09:21:49Z WARNING bsky_collector_v2.job.index_feed_generators: listRecords failed repo=did:plc:6ny5a2rl5wegw63gdovgx5do err=HttpError('InvalidRequest: Could not find repo: did:plc:6ny5a2rl5wegw63gdovgx5do')
2026-02-27T09:21:49Z WARNING bsky_collector_v2.job.index_feed_generators: listRecords failed repo=did:plc:7cow4obq2qkdrhabx4xb7yz6 err=HttpError('InvalidRequest: Could not find repo: did:plc:7cow4obq2qkdrhabx4xb7yz6')
2026-02-27T09:21:49Z WARNING bsky_collector_v2.job.index_feed_generators: listRecords failed repo=did:plc:7rr5qy26zdcxzipwvohyebs4 err=HttpError('InvalidRequest: Could not find repo: did:plc:7rr5qy26zdcxzipwvohyebs4')
2026-02-27T09:21:49Z WARNING bsky_collector_v2.job.index_feed_generators: listRecords failed repo=did:plc:7vhfvryccunatjbtdksamzjx err=HttpError('InvalidRequest: Could not find repo: did:plc:7vhfvryccunatjbtdksamzjx')
2026-02-27T09:21:49Z WARNING bsky_collector_v2.job.index_feed_generators: listRecords failed repo=did:plc:7xv5enuiczbcxhuou4qisu73 err=HttpError('InvalidRequest: Could not find repo: did:plc:7xv5enuiczbcxhuou4qisu73')
2026-02-27T09:21:49Z WARNING bsky_collector_v2.job.index_feed_generators: listRecords failed repo=did:plc:av7zcuponctrtqdeddnxlxln err=HttpError('InvalidRequest: Could not find repo: did:plc:av7zcuponctrtqdeddnxlxln')
2026-02-27T09:21:49Z WARNING bsky_collector_v2.job.index_feed_generators: listRecords failed repo=did:plc:awuoom7aibsqx3fqyrlegmpt err=HttpError('InvalidRequest: Could not find repo: did:plc:awuoom7aibsqx3fqyrlegmpt')
2026-02-27T09:21:50Z WARNING bsky_collector_v2.job.index_feed_generators: listRecords failed repo=did:plc:azyowfi6dfolagjz2kinhp63 err=HttpError('InvalidRequest: Could not find repo: did:plc:azyowfi6dfolagjz2kinhp63')
2026-02-27T09:21:50Z WARNING bsky_collector_v2.job.index_feed_generators: listRecords failed repo=did:plc:bgkqa5rbn4taqylprkrrltxr err=HttpError('InvalidRequest: Could not find repo: did:plc:bgkqa5rbn4taqylprkrrltxr')
2026-02-27T09:21:50Z WARNING bsky_collector_v2.job.index_feed_generators: listRecords failed repo=did:plc:c47khmjqvl2thmiex57nanii err=HttpError('InvalidRequest: Could not find repo: did:plc:c47khmjqvl2thmiex57nanii')
2026-02-27T09:21:50Z WARNING bsky_collector_v2.job.index_feed_generators: listRecords failed repo=did:plc:cgwvrbhge2tt4voxvuzvmz2f err=HttpError('InvalidRequest: Could not find repo: did:plc:cgwvrbhge2tt4voxvuzvmz2f')
2026-02-27T09:21:50Z WARNING bsky_collector_v2.job.index_feed_generators: listRecords failed repo=did:plc:cjlnsl6zk4xhpeuljvgssclv err=HttpError('InvalidRequest: Could not find repo: did:plc:cjlnsl6zk4xhpeuljvgssclv')
2026-02-27T09:21:50Z WARNING bsky_collector_v2.job.index_feed_generators: listRecords failed repo=did:plc:cywmz74zg3ta2qcn5whkoh45 err=HttpError('InvalidRequest: Could not find repo: did:plc:cywmz74zg3ta2qcn5whkoh45')
2026-02-27T09:21:50Z WARNING bsky_collector_v2.job.index_feed_generators: listRecords failed repo=did:plc:cziy4dzcnj3h5g6flnl7ixbt err=HttpError('InvalidRequest: Could not find repo: did:plc:cziy4dzcnj3h5g6flnl7ixbt')
2026-02-27T09:21:50Z WARNING bsky_collector_v2.job.index_feed_generators: listRecords failed repo=did:plc:da4ej5fk65rr4g5dupmirsbd err=HttpError('InvalidRequest: Could not find repo: did:plc:da4ej5fk65rr4g5dupmirsbd')
2026-02-27T09:21:51Z WARNING bsky_collector_v2.job.index_feed_generators: listRecords failed repo=did:plc:dqvuznh6gpf45vqnc2s6gkwy err=HttpError('InvalidRequest: Could not find repo: did:plc:dqvuznh6gpf45vqnc2s6gkwy')
2026-02-27T09:21:51Z WARNING bsky_collector_v2.job.index_feed_generators: listRecords failed repo=did:plc:dvlggi55itpwpytxhilapn37 err=HttpError('InvalidRequest: Could not find repo: did:plc:dvlggi55itpwpytxhilapn37')
2026-02-27T09:21:51Z WARNING bsky_collector_v2.job.index_feed_generators: listRecords failed repo=did:plc:e3lamu3hialqicmp63c64s5n err=HttpError('InvalidRequest: Could not find repo: did:plc:e3lamu3hialqicmp63c64s5n')
2026-02-27T09:21:51Z WARNING bsky_collector_v2.job.index_feed_generators: listRecords failed repo=did:plc:f4gtpdwapgpentbyurc6veub err=HttpError('InvalidRequest: Could not find repo: did:plc:f4gtpdwapgpentbyurc6veub')
2026-02-27T09:21:51Z WARNING bsky_collector_v2.job.index_feed_generators: listRecords failed repo=did:plc:f53dumqhq3fs2rbgtbre755d err=HttpError('InvalidRequest: Could not find repo: did:plc:f53dumqhq3fs2rbgtbre755d')
2026-02-27T09:21:51Z WARNING bsky_collector_v2.job.index_feed_generators: listRecords failed repo=did:plc:feapyhg2zapbafxwcczzq27a err=HttpError('InvalidRequest: Could not find repo: did:plc:feapyhg2zapbafxwcczzq27a')
2026-02-27T09:21:51Z WARNING bsky_collector_v2.job.index_feed_generators: listRecords failed repo=did:plc:fjzhtqvv5wjkmw7nb7fqcivj err=HttpError('InvalidRequest: Could not find repo: did:plc:fjzhtqvv5wjkmw7nb7fqcivj')
2026-02-27T09:21:51Z WARNING bsky_collector_v2.job.index_feed_generators: listRecords failed repo=did:plc:fskm5nr5al7r6ibn7on2g2g7 err=HttpError('InvalidRequest: Could not find repo: did:plc:fskm5nr5al7r6ibn7on2g2g7')
2026-02-27T09:21:51Z WARNING bsky_collector_v2.job.index_feed_generators: listRecords failed repo=did:plc:funt2s25xxrry4j2bcjwblvt err=HttpError('InvalidRequest: Could not find repo: did:plc:funt2s25xxrry4j2bcjwblvt')
2026-02-27T09:21:51Z WARNING bsky_collector_v2.job.index_feed_generators: listRecords failed repo=did:plc:fuwsser2ft5pfzhq7c44wh7u err=HttpError('InvalidRequest: Could not find repo: did:plc:fuwsser2ft5pfzhq7c44wh7u')
2026-02-27T09:21:51Z WARNING bsky_collector_v2.job.index_feed_generators: listRecords failed repo=did:plc:g3oshcus75tl4s6kxck5urqo err=HttpError('InvalidRequest: Could not find repo: did:plc:g3oshcus75tl4s6kxck5urqo')
2026-02-27T09:21:52Z WARNING bsky_collector_v2.job.index_feed_generators: listRecords failed repo=did:plc:g47xd7wvd42pwyfy75otjjae err=HttpError('InvalidRequest: Could not find repo: did:plc:g47xd7wvd42pwyfy75otjjae')
2026-02-27T09:21:52Z WARNING bsky_collector_v2.job.index_feed_generators: listRecords failed repo=did:plc:g6fhuo4qgnwespodtivhqc7o err=HttpError('InvalidRequest: Could not find repo: did:plc:g6fhuo4qgnwespodtivhqc7o')
2026-02-27T09:21:52Z WARNING bsky_collector_v2.job.index_feed_generators: listRecords failed repo=did:plc:gkarp5pmixck5caz4aoswl5v err=HttpError('InvalidRequest: Could not find repo: did:plc:gkarp5pmixck5caz4aoswl5v')
2026-02-27T09:21:52Z WARNING bsky_collector_v2.job.index_feed_generators: listRecords failed repo=did:plc:gxu5sd2nz3pfrpxah4zoa6qw err=HttpError('InvalidRequest: Could not find repo: did:plc:gxu5sd2nz3pfrpxah4zoa6qw')
2026-02-27T09:21:52Z WARNING bsky_collector_v2.job.index_feed_generators: listRecords failed repo=did:plc:hqk5isoeo22hdyvj2gj36lxc err=HttpError('InvalidRequest: Could not find repo: did:plc:hqk5isoeo22hdyvj2gj36lxc')
2026-02-27T09:21:52Z WARNING bsky_collector_v2.job.index_feed_generators: listRecords failed repo=did:plc:i54h47t5jkkjfkwgr34x26rg err=HttpError('InvalidRequest: Could not find repo: did:plc:i54h47t5jkkjfkwgr34x26rg')
2026-02-27T09:21:52Z WARNING bsky_collector_v2.job.index_feed_generators: listRecords failed repo=did:plc:izfgc6zspjoe4tt2vfjagily err=HttpError('InvalidRequest: Could not find repo: did:plc:izfgc6zspjoe4tt2vfjagily')
2026-02-27T09:21:52Z WARNING bsky_collector_v2.job.index_feed_generators: listRecords failed repo=did:plc:juvsar736m2r3cllqyvxtq5a err=HttpError('InvalidRequest: Could not find repo: did:plc:juvsar736m2r3cllqyvxtq5a')
2026-02-27T09:21:52Z WARNING bsky_collector_v2.job.index_feed_generators: listRecords failed repo=did:plc:ke37vegkh37vktjvoljsxh2r err=HttpError('InvalidRequest: Could not find repo: did:plc:ke37vegkh37vktjvoljsxh2r')
2026-02-27T09:21:52Z WARNING bsky_collector_v2.job.index_feed_generators: listRecords failed repo=did:plc:kkcxfmociwi4e5qhhbxaxchy err=HttpError('InvalidRequest: Could not find repo: did:plc:kkcxfmociwi4e5qhhbxaxchy')
2026-02-27T09:21:52Z WARNING bsky_collector_v2.job.index_feed_generators: listRecords failed repo=did:plc:kvh7cnqrvparh4ds4qjsrxo2 err=HttpError('InvalidRequest: Could not find repo: did:plc:kvh7cnqrvparh4ds4qjsrxo2')
2026-02-27T09:21:53Z WARNING bsky_collector_v2.job.index_feed_generators: listRecords failed repo=did:plc:lc3jhtegvo4t7x46lwfo26ly err=HttpError('InvalidRequest: Could not find repo: did:plc:lc3jhtegvo4t7x46lwfo26ly')
2026-02-27T09:21:53Z WARNING bsky_collector_v2.job.index_feed_generators: listRecords failed repo=did:plc:li2id526b6jl6jtgp6rlocp5 err=HttpError('InvalidRequest: Could not find repo: did:plc:li2id526b6jl6jtgp6rlocp5')
2026-02-27T09:21:53Z WARNING bsky_collector_v2.job.index_feed_generators: listRecords failed repo=did:plc:mhnbu2xecvabkc2bjezynjeg err=HttpError('InvalidRequest: Could not find repo: did:plc:mhnbu2xecvabkc2bjezynjeg')
2026-02-27T09:21:53Z WARNING bsky_collector_v2.job.index_feed_generators: listRecords failed repo=did:plc:nlklyczcrrjjbssp22k2pqb2 err=HttpError('InvalidRequest: Could not find repo: did:plc:nlklyczcrrjjbssp22k2pqb2')
2026-02-27T09:21:53Z WARNING bsky_collector_v2.job.index_feed_generators: listRecords failed repo=did:plc:nntfoknrm42vtm2hpa4qz2km err=HttpError('InvalidRequest: Could not find repo: did:plc:nntfoknrm42vtm2hpa4qz2km')
2026-02-27T09:21:53Z WARNING bsky_collector_v2.job.index_feed_generators: listRecords failed repo=did:plc:no3krcgluc7fepg5gobnvt74 err=HttpError('InvalidRequest: Could not find repo: did:plc:no3krcgluc7fepg5gobnvt74')
2026-02-27T09:21:53Z WARNING bsky_collector_v2.job.index_feed_generators: listRecords failed repo=did:plc:r5gi2zsvewytb7cetaw34ifi err=HttpError('InvalidRequest: Could not find repo: did:plc:r5gi2zsvewytb7cetaw34ifi')
2026-02-27T09:21:53Z WARNING bsky_collector_v2.job.index_feed_generators: listRecords failed repo=did:plc:r5tkum6nrt5bfwkplimn7syw err=HttpError('InvalidRequest: Could not find repo: did:plc:r5tkum6nrt5bfwkplimn7syw')
2026-02-27T09:21:53Z WARNING bsky_collector_v2.job.index_feed_generators: listRecords failed repo=did:plc:rhsu4cbl5r5all76by2bap7w err=HttpError('InvalidRequest: Could not find repo: did:plc:rhsu4cbl5r5all76by2bap7w')
2026-02-27T09:21:53Z WARNING bsky_collector_v2.job.index_feed_generators: listRecords failed repo=did:plc:rt6ew5xyplydvicbsiee7po2 err=HttpError('InvalidRequest: Could not find repo: did:plc:rt6ew5xyplydvicbsiee7po2')
2026-02-27T09:21:54Z WARNING bsky_collector_v2.job.index_feed_generators: listRecords failed repo=did:plc:s4ebcqaifndorwpobqvaqgzx err=HttpError('InvalidRequest: Could not find repo: did:plc:s4ebcqaifndorwpobqvaqgzx')
2026-02-27T09:21:54Z WARNING bsky_collector_v2.job.index_feed_generators: listRecords failed repo=did:plc:s526r6ca6apoi6iwdmlaaeu2 err=HttpError('InvalidRequest: Could not find repo: did:plc:s526r6ca6apoi6iwdmlaaeu2')
2026-02-27T09:21:54Z WARNING bsky_collector_v2.job.index_feed_generators: listRecords failed repo=did:plc:s6dsnnyvefe65ap7o6sc5hdm err=HttpError('InvalidRequest: Could not find repo: did:plc:s6dsnnyvefe65ap7o6sc5hdm')
2026-02-27T09:21:54Z WARNING bsky_collector_v2.job.index_feed_generators: listRecords failed repo=did:plc:saxemmoddk7jignttln6hrqq err=HttpError('InvalidRequest: Could not find repo: did:plc:saxemmoddk7jignttln6hrqq')
2026-02-27T09:21:54Z WARNING bsky_collector_v2.job.index_feed_generators: listRecords failed repo=did:plc:tibp46x237urnbjfhdnotwvl err=HttpError('InvalidRequest: Could not find repo: did:plc:tibp46x237urnbjfhdnotwvl')
2026-02-27T09:21:54Z WARNING bsky_collector_v2.job.index_feed_generators: listRecords failed repo=did:plc:u3gzbggpw75jh74ltqwqkaxr err=HttpError('InvalidRequest: Could not find repo: did:plc:u3gzbggpw75jh74ltqwqkaxr')
2026-02-27T09:21:54Z WARNING bsky_collector_v2.job.index_feed_generators: listRecords failed repo=did:plc:uxoxk5ikfjpmmtu72yawlz5h err=HttpError('InvalidRequest: Could not find repo: did:plc:uxoxk5ikfjpmmtu72yawlz5h')
2026-02-27T09:21:54Z WARNING bsky_collector_v2.job.index_feed_generators: listRecords failed repo=did:plc:v27e6txgj4h6gd4bshy66ckc err=HttpError('InvalidRequest: Could not find repo: did:plc:v27e6txgj4h6gd4bshy66ckc')
2026-02-27T09:21:55Z WARNING bsky_collector_v2.job.index_feed_generators: listRecords failed repo=did:plc:vqyo3d5yj5uwbymx3h7feqnw err=HttpError('InvalidRequest: Could not find repo: did:plc:vqyo3d5yj5uwbymx3h7feqnw')
2026-02-27T09:21:55Z WARNING bsky_collector_v2.job.index_feed_generators: listRecords failed repo=did:plc:vrx2mkkhip4eo64pshustjpy err=HttpError('InvalidRequest: Could not find repo: did:plc:vrx2mkkhip4eo64pshustjpy')
2026-02-27T09:21:55Z WARNING bsky_collector_v2.job.index_feed_generators: listRecords failed repo=did:plc:vtqhbvrsun33vwwwcrrvjnnw err=HttpError('InvalidRequest: Could not find repo: did:plc:vtqhbvrsun33vwwwcrrvjnnw')
2026-02-27T09:21:55Z WARNING bsky_collector_v2.job.index_feed_generators: listRecords failed repo=did:plc:vzrvnwiqb6wpoxrzo73gwg4u err=HttpError('InvalidRequest: Could not find repo: did:plc:vzrvnwiqb6wpoxrzo73gwg4u')
2026-02-27T09:21:55Z WARNING bsky_collector_v2.job.index_feed_generators: listRecords failed repo=did:plc:w4tqc36duaah2jh5jgnzlr57 err=HttpError('InvalidRequest: Could not find repo: did:plc:w4tqc36duaah2jh5jgnzlr57')
2026-02-27T09:21:55Z WARNING bsky_collector_v2.job.index_feed_generators: listRecords failed repo=did:plc:w6grovwncbafddrgyly6cnea err=HttpError('InvalidRequest: Could not find repo: did:plc:w6grovwncbafddrgyly6cnea')
2026-02-27T09:21:55Z WARNING bsky_collector_v2.job.index_feed_generators: listRecords failed repo=did:plc:wkoig2zisq5pjg4kyvvxsmbx err=HttpError('InvalidRequest: Could not find repo: did:plc:wkoig2zisq5pjg4kyvvxsmbx')
2026-02-27T09:21:55Z WARNING bsky_collector_v2.job.index_feed_generators: listRecords failed repo=did:plc:wmvwglralcbflqeqdzwqvf4p err=HttpError('InvalidRequest: Could not find repo: did:plc:wmvwglralcbflqeqdzwqvf4p')
2026-02-27T09:21:55Z WARNING bsky_collector_v2.job.index_feed_generators: listRecords failed repo=did:plc:wzfye3ld2t3c77q5sgbxrjmy err=HttpError('InvalidRequest: Could not find repo: did:plc:wzfye3ld2t3c77q5sgbxrjmy')
2026-02-27T09:21:55Z WARNING bsky_collector_v2.job.index_feed_generators: listRecords failed repo=did:plc:x2hliiowa6jjh6ja2eqftbij err=HttpError('InvalidRequest: Could not find repo: did:plc:x2hliiowa6jjh6ja2eqftbij')
2026-02-27T09:21:55Z WARNING bsky_collector_v2.job.index_feed_generators: listRecords failed repo=did:plc:xdd463rgznxnm3ccqzqcipxx err=HttpError('InvalidRequest: Could not find repo: did:plc:xdd463rgznxnm3ccqzqcipxx')
2026-02-27T09:21:55Z WARNING bsky_collector_v2.job.index_feed_generators: listRecords failed repo=did:plc:xqst7lzmppdigziwk5e4yvny err=HttpError('InvalidRequest: Could not find repo: did:plc:xqst7lzmppdigziwk5e4yvny')
2026-02-27T09:21:56Z WARNING bsky_collector_v2.job.index_feed_generators: listRecords failed repo=did:plc:yualtdqfxgbvnb3uuvgi2tmy err=HttpError('InvalidRequest: Could not find repo: did:plc:yualtdqfxgbvnb3uuvgi2tmy')
2026-02-27T09:21:56Z WARNING bsky_collector_v2.job.index_feed_generators: listRecords failed repo=did:plc:yya6kknjaorg5snc2unx2rgv err=HttpError('InvalidRequest: Could not find repo: did:plc:yya6kknjaorg5snc2unx2rgv')
2026-02-27T09:21:56Z WARNING bsky_collector_v2.job.index_feed_generators: listRecords failed repo=did:plc:zag3mamkf6jrndnpyfqwujad err=HttpError('InvalidRequest: Could not find repo: did:plc:zag3mamkf6jrndnpyfqwujad')
2026-02-27T09:21:56Z WARNING bsky_collector_v2.job.index_feed_generators: listRecords failed repo=did:plc:zkzz77et4k5aevelcthnh7ef err=HttpError('InvalidRequest: Could not find repo: did:plc:zkzz77et4k5aevelcthnh7ef')
2026-02-27T09:21:56Z WARNING bsky_collector_v2.job.index_feed_generators: listRecords failed repo=did:plc:zpeo4ms47l3gun4g4hth7klf err=HttpError('InvalidRequest: Could not find repo: did:plc:zpeo4ms47l3gun4g4hth7klf')
2026-02-27T09:21:56Z WARNING bsky_collector_v2.job.index_feed_generators: listRecords failed repo=did:plc:zy5p2bcoytvuvnhn2ql7kgox err=HttpError('InvalidRequest: Could not find repo: did:plc:zy5p2bcoytvuvnhn2ql7kgox')
2026-02-27T09:21:56Z WARNING bsky_collector_v2.job.index_feed_generators: listRecords failed repo=did:plc:2mld4fycbnzso54mlsgzzjg3 err=HttpError('InvalidRequest: Could not find repo: did:plc:2mld4fycbnzso54mlsgzzjg3')
2026-02-27T09:21:56Z WARNING bsky_collector_v2.job.index_feed_generators: listRecords failed repo=did:plc:3boar2vvp4q2y3kkrwdqbbwv err=HttpError('InvalidRequest: Could not find repo: did:plc:3boar2vvp4q2y3kkrwdqbbwv')
2026-02-27T09:21:56Z WARNING bsky_collector_v2.job.index_feed_generators: listRecords failed repo=did:plc:3dozgibx7xtcawnyjvxyl5se err=HttpError('InvalidRequest: Could not find repo: did:plc:3dozgibx7xtcawnyjvxyl5se')
2026-02-27T09:21:56Z WARNING bsky_collector_v2.job.index_feed_generators: listRecords failed repo=did:plc:3mafvt6dq5awcavmkchxgkmo err=HttpError('InvalidRequest: Could not find repo: did:plc:3mafvt6dq5awcavmkchxgkmo')
2026-02-27T09:21:56Z WARNING bsky_collector_v2.job.index_feed_generators: listRecords failed repo=did:plc:3p25khtogeli27sboz376jwa err=HttpError('InvalidRequest: Could not find repo: did:plc:3p25khtogeli27sboz376jwa')
2026-02-27T09:21:56Z WARNING bsky_collector_v2.job.index_feed_generators: listRecords failed repo=did:plc:4eipaijzhtoxfvtkvg2lsfq5 err=HttpError('InvalidRequest: Could not find repo: did:plc:4eipaijzhtoxfvtkvg2lsfq5')
2026-02-27T09:21:57Z WARNING bsky_collector_v2.job.index_feed_generators: listRecords failed repo=did:plc:4lrfvqlez7in4rfnciqjuzdx err=HttpError('InvalidRequest: Could not find repo: did:plc:4lrfvqlez7in4rfnciqjuzdx')
2026-02-27T09:21:57Z WARNING bsky_collector_v2.job.index_feed_generators: listRecords failed repo=did:plc:5cytnsbbqi2gga57qqrewmmz err=HttpError('InvalidRequest: Could not find repo: did:plc:5cytnsbbqi2gga57qqrewmmz')
2026-02-27T09:21:57Z WARNING bsky_collector_v2.job.index_feed_generators: listRecords failed repo=did:plc:5gk4l3k2ivz5cbm3ywo52gzv err=HttpError('InvalidRequest: Could not find repo: did:plc:5gk4l3k2ivz5cbm3ywo52gzv')
2026-02-27T09:21:57Z WARNING bsky_collector_v2.job.index_feed_generators: listRecords failed repo=did:plc:5se5q5qm5qkt6nboc7ncdecp err=HttpError('InvalidRequest: Could not find repo: did:plc:5se5q5qm5qkt6nboc7ncdecp')
2026-02-27T09:21:57Z WARNING bsky_collector_v2.job.index_feed_generators: listRecords failed repo=did:plc:625ait6ximucatcdfvfrwinz err=HttpError('InvalidRequest: Could not find repo: did:plc:625ait6ximucatcdfvfrwinz')
2026-02-27T09:21:57Z WARNING bsky_collector_v2.job.index_feed_generators: listRecords failed repo=did:plc:6hwz342xdspgtmu6hun36emg err=HttpError('InvalidRequest: Could not find repo: did:plc:6hwz342xdspgtmu6hun36emg')
2026-02-27T09:21:57Z WARNING bsky_collector_v2.job.index_feed_generators: listRecords failed repo=did:plc:6ny5a2rl5wegw63gdovgx5do err=HttpError('InvalidRequest: Could not find repo: did:plc:6ny5a2rl5wegw63gdovgx5do')
2026-02-27T09:21:57Z WARNING bsky_collector_v2.job.index_feed_generators: listRecords failed repo=did:plc:7cow4obq2qkdrhabx4xb7yz6 err=HttpError('InvalidRequest: Could not find repo: did:plc:7cow4obq2qkdrhabx4xb7yz6')
2026-02-27T09:21:57Z WARNING bsky_collector_v2.job.index_feed_generators: listRecords failed repo=did:plc:7rr5qy26zdcxzipwvohyebs4 err=HttpError('InvalidRequest: Could not find repo: did:plc:7rr5qy26zdcxzipwvohyebs4')
2026-02-27T09:21:57Z WARNING bsky_collector_v2.job.index_feed_generators: listRecords failed repo=did:plc:7vhfvryccunatjbtdksamzjx err=HttpError('InvalidRequest: Could not find repo: did:plc:7vhfvryccunatjbtdksamzjx')
2026-02-27T09:21:57Z WARNING bsky_collector_v2.job.index_feed_generators: listRecords failed repo=did:plc:7xv5enuiczbcxhuou4qisu73 err=HttpError('InvalidRequest: Could not find repo: did:plc:7xv5enuiczbcxhuou4qisu73')
2026-02-27T09:21:57Z WARNING bsky_collector_v2.job.index_feed_generators: listRecords failed repo=did:plc:av7zcuponctrtqdeddnxlxln err=HttpError('InvalidRequest: Could not find repo: did:plc:av7zcuponctrtqdeddnxlxln')
2026-02-27T09:21:57Z WARNING bsky_collector_v2.job.index_feed_generators: listRecords failed repo=did:plc:awuoom7aibsqx3fqyrlegmpt err=HttpError('InvalidRequest: Could not find repo: did:plc:awuoom7aibsqx3fqyrlegmpt')
2026-02-27T09:21:58Z WARNING bsky_collector_v2.job.index_feed_generators: listRecords failed repo=did:plc:azyowfi6dfolagjz2kinhp63 err=HttpError('InvalidRequest: Could not find repo: did:plc:azyowfi6dfolagjz2kinhp63')
2026-02-27T09:21:58Z WARNING bsky_collector_v2.job.index_feed_generators: listRecords failed repo=did:plc:bgkqa5rbn4taqylprkrrltxr err=HttpError('InvalidRequest: Could not find repo: did:plc:bgkqa5rbn4taqylprkrrltxr')
2026-02-27T09:21:58Z WARNING bsky_collector_v2.job.index_feed_generators: listRecords failed repo=did:plc:c47khmjqvl2thmiex57nanii err=HttpError('InvalidRequest: Could not find repo: did:plc:c47khmjqvl2thmiex57nanii')
2026-02-27T09:21:58Z WARNING bsky_collector_v2.job.index_feed_generators: listRecords failed repo=did:plc:cgwvrbhge2tt4voxvuzvmz2f err=HttpError('InvalidRequest: Could not find repo: did:plc:cgwvrbhge2tt4voxvuzvmz2f')
2026-02-27T09:21:58Z WARNING bsky_collector_v2.job.index_feed_generators: listRecords failed repo=did:plc:cjlnsl6zk4xhpeuljvgssclv err=HttpError('InvalidRequest: Could not find repo: did:plc:cjlnsl6zk4xhpeuljvgssclv')
2026-02-27T09:21:58Z WARNING bsky_collector_v2.job.index_feed_generators: listRecords failed repo=did:plc:cywmz74zg3ta2qcn5whkoh45 err=HttpError('InvalidRequest: Could not find repo: did:plc:cywmz74zg3ta2qcn5whkoh45')
2026-02-27T09:21:58Z WARNING bsky_collector_v2.job.index_feed_generators: listRecords failed repo=did:plc:cziy4dzcnj3h5g6flnl7ixbt err=HttpError('InvalidRequest: Could not find repo: did:plc:cziy4dzcnj3h5g6flnl7ixbt')
2026-02-27T09:21:58Z WARNING bsky_collector_v2.job.index_feed_generators: listRecords failed repo=did:plc:da4ej5fk65rr4g5dupmirsbd err=HttpError('InvalidRequest: Could not find repo: did:plc:da4ej5fk65rr4g5dupmirsbd')
2026-02-27T09:21:58Z WARNING bsky_collector_v2.job.index_feed_generators: listRecords failed repo=did:plc:dqvuznh6gpf45vqnc2s6gkwy err=HttpError('InvalidRequest: Could not find repo: did:plc:dqvuznh6gpf45vqnc2s6gkwy')
2026-02-27T09:21:58Z WARNING bsky_collector_v2.job.index_feed_generators: listRecords failed repo=did:plc:dvlggi55itpwpytxhilapn37 err=HttpError('InvalidRequest: Could not find repo: did:plc:dvlggi55itpwpytxhilapn37')
2026-02-27T09:21:58Z WARNING bsky_collector_v2.job.index_feed_generators: listRecords failed repo=did:plc:e3lamu3hialqicmp63c64s5n err=HttpError('InvalidRequest: Could not find repo: did:plc:e3lamu3hialqicmp63c64s5n')
2026-02-27T09:21:59Z WARNING bsky_collector_v2.job.index_feed_generators: listRecords failed repo=did:plc:f4gtpdwapgpentbyurc6veub err=HttpError('InvalidRequest: Could not find repo: did:plc:f4gtpdwapgpentbyurc6veub')
2026-02-27T09:21:59Z WARNING bsky_collector_v2.job.index_feed_generators: listRecords failed repo=did:plc:f53dumqhq3fs2rbgtbre755d err=HttpError('InvalidRequest: Could not find repo: did:plc:f53dumqhq3fs2rbgtbre755d')
2026-02-27T09:21:59Z WARNING bsky_collector_v2.job.index_feed_generators: listRecords failed repo=did:plc:feapyhg2zapbafxwcczzq27a err=HttpError('InvalidRequest: Could not find repo: did:plc:feapyhg2zapbafxwcczzq27a')
2026-02-27T09:21:59Z WARNING bsky_collector_v2.job.index_feed_generators: listRecords failed repo=did:plc:fjzhtqvv5wjkmw7nb7fqcivj err=HttpError('InvalidRequest: Could not find repo: did:plc:fjzhtqvv5wjkmw7nb7fqcivj')
2026-02-27T09:21:59Z WARNING bsky_collector_v2.job.index_feed_generators: listRecords failed repo=did:plc:fskm5nr5al7r6ibn7on2g2g7 err=HttpError('InvalidRequest: Could not find repo: did:plc:fskm5nr5al7r6ibn7on2g2g7')
2026-02-27T09:21:59Z WARNING bsky_collector_v2.job.index_feed_generators: listRecords failed repo=did:plc:funt2s25xxrry4j2bcjwblvt err=HttpError('InvalidRequest: Could not find repo: did:plc:funt2s25xxrry4j2bcjwblvt')
2026-02-27T09:21:59Z WARNING bsky_collector_v2.job.index_feed_generators: listRecords failed repo=did:plc:fuwsser2ft5pfzhq7c44wh7u err=HttpError('InvalidRequest: Could not find repo: did:plc:fuwsser2ft5pfzhq7c44wh7u')
2026-02-27T09:21:59Z WARNING bsky_collector_v2.job.index_feed_generators: listRecords failed repo=did:plc:g3oshcus75tl4s6kxck5urqo err=HttpError('InvalidRequest: Could not find repo: did:plc:g3oshcus75tl4s6kxck5urqo')
2026-02-27T09:21:59Z WARNING bsky_collector_v2.job.index_feed_generators: listRecords failed repo=did:plc:g47xd7wvd42pwyfy75otjjae err=HttpError('InvalidRequest: Could not find repo: did:plc:g47xd7wvd42pwyfy75otjjae')
2026-02-27T09:21:59Z WARNING bsky_collector_v2.job.index_feed_generators: listRecords failed repo=did:plc:g6fhuo4qgnwespodtivhqc7o err=HttpError('InvalidRequest: Could not find repo: did:plc:g6fhuo4qgnwespodtivhqc7o')
2026-02-27T09:22:00Z WARNING bsky_collector_v2.job.index_feed_generators: listRecords failed repo=did:plc:gkarp5pmixck5caz4aoswl5v err=HttpError('InvalidRequest: Could not find repo: did:plc:gkarp5pmixck5caz4aoswl5v')
2026-02-27T09:22:00Z WARNING bsky_collector_v2.job.index_feed_generators: listRecords failed repo=did:plc:gxu5sd2nz3pfrpxah4zoa6qw err=HttpError('InvalidRequest: Could not find repo: did:plc:gxu5sd2nz3pfrpxah4zoa6qw')
2026-02-27T09:22:00Z WARNING bsky_collector_v2.job.index_feed_generators: listRecords failed repo=did:plc:hqk5isoeo22hdyvj2gj36lxc err=HttpError('InvalidRequest: Could not find repo: did:plc:hqk5isoeo22hdyvj2gj36lxc')
2026-02-27T09:22:00Z WARNING bsky_collector_v2.job.index_feed_generators: listRecords failed repo=did:plc:i54h47t5jkkjfkwgr34x26rg err=HttpError('InvalidRequest: Could not find repo: did:plc:i54h47t5jkkjfkwgr34x26rg')
2026-02-27T09:22:00Z WARNING bsky_collector_v2.job.index_feed_generators: listRecords failed repo=did:plc:izfgc6zspjoe4tt2vfjagily err=HttpError('InvalidRequest: Could not find repo: did:plc:izfgc6zspjoe4tt2vfjagily')
2026-02-27T09:22:00Z WARNING bsky_collector_v2.job.index_feed_generators: listRecords failed repo=did:plc:juvsar736m2r3cllqyvxtq5a err=HttpError('InvalidRequest: Could not find repo: did:plc:juvsar736m2r3cllqyvxtq5a')
2026-02-27T09:22:00Z WARNING bsky_collector_v2.job.index_feed_generators: listRecords failed repo=did:plc:ke37vegkh37vktjvoljsxh2r err=HttpError('InvalidRequest: Could not find repo: did:plc:ke37vegkh37vktjvoljsxh2r')
2026-02-27T09:22:00Z WARNING bsky_collector_v2.job.index_feed_generators: listRecords failed repo=did:plc:kkcxfmociwi4e5qhhbxaxchy err=HttpError('InvalidRequest: Could not find repo: did:plc:kkcxfmociwi4e5qhhbxaxchy')
2026-02-27T09:22:00Z WARNING bsky_collector_v2.job.index_feed_generators: listRecords failed repo=did:plc:kvh7cnqrvparh4ds4qjsrxo2 err=HttpError('InvalidRequest: Could not find repo: did:plc:kvh7cnqrvparh4ds4qjsrxo2')
2026-02-27T09:22:01Z WARNING bsky_collector_v2.job.index_feed_generators: listRecords failed repo=did:plc:lc3jhtegvo4t7x46lwfo26ly err=HttpError('InvalidRequest: Could not find repo: did:plc:lc3jhtegvo4t7x46lwfo26ly')
2026-02-27T09:22:01Z WARNING bsky_collector_v2.job.index_feed_generators: listRecords failed repo=did:plc:li2id526b6jl6jtgp6rlocp5 err=HttpError('InvalidRequest: Could not find repo: did:plc:li2id526b6jl6jtgp6rlocp5')
2026-02-27T09:22:01Z WARNING bsky_collector_v2.job.index_feed_generators: listRecords failed repo=did:plc:mhnbu2xecvabkc2bjezynjeg err=HttpError('InvalidRequest: Could not find repo: did:plc:mhnbu2xecvabkc2bjezynjeg')
2026-02-27T09:22:01Z WARNING bsky_collector_v2.job.index_feed_generators: listRecords failed repo=did:plc:nlklyczcrrjjbssp22k2pqb2 err=HttpError('InvalidRequest: Could not find repo: did:plc:nlklyczcrrjjbssp22k2pqb2')
2026-02-27T09:22:01Z WARNING bsky_collector_v2.job.index_feed_generators: listRecords failed repo=did:plc:nntfoknrm42vtm2hpa4qz2km err=HttpError('InvalidRequest: Could not find repo: did:plc:nntfoknrm42vtm2hpa4qz2km')
2026-02-27T09:22:01Z WARNING bsky_collector_v2.job.index_feed_generators: listRecords failed repo=did:plc:no3krcgluc7fepg5gobnvt74 err=HttpError('InvalidRequest: Could not find repo: did:plc:no3krcgluc7fepg5gobnvt74')
2026-02-27T09:22:01Z WARNING bsky_collector_v2.job.index_feed_generators: listRecords failed repo=did:plc:r5gi2zsvewytb7cetaw34ifi err=HttpError('InvalidRequest: Could not find repo: did:plc:r5gi2zsvewytb7cetaw34ifi')
2026-02-27T09:22:01Z WARNING bsky_collector_v2.job.index_feed_generators: listRecords failed repo=did:plc:r5tkum6nrt5bfwkplimn7syw err=HttpError('InvalidRequest: Could not find repo: did:plc:r5tkum6nrt5bfwkplimn7syw')
2026-02-27T09:22:01Z WARNING bsky_collector_v2.job.index_feed_generators: listRecords failed repo=did:plc:rhsu4cbl5r5all76by2bap7w err=HttpError('InvalidRequest: Could not find repo: did:plc:rhsu4cbl5r5all76by2bap7w')
2026-02-27T09:22:01Z WARNING bsky_collector_v2.job.index_feed_generators: listRecords failed repo=did:plc:rt6ew5xyplydvicbsiee7po2 err=HttpError('InvalidRequest: Could not find repo: did:plc:rt6ew5xyplydvicbsiee7po2')
2026-02-27T09:22:01Z WARNING bsky_collector_v2.job.index_feed_generators: listRecords failed repo=did:plc:s4ebcqaifndorwpobqvaqgzx err=HttpError('InvalidRequest: Could not find repo: did:plc:s4ebcqaifndorwpobqvaqgzx')
2026-02-27T09:22:01Z WARNING bsky_collector_v2.job.index_feed_generators: listRecords failed repo=did:plc:s526r6ca6apoi6iwdmlaaeu2 err=HttpError('InvalidRequest: Could not find repo: did:plc:s526r6ca6apoi6iwdmlaaeu2')
2026-02-27T09:22:02Z WARNING bsky_collector_v2.job.index_feed_generators: listRecords failed repo=did:plc:s6dsnnyvefe65ap7o6sc5hdm err=HttpError('InvalidRequest: Could not find repo: did:plc:s6dsnnyvefe65ap7o6sc5hdm')
2026-02-27T09:22:02Z WARNING bsky_collector_v2.job.index_feed_generators: listRecords failed repo=did:plc:saxemmoddk7jignttln6hrqq err=HttpError('InvalidRequest: Could not find repo: did:plc:saxemmoddk7jignttln6hrqq')
2026-02-27T09:22:02Z WARNING bsky_collector_v2.job.index_feed_generators: listRecords failed repo=did:plc:tibp46x237urnbjfhdnotwvl err=HttpError('InvalidRequest: Could not find repo: did:plc:tibp46x237urnbjfhdnotwvl')
2026-02-27T09:22:02Z WARNING bsky_collector_v2.job.index_feed_generators: listRecords failed repo=did:plc:u3gzbggpw75jh74ltqwqkaxr err=HttpError('InvalidRequest: Could not find repo: did:plc:u3gzbggpw75jh74ltqwqkaxr')
2026-02-27T09:22:02Z WARNING bsky_collector_v2.job.index_feed_generators: listRecords failed repo=did:plc:uxoxk5ikfjpmmtu72yawlz5h err=HttpError('InvalidRequest: Could not find repo: did:plc:uxoxk5ikfjpmmtu72yawlz5h')
2026-02-27T09:22:02Z WARNING bsky_collector_v2.job.index_feed_generators: listRecords failed repo=did:plc:v27e6txgj4h6gd4bshy66ckc err=HttpError('InvalidRequest: Could not find repo: did:plc:v27e6txgj4h6gd4bshy66ckc')
2026-02-27T09:22:02Z WARNING bsky_collector_v2.job.index_feed_generators: listRecords failed repo=did:plc:vqyo3d5yj5uwbymx3h7feqnw err=HttpError('InvalidRequest: Could not find repo: did:plc:vqyo3d5yj5uwbymx3h7feqnw')
2026-02-27T09:22:02Z WARNING bsky_collector_v2.job.index_feed_generators: listRecords failed repo=did:plc:vrx2mkkhip4eo64pshustjpy err=HttpError('InvalidRequest: Could not find repo: did:plc:vrx2mkkhip4eo64pshustjpy')
2026-02-27T09:22:02Z WARNING bsky_collector_v2.job.index_feed_generators: listRecords failed repo=did:plc:vtqhbvrsun33vwwwcrrvjnnw err=HttpError('InvalidRequest: Could not find repo: did:plc:vtqhbvrsun33vwwwcrrvjnnw')
2026-02-27T09:22:02Z WARNING bsky_collector_v2.job.index_feed_generators: listRecords failed repo=did:plc:vzrvnwiqb6wpoxrzo73gwg4u err=HttpError('InvalidRequest: Could not find repo: did:plc:vzrvnwiqb6wpoxrzo73gwg4u')
2026-02-27T09:22:02Z WARNING bsky_collector_v2.job.index_feed_generators: listRecords failed repo=did:plc:w4tqc36duaah2jh5jgnzlr57 err=HttpError('InvalidRequest: Could not find repo: did:plc:w4tqc36duaah2jh5jgnzlr57')
2026-02-27T09:22:03Z WARNING bsky_collector_v2.job.index_feed_generators: listRecords failed repo=did:plc:w6grovwncbafddrgyly6cnea err=HttpError('InvalidRequest: Could not find repo: did:plc:w6grovwncbafddrgyly6cnea')
2026-02-27T09:22:03Z WARNING bsky_collector_v2.job.index_feed_generators: listRecords failed repo=did:plc:wkoig2zisq5pjg4kyvvxsmbx err=HttpError('InvalidRequest: Could not find repo: did:plc:wkoig2zisq5pjg4kyvvxsmbx')
2026-02-27T09:22:03Z WARNING bsky_collector_v2.job.index_feed_generators: listRecords failed repo=did:plc:wmvwglralcbflqeqdzwqvf4p err=HttpError('InvalidRequest: Could not find repo: did:plc:wmvwglralcbflqeqdzwqvf4p')
2026-02-27T09:22:03Z WARNING bsky_collector_v2.job.index_feed_generators: listRecords failed repo=did:plc:wzfye3ld2t3c77q5sgbxrjmy err=HttpError('InvalidRequest: Could not find repo: did:plc:wzfye3ld2t3c77q5sgbxrjmy')
2026-02-27T09:22:03Z WARNING bsky_collector_v2.job.index_feed_generators: listRecords failed repo=did:plc:x2hliiowa6jjh6ja2eqftbij err=HttpError('InvalidRequest: Could not find repo: did:plc:x2hliiowa6jjh6ja2eqftbij')
2026-02-27T09:22:03Z WARNING bsky_collector_v2.job.index_feed_generators: listRecords failed repo=did:plc:xdd463rgznxnm3ccqzqcipxx err=HttpError('InvalidRequest: Could not find repo: did:plc:xdd463rgznxnm3ccqzqcipxx')
2026-02-27T09:22:03Z WARNING bsky_collector_v2.job.index_feed_generators: listRecords failed repo=did:plc:xqst7lzmppdigziwk5e4yvny err=HttpError('InvalidRequest: Could not find repo: did:plc:xqst7lzmppdigziwk5e4yvny')
2026-02-27T09:22:03Z WARNING bsky_collector_v2.job.index_feed_generators: listRecords failed repo=did:plc:yualtdqfxgbvnb3uuvgi2tmy err=HttpError('InvalidRequest: Could not find repo: did:plc:yualtdqfxgbvnb3uuvgi2tmy')
2026-02-27T09:22:03Z WARNING bsky_collector_v2.job.index_feed_generators: listRecords failed repo=did:plc:yya6kknjaorg5snc2unx2rgv err=HttpError('InvalidRequest: Could not find repo: did:plc:yya6kknjaorg5snc2unx2rgv')
2026-02-27T09:22:03Z WARNING bsky_collector_v2.job.index_feed_generators: listRecords failed repo=did:plc:zag3mamkf6jrndnpyfqwujad err=HttpError('InvalidRequest: Could not find repo: did:plc:zag3mamkf6jrndnpyfqwujad')
2026-02-27T09:22:03Z WARNING bsky_collector_v2.job.index_feed_generators: listRecords failed repo=did:plc:zkzz77et4k5aevelcthnh7ef err=HttpError('InvalidRequest: Could not find repo: did:plc:zkzz77et4k5aevelcthnh7ef')
2026-02-27T09:22:03Z WARNING bsky_collector_v2.job.index_feed_generators: listRecords failed repo=did:plc:zpeo4ms47l3gun4g4hth7klf err=HttpError('InvalidRequest: Could not find repo: did:plc:zpeo4ms47l3gun4g4hth7klf')
2026-02-27T09:22:04Z WARNING bsky_collector_v2.job.index_feed_generators: listRecords failed repo=did:plc:zy5p2bcoytvuvnhn2ql7kgox err=HttpError('InvalidRequest: Could not find repo: did:plc:zy5p2bcoytvuvnhn2ql7kgox')
2026-02-27T09:22:04Z INFO bsky_collector_v2.job.index_feed_generators: enqueued repos page=1 mode=listRepos inserted=500 repos_returned=500 next_cursor=set
2026-02-27T09:22:05Z WARNING bsky_collector_v2.job.index_feed_generators: listRecords failed repo=did:plc:2lcqqsx74l2e6upp2agpgq3r err=HttpError('InvalidRequest: Could not find repo: did:plc:2lcqqsx74l2e6upp2agpgq3r')
2026-02-27T09:22:05Z WARNING bsky_collector_v2.job.index_feed_generators: listRecords failed repo=did:plc:2pr5apo3h4olhscex53s7e37 err=HttpError('InvalidRequest: Could not find repo: did:plc:2pr5apo3h4olhscex53s7e37')
2026-02-27T09:22:05Z WARNING bsky_collector_v2.job.index_feed_generators: listRecords failed repo=did:plc:2tctqovcb5toagbgudwyoiio err=HttpError('InvalidRequest: Could not find repo: did:plc:2tctqovcb5toagbgudwyoiio')
2026-02-27T09:22:06Z WARNING bsky_collector_v2.job.index_feed_generators: listRecords failed repo=did:plc:2yvi5bei5276sl7tizq2vzy4 err=HttpError('InvalidRequest: Could not find repo: did:plc:2yvi5bei5276sl7tizq2vzy4')
2026-02-27T09:22:06Z WARNING bsky_collector_v2.job.index_feed_generators: listRecords failed repo=did:plc:34m22hz36d7zmmnyoawicw6h err=HttpError('InvalidRequest: Could not find repo: did:plc:34m22hz36d7zmmnyoawicw6h')
2026-02-27T09:22:10Z WARNING bsky_collector_v2.job.index_feed_generators: listRecords failed repo=did:plc:4n6fwrwavegybgyxuxbcysl5 err=HttpError('InvalidRequest: Could not find repo: did:plc:4n6fwrwavegybgyxuxbcysl5')
2026-02-27T09:22:11Z WARNING bsky_collector_v2.job.index_feed_generators: listRecords failed repo=did:plc:4tvgoqahjrnooxehu4d3iulc err=HttpError('InvalidRequest: Could not find repo: did:plc:4tvgoqahjrnooxehu4d3iulc')
2026-02-27T09:22:12Z WARNING bsky_collector_v2.job.index_feed_generators: listRecords failed repo=did:plc:4wsvlvxv4ag2hgyznuelhmfs err=HttpError('InvalidRequest: Could not find repo: did:plc:4wsvlvxv4ag2hgyznuelhmfs')
2026-02-27T09:22:13Z WARNING bsky_collector_v2.job.index_feed_generators: listRecords failed repo=did:plc:5j3wnmlysuvuvkxxio7ojfl7 err=HttpError('InvalidRequest: Could not find repo: did:plc:5j3wnmlysuvuvkxxio7ojfl7')
2026-02-27T09:22:13Z WARNING bsky_collector_v2.job.index_feed_generators: listRecords failed repo=did:plc:5kmfe6g5izskh746i6q33ok6 err=HttpError('InvalidRequest: Could not find repo: did:plc:5kmfe6g5izskh746i6q33ok6')
2026-02-27T09:22:14Z WARNING bsky_collector_v2.job.index_feed_generators: listRecords failed repo=did:plc:5llkizxdwc7ni4y43dt2emtj err=HttpError('InvalidRequest: Could not find repo: did:plc:5llkizxdwc7ni4y43dt2emtj')
2026-02-27T09:22:14Z WARNING bsky_collector_v2.job.index_feed_generators: listRecords failed repo=did:plc:5ov6c5zjjvh3533hulrqt275 err=HttpError('InvalidRequest: Could not find repo: did:plc:5ov6c5zjjvh3533hulrqt275')
2026-02-27T09:22:16Z WARNING bsky_collector_v2.job.index_feed_generators: listRecords failed repo=did:plc:6hjpweplnunfojao3mpaca4m err=HttpError('InvalidRequest: Could not find repo: did:plc:6hjpweplnunfojao3mpaca4m')
2026-02-27T09:22:16Z WARNING bsky_collector_v2.job.index_feed_generators: listRecords failed repo=did:plc:6hlniuxbq3rj2472g7ghsbqm err=HttpError('InvalidRequest: Could not find repo: did:plc:6hlniuxbq3rj2472g7ghsbqm')
2026-02-27T09:22:17Z WARNING bsky_collector_v2.job.index_feed_generators: listRecords failed repo=did:plc:6prz6n2jvc7faqht6jmmraso err=HttpError('InvalidRequest: Could not find repo: did:plc:6prz6n2jvc7faqht6jmmraso')
2026-02-27T09:22:17Z WARNING bsky_collector_v2.job.index_feed_generators: listRecords failed repo=did:plc:75zn5kboniuzfnll4rmyrucm err=HttpError('InvalidRequest: Could not find repo: did:plc:75zn5kboniuzfnll4rmyrucm')
2026-02-27T09:22:17Z WARNING bsky_collector_v2.job.index_feed_generators: listRecords failed repo=did:plc:7bp6pmfpxde67ca75gtwtndn err=HttpError('InvalidRequest: Could not find repo: did:plc:7bp6pmfpxde67ca75gtwtndn')
2026-02-27T09:22:20Z WARNING bsky_collector_v2.job.index_feed_generators: listRecords failed repo=did:plc:a22zphyv2aqwvzurxfvjyrqz err=HttpError('InvalidRequest: Could not find repo: did:plc:a22zphyv2aqwvzurxfvjyrqz')
2026-02-27T09:22:20Z WARNING bsky_collector_v2.job.index_feed_generators: listRecords failed repo=did:plc:a5rakvw3a7wmqy77dsphjdig err=HttpError('InvalidRequest: Could not find repo: did:plc:a5rakvw3a7wmqy77dsphjdig')
2026-02-27T09:22:23Z WARNING bsky_collector_v2.job.index_feed_generators: listRecords failed repo=did:plc:bg5udl25mvzg3rt7l5n2hzet err=HttpError('InvalidRequest: Could not find repo: did:plc:bg5udl25mvzg3rt7l5n2hzet')
2026-02-27T09:22:25Z WARNING bsky_collector_v2.job.index_feed_generators: listRecords failed repo=did:plc:cdvhahq5vnfxyebjp4hf52x7 err=HttpError('InvalidRequest: Could not find repo: did:plc:cdvhahq5vnfxyebjp4hf52x7')
2026-02-27T09:22:25Z WARNING bsky_collector_v2.job.index_feed_generators: listRecords failed repo=did:plc:chw4psx6dwdw63mmwdunnzq2 err=HttpError('InvalidRequest: Could not find repo: did:plc:chw4psx6dwdw63mmwdunnzq2')
2026-02-27T09:22:26Z WARNING bsky_collector_v2.job.index_feed_generators: listRecords failed repo=did:plc:cqlpowpwy6ukd3k2xj64ipab err=HttpError('InvalidRequest: Could not find repo: did:plc:cqlpowpwy6ukd3k2xj64ipab')
2026-02-27T09:22:27Z WARNING bsky_collector_v2.job.index_feed_generators: listRecords failed repo=did:plc:d66sfikhs2ipmxnma23bmzmc err=HttpError('InvalidRequest: Could not find repo: did:plc:d66sfikhs2ipmxnma23bmzmc')
2026-02-27T09:22:29Z WARNING bsky_collector_v2.job.index_feed_generators: listRecords failed repo=did:plc:dm27rqpj22hsuy6ctktefgpo err=HttpError('InvalidRequest: Could not find repo: did:plc:dm27rqpj22hsuy6ctktefgpo')
2026-02-27T09:22:29Z WARNING bsky_collector_v2.job.index_feed_generators: listRecords failed repo=did:plc:dmaz44ajl5t5pbysz72pmaoi err=HttpError('InvalidRequest: Could not find repo: did:plc:dmaz44ajl5t5pbysz72pmaoi')
2026-02-27T09:22:30Z WARNING bsky_collector_v2.job.index_feed_generators: listRecords failed repo=did:plc:elyslrfdljkewd4cw7zcmqbb err=HttpError('InvalidRequest: Could not find repo: did:plc:elyslrfdljkewd4cw7zcmqbb')
2026-02-27T09:22:33Z WARNING bsky_collector_v2.job.index_feed_generators: listRecords failed repo=did:plc:fbpcxppbsvoz3ju6lci2n6sy err=HttpError('InvalidRequest: Could not find repo: did:plc:fbpcxppbsvoz3ju6lci2n6sy')
2026-02-27T09:22:34Z WARNING bsky_collector_v2.job.index_feed_generators: listRecords failed repo=did:plc:fh4f3optvbmb6nkqczx7hkgu err=HttpError('InvalidRequest: Could not find repo: did:plc:fh4f3optvbmb6nkqczx7hkgu')
2026-02-27T09:22:36Z WARNING bsky_collector_v2.job.index_feed_generators: listRecords failed repo=did:plc:gq5wuiw6qh5x4iqvpkefqw4a err=HttpError('InvalidRequest: Could not find repo: did:plc:gq5wuiw6qh5x4iqvpkefqw4a')
2026-02-27T09:22:38Z WARNING bsky_collector_v2.job.index_feed_generators: listRecords failed repo=did:plc:h76jmxtxj7xqrrkwijclkwgu err=HttpError('InvalidRequest: Could not find repo: did:plc:h76jmxtxj7xqrrkwijclkwgu')
2026-02-27T09:22:39Z WARNING bsky_collector_v2.job.index_feed_generators: listRecords failed repo=did:plc:hnq3v647tilqzil66ciu4qzr err=HttpError('InvalidRequest: Could not find repo: did:plc:hnq3v647tilqzil66ciu4qzr')
2026-02-27T09:22:41Z WARNING bsky_collector_v2.job.index_feed_generators: listRecords failed repo=did:plc:i6gsi2jxfuabsa2im3orsjny err=HttpError('InvalidRequest: Could not find repo: did:plc:i6gsi2jxfuabsa2im3orsjny')
2026-02-27T09:22:43Z WARNING bsky_collector_v2.job.index_feed_generators: listRecords failed repo=did:plc:ietfiojxsugrempu2yrenkpf err=HttpError('InvalidRequest: Could not find repo: did:plc:ietfiojxsugrempu2yrenkpf')
2026-02-27T09:22:45Z WARNING bsky_collector_v2.job.index_feed_generators: listRecords failed repo=did:plc:iyagvcro3f7zmrjo3qliirzk err=HttpError('InvalidRequest: Could not find repo: did:plc:iyagvcro3f7zmrjo3qliirzk')
2026-02-27T09:22:46Z WARNING bsky_collector_v2.job.index_feed_generators: listRecords failed repo=did:plc:iziiypuznlbr256beev3sp4p err=HttpError('InvalidRequest: Could not find repo: did:plc:iziiypuznlbr256beev3sp4p')
2026-02-27T09:22:47Z WARNING bsky_collector_v2.job.index_feed_generators: listRecords failed repo=did:plc:jbprlhddqzykkfvxqfueaeek err=HttpError('InvalidRequest: Could not find repo: did:plc:jbprlhddqzykkfvxqfueaeek')
2026-02-27T09:22:48Z WARNING bsky_collector_v2.job.index_feed_generators: listRecords failed repo=did:plc:jg42nqiy524lhsadcc2ztyjk err=HttpError('InvalidRequest: Could not find repo: did:plc:jg42nqiy524lhsadcc2ztyjk')
2026-02-27T09:22:49Z WARNING bsky_collector_v2.job.index_feed_generators: listRecords failed repo=did:plc:js3s3tre2jk755zdsjtad3ig err=HttpError('InvalidRequest: Could not find repo: did:plc:js3s3tre2jk755zdsjtad3ig')
2026-02-27T09:22:49Z WARNING bsky_collector_v2.job.index_feed_generators: listRecords failed repo=did:plc:juliuf5iwn5jzcuqoc434a2h err=HttpError('InvalidRequest: Could not find repo: did:plc:juliuf5iwn5jzcuqoc434a2h')
2026-02-27T09:22:50Z WARNING bsky_collector_v2.job.index_feed_generators: listRecords failed repo=did:plc:k6lboi55jioaa7ihk4xkygm4 err=HttpError('InvalidRequest: Could not find repo: did:plc:k6lboi55jioaa7ihk4xkygm4')
2026-02-27T09:22:51Z WARNING bsky_collector_v2.job.index_feed_generators: listRecords failed repo=did:plc:kmsiciz6cq7dqy6k3kv7vzp5 err=HttpError('InvalidRequest: Could not find repo: did:plc:kmsiciz6cq7dqy6k3kv7vzp5')
2026-02-27T09:22:52Z WARNING bsky_collector_v2.job.index_feed_generators: listRecords failed repo=did:plc:kqejv7tg2jiztwvc2dkemc7g err=HttpError('InvalidRequest: Could not find repo: did:plc:kqejv7tg2jiztwvc2dkemc7g')
2026-02-27T09:22:53Z WARNING bsky_collector_v2.job.index_feed_generators: listRecords failed repo=did:plc:kzqsn26p6xkkccbcqoy52zn6 err=HttpError('InvalidRequest: Could not find repo: did:plc:kzqsn26p6xkkccbcqoy52zn6')
2026-02-27T09:22:54Z WARNING bsky_collector_v2.job.index_feed_generators: listRecords failed repo=did:plc:lbqdji4aftfcd42gt2oowgzk err=HttpError('InvalidRequest: Could not find repo: did:plc:lbqdji4aftfcd42gt2oowgzk')
2026-02-27T09:22:54Z WARNING bsky_collector_v2.job.index_feed_generators: listRecords failed repo=did:plc:lheaxgdk3qv2htwipqw6hyfg err=HttpError('InvalidRequest: Could not find repo: did:plc:lheaxgdk3qv2htwipqw6hyfg')
2026-02-27T09:22:57Z WARNING bsky_collector_v2.job.index_feed_generators: listRecords failed repo=did:plc:mdyu5bcih3dytpu2vby23nqn err=HttpError('InvalidRequest: Could not find repo: did:plc:mdyu5bcih3dytpu2vby23nqn')
2026-02-27T09:22:57Z WARNING bsky_collector_v2.job.index_feed_generators: listRecords failed repo=did:plc:mrvutjhdsxz42yu2ew53lnc2 err=HttpError('InvalidRequest: Could not find repo: did:plc:mrvutjhdsxz42yu2ew53lnc2')
2026-02-27T09:22:58Z WARNING bsky_collector_v2.job.index_feed_generators: listRecords failed repo=did:plc:nbuhkxkpsjma3nnfvgoqqoh4 err=HttpError('InvalidRequest: Could not find repo: did:plc:nbuhkxkpsjma3nnfvgoqqoh4')
2026-02-27T09:23:00Z WARNING bsky_collector_v2.job.index_feed_generators: listRecords failed repo=did:plc:numhwknpfrmdbjbbs6gk46sd err=HttpError('InvalidRequest: Could not find repo: did:plc:numhwknpfrmdbjbbs6gk46sd')
2026-02-27T09:23:00Z WARNING bsky_collector_v2.job.index_feed_generators: listRecords failed repo=did:plc:o4b4pj4p342m7hqusfuov7t3 err=HttpError('InvalidRequest: Could not find repo: did:plc:o4b4pj4p342m7hqusfuov7t3')
2026-02-27T09:23:01Z WARNING bsky_collector_v2.job.index_feed_generators: listRecords failed repo=did:plc:odqlmpc3sfrvyagadav3zhv6 err=HttpError('InvalidRequest: Could not find repo: did:plc:odqlmpc3sfrvyagadav3zhv6')
2026-02-27T09:23:01Z WARNING bsky_collector_v2.job.index_feed_generators: listRecords failed repo=did:plc:odqqsecj3qpg6a2ekmalqrqy err=HttpError('InvalidRequest: Could not find repo: did:plc:odqqsecj3qpg6a2ekmalqrqy')
2026-02-27T09:23:04Z WARNING bsky_collector_v2.job.index_feed_generators: listRecords failed repo=did:plc:pdmsxrpl5yg362hvyk57uocw err=HttpError('InvalidRequest: Could not find repo: did:plc:pdmsxrpl5yg362hvyk57uocw')
2026-02-27T09:23:07Z WARNING bsky_collector_v2.job.index_feed_generators: listRecords failed repo=did:plc:qdxsfixxaymob7j5xqpaap3m err=HttpError('InvalidRequest: Could not find repo: did:plc:qdxsfixxaymob7j5xqpaap3m')
2026-02-27T09:23:08Z WARNING bsky_collector_v2.job.index_feed_generators: listRecords failed repo=did:plc:qolcb5ik54klm534jrlghxqb err=HttpError('InvalidRequest: Could not find repo: did:plc:qolcb5ik54klm534jrlghxqb')
2026-02-27T09:23:08Z WARNING bsky_collector_v2.job.index_feed_generators: listRecords failed repo=did:plc:qql4werga7amll4ytox7mgwi err=HttpError('InvalidRequest: Could not find repo: did:plc:qql4werga7amll4ytox7mgwi')
2026-02-27T09:23:09Z WARNING bsky_collector_v2.job.index_feed_generators: listRecords failed repo=did:plc:qvaannfrhjf5cyy2mtmpvfcz err=HttpError('InvalidRequest: Could not find repo: did:plc:qvaannfrhjf5cyy2mtmpvfcz')
2026-02-27T09:23:10Z WARNING bsky_collector_v2.job.index_feed_generators: listRecords failed repo=did:plc:rebpqlcrick22gywm6svxwyq err=HttpError('InvalidRequest: Could not find repo: did:plc:rebpqlcrick22gywm6svxwyq')
2026-02-27T09:23:11Z WARNING bsky_collector_v2.job.index_feed_generators: listRecords failed repo=did:plc:rhr7irbhqvuxd2p6yya6tsnf err=HttpError('InvalidRequest: Could not find repo: did:plc:rhr7irbhqvuxd2p6yya6tsnf')
2026-02-27T09:23:12Z WARNING bsky_collector_v2.job.index_feed_generators: listRecords failed repo=did:plc:rrwxywdlrz5fkwj5g4u4jnrk err=HttpError('InvalidRequest: Could not find repo: did:plc:rrwxywdlrz5fkwj5g4u4jnrk')
2026-02-27T09:23:13Z WARNING bsky_collector_v2.job.index_feed_generators: listRecords failed repo=did:plc:sdcc2sjkrgrbrvrnagcgeyfw err=HttpError('InvalidRequest: Could not find repo: did:plc:sdcc2sjkrgrbrvrnagcgeyfw')
2026-02-27T09:23:15Z WARNING bsky_collector_v2.job.index_feed_generators: listRecords failed repo=did:plc:sst5slusscz6te5lbnr6wp2t err=HttpError('InvalidRequest: Could not find repo: did:plc:sst5slusscz6te5lbnr6wp2t')
2026-02-27T09:23:15Z WARNING bsky_collector_v2.job.index_feed_generators: listRecords failed repo=did:plc:svntwhfe6p4u6zqamrurehli err=HttpError('InvalidRequest: Could not find repo: did:plc:svntwhfe6p4u6zqamrurehli')
2026-02-27T09:23:18Z WARNING bsky_collector_v2.job.index_feed_generators: listRecords failed repo=did:plc:to37lkjnvfp6zphxbei7rqmq err=HttpError('InvalidRequest: Could not find repo: did:plc:to37lkjnvfp6zphxbei7rqmq')
2026-02-27T09:23:18Z WARNING bsky_collector_v2.job.index_feed_generators: listRecords failed repo=did:plc:tyu4plt7l3ycxqt6edu5tyra err=HttpError('InvalidRequest: Could not find repo: did:plc:tyu4plt7l3ycxqt6edu5tyra')
2026-02-27T09:23:22Z WARNING bsky_collector_v2.job.index_feed_generators: listRecords failed repo=did:plc:v62unwhgxfezjmk2dnwxbmge err=HttpError('InvalidRequest: Could not find repo: did:plc:v62unwhgxfezjmk2dnwxbmge')
2026-02-27T09:23:23Z WARNING bsky_collector_v2.job.index_feed_generators: listRecords failed repo=did:plc:vs6zl7bwaxzq4wwtmmkddi7m err=HttpError('InvalidRequest: Could not find repo: did:plc:vs6zl7bwaxzq4wwtmmkddi7m')
2026-02-27T09:23:24Z WARNING bsky_collector_v2.job.index_feed_generators: listRecords failed repo=did:plc:vtrrggsg4tsfjg3nw5rwviup err=HttpError('InvalidRequest: Could not find repo: did:plc:vtrrggsg4tsfjg3nw5rwviup')
2026-02-27T09:23:25Z WARNING bsky_collector_v2.job.index_feed_generators: listRecords failed repo=did:plc:w5ao4sy32futiu4ndwrlun6x err=HttpError('InvalidRequest: Could not find repo: did:plc:w5ao4sy32futiu4ndwrlun6x')
2026-02-27T09:23:25Z WARNING bsky_collector_v2.job.index_feed_generators: listRecords failed repo=did:plc:w7hut6ihusencckbeunshpu3 err=HttpError('InvalidRequest: Could not find repo: did:plc:w7hut6ihusencckbeunshpu3')
2026-02-27T09:23:26Z WARNING bsky_collector_v2.job.index_feed_generators: listRecords failed repo=did:plc:wbt5qunqink4tjnz7mn3rrsl err=HttpError('InvalidRequest: Could not find repo: did:plc:wbt5qunqink4tjnz7mn3rrsl')
2026-02-27T09:23:27Z WARNING bsky_collector_v2.job.index_feed_generators: listRecords failed repo=did:plc:wgux3mcyggqssyhq4icpx6r6 err=HttpError('InvalidRequest: Could not find repo: did:plc:wgux3mcyggqssyhq4icpx6r6')
2026-02-27T09:23:27Z WARNING bsky_collector_v2.job.index_feed_generators: listRecords failed repo=did:plc:wk2tz5khkdomxfwcojrlds3o err=HttpError('InvalidRequest: Could not find repo: did:plc:wk2tz5khkdomxfwcojrlds3o')
2026-02-27T09:23:28Z WARNING bsky_collector_v2.job.index_feed_generators: listRecords failed repo=did:plc:wmdcqo6so7u6prxnjqoreqwg err=HttpError('InvalidRequest: Could not find repo: did:plc:wmdcqo6so7u6prxnjqoreqwg')
2026-02-27T09:23:28Z WARNING bsky_collector_v2.job.index_feed_generators: listRecords failed repo=did:plc:wnugws6zaiuausytnwwhpi2d err=HttpError('InvalidRequest: Could not find repo: did:plc:wnugws6zaiuausytnwwhpi2d')
2026-02-27T09:23:29Z WARNING bsky_collector_v2.job.index_feed_generators: listRecords failed repo=did:plc:x6m3p47bxuezpsruqt7ppqsy err=HttpError('InvalidRequest: Could not find repo: did:plc:x6m3p47bxuezpsruqt7ppqsy')
2026-02-27T09:23:29Z WARNING bsky_collector_v2.job.index_feed_generators: listRecords failed repo=did:plc:xaudvdeppbpbsncefsrlr7sj err=HttpError('InvalidRequest: Could not find repo: did:plc:xaudvdeppbpbsncefsrlr7sj')
2026-02-27T09:23:29Z WARNING bsky_collector_v2.job.index_feed_generators: listRecords failed repo=did:plc:xdzywlgxspl4j4twq5iz3iyf err=HttpError('InvalidRequest: Could not find repo: did:plc:xdzywlgxspl4j4twq5iz3iyf')
2026-02-27T09:23:31Z WARNING bsky_collector_v2.job.index_feed_generators: listRecords failed repo=did:plc:xzxxhol3zeu4udt5hlq3rpi5 err=HttpError('InvalidRequest: Could not find repo: did:plc:xzxxhol3zeu4udt5hlq3rpi5')
2026-02-27T09:23:36Z WARNING bsky_collector_v2.job.index_feed_generators: listRecords failed repo=did:plc:zkngfgzljk6vkjxsjtv6wdtt err=HttpError('InvalidRequest: Could not find repo: did:plc:zkngfgzljk6vkjxsjtv6wdtt')
2026-02-27T09:23:36Z WARNING bsky_collector_v2.job.index_feed_generators: listRecords failed repo=did:plc:zshlxvjpdxh7dgu72u4swtrd err=HttpError('InvalidRequest: Could not find repo: did:plc:zshlxvjpdxh7dgu72u4swtrd')
2026-02-27T09:23:37Z WARNING bsky_collector_v2.job.index_feed_generators: listRecords failed repo=did:plc:2lcqqsx74l2e6upp2agpgq3r err=HttpError('InvalidRequest: Could not find repo: did:plc:2lcqqsx74l2e6upp2agpgq3r')
2026-02-27T09:23:37Z WARNING bsky_collector_v2.job.index_feed_generators: listRecords failed repo=did:plc:2pr5apo3h4olhscex53s7e37 err=HttpError('InvalidRequest: Could not find repo: did:plc:2pr5apo3h4olhscex53s7e37')
2026-02-27T09:23:37Z WARNING bsky_collector_v2.job.index_feed_generators: listRecords failed repo=did:plc:2tctqovcb5toagbgudwyoiio err=HttpError('InvalidRequest: Could not find repo: did:plc:2tctqovcb5toagbgudwyoiio')
2026-02-27T09:23:37Z WARNING bsky_collector_v2.job.index_feed_generators: listRecords failed repo=did:plc:2yvi5bei5276sl7tizq2vzy4 err=HttpError('InvalidRequest: Could not find repo: did:plc:2yvi5bei5276sl7tizq2vzy4')
2026-02-27T09:23:37Z WARNING bsky_collector_v2.job.index_feed_generators: listRecords failed repo=did:plc:34m22hz36d7zmmnyoawicw6h err=HttpError('InvalidRequest: Could not find repo: did:plc:34m22hz36d7zmmnyoawicw6h')
2026-02-27T09:23:37Z WARNING bsky_collector_v2.job.index_feed_generators: listRecords failed repo=did:plc:4n6fwrwavegybgyxuxbcysl5 err=HttpError('InvalidRequest: Could not find repo: did:plc:4n6fwrwavegybgyxuxbcysl5')
2026-02-27T09:23:38Z WARNING bsky_collector_v2.job.index_feed_generators: listRecords failed repo=did:plc:4tvgoqahjrnooxehu4d3iulc err=HttpError('InvalidRequest: Could not find repo: did:plc:4tvgoqahjrnooxehu4d3iulc')
2026-02-27T09:23:38Z WARNING bsky_collector_v2.job.index_feed_generators: listRecords failed repo=did:plc:4wsvlvxv4ag2hgyznuelhmfs err=HttpError('InvalidRequest: Could not find repo: did:plc:4wsvlvxv4ag2hgyznuelhmfs')
2026-02-27T09:23:38Z WARNING bsky_collector_v2.job.index_feed_generators: listRecords failed repo=did:plc:5j3wnmlysuvuvkxxio7ojfl7 err=HttpError('InvalidRequest: Could not find repo: did:plc:5j3wnmlysuvuvkxxio7ojfl7')
2026-02-27T09:23:38Z WARNING bsky_collector_v2.job.index_feed_generators: listRecords failed repo=did:plc:5kmfe6g5izskh746i6q33ok6 err=HttpError('InvalidRequest: Could not find repo: did:plc:5kmfe6g5izskh746i6q33ok6')
2026-02-27T09:23:38Z WARNING bsky_collector_v2.job.index_feed_generators: listRecords failed repo=did:plc:5llkizxdwc7ni4y43dt2emtj err=HttpError('InvalidRequest: Could not find repo: did:plc:5llkizxdwc7ni4y43dt2emtj')
2026-02-27T09:23:38Z WARNING bsky_collector_v2.job.index_feed_generators: listRecords failed repo=did:plc:5ov6c5zjjvh3533hulrqt275 err=HttpError('InvalidRequest: Could not find repo: did:plc:5ov6c5zjjvh3533hulrqt275')
2026-02-27T09:23:38Z WARNING bsky_collector_v2.job.index_feed_generators: listRecords failed repo=did:plc:6hjpweplnunfojao3mpaca4m err=HttpError('InvalidRequest: Could not find repo: did:plc:6hjpweplnunfojao3mpaca4m')
2026-02-27T09:23:38Z WARNING bsky_collector_v2.job.index_feed_generators: listRecords failed repo=did:plc:6hlniuxbq3rj2472g7ghsbqm err=HttpError('InvalidRequest: Could not find repo: did:plc:6hlniuxbq3rj2472g7ghsbqm')
2026-02-27T09:23:38Z WARNING bsky_collector_v2.job.index_feed_generators: listRecords failed repo=did:plc:6prz6n2jvc7faqht6jmmraso err=HttpError('InvalidRequest: Could not find repo: did:plc:6prz6n2jvc7faqht6jmmraso')
2026-02-27T09:23:38Z WARNING bsky_collector_v2.job.index_feed_generators: listRecords failed repo=did:plc:75zn5kboniuzfnll4rmyrucm err=HttpError('InvalidRequest: Could not find repo: did:plc:75zn5kboniuzfnll4rmyrucm')
2026-02-27T09:23:39Z WARNING bsky_collector_v2.job.index_feed_generators: listRecords failed repo=did:plc:7bp6pmfpxde67ca75gtwtndn err=HttpError('InvalidRequest: Could not find repo: did:plc:7bp6pmfpxde67ca75gtwtndn')
2026-02-27T09:23:39Z WARNING bsky_collector_v2.job.index_feed_generators: listRecords failed repo=did:plc:a22zphyv2aqwvzurxfvjyrqz err=HttpError('InvalidRequest: Could not find repo: did:plc:a22zphyv2aqwvzurxfvjyrqz')
2026-02-27T09:23:39Z WARNING bsky_collector_v2.job.index_feed_generators: listRecords failed repo=did:plc:a5rakvw3a7wmqy77dsphjdig err=HttpError('InvalidRequest: Could not find repo: did:plc:a5rakvw3a7wmqy77dsphjdig')
2026-02-27T09:23:39Z WARNING bsky_collector_v2.job.index_feed_generators: listRecords failed repo=did:plc:bg5udl25mvzg3rt7l5n2hzet err=HttpError('InvalidRequest: Could not find repo: did:plc:bg5udl25mvzg3rt7l5n2hzet')
2026-02-27T09:23:39Z WARNING bsky_collector_v2.job.index_feed_generators: listRecords failed repo=did:plc:cdvhahq5vnfxyebjp4hf52x7 err=HttpError('InvalidRequest: Could not find repo: did:plc:cdvhahq5vnfxyebjp4hf52x7')
2026-02-27T09:23:39Z WARNING bsky_collector_v2.job.index_feed_generators: listRecords failed repo=did:plc:chw4psx6dwdw63mmwdunnzq2 err=HttpError('InvalidRequest: Could not find repo: did:plc:chw4psx6dwdw63mmwdunnzq2')
2026-02-27T09:23:39Z WARNING bsky_collector_v2.job.index_feed_generators: listRecords failed repo=did:plc:cqlpowpwy6ukd3k2xj64ipab err=HttpError('InvalidRequest: Could not find repo: did:plc:cqlpowpwy6ukd3k2xj64ipab')
2026-02-27T09:23:39Z WARNING bsky_collector_v2.job.index_feed_generators: listRecords failed repo=did:plc:d66sfikhs2ipmxnma23bmzmc err=HttpError('InvalidRequest: Could not find repo: did:plc:d66sfikhs2ipmxnma23bmzmc')
2026-02-27T09:23:39Z WARNING bsky_collector_v2.job.index_feed_generators: listRecords failed repo=did:plc:dm27rqpj22hsuy6ctktefgpo err=HttpError('InvalidRequest: Could not find repo: did:plc:dm27rqpj22hsuy6ctktefgpo')
2026-02-27T09:23:39Z WARNING bsky_collector_v2.job.index_feed_generators: listRecords failed repo=did:plc:dmaz44ajl5t5pbysz72pmaoi err=HttpError('InvalidRequest: Could not find repo: did:plc:dmaz44ajl5t5pbysz72pmaoi')
2026-02-27T09:23:39Z WARNING bsky_collector_v2.job.index_feed_generators: listRecords failed repo=did:plc:elyslrfdljkewd4cw7zcmqbb err=HttpError('InvalidRequest: Could not find repo: did:plc:elyslrfdljkewd4cw7zcmqbb')
2026-02-27T09:23:39Z WARNING bsky_collector_v2.job.index_feed_generators: listRecords failed repo=did:plc:fbpcxppbsvoz3ju6lci2n6sy err=HttpError('InvalidRequest: Could not find repo: did:plc:fbpcxppbsvoz3ju6lci2n6sy')
2026-02-27T09:23:40Z WARNING bsky_collector_v2.job.index_feed_generators: listRecords failed repo=did:plc:fh4f3optvbmb6nkqczx7hkgu err=HttpError('InvalidRequest: Could not find repo: did:plc:fh4f3optvbmb6nkqczx7hkgu')
2026-02-27T09:23:40Z WARNING bsky_collector_v2.job.index_feed_generators: listRecords failed repo=did:plc:gq5wuiw6qh5x4iqvpkefqw4a err=HttpError('InvalidRequest: Could not find repo: did:plc:gq5wuiw6qh5x4iqvpkefqw4a')
2026-02-27T09:23:40Z WARNING bsky_collector_v2.job.index_feed_generators: listRecords failed repo=did:plc:h76jmxtxj7xqrrkwijclkwgu err=HttpError('InvalidRequest: Could not find repo: did:plc:h76jmxtxj7xqrrkwijclkwgu')
2026-02-27T09:23:40Z WARNING bsky_collector_v2.job.index_feed_generators: listRecords failed repo=did:plc:hnq3v647tilqzil66ciu4qzr err=HttpError('InvalidRequest: Could not find repo: did:plc:hnq3v647tilqzil66ciu4qzr')
2026-02-27T09:23:40Z WARNING bsky_collector_v2.job.index_feed_generators: listRecords failed repo=did:plc:i6gsi2jxfuabsa2im3orsjny err=HttpError('InvalidRequest: Could not find repo: did:plc:i6gsi2jxfuabsa2im3orsjny')
2026-02-27T09:23:40Z WARNING bsky_collector_v2.job.index_feed_generators: listRecords failed repo=did:plc:ietfiojxsugrempu2yrenkpf err=HttpError('InvalidRequest: Could not find repo: did:plc:ietfiojxsugrempu2yrenkpf')
2026-02-27T09:23:40Z WARNING bsky_collector_v2.job.index_feed_generators: listRecords failed repo=did:plc:iyagvcro3f7zmrjo3qliirzk err=HttpError('InvalidRequest: Could not find repo: did:plc:iyagvcro3f7zmrjo3qliirzk')
2026-02-27T09:23:40Z WARNING bsky_collector_v2.job.index_feed_generators: listRecords failed repo=did:plc:iziiypuznlbr256beev3sp4p err=HttpError('InvalidRequest: Could not find repo: did:plc:iziiypuznlbr256beev3sp4p')
2026-02-27T09:23:40Z WARNING bsky_collector_v2.job.index_feed_generators: listRecords failed repo=did:plc:jbprlhddqzykkfvxqfueaeek err=HttpError('InvalidRequest: Could not find repo: did:plc:jbprlhddqzykkfvxqfueaeek')
2026-02-27T09:23:40Z WARNING bsky_collector_v2.job.index_feed_generators: listRecords failed repo=did:plc:jg42nqiy524lhsadcc2ztyjk err=HttpError('InvalidRequest: Could not find repo: did:plc:jg42nqiy524lhsadcc2ztyjk')
2026-02-27T09:23:40Z WARNING bsky_collector_v2.job.index_feed_generators: listRecords failed repo=did:plc:js3s3tre2jk755zdsjtad3ig err=HttpError('InvalidRequest: Could not find repo: did:plc:js3s3tre2jk755zdsjtad3ig')
2026-02-27T09:23:40Z WARNING bsky_collector_v2.job.index_feed_generators: listRecords failed repo=did:plc:juliuf5iwn5jzcuqoc434a2h err=HttpError('InvalidRequest: Could not find repo: did:plc:juliuf5iwn5jzcuqoc434a2h')
2026-02-27T09:23:41Z WARNING bsky_collector_v2.job.index_feed_generators: listRecords failed repo=did:plc:k6lboi55jioaa7ihk4xkygm4 err=HttpError('InvalidRequest: Could not find repo: did:plc:k6lboi55jioaa7ihk4xkygm4')
2026-02-27T09:23:41Z WARNING bsky_collector_v2.job.index_feed_generators: listRecords failed repo=did:plc:kmsiciz6cq7dqy6k3kv7vzp5 err=HttpError('InvalidRequest: Could not find repo: did:plc:kmsiciz6cq7dqy6k3kv7vzp5')
2026-02-27T09:23:41Z WARNING bsky_collector_v2.job.index_feed_generators: listRecords failed repo=did:plc:kqejv7tg2jiztwvc2dkemc7g err=HttpError('InvalidRequest: Could not find repo: did:plc:kqejv7tg2jiztwvc2dkemc7g')
2026-02-27T09:23:41Z WARNING bsky_collector_v2.job.index_feed_generators: listRecords failed repo=did:plc:kzqsn26p6xkkccbcqoy52zn6 err=HttpError('InvalidRequest: Could not find repo: did:plc:kzqsn26p6xkkccbcqoy52zn6')
2026-02-27T09:23:41Z WARNING bsky_collector_v2.job.index_feed_generators: listRecords failed repo=did:plc:lbqdji4aftfcd42gt2oowgzk err=HttpError('InvalidRequest: Could not find repo: did:plc:lbqdji4aftfcd42gt2oowgzk')
2026-02-27T09:23:41Z WARNING bsky_collector_v2.job.index_feed_generators: listRecords failed repo=did:plc:lheaxgdk3qv2htwipqw6hyfg err=HttpError('InvalidRequest: Could not find repo: did:plc:lheaxgdk3qv2htwipqw6hyfg')
2026-02-27T09:23:41Z WARNING bsky_collector_v2.job.index_feed_generators: listRecords failed repo=did:plc:mdyu5bcih3dytpu2vby23nqn err=HttpError('InvalidRequest: Could not find repo: did:plc:mdyu5bcih3dytpu2vby23nqn')
2026-02-27T09:23:41Z WARNING bsky_collector_v2.job.index_feed_generators: listRecords failed repo=did:plc:mrvutjhdsxz42yu2ew53lnc2 err=HttpError('InvalidRequest: Could not find repo: did:plc:mrvutjhdsxz42yu2ew53lnc2')
2026-02-27T09:23:41Z WARNING bsky_collector_v2.job.index_feed_generators: listRecords failed repo=did:plc:nbuhkxkpsjma3nnfvgoqqoh4 err=HttpError('InvalidRequest: Could not find repo: did:plc:nbuhkxkpsjma3nnfvgoqqoh4')
2026-02-27T09:23:41Z WARNING bsky_collector_v2.job.index_feed_generators: listRecords failed repo=did:plc:numhwknpfrmdbjbbs6gk46sd err=HttpError('InvalidRequest: Could not find repo: did:plc:numhwknpfrmdbjbbs6gk46sd')
2026-02-27T09:23:41Z WARNING bsky_collector_v2.job.index_feed_generators: listRecords failed repo=did:plc:o4b4pj4p342m7hqusfuov7t3 err=HttpError('InvalidRequest: Could not find repo: did:plc:o4b4pj4p342m7hqusfuov7t3')
2026-02-27T09:23:42Z WARNING bsky_collector_v2.job.index_feed_generators: listRecords failed repo=did:plc:odqlmpc3sfrvyagadav3zhv6 err=HttpError('InvalidRequest: Could not find repo: did:plc:odqlmpc3sfrvyagadav3zhv6')
2026-02-27T09:23:42Z WARNING bsky_collector_v2.job.index_feed_generators: listRecords failed repo=did:plc:odqqsecj3qpg6a2ekmalqrqy err=HttpError('InvalidRequest: Could not find repo: did:plc:odqqsecj3qpg6a2ekmalqrqy')
2026-02-27T09:23:42Z WARNING bsky_collector_v2.job.index_feed_generators: listRecords failed repo=did:plc:pdmsxrpl5yg362hvyk57uocw err=HttpError('InvalidRequest: Could not find repo: did:plc:pdmsxrpl5yg362hvyk57uocw')
2026-02-27T09:23:42Z WARNING bsky_collector_v2.job.index_feed_generators: listRecords failed repo=did:plc:qdxsfixxaymob7j5xqpaap3m err=HttpError('InvalidRequest: Could not find repo: did:plc:qdxsfixxaymob7j5xqpaap3m')
2026-02-27T09:23:42Z WARNING bsky_collector_v2.job.index_feed_generators: listRecords failed repo=did:plc:qolcb5ik54klm534jrlghxqb err=HttpError('InvalidRequest: Could not find repo: did:plc:qolcb5ik54klm534jrlghxqb')
2026-02-27T09:23:42Z WARNING bsky_collector_v2.job.index_feed_generators: listRecords failed repo=did:plc:qql4werga7amll4ytox7mgwi err=HttpError('InvalidRequest: Could not find repo: did:plc:qql4werga7amll4ytox7mgwi')
2026-02-27T09:23:42Z WARNING bsky_collector_v2.job.index_feed_generators: listRecords failed repo=did:plc:qvaannfrhjf5cyy2mtmpvfcz err=HttpError('InvalidRequest: Could not find repo: did:plc:qvaannfrhjf5cyy2mtmpvfcz')
2026-02-27T09:23:42Z WARNING bsky_collector_v2.job.index_feed_generators: listRecords failed repo=did:plc:rebpqlcrick22gywm6svxwyq err=HttpError('InvalidRequest: Could not find repo: did:plc:rebpqlcrick22gywm6svxwyq')
2026-02-27T09:23:42Z WARNING bsky_collector_v2.job.index_feed_generators: listRecords failed repo=did:plc:rhr7irbhqvuxd2p6yya6tsnf err=HttpError('InvalidRequest: Could not find repo: did:plc:rhr7irbhqvuxd2p6yya6tsnf')
2026-02-27T09:23:42Z WARNING bsky_collector_v2.job.index_feed_generators: listRecords failed repo=did:plc:rrwxywdlrz5fkwj5g4u4jnrk err=HttpError('InvalidRequest: Could not find repo: did:plc:rrwxywdlrz5fkwj5g4u4jnrk')
2026-02-27T09:23:42Z WARNING bsky_collector_v2.job.index_feed_generators: listRecords failed repo=did:plc:sdcc2sjkrgrbrvrnagcgeyfw err=HttpError('InvalidRequest: Could not find repo: did:plc:sdcc2sjkrgrbrvrnagcgeyfw')
2026-02-27T09:23:43Z WARNING bsky_collector_v2.job.index_feed_generators: listRecords failed repo=did:plc:sst5slusscz6te5lbnr6wp2t err=HttpError('InvalidRequest: Could not find repo: did:plc:sst5slusscz6te5lbnr6wp2t')
2026-02-27T09:23:43Z WARNING bsky_collector_v2.job.index_feed_generators: listRecords failed repo=did:plc:svntwhfe6p4u6zqamrurehli err=HttpError('InvalidRequest: Could not find repo: did:plc:svntwhfe6p4u6zqamrurehli')
2026-02-27T09:23:43Z WARNING bsky_collector_v2.job.index_feed_generators: listRecords failed repo=did:plc:to37lkjnvfp6zphxbei7rqmq err=HttpError('InvalidRequest: Could not find repo: did:plc:to37lkjnvfp6zphxbei7rqmq')
2026-02-27T09:23:43Z WARNING bsky_collector_v2.job.index_feed_generators: listRecords failed repo=did:plc:tyu4plt7l3ycxqt6edu5tyra err=HttpError('InvalidRequest: Could not find repo: did:plc:tyu4plt7l3ycxqt6edu5tyra')
2026-02-27T09:23:43Z WARNING bsky_collector_v2.job.index_feed_generators: listRecords failed repo=did:plc:v62unwhgxfezjmk2dnwxbmge err=HttpError('InvalidRequest: Could not find repo: did:plc:v62unwhgxfezjmk2dnwxbmge')
2026-02-27T09:23:43Z WARNING bsky_collector_v2.job.index_feed_generators: listRecords failed repo=did:plc:vs6zl7bwaxzq4wwtmmkddi7m err=HttpError('InvalidRequest: Could not find repo: did:plc:vs6zl7bwaxzq4wwtmmkddi7m')
2026-02-27T09:23:43Z WARNING bsky_collector_v2.job.index_feed_generators: listRecords failed repo=did:plc:vtrrggsg4tsfjg3nw5rwviup err=HttpError('InvalidRequest: Could not find repo: did:plc:vtrrggsg4tsfjg3nw5rwviup')
2026-02-27T09:23:43Z WARNING bsky_collector_v2.job.index_feed_generators: listRecords failed repo=did:plc:w5ao4sy32futiu4ndwrlun6x err=HttpError('InvalidRequest: Could not find repo: did:plc:w5ao4sy32futiu4ndwrlun6x')
2026-02-27T09:23:43Z WARNING bsky_collector_v2.job.index_feed_generators: listRecords failed repo=did:plc:w7hut6ihusencckbeunshpu3 err=HttpError('InvalidRequest: Could not find repo: did:plc:w7hut6ihusencckbeunshpu3')
2026-02-27T09:23:43Z WARNING bsky_collector_v2.job.index_feed_generators: listRecords failed repo=did:plc:wbt5qunqink4tjnz7mn3rrsl err=HttpError('InvalidRequest: Could not find repo: did:plc:wbt5qunqink4tjnz7mn3rrsl')
2026-02-27T09:23:43Z WARNING bsky_collector_v2.job.index_feed_generators: listRecords failed repo=did:plc:wgux3mcyggqssyhq4icpx6r6 err=HttpError('InvalidRequest: Could not find repo: did:plc:wgux3mcyggqssyhq4icpx6r6')
2026-02-27T09:23:43Z WARNING bsky_collector_v2.job.index_feed_generators: listRecords failed repo=did:plc:wk2tz5khkdomxfwcojrlds3o err=HttpError('InvalidRequest: Could not find repo: did:plc:wk2tz5khkdomxfwcojrlds3o')
2026-02-27T09:23:43Z WARNING bsky_collector_v2.job.index_feed_generators: listRecords failed repo=did:plc:wmdcqo6so7u6prxnjqoreqwg err=HttpError('InvalidRequest: Could not find repo: did:plc:wmdcqo6so7u6prxnjqoreqwg')
2026-02-27T09:23:43Z WARNING bsky_collector_v2.job.index_feed_generators: listRecords failed repo=did:plc:wnugws6zaiuausytnwwhpi2d err=HttpError('InvalidRequest: Could not find repo: did:plc:wnugws6zaiuausytnwwhpi2d')
2026-02-27T09:23:44Z WARNING bsky_collector_v2.job.index_feed_generators: listRecords failed repo=did:plc:x6m3p47bxuezpsruqt7ppqsy err=HttpError('InvalidRequest: Could not find repo: did:plc:x6m3p47bxuezpsruqt7ppqsy')
2026-02-27T09:23:44Z WARNING bsky_collector_v2.job.index_feed_generators: listRecords failed repo=did:plc:xaudvdeppbpbsncefsrlr7sj err=HttpError('InvalidRequest: Could not find repo: did:plc:xaudvdeppbpbsncefsrlr7sj')
2026-02-27T09:23:44Z WARNING bsky_collector_v2.job.index_feed_generators: listRecords failed repo=did:plc:xdzywlgxspl4j4twq5iz3iyf err=HttpError('InvalidRequest: Could not find repo: did:plc:xdzywlgxspl4j4twq5iz3iyf')
2026-02-27T09:23:44Z WARNING bsky_collector_v2.job.index_feed_generators: listRecords failed repo=did:plc:xzxxhol3zeu4udt5hlq3rpi5 err=HttpError('InvalidRequest: Could not find repo: did:plc:xzxxhol3zeu4udt5hlq3rpi5')
2026-02-27T09:23:44Z WARNING bsky_collector_v2.job.index_feed_generators: listRecords failed repo=did:plc:zkngfgzljk6vkjxsjtv6wdtt err=HttpError('InvalidRequest: Could not find repo: did:plc:zkngfgzljk6vkjxsjtv6wdtt')
2026-02-27T09:23:44Z WARNING bsky_collector_v2.job.index_feed_generators: listRecords failed repo=did:plc:zshlxvjpdxh7dgu72u4swtrd err=HttpError('InvalidRequest: Could not find repo: did:plc:zshlxvjpdxh7dgu72u4swtrd')
2026-02-27T09:23:44Z WARNING bsky_collector_v2.job.index_feed_generators: listRecords failed repo=did:plc:2lcqqsx74l2e6upp2agpgq3r err=HttpError('InvalidRequest: Could not find repo: did:plc:2lcqqsx74l2e6upp2agpgq3r')
2026-02-27T09:23:44Z WARNING bsky_collector_v2.job.index_feed_generators: listRecords failed repo=did:plc:2pr5apo3h4olhscex53s7e37 err=HttpError('InvalidRequest: Could not find repo: did:plc:2pr5apo3h4olhscex53s7e37')
2026-02-27T09:23:44Z WARNING bsky_collector_v2.job.index_feed_generators: listRecords failed repo=did:plc:2tctqovcb5toagbgudwyoiio err=HttpError('InvalidRequest: Could not find repo: did:plc:2tctqovcb5toagbgudwyoiio')
2026-02-27T09:23:45Z WARNING bsky_collector_v2.job.index_feed_generators: listRecords failed repo=did:plc:2yvi5bei5276sl7tizq2vzy4 err=HttpError('InvalidRequest: Could not find repo: did:plc:2yvi5bei5276sl7tizq2vzy4')
2026-02-27T09:23:45Z WARNING bsky_collector_v2.job.index_feed_generators: listRecords failed repo=did:plc:34m22hz36d7zmmnyoawicw6h err=HttpError('InvalidRequest: Could not find repo: did:plc:34m22hz36d7zmmnyoawicw6h')
2026-02-27T09:23:45Z WARNING bsky_collector_v2.job.index_feed_generators: listRecords failed repo=did:plc:4n6fwrwavegybgyxuxbcysl5 err=HttpError('InvalidRequest: Could not find repo: did:plc:4n6fwrwavegybgyxuxbcysl5')
2026-02-27T09:23:45Z WARNING bsky_collector_v2.job.index_feed_generators: listRecords failed repo=did:plc:4tvgoqahjrnooxehu4d3iulc err=HttpError('InvalidRequest: Could not find repo: did:plc:4tvgoqahjrnooxehu4d3iulc')
2026-02-27T09:23:45Z WARNING bsky_collector_v2.job.index_feed_generators: listRecords failed repo=did:plc:4wsvlvxv4ag2hgyznuelhmfs err=HttpError('InvalidRequest: Could not find repo: did:plc:4wsvlvxv4ag2hgyznuelhmfs')
2026-02-27T09:23:45Z WARNING bsky_collector_v2.job.index_feed_generators: listRecords failed repo=did:plc:5j3wnmlysuvuvkxxio7ojfl7 err=HttpError('InvalidRequest: Could not find repo: did:plc:5j3wnmlysuvuvkxxio7ojfl7')
2026-02-27T09:23:45Z WARNING bsky_collector_v2.job.index_feed_generators: listRecords failed repo=did:plc:5kmfe6g5izskh746i6q33ok6 err=HttpError('InvalidRequest: Could not find repo: did:plc:5kmfe6g5izskh746i6q33ok6')
2026-02-27T09:23:45Z WARNING bsky_collector_v2.job.index_feed_generators: listRecords failed repo=did:plc:5llkizxdwc7ni4y43dt2emtj err=HttpError('InvalidRequest: Could not find repo: did:plc:5llkizxdwc7ni4y43dt2emtj')
2026-02-27T09:23:45Z WARNING bsky_collector_v2.job.index_feed_generators: listRecords failed repo=did:plc:5ov6c5zjjvh3533hulrqt275 err=HttpError('InvalidRequest: Could not find repo: did:plc:5ov6c5zjjvh3533hulrqt275')
2026-02-27T09:23:45Z WARNING bsky_collector_v2.job.index_feed_generators: listRecords failed repo=did:plc:6hjpweplnunfojao3mpaca4m err=HttpError('InvalidRequest: Could not find repo: did:plc:6hjpweplnunfojao3mpaca4m')
2026-02-27T09:23:45Z WARNING bsky_collector_v2.job.index_feed_generators: listRecords failed repo=did:plc:6hlniuxbq3rj2472g7ghsbqm err=HttpError('InvalidRequest: Could not find repo: did:plc:6hlniuxbq3rj2472g7ghsbqm')
2026-02-27T09:23:45Z WARNING bsky_collector_v2.job.index_feed_generators: listRecords failed repo=did:plc:6prz6n2jvc7faqht6jmmraso err=HttpError('InvalidRequest: Could not find repo: did:plc:6prz6n2jvc7faqht6jmmraso')
2026-02-27T09:23:46Z WARNING bsky_collector_v2.job.index_feed_generators: listRecords failed repo=did:plc:75zn5kboniuzfnll4rmyrucm err=HttpError('InvalidRequest: Could not find repo: did:plc:75zn5kboniuzfnll4rmyrucm')
2026-02-27T09:23:46Z WARNING bsky_collector_v2.job.index_feed_generators: listRecords failed repo=did:plc:7bp6pmfpxde67ca75gtwtndn err=HttpError('InvalidRequest: Could not find repo: did:plc:7bp6pmfpxde67ca75gtwtndn')
2026-02-27T09:23:46Z WARNING bsky_collector_v2.job.index_feed_generators: listRecords failed repo=did:plc:a22zphyv2aqwvzurxfvjyrqz err=HttpError('InvalidRequest: Could not find repo: did:plc:a22zphyv2aqwvzurxfvjyrqz')
2026-02-27T09:23:46Z WARNING bsky_collector_v2.job.index_feed_generators: listRecords failed repo=did:plc:a5rakvw3a7wmqy77dsphjdig err=HttpError('InvalidRequest: Could not find repo: did:plc:a5rakvw3a7wmqy77dsphjdig')
2026-02-27T09:23:46Z WARNING bsky_collector_v2.job.index_feed_generators: listRecords failed repo=did:plc:bg5udl25mvzg3rt7l5n2hzet err=HttpError('InvalidRequest: Could not find repo: did:plc:bg5udl25mvzg3rt7l5n2hzet')
2026-02-27T09:23:46Z WARNING bsky_collector_v2.job.index_feed_generators: listRecords failed repo=did:plc:cdvhahq5vnfxyebjp4hf52x7 err=HttpError('InvalidRequest: Could not find repo: did:plc:cdvhahq5vnfxyebjp4hf52x7')
2026-02-27T09:23:46Z WARNING bsky_collector_v2.job.index_feed_generators: listRecords failed repo=did:plc:chw4psx6dwdw63mmwdunnzq2 err=HttpError('InvalidRequest: Could not find repo: did:plc:chw4psx6dwdw63mmwdunnzq2')
2026-02-27T09:23:46Z WARNING bsky_collector_v2.job.index_feed_generators: listRecords failed repo=did:plc:cqlpowpwy6ukd3k2xj64ipab err=HttpError('InvalidRequest: Could not find repo: did:plc:cqlpowpwy6ukd3k2xj64ipab')
2026-02-27T09:23:46Z WARNING bsky_collector_v2.job.index_feed_generators: listRecords failed repo=did:plc:d66sfikhs2ipmxnma23bmzmc err=HttpError('InvalidRequest: Could not find repo: did:plc:d66sfikhs2ipmxnma23bmzmc')
2026-02-27T09:23:46Z WARNING bsky_collector_v2.job.index_feed_generators: listRecords failed repo=did:plc:dm27rqpj22hsuy6ctktefgpo err=HttpError('InvalidRequest: Could not find repo: did:plc:dm27rqpj22hsuy6ctktefgpo')
2026-02-27T09:23:46Z WARNING bsky_collector_v2.job.index_feed_generators: listRecords failed repo=did:plc:dmaz44ajl5t5pbysz72pmaoi err=HttpError('InvalidRequest: Could not find repo: did:plc:dmaz44ajl5t5pbysz72pmaoi')
2026-02-27T09:23:46Z WARNING bsky_collector_v2.job.index_feed_generators: listRecords failed repo=did:plc:elyslrfdljkewd4cw7zcmqbb err=HttpError('InvalidRequest: Could not find repo: did:plc:elyslrfdljkewd4cw7zcmqbb')
2026-02-27T09:23:47Z WARNING bsky_collector_v2.job.index_feed_generators: listRecords failed repo=did:plc:fbpcxppbsvoz3ju6lci2n6sy err=HttpError('InvalidRequest: Could not find repo: did:plc:fbpcxppbsvoz3ju6lci2n6sy')
2026-02-27T09:23:47Z WARNING bsky_collector_v2.job.index_feed_generators: listRecords failed repo=did:plc:fh4f3optvbmb6nkqczx7hkgu err=HttpError('InvalidRequest: Could not find repo: did:plc:fh4f3optvbmb6nkqczx7hkgu')
2026-02-27T09:23:47Z WARNING bsky_collector_v2.job.index_feed_generators: listRecords failed repo=did:plc:gq5wuiw6qh5x4iqvpkefqw4a err=HttpError('InvalidRequest: Could not find repo: did:plc:gq5wuiw6qh5x4iqvpkefqw4a')
2026-02-27T09:23:47Z WARNING bsky_collector_v2.job.index_feed_generators: listRecords failed repo=did:plc:h76jmxtxj7xqrrkwijclkwgu err=HttpError('InvalidRequest: Could not find repo: did:plc:h76jmxtxj7xqrrkwijclkwgu')
2026-02-27T09:23:47Z WARNING bsky_collector_v2.job.index_feed_generators: listRecords failed repo=did:plc:hnq3v647tilqzil66ciu4qzr err=HttpError('InvalidRequest: Could not find repo: did:plc:hnq3v647tilqzil66ciu4qzr')
2026-02-27T09:23:47Z WARNING bsky_collector_v2.job.index_feed_generators: listRecords failed repo=did:plc:i6gsi2jxfuabsa2im3orsjny err=HttpError('InvalidRequest: Could not find repo: did:plc:i6gsi2jxfuabsa2im3orsjny')
2026-02-27T09:23:47Z WARNING bsky_collector_v2.job.index_feed_generators: listRecords failed repo=did:plc:ietfiojxsugrempu2yrenkpf err=HttpError('InvalidRequest: Could not find repo: did:plc:ietfiojxsugrempu2yrenkpf')
2026-02-27T09:23:47Z WARNING bsky_collector_v2.job.index_feed_generators: listRecords failed repo=did:plc:iyagvcro3f7zmrjo3qliirzk err=HttpError('InvalidRequest: Could not find repo: did:plc:iyagvcro3f7zmrjo3qliirzk')
2026-02-27T09:23:47Z WARNING bsky_collector_v2.job.index_feed_generators: listRecords failed repo=did:plc:iziiypuznlbr256beev3sp4p err=HttpError('InvalidRequest: Could not find repo: did:plc:iziiypuznlbr256beev3sp4p')
2026-02-27T09:23:47Z WARNING bsky_collector_v2.job.index_feed_generators: listRecords failed repo=did:plc:jbprlhddqzykkfvxqfueaeek err=HttpError('InvalidRequest: Could not find repo: did:plc:jbprlhddqzykkfvxqfueaeek')
2026-02-27T09:23:47Z WARNING bsky_collector_v2.job.index_feed_generators: listRecords failed repo=did:plc:jg42nqiy524lhsadcc2ztyjk err=HttpError('InvalidRequest: Could not find repo: did:plc:jg42nqiy524lhsadcc2ztyjk')
2026-02-27T09:23:48Z WARNING bsky_collector_v2.job.index_feed_generators: listRecords failed repo=did:plc:js3s3tre2jk755zdsjtad3ig err=HttpError('InvalidRequest: Could not find repo: did:plc:js3s3tre2jk755zdsjtad3ig')
2026-02-27T09:23:48Z WARNING bsky_collector_v2.job.index_feed_generators: listRecords failed repo=did:plc:juliuf5iwn5jzcuqoc434a2h err=HttpError('InvalidRequest: Could not find repo: did:plc:juliuf5iwn5jzcuqoc434a2h')
2026-02-27T09:23:48Z WARNING bsky_collector_v2.job.index_feed_generators: listRecords failed repo=did:plc:k6lboi55jioaa7ihk4xkygm4 err=HttpError('InvalidRequest: Could not find repo: did:plc:k6lboi55jioaa7ihk4xkygm4')
2026-02-27T09:23:48Z WARNING bsky_collector_v2.job.index_feed_generators: listRecords failed repo=did:plc:kmsiciz6cq7dqy6k3kv7vzp5 err=HttpError('InvalidRequest: Could not find repo: did:plc:kmsiciz6cq7dqy6k3kv7vzp5')
2026-02-27T09:23:48Z WARNING bsky_collector_v2.job.index_feed_generators: listRecords failed repo=did:plc:kqejv7tg2jiztwvc2dkemc7g err=HttpError('InvalidRequest: Could not find repo: did:plc:kqejv7tg2jiztwvc2dkemc7g')
2026-02-27T09:23:48Z WARNING bsky_collector_v2.job.index_feed_generators: listRecords failed repo=did:plc:kzqsn26p6xkkccbcqoy52zn6 err=HttpError('InvalidRequest: Could not find repo: did:plc:kzqsn26p6xkkccbcqoy52zn6')
2026-02-27T09:23:48Z WARNING bsky_collector_v2.job.index_feed_generators: listRecords failed repo=did:plc:lbqdji4aftfcd42gt2oowgzk err=HttpError('InvalidRequest: Could not find repo: did:plc:lbqdji4aftfcd42gt2oowgzk')
2026-02-27T09:23:48Z WARNING bsky_collector_v2.job.index_feed_generators: listRecords failed repo=did:plc:lheaxgdk3qv2htwipqw6hyfg err=HttpError('InvalidRequest: Could not find repo: did:plc:lheaxgdk3qv2htwipqw6hyfg')
2026-02-27T09:23:48Z WARNING bsky_collector_v2.job.index_feed_generators: listRecords failed repo=did:plc:mdyu5bcih3dytpu2vby23nqn err=HttpError('InvalidRequest: Could not find repo: did:plc:mdyu5bcih3dytpu2vby23nqn')
2026-02-27T09:23:48Z WARNING bsky_collector_v2.job.index_feed_generators: listRecords failed repo=did:plc:mrvutjhdsxz42yu2ew53lnc2 err=HttpError('InvalidRequest: Could not find repo: did:plc:mrvutjhdsxz42yu2ew53lnc2')
2026-02-27T09:23:48Z WARNING bsky_collector_v2.job.index_feed_generators: listRecords failed repo=did:plc:nbuhkxkpsjma3nnfvgoqqoh4 err=HttpError('InvalidRequest: Could not find repo: did:plc:nbuhkxkpsjma3nnfvgoqqoh4')
2026-02-27T09:23:48Z WARNING bsky_collector_v2.job.index_feed_generators: listRecords failed repo=did:plc:numhwknpfrmdbjbbs6gk46sd err=HttpError('InvalidRequest: Could not find repo: did:plc:numhwknpfrmdbjbbs6gk46sd')
2026-02-27T09:23:49Z WARNING bsky_collector_v2.job.index_feed_generators: listRecords failed repo=did:plc:o4b4pj4p342m7hqusfuov7t3 err=HttpError('InvalidRequest: Could not find repo: did:plc:o4b4pj4p342m7hqusfuov7t3')
2026-02-27T09:23:49Z WARNING bsky_collector_v2.job.index_feed_generators: listRecords failed repo=did:plc:odqlmpc3sfrvyagadav3zhv6 err=HttpError('InvalidRequest: Could not find repo: did:plc:odqlmpc3sfrvyagadav3zhv6')
2026-02-27T09:23:49Z WARNING bsky_collector_v2.job.index_feed_generators: listRecords failed repo=did:plc:odqqsecj3qpg6a2ekmalqrqy err=HttpError('InvalidRequest: Could not find repo: did:plc:odqqsecj3qpg6a2ekmalqrqy')
2026-02-27T09:23:49Z WARNING bsky_collector_v2.job.index_feed_generators: listRecords failed repo=did:plc:pdmsxrpl5yg362hvyk57uocw err=HttpError('InvalidRequest: Could not find repo: did:plc:pdmsxrpl5yg362hvyk57uocw')
2026-02-27T09:23:49Z WARNING bsky_collector_v2.job.index_feed_generators: listRecords failed repo=did:plc:qdxsfixxaymob7j5xqpaap3m err=HttpError('InvalidRequest: Could not find repo: did:plc:qdxsfixxaymob7j5xqpaap3m')
2026-02-27T09:23:49Z WARNING bsky_collector_v2.job.index_feed_generators: listRecords failed repo=did:plc:qolcb5ik54klm534jrlghxqb err=HttpError('InvalidRequest: Could not find repo: did:plc:qolcb5ik54klm534jrlghxqb')
2026-02-27T09:23:49Z WARNING bsky_collector_v2.job.index_feed_generators: listRecords failed repo=did:plc:qql4werga7amll4ytox7mgwi err=HttpError('InvalidRequest: Could not find repo: did:plc:qql4werga7amll4ytox7mgwi')
2026-02-27T09:23:49Z WARNING bsky_collector_v2.job.index_feed_generators: listRecords failed repo=did:plc:qvaannfrhjf5cyy2mtmpvfcz err=HttpError('InvalidRequest: Could not find repo: did:plc:qvaannfrhjf5cyy2mtmpvfcz')
2026-02-27T09:23:49Z WARNING bsky_collector_v2.job.index_feed_generators: listRecords failed repo=did:plc:rebpqlcrick22gywm6svxwyq err=HttpError('InvalidRequest: Could not find repo: did:plc:rebpqlcrick22gywm6svxwyq')
2026-02-27T09:23:49Z WARNING bsky_collector_v2.job.index_feed_generators: listRecords failed repo=did:plc:rhr7irbhqvuxd2p6yya6tsnf err=HttpError('InvalidRequest: Could not find repo: did:plc:rhr7irbhqvuxd2p6yya6tsnf')
2026-02-27T09:23:49Z WARNING bsky_collector_v2.job.index_feed_generators: listRecords failed repo=did:plc:rrwxywdlrz5fkwj5g4u4jnrk err=HttpError('InvalidRequest: Could not find repo: did:plc:rrwxywdlrz5fkwj5g4u4jnrk')
2026-02-27T09:23:49Z WARNING bsky_collector_v2.job.index_feed_generators: listRecords failed repo=did:plc:sdcc2sjkrgrbrvrnagcgeyfw err=HttpError('InvalidRequest: Could not find repo: did:plc:sdcc2sjkrgrbrvrnagcgeyfw')
2026-02-27T09:23:50Z WARNING bsky_collector_v2.job.index_feed_generators: listRecords failed repo=did:plc:sst5slusscz6te5lbnr6wp2t err=HttpError('InvalidRequest: Could not find repo: did:plc:sst5slusscz6te5lbnr6wp2t')
2026-02-27T09:23:50Z WARNING bsky_collector_v2.job.index_feed_generators: listRecords failed repo=did:plc:svntwhfe6p4u6zqamrurehli err=HttpError('InvalidRequest: Could not find repo: did:plc:svntwhfe6p4u6zqamrurehli')
2026-02-27T09:23:50Z WARNING bsky_collector_v2.job.index_feed_generators: listRecords failed repo=did:plc:to37lkjnvfp6zphxbei7rqmq err=HttpError('InvalidRequest: Could not find repo: did:plc:to37lkjnvfp6zphxbei7rqmq')
2026-02-27T09:23:50Z WARNING bsky_collector_v2.job.index_feed_generators: listRecords failed repo=did:plc:tyu4plt7l3ycxqt6edu5tyra err=HttpError('InvalidRequest: Could not find repo: did:plc:tyu4plt7l3ycxqt6edu5tyra')
2026-02-27T09:23:50Z WARNING bsky_collector_v2.job.index_feed_generators: listRecords failed repo=did:plc:v62unwhgxfezjmk2dnwxbmge err=HttpError('InvalidRequest: Could not find repo: did:plc:v62unwhgxfezjmk2dnwxbmge')
2026-02-27T09:23:50Z WARNING bsky_collector_v2.job.index_feed_generators: listRecords failed repo=did:plc:vs6zl7bwaxzq4wwtmmkddi7m err=HttpError('InvalidRequest: Could not find repo: did:plc:vs6zl7bwaxzq4wwtmmkddi7m')
2026-02-27T09:23:50Z WARNING bsky_collector_v2.job.index_feed_generators: listRecords failed repo=did:plc:vtrrggsg4tsfjg3nw5rwviup err=HttpError('InvalidRequest: Could not find repo: did:plc:vtrrggsg4tsfjg3nw5rwviup')
2026-02-27T09:23:50Z WARNING bsky_collector_v2.job.index_feed_generators: listRecords failed repo=did:plc:w5ao4sy32futiu4ndwrlun6x err=HttpError('InvalidRequest: Could not find repo: did:plc:w5ao4sy32futiu4ndwrlun6x')
2026-02-27T09:23:50Z WARNING bsky_collector_v2.job.index_feed_generators: listRecords failed repo=did:plc:w7hut6ihusencckbeunshpu3 err=HttpError('InvalidRequest: Could not find repo: did:plc:w7hut6ihusencckbeunshpu3')
2026-02-27T09:23:50Z WARNING bsky_collector_v2.job.index_feed_generators: listRecords failed repo=did:plc:wbt5qunqink4tjnz7mn3rrsl err=HttpError('InvalidRequest: Could not find repo: did:plc:wbt5qunqink4tjnz7mn3rrsl')
2026-02-27T09:23:50Z WARNING bsky_collector_v2.job.index_feed_generators: listRecords failed repo=did:plc:wgux3mcyggqssyhq4icpx6r6 err=HttpError('InvalidRequest: Could not find repo: did:plc:wgux3mcyggqssyhq4icpx6r6')
2026-02-27T09:23:50Z WARNING bsky_collector_v2.job.index_feed_generators: listRecords failed repo=did:plc:wk2tz5khkdomxfwcojrlds3o err=HttpError('InvalidRequest: Could not find repo: did:plc:wk2tz5khkdomxfwcojrlds3o')
2026-02-27T09:23:51Z WARNING bsky_collector_v2.job.index_feed_generators: listRecords failed repo=did:plc:wmdcqo6so7u6prxnjqoreqwg err=HttpError('InvalidRequest: Could not find repo: did:plc:wmdcqo6so7u6prxnjqoreqwg')
2026-02-27T09:23:51Z WARNING bsky_collector_v2.job.index_feed_generators: listRecords failed repo=did:plc:wnugws6zaiuausytnwwhpi2d err=HttpError('InvalidRequest: Could not find repo: did:plc:wnugws6zaiuausytnwwhpi2d')
2026-02-27T09:23:51Z WARNING bsky_collector_v2.job.index_feed_generators: listRecords failed repo=did:plc:x6m3p47bxuezpsruqt7ppqsy err=HttpError('InvalidRequest: Could not find repo: did:plc:x6m3p47bxuezpsruqt7ppqsy')
2026-02-27T09:23:51Z WARNING bsky_collector_v2.job.index_feed_generators: listRecords failed repo=did:plc:xaudvdeppbpbsncefsrlr7sj err=HttpError('InvalidRequest: Could not find repo: did:plc:xaudvdeppbpbsncefsrlr7sj')
2026-02-27T09:23:51Z WARNING bsky_collector_v2.job.index_feed_generators: listRecords failed repo=did:plc:xdzywlgxspl4j4twq5iz3iyf err=HttpError('InvalidRequest: Could not find repo: did:plc:xdzywlgxspl4j4twq5iz3iyf')
2026-02-27T09:23:51Z WARNING bsky_collector_v2.job.index_feed_generators: listRecords failed repo=did:plc:xzxxhol3zeu4udt5hlq3rpi5 err=HttpError('InvalidRequest: Could not find repo: did:plc:xzxxhol3zeu4udt5hlq3rpi5')
2026-02-27T09:23:51Z WARNING bsky_collector_v2.job.index_feed_generators: listRecords failed repo=did:plc:zkngfgzljk6vkjxsjtv6wdtt err=HttpError('InvalidRequest: Could not find repo: did:plc:zkngfgzljk6vkjxsjtv6wdtt')
2026-02-27T09:23:51Z WARNING bsky_collector_v2.job.index_feed_generators: listRecords failed repo=did:plc:zshlxvjpdxh7dgu72u4swtrd err=HttpError('InvalidRequest: Could not find repo: did:plc:zshlxvjpdxh7dgu72u4swtrd')
2026-02-27T09:23:52Z INFO bsky_collector_v2.job.index_feed_generators: enqueued repos page=2 mode=listRepos inserted=500 repos_returned=500 next_cursor=set
2026-02-27T09:23:52Z WARNING bsky_collector_v2.job.index_feed_generators: listRecords failed repo=did:plc:2cvcek7q324loao532ageu4j err=HttpError('InvalidRequest: Could not find repo: did:plc:2cvcek7q324loao532ageu4j')
2026-02-27T09:23:53Z WARNING bsky_collector_v2.job.index_feed_generators: listRecords failed repo=did:plc:2mg4c2y4wiwzddlc5tjat7oc err=HttpError('InvalidRequest: Could not find repo: did:plc:2mg4c2y4wiwzddlc5tjat7oc')
2026-02-27T09:23:53Z WARNING bsky_collector_v2.job.index_feed_generators: listRecords failed repo=did:plc:2n6bbyynfnsbcifhzpyqdye3 err=HttpError('InvalidRequest: Could not find repo: did:plc:2n6bbyynfnsbcifhzpyqdye3')
2026-02-27T09:23:53Z WARNING bsky_collector_v2.job.index_feed_generators: listRecords failed repo=did:plc:2qwocpufb4goefccs7w4cbdc err=HttpError('InvalidRequest: Could not find repo: did:plc:2qwocpufb4goefccs7w4cbdc')
2026-02-27T09:23:54Z WARNING bsky_collector_v2.job.index_feed_generators: listRecords failed repo=did:plc:2wi6nvlx6d2mam5pytmwtt3l err=HttpError('InvalidRequest: Could not find repo: did:plc:2wi6nvlx6d2mam5pytmwtt3l')
2026-02-27T09:23:55Z WARNING bsky_collector_v2.job.index_feed_generators: listRecords failed repo=did:plc:32ds2qa2sa37du5w7ohmo3jk err=HttpError('InvalidRequest: Could not find repo: did:plc:32ds2qa2sa37du5w7ohmo3jk')
2026-02-27T09:23:55Z WARNING bsky_collector_v2.job.index_feed_generators: listRecords failed repo=did:plc:34dg2gfhay4splvlx3gjjimy err=HttpError('InvalidRequest: Could not find repo: did:plc:34dg2gfhay4splvlx3gjjimy')
2026-02-27T09:23:57Z WARNING bsky_collector_v2.job.index_feed_generators: listRecords failed repo=did:plc:3mibkdw2mzvsre2s52bi4kqx err=HttpError('InvalidRequest: Could not find repo: did:plc:3mibkdw2mzvsre2s52bi4kqx')
2026-02-27T09:23:58Z WARNING bsky_collector_v2.job.index_feed_generators: listRecords failed repo=did:plc:3v5insamv5i4wclcgosndqen err=HttpError('InvalidRequest: Could not find repo: did:plc:3v5insamv5i4wclcgosndqen')
2026-02-27T09:23:58Z WARNING bsky_collector_v2.job.index_feed_generators: listRecords failed repo=did:plc:45zh6nftqt3w6hgr4xwhpchc err=HttpError('InvalidRequest: Could not find repo: did:plc:45zh6nftqt3w6hgr4xwhpchc')
2026-02-27T09:24:00Z INFO bsky_collector_v2.job.index_feed_generators: indexed repo=did:plc:4kqcw7ie3w6mar5k2dumopzz part=355 records=2 next_cursor=set
2026-02-27T09:24:01Z WARNING bsky_collector_v2.job.index_feed_generators: listRecords failed repo=did:plc:4ox6kqyumce5cer2gbn2mau7 err=HttpError('InvalidRequest: Could not find repo: did:plc:4ox6kqyumce5cer2gbn2mau7')
2026-02-27T09:24:02Z WARNING bsky_collector_v2.job.index_feed_generators: listRecords failed repo=did:plc:4yz7vfb2ynyxyftyr2frnafd err=HttpError('InvalidRequest: Could not find repo: did:plc:4yz7vfb2ynyxyftyr2frnafd')
2026-02-27T09:24:02Z WARNING bsky_collector_v2.job.index_feed_generators: listRecords failed repo=did:plc:552oazscxq5t2gl6ckoyn7uw err=HttpError('InvalidRequest: Could not find repo: did:plc:552oazscxq5t2gl6ckoyn7uw')
2026-02-27T09:24:02Z WARNING bsky_collector_v2.job.index_feed_generators: listRecords failed repo=did:plc:55hexgb3m5qnkvmq2mnzpg5r err=HttpError('InvalidRequest: Could not find repo: did:plc:55hexgb3m5qnkvmq2mnzpg5r')
2026-02-27T09:24:04Z WARNING bsky_collector_v2.job.index_feed_generators: listRecords failed repo=did:plc:5lrujytdf4xgki73u6n7swri err=HttpError('InvalidRequest: Could not find repo: did:plc:5lrujytdf4xgki73u6n7swri')
2026-02-27T09:24:04Z WARNING bsky_collector_v2.job.index_feed_generators: listRecords failed repo=did:plc:5v4sdz4ccxklm35jqxnj36u4 err=HttpError('InvalidRequest: Could not find repo: did:plc:5v4sdz4ccxklm35jqxnj36u4')
2026-02-27T09:24:05Z WARNING bsky_collector_v2.job.index_feed_generators: listRecords failed repo=did:plc:5ymflgimr3qyoe7lodl6wvau err=HttpError('InvalidRequest: Could not find repo: did:plc:5ymflgimr3qyoe7lodl6wvau')
2026-02-27T09:24:06Z WARNING bsky_collector_v2.job.index_feed_generators: listRecords failed repo=did:plc:6kjjc3xp2c3uzl3qi7f6akjg err=HttpError('InvalidRequest: Could not find repo: did:plc:6kjjc3xp2c3uzl3qi7f6akjg')
2026-02-27T09:24:10Z WARNING bsky_collector_v2.job.index_feed_generators: listRecords failed repo=did:plc:7ufhjh5cokp3x5ocyt4iuyva err=HttpError('InvalidRequest: Could not find repo: did:plc:7ufhjh5cokp3x5ocyt4iuyva')
2026-02-27T09:24:12Z WARNING bsky_collector_v2.job.index_feed_generators: listRecords failed repo=did:plc:afabqsxlkfmuluvcwoou2yzh err=HttpError('InvalidRequest: Could not find repo: did:plc:afabqsxlkfmuluvcwoou2yzh')
2026-02-27T09:24:13Z WARNING bsky_collector_v2.job.index_feed_generators: listRecords failed repo=did:plc:anwlva3tfmjo2z3ddvkdodfv err=HttpError('InvalidRequest: Could not find repo: did:plc:anwlva3tfmjo2z3ddvkdodfv')
2026-02-27T09:24:13Z WARNING bsky_collector_v2.job.index_feed_generators: listRecords failed repo=did:plc:aw7lwvmd6aeokzvecge74lrb err=HttpError('InvalidRequest: Could not find repo: did:plc:aw7lwvmd6aeokzvecge74lrb')
2026-02-27T09:24:14Z WARNING bsky_collector_v2.job.index_feed_generators: listRecords failed repo=did:plc:bcmjc4fa6fwfyeasb67hrqgb err=HttpError('InvalidRequest: Could not find repo: did:plc:bcmjc4fa6fwfyeasb67hrqgb')
2026-02-27T09:24:19Z WARNING bsky_collector_v2.job.index_feed_generators: listRecords failed repo=did:plc:cmeuilx36343sda4cykd2njg err=HttpError('InvalidRequest: Could not find repo: did:plc:cmeuilx36343sda4cykd2njg')
2026-02-27T09:24:20Z WARNING bsky_collector_v2.job.index_feed_generators: listRecords failed repo=did:plc:czom6bpzlpjxebsslarptw2k err=HttpError('InvalidRequest: Could not find repo: did:plc:czom6bpzlpjxebsslarptw2k')
2026-02-27T09:24:21Z WARNING bsky_collector_v2.job.index_feed_generators: listRecords failed repo=did:plc:d5uc7fnhd2kudqu42h2sunpq err=HttpError('InvalidRequest: Could not find repo: did:plc:d5uc7fnhd2kudqu42h2sunpq')
2026-02-27T09:24:23Z WARNING bsky_collector_v2.job.index_feed_generators: listRecords failed repo=did:plc:dzdsowdlapjgamrux2fjdqrg err=HttpError('InvalidRequest: Could not find repo: did:plc:dzdsowdlapjgamrux2fjdqrg')
2026-02-27T09:24:25Z WARNING bsky_collector_v2.job.index_feed_generators: listRecords failed repo=did:plc:e7f5mbjqz5uiduzgyowtjua5 err=HttpError('InvalidRequest: Could not find repo: did:plc:e7f5mbjqz5uiduzgyowtjua5')
2026-02-27T09:24:27Z WARNING bsky_collector_v2.job.index_feed_generators: listRecords failed repo=did:plc:f2got7lo3ziutqwf2c6wvjpl err=HttpError('InvalidRequest: Could not find repo: did:plc:f2got7lo3ziutqwf2c6wvjpl')
2026-02-27T09:24:30Z WARNING bsky_collector_v2.job.index_feed_generators: listRecords failed repo=did:plc:g7flfvffprhiph6vh7gmgpte err=HttpError('InvalidRequest: Could not find repo: did:plc:g7flfvffprhiph6vh7gmgpte')
2026-02-27T09:24:30Z WARNING bsky_collector_v2.job.index_feed_generators: listRecords failed repo=did:plc:gcem3uom6onv6yehgc6ebrca err=HttpError('InvalidRequest: Could not find repo: did:plc:gcem3uom6onv6yehgc6ebrca')
2026-02-27T09:24:31Z WARNING bsky_collector_v2.job.index_feed_generators: listRecords failed repo=did:plc:gqzxuqxw426yckzs6zfkhoci err=HttpError('InvalidRequest: Could not find repo: did:plc:gqzxuqxw426yckzs6zfkhoci')
2026-02-27T09:24:32Z WARNING bsky_collector_v2.job.index_feed_generators: listRecords failed repo=did:plc:gww3zz5lcmxjwhjhvvwudmoc err=HttpError('InvalidRequest: Could not find repo: did:plc:gww3zz5lcmxjwhjhvvwudmoc')
2026-02-27T09:24:34Z WARNING bsky_collector_v2.job.index_feed_generators: listRecords failed repo=did:plc:hfi5ahig4iwrkmyd5tx4csrk err=HttpError('InvalidRequest: Could not find repo: did:plc:hfi5ahig4iwrkmyd5tx4csrk')
2026-02-27T09:24:35Z WARNING bsky_collector_v2.job.index_feed_generators: listRecords failed repo=did:plc:hylwyuejz7qsgn24jtlnlijn err=HttpError('InvalidRequest: Could not find repo: did:plc:hylwyuejz7qsgn24jtlnlijn')
2026-02-27T09:24:37Z WARNING bsky_collector_v2.job.index_feed_generators: listRecords failed repo=did:plc:iryikiswgdtyjxbgildzy5nq err=HttpError('InvalidRequest: Could not find repo: did:plc:iryikiswgdtyjxbgildzy5nq')
2026-02-27T09:24:38Z WARNING bsky_collector_v2.job.index_feed_generators: listRecords failed repo=did:plc:j4emyoixpss3v2jfkmwdkr5p err=HttpError('InvalidRequest: Could not find repo: did:plc:j4emyoixpss3v2jfkmwdkr5p')
2026-02-27T09:24:39Z WARNING bsky_collector_v2.job.index_feed_generators: listRecords failed repo=did:plc:jj2ny4fonntkw5rxfee66otp err=HttpError('InvalidRequest: Could not find repo: did:plc:jj2ny4fonntkw5rxfee66otp')
2026-02-27T09:24:41Z WARNING bsky_collector_v2.job.index_feed_generators: listRecords failed repo=did:plc:k25zxdqxal7pwsx7rfzrvlqz err=HttpError('InvalidRequest: Could not find repo: did:plc:k25zxdqxal7pwsx7rfzrvlqz')
2026-02-27T09:24:44Z WARNING bsky_collector_v2.job.index_feed_generators: listRecords failed repo=did:plc:ljncgue7v6vg5hemovldl6rg err=HttpError('InvalidRequest: Could not find repo: did:plc:ljncgue7v6vg5hemovldl6rg')
2026-02-27T09:24:45Z WARNING bsky_collector_v2.job.index_feed_generators: listRecords failed repo=did:plc:mjbiwxwpcijj54weymfv7mko err=HttpError('InvalidRequest: Could not find repo: did:plc:mjbiwxwpcijj54weymfv7mko')
2026-02-27T09:24:48Z WARNING bsky_collector_v2.job.index_feed_generators: listRecords failed repo=did:plc:nd5qxe65uvlcpngvaryj53xf err=HttpError('InvalidRequest: Could not find repo: did:plc:nd5qxe65uvlcpngvaryj53xf')
2026-02-27T09:24:50Z WARNING bsky_collector_v2.job.index_feed_generators: listRecords failed repo=did:plc:nvli5xmxpd27ws5czqvt77rv err=HttpError('InvalidRequest: Could not find repo: did:plc:nvli5xmxpd27ws5czqvt77rv')
2026-02-27T09:24:54Z WARNING bsky_collector_v2.job.index_feed_generators: listRecords failed repo=did:plc:p5ojzlwxe6grzqwh4ohw3igu err=HttpError('InvalidRequest: Could not find repo: did:plc:p5ojzlwxe6grzqwh4ohw3igu')
2026-02-27T09:24:55Z WARNING bsky_collector_v2.job.index_feed_generators: listRecords failed repo=did:plc:pckgizhsvpgvkzxvojolluib err=HttpError('InvalidRequest: Could not find repo: did:plc:pckgizhsvpgvkzxvojolluib')
2026-02-27T09:24:56Z WARNING bsky_collector_v2.job.index_feed_generators: listRecords failed repo=did:plc:pem4ggbl7hrkbukifubc4gmi err=HttpError('InvalidRequest: Could not find repo: did:plc:pem4ggbl7hrkbukifubc4gmi')
2026-02-27T09:24:59Z WARNING bsky_collector_v2.job.index_feed_generators: listRecords failed repo=did:plc:qefbfmcgswz3meyvin3h736c err=HttpError('InvalidRequest: Could not find repo: did:plc:qefbfmcgswz3meyvin3h736c')
2026-02-27T09:25:01Z WARNING bsky_collector_v2.job.index_feed_generators: listRecords failed repo=did:plc:qtctfx72eav5xuwyp56f6qw6 err=HttpError('InvalidRequest: Could not find repo: did:plc:qtctfx72eav5xuwyp56f6qw6')
2026-02-27T09:25:01Z WARNING bsky_collector_v2.job.index_feed_generators: listRecords failed repo=did:plc:qtyux3sheyyime7a3noqimgj err=HttpError('InvalidRequest: Could not find repo: did:plc:qtyux3sheyyime7a3noqimgj')
2026-02-27T09:25:02Z WARNING bsky_collector_v2.job.index_feed_generators: listRecords failed repo=did:plc:qzmjhkpgfn54crqx7affdkyr err=HttpError('InvalidRequest: Could not find repo: did:plc:qzmjhkpgfn54crqx7affdkyr')
2026-02-27T09:25:03Z WARNING bsky_collector_v2.job.index_feed_generators: listRecords failed repo=did:plc:rhz45cxjhjgunr33omaxq6g6 err=HttpError('InvalidRequest: Could not find repo: did:plc:rhz45cxjhjgunr33omaxq6g6')
2026-02-27T09:25:05Z WARNING bsky_collector_v2.job.index_feed_generators: listRecords failed repo=did:plc:sdk27hy6z4w6armebrawypoi err=HttpError('InvalidRequest: Could not find repo: did:plc:sdk27hy6z4w6armebrawypoi')
2026-02-27T09:25:05Z WARNING bsky_collector_v2.job.index_feed_generators: listRecords failed repo=did:plc:sgckhp6t4fjyfbfbmnpilkuz err=HttpError('InvalidRequest: Could not find repo: did:plc:sgckhp6t4fjyfbfbmnpilkuz')
2026-02-27T09:25:09Z WARNING bsky_collector_v2.job.index_feed_generators: listRecords failed repo=did:plc:u2attjyuqezcafeghiukdqlh err=HttpError('InvalidRequest: Could not find repo: did:plc:u2attjyuqezcafeghiukdqlh')
2026-02-27T09:25:11Z WARNING bsky_collector_v2.job.index_feed_generators: listRecords failed repo=did:plc:us5exoujrdsjla6zp2wfjdw5 err=HttpError('InvalidRequest: Could not find repo: did:plc:us5exoujrdsjla6zp2wfjdw5')
2026-02-27T09:25:11Z WARNING bsky_collector_v2.job.index_feed_generators: listRecords failed repo=did:plc:utbkx4rsua3ldwkhlvjuu32o err=HttpError('InvalidRequest: Could not find repo: did:plc:utbkx4rsua3ldwkhlvjuu32o')
2026-02-27T09:25:11Z WARNING bsky_collector_v2.job.index_feed_generators: listRecords failed repo=did:plc:uuwczgd6hrmbp4sovrz33p6x err=HttpError('InvalidRequest: Could not find repo: did:plc:uuwczgd6hrmbp4sovrz33p6x')
2026-02-27T09:25:12Z INFO bsky_collector_v2.job.index_feed_generators: indexed repo=did:plc:v4ktpuzkjim7beteaoh2tp5f part=356 records=6 next_cursor=set
2026-02-27T09:25:17Z WARNING bsky_collector_v2.job.index_feed_generators: listRecords failed repo=did:plc:woxolt6gezy6qzjzntfyhan6 err=HttpError('InvalidRequest: Could not find repo: did:plc:woxolt6gezy6qzjzntfyhan6')
2026-02-27T09:25:18Z WARNING bsky_collector_v2.job.index_feed_generators: listRecords failed repo=did:plc:x5rngzfbmz5aw7jnyftz2dwa err=HttpError('InvalidRequest: Could not find repo: did:plc:x5rngzfbmz5aw7jnyftz2dwa')
2026-02-27T09:25:19Z WARNING bsky_collector_v2.job.index_feed_generators: listRecords failed repo=did:plc:xbdkr2habhoqproc6dwff4dn err=HttpError('InvalidRequest: Could not find repo: did:plc:xbdkr2habhoqproc6dwff4dn')
2026-02-27T09:25:21Z WARNING bsky_collector_v2.job.index_feed_generators: listRecords failed repo=did:plc:yelsm27ew5be42qw7m7hk62x err=HttpError('InvalidRequest: Could not find repo: did:plc:yelsm27ew5be42qw7m7hk62x')
2026-02-27T09:25:22Z WARNING bsky_collector_v2.job.index_feed_generators: listRecords failed repo=did:plc:ykhsvnygnzyldkhcjb75kwmk err=HttpError('InvalidRequest: Could not find repo: did:plc:ykhsvnygnzyldkhcjb75kwmk')
2026-02-27T09:25:23Z WARNING bsky_collector_v2.job.index_feed_generators: listRecords failed repo=did:plc:yvyek6ix2hr3kh3uslbec7qy err=HttpError('InvalidRequest: Could not find repo: did:plc:yvyek6ix2hr3kh3uslbec7qy')
2026-02-27T09:25:23Z WARNING bsky_collector_v2.job.index_feed_generators: listRecords failed repo=did:plc:yxyipjsoeqkmaqzsdnpnnr6q err=HttpError('InvalidRequest: Could not find repo: did:plc:yxyipjsoeqkmaqzsdnpnnr6q')
2026-02-27T09:25:24Z WARNING bsky_collector_v2.job.index_feed_generators: listRecords failed repo=did:plc:z2mvdnvteykngfo5iuv3tszj err=HttpError('InvalidRequest: Could not find repo: did:plc:z2mvdnvteykngfo5iuv3tszj')
2026-02-27T09:25:25Z WARNING bsky_collector_v2.job.index_feed_generators: listRecords failed repo=did:plc:zq3rz7wvb6lk5ktdpxlshxrn err=HttpError('InvalidRequest: Could not find repo: did:plc:zq3rz7wvb6lk5ktdpxlshxrn')
2026-02-27T09:25:26Z WARNING bsky_collector_v2.job.index_feed_generators: listRecords failed repo=did:plc:2cvcek7q324loao532ageu4j err=HttpError('InvalidRequest: Could not find repo: did:plc:2cvcek7q324loao532ageu4j')
2026-02-27T09:25:26Z WARNING bsky_collector_v2.job.index_feed_generators: listRecords failed repo=did:plc:2mg4c2y4wiwzddlc5tjat7oc err=HttpError('InvalidRequest: Could not find repo: did:plc:2mg4c2y4wiwzddlc5tjat7oc')
2026-02-27T09:25:26Z WARNING bsky_collector_v2.job.index_feed_generators: listRecords failed repo=did:plc:2n6bbyynfnsbcifhzpyqdye3 err=HttpError('InvalidRequest: Could not find repo: did:plc:2n6bbyynfnsbcifhzpyqdye3')
2026-02-27T09:25:26Z WARNING bsky_collector_v2.job.index_feed_generators: listRecords failed repo=did:plc:2qwocpufb4goefccs7w4cbdc err=HttpError('InvalidRequest: Could not find repo: did:plc:2qwocpufb4goefccs7w4cbdc')
2026-02-27T09:25:26Z WARNING bsky_collector_v2.job.index_feed_generators: listRecords failed repo=did:plc:2wi6nvlx6d2mam5pytmwtt3l err=HttpError('InvalidRequest: Could not find repo: did:plc:2wi6nvlx6d2mam5pytmwtt3l')
2026-02-27T09:25:26Z WARNING bsky_collector_v2.job.index_feed_generators: listRecords failed repo=did:plc:32ds2qa2sa37du5w7ohmo3jk err=HttpError('InvalidRequest: Could not find repo: did:plc:32ds2qa2sa37du5w7ohmo3jk')
2026-02-27T09:25:26Z WARNING bsky_collector_v2.job.index_feed_generators: listRecords failed repo=did:plc:34dg2gfhay4splvlx3gjjimy err=HttpError('InvalidRequest: Could not find repo: did:plc:34dg2gfhay4splvlx3gjjimy')
2026-02-27T09:25:27Z WARNING bsky_collector_v2.job.index_feed_generators: listRecords failed repo=did:plc:3mibkdw2mzvsre2s52bi4kqx err=HttpError('InvalidRequest: Could not find repo: did:plc:3mibkdw2mzvsre2s52bi4kqx')
2026-02-27T09:25:27Z WARNING bsky_collector_v2.job.index_feed_generators: listRecords failed repo=did:plc:3v5insamv5i4wclcgosndqen err=HttpError('InvalidRequest: Could not find repo: did:plc:3v5insamv5i4wclcgosndqen')
2026-02-27T09:25:27Z WARNING bsky_collector_v2.job.index_feed_generators: listRecords failed repo=did:plc:45zh6nftqt3w6hgr4xwhpchc err=HttpError('InvalidRequest: Could not find repo: did:plc:45zh6nftqt3w6hgr4xwhpchc')
2026-02-27T09:25:27Z WARNING bsky_collector_v2.job.index_feed_generators: listRecords failed repo=did:plc:4ox6kqyumce5cer2gbn2mau7 err=HttpError('InvalidRequest: Could not find repo: did:plc:4ox6kqyumce5cer2gbn2mau7')
2026-02-27T09:25:27Z WARNING bsky_collector_v2.job.index_feed_generators: listRecords failed repo=did:plc:4yz7vfb2ynyxyftyr2frnafd err=HttpError('InvalidRequest: Could not find repo: did:plc:4yz7vfb2ynyxyftyr2frnafd')
2026-02-27T09:25:27Z WARNING bsky_collector_v2.job.index_feed_generators: listRecords failed repo=did:plc:552oazscxq5t2gl6ckoyn7uw err=HttpError('InvalidRequest: Could not find repo: did:plc:552oazscxq5t2gl6ckoyn7uw')
2026-02-27T09:25:27Z WARNING bsky_collector_v2.job.index_feed_generators: listRecords failed repo=did:plc:55hexgb3m5qnkvmq2mnzpg5r err=HttpError('InvalidRequest: Could not find repo: did:plc:55hexgb3m5qnkvmq2mnzpg5r')
2026-02-27T09:25:28Z WARNING bsky_collector_v2.job.index_feed_generators: listRecords failed repo=did:plc:5lrujytdf4xgki73u6n7swri err=HttpError('InvalidRequest: Could not find repo: did:plc:5lrujytdf4xgki73u6n7swri')
2026-02-27T09:25:28Z WARNING bsky_collector_v2.job.index_feed_generators: listRecords failed repo=did:plc:5v4sdz4ccxklm35jqxnj36u4 err=HttpError('InvalidRequest: Could not find repo: did:plc:5v4sdz4ccxklm35jqxnj36u4')
2026-02-27T09:25:28Z WARNING bsky_collector_v2.job.index_feed_generators: listRecords failed repo=did:plc:5ymflgimr3qyoe7lodl6wvau err=HttpError('InvalidRequest: Could not find repo: did:plc:5ymflgimr3qyoe7lodl6wvau')
2026-02-27T09:25:28Z WARNING bsky_collector_v2.job.index_feed_generators: listRecords failed repo=did:plc:6kjjc3xp2c3uzl3qi7f6akjg err=HttpError('InvalidRequest: Could not find repo: did:plc:6kjjc3xp2c3uzl3qi7f6akjg')
2026-02-27T09:25:28Z WARNING bsky_collector_v2.job.index_feed_generators: listRecords failed repo=did:plc:7ufhjh5cokp3x5ocyt4iuyva err=HttpError('InvalidRequest: Could not find repo: did:plc:7ufhjh5cokp3x5ocyt4iuyva')
2026-02-27T09:25:28Z WARNING bsky_collector_v2.job.index_feed_generators: listRecords failed repo=did:plc:afabqsxlkfmuluvcwoou2yzh err=HttpError('InvalidRequest: Could not find repo: did:plc:afabqsxlkfmuluvcwoou2yzh')
2026-02-27T09:25:28Z WARNING bsky_collector_v2.job.index_feed_generators: listRecords failed repo=did:plc:anwlva3tfmjo2z3ddvkdodfv err=HttpError('InvalidRequest: Could not find repo: did:plc:anwlva3tfmjo2z3ddvkdodfv')
2026-02-27T09:25:28Z WARNING bsky_collector_v2.job.index_feed_generators: listRecords failed repo=did:plc:aw7lwvmd6aeokzvecge74lrb err=HttpError('InvalidRequest: Could not find repo: did:plc:aw7lwvmd6aeokzvecge74lrb')
2026-02-27T09:25:28Z WARNING bsky_collector_v2.job.index_feed_generators: listRecords failed repo=did:plc:bcmjc4fa6fwfyeasb67hrqgb err=HttpError('InvalidRequest: Could not find repo: did:plc:bcmjc4fa6fwfyeasb67hrqgb')
2026-02-27T09:25:28Z WARNING bsky_collector_v2.job.index_feed_generators: listRecords failed repo=did:plc:cmeuilx36343sda4cykd2njg err=HttpError('InvalidRequest: Could not find repo: did:plc:cmeuilx36343sda4cykd2njg')
2026-02-27T09:25:28Z WARNING bsky_collector_v2.job.index_feed_generators: listRecords failed repo=did:plc:czom6bpzlpjxebsslarptw2k err=HttpError('InvalidRequest: Could not find repo: did:plc:czom6bpzlpjxebsslarptw2k')
2026-02-27T09:25:28Z WARNING bsky_collector_v2.job.index_feed_generators: listRecords failed repo=did:plc:d5uc7fnhd2kudqu42h2sunpq err=HttpError('InvalidRequest: Could not find repo: did:plc:d5uc7fnhd2kudqu42h2sunpq')
2026-02-27T09:25:29Z WARNING bsky_collector_v2.job.index_feed_generators: listRecords failed repo=did:plc:dzdsowdlapjgamrux2fjdqrg err=HttpError('InvalidRequest: Could not find repo: did:plc:dzdsowdlapjgamrux2fjdqrg')
2026-02-27T09:25:29Z WARNING bsky_collector_v2.job.index_feed_generators: listRecords failed repo=did:plc:e7f5mbjqz5uiduzgyowtjua5 err=HttpError('InvalidRequest: Could not find repo: did:plc:e7f5mbjqz5uiduzgyowtjua5')
2026-02-27T09:25:29Z WARNING bsky_collector_v2.job.index_feed_generators: listRecords failed repo=did:plc:f2got7lo3ziutqwf2c6wvjpl err=HttpError('InvalidRequest: Could not find repo: did:plc:f2got7lo3ziutqwf2c6wvjpl')
2026-02-27T09:25:29Z WARNING bsky_collector_v2.job.index_feed_generators: listRecords failed repo=did:plc:g7flfvffprhiph6vh7gmgpte err=HttpError('InvalidRequest: Could not find repo: did:plc:g7flfvffprhiph6vh7gmgpte')
2026-02-27T09:25:29Z WARNING bsky_collector_v2.job.index_feed_generators: listRecords failed repo=did:plc:gcem3uom6onv6yehgc6ebrca err=HttpError('InvalidRequest: Could not find repo: did:plc:gcem3uom6onv6yehgc6ebrca')
2026-02-27T09:25:29Z WARNING bsky_collector_v2.job.index_feed_generators: listRecords failed repo=did:plc:gqzxuqxw426yckzs6zfkhoci err=HttpError('InvalidRequest: Could not find repo: did:plc:gqzxuqxw426yckzs6zfkhoci')
2026-02-27T09:25:29Z WARNING bsky_collector_v2.job.index_feed_generators: listRecords failed repo=did:plc:gww3zz5lcmxjwhjhvvwudmoc err=HttpError('InvalidRequest: Could not find repo: did:plc:gww3zz5lcmxjwhjhvvwudmoc')
2026-02-27T09:25:29Z WARNING bsky_collector_v2.job.index_feed_generators: listRecords failed repo=did:plc:hfi5ahig4iwrkmyd5tx4csrk err=HttpError('InvalidRequest: Could not find repo: did:plc:hfi5ahig4iwrkmyd5tx4csrk')
2026-02-27T09:25:29Z WARNING bsky_collector_v2.job.index_feed_generators: listRecords failed repo=did:plc:hylwyuejz7qsgn24jtlnlijn err=HttpError('InvalidRequest: Could not find repo: did:plc:hylwyuejz7qsgn24jtlnlijn')
2026-02-27T09:25:29Z WARNING bsky_collector_v2.job.index_feed_generators: listRecords failed repo=did:plc:iryikiswgdtyjxbgildzy5nq err=HttpError('InvalidRequest: Could not find repo: did:plc:iryikiswgdtyjxbgildzy5nq')
2026-02-27T09:25:30Z WARNING bsky_collector_v2.job.index_feed_generators: listRecords failed repo=did:plc:j4emyoixpss3v2jfkmwdkr5p err=HttpError('InvalidRequest: Could not find repo: did:plc:j4emyoixpss3v2jfkmwdkr5p')
2026-02-27T09:25:30Z WARNING bsky_collector_v2.job.index_feed_generators: listRecords failed repo=did:plc:jj2ny4fonntkw5rxfee66otp err=HttpError('InvalidRequest: Could not find repo: did:plc:jj2ny4fonntkw5rxfee66otp')
2026-02-27T09:25:30Z WARNING bsky_collector_v2.job.index_feed_generators: listRecords failed repo=did:plc:k25zxdqxal7pwsx7rfzrvlqz err=HttpError('InvalidRequest: Could not find repo: did:plc:k25zxdqxal7pwsx7rfzrvlqz')
2026-02-27T09:25:30Z WARNING bsky_collector_v2.job.index_feed_generators: listRecords failed repo=did:plc:ljncgue7v6vg5hemovldl6rg err=HttpError('InvalidRequest: Could not find repo: did:plc:ljncgue7v6vg5hemovldl6rg')
2026-02-27T09:25:30Z WARNING bsky_collector_v2.job.index_feed_generators: listRecords failed repo=did:plc:mjbiwxwpcijj54weymfv7mko err=HttpError('InvalidRequest: Could not find repo: did:plc:mjbiwxwpcijj54weymfv7mko')
2026-02-27T09:25:30Z WARNING bsky_collector_v2.job.index_feed_generators: listRecords failed repo=did:plc:nd5qxe65uvlcpngvaryj53xf err=HttpError('InvalidRequest: Could not find repo: did:plc:nd5qxe65uvlcpngvaryj53xf')
2026-02-27T09:25:30Z WARNING bsky_collector_v2.job.index_feed_generators: listRecords failed repo=did:plc:nvli5xmxpd27ws5czqvt77rv err=HttpError('InvalidRequest: Could not find repo: did:plc:nvli5xmxpd27ws5czqvt77rv')
2026-02-27T09:25:30Z WARNING bsky_collector_v2.job.index_feed_generators: listRecords failed repo=did:plc:p5ojzlwxe6grzqwh4ohw3igu err=HttpError('InvalidRequest: Could not find repo: did:plc:p5ojzlwxe6grzqwh4ohw3igu')
2026-02-27T09:25:30Z WARNING bsky_collector_v2.job.index_feed_generators: listRecords failed repo=did:plc:pckgizhsvpgvkzxvojolluib err=HttpError('InvalidRequest: Could not find repo: did:plc:pckgizhsvpgvkzxvojolluib')
2026-02-27T09:25:30Z WARNING bsky_collector_v2.job.index_feed_generators: listRecords failed repo=did:plc:pem4ggbl7hrkbukifubc4gmi err=HttpError('InvalidRequest: Could not find repo: did:plc:pem4ggbl7hrkbukifubc4gmi')
2026-02-27T09:25:30Z WARNING bsky_collector_v2.job.index_feed_generators: listRecords failed repo=did:plc:qefbfmcgswz3meyvin3h736c err=HttpError('InvalidRequest: Could not find repo: did:plc:qefbfmcgswz3meyvin3h736c')
2026-02-27T09:25:30Z WARNING bsky_collector_v2.job.index_feed_generators: listRecords failed repo=did:plc:qtctfx72eav5xuwyp56f6qw6 err=HttpError('InvalidRequest: Could not find repo: did:plc:qtctfx72eav5xuwyp56f6qw6')
2026-02-27T09:25:31Z WARNING bsky_collector_v2.job.index_feed_generators: listRecords failed repo=did:plc:qtyux3sheyyime7a3noqimgj err=HttpError('InvalidRequest: Could not find repo: did:plc:qtyux3sheyyime7a3noqimgj')
2026-02-27T09:25:31Z WARNING bsky_collector_v2.job.index_feed_generators: listRecords failed repo=did:plc:qzmjhkpgfn54crqx7affdkyr err=HttpError('InvalidRequest: Could not find repo: did:plc:qzmjhkpgfn54crqx7affdkyr')
2026-02-27T09:25:31Z WARNING bsky_collector_v2.job.index_feed_generators: listRecords failed repo=did:plc:rhz45cxjhjgunr33omaxq6g6 err=HttpError('InvalidRequest: Could not find repo: did:plc:rhz45cxjhjgunr33omaxq6g6')
2026-02-27T09:25:31Z WARNING bsky_collector_v2.job.index_feed_generators: listRecords failed repo=did:plc:sdk27hy6z4w6armebrawypoi err=HttpError('InvalidRequest: Could not find repo: did:plc:sdk27hy6z4w6armebrawypoi')
2026-02-27T09:25:31Z WARNING bsky_collector_v2.job.index_feed_generators: listRecords failed repo=did:plc:sgckhp6t4fjyfbfbmnpilkuz err=HttpError('InvalidRequest: Could not find repo: did:plc:sgckhp6t4fjyfbfbmnpilkuz')
2026-02-27T09:25:31Z WARNING bsky_collector_v2.job.index_feed_generators: listRecords failed repo=did:plc:u2attjyuqezcafeghiukdqlh err=HttpError('InvalidRequest: Could not find repo: did:plc:u2attjyuqezcafeghiukdqlh')
2026-02-27T09:25:31Z WARNING bsky_collector_v2.job.index_feed_generators: listRecords failed repo=did:plc:us5exoujrdsjla6zp2wfjdw5 err=HttpError('InvalidRequest: Could not find repo: did:plc:us5exoujrdsjla6zp2wfjdw5')
2026-02-27T09:25:31Z WARNING bsky_collector_v2.job.index_feed_generators: listRecords failed repo=did:plc:utbkx4rsua3ldwkhlvjuu32o err=HttpError('InvalidRequest: Could not find repo: did:plc:utbkx4rsua3ldwkhlvjuu32o')
2026-02-27T09:25:31Z WARNING bsky_collector_v2.job.index_feed_generators: listRecords failed repo=did:plc:uuwczgd6hrmbp4sovrz33p6x err=HttpError('InvalidRequest: Could not find repo: did:plc:uuwczgd6hrmbp4sovrz33p6x')
2026-02-27T09:25:31Z WARNING bsky_collector_v2.job.index_feed_generators: listRecords failed repo=did:plc:woxolt6gezy6qzjzntfyhan6 err=HttpError('InvalidRequest: Could not find repo: did:plc:woxolt6gezy6qzjzntfyhan6')
2026-02-27T09:25:32Z WARNING bsky_collector_v2.job.index_feed_generators: listRecords failed repo=did:plc:x5rngzfbmz5aw7jnyftz2dwa err=HttpError('InvalidRequest: Could not find repo: did:plc:x5rngzfbmz5aw7jnyftz2dwa')
2026-02-27T09:25:32Z WARNING bsky_collector_v2.job.index_feed_generators: listRecords failed repo=did:plc:xbdkr2habhoqproc6dwff4dn err=HttpError('InvalidRequest: Could not find repo: did:plc:xbdkr2habhoqproc6dwff4dn')
2026-02-27T09:25:32Z WARNING bsky_collector_v2.job.index_feed_generators: listRecords failed repo=did:plc:yelsm27ew5be42qw7m7hk62x err=HttpError('InvalidRequest: Could not find repo: did:plc:yelsm27ew5be42qw7m7hk62x')
2026-02-27T09:25:32Z WARNING bsky_collector_v2.job.index_feed_generators: listRecords failed repo=did:plc:ykhsvnygnzyldkhcjb75kwmk err=HttpError('InvalidRequest: Could not find repo: did:plc:ykhsvnygnzyldkhcjb75kwmk')
2026-02-27T09:25:32Z WARNING bsky_collector_v2.job.index_feed_generators: listRecords failed repo=did:plc:yvyek6ix2hr3kh3uslbec7qy err=HttpError('InvalidRequest: Could not find repo: did:plc:yvyek6ix2hr3kh3uslbec7qy')
2026-02-27T09:25:32Z WARNING bsky_collector_v2.job.index_feed_generators: listRecords failed repo=did:plc:yxyipjsoeqkmaqzsdnpnnr6q err=HttpError('InvalidRequest: Could not find repo: did:plc:yxyipjsoeqkmaqzsdnpnnr6q')
2026-02-27T09:25:32Z WARNING bsky_collector_v2.job.index_feed_generators: listRecords failed repo=did:plc:z2mvdnvteykngfo5iuv3tszj err=HttpError('InvalidRequest: Could not find repo: did:plc:z2mvdnvteykngfo5iuv3tszj')
2026-02-27T09:25:32Z WARNING bsky_collector_v2.job.index_feed_generators: listRecords failed repo=did:plc:zq3rz7wvb6lk5ktdpxlshxrn err=HttpError('InvalidRequest: Could not find repo: did:plc:zq3rz7wvb6lk5ktdpxlshxrn')
2026-02-27T09:25:32Z WARNING bsky_collector_v2.job.index_feed_generators: listRecords failed repo=did:plc:2cvcek7q324loao532ageu4j err=HttpError('InvalidRequest: Could not find repo: did:plc:2cvcek7q324loao532ageu4j')
2026-02-27T09:25:32Z WARNING bsky_collector_v2.job.index_feed_generators: listRecords failed repo=did:plc:2mg4c2y4wiwzddlc5tjat7oc err=HttpError('InvalidRequest: Could not find repo: did:plc:2mg4c2y4wiwzddlc5tjat7oc')
2026-02-27T09:25:32Z WARNING bsky_collector_v2.job.index_feed_generators: listRecords failed repo=did:plc:2n6bbyynfnsbcifhzpyqdye3 err=HttpError('InvalidRequest: Could not find repo: did:plc:2n6bbyynfnsbcifhzpyqdye3')
2026-02-27T09:25:33Z WARNING bsky_collector_v2.job.index_feed_generators: listRecords failed repo=did:plc:2qwocpufb4goefccs7w4cbdc err=HttpError('InvalidRequest: Could not find repo: did:plc:2qwocpufb4goefccs7w4cbdc')
2026-02-27T09:25:33Z WARNING bsky_collector_v2.job.index_feed_generators: listRecords failed repo=did:plc:2wi6nvlx6d2mam5pytmwtt3l err=HttpError('InvalidRequest: Could not find repo: did:plc:2wi6nvlx6d2mam5pytmwtt3l')
2026-02-27T09:25:33Z WARNING bsky_collector_v2.job.index_feed_generators: listRecords failed repo=did:plc:32ds2qa2sa37du5w7ohmo3jk err=HttpError('InvalidRequest: Could not find repo: did:plc:32ds2qa2sa37du5w7ohmo3jk')
2026-02-27T09:25:33Z WARNING bsky_collector_v2.job.index_feed_generators: listRecords failed repo=did:plc:34dg2gfhay4splvlx3gjjimy err=HttpError('InvalidRequest: Could not find repo: did:plc:34dg2gfhay4splvlx3gjjimy')
2026-02-27T09:25:33Z WARNING bsky_collector_v2.job.index_feed_generators: listRecords failed repo=did:plc:3mibkdw2mzvsre2s52bi4kqx err=HttpError('InvalidRequest: Could not find repo: did:plc:3mibkdw2mzvsre2s52bi4kqx')
2026-02-27T09:25:33Z WARNING bsky_collector_v2.job.index_feed_generators: listRecords failed repo=did:plc:3v5insamv5i4wclcgosndqen err=HttpError('InvalidRequest: Could not find repo: did:plc:3v5insamv5i4wclcgosndqen')
2026-02-27T09:25:33Z WARNING bsky_collector_v2.job.index_feed_generators: listRecords failed repo=did:plc:45zh6nftqt3w6hgr4xwhpchc err=HttpError('InvalidRequest: Could not find repo: did:plc:45zh6nftqt3w6hgr4xwhpchc')
2026-02-27T09:25:33Z WARNING bsky_collector_v2.job.index_feed_generators: listRecords failed repo=did:plc:4ox6kqyumce5cer2gbn2mau7 err=HttpError('InvalidRequest: Could not find repo: did:plc:4ox6kqyumce5cer2gbn2mau7')
2026-02-27T09:25:33Z WARNING bsky_collector_v2.job.index_feed_generators: listRecords failed repo=did:plc:4yz7vfb2ynyxyftyr2frnafd err=HttpError('InvalidRequest: Could not find repo: did:plc:4yz7vfb2ynyxyftyr2frnafd')
2026-02-27T09:25:33Z WARNING bsky_collector_v2.job.index_feed_generators: listRecords failed repo=did:plc:552oazscxq5t2gl6ckoyn7uw err=HttpError('InvalidRequest: Could not find repo: did:plc:552oazscxq5t2gl6ckoyn7uw')
2026-02-27T09:25:33Z WARNING bsky_collector_v2.job.index_feed_generators: listRecords failed repo=did:plc:55hexgb3m5qnkvmq2mnzpg5r err=HttpError('InvalidRequest: Could not find repo: did:plc:55hexgb3m5qnkvmq2mnzpg5r')
2026-02-27T09:25:33Z WARNING bsky_collector_v2.job.index_feed_generators: listRecords failed repo=did:plc:5lrujytdf4xgki73u6n7swri err=HttpError('InvalidRequest: Could not find repo: did:plc:5lrujytdf4xgki73u6n7swri')
2026-02-27T09:25:33Z WARNING bsky_collector_v2.job.index_feed_generators: listRecords failed repo=did:plc:5v4sdz4ccxklm35jqxnj36u4 err=HttpError('InvalidRequest: Could not find repo: did:plc:5v4sdz4ccxklm35jqxnj36u4')
2026-02-27T09:25:33Z WARNING bsky_collector_v2.job.index_feed_generators: listRecords failed repo=did:plc:5ymflgimr3qyoe7lodl6wvau err=HttpError('InvalidRequest: Could not find repo: did:plc:5ymflgimr3qyoe7lodl6wvau')
2026-02-27T09:25:34Z WARNING bsky_collector_v2.job.index_feed_generators: listRecords failed repo=did:plc:6kjjc3xp2c3uzl3qi7f6akjg err=HttpError('InvalidRequest: Could not find repo: did:plc:6kjjc3xp2c3uzl3qi7f6akjg')
2026-02-27T09:25:34Z WARNING bsky_collector_v2.job.index_feed_generators: listRecords failed repo=did:plc:7ufhjh5cokp3x5ocyt4iuyva err=HttpError('InvalidRequest: Could not find repo: did:plc:7ufhjh5cokp3x5ocyt4iuyva')
2026-02-27T09:25:34Z WARNING bsky_collector_v2.job.index_feed_generators: listRecords failed repo=did:plc:afabqsxlkfmuluvcwoou2yzh err=HttpError('InvalidRequest: Could not find repo: did:plc:afabqsxlkfmuluvcwoou2yzh')
2026-02-27T09:25:34Z WARNING bsky_collector_v2.job.index_feed_generators: listRecords failed repo=did:plc:anwlva3tfmjo2z3ddvkdodfv err=HttpError('InvalidRequest: Could not find repo: did:plc:anwlva3tfmjo2z3ddvkdodfv')
2026-02-27T09:25:34Z WARNING bsky_collector_v2.job.index_feed_generators: listRecords failed repo=did:plc:aw7lwvmd6aeokzvecge74lrb err=HttpError('InvalidRequest: Could not find repo: did:plc:aw7lwvmd6aeokzvecge74lrb')
2026-02-27T09:25:34Z WARNING bsky_collector_v2.job.index_feed_generators: listRecords failed repo=did:plc:bcmjc4fa6fwfyeasb67hrqgb err=HttpError('InvalidRequest: Could not find repo: did:plc:bcmjc4fa6fwfyeasb67hrqgb')
2026-02-27T09:25:34Z WARNING bsky_collector_v2.job.index_feed_generators: listRecords failed repo=did:plc:cmeuilx36343sda4cykd2njg err=HttpError('InvalidRequest: Could not find repo: did:plc:cmeuilx36343sda4cykd2njg')
2026-02-27T09:25:34Z WARNING bsky_collector_v2.job.index_feed_generators: listRecords failed repo=did:plc:czom6bpzlpjxebsslarptw2k err=HttpError('InvalidRequest: Could not find repo: did:plc:czom6bpzlpjxebsslarptw2k')
2026-02-27T09:25:34Z WARNING bsky_collector_v2.job.index_feed_generators: listRecords failed repo=did:plc:d5uc7fnhd2kudqu42h2sunpq err=HttpError('InvalidRequest: Could not find repo: did:plc:d5uc7fnhd2kudqu42h2sunpq')
2026-02-27T09:25:34Z WARNING bsky_collector_v2.job.index_feed_generators: listRecords failed repo=did:plc:dzdsowdlapjgamrux2fjdqrg err=HttpError('InvalidRequest: Could not find repo: did:plc:dzdsowdlapjgamrux2fjdqrg')
2026-02-27T09:25:34Z WARNING bsky_collector_v2.job.index_feed_generators: listRecords failed repo=did:plc:e7f5mbjqz5uiduzgyowtjua5 err=HttpError('InvalidRequest: Could not find repo: did:plc:e7f5mbjqz5uiduzgyowtjua5')
2026-02-27T09:25:34Z WARNING bsky_collector_v2.job.index_feed_generators: listRecords failed repo=did:plc:f2got7lo3ziutqwf2c6wvjpl err=HttpError('InvalidRequest: Could not find repo: did:plc:f2got7lo3ziutqwf2c6wvjpl')
2026-02-27T09:25:35Z WARNING bsky_collector_v2.job.index_feed_generators: listRecords failed repo=did:plc:g7flfvffprhiph6vh7gmgpte err=HttpError('InvalidRequest: Could not find repo: did:plc:g7flfvffprhiph6vh7gmgpte')
2026-02-27T09:25:35Z WARNING bsky_collector_v2.job.index_feed_generators: listRecords failed repo=did:plc:gcem3uom6onv6yehgc6ebrca err=HttpError('InvalidRequest: Could not find repo: did:plc:gcem3uom6onv6yehgc6ebrca')
2026-02-27T09:25:35Z WARNING bsky_collector_v2.job.index_feed_generators: listRecords failed repo=did:plc:gqzxuqxw426yckzs6zfkhoci err=HttpError('InvalidRequest: Could not find repo: did:plc:gqzxuqxw426yckzs6zfkhoci')
2026-02-27T09:25:35Z WARNING bsky_collector_v2.job.index_feed_generators: listRecords failed repo=did:plc:gww3zz5lcmxjwhjhvvwudmoc err=HttpError('InvalidRequest: Could not find repo: did:plc:gww3zz5lcmxjwhjhvvwudmoc')
2026-02-27T09:25:35Z WARNING bsky_collector_v2.job.index_feed_generators: listRecords failed repo=did:plc:hfi5ahig4iwrkmyd5tx4csrk err=HttpError('InvalidRequest: Could not find repo: did:plc:hfi5ahig4iwrkmyd5tx4csrk')
2026-02-27T09:25:35Z WARNING bsky_collector_v2.job.index_feed_generators: listRecords failed repo=did:plc:hylwyuejz7qsgn24jtlnlijn err=HttpError('InvalidRequest: Could not find repo: did:plc:hylwyuejz7qsgn24jtlnlijn')
2026-02-27T09:25:35Z WARNING bsky_collector_v2.job.index_feed_generators: listRecords failed repo=did:plc:iryikiswgdtyjxbgildzy5nq err=HttpError('InvalidRequest: Could not find repo: did:plc:iryikiswgdtyjxbgildzy5nq')
2026-02-27T09:25:35Z WARNING bsky_collector_v2.job.index_feed_generators: listRecords failed repo=did:plc:j4emyoixpss3v2jfkmwdkr5p err=HttpError('InvalidRequest: Could not find repo: did:plc:j4emyoixpss3v2jfkmwdkr5p')
2026-02-27T09:25:35Z WARNING bsky_collector_v2.job.index_feed_generators: listRecords failed repo=did:plc:jj2ny4fonntkw5rxfee66otp err=HttpError('InvalidRequest: Could not find repo: did:plc:jj2ny4fonntkw5rxfee66otp')
2026-02-27T09:25:35Z WARNING bsky_collector_v2.job.index_feed_generators: listRecords failed repo=did:plc:k25zxdqxal7pwsx7rfzrvlqz err=HttpError('InvalidRequest: Could not find repo: did:plc:k25zxdqxal7pwsx7rfzrvlqz')
2026-02-27T09:25:35Z WARNING bsky_collector_v2.job.index_feed_generators: listRecords failed repo=did:plc:ljncgue7v6vg5hemovldl6rg err=HttpError('InvalidRequest: Could not find repo: did:plc:ljncgue7v6vg5hemovldl6rg')
2026-02-27T09:25:35Z WARNING bsky_collector_v2.job.index_feed_generators: listRecords failed repo=did:plc:mjbiwxwpcijj54weymfv7mko err=HttpError('InvalidRequest: Could not find repo: did:plc:mjbiwxwpcijj54weymfv7mko')
2026-02-27T09:25:35Z WARNING bsky_collector_v2.job.index_feed_generators: listRecords failed repo=did:plc:nd5qxe65uvlcpngvaryj53xf err=HttpError('InvalidRequest: Could not find repo: did:plc:nd5qxe65uvlcpngvaryj53xf')
2026-02-27T09:25:36Z WARNING bsky_collector_v2.job.index_feed_generators: listRecords failed repo=did:plc:nvli5xmxpd27ws5czqvt77rv err=HttpError('InvalidRequest: Could not find repo: did:plc:nvli5xmxpd27ws5czqvt77rv')
2026-02-27T09:25:36Z WARNING bsky_collector_v2.job.index_feed_generators: listRecords failed repo=did:plc:p5ojzlwxe6grzqwh4ohw3igu err=HttpError('InvalidRequest: Could not find repo: did:plc:p5ojzlwxe6grzqwh4ohw3igu')
2026-02-27T09:25:36Z WARNING bsky_collector_v2.job.index_feed_generators: listRecords failed repo=did:plc:pckgizhsvpgvkzxvojolluib err=HttpError('InvalidRequest: Could not find repo: did:plc:pckgizhsvpgvkzxvojolluib')
2026-02-27T09:25:36Z WARNING bsky_collector_v2.job.index_feed_generators: listRecords failed repo=did:plc:pem4ggbl7hrkbukifubc4gmi err=HttpError('InvalidRequest: Could not find repo: did:plc:pem4ggbl7hrkbukifubc4gmi')
2026-02-27T09:25:36Z WARNING bsky_collector_v2.job.index_feed_generators: listRecords failed repo=did:plc:qefbfmcgswz3meyvin3h736c err=HttpError('InvalidRequest: Could not find repo: did:plc:qefbfmcgswz3meyvin3h736c')
2026-02-27T09:25:36Z WARNING bsky_collector_v2.job.index_feed_generators: listRecords failed repo=did:plc:qtctfx72eav5xuwyp56f6qw6 err=HttpError('InvalidRequest: Could not find repo: did:plc:qtctfx72eav5xuwyp56f6qw6')
2026-02-27T09:25:36Z WARNING bsky_collector_v2.job.index_feed_generators: listRecords failed repo=did:plc:qtyux3sheyyime7a3noqimgj err=HttpError('InvalidRequest: Could not find repo: did:plc:qtyux3sheyyime7a3noqimgj')
2026-02-27T09:25:36Z WARNING bsky_collector_v2.job.index_feed_generators: listRecords failed repo=did:plc:qzmjhkpgfn54crqx7affdkyr err=HttpError('InvalidRequest: Could not find repo: did:plc:qzmjhkpgfn54crqx7affdkyr')
2026-02-27T09:25:36Z WARNING bsky_collector_v2.job.index_feed_generators: listRecords failed repo=did:plc:rhz45cxjhjgunr33omaxq6g6 err=HttpError('InvalidRequest: Could not find repo: did:plc:rhz45cxjhjgunr33omaxq6g6')
2026-02-27T09:25:36Z WARNING bsky_collector_v2.job.index_feed_generators: listRecords failed repo=did:plc:sdk27hy6z4w6armebrawypoi err=HttpError('InvalidRequest: Could not find repo: did:plc:sdk27hy6z4w6armebrawypoi')
2026-02-27T09:25:37Z WARNING bsky_collector_v2.job.index_feed_generators: listRecords failed repo=did:plc:sgckhp6t4fjyfbfbmnpilkuz err=HttpError('InvalidRequest: Could not find repo: did:plc:sgckhp6t4fjyfbfbmnpilkuz')
2026-02-27T09:25:37Z WARNING bsky_collector_v2.job.index_feed_generators: listRecords failed repo=did:plc:u2attjyuqezcafeghiukdqlh err=HttpError('InvalidRequest: Could not find repo: did:plc:u2attjyuqezcafeghiukdqlh')
2026-02-27T09:25:37Z WARNING bsky_collector_v2.job.index_feed_generators: listRecords failed repo=did:plc:us5exoujrdsjla6zp2wfjdw5 err=HttpError('InvalidRequest: Could not find repo: did:plc:us5exoujrdsjla6zp2wfjdw5')
2026-02-27T09:25:37Z WARNING bsky_collector_v2.job.index_feed_generators: listRecords failed repo=did:plc:utbkx4rsua3ldwkhlvjuu32o err=HttpError('InvalidRequest: Could not find repo: did:plc:utbkx4rsua3ldwkhlvjuu32o')
2026-02-27T09:25:37Z WARNING bsky_collector_v2.job.index_feed_generators: listRecords failed repo=did:plc:uuwczgd6hrmbp4sovrz33p6x err=HttpError('InvalidRequest: Could not find repo: did:plc:uuwczgd6hrmbp4sovrz33p6x')
2026-02-27T09:25:37Z WARNING bsky_collector_v2.job.index_feed_generators: listRecords failed repo=did:plc:woxolt6gezy6qzjzntfyhan6 err=HttpError('InvalidRequest: Could not find repo: did:plc:woxolt6gezy6qzjzntfyhan6')
2026-02-27T09:25:37Z WARNING bsky_collector_v2.job.index_feed_generators: listRecords failed repo=did:plc:x5rngzfbmz5aw7jnyftz2dwa err=HttpError('InvalidRequest: Could not find repo: did:plc:x5rngzfbmz5aw7jnyftz2dwa')
2026-02-27T09:25:37Z WARNING bsky_collector_v2.job.index_feed_generators: listRecords failed repo=did:plc:xbdkr2habhoqproc6dwff4dn err=HttpError('InvalidRequest: Could not find repo: did:plc:xbdkr2habhoqproc6dwff4dn')
2026-02-27T09:25:37Z WARNING bsky_collector_v2.job.index_feed_generators: listRecords failed repo=did:plc:yelsm27ew5be42qw7m7hk62x err=HttpError('InvalidRequest: Could not find repo: did:plc:yelsm27ew5be42qw7m7hk62x')
2026-02-27T09:25:37Z WARNING bsky_collector_v2.job.index_feed_generators: listRecords failed repo=did:plc:ykhsvnygnzyldkhcjb75kwmk err=HttpError('InvalidRequest: Could not find repo: did:plc:ykhsvnygnzyldkhcjb75kwmk')
2026-02-27T09:25:37Z WARNING bsky_collector_v2.job.index_feed_generators: listRecords failed repo=did:plc:yvyek6ix2hr3kh3uslbec7qy err=HttpError('InvalidRequest: Could not find repo: did:plc:yvyek6ix2hr3kh3uslbec7qy')
2026-02-27T09:25:37Z WARNING bsky_collector_v2.job.index_feed_generators: listRecords failed repo=did:plc:yxyipjsoeqkmaqzsdnpnnr6q err=HttpError('InvalidRequest: Could not find repo: did:plc:yxyipjsoeqkmaqzsdnpnnr6q')
2026-02-27T09:25:37Z WARNING bsky_collector_v2.job.index_feed_generators: listRecords failed repo=did:plc:z2mvdnvteykngfo5iuv3tszj err=HttpError('InvalidRequest: Could not find repo: did:plc:z2mvdnvteykngfo5iuv3tszj')
2026-02-27T09:25:38Z WARNING bsky_collector_v2.job.index_feed_generators: listRecords failed repo=did:plc:zq3rz7wvb6lk5ktdpxlshxrn err=HttpError('InvalidRequest: Could not find repo: did:plc:zq3rz7wvb6lk5ktdpxlshxrn')
2026-02-27T09:25:38Z INFO bsky_collector_v2.job.index_feed_generators: enqueued repos page=3 mode=listRepos inserted=500 repos_returned=500 next_cursor=set
2026-02-27T09:25:39Z WARNING bsky_collector_v2.job.index_feed_generators: listRecords failed repo=did:plc:2bm2nbn23uajsm34gwccsog2 err=HttpError('InvalidRequest: Could not find repo: did:plc:2bm2nbn23uajsm34gwccsog2')
2026-02-27T09:25:40Z WARNING bsky_collector_v2.job.index_feed_generators: listRecords failed repo=did:plc:2bxdg3tj67e6rnlmpn3lqty4 err=HttpError('InvalidRequest: Could not find repo: did:plc:2bxdg3tj67e6rnlmpn3lqty4')
2026-02-27T09:25:40Z WARNING bsky_collector_v2.job.index_feed_generators: listRecords failed repo=did:plc:2q7vxhxmbl3ksujqwefepf2k err=HttpError('InvalidRequest: Could not find repo: did:plc:2q7vxhxmbl3ksujqwefepf2k')
2026-02-27T09:25:41Z WARNING bsky_collector_v2.job.index_feed_generators: listRecords failed repo=did:plc:2siz5dzxu4gwiw3xq5755hea err=HttpError('InvalidRequest: Could not find repo: did:plc:2siz5dzxu4gwiw3xq5755hea')
2026-02-27T09:25:45Z WARNING bsky_collector_v2.job.index_feed_generators: listRecords failed repo=did:plc:4agj24oaiessmuipvso5mbpx err=HttpError('InvalidRequest: Could not find repo: did:plc:4agj24oaiessmuipvso5mbpx')
2026-02-27T09:25:45Z WARNING bsky_collector_v2.job.index_feed_generators: listRecords failed repo=did:plc:4doylzg57ou5ncl4x6c634nh err=HttpError('InvalidRequest: Could not find repo: did:plc:4doylzg57ou5ncl4x6c634nh')
2026-02-27T09:25:49Z WARNING bsky_collector_v2.job.index_feed_generators: listRecords failed repo=did:plc:5raawvev4yjpubvqtn5puvo6 err=HttpError('InvalidRequest: Could not find repo: did:plc:5raawvev4yjpubvqtn5puvo6')
2026-02-27T09:25:49Z WARNING bsky_collector_v2.job.index_feed_generators: listRecords failed repo=did:plc:5xis5wu3lz4h77ga2p5bwvfi err=HttpError('InvalidRequest: Could not find repo: did:plc:5xis5wu3lz4h77ga2p5bwvfi')
2026-02-27T09:25:50Z WARNING bsky_collector_v2.job.index_feed_generators: listRecords failed repo=did:plc:63z5a4iuaab7sfmxenxcyess err=HttpError('InvalidRequest: Could not find repo: did:plc:63z5a4iuaab7sfmxenxcyess')
2026-02-27T09:25:52Z WARNING bsky_collector_v2.job.index_feed_generators: listRecords failed repo=did:plc:6ne67xk2w7k5lt3ahhyyiln3 err=HttpError('InvalidRequest: Could not find repo: did:plc:6ne67xk2w7k5lt3ahhyyiln3')
2026-02-27T09:25:52Z WARNING bsky_collector_v2.job.index_feed_generators: listRecords failed repo=did:plc:6rfyjw3sesiltumkj3scdhp6 err=HttpError('InvalidRequest: Could not find repo: did:plc:6rfyjw3sesiltumkj3scdhp6')
2026-02-27T09:25:56Z WARNING bsky_collector_v2.job.index_feed_generators: listRecords failed repo=did:plc:a6ktwstphgvg6qvuk4c75bi2 err=HttpError('InvalidRequest: Could not find repo: did:plc:a6ktwstphgvg6qvuk4c75bi2')
2026-02-27T09:25:56Z WARNING bsky_collector_v2.job.index_feed_generators: listRecords failed repo=did:plc:a7tswcd5qko6dyqr5bicppaa err=HttpError('InvalidRequest: Could not find repo: did:plc:a7tswcd5qko6dyqr5bicppaa')
2026-02-27T09:25:59Z WARNING bsky_collector_v2.job.index_feed_generators: listRecords failed repo=did:plc:bl6lnebx2npjonsdawheoxhk err=HttpError('InvalidRequest: Could not find repo: did:plc:bl6lnebx2npjonsdawheoxhk')
2026-02-27T09:25:59Z WARNING bsky_collector_v2.job.index_feed_generators: listRecords failed repo=did:plc:bo5ijrayzx7dpudpl6zx3evo err=HttpError('InvalidRequest: Could not find repo: did:plc:bo5ijrayzx7dpudpl6zx3evo')
2026-02-27T09:26:00Z WARNING bsky_collector_v2.job.index_feed_generators: listRecords failed repo=did:plc:c5n7we72wcxfugdu3ijjyhpy err=HttpError('InvalidRequest: Could not find repo: did:plc:c5n7we72wcxfugdu3ijjyhpy')
2026-02-27T09:26:00Z WARNING bsky_collector_v2.job.index_feed_generators: listRecords failed repo=did:plc:c77a3zz3wsdsp3tdtmltbhwt err=HttpError('InvalidRequest: Could not find repo: did:plc:c77a3zz3wsdsp3tdtmltbhwt')
2026-02-27T09:26:03Z WARNING bsky_collector_v2.job.index_feed_generators: listRecords failed repo=did:plc:cyle2ulr2kq4se4zsveg5sgt err=HttpError('InvalidRequest: Could not find repo: did:plc:cyle2ulr2kq4se4zsveg5sgt')
2026-02-27T09:26:05Z WARNING bsky_collector_v2.job.index_feed_generators: listRecords failed repo=did:plc:du35wiajhlmr6ss3ewsklqsk err=HttpError('InvalidRequest: Could not find repo: did:plc:du35wiajhlmr6ss3ewsklqsk')
2026-02-27T09:26:07Z WARNING bsky_collector_v2.job.index_feed_generators: listRecords failed repo=did:plc:elr74xrjisisinmhggf72qlh err=HttpError('InvalidRequest: Could not find repo: did:plc:elr74xrjisisinmhggf72qlh')
2026-02-27T09:26:08Z WARNING bsky_collector_v2.job.index_feed_generators: listRecords failed repo=did:plc:f2vjihwdknyv2oc3hdpi2tew err=HttpError('InvalidRequest: Could not find repo: did:plc:f2vjihwdknyv2oc3hdpi2tew')
2026-02-27T09:26:09Z WARNING bsky_collector_v2.job.index_feed_generators: listRecords failed repo=did:plc:fmrwnjngwbewfya6ywb3lvrt err=HttpError('InvalidRequest: Could not find repo: did:plc:fmrwnjngwbewfya6ywb3lvrt')
2026-02-27T09:26:12Z WARNING bsky_collector_v2.job.index_feed_generators: listRecords failed repo=did:plc:gqcpffaretmzlcouvbo7wrwf err=HttpError('InvalidRequest: Could not find repo: did:plc:gqcpffaretmzlcouvbo7wrwf')
2026-02-27T09:26:19Z WARNING bsky_collector_v2.job.index_feed_generators: listRecords failed repo=did:plc:hqrp3bp646mj75ja6ivzejnv err=HttpError('InvalidRequest: Could not find repo: did:plc:hqrp3bp646mj75ja6ivzejnv')
2026-02-27T09:26:19Z WARNING bsky_collector_v2.job.index_feed_generators: listRecords failed repo=did:plc:htrrjjirvwsr5lmarwqfubbv err=HttpError('InvalidRequest: Could not find repo: did:plc:htrrjjirvwsr5lmarwqfubbv')
2026-02-27T09:26:20Z WARNING bsky_collector_v2.job.index_feed_generators: listRecords failed repo=did:plc:hwbozklfu5sam3aor2g4rwio err=HttpError('InvalidRequest: Could not find repo: did:plc:hwbozklfu5sam3aor2g4rwio')
2026-02-27T09:26:22Z WARNING bsky_collector_v2.job.index_feed_generators: listRecords failed repo=did:plc:ibisvuqozlnq4ea2q5ytydvx err=HttpError('InvalidRequest: Could not find repo: did:plc:ibisvuqozlnq4ea2q5ytydvx')
2026-02-27T09:26:23Z WARNING bsky_collector_v2.job.index_feed_generators: listRecords failed repo=did:plc:ihc7vd5uraovxltgclwtlzin err=HttpError('InvalidRequest: Could not find repo: did:plc:ihc7vd5uraovxltgclwtlzin')
2026-02-27T09:26:24Z WARNING bsky_collector_v2.job.index_feed_generators: listRecords failed repo=did:plc:iqf7itv7b4xjjjs5r5sci2vl err=HttpError('InvalidRequest: Could not find repo: did:plc:iqf7itv7b4xjjjs5r5sci2vl')
2026-02-27T09:26:26Z WARNING bsky_collector_v2.job.index_feed_generators: listRecords failed repo=did:plc:jabbpku2n4fffkabapvmaor3 err=HttpError('InvalidRequest: Could not find repo: did:plc:jabbpku2n4fffkabapvmaor3')
2026-02-27T09:26:26Z WARNING bsky_collector_v2.job.index_feed_generators: listRecords failed repo=did:plc:jfgb3egkbby33hwjudbqzioy err=HttpError('InvalidRequest: Could not find repo: did:plc:jfgb3egkbby33hwjudbqzioy')
2026-02-27T09:26:26Z WARNING bsky_collector_v2.job.index_feed_generators: listRecords failed repo=did:plc:jfixcgmw3iwymldynwt7tzqu err=HttpError('InvalidRequest: Could not find repo: did:plc:jfixcgmw3iwymldynwt7tzqu')
2026-02-27T09:26:27Z WARNING bsky_collector_v2.job.index_feed_generators: listRecords failed repo=did:plc:jj537jyjoonodxzvqt7ss5x2 err=HttpError('InvalidRequest: Could not find repo: did:plc:jj537jyjoonodxzvqt7ss5x2')
2026-02-27T09:26:34Z WARNING bsky_collector_v2.job.index_feed_generators: listRecords failed repo=did:plc:lp77gega3rqjzddl5lbh6vi6 err=HttpError('InvalidRequest: Could not find repo: did:plc:lp77gega3rqjzddl5lbh6vi6')
2026-02-27T09:26:35Z WARNING bsky_collector_v2.job.index_feed_generators: listRecords failed repo=did:plc:lv3vrkorehgv732gowszv5sy err=HttpError('InvalidRequest: Could not find repo: did:plc:lv3vrkorehgv732gowszv5sy')
2026-02-27T09:26:35Z WARNING bsky_collector_v2.job.index_feed_generators: listRecords failed repo=did:plc:lywyirfzi2gfg3dlak7cdjay err=HttpError('InvalidRequest: Could not find repo: did:plc:lywyirfzi2gfg3dlak7cdjay')
2026-02-27T09:26:36Z WARNING bsky_collector_v2.job.index_feed_generators: listRecords failed repo=did:plc:mc7puedngsekgmzzf465qqln err=HttpError('InvalidRequest: Could not find repo: did:plc:mc7puedngsekgmzzf465qqln')
2026-02-27T09:26:37Z WARNING bsky_collector_v2.job.index_feed_generators: listRecords failed repo=did:plc:me5wrb25lazeradug7qyokms err=HttpError('InvalidRequest: Could not find repo: did:plc:me5wrb25lazeradug7qyokms')
2026-02-27T09:26:37Z WARNING bsky_collector_v2.job.index_feed_generators: listRecords failed repo=did:plc:mggfo6oh3u5rzdmakrgksvvm err=HttpError('InvalidRequest: Could not find repo: did:plc:mggfo6oh3u5rzdmakrgksvvm')
2026-02-27T09:26:39Z WARNING bsky_collector_v2.job.index_feed_generators: listRecords failed repo=did:plc:ng2bzc6iefrrz5jjvkxq4ibg err=HttpError('InvalidRequest: Could not find repo: did:plc:ng2bzc6iefrrz5jjvkxq4ibg')
2026-02-27T09:26:41Z WARNING bsky_collector_v2.job.index_feed_generators: listRecords failed repo=did:plc:o22c72jjycewhhfdwcgki3vo err=HttpError('InvalidRequest: Could not find repo: did:plc:o22c72jjycewhhfdwcgki3vo')
2026-02-27T09:26:41Z WARNING bsky_collector_v2.job.index_feed_generators: listRecords failed repo=did:plc:oupjuigzesbu7uyszn3vhxae err=HttpError('InvalidRequest: Could not find repo: did:plc:oupjuigzesbu7uyszn3vhxae')
2026-02-27T09:26:42Z WARNING bsky_collector_v2.job.index_feed_generators: listRecords failed repo=did:plc:pbalrzsupsomqj3jt3k5nlqg err=HttpError('InvalidRequest: Could not find repo: did:plc:pbalrzsupsomqj3jt3k5nlqg')
2026-02-27T09:26:45Z WARNING bsky_collector_v2.job.index_feed_generators: listRecords failed repo=did:plc:q3zatnwerq4zlsvss663ovxr err=HttpError('InvalidRequest: Could not find repo: did:plc:q3zatnwerq4zlsvss663ovxr')
2026-02-27T09:26:45Z WARNING bsky_collector_v2.job.index_feed_generators: listRecords failed repo=did:plc:qaobxslcietflvg434nlhtn2 err=HttpError('InvalidRequest: Could not find repo: did:plc:qaobxslcietflvg434nlhtn2')
2026-02-27T09:26:45Z WARNING bsky_collector_v2.job.index_feed_generators: listRecords failed repo=did:plc:qbvta655oxsv6misjibz6jyh err=HttpError('InvalidRequest: Could not find repo: did:plc:qbvta655oxsv6misjibz6jyh')
2026-02-27T09:26:46Z WARNING bsky_collector_v2.job.index_feed_generators: listRecords failed repo=did:plc:qhitichl7i6el27kbdb5cv3x err=HttpError('InvalidRequest: Could not find repo: did:plc:qhitichl7i6el27kbdb5cv3x')
2026-02-27T09:26:48Z WARNING bsky_collector_v2.job.index_feed_generators: listRecords failed repo=did:plc:qxpjfwunkjwop2iak5q54rix err=HttpError('InvalidRequest: Could not find repo: did:plc:qxpjfwunkjwop2iak5q54rix')
2026-02-27T09:26:49Z WARNING bsky_collector_v2.job.index_feed_generators: listRecords failed repo=did:plc:rb66yy5akhfzvpl5ztwwr76s err=HttpError('InvalidRequest: Could not find repo: did:plc:rb66yy5akhfzvpl5ztwwr76s')
2026-02-27T09:26:51Z WARNING bsky_collector_v2.job.index_feed_generators: listRecords failed repo=did:plc:samallgyfrvwujag5ikabejr err=HttpError('InvalidRequest: Could not find repo: did:plc:samallgyfrvwujag5ikabejr')
2026-02-27T09:26:51Z WARNING bsky_collector_v2.job.index_feed_generators: listRecords failed repo=did:plc:sl6alhmu3a3qhus3uzz5xqeq err=HttpError('InvalidRequest: Could not find repo: did:plc:sl6alhmu3a3qhus3uzz5xqeq')
2026-02-27T09:26:51Z WARNING bsky_collector_v2.job.index_feed_generators: listRecords failed repo=did:plc:snfhbkkmmybdn5l6goyvfcjl err=HttpError('InvalidRequest: Could not find repo: did:plc:snfhbkkmmybdn5l6goyvfcjl')
2026-02-27T09:26:52Z WARNING bsky_collector_v2.job.index_feed_generators: listRecords failed repo=did:plc:stph3vj5h7cexjujvd4tqpfz err=HttpError('InvalidRequest: Could not find repo: did:plc:stph3vj5h7cexjujvd4tqpfz')
2026-02-27T09:26:57Z WARNING bsky_collector_v2.job.index_feed_generators: listRecords failed repo=did:plc:uhi4va37dc3r75pus77xxatv err=HttpError('InvalidRequest: Could not find repo: did:plc:uhi4va37dc3r75pus77xxatv')
2026-02-27T09:27:00Z WARNING bsky_collector_v2.job.index_feed_generators: listRecords failed repo=did:plc:urp2dxgrewdspgay4w6tj6id err=HttpError('InvalidRequest: Could not find repo: did:plc:urp2dxgrewdspgay4w6tj6id')
2026-02-27T09:27:02Z WARNING bsky_collector_v2.job.index_feed_generators: listRecords failed repo=did:plc:v65cinwblcq544kpptaqhrab err=HttpError('InvalidRequest: Could not find repo: did:plc:v65cinwblcq544kpptaqhrab')
2026-02-27T09:27:10Z WARNING bsky_collector_v2.job.index_feed_generators: listRecords failed repo=did:plc:webypphb3aesskeki5rmhf5y err=HttpError('InvalidRequest: Could not find repo: did:plc:webypphb3aesskeki5rmhf5y')
2026-02-27T09:27:11Z WARNING bsky_collector_v2.job.index_feed_generators: listRecords failed repo=did:plc:wwsh2coxokq5e45qsorxcwge err=HttpError('InvalidRequest: Could not find repo: did:plc:wwsh2coxokq5e45qsorxcwge')
2026-02-27T09:27:11Z WARNING bsky_collector_v2.job.index_feed_generators: listRecords failed repo=did:plc:wzxbpnlfabvwms6nzbrqvkxr err=HttpError('InvalidRequest: Could not find repo: did:plc:wzxbpnlfabvwms6nzbrqvkxr')
2026-02-27T09:27:13Z WARNING bsky_collector_v2.job.index_feed_generators: listRecords failed repo=did:plc:xsceach5327f2xvbzoey2x5f err=HttpError('InvalidRequest: Could not find repo: did:plc:xsceach5327f2xvbzoey2x5f')
2026-02-27T09:27:13Z WARNING bsky_collector_v2.job.index_feed_generators: listRecords failed repo=did:plc:xtcqp6swimpwntulpmnid2wb err=HttpError('InvalidRequest: Could not find repo: did:plc:xtcqp6swimpwntulpmnid2wb')
2026-02-27T09:27:13Z WARNING bsky_collector_v2.job.index_feed_generators: listRecords failed repo=did:plc:xvvn77afnfp26cwscnvclash err=HttpError('InvalidRequest: Could not find repo: did:plc:xvvn77afnfp26cwscnvclash')
2026-02-27T09:27:16Z WARNING bsky_collector_v2.job.index_feed_generators: listRecords failed repo=did:plc:ygi2ljpapr2syrdy26sb322h err=HttpError('InvalidRequest: Could not find repo: did:plc:ygi2ljpapr2syrdy26sb322h')
2026-02-27T09:27:17Z WARNING bsky_collector_v2.job.index_feed_generators: listRecords failed repo=did:plc:yp2u73h5zpjdst6unkfqf2vn err=HttpError('InvalidRequest: Could not find repo: did:plc:yp2u73h5zpjdst6unkfqf2vn')
2026-02-27T09:27:19Z WARNING bsky_collector_v2.job.index_feed_generators: listRecords failed repo=did:plc:zoasrjjpgvvxrrzcpaf24bsn err=HttpError('InvalidRequest: Could not find repo: did:plc:zoasrjjpgvvxrrzcpaf24bsn')
2026-02-27T09:27:20Z WARNING bsky_collector_v2.job.index_feed_generators: listRecords failed repo=did:plc:zra7bsvnd2xqwyp6narezghy err=HttpError('InvalidRequest: Could not find repo: did:plc:zra7bsvnd2xqwyp6narezghy')
2026-02-27T09:27:20Z INFO bsky_collector_v2.job.index_feed_generators: indexed repo=did:plc:zt6ivtpin7rbueh35q5c5t2b part=357 records=4 next_cursor=set
2026-02-27T09:27:21Z WARNING bsky_collector_v2.job.index_feed_generators: listRecords failed repo=did:plc:2bm2nbn23uajsm34gwccsog2 err=HttpError('InvalidRequest: Could not find repo: did:plc:2bm2nbn23uajsm34gwccsog2')
2026-02-27T09:27:21Z WARNING bsky_collector_v2.job.index_feed_generators: listRecords failed repo=did:plc:2bxdg3tj67e6rnlmpn3lqty4 err=HttpError('InvalidRequest: Could not find repo: did:plc:2bxdg3tj67e6rnlmpn3lqty4')
2026-02-27T09:27:21Z WARNING bsky_collector_v2.job.index_feed_generators: listRecords failed repo=did:plc:2q7vxhxmbl3ksujqwefepf2k err=HttpError('InvalidRequest: Could not find repo: did:plc:2q7vxhxmbl3ksujqwefepf2k')
2026-02-27T09:27:21Z WARNING bsky_collector_v2.job.index_feed_generators: listRecords failed repo=did:plc:2siz5dzxu4gwiw3xq5755hea err=HttpError('InvalidRequest: Could not find repo: did:plc:2siz5dzxu4gwiw3xq5755hea')
2026-02-27T09:27:21Z WARNING bsky_collector_v2.job.index_feed_generators: listRecords failed repo=did:plc:4agj24oaiessmuipvso5mbpx err=HttpError('InvalidRequest: Could not find repo: did:plc:4agj24oaiessmuipvso5mbpx')
2026-02-27T09:27:21Z WARNING bsky_collector_v2.job.index_feed_generators: listRecords failed repo=did:plc:4doylzg57ou5ncl4x6c634nh err=HttpError('InvalidRequest: Could not find repo: did:plc:4doylzg57ou5ncl4x6c634nh')
2026-02-27T09:27:21Z WARNING bsky_collector_v2.job.index_feed_generators: listRecords failed repo=did:plc:5raawvev4yjpubvqtn5puvo6 err=HttpError('InvalidRequest: Could not find repo: did:plc:5raawvev4yjpubvqtn5puvo6')
2026-02-27T09:27:21Z WARNING bsky_collector_v2.job.index_feed_generators: listRecords failed repo=did:plc:5xis5wu3lz4h77ga2p5bwvfi err=HttpError('InvalidRequest: Could not find repo: did:plc:5xis5wu3lz4h77ga2p5bwvfi')
2026-02-27T09:27:21Z WARNING bsky_collector_v2.job.index_feed_generators: listRecords failed repo=did:plc:63z5a4iuaab7sfmxenxcyess err=HttpError('InvalidRequest: Could not find repo: did:plc:63z5a4iuaab7sfmxenxcyess')
2026-02-27T09:27:21Z WARNING bsky_collector_v2.job.index_feed_generators: listRecords failed repo=did:plc:6ne67xk2w7k5lt3ahhyyiln3 err=HttpError('InvalidRequest: Could not find repo: did:plc:6ne67xk2w7k5lt3ahhyyiln3')
2026-02-27T09:27:21Z WARNING bsky_collector_v2.job.index_feed_generators: listRecords failed repo=did:plc:6rfyjw3sesiltumkj3scdhp6 err=HttpError('InvalidRequest: Could not find repo: did:plc:6rfyjw3sesiltumkj3scdhp6')
2026-02-27T09:27:22Z WARNING bsky_collector_v2.job.index_feed_generators: listRecords failed repo=did:plc:a6ktwstphgvg6qvuk4c75bi2 err=HttpError('InvalidRequest: Could not find repo: did:plc:a6ktwstphgvg6qvuk4c75bi2')
2026-02-27T09:27:22Z WARNING bsky_collector_v2.job.index_feed_generators: listRecords failed repo=did:plc:a7tswcd5qko6dyqr5bicppaa err=HttpError('InvalidRequest: Could not find repo: did:plc:a7tswcd5qko6dyqr5bicppaa')
2026-02-27T09:27:22Z WARNING bsky_collector_v2.job.index_feed_generators: listRecords failed repo=did:plc:bl6lnebx2npjonsdawheoxhk err=HttpError('InvalidRequest: Could not find repo: did:plc:bl6lnebx2npjonsdawheoxhk')
2026-02-27T09:27:22Z WARNING bsky_collector_v2.job.index_feed_generators: listRecords failed repo=did:plc:bo5ijrayzx7dpudpl6zx3evo err=HttpError('InvalidRequest: Could not find repo: did:plc:bo5ijrayzx7dpudpl6zx3evo')
2026-02-27T09:27:22Z WARNING bsky_collector_v2.job.index_feed_generators: listRecords failed repo=did:plc:c5n7we72wcxfugdu3ijjyhpy err=HttpError('InvalidRequest: Could not find repo: did:plc:c5n7we72wcxfugdu3ijjyhpy')
2026-02-27T09:27:22Z WARNING bsky_collector_v2.job.index_feed_generators: listRecords failed repo=did:plc:c77a3zz3wsdsp3tdtmltbhwt err=HttpError('InvalidRequest: Could not find repo: did:plc:c77a3zz3wsdsp3tdtmltbhwt')
2026-02-27T09:27:22Z WARNING bsky_collector_v2.job.index_feed_generators: listRecords failed repo=did:plc:cyle2ulr2kq4se4zsveg5sgt err=HttpError('InvalidRequest: Could not find repo: did:plc:cyle2ulr2kq4se4zsveg5sgt')
2026-02-27T09:27:22Z WARNING bsky_collector_v2.job.index_feed_generators: listRecords failed repo=did:plc:du35wiajhlmr6ss3ewsklqsk err=HttpError('InvalidRequest: Could not find repo: did:plc:du35wiajhlmr6ss3ewsklqsk')
2026-02-27T09:27:22Z WARNING bsky_collector_v2.job.index_feed_generators: listRecords failed repo=did:plc:elr74xrjisisinmhggf72qlh err=HttpError('InvalidRequest: Could not find repo: did:plc:elr74xrjisisinmhggf72qlh')
2026-02-27T09:27:22Z WARNING bsky_collector_v2.job.index_feed_generators: listRecords failed repo=did:plc:f2vjihwdknyv2oc3hdpi2tew err=HttpError('InvalidRequest: Could not find repo: did:plc:f2vjihwdknyv2oc3hdpi2tew')
2026-02-27T09:27:22Z WARNING bsky_collector_v2.job.index_feed_generators: listRecords failed repo=did:plc:fmrwnjngwbewfya6ywb3lvrt err=HttpError('InvalidRequest: Could not find repo: did:plc:fmrwnjngwbewfya6ywb3lvrt')
2026-02-27T09:27:22Z WARNING bsky_collector_v2.job.index_feed_generators: listRecords failed repo=did:plc:gqcpffaretmzlcouvbo7wrwf err=HttpError('InvalidRequest: Could not find repo: did:plc:gqcpffaretmzlcouvbo7wrwf')
2026-02-27T09:27:23Z WARNING bsky_collector_v2.job.index_feed_generators: listRecords failed repo=did:plc:hqrp3bp646mj75ja6ivzejnv err=HttpError('InvalidRequest: Could not find repo: did:plc:hqrp3bp646mj75ja6ivzejnv')
2026-02-27T09:27:23Z WARNING bsky_collector_v2.job.index_feed_generators: listRecords failed repo=did:plc:htrrjjirvwsr5lmarwqfubbv err=HttpError('InvalidRequest: Could not find repo: did:plc:htrrjjirvwsr5lmarwqfubbv')
2026-02-27T09:27:23Z WARNING bsky_collector_v2.job.index_feed_generators: listRecords failed repo=did:plc:hwbozklfu5sam3aor2g4rwio err=HttpError('InvalidRequest: Could not find repo: did:plc:hwbozklfu5sam3aor2g4rwio')
2026-02-27T09:27:23Z WARNING bsky_collector_v2.job.index_feed_generators: listRecords failed repo=did:plc:ibisvuqozlnq4ea2q5ytydvx err=HttpError('InvalidRequest: Could not find repo: did:plc:ibisvuqozlnq4ea2q5ytydvx')
2026-02-27T09:27:23Z WARNING bsky_collector_v2.job.index_feed_generators: listRecords failed repo=did:plc:ihc7vd5uraovxltgclwtlzin err=HttpError('InvalidRequest: Could not find repo: did:plc:ihc7vd5uraovxltgclwtlzin')
2026-02-27T09:27:23Z WARNING bsky_collector_v2.job.index_feed_generators: listRecords failed repo=did:plc:iqf7itv7b4xjjjs5r5sci2vl err=HttpError('InvalidRequest: Could not find repo: did:plc:iqf7itv7b4xjjjs5r5sci2vl')
2026-02-27T09:27:23Z WARNING bsky_collector_v2.job.index_feed_generators: listRecords failed repo=did:plc:jabbpku2n4fffkabapvmaor3 err=HttpError('InvalidRequest: Could not find repo: did:plc:jabbpku2n4fffkabapvmaor3')
2026-02-27T09:27:23Z WARNING bsky_collector_v2.job.index_feed_generators: listRecords failed repo=did:plc:jfgb3egkbby33hwjudbqzioy err=HttpError('InvalidRequest: Could not find repo: did:plc:jfgb3egkbby33hwjudbqzioy')
2026-02-27T09:27:23Z WARNING bsky_collector_v2.job.index_feed_generators: listRecords failed repo=did:plc:jfixcgmw3iwymldynwt7tzqu err=HttpError('InvalidRequest: Could not find repo: did:plc:jfixcgmw3iwymldynwt7tzqu')
2026-02-27T09:27:23Z WARNING bsky_collector_v2.job.index_feed_generators: listRecords failed repo=did:plc:jj537jyjoonodxzvqt7ss5x2 err=HttpError('InvalidRequest: Could not find repo: did:plc:jj537jyjoonodxzvqt7ss5x2')
2026-02-27T09:27:23Z WARNING bsky_collector_v2.job.index_feed_generators: listRecords failed repo=did:plc:lp77gega3rqjzddl5lbh6vi6 err=HttpError('InvalidRequest: Could not find repo: did:plc:lp77gega3rqjzddl5lbh6vi6')
2026-02-27T09:27:23Z WARNING bsky_collector_v2.job.index_feed_generators: listRecords failed repo=did:plc:lv3vrkorehgv732gowszv5sy err=HttpError('InvalidRequest: Could not find repo: did:plc:lv3vrkorehgv732gowszv5sy')
2026-02-27T09:27:23Z WARNING bsky_collector_v2.job.index_feed_generators: listRecords failed repo=did:plc:lywyirfzi2gfg3dlak7cdjay err=HttpError('InvalidRequest: Could not find repo: did:plc:lywyirfzi2gfg3dlak7cdjay')
2026-02-27T09:27:24Z WARNING bsky_collector_v2.job.index_feed_generators: listRecords failed repo=did:plc:mc7puedngsekgmzzf465qqln err=HttpError('InvalidRequest: Could not find repo: did:plc:mc7puedngsekgmzzf465qqln')
2026-02-27T09:27:24Z WARNING bsky_collector_v2.job.index_feed_generators: listRecords failed repo=did:plc:me5wrb25lazeradug7qyokms err=HttpError('InvalidRequest: Could not find repo: did:plc:me5wrb25lazeradug7qyokms')
2026-02-27T09:27:24Z WARNING bsky_collector_v2.job.index_feed_generators: listRecords failed repo=did:plc:mggfo6oh3u5rzdmakrgksvvm err=HttpError('InvalidRequest: Could not find repo: did:plc:mggfo6oh3u5rzdmakrgksvvm')
2026-02-27T09:27:24Z WARNING bsky_collector_v2.job.index_feed_generators: listRecords failed repo=did:plc:ng2bzc6iefrrz5jjvkxq4ibg err=HttpError('InvalidRequest: Could not find repo: did:plc:ng2bzc6iefrrz5jjvkxq4ibg')
2026-02-27T09:27:24Z WARNING bsky_collector_v2.job.index_feed_generators: listRecords failed repo=did:plc:o22c72jjycewhhfdwcgki3vo err=HttpError('InvalidRequest: Could not find repo: did:plc:o22c72jjycewhhfdwcgki3vo')
2026-02-27T09:27:24Z WARNING bsky_collector_v2.job.index_feed_generators: listRecords failed repo=did:plc:oupjuigzesbu7uyszn3vhxae err=HttpError('InvalidRequest: Could not find repo: did:plc:oupjuigzesbu7uyszn3vhxae')
2026-02-27T09:27:24Z WARNING bsky_collector_v2.job.index_feed_generators: listRecords failed repo=did:plc:pbalrzsupsomqj3jt3k5nlqg err=HttpError('InvalidRequest: Could not find repo: did:plc:pbalrzsupsomqj3jt3k5nlqg')
2026-02-27T09:27:24Z WARNING bsky_collector_v2.job.index_feed_generators: listRecords failed repo=did:plc:q3zatnwerq4zlsvss663ovxr err=HttpError('InvalidRequest: Could not find repo: did:plc:q3zatnwerq4zlsvss663ovxr')
2026-02-27T09:27:24Z WARNING bsky_collector_v2.job.index_feed_generators: listRecords failed repo=did:plc:qaobxslcietflvg434nlhtn2 err=HttpError('InvalidRequest: Could not find repo: did:plc:qaobxslcietflvg434nlhtn2')
2026-02-27T09:27:24Z WARNING bsky_collector_v2.job.index_feed_generators: listRecords failed repo=did:plc:qbvta655oxsv6misjibz6jyh err=HttpError('InvalidRequest: Could not find repo: did:plc:qbvta655oxsv6misjibz6jyh')
2026-02-27T09:27:24Z WARNING bsky_collector_v2.job.index_feed_generators: listRecords failed repo=did:plc:qhitichl7i6el27kbdb5cv3x err=HttpError('InvalidRequest: Could not find repo: did:plc:qhitichl7i6el27kbdb5cv3x')
2026-02-27T09:27:24Z WARNING bsky_collector_v2.job.index_feed_generators: listRecords failed repo=did:plc:qxpjfwunkjwop2iak5q54rix err=HttpError('InvalidRequest: Could not find repo: did:plc:qxpjfwunkjwop2iak5q54rix')
2026-02-27T09:27:25Z WARNING bsky_collector_v2.job.index_feed_generators: listRecords failed repo=did:plc:rb66yy5akhfzvpl5ztwwr76s err=HttpError('InvalidRequest: Could not find repo: did:plc:rb66yy5akhfzvpl5ztwwr76s')
2026-02-27T09:27:25Z WARNING bsky_collector_v2.job.index_feed_generators: listRecords failed repo=did:plc:samallgyfrvwujag5ikabejr err=HttpError('InvalidRequest: Could not find repo: did:plc:samallgyfrvwujag5ikabejr')
2026-02-27T09:27:25Z WARNING bsky_collector_v2.job.index_feed_generators: listRecords failed repo=did:plc:sl6alhmu3a3qhus3uzz5xqeq err=HttpError('InvalidRequest: Could not find repo: did:plc:sl6alhmu3a3qhus3uzz5xqeq')
2026-02-27T09:27:25Z WARNING bsky_collector_v2.job.index_feed_generators: listRecords failed repo=did:plc:snfhbkkmmybdn5l6goyvfcjl err=HttpError('InvalidRequest: Could not find repo: did:plc:snfhbkkmmybdn5l6goyvfcjl')
2026-02-27T09:27:25Z WARNING bsky_collector_v2.job.index_feed_generators: listRecords failed repo=did:plc:stph3vj5h7cexjujvd4tqpfz err=HttpError('InvalidRequest: Could not find repo: did:plc:stph3vj5h7cexjujvd4tqpfz')
2026-02-27T09:27:25Z WARNING bsky_collector_v2.job.index_feed_generators: listRecords failed repo=did:plc:uhi4va37dc3r75pus77xxatv err=HttpError('InvalidRequest: Could not find repo: did:plc:uhi4va37dc3r75pus77xxatv')
2026-02-27T09:27:25Z WARNING bsky_collector_v2.job.index_feed_generators: listRecords failed repo=did:plc:urp2dxgrewdspgay4w6tj6id err=HttpError('InvalidRequest: Could not find repo: did:plc:urp2dxgrewdspgay4w6tj6id')
2026-02-27T09:27:25Z WARNING bsky_collector_v2.job.index_feed_generators: listRecords failed repo=did:plc:v65cinwblcq544kpptaqhrab err=HttpError('InvalidRequest: Could not find repo: did:plc:v65cinwblcq544kpptaqhrab')
2026-02-27T09:27:26Z WARNING bsky_collector_v2.job.index_feed_generators: listRecords failed repo=did:plc:webypphb3aesskeki5rmhf5y err=HttpError('InvalidRequest: Could not find repo: did:plc:webypphb3aesskeki5rmhf5y')
2026-02-27T09:27:26Z WARNING bsky_collector_v2.job.index_feed_generators: listRecords failed repo=did:plc:wwsh2coxokq5e45qsorxcwge err=HttpError('InvalidRequest: Could not find repo: did:plc:wwsh2coxokq5e45qsorxcwge')
2026-02-27T09:27:26Z WARNING bsky_collector_v2.job.index_feed_generators: listRecords failed repo=did:plc:wzxbpnlfabvwms6nzbrqvkxr err=HttpError('InvalidRequest: Could not find repo: did:plc:wzxbpnlfabvwms6nzbrqvkxr')
2026-02-27T09:27:26Z WARNING bsky_collector_v2.job.index_feed_generators: listRecords failed repo=did:plc:xsceach5327f2xvbzoey2x5f err=HttpError('InvalidRequest: Could not find repo: did:plc:xsceach5327f2xvbzoey2x5f')
2026-02-27T09:27:26Z WARNING bsky_collector_v2.job.index_feed_generators: listRecords failed repo=did:plc:xtcqp6swimpwntulpmnid2wb err=HttpError('InvalidRequest: Could not find repo: did:plc:xtcqp6swimpwntulpmnid2wb')
2026-02-27T09:27:26Z WARNING bsky_collector_v2.job.index_feed_generators: listRecords failed repo=did:plc:xvvn77afnfp26cwscnvclash err=HttpError('InvalidRequest: Could not find repo: did:plc:xvvn77afnfp26cwscnvclash')
2026-02-27T09:27:26Z WARNING bsky_collector_v2.job.index_feed_generators: listRecords failed repo=did:plc:ygi2ljpapr2syrdy26sb322h err=HttpError('InvalidRequest: Could not find repo: did:plc:ygi2ljpapr2syrdy26sb322h')
2026-02-27T09:27:26Z WARNING bsky_collector_v2.job.index_feed_generators: listRecords failed repo=did:plc:yp2u73h5zpjdst6unkfqf2vn err=HttpError('InvalidRequest: Could not find repo: did:plc:yp2u73h5zpjdst6unkfqf2vn')
2026-02-27T09:27:26Z WARNING bsky_collector_v2.job.index_feed_generators: listRecords failed repo=did:plc:zoasrjjpgvvxrrzcpaf24bsn err=HttpError('InvalidRequest: Could not find repo: did:plc:zoasrjjpgvvxrrzcpaf24bsn')
2026-02-27T09:27:26Z WARNING bsky_collector_v2.job.index_feed_generators: listRecords failed repo=did:plc:zra7bsvnd2xqwyp6narezghy err=HttpError('InvalidRequest: Could not find repo: did:plc:zra7bsvnd2xqwyp6narezghy')
2026-02-27T09:27:26Z WARNING bsky_collector_v2.job.index_feed_generators: listRecords failed repo=did:plc:2bm2nbn23uajsm34gwccsog2 err=HttpError('InvalidRequest: Could not find repo: did:plc:2bm2nbn23uajsm34gwccsog2')
2026-02-27T09:27:27Z WARNING bsky_collector_v2.job.index_feed_generators: listRecords failed repo=did:plc:2bxdg3tj67e6rnlmpn3lqty4 err=HttpError('InvalidRequest: Could not find repo: did:plc:2bxdg3tj67e6rnlmpn3lqty4')
2026-02-27T09:27:27Z WARNING bsky_collector_v2.job.index_feed_generators: listRecords failed repo=did:plc:2q7vxhxmbl3ksujqwefepf2k err=HttpError('InvalidRequest: Could not find repo: did:plc:2q7vxhxmbl3ksujqwefepf2k')
2026-02-27T09:27:27Z WARNING bsky_collector_v2.job.index_feed_generators: listRecords failed repo=did:plc:2siz5dzxu4gwiw3xq5755hea err=HttpError('InvalidRequest: Could not find repo: did:plc:2siz5dzxu4gwiw3xq5755hea')
2026-02-27T09:27:27Z WARNING bsky_collector_v2.job.index_feed_generators: listRecords failed repo=did:plc:4agj24oaiessmuipvso5mbpx err=HttpError('InvalidRequest: Could not find repo: did:plc:4agj24oaiessmuipvso5mbpx')
2026-02-27T09:27:27Z WARNING bsky_collector_v2.job.index_feed_generators: listRecords failed repo=did:plc:4doylzg57ou5ncl4x6c634nh err=HttpError('InvalidRequest: Could not find repo: did:plc:4doylzg57ou5ncl4x6c634nh')
2026-02-27T09:27:27Z WARNING bsky_collector_v2.job.index_feed_generators: listRecords failed repo=did:plc:5raawvev4yjpubvqtn5puvo6 err=HttpError('InvalidRequest: Could not find repo: did:plc:5raawvev4yjpubvqtn5puvo6')
2026-02-27T09:27:27Z WARNING bsky_collector_v2.job.index_feed_generators: listRecords failed repo=did:plc:5xis5wu3lz4h77ga2p5bwvfi err=HttpError('InvalidRequest: Could not find repo: did:plc:5xis5wu3lz4h77ga2p5bwvfi')
2026-02-27T09:27:27Z WARNING bsky_collector_v2.job.index_feed_generators: listRecords failed repo=did:plc:63z5a4iuaab7sfmxenxcyess err=HttpError('InvalidRequest: Could not find repo: did:plc:63z5a4iuaab7sfmxenxcyess')
2026-02-27T09:27:27Z WARNING bsky_collector_v2.job.index_feed_generators: listRecords failed repo=did:plc:6ne67xk2w7k5lt3ahhyyiln3 err=HttpError('InvalidRequest: Could not find repo: did:plc:6ne67xk2w7k5lt3ahhyyiln3')
2026-02-27T09:27:28Z WARNING bsky_collector_v2.job.index_feed_generators: listRecords failed repo=did:plc:6rfyjw3sesiltumkj3scdhp6 err=HttpError('InvalidRequest: Could not find repo: did:plc:6rfyjw3sesiltumkj3scdhp6')
2026-02-27T09:27:28Z WARNING bsky_collector_v2.job.index_feed_generators: listRecords failed repo=did:plc:a6ktwstphgvg6qvuk4c75bi2 err=HttpError('InvalidRequest: Could not find repo: did:plc:a6ktwstphgvg6qvuk4c75bi2')
2026-02-27T09:27:28Z WARNING bsky_collector_v2.job.index_feed_generators: listRecords failed repo=did:plc:a7tswcd5qko6dyqr5bicppaa err=HttpError('InvalidRequest: Could not find repo: did:plc:a7tswcd5qko6dyqr5bicppaa')
2026-02-27T09:27:28Z WARNING bsky_collector_v2.job.index_feed_generators: listRecords failed repo=did:plc:bl6lnebx2npjonsdawheoxhk err=HttpError('InvalidRequest: Could not find repo: did:plc:bl6lnebx2npjonsdawheoxhk')
2026-02-27T09:27:28Z WARNING bsky_collector_v2.job.index_feed_generators: listRecords failed repo=did:plc:bo5ijrayzx7dpudpl6zx3evo err=HttpError('InvalidRequest: Could not find repo: did:plc:bo5ijrayzx7dpudpl6zx3evo')
2026-02-27T09:27:28Z WARNING bsky_collector_v2.job.index_feed_generators: listRecords failed repo=did:plc:c5n7we72wcxfugdu3ijjyhpy err=HttpError('InvalidRequest: Could not find repo: did:plc:c5n7we72wcxfugdu3ijjyhpy')
2026-02-27T09:27:28Z WARNING bsky_collector_v2.job.index_feed_generators: listRecords failed repo=did:plc:c77a3zz3wsdsp3tdtmltbhwt err=HttpError('InvalidRequest: Could not find repo: did:plc:c77a3zz3wsdsp3tdtmltbhwt')
2026-02-27T09:27:28Z WARNING bsky_collector_v2.job.index_feed_generators: listRecords failed repo=did:plc:cyle2ulr2kq4se4zsveg5sgt err=HttpError('InvalidRequest: Could not find repo: did:plc:cyle2ulr2kq4se4zsveg5sgt')
2026-02-27T09:27:28Z WARNING bsky_collector_v2.job.index_feed_generators: listRecords failed repo=did:plc:du35wiajhlmr6ss3ewsklqsk err=HttpError('InvalidRequest: Could not find repo: did:plc:du35wiajhlmr6ss3ewsklqsk')
2026-02-27T09:27:28Z WARNING bsky_collector_v2.job.index_feed_generators: listRecords failed repo=did:plc:elr74xrjisisinmhggf72qlh err=HttpError('InvalidRequest: Could not find repo: did:plc:elr74xrjisisinmhggf72qlh')
2026-02-27T09:27:28Z WARNING bsky_collector_v2.job.index_feed_generators: listRecords failed repo=did:plc:f2vjihwdknyv2oc3hdpi2tew err=HttpError('InvalidRequest: Could not find repo: did:plc:f2vjihwdknyv2oc3hdpi2tew')
2026-02-27T09:27:28Z WARNING bsky_collector_v2.job.index_feed_generators: listRecords failed repo=did:plc:fmrwnjngwbewfya6ywb3lvrt err=HttpError('InvalidRequest: Could not find repo: did:plc:fmrwnjngwbewfya6ywb3lvrt')
2026-02-27T09:27:29Z WARNING bsky_collector_v2.job.index_feed_generators: listRecords failed repo=did:plc:gqcpffaretmzlcouvbo7wrwf err=HttpError('InvalidRequest: Could not find repo: did:plc:gqcpffaretmzlcouvbo7wrwf')
2026-02-27T09:27:29Z WARNING bsky_collector_v2.job.index_feed_generators: listRecords failed repo=did:plc:hqrp3bp646mj75ja6ivzejnv err=HttpError('InvalidRequest: Could not find repo: did:plc:hqrp3bp646mj75ja6ivzejnv')
2026-02-27T09:27:29Z WARNING bsky_collector_v2.job.index_feed_generators: listRecords failed repo=did:plc:htrrjjirvwsr5lmarwqfubbv err=HttpError('InvalidRequest: Could not find repo: did:plc:htrrjjirvwsr5lmarwqfubbv')
2026-02-27T09:27:29Z WARNING bsky_collector_v2.job.index_feed_generators: listRecords failed repo=did:plc:hwbozklfu5sam3aor2g4rwio err=HttpError('InvalidRequest: Could not find repo: did:plc:hwbozklfu5sam3aor2g4rwio')
2026-02-27T09:27:29Z WARNING bsky_collector_v2.job.index_feed_generators: listRecords failed repo=did:plc:ibisvuqozlnq4ea2q5ytydvx err=HttpError('InvalidRequest: Could not find repo: did:plc:ibisvuqozlnq4ea2q5ytydvx')
2026-02-27T09:27:29Z WARNING bsky_collector_v2.job.index_feed_generators: listRecords failed repo=did:plc:ihc7vd5uraovxltgclwtlzin err=HttpError('InvalidRequest: Could not find repo: did:plc:ihc7vd5uraovxltgclwtlzin')
2026-02-27T09:27:29Z WARNING bsky_collector_v2.job.index_feed_generators: listRecords failed repo=did:plc:iqf7itv7b4xjjjs5r5sci2vl err=HttpError('InvalidRequest: Could not find repo: did:plc:iqf7itv7b4xjjjs5r5sci2vl')
2026-02-27T09:27:29Z WARNING bsky_collector_v2.job.index_feed_generators: listRecords failed repo=did:plc:jabbpku2n4fffkabapvmaor3 err=HttpError('InvalidRequest: Could not find repo: did:plc:jabbpku2n4fffkabapvmaor3')
2026-02-27T09:27:29Z WARNING bsky_collector_v2.job.index_feed_generators: listRecords failed repo=did:plc:jfgb3egkbby33hwjudbqzioy err=HttpError('InvalidRequest: Could not find repo: did:plc:jfgb3egkbby33hwjudbqzioy')
2026-02-27T09:27:29Z WARNING bsky_collector_v2.job.index_feed_generators: listRecords failed repo=did:plc:jfixcgmw3iwymldynwt7tzqu err=HttpError('InvalidRequest: Could not find repo: did:plc:jfixcgmw3iwymldynwt7tzqu')
2026-02-27T09:27:29Z WARNING bsky_collector_v2.job.index_feed_generators: listRecords failed repo=did:plc:jj537jyjoonodxzvqt7ss5x2 err=HttpError('InvalidRequest: Could not find repo: did:plc:jj537jyjoonodxzvqt7ss5x2')
2026-02-27T09:27:30Z WARNING bsky_collector_v2.job.index_feed_generators: listRecords failed repo=did:plc:lp77gega3rqjzddl5lbh6vi6 err=HttpError('InvalidRequest: Could not find repo: did:plc:lp77gega3rqjzddl5lbh6vi6')
2026-02-27T09:27:30Z WARNING bsky_collector_v2.job.index_feed_generators: listRecords failed repo=did:plc:lv3vrkorehgv732gowszv5sy err=HttpError('InvalidRequest: Could not find repo: did:plc:lv3vrkorehgv732gowszv5sy')
2026-02-27T09:27:30Z WARNING bsky_collector_v2.job.index_feed_generators: listRecords failed repo=did:plc:lywyirfzi2gfg3dlak7cdjay err=HttpError('InvalidRequest: Could not find repo: did:plc:lywyirfzi2gfg3dlak7cdjay')
2026-02-27T09:27:30Z WARNING bsky_collector_v2.job.index_feed_generators: listRecords failed repo=did:plc:mc7puedngsekgmzzf465qqln err=HttpError('InvalidRequest: Could not find repo: did:plc:mc7puedngsekgmzzf465qqln')
2026-02-27T09:27:30Z WARNING bsky_collector_v2.job.index_feed_generators: listRecords failed repo=did:plc:me5wrb25lazeradug7qyokms err=HttpError('InvalidRequest: Could not find repo: did:plc:me5wrb25lazeradug7qyokms')
2026-02-27T09:27:30Z WARNING bsky_collector_v2.job.index_feed_generators: listRecords failed repo=did:plc:mggfo6oh3u5rzdmakrgksvvm err=HttpError('InvalidRequest: Could not find repo: did:plc:mggfo6oh3u5rzdmakrgksvvm')
2026-02-27T09:27:30Z WARNING bsky_collector_v2.job.index_feed_generators: listRecords failed repo=did:plc:ng2bzc6iefrrz5jjvkxq4ibg err=HttpError('InvalidRequest: Could not find repo: did:plc:ng2bzc6iefrrz5jjvkxq4ibg')
2026-02-27T09:27:30Z WARNING bsky_collector_v2.job.index_feed_generators: listRecords failed repo=did:plc:o22c72jjycewhhfdwcgki3vo err=HttpError('InvalidRequest: Could not find repo: did:plc:o22c72jjycewhhfdwcgki3vo')
2026-02-27T09:27:30Z WARNING bsky_collector_v2.job.index_feed_generators: listRecords failed repo=did:plc:oupjuigzesbu7uyszn3vhxae err=HttpError('InvalidRequest: Could not find repo: did:plc:oupjuigzesbu7uyszn3vhxae')
2026-02-27T09:27:30Z WARNING bsky_collector_v2.job.index_feed_generators: listRecords failed repo=did:plc:pbalrzsupsomqj3jt3k5nlqg err=HttpError('InvalidRequest: Could not find repo: did:plc:pbalrzsupsomqj3jt3k5nlqg')
2026-02-27T09:27:31Z WARNING bsky_collector_v2.job.index_feed_generators: listRecords failed repo=did:plc:q3zatnwerq4zlsvss663ovxr err=HttpError('InvalidRequest: Could not find repo: did:plc:q3zatnwerq4zlsvss663ovxr')
2026-02-27T09:27:31Z WARNING bsky_collector_v2.job.index_feed_generators: listRecords failed repo=did:plc:qaobxslcietflvg434nlhtn2 err=HttpError('InvalidRequest: Could not find repo: did:plc:qaobxslcietflvg434nlhtn2')
2026-02-27T09:27:31Z WARNING bsky_collector_v2.job.index_feed_generators: listRecords failed repo=did:plc:qbvta655oxsv6misjibz6jyh err=HttpError('InvalidRequest: Could not find repo: did:plc:qbvta655oxsv6misjibz6jyh')
2026-02-27T09:27:31Z WARNING bsky_collector_v2.job.index_feed_generators: listRecords failed repo=did:plc:qhitichl7i6el27kbdb5cv3x err=HttpError('InvalidRequest: Could not find repo: did:plc:qhitichl7i6el27kbdb5cv3x')
2026-02-27T09:27:31Z WARNING bsky_collector_v2.job.index_feed_generators: listRecords failed repo=did:plc:qxpjfwunkjwop2iak5q54rix err=HttpError('InvalidRequest: Could not find repo: did:plc:qxpjfwunkjwop2iak5q54rix')
2026-02-27T09:27:31Z WARNING bsky_collector_v2.job.index_feed_generators: listRecords failed repo=did:plc:rb66yy5akhfzvpl5ztwwr76s err=HttpError('InvalidRequest: Could not find repo: did:plc:rb66yy5akhfzvpl5ztwwr76s')
2026-02-27T09:27:31Z WARNING bsky_collector_v2.job.index_feed_generators: listRecords failed repo=did:plc:samallgyfrvwujag5ikabejr err=HttpError('InvalidRequest: Could not find repo: did:plc:samallgyfrvwujag5ikabejr')
2026-02-27T09:27:31Z WARNING bsky_collector_v2.job.index_feed_generators: listRecords failed repo=did:plc:sl6alhmu3a3qhus3uzz5xqeq err=HttpError('InvalidRequest: Could not find repo: did:plc:sl6alhmu3a3qhus3uzz5xqeq')
2026-02-27T09:27:31Z WARNING bsky_collector_v2.job.index_feed_generators: listRecords failed repo=did:plc:snfhbkkmmybdn5l6goyvfcjl err=HttpError('InvalidRequest: Could not find repo: did:plc:snfhbkkmmybdn5l6goyvfcjl')
2026-02-27T09:27:31Z WARNING bsky_collector_v2.job.index_feed_generators: listRecords failed repo=did:plc:stph3vj5h7cexjujvd4tqpfz err=HttpError('InvalidRequest: Could not find repo: did:plc:stph3vj5h7cexjujvd4tqpfz')
2026-02-27T09:27:32Z WARNING bsky_collector_v2.job.index_feed_generators: listRecords failed repo=did:plc:uhi4va37dc3r75pus77xxatv err=HttpError('InvalidRequest: Could not find repo: did:plc:uhi4va37dc3r75pus77xxatv')
2026-02-27T09:27:32Z WARNING bsky_collector_v2.job.index_feed_generators: listRecords failed repo=did:plc:urp2dxgrewdspgay4w6tj6id err=HttpError('InvalidRequest: Could not find repo: did:plc:urp2dxgrewdspgay4w6tj6id')
2026-02-27T09:27:32Z WARNING bsky_collector_v2.job.index_feed_generators: listRecords failed repo=did:plc:v65cinwblcq544kpptaqhrab err=HttpError('InvalidRequest: Could not find repo: did:plc:v65cinwblcq544kpptaqhrab')
2026-02-27T09:27:32Z WARNING bsky_collector_v2.job.index_feed_generators: listRecords failed repo=did:plc:webypphb3aesskeki5rmhf5y err=HttpError('InvalidRequest: Could not find repo: did:plc:webypphb3aesskeki5rmhf5y')
2026-02-27T09:27:32Z WARNING bsky_collector_v2.job.index_feed_generators: listRecords failed repo=did:plc:wwsh2coxokq5e45qsorxcwge err=HttpError('InvalidRequest: Could not find repo: did:plc:wwsh2coxokq5e45qsorxcwge')
2026-02-27T09:27:32Z WARNING bsky_collector_v2.job.index_feed_generators: listRecords failed repo=did:plc:wzxbpnlfabvwms6nzbrqvkxr err=HttpError('InvalidRequest: Could not find repo: did:plc:wzxbpnlfabvwms6nzbrqvkxr')
2026-02-27T09:27:32Z WARNING bsky_collector_v2.job.index_feed_generators: listRecords failed repo=did:plc:xsceach5327f2xvbzoey2x5f err=HttpError('InvalidRequest: Could not find repo: did:plc:xsceach5327f2xvbzoey2x5f')
2026-02-27T09:27:32Z WARNING bsky_collector_v2.job.index_feed_generators: listRecords failed repo=did:plc:xtcqp6swimpwntulpmnid2wb err=HttpError('InvalidRequest: Could not find repo: did:plc:xtcqp6swimpwntulpmnid2wb')
2026-02-27T09:27:32Z WARNING bsky_collector_v2.job.index_feed_generators: listRecords failed repo=did:plc:xvvn77afnfp26cwscnvclash err=HttpError('InvalidRequest: Could not find repo: did:plc:xvvn77afnfp26cwscnvclash')
2026-02-27T09:27:32Z WARNING bsky_collector_v2.job.index_feed_generators: listRecords failed repo=did:plc:ygi2ljpapr2syrdy26sb322h err=HttpError('InvalidRequest: Could not find repo: did:plc:ygi2ljpapr2syrdy26sb322h')
2026-02-27T09:27:32Z WARNING bsky_collector_v2.job.index_feed_generators: listRecords failed repo=did:plc:yp2u73h5zpjdst6unkfqf2vn err=HttpError('InvalidRequest: Could not find repo: did:plc:yp2u73h5zpjdst6unkfqf2vn')
2026-02-27T09:27:32Z WARNING bsky_collector_v2.job.index_feed_generators: listRecords failed repo=did:plc:zoasrjjpgvvxrrzcpaf24bsn err=HttpError('InvalidRequest: Could not find repo: did:plc:zoasrjjpgvvxrrzcpaf24bsn')
2026-02-27T09:27:33Z WARNING bsky_collector_v2.job.index_feed_generators: listRecords failed repo=did:plc:zra7bsvnd2xqwyp6narezghy err=HttpError('InvalidRequest: Could not find repo: did:plc:zra7bsvnd2xqwyp6narezghy')
2026-02-27T09:27:33Z INFO bsky_collector_v2.job.index_feed_generators: enqueued repos page=4 mode=listRepos inserted=500 repos_returned=500 next_cursor=set
2026-02-27T09:27:33Z WARNING bsky_collector_v2.job.index_feed_generators: listRecords failed repo=did:plc:22n7xca5gaog4udjmeeyilsp err=HttpError('InvalidRequest: Could not find repo: did:plc:22n7xca5gaog4udjmeeyilsp')
2026-02-27T09:27:34Z WARNING bsky_collector_v2.job.index_feed_generators: listRecords failed repo=did:plc:26iyp56heu4l6isjyivtjosq err=HttpError('InvalidRequest: Could not find repo: did:plc:26iyp56heu4l6isjyivtjosq')
2026-02-27T09:27:34Z WARNING bsky_collector_v2.job.index_feed_generators: listRecords failed repo=did:plc:2hzru6rihng2uyyuj77yhlzi err=HttpError('InvalidRequest: Could not find repo: did:plc:2hzru6rihng2uyyuj77yhlzi')
2026-02-27T09:27:35Z WARNING bsky_collector_v2.job.index_feed_generators: listRecords failed repo=did:plc:2iukxskr7almilbbcpux5sgn err=HttpError('InvalidRequest: Could not find repo: did:plc:2iukxskr7almilbbcpux5sgn')
2026-02-27T09:27:35Z WARNING bsky_collector_v2.job.index_feed_generators: listRecords failed repo=did:plc:2sw7wfzl2phniwzwfmgdbhdf err=HttpError('InvalidRequest: Could not find repo: did:plc:2sw7wfzl2phniwzwfmgdbhdf')
2026-02-27T09:27:38Z WARNING bsky_collector_v2.job.index_feed_generators: listRecords failed repo=did:plc:3rosorhetotz7xpj36sceq7m err=HttpError('InvalidRequest: Could not find repo: did:plc:3rosorhetotz7xpj36sceq7m')
2026-02-27T09:27:39Z WARNING bsky_collector_v2.job.index_feed_generators: listRecords failed repo=did:plc:3xqpdohoymiqebded3d7wybb err=HttpError('InvalidRequest: Could not find repo: did:plc:3xqpdohoymiqebded3d7wybb')
2026-02-27T09:27:40Z WARNING bsky_collector_v2.job.index_feed_generators: listRecords failed repo=did:plc:4ltpqpp4yzdewtev5uiagzv2 err=HttpError('InvalidRequest: Could not find repo: did:plc:4ltpqpp4yzdewtev5uiagzv2')
2026-02-27T09:27:40Z WARNING bsky_collector_v2.job.index_feed_generators: listRecords failed repo=did:plc:4r2lvd3ldznc6f2gmeh4ilju err=HttpError('InvalidRequest: Could not find repo: did:plc:4r2lvd3ldznc6f2gmeh4ilju')
2026-02-27T09:27:41Z WARNING bsky_collector_v2.job.index_feed_generators: listRecords failed repo=did:plc:4w3jojcdpy6vpiw666amc47l err=HttpError('InvalidRequest: Could not find repo: did:plc:4w3jojcdpy6vpiw666amc47l')
2026-02-27T09:27:41Z WARNING bsky_collector_v2.job.index_feed_generators: listRecords failed repo=did:plc:4wczbqib4wpuscw5dlasufqp err=HttpError('InvalidRequest: Could not find repo: did:plc:4wczbqib4wpuscw5dlasufqp')
2026-02-27T09:27:44Z WARNING bsky_collector_v2.job.index_feed_generators: listRecords failed repo=did:plc:5luqwlxwv4sy5jdngqhlaakp err=HttpError('InvalidRequest: Could not find repo: did:plc:5luqwlxwv4sy5jdngqhlaakp')
2026-02-27T09:27:45Z INFO bsky_collector_v2.job.index_feed_generators: indexed repo=did:plc:6l4zpd5nq33345nqyqjbqenm part=358 records=1 next_cursor=set
2026-02-27T09:27:46Z WARNING bsky_collector_v2.job.index_feed_generators: listRecords failed repo=did:plc:7gnvun5x2pq4egjhe2ujxvil err=HttpError('InvalidRequest: Could not find repo: did:plc:7gnvun5x2pq4egjhe2ujxvil')
2026-02-27T09:27:47Z WARNING bsky_collector_v2.job.index_feed_generators: listRecords failed repo=did:plc:a46d7vfhcfrk3a7cbyqbashj err=HttpError('InvalidRequest: Could not find repo: did:plc:a46d7vfhcfrk3a7cbyqbashj')
2026-02-27T09:27:49Z WARNING bsky_collector_v2.job.index_feed_generators: listRecords failed repo=did:plc:appzga26xqsvngajlan4zlfo err=HttpError('InvalidRequest: Could not find repo: did:plc:appzga26xqsvngajlan4zlfo')
2026-02-27T09:27:50Z WARNING bsky_collector_v2.job.index_feed_generators: listRecords failed repo=did:plc:awingc5r4ugfusb6bbyaqcpc err=HttpError('InvalidRequest: Could not find repo: did:plc:awingc5r4ugfusb6bbyaqcpc')
2026-02-27T09:27:50Z WARNING bsky_collector_v2.job.index_feed_generators: listRecords failed repo=did:plc:bamy3tjvztyuafkcybs44hgc err=HttpError('InvalidRequest: Could not find repo: did:plc:bamy3tjvztyuafkcybs44hgc')
2026-02-27T09:27:52Z WARNING bsky_collector_v2.job.index_feed_generators: listRecords failed repo=did:plc:btemdc7vgnnyctdlm5aduqva err=HttpError('InvalidRequest: Could not find repo: did:plc:btemdc7vgnnyctdlm5aduqva')
2026-02-27T09:27:52Z WARNING bsky_collector_v2.job.index_feed_generators: listRecords failed repo=did:plc:bupwppzoxabfdf7nkglbizyh err=HttpError('InvalidRequest: Could not find repo: did:plc:bupwppzoxabfdf7nkglbizyh')
2026-02-27T09:27:53Z WARNING bsky_collector_v2.job.index_feed_generators: listRecords failed repo=did:plc:bw456ovw57t2pex4z5wep4jo err=HttpError('InvalidRequest: Could not find repo: did:plc:bw456ovw57t2pex4z5wep4jo')
2026-02-27T09:27:53Z WARNING bsky_collector_v2.job.index_feed_generators: listRecords failed repo=did:plc:c54udtxp2l7otkjonkalijr2 err=HttpError('InvalidRequest: Could not find repo: did:plc:c54udtxp2l7otkjonkalijr2')
2026-02-27T09:27:54Z WARNING bsky_collector_v2.job.index_feed_generators: listRecords failed repo=did:plc:ctipukv4sf6gsvr2owg7tbbz err=HttpError('InvalidRequest: Could not find repo: did:plc:ctipukv4sf6gsvr2owg7tbbz')
2026-02-27T09:27:55Z WARNING bsky_collector_v2.job.index_feed_generators: listRecords failed repo=did:plc:d34xvp5am7q6bv3psspf7p63 err=HttpError('InvalidRequest: Could not find repo: did:plc:d34xvp5am7q6bv3psspf7p63')
2026-02-27T09:27:56Z WARNING bsky_collector_v2.job.index_feed_generators: listRecords failed repo=did:plc:dr5v56e5w4hoe7s5by7i6g6b err=HttpError('InvalidRequest: Could not find repo: did:plc:dr5v56e5w4hoe7s5by7i6g6b')
2026-02-27T09:27:58Z WARNING bsky_collector_v2.job.index_feed_generators: listRecords failed repo=did:plc:edgwzd3oi3fqkn3q3y5lbldn err=HttpError('InvalidRequest: Could not find repo: did:plc:edgwzd3oi3fqkn3q3y5lbldn')
2026-02-27T09:27:58Z WARNING bsky_collector_v2.job.index_feed_generators: listRecords failed repo=did:plc:ei4svsnqv2wx2psnref3a45z err=HttpError('InvalidRequest: Could not find repo: did:plc:ei4svsnqv2wx2psnref3a45z')
2026-02-27T09:27:58Z WARNING bsky_collector_v2.job.index_feed_generators: listRecords failed repo=did:plc:ejz7hdsll4mrw4ml6vrz266b err=HttpError('InvalidRequest: Could not find repo: did:plc:ejz7hdsll4mrw4ml6vrz266b')
2026-02-27T09:27:59Z WARNING bsky_collector_v2.job.index_feed_generators: listRecords failed repo=did:plc:etd67kan7fvksblmiluvoc3n err=HttpError('InvalidRequest: Could not find repo: did:plc:etd67kan7fvksblmiluvoc3n')
2026-02-27T09:28:00Z WARNING bsky_collector_v2.job.index_feed_generators: listRecords failed repo=did:plc:fftpdtoifjvzyyy5sgmouxfz err=HttpError('InvalidRequest: Could not find repo: did:plc:fftpdtoifjvzyyy5sgmouxfz')
2026-02-27T09:28:02Z WARNING bsky_collector_v2.job.index_feed_generators: listRecords failed repo=did:plc:gawebrubjk6a4kfszmn4sl5d err=HttpError('InvalidRequest: Could not find repo: did:plc:gawebrubjk6a4kfszmn4sl5d')
2026-02-27T09:28:03Z WARNING bsky_collector_v2.job.index_feed_generators: listRecords failed repo=did:plc:gno3huhcehk27thyrqowfx5h err=HttpError('InvalidRequest: Could not find repo: did:plc:gno3huhcehk27thyrqowfx5h')
2026-02-27T09:28:04Z WARNING bsky_collector_v2.job.index_feed_generators: listRecords failed repo=did:plc:gvg66zhtummshen3rggqagjn err=HttpError('InvalidRequest: Could not find repo: did:plc:gvg66zhtummshen3rggqagjn')
2026-02-27T09:28:06Z WARNING bsky_collector_v2.job.index_feed_generators: listRecords failed repo=did:plc:hddzl4cl6uujvitnhmqi2u5p err=HttpError('InvalidRequest: Could not find repo: did:plc:hddzl4cl6uujvitnhmqi2u5p')
2026-02-27T09:28:06Z WARNING bsky_collector_v2.job.index_feed_generators: listRecords failed repo=did:plc:hdmax36bocmjver6oikrzgpt err=HttpError('InvalidRequest: Could not find repo: did:plc:hdmax36bocmjver6oikrzgpt')
2026-02-27T09:28:06Z WARNING bsky_collector_v2.job.index_feed_generators: listRecords failed repo=did:plc:hivp4edlgez565v3fa6fna4k err=HttpError('InvalidRequest: Could not find repo: did:plc:hivp4edlgez565v3fa6fna4k')
2026-02-27T09:28:09Z WARNING bsky_collector_v2.job.index_feed_generators: listRecords failed repo=did:plc:hydiz7lzc6g2rlgvik4fjd56 err=HttpError('InvalidRequest: Could not find repo: did:plc:hydiz7lzc6g2rlgvik4fjd56')
2026-02-27T09:28:09Z WARNING bsky_collector_v2.job.index_feed_generators: listRecords failed repo=did:plc:i3wqisvr25xjeqycpirzhdxp err=HttpError('InvalidRequest: Could not find repo: did:plc:i3wqisvr25xjeqycpirzhdxp')
2026-02-27T09:28:10Z WARNING bsky_collector_v2.job.index_feed_generators: listRecords failed repo=did:plc:idxutfxg4xofujaunet5nx6o err=HttpError('InvalidRequest: Could not find repo: did:plc:idxutfxg4xofujaunet5nx6o')
2026-02-27T09:28:13Z WARNING bsky_collector_v2.job.index_feed_generators: listRecords failed repo=did:plc:jm725gwvfspt23qe3ma5tkee err=HttpError('InvalidRequest: Could not find repo: did:plc:jm725gwvfspt23qe3ma5tkee')
2026-02-27T09:28:14Z WARNING bsky_collector_v2.job.index_feed_generators: listRecords failed repo=did:plc:jogxjqimt5heibvmqgx2pdzq err=HttpError('InvalidRequest: Could not find repo: did:plc:jogxjqimt5heibvmqgx2pdzq')
2026-02-27T09:28:15Z WARNING bsky_collector_v2.job.index_feed_generators: listRecords failed repo=did:plc:kaba2a45pz37cilnsbwvjv5z err=HttpError('InvalidRequest: Could not find repo: did:plc:kaba2a45pz37cilnsbwvjv5z')
2026-02-27T09:28:16Z WARNING bsky_collector_v2.job.index_feed_generators: listRecords failed repo=did:plc:knrh3lmppbhi4pm76nsrkxur err=HttpError('InvalidRequest: Could not find repo: did:plc:knrh3lmppbhi4pm76nsrkxur')
2026-02-27T09:28:16Z WARNING bsky_collector_v2.job.index_feed_generators: listRecords failed repo=did:plc:kqzxysls6236lug2d2vopr3r err=HttpError('InvalidRequest: Could not find repo: did:plc:kqzxysls6236lug2d2vopr3r')
2026-02-27T09:28:16Z WARNING bsky_collector_v2.job.index_feed_generators: listRecords failed repo=did:plc:krjfa3nwuxbylobsza2uhibr err=HttpError('InvalidRequest: Could not find repo: did:plc:krjfa3nwuxbylobsza2uhibr')
2026-02-27T09:28:17Z WARNING bsky_collector_v2.job.index_feed_generators: listRecords failed repo=did:plc:kw53f2fbhplfnoz76pi4sful err=HttpError('InvalidRequest: Could not find repo: did:plc:kw53f2fbhplfnoz76pi4sful')
2026-02-27T09:28:19Z WARNING bsky_collector_v2.job.index_feed_generators: listRecords failed repo=did:plc:lrhut47taan5r4vdjtxopoi2 err=HttpError('InvalidRequest: Could not find repo: did:plc:lrhut47taan5r4vdjtxopoi2')
2026-02-27T09:28:19Z WARNING bsky_collector_v2.job.index_feed_generators: listRecords failed repo=did:plc:lsr7ghcwur744abjvdmzfcqu err=HttpError('InvalidRequest: Could not find repo: did:plc:lsr7ghcwur744abjvdmzfcqu')
2026-02-27T09:28:21Z WARNING bsky_collector_v2.job.index_feed_generators: listRecords failed repo=did:plc:mccuqvb6k2sjskfhone4ksye err=HttpError('InvalidRequest: Could not find repo: did:plc:mccuqvb6k2sjskfhone4ksye')
2026-02-27T09:28:22Z WARNING bsky_collector_v2.job.index_feed_generators: listRecords failed repo=did:plc:ml3fip75tl3mw453ec4rftes err=HttpError('InvalidRequest: Could not find repo: did:plc:ml3fip75tl3mw453ec4rftes')
2026-02-27T09:28:24Z WARNING bsky_collector_v2.job.index_feed_generators: listRecords failed repo=did:plc:n4ib4pdx3z4ko6lai6evuuch err=HttpError('InvalidRequest: Could not find repo: did:plc:n4ib4pdx3z4ko6lai6evuuch')
2026-02-27T09:28:26Z WARNING bsky_collector_v2.job.index_feed_generators: listRecords failed repo=did:plc:nlaokh3zee3lu2bbkyhnr633 err=HttpError('InvalidRequest: Could not find repo: did:plc:nlaokh3zee3lu2bbkyhnr633')
2026-02-27T09:28:27Z WARNING bsky_collector_v2.job.index_feed_generators: listRecords failed repo=did:plc:npwiqyuslp2nsj2jb5versx5 err=HttpError('InvalidRequest: Could not find repo: did:plc:npwiqyuslp2nsj2jb5versx5')
2026-02-27T09:28:27Z WARNING bsky_collector_v2.job.index_feed_generators: listRecords failed repo=did:plc:nqjnznoqcxmy7tdzh52yqctb err=HttpError('InvalidRequest: Could not find repo: did:plc:nqjnznoqcxmy7tdzh52yqctb')
2026-02-27T09:28:28Z WARNING bsky_collector_v2.job.index_feed_generators: listRecords failed repo=did:plc:o73cvyo4jdx5upfhehx2mqms err=HttpError('InvalidRequest: Could not find repo: did:plc:o73cvyo4jdx5upfhehx2mqms')
2026-02-27T09:28:29Z INFO bsky_collector_v2.job.index_feed_generators: indexed repo=did:plc:oa44jzgg5nogzb3ij4w7i42v part=359 records=1 next_cursor=set
2026-02-27T09:28:31Z WARNING bsky_collector_v2.job.index_feed_generators: listRecords failed repo=did:plc:os2yj6ghvu7qxpkhmbxmpaki err=HttpError('InvalidRequest: Could not find repo: did:plc:os2yj6ghvu7qxpkhmbxmpaki')
2026-02-27T09:28:31Z WARNING bsky_collector_v2.job.index_feed_generators: listRecords failed repo=did:plc:ox3k7vmls263hr3uj4y2mkj2 err=HttpError('InvalidRequest: Could not find repo: did:plc:ox3k7vmls263hr3uj4y2mkj2')
2026-02-27T09:28:38Z WARNING bsky_collector_v2.job.index_feed_generators: listRecords failed repo=did:plc:r777rfqjbmvefa2tagfn6g42 err=HttpError('InvalidRequest: Could not find repo: did:plc:r777rfqjbmvefa2tagfn6g42')
2026-02-27T09:28:41Z WARNING bsky_collector_v2.job.index_feed_generators: listRecords failed repo=did:plc:sc2bk3emw72kfxsqb333562c err=HttpError('InvalidRequest: Could not find repo: did:plc:sc2bk3emw72kfxsqb333562c')
2026-02-27T09:28:44Z WARNING bsky_collector_v2.job.index_feed_generators: listRecords failed repo=did:plc:t2ozltd74bcnwallawnhbhp3 err=HttpError('InvalidRequest: Could not find repo: did:plc:t2ozltd74bcnwallawnhbhp3')
2026-02-27T09:28:44Z WARNING bsky_collector_v2.job.index_feed_generators: listRecords failed repo=did:plc:tdgvli62ikgdm6h4sjgfc3xu err=HttpError('InvalidRequest: Could not find repo: did:plc:tdgvli62ikgdm6h4sjgfc3xu')
2026-02-27T09:28:45Z WARNING bsky_collector_v2.job.index_feed_generators: listRecords failed repo=did:plc:tk3arjce5v2l7gvkbgmyuava err=HttpError('InvalidRequest: Could not find repo: did:plc:tk3arjce5v2l7gvkbgmyuava')
2026-02-27T09:28:45Z WARNING bsky_collector_v2.job.index_feed_generators: listRecords failed repo=did:plc:tt4iq6bziywsztupjz4pv24l err=HttpError('InvalidRequest: Could not find repo: did:plc:tt4iq6bziywsztupjz4pv24l')
2026-02-27T09:28:45Z WARNING bsky_collector_v2.job.index_feed_generators: listRecords failed repo=did:plc:tvdamc63ohs44w7ufdjoerpy err=HttpError('InvalidRequest: Could not find repo: did:plc:tvdamc63ohs44w7ufdjoerpy')
2026-02-27T09:28:46Z WARNING bsky_collector_v2.job.index_feed_generators: listRecords failed repo=did:plc:ulu2eisigpiqtauwfskmh37x err=HttpError('InvalidRequest: Could not find repo: did:plc:ulu2eisigpiqtauwfskmh37x')
2026-02-27T09:28:48Z WARNING bsky_collector_v2.job.index_feed_generators: listRecords failed repo=did:plc:v2rgyhl6z5pzcgql2ibbulcn err=HttpError('InvalidRequest: Could not find repo: did:plc:v2rgyhl6z5pzcgql2ibbulcn')
2026-02-27T09:28:49Z WARNING bsky_collector_v2.job.index_feed_generators: listRecords failed repo=did:plc:vf4gwskjc2ubmc2kwwr56op4 err=HttpError('InvalidRequest: Could not find repo: did:plc:vf4gwskjc2ubmc2kwwr56op4')
2026-02-27T09:28:50Z WARNING bsky_collector_v2.job.index_feed_generators: listRecords failed repo=did:plc:vlpjkfzjfa2bqbsdyflzyz5t err=HttpError('InvalidRequest: Could not find repo: did:plc:vlpjkfzjfa2bqbsdyflzyz5t')
2026-02-27T09:28:51Z WARNING bsky_collector_v2.job.index_feed_generators: listRecords failed repo=did:plc:vsr6dn3f3a54oos4ach7oeib err=HttpError('InvalidRequest: Could not find repo: did:plc:vsr6dn3f3a54oos4ach7oeib')
2026-02-27T09:28:57Z WARNING bsky_collector_v2.job.index_feed_generators: listRecords failed repo=did:plc:xsbtszlanajhzpte4pylrc3o err=HttpError('InvalidRequest: Could not find repo: did:plc:xsbtszlanajhzpte4pylrc3o')
2026-02-27T09:28:59Z WARNING bsky_collector_v2.job.index_feed_generators: listRecords failed repo=did:plc:ygbongde5vpzqbfercuaihbp err=HttpError('InvalidRequest: Could not find repo: did:plc:ygbongde5vpzqbfercuaihbp')
2026-02-27T09:29:00Z WARNING bsky_collector_v2.job.index_feed_generators: listRecords failed repo=did:plc:ynvtb32tfixq6qk2h26sntdb err=HttpError('InvalidRequest: Could not find repo: did:plc:ynvtb32tfixq6qk2h26sntdb')
2026-02-27T09:29:02Z WARNING bsky_collector_v2.job.index_feed_generators: listRecords failed repo=did:plc:z5tdilzjfw5jwtkpseqb4ti2 err=HttpError('InvalidRequest: Could not find repo: did:plc:z5tdilzjfw5jwtkpseqb4ti2')
2026-02-27T09:29:05Z WARNING bsky_collector_v2.job.index_feed_generators: listRecords failed repo=did:plc:22n7xca5gaog4udjmeeyilsp err=HttpError('InvalidRequest: Could not find repo: did:plc:22n7xca5gaog4udjmeeyilsp')
2026-02-27T09:29:05Z WARNING bsky_collector_v2.job.index_feed_generators: listRecords failed repo=did:plc:26iyp56heu4l6isjyivtjosq err=HttpError('InvalidRequest: Could not find repo: did:plc:26iyp56heu4l6isjyivtjosq')
2026-02-27T09:29:05Z WARNING bsky_collector_v2.job.index_feed_generators: listRecords failed repo=did:plc:2hzru6rihng2uyyuj77yhlzi err=HttpError('InvalidRequest: Could not find repo: did:plc:2hzru6rihng2uyyuj77yhlzi')
2026-02-27T09:29:05Z WARNING bsky_collector_v2.job.index_feed_generators: listRecords failed repo=did:plc:2iukxskr7almilbbcpux5sgn err=HttpError('InvalidRequest: Could not find repo: did:plc:2iukxskr7almilbbcpux5sgn')
2026-02-27T09:29:05Z WARNING bsky_collector_v2.job.index_feed_generators: listRecords failed repo=did:plc:2sw7wfzl2phniwzwfmgdbhdf err=HttpError('InvalidRequest: Could not find repo: did:plc:2sw7wfzl2phniwzwfmgdbhdf')
2026-02-27T09:29:05Z WARNING bsky_collector_v2.job.index_feed_generators: listRecords failed repo=did:plc:3rosorhetotz7xpj36sceq7m err=HttpError('InvalidRequest: Could not find repo: did:plc:3rosorhetotz7xpj36sceq7m')
2026-02-27T09:29:05Z WARNING bsky_collector_v2.job.index_feed_generators: listRecords failed repo=did:plc:3xqpdohoymiqebded3d7wybb err=HttpError('InvalidRequest: Could not find repo: did:plc:3xqpdohoymiqebded3d7wybb')
2026-02-27T09:29:05Z WARNING bsky_collector_v2.job.index_feed_generators: listRecords failed repo=did:plc:4ltpqpp4yzdewtev5uiagzv2 err=HttpError('InvalidRequest: Could not find repo: did:plc:4ltpqpp4yzdewtev5uiagzv2')
2026-02-27T09:29:05Z WARNING bsky_collector_v2.job.index_feed_generators: listRecords failed repo=did:plc:4r2lvd3ldznc6f2gmeh4ilju err=HttpError('InvalidRequest: Could not find repo: did:plc:4r2lvd3ldznc6f2gmeh4ilju')
2026-02-27T09:29:05Z WARNING bsky_collector_v2.job.index_feed_generators: listRecords failed repo=did:plc:4w3jojcdpy6vpiw666amc47l err=HttpError('InvalidRequest: Could not find repo: did:plc:4w3jojcdpy6vpiw666amc47l')
2026-02-27T09:29:05Z WARNING bsky_collector_v2.job.index_feed_generators: listRecords failed repo=did:plc:4wczbqib4wpuscw5dlasufqp err=HttpError('InvalidRequest: Could not find repo: did:plc:4wczbqib4wpuscw5dlasufqp')
2026-02-27T09:29:05Z WARNING bsky_collector_v2.job.index_feed_generators: listRecords failed repo=did:plc:5luqwlxwv4sy5jdngqhlaakp err=HttpError('InvalidRequest: Could not find repo: did:plc:5luqwlxwv4sy5jdngqhlaakp')
2026-02-27T09:29:06Z WARNING bsky_collector_v2.job.index_feed_generators: listRecords failed repo=did:plc:7gnvun5x2pq4egjhe2ujxvil err=HttpError('InvalidRequest: Could not find repo: did:plc:7gnvun5x2pq4egjhe2ujxvil')
2026-02-27T09:29:06Z WARNING bsky_collector_v2.job.index_feed_generators: listRecords failed repo=did:plc:a46d7vfhcfrk3a7cbyqbashj err=HttpError('InvalidRequest: Could not find repo: did:plc:a46d7vfhcfrk3a7cbyqbashj')
2026-02-27T09:29:06Z WARNING bsky_collector_v2.job.index_feed_generators: listRecords failed repo=did:plc:appzga26xqsvngajlan4zlfo err=HttpError('InvalidRequest: Could not find repo: did:plc:appzga26xqsvngajlan4zlfo')
2026-02-27T09:29:06Z WARNING bsky_collector_v2.job.index_feed_generators: listRecords failed repo=did:plc:awingc5r4ugfusb6bbyaqcpc err=HttpError('InvalidRequest: Could not find repo: did:plc:awingc5r4ugfusb6bbyaqcpc')
2026-02-27T09:29:06Z WARNING bsky_collector_v2.job.index_feed_generators: listRecords failed repo=did:plc:bamy3tjvztyuafkcybs44hgc err=HttpError('InvalidRequest: Could not find repo: did:plc:bamy3tjvztyuafkcybs44hgc')
2026-02-27T09:29:06Z WARNING bsky_collector_v2.job.index_feed_generators: listRecords failed repo=did:plc:btemdc7vgnnyctdlm5aduqva err=HttpError('InvalidRequest: Could not find repo: did:plc:btemdc7vgnnyctdlm5aduqva')
2026-02-27T09:29:06Z WARNING bsky_collector_v2.job.index_feed_generators: listRecords failed repo=did:plc:bupwppzoxabfdf7nkglbizyh err=HttpError('InvalidRequest: Could not find repo: did:plc:bupwppzoxabfdf7nkglbizyh')
2026-02-27T09:29:06Z WARNING bsky_collector_v2.job.index_feed_generators: listRecords failed repo=did:plc:bw456ovw57t2pex4z5wep4jo err=HttpError('InvalidRequest: Could not find repo: did:plc:bw456ovw57t2pex4z5wep4jo')
2026-02-27T09:29:06Z WARNING bsky_collector_v2.job.index_feed_generators: listRecords failed repo=did:plc:c54udtxp2l7otkjonkalijr2 err=HttpError('InvalidRequest: Could not find repo: did:plc:c54udtxp2l7otkjonkalijr2')
2026-02-27T09:29:06Z WARNING bsky_collector_v2.job.index_feed_generators: listRecords failed repo=did:plc:ctipukv4sf6gsvr2owg7tbbz err=HttpError('InvalidRequest: Could not find repo: did:plc:ctipukv4sf6gsvr2owg7tbbz')
2026-02-27T09:29:07Z WARNING bsky_collector_v2.job.index_feed_generators: listRecords failed repo=did:plc:d34xvp5am7q6bv3psspf7p63 err=HttpError('InvalidRequest: Could not find repo: did:plc:d34xvp5am7q6bv3psspf7p63')
2026-02-27T09:29:07Z WARNING bsky_collector_v2.job.index_feed_generators: listRecords failed repo=did:plc:dr5v56e5w4hoe7s5by7i6g6b err=HttpError('InvalidRequest: Could not find repo: did:plc:dr5v56e5w4hoe7s5by7i6g6b')
2026-02-27T09:29:07Z WARNING bsky_collector_v2.job.index_feed_generators: listRecords failed repo=did:plc:edgwzd3oi3fqkn3q3y5lbldn err=HttpError('InvalidRequest: Could not find repo: did:plc:edgwzd3oi3fqkn3q3y5lbldn')
2026-02-27T09:29:07Z WARNING bsky_collector_v2.job.index_feed_generators: listRecords failed repo=did:plc:ei4svsnqv2wx2psnref3a45z err=HttpError('InvalidRequest: Could not find repo: did:plc:ei4svsnqv2wx2psnref3a45z')
2026-02-27T09:29:07Z WARNING bsky_collector_v2.job.index_feed_generators: listRecords failed repo=did:plc:ejz7hdsll4mrw4ml6vrz266b err=HttpError('InvalidRequest: Could not find repo: did:plc:ejz7hdsll4mrw4ml6vrz266b')
2026-02-27T09:29:07Z WARNING bsky_collector_v2.job.index_feed_generators: listRecords failed repo=did:plc:etd67kan7fvksblmiluvoc3n err=HttpError('InvalidRequest: Could not find repo: did:plc:etd67kan7fvksblmiluvoc3n')
2026-02-27T09:29:07Z WARNING bsky_collector_v2.job.index_feed_generators: listRecords failed repo=did:plc:fftpdtoifjvzyyy5sgmouxfz err=HttpError('InvalidRequest: Could not find repo: did:plc:fftpdtoifjvzyyy5sgmouxfz')
2026-02-27T09:29:07Z WARNING bsky_collector_v2.job.index_feed_generators: listRecords failed repo=did:plc:gawebrubjk6a4kfszmn4sl5d err=HttpError('InvalidRequest: Could not find repo: did:plc:gawebrubjk6a4kfszmn4sl5d')
2026-02-27T09:29:07Z WARNING bsky_collector_v2.job.index_feed_generators: listRecords failed repo=did:plc:gno3huhcehk27thyrqowfx5h err=HttpError('InvalidRequest: Could not find repo: did:plc:gno3huhcehk27thyrqowfx5h')
2026-02-27T09:29:07Z WARNING bsky_collector_v2.job.index_feed_generators: listRecords failed repo=did:plc:gvg66zhtummshen3rggqagjn err=HttpError('InvalidRequest: Could not find repo: did:plc:gvg66zhtummshen3rggqagjn')
2026-02-27T09:29:07Z WARNING bsky_collector_v2.job.index_feed_generators: listRecords failed repo=did:plc:hddzl4cl6uujvitnhmqi2u5p err=HttpError('InvalidRequest: Could not find repo: did:plc:hddzl4cl6uujvitnhmqi2u5p')
2026-02-27T09:29:07Z WARNING bsky_collector_v2.job.index_feed_generators: listRecords failed repo=did:plc:hdmax36bocmjver6oikrzgpt err=HttpError('InvalidRequest: Could not find repo: did:plc:hdmax36bocmjver6oikrzgpt')
2026-02-27T09:29:08Z WARNING bsky_collector_v2.job.index_feed_generators: listRecords failed repo=did:plc:hivp4edlgez565v3fa6fna4k err=HttpError('InvalidRequest: Could not find repo: did:plc:hivp4edlgez565v3fa6fna4k')
2026-02-27T09:29:08Z WARNING bsky_collector_v2.job.index_feed_generators: listRecords failed repo=did:plc:hydiz7lzc6g2rlgvik4fjd56 err=HttpError('InvalidRequest: Could not find repo: did:plc:hydiz7lzc6g2rlgvik4fjd56')
2026-02-27T09:29:08Z WARNING bsky_collector_v2.job.index_feed_generators: listRecords failed repo=did:plc:i3wqisvr25xjeqycpirzhdxp err=HttpError('InvalidRequest: Could not find repo: did:plc:i3wqisvr25xjeqycpirzhdxp')
2026-02-27T09:29:08Z WARNING bsky_collector_v2.job.index_feed_generators: listRecords failed repo=did:plc:idxutfxg4xofujaunet5nx6o err=HttpError('InvalidRequest: Could not find repo: did:plc:idxutfxg4xofujaunet5nx6o')
2026-02-27T09:29:08Z WARNING bsky_collector_v2.job.index_feed_generators: listRecords failed repo=did:plc:jm725gwvfspt23qe3ma5tkee err=HttpError('InvalidRequest: Could not find repo: did:plc:jm725gwvfspt23qe3ma5tkee')
2026-02-27T09:29:08Z WARNING bsky_collector_v2.job.index_feed_generators: listRecords failed repo=did:plc:jogxjqimt5heibvmqgx2pdzq err=HttpError('InvalidRequest: Could not find repo: did:plc:jogxjqimt5heibvmqgx2pdzq')
2026-02-27T09:29:08Z WARNING bsky_collector_v2.job.index_feed_generators: listRecords failed repo=did:plc:kaba2a45pz37cilnsbwvjv5z err=HttpError('InvalidRequest: Could not find repo: did:plc:kaba2a45pz37cilnsbwvjv5z')
2026-02-27T09:29:08Z WARNING bsky_collector_v2.job.index_feed_generators: listRecords failed repo=did:plc:knrh3lmppbhi4pm76nsrkxur err=HttpError('InvalidRequest: Could not find repo: did:plc:knrh3lmppbhi4pm76nsrkxur')
2026-02-27T09:29:09Z WARNING bsky_collector_v2.job.index_feed_generators: listRecords failed repo=did:plc:kqzxysls6236lug2d2vopr3r err=HttpError('InvalidRequest: Could not find repo: did:plc:kqzxysls6236lug2d2vopr3r')
2026-02-27T09:29:09Z WARNING bsky_collector_v2.job.index_feed_generators: listRecords failed repo=did:plc:krjfa3nwuxbylobsza2uhibr err=HttpError('InvalidRequest: Could not find repo: did:plc:krjfa3nwuxbylobsza2uhibr')
2026-02-27T09:29:09Z WARNING bsky_collector_v2.job.index_feed_generators: listRecords failed repo=did:plc:kw53f2fbhplfnoz76pi4sful err=HttpError('InvalidRequest: Could not find repo: did:plc:kw53f2fbhplfnoz76pi4sful')
2026-02-27T09:29:09Z WARNING bsky_collector_v2.job.index_feed_generators: listRecords failed repo=did:plc:lrhut47taan5r4vdjtxopoi2 err=HttpError('InvalidRequest: Could not find repo: did:plc:lrhut47taan5r4vdjtxopoi2')
2026-02-27T09:29:09Z WARNING bsky_collector_v2.job.index_feed_generators: listRecords failed repo=did:plc:lsr7ghcwur744abjvdmzfcqu err=HttpError('InvalidRequest: Could not find repo: did:plc:lsr7ghcwur744abjvdmzfcqu')
2026-02-27T09:29:09Z WARNING bsky_collector_v2.job.index_feed_generators: listRecords failed repo=did:plc:mccuqvb6k2sjskfhone4ksye err=HttpError('InvalidRequest: Could not find repo: did:plc:mccuqvb6k2sjskfhone4ksye')
2026-02-27T09:29:09Z WARNING bsky_collector_v2.job.index_feed_generators: listRecords failed repo=did:plc:ml3fip75tl3mw453ec4rftes err=HttpError('InvalidRequest: Could not find repo: did:plc:ml3fip75tl3mw453ec4rftes')
2026-02-27T09:29:09Z WARNING bsky_collector_v2.job.index_feed_generators: listRecords failed repo=did:plc:n4ib4pdx3z4ko6lai6evuuch err=HttpError('InvalidRequest: Could not find repo: did:plc:n4ib4pdx3z4ko6lai6evuuch')
2026-02-27T09:29:09Z WARNING bsky_collector_v2.job.index_feed_generators: listRecords failed repo=did:plc:nlaokh3zee3lu2bbkyhnr633 err=HttpError('InvalidRequest: Could not find repo: did:plc:nlaokh3zee3lu2bbkyhnr633')
2026-02-27T09:29:09Z WARNING bsky_collector_v2.job.index_feed_generators: listRecords failed repo=did:plc:npwiqyuslp2nsj2jb5versx5 err=HttpError('InvalidRequest: Could not find repo: did:plc:npwiqyuslp2nsj2jb5versx5')
2026-02-27T09:29:09Z WARNING bsky_collector_v2.job.index_feed_generators: listRecords failed repo=did:plc:nqjnznoqcxmy7tdzh52yqctb err=HttpError('InvalidRequest: Could not find repo: did:plc:nqjnznoqcxmy7tdzh52yqctb')
2026-02-27T09:29:09Z WARNING bsky_collector_v2.job.index_feed_generators: listRecords failed repo=did:plc:o73cvyo4jdx5upfhehx2mqms err=HttpError('InvalidRequest: Could not find repo: did:plc:o73cvyo4jdx5upfhehx2mqms')
2026-02-27T09:29:10Z WARNING bsky_collector_v2.job.index_feed_generators: listRecords failed repo=did:plc:os2yj6ghvu7qxpkhmbxmpaki err=HttpError('InvalidRequest: Could not find repo: did:plc:os2yj6ghvu7qxpkhmbxmpaki')
2026-02-27T09:29:10Z WARNING bsky_collector_v2.job.index_feed_generators: listRecords failed repo=did:plc:ox3k7vmls263hr3uj4y2mkj2 err=HttpError('InvalidRequest: Could not find repo: did:plc:ox3k7vmls263hr3uj4y2mkj2')
2026-02-27T09:29:10Z WARNING bsky_collector_v2.job.index_feed_generators: listRecords failed repo=did:plc:r777rfqjbmvefa2tagfn6g42 err=HttpError('InvalidRequest: Could not find repo: did:plc:r777rfqjbmvefa2tagfn6g42')
2026-02-27T09:29:10Z WARNING bsky_collector_v2.job.index_feed_generators: listRecords failed repo=did:plc:sc2bk3emw72kfxsqb333562c err=HttpError('InvalidRequest: Could not find repo: did:plc:sc2bk3emw72kfxsqb333562c')
2026-02-27T09:29:10Z WARNING bsky_collector_v2.job.index_feed_generators: listRecords failed repo=did:plc:t2ozltd74bcnwallawnhbhp3 err=HttpError('InvalidRequest: Could not find repo: did:plc:t2ozltd74bcnwallawnhbhp3')
2026-02-27T09:29:10Z WARNING bsky_collector_v2.job.index_feed_generators: listRecords failed repo=did:plc:tdgvli62ikgdm6h4sjgfc3xu err=HttpError('InvalidRequest: Could not find repo: did:plc:tdgvli62ikgdm6h4sjgfc3xu')
2026-02-27T09:29:10Z WARNING bsky_collector_v2.job.index_feed_generators: listRecords failed repo=did:plc:tk3arjce5v2l7gvkbgmyuava err=HttpError('InvalidRequest: Could not find repo: did:plc:tk3arjce5v2l7gvkbgmyuava')
2026-02-27T09:29:10Z WARNING bsky_collector_v2.job.index_feed_generators: listRecords failed repo=did:plc:tt4iq6bziywsztupjz4pv24l err=HttpError('InvalidRequest: Could not find repo: did:plc:tt4iq6bziywsztupjz4pv24l')
2026-02-27T09:29:10Z WARNING bsky_collector_v2.job.index_feed_generators: listRecords failed repo=did:plc:tvdamc63ohs44w7ufdjoerpy err=HttpError('InvalidRequest: Could not find repo: did:plc:tvdamc63ohs44w7ufdjoerpy')
2026-02-27T09:29:10Z WARNING bsky_collector_v2.job.index_feed_generators: listRecords failed repo=did:plc:ulu2eisigpiqtauwfskmh37x err=HttpError('InvalidRequest: Could not find repo: did:plc:ulu2eisigpiqtauwfskmh37x')
2026-02-27T09:29:10Z WARNING bsky_collector_v2.job.index_feed_generators: listRecords failed repo=did:plc:v2rgyhl6z5pzcgql2ibbulcn err=HttpError('InvalidRequest: Could not find repo: did:plc:v2rgyhl6z5pzcgql2ibbulcn')
2026-02-27T09:29:10Z WARNING bsky_collector_v2.job.index_feed_generators: listRecords failed repo=did:plc:vf4gwskjc2ubmc2kwwr56op4 err=HttpError('InvalidRequest: Could not find repo: did:plc:vf4gwskjc2ubmc2kwwr56op4')
2026-02-27T09:29:11Z WARNING bsky_collector_v2.job.index_feed_generators: listRecords failed repo=did:plc:vlpjkfzjfa2bqbsdyflzyz5t err=HttpError('InvalidRequest: Could not find repo: did:plc:vlpjkfzjfa2bqbsdyflzyz5t')
2026-02-27T09:29:11Z WARNING bsky_collector_v2.job.index_feed_generators: listRecords failed repo=did:plc:vsr6dn3f3a54oos4ach7oeib err=HttpError('InvalidRequest: Could not find repo: did:plc:vsr6dn3f3a54oos4ach7oeib')
2026-02-27T09:29:11Z WARNING bsky_collector_v2.job.index_feed_generators: listRecords failed repo=did:plc:xsbtszlanajhzpte4pylrc3o err=HttpError('InvalidRequest: Could not find repo: did:plc:xsbtszlanajhzpte4pylrc3o')
2026-02-27T09:29:11Z WARNING bsky_collector_v2.job.index_feed_generators: listRecords failed repo=did:plc:ygbongde5vpzqbfercuaihbp err=HttpError('InvalidRequest: Could not find repo: did:plc:ygbongde5vpzqbfercuaihbp')
2026-02-27T09:29:11Z WARNING bsky_collector_v2.job.index_feed_generators: listRecords failed repo=did:plc:ynvtb32tfixq6qk2h26sntdb err=HttpError('InvalidRequest: Could not find repo: did:plc:ynvtb32tfixq6qk2h26sntdb')
2026-02-27T09:29:11Z WARNING bsky_collector_v2.job.index_feed_generators: listRecords failed repo=did:plc:z5tdilzjfw5jwtkpseqb4ti2 err=HttpError('InvalidRequest: Could not find repo: did:plc:z5tdilzjfw5jwtkpseqb4ti2')
2026-02-27T09:29:11Z WARNING bsky_collector_v2.job.index_feed_generators: listRecords failed repo=did:plc:22n7xca5gaog4udjmeeyilsp err=HttpError('InvalidRequest: Could not find repo: did:plc:22n7xca5gaog4udjmeeyilsp')
2026-02-27T09:29:11Z WARNING bsky_collector_v2.job.index_feed_generators: listRecords failed repo=did:plc:26iyp56heu4l6isjyivtjosq err=HttpError('InvalidRequest: Could not find repo: did:plc:26iyp56heu4l6isjyivtjosq')
2026-02-27T09:29:11Z WARNING bsky_collector_v2.job.index_feed_generators: listRecords failed repo=did:plc:2hzru6rihng2uyyuj77yhlzi err=HttpError('InvalidRequest: Could not find repo: did:plc:2hzru6rihng2uyyuj77yhlzi')
2026-02-27T09:29:11Z WARNING bsky_collector_v2.job.index_feed_generators: listRecords failed repo=did:plc:2iukxskr7almilbbcpux5sgn err=HttpError('InvalidRequest: Could not find repo: did:plc:2iukxskr7almilbbcpux5sgn')
2026-02-27T09:29:12Z WARNING bsky_collector_v2.job.index_feed_generators: listRecords failed repo=did:plc:2sw7wfzl2phniwzwfmgdbhdf err=HttpError('InvalidRequest: Could not find repo: did:plc:2sw7wfzl2phniwzwfmgdbhdf')
2026-02-27T09:29:12Z WARNING bsky_collector_v2.job.index_feed_generators: listRecords failed repo=did:plc:3rosorhetotz7xpj36sceq7m err=HttpError('InvalidRequest: Could not find repo: did:plc:3rosorhetotz7xpj36sceq7m')
2026-02-27T09:29:12Z WARNING bsky_collector_v2.job.index_feed_generators: listRecords failed repo=did:plc:3xqpdohoymiqebded3d7wybb err=HttpError('InvalidRequest: Could not find repo: did:plc:3xqpdohoymiqebded3d7wybb')
2026-02-27T09:29:12Z WARNING bsky_collector_v2.job.index_feed_generators: listRecords failed repo=did:plc:4ltpqpp4yzdewtev5uiagzv2 err=HttpError('InvalidRequest: Could not find repo: did:plc:4ltpqpp4yzdewtev5uiagzv2')
2026-02-27T09:29:12Z WARNING bsky_collector_v2.job.index_feed_generators: listRecords failed repo=did:plc:4r2lvd3ldznc6f2gmeh4ilju err=HttpError('InvalidRequest: Could not find repo: did:plc:4r2lvd3ldznc6f2gmeh4ilju')
2026-02-27T09:29:12Z WARNING bsky_collector_v2.job.index_feed_generators: listRecords failed repo=did:plc:4w3jojcdpy6vpiw666amc47l err=HttpError('InvalidRequest: Could not find repo: did:plc:4w3jojcdpy6vpiw666amc47l')
2026-02-27T09:29:12Z WARNING bsky_collector_v2.job.index_feed_generators: listRecords failed repo=did:plc:4wczbqib4wpuscw5dlasufqp err=HttpError('InvalidRequest: Could not find repo: did:plc:4wczbqib4wpuscw5dlasufqp')
2026-02-27T09:29:12Z WARNING bsky_collector_v2.job.index_feed_generators: listRecords failed repo=did:plc:5luqwlxwv4sy5jdngqhlaakp err=HttpError('InvalidRequest: Could not find repo: did:plc:5luqwlxwv4sy5jdngqhlaakp')
2026-02-27T09:29:12Z WARNING bsky_collector_v2.job.index_feed_generators: listRecords failed repo=did:plc:7gnvun5x2pq4egjhe2ujxvil err=HttpError('InvalidRequest: Could not find repo: did:plc:7gnvun5x2pq4egjhe2ujxvil')
2026-02-27T09:29:12Z WARNING bsky_collector_v2.job.index_feed_generators: listRecords failed repo=did:plc:a46d7vfhcfrk3a7cbyqbashj err=HttpError('InvalidRequest: Could not find repo: did:plc:a46d7vfhcfrk3a7cbyqbashj')
2026-02-27T09:29:12Z WARNING bsky_collector_v2.job.index_feed_generators: listRecords failed repo=did:plc:appzga26xqsvngajlan4zlfo err=HttpError('InvalidRequest: Could not find repo: did:plc:appzga26xqsvngajlan4zlfo')
2026-02-27T09:29:12Z WARNING bsky_collector_v2.job.index_feed_generators: listRecords failed repo=did:plc:awingc5r4ugfusb6bbyaqcpc err=HttpError('InvalidRequest: Could not find repo: did:plc:awingc5r4ugfusb6bbyaqcpc')
2026-02-27T09:29:13Z WARNING bsky_collector_v2.job.index_feed_generators: listRecords failed repo=did:plc:bamy3tjvztyuafkcybs44hgc err=HttpError('InvalidRequest: Could not find repo: did:plc:bamy3tjvztyuafkcybs44hgc')
2026-02-27T09:29:13Z WARNING bsky_collector_v2.job.index_feed_generators: listRecords failed repo=did:plc:btemdc7vgnnyctdlm5aduqva err=HttpError('InvalidRequest: Could not find repo: did:plc:btemdc7vgnnyctdlm5aduqva')
2026-02-27T09:29:13Z WARNING bsky_collector_v2.job.index_feed_generators: listRecords failed repo=did:plc:bupwppzoxabfdf7nkglbizyh err=HttpError('InvalidRequest: Could not find repo: did:plc:bupwppzoxabfdf7nkglbizyh')
2026-02-27T09:29:13Z WARNING bsky_collector_v2.job.index_feed_generators: listRecords failed repo=did:plc:bw456ovw57t2pex4z5wep4jo err=HttpError('InvalidRequest: Could not find repo: did:plc:bw456ovw57t2pex4z5wep4jo')
2026-02-27T09:29:13Z WARNING bsky_collector_v2.job.index_feed_generators: listRecords failed repo=did:plc:c54udtxp2l7otkjonkalijr2 err=HttpError('InvalidRequest: Could not find repo: did:plc:c54udtxp2l7otkjonkalijr2')
2026-02-27T09:29:13Z WARNING bsky_collector_v2.job.index_feed_generators: listRecords failed repo=did:plc:ctipukv4sf6gsvr2owg7tbbz err=HttpError('InvalidRequest: Could not find repo: did:plc:ctipukv4sf6gsvr2owg7tbbz')
2026-02-27T09:29:13Z WARNING bsky_collector_v2.job.index_feed_generators: listRecords failed repo=did:plc:d34xvp5am7q6bv3psspf7p63 err=HttpError('InvalidRequest: Could not find repo: did:plc:d34xvp5am7q6bv3psspf7p63')
2026-02-27T09:29:13Z WARNING bsky_collector_v2.job.index_feed_generators: listRecords failed repo=did:plc:dr5v56e5w4hoe7s5by7i6g6b err=HttpError('InvalidRequest: Could not find repo: did:plc:dr5v56e5w4hoe7s5by7i6g6b')
2026-02-27T09:29:13Z WARNING bsky_collector_v2.job.index_feed_generators: listRecords failed repo=did:plc:edgwzd3oi3fqkn3q3y5lbldn err=HttpError('InvalidRequest: Could not find repo: did:plc:edgwzd3oi3fqkn3q3y5lbldn')
2026-02-27T09:29:13Z WARNING bsky_collector_v2.job.index_feed_generators: listRecords failed repo=did:plc:ei4svsnqv2wx2psnref3a45z err=HttpError('InvalidRequest: Could not find repo: did:plc:ei4svsnqv2wx2psnref3a45z')
2026-02-27T09:29:13Z WARNING bsky_collector_v2.job.index_feed_generators: listRecords failed repo=did:plc:ejz7hdsll4mrw4ml6vrz266b err=HttpError('InvalidRequest: Could not find repo: did:plc:ejz7hdsll4mrw4ml6vrz266b')
2026-02-27T09:29:13Z WARNING bsky_collector_v2.job.index_feed_generators: listRecords failed repo=did:plc:etd67kan7fvksblmiluvoc3n err=HttpError('InvalidRequest: Could not find repo: did:plc:etd67kan7fvksblmiluvoc3n')
2026-02-27T09:29:14Z WARNING bsky_collector_v2.job.index_feed_generators: listRecords failed repo=did:plc:fftpdtoifjvzyyy5sgmouxfz err=HttpError('InvalidRequest: Could not find repo: did:plc:fftpdtoifjvzyyy5sgmouxfz')
2026-02-27T09:29:14Z WARNING bsky_collector_v2.job.index_feed_generators: listRecords failed repo=did:plc:gawebrubjk6a4kfszmn4sl5d err=HttpError('InvalidRequest: Could not find repo: did:plc:gawebrubjk6a4kfszmn4sl5d')
2026-02-27T09:29:14Z WARNING bsky_collector_v2.job.index_feed_generators: listRecords failed repo=did:plc:gno3huhcehk27thyrqowfx5h err=HttpError('InvalidRequest: Could not find repo: did:plc:gno3huhcehk27thyrqowfx5h')
2026-02-27T09:29:14Z WARNING bsky_collector_v2.job.index_feed_generators: listRecords failed repo=did:plc:gvg66zhtummshen3rggqagjn err=HttpError('InvalidRequest: Could not find repo: did:plc:gvg66zhtummshen3rggqagjn')
2026-02-27T09:29:14Z WARNING bsky_collector_v2.job.index_feed_generators: listRecords failed repo=did:plc:hddzl4cl6uujvitnhmqi2u5p err=HttpError('InvalidRequest: Could not find repo: did:plc:hddzl4cl6uujvitnhmqi2u5p')
2026-02-27T09:29:14Z WARNING bsky_collector_v2.job.index_feed_generators: listRecords failed repo=did:plc:hdmax36bocmjver6oikrzgpt err=HttpError('InvalidRequest: Could not find repo: did:plc:hdmax36bocmjver6oikrzgpt')
2026-02-27T09:29:14Z WARNING bsky_collector_v2.job.index_feed_generators: listRecords failed repo=did:plc:hivp4edlgez565v3fa6fna4k err=HttpError('InvalidRequest: Could not find repo: did:plc:hivp4edlgez565v3fa6fna4k')
2026-02-27T09:29:14Z WARNING bsky_collector_v2.job.index_feed_generators: listRecords failed repo=did:plc:hydiz7lzc6g2rlgvik4fjd56 err=HttpError('InvalidRequest: Could not find repo: did:plc:hydiz7lzc6g2rlgvik4fjd56')
2026-02-27T09:29:14Z WARNING bsky_collector_v2.job.index_feed_generators: listRecords failed repo=did:plc:i3wqisvr25xjeqycpirzhdxp err=HttpError('InvalidRequest: Could not find repo: did:plc:i3wqisvr25xjeqycpirzhdxp')
2026-02-27T09:29:14Z WARNING bsky_collector_v2.job.index_feed_generators: listRecords failed repo=did:plc:idxutfxg4xofujaunet5nx6o err=HttpError('InvalidRequest: Could not find repo: did:plc:idxutfxg4xofujaunet5nx6o')
2026-02-27T09:29:14Z WARNING bsky_collector_v2.job.index_feed_generators: listRecords failed repo=did:plc:jm725gwvfspt23qe3ma5tkee err=HttpError('InvalidRequest: Could not find repo: did:plc:jm725gwvfspt23qe3ma5tkee')
2026-02-27T09:29:14Z WARNING bsky_collector_v2.job.index_feed_generators: listRecords failed repo=did:plc:jogxjqimt5heibvmqgx2pdzq err=HttpError('InvalidRequest: Could not find repo: did:plc:jogxjqimt5heibvmqgx2pdzq')
2026-02-27T09:29:15Z WARNING bsky_collector_v2.job.index_feed_generators: listRecords failed repo=did:plc:kaba2a45pz37cilnsbwvjv5z err=HttpError('InvalidRequest: Could not find repo: did:plc:kaba2a45pz37cilnsbwvjv5z')
2026-02-27T09:29:15Z WARNING bsky_collector_v2.job.index_feed_generators: listRecords failed repo=did:plc:knrh3lmppbhi4pm76nsrkxur err=HttpError('InvalidRequest: Could not find repo: did:plc:knrh3lmppbhi4pm76nsrkxur')
2026-02-27T09:29:15Z WARNING bsky_collector_v2.job.index_feed_generators: listRecords failed repo=did:plc:kqzxysls6236lug2d2vopr3r err=HttpError('InvalidRequest: Could not find repo: did:plc:kqzxysls6236lug2d2vopr3r')
2026-02-27T09:29:15Z WARNING bsky_collector_v2.job.index_feed_generators: listRecords failed repo=did:plc:krjfa3nwuxbylobsza2uhibr err=HttpError('InvalidRequest: Could not find repo: did:plc:krjfa3nwuxbylobsza2uhibr')
2026-02-27T09:29:15Z WARNING bsky_collector_v2.job.index_feed_generators: listRecords failed repo=did:plc:kw53f2fbhplfnoz76pi4sful err=HttpError('InvalidRequest: Could not find repo: did:plc:kw53f2fbhplfnoz76pi4sful')
2026-02-27T09:29:15Z WARNING bsky_collector_v2.job.index_feed_generators: listRecords failed repo=did:plc:lrhut47taan5r4vdjtxopoi2 err=HttpError('InvalidRequest: Could not find repo: did:plc:lrhut47taan5r4vdjtxopoi2')
2026-02-27T09:29:15Z WARNING bsky_collector_v2.job.index_feed_generators: listRecords failed repo=did:plc:lsr7ghcwur744abjvdmzfcqu err=HttpError('InvalidRequest: Could not find repo: did:plc:lsr7ghcwur744abjvdmzfcqu')
2026-02-27T09:29:15Z WARNING bsky_collector_v2.job.index_feed_generators: listRecords failed repo=did:plc:mccuqvb6k2sjskfhone4ksye err=HttpError('InvalidRequest: Could not find repo: did:plc:mccuqvb6k2sjskfhone4ksye')
2026-02-27T09:29:15Z WARNING bsky_collector_v2.job.index_feed_generators: listRecords failed repo=did:plc:ml3fip75tl3mw453ec4rftes err=HttpError('InvalidRequest: Could not find repo: did:plc:ml3fip75tl3mw453ec4rftes')
2026-02-27T09:29:15Z WARNING bsky_collector_v2.job.index_feed_generators: listRecords failed repo=did:plc:n4ib4pdx3z4ko6lai6evuuch err=HttpError('InvalidRequest: Could not find repo: did:plc:n4ib4pdx3z4ko6lai6evuuch')
2026-02-27T09:29:16Z WARNING bsky_collector_v2.job.index_feed_generators: listRecords failed repo=did:plc:nlaokh3zee3lu2bbkyhnr633 err=HttpError('InvalidRequest: Could not find repo: did:plc:nlaokh3zee3lu2bbkyhnr633')
2026-02-27T09:29:16Z WARNING bsky_collector_v2.job.index_feed_generators: listRecords failed repo=did:plc:npwiqyuslp2nsj2jb5versx5 err=HttpError('InvalidRequest: Could not find repo: did:plc:npwiqyuslp2nsj2jb5versx5')
2026-02-27T09:29:16Z WARNING bsky_collector_v2.job.index_feed_generators: listRecords failed repo=did:plc:nqjnznoqcxmy7tdzh52yqctb err=HttpError('InvalidRequest: Could not find repo: did:plc:nqjnznoqcxmy7tdzh52yqctb')
2026-02-27T09:29:16Z WARNING bsky_collector_v2.job.index_feed_generators: listRecords failed repo=did:plc:o73cvyo4jdx5upfhehx2mqms err=HttpError('InvalidRequest: Could not find repo: did:plc:o73cvyo4jdx5upfhehx2mqms')
2026-02-27T09:29:16Z WARNING bsky_collector_v2.job.index_feed_generators: listRecords failed repo=did:plc:os2yj6ghvu7qxpkhmbxmpaki err=HttpError('InvalidRequest: Could not find repo: did:plc:os2yj6ghvu7qxpkhmbxmpaki')
2026-02-27T09:29:16Z WARNING bsky_collector_v2.job.index_feed_generators: listRecords failed repo=did:plc:ox3k7vmls263hr3uj4y2mkj2 err=HttpError('InvalidRequest: Could not find repo: did:plc:ox3k7vmls263hr3uj4y2mkj2')
2026-02-27T09:29:16Z WARNING bsky_collector_v2.job.index_feed_generators: listRecords failed repo=did:plc:r777rfqjbmvefa2tagfn6g42 err=HttpError('InvalidRequest: Could not find repo: did:plc:r777rfqjbmvefa2tagfn6g42')
2026-02-27T09:29:16Z WARNING bsky_collector_v2.job.index_feed_generators: listRecords failed repo=did:plc:sc2bk3emw72kfxsqb333562c err=HttpError('InvalidRequest: Could not find repo: did:plc:sc2bk3emw72kfxsqb333562c')
2026-02-27T09:29:16Z WARNING bsky_collector_v2.job.index_feed_generators: listRecords failed repo=did:plc:t2ozltd74bcnwallawnhbhp3 err=HttpError('InvalidRequest: Could not find repo: did:plc:t2ozltd74bcnwallawnhbhp3')
2026-02-27T09:29:16Z WARNING bsky_collector_v2.job.index_feed_generators: listRecords failed repo=did:plc:tdgvli62ikgdm6h4sjgfc3xu err=HttpError('InvalidRequest: Could not find repo: did:plc:tdgvli62ikgdm6h4sjgfc3xu')
2026-02-27T09:29:16Z WARNING bsky_collector_v2.job.index_feed_generators: listRecords failed repo=did:plc:tk3arjce5v2l7gvkbgmyuava err=HttpError('InvalidRequest: Could not find repo: did:plc:tk3arjce5v2l7gvkbgmyuava')
2026-02-27T09:29:17Z WARNING bsky_collector_v2.job.index_feed_generators: listRecords failed repo=did:plc:tt4iq6bziywsztupjz4pv24l err=HttpError('InvalidRequest: Could not find repo: did:plc:tt4iq6bziywsztupjz4pv24l')
2026-02-27T09:29:17Z WARNING bsky_collector_v2.job.index_feed_generators: listRecords failed repo=did:plc:tvdamc63ohs44w7ufdjoerpy err=HttpError('InvalidRequest: Could not find repo: did:plc:tvdamc63ohs44w7ufdjoerpy')
2026-02-27T09:29:17Z WARNING bsky_collector_v2.job.index_feed_generators: listRecords failed repo=did:plc:ulu2eisigpiqtauwfskmh37x err=HttpError('InvalidRequest: Could not find repo: did:plc:ulu2eisigpiqtauwfskmh37x')
2026-02-27T09:29:17Z WARNING bsky_collector_v2.job.index_feed_generators: listRecords failed repo=did:plc:v2rgyhl6z5pzcgql2ibbulcn err=HttpError('InvalidRequest: Could not find repo: did:plc:v2rgyhl6z5pzcgql2ibbulcn')
2026-02-27T09:29:17Z WARNING bsky_collector_v2.job.index_feed_generators: listRecords failed repo=did:plc:vf4gwskjc2ubmc2kwwr56op4 err=HttpError('InvalidRequest: Could not find repo: did:plc:vf4gwskjc2ubmc2kwwr56op4')
2026-02-27T09:29:17Z WARNING bsky_collector_v2.job.index_feed_generators: listRecords failed repo=did:plc:vlpjkfzjfa2bqbsdyflzyz5t err=HttpError('InvalidRequest: Could not find repo: did:plc:vlpjkfzjfa2bqbsdyflzyz5t')
2026-02-27T09:29:17Z WARNING bsky_collector_v2.job.index_feed_generators: listRecords failed repo=did:plc:vsr6dn3f3a54oos4ach7oeib err=HttpError('InvalidRequest: Could not find repo: did:plc:vsr6dn3f3a54oos4ach7oeib')
2026-02-27T09:29:17Z WARNING bsky_collector_v2.job.index_feed_generators: listRecords failed repo=did:plc:xsbtszlanajhzpte4pylrc3o err=HttpError('InvalidRequest: Could not find repo: did:plc:xsbtszlanajhzpte4pylrc3o')
2026-02-27T09:29:17Z WARNING bsky_collector_v2.job.index_feed_generators: listRecords failed repo=did:plc:ygbongde5vpzqbfercuaihbp err=HttpError('InvalidRequest: Could not find repo: did:plc:ygbongde5vpzqbfercuaihbp')
2026-02-27T09:29:17Z WARNING bsky_collector_v2.job.index_feed_generators: listRecords failed repo=did:plc:ynvtb32tfixq6qk2h26sntdb err=HttpError('InvalidRequest: Could not find repo: did:plc:ynvtb32tfixq6qk2h26sntdb')
2026-02-27T09:29:17Z WARNING bsky_collector_v2.job.index_feed_generators: listRecords failed repo=did:plc:z5tdilzjfw5jwtkpseqb4ti2 err=HttpError('InvalidRequest: Could not find repo: did:plc:z5tdilzjfw5jwtkpseqb4ti2')
2026-02-27T09:29:18Z INFO bsky_collector_v2.job.index_feed_generators: enqueued repos page=5 mode=listRepos inserted=500 repos_returned=500 next_cursor=set
2026-02-27T09:29:18Z WARNING bsky_collector_v2.job.index_feed_generators: listRecords failed repo=did:plc:22l4taojrheseazqoggv5nxr err=HttpError('InvalidRequest: Could not find repo: did:plc:22l4taojrheseazqoggv5nxr')
2026-02-27T09:29:19Z WARNING bsky_collector_v2.job.index_feed_generators: listRecords failed repo=did:plc:2ai3zvhlgd64hwpd2o3pfcd5 err=HttpError('InvalidRequest: Could not find repo: did:plc:2ai3zvhlgd64hwpd2o3pfcd5')
2026-02-27T09:29:23Z WARNING bsky_collector_v2.job.index_feed_generators: listRecords failed repo=did:plc:5gsirteec7idurbowhaszqfu err=HttpError('InvalidRequest: Could not find repo: did:plc:5gsirteec7idurbowhaszqfu')
2026-02-27T09:29:25Z WARNING bsky_collector_v2.job.index_feed_generators: listRecords failed repo=did:plc:63ih56weotldi7adbxcptmh4 err=HttpError('InvalidRequest: Could not find repo: did:plc:63ih56weotldi7adbxcptmh4')
2026-02-27T09:29:25Z WARNING bsky_collector_v2.job.index_feed_generators: listRecords failed repo=did:plc:64jc3hjz6qj2nurvwxud2hzs err=HttpError('InvalidRequest: Could not find repo: did:plc:64jc3hjz6qj2nurvwxud2hzs')
2026-02-27T09:29:25Z WARNING bsky_collector_v2.job.index_feed_generators: listRecords failed repo=did:plc:67r7iporpxrgw2dqyzndh4ph err=HttpError('InvalidRequest: Could not find repo: did:plc:67r7iporpxrgw2dqyzndh4ph')
2026-02-27T09:29:26Z WARNING bsky_collector_v2.job.index_feed_generators: listRecords failed repo=did:plc:6i24vczhd5brdhozddbtmrjg err=HttpError('InvalidRequest: Could not find repo: did:plc:6i24vczhd5brdhozddbtmrjg')
2026-02-27T09:29:28Z WARNING bsky_collector_v2.job.index_feed_generators: listRecords failed repo=did:plc:6qe2uhoket2zv6co7x2527w4 err=HttpError('InvalidRequest: Could not find repo: did:plc:6qe2uhoket2zv6co7x2527w4')
2026-02-27T09:29:28Z WARNING bsky_collector_v2.job.index_feed_generators: listRecords failed repo=did:plc:6vpwmlu2uknykvd3rkla3ipv err=HttpError('InvalidRequest: Could not find repo: did:plc:6vpwmlu2uknykvd3rkla3ipv')
2026-02-27T09:29:29Z WARNING bsky_collector_v2.job.index_feed_generators: listRecords failed repo=did:plc:7d57lzlzeinbm3uq2uib45to err=HttpError('InvalidRequest: Could not find repo: did:plc:7d57lzlzeinbm3uq2uib45to')
2026-02-27T09:29:31Z WARNING bsky_collector_v2.job.index_feed_generators: listRecords failed repo=did:plc:7lvrsfpce63yrwoilbmtxjqj err=HttpError('InvalidRequest: Could not find repo: did:plc:7lvrsfpce63yrwoilbmtxjqj')
2026-02-27T09:29:32Z WARNING bsky_collector_v2.job.index_feed_generators: listRecords failed repo=did:plc:a4y7omkaoz6owl44j7q44fmh err=HttpError('InvalidRequest: Could not find repo: did:plc:a4y7omkaoz6owl44j7q44fmh')
2026-02-27T09:29:46Z INFO bsky_collector_v2.job.index_feed_generators: indexed repo=did:plc:egaamkxjmypkq3vkvliz6o7k part=360 records=3 next_cursor=set
2026-02-27T09:29:47Z WARNING bsky_collector_v2.job.index_feed_generators: listRecords failed repo=did:plc:ekvlghbwv4p6xaiipzrutt2p err=HttpError('InvalidRequest: Could not find repo: did:plc:ekvlghbwv4p6xaiipzrutt2p')
2026-02-27T09:29:47Z WARNING bsky_collector_v2.job.index_feed_generators: listRecords failed repo=did:plc:eshtqemnx2llmbv4p4cznoit err=HttpError('InvalidRequest: Could not find repo: did:plc:eshtqemnx2llmbv4p4cznoit')
2026-02-27T09:29:47Z WARNING bsky_collector_v2.job.index_feed_generators: listRecords failed repo=did:plc:etc2pb3uog4tunxl7x2dpz3r err=HttpError('InvalidRequest: Could not find repo: did:plc:etc2pb3uog4tunxl7x2dpz3r')
2026-02-27T09:29:49Z WARNING bsky_collector_v2.job.index_feed_generators: listRecords failed repo=did:plc:fglre3fqe6u2itpv43aghkic err=HttpError('InvalidRequest: Could not find repo: did:plc:fglre3fqe6u2itpv43aghkic')
2026-02-27T09:29:49Z WARNING bsky_collector_v2.job.index_feed_generators: listRecords failed repo=did:plc:fjrlne5skoe5xcjrarxsjj3y err=HttpError('InvalidRequest: Could not find repo: did:plc:fjrlne5skoe5xcjrarxsjj3y')
2026-02-27T09:29:50Z WARNING bsky_collector_v2.job.index_feed_generators: listRecords failed repo=did:plc:fn2acxfxtgb64qxmzdocnbav err=HttpError('InvalidRequest: Could not find repo: did:plc:fn2acxfxtgb64qxmzdocnbav')
2026-02-27T09:29:50Z WARNING bsky_collector_v2.job.index_feed_generators: listRecords failed repo=did:plc:fr6olt4ws2cjuyuohtvb2gyj err=HttpError('InvalidRequest: Could not find repo: did:plc:fr6olt4ws2cjuyuohtvb2gyj')
2026-02-27T09:29:50Z INFO bsky_collector_v2.job.index_feed_generators: indexed repo=did:plc:ftt47wkdp6qvg7jdt3htzwq5 part=361 records=1 next_cursor=set
2026-02-27T09:29:52Z WARNING bsky_collector_v2.job.index_feed_generators: listRecords failed repo=did:plc:fyfqbigp4dx4lwlmia6yzz46 err=HttpError('InvalidRequest: Could not find repo: did:plc:fyfqbigp4dx4lwlmia6yzz46')
2026-02-27T09:29:53Z WARNING bsky_collector_v2.job.index_feed_generators: listRecords failed repo=did:plc:gr6mfbskuxghza2ktr4x43jk err=HttpError('InvalidRequest: Could not find repo: did:plc:gr6mfbskuxghza2ktr4x43jk')
2026-02-27T09:29:54Z WARNING bsky_collector_v2.job.index_feed_generators: listRecords failed repo=did:plc:gxs6vp6pkwm2revsdeyh6g5v err=HttpError('InvalidRequest: Could not find repo: did:plc:gxs6vp6pkwm2revsdeyh6g5v')
2026-02-27T09:29:55Z WARNING bsky_collector_v2.job.index_feed_generators: listRecords failed repo=did:plc:her276bhf2ejtx32ar5xsrdf err=HttpError('InvalidRequest: Could not find repo: did:plc:her276bhf2ejtx32ar5xsrdf')
2026-02-27T09:29:59Z WARNING bsky_collector_v2.job.index_feed_generators: listRecords failed repo=did:plc:iaqoefvit72loqpwsvt2zkwf err=HttpError('InvalidRequest: Could not find repo: did:plc:iaqoefvit72loqpwsvt2zkwf')
2026-02-27T09:30:02Z WARNING bsky_collector_v2.job.index_feed_generators: listRecords failed repo=did:plc:izhpfqkkvjedeqwlzkbkdubu err=HttpError('InvalidRequest: Could not find repo: did:plc:izhpfqkkvjedeqwlzkbkdubu')
2026-02-27T09:30:03Z WARNING bsky_collector_v2.job.index_feed_generators: listRecords failed repo=did:plc:jb7ffjgieeunymmxyi5ixqq6 err=HttpError('InvalidRequest: Could not find repo: did:plc:jb7ffjgieeunymmxyi5ixqq6')
2026-02-27T09:30:04Z WARNING bsky_collector_v2.job.index_feed_generators: listRecords failed repo=did:plc:jzgzs2sdoiqjpwi7eyqppetu err=HttpError('InvalidRequest: Could not find repo: did:plc:jzgzs2sdoiqjpwi7eyqppetu')
2026-02-27T09:30:04Z WARNING bsky_collector_v2.job.index_feed_generators: listRecords failed repo=did:plc:k3ffedfmo5egtqoe52qjvrsw err=HttpError('InvalidRequest: Could not find repo: did:plc:k3ffedfmo5egtqoe52qjvrsw')
2026-02-27T09:30:04Z WARNING bsky_collector_v2.job.index_feed_generators: listRecords failed repo=did:plc:k4jks2wtp6g3dri2wdz4apcr err=HttpError('InvalidRequest: Could not find repo: did:plc:k4jks2wtp6g3dri2wdz4apcr')
2026-02-27T09:30:10Z WARNING bsky_collector_v2.job.index_feed_generators: listRecords failed repo=did:plc:mkbuj62sk645hquyqphzlncq err=HttpError('InvalidRequest: Could not find repo: did:plc:mkbuj62sk645hquyqphzlncq')
2026-02-27T09:30:15Z WARNING bsky_collector_v2.job.index_feed_generators: listRecords failed repo=did:plc:nnq7nsspcvfcywlzob5hbmt5 err=HttpError('InvalidRequest: Could not find repo: did:plc:nnq7nsspcvfcywlzob5hbmt5')
2026-02-27T09:30:15Z WARNING bsky_collector_v2.job.index_feed_generators: listRecords failed repo=did:plc:o672due4dyb55c4idhhebe6r err=HttpError('InvalidRequest: Could not find repo: did:plc:o672due4dyb55c4idhhebe6r')
2026-02-27T09:30:16Z WARNING bsky_collector_v2.job.index_feed_generators: listRecords failed repo=did:plc:ou47ld6vemkhjpzqiok7y4jw err=HttpError('InvalidRequest: Could not find repo: did:plc:ou47ld6vemkhjpzqiok7y4jw')
2026-02-27T09:30:20Z WARNING bsky_collector_v2.job.index_feed_generators: listRecords failed repo=did:plc:qa5ds5h7defqduffdq2cunsm err=HttpError('InvalidRequest: Could not find repo: did:plc:qa5ds5h7defqduffdq2cunsm')
2026-02-27T09:30:20Z WARNING bsky_collector_v2.job.index_feed_generators: listRecords failed repo=did:plc:qakky4axv7z2wostiexzozdv err=HttpError('InvalidRequest: Could not find repo: did:plc:qakky4axv7z2wostiexzozdv')
2026-02-27T09:30:22Z WARNING bsky_collector_v2.job.index_feed_generators: listRecords failed repo=did:plc:qmr4kmsoobadtrt2laggjgec err=HttpError('InvalidRequest: Could not find repo: did:plc:qmr4kmsoobadtrt2laggjgec')
2026-02-27T09:30:25Z WARNING bsky_collector_v2.job.index_feed_generators: listRecords failed repo=did:plc:rzvxvu3zqmbxjlxx6x6ttzrh err=HttpError('InvalidRequest: Could not find repo: did:plc:rzvxvu3zqmbxjlxx6x6ttzrh')
2026-02-27T09:30:27Z WARNING bsky_collector_v2.job.index_feed_generators: listRecords failed repo=did:plc:skawd2aaluf7sw3xzdardtw7 err=HttpError('InvalidRequest: Could not find repo: did:plc:skawd2aaluf7sw3xzdardtw7')
2026-02-27T09:30:29Z WARNING bsky_collector_v2.job.index_feed_generators: listRecords failed repo=did:plc:tgx32tcjqqs5ply64grsx7lm err=HttpError('InvalidRequest: Could not find repo: did:plc:tgx32tcjqqs5ply64grsx7lm')
2026-02-27T09:30:33Z WARNING bsky_collector_v2.job.index_feed_generators: listRecords failed repo=did:plc:uen3knxfb2ug3qr4uzhkn6es err=HttpError('InvalidRequest: Could not find repo: did:plc:uen3knxfb2ug3qr4uzhkn6es')
2026-02-27T09:30:37Z WARNING bsky_collector_v2.job.index_feed_generators: listRecords failed repo=did:plc:vo4hsfy3etmbuqdizttspl2q err=HttpError('InvalidRequest: Could not find repo: did:plc:vo4hsfy3etmbuqdizttspl2q')
2026-02-27T09:30:37Z WARNING bsky_collector_v2.job.index_feed_generators: listRecords failed repo=did:plc:vqkpdqth3ddnl6npbuiq23be err=HttpError('InvalidRequest: Could not find repo: did:plc:vqkpdqth3ddnl6npbuiq23be')
2026-02-27T09:30:38Z WARNING bsky_collector_v2.job.index_feed_generators: listRecords failed repo=did:plc:vyuv4kfnxi44vq3hw6ljqbux err=HttpError('InvalidRequest: Could not find repo: did:plc:vyuv4kfnxi44vq3hw6ljqbux')
2026-02-27T09:30:40Z WARNING bsky_collector_v2.job.index_feed_generators: listRecords failed repo=did:plc:wbplqdottgx573vd6nxu66ot err=HttpError('InvalidRequest: Could not find repo: did:plc:wbplqdottgx573vd6nxu66ot')
2026-02-27T09:30:42Z WARNING bsky_collector_v2.job.index_feed_generators: listRecords failed repo=did:plc:wrnqybdny4vrvoaieoif5mf7 err=HttpError('InvalidRequest: Could not find repo: did:plc:wrnqybdny4vrvoaieoif5mf7')
2026-02-27T09:30:44Z WARNING bsky_collector_v2.job.index_feed_generators: listRecords failed repo=did:plc:xghtn2jgrhrfi2zob6yk3gi5 err=HttpError('InvalidRequest: Could not find repo: did:plc:xghtn2jgrhrfi2zob6yk3gi5')
2026-02-27T09:30:44Z WARNING bsky_collector_v2.job.index_feed_generators: listRecords failed repo=did:plc:xhtk6khcmlktyhdznrtjmrpe err=HttpError('InvalidRequest: Could not find repo: did:plc:xhtk6khcmlktyhdznrtjmrpe')
2026-02-27T09:30:45Z WARNING bsky_collector_v2.job.index_feed_generators: listRecords failed repo=did:plc:xsw2h7olhxpodsxdfccsidrm err=HttpError('InvalidRequest: Could not find repo: did:plc:xsw2h7olhxpodsxdfccsidrm')
2026-02-27T09:30:45Z WARNING bsky_collector_v2.job.index_feed_generators: listRecords failed repo=did:plc:yapql3s6qion7hq4ptcicmna err=HttpError('InvalidRequest: Could not find repo: did:plc:yapql3s6qion7hq4ptcicmna')
2026-02-27T09:30:51Z WARNING bsky_collector_v2.job.index_feed_generators: listRecords failed repo=did:plc:22l4taojrheseazqoggv5nxr err=HttpError('InvalidRequest: Could not find repo: did:plc:22l4taojrheseazqoggv5nxr')
2026-02-27T09:30:52Z WARNING bsky_collector_v2.job.index_feed_generators: listRecords failed repo=did:plc:2ai3zvhlgd64hwpd2o3pfcd5 err=HttpError('InvalidRequest: Could not find repo: did:plc:2ai3zvhlgd64hwpd2o3pfcd5')
2026-02-27T09:30:52Z WARNING bsky_collector_v2.job.index_feed_generators: listRecords failed repo=did:plc:5gsirteec7idurbowhaszqfu err=HttpError('InvalidRequest: Could not find repo: did:plc:5gsirteec7idurbowhaszqfu')
2026-02-27T09:30:52Z WARNING bsky_collector_v2.job.index_feed_generators: listRecords failed repo=did:plc:63ih56weotldi7adbxcptmh4 err=HttpError('InvalidRequest: Could not find repo: did:plc:63ih56weotldi7adbxcptmh4')
2026-02-27T09:30:52Z WARNING bsky_collector_v2.job.index_feed_generators: listRecords failed repo=did:plc:64jc3hjz6qj2nurvwxud2hzs err=HttpError('InvalidRequest: Could not find repo: did:plc:64jc3hjz6qj2nurvwxud2hzs')
2026-02-27T09:30:52Z WARNING bsky_collector_v2.job.index_feed_generators: listRecords failed repo=did:plc:67r7iporpxrgw2dqyzndh4ph err=HttpError('InvalidRequest: Could not find repo: did:plc:67r7iporpxrgw2dqyzndh4ph')
2026-02-27T09:30:52Z WARNING bsky_collector_v2.job.index_feed_generators: listRecords failed repo=did:plc:6i24vczhd5brdhozddbtmrjg err=HttpError('InvalidRequest: Could not find repo: did:plc:6i24vczhd5brdhozddbtmrjg')
2026-02-27T09:30:52Z WARNING bsky_collector_v2.job.index_feed_generators: listRecords failed repo=did:plc:6qe2uhoket2zv6co7x2527w4 err=HttpError('InvalidRequest: Could not find repo: did:plc:6qe2uhoket2zv6co7x2527w4')
2026-02-27T09:30:52Z WARNING bsky_collector_v2.job.index_feed_generators: listRecords failed repo=did:plc:6vpwmlu2uknykvd3rkla3ipv err=HttpError('InvalidRequest: Could not find repo: did:plc:6vpwmlu2uknykvd3rkla3ipv')
2026-02-27T09:30:52Z WARNING bsky_collector_v2.job.index_feed_generators: listRecords failed repo=did:plc:7d57lzlzeinbm3uq2uib45to err=HttpError('InvalidRequest: Could not find repo: did:plc:7d57lzlzeinbm3uq2uib45to')
2026-02-27T09:30:52Z WARNING bsky_collector_v2.job.index_feed_generators: listRecords failed repo=did:plc:7lvrsfpce63yrwoilbmtxjqj err=HttpError('InvalidRequest: Could not find repo: did:plc:7lvrsfpce63yrwoilbmtxjqj')
2026-02-27T09:30:52Z WARNING bsky_collector_v2.job.index_feed_generators: listRecords failed repo=did:plc:a4y7omkaoz6owl44j7q44fmh err=HttpError('InvalidRequest: Could not find repo: did:plc:a4y7omkaoz6owl44j7q44fmh')
2026-02-27T09:30:53Z WARNING bsky_collector_v2.job.index_feed_generators: listRecords failed repo=did:plc:ekvlghbwv4p6xaiipzrutt2p err=HttpError('InvalidRequest: Could not find repo: did:plc:ekvlghbwv4p6xaiipzrutt2p')
2026-02-27T09:30:53Z WARNING bsky_collector_v2.job.index_feed_generators: listRecords failed repo=did:plc:eshtqemnx2llmbv4p4cznoit err=HttpError('InvalidRequest: Could not find repo: did:plc:eshtqemnx2llmbv4p4cznoit')
2026-02-27T09:30:53Z WARNING bsky_collector_v2.job.index_feed_generators: listRecords failed repo=did:plc:etc2pb3uog4tunxl7x2dpz3r err=HttpError('InvalidRequest: Could not find repo: did:plc:etc2pb3uog4tunxl7x2dpz3r')
2026-02-27T09:30:53Z WARNING bsky_collector_v2.job.index_feed_generators: listRecords failed repo=did:plc:fglre3fqe6u2itpv43aghkic err=HttpError('InvalidRequest: Could not find repo: did:plc:fglre3fqe6u2itpv43aghkic')
2026-02-27T09:30:53Z WARNING bsky_collector_v2.job.index_feed_generators: listRecords failed repo=did:plc:fjrlne5skoe5xcjrarxsjj3y err=HttpError('InvalidRequest: Could not find repo: did:plc:fjrlne5skoe5xcjrarxsjj3y')
2026-02-27T09:30:53Z WARNING bsky_collector_v2.job.index_feed_generators: listRecords failed repo=did:plc:fn2acxfxtgb64qxmzdocnbav err=HttpError('InvalidRequest: Could not find repo: did:plc:fn2acxfxtgb64qxmzdocnbav')
2026-02-27T09:30:53Z WARNING bsky_collector_v2.job.index_feed_generators: listRecords failed repo=did:plc:fr6olt4ws2cjuyuohtvb2gyj err=HttpError('InvalidRequest: Could not find repo: did:plc:fr6olt4ws2cjuyuohtvb2gyj')
2026-02-27T09:30:54Z WARNING bsky_collector_v2.job.index_feed_generators: listRecords failed repo=did:plc:fyfqbigp4dx4lwlmia6yzz46 err=HttpError('InvalidRequest: Could not find repo: did:plc:fyfqbigp4dx4lwlmia6yzz46')
2026-02-27T09:30:54Z WARNING bsky_collector_v2.job.index_feed_generators: listRecords failed repo=did:plc:gr6mfbskuxghza2ktr4x43jk err=HttpError('InvalidRequest: Could not find repo: did:plc:gr6mfbskuxghza2ktr4x43jk')
2026-02-27T09:30:54Z WARNING bsky_collector_v2.job.index_feed_generators: listRecords failed repo=did:plc:gxs6vp6pkwm2revsdeyh6g5v err=HttpError('InvalidRequest: Could not find repo: did:plc:gxs6vp6pkwm2revsdeyh6g5v')
2026-02-27T09:30:54Z WARNING bsky_collector_v2.job.index_feed_generators: listRecords failed repo=did:plc:her276bhf2ejtx32ar5xsrdf err=HttpError('InvalidRequest: Could not find repo: did:plc:her276bhf2ejtx32ar5xsrdf')
2026-02-27T09:30:54Z WARNING bsky_collector_v2.job.index_feed_generators: listRecords failed repo=did:plc:iaqoefvit72loqpwsvt2zkwf err=HttpError('InvalidRequest: Could not find repo: did:plc:iaqoefvit72loqpwsvt2zkwf')
2026-02-27T09:30:54Z WARNING bsky_collector_v2.job.index_feed_generators: listRecords failed repo=did:plc:izhpfqkkvjedeqwlzkbkdubu err=HttpError('InvalidRequest: Could not find repo: did:plc:izhpfqkkvjedeqwlzkbkdubu')
2026-02-27T09:30:54Z WARNING bsky_collector_v2.job.index_feed_generators: listRecords failed repo=did:plc:jb7ffjgieeunymmxyi5ixqq6 err=HttpError('InvalidRequest: Could not find repo: did:plc:jb7ffjgieeunymmxyi5ixqq6')
2026-02-27T09:30:54Z WARNING bsky_collector_v2.job.index_feed_generators: listRecords failed repo=did:plc:jzgzs2sdoiqjpwi7eyqppetu err=HttpError('InvalidRequest: Could not find repo: did:plc:jzgzs2sdoiqjpwi7eyqppetu')
2026-02-27T09:30:54Z WARNING bsky_collector_v2.job.index_feed_generators: listRecords failed repo=did:plc:k3ffedfmo5egtqoe52qjvrsw err=HttpError('InvalidRequest: Could not find repo: did:plc:k3ffedfmo5egtqoe52qjvrsw')
2026-02-27T09:30:54Z WARNING bsky_collector_v2.job.index_feed_generators: listRecords failed repo=did:plc:k4jks2wtp6g3dri2wdz4apcr err=HttpError('InvalidRequest: Could not find repo: did:plc:k4jks2wtp6g3dri2wdz4apcr')
2026-02-27T09:30:55Z WARNING bsky_collector_v2.job.index_feed_generators: listRecords failed repo=did:plc:mkbuj62sk645hquyqphzlncq err=HttpError('InvalidRequest: Could not find repo: did:plc:mkbuj62sk645hquyqphzlncq')
2026-02-27T09:30:55Z WARNING bsky_collector_v2.job.index_feed_generators: listRecords failed repo=did:plc:nnq7nsspcvfcywlzob5hbmt5 err=HttpError('InvalidRequest: Could not find repo: did:plc:nnq7nsspcvfcywlzob5hbmt5')
2026-02-27T09:30:55Z WARNING bsky_collector_v2.job.index_feed_generators: listRecords failed repo=did:plc:o672due4dyb55c4idhhebe6r err=HttpError('InvalidRequest: Could not find repo: did:plc:o672due4dyb55c4idhhebe6r')
2026-02-27T09:30:55Z WARNING bsky_collector_v2.job.index_feed_generators: listRecords failed repo=did:plc:ou47ld6vemkhjpzqiok7y4jw err=HttpError('InvalidRequest: Could not find repo: did:plc:ou47ld6vemkhjpzqiok7y4jw')
2026-02-27T09:30:55Z WARNING bsky_collector_v2.job.index_feed_generators: listRecords failed repo=did:plc:qa5ds5h7defqduffdq2cunsm err=HttpError('InvalidRequest: Could not find repo: did:plc:qa5ds5h7defqduffdq2cunsm')
2026-02-27T09:30:55Z WARNING bsky_collector_v2.job.index_feed_generators: listRecords failed repo=did:plc:qakky4axv7z2wostiexzozdv err=HttpError('InvalidRequest: Could not find repo: did:plc:qakky4axv7z2wostiexzozdv')
2026-02-27T09:30:55Z WARNING bsky_collector_v2.job.index_feed_generators: listRecords failed repo=did:plc:qmr4kmsoobadtrt2laggjgec err=HttpError('InvalidRequest: Could not find repo: did:plc:qmr4kmsoobadtrt2laggjgec')
2026-02-27T09:30:55Z WARNING bsky_collector_v2.job.index_feed_generators: listRecords failed repo=did:plc:rzvxvu3zqmbxjlxx6x6ttzrh err=HttpError('InvalidRequest: Could not find repo: did:plc:rzvxvu3zqmbxjlxx6x6ttzrh')
2026-02-27T09:30:55Z WARNING bsky_collector_v2.job.index_feed_generators: listRecords failed repo=did:plc:skawd2aaluf7sw3xzdardtw7 err=HttpError('InvalidRequest: Could not find repo: did:plc:skawd2aaluf7sw3xzdardtw7')
2026-02-27T09:30:55Z WARNING bsky_collector_v2.job.index_feed_generators: listRecords failed repo=did:plc:tgx32tcjqqs5ply64grsx7lm err=HttpError('InvalidRequest: Could not find repo: did:plc:tgx32tcjqqs5ply64grsx7lm')
2026-02-27T09:30:55Z WARNING bsky_collector_v2.job.index_feed_generators: listRecords failed repo=did:plc:uen3knxfb2ug3qr4uzhkn6es err=HttpError('InvalidRequest: Could not find repo: did:plc:uen3knxfb2ug3qr4uzhkn6es')
2026-02-27T09:30:55Z WARNING bsky_collector_v2.job.index_feed_generators: listRecords failed repo=did:plc:vo4hsfy3etmbuqdizttspl2q err=HttpError('InvalidRequest: Could not find repo: did:plc:vo4hsfy3etmbuqdizttspl2q')
2026-02-27T09:30:56Z WARNING bsky_collector_v2.job.index_feed_generators: listRecords failed repo=did:plc:vqkpdqth3ddnl6npbuiq23be err=HttpError('InvalidRequest: Could not find repo: did:plc:vqkpdqth3ddnl6npbuiq23be')
2026-02-27T09:30:56Z WARNING bsky_collector_v2.job.index_feed_generators: listRecords failed repo=did:plc:vyuv4kfnxi44vq3hw6ljqbux err=HttpError('InvalidRequest: Could not find repo: did:plc:vyuv4kfnxi44vq3hw6ljqbux')
2026-02-27T09:30:56Z WARNING bsky_collector_v2.job.index_feed_generators: listRecords failed repo=did:plc:wbplqdottgx573vd6nxu66ot err=HttpError('InvalidRequest: Could not find repo: did:plc:wbplqdottgx573vd6nxu66ot')
2026-02-27T09:30:56Z WARNING bsky_collector_v2.job.index_feed_generators: listRecords failed repo=did:plc:wrnqybdny4vrvoaieoif5mf7 err=HttpError('InvalidRequest: Could not find repo: did:plc:wrnqybdny4vrvoaieoif5mf7')
2026-02-27T09:30:56Z WARNING bsky_collector_v2.job.index_feed_generators: listRecords failed repo=did:plc:xghtn2jgrhrfi2zob6yk3gi5 err=HttpError('InvalidRequest: Could not find repo: did:plc:xghtn2jgrhrfi2zob6yk3gi5')
2026-02-27T09:30:56Z WARNING bsky_collector_v2.job.index_feed_generators: listRecords failed repo=did:plc:xhtk6khcmlktyhdznrtjmrpe err=HttpError('InvalidRequest: Could not find repo: did:plc:xhtk6khcmlktyhdznrtjmrpe')
2026-02-27T09:30:56Z WARNING bsky_collector_v2.job.index_feed_generators: listRecords failed repo=did:plc:xsw2h7olhxpodsxdfccsidrm err=HttpError('InvalidRequest: Could not find repo: did:plc:xsw2h7olhxpodsxdfccsidrm')
2026-02-27T09:30:56Z WARNING bsky_collector_v2.job.index_feed_generators: listRecords failed repo=did:plc:yapql3s6qion7hq4ptcicmna err=HttpError('InvalidRequest: Could not find repo: did:plc:yapql3s6qion7hq4ptcicmna')
2026-02-27T09:30:56Z WARNING bsky_collector_v2.job.index_feed_generators: listRecords failed repo=did:plc:22l4taojrheseazqoggv5nxr err=HttpError('InvalidRequest: Could not find repo: did:plc:22l4taojrheseazqoggv5nxr')
2026-02-27T09:30:56Z WARNING bsky_collector_v2.job.index_feed_generators: listRecords failed repo=did:plc:2ai3zvhlgd64hwpd2o3pfcd5 err=HttpError('InvalidRequest: Could not find repo: did:plc:2ai3zvhlgd64hwpd2o3pfcd5')
2026-02-27T09:30:56Z WARNING bsky_collector_v2.job.index_feed_generators: listRecords failed repo=did:plc:5gsirteec7idurbowhaszqfu err=HttpError('InvalidRequest: Could not find repo: did:plc:5gsirteec7idurbowhaszqfu')
2026-02-27T09:30:56Z WARNING bsky_collector_v2.job.index_feed_generators: listRecords failed repo=did:plc:63ih56weotldi7adbxcptmh4 err=HttpError('InvalidRequest: Could not find repo: did:plc:63ih56weotldi7adbxcptmh4')
2026-02-27T09:30:57Z WARNING bsky_collector_v2.job.index_feed_generators: listRecords failed repo=did:plc:64jc3hjz6qj2nurvwxud2hzs err=HttpError('InvalidRequest: Could not find repo: did:plc:64jc3hjz6qj2nurvwxud2hzs')
2026-02-27T09:30:57Z WARNING bsky_collector_v2.job.index_feed_generators: listRecords failed repo=did:plc:67r7iporpxrgw2dqyzndh4ph err=HttpError('InvalidRequest: Could not find repo: did:plc:67r7iporpxrgw2dqyzndh4ph')
2026-02-27T09:30:57Z WARNING bsky_collector_v2.job.index_feed_generators: listRecords failed repo=did:plc:6i24vczhd5brdhozddbtmrjg err=HttpError('InvalidRequest: Could not find repo: did:plc:6i24vczhd5brdhozddbtmrjg')
2026-02-27T09:30:57Z WARNING bsky_collector_v2.job.index_feed_generators: listRecords failed repo=did:plc:6qe2uhoket2zv6co7x2527w4 err=HttpError('InvalidRequest: Could not find repo: did:plc:6qe2uhoket2zv6co7x2527w4')
2026-02-27T09:30:57Z WARNING bsky_collector_v2.job.index_feed_generators: listRecords failed repo=did:plc:6vpwmlu2uknykvd3rkla3ipv err=HttpError('InvalidRequest: Could not find repo: did:plc:6vpwmlu2uknykvd3rkla3ipv')
2026-02-27T09:30:57Z WARNING bsky_collector_v2.job.index_feed_generators: listRecords failed repo=did:plc:7d57lzlzeinbm3uq2uib45to err=HttpError('InvalidRequest: Could not find repo: did:plc:7d57lzlzeinbm3uq2uib45to')
2026-02-27T09:30:57Z WARNING bsky_collector_v2.job.index_feed_generators: listRecords failed repo=did:plc:7lvrsfpce63yrwoilbmtxjqj err=HttpError('InvalidRequest: Could not find repo: did:plc:7lvrsfpce63yrwoilbmtxjqj')
2026-02-27T09:30:57Z WARNING bsky_collector_v2.job.index_feed_generators: listRecords failed repo=did:plc:a4y7omkaoz6owl44j7q44fmh err=HttpError('InvalidRequest: Could not find repo: did:plc:a4y7omkaoz6owl44j7q44fmh')
2026-02-27T09:30:57Z WARNING bsky_collector_v2.job.index_feed_generators: listRecords failed repo=did:plc:ekvlghbwv4p6xaiipzrutt2p err=HttpError('InvalidRequest: Could not find repo: did:plc:ekvlghbwv4p6xaiipzrutt2p')
2026-02-27T09:30:57Z WARNING bsky_collector_v2.job.index_feed_generators: listRecords failed repo=did:plc:eshtqemnx2llmbv4p4cznoit err=HttpError('InvalidRequest: Could not find repo: did:plc:eshtqemnx2llmbv4p4cznoit')
2026-02-27T09:30:57Z WARNING bsky_collector_v2.job.index_feed_generators: listRecords failed repo=did:plc:etc2pb3uog4tunxl7x2dpz3r err=HttpError('InvalidRequest: Could not find repo: did:plc:etc2pb3uog4tunxl7x2dpz3r')
2026-02-27T09:30:57Z WARNING bsky_collector_v2.job.index_feed_generators: listRecords failed repo=did:plc:fglre3fqe6u2itpv43aghkic err=HttpError('InvalidRequest: Could not find repo: did:plc:fglre3fqe6u2itpv43aghkic')
2026-02-27T09:30:57Z WARNING bsky_collector_v2.job.index_feed_generators: listRecords failed repo=did:plc:fjrlne5skoe5xcjrarxsjj3y err=HttpError('InvalidRequest: Could not find repo: did:plc:fjrlne5skoe5xcjrarxsjj3y')
2026-02-27T09:30:57Z WARNING bsky_collector_v2.job.index_feed_generators: listRecords failed repo=did:plc:fn2acxfxtgb64qxmzdocnbav err=HttpError('InvalidRequest: Could not find repo: did:plc:fn2acxfxtgb64qxmzdocnbav')
2026-02-27T09:30:58Z WARNING bsky_collector_v2.job.index_feed_generators: listRecords failed repo=did:plc:fr6olt4ws2cjuyuohtvb2gyj err=HttpError('InvalidRequest: Could not find repo: did:plc:fr6olt4ws2cjuyuohtvb2gyj')
2026-02-27T09:30:58Z WARNING bsky_collector_v2.job.index_feed_generators: listRecords failed repo=did:plc:fyfqbigp4dx4lwlmia6yzz46 err=HttpError('InvalidRequest: Could not find repo: did:plc:fyfqbigp4dx4lwlmia6yzz46')
2026-02-27T09:30:58Z WARNING bsky_collector_v2.job.index_feed_generators: listRecords failed repo=did:plc:gr6mfbskuxghza2ktr4x43jk err=HttpError('InvalidRequest: Could not find repo: did:plc:gr6mfbskuxghza2ktr4x43jk')
2026-02-27T09:30:58Z WARNING bsky_collector_v2.job.index_feed_generators: listRecords failed repo=did:plc:gxs6vp6pkwm2revsdeyh6g5v err=HttpError('InvalidRequest: Could not find repo: did:plc:gxs6vp6pkwm2revsdeyh6g5v')
2026-02-27T09:30:58Z WARNING bsky_collector_v2.job.index_feed_generators: listRecords failed repo=did:plc:her276bhf2ejtx32ar5xsrdf err=HttpError('InvalidRequest: Could not find repo: did:plc:her276bhf2ejtx32ar5xsrdf')
2026-02-27T09:30:58Z WARNING bsky_collector_v2.job.index_feed_generators: listRecords failed repo=did:plc:iaqoefvit72loqpwsvt2zkwf err=HttpError('InvalidRequest: Could not find repo: did:plc:iaqoefvit72loqpwsvt2zkwf')
2026-02-27T09:30:58Z WARNING bsky_collector_v2.job.index_feed_generators: listRecords failed repo=did:plc:izhpfqkkvjedeqwlzkbkdubu err=HttpError('InvalidRequest: Could not find repo: did:plc:izhpfqkkvjedeqwlzkbkdubu')
2026-02-27T09:30:58Z WARNING bsky_collector_v2.job.index_feed_generators: listRecords failed repo=did:plc:jb7ffjgieeunymmxyi5ixqq6 err=HttpError('InvalidRequest: Could not find repo: did:plc:jb7ffjgieeunymmxyi5ixqq6')
2026-02-27T09:30:58Z WARNING bsky_collector_v2.job.index_feed_generators: listRecords failed repo=did:plc:jzgzs2sdoiqjpwi7eyqppetu err=HttpError('InvalidRequest: Could not find repo: did:plc:jzgzs2sdoiqjpwi7eyqppetu')
2026-02-27T09:30:58Z WARNING bsky_collector_v2.job.index_feed_generators: listRecords failed repo=did:plc:k3ffedfmo5egtqoe52qjvrsw err=HttpError('InvalidRequest: Could not find repo: did:plc:k3ffedfmo5egtqoe52qjvrsw')
2026-02-27T09:30:58Z WARNING bsky_collector_v2.job.index_feed_generators: listRecords failed repo=did:plc:k4jks2wtp6g3dri2wdz4apcr err=HttpError('InvalidRequest: Could not find repo: did:plc:k4jks2wtp6g3dri2wdz4apcr')
2026-02-27T09:30:58Z WARNING bsky_collector_v2.job.index_feed_generators: listRecords failed repo=did:plc:mkbuj62sk645hquyqphzlncq err=HttpError('InvalidRequest: Could not find repo: did:plc:mkbuj62sk645hquyqphzlncq')
2026-02-27T09:30:58Z WARNING bsky_collector_v2.job.index_feed_generators: listRecords failed repo=did:plc:nnq7nsspcvfcywlzob5hbmt5 err=HttpError('InvalidRequest: Could not find repo: did:plc:nnq7nsspcvfcywlzob5hbmt5')
2026-02-27T09:30:59Z WARNING bsky_collector_v2.job.index_feed_generators: listRecords failed repo=did:plc:o672due4dyb55c4idhhebe6r err=HttpError('InvalidRequest: Could not find repo: did:plc:o672due4dyb55c4idhhebe6r')
2026-02-27T09:30:59Z WARNING bsky_collector_v2.job.index_feed_generators: listRecords failed repo=did:plc:ou47ld6vemkhjpzqiok7y4jw err=HttpError('InvalidRequest: Could not find repo: did:plc:ou47ld6vemkhjpzqiok7y4jw')
2026-02-27T09:30:59Z WARNING bsky_collector_v2.job.index_feed_generators: listRecords failed repo=did:plc:qa5ds5h7defqduffdq2cunsm err=HttpError('InvalidRequest: Could not find repo: did:plc:qa5ds5h7defqduffdq2cunsm')
2026-02-27T09:30:59Z WARNING bsky_collector_v2.job.index_feed_generators: listRecords failed repo=did:plc:qakky4axv7z2wostiexzozdv err=HttpError('InvalidRequest: Could not find repo: did:plc:qakky4axv7z2wostiexzozdv')
2026-02-27T09:30:59Z WARNING bsky_collector_v2.job.index_feed_generators: listRecords failed repo=did:plc:qmr4kmsoobadtrt2laggjgec err=HttpError('InvalidRequest: Could not find repo: did:plc:qmr4kmsoobadtrt2laggjgec')
2026-02-27T09:30:59Z WARNING bsky_collector_v2.job.index_feed_generators: listRecords failed repo=did:plc:rzvxvu3zqmbxjlxx6x6ttzrh err=HttpError('InvalidRequest: Could not find repo: did:plc:rzvxvu3zqmbxjlxx6x6ttzrh')
2026-02-27T09:30:59Z WARNING bsky_collector_v2.job.index_feed_generators: listRecords failed repo=did:plc:skawd2aaluf7sw3xzdardtw7 err=HttpError('InvalidRequest: Could not find repo: did:plc:skawd2aaluf7sw3xzdardtw7')
2026-02-27T09:30:59Z WARNING bsky_collector_v2.job.index_feed_generators: listRecords failed repo=did:plc:tgx32tcjqqs5ply64grsx7lm err=HttpError('InvalidRequest: Could not find repo: did:plc:tgx32tcjqqs5ply64grsx7lm')
2026-02-27T09:30:59Z WARNING bsky_collector_v2.job.index_feed_generators: listRecords failed repo=did:plc:uen3knxfb2ug3qr4uzhkn6es err=HttpError('InvalidRequest: Could not find repo: did:plc:uen3knxfb2ug3qr4uzhkn6es')
2026-02-27T09:31:00Z WARNING bsky_collector_v2.job.index_feed_generators: listRecords failed repo=did:plc:vo4hsfy3etmbuqdizttspl2q err=HttpError('InvalidRequest: Could not find repo: did:plc:vo4hsfy3etmbuqdizttspl2q')
2026-02-27T09:31:00Z WARNING bsky_collector_v2.job.index_feed_generators: listRecords failed repo=did:plc:vqkpdqth3ddnl6npbuiq23be err=HttpError('InvalidRequest: Could not find repo: did:plc:vqkpdqth3ddnl6npbuiq23be')
2026-02-27T09:31:00Z WARNING bsky_collector_v2.job.index_feed_generators: listRecords failed repo=did:plc:vyuv4kfnxi44vq3hw6ljqbux err=HttpError('InvalidRequest: Could not find repo: did:plc:vyuv4kfnxi44vq3hw6ljqbux')
2026-02-27T09:31:00Z WARNING bsky_collector_v2.job.index_feed_generators: listRecords failed repo=did:plc:wbplqdottgx573vd6nxu66ot err=HttpError('InvalidRequest: Could not find repo: did:plc:wbplqdottgx573vd6nxu66ot')
2026-02-27T09:31:00Z WARNING bsky_collector_v2.job.index_feed_generators: listRecords failed repo=did:plc:wrnqybdny4vrvoaieoif5mf7 err=HttpError('InvalidRequest: Could not find repo: did:plc:wrnqybdny4vrvoaieoif5mf7')
2026-02-27T09:31:00Z WARNING bsky_collector_v2.job.index_feed_generators: listRecords failed repo=did:plc:xghtn2jgrhrfi2zob6yk3gi5 err=HttpError('InvalidRequest: Could not find repo: did:plc:xghtn2jgrhrfi2zob6yk3gi5')
2026-02-27T09:31:00Z WARNING bsky_collector_v2.job.index_feed_generators: listRecords failed repo=did:plc:xhtk6khcmlktyhdznrtjmrpe err=HttpError('InvalidRequest: Could not find repo: did:plc:xhtk6khcmlktyhdznrtjmrpe')
2026-02-27T09:31:00Z WARNING bsky_collector_v2.job.index_feed_generators: listRecords failed repo=did:plc:xsw2h7olhxpodsxdfccsidrm err=HttpError('InvalidRequest: Could not find repo: did:plc:xsw2h7olhxpodsxdfccsidrm')
2026-02-27T09:31:00Z WARNING bsky_collector_v2.job.index_feed_generators: listRecords failed repo=did:plc:yapql3s6qion7hq4ptcicmna err=HttpError('InvalidRequest: Could not find repo: did:plc:yapql3s6qion7hq4ptcicmna')
2026-02-27T09:31:01Z INFO bsky_collector_v2.job.index_feed_generators: enqueued repos page=6 mode=listRepos inserted=500 repos_returned=500 next_cursor=set
2026-02-27T09:31:01Z WARNING bsky_collector_v2.job.index_feed_generators: listRecords failed repo=did:plc:24f6bldute3auobyus74x4z7 err=HttpError('InvalidRequest: Could not find repo: did:plc:24f6bldute3auobyus74x4z7')
2026-02-27T09:31:04Z WARNING bsky_collector_v2.job.index_feed_generators: listRecords failed repo=did:plc:2v6ncnt3mwf56gwtrn7alsxv err=HttpError('InvalidRequest: Could not find repo: did:plc:2v6ncnt3mwf56gwtrn7alsxv')
2026-02-27T09:31:04Z WARNING bsky_collector_v2.job.index_feed_generators: listRecords failed repo=did:plc:2vut4nnef5bixmmniuwbc7uv err=HttpError('InvalidRequest: Could not find repo: did:plc:2vut4nnef5bixmmniuwbc7uv')
2026-02-27T09:31:05Z WARNING bsky_collector_v2.job.index_feed_generators: listRecords failed repo=did:plc:2y22rji6lk64leuvxm2dlj2y err=HttpError('InvalidRequest: Could not find repo: did:plc:2y22rji6lk64leuvxm2dlj2y')
2026-02-27T09:31:07Z WARNING bsky_collector_v2.job.index_feed_generators: listRecords failed repo=did:plc:3rbtlyzofceuulejjxe5bvmq err=HttpError('InvalidRequest: Could not find repo: did:plc:3rbtlyzofceuulejjxe5bvmq')
2026-02-27T09:31:07Z WARNING bsky_collector_v2.job.index_feed_generators: listRecords failed repo=did:plc:3sqoo4zi6smfjy6i62fpz4lc err=HttpError('InvalidRequest: Could not find repo: did:plc:3sqoo4zi6smfjy6i62fpz4lc')
2026-02-27T09:31:08Z WARNING bsky_collector_v2.job.index_feed_generators: listRecords failed repo=did:plc:3xhzevv7f5bb52h4w4cryqdj err=HttpError('InvalidRequest: Could not find repo: did:plc:3xhzevv7f5bb52h4w4cryqdj')
2026-02-27T09:31:08Z WARNING bsky_collector_v2.job.index_feed_generators: listRecords failed repo=did:plc:3xj7tqcj7p4ctwgetvpllf37 err=HttpError('InvalidRequest: Could not find repo: did:plc:3xj7tqcj7p4ctwgetvpllf37')
2026-02-27T09:31:09Z WARNING bsky_collector_v2.job.index_feed_generators: listRecords failed repo=did:plc:4frlvyivltkem433iu2kjca3 err=HttpError('InvalidRequest: Could not find repo: did:plc:4frlvyivltkem433iu2kjca3')
2026-02-27T09:31:09Z WARNING bsky_collector_v2.job.index_feed_generators: listRecords failed repo=did:plc:4m3ztzlioiki5hgucxmkwrxt err=HttpError('InvalidRequest: Could not find repo: did:plc:4m3ztzlioiki5hgucxmkwrxt')
2026-02-27T09:31:10Z WARNING bsky_collector_v2.job.index_feed_generators: listRecords failed repo=did:plc:4qumnt366gwp7kcscjp4oe7x err=HttpError('InvalidRequest: Could not find repo: did:plc:4qumnt366gwp7kcscjp4oe7x')
2026-02-27T09:31:10Z WARNING bsky_collector_v2.job.index_feed_generators: listRecords failed repo=did:plc:4tfpyrkmjrkiu3tgy74kptje err=HttpError('InvalidRequest: Could not find repo: did:plc:4tfpyrkmjrkiu3tgy74kptje')
2026-02-27T09:31:12Z WARNING bsky_collector_v2.job.index_feed_generators: listRecords failed repo=did:plc:5kc6odwhtojoaidbj4kf3a2h err=HttpError('InvalidRequest: Could not find repo: did:plc:5kc6odwhtojoaidbj4kf3a2h')
2026-02-27T09:31:12Z WARNING bsky_collector_v2.job.index_feed_generators: listRecords failed repo=did:plc:5lvd5qrqs6v26uti3a73i5xm err=HttpError('InvalidRequest: Could not find repo: did:plc:5lvd5qrqs6v26uti3a73i5xm')
2026-02-27T09:31:13Z WARNING bsky_collector_v2.job.index_feed_generators: listRecords failed repo=did:plc:5yzkcaxkn3v5dnivjftvbvl4 err=HttpError('InvalidRequest: Could not find repo: did:plc:5yzkcaxkn3v5dnivjftvbvl4')
2026-02-27T09:31:14Z WARNING bsky_collector_v2.job.index_feed_generators: listRecords failed repo=did:plc:66pjquppkvbxtuwiriavevjx err=HttpError('InvalidRequest: Could not find repo: did:plc:66pjquppkvbxtuwiriavevjx')
2026-02-27T09:31:17Z WARNING bsky_collector_v2.job.index_feed_generators: listRecords failed repo=did:plc:6ttzvgqqrd7gzjlyu3xwtrrn err=HttpError('InvalidRequest: Could not find repo: did:plc:6ttzvgqqrd7gzjlyu3xwtrrn')
2026-02-27T09:31:17Z WARNING bsky_collector_v2.job.index_feed_generators: listRecords failed repo=did:plc:72z5y4xzzlhbeq3lqwxtvfob err=HttpError('InvalidRequest: Could not find repo: did:plc:72z5y4xzzlhbeq3lqwxtvfob')
2026-02-27T09:31:17Z WARNING bsky_collector_v2.job.index_feed_generators: listRecords failed repo=did:plc:7capdzwsjzr4pct7y5edfdys err=HttpError('InvalidRequest: Could not find repo: did:plc:7capdzwsjzr4pct7y5edfdys')
2026-02-27T09:31:22Z WARNING bsky_collector_v2.job.index_feed_generators: listRecords failed repo=did:plc:axm3cr7e5ddjhrhlpfaxhszy err=HttpError('InvalidRequest: Could not find repo: did:plc:axm3cr7e5ddjhrhlpfaxhszy')
2026-02-27T09:31:26Z WARNING bsky_collector_v2.job.index_feed_generators: listRecords failed repo=did:plc:c72j7f2rgylvxcuus5j76ysh err=HttpError('InvalidRequest: Could not find repo: did:plc:c72j7f2rgylvxcuus5j76ysh')
2026-02-27T09:31:26Z WARNING bsky_collector_v2.job.index_feed_generators: listRecords failed repo=did:plc:ckl44cq2wd3g7h6veegjsfku err=HttpError('InvalidRequest: Could not find repo: did:plc:ckl44cq2wd3g7h6veegjsfku')
2026-02-27T09:31:28Z WARNING bsky_collector_v2.job.index_feed_generators: listRecords failed repo=did:plc:cwzf2iurwfs2wnkpasjb6yt7 err=HttpError('InvalidRequest: Could not find repo: did:plc:cwzf2iurwfs2wnkpasjb6yt7')
2026-02-27T09:31:30Z WARNING bsky_collector_v2.job.index_feed_generators: listRecords failed repo=did:plc:dm3kngudi6c5waifrydv4553 err=HttpError('InvalidRequest: Could not find repo: did:plc:dm3kngudi6c5waifrydv4553')
2026-02-27T09:31:31Z WARNING bsky_collector_v2.job.index_feed_generators: listRecords failed repo=did:plc:dxhis4k3ql3p43wpq3usdk3i err=HttpError('InvalidRequest: Could not find repo: did:plc:dxhis4k3ql3p43wpq3usdk3i')
2026-02-27T09:31:32Z WARNING bsky_collector_v2.job.index_feed_generators: listRecords failed repo=did:plc:ekafmeeh3o57bzohu6to4v77 err=HttpError('InvalidRequest: Could not find repo: did:plc:ekafmeeh3o57bzohu6to4v77')
2026-02-27T09:31:35Z WARNING bsky_collector_v2.job.index_feed_generators: listRecords failed repo=did:plc:fnbsz35kmp7setntalzxavbc err=HttpError('InvalidRequest: Could not find repo: did:plc:fnbsz35kmp7setntalzxavbc')
2026-02-27T09:31:35Z WARNING bsky_collector_v2.job.index_feed_generators: listRecords failed repo=did:plc:friflgi35agfdnky73yhzo3c err=HttpError('InvalidRequest: Could not find repo: did:plc:friflgi35agfdnky73yhzo3c')
2026-02-27T09:31:36Z WARNING bsky_collector_v2.job.index_feed_generators: listRecords failed repo=did:plc:g3njysyy2hlfllmsxtfgpru7 err=HttpError('InvalidRequest: Could not find repo: did:plc:g3njysyy2hlfllmsxtfgpru7')
2026-02-27T09:31:36Z WARNING bsky_collector_v2.job.index_feed_generators: listRecords failed repo=did:plc:g5bfjkm5v6i6sslbqsqxah3x err=HttpError('InvalidRequest: Could not find repo: did:plc:g5bfjkm5v6i6sslbqsqxah3x')
2026-02-27T09:31:36Z WARNING bsky_collector_v2.job.index_feed_generators: listRecords failed repo=did:plc:ghbzdvkmncplsx2ecfft7cdw err=HttpError('InvalidRequest: Could not find repo: did:plc:ghbzdvkmncplsx2ecfft7cdw')
2026-02-27T09:31:39Z WARNING bsky_collector_v2.job.index_feed_generators: listRecords failed repo=did:plc:hj7wmbtjl3gqnmwbygrf7rol err=HttpError('InvalidRequest: Could not find repo: did:plc:hj7wmbtjl3gqnmwbygrf7rol')
2026-02-27T09:31:39Z WARNING bsky_collector_v2.job.index_feed_generators: listRecords failed repo=did:plc:hqgkrsq3opu5bdn5d7liqy42 err=HttpError('InvalidRequest: Could not find repo: did:plc:hqgkrsq3opu5bdn5d7liqy42')
2026-02-27T09:31:40Z WARNING bsky_collector_v2.job.index_feed_generators: listRecords failed repo=did:plc:hslimppjgjms4j57dlf3qnmj err=HttpError('InvalidRequest: Could not find repo: did:plc:hslimppjgjms4j57dlf3qnmj')
2026-02-27T09:31:40Z WARNING bsky_collector_v2.job.index_feed_generators: listRecords failed repo=did:plc:icm2sam2j6fsg6tgwepcv27m err=HttpError('InvalidRequest: Could not find repo: did:plc:icm2sam2j6fsg6tgwepcv27m')
2026-02-27T09:31:41Z WARNING bsky_collector_v2.job.index_feed_generators: listRecords failed repo=did:plc:iwla2hfowgqpytjaianwaity err=HttpError('InvalidRequest: Could not find repo: did:plc:iwla2hfowgqpytjaianwaity')
2026-02-27T09:31:45Z WARNING bsky_collector_v2.job.index_feed_generators: listRecords failed repo=did:plc:khfs6xbenml7admgjewtz3da err=HttpError('InvalidRequest: Could not find repo: did:plc:khfs6xbenml7admgjewtz3da')
2026-02-27T09:31:47Z WARNING bsky_collector_v2.job.index_feed_generators: listRecords failed repo=did:plc:lhatx7vz35uijrh3inb4lguc err=HttpError('InvalidRequest: Could not find repo: did:plc:lhatx7vz35uijrh3inb4lguc')
2026-02-27T09:31:47Z WARNING bsky_collector_v2.job.index_feed_generators: listRecords failed repo=did:plc:lj77mb47csgh3u3xwu7x3fty err=HttpError('InvalidRequest: Could not find repo: did:plc:lj77mb47csgh3u3xwu7x3fty')
2026-02-27T09:31:47Z WARNING bsky_collector_v2.job.index_feed_generators: listRecords failed repo=did:plc:lrdderdhl5bw7uvy22cbfh2x err=HttpError('InvalidRequest: Could not find repo: did:plc:lrdderdhl5bw7uvy22cbfh2x')
2026-02-27T09:31:48Z WARNING bsky_collector_v2.job.index_feed_generators: listRecords failed repo=did:plc:lrneibgxdejaxppkkwk4ipts err=HttpError('InvalidRequest: Could not find repo: did:plc:lrneibgxdejaxppkkwk4ipts')
2026-02-27T09:31:51Z WARNING bsky_collector_v2.job.index_feed_generators: listRecords failed repo=did:plc:mlln3v3hlyowwhpz7c2gfgtz err=HttpError('InvalidRequest: Could not find repo: did:plc:mlln3v3hlyowwhpz7c2gfgtz')
2026-02-27T09:31:52Z WARNING bsky_collector_v2.job.index_feed_generators: listRecords failed repo=did:plc:mygbxzn6lmwszrgs325p2jvg err=HttpError('InvalidRequest: Could not find repo: did:plc:mygbxzn6lmwszrgs325p2jvg')
2026-02-27T09:31:57Z WARNING bsky_collector_v2.job.index_feed_generators: listRecords failed repo=did:plc:od45huzvacr4zuupmwx7suxd err=HttpError('InvalidRequest: Could not find repo: did:plc:od45huzvacr4zuupmwx7suxd')
2026-02-27T09:31:59Z WARNING bsky_collector_v2.job.index_feed_generators: listRecords failed repo=did:plc:p6ceicab254yuplhpetyhdtw err=HttpError('InvalidRequest: Could not find repo: did:plc:p6ceicab254yuplhpetyhdtw')
2026-02-27T09:31:59Z WARNING bsky_collector_v2.job.index_feed_generators: listRecords failed repo=did:plc:p7xjjsaj2x7bruyuihi3kkqx err=HttpError('InvalidRequest: Could not find repo: did:plc:p7xjjsaj2x7bruyuihi3kkqx')
2026-02-27T09:32:00Z WARNING bsky_collector_v2.job.index_feed_generators: listRecords failed repo=did:plc:pe7krlx7jyttmwdbz4gfd6au err=HttpError('InvalidRequest: Could not find repo: did:plc:pe7krlx7jyttmwdbz4gfd6au')
2026-02-27T09:32:01Z WARNING bsky_collector_v2.job.index_feed_generators: listRecords failed repo=did:plc:ppqorm6ynlv2uyafy7lqvmzi err=HttpError('InvalidRequest: Could not find repo: did:plc:ppqorm6ynlv2uyafy7lqvmzi')
2026-02-27T09:32:01Z WARNING bsky_collector_v2.job.index_feed_generators: listRecords failed repo=did:plc:q4es5rrp5z5x5lxglmxwkui3 err=HttpError('InvalidRequest: Could not find repo: did:plc:q4es5rrp5z5x5lxglmxwkui3')
2026-02-27T09:32:02Z WARNING bsky_collector_v2.job.index_feed_generators: listRecords failed repo=did:plc:qj264okd66vtduvvlqzpq6vo err=HttpError('InvalidRequest: Could not find repo: did:plc:qj264okd66vtduvvlqzpq6vo')
2026-02-27T09:32:04Z WARNING bsky_collector_v2.job.index_feed_generators: listRecords failed repo=did:plc:qp2joljee3u2di2xuj5vpjot err=HttpError('InvalidRequest: Could not find repo: did:plc:qp2joljee3u2di2xuj5vpjot')
2026-02-27T09:32:04Z WARNING bsky_collector_v2.job.index_feed_generators: listRecords failed repo=did:plc:qqlo4cq3kdtxsvdcgmrefybe err=HttpError('InvalidRequest: Could not find repo: did:plc:qqlo4cq3kdtxsvdcgmrefybe')
2026-02-27T09:32:06Z WARNING bsky_collector_v2.job.index_feed_generators: listRecords failed repo=did:plc:r5ykhndyk7kylf3kfvyz4lxk err=HttpError('InvalidRequest: Could not find repo: did:plc:r5ykhndyk7kylf3kfvyz4lxk')
2026-02-27T09:32:07Z WARNING bsky_collector_v2.job.index_feed_generators: listRecords failed repo=did:plc:rdzj5wmfsndop66cxyy2n5ek err=HttpError('InvalidRequest: Could not find repo: did:plc:rdzj5wmfsndop66cxyy2n5ek')
2026-02-27T09:32:09Z WARNING bsky_collector_v2.job.index_feed_generators: listRecords failed repo=did:plc:rsqlrnhjjrjzcfnfccej2a5g err=HttpError('InvalidRequest: Could not find repo: did:plc:rsqlrnhjjrjzcfnfccej2a5g')
2026-02-27T09:32:10Z WARNING bsky_collector_v2.job.index_feed_generators: listRecords failed repo=did:plc:sap72qxbf23eovdxfu5wk3hc err=HttpError('InvalidRequest: Could not find repo: did:plc:sap72qxbf23eovdxfu5wk3hc')
2026-02-27T09:32:11Z WARNING bsky_collector_v2.job.index_feed_generators: listRecords failed repo=did:plc:srg63t2g4o7idkzakh6dbzss err=HttpError('InvalidRequest: Could not find repo: did:plc:srg63t2g4o7idkzakh6dbzss')
2026-02-27T09:32:12Z WARNING bsky_collector_v2.job.index_feed_generators: listRecords failed repo=did:plc:tbmvupwgcwdibjvq4m4l2axs err=HttpError('InvalidRequest: Could not find repo: did:plc:tbmvupwgcwdibjvq4m4l2axs')
2026-02-27T09:32:12Z WARNING bsky_collector_v2.job.index_feed_generators: listRecords failed repo=did:plc:tc32tkde4ezyincaupswyzc6 err=HttpError('InvalidRequest: Could not find repo: did:plc:tc32tkde4ezyincaupswyzc6')
2026-02-27T09:32:13Z WARNING bsky_collector_v2.job.index_feed_generators: listRecords failed repo=did:plc:to2gehguzfa2gpwbhyr2x2nk err=HttpError('InvalidRequest: Could not find repo: did:plc:to2gehguzfa2gpwbhyr2x2nk')
2026-02-27T09:32:14Z WARNING bsky_collector_v2.job.index_feed_generators: listRecords failed repo=did:plc:ucl3ez6xbf6xzktpge4ediqa err=HttpError('InvalidRequest: Could not find repo: did:plc:ucl3ez6xbf6xzktpge4ediqa')
2026-02-27T09:32:15Z WARNING bsky_collector_v2.job.index_feed_generators: listRecords failed repo=did:plc:upqlmbyo37xaanrqrztkrtax err=HttpError('InvalidRequest: Could not find repo: did:plc:upqlmbyo37xaanrqrztkrtax')
2026-02-27T09:32:18Z WARNING bsky_collector_v2.job.index_feed_generators: listRecords failed repo=did:plc:vqxsrq6ddmsu6h35mrloci3r err=HttpError('InvalidRequest: Could not find repo: did:plc:vqxsrq6ddmsu6h35mrloci3r')
2026-02-27T09:32:20Z WARNING bsky_collector_v2.job.index_feed_generators: listRecords failed repo=did:plc:wpm6i7tb7522jdntjdybnegw err=HttpError('InvalidRequest: Could not find repo: did:plc:wpm6i7tb7522jdntjdybnegw')
2026-02-27T09:32:21Z WARNING bsky_collector_v2.job.index_feed_generators: listRecords failed repo=did:plc:wshqnkoenadeo5m6e5oncmtb err=HttpError('InvalidRequest: Could not find repo: did:plc:wshqnkoenadeo5m6e5oncmtb')
2026-02-27T09:32:21Z WARNING bsky_collector_v2.job.index_feed_generators: listRecords failed repo=did:plc:wtens5bdardovwvvbl5wk6bu err=HttpError('InvalidRequest: Could not find repo: did:plc:wtens5bdardovwvvbl5wk6bu')
2026-02-27T09:32:21Z WARNING bsky_collector_v2.job.index_feed_generators: listRecords failed repo=did:plc:wtihljxqrknpxnpml4p4intf err=HttpError('InvalidRequest: Could not find repo: did:plc:wtihljxqrknpxnpml4p4intf')
2026-02-27T09:32:22Z WARNING bsky_collector_v2.job.index_feed_generators: listRecords failed repo=did:plc:xgv3gd4ubpsmzvlsnyu3sxm3 err=HttpError('InvalidRequest: Could not find repo: did:plc:xgv3gd4ubpsmzvlsnyu3sxm3')
2026-02-27T09:32:23Z WARNING bsky_collector_v2.job.index_feed_generators: listRecords failed repo=did:plc:xlbeq7qwuc3f73yykk7sdb4x err=HttpError('InvalidRequest: Could not find repo: did:plc:xlbeq7qwuc3f73yykk7sdb4x')
2026-02-27T09:32:23Z WARNING bsky_collector_v2.job.index_feed_generators: listRecords failed repo=did:plc:y2k6o5c475y3po3uf6hnshda err=HttpError('InvalidRequest: Could not find repo: did:plc:y2k6o5c475y3po3uf6hnshda')
2026-02-27T09:32:26Z WARNING bsky_collector_v2.job.index_feed_generators: listRecords failed repo=did:plc:yxdx47pwgyiyp3xu2x6eepnq err=HttpError('InvalidRequest: Could not find repo: did:plc:yxdx47pwgyiyp3xu2x6eepnq')
2026-02-27T09:32:26Z WARNING bsky_collector_v2.job.index_feed_generators: listRecords failed repo=did:plc:z2bzc3r2o6cbnco4v4yzmd6m err=HttpError('InvalidRequest: Could not find repo: did:plc:z2bzc3r2o6cbnco4v4yzmd6m')
2026-02-27T09:32:28Z WARNING bsky_collector_v2.job.index_feed_generators: listRecords failed repo=did:plc:zxb6h6vrfw7a5izjl7afdypd err=HttpError('InvalidRequest: Could not find repo: did:plc:zxb6h6vrfw7a5izjl7afdypd')
2026-02-27T09:32:29Z WARNING bsky_collector_v2.job.index_feed_generators: listRecords failed repo=did:plc:24f6bldute3auobyus74x4z7 err=HttpError('InvalidRequest: Could not find repo: did:plc:24f6bldute3auobyus74x4z7')
2026-02-27T09:32:29Z WARNING bsky_collector_v2.job.index_feed_generators: listRecords failed repo=did:plc:2v6ncnt3mwf56gwtrn7alsxv err=HttpError('InvalidRequest: Could not find repo: did:plc:2v6ncnt3mwf56gwtrn7alsxv')
2026-02-27T09:32:29Z WARNING bsky_collector_v2.job.index_feed_generators: listRecords failed repo=did:plc:2vut4nnef5bixmmniuwbc7uv err=HttpError('InvalidRequest: Could not find repo: did:plc:2vut4nnef5bixmmniuwbc7uv')
2026-02-27T09:32:29Z WARNING bsky_collector_v2.job.index_feed_generators: listRecords failed repo=did:plc:2y22rji6lk64leuvxm2dlj2y err=HttpError('InvalidRequest: Could not find repo: did:plc:2y22rji6lk64leuvxm2dlj2y')
2026-02-27T09:32:29Z WARNING bsky_collector_v2.job.index_feed_generators: listRecords failed repo=did:plc:3rbtlyzofceuulejjxe5bvmq err=HttpError('InvalidRequest: Could not find repo: did:plc:3rbtlyzofceuulejjxe5bvmq')
2026-02-27T09:32:29Z WARNING bsky_collector_v2.job.index_feed_generators: listRecords failed repo=did:plc:3sqoo4zi6smfjy6i62fpz4lc err=HttpError('InvalidRequest: Could not find repo: did:plc:3sqoo4zi6smfjy6i62fpz4lc')
2026-02-27T09:32:29Z WARNING bsky_collector_v2.job.index_feed_generators: listRecords failed repo=did:plc:3xhzevv7f5bb52h4w4cryqdj err=HttpError('InvalidRequest: Could not find repo: did:plc:3xhzevv7f5bb52h4w4cryqdj')
2026-02-27T09:32:29Z WARNING bsky_collector_v2.job.index_feed_generators: listRecords failed repo=did:plc:3xj7tqcj7p4ctwgetvpllf37 err=HttpError('InvalidRequest: Could not find repo: did:plc:3xj7tqcj7p4ctwgetvpllf37')
2026-02-27T09:32:29Z WARNING bsky_collector_v2.job.index_feed_generators: listRecords failed repo=did:plc:4frlvyivltkem433iu2kjca3 err=HttpError('InvalidRequest: Could not find repo: did:plc:4frlvyivltkem433iu2kjca3')
2026-02-27T09:32:30Z WARNING bsky_collector_v2.job.index_feed_generators: listRecords failed repo=did:plc:4m3ztzlioiki5hgucxmkwrxt err=HttpError('InvalidRequest: Could not find repo: did:plc:4m3ztzlioiki5hgucxmkwrxt')
2026-02-27T09:32:30Z WARNING bsky_collector_v2.job.index_feed_generators: listRecords failed repo=did:plc:4qumnt366gwp7kcscjp4oe7x err=HttpError('InvalidRequest: Could not find repo: did:plc:4qumnt366gwp7kcscjp4oe7x')
2026-02-27T09:32:30Z WARNING bsky_collector_v2.job.index_feed_generators: listRecords failed repo=did:plc:4tfpyrkmjrkiu3tgy74kptje err=HttpError('InvalidRequest: Could not find repo: did:plc:4tfpyrkmjrkiu3tgy74kptje')
2026-02-27T09:32:30Z WARNING bsky_collector_v2.job.index_feed_generators: listRecords failed repo=did:plc:5kc6odwhtojoaidbj4kf3a2h err=HttpError('InvalidRequest: Could not find repo: did:plc:5kc6odwhtojoaidbj4kf3a2h')
2026-02-27T09:32:30Z WARNING bsky_collector_v2.job.index_feed_generators: listRecords failed repo=did:plc:5lvd5qrqs6v26uti3a73i5xm err=HttpError('InvalidRequest: Could not find repo: did:plc:5lvd5qrqs6v26uti3a73i5xm')
2026-02-27T09:32:30Z WARNING bsky_collector_v2.job.index_feed_generators: listRecords failed repo=did:plc:5yzkcaxkn3v5dnivjftvbvl4 err=HttpError('InvalidRequest: Could not find repo: did:plc:5yzkcaxkn3v5dnivjftvbvl4')
2026-02-27T09:32:30Z WARNING bsky_collector_v2.job.index_feed_generators: listRecords failed repo=did:plc:66pjquppkvbxtuwiriavevjx err=HttpError('InvalidRequest: Could not find repo: did:plc:66pjquppkvbxtuwiriavevjx')
2026-02-27T09:32:30Z WARNING bsky_collector_v2.job.index_feed_generators: listRecords failed repo=did:plc:6ttzvgqqrd7gzjlyu3xwtrrn err=HttpError('InvalidRequest: Could not find repo: did:plc:6ttzvgqqrd7gzjlyu3xwtrrn')
2026-02-27T09:32:30Z WARNING bsky_collector_v2.job.index_feed_generators: listRecords failed repo=did:plc:72z5y4xzzlhbeq3lqwxtvfob err=HttpError('InvalidRequest: Could not find repo: did:plc:72z5y4xzzlhbeq3lqwxtvfob')
2026-02-27T09:32:30Z WARNING bsky_collector_v2.job.index_feed_generators: listRecords failed repo=did:plc:7capdzwsjzr4pct7y5edfdys err=HttpError('InvalidRequest: Could not find repo: did:plc:7capdzwsjzr4pct7y5edfdys')
2026-02-27T09:32:30Z WARNING bsky_collector_v2.job.index_feed_generators: listRecords failed repo=did:plc:axm3cr7e5ddjhrhlpfaxhszy err=HttpError('InvalidRequest: Could not find repo: did:plc:axm3cr7e5ddjhrhlpfaxhszy')
2026-02-27T09:32:31Z WARNING bsky_collector_v2.job.index_feed_generators: listRecords failed repo=did:plc:c72j7f2rgylvxcuus5j76ysh err=HttpError('InvalidRequest: Could not find repo: did:plc:c72j7f2rgylvxcuus5j76ysh')
2026-02-27T09:32:31Z WARNING bsky_collector_v2.job.index_feed_generators: listRecords failed repo=did:plc:ckl44cq2wd3g7h6veegjsfku err=HttpError('InvalidRequest: Could not find repo: did:plc:ckl44cq2wd3g7h6veegjsfku')
2026-02-27T09:32:31Z WARNING bsky_collector_v2.job.index_feed_generators: listRecords failed repo=did:plc:cwzf2iurwfs2wnkpasjb6yt7 err=HttpError('InvalidRequest: Could not find repo: did:plc:cwzf2iurwfs2wnkpasjb6yt7')
2026-02-27T09:32:31Z WARNING bsky_collector_v2.job.index_feed_generators: listRecords failed repo=did:plc:dm3kngudi6c5waifrydv4553 err=HttpError('InvalidRequest: Could not find repo: did:plc:dm3kngudi6c5waifrydv4553')
2026-02-27T09:32:31Z WARNING bsky_collector_v2.job.index_feed_generators: listRecords failed repo=did:plc:dxhis4k3ql3p43wpq3usdk3i err=HttpError('InvalidRequest: Could not find repo: did:plc:dxhis4k3ql3p43wpq3usdk3i')
2026-02-27T09:32:31Z WARNING bsky_collector_v2.job.index_feed_generators: listRecords failed repo=did:plc:ekafmeeh3o57bzohu6to4v77 err=HttpError('InvalidRequest: Could not find repo: did:plc:ekafmeeh3o57bzohu6to4v77')
2026-02-27T09:32:31Z WARNING bsky_collector_v2.job.index_feed_generators: listRecords failed repo=did:plc:fnbsz35kmp7setntalzxavbc err=HttpError('InvalidRequest: Could not find repo: did:plc:fnbsz35kmp7setntalzxavbc')
2026-02-27T09:32:31Z WARNING bsky_collector_v2.job.index_feed_generators: listRecords failed repo=did:plc:friflgi35agfdnky73yhzo3c err=HttpError('InvalidRequest: Could not find repo: did:plc:friflgi35agfdnky73yhzo3c')
2026-02-27T09:32:31Z WARNING bsky_collector_v2.job.index_feed_generators: listRecords failed repo=did:plc:g3njysyy2hlfllmsxtfgpru7 err=HttpError('InvalidRequest: Could not find repo: did:plc:g3njysyy2hlfllmsxtfgpru7')
2026-02-27T09:32:31Z WARNING bsky_collector_v2.job.index_feed_generators: listRecords failed repo=did:plc:g5bfjkm5v6i6sslbqsqxah3x err=HttpError('InvalidRequest: Could not find repo: did:plc:g5bfjkm5v6i6sslbqsqxah3x')
2026-02-27T09:32:31Z WARNING bsky_collector_v2.job.index_feed_generators: listRecords failed repo=did:plc:ghbzdvkmncplsx2ecfft7cdw err=HttpError('InvalidRequest: Could not find repo: did:plc:ghbzdvkmncplsx2ecfft7cdw')
2026-02-27T09:32:32Z WARNING bsky_collector_v2.job.index_feed_generators: listRecords failed repo=did:plc:hj7wmbtjl3gqnmwbygrf7rol err=HttpError('InvalidRequest: Could not find repo: did:plc:hj7wmbtjl3gqnmwbygrf7rol')
2026-02-27T09:32:32Z WARNING bsky_collector_v2.job.index_feed_generators: listRecords failed repo=did:plc:hqgkrsq3opu5bdn5d7liqy42 err=HttpError('InvalidRequest: Could not find repo: did:plc:hqgkrsq3opu5bdn5d7liqy42')
2026-02-27T09:32:32Z WARNING bsky_collector_v2.job.index_feed_generators: listRecords failed repo=did:plc:hslimppjgjms4j57dlf3qnmj err=HttpError('InvalidRequest: Could not find repo: did:plc:hslimppjgjms4j57dlf3qnmj')
2026-02-27T09:32:32Z WARNING bsky_collector_v2.job.index_feed_generators: listRecords failed repo=did:plc:icm2sam2j6fsg6tgwepcv27m err=HttpError('InvalidRequest: Could not find repo: did:plc:icm2sam2j6fsg6tgwepcv27m')
2026-02-27T09:32:32Z WARNING bsky_collector_v2.job.index_feed_generators: listRecords failed repo=did:plc:iwla2hfowgqpytjaianwaity err=HttpError('InvalidRequest: Could not find repo: did:plc:iwla2hfowgqpytjaianwaity')
2026-02-27T09:32:32Z WARNING bsky_collector_v2.job.index_feed_generators: listRecords failed repo=did:plc:khfs6xbenml7admgjewtz3da err=HttpError('InvalidRequest: Could not find repo: did:plc:khfs6xbenml7admgjewtz3da')
2026-02-27T09:32:32Z WARNING bsky_collector_v2.job.index_feed_generators: listRecords failed repo=did:plc:lhatx7vz35uijrh3inb4lguc err=HttpError('InvalidRequest: Could not find repo: did:plc:lhatx7vz35uijrh3inb4lguc')
2026-02-27T09:32:32Z WARNING bsky_collector_v2.job.index_feed_generators: listRecords failed repo=did:plc:lj77mb47csgh3u3xwu7x3fty err=HttpError('InvalidRequest: Could not find repo: did:plc:lj77mb47csgh3u3xwu7x3fty')
2026-02-27T09:32:33Z WARNING bsky_collector_v2.job.index_feed_generators: listRecords failed repo=did:plc:lrdderdhl5bw7uvy22cbfh2x err=HttpError('InvalidRequest: Could not find repo: did:plc:lrdderdhl5bw7uvy22cbfh2x')
2026-02-27T09:32:33Z WARNING bsky_collector_v2.job.index_feed_generators: listRecords failed repo=did:plc:lrneibgxdejaxppkkwk4ipts err=HttpError('InvalidRequest: Could not find repo: did:plc:lrneibgxdejaxppkkwk4ipts')
2026-02-27T09:32:33Z WARNING bsky_collector_v2.job.index_feed_generators: listRecords failed repo=did:plc:mlln3v3hlyowwhpz7c2gfgtz err=HttpError('InvalidRequest: Could not find repo: did:plc:mlln3v3hlyowwhpz7c2gfgtz')
2026-02-27T09:32:33Z WARNING bsky_collector_v2.job.index_feed_generators: listRecords failed repo=did:plc:mygbxzn6lmwszrgs325p2jvg err=HttpError('InvalidRequest: Could not find repo: did:plc:mygbxzn6lmwszrgs325p2jvg')
2026-02-27T09:32:33Z WARNING bsky_collector_v2.job.index_feed_generators: listRecords failed repo=did:plc:od45huzvacr4zuupmwx7suxd err=HttpError('InvalidRequest: Could not find repo: did:plc:od45huzvacr4zuupmwx7suxd')
2026-02-27T09:32:33Z WARNING bsky_collector_v2.job.index_feed_generators: listRecords failed repo=did:plc:p6ceicab254yuplhpetyhdtw err=HttpError('InvalidRequest: Could not find repo: did:plc:p6ceicab254yuplhpetyhdtw')
2026-02-27T09:32:33Z WARNING bsky_collector_v2.job.index_feed_generators: listRecords failed repo=did:plc:p7xjjsaj2x7bruyuihi3kkqx err=HttpError('InvalidRequest: Could not find repo: did:plc:p7xjjsaj2x7bruyuihi3kkqx')
2026-02-27T09:32:33Z WARNING bsky_collector_v2.job.index_feed_generators: listRecords failed repo=did:plc:pe7krlx7jyttmwdbz4gfd6au err=HttpError('InvalidRequest: Could not find repo: did:plc:pe7krlx7jyttmwdbz4gfd6au')
2026-02-27T09:32:33Z WARNING bsky_collector_v2.job.index_feed_generators: listRecords failed repo=did:plc:ppqorm6ynlv2uyafy7lqvmzi err=HttpError('InvalidRequest: Could not find repo: did:plc:ppqorm6ynlv2uyafy7lqvmzi')
2026-02-27T09:32:33Z WARNING bsky_collector_v2.job.index_feed_generators: listRecords failed repo=did:plc:q4es5rrp5z5x5lxglmxwkui3 err=HttpError('InvalidRequest: Could not find repo: did:plc:q4es5rrp5z5x5lxglmxwkui3')
2026-02-27T09:32:33Z WARNING bsky_collector_v2.job.index_feed_generators: listRecords failed repo=did:plc:qj264okd66vtduvvlqzpq6vo err=HttpError('InvalidRequest: Could not find repo: did:plc:qj264okd66vtduvvlqzpq6vo')
2026-02-27T09:32:33Z WARNING bsky_collector_v2.job.index_feed_generators: listRecords failed repo=did:plc:qp2joljee3u2di2xuj5vpjot err=HttpError('InvalidRequest: Could not find repo: did:plc:qp2joljee3u2di2xuj5vpjot')
2026-02-27T09:32:34Z WARNING bsky_collector_v2.job.index_feed_generators: listRecords failed repo=did:plc:qqlo4cq3kdtxsvdcgmrefybe err=HttpError('InvalidRequest: Could not find repo: did:plc:qqlo4cq3kdtxsvdcgmrefybe')
2026-02-27T09:32:34Z WARNING bsky_collector_v2.job.index_feed_generators: listRecords failed repo=did:plc:r5ykhndyk7kylf3kfvyz4lxk err=HttpError('InvalidRequest: Could not find repo: did:plc:r5ykhndyk7kylf3kfvyz4lxk')
2026-02-27T09:32:34Z WARNING bsky_collector_v2.job.index_feed_generators: listRecords failed repo=did:plc:rdzj5wmfsndop66cxyy2n5ek err=HttpError('InvalidRequest: Could not find repo: did:plc:rdzj5wmfsndop66cxyy2n5ek')
2026-02-27T09:32:34Z WARNING bsky_collector_v2.job.index_feed_generators: listRecords failed repo=did:plc:rsqlrnhjjrjzcfnfccej2a5g err=HttpError('InvalidRequest: Could not find repo: did:plc:rsqlrnhjjrjzcfnfccej2a5g')
2026-02-27T09:32:34Z WARNING bsky_collector_v2.job.index_feed_generators: listRecords failed repo=did:plc:sap72qxbf23eovdxfu5wk3hc err=HttpError('InvalidRequest: Could not find repo: did:plc:sap72qxbf23eovdxfu5wk3hc')
2026-02-27T09:32:34Z WARNING bsky_collector_v2.job.index_feed_generators: listRecords failed repo=did:plc:srg63t2g4o7idkzakh6dbzss err=HttpError('InvalidRequest: Could not find repo: did:plc:srg63t2g4o7idkzakh6dbzss')
2026-02-27T09:32:34Z WARNING bsky_collector_v2.job.index_feed_generators: listRecords failed repo=did:plc:tbmvupwgcwdibjvq4m4l2axs err=HttpError('InvalidRequest: Could not find repo: did:plc:tbmvupwgcwdibjvq4m4l2axs')
2026-02-27T09:32:34Z WARNING bsky_collector_v2.job.index_feed_generators: listRecords failed repo=did:plc:tc32tkde4ezyincaupswyzc6 err=HttpError('InvalidRequest: Could not find repo: did:plc:tc32tkde4ezyincaupswyzc6')
2026-02-27T09:32:34Z WARNING bsky_collector_v2.job.index_feed_generators: listRecords failed repo=did:plc:to2gehguzfa2gpwbhyr2x2nk err=HttpError('InvalidRequest: Could not find repo: did:plc:to2gehguzfa2gpwbhyr2x2nk')
2026-02-27T09:32:34Z WARNING bsky_collector_v2.job.index_feed_generators: listRecords failed repo=did:plc:ucl3ez6xbf6xzktpge4ediqa err=HttpError('InvalidRequest: Could not find repo: did:plc:ucl3ez6xbf6xzktpge4ediqa')
2026-02-27T09:32:34Z WARNING bsky_collector_v2.job.index_feed_generators: listRecords failed repo=did:plc:upqlmbyo37xaanrqrztkrtax err=HttpError('InvalidRequest: Could not find repo: did:plc:upqlmbyo37xaanrqrztkrtax')
2026-02-27T09:32:34Z WARNING bsky_collector_v2.job.index_feed_generators: listRecords failed repo=did:plc:vqxsrq6ddmsu6h35mrloci3r err=HttpError('InvalidRequest: Could not find repo: did:plc:vqxsrq6ddmsu6h35mrloci3r')
2026-02-27T09:32:34Z WARNING bsky_collector_v2.job.index_feed_generators: listRecords failed repo=did:plc:wpm6i7tb7522jdntjdybnegw err=HttpError('InvalidRequest: Could not find repo: did:plc:wpm6i7tb7522jdntjdybnegw')
2026-02-27T09:32:35Z WARNING bsky_collector_v2.job.index_feed_generators: listRecords failed repo=did:plc:wshqnkoenadeo5m6e5oncmtb err=HttpError('InvalidRequest: Could not find repo: did:plc:wshqnkoenadeo5m6e5oncmtb')
2026-02-27T09:32:35Z WARNING bsky_collector_v2.job.index_feed_generators: listRecords failed repo=did:plc:wtens5bdardovwvvbl5wk6bu err=HttpError('InvalidRequest: Could not find repo: did:plc:wtens5bdardovwvvbl5wk6bu')
2026-02-27T09:32:35Z WARNING bsky_collector_v2.job.index_feed_generators: listRecords failed repo=did:plc:wtihljxqrknpxnpml4p4intf err=HttpError('InvalidRequest: Could not find repo: did:plc:wtihljxqrknpxnpml4p4intf')
2026-02-27T09:32:35Z WARNING bsky_collector_v2.job.index_feed_generators: listRecords failed repo=did:plc:xgv3gd4ubpsmzvlsnyu3sxm3 err=HttpError('InvalidRequest: Could not find repo: did:plc:xgv3gd4ubpsmzvlsnyu3sxm3')
2026-02-27T09:32:35Z WARNING bsky_collector_v2.job.index_feed_generators: listRecords failed repo=did:plc:xlbeq7qwuc3f73yykk7sdb4x err=HttpError('InvalidRequest: Could not find repo: did:plc:xlbeq7qwuc3f73yykk7sdb4x')
2026-02-27T09:32:35Z WARNING bsky_collector_v2.job.index_feed_generators: listRecords failed repo=did:plc:y2k6o5c475y3po3uf6hnshda err=HttpError('InvalidRequest: Could not find repo: did:plc:y2k6o5c475y3po3uf6hnshda')
2026-02-27T09:32:35Z WARNING bsky_collector_v2.job.index_feed_generators: listRecords failed repo=did:plc:yxdx47pwgyiyp3xu2x6eepnq err=HttpError('InvalidRequest: Could not find repo: did:plc:yxdx47pwgyiyp3xu2x6eepnq')
2026-02-27T09:32:35Z WARNING bsky_collector_v2.job.index_feed_generators: listRecords failed repo=did:plc:z2bzc3r2o6cbnco4v4yzmd6m err=HttpError('InvalidRequest: Could not find repo: did:plc:z2bzc3r2o6cbnco4v4yzmd6m')
2026-02-27T09:32:35Z WARNING bsky_collector_v2.job.index_feed_generators: listRecords failed repo=did:plc:zxb6h6vrfw7a5izjl7afdypd err=HttpError('InvalidRequest: Could not find repo: did:plc:zxb6h6vrfw7a5izjl7afdypd')
2026-02-27T09:32:35Z WARNING bsky_collector_v2.job.index_feed_generators: listRecords failed repo=did:plc:24f6bldute3auobyus74x4z7 err=HttpError('InvalidRequest: Could not find repo: did:plc:24f6bldute3auobyus74x4z7')
2026-02-27T09:32:35Z WARNING bsky_collector_v2.job.index_feed_generators: listRecords failed repo=did:plc:2v6ncnt3mwf56gwtrn7alsxv err=HttpError('InvalidRequest: Could not find repo: did:plc:2v6ncnt3mwf56gwtrn7alsxv')
2026-02-27T09:32:35Z WARNING bsky_collector_v2.job.index_feed_generators: listRecords failed repo=did:plc:2vut4nnef5bixmmniuwbc7uv err=HttpError('InvalidRequest: Could not find repo: did:plc:2vut4nnef5bixmmniuwbc7uv')
2026-02-27T09:32:36Z WARNING bsky_collector_v2.job.index_feed_generators: listRecords failed repo=did:plc:2y22rji6lk64leuvxm2dlj2y err=HttpError('InvalidRequest: Could not find repo: did:plc:2y22rji6lk64leuvxm2dlj2y')
2026-02-27T09:32:36Z WARNING bsky_collector_v2.job.index_feed_generators: listRecords failed repo=did:plc:3rbtlyzofceuulejjxe5bvmq err=HttpError('InvalidRequest: Could not find repo: did:plc:3rbtlyzofceuulejjxe5bvmq')
2026-02-27T09:32:36Z WARNING bsky_collector_v2.job.index_feed_generators: listRecords failed repo=did:plc:3sqoo4zi6smfjy6i62fpz4lc err=HttpError('InvalidRequest: Could not find repo: did:plc:3sqoo4zi6smfjy6i62fpz4lc')
2026-02-27T09:32:36Z WARNING bsky_collector_v2.job.index_feed_generators: listRecords failed repo=did:plc:3xhzevv7f5bb52h4w4cryqdj err=HttpError('InvalidRequest: Could not find repo: did:plc:3xhzevv7f5bb52h4w4cryqdj')
2026-02-27T09:32:36Z WARNING bsky_collector_v2.job.index_feed_generators: listRecords failed repo=did:plc:3xj7tqcj7p4ctwgetvpllf37 err=HttpError('InvalidRequest: Could not find repo: did:plc:3xj7tqcj7p4ctwgetvpllf37')
2026-02-27T09:32:36Z WARNING bsky_collector_v2.job.index_feed_generators: listRecords failed repo=did:plc:4frlvyivltkem433iu2kjca3 err=HttpError('InvalidRequest: Could not find repo: did:plc:4frlvyivltkem433iu2kjca3')
2026-02-27T09:32:36Z WARNING bsky_collector_v2.job.index_feed_generators: listRecords failed repo=did:plc:4m3ztzlioiki5hgucxmkwrxt err=HttpError('InvalidRequest: Could not find repo: did:plc:4m3ztzlioiki5hgucxmkwrxt')
2026-02-27T09:32:36Z WARNING bsky_collector_v2.job.index_feed_generators: listRecords failed repo=did:plc:4qumnt366gwp7kcscjp4oe7x err=HttpError('InvalidRequest: Could not find repo: did:plc:4qumnt366gwp7kcscjp4oe7x')
2026-02-27T09:32:36Z WARNING bsky_collector_v2.job.index_feed_generators: listRecords failed repo=did:plc:4tfpyrkmjrkiu3tgy74kptje err=HttpError('InvalidRequest: Could not find repo: did:plc:4tfpyrkmjrkiu3tgy74kptje')
2026-02-27T09:32:37Z WARNING bsky_collector_v2.job.index_feed_generators: listRecords failed repo=did:plc:5kc6odwhtojoaidbj4kf3a2h err=HttpError('InvalidRequest: Could not find repo: did:plc:5kc6odwhtojoaidbj4kf3a2h')
2026-02-27T09:32:37Z WARNING bsky_collector_v2.job.index_feed_generators: listRecords failed repo=did:plc:5lvd5qrqs6v26uti3a73i5xm err=HttpError('InvalidRequest: Could not find repo: did:plc:5lvd5qrqs6v26uti3a73i5xm')
2026-02-27T09:32:37Z WARNING bsky_collector_v2.job.index_feed_generators: listRecords failed repo=did:plc:5yzkcaxkn3v5dnivjftvbvl4 err=HttpError('InvalidRequest: Could not find repo: did:plc:5yzkcaxkn3v5dnivjftvbvl4')
2026-02-27T09:32:37Z WARNING bsky_collector_v2.job.index_feed_generators: listRecords failed repo=did:plc:66pjquppkvbxtuwiriavevjx err=HttpError('InvalidRequest: Could not find repo: did:plc:66pjquppkvbxtuwiriavevjx')
2026-02-27T09:32:37Z WARNING bsky_collector_v2.job.index_feed_generators: listRecords failed repo=did:plc:6ttzvgqqrd7gzjlyu3xwtrrn err=HttpError('InvalidRequest: Could not find repo: did:plc:6ttzvgqqrd7gzjlyu3xwtrrn')
2026-02-27T09:32:37Z WARNING bsky_collector_v2.job.index_feed_generators: listRecords failed repo=did:plc:72z5y4xzzlhbeq3lqwxtvfob err=HttpError('InvalidRequest: Could not find repo: did:plc:72z5y4xzzlhbeq3lqwxtvfob')
2026-02-27T09:32:37Z WARNING bsky_collector_v2.job.index_feed_generators: listRecords failed repo=did:plc:7capdzwsjzr4pct7y5edfdys err=HttpError('InvalidRequest: Could not find repo: did:plc:7capdzwsjzr4pct7y5edfdys')
2026-02-27T09:32:37Z WARNING bsky_collector_v2.job.index_feed_generators: listRecords failed repo=did:plc:axm3cr7e5ddjhrhlpfaxhszy err=HttpError('InvalidRequest: Could not find repo: did:plc:axm3cr7e5ddjhrhlpfaxhszy')
2026-02-27T09:32:37Z WARNING bsky_collector_v2.job.index_feed_generators: listRecords failed repo=did:plc:c72j7f2rgylvxcuus5j76ysh err=HttpError('InvalidRequest: Could not find repo: did:plc:c72j7f2rgylvxcuus5j76ysh')
2026-02-27T09:32:37Z WARNING bsky_collector_v2.job.index_feed_generators: listRecords failed repo=did:plc:ckl44cq2wd3g7h6veegjsfku err=HttpError('InvalidRequest: Could not find repo: did:plc:ckl44cq2wd3g7h6veegjsfku')
2026-02-27T09:32:37Z WARNING bsky_collector_v2.job.index_feed_generators: listRecords failed repo=did:plc:cwzf2iurwfs2wnkpasjb6yt7 err=HttpError('InvalidRequest: Could not find repo: did:plc:cwzf2iurwfs2wnkpasjb6yt7')
2026-02-27T09:32:37Z WARNING bsky_collector_v2.job.index_feed_generators: listRecords failed repo=did:plc:dm3kngudi6c5waifrydv4553 err=HttpError('InvalidRequest: Could not find repo: did:plc:dm3kngudi6c5waifrydv4553')
2026-02-27T09:32:37Z WARNING bsky_collector_v2.job.index_feed_generators: listRecords failed repo=did:plc:dxhis4k3ql3p43wpq3usdk3i err=HttpError('InvalidRequest: Could not find repo: did:plc:dxhis4k3ql3p43wpq3usdk3i')
2026-02-27T09:32:38Z WARNING bsky_collector_v2.job.index_feed_generators: listRecords failed repo=did:plc:ekafmeeh3o57bzohu6to4v77 err=HttpError('InvalidRequest: Could not find repo: did:plc:ekafmeeh3o57bzohu6to4v77')
2026-02-27T09:32:38Z WARNING bsky_collector_v2.job.index_feed_generators: listRecords failed repo=did:plc:fnbsz35kmp7setntalzxavbc err=HttpError('InvalidRequest: Could not find repo: did:plc:fnbsz35kmp7setntalzxavbc')
2026-02-27T09:32:38Z WARNING bsky_collector_v2.job.index_feed_generators: listRecords failed repo=did:plc:friflgi35agfdnky73yhzo3c err=HttpError('InvalidRequest: Could not find repo: did:plc:friflgi35agfdnky73yhzo3c')
2026-02-27T09:32:38Z WARNING bsky_collector_v2.job.index_feed_generators: listRecords failed repo=did:plc:g3njysyy2hlfllmsxtfgpru7 err=HttpError('InvalidRequest: Could not find repo: did:plc:g3njysyy2hlfllmsxtfgpru7')
2026-02-27T09:32:38Z WARNING bsky_collector_v2.job.index_feed_generators: listRecords failed repo=did:plc:g5bfjkm5v6i6sslbqsqxah3x err=HttpError('InvalidRequest: Could not find repo: did:plc:g5bfjkm5v6i6sslbqsqxah3x')
2026-02-27T09:32:38Z WARNING bsky_collector_v2.job.index_feed_generators: listRecords failed repo=did:plc:ghbzdvkmncplsx2ecfft7cdw err=HttpError('InvalidRequest: Could not find repo: did:plc:ghbzdvkmncplsx2ecfft7cdw')
2026-02-27T09:32:38Z WARNING bsky_collector_v2.job.index_feed_generators: listRecords failed repo=did:plc:hj7wmbtjl3gqnmwbygrf7rol err=HttpError('InvalidRequest: Could not find repo: did:plc:hj7wmbtjl3gqnmwbygrf7rol')
2026-02-27T09:32:38Z WARNING bsky_collector_v2.job.index_feed_generators: listRecords failed repo=did:plc:hqgkrsq3opu5bdn5d7liqy42 err=HttpError('InvalidRequest: Could not find repo: did:plc:hqgkrsq3opu5bdn5d7liqy42')
2026-02-27T09:32:38Z WARNING bsky_collector_v2.job.index_feed_generators: listRecords failed repo=did:plc:hslimppjgjms4j57dlf3qnmj err=HttpError('InvalidRequest: Could not find repo: did:plc:hslimppjgjms4j57dlf3qnmj')
2026-02-27T09:32:38Z WARNING bsky_collector_v2.job.index_feed_generators: listRecords failed repo=did:plc:icm2sam2j6fsg6tgwepcv27m err=HttpError('InvalidRequest: Could not find repo: did:plc:icm2sam2j6fsg6tgwepcv27m')
2026-02-27T09:32:38Z WARNING bsky_collector_v2.job.index_feed_generators: listRecords failed repo=did:plc:iwla2hfowgqpytjaianwaity err=HttpError('InvalidRequest: Could not find repo: did:plc:iwla2hfowgqpytjaianwaity')
2026-02-27T09:32:38Z WARNING bsky_collector_v2.job.index_feed_generators: listRecords failed repo=did:plc:khfs6xbenml7admgjewtz3da err=HttpError('InvalidRequest: Could not find repo: did:plc:khfs6xbenml7admgjewtz3da')
2026-02-27T09:32:39Z WARNING bsky_collector_v2.job.index_feed_generators: listRecords failed repo=did:plc:lhatx7vz35uijrh3inb4lguc err=HttpError('InvalidRequest: Could not find repo: did:plc:lhatx7vz35uijrh3inb4lguc')
2026-02-27T09:32:39Z WARNING bsky_collector_v2.job.index_feed_generators: listRecords failed repo=did:plc:lj77mb47csgh3u3xwu7x3fty err=HttpError('InvalidRequest: Could not find repo: did:plc:lj77mb47csgh3u3xwu7x3fty')
2026-02-27T09:32:39Z WARNING bsky_collector_v2.job.index_feed_generators: listRecords failed repo=did:plc:lrdderdhl5bw7uvy22cbfh2x err=HttpError('InvalidRequest: Could not find repo: did:plc:lrdderdhl5bw7uvy22cbfh2x')
2026-02-27T09:32:39Z WARNING bsky_collector_v2.job.index_feed_generators: listRecords failed repo=did:plc:lrneibgxdejaxppkkwk4ipts err=HttpError('InvalidRequest: Could not find repo: did:plc:lrneibgxdejaxppkkwk4ipts')
2026-02-27T09:32:39Z WARNING bsky_collector_v2.job.index_feed_generators: listRecords failed repo=did:plc:mlln3v3hlyowwhpz7c2gfgtz err=HttpError('InvalidRequest: Could not find repo: did:plc:mlln3v3hlyowwhpz7c2gfgtz')
2026-02-27T09:32:39Z WARNING bsky_collector_v2.job.index_feed_generators: listRecords failed repo=did:plc:mygbxzn6lmwszrgs325p2jvg err=HttpError('InvalidRequest: Could not find repo: did:plc:mygbxzn6lmwszrgs325p2jvg')
2026-02-27T09:32:39Z WARNING bsky_collector_v2.job.index_feed_generators: listRecords failed repo=did:plc:od45huzvacr4zuupmwx7suxd err=HttpError('InvalidRequest: Could not find repo: did:plc:od45huzvacr4zuupmwx7suxd')
2026-02-27T09:32:39Z WARNING bsky_collector_v2.job.index_feed_generators: listRecords failed repo=did:plc:p6ceicab254yuplhpetyhdtw err=HttpError('InvalidRequest: Could not find repo: did:plc:p6ceicab254yuplhpetyhdtw')
2026-02-27T09:32:39Z WARNING bsky_collector_v2.job.index_feed_generators: listRecords failed repo=did:plc:p7xjjsaj2x7bruyuihi3kkqx err=HttpError('InvalidRequest: Could not find repo: did:plc:p7xjjsaj2x7bruyuihi3kkqx')
2026-02-27T09:32:39Z WARNING bsky_collector_v2.job.index_feed_generators: listRecords failed repo=did:plc:pe7krlx7jyttmwdbz4gfd6au err=HttpError('InvalidRequest: Could not find repo: did:plc:pe7krlx7jyttmwdbz4gfd6au')
2026-02-27T09:32:39Z WARNING bsky_collector_v2.job.index_feed_generators: listRecords failed repo=did:plc:ppqorm6ynlv2uyafy7lqvmzi err=HttpError('InvalidRequest: Could not find repo: did:plc:ppqorm6ynlv2uyafy7lqvmzi')
2026-02-27T09:32:39Z WARNING bsky_collector_v2.job.index_feed_generators: listRecords failed repo=did:plc:q4es5rrp5z5x5lxglmxwkui3 err=HttpError('InvalidRequest: Could not find repo: did:plc:q4es5rrp5z5x5lxglmxwkui3')
2026-02-27T09:32:40Z WARNING bsky_collector_v2.job.index_feed_generators: listRecords failed repo=did:plc:qj264okd66vtduvvlqzpq6vo err=HttpError('InvalidRequest: Could not find repo: did:plc:qj264okd66vtduvvlqzpq6vo')
2026-02-27T09:32:40Z WARNING bsky_collector_v2.job.index_feed_generators: listRecords failed repo=did:plc:qp2joljee3u2di2xuj5vpjot err=HttpError('InvalidRequest: Could not find repo: did:plc:qp2joljee3u2di2xuj5vpjot')
2026-02-27T09:32:40Z WARNING bsky_collector_v2.job.index_feed_generators: listRecords failed repo=did:plc:qqlo4cq3kdtxsvdcgmrefybe err=HttpError('InvalidRequest: Could not find repo: did:plc:qqlo4cq3kdtxsvdcgmrefybe')
2026-02-27T09:32:40Z WARNING bsky_collector_v2.job.index_feed_generators: listRecords failed repo=did:plc:r5ykhndyk7kylf3kfvyz4lxk err=HttpError('InvalidRequest: Could not find repo: did:plc:r5ykhndyk7kylf3kfvyz4lxk')
2026-02-27T09:32:40Z WARNING bsky_collector_v2.job.index_feed_generators: listRecords failed repo=did:plc:rdzj5wmfsndop66cxyy2n5ek err=HttpError('InvalidRequest: Could not find repo: did:plc:rdzj5wmfsndop66cxyy2n5ek')
2026-02-27T09:32:40Z WARNING bsky_collector_v2.job.index_feed_generators: listRecords failed repo=did:plc:rsqlrnhjjrjzcfnfccej2a5g err=HttpError('InvalidRequest: Could not find repo: did:plc:rsqlrnhjjrjzcfnfccej2a5g')
2026-02-27T09:32:40Z WARNING bsky_collector_v2.job.index_feed_generators: listRecords failed repo=did:plc:sap72qxbf23eovdxfu5wk3hc err=HttpError('InvalidRequest: Could not find repo: did:plc:sap72qxbf23eovdxfu5wk3hc')
2026-02-27T09:32:40Z WARNING bsky_collector_v2.job.index_feed_generators: listRecords failed repo=did:plc:srg63t2g4o7idkzakh6dbzss err=HttpError('InvalidRequest: Could not find repo: did:plc:srg63t2g4o7idkzakh6dbzss')
2026-02-27T09:32:40Z WARNING bsky_collector_v2.job.index_feed_generators: listRecords failed repo=did:plc:tbmvupwgcwdibjvq4m4l2axs err=HttpError('InvalidRequest: Could not find repo: did:plc:tbmvupwgcwdibjvq4m4l2axs')
2026-02-27T09:32:40Z WARNING bsky_collector_v2.job.index_feed_generators: listRecords failed repo=did:plc:tc32tkde4ezyincaupswyzc6 err=HttpError('InvalidRequest: Could not find repo: did:plc:tc32tkde4ezyincaupswyzc6')
2026-02-27T09:32:40Z WARNING bsky_collector_v2.job.index_feed_generators: listRecords failed repo=did:plc:to2gehguzfa2gpwbhyr2x2nk err=HttpError('InvalidRequest: Could not find repo: did:plc:to2gehguzfa2gpwbhyr2x2nk')
2026-02-27T09:32:41Z WARNING bsky_collector_v2.job.index_feed_generators: listRecords failed repo=did:plc:ucl3ez6xbf6xzktpge4ediqa err=HttpError('InvalidRequest: Could not find repo: did:plc:ucl3ez6xbf6xzktpge4ediqa')
2026-02-27T09:32:41Z WARNING bsky_collector_v2.job.index_feed_generators: listRecords failed repo=did:plc:upqlmbyo37xaanrqrztkrtax err=HttpError('InvalidRequest: Could not find repo: did:plc:upqlmbyo37xaanrqrztkrtax')
2026-02-27T09:32:41Z WARNING bsky_collector_v2.job.index_feed_generators: listRecords failed repo=did:plc:vqxsrq6ddmsu6h35mrloci3r err=HttpError('InvalidRequest: Could not find repo: did:plc:vqxsrq6ddmsu6h35mrloci3r')
2026-02-27T09:32:41Z WARNING bsky_collector_v2.job.index_feed_generators: listRecords failed repo=did:plc:wpm6i7tb7522jdntjdybnegw err=HttpError('InvalidRequest: Could not find repo: did:plc:wpm6i7tb7522jdntjdybnegw')
2026-02-27T09:32:41Z WARNING bsky_collector_v2.job.index_feed_generators: listRecords failed repo=did:plc:wshqnkoenadeo5m6e5oncmtb err=HttpError('InvalidRequest: Could not find repo: did:plc:wshqnkoenadeo5m6e5oncmtb')
2026-02-27T09:32:41Z WARNING bsky_collector_v2.job.index_feed_generators: listRecords failed repo=did:plc:wtens5bdardovwvvbl5wk6bu err=HttpError('InvalidRequest: Could not find repo: did:plc:wtens5bdardovwvvbl5wk6bu')
2026-02-27T09:32:41Z WARNING bsky_collector_v2.job.index_feed_generators: listRecords failed repo=did:plc:wtihljxqrknpxnpml4p4intf err=HttpError('InvalidRequest: Could not find repo: did:plc:wtihljxqrknpxnpml4p4intf')
2026-02-27T09:32:41Z WARNING bsky_collector_v2.job.index_feed_generators: listRecords failed repo=did:plc:xgv3gd4ubpsmzvlsnyu3sxm3 err=HttpError('InvalidRequest: Could not find repo: did:plc:xgv3gd4ubpsmzvlsnyu3sxm3')
2026-02-27T09:32:41Z WARNING bsky_collector_v2.job.index_feed_generators: listRecords failed repo=did:plc:xlbeq7qwuc3f73yykk7sdb4x err=HttpError('InvalidRequest: Could not find repo: did:plc:xlbeq7qwuc3f73yykk7sdb4x')
2026-02-27T09:32:41Z WARNING bsky_collector_v2.job.index_feed_generators: listRecords failed repo=did:plc:y2k6o5c475y3po3uf6hnshda err=HttpError('InvalidRequest: Could not find repo: did:plc:y2k6o5c475y3po3uf6hnshda')
2026-02-27T09:32:41Z WARNING bsky_collector_v2.job.index_feed_generators: listRecords failed repo=did:plc:yxdx47pwgyiyp3xu2x6eepnq err=HttpError('InvalidRequest: Could not find repo: did:plc:yxdx47pwgyiyp3xu2x6eepnq')
2026-02-27T09:32:42Z WARNING bsky_collector_v2.job.index_feed_generators: listRecords failed repo=did:plc:z2bzc3r2o6cbnco4v4yzmd6m err=HttpError('InvalidRequest: Could not find repo: did:plc:z2bzc3r2o6cbnco4v4yzmd6m')
2026-02-27T09:32:42Z WARNING bsky_collector_v2.job.index_feed_generators: listRecords failed repo=did:plc:zxb6h6vrfw7a5izjl7afdypd err=HttpError('InvalidRequest: Could not find repo: did:plc:zxb6h6vrfw7a5izjl7afdypd')
2026-02-27T09:32:42Z INFO bsky_collector_v2.job.index_feed_generators: enqueued repos page=7 mode=listRepos inserted=500 repos_returned=500 next_cursor=set
2026-02-27T09:32:42Z WARNING bsky_collector_v2.job.index_feed_generators: listRecords failed repo=did:plc:23g4hf4nevtowc5bz5q6yzfa err=HttpError('InvalidRequest: Could not find repo: did:plc:23g4hf4nevtowc5bz5q6yzfa')
2026-02-27T09:32:45Z WARNING bsky_collector_v2.job.index_feed_generators: listRecords failed repo=did:plc:33y2gciplzgk7tsg2buv3tx7 err=HttpError('InvalidRequest: Could not find repo: did:plc:33y2gciplzgk7tsg2buv3tx7')
2026-02-27T09:32:46Z WARNING bsky_collector_v2.job.index_feed_generators: listRecords failed repo=did:plc:3dvmsoqe3izvg7vfpv5zq4qk err=HttpError('InvalidRequest: Could not find repo: did:plc:3dvmsoqe3izvg7vfpv5zq4qk')
2026-02-27T09:32:47Z INFO bsky_collector_v2.job.index_feed_generators: indexed repo=did:plc:3m6dmld5mogfoj57sajafd4o part=362 records=2 next_cursor=set
2026-02-27T09:32:49Z WARNING bsky_collector_v2.job.index_feed_generators: listRecords failed repo=did:plc:46rmdwlnlaroewlrcqonxbbo err=HttpError('InvalidRequest: Could not find repo: did:plc:46rmdwlnlaroewlrcqonxbbo')
2026-02-27T09:32:49Z WARNING bsky_collector_v2.job.index_feed_generators: listRecords failed repo=did:plc:4e3dgfie27eqblrp2jojgc66 err=HttpError('InvalidRequest: Could not find repo: did:plc:4e3dgfie27eqblrp2jojgc66')
2026-02-27T09:32:49Z WARNING bsky_collector_v2.job.index_feed_generators: listRecords failed repo=did:plc:4itwxo3g3o25jmgnb2vpazvt err=HttpError('InvalidRequest: Could not find repo: did:plc:4itwxo3g3o25jmgnb2vpazvt')
2026-02-27T09:32:50Z WARNING bsky_collector_v2.job.index_feed_generators: listRecords failed repo=did:plc:4jrrhj35kg4jynugbk4lo7mt err=HttpError('InvalidRequest: Could not find repo: did:plc:4jrrhj35kg4jynugbk4lo7mt')
2026-02-27T09:32:55Z WARNING bsky_collector_v2.job.index_feed_generators: listRecords failed repo=did:plc:6r4b5klby42qfzuvzmnl6twy err=HttpError('InvalidRequest: Could not find repo: did:plc:6r4b5klby42qfzuvzmnl6twy')
2026-02-27T09:32:55Z WARNING bsky_collector_v2.job.index_feed_generators: listRecords failed repo=did:plc:6u5cefomxd3nqwh4h5vnojxo err=HttpError('InvalidRequest: Could not find repo: did:plc:6u5cefomxd3nqwh4h5vnojxo')
2026-02-27T09:32:55Z WARNING bsky_collector_v2.job.index_feed_generators: listRecords failed repo=did:plc:6zqemkuwbw3hjhevusoxg2ua err=HttpError('InvalidRequest: Could not find repo: did:plc:6zqemkuwbw3hjhevusoxg2ua')
2026-02-27T09:32:56Z WARNING bsky_collector_v2.job.index_feed_generators: listRecords failed repo=did:plc:7jmw76ah7m3ihrlgg6kn3dzd err=HttpError('InvalidRequest: Could not find repo: did:plc:7jmw76ah7m3ihrlgg6kn3dzd')
2026-02-27T09:32:57Z WARNING bsky_collector_v2.job.index_feed_generators: listRecords failed repo=did:plc:7sb3ld4hio7edd4kqahlcdqx err=HttpError('InvalidRequest: Could not find repo: did:plc:7sb3ld4hio7edd4kqahlcdqx')
2026-02-27T09:32:57Z WARNING bsky_collector_v2.job.index_feed_generators: listRecords failed repo=did:plc:7unr7xoo2ar566n5cf7xgeu3 err=HttpError('InvalidRequest: Could not find repo: did:plc:7unr7xoo2ar566n5cf7xgeu3')
2026-02-27T09:32:59Z WARNING bsky_collector_v2.job.index_feed_generators: listRecords failed repo=did:plc:akpvqeeyzpeecgh4lh2d3pae err=HttpError('InvalidRequest: Could not find repo: did:plc:akpvqeeyzpeecgh4lh2d3pae')
2026-02-27T09:33:00Z WARNING bsky_collector_v2.job.index_feed_generators: listRecords failed repo=did:plc:ax3iyutgooxaebpkeguyciy5 err=HttpError('InvalidRequest: Could not find repo: did:plc:ax3iyutgooxaebpkeguyciy5')
2026-02-27T09:33:00Z WARNING bsky_collector_v2.job.index_feed_generators: listRecords failed repo=did:plc:azbewwzhpzjbfa5w266iqx2r err=HttpError('InvalidRequest: Could not find repo: did:plc:azbewwzhpzjbfa5w266iqx2r')
2026-02-27T09:33:02Z WARNING bsky_collector_v2.job.index_feed_generators: listRecords failed repo=did:plc:bjgyn6ayyh3sdhza2iyobioi err=HttpError('InvalidRequest: Could not find repo: did:plc:bjgyn6ayyh3sdhza2iyobioi')
2026-02-27T09:33:02Z WARNING bsky_collector_v2.job.index_feed_generators: listRecords failed repo=did:plc:bjv5toyov3foy6aemmpbgfe4 err=HttpError('InvalidRequest: Could not find repo: did:plc:bjv5toyov3foy6aemmpbgfe4')
2026-02-27T09:33:02Z WARNING bsky_collector_v2.job.index_feed_generators: listRecords failed repo=did:plc:bwqmtjpfkd4rsm5v7pkbnprb err=HttpError('InvalidRequest: Could not find repo: did:plc:bwqmtjpfkd4rsm5v7pkbnprb')
2026-02-27T09:33:05Z WARNING bsky_collector_v2.job.index_feed_generators: listRecords failed repo=did:plc:ccm53626h6o65fcbhrxn46el err=HttpError('InvalidRequest: Could not find repo: did:plc:ccm53626h6o65fcbhrxn46el')
2026-02-27T09:33:07Z WARNING bsky_collector_v2.job.index_feed_generators: listRecords failed repo=did:plc:d24zczcokkw3xckx46udd4ft err=HttpError('InvalidRequest: Could not find repo: did:plc:d24zczcokkw3xckx46udd4ft')
2026-02-27T09:33:09Z WARNING bsky_collector_v2.job.index_feed_generators: listRecords failed repo=did:plc:dnlpsv7m3sbjl3xtjclylgmc err=HttpError('InvalidRequest: Could not find repo: did:plc:dnlpsv7m3sbjl3xtjclylgmc')
2026-02-27T09:33:09Z WARNING bsky_collector_v2.job.index_feed_generators: listRecords failed repo=did:plc:docglpkjtsonlwrqbie2dgek err=HttpError('InvalidRequest: Could not find repo: did:plc:docglpkjtsonlwrqbie2dgek')
2026-02-27T09:33:12Z WARNING bsky_collector_v2.job.index_feed_generators: listRecords failed repo=did:plc:f27fatdkh6jgb26x424sqrnd err=HttpError('InvalidRequest: Could not find repo: did:plc:f27fatdkh6jgb26x424sqrnd')
2026-02-27T09:33:13Z WARNING bsky_collector_v2.job.index_feed_generators: listRecords failed repo=did:plc:f53jsomu64zqteunzu7pb2su err=HttpError('InvalidRequest: Could not find repo: did:plc:f53jsomu64zqteunzu7pb2su')
2026-02-27T09:33:13Z WARNING bsky_collector_v2.job.index_feed_generators: listRecords failed repo=did:plc:fbcygbii2l7jadq3d2gdzprj err=HttpError('InvalidRequest: Could not find repo: did:plc:fbcygbii2l7jadq3d2gdzprj')
2026-02-27T09:33:14Z WARNING bsky_collector_v2.job.index_feed_generators: listRecords failed repo=did:plc:ffceenzwg7ga7lvndlohp3mg err=HttpError('InvalidRequest: Could not find repo: did:plc:ffceenzwg7ga7lvndlohp3mg')
2026-02-27T09:33:14Z WARNING bsky_collector_v2.job.index_feed_generators: listRecords failed repo=did:plc:fwtrp55m4xtz77jezk7smqbo err=HttpError('InvalidRequest: Could not find repo: did:plc:fwtrp55m4xtz77jezk7smqbo')
2026-02-27T09:33:14Z WARNING bsky_collector_v2.job.index_feed_generators: listRecords failed repo=did:plc:fwvgfg3xe2uxloavceydynly err=HttpError('InvalidRequest: Could not find repo: did:plc:fwvgfg3xe2uxloavceydynly')
2026-02-27T09:33:15Z WARNING bsky_collector_v2.job.index_feed_generators: listRecords failed repo=did:plc:g5ayuadvh3x6jmmduxybzdnn err=HttpError('InvalidRequest: Could not find repo: did:plc:g5ayuadvh3x6jmmduxybzdnn')
2026-02-27T09:33:16Z WARNING bsky_collector_v2.job.index_feed_generators: listRecords failed repo=did:plc:gji65yqbkdfq4zkc2x4jglk4 err=HttpError('InvalidRequest: Could not find repo: did:plc:gji65yqbkdfq4zkc2x4jglk4')
2026-02-27T09:33:18Z WARNING bsky_collector_v2.job.index_feed_generators: listRecords failed repo=did:plc:hofpnrec6mwcqhoixctikrxb err=HttpError('InvalidRequest: Could not find repo: did:plc:hofpnrec6mwcqhoixctikrxb')
2026-02-27T09:33:20Z WARNING bsky_collector_v2.job.index_feed_generators: listRecords failed repo=did:plc:ieulz6wzdzghe24pmx7e5dbd err=HttpError('InvalidRequest: Could not find repo: did:plc:ieulz6wzdzghe24pmx7e5dbd')
2026-02-27T09:33:21Z WARNING bsky_collector_v2.job.index_feed_generators: listRecords failed repo=did:plc:iguc2kqwgoi337blwgitq6kn err=HttpError('InvalidRequest: Could not find repo: did:plc:iguc2kqwgoi337blwgitq6kn')
2026-02-27T09:33:22Z WARNING bsky_collector_v2.job.index_feed_generators: listRecords failed repo=did:plc:iuoqosr26amzfcpxojzct3gx err=HttpError('InvalidRequest: Could not find repo: did:plc:iuoqosr26amzfcpxojzct3gx')
2026-02-27T09:33:24Z WARNING bsky_collector_v2.job.index_feed_generators: listRecords failed repo=did:plc:jroxzrafm3c77rf6p32am5qz err=HttpError('InvalidRequest: Could not find repo: did:plc:jroxzrafm3c77rf6p32am5qz')
2026-02-27T09:33:24Z WARNING bsky_collector_v2.job.index_feed_generators: listRecords failed repo=did:plc:k5g6ibowjb6fjqnpzvhz2xdk err=HttpError('InvalidRequest: Could not find repo: did:plc:k5g6ibowjb6fjqnpzvhz2xdk')
2026-02-27T09:33:25Z WARNING bsky_collector_v2.job.index_feed_generators: listRecords failed repo=did:plc:kcj5ze4cubd3qhcnysd4jg3i err=HttpError('InvalidRequest: Could not find repo: did:plc:kcj5ze4cubd3qhcnysd4jg3i')
2026-02-27T09:33:25Z WARNING bsky_collector_v2.job.index_feed_generators: listRecords failed repo=did:plc:kcs4e7qoxd3zkgfa2c3xhggb err=HttpError('InvalidRequest: Could not find repo: did:plc:kcs4e7qoxd3zkgfa2c3xhggb')
2026-02-27T09:33:25Z WARNING bsky_collector_v2.job.index_feed_generators: listRecords failed repo=did:plc:kcy6efwyuxycppdllgqdhcjx err=HttpError('InvalidRequest: Could not find repo: did:plc:kcy6efwyuxycppdllgqdhcjx')
2026-02-27T09:33:26Z WARNING bsky_collector_v2.job.index_feed_generators: listRecords failed repo=did:plc:kmp44bygcwnjgod5p5miikw4 err=HttpError('InvalidRequest: Could not find repo: did:plc:kmp44bygcwnjgod5p5miikw4')
2026-02-27T09:33:30Z WARNING bsky_collector_v2.job.index_feed_generators: listRecords failed repo=did:plc:lkke6pltjd77mwtzp2e3hlnq err=HttpError('InvalidRequest: Could not find repo: did:plc:lkke6pltjd77mwtzp2e3hlnq')
2026-02-27T09:33:30Z WARNING bsky_collector_v2.job.index_feed_generators: listRecords failed repo=did:plc:llrjnoteabvarqvc625xm5w6 err=HttpError('InvalidRequest: Could not find repo: did:plc:llrjnoteabvarqvc625xm5w6')
2026-02-27T09:33:30Z WARNING bsky_collector_v2.job.index_feed_generators: listRecords failed repo=did:plc:mfupyerjkjrpkuep3nbhey3c err=HttpError('InvalidRequest: Could not find repo: did:plc:mfupyerjkjrpkuep3nbhey3c')
2026-02-27T09:33:31Z WARNING bsky_collector_v2.job.index_feed_generators: listRecords failed repo=did:plc:mldmcfu3vehwfjmr65st2n46 err=HttpError('InvalidRequest: Could not find repo: did:plc:mldmcfu3vehwfjmr65st2n46')
2026-02-27T09:33:32Z WARNING bsky_collector_v2.job.index_feed_generators: listRecords failed repo=did:plc:n4cjob4gaxu43tyqgttc2eew err=HttpError('InvalidRequest: Could not find repo: did:plc:n4cjob4gaxu43tyqgttc2eew')
2026-02-27T09:33:32Z WARNING bsky_collector_v2.job.index_feed_generators: listRecords failed repo=did:plc:nfrokw7t2wd3q5jwoozfwvos err=HttpError('InvalidRequest: Could not find repo: did:plc:nfrokw7t2wd3q5jwoozfwvos')
2026-02-27T09:33:34Z WARNING bsky_collector_v2.job.index_feed_generators: listRecords failed repo=did:plc:nl2irgqhkx4cbvoviyfxlk3p err=HttpError('InvalidRequest: Could not find repo: did:plc:nl2irgqhkx4cbvoviyfxlk3p')
2026-02-27T09:33:35Z WARNING bsky_collector_v2.job.index_feed_generators: listRecords failed repo=did:plc:nwnlm7fqo2beoat6addgqppq err=HttpError('InvalidRequest: Could not find repo: did:plc:nwnlm7fqo2beoat6addgqppq')
2026-02-27T09:33:35Z WARNING bsky_collector_v2.job.index_feed_generators: listRecords failed repo=did:plc:nyqckalsdgknpztgclr4u6mw err=HttpError('InvalidRequest: Could not find repo: did:plc:nyqckalsdgknpztgclr4u6mw')
2026-02-27T09:33:41Z WARNING bsky_collector_v2.job.index_feed_generators: listRecords failed repo=did:plc:puqfvii7a6tje3ciszmariae err=HttpError('InvalidRequest: Could not find repo: did:plc:puqfvii7a6tje3ciszmariae')
2026-02-27T09:33:41Z WARNING bsky_collector_v2.job.index_feed_generators: listRecords failed repo=did:plc:pwqxxhqimfyyxwyhh3gg4f7b err=HttpError('InvalidRequest: Could not find repo: did:plc:pwqxxhqimfyyxwyhh3gg4f7b')
2026-02-27T09:33:41Z WARNING bsky_collector_v2.job.index_feed_generators: listRecords failed repo=did:plc:q3h36kcuiepga7blgw4htluk err=HttpError('InvalidRequest: Could not find repo: did:plc:q3h36kcuiepga7blgw4htluk')
2026-02-27T09:33:43Z WARNING bsky_collector_v2.job.index_feed_generators: listRecords failed repo=did:plc:qdanna5xdxlcm4pyhti6m54e err=HttpError('InvalidRequest: Could not find repo: did:plc:qdanna5xdxlcm4pyhti6m54e')
2026-02-27T09:33:44Z WARNING bsky_collector_v2.job.index_feed_generators: listRecords failed repo=did:plc:qo3hfebz2p3o2s4aiskdkpf2 err=HttpError('InvalidRequest: Could not find repo: did:plc:qo3hfebz2p3o2s4aiskdkpf2')
2026-02-27T09:33:45Z WARNING bsky_collector_v2.job.index_feed_generators: listRecords failed repo=did:plc:qrwgozcnnrdudvwz3g2lph6f err=HttpError('InvalidRequest: Could not find repo: did:plc:qrwgozcnnrdudvwz3g2lph6f')
2026-02-27T09:33:49Z WARNING bsky_collector_v2.job.index_feed_generators: listRecords failed repo=did:plc:rsqifwgp53m7vznrl7nryp5k err=HttpError('InvalidRequest: Could not find repo: did:plc:rsqifwgp53m7vznrl7nryp5k')
2026-02-27T09:33:50Z WARNING bsky_collector_v2.job.index_feed_generators: listRecords failed repo=did:plc:sbzrebpgbliazcmq2r3lw7y6 err=HttpError('InvalidRequest: Could not find repo: did:plc:sbzrebpgbliazcmq2r3lw7y6')
2026-02-27T09:33:52Z WARNING bsky_collector_v2.job.index_feed_generators: listRecords failed repo=did:plc:spayu7ssuuhvrkggnunyxdgy err=HttpError('InvalidRequest: Could not find repo: did:plc:spayu7ssuuhvrkggnunyxdgy')
2026-02-27T09:33:52Z WARNING bsky_collector_v2.job.index_feed_generators: listRecords failed repo=did:plc:ssns6zw2d4cyq4ycksojaw23 err=HttpError('InvalidRequest: Could not find repo: did:plc:ssns6zw2d4cyq4ycksojaw23')
2026-02-27T09:33:53Z WARNING bsky_collector_v2.job.index_feed_generators: listRecords failed repo=did:plc:strh2wpzxf2icxymide2cm4p err=HttpError('InvalidRequest: Could not find repo: did:plc:strh2wpzxf2icxymide2cm4p')
2026-02-27T09:33:53Z WARNING bsky_collector_v2.job.index_feed_generators: listRecords failed repo=did:plc:t3r3ity7567oygmzdymv5jfo err=HttpError('InvalidRequest: Could not find repo: did:plc:t3r3ity7567oygmzdymv5jfo')
2026-02-27T09:33:54Z WARNING bsky_collector_v2.job.index_feed_generators: listRecords failed repo=did:plc:tntgihx6r2e2gqexsx72grd5 err=HttpError('InvalidRequest: Could not find repo: did:plc:tntgihx6r2e2gqexsx72grd5')
2026-02-27T09:33:54Z WARNING bsky_collector_v2.job.index_feed_generators: listRecords failed repo=did:plc:tq5lfld4xa2lirjn2zqa3yak err=HttpError('InvalidRequest: Could not find repo: did:plc:tq5lfld4xa2lirjn2zqa3yak')
2026-02-27T09:33:56Z WARNING bsky_collector_v2.job.index_feed_generators: listRecords failed repo=did:plc:udlvhtsmzd5lbxuzwc34azib err=HttpError('InvalidRequest: Could not find repo: did:plc:udlvhtsmzd5lbxuzwc34azib')
2026-02-27T09:33:59Z WARNING bsky_collector_v2.job.index_feed_generators: listRecords failed repo=did:plc:vbqk4gqfwf3dsm4f3n2rdc5h err=HttpError('InvalidRequest: Could not find repo: did:plc:vbqk4gqfwf3dsm4f3n2rdc5h')
2026-02-27T09:34:02Z WARNING bsky_collector_v2.job.index_feed_generators: listRecords failed repo=did:plc:w73sjabqqyfe3nacpffrvpbs err=HttpError('InvalidRequest: Could not find repo: did:plc:w73sjabqqyfe3nacpffrvpbs')
2026-02-27T09:34:07Z WARNING bsky_collector_v2.job.index_feed_generators: listRecords failed repo=did:plc:xkn7aoocrgxc6jxd2mxsw5ms err=HttpError('InvalidRequest: Could not find repo: did:plc:xkn7aoocrgxc6jxd2mxsw5ms')
2026-02-27T09:34:07Z INFO bsky_collector_v2.job.index_feed_generators: indexed repo=did:plc:xnecxt6rfgy6xqn545h4og3a part=363 records=2 next_cursor=set
2026-02-27T09:34:08Z WARNING bsky_collector_v2.job.index_feed_generators: listRecords failed repo=did:plc:y4elfu4l5knbvw2krcusb6zb err=HttpError('InvalidRequest: Could not find repo: did:plc:y4elfu4l5knbvw2krcusb6zb')
2026-02-27T09:34:09Z WARNING bsky_collector_v2.job.index_feed_generators: listRecords failed repo=did:plc:ye2zjgqpaqpqbcag5zhqxkhc err=HttpError('InvalidRequest: Could not find repo: did:plc:ye2zjgqpaqpqbcag5zhqxkhc')
2026-02-27T09:34:10Z WARNING bsky_collector_v2.job.index_feed_generators: listRecords failed repo=did:plc:ywuevwoz2drysk5umkrt76ly err=HttpError('InvalidRequest: Could not find repo: did:plc:ywuevwoz2drysk5umkrt76ly')
2026-02-27T09:34:10Z WARNING bsky_collector_v2.job.index_feed_generators: listRecords failed repo=did:plc:z362bvuecgzphlue3k2jt3yy err=HttpError('InvalidRequest: Could not find repo: did:plc:z362bvuecgzphlue3k2jt3yy')
2026-02-27T09:34:12Z WARNING bsky_collector_v2.job.index_feed_generators: listRecords failed repo=did:plc:zjngtxzctksbhm6lvhqdbumc err=HttpError('InvalidRequest: Could not find repo: did:plc:zjngtxzctksbhm6lvhqdbumc')
2026-02-27T09:34:15Z WARNING bsky_collector_v2.job.index_feed_generators: listRecords failed repo=did:plc:23g4hf4nevtowc5bz5q6yzfa err=HttpError('InvalidRequest: Could not find repo: did:plc:23g4hf4nevtowc5bz5q6yzfa')
2026-02-27T09:34:15Z WARNING bsky_collector_v2.job.index_feed_generators: listRecords failed repo=did:plc:33y2gciplzgk7tsg2buv3tx7 err=HttpError('InvalidRequest: Could not find repo: did:plc:33y2gciplzgk7tsg2buv3tx7')
2026-02-27T09:34:15Z WARNING bsky_collector_v2.job.index_feed_generators: listRecords failed repo=did:plc:3dvmsoqe3izvg7vfpv5zq4qk err=HttpError('InvalidRequest: Could not find repo: did:plc:3dvmsoqe3izvg7vfpv5zq4qk')
2026-02-27T09:34:15Z WARNING bsky_collector_v2.job.index_feed_generators: listRecords failed repo=did:plc:46rmdwlnlaroewlrcqonxbbo err=HttpError('InvalidRequest: Could not find repo: did:plc:46rmdwlnlaroewlrcqonxbbo')
2026-02-27T09:34:15Z WARNING bsky_collector_v2.job.index_feed_generators: listRecords failed repo=did:plc:4e3dgfie27eqblrp2jojgc66 err=HttpError('InvalidRequest: Could not find repo: did:plc:4e3dgfie27eqblrp2jojgc66')
2026-02-27T09:34:15Z WARNING bsky_collector_v2.job.index_feed_generators: listRecords failed repo=did:plc:4itwxo3g3o25jmgnb2vpazvt err=HttpError('InvalidRequest: Could not find repo: did:plc:4itwxo3g3o25jmgnb2vpazvt')
2026-02-27T09:34:15Z WARNING bsky_collector_v2.job.index_feed_generators: listRecords failed repo=did:plc:4jrrhj35kg4jynugbk4lo7mt err=HttpError('InvalidRequest: Could not find repo: did:plc:4jrrhj35kg4jynugbk4lo7mt')
2026-02-27T09:34:15Z WARNING bsky_collector_v2.job.index_feed_generators: listRecords failed repo=did:plc:6r4b5klby42qfzuvzmnl6twy err=HttpError('InvalidRequest: Could not find repo: did:plc:6r4b5klby42qfzuvzmnl6twy')
2026-02-27T09:34:15Z WARNING bsky_collector_v2.job.index_feed_generators: listRecords failed repo=did:plc:6u5cefomxd3nqwh4h5vnojxo err=HttpError('InvalidRequest: Could not find repo: did:plc:6u5cefomxd3nqwh4h5vnojxo')
2026-02-27T09:34:15Z WARNING bsky_collector_v2.job.index_feed_generators: listRecords failed repo=did:plc:6zqemkuwbw3hjhevusoxg2ua err=HttpError('InvalidRequest: Could not find repo: did:plc:6zqemkuwbw3hjhevusoxg2ua')
2026-02-27T09:34:15Z WARNING bsky_collector_v2.job.index_feed_generators: listRecords failed repo=did:plc:7jmw76ah7m3ihrlgg6kn3dzd err=HttpError('InvalidRequest: Could not find repo: did:plc:7jmw76ah7m3ihrlgg6kn3dzd')
2026-02-27T09:34:16Z WARNING bsky_collector_v2.job.index_feed_generators: listRecords failed repo=did:plc:7sb3ld4hio7edd4kqahlcdqx err=HttpError('InvalidRequest: Could not find repo: did:plc:7sb3ld4hio7edd4kqahlcdqx')
2026-02-27T09:34:16Z WARNING bsky_collector_v2.job.index_feed_generators: listRecords failed repo=did:plc:7unr7xoo2ar566n5cf7xgeu3 err=HttpError('InvalidRequest: Could not find repo: did:plc:7unr7xoo2ar566n5cf7xgeu3')
2026-02-27T09:34:16Z WARNING bsky_collector_v2.job.index_feed_generators: listRecords failed repo=did:plc:akpvqeeyzpeecgh4lh2d3pae err=HttpError('InvalidRequest: Could not find repo: did:plc:akpvqeeyzpeecgh4lh2d3pae')
2026-02-27T09:34:16Z WARNING bsky_collector_v2.job.index_feed_generators: listRecords failed repo=did:plc:ax3iyutgooxaebpkeguyciy5 err=HttpError('InvalidRequest: Could not find repo: did:plc:ax3iyutgooxaebpkeguyciy5')
2026-02-27T09:34:16Z WARNING bsky_collector_v2.job.index_feed_generators: listRecords failed repo=did:plc:azbewwzhpzjbfa5w266iqx2r err=HttpError('InvalidRequest: Could not find repo: did:plc:azbewwzhpzjbfa5w266iqx2r')
2026-02-27T09:34:16Z WARNING bsky_collector_v2.job.index_feed_generators: listRecords failed repo=did:plc:bjgyn6ayyh3sdhza2iyobioi err=HttpError('InvalidRequest: Could not find repo: did:plc:bjgyn6ayyh3sdhza2iyobioi')
2026-02-27T09:34:16Z WARNING bsky_collector_v2.job.index_feed_generators: listRecords failed repo=did:plc:bjv5toyov3foy6aemmpbgfe4 err=HttpError('InvalidRequest: Could not find repo: did:plc:bjv5toyov3foy6aemmpbgfe4')
2026-02-27T09:34:16Z WARNING bsky_collector_v2.job.index_feed_generators: listRecords failed repo=did:plc:bwqmtjpfkd4rsm5v7pkbnprb err=HttpError('InvalidRequest: Could not find repo: did:plc:bwqmtjpfkd4rsm5v7pkbnprb')
2026-02-27T09:34:16Z WARNING bsky_collector_v2.job.index_feed_generators: listRecords failed repo=did:plc:ccm53626h6o65fcbhrxn46el err=HttpError('InvalidRequest: Could not find repo: did:plc:ccm53626h6o65fcbhrxn46el')
2026-02-27T09:34:16Z WARNING bsky_collector_v2.job.index_feed_generators: listRecords failed repo=did:plc:d24zczcokkw3xckx46udd4ft err=HttpError('InvalidRequest: Could not find repo: did:plc:d24zczcokkw3xckx46udd4ft')
2026-02-27T09:34:16Z WARNING bsky_collector_v2.job.index_feed_generators: listRecords failed repo=did:plc:dnlpsv7m3sbjl3xtjclylgmc err=HttpError('InvalidRequest: Could not find repo: did:plc:dnlpsv7m3sbjl3xtjclylgmc')
2026-02-27T09:34:17Z WARNING bsky_collector_v2.job.index_feed_generators: listRecords failed repo=did:plc:docglpkjtsonlwrqbie2dgek err=HttpError('InvalidRequest: Could not find repo: did:plc:docglpkjtsonlwrqbie2dgek')
2026-02-27T09:34:17Z WARNING bsky_collector_v2.job.index_feed_generators: listRecords failed repo=did:plc:f27fatdkh6jgb26x424sqrnd err=HttpError('InvalidRequest: Could not find repo: did:plc:f27fatdkh6jgb26x424sqrnd')
2026-02-27T09:34:17Z WARNING bsky_collector_v2.job.index_feed_generators: listRecords failed repo=did:plc:f53jsomu64zqteunzu7pb2su err=HttpError('InvalidRequest: Could not find repo: did:plc:f53jsomu64zqteunzu7pb2su')
2026-02-27T09:34:17Z WARNING bsky_collector_v2.job.index_feed_generators: listRecords failed repo=did:plc:fbcygbii2l7jadq3d2gdzprj err=HttpError('InvalidRequest: Could not find repo: did:plc:fbcygbii2l7jadq3d2gdzprj')
2026-02-27T09:34:17Z WARNING bsky_collector_v2.job.index_feed_generators: listRecords failed repo=did:plc:ffceenzwg7ga7lvndlohp3mg err=HttpError('InvalidRequest: Could not find repo: did:plc:ffceenzwg7ga7lvndlohp3mg')
2026-02-27T09:34:17Z WARNING bsky_collector_v2.job.index_feed_generators: listRecords failed repo=did:plc:fwtrp55m4xtz77jezk7smqbo err=HttpError('InvalidRequest: Could not find repo: did:plc:fwtrp55m4xtz77jezk7smqbo')
2026-02-27T09:34:17Z WARNING bsky_collector_v2.job.index_feed_generators: listRecords failed repo=did:plc:fwvgfg3xe2uxloavceydynly err=HttpError('InvalidRequest: Could not find repo: did:plc:fwvgfg3xe2uxloavceydynly')
2026-02-27T09:34:17Z WARNING bsky_collector_v2.job.index_feed_generators: listRecords failed repo=did:plc:g5ayuadvh3x6jmmduxybzdnn err=HttpError('InvalidRequest: Could not find repo: did:plc:g5ayuadvh3x6jmmduxybzdnn')
2026-02-27T09:34:17Z WARNING bsky_collector_v2.job.index_feed_generators: listRecords failed repo=did:plc:gji65yqbkdfq4zkc2x4jglk4 err=HttpError('InvalidRequest: Could not find repo: did:plc:gji65yqbkdfq4zkc2x4jglk4')
2026-02-27T09:34:17Z WARNING bsky_collector_v2.job.index_feed_generators: listRecords failed repo=did:plc:hofpnrec6mwcqhoixctikrxb err=HttpError('InvalidRequest: Could not find repo: did:plc:hofpnrec6mwcqhoixctikrxb')
2026-02-27T09:34:17Z WARNING bsky_collector_v2.job.index_feed_generators: listRecords failed repo=did:plc:ieulz6wzdzghe24pmx7e5dbd err=HttpError('InvalidRequest: Could not find repo: did:plc:ieulz6wzdzghe24pmx7e5dbd')
2026-02-27T09:34:18Z WARNING bsky_collector_v2.job.index_feed_generators: listRecords failed repo=did:plc:iguc2kqwgoi337blwgitq6kn err=HttpError('InvalidRequest: Could not find repo: did:plc:iguc2kqwgoi337blwgitq6kn')
2026-02-27T09:34:18Z WARNING bsky_collector_v2.job.index_feed_generators: listRecords failed repo=did:plc:iuoqosr26amzfcpxojzct3gx err=HttpError('InvalidRequest: Could not find repo: did:plc:iuoqosr26amzfcpxojzct3gx')
2026-02-27T09:34:18Z WARNING bsky_collector_v2.job.index_feed_generators: listRecords failed repo=did:plc:jroxzrafm3c77rf6p32am5qz err=HttpError('InvalidRequest: Could not find repo: did:plc:jroxzrafm3c77rf6p32am5qz')
2026-02-27T09:34:18Z WARNING bsky_collector_v2.job.index_feed_generators: listRecords failed repo=did:plc:k5g6ibowjb6fjqnpzvhz2xdk err=HttpError('InvalidRequest: Could not find repo: did:plc:k5g6ibowjb6fjqnpzvhz2xdk')
2026-02-27T09:34:18Z WARNING bsky_collector_v2.job.index_feed_generators: listRecords failed repo=did:plc:kcj5ze4cubd3qhcnysd4jg3i err=HttpError('InvalidRequest: Could not find repo: did:plc:kcj5ze4cubd3qhcnysd4jg3i')
2026-02-27T09:34:18Z WARNING bsky_collector_v2.job.index_feed_generators: listRecords failed repo=did:plc:kcs4e7qoxd3zkgfa2c3xhggb err=HttpError('InvalidRequest: Could not find repo: did:plc:kcs4e7qoxd3zkgfa2c3xhggb')
2026-02-27T09:34:18Z WARNING bsky_collector_v2.job.index_feed_generators: listRecords failed repo=did:plc:kcy6efwyuxycppdllgqdhcjx err=HttpError('InvalidRequest: Could not find repo: did:plc:kcy6efwyuxycppdllgqdhcjx')
2026-02-27T09:34:18Z WARNING bsky_collector_v2.job.index_feed_generators: listRecords failed repo=did:plc:kmp44bygcwnjgod5p5miikw4 err=HttpError('InvalidRequest: Could not find repo: did:plc:kmp44bygcwnjgod5p5miikw4')
2026-02-27T09:34:18Z WARNING bsky_collector_v2.job.index_feed_generators: listRecords failed repo=did:plc:lkke6pltjd77mwtzp2e3hlnq err=HttpError('InvalidRequest: Could not find repo: did:plc:lkke6pltjd77mwtzp2e3hlnq')
2026-02-27T09:34:18Z WARNING bsky_collector_v2.job.index_feed_generators: listRecords failed repo=did:plc:llrjnoteabvarqvc625xm5w6 err=HttpError('InvalidRequest: Could not find repo: did:plc:llrjnoteabvarqvc625xm5w6')
2026-02-27T09:34:18Z WARNING bsky_collector_v2.job.index_feed_generators: listRecords failed repo=did:plc:mfupyerjkjrpkuep3nbhey3c err=HttpError('InvalidRequest: Could not find repo: did:plc:mfupyerjkjrpkuep3nbhey3c')
2026-02-27T09:34:19Z WARNING bsky_collector_v2.job.index_feed_generators: listRecords failed repo=did:plc:mldmcfu3vehwfjmr65st2n46 err=HttpError('InvalidRequest: Could not find repo: did:plc:mldmcfu3vehwfjmr65st2n46')
2026-02-27T09:34:19Z WARNING bsky_collector_v2.job.index_feed_generators: listRecords failed repo=did:plc:n4cjob4gaxu43tyqgttc2eew err=HttpError('InvalidRequest: Could not find repo: did:plc:n4cjob4gaxu43tyqgttc2eew')
2026-02-27T09:34:19Z WARNING bsky_collector_v2.job.index_feed_generators: listRecords failed repo=did:plc:nfrokw7t2wd3q5jwoozfwvos err=HttpError('InvalidRequest: Could not find repo: did:plc:nfrokw7t2wd3q5jwoozfwvos')
2026-02-27T09:34:19Z WARNING bsky_collector_v2.job.index_feed_generators: listRecords failed repo=did:plc:nl2irgqhkx4cbvoviyfxlk3p err=HttpError('InvalidRequest: Could not find repo: did:plc:nl2irgqhkx4cbvoviyfxlk3p')
2026-02-27T09:34:19Z WARNING bsky_collector_v2.job.index_feed_generators: listRecords failed repo=did:plc:nwnlm7fqo2beoat6addgqppq err=HttpError('InvalidRequest: Could not find repo: did:plc:nwnlm7fqo2beoat6addgqppq')
2026-02-27T09:34:19Z WARNING bsky_collector_v2.job.index_feed_generators: listRecords failed repo=did:plc:nyqckalsdgknpztgclr4u6mw err=HttpError('InvalidRequest: Could not find repo: did:plc:nyqckalsdgknpztgclr4u6mw')
2026-02-27T09:34:19Z WARNING bsky_collector_v2.job.index_feed_generators: listRecords failed repo=did:plc:puqfvii7a6tje3ciszmariae err=HttpError('InvalidRequest: Could not find repo: did:plc:puqfvii7a6tje3ciszmariae')
2026-02-27T09:34:19Z WARNING bsky_collector_v2.job.index_feed_generators: listRecords failed repo=did:plc:pwqxxhqimfyyxwyhh3gg4f7b err=HttpError('InvalidRequest: Could not find repo: did:plc:pwqxxhqimfyyxwyhh3gg4f7b')
2026-02-27T09:34:19Z WARNING bsky_collector_v2.job.index_feed_generators: listRecords failed repo=did:plc:q3h36kcuiepga7blgw4htluk err=HttpError('InvalidRequest: Could not find repo: did:plc:q3h36kcuiepga7blgw4htluk')
2026-02-27T09:34:19Z WARNING bsky_collector_v2.job.index_feed_generators: listRecords failed repo=did:plc:qdanna5xdxlcm4pyhti6m54e err=HttpError('InvalidRequest: Could not find repo: did:plc:qdanna5xdxlcm4pyhti6m54e')
2026-02-27T09:34:19Z WARNING bsky_collector_v2.job.index_feed_generators: listRecords failed repo=did:plc:qo3hfebz2p3o2s4aiskdkpf2 err=HttpError('InvalidRequest: Could not find repo: did:plc:qo3hfebz2p3o2s4aiskdkpf2')
2026-02-27T09:34:19Z WARNING bsky_collector_v2.job.index_feed_generators: listRecords failed repo=did:plc:qrwgozcnnrdudvwz3g2lph6f err=HttpError('InvalidRequest: Could not find repo: did:plc:qrwgozcnnrdudvwz3g2lph6f')
2026-02-27T09:34:19Z WARNING bsky_collector_v2.job.index_feed_generators: listRecords failed repo=did:plc:rsqifwgp53m7vznrl7nryp5k err=HttpError('InvalidRequest: Could not find repo: did:plc:rsqifwgp53m7vznrl7nryp5k')
2026-02-27T09:34:19Z WARNING bsky_collector_v2.job.index_feed_generators: listRecords failed repo=did:plc:sbzrebpgbliazcmq2r3lw7y6 err=HttpError('InvalidRequest: Could not find repo: did:plc:sbzrebpgbliazcmq2r3lw7y6')
2026-02-27T09:34:20Z WARNING bsky_collector_v2.job.index_feed_generators: listRecords failed repo=did:plc:spayu7ssuuhvrkggnunyxdgy err=HttpError('InvalidRequest: Could not find repo: did:plc:spayu7ssuuhvrkggnunyxdgy')
2026-02-27T09:34:20Z WARNING bsky_collector_v2.job.index_feed_generators: listRecords failed repo=did:plc:ssns6zw2d4cyq4ycksojaw23 err=HttpError('InvalidRequest: Could not find repo: did:plc:ssns6zw2d4cyq4ycksojaw23')
2026-02-27T09:34:20Z WARNING bsky_collector_v2.job.index_feed_generators: listRecords failed repo=did:plc:strh2wpzxf2icxymide2cm4p err=HttpError('InvalidRequest: Could not find repo: did:plc:strh2wpzxf2icxymide2cm4p')
2026-02-27T09:34:20Z WARNING bsky_collector_v2.job.index_feed_generators: listRecords failed repo=did:plc:t3r3ity7567oygmzdymv5jfo err=HttpError('InvalidRequest: Could not find repo: did:plc:t3r3ity7567oygmzdymv5jfo')
2026-02-27T09:34:20Z WARNING bsky_collector_v2.job.index_feed_generators: listRecords failed repo=did:plc:tntgihx6r2e2gqexsx72grd5 err=HttpError('InvalidRequest: Could not find repo: did:plc:tntgihx6r2e2gqexsx72grd5')
2026-02-27T09:34:20Z WARNING bsky_collector_v2.job.index_feed_generators: listRecords failed repo=did:plc:tq5lfld4xa2lirjn2zqa3yak err=HttpError('InvalidRequest: Could not find repo: did:plc:tq5lfld4xa2lirjn2zqa3yak')
2026-02-27T09:34:20Z WARNING bsky_collector_v2.job.index_feed_generators: listRecords failed repo=did:plc:udlvhtsmzd5lbxuzwc34azib err=HttpError('InvalidRequest: Could not find repo: did:plc:udlvhtsmzd5lbxuzwc34azib')
2026-02-27T09:34:20Z WARNING bsky_collector_v2.job.index_feed_generators: listRecords failed repo=did:plc:vbqk4gqfwf3dsm4f3n2rdc5h err=HttpError('InvalidRequest: Could not find repo: did:plc:vbqk4gqfwf3dsm4f3n2rdc5h')
2026-02-27T09:34:20Z WARNING bsky_collector_v2.job.index_feed_generators: listRecords failed repo=did:plc:w73sjabqqyfe3nacpffrvpbs err=HttpError('InvalidRequest: Could not find repo: did:plc:w73sjabqqyfe3nacpffrvpbs')
2026-02-27T09:34:20Z WARNING bsky_collector_v2.job.index_feed_generators: listRecords failed repo=did:plc:xkn7aoocrgxc6jxd2mxsw5ms err=HttpError('InvalidRequest: Could not find repo: did:plc:xkn7aoocrgxc6jxd2mxsw5ms')
2026-02-27T09:34:21Z WARNING bsky_collector_v2.job.index_feed_generators: listRecords failed repo=did:plc:y4elfu4l5knbvw2krcusb6zb err=HttpError('InvalidRequest: Could not find repo: did:plc:y4elfu4l5knbvw2krcusb6zb')
2026-02-27T09:34:21Z WARNING bsky_collector_v2.job.index_feed_generators: listRecords failed repo=did:plc:ye2zjgqpaqpqbcag5zhqxkhc err=HttpError('InvalidRequest: Could not find repo: did:plc:ye2zjgqpaqpqbcag5zhqxkhc')
2026-02-27T09:34:21Z WARNING bsky_collector_v2.job.index_feed_generators: listRecords failed repo=did:plc:ywuevwoz2drysk5umkrt76ly err=HttpError('InvalidRequest: Could not find repo: did:plc:ywuevwoz2drysk5umkrt76ly')
2026-02-27T09:34:21Z WARNING bsky_collector_v2.job.index_feed_generators: listRecords failed repo=did:plc:z362bvuecgzphlue3k2jt3yy err=HttpError('InvalidRequest: Could not find repo: did:plc:z362bvuecgzphlue3k2jt3yy')
2026-02-27T09:34:21Z WARNING bsky_collector_v2.job.index_feed_generators: listRecords failed repo=did:plc:zjngtxzctksbhm6lvhqdbumc err=HttpError('InvalidRequest: Could not find repo: did:plc:zjngtxzctksbhm6lvhqdbumc')
2026-02-27T09:34:21Z WARNING bsky_collector_v2.job.index_feed_generators: listRecords failed repo=did:plc:23g4hf4nevtowc5bz5q6yzfa err=HttpError('InvalidRequest: Could not find repo: did:plc:23g4hf4nevtowc5bz5q6yzfa')
2026-02-27T09:34:21Z WARNING bsky_collector_v2.job.index_feed_generators: listRecords failed repo=did:plc:33y2gciplzgk7tsg2buv3tx7 err=HttpError('InvalidRequest: Could not find repo: did:plc:33y2gciplzgk7tsg2buv3tx7')
2026-02-27T09:34:21Z WARNING bsky_collector_v2.job.index_feed_generators: listRecords failed repo=did:plc:3dvmsoqe3izvg7vfpv5zq4qk err=HttpError('InvalidRequest: Could not find repo: did:plc:3dvmsoqe3izvg7vfpv5zq4qk')
2026-02-27T09:34:21Z WARNING bsky_collector_v2.job.index_feed_generators: listRecords failed repo=did:plc:46rmdwlnlaroewlrcqonxbbo err=HttpError('InvalidRequest: Could not find repo: did:plc:46rmdwlnlaroewlrcqonxbbo')
2026-02-27T09:34:21Z WARNING bsky_collector_v2.job.index_feed_generators: listRecords failed repo=did:plc:4e3dgfie27eqblrp2jojgc66 err=HttpError('InvalidRequest: Could not find repo: did:plc:4e3dgfie27eqblrp2jojgc66')
2026-02-27T09:34:22Z WARNING bsky_collector_v2.job.index_feed_generators: listRecords failed repo=did:plc:4itwxo3g3o25jmgnb2vpazvt err=HttpError('InvalidRequest: Could not find repo: did:plc:4itwxo3g3o25jmgnb2vpazvt')
2026-02-27T09:34:22Z WARNING bsky_collector_v2.job.index_feed_generators: listRecords failed repo=did:plc:4jrrhj35kg4jynugbk4lo7mt err=HttpError('InvalidRequest: Could not find repo: did:plc:4jrrhj35kg4jynugbk4lo7mt')
2026-02-27T09:34:22Z WARNING bsky_collector_v2.job.index_feed_generators: listRecords failed repo=did:plc:6r4b5klby42qfzuvzmnl6twy err=HttpError('InvalidRequest: Could not find repo: did:plc:6r4b5klby42qfzuvzmnl6twy')
2026-02-27T09:34:22Z WARNING bsky_collector_v2.job.index_feed_generators: listRecords failed repo=did:plc:6u5cefomxd3nqwh4h5vnojxo err=HttpError('InvalidRequest: Could not find repo: did:plc:6u5cefomxd3nqwh4h5vnojxo')
2026-02-27T09:34:22Z WARNING bsky_collector_v2.job.index_feed_generators: listRecords failed repo=did:plc:6zqemkuwbw3hjhevusoxg2ua err=HttpError('InvalidRequest: Could not find repo: did:plc:6zqemkuwbw3hjhevusoxg2ua')
2026-02-27T09:34:22Z WARNING bsky_collector_v2.job.index_feed_generators: listRecords failed repo=did:plc:7jmw76ah7m3ihrlgg6kn3dzd err=HttpError('InvalidRequest: Could not find repo: did:plc:7jmw76ah7m3ihrlgg6kn3dzd')
2026-02-27T09:34:22Z WARNING bsky_collector_v2.job.index_feed_generators: listRecords failed repo=did:plc:7sb3ld4hio7edd4kqahlcdqx err=HttpError('InvalidRequest: Could not find repo: did:plc:7sb3ld4hio7edd4kqahlcdqx')
2026-02-27T09:34:22Z WARNING bsky_collector_v2.job.index_feed_generators: listRecords failed repo=did:plc:7unr7xoo2ar566n5cf7xgeu3 err=HttpError('InvalidRequest: Could not find repo: did:plc:7unr7xoo2ar566n5cf7xgeu3')
2026-02-27T09:34:22Z WARNING bsky_collector_v2.job.index_feed_generators: listRecords failed repo=did:plc:akpvqeeyzpeecgh4lh2d3pae err=HttpError('InvalidRequest: Could not find repo: did:plc:akpvqeeyzpeecgh4lh2d3pae')
2026-02-27T09:34:22Z WARNING bsky_collector_v2.job.index_feed_generators: listRecords failed repo=did:plc:ax3iyutgooxaebpkeguyciy5 err=HttpError('InvalidRequest: Could not find repo: did:plc:ax3iyutgooxaebpkeguyciy5')
2026-02-27T09:34:22Z WARNING bsky_collector_v2.job.index_feed_generators: listRecords failed repo=did:plc:azbewwzhpzjbfa5w266iqx2r err=HttpError('InvalidRequest: Could not find repo: did:plc:azbewwzhpzjbfa5w266iqx2r')
2026-02-27T09:34:22Z WARNING bsky_collector_v2.job.index_feed_generators: listRecords failed repo=did:plc:bjgyn6ayyh3sdhza2iyobioi err=HttpError('InvalidRequest: Could not find repo: did:plc:bjgyn6ayyh3sdhza2iyobioi')
2026-02-27T09:34:22Z WARNING bsky_collector_v2.job.index_feed_generators: listRecords failed repo=did:plc:bjv5toyov3foy6aemmpbgfe4 err=HttpError('InvalidRequest: Could not find repo: did:plc:bjv5toyov3foy6aemmpbgfe4')
2026-02-27T09:34:22Z WARNING bsky_collector_v2.job.index_feed_generators: listRecords failed repo=did:plc:bwqmtjpfkd4rsm5v7pkbnprb err=HttpError('InvalidRequest: Could not find repo: did:plc:bwqmtjpfkd4rsm5v7pkbnprb')
2026-02-27T09:34:23Z WARNING bsky_collector_v2.job.index_feed_generators: listRecords failed repo=did:plc:ccm53626h6o65fcbhrxn46el err=HttpError('InvalidRequest: Could not find repo: did:plc:ccm53626h6o65fcbhrxn46el')
2026-02-27T09:34:23Z WARNING bsky_collector_v2.job.index_feed_generators: listRecords failed repo=did:plc:d24zczcokkw3xckx46udd4ft err=HttpError('InvalidRequest: Could not find repo: did:plc:d24zczcokkw3xckx46udd4ft')
2026-02-27T09:34:23Z WARNING bsky_collector_v2.job.index_feed_generators: listRecords failed repo=did:plc:dnlpsv7m3sbjl3xtjclylgmc err=HttpError('InvalidRequest: Could not find repo: did:plc:dnlpsv7m3sbjl3xtjclylgmc')
2026-02-27T09:34:23Z WARNING bsky_collector_v2.job.index_feed_generators: listRecords failed repo=did:plc:docglpkjtsonlwrqbie2dgek err=HttpError('InvalidRequest: Could not find repo: did:plc:docglpkjtsonlwrqbie2dgek')
2026-02-27T09:34:23Z WARNING bsky_collector_v2.job.index_feed_generators: listRecords failed repo=did:plc:f27fatdkh6jgb26x424sqrnd err=HttpError('InvalidRequest: Could not find repo: did:plc:f27fatdkh6jgb26x424sqrnd')
2026-02-27T09:34:23Z WARNING bsky_collector_v2.job.index_feed_generators: listRecords failed repo=did:plc:f53jsomu64zqteunzu7pb2su err=HttpError('InvalidRequest: Could not find repo: did:plc:f53jsomu64zqteunzu7pb2su')
2026-02-27T09:34:23Z WARNING bsky_collector_v2.job.index_feed_generators: listRecords failed repo=did:plc:fbcygbii2l7jadq3d2gdzprj err=HttpError('InvalidRequest: Could not find repo: did:plc:fbcygbii2l7jadq3d2gdzprj')
2026-02-27T09:34:23Z WARNING bsky_collector_v2.job.index_feed_generators: listRecords failed repo=did:plc:ffceenzwg7ga7lvndlohp3mg err=HttpError('InvalidRequest: Could not find repo: did:plc:ffceenzwg7ga7lvndlohp3mg')
2026-02-27T09:34:23Z WARNING bsky_collector_v2.job.index_feed_generators: listRecords failed repo=did:plc:fwtrp55m4xtz77jezk7smqbo err=HttpError('InvalidRequest: Could not find repo: did:plc:fwtrp55m4xtz77jezk7smqbo')
2026-02-27T09:34:23Z WARNING bsky_collector_v2.job.index_feed_generators: listRecords failed repo=did:plc:fwvgfg3xe2uxloavceydynly err=HttpError('InvalidRequest: Could not find repo: did:plc:fwvgfg3xe2uxloavceydynly')
2026-02-27T09:34:23Z WARNING bsky_collector_v2.job.index_feed_generators: listRecords failed repo=did:plc:g5ayuadvh3x6jmmduxybzdnn err=HttpError('InvalidRequest: Could not find repo: did:plc:g5ayuadvh3x6jmmduxybzdnn')
2026-02-27T09:34:23Z WARNING bsky_collector_v2.job.index_feed_generators: listRecords failed repo=did:plc:gji65yqbkdfq4zkc2x4jglk4 err=HttpError('InvalidRequest: Could not find repo: did:plc:gji65yqbkdfq4zkc2x4jglk4')
2026-02-27T09:34:24Z WARNING bsky_collector_v2.job.index_feed_generators: listRecords failed repo=did:plc:hofpnrec6mwcqhoixctikrxb err=HttpError('InvalidRequest: Could not find repo: did:plc:hofpnrec6mwcqhoixctikrxb')
2026-02-27T09:34:24Z WARNING bsky_collector_v2.job.index_feed_generators: listRecords failed repo=did:plc:ieulz6wzdzghe24pmx7e5dbd err=HttpError('InvalidRequest: Could not find repo: did:plc:ieulz6wzdzghe24pmx7e5dbd')
2026-02-27T09:34:24Z WARNING bsky_collector_v2.job.index_feed_generators: listRecords failed repo=did:plc:iguc2kqwgoi337blwgitq6kn err=HttpError('InvalidRequest: Could not find repo: did:plc:iguc2kqwgoi337blwgitq6kn')
2026-02-27T09:34:24Z WARNING bsky_collector_v2.job.index_feed_generators: listRecords failed repo=did:plc:iuoqosr26amzfcpxojzct3gx err=HttpError('InvalidRequest: Could not find repo: did:plc:iuoqosr26amzfcpxojzct3gx')
2026-02-27T09:34:24Z WARNING bsky_collector_v2.job.index_feed_generators: listRecords failed repo=did:plc:jroxzrafm3c77rf6p32am5qz err=HttpError('InvalidRequest: Could not find repo: did:plc:jroxzrafm3c77rf6p32am5qz')
2026-02-27T09:34:24Z WARNING bsky_collector_v2.job.index_feed_generators: listRecords failed repo=did:plc:k5g6ibowjb6fjqnpzvhz2xdk err=HttpError('InvalidRequest: Could not find repo: did:plc:k5g6ibowjb6fjqnpzvhz2xdk')
2026-02-27T09:34:24Z WARNING bsky_collector_v2.job.index_feed_generators: listRecords failed repo=did:plc:kcj5ze4cubd3qhcnysd4jg3i err=HttpError('InvalidRequest: Could not find repo: did:plc:kcj5ze4cubd3qhcnysd4jg3i')
2026-02-27T09:34:24Z WARNING bsky_collector_v2.job.index_feed_generators: listRecords failed repo=did:plc:kcs4e7qoxd3zkgfa2c3xhggb err=HttpError('InvalidRequest: Could not find repo: did:plc:kcs4e7qoxd3zkgfa2c3xhggb')
2026-02-27T09:34:24Z WARNING bsky_collector_v2.job.index_feed_generators: listRecords failed repo=did:plc:kcy6efwyuxycppdllgqdhcjx err=HttpError('InvalidRequest: Could not find repo: did:plc:kcy6efwyuxycppdllgqdhcjx')
2026-02-27T09:34:24Z WARNING bsky_collector_v2.job.index_feed_generators: listRecords failed repo=did:plc:kmp44bygcwnjgod5p5miikw4 err=HttpError('InvalidRequest: Could not find repo: did:plc:kmp44bygcwnjgod5p5miikw4')
2026-02-27T09:34:24Z WARNING bsky_collector_v2.job.index_feed_generators: listRecords failed repo=did:plc:lkke6pltjd77mwtzp2e3hlnq err=HttpError('InvalidRequest: Could not find repo: did:plc:lkke6pltjd77mwtzp2e3hlnq')
2026-02-27T09:34:24Z WARNING bsky_collector_v2.job.index_feed_generators: listRecords failed repo=did:plc:llrjnoteabvarqvc625xm5w6 err=HttpError('InvalidRequest: Could not find repo: did:plc:llrjnoteabvarqvc625xm5w6')
2026-02-27T09:34:24Z WARNING bsky_collector_v2.job.index_feed_generators: listRecords failed repo=did:plc:mfupyerjkjrpkuep3nbhey3c err=HttpError('InvalidRequest: Could not find repo: did:plc:mfupyerjkjrpkuep3nbhey3c')
2026-02-27T09:34:25Z WARNING bsky_collector_v2.job.index_feed_generators: listRecords failed repo=did:plc:mldmcfu3vehwfjmr65st2n46 err=HttpError('InvalidRequest: Could not find repo: did:plc:mldmcfu3vehwfjmr65st2n46')
2026-02-27T09:34:25Z WARNING bsky_collector_v2.job.index_feed_generators: listRecords failed repo=did:plc:n4cjob4gaxu43tyqgttc2eew err=HttpError('InvalidRequest: Could not find repo: did:plc:n4cjob4gaxu43tyqgttc2eew')
2026-02-27T09:34:25Z WARNING bsky_collector_v2.job.index_feed_generators: listRecords failed repo=did:plc:nfrokw7t2wd3q5jwoozfwvos err=HttpError('InvalidRequest: Could not find repo: did:plc:nfrokw7t2wd3q5jwoozfwvos')
2026-02-27T09:34:25Z WARNING bsky_collector_v2.job.index_feed_generators: listRecords failed repo=did:plc:nl2irgqhkx4cbvoviyfxlk3p err=HttpError('InvalidRequest: Could not find repo: did:plc:nl2irgqhkx4cbvoviyfxlk3p')
2026-02-27T09:34:25Z WARNING bsky_collector_v2.job.index_feed_generators: listRecords failed repo=did:plc:nwnlm7fqo2beoat6addgqppq err=HttpError('InvalidRequest: Could not find repo: did:plc:nwnlm7fqo2beoat6addgqppq')
2026-02-27T09:34:25Z WARNING bsky_collector_v2.job.index_feed_generators: listRecords failed repo=did:plc:nyqckalsdgknpztgclr4u6mw err=HttpError('InvalidRequest: Could not find repo: did:plc:nyqckalsdgknpztgclr4u6mw')
2026-02-27T09:34:25Z WARNING bsky_collector_v2.job.index_feed_generators: listRecords failed repo=did:plc:puqfvii7a6tje3ciszmariae err=HttpError('InvalidRequest: Could not find repo: did:plc:puqfvii7a6tje3ciszmariae')
2026-02-27T09:34:25Z WARNING bsky_collector_v2.job.index_feed_generators: listRecords failed repo=did:plc:pwqxxhqimfyyxwyhh3gg4f7b err=HttpError('InvalidRequest: Could not find repo: did:plc:pwqxxhqimfyyxwyhh3gg4f7b')
2026-02-27T09:34:25Z WARNING bsky_collector_v2.job.index_feed_generators: listRecords failed repo=did:plc:q3h36kcuiepga7blgw4htluk err=HttpError('InvalidRequest: Could not find repo: did:plc:q3h36kcuiepga7blgw4htluk')
2026-02-27T09:34:25Z WARNING bsky_collector_v2.job.index_feed_generators: listRecords failed repo=did:plc:qdanna5xdxlcm4pyhti6m54e err=HttpError('InvalidRequest: Could not find repo: did:plc:qdanna5xdxlcm4pyhti6m54e')
2026-02-27T09:34:25Z WARNING bsky_collector_v2.job.index_feed_generators: listRecords failed repo=did:plc:qo3hfebz2p3o2s4aiskdkpf2 err=HttpError('InvalidRequest: Could not find repo: did:plc:qo3hfebz2p3o2s4aiskdkpf2')
2026-02-27T09:34:25Z WARNING bsky_collector_v2.job.index_feed_generators: listRecords failed repo=did:plc:qrwgozcnnrdudvwz3g2lph6f err=HttpError('InvalidRequest: Could not find repo: did:plc:qrwgozcnnrdudvwz3g2lph6f')
2026-02-27T09:34:26Z WARNING bsky_collector_v2.job.index_feed_generators: listRecords failed repo=did:plc:rsqifwgp53m7vznrl7nryp5k err=HttpError('InvalidRequest: Could not find repo: did:plc:rsqifwgp53m7vznrl7nryp5k')
2026-02-27T09:34:26Z WARNING bsky_collector_v2.job.index_feed_generators: listRecords failed repo=did:plc:sbzrebpgbliazcmq2r3lw7y6 err=HttpError('InvalidRequest: Could not find repo: did:plc:sbzrebpgbliazcmq2r3lw7y6')
2026-02-27T09:34:26Z WARNING bsky_collector_v2.job.index_feed_generators: listRecords failed repo=did:plc:spayu7ssuuhvrkggnunyxdgy err=HttpError('InvalidRequest: Could not find repo: did:plc:spayu7ssuuhvrkggnunyxdgy')
2026-02-27T09:34:26Z WARNING bsky_collector_v2.job.index_feed_generators: listRecords failed repo=did:plc:ssns6zw2d4cyq4ycksojaw23 err=HttpError('InvalidRequest: Could not find repo: did:plc:ssns6zw2d4cyq4ycksojaw23')
2026-02-27T09:34:26Z WARNING bsky_collector_v2.job.index_feed_generators: listRecords failed repo=did:plc:strh2wpzxf2icxymide2cm4p err=HttpError('InvalidRequest: Could not find repo: did:plc:strh2wpzxf2icxymide2cm4p')
2026-02-27T09:34:26Z WARNING bsky_collector_v2.job.index_feed_generators: listRecords failed repo=did:plc:t3r3ity7567oygmzdymv5jfo err=HttpError('InvalidRequest: Could not find repo: did:plc:t3r3ity7567oygmzdymv5jfo')
2026-02-27T09:34:26Z WARNING bsky_collector_v2.job.index_feed_generators: listRecords failed repo=did:plc:tntgihx6r2e2gqexsx72grd5 err=HttpError('InvalidRequest: Could not find repo: did:plc:tntgihx6r2e2gqexsx72grd5')
2026-02-27T09:34:26Z WARNING bsky_collector_v2.job.index_feed_generators: listRecords failed repo=did:plc:tq5lfld4xa2lirjn2zqa3yak err=HttpError('InvalidRequest: Could not find repo: did:plc:tq5lfld4xa2lirjn2zqa3yak')
2026-02-27T09:34:26Z WARNING bsky_collector_v2.job.index_feed_generators: listRecords failed repo=did:plc:udlvhtsmzd5lbxuzwc34azib err=HttpError('InvalidRequest: Could not find repo: did:plc:udlvhtsmzd5lbxuzwc34azib')
2026-02-27T09:34:26Z WARNING bsky_collector_v2.job.index_feed_generators: listRecords failed repo=did:plc:vbqk4gqfwf3dsm4f3n2rdc5h err=HttpError('InvalidRequest: Could not find repo: did:plc:vbqk4gqfwf3dsm4f3n2rdc5h')
2026-02-27T09:34:26Z WARNING bsky_collector_v2.job.index_feed_generators: listRecords failed repo=did:plc:w73sjabqqyfe3nacpffrvpbs err=HttpError('InvalidRequest: Could not find repo: did:plc:w73sjabqqyfe3nacpffrvpbs')
2026-02-27T09:34:26Z WARNING bsky_collector_v2.job.index_feed_generators: listRecords failed repo=did:plc:xkn7aoocrgxc6jxd2mxsw5ms err=HttpError('InvalidRequest: Could not find repo: did:plc:xkn7aoocrgxc6jxd2mxsw5ms')
2026-02-27T09:34:26Z WARNING bsky_collector_v2.job.index_feed_generators: listRecords failed repo=did:plc:y4elfu4l5knbvw2krcusb6zb err=HttpError('InvalidRequest: Could not find repo: did:plc:y4elfu4l5knbvw2krcusb6zb')
2026-02-27T09:34:26Z WARNING bsky_collector_v2.job.index_feed_generators: listRecords failed repo=did:plc:ye2zjgqpaqpqbcag5zhqxkhc err=HttpError('InvalidRequest: Could not find repo: did:plc:ye2zjgqpaqpqbcag5zhqxkhc')
2026-02-27T09:34:27Z WARNING bsky_collector_v2.job.index_feed_generators: listRecords failed repo=did:plc:ywuevwoz2drysk5umkrt76ly err=HttpError('InvalidRequest: Could not find repo: did:plc:ywuevwoz2drysk5umkrt76ly')
2026-02-27T09:34:27Z WARNING bsky_collector_v2.job.index_feed_generators: listRecords failed repo=did:plc:z362bvuecgzphlue3k2jt3yy err=HttpError('InvalidRequest: Could not find repo: did:plc:z362bvuecgzphlue3k2jt3yy')
2026-02-27T09:34:27Z WARNING bsky_collector_v2.job.index_feed_generators: listRecords failed repo=did:plc:zjngtxzctksbhm6lvhqdbumc err=HttpError('InvalidRequest: Could not find repo: did:plc:zjngtxzctksbhm6lvhqdbumc')
2026-02-27T09:34:27Z INFO bsky_collector_v2.job.index_feed_generators: enqueued repos page=8 mode=listRepos inserted=500 repos_returned=500 next_cursor=set
2026-02-27T09:34:45Z WARNING bsky_collector_v2.job.index_feed_generators: listRecords failed repo=did:plc:b2ff5wdzpbvh53tg56ihglki err=HttpError('InvalidRequest: Could not find repo: did:plc:b2ff5wdzpbvh53tg56ihglki')
2026-02-27T09:34:45Z INFO bsky_collector_v2.job.index_feed_generators: indexed repo=did:plc:bauurv6apneq3acnj3nifpfg part=364 records=1 next_cursor=set
2026-02-27T09:34:51Z WARNING bsky_collector_v2.job.index_feed_generators: listRecords failed repo=did:plc:ch4kxtb2g4ucwdynu7eyvz4o err=HttpError('InvalidRequest: Could not find repo: did:plc:ch4kxtb2g4ucwdynu7eyvz4o')
2026-02-27T09:35:37Z WARNING bsky_collector_v2.job.index_feed_generators: listRecords failed repo=did:plc:nnkyo7ra2szja4inqghl6czy err=HttpError('InvalidRequest: Could not find repo: did:plc:nnkyo7ra2szja4inqghl6czy')
2026-02-27T09:35:39Z INFO bsky_collector_v2.job.index_feed_generators: indexed repo=did:plc:op52ss2ehuep2mzbe7cuvq2a part=365 records=1 next_cursor=set
2026-02-27T09:35:50Z WARNING bsky_collector_v2.job.index_feed_generators: listRecords failed repo=did:plc:sf56suwzc6b456xgbl2ew3n3 err=HttpError('InvalidRequest: Could not find repo: did:plc:sf56suwzc6b456xgbl2ew3n3')
2026-02-27T09:35:59Z WARNING bsky_collector_v2.job.index_feed_generators: listRecords failed repo=did:plc:ukpm2wyjmq3d23czyrrbxtav err=HttpError('InvalidRequest: Could not find repo: did:plc:ukpm2wyjmq3d23czyrrbxtav')
2026-02-27T09:36:25Z WARNING bsky_collector_v2.job.index_feed_generators: listRecords failed repo=did:plc:b2ff5wdzpbvh53tg56ihglki err=HttpError('InvalidRequest: Could not find repo: did:plc:b2ff5wdzpbvh53tg56ihglki')
2026-02-27T09:36:25Z WARNING bsky_collector_v2.job.index_feed_generators: listRecords failed repo=did:plc:ch4kxtb2g4ucwdynu7eyvz4o err=HttpError('InvalidRequest: Could not find repo: did:plc:ch4kxtb2g4ucwdynu7eyvz4o')
2026-02-27T09:36:25Z WARNING bsky_collector_v2.job.index_feed_generators: listRecords failed repo=did:plc:nnkyo7ra2szja4inqghl6czy err=HttpError('InvalidRequest: Could not find repo: did:plc:nnkyo7ra2szja4inqghl6czy')
2026-02-27T09:36:26Z WARNING bsky_collector_v2.job.index_feed_generators: listRecords failed repo=did:plc:sf56suwzc6b456xgbl2ew3n3 err=HttpError('InvalidRequest: Could not find repo: did:plc:sf56suwzc6b456xgbl2ew3n3')
2026-02-27T09:36:26Z WARNING bsky_collector_v2.job.index_feed_generators: listRecords failed repo=did:plc:ukpm2wyjmq3d23czyrrbxtav err=HttpError('InvalidRequest: Could not find repo: did:plc:ukpm2wyjmq3d23czyrrbxtav')
2026-02-27T09:36:26Z WARNING bsky_collector_v2.job.index_feed_generators: listRecords failed repo=did:plc:b2ff5wdzpbvh53tg56ihglki err=HttpError('InvalidRequest: Could not find repo: did:plc:b2ff5wdzpbvh53tg56ihglki')
2026-02-27T09:36:26Z WARNING bsky_collector_v2.job.index_feed_generators: listRecords failed repo=did:plc:ch4kxtb2g4ucwdynu7eyvz4o err=HttpError('InvalidRequest: Could not find repo: did:plc:ch4kxtb2g4ucwdynu7eyvz4o')
2026-02-27T09:36:26Z WARNING bsky_collector_v2.job.index_feed_generators: listRecords failed repo=did:plc:nnkyo7ra2szja4inqghl6czy err=HttpError('InvalidRequest: Could not find repo: did:plc:nnkyo7ra2szja4inqghl6czy')
2026-02-27T09:36:26Z WARNING bsky_collector_v2.job.index_feed_generators: listRecords failed repo=did:plc:sf56suwzc6b456xgbl2ew3n3 err=HttpError('InvalidRequest: Could not find repo: did:plc:sf56suwzc6b456xgbl2ew3n3')
2026-02-27T09:36:26Z WARNING bsky_collector_v2.job.index_feed_generators: listRecords failed repo=did:plc:ukpm2wyjmq3d23czyrrbxtav err=HttpError('InvalidRequest: Could not find repo: did:plc:ukpm2wyjmq3d23czyrrbxtav')
2026-02-27T09:36:27Z INFO bsky_collector_v2.job.index_feed_generators: enqueued repos page=9 mode=listRepos inserted=500 repos_returned=500 next_cursor=set
2026-02-27T09:36:40Z WARNING bsky_collector_v2.job.index_feed_generators: listRecords failed repo=did:plc:5vxwny2yk4pcfyochodbijc3 err=HttpError('InvalidRequest: Could not find repo: did:plc:5vxwny2yk4pcfyochodbijc3')
2026-02-27T09:36:50Z WARNING bsky_collector_v2.job.index_feed_generators: listRecords failed repo=did:plc:cbhyyxxshovxmmskzrrv7b35 err=HttpError('InvalidRequest: Could not find repo: did:plc:cbhyyxxshovxmmskzrrv7b35')
2026-02-27T09:36:56Z WARNING bsky_collector_v2.job.index_feed_generators: listRecords failed repo=did:plc:feurqws5lqbpsm7riw4x5b5i err=HttpError('InvalidRequest: Could not find repo: did:plc:feurqws5lqbpsm7riw4x5b5i')
2026-02-27T09:37:06Z WARNING bsky_collector_v2.job.index_feed_generators: listRecords failed repo=did:plc:hptqr56ewq6arhdgwfdbgi5z err=HttpError('InvalidRequest: Could not find repo: did:plc:hptqr56ewq6arhdgwfdbgi5z')
2026-02-27T09:37:30Z WARNING bsky_collector_v2.job.index_feed_generators: listRecords failed repo=did:plc:ptpn352w3eqivdl3okzfpgzx err=HttpError('InvalidRequest: Could not find repo: did:plc:ptpn352w3eqivdl3okzfpgzx')
2026-02-27T09:37:35Z WARNING bsky_collector_v2.job.index_feed_generators: listRecords failed repo=did:plc:r4cbztnflv4v6voowqav7csm err=HttpError('InvalidRequest: Could not find repo: did:plc:r4cbztnflv4v6voowqav7csm')
2026-02-27T09:38:03Z WARNING bsky_collector_v2.job.index_feed_generators: listRecords failed repo=did:plc:5vxwny2yk4pcfyochodbijc3 err=HttpError('InvalidRequest: Could not find repo: did:plc:5vxwny2yk4pcfyochodbijc3')
2026-02-27T09:38:03Z WARNING bsky_collector_v2.job.index_feed_generators: listRecords failed repo=did:plc:cbhyyxxshovxmmskzrrv7b35 err=HttpError('InvalidRequest: Could not find repo: did:plc:cbhyyxxshovxmmskzrrv7b35')
2026-02-27T09:38:03Z WARNING bsky_collector_v2.job.index_feed_generators: listRecords failed repo=did:plc:feurqws5lqbpsm7riw4x5b5i err=HttpError('InvalidRequest: Could not find repo: did:plc:feurqws5lqbpsm7riw4x5b5i')
2026-02-27T09:38:03Z WARNING bsky_collector_v2.job.index_feed_generators: listRecords failed repo=did:plc:hptqr56ewq6arhdgwfdbgi5z err=HttpError('InvalidRequest: Could not find repo: did:plc:hptqr56ewq6arhdgwfdbgi5z')
2026-02-27T09:38:03Z WARNING bsky_collector_v2.job.index_feed_generators: listRecords failed repo=did:plc:ptpn352w3eqivdl3okzfpgzx err=HttpError('InvalidRequest: Could not find repo: did:plc:ptpn352w3eqivdl3okzfpgzx')
2026-02-27T09:38:03Z WARNING bsky_collector_v2.job.index_feed_generators: listRecords failed repo=did:plc:r4cbztnflv4v6voowqav7csm err=HttpError('InvalidRequest: Could not find repo: did:plc:r4cbztnflv4v6voowqav7csm')
2026-02-27T09:38:03Z WARNING bsky_collector_v2.job.index_feed_generators: listRecords failed repo=did:plc:5vxwny2yk4pcfyochodbijc3 err=HttpError('InvalidRequest: Could not find repo: did:plc:5vxwny2yk4pcfyochodbijc3')
2026-02-27T09:38:03Z WARNING bsky_collector_v2.job.index_feed_generators: listRecords failed repo=did:plc:cbhyyxxshovxmmskzrrv7b35 err=HttpError('InvalidRequest: Could not find repo: did:plc:cbhyyxxshovxmmskzrrv7b35')
2026-02-27T09:38:03Z WARNING bsky_collector_v2.job.index_feed_generators: listRecords failed repo=did:plc:feurqws5lqbpsm7riw4x5b5i err=HttpError('InvalidRequest: Could not find repo: did:plc:feurqws5lqbpsm7riw4x5b5i')
2026-02-27T09:38:03Z WARNING bsky_collector_v2.job.index_feed_generators: listRecords failed repo=did:plc:hptqr56ewq6arhdgwfdbgi5z err=HttpError('InvalidRequest: Could not find repo: did:plc:hptqr56ewq6arhdgwfdbgi5z')
2026-02-27T09:38:04Z WARNING bsky_collector_v2.job.index_feed_generators: listRecords failed repo=did:plc:ptpn352w3eqivdl3okzfpgzx err=HttpError('InvalidRequest: Could not find repo: did:plc:ptpn352w3eqivdl3okzfpgzx')
2026-02-27T09:38:04Z WARNING bsky_collector_v2.job.index_feed_generators: listRecords failed repo=did:plc:r4cbztnflv4v6voowqav7csm err=HttpError('InvalidRequest: Could not find repo: did:plc:r4cbztnflv4v6voowqav7csm')
2026-02-27T09:38:04Z INFO bsky_collector_v2.job.index_feed_generators: enqueued repos page=10 mode=listRepos inserted=500 repos_returned=500 next_cursor=set
2026-02-27T09:39:27Z INFO bsky_collector_v2.job.index_feed_generators: indexed repo=did:plc:sdspdqjttokuocqocss22rlw part=366 records=4 next_cursor=set
2026-02-27T09:39:48Z WARNING bsky_collector_v2.job.index_feed_generators: listRecords failed repo=did:plc:zny7tbqj3jbobhu7nfjmuuz4 err=HttpError('InvalidRequest: Could not find repo: did:plc:zny7tbqj3jbobhu7nfjmuuz4')
2026-02-27T09:39:49Z WARNING bsky_collector_v2.job.index_feed_generators: listRecords failed repo=did:plc:zny7tbqj3jbobhu7nfjmuuz4 err=HttpError('InvalidRequest: Could not find repo: did:plc:zny7tbqj3jbobhu7nfjmuuz4')
2026-02-27T09:39:49Z WARNING bsky_collector_v2.job.index_feed_generators: listRecords failed repo=did:plc:zny7tbqj3jbobhu7nfjmuuz4 err=HttpError('InvalidRequest: Could not find repo: did:plc:zny7tbqj3jbobhu7nfjmuuz4')
2026-02-27T09:39:50Z INFO bsky_collector_v2.job.index_feed_generators: enqueued repos page=11 mode=listRepos inserted=500 repos_returned=500 next_cursor=set
2026-02-27T09:40:23Z WARNING bsky_collector_v2.job.index_feed_generators: listRecords failed repo=did:plc:e2oz2cbevigljt7dbvqxw3ts err=HttpError('InvalidRequest: Could not find repo: did:plc:e2oz2cbevigljt7dbvqxw3ts')
2026-02-27T09:41:03Z WARNING bsky_collector_v2.job.index_feed_generators: listRecords failed repo=did:plc:soq7kp4fapw7ef34dvudyew7 err=HttpError('InvalidRequest: Could not find repo: did:plc:soq7kp4fapw7ef34dvudyew7')
2026-02-27T09:41:03Z WARNING bsky_collector_v2.job.index_feed_generators: listRecords failed repo=did:plc:sttdzswp55rz72s4q6a6zmnr err=HttpError('InvalidRequest: Could not find repo: did:plc:sttdzswp55rz72s4q6a6zmnr')
2026-02-27T09:41:12Z INFO bsky_collector_v2.job.index_feed_generators: indexed repo=did:plc:v7xr5lx5q56hma2ce5vrvwqs part=367 records=1 next_cursor=set
2026-02-27T09:41:19Z WARNING bsky_collector_v2.job.index_feed_generators: listRecords failed repo=did:plc:xxmd2hafsh7hte7r6tf5iebn err=HttpError('InvalidRequest: Could not find repo: did:plc:xxmd2hafsh7hte7r6tf5iebn')
2026-02-27T09:41:28Z WARNING bsky_collector_v2.job.index_feed_generators: listRecords failed repo=did:plc:e2oz2cbevigljt7dbvqxw3ts err=HttpError('InvalidRequest: Could not find repo: did:plc:e2oz2cbevigljt7dbvqxw3ts')
2026-02-27T09:41:28Z WARNING bsky_collector_v2.job.index_feed_generators: listRecords failed repo=did:plc:soq7kp4fapw7ef34dvudyew7 err=HttpError('InvalidRequest: Could not find repo: did:plc:soq7kp4fapw7ef34dvudyew7')
2026-02-27T09:41:28Z WARNING bsky_collector_v2.job.index_feed_generators: listRecords failed repo=did:plc:sttdzswp55rz72s4q6a6zmnr err=HttpError('InvalidRequest: Could not find repo: did:plc:sttdzswp55rz72s4q6a6zmnr')
2026-02-27T09:41:29Z WARNING bsky_collector_v2.job.index_feed_generators: listRecords failed repo=did:plc:xxmd2hafsh7hte7r6tf5iebn err=HttpError('InvalidRequest: Could not find repo: did:plc:xxmd2hafsh7hte7r6tf5iebn')
2026-02-27T09:41:29Z WARNING bsky_collector_v2.job.index_feed_generators: listRecords failed repo=did:plc:e2oz2cbevigljt7dbvqxw3ts err=HttpError('InvalidRequest: Could not find repo: did:plc:e2oz2cbevigljt7dbvqxw3ts')
2026-02-27T09:41:29Z WARNING bsky_collector_v2.job.index_feed_generators: listRecords failed repo=did:plc:soq7kp4fapw7ef34dvudyew7 err=HttpError('InvalidRequest: Could not find repo: did:plc:soq7kp4fapw7ef34dvudyew7')
2026-02-27T09:41:30Z WARNING bsky_collector_v2.job.index_feed_generators: listRecords failed repo=did:plc:sttdzswp55rz72s4q6a6zmnr err=HttpError('InvalidRequest: Could not find repo: did:plc:sttdzswp55rz72s4q6a6zmnr')
2026-02-27T09:41:30Z WARNING bsky_collector_v2.job.index_feed_generators: listRecords failed repo=did:plc:xxmd2hafsh7hte7r6tf5iebn err=HttpError('InvalidRequest: Could not find repo: did:plc:xxmd2hafsh7hte7r6tf5iebn')
2026-02-27T09:41:31Z INFO bsky_collector_v2.job.index_feed_generators: enqueued repos page=12 mode=listRepos inserted=500 repos_returned=500 next_cursor=set
2026-02-27T09:41:59Z WARNING bsky_collector_v2.job.index_feed_generators: listRecords failed repo=did:plc:am7lce347fltgzixwbe6z7rq err=HttpError('InvalidRequest: Could not find repo: did:plc:am7lce347fltgzixwbe6z7rq')
2026-02-27T09:42:01Z INFO bsky_collector_v2.job.index_feed_generators: indexed repo=did:plc:bfxiuugsts2hrwcel2i24tpa part=368 records=2 next_cursor=set
2026-02-27T09:42:06Z WARNING bsky_collector_v2.job.index_feed_generators: listRecords failed repo=did:plc:cs5dfw5ohutemns6um7qgln5 err=HttpError('InvalidRequest: Could not find repo: did:plc:cs5dfw5ohutemns6um7qgln5')
2026-02-27T09:42:16Z WARNING bsky_collector_v2.job.index_feed_generators: listRecords failed repo=did:plc:fvlr3rxymhy2egysynh5w6ba err=HttpError('InvalidRequest: Could not find repo: did:plc:fvlr3rxymhy2egysynh5w6ba')
2026-02-27T09:42:34Z INFO bsky_collector_v2.job.index_feed_generators: indexed repo=did:plc:lahx3ihxk4fixh6bxm5vcgzt part=369 records=2 next_cursor=set
2026-02-27T09:42:35Z WARNING bsky_collector_v2.job.index_feed_generators: listRecords failed repo=did:plc:li7wxpjbjrk4jukf5qk6fgds err=HttpError('InvalidRequest: Could not find repo: did:plc:li7wxpjbjrk4jukf5qk6fgds')
2026-02-27T09:42:35Z INFO bsky_collector_v2.job.index_feed_generators: indexed repo=did:plc:ll5xxzqoorggxmh4vnvy5ndb part=370 records=1 next_cursor=set
2026-02-27T09:43:06Z WARNING bsky_collector_v2.job.index_feed_generators: listRecords failed repo=did:plc:wtevjoz62663s6p5yxwgw4tr err=HttpError('InvalidRequest: Could not find repo: did:plc:wtevjoz62663s6p5yxwgw4tr')
2026-02-27T09:43:11Z WARNING bsky_collector_v2.job.index_feed_generators: listRecords failed repo=did:plc:ytye2fsvyktjwsrxpw2fdpdq err=HttpError('InvalidRequest: Could not find repo: did:plc:ytye2fsvyktjwsrxpw2fdpdq')
2026-02-27T09:43:17Z WARNING bsky_collector_v2.job.index_feed_generators: listRecords failed repo=did:plc:am7lce347fltgzixwbe6z7rq err=HttpError('InvalidRequest: Could not find repo: did:plc:am7lce347fltgzixwbe6z7rq')
2026-02-27T09:43:18Z WARNING bsky_collector_v2.job.index_feed_generators: listRecords failed repo=did:plc:cs5dfw5ohutemns6um7qgln5 err=HttpError('InvalidRequest: Could not find repo: did:plc:cs5dfw5ohutemns6um7qgln5')
2026-02-27T09:43:18Z WARNING bsky_collector_v2.job.index_feed_generators: listRecords failed repo=did:plc:fvlr3rxymhy2egysynh5w6ba err=HttpError('InvalidRequest: Could not find repo: did:plc:fvlr3rxymhy2egysynh5w6ba')
2026-02-27T09:43:19Z WARNING bsky_collector_v2.job.index_feed_generators: listRecords failed repo=did:plc:li7wxpjbjrk4jukf5qk6fgds err=HttpError('InvalidRequest: Could not find repo: did:plc:li7wxpjbjrk4jukf5qk6fgds')
2026-02-27T09:43:20Z WARNING bsky_collector_v2.job.index_feed_generators: listRecords failed repo=did:plc:wtevjoz62663s6p5yxwgw4tr err=HttpError('InvalidRequest: Could not find repo: did:plc:wtevjoz62663s6p5yxwgw4tr')
2026-02-27T09:43:20Z WARNING bsky_collector_v2.job.index_feed_generators: listRecords failed repo=did:plc:ytye2fsvyktjwsrxpw2fdpdq err=HttpError('InvalidRequest: Could not find repo: did:plc:ytye2fsvyktjwsrxpw2fdpdq')
2026-02-27T09:43:20Z WARNING bsky_collector_v2.job.index_feed_generators: listRecords failed repo=did:plc:am7lce347fltgzixwbe6z7rq err=HttpError('InvalidRequest: Could not find repo: did:plc:am7lce347fltgzixwbe6z7rq')
2026-02-27T09:43:21Z WARNING bsky_collector_v2.job.index_feed_generators: listRecords failed repo=did:plc:cs5dfw5ohutemns6um7qgln5 err=HttpError('InvalidRequest: Could not find repo: did:plc:cs5dfw5ohutemns6um7qgln5')
2026-02-27T09:43:21Z WARNING bsky_collector_v2.job.index_feed_generators: listRecords failed repo=did:plc:fvlr3rxymhy2egysynh5w6ba err=HttpError('InvalidRequest: Could not find repo: did:plc:fvlr3rxymhy2egysynh5w6ba')
2026-02-27T09:43:21Z WARNING bsky_collector_v2.job.index_feed_generators: listRecords failed repo=did:plc:li7wxpjbjrk4jukf5qk6fgds err=HttpError('InvalidRequest: Could not find repo: did:plc:li7wxpjbjrk4jukf5qk6fgds')
2026-02-27T09:43:21Z WARNING bsky_collector_v2.job.index_feed_generators: listRecords failed repo=did:plc:wtevjoz62663s6p5yxwgw4tr err=HttpError('InvalidRequest: Could not find repo: did:plc:wtevjoz62663s6p5yxwgw4tr')
2026-02-27T09:43:21Z WARNING bsky_collector_v2.job.index_feed_generators: listRecords failed repo=did:plc:ytye2fsvyktjwsrxpw2fdpdq err=HttpError('InvalidRequest: Could not find repo: did:plc:ytye2fsvyktjwsrxpw2fdpdq')
2026-02-27T09:43:22Z INFO bsky_collector_v2.job.index_feed_generators: enqueued repos page=13 mode=listRepos inserted=500 repos_returned=500 next_cursor=set
2026-02-27T09:43:38Z WARNING bsky_collector_v2.job.index_feed_generators: listRecords failed repo=did:plc:64t5wqdahx6jsetk2e522eyh err=HttpError('InvalidRequest: Could not find repo: did:plc:64t5wqdahx6jsetk2e522eyh')
2026-02-27T09:45:11Z INFO bsky_collector_v2.job.index_feed_generators: indexed repo=did:plc:v2m6tnpgpqlgsk7chsa52gck part=371 records=1 next_cursor=set
2026-02-27T09:45:11Z WARNING bsky_collector_v2.job.index_feed_generators: listRecords failed repo=did:plc:v4xtsin6zvwdxk5tkqbftu6l err=HttpError('InvalidRequest: Could not find repo: did:plc:v4xtsin6zvwdxk5tkqbftu6l')
2026-02-27T09:45:25Z WARNING bsky_collector_v2.job.index_feed_generators: listRecords failed repo=did:plc:64t5wqdahx6jsetk2e522eyh err=HttpError('InvalidRequest: Could not find repo: did:plc:64t5wqdahx6jsetk2e522eyh')
2026-02-27T09:45:26Z WARNING bsky_collector_v2.job.index_feed_generators: listRecords failed repo=did:plc:v4xtsin6zvwdxk5tkqbftu6l err=HttpError('InvalidRequest: Could not find repo: did:plc:v4xtsin6zvwdxk5tkqbftu6l')
2026-02-27T09:45:26Z WARNING bsky_collector_v2.job.index_feed_generators: listRecords failed repo=did:plc:64t5wqdahx6jsetk2e522eyh err=HttpError('InvalidRequest: Could not find repo: did:plc:64t5wqdahx6jsetk2e522eyh')
2026-02-27T09:45:26Z WARNING bsky_collector_v2.job.index_feed_generators: listRecords failed repo=did:plc:v4xtsin6zvwdxk5tkqbftu6l err=HttpError('InvalidRequest: Could not find repo: did:plc:v4xtsin6zvwdxk5tkqbftu6l')
2026-02-27T09:45:26Z INFO bsky_collector_v2.job.index_feed_generators: enqueued repos page=14 mode=listRepos inserted=500 repos_returned=500 next_cursor=set
2026-02-27T09:45:40Z WARNING bsky_collector_v2.job.index_feed_generators: listRecords failed repo=did:plc:7harqp4bfc5ryqanizkg7ync err=HttpError('InvalidRequest: Could not find repo: did:plc:7harqp4bfc5ryqanizkg7ync')
2026-02-27T09:45:49Z WARNING bsky_collector_v2.job.index_feed_generators: listRecords failed repo=did:plc:c32nbc7dx2cm2gi4wjwoulzg err=HttpError('InvalidRequest: Could not find repo: did:plc:c32nbc7dx2cm2gi4wjwoulzg')
2026-02-27T09:45:55Z WARNING bsky_collector_v2.job.index_feed_generators: listRecords failed repo=did:plc:dl3qa45ptgiaurwcz22b4qlg err=HttpError('InvalidRequest: Could not find repo: did:plc:dl3qa45ptgiaurwcz22b4qlg')
2026-02-27T09:45:57Z INFO bsky_collector_v2.job.index_feed_generators: indexed repo=did:plc:e2ruhthkpe3hhnor6r6xzilp part=372 records=1 next_cursor=set
2026-02-27T09:46:09Z WARNING bsky_collector_v2.job.index_feed_generators: listRecords failed repo=did:plc:hmljrdosjbhswo6fv3zlb572 err=HttpError('InvalidRequest: Could not find repo: did:plc:hmljrdosjbhswo6fv3zlb572')
2026-02-27T09:46:11Z WARNING bsky_collector_v2.job.index_feed_generators: listRecords failed repo=did:plc:ihoszm36rnjiixpesxzz6m4j err=HttpError('InvalidRequest: Could not find repo: did:plc:ihoszm36rnjiixpesxzz6m4j')
2026-02-27T09:46:23Z WARNING bsky_collector_v2.job.index_feed_generators: listRecords failed repo=did:plc:mug34is5swkb24hext3467ez err=HttpError('InvalidRequest: Could not find repo: did:plc:mug34is5swkb24hext3467ez')
2026-02-27T09:46:31Z WARNING bsky_collector_v2.job.index_feed_generators: listRecords failed repo=did:plc:p3hkufiyruanyzcf73xnkuju err=HttpError('InvalidRequest: Could not find repo: did:plc:p3hkufiyruanyzcf73xnkuju')
2026-02-27T09:47:15Z WARNING bsky_collector_v2.job.index_feed_generators: listRecords failed repo=did:plc:7harqp4bfc5ryqanizkg7ync err=HttpError('InvalidRequest: Could not find repo: did:plc:7harqp4bfc5ryqanizkg7ync')
2026-02-27T09:47:15Z WARNING bsky_collector_v2.job.index_feed_generators: listRecords failed repo=did:plc:c32nbc7dx2cm2gi4wjwoulzg err=HttpError('InvalidRequest: Could not find repo: did:plc:c32nbc7dx2cm2gi4wjwoulzg')
2026-02-27T09:47:15Z WARNING bsky_collector_v2.job.index_feed_generators: listRecords failed repo=did:plc:dl3qa45ptgiaurwcz22b4qlg err=HttpError('InvalidRequest: Could not find repo: did:plc:dl3qa45ptgiaurwcz22b4qlg')
2026-02-27T09:47:16Z WARNING bsky_collector_v2.job.index_feed_generators: listRecords failed repo=did:plc:hmljrdosjbhswo6fv3zlb572 err=HttpError('InvalidRequest: Could not find repo: did:plc:hmljrdosjbhswo6fv3zlb572')
2026-02-27T09:47:16Z WARNING bsky_collector_v2.job.index_feed_generators: listRecords failed repo=did:plc:ihoszm36rnjiixpesxzz6m4j err=HttpError('InvalidRequest: Could not find repo: did:plc:ihoszm36rnjiixpesxzz6m4j')
2026-02-27T09:47:16Z WARNING bsky_collector_v2.job.index_feed_generators: listRecords failed repo=did:plc:mug34is5swkb24hext3467ez err=HttpError('InvalidRequest: Could not find repo: did:plc:mug34is5swkb24hext3467ez')
2026-02-27T09:47:16Z WARNING bsky_collector_v2.job.index_feed_generators: listRecords failed repo=did:plc:p3hkufiyruanyzcf73xnkuju err=HttpError('InvalidRequest: Could not find repo: did:plc:p3hkufiyruanyzcf73xnkuju')
2026-02-27T09:47:16Z WARNING bsky_collector_v2.job.index_feed_generators: listRecords failed repo=did:plc:7harqp4bfc5ryqanizkg7ync err=HttpError('InvalidRequest: Could not find repo: did:plc:7harqp4bfc5ryqanizkg7ync')
2026-02-27T09:47:16Z WARNING bsky_collector_v2.job.index_feed_generators: listRecords failed repo=did:plc:c32nbc7dx2cm2gi4wjwoulzg err=HttpError('InvalidRequest: Could not find repo: did:plc:c32nbc7dx2cm2gi4wjwoulzg')
2026-02-27T09:47:16Z WARNING bsky_collector_v2.job.index_feed_generators: listRecords failed repo=did:plc:dl3qa45ptgiaurwcz22b4qlg err=HttpError('InvalidRequest: Could not find repo: did:plc:dl3qa45ptgiaurwcz22b4qlg')
2026-02-27T09:47:17Z WARNING bsky_collector_v2.job.index_feed_generators: listRecords failed repo=did:plc:hmljrdosjbhswo6fv3zlb572 err=HttpError('InvalidRequest: Could not find repo: did:plc:hmljrdosjbhswo6fv3zlb572')
2026-02-27T09:47:17Z WARNING bsky_collector_v2.job.index_feed_generators: listRecords failed repo=did:plc:ihoszm36rnjiixpesxzz6m4j err=HttpError('InvalidRequest: Could not find repo: did:plc:ihoszm36rnjiixpesxzz6m4j')
2026-02-27T09:47:17Z WARNING bsky_collector_v2.job.index_feed_generators: listRecords failed repo=did:plc:mug34is5swkb24hext3467ez err=HttpError('InvalidRequest: Could not find repo: did:plc:mug34is5swkb24hext3467ez')
2026-02-27T09:47:17Z WARNING bsky_collector_v2.job.index_feed_generators: listRecords failed repo=did:plc:p3hkufiyruanyzcf73xnkuju err=HttpError('InvalidRequest: Could not find repo: did:plc:p3hkufiyruanyzcf73xnkuju')
2026-02-27T09:47:18Z INFO bsky_collector_v2.job.index_feed_generators: enqueued repos page=15 mode=listRepos inserted=500 repos_returned=500 next_cursor=set
2026-02-27T09:47:19Z WARNING bsky_collector_v2.job.index_feed_generators: listRecords failed repo=did:plc:2cxceompn4q34grzhnjzsxx5 err=HttpError('InvalidRequest: Could not find repo: did:plc:2cxceompn4q34grzhnjzsxx5')
2026-02-27T09:47:27Z INFO bsky_collector_v2.job.index_feed_generators: indexed repo=did:plc:46woxnsthoycpjhvxtyttfx7 part=373 records=2 next_cursor=set
2026-02-27T09:47:59Z INFO bsky_collector_v2.job.index_feed_generators: indexed repo=did:plc:eiwvqoqmbjjmarnkd5brn6kc part=374 records=1 next_cursor=set
2026-02-27T09:48:38Z WARNING bsky_collector_v2.job.index_feed_generators: listRecords failed repo=did:plc:sqeflzcseqet5zj6qr64rx47 err=HttpError('InvalidRequest: Could not find repo: did:plc:sqeflzcseqet5zj6qr64rx47')
2026-02-27T09:48:51Z WARNING bsky_collector_v2.job.index_feed_generators: listRecords failed repo=did:plc:voyasuwwpbkxn3jzyeqmwt2x err=HttpError('InvalidRequest: Could not find repo: did:plc:voyasuwwpbkxn3jzyeqmwt2x')
2026-02-27T09:49:05Z WARNING bsky_collector_v2.job.index_feed_generators: listRecords failed repo=did:plc:2cxceompn4q34grzhnjzsxx5 err=HttpError('InvalidRequest: Could not find repo: did:plc:2cxceompn4q34grzhnjzsxx5')
2026-02-27T09:49:06Z WARNING bsky_collector_v2.job.index_feed_generators: listRecords failed repo=did:plc:sqeflzcseqet5zj6qr64rx47 err=HttpError('InvalidRequest: Could not find repo: did:plc:sqeflzcseqet5zj6qr64rx47')
2026-02-27T09:49:06Z WARNING bsky_collector_v2.job.index_feed_generators: listRecords failed repo=did:plc:voyasuwwpbkxn3jzyeqmwt2x err=HttpError('InvalidRequest: Could not find repo: did:plc:voyasuwwpbkxn3jzyeqmwt2x')
2026-02-27T09:49:06Z WARNING bsky_collector_v2.job.index_feed_generators: listRecords failed repo=did:plc:2cxceompn4q34grzhnjzsxx5 err=HttpError('InvalidRequest: Could not find repo: did:plc:2cxceompn4q34grzhnjzsxx5')
2026-02-27T09:49:06Z WARNING bsky_collector_v2.job.index_feed_generators: listRecords failed repo=did:plc:sqeflzcseqet5zj6qr64rx47 err=HttpError('InvalidRequest: Could not find repo: did:plc:sqeflzcseqet5zj6qr64rx47')
2026-02-27T09:49:06Z WARNING bsky_collector_v2.job.index_feed_generators: listRecords failed repo=did:plc:voyasuwwpbkxn3jzyeqmwt2x err=HttpError('InvalidRequest: Could not find repo: did:plc:voyasuwwpbkxn3jzyeqmwt2x')
2026-02-27T09:49:07Z INFO bsky_collector_v2.job.index_feed_generators: enqueued repos page=16 mode=listRepos inserted=500 repos_returned=500 next_cursor=set
2026-02-27T09:49:23Z WARNING bsky_collector_v2.job.index_feed_generators: listRecords failed repo=did:plc:aegl2soclyqaqkltunegb7ew err=HttpError('InvalidRequest: Could not find repo: did:plc:aegl2soclyqaqkltunegb7ew')
2026-02-27T09:50:00Z INFO bsky_collector_v2.job.index_feed_generators: indexed repo=did:plc:m6vhagfz2zyt2n6by24psfrw part=375 records=2 next_cursor=set
2026-02-27T09:50:04Z WARNING bsky_collector_v2.job.index_feed_generators: listRecords failed repo=did:plc:o5jkgcuutmnkoew5r2ea5uad err=HttpError('InvalidRequest: Could not find repo: did:plc:o5jkgcuutmnkoew5r2ea5uad')
2026-02-27T09:50:46Z WARNING bsky_collector_v2.job.index_feed_generators: listRecords failed repo=did:plc:aegl2soclyqaqkltunegb7ew err=HttpError('InvalidRequest: Could not find repo: did:plc:aegl2soclyqaqkltunegb7ew')
2026-02-27T09:50:47Z WARNING bsky_collector_v2.job.index_feed_generators: listRecords failed repo=did:plc:o5jkgcuutmnkoew5r2ea5uad err=HttpError('InvalidRequest: Could not find repo: did:plc:o5jkgcuutmnkoew5r2ea5uad')
2026-02-27T09:50:47Z WARNING bsky_collector_v2.job.index_feed_generators: listRecords failed repo=did:plc:aegl2soclyqaqkltunegb7ew err=HttpError('InvalidRequest: Could not find repo: did:plc:aegl2soclyqaqkltunegb7ew')
2026-02-27T09:50:47Z WARNING bsky_collector_v2.job.index_feed_generators: listRecords failed repo=did:plc:o5jkgcuutmnkoew5r2ea5uad err=HttpError('InvalidRequest: Could not find repo: did:plc:o5jkgcuutmnkoew5r2ea5uad')
2026-02-27T09:50:47Z INFO bsky_collector_v2.job.index_feed_generators: enqueued repos page=17 mode=listRepos inserted=500 repos_returned=500 next_cursor=set
2026-02-27T09:50:48Z WARNING bsky_collector_v2.job.index_feed_generators: listRecords failed repo=did:plc:2d66hcvi5xe6n3uirrwq2cht err=HttpError('InvalidRequest: Could not find repo: did:plc:2d66hcvi5xe6n3uirrwq2cht')
2026-02-27T09:50:55Z INFO bsky_collector_v2.job.index_feed_generators: indexed repo=did:plc:443472miwvtmehork46tjtq6 part=376 records=1 next_cursor=set
2026-02-27T09:51:18Z INFO bsky_collector_v2.job.index_feed_generators: indexed repo=did:plc:ddt45ge4fcrw4yeswdav7cut part=377 records=1 next_cursor=set
2026-02-27T09:52:40Z WARNING bsky_collector_v2.job.index_feed_generators: listRecords failed repo=did:plc:2d66hcvi5xe6n3uirrwq2cht err=HttpError('InvalidRequest: Could not find repo: did:plc:2d66hcvi5xe6n3uirrwq2cht')
2026-02-27T09:52:40Z WARNING bsky_collector_v2.job.index_feed_generators: listRecords failed repo=did:plc:2d66hcvi5xe6n3uirrwq2cht err=HttpError('InvalidRequest: Could not find repo: did:plc:2d66hcvi5xe6n3uirrwq2cht')
2026-02-27T09:52:41Z INFO bsky_collector_v2.job.index_feed_generators: enqueued repos page=18 mode=listRepos inserted=500 repos_returned=500 next_cursor=set
2026-02-27T09:53:03Z WARNING bsky_collector_v2.job.index_feed_generators: listRecords failed repo=did:plc:6efwugxyet4sih4ic4ta2f7i err=HttpError('InvalidRequest: Could not find repo: did:plc:6efwugxyet4sih4ic4ta2f7i')
2026-02-27T09:53:47Z INFO bsky_collector_v2.job.index_feed_generators: indexed repo=did:plc:ixmzze32sw4gsux6bkecqy56 part=378 records=1 next_cursor=set
2026-02-27T09:53:59Z WARNING bsky_collector_v2.job.index_feed_generators: listRecords failed repo=did:plc:mzwgftcd7hlo3tqrkv7t2o6s err=HttpError('InvalidRequest: Could not find repo: did:plc:mzwgftcd7hlo3tqrkv7t2o6s')
2026-02-27T09:54:15Z WARNING bsky_collector_v2.job.index_feed_generators: listRecords failed repo=did:plc:t7gutqmx4hs4kpeylnbgqsiu err=HttpError('InvalidRequest: Could not find repo: did:plc:t7gutqmx4hs4kpeylnbgqsiu')
2026-02-27T09:54:16Z INFO bsky_collector_v2.job.index_feed_generators: indexed repo=did:plc:th7kkynkpmr72iq5eaxjcuj5 part=379 records=1 next_cursor=set
2026-02-27T09:54:23Z WARNING bsky_collector_v2.job.index_feed_generators: listRecords failed repo=did:plc:vnj5ojuo6nprm3mayxqyh62t err=HttpError('InvalidRequest: Could not find repo: did:plc:vnj5ojuo6nprm3mayxqyh62t')
2026-02-27T09:54:37Z WARNING bsky_collector_v2.job.index_feed_generators: listRecords failed repo=did:plc:6efwugxyet4sih4ic4ta2f7i err=HttpError('InvalidRequest: Could not find repo: did:plc:6efwugxyet4sih4ic4ta2f7i')
2026-02-27T09:54:38Z WARNING bsky_collector_v2.job.index_feed_generators: listRecords failed repo=did:plc:mzwgftcd7hlo3tqrkv7t2o6s err=HttpError('InvalidRequest: Could not find repo: did:plc:mzwgftcd7hlo3tqrkv7t2o6s')
2026-02-27T09:54:38Z WARNING bsky_collector_v2.job.index_feed_generators: listRecords failed repo=did:plc:t7gutqmx4hs4kpeylnbgqsiu err=HttpError('InvalidRequest: Could not find repo: did:plc:t7gutqmx4hs4kpeylnbgqsiu')
2026-02-27T09:54:38Z WARNING bsky_collector_v2.job.index_feed_generators: listRecords failed repo=did:plc:vnj5ojuo6nprm3mayxqyh62t err=HttpError('InvalidRequest: Could not find repo: did:plc:vnj5ojuo6nprm3mayxqyh62t')
2026-02-27T09:54:38Z WARNING bsky_collector_v2.job.index_feed_generators: listRecords failed repo=did:plc:6efwugxyet4sih4ic4ta2f7i err=HttpError('InvalidRequest: Could not find repo: did:plc:6efwugxyet4sih4ic4ta2f7i')
2026-02-27T09:54:38Z WARNING bsky_collector_v2.job.index_feed_generators: listRecords failed repo=did:plc:mzwgftcd7hlo3tqrkv7t2o6s err=HttpError('InvalidRequest: Could not find repo: did:plc:mzwgftcd7hlo3tqrkv7t2o6s')
2026-02-27T09:54:38Z WARNING bsky_collector_v2.job.index_feed_generators: listRecords failed repo=did:plc:t7gutqmx4hs4kpeylnbgqsiu err=HttpError('InvalidRequest: Could not find repo: did:plc:t7gutqmx4hs4kpeylnbgqsiu')
2026-02-27T09:54:38Z WARNING bsky_collector_v2.job.index_feed_generators: listRecords failed repo=did:plc:vnj5ojuo6nprm3mayxqyh62t err=HttpError('InvalidRequest: Could not find repo: did:plc:vnj5ojuo6nprm3mayxqyh62t')
2026-02-27T09:54:39Z INFO bsky_collector_v2.job.index_feed_generators: enqueued repos page=19 mode=listRepos inserted=500 repos_returned=500 next_cursor=set
2026-02-27T09:55:05Z INFO bsky_collector_v2.job.index_feed_generators: indexed repo=did:plc:cqmnr7x5uoc6rr5ba2rjmzku part=380 records=9 next_cursor=set
2026-02-27T09:55:06Z WARNING bsky_collector_v2.job.index_feed_generators: listRecords failed repo=did:plc:d3vwyfkg6umvsezveewjyxea err=HttpError('InvalidRequest: Could not find repo: did:plc:d3vwyfkg6umvsezveewjyxea')
2026-02-27T09:55:39Z INFO bsky_collector_v2.job.index_feed_generators: indexed repo=did:plc:nxm4dusesjtg2ilf7vz45yjq part=381 records=2 next_cursor=set
2026-02-27T09:56:14Z WARNING bsky_collector_v2.job.index_feed_generators: listRecords failed repo=did:plc:d3vwyfkg6umvsezveewjyxea err=HttpError('InvalidRequest: Could not find repo: did:plc:d3vwyfkg6umvsezveewjyxea')
2026-02-27T09:56:14Z WARNING bsky_collector_v2.job.index_feed_generators: listRecords failed repo=did:plc:d3vwyfkg6umvsezveewjyxea err=HttpError('InvalidRequest: Could not find repo: did:plc:d3vwyfkg6umvsezveewjyxea')
2026-02-27T09:56:15Z INFO bsky_collector_v2.job.index_feed_generators: enqueued repos page=20 mode=listRepos inserted=500 repos_returned=500 next_cursor=set
2026-02-27T09:56:24Z INFO bsky_collector_v2.job.index_feed_generators: indexed repo=did:plc:4do6vm4ptv423ol7xshde5vd part=382 records=1 next_cursor=set
2026-02-27T09:56:38Z WARNING bsky_collector_v2.job.index_feed_generators: listRecords failed repo=did:plc:bijdpbhvku6idgojybxxcrni err=HttpError('InvalidRequest: Could not find repo: did:plc:bijdpbhvku6idgojybxxcrni')
2026-02-27T09:57:24Z WARNING bsky_collector_v2.job.index_feed_generators: listRecords failed repo=did:plc:p2ulqz24ve547jlaqegfr4yz err=HttpError('InvalidRequest: Could not find repo: did:plc:p2ulqz24ve547jlaqegfr4yz')
2026-02-27T09:57:57Z WARNING bsky_collector_v2.job.index_feed_generators: listRecords failed repo=did:plc:bijdpbhvku6idgojybxxcrni err=HttpError('InvalidRequest: Could not find repo: did:plc:bijdpbhvku6idgojybxxcrni')
2026-02-27T09:57:57Z WARNING bsky_collector_v2.job.index_feed_generators: listRecords failed repo=did:plc:p2ulqz24ve547jlaqegfr4yz err=HttpError('InvalidRequest: Could not find repo: did:plc:p2ulqz24ve547jlaqegfr4yz')
2026-02-27T09:57:57Z WARNING bsky_collector_v2.job.index_feed_generators: listRecords failed repo=did:plc:bijdpbhvku6idgojybxxcrni err=HttpError('InvalidRequest: Could not find repo: did:plc:bijdpbhvku6idgojybxxcrni')
2026-02-27T09:57:57Z WARNING bsky_collector_v2.job.index_feed_generators: listRecords failed repo=did:plc:p2ulqz24ve547jlaqegfr4yz err=HttpError('InvalidRequest: Could not find repo: did:plc:p2ulqz24ve547jlaqegfr4yz')
2026-02-27T09:57:58Z INFO bsky_collector_v2.job.index_feed_generators: enqueued repos page=21 mode=listRepos inserted=500 repos_returned=500 next_cursor=set
2026-02-27T09:58:20Z WARNING bsky_collector_v2.job.index_feed_generators: listRecords failed repo=did:plc:clpkn6ranyhzjmkdd3seempl err=HttpError('InvalidRequest: Could not find repo: did:plc:clpkn6ranyhzjmkdd3seempl')
2026-02-27T09:58:29Z WARNING bsky_collector_v2.job.index_feed_generators: listRecords failed repo=did:plc:fj3ik3yntnck5lohqfvwshyp err=HttpError('InvalidRequest: Could not find repo: did:plc:fj3ik3yntnck5lohqfvwshyp')
2026-02-27T09:58:55Z WARNING bsky_collector_v2.job.index_feed_generators: listRecords failed repo=did:plc:nsaebdk3urmo3uh54xshq77c err=HttpError('InvalidRequest: Could not find repo: did:plc:nsaebdk3urmo3uh54xshq77c')
2026-02-27T09:59:09Z WARNING bsky_collector_v2.job.index_feed_generators: listRecords failed repo=did:plc:rufmwyfl5owkb5gnxi377zz6 err=HttpError('InvalidRequest: Could not find repo: did:plc:rufmwyfl5owkb5gnxi377zz6')
2026-02-27T09:59:46Z WARNING bsky_collector_v2.job.index_feed_generators: listRecords failed repo=did:plc:clpkn6ranyhzjmkdd3seempl err=HttpError('InvalidRequest: Could not find repo: did:plc:clpkn6ranyhzjmkdd3seempl')
2026-02-27T09:59:46Z WARNING bsky_collector_v2.job.index_feed_generators: listRecords failed repo=did:plc:fj3ik3yntnck5lohqfvwshyp err=HttpError('InvalidRequest: Could not find repo: did:plc:fj3ik3yntnck5lohqfvwshyp')
2026-02-27T09:59:46Z WARNING bsky_collector_v2.job.index_feed_generators: listRecords failed repo=did:plc:nsaebdk3urmo3uh54xshq77c err=HttpError('InvalidRequest: Could not find repo: did:plc:nsaebdk3urmo3uh54xshq77c')
2026-02-27T09:59:46Z WARNING bsky_collector_v2.job.index_feed_generators: listRecords failed repo=did:plc:rufmwyfl5owkb5gnxi377zz6 err=HttpError('InvalidRequest: Could not find repo: did:plc:rufmwyfl5owkb5gnxi377zz6')
2026-02-27T09:59:47Z WARNING bsky_collector_v2.job.index_feed_generators: listRecords failed repo=did:plc:clpkn6ranyhzjmkdd3seempl err=HttpError('InvalidRequest: Could not find repo: did:plc:clpkn6ranyhzjmkdd3seempl')
2026-02-27T09:59:47Z WARNING bsky_collector_v2.job.index_feed_generators: listRecords failed repo=did:plc:fj3ik3yntnck5lohqfvwshyp err=HttpError('InvalidRequest: Could not find repo: did:plc:fj3ik3yntnck5lohqfvwshyp')
2026-02-27T09:59:47Z WARNING bsky_collector_v2.job.index_feed_generators: listRecords failed repo=did:plc:nsaebdk3urmo3uh54xshq77c err=HttpError('InvalidRequest: Could not find repo: did:plc:nsaebdk3urmo3uh54xshq77c')
2026-02-27T09:59:47Z WARNING bsky_collector_v2.job.index_feed_generators: listRecords failed repo=did:plc:rufmwyfl5owkb5gnxi377zz6 err=HttpError('InvalidRequest: Could not find repo: did:plc:rufmwyfl5owkb5gnxi377zz6')
2026-02-27T09:59:48Z INFO bsky_collector_v2.job.index_feed_generators: enqueued repos page=22 mode=listRepos inserted=500 repos_returned=500 next_cursor=set
2026-02-27T10:00:15Z INFO bsky_collector_v2.job.index_feed_generators: indexed repo=did:plc:bkxvshcygzdw5k5zcyk5qkng part=383 records=1 next_cursor=set
2026-02-27T10:00:49Z WARNING bsky_collector_v2.job.index_feed_generators: listRecords failed repo=did:plc:j7kc25vmlwyo7z2rolcwxg7t err=HttpError('InvalidRequest: Could not find repo: did:plc:j7kc25vmlwyo7z2rolcwxg7t')
2026-02-27T10:01:09Z WARNING bsky_collector_v2.job.index_feed_generators: listRecords failed repo=did:plc:pczrpxbund5sot7y7pmkmals err=HttpError('InvalidRequest: Could not find repo: did:plc:pczrpxbund5sot7y7pmkmals')
2026-02-27T10:01:20Z WARNING bsky_collector_v2.job.index_feed_generators: listRecords failed repo=did:plc:t4jcxehlyirdqwnd5fdimvfv err=HttpError('InvalidRequest: Could not find repo: did:plc:t4jcxehlyirdqwnd5fdimvfv')
2026-02-27T10:01:20Z WARNING bsky_collector_v2.job.index_feed_generators: listRecords failed repo=did:plc:td6hdockbhhl5vhbn6rvg7cy err=HttpError('InvalidRequest: Could not find repo: did:plc:td6hdockbhhl5vhbn6rvg7cy')
2026-02-27T10:01:37Z WARNING bsky_collector_v2.job.index_feed_generators: listRecords failed repo=did:plc:j7kc25vmlwyo7z2rolcwxg7t err=HttpError('InvalidRequest: Could not find repo: did:plc:j7kc25vmlwyo7z2rolcwxg7t')
2026-02-27T10:01:37Z WARNING bsky_collector_v2.job.index_feed_generators: listRecords failed repo=did:plc:pczrpxbund5sot7y7pmkmals err=HttpError('InvalidRequest: Could not find repo: did:plc:pczrpxbund5sot7y7pmkmals')
2026-02-27T10:01:37Z WARNING bsky_collector_v2.job.index_feed_generators: listRecords failed repo=did:plc:t4jcxehlyirdqwnd5fdimvfv err=HttpError('InvalidRequest: Could not find repo: did:plc:t4jcxehlyirdqwnd5fdimvfv')
2026-02-27T10:01:37Z WARNING bsky_collector_v2.job.index_feed_generators: listRecords failed repo=did:plc:td6hdockbhhl5vhbn6rvg7cy err=HttpError('InvalidRequest: Could not find repo: did:plc:td6hdockbhhl5vhbn6rvg7cy')
2026-02-27T10:01:37Z WARNING bsky_collector_v2.job.index_feed_generators: listRecords failed repo=did:plc:j7kc25vmlwyo7z2rolcwxg7t err=HttpError('InvalidRequest: Could not find repo: did:plc:j7kc25vmlwyo7z2rolcwxg7t')
2026-02-27T10:01:37Z WARNING bsky_collector_v2.job.index_feed_generators: listRecords failed repo=did:plc:pczrpxbund5sot7y7pmkmals err=HttpError('InvalidRequest: Could not find repo: did:plc:pczrpxbund5sot7y7pmkmals')
2026-02-27T10:01:37Z WARNING bsky_collector_v2.job.index_feed_generators: listRecords failed repo=did:plc:t4jcxehlyirdqwnd5fdimvfv err=HttpError('InvalidRequest: Could not find repo: did:plc:t4jcxehlyirdqwnd5fdimvfv')
2026-02-27T10:01:37Z WARNING bsky_collector_v2.job.index_feed_generators: listRecords failed repo=did:plc:td6hdockbhhl5vhbn6rvg7cy err=HttpError('InvalidRequest: Could not find repo: did:plc:td6hdockbhhl5vhbn6rvg7cy')
2026-02-27T10:01:38Z INFO bsky_collector_v2.job.index_feed_generators: enqueued repos page=23 mode=listRepos inserted=500 repos_returned=500 next_cursor=set
2026-02-27T10:02:35Z INFO bsky_collector_v2.job.index_feed_generators: indexed repo=did:plc:o7xwq65eeng3gobv3xbis6dd part=384 records=1 next_cursor=set
2026-02-27T10:03:13Z INFO bsky_collector_v2.job.index_feed_generators: enqueued repos page=24 mode=listRepos inserted=500 repos_returned=500 next_cursor=set
2026-02-27T10:03:14Z INFO bsky_collector_v2.job.index_feed_generators: indexed repo=did:plc:253uf6dypugefwmui42urb5d part=385 records=1 next_cursor=set
2026-02-27T10:04:05Z INFO bsky_collector_v2.job.index_feed_generators: indexed repo=did:plc:kpxvwjmlkjxjtlzjghzaazwm part=386 records=2 next_cursor=set
2026-02-27T10:04:48Z INFO bsky_collector_v2.job.index_feed_generators: enqueued repos page=25 mode=listRepos inserted=500 repos_returned=500 next_cursor=set
2026-02-27T10:05:14Z INFO bsky_collector_v2.job.index_feed_generators: indexed repo=did:plc:cytr7suudx3qbtawjq6vq3cc part=387 records=1 next_cursor=set
2026-02-27T10:06:23Z INFO bsky_collector_v2.job.index_feed_generators: enqueued repos page=26 mode=listRepos inserted=500 repos_returned=500 next_cursor=set
2026-02-27T10:06:41Z WARNING bsky_collector_v2.job.index_feed_generators: listRecords failed repo=did:plc:atxsorqtxidpq3rigwlhmsfw err=HttpError('InvalidRequest: Could not find repo: did:plc:atxsorqtxidpq3rigwlhmsfw')
2026-02-27T10:06:50Z WARNING bsky_collector_v2.job.index_feed_generators: listRecords failed repo=did:plc:dtatl7brj2bx6grlbovy553v err=HttpError('InvalidRequest: Could not find repo: did:plc:dtatl7brj2bx6grlbovy553v')
2026-02-27T10:07:39Z INFO bsky_collector_v2.job.index_feed_generators: indexed repo=did:plc:uprhmbzd4z4q2vm5tqy7bvwl part=388 records=1 next_cursor=set
2026-02-27T10:07:53Z WARNING bsky_collector_v2.job.index_feed_generators: listRecords failed repo=did:plc:atxsorqtxidpq3rigwlhmsfw err=HttpError('InvalidRequest: Could not find repo: did:plc:atxsorqtxidpq3rigwlhmsfw')
2026-02-27T10:07:53Z WARNING bsky_collector_v2.job.index_feed_generators: listRecords failed repo=did:plc:dtatl7brj2bx6grlbovy553v err=HttpError('InvalidRequest: Could not find repo: did:plc:dtatl7brj2bx6grlbovy553v')
2026-02-27T10:07:53Z WARNING bsky_collector_v2.job.index_feed_generators: listRecords failed repo=did:plc:atxsorqtxidpq3rigwlhmsfw err=HttpError('InvalidRequest: Could not find repo: did:plc:atxsorqtxidpq3rigwlhmsfw')
2026-02-27T10:07:53Z WARNING bsky_collector_v2.job.index_feed_generators: listRecords failed repo=did:plc:dtatl7brj2bx6grlbovy553v err=HttpError('InvalidRequest: Could not find repo: did:plc:dtatl7brj2bx6grlbovy553v')
2026-02-27T10:07:54Z INFO bsky_collector_v2.job.index_feed_generators: enqueued repos page=27 mode=listRepos inserted=500 repos_returned=500 next_cursor=set
2026-02-27T10:07:56Z WARNING bsky_collector_v2.job.index_feed_generators: listRecords failed repo=did:plc:2ptpjfcym46cxp2aalrpvakj err=HttpError('InvalidRequest: Could not find repo: did:plc:2ptpjfcym46cxp2aalrpvakj')
2026-02-27T10:07:56Z WARNING bsky_collector_v2.job.index_feed_generators: listRecords failed repo=did:plc:2xmxbyc5zxqmyabqm6guiipf err=HttpError('InvalidRequest: Could not find repo: did:plc:2xmxbyc5zxqmyabqm6guiipf')
2026-02-27T10:07:58Z WARNING bsky_collector_v2.job.index_feed_generators: listRecords failed repo=did:plc:3ipcicvic6ntnmum7bj46fmg err=HttpError('InvalidRequest: Could not find repo: did:plc:3ipcicvic6ntnmum7bj46fmg')
2026-02-27T10:08:00Z WARNING bsky_collector_v2.job.index_feed_generators: listRecords failed repo=did:plc:4b2wf3vqohrucht5w7dpx2vd err=HttpError('InvalidRequest: Could not find repo: did:plc:4b2wf3vqohrucht5w7dpx2vd')
2026-02-27T10:08:01Z WARNING bsky_collector_v2.job.index_feed_generators: listRecords failed repo=did:plc:4up4hzr7qscliyzbtajek3yf err=HttpError('InvalidRequest: Could not find repo: did:plc:4up4hzr7qscliyzbtajek3yf')
2026-02-27T10:08:08Z INFO bsky_collector_v2.job.index_feed_generators: indexed repo=did:plc:7njspihvwkjar75dcz2n2juf part=389 records=1 next_cursor=set
2026-02-27T10:08:17Z WARNING bsky_collector_v2.job.index_feed_generators: listRecords failed repo=did:plc:bguiqhcyx7iwpq7kf3lhkv32 err=HttpError('InvalidRequest: Could not find repo: did:plc:bguiqhcyx7iwpq7kf3lhkv32')
2026-02-27T10:08:19Z WARNING bsky_collector_v2.job.index_feed_generators: listRecords failed repo=did:plc:ccpxssjrtwxm4dmy4pwxwytv err=HttpError('InvalidRequest: Could not find repo: did:plc:ccpxssjrtwxm4dmy4pwxwytv')
2026-02-27T10:08:19Z WARNING bsky_collector_v2.job.index_feed_generators: listRecords failed repo=did:plc:ciqglaylertsknuytycj57od err=HttpError('InvalidRequest: Could not find repo: did:plc:ciqglaylertsknuytycj57od')
2026-02-27T10:08:27Z WARNING bsky_collector_v2.job.index_feed_generators: listRecords failed repo=did:plc:fpw7wvh2po4cyym3lyo2esms err=HttpError('InvalidRequest: Could not find repo: did:plc:fpw7wvh2po4cyym3lyo2esms')
2026-02-27T10:08:36Z WARNING bsky_collector_v2.job.index_feed_generators: listRecords failed repo=did:plc:ii4rbhlvbqlwueribgesdssh err=HttpError('InvalidRequest: Could not find repo: did:plc:ii4rbhlvbqlwueribgesdssh')
2026-02-27T10:08:37Z WARNING bsky_collector_v2.job.index_feed_generators: listRecords failed repo=did:plc:ixpzk5wgm7i5hm6o6zrwrtrt err=HttpError('InvalidRequest: Could not find repo: did:plc:ixpzk5wgm7i5hm6o6zrwrtrt')
2026-02-27T10:08:44Z WARNING bsky_collector_v2.job.index_feed_generators: listRecords failed repo=did:plc:lwtlxd5i4lnmjkefznuse5gm err=HttpError('InvalidRequest: Could not find repo: did:plc:lwtlxd5i4lnmjkefznuse5gm')
2026-02-27T10:09:00Z WARNING bsky_collector_v2.job.index_feed_generators: listRecords failed repo=did:plc:opshnn6sp42wqucwdqx33jwi err=HttpError('InvalidRequest: Could not find repo: did:plc:opshnn6sp42wqucwdqx33jwi')
2026-02-27T10:09:06Z WARNING bsky_collector_v2.job.index_feed_generators: listRecords failed repo=did:plc:prvoqsy2cdcwdrxalogethzg err=HttpError('InvalidRequest: Could not find repo: did:plc:prvoqsy2cdcwdrxalogethzg')
2026-02-27T10:09:12Z WARNING bsky_collector_v2.job.index_feed_generators: listRecords failed repo=did:plc:rjwmpjwrilprhopheua3k3e4 err=HttpError('InvalidRequest: Could not find repo: did:plc:rjwmpjwrilprhopheua3k3e4')
2026-02-27T10:09:34Z WARNING bsky_collector_v2.job.index_feed_generators: listRecords failed repo=did:plc:zt363dq6skjeolsmzto3mwhq err=HttpError('InvalidRequest: Could not find repo: did:plc:zt363dq6skjeolsmzto3mwhq')
2026-02-27T10:09:35Z WARNING bsky_collector_v2.job.index_feed_generators: listRecords failed repo=did:plc:ztiwrxjmuivwyh3y3rnimxte err=HttpError('InvalidRequest: Could not find repo: did:plc:ztiwrxjmuivwyh3y3rnimxte')
2026-02-27T10:09:35Z WARNING bsky_collector_v2.job.index_feed_generators: listRecords failed repo=did:plc:2ptpjfcym46cxp2aalrpvakj err=HttpError('InvalidRequest: Could not find repo: did:plc:2ptpjfcym46cxp2aalrpvakj')
2026-02-27T10:09:35Z WARNING bsky_collector_v2.job.index_feed_generators: listRecords failed repo=did:plc:2xmxbyc5zxqmyabqm6guiipf err=HttpError('InvalidRequest: Could not find repo: did:plc:2xmxbyc5zxqmyabqm6guiipf')
2026-02-27T10:09:35Z WARNING bsky_collector_v2.job.index_feed_generators: listRecords failed repo=did:plc:3ipcicvic6ntnmum7bj46fmg err=HttpError('InvalidRequest: Could not find repo: did:plc:3ipcicvic6ntnmum7bj46fmg')
2026-02-27T10:09:35Z WARNING bsky_collector_v2.job.index_feed_generators: listRecords failed repo=did:plc:4b2wf3vqohrucht5w7dpx2vd err=HttpError('InvalidRequest: Could not find repo: did:plc:4b2wf3vqohrucht5w7dpx2vd')
2026-02-27T10:09:35Z WARNING bsky_collector_v2.job.index_feed_generators: listRecords failed repo=did:plc:4up4hzr7qscliyzbtajek3yf err=HttpError('InvalidRequest: Could not find repo: did:plc:4up4hzr7qscliyzbtajek3yf')
2026-02-27T10:09:35Z WARNING bsky_collector_v2.job.index_feed_generators: listRecords failed repo=did:plc:bguiqhcyx7iwpq7kf3lhkv32 err=HttpError('InvalidRequest: Could not find repo: did:plc:bguiqhcyx7iwpq7kf3lhkv32')
2026-02-27T10:09:35Z WARNING bsky_collector_v2.job.index_feed_generators: listRecords failed repo=did:plc:ccpxssjrtwxm4dmy4pwxwytv err=HttpError('InvalidRequest: Could not find repo: did:plc:ccpxssjrtwxm4dmy4pwxwytv')
2026-02-27T10:09:35Z WARNING bsky_collector_v2.job.index_feed_generators: listRecords failed repo=did:plc:ciqglaylertsknuytycj57od err=HttpError('InvalidRequest: Could not find repo: did:plc:ciqglaylertsknuytycj57od')
2026-02-27T10:09:35Z WARNING bsky_collector_v2.job.index_feed_generators: listRecords failed repo=did:plc:fpw7wvh2po4cyym3lyo2esms err=HttpError('InvalidRequest: Could not find repo: did:plc:fpw7wvh2po4cyym3lyo2esms')
2026-02-27T10:09:35Z WARNING bsky_collector_v2.job.index_feed_generators: listRecords failed repo=did:plc:ii4rbhlvbqlwueribgesdssh err=HttpError('InvalidRequest: Could not find repo: did:plc:ii4rbhlvbqlwueribgesdssh')
2026-02-27T10:09:36Z WARNING bsky_collector_v2.job.index_feed_generators: listRecords failed repo=did:plc:ixpzk5wgm7i5hm6o6zrwrtrt err=HttpError('InvalidRequest: Could not find repo: did:plc:ixpzk5wgm7i5hm6o6zrwrtrt')
2026-02-27T10:09:36Z WARNING bsky_collector_v2.job.index_feed_generators: listRecords failed repo=did:plc:lwtlxd5i4lnmjkefznuse5gm err=HttpError('InvalidRequest: Could not find repo: did:plc:lwtlxd5i4lnmjkefznuse5gm')
2026-02-27T10:09:36Z WARNING bsky_collector_v2.job.index_feed_generators: listRecords failed repo=did:plc:opshnn6sp42wqucwdqx33jwi err=HttpError('InvalidRequest: Could not find repo: did:plc:opshnn6sp42wqucwdqx33jwi')
2026-02-27T10:09:36Z WARNING bsky_collector_v2.job.index_feed_generators: listRecords failed repo=did:plc:prvoqsy2cdcwdrxalogethzg err=HttpError('InvalidRequest: Could not find repo: did:plc:prvoqsy2cdcwdrxalogethzg')
2026-02-27T10:09:36Z WARNING bsky_collector_v2.job.index_feed_generators: listRecords failed repo=did:plc:rjwmpjwrilprhopheua3k3e4 err=HttpError('InvalidRequest: Could not find repo: did:plc:rjwmpjwrilprhopheua3k3e4')
2026-02-27T10:09:36Z WARNING bsky_collector_v2.job.index_feed_generators: listRecords failed repo=did:plc:zt363dq6skjeolsmzto3mwhq err=HttpError('InvalidRequest: Could not find repo: did:plc:zt363dq6skjeolsmzto3mwhq')
2026-02-27T10:09:36Z WARNING bsky_collector_v2.job.index_feed_generators: listRecords failed repo=did:plc:ztiwrxjmuivwyh3y3rnimxte err=HttpError('InvalidRequest: Could not find repo: did:plc:ztiwrxjmuivwyh3y3rnimxte')
2026-02-27T10:09:36Z WARNING bsky_collector_v2.job.index_feed_generators: listRecords failed repo=did:plc:2ptpjfcym46cxp2aalrpvakj err=HttpError('InvalidRequest: Could not find repo: did:plc:2ptpjfcym46cxp2aalrpvakj')
2026-02-27T10:09:36Z WARNING bsky_collector_v2.job.index_feed_generators: listRecords failed repo=did:plc:2xmxbyc5zxqmyabqm6guiipf err=HttpError('InvalidRequest: Could not find repo: did:plc:2xmxbyc5zxqmyabqm6guiipf')
2026-02-27T10:09:36Z WARNING bsky_collector_v2.job.index_feed_generators: listRecords failed repo=did:plc:3ipcicvic6ntnmum7bj46fmg err=HttpError('InvalidRequest: Could not find repo: did:plc:3ipcicvic6ntnmum7bj46fmg')
2026-02-27T10:09:36Z WARNING bsky_collector_v2.job.index_feed_generators: listRecords failed repo=did:plc:4b2wf3vqohrucht5w7dpx2vd err=HttpError('InvalidRequest: Could not find repo: did:plc:4b2wf3vqohrucht5w7dpx2vd')
2026-02-27T10:09:36Z WARNING bsky_collector_v2.job.index_feed_generators: listRecords failed repo=did:plc:4up4hzr7qscliyzbtajek3yf err=HttpError('InvalidRequest: Could not find repo: did:plc:4up4hzr7qscliyzbtajek3yf')
2026-02-27T10:09:36Z WARNING bsky_collector_v2.job.index_feed_generators: listRecords failed repo=did:plc:bguiqhcyx7iwpq7kf3lhkv32 err=HttpError('InvalidRequest: Could not find repo: did:plc:bguiqhcyx7iwpq7kf3lhkv32')
2026-02-27T10:09:36Z WARNING bsky_collector_v2.job.index_feed_generators: listRecords failed repo=did:plc:ccpxssjrtwxm4dmy4pwxwytv err=HttpError('InvalidRequest: Could not find repo: did:plc:ccpxssjrtwxm4dmy4pwxwytv')
2026-02-27T10:09:37Z WARNING bsky_collector_v2.job.index_feed_generators: listRecords failed repo=did:plc:ciqglaylertsknuytycj57od err=HttpError('InvalidRequest: Could not find repo: did:plc:ciqglaylertsknuytycj57od')
2026-02-27T10:09:37Z WARNING bsky_collector_v2.job.index_feed_generators: listRecords failed repo=did:plc:fpw7wvh2po4cyym3lyo2esms err=HttpError('InvalidRequest: Could not find repo: did:plc:fpw7wvh2po4cyym3lyo2esms')
2026-02-27T10:09:37Z WARNING bsky_collector_v2.job.index_feed_generators: listRecords failed repo=did:plc:ii4rbhlvbqlwueribgesdssh err=HttpError('InvalidRequest: Could not find repo: did:plc:ii4rbhlvbqlwueribgesdssh')
2026-02-27T10:09:37Z WARNING bsky_collector_v2.job.index_feed_generators: listRecords failed repo=did:plc:ixpzk5wgm7i5hm6o6zrwrtrt err=HttpError('InvalidRequest: Could not find repo: did:plc:ixpzk5wgm7i5hm6o6zrwrtrt')
2026-02-27T10:09:37Z WARNING bsky_collector_v2.job.index_feed_generators: listRecords failed repo=did:plc:lwtlxd5i4lnmjkefznuse5gm err=HttpError('InvalidRequest: Could not find repo: did:plc:lwtlxd5i4lnmjkefznuse5gm')
2026-02-27T10:09:37Z WARNING bsky_collector_v2.job.index_feed_generators: listRecords failed repo=did:plc:opshnn6sp42wqucwdqx33jwi err=HttpError('InvalidRequest: Could not find repo: did:plc:opshnn6sp42wqucwdqx33jwi')
2026-02-27T10:09:37Z WARNING bsky_collector_v2.job.index_feed_generators: listRecords failed repo=did:plc:prvoqsy2cdcwdrxalogethzg err=HttpError('InvalidRequest: Could not find repo: did:plc:prvoqsy2cdcwdrxalogethzg')
2026-02-27T10:09:37Z WARNING bsky_collector_v2.job.index_feed_generators: listRecords failed repo=did:plc:rjwmpjwrilprhopheua3k3e4 err=HttpError('InvalidRequest: Could not find repo: did:plc:rjwmpjwrilprhopheua3k3e4')
2026-02-27T10:09:37Z WARNING bsky_collector_v2.job.index_feed_generators: listRecords failed repo=did:plc:zt363dq6skjeolsmzto3mwhq err=HttpError('InvalidRequest: Could not find repo: did:plc:zt363dq6skjeolsmzto3mwhq')
2026-02-27T10:09:37Z WARNING bsky_collector_v2.job.index_feed_generators: listRecords failed repo=did:plc:ztiwrxjmuivwyh3y3rnimxte err=HttpError('InvalidRequest: Could not find repo: did:plc:ztiwrxjmuivwyh3y3rnimxte')
2026-02-27T10:09:38Z INFO bsky_collector_v2.job.index_feed_generators: enqueued repos page=28 mode=listRepos inserted=500 repos_returned=500 next_cursor=set
2026-02-27T10:09:42Z WARNING bsky_collector_v2.job.index_feed_generators: listRecords failed repo=did:plc:2ufbi2cjrnqa25v3qqz3abin err=HttpError('InvalidRequest: Could not find repo: did:plc:2ufbi2cjrnqa25v3qqz3abin')
2026-02-27T10:09:50Z INFO bsky_collector_v2.job.index_feed_generators: indexed repo=did:plc:5kxqythfkuljabei4be3ybiu part=390 records=1 next_cursor=set
2026-02-27T10:09:51Z WARNING bsky_collector_v2.job.index_feed_generators: listRecords failed repo=did:plc:5oxifmpsdpb5vwuhy7gwgvtx err=HttpError('InvalidRequest: Could not find repo: did:plc:5oxifmpsdpb5vwuhy7gwgvtx')
2026-02-27T10:09:56Z INFO bsky_collector_v2.job.index_feed_generators: indexed repo=did:plc:adslfx5tsnwfuyotdzydxz7l part=391 records=1 next_cursor=set
2026-02-27T10:10:47Z INFO bsky_collector_v2.job.index_feed_generators: indexed repo=did:plc:mvvqea65ybv57j4hiznhfz2r part=392 records=1 next_cursor=set
2026-02-27T10:10:59Z WARNING bsky_collector_v2.job.index_feed_generators: listRecords failed repo=did:plc:qcdkt2q7oalfbumezsd7fwkd err=HttpError('InvalidRequest: Could not find repo: did:plc:qcdkt2q7oalfbumezsd7fwkd')
2026-02-27T10:11:26Z WARNING bsky_collector_v2.job.index_feed_generators: listRecords failed repo=did:plc:2ufbi2cjrnqa25v3qqz3abin err=HttpError('InvalidRequest: Could not find repo: did:plc:2ufbi2cjrnqa25v3qqz3abin')
2026-02-27T10:11:26Z WARNING bsky_collector_v2.job.index_feed_generators: listRecords failed repo=did:plc:5oxifmpsdpb5vwuhy7gwgvtx err=HttpError('InvalidRequest: Could not find repo: did:plc:5oxifmpsdpb5vwuhy7gwgvtx')
2026-02-27T10:11:26Z WARNING bsky_collector_v2.job.index_feed_generators: listRecords failed repo=did:plc:qcdkt2q7oalfbumezsd7fwkd err=HttpError('InvalidRequest: Could not find repo: did:plc:qcdkt2q7oalfbumezsd7fwkd')
2026-02-27T10:11:26Z WARNING bsky_collector_v2.job.index_feed_generators: listRecords failed repo=did:plc:2ufbi2cjrnqa25v3qqz3abin err=HttpError('InvalidRequest: Could not find repo: did:plc:2ufbi2cjrnqa25v3qqz3abin')
2026-02-27T10:11:26Z WARNING bsky_collector_v2.job.index_feed_generators: listRecords failed repo=did:plc:5oxifmpsdpb5vwuhy7gwgvtx err=HttpError('InvalidRequest: Could not find repo: did:plc:5oxifmpsdpb5vwuhy7gwgvtx')
2026-02-27T10:11:26Z WARNING bsky_collector_v2.job.index_feed_generators: listRecords failed repo=did:plc:qcdkt2q7oalfbumezsd7fwkd err=HttpError('InvalidRequest: Could not find repo: did:plc:qcdkt2q7oalfbumezsd7fwkd')
2026-02-27T10:11:27Z INFO bsky_collector_v2.job.index_feed_generators: enqueued repos page=29 mode=listRepos inserted=500 repos_returned=500 next_cursor=set
2026-02-27T10:11:43Z WARNING bsky_collector_v2.job.index_feed_generators: listRecords failed repo=did:plc:6otpkjjnkx5ushg4m33rv4ri err=HttpError('InvalidRequest: Could not find repo: did:plc:6otpkjjnkx5ushg4m33rv4ri')
2026-02-27T10:11:43Z WARNING bsky_collector_v2.job.index_feed_generators: listRecords failed repo=did:plc:6tx5t5lb7r6qfqmqnwh3rmbd err=HttpError('InvalidRequest: Could not find repo: did:plc:6tx5t5lb7r6qfqmqnwh3rmbd')
2026-02-27T10:11:58Z WARNING bsky_collector_v2.job.index_feed_generators: listRecords failed repo=did:plc:dldkooo5c7xch3pkmuhbznms err=HttpError('InvalidRequest: Could not find repo: did:plc:dldkooo5c7xch3pkmuhbznms')
2026-02-27T10:12:04Z INFO bsky_collector_v2.job.index_feed_generators: indexed repo=did:plc:f5lh73a5ddnxbp3i36uirosa part=393 records=1 next_cursor=set
2026-02-27T10:12:05Z WARNING bsky_collector_v2.job.index_feed_generators: listRecords failed repo=did:plc:fwjzv4thctehjmr2ym4b7357 err=HttpError('InvalidRequest: Could not find repo: did:plc:fwjzv4thctehjmr2ym4b7357')
2026-02-27T10:12:09Z WARNING bsky_collector_v2.job.index_feed_generators: listRecords failed repo=did:plc:h7ufeoypl6kual77oqyfcnyd err=HttpError('InvalidRequest: Could not find repo: did:plc:h7ufeoypl6kual77oqyfcnyd')
2026-02-27T10:12:55Z WARNING bsky_collector_v2.job.index_feed_generators: listRecords failed repo=did:plc:wm5grxd7wqjfgycmu65xqbap err=HttpError('InvalidRequest: Could not find repo: did:plc:wm5grxd7wqjfgycmu65xqbap')
2026-02-27T10:13:06Z WARNING bsky_collector_v2.job.index_feed_generators: listRecords failed repo=did:plc:6otpkjjnkx5ushg4m33rv4ri err=HttpError('InvalidRequest: Could not find repo: did:plc:6otpkjjnkx5ushg4m33rv4ri')
2026-02-27T10:13:06Z WARNING bsky_collector_v2.job.index_feed_generators: listRecords failed repo=did:plc:6tx5t5lb7r6qfqmqnwh3rmbd err=HttpError('InvalidRequest: Could not find repo: did:plc:6tx5t5lb7r6qfqmqnwh3rmbd')
2026-02-27T10:13:06Z WARNING bsky_collector_v2.job.index_feed_generators: listRecords failed repo=did:plc:dldkooo5c7xch3pkmuhbznms err=HttpError('InvalidRequest: Could not find repo: did:plc:dldkooo5c7xch3pkmuhbznms')
2026-02-27T10:13:06Z WARNING bsky_collector_v2.job.index_feed_generators: listRecords failed repo=did:plc:fwjzv4thctehjmr2ym4b7357 err=HttpError('InvalidRequest: Could not find repo: did:plc:fwjzv4thctehjmr2ym4b7357')
2026-02-27T10:13:06Z WARNING bsky_collector_v2.job.index_feed_generators: listRecords failed repo=did:plc:h7ufeoypl6kual77oqyfcnyd err=HttpError('InvalidRequest: Could not find repo: did:plc:h7ufeoypl6kual77oqyfcnyd')
2026-02-27T10:13:06Z WARNING bsky_collector_v2.job.index_feed_generators: listRecords failed repo=did:plc:wm5grxd7wqjfgycmu65xqbap err=HttpError('InvalidRequest: Could not find repo: did:plc:wm5grxd7wqjfgycmu65xqbap')
2026-02-27T10:13:06Z WARNING bsky_collector_v2.job.index_feed_generators: listRecords failed repo=did:plc:6otpkjjnkx5ushg4m33rv4ri err=HttpError('InvalidRequest: Could not find repo: did:plc:6otpkjjnkx5ushg4m33rv4ri')
2026-02-27T10:13:06Z WARNING bsky_collector_v2.job.index_feed_generators: listRecords failed repo=did:plc:6tx5t5lb7r6qfqmqnwh3rmbd err=HttpError('InvalidRequest: Could not find repo: did:plc:6tx5t5lb7r6qfqmqnwh3rmbd')
2026-02-27T10:13:06Z WARNING bsky_collector_v2.job.index_feed_generators: listRecords failed repo=did:plc:dldkooo5c7xch3pkmuhbznms err=HttpError('InvalidRequest: Could not find repo: did:plc:dldkooo5c7xch3pkmuhbznms')
2026-02-27T10:13:06Z WARNING bsky_collector_v2.job.index_feed_generators: listRecords failed repo=did:plc:fwjzv4thctehjmr2ym4b7357 err=HttpError('InvalidRequest: Could not find repo: did:plc:fwjzv4thctehjmr2ym4b7357')
2026-02-27T10:13:07Z WARNING bsky_collector_v2.job.index_feed_generators: listRecords failed repo=did:plc:h7ufeoypl6kual77oqyfcnyd err=HttpError('InvalidRequest: Could not find repo: did:plc:h7ufeoypl6kual77oqyfcnyd')
2026-02-27T10:13:07Z WARNING bsky_collector_v2.job.index_feed_generators: listRecords failed repo=did:plc:wm5grxd7wqjfgycmu65xqbap err=HttpError('InvalidRequest: Could not find repo: did:plc:wm5grxd7wqjfgycmu65xqbap')
2026-02-27T10:13:07Z INFO bsky_collector_v2.job.index_feed_generators: enqueued repos page=30 mode=listRepos inserted=500 repos_returned=500 next_cursor=set
2026-02-27T10:13:26Z INFO bsky_collector_v2.job.index_feed_generators: indexed repo=did:plc:7tzwnnl5ebjyew6pcc7mwbei part=394 records=3 next_cursor=set
2026-02-27T10:13:28Z WARNING bsky_collector_v2.job.index_feed_generators: listRecords failed repo=did:plc:amrcisc6e35fpmbovkf72dqv err=HttpError('InvalidRequest: Could not find repo: did:plc:amrcisc6e35fpmbovkf72dqv')
2026-02-27T10:13:40Z WARNING bsky_collector_v2.job.index_feed_generators: listRecords failed repo=did:plc:emmrfjoc6lmluxa3cdjy3wye err=HttpError('InvalidRequest: Could not find repo: did:plc:emmrfjoc6lmluxa3cdjy3wye')
2026-02-27T10:13:52Z WARNING bsky_collector_v2.job.index_feed_generators: listRecords failed repo=did:plc:jf7hm3hiblfgs7kwtpza7p6p err=HttpError('InvalidRequest: Could not find repo: did:plc:jf7hm3hiblfgs7kwtpza7p6p')
2026-02-27T10:14:37Z WARNING bsky_collector_v2.job.index_feed_generators: listRecords failed repo=did:plc:tzesrrfta5i7n6mf66sathut err=HttpError('InvalidRequest: Could not find repo: did:plc:tzesrrfta5i7n6mf66sathut')
2026-02-27T10:14:40Z WARNING bsky_collector_v2.job.index_feed_generators: listRecords failed repo=did:plc:vcj6oibd2s7jemku6agrfr5g err=HttpError('InvalidRequest: Could not find repo: did:plc:vcj6oibd2s7jemku6agrfr5g')
2026-02-27T10:14:53Z WARNING bsky_collector_v2.job.index_feed_generators: listRecords failed repo=did:plc:amrcisc6e35fpmbovkf72dqv err=HttpError('InvalidRequest: Could not find repo: did:plc:amrcisc6e35fpmbovkf72dqv')
2026-02-27T10:14:53Z WARNING bsky_collector_v2.job.index_feed_generators: listRecords failed repo=did:plc:emmrfjoc6lmluxa3cdjy3wye err=HttpError('InvalidRequest: Could not find repo: did:plc:emmrfjoc6lmluxa3cdjy3wye')
2026-02-27T10:14:53Z WARNING bsky_collector_v2.job.index_feed_generators: listRecords failed repo=did:plc:jf7hm3hiblfgs7kwtpza7p6p err=HttpError('InvalidRequest: Could not find repo: did:plc:jf7hm3hiblfgs7kwtpza7p6p')
2026-02-27T10:14:54Z WARNING bsky_collector_v2.job.index_feed_generators: listRecords failed repo=did:plc:tzesrrfta5i7n6mf66sathut err=HttpError('InvalidRequest: Could not find repo: did:plc:tzesrrfta5i7n6mf66sathut')
2026-02-27T10:14:54Z WARNING bsky_collector_v2.job.index_feed_generators: listRecords failed repo=did:plc:vcj6oibd2s7jemku6agrfr5g err=HttpError('InvalidRequest: Could not find repo: did:plc:vcj6oibd2s7jemku6agrfr5g')
2026-02-27T10:14:54Z WARNING bsky_collector_v2.job.index_feed_generators: listRecords failed repo=did:plc:amrcisc6e35fpmbovkf72dqv err=HttpError('InvalidRequest: Could not find repo: did:plc:amrcisc6e35fpmbovkf72dqv')
2026-02-27T10:14:54Z WARNING bsky_collector_v2.job.index_feed_generators: listRecords failed repo=did:plc:emmrfjoc6lmluxa3cdjy3wye err=HttpError('InvalidRequest: Could not find repo: did:plc:emmrfjoc6lmluxa3cdjy3wye')
2026-02-27T10:14:54Z WARNING bsky_collector_v2.job.index_feed_generators: listRecords failed repo=did:plc:jf7hm3hiblfgs7kwtpza7p6p err=HttpError('InvalidRequest: Could not find repo: did:plc:jf7hm3hiblfgs7kwtpza7p6p')
2026-02-27T10:14:54Z WARNING bsky_collector_v2.job.index_feed_generators: listRecords failed repo=did:plc:tzesrrfta5i7n6mf66sathut err=HttpError('InvalidRequest: Could not find repo: did:plc:tzesrrfta5i7n6mf66sathut')
2026-02-27T10:14:54Z WARNING bsky_collector_v2.job.index_feed_generators: listRecords failed repo=did:plc:vcj6oibd2s7jemku6agrfr5g err=HttpError('InvalidRequest: Could not find repo: did:plc:vcj6oibd2s7jemku6agrfr5g')
2026-02-27T10:14:55Z INFO bsky_collector_v2.job.index_feed_generators: enqueued repos page=31 mode=listRepos inserted=500 repos_returned=500 next_cursor=set
2026-02-27T10:14:59Z WARNING bsky_collector_v2.job.index_feed_generators: listRecords failed repo=did:plc:3uzgexc5xhrb7imyb2m5pvx6 err=HttpError('InvalidRequest: Could not find repo: did:plc:3uzgexc5xhrb7imyb2m5pvx6')
2026-02-27T10:15:00Z INFO bsky_collector_v2.job.index_feed_generators: indexed repo=did:plc:463irbe65gq5n6gqe27ebryk part=395 records=2 next_cursor=set
2026-02-27T10:15:04Z WARNING bsky_collector_v2.job.index_feed_generators: listRecords failed repo=did:plc:5ovbdh4e2ofr3fxvplwfdi2a err=HttpError('InvalidRequest: Could not find repo: did:plc:5ovbdh4e2ofr3fxvplwfdi2a')
2026-02-27T10:15:22Z WARNING bsky_collector_v2.job.index_feed_generators: listRecords failed repo=did:plc:d27kz7rhjdhqaxvbp52wm6bu err=HttpError('InvalidRequest: Could not find repo: did:plc:d27kz7rhjdhqaxvbp52wm6bu')
2026-02-27T10:15:34Z INFO bsky_collector_v2.job.index_feed_generators: indexed repo=did:plc:hinetbjx4hnnnptdzk3sibwk part=396 records=1 next_cursor=set
