2026-03-21T04:25:53Z INFO bsky_collector_v2: out_base ok path=/Volumes/T9/BlueSky/data_v2_full mount=/Volumes/T9
2026-03-21T04:25:53Z INFO bsky_collector_v2: job start subcommand=index-feed-generators dry_run=False resume=True
2026-03-21T04:25:53Z INFO bsky_collector_v2.job.index_feed_generators: feed generator index hosts relay_host=https://bsky.network records_host=https://bsky.social auth=yes
2026-03-21T04:26:06Z INFO bsky_collector_v2.job.index_feed_generators: enqueued repos page=1 mode=listRepos inserted=500 repos_returned=500 next_cursor=set
2026-03-21T04:27:47Z WARNING bsky_collector_v2.job.index_feed_generators: listRecords failed repo=did:plc:y37n7kz4urypj77j5jvqcbma err=HttpError('InvalidRequest: Could not find repo: did:plc:y37n7kz4urypj77j5jvqcbma')
2026-03-21T04:27:54Z WARNING bsky_collector_v2.job.index_feed_generators: listRecords failed repo=did:plc:y37n7kz4urypj77j5jvqcbma err=HttpError('InvalidRequest: Could not find repo: did:plc:y37n7kz4urypj77j5jvqcbma')
2026-03-21T04:27:54Z WARNING bsky_collector_v2.job.index_feed_generators: listRecords failed repo=did:plc:y37n7kz4urypj77j5jvqcbma err=HttpError('InvalidRequest: Could not find repo: did:plc:y37n7kz4urypj77j5jvqcbma')
2026-03-21T04:27:55Z INFO bsky_collector_v2.job.index_feed_generators: enqueued repos page=2 mode=listRepos inserted=500 repos_returned=500 next_cursor=set
2026-03-21T04:27:58Z WARNING bsky_collector_v2.job.index_feed_generators: listRecords failed repo=did:plc:3dx7d72dm6g7tavy25rqwnok err=HttpError('InvalidRequest: Could not find repo: did:plc:3dx7d72dm6g7tavy25rqwnok')
2026-03-21T04:28:04Z WARNING bsky_collector_v2.job.index_feed_generators: listRecords failed repo=did:plc:5rzbyi6xkaxequ76juwr7ios err=HttpError('InvalidRequest: Could not find repo: did:plc:5rzbyi6xkaxequ76juwr7ios')
2026-03-21T04:28:04Z WARNING bsky_collector_v2.job.index_feed_generators: listRecords failed repo=did:plc:5v7qtaqexxq4mrxp7kl7al2s err=HttpError('InvalidRequest: Could not find repo: did:plc:5v7qtaqexxq4mrxp7kl7al2s')
2026-03-21T04:29:39Z WARNING bsky_collector_v2.job.index_feed_generators: listRecords failed repo=did:plc:3dx7d72dm6g7tavy25rqwnok err=HttpError('InvalidRequest: Could not find repo: did:plc:3dx7d72dm6g7tavy25rqwnok')
2026-03-21T04:29:39Z WARNING bsky_collector_v2.job.index_feed_generators: listRecords failed repo=did:plc:5rzbyi6xkaxequ76juwr7ios err=HttpError('InvalidRequest: Could not find repo: did:plc:5rzbyi6xkaxequ76juwr7ios')
2026-03-21T04:29:39Z WARNING bsky_collector_v2.job.index_feed_generators: listRecords failed repo=did:plc:5v7qtaqexxq4mrxp7kl7al2s err=HttpError('InvalidRequest: Could not find repo: did:plc:5v7qtaqexxq4mrxp7kl7al2s')
2026-03-21T04:29:39Z WARNING bsky_collector_v2.job.index_feed_generators: listRecords failed repo=did:plc:3dx7d72dm6g7tavy25rqwnok err=HttpError('InvalidRequest: Could not find repo: did:plc:3dx7d72dm6g7tavy25rqwnok')
2026-03-21T04:29:39Z WARNING bsky_collector_v2.job.index_feed_generators: listRecords failed repo=did:plc:5rzbyi6xkaxequ76juwr7ios err=HttpError('InvalidRequest: Could not find repo: did:plc:5rzbyi6xkaxequ76juwr7ios')
2026-03-21T04:29:39Z WARNING bsky_collector_v2.job.index_feed_generators: listRecords failed repo=did:plc:5v7qtaqexxq4mrxp7kl7al2s err=HttpError('InvalidRequest: Could not find repo: did:plc:5v7qtaqexxq4mrxp7kl7al2s')
2026-03-21T04:29:40Z INFO bsky_collector_v2.job.index_feed_generators: enqueued repos page=3 mode=listRepos inserted=500 repos_returned=500 next_cursor=set
2026-03-21T04:30:16Z WARNING bsky_collector_v2.job.index_feed_generators: listRecords failed repo=did:plc:dfchjr2zp6wooc7igwfgphb3 err=HttpError('InvalidRequest: Could not find repo: did:plc:dfchjr2zp6wooc7igwfgphb3')
2026-03-21T04:30:49Z WARNING bsky_collector_v2.job.index_feed_generators: listRecords failed repo=did:plc:maxie77gupyz7t76apw7xzca err=HttpError('InvalidRequest: Could not find repo: did:plc:maxie77gupyz7t76apw7xzca')
2026-03-21T04:30:51Z WARNING bsky_collector_v2.job.index_feed_generators: listRecords failed repo=did:plc:msim7ajfr74khcyl6ukh7x2w err=HttpError('InvalidRequest: Could not find repo: did:plc:msim7ajfr74khcyl6ukh7x2w')
2026-03-21T04:31:17Z INFO bsky_collector_v2.job.index_feed_generators: indexed repo=did:plc:tq62k2bmqh7cwcrbc2i7z7gi part=43 records=1 next_cursor=set
2026-03-21T04:31:35Z WARNING bsky_collector_v2.job.index_feed_generators: listRecords failed repo=did:plc:dfchjr2zp6wooc7igwfgphb3 err=HttpError('InvalidRequest: Could not find repo: did:plc:dfchjr2zp6wooc7igwfgphb3')
2026-03-21T04:31:35Z WARNING bsky_collector_v2.job.index_feed_generators: listRecords failed repo=did:plc:maxie77gupyz7t76apw7xzca err=HttpError('InvalidRequest: Could not find repo: did:plc:maxie77gupyz7t76apw7xzca')
2026-03-21T04:31:35Z WARNING bsky_collector_v2.job.index_feed_generators: listRecords failed repo=did:plc:msim7ajfr74khcyl6ukh7x2w err=HttpError('InvalidRequest: Could not find repo: did:plc:msim7ajfr74khcyl6ukh7x2w')
2026-03-21T04:31:35Z WARNING bsky_collector_v2.job.index_feed_generators: listRecords failed repo=did:plc:dfchjr2zp6wooc7igwfgphb3 err=HttpError('InvalidRequest: Could not find repo: did:plc:dfchjr2zp6wooc7igwfgphb3')
2026-03-21T04:31:35Z WARNING bsky_collector_v2.job.index_feed_generators: listRecords failed repo=did:plc:maxie77gupyz7t76apw7xzca err=HttpError('InvalidRequest: Could not find repo: did:plc:maxie77gupyz7t76apw7xzca')
2026-03-21T04:31:35Z WARNING bsky_collector_v2.job.index_feed_generators: listRecords failed repo=did:plc:msim7ajfr74khcyl6ukh7x2w err=HttpError('InvalidRequest: Could not find repo: did:plc:msim7ajfr74khcyl6ukh7x2w')
2026-03-21T04:31:36Z INFO bsky_collector_v2.job.index_feed_generators: enqueued repos page=4 mode=listRepos inserted=500 repos_returned=500 next_cursor=set
2026-03-21T04:33:03Z INFO bsky_collector_v2.job.index_feed_generators: enqueued repos page=5 mode=listRepos inserted=500 repos_returned=500 next_cursor=set
2026-03-21T04:33:51Z WARNING bsky_collector_v2.job.index_feed_generators: listRecords failed repo=did:plc:ixgpjfoiiwcyawpidlsxigku err=HttpError('InvalidRequest: Could not find repo: did:plc:ixgpjfoiiwcyawpidlsxigku')
2026-03-21T04:34:27Z WARNING bsky_collector_v2.job.index_feed_generators: listRecords failed repo=did:plc:sh74ap45lab77fmixfbuktba err=HttpError('InvalidRequest: Could not find repo: did:plc:sh74ap45lab77fmixfbuktba')
2026-03-21T04:34:52Z WARNING bsky_collector_v2.job.index_feed_generators: listRecords failed repo=did:plc:ixgpjfoiiwcyawpidlsxigku err=HttpError('InvalidRequest: Could not find repo: did:plc:ixgpjfoiiwcyawpidlsxigku')
2026-03-21T04:34:52Z WARNING bsky_collector_v2.job.index_feed_generators: listRecords failed repo=did:plc:sh74ap45lab77fmixfbuktba err=HttpError('InvalidRequest: Could not find repo: did:plc:sh74ap45lab77fmixfbuktba')
2026-03-21T04:34:52Z WARNING bsky_collector_v2.job.index_feed_generators: listRecords failed repo=did:plc:ixgpjfoiiwcyawpidlsxigku err=HttpError('InvalidRequest: Could not find repo: did:plc:ixgpjfoiiwcyawpidlsxigku')
2026-03-21T04:34:52Z WARNING bsky_collector_v2.job.index_feed_generators: listRecords failed repo=did:plc:sh74ap45lab77fmixfbuktba err=HttpError('InvalidRequest: Could not find repo: did:plc:sh74ap45lab77fmixfbuktba')
2026-03-21T04:34:53Z INFO bsky_collector_v2.job.index_feed_generators: enqueued repos page=6 mode=listRepos inserted=500 repos_returned=500 next_cursor=set
2026-03-21T04:35:17Z INFO bsky_collector_v2.job.index_feed_generators: indexed repo=did:plc:cr4sk2l5n2gvz24yyr4ed7ff part=44 records=1 next_cursor=set
2026-03-21T04:35:52Z WARNING bsky_collector_v2.job.index_feed_generators: listRecords failed repo=did:plc:prhsvfaavfni3y4kgahcdwte err=HttpError('InvalidRequest: Could not find repo: did:plc:prhsvfaavfni3y4kgahcdwte')
2026-03-21T04:36:23Z WARNING bsky_collector_v2.job.index_feed_generators: listRecords failed repo=did:plc:prhsvfaavfni3y4kgahcdwte err=HttpError('InvalidRequest: Could not find repo: did:plc:prhsvfaavfni3y4kgahcdwte')
2026-03-21T04:36:24Z WARNING bsky_collector_v2.job.index_feed_generators: listRecords failed repo=did:plc:prhsvfaavfni3y4kgahcdwte err=HttpError('InvalidRequest: Could not find repo: did:plc:prhsvfaavfni3y4kgahcdwte')
2026-03-21T04:36:24Z INFO bsky_collector_v2.job.index_feed_generators: enqueued repos page=7 mode=listRepos inserted=500 repos_returned=500 next_cursor=set
2026-03-21T04:36:35Z WARNING bsky_collector_v2.job.index_feed_generators: listRecords failed repo=did:plc:3vatdbccxtgathjtrtuvsmx3 err=HttpError('InvalidRequest: Could not find repo: did:plc:3vatdbccxtgathjtrtuvsmx3')
2026-03-21T04:37:12Z WARNING bsky_collector_v2.job.index_feed_generators: listRecords failed repo=did:plc:kgbf2s4rqirwwntvajrwzlj7 err=HttpError('InvalidRequest: Could not find repo: did:plc:kgbf2s4rqirwwntvajrwzlj7')
2026-03-21T04:37:31Z WARNING bsky_collector_v2.job.index_feed_generators: listRecords failed repo=did:plc:rnqpf77f7ec2yowyie5lpfhd err=HttpError('InvalidRequest: Could not find repo: did:plc:rnqpf77f7ec2yowyie5lpfhd')
2026-03-21T04:37:35Z WARNING bsky_collector_v2.job.index_feed_generators: listRecords failed repo=did:plc:tja4igwnrdfjk3m3yqcchfku err=HttpError('InvalidRequest: Could not find repo: did:plc:tja4igwnrdfjk3m3yqcchfku')
2026-03-21T04:37:45Z WARNING bsky_collector_v2.job.index_feed_generators: listRecords failed repo=did:plc:xe5fjl46lkz4lo4qfy3emeby err=HttpError('InvalidRequest: Could not find repo: did:plc:xe5fjl46lkz4lo4qfy3emeby')
2026-03-21T04:37:51Z WARNING bsky_collector_v2.job.index_feed_generators: listRecords failed repo=did:plc:3vatdbccxtgathjtrtuvsmx3 err=HttpError('InvalidRequest: Could not find repo: did:plc:3vatdbccxtgathjtrtuvsmx3')
2026-03-21T04:37:51Z WARNING bsky_collector_v2.job.index_feed_generators: listRecords failed repo=did:plc:kgbf2s4rqirwwntvajrwzlj7 err=HttpError('InvalidRequest: Could not find repo: did:plc:kgbf2s4rqirwwntvajrwzlj7')
2026-03-21T04:37:51Z WARNING bsky_collector_v2.job.index_feed_generators: listRecords failed repo=did:plc:rnqpf77f7ec2yowyie5lpfhd err=HttpError('InvalidRequest: Could not find repo: did:plc:rnqpf77f7ec2yowyie5lpfhd')
2026-03-21T04:37:51Z WARNING bsky_collector_v2.job.index_feed_generators: listRecords failed repo=did:plc:tja4igwnrdfjk3m3yqcchfku err=HttpError('InvalidRequest: Could not find repo: did:plc:tja4igwnrdfjk3m3yqcchfku')
2026-03-21T04:37:51Z WARNING bsky_collector_v2.job.index_feed_generators: listRecords failed repo=did:plc:xe5fjl46lkz4lo4qfy3emeby err=HttpError('InvalidRequest: Could not find repo: did:plc:xe5fjl46lkz4lo4qfy3emeby')
2026-03-21T04:37:52Z WARNING bsky_collector_v2.job.index_feed_generators: listRecords failed repo=did:plc:3vatdbccxtgathjtrtuvsmx3 err=HttpError('InvalidRequest: Could not find repo: did:plc:3vatdbccxtgathjtrtuvsmx3')
2026-03-21T04:37:52Z WARNING bsky_collector_v2.job.index_feed_generators: listRecords failed repo=did:plc:kgbf2s4rqirwwntvajrwzlj7 err=HttpError('InvalidRequest: Could not find repo: did:plc:kgbf2s4rqirwwntvajrwzlj7')
2026-03-21T04:37:52Z WARNING bsky_collector_v2.job.index_feed_generators: listRecords failed repo=did:plc:rnqpf77f7ec2yowyie5lpfhd err=HttpError('InvalidRequest: Could not find repo: did:plc:rnqpf77f7ec2yowyie5lpfhd')
2026-03-21T04:37:52Z WARNING bsky_collector_v2.job.index_feed_generators: listRecords failed repo=did:plc:tja4igwnrdfjk3m3yqcchfku err=HttpError('InvalidRequest: Could not find repo: did:plc:tja4igwnrdfjk3m3yqcchfku')
2026-03-21T04:37:52Z WARNING bsky_collector_v2.job.index_feed_generators: listRecords failed repo=did:plc:xe5fjl46lkz4lo4qfy3emeby err=HttpError('InvalidRequest: Could not find repo: did:plc:xe5fjl46lkz4lo4qfy3emeby')
2026-03-21T04:37:52Z INFO bsky_collector_v2.job.index_feed_generators: enqueued repos page=8 mode=listRepos inserted=500 repos_returned=500 next_cursor=set
2026-03-21T04:38:31Z INFO bsky_collector_v2.job.index_feed_generators: indexed repo=did:plc:ilzqokef2co3s7syyukjt3qb part=45 records=1 next_cursor=set
2026-03-21T04:38:31Z WARNING bsky_collector_v2.job.index_feed_generators: listRecords failed repo=did:plc:ivjevxlywsb44imm66ngmfmi err=HttpError('InvalidRequest: Could not find repo: did:plc:ivjevxlywsb44imm66ngmfmi')
2026-03-21T04:38:53Z WARNING bsky_collector_v2.job.index_feed_generators: listRecords failed repo=did:plc:q2oiwhas3hk6utoc2n6tibld err=HttpError('InvalidRequest: Could not find repo: did:plc:q2oiwhas3hk6utoc2n6tibld')
2026-03-21T04:39:27Z WARNING bsky_collector_v2.job.index_feed_generators: listRecords failed repo=did:plc:ivjevxlywsb44imm66ngmfmi err=HttpError('InvalidRequest: Could not find repo: did:plc:ivjevxlywsb44imm66ngmfmi')
2026-03-21T04:39:27Z WARNING bsky_collector_v2.job.index_feed_generators: listRecords failed repo=did:plc:q2oiwhas3hk6utoc2n6tibld err=HttpError('InvalidRequest: Could not find repo: did:plc:q2oiwhas3hk6utoc2n6tibld')
2026-03-21T04:39:27Z WARNING bsky_collector_v2.job.index_feed_generators: listRecords failed repo=did:plc:ivjevxlywsb44imm66ngmfmi err=HttpError('InvalidRequest: Could not find repo: did:plc:ivjevxlywsb44imm66ngmfmi')
2026-03-21T04:39:27Z WARNING bsky_collector_v2.job.index_feed_generators: listRecords failed repo=did:plc:q2oiwhas3hk6utoc2n6tibld err=HttpError('InvalidRequest: Could not find repo: did:plc:q2oiwhas3hk6utoc2n6tibld')
2026-03-21T04:39:27Z INFO bsky_collector_v2.job.index_feed_generators: enqueued repos page=9 mode=listRepos inserted=500 repos_returned=500 next_cursor=set
2026-03-21T04:39:29Z WARNING bsky_collector_v2.job.index_feed_generators: listRecords failed repo=did:plc:2lpsan4uoj5kol4netdpyfgz err=HttpError('InvalidRequest: Could not find repo: did:plc:2lpsan4uoj5kol4netdpyfgz')
2026-03-21T04:41:13Z WARNING bsky_collector_v2.job.index_feed_generators: listRecords failed repo=did:plc:2lpsan4uoj5kol4netdpyfgz err=HttpError('InvalidRequest: Could not find repo: did:plc:2lpsan4uoj5kol4netdpyfgz')
2026-03-21T04:41:13Z WARNING bsky_collector_v2.job.index_feed_generators: listRecords failed repo=did:plc:2lpsan4uoj5kol4netdpyfgz err=HttpError('InvalidRequest: Could not find repo: did:plc:2lpsan4uoj5kol4netdpyfgz')
2026-03-21T04:41:13Z INFO bsky_collector_v2.job.index_feed_generators: enqueued repos page=10 mode=listRepos inserted=500 repos_returned=500 next_cursor=set
2026-03-21T04:42:50Z WARNING bsky_collector_v2.job.index_feed_generators: listRecords failed repo=did:plc:yq7f5tin4cvbcka3avpvqmmb err=HttpError('InvalidRequest: Could not find repo: did:plc:yq7f5tin4cvbcka3avpvqmmb')
2026-03-21T04:42:54Z WARNING bsky_collector_v2.job.index_feed_generators: listRecords failed repo=did:plc:yq7f5tin4cvbcka3avpvqmmb err=HttpError('InvalidRequest: Could not find repo: did:plc:yq7f5tin4cvbcka3avpvqmmb')
2026-03-21T04:42:54Z WARNING bsky_collector_v2.job.index_feed_generators: listRecords failed repo=did:plc:yq7f5tin4cvbcka3avpvqmmb err=HttpError('InvalidRequest: Could not find repo: did:plc:yq7f5tin4cvbcka3avpvqmmb')
2026-03-21T04:42:55Z INFO bsky_collector_v2.job.index_feed_generators: enqueued repos page=11 mode=listRepos inserted=500 repos_returned=500 next_cursor=set
2026-03-21T04:43:12Z WARNING bsky_collector_v2.job.index_feed_generators: listRecords failed repo=did:plc:7dopkvkztnbiop5xxo6pqzn4 err=HttpError('InvalidRequest: Could not find repo: did:plc:7dopkvkztnbiop5xxo6pqzn4')
2026-03-21T04:43:17Z WARNING bsky_collector_v2.job.index_feed_generators: listRecords failed repo=did:plc:ajosphi7uikjufnnhetxga6u err=HttpError('InvalidRequest: Could not find repo: did:plc:ajosphi7uikjufnnhetxga6u')
2026-03-21T04:43:19Z WARNING bsky_collector_v2.job.index_feed_generators: listRecords failed repo=did:plc:atdn2b2fsnoex4h5kgacdbbo err=HttpError('InvalidRequest: Could not find repo: did:plc:atdn2b2fsnoex4h5kgacdbbo')
2026-03-21T04:43:53Z WARNING bsky_collector_v2.job.index_feed_generators: listRecords failed repo=did:plc:kdje3mhadf7edqzrrpxt4icb err=HttpError('InvalidRequest: Could not find repo: did:plc:kdje3mhadf7edqzrrpxt4icb')
2026-03-21T04:44:13Z INFO bsky_collector_v2.job.index_feed_generators: indexed repo=did:plc:srhvmomd7tm55ccg5lb52r6r part=46 records=1 next_cursor=set
2026-03-21T04:44:33Z WARNING bsky_collector_v2.job.index_feed_generators: listRecords failed repo=did:plc:7dopkvkztnbiop5xxo6pqzn4 err=HttpError('InvalidRequest: Could not find repo: did:plc:7dopkvkztnbiop5xxo6pqzn4')
2026-03-21T04:44:33Z WARNING bsky_collector_v2.job.index_feed_generators: listRecords failed repo=did:plc:ajosphi7uikjufnnhetxga6u err=HttpError('InvalidRequest: Could not find repo: did:plc:ajosphi7uikjufnnhetxga6u')
2026-03-21T04:44:33Z WARNING bsky_collector_v2.job.index_feed_generators: listRecords failed repo=did:plc:atdn2b2fsnoex4h5kgacdbbo err=HttpError('InvalidRequest: Could not find repo: did:plc:atdn2b2fsnoex4h5kgacdbbo')
2026-03-21T04:44:33Z WARNING bsky_collector_v2.job.index_feed_generators: listRecords failed repo=did:plc:kdje3mhadf7edqzrrpxt4icb err=HttpError('InvalidRequest: Could not find repo: did:plc:kdje3mhadf7edqzrrpxt4icb')
2026-03-21T04:44:33Z WARNING bsky_collector_v2.job.index_feed_generators: listRecords failed repo=did:plc:7dopkvkztnbiop5xxo6pqzn4 err=HttpError('InvalidRequest: Could not find repo: did:plc:7dopkvkztnbiop5xxo6pqzn4')
2026-03-21T04:44:33Z WARNING bsky_collector_v2.job.index_feed_generators: listRecords failed repo=did:plc:ajosphi7uikjufnnhetxga6u err=HttpError('InvalidRequest: Could not find repo: did:plc:ajosphi7uikjufnnhetxga6u')
2026-03-21T04:44:33Z WARNING bsky_collector_v2.job.index_feed_generators: listRecords failed repo=did:plc:atdn2b2fsnoex4h5kgacdbbo err=HttpError('InvalidRequest: Could not find repo: did:plc:atdn2b2fsnoex4h5kgacdbbo')
2026-03-21T04:44:33Z WARNING bsky_collector_v2.job.index_feed_generators: listRecords failed repo=did:plc:kdje3mhadf7edqzrrpxt4icb err=HttpError('InvalidRequest: Could not find repo: did:plc:kdje3mhadf7edqzrrpxt4icb')
2026-03-21T04:44:34Z INFO bsky_collector_v2.job.index_feed_generators: enqueued repos page=12 mode=listRepos inserted=500 repos_returned=500 next_cursor=set
2026-03-21T04:44:48Z INFO bsky_collector_v2.job.index_feed_generators: indexed repo=did:plc:a7qsaqpnuo6osapvotpdwfwc part=47 records=1 next_cursor=set
2026-03-21T04:45:35Z WARNING bsky_collector_v2.job.index_feed_generators: listRecords failed repo=did:plc:qwjxwg4z2po42ottzlp5kdyc err=HttpError('InvalidRequest: Could not find repo: did:plc:qwjxwg4z2po42ottzlp5kdyc')
2026-03-21T04:46:03Z WARNING bsky_collector_v2.job.index_feed_generators: listRecords failed repo=did:plc:qwjxwg4z2po42ottzlp5kdyc err=HttpError('InvalidRequest: Could not find repo: did:plc:qwjxwg4z2po42ottzlp5kdyc')
2026-03-21T04:46:03Z WARNING bsky_collector_v2.job.index_feed_generators: listRecords failed repo=did:plc:qwjxwg4z2po42ottzlp5kdyc err=HttpError('InvalidRequest: Could not find repo: did:plc:qwjxwg4z2po42ottzlp5kdyc')
2026-03-21T04:46:03Z INFO bsky_collector_v2.job.index_feed_generators: enqueued repos page=13 mode=listRepos inserted=500 repos_returned=500 next_cursor=set
2026-03-21T04:46:32Z INFO bsky_collector_v2.job.index_feed_generators: indexed repo=did:plc:fnju57pj565upbcbwnumq6mk part=48 records=4 next_cursor=set
2026-03-21T04:47:21Z WARNING bsky_collector_v2.job.index_feed_generators: listRecords failed repo=did:plc:v4x42oilbrqgg3vadk3vkk74 err=HttpError('InvalidRequest: Could not find repo: did:plc:v4x42oilbrqgg3vadk3vkk74')
2026-03-21T04:47:25Z WARNING bsky_collector_v2.job.index_feed_generators: listRecords failed repo=did:plc:whs7vkfeu5dsnzvjf6mlruen err=HttpError('InvalidRequest: Could not find repo: did:plc:whs7vkfeu5dsnzvjf6mlruen')
2026-03-21T04:47:35Z WARNING bsky_collector_v2.job.index_feed_generators: listRecords failed repo=did:plc:v4x42oilbrqgg3vadk3vkk74 err=HttpError('InvalidRequest: Could not find repo: did:plc:v4x42oilbrqgg3vadk3vkk74')
2026-03-21T04:47:35Z WARNING bsky_collector_v2.job.index_feed_generators: listRecords failed repo=did:plc:whs7vkfeu5dsnzvjf6mlruen err=HttpError('InvalidRequest: Could not find repo: did:plc:whs7vkfeu5dsnzvjf6mlruen')
2026-03-21T04:47:35Z WARNING bsky_collector_v2.job.index_feed_generators: listRecords failed repo=did:plc:v4x42oilbrqgg3vadk3vkk74 err=HttpError('InvalidRequest: Could not find repo: did:plc:v4x42oilbrqgg3vadk3vkk74')
2026-03-21T04:47:35Z WARNING bsky_collector_v2.job.index_feed_generators: listRecords failed repo=did:plc:whs7vkfeu5dsnzvjf6mlruen err=HttpError('InvalidRequest: Could not find repo: did:plc:whs7vkfeu5dsnzvjf6mlruen')
2026-03-21T04:47:36Z INFO bsky_collector_v2.job.index_feed_generators: enqueued repos page=14 mode=listRepos inserted=500 repos_returned=500 next_cursor=set
2026-03-21T04:47:37Z WARNING bsky_collector_v2.job.index_feed_generators: listRecords failed repo=did:plc:2gxuxjadpwy7ptfwqbj7t24p err=HttpError('InvalidRequest: Could not find repo: did:plc:2gxuxjadpwy7ptfwqbj7t24p')
2026-03-21T04:48:03Z WARNING bsky_collector_v2.job.index_feed_generators: listRecords failed repo=did:plc:fzpkurv3i4zmd2zv4v4s22ro err=HttpError('InvalidRequest: Could not find repo: did:plc:fzpkurv3i4zmd2zv4v4s22ro')
2026-03-21T04:49:07Z WARNING bsky_collector_v2.job.index_feed_generators: listRecords failed repo=did:plc:2gxuxjadpwy7ptfwqbj7t24p err=HttpError('InvalidRequest: Could not find repo: did:plc:2gxuxjadpwy7ptfwqbj7t24p')
2026-03-21T04:49:07Z WARNING bsky_collector_v2.job.index_feed_generators: listRecords failed repo=did:plc:fzpkurv3i4zmd2zv4v4s22ro err=HttpError('InvalidRequest: Could not find repo: did:plc:fzpkurv3i4zmd2zv4v4s22ro')
2026-03-21T04:49:07Z WARNING bsky_collector_v2.job.index_feed_generators: listRecords failed repo=did:plc:2gxuxjadpwy7ptfwqbj7t24p err=HttpError('InvalidRequest: Could not find repo: did:plc:2gxuxjadpwy7ptfwqbj7t24p')
2026-03-21T04:49:07Z WARNING bsky_collector_v2.job.index_feed_generators: listRecords failed repo=did:plc:fzpkurv3i4zmd2zv4v4s22ro err=HttpError('InvalidRequest: Could not find repo: did:plc:fzpkurv3i4zmd2zv4v4s22ro')
2026-03-21T04:49:08Z INFO bsky_collector_v2.job.index_feed_generators: enqueued repos page=15 mode=listRepos inserted=500 repos_returned=500 next_cursor=set
2026-03-21T04:49:13Z WARNING bsky_collector_v2.job.index_feed_generators: listRecords failed repo=did:plc:47br4qmwvrmrue5bmklao2qx err=HttpError('InvalidRequest: Could not find repo: did:plc:47br4qmwvrmrue5bmklao2qx')
2026-03-21T04:50:34Z WARNING bsky_collector_v2.job.index_feed_generators: listRecords failed repo=did:plc:47br4qmwvrmrue5bmklao2qx err=HttpError('InvalidRequest: Could not find repo: did:plc:47br4qmwvrmrue5bmklao2qx')
2026-03-21T04:50:34Z WARNING bsky_collector_v2.job.index_feed_generators: listRecords failed repo=did:plc:47br4qmwvrmrue5bmklao2qx err=HttpError('InvalidRequest: Could not find repo: did:plc:47br4qmwvrmrue5bmklao2qx')
2026-03-21T04:50:35Z INFO bsky_collector_v2.job.index_feed_generators: enqueued repos page=16 mode=listRepos inserted=500 repos_returned=500 next_cursor=set
2026-03-21T04:51:10Z WARNING bsky_collector_v2.job.index_feed_generators: listRecords failed repo=did:plc:gq6wszvrkpnu7n3iaxjvhbqx err=HttpError('InvalidRequest: Could not find repo: did:plc:gq6wszvrkpnu7n3iaxjvhbqx')
2026-03-21T04:51:36Z WARNING bsky_collector_v2.job.index_feed_generators: listRecords failed repo=did:plc:qpnhhnkgbtil3oh6fyeqlj36 err=HttpError('InvalidRequest: Could not find repo: did:plc:qpnhhnkgbtil3oh6fyeqlj36')
2026-03-21T04:51:38Z INFO bsky_collector_v2.job.index_feed_generators: indexed repo=did:plc:rl2ekrombgjkuyt4mxlhbcy3 part=49 records=1 next_cursor=set
2026-03-21T04:51:57Z WARNING bsky_collector_v2.job.index_feed_generators: listRecords failed repo=did:plc:xclh2m3poluqhshilnger6au err=HttpError('InvalidRequest: Could not find repo: did:plc:xclh2m3poluqhshilnger6au')
2026-03-21T04:52:06Z INFO bsky_collector_v2.job.index_feed_generators: indexed repo=did:plc:zqgrzoe3sdnxbmufqn3tw5mo part=50 records=1 next_cursor=set
2026-03-21T04:52:07Z WARNING bsky_collector_v2.job.index_feed_generators: listRecords failed repo=did:plc:gq6wszvrkpnu7n3iaxjvhbqx err=HttpError('InvalidRequest: Could not find repo: did:plc:gq6wszvrkpnu7n3iaxjvhbqx')
2026-03-21T04:52:07Z WARNING bsky_collector_v2.job.index_feed_generators: listRecords failed repo=did:plc:qpnhhnkgbtil3oh6fyeqlj36 err=HttpError('InvalidRequest: Could not find repo: did:plc:qpnhhnkgbtil3oh6fyeqlj36')
2026-03-21T04:52:07Z WARNING bsky_collector_v2.job.index_feed_generators: listRecords failed repo=did:plc:xclh2m3poluqhshilnger6au err=HttpError('InvalidRequest: Could not find repo: did:plc:xclh2m3poluqhshilnger6au')
2026-03-21T04:52:07Z WARNING bsky_collector_v2.job.index_feed_generators: listRecords failed repo=did:plc:gq6wszvrkpnu7n3iaxjvhbqx err=HttpError('InvalidRequest: Could not find repo: did:plc:gq6wszvrkpnu7n3iaxjvhbqx')
2026-03-21T04:52:07Z WARNING bsky_collector_v2.job.index_feed_generators: listRecords failed repo=did:plc:qpnhhnkgbtil3oh6fyeqlj36 err=HttpError('InvalidRequest: Could not find repo: did:plc:qpnhhnkgbtil3oh6fyeqlj36')
2026-03-21T04:52:07Z WARNING bsky_collector_v2.job.index_feed_generators: listRecords failed repo=did:plc:xclh2m3poluqhshilnger6au err=HttpError('InvalidRequest: Could not find repo: did:plc:xclh2m3poluqhshilnger6au')
2026-03-21T04:52:08Z INFO bsky_collector_v2.job.index_feed_generators: enqueued repos page=17 mode=listRepos inserted=500 repos_returned=500 next_cursor=set
2026-03-21T04:52:22Z WARNING bsky_collector_v2.job.index_feed_generators: listRecords failed repo=did:plc:7ifa7vswp65j3snohwytq6po err=HttpError('InvalidRequest: Could not find repo: did:plc:7ifa7vswp65j3snohwytq6po')
2026-03-21T04:52:36Z WARNING bsky_collector_v2.job.index_feed_generators: listRecords failed repo=did:plc:dyvf76ieor3y5pk2i22lxw54 err=HttpError('InvalidRequest: Could not find repo: did:plc:dyvf76ieor3y5pk2i22lxw54')
2026-03-21T04:53:32Z INFO bsky_collector_v2.job.index_feed_generators: indexed repo=did:plc:ykn5atmdtn63vmsknzrvfkgv part=51 records=1 next_cursor=set
2026-03-21T04:53:36Z WARNING bsky_collector_v2.job.index_feed_generators: listRecords failed repo=did:plc:7ifa7vswp65j3snohwytq6po err=HttpError('InvalidRequest: Could not find repo: did:plc:7ifa7vswp65j3snohwytq6po')
2026-03-21T04:53:36Z WARNING bsky_collector_v2.job.index_feed_generators: listRecords failed repo=did:plc:dyvf76ieor3y5pk2i22lxw54 err=HttpError('InvalidRequest: Could not find repo: did:plc:dyvf76ieor3y5pk2i22lxw54')
2026-03-21T04:53:36Z WARNING bsky_collector_v2.job.index_feed_generators: listRecords failed repo=did:plc:7ifa7vswp65j3snohwytq6po err=HttpError('InvalidRequest: Could not find repo: did:plc:7ifa7vswp65j3snohwytq6po')
2026-03-21T04:53:36Z WARNING bsky_collector_v2.job.index_feed_generators: listRecords failed repo=did:plc:dyvf76ieor3y5pk2i22lxw54 err=HttpError('InvalidRequest: Could not find repo: did:plc:dyvf76ieor3y5pk2i22lxw54')
2026-03-21T04:53:37Z INFO bsky_collector_v2.job.index_feed_generators: enqueued repos page=18 mode=listRepos inserted=500 repos_returned=500 next_cursor=set
2026-03-21T04:53:47Z WARNING bsky_collector_v2.job.index_feed_generators: listRecords failed repo=did:plc:4ty3y2v4b4wxmct2k55zow46 err=HttpError('InvalidRequest: Could not find repo: did:plc:4ty3y2v4b4wxmct2k55zow46')
2026-03-21T04:54:56Z WARNING bsky_collector_v2.job.index_feed_generators: listRecords failed repo=did:plc:ujascmdklrkknrzaajtbqbbg err=HttpError('InvalidRequest: Could not find repo: did:plc:ujascmdklrkknrzaajtbqbbg')
2026-03-21T04:55:10Z WARNING bsky_collector_v2.job.index_feed_generators: listRecords failed repo=did:plc:4ty3y2v4b4wxmct2k55zow46 err=HttpError('InvalidRequest: Could not find repo: did:plc:4ty3y2v4b4wxmct2k55zow46')
2026-03-21T04:55:10Z WARNING bsky_collector_v2.job.index_feed_generators: listRecords failed repo=did:plc:ujascmdklrkknrzaajtbqbbg err=HttpError('InvalidRequest: Could not find repo: did:plc:ujascmdklrkknrzaajtbqbbg')
2026-03-21T04:55:10Z WARNING bsky_collector_v2.job.index_feed_generators: listRecords failed repo=did:plc:4ty3y2v4b4wxmct2k55zow46 err=HttpError('InvalidRequest: Could not find repo: did:plc:4ty3y2v4b4wxmct2k55zow46')
2026-03-21T04:55:11Z WARNING bsky_collector_v2.job.index_feed_generators: listRecords failed repo=did:plc:ujascmdklrkknrzaajtbqbbg err=HttpError('InvalidRequest: Could not find repo: did:plc:ujascmdklrkknrzaajtbqbbg')
2026-03-21T04:55:11Z INFO bsky_collector_v2.job.index_feed_generators: enqueued repos page=19 mode=listRepos inserted=500 repos_returned=500 next_cursor=set
2026-03-21T04:55:26Z WARNING bsky_collector_v2.job.index_feed_generators: listRecords failed repo=did:plc:7ioydpyuuwfeidmouxfiuzdq err=HttpError('InvalidRequest: Could not find repo: did:plc:7ioydpyuuwfeidmouxfiuzdq')
2026-03-21T04:55:37Z WARNING bsky_collector_v2.job.index_feed_generators: listRecords failed repo=did:plc:djoq7ynckvtbqsptqdt7fzvw err=HttpError('InvalidRequest: Could not find repo: did:plc:djoq7ynckvtbqsptqdt7fzvw')
2026-03-21T04:56:39Z WARNING bsky_collector_v2.job.index_feed_generators: listRecords failed repo=did:plc:7ioydpyuuwfeidmouxfiuzdq err=HttpError('InvalidRequest: Could not find repo: did:plc:7ioydpyuuwfeidmouxfiuzdq')
2026-03-21T04:56:39Z WARNING bsky_collector_v2.job.index_feed_generators: listRecords failed repo=did:plc:djoq7ynckvtbqsptqdt7fzvw err=HttpError('InvalidRequest: Could not find repo: did:plc:djoq7ynckvtbqsptqdt7fzvw')
2026-03-21T04:56:39Z WARNING bsky_collector_v2.job.index_feed_generators: listRecords failed repo=did:plc:7ioydpyuuwfeidmouxfiuzdq err=HttpError('InvalidRequest: Could not find repo: did:plc:7ioydpyuuwfeidmouxfiuzdq')
2026-03-21T04:56:39Z WARNING bsky_collector_v2.job.index_feed_generators: listRecords failed repo=did:plc:djoq7ynckvtbqsptqdt7fzvw err=HttpError('InvalidRequest: Could not find repo: did:plc:djoq7ynckvtbqsptqdt7fzvw')
2026-03-21T04:56:40Z INFO bsky_collector_v2.job.index_feed_generators: enqueued repos page=20 mode=listRepos inserted=500 repos_returned=500 next_cursor=set
2026-03-21T04:57:09Z WARNING bsky_collector_v2.job.index_feed_generators: listRecords failed repo=did:plc:f7ptycotvhhvjxmdi4kl3mto err=HttpError('InvalidRequest: Could not find repo: did:plc:f7ptycotvhhvjxmdi4kl3mto')
2026-03-21T04:57:45Z WARNING bsky_collector_v2.job.index_feed_generators: listRecords failed repo=did:plc:nm44r36frtob3xwilgjzsqhx err=HttpError('InvalidRequest: Could not find repo: did:plc:nm44r36frtob3xwilgjzsqhx')
2026-03-21T04:57:52Z WARNING bsky_collector_v2.job.index_feed_generators: listRecords failed repo=did:plc:plw6ry5uo7egogk2nouzmqpg err=HttpError('InvalidRequest: Could not find repo: did:plc:plw6ry5uo7egogk2nouzmqpg')
2026-03-21T04:58:19Z WARNING bsky_collector_v2.job.index_feed_generators: listRecords failed repo=did:plc:f7ptycotvhhvjxmdi4kl3mto err=HttpError('InvalidRequest: Could not find repo: did:plc:f7ptycotvhhvjxmdi4kl3mto')
2026-03-21T04:58:19Z WARNING bsky_collector_v2.job.index_feed_generators: listRecords failed repo=did:plc:nm44r36frtob3xwilgjzsqhx err=HttpError('InvalidRequest: Could not find repo: did:plc:nm44r36frtob3xwilgjzsqhx')
2026-03-21T04:58:19Z WARNING bsky_collector_v2.job.index_feed_generators: listRecords failed repo=did:plc:plw6ry5uo7egogk2nouzmqpg err=HttpError('InvalidRequest: Could not find repo: did:plc:plw6ry5uo7egogk2nouzmqpg')
2026-03-21T04:58:19Z WARNING bsky_collector_v2.job.index_feed_generators: listRecords failed repo=did:plc:f7ptycotvhhvjxmdi4kl3mto err=HttpError('InvalidRequest: Could not find repo: did:plc:f7ptycotvhhvjxmdi4kl3mto')
2026-03-21T04:58:19Z WARNING bsky_collector_v2.job.index_feed_generators: listRecords failed repo=did:plc:nm44r36frtob3xwilgjzsqhx err=HttpError('InvalidRequest: Could not find repo: did:plc:nm44r36frtob3xwilgjzsqhx')
2026-03-21T04:58:19Z WARNING bsky_collector_v2.job.index_feed_generators: listRecords failed repo=did:plc:plw6ry5uo7egogk2nouzmqpg err=HttpError('InvalidRequest: Could not find repo: did:plc:plw6ry5uo7egogk2nouzmqpg')
2026-03-21T04:58:20Z INFO bsky_collector_v2.job.index_feed_generators: enqueued repos page=21 mode=listRepos inserted=500 repos_returned=500 next_cursor=set
2026-03-21T04:58:33Z INFO bsky_collector_v2.job.index_feed_generators: indexed repo=did:plc:6n2ngs7zpcpwxz3jaoxj56tu part=52 records=1 next_cursor=set
2026-03-21T04:59:03Z WARNING bsky_collector_v2.job.index_feed_generators: listRecords failed repo=did:plc:jzabr25oiehiucam5wcdn2oh err=HttpError('InvalidRequest: Could not find repo: did:plc:jzabr25oiehiucam5wcdn2oh')
2026-03-21T04:59:12Z INFO bsky_collector_v2.job.index_feed_generators: indexed repo=did:plc:mbedlltcgye6x62mjwg6xtul part=53 records=1 next_cursor=set
2026-03-21T04:59:12Z INFO bsky_collector_v2.job.index_feed_generators: indexed repo=did:plc:mcj4djr4vtef2pbvloagolip part=54 records=2 next_cursor=set
2026-03-21T04:59:16Z WARNING bsky_collector_v2.job.index_feed_generators: listRecords failed repo=did:plc:o2awh4re5norp6rpaujyvt2j err=HttpError('InvalidRequest: Could not find repo: did:plc:o2awh4re5norp6rpaujyvt2j')
2026-03-21T04:59:47Z WARNING bsky_collector_v2.job.index_feed_generators: listRecords failed repo=did:plc:jzabr25oiehiucam5wcdn2oh err=HttpError('InvalidRequest: Could not find repo: did:plc:jzabr25oiehiucam5wcdn2oh')
2026-03-21T04:59:47Z WARNING bsky_collector_v2.job.index_feed_generators: listRecords failed repo=did:plc:o2awh4re5norp6rpaujyvt2j err=HttpError('InvalidRequest: Could not find repo: did:plc:o2awh4re5norp6rpaujyvt2j')
2026-03-21T04:59:47Z WARNING bsky_collector_v2.job.index_feed_generators: listRecords failed repo=did:plc:jzabr25oiehiucam5wcdn2oh err=HttpError('InvalidRequest: Could not find repo: did:plc:jzabr25oiehiucam5wcdn2oh')
2026-03-21T04:59:47Z WARNING bsky_collector_v2.job.index_feed_generators: listRecords failed repo=did:plc:o2awh4re5norp6rpaujyvt2j err=HttpError('InvalidRequest: Could not find repo: did:plc:o2awh4re5norp6rpaujyvt2j')
2026-03-21T04:59:48Z INFO bsky_collector_v2.job.index_feed_generators: enqueued repos page=22 mode=listRepos inserted=500 repos_returned=500 next_cursor=set
2026-03-21T05:00:13Z WARNING bsky_collector_v2.job.index_feed_generators: listRecords failed repo=did:plc:dtzxtnypx2e36f6t3dwurbde err=HttpError('InvalidRequest: Could not find repo: did:plc:dtzxtnypx2e36f6t3dwurbde')
2026-03-21T05:00:37Z WARNING bsky_collector_v2.job.index_feed_generators: listRecords failed repo=did:plc:lrbmknyvwjotuvzbjwbjzzhv err=HttpError('InvalidRequest: Could not find repo: did:plc:lrbmknyvwjotuvzbjwbjzzhv')
2026-03-21T05:00:45Z WARNING bsky_collector_v2.job.index_feed_generators: listRecords failed repo=did:plc:ppqdddnwnxklmn57qd3otnoz err=HttpError('InvalidRequest: Could not find repo: did:plc:ppqdddnwnxklmn57qd3otnoz')
2026-03-21T05:00:53Z WARNING bsky_collector_v2.job.index_feed_generators: listRecords failed repo=did:plc:sy3togv5euvrjjo5ttqawrsn err=HttpError('InvalidRequest: Could not find repo: did:plc:sy3togv5euvrjjo5ttqawrsn')
2026-03-21T05:01:11Z WARNING bsky_collector_v2.job.index_feed_generators: listRecords failed repo=did:plc:dtzxtnypx2e36f6t3dwurbde err=HttpError('InvalidRequest: Could not find repo: did:plc:dtzxtnypx2e36f6t3dwurbde')
2026-03-21T05:01:11Z WARNING bsky_collector_v2.job.index_feed_generators: listRecords failed repo=did:plc:lrbmknyvwjotuvzbjwbjzzhv err=HttpError('InvalidRequest: Could not find repo: did:plc:lrbmknyvwjotuvzbjwbjzzhv')
2026-03-21T05:01:11Z WARNING bsky_collector_v2.job.index_feed_generators: listRecords failed repo=did:plc:ppqdddnwnxklmn57qd3otnoz err=HttpError('InvalidRequest: Could not find repo: did:plc:ppqdddnwnxklmn57qd3otnoz')
2026-03-21T05:01:11Z WARNING bsky_collector_v2.job.index_feed_generators: listRecords failed repo=did:plc:sy3togv5euvrjjo5ttqawrsn err=HttpError('InvalidRequest: Could not find repo: did:plc:sy3togv5euvrjjo5ttqawrsn')
2026-03-21T05:01:12Z WARNING bsky_collector_v2.job.index_feed_generators: listRecords failed repo=did:plc:dtzxtnypx2e36f6t3dwurbde err=HttpError('InvalidRequest: Could not find repo: did:plc:dtzxtnypx2e36f6t3dwurbde')
2026-03-21T05:01:12Z WARNING bsky_collector_v2.job.index_feed_generators: listRecords failed repo=did:plc:lrbmknyvwjotuvzbjwbjzzhv err=HttpError('InvalidRequest: Could not find repo: did:plc:lrbmknyvwjotuvzbjwbjzzhv')
2026-03-21T05:01:12Z WARNING bsky_collector_v2.job.index_feed_generators: listRecords failed repo=did:plc:ppqdddnwnxklmn57qd3otnoz err=HttpError('InvalidRequest: Could not find repo: did:plc:ppqdddnwnxklmn57qd3otnoz')
2026-03-21T05:01:12Z WARNING bsky_collector_v2.job.index_feed_generators: listRecords failed repo=did:plc:sy3togv5euvrjjo5ttqawrsn err=HttpError('InvalidRequest: Could not find repo: did:plc:sy3togv5euvrjjo5ttqawrsn')
2026-03-21T05:01:12Z INFO bsky_collector_v2.job.index_feed_generators: enqueued repos page=23 mode=listRepos inserted=500 repos_returned=500 next_cursor=set
2026-03-21T05:01:34Z WARNING bsky_collector_v2.job.index_feed_generators: listRecords failed repo=did:plc:cluxpvnunotwnie3zib3taea err=HttpError('InvalidRequest: Could not find repo: did:plc:cluxpvnunotwnie3zib3taea')
2026-03-21T05:01:55Z WARNING bsky_collector_v2.job.index_feed_generators: listRecords failed repo=did:plc:kb4hcmkqmlpjnhaaklrqiqzt err=HttpError('InvalidRequest: Could not find repo: did:plc:kb4hcmkqmlpjnhaaklrqiqzt')
2026-03-21T05:02:28Z WARNING bsky_collector_v2.job.index_feed_generators: listRecords failed repo=did:plc:x3ymewmj52wxexfincfdfz6p err=HttpError('InvalidRequest: Could not find repo: did:plc:x3ymewmj52wxexfincfdfz6p')
2026-03-21T05:02:33Z WARNING bsky_collector_v2.job.index_feed_generators: listRecords failed repo=did:plc:yntrtic6swy2qhxn6whqowho err=HttpError('InvalidRequest: Could not find repo: did:plc:yntrtic6swy2qhxn6whqowho')
2026-03-21T05:02:37Z WARNING bsky_collector_v2.job.index_feed_generators: listRecords failed repo=did:plc:cluxpvnunotwnie3zib3taea err=HttpError('InvalidRequest: Could not find repo: did:plc:cluxpvnunotwnie3zib3taea')
2026-03-21T05:02:37Z WARNING bsky_collector_v2.job.index_feed_generators: listRecords failed repo=did:plc:kb4hcmkqmlpjnhaaklrqiqzt err=HttpError('InvalidRequest: Could not find repo: did:plc:kb4hcmkqmlpjnhaaklrqiqzt')
2026-03-21T05:02:37Z WARNING bsky_collector_v2.job.index_feed_generators: listRecords failed repo=did:plc:x3ymewmj52wxexfincfdfz6p err=HttpError('InvalidRequest: Could not find repo: did:plc:x3ymewmj52wxexfincfdfz6p')
2026-03-21T05:02:37Z WARNING bsky_collector_v2.job.index_feed_generators: listRecords failed repo=did:plc:yntrtic6swy2qhxn6whqowho err=HttpError('InvalidRequest: Could not find repo: did:plc:yntrtic6swy2qhxn6whqowho')
2026-03-21T05:02:37Z WARNING bsky_collector_v2.job.index_feed_generators: listRecords failed repo=did:plc:cluxpvnunotwnie3zib3taea err=HttpError('InvalidRequest: Could not find repo: did:plc:cluxpvnunotwnie3zib3taea')
2026-03-21T05:02:37Z WARNING bsky_collector_v2.job.index_feed_generators: listRecords failed repo=did:plc:kb4hcmkqmlpjnhaaklrqiqzt err=HttpError('InvalidRequest: Could not find repo: did:plc:kb4hcmkqmlpjnhaaklrqiqzt')
2026-03-21T05:02:37Z WARNING bsky_collector_v2.job.index_feed_generators: listRecords failed repo=did:plc:x3ymewmj52wxexfincfdfz6p err=HttpError('InvalidRequest: Could not find repo: did:plc:x3ymewmj52wxexfincfdfz6p')
2026-03-21T05:02:37Z WARNING bsky_collector_v2.job.index_feed_generators: listRecords failed repo=did:plc:yntrtic6swy2qhxn6whqowho err=HttpError('InvalidRequest: Could not find repo: did:plc:yntrtic6swy2qhxn6whqowho')
2026-03-21T05:02:38Z INFO bsky_collector_v2.job.index_feed_generators: enqueued repos page=24 mode=listRepos inserted=500 repos_returned=500 next_cursor=set
2026-03-21T05:03:50Z WARNING bsky_collector_v2.job.index_feed_generators: listRecords failed repo=did:plc:vble732xt2pwngpkjocf5m2r err=HttpError('InvalidRequest: Could not find repo: did:plc:vble732xt2pwngpkjocf5m2r')
2026-03-21T05:04:02Z WARNING bsky_collector_v2.job.index_feed_generators: listRecords failed repo=did:plc:zkgm6efnk4x7u6kss5q3z5j3 err=HttpError('InvalidRequest: Could not find repo: did:plc:zkgm6efnk4x7u6kss5q3z5j3')
2026-03-21T05:04:04Z WARNING bsky_collector_v2.job.index_feed_generators: listRecords failed repo=did:plc:vble732xt2pwngpkjocf5m2r err=HttpError('InvalidRequest: Could not find repo: did:plc:vble732xt2pwngpkjocf5m2r')
2026-03-21T05:04:04Z WARNING bsky_collector_v2.job.index_feed_generators: listRecords failed repo=did:plc:zkgm6efnk4x7u6kss5q3z5j3 err=HttpError('InvalidRequest: Could not find repo: did:plc:zkgm6efnk4x7u6kss5q3z5j3')
2026-03-21T05:04:04Z WARNING bsky_collector_v2.job.index_feed_generators: listRecords failed repo=did:plc:vble732xt2pwngpkjocf5m2r err=HttpError('InvalidRequest: Could not find repo: did:plc:vble732xt2pwngpkjocf5m2r')
2026-03-21T05:04:04Z WARNING bsky_collector_v2.job.index_feed_generators: listRecords failed repo=did:plc:zkgm6efnk4x7u6kss5q3z5j3 err=HttpError('InvalidRequest: Could not find repo: did:plc:zkgm6efnk4x7u6kss5q3z5j3')
2026-03-21T05:04:05Z INFO bsky_collector_v2.job.index_feed_generators: enqueued repos page=25 mode=listRepos inserted=500 repos_returned=500 next_cursor=set
2026-03-21T05:04:21Z WARNING bsky_collector_v2.job.index_feed_generators: listRecords failed repo=did:plc:aktxjqot65opbqmfywyorc6c err=HttpError('InvalidRequest: Could not find repo: did:plc:aktxjqot65opbqmfywyorc6c')
2026-03-21T05:04:32Z WARNING bsky_collector_v2.job.index_feed_generators: listRecords failed repo=did:plc:fe56rpgh26hwbfgpzjiuiue4 err=HttpError('InvalidRequest: Could not find repo: did:plc:fe56rpgh26hwbfgpzjiuiue4')
2026-03-21T05:05:29Z WARNING bsky_collector_v2.job.index_feed_generators: listRecords failed repo=did:plc:aktxjqot65opbqmfywyorc6c err=HttpError('InvalidRequest: Could not find repo: did:plc:aktxjqot65opbqmfywyorc6c')
2026-03-21T05:05:29Z WARNING bsky_collector_v2.job.index_feed_generators: listRecords failed repo=did:plc:fe56rpgh26hwbfgpzjiuiue4 err=HttpError('InvalidRequest: Could not find repo: did:plc:fe56rpgh26hwbfgpzjiuiue4')
2026-03-21T05:05:29Z WARNING bsky_collector_v2.job.index_feed_generators: listRecords failed repo=did:plc:aktxjqot65opbqmfywyorc6c err=HttpError('InvalidRequest: Could not find repo: did:plc:aktxjqot65opbqmfywyorc6c')
2026-03-21T05:05:29Z WARNING bsky_collector_v2.job.index_feed_generators: listRecords failed repo=did:plc:fe56rpgh26hwbfgpzjiuiue4 err=HttpError('InvalidRequest: Could not find repo: did:plc:fe56rpgh26hwbfgpzjiuiue4')
2026-03-21T05:05:30Z INFO bsky_collector_v2.job.index_feed_generators: enqueued repos page=26 mode=listRepos inserted=500 repos_returned=500 next_cursor=set
2026-03-21T05:07:10Z INFO bsky_collector_v2.job.index_feed_generators: enqueued repos page=27 mode=listRepos inserted=500 repos_returned=500 next_cursor=set
2026-03-21T05:07:44Z INFO bsky_collector_v2.job.index_feed_generators: indexed repo=did:plc:e4dkbyscifth5gpqjsx5wuai part=55 records=1 next_cursor=set
2026-03-21T05:07:54Z WARNING bsky_collector_v2.job.index_feed_generators: listRecords failed repo=did:plc:heo6upw57g6ozionjp5e5yrq err=HttpError('InvalidRequest: Could not find repo: did:plc:heo6upw57g6ozionjp5e5yrq')
2026-03-21T05:07:55Z WARNING bsky_collector_v2.job.index_feed_generators: listRecords failed repo=did:plc:hrt7wc7jtsqwgv52z2mzxitk err=HttpError('InvalidRequest: Could not find repo: did:plc:hrt7wc7jtsqwgv52z2mzxitk')
2026-03-21T05:08:22Z WARNING bsky_collector_v2.job.index_feed_generators: listRecords failed repo=did:plc:p6l2z4m7b2j4eljb2rvka7xa err=HttpError('InvalidRequest: Could not find repo: did:plc:p6l2z4m7b2j4eljb2rvka7xa')
2026-03-21T05:08:57Z WARNING bsky_collector_v2.job.index_feed_generators: listRecords failed repo=did:plc:heo6upw57g6ozionjp5e5yrq err=HttpError('InvalidRequest: Could not find repo: did:plc:heo6upw57g6ozionjp5e5yrq')
2026-03-21T05:08:57Z WARNING bsky_collector_v2.job.index_feed_generators: listRecords failed repo=did:plc:hrt7wc7jtsqwgv52z2mzxitk err=HttpError('InvalidRequest: Could not find repo: did:plc:hrt7wc7jtsqwgv52z2mzxitk')
2026-03-21T05:08:57Z WARNING bsky_collector_v2.job.index_feed_generators: listRecords failed repo=did:plc:p6l2z4m7b2j4eljb2rvka7xa err=HttpError('InvalidRequest: Could not find repo: did:plc:p6l2z4m7b2j4eljb2rvka7xa')
2026-03-21T05:08:57Z WARNING bsky_collector_v2.job.index_feed_generators: listRecords failed repo=did:plc:heo6upw57g6ozionjp5e5yrq err=HttpError('InvalidRequest: Could not find repo: did:plc:heo6upw57g6ozionjp5e5yrq')
2026-03-21T05:08:57Z WARNING bsky_collector_v2.job.index_feed_generators: listRecords failed repo=did:plc:hrt7wc7jtsqwgv52z2mzxitk err=HttpError('InvalidRequest: Could not find repo: did:plc:hrt7wc7jtsqwgv52z2mzxitk')
2026-03-21T05:08:57Z WARNING bsky_collector_v2.job.index_feed_generators: listRecords failed repo=did:plc:p6l2z4m7b2j4eljb2rvka7xa err=HttpError('InvalidRequest: Could not find repo: did:plc:p6l2z4m7b2j4eljb2rvka7xa')
2026-03-21T05:08:58Z INFO bsky_collector_v2.job.index_feed_generators: enqueued repos page=28 mode=listRepos inserted=500 repos_returned=500 next_cursor=set
2026-03-21T05:09:08Z WARNING bsky_collector_v2.job.index_feed_generators: listRecords failed repo=did:plc:5ptuzvyvu7ife5vhc2gxsbjq err=HttpError('InvalidRequest: Could not find repo: did:plc:5ptuzvyvu7ife5vhc2gxsbjq')
2026-03-21T05:09:10Z WARNING bsky_collector_v2.job.index_feed_generators: listRecords failed repo=did:plc:6l4f7n36af5kpce7jzwu3s4f err=HttpError('InvalidRequest: Could not find repo: did:plc:6l4f7n36af5kpce7jzwu3s4f')
2026-03-21T05:10:21Z WARNING bsky_collector_v2.job.index_feed_generators: listRecords failed repo=did:plc:tz4tkyie5xc3s56eudfxjwmx err=HttpError('InvalidRequest: Could not find repo: did:plc:tz4tkyie5xc3s56eudfxjwmx')
2026-03-21T05:10:35Z WARNING bsky_collector_v2.job.index_feed_generators: listRecords failed repo=did:plc:5ptuzvyvu7ife5vhc2gxsbjq err=HttpError('InvalidRequest: Could not find repo: did:plc:5ptuzvyvu7ife5vhc2gxsbjq')
2026-03-21T05:10:35Z WARNING bsky_collector_v2.job.index_feed_generators: listRecords failed repo=did:plc:6l4f7n36af5kpce7jzwu3s4f err=HttpError('InvalidRequest: Could not find repo: did:plc:6l4f7n36af5kpce7jzwu3s4f')
2026-03-21T05:10:35Z WARNING bsky_collector_v2.job.index_feed_generators: listRecords failed repo=did:plc:tz4tkyie5xc3s56eudfxjwmx err=HttpError('InvalidRequest: Could not find repo: did:plc:tz4tkyie5xc3s56eudfxjwmx')
2026-03-21T05:10:35Z WARNING bsky_collector_v2.job.index_feed_generators: listRecords failed repo=did:plc:5ptuzvyvu7ife5vhc2gxsbjq err=HttpError('InvalidRequest: Could not find repo: did:plc:5ptuzvyvu7ife5vhc2gxsbjq')
2026-03-21T05:10:35Z WARNING bsky_collector_v2.job.index_feed_generators: listRecords failed repo=did:plc:6l4f7n36af5kpce7jzwu3s4f err=HttpError('InvalidRequest: Could not find repo: did:plc:6l4f7n36af5kpce7jzwu3s4f')
2026-03-21T05:10:35Z WARNING bsky_collector_v2.job.index_feed_generators: listRecords failed repo=did:plc:tz4tkyie5xc3s56eudfxjwmx err=HttpError('InvalidRequest: Could not find repo: did:plc:tz4tkyie5xc3s56eudfxjwmx')
2026-03-21T05:10:36Z INFO bsky_collector_v2.job.index_feed_generators: enqueued repos page=29 mode=listRepos inserted=500 repos_returned=500 next_cursor=set
2026-03-21T05:12:25Z INFO bsky_collector_v2.job.index_feed_generators: enqueued repos page=30 mode=listRepos inserted=500 repos_returned=500 next_cursor=set
2026-03-21T05:12:29Z WARNING bsky_collector_v2.job.index_feed_generators: listRecords failed repo=did:plc:3ck3vizehrvresmtdca4r6eb err=HttpError('InvalidRequest: Could not find repo: did:plc:3ck3vizehrvresmtdca4r6eb')
2026-03-21T05:12:42Z WARNING bsky_collector_v2.job.index_feed_generators: listRecords failed repo=did:plc:5vox46mnangx3got27qx6vyu err=HttpError('InvalidRequest: Could not find repo: did:plc:5vox46mnangx3got27qx6vyu')
2026-03-21T05:12:46Z WARNING bsky_collector_v2.job.index_feed_generators: listRecords failed repo=did:plc:7c4c2fydydxumijvctpky76r err=HttpError('InvalidRequest: Could not find repo: did:plc:7c4c2fydydxumijvctpky76r')
2026-03-21T05:12:51Z WARNING bsky_collector_v2.job.index_feed_generators: listRecords failed repo=did:plc:antracl35wd5gvkkfyt3abi5 err=HttpError('InvalidRequest: Could not find repo: did:plc:antracl35wd5gvkkfyt3abi5')
2026-03-21T05:13:13Z WARNING bsky_collector_v2.job.index_feed_generators: listRecords failed repo=did:plc:hcasvtk5xz7juoqnakrv3fxo err=HttpError('InvalidRequest: Could not find repo: did:plc:hcasvtk5xz7juoqnakrv3fxo')
2026-03-21T05:13:16Z WARNING bsky_collector_v2.job.index_feed_generators: listRecords failed repo=did:plc:j4foygcsk572pu45rzcrbzqh err=HttpError('InvalidRequest: Could not find repo: did:plc:j4foygcsk572pu45rzcrbzqh')
2026-03-21T05:13:21Z WARNING bsky_collector_v2.job.index_feed_generators: listRecords failed repo=did:plc:katn7yrj2xeu25ydpoxdwose err=HttpError('InvalidRequest: Could not find repo: did:plc:katn7yrj2xeu25ydpoxdwose')
2026-03-21T05:13:25Z WARNING bsky_collector_v2.job.index_feed_generators: listRecords failed repo=did:plc:ljnq27bycznapzyen623xs25 err=HttpError('InvalidRequest: Could not find repo: did:plc:ljnq27bycznapzyen623xs25')
2026-03-21T05:13:35Z WARNING bsky_collector_v2.job.index_feed_generators: listRecords failed repo=did:plc:pomka37kecbsjrafarrc3l34 err=HttpError('InvalidRequest: Could not find repo: did:plc:pomka37kecbsjrafarrc3l34')
2026-03-21T05:13:37Z INFO bsky_collector_v2.job.index_feed_generators: indexed repo=did:plc:qlpajbgna2s65hz5kqktveyh part=56 records=1 next_cursor=set
2026-03-21T05:13:52Z WARNING bsky_collector_v2.job.index_feed_generators: listRecords failed repo=did:plc:wighohmbotdvbm42yt7w56jb err=HttpError('InvalidRequest: Could not find repo: did:plc:wighohmbotdvbm42yt7w56jb')
2026-03-21T05:14:04Z WARNING bsky_collector_v2.job.index_feed_generators: listRecords failed repo=did:plc:3ck3vizehrvresmtdca4r6eb err=HttpError('InvalidRequest: Could not find repo: did:plc:3ck3vizehrvresmtdca4r6eb')
2026-03-21T05:14:04Z WARNING bsky_collector_v2.job.index_feed_generators: listRecords failed repo=did:plc:5vox46mnangx3got27qx6vyu err=HttpError('InvalidRequest: Could not find repo: did:plc:5vox46mnangx3got27qx6vyu')
2026-03-21T05:14:04Z WARNING bsky_collector_v2.job.index_feed_generators: listRecords failed repo=did:plc:7c4c2fydydxumijvctpky76r err=HttpError('InvalidRequest: Could not find repo: did:plc:7c4c2fydydxumijvctpky76r')
2026-03-21T05:14:04Z WARNING bsky_collector_v2.job.index_feed_generators: listRecords failed repo=did:plc:antracl35wd5gvkkfyt3abi5 err=HttpError('InvalidRequest: Could not find repo: did:plc:antracl35wd5gvkkfyt3abi5')
2026-03-21T05:14:04Z WARNING bsky_collector_v2.job.index_feed_generators: listRecords failed repo=did:plc:hcasvtk5xz7juoqnakrv3fxo err=HttpError('InvalidRequest: Could not find repo: did:plc:hcasvtk5xz7juoqnakrv3fxo')
2026-03-21T05:14:04Z WARNING bsky_collector_v2.job.index_feed_generators: listRecords failed repo=did:plc:j4foygcsk572pu45rzcrbzqh err=HttpError('InvalidRequest: Could not find repo: did:plc:j4foygcsk572pu45rzcrbzqh')
2026-03-21T05:14:04Z WARNING bsky_collector_v2.job.index_feed_generators: listRecords failed repo=did:plc:katn7yrj2xeu25ydpoxdwose err=HttpError('InvalidRequest: Could not find repo: did:plc:katn7yrj2xeu25ydpoxdwose')
2026-03-21T05:14:04Z WARNING bsky_collector_v2.job.index_feed_generators: listRecords failed repo=did:plc:ljnq27bycznapzyen623xs25 err=HttpError('InvalidRequest: Could not find repo: did:plc:ljnq27bycznapzyen623xs25')
2026-03-21T05:14:05Z WARNING bsky_collector_v2.job.index_feed_generators: listRecords failed repo=did:plc:pomka37kecbsjrafarrc3l34 err=HttpError('InvalidRequest: Could not find repo: did:plc:pomka37kecbsjrafarrc3l34')
2026-03-21T05:14:05Z WARNING bsky_collector_v2.job.index_feed_generators: listRecords failed repo=did:plc:wighohmbotdvbm42yt7w56jb err=HttpError('InvalidRequest: Could not find repo: did:plc:wighohmbotdvbm42yt7w56jb')
2026-03-21T05:14:05Z WARNING bsky_collector_v2.job.index_feed_generators: listRecords failed repo=did:plc:3ck3vizehrvresmtdca4r6eb err=HttpError('InvalidRequest: Could not find repo: did:plc:3ck3vizehrvresmtdca4r6eb')
2026-03-21T05:14:05Z WARNING bsky_collector_v2.job.index_feed_generators: listRecords failed repo=did:plc:5vox46mnangx3got27qx6vyu err=HttpError('InvalidRequest: Could not find repo: did:plc:5vox46mnangx3got27qx6vyu')
2026-03-21T05:14:05Z WARNING bsky_collector_v2.job.index_feed_generators: listRecords failed repo=did:plc:7c4c2fydydxumijvctpky76r err=HttpError('InvalidRequest: Could not find repo: did:plc:7c4c2fydydxumijvctpky76r')
2026-03-21T05:14:05Z WARNING bsky_collector_v2.job.index_feed_generators: listRecords failed repo=did:plc:antracl35wd5gvkkfyt3abi5 err=HttpError('InvalidRequest: Could not find repo: did:plc:antracl35wd5gvkkfyt3abi5')
2026-03-21T05:14:05Z WARNING bsky_collector_v2.job.index_feed_generators: listRecords failed repo=did:plc:hcasvtk5xz7juoqnakrv3fxo err=HttpError('InvalidRequest: Could not find repo: did:plc:hcasvtk5xz7juoqnakrv3fxo')
2026-03-21T05:14:05Z WARNING bsky_collector_v2.job.index_feed_generators: listRecords failed repo=did:plc:j4foygcsk572pu45rzcrbzqh err=HttpError('InvalidRequest: Could not find repo: did:plc:j4foygcsk572pu45rzcrbzqh')
2026-03-21T05:14:05Z WARNING bsky_collector_v2.job.index_feed_generators: listRecords failed repo=did:plc:katn7yrj2xeu25ydpoxdwose err=HttpError('InvalidRequest: Could not find repo: did:plc:katn7yrj2xeu25ydpoxdwose')
2026-03-21T05:14:05Z WARNING bsky_collector_v2.job.index_feed_generators: listRecords failed repo=did:plc:ljnq27bycznapzyen623xs25 err=HttpError('InvalidRequest: Could not find repo: did:plc:ljnq27bycznapzyen623xs25')
2026-03-21T05:14:05Z WARNING bsky_collector_v2.job.index_feed_generators: listRecords failed repo=did:plc:pomka37kecbsjrafarrc3l34 err=HttpError('InvalidRequest: Could not find repo: did:plc:pomka37kecbsjrafarrc3l34')
2026-03-21T05:14:05Z WARNING bsky_collector_v2.job.index_feed_generators: listRecords failed repo=did:plc:wighohmbotdvbm42yt7w56jb err=HttpError('InvalidRequest: Could not find repo: did:plc:wighohmbotdvbm42yt7w56jb')
2026-03-21T05:14:06Z INFO bsky_collector_v2.job.index_feed_generators: enqueued repos page=31 mode=listRepos inserted=500 repos_returned=500 next_cursor=set
2026-03-21T05:14:08Z WARNING bsky_collector_v2.job.index_feed_generators: listRecords failed repo=did:plc:2yatug4qrvcikcl76pi74ulu err=HttpError('InvalidRequest: Could not find repo: did:plc:2yatug4qrvcikcl76pi74ulu')
2026-03-21T05:14:13Z WARNING bsky_collector_v2.job.index_feed_generators: listRecords failed repo=did:plc:57knaf6gxidkxu3bgk6ipqln err=HttpError('InvalidRequest: Could not find repo: did:plc:57knaf6gxidkxu3bgk6ipqln')
2026-03-21T05:14:15Z WARNING bsky_collector_v2.job.index_feed_generators: listRecords failed repo=did:plc:66to5jmw7hip6ihrfykk5wps err=HttpError('InvalidRequest: Could not find repo: did:plc:66to5jmw7hip6ihrfykk5wps')
2026-03-21T05:14:18Z WARNING bsky_collector_v2.job.index_feed_generators: listRecords failed repo=did:plc:7dxxhknzutkmzu7x7sin7sfg err=HttpError('InvalidRequest: Could not find repo: did:plc:7dxxhknzutkmzu7x7sin7sfg')
2026-03-21T05:14:23Z WARNING bsky_collector_v2.job.index_feed_generators: listRecords failed repo=did:plc:b5p7umzqkuzck7ogf4yec3eh err=HttpError('InvalidRequest: Could not find repo: did:plc:b5p7umzqkuzck7ogf4yec3eh')
2026-03-21T05:14:29Z WARNING bsky_collector_v2.job.index_feed_generators: listRecords failed repo=did:plc:daxcmnboktic3dq2gu6ydzwc err=HttpError('InvalidRequest: Could not find repo: did:plc:daxcmnboktic3dq2gu6ydzwc')
2026-03-21T05:14:33Z WARNING bsky_collector_v2.job.index_feed_generators: listRecords failed repo=did:plc:e4nyneoy5sbljmm66wwftdds err=HttpError('InvalidRequest: Could not find repo: did:plc:e4nyneoy5sbljmm66wwftdds')
2026-03-21T05:14:38Z WARNING bsky_collector_v2.job.index_feed_generators: listRecords failed repo=did:plc:fo732jqoy3uefzv2jcz35xsd err=HttpError('InvalidRequest: Could not find repo: did:plc:fo732jqoy3uefzv2jcz35xsd')
2026-03-21T05:14:38Z WARNING bsky_collector_v2.job.index_feed_generators: listRecords failed repo=did:plc:fq5fskdr6vakujaalb32tqig err=HttpError('InvalidRequest: Could not find repo: did:plc:fq5fskdr6vakujaalb32tqig')
2026-03-21T05:14:43Z WARNING bsky_collector_v2.job.index_feed_generators: listRecords failed repo=did:plc:hipjf4qmzkroscyyb54nn6qh err=HttpError('InvalidRequest: Could not find repo: did:plc:hipjf4qmzkroscyyb54nn6qh')
2026-03-21T05:14:49Z WARNING bsky_collector_v2.job.index_feed_generators: listRecords failed repo=did:plc:jan54nzhzxixq3wpjgifje4p err=HttpError('InvalidRequest: Could not find repo: did:plc:jan54nzhzxixq3wpjgifje4p')
2026-03-21T05:14:51Z WARNING bsky_collector_v2.job.index_feed_generators: listRecords failed repo=did:plc:k4cvjqevc2eabwk5absnt76c err=HttpError('InvalidRequest: Could not find repo: did:plc:k4cvjqevc2eabwk5absnt76c')
2026-03-21T05:14:52Z WARNING bsky_collector_v2.job.index_feed_generators: listRecords failed repo=did:plc:kzbs3w4fjc3u3kdk4iaiavgt err=HttpError('InvalidRequest: Could not find repo: did:plc:kzbs3w4fjc3u3kdk4iaiavgt')
2026-03-21T05:14:55Z WARNING bsky_collector_v2.job.index_feed_generators: listRecords failed repo=did:plc:mkjifiedpgcd5h7fydvnjzyq err=HttpError('InvalidRequest: Could not find repo: did:plc:mkjifiedpgcd5h7fydvnjzyq')
2026-03-21T05:15:07Z WARNING bsky_collector_v2.job.index_feed_generators: listRecords failed repo=did:plc:qxswt5sbwfjzkqrsdwrxeoo5 err=HttpError('InvalidRequest: Could not find repo: did:plc:qxswt5sbwfjzkqrsdwrxeoo5')
2026-03-21T05:15:08Z WARNING bsky_collector_v2.job.index_feed_generators: listRecords failed repo=did:plc:rfd3hmkk5i42jvgvnksszgn4 err=HttpError('InvalidRequest: Could not find repo: did:plc:rfd3hmkk5i42jvgvnksszgn4')
2026-03-21T05:15:08Z WARNING bsky_collector_v2.job.index_feed_generators: listRecords failed repo=did:plc:rhrpieajwwbipe2oix6hyh5q err=HttpError('InvalidRequest: Could not find repo: did:plc:rhrpieajwwbipe2oix6hyh5q')
2026-03-21T05:15:08Z WARNING bsky_collector_v2.job.index_feed_generators: listRecords failed repo=did:plc:rll63ocoviwhjhnqbwadfui3 err=HttpError('InvalidRequest: Could not find repo: did:plc:rll63ocoviwhjhnqbwadfui3')
2026-03-21T05:15:09Z WARNING bsky_collector_v2.job.index_feed_generators: listRecords failed repo=did:plc:rpbjf3okdac2sgrytis3wogu err=HttpError('InvalidRequest: Could not find repo: did:plc:rpbjf3okdac2sgrytis3wogu')
2026-03-21T05:15:10Z WARNING bsky_collector_v2.job.index_feed_generators: listRecords failed repo=did:plc:s6qe7bmco2mb54atng6nk3wk err=HttpError('InvalidRequest: Could not find repo: did:plc:s6qe7bmco2mb54atng6nk3wk')
2026-03-21T05:15:10Z WARNING bsky_collector_v2.job.index_feed_generators: listRecords failed repo=did:plc:sgrhgcjtwa4oc4o5anduedoi err=HttpError('InvalidRequest: Could not find repo: did:plc:sgrhgcjtwa4oc4o5anduedoi')
2026-03-21T05:15:11Z WARNING bsky_collector_v2.job.index_feed_generators: listRecords failed repo=did:plc:t6xz3ccdrjjxqrrvwc2pkqhg err=HttpError('InvalidRequest: Could not find repo: did:plc:t6xz3ccdrjjxqrrvwc2pkqhg')
2026-03-21T05:15:17Z WARNING bsky_collector_v2.job.index_feed_generators: listRecords failed repo=did:plc:v4id3azvg2ejrmgxjgz6en32 err=HttpError('InvalidRequest: Could not find repo: did:plc:v4id3azvg2ejrmgxjgz6en32')
2026-03-21T05:15:22Z WARNING bsky_collector_v2.job.index_feed_generators: listRecords failed repo=did:plc:xw5nka65373wzhs34bsg3jt2 err=HttpError('InvalidRequest: Could not find repo: did:plc:xw5nka65373wzhs34bsg3jt2')
2026-03-21T05:15:23Z WARNING bsky_collector_v2.job.index_feed_generators: listRecords failed repo=did:plc:yatzm3pphvd7y7rvrgoauvql err=HttpError('InvalidRequest: Could not find repo: did:plc:yatzm3pphvd7y7rvrgoauvql')
2026-03-21T05:15:33Z WARNING bsky_collector_v2.job.index_feed_generators: listRecords failed repo=did:plc:2yatug4qrvcikcl76pi74ulu err=HttpError('InvalidRequest: Could not find repo: did:plc:2yatug4qrvcikcl76pi74ulu')
2026-03-21T05:15:33Z WARNING bsky_collector_v2.job.index_feed_generators: listRecords failed repo=did:plc:57knaf6gxidkxu3bgk6ipqln err=HttpError('InvalidRequest: Could not find repo: did:plc:57knaf6gxidkxu3bgk6ipqln')
2026-03-21T05:15:33Z WARNING bsky_collector_v2.job.index_feed_generators: listRecords failed repo=did:plc:66to5jmw7hip6ihrfykk5wps err=HttpError('InvalidRequest: Could not find repo: did:plc:66to5jmw7hip6ihrfykk5wps')
2026-03-21T05:15:33Z WARNING bsky_collector_v2.job.index_feed_generators: listRecords failed repo=did:plc:7dxxhknzutkmzu7x7sin7sfg err=HttpError('InvalidRequest: Could not find repo: did:plc:7dxxhknzutkmzu7x7sin7sfg')
2026-03-21T05:15:33Z WARNING bsky_collector_v2.job.index_feed_generators: listRecords failed repo=did:plc:b5p7umzqkuzck7ogf4yec3eh err=HttpError('InvalidRequest: Could not find repo: did:plc:b5p7umzqkuzck7ogf4yec3eh')
2026-03-21T05:15:34Z WARNING bsky_collector_v2.job.index_feed_generators: listRecords failed repo=did:plc:daxcmnboktic3dq2gu6ydzwc err=HttpError('InvalidRequest: Could not find repo: did:plc:daxcmnboktic3dq2gu6ydzwc')
2026-03-21T05:15:34Z WARNING bsky_collector_v2.job.index_feed_generators: listRecords failed repo=did:plc:e4nyneoy5sbljmm66wwftdds err=HttpError('InvalidRequest: Could not find repo: did:plc:e4nyneoy5sbljmm66wwftdds')
2026-03-21T05:15:34Z WARNING bsky_collector_v2.job.index_feed_generators: listRecords failed repo=did:plc:fo732jqoy3uefzv2jcz35xsd err=HttpError('InvalidRequest: Could not find repo: did:plc:fo732jqoy3uefzv2jcz35xsd')
2026-03-21T05:15:34Z WARNING bsky_collector_v2.job.index_feed_generators: listRecords failed repo=did:plc:fq5fskdr6vakujaalb32tqig err=HttpError('InvalidRequest: Could not find repo: did:plc:fq5fskdr6vakujaalb32tqig')
2026-03-21T05:15:34Z WARNING bsky_collector_v2.job.index_feed_generators: listRecords failed repo=did:plc:hipjf4qmzkroscyyb54nn6qh err=HttpError('InvalidRequest: Could not find repo: did:plc:hipjf4qmzkroscyyb54nn6qh')
2026-03-21T05:15:35Z WARNING bsky_collector_v2.job.index_feed_generators: listRecords failed repo=did:plc:jan54nzhzxixq3wpjgifje4p err=HttpError('InvalidRequest: Could not find repo: did:plc:jan54nzhzxixq3wpjgifje4p')
2026-03-21T05:15:35Z WARNING bsky_collector_v2.job.index_feed_generators: listRecords failed repo=did:plc:k4cvjqevc2eabwk5absnt76c err=HttpError('InvalidRequest: Could not find repo: did:plc:k4cvjqevc2eabwk5absnt76c')
2026-03-21T05:15:35Z WARNING bsky_collector_v2.job.index_feed_generators: listRecords failed repo=did:plc:kzbs3w4fjc3u3kdk4iaiavgt err=HttpError('InvalidRequest: Could not find repo: did:plc:kzbs3w4fjc3u3kdk4iaiavgt')
2026-03-21T05:15:35Z WARNING bsky_collector_v2.job.index_feed_generators: listRecords failed repo=did:plc:mkjifiedpgcd5h7fydvnjzyq err=HttpError('InvalidRequest: Could not find repo: did:plc:mkjifiedpgcd5h7fydvnjzyq')
2026-03-21T05:15:35Z WARNING bsky_collector_v2.job.index_feed_generators: listRecords failed repo=did:plc:qxswt5sbwfjzkqrsdwrxeoo5 err=HttpError('InvalidRequest: Could not find repo: did:plc:qxswt5sbwfjzkqrsdwrxeoo5')
2026-03-21T05:15:36Z WARNING bsky_collector_v2.job.index_feed_generators: listRecords failed repo=did:plc:rfd3hmkk5i42jvgvnksszgn4 err=HttpError('InvalidRequest: Could not find repo: did:plc:rfd3hmkk5i42jvgvnksszgn4')
2026-03-21T05:15:36Z WARNING bsky_collector_v2.job.index_feed_generators: listRecords failed repo=did:plc:rhrpieajwwbipe2oix6hyh5q err=HttpError('InvalidRequest: Could not find repo: did:plc:rhrpieajwwbipe2oix6hyh5q')
2026-03-21T05:15:36Z WARNING bsky_collector_v2.job.index_feed_generators: listRecords failed repo=did:plc:rll63ocoviwhjhnqbwadfui3 err=HttpError('InvalidRequest: Could not find repo: did:plc:rll63ocoviwhjhnqbwadfui3')
2026-03-21T05:15:36Z WARNING bsky_collector_v2.job.index_feed_generators: listRecords failed repo=did:plc:rpbjf3okdac2sgrytis3wogu err=HttpError('InvalidRequest: Could not find repo: did:plc:rpbjf3okdac2sgrytis3wogu')
2026-03-21T05:15:36Z WARNING bsky_collector_v2.job.index_feed_generators: listRecords failed repo=did:plc:s6qe7bmco2mb54atng6nk3wk err=HttpError('InvalidRequest: Could not find repo: did:plc:s6qe7bmco2mb54atng6nk3wk')
2026-03-21T05:15:36Z WARNING bsky_collector_v2.job.index_feed_generators: listRecords failed repo=did:plc:sgrhgcjtwa4oc4o5anduedoi err=HttpError('InvalidRequest: Could not find repo: did:plc:sgrhgcjtwa4oc4o5anduedoi')
2026-03-21T05:15:37Z WARNING bsky_collector_v2.job.index_feed_generators: listRecords failed repo=did:plc:t6xz3ccdrjjxqrrvwc2pkqhg err=HttpError('InvalidRequest: Could not find repo: did:plc:t6xz3ccdrjjxqrrvwc2pkqhg')
2026-03-21T05:15:37Z WARNING bsky_collector_v2.job.index_feed_generators: listRecords failed repo=did:plc:v4id3azvg2ejrmgxjgz6en32 err=HttpError('InvalidRequest: Could not find repo: did:plc:v4id3azvg2ejrmgxjgz6en32')
2026-03-21T05:15:37Z WARNING bsky_collector_v2.job.index_feed_generators: listRecords failed repo=did:plc:xw5nka65373wzhs34bsg3jt2 err=HttpError('InvalidRequest: Could not find repo: did:plc:xw5nka65373wzhs34bsg3jt2')
2026-03-21T05:15:37Z WARNING bsky_collector_v2.job.index_feed_generators: listRecords failed repo=did:plc:yatzm3pphvd7y7rvrgoauvql err=HttpError('InvalidRequest: Could not find repo: did:plc:yatzm3pphvd7y7rvrgoauvql')
2026-03-21T05:15:37Z WARNING bsky_collector_v2.job.index_feed_generators: listRecords failed repo=did:plc:2yatug4qrvcikcl76pi74ulu err=HttpError('InvalidRequest: Could not find repo: did:plc:2yatug4qrvcikcl76pi74ulu')
2026-03-21T05:15:37Z WARNING bsky_collector_v2.job.index_feed_generators: listRecords failed repo=did:plc:57knaf6gxidkxu3bgk6ipqln err=HttpError('InvalidRequest: Could not find repo: did:plc:57knaf6gxidkxu3bgk6ipqln')
2026-03-21T05:15:38Z WARNING bsky_collector_v2.job.index_feed_generators: listRecords failed repo=did:plc:66to5jmw7hip6ihrfykk5wps err=HttpError('InvalidRequest: Could not find repo: did:plc:66to5jmw7hip6ihrfykk5wps')
2026-03-21T05:15:38Z WARNING bsky_collector_v2.job.index_feed_generators: listRecords failed repo=did:plc:7dxxhknzutkmzu7x7sin7sfg err=HttpError('InvalidRequest: Could not find repo: did:plc:7dxxhknzutkmzu7x7sin7sfg')
2026-03-21T05:15:38Z WARNING bsky_collector_v2.job.index_feed_generators: listRecords failed repo=did:plc:b5p7umzqkuzck7ogf4yec3eh err=HttpError('InvalidRequest: Could not find repo: did:plc:b5p7umzqkuzck7ogf4yec3eh')
2026-03-21T05:15:38Z WARNING bsky_collector_v2.job.index_feed_generators: listRecords failed repo=did:plc:daxcmnboktic3dq2gu6ydzwc err=HttpError('InvalidRequest: Could not find repo: did:plc:daxcmnboktic3dq2gu6ydzwc')
2026-03-21T05:15:38Z WARNING bsky_collector_v2.job.index_feed_generators: listRecords failed repo=did:plc:e4nyneoy5sbljmm66wwftdds err=HttpError('InvalidRequest: Could not find repo: did:plc:e4nyneoy5sbljmm66wwftdds')
2026-03-21T05:15:38Z WARNING bsky_collector_v2.job.index_feed_generators: listRecords failed repo=did:plc:fo732jqoy3uefzv2jcz35xsd err=HttpError('InvalidRequest: Could not find repo: did:plc:fo732jqoy3uefzv2jcz35xsd')
2026-03-21T05:15:38Z WARNING bsky_collector_v2.job.index_feed_generators: listRecords failed repo=did:plc:fq5fskdr6vakujaalb32tqig err=HttpError('InvalidRequest: Could not find repo: did:plc:fq5fskdr6vakujaalb32tqig')
2026-03-21T05:15:39Z WARNING bsky_collector_v2.job.index_feed_generators: listRecords failed repo=did:plc:hipjf4qmzkroscyyb54nn6qh err=HttpError('InvalidRequest: Could not find repo: did:plc:hipjf4qmzkroscyyb54nn6qh')
2026-03-21T05:15:39Z WARNING bsky_collector_v2.job.index_feed_generators: listRecords failed repo=did:plc:jan54nzhzxixq3wpjgifje4p err=HttpError('InvalidRequest: Could not find repo: did:plc:jan54nzhzxixq3wpjgifje4p')
2026-03-21T05:15:39Z WARNING bsky_collector_v2.job.index_feed_generators: listRecords failed repo=did:plc:k4cvjqevc2eabwk5absnt76c err=HttpError('InvalidRequest: Could not find repo: did:plc:k4cvjqevc2eabwk5absnt76c')
2026-03-21T05:15:39Z WARNING bsky_collector_v2.job.index_feed_generators: listRecords failed repo=did:plc:kzbs3w4fjc3u3kdk4iaiavgt err=HttpError('InvalidRequest: Could not find repo: did:plc:kzbs3w4fjc3u3kdk4iaiavgt')
2026-03-21T05:15:39Z WARNING bsky_collector_v2.job.index_feed_generators: listRecords failed repo=did:plc:mkjifiedpgcd5h7fydvnjzyq err=HttpError('InvalidRequest: Could not find repo: did:plc:mkjifiedpgcd5h7fydvnjzyq')
2026-03-21T05:15:39Z WARNING bsky_collector_v2.job.index_feed_generators: listRecords failed repo=did:plc:qxswt5sbwfjzkqrsdwrxeoo5 err=HttpError('InvalidRequest: Could not find repo: did:plc:qxswt5sbwfjzkqrsdwrxeoo5')
2026-03-21T05:15:39Z WARNING bsky_collector_v2.job.index_feed_generators: listRecords failed repo=did:plc:rfd3hmkk5i42jvgvnksszgn4 err=HttpError('InvalidRequest: Could not find repo: did:plc:rfd3hmkk5i42jvgvnksszgn4')
2026-03-21T05:15:40Z WARNING bsky_collector_v2.job.index_feed_generators: listRecords failed repo=did:plc:rhrpieajwwbipe2oix6hyh5q err=HttpError('InvalidRequest: Could not find repo: did:plc:rhrpieajwwbipe2oix6hyh5q')
2026-03-21T05:15:40Z WARNING bsky_collector_v2.job.index_feed_generators: listRecords failed repo=did:plc:rll63ocoviwhjhnqbwadfui3 err=HttpError('InvalidRequest: Could not find repo: did:plc:rll63ocoviwhjhnqbwadfui3')
2026-03-21T05:15:40Z WARNING bsky_collector_v2.job.index_feed_generators: listRecords failed repo=did:plc:rpbjf3okdac2sgrytis3wogu err=HttpError('InvalidRequest: Could not find repo: did:plc:rpbjf3okdac2sgrytis3wogu')
2026-03-21T05:15:40Z WARNING bsky_collector_v2.job.index_feed_generators: listRecords failed repo=did:plc:s6qe7bmco2mb54atng6nk3wk err=HttpError('InvalidRequest: Could not find repo: did:plc:s6qe7bmco2mb54atng6nk3wk')
2026-03-21T05:15:40Z WARNING bsky_collector_v2.job.index_feed_generators: listRecords failed repo=did:plc:sgrhgcjtwa4oc4o5anduedoi err=HttpError('InvalidRequest: Could not find repo: did:plc:sgrhgcjtwa4oc4o5anduedoi')
2026-03-21T05:15:40Z WARNING bsky_collector_v2.job.index_feed_generators: listRecords failed repo=did:plc:t6xz3ccdrjjxqrrvwc2pkqhg err=HttpError('InvalidRequest: Could not find repo: did:plc:t6xz3ccdrjjxqrrvwc2pkqhg')
2026-03-21T05:15:40Z WARNING bsky_collector_v2.job.index_feed_generators: listRecords failed repo=did:plc:v4id3azvg2ejrmgxjgz6en32 err=HttpError('InvalidRequest: Could not find repo: did:plc:v4id3azvg2ejrmgxjgz6en32')
2026-03-21T05:15:41Z WARNING bsky_collector_v2.job.index_feed_generators: listRecords failed repo=did:plc:xw5nka65373wzhs34bsg3jt2 err=HttpError('InvalidRequest: Could not find repo: did:plc:xw5nka65373wzhs34bsg3jt2')
2026-03-21T05:15:41Z WARNING bsky_collector_v2.job.index_feed_generators: listRecords failed repo=did:plc:yatzm3pphvd7y7rvrgoauvql err=HttpError('InvalidRequest: Could not find repo: did:plc:yatzm3pphvd7y7rvrgoauvql')
2026-03-21T05:15:41Z INFO bsky_collector_v2.job.index_feed_generators: enqueued repos page=32 mode=listRepos inserted=500 repos_returned=500 next_cursor=set
2026-03-21T05:15:49Z WARNING bsky_collector_v2.job.index_feed_generators: listRecords failed repo=did:plc:4fi3vtsf547kgy6v6r4pjz36 err=HttpError('InvalidRequest: Could not find repo: did:plc:4fi3vtsf547kgy6v6r4pjz36')
2026-03-21T05:15:53Z WARNING bsky_collector_v2.job.index_feed_generators: listRecords failed repo=did:plc:5viyzw5gpspuhgebwfkk2qkc err=HttpError('InvalidRequest: Could not find repo: did:plc:5viyzw5gpspuhgebwfkk2qkc')
2026-03-21T05:15:56Z WARNING bsky_collector_v2.job.index_feed_generators: listRecords failed repo=did:plc:6vetrf6dllghxb7bfimc6n7v err=HttpError('InvalidRequest: Could not find repo: did:plc:6vetrf6dllghxb7bfimc6n7v')
2026-03-21T05:15:58Z WARNING bsky_collector_v2.job.index_feed_generators: listRecords failed repo=did:plc:7gk4nwltdv6vv7bkrghxybwr err=HttpError('InvalidRequest: Could not find repo: did:plc:7gk4nwltdv6vv7bkrghxybwr')
2026-03-21T05:16:01Z WARNING bsky_collector_v2.job.index_feed_generators: listRecords failed repo=did:plc:a64ryy6qhnvt3axpfbtz66fb err=HttpError('InvalidRequest: Could not find repo: did:plc:a64ryy6qhnvt3axpfbtz66fb')
2026-03-21T05:16:02Z WARNING bsky_collector_v2.job.index_feed_generators: listRecords failed repo=did:plc:ae3hnqczxssscpefdphkkdtx err=HttpError('InvalidRequest: Could not find repo: did:plc:ae3hnqczxssscpefdphkkdtx')
2026-03-21T05:16:05Z WARNING bsky_collector_v2.job.index_feed_generators: listRecords failed repo=did:plc:brstzasmwsggw6o3s7g6hptf err=HttpError('InvalidRequest: Could not find repo: did:plc:brstzasmwsggw6o3s7g6hptf')
2026-03-21T05:16:08Z WARNING bsky_collector_v2.job.index_feed_generators: listRecords failed repo=did:plc:dke4epy5aujmz6hkw2k2jt5z err=HttpError('InvalidRequest: Could not find repo: did:plc:dke4epy5aujmz6hkw2k2jt5z')
2026-03-21T05:16:11Z WARNING bsky_collector_v2.job.index_feed_generators: listRecords failed repo=did:plc:eqfsvsjuchwl66adpbhlherl err=HttpError('InvalidRequest: Could not find repo: did:plc:eqfsvsjuchwl66adpbhlherl')
2026-03-21T05:16:21Z WARNING bsky_collector_v2.job.index_feed_generators: listRecords failed repo=did:plc:jhsuh6tlgkasarmhuuupoczs err=HttpError('InvalidRequest: Could not find repo: did:plc:jhsuh6tlgkasarmhuuupoczs')
2026-03-21T05:16:22Z WARNING bsky_collector_v2.job.index_feed_generators: listRecords failed repo=did:plc:jovuum566kqsdnci4764qeh6 err=HttpError('InvalidRequest: Could not find repo: did:plc:jovuum566kqsdnci4764qeh6')
2026-03-21T05:16:30Z WARNING bsky_collector_v2.job.index_feed_generators: listRecords failed repo=did:plc:mamznxqzswlyeo3py4po4ou4 err=HttpError('InvalidRequest: Could not find repo: did:plc:mamznxqzswlyeo3py4po4ou4')
2026-03-21T05:16:34Z WARNING bsky_collector_v2.job.index_feed_generators: listRecords failed repo=did:plc:nwotjbulovy3wl6qkggz7iit err=HttpError('InvalidRequest: Could not find repo: did:plc:nwotjbulovy3wl6qkggz7iit')
2026-03-21T05:16:40Z WARNING bsky_collector_v2.job.index_feed_generators: listRecords failed repo=did:plc:q7sxzuhyptjc6ygbr646wu7w err=HttpError('InvalidRequest: Could not find repo: did:plc:q7sxzuhyptjc6ygbr646wu7w')
2026-03-21T05:16:40Z WARNING bsky_collector_v2.job.index_feed_generators: listRecords failed repo=did:plc:qcr5atnrv5l7cbanj4h3u7lg err=HttpError('InvalidRequest: Could not find repo: did:plc:qcr5atnrv5l7cbanj4h3u7lg')
2026-03-21T05:16:41Z WARNING bsky_collector_v2.job.index_feed_generators: listRecords failed repo=did:plc:qmlneczahdekpxzi7qylakps err=HttpError('InvalidRequest: Could not find repo: did:plc:qmlneczahdekpxzi7qylakps')
2026-03-21T05:16:44Z WARNING bsky_collector_v2.job.index_feed_generators: listRecords failed repo=did:plc:rptcyq5q2ild6rhem6r7ni4k err=HttpError('InvalidRequest: Could not find repo: did:plc:rptcyq5q2ild6rhem6r7ni4k')
2026-03-21T05:16:45Z WARNING bsky_collector_v2.job.index_feed_generators: listRecords failed repo=did:plc:rx3luo22cocl35ylkq3cy6ul err=HttpError('InvalidRequest: Could not find repo: did:plc:rx3luo22cocl35ylkq3cy6ul')
2026-03-21T05:16:53Z WARNING bsky_collector_v2.job.index_feed_generators: listRecords failed repo=did:plc:ugw4qlbpfn7zs5bfqtio5rbf err=HttpError('InvalidRequest: Could not find repo: did:plc:ugw4qlbpfn7zs5bfqtio5rbf')
2026-03-21T05:16:58Z WARNING bsky_collector_v2.job.index_feed_generators: listRecords failed repo=did:plc:vq4s5v6at2baqy4or32yjkov err=HttpError('InvalidRequest: Could not find repo: did:plc:vq4s5v6at2baqy4or32yjkov')
2026-03-21T05:16:59Z WARNING bsky_collector_v2.job.index_feed_generators: listRecords failed repo=did:plc:wo2huuje4aur56qvdtl7liqn err=HttpError('InvalidRequest: Could not find repo: did:plc:wo2huuje4aur56qvdtl7liqn')
2026-03-21T05:17:00Z WARNING bsky_collector_v2.job.index_feed_generators: listRecords failed repo=did:plc:x3cibkfezkkdhi2z24n3byzn err=HttpError('InvalidRequest: Could not find repo: did:plc:x3cibkfezkkdhi2z24n3byzn')
2026-03-21T05:17:04Z WARNING bsky_collector_v2.job.index_feed_generators: listRecords failed repo=did:plc:y7bwokooxuz4aqiu4g6wd27m err=HttpError('InvalidRequest: Could not find repo: did:plc:y7bwokooxuz4aqiu4g6wd27m')
2026-03-21T05:17:04Z WARNING bsky_collector_v2.job.index_feed_generators: listRecords failed repo=did:plc:yjoymy7xozjiexfznjdmxwyj err=HttpError('InvalidRequest: Could not find repo: did:plc:yjoymy7xozjiexfznjdmxwyj')
2026-03-21T05:17:06Z WARNING bsky_collector_v2.job.index_feed_generators: listRecords failed repo=did:plc:zgu654xmxckx7ztaib2qjnrh err=HttpError('InvalidRequest: Could not find repo: did:plc:zgu654xmxckx7ztaib2qjnrh')
2026-03-21T05:17:08Z WARNING bsky_collector_v2.job.index_feed_generators: listRecords failed repo=did:plc:ztt6ddakcvti4v4biaklyu4u err=HttpError('InvalidRequest: Could not find repo: did:plc:ztt6ddakcvti4v4biaklyu4u')
2026-03-21T05:17:08Z WARNING bsky_collector_v2.job.index_feed_generators: listRecords failed repo=did:plc:4fi3vtsf547kgy6v6r4pjz36 err=HttpError('InvalidRequest: Could not find repo: did:plc:4fi3vtsf547kgy6v6r4pjz36')
2026-03-21T05:17:08Z WARNING bsky_collector_v2.job.index_feed_generators: listRecords failed repo=did:plc:5viyzw5gpspuhgebwfkk2qkc err=HttpError('InvalidRequest: Could not find repo: did:plc:5viyzw5gpspuhgebwfkk2qkc')
2026-03-21T05:17:08Z WARNING bsky_collector_v2.job.index_feed_generators: listRecords failed repo=did:plc:6vetrf6dllghxb7bfimc6n7v err=HttpError('InvalidRequest: Could not find repo: did:plc:6vetrf6dllghxb7bfimc6n7v')
2026-03-21T05:17:08Z WARNING bsky_collector_v2.job.index_feed_generators: listRecords failed repo=did:plc:7gk4nwltdv6vv7bkrghxybwr err=HttpError('InvalidRequest: Could not find repo: did:plc:7gk4nwltdv6vv7bkrghxybwr')
2026-03-21T05:17:09Z WARNING bsky_collector_v2.job.index_feed_generators: listRecords failed repo=did:plc:a64ryy6qhnvt3axpfbtz66fb err=HttpError('InvalidRequest: Could not find repo: did:plc:a64ryy6qhnvt3axpfbtz66fb')
2026-03-21T05:17:09Z WARNING bsky_collector_v2.job.index_feed_generators: listRecords failed repo=did:plc:ae3hnqczxssscpefdphkkdtx err=HttpError('InvalidRequest: Could not find repo: did:plc:ae3hnqczxssscpefdphkkdtx')
2026-03-21T05:17:09Z WARNING bsky_collector_v2.job.index_feed_generators: listRecords failed repo=did:plc:brstzasmwsggw6o3s7g6hptf err=HttpError('InvalidRequest: Could not find repo: did:plc:brstzasmwsggw6o3s7g6hptf')
2026-03-21T05:17:09Z WARNING bsky_collector_v2.job.index_feed_generators: listRecords failed repo=did:plc:dke4epy5aujmz6hkw2k2jt5z err=HttpError('InvalidRequest: Could not find repo: did:plc:dke4epy5aujmz6hkw2k2jt5z')
2026-03-21T05:17:09Z WARNING bsky_collector_v2.job.index_feed_generators: listRecords failed repo=did:plc:eqfsvsjuchwl66adpbhlherl err=HttpError('InvalidRequest: Could not find repo: did:plc:eqfsvsjuchwl66adpbhlherl')
2026-03-21T05:17:09Z WARNING bsky_collector_v2.job.index_feed_generators: listRecords failed repo=did:plc:jhsuh6tlgkasarmhuuupoczs err=HttpError('InvalidRequest: Could not find repo: did:plc:jhsuh6tlgkasarmhuuupoczs')
2026-03-21T05:17:09Z WARNING bsky_collector_v2.job.index_feed_generators: listRecords failed repo=did:plc:jovuum566kqsdnci4764qeh6 err=HttpError('InvalidRequest: Could not find repo: did:plc:jovuum566kqsdnci4764qeh6')
2026-03-21T05:17:09Z WARNING bsky_collector_v2.job.index_feed_generators: listRecords failed repo=did:plc:mamznxqzswlyeo3py4po4ou4 err=HttpError('InvalidRequest: Could not find repo: did:plc:mamznxqzswlyeo3py4po4ou4')
2026-03-21T05:17:09Z WARNING bsky_collector_v2.job.index_feed_generators: listRecords failed repo=did:plc:nwotjbulovy3wl6qkggz7iit err=HttpError('InvalidRequest: Could not find repo: did:plc:nwotjbulovy3wl6qkggz7iit')
2026-03-21T05:17:09Z WARNING bsky_collector_v2.job.index_feed_generators: listRecords failed repo=did:plc:q7sxzuhyptjc6ygbr646wu7w err=HttpError('InvalidRequest: Could not find repo: did:plc:q7sxzuhyptjc6ygbr646wu7w')
2026-03-21T05:17:09Z WARNING bsky_collector_v2.job.index_feed_generators: listRecords failed repo=did:plc:qcr5atnrv5l7cbanj4h3u7lg err=HttpError('InvalidRequest: Could not find repo: did:plc:qcr5atnrv5l7cbanj4h3u7lg')
2026-03-21T05:17:09Z WARNING bsky_collector_v2.job.index_feed_generators: listRecords failed repo=did:plc:qmlneczahdekpxzi7qylakps err=HttpError('InvalidRequest: Could not find repo: did:plc:qmlneczahdekpxzi7qylakps')
2026-03-21T05:17:09Z WARNING bsky_collector_v2.job.index_feed_generators: listRecords failed repo=did:plc:rptcyq5q2ild6rhem6r7ni4k err=HttpError('InvalidRequest: Could not find repo: did:plc:rptcyq5q2ild6rhem6r7ni4k')
2026-03-21T05:17:09Z WARNING bsky_collector_v2.job.index_feed_generators: listRecords failed repo=did:plc:rx3luo22cocl35ylkq3cy6ul err=HttpError('InvalidRequest: Could not find repo: did:plc:rx3luo22cocl35ylkq3cy6ul')
2026-03-21T05:17:09Z WARNING bsky_collector_v2.job.index_feed_generators: listRecords failed repo=did:plc:ugw4qlbpfn7zs5bfqtio5rbf err=HttpError('InvalidRequest: Could not find repo: did:plc:ugw4qlbpfn7zs5bfqtio5rbf')
2026-03-21T05:17:09Z WARNING bsky_collector_v2.job.index_feed_generators: listRecords failed repo=did:plc:vq4s5v6at2baqy4or32yjkov err=HttpError('InvalidRequest: Could not find repo: did:plc:vq4s5v6at2baqy4or32yjkov')
2026-03-21T05:17:09Z WARNING bsky_collector_v2.job.index_feed_generators: listRecords failed repo=did:plc:wo2huuje4aur56qvdtl7liqn err=HttpError('InvalidRequest: Could not find repo: did:plc:wo2huuje4aur56qvdtl7liqn')
2026-03-21T05:17:09Z WARNING bsky_collector_v2.job.index_feed_generators: listRecords failed repo=did:plc:x3cibkfezkkdhi2z24n3byzn err=HttpError('InvalidRequest: Could not find repo: did:plc:x3cibkfezkkdhi2z24n3byzn')
2026-03-21T05:17:10Z WARNING bsky_collector_v2.job.index_feed_generators: listRecords failed repo=did:plc:y7bwokooxuz4aqiu4g6wd27m err=HttpError('InvalidRequest: Could not find repo: did:plc:y7bwokooxuz4aqiu4g6wd27m')
2026-03-21T05:17:10Z WARNING bsky_collector_v2.job.index_feed_generators: listRecords failed repo=did:plc:yjoymy7xozjiexfznjdmxwyj err=HttpError('InvalidRequest: Could not find repo: did:plc:yjoymy7xozjiexfznjdmxwyj')
2026-03-21T05:17:10Z WARNING bsky_collector_v2.job.index_feed_generators: listRecords failed repo=did:plc:zgu654xmxckx7ztaib2qjnrh err=HttpError('InvalidRequest: Could not find repo: did:plc:zgu654xmxckx7ztaib2qjnrh')
2026-03-21T05:17:10Z WARNING bsky_collector_v2.job.index_feed_generators: listRecords failed repo=did:plc:ztt6ddakcvti4v4biaklyu4u err=HttpError('InvalidRequest: Could not find repo: did:plc:ztt6ddakcvti4v4biaklyu4u')
2026-03-21T05:17:10Z WARNING bsky_collector_v2.job.index_feed_generators: listRecords failed repo=did:plc:4fi3vtsf547kgy6v6r4pjz36 err=HttpError('InvalidRequest: Could not find repo: did:plc:4fi3vtsf547kgy6v6r4pjz36')
2026-03-21T05:17:10Z WARNING bsky_collector_v2.job.index_feed_generators: listRecords failed repo=did:plc:5viyzw5gpspuhgebwfkk2qkc err=HttpError('InvalidRequest: Could not find repo: did:plc:5viyzw5gpspuhgebwfkk2qkc')
2026-03-21T05:17:10Z WARNING bsky_collector_v2.job.index_feed_generators: listRecords failed repo=did:plc:6vetrf6dllghxb7bfimc6n7v err=HttpError('InvalidRequest: Could not find repo: did:plc:6vetrf6dllghxb7bfimc6n7v')
2026-03-21T05:17:10Z WARNING bsky_collector_v2.job.index_feed_generators: listRecords failed repo=did:plc:7gk4nwltdv6vv7bkrghxybwr err=HttpError('InvalidRequest: Could not find repo: did:plc:7gk4nwltdv6vv7bkrghxybwr')
2026-03-21T05:17:10Z WARNING bsky_collector_v2.job.index_feed_generators: listRecords failed repo=did:plc:a64ryy6qhnvt3axpfbtz66fb err=HttpError('InvalidRequest: Could not find repo: did:plc:a64ryy6qhnvt3axpfbtz66fb')
2026-03-21T05:17:10Z WARNING bsky_collector_v2.job.index_feed_generators: listRecords failed repo=did:plc:ae3hnqczxssscpefdphkkdtx err=HttpError('InvalidRequest: Could not find repo: did:plc:ae3hnqczxssscpefdphkkdtx')
2026-03-21T05:17:10Z WARNING bsky_collector_v2.job.index_feed_generators: listRecords failed repo=did:plc:brstzasmwsggw6o3s7g6hptf err=HttpError('InvalidRequest: Could not find repo: did:plc:brstzasmwsggw6o3s7g6hptf')
2026-03-21T05:17:10Z WARNING bsky_collector_v2.job.index_feed_generators: listRecords failed repo=did:plc:dke4epy5aujmz6hkw2k2jt5z err=HttpError('InvalidRequest: Could not find repo: did:plc:dke4epy5aujmz6hkw2k2jt5z')
2026-03-21T05:17:10Z WARNING bsky_collector_v2.job.index_feed_generators: listRecords failed repo=did:plc:eqfsvsjuchwl66adpbhlherl err=HttpError('InvalidRequest: Could not find repo: did:plc:eqfsvsjuchwl66adpbhlherl')
2026-03-21T05:17:10Z WARNING bsky_collector_v2.job.index_feed_generators: listRecords failed repo=did:plc:jhsuh6tlgkasarmhuuupoczs err=HttpError('InvalidRequest: Could not find repo: did:plc:jhsuh6tlgkasarmhuuupoczs')
2026-03-21T05:17:10Z WARNING bsky_collector_v2.job.index_feed_generators: listRecords failed repo=did:plc:jovuum566kqsdnci4764qeh6 err=HttpError('InvalidRequest: Could not find repo: did:plc:jovuum566kqsdnci4764qeh6')
2026-03-21T05:17:10Z WARNING bsky_collector_v2.job.index_feed_generators: listRecords failed repo=did:plc:mamznxqzswlyeo3py4po4ou4 err=HttpError('InvalidRequest: Could not find repo: did:plc:mamznxqzswlyeo3py4po4ou4')
2026-03-21T05:17:10Z WARNING bsky_collector_v2.job.index_feed_generators: listRecords failed repo=did:plc:nwotjbulovy3wl6qkggz7iit err=HttpError('InvalidRequest: Could not find repo: did:plc:nwotjbulovy3wl6qkggz7iit')
2026-03-21T05:17:10Z WARNING bsky_collector_v2.job.index_feed_generators: listRecords failed repo=did:plc:q7sxzuhyptjc6ygbr646wu7w err=HttpError('InvalidRequest: Could not find repo: did:plc:q7sxzuhyptjc6ygbr646wu7w')
2026-03-21T05:17:10Z WARNING bsky_collector_v2.job.index_feed_generators: listRecords failed repo=did:plc:qcr5atnrv5l7cbanj4h3u7lg err=HttpError('InvalidRequest: Could not find repo: did:plc:qcr5atnrv5l7cbanj4h3u7lg')
2026-03-21T05:17:10Z WARNING bsky_collector_v2.job.index_feed_generators: listRecords failed repo=did:plc:qmlneczahdekpxzi7qylakps err=HttpError('InvalidRequest: Could not find repo: did:plc:qmlneczahdekpxzi7qylakps')
2026-03-21T05:17:11Z WARNING bsky_collector_v2.job.index_feed_generators: listRecords failed repo=did:plc:rptcyq5q2ild6rhem6r7ni4k err=HttpError('InvalidRequest: Could not find repo: did:plc:rptcyq5q2ild6rhem6r7ni4k')
2026-03-21T05:17:11Z WARNING bsky_collector_v2.job.index_feed_generators: listRecords failed repo=did:plc:rx3luo22cocl35ylkq3cy6ul err=HttpError('InvalidRequest: Could not find repo: did:plc:rx3luo22cocl35ylkq3cy6ul')
2026-03-21T05:17:11Z WARNING bsky_collector_v2.job.index_feed_generators: listRecords failed repo=did:plc:ugw4qlbpfn7zs5bfqtio5rbf err=HttpError('InvalidRequest: Could not find repo: did:plc:ugw4qlbpfn7zs5bfqtio5rbf')
2026-03-21T05:17:11Z WARNING bsky_collector_v2.job.index_feed_generators: listRecords failed repo=did:plc:vq4s5v6at2baqy4or32yjkov err=HttpError('InvalidRequest: Could not find repo: did:plc:vq4s5v6at2baqy4or32yjkov')
2026-03-21T05:17:11Z WARNING bsky_collector_v2.job.index_feed_generators: listRecords failed repo=did:plc:wo2huuje4aur56qvdtl7liqn err=HttpError('InvalidRequest: Could not find repo: did:plc:wo2huuje4aur56qvdtl7liqn')
2026-03-21T05:17:11Z WARNING bsky_collector_v2.job.index_feed_generators: listRecords failed repo=did:plc:x3cibkfezkkdhi2z24n3byzn err=HttpError('InvalidRequest: Could not find repo: did:plc:x3cibkfezkkdhi2z24n3byzn')
2026-03-21T05:17:11Z WARNING bsky_collector_v2.job.index_feed_generators: listRecords failed repo=did:plc:y7bwokooxuz4aqiu4g6wd27m err=HttpError('InvalidRequest: Could not find repo: did:plc:y7bwokooxuz4aqiu4g6wd27m')
2026-03-21T05:17:11Z WARNING bsky_collector_v2.job.index_feed_generators: listRecords failed repo=did:plc:yjoymy7xozjiexfznjdmxwyj err=HttpError('InvalidRequest: Could not find repo: did:plc:yjoymy7xozjiexfznjdmxwyj')
2026-03-21T05:17:11Z WARNING bsky_collector_v2.job.index_feed_generators: listRecords failed repo=did:plc:zgu654xmxckx7ztaib2qjnrh err=HttpError('InvalidRequest: Could not find repo: did:plc:zgu654xmxckx7ztaib2qjnrh')
2026-03-21T05:17:11Z WARNING bsky_collector_v2.job.index_feed_generators: listRecords failed repo=did:plc:ztt6ddakcvti4v4biaklyu4u err=HttpError('InvalidRequest: Could not find repo: did:plc:ztt6ddakcvti4v4biaklyu4u')
2026-03-21T05:17:12Z INFO bsky_collector_v2.job.index_feed_generators: enqueued repos page=33 mode=listRepos inserted=500 repos_returned=500 next_cursor=set
2026-03-21T05:17:12Z WARNING bsky_collector_v2.job.index_feed_generators: listRecords failed repo=did:plc:24yzfd66p3wco26aktenqymo err=HttpError('InvalidRequest: Could not find repo: did:plc:24yzfd66p3wco26aktenqymo')
2026-03-21T05:17:23Z WARNING bsky_collector_v2.job.index_feed_generators: listRecords failed repo=did:plc:5y6wmpqhryxqxuncfp2h3tp4 err=HttpError('InvalidRequest: Could not find repo: did:plc:5y6wmpqhryxqxuncfp2h3tp4')
2026-03-21T05:17:32Z WARNING bsky_collector_v2.job.index_feed_generators: listRecords failed repo=did:plc:bhwev6jnsrpchdqcf6yh77xc err=HttpError('InvalidRequest: Could not find repo: did:plc:bhwev6jnsrpchdqcf6yh77xc')
2026-03-21T05:17:41Z WARNING bsky_collector_v2.job.index_feed_generators: listRecords failed repo=did:plc:el3e6gb6fufbjav3qpnrrqhm err=HttpError('InvalidRequest: Could not find repo: did:plc:el3e6gb6fufbjav3qpnrrqhm')
2026-03-21T05:17:45Z WARNING bsky_collector_v2.job.index_feed_generators: listRecords failed repo=did:plc:g5wnjdofzmvwxuraioivbfbd err=HttpError('InvalidRequest: Could not find repo: did:plc:g5wnjdofzmvwxuraioivbfbd')
2026-03-21T05:17:54Z WARNING bsky_collector_v2.job.index_feed_generators: listRecords failed repo=did:plc:ktm2k77zdc43kbh3qaw7swjz err=HttpError('InvalidRequest: Could not find repo: did:plc:ktm2k77zdc43kbh3qaw7swjz')
2026-03-21T05:18:02Z WARNING bsky_collector_v2.job.index_feed_generators: listRecords failed repo=did:plc:nsrrutwyir4lo6id32p2e3sg err=HttpError('InvalidRequest: Could not find repo: did:plc:nsrrutwyir4lo6id32p2e3sg')
2026-03-21T05:18:07Z WARNING bsky_collector_v2.job.index_feed_generators: listRecords failed repo=did:plc:py7kw7nywnp3ztsyvcmv4kqd err=HttpError('InvalidRequest: Could not find repo: did:plc:py7kw7nywnp3ztsyvcmv4kqd')
2026-03-21T05:18:14Z WARNING bsky_collector_v2.job.index_feed_generators: listRecords failed repo=did:plc:ss46wlidmhqpu6wtnu6hmz33 err=HttpError('InvalidRequest: Could not find repo: did:plc:ss46wlidmhqpu6wtnu6hmz33')
2026-03-21T05:18:22Z WARNING bsky_collector_v2.job.index_feed_generators: listRecords failed repo=did:plc:wdbdxts3v2ouy6dul3wpmrmb err=HttpError('InvalidRequest: Could not find repo: did:plc:wdbdxts3v2ouy6dul3wpmrmb')
2026-03-21T05:18:40Z WARNING bsky_collector_v2.job.index_feed_generators: listRecords failed repo=did:plc:24yzfd66p3wco26aktenqymo err=HttpError('InvalidRequest: Could not find repo: did:plc:24yzfd66p3wco26aktenqymo')
2026-03-21T05:18:40Z WARNING bsky_collector_v2.job.index_feed_generators: listRecords failed repo=did:plc:5y6wmpqhryxqxuncfp2h3tp4 err=HttpError('InvalidRequest: Could not find repo: did:plc:5y6wmpqhryxqxuncfp2h3tp4')
2026-03-21T05:18:41Z WARNING bsky_collector_v2.job.index_feed_generators: listRecords failed repo=did:plc:bhwev6jnsrpchdqcf6yh77xc err=HttpError('InvalidRequest: Could not find repo: did:plc:bhwev6jnsrpchdqcf6yh77xc')
2026-03-21T05:18:41Z WARNING bsky_collector_v2.job.index_feed_generators: listRecords failed repo=did:plc:el3e6gb6fufbjav3qpnrrqhm err=HttpError('InvalidRequest: Could not find repo: did:plc:el3e6gb6fufbjav3qpnrrqhm')
2026-03-21T05:18:41Z WARNING bsky_collector_v2.job.index_feed_generators: listRecords failed repo=did:plc:g5wnjdofzmvwxuraioivbfbd err=HttpError('InvalidRequest: Could not find repo: did:plc:g5wnjdofzmvwxuraioivbfbd')
2026-03-21T05:18:41Z WARNING bsky_collector_v2.job.index_feed_generators: listRecords failed repo=did:plc:ktm2k77zdc43kbh3qaw7swjz err=HttpError('InvalidRequest: Could not find repo: did:plc:ktm2k77zdc43kbh3qaw7swjz')
2026-03-21T05:18:41Z WARNING bsky_collector_v2.job.index_feed_generators: listRecords failed repo=did:plc:nsrrutwyir4lo6id32p2e3sg err=HttpError('InvalidRequest: Could not find repo: did:plc:nsrrutwyir4lo6id32p2e3sg')
2026-03-21T05:18:41Z WARNING bsky_collector_v2.job.index_feed_generators: listRecords failed repo=did:plc:py7kw7nywnp3ztsyvcmv4kqd err=HttpError('InvalidRequest: Could not find repo: did:plc:py7kw7nywnp3ztsyvcmv4kqd')
2026-03-21T05:18:41Z WARNING bsky_collector_v2.job.index_feed_generators: listRecords failed repo=did:plc:ss46wlidmhqpu6wtnu6hmz33 err=HttpError('InvalidRequest: Could not find repo: did:plc:ss46wlidmhqpu6wtnu6hmz33')
2026-03-21T05:18:41Z WARNING bsky_collector_v2.job.index_feed_generators: listRecords failed repo=did:plc:wdbdxts3v2ouy6dul3wpmrmb err=HttpError('InvalidRequest: Could not find repo: did:plc:wdbdxts3v2ouy6dul3wpmrmb')
2026-03-21T05:18:42Z WARNING bsky_collector_v2.job.index_feed_generators: listRecords failed repo=did:plc:24yzfd66p3wco26aktenqymo err=HttpError('InvalidRequest: Could not find repo: did:plc:24yzfd66p3wco26aktenqymo')
2026-03-21T05:18:42Z WARNING bsky_collector_v2.job.index_feed_generators: listRecords failed repo=did:plc:5y6wmpqhryxqxuncfp2h3tp4 err=HttpError('InvalidRequest: Could not find repo: did:plc:5y6wmpqhryxqxuncfp2h3tp4')
2026-03-21T05:18:42Z WARNING bsky_collector_v2.job.index_feed_generators: listRecords failed repo=did:plc:bhwev6jnsrpchdqcf6yh77xc err=HttpError('InvalidRequest: Could not find repo: did:plc:bhwev6jnsrpchdqcf6yh77xc')
2026-03-21T05:18:42Z WARNING bsky_collector_v2.job.index_feed_generators: listRecords failed repo=did:plc:el3e6gb6fufbjav3qpnrrqhm err=HttpError('InvalidRequest: Could not find repo: did:plc:el3e6gb6fufbjav3qpnrrqhm')
2026-03-21T05:18:42Z WARNING bsky_collector_v2.job.index_feed_generators: listRecords failed repo=did:plc:g5wnjdofzmvwxuraioivbfbd err=HttpError('InvalidRequest: Could not find repo: did:plc:g5wnjdofzmvwxuraioivbfbd')
2026-03-21T05:18:42Z WARNING bsky_collector_v2.job.index_feed_generators: listRecords failed repo=did:plc:ktm2k77zdc43kbh3qaw7swjz err=HttpError('InvalidRequest: Could not find repo: did:plc:ktm2k77zdc43kbh3qaw7swjz')
2026-03-21T05:18:42Z WARNING bsky_collector_v2.job.index_feed_generators: listRecords failed repo=did:plc:nsrrutwyir4lo6id32p2e3sg err=HttpError('InvalidRequest: Could not find repo: did:plc:nsrrutwyir4lo6id32p2e3sg')
2026-03-21T05:18:43Z WARNING bsky_collector_v2.job.index_feed_generators: listRecords failed repo=did:plc:py7kw7nywnp3ztsyvcmv4kqd err=HttpError('InvalidRequest: Could not find repo: did:plc:py7kw7nywnp3ztsyvcmv4kqd')
2026-03-21T05:18:43Z WARNING bsky_collector_v2.job.index_feed_generators: listRecords failed repo=did:plc:ss46wlidmhqpu6wtnu6hmz33 err=HttpError('InvalidRequest: Could not find repo: did:plc:ss46wlidmhqpu6wtnu6hmz33')
2026-03-21T05:18:43Z WARNING bsky_collector_v2.job.index_feed_generators: listRecords failed repo=did:plc:wdbdxts3v2ouy6dul3wpmrmb err=HttpError('InvalidRequest: Could not find repo: did:plc:wdbdxts3v2ouy6dul3wpmrmb')
2026-03-21T05:18:43Z INFO bsky_collector_v2.job.index_feed_generators: enqueued repos page=34 mode=listRepos inserted=500 repos_returned=500 next_cursor=set
2026-03-21T05:18:53Z INFO bsky_collector_v2.job.index_feed_generators: indexed repo=did:plc:4iivmtnkejocse57ry4tedoi part=57 records=1 next_cursor=set
2026-03-21T05:19:11Z WARNING bsky_collector_v2.job.index_feed_generators: listRecords failed repo=did:plc:af44nh4otjbqxwncoeqsilvh err=HttpError('InvalidRequest: Could not find repo: did:plc:af44nh4otjbqxwncoeqsilvh')
2026-03-21T05:19:15Z WARNING bsky_collector_v2.job.index_feed_generators: listRecords failed repo=did:plc:bksuomd6fel3zp4tgcoz3win err=HttpError('InvalidRequest: Could not find repo: did:plc:bksuomd6fel3zp4tgcoz3win')
2026-03-21T05:19:15Z WARNING bsky_collector_v2.job.index_feed_generators: listRecords failed repo=did:plc:bn4oji6siycfv7gzdbayvn6i err=HttpError('InvalidRequest: Could not find repo: did:plc:bn4oji6siycfv7gzdbayvn6i')
2026-03-21T05:19:19Z WARNING bsky_collector_v2.job.index_feed_generators: listRecords failed repo=did:plc:cyic3v35w5jrfphj32caty3h err=HttpError('InvalidRequest: Could not find repo: did:plc:cyic3v35w5jrfphj32caty3h')
2026-03-21T05:19:34Z WARNING bsky_collector_v2.job.index_feed_generators: listRecords failed repo=did:plc:izsg2bwezhucbweotrsfzo3c err=HttpError('InvalidRequest: Could not find repo: did:plc:izsg2bwezhucbweotrsfzo3c')
2026-03-21T05:19:35Z WARNING bsky_collector_v2.job.index_feed_generators: listRecords failed repo=did:plc:j5vm4kcr5qrqj2cneq2acb33 err=HttpError('InvalidRequest: Could not find repo: did:plc:j5vm4kcr5qrqj2cneq2acb33')
2026-03-21T05:19:41Z WARNING bsky_collector_v2.job.index_feed_generators: listRecords failed repo=did:plc:kveix7q6jdmfxy5yt7jyyqym err=HttpError('InvalidRequest: Could not find repo: did:plc:kveix7q6jdmfxy5yt7jyyqym')
2026-03-21T05:19:44Z WARNING bsky_collector_v2.job.index_feed_generators: listRecords failed repo=did:plc:mcqnw7oo6wpe5ys6eikorw5u err=HttpError('InvalidRequest: Could not find repo: did:plc:mcqnw7oo6wpe5ys6eikorw5u')
2026-03-21T05:19:47Z WARNING bsky_collector_v2.job.index_feed_generators: listRecords failed repo=did:plc:n45ma3li7oojqqynnujp5bl7 err=HttpError('InvalidRequest: Could not find repo: did:plc:n45ma3li7oojqqynnujp5bl7')
2026-03-21T05:19:47Z WARNING bsky_collector_v2.job.index_feed_generators: listRecords failed repo=did:plc:ndfickgbd76yv32voo2wojjp err=HttpError('InvalidRequest: Could not find repo: did:plc:ndfickgbd76yv32voo2wojjp')
2026-03-21T05:19:49Z WARNING bsky_collector_v2.job.index_feed_generators: listRecords failed repo=did:plc:nyz572hgiii3m2jzmco6u37l err=HttpError('InvalidRequest: Could not find repo: did:plc:nyz572hgiii3m2jzmco6u37l')
2026-03-21T05:20:02Z WARNING bsky_collector_v2.job.index_feed_generators: listRecords failed repo=did:plc:sfws23qdaz4as6zbcqrm7xfi err=HttpError('InvalidRequest: Could not find repo: did:plc:sfws23qdaz4as6zbcqrm7xfi')
2026-03-21T05:20:04Z WARNING bsky_collector_v2.job.index_feed_generators: listRecords failed repo=did:plc:tqloivhvodpglsntqeujkqn5 err=HttpError('InvalidRequest: Could not find repo: did:plc:tqloivhvodpglsntqeujkqn5')
2026-03-21T05:20:05Z WARNING bsky_collector_v2.job.index_feed_generators: listRecords failed repo=did:plc:tx6cmbpkpigfkgddi6wxvsgl err=HttpError('InvalidRequest: Could not find repo: did:plc:tx6cmbpkpigfkgddi6wxvsgl')
2026-03-21T05:20:06Z WARNING bsky_collector_v2.job.index_feed_generators: listRecords failed repo=did:plc:u6rt5csytsv4ytknvbxbqutk err=HttpError('InvalidRequest: Could not find repo: did:plc:u6rt5csytsv4ytknvbxbqutk')
2026-03-21T05:20:07Z WARNING bsky_collector_v2.job.index_feed_generators: listRecords failed repo=did:plc:vf4xkda5t4nhjoub3ejkfrmd err=HttpError('InvalidRequest: Could not find repo: did:plc:vf4xkda5t4nhjoub3ejkfrmd')
2026-03-21T05:20:09Z WARNING bsky_collector_v2.job.index_feed_generators: listRecords failed repo=did:plc:vzig6ot7j5t5a2b7sq4lznnn err=HttpError('InvalidRequest: Could not find repo: did:plc:vzig6ot7j5t5a2b7sq4lznnn')
2026-03-21T05:20:12Z WARNING bsky_collector_v2.job.index_feed_generators: listRecords failed repo=did:plc:wwsp7mk4gwd4zqbzeywx2phe err=HttpError('InvalidRequest: Could not find repo: did:plc:wwsp7mk4gwd4zqbzeywx2phe')
2026-03-21T05:20:16Z WARNING bsky_collector_v2.job.index_feed_generators: listRecords failed repo=did:plc:yo62xis67mjc76z77jgg4qc2 err=HttpError('InvalidRequest: Could not find repo: did:plc:yo62xis67mjc76z77jgg4qc2')
2026-03-21T05:20:18Z WARNING bsky_collector_v2.job.index_feed_generators: listRecords failed repo=did:plc:af44nh4otjbqxwncoeqsilvh err=HttpError('InvalidRequest: Could not find repo: did:plc:af44nh4otjbqxwncoeqsilvh')
2026-03-21T05:20:18Z WARNING bsky_collector_v2.job.index_feed_generators: listRecords failed repo=did:plc:bksuomd6fel3zp4tgcoz3win err=HttpError('InvalidRequest: Could not find repo: did:plc:bksuomd6fel3zp4tgcoz3win')
2026-03-21T05:20:18Z WARNING bsky_collector_v2.job.index_feed_generators: listRecords failed repo=did:plc:bn4oji6siycfv7gzdbayvn6i err=HttpError('InvalidRequest: Could not find repo: did:plc:bn4oji6siycfv7gzdbayvn6i')
2026-03-21T05:20:18Z WARNING bsky_collector_v2.job.index_feed_generators: listRecords failed repo=did:plc:cyic3v35w5jrfphj32caty3h err=HttpError('InvalidRequest: Could not find repo: did:plc:cyic3v35w5jrfphj32caty3h')
2026-03-21T05:20:18Z WARNING bsky_collector_v2.job.index_feed_generators: listRecords failed repo=did:plc:izsg2bwezhucbweotrsfzo3c err=HttpError('InvalidRequest: Could not find repo: did:plc:izsg2bwezhucbweotrsfzo3c')
2026-03-21T05:20:18Z WARNING bsky_collector_v2.job.index_feed_generators: listRecords failed repo=did:plc:j5vm4kcr5qrqj2cneq2acb33 err=HttpError('InvalidRequest: Could not find repo: did:plc:j5vm4kcr5qrqj2cneq2acb33')
2026-03-21T05:20:18Z WARNING bsky_collector_v2.job.index_feed_generators: listRecords failed repo=did:plc:kveix7q6jdmfxy5yt7jyyqym err=HttpError('InvalidRequest: Could not find repo: did:plc:kveix7q6jdmfxy5yt7jyyqym')
2026-03-21T05:20:18Z WARNING bsky_collector_v2.job.index_feed_generators: listRecords failed repo=did:plc:mcqnw7oo6wpe5ys6eikorw5u err=HttpError('InvalidRequest: Could not find repo: did:plc:mcqnw7oo6wpe5ys6eikorw5u')
2026-03-21T05:20:19Z WARNING bsky_collector_v2.job.index_feed_generators: listRecords failed repo=did:plc:n45ma3li7oojqqynnujp5bl7 err=HttpError('InvalidRequest: Could not find repo: did:plc:n45ma3li7oojqqynnujp5bl7')
2026-03-21T05:20:19Z WARNING bsky_collector_v2.job.index_feed_generators: listRecords failed repo=did:plc:ndfickgbd76yv32voo2wojjp err=HttpError('InvalidRequest: Could not find repo: did:plc:ndfickgbd76yv32voo2wojjp')
2026-03-21T05:20:19Z WARNING bsky_collector_v2.job.index_feed_generators: listRecords failed repo=did:plc:nyz572hgiii3m2jzmco6u37l err=HttpError('InvalidRequest: Could not find repo: did:plc:nyz572hgiii3m2jzmco6u37l')
2026-03-21T05:20:19Z WARNING bsky_collector_v2.job.index_feed_generators: listRecords failed repo=did:plc:sfws23qdaz4as6zbcqrm7xfi err=HttpError('InvalidRequest: Could not find repo: did:plc:sfws23qdaz4as6zbcqrm7xfi')
2026-03-21T05:20:19Z WARNING bsky_collector_v2.job.index_feed_generators: listRecords failed repo=did:plc:tqloivhvodpglsntqeujkqn5 err=HttpError('InvalidRequest: Could not find repo: did:plc:tqloivhvodpglsntqeujkqn5')
2026-03-21T05:20:19Z WARNING bsky_collector_v2.job.index_feed_generators: listRecords failed repo=did:plc:tx6cmbpkpigfkgddi6wxvsgl err=HttpError('InvalidRequest: Could not find repo: did:plc:tx6cmbpkpigfkgddi6wxvsgl')
2026-03-21T05:20:19Z WARNING bsky_collector_v2.job.index_feed_generators: listRecords failed repo=did:plc:u6rt5csytsv4ytknvbxbqutk err=HttpError('InvalidRequest: Could not find repo: did:plc:u6rt5csytsv4ytknvbxbqutk')
2026-03-21T05:20:19Z WARNING bsky_collector_v2.job.index_feed_generators: listRecords failed repo=did:plc:vf4xkda5t4nhjoub3ejkfrmd err=HttpError('InvalidRequest: Could not find repo: did:plc:vf4xkda5t4nhjoub3ejkfrmd')
2026-03-21T05:20:19Z WARNING bsky_collector_v2.job.index_feed_generators: listRecords failed repo=did:plc:vzig6ot7j5t5a2b7sq4lznnn err=HttpError('InvalidRequest: Could not find repo: did:plc:vzig6ot7j5t5a2b7sq4lznnn')
2026-03-21T05:20:19Z WARNING bsky_collector_v2.job.index_feed_generators: listRecords failed repo=did:plc:wwsp7mk4gwd4zqbzeywx2phe err=HttpError('InvalidRequest: Could not find repo: did:plc:wwsp7mk4gwd4zqbzeywx2phe')
2026-03-21T05:20:19Z WARNING bsky_collector_v2.job.index_feed_generators: listRecords failed repo=did:plc:yo62xis67mjc76z77jgg4qc2 err=HttpError('InvalidRequest: Could not find repo: did:plc:yo62xis67mjc76z77jgg4qc2')
2026-03-21T05:20:19Z WARNING bsky_collector_v2.job.index_feed_generators: listRecords failed repo=did:plc:af44nh4otjbqxwncoeqsilvh err=HttpError('InvalidRequest: Could not find repo: did:plc:af44nh4otjbqxwncoeqsilvh')
2026-03-21T05:20:19Z WARNING bsky_collector_v2.job.index_feed_generators: listRecords failed repo=did:plc:bksuomd6fel3zp4tgcoz3win err=HttpError('InvalidRequest: Could not find repo: did:plc:bksuomd6fel3zp4tgcoz3win')
2026-03-21T05:20:19Z WARNING bsky_collector_v2.job.index_feed_generators: listRecords failed repo=did:plc:bn4oji6siycfv7gzdbayvn6i err=HttpError('InvalidRequest: Could not find repo: did:plc:bn4oji6siycfv7gzdbayvn6i')
2026-03-21T05:20:19Z WARNING bsky_collector_v2.job.index_feed_generators: listRecords failed repo=did:plc:cyic3v35w5jrfphj32caty3h err=HttpError('InvalidRequest: Could not find repo: did:plc:cyic3v35w5jrfphj32caty3h')
2026-03-21T05:20:19Z WARNING bsky_collector_v2.job.index_feed_generators: listRecords failed repo=did:plc:izsg2bwezhucbweotrsfzo3c err=HttpError('InvalidRequest: Could not find repo: did:plc:izsg2bwezhucbweotrsfzo3c')
2026-03-21T05:20:19Z WARNING bsky_collector_v2.job.index_feed_generators: listRecords failed repo=did:plc:j5vm4kcr5qrqj2cneq2acb33 err=HttpError('InvalidRequest: Could not find repo: did:plc:j5vm4kcr5qrqj2cneq2acb33')
2026-03-21T05:20:19Z WARNING bsky_collector_v2.job.index_feed_generators: listRecords failed repo=did:plc:kveix7q6jdmfxy5yt7jyyqym err=HttpError('InvalidRequest: Could not find repo: did:plc:kveix7q6jdmfxy5yt7jyyqym')
2026-03-21T05:20:19Z WARNING bsky_collector_v2.job.index_feed_generators: listRecords failed repo=did:plc:mcqnw7oo6wpe5ys6eikorw5u err=HttpError('InvalidRequest: Could not find repo: did:plc:mcqnw7oo6wpe5ys6eikorw5u')
2026-03-21T05:20:20Z WARNING bsky_collector_v2.job.index_feed_generators: listRecords failed repo=did:plc:n45ma3li7oojqqynnujp5bl7 err=HttpError('InvalidRequest: Could not find repo: did:plc:n45ma3li7oojqqynnujp5bl7')
2026-03-21T05:20:20Z WARNING bsky_collector_v2.job.index_feed_generators: listRecords failed repo=did:plc:ndfickgbd76yv32voo2wojjp err=HttpError('InvalidRequest: Could not find repo: did:plc:ndfickgbd76yv32voo2wojjp')
2026-03-21T05:20:20Z WARNING bsky_collector_v2.job.index_feed_generators: listRecords failed repo=did:plc:nyz572hgiii3m2jzmco6u37l err=HttpError('InvalidRequest: Could not find repo: did:plc:nyz572hgiii3m2jzmco6u37l')
2026-03-21T05:20:20Z WARNING bsky_collector_v2.job.index_feed_generators: listRecords failed repo=did:plc:sfws23qdaz4as6zbcqrm7xfi err=HttpError('InvalidRequest: Could not find repo: did:plc:sfws23qdaz4as6zbcqrm7xfi')
2026-03-21T05:20:20Z WARNING bsky_collector_v2.job.index_feed_generators: listRecords failed repo=did:plc:tqloivhvodpglsntqeujkqn5 err=HttpError('InvalidRequest: Could not find repo: did:plc:tqloivhvodpglsntqeujkqn5')
2026-03-21T05:20:20Z WARNING bsky_collector_v2.job.index_feed_generators: listRecords failed repo=did:plc:tx6cmbpkpigfkgddi6wxvsgl err=HttpError('InvalidRequest: Could not find repo: did:plc:tx6cmbpkpigfkgddi6wxvsgl')
2026-03-21T05:20:20Z WARNING bsky_collector_v2.job.index_feed_generators: listRecords failed repo=did:plc:u6rt5csytsv4ytknvbxbqutk err=HttpError('InvalidRequest: Could not find repo: did:plc:u6rt5csytsv4ytknvbxbqutk')
2026-03-21T05:20:20Z WARNING bsky_collector_v2.job.index_feed_generators: listRecords failed repo=did:plc:vf4xkda5t4nhjoub3ejkfrmd err=HttpError('InvalidRequest: Could not find repo: did:plc:vf4xkda5t4nhjoub3ejkfrmd')
2026-03-21T05:20:20Z WARNING bsky_collector_v2.job.index_feed_generators: listRecords failed repo=did:plc:vzig6ot7j5t5a2b7sq4lznnn err=HttpError('InvalidRequest: Could not find repo: did:plc:vzig6ot7j5t5a2b7sq4lznnn')
2026-03-21T05:20:20Z WARNING bsky_collector_v2.job.index_feed_generators: listRecords failed repo=did:plc:wwsp7mk4gwd4zqbzeywx2phe err=HttpError('InvalidRequest: Could not find repo: did:plc:wwsp7mk4gwd4zqbzeywx2phe')
2026-03-21T05:20:20Z WARNING bsky_collector_v2.job.index_feed_generators: listRecords failed repo=did:plc:yo62xis67mjc76z77jgg4qc2 err=HttpError('InvalidRequest: Could not find repo: did:plc:yo62xis67mjc76z77jgg4qc2')
2026-03-21T05:20:21Z INFO bsky_collector_v2.job.index_feed_generators: enqueued repos page=35 mode=listRepos inserted=500 repos_returned=500 next_cursor=set
2026-03-21T05:20:22Z WARNING bsky_collector_v2.job.index_feed_generators: listRecords failed repo=did:plc:2uuqf5hedicilwnk3n2pus7h err=HttpError('InvalidRequest: Could not find repo: did:plc:2uuqf5hedicilwnk3n2pus7h')
2026-03-21T05:20:24Z WARNING bsky_collector_v2.job.index_feed_generators: listRecords failed repo=did:plc:3ievbmmrcov3sdlrr6ddyiui err=HttpError('InvalidRequest: Could not find repo: did:plc:3ievbmmrcov3sdlrr6ddyiui')
2026-03-21T05:20:27Z WARNING bsky_collector_v2.job.index_feed_generators: listRecords failed repo=did:plc:4jfc7l4gl5mwdrwitxqcjwmo err=HttpError('InvalidRequest: Could not find repo: did:plc:4jfc7l4gl5mwdrwitxqcjwmo')
2026-03-21T05:20:30Z WARNING bsky_collector_v2.job.index_feed_generators: listRecords failed repo=did:plc:5hd7pm3emgqnjmi3q4t6dqyo err=HttpError('InvalidRequest: Could not find repo: did:plc:5hd7pm3emgqnjmi3q4t6dqyo')
2026-03-21T05:20:45Z WARNING bsky_collector_v2.job.index_feed_generators: listRecords failed repo=did:plc:dg4q3hcdsl2av46islapwydg err=HttpError('InvalidRequest: Could not find repo: did:plc:dg4q3hcdsl2av46islapwydg')
2026-03-21T05:20:46Z WARNING bsky_collector_v2.job.index_feed_generators: listRecords failed repo=did:plc:dp5qllgcfqxjuzlhh7x6svlv err=HttpError('InvalidRequest: Could not find repo: did:plc:dp5qllgcfqxjuzlhh7x6svlv')
