2026-03-28T21:07:02Z INFO bsky_collector_v2: out_base ok path=/Volumes/T9/BlueSky/data_v2_full mount=/Volumes/T9
2026-03-28T21:07:02Z INFO bsky_collector_v2: job start subcommand=index-feed-generators dry_run=False resume=True
2026-03-28T21:07:02Z INFO bsky_collector_v2.job.index_feed_generators: feed generator index hosts relay_host=https://bsky.network records_host=https://bsky.social auth=yes
2026-03-28T21:07:02Z INFO bsky_collector_v2.job.index_feed_generators: recovered repo tasks in_progress->pending n=1
2026-03-28T21:07:26Z WARNING bsky_collector_v2.job.index_feed_generators: listRecords failed repo=did:plc:nwrdzom2vnhaf7y6pdsir2aa err=HttpError('InvalidRequest: Could not find repo: did:plc:nwrdzom2vnhaf7y6pdsir2aa')
2026-03-28T21:07:30Z WARNING bsky_collector_v2.job.index_feed_generators: listRecords failed repo=did:plc:p4l7nl5lx3kocjzvxfpqmxrq err=HttpError('InvalidRequest: Could not find repo: did:plc:p4l7nl5lx3kocjzvxfpqmxrq')
2026-03-28T21:07:49Z WARNING bsky_collector_v2.job.index_feed_generators: listRecords failed repo=did:plc:wblzacgbnfd2bl54ekdnlsra err=HttpError('InvalidRequest: Could not find repo: did:plc:wblzacgbnfd2bl54ekdnlsra')
2026-03-28T21:08:00Z WARNING bsky_collector_v2.job.index_feed_generators: listRecords failed repo=did:plc:4zqwkpcrquypbnbivibfyars err=HttpError('InvalidRequest: Could not find repo: did:plc:4zqwkpcrquypbnbivibfyars')
2026-03-28T21:08:00Z WARNING bsky_collector_v2.job.index_feed_generators: listRecords failed repo=did:plc:axcwe2e3dlb5ddlpyl2vqobz err=HttpError('InvalidRequest: Could not find repo: did:plc:axcwe2e3dlb5ddlpyl2vqobz')
2026-03-28T21:08:00Z WARNING bsky_collector_v2.job.index_feed_generators: listRecords failed repo=did:plc:nwrdzom2vnhaf7y6pdsir2aa err=HttpError('InvalidRequest: Could not find repo: did:plc:nwrdzom2vnhaf7y6pdsir2aa')
2026-03-28T21:08:00Z WARNING bsky_collector_v2.job.index_feed_generators: listRecords failed repo=did:plc:p4l7nl5lx3kocjzvxfpqmxrq err=HttpError('InvalidRequest: Could not find repo: did:plc:p4l7nl5lx3kocjzvxfpqmxrq')
2026-03-28T21:08:00Z WARNING bsky_collector_v2.job.index_feed_generators: listRecords failed repo=did:plc:wblzacgbnfd2bl54ekdnlsra err=HttpError('InvalidRequest: Could not find repo: did:plc:wblzacgbnfd2bl54ekdnlsra')
2026-03-28T21:08:01Z WARNING bsky_collector_v2.job.index_feed_generators: listRecords failed repo=did:plc:4zqwkpcrquypbnbivibfyars err=HttpError('InvalidRequest: Could not find repo: did:plc:4zqwkpcrquypbnbivibfyars')
2026-03-28T21:08:01Z WARNING bsky_collector_v2.job.index_feed_generators: listRecords failed repo=did:plc:axcwe2e3dlb5ddlpyl2vqobz err=HttpError('InvalidRequest: Could not find repo: did:plc:axcwe2e3dlb5ddlpyl2vqobz')
2026-03-28T21:08:01Z WARNING bsky_collector_v2.job.index_feed_generators: listRecords failed repo=did:plc:nwrdzom2vnhaf7y6pdsir2aa err=HttpError('InvalidRequest: Could not find repo: did:plc:nwrdzom2vnhaf7y6pdsir2aa')
2026-03-28T21:08:01Z WARNING bsky_collector_v2.job.index_feed_generators: listRecords failed repo=did:plc:p4l7nl5lx3kocjzvxfpqmxrq err=HttpError('InvalidRequest: Could not find repo: did:plc:p4l7nl5lx3kocjzvxfpqmxrq')
2026-03-28T21:08:01Z WARNING bsky_collector_v2.job.index_feed_generators: listRecords failed repo=did:plc:wblzacgbnfd2bl54ekdnlsra err=HttpError('InvalidRequest: Could not find repo: did:plc:wblzacgbnfd2bl54ekdnlsra')
2026-03-28T21:08:02Z INFO bsky_collector_v2.job.index_feed_generators: enqueued repos page=1 mode=listRepos inserted=500 repos_returned=500 next_cursor=set
2026-03-28T21:08:46Z WARNING bsky_collector_v2.job.index_feed_generators: listRecords failed repo=did:plc:ip23ugzwvkhzc6vgeerwikoe err=HttpError('InvalidRequest: Could not find repo: did:plc:ip23ugzwvkhzc6vgeerwikoe')
2026-03-28T21:09:02Z WARNING bsky_collector_v2.job.index_feed_generators: listRecords failed repo=did:plc:ng7jqq5fsnamdq2o5hzu6axp err=HttpError('InvalidRequest: Could not find repo: did:plc:ng7jqq5fsnamdq2o5hzu6axp')
2026-03-28T21:09:13Z WARNING bsky_collector_v2.job.index_feed_generators: listRecords failed repo=did:plc:pp3hoi3o4me5d2nrxjim7ni3 err=HttpError('InvalidRequest: Could not find repo: did:plc:pp3hoi3o4me5d2nrxjim7ni3')
2026-03-28T21:09:35Z WARNING bsky_collector_v2.job.index_feed_generators: listRecords failed repo=did:plc:w4qwc4sqa47iultetcplk3xu err=HttpError('InvalidRequest: Could not find repo: did:plc:w4qwc4sqa47iultetcplk3xu')
2026-03-28T21:09:43Z WARNING bsky_collector_v2.job.index_feed_generators: listRecords failed repo=did:plc:xrpybhcsqmvfgvj2vey3jqgg err=HttpError('InvalidRequest: Could not find repo: did:plc:xrpybhcsqmvfgvj2vey3jqgg')
2026-03-28T21:09:56Z WARNING bsky_collector_v2.job.index_feed_generators: listRecords failed repo=did:plc:ip23ugzwvkhzc6vgeerwikoe err=HttpError('InvalidRequest: Could not find repo: did:plc:ip23ugzwvkhzc6vgeerwikoe')
2026-03-28T21:09:56Z WARNING bsky_collector_v2.job.index_feed_generators: listRecords failed repo=did:plc:ng7jqq5fsnamdq2o5hzu6axp err=HttpError('InvalidRequest: Could not find repo: did:plc:ng7jqq5fsnamdq2o5hzu6axp')
2026-03-28T21:09:56Z WARNING bsky_collector_v2.job.index_feed_generators: listRecords failed repo=did:plc:pp3hoi3o4me5d2nrxjim7ni3 err=HttpError('InvalidRequest: Could not find repo: did:plc:pp3hoi3o4me5d2nrxjim7ni3')
2026-03-28T21:09:56Z WARNING bsky_collector_v2.job.index_feed_generators: listRecords failed repo=did:plc:w4qwc4sqa47iultetcplk3xu err=HttpError('InvalidRequest: Could not find repo: did:plc:w4qwc4sqa47iultetcplk3xu')
2026-03-28T21:09:57Z WARNING bsky_collector_v2.job.index_feed_generators: listRecords failed repo=did:plc:xrpybhcsqmvfgvj2vey3jqgg err=HttpError('InvalidRequest: Could not find repo: did:plc:xrpybhcsqmvfgvj2vey3jqgg')
2026-03-28T21:09:57Z WARNING bsky_collector_v2.job.index_feed_generators: listRecords failed repo=did:plc:ip23ugzwvkhzc6vgeerwikoe err=HttpError('InvalidRequest: Could not find repo: did:plc:ip23ugzwvkhzc6vgeerwikoe')
2026-03-28T21:09:57Z WARNING bsky_collector_v2.job.index_feed_generators: listRecords failed repo=did:plc:ng7jqq5fsnamdq2o5hzu6axp err=HttpError('InvalidRequest: Could not find repo: did:plc:ng7jqq5fsnamdq2o5hzu6axp')
2026-03-28T21:09:57Z WARNING bsky_collector_v2.job.index_feed_generators: listRecords failed repo=did:plc:pp3hoi3o4me5d2nrxjim7ni3 err=HttpError('InvalidRequest: Could not find repo: did:plc:pp3hoi3o4me5d2nrxjim7ni3')
2026-03-28T21:09:57Z WARNING bsky_collector_v2.job.index_feed_generators: listRecords failed repo=did:plc:w4qwc4sqa47iultetcplk3xu err=HttpError('InvalidRequest: Could not find repo: did:plc:w4qwc4sqa47iultetcplk3xu')
2026-03-28T21:09:57Z WARNING bsky_collector_v2.job.index_feed_generators: listRecords failed repo=did:plc:xrpybhcsqmvfgvj2vey3jqgg err=HttpError('InvalidRequest: Could not find repo: did:plc:xrpybhcsqmvfgvj2vey3jqgg')
2026-03-28T21:09:58Z INFO bsky_collector_v2.job.index_feed_generators: enqueued repos page=2 mode=listRepos inserted=500 repos_returned=500 next_cursor=set
2026-03-28T21:09:58Z WARNING bsky_collector_v2.job.index_feed_generators: listRecords failed repo=did:plc:23c6rutble77nsmgfuktrjil err=HttpError('InvalidRequest: Could not find repo: did:plc:23c6rutble77nsmgfuktrjil')
2026-03-28T21:09:59Z WARNING bsky_collector_v2.job.index_feed_generators: listRecords failed repo=did:plc:2bv7ya42umqxizm4b2i7oioh err=HttpError('InvalidRequest: Could not find repo: did:plc:2bv7ya42umqxizm4b2i7oioh')
2026-03-28T21:10:12Z WARNING bsky_collector_v2.job.index_feed_generators: listRecords failed repo=did:plc:4uhz7cycx5jgrl3j6zdixdol err=HttpError('InvalidRequest: Could not find repo: did:plc:4uhz7cycx5jgrl3j6zdixdol')
2026-03-28T21:10:14Z WARNING bsky_collector_v2.job.index_feed_generators: listRecords failed repo=did:plc:5hacwnokzvqdtdxy4plogbv2 err=HttpError('InvalidRequest: Could not find repo: did:plc:5hacwnokzvqdtdxy4plogbv2')
2026-03-28T21:10:41Z WARNING bsky_collector_v2.job.index_feed_generators: listRecords failed repo=did:plc:hdtvbnqlci67hzf3fvhdwncd err=HttpError('InvalidRequest: Could not find repo: did:plc:hdtvbnqlci67hzf3fvhdwncd')
2026-03-28T21:11:36Z WARNING bsky_collector_v2.job.index_feed_generators: listRecords failed repo=did:plc:x24gndzwjavlthek6y6266hp err=HttpError('InvalidRequest: Could not find repo: did:plc:x24gndzwjavlthek6y6266hp')
2026-03-28T21:11:42Z WARNING bsky_collector_v2.job.index_feed_generators: listRecords failed repo=did:plc:yjlzohskw2ugo4wt7kim4joo err=HttpError('InvalidRequest: Could not find repo: did:plc:yjlzohskw2ugo4wt7kim4joo')
2026-03-28T21:11:45Z WARNING bsky_collector_v2.job.index_feed_generators: listRecords failed repo=did:plc:23c6rutble77nsmgfuktrjil err=HttpError('InvalidRequest: Could not find repo: did:plc:23c6rutble77nsmgfuktrjil')
2026-03-28T21:11:45Z WARNING bsky_collector_v2.job.index_feed_generators: listRecords failed repo=did:plc:2bv7ya42umqxizm4b2i7oioh err=HttpError('InvalidRequest: Could not find repo: did:plc:2bv7ya42umqxizm4b2i7oioh')
2026-03-28T21:11:46Z WARNING bsky_collector_v2.job.index_feed_generators: listRecords failed repo=did:plc:4uhz7cycx5jgrl3j6zdixdol err=HttpError('InvalidRequest: Could not find repo: did:plc:4uhz7cycx5jgrl3j6zdixdol')
2026-03-28T21:11:46Z WARNING bsky_collector_v2.job.index_feed_generators: listRecords failed repo=did:plc:5hacwnokzvqdtdxy4plogbv2 err=HttpError('InvalidRequest: Could not find repo: did:plc:5hacwnokzvqdtdxy4plogbv2')
2026-03-28T21:11:46Z WARNING bsky_collector_v2.job.index_feed_generators: listRecords failed repo=did:plc:hdtvbnqlci67hzf3fvhdwncd err=HttpError('InvalidRequest: Could not find repo: did:plc:hdtvbnqlci67hzf3fvhdwncd')
2026-03-28T21:11:46Z WARNING bsky_collector_v2.job.index_feed_generators: listRecords failed repo=did:plc:x24gndzwjavlthek6y6266hp err=HttpError('InvalidRequest: Could not find repo: did:plc:x24gndzwjavlthek6y6266hp')
2026-03-28T21:11:46Z WARNING bsky_collector_v2.job.index_feed_generators: listRecords failed repo=did:plc:yjlzohskw2ugo4wt7kim4joo err=HttpError('InvalidRequest: Could not find repo: did:plc:yjlzohskw2ugo4wt7kim4joo')
2026-03-28T21:11:46Z WARNING bsky_collector_v2.job.index_feed_generators: listRecords failed repo=did:plc:23c6rutble77nsmgfuktrjil err=HttpError('InvalidRequest: Could not find repo: did:plc:23c6rutble77nsmgfuktrjil')
2026-03-28T21:11:46Z WARNING bsky_collector_v2.job.index_feed_generators: listRecords failed repo=did:plc:2bv7ya42umqxizm4b2i7oioh err=HttpError('InvalidRequest: Could not find repo: did:plc:2bv7ya42umqxizm4b2i7oioh')
2026-03-28T21:11:46Z WARNING bsky_collector_v2.job.index_feed_generators: listRecords failed repo=did:plc:4uhz7cycx5jgrl3j6zdixdol err=HttpError('InvalidRequest: Could not find repo: did:plc:4uhz7cycx5jgrl3j6zdixdol')
2026-03-28T21:11:46Z WARNING bsky_collector_v2.job.index_feed_generators: listRecords failed repo=did:plc:5hacwnokzvqdtdxy4plogbv2 err=HttpError('InvalidRequest: Could not find repo: did:plc:5hacwnokzvqdtdxy4plogbv2')
2026-03-28T21:11:46Z WARNING bsky_collector_v2.job.index_feed_generators: listRecords failed repo=did:plc:hdtvbnqlci67hzf3fvhdwncd err=HttpError('InvalidRequest: Could not find repo: did:plc:hdtvbnqlci67hzf3fvhdwncd')
2026-03-28T21:11:46Z WARNING bsky_collector_v2.job.index_feed_generators: listRecords failed repo=did:plc:x24gndzwjavlthek6y6266hp err=HttpError('InvalidRequest: Could not find repo: did:plc:x24gndzwjavlthek6y6266hp')
2026-03-28T21:11:46Z WARNING bsky_collector_v2.job.index_feed_generators: listRecords failed repo=did:plc:yjlzohskw2ugo4wt7kim4joo err=HttpError('InvalidRequest: Could not find repo: did:plc:yjlzohskw2ugo4wt7kim4joo')
2026-03-28T21:11:47Z INFO bsky_collector_v2.job.index_feed_generators: enqueued repos page=3 mode=listRepos inserted=500 repos_returned=500 next_cursor=set
2026-03-28T21:11:53Z WARNING bsky_collector_v2.job.index_feed_generators: listRecords failed repo=did:plc:2zd3ykzobye5mpyc7lyrmtok err=HttpError('InvalidRequest: Could not find repo: did:plc:2zd3ykzobye5mpyc7lyrmtok')
2026-03-28T21:11:54Z WARNING bsky_collector_v2.job.index_feed_generators: listRecords failed repo=did:plc:373u3rid4o4uydjnvv7v4mkl err=HttpError('InvalidRequest: Could not find repo: did:plc:373u3rid4o4uydjnvv7v4mkl')
2026-03-28T21:12:05Z WARNING bsky_collector_v2.job.index_feed_generators: listRecords failed repo=did:plc:5gxs6kmhgqcdqo7ehz4zxtmt err=HttpError('InvalidRequest: Could not find repo: did:plc:5gxs6kmhgqcdqo7ehz4zxtmt')
2026-03-28T21:12:27Z WARNING bsky_collector_v2.job.index_feed_generators: listRecords failed repo=did:plc:eiqk47hj4txljnjqfufnddna err=HttpError('InvalidRequest: Could not find repo: did:plc:eiqk47hj4txljnjqfufnddna')
2026-03-28T21:12:39Z WARNING bsky_collector_v2.job.index_feed_generators: listRecords failed repo=did:plc:jlanekmu6gh2j3s3d3qeuofb err=HttpError('InvalidRequest: Could not find repo: did:plc:jlanekmu6gh2j3s3d3qeuofb')
2026-03-28T21:12:46Z WARNING bsky_collector_v2.job.index_feed_generators: listRecords failed repo=did:plc:loeanq3xov4t6mru4kiybh3z err=HttpError('InvalidRequest: Could not find repo: did:plc:loeanq3xov4t6mru4kiybh3z')
2026-03-28T21:12:47Z WARNING bsky_collector_v2.job.index_feed_generators: listRecords failed repo=did:plc:lsmswv5mi77yj7dxxbpcyulk err=HttpError('InvalidRequest: Could not find repo: did:plc:lsmswv5mi77yj7dxxbpcyulk')
2026-03-28T21:12:49Z WARNING bsky_collector_v2.job.index_feed_generators: listRecords failed repo=did:plc:mkjba7oplmiulrncy6fowrhd err=HttpError('InvalidRequest: Could not find repo: did:plc:mkjba7oplmiulrncy6fowrhd')
2026-03-28T21:13:02Z WARNING bsky_collector_v2.job.index_feed_generators: listRecords failed repo=did:plc:rkr666r5wnn7xdbzsg2e26hc err=HttpError('InvalidRequest: Could not find repo: did:plc:rkr666r5wnn7xdbzsg2e26hc')
2026-03-28T21:13:03Z WARNING bsky_collector_v2.job.index_feed_generators: listRecords failed repo=did:plc:rwnmcyge63z47cr4mz3m2g5q err=HttpError('InvalidRequest: Could not find repo: did:plc:rwnmcyge63z47cr4mz3m2g5q')
2026-03-28T21:13:16Z WARNING bsky_collector_v2.job.index_feed_generators: listRecords failed repo=did:plc:wwwc5epk2bqf44mqj6wvuwdw err=HttpError('InvalidRequest: Could not find repo: did:plc:wwwc5epk2bqf44mqj6wvuwdw')
2026-03-28T21:13:16Z WARNING bsky_collector_v2.job.index_feed_generators: listRecords failed repo=did:plc:wyzav6663ytlydemmfxxjozm err=HttpError('InvalidRequest: Could not find repo: did:plc:wyzav6663ytlydemmfxxjozm')
2026-03-28T21:13:23Z WARNING bsky_collector_v2.job.index_feed_generators: listRecords failed repo=did:plc:zcewsrxrwgutgejd3tlzlvnc err=HttpError('InvalidRequest: Could not find repo: did:plc:zcewsrxrwgutgejd3tlzlvnc')
2026-03-28T21:13:27Z WARNING bsky_collector_v2.job.index_feed_generators: listRecords failed repo=did:plc:2zd3ykzobye5mpyc7lyrmtok err=HttpError('InvalidRequest: Could not find repo: did:plc:2zd3ykzobye5mpyc7lyrmtok')
2026-03-28T21:13:27Z WARNING bsky_collector_v2.job.index_feed_generators: listRecords failed repo=did:plc:373u3rid4o4uydjnvv7v4mkl err=HttpError('InvalidRequest: Could not find repo: did:plc:373u3rid4o4uydjnvv7v4mkl')
2026-03-28T21:13:27Z WARNING bsky_collector_v2.job.index_feed_generators: listRecords failed repo=did:plc:5gxs6kmhgqcdqo7ehz4zxtmt err=HttpError('InvalidRequest: Could not find repo: did:plc:5gxs6kmhgqcdqo7ehz4zxtmt')
2026-03-28T21:13:27Z WARNING bsky_collector_v2.job.index_feed_generators: listRecords failed repo=did:plc:eiqk47hj4txljnjqfufnddna err=HttpError('InvalidRequest: Could not find repo: did:plc:eiqk47hj4txljnjqfufnddna')
2026-03-28T21:13:27Z WARNING bsky_collector_v2.job.index_feed_generators: listRecords failed repo=did:plc:jlanekmu6gh2j3s3d3qeuofb err=HttpError('InvalidRequest: Could not find repo: did:plc:jlanekmu6gh2j3s3d3qeuofb')
2026-03-28T21:13:27Z WARNING bsky_collector_v2.job.index_feed_generators: listRecords failed repo=did:plc:loeanq3xov4t6mru4kiybh3z err=HttpError('InvalidRequest: Could not find repo: did:plc:loeanq3xov4t6mru4kiybh3z')
2026-03-28T21:13:27Z WARNING bsky_collector_v2.job.index_feed_generators: listRecords failed repo=did:plc:lsmswv5mi77yj7dxxbpcyulk err=HttpError('InvalidRequest: Could not find repo: did:plc:lsmswv5mi77yj7dxxbpcyulk')
2026-03-28T21:13:27Z WARNING bsky_collector_v2.job.index_feed_generators: listRecords failed repo=did:plc:mkjba7oplmiulrncy6fowrhd err=HttpError('InvalidRequest: Could not find repo: did:plc:mkjba7oplmiulrncy6fowrhd')
2026-03-28T21:13:27Z WARNING bsky_collector_v2.job.index_feed_generators: listRecords failed repo=did:plc:rkr666r5wnn7xdbzsg2e26hc err=HttpError('InvalidRequest: Could not find repo: did:plc:rkr666r5wnn7xdbzsg2e26hc')
2026-03-28T21:13:27Z WARNING bsky_collector_v2.job.index_feed_generators: listRecords failed repo=did:plc:rwnmcyge63z47cr4mz3m2g5q err=HttpError('InvalidRequest: Could not find repo: did:plc:rwnmcyge63z47cr4mz3m2g5q')
2026-03-28T21:13:27Z WARNING bsky_collector_v2.job.index_feed_generators: listRecords failed repo=did:plc:wwwc5epk2bqf44mqj6wvuwdw err=HttpError('InvalidRequest: Could not find repo: did:plc:wwwc5epk2bqf44mqj6wvuwdw')
2026-03-28T21:13:28Z WARNING bsky_collector_v2.job.index_feed_generators: listRecords failed repo=did:plc:wyzav6663ytlydemmfxxjozm err=HttpError('InvalidRequest: Could not find repo: did:plc:wyzav6663ytlydemmfxxjozm')
2026-03-28T21:13:28Z WARNING bsky_collector_v2.job.index_feed_generators: listRecords failed repo=did:plc:zcewsrxrwgutgejd3tlzlvnc err=HttpError('InvalidRequest: Could not find repo: did:plc:zcewsrxrwgutgejd3tlzlvnc')
2026-03-28T21:13:28Z WARNING bsky_collector_v2.job.index_feed_generators: listRecords failed repo=did:plc:2zd3ykzobye5mpyc7lyrmtok err=HttpError('InvalidRequest: Could not find repo: did:plc:2zd3ykzobye5mpyc7lyrmtok')
2026-03-28T21:13:28Z WARNING bsky_collector_v2.job.index_feed_generators: listRecords failed repo=did:plc:373u3rid4o4uydjnvv7v4mkl err=HttpError('InvalidRequest: Could not find repo: did:plc:373u3rid4o4uydjnvv7v4mkl')
2026-03-28T21:13:28Z WARNING bsky_collector_v2.job.index_feed_generators: listRecords failed repo=did:plc:5gxs6kmhgqcdqo7ehz4zxtmt err=HttpError('InvalidRequest: Could not find repo: did:plc:5gxs6kmhgqcdqo7ehz4zxtmt')
2026-03-28T21:13:28Z WARNING bsky_collector_v2.job.index_feed_generators: listRecords failed repo=did:plc:eiqk47hj4txljnjqfufnddna err=HttpError('InvalidRequest: Could not find repo: did:plc:eiqk47hj4txljnjqfufnddna')
2026-03-28T21:13:28Z WARNING bsky_collector_v2.job.index_feed_generators: listRecords failed repo=did:plc:jlanekmu6gh2j3s3d3qeuofb err=HttpError('InvalidRequest: Could not find repo: did:plc:jlanekmu6gh2j3s3d3qeuofb')
2026-03-28T21:13:28Z WARNING bsky_collector_v2.job.index_feed_generators: listRecords failed repo=did:plc:loeanq3xov4t6mru4kiybh3z err=HttpError('InvalidRequest: Could not find repo: did:plc:loeanq3xov4t6mru4kiybh3z')
2026-03-28T21:13:28Z WARNING bsky_collector_v2.job.index_feed_generators: listRecords failed repo=did:plc:lsmswv5mi77yj7dxxbpcyulk err=HttpError('InvalidRequest: Could not find repo: did:plc:lsmswv5mi77yj7dxxbpcyulk')
2026-03-28T21:13:28Z WARNING bsky_collector_v2.job.index_feed_generators: listRecords failed repo=did:plc:mkjba7oplmiulrncy6fowrhd err=HttpError('InvalidRequest: Could not find repo: did:plc:mkjba7oplmiulrncy6fowrhd')
2026-03-28T21:13:28Z WARNING bsky_collector_v2.job.index_feed_generators: listRecords failed repo=did:plc:rkr666r5wnn7xdbzsg2e26hc err=HttpError('InvalidRequest: Could not find repo: did:plc:rkr666r5wnn7xdbzsg2e26hc')
2026-03-28T21:13:28Z WARNING bsky_collector_v2.job.index_feed_generators: listRecords failed repo=did:plc:rwnmcyge63z47cr4mz3m2g5q err=HttpError('InvalidRequest: Could not find repo: did:plc:rwnmcyge63z47cr4mz3m2g5q')
2026-03-28T21:13:28Z WARNING bsky_collector_v2.job.index_feed_generators: listRecords failed repo=did:plc:wwwc5epk2bqf44mqj6wvuwdw err=HttpError('InvalidRequest: Could not find repo: did:plc:wwwc5epk2bqf44mqj6wvuwdw')
2026-03-28T21:13:28Z WARNING bsky_collector_v2.job.index_feed_generators: listRecords failed repo=did:plc:wyzav6663ytlydemmfxxjozm err=HttpError('InvalidRequest: Could not find repo: did:plc:wyzav6663ytlydemmfxxjozm')
2026-03-28T21:13:28Z WARNING bsky_collector_v2.job.index_feed_generators: listRecords failed repo=did:plc:zcewsrxrwgutgejd3tlzlvnc err=HttpError('InvalidRequest: Could not find repo: did:plc:zcewsrxrwgutgejd3tlzlvnc')
2026-03-28T21:13:29Z INFO bsky_collector_v2.job.index_feed_generators: enqueued repos page=4 mode=listRepos inserted=500 repos_returned=500 next_cursor=set
2026-03-28T21:13:34Z WARNING bsky_collector_v2.job.index_feed_generators: listRecords failed repo=did:plc:53mzioeaw7obla3u45gvxwk2 err=HttpError('InvalidRequest: Could not find repo: did:plc:53mzioeaw7obla3u45gvxwk2')
2026-03-28T21:13:37Z WARNING bsky_collector_v2.job.index_feed_generators: listRecords failed repo=did:plc:6hl26cr3qsnrjw75anzozikp err=HttpError('InvalidRequest: Could not find repo: did:plc:6hl26cr3qsnrjw75anzozikp')
2026-03-28T21:13:49Z WARNING bsky_collector_v2.job.index_feed_generators: listRecords failed repo=did:plc:brtgv6ok5omqcxynl2ihtjnw err=HttpError('InvalidRequest: Could not find repo: did:plc:brtgv6ok5omqcxynl2ihtjnw')
2026-03-28T21:13:51Z WARNING bsky_collector_v2.job.index_feed_generators: listRecords failed repo=did:plc:ca3p67ydtorpm4tf2zxyd3ni err=HttpError('InvalidRequest: Could not find repo: did:plc:ca3p67ydtorpm4tf2zxyd3ni')
2026-03-28T21:13:54Z WARNING bsky_collector_v2.job.index_feed_generators: listRecords failed repo=did:plc:cyl7ngklh4gqszsec5i34ovk err=HttpError('InvalidRequest: Could not find repo: did:plc:cyl7ngklh4gqszsec5i34ovk')
2026-03-28T21:13:58Z WARNING bsky_collector_v2.job.index_feed_generators: listRecords failed repo=did:plc:elnvsfry4tw6rk3qj7mdyq4d err=HttpError('InvalidRequest: Could not find repo: did:plc:elnvsfry4tw6rk3qj7mdyq4d')
2026-03-28T21:14:06Z WARNING bsky_collector_v2.job.index_feed_generators: listRecords failed repo=did:plc:hdugtksmfoib6hbuqtu6keh4 err=HttpError('InvalidRequest: Could not find repo: did:plc:hdugtksmfoib6hbuqtu6keh4')
2026-03-28T21:14:28Z WARNING bsky_collector_v2.job.index_feed_generators: listRecords failed repo=did:plc:ondbowq24witqxvn4gd2glyy err=HttpError('InvalidRequest: Could not find repo: did:plc:ondbowq24witqxvn4gd2glyy')
2026-03-28T21:14:34Z WARNING bsky_collector_v2.job.index_feed_generators: listRecords failed repo=did:plc:qyrbgo55k5g72r7aarkhmydr err=HttpError('InvalidRequest: Could not find repo: did:plc:qyrbgo55k5g72r7aarkhmydr')
2026-03-28T21:14:46Z WARNING bsky_collector_v2.job.index_feed_generators: listRecords failed repo=did:plc:ufatmag2xu4x3eqnq6go6rtu err=HttpError('InvalidRequest: Could not find repo: did:plc:ufatmag2xu4x3eqnq6go6rtu')
2026-03-28T21:14:58Z WARNING bsky_collector_v2.job.index_feed_generators: listRecords failed repo=did:plc:xkimq6ze3z3thbmc7olfb7ur err=HttpError('InvalidRequest: Could not find repo: did:plc:xkimq6ze3z3thbmc7olfb7ur')
2026-03-28T21:14:59Z WARNING bsky_collector_v2.job.index_feed_generators: listRecords failed repo=did:plc:xn52i6xibc53ahu4j73wwuph err=HttpError('InvalidRequest: Could not find repo: did:plc:xn52i6xibc53ahu4j73wwuph')
2026-03-28T21:15:06Z WARNING bsky_collector_v2.job.index_feed_generators: listRecords failed repo=did:plc:53mzioeaw7obla3u45gvxwk2 err=HttpError('InvalidRequest: Could not find repo: did:plc:53mzioeaw7obla3u45gvxwk2')
2026-03-28T21:15:06Z WARNING bsky_collector_v2.job.index_feed_generators: listRecords failed repo=did:plc:6hl26cr3qsnrjw75anzozikp err=HttpError('InvalidRequest: Could not find repo: did:plc:6hl26cr3qsnrjw75anzozikp')
2026-03-28T21:15:06Z WARNING bsky_collector_v2.job.index_feed_generators: listRecords failed repo=did:plc:brtgv6ok5omqcxynl2ihtjnw err=HttpError('InvalidRequest: Could not find repo: did:plc:brtgv6ok5omqcxynl2ihtjnw')
2026-03-28T21:15:06Z WARNING bsky_collector_v2.job.index_feed_generators: listRecords failed repo=did:plc:ca3p67ydtorpm4tf2zxyd3ni err=HttpError('InvalidRequest: Could not find repo: did:plc:ca3p67ydtorpm4tf2zxyd3ni')
2026-03-28T21:15:06Z WARNING bsky_collector_v2.job.index_feed_generators: listRecords failed repo=did:plc:cyl7ngklh4gqszsec5i34ovk err=HttpError('InvalidRequest: Could not find repo: did:plc:cyl7ngklh4gqszsec5i34ovk')
2026-03-28T21:15:06Z WARNING bsky_collector_v2.job.index_feed_generators: listRecords failed repo=did:plc:elnvsfry4tw6rk3qj7mdyq4d err=HttpError('InvalidRequest: Could not find repo: did:plc:elnvsfry4tw6rk3qj7mdyq4d')
2026-03-28T21:15:06Z WARNING bsky_collector_v2.job.index_feed_generators: listRecords failed repo=did:plc:hdugtksmfoib6hbuqtu6keh4 err=HttpError('InvalidRequest: Could not find repo: did:plc:hdugtksmfoib6hbuqtu6keh4')
2026-03-28T21:15:06Z WARNING bsky_collector_v2.job.index_feed_generators: listRecords failed repo=did:plc:ondbowq24witqxvn4gd2glyy err=HttpError('InvalidRequest: Could not find repo: did:plc:ondbowq24witqxvn4gd2glyy')
2026-03-28T21:15:06Z WARNING bsky_collector_v2.job.index_feed_generators: listRecords failed repo=did:plc:qyrbgo55k5g72r7aarkhmydr err=HttpError('InvalidRequest: Could not find repo: did:plc:qyrbgo55k5g72r7aarkhmydr')
2026-03-28T21:15:06Z WARNING bsky_collector_v2.job.index_feed_generators: listRecords failed repo=did:plc:ufatmag2xu4x3eqnq6go6rtu err=HttpError('InvalidRequest: Could not find repo: did:plc:ufatmag2xu4x3eqnq6go6rtu')
2026-03-28T21:15:06Z WARNING bsky_collector_v2.job.index_feed_generators: listRecords failed repo=did:plc:xkimq6ze3z3thbmc7olfb7ur err=HttpError('InvalidRequest: Could not find repo: did:plc:xkimq6ze3z3thbmc7olfb7ur')
2026-03-28T21:15:06Z WARNING bsky_collector_v2.job.index_feed_generators: listRecords failed repo=did:plc:xn52i6xibc53ahu4j73wwuph err=HttpError('InvalidRequest: Could not find repo: did:plc:xn52i6xibc53ahu4j73wwuph')
2026-03-28T21:15:06Z WARNING bsky_collector_v2.job.index_feed_generators: listRecords failed repo=did:plc:53mzioeaw7obla3u45gvxwk2 err=HttpError('InvalidRequest: Could not find repo: did:plc:53mzioeaw7obla3u45gvxwk2')
2026-03-28T21:15:06Z WARNING bsky_collector_v2.job.index_feed_generators: listRecords failed repo=did:plc:6hl26cr3qsnrjw75anzozikp err=HttpError('InvalidRequest: Could not find repo: did:plc:6hl26cr3qsnrjw75anzozikp')
2026-03-28T21:15:07Z WARNING bsky_collector_v2.job.index_feed_generators: listRecords failed repo=did:plc:brtgv6ok5omqcxynl2ihtjnw err=HttpError('InvalidRequest: Could not find repo: did:plc:brtgv6ok5omqcxynl2ihtjnw')
2026-03-28T21:15:07Z WARNING bsky_collector_v2.job.index_feed_generators: listRecords failed repo=did:plc:ca3p67ydtorpm4tf2zxyd3ni err=HttpError('InvalidRequest: Could not find repo: did:plc:ca3p67ydtorpm4tf2zxyd3ni')
2026-03-28T21:15:07Z WARNING bsky_collector_v2.job.index_feed_generators: listRecords failed repo=did:plc:cyl7ngklh4gqszsec5i34ovk err=HttpError('InvalidRequest: Could not find repo: did:plc:cyl7ngklh4gqszsec5i34ovk')
2026-03-28T21:15:07Z WARNING bsky_collector_v2.job.index_feed_generators: listRecords failed repo=did:plc:elnvsfry4tw6rk3qj7mdyq4d err=HttpError('InvalidRequest: Could not find repo: did:plc:elnvsfry4tw6rk3qj7mdyq4d')
2026-03-28T21:15:07Z WARNING bsky_collector_v2.job.index_feed_generators: listRecords failed repo=did:plc:hdugtksmfoib6hbuqtu6keh4 err=HttpError('InvalidRequest: Could not find repo: did:plc:hdugtksmfoib6hbuqtu6keh4')
2026-03-28T21:15:07Z WARNING bsky_collector_v2.job.index_feed_generators: listRecords failed repo=did:plc:ondbowq24witqxvn4gd2glyy err=HttpError('InvalidRequest: Could not find repo: did:plc:ondbowq24witqxvn4gd2glyy')
2026-03-28T21:15:07Z WARNING bsky_collector_v2.job.index_feed_generators: listRecords failed repo=did:plc:qyrbgo55k5g72r7aarkhmydr err=HttpError('InvalidRequest: Could not find repo: did:plc:qyrbgo55k5g72r7aarkhmydr')
2026-03-28T21:15:07Z WARNING bsky_collector_v2.job.index_feed_generators: listRecords failed repo=did:plc:ufatmag2xu4x3eqnq6go6rtu err=HttpError('InvalidRequest: Could not find repo: did:plc:ufatmag2xu4x3eqnq6go6rtu')
2026-03-28T21:15:07Z WARNING bsky_collector_v2.job.index_feed_generators: listRecords failed repo=did:plc:xkimq6ze3z3thbmc7olfb7ur err=HttpError('InvalidRequest: Could not find repo: did:plc:xkimq6ze3z3thbmc7olfb7ur')
2026-03-28T21:15:07Z WARNING bsky_collector_v2.job.index_feed_generators: listRecords failed repo=did:plc:xn52i6xibc53ahu4j73wwuph err=HttpError('InvalidRequest: Could not find repo: did:plc:xn52i6xibc53ahu4j73wwuph')
2026-03-28T21:15:08Z INFO bsky_collector_v2.job.index_feed_generators: enqueued repos page=5 mode=listRepos inserted=500 repos_returned=500 next_cursor=set
2026-03-28T21:15:15Z WARNING bsky_collector_v2.job.index_feed_generators: listRecords failed repo=did:plc:4ckj6hn3ucwo4ap3yabqs6lz err=HttpError('InvalidRequest: Could not find repo: did:plc:4ckj6hn3ucwo4ap3yabqs6lz')
2026-03-28T21:15:19Z WARNING bsky_collector_v2.job.index_feed_generators: listRecords failed repo=did:plc:5wvyzjphzjuzhxk52iguijqm err=HttpError('InvalidRequest: Could not find repo: did:plc:5wvyzjphzjuzhxk52iguijqm')
2026-03-28T21:15:22Z WARNING bsky_collector_v2.job.index_feed_generators: listRecords failed repo=did:plc:6ugd6rt2bgxn24vcvayk2fwp err=HttpError('InvalidRequest: Could not find repo: did:plc:6ugd6rt2bgxn24vcvayk2fwp')
2026-03-28T21:15:40Z WARNING bsky_collector_v2.job.index_feed_generators: listRecords failed repo=did:plc:gsuc7h6shrqxovxze53onaqq err=HttpError('InvalidRequest: Could not find repo: did:plc:gsuc7h6shrqxovxze53onaqq')
2026-03-28T21:15:49Z WARNING bsky_collector_v2.job.index_feed_generators: listRecords failed repo=did:plc:ipqruczcc2oexwgr2qmqtfcu err=HttpError('InvalidRequest: Could not find repo: did:plc:ipqruczcc2oexwgr2qmqtfcu')
2026-03-28T21:15:54Z WARNING bsky_collector_v2.job.index_feed_generators: listRecords failed repo=did:plc:joq3aiu2zdmwxsdfnkp37uxt err=HttpError('InvalidRequest: Could not find repo: did:plc:joq3aiu2zdmwxsdfnkp37uxt')
2026-03-28T21:16:33Z WARNING bsky_collector_v2.job.index_feed_generators: listRecords failed repo=did:plc:ukjrwzhbhqbttuvtxxnghdue err=HttpError('InvalidRequest: Could not find repo: did:plc:ukjrwzhbhqbttuvtxxnghdue')
2026-03-28T21:16:49Z WARNING bsky_collector_v2.job.index_feed_generators: listRecords failed repo=did:plc:4ckj6hn3ucwo4ap3yabqs6lz err=HttpError('InvalidRequest: Could not find repo: did:plc:4ckj6hn3ucwo4ap3yabqs6lz')
2026-03-28T21:16:49Z WARNING bsky_collector_v2.job.index_feed_generators: listRecords failed repo=did:plc:5wvyzjphzjuzhxk52iguijqm err=HttpError('InvalidRequest: Could not find repo: did:plc:5wvyzjphzjuzhxk52iguijqm')
2026-03-28T21:16:49Z WARNING bsky_collector_v2.job.index_feed_generators: listRecords failed repo=did:plc:6ugd6rt2bgxn24vcvayk2fwp err=HttpError('InvalidRequest: Could not find repo: did:plc:6ugd6rt2bgxn24vcvayk2fwp')
2026-03-28T21:16:49Z WARNING bsky_collector_v2.job.index_feed_generators: listRecords failed repo=did:plc:gsuc7h6shrqxovxze53onaqq err=HttpError('InvalidRequest: Could not find repo: did:plc:gsuc7h6shrqxovxze53onaqq')
2026-03-28T21:16:49Z WARNING bsky_collector_v2.job.index_feed_generators: listRecords failed repo=did:plc:ipqruczcc2oexwgr2qmqtfcu err=HttpError('InvalidRequest: Could not find repo: did:plc:ipqruczcc2oexwgr2qmqtfcu')
2026-03-28T21:16:49Z WARNING bsky_collector_v2.job.index_feed_generators: listRecords failed repo=did:plc:joq3aiu2zdmwxsdfnkp37uxt err=HttpError('InvalidRequest: Could not find repo: did:plc:joq3aiu2zdmwxsdfnkp37uxt')
2026-03-28T21:16:49Z WARNING bsky_collector_v2.job.index_feed_generators: listRecords failed repo=did:plc:ukjrwzhbhqbttuvtxxnghdue err=HttpError('InvalidRequest: Could not find repo: did:plc:ukjrwzhbhqbttuvtxxnghdue')
2026-03-28T21:16:49Z WARNING bsky_collector_v2.job.index_feed_generators: listRecords failed repo=did:plc:4ckj6hn3ucwo4ap3yabqs6lz err=HttpError('InvalidRequest: Could not find repo: did:plc:4ckj6hn3ucwo4ap3yabqs6lz')
2026-03-28T21:16:49Z WARNING bsky_collector_v2.job.index_feed_generators: listRecords failed repo=did:plc:5wvyzjphzjuzhxk52iguijqm err=HttpError('InvalidRequest: Could not find repo: did:plc:5wvyzjphzjuzhxk52iguijqm')
2026-03-28T21:16:49Z WARNING bsky_collector_v2.job.index_feed_generators: listRecords failed repo=did:plc:6ugd6rt2bgxn24vcvayk2fwp err=HttpError('InvalidRequest: Could not find repo: did:plc:6ugd6rt2bgxn24vcvayk2fwp')
2026-03-28T21:16:49Z WARNING bsky_collector_v2.job.index_feed_generators: listRecords failed repo=did:plc:gsuc7h6shrqxovxze53onaqq err=HttpError('InvalidRequest: Could not find repo: did:plc:gsuc7h6shrqxovxze53onaqq')
2026-03-28T21:16:49Z WARNING bsky_collector_v2.job.index_feed_generators: listRecords failed repo=did:plc:ipqruczcc2oexwgr2qmqtfcu err=HttpError('InvalidRequest: Could not find repo: did:plc:ipqruczcc2oexwgr2qmqtfcu')
2026-03-28T21:16:49Z WARNING bsky_collector_v2.job.index_feed_generators: listRecords failed repo=did:plc:joq3aiu2zdmwxsdfnkp37uxt err=HttpError('InvalidRequest: Could not find repo: did:plc:joq3aiu2zdmwxsdfnkp37uxt')
2026-03-28T21:16:49Z WARNING bsky_collector_v2.job.index_feed_generators: listRecords failed repo=did:plc:ukjrwzhbhqbttuvtxxnghdue err=HttpError('InvalidRequest: Could not find repo: did:plc:ukjrwzhbhqbttuvtxxnghdue')
2026-03-28T21:16:50Z INFO bsky_collector_v2.job.index_feed_generators: enqueued repos page=6 mode=listRepos inserted=500 repos_returned=500 next_cursor=set
2026-03-28T21:17:04Z WARNING bsky_collector_v2.job.index_feed_generators: listRecords failed repo=did:plc:7eqegordod5lqnwwuglnvsrx err=HttpError('InvalidRequest: Could not find repo: did:plc:7eqegordod5lqnwwuglnvsrx')
2026-03-28T21:17:05Z WARNING bsky_collector_v2.job.index_feed_generators: listRecords failed repo=did:plc:7si2baj5f5fxu4atvsl674ke err=HttpError('InvalidRequest: Could not find repo: did:plc:7si2baj5f5fxu4atvsl674ke')
2026-03-28T21:17:05Z WARNING bsky_collector_v2.job.index_feed_generators: listRecords failed repo=did:plc:a4jz25etrus6hy2buakyetnk err=HttpError('InvalidRequest: Could not find repo: did:plc:a4jz25etrus6hy2buakyetnk')
2026-03-28T21:17:13Z WARNING bsky_collector_v2.job.index_feed_generators: listRecords failed repo=did:plc:cvujk7yudsgm4ga6ximw2fcm err=HttpError('InvalidRequest: Could not find repo: did:plc:cvujk7yudsgm4ga6ximw2fcm')
2026-03-28T21:17:16Z WARNING bsky_collector_v2.job.index_feed_generators: listRecords failed repo=did:plc:dvly7i2wclj5hpvx3pcu2oko err=HttpError('InvalidRequest: Could not find repo: did:plc:dvly7i2wclj5hpvx3pcu2oko')
2026-03-28T21:17:19Z WARNING bsky_collector_v2.job.index_feed_generators: listRecords failed repo=did:plc:fmqnbe3afebrf2phkkjb5cgk err=HttpError('InvalidRequest: Could not find repo: did:plc:fmqnbe3afebrf2phkkjb5cgk')
2026-03-28T21:17:26Z WARNING bsky_collector_v2.job.index_feed_generators: listRecords failed repo=did:plc:igzeiu4odos6q7gp5m6pvfqw err=HttpError('InvalidRequest: Could not find repo: did:plc:igzeiu4odos6q7gp5m6pvfqw')
2026-03-28T21:17:31Z WARNING bsky_collector_v2.job.index_feed_generators: listRecords failed repo=did:plc:kvu2ecprufhdjzdtq5wnm3f4 err=HttpError('InvalidRequest: Could not find repo: did:plc:kvu2ecprufhdjzdtq5wnm3f4')
2026-03-28T21:17:32Z WARNING bsky_collector_v2.job.index_feed_generators: listRecords failed repo=did:plc:l6mka6rygekbgtcr2ueamtfw err=HttpError('InvalidRequest: Could not find repo: did:plc:l6mka6rygekbgtcr2ueamtfw')
2026-03-28T21:17:33Z WARNING bsky_collector_v2.job.index_feed_generators: listRecords failed repo=did:plc:lt5mwa7243eaedf5d4awakse err=HttpError('InvalidRequest: Could not find repo: did:plc:lt5mwa7243eaedf5d4awakse')
2026-03-28T21:18:13Z WARNING bsky_collector_v2.job.index_feed_generators: listRecords failed repo=did:plc:yybazaln7cnulgji3sbkbbqq err=HttpError('InvalidRequest: Could not find repo: did:plc:yybazaln7cnulgji3sbkbbqq')
2026-03-28T21:18:15Z WARNING bsky_collector_v2.job.index_feed_generators: listRecords failed repo=did:plc:7eqegordod5lqnwwuglnvsrx err=HttpError('InvalidRequest: Could not find repo: did:plc:7eqegordod5lqnwwuglnvsrx')
2026-03-28T21:18:15Z WARNING bsky_collector_v2.job.index_feed_generators: listRecords failed repo=did:plc:7si2baj5f5fxu4atvsl674ke err=HttpError('InvalidRequest: Could not find repo: did:plc:7si2baj5f5fxu4atvsl674ke')
2026-03-28T21:18:15Z WARNING bsky_collector_v2.job.index_feed_generators: listRecords failed repo=did:plc:a4jz25etrus6hy2buakyetnk err=HttpError('InvalidRequest: Could not find repo: did:plc:a4jz25etrus6hy2buakyetnk')
2026-03-28T21:18:15Z WARNING bsky_collector_v2.job.index_feed_generators: listRecords failed repo=did:plc:cvujk7yudsgm4ga6ximw2fcm err=HttpError('InvalidRequest: Could not find repo: did:plc:cvujk7yudsgm4ga6ximw2fcm')
2026-03-28T21:18:15Z WARNING bsky_collector_v2.job.index_feed_generators: listRecords failed repo=did:plc:dvly7i2wclj5hpvx3pcu2oko err=HttpError('InvalidRequest: Could not find repo: did:plc:dvly7i2wclj5hpvx3pcu2oko')
2026-03-28T21:18:15Z WARNING bsky_collector_v2.job.index_feed_generators: listRecords failed repo=did:plc:fmqnbe3afebrf2phkkjb5cgk err=HttpError('InvalidRequest: Could not find repo: did:plc:fmqnbe3afebrf2phkkjb5cgk')
2026-03-28T21:18:15Z WARNING bsky_collector_v2.job.index_feed_generators: listRecords failed repo=did:plc:igzeiu4odos6q7gp5m6pvfqw err=HttpError('InvalidRequest: Could not find repo: did:plc:igzeiu4odos6q7gp5m6pvfqw')
2026-03-28T21:18:15Z WARNING bsky_collector_v2.job.index_feed_generators: listRecords failed repo=did:plc:kvu2ecprufhdjzdtq5wnm3f4 err=HttpError('InvalidRequest: Could not find repo: did:plc:kvu2ecprufhdjzdtq5wnm3f4')
2026-03-28T21:18:15Z WARNING bsky_collector_v2.job.index_feed_generators: listRecords failed repo=did:plc:l6mka6rygekbgtcr2ueamtfw err=HttpError('InvalidRequest: Could not find repo: did:plc:l6mka6rygekbgtcr2ueamtfw')
2026-03-28T21:18:15Z WARNING bsky_collector_v2.job.index_feed_generators: listRecords failed repo=did:plc:lt5mwa7243eaedf5d4awakse err=HttpError('InvalidRequest: Could not find repo: did:plc:lt5mwa7243eaedf5d4awakse')
2026-03-28T21:18:15Z WARNING bsky_collector_v2.job.index_feed_generators: listRecords failed repo=did:plc:yybazaln7cnulgji3sbkbbqq err=HttpError('InvalidRequest: Could not find repo: did:plc:yybazaln7cnulgji3sbkbbqq')
2026-03-28T21:18:15Z WARNING bsky_collector_v2.job.index_feed_generators: listRecords failed repo=did:plc:7eqegordod5lqnwwuglnvsrx err=HttpError('InvalidRequest: Could not find repo: did:plc:7eqegordod5lqnwwuglnvsrx')
2026-03-28T21:18:15Z WARNING bsky_collector_v2.job.index_feed_generators: listRecords failed repo=did:plc:7si2baj5f5fxu4atvsl674ke err=HttpError('InvalidRequest: Could not find repo: did:plc:7si2baj5f5fxu4atvsl674ke')
2026-03-28T21:18:15Z WARNING bsky_collector_v2.job.index_feed_generators: listRecords failed repo=did:plc:a4jz25etrus6hy2buakyetnk err=HttpError('InvalidRequest: Could not find repo: did:plc:a4jz25etrus6hy2buakyetnk')
2026-03-28T21:18:16Z WARNING bsky_collector_v2.job.index_feed_generators: listRecords failed repo=did:plc:cvujk7yudsgm4ga6ximw2fcm err=HttpError('InvalidRequest: Could not find repo: did:plc:cvujk7yudsgm4ga6ximw2fcm')
2026-03-28T21:18:16Z WARNING bsky_collector_v2.job.index_feed_generators: listRecords failed repo=did:plc:dvly7i2wclj5hpvx3pcu2oko err=HttpError('InvalidRequest: Could not find repo: did:plc:dvly7i2wclj5hpvx3pcu2oko')
2026-03-28T21:18:16Z WARNING bsky_collector_v2.job.index_feed_generators: listRecords failed repo=did:plc:fmqnbe3afebrf2phkkjb5cgk err=HttpError('InvalidRequest: Could not find repo: did:plc:fmqnbe3afebrf2phkkjb5cgk')
2026-03-28T21:18:16Z WARNING bsky_collector_v2.job.index_feed_generators: listRecords failed repo=did:plc:igzeiu4odos6q7gp5m6pvfqw err=HttpError('InvalidRequest: Could not find repo: did:plc:igzeiu4odos6q7gp5m6pvfqw')
2026-03-28T21:18:16Z WARNING bsky_collector_v2.job.index_feed_generators: listRecords failed repo=did:plc:kvu2ecprufhdjzdtq5wnm3f4 err=HttpError('InvalidRequest: Could not find repo: did:plc:kvu2ecprufhdjzdtq5wnm3f4')
2026-03-28T21:18:16Z WARNING bsky_collector_v2.job.index_feed_generators: listRecords failed repo=did:plc:l6mka6rygekbgtcr2ueamtfw err=HttpError('InvalidRequest: Could not find repo: did:plc:l6mka6rygekbgtcr2ueamtfw')
2026-03-28T21:18:16Z WARNING bsky_collector_v2.job.index_feed_generators: listRecords failed repo=did:plc:lt5mwa7243eaedf5d4awakse err=HttpError('InvalidRequest: Could not find repo: did:plc:lt5mwa7243eaedf5d4awakse')
2026-03-28T21:18:16Z WARNING bsky_collector_v2.job.index_feed_generators: listRecords failed repo=did:plc:yybazaln7cnulgji3sbkbbqq err=HttpError('InvalidRequest: Could not find repo: did:plc:yybazaln7cnulgji3sbkbbqq')
2026-03-28T21:18:17Z INFO bsky_collector_v2.job.index_feed_generators: enqueued repos page=7 mode=listRepos inserted=500 repos_returned=500 next_cursor=set
2026-03-28T21:18:23Z WARNING bsky_collector_v2.job.index_feed_generators: listRecords failed repo=did:plc:4isjronle6ejw735mvinegbo err=HttpError('InvalidRequest: Could not find repo: did:plc:4isjronle6ejw735mvinegbo')
2026-03-28T21:18:25Z WARNING bsky_collector_v2.job.index_feed_generators: listRecords failed repo=did:plc:4wzqoxkma7m6cfbnsd4urudz err=HttpError('InvalidRequest: Could not find repo: did:plc:4wzqoxkma7m6cfbnsd4urudz')
2026-03-28T21:18:25Z WARNING bsky_collector_v2.job.index_feed_generators: listRecords failed repo=did:plc:53r7hrull6mkyspn6stdhymd err=HttpError('InvalidRequest: Could not find repo: did:plc:53r7hrull6mkyspn6stdhymd')
2026-03-28T21:18:28Z WARNING bsky_collector_v2.job.index_feed_generators: listRecords failed repo=did:plc:5tkjxwknoa5uslikwhbl7kuy err=HttpError('InvalidRequest: Could not find repo: did:plc:5tkjxwknoa5uslikwhbl7kuy')
2026-03-28T21:18:40Z INFO bsky_collector_v2.job.index_feed_generators: indexed repo=did:plc:bptol4ksrdrcciqgm5ja7bm3 part=0 records=2 next_cursor=set
2026-03-28T21:19:08Z INFO bsky_collector_v2.job.index_feed_generators: indexed repo=did:plc:kbzfsrozmsrp3tsqenmsj347 part=1 records=3 next_cursor=set
2026-03-28T21:19:17Z WARNING bsky_collector_v2.job.index_feed_generators: listRecords failed repo=did:plc:nlujyrlavbbevrln3oxvi2tt err=HttpError('InvalidRequest: Could not find repo: did:plc:nlujyrlavbbevrln3oxvi2tt')
2026-03-28T21:19:19Z WARNING bsky_collector_v2.job.index_feed_generators: listRecords failed repo=did:plc:oeslhpi2oruk4t5jhipuytan err=HttpError('InvalidRequest: Could not find repo: did:plc:oeslhpi2oruk4t5jhipuytan')
2026-03-28T21:19:20Z WARNING bsky_collector_v2.job.index_feed_generators: listRecords failed repo=did:plc:p7ettv2vbjxe3xgb6xodyfn2 err=HttpError('InvalidRequest: Could not find repo: did:plc:p7ettv2vbjxe3xgb6xodyfn2')
2026-03-28T21:19:23Z WARNING bsky_collector_v2.job.index_feed_generators: listRecords failed repo=did:plc:qnwtopksm5iahmryrkbznjji err=HttpError('InvalidRequest: Could not find repo: did:plc:qnwtopksm5iahmryrkbznjji')
2026-03-28T21:19:27Z WARNING bsky_collector_v2.job.index_feed_generators: listRecords failed repo=did:plc:sknfpycolvcn45mt3d452yji err=HttpError('InvalidRequest: Could not find repo: did:plc:sknfpycolvcn45mt3d452yji')
2026-03-28T21:19:28Z WARNING bsky_collector_v2.job.index_feed_generators: listRecords failed repo=did:plc:t3y3byzkulckpuaqrsuy4rob err=HttpError('InvalidRequest: Could not find repo: did:plc:t3y3byzkulckpuaqrsuy4rob')
2026-03-28T21:19:28Z WARNING bsky_collector_v2.job.index_feed_generators: listRecords failed repo=did:plc:t527whjkv2g4t7pyqqsxjyo5 err=HttpError('InvalidRequest: Could not find repo: did:plc:t527whjkv2g4t7pyqqsxjyo5')
2026-03-28T21:19:33Z WARNING bsky_collector_v2.job.index_feed_generators: listRecords failed repo=did:plc:ubzhmaxljdawwq7kciitmqgu err=HttpError('InvalidRequest: Could not find repo: did:plc:ubzhmaxljdawwq7kciitmqgu')
2026-03-28T21:19:33Z WARNING bsky_collector_v2.job.index_feed_generators: listRecords failed repo=did:plc:ueutjq27fewh25gl2pi5pyse err=HttpError('InvalidRequest: Could not find repo: did:plc:ueutjq27fewh25gl2pi5pyse')
2026-03-28T21:19:41Z WARNING bsky_collector_v2.job.index_feed_generators: listRecords failed repo=did:plc:xqvetdzrl2th4gi2i2antkro err=HttpError('InvalidRequest: Could not find repo: did:plc:xqvetdzrl2th4gi2i2antkro')
2026-03-28T21:19:47Z WARNING bsky_collector_v2.job.index_feed_generators: listRecords failed repo=did:plc:4isjronle6ejw735mvinegbo err=HttpError('InvalidRequest: Could not find repo: did:plc:4isjronle6ejw735mvinegbo')
2026-03-28T21:19:47Z WARNING bsky_collector_v2.job.index_feed_generators: listRecords failed repo=did:plc:4wzqoxkma7m6cfbnsd4urudz err=HttpError('InvalidRequest: Could not find repo: did:plc:4wzqoxkma7m6cfbnsd4urudz')
2026-03-28T21:19:47Z WARNING bsky_collector_v2.job.index_feed_generators: listRecords failed repo=did:plc:53r7hrull6mkyspn6stdhymd err=HttpError('InvalidRequest: Could not find repo: did:plc:53r7hrull6mkyspn6stdhymd')
2026-03-28T21:19:47Z WARNING bsky_collector_v2.job.index_feed_generators: listRecords failed repo=did:plc:5tkjxwknoa5uslikwhbl7kuy err=HttpError('InvalidRequest: Could not find repo: did:plc:5tkjxwknoa5uslikwhbl7kuy')
2026-03-28T21:19:47Z WARNING bsky_collector_v2.job.index_feed_generators: listRecords failed repo=did:plc:nlujyrlavbbevrln3oxvi2tt err=HttpError('InvalidRequest: Could not find repo: did:plc:nlujyrlavbbevrln3oxvi2tt')
2026-03-28T21:19:47Z WARNING bsky_collector_v2.job.index_feed_generators: listRecords failed repo=did:plc:oeslhpi2oruk4t5jhipuytan err=HttpError('InvalidRequest: Could not find repo: did:plc:oeslhpi2oruk4t5jhipuytan')
2026-03-28T21:19:47Z WARNING bsky_collector_v2.job.index_feed_generators: listRecords failed repo=did:plc:p7ettv2vbjxe3xgb6xodyfn2 err=HttpError('InvalidRequest: Could not find repo: did:plc:p7ettv2vbjxe3xgb6xodyfn2')
2026-03-28T21:19:47Z WARNING bsky_collector_v2.job.index_feed_generators: listRecords failed repo=did:plc:qnwtopksm5iahmryrkbznjji err=HttpError('InvalidRequest: Could not find repo: did:plc:qnwtopksm5iahmryrkbznjji')
2026-03-28T21:19:47Z WARNING bsky_collector_v2.job.index_feed_generators: listRecords failed repo=did:plc:sknfpycolvcn45mt3d452yji err=HttpError('InvalidRequest: Could not find repo: did:plc:sknfpycolvcn45mt3d452yji')
2026-03-28T21:19:47Z WARNING bsky_collector_v2.job.index_feed_generators: listRecords failed repo=did:plc:t3y3byzkulckpuaqrsuy4rob err=HttpError('InvalidRequest: Could not find repo: did:plc:t3y3byzkulckpuaqrsuy4rob')
2026-03-28T21:19:47Z WARNING bsky_collector_v2.job.index_feed_generators: listRecords failed repo=did:plc:t527whjkv2g4t7pyqqsxjyo5 err=HttpError('InvalidRequest: Could not find repo: did:plc:t527whjkv2g4t7pyqqsxjyo5')
2026-03-28T21:19:47Z WARNING bsky_collector_v2.job.index_feed_generators: listRecords failed repo=did:plc:ubzhmaxljdawwq7kciitmqgu err=HttpError('InvalidRequest: Could not find repo: did:plc:ubzhmaxljdawwq7kciitmqgu')
2026-03-28T21:19:47Z WARNING bsky_collector_v2.job.index_feed_generators: listRecords failed repo=did:plc:ueutjq27fewh25gl2pi5pyse err=HttpError('InvalidRequest: Could not find repo: did:plc:ueutjq27fewh25gl2pi5pyse')
2026-03-28T21:19:48Z WARNING bsky_collector_v2.job.index_feed_generators: listRecords failed repo=did:plc:xqvetdzrl2th4gi2i2antkro err=HttpError('InvalidRequest: Could not find repo: did:plc:xqvetdzrl2th4gi2i2antkro')
2026-03-28T21:19:48Z WARNING bsky_collector_v2.job.index_feed_generators: listRecords failed repo=did:plc:4isjronle6ejw735mvinegbo err=HttpError('InvalidRequest: Could not find repo: did:plc:4isjronle6ejw735mvinegbo')
2026-03-28T21:19:48Z WARNING bsky_collector_v2.job.index_feed_generators: listRecords failed repo=did:plc:4wzqoxkma7m6cfbnsd4urudz err=HttpError('InvalidRequest: Could not find repo: did:plc:4wzqoxkma7m6cfbnsd4urudz')
2026-03-28T21:19:48Z WARNING bsky_collector_v2.job.index_feed_generators: listRecords failed repo=did:plc:53r7hrull6mkyspn6stdhymd err=HttpError('InvalidRequest: Could not find repo: did:plc:53r7hrull6mkyspn6stdhymd')
2026-03-28T21:19:48Z WARNING bsky_collector_v2.job.index_feed_generators: listRecords failed repo=did:plc:5tkjxwknoa5uslikwhbl7kuy err=HttpError('InvalidRequest: Could not find repo: did:plc:5tkjxwknoa5uslikwhbl7kuy')
2026-03-28T21:19:48Z WARNING bsky_collector_v2.job.index_feed_generators: listRecords failed repo=did:plc:nlujyrlavbbevrln3oxvi2tt err=HttpError('InvalidRequest: Could not find repo: did:plc:nlujyrlavbbevrln3oxvi2tt')
2026-03-28T21:19:48Z WARNING bsky_collector_v2.job.index_feed_generators: listRecords failed repo=did:plc:oeslhpi2oruk4t5jhipuytan err=HttpError('InvalidRequest: Could not find repo: did:plc:oeslhpi2oruk4t5jhipuytan')
2026-03-28T21:19:48Z WARNING bsky_collector_v2.job.index_feed_generators: listRecords failed repo=did:plc:p7ettv2vbjxe3xgb6xodyfn2 err=HttpError('InvalidRequest: Could not find repo: did:plc:p7ettv2vbjxe3xgb6xodyfn2')
2026-03-28T21:19:48Z WARNING bsky_collector_v2.job.index_feed_generators: listRecords failed repo=did:plc:qnwtopksm5iahmryrkbznjji err=HttpError('InvalidRequest: Could not find repo: did:plc:qnwtopksm5iahmryrkbznjji')
2026-03-28T21:19:48Z WARNING bsky_collector_v2.job.index_feed_generators: listRecords failed repo=did:plc:sknfpycolvcn45mt3d452yji err=HttpError('InvalidRequest: Could not find repo: did:plc:sknfpycolvcn45mt3d452yji')
2026-03-28T21:19:48Z WARNING bsky_collector_v2.job.index_feed_generators: listRecords failed repo=did:plc:t3y3byzkulckpuaqrsuy4rob err=HttpError('InvalidRequest: Could not find repo: did:plc:t3y3byzkulckpuaqrsuy4rob')
2026-03-28T21:19:48Z WARNING bsky_collector_v2.job.index_feed_generators: listRecords failed repo=did:plc:t527whjkv2g4t7pyqqsxjyo5 err=HttpError('InvalidRequest: Could not find repo: did:plc:t527whjkv2g4t7pyqqsxjyo5')
2026-03-28T21:19:48Z WARNING bsky_collector_v2.job.index_feed_generators: listRecords failed repo=did:plc:ubzhmaxljdawwq7kciitmqgu err=HttpError('InvalidRequest: Could not find repo: did:plc:ubzhmaxljdawwq7kciitmqgu')
2026-03-28T21:19:48Z WARNING bsky_collector_v2.job.index_feed_generators: listRecords failed repo=did:plc:ueutjq27fewh25gl2pi5pyse err=HttpError('InvalidRequest: Could not find repo: did:plc:ueutjq27fewh25gl2pi5pyse')
2026-03-28T21:19:48Z WARNING bsky_collector_v2.job.index_feed_generators: listRecords failed repo=did:plc:xqvetdzrl2th4gi2i2antkro err=HttpError('InvalidRequest: Could not find repo: did:plc:xqvetdzrl2th4gi2i2antkro')
2026-03-28T21:19:49Z INFO bsky_collector_v2.job.index_feed_generators: enqueued repos page=8 mode=listRepos inserted=500 repos_returned=500 next_cursor=set
2026-03-28T21:19:50Z WARNING bsky_collector_v2.job.index_feed_generators: listRecords failed repo=did:plc:2jbvc5upngwmwhiapq2uqvwl err=HttpError('InvalidRequest: Could not find repo: did:plc:2jbvc5upngwmwhiapq2uqvwl')
2026-03-28T21:20:05Z WARNING bsky_collector_v2.job.index_feed_generators: listRecords failed repo=did:plc:7ndgihzbo7qwpmzqghifkxfe err=HttpError('InvalidRequest: Could not find repo: did:plc:7ndgihzbo7qwpmzqghifkxfe')
2026-03-28T21:20:21Z WARNING bsky_collector_v2.job.index_feed_generators: listRecords failed repo=did:plc:f43kkwnxdq735u43hqqodyv7 err=HttpError('InvalidRequest: Could not find repo: did:plc:f43kkwnxdq735u43hqqodyv7')
2026-03-28T21:20:34Z WARNING bsky_collector_v2.job.index_feed_generators: listRecords failed repo=did:plc:kqpl3rcxztsuh2jwtt3okm7f err=HttpError('InvalidRequest: Could not find repo: did:plc:kqpl3rcxztsuh2jwtt3okm7f')
2026-03-28T21:20:37Z WARNING bsky_collector_v2.job.index_feed_generators: listRecords failed repo=did:plc:m4dlzdg7fv3t7vroblfwq35e err=HttpError('InvalidRequest: Could not find repo: did:plc:m4dlzdg7fv3t7vroblfwq35e')
2026-03-28T21:20:46Z WARNING bsky_collector_v2.job.index_feed_generators: listRecords failed repo=did:plc:q2qqc6xkowpurfyanuijyy4n err=HttpError('InvalidRequest: Could not find repo: did:plc:q2qqc6xkowpurfyanuijyy4n')
2026-03-28T21:20:53Z WARNING bsky_collector_v2.job.index_feed_generators: listRecords failed repo=did:plc:s2x3xuulnu4gsgdbqj4orlla err=HttpError('InvalidRequest: Could not find repo: did:plc:s2x3xuulnu4gsgdbqj4orlla')
2026-03-28T21:21:19Z WARNING bsky_collector_v2.job.index_feed_generators: listRecords failed repo=did:plc:2jbvc5upngwmwhiapq2uqvwl err=HttpError('InvalidRequest: Could not find repo: did:plc:2jbvc5upngwmwhiapq2uqvwl')
2026-03-28T21:21:19Z WARNING bsky_collector_v2.job.index_feed_generators: listRecords failed repo=did:plc:7ndgihzbo7qwpmzqghifkxfe err=HttpError('InvalidRequest: Could not find repo: did:plc:7ndgihzbo7qwpmzqghifkxfe')
2026-03-28T21:21:19Z WARNING bsky_collector_v2.job.index_feed_generators: listRecords failed repo=did:plc:f43kkwnxdq735u43hqqodyv7 err=HttpError('InvalidRequest: Could not find repo: did:plc:f43kkwnxdq735u43hqqodyv7')
2026-03-28T21:21:19Z WARNING bsky_collector_v2.job.index_feed_generators: listRecords failed repo=did:plc:kqpl3rcxztsuh2jwtt3okm7f err=HttpError('InvalidRequest: Could not find repo: did:plc:kqpl3rcxztsuh2jwtt3okm7f')
2026-03-28T21:21:19Z WARNING bsky_collector_v2.job.index_feed_generators: listRecords failed repo=did:plc:m4dlzdg7fv3t7vroblfwq35e err=HttpError('InvalidRequest: Could not find repo: did:plc:m4dlzdg7fv3t7vroblfwq35e')
2026-03-28T21:21:19Z WARNING bsky_collector_v2.job.index_feed_generators: listRecords failed repo=did:plc:q2qqc6xkowpurfyanuijyy4n err=HttpError('InvalidRequest: Could not find repo: did:plc:q2qqc6xkowpurfyanuijyy4n')
2026-03-28T21:21:20Z WARNING bsky_collector_v2.job.index_feed_generators: listRecords failed repo=did:plc:s2x3xuulnu4gsgdbqj4orlla err=HttpError('InvalidRequest: Could not find repo: did:plc:s2x3xuulnu4gsgdbqj4orlla')
2026-03-28T21:21:20Z WARNING bsky_collector_v2.job.index_feed_generators: listRecords failed repo=did:plc:2jbvc5upngwmwhiapq2uqvwl err=HttpError('InvalidRequest: Could not find repo: did:plc:2jbvc5upngwmwhiapq2uqvwl')
2026-03-28T21:21:20Z WARNING bsky_collector_v2.job.index_feed_generators: listRecords failed repo=did:plc:7ndgihzbo7qwpmzqghifkxfe err=HttpError('InvalidRequest: Could not find repo: did:plc:7ndgihzbo7qwpmzqghifkxfe')
2026-03-28T21:21:20Z WARNING bsky_collector_v2.job.index_feed_generators: listRecords failed repo=did:plc:f43kkwnxdq735u43hqqodyv7 err=HttpError('InvalidRequest: Could not find repo: did:plc:f43kkwnxdq735u43hqqodyv7')
2026-03-28T21:21:20Z WARNING bsky_collector_v2.job.index_feed_generators: listRecords failed repo=did:plc:kqpl3rcxztsuh2jwtt3okm7f err=HttpError('InvalidRequest: Could not find repo: did:plc:kqpl3rcxztsuh2jwtt3okm7f')
2026-03-28T21:21:20Z WARNING bsky_collector_v2.job.index_feed_generators: listRecords failed repo=did:plc:m4dlzdg7fv3t7vroblfwq35e err=HttpError('InvalidRequest: Could not find repo: did:plc:m4dlzdg7fv3t7vroblfwq35e')
2026-03-28T21:21:20Z WARNING bsky_collector_v2.job.index_feed_generators: listRecords failed repo=did:plc:q2qqc6xkowpurfyanuijyy4n err=HttpError('InvalidRequest: Could not find repo: did:plc:q2qqc6xkowpurfyanuijyy4n')
2026-03-28T21:21:20Z WARNING bsky_collector_v2.job.index_feed_generators: listRecords failed repo=did:plc:s2x3xuulnu4gsgdbqj4orlla err=HttpError('InvalidRequest: Could not find repo: did:plc:s2x3xuulnu4gsgdbqj4orlla')
2026-03-28T21:21:21Z INFO bsky_collector_v2.job.index_feed_generators: enqueued repos page=9 mode=listRepos inserted=500 repos_returned=500 next_cursor=set
2026-03-28T21:21:26Z WARNING bsky_collector_v2.job.index_feed_generators: listRecords failed repo=did:plc:2wljsvlydv6plnjgcpnzng3u err=HttpError('InvalidRequest: Could not find repo: did:plc:2wljsvlydv6plnjgcpnzng3u')
2026-03-28T21:21:36Z WARNING bsky_collector_v2.job.index_feed_generators: listRecords failed repo=did:plc:46hqy4wqrqdngq3seg4obiro err=HttpError('InvalidRequest: Could not find repo: did:plc:46hqy4wqrqdngq3seg4obiro')
2026-03-28T21:21:49Z WARNING bsky_collector_v2.job.index_feed_generators: listRecords failed repo=did:plc:6xibrbv2k4wj25yj2neszpy7 err=HttpError('InvalidRequest: Could not find repo: did:plc:6xibrbv2k4wj25yj2neszpy7')
2026-03-28T21:22:01Z WARNING bsky_collector_v2.job.index_feed_generators: listRecords failed repo=did:plc:b35wlgnduamvczrssynicqxw err=HttpError('InvalidRequest: Could not find repo: did:plc:b35wlgnduamvczrssynicqxw')
2026-03-28T21:22:04Z WARNING bsky_collector_v2.job.index_feed_generators: listRecords failed repo=did:plc:cjbegllvubozzgjnufqabrd4 err=HttpError('InvalidRequest: Could not find repo: did:plc:cjbegllvubozzgjnufqabrd4')
2026-03-28T21:22:07Z WARNING bsky_collector_v2.job.index_feed_generators: listRecords failed repo=did:plc:dn3knz6b7vfy6fx4fm3r2eqg err=HttpError('InvalidRequest: Could not find repo: did:plc:dn3knz6b7vfy6fx4fm3r2eqg')
2026-03-28T21:22:23Z WARNING bsky_collector_v2.job.index_feed_generators: listRecords failed repo=did:plc:jwo5oxxv6ls7g3oi2re3v6tz err=HttpError('InvalidRequest: Could not find repo: did:plc:jwo5oxxv6ls7g3oi2re3v6tz')
2026-03-28T21:22:35Z INFO bsky_collector_v2.job.index_feed_generators: indexed repo=did:plc:obaouahbyzwuzocfbtix5fek part=2 records=2 next_cursor=set
2026-03-28T21:22:47Z WARNING bsky_collector_v2.job.index_feed_generators: listRecords failed repo=did:plc:suu6ulbdpjz6m6n5uif7n7nf err=HttpError('InvalidRequest: Could not find repo: did:plc:suu6ulbdpjz6m6n5uif7n7nf')
2026-03-28T21:22:51Z WARNING bsky_collector_v2.job.index_feed_generators: listRecords failed repo=did:plc:tthkyhq6xnkffi7wlmmphhwq err=HttpError('InvalidRequest: Could not find repo: did:plc:tthkyhq6xnkffi7wlmmphhwq')
2026-03-28T21:22:54Z WARNING bsky_collector_v2.job.index_feed_generators: listRecords failed repo=did:plc:usuapc73zl7kx653dqxrn664 err=HttpError('InvalidRequest: Could not find repo: did:plc:usuapc73zl7kx653dqxrn664')
2026-03-28T21:22:58Z WARNING bsky_collector_v2.job.index_feed_generators: listRecords failed repo=did:plc:vu566xvzvfewfnwbjqpqcqcc err=HttpError('InvalidRequest: Could not find repo: did:plc:vu566xvzvfewfnwbjqpqcqcc')
2026-03-28T21:23:01Z WARNING bsky_collector_v2.job.index_feed_generators: listRecords failed repo=did:plc:wuiezoqifn6pq3sbpeot2rzi err=HttpError('InvalidRequest: Could not find repo: did:plc:wuiezoqifn6pq3sbpeot2rzi')
2026-03-28T21:23:08Z WARNING bsky_collector_v2.job.index_feed_generators: listRecords failed repo=did:plc:2wljsvlydv6plnjgcpnzng3u err=HttpError('InvalidRequest: Could not find repo: did:plc:2wljsvlydv6plnjgcpnzng3u')
2026-03-28T21:23:08Z WARNING bsky_collector_v2.job.index_feed_generators: listRecords failed repo=did:plc:46hqy4wqrqdngq3seg4obiro err=HttpError('InvalidRequest: Could not find repo: did:plc:46hqy4wqrqdngq3seg4obiro')
2026-03-28T21:23:08Z WARNING bsky_collector_v2.job.index_feed_generators: listRecords failed repo=did:plc:6xibrbv2k4wj25yj2neszpy7 err=HttpError('InvalidRequest: Could not find repo: did:plc:6xibrbv2k4wj25yj2neszpy7')
2026-03-28T21:23:08Z WARNING bsky_collector_v2.job.index_feed_generators: listRecords failed repo=did:plc:b35wlgnduamvczrssynicqxw err=HttpError('InvalidRequest: Could not find repo: did:plc:b35wlgnduamvczrssynicqxw')
2026-03-28T21:23:08Z WARNING bsky_collector_v2.job.index_feed_generators: listRecords failed repo=did:plc:cjbegllvubozzgjnufqabrd4 err=HttpError('InvalidRequest: Could not find repo: did:plc:cjbegllvubozzgjnufqabrd4')
2026-03-28T21:23:08Z WARNING bsky_collector_v2.job.index_feed_generators: listRecords failed repo=did:plc:dn3knz6b7vfy6fx4fm3r2eqg err=HttpError('InvalidRequest: Could not find repo: did:plc:dn3knz6b7vfy6fx4fm3r2eqg')
2026-03-28T21:23:08Z WARNING bsky_collector_v2.job.index_feed_generators: listRecords failed repo=did:plc:jwo5oxxv6ls7g3oi2re3v6tz err=HttpError('InvalidRequest: Could not find repo: did:plc:jwo5oxxv6ls7g3oi2re3v6tz')
2026-03-28T21:23:08Z WARNING bsky_collector_v2.job.index_feed_generators: listRecords failed repo=did:plc:suu6ulbdpjz6m6n5uif7n7nf err=HttpError('InvalidRequest: Could not find repo: did:plc:suu6ulbdpjz6m6n5uif7n7nf')
2026-03-28T21:23:08Z WARNING bsky_collector_v2.job.index_feed_generators: listRecords failed repo=did:plc:tthkyhq6xnkffi7wlmmphhwq err=HttpError('InvalidRequest: Could not find repo: did:plc:tthkyhq6xnkffi7wlmmphhwq')
2026-03-28T21:23:08Z WARNING bsky_collector_v2.job.index_feed_generators: listRecords failed repo=did:plc:usuapc73zl7kx653dqxrn664 err=HttpError('InvalidRequest: Could not find repo: did:plc:usuapc73zl7kx653dqxrn664')
2026-03-28T21:23:09Z WARNING bsky_collector_v2.job.index_feed_generators: listRecords failed repo=did:plc:vu566xvzvfewfnwbjqpqcqcc err=HttpError('InvalidRequest: Could not find repo: did:plc:vu566xvzvfewfnwbjqpqcqcc')
2026-03-28T21:23:09Z WARNING bsky_collector_v2.job.index_feed_generators: listRecords failed repo=did:plc:wuiezoqifn6pq3sbpeot2rzi err=HttpError('InvalidRequest: Could not find repo: did:plc:wuiezoqifn6pq3sbpeot2rzi')
2026-03-28T21:23:09Z WARNING bsky_collector_v2.job.index_feed_generators: listRecords failed repo=did:plc:2wljsvlydv6plnjgcpnzng3u err=HttpError('InvalidRequest: Could not find repo: did:plc:2wljsvlydv6plnjgcpnzng3u')
2026-03-28T21:23:09Z WARNING bsky_collector_v2.job.index_feed_generators: listRecords failed repo=did:plc:46hqy4wqrqdngq3seg4obiro err=HttpError('InvalidRequest: Could not find repo: did:plc:46hqy4wqrqdngq3seg4obiro')
2026-03-28T21:23:09Z WARNING bsky_collector_v2.job.index_feed_generators: listRecords failed repo=did:plc:6xibrbv2k4wj25yj2neszpy7 err=HttpError('InvalidRequest: Could not find repo: did:plc:6xibrbv2k4wj25yj2neszpy7')
2026-03-28T21:23:09Z WARNING bsky_collector_v2.job.index_feed_generators: listRecords failed repo=did:plc:b35wlgnduamvczrssynicqxw err=HttpError('InvalidRequest: Could not find repo: did:plc:b35wlgnduamvczrssynicqxw')
2026-03-28T21:23:09Z WARNING bsky_collector_v2.job.index_feed_generators: listRecords failed repo=did:plc:cjbegllvubozzgjnufqabrd4 err=HttpError('InvalidRequest: Could not find repo: did:plc:cjbegllvubozzgjnufqabrd4')
2026-03-28T21:23:09Z WARNING bsky_collector_v2.job.index_feed_generators: listRecords failed repo=did:plc:dn3knz6b7vfy6fx4fm3r2eqg err=HttpError('InvalidRequest: Could not find repo: did:plc:dn3knz6b7vfy6fx4fm3r2eqg')
2026-03-28T21:23:09Z WARNING bsky_collector_v2.job.index_feed_generators: listRecords failed repo=did:plc:jwo5oxxv6ls7g3oi2re3v6tz err=HttpError('InvalidRequest: Could not find repo: did:plc:jwo5oxxv6ls7g3oi2re3v6tz')
2026-03-28T21:23:09Z WARNING bsky_collector_v2.job.index_feed_generators: listRecords failed repo=did:plc:suu6ulbdpjz6m6n5uif7n7nf err=HttpError('InvalidRequest: Could not find repo: did:plc:suu6ulbdpjz6m6n5uif7n7nf')
2026-03-28T21:23:09Z WARNING bsky_collector_v2.job.index_feed_generators: listRecords failed repo=did:plc:tthkyhq6xnkffi7wlmmphhwq err=HttpError('InvalidRequest: Could not find repo: did:plc:tthkyhq6xnkffi7wlmmphhwq')
2026-03-28T21:23:09Z WARNING bsky_collector_v2.job.index_feed_generators: listRecords failed repo=did:plc:usuapc73zl7kx653dqxrn664 err=HttpError('InvalidRequest: Could not find repo: did:plc:usuapc73zl7kx653dqxrn664')
2026-03-28T21:23:09Z WARNING bsky_collector_v2.job.index_feed_generators: listRecords failed repo=did:plc:vu566xvzvfewfnwbjqpqcqcc err=HttpError('InvalidRequest: Could not find repo: did:plc:vu566xvzvfewfnwbjqpqcqcc')
2026-03-28T21:23:09Z WARNING bsky_collector_v2.job.index_feed_generators: listRecords failed repo=did:plc:wuiezoqifn6pq3sbpeot2rzi err=HttpError('InvalidRequest: Could not find repo: did:plc:wuiezoqifn6pq3sbpeot2rzi')
2026-03-28T21:23:10Z INFO bsky_collector_v2.job.index_feed_generators: enqueued repos page=10 mode=listRepos inserted=500 repos_returned=500 next_cursor=set
2026-03-28T21:23:20Z WARNING bsky_collector_v2.job.index_feed_generators: listRecords failed repo=did:plc:67pmydiluyzzzdjwmgdg4kjn err=HttpError('InvalidRequest: Could not find repo: did:plc:67pmydiluyzzzdjwmgdg4kjn')
2026-03-28T21:23:35Z WARNING bsky_collector_v2.job.index_feed_generators: listRecords failed repo=did:plc:dlxa6xglnevgshddrhscr6nj err=HttpError('InvalidRequest: Could not find repo: did:plc:dlxa6xglnevgshddrhscr6nj')
2026-03-28T21:23:55Z WARNING bsky_collector_v2.job.index_feed_generators: listRecords failed repo=did:plc:k4ria7b2tgcqtjyhmpf3zxqs err=HttpError('InvalidRequest: Could not find repo: did:plc:k4ria7b2tgcqtjyhmpf3zxqs')
2026-03-28T21:23:57Z WARNING bsky_collector_v2.job.index_feed_generators: listRecords failed repo=did:plc:kfcfu27ls5abowiuyhbkup2v err=HttpError('InvalidRequest: Could not find repo: did:plc:kfcfu27ls5abowiuyhbkup2v')
2026-03-28T21:24:03Z INFO bsky_collector_v2.job.index_feed_generators: indexed repo=did:plc:mdzjg6735j3x3ajv2bmnn73w part=3 records=1 next_cursor=set
2026-03-28T21:24:03Z WARNING bsky_collector_v2.job.index_feed_generators: listRecords failed repo=did:plc:mfun6r4d73rcqjnwmrh5hzbv err=HttpError('InvalidRequest: Could not find repo: did:plc:mfun6r4d73rcqjnwmrh5hzbv')
2026-03-28T21:24:09Z WARNING bsky_collector_v2.job.index_feed_generators: listRecords failed repo=did:plc:opo4q4tneju6zrfugjo6p6ub err=HttpError('InvalidRequest: Could not find repo: did:plc:opo4q4tneju6zrfugjo6p6ub')
2026-03-28T21:24:09Z WARNING bsky_collector_v2.job.index_feed_generators: listRecords failed repo=did:plc:p2arwzlm32vr2r5tqg35ju4e err=HttpError('InvalidRequest: Could not find repo: did:plc:p2arwzlm32vr2r5tqg35ju4e')
2026-03-28T21:24:39Z WARNING bsky_collector_v2.job.index_feed_generators: listRecords failed repo=did:plc:67pmydiluyzzzdjwmgdg4kjn err=HttpError('InvalidRequest: Could not find repo: did:plc:67pmydiluyzzzdjwmgdg4kjn')
2026-03-28T21:24:39Z WARNING bsky_collector_v2.job.index_feed_generators: listRecords failed repo=did:plc:dlxa6xglnevgshddrhscr6nj err=HttpError('InvalidRequest: Could not find repo: did:plc:dlxa6xglnevgshddrhscr6nj')
2026-03-28T21:24:39Z WARNING bsky_collector_v2.job.index_feed_generators: listRecords failed repo=did:plc:k4ria7b2tgcqtjyhmpf3zxqs err=HttpError('InvalidRequest: Could not find repo: did:plc:k4ria7b2tgcqtjyhmpf3zxqs')
2026-03-28T21:24:39Z WARNING bsky_collector_v2.job.index_feed_generators: listRecords failed repo=did:plc:kfcfu27ls5abowiuyhbkup2v err=HttpError('InvalidRequest: Could not find repo: did:plc:kfcfu27ls5abowiuyhbkup2v')
2026-03-28T21:24:39Z WARNING bsky_collector_v2.job.index_feed_generators: listRecords failed repo=did:plc:mfun6r4d73rcqjnwmrh5hzbv err=HttpError('InvalidRequest: Could not find repo: did:plc:mfun6r4d73rcqjnwmrh5hzbv')
2026-03-28T21:24:39Z WARNING bsky_collector_v2.job.index_feed_generators: listRecords failed repo=did:plc:opo4q4tneju6zrfugjo6p6ub err=HttpError('InvalidRequest: Could not find repo: did:plc:opo4q4tneju6zrfugjo6p6ub')
2026-03-28T21:24:39Z WARNING bsky_collector_v2.job.index_feed_generators: listRecords failed repo=did:plc:p2arwzlm32vr2r5tqg35ju4e err=HttpError('InvalidRequest: Could not find repo: did:plc:p2arwzlm32vr2r5tqg35ju4e')
2026-03-28T21:24:40Z WARNING bsky_collector_v2.job.index_feed_generators: listRecords failed repo=did:plc:67pmydiluyzzzdjwmgdg4kjn err=HttpError('InvalidRequest: Could not find repo: did:plc:67pmydiluyzzzdjwmgdg4kjn')
2026-03-28T21:24:40Z WARNING bsky_collector_v2.job.index_feed_generators: listRecords failed repo=did:plc:dlxa6xglnevgshddrhscr6nj err=HttpError('InvalidRequest: Could not find repo: did:plc:dlxa6xglnevgshddrhscr6nj')
2026-03-28T21:24:40Z WARNING bsky_collector_v2.job.index_feed_generators: listRecords failed repo=did:plc:k4ria7b2tgcqtjyhmpf3zxqs err=HttpError('InvalidRequest: Could not find repo: did:plc:k4ria7b2tgcqtjyhmpf3zxqs')
2026-03-28T21:24:40Z WARNING bsky_collector_v2.job.index_feed_generators: listRecords failed repo=did:plc:kfcfu27ls5abowiuyhbkup2v err=HttpError('InvalidRequest: Could not find repo: did:plc:kfcfu27ls5abowiuyhbkup2v')
2026-03-28T21:24:40Z WARNING bsky_collector_v2.job.index_feed_generators: listRecords failed repo=did:plc:mfun6r4d73rcqjnwmrh5hzbv err=HttpError('InvalidRequest: Could not find repo: did:plc:mfun6r4d73rcqjnwmrh5hzbv')
2026-03-28T21:24:40Z WARNING bsky_collector_v2.job.index_feed_generators: listRecords failed repo=did:plc:opo4q4tneju6zrfugjo6p6ub err=HttpError('InvalidRequest: Could not find repo: did:plc:opo4q4tneju6zrfugjo6p6ub')
2026-03-28T21:24:40Z WARNING bsky_collector_v2.job.index_feed_generators: listRecords failed repo=did:plc:p2arwzlm32vr2r5tqg35ju4e err=HttpError('InvalidRequest: Could not find repo: did:plc:p2arwzlm32vr2r5tqg35ju4e')
2026-03-28T21:24:41Z INFO bsky_collector_v2.job.index_feed_generators: enqueued repos page=11 mode=listRepos inserted=500 repos_returned=500 next_cursor=set
2026-03-28T21:24:42Z WARNING bsky_collector_v2.job.index_feed_generators: listRecords failed repo=did:plc:2kztysnygnad33m3blw4pwi4 err=HttpError('InvalidRequest: Could not find repo: did:plc:2kztysnygnad33m3blw4pwi4')
2026-03-28T21:24:48Z WARNING bsky_collector_v2.job.index_feed_generators: listRecords failed repo=did:plc:46b7ognn7i55d2ejwkurb3rw err=HttpError('InvalidRequest: Could not find repo: did:plc:46b7ognn7i55d2ejwkurb3rw')
2026-03-28T21:25:42Z WARNING bsky_collector_v2.job.index_feed_generators: listRecords failed repo=did:plc:pdeu4cdxhwm3mrcy2y4ix2c5 err=HttpError('InvalidRequest: Could not find repo: did:plc:pdeu4cdxhwm3mrcy2y4ix2c5')
2026-03-28T21:25:48Z WARNING bsky_collector_v2.job.index_feed_generators: listRecords failed repo=did:plc:rbei5wvtqpy6mp7hkv77urfy err=HttpError('InvalidRequest: Could not find repo: did:plc:rbei5wvtqpy6mp7hkv77urfy')
2026-03-28T21:25:54Z WARNING bsky_collector_v2.job.index_feed_generators: listRecords failed repo=did:plc:tvkpheto2fpzvaipoyobxyl7 err=HttpError('InvalidRequest: Could not find repo: did:plc:tvkpheto2fpzvaipoyobxyl7')
2026-03-28T21:26:05Z WARNING bsky_collector_v2.job.index_feed_generators: listRecords failed repo=did:plc:xaka4vl4qrxatk4k44tvzzpw err=HttpError('InvalidRequest: Could not find repo: did:plc:xaka4vl4qrxatk4k44tvzzpw')
2026-03-28T21:26:12Z WARNING bsky_collector_v2.job.index_feed_generators: listRecords failed repo=did:plc:2kztysnygnad33m3blw4pwi4 err=HttpError('InvalidRequest: Could not find repo: did:plc:2kztysnygnad33m3blw4pwi4')
2026-03-28T21:26:12Z WARNING bsky_collector_v2.job.index_feed_generators: listRecords failed repo=did:plc:46b7ognn7i55d2ejwkurb3rw err=HttpError('InvalidRequest: Could not find repo: did:plc:46b7ognn7i55d2ejwkurb3rw')
2026-03-28T21:26:12Z WARNING bsky_collector_v2.job.index_feed_generators: listRecords failed repo=did:plc:pdeu4cdxhwm3mrcy2y4ix2c5 err=HttpError('InvalidRequest: Could not find repo: did:plc:pdeu4cdxhwm3mrcy2y4ix2c5')
2026-03-28T21:26:12Z WARNING bsky_collector_v2.job.index_feed_generators: listRecords failed repo=did:plc:rbei5wvtqpy6mp7hkv77urfy err=HttpError('InvalidRequest: Could not find repo: did:plc:rbei5wvtqpy6mp7hkv77urfy')
2026-03-28T21:26:12Z WARNING bsky_collector_v2.job.index_feed_generators: listRecords failed repo=did:plc:tvkpheto2fpzvaipoyobxyl7 err=HttpError('InvalidRequest: Could not find repo: did:plc:tvkpheto2fpzvaipoyobxyl7')
2026-03-28T21:26:12Z WARNING bsky_collector_v2.job.index_feed_generators: listRecords failed repo=did:plc:xaka4vl4qrxatk4k44tvzzpw err=HttpError('InvalidRequest: Could not find repo: did:plc:xaka4vl4qrxatk4k44tvzzpw')
2026-03-28T21:26:12Z WARNING bsky_collector_v2.job.index_feed_generators: listRecords failed repo=did:plc:2kztysnygnad33m3blw4pwi4 err=HttpError('InvalidRequest: Could not find repo: did:plc:2kztysnygnad33m3blw4pwi4')
2026-03-28T21:26:12Z WARNING bsky_collector_v2.job.index_feed_generators: listRecords failed repo=did:plc:46b7ognn7i55d2ejwkurb3rw err=HttpError('InvalidRequest: Could not find repo: did:plc:46b7ognn7i55d2ejwkurb3rw')
2026-03-28T21:26:12Z WARNING bsky_collector_v2.job.index_feed_generators: listRecords failed repo=did:plc:pdeu4cdxhwm3mrcy2y4ix2c5 err=HttpError('InvalidRequest: Could not find repo: did:plc:pdeu4cdxhwm3mrcy2y4ix2c5')
2026-03-28T21:26:12Z WARNING bsky_collector_v2.job.index_feed_generators: listRecords failed repo=did:plc:rbei5wvtqpy6mp7hkv77urfy err=HttpError('InvalidRequest: Could not find repo: did:plc:rbei5wvtqpy6mp7hkv77urfy')
2026-03-28T21:26:12Z WARNING bsky_collector_v2.job.index_feed_generators: listRecords failed repo=did:plc:tvkpheto2fpzvaipoyobxyl7 err=HttpError('InvalidRequest: Could not find repo: did:plc:tvkpheto2fpzvaipoyobxyl7')
2026-03-28T21:26:12Z WARNING bsky_collector_v2.job.index_feed_generators: listRecords failed repo=did:plc:xaka4vl4qrxatk4k44tvzzpw err=HttpError('InvalidRequest: Could not find repo: did:plc:xaka4vl4qrxatk4k44tvzzpw')
2026-03-28T21:26:13Z INFO bsky_collector_v2.job.index_feed_generators: enqueued repos page=12 mode=listRepos inserted=500 repos_returned=500 next_cursor=set
2026-03-28T21:26:24Z WARNING bsky_collector_v2.job.index_feed_generators: listRecords failed repo=did:plc:5yvgvmigvpgpcseuykljphzd err=HttpError('InvalidRequest: Could not find repo: did:plc:5yvgvmigvpgpcseuykljphzd')
2026-03-28T21:26:31Z WARNING bsky_collector_v2.job.index_feed_generators: listRecords failed repo=did:plc:afia3lmhh67atn36jjlgnmsp err=HttpError('InvalidRequest: Could not find repo: did:plc:afia3lmhh67atn36jjlgnmsp')
2026-03-28T21:26:40Z WARNING bsky_collector_v2.job.index_feed_generators: listRecords failed repo=did:plc:de4ktrvc6phpt2ka6rd5ursx err=HttpError('InvalidRequest: Could not find repo: did:plc:de4ktrvc6phpt2ka6rd5ursx')
2026-03-28T21:26:45Z WARNING bsky_collector_v2.job.index_feed_generators: listRecords failed repo=did:plc:erv7oqzn4vfa3q27wr5734zs err=HttpError('InvalidRequest: Could not find repo: did:plc:erv7oqzn4vfa3q27wr5734zs')
2026-03-28T21:26:56Z WARNING bsky_collector_v2.job.index_feed_generators: listRecords failed repo=did:plc:idiwu5aoen7qlvahg2o4pl3q err=HttpError('InvalidRequest: Could not find repo: did:plc:idiwu5aoen7qlvahg2o4pl3q')
2026-03-28T21:26:58Z WARNING bsky_collector_v2.job.index_feed_generators: listRecords failed repo=did:plc:jeghph3m4xbhz3wwlzj3nd2v err=HttpError('InvalidRequest: Could not find repo: did:plc:jeghph3m4xbhz3wwlzj3nd2v')
2026-03-28T21:27:09Z WARNING bsky_collector_v2.job.index_feed_generators: listRecords failed repo=did:plc:n5vcgjto55gezxx5y6jj3uhr err=HttpError('InvalidRequest: Could not find repo: did:plc:n5vcgjto55gezxx5y6jj3uhr')
2026-03-28T21:27:28Z WARNING bsky_collector_v2.job.index_feed_generators: listRecords failed repo=did:plc:ux6k3dmfn5fpkhukblklc7bc err=HttpError('InvalidRequest: Could not find repo: did:plc:ux6k3dmfn5fpkhukblklc7bc')
2026-03-28T21:27:34Z WARNING bsky_collector_v2.job.index_feed_generators: listRecords failed repo=did:plc:xtfpw3qveyliposi2k6sqa55 err=HttpError('InvalidRequest: Could not find repo: did:plc:xtfpw3qveyliposi2k6sqa55')
2026-03-28T21:27:38Z WARNING bsky_collector_v2.job.index_feed_generators: listRecords failed repo=did:plc:zx7qwvchtgq3ki2rv3hyo4js err=HttpError('InvalidRequest: Could not find repo: did:plc:zx7qwvchtgq3ki2rv3hyo4js')
2026-03-28T21:27:38Z WARNING bsky_collector_v2.job.index_feed_generators: listRecords failed repo=did:plc:5yvgvmigvpgpcseuykljphzd err=HttpError('InvalidRequest: Could not find repo: did:plc:5yvgvmigvpgpcseuykljphzd')
2026-03-28T21:27:38Z WARNING bsky_collector_v2.job.index_feed_generators: listRecords failed repo=did:plc:afia3lmhh67atn36jjlgnmsp err=HttpError('InvalidRequest: Could not find repo: did:plc:afia3lmhh67atn36jjlgnmsp')
2026-03-28T21:27:38Z WARNING bsky_collector_v2.job.index_feed_generators: listRecords failed repo=did:plc:de4ktrvc6phpt2ka6rd5ursx err=HttpError('InvalidRequest: Could not find repo: did:plc:de4ktrvc6phpt2ka6rd5ursx')
2026-03-28T21:27:38Z WARNING bsky_collector_v2.job.index_feed_generators: listRecords failed repo=did:plc:erv7oqzn4vfa3q27wr5734zs err=HttpError('InvalidRequest: Could not find repo: did:plc:erv7oqzn4vfa3q27wr5734zs')
2026-03-28T21:27:38Z WARNING bsky_collector_v2.job.index_feed_generators: listRecords failed repo=did:plc:idiwu5aoen7qlvahg2o4pl3q err=HttpError('InvalidRequest: Could not find repo: did:plc:idiwu5aoen7qlvahg2o4pl3q')
2026-03-28T21:27:38Z WARNING bsky_collector_v2.job.index_feed_generators: listRecords failed repo=did:plc:jeghph3m4xbhz3wwlzj3nd2v err=HttpError('InvalidRequest: Could not find repo: did:plc:jeghph3m4xbhz3wwlzj3nd2v')
2026-03-28T21:27:38Z WARNING bsky_collector_v2.job.index_feed_generators: listRecords failed repo=did:plc:n5vcgjto55gezxx5y6jj3uhr err=HttpError('InvalidRequest: Could not find repo: did:plc:n5vcgjto55gezxx5y6jj3uhr')
2026-03-28T21:27:38Z WARNING bsky_collector_v2.job.index_feed_generators: listRecords failed repo=did:plc:ux6k3dmfn5fpkhukblklc7bc err=HttpError('InvalidRequest: Could not find repo: did:plc:ux6k3dmfn5fpkhukblklc7bc')
2026-03-28T21:27:38Z WARNING bsky_collector_v2.job.index_feed_generators: listRecords failed repo=did:plc:xtfpw3qveyliposi2k6sqa55 err=HttpError('InvalidRequest: Could not find repo: did:plc:xtfpw3qveyliposi2k6sqa55')
2026-03-28T21:27:39Z WARNING bsky_collector_v2.job.index_feed_generators: listRecords failed repo=did:plc:zx7qwvchtgq3ki2rv3hyo4js err=HttpError('InvalidRequest: Could not find repo: did:plc:zx7qwvchtgq3ki2rv3hyo4js')
2026-03-28T21:27:39Z WARNING bsky_collector_v2.job.index_feed_generators: listRecords failed repo=did:plc:5yvgvmigvpgpcseuykljphzd err=HttpError('InvalidRequest: Could not find repo: did:plc:5yvgvmigvpgpcseuykljphzd')
2026-03-28T21:27:39Z WARNING bsky_collector_v2.job.index_feed_generators: listRecords failed repo=did:plc:afia3lmhh67atn36jjlgnmsp err=HttpError('InvalidRequest: Could not find repo: did:plc:afia3lmhh67atn36jjlgnmsp')
2026-03-28T21:27:39Z WARNING bsky_collector_v2.job.index_feed_generators: listRecords failed repo=did:plc:de4ktrvc6phpt2ka6rd5ursx err=HttpError('InvalidRequest: Could not find repo: did:plc:de4ktrvc6phpt2ka6rd5ursx')
2026-03-28T21:27:39Z WARNING bsky_collector_v2.job.index_feed_generators: listRecords failed repo=did:plc:erv7oqzn4vfa3q27wr5734zs err=HttpError('InvalidRequest: Could not find repo: did:plc:erv7oqzn4vfa3q27wr5734zs')
2026-03-28T21:27:39Z WARNING bsky_collector_v2.job.index_feed_generators: listRecords failed repo=did:plc:idiwu5aoen7qlvahg2o4pl3q err=HttpError('InvalidRequest: Could not find repo: did:plc:idiwu5aoen7qlvahg2o4pl3q')
2026-03-28T21:27:39Z WARNING bsky_collector_v2.job.index_feed_generators: listRecords failed repo=did:plc:jeghph3m4xbhz3wwlzj3nd2v err=HttpError('InvalidRequest: Could not find repo: did:plc:jeghph3m4xbhz3wwlzj3nd2v')
2026-03-28T21:27:39Z WARNING bsky_collector_v2.job.index_feed_generators: listRecords failed repo=did:plc:n5vcgjto55gezxx5y6jj3uhr err=HttpError('InvalidRequest: Could not find repo: did:plc:n5vcgjto55gezxx5y6jj3uhr')
2026-03-28T21:27:39Z WARNING bsky_collector_v2.job.index_feed_generators: listRecords failed repo=did:plc:ux6k3dmfn5fpkhukblklc7bc err=HttpError('InvalidRequest: Could not find repo: did:plc:ux6k3dmfn5fpkhukblklc7bc')
2026-03-28T21:27:39Z WARNING bsky_collector_v2.job.index_feed_generators: listRecords failed repo=did:plc:xtfpw3qveyliposi2k6sqa55 err=HttpError('InvalidRequest: Could not find repo: did:plc:xtfpw3qveyliposi2k6sqa55')
2026-03-28T21:27:39Z WARNING bsky_collector_v2.job.index_feed_generators: listRecords failed repo=did:plc:zx7qwvchtgq3ki2rv3hyo4js err=HttpError('InvalidRequest: Could not find repo: did:plc:zx7qwvchtgq3ki2rv3hyo4js')
2026-03-28T21:27:40Z INFO bsky_collector_v2.job.index_feed_generators: enqueued repos page=13 mode=listRepos inserted=500 repos_returned=500 next_cursor=set
2026-03-28T21:28:10Z WARNING bsky_collector_v2.job.index_feed_generators: listRecords failed repo=did:plc:cnnxnhicl2zd4f6akzpcax34 err=HttpError('InvalidRequest: Could not find repo: did:plc:cnnxnhicl2zd4f6akzpcax34')
2026-03-28T21:28:15Z WARNING bsky_collector_v2.job.index_feed_generators: listRecords failed repo=did:plc:fgmcs3asjqsoetnian6i6jxp err=HttpError('InvalidRequest: Could not find repo: did:plc:fgmcs3asjqsoetnian6i6jxp')
2026-03-28T21:28:48Z WARNING bsky_collector_v2.job.index_feed_generators: listRecords failed repo=did:plc:r3cs7kkfdkiaph7vsanmw3xe err=HttpError('InvalidRequest: Could not find repo: did:plc:r3cs7kkfdkiaph7vsanmw3xe')
2026-03-28T21:28:54Z WARNING bsky_collector_v2.job.index_feed_generators: listRecords failed repo=did:plc:szlbahjxmyohcbh27jtdieez err=HttpError('InvalidRequest: Could not find repo: did:plc:szlbahjxmyohcbh27jtdieez')
2026-03-28T21:29:13Z WARNING bsky_collector_v2.job.index_feed_generators: listRecords failed repo=did:plc:zrcwpnjaxi7egcgeccn2lwkg err=HttpError('InvalidRequest: Could not find repo: did:plc:zrcwpnjaxi7egcgeccn2lwkg')
2026-03-28T21:29:14Z WARNING bsky_collector_v2.job.index_feed_generators: listRecords failed repo=did:plc:cnnxnhicl2zd4f6akzpcax34 err=HttpError('InvalidRequest: Could not find repo: did:plc:cnnxnhicl2zd4f6akzpcax34')
2026-03-28T21:29:14Z WARNING bsky_collector_v2.job.index_feed_generators: listRecords failed repo=did:plc:fgmcs3asjqsoetnian6i6jxp err=HttpError('InvalidRequest: Could not find repo: did:plc:fgmcs3asjqsoetnian6i6jxp')
2026-03-28T21:29:14Z WARNING bsky_collector_v2.job.index_feed_generators: listRecords failed repo=did:plc:r3cs7kkfdkiaph7vsanmw3xe err=HttpError('InvalidRequest: Could not find repo: did:plc:r3cs7kkfdkiaph7vsanmw3xe')
2026-03-28T21:29:14Z WARNING bsky_collector_v2.job.index_feed_generators: listRecords failed repo=did:plc:szlbahjxmyohcbh27jtdieez err=HttpError('InvalidRequest: Could not find repo: did:plc:szlbahjxmyohcbh27jtdieez')
2026-03-28T21:29:14Z WARNING bsky_collector_v2.job.index_feed_generators: listRecords failed repo=did:plc:zrcwpnjaxi7egcgeccn2lwkg err=HttpError('InvalidRequest: Could not find repo: did:plc:zrcwpnjaxi7egcgeccn2lwkg')
2026-03-28T21:29:14Z WARNING bsky_collector_v2.job.index_feed_generators: listRecords failed repo=did:plc:cnnxnhicl2zd4f6akzpcax34 err=HttpError('InvalidRequest: Could not find repo: did:plc:cnnxnhicl2zd4f6akzpcax34')
2026-03-28T21:29:14Z WARNING bsky_collector_v2.job.index_feed_generators: listRecords failed repo=did:plc:fgmcs3asjqsoetnian6i6jxp err=HttpError('InvalidRequest: Could not find repo: did:plc:fgmcs3asjqsoetnian6i6jxp')
2026-03-28T21:29:14Z WARNING bsky_collector_v2.job.index_feed_generators: listRecords failed repo=did:plc:r3cs7kkfdkiaph7vsanmw3xe err=HttpError('InvalidRequest: Could not find repo: did:plc:r3cs7kkfdkiaph7vsanmw3xe')
2026-03-28T21:29:14Z WARNING bsky_collector_v2.job.index_feed_generators: listRecords failed repo=did:plc:szlbahjxmyohcbh27jtdieez err=HttpError('InvalidRequest: Could not find repo: did:plc:szlbahjxmyohcbh27jtdieez')
2026-03-28T21:29:14Z WARNING bsky_collector_v2.job.index_feed_generators: listRecords failed repo=did:plc:zrcwpnjaxi7egcgeccn2lwkg err=HttpError('InvalidRequest: Could not find repo: did:plc:zrcwpnjaxi7egcgeccn2lwkg')
2026-03-28T21:29:15Z INFO bsky_collector_v2.job.index_feed_generators: enqueued repos page=14 mode=listRepos inserted=500 repos_returned=500 next_cursor=set
2026-03-28T21:29:31Z WARNING bsky_collector_v2.job.index_feed_generators: listRecords failed repo=did:plc:7y7l34flupdzvud5ac5po4vi err=HttpError('InvalidRequest: Could not find repo: did:plc:7y7l34flupdzvud5ac5po4vi')
2026-03-28T21:29:39Z WARNING bsky_collector_v2.job.index_feed_generators: listRecords failed repo=did:plc:c2p2ycc4dfbalzxehhtbbapo err=HttpError('InvalidRequest: Could not find repo: did:plc:c2p2ycc4dfbalzxehhtbbapo')
2026-03-28T21:29:49Z WARNING bsky_collector_v2.job.index_feed_generators: listRecords failed repo=did:plc:flr536gf4jgutdnrqrweepl6 err=HttpError('InvalidRequest: Could not find repo: did:plc:flr536gf4jgutdnrqrweepl6')
2026-03-28T21:30:00Z WARNING bsky_collector_v2.job.index_feed_generators: listRecords failed repo=did:plc:jytbem3wzfgj3tiicy3av7yo err=HttpError('InvalidRequest: Could not find repo: did:plc:jytbem3wzfgj3tiicy3av7yo')
2026-03-28T21:30:05Z WARNING bsky_collector_v2.job.index_feed_generators: listRecords failed repo=did:plc:kxjzcmmryk3p76huz6cgvqpm err=HttpError('InvalidRequest: Could not find repo: did:plc:kxjzcmmryk3p76huz6cgvqpm')
2026-03-28T21:30:08Z WARNING bsky_collector_v2.job.index_feed_generators: listRecords failed repo=did:plc:mb2ble5kd6pzi2qbvqyzaezj err=HttpError('InvalidRequest: Could not find repo: did:plc:mb2ble5kd6pzi2qbvqyzaezj')
2026-03-28T21:30:10Z WARNING bsky_collector_v2.job.index_feed_generators: listRecords failed repo=did:plc:my2oimr7j3qgrhcazljrw622 err=HttpError('InvalidRequest: Could not find repo: did:plc:my2oimr7j3qgrhcazljrw622')
2026-03-28T21:30:46Z WARNING bsky_collector_v2.job.index_feed_generators: listRecords failed repo=did:plc:7y7l34flupdzvud5ac5po4vi err=HttpError('InvalidRequest: Could not find repo: did:plc:7y7l34flupdzvud5ac5po4vi')
2026-03-28T21:30:46Z WARNING bsky_collector_v2.job.index_feed_generators: listRecords failed repo=did:plc:c2p2ycc4dfbalzxehhtbbapo err=HttpError('InvalidRequest: Could not find repo: did:plc:c2p2ycc4dfbalzxehhtbbapo')
2026-03-28T21:30:46Z WARNING bsky_collector_v2.job.index_feed_generators: listRecords failed repo=did:plc:flr536gf4jgutdnrqrweepl6 err=HttpError('InvalidRequest: Could not find repo: did:plc:flr536gf4jgutdnrqrweepl6')
2026-03-28T21:30:46Z WARNING bsky_collector_v2.job.index_feed_generators: listRecords failed repo=did:plc:jytbem3wzfgj3tiicy3av7yo err=HttpError('InvalidRequest: Could not find repo: did:plc:jytbem3wzfgj3tiicy3av7yo')
2026-03-28T21:30:46Z WARNING bsky_collector_v2.job.index_feed_generators: listRecords failed repo=did:plc:kxjzcmmryk3p76huz6cgvqpm err=HttpError('InvalidRequest: Could not find repo: did:plc:kxjzcmmryk3p76huz6cgvqpm')
2026-03-28T21:30:46Z WARNING bsky_collector_v2.job.index_feed_generators: listRecords failed repo=did:plc:mb2ble5kd6pzi2qbvqyzaezj err=HttpError('InvalidRequest: Could not find repo: did:plc:mb2ble5kd6pzi2qbvqyzaezj')
2026-03-28T21:30:46Z WARNING bsky_collector_v2.job.index_feed_generators: listRecords failed repo=did:plc:my2oimr7j3qgrhcazljrw622 err=HttpError('InvalidRequest: Could not find repo: did:plc:my2oimr7j3qgrhcazljrw622')
2026-03-28T21:30:46Z WARNING bsky_collector_v2.job.index_feed_generators: listRecords failed repo=did:plc:7y7l34flupdzvud5ac5po4vi err=HttpError('InvalidRequest: Could not find repo: did:plc:7y7l34flupdzvud5ac5po4vi')
2026-03-28T21:30:46Z WARNING bsky_collector_v2.job.index_feed_generators: listRecords failed repo=did:plc:c2p2ycc4dfbalzxehhtbbapo err=HttpError('InvalidRequest: Could not find repo: did:plc:c2p2ycc4dfbalzxehhtbbapo')
2026-03-28T21:30:47Z WARNING bsky_collector_v2.job.index_feed_generators: listRecords failed repo=did:plc:flr536gf4jgutdnrqrweepl6 err=HttpError('InvalidRequest: Could not find repo: did:plc:flr536gf4jgutdnrqrweepl6')
2026-03-28T21:30:47Z WARNING bsky_collector_v2.job.index_feed_generators: listRecords failed repo=did:plc:jytbem3wzfgj3tiicy3av7yo err=HttpError('InvalidRequest: Could not find repo: did:plc:jytbem3wzfgj3tiicy3av7yo')
2026-03-28T21:30:47Z WARNING bsky_collector_v2.job.index_feed_generators: listRecords failed repo=did:plc:kxjzcmmryk3p76huz6cgvqpm err=HttpError('InvalidRequest: Could not find repo: did:plc:kxjzcmmryk3p76huz6cgvqpm')
2026-03-28T21:30:47Z WARNING bsky_collector_v2.job.index_feed_generators: listRecords failed repo=did:plc:mb2ble5kd6pzi2qbvqyzaezj err=HttpError('InvalidRequest: Could not find repo: did:plc:mb2ble5kd6pzi2qbvqyzaezj')
2026-03-28T21:30:47Z WARNING bsky_collector_v2.job.index_feed_generators: listRecords failed repo=did:plc:my2oimr7j3qgrhcazljrw622 err=HttpError('InvalidRequest: Could not find repo: did:plc:my2oimr7j3qgrhcazljrw622')
2026-03-28T21:30:47Z INFO bsky_collector_v2.job.index_feed_generators: enqueued repos page=15 mode=listRepos inserted=500 repos_returned=500 next_cursor=set
2026-03-28T21:30:51Z WARNING bsky_collector_v2.job.index_feed_generators: listRecords failed repo=did:plc:3afzzqtwbuiwu7yfk5vdnb6y err=HttpError('InvalidRequest: Could not find repo: did:plc:3afzzqtwbuiwu7yfk5vdnb6y')
2026-03-28T21:31:07Z WARNING bsky_collector_v2.job.index_feed_generators: listRecords failed repo=did:plc:bi4kce5xq4iuctedekytpngm err=HttpError('InvalidRequest: Could not find repo: did:plc:bi4kce5xq4iuctedekytpngm')
2026-03-28T21:31:08Z WARNING bsky_collector_v2.job.index_feed_generators: listRecords failed repo=did:plc:bz2x3zjnxhnxwlalwb5jnn3b err=HttpError('InvalidRequest: Could not find repo: did:plc:bz2x3zjnxhnxwlalwb5jnn3b')
2026-03-28T21:31:10Z WARNING bsky_collector_v2.job.index_feed_generators: listRecords failed repo=did:plc:d23ldup23vw2jaet4jl6lw35 err=HttpError('InvalidRequest: Could not find repo: did:plc:d23ldup23vw2jaet4jl6lw35')
2026-03-28T21:31:37Z INFO bsky_collector_v2.job.index_feed_generators: indexed repo=did:plc:l7phjk4wufllmrss2cpdh7yu part=4 records=3 next_cursor=set
2026-03-28T21:31:46Z WARNING bsky_collector_v2.job.index_feed_generators: listRecords failed repo=did:plc:oonkv22l3j7trxewlkc36yac err=HttpError('InvalidRequest: Could not find repo: did:plc:oonkv22l3j7trxewlkc36yac')
2026-03-28T21:32:28Z WARNING bsky_collector_v2.job.index_feed_generators: listRecords failed repo=did:plc:3afzzqtwbuiwu7yfk5vdnb6y err=HttpError('InvalidRequest: Could not find repo: did:plc:3afzzqtwbuiwu7yfk5vdnb6y')
2026-03-28T21:32:29Z WARNING bsky_collector_v2.job.index_feed_generators: listRecords failed repo=did:plc:bi4kce5xq4iuctedekytpngm err=HttpError('InvalidRequest: Could not find repo: did:plc:bi4kce5xq4iuctedekytpngm')
2026-03-28T21:32:29Z WARNING bsky_collector_v2.job.index_feed_generators: listRecords failed repo=did:plc:bz2x3zjnxhnxwlalwb5jnn3b err=HttpError('InvalidRequest: Could not find repo: did:plc:bz2x3zjnxhnxwlalwb5jnn3b')
2026-03-28T21:32:29Z WARNING bsky_collector_v2.job.index_feed_generators: listRecords failed repo=did:plc:d23ldup23vw2jaet4jl6lw35 err=HttpError('InvalidRequest: Could not find repo: did:plc:d23ldup23vw2jaet4jl6lw35')
2026-03-28T21:32:29Z WARNING bsky_collector_v2.job.index_feed_generators: listRecords failed repo=did:plc:oonkv22l3j7trxewlkc36yac err=HttpError('InvalidRequest: Could not find repo: did:plc:oonkv22l3j7trxewlkc36yac')
2026-03-28T21:32:29Z WARNING bsky_collector_v2.job.index_feed_generators: listRecords failed repo=did:plc:3afzzqtwbuiwu7yfk5vdnb6y err=HttpError('InvalidRequest: Could not find repo: did:plc:3afzzqtwbuiwu7yfk5vdnb6y')
2026-03-28T21:32:29Z WARNING bsky_collector_v2.job.index_feed_generators: listRecords failed repo=did:plc:bi4kce5xq4iuctedekytpngm err=HttpError('InvalidRequest: Could not find repo: did:plc:bi4kce5xq4iuctedekytpngm')
2026-03-28T21:32:29Z WARNING bsky_collector_v2.job.index_feed_generators: listRecords failed repo=did:plc:bz2x3zjnxhnxwlalwb5jnn3b err=HttpError('InvalidRequest: Could not find repo: did:plc:bz2x3zjnxhnxwlalwb5jnn3b')
2026-03-28T21:32:29Z WARNING bsky_collector_v2.job.index_feed_generators: listRecords failed repo=did:plc:d23ldup23vw2jaet4jl6lw35 err=HttpError('InvalidRequest: Could not find repo: did:plc:d23ldup23vw2jaet4jl6lw35')
2026-03-28T21:32:29Z WARNING bsky_collector_v2.job.index_feed_generators: listRecords failed repo=did:plc:oonkv22l3j7trxewlkc36yac err=HttpError('InvalidRequest: Could not find repo: did:plc:oonkv22l3j7trxewlkc36yac')
2026-03-28T21:32:30Z INFO bsky_collector_v2.job.index_feed_generators: enqueued repos page=16 mode=listRepos inserted=500 repos_returned=500 next_cursor=set
2026-03-28T21:32:31Z WARNING bsky_collector_v2.job.index_feed_generators: listRecords failed repo=did:plc:2kz4ljt6ggowgo6hf5rue5ka err=HttpError('InvalidRequest: Could not find repo: did:plc:2kz4ljt6ggowgo6hf5rue5ka')
2026-03-28T21:32:50Z WARNING bsky_collector_v2.job.index_feed_generators: listRecords failed repo=did:plc:c342bqxdoy2s4ppw5wnmbkui err=HttpError('InvalidRequest: Could not find repo: did:plc:c342bqxdoy2s4ppw5wnmbkui')
2026-03-28T21:32:56Z WARNING bsky_collector_v2.job.index_feed_generators: listRecords failed repo=did:plc:e2d5fvrx2uwsaw6c62xcpyvf err=HttpError('InvalidRequest: Could not find repo: did:plc:e2d5fvrx2uwsaw6c62xcpyvf')
2026-03-28T21:32:57Z WARNING bsky_collector_v2.job.index_feed_generators: listRecords failed repo=did:plc:eciozn3oyjtj44lkzgrykblz err=HttpError('InvalidRequest: Could not find repo: did:plc:eciozn3oyjtj44lkzgrykblz')
2026-03-28T21:33:09Z WARNING bsky_collector_v2.job.index_feed_generators: listRecords failed repo=did:plc:i4wiggtlbe6ajuew2fntgotl err=HttpError('InvalidRequest: Could not find repo: did:plc:i4wiggtlbe6ajuew2fntgotl')
2026-03-28T21:33:28Z WARNING bsky_collector_v2.job.index_feed_generators: listRecords failed repo=did:plc:oxbtuhmenh3gsf7bc2g2z24h err=HttpError('InvalidRequest: Could not find repo: did:plc:oxbtuhmenh3gsf7bc2g2z24h')
2026-03-28T21:33:33Z WARNING bsky_collector_v2.job.index_feed_generators: listRecords failed repo=did:plc:qc56iqv62zntsi3imkmke5ym err=HttpError('InvalidRequest: Could not find repo: did:plc:qc56iqv62zntsi3imkmke5ym')
2026-03-28T21:33:46Z WARNING bsky_collector_v2.job.index_feed_generators: listRecords failed repo=did:plc:tiouxh6rtroonlhymb6ubifq err=HttpError('InvalidRequest: Could not find repo: did:plc:tiouxh6rtroonlhymb6ubifq')
2026-03-28T21:33:56Z WARNING bsky_collector_v2.job.index_feed_generators: listRecords failed repo=did:plc:vzitl36gs33urry4v2tiqmne err=HttpError('InvalidRequest: Could not find repo: did:plc:vzitl36gs33urry4v2tiqmne')
2026-03-28T21:33:58Z WARNING bsky_collector_v2.job.index_feed_generators: listRecords failed repo=did:plc:wmevz2yxw2iyhjo67kfyq44a err=HttpError('InvalidRequest: Could not find repo: did:plc:wmevz2yxw2iyhjo67kfyq44a')
2026-03-28T21:34:01Z WARNING bsky_collector_v2.job.index_feed_generators: listRecords failed repo=did:plc:y7kaf2hgxsn7xwwb6o6hxxry err=HttpError('InvalidRequest: Could not find repo: did:plc:y7kaf2hgxsn7xwwb6o6hxxry')
2026-03-28T21:34:01Z INFO bsky_collector_v2.job.index_feed_generators: indexed repo=did:plc:ydecsc5cfvx64klt6idpnbv5 part=5 records=4 next_cursor=set
2026-03-28T21:34:07Z WARNING bsky_collector_v2.job.index_feed_generators: listRecords failed repo=did:plc:2kz4ljt6ggowgo6hf5rue5ka err=HttpError('InvalidRequest: Could not find repo: did:plc:2kz4ljt6ggowgo6hf5rue5ka')
2026-03-28T21:34:07Z WARNING bsky_collector_v2.job.index_feed_generators: listRecords failed repo=did:plc:c342bqxdoy2s4ppw5wnmbkui err=HttpError('InvalidRequest: Could not find repo: did:plc:c342bqxdoy2s4ppw5wnmbkui')
2026-03-28T21:34:07Z WARNING bsky_collector_v2.job.index_feed_generators: listRecords failed repo=did:plc:e2d5fvrx2uwsaw6c62xcpyvf err=HttpError('InvalidRequest: Could not find repo: did:plc:e2d5fvrx2uwsaw6c62xcpyvf')
2026-03-28T21:34:08Z WARNING bsky_collector_v2.job.index_feed_generators: listRecords failed repo=did:plc:eciozn3oyjtj44lkzgrykblz err=HttpError('InvalidRequest: Could not find repo: did:plc:eciozn3oyjtj44lkzgrykblz')
2026-03-28T21:34:08Z WARNING bsky_collector_v2.job.index_feed_generators: listRecords failed repo=did:plc:i4wiggtlbe6ajuew2fntgotl err=HttpError('InvalidRequest: Could not find repo: did:plc:i4wiggtlbe6ajuew2fntgotl')
2026-03-28T21:34:08Z WARNING bsky_collector_v2.job.index_feed_generators: listRecords failed repo=did:plc:oxbtuhmenh3gsf7bc2g2z24h err=HttpError('InvalidRequest: Could not find repo: did:plc:oxbtuhmenh3gsf7bc2g2z24h')
2026-03-28T21:34:08Z WARNING bsky_collector_v2.job.index_feed_generators: listRecords failed repo=did:plc:qc56iqv62zntsi3imkmke5ym err=HttpError('InvalidRequest: Could not find repo: did:plc:qc56iqv62zntsi3imkmke5ym')
2026-03-28T21:34:08Z WARNING bsky_collector_v2.job.index_feed_generators: listRecords failed repo=did:plc:tiouxh6rtroonlhymb6ubifq err=HttpError('InvalidRequest: Could not find repo: did:plc:tiouxh6rtroonlhymb6ubifq')
2026-03-28T21:34:08Z WARNING bsky_collector_v2.job.index_feed_generators: listRecords failed repo=did:plc:vzitl36gs33urry4v2tiqmne err=HttpError('InvalidRequest: Could not find repo: did:plc:vzitl36gs33urry4v2tiqmne')
2026-03-28T21:34:08Z WARNING bsky_collector_v2.job.index_feed_generators: listRecords failed repo=did:plc:wmevz2yxw2iyhjo67kfyq44a err=HttpError('InvalidRequest: Could not find repo: did:plc:wmevz2yxw2iyhjo67kfyq44a')
2026-03-28T21:34:08Z WARNING bsky_collector_v2.job.index_feed_generators: listRecords failed repo=did:plc:y7kaf2hgxsn7xwwb6o6hxxry err=HttpError('InvalidRequest: Could not find repo: did:plc:y7kaf2hgxsn7xwwb6o6hxxry')
2026-03-28T21:34:08Z WARNING bsky_collector_v2.job.index_feed_generators: listRecords failed repo=did:plc:2kz4ljt6ggowgo6hf5rue5ka err=HttpError('InvalidRequest: Could not find repo: did:plc:2kz4ljt6ggowgo6hf5rue5ka')
2026-03-28T21:34:08Z WARNING bsky_collector_v2.job.index_feed_generators: listRecords failed repo=did:plc:c342bqxdoy2s4ppw5wnmbkui err=HttpError('InvalidRequest: Could not find repo: did:plc:c342bqxdoy2s4ppw5wnmbkui')
2026-03-28T21:34:09Z WARNING bsky_collector_v2.job.index_feed_generators: listRecords failed repo=did:plc:e2d5fvrx2uwsaw6c62xcpyvf err=HttpError('InvalidRequest: Could not find repo: did:plc:e2d5fvrx2uwsaw6c62xcpyvf')
2026-03-28T21:34:09Z WARNING bsky_collector_v2.job.index_feed_generators: listRecords failed repo=did:plc:eciozn3oyjtj44lkzgrykblz err=HttpError('InvalidRequest: Could not find repo: did:plc:eciozn3oyjtj44lkzgrykblz')
2026-03-28T21:34:09Z WARNING bsky_collector_v2.job.index_feed_generators: listRecords failed repo=did:plc:i4wiggtlbe6ajuew2fntgotl err=HttpError('InvalidRequest: Could not find repo: did:plc:i4wiggtlbe6ajuew2fntgotl')
2026-03-28T21:34:09Z WARNING bsky_collector_v2.job.index_feed_generators: listRecords failed repo=did:plc:oxbtuhmenh3gsf7bc2g2z24h err=HttpError('InvalidRequest: Could not find repo: did:plc:oxbtuhmenh3gsf7bc2g2z24h')
2026-03-28T21:34:09Z WARNING bsky_collector_v2.job.index_feed_generators: listRecords failed repo=did:plc:qc56iqv62zntsi3imkmke5ym err=HttpError('InvalidRequest: Could not find repo: did:plc:qc56iqv62zntsi3imkmke5ym')
2026-03-28T21:34:09Z WARNING bsky_collector_v2.job.index_feed_generators: listRecords failed repo=did:plc:tiouxh6rtroonlhymb6ubifq err=HttpError('InvalidRequest: Could not find repo: did:plc:tiouxh6rtroonlhymb6ubifq')
2026-03-28T21:34:09Z WARNING bsky_collector_v2.job.index_feed_generators: listRecords failed repo=did:plc:vzitl36gs33urry4v2tiqmne err=HttpError('InvalidRequest: Could not find repo: did:plc:vzitl36gs33urry4v2tiqmne')
2026-03-28T21:34:09Z WARNING bsky_collector_v2.job.index_feed_generators: listRecords failed repo=did:plc:wmevz2yxw2iyhjo67kfyq44a err=HttpError('InvalidRequest: Could not find repo: did:plc:wmevz2yxw2iyhjo67kfyq44a')
2026-03-28T21:34:09Z WARNING bsky_collector_v2.job.index_feed_generators: listRecords failed repo=did:plc:y7kaf2hgxsn7xwwb6o6hxxry err=HttpError('InvalidRequest: Could not find repo: did:plc:y7kaf2hgxsn7xwwb6o6hxxry')
2026-03-28T21:34:10Z INFO bsky_collector_v2.job.index_feed_generators: enqueued repos page=17 mode=listRepos inserted=500 repos_returned=500 next_cursor=set
2026-03-28T21:34:12Z WARNING bsky_collector_v2.job.index_feed_generators: listRecords failed repo=did:plc:3johdbcwbnqgr4noejitfk5q err=HttpError('InvalidRequest: Could not find repo: did:plc:3johdbcwbnqgr4noejitfk5q')
2026-03-28T21:34:32Z WARNING bsky_collector_v2.job.index_feed_generators: listRecords failed repo=did:plc:7io2airw4etofbdsw6ghpv7f err=HttpError('InvalidRequest: Could not find repo: did:plc:7io2airw4etofbdsw6ghpv7f')
2026-03-28T21:34:35Z WARNING bsky_collector_v2.job.index_feed_generators: listRecords failed repo=did:plc:aexjxbeqq7y7jcsfsgsaxm6p err=HttpError('InvalidRequest: Could not find repo: did:plc:aexjxbeqq7y7jcsfsgsaxm6p')
2026-03-28T21:34:51Z WARNING bsky_collector_v2.job.index_feed_generators: listRecords failed repo=did:plc:fshlwtlpryjlbqoqqe6imase err=HttpError('InvalidRequest: Could not find repo: did:plc:fshlwtlpryjlbqoqqe6imase')
2026-03-28T21:34:54Z WARNING bsky_collector_v2.job.index_feed_generators: listRecords failed repo=did:plc:h6fhsfxloyxjx55deelhrffp err=HttpError('InvalidRequest: Could not find repo: did:plc:h6fhsfxloyxjx55deelhrffp')
2026-03-28T21:35:10Z WARNING bsky_collector_v2.job.index_feed_generators: listRecords failed repo=did:plc:nvyo2jwtuny2pbkargdbj42w err=HttpError('InvalidRequest: Could not find repo: did:plc:nvyo2jwtuny2pbkargdbj42w')
2026-03-28T21:35:11Z WARNING bsky_collector_v2.job.index_feed_generators: listRecords failed repo=did:plc:o77vr6b2qier6un2qfjrdtyq err=HttpError('InvalidRequest: Could not find repo: did:plc:o77vr6b2qier6un2qfjrdtyq')
2026-03-28T21:35:27Z WARNING bsky_collector_v2.job.index_feed_generators: listRecords failed repo=did:plc:tawp3cyec7m7eqrii32pfqey err=HttpError('InvalidRequest: Could not find repo: did:plc:tawp3cyec7m7eqrii32pfqey')
2026-03-28T21:35:30Z WARNING bsky_collector_v2.job.index_feed_generators: listRecords failed repo=did:plc:ugten4udlm53qgwklalcwlnj err=HttpError('InvalidRequest: Could not find repo: did:plc:ugten4udlm53qgwklalcwlnj')
2026-03-28T21:35:47Z WARNING bsky_collector_v2.job.index_feed_generators: listRecords failed repo=did:plc:3johdbcwbnqgr4noejitfk5q err=HttpError('InvalidRequest: Could not find repo: did:plc:3johdbcwbnqgr4noejitfk5q')
2026-03-28T21:35:47Z WARNING bsky_collector_v2.job.index_feed_generators: listRecords failed repo=did:plc:7io2airw4etofbdsw6ghpv7f err=HttpError('InvalidRequest: Could not find repo: did:plc:7io2airw4etofbdsw6ghpv7f')
2026-03-28T21:35:47Z WARNING bsky_collector_v2.job.index_feed_generators: listRecords failed repo=did:plc:aexjxbeqq7y7jcsfsgsaxm6p err=HttpError('InvalidRequest: Could not find repo: did:plc:aexjxbeqq7y7jcsfsgsaxm6p')
2026-03-28T21:35:47Z WARNING bsky_collector_v2.job.index_feed_generators: listRecords failed repo=did:plc:fshlwtlpryjlbqoqqe6imase err=HttpError('InvalidRequest: Could not find repo: did:plc:fshlwtlpryjlbqoqqe6imase')
2026-03-28T21:35:47Z WARNING bsky_collector_v2.job.index_feed_generators: listRecords failed repo=did:plc:h6fhsfxloyxjx55deelhrffp err=HttpError('InvalidRequest: Could not find repo: did:plc:h6fhsfxloyxjx55deelhrffp')
2026-03-28T21:35:47Z WARNING bsky_collector_v2.job.index_feed_generators: listRecords failed repo=did:plc:nvyo2jwtuny2pbkargdbj42w err=HttpError('InvalidRequest: Could not find repo: did:plc:nvyo2jwtuny2pbkargdbj42w')
2026-03-28T21:35:47Z WARNING bsky_collector_v2.job.index_feed_generators: listRecords failed repo=did:plc:o77vr6b2qier6un2qfjrdtyq err=HttpError('InvalidRequest: Could not find repo: did:plc:o77vr6b2qier6un2qfjrdtyq')
2026-03-28T21:35:48Z WARNING bsky_collector_v2.job.index_feed_generators: listRecords failed repo=did:plc:tawp3cyec7m7eqrii32pfqey err=HttpError('InvalidRequest: Could not find repo: did:plc:tawp3cyec7m7eqrii32pfqey')
2026-03-28T21:35:48Z WARNING bsky_collector_v2.job.index_feed_generators: listRecords failed repo=did:plc:ugten4udlm53qgwklalcwlnj err=HttpError('InvalidRequest: Could not find repo: did:plc:ugten4udlm53qgwklalcwlnj')
2026-03-28T21:35:48Z WARNING bsky_collector_v2.job.index_feed_generators: listRecords failed repo=did:plc:3johdbcwbnqgr4noejitfk5q err=HttpError('InvalidRequest: Could not find repo: did:plc:3johdbcwbnqgr4noejitfk5q')
2026-03-28T21:35:48Z WARNING bsky_collector_v2.job.index_feed_generators: listRecords failed repo=did:plc:7io2airw4etofbdsw6ghpv7f err=HttpError('InvalidRequest: Could not find repo: did:plc:7io2airw4etofbdsw6ghpv7f')
2026-03-28T21:35:48Z WARNING bsky_collector_v2.job.index_feed_generators: listRecords failed repo=did:plc:aexjxbeqq7y7jcsfsgsaxm6p err=HttpError('InvalidRequest: Could not find repo: did:plc:aexjxbeqq7y7jcsfsgsaxm6p')
2026-03-28T21:35:48Z WARNING bsky_collector_v2.job.index_feed_generators: listRecords failed repo=did:plc:fshlwtlpryjlbqoqqe6imase err=HttpError('InvalidRequest: Could not find repo: did:plc:fshlwtlpryjlbqoqqe6imase')
2026-03-28T21:35:48Z WARNING bsky_collector_v2.job.index_feed_generators: listRecords failed repo=did:plc:h6fhsfxloyxjx55deelhrffp err=HttpError('InvalidRequest: Could not find repo: did:plc:h6fhsfxloyxjx55deelhrffp')
2026-03-28T21:35:48Z WARNING bsky_collector_v2.job.index_feed_generators: listRecords failed repo=did:plc:nvyo2jwtuny2pbkargdbj42w err=HttpError('InvalidRequest: Could not find repo: did:plc:nvyo2jwtuny2pbkargdbj42w')
2026-03-28T21:35:48Z WARNING bsky_collector_v2.job.index_feed_generators: listRecords failed repo=did:plc:o77vr6b2qier6un2qfjrdtyq err=HttpError('InvalidRequest: Could not find repo: did:plc:o77vr6b2qier6un2qfjrdtyq')
2026-03-28T21:35:48Z WARNING bsky_collector_v2.job.index_feed_generators: listRecords failed repo=did:plc:tawp3cyec7m7eqrii32pfqey err=HttpError('InvalidRequest: Could not find repo: did:plc:tawp3cyec7m7eqrii32pfqey')
2026-03-28T21:35:48Z WARNING bsky_collector_v2.job.index_feed_generators: listRecords failed repo=did:plc:ugten4udlm53qgwklalcwlnj err=HttpError('InvalidRequest: Could not find repo: did:plc:ugten4udlm53qgwklalcwlnj')
2026-03-28T21:35:49Z INFO bsky_collector_v2.job.index_feed_generators: enqueued repos page=18 mode=listRepos inserted=500 repos_returned=500 next_cursor=set
2026-03-28T21:35:54Z WARNING bsky_collector_v2.job.index_feed_generators: listRecords failed repo=did:plc:4pok7cnpyhmdau5hoj6zz5bp err=HttpError('InvalidRequest: Could not find repo: did:plc:4pok7cnpyhmdau5hoj6zz5bp')
2026-03-28T21:36:11Z WARNING bsky_collector_v2.job.index_feed_generators: listRecords failed repo=did:plc:anonmzxzsb732qprtz3lm5cd err=HttpError('InvalidRequest: Could not find repo: did:plc:anonmzxzsb732qprtz3lm5cd')
2026-03-28T21:36:36Z WARNING bsky_collector_v2.job.index_feed_generators: listRecords failed repo=did:plc:i34qs5fc5cm2hgwg7suvqzm7 err=HttpError('InvalidRequest: Could not find repo: did:plc:i34qs5fc5cm2hgwg7suvqzm7')
2026-03-28T21:36:38Z WARNING bsky_collector_v2.job.index_feed_generators: listRecords failed repo=did:plc:itzsqmwkocopm6i6zyvnjjyf err=HttpError('InvalidRequest: Could not find repo: did:plc:itzsqmwkocopm6i6zyvnjjyf')
2026-03-28T21:36:45Z WARNING bsky_collector_v2.job.index_feed_generators: listRecords failed repo=did:plc:lupigm2toxpyognw5kl24czo err=HttpError('InvalidRequest: Could not find repo: did:plc:lupigm2toxpyognw5kl24czo')
2026-03-28T21:36:46Z WARNING bsky_collector_v2.job.index_feed_generators: listRecords failed repo=did:plc:mkwhg634grartc5rh4kq7up2 err=HttpError('InvalidRequest: Could not find repo: did:plc:mkwhg634grartc5rh4kq7up2')
2026-03-28T21:36:47Z WARNING bsky_collector_v2.job.index_feed_generators: listRecords failed repo=did:plc:mtetkitzueuhur5n3tjvzgvl err=HttpError('InvalidRequest: Could not find repo: did:plc:mtetkitzueuhur5n3tjvzgvl')
2026-03-28T21:36:51Z WARNING bsky_collector_v2.job.index_feed_generators: listRecords failed repo=did:plc:o6zjzqfgeacias6wmquur5st err=HttpError('InvalidRequest: Could not find repo: did:plc:o6zjzqfgeacias6wmquur5st')
2026-03-28T21:36:56Z WARNING bsky_collector_v2.job.index_feed_generators: listRecords failed repo=did:plc:pr2tgiofji64ihijtvwof63y err=HttpError('InvalidRequest: Could not find repo: did:plc:pr2tgiofji64ihijtvwof63y')
2026-03-28T21:37:04Z WARNING bsky_collector_v2.job.index_feed_generators: listRecords failed repo=did:plc:siayr2wjfnh3gibgvlwg7orl err=HttpError('InvalidRequest: Could not find repo: did:plc:siayr2wjfnh3gibgvlwg7orl')
2026-03-28T21:37:06Z WARNING bsky_collector_v2.job.index_feed_generators: listRecords failed repo=did:plc:ts5uwrwrdkew7ih3l2adodbj err=HttpError('InvalidRequest: Could not find repo: did:plc:ts5uwrwrdkew7ih3l2adodbj')
2026-03-28T21:37:09Z WARNING bsky_collector_v2.job.index_feed_generators: listRecords failed repo=did:plc:ut62o3nbyompn67r7onvul6f err=HttpError('InvalidRequest: Could not find repo: did:plc:ut62o3nbyompn67r7onvul6f')
2026-03-28T21:37:10Z WARNING bsky_collector_v2.job.index_feed_generators: listRecords failed repo=did:plc:vav6gllomqwfoo274oywx3bm err=HttpError('InvalidRequest: Could not find repo: did:plc:vav6gllomqwfoo274oywx3bm')
2026-03-28T21:37:15Z WARNING bsky_collector_v2.job.index_feed_generators: listRecords failed repo=did:plc:x5xkcqmthchhvszmbht5bldr err=HttpError('InvalidRequest: Could not find repo: did:plc:x5xkcqmthchhvszmbht5bldr')
2026-03-28T21:37:23Z WARNING bsky_collector_v2.job.index_feed_generators: listRecords failed repo=did:plc:4pok7cnpyhmdau5hoj6zz5bp err=HttpError('InvalidRequest: Could not find repo: did:plc:4pok7cnpyhmdau5hoj6zz5bp')
2026-03-28T21:37:23Z WARNING bsky_collector_v2.job.index_feed_generators: listRecords failed repo=did:plc:anonmzxzsb732qprtz3lm5cd err=HttpError('InvalidRequest: Could not find repo: did:plc:anonmzxzsb732qprtz3lm5cd')
2026-03-28T21:37:23Z WARNING bsky_collector_v2.job.index_feed_generators: listRecords failed repo=did:plc:i34qs5fc5cm2hgwg7suvqzm7 err=HttpError('InvalidRequest: Could not find repo: did:plc:i34qs5fc5cm2hgwg7suvqzm7')
2026-03-28T21:37:23Z WARNING bsky_collector_v2.job.index_feed_generators: listRecords failed repo=did:plc:itzsqmwkocopm6i6zyvnjjyf err=HttpError('InvalidRequest: Could not find repo: did:plc:itzsqmwkocopm6i6zyvnjjyf')
2026-03-28T21:37:23Z WARNING bsky_collector_v2.job.index_feed_generators: listRecords failed repo=did:plc:lupigm2toxpyognw5kl24czo err=HttpError('InvalidRequest: Could not find repo: did:plc:lupigm2toxpyognw5kl24czo')
2026-03-28T21:37:23Z WARNING bsky_collector_v2.job.index_feed_generators: listRecords failed repo=did:plc:mkwhg634grartc5rh4kq7up2 err=HttpError('InvalidRequest: Could not find repo: did:plc:mkwhg634grartc5rh4kq7up2')
2026-03-28T21:37:23Z WARNING bsky_collector_v2.job.index_feed_generators: listRecords failed repo=did:plc:mtetkitzueuhur5n3tjvzgvl err=HttpError('InvalidRequest: Could not find repo: did:plc:mtetkitzueuhur5n3tjvzgvl')
2026-03-28T21:37:23Z WARNING bsky_collector_v2.job.index_feed_generators: listRecords failed repo=did:plc:o6zjzqfgeacias6wmquur5st err=HttpError('InvalidRequest: Could not find repo: did:plc:o6zjzqfgeacias6wmquur5st')
2026-03-28T21:37:23Z WARNING bsky_collector_v2.job.index_feed_generators: listRecords failed repo=did:plc:pr2tgiofji64ihijtvwof63y err=HttpError('InvalidRequest: Could not find repo: did:plc:pr2tgiofji64ihijtvwof63y')
2026-03-28T21:37:24Z WARNING bsky_collector_v2.job.index_feed_generators: listRecords failed repo=did:plc:siayr2wjfnh3gibgvlwg7orl err=HttpError('InvalidRequest: Could not find repo: did:plc:siayr2wjfnh3gibgvlwg7orl')
2026-03-28T21:37:24Z WARNING bsky_collector_v2.job.index_feed_generators: listRecords failed repo=did:plc:ts5uwrwrdkew7ih3l2adodbj err=HttpError('InvalidRequest: Could not find repo: did:plc:ts5uwrwrdkew7ih3l2adodbj')
2026-03-28T21:37:24Z WARNING bsky_collector_v2.job.index_feed_generators: listRecords failed repo=did:plc:ut62o3nbyompn67r7onvul6f err=HttpError('InvalidRequest: Could not find repo: did:plc:ut62o3nbyompn67r7onvul6f')
2026-03-28T21:37:24Z WARNING bsky_collector_v2.job.index_feed_generators: listRecords failed repo=did:plc:vav6gllomqwfoo274oywx3bm err=HttpError('InvalidRequest: Could not find repo: did:plc:vav6gllomqwfoo274oywx3bm')
2026-03-28T21:37:24Z WARNING bsky_collector_v2.job.index_feed_generators: listRecords failed repo=did:plc:x5xkcqmthchhvszmbht5bldr err=HttpError('InvalidRequest: Could not find repo: did:plc:x5xkcqmthchhvszmbht5bldr')
2026-03-28T21:37:24Z WARNING bsky_collector_v2.job.index_feed_generators: listRecords failed repo=did:plc:4pok7cnpyhmdau5hoj6zz5bp err=HttpError('InvalidRequest: Could not find repo: did:plc:4pok7cnpyhmdau5hoj6zz5bp')
2026-03-28T21:37:24Z WARNING bsky_collector_v2.job.index_feed_generators: listRecords failed repo=did:plc:anonmzxzsb732qprtz3lm5cd err=HttpError('InvalidRequest: Could not find repo: did:plc:anonmzxzsb732qprtz3lm5cd')
2026-03-28T21:37:24Z WARNING bsky_collector_v2.job.index_feed_generators: listRecords failed repo=did:plc:i34qs5fc5cm2hgwg7suvqzm7 err=HttpError('InvalidRequest: Could not find repo: did:plc:i34qs5fc5cm2hgwg7suvqzm7')
2026-03-28T21:37:24Z WARNING bsky_collector_v2.job.index_feed_generators: listRecords failed repo=did:plc:itzsqmwkocopm6i6zyvnjjyf err=HttpError('InvalidRequest: Could not find repo: did:plc:itzsqmwkocopm6i6zyvnjjyf')
2026-03-28T21:37:24Z WARNING bsky_collector_v2.job.index_feed_generators: listRecords failed repo=did:plc:lupigm2toxpyognw5kl24czo err=HttpError('InvalidRequest: Could not find repo: did:plc:lupigm2toxpyognw5kl24czo')
2026-03-28T21:37:24Z WARNING bsky_collector_v2.job.index_feed_generators: listRecords failed repo=did:plc:mkwhg634grartc5rh4kq7up2 err=HttpError('InvalidRequest: Could not find repo: did:plc:mkwhg634grartc5rh4kq7up2')
2026-03-28T21:37:24Z WARNING bsky_collector_v2.job.index_feed_generators: listRecords failed repo=did:plc:mtetkitzueuhur5n3tjvzgvl err=HttpError('InvalidRequest: Could not find repo: did:plc:mtetkitzueuhur5n3tjvzgvl')
2026-03-28T21:37:24Z WARNING bsky_collector_v2.job.index_feed_generators: listRecords failed repo=did:plc:o6zjzqfgeacias6wmquur5st err=HttpError('InvalidRequest: Could not find repo: did:plc:o6zjzqfgeacias6wmquur5st')
2026-03-28T21:37:24Z WARNING bsky_collector_v2.job.index_feed_generators: listRecords failed repo=did:plc:pr2tgiofji64ihijtvwof63y err=HttpError('InvalidRequest: Could not find repo: did:plc:pr2tgiofji64ihijtvwof63y')
2026-03-28T21:37:24Z WARNING bsky_collector_v2.job.index_feed_generators: listRecords failed repo=did:plc:siayr2wjfnh3gibgvlwg7orl err=HttpError('InvalidRequest: Could not find repo: did:plc:siayr2wjfnh3gibgvlwg7orl')
2026-03-28T21:37:24Z WARNING bsky_collector_v2.job.index_feed_generators: listRecords failed repo=did:plc:ts5uwrwrdkew7ih3l2adodbj err=HttpError('InvalidRequest: Could not find repo: did:plc:ts5uwrwrdkew7ih3l2adodbj')
2026-03-28T21:37:24Z WARNING bsky_collector_v2.job.index_feed_generators: listRecords failed repo=did:plc:ut62o3nbyompn67r7onvul6f err=HttpError('InvalidRequest: Could not find repo: did:plc:ut62o3nbyompn67r7onvul6f')
2026-03-28T21:37:24Z WARNING bsky_collector_v2.job.index_feed_generators: listRecords failed repo=did:plc:vav6gllomqwfoo274oywx3bm err=HttpError('InvalidRequest: Could not find repo: did:plc:vav6gllomqwfoo274oywx3bm')
2026-03-28T21:37:24Z WARNING bsky_collector_v2.job.index_feed_generators: listRecords failed repo=did:plc:x5xkcqmthchhvszmbht5bldr err=HttpError('InvalidRequest: Could not find repo: did:plc:x5xkcqmthchhvszmbht5bldr')
2026-03-28T21:37:25Z INFO bsky_collector_v2.job.index_feed_generators: enqueued repos page=19 mode=listRepos inserted=500 repos_returned=500 next_cursor=set
2026-03-28T21:37:26Z WARNING bsky_collector_v2.job.index_feed_generators: listRecords failed repo=did:plc:2c4cenfskl3j3rvq3jy35xoz err=HttpError('InvalidRequest: Could not find repo: did:plc:2c4cenfskl3j3rvq3jy35xoz')
2026-03-28T21:37:40Z WARNING bsky_collector_v2.job.index_feed_generators: listRecords failed repo=did:plc:7j5enqjficjczvxvei673mqw err=HttpError('InvalidRequest: Could not find repo: did:plc:7j5enqjficjczvxvei673mqw')
2026-03-28T21:37:42Z WARNING bsky_collector_v2.job.index_feed_generators: listRecords failed repo=did:plc:aiv2htzp6x4kg3c2hnbg5zv3 err=HttpError('InvalidRequest: Could not find repo: did:plc:aiv2htzp6x4kg3c2hnbg5zv3')
2026-03-28T21:38:00Z WARNING bsky_collector_v2.job.index_feed_generators: listRecords failed repo=did:plc:haipxppqhwl7xac3bhd2n7of err=HttpError('InvalidRequest: Could not find repo: did:plc:haipxppqhwl7xac3bhd2n7of')
2026-03-28T21:38:03Z WARNING bsky_collector_v2.job.index_feed_generators: listRecords failed repo=did:plc:ilfbgt5i3drylxynkvlq52pm err=HttpError('InvalidRequest: Could not find repo: did:plc:ilfbgt5i3drylxynkvlq52pm')
2026-03-28T21:38:12Z WARNING bsky_collector_v2.job.index_feed_generators: listRecords failed repo=did:plc:m3amsscosshdun7tghgq34v6 err=HttpError('InvalidRequest: Could not find repo: did:plc:m3amsscosshdun7tghgq34v6')
2026-03-28T21:38:13Z WARNING bsky_collector_v2.job.index_feed_generators: listRecords failed repo=did:plc:mcghto4szwrahjfo6w3oalul err=HttpError('InvalidRequest: Could not find repo: did:plc:mcghto4szwrahjfo6w3oalul')
2026-03-28T21:38:14Z WARNING bsky_collector_v2.job.index_feed_generators: listRecords failed repo=did:plc:nkxmguwj5p5jirtbm3ddsb7n err=HttpError('InvalidRequest: Could not find repo: did:plc:nkxmguwj5p5jirtbm3ddsb7n')
2026-03-28T21:38:16Z WARNING bsky_collector_v2.job.index_feed_generators: listRecords failed repo=did:plc:nt666mkdxpxn2c6jymppjzmz err=HttpError('InvalidRequest: Could not find repo: did:plc:nt666mkdxpxn2c6jymppjzmz')
2026-03-28T21:38:23Z WARNING bsky_collector_v2.job.index_feed_generators: listRecords failed repo=did:plc:r5wgesyittlnmhusxsj4niv6 err=HttpError('InvalidRequest: Could not find repo: did:plc:r5wgesyittlnmhusxsj4niv6')
2026-03-28T21:38:27Z WARNING bsky_collector_v2.job.index_feed_generators: listRecords failed repo=did:plc:taijrufyksozfkdvbspcpddl err=HttpError('InvalidRequest: Could not find repo: did:plc:taijrufyksozfkdvbspcpddl')
2026-03-28T21:38:41Z WARNING bsky_collector_v2.job.index_feed_generators: listRecords failed repo=did:plc:xghe72mvmvxvmgbloyndjigm err=HttpError('InvalidRequest: Could not find repo: did:plc:xghe72mvmvxvmgbloyndjigm')
2026-03-28T21:38:48Z WARNING bsky_collector_v2.job.index_feed_generators: listRecords failed repo=did:plc:zi27sjll6di7kky4p6bb3ia7 err=HttpError('InvalidRequest: Could not find repo: did:plc:zi27sjll6di7kky4p6bb3ia7')
2026-03-28T21:38:48Z WARNING bsky_collector_v2.job.index_feed_generators: listRecords failed repo=did:plc:zo2crdkjio7ywins6dsxz2jt err=HttpError('InvalidRequest: Could not find repo: did:plc:zo2crdkjio7ywins6dsxz2jt')
2026-03-28T21:38:50Z WARNING bsky_collector_v2.job.index_feed_generators: listRecords failed repo=did:plc:2c4cenfskl3j3rvq3jy35xoz err=HttpError('InvalidRequest: Could not find repo: did:plc:2c4cenfskl3j3rvq3jy35xoz')
2026-03-28T21:38:50Z WARNING bsky_collector_v2.job.index_feed_generators: listRecords failed repo=did:plc:7j5enqjficjczvxvei673mqw err=HttpError('InvalidRequest: Could not find repo: did:plc:7j5enqjficjczvxvei673mqw')
2026-03-28T21:38:50Z WARNING bsky_collector_v2.job.index_feed_generators: listRecords failed repo=did:plc:aiv2htzp6x4kg3c2hnbg5zv3 err=HttpError('InvalidRequest: Could not find repo: did:plc:aiv2htzp6x4kg3c2hnbg5zv3')
2026-03-28T21:38:50Z WARNING bsky_collector_v2.job.index_feed_generators: listRecords failed repo=did:plc:haipxppqhwl7xac3bhd2n7of err=HttpError('InvalidRequest: Could not find repo: did:plc:haipxppqhwl7xac3bhd2n7of')
2026-03-28T21:38:50Z WARNING bsky_collector_v2.job.index_feed_generators: listRecords failed repo=did:plc:ilfbgt5i3drylxynkvlq52pm err=HttpError('InvalidRequest: Could not find repo: did:plc:ilfbgt5i3drylxynkvlq52pm')
2026-03-28T21:38:50Z WARNING bsky_collector_v2.job.index_feed_generators: listRecords failed repo=did:plc:m3amsscosshdun7tghgq34v6 err=HttpError('InvalidRequest: Could not find repo: did:plc:m3amsscosshdun7tghgq34v6')
2026-03-28T21:38:50Z WARNING bsky_collector_v2.job.index_feed_generators: listRecords failed repo=did:plc:mcghto4szwrahjfo6w3oalul err=HttpError('InvalidRequest: Could not find repo: did:plc:mcghto4szwrahjfo6w3oalul')
2026-03-28T21:38:51Z WARNING bsky_collector_v2.job.index_feed_generators: listRecords failed repo=did:plc:nkxmguwj5p5jirtbm3ddsb7n err=HttpError('InvalidRequest: Could not find repo: did:plc:nkxmguwj5p5jirtbm3ddsb7n')
2026-03-28T21:38:51Z WARNING bsky_collector_v2.job.index_feed_generators: listRecords failed repo=did:plc:nt666mkdxpxn2c6jymppjzmz err=HttpError('InvalidRequest: Could not find repo: did:plc:nt666mkdxpxn2c6jymppjzmz')
2026-03-28T21:38:51Z WARNING bsky_collector_v2.job.index_feed_generators: listRecords failed repo=did:plc:r5wgesyittlnmhusxsj4niv6 err=HttpError('InvalidRequest: Could not find repo: did:plc:r5wgesyittlnmhusxsj4niv6')
2026-03-28T21:38:51Z WARNING bsky_collector_v2.job.index_feed_generators: listRecords failed repo=did:plc:taijrufyksozfkdvbspcpddl err=HttpError('InvalidRequest: Could not find repo: did:plc:taijrufyksozfkdvbspcpddl')
2026-03-28T21:38:51Z WARNING bsky_collector_v2.job.index_feed_generators: listRecords failed repo=did:plc:xghe72mvmvxvmgbloyndjigm err=HttpError('InvalidRequest: Could not find repo: did:plc:xghe72mvmvxvmgbloyndjigm')
2026-03-28T21:38:51Z WARNING bsky_collector_v2.job.index_feed_generators: listRecords failed repo=did:plc:zi27sjll6di7kky4p6bb3ia7 err=HttpError('InvalidRequest: Could not find repo: did:plc:zi27sjll6di7kky4p6bb3ia7')
2026-03-28T21:38:51Z WARNING bsky_collector_v2.job.index_feed_generators: listRecords failed repo=did:plc:zo2crdkjio7ywins6dsxz2jt err=HttpError('InvalidRequest: Could not find repo: did:plc:zo2crdkjio7ywins6dsxz2jt')
2026-03-28T21:38:51Z WARNING bsky_collector_v2.job.index_feed_generators: listRecords failed repo=did:plc:2c4cenfskl3j3rvq3jy35xoz err=HttpError('InvalidRequest: Could not find repo: did:plc:2c4cenfskl3j3rvq3jy35xoz')
2026-03-28T21:38:51Z WARNING bsky_collector_v2.job.index_feed_generators: listRecords failed repo=did:plc:7j5enqjficjczvxvei673mqw err=HttpError('InvalidRequest: Could not find repo: did:plc:7j5enqjficjczvxvei673mqw')
2026-03-28T21:38:51Z WARNING bsky_collector_v2.job.index_feed_generators: listRecords failed repo=did:plc:aiv2htzp6x4kg3c2hnbg5zv3 err=HttpError('InvalidRequest: Could not find repo: did:plc:aiv2htzp6x4kg3c2hnbg5zv3')
2026-03-28T21:38:51Z WARNING bsky_collector_v2.job.index_feed_generators: listRecords failed repo=did:plc:haipxppqhwl7xac3bhd2n7of err=HttpError('InvalidRequest: Could not find repo: did:plc:haipxppqhwl7xac3bhd2n7of')
2026-03-28T21:38:51Z WARNING bsky_collector_v2.job.index_feed_generators: listRecords failed repo=did:plc:ilfbgt5i3drylxynkvlq52pm err=HttpError('InvalidRequest: Could not find repo: did:plc:ilfbgt5i3drylxynkvlq52pm')
2026-03-28T21:38:51Z WARNING bsky_collector_v2.job.index_feed_generators: listRecords failed repo=did:plc:m3amsscosshdun7tghgq34v6 err=HttpError('InvalidRequest: Could not find repo: did:plc:m3amsscosshdun7tghgq34v6')
2026-03-28T21:38:51Z WARNING bsky_collector_v2.job.index_feed_generators: listRecords failed repo=did:plc:mcghto4szwrahjfo6w3oalul err=HttpError('InvalidRequest: Could not find repo: did:plc:mcghto4szwrahjfo6w3oalul')
2026-03-28T21:38:51Z WARNING bsky_collector_v2.job.index_feed_generators: listRecords failed repo=did:plc:nkxmguwj5p5jirtbm3ddsb7n err=HttpError('InvalidRequest: Could not find repo: did:plc:nkxmguwj5p5jirtbm3ddsb7n')
2026-03-28T21:38:51Z WARNING bsky_collector_v2.job.index_feed_generators: listRecords failed repo=did:plc:nt666mkdxpxn2c6jymppjzmz err=HttpError('InvalidRequest: Could not find repo: did:plc:nt666mkdxpxn2c6jymppjzmz')
2026-03-28T21:38:51Z WARNING bsky_collector_v2.job.index_feed_generators: listRecords failed repo=did:plc:r5wgesyittlnmhusxsj4niv6 err=HttpError('InvalidRequest: Could not find repo: did:plc:r5wgesyittlnmhusxsj4niv6')
2026-03-28T21:38:51Z WARNING bsky_collector_v2.job.index_feed_generators: listRecords failed repo=did:plc:taijrufyksozfkdvbspcpddl err=HttpError('InvalidRequest: Could not find repo: did:plc:taijrufyksozfkdvbspcpddl')
2026-03-28T21:38:51Z WARNING bsky_collector_v2.job.index_feed_generators: listRecords failed repo=did:plc:xghe72mvmvxvmgbloyndjigm err=HttpError('InvalidRequest: Could not find repo: did:plc:xghe72mvmvxvmgbloyndjigm')
2026-03-28T21:38:51Z WARNING bsky_collector_v2.job.index_feed_generators: listRecords failed repo=did:plc:zi27sjll6di7kky4p6bb3ia7 err=HttpError('InvalidRequest: Could not find repo: did:plc:zi27sjll6di7kky4p6bb3ia7')
2026-03-28T21:38:52Z WARNING bsky_collector_v2.job.index_feed_generators: listRecords failed repo=did:plc:zo2crdkjio7ywins6dsxz2jt err=HttpError('InvalidRequest: Could not find repo: did:plc:zo2crdkjio7ywins6dsxz2jt')
2026-03-28T21:38:52Z INFO bsky_collector_v2.job.index_feed_generators: enqueued repos page=20 mode=listRepos inserted=500 repos_returned=500 next_cursor=set
2026-03-28T21:39:41Z WARNING bsky_collector_v2.job.index_feed_generators: listRecords failed repo=did:plc:ej37nxng4ld2dhyptejrv5ot err=HttpError('InvalidRequest: Could not find repo: did:plc:ej37nxng4ld2dhyptejrv5ot')
2026-03-28T21:39:51Z WARNING bsky_collector_v2.job.index_feed_generators: listRecords failed repo=did:plc:h7rygy5j2krx6nkighbvoq4w err=HttpError('InvalidRequest: Could not find repo: did:plc:h7rygy5j2krx6nkighbvoq4w')
2026-03-28T21:40:16Z WARNING bsky_collector_v2.job.index_feed_generators: listRecords failed repo=did:plc:q2k7eedtotoz26b7hqefsztj err=HttpError('InvalidRequest: Could not find repo: did:plc:q2k7eedtotoz26b7hqefsztj')
2026-03-28T21:40:32Z WARNING bsky_collector_v2.job.index_feed_generators: listRecords failed repo=did:plc:wpodm3o4xuy2m2gjulznsytx err=HttpError('InvalidRequest: Could not find repo: did:plc:wpodm3o4xuy2m2gjulznsytx')
2026-03-28T21:40:40Z WARNING bsky_collector_v2.job.index_feed_generators: listRecords failed repo=did:plc:ej37nxng4ld2dhyptejrv5ot err=HttpError('InvalidRequest: Could not find repo: did:plc:ej37nxng4ld2dhyptejrv5ot')
2026-03-28T21:40:40Z WARNING bsky_collector_v2.job.index_feed_generators: listRecords failed repo=did:plc:h7rygy5j2krx6nkighbvoq4w err=HttpError('InvalidRequest: Could not find repo: did:plc:h7rygy5j2krx6nkighbvoq4w')
2026-03-28T21:40:40Z WARNING bsky_collector_v2.job.index_feed_generators: listRecords failed repo=did:plc:q2k7eedtotoz26b7hqefsztj err=HttpError('InvalidRequest: Could not find repo: did:plc:q2k7eedtotoz26b7hqefsztj')
2026-03-28T21:40:40Z WARNING bsky_collector_v2.job.index_feed_generators: listRecords failed repo=did:plc:wpodm3o4xuy2m2gjulznsytx err=HttpError('InvalidRequest: Could not find repo: did:plc:wpodm3o4xuy2m2gjulznsytx')
2026-03-28T21:40:40Z WARNING bsky_collector_v2.job.index_feed_generators: listRecords failed repo=did:plc:ej37nxng4ld2dhyptejrv5ot err=HttpError('InvalidRequest: Could not find repo: did:plc:ej37nxng4ld2dhyptejrv5ot')
2026-03-28T21:40:40Z WARNING bsky_collector_v2.job.index_feed_generators: listRecords failed repo=did:plc:h7rygy5j2krx6nkighbvoq4w err=HttpError('InvalidRequest: Could not find repo: did:plc:h7rygy5j2krx6nkighbvoq4w')
2026-03-28T21:40:40Z WARNING bsky_collector_v2.job.index_feed_generators: listRecords failed repo=did:plc:q2k7eedtotoz26b7hqefsztj err=HttpError('InvalidRequest: Could not find repo: did:plc:q2k7eedtotoz26b7hqefsztj')
2026-03-28T21:40:40Z WARNING bsky_collector_v2.job.index_feed_generators: listRecords failed repo=did:plc:wpodm3o4xuy2m2gjulznsytx err=HttpError('InvalidRequest: Could not find repo: did:plc:wpodm3o4xuy2m2gjulznsytx')
2026-03-28T21:40:41Z INFO bsky_collector_v2.job.index_feed_generators: enqueued repos page=21 mode=listRepos inserted=500 repos_returned=500 next_cursor=set
2026-03-28T21:40:57Z WARNING bsky_collector_v2.job.index_feed_generators: listRecords failed repo=did:plc:7qgbtwkpsxbeang4z3ecvtuq err=HttpError('InvalidRequest: Could not find repo: did:plc:7qgbtwkpsxbeang4z3ecvtuq')
2026-03-28T21:41:06Z WARNING bsky_collector_v2.job.index_feed_generators: listRecords failed repo=did:plc:cqc5flztugg4ayz2z453l2pa err=HttpError('InvalidRequest: Could not find repo: did:plc:cqc5flztugg4ayz2z453l2pa')
2026-03-28T21:41:15Z WARNING bsky_collector_v2.job.index_feed_generators: listRecords failed repo=did:plc:fw4os5f22fexxq2ipqfe7unb err=HttpError('InvalidRequest: Could not find repo: did:plc:fw4os5f22fexxq2ipqfe7unb')
2026-03-28T21:42:17Z WARNING bsky_collector_v2.job.index_feed_generators: listRecords failed repo=did:plc:ygdviqwbrbn6wfqxjzfrr5ul err=HttpError('InvalidRequest: Could not find repo: did:plc:ygdviqwbrbn6wfqxjzfrr5ul')
2026-03-28T21:42:21Z WARNING bsky_collector_v2.job.index_feed_generators: listRecords failed repo=did:web:synth.download err=HttpError('InvalidRequest: Could not find repo: did:web:synth.download')
2026-03-28T21:42:22Z WARNING bsky_collector_v2.job.index_feed_generators: listRecords failed repo=did:plc:7qgbtwkpsxbeang4z3ecvtuq err=HttpError('InvalidRequest: Could not find repo: did:plc:7qgbtwkpsxbeang4z3ecvtuq')
2026-03-28T21:42:22Z WARNING bsky_collector_v2.job.index_feed_generators: listRecords failed repo=did:plc:cqc5flztugg4ayz2z453l2pa err=HttpError('InvalidRequest: Could not find repo: did:plc:cqc5flztugg4ayz2z453l2pa')
2026-03-28T21:42:22Z WARNING bsky_collector_v2.job.index_feed_generators: listRecords failed repo=did:plc:fw4os5f22fexxq2ipqfe7unb err=HttpError('InvalidRequest: Could not find repo: did:plc:fw4os5f22fexxq2ipqfe7unb')
2026-03-28T21:42:22Z WARNING bsky_collector_v2.job.index_feed_generators: listRecords failed repo=did:plc:ygdviqwbrbn6wfqxjzfrr5ul err=HttpError('InvalidRequest: Could not find repo: did:plc:ygdviqwbrbn6wfqxjzfrr5ul')
2026-03-28T21:42:22Z WARNING bsky_collector_v2.job.index_feed_generators: listRecords failed repo=did:web:synth.download err=HttpError('InvalidRequest: Could not find repo: did:web:synth.download')
2026-03-28T21:42:22Z WARNING bsky_collector_v2.job.index_feed_generators: listRecords failed repo=did:plc:7qgbtwkpsxbeang4z3ecvtuq err=HttpError('InvalidRequest: Could not find repo: did:plc:7qgbtwkpsxbeang4z3ecvtuq')
2026-03-28T21:42:22Z WARNING bsky_collector_v2.job.index_feed_generators: listRecords failed repo=did:plc:cqc5flztugg4ayz2z453l2pa err=HttpError('InvalidRequest: Could not find repo: did:plc:cqc5flztugg4ayz2z453l2pa')
2026-03-28T21:42:22Z WARNING bsky_collector_v2.job.index_feed_generators: listRecords failed repo=did:plc:fw4os5f22fexxq2ipqfe7unb err=HttpError('InvalidRequest: Could not find repo: did:plc:fw4os5f22fexxq2ipqfe7unb')
2026-03-28T21:42:22Z WARNING bsky_collector_v2.job.index_feed_generators: listRecords failed repo=did:plc:ygdviqwbrbn6wfqxjzfrr5ul err=HttpError('InvalidRequest: Could not find repo: did:plc:ygdviqwbrbn6wfqxjzfrr5ul')
2026-03-28T21:42:22Z WARNING bsky_collector_v2.job.index_feed_generators: listRecords failed repo=did:web:synth.download err=HttpError('InvalidRequest: Could not find repo: did:web:synth.download')
2026-03-28T21:42:22Z INFO bsky_collector_v2.job.index_feed_generators: enqueued repos page=22 mode=listRepos inserted=500 repos_returned=500 next_cursor=set
2026-03-28T21:42:31Z WARNING bsky_collector_v2.job.index_feed_generators: listRecords failed repo=did:plc:4tlnkte6hnvjow536icypdka err=HttpError('InvalidRequest: Could not find repo: did:plc:4tlnkte6hnvjow536icypdka')
2026-03-28T21:42:33Z WARNING bsky_collector_v2.job.index_feed_generators: listRecords failed repo=did:plc:5cu6sitzowugac6xhegk3o3b err=HttpError('InvalidRequest: Could not find repo: did:plc:5cu6sitzowugac6xhegk3o3b')
2026-03-28T21:42:39Z WARNING bsky_collector_v2.job.index_feed_generators: listRecords failed repo=did:plc:72fx7zgnv64daiyag5cspocx err=HttpError('InvalidRequest: Could not find repo: did:plc:72fx7zgnv64daiyag5cspocx')
2026-03-28T21:43:11Z INFO bsky_collector_v2.job.index_feed_generators: indexed repo=did:plc:k27aw6qmzlpiov44mzqyo4nh part=6 records=13 next_cursor=set
2026-03-28T21:43:20Z WARNING bsky_collector_v2.job.index_feed_generators: listRecords failed repo=did:plc:mvz7lthpo5hg6eboxwojypeb err=HttpError('InvalidRequest: Could not find repo: did:plc:mvz7lthpo5hg6eboxwojypeb')
2026-03-28T21:43:22Z WARNING bsky_collector_v2.job.index_feed_generators: listRecords failed repo=did:plc:nvss33aftixtptf75mpczp7v err=HttpError('InvalidRequest: Could not find repo: did:plc:nvss33aftixtptf75mpczp7v')
2026-03-28T21:43:30Z WARNING bsky_collector_v2.job.index_feed_generators: listRecords failed repo=did:plc:rcsmnxfcywocajlviwebgd23 err=HttpError('InvalidRequest: Could not find repo: did:plc:rcsmnxfcywocajlviwebgd23')
2026-03-28T21:43:36Z WARNING bsky_collector_v2.job.index_feed_generators: listRecords failed repo=did:plc:togwqnbp7ftgdy4xvbgxa34w err=HttpError('InvalidRequest: Could not find repo: did:plc:togwqnbp7ftgdy4xvbgxa34w')
2026-03-28T21:43:42Z WARNING bsky_collector_v2.job.index_feed_generators: listRecords failed repo=did:plc:vsrsebitbispb4bnglrbzjpe err=HttpError('InvalidRequest: Could not find repo: did:plc:vsrsebitbispb4bnglrbzjpe')
2026-03-28T21:43:54Z WARNING bsky_collector_v2.job.index_feed_generators: listRecords failed repo=did:plc:4tlnkte6hnvjow536icypdka err=HttpError('InvalidRequest: Could not find repo: did:plc:4tlnkte6hnvjow536icypdka')
2026-03-28T21:43:54Z WARNING bsky_collector_v2.job.index_feed_generators: listRecords failed repo=did:plc:5cu6sitzowugac6xhegk3o3b err=HttpError('InvalidRequest: Could not find repo: did:plc:5cu6sitzowugac6xhegk3o3b')
2026-03-28T21:43:54Z WARNING bsky_collector_v2.job.index_feed_generators: listRecords failed repo=did:plc:72fx7zgnv64daiyag5cspocx err=HttpError('InvalidRequest: Could not find repo: did:plc:72fx7zgnv64daiyag5cspocx')
2026-03-28T21:43:55Z WARNING bsky_collector_v2.job.index_feed_generators: listRecords failed repo=did:plc:mvz7lthpo5hg6eboxwojypeb err=HttpError('InvalidRequest: Could not find repo: did:plc:mvz7lthpo5hg6eboxwojypeb')
2026-03-28T21:43:55Z WARNING bsky_collector_v2.job.index_feed_generators: listRecords failed repo=did:plc:nvss33aftixtptf75mpczp7v err=HttpError('InvalidRequest: Could not find repo: did:plc:nvss33aftixtptf75mpczp7v')
2026-03-28T21:43:55Z WARNING bsky_collector_v2.job.index_feed_generators: listRecords failed repo=did:plc:rcsmnxfcywocajlviwebgd23 err=HttpError('InvalidRequest: Could not find repo: did:plc:rcsmnxfcywocajlviwebgd23')
2026-03-28T21:43:55Z WARNING bsky_collector_v2.job.index_feed_generators: listRecords failed repo=did:plc:togwqnbp7ftgdy4xvbgxa34w err=HttpError('InvalidRequest: Could not find repo: did:plc:togwqnbp7ftgdy4xvbgxa34w')
2026-03-28T21:43:55Z WARNING bsky_collector_v2.job.index_feed_generators: listRecords failed repo=did:plc:vsrsebitbispb4bnglrbzjpe err=HttpError('InvalidRequest: Could not find repo: did:plc:vsrsebitbispb4bnglrbzjpe')
2026-03-28T21:43:55Z WARNING bsky_collector_v2.job.index_feed_generators: listRecords failed repo=did:plc:4tlnkte6hnvjow536icypdka err=HttpError('InvalidRequest: Could not find repo: did:plc:4tlnkte6hnvjow536icypdka')
2026-03-28T21:43:55Z WARNING bsky_collector_v2.job.index_feed_generators: listRecords failed repo=did:plc:5cu6sitzowugac6xhegk3o3b err=HttpError('InvalidRequest: Could not find repo: did:plc:5cu6sitzowugac6xhegk3o3b')
2026-03-28T21:43:55Z WARNING bsky_collector_v2.job.index_feed_generators: listRecords failed repo=did:plc:72fx7zgnv64daiyag5cspocx err=HttpError('InvalidRequest: Could not find repo: did:plc:72fx7zgnv64daiyag5cspocx')
2026-03-28T21:43:55Z WARNING bsky_collector_v2.job.index_feed_generators: listRecords failed repo=did:plc:mvz7lthpo5hg6eboxwojypeb err=HttpError('InvalidRequest: Could not find repo: did:plc:mvz7lthpo5hg6eboxwojypeb')
2026-03-28T21:43:55Z WARNING bsky_collector_v2.job.index_feed_generators: listRecords failed repo=did:plc:nvss33aftixtptf75mpczp7v err=HttpError('InvalidRequest: Could not find repo: did:plc:nvss33aftixtptf75mpczp7v')
2026-03-28T21:43:55Z WARNING bsky_collector_v2.job.index_feed_generators: listRecords failed repo=did:plc:rcsmnxfcywocajlviwebgd23 err=HttpError('InvalidRequest: Could not find repo: did:plc:rcsmnxfcywocajlviwebgd23')
2026-03-28T21:43:55Z WARNING bsky_collector_v2.job.index_feed_generators: listRecords failed repo=did:plc:togwqnbp7ftgdy4xvbgxa34w err=HttpError('InvalidRequest: Could not find repo: did:plc:togwqnbp7ftgdy4xvbgxa34w')
2026-03-28T21:43:55Z WARNING bsky_collector_v2.job.index_feed_generators: listRecords failed repo=did:plc:vsrsebitbispb4bnglrbzjpe err=HttpError('InvalidRequest: Could not find repo: did:plc:vsrsebitbispb4bnglrbzjpe')
2026-03-28T21:43:56Z INFO bsky_collector_v2.job.index_feed_generators: enqueued repos page=23 mode=listRepos inserted=500 repos_returned=500 next_cursor=set
2026-03-28T21:43:57Z WARNING bsky_collector_v2.job.index_feed_generators: listRecords failed repo=did:plc:2grw6v33ac66d3467zbje7tl err=HttpError('InvalidRequest: Could not find repo: did:plc:2grw6v33ac66d3467zbje7tl')
2026-03-28T21:44:18Z WARNING bsky_collector_v2.job.index_feed_generators: listRecords failed repo=did:plc:bfy2lnfjkisukephhrjbg5bj err=HttpError('InvalidRequest: Could not find repo: did:plc:bfy2lnfjkisukephhrjbg5bj')
2026-03-28T21:44:22Z INFO bsky_collector_v2.job.index_feed_generators: indexed repo=did:plc:cmhpcow5hsldvtkx7c5guc4c part=7 records=2 next_cursor=set
2026-03-28T21:45:10Z WARNING bsky_collector_v2.job.index_feed_generators: listRecords failed repo=did:plc:uf4jp4xhd433dhxmln3nzdgx err=HttpError('InvalidRequest: Could not find repo: did:plc:uf4jp4xhd433dhxmln3nzdgx')
2026-03-28T21:45:24Z WARNING bsky_collector_v2.job.index_feed_generators: listRecords failed repo=did:plc:2grw6v33ac66d3467zbje7tl err=HttpError('InvalidRequest: Could not find repo: did:plc:2grw6v33ac66d3467zbje7tl')
2026-03-28T21:45:24Z WARNING bsky_collector_v2.job.index_feed_generators: listRecords failed repo=did:plc:bfy2lnfjkisukephhrjbg5bj err=HttpError('InvalidRequest: Could not find repo: did:plc:bfy2lnfjkisukephhrjbg5bj')
2026-03-28T21:45:24Z WARNING bsky_collector_v2.job.index_feed_generators: listRecords failed repo=did:plc:uf4jp4xhd433dhxmln3nzdgx err=HttpError('InvalidRequest: Could not find repo: did:plc:uf4jp4xhd433dhxmln3nzdgx')
2026-03-28T21:45:24Z WARNING bsky_collector_v2.job.index_feed_generators: listRecords failed repo=did:plc:2grw6v33ac66d3467zbje7tl err=HttpError('InvalidRequest: Could not find repo: did:plc:2grw6v33ac66d3467zbje7tl')
2026-03-28T21:45:24Z WARNING bsky_collector_v2.job.index_feed_generators: listRecords failed repo=did:plc:bfy2lnfjkisukephhrjbg5bj err=HttpError('InvalidRequest: Could not find repo: did:plc:bfy2lnfjkisukephhrjbg5bj')
2026-03-28T21:45:25Z WARNING bsky_collector_v2.job.index_feed_generators: listRecords failed repo=did:plc:uf4jp4xhd433dhxmln3nzdgx err=HttpError('InvalidRequest: Could not find repo: did:plc:uf4jp4xhd433dhxmln3nzdgx')
2026-03-28T21:45:25Z INFO bsky_collector_v2.job.index_feed_generators: enqueued repos page=24 mode=listRepos inserted=500 repos_returned=500 next_cursor=set
2026-03-28T21:45:29Z WARNING bsky_collector_v2.job.index_feed_generators: listRecords failed repo=did:plc:36s5ghreh65dgsxoarj2yaum err=HttpError('InvalidRequest: Could not find repo: did:plc:36s5ghreh65dgsxoarj2yaum')
2026-03-28T21:45:46Z WARNING bsky_collector_v2.job.index_feed_generators: listRecords failed repo=did:plc:cdxpq7z4gl6bybnrmfp54d5o err=HttpError('InvalidRequest: Could not find repo: did:plc:cdxpq7z4gl6bybnrmfp54d5o')
2026-03-28T21:46:04Z WARNING bsky_collector_v2.job.index_feed_generators: listRecords failed repo=did:plc:iolfvsgamx7q7fyx3oodn45e err=HttpError('InvalidRequest: Could not find repo: did:plc:iolfvsgamx7q7fyx3oodn45e')
2026-03-28T21:46:29Z WARNING bsky_collector_v2.job.index_feed_generators: listRecords failed repo=did:plc:s4fm3gvngb5zxoscu5fsqb6v err=HttpError('InvalidRequest: Could not find repo: did:plc:s4fm3gvngb5zxoscu5fsqb6v')
2026-03-28T21:46:52Z WARNING bsky_collector_v2.job.index_feed_generators: listRecords failed repo=did:plc:36s5ghreh65dgsxoarj2yaum err=HttpError('InvalidRequest: Could not find repo: did:plc:36s5ghreh65dgsxoarj2yaum')
2026-03-28T21:46:52Z WARNING bsky_collector_v2.job.index_feed_generators: listRecords failed repo=did:plc:cdxpq7z4gl6bybnrmfp54d5o err=HttpError('InvalidRequest: Could not find repo: did:plc:cdxpq7z4gl6bybnrmfp54d5o')
2026-03-28T21:46:52Z WARNING bsky_collector_v2.job.index_feed_generators: listRecords failed repo=did:plc:iolfvsgamx7q7fyx3oodn45e err=HttpError('InvalidRequest: Could not find repo: did:plc:iolfvsgamx7q7fyx3oodn45e')
2026-03-28T21:46:52Z WARNING bsky_collector_v2.job.index_feed_generators: listRecords failed repo=did:plc:s4fm3gvngb5zxoscu5fsqb6v err=HttpError('InvalidRequest: Could not find repo: did:plc:s4fm3gvngb5zxoscu5fsqb6v')
2026-03-28T21:46:52Z WARNING bsky_collector_v2.job.index_feed_generators: listRecords failed repo=did:plc:36s5ghreh65dgsxoarj2yaum err=HttpError('InvalidRequest: Could not find repo: did:plc:36s5ghreh65dgsxoarj2yaum')
2026-03-28T21:46:52Z WARNING bsky_collector_v2.job.index_feed_generators: listRecords failed repo=did:plc:cdxpq7z4gl6bybnrmfp54d5o err=HttpError('InvalidRequest: Could not find repo: did:plc:cdxpq7z4gl6bybnrmfp54d5o')
2026-03-28T21:46:52Z WARNING bsky_collector_v2.job.index_feed_generators: listRecords failed repo=did:plc:iolfvsgamx7q7fyx3oodn45e err=HttpError('InvalidRequest: Could not find repo: did:plc:iolfvsgamx7q7fyx3oodn45e')
2026-03-28T21:46:52Z WARNING bsky_collector_v2.job.index_feed_generators: listRecords failed repo=did:plc:s4fm3gvngb5zxoscu5fsqb6v err=HttpError('InvalidRequest: Could not find repo: did:plc:s4fm3gvngb5zxoscu5fsqb6v')
2026-03-28T21:46:53Z INFO bsky_collector_v2.job.index_feed_generators: enqueued repos page=25 mode=listRepos inserted=500 repos_returned=500 next_cursor=set
2026-03-28T21:46:58Z WARNING bsky_collector_v2.job.index_feed_generators: listRecords failed repo=did:plc:3x4ytlqtecl7stzilumceql3 err=HttpError('InvalidRequest: Could not find repo: did:plc:3x4ytlqtecl7stzilumceql3')
2026-03-28T21:47:01Z INFO bsky_collector_v2.job.index_feed_generators: indexed repo=did:plc:4uymlkf4n6ams7rej262fash part=8 records=1 next_cursor=set
2026-03-28T21:47:21Z WARNING bsky_collector_v2.job.index_feed_generators: listRecords failed repo=did:plc:cwg7i5dnpjdbjdoivjzmdqpx err=HttpError('InvalidRequest: Could not find repo: did:plc:cwg7i5dnpjdbjdoivjzmdqpx')
2026-03-28T21:47:37Z WARNING bsky_collector_v2.job.index_feed_generators: listRecords failed repo=did:plc:j5pajaklb4cm3niq4uaebjr3 err=HttpError('InvalidRequest: Could not find repo: did:plc:j5pajaklb4cm3niq4uaebjr3')
2026-03-28T21:47:38Z WARNING bsky_collector_v2.job.index_feed_generators: listRecords failed repo=did:plc:jjxb4ym4pylchtyqq4cwn6mu err=HttpError('InvalidRequest: Could not find repo: did:plc:jjxb4ym4pylchtyqq4cwn6mu')
2026-03-28T21:47:46Z WARNING bsky_collector_v2.job.index_feed_generators: listRecords failed repo=did:plc:nsudgp3eaztol7yh4oh3bdn5 err=HttpError('InvalidRequest: Could not find repo: did:plc:nsudgp3eaztol7yh4oh3bdn5')
2026-03-28T21:47:56Z WARNING bsky_collector_v2.job.index_feed_generators: listRecords failed repo=did:plc:ra6ig7cxw6v4s36oqkdk6bvo err=HttpError('InvalidRequest: Could not find repo: did:plc:ra6ig7cxw6v4s36oqkdk6bvo')
2026-03-28T21:48:15Z WARNING bsky_collector_v2.job.index_feed_generators: listRecords failed repo=did:plc:y67f56hwq2dz5fwsaw4k5kej err=HttpError('InvalidRequest: Could not find repo: did:plc:y67f56hwq2dz5fwsaw4k5kej')
2026-03-28T21:48:20Z WARNING bsky_collector_v2.job.index_feed_generators: listRecords failed repo=did:plc:3x4ytlqtecl7stzilumceql3 err=HttpError('InvalidRequest: Could not find repo: did:plc:3x4ytlqtecl7stzilumceql3')
2026-03-28T21:48:20Z WARNING bsky_collector_v2.job.index_feed_generators: listRecords failed repo=did:plc:cwg7i5dnpjdbjdoivjzmdqpx err=HttpError('InvalidRequest: Could not find repo: did:plc:cwg7i5dnpjdbjdoivjzmdqpx')
2026-03-28T21:48:20Z WARNING bsky_collector_v2.job.index_feed_generators: listRecords failed repo=did:plc:j5pajaklb4cm3niq4uaebjr3 err=HttpError('InvalidRequest: Could not find repo: did:plc:j5pajaklb4cm3niq4uaebjr3')
2026-03-28T21:48:20Z WARNING bsky_collector_v2.job.index_feed_generators: listRecords failed repo=did:plc:jjxb4ym4pylchtyqq4cwn6mu err=HttpError('InvalidRequest: Could not find repo: did:plc:jjxb4ym4pylchtyqq4cwn6mu')
2026-03-28T21:48:20Z WARNING bsky_collector_v2.job.index_feed_generators: listRecords failed repo=did:plc:nsudgp3eaztol7yh4oh3bdn5 err=HttpError('InvalidRequest: Could not find repo: did:plc:nsudgp3eaztol7yh4oh3bdn5')
2026-03-28T21:48:20Z WARNING bsky_collector_v2.job.index_feed_generators: listRecords failed repo=did:plc:ra6ig7cxw6v4s36oqkdk6bvo err=HttpError('InvalidRequest: Could not find repo: did:plc:ra6ig7cxw6v4s36oqkdk6bvo')
2026-03-28T21:48:21Z WARNING bsky_collector_v2.job.index_feed_generators: listRecords failed repo=did:plc:y67f56hwq2dz5fwsaw4k5kej err=HttpError('InvalidRequest: Could not find repo: did:plc:y67f56hwq2dz5fwsaw4k5kej')
2026-03-28T21:48:21Z WARNING bsky_collector_v2.job.index_feed_generators: listRecords failed repo=did:plc:3x4ytlqtecl7stzilumceql3 err=HttpError('InvalidRequest: Could not find repo: did:plc:3x4ytlqtecl7stzilumceql3')
2026-03-28T21:48:21Z WARNING bsky_collector_v2.job.index_feed_generators: listRecords failed repo=did:plc:cwg7i5dnpjdbjdoivjzmdqpx err=HttpError('InvalidRequest: Could not find repo: did:plc:cwg7i5dnpjdbjdoivjzmdqpx')
2026-03-28T21:48:21Z WARNING bsky_collector_v2.job.index_feed_generators: listRecords failed repo=did:plc:j5pajaklb4cm3niq4uaebjr3 err=HttpError('InvalidRequest: Could not find repo: did:plc:j5pajaklb4cm3niq4uaebjr3')
2026-03-28T21:48:21Z WARNING bsky_collector_v2.job.index_feed_generators: listRecords failed repo=did:plc:jjxb4ym4pylchtyqq4cwn6mu err=HttpError('InvalidRequest: Could not find repo: did:plc:jjxb4ym4pylchtyqq4cwn6mu')
2026-03-28T21:48:21Z WARNING bsky_collector_v2.job.index_feed_generators: listRecords failed repo=did:plc:nsudgp3eaztol7yh4oh3bdn5 err=HttpError('InvalidRequest: Could not find repo: did:plc:nsudgp3eaztol7yh4oh3bdn5')
2026-03-28T21:48:21Z WARNING bsky_collector_v2.job.index_feed_generators: listRecords failed repo=did:plc:ra6ig7cxw6v4s36oqkdk6bvo err=HttpError('InvalidRequest: Could not find repo: did:plc:ra6ig7cxw6v4s36oqkdk6bvo')
2026-03-28T21:48:21Z WARNING bsky_collector_v2.job.index_feed_generators: listRecords failed repo=did:plc:y67f56hwq2dz5fwsaw4k5kej err=HttpError('InvalidRequest: Could not find repo: did:plc:y67f56hwq2dz5fwsaw4k5kej')
2026-03-28T21:48:21Z INFO bsky_collector_v2.job.index_feed_generators: enqueued repos page=26 mode=listRepos inserted=500 repos_returned=500 next_cursor=set
2026-03-28T21:49:03Z WARNING bsky_collector_v2.job.index_feed_generators: listRecords failed repo=did:plc:ga4rkg7z6n5sah77mm7lndww err=HttpError('InvalidRequest: Could not find repo: did:plc:ga4rkg7z6n5sah77mm7lndww')
2026-03-28T21:49:05Z WARNING bsky_collector_v2.job.index_feed_generators: listRecords failed repo=did:plc:gj7ifutc5fpq7cfbjgokozof err=HttpError('InvalidRequest: Could not find repo: did:plc:gj7ifutc5fpq7cfbjgokozof')
2026-03-28T21:49:40Z WARNING bsky_collector_v2.job.index_feed_generators: listRecords failed repo=did:plc:szcuhf77wjmmrk2ccgaecyma err=HttpError('InvalidRequest: Could not find repo: did:plc:szcuhf77wjmmrk2ccgaecyma')
2026-03-28T21:49:50Z WARNING bsky_collector_v2.job.index_feed_generators: listRecords failed repo=did:plc:vxyw22qgxbyjqpguoa3vvbhy err=HttpError('InvalidRequest: Could not find repo: did:plc:vxyw22qgxbyjqpguoa3vvbhy')
2026-03-28T21:50:01Z WARNING bsky_collector_v2.job.index_feed_generators: listRecords failed repo=did:plc:ga4rkg7z6n5sah77mm7lndww err=HttpError('InvalidRequest: Could not find repo: did:plc:ga4rkg7z6n5sah77mm7lndww')
2026-03-28T21:50:01Z WARNING bsky_collector_v2.job.index_feed_generators: listRecords failed repo=did:plc:gj7ifutc5fpq7cfbjgokozof err=HttpError('InvalidRequest: Could not find repo: did:plc:gj7ifutc5fpq7cfbjgokozof')
2026-03-28T21:50:01Z WARNING bsky_collector_v2.job.index_feed_generators: listRecords failed repo=did:plc:szcuhf77wjmmrk2ccgaecyma err=HttpError('InvalidRequest: Could not find repo: did:plc:szcuhf77wjmmrk2ccgaecyma')
2026-03-28T21:50:01Z WARNING bsky_collector_v2.job.index_feed_generators: listRecords failed repo=did:plc:vxyw22qgxbyjqpguoa3vvbhy err=HttpError('InvalidRequest: Could not find repo: did:plc:vxyw22qgxbyjqpguoa3vvbhy')
2026-03-28T21:50:01Z WARNING bsky_collector_v2.job.index_feed_generators: listRecords failed repo=did:plc:ga4rkg7z6n5sah77mm7lndww err=HttpError('InvalidRequest: Could not find repo: did:plc:ga4rkg7z6n5sah77mm7lndww')
2026-03-28T21:50:02Z WARNING bsky_collector_v2.job.index_feed_generators: listRecords failed repo=did:plc:gj7ifutc5fpq7cfbjgokozof err=HttpError('InvalidRequest: Could not find repo: did:plc:gj7ifutc5fpq7cfbjgokozof')
2026-03-28T21:50:02Z WARNING bsky_collector_v2.job.index_feed_generators: listRecords failed repo=did:plc:szcuhf77wjmmrk2ccgaecyma err=HttpError('InvalidRequest: Could not find repo: did:plc:szcuhf77wjmmrk2ccgaecyma')
2026-03-28T21:50:02Z WARNING bsky_collector_v2.job.index_feed_generators: listRecords failed repo=did:plc:vxyw22qgxbyjqpguoa3vvbhy err=HttpError('InvalidRequest: Could not find repo: did:plc:vxyw22qgxbyjqpguoa3vvbhy')
2026-03-28T21:50:02Z INFO bsky_collector_v2.job.index_feed_generators: enqueued repos page=27 mode=listRepos inserted=500 repos_returned=500 next_cursor=set
2026-03-28T21:50:52Z WARNING bsky_collector_v2.job.index_feed_generators: listRecords failed repo=did:plc:namcjrtiadv55f5vrwqreery err=HttpError('InvalidRequest: Could not find repo: did:plc:namcjrtiadv55f5vrwqreery')
2026-03-28T21:51:29Z WARNING bsky_collector_v2.job.index_feed_generators: listRecords failed repo=did:plc:namcjrtiadv55f5vrwqreery err=HttpError('InvalidRequest: Could not find repo: did:plc:namcjrtiadv55f5vrwqreery')
2026-03-28T21:51:29Z WARNING bsky_collector_v2.job.index_feed_generators: listRecords failed repo=did:plc:namcjrtiadv55f5vrwqreery err=HttpError('InvalidRequest: Could not find repo: did:plc:namcjrtiadv55f5vrwqreery')
2026-03-28T21:51:30Z INFO bsky_collector_v2.job.index_feed_generators: enqueued repos page=28 mode=listRepos inserted=500 repos_returned=500 next_cursor=set
2026-03-28T21:51:34Z WARNING bsky_collector_v2.job.index_feed_generators: listRecords failed repo=did:plc:3t5j6ftszzccdd5pxwavbkbn err=HttpError('InvalidRequest: Could not find repo: did:plc:3t5j6ftszzccdd5pxwavbkbn')
2026-03-28T21:51:44Z WARNING bsky_collector_v2.job.index_feed_generators: listRecords failed repo=did:plc:6pbrbp4vqqsowioik6gntcoz err=HttpError('InvalidRequest: Could not find repo: did:plc:6pbrbp4vqqsowioik6gntcoz')
2026-03-28T21:52:22Z WARNING bsky_collector_v2.job.index_feed_generators: listRecords failed repo=did:plc:hwzg37ffknd6ald6sfhhlwty err=HttpError('InvalidRequest: Could not find repo: did:plc:hwzg37ffknd6ald6sfhhlwty')
2026-03-28T21:53:00Z WARNING bsky_collector_v2.job.index_feed_generators: listRecords failed repo=did:plc:rg7a5kgwyntxrhqo53yontnt err=HttpError('InvalidRequest: Could not find repo: did:plc:rg7a5kgwyntxrhqo53yontnt')
2026-03-28T21:53:23Z WARNING bsky_collector_v2.job.index_feed_generators: listRecords failed repo=did:plc:3t5j6ftszzccdd5pxwavbkbn err=HttpError('InvalidRequest: Could not find repo: did:plc:3t5j6ftszzccdd5pxwavbkbn')
2026-03-28T21:53:23Z WARNING bsky_collector_v2.job.index_feed_generators: listRecords failed repo=did:plc:6pbrbp4vqqsowioik6gntcoz err=HttpError('InvalidRequest: Could not find repo: did:plc:6pbrbp4vqqsowioik6gntcoz')
2026-03-28T21:53:23Z WARNING bsky_collector_v2.job.index_feed_generators: listRecords failed repo=did:plc:hwzg37ffknd6ald6sfhhlwty err=HttpError('InvalidRequest: Could not find repo: did:plc:hwzg37ffknd6ald6sfhhlwty')
2026-03-28T21:53:23Z WARNING bsky_collector_v2.job.index_feed_generators: listRecords failed repo=did:plc:rg7a5kgwyntxrhqo53yontnt err=HttpError('InvalidRequest: Could not find repo: did:plc:rg7a5kgwyntxrhqo53yontnt')
2026-03-28T21:53:23Z WARNING bsky_collector_v2.job.index_feed_generators: listRecords failed repo=did:plc:3t5j6ftszzccdd5pxwavbkbn err=HttpError('InvalidRequest: Could not find repo: did:plc:3t5j6ftszzccdd5pxwavbkbn')
2026-03-28T21:53:23Z WARNING bsky_collector_v2.job.index_feed_generators: listRecords failed repo=did:plc:6pbrbp4vqqsowioik6gntcoz err=HttpError('InvalidRequest: Could not find repo: did:plc:6pbrbp4vqqsowioik6gntcoz')
2026-03-28T21:53:24Z WARNING bsky_collector_v2.job.index_feed_generators: listRecords failed repo=did:plc:hwzg37ffknd6ald6sfhhlwty err=HttpError('InvalidRequest: Could not find repo: did:plc:hwzg37ffknd6ald6sfhhlwty')
2026-03-28T21:53:24Z WARNING bsky_collector_v2.job.index_feed_generators: listRecords failed repo=did:plc:rg7a5kgwyntxrhqo53yontnt err=HttpError('InvalidRequest: Could not find repo: did:plc:rg7a5kgwyntxrhqo53yontnt')
2026-03-28T21:53:24Z INFO bsky_collector_v2.job.index_feed_generators: enqueued repos page=29 mode=listRepos inserted=500 repos_returned=500 next_cursor=set
2026-03-28T21:53:29Z WARNING bsky_collector_v2.job.index_feed_generators: listRecords failed repo=did:plc:3n5dyuqaek5ceun4fk32cgez err=HttpError('InvalidRequest: Could not find repo: did:plc:3n5dyuqaek5ceun4fk32cgez')
2026-03-28T21:53:53Z WARNING bsky_collector_v2.job.index_feed_generators: listRecords failed repo=did:plc:ehnjw3or3c6eqxcstmlzuyaz err=HttpError('InvalidRequest: Could not find repo: did:plc:ehnjw3or3c6eqxcstmlzuyaz')
2026-03-28T21:53:56Z WARNING bsky_collector_v2.job.index_feed_generators: listRecords failed repo=did:plc:fbsrhrfbx35e7astnhjn3uqi err=HttpError('InvalidRequest: Could not find repo: did:plc:fbsrhrfbx35e7astnhjn3uqi')
2026-03-28T21:54:06Z WARNING bsky_collector_v2.job.index_feed_generators: listRecords failed repo=did:plc:ile2azvyuzfkizdv3uhmeeop err=HttpError('InvalidRequest: Could not find repo: did:plc:ile2azvyuzfkizdv3uhmeeop')
2026-03-28T21:54:28Z WARNING bsky_collector_v2.job.index_feed_generators: listRecords failed repo=did:plc:opig4oimozc3wqzklzjamhnj err=HttpError('InvalidRequest: Could not find repo: did:plc:opig4oimozc3wqzklzjamhnj')
2026-03-28T21:54:37Z WARNING bsky_collector_v2.job.index_feed_generators: listRecords failed repo=did:plc:quhbgjlu4mtwis2xskx35vgn err=HttpError('InvalidRequest: Could not find repo: did:plc:quhbgjlu4mtwis2xskx35vgn')
2026-03-28T21:54:49Z WARNING bsky_collector_v2.job.index_feed_generators: listRecords failed repo=did:plc:u4scfkfyrgeosasjiq4fklg5 err=HttpError('InvalidRequest: Could not find repo: did:plc:u4scfkfyrgeosasjiq4fklg5')
2026-03-28T21:54:53Z WARNING bsky_collector_v2.job.index_feed_generators: listRecords failed repo=did:plc:uyxbcl2pdpsxxshxn5h6zaxo err=HttpError('InvalidRequest: Could not find repo: did:plc:uyxbcl2pdpsxxshxn5h6zaxo')
2026-03-28T21:55:03Z WARNING bsky_collector_v2.job.index_feed_generators: listRecords failed repo=did:plc:xcn6d6waoxswnsuitsodazyw err=HttpError('InvalidRequest: Could not find repo: did:plc:xcn6d6waoxswnsuitsodazyw')
2026-03-28T21:55:13Z WARNING bsky_collector_v2.job.index_feed_generators: listRecords failed repo=did:plc:3n5dyuqaek5ceun4fk32cgez err=HttpError('InvalidRequest: Could not find repo: did:plc:3n5dyuqaek5ceun4fk32cgez')
2026-03-28T21:55:13Z WARNING bsky_collector_v2.job.index_feed_generators: listRecords failed repo=did:plc:ehnjw3or3c6eqxcstmlzuyaz err=HttpError('InvalidRequest: Could not find repo: did:plc:ehnjw3or3c6eqxcstmlzuyaz')
2026-03-28T21:55:13Z WARNING bsky_collector_v2.job.index_feed_generators: listRecords failed repo=did:plc:fbsrhrfbx35e7astnhjn3uqi err=HttpError('InvalidRequest: Could not find repo: did:plc:fbsrhrfbx35e7astnhjn3uqi')
2026-03-28T21:55:13Z WARNING bsky_collector_v2.job.index_feed_generators: listRecords failed repo=did:plc:ile2azvyuzfkizdv3uhmeeop err=HttpError('InvalidRequest: Could not find repo: did:plc:ile2azvyuzfkizdv3uhmeeop')
2026-03-28T21:55:13Z WARNING bsky_collector_v2.job.index_feed_generators: listRecords failed repo=did:plc:opig4oimozc3wqzklzjamhnj err=HttpError('InvalidRequest: Could not find repo: did:plc:opig4oimozc3wqzklzjamhnj')
2026-03-28T21:55:14Z WARNING bsky_collector_v2.job.index_feed_generators: listRecords failed repo=did:plc:quhbgjlu4mtwis2xskx35vgn err=HttpError('InvalidRequest: Could not find repo: did:plc:quhbgjlu4mtwis2xskx35vgn')
2026-03-28T21:55:14Z WARNING bsky_collector_v2.job.index_feed_generators: listRecords failed repo=did:plc:u4scfkfyrgeosasjiq4fklg5 err=HttpError('InvalidRequest: Could not find repo: did:plc:u4scfkfyrgeosasjiq4fklg5')
2026-03-28T21:55:14Z WARNING bsky_collector_v2.job.index_feed_generators: listRecords failed repo=did:plc:uyxbcl2pdpsxxshxn5h6zaxo err=HttpError('InvalidRequest: Could not find repo: did:plc:uyxbcl2pdpsxxshxn5h6zaxo')
2026-03-28T21:55:14Z WARNING bsky_collector_v2.job.index_feed_generators: listRecords failed repo=did:plc:xcn6d6waoxswnsuitsodazyw err=HttpError('InvalidRequest: Could not find repo: did:plc:xcn6d6waoxswnsuitsodazyw')
2026-03-28T21:55:14Z WARNING bsky_collector_v2.job.index_feed_generators: listRecords failed repo=did:plc:3n5dyuqaek5ceun4fk32cgez err=HttpError('InvalidRequest: Could not find repo: did:plc:3n5dyuqaek5ceun4fk32cgez')
2026-03-28T21:55:14Z WARNING bsky_collector_v2.job.index_feed_generators: listRecords failed repo=did:plc:ehnjw3or3c6eqxcstmlzuyaz err=HttpError('InvalidRequest: Could not find repo: did:plc:ehnjw3or3c6eqxcstmlzuyaz')
2026-03-28T21:55:14Z WARNING bsky_collector_v2.job.index_feed_generators: listRecords failed repo=did:plc:fbsrhrfbx35e7astnhjn3uqi err=HttpError('InvalidRequest: Could not find repo: did:plc:fbsrhrfbx35e7astnhjn3uqi')
2026-03-28T21:55:14Z WARNING bsky_collector_v2.job.index_feed_generators: listRecords failed repo=did:plc:ile2azvyuzfkizdv3uhmeeop err=HttpError('InvalidRequest: Could not find repo: did:plc:ile2azvyuzfkizdv3uhmeeop')
2026-03-28T21:55:14Z WARNING bsky_collector_v2.job.index_feed_generators: listRecords failed repo=did:plc:opig4oimozc3wqzklzjamhnj err=HttpError('InvalidRequest: Could not find repo: did:plc:opig4oimozc3wqzklzjamhnj')
2026-03-28T21:55:14Z WARNING bsky_collector_v2.job.index_feed_generators: listRecords failed repo=did:plc:quhbgjlu4mtwis2xskx35vgn err=HttpError('InvalidRequest: Could not find repo: did:plc:quhbgjlu4mtwis2xskx35vgn')
2026-03-28T21:55:15Z WARNING bsky_collector_v2.job.index_feed_generators: listRecords failed repo=did:plc:u4scfkfyrgeosasjiq4fklg5 err=HttpError('InvalidRequest: Could not find repo: did:plc:u4scfkfyrgeosasjiq4fklg5')
2026-03-28T21:55:15Z WARNING bsky_collector_v2.job.index_feed_generators: listRecords failed repo=did:plc:uyxbcl2pdpsxxshxn5h6zaxo err=HttpError('InvalidRequest: Could not find repo: did:plc:uyxbcl2pdpsxxshxn5h6zaxo')
2026-03-28T21:55:15Z WARNING bsky_collector_v2.job.index_feed_generators: listRecords failed repo=did:plc:xcn6d6waoxswnsuitsodazyw err=HttpError('InvalidRequest: Could not find repo: did:plc:xcn6d6waoxswnsuitsodazyw')
2026-03-28T21:55:15Z INFO bsky_collector_v2.job.index_feed_generators: enqueued repos page=30 mode=listRepos inserted=500 repos_returned=500 next_cursor=set
2026-03-28T21:55:45Z WARNING bsky_collector_v2.job.index_feed_generators: listRecords failed repo=did:plc:e27dwvgnxe2ckb7nsx7fd5cd err=HttpError('InvalidRequest: Could not find repo: did:plc:e27dwvgnxe2ckb7nsx7fd5cd')
2026-03-28T21:56:07Z WARNING bsky_collector_v2.job.index_feed_generators: listRecords failed repo=did:plc:nbv276csbwhf356tbz63qxbh err=HttpError('InvalidRequest: Could not find repo: did:plc:nbv276csbwhf356tbz63qxbh')
2026-03-28T21:56:18Z WARNING bsky_collector_v2.job.index_feed_generators: listRecords failed repo=did:plc:rf77ngknpfy6w47ym6f6dq7y err=HttpError('InvalidRequest: Could not find repo: did:plc:rf77ngknpfy6w47ym6f6dq7y')
2026-03-28T21:56:36Z WARNING bsky_collector_v2.job.index_feed_generators: listRecords failed repo=did:plc:y24yifj77d46puroqafk42jg err=HttpError('InvalidRequest: Could not find repo: did:plc:y24yifj77d46puroqafk42jg')
2026-03-28T21:56:47Z WARNING bsky_collector_v2.job.index_feed_generators: listRecords failed repo=did:plc:zudvfxxsios2pef2p3zqcqd4 err=HttpError('InvalidRequest: Could not find repo: did:plc:zudvfxxsios2pef2p3zqcqd4')
2026-03-28T21:56:47Z WARNING bsky_collector_v2.job.index_feed_generators: listRecords failed repo=did:plc:e27dwvgnxe2ckb7nsx7fd5cd err=HttpError('InvalidRequest: Could not find repo: did:plc:e27dwvgnxe2ckb7nsx7fd5cd')
2026-03-28T21:56:47Z WARNING bsky_collector_v2.job.index_feed_generators: listRecords failed repo=did:plc:nbv276csbwhf356tbz63qxbh err=HttpError('InvalidRequest: Could not find repo: did:plc:nbv276csbwhf356tbz63qxbh')
2026-03-28T21:56:47Z WARNING bsky_collector_v2.job.index_feed_generators: listRecords failed repo=did:plc:rf77ngknpfy6w47ym6f6dq7y err=HttpError('InvalidRequest: Could not find repo: did:plc:rf77ngknpfy6w47ym6f6dq7y')
2026-03-28T21:56:47Z WARNING bsky_collector_v2.job.index_feed_generators: listRecords failed repo=did:plc:y24yifj77d46puroqafk42jg err=HttpError('InvalidRequest: Could not find repo: did:plc:y24yifj77d46puroqafk42jg')
2026-03-28T21:56:48Z WARNING bsky_collector_v2.job.index_feed_generators: listRecords failed repo=did:plc:zudvfxxsios2pef2p3zqcqd4 err=HttpError('InvalidRequest: Could not find repo: did:plc:zudvfxxsios2pef2p3zqcqd4')
2026-03-28T21:56:48Z WARNING bsky_collector_v2.job.index_feed_generators: listRecords failed repo=did:plc:e27dwvgnxe2ckb7nsx7fd5cd err=HttpError('InvalidRequest: Could not find repo: did:plc:e27dwvgnxe2ckb7nsx7fd5cd')
2026-03-28T21:56:48Z WARNING bsky_collector_v2.job.index_feed_generators: listRecords failed repo=did:plc:nbv276csbwhf356tbz63qxbh err=HttpError('InvalidRequest: Could not find repo: did:plc:nbv276csbwhf356tbz63qxbh')
2026-03-28T21:56:48Z WARNING bsky_collector_v2.job.index_feed_generators: listRecords failed repo=did:plc:rf77ngknpfy6w47ym6f6dq7y err=HttpError('InvalidRequest: Could not find repo: did:plc:rf77ngknpfy6w47ym6f6dq7y')
2026-03-28T21:56:48Z WARNING bsky_collector_v2.job.index_feed_generators: listRecords failed repo=did:plc:y24yifj77d46puroqafk42jg err=HttpError('InvalidRequest: Could not find repo: did:plc:y24yifj77d46puroqafk42jg')
2026-03-28T21:56:49Z WARNING bsky_collector_v2.job.index_feed_generators: listRecords failed repo=did:plc:zudvfxxsios2pef2p3zqcqd4 err=HttpError('InvalidRequest: Could not find repo: did:plc:zudvfxxsios2pef2p3zqcqd4')
2026-03-28T21:56:49Z INFO bsky_collector_v2.job.index_feed_generators: enqueued repos page=31 mode=listRepos inserted=500 repos_returned=500 next_cursor=set
2026-03-28T21:57:03Z WARNING bsky_collector_v2.job.index_feed_generators: listRecords failed repo=did:plc:44rzdyqc47p6clx4ccr3hofe err=HttpError('InvalidRequest: Could not find repo: did:plc:44rzdyqc47p6clx4ccr3hofe')
2026-03-28T21:58:24Z WARNING bsky_collector_v2.job.index_feed_generators: listRecords failed repo=did:plc:yxtlefd27elgbrxmvbtgqkq2 err=HttpError('InvalidRequest: Could not find repo: did:plc:yxtlefd27elgbrxmvbtgqkq2')
2026-03-28T21:58:27Z WARNING bsky_collector_v2.job.index_feed_generators: listRecords failed repo=did:plc:44rzdyqc47p6clx4ccr3hofe err=HttpError('InvalidRequest: Could not find repo: did:plc:44rzdyqc47p6clx4ccr3hofe')
2026-03-28T21:58:27Z WARNING bsky_collector_v2.job.index_feed_generators: listRecords failed repo=did:plc:yxtlefd27elgbrxmvbtgqkq2 err=HttpError('InvalidRequest: Could not find repo: did:plc:yxtlefd27elgbrxmvbtgqkq2')
2026-03-28T21:58:27Z WARNING bsky_collector_v2.job.index_feed_generators: listRecords failed repo=did:plc:44rzdyqc47p6clx4ccr3hofe err=HttpError('InvalidRequest: Could not find repo: did:plc:44rzdyqc47p6clx4ccr3hofe')
2026-03-28T21:58:27Z WARNING bsky_collector_v2.job.index_feed_generators: listRecords failed repo=did:plc:yxtlefd27elgbrxmvbtgqkq2 err=HttpError('InvalidRequest: Could not find repo: did:plc:yxtlefd27elgbrxmvbtgqkq2')
2026-03-28T21:58:27Z INFO bsky_collector_v2.job.index_feed_generators: enqueued repos page=32 mode=listRepos inserted=500 repos_returned=500 next_cursor=set
2026-03-28T21:59:06Z WARNING bsky_collector_v2.job.index_feed_generators: listRecords failed repo=did:plc:g7jpvbglbg7fmyf5wkva7yla err=HttpError('InvalidRequest: Could not find repo: did:plc:g7jpvbglbg7fmyf5wkva7yla')
2026-03-28T21:59:13Z WARNING bsky_collector_v2.job.index_feed_generators: listRecords failed repo=did:plc:iooswu6v2fjfjq5qwj4ictt3 err=HttpError('InvalidRequest: Could not find repo: did:plc:iooswu6v2fjfjq5qwj4ictt3')
2026-03-28T21:59:14Z WARNING bsky_collector_v2.job.index_feed_generators: listRecords failed repo=did:plc:jfedcnfpudmszxk5rzwqeokb err=HttpError('InvalidRequest: Could not find repo: did:plc:jfedcnfpudmszxk5rzwqeokb')
2026-03-28T21:59:17Z WARNING bsky_collector_v2.job.index_feed_generators: listRecords failed repo=did:plc:kumrekciunub6wfq3no6qh6r err=HttpError('InvalidRequest: Could not find repo: did:plc:kumrekciunub6wfq3no6qh6r')
2026-03-28T21:59:32Z WARNING bsky_collector_v2.job.index_feed_generators: listRecords failed repo=did:plc:rkf72mrm6af37g7qoetpifze err=HttpError('InvalidRequest: Could not find repo: did:plc:rkf72mrm6af37g7qoetpifze')
2026-03-28T21:59:45Z WARNING bsky_collector_v2.job.index_feed_generators: listRecords failed repo=did:plc:vvemgdhymv26i7hwan2jm3mc err=HttpError('InvalidRequest: Could not find repo: did:plc:vvemgdhymv26i7hwan2jm3mc')
2026-03-28T21:59:46Z WARNING bsky_collector_v2.job.index_feed_generators: listRecords failed repo=did:plc:wfydkuvgdra5gu2co42uh4sn err=HttpError('InvalidRequest: Could not find repo: did:plc:wfydkuvgdra5gu2co42uh4sn')
2026-03-28T21:59:58Z WARNING bsky_collector_v2.job.index_feed_generators: listRecords failed repo=did:plc:g7jpvbglbg7fmyf5wkva7yla err=HttpError('InvalidRequest: Could not find repo: did:plc:g7jpvbglbg7fmyf5wkva7yla')
2026-03-28T21:59:58Z WARNING bsky_collector_v2.job.index_feed_generators: listRecords failed repo=did:plc:iooswu6v2fjfjq5qwj4ictt3 err=HttpError('InvalidRequest: Could not find repo: did:plc:iooswu6v2fjfjq5qwj4ictt3')
2026-03-28T21:59:58Z WARNING bsky_collector_v2.job.index_feed_generators: listRecords failed repo=did:plc:jfedcnfpudmszxk5rzwqeokb err=HttpError('InvalidRequest: Could not find repo: did:plc:jfedcnfpudmszxk5rzwqeokb')
2026-03-28T21:59:58Z WARNING bsky_collector_v2.job.index_feed_generators: listRecords failed repo=did:plc:kumrekciunub6wfq3no6qh6r err=HttpError('InvalidRequest: Could not find repo: did:plc:kumrekciunub6wfq3no6qh6r')
2026-03-28T21:59:58Z WARNING bsky_collector_v2.job.index_feed_generators: listRecords failed repo=did:plc:rkf72mrm6af37g7qoetpifze err=HttpError('InvalidRequest: Could not find repo: did:plc:rkf72mrm6af37g7qoetpifze')
2026-03-28T21:59:58Z WARNING bsky_collector_v2.job.index_feed_generators: listRecords failed repo=did:plc:vvemgdhymv26i7hwan2jm3mc err=HttpError('InvalidRequest: Could not find repo: did:plc:vvemgdhymv26i7hwan2jm3mc')
2026-03-28T21:59:58Z WARNING bsky_collector_v2.job.index_feed_generators: listRecords failed repo=did:plc:wfydkuvgdra5gu2co42uh4sn err=HttpError('InvalidRequest: Could not find repo: did:plc:wfydkuvgdra5gu2co42uh4sn')
2026-03-28T21:59:58Z WARNING bsky_collector_v2.job.index_feed_generators: listRecords failed repo=did:plc:g7jpvbglbg7fmyf5wkva7yla err=HttpError('InvalidRequest: Could not find repo: did:plc:g7jpvbglbg7fmyf5wkva7yla')
2026-03-28T21:59:59Z WARNING bsky_collector_v2.job.index_feed_generators: listRecords failed repo=did:plc:iooswu6v2fjfjq5qwj4ictt3 err=HttpError('InvalidRequest: Could not find repo: did:plc:iooswu6v2fjfjq5qwj4ictt3')
2026-03-28T21:59:59Z WARNING bsky_collector_v2.job.index_feed_generators: listRecords failed repo=did:plc:jfedcnfpudmszxk5rzwqeokb err=HttpError('InvalidRequest: Could not find repo: did:plc:jfedcnfpudmszxk5rzwqeokb')
2026-03-28T21:59:59Z WARNING bsky_collector_v2.job.index_feed_generators: listRecords failed repo=did:plc:kumrekciunub6wfq3no6qh6r err=HttpError('InvalidRequest: Could not find repo: did:plc:kumrekciunub6wfq3no6qh6r')
2026-03-28T21:59:59Z WARNING bsky_collector_v2.job.index_feed_generators: listRecords failed repo=did:plc:rkf72mrm6af37g7qoetpifze err=HttpError('InvalidRequest: Could not find repo: did:plc:rkf72mrm6af37g7qoetpifze')
2026-03-28T21:59:59Z WARNING bsky_collector_v2.job.index_feed_generators: listRecords failed repo=did:plc:vvemgdhymv26i7hwan2jm3mc err=HttpError('InvalidRequest: Could not find repo: did:plc:vvemgdhymv26i7hwan2jm3mc')
2026-03-28T21:59:59Z WARNING bsky_collector_v2.job.index_feed_generators: listRecords failed repo=did:plc:wfydkuvgdra5gu2co42uh4sn err=HttpError('InvalidRequest: Could not find repo: did:plc:wfydkuvgdra5gu2co42uh4sn')
2026-03-28T21:59:59Z INFO bsky_collector_v2.job.index_feed_generators: enqueued repos page=33 mode=listRepos inserted=500 repos_returned=500 next_cursor=set
2026-03-28T22:00:48Z WARNING bsky_collector_v2.job.index_feed_generators: listRecords failed repo=did:plc:hq2n2pau6jb7zw2ijrbsphuq err=HttpError('InvalidRequest: Could not find repo: did:plc:hq2n2pau6jb7zw2ijrbsphuq')
2026-03-28T22:01:43Z WARNING bsky_collector_v2.job.index_feed_generators: listRecords failed repo=did:plc:hq2n2pau6jb7zw2ijrbsphuq err=HttpError('InvalidRequest: Could not find repo: did:plc:hq2n2pau6jb7zw2ijrbsphuq')
2026-03-28T22:01:43Z WARNING bsky_collector_v2.job.index_feed_generators: listRecords failed repo=did:plc:hq2n2pau6jb7zw2ijrbsphuq err=HttpError('InvalidRequest: Could not find repo: did:plc:hq2n2pau6jb7zw2ijrbsphuq')
2026-03-28T22:01:44Z INFO bsky_collector_v2.job.index_feed_generators: enqueued repos page=34 mode=listRepos inserted=500 repos_returned=500 next_cursor=set
2026-03-28T22:01:44Z WARNING bsky_collector_v2.job.index_feed_generators: listRecords failed repo=did:plc:2dzmpxhptdpogdx2mkvegmdt err=HttpError('InvalidRequest: Could not find repo: did:plc:2dzmpxhptdpogdx2mkvegmdt')
2026-03-28T22:01:48Z WARNING bsky_collector_v2.job.index_feed_generators: listRecords failed repo=did:plc:3fskwhyi6gi7l5afzyesz3al err=HttpError('InvalidRequest: Could not find repo: did:plc:3fskwhyi6gi7l5afzyesz3al')
2026-03-28T22:01:59Z WARNING bsky_collector_v2.job.index_feed_generators: listRecords failed repo=did:plc:7zxzy65kzu2k6pkx2u2hqqae err=HttpError('InvalidRequest: Could not find repo: did:plc:7zxzy65kzu2k6pkx2u2hqqae')
