2026-03-02T14:08:13Z INFO bsky_collector_v2: out_base ok path=D:\BlueSky\data_v2_full mount=D:\
2026-03-02T14:08:13Z INFO bsky_collector_v2: job start subcommand=index-feed-generators dry_run=False resume=True
2026-03-02T14:08:14Z INFO bsky_collector_v2.job.index_feed_generators: feed generator index hosts relay_host=https://bsky.network records_host=https://bsky.social auth=yes
2026-03-02T14:08:46Z WARNING bsky_collector_v2.job.index_feed_generators: listRecords failed repo=did:plc:metlg3nssubs7al6vnvz52qb err=HttpError('InvalidRequest: Could not find repo: did:plc:metlg3nssubs7al6vnvz52qb')
2026-03-02T14:09:00Z INFO bsky_collector_v2.job.index_feed_generators: indexed repo=did:plc:ppw6seeknfymkejkcccj53bw part=451 records=1 next_cursor=set
2026-03-02T14:09:32Z WARNING bsky_collector_v2.job.index_feed_generators: listRecords failed repo=did:plc:metlg3nssubs7al6vnvz52qb err=HttpError('InvalidRequest: Could not find repo: did:plc:metlg3nssubs7al6vnvz52qb')
2026-03-02T14:09:32Z WARNING bsky_collector_v2.job.index_feed_generators: listRecords failed repo=did:plc:metlg3nssubs7al6vnvz52qb err=HttpError('InvalidRequest: Could not find repo: did:plc:metlg3nssubs7al6vnvz52qb')
2026-03-02T14:09:33Z INFO bsky_collector_v2.job.index_feed_generators: enqueued repos page=1 mode=listRepos inserted=500 repos_returned=500 next_cursor=set
2026-03-02T14:10:05Z INFO bsky_collector_v2.job.index_feed_generators: indexed repo=did:plc:flrw6dsye7lc6pfzsfplbzea part=452 records=2 next_cursor=set
2026-03-02T14:11:09Z INFO bsky_collector_v2.job.index_feed_generators: enqueued repos page=2 mode=listRepos inserted=500 repos_returned=500 next_cursor=set
2026-03-02T14:12:52Z INFO bsky_collector_v2.job.index_feed_generators: enqueued repos page=3 mode=listRepos inserted=500 repos_returned=500 next_cursor=set
2026-03-02T14:14:06Z INFO bsky_collector_v2.job.index_feed_generators: indexed repo=did:plc:sqhhddrfb6bl5dtkxeqgvlrc part=453 records=1 next_cursor=set
2026-03-02T14:14:10Z INFO bsky_collector_v2.job.index_feed_generators: indexed repo=did:plc:tjzwqsqy5w2xmr5cgiiftqqg part=454 records=1 next_cursor=set
2026-03-02T14:14:20Z WARNING bsky_collector_v2.job.index_feed_generators: listRecords failed repo=did:plc:wnems4zradsfmfxopddmfgl7 err=HttpError('InvalidRequest: Could not find repo: did:plc:wnems4zradsfmfxopddmfgl7')
2026-03-02T14:14:28Z INFO bsky_collector_v2.job.index_feed_generators: indexed repo=did:plc:yvyrrvpp3z2jr2s4gqgikc5x part=455 records=1 next_cursor=set
2026-03-02T14:14:32Z WARNING bsky_collector_v2.job.index_feed_generators: listRecords failed repo=did:plc:wnems4zradsfmfxopddmfgl7 err=HttpError('InvalidRequest: Could not find repo: did:plc:wnems4zradsfmfxopddmfgl7')
2026-03-02T14:14:33Z WARNING bsky_collector_v2.job.index_feed_generators: listRecords failed repo=did:plc:wnems4zradsfmfxopddmfgl7 err=HttpError('InvalidRequest: Could not find repo: did:plc:wnems4zradsfmfxopddmfgl7')
2026-03-02T14:14:33Z INFO bsky_collector_v2.job.index_feed_generators: enqueued repos page=4 mode=listRepos inserted=500 repos_returned=500 next_cursor=set
2026-03-02T14:14:43Z WARNING bsky_collector_v2.job.index_feed_generators: listRecords failed repo=did:plc:4te7lzk26nqcwicxzzzonwfl err=HttpError('InvalidRequest: Could not find repo: did:plc:4te7lzk26nqcwicxzzzonwfl')
2026-03-02T14:14:47Z INFO bsky_collector_v2.job.index_feed_generators: indexed repo=did:plc:65avs3kiuhf7hbs6hahfshfn part=456 records=1 next_cursor=set
2026-03-02T14:14:58Z WARNING bsky_collector_v2.job.index_feed_generators: listRecords failed repo=did:plc:aq7pv6pue5d5mscdhf62zneq err=HttpError('InvalidRequest: Could not find repo: did:plc:aq7pv6pue5d5mscdhf62zneq')
2026-03-02T14:15:25Z INFO bsky_collector_v2.job.index_feed_generators: indexed repo=did:plc:hjb5d6htdzmoyzxcfwdzqy4w part=457 records=2 next_cursor=set
2026-03-02T14:15:32Z WARNING bsky_collector_v2.job.index_feed_generators: listRecords failed repo=did:plc:jefcrd3wskpqwp7bddchkhw5 err=HttpError('InvalidRequest: Could not find repo: did:plc:jefcrd3wskpqwp7bddchkhw5')
2026-03-02T14:15:57Z WARNING bsky_collector_v2.job.index_feed_generators: listRecords failed repo=did:plc:qn5d5wazx76cx6xs4kjevluw err=HttpError('InvalidRequest: Could not find repo: did:plc:qn5d5wazx76cx6xs4kjevluw')
2026-03-02T14:16:23Z WARNING bsky_collector_v2.job.index_feed_generators: listRecords failed repo=did:plc:4te7lzk26nqcwicxzzzonwfl err=HttpError('InvalidRequest: Could not find repo: did:plc:4te7lzk26nqcwicxzzzonwfl')
2026-03-02T14:16:23Z WARNING bsky_collector_v2.job.index_feed_generators: listRecords failed repo=did:plc:aq7pv6pue5d5mscdhf62zneq err=HttpError('InvalidRequest: Could not find repo: did:plc:aq7pv6pue5d5mscdhf62zneq')
2026-03-02T14:16:23Z WARNING bsky_collector_v2.job.index_feed_generators: listRecords failed repo=did:plc:jefcrd3wskpqwp7bddchkhw5 err=HttpError('InvalidRequest: Could not find repo: did:plc:jefcrd3wskpqwp7bddchkhw5')
2026-03-02T14:16:23Z WARNING bsky_collector_v2.job.index_feed_generators: listRecords failed repo=did:plc:qn5d5wazx76cx6xs4kjevluw err=HttpError('InvalidRequest: Could not find repo: did:plc:qn5d5wazx76cx6xs4kjevluw')
2026-03-02T14:16:24Z WARNING bsky_collector_v2.job.index_feed_generators: listRecords failed repo=did:plc:4te7lzk26nqcwicxzzzonwfl err=HttpError('InvalidRequest: Could not find repo: did:plc:4te7lzk26nqcwicxzzzonwfl')
2026-03-02T14:16:24Z WARNING bsky_collector_v2.job.index_feed_generators: listRecords failed repo=did:plc:aq7pv6pue5d5mscdhf62zneq err=HttpError('InvalidRequest: Could not find repo: did:plc:aq7pv6pue5d5mscdhf62zneq')
2026-03-02T14:16:24Z WARNING bsky_collector_v2.job.index_feed_generators: listRecords failed repo=did:plc:jefcrd3wskpqwp7bddchkhw5 err=HttpError('InvalidRequest: Could not find repo: did:plc:jefcrd3wskpqwp7bddchkhw5')
2026-03-02T14:16:24Z WARNING bsky_collector_v2.job.index_feed_generators: listRecords failed repo=did:plc:qn5d5wazx76cx6xs4kjevluw err=HttpError('InvalidRequest: Could not find repo: did:plc:qn5d5wazx76cx6xs4kjevluw')
2026-03-02T14:16:24Z INFO bsky_collector_v2.job.index_feed_generators: enqueued repos page=5 mode=listRepos inserted=500 repos_returned=500 next_cursor=set
2026-03-02T14:16:30Z WARNING bsky_collector_v2.job.index_feed_generators: listRecords failed repo=did:plc:4nfbfo3vrawoiqon7yjjhacp err=HttpError('InvalidRequest: Could not find repo: did:plc:4nfbfo3vrawoiqon7yjjhacp')
2026-03-02T14:16:54Z INFO bsky_collector_v2.job.index_feed_generators: indexed repo=did:plc:dt6kynyswmpnmqeu3exg7so7 part=458 records=1 next_cursor=set
2026-03-02T14:17:00Z INFO bsky_collector_v2.job.index_feed_generators: indexed repo=did:plc:fijjyvbrxpk2rfnbrse2yyfd part=459 records=1 next_cursor=set
2026-03-02T14:18:03Z WARNING bsky_collector_v2.job.index_feed_generators: listRecords failed repo=did:plc:4nfbfo3vrawoiqon7yjjhacp err=HttpError('InvalidRequest: Could not find repo: did:plc:4nfbfo3vrawoiqon7yjjhacp')
2026-03-02T14:18:03Z WARNING bsky_collector_v2.job.index_feed_generators: listRecords failed repo=did:plc:4nfbfo3vrawoiqon7yjjhacp err=HttpError('InvalidRequest: Could not find repo: did:plc:4nfbfo3vrawoiqon7yjjhacp')
2026-03-02T14:18:04Z INFO bsky_collector_v2.job.index_feed_generators: enqueued repos page=6 mode=listRepos inserted=500 repos_returned=500 next_cursor=set
2026-03-02T14:18:07Z INFO bsky_collector_v2.job.index_feed_generators: indexed repo=did:plc:2jcdacgfwfvdizgdhfcs7rxe part=460 records=1 next_cursor=set
2026-03-02T14:18:53Z WARNING bsky_collector_v2.job.index_feed_generators: listRecords failed repo=did:plc:jidkze3cbxffl7hv2pxlsn6f err=HttpError('InvalidRequest: Could not find repo: did:plc:jidkze3cbxffl7hv2pxlsn6f')
2026-03-02T14:19:36Z WARNING bsky_collector_v2.job.index_feed_generators: listRecords failed repo=did:plc:jidkze3cbxffl7hv2pxlsn6f err=HttpError('InvalidRequest: Could not find repo: did:plc:jidkze3cbxffl7hv2pxlsn6f')
2026-03-02T14:19:36Z WARNING bsky_collector_v2.job.index_feed_generators: listRecords failed repo=did:plc:jidkze3cbxffl7hv2pxlsn6f err=HttpError('InvalidRequest: Could not find repo: did:plc:jidkze3cbxffl7hv2pxlsn6f')
2026-03-02T14:19:36Z INFO bsky_collector_v2.job.index_feed_generators: enqueued repos page=7 mode=listRepos inserted=500 repos_returned=500 next_cursor=set
2026-03-02T14:19:40Z WARNING bsky_collector_v2.job.index_feed_generators: listRecords failed repo=did:plc:3zxnkjt2mq76talddytaem3q err=HttpError('InvalidRequest: Could not find repo: did:plc:3zxnkjt2mq76talddytaem3q')
2026-03-02T14:20:18Z WARNING bsky_collector_v2.job.index_feed_generators: listRecords failed repo=did:plc:k52hh3giyxtuicdgw5ts3zrh err=HttpError('InvalidRequest: Could not find repo: did:plc:k52hh3giyxtuicdgw5ts3zrh')
2026-03-02T14:20:21Z WARNING bsky_collector_v2.job.index_feed_generators: listRecords failed repo=did:plc:l6msji5hdwbvajtzl2bqfgtb err=HttpError('InvalidRequest: Could not find repo: did:plc:l6msji5hdwbvajtzl2bqfgtb')
2026-03-02T14:20:57Z WARNING bsky_collector_v2.job.index_feed_generators: listRecords failed repo=did:plc:u6qro2mhqucpkhighx6wwdgy err=HttpError('InvalidRequest: Could not find repo: did:plc:u6qro2mhqucpkhighx6wwdgy')
2026-03-02T14:21:02Z INFO bsky_collector_v2.job.index_feed_generators: indexed repo=did:plc:w2k5qljaf7ax7zc3ipyiqdzr part=461 records=1 next_cursor=set
2026-03-02T14:21:03Z WARNING bsky_collector_v2.job.index_feed_generators: listRecords failed repo=did:plc:wf236kfs5uiooqvkauksv2rj err=HttpError('InvalidRequest: Could not find repo: did:plc:wf236kfs5uiooqvkauksv2rj')
2026-03-02T14:21:14Z WARNING bsky_collector_v2.job.index_feed_generators: listRecords failed repo=did:plc:3zxnkjt2mq76talddytaem3q err=HttpError('InvalidRequest: Could not find repo: did:plc:3zxnkjt2mq76talddytaem3q')
2026-03-02T14:21:14Z WARNING bsky_collector_v2.job.index_feed_generators: listRecords failed repo=did:plc:k52hh3giyxtuicdgw5ts3zrh err=HttpError('InvalidRequest: Could not find repo: did:plc:k52hh3giyxtuicdgw5ts3zrh')
2026-03-02T14:21:14Z WARNING bsky_collector_v2.job.index_feed_generators: listRecords failed repo=did:plc:l6msji5hdwbvajtzl2bqfgtb err=HttpError('InvalidRequest: Could not find repo: did:plc:l6msji5hdwbvajtzl2bqfgtb')
2026-03-02T14:21:15Z WARNING bsky_collector_v2.job.index_feed_generators: listRecords failed repo=did:plc:u6qro2mhqucpkhighx6wwdgy err=HttpError('InvalidRequest: Could not find repo: did:plc:u6qro2mhqucpkhighx6wwdgy')
2026-03-02T14:21:15Z WARNING bsky_collector_v2.job.index_feed_generators: listRecords failed repo=did:plc:wf236kfs5uiooqvkauksv2rj err=HttpError('InvalidRequest: Could not find repo: did:plc:wf236kfs5uiooqvkauksv2rj')
2026-03-02T14:21:15Z WARNING bsky_collector_v2.job.index_feed_generators: listRecords failed repo=did:plc:3zxnkjt2mq76talddytaem3q err=HttpError('InvalidRequest: Could not find repo: did:plc:3zxnkjt2mq76talddytaem3q')
2026-03-02T14:21:15Z WARNING bsky_collector_v2.job.index_feed_generators: listRecords failed repo=did:plc:k52hh3giyxtuicdgw5ts3zrh err=HttpError('InvalidRequest: Could not find repo: did:plc:k52hh3giyxtuicdgw5ts3zrh')
2026-03-02T14:21:15Z WARNING bsky_collector_v2.job.index_feed_generators: listRecords failed repo=did:plc:l6msji5hdwbvajtzl2bqfgtb err=HttpError('InvalidRequest: Could not find repo: did:plc:l6msji5hdwbvajtzl2bqfgtb')
2026-03-02T14:21:15Z WARNING bsky_collector_v2.job.index_feed_generators: listRecords failed repo=did:plc:u6qro2mhqucpkhighx6wwdgy err=HttpError('InvalidRequest: Could not find repo: did:plc:u6qro2mhqucpkhighx6wwdgy')
2026-03-02T14:21:15Z WARNING bsky_collector_v2.job.index_feed_generators: listRecords failed repo=did:plc:wf236kfs5uiooqvkauksv2rj err=HttpError('InvalidRequest: Could not find repo: did:plc:wf236kfs5uiooqvkauksv2rj')
2026-03-02T14:21:16Z INFO bsky_collector_v2.job.index_feed_generators: enqueued repos page=8 mode=listRepos inserted=500 repos_returned=500 next_cursor=set
2026-03-02T14:21:24Z WARNING bsky_collector_v2.job.index_feed_generators: listRecords failed repo=did:plc:4xzu4q2uamftytwfuxmsmqrj err=HttpError('InvalidRequest: Could not find repo: did:plc:4xzu4q2uamftytwfuxmsmqrj')
2026-03-02T14:21:34Z WARNING bsky_collector_v2.job.index_feed_generators: listRecords failed repo=did:plc:ahrdf3sbr2crgijfsejyzytb err=HttpError('InvalidRequest: Could not find repo: did:plc:ahrdf3sbr2crgijfsejyzytb')
2026-03-02T14:21:41Z WARNING bsky_collector_v2.job.index_feed_generators: listRecords failed repo=did:plc:cxlx4wzens4obidieq5hx3ph err=HttpError('InvalidRequest: Could not find repo: did:plc:cxlx4wzens4obidieq5hx3ph')
2026-03-02T14:21:43Z WARNING bsky_collector_v2.job.index_feed_generators: listRecords failed repo=did:plc:dpenktpq3vdkzbvhlqtm2qdx err=HttpError('InvalidRequest: Could not find repo: did:plc:dpenktpq3vdkzbvhlqtm2qdx')
2026-03-02T14:22:15Z WARNING bsky_collector_v2.job.index_feed_generators: listRecords failed repo=did:plc:pvjznzt5keibxe5dxlv32ukn err=HttpError('InvalidRequest: Could not find repo: did:plc:pvjznzt5keibxe5dxlv32ukn')
2026-03-02T14:22:33Z WARNING bsky_collector_v2.job.index_feed_generators: listRecords failed repo=did:plc:vxwbbihvraqqqmlh3xctf3lu err=HttpError('InvalidRequest: Could not find repo: did:plc:vxwbbihvraqqqmlh3xctf3lu')
2026-03-02T14:22:45Z WARNING bsky_collector_v2.job.index_feed_generators: listRecords failed repo=did:plc:4xzu4q2uamftytwfuxmsmqrj err=HttpError('InvalidRequest: Could not find repo: did:plc:4xzu4q2uamftytwfuxmsmqrj')
2026-03-02T14:22:45Z WARNING bsky_collector_v2.job.index_feed_generators: listRecords failed repo=did:plc:ahrdf3sbr2crgijfsejyzytb err=HttpError('InvalidRequest: Could not find repo: did:plc:ahrdf3sbr2crgijfsejyzytb')
2026-03-02T14:22:45Z WARNING bsky_collector_v2.job.index_feed_generators: listRecords failed repo=did:plc:cxlx4wzens4obidieq5hx3ph err=HttpError('InvalidRequest: Could not find repo: did:plc:cxlx4wzens4obidieq5hx3ph')
2026-03-02T14:22:45Z WARNING bsky_collector_v2.job.index_feed_generators: listRecords failed repo=did:plc:dpenktpq3vdkzbvhlqtm2qdx err=HttpError('InvalidRequest: Could not find repo: did:plc:dpenktpq3vdkzbvhlqtm2qdx')
2026-03-02T14:22:45Z WARNING bsky_collector_v2.job.index_feed_generators: listRecords failed repo=did:plc:pvjznzt5keibxe5dxlv32ukn err=HttpError('InvalidRequest: Could not find repo: did:plc:pvjznzt5keibxe5dxlv32ukn')
2026-03-02T14:22:45Z WARNING bsky_collector_v2.job.index_feed_generators: listRecords failed repo=did:plc:vxwbbihvraqqqmlh3xctf3lu err=HttpError('InvalidRequest: Could not find repo: did:plc:vxwbbihvraqqqmlh3xctf3lu')
2026-03-02T14:22:45Z WARNING bsky_collector_v2.job.index_feed_generators: listRecords failed repo=did:plc:4xzu4q2uamftytwfuxmsmqrj err=HttpError('InvalidRequest: Could not find repo: did:plc:4xzu4q2uamftytwfuxmsmqrj')
2026-03-02T14:22:45Z WARNING bsky_collector_v2.job.index_feed_generators: listRecords failed repo=did:plc:ahrdf3sbr2crgijfsejyzytb err=HttpError('InvalidRequest: Could not find repo: did:plc:ahrdf3sbr2crgijfsejyzytb')
2026-03-02T14:22:45Z WARNING bsky_collector_v2.job.index_feed_generators: listRecords failed repo=did:plc:cxlx4wzens4obidieq5hx3ph err=HttpError('InvalidRequest: Could not find repo: did:plc:cxlx4wzens4obidieq5hx3ph')
2026-03-02T14:22:45Z WARNING bsky_collector_v2.job.index_feed_generators: listRecords failed repo=did:plc:dpenktpq3vdkzbvhlqtm2qdx err=HttpError('InvalidRequest: Could not find repo: did:plc:dpenktpq3vdkzbvhlqtm2qdx')
2026-03-02T14:22:46Z WARNING bsky_collector_v2.job.index_feed_generators: listRecords failed repo=did:plc:pvjznzt5keibxe5dxlv32ukn err=HttpError('InvalidRequest: Could not find repo: did:plc:pvjznzt5keibxe5dxlv32ukn')
2026-03-02T14:22:46Z WARNING bsky_collector_v2.job.index_feed_generators: listRecords failed repo=did:plc:vxwbbihvraqqqmlh3xctf3lu err=HttpError('InvalidRequest: Could not find repo: did:plc:vxwbbihvraqqqmlh3xctf3lu')
2026-03-02T14:22:46Z INFO bsky_collector_v2.job.index_feed_generators: enqueued repos page=9 mode=listRepos inserted=500 repos_returned=500 next_cursor=set
2026-03-02T14:23:10Z INFO bsky_collector_v2.job.index_feed_generators: indexed repo=did:plc:cmjdhjkmsalcjd73i7kgmilk part=462 records=1 next_cursor=set
2026-03-02T14:23:28Z WARNING bsky_collector_v2.job.index_feed_generators: listRecords failed repo=did:plc:ixpnmzfzkxedcq2dpnjumoct err=HttpError('InvalidRequest: Could not find repo: did:plc:ixpnmzfzkxedcq2dpnjumoct')
2026-03-02T14:24:20Z WARNING bsky_collector_v2.job.index_feed_generators: listRecords failed repo=did:plc:ixpnmzfzkxedcq2dpnjumoct err=HttpError('InvalidRequest: Could not find repo: did:plc:ixpnmzfzkxedcq2dpnjumoct')
2026-03-02T14:24:20Z WARNING bsky_collector_v2.job.index_feed_generators: listRecords failed repo=did:plc:ixpnmzfzkxedcq2dpnjumoct err=HttpError('InvalidRequest: Could not find repo: did:plc:ixpnmzfzkxedcq2dpnjumoct')
2026-03-02T14:24:20Z INFO bsky_collector_v2.job.index_feed_generators: enqueued repos page=10 mode=listRepos inserted=500 repos_returned=500 next_cursor=set
2026-03-02T14:24:22Z INFO bsky_collector_v2.job.index_feed_generators: indexed repo=did:plc:2qxtqtvfo43g3hasegfbyfwx part=463 records=1 next_cursor=set
2026-03-02T14:24:28Z WARNING bsky_collector_v2.job.index_feed_generators: listRecords failed repo=did:plc:4cxycjkz2hjv7l2riphee2iw err=HttpError('InvalidRequest: Could not find repo: did:plc:4cxycjkz2hjv7l2riphee2iw')
2026-03-02T14:25:54Z WARNING bsky_collector_v2.job.index_feed_generators: listRecords failed repo=did:plc:4cxycjkz2hjv7l2riphee2iw err=HttpError('InvalidRequest: Could not find repo: did:plc:4cxycjkz2hjv7l2riphee2iw')
2026-03-02T14:25:54Z WARNING bsky_collector_v2.job.index_feed_generators: listRecords failed repo=did:plc:4cxycjkz2hjv7l2riphee2iw err=HttpError('InvalidRequest: Could not find repo: did:plc:4cxycjkz2hjv7l2riphee2iw')
2026-03-02T14:25:54Z INFO bsky_collector_v2.job.index_feed_generators: enqueued repos page=11 mode=listRepos inserted=500 repos_returned=500 next_cursor=set
2026-03-02T14:25:55Z WARNING bsky_collector_v2.job.index_feed_generators: listRecords failed repo=did:plc:2bimk6soz45loywc3dtf3vxs err=HttpError('InvalidRequest: Could not find repo: did:plc:2bimk6soz45loywc3dtf3vxs')
2026-03-02T14:26:00Z WARNING bsky_collector_v2.job.index_feed_generators: listRecords failed repo=did:plc:3xyuwqfpdst24z3yurjogpsq err=HttpError('InvalidRequest: Could not find repo: did:plc:3xyuwqfpdst24z3yurjogpsq')
2026-03-02T14:26:03Z WARNING bsky_collector_v2.job.index_feed_generators: listRecords failed repo=did:plc:4newninxhchztste5qvmgo5l err=HttpError('InvalidRequest: Could not find repo: did:plc:4newninxhchztste5qvmgo5l')
2026-03-02T14:26:23Z WARNING bsky_collector_v2.job.index_feed_generators: listRecords failed repo=did:plc:dq3vvn6qwkpfnl5otwepul5c err=HttpError('InvalidRequest: Could not find repo: did:plc:dq3vvn6qwkpfnl5otwepul5c')
2026-03-02T14:26:24Z WARNING bsky_collector_v2.job.index_feed_generators: listRecords failed repo=did:plc:dzawgo5coxoxno3hukvkaxcu err=HttpError('InvalidRequest: Could not find repo: did:plc:dzawgo5coxoxno3hukvkaxcu')
2026-03-02T14:26:41Z INFO bsky_collector_v2.job.index_feed_generators: indexed repo=did:plc:jemyi5n4dmjgewijlldtoqxe part=464 records=1 next_cursor=set
2026-03-02T14:26:41Z WARNING bsky_collector_v2.job.index_feed_generators: listRecords failed repo=did:plc:jokvgaokdmojgvjf7rdjbrtf err=HttpError('InvalidRequest: Could not find repo: did:plc:jokvgaokdmojgvjf7rdjbrtf')
2026-03-02T14:26:50Z WARNING bsky_collector_v2.job.index_feed_generators: listRecords failed repo=did:plc:m6ackqqinxh25pha7pk6xeao err=HttpError('InvalidRequest: Could not find repo: did:plc:m6ackqqinxh25pha7pk6xeao')
2026-03-02T14:26:54Z WARNING bsky_collector_v2.job.index_feed_generators: listRecords failed repo=did:plc:ns47fb5vnepedwnsvadoljjt err=HttpError('InvalidRequest: Could not find repo: did:plc:ns47fb5vnepedwnsvadoljjt')
2026-03-02T14:26:57Z WARNING bsky_collector_v2.job.index_feed_generators: listRecords failed repo=did:plc:otnmfgyh673pjozod2zfylrl err=HttpError('InvalidRequest: Could not find repo: did:plc:otnmfgyh673pjozod2zfylrl')
2026-03-02T14:27:02Z WARNING bsky_collector_v2.job.index_feed_generators: listRecords failed repo=did:plc:pke6vemfbs5suahrlhcawzy5 err=HttpError('InvalidRequest: Could not find repo: did:plc:pke6vemfbs5suahrlhcawzy5')
2026-03-02T14:27:02Z WARNING bsky_collector_v2.job.index_feed_generators: listRecords failed repo=did:plc:pkm5apwimhy2uh525ir2tdj7 err=HttpError('InvalidRequest: Could not find repo: did:plc:pkm5apwimhy2uh525ir2tdj7')
2026-03-02T14:27:16Z WARNING bsky_collector_v2.job.index_feed_generators: listRecords failed repo=did:plc:st7useulxhlxb72eyflqu72a err=HttpError('InvalidRequest: Could not find repo: did:plc:st7useulxhlxb72eyflqu72a')
2026-03-02T14:27:16Z WARNING bsky_collector_v2.job.index_feed_generators: listRecords failed repo=did:plc:sxpqxw3ccaxfeww54ufw4ysy err=HttpError('InvalidRequest: Could not find repo: did:plc:sxpqxw3ccaxfeww54ufw4ysy')
2026-03-02T14:27:18Z WARNING bsky_collector_v2.job.index_feed_generators: listRecords failed repo=did:plc:tjjo7vsnhgvgxubboq5wdpx6 err=HttpError('InvalidRequest: Could not find repo: did:plc:tjjo7vsnhgvgxubboq5wdpx6')
2026-03-02T14:27:20Z WARNING bsky_collector_v2.job.index_feed_generators: listRecords failed repo=did:plc:tzwcqzwqboljclritu3g6b2x err=HttpError('InvalidRequest: Could not find repo: did:plc:tzwcqzwqboljclritu3g6b2x')
2026-03-02T14:27:29Z WARNING bsky_collector_v2.job.index_feed_generators: listRecords failed repo=did:plc:wvq6rhallwoxxlgkfo7aiodv err=HttpError('InvalidRequest: Could not find repo: did:plc:wvq6rhallwoxxlgkfo7aiodv')
2026-03-02T14:27:31Z INFO bsky_collector_v2.job.index_feed_generators: indexed repo=did:plc:xhv4y22yu2y2tiog4pyqxhrx part=465 records=3 next_cursor=set
2026-03-02T14:27:38Z WARNING bsky_collector_v2.job.index_feed_generators: listRecords failed repo=did:plc:2bimk6soz45loywc3dtf3vxs err=HttpError('InvalidRequest: Could not find repo: did:plc:2bimk6soz45loywc3dtf3vxs')
2026-03-02T14:27:38Z WARNING bsky_collector_v2.job.index_feed_generators: listRecords failed repo=did:plc:3xyuwqfpdst24z3yurjogpsq err=HttpError('InvalidRequest: Could not find repo: did:plc:3xyuwqfpdst24z3yurjogpsq')
2026-03-02T14:27:38Z WARNING bsky_collector_v2.job.index_feed_generators: listRecords failed repo=did:plc:4newninxhchztste5qvmgo5l err=HttpError('InvalidRequest: Could not find repo: did:plc:4newninxhchztste5qvmgo5l')
2026-03-02T14:27:38Z WARNING bsky_collector_v2.job.index_feed_generators: listRecords failed repo=did:plc:dq3vvn6qwkpfnl5otwepul5c err=HttpError('InvalidRequest: Could not find repo: did:plc:dq3vvn6qwkpfnl5otwepul5c')
2026-03-02T14:27:38Z WARNING bsky_collector_v2.job.index_feed_generators: listRecords failed repo=did:plc:dzawgo5coxoxno3hukvkaxcu err=HttpError('InvalidRequest: Could not find repo: did:plc:dzawgo5coxoxno3hukvkaxcu')
2026-03-02T14:27:39Z WARNING bsky_collector_v2.job.index_feed_generators: listRecords failed repo=did:plc:jokvgaokdmojgvjf7rdjbrtf err=HttpError('InvalidRequest: Could not find repo: did:plc:jokvgaokdmojgvjf7rdjbrtf')
2026-03-02T14:27:39Z WARNING bsky_collector_v2.job.index_feed_generators: listRecords failed repo=did:plc:m6ackqqinxh25pha7pk6xeao err=HttpError('InvalidRequest: Could not find repo: did:plc:m6ackqqinxh25pha7pk6xeao')
2026-03-02T14:27:39Z WARNING bsky_collector_v2.job.index_feed_generators: listRecords failed repo=did:plc:ns47fb5vnepedwnsvadoljjt err=HttpError('InvalidRequest: Could not find repo: did:plc:ns47fb5vnepedwnsvadoljjt')
2026-03-02T14:27:39Z WARNING bsky_collector_v2.job.index_feed_generators: listRecords failed repo=did:plc:otnmfgyh673pjozod2zfylrl err=HttpError('InvalidRequest: Could not find repo: did:plc:otnmfgyh673pjozod2zfylrl')
2026-03-02T14:27:39Z WARNING bsky_collector_v2.job.index_feed_generators: listRecords failed repo=did:plc:pke6vemfbs5suahrlhcawzy5 err=HttpError('InvalidRequest: Could not find repo: did:plc:pke6vemfbs5suahrlhcawzy5')
2026-03-02T14:27:39Z WARNING bsky_collector_v2.job.index_feed_generators: listRecords failed repo=did:plc:pkm5apwimhy2uh525ir2tdj7 err=HttpError('InvalidRequest: Could not find repo: did:plc:pkm5apwimhy2uh525ir2tdj7')
2026-03-02T14:27:39Z WARNING bsky_collector_v2.job.index_feed_generators: listRecords failed repo=did:plc:st7useulxhlxb72eyflqu72a err=HttpError('InvalidRequest: Could not find repo: did:plc:st7useulxhlxb72eyflqu72a')
2026-03-02T14:27:39Z WARNING bsky_collector_v2.job.index_feed_generators: listRecords failed repo=did:plc:sxpqxw3ccaxfeww54ufw4ysy err=HttpError('InvalidRequest: Could not find repo: did:plc:sxpqxw3ccaxfeww54ufw4ysy')
2026-03-02T14:27:39Z WARNING bsky_collector_v2.job.index_feed_generators: listRecords failed repo=did:plc:tjjo7vsnhgvgxubboq5wdpx6 err=HttpError('InvalidRequest: Could not find repo: did:plc:tjjo7vsnhgvgxubboq5wdpx6')
2026-03-02T14:27:39Z WARNING bsky_collector_v2.job.index_feed_generators: listRecords failed repo=did:plc:tzwcqzwqboljclritu3g6b2x err=HttpError('InvalidRequest: Could not find repo: did:plc:tzwcqzwqboljclritu3g6b2x')
2026-03-02T14:27:40Z WARNING bsky_collector_v2.job.index_feed_generators: listRecords failed repo=did:plc:wvq6rhallwoxxlgkfo7aiodv err=HttpError('InvalidRequest: Could not find repo: did:plc:wvq6rhallwoxxlgkfo7aiodv')
2026-03-02T14:27:40Z WARNING bsky_collector_v2.job.index_feed_generators: listRecords failed repo=did:plc:2bimk6soz45loywc3dtf3vxs err=HttpError('InvalidRequest: Could not find repo: did:plc:2bimk6soz45loywc3dtf3vxs')
2026-03-02T14:27:40Z WARNING bsky_collector_v2.job.index_feed_generators: listRecords failed repo=did:plc:3xyuwqfpdst24z3yurjogpsq err=HttpError('InvalidRequest: Could not find repo: did:plc:3xyuwqfpdst24z3yurjogpsq')
2026-03-02T14:27:40Z WARNING bsky_collector_v2.job.index_feed_generators: listRecords failed repo=did:plc:4newninxhchztste5qvmgo5l err=HttpError('InvalidRequest: Could not find repo: did:plc:4newninxhchztste5qvmgo5l')
2026-03-02T14:27:40Z WARNING bsky_collector_v2.job.index_feed_generators: listRecords failed repo=did:plc:dq3vvn6qwkpfnl5otwepul5c err=HttpError('InvalidRequest: Could not find repo: did:plc:dq3vvn6qwkpfnl5otwepul5c')
2026-03-02T14:27:40Z WARNING bsky_collector_v2.job.index_feed_generators: listRecords failed repo=did:plc:dzawgo5coxoxno3hukvkaxcu err=HttpError('InvalidRequest: Could not find repo: did:plc:dzawgo5coxoxno3hukvkaxcu')
2026-03-02T14:27:40Z WARNING bsky_collector_v2.job.index_feed_generators: listRecords failed repo=did:plc:jokvgaokdmojgvjf7rdjbrtf err=HttpError('InvalidRequest: Could not find repo: did:plc:jokvgaokdmojgvjf7rdjbrtf')
2026-03-02T14:27:40Z WARNING bsky_collector_v2.job.index_feed_generators: listRecords failed repo=did:plc:m6ackqqinxh25pha7pk6xeao err=HttpError('InvalidRequest: Could not find repo: did:plc:m6ackqqinxh25pha7pk6xeao')
2026-03-02T14:27:40Z WARNING bsky_collector_v2.job.index_feed_generators: listRecords failed repo=did:plc:ns47fb5vnepedwnsvadoljjt err=HttpError('InvalidRequest: Could not find repo: did:plc:ns47fb5vnepedwnsvadoljjt')
2026-03-02T14:27:40Z WARNING bsky_collector_v2.job.index_feed_generators: listRecords failed repo=did:plc:otnmfgyh673pjozod2zfylrl err=HttpError('InvalidRequest: Could not find repo: did:plc:otnmfgyh673pjozod2zfylrl')
2026-03-02T14:27:40Z WARNING bsky_collector_v2.job.index_feed_generators: listRecords failed repo=did:plc:pke6vemfbs5suahrlhcawzy5 err=HttpError('InvalidRequest: Could not find repo: did:plc:pke6vemfbs5suahrlhcawzy5')
2026-03-02T14:27:41Z WARNING bsky_collector_v2.job.index_feed_generators: listRecords failed repo=did:plc:pkm5apwimhy2uh525ir2tdj7 err=HttpError('InvalidRequest: Could not find repo: did:plc:pkm5apwimhy2uh525ir2tdj7')
2026-03-02T14:27:41Z WARNING bsky_collector_v2.job.index_feed_generators: listRecords failed repo=did:plc:st7useulxhlxb72eyflqu72a err=HttpError('InvalidRequest: Could not find repo: did:plc:st7useulxhlxb72eyflqu72a')
2026-03-02T14:27:41Z WARNING bsky_collector_v2.job.index_feed_generators: listRecords failed repo=did:plc:sxpqxw3ccaxfeww54ufw4ysy err=HttpError('InvalidRequest: Could not find repo: did:plc:sxpqxw3ccaxfeww54ufw4ysy')
2026-03-02T14:27:41Z WARNING bsky_collector_v2.job.index_feed_generators: listRecords failed repo=did:plc:tjjo7vsnhgvgxubboq5wdpx6 err=HttpError('InvalidRequest: Could not find repo: did:plc:tjjo7vsnhgvgxubboq5wdpx6')
2026-03-02T14:27:41Z WARNING bsky_collector_v2.job.index_feed_generators: listRecords failed repo=did:plc:tzwcqzwqboljclritu3g6b2x err=HttpError('InvalidRequest: Could not find repo: did:plc:tzwcqzwqboljclritu3g6b2x')
2026-03-02T14:27:41Z WARNING bsky_collector_v2.job.index_feed_generators: listRecords failed repo=did:plc:wvq6rhallwoxxlgkfo7aiodv err=HttpError('InvalidRequest: Could not find repo: did:plc:wvq6rhallwoxxlgkfo7aiodv')
2026-03-02T14:27:42Z INFO bsky_collector_v2.job.index_feed_generators: enqueued repos page=12 mode=listRepos inserted=500 repos_returned=500 next_cursor=set
2026-03-02T14:27:43Z WARNING bsky_collector_v2.job.index_feed_generators: listRecords failed repo=did:plc:2qairzebxrgdfcysad33p672 err=HttpError('InvalidRequest: Could not find repo: did:plc:2qairzebxrgdfcysad33p672')
2026-03-02T14:27:48Z WARNING bsky_collector_v2.job.index_feed_generators: listRecords failed repo=did:plc:4rbzrcxjil5q7rnwasdf4gnf err=HttpError('InvalidRequest: Could not find repo: did:plc:4rbzrcxjil5q7rnwasdf4gnf')
2026-03-02T14:27:50Z WARNING bsky_collector_v2.job.index_feed_generators: listRecords failed repo=did:plc:5nosdiim4brx2tqp7nzot3pw err=HttpError('InvalidRequest: Could not find repo: did:plc:5nosdiim4brx2tqp7nzot3pw')
2026-03-02T14:27:51Z WARNING bsky_collector_v2.job.index_feed_generators: listRecords failed repo=did:plc:5qk7dk47gkputrq5kudyi7qw err=HttpError('InvalidRequest: Could not find repo: did:plc:5qk7dk47gkputrq5kudyi7qw')
2026-03-02T14:27:55Z WARNING bsky_collector_v2.job.index_feed_generators: listRecords failed repo=did:plc:7p5u3o3auevknpilh4k22mne err=HttpError('InvalidRequest: Could not find repo: did:plc:7p5u3o3auevknpilh4k22mne')
2026-03-02T14:27:56Z WARNING bsky_collector_v2.job.index_feed_generators: listRecords failed repo=did:plc:7z6r52ikfurpstppa264wa4e err=HttpError('InvalidRequest: Could not find repo: did:plc:7z6r52ikfurpstppa264wa4e')
2026-03-02T14:27:57Z WARNING bsky_collector_v2.job.index_feed_generators: listRecords failed repo=did:plc:avdxg2gny5p62uzpysqvbmdh err=HttpError('InvalidRequest: Could not find repo: did:plc:avdxg2gny5p62uzpysqvbmdh')
2026-03-02T14:28:02Z WARNING bsky_collector_v2.job.index_feed_generators: listRecords failed repo=did:plc:cjprf532hvnlftx3uha4b4vz err=HttpError('InvalidRequest: Could not find repo: did:plc:cjprf532hvnlftx3uha4b4vz')
2026-03-02T14:28:02Z WARNING bsky_collector_v2.job.index_feed_generators: listRecords failed repo=did:plc:cke7s6fpywne4dkkpxfjedo2 err=HttpError('InvalidRequest: Could not find repo: did:plc:cke7s6fpywne4dkkpxfjedo2')
2026-03-02T14:28:03Z WARNING bsky_collector_v2.job.index_feed_generators: listRecords failed repo=did:plc:cuk6qn2olm6hm7evmy5bz5dz err=HttpError('InvalidRequest: Could not find repo: did:plc:cuk6qn2olm6hm7evmy5bz5dz')
2026-03-02T14:28:03Z WARNING bsky_collector_v2.job.index_feed_generators: listRecords failed repo=did:plc:dabd2oafrijq2ibktg7ogqoa err=HttpError('InvalidRequest: Could not find repo: did:plc:dabd2oafrijq2ibktg7ogqoa')
2026-03-02T14:28:07Z WARNING bsky_collector_v2.job.index_feed_generators: listRecords failed repo=did:plc:f2nb62xif534y7xbz5pumhjf err=HttpError('InvalidRequest: Could not find repo: did:plc:f2nb62xif534y7xbz5pumhjf')
2026-03-02T14:28:08Z WARNING bsky_collector_v2.job.index_feed_generators: listRecords failed repo=did:plc:feiqme3kkk3mjn44qhsdnmjm err=HttpError('InvalidRequest: Could not find repo: did:plc:feiqme3kkk3mjn44qhsdnmjm')
2026-03-02T14:28:10Z WARNING bsky_collector_v2.job.index_feed_generators: listRecords failed repo=did:plc:fs6mb4xt2uysmnuquntvkkhg err=HttpError('InvalidRequest: Could not find repo: did:plc:fs6mb4xt2uysmnuquntvkkhg')
2026-03-02T14:28:12Z WARNING bsky_collector_v2.job.index_feed_generators: listRecords failed repo=did:plc:gedixt7emg3nnxtejzfdwmtn err=HttpError('InvalidRequest: Could not find repo: did:plc:gedixt7emg3nnxtejzfdwmtn')
2026-03-02T14:28:13Z WARNING bsky_collector_v2.job.index_feed_generators: listRecords failed repo=did:plc:gkwm2yzhkuaiasvbe6bzjv6o err=HttpError('InvalidRequest: Could not find repo: did:plc:gkwm2yzhkuaiasvbe6bzjv6o')
2026-03-02T14:28:13Z WARNING bsky_collector_v2.job.index_feed_generators: listRecords failed repo=did:plc:goiwd24pfhjnp6pca5is5ndr err=HttpError('InvalidRequest: Could not find repo: did:plc:goiwd24pfhjnp6pca5is5ndr')
2026-03-02T14:28:17Z WARNING bsky_collector_v2.job.index_feed_generators: listRecords failed repo=did:plc:isoaeksbqnchkmni46l5d4dq err=HttpError('InvalidRequest: Could not find repo: did:plc:isoaeksbqnchkmni46l5d4dq')
2026-03-02T14:28:19Z INFO bsky_collector_v2.job.index_feed_generators: indexed repo=did:plc:j66vbfiamtfzo6zcskmkxyxg part=466 records=2 next_cursor=set
2026-03-02T14:28:20Z WARNING bsky_collector_v2.job.index_feed_generators: listRecords failed repo=did:plc:jk73wwwjnf4diffmwlpc7fy5 err=HttpError('InvalidRequest: Could not find repo: did:plc:jk73wwwjnf4diffmwlpc7fy5')
2026-03-02T14:28:20Z WARNING bsky_collector_v2.job.index_feed_generators: listRecords failed repo=did:plc:jkxzmvquy6y5vwmhd5o3dgcg err=HttpError('InvalidRequest: Could not find repo: did:plc:jkxzmvquy6y5vwmhd5o3dgcg')
2026-03-02T14:28:25Z WARNING bsky_collector_v2.job.index_feed_generators: listRecords failed repo=did:plc:lh66cetoraqcgfq3ae74g7si err=HttpError('InvalidRequest: Could not find repo: did:plc:lh66cetoraqcgfq3ae74g7si')
2026-03-02T14:28:26Z WARNING bsky_collector_v2.job.index_feed_generators: listRecords failed repo=did:plc:lqng7aavlnbgc4bi7dploy2a err=HttpError('InvalidRequest: Could not find repo: did:plc:lqng7aavlnbgc4bi7dploy2a')
2026-03-02T14:28:31Z WARNING bsky_collector_v2.job.index_feed_generators: listRecords failed repo=did:plc:ne5wwcxl3cd4lhas7jebky76 err=HttpError('InvalidRequest: Could not find repo: did:plc:ne5wwcxl3cd4lhas7jebky76')
2026-03-02T14:28:35Z WARNING bsky_collector_v2.job.index_feed_generators: listRecords failed repo=did:plc:obh4idd67vvctv2mxx6ml57z err=HttpError('InvalidRequest: Could not find repo: did:plc:obh4idd67vvctv2mxx6ml57z')
2026-03-02T14:28:36Z WARNING bsky_collector_v2.job.index_feed_generators: listRecords failed repo=did:plc:on54kvaz5lulinjhatinnyix err=HttpError('InvalidRequest: Could not find repo: did:plc:on54kvaz5lulinjhatinnyix')
2026-03-02T14:28:39Z WARNING bsky_collector_v2.job.index_feed_generators: listRecords failed repo=did:plc:pmk2wu6mfiwg3daa3ntzs6pa err=HttpError('InvalidRequest: Could not find repo: did:plc:pmk2wu6mfiwg3daa3ntzs6pa')
2026-03-02T14:28:45Z WARNING bsky_collector_v2.job.index_feed_generators: listRecords failed repo=did:plc:rlilkzn34xtmxihcm4gshk5c err=HttpError('InvalidRequest: Could not find repo: did:plc:rlilkzn34xtmxihcm4gshk5c')
2026-03-02T14:28:47Z WARNING bsky_collector_v2.job.index_feed_generators: listRecords failed repo=did:plc:senbber36rndsfrfjx6nlgfw err=HttpError('InvalidRequest: Could not find repo: did:plc:senbber36rndsfrfjx6nlgfw')
2026-03-02T14:28:51Z WARNING bsky_collector_v2.job.index_feed_generators: listRecords failed repo=did:plc:tgmxsezdzwvm4d5l6k6ulv5e err=HttpError('InvalidRequest: Could not find repo: did:plc:tgmxsezdzwvm4d5l6k6ulv5e')
2026-03-02T14:28:51Z WARNING bsky_collector_v2.job.index_feed_generators: listRecords failed repo=did:plc:ti4poymsobfp7w5aewu46zej err=HttpError('InvalidRequest: Could not find repo: did:plc:ti4poymsobfp7w5aewu46zej')
2026-03-02T14:28:52Z WARNING bsky_collector_v2.job.index_feed_generators: listRecords failed repo=did:plc:tvhazklg74zdchguegtvmq6c err=HttpError('InvalidRequest: Could not find repo: did:plc:tvhazklg74zdchguegtvmq6c')
2026-03-02T14:28:57Z WARNING bsky_collector_v2.job.index_feed_generators: listRecords failed repo=did:plc:vq2b6gmej4qq6cwhlxpzmo4c err=HttpError('InvalidRequest: Could not find repo: did:plc:vq2b6gmej4qq6cwhlxpzmo4c')
2026-03-02T14:28:59Z WARNING bsky_collector_v2.job.index_feed_generators: listRecords failed repo=did:plc:wabemdvphcgpvdqblku2gjsf err=HttpError('InvalidRequest: Could not find repo: did:plc:wabemdvphcgpvdqblku2gjsf')
2026-03-02T14:29:00Z WARNING bsky_collector_v2.job.index_feed_generators: listRecords failed repo=did:plc:wcju72z2uotgvw7stjn45q2d err=HttpError('InvalidRequest: Could not find repo: did:plc:wcju72z2uotgvw7stjn45q2d')
2026-03-02T14:29:00Z WARNING bsky_collector_v2.job.index_feed_generators: listRecords failed repo=did:plc:weiubqngygggj47mvxmyy4so err=HttpError('InvalidRequest: Could not find repo: did:plc:weiubqngygggj47mvxmyy4so')
2026-03-02T14:29:00Z WARNING bsky_collector_v2.job.index_feed_generators: listRecords failed repo=did:plc:wgqrq7e7n37wdtc4u3pyjavx err=HttpError('InvalidRequest: Could not find repo: did:plc:wgqrq7e7n37wdtc4u3pyjavx')
2026-03-02T14:29:03Z WARNING bsky_collector_v2.job.index_feed_generators: listRecords failed repo=did:plc:xsotpsx3p4byh5m5i2va64jh err=HttpError('InvalidRequest: Could not find repo: did:plc:xsotpsx3p4byh5m5i2va64jh')
2026-03-02T14:29:03Z WARNING bsky_collector_v2.job.index_feed_generators: listRecords failed repo=did:plc:xwzdgn2rs623k5lule7zmwjg err=HttpError('InvalidRequest: Could not find repo: did:plc:xwzdgn2rs623k5lule7zmwjg')
2026-03-02T14:29:04Z WARNING bsky_collector_v2.job.index_feed_generators: listRecords failed repo=did:plc:yexl7oygcpahxtg5drjnv44z err=HttpError('InvalidRequest: Could not find repo: did:plc:yexl7oygcpahxtg5drjnv44z')
2026-03-02T14:29:05Z WARNING bsky_collector_v2.job.index_feed_generators: listRecords failed repo=did:plc:yizv4hgbtvlwljr7jasnevzo err=HttpError('InvalidRequest: Could not find repo: did:plc:yizv4hgbtvlwljr7jasnevzo')
2026-03-02T14:29:05Z WARNING bsky_collector_v2.job.index_feed_generators: listRecords failed repo=did:plc:ykgkkpoyh23lia3jtdeqauqm err=HttpError('InvalidRequest: Could not find repo: did:plc:ykgkkpoyh23lia3jtdeqauqm')
2026-03-02T14:29:09Z WARNING bsky_collector_v2.job.index_feed_generators: listRecords failed repo=did:plc:2qairzebxrgdfcysad33p672 err=HttpError('InvalidRequest: Could not find repo: did:plc:2qairzebxrgdfcysad33p672')
2026-03-02T14:29:09Z WARNING bsky_collector_v2.job.index_feed_generators: listRecords failed repo=did:plc:4rbzrcxjil5q7rnwasdf4gnf err=HttpError('InvalidRequest: Could not find repo: did:plc:4rbzrcxjil5q7rnwasdf4gnf')
2026-03-02T14:29:09Z WARNING bsky_collector_v2.job.index_feed_generators: listRecords failed repo=did:plc:5nosdiim4brx2tqp7nzot3pw err=HttpError('InvalidRequest: Could not find repo: did:plc:5nosdiim4brx2tqp7nzot3pw')
2026-03-02T14:29:09Z WARNING bsky_collector_v2.job.index_feed_generators: listRecords failed repo=did:plc:5qk7dk47gkputrq5kudyi7qw err=HttpError('InvalidRequest: Could not find repo: did:plc:5qk7dk47gkputrq5kudyi7qw')
2026-03-02T14:29:09Z WARNING bsky_collector_v2.job.index_feed_generators: listRecords failed repo=did:plc:7p5u3o3auevknpilh4k22mne err=HttpError('InvalidRequest: Could not find repo: did:plc:7p5u3o3auevknpilh4k22mne')
2026-03-02T14:29:09Z WARNING bsky_collector_v2.job.index_feed_generators: listRecords failed repo=did:plc:7z6r52ikfurpstppa264wa4e err=HttpError('InvalidRequest: Could not find repo: did:plc:7z6r52ikfurpstppa264wa4e')
2026-03-02T14:29:09Z WARNING bsky_collector_v2.job.index_feed_generators: listRecords failed repo=did:plc:avdxg2gny5p62uzpysqvbmdh err=HttpError('InvalidRequest: Could not find repo: did:plc:avdxg2gny5p62uzpysqvbmdh')
2026-03-02T14:29:09Z WARNING bsky_collector_v2.job.index_feed_generators: listRecords failed repo=did:plc:cjprf532hvnlftx3uha4b4vz err=HttpError('InvalidRequest: Could not find repo: did:plc:cjprf532hvnlftx3uha4b4vz')
2026-03-02T14:29:09Z WARNING bsky_collector_v2.job.index_feed_generators: listRecords failed repo=did:plc:cke7s6fpywne4dkkpxfjedo2 err=HttpError('InvalidRequest: Could not find repo: did:plc:cke7s6fpywne4dkkpxfjedo2')
2026-03-02T14:29:09Z WARNING bsky_collector_v2.job.index_feed_generators: listRecords failed repo=did:plc:cuk6qn2olm6hm7evmy5bz5dz err=HttpError('InvalidRequest: Could not find repo: did:plc:cuk6qn2olm6hm7evmy5bz5dz')
2026-03-02T14:29:09Z WARNING bsky_collector_v2.job.index_feed_generators: listRecords failed repo=did:plc:dabd2oafrijq2ibktg7ogqoa err=HttpError('InvalidRequest: Could not find repo: did:plc:dabd2oafrijq2ibktg7ogqoa')
2026-03-02T14:29:10Z WARNING bsky_collector_v2.job.index_feed_generators: listRecords failed repo=did:plc:f2nb62xif534y7xbz5pumhjf err=HttpError('InvalidRequest: Could not find repo: did:plc:f2nb62xif534y7xbz5pumhjf')
2026-03-02T14:29:10Z WARNING bsky_collector_v2.job.index_feed_generators: listRecords failed repo=did:plc:feiqme3kkk3mjn44qhsdnmjm err=HttpError('InvalidRequest: Could not find repo: did:plc:feiqme3kkk3mjn44qhsdnmjm')
2026-03-02T14:29:10Z WARNING bsky_collector_v2.job.index_feed_generators: listRecords failed repo=did:plc:fs6mb4xt2uysmnuquntvkkhg err=HttpError('InvalidRequest: Could not find repo: did:plc:fs6mb4xt2uysmnuquntvkkhg')
2026-03-02T14:29:10Z WARNING bsky_collector_v2.job.index_feed_generators: listRecords failed repo=did:plc:gedixt7emg3nnxtejzfdwmtn err=HttpError('InvalidRequest: Could not find repo: did:plc:gedixt7emg3nnxtejzfdwmtn')
2026-03-02T14:29:10Z WARNING bsky_collector_v2.job.index_feed_generators: listRecords failed repo=did:plc:gkwm2yzhkuaiasvbe6bzjv6o err=HttpError('InvalidRequest: Could not find repo: did:plc:gkwm2yzhkuaiasvbe6bzjv6o')
2026-03-02T14:29:10Z WARNING bsky_collector_v2.job.index_feed_generators: listRecords failed repo=did:plc:goiwd24pfhjnp6pca5is5ndr err=HttpError('InvalidRequest: Could not find repo: did:plc:goiwd24pfhjnp6pca5is5ndr')
2026-03-02T14:29:10Z WARNING bsky_collector_v2.job.index_feed_generators: listRecords failed repo=did:plc:isoaeksbqnchkmni46l5d4dq err=HttpError('InvalidRequest: Could not find repo: did:plc:isoaeksbqnchkmni46l5d4dq')
2026-03-02T14:29:10Z WARNING bsky_collector_v2.job.index_feed_generators: listRecords failed repo=did:plc:jk73wwwjnf4diffmwlpc7fy5 err=HttpError('InvalidRequest: Could not find repo: did:plc:jk73wwwjnf4diffmwlpc7fy5')
2026-03-02T14:29:10Z WARNING bsky_collector_v2.job.index_feed_generators: listRecords failed repo=did:plc:jkxzmvquy6y5vwmhd5o3dgcg err=HttpError('InvalidRequest: Could not find repo: did:plc:jkxzmvquy6y5vwmhd5o3dgcg')
2026-03-02T14:29:10Z WARNING bsky_collector_v2.job.index_feed_generators: listRecords failed repo=did:plc:lh66cetoraqcgfq3ae74g7si err=HttpError('InvalidRequest: Could not find repo: did:plc:lh66cetoraqcgfq3ae74g7si')
2026-03-02T14:29:10Z WARNING bsky_collector_v2.job.index_feed_generators: listRecords failed repo=did:plc:lqng7aavlnbgc4bi7dploy2a err=HttpError('InvalidRequest: Could not find repo: did:plc:lqng7aavlnbgc4bi7dploy2a')
2026-03-02T14:29:10Z WARNING bsky_collector_v2.job.index_feed_generators: listRecords failed repo=did:plc:ne5wwcxl3cd4lhas7jebky76 err=HttpError('InvalidRequest: Could not find repo: did:plc:ne5wwcxl3cd4lhas7jebky76')
2026-03-02T14:29:11Z WARNING bsky_collector_v2.job.index_feed_generators: listRecords failed repo=did:plc:obh4idd67vvctv2mxx6ml57z err=HttpError('InvalidRequest: Could not find repo: did:plc:obh4idd67vvctv2mxx6ml57z')
2026-03-02T14:29:11Z WARNING bsky_collector_v2.job.index_feed_generators: listRecords failed repo=did:plc:on54kvaz5lulinjhatinnyix err=HttpError('InvalidRequest: Could not find repo: did:plc:on54kvaz5lulinjhatinnyix')
2026-03-02T14:29:11Z WARNING bsky_collector_v2.job.index_feed_generators: listRecords failed repo=did:plc:pmk2wu6mfiwg3daa3ntzs6pa err=HttpError('InvalidRequest: Could not find repo: did:plc:pmk2wu6mfiwg3daa3ntzs6pa')
2026-03-02T14:29:11Z WARNING bsky_collector_v2.job.index_feed_generators: listRecords failed repo=did:plc:rlilkzn34xtmxihcm4gshk5c err=HttpError('InvalidRequest: Could not find repo: did:plc:rlilkzn34xtmxihcm4gshk5c')
2026-03-02T14:29:11Z WARNING bsky_collector_v2.job.index_feed_generators: listRecords failed repo=did:plc:senbber36rndsfrfjx6nlgfw err=HttpError('InvalidRequest: Could not find repo: did:plc:senbber36rndsfrfjx6nlgfw')
2026-03-02T14:29:11Z WARNING bsky_collector_v2.job.index_feed_generators: listRecords failed repo=did:plc:tgmxsezdzwvm4d5l6k6ulv5e err=HttpError('InvalidRequest: Could not find repo: did:plc:tgmxsezdzwvm4d5l6k6ulv5e')
2026-03-02T14:29:11Z WARNING bsky_collector_v2.job.index_feed_generators: listRecords failed repo=did:plc:ti4poymsobfp7w5aewu46zej err=HttpError('InvalidRequest: Could not find repo: did:plc:ti4poymsobfp7w5aewu46zej')
2026-03-02T14:29:11Z WARNING bsky_collector_v2.job.index_feed_generators: listRecords failed repo=did:plc:tvhazklg74zdchguegtvmq6c err=HttpError('InvalidRequest: Could not find repo: did:plc:tvhazklg74zdchguegtvmq6c')
2026-03-02T14:29:11Z WARNING bsky_collector_v2.job.index_feed_generators: listRecords failed repo=did:plc:vq2b6gmej4qq6cwhlxpzmo4c err=HttpError('InvalidRequest: Could not find repo: did:plc:vq2b6gmej4qq6cwhlxpzmo4c')
2026-03-02T14:29:11Z WARNING bsky_collector_v2.job.index_feed_generators: listRecords failed repo=did:plc:wabemdvphcgpvdqblku2gjsf err=HttpError('InvalidRequest: Could not find repo: did:plc:wabemdvphcgpvdqblku2gjsf')
2026-03-02T14:29:11Z WARNING bsky_collector_v2.job.index_feed_generators: listRecords failed repo=did:plc:wcju72z2uotgvw7stjn45q2d err=HttpError('InvalidRequest: Could not find repo: did:plc:wcju72z2uotgvw7stjn45q2d')
2026-03-02T14:29:11Z WARNING bsky_collector_v2.job.index_feed_generators: listRecords failed repo=did:plc:weiubqngygggj47mvxmyy4so err=HttpError('InvalidRequest: Could not find repo: did:plc:weiubqngygggj47mvxmyy4so')
2026-03-02T14:29:11Z WARNING bsky_collector_v2.job.index_feed_generators: listRecords failed repo=did:plc:wgqrq7e7n37wdtc4u3pyjavx err=HttpError('InvalidRequest: Could not find repo: did:plc:wgqrq7e7n37wdtc4u3pyjavx')
2026-03-02T14:29:11Z WARNING bsky_collector_v2.job.index_feed_generators: listRecords failed repo=did:plc:xsotpsx3p4byh5m5i2va64jh err=HttpError('InvalidRequest: Could not find repo: did:plc:xsotpsx3p4byh5m5i2va64jh')
2026-03-02T14:29:12Z WARNING bsky_collector_v2.job.index_feed_generators: listRecords failed repo=did:plc:xwzdgn2rs623k5lule7zmwjg err=HttpError('InvalidRequest: Could not find repo: did:plc:xwzdgn2rs623k5lule7zmwjg')
2026-03-02T14:29:12Z WARNING bsky_collector_v2.job.index_feed_generators: listRecords failed repo=did:plc:yexl7oygcpahxtg5drjnv44z err=HttpError('InvalidRequest: Could not find repo: did:plc:yexl7oygcpahxtg5drjnv44z')
2026-03-02T14:29:12Z WARNING bsky_collector_v2.job.index_feed_generators: listRecords failed repo=did:plc:yizv4hgbtvlwljr7jasnevzo err=HttpError('InvalidRequest: Could not find repo: did:plc:yizv4hgbtvlwljr7jasnevzo')
2026-03-02T14:29:12Z WARNING bsky_collector_v2.job.index_feed_generators: listRecords failed repo=did:plc:ykgkkpoyh23lia3jtdeqauqm err=HttpError('InvalidRequest: Could not find repo: did:plc:ykgkkpoyh23lia3jtdeqauqm')
2026-03-02T14:29:12Z WARNING bsky_collector_v2.job.index_feed_generators: listRecords failed repo=did:plc:2qairzebxrgdfcysad33p672 err=HttpError('InvalidRequest: Could not find repo: did:plc:2qairzebxrgdfcysad33p672')
2026-03-02T14:29:12Z WARNING bsky_collector_v2.job.index_feed_generators: listRecords failed repo=did:plc:4rbzrcxjil5q7rnwasdf4gnf err=HttpError('InvalidRequest: Could not find repo: did:plc:4rbzrcxjil5q7rnwasdf4gnf')
2026-03-02T14:29:12Z WARNING bsky_collector_v2.job.index_feed_generators: listRecords failed repo=did:plc:5nosdiim4brx2tqp7nzot3pw err=HttpError('InvalidRequest: Could not find repo: did:plc:5nosdiim4brx2tqp7nzot3pw')
2026-03-02T14:29:12Z WARNING bsky_collector_v2.job.index_feed_generators: listRecords failed repo=did:plc:5qk7dk47gkputrq5kudyi7qw err=HttpError('InvalidRequest: Could not find repo: did:plc:5qk7dk47gkputrq5kudyi7qw')
2026-03-02T14:29:12Z WARNING bsky_collector_v2.job.index_feed_generators: listRecords failed repo=did:plc:7p5u3o3auevknpilh4k22mne err=HttpError('InvalidRequest: Could not find repo: did:plc:7p5u3o3auevknpilh4k22mne')
2026-03-02T14:29:12Z WARNING bsky_collector_v2.job.index_feed_generators: listRecords failed repo=did:plc:7z6r52ikfurpstppa264wa4e err=HttpError('InvalidRequest: Could not find repo: did:plc:7z6r52ikfurpstppa264wa4e')
2026-03-02T14:29:12Z WARNING bsky_collector_v2.job.index_feed_generators: listRecords failed repo=did:plc:avdxg2gny5p62uzpysqvbmdh err=HttpError('InvalidRequest: Could not find repo: did:plc:avdxg2gny5p62uzpysqvbmdh')
2026-03-02T14:29:12Z WARNING bsky_collector_v2.job.index_feed_generators: listRecords failed repo=did:plc:cjprf532hvnlftx3uha4b4vz err=HttpError('InvalidRequest: Could not find repo: did:plc:cjprf532hvnlftx3uha4b4vz')
2026-03-02T14:29:12Z WARNING bsky_collector_v2.job.index_feed_generators: listRecords failed repo=did:plc:cke7s6fpywne4dkkpxfjedo2 err=HttpError('InvalidRequest: Could not find repo: did:plc:cke7s6fpywne4dkkpxfjedo2')
2026-03-02T14:29:12Z WARNING bsky_collector_v2.job.index_feed_generators: listRecords failed repo=did:plc:cuk6qn2olm6hm7evmy5bz5dz err=HttpError('InvalidRequest: Could not find repo: did:plc:cuk6qn2olm6hm7evmy5bz5dz')
2026-03-02T14:29:13Z WARNING bsky_collector_v2.job.index_feed_generators: listRecords failed repo=did:plc:dabd2oafrijq2ibktg7ogqoa err=HttpError('InvalidRequest: Could not find repo: did:plc:dabd2oafrijq2ibktg7ogqoa')
2026-03-02T14:29:13Z WARNING bsky_collector_v2.job.index_feed_generators: listRecords failed repo=did:plc:f2nb62xif534y7xbz5pumhjf err=HttpError('InvalidRequest: Could not find repo: did:plc:f2nb62xif534y7xbz5pumhjf')
2026-03-02T14:29:13Z WARNING bsky_collector_v2.job.index_feed_generators: listRecords failed repo=did:plc:feiqme3kkk3mjn44qhsdnmjm err=HttpError('InvalidRequest: Could not find repo: did:plc:feiqme3kkk3mjn44qhsdnmjm')
2026-03-02T14:29:13Z WARNING bsky_collector_v2.job.index_feed_generators: listRecords failed repo=did:plc:fs6mb4xt2uysmnuquntvkkhg err=HttpError('InvalidRequest: Could not find repo: did:plc:fs6mb4xt2uysmnuquntvkkhg')
2026-03-02T14:29:13Z WARNING bsky_collector_v2.job.index_feed_generators: listRecords failed repo=did:plc:gedixt7emg3nnxtejzfdwmtn err=HttpError('InvalidRequest: Could not find repo: did:plc:gedixt7emg3nnxtejzfdwmtn')
2026-03-02T14:29:13Z WARNING bsky_collector_v2.job.index_feed_generators: listRecords failed repo=did:plc:gkwm2yzhkuaiasvbe6bzjv6o err=HttpError('InvalidRequest: Could not find repo: did:plc:gkwm2yzhkuaiasvbe6bzjv6o')
2026-03-02T14:29:13Z WARNING bsky_collector_v2.job.index_feed_generators: listRecords failed repo=did:plc:goiwd24pfhjnp6pca5is5ndr err=HttpError('InvalidRequest: Could not find repo: did:plc:goiwd24pfhjnp6pca5is5ndr')
2026-03-02T14:29:13Z WARNING bsky_collector_v2.job.index_feed_generators: listRecords failed repo=did:plc:isoaeksbqnchkmni46l5d4dq err=HttpError('InvalidRequest: Could not find repo: did:plc:isoaeksbqnchkmni46l5d4dq')
2026-03-02T14:29:13Z WARNING bsky_collector_v2.job.index_feed_generators: listRecords failed repo=did:plc:jk73wwwjnf4diffmwlpc7fy5 err=HttpError('InvalidRequest: Could not find repo: did:plc:jk73wwwjnf4diffmwlpc7fy5')
2026-03-02T14:29:13Z WARNING bsky_collector_v2.job.index_feed_generators: listRecords failed repo=did:plc:jkxzmvquy6y5vwmhd5o3dgcg err=HttpError('InvalidRequest: Could not find repo: did:plc:jkxzmvquy6y5vwmhd5o3dgcg')
2026-03-02T14:29:13Z WARNING bsky_collector_v2.job.index_feed_generators: listRecords failed repo=did:plc:lh66cetoraqcgfq3ae74g7si err=HttpError('InvalidRequest: Could not find repo: did:plc:lh66cetoraqcgfq3ae74g7si')
2026-03-02T14:29:13Z WARNING bsky_collector_v2.job.index_feed_generators: listRecords failed repo=did:plc:lqng7aavlnbgc4bi7dploy2a err=HttpError('InvalidRequest: Could not find repo: did:plc:lqng7aavlnbgc4bi7dploy2a')
2026-03-02T14:29:13Z WARNING bsky_collector_v2.job.index_feed_generators: listRecords failed repo=did:plc:ne5wwcxl3cd4lhas7jebky76 err=HttpError('InvalidRequest: Could not find repo: did:plc:ne5wwcxl3cd4lhas7jebky76')
2026-03-02T14:29:14Z WARNING bsky_collector_v2.job.index_feed_generators: listRecords failed repo=did:plc:obh4idd67vvctv2mxx6ml57z err=HttpError('InvalidRequest: Could not find repo: did:plc:obh4idd67vvctv2mxx6ml57z')
2026-03-02T14:29:14Z WARNING bsky_collector_v2.job.index_feed_generators: listRecords failed repo=did:plc:on54kvaz5lulinjhatinnyix err=HttpError('InvalidRequest: Could not find repo: did:plc:on54kvaz5lulinjhatinnyix')
2026-03-02T14:29:14Z WARNING bsky_collector_v2.job.index_feed_generators: listRecords failed repo=did:plc:pmk2wu6mfiwg3daa3ntzs6pa err=HttpError('InvalidRequest: Could not find repo: did:plc:pmk2wu6mfiwg3daa3ntzs6pa')
2026-03-02T14:29:14Z WARNING bsky_collector_v2.job.index_feed_generators: listRecords failed repo=did:plc:rlilkzn34xtmxihcm4gshk5c err=HttpError('InvalidRequest: Could not find repo: did:plc:rlilkzn34xtmxihcm4gshk5c')
2026-03-02T14:29:14Z WARNING bsky_collector_v2.job.index_feed_generators: listRecords failed repo=did:plc:senbber36rndsfrfjx6nlgfw err=HttpError('InvalidRequest: Could not find repo: did:plc:senbber36rndsfrfjx6nlgfw')
2026-03-02T14:29:14Z WARNING bsky_collector_v2.job.index_feed_generators: listRecords failed repo=did:plc:tgmxsezdzwvm4d5l6k6ulv5e err=HttpError('InvalidRequest: Could not find repo: did:plc:tgmxsezdzwvm4d5l6k6ulv5e')
2026-03-02T14:29:14Z WARNING bsky_collector_v2.job.index_feed_generators: listRecords failed repo=did:plc:ti4poymsobfp7w5aewu46zej err=HttpError('InvalidRequest: Could not find repo: did:plc:ti4poymsobfp7w5aewu46zej')
2026-03-02T14:29:14Z WARNING bsky_collector_v2.job.index_feed_generators: listRecords failed repo=did:plc:tvhazklg74zdchguegtvmq6c err=HttpError('InvalidRequest: Could not find repo: did:plc:tvhazklg74zdchguegtvmq6c')
2026-03-02T14:29:14Z WARNING bsky_collector_v2.job.index_feed_generators: listRecords failed repo=did:plc:vq2b6gmej4qq6cwhlxpzmo4c err=HttpError('InvalidRequest: Could not find repo: did:plc:vq2b6gmej4qq6cwhlxpzmo4c')
2026-03-02T14:29:14Z WARNING bsky_collector_v2.job.index_feed_generators: listRecords failed repo=did:plc:wabemdvphcgpvdqblku2gjsf err=HttpError('InvalidRequest: Could not find repo: did:plc:wabemdvphcgpvdqblku2gjsf')
2026-03-02T14:29:14Z WARNING bsky_collector_v2.job.index_feed_generators: listRecords failed repo=did:plc:wcju72z2uotgvw7stjn45q2d err=HttpError('InvalidRequest: Could not find repo: did:plc:wcju72z2uotgvw7stjn45q2d')
2026-03-02T14:29:14Z WARNING bsky_collector_v2.job.index_feed_generators: listRecords failed repo=did:plc:weiubqngygggj47mvxmyy4so err=HttpError('InvalidRequest: Could not find repo: did:plc:weiubqngygggj47mvxmyy4so')
2026-03-02T14:29:14Z WARNING bsky_collector_v2.job.index_feed_generators: listRecords failed repo=did:plc:wgqrq7e7n37wdtc4u3pyjavx err=HttpError('InvalidRequest: Could not find repo: did:plc:wgqrq7e7n37wdtc4u3pyjavx')
2026-03-02T14:29:15Z WARNING bsky_collector_v2.job.index_feed_generators: listRecords failed repo=did:plc:xsotpsx3p4byh5m5i2va64jh err=HttpError('InvalidRequest: Could not find repo: did:plc:xsotpsx3p4byh5m5i2va64jh')
2026-03-02T14:29:15Z WARNING bsky_collector_v2.job.index_feed_generators: listRecords failed repo=did:plc:xwzdgn2rs623k5lule7zmwjg err=HttpError('InvalidRequest: Could not find repo: did:plc:xwzdgn2rs623k5lule7zmwjg')
2026-03-02T14:29:15Z WARNING bsky_collector_v2.job.index_feed_generators: listRecords failed repo=did:plc:yexl7oygcpahxtg5drjnv44z err=HttpError('InvalidRequest: Could not find repo: did:plc:yexl7oygcpahxtg5drjnv44z')
2026-03-02T14:29:15Z WARNING bsky_collector_v2.job.index_feed_generators: listRecords failed repo=did:plc:yizv4hgbtvlwljr7jasnevzo err=HttpError('InvalidRequest: Could not find repo: did:plc:yizv4hgbtvlwljr7jasnevzo')
2026-03-02T14:29:15Z WARNING bsky_collector_v2.job.index_feed_generators: listRecords failed repo=did:plc:ykgkkpoyh23lia3jtdeqauqm err=HttpError('InvalidRequest: Could not find repo: did:plc:ykgkkpoyh23lia3jtdeqauqm')
2026-03-02T14:29:15Z INFO bsky_collector_v2.job.index_feed_generators: enqueued repos page=13 mode=listRepos inserted=500 repos_returned=500 next_cursor=set
2026-03-02T14:29:16Z WARNING bsky_collector_v2.job.index_feed_generators: listRecords failed repo=did:plc:2atrif4wn5gd3gu2bslgdzft err=HttpError('InvalidRequest: Could not find repo: did:plc:2atrif4wn5gd3gu2bslgdzft')
2026-03-02T14:29:16Z WARNING bsky_collector_v2.job.index_feed_generators: listRecords failed repo=did:plc:2c4o74d22jukk4bld6wuqhmu err=HttpError('InvalidRequest: Could not find repo: did:plc:2c4o74d22jukk4bld6wuqhmu')
2026-03-02T14:29:20Z WARNING bsky_collector_v2.job.index_feed_generators: listRecords failed repo=did:plc:3lpcpxlnfbczfylh3v7q7ach err=HttpError('InvalidRequest: Could not find repo: did:plc:3lpcpxlnfbczfylh3v7q7ach')
2026-03-02T14:29:20Z WARNING bsky_collector_v2.job.index_feed_generators: listRecords failed repo=did:plc:3s52dvsh4abwnbtb3kdf6jj3 err=HttpError('InvalidRequest: Could not find repo: did:plc:3s52dvsh4abwnbtb3kdf6jj3')
2026-03-02T14:29:30Z WARNING bsky_collector_v2.job.index_feed_generators: listRecords failed repo=did:plc:72mbhdlsiqykgjbmdcfcyi3j err=HttpError('InvalidRequest: Could not find repo: did:plc:72mbhdlsiqykgjbmdcfcyi3j')
2026-03-02T14:29:32Z WARNING bsky_collector_v2.job.index_feed_generators: listRecords failed repo=did:plc:7mkt65lod37v2oyulohjj24z err=HttpError('InvalidRequest: Could not find repo: did:plc:7mkt65lod37v2oyulohjj24z')
2026-03-02T14:29:34Z WARNING bsky_collector_v2.job.index_feed_generators: listRecords failed repo=did:plc:adrgzyhypx36uhaqddf7aqiu err=HttpError('InvalidRequest: Could not find repo: did:plc:adrgzyhypx36uhaqddf7aqiu')
2026-03-02T14:29:42Z WARNING bsky_collector_v2.job.index_feed_generators: listRecords failed repo=did:plc:cicfqwp3kmixgcg6tgzu5jnq err=HttpError('InvalidRequest: Could not find repo: did:plc:cicfqwp3kmixgcg6tgzu5jnq')
2026-03-02T14:29:46Z WARNING bsky_collector_v2.job.index_feed_generators: listRecords failed repo=did:plc:emumzswd7pd5tdy5gzaopg5w err=HttpError('InvalidRequest: Could not find repo: did:plc:emumzswd7pd5tdy5gzaopg5w')
2026-03-02T14:29:51Z WARNING bsky_collector_v2.job.index_feed_generators: listRecords failed repo=did:plc:fsvgaqmir7jj76pprjd57wbn err=HttpError('InvalidRequest: Could not find repo: did:plc:fsvgaqmir7jj76pprjd57wbn')
2026-03-02T14:29:52Z WARNING bsky_collector_v2.job.index_feed_generators: listRecords failed repo=did:plc:gdeyqvnpbsztwjkevgo22q5e err=HttpError('InvalidRequest: Could not find repo: did:plc:gdeyqvnpbsztwjkevgo22q5e')
2026-03-02T14:29:56Z WARNING bsky_collector_v2.job.index_feed_generators: listRecords failed repo=did:plc:hkmscdmoxjwnbizzfkukmbkm err=HttpError('InvalidRequest: Could not find repo: did:plc:hkmscdmoxjwnbizzfkukmbkm')
2026-03-02T14:29:57Z WARNING bsky_collector_v2.job.index_feed_generators: listRecords failed repo=did:plc:hlkqmib4qkpsjfocst5zhdvo err=HttpError('InvalidRequest: Could not find repo: did:plc:hlkqmib4qkpsjfocst5zhdvo')
2026-03-02T14:29:58Z WARNING bsky_collector_v2.job.index_feed_generators: listRecords failed repo=did:plc:ik24ode2dfomg2kiy34pnztv err=HttpError('InvalidRequest: Could not find repo: did:plc:ik24ode2dfomg2kiy34pnztv')
2026-03-02T14:30:00Z WARNING bsky_collector_v2.job.index_feed_generators: listRecords failed repo=did:plc:izoc57obxob5hroluvenezxq err=HttpError('InvalidRequest: Could not find repo: did:plc:izoc57obxob5hroluvenezxq')
2026-03-02T14:30:07Z WARNING bsky_collector_v2.job.index_feed_generators: listRecords failed repo=did:plc:lgejt64p7wnx2yiyppqus2pf err=HttpError('InvalidRequest: Could not find repo: did:plc:lgejt64p7wnx2yiyppqus2pf')
2026-03-02T14:30:07Z WARNING bsky_collector_v2.job.index_feed_generators: listRecords failed repo=did:plc:lih33xce7zo54g2d6a67w3mj err=HttpError('InvalidRequest: Could not find repo: did:plc:lih33xce7zo54g2d6a67w3mj')
2026-03-02T14:30:08Z WARNING bsky_collector_v2.job.index_feed_generators: listRecords failed repo=did:plc:ltm4brqtiqmv6m7mg5bqwjzn err=HttpError('InvalidRequest: Could not find repo: did:plc:ltm4brqtiqmv6m7mg5bqwjzn')
2026-03-02T14:30:09Z WARNING bsky_collector_v2.job.index_feed_generators: listRecords failed repo=did:plc:lzyfbn2pg3hrszyzahsupqdb err=HttpError('InvalidRequest: Could not find repo: did:plc:lzyfbn2pg3hrszyzahsupqdb')
2026-03-02T14:30:12Z WARNING bsky_collector_v2.job.index_feed_generators: listRecords failed repo=did:plc:nytxuwj2towii2b7xixzmq6d err=HttpError('InvalidRequest: Could not find repo: did:plc:nytxuwj2towii2b7xixzmq6d')
2026-03-02T14:30:13Z WARNING bsky_collector_v2.job.index_feed_generators: listRecords failed repo=did:plc:oikcyhny6f7jf77ffa6vgmrf err=HttpError('InvalidRequest: Could not find repo: did:plc:oikcyhny6f7jf77ffa6vgmrf')
2026-03-02T14:30:18Z WARNING bsky_collector_v2.job.index_feed_generators: listRecords failed repo=did:plc:pxxdbs5mdjb6o7km335f5hvp err=HttpError('InvalidRequest: Could not find repo: did:plc:pxxdbs5mdjb6o7km335f5hvp')
2026-03-02T14:30:19Z WARNING bsky_collector_v2.job.index_feed_generators: listRecords failed repo=did:plc:qszqxvcv2p4zob3kzcbcd32q err=HttpError('InvalidRequest: Could not find repo: did:plc:qszqxvcv2p4zob3kzcbcd32q')
2026-03-02T14:30:21Z WARNING bsky_collector_v2.job.index_feed_generators: listRecords failed repo=did:plc:rxymzmc35buefjdpci5lkhom err=HttpError('InvalidRequest: Could not find repo: did:plc:rxymzmc35buefjdpci5lkhom')
2026-03-02T14:30:22Z WARNING bsky_collector_v2.job.index_feed_generators: listRecords failed repo=did:plc:six5am6xa2fiw5njx3aw6mq4 err=HttpError('InvalidRequest: Could not find repo: did:plc:six5am6xa2fiw5njx3aw6mq4')
2026-03-02T14:30:35Z WARNING bsky_collector_v2.job.index_feed_generators: listRecords failed repo=did:plc:vafguo5cbyfzxxubkyjutfrb err=HttpError('InvalidRequest: Could not find repo: did:plc:vafguo5cbyfzxxubkyjutfrb')
2026-03-02T14:30:41Z WARNING bsky_collector_v2.job.index_feed_generators: listRecords failed repo=did:plc:w6jzm4ptpdjk5q2paidelk7x err=HttpError('InvalidRequest: Could not find repo: did:plc:w6jzm4ptpdjk5q2paidelk7x')
2026-03-02T14:30:44Z WARNING bsky_collector_v2.job.index_feed_generators: listRecords failed repo=did:plc:x2t5j5aagsjaiuwadvrnd7dg err=HttpError('InvalidRequest: Could not find repo: did:plc:x2t5j5aagsjaiuwadvrnd7dg')
2026-03-02T14:30:44Z WARNING bsky_collector_v2.job.index_feed_generators: listRecords failed repo=did:plc:x4dxrjbdafkegrxjopfq5t5i err=HttpError('InvalidRequest: Could not find repo: did:plc:x4dxrjbdafkegrxjopfq5t5i')
2026-03-02T14:30:44Z WARNING bsky_collector_v2.job.index_feed_generators: listRecords failed repo=did:plc:x635bz25ildix5cx4bkvwe4q err=HttpError('InvalidRequest: Could not find repo: did:plc:x635bz25ildix5cx4bkvwe4q')
2026-03-02T14:30:48Z WARNING bsky_collector_v2.job.index_feed_generators: listRecords failed repo=did:plc:xurakal6rncpaf6yx6hpxlt3 err=HttpError('InvalidRequest: Could not find repo: did:plc:xurakal6rncpaf6yx6hpxlt3')
2026-03-02T14:30:49Z WARNING bsky_collector_v2.job.index_feed_generators: listRecords failed repo=did:plc:y5nsiyx4763zez3srdvoswnd err=HttpError('InvalidRequest: Could not find repo: did:plc:y5nsiyx4763zez3srdvoswnd')
2026-03-02T14:30:53Z WARNING bsky_collector_v2.job.index_feed_generators: listRecords failed repo=did:plc:yuyulp7sytpvc2wta7gnndk3 err=HttpError('InvalidRequest: Could not find repo: did:plc:yuyulp7sytpvc2wta7gnndk3')
2026-03-02T14:30:54Z WARNING bsky_collector_v2.job.index_feed_generators: listRecords failed repo=did:plc:z37762lrjhrqr4ghs7v2i3vj err=HttpError('InvalidRequest: Could not find repo: did:plc:z37762lrjhrqr4ghs7v2i3vj')
2026-03-02T14:30:57Z WARNING bsky_collector_v2.job.index_feed_generators: listRecords failed repo=did:plc:2atrif4wn5gd3gu2bslgdzft err=HttpError('InvalidRequest: Could not find repo: did:plc:2atrif4wn5gd3gu2bslgdzft')
2026-03-02T14:30:57Z WARNING bsky_collector_v2.job.index_feed_generators: listRecords failed repo=did:plc:2c4o74d22jukk4bld6wuqhmu err=HttpError('InvalidRequest: Could not find repo: did:plc:2c4o74d22jukk4bld6wuqhmu')
2026-03-02T14:30:58Z WARNING bsky_collector_v2.job.index_feed_generators: listRecords failed repo=did:plc:3lpcpxlnfbczfylh3v7q7ach err=HttpError('InvalidRequest: Could not find repo: did:plc:3lpcpxlnfbczfylh3v7q7ach')
2026-03-02T14:30:58Z WARNING bsky_collector_v2.job.index_feed_generators: listRecords failed repo=did:plc:3s52dvsh4abwnbtb3kdf6jj3 err=HttpError('InvalidRequest: Could not find repo: did:plc:3s52dvsh4abwnbtb3kdf6jj3')
2026-03-02T14:30:58Z WARNING bsky_collector_v2.job.index_feed_generators: listRecords failed repo=did:plc:72mbhdlsiqykgjbmdcfcyi3j err=HttpError('InvalidRequest: Could not find repo: did:plc:72mbhdlsiqykgjbmdcfcyi3j')
2026-03-02T14:30:58Z WARNING bsky_collector_v2.job.index_feed_generators: listRecords failed repo=did:plc:7mkt65lod37v2oyulohjj24z err=HttpError('InvalidRequest: Could not find repo: did:plc:7mkt65lod37v2oyulohjj24z')
2026-03-02T14:30:58Z WARNING bsky_collector_v2.job.index_feed_generators: listRecords failed repo=did:plc:adrgzyhypx36uhaqddf7aqiu err=HttpError('InvalidRequest: Could not find repo: did:plc:adrgzyhypx36uhaqddf7aqiu')
2026-03-02T14:30:58Z WARNING bsky_collector_v2.job.index_feed_generators: listRecords failed repo=did:plc:cicfqwp3kmixgcg6tgzu5jnq err=HttpError('InvalidRequest: Could not find repo: did:plc:cicfqwp3kmixgcg6tgzu5jnq')
2026-03-02T14:30:58Z WARNING bsky_collector_v2.job.index_feed_generators: listRecords failed repo=did:plc:emumzswd7pd5tdy5gzaopg5w err=HttpError('InvalidRequest: Could not find repo: did:plc:emumzswd7pd5tdy5gzaopg5w')
2026-03-02T14:30:58Z WARNING bsky_collector_v2.job.index_feed_generators: listRecords failed repo=did:plc:fsvgaqmir7jj76pprjd57wbn err=HttpError('InvalidRequest: Could not find repo: did:plc:fsvgaqmir7jj76pprjd57wbn')
2026-03-02T14:30:58Z WARNING bsky_collector_v2.job.index_feed_generators: listRecords failed repo=did:plc:gdeyqvnpbsztwjkevgo22q5e err=HttpError('InvalidRequest: Could not find repo: did:plc:gdeyqvnpbsztwjkevgo22q5e')
2026-03-02T14:30:58Z WARNING bsky_collector_v2.job.index_feed_generators: listRecords failed repo=did:plc:hkmscdmoxjwnbizzfkukmbkm err=HttpError('InvalidRequest: Could not find repo: did:plc:hkmscdmoxjwnbizzfkukmbkm')
2026-03-02T14:30:58Z WARNING bsky_collector_v2.job.index_feed_generators: listRecords failed repo=did:plc:hlkqmib4qkpsjfocst5zhdvo err=HttpError('InvalidRequest: Could not find repo: did:plc:hlkqmib4qkpsjfocst5zhdvo')
2026-03-02T14:30:59Z WARNING bsky_collector_v2.job.index_feed_generators: listRecords failed repo=did:plc:ik24ode2dfomg2kiy34pnztv err=HttpError('InvalidRequest: Could not find repo: did:plc:ik24ode2dfomg2kiy34pnztv')
2026-03-02T14:30:59Z WARNING bsky_collector_v2.job.index_feed_generators: listRecords failed repo=did:plc:izoc57obxob5hroluvenezxq err=HttpError('InvalidRequest: Could not find repo: did:plc:izoc57obxob5hroluvenezxq')
2026-03-02T14:30:59Z WARNING bsky_collector_v2.job.index_feed_generators: listRecords failed repo=did:plc:lgejt64p7wnx2yiyppqus2pf err=HttpError('InvalidRequest: Could not find repo: did:plc:lgejt64p7wnx2yiyppqus2pf')
2026-03-02T14:30:59Z WARNING bsky_collector_v2.job.index_feed_generators: listRecords failed repo=did:plc:lih33xce7zo54g2d6a67w3mj err=HttpError('InvalidRequest: Could not find repo: did:plc:lih33xce7zo54g2d6a67w3mj')
2026-03-02T14:30:59Z WARNING bsky_collector_v2.job.index_feed_generators: listRecords failed repo=did:plc:ltm4brqtiqmv6m7mg5bqwjzn err=HttpError('InvalidRequest: Could not find repo: did:plc:ltm4brqtiqmv6m7mg5bqwjzn')
2026-03-02T14:30:59Z WARNING bsky_collector_v2.job.index_feed_generators: listRecords failed repo=did:plc:lzyfbn2pg3hrszyzahsupqdb err=HttpError('InvalidRequest: Could not find repo: did:plc:lzyfbn2pg3hrszyzahsupqdb')
2026-03-02T14:31:00Z WARNING bsky_collector_v2.job.index_feed_generators: listRecords failed repo=did:plc:nytxuwj2towii2b7xixzmq6d err=HttpError('InvalidRequest: Could not find repo: did:plc:nytxuwj2towii2b7xixzmq6d')
2026-03-02T14:31:00Z WARNING bsky_collector_v2.job.index_feed_generators: listRecords failed repo=did:plc:oikcyhny6f7jf77ffa6vgmrf err=HttpError('InvalidRequest: Could not find repo: did:plc:oikcyhny6f7jf77ffa6vgmrf')
2026-03-02T14:31:00Z WARNING bsky_collector_v2.job.index_feed_generators: listRecords failed repo=did:plc:pxxdbs5mdjb6o7km335f5hvp err=HttpError('InvalidRequest: Could not find repo: did:plc:pxxdbs5mdjb6o7km335f5hvp')
2026-03-02T14:31:00Z WARNING bsky_collector_v2.job.index_feed_generators: listRecords failed repo=did:plc:qszqxvcv2p4zob3kzcbcd32q err=HttpError('InvalidRequest: Could not find repo: did:plc:qszqxvcv2p4zob3kzcbcd32q')
2026-03-02T14:31:00Z WARNING bsky_collector_v2.job.index_feed_generators: listRecords failed repo=did:plc:rxymzmc35buefjdpci5lkhom err=HttpError('InvalidRequest: Could not find repo: did:plc:rxymzmc35buefjdpci5lkhom')
2026-03-02T14:31:00Z WARNING bsky_collector_v2.job.index_feed_generators: listRecords failed repo=did:plc:six5am6xa2fiw5njx3aw6mq4 err=HttpError('InvalidRequest: Could not find repo: did:plc:six5am6xa2fiw5njx3aw6mq4')
2026-03-02T14:31:00Z WARNING bsky_collector_v2.job.index_feed_generators: listRecords failed repo=did:plc:vafguo5cbyfzxxubkyjutfrb err=HttpError('InvalidRequest: Could not find repo: did:plc:vafguo5cbyfzxxubkyjutfrb')
2026-03-02T14:31:00Z WARNING bsky_collector_v2.job.index_feed_generators: listRecords failed repo=did:plc:w6jzm4ptpdjk5q2paidelk7x err=HttpError('InvalidRequest: Could not find repo: did:plc:w6jzm4ptpdjk5q2paidelk7x')
2026-03-02T14:31:00Z WARNING bsky_collector_v2.job.index_feed_generators: listRecords failed repo=did:plc:x2t5j5aagsjaiuwadvrnd7dg err=HttpError('InvalidRequest: Could not find repo: did:plc:x2t5j5aagsjaiuwadvrnd7dg')
2026-03-02T14:31:00Z WARNING bsky_collector_v2.job.index_feed_generators: listRecords failed repo=did:plc:x4dxrjbdafkegrxjopfq5t5i err=HttpError('InvalidRequest: Could not find repo: did:plc:x4dxrjbdafkegrxjopfq5t5i')
2026-03-02T14:31:00Z WARNING bsky_collector_v2.job.index_feed_generators: listRecords failed repo=did:plc:x635bz25ildix5cx4bkvwe4q err=HttpError('InvalidRequest: Could not find repo: did:plc:x635bz25ildix5cx4bkvwe4q')
2026-03-02T14:31:01Z WARNING bsky_collector_v2.job.index_feed_generators: listRecords failed repo=did:plc:xurakal6rncpaf6yx6hpxlt3 err=HttpError('InvalidRequest: Could not find repo: did:plc:xurakal6rncpaf6yx6hpxlt3')
2026-03-02T14:31:01Z WARNING bsky_collector_v2.job.index_feed_generators: listRecords failed repo=did:plc:y5nsiyx4763zez3srdvoswnd err=HttpError('InvalidRequest: Could not find repo: did:plc:y5nsiyx4763zez3srdvoswnd')
2026-03-02T14:31:01Z WARNING bsky_collector_v2.job.index_feed_generators: listRecords failed repo=did:plc:yuyulp7sytpvc2wta7gnndk3 err=HttpError('InvalidRequest: Could not find repo: did:plc:yuyulp7sytpvc2wta7gnndk3')
2026-03-02T14:31:01Z WARNING bsky_collector_v2.job.index_feed_generators: listRecords failed repo=did:plc:z37762lrjhrqr4ghs7v2i3vj err=HttpError('InvalidRequest: Could not find repo: did:plc:z37762lrjhrqr4ghs7v2i3vj')
2026-03-02T14:31:01Z WARNING bsky_collector_v2.job.index_feed_generators: listRecords failed repo=did:plc:2atrif4wn5gd3gu2bslgdzft err=HttpError('InvalidRequest: Could not find repo: did:plc:2atrif4wn5gd3gu2bslgdzft')
2026-03-02T14:31:01Z WARNING bsky_collector_v2.job.index_feed_generators: listRecords failed repo=did:plc:2c4o74d22jukk4bld6wuqhmu err=HttpError('InvalidRequest: Could not find repo: did:plc:2c4o74d22jukk4bld6wuqhmu')
2026-03-02T14:31:01Z WARNING bsky_collector_v2.job.index_feed_generators: listRecords failed repo=did:plc:3lpcpxlnfbczfylh3v7q7ach err=HttpError('InvalidRequest: Could not find repo: did:plc:3lpcpxlnfbczfylh3v7q7ach')
2026-03-02T14:31:01Z WARNING bsky_collector_v2.job.index_feed_generators: listRecords failed repo=did:plc:3s52dvsh4abwnbtb3kdf6jj3 err=HttpError('InvalidRequest: Could not find repo: did:plc:3s52dvsh4abwnbtb3kdf6jj3')
2026-03-02T14:31:01Z WARNING bsky_collector_v2.job.index_feed_generators: listRecords failed repo=did:plc:72mbhdlsiqykgjbmdcfcyi3j err=HttpError('InvalidRequest: Could not find repo: did:plc:72mbhdlsiqykgjbmdcfcyi3j')
2026-03-02T14:31:02Z WARNING bsky_collector_v2.job.index_feed_generators: listRecords failed repo=did:plc:7mkt65lod37v2oyulohjj24z err=HttpError('InvalidRequest: Could not find repo: did:plc:7mkt65lod37v2oyulohjj24z')
2026-03-02T14:31:02Z WARNING bsky_collector_v2.job.index_feed_generators: listRecords failed repo=did:plc:adrgzyhypx36uhaqddf7aqiu err=HttpError('InvalidRequest: Could not find repo: did:plc:adrgzyhypx36uhaqddf7aqiu')
2026-03-02T14:31:02Z WARNING bsky_collector_v2.job.index_feed_generators: listRecords failed repo=did:plc:cicfqwp3kmixgcg6tgzu5jnq err=HttpError('InvalidRequest: Could not find repo: did:plc:cicfqwp3kmixgcg6tgzu5jnq')
2026-03-02T14:31:02Z WARNING bsky_collector_v2.job.index_feed_generators: listRecords failed repo=did:plc:emumzswd7pd5tdy5gzaopg5w err=HttpError('InvalidRequest: Could not find repo: did:plc:emumzswd7pd5tdy5gzaopg5w')
2026-03-02T14:31:02Z WARNING bsky_collector_v2.job.index_feed_generators: listRecords failed repo=did:plc:fsvgaqmir7jj76pprjd57wbn err=HttpError('InvalidRequest: Could not find repo: did:plc:fsvgaqmir7jj76pprjd57wbn')
2026-03-02T14:31:02Z WARNING bsky_collector_v2.job.index_feed_generators: listRecords failed repo=did:plc:gdeyqvnpbsztwjkevgo22q5e err=HttpError('InvalidRequest: Could not find repo: did:plc:gdeyqvnpbsztwjkevgo22q5e')
2026-03-02T14:31:02Z WARNING bsky_collector_v2.job.index_feed_generators: listRecords failed repo=did:plc:hkmscdmoxjwnbizzfkukmbkm err=HttpError('InvalidRequest: Could not find repo: did:plc:hkmscdmoxjwnbizzfkukmbkm')
2026-03-02T14:31:02Z WARNING bsky_collector_v2.job.index_feed_generators: listRecords failed repo=did:plc:hlkqmib4qkpsjfocst5zhdvo err=HttpError('InvalidRequest: Could not find repo: did:plc:hlkqmib4qkpsjfocst5zhdvo')
2026-03-02T14:31:02Z WARNING bsky_collector_v2.job.index_feed_generators: listRecords failed repo=did:plc:ik24ode2dfomg2kiy34pnztv err=HttpError('InvalidRequest: Could not find repo: did:plc:ik24ode2dfomg2kiy34pnztv')
2026-03-02T14:31:02Z WARNING bsky_collector_v2.job.index_feed_generators: listRecords failed repo=did:plc:izoc57obxob5hroluvenezxq err=HttpError('InvalidRequest: Could not find repo: did:plc:izoc57obxob5hroluvenezxq')
2026-03-02T14:31:02Z WARNING bsky_collector_v2.job.index_feed_generators: listRecords failed repo=did:plc:lgejt64p7wnx2yiyppqus2pf err=HttpError('InvalidRequest: Could not find repo: did:plc:lgejt64p7wnx2yiyppqus2pf')
2026-03-02T14:31:03Z WARNING bsky_collector_v2.job.index_feed_generators: listRecords failed repo=did:plc:lih33xce7zo54g2d6a67w3mj err=HttpError('InvalidRequest: Could not find repo: did:plc:lih33xce7zo54g2d6a67w3mj')
2026-03-02T14:31:03Z WARNING bsky_collector_v2.job.index_feed_generators: listRecords failed repo=did:plc:ltm4brqtiqmv6m7mg5bqwjzn err=HttpError('InvalidRequest: Could not find repo: did:plc:ltm4brqtiqmv6m7mg5bqwjzn')
2026-03-02T14:31:03Z WARNING bsky_collector_v2.job.index_feed_generators: listRecords failed repo=did:plc:lzyfbn2pg3hrszyzahsupqdb err=HttpError('InvalidRequest: Could not find repo: did:plc:lzyfbn2pg3hrszyzahsupqdb')
2026-03-02T14:31:03Z WARNING bsky_collector_v2.job.index_feed_generators: listRecords failed repo=did:plc:nytxuwj2towii2b7xixzmq6d err=HttpError('InvalidRequest: Could not find repo: did:plc:nytxuwj2towii2b7xixzmq6d')
2026-03-02T14:31:03Z WARNING bsky_collector_v2.job.index_feed_generators: listRecords failed repo=did:plc:oikcyhny6f7jf77ffa6vgmrf err=HttpError('InvalidRequest: Could not find repo: did:plc:oikcyhny6f7jf77ffa6vgmrf')
2026-03-02T14:31:03Z WARNING bsky_collector_v2.job.index_feed_generators: listRecords failed repo=did:plc:pxxdbs5mdjb6o7km335f5hvp err=HttpError('InvalidRequest: Could not find repo: did:plc:pxxdbs5mdjb6o7km335f5hvp')
2026-03-02T14:31:03Z WARNING bsky_collector_v2.job.index_feed_generators: listRecords failed repo=did:plc:qszqxvcv2p4zob3kzcbcd32q err=HttpError('InvalidRequest: Could not find repo: did:plc:qszqxvcv2p4zob3kzcbcd32q')
2026-03-02T14:31:03Z WARNING bsky_collector_v2.job.index_feed_generators: listRecords failed repo=did:plc:rxymzmc35buefjdpci5lkhom err=HttpError('InvalidRequest: Could not find repo: did:plc:rxymzmc35buefjdpci5lkhom')
2026-03-02T14:31:03Z WARNING bsky_collector_v2.job.index_feed_generators: listRecords failed repo=did:plc:six5am6xa2fiw5njx3aw6mq4 err=HttpError('InvalidRequest: Could not find repo: did:plc:six5am6xa2fiw5njx3aw6mq4')
2026-03-02T14:31:03Z WARNING bsky_collector_v2.job.index_feed_generators: listRecords failed repo=did:plc:vafguo5cbyfzxxubkyjutfrb err=HttpError('InvalidRequest: Could not find repo: did:plc:vafguo5cbyfzxxubkyjutfrb')
2026-03-02T14:31:03Z WARNING bsky_collector_v2.job.index_feed_generators: listRecords failed repo=did:plc:w6jzm4ptpdjk5q2paidelk7x err=HttpError('InvalidRequest: Could not find repo: did:plc:w6jzm4ptpdjk5q2paidelk7x')
2026-03-02T14:31:03Z WARNING bsky_collector_v2.job.index_feed_generators: listRecords failed repo=did:plc:x2t5j5aagsjaiuwadvrnd7dg err=HttpError('InvalidRequest: Could not find repo: did:plc:x2t5j5aagsjaiuwadvrnd7dg')
2026-03-02T14:31:04Z WARNING bsky_collector_v2.job.index_feed_generators: listRecords failed repo=did:plc:x4dxrjbdafkegrxjopfq5t5i err=HttpError('InvalidRequest: Could not find repo: did:plc:x4dxrjbdafkegrxjopfq5t5i')
2026-03-02T14:31:04Z WARNING bsky_collector_v2.job.index_feed_generators: listRecords failed repo=did:plc:x635bz25ildix5cx4bkvwe4q err=HttpError('InvalidRequest: Could not find repo: did:plc:x635bz25ildix5cx4bkvwe4q')
2026-03-02T14:31:04Z WARNING bsky_collector_v2.job.index_feed_generators: listRecords failed repo=did:plc:xurakal6rncpaf6yx6hpxlt3 err=HttpError('InvalidRequest: Could not find repo: did:plc:xurakal6rncpaf6yx6hpxlt3')
2026-03-02T14:31:04Z WARNING bsky_collector_v2.job.index_feed_generators: listRecords failed repo=did:plc:y5nsiyx4763zez3srdvoswnd err=HttpError('InvalidRequest: Could not find repo: did:plc:y5nsiyx4763zez3srdvoswnd')
2026-03-02T14:31:04Z WARNING bsky_collector_v2.job.index_feed_generators: listRecords failed repo=did:plc:yuyulp7sytpvc2wta7gnndk3 err=HttpError('InvalidRequest: Could not find repo: did:plc:yuyulp7sytpvc2wta7gnndk3')
2026-03-02T14:31:04Z WARNING bsky_collector_v2.job.index_feed_generators: listRecords failed repo=did:plc:z37762lrjhrqr4ghs7v2i3vj err=HttpError('InvalidRequest: Could not find repo: did:plc:z37762lrjhrqr4ghs7v2i3vj')
2026-03-02T14:31:04Z INFO bsky_collector_v2.job.index_feed_generators: enqueued repos page=14 mode=listRepos inserted=500 repos_returned=500 next_cursor=set
2026-03-02T14:31:05Z WARNING bsky_collector_v2.job.index_feed_generators: listRecords failed repo=did:plc:2agak3xoycxwwe3st4ajxyen err=HttpError('InvalidRequest: Could not find repo: did:plc:2agak3xoycxwwe3st4ajxyen')
2026-03-02T14:31:05Z WARNING bsky_collector_v2.job.index_feed_generators: listRecords failed repo=did:plc:2k7ug3tbxnyp4qmgko4ucgfn err=HttpError('InvalidRequest: Could not find repo: did:plc:2k7ug3tbxnyp4qmgko4ucgfn')
2026-03-02T14:31:07Z WARNING bsky_collector_v2.job.index_feed_generators: listRecords failed repo=did:plc:37z34b6avq3wtaqshs5kuj2l err=HttpError('InvalidRequest: Could not find repo: did:plc:37z34b6avq3wtaqshs5kuj2l')
2026-03-02T14:31:08Z WARNING bsky_collector_v2.job.index_feed_generators: listRecords failed repo=did:plc:427sotmnofp755fafokqob2k err=HttpError('InvalidRequest: Could not find repo: did:plc:427sotmnofp755fafokqob2k')
2026-03-02T14:31:09Z WARNING bsky_collector_v2.job.index_feed_generators: listRecords failed repo=did:plc:42vwe6ik5mgo3xqxqyrbc5qf err=HttpError('InvalidRequest: Could not find repo: did:plc:42vwe6ik5mgo3xqxqyrbc5qf')
2026-03-02T14:31:09Z WARNING bsky_collector_v2.job.index_feed_generators: listRecords failed repo=did:plc:4bioewuvnjke2gmz3qsv2yec err=HttpError('InvalidRequest: Could not find repo: did:plc:4bioewuvnjke2gmz3qsv2yec')
2026-03-02T14:31:11Z WARNING bsky_collector_v2.job.index_feed_generators: listRecords failed repo=did:plc:4zn7zfjo6wc67dgfhtscgbmw err=HttpError('InvalidRequest: Could not find repo: did:plc:4zn7zfjo6wc67dgfhtscgbmw')
2026-03-02T14:31:15Z WARNING bsky_collector_v2.job.index_feed_generators: listRecords failed repo=did:plc:6hqsjbqecre37dd4nu5lfonl err=HttpError('InvalidRequest: Could not find repo: did:plc:6hqsjbqecre37dd4nu5lfonl')
2026-03-02T14:31:21Z WARNING bsky_collector_v2.job.index_feed_generators: listRecords failed repo=did:plc:avi7rjcgytz4wtdlfasmr4tn err=HttpError('InvalidRequest: Could not find repo: did:plc:avi7rjcgytz4wtdlfasmr4tn')
2026-03-02T14:31:21Z WARNING bsky_collector_v2.job.index_feed_generators: listRecords failed repo=did:plc:avlxws36t5c3epqeqhtvw77j err=HttpError('InvalidRequest: Could not find repo: did:plc:avlxws36t5c3epqeqhtvw77j')
2026-03-02T14:31:21Z WARNING bsky_collector_v2.job.index_feed_generators: listRecords failed repo=did:plc:axjc3bs2an6a7mqokd3ylpkf err=HttpError('InvalidRequest: Could not find repo: did:plc:axjc3bs2an6a7mqokd3ylpkf')
2026-03-02T14:31:28Z WARNING bsky_collector_v2.job.index_feed_generators: listRecords failed repo=did:plc:daqab44b36qbpocuqrc6wk72 err=HttpError('InvalidRequest: Could not find repo: did:plc:daqab44b36qbpocuqrc6wk72')
2026-03-02T14:31:28Z WARNING bsky_collector_v2.job.index_feed_generators: listRecords failed repo=did:plc:denifpmapqjhcohharecv4ku err=HttpError('InvalidRequest: Could not find repo: did:plc:denifpmapqjhcohharecv4ku')
2026-03-02T14:31:31Z INFO bsky_collector_v2.job.index_feed_generators: indexed repo=did:plc:em2uxqjnj7h3eszchmwrfnvc part=467 records=1 next_cursor=set
2026-03-02T14:31:39Z WARNING bsky_collector_v2.job.index_feed_generators: listRecords failed repo=did:plc:h4rqojo7sop36mwai67o6zj2 err=HttpError('InvalidRequest: Could not find repo: did:plc:h4rqojo7sop36mwai67o6zj2')
2026-03-02T14:31:39Z WARNING bsky_collector_v2.job.index_feed_generators: listRecords failed repo=did:plc:hgu6gwabvbeusefyitmucfqu err=HttpError('InvalidRequest: Could not find repo: did:plc:hgu6gwabvbeusefyitmucfqu')
2026-03-02T14:31:40Z WARNING bsky_collector_v2.job.index_feed_generators: listRecords failed repo=did:plc:hmnzvfwiooircjxi32sqq4ly err=HttpError('InvalidRequest: Could not find repo: did:plc:hmnzvfwiooircjxi32sqq4ly')
2026-03-02T14:31:44Z WARNING bsky_collector_v2.job.index_feed_generators: listRecords failed repo=did:plc:jde73yca532kymo5b6ns35rd err=HttpError('InvalidRequest: Could not find repo: did:plc:jde73yca532kymo5b6ns35rd')
2026-03-02T14:31:44Z WARNING bsky_collector_v2.job.index_feed_generators: listRecords failed repo=did:plc:jdktcadaq2j76uu37mgignrl err=HttpError('InvalidRequest: Could not find repo: did:plc:jdktcadaq2j76uu37mgignrl')
2026-03-02T14:31:48Z WARNING bsky_collector_v2.job.index_feed_generators: listRecords failed repo=did:plc:kicoa7omynmv3pwyyngu64zo err=HttpError('InvalidRequest: Could not find repo: did:plc:kicoa7omynmv3pwyyngu64zo')
2026-03-02T14:31:53Z WARNING bsky_collector_v2.job.index_feed_generators: listRecords failed repo=did:plc:lw5bxm7uhnqi4btxcula2lfk err=HttpError('InvalidRequest: Could not find repo: did:plc:lw5bxm7uhnqi4btxcula2lfk')
2026-03-02T14:32:05Z WARNING bsky_collector_v2.job.index_feed_generators: listRecords failed repo=did:plc:q7vkz2bzspms6dq6dcqqsja7 err=HttpError('InvalidRequest: Could not find repo: did:plc:q7vkz2bzspms6dq6dcqqsja7')
2026-03-02T14:32:05Z WARNING bsky_collector_v2.job.index_feed_generators: listRecords failed repo=did:plc:qf3mdpio3zn2hoxxn5ki5imv err=HttpError('InvalidRequest: Could not find repo: did:plc:qf3mdpio3zn2hoxxn5ki5imv')
2026-03-02T14:32:06Z WARNING bsky_collector_v2.job.index_feed_generators: listRecords failed repo=did:plc:qnonhzriayr3sjsr2asik44w err=HttpError('InvalidRequest: Could not find repo: did:plc:qnonhzriayr3sjsr2asik44w')
2026-03-02T14:32:06Z WARNING bsky_collector_v2.job.index_feed_generators: listRecords failed repo=did:plc:qqgk3jhhgjvdd6hj76pyim7n err=HttpError('InvalidRequest: Could not find repo: did:plc:qqgk3jhhgjvdd6hj76pyim7n')
2026-03-02T14:32:06Z WARNING bsky_collector_v2.job.index_feed_generators: listRecords failed repo=did:plc:r3xmiiajvepohjfrffeq5sur err=HttpError('InvalidRequest: Could not find repo: did:plc:r3xmiiajvepohjfrffeq5sur')
2026-03-02T14:32:13Z WARNING bsky_collector_v2.job.index_feed_generators: listRecords failed repo=did:plc:smu7nmr7qtfnrf4wl4v3hwea err=HttpError('InvalidRequest: Could not find repo: did:plc:smu7nmr7qtfnrf4wl4v3hwea')
2026-03-02T14:32:15Z WARNING bsky_collector_v2.job.index_feed_generators: listRecords failed repo=did:plc:t7ajsa37yphkf2vp6ydd3mvk err=HttpError('InvalidRequest: Could not find repo: did:plc:t7ajsa37yphkf2vp6ydd3mvk')
2026-03-02T14:32:16Z WARNING bsky_collector_v2.job.index_feed_generators: listRecords failed repo=did:plc:tqqti5jqw7c3advzma6e3ozw err=HttpError('InvalidRequest: Could not find repo: did:plc:tqqti5jqw7c3advzma6e3ozw')
2026-03-02T14:32:24Z WARNING bsky_collector_v2.job.index_feed_generators: listRecords failed repo=did:plc:xhl6hoykpnaf5vlj3svqsujv err=HttpError('InvalidRequest: Could not find repo: did:plc:xhl6hoykpnaf5vlj3svqsujv')
2026-03-02T14:32:25Z WARNING bsky_collector_v2.job.index_feed_generators: listRecords failed repo=did:plc:xydjh2s372g5mhbzibwxcipy err=HttpError('InvalidRequest: Could not find repo: did:plc:xydjh2s372g5mhbzibwxcipy')
2026-03-02T14:32:27Z WARNING bsky_collector_v2.job.index_feed_generators: listRecords failed repo=did:plc:ye227o5sznz2sq3jpfkcczml err=HttpError('InvalidRequest: Could not find repo: did:plc:ye227o5sznz2sq3jpfkcczml')
2026-03-02T14:32:29Z WARNING bsky_collector_v2.job.index_feed_generators: listRecords failed repo=did:plc:z66s7drm6v7pk6rpqsoscmvy err=HttpError('InvalidRequest: Could not find repo: did:plc:z66s7drm6v7pk6rpqsoscmvy')
2026-03-02T14:32:32Z WARNING bsky_collector_v2.job.index_feed_generators: listRecords failed repo=did:plc:2agak3xoycxwwe3st4ajxyen err=HttpError('InvalidRequest: Could not find repo: did:plc:2agak3xoycxwwe3st4ajxyen')
2026-03-02T14:32:32Z WARNING bsky_collector_v2.job.index_feed_generators: listRecords failed repo=did:plc:2k7ug3tbxnyp4qmgko4ucgfn err=HttpError('InvalidRequest: Could not find repo: did:plc:2k7ug3tbxnyp4qmgko4ucgfn')
2026-03-02T14:32:32Z WARNING bsky_collector_v2.job.index_feed_generators: listRecords failed repo=did:plc:37z34b6avq3wtaqshs5kuj2l err=HttpError('InvalidRequest: Could not find repo: did:plc:37z34b6avq3wtaqshs5kuj2l')
2026-03-02T14:32:32Z WARNING bsky_collector_v2.job.index_feed_generators: listRecords failed repo=did:plc:427sotmnofp755fafokqob2k err=HttpError('InvalidRequest: Could not find repo: did:plc:427sotmnofp755fafokqob2k')
2026-03-02T14:32:33Z WARNING bsky_collector_v2.job.index_feed_generators: listRecords failed repo=did:plc:42vwe6ik5mgo3xqxqyrbc5qf err=HttpError('InvalidRequest: Could not find repo: did:plc:42vwe6ik5mgo3xqxqyrbc5qf')
2026-03-02T14:32:33Z WARNING bsky_collector_v2.job.index_feed_generators: listRecords failed repo=did:plc:4bioewuvnjke2gmz3qsv2yec err=HttpError('InvalidRequest: Could not find repo: did:plc:4bioewuvnjke2gmz3qsv2yec')
2026-03-02T14:32:33Z WARNING bsky_collector_v2.job.index_feed_generators: listRecords failed repo=did:plc:4zn7zfjo6wc67dgfhtscgbmw err=HttpError('InvalidRequest: Could not find repo: did:plc:4zn7zfjo6wc67dgfhtscgbmw')
2026-03-02T14:32:33Z WARNING bsky_collector_v2.job.index_feed_generators: listRecords failed repo=did:plc:6hqsjbqecre37dd4nu5lfonl err=HttpError('InvalidRequest: Could not find repo: did:plc:6hqsjbqecre37dd4nu5lfonl')
2026-03-02T14:32:33Z WARNING bsky_collector_v2.job.index_feed_generators: listRecords failed repo=did:plc:avi7rjcgytz4wtdlfasmr4tn err=HttpError('InvalidRequest: Could not find repo: did:plc:avi7rjcgytz4wtdlfasmr4tn')
2026-03-02T14:32:33Z WARNING bsky_collector_v2.job.index_feed_generators: listRecords failed repo=did:plc:avlxws36t5c3epqeqhtvw77j err=HttpError('InvalidRequest: Could not find repo: did:plc:avlxws36t5c3epqeqhtvw77j')
2026-03-02T14:32:33Z WARNING bsky_collector_v2.job.index_feed_generators: listRecords failed repo=did:plc:axjc3bs2an6a7mqokd3ylpkf err=HttpError('InvalidRequest: Could not find repo: did:plc:axjc3bs2an6a7mqokd3ylpkf')
2026-03-02T14:32:33Z WARNING bsky_collector_v2.job.index_feed_generators: listRecords failed repo=did:plc:daqab44b36qbpocuqrc6wk72 err=HttpError('InvalidRequest: Could not find repo: did:plc:daqab44b36qbpocuqrc6wk72')
2026-03-02T14:32:33Z WARNING bsky_collector_v2.job.index_feed_generators: listRecords failed repo=did:plc:denifpmapqjhcohharecv4ku err=HttpError('InvalidRequest: Could not find repo: did:plc:denifpmapqjhcohharecv4ku')
2026-03-02T14:32:33Z WARNING bsky_collector_v2.job.index_feed_generators: listRecords failed repo=did:plc:h4rqojo7sop36mwai67o6zj2 err=HttpError('InvalidRequest: Could not find repo: did:plc:h4rqojo7sop36mwai67o6zj2')
2026-03-02T14:32:33Z WARNING bsky_collector_v2.job.index_feed_generators: listRecords failed repo=did:plc:hgu6gwabvbeusefyitmucfqu err=HttpError('InvalidRequest: Could not find repo: did:plc:hgu6gwabvbeusefyitmucfqu')
2026-03-02T14:32:33Z WARNING bsky_collector_v2.job.index_feed_generators: listRecords failed repo=did:plc:hmnzvfwiooircjxi32sqq4ly err=HttpError('InvalidRequest: Could not find repo: did:plc:hmnzvfwiooircjxi32sqq4ly')
2026-03-02T14:32:33Z WARNING bsky_collector_v2.job.index_feed_generators: listRecords failed repo=did:plc:jde73yca532kymo5b6ns35rd err=HttpError('InvalidRequest: Could not find repo: did:plc:jde73yca532kymo5b6ns35rd')
2026-03-02T14:32:34Z WARNING bsky_collector_v2.job.index_feed_generators: listRecords failed repo=did:plc:jdktcadaq2j76uu37mgignrl err=HttpError('InvalidRequest: Could not find repo: did:plc:jdktcadaq2j76uu37mgignrl')
2026-03-02T14:32:34Z WARNING bsky_collector_v2.job.index_feed_generators: listRecords failed repo=did:plc:kicoa7omynmv3pwyyngu64zo err=HttpError('InvalidRequest: Could not find repo: did:plc:kicoa7omynmv3pwyyngu64zo')
2026-03-02T14:32:34Z WARNING bsky_collector_v2.job.index_feed_generators: listRecords failed repo=did:plc:lw5bxm7uhnqi4btxcula2lfk err=HttpError('InvalidRequest: Could not find repo: did:plc:lw5bxm7uhnqi4btxcula2lfk')
2026-03-02T14:32:34Z WARNING bsky_collector_v2.job.index_feed_generators: listRecords failed repo=did:plc:q7vkz2bzspms6dq6dcqqsja7 err=HttpError('InvalidRequest: Could not find repo: did:plc:q7vkz2bzspms6dq6dcqqsja7')
2026-03-02T14:32:34Z WARNING bsky_collector_v2.job.index_feed_generators: listRecords failed repo=did:plc:qf3mdpio3zn2hoxxn5ki5imv err=HttpError('InvalidRequest: Could not find repo: did:plc:qf3mdpio3zn2hoxxn5ki5imv')
2026-03-02T14:32:34Z WARNING bsky_collector_v2.job.index_feed_generators: listRecords failed repo=did:plc:qnonhzriayr3sjsr2asik44w err=HttpError('InvalidRequest: Could not find repo: did:plc:qnonhzriayr3sjsr2asik44w')
2026-03-02T14:32:34Z WARNING bsky_collector_v2.job.index_feed_generators: listRecords failed repo=did:plc:qqgk3jhhgjvdd6hj76pyim7n err=HttpError('InvalidRequest: Could not find repo: did:plc:qqgk3jhhgjvdd6hj76pyim7n')
2026-03-02T14:32:34Z WARNING bsky_collector_v2.job.index_feed_generators: listRecords failed repo=did:plc:r3xmiiajvepohjfrffeq5sur err=HttpError('InvalidRequest: Could not find repo: did:plc:r3xmiiajvepohjfrffeq5sur')
2026-03-02T14:32:34Z WARNING bsky_collector_v2.job.index_feed_generators: listRecords failed repo=did:plc:smu7nmr7qtfnrf4wl4v3hwea err=HttpError('InvalidRequest: Could not find repo: did:plc:smu7nmr7qtfnrf4wl4v3hwea')
2026-03-02T14:32:34Z WARNING bsky_collector_v2.job.index_feed_generators: listRecords failed repo=did:plc:t7ajsa37yphkf2vp6ydd3mvk err=HttpError('InvalidRequest: Could not find repo: did:plc:t7ajsa37yphkf2vp6ydd3mvk')
2026-03-02T14:32:35Z WARNING bsky_collector_v2.job.index_feed_generators: listRecords failed repo=did:plc:tqqti5jqw7c3advzma6e3ozw err=HttpError('InvalidRequest: Could not find repo: did:plc:tqqti5jqw7c3advzma6e3ozw')
2026-03-02T14:32:35Z WARNING bsky_collector_v2.job.index_feed_generators: listRecords failed repo=did:plc:xhl6hoykpnaf5vlj3svqsujv err=HttpError('InvalidRequest: Could not find repo: did:plc:xhl6hoykpnaf5vlj3svqsujv')
2026-03-02T14:32:35Z WARNING bsky_collector_v2.job.index_feed_generators: listRecords failed repo=did:plc:xydjh2s372g5mhbzibwxcipy err=HttpError('InvalidRequest: Could not find repo: did:plc:xydjh2s372g5mhbzibwxcipy')
2026-03-02T14:32:35Z WARNING bsky_collector_v2.job.index_feed_generators: listRecords failed repo=did:plc:ye227o5sznz2sq3jpfkcczml err=HttpError('InvalidRequest: Could not find repo: did:plc:ye227o5sznz2sq3jpfkcczml')
2026-03-02T14:32:35Z WARNING bsky_collector_v2.job.index_feed_generators: listRecords failed repo=did:plc:z66s7drm6v7pk6rpqsoscmvy err=HttpError('InvalidRequest: Could not find repo: did:plc:z66s7drm6v7pk6rpqsoscmvy')
2026-03-02T14:32:35Z WARNING bsky_collector_v2.job.index_feed_generators: listRecords failed repo=did:plc:2agak3xoycxwwe3st4ajxyen err=HttpError('InvalidRequest: Could not find repo: did:plc:2agak3xoycxwwe3st4ajxyen')
2026-03-02T14:32:35Z WARNING bsky_collector_v2.job.index_feed_generators: listRecords failed repo=did:plc:2k7ug3tbxnyp4qmgko4ucgfn err=HttpError('InvalidRequest: Could not find repo: did:plc:2k7ug3tbxnyp4qmgko4ucgfn')
2026-03-02T14:32:35Z WARNING bsky_collector_v2.job.index_feed_generators: listRecords failed repo=did:plc:37z34b6avq3wtaqshs5kuj2l err=HttpError('InvalidRequest: Could not find repo: did:plc:37z34b6avq3wtaqshs5kuj2l')
2026-03-02T14:32:35Z WARNING bsky_collector_v2.job.index_feed_generators: listRecords failed repo=did:plc:427sotmnofp755fafokqob2k err=HttpError('InvalidRequest: Could not find repo: did:plc:427sotmnofp755fafokqob2k')
2026-03-02T14:32:35Z WARNING bsky_collector_v2.job.index_feed_generators: listRecords failed repo=did:plc:42vwe6ik5mgo3xqxqyrbc5qf err=HttpError('InvalidRequest: Could not find repo: did:plc:42vwe6ik5mgo3xqxqyrbc5qf')
2026-03-02T14:32:35Z WARNING bsky_collector_v2.job.index_feed_generators: listRecords failed repo=did:plc:4bioewuvnjke2gmz3qsv2yec err=HttpError('InvalidRequest: Could not find repo: did:plc:4bioewuvnjke2gmz3qsv2yec')
2026-03-02T14:32:35Z WARNING bsky_collector_v2.job.index_feed_generators: listRecords failed repo=did:plc:4zn7zfjo6wc67dgfhtscgbmw err=HttpError('InvalidRequest: Could not find repo: did:plc:4zn7zfjo6wc67dgfhtscgbmw')
2026-03-02T14:32:36Z WARNING bsky_collector_v2.job.index_feed_generators: listRecords failed repo=did:plc:6hqsjbqecre37dd4nu5lfonl err=HttpError('InvalidRequest: Could not find repo: did:plc:6hqsjbqecre37dd4nu5lfonl')
2026-03-02T14:32:36Z WARNING bsky_collector_v2.job.index_feed_generators: listRecords failed repo=did:plc:avi7rjcgytz4wtdlfasmr4tn err=HttpError('InvalidRequest: Could not find repo: did:plc:avi7rjcgytz4wtdlfasmr4tn')
2026-03-02T14:32:36Z WARNING bsky_collector_v2.job.index_feed_generators: listRecords failed repo=did:plc:avlxws36t5c3epqeqhtvw77j err=HttpError('InvalidRequest: Could not find repo: did:plc:avlxws36t5c3epqeqhtvw77j')
2026-03-02T14:32:36Z WARNING bsky_collector_v2.job.index_feed_generators: listRecords failed repo=did:plc:axjc3bs2an6a7mqokd3ylpkf err=HttpError('InvalidRequest: Could not find repo: did:plc:axjc3bs2an6a7mqokd3ylpkf')
2026-03-02T14:32:36Z WARNING bsky_collector_v2.job.index_feed_generators: listRecords failed repo=did:plc:daqab44b36qbpocuqrc6wk72 err=HttpError('InvalidRequest: Could not find repo: did:plc:daqab44b36qbpocuqrc6wk72')
2026-03-02T14:32:36Z WARNING bsky_collector_v2.job.index_feed_generators: listRecords failed repo=did:plc:denifpmapqjhcohharecv4ku err=HttpError('InvalidRequest: Could not find repo: did:plc:denifpmapqjhcohharecv4ku')
2026-03-02T14:32:36Z WARNING bsky_collector_v2.job.index_feed_generators: listRecords failed repo=did:plc:h4rqojo7sop36mwai67o6zj2 err=HttpError('InvalidRequest: Could not find repo: did:plc:h4rqojo7sop36mwai67o6zj2')
2026-03-02T14:32:36Z WARNING bsky_collector_v2.job.index_feed_generators: listRecords failed repo=did:plc:hgu6gwabvbeusefyitmucfqu err=HttpError('InvalidRequest: Could not find repo: did:plc:hgu6gwabvbeusefyitmucfqu')
2026-03-02T14:32:36Z WARNING bsky_collector_v2.job.index_feed_generators: listRecords failed repo=did:plc:hmnzvfwiooircjxi32sqq4ly err=HttpError('InvalidRequest: Could not find repo: did:plc:hmnzvfwiooircjxi32sqq4ly')
2026-03-02T14:32:36Z WARNING bsky_collector_v2.job.index_feed_generators: listRecords failed repo=did:plc:jde73yca532kymo5b6ns35rd err=HttpError('InvalidRequest: Could not find repo: did:plc:jde73yca532kymo5b6ns35rd')
2026-03-02T14:32:36Z WARNING bsky_collector_v2.job.index_feed_generators: listRecords failed repo=did:plc:jdktcadaq2j76uu37mgignrl err=HttpError('InvalidRequest: Could not find repo: did:plc:jdktcadaq2j76uu37mgignrl')
2026-03-02T14:32:36Z WARNING bsky_collector_v2.job.index_feed_generators: listRecords failed repo=did:plc:kicoa7omynmv3pwyyngu64zo err=HttpError('InvalidRequest: Could not find repo: did:plc:kicoa7omynmv3pwyyngu64zo')
2026-03-02T14:32:36Z WARNING bsky_collector_v2.job.index_feed_generators: listRecords failed repo=did:plc:lw5bxm7uhnqi4btxcula2lfk err=HttpError('InvalidRequest: Could not find repo: did:plc:lw5bxm7uhnqi4btxcula2lfk')
2026-03-02T14:32:37Z WARNING bsky_collector_v2.job.index_feed_generators: listRecords failed repo=did:plc:q7vkz2bzspms6dq6dcqqsja7 err=HttpError('InvalidRequest: Could not find repo: did:plc:q7vkz2bzspms6dq6dcqqsja7')
2026-03-02T14:32:37Z WARNING bsky_collector_v2.job.index_feed_generators: listRecords failed repo=did:plc:qf3mdpio3zn2hoxxn5ki5imv err=HttpError('InvalidRequest: Could not find repo: did:plc:qf3mdpio3zn2hoxxn5ki5imv')
2026-03-02T14:32:37Z WARNING bsky_collector_v2.job.index_feed_generators: listRecords failed repo=did:plc:qnonhzriayr3sjsr2asik44w err=HttpError('InvalidRequest: Could not find repo: did:plc:qnonhzriayr3sjsr2asik44w')
2026-03-02T14:32:37Z WARNING bsky_collector_v2.job.index_feed_generators: listRecords failed repo=did:plc:qqgk3jhhgjvdd6hj76pyim7n err=HttpError('InvalidRequest: Could not find repo: did:plc:qqgk3jhhgjvdd6hj76pyim7n')
2026-03-02T14:32:37Z WARNING bsky_collector_v2.job.index_feed_generators: listRecords failed repo=did:plc:r3xmiiajvepohjfrffeq5sur err=HttpError('InvalidRequest: Could not find repo: did:plc:r3xmiiajvepohjfrffeq5sur')
2026-03-02T14:32:37Z WARNING bsky_collector_v2.job.index_feed_generators: listRecords failed repo=did:plc:smu7nmr7qtfnrf4wl4v3hwea err=HttpError('InvalidRequest: Could not find repo: did:plc:smu7nmr7qtfnrf4wl4v3hwea')
2026-03-02T14:32:37Z WARNING bsky_collector_v2.job.index_feed_generators: listRecords failed repo=did:plc:t7ajsa37yphkf2vp6ydd3mvk err=HttpError('InvalidRequest: Could not find repo: did:plc:t7ajsa37yphkf2vp6ydd3mvk')
2026-03-02T14:32:37Z WARNING bsky_collector_v2.job.index_feed_generators: listRecords failed repo=did:plc:tqqti5jqw7c3advzma6e3ozw err=HttpError('InvalidRequest: Could not find repo: did:plc:tqqti5jqw7c3advzma6e3ozw')
2026-03-02T14:32:37Z WARNING bsky_collector_v2.job.index_feed_generators: listRecords failed repo=did:plc:xhl6hoykpnaf5vlj3svqsujv err=HttpError('InvalidRequest: Could not find repo: did:plc:xhl6hoykpnaf5vlj3svqsujv')
2026-03-02T14:32:37Z WARNING bsky_collector_v2.job.index_feed_generators: listRecords failed repo=did:plc:xydjh2s372g5mhbzibwxcipy err=HttpError('InvalidRequest: Could not find repo: did:plc:xydjh2s372g5mhbzibwxcipy')
2026-03-02T14:32:37Z WARNING bsky_collector_v2.job.index_feed_generators: listRecords failed repo=did:plc:ye227o5sznz2sq3jpfkcczml err=HttpError('InvalidRequest: Could not find repo: did:plc:ye227o5sznz2sq3jpfkcczml')
2026-03-02T14:32:37Z WARNING bsky_collector_v2.job.index_feed_generators: listRecords failed repo=did:plc:z66s7drm6v7pk6rpqsoscmvy err=HttpError('InvalidRequest: Could not find repo: did:plc:z66s7drm6v7pk6rpqsoscmvy')
2026-03-02T14:32:38Z INFO bsky_collector_v2.job.index_feed_generators: enqueued repos page=15 mode=listRepos inserted=500 repos_returned=500 next_cursor=set
2026-03-02T14:32:39Z WARNING bsky_collector_v2.job.index_feed_generators: listRecords failed repo=did:plc:2dqxls5jfgm2cr5rywko7sck err=HttpError('InvalidRequest: Could not find repo: did:plc:2dqxls5jfgm2cr5rywko7sck')
2026-03-02T14:32:39Z WARNING bsky_collector_v2.job.index_feed_generators: listRecords failed repo=did:plc:2pfa7poh6fvm7qstl2rzuh5x err=HttpError('InvalidRequest: Could not find repo: did:plc:2pfa7poh6fvm7qstl2rzuh5x')
2026-03-02T14:32:43Z WARNING bsky_collector_v2.job.index_feed_generators: listRecords failed repo=did:plc:44gferq53ozn2ae7y64vfbhf err=HttpError('InvalidRequest: Could not find repo: did:plc:44gferq53ozn2ae7y64vfbhf')
2026-03-02T14:32:44Z WARNING bsky_collector_v2.job.index_feed_generators: listRecords failed repo=did:plc:4ga63dvwllzfr3nrzx6hag4u err=HttpError('InvalidRequest: Could not find repo: did:plc:4ga63dvwllzfr3nrzx6hag4u')
2026-03-02T14:32:44Z WARNING bsky_collector_v2.job.index_feed_generators: listRecords failed repo=did:plc:4wi24gkvc3glpc63guwyixbr err=HttpError('InvalidRequest: Could not find repo: did:plc:4wi24gkvc3glpc63guwyixbr')
2026-03-02T14:32:47Z WARNING bsky_collector_v2.job.index_feed_generators: listRecords failed repo=did:plc:5wwzdw64xxwjz42w235m6pvz err=HttpError('InvalidRequest: Could not find repo: did:plc:5wwzdw64xxwjz42w235m6pvz')
2026-03-02T14:32:48Z WARNING bsky_collector_v2.job.index_feed_generators: listRecords failed repo=did:plc:6fruheryb7cwrdmnd4ri4etz err=HttpError('InvalidRequest: Could not find repo: did:plc:6fruheryb7cwrdmnd4ri4etz')
2026-03-02T14:32:50Z WARNING bsky_collector_v2.job.index_feed_generators: listRecords failed repo=did:plc:6ygat3457al34y4fexxnqfj6 err=HttpError('InvalidRequest: Could not find repo: did:plc:6ygat3457al34y4fexxnqfj6')
2026-03-02T14:32:52Z WARNING bsky_collector_v2.job.index_feed_generators: listRecords failed repo=did:plc:7ubip2m42n3ey2gfrsd6m4sw err=HttpError('InvalidRequest: Could not find repo: did:plc:7ubip2m42n3ey2gfrsd6m4sw')
2026-03-02T14:32:56Z WARNING bsky_collector_v2.job.index_feed_generators: listRecords failed repo=did:plc:aplvminf7bwlnkrvut73br2w err=HttpError('InvalidRequest: Could not find repo: did:plc:aplvminf7bwlnkrvut73br2w')
2026-03-02T14:33:00Z WARNING bsky_collector_v2.job.index_feed_generators: listRecords failed repo=did:plc:cqacfyg7jw6a4d37w6bqapna err=HttpError('InvalidRequest: Could not find repo: did:plc:cqacfyg7jw6a4d37w6bqapna')
2026-03-02T14:33:01Z WARNING bsky_collector_v2.job.index_feed_generators: listRecords failed repo=did:plc:cv5yly5tspvxivnwgqm73imv err=HttpError('InvalidRequest: Could not find repo: did:plc:cv5yly5tspvxivnwgqm73imv')
2026-03-02T14:33:02Z WARNING bsky_collector_v2.job.index_feed_generators: listRecords failed repo=did:plc:d7apwf5wp6mtlusblkvrcrw3 err=HttpError('InvalidRequest: Could not find repo: did:plc:d7apwf5wp6mtlusblkvrcrw3')
2026-03-02T14:33:08Z WARNING bsky_collector_v2.job.index_feed_generators: listRecords failed repo=did:plc:f5phbi2ab7mc5hb6qi7bvspc err=HttpError('InvalidRequest: Could not find repo: did:plc:f5phbi2ab7mc5hb6qi7bvspc')
2026-03-02T14:33:13Z WARNING bsky_collector_v2.job.index_feed_generators: listRecords failed repo=did:plc:hjbbbf5pkbalnymgf3wtwzh5 err=HttpError('InvalidRequest: Could not find repo: did:plc:hjbbbf5pkbalnymgf3wtwzh5')
2026-03-02T14:33:14Z WARNING bsky_collector_v2.job.index_feed_generators: listRecords failed repo=did:plc:hqct5dmq4kqpcisvz3oz3zve err=HttpError('InvalidRequest: Could not find repo: did:plc:hqct5dmq4kqpcisvz3oz3zve')
2026-03-02T14:33:15Z WARNING bsky_collector_v2.job.index_feed_generators: listRecords failed repo=did:plc:iaangd2zh2g7y5bvc33g43hv err=HttpError('InvalidRequest: Could not find repo: did:plc:iaangd2zh2g7y5bvc33g43hv')
2026-03-02T14:33:19Z WARNING bsky_collector_v2.job.index_feed_generators: listRecords failed repo=did:plc:jzg47hu4ao3xczxvqhstlxza err=HttpError('InvalidRequest: Could not find repo: did:plc:jzg47hu4ao3xczxvqhstlxza')
2026-03-02T14:33:20Z WARNING bsky_collector_v2.job.index_feed_generators: listRecords failed repo=did:plc:kctgagx3duv5f33kx2oo3f4o err=HttpError('InvalidRequest: Could not find repo: did:plc:kctgagx3duv5f33kx2oo3f4o')
2026-03-02T14:33:20Z WARNING bsky_collector_v2.job.index_feed_generators: listRecords failed repo=did:plc:kfks4lfwunrd5pbpxc7iz4yi err=HttpError('InvalidRequest: Could not find repo: did:plc:kfks4lfwunrd5pbpxc7iz4yi')
2026-03-02T14:33:24Z INFO bsky_collector_v2.job.index_feed_generators: indexed repo=did:plc:ld4hjamavtbkez6i6k4mayuw part=468 records=1 next_cursor=set
2026-03-02T14:33:24Z WARNING bsky_collector_v2.job.index_feed_generators: listRecords failed repo=did:plc:ldqfq7t35gew7y72nuz24j2w err=HttpError('InvalidRequest: Could not find repo: did:plc:ldqfq7t35gew7y72nuz24j2w')
2026-03-02T14:33:25Z WARNING bsky_collector_v2.job.index_feed_generators: listRecords failed repo=did:plc:ll7sa4sf6hiqs7opozzc2jrp err=HttpError('InvalidRequest: Could not find repo: did:plc:ll7sa4sf6hiqs7opozzc2jrp')
2026-03-02T14:33:30Z WARNING bsky_collector_v2.job.index_feed_generators: listRecords failed repo=did:plc:nnecw6g3v62tglngps73rs52 err=HttpError('InvalidRequest: Could not find repo: did:plc:nnecw6g3v62tglngps73rs52')
2026-03-02T14:33:31Z WARNING bsky_collector_v2.job.index_feed_generators: listRecords failed repo=did:plc:odjhlz2s5syfgr4jaqc4yb2c err=HttpError('InvalidRequest: Could not find repo: did:plc:odjhlz2s5syfgr4jaqc4yb2c')
2026-03-02T14:33:31Z INFO bsky_collector_v2.job.index_feed_generators: indexed repo=did:plc:ogmcgyf2faq6h5tlavt3hxgi part=469 records=2 next_cursor=set
2026-03-02T14:33:32Z WARNING bsky_collector_v2.job.index_feed_generators: listRecords failed repo=did:plc:ohaav5t47car3a5tu3dt5dgf err=HttpError('InvalidRequest: Could not find repo: did:plc:ohaav5t47car3a5tu3dt5dgf')
2026-03-02T14:33:34Z WARNING bsky_collector_v2.job.index_feed_generators: listRecords failed repo=did:plc:pasx5xeqslzhjqyfvjgc77qq err=HttpError('InvalidRequest: Could not find repo: did:plc:pasx5xeqslzhjqyfvjgc77qq')
2026-03-02T14:33:47Z WARNING bsky_collector_v2.job.index_feed_generators: listRecords failed repo=did:plc:sv67b4lohcb3zdlt2nha5yun err=HttpError('InvalidRequest: Could not find repo: did:plc:sv67b4lohcb3zdlt2nha5yun')
2026-03-02T14:33:53Z WARNING bsky_collector_v2.job.index_feed_generators: listRecords failed repo=did:plc:uy4du7ysdc6fqcpffodv5w3x err=HttpError('InvalidRequest: Could not find repo: did:plc:uy4du7ysdc6fqcpffodv5w3x')
2026-03-02T14:33:54Z WARNING bsky_collector_v2.job.index_feed_generators: listRecords failed repo=did:plc:vc6wjxt4deugz6rxlb6cofkf err=HttpError('InvalidRequest: Could not find repo: did:plc:vc6wjxt4deugz6rxlb6cofkf')
2026-03-02T14:33:56Z WARNING bsky_collector_v2.job.index_feed_generators: listRecords failed repo=did:plc:vqj2rxwhfpwbhylvlywdrrqa err=HttpError('InvalidRequest: Could not find repo: did:plc:vqj2rxwhfpwbhylvlywdrrqa')
2026-03-02T14:33:58Z WARNING bsky_collector_v2.job.index_feed_generators: listRecords failed repo=did:plc:watwphtc5cz6u43pwluokfot err=HttpError('InvalidRequest: Could not find repo: did:plc:watwphtc5cz6u43pwluokfot')
2026-03-02T14:34:04Z WARNING bsky_collector_v2.job.index_feed_generators: listRecords failed repo=did:plc:yeadu22bge4vhkban5btywod err=HttpError('InvalidRequest: Could not find repo: did:plc:yeadu22bge4vhkban5btywod')
2026-03-02T14:34:05Z WARNING bsky_collector_v2.job.index_feed_generators: listRecords failed repo=did:plc:ym27v6f4ejioxn5tpym7j7zj err=HttpError('InvalidRequest: Could not find repo: did:plc:ym27v6f4ejioxn5tpym7j7zj')
2026-03-02T14:34:09Z WARNING bsky_collector_v2.job.index_feed_generators: listRecords failed repo=did:plc:zwds6ajb5ysde6yplmiu5wpm err=HttpError('InvalidRequest: Could not find repo: did:plc:zwds6ajb5ysde6yplmiu5wpm')
2026-03-02T14:34:09Z WARNING bsky_collector_v2.job.index_feed_generators: listRecords failed repo=did:plc:2dqxls5jfgm2cr5rywko7sck err=HttpError('InvalidRequest: Could not find repo: did:plc:2dqxls5jfgm2cr5rywko7sck')
2026-03-02T14:34:09Z WARNING bsky_collector_v2.job.index_feed_generators: listRecords failed repo=did:plc:2pfa7poh6fvm7qstl2rzuh5x err=HttpError('InvalidRequest: Could not find repo: did:plc:2pfa7poh6fvm7qstl2rzuh5x')
2026-03-02T14:34:09Z WARNING bsky_collector_v2.job.index_feed_generators: listRecords failed repo=did:plc:44gferq53ozn2ae7y64vfbhf err=HttpError('InvalidRequest: Could not find repo: did:plc:44gferq53ozn2ae7y64vfbhf')
2026-03-02T14:34:09Z WARNING bsky_collector_v2.job.index_feed_generators: listRecords failed repo=did:plc:4ga63dvwllzfr3nrzx6hag4u err=HttpError('InvalidRequest: Could not find repo: did:plc:4ga63dvwllzfr3nrzx6hag4u')
2026-03-02T14:34:09Z WARNING bsky_collector_v2.job.index_feed_generators: listRecords failed repo=did:plc:4wi24gkvc3glpc63guwyixbr err=HttpError('InvalidRequest: Could not find repo: did:plc:4wi24gkvc3glpc63guwyixbr')
2026-03-02T14:34:09Z WARNING bsky_collector_v2.job.index_feed_generators: listRecords failed repo=did:plc:5wwzdw64xxwjz42w235m6pvz err=HttpError('InvalidRequest: Could not find repo: did:plc:5wwzdw64xxwjz42w235m6pvz')
2026-03-02T14:34:10Z WARNING bsky_collector_v2.job.index_feed_generators: listRecords failed repo=did:plc:6fruheryb7cwrdmnd4ri4etz err=HttpError('InvalidRequest: Could not find repo: did:plc:6fruheryb7cwrdmnd4ri4etz')
2026-03-02T14:34:10Z WARNING bsky_collector_v2.job.index_feed_generators: listRecords failed repo=did:plc:6ygat3457al34y4fexxnqfj6 err=HttpError('InvalidRequest: Could not find repo: did:plc:6ygat3457al34y4fexxnqfj6')
2026-03-02T14:34:10Z WARNING bsky_collector_v2.job.index_feed_generators: listRecords failed repo=did:plc:7ubip2m42n3ey2gfrsd6m4sw err=HttpError('InvalidRequest: Could not find repo: did:plc:7ubip2m42n3ey2gfrsd6m4sw')
2026-03-02T14:34:10Z WARNING bsky_collector_v2.job.index_feed_generators: listRecords failed repo=did:plc:aplvminf7bwlnkrvut73br2w err=HttpError('InvalidRequest: Could not find repo: did:plc:aplvminf7bwlnkrvut73br2w')
2026-03-02T14:34:10Z WARNING bsky_collector_v2.job.index_feed_generators: listRecords failed repo=did:plc:cqacfyg7jw6a4d37w6bqapna err=HttpError('InvalidRequest: Could not find repo: did:plc:cqacfyg7jw6a4d37w6bqapna')
2026-03-02T14:34:10Z WARNING bsky_collector_v2.job.index_feed_generators: listRecords failed repo=did:plc:cv5yly5tspvxivnwgqm73imv err=HttpError('InvalidRequest: Could not find repo: did:plc:cv5yly5tspvxivnwgqm73imv')
2026-03-02T14:34:10Z WARNING bsky_collector_v2.job.index_feed_generators: listRecords failed repo=did:plc:d7apwf5wp6mtlusblkvrcrw3 err=HttpError('InvalidRequest: Could not find repo: did:plc:d7apwf5wp6mtlusblkvrcrw3')
2026-03-02T14:34:10Z WARNING bsky_collector_v2.job.index_feed_generators: listRecords failed repo=did:plc:f5phbi2ab7mc5hb6qi7bvspc err=HttpError('InvalidRequest: Could not find repo: did:plc:f5phbi2ab7mc5hb6qi7bvspc')
2026-03-02T14:34:10Z WARNING bsky_collector_v2.job.index_feed_generators: listRecords failed repo=did:plc:hjbbbf5pkbalnymgf3wtwzh5 err=HttpError('InvalidRequest: Could not find repo: did:plc:hjbbbf5pkbalnymgf3wtwzh5')
2026-03-02T14:34:10Z WARNING bsky_collector_v2.job.index_feed_generators: listRecords failed repo=did:plc:hqct5dmq4kqpcisvz3oz3zve err=HttpError('InvalidRequest: Could not find repo: did:plc:hqct5dmq4kqpcisvz3oz3zve')
2026-03-02T14:34:10Z WARNING bsky_collector_v2.job.index_feed_generators: listRecords failed repo=did:plc:iaangd2zh2g7y5bvc33g43hv err=HttpError('InvalidRequest: Could not find repo: did:plc:iaangd2zh2g7y5bvc33g43hv')
2026-03-02T14:34:11Z WARNING bsky_collector_v2.job.index_feed_generators: listRecords failed repo=did:plc:jzg47hu4ao3xczxvqhstlxza err=HttpError('InvalidRequest: Could not find repo: did:plc:jzg47hu4ao3xczxvqhstlxza')
2026-03-02T14:34:11Z WARNING bsky_collector_v2.job.index_feed_generators: listRecords failed repo=did:plc:kctgagx3duv5f33kx2oo3f4o err=HttpError('InvalidRequest: Could not find repo: did:plc:kctgagx3duv5f33kx2oo3f4o')
2026-03-02T14:34:11Z WARNING bsky_collector_v2.job.index_feed_generators: listRecords failed repo=did:plc:kfks4lfwunrd5pbpxc7iz4yi err=HttpError('InvalidRequest: Could not find repo: did:plc:kfks4lfwunrd5pbpxc7iz4yi')
2026-03-02T14:34:11Z WARNING bsky_collector_v2.job.index_feed_generators: listRecords failed repo=did:plc:ldqfq7t35gew7y72nuz24j2w err=HttpError('InvalidRequest: Could not find repo: did:plc:ldqfq7t35gew7y72nuz24j2w')
2026-03-02T14:34:11Z WARNING bsky_collector_v2.job.index_feed_generators: listRecords failed repo=did:plc:ll7sa4sf6hiqs7opozzc2jrp err=HttpError('InvalidRequest: Could not find repo: did:plc:ll7sa4sf6hiqs7opozzc2jrp')
2026-03-02T14:34:11Z WARNING bsky_collector_v2.job.index_feed_generators: listRecords failed repo=did:plc:nnecw6g3v62tglngps73rs52 err=HttpError('InvalidRequest: Could not find repo: did:plc:nnecw6g3v62tglngps73rs52')
2026-03-02T14:34:11Z WARNING bsky_collector_v2.job.index_feed_generators: listRecords failed repo=did:plc:odjhlz2s5syfgr4jaqc4yb2c err=HttpError('InvalidRequest: Could not find repo: did:plc:odjhlz2s5syfgr4jaqc4yb2c')
2026-03-02T14:34:12Z WARNING bsky_collector_v2.job.index_feed_generators: listRecords failed repo=did:plc:ohaav5t47car3a5tu3dt5dgf err=HttpError('InvalidRequest: Could not find repo: did:plc:ohaav5t47car3a5tu3dt5dgf')
2026-03-02T14:34:12Z WARNING bsky_collector_v2.job.index_feed_generators: listRecords failed repo=did:plc:pasx5xeqslzhjqyfvjgc77qq err=HttpError('InvalidRequest: Could not find repo: did:plc:pasx5xeqslzhjqyfvjgc77qq')
2026-03-02T14:34:12Z WARNING bsky_collector_v2.job.index_feed_generators: listRecords failed repo=did:plc:sv67b4lohcb3zdlt2nha5yun err=HttpError('InvalidRequest: Could not find repo: did:plc:sv67b4lohcb3zdlt2nha5yun')
2026-03-02T14:34:12Z WARNING bsky_collector_v2.job.index_feed_generators: listRecords failed repo=did:plc:uy4du7ysdc6fqcpffodv5w3x err=HttpError('InvalidRequest: Could not find repo: did:plc:uy4du7ysdc6fqcpffodv5w3x')
2026-03-02T14:34:12Z WARNING bsky_collector_v2.job.index_feed_generators: listRecords failed repo=did:plc:vc6wjxt4deugz6rxlb6cofkf err=HttpError('InvalidRequest: Could not find repo: did:plc:vc6wjxt4deugz6rxlb6cofkf')
2026-03-02T14:34:12Z WARNING bsky_collector_v2.job.index_feed_generators: listRecords failed repo=did:plc:vqj2rxwhfpwbhylvlywdrrqa err=HttpError('InvalidRequest: Could not find repo: did:plc:vqj2rxwhfpwbhylvlywdrrqa')
2026-03-02T14:34:12Z WARNING bsky_collector_v2.job.index_feed_generators: listRecords failed repo=did:plc:watwphtc5cz6u43pwluokfot err=HttpError('InvalidRequest: Could not find repo: did:plc:watwphtc5cz6u43pwluokfot')
2026-03-02T14:34:12Z WARNING bsky_collector_v2.job.index_feed_generators: listRecords failed repo=did:plc:yeadu22bge4vhkban5btywod err=HttpError('InvalidRequest: Could not find repo: did:plc:yeadu22bge4vhkban5btywod')
2026-03-02T14:34:12Z WARNING bsky_collector_v2.job.index_feed_generators: listRecords failed repo=did:plc:ym27v6f4ejioxn5tpym7j7zj err=HttpError('InvalidRequest: Could not find repo: did:plc:ym27v6f4ejioxn5tpym7j7zj')
2026-03-02T14:34:12Z WARNING bsky_collector_v2.job.index_feed_generators: listRecords failed repo=did:plc:zwds6ajb5ysde6yplmiu5wpm err=HttpError('InvalidRequest: Could not find repo: did:plc:zwds6ajb5ysde6yplmiu5wpm')
2026-03-02T14:34:12Z WARNING bsky_collector_v2.job.index_feed_generators: listRecords failed repo=did:plc:2dqxls5jfgm2cr5rywko7sck err=HttpError('InvalidRequest: Could not find repo: did:plc:2dqxls5jfgm2cr5rywko7sck')
2026-03-02T14:34:12Z WARNING bsky_collector_v2.job.index_feed_generators: listRecords failed repo=did:plc:2pfa7poh6fvm7qstl2rzuh5x err=HttpError('InvalidRequest: Could not find repo: did:plc:2pfa7poh6fvm7qstl2rzuh5x')
2026-03-02T14:34:12Z WARNING bsky_collector_v2.job.index_feed_generators: listRecords failed repo=did:plc:44gferq53ozn2ae7y64vfbhf err=HttpError('InvalidRequest: Could not find repo: did:plc:44gferq53ozn2ae7y64vfbhf')
2026-03-02T14:34:12Z WARNING bsky_collector_v2.job.index_feed_generators: listRecords failed repo=did:plc:4ga63dvwllzfr3nrzx6hag4u err=HttpError('InvalidRequest: Could not find repo: did:plc:4ga63dvwllzfr3nrzx6hag4u')
2026-03-02T14:34:13Z WARNING bsky_collector_v2.job.index_feed_generators: listRecords failed repo=did:plc:4wi24gkvc3glpc63guwyixbr err=HttpError('InvalidRequest: Could not find repo: did:plc:4wi24gkvc3glpc63guwyixbr')
2026-03-02T14:34:13Z WARNING bsky_collector_v2.job.index_feed_generators: listRecords failed repo=did:plc:5wwzdw64xxwjz42w235m6pvz err=HttpError('InvalidRequest: Could not find repo: did:plc:5wwzdw64xxwjz42w235m6pvz')
2026-03-02T14:34:13Z WARNING bsky_collector_v2.job.index_feed_generators: listRecords failed repo=did:plc:6fruheryb7cwrdmnd4ri4etz err=HttpError('InvalidRequest: Could not find repo: did:plc:6fruheryb7cwrdmnd4ri4etz')
2026-03-02T14:34:13Z WARNING bsky_collector_v2.job.index_feed_generators: listRecords failed repo=did:plc:6ygat3457al34y4fexxnqfj6 err=HttpError('InvalidRequest: Could not find repo: did:plc:6ygat3457al34y4fexxnqfj6')
2026-03-02T14:34:13Z WARNING bsky_collector_v2.job.index_feed_generators: listRecords failed repo=did:plc:7ubip2m42n3ey2gfrsd6m4sw err=HttpError('InvalidRequest: Could not find repo: did:plc:7ubip2m42n3ey2gfrsd6m4sw')
2026-03-02T14:34:13Z WARNING bsky_collector_v2.job.index_feed_generators: listRecords failed repo=did:plc:aplvminf7bwlnkrvut73br2w err=HttpError('InvalidRequest: Could not find repo: did:plc:aplvminf7bwlnkrvut73br2w')
2026-03-02T14:34:13Z WARNING bsky_collector_v2.job.index_feed_generators: listRecords failed repo=did:plc:cqacfyg7jw6a4d37w6bqapna err=HttpError('InvalidRequest: Could not find repo: did:plc:cqacfyg7jw6a4d37w6bqapna')
2026-03-02T14:34:13Z WARNING bsky_collector_v2.job.index_feed_generators: listRecords failed repo=did:plc:cv5yly5tspvxivnwgqm73imv err=HttpError('InvalidRequest: Could not find repo: did:plc:cv5yly5tspvxivnwgqm73imv')
2026-03-02T14:34:13Z WARNING bsky_collector_v2.job.index_feed_generators: listRecords failed repo=did:plc:d7apwf5wp6mtlusblkvrcrw3 err=HttpError('InvalidRequest: Could not find repo: did:plc:d7apwf5wp6mtlusblkvrcrw3')
2026-03-02T14:34:13Z WARNING bsky_collector_v2.job.index_feed_generators: listRecords failed repo=did:plc:f5phbi2ab7mc5hb6qi7bvspc err=HttpError('InvalidRequest: Could not find repo: did:plc:f5phbi2ab7mc5hb6qi7bvspc')
2026-03-02T14:34:13Z WARNING bsky_collector_v2.job.index_feed_generators: listRecords failed repo=did:plc:hjbbbf5pkbalnymgf3wtwzh5 err=HttpError('InvalidRequest: Could not find repo: did:plc:hjbbbf5pkbalnymgf3wtwzh5')
2026-03-02T14:34:13Z WARNING bsky_collector_v2.job.index_feed_generators: listRecords failed repo=did:plc:hqct5dmq4kqpcisvz3oz3zve err=HttpError('InvalidRequest: Could not find repo: did:plc:hqct5dmq4kqpcisvz3oz3zve')
2026-03-02T14:34:14Z WARNING bsky_collector_v2.job.index_feed_generators: listRecords failed repo=did:plc:iaangd2zh2g7y5bvc33g43hv err=HttpError('InvalidRequest: Could not find repo: did:plc:iaangd2zh2g7y5bvc33g43hv')
2026-03-02T14:34:14Z WARNING bsky_collector_v2.job.index_feed_generators: listRecords failed repo=did:plc:jzg47hu4ao3xczxvqhstlxza err=HttpError('InvalidRequest: Could not find repo: did:plc:jzg47hu4ao3xczxvqhstlxza')
2026-03-02T14:34:14Z WARNING bsky_collector_v2.job.index_feed_generators: listRecords failed repo=did:plc:kctgagx3duv5f33kx2oo3f4o err=HttpError('InvalidRequest: Could not find repo: did:plc:kctgagx3duv5f33kx2oo3f4o')
2026-03-02T14:34:14Z WARNING bsky_collector_v2.job.index_feed_generators: listRecords failed repo=did:plc:kfks4lfwunrd5pbpxc7iz4yi err=HttpError('InvalidRequest: Could not find repo: did:plc:kfks4lfwunrd5pbpxc7iz4yi')
2026-03-02T14:34:14Z WARNING bsky_collector_v2.job.index_feed_generators: listRecords failed repo=did:plc:ldqfq7t35gew7y72nuz24j2w err=HttpError('InvalidRequest: Could not find repo: did:plc:ldqfq7t35gew7y72nuz24j2w')
2026-03-02T14:34:14Z WARNING bsky_collector_v2.job.index_feed_generators: listRecords failed repo=did:plc:ll7sa4sf6hiqs7opozzc2jrp err=HttpError('InvalidRequest: Could not find repo: did:plc:ll7sa4sf6hiqs7opozzc2jrp')
2026-03-02T14:34:14Z WARNING bsky_collector_v2.job.index_feed_generators: listRecords failed repo=did:plc:nnecw6g3v62tglngps73rs52 err=HttpError('InvalidRequest: Could not find repo: did:plc:nnecw6g3v62tglngps73rs52')
2026-03-02T14:34:14Z WARNING bsky_collector_v2.job.index_feed_generators: listRecords failed repo=did:plc:odjhlz2s5syfgr4jaqc4yb2c err=HttpError('InvalidRequest: Could not find repo: did:plc:odjhlz2s5syfgr4jaqc4yb2c')
2026-03-02T14:34:14Z WARNING bsky_collector_v2.job.index_feed_generators: listRecords failed repo=did:plc:ohaav5t47car3a5tu3dt5dgf err=HttpError('InvalidRequest: Could not find repo: did:plc:ohaav5t47car3a5tu3dt5dgf')
2026-03-02T14:34:14Z WARNING bsky_collector_v2.job.index_feed_generators: listRecords failed repo=did:plc:pasx5xeqslzhjqyfvjgc77qq err=HttpError('InvalidRequest: Could not find repo: did:plc:pasx5xeqslzhjqyfvjgc77qq')
2026-03-02T14:34:14Z WARNING bsky_collector_v2.job.index_feed_generators: listRecords failed repo=did:plc:sv67b4lohcb3zdlt2nha5yun err=HttpError('InvalidRequest: Could not find repo: did:plc:sv67b4lohcb3zdlt2nha5yun')
2026-03-02T14:34:14Z WARNING bsky_collector_v2.job.index_feed_generators: listRecords failed repo=did:plc:uy4du7ysdc6fqcpffodv5w3x err=HttpError('InvalidRequest: Could not find repo: did:plc:uy4du7ysdc6fqcpffodv5w3x')
2026-03-02T14:34:14Z WARNING bsky_collector_v2.job.index_feed_generators: listRecords failed repo=did:plc:vc6wjxt4deugz6rxlb6cofkf err=HttpError('InvalidRequest: Could not find repo: did:plc:vc6wjxt4deugz6rxlb6cofkf')
2026-03-02T14:34:15Z WARNING bsky_collector_v2.job.index_feed_generators: listRecords failed repo=did:plc:vqj2rxwhfpwbhylvlywdrrqa err=HttpError('InvalidRequest: Could not find repo: did:plc:vqj2rxwhfpwbhylvlywdrrqa')
2026-03-02T14:34:15Z WARNING bsky_collector_v2.job.index_feed_generators: listRecords failed repo=did:plc:watwphtc5cz6u43pwluokfot err=HttpError('InvalidRequest: Could not find repo: did:plc:watwphtc5cz6u43pwluokfot')
2026-03-02T14:34:15Z WARNING bsky_collector_v2.job.index_feed_generators: listRecords failed repo=did:plc:yeadu22bge4vhkban5btywod err=HttpError('InvalidRequest: Could not find repo: did:plc:yeadu22bge4vhkban5btywod')
2026-03-02T14:34:15Z WARNING bsky_collector_v2.job.index_feed_generators: listRecords failed repo=did:plc:ym27v6f4ejioxn5tpym7j7zj err=HttpError('InvalidRequest: Could not find repo: did:plc:ym27v6f4ejioxn5tpym7j7zj')
2026-03-02T14:34:15Z WARNING bsky_collector_v2.job.index_feed_generators: listRecords failed repo=did:plc:zwds6ajb5ysde6yplmiu5wpm err=HttpError('InvalidRequest: Could not find repo: did:plc:zwds6ajb5ysde6yplmiu5wpm')
2026-03-02T14:34:15Z INFO bsky_collector_v2.job.index_feed_generators: enqueued repos page=16 mode=listRepos inserted=500 repos_returned=500 next_cursor=set
2026-03-02T14:34:20Z WARNING bsky_collector_v2.job.index_feed_generators: listRecords failed repo=did:plc:3fhzltqzhbnj53pjpxebwpeo err=HttpError('InvalidRequest: Could not find repo: did:plc:3fhzltqzhbnj53pjpxebwpeo')
2026-03-02T14:34:21Z WARNING bsky_collector_v2.job.index_feed_generators: listRecords failed repo=did:plc:3vwgpdxz2xccit5hawvqj5xq err=HttpError('InvalidRequest: Could not find repo: did:plc:3vwgpdxz2xccit5hawvqj5xq')
2026-03-02T14:34:32Z INFO bsky_collector_v2.job.index_feed_generators: indexed repo=did:plc:6cgojruxzaoecwdolan6vfbe part=470 records=1 next_cursor=set
2026-03-02T14:34:39Z WARNING bsky_collector_v2.job.index_feed_generators: listRecords failed repo=did:plc:7fsgtlc7upz45l5ists2uqt4 err=HttpError('InvalidRequest: Could not find repo: did:plc:7fsgtlc7upz45l5ists2uqt4')
2026-03-02T14:34:40Z WARNING bsky_collector_v2.job.index_feed_generators: listRecords failed repo=did:plc:7no3h66nt3ipbxzff4trzf45 err=HttpError('InvalidRequest: Could not find repo: did:plc:7no3h66nt3ipbxzff4trzf45')
2026-03-02T14:34:42Z WARNING bsky_collector_v2.job.index_feed_generators: listRecords failed repo=did:plc:7xnr5dyt5nq2zmxu3leug42u err=HttpError('InvalidRequest: Could not find repo: did:plc:7xnr5dyt5nq2zmxu3leug42u')
2026-03-02T14:34:43Z WARNING bsky_collector_v2.job.index_feed_generators: listRecords failed repo=did:plc:acatvnt35zacrdde3mn7jodh err=HttpError('InvalidRequest: Could not find repo: did:plc:acatvnt35zacrdde3mn7jodh')
2026-03-02T14:34:52Z WARNING bsky_collector_v2.job.index_feed_generators: listRecords failed repo=did:plc:ctirld45ikcqty76tpbev7i4 err=HttpError('InvalidRequest: Could not find repo: did:plc:ctirld45ikcqty76tpbev7i4')
2026-03-02T14:35:01Z WARNING bsky_collector_v2.job.index_feed_generators: listRecords failed repo=did:plc:eeaxx6sa73l77wv5ziyddjry err=HttpError('InvalidRequest: Could not find repo: did:plc:eeaxx6sa73l77wv5ziyddjry')
2026-03-02T14:35:01Z WARNING bsky_collector_v2.job.index_feed_generators: listRecords failed repo=did:plc:eesir5xhnvgvke53aoju4oru err=HttpError('InvalidRequest: Could not find repo: did:plc:eesir5xhnvgvke53aoju4oru')
2026-03-02T14:35:02Z WARNING bsky_collector_v2.job.index_feed_generators: listRecords failed repo=did:plc:egoxxmvoemiao5zp2mcgl52b err=HttpError('InvalidRequest: Could not find repo: did:plc:egoxxmvoemiao5zp2mcgl52b')
2026-03-02T14:35:07Z WARNING bsky_collector_v2.job.index_feed_generators: listRecords failed repo=did:plc:fj7fhrohftdjijbcx5lhjw6t err=HttpError('InvalidRequest: Could not find repo: did:plc:fj7fhrohftdjijbcx5lhjw6t')
2026-03-02T14:35:09Z WARNING bsky_collector_v2.job.index_feed_generators: listRecords failed repo=did:plc:fylsfq7roqf3axclcesrmajm err=HttpError('InvalidRequest: Could not find repo: did:plc:fylsfq7roqf3axclcesrmajm')
2026-03-02T14:35:12Z WARNING bsky_collector_v2.job.index_feed_generators: listRecords failed repo=did:plc:gklstr3ckqa5eollxbaovtt2 err=HttpError('InvalidRequest: Could not find repo: did:plc:gklstr3ckqa5eollxbaovtt2')
2026-03-02T14:35:14Z WARNING bsky_collector_v2.job.index_feed_generators: listRecords failed repo=did:plc:hfd6dhjw3dwrehc53bwmqgy4 err=HttpError('InvalidRequest: Could not find repo: did:plc:hfd6dhjw3dwrehc53bwmqgy4')
2026-03-02T14:35:22Z WARNING bsky_collector_v2.job.index_feed_generators: listRecords failed repo=did:plc:jjisomcyrbvnwinatebfbrmh err=HttpError('InvalidRequest: Could not find repo: did:plc:jjisomcyrbvnwinatebfbrmh')
2026-03-02T14:35:23Z WARNING bsky_collector_v2.job.index_feed_generators: listRecords failed repo=did:plc:jqi5kr6nhvujgdaekniikdz6 err=HttpError('InvalidRequest: Could not find repo: did:plc:jqi5kr6nhvujgdaekniikdz6')
2026-03-02T14:35:28Z WARNING bsky_collector_v2.job.index_feed_generators: listRecords failed repo=did:plc:lwotz7swocmqwsxgse7ywd2k err=HttpError('InvalidRequest: Could not find repo: did:plc:lwotz7swocmqwsxgse7ywd2k')
2026-03-02T14:35:28Z WARNING bsky_collector_v2.job.index_feed_generators: listRecords failed repo=did:plc:m2xxudifdf5eupmvrqhy4nze err=HttpError('InvalidRequest: Could not find repo: did:plc:m2xxudifdf5eupmvrqhy4nze')
2026-03-02T14:35:30Z WARNING bsky_collector_v2.job.index_feed_generators: listRecords failed repo=did:plc:mrb7viwy256xdhapf33m3axw err=HttpError('InvalidRequest: Could not find repo: did:plc:mrb7viwy256xdhapf33m3axw')
2026-03-02T14:35:43Z WARNING bsky_collector_v2.job.index_feed_generators: listRecords failed repo=did:plc:qvh7disdmmnroutimplx2yqp err=HttpError('InvalidRequest: Could not find repo: did:plc:qvh7disdmmnroutimplx2yqp')
2026-03-02T14:35:43Z WARNING bsky_collector_v2.job.index_feed_generators: listRecords failed repo=did:plc:qyewfti4olifx7iorzo7wpos err=HttpError('InvalidRequest: Could not find repo: did:plc:qyewfti4olifx7iorzo7wpos')
2026-03-02T14:35:44Z WARNING bsky_collector_v2.job.index_feed_generators: listRecords failed repo=did:plc:ro5triqywkwixkinm4ybkv4w err=HttpError('InvalidRequest: Could not find repo: did:plc:ro5triqywkwixkinm4ybkv4w')
2026-03-02T14:35:45Z WARNING bsky_collector_v2.job.index_feed_generators: listRecords failed repo=did:plc:scyw3tkp4gkx27vj6vn45zuc err=HttpError('InvalidRequest: Could not find repo: did:plc:scyw3tkp4gkx27vj6vn45zuc')
2026-03-02T14:35:46Z WARNING bsky_collector_v2.job.index_feed_generators: listRecords failed repo=did:plc:sst3qjhcc4rtfl6vvf7m7jwy err=HttpError('InvalidRequest: Could not find repo: did:plc:sst3qjhcc4rtfl6vvf7m7jwy')
2026-03-02T14:35:48Z WARNING bsky_collector_v2.job.index_feed_generators: listRecords failed repo=did:plc:tmnrbi3zlfntjokmihrankjg err=HttpError('InvalidRequest: Could not find repo: did:plc:tmnrbi3zlfntjokmihrankjg')
2026-03-02T14:35:50Z WARNING bsky_collector_v2.job.index_feed_generators: listRecords failed repo=did:plc:uijwad7yuwztdg7zbtzj647d err=HttpError('InvalidRequest: Could not find repo: did:plc:uijwad7yuwztdg7zbtzj647d')
2026-03-02T14:35:54Z WARNING bsky_collector_v2.job.index_feed_generators: listRecords failed repo=did:plc:vpiedagklyspax2n7mkryhqz err=HttpError('InvalidRequest: Could not find repo: did:plc:vpiedagklyspax2n7mkryhqz')
2026-03-02T14:35:57Z WARNING bsky_collector_v2.job.index_feed_generators: listRecords failed repo=did:plc:wefa33v25wjk2obtlsu3kxjw err=HttpError('InvalidRequest: Could not find repo: did:plc:wefa33v25wjk2obtlsu3kxjw')
2026-03-02T14:36:00Z WARNING bsky_collector_v2.job.index_feed_generators: listRecords failed repo=did:plc:wxjkgxkivvd44p43n73aivw5 err=HttpError('InvalidRequest: Could not find repo: did:plc:wxjkgxkivvd44p43n73aivw5')
2026-03-02T14:36:00Z WARNING bsky_collector_v2.job.index_feed_generators: listRecords failed repo=did:plc:x6tkwe55t6l7fnmjrvkqjqli err=HttpError('InvalidRequest: Could not find repo: did:plc:x6tkwe55t6l7fnmjrvkqjqli')
2026-03-02T14:36:00Z WARNING bsky_collector_v2.job.index_feed_generators: listRecords failed repo=did:plc:xajwmnxskrp4cqxf3dglzhmz err=HttpError('InvalidRequest: Could not find repo: did:plc:xajwmnxskrp4cqxf3dglzhmz')
2026-03-02T14:36:05Z WARNING bsky_collector_v2.job.index_feed_generators: listRecords failed repo=did:plc:yzxfx3ejp34s55obfavqohaj err=HttpError('InvalidRequest: Could not find repo: did:plc:yzxfx3ejp34s55obfavqohaj')
2026-03-02T14:36:09Z WARNING bsky_collector_v2.job.index_feed_generators: listRecords failed repo=did:plc:3fhzltqzhbnj53pjpxebwpeo err=HttpError('InvalidRequest: Could not find repo: did:plc:3fhzltqzhbnj53pjpxebwpeo')
2026-03-02T14:36:09Z WARNING bsky_collector_v2.job.index_feed_generators: listRecords failed repo=did:plc:3vwgpdxz2xccit5hawvqj5xq err=HttpError('InvalidRequest: Could not find repo: did:plc:3vwgpdxz2xccit5hawvqj5xq')
2026-03-02T14:36:09Z WARNING bsky_collector_v2.job.index_feed_generators: listRecords failed repo=did:plc:7fsgtlc7upz45l5ists2uqt4 err=HttpError('InvalidRequest: Could not find repo: did:plc:7fsgtlc7upz45l5ists2uqt4')
2026-03-02T14:36:09Z WARNING bsky_collector_v2.job.index_feed_generators: listRecords failed repo=did:plc:7no3h66nt3ipbxzff4trzf45 err=HttpError('InvalidRequest: Could not find repo: did:plc:7no3h66nt3ipbxzff4trzf45')
2026-03-02T14:36:09Z WARNING bsky_collector_v2.job.index_feed_generators: listRecords failed repo=did:plc:7xnr5dyt5nq2zmxu3leug42u err=HttpError('InvalidRequest: Could not find repo: did:plc:7xnr5dyt5nq2zmxu3leug42u')
2026-03-02T14:36:09Z WARNING bsky_collector_v2.job.index_feed_generators: listRecords failed repo=did:plc:acatvnt35zacrdde3mn7jodh err=HttpError('InvalidRequest: Could not find repo: did:plc:acatvnt35zacrdde3mn7jodh')
2026-03-02T14:36:09Z WARNING bsky_collector_v2.job.index_feed_generators: listRecords failed repo=did:plc:ctirld45ikcqty76tpbev7i4 err=HttpError('InvalidRequest: Could not find repo: did:plc:ctirld45ikcqty76tpbev7i4')
2026-03-02T14:36:09Z WARNING bsky_collector_v2.job.index_feed_generators: listRecords failed repo=did:plc:eeaxx6sa73l77wv5ziyddjry err=HttpError('InvalidRequest: Could not find repo: did:plc:eeaxx6sa73l77wv5ziyddjry')
2026-03-02T14:36:09Z WARNING bsky_collector_v2.job.index_feed_generators: listRecords failed repo=did:plc:eesir5xhnvgvke53aoju4oru err=HttpError('InvalidRequest: Could not find repo: did:plc:eesir5xhnvgvke53aoju4oru')
2026-03-02T14:36:09Z WARNING bsky_collector_v2.job.index_feed_generators: listRecords failed repo=did:plc:egoxxmvoemiao5zp2mcgl52b err=HttpError('InvalidRequest: Could not find repo: did:plc:egoxxmvoemiao5zp2mcgl52b')
2026-03-02T14:36:10Z WARNING bsky_collector_v2.job.index_feed_generators: listRecords failed repo=did:plc:fj7fhrohftdjijbcx5lhjw6t err=HttpError('InvalidRequest: Could not find repo: did:plc:fj7fhrohftdjijbcx5lhjw6t')
2026-03-02T14:36:10Z WARNING bsky_collector_v2.job.index_feed_generators: listRecords failed repo=did:plc:fylsfq7roqf3axclcesrmajm err=HttpError('InvalidRequest: Could not find repo: did:plc:fylsfq7roqf3axclcesrmajm')
2026-03-02T14:36:10Z WARNING bsky_collector_v2.job.index_feed_generators: listRecords failed repo=did:plc:gklstr3ckqa5eollxbaovtt2 err=HttpError('InvalidRequest: Could not find repo: did:plc:gklstr3ckqa5eollxbaovtt2')
2026-03-02T14:36:10Z WARNING bsky_collector_v2.job.index_feed_generators: listRecords failed repo=did:plc:hfd6dhjw3dwrehc53bwmqgy4 err=HttpError('InvalidRequest: Could not find repo: did:plc:hfd6dhjw3dwrehc53bwmqgy4')
2026-03-02T14:36:10Z WARNING bsky_collector_v2.job.index_feed_generators: listRecords failed repo=did:plc:jjisomcyrbvnwinatebfbrmh err=HttpError('InvalidRequest: Could not find repo: did:plc:jjisomcyrbvnwinatebfbrmh')
2026-03-02T14:36:10Z WARNING bsky_collector_v2.job.index_feed_generators: listRecords failed repo=did:plc:jqi5kr6nhvujgdaekniikdz6 err=HttpError('InvalidRequest: Could not find repo: did:plc:jqi5kr6nhvujgdaekniikdz6')
2026-03-02T14:36:10Z WARNING bsky_collector_v2.job.index_feed_generators: listRecords failed repo=did:plc:lwotz7swocmqwsxgse7ywd2k err=HttpError('InvalidRequest: Could not find repo: did:plc:lwotz7swocmqwsxgse7ywd2k')
2026-03-02T14:36:10Z WARNING bsky_collector_v2.job.index_feed_generators: listRecords failed repo=did:plc:m2xxudifdf5eupmvrqhy4nze err=HttpError('InvalidRequest: Could not find repo: did:plc:m2xxudifdf5eupmvrqhy4nze')
2026-03-02T14:36:10Z WARNING bsky_collector_v2.job.index_feed_generators: listRecords failed repo=did:plc:mrb7viwy256xdhapf33m3axw err=HttpError('InvalidRequest: Could not find repo: did:plc:mrb7viwy256xdhapf33m3axw')
2026-03-02T14:36:10Z WARNING bsky_collector_v2.job.index_feed_generators: listRecords failed repo=did:plc:qvh7disdmmnroutimplx2yqp err=HttpError('InvalidRequest: Could not find repo: did:plc:qvh7disdmmnroutimplx2yqp')
2026-03-02T14:36:10Z WARNING bsky_collector_v2.job.index_feed_generators: listRecords failed repo=did:plc:qyewfti4olifx7iorzo7wpos err=HttpError('InvalidRequest: Could not find repo: did:plc:qyewfti4olifx7iorzo7wpos')
2026-03-02T14:36:10Z WARNING bsky_collector_v2.job.index_feed_generators: listRecords failed repo=did:plc:ro5triqywkwixkinm4ybkv4w err=HttpError('InvalidRequest: Could not find repo: did:plc:ro5triqywkwixkinm4ybkv4w')
2026-03-02T14:36:10Z WARNING bsky_collector_v2.job.index_feed_generators: listRecords failed repo=did:plc:scyw3tkp4gkx27vj6vn45zuc err=HttpError('InvalidRequest: Could not find repo: did:plc:scyw3tkp4gkx27vj6vn45zuc')
2026-03-02T14:36:11Z WARNING bsky_collector_v2.job.index_feed_generators: listRecords failed repo=did:plc:sst3qjhcc4rtfl6vvf7m7jwy err=HttpError('InvalidRequest: Could not find repo: did:plc:sst3qjhcc4rtfl6vvf7m7jwy')
2026-03-02T14:36:11Z WARNING bsky_collector_v2.job.index_feed_generators: listRecords failed repo=did:plc:tmnrbi3zlfntjokmihrankjg err=HttpError('InvalidRequest: Could not find repo: did:plc:tmnrbi3zlfntjokmihrankjg')
2026-03-02T14:36:11Z WARNING bsky_collector_v2.job.index_feed_generators: listRecords failed repo=did:plc:uijwad7yuwztdg7zbtzj647d err=HttpError('InvalidRequest: Could not find repo: did:plc:uijwad7yuwztdg7zbtzj647d')
2026-03-02T14:36:11Z WARNING bsky_collector_v2.job.index_feed_generators: listRecords failed repo=did:plc:vpiedagklyspax2n7mkryhqz err=HttpError('InvalidRequest: Could not find repo: did:plc:vpiedagklyspax2n7mkryhqz')
2026-03-02T14:36:11Z WARNING bsky_collector_v2.job.index_feed_generators: listRecords failed repo=did:plc:wefa33v25wjk2obtlsu3kxjw err=HttpError('InvalidRequest: Could not find repo: did:plc:wefa33v25wjk2obtlsu3kxjw')
2026-03-02T14:36:11Z WARNING bsky_collector_v2.job.index_feed_generators: listRecords failed repo=did:plc:wxjkgxkivvd44p43n73aivw5 err=HttpError('InvalidRequest: Could not find repo: did:plc:wxjkgxkivvd44p43n73aivw5')
2026-03-02T14:36:11Z WARNING bsky_collector_v2.job.index_feed_generators: listRecords failed repo=did:plc:x6tkwe55t6l7fnmjrvkqjqli err=HttpError('InvalidRequest: Could not find repo: did:plc:x6tkwe55t6l7fnmjrvkqjqli')
2026-03-02T14:36:11Z WARNING bsky_collector_v2.job.index_feed_generators: listRecords failed repo=did:plc:xajwmnxskrp4cqxf3dglzhmz err=HttpError('InvalidRequest: Could not find repo: did:plc:xajwmnxskrp4cqxf3dglzhmz')
2026-03-02T14:36:11Z WARNING bsky_collector_v2.job.index_feed_generators: listRecords failed repo=did:plc:yzxfx3ejp34s55obfavqohaj err=HttpError('InvalidRequest: Could not find repo: did:plc:yzxfx3ejp34s55obfavqohaj')
2026-03-02T14:36:11Z WARNING bsky_collector_v2.job.index_feed_generators: listRecords failed repo=did:plc:3fhzltqzhbnj53pjpxebwpeo err=HttpError('InvalidRequest: Could not find repo: did:plc:3fhzltqzhbnj53pjpxebwpeo')
2026-03-02T14:36:11Z WARNING bsky_collector_v2.job.index_feed_generators: listRecords failed repo=did:plc:3vwgpdxz2xccit5hawvqj5xq err=HttpError('InvalidRequest: Could not find repo: did:plc:3vwgpdxz2xccit5hawvqj5xq')
2026-03-02T14:36:11Z WARNING bsky_collector_v2.job.index_feed_generators: listRecords failed repo=did:plc:7fsgtlc7upz45l5ists2uqt4 err=HttpError('InvalidRequest: Could not find repo: did:plc:7fsgtlc7upz45l5ists2uqt4')
2026-03-02T14:36:11Z WARNING bsky_collector_v2.job.index_feed_generators: listRecords failed repo=did:plc:7no3h66nt3ipbxzff4trzf45 err=HttpError('InvalidRequest: Could not find repo: did:plc:7no3h66nt3ipbxzff4trzf45')
2026-03-02T14:36:12Z WARNING bsky_collector_v2.job.index_feed_generators: listRecords failed repo=did:plc:7xnr5dyt5nq2zmxu3leug42u err=HttpError('InvalidRequest: Could not find repo: did:plc:7xnr5dyt5nq2zmxu3leug42u')
2026-03-02T14:36:12Z WARNING bsky_collector_v2.job.index_feed_generators: listRecords failed repo=did:plc:acatvnt35zacrdde3mn7jodh err=HttpError('InvalidRequest: Could not find repo: did:plc:acatvnt35zacrdde3mn7jodh')
2026-03-02T14:36:12Z WARNING bsky_collector_v2.job.index_feed_generators: listRecords failed repo=did:plc:ctirld45ikcqty76tpbev7i4 err=HttpError('InvalidRequest: Could not find repo: did:plc:ctirld45ikcqty76tpbev7i4')
2026-03-02T14:36:12Z WARNING bsky_collector_v2.job.index_feed_generators: listRecords failed repo=did:plc:eeaxx6sa73l77wv5ziyddjry err=HttpError('InvalidRequest: Could not find repo: did:plc:eeaxx6sa73l77wv5ziyddjry')
2026-03-02T14:36:12Z WARNING bsky_collector_v2.job.index_feed_generators: listRecords failed repo=did:plc:eesir5xhnvgvke53aoju4oru err=HttpError('InvalidRequest: Could not find repo: did:plc:eesir5xhnvgvke53aoju4oru')
2026-03-02T14:36:12Z WARNING bsky_collector_v2.job.index_feed_generators: listRecords failed repo=did:plc:egoxxmvoemiao5zp2mcgl52b err=HttpError('InvalidRequest: Could not find repo: did:plc:egoxxmvoemiao5zp2mcgl52b')
2026-03-02T14:36:12Z WARNING bsky_collector_v2.job.index_feed_generators: listRecords failed repo=did:plc:fj7fhrohftdjijbcx5lhjw6t err=HttpError('InvalidRequest: Could not find repo: did:plc:fj7fhrohftdjijbcx5lhjw6t')
2026-03-02T14:36:12Z WARNING bsky_collector_v2.job.index_feed_generators: listRecords failed repo=did:plc:fylsfq7roqf3axclcesrmajm err=HttpError('InvalidRequest: Could not find repo: did:plc:fylsfq7roqf3axclcesrmajm')
2026-03-02T14:36:12Z WARNING bsky_collector_v2.job.index_feed_generators: listRecords failed repo=did:plc:gklstr3ckqa5eollxbaovtt2 err=HttpError('InvalidRequest: Could not find repo: did:plc:gklstr3ckqa5eollxbaovtt2')
2026-03-02T14:36:12Z WARNING bsky_collector_v2.job.index_feed_generators: listRecords failed repo=did:plc:hfd6dhjw3dwrehc53bwmqgy4 err=HttpError('InvalidRequest: Could not find repo: did:plc:hfd6dhjw3dwrehc53bwmqgy4')
2026-03-02T14:36:12Z WARNING bsky_collector_v2.job.index_feed_generators: listRecords failed repo=did:plc:jjisomcyrbvnwinatebfbrmh err=HttpError('InvalidRequest: Could not find repo: did:plc:jjisomcyrbvnwinatebfbrmh')
2026-03-02T14:36:12Z WARNING bsky_collector_v2.job.index_feed_generators: listRecords failed repo=did:plc:jqi5kr6nhvujgdaekniikdz6 err=HttpError('InvalidRequest: Could not find repo: did:plc:jqi5kr6nhvujgdaekniikdz6')
2026-03-02T14:36:12Z WARNING bsky_collector_v2.job.index_feed_generators: listRecords failed repo=did:plc:lwotz7swocmqwsxgse7ywd2k err=HttpError('InvalidRequest: Could not find repo: did:plc:lwotz7swocmqwsxgse7ywd2k')
2026-03-02T14:36:12Z WARNING bsky_collector_v2.job.index_feed_generators: listRecords failed repo=did:plc:m2xxudifdf5eupmvrqhy4nze err=HttpError('InvalidRequest: Could not find repo: did:plc:m2xxudifdf5eupmvrqhy4nze')
2026-03-02T14:36:13Z WARNING bsky_collector_v2.job.index_feed_generators: listRecords failed repo=did:plc:mrb7viwy256xdhapf33m3axw err=HttpError('InvalidRequest: Could not find repo: did:plc:mrb7viwy256xdhapf33m3axw')
2026-03-02T14:36:13Z WARNING bsky_collector_v2.job.index_feed_generators: listRecords failed repo=did:plc:qvh7disdmmnroutimplx2yqp err=HttpError('InvalidRequest: Could not find repo: did:plc:qvh7disdmmnroutimplx2yqp')
2026-03-02T14:36:13Z WARNING bsky_collector_v2.job.index_feed_generators: listRecords failed repo=did:plc:qyewfti4olifx7iorzo7wpos err=HttpError('InvalidRequest: Could not find repo: did:plc:qyewfti4olifx7iorzo7wpos')
2026-03-02T14:36:13Z WARNING bsky_collector_v2.job.index_feed_generators: listRecords failed repo=did:plc:ro5triqywkwixkinm4ybkv4w err=HttpError('InvalidRequest: Could not find repo: did:plc:ro5triqywkwixkinm4ybkv4w')
2026-03-02T14:36:13Z WARNING bsky_collector_v2.job.index_feed_generators: listRecords failed repo=did:plc:scyw3tkp4gkx27vj6vn45zuc err=HttpError('InvalidRequest: Could not find repo: did:plc:scyw3tkp4gkx27vj6vn45zuc')
2026-03-02T14:36:13Z WARNING bsky_collector_v2.job.index_feed_generators: listRecords failed repo=did:plc:sst3qjhcc4rtfl6vvf7m7jwy err=HttpError('InvalidRequest: Could not find repo: did:plc:sst3qjhcc4rtfl6vvf7m7jwy')
2026-03-02T14:36:13Z WARNING bsky_collector_v2.job.index_feed_generators: listRecords failed repo=did:plc:tmnrbi3zlfntjokmihrankjg err=HttpError('InvalidRequest: Could not find repo: did:plc:tmnrbi3zlfntjokmihrankjg')
2026-03-02T14:36:13Z WARNING bsky_collector_v2.job.index_feed_generators: listRecords failed repo=did:plc:uijwad7yuwztdg7zbtzj647d err=HttpError('InvalidRequest: Could not find repo: did:plc:uijwad7yuwztdg7zbtzj647d')
2026-03-02T14:36:13Z WARNING bsky_collector_v2.job.index_feed_generators: listRecords failed repo=did:plc:vpiedagklyspax2n7mkryhqz err=HttpError('InvalidRequest: Could not find repo: did:plc:vpiedagklyspax2n7mkryhqz')
2026-03-02T14:36:13Z WARNING bsky_collector_v2.job.index_feed_generators: listRecords failed repo=did:plc:wefa33v25wjk2obtlsu3kxjw err=HttpError('InvalidRequest: Could not find repo: did:plc:wefa33v25wjk2obtlsu3kxjw')
2026-03-02T14:36:13Z WARNING bsky_collector_v2.job.index_feed_generators: listRecords failed repo=did:plc:wxjkgxkivvd44p43n73aivw5 err=HttpError('InvalidRequest: Could not find repo: did:plc:wxjkgxkivvd44p43n73aivw5')
2026-03-02T14:36:13Z WARNING bsky_collector_v2.job.index_feed_generators: listRecords failed repo=did:plc:x6tkwe55t6l7fnmjrvkqjqli err=HttpError('InvalidRequest: Could not find repo: did:plc:x6tkwe55t6l7fnmjrvkqjqli')
2026-03-02T14:36:13Z WARNING bsky_collector_v2.job.index_feed_generators: listRecords failed repo=did:plc:xajwmnxskrp4cqxf3dglzhmz err=HttpError('InvalidRequest: Could not find repo: did:plc:xajwmnxskrp4cqxf3dglzhmz')
2026-03-02T14:36:13Z WARNING bsky_collector_v2.job.index_feed_generators: listRecords failed repo=did:plc:yzxfx3ejp34s55obfavqohaj err=HttpError('InvalidRequest: Could not find repo: did:plc:yzxfx3ejp34s55obfavqohaj')
2026-03-02T14:36:14Z INFO bsky_collector_v2.job.index_feed_generators: enqueued repos page=17 mode=listRepos inserted=500 repos_returned=500 next_cursor=set
2026-03-02T14:36:18Z WARNING bsky_collector_v2.job.index_feed_generators: listRecords failed repo=did:plc:3ldgwpsuofvuo3ssyqs2p73u err=HttpError('InvalidRequest: Could not find repo: did:plc:3ldgwpsuofvuo3ssyqs2p73u')
2026-03-02T14:36:18Z WARNING bsky_collector_v2.job.index_feed_generators: listRecords failed repo=did:plc:3vj4cx3y266wzathawgdtgs5 err=HttpError('InvalidRequest: Could not find repo: did:plc:3vj4cx3y266wzathawgdtgs5')
2026-03-02T14:36:19Z WARNING bsky_collector_v2.job.index_feed_generators: listRecords failed repo=did:plc:42grdxvdsbp76tphxrqiw7ku err=HttpError('InvalidRequest: Could not find repo: did:plc:42grdxvdsbp76tphxrqiw7ku')
2026-03-02T14:36:22Z WARNING bsky_collector_v2.job.index_feed_generators: listRecords failed repo=did:plc:4wqo3pe2obfnutqoakqqygho err=HttpError('InvalidRequest: Could not find repo: did:plc:4wqo3pe2obfnutqoakqqygho')
2026-03-02T14:36:23Z WARNING bsky_collector_v2.job.index_feed_generators: listRecords failed repo=did:plc:5hv2xctjgbylzpocswvj6uj4 err=HttpError('InvalidRequest: Could not find repo: did:plc:5hv2xctjgbylzpocswvj6uj4')
2026-03-02T14:36:24Z WARNING bsky_collector_v2.job.index_feed_generators: listRecords failed repo=did:plc:5jkvkzuhptvpqrm53sy76pvl err=HttpError('InvalidRequest: Could not find repo: did:plc:5jkvkzuhptvpqrm53sy76pvl')
2026-03-02T14:36:26Z WARNING bsky_collector_v2.job.index_feed_generators: listRecords failed repo=did:plc:6e46x4qgfl76ad2ykljcsv2a err=HttpError('InvalidRequest: Could not find repo: did:plc:6e46x4qgfl76ad2ykljcsv2a')
2026-03-02T14:36:26Z WARNING bsky_collector_v2.job.index_feed_generators: listRecords failed repo=did:plc:6fosc7d4rpvity6fkecxtlhg err=HttpError('InvalidRequest: Could not find repo: did:plc:6fosc7d4rpvity6fkecxtlhg')
2026-03-02T14:36:31Z WARNING bsky_collector_v2.job.index_feed_generators: listRecords failed repo=did:plc:aoxn72muijkwzkjplyttspk7 err=HttpError('InvalidRequest: Could not find repo: did:plc:aoxn72muijkwzkjplyttspk7')
2026-03-02T14:36:35Z WARNING bsky_collector_v2.job.index_feed_generators: listRecords failed repo=did:plc:bu2k6z37pctxmd4xfyv45ucn err=HttpError('InvalidRequest: Could not find repo: did:plc:bu2k6z37pctxmd4xfyv45ucn')
2026-03-02T14:36:38Z WARNING bsky_collector_v2.job.index_feed_generators: listRecords failed repo=did:plc:cvqaewdu4mqxz2paztzor5lj err=HttpError('InvalidRequest: Could not find repo: did:plc:cvqaewdu4mqxz2paztzor5lj')
2026-03-02T14:36:40Z WARNING bsky_collector_v2.job.index_feed_generators: listRecords failed repo=did:plc:dceowgja24dflay2bx5okadu err=HttpError('InvalidRequest: Could not find repo: did:plc:dceowgja24dflay2bx5okadu')
2026-03-02T14:36:43Z WARNING bsky_collector_v2.job.index_feed_generators: listRecords failed repo=did:plc:e6ialpy6laodezzdoeupb44e err=HttpError('InvalidRequest: Could not find repo: did:plc:e6ialpy6laodezzdoeupb44e')
2026-03-02T14:36:43Z WARNING bsky_collector_v2.job.index_feed_generators: listRecords failed repo=did:plc:efq7jsjgzeg43jyvhkizn2kj err=HttpError('InvalidRequest: Could not find repo: did:plc:efq7jsjgzeg43jyvhkizn2kj')
2026-03-02T14:36:57Z WARNING bsky_collector_v2.job.index_feed_generators: listRecords failed repo=did:plc:izo7ov2k4bgjpznldwch6w2w err=HttpError('InvalidRequest: Could not find repo: did:plc:izo7ov2k4bgjpznldwch6w2w')
2026-03-02T14:37:00Z WARNING bsky_collector_v2.job.index_feed_generators: listRecords failed repo=did:plc:jntsfmpggbk2eprts5uhpo6x err=HttpError('InvalidRequest: Could not find repo: did:plc:jntsfmpggbk2eprts5uhpo6x')
2026-03-02T14:37:00Z WARNING bsky_collector_v2.job.index_feed_generators: listRecords failed repo=did:plc:jxvhzp4qfirwwe2np5rlzqlg err=HttpError('InvalidRequest: Could not find repo: did:plc:jxvhzp4qfirwwe2np5rlzqlg')
2026-03-02T14:37:02Z WARNING bsky_collector_v2.job.index_feed_generators: listRecords failed repo=did:plc:kejslu7mccqwpa2efsz5ko6w err=HttpError('InvalidRequest: Could not find repo: did:plc:kejslu7mccqwpa2efsz5ko6w')
2026-03-02T14:37:04Z WARNING bsky_collector_v2.job.index_feed_generators: listRecords failed repo=did:plc:kwk3737ezgqyjkehglefeuoa err=HttpError('InvalidRequest: Could not find repo: did:plc:kwk3737ezgqyjkehglefeuoa')
2026-03-02T14:37:05Z WARNING bsky_collector_v2.job.index_feed_generators: listRecords failed repo=did:plc:ldm2765iewgjrp524inmwmtj err=HttpError('InvalidRequest: Could not find repo: did:plc:ldm2765iewgjrp524inmwmtj')
2026-03-02T14:37:15Z WARNING bsky_collector_v2.job.index_feed_generators: listRecords failed repo=did:plc:otql6z6hs7d2clw3iehserop err=HttpError('InvalidRequest: Could not find repo: did:plc:otql6z6hs7d2clw3iehserop')
2026-03-02T14:37:16Z WARNING bsky_collector_v2.job.index_feed_generators: listRecords failed repo=did:plc:peipkuzonst3l72y4ytd6mla err=HttpError('InvalidRequest: Could not find repo: did:plc:peipkuzonst3l72y4ytd6mla')
2026-03-02T14:37:17Z WARNING bsky_collector_v2.job.index_feed_generators: listRecords failed repo=did:plc:pq22a6ej75lcxkzccgxc3auc err=HttpError('InvalidRequest: Could not find repo: did:plc:pq22a6ej75lcxkzccgxc3auc')
2026-03-02T14:37:17Z WARNING bsky_collector_v2.job.index_feed_generators: listRecords failed repo=did:plc:pv5uh4ymu53i474kzlwlkjqc err=HttpError('InvalidRequest: Could not find repo: did:plc:pv5uh4ymu53i474kzlwlkjqc')
2026-03-02T14:37:20Z WARNING bsky_collector_v2.job.index_feed_generators: listRecords failed repo=did:plc:ql5xwyo2sf7qq6zb2hrwetol err=HttpError('InvalidRequest: Could not find repo: did:plc:ql5xwyo2sf7qq6zb2hrwetol')
2026-03-02T14:37:24Z WARNING bsky_collector_v2.job.index_feed_generators: listRecords failed repo=did:plc:rmka2uaizjgkn5gzknyvk3ph err=HttpError('InvalidRequest: Could not find repo: did:plc:rmka2uaizjgkn5gzknyvk3ph')
2026-03-02T14:37:35Z WARNING bsky_collector_v2.job.index_feed_generators: listRecords failed repo=did:plc:uiwddrbttqbejhbigjksg2af err=HttpError('InvalidRequest: Could not find repo: did:plc:uiwddrbttqbejhbigjksg2af')
2026-03-02T14:37:43Z WARNING bsky_collector_v2.job.index_feed_generators: listRecords failed repo=did:plc:wc6g6kp6ynfnfgklim3mbbqk err=HttpError('InvalidRequest: Could not find repo: did:plc:wc6g6kp6ynfnfgklim3mbbqk')
2026-03-02T14:37:44Z WARNING bsky_collector_v2.job.index_feed_generators: listRecords failed repo=did:plc:wm25rvhniky6patzw425bwic err=HttpError('InvalidRequest: Could not find repo: did:plc:wm25rvhniky6patzw425bwic')
2026-03-02T14:37:47Z WARNING bsky_collector_v2.job.index_feed_generators: listRecords failed repo=did:plc:xjmqdlrxz2puvbrzi5p6idfu err=HttpError('InvalidRequest: Could not find repo: did:plc:xjmqdlrxz2puvbrzi5p6idfu')
2026-03-02T14:37:57Z WARNING bsky_collector_v2.job.index_feed_generators: listRecords failed repo=did:plc:3ldgwpsuofvuo3ssyqs2p73u err=HttpError('InvalidRequest: Could not find repo: did:plc:3ldgwpsuofvuo3ssyqs2p73u')
2026-03-02T14:37:57Z WARNING bsky_collector_v2.job.index_feed_generators: listRecords failed repo=did:plc:3vj4cx3y266wzathawgdtgs5 err=HttpError('InvalidRequest: Could not find repo: did:plc:3vj4cx3y266wzathawgdtgs5')
2026-03-02T14:37:57Z WARNING bsky_collector_v2.job.index_feed_generators: listRecords failed repo=did:plc:42grdxvdsbp76tphxrqiw7ku err=HttpError('InvalidRequest: Could not find repo: did:plc:42grdxvdsbp76tphxrqiw7ku')
2026-03-02T14:37:57Z WARNING bsky_collector_v2.job.index_feed_generators: listRecords failed repo=did:plc:4wqo3pe2obfnutqoakqqygho err=HttpError('InvalidRequest: Could not find repo: did:plc:4wqo3pe2obfnutqoakqqygho')
2026-03-02T14:37:57Z WARNING bsky_collector_v2.job.index_feed_generators: listRecords failed repo=did:plc:5hv2xctjgbylzpocswvj6uj4 err=HttpError('InvalidRequest: Could not find repo: did:plc:5hv2xctjgbylzpocswvj6uj4')
2026-03-02T14:37:57Z WARNING bsky_collector_v2.job.index_feed_generators: listRecords failed repo=did:plc:5jkvkzuhptvpqrm53sy76pvl err=HttpError('InvalidRequest: Could not find repo: did:plc:5jkvkzuhptvpqrm53sy76pvl')
2026-03-02T14:37:57Z WARNING bsky_collector_v2.job.index_feed_generators: listRecords failed repo=did:plc:6e46x4qgfl76ad2ykljcsv2a err=HttpError('InvalidRequest: Could not find repo: did:plc:6e46x4qgfl76ad2ykljcsv2a')
2026-03-02T14:37:57Z WARNING bsky_collector_v2.job.index_feed_generators: listRecords failed repo=did:plc:6fosc7d4rpvity6fkecxtlhg err=HttpError('InvalidRequest: Could not find repo: did:plc:6fosc7d4rpvity6fkecxtlhg')
2026-03-02T14:37:57Z WARNING bsky_collector_v2.job.index_feed_generators: listRecords failed repo=did:plc:aoxn72muijkwzkjplyttspk7 err=HttpError('InvalidRequest: Could not find repo: did:plc:aoxn72muijkwzkjplyttspk7')
2026-03-02T14:37:57Z WARNING bsky_collector_v2.job.index_feed_generators: listRecords failed repo=did:plc:bu2k6z37pctxmd4xfyv45ucn err=HttpError('InvalidRequest: Could not find repo: did:plc:bu2k6z37pctxmd4xfyv45ucn')
2026-03-02T14:37:58Z WARNING bsky_collector_v2.job.index_feed_generators: listRecords failed repo=did:plc:cvqaewdu4mqxz2paztzor5lj err=HttpError('InvalidRequest: Could not find repo: did:plc:cvqaewdu4mqxz2paztzor5lj')
2026-03-02T14:37:58Z WARNING bsky_collector_v2.job.index_feed_generators: listRecords failed repo=did:plc:dceowgja24dflay2bx5okadu err=HttpError('InvalidRequest: Could not find repo: did:plc:dceowgja24dflay2bx5okadu')
2026-03-02T14:37:58Z WARNING bsky_collector_v2.job.index_feed_generators: listRecords failed repo=did:plc:e6ialpy6laodezzdoeupb44e err=HttpError('InvalidRequest: Could not find repo: did:plc:e6ialpy6laodezzdoeupb44e')
2026-03-02T14:37:58Z WARNING bsky_collector_v2.job.index_feed_generators: listRecords failed repo=did:plc:efq7jsjgzeg43jyvhkizn2kj err=HttpError('InvalidRequest: Could not find repo: did:plc:efq7jsjgzeg43jyvhkizn2kj')
2026-03-02T14:37:58Z WARNING bsky_collector_v2.job.index_feed_generators: listRecords failed repo=did:plc:izo7ov2k4bgjpznldwch6w2w err=HttpError('InvalidRequest: Could not find repo: did:plc:izo7ov2k4bgjpznldwch6w2w')
2026-03-02T14:37:58Z WARNING bsky_collector_v2.job.index_feed_generators: listRecords failed repo=did:plc:jntsfmpggbk2eprts5uhpo6x err=HttpError('InvalidRequest: Could not find repo: did:plc:jntsfmpggbk2eprts5uhpo6x')
2026-03-02T14:37:58Z WARNING bsky_collector_v2.job.index_feed_generators: listRecords failed repo=did:plc:jxvhzp4qfirwwe2np5rlzqlg err=HttpError('InvalidRequest: Could not find repo: did:plc:jxvhzp4qfirwwe2np5rlzqlg')
2026-03-02T14:37:58Z WARNING bsky_collector_v2.job.index_feed_generators: listRecords failed repo=did:plc:kejslu7mccqwpa2efsz5ko6w err=HttpError('InvalidRequest: Could not find repo: did:plc:kejslu7mccqwpa2efsz5ko6w')
2026-03-02T14:37:58Z WARNING bsky_collector_v2.job.index_feed_generators: listRecords failed repo=did:plc:kwk3737ezgqyjkehglefeuoa err=HttpError('InvalidRequest: Could not find repo: did:plc:kwk3737ezgqyjkehglefeuoa')
2026-03-02T14:37:59Z WARNING bsky_collector_v2.job.index_feed_generators: listRecords failed repo=did:plc:ldm2765iewgjrp524inmwmtj err=HttpError('InvalidRequest: Could not find repo: did:plc:ldm2765iewgjrp524inmwmtj')
2026-03-02T14:37:59Z WARNING bsky_collector_v2.job.index_feed_generators: listRecords failed repo=did:plc:otql6z6hs7d2clw3iehserop err=HttpError('InvalidRequest: Could not find repo: did:plc:otql6z6hs7d2clw3iehserop')
2026-03-02T14:37:59Z WARNING bsky_collector_v2.job.index_feed_generators: listRecords failed repo=did:plc:peipkuzonst3l72y4ytd6mla err=HttpError('InvalidRequest: Could not find repo: did:plc:peipkuzonst3l72y4ytd6mla')
2026-03-02T14:37:59Z WARNING bsky_collector_v2.job.index_feed_generators: listRecords failed repo=did:plc:pq22a6ej75lcxkzccgxc3auc err=HttpError('InvalidRequest: Could not find repo: did:plc:pq22a6ej75lcxkzccgxc3auc')
2026-03-02T14:37:59Z WARNING bsky_collector_v2.job.index_feed_generators: listRecords failed repo=did:plc:pv5uh4ymu53i474kzlwlkjqc err=HttpError('InvalidRequest: Could not find repo: did:plc:pv5uh4ymu53i474kzlwlkjqc')
2026-03-02T14:37:59Z WARNING bsky_collector_v2.job.index_feed_generators: listRecords failed repo=did:plc:ql5xwyo2sf7qq6zb2hrwetol err=HttpError('InvalidRequest: Could not find repo: did:plc:ql5xwyo2sf7qq6zb2hrwetol')
2026-03-02T14:37:59Z WARNING bsky_collector_v2.job.index_feed_generators: listRecords failed repo=did:plc:rmka2uaizjgkn5gzknyvk3ph err=HttpError('InvalidRequest: Could not find repo: did:plc:rmka2uaizjgkn5gzknyvk3ph')
2026-03-02T14:37:59Z WARNING bsky_collector_v2.job.index_feed_generators: listRecords failed repo=did:plc:uiwddrbttqbejhbigjksg2af err=HttpError('InvalidRequest: Could not find repo: did:plc:uiwddrbttqbejhbigjksg2af')
2026-03-02T14:37:59Z WARNING bsky_collector_v2.job.index_feed_generators: listRecords failed repo=did:plc:wc6g6kp6ynfnfgklim3mbbqk err=HttpError('InvalidRequest: Could not find repo: did:plc:wc6g6kp6ynfnfgklim3mbbqk')
2026-03-02T14:38:00Z WARNING bsky_collector_v2.job.index_feed_generators: listRecords failed repo=did:plc:wm25rvhniky6patzw425bwic err=HttpError('InvalidRequest: Could not find repo: did:plc:wm25rvhniky6patzw425bwic')
2026-03-02T14:38:00Z WARNING bsky_collector_v2.job.index_feed_generators: listRecords failed repo=did:plc:xjmqdlrxz2puvbrzi5p6idfu err=HttpError('InvalidRequest: Could not find repo: did:plc:xjmqdlrxz2puvbrzi5p6idfu')
2026-03-02T14:38:00Z WARNING bsky_collector_v2.job.index_feed_generators: listRecords failed repo=did:plc:3ldgwpsuofvuo3ssyqs2p73u err=HttpError('InvalidRequest: Could not find repo: did:plc:3ldgwpsuofvuo3ssyqs2p73u')
2026-03-02T14:38:00Z WARNING bsky_collector_v2.job.index_feed_generators: listRecords failed repo=did:plc:3vj4cx3y266wzathawgdtgs5 err=HttpError('InvalidRequest: Could not find repo: did:plc:3vj4cx3y266wzathawgdtgs5')
2026-03-02T14:38:00Z WARNING bsky_collector_v2.job.index_feed_generators: listRecords failed repo=did:plc:42grdxvdsbp76tphxrqiw7ku err=HttpError('InvalidRequest: Could not find repo: did:plc:42grdxvdsbp76tphxrqiw7ku')
2026-03-02T14:38:00Z WARNING bsky_collector_v2.job.index_feed_generators: listRecords failed repo=did:plc:4wqo3pe2obfnutqoakqqygho err=HttpError('InvalidRequest: Could not find repo: did:plc:4wqo3pe2obfnutqoakqqygho')
2026-03-02T14:38:00Z WARNING bsky_collector_v2.job.index_feed_generators: listRecords failed repo=did:plc:5hv2xctjgbylzpocswvj6uj4 err=HttpError('InvalidRequest: Could not find repo: did:plc:5hv2xctjgbylzpocswvj6uj4')
2026-03-02T14:38:00Z WARNING bsky_collector_v2.job.index_feed_generators: listRecords failed repo=did:plc:5jkvkzuhptvpqrm53sy76pvl err=HttpError('InvalidRequest: Could not find repo: did:plc:5jkvkzuhptvpqrm53sy76pvl')
2026-03-02T14:38:00Z WARNING bsky_collector_v2.job.index_feed_generators: listRecords failed repo=did:plc:6e46x4qgfl76ad2ykljcsv2a err=HttpError('InvalidRequest: Could not find repo: did:plc:6e46x4qgfl76ad2ykljcsv2a')
2026-03-02T14:38:00Z WARNING bsky_collector_v2.job.index_feed_generators: listRecords failed repo=did:plc:6fosc7d4rpvity6fkecxtlhg err=HttpError('InvalidRequest: Could not find repo: did:plc:6fosc7d4rpvity6fkecxtlhg')
2026-03-02T14:38:01Z WARNING bsky_collector_v2.job.index_feed_generators: listRecords failed repo=did:plc:aoxn72muijkwzkjplyttspk7 err=HttpError('InvalidRequest: Could not find repo: did:plc:aoxn72muijkwzkjplyttspk7')
2026-03-02T14:38:01Z WARNING bsky_collector_v2.job.index_feed_generators: listRecords failed repo=did:plc:bu2k6z37pctxmd4xfyv45ucn err=HttpError('InvalidRequest: Could not find repo: did:plc:bu2k6z37pctxmd4xfyv45ucn')
2026-03-02T14:38:01Z WARNING bsky_collector_v2.job.index_feed_generators: listRecords failed repo=did:plc:cvqaewdu4mqxz2paztzor5lj err=HttpError('InvalidRequest: Could not find repo: did:plc:cvqaewdu4mqxz2paztzor5lj')
2026-03-02T14:38:01Z WARNING bsky_collector_v2.job.index_feed_generators: listRecords failed repo=did:plc:dceowgja24dflay2bx5okadu err=HttpError('InvalidRequest: Could not find repo: did:plc:dceowgja24dflay2bx5okadu')
2026-03-02T14:38:01Z WARNING bsky_collector_v2.job.index_feed_generators: listRecords failed repo=did:plc:e6ialpy6laodezzdoeupb44e err=HttpError('InvalidRequest: Could not find repo: did:plc:e6ialpy6laodezzdoeupb44e')
2026-03-02T14:38:01Z WARNING bsky_collector_v2.job.index_feed_generators: listRecords failed repo=did:plc:efq7jsjgzeg43jyvhkizn2kj err=HttpError('InvalidRequest: Could not find repo: did:plc:efq7jsjgzeg43jyvhkizn2kj')
2026-03-02T14:38:01Z WARNING bsky_collector_v2.job.index_feed_generators: listRecords failed repo=did:plc:izo7ov2k4bgjpznldwch6w2w err=HttpError('InvalidRequest: Could not find repo: did:plc:izo7ov2k4bgjpznldwch6w2w')
2026-03-02T14:38:01Z WARNING bsky_collector_v2.job.index_feed_generators: listRecords failed repo=did:plc:jntsfmpggbk2eprts5uhpo6x err=HttpError('InvalidRequest: Could not find repo: did:plc:jntsfmpggbk2eprts5uhpo6x')
2026-03-02T14:38:02Z WARNING bsky_collector_v2.job.index_feed_generators: listRecords failed repo=did:plc:jxvhzp4qfirwwe2np5rlzqlg err=HttpError('InvalidRequest: Could not find repo: did:plc:jxvhzp4qfirwwe2np5rlzqlg')
2026-03-02T14:38:02Z WARNING bsky_collector_v2.job.index_feed_generators: listRecords failed repo=did:plc:kejslu7mccqwpa2efsz5ko6w err=HttpError('InvalidRequest: Could not find repo: did:plc:kejslu7mccqwpa2efsz5ko6w')
2026-03-02T14:38:02Z WARNING bsky_collector_v2.job.index_feed_generators: listRecords failed repo=did:plc:kwk3737ezgqyjkehglefeuoa err=HttpError('InvalidRequest: Could not find repo: did:plc:kwk3737ezgqyjkehglefeuoa')
2026-03-02T14:38:02Z WARNING bsky_collector_v2.job.index_feed_generators: listRecords failed repo=did:plc:ldm2765iewgjrp524inmwmtj err=HttpError('InvalidRequest: Could not find repo: did:plc:ldm2765iewgjrp524inmwmtj')
2026-03-02T14:38:02Z WARNING bsky_collector_v2.job.index_feed_generators: listRecords failed repo=did:plc:otql6z6hs7d2clw3iehserop err=HttpError('InvalidRequest: Could not find repo: did:plc:otql6z6hs7d2clw3iehserop')
2026-03-02T14:38:02Z WARNING bsky_collector_v2.job.index_feed_generators: listRecords failed repo=did:plc:peipkuzonst3l72y4ytd6mla err=HttpError('InvalidRequest: Could not find repo: did:plc:peipkuzonst3l72y4ytd6mla')
2026-03-02T14:38:02Z WARNING bsky_collector_v2.job.index_feed_generators: listRecords failed repo=did:plc:pq22a6ej75lcxkzccgxc3auc err=HttpError('InvalidRequest: Could not find repo: did:plc:pq22a6ej75lcxkzccgxc3auc')
2026-03-02T14:38:02Z WARNING bsky_collector_v2.job.index_feed_generators: listRecords failed repo=did:plc:pv5uh4ymu53i474kzlwlkjqc err=HttpError('InvalidRequest: Could not find repo: did:plc:pv5uh4ymu53i474kzlwlkjqc')
2026-03-02T14:38:02Z WARNING bsky_collector_v2.job.index_feed_generators: listRecords failed repo=did:plc:ql5xwyo2sf7qq6zb2hrwetol err=HttpError('InvalidRequest: Could not find repo: did:plc:ql5xwyo2sf7qq6zb2hrwetol')
2026-03-02T14:38:02Z WARNING bsky_collector_v2.job.index_feed_generators: listRecords failed repo=did:plc:rmka2uaizjgkn5gzknyvk3ph err=HttpError('InvalidRequest: Could not find repo: did:plc:rmka2uaizjgkn5gzknyvk3ph')
2026-03-02T14:38:02Z WARNING bsky_collector_v2.job.index_feed_generators: listRecords failed repo=did:plc:uiwddrbttqbejhbigjksg2af err=HttpError('InvalidRequest: Could not find repo: did:plc:uiwddrbttqbejhbigjksg2af')
2026-03-02T14:38:03Z WARNING bsky_collector_v2.job.index_feed_generators: listRecords failed repo=did:plc:wc6g6kp6ynfnfgklim3mbbqk err=HttpError('InvalidRequest: Could not find repo: did:plc:wc6g6kp6ynfnfgklim3mbbqk')
2026-03-02T14:38:03Z WARNING bsky_collector_v2.job.index_feed_generators: listRecords failed repo=did:plc:wm25rvhniky6patzw425bwic err=HttpError('InvalidRequest: Could not find repo: did:plc:wm25rvhniky6patzw425bwic')
2026-03-02T14:38:03Z WARNING bsky_collector_v2.job.index_feed_generators: listRecords failed repo=did:plc:xjmqdlrxz2puvbrzi5p6idfu err=HttpError('InvalidRequest: Could not find repo: did:plc:xjmqdlrxz2puvbrzi5p6idfu')
2026-03-02T14:38:03Z INFO bsky_collector_v2.job.index_feed_generators: enqueued repos page=18 mode=listRepos inserted=500 repos_returned=500 next_cursor=set
2026-03-02T14:38:10Z WARNING bsky_collector_v2.job.index_feed_generators: listRecords failed repo=did:plc:3mkqpngdiwgzcamk4xtygr2h err=HttpError('InvalidRequest: Could not find repo: did:plc:3mkqpngdiwgzcamk4xtygr2h')
2026-03-02T14:38:14Z WARNING bsky_collector_v2.job.index_feed_generators: listRecords failed repo=did:plc:4lnyizencnwimtuwraruweed err=HttpError('InvalidRequest: Could not find repo: did:plc:4lnyizencnwimtuwraruweed')
2026-03-02T14:38:15Z WARNING bsky_collector_v2.job.index_feed_generators: listRecords failed repo=did:plc:5rzoq46l337r7sa47p6xtjau err=HttpError('InvalidRequest: Could not find repo: did:plc:5rzoq46l337r7sa47p6xtjau')
2026-03-02T14:38:21Z WARNING bsky_collector_v2.job.index_feed_generators: listRecords failed repo=did:plc:7cqnwk7clsdto7q6fn6p7ryv err=HttpError('InvalidRequest: Could not find repo: did:plc:7cqnwk7clsdto7q6fn6p7ryv')
2026-03-02T14:38:22Z WARNING bsky_collector_v2.job.index_feed_generators: listRecords failed repo=did:plc:7elfussxpaiq354kmeo4yar6 err=HttpError('InvalidRequest: Could not find repo: did:plc:7elfussxpaiq354kmeo4yar6')
2026-03-02T14:38:22Z WARNING bsky_collector_v2.job.index_feed_generators: listRecords failed repo=did:plc:7hg3u22gwyeoahvp7xcx73lg err=HttpError('InvalidRequest: Could not find repo: did:plc:7hg3u22gwyeoahvp7xcx73lg')
2026-03-02T14:38:25Z WARNING bsky_collector_v2.job.index_feed_generators: listRecords failed repo=did:plc:anywbllhvgwhngd6ga4lde4m err=HttpError('InvalidRequest: Could not find repo: did:plc:anywbllhvgwhngd6ga4lde4m')
2026-03-02T14:38:30Z WARNING bsky_collector_v2.job.index_feed_generators: listRecords failed repo=did:plc:dftm2464qvqcqnvnatiezwcc err=HttpError('InvalidRequest: Could not find repo: did:plc:dftm2464qvqcqnvnatiezwcc')
2026-03-02T14:38:37Z WARNING bsky_collector_v2.job.index_feed_generators: listRecords failed repo=did:plc:fqcyewh5xxoavzdapzgzph46 err=HttpError('InvalidRequest: Could not find repo: did:plc:fqcyewh5xxoavzdapzgzph46')
2026-03-02T14:38:37Z INFO bsky_collector_v2.job.index_feed_generators: indexed repo=did:plc:fsmdbwp3wijjuvbcimcj7i27 part=471 records=1 next_cursor=set
2026-03-02T14:38:37Z WARNING bsky_collector_v2.job.index_feed_generators: listRecords failed repo=did:plc:fuijacbb3thgvgsza2isaqpk err=HttpError('InvalidRequest: Could not find repo: did:plc:fuijacbb3thgvgsza2isaqpk')
2026-03-02T14:38:38Z WARNING bsky_collector_v2.job.index_feed_generators: listRecords failed repo=did:plc:g2ph2hra5wez35avw6letr33 err=HttpError('InvalidRequest: Could not find repo: did:plc:g2ph2hra5wez35avw6letr33')
2026-03-02T14:38:40Z WARNING bsky_collector_v2.job.index_feed_generators: listRecords failed repo=did:plc:h5cpndzlwn2lyvfkvxs26fog err=HttpError('InvalidRequest: Could not find repo: did:plc:h5cpndzlwn2lyvfkvxs26fog')
2026-03-02T14:38:40Z WARNING bsky_collector_v2.job.index_feed_generators: listRecords failed repo=did:plc:hguqytxxisyqpgz4jg6ksimz err=HttpError('InvalidRequest: Could not find repo: did:plc:hguqytxxisyqpgz4jg6ksimz')
2026-03-02T14:38:43Z WARNING bsky_collector_v2.job.index_feed_generators: listRecords failed repo=did:plc:j24oboudyuebpo3dhtdmkiil err=HttpError('InvalidRequest: Could not find repo: did:plc:j24oboudyuebpo3dhtdmkiil')
2026-03-02T14:38:45Z WARNING bsky_collector_v2.job.index_feed_generators: listRecords failed repo=did:plc:jlexvd3237tru4vbb5fe25c4 err=HttpError('InvalidRequest: Could not find repo: did:plc:jlexvd3237tru4vbb5fe25c4')
2026-03-02T14:38:48Z WARNING bsky_collector_v2.job.index_feed_generators: listRecords failed repo=did:plc:kqdarhbnuotltsxk4axgeegf err=HttpError('InvalidRequest: Could not find repo: did:plc:kqdarhbnuotltsxk4axgeegf')
2026-03-02T14:38:59Z WARNING bsky_collector_v2.job.index_feed_generators: listRecords failed repo=did:plc:o7f64fihaw6fz6rbrsmkhcnu err=HttpError('InvalidRequest: Could not find repo: did:plc:o7f64fihaw6fz6rbrsmkhcnu')
2026-03-02T14:39:01Z WARNING bsky_collector_v2.job.index_feed_generators: listRecords failed repo=did:plc:onbxowvhoz52wxx2dbc2q3l4 err=HttpError('InvalidRequest: Could not find repo: did:plc:onbxowvhoz52wxx2dbc2q3l4')
2026-03-02T14:39:04Z WARNING bsky_collector_v2.job.index_feed_generators: listRecords failed repo=did:plc:owth5aseolcjoh3f46zw3hjq err=HttpError('InvalidRequest: Could not find repo: did:plc:owth5aseolcjoh3f46zw3hjq')
2026-03-02T14:39:07Z WARNING bsky_collector_v2.job.index_feed_generators: listRecords failed repo=did:plc:pgpojwdmprt35f3zbhgrr3o2 err=HttpError('InvalidRequest: Could not find repo: did:plc:pgpojwdmprt35f3zbhgrr3o2')
2026-03-02T14:39:12Z WARNING bsky_collector_v2.job.index_feed_generators: listRecords failed repo=did:plc:qjg4e75kbc7nlijjctmdwdqd err=HttpError('InvalidRequest: Could not find repo: did:plc:qjg4e75kbc7nlijjctmdwdqd')
2026-03-02T14:39:20Z WARNING bsky_collector_v2.job.index_feed_generators: listRecords failed repo=did:plc:sxvntexk26hczom4mzkbxzir err=HttpError('InvalidRequest: Could not find repo: did:plc:sxvntexk26hczom4mzkbxzir')
2026-03-02T14:39:26Z WARNING bsky_collector_v2.job.index_feed_generators: listRecords failed repo=did:plc:tyjzdfaqntkxc453cw64byhp err=HttpError('InvalidRequest: Could not find repo: did:plc:tyjzdfaqntkxc453cw64byhp')
2026-03-02T14:39:39Z WARNING bsky_collector_v2.job.index_feed_generators: listRecords failed repo=did:plc:yulbfi37omgr2kracpngbdgb err=HttpError('InvalidRequest: Could not find repo: did:plc:yulbfi37omgr2kracpngbdgb')
2026-03-02T14:39:40Z WARNING bsky_collector_v2.job.index_feed_generators: listRecords failed repo=did:plc:znc67kb4zf6oa6lqnh5v4xdz err=HttpError('InvalidRequest: Could not find repo: did:plc:znc67kb4zf6oa6lqnh5v4xdz')
2026-03-02T14:39:40Z WARNING bsky_collector_v2.job.index_feed_generators: listRecords failed repo=did:plc:zqszjtsw2tufa3osrwl6dby2 err=HttpError('InvalidRequest: Could not find repo: did:plc:zqszjtsw2tufa3osrwl6dby2')
2026-03-02T14:39:41Z WARNING bsky_collector_v2.job.index_feed_generators: listRecords failed repo=did:plc:3mkqpngdiwgzcamk4xtygr2h err=HttpError('InvalidRequest: Could not find repo: did:plc:3mkqpngdiwgzcamk4xtygr2h')
2026-03-02T14:39:41Z WARNING bsky_collector_v2.job.index_feed_generators: listRecords failed repo=did:plc:4lnyizencnwimtuwraruweed err=HttpError('InvalidRequest: Could not find repo: did:plc:4lnyizencnwimtuwraruweed')
2026-03-02T14:39:41Z WARNING bsky_collector_v2.job.index_feed_generators: listRecords failed repo=did:plc:5rzoq46l337r7sa47p6xtjau err=HttpError('InvalidRequest: Could not find repo: did:plc:5rzoq46l337r7sa47p6xtjau')
2026-03-02T14:39:41Z WARNING bsky_collector_v2.job.index_feed_generators: listRecords failed repo=did:plc:7cqnwk7clsdto7q6fn6p7ryv err=HttpError('InvalidRequest: Could not find repo: did:plc:7cqnwk7clsdto7q6fn6p7ryv')
2026-03-02T14:39:41Z WARNING bsky_collector_v2.job.index_feed_generators: listRecords failed repo=did:plc:7elfussxpaiq354kmeo4yar6 err=HttpError('InvalidRequest: Could not find repo: did:plc:7elfussxpaiq354kmeo4yar6')
2026-03-02T14:39:41Z WARNING bsky_collector_v2.job.index_feed_generators: listRecords failed repo=did:plc:7hg3u22gwyeoahvp7xcx73lg err=HttpError('InvalidRequest: Could not find repo: did:plc:7hg3u22gwyeoahvp7xcx73lg')
2026-03-02T14:39:41Z WARNING bsky_collector_v2.job.index_feed_generators: listRecords failed repo=did:plc:anywbllhvgwhngd6ga4lde4m err=HttpError('InvalidRequest: Could not find repo: did:plc:anywbllhvgwhngd6ga4lde4m')
2026-03-02T14:39:42Z WARNING bsky_collector_v2.job.index_feed_generators: listRecords failed repo=did:plc:dftm2464qvqcqnvnatiezwcc err=HttpError('InvalidRequest: Could not find repo: did:plc:dftm2464qvqcqnvnatiezwcc')
2026-03-02T14:39:42Z WARNING bsky_collector_v2.job.index_feed_generators: listRecords failed repo=did:plc:fqcyewh5xxoavzdapzgzph46 err=HttpError('InvalidRequest: Could not find repo: did:plc:fqcyewh5xxoavzdapzgzph46')
2026-03-02T14:39:42Z WARNING bsky_collector_v2.job.index_feed_generators: listRecords failed repo=did:plc:fuijacbb3thgvgsza2isaqpk err=HttpError('InvalidRequest: Could not find repo: did:plc:fuijacbb3thgvgsza2isaqpk')
2026-03-02T14:39:42Z WARNING bsky_collector_v2.job.index_feed_generators: listRecords failed repo=did:plc:g2ph2hra5wez35avw6letr33 err=HttpError('InvalidRequest: Could not find repo: did:plc:g2ph2hra5wez35avw6letr33')
2026-03-02T14:39:42Z WARNING bsky_collector_v2.job.index_feed_generators: listRecords failed repo=did:plc:h5cpndzlwn2lyvfkvxs26fog err=HttpError('InvalidRequest: Could not find repo: did:plc:h5cpndzlwn2lyvfkvxs26fog')
2026-03-02T14:39:42Z WARNING bsky_collector_v2.job.index_feed_generators: listRecords failed repo=did:plc:hguqytxxisyqpgz4jg6ksimz err=HttpError('InvalidRequest: Could not find repo: did:plc:hguqytxxisyqpgz4jg6ksimz')
2026-03-02T14:39:42Z WARNING bsky_collector_v2.job.index_feed_generators: listRecords failed repo=did:plc:j24oboudyuebpo3dhtdmkiil err=HttpError('InvalidRequest: Could not find repo: did:plc:j24oboudyuebpo3dhtdmkiil')
2026-03-02T14:39:42Z WARNING bsky_collector_v2.job.index_feed_generators: listRecords failed repo=did:plc:jlexvd3237tru4vbb5fe25c4 err=HttpError('InvalidRequest: Could not find repo: did:plc:jlexvd3237tru4vbb5fe25c4')
2026-03-02T14:39:42Z WARNING bsky_collector_v2.job.index_feed_generators: listRecords failed repo=did:plc:kqdarhbnuotltsxk4axgeegf err=HttpError('InvalidRequest: Could not find repo: did:plc:kqdarhbnuotltsxk4axgeegf')
2026-03-02T14:39:42Z WARNING bsky_collector_v2.job.index_feed_generators: listRecords failed repo=did:plc:o7f64fihaw6fz6rbrsmkhcnu err=HttpError('InvalidRequest: Could not find repo: did:plc:o7f64fihaw6fz6rbrsmkhcnu')
2026-03-02T14:39:42Z WARNING bsky_collector_v2.job.index_feed_generators: listRecords failed repo=did:plc:onbxowvhoz52wxx2dbc2q3l4 err=HttpError('InvalidRequest: Could not find repo: did:plc:onbxowvhoz52wxx2dbc2q3l4')
2026-03-02T14:39:43Z WARNING bsky_collector_v2.job.index_feed_generators: listRecords failed repo=did:plc:owth5aseolcjoh3f46zw3hjq err=HttpError('InvalidRequest: Could not find repo: did:plc:owth5aseolcjoh3f46zw3hjq')
2026-03-02T14:39:43Z WARNING bsky_collector_v2.job.index_feed_generators: listRecords failed repo=did:plc:pgpojwdmprt35f3zbhgrr3o2 err=HttpError('InvalidRequest: Could not find repo: did:plc:pgpojwdmprt35f3zbhgrr3o2')
2026-03-02T14:39:43Z WARNING bsky_collector_v2.job.index_feed_generators: listRecords failed repo=did:plc:qjg4e75kbc7nlijjctmdwdqd err=HttpError('InvalidRequest: Could not find repo: did:plc:qjg4e75kbc7nlijjctmdwdqd')
2026-03-02T14:39:43Z WARNING bsky_collector_v2.job.index_feed_generators: listRecords failed repo=did:plc:sxvntexk26hczom4mzkbxzir err=HttpError('InvalidRequest: Could not find repo: did:plc:sxvntexk26hczom4mzkbxzir')
2026-03-02T14:39:43Z WARNING bsky_collector_v2.job.index_feed_generators: listRecords failed repo=did:plc:tyjzdfaqntkxc453cw64byhp err=HttpError('InvalidRequest: Could not find repo: did:plc:tyjzdfaqntkxc453cw64byhp')
2026-03-02T14:39:43Z WARNING bsky_collector_v2.job.index_feed_generators: listRecords failed repo=did:plc:yulbfi37omgr2kracpngbdgb err=HttpError('InvalidRequest: Could not find repo: did:plc:yulbfi37omgr2kracpngbdgb')
2026-03-02T14:39:43Z WARNING bsky_collector_v2.job.index_feed_generators: listRecords failed repo=did:plc:znc67kb4zf6oa6lqnh5v4xdz err=HttpError('InvalidRequest: Could not find repo: did:plc:znc67kb4zf6oa6lqnh5v4xdz')
2026-03-02T14:39:43Z WARNING bsky_collector_v2.job.index_feed_generators: listRecords failed repo=did:plc:zqszjtsw2tufa3osrwl6dby2 err=HttpError('InvalidRequest: Could not find repo: did:plc:zqszjtsw2tufa3osrwl6dby2')
2026-03-02T14:39:43Z WARNING bsky_collector_v2.job.index_feed_generators: listRecords failed repo=did:plc:3mkqpngdiwgzcamk4xtygr2h err=HttpError('InvalidRequest: Could not find repo: did:plc:3mkqpngdiwgzcamk4xtygr2h')
2026-03-02T14:39:43Z WARNING bsky_collector_v2.job.index_feed_generators: listRecords failed repo=did:plc:4lnyizencnwimtuwraruweed err=HttpError('InvalidRequest: Could not find repo: did:plc:4lnyizencnwimtuwraruweed')
2026-03-02T14:39:43Z WARNING bsky_collector_v2.job.index_feed_generators: listRecords failed repo=did:plc:5rzoq46l337r7sa47p6xtjau err=HttpError('InvalidRequest: Could not find repo: did:plc:5rzoq46l337r7sa47p6xtjau')
2026-03-02T14:39:43Z WARNING bsky_collector_v2.job.index_feed_generators: listRecords failed repo=did:plc:7cqnwk7clsdto7q6fn6p7ryv err=HttpError('InvalidRequest: Could not find repo: did:plc:7cqnwk7clsdto7q6fn6p7ryv')
2026-03-02T14:39:43Z WARNING bsky_collector_v2.job.index_feed_generators: listRecords failed repo=did:plc:7elfussxpaiq354kmeo4yar6 err=HttpError('InvalidRequest: Could not find repo: did:plc:7elfussxpaiq354kmeo4yar6')
2026-03-02T14:39:43Z WARNING bsky_collector_v2.job.index_feed_generators: listRecords failed repo=did:plc:7hg3u22gwyeoahvp7xcx73lg err=HttpError('InvalidRequest: Could not find repo: did:plc:7hg3u22gwyeoahvp7xcx73lg')
2026-03-02T14:39:43Z WARNING bsky_collector_v2.job.index_feed_generators: listRecords failed repo=did:plc:anywbllhvgwhngd6ga4lde4m err=HttpError('InvalidRequest: Could not find repo: did:plc:anywbllhvgwhngd6ga4lde4m')
2026-03-02T14:39:44Z WARNING bsky_collector_v2.job.index_feed_generators: listRecords failed repo=did:plc:dftm2464qvqcqnvnatiezwcc err=HttpError('InvalidRequest: Could not find repo: did:plc:dftm2464qvqcqnvnatiezwcc')
2026-03-02T14:39:44Z WARNING bsky_collector_v2.job.index_feed_generators: listRecords failed repo=did:plc:fqcyewh5xxoavzdapzgzph46 err=HttpError('InvalidRequest: Could not find repo: did:plc:fqcyewh5xxoavzdapzgzph46')
2026-03-02T14:39:44Z WARNING bsky_collector_v2.job.index_feed_generators: listRecords failed repo=did:plc:fuijacbb3thgvgsza2isaqpk err=HttpError('InvalidRequest: Could not find repo: did:plc:fuijacbb3thgvgsza2isaqpk')
2026-03-02T14:39:44Z WARNING bsky_collector_v2.job.index_feed_generators: listRecords failed repo=did:plc:g2ph2hra5wez35avw6letr33 err=HttpError('InvalidRequest: Could not find repo: did:plc:g2ph2hra5wez35avw6letr33')
2026-03-02T14:39:44Z WARNING bsky_collector_v2.job.index_feed_generators: listRecords failed repo=did:plc:h5cpndzlwn2lyvfkvxs26fog err=HttpError('InvalidRequest: Could not find repo: did:plc:h5cpndzlwn2lyvfkvxs26fog')
2026-03-02T14:39:44Z WARNING bsky_collector_v2.job.index_feed_generators: listRecords failed repo=did:plc:hguqytxxisyqpgz4jg6ksimz err=HttpError('InvalidRequest: Could not find repo: did:plc:hguqytxxisyqpgz4jg6ksimz')
2026-03-02T14:39:44Z WARNING bsky_collector_v2.job.index_feed_generators: listRecords failed repo=did:plc:j24oboudyuebpo3dhtdmkiil err=HttpError('InvalidRequest: Could not find repo: did:plc:j24oboudyuebpo3dhtdmkiil')
2026-03-02T14:39:44Z WARNING bsky_collector_v2.job.index_feed_generators: listRecords failed repo=did:plc:jlexvd3237tru4vbb5fe25c4 err=HttpError('InvalidRequest: Could not find repo: did:plc:jlexvd3237tru4vbb5fe25c4')
2026-03-02T14:39:44Z WARNING bsky_collector_v2.job.index_feed_generators: listRecords failed repo=did:plc:kqdarhbnuotltsxk4axgeegf err=HttpError('InvalidRequest: Could not find repo: did:plc:kqdarhbnuotltsxk4axgeegf')
2026-03-02T14:39:44Z WARNING bsky_collector_v2.job.index_feed_generators: listRecords failed repo=did:plc:o7f64fihaw6fz6rbrsmkhcnu err=HttpError('InvalidRequest: Could not find repo: did:plc:o7f64fihaw6fz6rbrsmkhcnu')
2026-03-02T14:39:44Z WARNING bsky_collector_v2.job.index_feed_generators: listRecords failed repo=did:plc:onbxowvhoz52wxx2dbc2q3l4 err=HttpError('InvalidRequest: Could not find repo: did:plc:onbxowvhoz52wxx2dbc2q3l4')
2026-03-02T14:39:44Z WARNING bsky_collector_v2.job.index_feed_generators: listRecords failed repo=did:plc:owth5aseolcjoh3f46zw3hjq err=HttpError('InvalidRequest: Could not find repo: did:plc:owth5aseolcjoh3f46zw3hjq')
2026-03-02T14:39:44Z WARNING bsky_collector_v2.job.index_feed_generators: listRecords failed repo=did:plc:pgpojwdmprt35f3zbhgrr3o2 err=HttpError('InvalidRequest: Could not find repo: did:plc:pgpojwdmprt35f3zbhgrr3o2')
2026-03-02T14:39:44Z WARNING bsky_collector_v2.job.index_feed_generators: listRecords failed repo=did:plc:qjg4e75kbc7nlijjctmdwdqd err=HttpError('InvalidRequest: Could not find repo: did:plc:qjg4e75kbc7nlijjctmdwdqd')
2026-03-02T14:39:45Z WARNING bsky_collector_v2.job.index_feed_generators: listRecords failed repo=did:plc:sxvntexk26hczom4mzkbxzir err=HttpError('InvalidRequest: Could not find repo: did:plc:sxvntexk26hczom4mzkbxzir')
2026-03-02T14:39:45Z WARNING bsky_collector_v2.job.index_feed_generators: listRecords failed repo=did:plc:tyjzdfaqntkxc453cw64byhp err=HttpError('InvalidRequest: Could not find repo: did:plc:tyjzdfaqntkxc453cw64byhp')
2026-03-02T14:39:45Z WARNING bsky_collector_v2.job.index_feed_generators: listRecords failed repo=did:plc:yulbfi37omgr2kracpngbdgb err=HttpError('InvalidRequest: Could not find repo: did:plc:yulbfi37omgr2kracpngbdgb')
2026-03-02T14:39:45Z WARNING bsky_collector_v2.job.index_feed_generators: listRecords failed repo=did:plc:znc67kb4zf6oa6lqnh5v4xdz err=HttpError('InvalidRequest: Could not find repo: did:plc:znc67kb4zf6oa6lqnh5v4xdz')
2026-03-02T14:39:45Z WARNING bsky_collector_v2.job.index_feed_generators: listRecords failed repo=did:plc:zqszjtsw2tufa3osrwl6dby2 err=HttpError('InvalidRequest: Could not find repo: did:plc:zqszjtsw2tufa3osrwl6dby2')
2026-03-02T14:39:45Z INFO bsky_collector_v2.job.index_feed_generators: enqueued repos page=19 mode=listRepos inserted=500 repos_returned=500 next_cursor=set
2026-03-02T14:40:39Z WARNING bsky_collector_v2.job.index_feed_generators: listRecords failed repo=did:plc:irqwik3d443sgxoh2i5ba5yq err=HttpError('InvalidRequest: Could not find repo: did:plc:irqwik3d443sgxoh2i5ba5yq')
2026-03-02T14:40:46Z INFO bsky_collector_v2.job.index_feed_generators: indexed repo=did:plc:ld6hnocemw3ibukgzngmh3tr part=472 records=1 next_cursor=set
2026-03-02T14:41:21Z INFO bsky_collector_v2.job.index_feed_generators: indexed repo=did:plc:wlmqo4tsne55b7acvmmygswh part=473 records=1 next_cursor=set
2026-03-02T14:41:32Z WARNING bsky_collector_v2.job.index_feed_generators: listRecords failed repo=did:plc:irqwik3d443sgxoh2i5ba5yq err=HttpError('InvalidRequest: Could not find repo: did:plc:irqwik3d443sgxoh2i5ba5yq')
2026-03-02T14:41:32Z WARNING bsky_collector_v2.job.index_feed_generators: listRecords failed repo=did:plc:irqwik3d443sgxoh2i5ba5yq err=HttpError('InvalidRequest: Could not find repo: did:plc:irqwik3d443sgxoh2i5ba5yq')
2026-03-02T14:41:33Z INFO bsky_collector_v2.job.index_feed_generators: enqueued repos page=20 mode=listRepos inserted=500 repos_returned=500 next_cursor=set
2026-03-02T14:42:23Z INFO bsky_collector_v2.job.index_feed_generators: indexed repo=did:plc:h73klsynkatwkjxrgnl2ttxx part=474 records=1 next_cursor=set
2026-03-02T14:42:37Z WARNING bsky_collector_v2.job.index_feed_generators: listRecords failed repo=did:plc:m5klqe7w6qf7gpqyrfl4mxy3 err=HttpError('InvalidRequest: Could not find repo: did:plc:m5klqe7w6qf7gpqyrfl4mxy3')
2026-03-02T14:43:20Z WARNING bsky_collector_v2.job.index_feed_generators: listRecords failed repo=did:plc:m5klqe7w6qf7gpqyrfl4mxy3 err=HttpError('InvalidRequest: Could not find repo: did:plc:m5klqe7w6qf7gpqyrfl4mxy3')
2026-03-02T14:43:20Z WARNING bsky_collector_v2.job.index_feed_generators: listRecords failed repo=did:plc:m5klqe7w6qf7gpqyrfl4mxy3 err=HttpError('InvalidRequest: Could not find repo: did:plc:m5klqe7w6qf7gpqyrfl4mxy3')
2026-03-02T14:43:21Z INFO bsky_collector_v2.job.index_feed_generators: enqueued repos page=21 mode=listRepos inserted=500 repos_returned=500 next_cursor=set
2026-03-02T14:43:23Z INFO bsky_collector_v2.job.index_feed_generators: indexed repo=did:plc:2u4vs2nkzqdrpb733k56aux7 part=475 records=1 next_cursor=set
2026-03-02T14:43:40Z INFO bsky_collector_v2.job.index_feed_generators: indexed repo=did:plc:auc7ulk3atmwe7ektuekmj4x part=476 records=1 next_cursor=set
2026-03-02T14:43:43Z WARNING bsky_collector_v2.job.index_feed_generators: listRecords failed repo=did:plc:c7tmtma43qzxpxffsu5bjhxg err=HttpError('InvalidRequest: Could not find repo: did:plc:c7tmtma43qzxpxffsu5bjhxg')
2026-03-02T14:44:58Z WARNING bsky_collector_v2.job.index_feed_generators: listRecords failed repo=did:plc:c7tmtma43qzxpxffsu5bjhxg err=HttpError('InvalidRequest: Could not find repo: did:plc:c7tmtma43qzxpxffsu5bjhxg')
2026-03-02T14:44:58Z WARNING bsky_collector_v2.job.index_feed_generators: listRecords failed repo=did:plc:c7tmtma43qzxpxffsu5bjhxg err=HttpError('InvalidRequest: Could not find repo: did:plc:c7tmtma43qzxpxffsu5bjhxg')
2026-03-02T14:44:59Z INFO bsky_collector_v2.job.index_feed_generators: enqueued repos page=22 mode=listRepos inserted=500 repos_returned=500 next_cursor=set
2026-03-02T14:44:59Z WARNING bsky_collector_v2.job.index_feed_generators: listRecords failed repo=did:plc:25acole3ayw4rfo33yey2fxw err=HttpError('InvalidRequest: Could not find repo: did:plc:25acole3ayw4rfo33yey2fxw')
2026-03-02T14:45:06Z WARNING bsky_collector_v2.job.index_feed_generators: listRecords failed repo=did:plc:4njfkztuanyc3qfwxjc3obqe err=HttpError('InvalidRequest: Could not find repo: did:plc:4njfkztuanyc3qfwxjc3obqe')
2026-03-02T14:45:50Z WARNING bsky_collector_v2.job.index_feed_generators: listRecords failed repo=did:plc:lot7jrw5ttcplacmqy6ash2v err=HttpError('InvalidRequest: Could not find repo: did:plc:lot7jrw5ttcplacmqy6ash2v')
2026-03-02T14:46:37Z WARNING bsky_collector_v2.job.index_feed_generators: listRecords failed repo=did:plc:25acole3ayw4rfo33yey2fxw err=HttpError('InvalidRequest: Could not find repo: did:plc:25acole3ayw4rfo33yey2fxw')
2026-03-02T14:46:37Z WARNING bsky_collector_v2.job.index_feed_generators: listRecords failed repo=did:plc:4njfkztuanyc3qfwxjc3obqe err=HttpError('InvalidRequest: Could not find repo: did:plc:4njfkztuanyc3qfwxjc3obqe')
2026-03-02T14:46:37Z WARNING bsky_collector_v2.job.index_feed_generators: listRecords failed repo=did:plc:lot7jrw5ttcplacmqy6ash2v err=HttpError('InvalidRequest: Could not find repo: did:plc:lot7jrw5ttcplacmqy6ash2v')
2026-03-02T14:46:37Z WARNING bsky_collector_v2.job.index_feed_generators: listRecords failed repo=did:plc:25acole3ayw4rfo33yey2fxw err=HttpError('InvalidRequest: Could not find repo: did:plc:25acole3ayw4rfo33yey2fxw')
2026-03-02T14:46:37Z WARNING bsky_collector_v2.job.index_feed_generators: listRecords failed repo=did:plc:4njfkztuanyc3qfwxjc3obqe err=HttpError('InvalidRequest: Could not find repo: did:plc:4njfkztuanyc3qfwxjc3obqe')
2026-03-02T14:46:37Z WARNING bsky_collector_v2.job.index_feed_generators: listRecords failed repo=did:plc:lot7jrw5ttcplacmqy6ash2v err=HttpError('InvalidRequest: Could not find repo: did:plc:lot7jrw5ttcplacmqy6ash2v')
2026-03-02T14:46:38Z INFO bsky_collector_v2.job.index_feed_generators: enqueued repos page=23 mode=listRepos inserted=500 repos_returned=500 next_cursor=set
2026-03-02T14:47:03Z WARNING bsky_collector_v2.job.index_feed_generators: listRecords failed repo=did:plc:6xgnfvtofz2is72yjterhpr5 err=HttpError('InvalidRequest: Could not find repo: did:plc:6xgnfvtofz2is72yjterhpr5')
2026-03-02T14:47:11Z INFO bsky_collector_v2.job.index_feed_generators: indexed repo=did:plc:b6am5teel3w2p4fogpmw5l4k part=477 records=1 next_cursor=set
2026-03-02T14:47:23Z INFO bsky_collector_v2.job.index_feed_generators: indexed repo=did:plc:fd6ex5k35stcq6xqcn5qwhzf part=478 records=1 next_cursor=set
2026-03-02T14:48:23Z WARNING bsky_collector_v2.job.index_feed_generators: listRecords failed repo=did:plc:6xgnfvtofz2is72yjterhpr5 err=HttpError('InvalidRequest: Could not find repo: did:plc:6xgnfvtofz2is72yjterhpr5')
2026-03-02T14:48:24Z WARNING bsky_collector_v2.job.index_feed_generators: listRecords failed repo=did:plc:6xgnfvtofz2is72yjterhpr5 err=HttpError('InvalidRequest: Could not find repo: did:plc:6xgnfvtofz2is72yjterhpr5')
2026-03-02T14:48:24Z INFO bsky_collector_v2.job.index_feed_generators: enqueued repos page=24 mode=listRepos inserted=500 repos_returned=500 next_cursor=set
2026-03-02T14:48:26Z INFO bsky_collector_v2.job.index_feed_generators: indexed repo=did:plc:2n2e3uwyl7c2tog7hqlobyso part=479 records=2 next_cursor=set
2026-03-02T14:49:11Z WARNING bsky_collector_v2.job.index_feed_generators: listRecords failed repo=did:plc:jhlnagoevxnyd7uy2devpv7s err=HttpError('InvalidRequest: Could not find repo: did:plc:jhlnagoevxnyd7uy2devpv7s')
2026-03-02T14:50:04Z INFO bsky_collector_v2.job.index_feed_generators: indexed repo=did:plc:yxdcmagy4uyutyccyai62crn part=480 records=1 next_cursor=set
2026-03-02T14:50:06Z WARNING bsky_collector_v2.job.index_feed_generators: listRecords failed repo=did:plc:zg23idvos7nkerynez4puiot err=HttpError('InvalidRequest: Could not find repo: did:plc:zg23idvos7nkerynez4puiot')
2026-03-02T14:50:07Z WARNING bsky_collector_v2.job.index_feed_generators: listRecords failed repo=did:plc:zsd4jdcs25lyehqkzdsqulzv err=HttpError('InvalidRequest: Could not find repo: did:plc:zsd4jdcs25lyehqkzdsqulzv')
2026-03-02T14:50:08Z WARNING bsky_collector_v2.job.index_feed_generators: listRecords failed repo=did:plc:jhlnagoevxnyd7uy2devpv7s err=HttpError('InvalidRequest: Could not find repo: did:plc:jhlnagoevxnyd7uy2devpv7s')
2026-03-02T14:50:08Z WARNING bsky_collector_v2.job.index_feed_generators: listRecords failed repo=did:plc:zg23idvos7nkerynez4puiot err=HttpError('InvalidRequest: Could not find repo: did:plc:zg23idvos7nkerynez4puiot')
2026-03-02T14:50:09Z WARNING bsky_collector_v2.job.index_feed_generators: listRecords failed repo=did:plc:zsd4jdcs25lyehqkzdsqulzv err=HttpError('InvalidRequest: Could not find repo: did:plc:zsd4jdcs25lyehqkzdsqulzv')
2026-03-02T14:50:09Z WARNING bsky_collector_v2.job.index_feed_generators: listRecords failed repo=did:plc:jhlnagoevxnyd7uy2devpv7s err=HttpError('InvalidRequest: Could not find repo: did:plc:jhlnagoevxnyd7uy2devpv7s')
2026-03-02T14:50:09Z WARNING bsky_collector_v2.job.index_feed_generators: listRecords failed repo=did:plc:zg23idvos7nkerynez4puiot err=HttpError('InvalidRequest: Could not find repo: did:plc:zg23idvos7nkerynez4puiot')
2026-03-02T14:50:09Z WARNING bsky_collector_v2.job.index_feed_generators: listRecords failed repo=did:plc:zsd4jdcs25lyehqkzdsqulzv err=HttpError('InvalidRequest: Could not find repo: did:plc:zsd4jdcs25lyehqkzdsqulzv')
2026-03-02T14:50:10Z INFO bsky_collector_v2.job.index_feed_generators: enqueued repos page=25 mode=listRepos inserted=500 repos_returned=500 next_cursor=set
2026-03-02T14:51:55Z INFO bsky_collector_v2.job.index_feed_generators: enqueued repos page=26 mode=listRepos inserted=500 repos_returned=500 next_cursor=set
2026-03-02T14:52:26Z INFO bsky_collector_v2.job.index_feed_generators: indexed repo=did:plc:epthmqmyqfchrg4rujel4wr6 part=481 records=1 next_cursor=set
2026-03-02T14:53:38Z INFO bsky_collector_v2.job.index_feed_generators: enqueued repos page=27 mode=listRepos inserted=500 repos_returned=500 next_cursor=set
2026-03-02T14:53:39Z WARNING bsky_collector_v2.job.index_feed_generators: listRecords failed repo=did:plc:25hmlha4p4yfsxschuirq5qg err=HttpError('InvalidRequest: Could not find repo: did:plc:25hmlha4p4yfsxschuirq5qg')
2026-03-02T14:55:22Z WARNING bsky_collector_v2.job.index_feed_generators: listRecords failed repo=did:plc:25hmlha4p4yfsxschuirq5qg err=HttpError('InvalidRequest: Could not find repo: did:plc:25hmlha4p4yfsxschuirq5qg')
2026-03-02T14:55:23Z WARNING bsky_collector_v2.job.index_feed_generators: listRecords failed repo=did:plc:25hmlha4p4yfsxschuirq5qg err=HttpError('InvalidRequest: Could not find repo: did:plc:25hmlha4p4yfsxschuirq5qg')
2026-03-02T14:55:23Z INFO bsky_collector_v2.job.index_feed_generators: enqueued repos page=28 mode=listRepos inserted=500 repos_returned=500 next_cursor=set
2026-03-02T14:56:19Z WARNING bsky_collector_v2.job.index_feed_generators: listRecords failed repo=did:plc:ox4i2dyatdz4lswvh2oynzit err=HttpError('InvalidRequest: Could not find repo: did:plc:ox4i2dyatdz4lswvh2oynzit')
2026-03-02T14:56:53Z WARNING bsky_collector_v2.job.index_feed_generators: listRecords failed repo=did:plc:ox4i2dyatdz4lswvh2oynzit err=HttpError('InvalidRequest: Could not find repo: did:plc:ox4i2dyatdz4lswvh2oynzit')
2026-03-02T14:56:53Z WARNING bsky_collector_v2.job.index_feed_generators: listRecords failed repo=did:plc:ox4i2dyatdz4lswvh2oynzit err=HttpError('InvalidRequest: Could not find repo: did:plc:ox4i2dyatdz4lswvh2oynzit')
2026-03-02T14:56:54Z INFO bsky_collector_v2.job.index_feed_generators: enqueued repos page=29 mode=listRepos inserted=500 repos_returned=500 next_cursor=set
2026-03-02T14:58:50Z INFO bsky_collector_v2.job.index_feed_generators: enqueued repos page=30 mode=listRepos inserted=500 repos_returned=500 next_cursor=set
2026-03-02T14:58:53Z WARNING bsky_collector_v2.job.index_feed_generators: listRecords failed repo=did:plc:2sn7joeejzijnddogdkmyca4 err=HttpError('InvalidRequest: Could not find repo: did:plc:2sn7joeejzijnddogdkmyca4')
2026-03-02T14:59:45Z INFO bsky_collector_v2.job.index_feed_generators: indexed repo=did:plc:ltpbxrjhx5u2i62bmvfy25pn part=482 records=1 next_cursor=set
2026-03-02T15:00:28Z WARNING bsky_collector_v2.job.index_feed_generators: listRecords failed repo=did:plc:2sn7joeejzijnddogdkmyca4 err=HttpError('InvalidRequest: Could not find repo: did:plc:2sn7joeejzijnddogdkmyca4')
2026-03-02T15:00:28Z WARNING bsky_collector_v2.job.index_feed_generators: listRecords failed repo=did:plc:2sn7joeejzijnddogdkmyca4 err=HttpError('InvalidRequest: Could not find repo: did:plc:2sn7joeejzijnddogdkmyca4')
2026-03-02T15:00:29Z INFO bsky_collector_v2.job.index_feed_generators: enqueued repos page=31 mode=listRepos inserted=500 repos_returned=500 next_cursor=set
2026-03-02T15:01:14Z INFO bsky_collector_v2.job.index_feed_generators: indexed repo=did:plc:jfy6dbdpsbzgqi7macuwfvyn part=483 records=1 next_cursor=set
2026-03-02T15:01:16Z INFO bsky_collector_v2.job.index_feed_generators: indexed repo=did:plc:ke57yuq52yfzyrvr3d2djm6l part=484 records=3 next_cursor=set
2026-03-02T15:01:59Z INFO bsky_collector_v2.job.index_feed_generators: indexed repo=did:plc:uists5zzkioevi3ittyqg3cg part=485 records=1 next_cursor=set
2026-03-02T15:02:15Z INFO bsky_collector_v2.job.index_feed_generators: enqueued repos page=32 mode=listRepos inserted=500 repos_returned=500 next_cursor=set
2026-03-02T15:02:16Z WARNING bsky_collector_v2.job.index_feed_generators: listRecords failed repo=did:plc:2af7hz4gbjvdw3337am4bslj err=HttpError('InvalidRequest: Could not find repo: did:plc:2af7hz4gbjvdw3337am4bslj')
2026-03-02T15:02:25Z WARNING bsky_collector_v2.job.index_feed_generators: listRecords failed repo=did:plc:5xkzxhmzazjuveoxjqrifyzt err=HttpError('InvalidRequest: Could not find repo: did:plc:5xkzxhmzazjuveoxjqrifyzt')
2026-03-02T15:02:28Z WARNING bsky_collector_v2.job.index_feed_generators: listRecords failed repo=did:plc:6swwdwxtcizqs5tu77wdma7v err=HttpError('InvalidRequest: Could not find repo: did:plc:6swwdwxtcizqs5tu77wdma7v')
2026-03-02T15:02:29Z WARNING bsky_collector_v2.job.index_feed_generators: listRecords failed repo=did:plc:7kqr3hbaj2y3v2y2kd7dgtrt err=HttpError('InvalidRequest: Could not find repo: did:plc:7kqr3hbaj2y3v2y2kd7dgtrt')
2026-03-02T15:02:30Z WARNING bsky_collector_v2.job.index_feed_generators: listRecords failed repo=did:plc:7lzanf6dsd2acr4a4cc4nvpc err=HttpError('InvalidRequest: Could not find repo: did:plc:7lzanf6dsd2acr4a4cc4nvpc')
2026-03-02T15:02:32Z WARNING bsky_collector_v2.job.index_feed_generators: listRecords failed repo=did:plc:abdkijuqr54uxnyklsruvdq4 err=HttpError('InvalidRequest: Could not find repo: did:plc:abdkijuqr54uxnyklsruvdq4')
2026-03-02T15:02:44Z WARNING bsky_collector_v2.job.index_feed_generators: listRecords failed repo=did:plc:eiar64wgonuvnibsyqwgoqrg err=HttpError('InvalidRequest: Could not find repo: did:plc:eiar64wgonuvnibsyqwgoqrg')
2026-03-02T15:02:52Z WARNING bsky_collector_v2.job.index_feed_generators: listRecords failed repo=did:plc:gke5vnt4b44ejunt7gy4fay3 err=HttpError('InvalidRequest: Could not find repo: did:plc:gke5vnt4b44ejunt7gy4fay3')
2026-03-02T15:03:02Z WARNING bsky_collector_v2.job.index_feed_generators: listRecords failed repo=did:plc:kdnrdyfmp2zsmltcystbt6v2 err=HttpError('InvalidRequest: Could not find repo: did:plc:kdnrdyfmp2zsmltcystbt6v2')
