2026-03-15T10:46:08Z INFO bsky_collector_v2: out_base ok path=/Volumes/T9/BlueSky/data_v2_full mount=/Volumes/T9
2026-03-15T10:46:08Z INFO bsky_collector_v2: job start subcommand=index-feed-generators dry_run=False resume=True
2026-03-15T10:46:09Z INFO bsky_collector_v2.job.index_feed_generators: feed generator index hosts relay_host=https://bsky.network records_host=https://bsky.social auth=yes
2026-03-15T10:47:15Z WARNING bsky_collector_v2.job.index_feed_generators: listRecords failed repo=did:plc:6p5l542auyddjfgltpbclxso err=HttpError('InvalidRequest: Could not find repo: did:plc:6p5l542auyddjfgltpbclxso')
2026-03-15T10:47:15Z WARNING bsky_collector_v2.job.index_feed_generators: listRecords failed repo=did:plc:7gjonwvwe4skdd46zkbaxshm err=HttpError('InvalidRequest: Could not find repo: did:plc:7gjonwvwe4skdd46zkbaxshm')
2026-03-15T10:47:16Z WARNING bsky_collector_v2.job.index_feed_generators: listRecords failed repo=did:plc:6p5l542auyddjfgltpbclxso err=HttpError('InvalidRequest: Could not find repo: did:plc:6p5l542auyddjfgltpbclxso')
2026-03-15T10:47:16Z WARNING bsky_collector_v2.job.index_feed_generators: listRecords failed repo=did:plc:7gjonwvwe4skdd46zkbaxshm err=HttpError('InvalidRequest: Could not find repo: did:plc:7gjonwvwe4skdd46zkbaxshm')
2026-03-15T10:47:16Z INFO bsky_collector_v2.job.index_feed_generators: enqueued repos page=1 mode=listRepos inserted=500 repos_returned=500 next_cursor=set
2026-03-15T10:48:39Z INFO bsky_collector_v2.job.index_feed_generators: enqueued repos page=2 mode=listRepos inserted=500 repos_returned=500 next_cursor=set
2026-03-15T10:50:06Z INFO bsky_collector_v2.job.index_feed_generators: enqueued repos page=3 mode=listRepos inserted=500 repos_returned=500 next_cursor=set
2026-03-15T10:50:13Z WARNING bsky_collector_v2.job.index_feed_generators: listRecords failed repo=did:plc:3wdza7nkmonpmzwfo44vmvzq err=HttpError('InvalidRequest: Could not find repo: did:plc:3wdza7nkmonpmzwfo44vmvzq')
2026-03-15T10:50:21Z INFO bsky_collector_v2.job.index_feed_generators: indexed repo=did:plc:7276g4m6stnbr44x47i5ehxp part=139 records=1 next_cursor=set
2026-03-15T10:51:38Z WARNING bsky_collector_v2.job.index_feed_generators: listRecords failed repo=did:plc:3wdza7nkmonpmzwfo44vmvzq err=HttpError('InvalidRequest: Could not find repo: did:plc:3wdza7nkmonpmzwfo44vmvzq')
2026-03-15T10:51:38Z WARNING bsky_collector_v2.job.index_feed_generators: listRecords failed repo=did:plc:3wdza7nkmonpmzwfo44vmvzq err=HttpError('InvalidRequest: Could not find repo: did:plc:3wdza7nkmonpmzwfo44vmvzq')
2026-03-15T10:51:38Z INFO bsky_collector_v2.job.index_feed_generators: enqueued repos page=4 mode=listRepos inserted=500 repos_returned=500 next_cursor=set
2026-03-15T10:52:07Z WARNING bsky_collector_v2.job.index_feed_generators: listRecords failed repo=did:plc:fevp2c73swp2m5rub5qwaf74 err=HttpError('InvalidRequest: Could not find repo: did:plc:fevp2c73swp2m5rub5qwaf74')
2026-03-15T10:52:25Z INFO bsky_collector_v2.job.index_feed_generators: indexed repo=did:plc:oomgmlh564zlppijwt3mvz3o part=140 records=1 next_cursor=set
2026-03-15T10:52:57Z WARNING bsky_collector_v2.job.index_feed_generators: listRecords failed repo=did:plc:fevp2c73swp2m5rub5qwaf74 err=HttpError('InvalidRequest: Could not find repo: did:plc:fevp2c73swp2m5rub5qwaf74')
2026-03-15T10:52:57Z WARNING bsky_collector_v2.job.index_feed_generators: listRecords failed repo=did:plc:fevp2c73swp2m5rub5qwaf74 err=HttpError('InvalidRequest: Could not find repo: did:plc:fevp2c73swp2m5rub5qwaf74')
2026-03-15T10:52:58Z INFO bsky_collector_v2.job.index_feed_generators: enqueued repos page=5 mode=listRepos inserted=500 repos_returned=500 next_cursor=set
2026-03-15T10:54:36Z INFO bsky_collector_v2.job.index_feed_generators: enqueued repos page=6 mode=listRepos inserted=500 repos_returned=500 next_cursor=set
2026-03-15T10:56:11Z INFO bsky_collector_v2.job.index_feed_generators: enqueued repos page=7 mode=listRepos inserted=500 repos_returned=500 next_cursor=set
2026-03-15T10:57:43Z INFO bsky_collector_v2.job.index_feed_generators: enqueued repos page=8 mode=listRepos inserted=500 repos_returned=500 next_cursor=set
2026-03-15T10:59:18Z INFO bsky_collector_v2.job.index_feed_generators: enqueued repos page=9 mode=listRepos inserted=500 repos_returned=500 next_cursor=set
2026-03-15T10:59:39Z WARNING bsky_collector_v2.job.index_feed_generators: listRecords failed repo=did:plc:dzcphz6rhwmjv4vq4w4o2j7m err=HttpError('InvalidRequest: Could not find repo: did:plc:dzcphz6rhwmjv4vq4w4o2j7m')
2026-03-15T11:00:23Z INFO bsky_collector_v2.job.index_feed_generators: indexed repo=did:plc:s3h33asv3jmtoiu5ruofcrlh part=141 records=2 next_cursor=set
2026-03-15T11:00:46Z WARNING bsky_collector_v2.job.index_feed_generators: listRecords failed repo=did:plc:dzcphz6rhwmjv4vq4w4o2j7m err=HttpError('InvalidRequest: Could not find repo: did:plc:dzcphz6rhwmjv4vq4w4o2j7m')
2026-03-15T11:00:46Z WARNING bsky_collector_v2.job.index_feed_generators: listRecords failed repo=did:plc:dzcphz6rhwmjv4vq4w4o2j7m err=HttpError('InvalidRequest: Could not find repo: did:plc:dzcphz6rhwmjv4vq4w4o2j7m')
2026-03-15T11:00:47Z INFO bsky_collector_v2.job.index_feed_generators: enqueued repos page=10 mode=listRepos inserted=500 repos_returned=500 next_cursor=set
2026-03-15T11:00:50Z INFO bsky_collector_v2.job.index_feed_generators: indexed repo=did:plc:3nvezi5i5sca6ymc6wxsxh6u part=142 records=1 next_cursor=set
2026-03-15T11:01:40Z WARNING bsky_collector_v2.job.index_feed_generators: listRecords failed repo=did:plc:qy2g35ofptma4ep2fabhnbup err=HttpError('InvalidRequest: Could not find repo: did:plc:qy2g35ofptma4ep2fabhnbup')
2026-03-15T11:01:50Z WARNING bsky_collector_v2.job.index_feed_generators: listRecords failed repo=did:plc:ssjh7aasp5ubwjkazbpgzlfc err=HttpError('InvalidRequest: Could not find repo: did:plc:ssjh7aasp5ubwjkazbpgzlfc')
2026-03-15T11:02:14Z WARNING bsky_collector_v2.job.index_feed_generators: listRecords failed repo=did:plc:qy2g35ofptma4ep2fabhnbup err=HttpError('InvalidRequest: Could not find repo: did:plc:qy2g35ofptma4ep2fabhnbup')
2026-03-15T11:02:14Z WARNING bsky_collector_v2.job.index_feed_generators: listRecords failed repo=did:plc:ssjh7aasp5ubwjkazbpgzlfc err=HttpError('InvalidRequest: Could not find repo: did:plc:ssjh7aasp5ubwjkazbpgzlfc')
2026-03-15T11:02:14Z WARNING bsky_collector_v2.job.index_feed_generators: listRecords failed repo=did:plc:qy2g35ofptma4ep2fabhnbup err=HttpError('InvalidRequest: Could not find repo: did:plc:qy2g35ofptma4ep2fabhnbup')
2026-03-15T11:02:14Z WARNING bsky_collector_v2.job.index_feed_generators: listRecords failed repo=did:plc:ssjh7aasp5ubwjkazbpgzlfc err=HttpError('InvalidRequest: Could not find repo: did:plc:ssjh7aasp5ubwjkazbpgzlfc')
2026-03-15T11:02:15Z INFO bsky_collector_v2.job.index_feed_generators: enqueued repos page=11 mode=listRepos inserted=500 repos_returned=500 next_cursor=set
2026-03-15T11:03:53Z INFO bsky_collector_v2.job.index_feed_generators: enqueued repos page=12 mode=listRepos inserted=500 repos_returned=500 next_cursor=set
2026-03-15T11:04:04Z INFO bsky_collector_v2.job.index_feed_generators: indexed repo=did:plc:6irud2dwc6irfrn5y34znkfi part=143 records=1 next_cursor=set
2026-03-15T11:05:17Z INFO bsky_collector_v2.job.index_feed_generators: enqueued repos page=13 mode=listRepos inserted=500 repos_returned=500 next_cursor=set
2026-03-15T11:06:53Z INFO bsky_collector_v2.job.index_feed_generators: enqueued repos page=14 mode=listRepos inserted=500 repos_returned=500 next_cursor=set
2026-03-15T11:07:11Z INFO bsky_collector_v2.job.index_feed_generators: indexed repo=did:plc:bdwsrnatiwwtba2oulaxey3y part=144 records=3 next_cursor=set
2026-03-15T11:07:42Z WARNING bsky_collector_v2.job.index_feed_generators: listRecords failed repo=did:plc:jod45javnkzqrmnruobewm6h err=HttpError('InvalidRequest: Could not find repo: did:plc:jod45javnkzqrmnruobewm6h')
2026-03-15T11:08:25Z WARNING bsky_collector_v2.job.index_feed_generators: listRecords failed repo=did:plc:jod45javnkzqrmnruobewm6h err=HttpError('InvalidRequest: Could not find repo: did:plc:jod45javnkzqrmnruobewm6h')
2026-03-15T11:08:25Z WARNING bsky_collector_v2.job.index_feed_generators: listRecords failed repo=did:plc:jod45javnkzqrmnruobewm6h err=HttpError('InvalidRequest: Could not find repo: did:plc:jod45javnkzqrmnruobewm6h')
2026-03-15T11:08:26Z INFO bsky_collector_v2.job.index_feed_generators: enqueued repos page=15 mode=listRepos inserted=500 repos_returned=500 next_cursor=set
2026-03-15T11:08:50Z WARNING bsky_collector_v2.job.index_feed_generators: listRecords failed repo=did:plc:ehdzkwjc5gza4k4cj5fn75di err=HttpError('InvalidRequest: Could not find repo: did:plc:ehdzkwjc5gza4k4cj5fn75di')
2026-03-15T11:09:00Z WARNING bsky_collector_v2.job.index_feed_generators: listRecords failed repo=did:plc:izc3ehv3dlsvt5vemnn6aimz err=HttpError('InvalidRequest: Could not find repo: did:plc:izc3ehv3dlsvt5vemnn6aimz')
2026-03-15T11:09:22Z INFO bsky_collector_v2.job.index_feed_generators: indexed repo=did:plc:rbm6ynpvjgap6i2ctr2ho3hz part=145 records=3 next_cursor=set
2026-03-15T11:09:48Z WARNING bsky_collector_v2.job.index_feed_generators: listRecords failed repo=did:plc:ehdzkwjc5gza4k4cj5fn75di err=HttpError('InvalidRequest: Could not find repo: did:plc:ehdzkwjc5gza4k4cj5fn75di')
2026-03-15T11:09:48Z WARNING bsky_collector_v2.job.index_feed_generators: listRecords failed repo=did:plc:izc3ehv3dlsvt5vemnn6aimz err=HttpError('InvalidRequest: Could not find repo: did:plc:izc3ehv3dlsvt5vemnn6aimz')
2026-03-15T11:09:48Z WARNING bsky_collector_v2.job.index_feed_generators: listRecords failed repo=did:plc:ehdzkwjc5gza4k4cj5fn75di err=HttpError('InvalidRequest: Could not find repo: did:plc:ehdzkwjc5gza4k4cj5fn75di')
2026-03-15T11:09:49Z WARNING bsky_collector_v2.job.index_feed_generators: listRecords failed repo=did:plc:izc3ehv3dlsvt5vemnn6aimz err=HttpError('InvalidRequest: Could not find repo: did:plc:izc3ehv3dlsvt5vemnn6aimz')
2026-03-15T11:09:49Z INFO bsky_collector_v2.job.index_feed_generators: enqueued repos page=16 mode=listRepos inserted=500 repos_returned=500 next_cursor=set
2026-03-15T11:10:09Z WARNING bsky_collector_v2.job.index_feed_generators: listRecords failed repo=did:plc:bmk7oxf74mcqzbvuh2whkoni err=HttpError('InvalidRequest: Could not find repo: did:plc:bmk7oxf74mcqzbvuh2whkoni')
2026-03-15T11:10:32Z WARNING bsky_collector_v2.job.index_feed_generators: listRecords failed repo=did:plc:lackfjha4pdg52qkjzrbuffr err=HttpError('InvalidRequest: Could not find repo: did:plc:lackfjha4pdg52qkjzrbuffr')
2026-03-15T11:11:06Z WARNING bsky_collector_v2.job.index_feed_generators: listRecords failed repo=did:plc:zjthfuot54osb34nrr6dfev5 err=HttpError('InvalidRequest: Could not find repo: did:plc:zjthfuot54osb34nrr6dfev5')
2026-03-15T11:11:07Z WARNING bsky_collector_v2.job.index_feed_generators: listRecords failed repo=did:plc:bmk7oxf74mcqzbvuh2whkoni err=HttpError('InvalidRequest: Could not find repo: did:plc:bmk7oxf74mcqzbvuh2whkoni')
2026-03-15T11:11:07Z WARNING bsky_collector_v2.job.index_feed_generators: listRecords failed repo=did:plc:lackfjha4pdg52qkjzrbuffr err=HttpError('InvalidRequest: Could not find repo: did:plc:lackfjha4pdg52qkjzrbuffr')
2026-03-15T11:11:07Z WARNING bsky_collector_v2.job.index_feed_generators: listRecords failed repo=did:plc:zjthfuot54osb34nrr6dfev5 err=HttpError('InvalidRequest: Could not find repo: did:plc:zjthfuot54osb34nrr6dfev5')
2026-03-15T11:11:07Z WARNING bsky_collector_v2.job.index_feed_generators: listRecords failed repo=did:plc:bmk7oxf74mcqzbvuh2whkoni err=HttpError('InvalidRequest: Could not find repo: did:plc:bmk7oxf74mcqzbvuh2whkoni')
2026-03-15T11:11:07Z WARNING bsky_collector_v2.job.index_feed_generators: listRecords failed repo=did:plc:lackfjha4pdg52qkjzrbuffr err=HttpError('InvalidRequest: Could not find repo: did:plc:lackfjha4pdg52qkjzrbuffr')
2026-03-15T11:11:07Z WARNING bsky_collector_v2.job.index_feed_generators: listRecords failed repo=did:plc:zjthfuot54osb34nrr6dfev5 err=HttpError('InvalidRequest: Could not find repo: did:plc:zjthfuot54osb34nrr6dfev5')
2026-03-15T11:11:08Z INFO bsky_collector_v2.job.index_feed_generators: enqueued repos page=17 mode=listRepos inserted=500 repos_returned=500 next_cursor=set
2026-03-15T11:11:56Z WARNING bsky_collector_v2.job.index_feed_generators: listRecords failed repo=did:plc:lmsxm4bbdmngmvz7sgi4uu43 err=HttpError('InvalidRequest: Could not find repo: did:plc:lmsxm4bbdmngmvz7sgi4uu43')
2026-03-15T11:12:34Z WARNING bsky_collector_v2.job.index_feed_generators: listRecords failed repo=did:plc:lmsxm4bbdmngmvz7sgi4uu43 err=HttpError('InvalidRequest: Could not find repo: did:plc:lmsxm4bbdmngmvz7sgi4uu43')
2026-03-15T11:12:34Z WARNING bsky_collector_v2.job.index_feed_generators: listRecords failed repo=did:plc:lmsxm4bbdmngmvz7sgi4uu43 err=HttpError('InvalidRequest: Could not find repo: did:plc:lmsxm4bbdmngmvz7sgi4uu43')
2026-03-15T11:12:35Z INFO bsky_collector_v2.job.index_feed_generators: enqueued repos page=18 mode=listRepos inserted=500 repos_returned=500 next_cursor=set
2026-03-15T11:12:55Z WARNING bsky_collector_v2.job.index_feed_generators: listRecords failed repo=did:plc:c2knsriztsjra4qnfc2etqqh err=HttpError('InvalidRequest: Could not find repo: did:plc:c2knsriztsjra4qnfc2etqqh')
2026-03-15T11:13:12Z WARNING bsky_collector_v2.job.index_feed_generators: listRecords failed repo=did:plc:hwraxis6qih5yxnz5trz27gj err=HttpError('InvalidRequest: Could not find repo: did:plc:hwraxis6qih5yxnz5trz27gj')
2026-03-15T11:13:23Z WARNING bsky_collector_v2.job.index_feed_generators: listRecords failed repo=did:plc:jvpik75txipizhm2kaf6jcjk err=HttpError('InvalidRequest: Could not find repo: did:plc:jvpik75txipizhm2kaf6jcjk')
2026-03-15T11:13:56Z WARNING bsky_collector_v2.job.index_feed_generators: listRecords failed repo=did:plc:qqtsvjght26bx535tcq2uzoq err=HttpError('InvalidRequest: Could not find repo: did:plc:qqtsvjght26bx535tcq2uzoq')
2026-03-15T11:14:03Z WARNING bsky_collector_v2.job.index_feed_generators: listRecords failed repo=did:plc:twriouxfbpkpdujv6dp2yymd err=HttpError('InvalidRequest: Could not find repo: did:plc:twriouxfbpkpdujv6dp2yymd')
2026-03-15T11:14:06Z WARNING bsky_collector_v2.job.index_feed_generators: listRecords failed repo=did:plc:uzaotyyvjfrj2yvcpkn5jx52 err=HttpError('InvalidRequest: Could not find repo: did:plc:uzaotyyvjfrj2yvcpkn5jx52')
2026-03-15T11:14:09Z WARNING bsky_collector_v2.job.index_feed_generators: listRecords failed repo=did:plc:vqryhtcekee7phkqqoxwiufp err=HttpError('InvalidRequest: Could not find repo: did:plc:vqryhtcekee7phkqqoxwiufp')
2026-03-15T11:14:19Z WARNING bsky_collector_v2.job.index_feed_generators: listRecords failed repo=did:plc:c2knsriztsjra4qnfc2etqqh err=HttpError('InvalidRequest: Could not find repo: did:plc:c2knsriztsjra4qnfc2etqqh')
2026-03-15T11:14:19Z WARNING bsky_collector_v2.job.index_feed_generators: listRecords failed repo=did:plc:hwraxis6qih5yxnz5trz27gj err=HttpError('InvalidRequest: Could not find repo: did:plc:hwraxis6qih5yxnz5trz27gj')
2026-03-15T11:14:19Z WARNING bsky_collector_v2.job.index_feed_generators: listRecords failed repo=did:plc:jvpik75txipizhm2kaf6jcjk err=HttpError('InvalidRequest: Could not find repo: did:plc:jvpik75txipizhm2kaf6jcjk')
2026-03-15T11:14:19Z WARNING bsky_collector_v2.job.index_feed_generators: listRecords failed repo=did:plc:qqtsvjght26bx535tcq2uzoq err=HttpError('InvalidRequest: Could not find repo: did:plc:qqtsvjght26bx535tcq2uzoq')
2026-03-15T11:14:19Z WARNING bsky_collector_v2.job.index_feed_generators: listRecords failed repo=did:plc:twriouxfbpkpdujv6dp2yymd err=HttpError('InvalidRequest: Could not find repo: did:plc:twriouxfbpkpdujv6dp2yymd')
2026-03-15T11:14:19Z WARNING bsky_collector_v2.job.index_feed_generators: listRecords failed repo=did:plc:uzaotyyvjfrj2yvcpkn5jx52 err=HttpError('InvalidRequest: Could not find repo: did:plc:uzaotyyvjfrj2yvcpkn5jx52')
2026-03-15T11:14:19Z WARNING bsky_collector_v2.job.index_feed_generators: listRecords failed repo=did:plc:vqryhtcekee7phkqqoxwiufp err=HttpError('InvalidRequest: Could not find repo: did:plc:vqryhtcekee7phkqqoxwiufp')
2026-03-15T11:14:19Z WARNING bsky_collector_v2.job.index_feed_generators: listRecords failed repo=did:plc:c2knsriztsjra4qnfc2etqqh err=HttpError('InvalidRequest: Could not find repo: did:plc:c2knsriztsjra4qnfc2etqqh')
2026-03-15T11:14:19Z WARNING bsky_collector_v2.job.index_feed_generators: listRecords failed repo=did:plc:hwraxis6qih5yxnz5trz27gj err=HttpError('InvalidRequest: Could not find repo: did:plc:hwraxis6qih5yxnz5trz27gj')
2026-03-15T11:14:19Z WARNING bsky_collector_v2.job.index_feed_generators: listRecords failed repo=did:plc:jvpik75txipizhm2kaf6jcjk err=HttpError('InvalidRequest: Could not find repo: did:plc:jvpik75txipizhm2kaf6jcjk')
2026-03-15T11:14:19Z WARNING bsky_collector_v2.job.index_feed_generators: listRecords failed repo=did:plc:qqtsvjght26bx535tcq2uzoq err=HttpError('InvalidRequest: Could not find repo: did:plc:qqtsvjght26bx535tcq2uzoq')
2026-03-15T11:14:19Z WARNING bsky_collector_v2.job.index_feed_generators: listRecords failed repo=did:plc:twriouxfbpkpdujv6dp2yymd err=HttpError('InvalidRequest: Could not find repo: did:plc:twriouxfbpkpdujv6dp2yymd')
2026-03-15T11:14:19Z WARNING bsky_collector_v2.job.index_feed_generators: listRecords failed repo=did:plc:uzaotyyvjfrj2yvcpkn5jx52 err=HttpError('InvalidRequest: Could not find repo: did:plc:uzaotyyvjfrj2yvcpkn5jx52')
2026-03-15T11:14:20Z WARNING bsky_collector_v2.job.index_feed_generators: listRecords failed repo=did:plc:vqryhtcekee7phkqqoxwiufp err=HttpError('InvalidRequest: Could not find repo: did:plc:vqryhtcekee7phkqqoxwiufp')
2026-03-15T11:14:20Z INFO bsky_collector_v2.job.index_feed_generators: enqueued repos page=19 mode=listRepos inserted=500 repos_returned=500 next_cursor=set
2026-03-15T11:15:19Z WARNING bsky_collector_v2.job.index_feed_generators: listRecords failed repo=did:plc:rahczivbabsrslyhdvq6pd5u err=HttpError('InvalidRequest: Could not find repo: did:plc:rahczivbabsrslyhdvq6pd5u')
2026-03-15T11:15:35Z INFO bsky_collector_v2.job.index_feed_generators: indexed repo=did:plc:xahquq6dmlvp2e443uiihx4h part=146 records=2 next_cursor=set
2026-03-15T11:15:41Z WARNING bsky_collector_v2.job.index_feed_generators: listRecords failed repo=did:plc:zjuyi66w3cujzqkh3qafrlxf err=HttpError('InvalidRequest: Could not find repo: did:plc:zjuyi66w3cujzqkh3qafrlxf')
2026-03-15T11:15:41Z WARNING bsky_collector_v2.job.index_feed_generators: listRecords failed repo=did:plc:rahczivbabsrslyhdvq6pd5u err=HttpError('InvalidRequest: Could not find repo: did:plc:rahczivbabsrslyhdvq6pd5u')
2026-03-15T11:15:41Z WARNING bsky_collector_v2.job.index_feed_generators: listRecords failed repo=did:plc:zjuyi66w3cujzqkh3qafrlxf err=HttpError('InvalidRequest: Could not find repo: did:plc:zjuyi66w3cujzqkh3qafrlxf')
2026-03-15T11:15:41Z WARNING bsky_collector_v2.job.index_feed_generators: listRecords failed repo=did:plc:rahczivbabsrslyhdvq6pd5u err=HttpError('InvalidRequest: Could not find repo: did:plc:rahczivbabsrslyhdvq6pd5u')
2026-03-15T11:15:41Z WARNING bsky_collector_v2.job.index_feed_generators: listRecords failed repo=did:plc:zjuyi66w3cujzqkh3qafrlxf err=HttpError('InvalidRequest: Could not find repo: did:plc:zjuyi66w3cujzqkh3qafrlxf')
2026-03-15T11:15:42Z INFO bsky_collector_v2.job.index_feed_generators: enqueued repos page=20 mode=listRepos inserted=500 repos_returned=500 next_cursor=set
2026-03-15T11:15:44Z WARNING bsky_collector_v2.job.index_feed_generators: listRecords failed repo=did:plc:2szbxeqcfzogytmoee7ezvy7 err=HttpError('InvalidRequest: Could not find repo: did:plc:2szbxeqcfzogytmoee7ezvy7')
2026-03-15T11:17:00Z WARNING bsky_collector_v2.job.index_feed_generators: listRecords failed repo=did:plc:2szbxeqcfzogytmoee7ezvy7 err=HttpError('InvalidRequest: Could not find repo: did:plc:2szbxeqcfzogytmoee7ezvy7')
2026-03-15T11:17:00Z WARNING bsky_collector_v2.job.index_feed_generators: listRecords failed repo=did:plc:2szbxeqcfzogytmoee7ezvy7 err=HttpError('InvalidRequest: Could not find repo: did:plc:2szbxeqcfzogytmoee7ezvy7')
2026-03-15T11:17:01Z INFO bsky_collector_v2.job.index_feed_generators: enqueued repos page=21 mode=listRepos inserted=500 repos_returned=500 next_cursor=set
2026-03-15T11:18:29Z WARNING bsky_collector_v2.job.index_feed_generators: listRecords failed repo=did:plc:xbkpq5pahptcjthgr3girbpd err=HttpError('InvalidRequest: Could not find repo: did:plc:xbkpq5pahptcjthgr3girbpd')
2026-03-15T11:18:46Z WARNING bsky_collector_v2.job.index_feed_generators: listRecords failed repo=did:plc:xbkpq5pahptcjthgr3girbpd err=HttpError('InvalidRequest: Could not find repo: did:plc:xbkpq5pahptcjthgr3girbpd')
2026-03-15T11:18:46Z WARNING bsky_collector_v2.job.index_feed_generators: listRecords failed repo=did:plc:xbkpq5pahptcjthgr3girbpd err=HttpError('InvalidRequest: Could not find repo: did:plc:xbkpq5pahptcjthgr3girbpd')
2026-03-15T11:18:47Z INFO bsky_collector_v2.job.index_feed_generators: enqueued repos page=22 mode=listRepos inserted=500 repos_returned=500 next_cursor=set
2026-03-15T11:20:18Z WARNING bsky_collector_v2.job.index_feed_generators: listRecords failed repo=did:plc:ujagbi47ltba6fagegvadn7p err=HttpError('InvalidRequest: Could not find repo: did:plc:ujagbi47ltba6fagegvadn7p')
2026-03-15T11:20:44Z WARNING bsky_collector_v2.job.index_feed_generators: listRecords failed repo=did:plc:ujagbi47ltba6fagegvadn7p err=HttpError('InvalidRequest: Could not find repo: did:plc:ujagbi47ltba6fagegvadn7p')
2026-03-15T11:20:44Z WARNING bsky_collector_v2.job.index_feed_generators: listRecords failed repo=did:plc:ujagbi47ltba6fagegvadn7p err=HttpError('InvalidRequest: Could not find repo: did:plc:ujagbi47ltba6fagegvadn7p')
2026-03-15T11:20:45Z INFO bsky_collector_v2.job.index_feed_generators: enqueued repos page=23 mode=listRepos inserted=500 repos_returned=500 next_cursor=set
2026-03-15T11:21:08Z WARNING bsky_collector_v2.job.index_feed_generators: listRecords failed repo=did:plc:c32pfovcfvqklw4rod5odzip err=HttpError('InvalidRequest: Could not find repo: did:plc:c32pfovcfvqklw4rod5odzip')
2026-03-15T11:21:34Z WARNING bsky_collector_v2.job.index_feed_generators: listRecords failed repo=did:plc:oo5okcpo67pfam55d6hjhqy3 err=HttpError('InvalidRequest: Could not find repo: did:plc:oo5okcpo67pfam55d6hjhqy3')
2026-03-15T11:21:55Z WARNING bsky_collector_v2.job.index_feed_generators: listRecords failed repo=did:plc:tt252u4omk6fyieqrtv27isk err=HttpError('InvalidRequest: Could not find repo: did:plc:tt252u4omk6fyieqrtv27isk')
2026-03-15T11:22:26Z WARNING bsky_collector_v2.job.index_feed_generators: listRecords failed repo=did:plc:c32pfovcfvqklw4rod5odzip err=HttpError('InvalidRequest: Could not find repo: did:plc:c32pfovcfvqklw4rod5odzip')
2026-03-15T11:22:26Z WARNING bsky_collector_v2.job.index_feed_generators: listRecords failed repo=did:plc:oo5okcpo67pfam55d6hjhqy3 err=HttpError('InvalidRequest: Could not find repo: did:plc:oo5okcpo67pfam55d6hjhqy3')
2026-03-15T11:22:26Z WARNING bsky_collector_v2.job.index_feed_generators: listRecords failed repo=did:plc:tt252u4omk6fyieqrtv27isk err=HttpError('InvalidRequest: Could not find repo: did:plc:tt252u4omk6fyieqrtv27isk')
2026-03-15T11:22:26Z WARNING bsky_collector_v2.job.index_feed_generators: listRecords failed repo=did:plc:c32pfovcfvqklw4rod5odzip err=HttpError('InvalidRequest: Could not find repo: did:plc:c32pfovcfvqklw4rod5odzip')
2026-03-15T11:22:26Z WARNING bsky_collector_v2.job.index_feed_generators: listRecords failed repo=did:plc:oo5okcpo67pfam55d6hjhqy3 err=HttpError('InvalidRequest: Could not find repo: did:plc:oo5okcpo67pfam55d6hjhqy3')
2026-03-15T11:22:26Z WARNING bsky_collector_v2.job.index_feed_generators: listRecords failed repo=did:plc:tt252u4omk6fyieqrtv27isk err=HttpError('InvalidRequest: Could not find repo: did:plc:tt252u4omk6fyieqrtv27isk')
2026-03-15T11:22:27Z INFO bsky_collector_v2.job.index_feed_generators: enqueued repos page=24 mode=listRepos inserted=500 repos_returned=500 next_cursor=set
2026-03-15T11:23:26Z INFO bsky_collector_v2.job.index_feed_generators: indexed repo=did:plc:lcn5zsz2e7kjwoe4ldf3chr5 part=147 records=13 next_cursor=set
2026-03-15T11:24:07Z INFO bsky_collector_v2.job.index_feed_generators: enqueued repos page=25 mode=listRepos inserted=500 repos_returned=500 next_cursor=set
2026-03-15T11:24:24Z INFO bsky_collector_v2.job.index_feed_generators: indexed repo=did:plc:bhcfkifmhk7d4xkk5ermykr7 part=148 records=1 next_cursor=set
2026-03-15T11:24:39Z WARNING bsky_collector_v2.job.index_feed_generators: listRecords failed repo=did:plc:hsxshnrae4rp5upojasuskg5 err=HttpError('InvalidRequest: Could not find repo: did:plc:hsxshnrae4rp5upojasuskg5')
2026-03-15T11:25:25Z WARNING bsky_collector_v2.job.index_feed_generators: listRecords failed repo=did:plc:hsxshnrae4rp5upojasuskg5 err=HttpError('InvalidRequest: Could not find repo: did:plc:hsxshnrae4rp5upojasuskg5')
2026-03-15T11:25:26Z WARNING bsky_collector_v2.job.index_feed_generators: listRecords failed repo=did:plc:hsxshnrae4rp5upojasuskg5 err=HttpError('InvalidRequest: Could not find repo: did:plc:hsxshnrae4rp5upojasuskg5')
2026-03-15T11:25:26Z INFO bsky_collector_v2.job.index_feed_generators: enqueued repos page=26 mode=listRepos inserted=500 repos_returned=500 next_cursor=set
2026-03-15T11:26:47Z INFO bsky_collector_v2.job.index_feed_generators: enqueued repos page=27 mode=listRepos inserted=500 repos_returned=500 next_cursor=set
2026-03-15T11:26:55Z INFO bsky_collector_v2.job.index_feed_generators: indexed repo=did:plc:4la67prrlyf2a3lpl2ig2srv part=149 records=5 next_cursor=set
2026-03-15T11:28:24Z INFO bsky_collector_v2.job.index_feed_generators: enqueued repos page=28 mode=listRepos inserted=500 repos_returned=500 next_cursor=set
2026-03-15T11:29:31Z WARNING bsky_collector_v2.job.index_feed_generators: listRecords failed repo=did:plc:oxbdyuutbqq5qnxxymulwdp6 err=HttpError('InvalidRequest: Could not find repo: did:plc:oxbdyuutbqq5qnxxymulwdp6')
2026-03-15T11:29:57Z WARNING bsky_collector_v2.job.index_feed_generators: listRecords failed repo=did:plc:oxbdyuutbqq5qnxxymulwdp6 err=HttpError('InvalidRequest: Could not find repo: did:plc:oxbdyuutbqq5qnxxymulwdp6')
2026-03-15T11:29:57Z WARNING bsky_collector_v2.job.index_feed_generators: listRecords failed repo=did:plc:oxbdyuutbqq5qnxxymulwdp6 err=HttpError('InvalidRequest: Could not find repo: did:plc:oxbdyuutbqq5qnxxymulwdp6')
2026-03-15T11:29:58Z INFO bsky_collector_v2.job.index_feed_generators: enqueued repos page=29 mode=listRepos inserted=500 repos_returned=500 next_cursor=set
2026-03-15T11:31:32Z INFO bsky_collector_v2.job.index_feed_generators: enqueued repos page=30 mode=listRepos inserted=500 repos_returned=500 next_cursor=set
2026-03-15T11:31:44Z WARNING bsky_collector_v2.job.index_feed_generators: listRecords failed repo=did:plc:7bk57lq4y2fcglznnumf54bb err=HttpError('InvalidRequest: Could not find repo: did:plc:7bk57lq4y2fcglznnumf54bb')
2026-03-15T11:31:57Z WARNING bsky_collector_v2.job.index_feed_generators: listRecords failed repo=did:plc:ew3ecydc6fghax6qmh5nzdje err=HttpError('InvalidRequest: Could not find repo: did:plc:ew3ecydc6fghax6qmh5nzdje')
2026-03-15T11:32:50Z WARNING bsky_collector_v2.job.index_feed_generators: listRecords failed repo=did:plc:7bk57lq4y2fcglznnumf54bb err=HttpError('InvalidRequest: Could not find repo: did:plc:7bk57lq4y2fcglznnumf54bb')
2026-03-15T11:32:50Z WARNING bsky_collector_v2.job.index_feed_generators: listRecords failed repo=did:plc:ew3ecydc6fghax6qmh5nzdje err=HttpError('InvalidRequest: Could not find repo: did:plc:ew3ecydc6fghax6qmh5nzdje')
2026-03-15T11:32:50Z WARNING bsky_collector_v2.job.index_feed_generators: listRecords failed repo=did:plc:7bk57lq4y2fcglznnumf54bb err=HttpError('InvalidRequest: Could not find repo: did:plc:7bk57lq4y2fcglznnumf54bb')
2026-03-15T11:32:50Z WARNING bsky_collector_v2.job.index_feed_generators: listRecords failed repo=did:plc:ew3ecydc6fghax6qmh5nzdje err=HttpError('InvalidRequest: Could not find repo: did:plc:ew3ecydc6fghax6qmh5nzdje')
2026-03-15T11:32:51Z INFO bsky_collector_v2.job.index_feed_generators: enqueued repos page=31 mode=listRepos inserted=500 repos_returned=500 next_cursor=set
2026-03-15T11:33:15Z WARNING bsky_collector_v2.job.index_feed_generators: listRecords failed repo=did:plc:dfq44zwzsbp34g6jzaqhopty err=HttpError('InvalidRequest: Could not find repo: did:plc:dfq44zwzsbp34g6jzaqhopty')
2026-03-15T11:34:02Z WARNING bsky_collector_v2.job.index_feed_generators: listRecords failed repo=did:plc:wtxysecldbivxyvejouvb3dy err=HttpError('InvalidRequest: Could not find repo: did:plc:wtxysecldbivxyvejouvb3dy')
2026-03-15T11:34:04Z WARNING bsky_collector_v2.job.index_feed_generators: listRecords failed repo=did:plc:xbupgljpe4ipkbbjkwq4dtv3 err=HttpError('InvalidRequest: Could not find repo: did:plc:xbupgljpe4ipkbbjkwq4dtv3')
2026-03-15T11:34:09Z INFO bsky_collector_v2.job.index_feed_generators: indexed repo=did:plc:ypkgzww7c56wwsazkmjxbztg part=150 records=1 next_cursor=set
2026-03-15T11:34:11Z WARNING bsky_collector_v2.job.index_feed_generators: listRecords failed repo=did:plc:dfq44zwzsbp34g6jzaqhopty err=HttpError('InvalidRequest: Could not find repo: did:plc:dfq44zwzsbp34g6jzaqhopty')
2026-03-15T11:34:12Z WARNING bsky_collector_v2.job.index_feed_generators: listRecords failed repo=did:plc:wtxysecldbivxyvejouvb3dy err=HttpError('InvalidRequest: Could not find repo: did:plc:wtxysecldbivxyvejouvb3dy')
2026-03-15T11:34:12Z WARNING bsky_collector_v2.job.index_feed_generators: listRecords failed repo=did:plc:xbupgljpe4ipkbbjkwq4dtv3 err=HttpError('InvalidRequest: Could not find repo: did:plc:xbupgljpe4ipkbbjkwq4dtv3')
2026-03-15T11:34:12Z WARNING bsky_collector_v2.job.index_feed_generators: listRecords failed repo=did:plc:dfq44zwzsbp34g6jzaqhopty err=HttpError('InvalidRequest: Could not find repo: did:plc:dfq44zwzsbp34g6jzaqhopty')
2026-03-15T11:34:12Z WARNING bsky_collector_v2.job.index_feed_generators: listRecords failed repo=did:plc:wtxysecldbivxyvejouvb3dy err=HttpError('InvalidRequest: Could not find repo: did:plc:wtxysecldbivxyvejouvb3dy')
2026-03-15T11:34:12Z WARNING bsky_collector_v2.job.index_feed_generators: listRecords failed repo=did:plc:xbupgljpe4ipkbbjkwq4dtv3 err=HttpError('InvalidRequest: Could not find repo: did:plc:xbupgljpe4ipkbbjkwq4dtv3')
2026-03-15T11:34:13Z INFO bsky_collector_v2.job.index_feed_generators: enqueued repos page=32 mode=listRepos inserted=500 repos_returned=500 next_cursor=set
2026-03-15T11:34:13Z WARNING bsky_collector_v2.job.index_feed_generators: listRecords failed repo=did:plc:2bmb2l6y7zjk52kchyuhdm4o err=HttpError('InvalidRequest: Could not find repo: did:plc:2bmb2l6y7zjk52kchyuhdm4o')
2026-03-15T11:34:14Z WARNING bsky_collector_v2.job.index_feed_generators: listRecords failed repo=did:plc:2ic5u4su76rrgmrwpchemkak err=HttpError('InvalidRequest: Could not find repo: did:plc:2ic5u4su76rrgmrwpchemkak')
2026-03-15T11:34:14Z WARNING bsky_collector_v2.job.index_feed_generators: listRecords failed repo=did:plc:2jjk5fnckg4uqc4a2txwxm4f err=HttpError('InvalidRequest: Could not find repo: did:plc:2jjk5fnckg4uqc4a2txwxm4f')
2026-03-15T11:34:14Z WARNING bsky_collector_v2.job.index_feed_generators: listRecords failed repo=did:plc:2r6rl2brwsx7cutj3vk26cfe err=HttpError('InvalidRequest: Could not find repo: did:plc:2r6rl2brwsx7cutj3vk26cfe')
2026-03-15T11:34:14Z WARNING bsky_collector_v2.job.index_feed_generators: listRecords failed repo=did:plc:2uethiuc4qpmjlvkylftnfcg err=HttpError('InvalidRequest: Could not find repo: did:plc:2uethiuc4qpmjlvkylftnfcg')
2026-03-15T11:34:14Z WARNING bsky_collector_v2.job.index_feed_generators: listRecords failed repo=did:plc:2vospffmxhckmthdxxvnpedt err=HttpError('InvalidRequest: Could not find repo: did:plc:2vospffmxhckmthdxxvnpedt')
2026-03-15T11:34:15Z WARNING bsky_collector_v2.job.index_feed_generators: listRecords failed repo=did:plc:2xpvehhd3yywml7spmchmesm err=HttpError('InvalidRequest: Could not find repo: did:plc:2xpvehhd3yywml7spmchmesm')
2026-03-15T11:34:15Z WARNING bsky_collector_v2.job.index_feed_generators: listRecords failed repo=did:plc:37zy5uq27w63nvkuef3t4iuq err=HttpError('InvalidRequest: Could not find repo: did:plc:37zy5uq27w63nvkuef3t4iuq')
2026-03-15T11:34:15Z WARNING bsky_collector_v2.job.index_feed_generators: listRecords failed repo=did:plc:3cpj3zkgightmkaav6b3tmcu err=HttpError('InvalidRequest: Could not find repo: did:plc:3cpj3zkgightmkaav6b3tmcu')
2026-03-15T11:34:15Z WARNING bsky_collector_v2.job.index_feed_generators: listRecords failed repo=did:plc:3cycwfmorrjmka345y3s2yqf err=HttpError('InvalidRequest: Could not find repo: did:plc:3cycwfmorrjmka345y3s2yqf')
2026-03-15T11:34:15Z WARNING bsky_collector_v2.job.index_feed_generators: listRecords failed repo=did:plc:3excivccedb256d5syemjjgf err=HttpError('InvalidRequest: Could not find repo: did:plc:3excivccedb256d5syemjjgf')
2026-03-15T11:34:17Z WARNING bsky_collector_v2.job.index_feed_generators: listRecords failed repo=did:plc:445wlrop73dascynqtf3if2b err=HttpError('InvalidRequest: Could not find repo: did:plc:445wlrop73dascynqtf3if2b')
2026-03-15T11:34:18Z WARNING bsky_collector_v2.job.index_feed_generators: listRecords failed repo=did:plc:4anbx7vssumrj46yrx32q72l err=HttpError('InvalidRequest: Could not find repo: did:plc:4anbx7vssumrj46yrx32q72l')
2026-03-15T11:34:20Z WARNING bsky_collector_v2.job.index_feed_generators: listRecords failed repo=did:plc:4hlbzvsuy4lo5i7sw72qprbj err=HttpError('InvalidRequest: Could not find repo: did:plc:4hlbzvsuy4lo5i7sw72qprbj')
2026-03-15T11:34:21Z WARNING bsky_collector_v2.job.index_feed_generators: listRecords failed repo=did:plc:4rtpq3vxohzzex5rlph2tdmo err=HttpError('InvalidRequest: Could not find repo: did:plc:4rtpq3vxohzzex5rlph2tdmo')
2026-03-15T11:34:21Z WARNING bsky_collector_v2.job.index_feed_generators: listRecords failed repo=did:plc:52n5ebjwibtehnwl36jfb2db err=HttpError('InvalidRequest: Could not find repo: did:plc:52n5ebjwibtehnwl36jfb2db')
2026-03-15T11:34:22Z WARNING bsky_collector_v2.job.index_feed_generators: listRecords failed repo=did:plc:5455mqqjadna3aybn7cvyukz err=HttpError('InvalidRequest: Could not find repo: did:plc:5455mqqjadna3aybn7cvyukz')
2026-03-15T11:34:22Z WARNING bsky_collector_v2.job.index_feed_generators: listRecords failed repo=did:plc:5bp2h5xhf5hfp3ncuta2lrlo err=HttpError('InvalidRequest: Could not find repo: did:plc:5bp2h5xhf5hfp3ncuta2lrlo')
2026-03-15T11:34:24Z WARNING bsky_collector_v2.job.index_feed_generators: listRecords failed repo=did:plc:5rw7fkgv4qbutb6rhwr4opgi err=HttpError('InvalidRequest: Could not find repo: did:plc:5rw7fkgv4qbutb6rhwr4opgi')
2026-03-15T11:34:24Z WARNING bsky_collector_v2.job.index_feed_generators: listRecords failed repo=did:plc:5trcwd7itgia2spswe3sotme err=HttpError('InvalidRequest: Could not find repo: did:plc:5trcwd7itgia2spswe3sotme')
2026-03-15T11:34:24Z WARNING bsky_collector_v2.job.index_feed_generators: listRecords failed repo=did:plc:67knqaldxw3d5mqcepz26chy err=HttpError('InvalidRequest: Could not find repo: did:plc:67knqaldxw3d5mqcepz26chy')
2026-03-15T11:34:24Z WARNING bsky_collector_v2.job.index_feed_generators: listRecords failed repo=did:plc:6a4v7lcijwnnfmcj2ljze6mn err=HttpError('InvalidRequest: Could not find repo: did:plc:6a4v7lcijwnnfmcj2ljze6mn')
2026-03-15T11:34:24Z WARNING bsky_collector_v2.job.index_feed_generators: listRecords failed repo=did:plc:6fi7ixazcpxsdphg7z4h4rub err=HttpError('InvalidRequest: Could not find repo: did:plc:6fi7ixazcpxsdphg7z4h4rub')
2026-03-15T11:34:25Z WARNING bsky_collector_v2.job.index_feed_generators: listRecords failed repo=did:plc:6kg33pqytuyb5rgrngi4p4vc err=HttpError('InvalidRequest: Could not find repo: did:plc:6kg33pqytuyb5rgrngi4p4vc')
2026-03-15T11:34:26Z WARNING bsky_collector_v2.job.index_feed_generators: listRecords failed repo=did:plc:6t674yjbfseuvzmjraymwhlb err=HttpError('InvalidRequest: Could not find repo: did:plc:6t674yjbfseuvzmjraymwhlb')
2026-03-15T11:34:26Z WARNING bsky_collector_v2.job.index_feed_generators: listRecords failed repo=did:plc:6u66a5xhaixkcyxc45rbacyg err=HttpError('InvalidRequest: Could not find repo: did:plc:6u66a5xhaixkcyxc45rbacyg')
2026-03-15T11:34:26Z WARNING bsky_collector_v2.job.index_feed_generators: listRecords failed repo=did:plc:6vgdxrnumxxs7goq5qr2ecuq err=HttpError('InvalidRequest: Could not find repo: did:plc:6vgdxrnumxxs7goq5qr2ecuq')
2026-03-15T11:34:26Z WARNING bsky_collector_v2.job.index_feed_generators: listRecords failed repo=did:plc:73o7dqnohlp3uwup3dapadco err=HttpError('InvalidRequest: Could not find repo: did:plc:73o7dqnohlp3uwup3dapadco')
2026-03-15T11:34:27Z WARNING bsky_collector_v2.job.index_feed_generators: listRecords failed repo=did:plc:7dp2ttcgrwvm4qgnpjdsvygw err=HttpError('InvalidRequest: Could not find repo: did:plc:7dp2ttcgrwvm4qgnpjdsvygw')
2026-03-15T11:34:27Z WARNING bsky_collector_v2.job.index_feed_generators: listRecords failed repo=did:plc:7mjem6utbleec2vrjzrw7eja err=HttpError('InvalidRequest: Could not find repo: did:plc:7mjem6utbleec2vrjzrw7eja')
2026-03-15T11:34:28Z WARNING bsky_collector_v2.job.index_feed_generators: listRecords failed repo=did:plc:7vrsviwatxprmobszejha5gw err=HttpError('InvalidRequest: Could not find repo: did:plc:7vrsviwatxprmobszejha5gw')
2026-03-15T11:34:28Z WARNING bsky_collector_v2.job.index_feed_generators: listRecords failed repo=did:plc:a5wnbrdvevlwnbtusanjkiiv err=HttpError('InvalidRequest: Could not find repo: did:plc:a5wnbrdvevlwnbtusanjkiiv')
2026-03-15T11:34:29Z WARNING bsky_collector_v2.job.index_feed_generators: listRecords failed repo=did:plc:afwfi4egxyp2jgxx5q6f5u56 err=HttpError('InvalidRequest: Could not find repo: did:plc:afwfi4egxyp2jgxx5q6f5u56')
2026-03-15T11:34:29Z WARNING bsky_collector_v2.job.index_feed_generators: listRecords failed repo=did:plc:aiqjeoat3rmc3p2el3kub7vk err=HttpError('InvalidRequest: Could not find repo: did:plc:aiqjeoat3rmc3p2el3kub7vk')
2026-03-15T11:34:29Z WARNING bsky_collector_v2.job.index_feed_generators: listRecords failed repo=did:plc:ay6bs2dhb24nnvddq4nnfek5 err=HttpError('InvalidRequest: Could not find repo: did:plc:ay6bs2dhb24nnvddq4nnfek5')
2026-03-15T11:34:30Z WARNING bsky_collector_v2.job.index_feed_generators: listRecords failed repo=did:plc:batjj6r3e2y6crwowlokv6rk err=HttpError('InvalidRequest: Could not find repo: did:plc:batjj6r3e2y6crwowlokv6rk')
2026-03-15T11:34:30Z WARNING bsky_collector_v2.job.index_feed_generators: listRecords failed repo=did:plc:bc5ok34n5vnypedmz6oi3kvh err=HttpError('InvalidRequest: Could not find repo: did:plc:bc5ok34n5vnypedmz6oi3kvh')
2026-03-15T11:34:30Z WARNING bsky_collector_v2.job.index_feed_generators: listRecords failed repo=did:plc:be33y7oljyelonpmnnpprc6y err=HttpError('InvalidRequest: Could not find repo: did:plc:be33y7oljyelonpmnnpprc6y')
2026-03-15T11:34:31Z WARNING bsky_collector_v2.job.index_feed_generators: listRecords failed repo=did:plc:bveqzzzspdmj2vs7kb2wwgog err=HttpError('InvalidRequest: Could not find repo: did:plc:bveqzzzspdmj2vs7kb2wwgog')
2026-03-15T11:34:31Z WARNING bsky_collector_v2.job.index_feed_generators: listRecords failed repo=did:plc:bwasefihbffq4imp5vsfhyad err=HttpError('InvalidRequest: Could not find repo: did:plc:bwasefihbffq4imp5vsfhyad')
2026-03-15T11:34:31Z WARNING bsky_collector_v2.job.index_feed_generators: listRecords failed repo=did:plc:bwo73fhkt2vwm6lkpt5d774x err=HttpError('InvalidRequest: Could not find repo: did:plc:bwo73fhkt2vwm6lkpt5d774x')
2026-03-15T11:34:31Z WARNING bsky_collector_v2.job.index_feed_generators: listRecords failed repo=did:plc:c3rgbpndymkrmvg3qkqlbqbl err=HttpError('InvalidRequest: Could not find repo: did:plc:c3rgbpndymkrmvg3qkqlbqbl')
2026-03-15T11:34:31Z WARNING bsky_collector_v2.job.index_feed_generators: listRecords failed repo=did:plc:c4lpazrcujvhba6a4gucvy76 err=HttpError('InvalidRequest: Could not find repo: did:plc:c4lpazrcujvhba6a4gucvy76')
2026-03-15T11:34:32Z WARNING bsky_collector_v2.job.index_feed_generators: listRecords failed repo=did:plc:c6hzeres4fttbv646dv7nveu err=HttpError('InvalidRequest: Could not find repo: did:plc:c6hzeres4fttbv646dv7nveu')
2026-03-15T11:34:32Z WARNING bsky_collector_v2.job.index_feed_generators: listRecords failed repo=did:plc:cbvdrmdoyrxsp2dr5c5l7iu2 err=HttpError('InvalidRequest: Could not find repo: did:plc:cbvdrmdoyrxsp2dr5c5l7iu2')
2026-03-15T11:34:33Z WARNING bsky_collector_v2.job.index_feed_generators: listRecords failed repo=did:plc:cqfgigjtukww2xgc6hapmo25 err=HttpError('InvalidRequest: Could not find repo: did:plc:cqfgigjtukww2xgc6hapmo25')
2026-03-15T11:34:33Z WARNING bsky_collector_v2.job.index_feed_generators: listRecords failed repo=did:plc:cr76rrzjdrcnkeia6lpoigxv err=HttpError('InvalidRequest: Could not find repo: did:plc:cr76rrzjdrcnkeia6lpoigxv')
2026-03-15T11:34:34Z WARNING bsky_collector_v2.job.index_feed_generators: listRecords failed repo=did:plc:d6fi7gpegryg7gddg7bca3up err=HttpError('InvalidRequest: Could not find repo: did:plc:d6fi7gpegryg7gddg7bca3up')
2026-03-15T11:34:34Z WARNING bsky_collector_v2.job.index_feed_generators: listRecords failed repo=did:plc:d6wnwi7htfdtbwuovtfnotwo err=HttpError('InvalidRequest: Could not find repo: did:plc:d6wnwi7htfdtbwuovtfnotwo')
2026-03-15T11:34:34Z WARNING bsky_collector_v2.job.index_feed_generators: listRecords failed repo=did:plc:dh2nt7hgjn2l73qxgiehhof4 err=HttpError('InvalidRequest: Could not find repo: did:plc:dh2nt7hgjn2l73qxgiehhof4')
2026-03-15T11:34:35Z WARNING bsky_collector_v2.job.index_feed_generators: listRecords failed repo=did:plc:dnvmttfn4ghhmcbejcgykhmo err=HttpError('InvalidRequest: Could not find repo: did:plc:dnvmttfn4ghhmcbejcgykhmo')
2026-03-15T11:34:35Z WARNING bsky_collector_v2.job.index_feed_generators: listRecords failed repo=did:plc:dsqfwecr2e5qyz6dytexefjo err=HttpError('InvalidRequest: Could not find repo: did:plc:dsqfwecr2e5qyz6dytexefjo')
2026-03-15T11:34:35Z WARNING bsky_collector_v2.job.index_feed_generators: listRecords failed repo=did:plc:dvmm7tgdse5ylrltipidamrx err=HttpError('InvalidRequest: Could not find repo: did:plc:dvmm7tgdse5ylrltipidamrx')
2026-03-15T11:34:36Z WARNING bsky_collector_v2.job.index_feed_generators: listRecords failed repo=did:plc:eefmus3skh6wy7unfdoq4kfm err=HttpError('InvalidRequest: Could not find repo: did:plc:eefmus3skh6wy7unfdoq4kfm')
2026-03-15T11:34:37Z WARNING bsky_collector_v2.job.index_feed_generators: listRecords failed repo=did:plc:ej3wetumjdvpqg4cx5jywfze err=HttpError('InvalidRequest: Could not find repo: did:plc:ej3wetumjdvpqg4cx5jywfze')
2026-03-15T11:34:37Z WARNING bsky_collector_v2.job.index_feed_generators: listRecords failed repo=did:plc:em64qt6pvh7urzvs24fxzssf err=HttpError('InvalidRequest: Could not find repo: did:plc:em64qt6pvh7urzvs24fxzssf')
2026-03-15T11:34:37Z WARNING bsky_collector_v2.job.index_feed_generators: listRecords failed repo=did:plc:ep3hzhcuibn4cfyafnlqljxe err=HttpError('InvalidRequest: Could not find repo: did:plc:ep3hzhcuibn4cfyafnlqljxe')
2026-03-15T11:34:38Z WARNING bsky_collector_v2.job.index_feed_generators: listRecords failed repo=did:plc:f52xsni7juy2q65zsmptm7zs err=HttpError('InvalidRequest: Could not find repo: did:plc:f52xsni7juy2q65zsmptm7zs')
2026-03-15T11:34:39Z WARNING bsky_collector_v2.job.index_feed_generators: listRecords failed repo=did:plc:fabxaaw5gubl4q42p3acmtii err=HttpError('InvalidRequest: Could not find repo: did:plc:fabxaaw5gubl4q42p3acmtii')
2026-03-15T11:34:39Z WARNING bsky_collector_v2.job.index_feed_generators: listRecords failed repo=did:plc:fdjlem33fpgde6rm4vhpmldl err=HttpError('InvalidRequest: Could not find repo: did:plc:fdjlem33fpgde6rm4vhpmldl')
2026-03-15T11:34:39Z WARNING bsky_collector_v2.job.index_feed_generators: listRecords failed repo=did:plc:fhzsaxbnyeoz2nhyq2dlnywy err=HttpError('InvalidRequest: Could not find repo: did:plc:fhzsaxbnyeoz2nhyq2dlnywy')
2026-03-15T11:34:39Z WARNING bsky_collector_v2.job.index_feed_generators: listRecords failed repo=did:plc:fi5usdmijf66rx2iwcwfi4ez err=HttpError('InvalidRequest: Could not find repo: did:plc:fi5usdmijf66rx2iwcwfi4ez')
2026-03-15T11:34:39Z WARNING bsky_collector_v2.job.index_feed_generators: listRecords failed repo=did:plc:fk7fhe5puqwblak3cx7bjbcs err=HttpError('InvalidRequest: Could not find repo: did:plc:fk7fhe5puqwblak3cx7bjbcs')
2026-03-15T11:34:40Z WARNING bsky_collector_v2.job.index_feed_generators: listRecords failed repo=did:plc:fvcjr7hsdrtwuz2b5bd2bxjf err=HttpError('InvalidRequest: Could not find repo: did:plc:fvcjr7hsdrtwuz2b5bd2bxjf')
2026-03-15T11:34:40Z WARNING bsky_collector_v2.job.index_feed_generators: listRecords failed repo=did:plc:g22vyvbjbk3xeayfjpqcu2wz err=HttpError('InvalidRequest: Could not find repo: did:plc:g22vyvbjbk3xeayfjpqcu2wz')
2026-03-15T11:34:40Z WARNING bsky_collector_v2.job.index_feed_generators: listRecords failed repo=did:plc:gegqofkuv2pjzehlnw5hg6py err=HttpError('InvalidRequest: Could not find repo: did:plc:gegqofkuv2pjzehlnw5hg6py')
2026-03-15T11:34:41Z WARNING bsky_collector_v2.job.index_feed_generators: listRecords failed repo=did:plc:gmdlrw2qlcicqqqercllxxud err=HttpError('InvalidRequest: Could not find repo: did:plc:gmdlrw2qlcicqqqercllxxud')
2026-03-15T11:34:42Z WARNING bsky_collector_v2.job.index_feed_generators: listRecords failed repo=did:plc:hba6ydwtf6z63p3czg7mzn43 err=HttpError('InvalidRequest: Could not find repo: did:plc:hba6ydwtf6z63p3czg7mzn43')
2026-03-15T11:34:42Z WARNING bsky_collector_v2.job.index_feed_generators: listRecords failed repo=did:plc:hbztnuc2l6tpcjoqpgti35wa err=HttpError('InvalidRequest: Could not find repo: did:plc:hbztnuc2l6tpcjoqpgti35wa')
2026-03-15T11:34:43Z WARNING bsky_collector_v2.job.index_feed_generators: listRecords failed repo=did:plc:huzbuavsopjsayf5fmbcgrne err=HttpError('InvalidRequest: Could not find repo: did:plc:huzbuavsopjsayf5fmbcgrne')
2026-03-15T11:34:44Z WARNING bsky_collector_v2.job.index_feed_generators: listRecords failed repo=did:plc:i4fkposxyueto3l5wcc6zsl5 err=HttpError('InvalidRequest: Could not find repo: did:plc:i4fkposxyueto3l5wcc6zsl5')
2026-03-15T11:34:44Z WARNING bsky_collector_v2.job.index_feed_generators: listRecords failed repo=did:plc:i6xrh6awogwn7ts7bwdws5oy err=HttpError('InvalidRequest: Could not find repo: did:plc:i6xrh6awogwn7ts7bwdws5oy')
2026-03-15T11:34:45Z WARNING bsky_collector_v2.job.index_feed_generators: listRecords failed repo=did:plc:iveeajb756scksmtpzunvgv7 err=HttpError('InvalidRequest: Could not find repo: did:plc:iveeajb756scksmtpzunvgv7')
2026-03-15T11:34:45Z WARNING bsky_collector_v2.job.index_feed_generators: listRecords failed repo=did:plc:j2sz3hzf26kcqw2tlfqqfeex err=HttpError('InvalidRequest: Could not find repo: did:plc:j2sz3hzf26kcqw2tlfqqfeex')
2026-03-15T11:34:45Z WARNING bsky_collector_v2.job.index_feed_generators: listRecords failed repo=did:plc:j2vqkvdwgh6gnrgjcs2d5pds err=HttpError('InvalidRequest: Could not find repo: did:plc:j2vqkvdwgh6gnrgjcs2d5pds')
2026-03-15T11:34:45Z WARNING bsky_collector_v2.job.index_feed_generators: listRecords failed repo=did:plc:j2w2graobtsa3u5pkgwkkt7v err=HttpError('InvalidRequest: Could not find repo: did:plc:j2w2graobtsa3u5pkgwkkt7v')
2026-03-15T11:34:45Z WARNING bsky_collector_v2.job.index_feed_generators: listRecords failed repo=did:plc:j3qhhvngiqpynilmiwxyymre err=HttpError('InvalidRequest: Could not find repo: did:plc:j3qhhvngiqpynilmiwxyymre')
2026-03-15T11:34:45Z WARNING bsky_collector_v2.job.index_feed_generators: listRecords failed repo=did:plc:j3qqmm77rx3mqek35mw6hegz err=HttpError('InvalidRequest: Could not find repo: did:plc:j3qqmm77rx3mqek35mw6hegz')
2026-03-15T11:34:45Z WARNING bsky_collector_v2.job.index_feed_generators: listRecords failed repo=did:plc:j4g65os24n3j4vqmxtkwumee err=HttpError('InvalidRequest: Could not find repo: did:plc:j4g65os24n3j4vqmxtkwumee')
2026-03-15T11:34:46Z WARNING bsky_collector_v2.job.index_feed_generators: listRecords failed repo=did:plc:jnehttq665svlboeksncrjqx err=HttpError('InvalidRequest: Could not find repo: did:plc:jnehttq665svlboeksncrjqx')
2026-03-15T11:34:47Z WARNING bsky_collector_v2.job.index_feed_generators: listRecords failed repo=did:plc:jt5fm72f5avgcqgqnrmlbzvt err=HttpError('InvalidRequest: Could not find repo: did:plc:jt5fm72f5avgcqgqnrmlbzvt')
2026-03-15T11:34:47Z WARNING bsky_collector_v2.job.index_feed_generators: listRecords failed repo=did:plc:juj32rrcmo2q4h5653ubg4lq err=HttpError('InvalidRequest: Could not find repo: did:plc:juj32rrcmo2q4h5653ubg4lq')
2026-03-15T11:34:47Z WARNING bsky_collector_v2.job.index_feed_generators: listRecords failed repo=did:plc:jzkhcy32hluh6grnhpn5cutl err=HttpError('InvalidRequest: Could not find repo: did:plc:jzkhcy32hluh6grnhpn5cutl')
2026-03-15T11:34:48Z WARNING bsky_collector_v2.job.index_feed_generators: listRecords failed repo=did:plc:k3yc3aje5wzarzylxardumfd err=HttpError('InvalidRequest: Could not find repo: did:plc:k3yc3aje5wzarzylxardumfd')
2026-03-15T11:34:48Z WARNING bsky_collector_v2.job.index_feed_generators: listRecords failed repo=did:plc:k4eszh54ajzlfs7x5dfkpw76 err=HttpError('InvalidRequest: Could not find repo: did:plc:k4eszh54ajzlfs7x5dfkpw76')
2026-03-15T11:34:48Z WARNING bsky_collector_v2.job.index_feed_generators: listRecords failed repo=did:plc:khr2542hqlruyc46oiqodqhf err=HttpError('InvalidRequest: Could not find repo: did:plc:khr2542hqlruyc46oiqodqhf')
2026-03-15T11:34:49Z WARNING bsky_collector_v2.job.index_feed_generators: listRecords failed repo=did:plc:kq46bqo5ykzgylfqtexsiwyv err=HttpError('InvalidRequest: Could not find repo: did:plc:kq46bqo5ykzgylfqtexsiwyv')
2026-03-15T11:34:49Z WARNING bsky_collector_v2.job.index_feed_generators: listRecords failed repo=did:plc:kw57yxfmdft3fsntqt3nqidt err=HttpError('InvalidRequest: Could not find repo: did:plc:kw57yxfmdft3fsntqt3nqidt')
2026-03-15T11:34:50Z WARNING bsky_collector_v2.job.index_feed_generators: listRecords failed repo=did:plc:l6eip23adkbsw5aaqrdpd5lf err=HttpError('InvalidRequest: Could not find repo: did:plc:l6eip23adkbsw5aaqrdpd5lf')
2026-03-15T11:34:50Z WARNING bsky_collector_v2.job.index_feed_generators: listRecords failed repo=did:plc:lenjhpqm7hsstqxwe3pjy3or err=HttpError('InvalidRequest: Could not find repo: did:plc:lenjhpqm7hsstqxwe3pjy3or')
2026-03-15T11:34:51Z WARNING bsky_collector_v2.job.index_feed_generators: listRecords failed repo=did:plc:lqx5fphs7eptttsytfospusk err=HttpError('InvalidRequest: Could not find repo: did:plc:lqx5fphs7eptttsytfospusk')
2026-03-15T11:34:51Z WARNING bsky_collector_v2.job.index_feed_generators: listRecords failed repo=did:plc:lvy5ef2xtvfrc4jj5zyrgmkj err=HttpError('InvalidRequest: Could not find repo: did:plc:lvy5ef2xtvfrc4jj5zyrgmkj')
2026-03-15T11:34:52Z WARNING bsky_collector_v2.job.index_feed_generators: listRecords failed repo=did:plc:m2jz6nip5zlog4ejlgfxl73n err=HttpError('InvalidRequest: Could not find repo: did:plc:m2jz6nip5zlog4ejlgfxl73n')
2026-03-15T11:34:52Z WARNING bsky_collector_v2.job.index_feed_generators: listRecords failed repo=did:plc:m5piqjhmhhpr7ogf73slall2 err=HttpError('InvalidRequest: Could not find repo: did:plc:m5piqjhmhhpr7ogf73slall2')
2026-03-15T11:34:54Z WARNING bsky_collector_v2.job.index_feed_generators: listRecords failed repo=did:plc:mdg6giqeradzje4dqdc4b3at err=HttpError('InvalidRequest: Could not find repo: did:plc:mdg6giqeradzje4dqdc4b3at')
2026-03-15T11:34:54Z WARNING bsky_collector_v2.job.index_feed_generators: listRecords failed repo=did:plc:mgobmugzlq2sdqlv25uwaitt err=HttpError('InvalidRequest: Could not find repo: did:plc:mgobmugzlq2sdqlv25uwaitt')
2026-03-15T11:34:54Z WARNING bsky_collector_v2.job.index_feed_generators: listRecords failed repo=did:plc:mkhbrflaxhxhvlel7b76pk3b err=HttpError('InvalidRequest: Could not find repo: did:plc:mkhbrflaxhxhvlel7b76pk3b')
2026-03-15T11:34:55Z WARNING bsky_collector_v2.job.index_feed_generators: listRecords failed repo=did:plc:mr3ag2zth2anzjoe5q2sm5nd err=HttpError('InvalidRequest: Could not find repo: did:plc:mr3ag2zth2anzjoe5q2sm5nd')
2026-03-15T11:34:55Z WARNING bsky_collector_v2.job.index_feed_generators: listRecords failed repo=did:plc:mrt3dxypxbzeegxmtgyf2wys err=HttpError('InvalidRequest: Could not find repo: did:plc:mrt3dxypxbzeegxmtgyf2wys')
2026-03-15T11:34:55Z WARNING bsky_collector_v2.job.index_feed_generators: listRecords failed repo=did:plc:msku4teymxbcnc6ky4frqgkt err=HttpError('InvalidRequest: Could not find repo: did:plc:msku4teymxbcnc6ky4frqgkt')
2026-03-15T11:34:55Z WARNING bsky_collector_v2.job.index_feed_generators: listRecords failed repo=did:plc:mtd2xcvusb626rr24yan37xl err=HttpError('InvalidRequest: Could not find repo: did:plc:mtd2xcvusb626rr24yan37xl')
2026-03-15T11:34:55Z WARNING bsky_collector_v2.job.index_feed_generators: listRecords failed repo=did:plc:mzusq5spfxu47726u76i3bte err=HttpError('InvalidRequest: Could not find repo: did:plc:mzusq5spfxu47726u76i3bte')
2026-03-15T11:34:55Z WARNING bsky_collector_v2.job.index_feed_generators: listRecords failed repo=did:plc:nchlta5d2piyccn7fr3zfxk5 err=HttpError('InvalidRequest: Could not find repo: did:plc:nchlta5d2piyccn7fr3zfxk5')
2026-03-15T11:34:55Z WARNING bsky_collector_v2.job.index_feed_generators: listRecords failed repo=did:plc:ne5q2wouhnnpysvzxuk7o3z7 err=HttpError('InvalidRequest: Could not find repo: did:plc:ne5q2wouhnnpysvzxuk7o3z7')
2026-03-15T11:34:56Z WARNING bsky_collector_v2.job.index_feed_generators: listRecords failed repo=did:plc:nf4ahtgbfzkiqoxemadvfunx err=HttpError('InvalidRequest: Could not find repo: did:plc:nf4ahtgbfzkiqoxemadvfunx')
2026-03-15T11:34:56Z WARNING bsky_collector_v2.job.index_feed_generators: listRecords failed repo=did:plc:nmmx77zipe5hy7qqfyk6yan4 err=HttpError('InvalidRequest: Could not find repo: did:plc:nmmx77zipe5hy7qqfyk6yan4')
2026-03-15T11:34:56Z WARNING bsky_collector_v2.job.index_feed_generators: listRecords failed repo=did:plc:nxys4ujv5b4cqdbqqcochglg err=HttpError('InvalidRequest: Could not find repo: did:plc:nxys4ujv5b4cqdbqqcochglg')
2026-03-15T11:34:57Z WARNING bsky_collector_v2.job.index_feed_generators: listRecords failed repo=did:plc:o7hrgishsqpckgdacnrrfate err=HttpError('InvalidRequest: Could not find repo: did:plc:o7hrgishsqpckgdacnrrfate')
2026-03-15T11:34:57Z WARNING bsky_collector_v2.job.index_feed_generators: listRecords failed repo=did:plc:ogksjyfapfnnlvrquwwnqn53 err=HttpError('InvalidRequest: Could not find repo: did:plc:ogksjyfapfnnlvrquwwnqn53')
2026-03-15T11:34:57Z WARNING bsky_collector_v2.job.index_feed_generators: listRecords failed repo=did:plc:ojax4xslcgaki7wv3d5ov3nf err=HttpError('InvalidRequest: Could not find repo: did:plc:ojax4xslcgaki7wv3d5ov3nf')
2026-03-15T11:34:57Z WARNING bsky_collector_v2.job.index_feed_generators: listRecords failed repo=did:plc:ojzbhdmwft3eiy46gl5kucoo err=HttpError('InvalidRequest: Could not find repo: did:plc:ojzbhdmwft3eiy46gl5kucoo')
2026-03-15T11:34:57Z WARNING bsky_collector_v2.job.index_feed_generators: listRecords failed repo=did:plc:olxaoy5aonvelta57txene66 err=HttpError('InvalidRequest: Could not find repo: did:plc:olxaoy5aonvelta57txene66')
2026-03-15T11:34:58Z WARNING bsky_collector_v2.job.index_feed_generators: listRecords failed repo=did:plc:ougyozbxqj3krzfdluccgywo err=HttpError('InvalidRequest: Could not find repo: did:plc:ougyozbxqj3krzfdluccgywo')
2026-03-15T11:34:58Z WARNING bsky_collector_v2.job.index_feed_generators: listRecords failed repo=did:plc:p7arjhdvahnlcrrbq32xd3lf err=HttpError('InvalidRequest: Could not find repo: did:plc:p7arjhdvahnlcrrbq32xd3lf')
2026-03-15T11:34:59Z WARNING bsky_collector_v2.job.index_feed_generators: listRecords failed repo=did:plc:pe5g5ubxbb7drewhvzgj4wtb err=HttpError('InvalidRequest: Could not find repo: did:plc:pe5g5ubxbb7drewhvzgj4wtb')
2026-03-15T11:35:00Z WARNING bsky_collector_v2.job.index_feed_generators: listRecords failed repo=did:plc:pyb6wgwvo475sf4hkgfxw6gj err=HttpError('InvalidRequest: Could not find repo: did:plc:pyb6wgwvo475sf4hkgfxw6gj')
2026-03-15T11:35:00Z WARNING bsky_collector_v2.job.index_feed_generators: listRecords failed repo=did:plc:q2wtgwpqn5yz6f6w546vpjbg err=HttpError('InvalidRequest: Could not find repo: did:plc:q2wtgwpqn5yz6f6w546vpjbg')
2026-03-15T11:35:00Z WARNING bsky_collector_v2.job.index_feed_generators: listRecords failed repo=did:plc:q4vcmo572sb2ec6dem57ralf err=HttpError('InvalidRequest: Could not find repo: did:plc:q4vcmo572sb2ec6dem57ralf')
2026-03-15T11:35:00Z WARNING bsky_collector_v2.job.index_feed_generators: listRecords failed repo=did:plc:q6avbx2x2jqi3vbgc3sh4iiw err=HttpError('InvalidRequest: Could not find repo: did:plc:q6avbx2x2jqi3vbgc3sh4iiw')
2026-03-15T11:35:00Z WARNING bsky_collector_v2.job.index_feed_generators: listRecords failed repo=did:plc:qcy7xp5xglqysea5lsqnhdjo err=HttpError('InvalidRequest: Could not find repo: did:plc:qcy7xp5xglqysea5lsqnhdjo')
2026-03-15T11:35:01Z WARNING bsky_collector_v2.job.index_feed_generators: listRecords failed repo=did:plc:qcyjhl3lu7b4nxqsnspotp7e err=HttpError('InvalidRequest: Could not find repo: did:plc:qcyjhl3lu7b4nxqsnspotp7e')
2026-03-15T11:35:02Z WARNING bsky_collector_v2.job.index_feed_generators: listRecords failed repo=did:plc:rbwikklhjz5lbatadm2z6dw7 err=HttpError('InvalidRequest: Could not find repo: did:plc:rbwikklhjz5lbatadm2z6dw7')
2026-03-15T11:35:03Z WARNING bsky_collector_v2.job.index_feed_generators: listRecords failed repo=did:plc:rxaw5xmgtrkjui7ps73mrdxh err=HttpError('InvalidRequest: Could not find repo: did:plc:rxaw5xmgtrkjui7ps73mrdxh')
2026-03-15T11:35:03Z WARNING bsky_collector_v2.job.index_feed_generators: listRecords failed repo=did:plc:s5nrw3aryf6uy2laro3i3ymk err=HttpError('InvalidRequest: Could not find repo: did:plc:s5nrw3aryf6uy2laro3i3ymk')
2026-03-15T11:35:03Z WARNING bsky_collector_v2.job.index_feed_generators: listRecords failed repo=did:plc:sbbswm3nkcfn5uodae5pfato err=HttpError('InvalidRequest: Could not find repo: did:plc:sbbswm3nkcfn5uodae5pfato')
2026-03-15T11:35:04Z WARNING bsky_collector_v2.job.index_feed_generators: listRecords failed repo=did:plc:sditxucq6ydkiaear4hsinea err=HttpError('InvalidRequest: Could not find repo: did:plc:sditxucq6ydkiaear4hsinea')
2026-03-15T11:35:04Z WARNING bsky_collector_v2.job.index_feed_generators: listRecords failed repo=did:plc:sgv3ffnksuryt44qwspupyyg err=HttpError('InvalidRequest: Could not find repo: did:plc:sgv3ffnksuryt44qwspupyyg')
2026-03-15T11:35:05Z WARNING bsky_collector_v2.job.index_feed_generators: listRecords failed repo=did:plc:sor7ftj4r7adj3spdiilyjzd err=HttpError('InvalidRequest: Could not find repo: did:plc:sor7ftj4r7adj3spdiilyjzd')
2026-03-15T11:35:06Z WARNING bsky_collector_v2.job.index_feed_generators: listRecords failed repo=did:plc:t4v3vbnxq6ehsxifahcbswdh err=HttpError('InvalidRequest: Could not find repo: did:plc:t4v3vbnxq6ehsxifahcbswdh')
2026-03-15T11:35:06Z WARNING bsky_collector_v2.job.index_feed_generators: listRecords failed repo=did:plc:te37pstn3wq3bk6mxgbl6n45 err=HttpError('InvalidRequest: Could not find repo: did:plc:te37pstn3wq3bk6mxgbl6n45')
2026-03-15T11:35:07Z WARNING bsky_collector_v2.job.index_feed_generators: listRecords failed repo=did:plc:tmlpqu2un5eqyt2lbuakfe7s err=HttpError('InvalidRequest: Could not find repo: did:plc:tmlpqu2un5eqyt2lbuakfe7s')
2026-03-15T11:35:07Z WARNING bsky_collector_v2.job.index_feed_generators: listRecords failed repo=did:plc:toqz2ezhao2s6vfnjobujoib err=HttpError('InvalidRequest: Could not find repo: did:plc:toqz2ezhao2s6vfnjobujoib')
2026-03-15T11:35:07Z WARNING bsky_collector_v2.job.index_feed_generators: listRecords failed repo=did:plc:tzj6h7hm7he3juppylezyx7b err=HttpError('InvalidRequest: Could not find repo: did:plc:tzj6h7hm7he3juppylezyx7b')
2026-03-15T11:35:08Z WARNING bsky_collector_v2.job.index_feed_generators: listRecords failed repo=did:plc:u2rimq2v7e2txmuno4khmz76 err=HttpError('InvalidRequest: Could not find repo: did:plc:u2rimq2v7e2txmuno4khmz76')
2026-03-15T11:35:08Z WARNING bsky_collector_v2.job.index_feed_generators: listRecords failed repo=did:plc:u3k4gs6g6pu2ghuvyrwxcfs7 err=HttpError('InvalidRequest: Could not find repo: did:plc:u3k4gs6g6pu2ghuvyrwxcfs7')
2026-03-15T11:35:08Z WARNING bsky_collector_v2.job.index_feed_generators: listRecords failed repo=did:plc:uhn7sit2gzbwtygtpzrur25z err=HttpError('InvalidRequest: Could not find repo: did:plc:uhn7sit2gzbwtygtpzrur25z')
2026-03-15T11:35:08Z WARNING bsky_collector_v2.job.index_feed_generators: listRecords failed repo=did:plc:uphwko2t7bo7pf5znx2xqco3 err=HttpError('InvalidRequest: Could not find repo: did:plc:uphwko2t7bo7pf5znx2xqco3')
2026-03-15T11:35:08Z WARNING bsky_collector_v2.job.index_feed_generators: listRecords failed repo=did:plc:urgpxu3mbg77htuzr4doctoo err=HttpError('InvalidRequest: Could not find repo: did:plc:urgpxu3mbg77htuzr4doctoo')
2026-03-15T11:35:09Z WARNING bsky_collector_v2.job.index_feed_generators: listRecords failed repo=did:plc:uvmjrl7rsi2fdpdxi5rpbgqc err=HttpError('InvalidRequest: Could not find repo: did:plc:uvmjrl7rsi2fdpdxi5rpbgqc')
2026-03-15T11:35:09Z WARNING bsky_collector_v2.job.index_feed_generators: listRecords failed repo=did:plc:uvw5xpxoi5ozkbpf3vb7qxo3 err=HttpError('InvalidRequest: Could not find repo: did:plc:uvw5xpxoi5ozkbpf3vb7qxo3')
2026-03-15T11:35:09Z WARNING bsky_collector_v2.job.index_feed_generators: listRecords failed repo=did:plc:v2uehmtsvkaeu3m7eyv65aay err=HttpError('InvalidRequest: Could not find repo: did:plc:v2uehmtsvkaeu3m7eyv65aay')
2026-03-15T11:35:09Z WARNING bsky_collector_v2.job.index_feed_generators: listRecords failed repo=did:plc:v6apxsmii6qmy4hfvtnuv4ke err=HttpError('InvalidRequest: Could not find repo: did:plc:v6apxsmii6qmy4hfvtnuv4ke')
2026-03-15T11:35:10Z WARNING bsky_collector_v2.job.index_feed_generators: listRecords failed repo=did:plc:velnkin3zxdudvwsgybacp5w err=HttpError('InvalidRequest: Could not find repo: did:plc:velnkin3zxdudvwsgybacp5w')
2026-03-15T11:35:10Z WARNING bsky_collector_v2.job.index_feed_generators: listRecords failed repo=did:plc:vuoqugljzratugots6zgzphv err=HttpError('InvalidRequest: Could not find repo: did:plc:vuoqugljzratugots6zgzphv')
2026-03-15T11:35:10Z WARNING bsky_collector_v2.job.index_feed_generators: listRecords failed repo=did:plc:vyw7r6vejfmd5e7dbq4dhz6a err=HttpError('InvalidRequest: Could not find repo: did:plc:vyw7r6vejfmd5e7dbq4dhz6a')
2026-03-15T11:35:10Z WARNING bsky_collector_v2.job.index_feed_generators: listRecords failed repo=did:plc:vzpjbxwdlxz7q6vqc4qqnjlf err=HttpError('InvalidRequest: Could not find repo: did:plc:vzpjbxwdlxz7q6vqc4qqnjlf')
2026-03-15T11:35:10Z WARNING bsky_collector_v2.job.index_feed_generators: listRecords failed repo=did:plc:w3nwrpzcrnzu5nnai6yff6cs err=HttpError('InvalidRequest: Could not find repo: did:plc:w3nwrpzcrnzu5nnai6yff6cs')
2026-03-15T11:35:10Z WARNING bsky_collector_v2.job.index_feed_generators: listRecords failed repo=did:plc:w5p75uln5ccqi3pjnpxqol7t err=HttpError('InvalidRequest: Could not find repo: did:plc:w5p75uln5ccqi3pjnpxqol7t')
2026-03-15T11:35:10Z WARNING bsky_collector_v2.job.index_feed_generators: listRecords failed repo=did:plc:w7p6wrbxazm4ugrod5mzflar err=HttpError('InvalidRequest: Could not find repo: did:plc:w7p6wrbxazm4ugrod5mzflar')
2026-03-15T11:35:11Z WARNING bsky_collector_v2.job.index_feed_generators: listRecords failed repo=did:plc:wg4fws2g7biwdvi4p4of2fqv err=HttpError('InvalidRequest: Could not find repo: did:plc:wg4fws2g7biwdvi4p4of2fqv')
2026-03-15T11:35:12Z WARNING bsky_collector_v2.job.index_feed_generators: listRecords failed repo=did:plc:wr6evjz4xupzt3fruczrynob err=HttpError('InvalidRequest: Could not find repo: did:plc:wr6evjz4xupzt3fruczrynob')
2026-03-15T11:35:12Z WARNING bsky_collector_v2.job.index_feed_generators: listRecords failed repo=did:plc:xcdfm74w5xi5ysw56oumil3w err=HttpError('InvalidRequest: Could not find repo: did:plc:xcdfm74w5xi5ysw56oumil3w')
2026-03-15T11:35:12Z WARNING bsky_collector_v2.job.index_feed_generators: listRecords failed repo=did:plc:xdhxnojs7m7fksb6iighcz46 err=HttpError('InvalidRequest: Could not find repo: did:plc:xdhxnojs7m7fksb6iighcz46')
2026-03-15T11:35:12Z WARNING bsky_collector_v2.job.index_feed_generators: listRecords failed repo=did:plc:xeratkt7ilava2btga4h3j4o err=HttpError('InvalidRequest: Could not find repo: did:plc:xeratkt7ilava2btga4h3j4o')
2026-03-15T11:35:12Z WARNING bsky_collector_v2.job.index_feed_generators: listRecords failed repo=did:plc:xffy3csnytyn44xv6k773ifr err=HttpError('InvalidRequest: Could not find repo: did:plc:xffy3csnytyn44xv6k773ifr')
2026-03-15T11:35:12Z WARNING bsky_collector_v2.job.index_feed_generators: listRecords failed repo=did:plc:xoz5uymjbiuw6d27sltklayu err=HttpError('InvalidRequest: Could not find repo: did:plc:xoz5uymjbiuw6d27sltklayu')
2026-03-15T11:35:13Z WARNING bsky_collector_v2.job.index_feed_generators: listRecords failed repo=did:plc:xsfe7nc7p4hplwun3zyccirg err=HttpError('InvalidRequest: Could not find repo: did:plc:xsfe7nc7p4hplwun3zyccirg')
2026-03-15T11:35:13Z WARNING bsky_collector_v2.job.index_feed_generators: listRecords failed repo=did:plc:xtvoywvuciyqticpfjhpvhob err=HttpError('InvalidRequest: Could not find repo: did:plc:xtvoywvuciyqticpfjhpvhob')
2026-03-15T11:35:13Z WARNING bsky_collector_v2.job.index_feed_generators: listRecords failed repo=did:plc:yh6g23ztnuvbuo3htoebxkjq err=HttpError('InvalidRequest: Could not find repo: did:plc:yh6g23ztnuvbuo3htoebxkjq')
2026-03-15T11:35:13Z WARNING bsky_collector_v2.job.index_feed_generators: listRecords failed repo=did:plc:ylb3zmnci2nf44sd4oqudxsv err=HttpError('InvalidRequest: Could not find repo: did:plc:ylb3zmnci2nf44sd4oqudxsv')
2026-03-15T11:35:14Z WARNING bsky_collector_v2.job.index_feed_generators: listRecords failed repo=did:plc:yqycgtcgqzdfbqwppfchjct4 err=HttpError('InvalidRequest: Could not find repo: did:plc:yqycgtcgqzdfbqwppfchjct4')
2026-03-15T11:35:14Z WARNING bsky_collector_v2.job.index_feed_generators: listRecords failed repo=did:plc:z7kqvhpykw7p27krscmnf6fg err=HttpError('InvalidRequest: Could not find repo: did:plc:z7kqvhpykw7p27krscmnf6fg')
2026-03-15T11:35:15Z WARNING bsky_collector_v2.job.index_feed_generators: listRecords failed repo=did:plc:zc7n2lkeiyydd2v6nj2vvj3d err=HttpError('InvalidRequest: Could not find repo: did:plc:zc7n2lkeiyydd2v6nj2vvj3d')
2026-03-15T11:35:15Z WARNING bsky_collector_v2.job.index_feed_generators: listRecords failed repo=did:plc:zgix6vunorhpefdrlxuxrqlh err=HttpError('InvalidRequest: Could not find repo: did:plc:zgix6vunorhpefdrlxuxrqlh')
2026-03-15T11:35:15Z WARNING bsky_collector_v2.job.index_feed_generators: listRecords failed repo=did:plc:zlxwtfpoxmw5czup5iaewhxk err=HttpError('InvalidRequest: Could not find repo: did:plc:zlxwtfpoxmw5czup5iaewhxk')
2026-03-15T11:35:15Z WARNING bsky_collector_v2.job.index_feed_generators: listRecords failed repo=did:plc:znegtwro5islfspibed242jq err=HttpError('InvalidRequest: Could not find repo: did:plc:znegtwro5islfspibed242jq')
2026-03-15T11:35:15Z WARNING bsky_collector_v2.job.index_feed_generators: listRecords failed repo=did:plc:zx7rbicew5zuvd7nodlc65mg err=HttpError('InvalidRequest: Could not find repo: did:plc:zx7rbicew5zuvd7nodlc65mg')
2026-03-15T11:35:16Z WARNING bsky_collector_v2.job.index_feed_generators: listRecords failed repo=did:plc:zyfzxvim25lxkh2gwyxf33fu err=HttpError('InvalidRequest: Could not find repo: did:plc:zyfzxvim25lxkh2gwyxf33fu')
2026-03-15T11:35:16Z WARNING bsky_collector_v2.job.index_feed_generators: listRecords failed repo=did:plc:2bmb2l6y7zjk52kchyuhdm4o err=HttpError('InvalidRequest: Could not find repo: did:plc:2bmb2l6y7zjk52kchyuhdm4o')
2026-03-15T11:35:16Z WARNING bsky_collector_v2.job.index_feed_generators: listRecords failed repo=did:plc:2ic5u4su76rrgmrwpchemkak err=HttpError('InvalidRequest: Could not find repo: did:plc:2ic5u4su76rrgmrwpchemkak')
2026-03-15T11:35:16Z WARNING bsky_collector_v2.job.index_feed_generators: listRecords failed repo=did:plc:2jjk5fnckg4uqc4a2txwxm4f err=HttpError('InvalidRequest: Could not find repo: did:plc:2jjk5fnckg4uqc4a2txwxm4f')
2026-03-15T11:35:16Z WARNING bsky_collector_v2.job.index_feed_generators: listRecords failed repo=did:plc:2r6rl2brwsx7cutj3vk26cfe err=HttpError('InvalidRequest: Could not find repo: did:plc:2r6rl2brwsx7cutj3vk26cfe')
2026-03-15T11:35:16Z WARNING bsky_collector_v2.job.index_feed_generators: listRecords failed repo=did:plc:2uethiuc4qpmjlvkylftnfcg err=HttpError('InvalidRequest: Could not find repo: did:plc:2uethiuc4qpmjlvkylftnfcg')
2026-03-15T11:35:16Z WARNING bsky_collector_v2.job.index_feed_generators: listRecords failed repo=did:plc:2vospffmxhckmthdxxvnpedt err=HttpError('InvalidRequest: Could not find repo: did:plc:2vospffmxhckmthdxxvnpedt')
2026-03-15T11:35:16Z WARNING bsky_collector_v2.job.index_feed_generators: listRecords failed repo=did:plc:2xpvehhd3yywml7spmchmesm err=HttpError('InvalidRequest: Could not find repo: did:plc:2xpvehhd3yywml7spmchmesm')
2026-03-15T11:35:16Z WARNING bsky_collector_v2.job.index_feed_generators: listRecords failed repo=did:plc:37zy5uq27w63nvkuef3t4iuq err=HttpError('InvalidRequest: Could not find repo: did:plc:37zy5uq27w63nvkuef3t4iuq')
2026-03-15T11:35:16Z WARNING bsky_collector_v2.job.index_feed_generators: listRecords failed repo=did:plc:3cpj3zkgightmkaav6b3tmcu err=HttpError('InvalidRequest: Could not find repo: did:plc:3cpj3zkgightmkaav6b3tmcu')
2026-03-15T11:35:16Z WARNING bsky_collector_v2.job.index_feed_generators: listRecords failed repo=did:plc:3cycwfmorrjmka345y3s2yqf err=HttpError('InvalidRequest: Could not find repo: did:plc:3cycwfmorrjmka345y3s2yqf')
2026-03-15T11:35:16Z WARNING bsky_collector_v2.job.index_feed_generators: listRecords failed repo=did:plc:3excivccedb256d5syemjjgf err=HttpError('InvalidRequest: Could not find repo: did:plc:3excivccedb256d5syemjjgf')
2026-03-15T11:35:16Z WARNING bsky_collector_v2.job.index_feed_generators: listRecords failed repo=did:plc:445wlrop73dascynqtf3if2b err=HttpError('InvalidRequest: Could not find repo: did:plc:445wlrop73dascynqtf3if2b')
2026-03-15T11:35:16Z WARNING bsky_collector_v2.job.index_feed_generators: listRecords failed repo=did:plc:4anbx7vssumrj46yrx32q72l err=HttpError('InvalidRequest: Could not find repo: did:plc:4anbx7vssumrj46yrx32q72l')
2026-03-15T11:35:16Z WARNING bsky_collector_v2.job.index_feed_generators: listRecords failed repo=did:plc:4hlbzvsuy4lo5i7sw72qprbj err=HttpError('InvalidRequest: Could not find repo: did:plc:4hlbzvsuy4lo5i7sw72qprbj')
2026-03-15T11:35:16Z WARNING bsky_collector_v2.job.index_feed_generators: listRecords failed repo=did:plc:4rtpq3vxohzzex5rlph2tdmo err=HttpError('InvalidRequest: Could not find repo: did:plc:4rtpq3vxohzzex5rlph2tdmo')
2026-03-15T11:35:16Z WARNING bsky_collector_v2.job.index_feed_generators: listRecords failed repo=did:plc:52n5ebjwibtehnwl36jfb2db err=HttpError('InvalidRequest: Could not find repo: did:plc:52n5ebjwibtehnwl36jfb2db')
2026-03-15T11:35:16Z WARNING bsky_collector_v2.job.index_feed_generators: listRecords failed repo=did:plc:5455mqqjadna3aybn7cvyukz err=HttpError('InvalidRequest: Could not find repo: did:plc:5455mqqjadna3aybn7cvyukz')
2026-03-15T11:35:17Z WARNING bsky_collector_v2.job.index_feed_generators: listRecords failed repo=did:plc:5bp2h5xhf5hfp3ncuta2lrlo err=HttpError('InvalidRequest: Could not find repo: did:plc:5bp2h5xhf5hfp3ncuta2lrlo')
2026-03-15T11:35:17Z WARNING bsky_collector_v2.job.index_feed_generators: listRecords failed repo=did:plc:5rw7fkgv4qbutb6rhwr4opgi err=HttpError('InvalidRequest: Could not find repo: did:plc:5rw7fkgv4qbutb6rhwr4opgi')
2026-03-15T11:35:17Z WARNING bsky_collector_v2.job.index_feed_generators: listRecords failed repo=did:plc:5trcwd7itgia2spswe3sotme err=HttpError('InvalidRequest: Could not find repo: did:plc:5trcwd7itgia2spswe3sotme')
2026-03-15T11:35:17Z WARNING bsky_collector_v2.job.index_feed_generators: listRecords failed repo=did:plc:67knqaldxw3d5mqcepz26chy err=HttpError('InvalidRequest: Could not find repo: did:plc:67knqaldxw3d5mqcepz26chy')
2026-03-15T11:35:17Z WARNING bsky_collector_v2.job.index_feed_generators: listRecords failed repo=did:plc:6a4v7lcijwnnfmcj2ljze6mn err=HttpError('InvalidRequest: Could not find repo: did:plc:6a4v7lcijwnnfmcj2ljze6mn')
2026-03-15T11:35:17Z WARNING bsky_collector_v2.job.index_feed_generators: listRecords failed repo=did:plc:6fi7ixazcpxsdphg7z4h4rub err=HttpError('InvalidRequest: Could not find repo: did:plc:6fi7ixazcpxsdphg7z4h4rub')
2026-03-15T11:35:17Z WARNING bsky_collector_v2.job.index_feed_generators: listRecords failed repo=did:plc:6kg33pqytuyb5rgrngi4p4vc err=HttpError('InvalidRequest: Could not find repo: did:plc:6kg33pqytuyb5rgrngi4p4vc')
2026-03-15T11:35:17Z WARNING bsky_collector_v2.job.index_feed_generators: listRecords failed repo=did:plc:6t674yjbfseuvzmjraymwhlb err=HttpError('InvalidRequest: Could not find repo: did:plc:6t674yjbfseuvzmjraymwhlb')
2026-03-15T11:35:17Z WARNING bsky_collector_v2.job.index_feed_generators: listRecords failed repo=did:plc:6u66a5xhaixkcyxc45rbacyg err=HttpError('InvalidRequest: Could not find repo: did:plc:6u66a5xhaixkcyxc45rbacyg')
2026-03-15T11:35:17Z WARNING bsky_collector_v2.job.index_feed_generators: listRecords failed repo=did:plc:6vgdxrnumxxs7goq5qr2ecuq err=HttpError('InvalidRequest: Could not find repo: did:plc:6vgdxrnumxxs7goq5qr2ecuq')
2026-03-15T11:35:17Z WARNING bsky_collector_v2.job.index_feed_generators: listRecords failed repo=did:plc:73o7dqnohlp3uwup3dapadco err=HttpError('InvalidRequest: Could not find repo: did:plc:73o7dqnohlp3uwup3dapadco')
2026-03-15T11:35:17Z WARNING bsky_collector_v2.job.index_feed_generators: listRecords failed repo=did:plc:7dp2ttcgrwvm4qgnpjdsvygw err=HttpError('InvalidRequest: Could not find repo: did:plc:7dp2ttcgrwvm4qgnpjdsvygw')
2026-03-15T11:35:17Z WARNING bsky_collector_v2.job.index_feed_generators: listRecords failed repo=did:plc:7mjem6utbleec2vrjzrw7eja err=HttpError('InvalidRequest: Could not find repo: did:plc:7mjem6utbleec2vrjzrw7eja')
2026-03-15T11:35:17Z WARNING bsky_collector_v2.job.index_feed_generators: listRecords failed repo=did:plc:7vrsviwatxprmobszejha5gw err=HttpError('InvalidRequest: Could not find repo: did:plc:7vrsviwatxprmobszejha5gw')
2026-03-15T11:35:17Z WARNING bsky_collector_v2.job.index_feed_generators: listRecords failed repo=did:plc:a5wnbrdvevlwnbtusanjkiiv err=HttpError('InvalidRequest: Could not find repo: did:plc:a5wnbrdvevlwnbtusanjkiiv')
2026-03-15T11:35:17Z WARNING bsky_collector_v2.job.index_feed_generators: listRecords failed repo=did:plc:afwfi4egxyp2jgxx5q6f5u56 err=HttpError('InvalidRequest: Could not find repo: did:plc:afwfi4egxyp2jgxx5q6f5u56')
2026-03-15T11:35:17Z WARNING bsky_collector_v2.job.index_feed_generators: listRecords failed repo=did:plc:aiqjeoat3rmc3p2el3kub7vk err=HttpError('InvalidRequest: Could not find repo: did:plc:aiqjeoat3rmc3p2el3kub7vk')
2026-03-15T11:35:17Z WARNING bsky_collector_v2.job.index_feed_generators: listRecords failed repo=did:plc:ay6bs2dhb24nnvddq4nnfek5 err=HttpError('InvalidRequest: Could not find repo: did:plc:ay6bs2dhb24nnvddq4nnfek5')
2026-03-15T11:35:17Z WARNING bsky_collector_v2.job.index_feed_generators: listRecords failed repo=did:plc:batjj6r3e2y6crwowlokv6rk err=HttpError('InvalidRequest: Could not find repo: did:plc:batjj6r3e2y6crwowlokv6rk')
2026-03-15T11:35:17Z WARNING bsky_collector_v2.job.index_feed_generators: listRecords failed repo=did:plc:bc5ok34n5vnypedmz6oi3kvh err=HttpError('InvalidRequest: Could not find repo: did:plc:bc5ok34n5vnypedmz6oi3kvh')
2026-03-15T11:35:18Z WARNING bsky_collector_v2.job.index_feed_generators: listRecords failed repo=did:plc:be33y7oljyelonpmnnpprc6y err=HttpError('InvalidRequest: Could not find repo: did:plc:be33y7oljyelonpmnnpprc6y')
2026-03-15T11:35:18Z WARNING bsky_collector_v2.job.index_feed_generators: listRecords failed repo=did:plc:bveqzzzspdmj2vs7kb2wwgog err=HttpError('InvalidRequest: Could not find repo: did:plc:bveqzzzspdmj2vs7kb2wwgog')
2026-03-15T11:35:18Z WARNING bsky_collector_v2.job.index_feed_generators: listRecords failed repo=did:plc:bwasefihbffq4imp5vsfhyad err=HttpError('InvalidRequest: Could not find repo: did:plc:bwasefihbffq4imp5vsfhyad')
2026-03-15T11:35:18Z WARNING bsky_collector_v2.job.index_feed_generators: listRecords failed repo=did:plc:bwo73fhkt2vwm6lkpt5d774x err=HttpError('InvalidRequest: Could not find repo: did:plc:bwo73fhkt2vwm6lkpt5d774x')
2026-03-15T11:35:18Z WARNING bsky_collector_v2.job.index_feed_generators: listRecords failed repo=did:plc:c3rgbpndymkrmvg3qkqlbqbl err=HttpError('InvalidRequest: Could not find repo: did:plc:c3rgbpndymkrmvg3qkqlbqbl')
2026-03-15T11:35:18Z WARNING bsky_collector_v2.job.index_feed_generators: listRecords failed repo=did:plc:c4lpazrcujvhba6a4gucvy76 err=HttpError('InvalidRequest: Could not find repo: did:plc:c4lpazrcujvhba6a4gucvy76')
2026-03-15T11:35:18Z WARNING bsky_collector_v2.job.index_feed_generators: listRecords failed repo=did:plc:c6hzeres4fttbv646dv7nveu err=HttpError('InvalidRequest: Could not find repo: did:plc:c6hzeres4fttbv646dv7nveu')
2026-03-15T11:35:18Z WARNING bsky_collector_v2.job.index_feed_generators: listRecords failed repo=did:plc:cbvdrmdoyrxsp2dr5c5l7iu2 err=HttpError('InvalidRequest: Could not find repo: did:plc:cbvdrmdoyrxsp2dr5c5l7iu2')
2026-03-15T11:35:18Z WARNING bsky_collector_v2.job.index_feed_generators: listRecords failed repo=did:plc:cqfgigjtukww2xgc6hapmo25 err=HttpError('InvalidRequest: Could not find repo: did:plc:cqfgigjtukww2xgc6hapmo25')
2026-03-15T11:35:18Z WARNING bsky_collector_v2.job.index_feed_generators: listRecords failed repo=did:plc:cr76rrzjdrcnkeia6lpoigxv err=HttpError('InvalidRequest: Could not find repo: did:plc:cr76rrzjdrcnkeia6lpoigxv')
2026-03-15T11:35:18Z WARNING bsky_collector_v2.job.index_feed_generators: listRecords failed repo=did:plc:d6fi7gpegryg7gddg7bca3up err=HttpError('InvalidRequest: Could not find repo: did:plc:d6fi7gpegryg7gddg7bca3up')
2026-03-15T11:35:18Z WARNING bsky_collector_v2.job.index_feed_generators: listRecords failed repo=did:plc:d6wnwi7htfdtbwuovtfnotwo err=HttpError('InvalidRequest: Could not find repo: did:plc:d6wnwi7htfdtbwuovtfnotwo')
2026-03-15T11:35:18Z WARNING bsky_collector_v2.job.index_feed_generators: listRecords failed repo=did:plc:dh2nt7hgjn2l73qxgiehhof4 err=HttpError('InvalidRequest: Could not find repo: did:plc:dh2nt7hgjn2l73qxgiehhof4')
2026-03-15T11:35:18Z WARNING bsky_collector_v2.job.index_feed_generators: listRecords failed repo=did:plc:dnvmttfn4ghhmcbejcgykhmo err=HttpError('InvalidRequest: Could not find repo: did:plc:dnvmttfn4ghhmcbejcgykhmo')
2026-03-15T11:35:18Z WARNING bsky_collector_v2.job.index_feed_generators: listRecords failed repo=did:plc:dsqfwecr2e5qyz6dytexefjo err=HttpError('InvalidRequest: Could not find repo: did:plc:dsqfwecr2e5qyz6dytexefjo')
2026-03-15T11:35:18Z WARNING bsky_collector_v2.job.index_feed_generators: listRecords failed repo=did:plc:dvmm7tgdse5ylrltipidamrx err=HttpError('InvalidRequest: Could not find repo: did:plc:dvmm7tgdse5ylrltipidamrx')
2026-03-15T11:35:18Z WARNING bsky_collector_v2.job.index_feed_generators: listRecords failed repo=did:plc:eefmus3skh6wy7unfdoq4kfm err=HttpError('InvalidRequest: Could not find repo: did:plc:eefmus3skh6wy7unfdoq4kfm')
2026-03-15T11:35:18Z WARNING bsky_collector_v2.job.index_feed_generators: listRecords failed repo=did:plc:ej3wetumjdvpqg4cx5jywfze err=HttpError('InvalidRequest: Could not find repo: did:plc:ej3wetumjdvpqg4cx5jywfze')
2026-03-15T11:35:18Z WARNING bsky_collector_v2.job.index_feed_generators: listRecords failed repo=did:plc:em64qt6pvh7urzvs24fxzssf err=HttpError('InvalidRequest: Could not find repo: did:plc:em64qt6pvh7urzvs24fxzssf')
2026-03-15T11:35:19Z WARNING bsky_collector_v2.job.index_feed_generators: listRecords failed repo=did:plc:ep3hzhcuibn4cfyafnlqljxe err=HttpError('InvalidRequest: Could not find repo: did:plc:ep3hzhcuibn4cfyafnlqljxe')
2026-03-15T11:35:19Z WARNING bsky_collector_v2.job.index_feed_generators: listRecords failed repo=did:plc:f52xsni7juy2q65zsmptm7zs err=HttpError('InvalidRequest: Could not find repo: did:plc:f52xsni7juy2q65zsmptm7zs')
2026-03-15T11:35:19Z WARNING bsky_collector_v2.job.index_feed_generators: listRecords failed repo=did:plc:fabxaaw5gubl4q42p3acmtii err=HttpError('InvalidRequest: Could not find repo: did:plc:fabxaaw5gubl4q42p3acmtii')
2026-03-15T11:35:19Z WARNING bsky_collector_v2.job.index_feed_generators: listRecords failed repo=did:plc:fdjlem33fpgde6rm4vhpmldl err=HttpError('InvalidRequest: Could not find repo: did:plc:fdjlem33fpgde6rm4vhpmldl')
2026-03-15T11:35:19Z WARNING bsky_collector_v2.job.index_feed_generators: listRecords failed repo=did:plc:fhzsaxbnyeoz2nhyq2dlnywy err=HttpError('InvalidRequest: Could not find repo: did:plc:fhzsaxbnyeoz2nhyq2dlnywy')
2026-03-15T11:35:19Z WARNING bsky_collector_v2.job.index_feed_generators: listRecords failed repo=did:plc:fi5usdmijf66rx2iwcwfi4ez err=HttpError('InvalidRequest: Could not find repo: did:plc:fi5usdmijf66rx2iwcwfi4ez')
2026-03-15T11:35:19Z WARNING bsky_collector_v2.job.index_feed_generators: listRecords failed repo=did:plc:fk7fhe5puqwblak3cx7bjbcs err=HttpError('InvalidRequest: Could not find repo: did:plc:fk7fhe5puqwblak3cx7bjbcs')
2026-03-15T11:35:19Z WARNING bsky_collector_v2.job.index_feed_generators: listRecords failed repo=did:plc:fvcjr7hsdrtwuz2b5bd2bxjf err=HttpError('InvalidRequest: Could not find repo: did:plc:fvcjr7hsdrtwuz2b5bd2bxjf')
2026-03-15T11:35:19Z WARNING bsky_collector_v2.job.index_feed_generators: listRecords failed repo=did:plc:g22vyvbjbk3xeayfjpqcu2wz err=HttpError('InvalidRequest: Could not find repo: did:plc:g22vyvbjbk3xeayfjpqcu2wz')
2026-03-15T11:35:19Z WARNING bsky_collector_v2.job.index_feed_generators: listRecords failed repo=did:plc:gegqofkuv2pjzehlnw5hg6py err=HttpError('InvalidRequest: Could not find repo: did:plc:gegqofkuv2pjzehlnw5hg6py')
2026-03-15T11:35:19Z WARNING bsky_collector_v2.job.index_feed_generators: listRecords failed repo=did:plc:gmdlrw2qlcicqqqercllxxud err=HttpError('InvalidRequest: Could not find repo: did:plc:gmdlrw2qlcicqqqercllxxud')
2026-03-15T11:35:19Z WARNING bsky_collector_v2.job.index_feed_generators: listRecords failed repo=did:plc:hba6ydwtf6z63p3czg7mzn43 err=HttpError('InvalidRequest: Could not find repo: did:plc:hba6ydwtf6z63p3czg7mzn43')
2026-03-15T11:35:19Z WARNING bsky_collector_v2.job.index_feed_generators: listRecords failed repo=did:plc:hbztnuc2l6tpcjoqpgti35wa err=HttpError('InvalidRequest: Could not find repo: did:plc:hbztnuc2l6tpcjoqpgti35wa')
2026-03-15T11:35:19Z WARNING bsky_collector_v2.job.index_feed_generators: listRecords failed repo=did:plc:huzbuavsopjsayf5fmbcgrne err=HttpError('InvalidRequest: Could not find repo: did:plc:huzbuavsopjsayf5fmbcgrne')
2026-03-15T11:35:19Z WARNING bsky_collector_v2.job.index_feed_generators: listRecords failed repo=did:plc:i4fkposxyueto3l5wcc6zsl5 err=HttpError('InvalidRequest: Could not find repo: did:plc:i4fkposxyueto3l5wcc6zsl5')
2026-03-15T11:35:19Z WARNING bsky_collector_v2.job.index_feed_generators: listRecords failed repo=did:plc:i6xrh6awogwn7ts7bwdws5oy err=HttpError('InvalidRequest: Could not find repo: did:plc:i6xrh6awogwn7ts7bwdws5oy')
2026-03-15T11:35:19Z WARNING bsky_collector_v2.job.index_feed_generators: listRecords failed repo=did:plc:iveeajb756scksmtpzunvgv7 err=HttpError('InvalidRequest: Could not find repo: did:plc:iveeajb756scksmtpzunvgv7')
2026-03-15T11:35:19Z WARNING bsky_collector_v2.job.index_feed_generators: listRecords failed repo=did:plc:j2sz3hzf26kcqw2tlfqqfeex err=HttpError('InvalidRequest: Could not find repo: did:plc:j2sz3hzf26kcqw2tlfqqfeex')
2026-03-15T11:35:19Z WARNING bsky_collector_v2.job.index_feed_generators: listRecords failed repo=did:plc:j2vqkvdwgh6gnrgjcs2d5pds err=HttpError('InvalidRequest: Could not find repo: did:plc:j2vqkvdwgh6gnrgjcs2d5pds')
2026-03-15T11:35:19Z WARNING bsky_collector_v2.job.index_feed_generators: listRecords failed repo=did:plc:j2w2graobtsa3u5pkgwkkt7v err=HttpError('InvalidRequest: Could not find repo: did:plc:j2w2graobtsa3u5pkgwkkt7v')
2026-03-15T11:35:20Z WARNING bsky_collector_v2.job.index_feed_generators: listRecords failed repo=did:plc:j3qhhvngiqpynilmiwxyymre err=HttpError('InvalidRequest: Could not find repo: did:plc:j3qhhvngiqpynilmiwxyymre')
2026-03-15T11:35:20Z WARNING bsky_collector_v2.job.index_feed_generators: listRecords failed repo=did:plc:j3qqmm77rx3mqek35mw6hegz err=HttpError('InvalidRequest: Could not find repo: did:plc:j3qqmm77rx3mqek35mw6hegz')
2026-03-15T11:35:20Z WARNING bsky_collector_v2.job.index_feed_generators: listRecords failed repo=did:plc:j4g65os24n3j4vqmxtkwumee err=HttpError('InvalidRequest: Could not find repo: did:plc:j4g65os24n3j4vqmxtkwumee')
2026-03-15T11:35:20Z WARNING bsky_collector_v2.job.index_feed_generators: listRecords failed repo=did:plc:jnehttq665svlboeksncrjqx err=HttpError('InvalidRequest: Could not find repo: did:plc:jnehttq665svlboeksncrjqx')
2026-03-15T11:35:20Z WARNING bsky_collector_v2.job.index_feed_generators: listRecords failed repo=did:plc:jt5fm72f5avgcqgqnrmlbzvt err=HttpError('InvalidRequest: Could not find repo: did:plc:jt5fm72f5avgcqgqnrmlbzvt')
2026-03-15T11:35:20Z WARNING bsky_collector_v2.job.index_feed_generators: listRecords failed repo=did:plc:juj32rrcmo2q4h5653ubg4lq err=HttpError('InvalidRequest: Could not find repo: did:plc:juj32rrcmo2q4h5653ubg4lq')
2026-03-15T11:35:20Z WARNING bsky_collector_v2.job.index_feed_generators: listRecords failed repo=did:plc:jzkhcy32hluh6grnhpn5cutl err=HttpError('InvalidRequest: Could not find repo: did:plc:jzkhcy32hluh6grnhpn5cutl')
2026-03-15T11:35:20Z WARNING bsky_collector_v2.job.index_feed_generators: listRecords failed repo=did:plc:k3yc3aje5wzarzylxardumfd err=HttpError('InvalidRequest: Could not find repo: did:plc:k3yc3aje5wzarzylxardumfd')
2026-03-15T11:35:20Z WARNING bsky_collector_v2.job.index_feed_generators: listRecords failed repo=did:plc:k4eszh54ajzlfs7x5dfkpw76 err=HttpError('InvalidRequest: Could not find repo: did:plc:k4eszh54ajzlfs7x5dfkpw76')
2026-03-15T11:35:20Z WARNING bsky_collector_v2.job.index_feed_generators: listRecords failed repo=did:plc:khr2542hqlruyc46oiqodqhf err=HttpError('InvalidRequest: Could not find repo: did:plc:khr2542hqlruyc46oiqodqhf')
2026-03-15T11:35:20Z WARNING bsky_collector_v2.job.index_feed_generators: listRecords failed repo=did:plc:kq46bqo5ykzgylfqtexsiwyv err=HttpError('InvalidRequest: Could not find repo: did:plc:kq46bqo5ykzgylfqtexsiwyv')
2026-03-15T11:35:20Z WARNING bsky_collector_v2.job.index_feed_generators: listRecords failed repo=did:plc:kw57yxfmdft3fsntqt3nqidt err=HttpError('InvalidRequest: Could not find repo: did:plc:kw57yxfmdft3fsntqt3nqidt')
2026-03-15T11:35:20Z WARNING bsky_collector_v2.job.index_feed_generators: listRecords failed repo=did:plc:l6eip23adkbsw5aaqrdpd5lf err=HttpError('InvalidRequest: Could not find repo: did:plc:l6eip23adkbsw5aaqrdpd5lf')
2026-03-15T11:35:20Z WARNING bsky_collector_v2.job.index_feed_generators: listRecords failed repo=did:plc:lenjhpqm7hsstqxwe3pjy3or err=HttpError('InvalidRequest: Could not find repo: did:plc:lenjhpqm7hsstqxwe3pjy3or')
2026-03-15T11:35:20Z WARNING bsky_collector_v2.job.index_feed_generators: listRecords failed repo=did:plc:lqx5fphs7eptttsytfospusk err=HttpError('InvalidRequest: Could not find repo: did:plc:lqx5fphs7eptttsytfospusk')
2026-03-15T11:35:20Z WARNING bsky_collector_v2.job.index_feed_generators: listRecords failed repo=did:plc:lvy5ef2xtvfrc4jj5zyrgmkj err=HttpError('InvalidRequest: Could not find repo: did:plc:lvy5ef2xtvfrc4jj5zyrgmkj')
2026-03-15T11:35:20Z WARNING bsky_collector_v2.job.index_feed_generators: listRecords failed repo=did:plc:m2jz6nip5zlog4ejlgfxl73n err=HttpError('InvalidRequest: Could not find repo: did:plc:m2jz6nip5zlog4ejlgfxl73n')
2026-03-15T11:35:20Z WARNING bsky_collector_v2.job.index_feed_generators: listRecords failed repo=did:plc:m5piqjhmhhpr7ogf73slall2 err=HttpError('InvalidRequest: Could not find repo: did:plc:m5piqjhmhhpr7ogf73slall2')
2026-03-15T11:35:20Z WARNING bsky_collector_v2.job.index_feed_generators: listRecords failed repo=did:plc:mdg6giqeradzje4dqdc4b3at err=HttpError('InvalidRequest: Could not find repo: did:plc:mdg6giqeradzje4dqdc4b3at')
2026-03-15T11:35:21Z WARNING bsky_collector_v2.job.index_feed_generators: listRecords failed repo=did:plc:mgobmugzlq2sdqlv25uwaitt err=HttpError('InvalidRequest: Could not find repo: did:plc:mgobmugzlq2sdqlv25uwaitt')
2026-03-15T11:35:21Z WARNING bsky_collector_v2.job.index_feed_generators: listRecords failed repo=did:plc:mkhbrflaxhxhvlel7b76pk3b err=HttpError('InvalidRequest: Could not find repo: did:plc:mkhbrflaxhxhvlel7b76pk3b')
2026-03-15T11:35:21Z WARNING bsky_collector_v2.job.index_feed_generators: listRecords failed repo=did:plc:mr3ag2zth2anzjoe5q2sm5nd err=HttpError('InvalidRequest: Could not find repo: did:plc:mr3ag2zth2anzjoe5q2sm5nd')
2026-03-15T11:35:21Z WARNING bsky_collector_v2.job.index_feed_generators: listRecords failed repo=did:plc:mrt3dxypxbzeegxmtgyf2wys err=HttpError('InvalidRequest: Could not find repo: did:plc:mrt3dxypxbzeegxmtgyf2wys')
2026-03-15T11:35:21Z WARNING bsky_collector_v2.job.index_feed_generators: listRecords failed repo=did:plc:msku4teymxbcnc6ky4frqgkt err=HttpError('InvalidRequest: Could not find repo: did:plc:msku4teymxbcnc6ky4frqgkt')
2026-03-15T11:35:21Z WARNING bsky_collector_v2.job.index_feed_generators: listRecords failed repo=did:plc:mtd2xcvusb626rr24yan37xl err=HttpError('InvalidRequest: Could not find repo: did:plc:mtd2xcvusb626rr24yan37xl')
2026-03-15T11:35:21Z WARNING bsky_collector_v2.job.index_feed_generators: listRecords failed repo=did:plc:mzusq5spfxu47726u76i3bte err=HttpError('InvalidRequest: Could not find repo: did:plc:mzusq5spfxu47726u76i3bte')
2026-03-15T11:35:21Z WARNING bsky_collector_v2.job.index_feed_generators: listRecords failed repo=did:plc:nchlta5d2piyccn7fr3zfxk5 err=HttpError('InvalidRequest: Could not find repo: did:plc:nchlta5d2piyccn7fr3zfxk5')
2026-03-15T11:35:21Z WARNING bsky_collector_v2.job.index_feed_generators: listRecords failed repo=did:plc:ne5q2wouhnnpysvzxuk7o3z7 err=HttpError('InvalidRequest: Could not find repo: did:plc:ne5q2wouhnnpysvzxuk7o3z7')
2026-03-15T11:35:21Z WARNING bsky_collector_v2.job.index_feed_generators: listRecords failed repo=did:plc:nf4ahtgbfzkiqoxemadvfunx err=HttpError('InvalidRequest: Could not find repo: did:plc:nf4ahtgbfzkiqoxemadvfunx')
2026-03-15T11:35:21Z WARNING bsky_collector_v2.job.index_feed_generators: listRecords failed repo=did:plc:nmmx77zipe5hy7qqfyk6yan4 err=HttpError('InvalidRequest: Could not find repo: did:plc:nmmx77zipe5hy7qqfyk6yan4')
2026-03-15T11:35:21Z WARNING bsky_collector_v2.job.index_feed_generators: listRecords failed repo=did:plc:nxys4ujv5b4cqdbqqcochglg err=HttpError('InvalidRequest: Could not find repo: did:plc:nxys4ujv5b4cqdbqqcochglg')
2026-03-15T11:35:21Z WARNING bsky_collector_v2.job.index_feed_generators: listRecords failed repo=did:plc:o7hrgishsqpckgdacnrrfate err=HttpError('InvalidRequest: Could not find repo: did:plc:o7hrgishsqpckgdacnrrfate')
2026-03-15T11:35:21Z WARNING bsky_collector_v2.job.index_feed_generators: listRecords failed repo=did:plc:ogksjyfapfnnlvrquwwnqn53 err=HttpError('InvalidRequest: Could not find repo: did:plc:ogksjyfapfnnlvrquwwnqn53')
2026-03-15T11:35:21Z WARNING bsky_collector_v2.job.index_feed_generators: listRecords failed repo=did:plc:ojax4xslcgaki7wv3d5ov3nf err=HttpError('InvalidRequest: Could not find repo: did:plc:ojax4xslcgaki7wv3d5ov3nf')
2026-03-15T11:35:21Z WARNING bsky_collector_v2.job.index_feed_generators: listRecords failed repo=did:plc:ojzbhdmwft3eiy46gl5kucoo err=HttpError('InvalidRequest: Could not find repo: did:plc:ojzbhdmwft3eiy46gl5kucoo')
2026-03-15T11:35:21Z WARNING bsky_collector_v2.job.index_feed_generators: listRecords failed repo=did:plc:olxaoy5aonvelta57txene66 err=HttpError('InvalidRequest: Could not find repo: did:plc:olxaoy5aonvelta57txene66')
2026-03-15T11:35:21Z WARNING bsky_collector_v2.job.index_feed_generators: listRecords failed repo=did:plc:ougyozbxqj3krzfdluccgywo err=HttpError('InvalidRequest: Could not find repo: did:plc:ougyozbxqj3krzfdluccgywo')
2026-03-15T11:35:22Z WARNING bsky_collector_v2.job.index_feed_generators: listRecords failed repo=did:plc:p7arjhdvahnlcrrbq32xd3lf err=HttpError('InvalidRequest: Could not find repo: did:plc:p7arjhdvahnlcrrbq32xd3lf')
2026-03-15T11:35:22Z WARNING bsky_collector_v2.job.index_feed_generators: listRecords failed repo=did:plc:pe5g5ubxbb7drewhvzgj4wtb err=HttpError('InvalidRequest: Could not find repo: did:plc:pe5g5ubxbb7drewhvzgj4wtb')
2026-03-15T11:35:22Z WARNING bsky_collector_v2.job.index_feed_generators: listRecords failed repo=did:plc:pyb6wgwvo475sf4hkgfxw6gj err=HttpError('InvalidRequest: Could not find repo: did:plc:pyb6wgwvo475sf4hkgfxw6gj')
2026-03-15T11:35:22Z WARNING bsky_collector_v2.job.index_feed_generators: listRecords failed repo=did:plc:q2wtgwpqn5yz6f6w546vpjbg err=HttpError('InvalidRequest: Could not find repo: did:plc:q2wtgwpqn5yz6f6w546vpjbg')
2026-03-15T11:35:22Z WARNING bsky_collector_v2.job.index_feed_generators: listRecords failed repo=did:plc:q4vcmo572sb2ec6dem57ralf err=HttpError('InvalidRequest: Could not find repo: did:plc:q4vcmo572sb2ec6dem57ralf')
2026-03-15T11:35:22Z WARNING bsky_collector_v2.job.index_feed_generators: listRecords failed repo=did:plc:q6avbx2x2jqi3vbgc3sh4iiw err=HttpError('InvalidRequest: Could not find repo: did:plc:q6avbx2x2jqi3vbgc3sh4iiw')
2026-03-15T11:35:22Z WARNING bsky_collector_v2.job.index_feed_generators: listRecords failed repo=did:plc:qcy7xp5xglqysea5lsqnhdjo err=HttpError('InvalidRequest: Could not find repo: did:plc:qcy7xp5xglqysea5lsqnhdjo')
2026-03-15T11:35:22Z WARNING bsky_collector_v2.job.index_feed_generators: listRecords failed repo=did:plc:qcyjhl3lu7b4nxqsnspotp7e err=HttpError('InvalidRequest: Could not find repo: did:plc:qcyjhl3lu7b4nxqsnspotp7e')
2026-03-15T11:35:22Z WARNING bsky_collector_v2.job.index_feed_generators: listRecords failed repo=did:plc:rbwikklhjz5lbatadm2z6dw7 err=HttpError('InvalidRequest: Could not find repo: did:plc:rbwikklhjz5lbatadm2z6dw7')
2026-03-15T11:35:22Z WARNING bsky_collector_v2.job.index_feed_generators: listRecords failed repo=did:plc:rxaw5xmgtrkjui7ps73mrdxh err=HttpError('InvalidRequest: Could not find repo: did:plc:rxaw5xmgtrkjui7ps73mrdxh')
2026-03-15T11:35:22Z WARNING bsky_collector_v2.job.index_feed_generators: listRecords failed repo=did:plc:s5nrw3aryf6uy2laro3i3ymk err=HttpError('InvalidRequest: Could not find repo: did:plc:s5nrw3aryf6uy2laro3i3ymk')
2026-03-15T11:35:22Z WARNING bsky_collector_v2.job.index_feed_generators: listRecords failed repo=did:plc:sbbswm3nkcfn5uodae5pfato err=HttpError('InvalidRequest: Could not find repo: did:plc:sbbswm3nkcfn5uodae5pfato')
2026-03-15T11:35:22Z WARNING bsky_collector_v2.job.index_feed_generators: listRecords failed repo=did:plc:sditxucq6ydkiaear4hsinea err=HttpError('InvalidRequest: Could not find repo: did:plc:sditxucq6ydkiaear4hsinea')
2026-03-15T11:35:22Z WARNING bsky_collector_v2.job.index_feed_generators: listRecords failed repo=did:plc:sgv3ffnksuryt44qwspupyyg err=HttpError('InvalidRequest: Could not find repo: did:plc:sgv3ffnksuryt44qwspupyyg')
2026-03-15T11:35:22Z WARNING bsky_collector_v2.job.index_feed_generators: listRecords failed repo=did:plc:sor7ftj4r7adj3spdiilyjzd err=HttpError('InvalidRequest: Could not find repo: did:plc:sor7ftj4r7adj3spdiilyjzd')
2026-03-15T11:35:22Z WARNING bsky_collector_v2.job.index_feed_generators: listRecords failed repo=did:plc:t4v3vbnxq6ehsxifahcbswdh err=HttpError('InvalidRequest: Could not find repo: did:plc:t4v3vbnxq6ehsxifahcbswdh')
2026-03-15T11:35:22Z WARNING bsky_collector_v2.job.index_feed_generators: listRecords failed repo=did:plc:te37pstn3wq3bk6mxgbl6n45 err=HttpError('InvalidRequest: Could not find repo: did:plc:te37pstn3wq3bk6mxgbl6n45')
2026-03-15T11:35:22Z WARNING bsky_collector_v2.job.index_feed_generators: listRecords failed repo=did:plc:tmlpqu2un5eqyt2lbuakfe7s err=HttpError('InvalidRequest: Could not find repo: did:plc:tmlpqu2un5eqyt2lbuakfe7s')
2026-03-15T11:35:22Z WARNING bsky_collector_v2.job.index_feed_generators: listRecords failed repo=did:plc:toqz2ezhao2s6vfnjobujoib err=HttpError('InvalidRequest: Could not find repo: did:plc:toqz2ezhao2s6vfnjobujoib')
2026-03-15T11:35:23Z WARNING bsky_collector_v2.job.index_feed_generators: listRecords failed repo=did:plc:tzj6h7hm7he3juppylezyx7b err=HttpError('InvalidRequest: Could not find repo: did:plc:tzj6h7hm7he3juppylezyx7b')
2026-03-15T11:35:23Z WARNING bsky_collector_v2.job.index_feed_generators: listRecords failed repo=did:plc:u2rimq2v7e2txmuno4khmz76 err=HttpError('InvalidRequest: Could not find repo: did:plc:u2rimq2v7e2txmuno4khmz76')
2026-03-15T11:35:23Z WARNING bsky_collector_v2.job.index_feed_generators: listRecords failed repo=did:plc:u3k4gs6g6pu2ghuvyrwxcfs7 err=HttpError('InvalidRequest: Could not find repo: did:plc:u3k4gs6g6pu2ghuvyrwxcfs7')
2026-03-15T11:35:23Z WARNING bsky_collector_v2.job.index_feed_generators: listRecords failed repo=did:plc:uhn7sit2gzbwtygtpzrur25z err=HttpError('InvalidRequest: Could not find repo: did:plc:uhn7sit2gzbwtygtpzrur25z')
2026-03-15T11:35:23Z WARNING bsky_collector_v2.job.index_feed_generators: listRecords failed repo=did:plc:uphwko2t7bo7pf5znx2xqco3 err=HttpError('InvalidRequest: Could not find repo: did:plc:uphwko2t7bo7pf5znx2xqco3')
2026-03-15T11:35:23Z WARNING bsky_collector_v2.job.index_feed_generators: listRecords failed repo=did:plc:urgpxu3mbg77htuzr4doctoo err=HttpError('InvalidRequest: Could not find repo: did:plc:urgpxu3mbg77htuzr4doctoo')
2026-03-15T11:35:23Z WARNING bsky_collector_v2.job.index_feed_generators: listRecords failed repo=did:plc:uvmjrl7rsi2fdpdxi5rpbgqc err=HttpError('InvalidRequest: Could not find repo: did:plc:uvmjrl7rsi2fdpdxi5rpbgqc')
2026-03-15T11:35:23Z WARNING bsky_collector_v2.job.index_feed_generators: listRecords failed repo=did:plc:uvw5xpxoi5ozkbpf3vb7qxo3 err=HttpError('InvalidRequest: Could not find repo: did:plc:uvw5xpxoi5ozkbpf3vb7qxo3')
2026-03-15T11:35:23Z WARNING bsky_collector_v2.job.index_feed_generators: listRecords failed repo=did:plc:v2uehmtsvkaeu3m7eyv65aay err=HttpError('InvalidRequest: Could not find repo: did:plc:v2uehmtsvkaeu3m7eyv65aay')
2026-03-15T11:35:23Z WARNING bsky_collector_v2.job.index_feed_generators: listRecords failed repo=did:plc:v6apxsmii6qmy4hfvtnuv4ke err=HttpError('InvalidRequest: Could not find repo: did:plc:v6apxsmii6qmy4hfvtnuv4ke')
2026-03-15T11:35:23Z WARNING bsky_collector_v2.job.index_feed_generators: listRecords failed repo=did:plc:velnkin3zxdudvwsgybacp5w err=HttpError('InvalidRequest: Could not find repo: did:plc:velnkin3zxdudvwsgybacp5w')
2026-03-15T11:35:23Z WARNING bsky_collector_v2.job.index_feed_generators: listRecords failed repo=did:plc:vuoqugljzratugots6zgzphv err=HttpError('InvalidRequest: Could not find repo: did:plc:vuoqugljzratugots6zgzphv')
2026-03-15T11:35:23Z WARNING bsky_collector_v2.job.index_feed_generators: listRecords failed repo=did:plc:vyw7r6vejfmd5e7dbq4dhz6a err=HttpError('InvalidRequest: Could not find repo: did:plc:vyw7r6vejfmd5e7dbq4dhz6a')
2026-03-15T11:35:23Z WARNING bsky_collector_v2.job.index_feed_generators: listRecords failed repo=did:plc:vzpjbxwdlxz7q6vqc4qqnjlf err=HttpError('InvalidRequest: Could not find repo: did:plc:vzpjbxwdlxz7q6vqc4qqnjlf')
2026-03-15T11:35:23Z WARNING bsky_collector_v2.job.index_feed_generators: listRecords failed repo=did:plc:w3nwrpzcrnzu5nnai6yff6cs err=HttpError('InvalidRequest: Could not find repo: did:plc:w3nwrpzcrnzu5nnai6yff6cs')
2026-03-15T11:35:23Z WARNING bsky_collector_v2.job.index_feed_generators: listRecords failed repo=did:plc:w5p75uln5ccqi3pjnpxqol7t err=HttpError('InvalidRequest: Could not find repo: did:plc:w5p75uln5ccqi3pjnpxqol7t')
2026-03-15T11:35:23Z WARNING bsky_collector_v2.job.index_feed_generators: listRecords failed repo=did:plc:w7p6wrbxazm4ugrod5mzflar err=HttpError('InvalidRequest: Could not find repo: did:plc:w7p6wrbxazm4ugrod5mzflar')
2026-03-15T11:35:23Z WARNING bsky_collector_v2.job.index_feed_generators: listRecords failed repo=did:plc:wg4fws2g7biwdvi4p4of2fqv err=HttpError('InvalidRequest: Could not find repo: did:plc:wg4fws2g7biwdvi4p4of2fqv')
2026-03-15T11:35:23Z WARNING bsky_collector_v2.job.index_feed_generators: listRecords failed repo=did:plc:wr6evjz4xupzt3fruczrynob err=HttpError('InvalidRequest: Could not find repo: did:plc:wr6evjz4xupzt3fruczrynob')
2026-03-15T11:35:24Z WARNING bsky_collector_v2.job.index_feed_generators: listRecords failed repo=did:plc:xcdfm74w5xi5ysw56oumil3w err=HttpError('InvalidRequest: Could not find repo: did:plc:xcdfm74w5xi5ysw56oumil3w')
2026-03-15T11:35:24Z WARNING bsky_collector_v2.job.index_feed_generators: listRecords failed repo=did:plc:xdhxnojs7m7fksb6iighcz46 err=HttpError('InvalidRequest: Could not find repo: did:plc:xdhxnojs7m7fksb6iighcz46')
2026-03-15T11:35:24Z WARNING bsky_collector_v2.job.index_feed_generators: listRecords failed repo=did:plc:xeratkt7ilava2btga4h3j4o err=HttpError('InvalidRequest: Could not find repo: did:plc:xeratkt7ilava2btga4h3j4o')
2026-03-15T11:35:24Z WARNING bsky_collector_v2.job.index_feed_generators: listRecords failed repo=did:plc:xffy3csnytyn44xv6k773ifr err=HttpError('InvalidRequest: Could not find repo: did:plc:xffy3csnytyn44xv6k773ifr')
2026-03-15T11:35:24Z WARNING bsky_collector_v2.job.index_feed_generators: listRecords failed repo=did:plc:xoz5uymjbiuw6d27sltklayu err=HttpError('InvalidRequest: Could not find repo: did:plc:xoz5uymjbiuw6d27sltklayu')
2026-03-15T11:35:24Z WARNING bsky_collector_v2.job.index_feed_generators: listRecords failed repo=did:plc:xsfe7nc7p4hplwun3zyccirg err=HttpError('InvalidRequest: Could not find repo: did:plc:xsfe7nc7p4hplwun3zyccirg')
2026-03-15T11:35:24Z WARNING bsky_collector_v2.job.index_feed_generators: listRecords failed repo=did:plc:xtvoywvuciyqticpfjhpvhob err=HttpError('InvalidRequest: Could not find repo: did:plc:xtvoywvuciyqticpfjhpvhob')
2026-03-15T11:35:24Z WARNING bsky_collector_v2.job.index_feed_generators: listRecords failed repo=did:plc:yh6g23ztnuvbuo3htoebxkjq err=HttpError('InvalidRequest: Could not find repo: did:plc:yh6g23ztnuvbuo3htoebxkjq')
2026-03-15T11:35:24Z WARNING bsky_collector_v2.job.index_feed_generators: listRecords failed repo=did:plc:ylb3zmnci2nf44sd4oqudxsv err=HttpError('InvalidRequest: Could not find repo: did:plc:ylb3zmnci2nf44sd4oqudxsv')
2026-03-15T11:35:24Z WARNING bsky_collector_v2.job.index_feed_generators: listRecords failed repo=did:plc:yqycgtcgqzdfbqwppfchjct4 err=HttpError('InvalidRequest: Could not find repo: did:plc:yqycgtcgqzdfbqwppfchjct4')
2026-03-15T11:35:24Z WARNING bsky_collector_v2.job.index_feed_generators: listRecords failed repo=did:plc:z7kqvhpykw7p27krscmnf6fg err=HttpError('InvalidRequest: Could not find repo: did:plc:z7kqvhpykw7p27krscmnf6fg')
2026-03-15T11:35:24Z WARNING bsky_collector_v2.job.index_feed_generators: listRecords failed repo=did:plc:zc7n2lkeiyydd2v6nj2vvj3d err=HttpError('InvalidRequest: Could not find repo: did:plc:zc7n2lkeiyydd2v6nj2vvj3d')
2026-03-15T11:35:24Z WARNING bsky_collector_v2.job.index_feed_generators: listRecords failed repo=did:plc:zgix6vunorhpefdrlxuxrqlh err=HttpError('InvalidRequest: Could not find repo: did:plc:zgix6vunorhpefdrlxuxrqlh')
2026-03-15T11:35:24Z WARNING bsky_collector_v2.job.index_feed_generators: listRecords failed repo=did:plc:zlxwtfpoxmw5czup5iaewhxk err=HttpError('InvalidRequest: Could not find repo: did:plc:zlxwtfpoxmw5czup5iaewhxk')
2026-03-15T11:35:24Z WARNING bsky_collector_v2.job.index_feed_generators: listRecords failed repo=did:plc:znegtwro5islfspibed242jq err=HttpError('InvalidRequest: Could not find repo: did:plc:znegtwro5islfspibed242jq')
2026-03-15T11:35:24Z WARNING bsky_collector_v2.job.index_feed_generators: listRecords failed repo=did:plc:zx7rbicew5zuvd7nodlc65mg err=HttpError('InvalidRequest: Could not find repo: did:plc:zx7rbicew5zuvd7nodlc65mg')
2026-03-15T11:35:24Z WARNING bsky_collector_v2.job.index_feed_generators: listRecords failed repo=did:plc:zyfzxvim25lxkh2gwyxf33fu err=HttpError('InvalidRequest: Could not find repo: did:plc:zyfzxvim25lxkh2gwyxf33fu')
2026-03-15T11:35:24Z WARNING bsky_collector_v2.job.index_feed_generators: listRecords failed repo=did:plc:2bmb2l6y7zjk52kchyuhdm4o err=HttpError('InvalidRequest: Could not find repo: did:plc:2bmb2l6y7zjk52kchyuhdm4o')
2026-03-15T11:35:24Z WARNING bsky_collector_v2.job.index_feed_generators: listRecords failed repo=did:plc:2ic5u4su76rrgmrwpchemkak err=HttpError('InvalidRequest: Could not find repo: did:plc:2ic5u4su76rrgmrwpchemkak')
2026-03-15T11:35:25Z WARNING bsky_collector_v2.job.index_feed_generators: listRecords failed repo=did:plc:2jjk5fnckg4uqc4a2txwxm4f err=HttpError('InvalidRequest: Could not find repo: did:plc:2jjk5fnckg4uqc4a2txwxm4f')
2026-03-15T11:35:25Z WARNING bsky_collector_v2.job.index_feed_generators: listRecords failed repo=did:plc:2r6rl2brwsx7cutj3vk26cfe err=HttpError('InvalidRequest: Could not find repo: did:plc:2r6rl2brwsx7cutj3vk26cfe')
2026-03-15T11:35:25Z WARNING bsky_collector_v2.job.index_feed_generators: listRecords failed repo=did:plc:2uethiuc4qpmjlvkylftnfcg err=HttpError('InvalidRequest: Could not find repo: did:plc:2uethiuc4qpmjlvkylftnfcg')
2026-03-15T11:35:25Z WARNING bsky_collector_v2.job.index_feed_generators: listRecords failed repo=did:plc:2vospffmxhckmthdxxvnpedt err=HttpError('InvalidRequest: Could not find repo: did:plc:2vospffmxhckmthdxxvnpedt')
2026-03-15T11:35:25Z WARNING bsky_collector_v2.job.index_feed_generators: listRecords failed repo=did:plc:2xpvehhd3yywml7spmchmesm err=HttpError('InvalidRequest: Could not find repo: did:plc:2xpvehhd3yywml7spmchmesm')
2026-03-15T11:35:25Z WARNING bsky_collector_v2.job.index_feed_generators: listRecords failed repo=did:plc:37zy5uq27w63nvkuef3t4iuq err=HttpError('InvalidRequest: Could not find repo: did:plc:37zy5uq27w63nvkuef3t4iuq')
2026-03-15T11:35:25Z WARNING bsky_collector_v2.job.index_feed_generators: listRecords failed repo=did:plc:3cpj3zkgightmkaav6b3tmcu err=HttpError('InvalidRequest: Could not find repo: did:plc:3cpj3zkgightmkaav6b3tmcu')
2026-03-15T11:35:25Z WARNING bsky_collector_v2.job.index_feed_generators: listRecords failed repo=did:plc:3cycwfmorrjmka345y3s2yqf err=HttpError('InvalidRequest: Could not find repo: did:plc:3cycwfmorrjmka345y3s2yqf')
2026-03-15T11:35:25Z WARNING bsky_collector_v2.job.index_feed_generators: listRecords failed repo=did:plc:3excivccedb256d5syemjjgf err=HttpError('InvalidRequest: Could not find repo: did:plc:3excivccedb256d5syemjjgf')
2026-03-15T11:35:25Z WARNING bsky_collector_v2.job.index_feed_generators: listRecords failed repo=did:plc:445wlrop73dascynqtf3if2b err=HttpError('InvalidRequest: Could not find repo: did:plc:445wlrop73dascynqtf3if2b')
2026-03-15T11:35:25Z WARNING bsky_collector_v2.job.index_feed_generators: listRecords failed repo=did:plc:4anbx7vssumrj46yrx32q72l err=HttpError('InvalidRequest: Could not find repo: did:plc:4anbx7vssumrj46yrx32q72l')
2026-03-15T11:35:25Z WARNING bsky_collector_v2.job.index_feed_generators: listRecords failed repo=did:plc:4hlbzvsuy4lo5i7sw72qprbj err=HttpError('InvalidRequest: Could not find repo: did:plc:4hlbzvsuy4lo5i7sw72qprbj')
2026-03-15T11:35:25Z WARNING bsky_collector_v2.job.index_feed_generators: listRecords failed repo=did:plc:4rtpq3vxohzzex5rlph2tdmo err=HttpError('InvalidRequest: Could not find repo: did:plc:4rtpq3vxohzzex5rlph2tdmo')
2026-03-15T11:35:25Z WARNING bsky_collector_v2.job.index_feed_generators: listRecords failed repo=did:plc:52n5ebjwibtehnwl36jfb2db err=HttpError('InvalidRequest: Could not find repo: did:plc:52n5ebjwibtehnwl36jfb2db')
2026-03-15T11:35:25Z WARNING bsky_collector_v2.job.index_feed_generators: listRecords failed repo=did:plc:5455mqqjadna3aybn7cvyukz err=HttpError('InvalidRequest: Could not find repo: did:plc:5455mqqjadna3aybn7cvyukz')
2026-03-15T11:35:25Z WARNING bsky_collector_v2.job.index_feed_generators: listRecords failed repo=did:plc:5bp2h5xhf5hfp3ncuta2lrlo err=HttpError('InvalidRequest: Could not find repo: did:plc:5bp2h5xhf5hfp3ncuta2lrlo')
2026-03-15T11:35:25Z WARNING bsky_collector_v2.job.index_feed_generators: listRecords failed repo=did:plc:5rw7fkgv4qbutb6rhwr4opgi err=HttpError('InvalidRequest: Could not find repo: did:plc:5rw7fkgv4qbutb6rhwr4opgi')
2026-03-15T11:35:25Z WARNING bsky_collector_v2.job.index_feed_generators: listRecords failed repo=did:plc:5trcwd7itgia2spswe3sotme err=HttpError('InvalidRequest: Could not find repo: did:plc:5trcwd7itgia2spswe3sotme')
2026-03-15T11:35:25Z WARNING bsky_collector_v2.job.index_feed_generators: listRecords failed repo=did:plc:67knqaldxw3d5mqcepz26chy err=HttpError('InvalidRequest: Could not find repo: did:plc:67knqaldxw3d5mqcepz26chy')
2026-03-15T11:35:26Z WARNING bsky_collector_v2.job.index_feed_generators: listRecords failed repo=did:plc:6a4v7lcijwnnfmcj2ljze6mn err=HttpError('InvalidRequest: Could not find repo: did:plc:6a4v7lcijwnnfmcj2ljze6mn')
2026-03-15T11:35:26Z WARNING bsky_collector_v2.job.index_feed_generators: listRecords failed repo=did:plc:6fi7ixazcpxsdphg7z4h4rub err=HttpError('InvalidRequest: Could not find repo: did:plc:6fi7ixazcpxsdphg7z4h4rub')
2026-03-15T11:35:26Z WARNING bsky_collector_v2.job.index_feed_generators: listRecords failed repo=did:plc:6kg33pqytuyb5rgrngi4p4vc err=HttpError('InvalidRequest: Could not find repo: did:plc:6kg33pqytuyb5rgrngi4p4vc')
2026-03-15T11:35:26Z WARNING bsky_collector_v2.job.index_feed_generators: listRecords failed repo=did:plc:6t674yjbfseuvzmjraymwhlb err=HttpError('InvalidRequest: Could not find repo: did:plc:6t674yjbfseuvzmjraymwhlb')
2026-03-15T11:35:26Z WARNING bsky_collector_v2.job.index_feed_generators: listRecords failed repo=did:plc:6u66a5xhaixkcyxc45rbacyg err=HttpError('InvalidRequest: Could not find repo: did:plc:6u66a5xhaixkcyxc45rbacyg')
2026-03-15T11:35:26Z WARNING bsky_collector_v2.job.index_feed_generators: listRecords failed repo=did:plc:6vgdxrnumxxs7goq5qr2ecuq err=HttpError('InvalidRequest: Could not find repo: did:plc:6vgdxrnumxxs7goq5qr2ecuq')
2026-03-15T11:35:26Z WARNING bsky_collector_v2.job.index_feed_generators: listRecords failed repo=did:plc:73o7dqnohlp3uwup3dapadco err=HttpError('InvalidRequest: Could not find repo: did:plc:73o7dqnohlp3uwup3dapadco')
2026-03-15T11:35:26Z WARNING bsky_collector_v2.job.index_feed_generators: listRecords failed repo=did:plc:7dp2ttcgrwvm4qgnpjdsvygw err=HttpError('InvalidRequest: Could not find repo: did:plc:7dp2ttcgrwvm4qgnpjdsvygw')
2026-03-15T11:35:26Z WARNING bsky_collector_v2.job.index_feed_generators: listRecords failed repo=did:plc:7mjem6utbleec2vrjzrw7eja err=HttpError('InvalidRequest: Could not find repo: did:plc:7mjem6utbleec2vrjzrw7eja')
2026-03-15T11:35:26Z WARNING bsky_collector_v2.job.index_feed_generators: listRecords failed repo=did:plc:7vrsviwatxprmobszejha5gw err=HttpError('InvalidRequest: Could not find repo: did:plc:7vrsviwatxprmobszejha5gw')
2026-03-15T11:35:26Z WARNING bsky_collector_v2.job.index_feed_generators: listRecords failed repo=did:plc:a5wnbrdvevlwnbtusanjkiiv err=HttpError('InvalidRequest: Could not find repo: did:plc:a5wnbrdvevlwnbtusanjkiiv')
2026-03-15T11:35:26Z WARNING bsky_collector_v2.job.index_feed_generators: listRecords failed repo=did:plc:afwfi4egxyp2jgxx5q6f5u56 err=HttpError('InvalidRequest: Could not find repo: did:plc:afwfi4egxyp2jgxx5q6f5u56')
2026-03-15T11:35:26Z WARNING bsky_collector_v2.job.index_feed_generators: listRecords failed repo=did:plc:aiqjeoat3rmc3p2el3kub7vk err=HttpError('InvalidRequest: Could not find repo: did:plc:aiqjeoat3rmc3p2el3kub7vk')
2026-03-15T11:35:26Z WARNING bsky_collector_v2.job.index_feed_generators: listRecords failed repo=did:plc:ay6bs2dhb24nnvddq4nnfek5 err=HttpError('InvalidRequest: Could not find repo: did:plc:ay6bs2dhb24nnvddq4nnfek5')
2026-03-15T11:35:26Z WARNING bsky_collector_v2.job.index_feed_generators: listRecords failed repo=did:plc:batjj6r3e2y6crwowlokv6rk err=HttpError('InvalidRequest: Could not find repo: did:plc:batjj6r3e2y6crwowlokv6rk')
2026-03-15T11:35:26Z WARNING bsky_collector_v2.job.index_feed_generators: listRecords failed repo=did:plc:bc5ok34n5vnypedmz6oi3kvh err=HttpError('InvalidRequest: Could not find repo: did:plc:bc5ok34n5vnypedmz6oi3kvh')
2026-03-15T11:35:26Z WARNING bsky_collector_v2.job.index_feed_generators: listRecords failed repo=did:plc:be33y7oljyelonpmnnpprc6y err=HttpError('InvalidRequest: Could not find repo: did:plc:be33y7oljyelonpmnnpprc6y')
2026-03-15T11:35:26Z WARNING bsky_collector_v2.job.index_feed_generators: listRecords failed repo=did:plc:bveqzzzspdmj2vs7kb2wwgog err=HttpError('InvalidRequest: Could not find repo: did:plc:bveqzzzspdmj2vs7kb2wwgog')
2026-03-15T11:35:26Z WARNING bsky_collector_v2.job.index_feed_generators: listRecords failed repo=did:plc:bwasefihbffq4imp5vsfhyad err=HttpError('InvalidRequest: Could not find repo: did:plc:bwasefihbffq4imp5vsfhyad')
2026-03-15T11:35:27Z WARNING bsky_collector_v2.job.index_feed_generators: listRecords failed repo=did:plc:bwo73fhkt2vwm6lkpt5d774x err=HttpError('InvalidRequest: Could not find repo: did:plc:bwo73fhkt2vwm6lkpt5d774x')
2026-03-15T11:35:27Z WARNING bsky_collector_v2.job.index_feed_generators: listRecords failed repo=did:plc:c3rgbpndymkrmvg3qkqlbqbl err=HttpError('InvalidRequest: Could not find repo: did:plc:c3rgbpndymkrmvg3qkqlbqbl')
2026-03-15T11:35:27Z WARNING bsky_collector_v2.job.index_feed_generators: listRecords failed repo=did:plc:c4lpazrcujvhba6a4gucvy76 err=HttpError('InvalidRequest: Could not find repo: did:plc:c4lpazrcujvhba6a4gucvy76')
2026-03-15T11:35:27Z WARNING bsky_collector_v2.job.index_feed_generators: listRecords failed repo=did:plc:c6hzeres4fttbv646dv7nveu err=HttpError('InvalidRequest: Could not find repo: did:plc:c6hzeres4fttbv646dv7nveu')
2026-03-15T11:35:27Z WARNING bsky_collector_v2.job.index_feed_generators: listRecords failed repo=did:plc:cbvdrmdoyrxsp2dr5c5l7iu2 err=HttpError('InvalidRequest: Could not find repo: did:plc:cbvdrmdoyrxsp2dr5c5l7iu2')
2026-03-15T11:35:27Z WARNING bsky_collector_v2.job.index_feed_generators: listRecords failed repo=did:plc:cqfgigjtukww2xgc6hapmo25 err=HttpError('InvalidRequest: Could not find repo: did:plc:cqfgigjtukww2xgc6hapmo25')
2026-03-15T11:35:27Z WARNING bsky_collector_v2.job.index_feed_generators: listRecords failed repo=did:plc:cr76rrzjdrcnkeia6lpoigxv err=HttpError('InvalidRequest: Could not find repo: did:plc:cr76rrzjdrcnkeia6lpoigxv')
2026-03-15T11:35:27Z WARNING bsky_collector_v2.job.index_feed_generators: listRecords failed repo=did:plc:d6fi7gpegryg7gddg7bca3up err=HttpError('InvalidRequest: Could not find repo: did:plc:d6fi7gpegryg7gddg7bca3up')
2026-03-15T11:35:27Z WARNING bsky_collector_v2.job.index_feed_generators: listRecords failed repo=did:plc:d6wnwi7htfdtbwuovtfnotwo err=HttpError('InvalidRequest: Could not find repo: did:plc:d6wnwi7htfdtbwuovtfnotwo')
2026-03-15T11:35:27Z WARNING bsky_collector_v2.job.index_feed_generators: listRecords failed repo=did:plc:dh2nt7hgjn2l73qxgiehhof4 err=HttpError('InvalidRequest: Could not find repo: did:plc:dh2nt7hgjn2l73qxgiehhof4')
2026-03-15T11:35:27Z WARNING bsky_collector_v2.job.index_feed_generators: listRecords failed repo=did:plc:dnvmttfn4ghhmcbejcgykhmo err=HttpError('InvalidRequest: Could not find repo: did:plc:dnvmttfn4ghhmcbejcgykhmo')
2026-03-15T11:35:27Z WARNING bsky_collector_v2.job.index_feed_generators: listRecords failed repo=did:plc:dsqfwecr2e5qyz6dytexefjo err=HttpError('InvalidRequest: Could not find repo: did:plc:dsqfwecr2e5qyz6dytexefjo')
2026-03-15T11:35:27Z WARNING bsky_collector_v2.job.index_feed_generators: listRecords failed repo=did:plc:dvmm7tgdse5ylrltipidamrx err=HttpError('InvalidRequest: Could not find repo: did:plc:dvmm7tgdse5ylrltipidamrx')
2026-03-15T11:35:27Z WARNING bsky_collector_v2.job.index_feed_generators: listRecords failed repo=did:plc:eefmus3skh6wy7unfdoq4kfm err=HttpError('InvalidRequest: Could not find repo: did:plc:eefmus3skh6wy7unfdoq4kfm')
2026-03-15T11:35:27Z WARNING bsky_collector_v2.job.index_feed_generators: listRecords failed repo=did:plc:ej3wetumjdvpqg4cx5jywfze err=HttpError('InvalidRequest: Could not find repo: did:plc:ej3wetumjdvpqg4cx5jywfze')
2026-03-15T11:35:27Z WARNING bsky_collector_v2.job.index_feed_generators: listRecords failed repo=did:plc:em64qt6pvh7urzvs24fxzssf err=HttpError('InvalidRequest: Could not find repo: did:plc:em64qt6pvh7urzvs24fxzssf')
2026-03-15T11:35:27Z WARNING bsky_collector_v2.job.index_feed_generators: listRecords failed repo=did:plc:ep3hzhcuibn4cfyafnlqljxe err=HttpError('InvalidRequest: Could not find repo: did:plc:ep3hzhcuibn4cfyafnlqljxe')
2026-03-15T11:35:27Z WARNING bsky_collector_v2.job.index_feed_generators: listRecords failed repo=did:plc:f52xsni7juy2q65zsmptm7zs err=HttpError('InvalidRequest: Could not find repo: did:plc:f52xsni7juy2q65zsmptm7zs')
2026-03-15T11:35:27Z WARNING bsky_collector_v2.job.index_feed_generators: listRecords failed repo=did:plc:fabxaaw5gubl4q42p3acmtii err=HttpError('InvalidRequest: Could not find repo: did:plc:fabxaaw5gubl4q42p3acmtii')
2026-03-15T11:35:28Z WARNING bsky_collector_v2.job.index_feed_generators: listRecords failed repo=did:plc:fdjlem33fpgde6rm4vhpmldl err=HttpError('InvalidRequest: Could not find repo: did:plc:fdjlem33fpgde6rm4vhpmldl')
2026-03-15T11:35:28Z WARNING bsky_collector_v2.job.index_feed_generators: listRecords failed repo=did:plc:fhzsaxbnyeoz2nhyq2dlnywy err=HttpError('InvalidRequest: Could not find repo: did:plc:fhzsaxbnyeoz2nhyq2dlnywy')
2026-03-15T11:35:28Z WARNING bsky_collector_v2.job.index_feed_generators: listRecords failed repo=did:plc:fi5usdmijf66rx2iwcwfi4ez err=HttpError('InvalidRequest: Could not find repo: did:plc:fi5usdmijf66rx2iwcwfi4ez')
2026-03-15T11:35:28Z WARNING bsky_collector_v2.job.index_feed_generators: listRecords failed repo=did:plc:fk7fhe5puqwblak3cx7bjbcs err=HttpError('InvalidRequest: Could not find repo: did:plc:fk7fhe5puqwblak3cx7bjbcs')
2026-03-15T11:35:28Z WARNING bsky_collector_v2.job.index_feed_generators: listRecords failed repo=did:plc:fvcjr7hsdrtwuz2b5bd2bxjf err=HttpError('InvalidRequest: Could not find repo: did:plc:fvcjr7hsdrtwuz2b5bd2bxjf')
2026-03-15T11:35:28Z WARNING bsky_collector_v2.job.index_feed_generators: listRecords failed repo=did:plc:g22vyvbjbk3xeayfjpqcu2wz err=HttpError('InvalidRequest: Could not find repo: did:plc:g22vyvbjbk3xeayfjpqcu2wz')
2026-03-15T11:35:28Z WARNING bsky_collector_v2.job.index_feed_generators: listRecords failed repo=did:plc:gegqofkuv2pjzehlnw5hg6py err=HttpError('InvalidRequest: Could not find repo: did:plc:gegqofkuv2pjzehlnw5hg6py')
2026-03-15T11:35:28Z WARNING bsky_collector_v2.job.index_feed_generators: listRecords failed repo=did:plc:gmdlrw2qlcicqqqercllxxud err=HttpError('InvalidRequest: Could not find repo: did:plc:gmdlrw2qlcicqqqercllxxud')
2026-03-15T11:35:28Z WARNING bsky_collector_v2.job.index_feed_generators: listRecords failed repo=did:plc:hba6ydwtf6z63p3czg7mzn43 err=HttpError('InvalidRequest: Could not find repo: did:plc:hba6ydwtf6z63p3czg7mzn43')
2026-03-15T11:35:28Z WARNING bsky_collector_v2.job.index_feed_generators: listRecords failed repo=did:plc:hbztnuc2l6tpcjoqpgti35wa err=HttpError('InvalidRequest: Could not find repo: did:plc:hbztnuc2l6tpcjoqpgti35wa')
2026-03-15T11:35:28Z WARNING bsky_collector_v2.job.index_feed_generators: listRecords failed repo=did:plc:huzbuavsopjsayf5fmbcgrne err=HttpError('InvalidRequest: Could not find repo: did:plc:huzbuavsopjsayf5fmbcgrne')
2026-03-15T11:35:28Z WARNING bsky_collector_v2.job.index_feed_generators: listRecords failed repo=did:plc:i4fkposxyueto3l5wcc6zsl5 err=HttpError('InvalidRequest: Could not find repo: did:plc:i4fkposxyueto3l5wcc6zsl5')
2026-03-15T11:35:28Z WARNING bsky_collector_v2.job.index_feed_generators: listRecords failed repo=did:plc:i6xrh6awogwn7ts7bwdws5oy err=HttpError('InvalidRequest: Could not find repo: did:plc:i6xrh6awogwn7ts7bwdws5oy')
2026-03-15T11:35:28Z WARNING bsky_collector_v2.job.index_feed_generators: listRecords failed repo=did:plc:iveeajb756scksmtpzunvgv7 err=HttpError('InvalidRequest: Could not find repo: did:plc:iveeajb756scksmtpzunvgv7')
2026-03-15T11:35:28Z WARNING bsky_collector_v2.job.index_feed_generators: listRecords failed repo=did:plc:j2sz3hzf26kcqw2tlfqqfeex err=HttpError('InvalidRequest: Could not find repo: did:plc:j2sz3hzf26kcqw2tlfqqfeex')
2026-03-15T11:35:28Z WARNING bsky_collector_v2.job.index_feed_generators: listRecords failed repo=did:plc:j2vqkvdwgh6gnrgjcs2d5pds err=HttpError('InvalidRequest: Could not find repo: did:plc:j2vqkvdwgh6gnrgjcs2d5pds')
2026-03-15T11:35:28Z WARNING bsky_collector_v2.job.index_feed_generators: listRecords failed repo=did:plc:j2w2graobtsa3u5pkgwkkt7v err=HttpError('InvalidRequest: Could not find repo: did:plc:j2w2graobtsa3u5pkgwkkt7v')
2026-03-15T11:35:28Z WARNING bsky_collector_v2.job.index_feed_generators: listRecords failed repo=did:plc:j3qhhvngiqpynilmiwxyymre err=HttpError('InvalidRequest: Could not find repo: did:plc:j3qhhvngiqpynilmiwxyymre')
2026-03-15T11:35:28Z WARNING bsky_collector_v2.job.index_feed_generators: listRecords failed repo=did:plc:j3qqmm77rx3mqek35mw6hegz err=HttpError('InvalidRequest: Could not find repo: did:plc:j3qqmm77rx3mqek35mw6hegz')
2026-03-15T11:35:28Z WARNING bsky_collector_v2.job.index_feed_generators: listRecords failed repo=did:plc:j4g65os24n3j4vqmxtkwumee err=HttpError('InvalidRequest: Could not find repo: did:plc:j4g65os24n3j4vqmxtkwumee')
2026-03-15T11:35:29Z WARNING bsky_collector_v2.job.index_feed_generators: listRecords failed repo=did:plc:jnehttq665svlboeksncrjqx err=HttpError('InvalidRequest: Could not find repo: did:plc:jnehttq665svlboeksncrjqx')
2026-03-15T11:35:29Z WARNING bsky_collector_v2.job.index_feed_generators: listRecords failed repo=did:plc:jt5fm72f5avgcqgqnrmlbzvt err=HttpError('InvalidRequest: Could not find repo: did:plc:jt5fm72f5avgcqgqnrmlbzvt')
2026-03-15T11:35:29Z WARNING bsky_collector_v2.job.index_feed_generators: listRecords failed repo=did:plc:juj32rrcmo2q4h5653ubg4lq err=HttpError('InvalidRequest: Could not find repo: did:plc:juj32rrcmo2q4h5653ubg4lq')
2026-03-15T11:35:29Z WARNING bsky_collector_v2.job.index_feed_generators: listRecords failed repo=did:plc:jzkhcy32hluh6grnhpn5cutl err=HttpError('InvalidRequest: Could not find repo: did:plc:jzkhcy32hluh6grnhpn5cutl')
2026-03-15T11:35:29Z WARNING bsky_collector_v2.job.index_feed_generators: listRecords failed repo=did:plc:k3yc3aje5wzarzylxardumfd err=HttpError('InvalidRequest: Could not find repo: did:plc:k3yc3aje5wzarzylxardumfd')
2026-03-15T11:35:29Z WARNING bsky_collector_v2.job.index_feed_generators: listRecords failed repo=did:plc:k4eszh54ajzlfs7x5dfkpw76 err=HttpError('InvalidRequest: Could not find repo: did:plc:k4eszh54ajzlfs7x5dfkpw76')
2026-03-15T11:35:29Z WARNING bsky_collector_v2.job.index_feed_generators: listRecords failed repo=did:plc:khr2542hqlruyc46oiqodqhf err=HttpError('InvalidRequest: Could not find repo: did:plc:khr2542hqlruyc46oiqodqhf')
2026-03-15T11:35:29Z WARNING bsky_collector_v2.job.index_feed_generators: listRecords failed repo=did:plc:kq46bqo5ykzgylfqtexsiwyv err=HttpError('InvalidRequest: Could not find repo: did:plc:kq46bqo5ykzgylfqtexsiwyv')
2026-03-15T11:35:29Z WARNING bsky_collector_v2.job.index_feed_generators: listRecords failed repo=did:plc:kw57yxfmdft3fsntqt3nqidt err=HttpError('InvalidRequest: Could not find repo: did:plc:kw57yxfmdft3fsntqt3nqidt')
2026-03-15T11:35:29Z WARNING bsky_collector_v2.job.index_feed_generators: listRecords failed repo=did:plc:l6eip23adkbsw5aaqrdpd5lf err=HttpError('InvalidRequest: Could not find repo: did:plc:l6eip23adkbsw5aaqrdpd5lf')
2026-03-15T11:35:29Z WARNING bsky_collector_v2.job.index_feed_generators: listRecords failed repo=did:plc:lenjhpqm7hsstqxwe3pjy3or err=HttpError('InvalidRequest: Could not find repo: did:plc:lenjhpqm7hsstqxwe3pjy3or')
2026-03-15T11:35:29Z WARNING bsky_collector_v2.job.index_feed_generators: listRecords failed repo=did:plc:lqx5fphs7eptttsytfospusk err=HttpError('InvalidRequest: Could not find repo: did:plc:lqx5fphs7eptttsytfospusk')
2026-03-15T11:35:29Z WARNING bsky_collector_v2.job.index_feed_generators: listRecords failed repo=did:plc:lvy5ef2xtvfrc4jj5zyrgmkj err=HttpError('InvalidRequest: Could not find repo: did:plc:lvy5ef2xtvfrc4jj5zyrgmkj')
2026-03-15T11:35:29Z WARNING bsky_collector_v2.job.index_feed_generators: listRecords failed repo=did:plc:m2jz6nip5zlog4ejlgfxl73n err=HttpError('InvalidRequest: Could not find repo: did:plc:m2jz6nip5zlog4ejlgfxl73n')
2026-03-15T11:35:29Z WARNING bsky_collector_v2.job.index_feed_generators: listRecords failed repo=did:plc:m5piqjhmhhpr7ogf73slall2 err=HttpError('InvalidRequest: Could not find repo: did:plc:m5piqjhmhhpr7ogf73slall2')
2026-03-15T11:35:29Z WARNING bsky_collector_v2.job.index_feed_generators: listRecords failed repo=did:plc:mdg6giqeradzje4dqdc4b3at err=HttpError('InvalidRequest: Could not find repo: did:plc:mdg6giqeradzje4dqdc4b3at')
2026-03-15T11:35:29Z WARNING bsky_collector_v2.job.index_feed_generators: listRecords failed repo=did:plc:mgobmugzlq2sdqlv25uwaitt err=HttpError('InvalidRequest: Could not find repo: did:plc:mgobmugzlq2sdqlv25uwaitt')
2026-03-15T11:35:29Z WARNING bsky_collector_v2.job.index_feed_generators: listRecords failed repo=did:plc:mkhbrflaxhxhvlel7b76pk3b err=HttpError('InvalidRequest: Could not find repo: did:plc:mkhbrflaxhxhvlel7b76pk3b')
2026-03-15T11:35:29Z WARNING bsky_collector_v2.job.index_feed_generators: listRecords failed repo=did:plc:mr3ag2zth2anzjoe5q2sm5nd err=HttpError('InvalidRequest: Could not find repo: did:plc:mr3ag2zth2anzjoe5q2sm5nd')
2026-03-15T11:35:30Z WARNING bsky_collector_v2.job.index_feed_generators: listRecords failed repo=did:plc:mrt3dxypxbzeegxmtgyf2wys err=HttpError('InvalidRequest: Could not find repo: did:plc:mrt3dxypxbzeegxmtgyf2wys')
2026-03-15T11:35:30Z WARNING bsky_collector_v2.job.index_feed_generators: listRecords failed repo=did:plc:msku4teymxbcnc6ky4frqgkt err=HttpError('InvalidRequest: Could not find repo: did:plc:msku4teymxbcnc6ky4frqgkt')
2026-03-15T11:35:30Z WARNING bsky_collector_v2.job.index_feed_generators: listRecords failed repo=did:plc:mtd2xcvusb626rr24yan37xl err=HttpError('InvalidRequest: Could not find repo: did:plc:mtd2xcvusb626rr24yan37xl')
2026-03-15T11:35:30Z WARNING bsky_collector_v2.job.index_feed_generators: listRecords failed repo=did:plc:mzusq5spfxu47726u76i3bte err=HttpError('InvalidRequest: Could not find repo: did:plc:mzusq5spfxu47726u76i3bte')
2026-03-15T11:35:30Z WARNING bsky_collector_v2.job.index_feed_generators: listRecords failed repo=did:plc:nchlta5d2piyccn7fr3zfxk5 err=HttpError('InvalidRequest: Could not find repo: did:plc:nchlta5d2piyccn7fr3zfxk5')
2026-03-15T11:35:30Z WARNING bsky_collector_v2.job.index_feed_generators: listRecords failed repo=did:plc:ne5q2wouhnnpysvzxuk7o3z7 err=HttpError('InvalidRequest: Could not find repo: did:plc:ne5q2wouhnnpysvzxuk7o3z7')
2026-03-15T11:35:30Z WARNING bsky_collector_v2.job.index_feed_generators: listRecords failed repo=did:plc:nf4ahtgbfzkiqoxemadvfunx err=HttpError('InvalidRequest: Could not find repo: did:plc:nf4ahtgbfzkiqoxemadvfunx')
2026-03-15T11:35:30Z WARNING bsky_collector_v2.job.index_feed_generators: listRecords failed repo=did:plc:nmmx77zipe5hy7qqfyk6yan4 err=HttpError('InvalidRequest: Could not find repo: did:plc:nmmx77zipe5hy7qqfyk6yan4')
2026-03-15T11:35:30Z WARNING bsky_collector_v2.job.index_feed_generators: listRecords failed repo=did:plc:nxys4ujv5b4cqdbqqcochglg err=HttpError('InvalidRequest: Could not find repo: did:plc:nxys4ujv5b4cqdbqqcochglg')
2026-03-15T11:35:30Z WARNING bsky_collector_v2.job.index_feed_generators: listRecords failed repo=did:plc:o7hrgishsqpckgdacnrrfate err=HttpError('InvalidRequest: Could not find repo: did:plc:o7hrgishsqpckgdacnrrfate')
2026-03-15T11:35:30Z WARNING bsky_collector_v2.job.index_feed_generators: listRecords failed repo=did:plc:ogksjyfapfnnlvrquwwnqn53 err=HttpError('InvalidRequest: Could not find repo: did:plc:ogksjyfapfnnlvrquwwnqn53')
2026-03-15T11:35:30Z WARNING bsky_collector_v2.job.index_feed_generators: listRecords failed repo=did:plc:ojax4xslcgaki7wv3d5ov3nf err=HttpError('InvalidRequest: Could not find repo: did:plc:ojax4xslcgaki7wv3d5ov3nf')
2026-03-15T11:35:30Z WARNING bsky_collector_v2.job.index_feed_generators: listRecords failed repo=did:plc:ojzbhdmwft3eiy46gl5kucoo err=HttpError('InvalidRequest: Could not find repo: did:plc:ojzbhdmwft3eiy46gl5kucoo')
2026-03-15T11:35:30Z WARNING bsky_collector_v2.job.index_feed_generators: listRecords failed repo=did:plc:olxaoy5aonvelta57txene66 err=HttpError('InvalidRequest: Could not find repo: did:plc:olxaoy5aonvelta57txene66')
2026-03-15T11:35:30Z WARNING bsky_collector_v2.job.index_feed_generators: listRecords failed repo=did:plc:ougyozbxqj3krzfdluccgywo err=HttpError('InvalidRequest: Could not find repo: did:plc:ougyozbxqj3krzfdluccgywo')
2026-03-15T11:35:30Z WARNING bsky_collector_v2.job.index_feed_generators: listRecords failed repo=did:plc:p7arjhdvahnlcrrbq32xd3lf err=HttpError('InvalidRequest: Could not find repo: did:plc:p7arjhdvahnlcrrbq32xd3lf')
2026-03-15T11:35:30Z WARNING bsky_collector_v2.job.index_feed_generators: listRecords failed repo=did:plc:pe5g5ubxbb7drewhvzgj4wtb err=HttpError('InvalidRequest: Could not find repo: did:plc:pe5g5ubxbb7drewhvzgj4wtb')
2026-03-15T11:35:30Z WARNING bsky_collector_v2.job.index_feed_generators: listRecords failed repo=did:plc:pyb6wgwvo475sf4hkgfxw6gj err=HttpError('InvalidRequest: Could not find repo: did:plc:pyb6wgwvo475sf4hkgfxw6gj')
2026-03-15T11:35:30Z WARNING bsky_collector_v2.job.index_feed_generators: listRecords failed repo=did:plc:q2wtgwpqn5yz6f6w546vpjbg err=HttpError('InvalidRequest: Could not find repo: did:plc:q2wtgwpqn5yz6f6w546vpjbg')
2026-03-15T11:35:31Z WARNING bsky_collector_v2.job.index_feed_generators: listRecords failed repo=did:plc:q4vcmo572sb2ec6dem57ralf err=HttpError('InvalidRequest: Could not find repo: did:plc:q4vcmo572sb2ec6dem57ralf')
2026-03-15T11:35:31Z WARNING bsky_collector_v2.job.index_feed_generators: listRecords failed repo=did:plc:q6avbx2x2jqi3vbgc3sh4iiw err=HttpError('InvalidRequest: Could not find repo: did:plc:q6avbx2x2jqi3vbgc3sh4iiw')
2026-03-15T11:35:31Z WARNING bsky_collector_v2.job.index_feed_generators: listRecords failed repo=did:plc:qcy7xp5xglqysea5lsqnhdjo err=HttpError('InvalidRequest: Could not find repo: did:plc:qcy7xp5xglqysea5lsqnhdjo')
2026-03-15T11:35:31Z WARNING bsky_collector_v2.job.index_feed_generators: listRecords failed repo=did:plc:qcyjhl3lu7b4nxqsnspotp7e err=HttpError('InvalidRequest: Could not find repo: did:plc:qcyjhl3lu7b4nxqsnspotp7e')
2026-03-15T11:35:31Z WARNING bsky_collector_v2.job.index_feed_generators: listRecords failed repo=did:plc:rbwikklhjz5lbatadm2z6dw7 err=HttpError('InvalidRequest: Could not find repo: did:plc:rbwikklhjz5lbatadm2z6dw7')
2026-03-15T11:35:31Z WARNING bsky_collector_v2.job.index_feed_generators: listRecords failed repo=did:plc:rxaw5xmgtrkjui7ps73mrdxh err=HttpError('InvalidRequest: Could not find repo: did:plc:rxaw5xmgtrkjui7ps73mrdxh')
2026-03-15T11:35:31Z WARNING bsky_collector_v2.job.index_feed_generators: listRecords failed repo=did:plc:s5nrw3aryf6uy2laro3i3ymk err=HttpError('InvalidRequest: Could not find repo: did:plc:s5nrw3aryf6uy2laro3i3ymk')
2026-03-15T11:35:31Z WARNING bsky_collector_v2.job.index_feed_generators: listRecords failed repo=did:plc:sbbswm3nkcfn5uodae5pfato err=HttpError('InvalidRequest: Could not find repo: did:plc:sbbswm3nkcfn5uodae5pfato')
2026-03-15T11:35:31Z WARNING bsky_collector_v2.job.index_feed_generators: listRecords failed repo=did:plc:sditxucq6ydkiaear4hsinea err=HttpError('InvalidRequest: Could not find repo: did:plc:sditxucq6ydkiaear4hsinea')
2026-03-15T11:35:31Z WARNING bsky_collector_v2.job.index_feed_generators: listRecords failed repo=did:plc:sgv3ffnksuryt44qwspupyyg err=HttpError('InvalidRequest: Could not find repo: did:plc:sgv3ffnksuryt44qwspupyyg')
2026-03-15T11:35:31Z WARNING bsky_collector_v2.job.index_feed_generators: listRecords failed repo=did:plc:sor7ftj4r7adj3spdiilyjzd err=HttpError('InvalidRequest: Could not find repo: did:plc:sor7ftj4r7adj3spdiilyjzd')
2026-03-15T11:35:31Z WARNING bsky_collector_v2.job.index_feed_generators: listRecords failed repo=did:plc:t4v3vbnxq6ehsxifahcbswdh err=HttpError('InvalidRequest: Could not find repo: did:plc:t4v3vbnxq6ehsxifahcbswdh')
2026-03-15T11:35:31Z WARNING bsky_collector_v2.job.index_feed_generators: listRecords failed repo=did:plc:te37pstn3wq3bk6mxgbl6n45 err=HttpError('InvalidRequest: Could not find repo: did:plc:te37pstn3wq3bk6mxgbl6n45')
2026-03-15T11:35:31Z WARNING bsky_collector_v2.job.index_feed_generators: listRecords failed repo=did:plc:tmlpqu2un5eqyt2lbuakfe7s err=HttpError('InvalidRequest: Could not find repo: did:plc:tmlpqu2un5eqyt2lbuakfe7s')
2026-03-15T11:35:31Z WARNING bsky_collector_v2.job.index_feed_generators: listRecords failed repo=did:plc:toqz2ezhao2s6vfnjobujoib err=HttpError('InvalidRequest: Could not find repo: did:plc:toqz2ezhao2s6vfnjobujoib')
2026-03-15T11:35:31Z WARNING bsky_collector_v2.job.index_feed_generators: listRecords failed repo=did:plc:tzj6h7hm7he3juppylezyx7b err=HttpError('InvalidRequest: Could not find repo: did:plc:tzj6h7hm7he3juppylezyx7b')
2026-03-15T11:35:31Z WARNING bsky_collector_v2.job.index_feed_generators: listRecords failed repo=did:plc:u2rimq2v7e2txmuno4khmz76 err=HttpError('InvalidRequest: Could not find repo: did:plc:u2rimq2v7e2txmuno4khmz76')
2026-03-15T11:35:31Z WARNING bsky_collector_v2.job.index_feed_generators: listRecords failed repo=did:plc:u3k4gs6g6pu2ghuvyrwxcfs7 err=HttpError('InvalidRequest: Could not find repo: did:plc:u3k4gs6g6pu2ghuvyrwxcfs7')
2026-03-15T11:35:31Z WARNING bsky_collector_v2.job.index_feed_generators: listRecords failed repo=did:plc:uhn7sit2gzbwtygtpzrur25z err=HttpError('InvalidRequest: Could not find repo: did:plc:uhn7sit2gzbwtygtpzrur25z')
2026-03-15T11:35:32Z WARNING bsky_collector_v2.job.index_feed_generators: listRecords failed repo=did:plc:uphwko2t7bo7pf5znx2xqco3 err=HttpError('InvalidRequest: Could not find repo: did:plc:uphwko2t7bo7pf5znx2xqco3')
2026-03-15T11:35:32Z WARNING bsky_collector_v2.job.index_feed_generators: listRecords failed repo=did:plc:urgpxu3mbg77htuzr4doctoo err=HttpError('InvalidRequest: Could not find repo: did:plc:urgpxu3mbg77htuzr4doctoo')
2026-03-15T11:35:32Z WARNING bsky_collector_v2.job.index_feed_generators: listRecords failed repo=did:plc:uvmjrl7rsi2fdpdxi5rpbgqc err=HttpError('InvalidRequest: Could not find repo: did:plc:uvmjrl7rsi2fdpdxi5rpbgqc')
2026-03-15T11:35:32Z WARNING bsky_collector_v2.job.index_feed_generators: listRecords failed repo=did:plc:uvw5xpxoi5ozkbpf3vb7qxo3 err=HttpError('InvalidRequest: Could not find repo: did:plc:uvw5xpxoi5ozkbpf3vb7qxo3')
2026-03-15T11:35:32Z WARNING bsky_collector_v2.job.index_feed_generators: listRecords failed repo=did:plc:v2uehmtsvkaeu3m7eyv65aay err=HttpError('InvalidRequest: Could not find repo: did:plc:v2uehmtsvkaeu3m7eyv65aay')
2026-03-15T11:35:32Z WARNING bsky_collector_v2.job.index_feed_generators: listRecords failed repo=did:plc:v6apxsmii6qmy4hfvtnuv4ke err=HttpError('InvalidRequest: Could not find repo: did:plc:v6apxsmii6qmy4hfvtnuv4ke')
2026-03-15T11:35:32Z WARNING bsky_collector_v2.job.index_feed_generators: listRecords failed repo=did:plc:velnkin3zxdudvwsgybacp5w err=HttpError('InvalidRequest: Could not find repo: did:plc:velnkin3zxdudvwsgybacp5w')
2026-03-15T11:35:32Z WARNING bsky_collector_v2.job.index_feed_generators: listRecords failed repo=did:plc:vuoqugljzratugots6zgzphv err=HttpError('InvalidRequest: Could not find repo: did:plc:vuoqugljzratugots6zgzphv')
2026-03-15T11:35:32Z WARNING bsky_collector_v2.job.index_feed_generators: listRecords failed repo=did:plc:vyw7r6vejfmd5e7dbq4dhz6a err=HttpError('InvalidRequest: Could not find repo: did:plc:vyw7r6vejfmd5e7dbq4dhz6a')
2026-03-15T11:35:32Z WARNING bsky_collector_v2.job.index_feed_generators: listRecords failed repo=did:plc:vzpjbxwdlxz7q6vqc4qqnjlf err=HttpError('InvalidRequest: Could not find repo: did:plc:vzpjbxwdlxz7q6vqc4qqnjlf')
2026-03-15T11:35:32Z WARNING bsky_collector_v2.job.index_feed_generators: listRecords failed repo=did:plc:w3nwrpzcrnzu5nnai6yff6cs err=HttpError('InvalidRequest: Could not find repo: did:plc:w3nwrpzcrnzu5nnai6yff6cs')
2026-03-15T11:35:32Z WARNING bsky_collector_v2.job.index_feed_generators: listRecords failed repo=did:plc:w5p75uln5ccqi3pjnpxqol7t err=HttpError('InvalidRequest: Could not find repo: did:plc:w5p75uln5ccqi3pjnpxqol7t')
2026-03-15T11:35:32Z WARNING bsky_collector_v2.job.index_feed_generators: listRecords failed repo=did:plc:w7p6wrbxazm4ugrod5mzflar err=HttpError('InvalidRequest: Could not find repo: did:plc:w7p6wrbxazm4ugrod5mzflar')
2026-03-15T11:35:32Z WARNING bsky_collector_v2.job.index_feed_generators: listRecords failed repo=did:plc:wg4fws2g7biwdvi4p4of2fqv err=HttpError('InvalidRequest: Could not find repo: did:plc:wg4fws2g7biwdvi4p4of2fqv')
2026-03-15T11:35:32Z WARNING bsky_collector_v2.job.index_feed_generators: listRecords failed repo=did:plc:wr6evjz4xupzt3fruczrynob err=HttpError('InvalidRequest: Could not find repo: did:plc:wr6evjz4xupzt3fruczrynob')
2026-03-15T11:35:32Z WARNING bsky_collector_v2.job.index_feed_generators: listRecords failed repo=did:plc:xcdfm74w5xi5ysw56oumil3w err=HttpError('InvalidRequest: Could not find repo: did:plc:xcdfm74w5xi5ysw56oumil3w')
2026-03-15T11:35:32Z WARNING bsky_collector_v2.job.index_feed_generators: listRecords failed repo=did:plc:xdhxnojs7m7fksb6iighcz46 err=HttpError('InvalidRequest: Could not find repo: did:plc:xdhxnojs7m7fksb6iighcz46')
2026-03-15T11:35:32Z WARNING bsky_collector_v2.job.index_feed_generators: listRecords failed repo=did:plc:xeratkt7ilava2btga4h3j4o err=HttpError('InvalidRequest: Could not find repo: did:plc:xeratkt7ilava2btga4h3j4o')
2026-03-15T11:35:32Z WARNING bsky_collector_v2.job.index_feed_generators: listRecords failed repo=did:plc:xffy3csnytyn44xv6k773ifr err=HttpError('InvalidRequest: Could not find repo: did:plc:xffy3csnytyn44xv6k773ifr')
2026-03-15T11:35:33Z WARNING bsky_collector_v2.job.index_feed_generators: listRecords failed repo=did:plc:xoz5uymjbiuw6d27sltklayu err=HttpError('InvalidRequest: Could not find repo: did:plc:xoz5uymjbiuw6d27sltklayu')
2026-03-15T11:35:33Z WARNING bsky_collector_v2.job.index_feed_generators: listRecords failed repo=did:plc:xsfe7nc7p4hplwun3zyccirg err=HttpError('InvalidRequest: Could not find repo: did:plc:xsfe7nc7p4hplwun3zyccirg')
2026-03-15T11:35:33Z WARNING bsky_collector_v2.job.index_feed_generators: listRecords failed repo=did:plc:xtvoywvuciyqticpfjhpvhob err=HttpError('InvalidRequest: Could not find repo: did:plc:xtvoywvuciyqticpfjhpvhob')
2026-03-15T11:35:33Z WARNING bsky_collector_v2.job.index_feed_generators: listRecords failed repo=did:plc:yh6g23ztnuvbuo3htoebxkjq err=HttpError('InvalidRequest: Could not find repo: did:plc:yh6g23ztnuvbuo3htoebxkjq')
2026-03-15T11:35:33Z WARNING bsky_collector_v2.job.index_feed_generators: listRecords failed repo=did:plc:ylb3zmnci2nf44sd4oqudxsv err=HttpError('InvalidRequest: Could not find repo: did:plc:ylb3zmnci2nf44sd4oqudxsv')
2026-03-15T11:35:33Z WARNING bsky_collector_v2.job.index_feed_generators: listRecords failed repo=did:plc:yqycgtcgqzdfbqwppfchjct4 err=HttpError('InvalidRequest: Could not find repo: did:plc:yqycgtcgqzdfbqwppfchjct4')
2026-03-15T11:35:33Z WARNING bsky_collector_v2.job.index_feed_generators: listRecords failed repo=did:plc:z7kqvhpykw7p27krscmnf6fg err=HttpError('InvalidRequest: Could not find repo: did:plc:z7kqvhpykw7p27krscmnf6fg')
2026-03-15T11:35:33Z WARNING bsky_collector_v2.job.index_feed_generators: listRecords failed repo=did:plc:zc7n2lkeiyydd2v6nj2vvj3d err=HttpError('InvalidRequest: Could not find repo: did:plc:zc7n2lkeiyydd2v6nj2vvj3d')
2026-03-15T11:35:33Z WARNING bsky_collector_v2.job.index_feed_generators: listRecords failed repo=did:plc:zgix6vunorhpefdrlxuxrqlh err=HttpError('InvalidRequest: Could not find repo: did:plc:zgix6vunorhpefdrlxuxrqlh')
2026-03-15T11:35:33Z WARNING bsky_collector_v2.job.index_feed_generators: listRecords failed repo=did:plc:zlxwtfpoxmw5czup5iaewhxk err=HttpError('InvalidRequest: Could not find repo: did:plc:zlxwtfpoxmw5czup5iaewhxk')
2026-03-15T11:35:33Z WARNING bsky_collector_v2.job.index_feed_generators: listRecords failed repo=did:plc:znegtwro5islfspibed242jq err=HttpError('InvalidRequest: Could not find repo: did:plc:znegtwro5islfspibed242jq')
2026-03-15T11:35:33Z WARNING bsky_collector_v2.job.index_feed_generators: listRecords failed repo=did:plc:zx7rbicew5zuvd7nodlc65mg err=HttpError('InvalidRequest: Could not find repo: did:plc:zx7rbicew5zuvd7nodlc65mg')
2026-03-15T11:35:33Z WARNING bsky_collector_v2.job.index_feed_generators: listRecords failed repo=did:plc:zyfzxvim25lxkh2gwyxf33fu err=HttpError('InvalidRequest: Could not find repo: did:plc:zyfzxvim25lxkh2gwyxf33fu')
2026-03-15T11:35:34Z INFO bsky_collector_v2.job.index_feed_generators: enqueued repos page=33 mode=listRepos inserted=500 repos_returned=500 next_cursor=set
2026-03-15T11:36:04Z WARNING bsky_collector_v2.job.index_feed_generators: listRecords failed repo=did:plc:g7czm2hxsqapohf2kwon2fp3 err=HttpError('InvalidRequest: Could not find repo: did:plc:g7czm2hxsqapohf2kwon2fp3')
2026-03-15T11:36:55Z WARNING bsky_collector_v2.job.index_feed_generators: listRecords failed repo=did:plc:g7czm2hxsqapohf2kwon2fp3 err=HttpError('InvalidRequest: Could not find repo: did:plc:g7czm2hxsqapohf2kwon2fp3')
2026-03-15T11:36:55Z WARNING bsky_collector_v2.job.index_feed_generators: listRecords failed repo=did:plc:g7czm2hxsqapohf2kwon2fp3 err=HttpError('InvalidRequest: Could not find repo: did:plc:g7czm2hxsqapohf2kwon2fp3')
2026-03-15T11:36:56Z INFO bsky_collector_v2.job.index_feed_generators: enqueued repos page=34 mode=listRepos inserted=500 repos_returned=500 next_cursor=set
2026-03-15T11:36:56Z WARNING bsky_collector_v2.job.index_feed_generators: listRecords failed repo=did:plc:27oagtdtf57swmmj4qe6gfwi err=HttpError('InvalidRequest: Could not find repo: did:plc:27oagtdtf57swmmj4qe6gfwi')
2026-03-15T11:36:56Z WARNING bsky_collector_v2.job.index_feed_generators: listRecords failed repo=did:plc:2eaxy6lklk4oyuy6kzjdpxhg err=HttpError('InvalidRequest: Could not find repo: did:plc:2eaxy6lklk4oyuy6kzjdpxhg')
2026-03-15T11:36:58Z WARNING bsky_collector_v2.job.index_feed_generators: listRecords failed repo=did:plc:2w4ljxsqez7nedikle2ypvh5 err=HttpError('InvalidRequest: Could not find repo: did:plc:2w4ljxsqez7nedikle2ypvh5')
2026-03-15T11:36:58Z WARNING bsky_collector_v2.job.index_feed_generators: listRecords failed repo=did:plc:2zwhpzip6i272f4eud35bdfa err=HttpError('InvalidRequest: Could not find repo: did:plc:2zwhpzip6i272f4eud35bdfa')
2026-03-15T11:36:58Z WARNING bsky_collector_v2.job.index_feed_generators: listRecords failed repo=did:plc:3j5ynqy3mbxvx7qd4boqf6to err=HttpError('InvalidRequest: Could not find repo: did:plc:3j5ynqy3mbxvx7qd4boqf6to')
2026-03-15T11:36:59Z WARNING bsky_collector_v2.job.index_feed_generators: listRecords failed repo=did:plc:3roidhz5yv3qrl7lacj7vyrg err=HttpError('InvalidRequest: Could not find repo: did:plc:3roidhz5yv3qrl7lacj7vyrg')
2026-03-15T11:36:59Z WARNING bsky_collector_v2.job.index_feed_generators: listRecords failed repo=did:plc:3thhay6gfo5jofcsiljsbyms err=HttpError('InvalidRequest: Could not find repo: did:plc:3thhay6gfo5jofcsiljsbyms')
2026-03-15T11:37:01Z WARNING bsky_collector_v2.job.index_feed_generators: listRecords failed repo=did:plc:4i7zj5ki42xysoqp7ut6a536 err=HttpError('InvalidRequest: Could not find repo: did:plc:4i7zj5ki42xysoqp7ut6a536')
2026-03-15T11:37:01Z WARNING bsky_collector_v2.job.index_feed_generators: listRecords failed repo=did:plc:4m3bhbnpj4p2lblyn5cq43nn err=HttpError('InvalidRequest: Could not find repo: did:plc:4m3bhbnpj4p2lblyn5cq43nn')
2026-03-15T11:37:02Z WARNING bsky_collector_v2.job.index_feed_generators: listRecords failed repo=did:plc:4u4npauxelfndnz5wkprqvm3 err=HttpError('InvalidRequest: Could not find repo: did:plc:4u4npauxelfndnz5wkprqvm3')
2026-03-15T11:37:02Z WARNING bsky_collector_v2.job.index_feed_generators: listRecords failed repo=did:plc:52euctkgvl7d6mkbymfx4uq4 err=HttpError('InvalidRequest: Could not find repo: did:plc:52euctkgvl7d6mkbymfx4uq4')
2026-03-15T11:37:02Z WARNING bsky_collector_v2.job.index_feed_generators: listRecords failed repo=did:plc:5bq6qvwaw3hbu6476xtl7dpe err=HttpError('InvalidRequest: Could not find repo: did:plc:5bq6qvwaw3hbu6476xtl7dpe')
2026-03-15T11:37:03Z WARNING bsky_collector_v2.job.index_feed_generators: listRecords failed repo=did:plc:5j4nppw2jh5ji4sg3eylv6f3 err=HttpError('InvalidRequest: Could not find repo: did:plc:5j4nppw2jh5ji4sg3eylv6f3')
2026-03-15T11:37:04Z WARNING bsky_collector_v2.job.index_feed_generators: listRecords failed repo=did:plc:6acr3chmwtqv43x7x7wahves err=HttpError('InvalidRequest: Could not find repo: did:plc:6acr3chmwtqv43x7x7wahves')
2026-03-15T11:37:06Z WARNING bsky_collector_v2.job.index_feed_generators: listRecords failed repo=did:plc:6j3ynxw5bwyckta3bqc4b4kn err=HttpError('InvalidRequest: Could not find repo: did:plc:6j3ynxw5bwyckta3bqc4b4kn')
2026-03-15T11:37:06Z WARNING bsky_collector_v2.job.index_feed_generators: listRecords failed repo=did:plc:6nw4wskey6kayatnrq3iltwo err=HttpError('InvalidRequest: Could not find repo: did:plc:6nw4wskey6kayatnrq3iltwo')
2026-03-15T11:37:07Z WARNING bsky_collector_v2.job.index_feed_generators: listRecords failed repo=did:plc:6v7xxpz254xeewilwnpmnm22 err=HttpError('InvalidRequest: Could not find repo: did:plc:6v7xxpz254xeewilwnpmnm22')
2026-03-15T11:37:07Z WARNING bsky_collector_v2.job.index_feed_generators: listRecords failed repo=did:plc:72l4y4gtbkai2l3tpna4wawy err=HttpError('InvalidRequest: Could not find repo: did:plc:72l4y4gtbkai2l3tpna4wawy')
2026-03-15T11:37:07Z WARNING bsky_collector_v2.job.index_feed_generators: listRecords failed repo=did:plc:7ex4mp24oaw23bl2jj2ugz3c err=HttpError('InvalidRequest: Could not find repo: did:plc:7ex4mp24oaw23bl2jj2ugz3c')
2026-03-15T11:37:08Z WARNING bsky_collector_v2.job.index_feed_generators: listRecords failed repo=did:plc:7quduqmmwlyujmi5c6olpy4g err=HttpError('InvalidRequest: Could not find repo: did:plc:7quduqmmwlyujmi5c6olpy4g')
2026-03-15T11:37:10Z WARNING bsky_collector_v2.job.index_feed_generators: listRecords failed repo=did:plc:albcqikv757bvypgpzsxoaey err=HttpError('InvalidRequest: Could not find repo: did:plc:albcqikv757bvypgpzsxoaey')
2026-03-15T11:37:11Z WARNING bsky_collector_v2.job.index_feed_generators: listRecords failed repo=did:plc:apeezzlou5dtkjfqobtgxczo err=HttpError('InvalidRequest: Could not find repo: did:plc:apeezzlou5dtkjfqobtgxczo')
2026-03-15T11:37:11Z WARNING bsky_collector_v2.job.index_feed_generators: listRecords failed repo=did:plc:ar5s3b4i7vbg7qruy7qlme4w err=HttpError('InvalidRequest: Could not find repo: did:plc:ar5s3b4i7vbg7qruy7qlme4w')
2026-03-15T11:37:12Z WARNING bsky_collector_v2.job.index_feed_generators: listRecords failed repo=did:plc:bcry2z7dsq7zttwaefxa4kjn err=HttpError('InvalidRequest: Could not find repo: did:plc:bcry2z7dsq7zttwaefxa4kjn')
2026-03-15T11:37:13Z WARNING bsky_collector_v2.job.index_feed_generators: listRecords failed repo=did:plc:bevxqffhqo3cafscgo4fmdgf err=HttpError('InvalidRequest: Could not find repo: did:plc:bevxqffhqo3cafscgo4fmdgf')
2026-03-15T11:37:13Z WARNING bsky_collector_v2.job.index_feed_generators: listRecords failed repo=did:plc:bhdjy35ey22kj7nv3juoojjj err=HttpError('InvalidRequest: Could not find repo: did:plc:bhdjy35ey22kj7nv3juoojjj')
2026-03-15T11:37:13Z WARNING bsky_collector_v2.job.index_feed_generators: listRecords failed repo=did:plc:bknj7574defpr6inyf2kaokk err=HttpError('InvalidRequest: Could not find repo: did:plc:bknj7574defpr6inyf2kaokk')
2026-03-15T11:37:13Z WARNING bsky_collector_v2.job.index_feed_generators: listRecords failed repo=did:plc:bmpsg34z5tfgouy3vsd4lygo err=HttpError('InvalidRequest: Could not find repo: did:plc:bmpsg34z5tfgouy3vsd4lygo')
2026-03-15T11:37:15Z WARNING bsky_collector_v2.job.index_feed_generators: listRecords failed repo=did:plc:cbllxwdo3ttdysc4tjc4ydvn err=HttpError('InvalidRequest: Could not find repo: did:plc:cbllxwdo3ttdysc4tjc4ydvn')
2026-03-15T11:37:16Z WARNING bsky_collector_v2.job.index_feed_generators: listRecords failed repo=did:plc:ck2hm55mgjvgeezphy3g4yk2 err=HttpError('InvalidRequest: Could not find repo: did:plc:ck2hm55mgjvgeezphy3g4yk2')
2026-03-15T11:37:17Z WARNING bsky_collector_v2.job.index_feed_generators: listRecords failed repo=did:plc:d4bxgi7sbkx7wsz4mcmdfvh4 err=HttpError('InvalidRequest: Could not find repo: did:plc:d4bxgi7sbkx7wsz4mcmdfvh4')
2026-03-15T11:37:18Z WARNING bsky_collector_v2.job.index_feed_generators: listRecords failed repo=did:plc:dpunukacnl4f53hxqjj2zz57 err=HttpError('InvalidRequest: Could not find repo: did:plc:dpunukacnl4f53hxqjj2zz57')
2026-03-15T11:37:19Z WARNING bsky_collector_v2.job.index_feed_generators: listRecords failed repo=did:plc:dwmkfmmbt764koqp36gdonez err=HttpError('InvalidRequest: Could not find repo: did:plc:dwmkfmmbt764koqp36gdonez')
2026-03-15T11:37:20Z WARNING bsky_collector_v2.job.index_feed_generators: listRecords failed repo=did:plc:ejvygdipztwroolrwbtdupdy err=HttpError('InvalidRequest: Could not find repo: did:plc:ejvygdipztwroolrwbtdupdy')
2026-03-15T11:37:20Z WARNING bsky_collector_v2.job.index_feed_generators: listRecords failed repo=did:plc:elpgtiiifqogzohdgv56su2e err=HttpError('InvalidRequest: Could not find repo: did:plc:elpgtiiifqogzohdgv56su2e')
2026-03-15T11:37:23Z WARNING bsky_collector_v2.job.index_feed_generators: listRecords failed repo=did:plc:fggidlp4yeumvdgfv5wqvmdp err=HttpError('InvalidRequest: Could not find repo: did:plc:fggidlp4yeumvdgfv5wqvmdp')
2026-03-15T11:37:26Z WARNING bsky_collector_v2.job.index_feed_generators: listRecords failed repo=did:plc:gdsremtppc7ywhzwzk42zu7q err=HttpError('InvalidRequest: Could not find repo: did:plc:gdsremtppc7ywhzwzk42zu7q')
2026-03-15T11:37:26Z WARNING bsky_collector_v2.job.index_feed_generators: listRecords failed repo=did:plc:gfdwgvfaqvee55xh4rlxiwmz err=HttpError('InvalidRequest: Could not find repo: did:plc:gfdwgvfaqvee55xh4rlxiwmz')
2026-03-15T11:37:27Z WARNING bsky_collector_v2.job.index_feed_generators: listRecords failed repo=did:plc:giuhmj3ogd4kn3646nhqflst err=HttpError('InvalidRequest: Could not find repo: did:plc:giuhmj3ogd4kn3646nhqflst')
2026-03-15T11:37:27Z WARNING bsky_collector_v2.job.index_feed_generators: listRecords failed repo=did:plc:gnvjcjohasxmhg2luonvh54s err=HttpError('InvalidRequest: Could not find repo: did:plc:gnvjcjohasxmhg2luonvh54s')
2026-03-15T11:37:29Z WARNING bsky_collector_v2.job.index_feed_generators: listRecords failed repo=did:plc:hyyu7zl2pqt3r4xopwe4nsqu err=HttpError('InvalidRequest: Could not find repo: did:plc:hyyu7zl2pqt3r4xopwe4nsqu')
2026-03-15T11:37:30Z WARNING bsky_collector_v2.job.index_feed_generators: listRecords failed repo=did:plc:i4ymtnpvcj2icgbfk6ihhq6j err=HttpError('InvalidRequest: Could not find repo: did:plc:i4ymtnpvcj2icgbfk6ihhq6j')
2026-03-15T11:37:30Z WARNING bsky_collector_v2.job.index_feed_generators: listRecords failed repo=did:plc:i54pqfogc5otksfbuy6ceqay err=HttpError('InvalidRequest: Could not find repo: did:plc:i54pqfogc5otksfbuy6ceqay')
2026-03-15T11:37:30Z WARNING bsky_collector_v2.job.index_feed_generators: listRecords failed repo=did:plc:ics33tlhzac3ovc5onjdhtu4 err=HttpError('InvalidRequest: Could not find repo: did:plc:ics33tlhzac3ovc5onjdhtu4')
2026-03-15T11:37:32Z WARNING bsky_collector_v2.job.index_feed_generators: listRecords failed repo=did:plc:ipy7zl7uo6y6dbw3nezj7snl err=HttpError('InvalidRequest: Could not find repo: did:plc:ipy7zl7uo6y6dbw3nezj7snl')
2026-03-15T11:37:34Z WARNING bsky_collector_v2.job.index_feed_generators: listRecords failed repo=did:plc:ixr5rdr7dmhtgqf4s6qejomo err=HttpError('InvalidRequest: Could not find repo: did:plc:ixr5rdr7dmhtgqf4s6qejomo')
2026-03-15T11:37:35Z WARNING bsky_collector_v2.job.index_feed_generators: listRecords failed repo=did:plc:j6dcceo3qcrjsrdt3yndqmlk err=HttpError('InvalidRequest: Could not find repo: did:plc:j6dcceo3qcrjsrdt3yndqmlk')
2026-03-15T11:37:36Z WARNING bsky_collector_v2.job.index_feed_generators: listRecords failed repo=did:plc:jjyq6rwwg46xegedg6nwcax5 err=HttpError('InvalidRequest: Could not find repo: did:plc:jjyq6rwwg46xegedg6nwcax5')
2026-03-15T11:37:36Z WARNING bsky_collector_v2.job.index_feed_generators: listRecords failed repo=did:plc:joa3wgk4m4w4kbamhbky2fsy err=HttpError('InvalidRequest: Could not find repo: did:plc:joa3wgk4m4w4kbamhbky2fsy')
2026-03-15T11:37:36Z WARNING bsky_collector_v2.job.index_feed_generators: listRecords failed repo=did:plc:jrqkwkhqagajf2p7jzgxxkpa err=HttpError('InvalidRequest: Could not find repo: did:plc:jrqkwkhqagajf2p7jzgxxkpa')
2026-03-15T11:37:37Z WARNING bsky_collector_v2.job.index_feed_generators: listRecords failed repo=did:plc:kfmohqf2abxbuzikhcskemar err=HttpError('InvalidRequest: Could not find repo: did:plc:kfmohqf2abxbuzikhcskemar')
2026-03-15T11:37:38Z WARNING bsky_collector_v2.job.index_feed_generators: listRecords failed repo=did:plc:kr4nsh7dx7j6dicrruoq6hrq err=HttpError('InvalidRequest: Could not find repo: did:plc:kr4nsh7dx7j6dicrruoq6hrq')
2026-03-15T11:37:38Z WARNING bsky_collector_v2.job.index_feed_generators: listRecords failed repo=did:plc:kwqj7pbzrjsogm5tp25wbj4g err=HttpError('InvalidRequest: Could not find repo: did:plc:kwqj7pbzrjsogm5tp25wbj4g')
2026-03-15T11:37:38Z WARNING bsky_collector_v2.job.index_feed_generators: listRecords failed repo=did:plc:l7fjonxagyua3hpmwofrck4c err=HttpError('InvalidRequest: Could not find repo: did:plc:l7fjonxagyua3hpmwofrck4c')
2026-03-15T11:37:40Z WARNING bsky_collector_v2.job.index_feed_generators: listRecords failed repo=did:plc:m4u6dddoeh7cc5s3gnff6ibb err=HttpError('InvalidRequest: Could not find repo: did:plc:m4u6dddoeh7cc5s3gnff6ibb')
2026-03-15T11:37:40Z WARNING bsky_collector_v2.job.index_feed_generators: listRecords failed repo=did:plc:mc5ri7c4ewmdt6b5m5tndahu err=HttpError('InvalidRequest: Could not find repo: did:plc:mc5ri7c4ewmdt6b5m5tndahu')
2026-03-15T11:37:40Z WARNING bsky_collector_v2.job.index_feed_generators: listRecords failed repo=did:plc:medzptuqmrllxq7iipveckvx err=HttpError('InvalidRequest: Could not find repo: did:plc:medzptuqmrllxq7iipveckvx')
2026-03-15T11:37:40Z WARNING bsky_collector_v2.job.index_feed_generators: listRecords failed repo=did:plc:mlqksncy6emzcspy6dsqkyht err=HttpError('InvalidRequest: Could not find repo: did:plc:mlqksncy6emzcspy6dsqkyht')
2026-03-15T11:37:40Z WARNING bsky_collector_v2.job.index_feed_generators: listRecords failed repo=did:plc:mn4gnok3qzcczc4nvdsbx7tn err=HttpError('InvalidRequest: Could not find repo: did:plc:mn4gnok3qzcczc4nvdsbx7tn')
2026-03-15T11:37:40Z WARNING bsky_collector_v2.job.index_feed_generators: listRecords failed repo=did:plc:mqwh5puz2mfdvtzx6olvw7ux err=HttpError('InvalidRequest: Could not find repo: did:plc:mqwh5puz2mfdvtzx6olvw7ux')
2026-03-15T11:37:41Z WARNING bsky_collector_v2.job.index_feed_generators: listRecords failed repo=did:plc:mu6abixmc6a3cjoyl3jr5bzp err=HttpError('InvalidRequest: Could not find repo: did:plc:mu6abixmc6a3cjoyl3jr5bzp')
2026-03-15T11:37:41Z WARNING bsky_collector_v2.job.index_feed_generators: listRecords failed repo=did:plc:n6pl7ilirgdq3i574cjcfmmy err=HttpError('InvalidRequest: Could not find repo: did:plc:n6pl7ilirgdq3i574cjcfmmy')
2026-03-15T11:37:42Z WARNING bsky_collector_v2.job.index_feed_generators: listRecords failed repo=did:plc:nmpsakfc3fku7q67c5ad4j7o err=HttpError('InvalidRequest: Could not find repo: did:plc:nmpsakfc3fku7q67c5ad4j7o')
2026-03-15T11:37:43Z WARNING bsky_collector_v2.job.index_feed_generators: listRecords failed repo=did:plc:nz6cszyr443sy7mnoyqs4nde err=HttpError('InvalidRequest: Could not find repo: did:plc:nz6cszyr443sy7mnoyqs4nde')
2026-03-15T11:37:43Z WARNING bsky_collector_v2.job.index_feed_generators: listRecords failed repo=did:plc:oir4fl2gvy2nernskyo4kqcb err=HttpError('InvalidRequest: Could not find repo: did:plc:oir4fl2gvy2nernskyo4kqcb')
2026-03-15T11:37:45Z WARNING bsky_collector_v2.job.index_feed_generators: listRecords failed repo=did:plc:pnisgfwpkgamld7xqpy3crox err=HttpError('InvalidRequest: Could not find repo: did:plc:pnisgfwpkgamld7xqpy3crox')
2026-03-15T11:37:45Z WARNING bsky_collector_v2.job.index_feed_generators: listRecords failed repo=did:plc:pyufuhi7gu2meggv45j4sici err=HttpError('InvalidRequest: Could not find repo: did:plc:pyufuhi7gu2meggv45j4sici')
2026-03-15T11:37:46Z WARNING bsky_collector_v2.job.index_feed_generators: listRecords failed repo=did:plc:q7lgk23b7vumvtqgslieh2xd err=HttpError('InvalidRequest: Could not find repo: did:plc:q7lgk23b7vumvtqgslieh2xd')
2026-03-15T11:37:46Z WARNING bsky_collector_v2.job.index_feed_generators: listRecords failed repo=did:plc:qbscif7qhe37qxute2g7fva4 err=HttpError('InvalidRequest: Could not find repo: did:plc:qbscif7qhe37qxute2g7fva4')
2026-03-15T11:37:46Z WARNING bsky_collector_v2.job.index_feed_generators: listRecords failed repo=did:plc:qdj6mkjrlantbonpxyev32uh err=HttpError('InvalidRequest: Could not find repo: did:plc:qdj6mkjrlantbonpxyev32uh')
2026-03-15T11:37:47Z WARNING bsky_collector_v2.job.index_feed_generators: listRecords failed repo=did:plc:qligtut5zallxfhe5s5xqyma err=HttpError('InvalidRequest: Could not find repo: did:plc:qligtut5zallxfhe5s5xqyma')
2026-03-15T11:37:47Z WARNING bsky_collector_v2.job.index_feed_generators: listRecords failed repo=did:plc:qokbrycocw7jbuweo47o4mlz err=HttpError('InvalidRequest: Could not find repo: did:plc:qokbrycocw7jbuweo47o4mlz')
2026-03-15T11:37:47Z WARNING bsky_collector_v2.job.index_feed_generators: listRecords failed repo=did:plc:qraly42wlvlnhr5zvejapnx4 err=HttpError('InvalidRequest: Could not find repo: did:plc:qraly42wlvlnhr5zvejapnx4')
2026-03-15T11:37:47Z WARNING bsky_collector_v2.job.index_feed_generators: listRecords failed repo=did:plc:qrqvckcrampml2dwtvtusjyx err=HttpError('InvalidRequest: Could not find repo: did:plc:qrqvckcrampml2dwtvtusjyx')
2026-03-15T11:37:47Z WARNING bsky_collector_v2.job.index_feed_generators: listRecords failed repo=did:plc:r7a4dvizjleb3er2463ycnyb err=HttpError('InvalidRequest: Could not find repo: did:plc:r7a4dvizjleb3er2463ycnyb')
2026-03-15T11:37:47Z WARNING bsky_collector_v2.job.index_feed_generators: listRecords failed repo=did:plc:rauugto6xpgxaliof6vpe6dq err=HttpError('InvalidRequest: Could not find repo: did:plc:rauugto6xpgxaliof6vpe6dq')
2026-03-15T11:37:48Z WARNING bsky_collector_v2.job.index_feed_generators: listRecords failed repo=did:plc:rhhalgj2tlgwdjwhaa67ecud err=HttpError('InvalidRequest: Could not find repo: did:plc:rhhalgj2tlgwdjwhaa67ecud')
2026-03-15T11:37:48Z WARNING bsky_collector_v2.job.index_feed_generators: listRecords failed repo=did:plc:rnxazntdqpwe7mudph7bf7nx err=HttpError('InvalidRequest: Could not find repo: did:plc:rnxazntdqpwe7mudph7bf7nx')
2026-03-15T11:37:48Z WARNING bsky_collector_v2.job.index_feed_generators: listRecords failed repo=did:plc:rsfmtru2qezljrndydlbrdur err=HttpError('InvalidRequest: Could not find repo: did:plc:rsfmtru2qezljrndydlbrdur')
2026-03-15T11:37:49Z WARNING bsky_collector_v2.job.index_feed_generators: listRecords failed repo=did:plc:rzyn6odt7u2usaalpg52x226 err=HttpError('InvalidRequest: Could not find repo: did:plc:rzyn6odt7u2usaalpg52x226')
2026-03-15T11:37:49Z WARNING bsky_collector_v2.job.index_feed_generators: listRecords failed repo=did:plc:s4mi57ndyod5iddfgewzn3sx err=HttpError('InvalidRequest: Could not find repo: did:plc:s4mi57ndyod5iddfgewzn3sx')
2026-03-15T11:37:49Z WARNING bsky_collector_v2.job.index_feed_generators: listRecords failed repo=did:plc:s5kmqkjlqewuc42mepyajxpn err=HttpError('InvalidRequest: Could not find repo: did:plc:s5kmqkjlqewuc42mepyajxpn')
2026-03-15T11:37:49Z WARNING bsky_collector_v2.job.index_feed_generators: listRecords failed repo=did:plc:sbtswg6gh7ri72qrb4he2kw2 err=HttpError('InvalidRequest: Could not find repo: did:plc:sbtswg6gh7ri72qrb4he2kw2')
2026-03-15T11:37:50Z WARNING bsky_collector_v2.job.index_feed_generators: listRecords failed repo=did:plc:sfy3foqaoxewd2ge4pgav2hr err=HttpError('InvalidRequest: Could not find repo: did:plc:sfy3foqaoxewd2ge4pgav2hr')
2026-03-15T11:37:51Z WARNING bsky_collector_v2.job.index_feed_generators: listRecords failed repo=did:plc:sphv2tysyizfkadgsycgoyiv err=HttpError('InvalidRequest: Could not find repo: did:plc:sphv2tysyizfkadgsycgoyiv')
2026-03-15T11:37:52Z WARNING bsky_collector_v2.job.index_feed_generators: listRecords failed repo=did:plc:sti3dnla6l5nlymnet42dhko err=HttpError('InvalidRequest: Could not find repo: did:plc:sti3dnla6l5nlymnet42dhko')
2026-03-15T11:37:52Z WARNING bsky_collector_v2.job.index_feed_generators: listRecords failed repo=did:plc:t3kz2nerfs3pm2s2fph5o4dl err=HttpError('InvalidRequest: Could not find repo: did:plc:t3kz2nerfs3pm2s2fph5o4dl')
2026-03-15T11:37:52Z WARNING bsky_collector_v2.job.index_feed_generators: listRecords failed repo=did:plc:tcnq3ssyydmvnq3r3w6oiukv err=HttpError('InvalidRequest: Could not find repo: did:plc:tcnq3ssyydmvnq3r3w6oiukv')
2026-03-15T11:37:52Z WARNING bsky_collector_v2.job.index_feed_generators: listRecords failed repo=did:plc:tczba4nvg7dzszibvjrp4hrn err=HttpError('InvalidRequest: Could not find repo: did:plc:tczba4nvg7dzszibvjrp4hrn')
2026-03-15T11:37:52Z WARNING bsky_collector_v2.job.index_feed_generators: listRecords failed repo=did:plc:tfyse64hydgjrmijqpa2h2cf err=HttpError('InvalidRequest: Could not find repo: did:plc:tfyse64hydgjrmijqpa2h2cf')
2026-03-15T11:37:54Z WARNING bsky_collector_v2.job.index_feed_generators: listRecords failed repo=did:plc:u22eqnok5gh3gyphmqs4psgt err=HttpError('InvalidRequest: Could not find repo: did:plc:u22eqnok5gh3gyphmqs4psgt')
2026-03-15T11:37:54Z WARNING bsky_collector_v2.job.index_feed_generators: listRecords failed repo=did:plc:u2mj4jzswxhyyyhepgj5gnwp err=HttpError('InvalidRequest: Could not find repo: did:plc:u2mj4jzswxhyyyhepgj5gnwp')
2026-03-15T11:37:55Z WARNING bsky_collector_v2.job.index_feed_generators: listRecords failed repo=did:plc:u47efalf2ho5mcgb5jgfadal err=HttpError('InvalidRequest: Could not find repo: did:plc:u47efalf2ho5mcgb5jgfadal')
2026-03-15T11:37:55Z WARNING bsky_collector_v2.job.index_feed_generators: listRecords failed repo=did:plc:u7lrejdbfrt7wildigtrfkhs err=HttpError('InvalidRequest: Could not find repo: did:plc:u7lrejdbfrt7wildigtrfkhs')
2026-03-15T11:37:56Z WARNING bsky_collector_v2.job.index_feed_generators: listRecords failed repo=did:plc:usbp6pqnqy6miqw6tmmnkns2 err=HttpError('InvalidRequest: Could not find repo: did:plc:usbp6pqnqy6miqw6tmmnkns2')
2026-03-15T11:37:56Z WARNING bsky_collector_v2.job.index_feed_generators: listRecords failed repo=did:plc:ute7j7jzy3e7tyuhkma2hbl7 err=HttpError('InvalidRequest: Could not find repo: did:plc:ute7j7jzy3e7tyuhkma2hbl7')
2026-03-15T11:37:58Z WARNING bsky_collector_v2.job.index_feed_generators: listRecords failed repo=did:plc:vfigod77mvam2rbceclavkco err=HttpError('InvalidRequest: Could not find repo: did:plc:vfigod77mvam2rbceclavkco')
2026-03-15T11:37:58Z WARNING bsky_collector_v2.job.index_feed_generators: listRecords failed repo=did:plc:vgbeufcim4tppwp3biduej4v err=HttpError('InvalidRequest: Could not find repo: did:plc:vgbeufcim4tppwp3biduej4v')
2026-03-15T11:37:58Z WARNING bsky_collector_v2.job.index_feed_generators: listRecords failed repo=did:plc:vkmxkbs36ha6ccpsmfvcrcg7 err=HttpError('InvalidRequest: Could not find repo: did:plc:vkmxkbs36ha6ccpsmfvcrcg7')
2026-03-15T11:37:59Z WARNING bsky_collector_v2.job.index_feed_generators: listRecords failed repo=did:plc:vz2zcepm36guqra3rmgi2gcc err=HttpError('InvalidRequest: Could not find repo: did:plc:vz2zcepm36guqra3rmgi2gcc')
2026-03-15T11:37:59Z WARNING bsky_collector_v2.job.index_feed_generators: listRecords failed repo=did:plc:w4u3ah3etvop6z3t23fr6lru err=HttpError('InvalidRequest: Could not find repo: did:plc:w4u3ah3etvop6z3t23fr6lru')
2026-03-15T11:38:00Z WARNING bsky_collector_v2.job.index_feed_generators: listRecords failed repo=did:plc:wj3e2winoyyzbnviveie5syp err=HttpError('InvalidRequest: Could not find repo: did:plc:wj3e2winoyyzbnviveie5syp')
2026-03-15T11:38:00Z WARNING bsky_collector_v2.job.index_feed_generators: listRecords failed repo=did:plc:wmtp5jp2fh2nnnxihwq2gvsi err=HttpError('InvalidRequest: Could not find repo: did:plc:wmtp5jp2fh2nnnxihwq2gvsi')
2026-03-15T11:38:01Z WARNING bsky_collector_v2.job.index_feed_generators: listRecords failed repo=did:plc:wuelvdjcrb2eakqh7fifbsah err=HttpError('InvalidRequest: Could not find repo: did:plc:wuelvdjcrb2eakqh7fifbsah')
2026-03-15T11:38:02Z WARNING bsky_collector_v2.job.index_feed_generators: listRecords failed repo=did:plc:xiof6mw2owfz6oorsccyncog err=HttpError('InvalidRequest: Could not find repo: did:plc:xiof6mw2owfz6oorsccyncog')
2026-03-15T11:38:02Z WARNING bsky_collector_v2.job.index_feed_generators: listRecords failed repo=did:plc:xiqgot2hucvskgbv4jj5ox4i err=HttpError('InvalidRequest: Could not find repo: did:plc:xiqgot2hucvskgbv4jj5ox4i')
2026-03-15T11:38:02Z WARNING bsky_collector_v2.job.index_feed_generators: listRecords failed repo=did:plc:xka4l4e4ao3rvfztulvypqqx err=HttpError('InvalidRequest: Could not find repo: did:plc:xka4l4e4ao3rvfztulvypqqx')
2026-03-15T11:38:02Z WARNING bsky_collector_v2.job.index_feed_generators: listRecords failed repo=did:plc:xpomnvq74as3jbfc23gbfh74 err=HttpError('InvalidRequest: Could not find repo: did:plc:xpomnvq74as3jbfc23gbfh74')
2026-03-15T11:38:03Z WARNING bsky_collector_v2.job.index_feed_generators: listRecords failed repo=did:plc:xrzzidszcahdh2ksetl2oaee err=HttpError('InvalidRequest: Could not find repo: did:plc:xrzzidszcahdh2ksetl2oaee')
2026-03-15T11:38:03Z WARNING bsky_collector_v2.job.index_feed_generators: listRecords failed repo=did:plc:xxkm63yiyowbdjqxjbf55xlr err=HttpError('InvalidRequest: Could not find repo: did:plc:xxkm63yiyowbdjqxjbf55xlr')
2026-03-15T11:38:04Z WARNING bsky_collector_v2.job.index_feed_generators: listRecords failed repo=did:plc:yleodnnxb6kbwa4dcifbksgb err=HttpError('InvalidRequest: Could not find repo: did:plc:yleodnnxb6kbwa4dcifbksgb')
2026-03-15T11:38:05Z WARNING bsky_collector_v2.job.index_feed_generators: listRecords failed repo=did:plc:zgrolyaa5q5fpum6pkfijopg err=HttpError('InvalidRequest: Could not find repo: did:plc:zgrolyaa5q5fpum6pkfijopg')
2026-03-15T11:38:06Z WARNING bsky_collector_v2.job.index_feed_generators: listRecords failed repo=did:plc:zknara6336t7tequpqcw7xzu err=HttpError('InvalidRequest: Could not find repo: did:plc:zknara6336t7tequpqcw7xzu')
2026-03-15T11:38:07Z WARNING bsky_collector_v2.job.index_feed_generators: listRecords failed repo=did:plc:zvl7plzlqh6kwenzahrmnwob err=HttpError('InvalidRequest: Could not find repo: did:plc:zvl7plzlqh6kwenzahrmnwob')
2026-03-15T11:38:07Z WARNING bsky_collector_v2.job.index_feed_generators: listRecords failed repo=did:plc:27oagtdtf57swmmj4qe6gfwi err=HttpError('InvalidRequest: Could not find repo: did:plc:27oagtdtf57swmmj4qe6gfwi')
2026-03-15T11:38:07Z WARNING bsky_collector_v2.job.index_feed_generators: listRecords failed repo=did:plc:2eaxy6lklk4oyuy6kzjdpxhg err=HttpError('InvalidRequest: Could not find repo: did:plc:2eaxy6lklk4oyuy6kzjdpxhg')
2026-03-15T11:38:08Z WARNING bsky_collector_v2.job.index_feed_generators: listRecords failed repo=did:plc:2w4ljxsqez7nedikle2ypvh5 err=HttpError('InvalidRequest: Could not find repo: did:plc:2w4ljxsqez7nedikle2ypvh5')
2026-03-15T11:38:08Z WARNING bsky_collector_v2.job.index_feed_generators: listRecords failed repo=did:plc:2zwhpzip6i272f4eud35bdfa err=HttpError('InvalidRequest: Could not find repo: did:plc:2zwhpzip6i272f4eud35bdfa')
2026-03-15T11:38:08Z WARNING bsky_collector_v2.job.index_feed_generators: listRecords failed repo=did:plc:3j5ynqy3mbxvx7qd4boqf6to err=HttpError('InvalidRequest: Could not find repo: did:plc:3j5ynqy3mbxvx7qd4boqf6to')
2026-03-15T11:38:08Z WARNING bsky_collector_v2.job.index_feed_generators: listRecords failed repo=did:plc:3roidhz5yv3qrl7lacj7vyrg err=HttpError('InvalidRequest: Could not find repo: did:plc:3roidhz5yv3qrl7lacj7vyrg')
2026-03-15T11:38:08Z WARNING bsky_collector_v2.job.index_feed_generators: listRecords failed repo=did:plc:3thhay6gfo5jofcsiljsbyms err=HttpError('InvalidRequest: Could not find repo: did:plc:3thhay6gfo5jofcsiljsbyms')
2026-03-15T11:38:08Z WARNING bsky_collector_v2.job.index_feed_generators: listRecords failed repo=did:plc:4i7zj5ki42xysoqp7ut6a536 err=HttpError('InvalidRequest: Could not find repo: did:plc:4i7zj5ki42xysoqp7ut6a536')
2026-03-15T11:38:08Z WARNING bsky_collector_v2.job.index_feed_generators: listRecords failed repo=did:plc:4m3bhbnpj4p2lblyn5cq43nn err=HttpError('InvalidRequest: Could not find repo: did:plc:4m3bhbnpj4p2lblyn5cq43nn')
2026-03-15T11:38:08Z WARNING bsky_collector_v2.job.index_feed_generators: listRecords failed repo=did:plc:4u4npauxelfndnz5wkprqvm3 err=HttpError('InvalidRequest: Could not find repo: did:plc:4u4npauxelfndnz5wkprqvm3')
2026-03-15T11:38:08Z WARNING bsky_collector_v2.job.index_feed_generators: listRecords failed repo=did:plc:52euctkgvl7d6mkbymfx4uq4 err=HttpError('InvalidRequest: Could not find repo: did:plc:52euctkgvl7d6mkbymfx4uq4')
2026-03-15T11:38:08Z WARNING bsky_collector_v2.job.index_feed_generators: listRecords failed repo=did:plc:5bq6qvwaw3hbu6476xtl7dpe err=HttpError('InvalidRequest: Could not find repo: did:plc:5bq6qvwaw3hbu6476xtl7dpe')
2026-03-15T11:38:08Z WARNING bsky_collector_v2.job.index_feed_generators: listRecords failed repo=did:plc:5j4nppw2jh5ji4sg3eylv6f3 err=HttpError('InvalidRequest: Could not find repo: did:plc:5j4nppw2jh5ji4sg3eylv6f3')
2026-03-15T11:38:08Z WARNING bsky_collector_v2.job.index_feed_generators: listRecords failed repo=did:plc:6acr3chmwtqv43x7x7wahves err=HttpError('InvalidRequest: Could not find repo: did:plc:6acr3chmwtqv43x7x7wahves')
2026-03-15T11:38:08Z WARNING bsky_collector_v2.job.index_feed_generators: listRecords failed repo=did:plc:6j3ynxw5bwyckta3bqc4b4kn err=HttpError('InvalidRequest: Could not find repo: did:plc:6j3ynxw5bwyckta3bqc4b4kn')
2026-03-15T11:38:08Z WARNING bsky_collector_v2.job.index_feed_generators: listRecords failed repo=did:plc:6nw4wskey6kayatnrq3iltwo err=HttpError('InvalidRequest: Could not find repo: did:plc:6nw4wskey6kayatnrq3iltwo')
2026-03-15T11:38:08Z WARNING bsky_collector_v2.job.index_feed_generators: listRecords failed repo=did:plc:6v7xxpz254xeewilwnpmnm22 err=HttpError('InvalidRequest: Could not find repo: did:plc:6v7xxpz254xeewilwnpmnm22')
2026-03-15T11:38:08Z WARNING bsky_collector_v2.job.index_feed_generators: listRecords failed repo=did:plc:72l4y4gtbkai2l3tpna4wawy err=HttpError('InvalidRequest: Could not find repo: did:plc:72l4y4gtbkai2l3tpna4wawy')
2026-03-15T11:38:08Z WARNING bsky_collector_v2.job.index_feed_generators: listRecords failed repo=did:plc:7ex4mp24oaw23bl2jj2ugz3c err=HttpError('InvalidRequest: Could not find repo: did:plc:7ex4mp24oaw23bl2jj2ugz3c')
2026-03-15T11:38:08Z WARNING bsky_collector_v2.job.index_feed_generators: listRecords failed repo=did:plc:7quduqmmwlyujmi5c6olpy4g err=HttpError('InvalidRequest: Could not find repo: did:plc:7quduqmmwlyujmi5c6olpy4g')
2026-03-15T11:38:08Z WARNING bsky_collector_v2.job.index_feed_generators: listRecords failed repo=did:plc:albcqikv757bvypgpzsxoaey err=HttpError('InvalidRequest: Could not find repo: did:plc:albcqikv757bvypgpzsxoaey')
2026-03-15T11:38:09Z WARNING bsky_collector_v2.job.index_feed_generators: listRecords failed repo=did:plc:apeezzlou5dtkjfqobtgxczo err=HttpError('InvalidRequest: Could not find repo: did:plc:apeezzlou5dtkjfqobtgxczo')
2026-03-15T11:38:09Z WARNING bsky_collector_v2.job.index_feed_generators: listRecords failed repo=did:plc:ar5s3b4i7vbg7qruy7qlme4w err=HttpError('InvalidRequest: Could not find repo: did:plc:ar5s3b4i7vbg7qruy7qlme4w')
2026-03-15T11:38:09Z WARNING bsky_collector_v2.job.index_feed_generators: listRecords failed repo=did:plc:bcry2z7dsq7zttwaefxa4kjn err=HttpError('InvalidRequest: Could not find repo: did:plc:bcry2z7dsq7zttwaefxa4kjn')
2026-03-15T11:38:09Z WARNING bsky_collector_v2.job.index_feed_generators: listRecords failed repo=did:plc:bevxqffhqo3cafscgo4fmdgf err=HttpError('InvalidRequest: Could not find repo: did:plc:bevxqffhqo3cafscgo4fmdgf')
2026-03-15T11:38:09Z WARNING bsky_collector_v2.job.index_feed_generators: listRecords failed repo=did:plc:bhdjy35ey22kj7nv3juoojjj err=HttpError('InvalidRequest: Could not find repo: did:plc:bhdjy35ey22kj7nv3juoojjj')
2026-03-15T11:38:09Z WARNING bsky_collector_v2.job.index_feed_generators: listRecords failed repo=did:plc:bknj7574defpr6inyf2kaokk err=HttpError('InvalidRequest: Could not find repo: did:plc:bknj7574defpr6inyf2kaokk')
2026-03-15T11:38:09Z WARNING bsky_collector_v2.job.index_feed_generators: listRecords failed repo=did:plc:bmpsg34z5tfgouy3vsd4lygo err=HttpError('InvalidRequest: Could not find repo: did:plc:bmpsg34z5tfgouy3vsd4lygo')
2026-03-15T11:38:09Z WARNING bsky_collector_v2.job.index_feed_generators: listRecords failed repo=did:plc:cbllxwdo3ttdysc4tjc4ydvn err=HttpError('InvalidRequest: Could not find repo: did:plc:cbllxwdo3ttdysc4tjc4ydvn')
2026-03-15T11:38:09Z WARNING bsky_collector_v2.job.index_feed_generators: listRecords failed repo=did:plc:ck2hm55mgjvgeezphy3g4yk2 err=HttpError('InvalidRequest: Could not find repo: did:plc:ck2hm55mgjvgeezphy3g4yk2')
2026-03-15T11:38:09Z WARNING bsky_collector_v2.job.index_feed_generators: listRecords failed repo=did:plc:d4bxgi7sbkx7wsz4mcmdfvh4 err=HttpError('InvalidRequest: Could not find repo: did:plc:d4bxgi7sbkx7wsz4mcmdfvh4')
2026-03-15T11:38:09Z WARNING bsky_collector_v2.job.index_feed_generators: listRecords failed repo=did:plc:dpunukacnl4f53hxqjj2zz57 err=HttpError('InvalidRequest: Could not find repo: did:plc:dpunukacnl4f53hxqjj2zz57')
2026-03-15T11:38:09Z WARNING bsky_collector_v2.job.index_feed_generators: listRecords failed repo=did:plc:dwmkfmmbt764koqp36gdonez err=HttpError('InvalidRequest: Could not find repo: did:plc:dwmkfmmbt764koqp36gdonez')
2026-03-15T11:38:09Z WARNING bsky_collector_v2.job.index_feed_generators: listRecords failed repo=did:plc:ejvygdipztwroolrwbtdupdy err=HttpError('InvalidRequest: Could not find repo: did:plc:ejvygdipztwroolrwbtdupdy')
2026-03-15T11:38:09Z WARNING bsky_collector_v2.job.index_feed_generators: listRecords failed repo=did:plc:elpgtiiifqogzohdgv56su2e err=HttpError('InvalidRequest: Could not find repo: did:plc:elpgtiiifqogzohdgv56su2e')
2026-03-15T11:38:09Z WARNING bsky_collector_v2.job.index_feed_generators: listRecords failed repo=did:plc:fggidlp4yeumvdgfv5wqvmdp err=HttpError('InvalidRequest: Could not find repo: did:plc:fggidlp4yeumvdgfv5wqvmdp')
2026-03-15T11:38:09Z WARNING bsky_collector_v2.job.index_feed_generators: listRecords failed repo=did:plc:gdsremtppc7ywhzwzk42zu7q err=HttpError('InvalidRequest: Could not find repo: did:plc:gdsremtppc7ywhzwzk42zu7q')
2026-03-15T11:38:09Z WARNING bsky_collector_v2.job.index_feed_generators: listRecords failed repo=did:plc:gfdwgvfaqvee55xh4rlxiwmz err=HttpError('InvalidRequest: Could not find repo: did:plc:gfdwgvfaqvee55xh4rlxiwmz')
2026-03-15T11:38:09Z WARNING bsky_collector_v2.job.index_feed_generators: listRecords failed repo=did:plc:giuhmj3ogd4kn3646nhqflst err=HttpError('InvalidRequest: Could not find repo: did:plc:giuhmj3ogd4kn3646nhqflst')
2026-03-15T11:38:09Z WARNING bsky_collector_v2.job.index_feed_generators: listRecords failed repo=did:plc:gnvjcjohasxmhg2luonvh54s err=HttpError('InvalidRequest: Could not find repo: did:plc:gnvjcjohasxmhg2luonvh54s')
2026-03-15T11:38:09Z WARNING bsky_collector_v2.job.index_feed_generators: listRecords failed repo=did:plc:hyyu7zl2pqt3r4xopwe4nsqu err=HttpError('InvalidRequest: Could not find repo: did:plc:hyyu7zl2pqt3r4xopwe4nsqu')
2026-03-15T11:38:10Z WARNING bsky_collector_v2.job.index_feed_generators: listRecords failed repo=did:plc:i4ymtnpvcj2icgbfk6ihhq6j err=HttpError('InvalidRequest: Could not find repo: did:plc:i4ymtnpvcj2icgbfk6ihhq6j')
2026-03-15T11:38:10Z WARNING bsky_collector_v2.job.index_feed_generators: listRecords failed repo=did:plc:i54pqfogc5otksfbuy6ceqay err=HttpError('InvalidRequest: Could not find repo: did:plc:i54pqfogc5otksfbuy6ceqay')
2026-03-15T11:38:10Z WARNING bsky_collector_v2.job.index_feed_generators: listRecords failed repo=did:plc:ics33tlhzac3ovc5onjdhtu4 err=HttpError('InvalidRequest: Could not find repo: did:plc:ics33tlhzac3ovc5onjdhtu4')
2026-03-15T11:38:10Z WARNING bsky_collector_v2.job.index_feed_generators: listRecords failed repo=did:plc:ipy7zl7uo6y6dbw3nezj7snl err=HttpError('InvalidRequest: Could not find repo: did:plc:ipy7zl7uo6y6dbw3nezj7snl')
2026-03-15T11:38:10Z WARNING bsky_collector_v2.job.index_feed_generators: listRecords failed repo=did:plc:ixr5rdr7dmhtgqf4s6qejomo err=HttpError('InvalidRequest: Could not find repo: did:plc:ixr5rdr7dmhtgqf4s6qejomo')
2026-03-15T11:38:10Z WARNING bsky_collector_v2.job.index_feed_generators: listRecords failed repo=did:plc:j6dcceo3qcrjsrdt3yndqmlk err=HttpError('InvalidRequest: Could not find repo: did:plc:j6dcceo3qcrjsrdt3yndqmlk')
2026-03-15T11:38:10Z WARNING bsky_collector_v2.job.index_feed_generators: listRecords failed repo=did:plc:jjyq6rwwg46xegedg6nwcax5 err=HttpError('InvalidRequest: Could not find repo: did:plc:jjyq6rwwg46xegedg6nwcax5')
2026-03-15T11:38:10Z WARNING bsky_collector_v2.job.index_feed_generators: listRecords failed repo=did:plc:joa3wgk4m4w4kbamhbky2fsy err=HttpError('InvalidRequest: Could not find repo: did:plc:joa3wgk4m4w4kbamhbky2fsy')
2026-03-15T11:38:10Z WARNING bsky_collector_v2.job.index_feed_generators: listRecords failed repo=did:plc:jrqkwkhqagajf2p7jzgxxkpa err=HttpError('InvalidRequest: Could not find repo: did:plc:jrqkwkhqagajf2p7jzgxxkpa')
2026-03-15T11:38:10Z WARNING bsky_collector_v2.job.index_feed_generators: listRecords failed repo=did:plc:kfmohqf2abxbuzikhcskemar err=HttpError('InvalidRequest: Could not find repo: did:plc:kfmohqf2abxbuzikhcskemar')
2026-03-15T11:38:10Z WARNING bsky_collector_v2.job.index_feed_generators: listRecords failed repo=did:plc:kr4nsh7dx7j6dicrruoq6hrq err=HttpError('InvalidRequest: Could not find repo: did:plc:kr4nsh7dx7j6dicrruoq6hrq')
2026-03-15T11:38:10Z WARNING bsky_collector_v2.job.index_feed_generators: listRecords failed repo=did:plc:kwqj7pbzrjsogm5tp25wbj4g err=HttpError('InvalidRequest: Could not find repo: did:plc:kwqj7pbzrjsogm5tp25wbj4g')
2026-03-15T11:38:10Z WARNING bsky_collector_v2.job.index_feed_generators: listRecords failed repo=did:plc:l7fjonxagyua3hpmwofrck4c err=HttpError('InvalidRequest: Could not find repo: did:plc:l7fjonxagyua3hpmwofrck4c')
2026-03-15T11:38:10Z WARNING bsky_collector_v2.job.index_feed_generators: listRecords failed repo=did:plc:m4u6dddoeh7cc5s3gnff6ibb err=HttpError('InvalidRequest: Could not find repo: did:plc:m4u6dddoeh7cc5s3gnff6ibb')
2026-03-15T11:38:10Z WARNING bsky_collector_v2.job.index_feed_generators: listRecords failed repo=did:plc:mc5ri7c4ewmdt6b5m5tndahu err=HttpError('InvalidRequest: Could not find repo: did:plc:mc5ri7c4ewmdt6b5m5tndahu')
2026-03-15T11:38:10Z WARNING bsky_collector_v2.job.index_feed_generators: listRecords failed repo=did:plc:medzptuqmrllxq7iipveckvx err=HttpError('InvalidRequest: Could not find repo: did:plc:medzptuqmrllxq7iipveckvx')
2026-03-15T11:38:10Z WARNING bsky_collector_v2.job.index_feed_generators: listRecords failed repo=did:plc:mlqksncy6emzcspy6dsqkyht err=HttpError('InvalidRequest: Could not find repo: did:plc:mlqksncy6emzcspy6dsqkyht')
2026-03-15T11:38:10Z WARNING bsky_collector_v2.job.index_feed_generators: listRecords failed repo=did:plc:mn4gnok3qzcczc4nvdsbx7tn err=HttpError('InvalidRequest: Could not find repo: did:plc:mn4gnok3qzcczc4nvdsbx7tn')
2026-03-15T11:38:10Z WARNING bsky_collector_v2.job.index_feed_generators: listRecords failed repo=did:plc:mqwh5puz2mfdvtzx6olvw7ux err=HttpError('InvalidRequest: Could not find repo: did:plc:mqwh5puz2mfdvtzx6olvw7ux')
2026-03-15T11:38:10Z WARNING bsky_collector_v2.job.index_feed_generators: listRecords failed repo=did:plc:mu6abixmc6a3cjoyl3jr5bzp err=HttpError('InvalidRequest: Could not find repo: did:plc:mu6abixmc6a3cjoyl3jr5bzp')
2026-03-15T11:38:11Z WARNING bsky_collector_v2.job.index_feed_generators: listRecords failed repo=did:plc:n6pl7ilirgdq3i574cjcfmmy err=HttpError('InvalidRequest: Could not find repo: did:plc:n6pl7ilirgdq3i574cjcfmmy')
2026-03-15T11:38:11Z WARNING bsky_collector_v2.job.index_feed_generators: listRecords failed repo=did:plc:nmpsakfc3fku7q67c5ad4j7o err=HttpError('InvalidRequest: Could not find repo: did:plc:nmpsakfc3fku7q67c5ad4j7o')
2026-03-15T11:38:11Z WARNING bsky_collector_v2.job.index_feed_generators: listRecords failed repo=did:plc:nz6cszyr443sy7mnoyqs4nde err=HttpError('InvalidRequest: Could not find repo: did:plc:nz6cszyr443sy7mnoyqs4nde')
2026-03-15T11:38:11Z WARNING bsky_collector_v2.job.index_feed_generators: listRecords failed repo=did:plc:oir4fl2gvy2nernskyo4kqcb err=HttpError('InvalidRequest: Could not find repo: did:plc:oir4fl2gvy2nernskyo4kqcb')
2026-03-15T11:38:11Z WARNING bsky_collector_v2.job.index_feed_generators: listRecords failed repo=did:plc:pnisgfwpkgamld7xqpy3crox err=HttpError('InvalidRequest: Could not find repo: did:plc:pnisgfwpkgamld7xqpy3crox')
2026-03-15T11:38:11Z WARNING bsky_collector_v2.job.index_feed_generators: listRecords failed repo=did:plc:pyufuhi7gu2meggv45j4sici err=HttpError('InvalidRequest: Could not find repo: did:plc:pyufuhi7gu2meggv45j4sici')
2026-03-15T11:38:11Z WARNING bsky_collector_v2.job.index_feed_generators: listRecords failed repo=did:plc:q7lgk23b7vumvtqgslieh2xd err=HttpError('InvalidRequest: Could not find repo: did:plc:q7lgk23b7vumvtqgslieh2xd')
2026-03-15T11:38:11Z WARNING bsky_collector_v2.job.index_feed_generators: listRecords failed repo=did:plc:qbscif7qhe37qxute2g7fva4 err=HttpError('InvalidRequest: Could not find repo: did:plc:qbscif7qhe37qxute2g7fva4')
2026-03-15T11:38:11Z WARNING bsky_collector_v2.job.index_feed_generators: listRecords failed repo=did:plc:qdj6mkjrlantbonpxyev32uh err=HttpError('InvalidRequest: Could not find repo: did:plc:qdj6mkjrlantbonpxyev32uh')
2026-03-15T11:38:11Z WARNING bsky_collector_v2.job.index_feed_generators: listRecords failed repo=did:plc:qligtut5zallxfhe5s5xqyma err=HttpError('InvalidRequest: Could not find repo: did:plc:qligtut5zallxfhe5s5xqyma')
2026-03-15T11:38:11Z WARNING bsky_collector_v2.job.index_feed_generators: listRecords failed repo=did:plc:qokbrycocw7jbuweo47o4mlz err=HttpError('InvalidRequest: Could not find repo: did:plc:qokbrycocw7jbuweo47o4mlz')
2026-03-15T11:38:11Z WARNING bsky_collector_v2.job.index_feed_generators: listRecords failed repo=did:plc:qraly42wlvlnhr5zvejapnx4 err=HttpError('InvalidRequest: Could not find repo: did:plc:qraly42wlvlnhr5zvejapnx4')
2026-03-15T11:38:11Z WARNING bsky_collector_v2.job.index_feed_generators: listRecords failed repo=did:plc:qrqvckcrampml2dwtvtusjyx err=HttpError('InvalidRequest: Could not find repo: did:plc:qrqvckcrampml2dwtvtusjyx')
2026-03-15T11:38:11Z WARNING bsky_collector_v2.job.index_feed_generators: listRecords failed repo=did:plc:r7a4dvizjleb3er2463ycnyb err=HttpError('InvalidRequest: Could not find repo: did:plc:r7a4dvizjleb3er2463ycnyb')
2026-03-15T11:38:11Z WARNING bsky_collector_v2.job.index_feed_generators: listRecords failed repo=did:plc:rauugto6xpgxaliof6vpe6dq err=HttpError('InvalidRequest: Could not find repo: did:plc:rauugto6xpgxaliof6vpe6dq')
2026-03-15T11:38:11Z WARNING bsky_collector_v2.job.index_feed_generators: listRecords failed repo=did:plc:rhhalgj2tlgwdjwhaa67ecud err=HttpError('InvalidRequest: Could not find repo: did:plc:rhhalgj2tlgwdjwhaa67ecud')
2026-03-15T11:38:11Z WARNING bsky_collector_v2.job.index_feed_generators: listRecords failed repo=did:plc:rnxazntdqpwe7mudph7bf7nx err=HttpError('InvalidRequest: Could not find repo: did:plc:rnxazntdqpwe7mudph7bf7nx')
2026-03-15T11:38:11Z WARNING bsky_collector_v2.job.index_feed_generators: listRecords failed repo=did:plc:rsfmtru2qezljrndydlbrdur err=HttpError('InvalidRequest: Could not find repo: did:plc:rsfmtru2qezljrndydlbrdur')
2026-03-15T11:38:11Z WARNING bsky_collector_v2.job.index_feed_generators: listRecords failed repo=did:plc:rzyn6odt7u2usaalpg52x226 err=HttpError('InvalidRequest: Could not find repo: did:plc:rzyn6odt7u2usaalpg52x226')
2026-03-15T11:38:12Z WARNING bsky_collector_v2.job.index_feed_generators: listRecords failed repo=did:plc:s4mi57ndyod5iddfgewzn3sx err=HttpError('InvalidRequest: Could not find repo: did:plc:s4mi57ndyod5iddfgewzn3sx')
2026-03-15T11:38:12Z WARNING bsky_collector_v2.job.index_feed_generators: listRecords failed repo=did:plc:s5kmqkjlqewuc42mepyajxpn err=HttpError('InvalidRequest: Could not find repo: did:plc:s5kmqkjlqewuc42mepyajxpn')
2026-03-15T11:38:12Z WARNING bsky_collector_v2.job.index_feed_generators: listRecords failed repo=did:plc:sbtswg6gh7ri72qrb4he2kw2 err=HttpError('InvalidRequest: Could not find repo: did:plc:sbtswg6gh7ri72qrb4he2kw2')
2026-03-15T11:38:12Z WARNING bsky_collector_v2.job.index_feed_generators: listRecords failed repo=did:plc:sfy3foqaoxewd2ge4pgav2hr err=HttpError('InvalidRequest: Could not find repo: did:plc:sfy3foqaoxewd2ge4pgav2hr')
2026-03-15T11:38:12Z WARNING bsky_collector_v2.job.index_feed_generators: listRecords failed repo=did:plc:sphv2tysyizfkadgsycgoyiv err=HttpError('InvalidRequest: Could not find repo: did:plc:sphv2tysyizfkadgsycgoyiv')
2026-03-15T11:38:12Z WARNING bsky_collector_v2.job.index_feed_generators: listRecords failed repo=did:plc:sti3dnla6l5nlymnet42dhko err=HttpError('InvalidRequest: Could not find repo: did:plc:sti3dnla6l5nlymnet42dhko')
2026-03-15T11:38:12Z WARNING bsky_collector_v2.job.index_feed_generators: listRecords failed repo=did:plc:t3kz2nerfs3pm2s2fph5o4dl err=HttpError('InvalidRequest: Could not find repo: did:plc:t3kz2nerfs3pm2s2fph5o4dl')
2026-03-15T11:38:12Z WARNING bsky_collector_v2.job.index_feed_generators: listRecords failed repo=did:plc:tcnq3ssyydmvnq3r3w6oiukv err=HttpError('InvalidRequest: Could not find repo: did:plc:tcnq3ssyydmvnq3r3w6oiukv')
2026-03-15T11:38:12Z WARNING bsky_collector_v2.job.index_feed_generators: listRecords failed repo=did:plc:tczba4nvg7dzszibvjrp4hrn err=HttpError('InvalidRequest: Could not find repo: did:plc:tczba4nvg7dzszibvjrp4hrn')
2026-03-15T11:38:12Z WARNING bsky_collector_v2.job.index_feed_generators: listRecords failed repo=did:plc:tfyse64hydgjrmijqpa2h2cf err=HttpError('InvalidRequest: Could not find repo: did:plc:tfyse64hydgjrmijqpa2h2cf')
2026-03-15T11:38:12Z WARNING bsky_collector_v2.job.index_feed_generators: listRecords failed repo=did:plc:u22eqnok5gh3gyphmqs4psgt err=HttpError('InvalidRequest: Could not find repo: did:plc:u22eqnok5gh3gyphmqs4psgt')
2026-03-15T11:38:12Z WARNING bsky_collector_v2.job.index_feed_generators: listRecords failed repo=did:plc:u2mj4jzswxhyyyhepgj5gnwp err=HttpError('InvalidRequest: Could not find repo: did:plc:u2mj4jzswxhyyyhepgj5gnwp')
2026-03-15T11:38:12Z WARNING bsky_collector_v2.job.index_feed_generators: listRecords failed repo=did:plc:u47efalf2ho5mcgb5jgfadal err=HttpError('InvalidRequest: Could not find repo: did:plc:u47efalf2ho5mcgb5jgfadal')
2026-03-15T11:38:12Z WARNING bsky_collector_v2.job.index_feed_generators: listRecords failed repo=did:plc:u7lrejdbfrt7wildigtrfkhs err=HttpError('InvalidRequest: Could not find repo: did:plc:u7lrejdbfrt7wildigtrfkhs')
2026-03-15T11:38:12Z WARNING bsky_collector_v2.job.index_feed_generators: listRecords failed repo=did:plc:usbp6pqnqy6miqw6tmmnkns2 err=HttpError('InvalidRequest: Could not find repo: did:plc:usbp6pqnqy6miqw6tmmnkns2')
2026-03-15T11:38:12Z WARNING bsky_collector_v2.job.index_feed_generators: listRecords failed repo=did:plc:ute7j7jzy3e7tyuhkma2hbl7 err=HttpError('InvalidRequest: Could not find repo: did:plc:ute7j7jzy3e7tyuhkma2hbl7')
2026-03-15T11:38:12Z WARNING bsky_collector_v2.job.index_feed_generators: listRecords failed repo=did:plc:vfigod77mvam2rbceclavkco err=HttpError('InvalidRequest: Could not find repo: did:plc:vfigod77mvam2rbceclavkco')
2026-03-15T11:38:12Z WARNING bsky_collector_v2.job.index_feed_generators: listRecords failed repo=did:plc:vgbeufcim4tppwp3biduej4v err=HttpError('InvalidRequest: Could not find repo: did:plc:vgbeufcim4tppwp3biduej4v')
2026-03-15T11:38:12Z WARNING bsky_collector_v2.job.index_feed_generators: listRecords failed repo=did:plc:vkmxkbs36ha6ccpsmfvcrcg7 err=HttpError('InvalidRequest: Could not find repo: did:plc:vkmxkbs36ha6ccpsmfvcrcg7')
2026-03-15T11:38:13Z WARNING bsky_collector_v2.job.index_feed_generators: listRecords failed repo=did:plc:vz2zcepm36guqra3rmgi2gcc err=HttpError('InvalidRequest: Could not find repo: did:plc:vz2zcepm36guqra3rmgi2gcc')
2026-03-15T11:38:13Z WARNING bsky_collector_v2.job.index_feed_generators: listRecords failed repo=did:plc:w4u3ah3etvop6z3t23fr6lru err=HttpError('InvalidRequest: Could not find repo: did:plc:w4u3ah3etvop6z3t23fr6lru')
2026-03-15T11:38:13Z WARNING bsky_collector_v2.job.index_feed_generators: listRecords failed repo=did:plc:wj3e2winoyyzbnviveie5syp err=HttpError('InvalidRequest: Could not find repo: did:plc:wj3e2winoyyzbnviveie5syp')
2026-03-15T11:38:13Z WARNING bsky_collector_v2.job.index_feed_generators: listRecords failed repo=did:plc:wmtp5jp2fh2nnnxihwq2gvsi err=HttpError('InvalidRequest: Could not find repo: did:plc:wmtp5jp2fh2nnnxihwq2gvsi')
2026-03-15T11:38:13Z WARNING bsky_collector_v2.job.index_feed_generators: listRecords failed repo=did:plc:wuelvdjcrb2eakqh7fifbsah err=HttpError('InvalidRequest: Could not find repo: did:plc:wuelvdjcrb2eakqh7fifbsah')
2026-03-15T11:38:13Z WARNING bsky_collector_v2.job.index_feed_generators: listRecords failed repo=did:plc:xiof6mw2owfz6oorsccyncog err=HttpError('InvalidRequest: Could not find repo: did:plc:xiof6mw2owfz6oorsccyncog')
2026-03-15T11:38:13Z WARNING bsky_collector_v2.job.index_feed_generators: listRecords failed repo=did:plc:xiqgot2hucvskgbv4jj5ox4i err=HttpError('InvalidRequest: Could not find repo: did:plc:xiqgot2hucvskgbv4jj5ox4i')
2026-03-15T11:38:13Z WARNING bsky_collector_v2.job.index_feed_generators: listRecords failed repo=did:plc:xka4l4e4ao3rvfztulvypqqx err=HttpError('InvalidRequest: Could not find repo: did:plc:xka4l4e4ao3rvfztulvypqqx')
2026-03-15T11:38:13Z WARNING bsky_collector_v2.job.index_feed_generators: listRecords failed repo=did:plc:xpomnvq74as3jbfc23gbfh74 err=HttpError('InvalidRequest: Could not find repo: did:plc:xpomnvq74as3jbfc23gbfh74')
2026-03-15T11:38:13Z WARNING bsky_collector_v2.job.index_feed_generators: listRecords failed repo=did:plc:xrzzidszcahdh2ksetl2oaee err=HttpError('InvalidRequest: Could not find repo: did:plc:xrzzidszcahdh2ksetl2oaee')
2026-03-15T11:38:13Z WARNING bsky_collector_v2.job.index_feed_generators: listRecords failed repo=did:plc:xxkm63yiyowbdjqxjbf55xlr err=HttpError('InvalidRequest: Could not find repo: did:plc:xxkm63yiyowbdjqxjbf55xlr')
2026-03-15T11:38:13Z WARNING bsky_collector_v2.job.index_feed_generators: listRecords failed repo=did:plc:yleodnnxb6kbwa4dcifbksgb err=HttpError('InvalidRequest: Could not find repo: did:plc:yleodnnxb6kbwa4dcifbksgb')
2026-03-15T11:38:13Z WARNING bsky_collector_v2.job.index_feed_generators: listRecords failed repo=did:plc:zgrolyaa5q5fpum6pkfijopg err=HttpError('InvalidRequest: Could not find repo: did:plc:zgrolyaa5q5fpum6pkfijopg')
2026-03-15T11:38:13Z WARNING bsky_collector_v2.job.index_feed_generators: listRecords failed repo=did:plc:zknara6336t7tequpqcw7xzu err=HttpError('InvalidRequest: Could not find repo: did:plc:zknara6336t7tequpqcw7xzu')
2026-03-15T11:38:13Z WARNING bsky_collector_v2.job.index_feed_generators: listRecords failed repo=did:plc:zvl7plzlqh6kwenzahrmnwob err=HttpError('InvalidRequest: Could not find repo: did:plc:zvl7plzlqh6kwenzahrmnwob')
2026-03-15T11:38:13Z WARNING bsky_collector_v2.job.index_feed_generators: listRecords failed repo=did:plc:27oagtdtf57swmmj4qe6gfwi err=HttpError('InvalidRequest: Could not find repo: did:plc:27oagtdtf57swmmj4qe6gfwi')
2026-03-15T11:38:13Z WARNING bsky_collector_v2.job.index_feed_generators: listRecords failed repo=did:plc:2eaxy6lklk4oyuy6kzjdpxhg err=HttpError('InvalidRequest: Could not find repo: did:plc:2eaxy6lklk4oyuy6kzjdpxhg')
2026-03-15T11:38:13Z WARNING bsky_collector_v2.job.index_feed_generators: listRecords failed repo=did:plc:2w4ljxsqez7nedikle2ypvh5 err=HttpError('InvalidRequest: Could not find repo: did:plc:2w4ljxsqez7nedikle2ypvh5')
2026-03-15T11:38:13Z WARNING bsky_collector_v2.job.index_feed_generators: listRecords failed repo=did:plc:2zwhpzip6i272f4eud35bdfa err=HttpError('InvalidRequest: Could not find repo: did:plc:2zwhpzip6i272f4eud35bdfa')
2026-03-15T11:38:14Z WARNING bsky_collector_v2.job.index_feed_generators: listRecords failed repo=did:plc:3j5ynqy3mbxvx7qd4boqf6to err=HttpError('InvalidRequest: Could not find repo: did:plc:3j5ynqy3mbxvx7qd4boqf6to')
2026-03-15T11:38:14Z WARNING bsky_collector_v2.job.index_feed_generators: listRecords failed repo=did:plc:3roidhz5yv3qrl7lacj7vyrg err=HttpError('InvalidRequest: Could not find repo: did:plc:3roidhz5yv3qrl7lacj7vyrg')
2026-03-15T11:38:14Z WARNING bsky_collector_v2.job.index_feed_generators: listRecords failed repo=did:plc:3thhay6gfo5jofcsiljsbyms err=HttpError('InvalidRequest: Could not find repo: did:plc:3thhay6gfo5jofcsiljsbyms')
2026-03-15T11:38:14Z WARNING bsky_collector_v2.job.index_feed_generators: listRecords failed repo=did:plc:4i7zj5ki42xysoqp7ut6a536 err=HttpError('InvalidRequest: Could not find repo: did:plc:4i7zj5ki42xysoqp7ut6a536')
2026-03-15T11:38:14Z WARNING bsky_collector_v2.job.index_feed_generators: listRecords failed repo=did:plc:4m3bhbnpj4p2lblyn5cq43nn err=HttpError('InvalidRequest: Could not find repo: did:plc:4m3bhbnpj4p2lblyn5cq43nn')
2026-03-15T11:38:14Z WARNING bsky_collector_v2.job.index_feed_generators: listRecords failed repo=did:plc:4u4npauxelfndnz5wkprqvm3 err=HttpError('InvalidRequest: Could not find repo: did:plc:4u4npauxelfndnz5wkprqvm3')
2026-03-15T11:38:14Z WARNING bsky_collector_v2.job.index_feed_generators: listRecords failed repo=did:plc:52euctkgvl7d6mkbymfx4uq4 err=HttpError('InvalidRequest: Could not find repo: did:plc:52euctkgvl7d6mkbymfx4uq4')
2026-03-15T11:38:14Z WARNING bsky_collector_v2.job.index_feed_generators: listRecords failed repo=did:plc:5bq6qvwaw3hbu6476xtl7dpe err=HttpError('InvalidRequest: Could not find repo: did:plc:5bq6qvwaw3hbu6476xtl7dpe')
2026-03-15T11:38:14Z WARNING bsky_collector_v2.job.index_feed_generators: listRecords failed repo=did:plc:5j4nppw2jh5ji4sg3eylv6f3 err=HttpError('InvalidRequest: Could not find repo: did:plc:5j4nppw2jh5ji4sg3eylv6f3')
2026-03-15T11:38:14Z WARNING bsky_collector_v2.job.index_feed_generators: listRecords failed repo=did:plc:6acr3chmwtqv43x7x7wahves err=HttpError('InvalidRequest: Could not find repo: did:plc:6acr3chmwtqv43x7x7wahves')
2026-03-15T11:38:14Z WARNING bsky_collector_v2.job.index_feed_generators: listRecords failed repo=did:plc:6j3ynxw5bwyckta3bqc4b4kn err=HttpError('InvalidRequest: Could not find repo: did:plc:6j3ynxw5bwyckta3bqc4b4kn')
2026-03-15T11:38:14Z WARNING bsky_collector_v2.job.index_feed_generators: listRecords failed repo=did:plc:6nw4wskey6kayatnrq3iltwo err=HttpError('InvalidRequest: Could not find repo: did:plc:6nw4wskey6kayatnrq3iltwo')
2026-03-15T11:38:14Z WARNING bsky_collector_v2.job.index_feed_generators: listRecords failed repo=did:plc:6v7xxpz254xeewilwnpmnm22 err=HttpError('InvalidRequest: Could not find repo: did:plc:6v7xxpz254xeewilwnpmnm22')
2026-03-15T11:38:14Z WARNING bsky_collector_v2.job.index_feed_generators: listRecords failed repo=did:plc:72l4y4gtbkai2l3tpna4wawy err=HttpError('InvalidRequest: Could not find repo: did:plc:72l4y4gtbkai2l3tpna4wawy')
2026-03-15T11:38:14Z WARNING bsky_collector_v2.job.index_feed_generators: listRecords failed repo=did:plc:7ex4mp24oaw23bl2jj2ugz3c err=HttpError('InvalidRequest: Could not find repo: did:plc:7ex4mp24oaw23bl2jj2ugz3c')
2026-03-15T11:38:14Z WARNING bsky_collector_v2.job.index_feed_generators: listRecords failed repo=did:plc:7quduqmmwlyujmi5c6olpy4g err=HttpError('InvalidRequest: Could not find repo: did:plc:7quduqmmwlyujmi5c6olpy4g')
2026-03-15T11:38:14Z WARNING bsky_collector_v2.job.index_feed_generators: listRecords failed repo=did:plc:albcqikv757bvypgpzsxoaey err=HttpError('InvalidRequest: Could not find repo: did:plc:albcqikv757bvypgpzsxoaey')
2026-03-15T11:38:14Z WARNING bsky_collector_v2.job.index_feed_generators: listRecords failed repo=did:plc:apeezzlou5dtkjfqobtgxczo err=HttpError('InvalidRequest: Could not find repo: did:plc:apeezzlou5dtkjfqobtgxczo')
2026-03-15T11:38:14Z WARNING bsky_collector_v2.job.index_feed_generators: listRecords failed repo=did:plc:ar5s3b4i7vbg7qruy7qlme4w err=HttpError('InvalidRequest: Could not find repo: did:plc:ar5s3b4i7vbg7qruy7qlme4w')
2026-03-15T11:38:15Z WARNING bsky_collector_v2.job.index_feed_generators: listRecords failed repo=did:plc:bcry2z7dsq7zttwaefxa4kjn err=HttpError('InvalidRequest: Could not find repo: did:plc:bcry2z7dsq7zttwaefxa4kjn')
2026-03-15T11:38:15Z WARNING bsky_collector_v2.job.index_feed_generators: listRecords failed repo=did:plc:bevxqffhqo3cafscgo4fmdgf err=HttpError('InvalidRequest: Could not find repo: did:plc:bevxqffhqo3cafscgo4fmdgf')
2026-03-15T11:38:15Z WARNING bsky_collector_v2.job.index_feed_generators: listRecords failed repo=did:plc:bhdjy35ey22kj7nv3juoojjj err=HttpError('InvalidRequest: Could not find repo: did:plc:bhdjy35ey22kj7nv3juoojjj')
2026-03-15T11:38:15Z WARNING bsky_collector_v2.job.index_feed_generators: listRecords failed repo=did:plc:bknj7574defpr6inyf2kaokk err=HttpError('InvalidRequest: Could not find repo: did:plc:bknj7574defpr6inyf2kaokk')
2026-03-15T11:38:15Z WARNING bsky_collector_v2.job.index_feed_generators: listRecords failed repo=did:plc:bmpsg34z5tfgouy3vsd4lygo err=HttpError('InvalidRequest: Could not find repo: did:plc:bmpsg34z5tfgouy3vsd4lygo')
2026-03-15T11:38:15Z WARNING bsky_collector_v2.job.index_feed_generators: listRecords failed repo=did:plc:cbllxwdo3ttdysc4tjc4ydvn err=HttpError('InvalidRequest: Could not find repo: did:plc:cbllxwdo3ttdysc4tjc4ydvn')
2026-03-15T11:38:15Z WARNING bsky_collector_v2.job.index_feed_generators: listRecords failed repo=did:plc:ck2hm55mgjvgeezphy3g4yk2 err=HttpError('InvalidRequest: Could not find repo: did:plc:ck2hm55mgjvgeezphy3g4yk2')
2026-03-15T11:38:15Z WARNING bsky_collector_v2.job.index_feed_generators: listRecords failed repo=did:plc:d4bxgi7sbkx7wsz4mcmdfvh4 err=HttpError('InvalidRequest: Could not find repo: did:plc:d4bxgi7sbkx7wsz4mcmdfvh4')
2026-03-15T11:38:15Z WARNING bsky_collector_v2.job.index_feed_generators: listRecords failed repo=did:plc:dpunukacnl4f53hxqjj2zz57 err=HttpError('InvalidRequest: Could not find repo: did:plc:dpunukacnl4f53hxqjj2zz57')
2026-03-15T11:38:15Z WARNING bsky_collector_v2.job.index_feed_generators: listRecords failed repo=did:plc:dwmkfmmbt764koqp36gdonez err=HttpError('InvalidRequest: Could not find repo: did:plc:dwmkfmmbt764koqp36gdonez')
2026-03-15T11:38:15Z WARNING bsky_collector_v2.job.index_feed_generators: listRecords failed repo=did:plc:ejvygdipztwroolrwbtdupdy err=HttpError('InvalidRequest: Could not find repo: did:plc:ejvygdipztwroolrwbtdupdy')
2026-03-15T11:38:15Z WARNING bsky_collector_v2.job.index_feed_generators: listRecords failed repo=did:plc:elpgtiiifqogzohdgv56su2e err=HttpError('InvalidRequest: Could not find repo: did:plc:elpgtiiifqogzohdgv56su2e')
2026-03-15T11:38:15Z WARNING bsky_collector_v2.job.index_feed_generators: listRecords failed repo=did:plc:fggidlp4yeumvdgfv5wqvmdp err=HttpError('InvalidRequest: Could not find repo: did:plc:fggidlp4yeumvdgfv5wqvmdp')
2026-03-15T11:38:15Z WARNING bsky_collector_v2.job.index_feed_generators: listRecords failed repo=did:plc:gdsremtppc7ywhzwzk42zu7q err=HttpError('InvalidRequest: Could not find repo: did:plc:gdsremtppc7ywhzwzk42zu7q')
2026-03-15T11:38:15Z WARNING bsky_collector_v2.job.index_feed_generators: listRecords failed repo=did:plc:gfdwgvfaqvee55xh4rlxiwmz err=HttpError('InvalidRequest: Could not find repo: did:plc:gfdwgvfaqvee55xh4rlxiwmz')
2026-03-15T11:38:15Z WARNING bsky_collector_v2.job.index_feed_generators: listRecords failed repo=did:plc:giuhmj3ogd4kn3646nhqflst err=HttpError('InvalidRequest: Could not find repo: did:plc:giuhmj3ogd4kn3646nhqflst')
2026-03-15T11:38:15Z WARNING bsky_collector_v2.job.index_feed_generators: listRecords failed repo=did:plc:gnvjcjohasxmhg2luonvh54s err=HttpError('InvalidRequest: Could not find repo: did:plc:gnvjcjohasxmhg2luonvh54s')
2026-03-15T11:38:15Z WARNING bsky_collector_v2.job.index_feed_generators: listRecords failed repo=did:plc:hyyu7zl2pqt3r4xopwe4nsqu err=HttpError('InvalidRequest: Could not find repo: did:plc:hyyu7zl2pqt3r4xopwe4nsqu')
2026-03-15T11:38:15Z WARNING bsky_collector_v2.job.index_feed_generators: listRecords failed repo=did:plc:i4ymtnpvcj2icgbfk6ihhq6j err=HttpError('InvalidRequest: Could not find repo: did:plc:i4ymtnpvcj2icgbfk6ihhq6j')
2026-03-15T11:38:16Z WARNING bsky_collector_v2.job.index_feed_generators: listRecords failed repo=did:plc:i54pqfogc5otksfbuy6ceqay err=HttpError('InvalidRequest: Could not find repo: did:plc:i54pqfogc5otksfbuy6ceqay')
2026-03-15T11:38:16Z WARNING bsky_collector_v2.job.index_feed_generators: listRecords failed repo=did:plc:ics33tlhzac3ovc5onjdhtu4 err=HttpError('InvalidRequest: Could not find repo: did:plc:ics33tlhzac3ovc5onjdhtu4')
2026-03-15T11:38:16Z WARNING bsky_collector_v2.job.index_feed_generators: listRecords failed repo=did:plc:ipy7zl7uo6y6dbw3nezj7snl err=HttpError('InvalidRequest: Could not find repo: did:plc:ipy7zl7uo6y6dbw3nezj7snl')
2026-03-15T11:38:16Z WARNING bsky_collector_v2.job.index_feed_generators: listRecords failed repo=did:plc:ixr5rdr7dmhtgqf4s6qejomo err=HttpError('InvalidRequest: Could not find repo: did:plc:ixr5rdr7dmhtgqf4s6qejomo')
2026-03-15T11:38:16Z WARNING bsky_collector_v2.job.index_feed_generators: listRecords failed repo=did:plc:j6dcceo3qcrjsrdt3yndqmlk err=HttpError('InvalidRequest: Could not find repo: did:plc:j6dcceo3qcrjsrdt3yndqmlk')
2026-03-15T11:38:16Z WARNING bsky_collector_v2.job.index_feed_generators: listRecords failed repo=did:plc:jjyq6rwwg46xegedg6nwcax5 err=HttpError('InvalidRequest: Could not find repo: did:plc:jjyq6rwwg46xegedg6nwcax5')
2026-03-15T11:38:16Z WARNING bsky_collector_v2.job.index_feed_generators: listRecords failed repo=did:plc:joa3wgk4m4w4kbamhbky2fsy err=HttpError('InvalidRequest: Could not find repo: did:plc:joa3wgk4m4w4kbamhbky2fsy')
2026-03-15T11:38:16Z WARNING bsky_collector_v2.job.index_feed_generators: listRecords failed repo=did:plc:jrqkwkhqagajf2p7jzgxxkpa err=HttpError('InvalidRequest: Could not find repo: did:plc:jrqkwkhqagajf2p7jzgxxkpa')
2026-03-15T11:38:16Z WARNING bsky_collector_v2.job.index_feed_generators: listRecords failed repo=did:plc:kfmohqf2abxbuzikhcskemar err=HttpError('InvalidRequest: Could not find repo: did:plc:kfmohqf2abxbuzikhcskemar')
2026-03-15T11:38:16Z WARNING bsky_collector_v2.job.index_feed_generators: listRecords failed repo=did:plc:kr4nsh7dx7j6dicrruoq6hrq err=HttpError('InvalidRequest: Could not find repo: did:plc:kr4nsh7dx7j6dicrruoq6hrq')
2026-03-15T11:38:16Z WARNING bsky_collector_v2.job.index_feed_generators: listRecords failed repo=did:plc:kwqj7pbzrjsogm5tp25wbj4g err=HttpError('InvalidRequest: Could not find repo: did:plc:kwqj7pbzrjsogm5tp25wbj4g')
2026-03-15T11:38:16Z WARNING bsky_collector_v2.job.index_feed_generators: listRecords failed repo=did:plc:l7fjonxagyua3hpmwofrck4c err=HttpError('InvalidRequest: Could not find repo: did:plc:l7fjonxagyua3hpmwofrck4c')
2026-03-15T11:38:16Z WARNING bsky_collector_v2.job.index_feed_generators: listRecords failed repo=did:plc:m4u6dddoeh7cc5s3gnff6ibb err=HttpError('InvalidRequest: Could not find repo: did:plc:m4u6dddoeh7cc5s3gnff6ibb')
2026-03-15T11:38:16Z WARNING bsky_collector_v2.job.index_feed_generators: listRecords failed repo=did:plc:mc5ri7c4ewmdt6b5m5tndahu err=HttpError('InvalidRequest: Could not find repo: did:plc:mc5ri7c4ewmdt6b5m5tndahu')
2026-03-15T11:38:16Z WARNING bsky_collector_v2.job.index_feed_generators: listRecords failed repo=did:plc:medzptuqmrllxq7iipveckvx err=HttpError('InvalidRequest: Could not find repo: did:plc:medzptuqmrllxq7iipveckvx')
2026-03-15T11:38:16Z WARNING bsky_collector_v2.job.index_feed_generators: listRecords failed repo=did:plc:mlqksncy6emzcspy6dsqkyht err=HttpError('InvalidRequest: Could not find repo: did:plc:mlqksncy6emzcspy6dsqkyht')
2026-03-15T11:38:16Z WARNING bsky_collector_v2.job.index_feed_generators: listRecords failed repo=did:plc:mn4gnok3qzcczc4nvdsbx7tn err=HttpError('InvalidRequest: Could not find repo: did:plc:mn4gnok3qzcczc4nvdsbx7tn')
2026-03-15T11:38:16Z WARNING bsky_collector_v2.job.index_feed_generators: listRecords failed repo=did:plc:mqwh5puz2mfdvtzx6olvw7ux err=HttpError('InvalidRequest: Could not find repo: did:plc:mqwh5puz2mfdvtzx6olvw7ux')
2026-03-15T11:38:16Z WARNING bsky_collector_v2.job.index_feed_generators: listRecords failed repo=did:plc:mu6abixmc6a3cjoyl3jr5bzp err=HttpError('InvalidRequest: Could not find repo: did:plc:mu6abixmc6a3cjoyl3jr5bzp')
2026-03-15T11:38:17Z WARNING bsky_collector_v2.job.index_feed_generators: listRecords failed repo=did:plc:n6pl7ilirgdq3i574cjcfmmy err=HttpError('InvalidRequest: Could not find repo: did:plc:n6pl7ilirgdq3i574cjcfmmy')
2026-03-15T11:38:17Z WARNING bsky_collector_v2.job.index_feed_generators: listRecords failed repo=did:plc:nmpsakfc3fku7q67c5ad4j7o err=HttpError('InvalidRequest: Could not find repo: did:plc:nmpsakfc3fku7q67c5ad4j7o')
2026-03-15T11:38:17Z WARNING bsky_collector_v2.job.index_feed_generators: listRecords failed repo=did:plc:nz6cszyr443sy7mnoyqs4nde err=HttpError('InvalidRequest: Could not find repo: did:plc:nz6cszyr443sy7mnoyqs4nde')
2026-03-15T11:38:17Z WARNING bsky_collector_v2.job.index_feed_generators: listRecords failed repo=did:plc:oir4fl2gvy2nernskyo4kqcb err=HttpError('InvalidRequest: Could not find repo: did:plc:oir4fl2gvy2nernskyo4kqcb')
2026-03-15T11:38:17Z WARNING bsky_collector_v2.job.index_feed_generators: listRecords failed repo=did:plc:pnisgfwpkgamld7xqpy3crox err=HttpError('InvalidRequest: Could not find repo: did:plc:pnisgfwpkgamld7xqpy3crox')
2026-03-15T11:38:17Z WARNING bsky_collector_v2.job.index_feed_generators: listRecords failed repo=did:plc:pyufuhi7gu2meggv45j4sici err=HttpError('InvalidRequest: Could not find repo: did:plc:pyufuhi7gu2meggv45j4sici')
2026-03-15T11:38:17Z WARNING bsky_collector_v2.job.index_feed_generators: listRecords failed repo=did:plc:q7lgk23b7vumvtqgslieh2xd err=HttpError('InvalidRequest: Could not find repo: did:plc:q7lgk23b7vumvtqgslieh2xd')
2026-03-15T11:38:17Z WARNING bsky_collector_v2.job.index_feed_generators: listRecords failed repo=did:plc:qbscif7qhe37qxute2g7fva4 err=HttpError('InvalidRequest: Could not find repo: did:plc:qbscif7qhe37qxute2g7fva4')
2026-03-15T11:38:17Z WARNING bsky_collector_v2.job.index_feed_generators: listRecords failed repo=did:plc:qdj6mkjrlantbonpxyev32uh err=HttpError('InvalidRequest: Could not find repo: did:plc:qdj6mkjrlantbonpxyev32uh')
2026-03-15T11:38:17Z WARNING bsky_collector_v2.job.index_feed_generators: listRecords failed repo=did:plc:qligtut5zallxfhe5s5xqyma err=HttpError('InvalidRequest: Could not find repo: did:plc:qligtut5zallxfhe5s5xqyma')
2026-03-15T11:38:17Z WARNING bsky_collector_v2.job.index_feed_generators: listRecords failed repo=did:plc:qokbrycocw7jbuweo47o4mlz err=HttpError('InvalidRequest: Could not find repo: did:plc:qokbrycocw7jbuweo47o4mlz')
2026-03-15T11:38:17Z WARNING bsky_collector_v2.job.index_feed_generators: listRecords failed repo=did:plc:qraly42wlvlnhr5zvejapnx4 err=HttpError('InvalidRequest: Could not find repo: did:plc:qraly42wlvlnhr5zvejapnx4')
2026-03-15T11:38:17Z WARNING bsky_collector_v2.job.index_feed_generators: listRecords failed repo=did:plc:qrqvckcrampml2dwtvtusjyx err=HttpError('InvalidRequest: Could not find repo: did:plc:qrqvckcrampml2dwtvtusjyx')
2026-03-15T11:38:17Z WARNING bsky_collector_v2.job.index_feed_generators: listRecords failed repo=did:plc:r7a4dvizjleb3er2463ycnyb err=HttpError('InvalidRequest: Could not find repo: did:plc:r7a4dvizjleb3er2463ycnyb')
2026-03-15T11:38:17Z WARNING bsky_collector_v2.job.index_feed_generators: listRecords failed repo=did:plc:rauugto6xpgxaliof6vpe6dq err=HttpError('InvalidRequest: Could not find repo: did:plc:rauugto6xpgxaliof6vpe6dq')
2026-03-15T11:38:17Z WARNING bsky_collector_v2.job.index_feed_generators: listRecords failed repo=did:plc:rhhalgj2tlgwdjwhaa67ecud err=HttpError('InvalidRequest: Could not find repo: did:plc:rhhalgj2tlgwdjwhaa67ecud')
2026-03-15T11:38:17Z WARNING bsky_collector_v2.job.index_feed_generators: listRecords failed repo=did:plc:rnxazntdqpwe7mudph7bf7nx err=HttpError('InvalidRequest: Could not find repo: did:plc:rnxazntdqpwe7mudph7bf7nx')
2026-03-15T11:38:17Z WARNING bsky_collector_v2.job.index_feed_generators: listRecords failed repo=did:plc:rsfmtru2qezljrndydlbrdur err=HttpError('InvalidRequest: Could not find repo: did:plc:rsfmtru2qezljrndydlbrdur')
2026-03-15T11:38:18Z WARNING bsky_collector_v2.job.index_feed_generators: listRecords failed repo=did:plc:rzyn6odt7u2usaalpg52x226 err=HttpError('InvalidRequest: Could not find repo: did:plc:rzyn6odt7u2usaalpg52x226')
2026-03-15T11:38:18Z WARNING bsky_collector_v2.job.index_feed_generators: listRecords failed repo=did:plc:s4mi57ndyod5iddfgewzn3sx err=HttpError('InvalidRequest: Could not find repo: did:plc:s4mi57ndyod5iddfgewzn3sx')
2026-03-15T11:38:18Z WARNING bsky_collector_v2.job.index_feed_generators: listRecords failed repo=did:plc:s5kmqkjlqewuc42mepyajxpn err=HttpError('InvalidRequest: Could not find repo: did:plc:s5kmqkjlqewuc42mepyajxpn')
2026-03-15T11:38:18Z WARNING bsky_collector_v2.job.index_feed_generators: listRecords failed repo=did:plc:sbtswg6gh7ri72qrb4he2kw2 err=HttpError('InvalidRequest: Could not find repo: did:plc:sbtswg6gh7ri72qrb4he2kw2')
2026-03-15T11:38:18Z WARNING bsky_collector_v2.job.index_feed_generators: listRecords failed repo=did:plc:sfy3foqaoxewd2ge4pgav2hr err=HttpError('InvalidRequest: Could not find repo: did:plc:sfy3foqaoxewd2ge4pgav2hr')
2026-03-15T11:38:18Z WARNING bsky_collector_v2.job.index_feed_generators: listRecords failed repo=did:plc:sphv2tysyizfkadgsycgoyiv err=HttpError('InvalidRequest: Could not find repo: did:plc:sphv2tysyizfkadgsycgoyiv')
2026-03-15T11:38:18Z WARNING bsky_collector_v2.job.index_feed_generators: listRecords failed repo=did:plc:sti3dnla6l5nlymnet42dhko err=HttpError('InvalidRequest: Could not find repo: did:plc:sti3dnla6l5nlymnet42dhko')
2026-03-15T11:38:18Z WARNING bsky_collector_v2.job.index_feed_generators: listRecords failed repo=did:plc:t3kz2nerfs3pm2s2fph5o4dl err=HttpError('InvalidRequest: Could not find repo: did:plc:t3kz2nerfs3pm2s2fph5o4dl')
2026-03-15T11:38:18Z WARNING bsky_collector_v2.job.index_feed_generators: listRecords failed repo=did:plc:tcnq3ssyydmvnq3r3w6oiukv err=HttpError('InvalidRequest: Could not find repo: did:plc:tcnq3ssyydmvnq3r3w6oiukv')
2026-03-15T11:38:18Z WARNING bsky_collector_v2.job.index_feed_generators: listRecords failed repo=did:plc:tczba4nvg7dzszibvjrp4hrn err=HttpError('InvalidRequest: Could not find repo: did:plc:tczba4nvg7dzszibvjrp4hrn')
2026-03-15T11:38:18Z WARNING bsky_collector_v2.job.index_feed_generators: listRecords failed repo=did:plc:tfyse64hydgjrmijqpa2h2cf err=HttpError('InvalidRequest: Could not find repo: did:plc:tfyse64hydgjrmijqpa2h2cf')
2026-03-15T11:38:18Z WARNING bsky_collector_v2.job.index_feed_generators: listRecords failed repo=did:plc:u22eqnok5gh3gyphmqs4psgt err=HttpError('InvalidRequest: Could not find repo: did:plc:u22eqnok5gh3gyphmqs4psgt')
2026-03-15T11:38:18Z WARNING bsky_collector_v2.job.index_feed_generators: listRecords failed repo=did:plc:u2mj4jzswxhyyyhepgj5gnwp err=HttpError('InvalidRequest: Could not find repo: did:plc:u2mj4jzswxhyyyhepgj5gnwp')
2026-03-15T11:38:18Z WARNING bsky_collector_v2.job.index_feed_generators: listRecords failed repo=did:plc:u47efalf2ho5mcgb5jgfadal err=HttpError('InvalidRequest: Could not find repo: did:plc:u47efalf2ho5mcgb5jgfadal')
2026-03-15T11:38:18Z WARNING bsky_collector_v2.job.index_feed_generators: listRecords failed repo=did:plc:u7lrejdbfrt7wildigtrfkhs err=HttpError('InvalidRequest: Could not find repo: did:plc:u7lrejdbfrt7wildigtrfkhs')
2026-03-15T11:38:18Z WARNING bsky_collector_v2.job.index_feed_generators: listRecords failed repo=did:plc:usbp6pqnqy6miqw6tmmnkns2 err=HttpError('InvalidRequest: Could not find repo: did:plc:usbp6pqnqy6miqw6tmmnkns2')
2026-03-15T11:38:18Z WARNING bsky_collector_v2.job.index_feed_generators: listRecords failed repo=did:plc:ute7j7jzy3e7tyuhkma2hbl7 err=HttpError('InvalidRequest: Could not find repo: did:plc:ute7j7jzy3e7tyuhkma2hbl7')
2026-03-15T11:38:18Z WARNING bsky_collector_v2.job.index_feed_generators: listRecords failed repo=did:plc:vfigod77mvam2rbceclavkco err=HttpError('InvalidRequest: Could not find repo: did:plc:vfigod77mvam2rbceclavkco')
2026-03-15T11:38:18Z WARNING bsky_collector_v2.job.index_feed_generators: listRecords failed repo=did:plc:vgbeufcim4tppwp3biduej4v err=HttpError('InvalidRequest: Could not find repo: did:plc:vgbeufcim4tppwp3biduej4v')
2026-03-15T11:38:19Z WARNING bsky_collector_v2.job.index_feed_generators: listRecords failed repo=did:plc:vkmxkbs36ha6ccpsmfvcrcg7 err=HttpError('InvalidRequest: Could not find repo: did:plc:vkmxkbs36ha6ccpsmfvcrcg7')
2026-03-15T11:38:19Z WARNING bsky_collector_v2.job.index_feed_generators: listRecords failed repo=did:plc:vz2zcepm36guqra3rmgi2gcc err=HttpError('InvalidRequest: Could not find repo: did:plc:vz2zcepm36guqra3rmgi2gcc')
2026-03-15T11:38:19Z WARNING bsky_collector_v2.job.index_feed_generators: listRecords failed repo=did:plc:w4u3ah3etvop6z3t23fr6lru err=HttpError('InvalidRequest: Could not find repo: did:plc:w4u3ah3etvop6z3t23fr6lru')
2026-03-15T11:38:19Z WARNING bsky_collector_v2.job.index_feed_generators: listRecords failed repo=did:plc:wj3e2winoyyzbnviveie5syp err=HttpError('InvalidRequest: Could not find repo: did:plc:wj3e2winoyyzbnviveie5syp')
2026-03-15T11:38:19Z WARNING bsky_collector_v2.job.index_feed_generators: listRecords failed repo=did:plc:wmtp5jp2fh2nnnxihwq2gvsi err=HttpError('InvalidRequest: Could not find repo: did:plc:wmtp5jp2fh2nnnxihwq2gvsi')
2026-03-15T11:38:19Z WARNING bsky_collector_v2.job.index_feed_generators: listRecords failed repo=did:plc:wuelvdjcrb2eakqh7fifbsah err=HttpError('InvalidRequest: Could not find repo: did:plc:wuelvdjcrb2eakqh7fifbsah')
2026-03-15T11:38:19Z WARNING bsky_collector_v2.job.index_feed_generators: listRecords failed repo=did:plc:xiof6mw2owfz6oorsccyncog err=HttpError('InvalidRequest: Could not find repo: did:plc:xiof6mw2owfz6oorsccyncog')
2026-03-15T11:38:19Z WARNING bsky_collector_v2.job.index_feed_generators: listRecords failed repo=did:plc:xiqgot2hucvskgbv4jj5ox4i err=HttpError('InvalidRequest: Could not find repo: did:plc:xiqgot2hucvskgbv4jj5ox4i')
2026-03-15T11:38:19Z WARNING bsky_collector_v2.job.index_feed_generators: listRecords failed repo=did:plc:xka4l4e4ao3rvfztulvypqqx err=HttpError('InvalidRequest: Could not find repo: did:plc:xka4l4e4ao3rvfztulvypqqx')
2026-03-15T11:38:19Z WARNING bsky_collector_v2.job.index_feed_generators: listRecords failed repo=did:plc:xpomnvq74as3jbfc23gbfh74 err=HttpError('InvalidRequest: Could not find repo: did:plc:xpomnvq74as3jbfc23gbfh74')
2026-03-15T11:38:19Z WARNING bsky_collector_v2.job.index_feed_generators: listRecords failed repo=did:plc:xrzzidszcahdh2ksetl2oaee err=HttpError('InvalidRequest: Could not find repo: did:plc:xrzzidszcahdh2ksetl2oaee')
2026-03-15T11:38:19Z WARNING bsky_collector_v2.job.index_feed_generators: listRecords failed repo=did:plc:xxkm63yiyowbdjqxjbf55xlr err=HttpError('InvalidRequest: Could not find repo: did:plc:xxkm63yiyowbdjqxjbf55xlr')
2026-03-15T11:38:19Z WARNING bsky_collector_v2.job.index_feed_generators: listRecords failed repo=did:plc:yleodnnxb6kbwa4dcifbksgb err=HttpError('InvalidRequest: Could not find repo: did:plc:yleodnnxb6kbwa4dcifbksgb')
2026-03-15T11:38:19Z WARNING bsky_collector_v2.job.index_feed_generators: listRecords failed repo=did:plc:zgrolyaa5q5fpum6pkfijopg err=HttpError('InvalidRequest: Could not find repo: did:plc:zgrolyaa5q5fpum6pkfijopg')
2026-03-15T11:38:19Z WARNING bsky_collector_v2.job.index_feed_generators: listRecords failed repo=did:plc:zknara6336t7tequpqcw7xzu err=HttpError('InvalidRequest: Could not find repo: did:plc:zknara6336t7tequpqcw7xzu')
2026-03-15T11:38:19Z WARNING bsky_collector_v2.job.index_feed_generators: listRecords failed repo=did:plc:zvl7plzlqh6kwenzahrmnwob err=HttpError('InvalidRequest: Could not find repo: did:plc:zvl7plzlqh6kwenzahrmnwob')
2026-03-15T11:38:20Z INFO bsky_collector_v2.job.index_feed_generators: enqueued repos page=35 mode=listRepos inserted=500 repos_returned=500 next_cursor=set
2026-03-15T11:38:20Z WARNING bsky_collector_v2.job.index_feed_generators: listRecords failed repo=did:plc:22cd3bgskd7i6acmjdax2qfq err=HttpError('InvalidRequest: Could not find repo: did:plc:22cd3bgskd7i6acmjdax2qfq')
2026-03-15T11:38:20Z WARNING bsky_collector_v2.job.index_feed_generators: listRecords failed repo=did:plc:25idueqtxhcgysi2jmcqowud err=HttpError('InvalidRequest: Could not find repo: did:plc:25idueqtxhcgysi2jmcqowud')
2026-03-15T11:38:20Z WARNING bsky_collector_v2.job.index_feed_generators: listRecords failed repo=did:plc:26fa25shmyimzol7v7h6dcsj err=HttpError('InvalidRequest: Could not find repo: did:plc:26fa25shmyimzol7v7h6dcsj')
2026-03-15T11:38:20Z WARNING bsky_collector_v2.job.index_feed_generators: listRecords failed repo=did:plc:2aoxdkhsv34bwh7eqtgile3b err=HttpError('InvalidRequest: Could not find repo: did:plc:2aoxdkhsv34bwh7eqtgile3b')
2026-03-15T11:38:20Z WARNING bsky_collector_v2.job.index_feed_generators: listRecords failed repo=did:plc:2b4nagri2dsxowuvomaam5j5 err=HttpError('InvalidRequest: Could not find repo: did:plc:2b4nagri2dsxowuvomaam5j5')
2026-03-15T11:38:20Z WARNING bsky_collector_v2.job.index_feed_generators: listRecords failed repo=did:plc:2jnxumqdstyan2lxmd2g2r4l err=HttpError('InvalidRequest: Could not find repo: did:plc:2jnxumqdstyan2lxmd2g2r4l')
2026-03-15T11:38:20Z WARNING bsky_collector_v2.job.index_feed_generators: listRecords failed repo=did:plc:2oceieyrkw6euogh5cft26l5 err=HttpError('InvalidRequest: Could not find repo: did:plc:2oceieyrkw6euogh5cft26l5')
2026-03-15T11:38:20Z WARNING bsky_collector_v2.job.index_feed_generators: listRecords failed repo=did:plc:2ogrzx4y4yvidqwdyaq3pj42 err=HttpError('InvalidRequest: Could not find repo: did:plc:2ogrzx4y4yvidqwdyaq3pj42')
2026-03-15T11:38:21Z WARNING bsky_collector_v2.job.index_feed_generators: listRecords failed repo=did:plc:2sifebqn3cyrdh2ujdaa5nxh err=HttpError('InvalidRequest: Could not find repo: did:plc:2sifebqn3cyrdh2ujdaa5nxh')
2026-03-15T11:38:21Z WARNING bsky_collector_v2.job.index_feed_generators: listRecords failed repo=did:plc:36infvxwotd6ztzvpuzlstfl err=HttpError('InvalidRequest: Could not find repo: did:plc:36infvxwotd6ztzvpuzlstfl')
2026-03-15T11:38:21Z WARNING bsky_collector_v2.job.index_feed_generators: listRecords failed repo=did:plc:3eiyokd5s7tqmmcnl3vi67ap err=HttpError('InvalidRequest: Could not find repo: did:plc:3eiyokd5s7tqmmcnl3vi67ap')
2026-03-15T11:38:21Z WARNING bsky_collector_v2.job.index_feed_generators: listRecords failed repo=did:plc:3ev4vnznndxf2dylxnfytxra err=HttpError('InvalidRequest: Could not find repo: did:plc:3ev4vnznndxf2dylxnfytxra')
2026-03-15T11:38:21Z WARNING bsky_collector_v2.job.index_feed_generators: listRecords failed repo=did:plc:3fzpa7r7ry27kx7n6h43ualu err=HttpError('InvalidRequest: Could not find repo: did:plc:3fzpa7r7ry27kx7n6h43ualu')
2026-03-15T11:38:22Z WARNING bsky_collector_v2.job.index_feed_generators: listRecords failed repo=did:plc:3xrwkahvtmgoqgkqyaxmjby4 err=HttpError('InvalidRequest: Could not find repo: did:plc:3xrwkahvtmgoqgkqyaxmjby4')
2026-03-15T11:38:23Z WARNING bsky_collector_v2.job.index_feed_generators: listRecords failed repo=did:plc:4jkzbu5gehnwqg52gq6fhaai err=HttpError('InvalidRequest: Could not find repo: did:plc:4jkzbu5gehnwqg52gq6fhaai')
2026-03-15T11:38:23Z WARNING bsky_collector_v2.job.index_feed_generators: listRecords failed repo=did:plc:4pomi224haqmbj3odgv5ofet err=HttpError('InvalidRequest: Could not find repo: did:plc:4pomi224haqmbj3odgv5ofet')
2026-03-15T11:38:23Z WARNING bsky_collector_v2.job.index_feed_generators: listRecords failed repo=did:plc:4prtwgovvmi7otwsmmiu5jdg err=HttpError('InvalidRequest: Could not find repo: did:plc:4prtwgovvmi7otwsmmiu5jdg')
2026-03-15T11:38:23Z WARNING bsky_collector_v2.job.index_feed_generators: listRecords failed repo=did:plc:4t7oyeney6mgoau7rzjtizyx err=HttpError('InvalidRequest: Could not find repo: did:plc:4t7oyeney6mgoau7rzjtizyx')
2026-03-15T11:38:23Z WARNING bsky_collector_v2.job.index_feed_generators: listRecords failed repo=did:plc:4tcnnxqy2qw4s3g52g7uss6v err=HttpError('InvalidRequest: Could not find repo: did:plc:4tcnnxqy2qw4s3g52g7uss6v')
2026-03-15T11:38:24Z WARNING bsky_collector_v2.job.index_feed_generators: listRecords failed repo=did:plc:4wghzosurcirnbpckf4frh3a err=HttpError('InvalidRequest: Could not find repo: did:plc:4wghzosurcirnbpckf4frh3a')
2026-03-15T11:38:24Z WARNING bsky_collector_v2.job.index_feed_generators: listRecords failed repo=did:plc:4zen4psesnckwbasph4gpevv err=HttpError('InvalidRequest: Could not find repo: did:plc:4zen4psesnckwbasph4gpevv')
2026-03-15T11:38:24Z WARNING bsky_collector_v2.job.index_feed_generators: listRecords failed repo=did:plc:4zfm4s3fchwsjbyp524aykh5 err=HttpError('InvalidRequest: Could not find repo: did:plc:4zfm4s3fchwsjbyp524aykh5')
2026-03-15T11:38:24Z WARNING bsky_collector_v2.job.index_feed_generators: listRecords failed repo=did:plc:57evxs3aulpv2svefh3m47c6 err=HttpError('InvalidRequest: Could not find repo: did:plc:57evxs3aulpv2svefh3m47c6')
2026-03-15T11:38:24Z WARNING bsky_collector_v2.job.index_feed_generators: listRecords failed repo=did:plc:5e57vk67eiinvy6dxctcko6w err=HttpError('InvalidRequest: Could not find repo: did:plc:5e57vk67eiinvy6dxctcko6w')
2026-03-15T11:38:24Z WARNING bsky_collector_v2.job.index_feed_generators: listRecords failed repo=did:plc:5goowgdabjurobsfn77y6psm err=HttpError('InvalidRequest: Could not find repo: did:plc:5goowgdabjurobsfn77y6psm')
2026-03-15T11:38:25Z WARNING bsky_collector_v2.job.index_feed_generators: listRecords failed repo=did:plc:5ic4snh4moremeyy4tht63cp err=HttpError('InvalidRequest: Could not find repo: did:plc:5ic4snh4moremeyy4tht63cp')
2026-03-15T11:38:25Z WARNING bsky_collector_v2.job.index_feed_generators: listRecords failed repo=did:plc:5kr6d2pxpbbm5ronkqmn77zq err=HttpError('InvalidRequest: Could not find repo: did:plc:5kr6d2pxpbbm5ronkqmn77zq')
2026-03-15T11:38:25Z WARNING bsky_collector_v2.job.index_feed_generators: listRecords failed repo=did:plc:5tpjkhbaqxwmw6b3h6hbkqql err=HttpError('InvalidRequest: Could not find repo: did:plc:5tpjkhbaqxwmw6b3h6hbkqql')
2026-03-15T11:38:25Z WARNING bsky_collector_v2.job.index_feed_generators: listRecords failed repo=did:plc:5ykhybj22lg2vc5rlkjpuqhj err=HttpError('InvalidRequest: Could not find repo: did:plc:5ykhybj22lg2vc5rlkjpuqhj')
2026-03-15T11:38:26Z WARNING bsky_collector_v2.job.index_feed_generators: listRecords failed repo=did:plc:5yrlb5lzyc6hzkrbxuxczztb err=HttpError('InvalidRequest: Could not find repo: did:plc:5yrlb5lzyc6hzkrbxuxczztb')
2026-03-15T11:38:26Z WARNING bsky_collector_v2.job.index_feed_generators: listRecords failed repo=did:plc:5ztmtxhh3a3ri4hcsidtaajh err=HttpError('InvalidRequest: Could not find repo: did:plc:5ztmtxhh3a3ri4hcsidtaajh')
2026-03-15T11:38:26Z WARNING bsky_collector_v2.job.index_feed_generators: listRecords failed repo=did:plc:64cz5nirzj2ry2yz5aigb7fc err=HttpError('InvalidRequest: Could not find repo: did:plc:64cz5nirzj2ry2yz5aigb7fc')
2026-03-15T11:38:26Z WARNING bsky_collector_v2.job.index_feed_generators: listRecords failed repo=did:plc:66xy3mntgzb7lmabupra6oro err=HttpError('InvalidRequest: Could not find repo: did:plc:66xy3mntgzb7lmabupra6oro')
2026-03-15T11:38:26Z WARNING bsky_collector_v2.job.index_feed_generators: listRecords failed repo=did:plc:66ycalpbwymnrsiqqj5w7qtx err=HttpError('InvalidRequest: Could not find repo: did:plc:66ycalpbwymnrsiqqj5w7qtx')
2026-03-15T11:38:27Z WARNING bsky_collector_v2.job.index_feed_generators: listRecords failed repo=did:plc:6g6724tz6uetka26t37q6gqf err=HttpError('InvalidRequest: Could not find repo: did:plc:6g6724tz6uetka26t37q6gqf')
2026-03-15T11:38:27Z WARNING bsky_collector_v2.job.index_feed_generators: listRecords failed repo=did:plc:6iby5htk5xcwhfzhwy5o4uz6 err=HttpError('InvalidRequest: Could not find repo: did:plc:6iby5htk5xcwhfzhwy5o4uz6')
2026-03-15T11:38:28Z WARNING bsky_collector_v2.job.index_feed_generators: listRecords failed repo=did:plc:6t2qnzdvnspy6tnonx4uagti err=HttpError('InvalidRequest: Could not find repo: did:plc:6t2qnzdvnspy6tnonx4uagti')
2026-03-15T11:38:28Z WARNING bsky_collector_v2.job.index_feed_generators: listRecords failed repo=did:plc:6wxynji2ebzl4ya3njv6adgw err=HttpError('InvalidRequest: Could not find repo: did:plc:6wxynji2ebzl4ya3njv6adgw')
2026-03-15T11:38:28Z WARNING bsky_collector_v2.job.index_feed_generators: listRecords failed repo=did:plc:6yy3iw3relzrqgsnvy7gpabp err=HttpError('InvalidRequest: Could not find repo: did:plc:6yy3iw3relzrqgsnvy7gpabp')
2026-03-15T11:38:28Z WARNING bsky_collector_v2.job.index_feed_generators: listRecords failed repo=did:plc:6zgwpmplxph3xhh2koox6pej err=HttpError('InvalidRequest: Could not find repo: did:plc:6zgwpmplxph3xhh2koox6pej')
2026-03-15T11:38:28Z WARNING bsky_collector_v2.job.index_feed_generators: listRecords failed repo=did:plc:75p3f2ec2vd55eh373sckkm6 err=HttpError('InvalidRequest: Could not find repo: did:plc:75p3f2ec2vd55eh373sckkm6')
2026-03-15T11:38:29Z WARNING bsky_collector_v2.job.index_feed_generators: listRecords failed repo=did:plc:76du6xmfepsil2edp4c3eg2m err=HttpError('InvalidRequest: Could not find repo: did:plc:76du6xmfepsil2edp4c3eg2m')
2026-03-15T11:38:29Z WARNING bsky_collector_v2.job.index_feed_generators: listRecords failed repo=did:plc:77yvugg5y7jsylevnxdxxofi err=HttpError('InvalidRequest: Could not find repo: did:plc:77yvugg5y7jsylevnxdxxofi')
2026-03-15T11:38:29Z WARNING bsky_collector_v2.job.index_feed_generators: listRecords failed repo=did:plc:7ezs4kb27kpv4aotuhwcu5hu err=HttpError('InvalidRequest: Could not find repo: did:plc:7ezs4kb27kpv4aotuhwcu5hu')
2026-03-15T11:38:29Z WARNING bsky_collector_v2.job.index_feed_generators: listRecords failed repo=did:plc:7iv72srid2du2zpsjm3ttps7 err=HttpError('InvalidRequest: Could not find repo: did:plc:7iv72srid2du2zpsjm3ttps7')
2026-03-15T11:38:30Z WARNING bsky_collector_v2.job.index_feed_generators: listRecords failed repo=did:plc:7l5erizwtvngjxqiltgvoxww err=HttpError('InvalidRequest: Could not find repo: did:plc:7l5erizwtvngjxqiltgvoxww')
2026-03-15T11:38:30Z WARNING bsky_collector_v2.job.index_feed_generators: listRecords failed repo=did:plc:7thdzhvnf3njf7jskl4holdq err=HttpError('InvalidRequest: Could not find repo: did:plc:7thdzhvnf3njf7jskl4holdq')
2026-03-15T11:38:30Z WARNING bsky_collector_v2.job.index_feed_generators: listRecords failed repo=did:plc:a4hfur33whre4ol2xjcd7qj7 err=HttpError('InvalidRequest: Could not find repo: did:plc:a4hfur33whre4ol2xjcd7qj7')
2026-03-15T11:38:31Z WARNING bsky_collector_v2.job.index_feed_generators: listRecords failed repo=did:plc:a7fzsujoviwcd7ssanksiqur err=HttpError('InvalidRequest: Could not find repo: did:plc:a7fzsujoviwcd7ssanksiqur')
2026-03-15T11:38:32Z WARNING bsky_collector_v2.job.index_feed_generators: listRecords failed repo=did:plc:ae6vfoe22c43iv4bxydajxg2 err=HttpError('InvalidRequest: Could not find repo: did:plc:ae6vfoe22c43iv4bxydajxg2')
2026-03-15T11:38:32Z WARNING bsky_collector_v2.job.index_feed_generators: listRecords failed repo=did:plc:agbmgtu4bh4kks242l3qrb5k err=HttpError('InvalidRequest: Could not find repo: did:plc:agbmgtu4bh4kks242l3qrb5k')
2026-03-15T11:38:32Z WARNING bsky_collector_v2.job.index_feed_generators: listRecords failed repo=did:plc:ahms7dtvexlvznvl32ovwwmw err=HttpError('InvalidRequest: Could not find repo: did:plc:ahms7dtvexlvznvl32ovwwmw')
2026-03-15T11:38:32Z WARNING bsky_collector_v2.job.index_feed_generators: listRecords failed repo=did:plc:ahshkm745b242nxi5osvangq err=HttpError('InvalidRequest: Could not find repo: did:plc:ahshkm745b242nxi5osvangq')
2026-03-15T11:38:32Z WARNING bsky_collector_v2.job.index_feed_generators: listRecords failed repo=did:plc:alojlxhaa634zfnzhotzwsoq err=HttpError('InvalidRequest: Could not find repo: did:plc:alojlxhaa634zfnzhotzwsoq')
2026-03-15T11:38:32Z WARNING bsky_collector_v2.job.index_feed_generators: listRecords failed repo=did:plc:altp5xol7a6xpta5nekybewu err=HttpError('InvalidRequest: Could not find repo: did:plc:altp5xol7a6xpta5nekybewu')
2026-03-15T11:38:32Z WARNING bsky_collector_v2.job.index_feed_generators: listRecords failed repo=did:plc:alvvob5chbmsk2lrjnoimrtc err=HttpError('InvalidRequest: Could not find repo: did:plc:alvvob5chbmsk2lrjnoimrtc')
2026-03-15T11:38:33Z WARNING bsky_collector_v2.job.index_feed_generators: listRecords failed repo=did:plc:aswiycs2ljpwtekyjtpcbijq err=HttpError('InvalidRequest: Could not find repo: did:plc:aswiycs2ljpwtekyjtpcbijq')
2026-03-15T11:38:33Z WARNING bsky_collector_v2.job.index_feed_generators: listRecords failed repo=did:plc:b2qxd2evomp23hrvtz6bougy err=HttpError('InvalidRequest: Could not find repo: did:plc:b2qxd2evomp23hrvtz6bougy')
2026-03-15T11:38:33Z WARNING bsky_collector_v2.job.index_feed_generators: listRecords failed repo=did:plc:b4myx6enutaamwgyjmra2t7y err=HttpError('InvalidRequest: Could not find repo: did:plc:b4myx6enutaamwgyjmra2t7y')
2026-03-15T11:38:34Z WARNING bsky_collector_v2.job.index_feed_generators: listRecords failed repo=did:plc:bipyldtube5yk5j7xcmokvyk err=HttpError('InvalidRequest: Could not find repo: did:plc:bipyldtube5yk5j7xcmokvyk')
2026-03-15T11:38:34Z WARNING bsky_collector_v2.job.index_feed_generators: listRecords failed repo=did:plc:bkfw2bsu2lyraccs5tp2s7td err=HttpError('InvalidRequest: Could not find repo: did:plc:bkfw2bsu2lyraccs5tp2s7td')
2026-03-15T11:38:35Z WARNING bsky_collector_v2.job.index_feed_generators: listRecords failed repo=did:plc:btp3vgzttj4itlqpbku34q3v err=HttpError('InvalidRequest: Could not find repo: did:plc:btp3vgzttj4itlqpbku34q3v')
2026-03-15T11:38:35Z WARNING bsky_collector_v2.job.index_feed_generators: listRecords failed repo=did:plc:bx3xtuvta4s2keczcydndmk5 err=HttpError('InvalidRequest: Could not find repo: did:plc:bx3xtuvta4s2keczcydndmk5')
2026-03-15T11:38:35Z WARNING bsky_collector_v2.job.index_feed_generators: listRecords failed repo=did:plc:bxeqyz63kemdktmyrgkdqg3u err=HttpError('InvalidRequest: Could not find repo: did:plc:bxeqyz63kemdktmyrgkdqg3u')
2026-03-15T11:38:35Z WARNING bsky_collector_v2.job.index_feed_generators: listRecords failed repo=did:plc:by4b6hfjtw4dxv36esg6qy5s err=HttpError('InvalidRequest: Could not find repo: did:plc:by4b6hfjtw4dxv36esg6qy5s')
2026-03-15T11:38:36Z WARNING bsky_collector_v2.job.index_feed_generators: listRecords failed repo=did:plc:c42vcp36wmn7nwzednl2cbr7 err=HttpError('InvalidRequest: Could not find repo: did:plc:c42vcp36wmn7nwzednl2cbr7')
2026-03-15T11:38:36Z WARNING bsky_collector_v2.job.index_feed_generators: listRecords failed repo=did:plc:c5br5mapypfbc6b3e3phgqfl err=HttpError('InvalidRequest: Could not find repo: did:plc:c5br5mapypfbc6b3e3phgqfl')
2026-03-15T11:38:36Z WARNING bsky_collector_v2.job.index_feed_generators: listRecords failed repo=did:plc:c6iotp7lkxa43scdsgtkaal4 err=HttpError('InvalidRequest: Could not find repo: did:plc:c6iotp7lkxa43scdsgtkaal4')
2026-03-15T11:38:36Z WARNING bsky_collector_v2.job.index_feed_generators: listRecords failed repo=did:plc:c7lgy53ooxm3mumbfacha2ui err=HttpError('InvalidRequest: Could not find repo: did:plc:c7lgy53ooxm3mumbfacha2ui')
2026-03-15T11:38:36Z WARNING bsky_collector_v2.job.index_feed_generators: listRecords failed repo=did:plc:casbqr6eyoul3q6uzk3yzwp3 err=HttpError('InvalidRequest: Could not find repo: did:plc:casbqr6eyoul3q6uzk3yzwp3')
2026-03-15T11:38:36Z WARNING bsky_collector_v2.job.index_feed_generators: listRecords failed repo=did:plc:cayxiibbhrx2fbutewmndtqz err=HttpError('InvalidRequest: Could not find repo: did:plc:cayxiibbhrx2fbutewmndtqz')
2026-03-15T11:38:36Z WARNING bsky_collector_v2.job.index_feed_generators: listRecords failed repo=did:plc:cwqoxihnwt5kvmt7kc5vifoq err=HttpError('InvalidRequest: Could not find repo: did:plc:cwqoxihnwt5kvmt7kc5vifoq')
2026-03-15T11:38:37Z WARNING bsky_collector_v2.job.index_feed_generators: listRecords failed repo=did:plc:d536fzgh5evh6nifdq66r3gi err=HttpError('InvalidRequest: Could not find repo: did:plc:d536fzgh5evh6nifdq66r3gi')
2026-03-15T11:38:38Z WARNING bsky_collector_v2.job.index_feed_generators: listRecords failed repo=did:plc:dogh4nxkk27im4af5h6kg3rg err=HttpError('InvalidRequest: Could not find repo: did:plc:dogh4nxkk27im4af5h6kg3rg')
2026-03-15T11:38:38Z WARNING bsky_collector_v2.job.index_feed_generators: listRecords failed repo=did:plc:drtvb53hpabvvjcz6ratqgnd err=HttpError('InvalidRequest: Could not find repo: did:plc:drtvb53hpabvvjcz6ratqgnd')
2026-03-15T11:38:38Z WARNING bsky_collector_v2.job.index_feed_generators: listRecords failed repo=did:plc:dx6wciyghsvnvjndnlzbsh7i err=HttpError('InvalidRequest: Could not find repo: did:plc:dx6wciyghsvnvjndnlzbsh7i')
2026-03-15T11:38:38Z WARNING bsky_collector_v2.job.index_feed_generators: listRecords failed repo=did:plc:dxzhrf4nr4577q4aclqr7kk4 err=HttpError('InvalidRequest: Could not find repo: did:plc:dxzhrf4nr4577q4aclqr7kk4')
2026-03-15T11:38:38Z WARNING bsky_collector_v2.job.index_feed_generators: listRecords failed repo=did:plc:dzzuya454dv2dhf63oe7krmm err=HttpError('InvalidRequest: Could not find repo: did:plc:dzzuya454dv2dhf63oe7krmm')
2026-03-15T11:38:38Z WARNING bsky_collector_v2.job.index_feed_generators: listRecords failed repo=did:plc:eiewkardlsydkvyfxn4fc2g4 err=HttpError('InvalidRequest: Could not find repo: did:plc:eiewkardlsydkvyfxn4fc2g4')
2026-03-15T11:38:39Z WARNING bsky_collector_v2.job.index_feed_generators: listRecords failed repo=did:plc:ex5dzbzmrcqgf3jjpigz3gun err=HttpError('InvalidRequest: Could not find repo: did:plc:ex5dzbzmrcqgf3jjpigz3gun')
2026-03-15T11:38:41Z WARNING bsky_collector_v2.job.index_feed_generators: listRecords failed repo=did:plc:fh2eyrug32mjz2o46zw6nxnh err=HttpError('InvalidRequest: Could not find repo: did:plc:fh2eyrug32mjz2o46zw6nxnh')
2026-03-15T11:38:41Z WARNING bsky_collector_v2.job.index_feed_generators: listRecords failed repo=did:plc:fi24jlwmswmsfdd7d4xm424s err=HttpError('InvalidRequest: Could not find repo: did:plc:fi24jlwmswmsfdd7d4xm424s')
2026-03-15T11:38:41Z WARNING bsky_collector_v2.job.index_feed_generators: listRecords failed repo=did:plc:fosh6nf6r4fqk32ubkntksep err=HttpError('InvalidRequest: Could not find repo: did:plc:fosh6nf6r4fqk32ubkntksep')
2026-03-15T11:38:41Z WARNING bsky_collector_v2.job.index_feed_generators: listRecords failed repo=did:plc:frubi5dm4h3eopc2iw65x3hc err=HttpError('InvalidRequest: Could not find repo: did:plc:frubi5dm4h3eopc2iw65x3hc')
2026-03-15T11:38:41Z WARNING bsky_collector_v2.job.index_feed_generators: listRecords failed repo=did:plc:gacfeiuzflpkk7nbapxlyhjf err=HttpError('InvalidRequest: Could not find repo: did:plc:gacfeiuzflpkk7nbapxlyhjf')
2026-03-15T11:38:41Z WARNING bsky_collector_v2.job.index_feed_generators: listRecords failed repo=did:plc:gctxotswtu5rimuaklqfw2gm err=HttpError('InvalidRequest: Could not find repo: did:plc:gctxotswtu5rimuaklqfw2gm')
2026-03-15T11:38:42Z WARNING bsky_collector_v2.job.index_feed_generators: listRecords failed repo=did:plc:gfd5hbttgduv43ppe7lznvs6 err=HttpError('InvalidRequest: Could not find repo: did:plc:gfd5hbttgduv43ppe7lznvs6')
2026-03-15T11:38:42Z WARNING bsky_collector_v2.job.index_feed_generators: listRecords failed repo=did:plc:ghdjmgsoh7qyq3z524gua5t2 err=HttpError('InvalidRequest: Could not find repo: did:plc:ghdjmgsoh7qyq3z524gua5t2')
2026-03-15T11:38:42Z WARNING bsky_collector_v2.job.index_feed_generators: listRecords failed repo=did:plc:ghmbteq6aszk4kzctxpqbsg3 err=HttpError('InvalidRequest: Could not find repo: did:plc:ghmbteq6aszk4kzctxpqbsg3')
2026-03-15T11:38:42Z WARNING bsky_collector_v2.job.index_feed_generators: listRecords failed repo=did:plc:gk4izvysd4cizphkuvmiauya err=HttpError('InvalidRequest: Could not find repo: did:plc:gk4izvysd4cizphkuvmiauya')
2026-03-15T11:38:42Z WARNING bsky_collector_v2.job.index_feed_generators: listRecords failed repo=did:plc:gn2hw4zxcr4kepcpzoauaepm err=HttpError('InvalidRequest: Could not find repo: did:plc:gn2hw4zxcr4kepcpzoauaepm')
2026-03-15T11:38:42Z WARNING bsky_collector_v2.job.index_feed_generators: listRecords failed repo=did:plc:gnpa2jojujhlzkxdq3s3fwou err=HttpError('InvalidRequest: Could not find repo: did:plc:gnpa2jojujhlzkxdq3s3fwou')
2026-03-15T11:38:43Z WARNING bsky_collector_v2.job.index_feed_generators: listRecords failed repo=did:plc:h3vwd3iz5ztn2fq43xs62fas err=HttpError('InvalidRequest: Could not find repo: did:plc:h3vwd3iz5ztn2fq43xs62fas')
2026-03-15T11:38:44Z WARNING bsky_collector_v2.job.index_feed_generators: listRecords failed repo=did:plc:hekydenadfvrnbjpb3d2k2j7 err=HttpError('InvalidRequest: Could not find repo: did:plc:hekydenadfvrnbjpb3d2k2j7')
2026-03-15T11:38:44Z WARNING bsky_collector_v2.job.index_feed_generators: listRecords failed repo=did:plc:hnibwhq2ieinof3xuyvch2u7 err=HttpError('InvalidRequest: Could not find repo: did:plc:hnibwhq2ieinof3xuyvch2u7')
2026-03-15T11:38:45Z WARNING bsky_collector_v2.job.index_feed_generators: listRecords failed repo=did:plc:hp55iceqq53qimzkieo37ong err=HttpError('InvalidRequest: Could not find repo: did:plc:hp55iceqq53qimzkieo37ong')
2026-03-15T11:38:45Z WARNING bsky_collector_v2.job.index_feed_generators: listRecords failed repo=did:plc:hqp4y7v7iugez6trt552kpq5 err=HttpError('InvalidRequest: Could not find repo: did:plc:hqp4y7v7iugez6trt552kpq5')
2026-03-15T11:38:45Z WARNING bsky_collector_v2.job.index_feed_generators: listRecords failed repo=did:plc:ht3j4t2itcxxkqqsqdg7qygq err=HttpError('InvalidRequest: Could not find repo: did:plc:ht3j4t2itcxxkqqsqdg7qygq')
2026-03-15T11:38:45Z WARNING bsky_collector_v2.job.index_feed_generators: listRecords failed repo=did:plc:i3zjsjsheltm5j2ipr3vvxar err=HttpError('InvalidRequest: Could not find repo: did:plc:i3zjsjsheltm5j2ipr3vvxar')
2026-03-15T11:38:45Z WARNING bsky_collector_v2.job.index_feed_generators: listRecords failed repo=did:plc:ic5osoxzgiotb2z4t7wjpuff err=HttpError('InvalidRequest: Could not find repo: did:plc:ic5osoxzgiotb2z4t7wjpuff')
2026-03-15T11:38:45Z WARNING bsky_collector_v2.job.index_feed_generators: listRecords failed repo=did:plc:icfyskueyy6ph2vdmgfbtecy err=HttpError('InvalidRequest: Could not find repo: did:plc:icfyskueyy6ph2vdmgfbtecy')
2026-03-15T11:38:45Z WARNING bsky_collector_v2.job.index_feed_generators: listRecords failed repo=did:plc:icm36b44c3z7jpc2llc6zly4 err=HttpError('InvalidRequest: Could not find repo: did:plc:icm36b44c3z7jpc2llc6zly4')
2026-03-15T11:38:46Z WARNING bsky_collector_v2.job.index_feed_generators: listRecords failed repo=did:plc:ikbdanwss4bskxsh6jvhdnqm err=HttpError('InvalidRequest: Could not find repo: did:plc:ikbdanwss4bskxsh6jvhdnqm')
2026-03-15T11:38:46Z WARNING bsky_collector_v2.job.index_feed_generators: listRecords failed repo=did:plc:iocta4crfrfejm7vptkdaer3 err=HttpError('InvalidRequest: Could not find repo: did:plc:iocta4crfrfejm7vptkdaer3')
2026-03-15T11:38:46Z WARNING bsky_collector_v2.job.index_feed_generators: listRecords failed repo=did:plc:iomz6ewqh6l5rkgy3p3kd3od err=HttpError('InvalidRequest: Could not find repo: did:plc:iomz6ewqh6l5rkgy3p3kd3od')
2026-03-15T11:38:47Z WARNING bsky_collector_v2.job.index_feed_generators: listRecords failed repo=did:plc:irzajcerbte4i3qrt6v6s4pz err=HttpError('InvalidRequest: Could not find repo: did:plc:irzajcerbte4i3qrt6v6s4pz')
2026-03-15T11:38:47Z WARNING bsky_collector_v2.job.index_feed_generators: listRecords failed repo=did:plc:ivtepeemrqq3hscabvhrizf2 err=HttpError('InvalidRequest: Could not find repo: did:plc:ivtepeemrqq3hscabvhrizf2')
2026-03-15T11:38:47Z WARNING bsky_collector_v2.job.index_feed_generators: listRecords failed repo=did:plc:izfycvo76cosvn4wy3urioxm err=HttpError('InvalidRequest: Could not find repo: did:plc:izfycvo76cosvn4wy3urioxm')
2026-03-15T11:38:47Z WARNING bsky_collector_v2.job.index_feed_generators: listRecords failed repo=did:plc:izngx3u6jphoyrrzui7qfrdz err=HttpError('InvalidRequest: Could not find repo: did:plc:izngx3u6jphoyrrzui7qfrdz')
2026-03-15T11:38:47Z WARNING bsky_collector_v2.job.index_feed_generators: listRecords failed repo=did:plc:jbpcpyr3ont5dmuvp3y4kimy err=HttpError('InvalidRequest: Could not find repo: did:plc:jbpcpyr3ont5dmuvp3y4kimy')
2026-03-15T11:38:47Z WARNING bsky_collector_v2.job.index_feed_generators: listRecords failed repo=did:plc:jlnlperylfbl7zqkdpvuozrp err=HttpError('InvalidRequest: Could not find repo: did:plc:jlnlperylfbl7zqkdpvuozrp')
2026-03-15T11:38:47Z WARNING bsky_collector_v2.job.index_feed_generators: listRecords failed repo=did:plc:jw4ow2hunb3mexs7eehq2twi err=HttpError('InvalidRequest: Could not find repo: did:plc:jw4ow2hunb3mexs7eehq2twi')
2026-03-15T11:38:47Z WARNING bsky_collector_v2.job.index_feed_generators: listRecords failed repo=did:plc:jwfdhpthxj6d7jt4oumwosxh err=HttpError('InvalidRequest: Could not find repo: did:plc:jwfdhpthxj6d7jt4oumwosxh')
2026-03-15T11:38:48Z WARNING bsky_collector_v2.job.index_feed_generators: listRecords failed repo=did:plc:k4guye7oe6hii2n2fisf5j5l err=HttpError('InvalidRequest: Could not find repo: did:plc:k4guye7oe6hii2n2fisf5j5l')
2026-03-15T11:38:48Z WARNING bsky_collector_v2.job.index_feed_generators: listRecords failed repo=did:plc:kfumravf6uo6vf46qnymascp err=HttpError('InvalidRequest: Could not find repo: did:plc:kfumravf6uo6vf46qnymascp')
2026-03-15T11:38:48Z WARNING bsky_collector_v2.job.index_feed_generators: listRecords failed repo=did:plc:kmdomyo622tpfwehr7o333fo err=HttpError('InvalidRequest: Could not find repo: did:plc:kmdomyo622tpfwehr7o333fo')
2026-03-15T11:38:48Z WARNING bsky_collector_v2.job.index_feed_generators: listRecords failed repo=did:plc:kw5s6rxqp7zlumhnwvxrxbmo err=HttpError('InvalidRequest: Could not find repo: did:plc:kw5s6rxqp7zlumhnwvxrxbmo')
2026-03-15T11:38:48Z WARNING bsky_collector_v2.job.index_feed_generators: listRecords failed repo=did:plc:kycuspig7wl26c5wbwqde2px err=HttpError('InvalidRequest: Could not find repo: did:plc:kycuspig7wl26c5wbwqde2px')
2026-03-15T11:38:49Z WARNING bsky_collector_v2.job.index_feed_generators: listRecords failed repo=did:plc:lj3qf5pdrb72haxii66bblu4 err=HttpError('InvalidRequest: Could not find repo: did:plc:lj3qf5pdrb72haxii66bblu4')
2026-03-15T11:38:49Z WARNING bsky_collector_v2.job.index_feed_generators: listRecords failed repo=did:plc:lmayvu7kodkdpibrsevs5fve err=HttpError('InvalidRequest: Could not find repo: did:plc:lmayvu7kodkdpibrsevs5fve')
2026-03-15T11:38:49Z WARNING bsky_collector_v2.job.index_feed_generators: listRecords failed repo=did:plc:lmwaghei5osiolbqaevd2lxl err=HttpError('InvalidRequest: Could not find repo: did:plc:lmwaghei5osiolbqaevd2lxl')
2026-03-15T11:38:49Z WARNING bsky_collector_v2.job.index_feed_generators: listRecords failed repo=did:plc:lpnweeuso5mfio5fua4re6tk err=HttpError('InvalidRequest: Could not find repo: did:plc:lpnweeuso5mfio5fua4re6tk')
2026-03-15T11:38:49Z WARNING bsky_collector_v2.job.index_feed_generators: listRecords failed repo=did:plc:lpubmk2btxhcc6shs7i35p5e err=HttpError('InvalidRequest: Could not find repo: did:plc:lpubmk2btxhcc6shs7i35p5e')
2026-03-15T11:38:49Z WARNING bsky_collector_v2.job.index_feed_generators: listRecords failed repo=did:plc:lqi554hkwtynuoajcrepalfu err=HttpError('InvalidRequest: Could not find repo: did:plc:lqi554hkwtynuoajcrepalfu')
2026-03-15T11:38:49Z WARNING bsky_collector_v2.job.index_feed_generators: listRecords failed repo=did:plc:lqlixmbvikzkgokmy5alnskl err=HttpError('InvalidRequest: Could not find repo: did:plc:lqlixmbvikzkgokmy5alnskl')
2026-03-15T11:38:49Z WARNING bsky_collector_v2.job.index_feed_generators: listRecords failed repo=did:plc:lroa4nycyosg6cyuqfmaqnpz err=HttpError('InvalidRequest: Could not find repo: did:plc:lroa4nycyosg6cyuqfmaqnpz')
2026-03-15T11:38:49Z WARNING bsky_collector_v2.job.index_feed_generators: listRecords failed repo=did:plc:lwmsc2xutohxugtnsq5my4oq err=HttpError('InvalidRequest: Could not find repo: did:plc:lwmsc2xutohxugtnsq5my4oq')
2026-03-15T11:38:49Z WARNING bsky_collector_v2.job.index_feed_generators: listRecords failed repo=did:plc:m2camqpoo63m6yicuclfyrik err=HttpError('InvalidRequest: Could not find repo: did:plc:m2camqpoo63m6yicuclfyrik')
2026-03-15T11:38:51Z WARNING bsky_collector_v2.job.index_feed_generators: listRecords failed repo=did:plc:mngtoc3nfel362auudm2kmsa err=HttpError('InvalidRequest: Could not find repo: did:plc:mngtoc3nfel362auudm2kmsa')
2026-03-15T11:38:51Z WARNING bsky_collector_v2.job.index_feed_generators: listRecords failed repo=did:plc:mrra3na2h2gwpncpz5yzeydv err=HttpError('InvalidRequest: Could not find repo: did:plc:mrra3na2h2gwpncpz5yzeydv')
2026-03-15T11:38:51Z WARNING bsky_collector_v2.job.index_feed_generators: listRecords failed repo=did:plc:mrv43z6ns465nmqefsgu25ac err=HttpError('InvalidRequest: Could not find repo: did:plc:mrv43z6ns465nmqefsgu25ac')
2026-03-15T11:38:52Z WARNING bsky_collector_v2.job.index_feed_generators: listRecords failed repo=did:plc:mtsbudi6q633zaaxpchfhwv2 err=HttpError('InvalidRequest: Could not find repo: did:plc:mtsbudi6q633zaaxpchfhwv2')
2026-03-15T11:38:52Z WARNING bsky_collector_v2.job.index_feed_generators: listRecords failed repo=did:plc:mvhz7zgj3kqmp3xwlteadxk7 err=HttpError('InvalidRequest: Could not find repo: did:plc:mvhz7zgj3kqmp3xwlteadxk7')
2026-03-15T11:38:52Z WARNING bsky_collector_v2.job.index_feed_generators: listRecords failed repo=did:plc:mxekfbw5e5mahlhp7hp5skfn err=HttpError('InvalidRequest: Could not find repo: did:plc:mxekfbw5e5mahlhp7hp5skfn')
2026-03-15T11:38:52Z WARNING bsky_collector_v2.job.index_feed_generators: listRecords failed repo=did:plc:mydpe5c3tcikrt2ytzn3s6vw err=HttpError('InvalidRequest: Could not find repo: did:plc:mydpe5c3tcikrt2ytzn3s6vw')
2026-03-15T11:38:52Z WARNING bsky_collector_v2.job.index_feed_generators: listRecords failed repo=did:plc:n5fkzw467czkaifs54rlecgx err=HttpError('InvalidRequest: Could not find repo: did:plc:n5fkzw467czkaifs54rlecgx')
2026-03-15T11:38:52Z WARNING bsky_collector_v2.job.index_feed_generators: listRecords failed repo=did:plc:nbdm2fl5tdbbynxe77o22rh6 err=HttpError('InvalidRequest: Could not find repo: did:plc:nbdm2fl5tdbbynxe77o22rh6')
2026-03-15T11:38:52Z WARNING bsky_collector_v2.job.index_feed_generators: listRecords failed repo=did:plc:niwed5dzqepzzoqo6tk3o5i3 err=HttpError('InvalidRequest: Could not find repo: did:plc:niwed5dzqepzzoqo6tk3o5i3')
2026-03-15T11:38:52Z WARNING bsky_collector_v2.job.index_feed_generators: listRecords failed repo=did:plc:nj2rg7kkwlm6pd5grkhek2rg err=HttpError('InvalidRequest: Could not find repo: did:plc:nj2rg7kkwlm6pd5grkhek2rg')
2026-03-15T11:38:52Z WARNING bsky_collector_v2.job.index_feed_generators: listRecords failed repo=did:plc:njqhmfc36tspyle6z5sy6zl4 err=HttpError('InvalidRequest: Could not find repo: did:plc:njqhmfc36tspyle6z5sy6zl4')
2026-03-15T11:38:53Z WARNING bsky_collector_v2.job.index_feed_generators: listRecords failed repo=did:plc:nove7y543xaskgnjw56b3gbt err=HttpError('InvalidRequest: Could not find repo: did:plc:nove7y543xaskgnjw56b3gbt')
2026-03-15T11:38:53Z WARNING bsky_collector_v2.job.index_feed_generators: listRecords failed repo=did:plc:nvsftuokwwouwjmttk3ugadq err=HttpError('InvalidRequest: Could not find repo: did:plc:nvsftuokwwouwjmttk3ugadq')
2026-03-15T11:38:53Z WARNING bsky_collector_v2.job.index_feed_generators: listRecords failed repo=did:plc:nxzpinlzy65r6jhct2lkoqua err=HttpError('InvalidRequest: Could not find repo: did:plc:nxzpinlzy65r6jhct2lkoqua')
2026-03-15T11:38:53Z WARNING bsky_collector_v2.job.index_feed_generators: listRecords failed repo=did:plc:o3ihpyksron7ygtne5bjsm5f err=HttpError('InvalidRequest: Could not find repo: did:plc:o3ihpyksron7ygtne5bjsm5f')
2026-03-15T11:38:53Z WARNING bsky_collector_v2.job.index_feed_generators: listRecords failed repo=did:plc:o54jqzquyn4hadubxai3r7oy err=HttpError('InvalidRequest: Could not find repo: did:plc:o54jqzquyn4hadubxai3r7oy')
2026-03-15T11:38:53Z WARNING bsky_collector_v2.job.index_feed_generators: listRecords failed repo=did:plc:o5nutwehybksd63qygh76iay err=HttpError('InvalidRequest: Could not find repo: did:plc:o5nutwehybksd63qygh76iay')
2026-03-15T11:38:54Z WARNING bsky_collector_v2.job.index_feed_generators: listRecords failed repo=did:plc:oa6pt6nn3g5sujpoc6xlhlaq err=HttpError('InvalidRequest: Could not find repo: did:plc:oa6pt6nn3g5sujpoc6xlhlaq')
2026-03-15T11:38:54Z WARNING bsky_collector_v2.job.index_feed_generators: listRecords failed repo=did:plc:on35npyyi775ei3joet3kdu2 err=HttpError('InvalidRequest: Could not find repo: did:plc:on35npyyi775ei3joet3kdu2')
2026-03-15T11:38:54Z WARNING bsky_collector_v2.job.index_feed_generators: listRecords failed repo=did:plc:opiayk4lj4fuxnzgpk7ffejq err=HttpError('InvalidRequest: Could not find repo: did:plc:opiayk4lj4fuxnzgpk7ffejq')
2026-03-15T11:38:55Z WARNING bsky_collector_v2.job.index_feed_generators: listRecords failed repo=did:plc:ovut6hvmb3qmz6i3mrmtzli6 err=HttpError('InvalidRequest: Could not find repo: did:plc:ovut6hvmb3qmz6i3mrmtzli6')
2026-03-15T11:38:55Z WARNING bsky_collector_v2.job.index_feed_generators: listRecords failed repo=did:plc:ozebjyoaykaksptr62nlyfll err=HttpError('InvalidRequest: Could not find repo: did:plc:ozebjyoaykaksptr62nlyfll')
2026-03-15T11:38:55Z WARNING bsky_collector_v2.job.index_feed_generators: listRecords failed repo=did:plc:pav244btopbja3vgxg2d2k2y err=HttpError('InvalidRequest: Could not find repo: did:plc:pav244btopbja3vgxg2d2k2y')
2026-03-15T11:38:56Z WARNING bsky_collector_v2.job.index_feed_generators: listRecords failed repo=did:plc:pjp7idzhjtrwyjxdnmckpw7f err=HttpError('InvalidRequest: Could not find repo: did:plc:pjp7idzhjtrwyjxdnmckpw7f')
2026-03-15T11:38:56Z WARNING bsky_collector_v2.job.index_feed_generators: listRecords failed repo=did:plc:pju5bfz5sqrocu527xlpbsad err=HttpError('InvalidRequest: Could not find repo: did:plc:pju5bfz5sqrocu527xlpbsad')
2026-03-15T11:38:57Z WARNING bsky_collector_v2.job.index_feed_generators: listRecords failed repo=did:plc:prxghuq3lpqzxq4it45sa4c2 err=HttpError('InvalidRequest: Could not find repo: did:plc:prxghuq3lpqzxq4it45sa4c2')
2026-03-15T11:38:57Z WARNING bsky_collector_v2.job.index_feed_generators: listRecords failed repo=did:plc:ps6vqkiftcpo3xibju22xrtu err=HttpError('InvalidRequest: Could not find repo: did:plc:ps6vqkiftcpo3xibju22xrtu')
2026-03-15T11:38:57Z WARNING bsky_collector_v2.job.index_feed_generators: listRecords failed repo=did:plc:qafjixw34hpk36ipf3624tu6 err=HttpError('InvalidRequest: Could not find repo: did:plc:qafjixw34hpk36ipf3624tu6')
2026-03-15T11:38:57Z WARNING bsky_collector_v2.job.index_feed_generators: listRecords failed repo=did:plc:qc75nhkb5el6nhy4huosj5qw err=HttpError('InvalidRequest: Could not find repo: did:plc:qc75nhkb5el6nhy4huosj5qw')
2026-03-15T11:38:57Z WARNING bsky_collector_v2.job.index_feed_generators: listRecords failed repo=did:plc:qougdigf5hdvb3p2qdwgswzk err=HttpError('InvalidRequest: Could not find repo: did:plc:qougdigf5hdvb3p2qdwgswzk')
2026-03-15T11:38:58Z WARNING bsky_collector_v2.job.index_feed_generators: listRecords failed repo=did:plc:qqh556gnszxp26w2d4curuvm err=HttpError('InvalidRequest: Could not find repo: did:plc:qqh556gnszxp26w2d4curuvm')
2026-03-15T11:38:58Z WARNING bsky_collector_v2.job.index_feed_generators: listRecords failed repo=did:plc:qv262zlfrdvjueyw7kxkuf6u err=HttpError('InvalidRequest: Could not find repo: did:plc:qv262zlfrdvjueyw7kxkuf6u')
2026-03-15T11:38:58Z WARNING bsky_collector_v2.job.index_feed_generators: listRecords failed repo=did:plc:qvtwurlxh77iz4i2vyscysia err=HttpError('InvalidRequest: Could not find repo: did:plc:qvtwurlxh77iz4i2vyscysia')
2026-03-15T11:38:59Z WARNING bsky_collector_v2.job.index_feed_generators: listRecords failed repo=did:plc:qzel44tpadskg645am3wqti6 err=HttpError('InvalidRequest: Could not find repo: did:plc:qzel44tpadskg645am3wqti6')
2026-03-15T11:38:59Z WARNING bsky_collector_v2.job.index_feed_generators: listRecords failed repo=did:plc:raktnmfgn4kzq37edg3wxuzu err=HttpError('InvalidRequest: Could not find repo: did:plc:raktnmfgn4kzq37edg3wxuzu')
2026-03-15T11:39:00Z WARNING bsky_collector_v2.job.index_feed_generators: listRecords failed repo=did:plc:rcwx5vlxsb2kpjvmejvs7f6b err=HttpError('InvalidRequest: Could not find repo: did:plc:rcwx5vlxsb2kpjvmejvs7f6b')
2026-03-15T11:39:01Z WARNING bsky_collector_v2.job.index_feed_generators: listRecords failed repo=did:plc:rt3xkkorw6cp6mfmsxb5z5ml err=HttpError('InvalidRequest: Could not find repo: did:plc:rt3xkkorw6cp6mfmsxb5z5ml')
2026-03-15T11:39:01Z WARNING bsky_collector_v2.job.index_feed_generators: listRecords failed repo=did:plc:rtm6q5i6pqpuuqhz2fxitryd err=HttpError('InvalidRequest: Could not find repo: did:plc:rtm6q5i6pqpuuqhz2fxitryd')
2026-03-15T11:39:02Z WARNING bsky_collector_v2.job.index_feed_generators: listRecords failed repo=did:plc:s3hurvh7mhhhpvhkspk77yu2 err=HttpError('InvalidRequest: Could not find repo: did:plc:s3hurvh7mhhhpvhkspk77yu2')
2026-03-15T11:39:02Z WARNING bsky_collector_v2.job.index_feed_generators: listRecords failed repo=did:plc:s3zgdb5wjbdg3w64de6qm4ct err=HttpError('InvalidRequest: Could not find repo: did:plc:s3zgdb5wjbdg3w64de6qm4ct')
2026-03-15T11:39:02Z WARNING bsky_collector_v2.job.index_feed_generators: listRecords failed repo=did:plc:sfoncz3txf6v2yfurplfjtny err=HttpError('InvalidRequest: Could not find repo: did:plc:sfoncz3txf6v2yfurplfjtny')
2026-03-15T11:39:02Z WARNING bsky_collector_v2.job.index_feed_generators: listRecords failed repo=did:plc:skxg4dqjxiypoz3a5x2dhw4l err=HttpError('InvalidRequest: Could not find repo: did:plc:skxg4dqjxiypoz3a5x2dhw4l')
2026-03-15T11:39:02Z WARNING bsky_collector_v2.job.index_feed_generators: listRecords failed repo=did:plc:sqgngjatguc6eh5nfpf4k7q6 err=HttpError('InvalidRequest: Could not find repo: did:plc:sqgngjatguc6eh5nfpf4k7q6')
2026-03-15T11:39:02Z WARNING bsky_collector_v2.job.index_feed_generators: listRecords failed repo=did:plc:srkwnn5wzjfqrbam3p4kboyg err=HttpError('InvalidRequest: Could not find repo: did:plc:srkwnn5wzjfqrbam3p4kboyg')
2026-03-15T11:39:03Z WARNING bsky_collector_v2.job.index_feed_generators: listRecords failed repo=did:plc:svqedy4prcbnfhp3j2b52v2v err=HttpError('InvalidRequest: Could not find repo: did:plc:svqedy4prcbnfhp3j2b52v2v')
2026-03-15T11:39:03Z WARNING bsky_collector_v2.job.index_feed_generators: listRecords failed repo=did:plc:t75at4gqyjaxcu5nloil6qne err=HttpError('InvalidRequest: Could not find repo: did:plc:t75at4gqyjaxcu5nloil6qne')
2026-03-15T11:39:03Z WARNING bsky_collector_v2.job.index_feed_generators: listRecords failed repo=did:plc:tc4irchsxa4rlz4w2isy7xgf err=HttpError('InvalidRequest: Could not find repo: did:plc:tc4irchsxa4rlz4w2isy7xgf')
2026-03-15T11:39:03Z WARNING bsky_collector_v2.job.index_feed_generators: listRecords failed repo=did:plc:tc6lm6e4bao5zkqdrepy6m7x err=HttpError('InvalidRequest: Could not find repo: did:plc:tc6lm6e4bao5zkqdrepy6m7x')
2026-03-15T11:39:03Z WARNING bsky_collector_v2.job.index_feed_generators: listRecords failed repo=did:plc:tcxjo46mitxva3utg4sahyrg err=HttpError('InvalidRequest: Could not find repo: did:plc:tcxjo46mitxva3utg4sahyrg')
2026-03-15T11:39:04Z WARNING bsky_collector_v2.job.index_feed_generators: listRecords failed repo=did:plc:tmj3hindwwhazikysb4cu6er err=HttpError('InvalidRequest: Could not find repo: did:plc:tmj3hindwwhazikysb4cu6er')
2026-03-15T11:39:04Z WARNING bsky_collector_v2.job.index_feed_generators: listRecords failed repo=did:plc:tncutyqhenjdgfgtjqwghwgh err=HttpError('InvalidRequest: Could not find repo: did:plc:tncutyqhenjdgfgtjqwghwgh')
2026-03-15T11:39:04Z WARNING bsky_collector_v2.job.index_feed_generators: listRecords failed repo=did:plc:trjnouyt5tbncseufie5btuz err=HttpError('InvalidRequest: Could not find repo: did:plc:trjnouyt5tbncseufie5btuz')
2026-03-15T11:39:04Z WARNING bsky_collector_v2.job.index_feed_generators: listRecords failed repo=did:plc:tzg6ea5rjcnpykdjfcufx2ch err=HttpError('InvalidRequest: Could not find repo: did:plc:tzg6ea5rjcnpykdjfcufx2ch')
2026-03-15T11:39:04Z WARNING bsky_collector_v2.job.index_feed_generators: listRecords failed repo=did:plc:u2kdre3bbzyci4eo3nirktuw err=HttpError('InvalidRequest: Could not find repo: did:plc:u2kdre3bbzyci4eo3nirktuw')
2026-03-15T11:39:05Z WARNING bsky_collector_v2.job.index_feed_generators: listRecords failed repo=did:plc:uc7itqnr7uihuekorvjekn4s err=HttpError('InvalidRequest: Could not find repo: did:plc:uc7itqnr7uihuekorvjekn4s')
2026-03-15T11:39:05Z WARNING bsky_collector_v2.job.index_feed_generators: listRecords failed repo=did:plc:ulgyx5aehox7wurtobpu7367 err=HttpError('InvalidRequest: Could not find repo: did:plc:ulgyx5aehox7wurtobpu7367')
2026-03-15T11:39:05Z WARNING bsky_collector_v2.job.index_feed_generators: listRecords failed repo=did:plc:uo6islpmpipho6js7bx4gvxl err=HttpError('InvalidRequest: Could not find repo: did:plc:uo6islpmpipho6js7bx4gvxl')
2026-03-15T11:39:05Z WARNING bsky_collector_v2.job.index_feed_generators: listRecords failed repo=did:plc:uvpvdcexmzi7mjji3m3unr46 err=HttpError('InvalidRequest: Could not find repo: did:plc:uvpvdcexmzi7mjji3m3unr46')
2026-03-15T11:39:05Z WARNING bsky_collector_v2.job.index_feed_generators: listRecords failed repo=did:plc:uww5ofe2ozyancoagxu53kv7 err=HttpError('InvalidRequest: Could not find repo: did:plc:uww5ofe2ozyancoagxu53kv7')
2026-03-15T11:39:05Z WARNING bsky_collector_v2.job.index_feed_generators: listRecords failed repo=did:plc:uz4c46yuxeyijm4hv4vixuk4 err=HttpError('InvalidRequest: Could not find repo: did:plc:uz4c46yuxeyijm4hv4vixuk4')
2026-03-15T11:39:06Z WARNING bsky_collector_v2.job.index_feed_generators: listRecords failed repo=did:plc:vadsmyi4qsld4wnlzh6735jv err=HttpError('InvalidRequest: Could not find repo: did:plc:vadsmyi4qsld4wnlzh6735jv')
2026-03-15T11:39:06Z WARNING bsky_collector_v2.job.index_feed_generators: listRecords failed repo=did:plc:vbnilslt25zc65pnjv7m5q6m err=HttpError('InvalidRequest: Could not find repo: did:plc:vbnilslt25zc65pnjv7m5q6m')
2026-03-15T11:39:06Z WARNING bsky_collector_v2.job.index_feed_generators: listRecords failed repo=did:plc:vd54mdm72bb72stxv62ly3ub err=HttpError('InvalidRequest: Could not find repo: did:plc:vd54mdm72bb72stxv62ly3ub')
2026-03-15T11:39:06Z WARNING bsky_collector_v2.job.index_feed_generators: listRecords failed repo=did:plc:veqrkhssucfcqnqqedlsw4nk err=HttpError('InvalidRequest: Could not find repo: did:plc:veqrkhssucfcqnqqedlsw4nk')
2026-03-15T11:39:06Z WARNING bsky_collector_v2.job.index_feed_generators: listRecords failed repo=did:plc:vkngkfbrfofjmnbsqqipileo err=HttpError('InvalidRequest: Could not find repo: did:plc:vkngkfbrfofjmnbsqqipileo')
2026-03-15T11:39:06Z WARNING bsky_collector_v2.job.index_feed_generators: listRecords failed repo=did:plc:vp2bweo4xrnz7wgncmibowme err=HttpError('InvalidRequest: Could not find repo: did:plc:vp2bweo4xrnz7wgncmibowme')
2026-03-15T11:39:07Z WARNING bsky_collector_v2.job.index_feed_generators: listRecords failed repo=did:plc:vthyljmx6fs6d3bkcqmk3u6y err=HttpError('InvalidRequest: Could not find repo: did:plc:vthyljmx6fs6d3bkcqmk3u6y')
2026-03-15T11:39:07Z WARNING bsky_collector_v2.job.index_feed_generators: listRecords failed repo=did:plc:vzgyizvo3stcairbdpyhvcfk err=HttpError('InvalidRequest: Could not find repo: did:plc:vzgyizvo3stcairbdpyhvcfk')
2026-03-15T11:39:07Z WARNING bsky_collector_v2.job.index_feed_generators: listRecords failed repo=did:plc:vzmv6ogt5l4rvj6gifqulhty err=HttpError('InvalidRequest: Could not find repo: did:plc:vzmv6ogt5l4rvj6gifqulhty')
2026-03-15T11:39:07Z WARNING bsky_collector_v2.job.index_feed_generators: listRecords failed repo=did:plc:w65unt7gpcowehkb26ggubwi err=HttpError('InvalidRequest: Could not find repo: did:plc:w65unt7gpcowehkb26ggubwi')
2026-03-15T11:39:07Z WARNING bsky_collector_v2.job.index_feed_generators: listRecords failed repo=did:plc:w7kkadojfl5nfim5bknu6pzl err=HttpError('InvalidRequest: Could not find repo: did:plc:w7kkadojfl5nfim5bknu6pzl')
2026-03-15T11:39:07Z WARNING bsky_collector_v2.job.index_feed_generators: listRecords failed repo=did:plc:wchbu2icaqcrul7ai5ulg2fq err=HttpError('InvalidRequest: Could not find repo: did:plc:wchbu2icaqcrul7ai5ulg2fq')
2026-03-15T11:39:07Z WARNING bsky_collector_v2.job.index_feed_generators: listRecords failed repo=did:plc:wcj56gxcwdywvrcaskbbbg4n err=HttpError('InvalidRequest: Could not find repo: did:plc:wcj56gxcwdywvrcaskbbbg4n')
2026-03-15T11:39:07Z WARNING bsky_collector_v2.job.index_feed_generators: listRecords failed repo=did:plc:wgy7dcxnwffmz7nidpsknyc3 err=HttpError('InvalidRequest: Could not find repo: did:plc:wgy7dcxnwffmz7nidpsknyc3')
2026-03-15T11:39:08Z WARNING bsky_collector_v2.job.index_feed_generators: listRecords failed repo=did:plc:wlykbhkn347wb33ns2d4npzw err=HttpError('InvalidRequest: Could not find repo: did:plc:wlykbhkn347wb33ns2d4npzw')
2026-03-15T11:39:09Z WARNING bsky_collector_v2.job.index_feed_generators: listRecords failed repo=did:plc:wucla56wzpjut2f5mbbymyyl err=HttpError('InvalidRequest: Could not find repo: did:plc:wucla56wzpjut2f5mbbymyyl')
2026-03-15T11:39:09Z WARNING bsky_collector_v2.job.index_feed_generators: listRecords failed repo=did:plc:x4a5aqgjtdvxtrlspe5cu6td err=HttpError('InvalidRequest: Could not find repo: did:plc:x4a5aqgjtdvxtrlspe5cu6td')
2026-03-15T11:39:09Z WARNING bsky_collector_v2.job.index_feed_generators: listRecords failed repo=did:plc:x4ax6jh2a25sznw5ykwr3fh3 err=HttpError('InvalidRequest: Could not find repo: did:plc:x4ax6jh2a25sznw5ykwr3fh3')
2026-03-15T11:39:10Z WARNING bsky_collector_v2.job.index_feed_generators: listRecords failed repo=did:plc:xabuymq25jpufuto2i6a6med err=HttpError('InvalidRequest: Could not find repo: did:plc:xabuymq25jpufuto2i6a6med')
2026-03-15T11:39:10Z WARNING bsky_collector_v2.job.index_feed_generators: listRecords failed repo=did:plc:xb2wam2rphdg2jofxehvizfs err=HttpError('InvalidRequest: Could not find repo: did:plc:xb2wam2rphdg2jofxehvizfs')
2026-03-15T11:39:10Z WARNING bsky_collector_v2.job.index_feed_generators: listRecords failed repo=did:plc:xdz4tkmtx2pjsovv3r2slgzq err=HttpError('InvalidRequest: Could not find repo: did:plc:xdz4tkmtx2pjsovv3r2slgzq')
2026-03-15T11:39:10Z WARNING bsky_collector_v2.job.index_feed_generators: listRecords failed repo=did:plc:xgvg2vsf3k5kcwiziwfm2yl2 err=HttpError('InvalidRequest: Could not find repo: did:plc:xgvg2vsf3k5kcwiziwfm2yl2')
2026-03-15T11:39:10Z WARNING bsky_collector_v2.job.index_feed_generators: listRecords failed repo=did:plc:xhk6uglvr7feb5dhs47ewp3z err=HttpError('InvalidRequest: Could not find repo: did:plc:xhk6uglvr7feb5dhs47ewp3z')
2026-03-15T11:39:10Z WARNING bsky_collector_v2.job.index_feed_generators: listRecords failed repo=did:plc:xknombi464sm7b4snmpsxkjg err=HttpError('InvalidRequest: Could not find repo: did:plc:xknombi464sm7b4snmpsxkjg')
2026-03-15T11:39:10Z WARNING bsky_collector_v2.job.index_feed_generators: listRecords failed repo=did:plc:xqy3sufzonrg22bgxrikucxb err=HttpError('InvalidRequest: Could not find repo: did:plc:xqy3sufzonrg22bgxrikucxb')
2026-03-15T11:39:11Z WARNING bsky_collector_v2.job.index_feed_generators: listRecords failed repo=did:plc:xww4to4o6a2zlmlrdp3moxxe err=HttpError('InvalidRequest: Could not find repo: did:plc:xww4to4o6a2zlmlrdp3moxxe')
2026-03-15T11:39:11Z WARNING bsky_collector_v2.job.index_feed_generators: listRecords failed repo=did:plc:xzasge3p2daqiucljc7qiryt err=HttpError('InvalidRequest: Could not find repo: did:plc:xzasge3p2daqiucljc7qiryt')
2026-03-15T11:39:11Z WARNING bsky_collector_v2.job.index_feed_generators: listRecords failed repo=did:plc:y4lznou2zhxqrhmjxybzjvxu err=HttpError('InvalidRequest: Could not find repo: did:plc:y4lznou2zhxqrhmjxybzjvxu')
2026-03-15T11:39:11Z WARNING bsky_collector_v2.job.index_feed_generators: listRecords failed repo=did:plc:yamff7bzrd72twfxc3adrevo err=HttpError('InvalidRequest: Could not find repo: did:plc:yamff7bzrd72twfxc3adrevo')
2026-03-15T11:39:11Z WARNING bsky_collector_v2.job.index_feed_generators: listRecords failed repo=did:plc:ycxyfp2kqj67ijv4ff7no7sg err=HttpError('InvalidRequest: Could not find repo: did:plc:ycxyfp2kqj67ijv4ff7no7sg')
2026-03-15T11:39:11Z WARNING bsky_collector_v2.job.index_feed_generators: listRecords failed repo=did:plc:yekd4id2mk5pie76zpgzyli2 err=HttpError('InvalidRequest: Could not find repo: did:plc:yekd4id2mk5pie76zpgzyli2')
2026-03-15T11:39:11Z WARNING bsky_collector_v2.job.index_feed_generators: listRecords failed repo=did:plc:ygbsrwctgobta6ocuuaxog4y err=HttpError('InvalidRequest: Could not find repo: did:plc:ygbsrwctgobta6ocuuaxog4y')
2026-03-15T11:39:12Z WARNING bsky_collector_v2.job.index_feed_generators: listRecords failed repo=did:plc:yjsowp7vo7vds73j4g5476ba err=HttpError('InvalidRequest: Could not find repo: did:plc:yjsowp7vo7vds73j4g5476ba')
2026-03-15T11:39:12Z WARNING bsky_collector_v2.job.index_feed_generators: listRecords failed repo=did:plc:yvn22rhgfsrpd3wxsqc63rsn err=HttpError('InvalidRequest: Could not find repo: did:plc:yvn22rhgfsrpd3wxsqc63rsn')
2026-03-15T11:39:12Z WARNING bsky_collector_v2.job.index_feed_generators: listRecords failed repo=did:plc:ywxpdnodxamr7zzyddtwpc7p err=HttpError('InvalidRequest: Could not find repo: did:plc:ywxpdnodxamr7zzyddtwpc7p')
2026-03-15T11:39:12Z WARNING bsky_collector_v2.job.index_feed_generators: listRecords failed repo=did:plc:yyyjpr334bn5geiznnxq76so err=HttpError('InvalidRequest: Could not find repo: did:plc:yyyjpr334bn5geiznnxq76so')
2026-03-15T11:39:13Z WARNING bsky_collector_v2.job.index_feed_generators: listRecords failed repo=did:plc:z3apat5gjrvkp6axh56koaf4 err=HttpError('InvalidRequest: Could not find repo: did:plc:z3apat5gjrvkp6axh56koaf4')
2026-03-15T11:39:13Z WARNING bsky_collector_v2.job.index_feed_generators: listRecords failed repo=did:plc:zjnquwqzwcslacilbxr54bli err=HttpError('InvalidRequest: Could not find repo: did:plc:zjnquwqzwcslacilbxr54bli')
2026-03-15T11:39:13Z WARNING bsky_collector_v2.job.index_feed_generators: listRecords failed repo=did:plc:zqyjpdie4jru5nib63r2fg2x err=HttpError('InvalidRequest: Could not find repo: did:plc:zqyjpdie4jru5nib63r2fg2x')
2026-03-15T11:39:14Z WARNING bsky_collector_v2.job.index_feed_generators: listRecords failed repo=did:plc:zyx4cxgtnayozzjkz24quufd err=HttpError('InvalidRequest: Could not find repo: did:plc:zyx4cxgtnayozzjkz24quufd')
2026-03-15T11:39:14Z WARNING bsky_collector_v2.job.index_feed_generators: listRecords failed repo=did:plc:zznvelnbfketc2a5jv7hj4ir err=HttpError('InvalidRequest: Could not find repo: did:plc:zznvelnbfketc2a5jv7hj4ir')
2026-03-15T11:39:14Z WARNING bsky_collector_v2.job.index_feed_generators: listRecords failed repo=did:plc:22cd3bgskd7i6acmjdax2qfq err=HttpError('InvalidRequest: Could not find repo: did:plc:22cd3bgskd7i6acmjdax2qfq')
2026-03-15T11:39:14Z WARNING bsky_collector_v2.job.index_feed_generators: listRecords failed repo=did:plc:25idueqtxhcgysi2jmcqowud err=HttpError('InvalidRequest: Could not find repo: did:plc:25idueqtxhcgysi2jmcqowud')
2026-03-15T11:39:14Z WARNING bsky_collector_v2.job.index_feed_generators: listRecords failed repo=did:plc:26fa25shmyimzol7v7h6dcsj err=HttpError('InvalidRequest: Could not find repo: did:plc:26fa25shmyimzol7v7h6dcsj')
2026-03-15T11:39:14Z WARNING bsky_collector_v2.job.index_feed_generators: listRecords failed repo=did:plc:2aoxdkhsv34bwh7eqtgile3b err=HttpError('InvalidRequest: Could not find repo: did:plc:2aoxdkhsv34bwh7eqtgile3b')
2026-03-15T11:39:14Z WARNING bsky_collector_v2.job.index_feed_generators: listRecords failed repo=did:plc:2b4nagri2dsxowuvomaam5j5 err=HttpError('InvalidRequest: Could not find repo: did:plc:2b4nagri2dsxowuvomaam5j5')
2026-03-15T11:39:14Z WARNING bsky_collector_v2.job.index_feed_generators: listRecords failed repo=did:plc:2jnxumqdstyan2lxmd2g2r4l err=HttpError('InvalidRequest: Could not find repo: did:plc:2jnxumqdstyan2lxmd2g2r4l')
2026-03-15T11:39:14Z WARNING bsky_collector_v2.job.index_feed_generators: listRecords failed repo=did:plc:2oceieyrkw6euogh5cft26l5 err=HttpError('InvalidRequest: Could not find repo: did:plc:2oceieyrkw6euogh5cft26l5')
2026-03-15T11:39:14Z WARNING bsky_collector_v2.job.index_feed_generators: listRecords failed repo=did:plc:2ogrzx4y4yvidqwdyaq3pj42 err=HttpError('InvalidRequest: Could not find repo: did:plc:2ogrzx4y4yvidqwdyaq3pj42')
2026-03-15T11:39:14Z WARNING bsky_collector_v2.job.index_feed_generators: listRecords failed repo=did:plc:2sifebqn3cyrdh2ujdaa5nxh err=HttpError('InvalidRequest: Could not find repo: did:plc:2sifebqn3cyrdh2ujdaa5nxh')
2026-03-15T11:39:14Z WARNING bsky_collector_v2.job.index_feed_generators: listRecords failed repo=did:plc:36infvxwotd6ztzvpuzlstfl err=HttpError('InvalidRequest: Could not find repo: did:plc:36infvxwotd6ztzvpuzlstfl')
2026-03-15T11:39:14Z WARNING bsky_collector_v2.job.index_feed_generators: listRecords failed repo=did:plc:3eiyokd5s7tqmmcnl3vi67ap err=HttpError('InvalidRequest: Could not find repo: did:plc:3eiyokd5s7tqmmcnl3vi67ap')
2026-03-15T11:39:14Z WARNING bsky_collector_v2.job.index_feed_generators: listRecords failed repo=did:plc:3ev4vnznndxf2dylxnfytxra err=HttpError('InvalidRequest: Could not find repo: did:plc:3ev4vnznndxf2dylxnfytxra')
2026-03-15T11:39:14Z WARNING bsky_collector_v2.job.index_feed_generators: listRecords failed repo=did:plc:3fzpa7r7ry27kx7n6h43ualu err=HttpError('InvalidRequest: Could not find repo: did:plc:3fzpa7r7ry27kx7n6h43ualu')
2026-03-15T11:39:14Z WARNING bsky_collector_v2.job.index_feed_generators: listRecords failed repo=did:plc:3xrwkahvtmgoqgkqyaxmjby4 err=HttpError('InvalidRequest: Could not find repo: did:plc:3xrwkahvtmgoqgkqyaxmjby4')
2026-03-15T11:39:15Z WARNING bsky_collector_v2.job.index_feed_generators: listRecords failed repo=did:plc:4jkzbu5gehnwqg52gq6fhaai err=HttpError('InvalidRequest: Could not find repo: did:plc:4jkzbu5gehnwqg52gq6fhaai')
2026-03-15T11:39:15Z WARNING bsky_collector_v2.job.index_feed_generators: listRecords failed repo=did:plc:4pomi224haqmbj3odgv5ofet err=HttpError('InvalidRequest: Could not find repo: did:plc:4pomi224haqmbj3odgv5ofet')
2026-03-15T11:39:15Z WARNING bsky_collector_v2.job.index_feed_generators: listRecords failed repo=did:plc:4prtwgovvmi7otwsmmiu5jdg err=HttpError('InvalidRequest: Could not find repo: did:plc:4prtwgovvmi7otwsmmiu5jdg')
2026-03-15T11:39:15Z WARNING bsky_collector_v2.job.index_feed_generators: listRecords failed repo=did:plc:4t7oyeney6mgoau7rzjtizyx err=HttpError('InvalidRequest: Could not find repo: did:plc:4t7oyeney6mgoau7rzjtizyx')
2026-03-15T11:39:15Z WARNING bsky_collector_v2.job.index_feed_generators: listRecords failed repo=did:plc:4tcnnxqy2qw4s3g52g7uss6v err=HttpError('InvalidRequest: Could not find repo: did:plc:4tcnnxqy2qw4s3g52g7uss6v')
2026-03-15T11:39:15Z WARNING bsky_collector_v2.job.index_feed_generators: listRecords failed repo=did:plc:4wghzosurcirnbpckf4frh3a err=HttpError('InvalidRequest: Could not find repo: did:plc:4wghzosurcirnbpckf4frh3a')
2026-03-15T11:39:15Z WARNING bsky_collector_v2.job.index_feed_generators: listRecords failed repo=did:plc:4zen4psesnckwbasph4gpevv err=HttpError('InvalidRequest: Could not find repo: did:plc:4zen4psesnckwbasph4gpevv')
2026-03-15T11:39:15Z WARNING bsky_collector_v2.job.index_feed_generators: listRecords failed repo=did:plc:4zfm4s3fchwsjbyp524aykh5 err=HttpError('InvalidRequest: Could not find repo: did:plc:4zfm4s3fchwsjbyp524aykh5')
2026-03-15T11:39:15Z WARNING bsky_collector_v2.job.index_feed_generators: listRecords failed repo=did:plc:57evxs3aulpv2svefh3m47c6 err=HttpError('InvalidRequest: Could not find repo: did:plc:57evxs3aulpv2svefh3m47c6')
2026-03-15T11:39:15Z WARNING bsky_collector_v2.job.index_feed_generators: listRecords failed repo=did:plc:5e57vk67eiinvy6dxctcko6w err=HttpError('InvalidRequest: Could not find repo: did:plc:5e57vk67eiinvy6dxctcko6w')
2026-03-15T11:39:15Z WARNING bsky_collector_v2.job.index_feed_generators: listRecords failed repo=did:plc:5goowgdabjurobsfn77y6psm err=HttpError('InvalidRequest: Could not find repo: did:plc:5goowgdabjurobsfn77y6psm')
2026-03-15T11:39:15Z WARNING bsky_collector_v2.job.index_feed_generators: listRecords failed repo=did:plc:5ic4snh4moremeyy4tht63cp err=HttpError('InvalidRequest: Could not find repo: did:plc:5ic4snh4moremeyy4tht63cp')
2026-03-15T11:39:15Z WARNING bsky_collector_v2.job.index_feed_generators: listRecords failed repo=did:plc:5kr6d2pxpbbm5ronkqmn77zq err=HttpError('InvalidRequest: Could not find repo: did:plc:5kr6d2pxpbbm5ronkqmn77zq')
2026-03-15T11:39:15Z WARNING bsky_collector_v2.job.index_feed_generators: listRecords failed repo=did:plc:5tpjkhbaqxwmw6b3h6hbkqql err=HttpError('InvalidRequest: Could not find repo: did:plc:5tpjkhbaqxwmw6b3h6hbkqql')
2026-03-15T11:39:15Z WARNING bsky_collector_v2.job.index_feed_generators: listRecords failed repo=did:plc:5ykhybj22lg2vc5rlkjpuqhj err=HttpError('InvalidRequest: Could not find repo: did:plc:5ykhybj22lg2vc5rlkjpuqhj')
2026-03-15T11:39:15Z WARNING bsky_collector_v2.job.index_feed_generators: listRecords failed repo=did:plc:5yrlb5lzyc6hzkrbxuxczztb err=HttpError('InvalidRequest: Could not find repo: did:plc:5yrlb5lzyc6hzkrbxuxczztb')
2026-03-15T11:39:15Z WARNING bsky_collector_v2.job.index_feed_generators: listRecords failed repo=did:plc:5ztmtxhh3a3ri4hcsidtaajh err=HttpError('InvalidRequest: Could not find repo: did:plc:5ztmtxhh3a3ri4hcsidtaajh')
2026-03-15T11:39:15Z WARNING bsky_collector_v2.job.index_feed_generators: listRecords failed repo=did:plc:64cz5nirzj2ry2yz5aigb7fc err=HttpError('InvalidRequest: Could not find repo: did:plc:64cz5nirzj2ry2yz5aigb7fc')
2026-03-15T11:39:15Z WARNING bsky_collector_v2.job.index_feed_generators: listRecords failed repo=did:plc:66xy3mntgzb7lmabupra6oro err=HttpError('InvalidRequest: Could not find repo: did:plc:66xy3mntgzb7lmabupra6oro')
2026-03-15T11:39:16Z WARNING bsky_collector_v2.job.index_feed_generators: listRecords failed repo=did:plc:66ycalpbwymnrsiqqj5w7qtx err=HttpError('InvalidRequest: Could not find repo: did:plc:66ycalpbwymnrsiqqj5w7qtx')
2026-03-15T11:39:16Z WARNING bsky_collector_v2.job.index_feed_generators: listRecords failed repo=did:plc:6g6724tz6uetka26t37q6gqf err=HttpError('InvalidRequest: Could not find repo: did:plc:6g6724tz6uetka26t37q6gqf')
2026-03-15T11:39:16Z WARNING bsky_collector_v2.job.index_feed_generators: listRecords failed repo=did:plc:6iby5htk5xcwhfzhwy5o4uz6 err=HttpError('InvalidRequest: Could not find repo: did:plc:6iby5htk5xcwhfzhwy5o4uz6')
2026-03-15T11:39:16Z WARNING bsky_collector_v2.job.index_feed_generators: listRecords failed repo=did:plc:6t2qnzdvnspy6tnonx4uagti err=HttpError('InvalidRequest: Could not find repo: did:plc:6t2qnzdvnspy6tnonx4uagti')
2026-03-15T11:39:16Z WARNING bsky_collector_v2.job.index_feed_generators: listRecords failed repo=did:plc:6wxynji2ebzl4ya3njv6adgw err=HttpError('InvalidRequest: Could not find repo: did:plc:6wxynji2ebzl4ya3njv6adgw')
2026-03-15T11:39:16Z WARNING bsky_collector_v2.job.index_feed_generators: listRecords failed repo=did:plc:6yy3iw3relzrqgsnvy7gpabp err=HttpError('InvalidRequest: Could not find repo: did:plc:6yy3iw3relzrqgsnvy7gpabp')
2026-03-15T11:39:16Z WARNING bsky_collector_v2.job.index_feed_generators: listRecords failed repo=did:plc:6zgwpmplxph3xhh2koox6pej err=HttpError('InvalidRequest: Could not find repo: did:plc:6zgwpmplxph3xhh2koox6pej')
2026-03-15T11:39:16Z WARNING bsky_collector_v2.job.index_feed_generators: listRecords failed repo=did:plc:75p3f2ec2vd55eh373sckkm6 err=HttpError('InvalidRequest: Could not find repo: did:plc:75p3f2ec2vd55eh373sckkm6')
2026-03-15T11:39:16Z WARNING bsky_collector_v2.job.index_feed_generators: listRecords failed repo=did:plc:76du6xmfepsil2edp4c3eg2m err=HttpError('InvalidRequest: Could not find repo: did:plc:76du6xmfepsil2edp4c3eg2m')
2026-03-15T11:39:16Z WARNING bsky_collector_v2.job.index_feed_generators: listRecords failed repo=did:plc:77yvugg5y7jsylevnxdxxofi err=HttpError('InvalidRequest: Could not find repo: did:plc:77yvugg5y7jsylevnxdxxofi')
2026-03-15T11:39:16Z WARNING bsky_collector_v2.job.index_feed_generators: listRecords failed repo=did:plc:7ezs4kb27kpv4aotuhwcu5hu err=HttpError('InvalidRequest: Could not find repo: did:plc:7ezs4kb27kpv4aotuhwcu5hu')
2026-03-15T11:39:16Z WARNING bsky_collector_v2.job.index_feed_generators: listRecords failed repo=did:plc:7iv72srid2du2zpsjm3ttps7 err=HttpError('InvalidRequest: Could not find repo: did:plc:7iv72srid2du2zpsjm3ttps7')
2026-03-15T11:39:16Z WARNING bsky_collector_v2.job.index_feed_generators: listRecords failed repo=did:plc:7l5erizwtvngjxqiltgvoxww err=HttpError('InvalidRequest: Could not find repo: did:plc:7l5erizwtvngjxqiltgvoxww')
2026-03-15T11:39:16Z WARNING bsky_collector_v2.job.index_feed_generators: listRecords failed repo=did:plc:7thdzhvnf3njf7jskl4holdq err=HttpError('InvalidRequest: Could not find repo: did:plc:7thdzhvnf3njf7jskl4holdq')
2026-03-15T11:39:16Z WARNING bsky_collector_v2.job.index_feed_generators: listRecords failed repo=did:plc:a4hfur33whre4ol2xjcd7qj7 err=HttpError('InvalidRequest: Could not find repo: did:plc:a4hfur33whre4ol2xjcd7qj7')
2026-03-15T11:39:16Z WARNING bsky_collector_v2.job.index_feed_generators: listRecords failed repo=did:plc:a7fzsujoviwcd7ssanksiqur err=HttpError('InvalidRequest: Could not find repo: did:plc:a7fzsujoviwcd7ssanksiqur')
2026-03-15T11:39:16Z WARNING bsky_collector_v2.job.index_feed_generators: listRecords failed repo=did:plc:ae6vfoe22c43iv4bxydajxg2 err=HttpError('InvalidRequest: Could not find repo: did:plc:ae6vfoe22c43iv4bxydajxg2')
2026-03-15T11:39:16Z WARNING bsky_collector_v2.job.index_feed_generators: listRecords failed repo=did:plc:agbmgtu4bh4kks242l3qrb5k err=HttpError('InvalidRequest: Could not find repo: did:plc:agbmgtu4bh4kks242l3qrb5k')
2026-03-15T11:39:16Z WARNING bsky_collector_v2.job.index_feed_generators: listRecords failed repo=did:plc:ahms7dtvexlvznvl32ovwwmw err=HttpError('InvalidRequest: Could not find repo: did:plc:ahms7dtvexlvznvl32ovwwmw')
2026-03-15T11:39:17Z WARNING bsky_collector_v2.job.index_feed_generators: listRecords failed repo=did:plc:ahshkm745b242nxi5osvangq err=HttpError('InvalidRequest: Could not find repo: did:plc:ahshkm745b242nxi5osvangq')
2026-03-15T11:39:17Z WARNING bsky_collector_v2.job.index_feed_generators: listRecords failed repo=did:plc:alojlxhaa634zfnzhotzwsoq err=HttpError('InvalidRequest: Could not find repo: did:plc:alojlxhaa634zfnzhotzwsoq')
2026-03-15T11:39:17Z WARNING bsky_collector_v2.job.index_feed_generators: listRecords failed repo=did:plc:altp5xol7a6xpta5nekybewu err=HttpError('InvalidRequest: Could not find repo: did:plc:altp5xol7a6xpta5nekybewu')
2026-03-15T11:39:17Z WARNING bsky_collector_v2.job.index_feed_generators: listRecords failed repo=did:plc:alvvob5chbmsk2lrjnoimrtc err=HttpError('InvalidRequest: Could not find repo: did:plc:alvvob5chbmsk2lrjnoimrtc')
2026-03-15T11:39:17Z WARNING bsky_collector_v2.job.index_feed_generators: listRecords failed repo=did:plc:aswiycs2ljpwtekyjtpcbijq err=HttpError('InvalidRequest: Could not find repo: did:plc:aswiycs2ljpwtekyjtpcbijq')
2026-03-15T11:39:17Z WARNING bsky_collector_v2.job.index_feed_generators: listRecords failed repo=did:plc:b2qxd2evomp23hrvtz6bougy err=HttpError('InvalidRequest: Could not find repo: did:plc:b2qxd2evomp23hrvtz6bougy')
2026-03-15T11:39:17Z WARNING bsky_collector_v2.job.index_feed_generators: listRecords failed repo=did:plc:b4myx6enutaamwgyjmra2t7y err=HttpError('InvalidRequest: Could not find repo: did:plc:b4myx6enutaamwgyjmra2t7y')
2026-03-15T11:39:17Z WARNING bsky_collector_v2.job.index_feed_generators: listRecords failed repo=did:plc:bipyldtube5yk5j7xcmokvyk err=HttpError('InvalidRequest: Could not find repo: did:plc:bipyldtube5yk5j7xcmokvyk')
2026-03-15T11:39:17Z WARNING bsky_collector_v2.job.index_feed_generators: listRecords failed repo=did:plc:bkfw2bsu2lyraccs5tp2s7td err=HttpError('InvalidRequest: Could not find repo: did:plc:bkfw2bsu2lyraccs5tp2s7td')
2026-03-15T11:39:17Z WARNING bsky_collector_v2.job.index_feed_generators: listRecords failed repo=did:plc:btp3vgzttj4itlqpbku34q3v err=HttpError('InvalidRequest: Could not find repo: did:plc:btp3vgzttj4itlqpbku34q3v')
2026-03-15T11:39:17Z WARNING bsky_collector_v2.job.index_feed_generators: listRecords failed repo=did:plc:bx3xtuvta4s2keczcydndmk5 err=HttpError('InvalidRequest: Could not find repo: did:plc:bx3xtuvta4s2keczcydndmk5')
2026-03-15T11:39:17Z WARNING bsky_collector_v2.job.index_feed_generators: listRecords failed repo=did:plc:bxeqyz63kemdktmyrgkdqg3u err=HttpError('InvalidRequest: Could not find repo: did:plc:bxeqyz63kemdktmyrgkdqg3u')
2026-03-15T11:39:17Z WARNING bsky_collector_v2.job.index_feed_generators: listRecords failed repo=did:plc:by4b6hfjtw4dxv36esg6qy5s err=HttpError('InvalidRequest: Could not find repo: did:plc:by4b6hfjtw4dxv36esg6qy5s')
2026-03-15T11:39:17Z WARNING bsky_collector_v2.job.index_feed_generators: listRecords failed repo=did:plc:c42vcp36wmn7nwzednl2cbr7 err=HttpError('InvalidRequest: Could not find repo: did:plc:c42vcp36wmn7nwzednl2cbr7')
2026-03-15T11:39:17Z WARNING bsky_collector_v2.job.index_feed_generators: listRecords failed repo=did:plc:c5br5mapypfbc6b3e3phgqfl err=HttpError('InvalidRequest: Could not find repo: did:plc:c5br5mapypfbc6b3e3phgqfl')
2026-03-15T11:39:17Z WARNING bsky_collector_v2.job.index_feed_generators: listRecords failed repo=did:plc:c6iotp7lkxa43scdsgtkaal4 err=HttpError('InvalidRequest: Could not find repo: did:plc:c6iotp7lkxa43scdsgtkaal4')
2026-03-15T11:39:17Z WARNING bsky_collector_v2.job.index_feed_generators: listRecords failed repo=did:plc:c7lgy53ooxm3mumbfacha2ui err=HttpError('InvalidRequest: Could not find repo: did:plc:c7lgy53ooxm3mumbfacha2ui')
2026-03-15T11:39:17Z WARNING bsky_collector_v2.job.index_feed_generators: listRecords failed repo=did:plc:casbqr6eyoul3q6uzk3yzwp3 err=HttpError('InvalidRequest: Could not find repo: did:plc:casbqr6eyoul3q6uzk3yzwp3')
2026-03-15T11:39:17Z WARNING bsky_collector_v2.job.index_feed_generators: listRecords failed repo=did:plc:cayxiibbhrx2fbutewmndtqz err=HttpError('InvalidRequest: Could not find repo: did:plc:cayxiibbhrx2fbutewmndtqz')
2026-03-15T11:39:17Z WARNING bsky_collector_v2.job.index_feed_generators: listRecords failed repo=did:plc:cwqoxihnwt5kvmt7kc5vifoq err=HttpError('InvalidRequest: Could not find repo: did:plc:cwqoxihnwt5kvmt7kc5vifoq')
2026-03-15T11:39:18Z WARNING bsky_collector_v2.job.index_feed_generators: listRecords failed repo=did:plc:d536fzgh5evh6nifdq66r3gi err=HttpError('InvalidRequest: Could not find repo: did:plc:d536fzgh5evh6nifdq66r3gi')
2026-03-15T11:39:18Z WARNING bsky_collector_v2.job.index_feed_generators: listRecords failed repo=did:plc:dogh4nxkk27im4af5h6kg3rg err=HttpError('InvalidRequest: Could not find repo: did:plc:dogh4nxkk27im4af5h6kg3rg')
2026-03-15T11:39:18Z WARNING bsky_collector_v2.job.index_feed_generators: listRecords failed repo=did:plc:drtvb53hpabvvjcz6ratqgnd err=HttpError('InvalidRequest: Could not find repo: did:plc:drtvb53hpabvvjcz6ratqgnd')
2026-03-15T11:39:18Z WARNING bsky_collector_v2.job.index_feed_generators: listRecords failed repo=did:plc:dx6wciyghsvnvjndnlzbsh7i err=HttpError('InvalidRequest: Could not find repo: did:plc:dx6wciyghsvnvjndnlzbsh7i')
2026-03-15T11:39:18Z WARNING bsky_collector_v2.job.index_feed_generators: listRecords failed repo=did:plc:dxzhrf4nr4577q4aclqr7kk4 err=HttpError('InvalidRequest: Could not find repo: did:plc:dxzhrf4nr4577q4aclqr7kk4')
2026-03-15T11:39:18Z WARNING bsky_collector_v2.job.index_feed_generators: listRecords failed repo=did:plc:dzzuya454dv2dhf63oe7krmm err=HttpError('InvalidRequest: Could not find repo: did:plc:dzzuya454dv2dhf63oe7krmm')
2026-03-15T11:39:18Z WARNING bsky_collector_v2.job.index_feed_generators: listRecords failed repo=did:plc:eiewkardlsydkvyfxn4fc2g4 err=HttpError('InvalidRequest: Could not find repo: did:plc:eiewkardlsydkvyfxn4fc2g4')
2026-03-15T11:39:18Z WARNING bsky_collector_v2.job.index_feed_generators: listRecords failed repo=did:plc:ex5dzbzmrcqgf3jjpigz3gun err=HttpError('InvalidRequest: Could not find repo: did:plc:ex5dzbzmrcqgf3jjpigz3gun')
2026-03-15T11:39:18Z WARNING bsky_collector_v2.job.index_feed_generators: listRecords failed repo=did:plc:fh2eyrug32mjz2o46zw6nxnh err=HttpError('InvalidRequest: Could not find repo: did:plc:fh2eyrug32mjz2o46zw6nxnh')
2026-03-15T11:39:18Z WARNING bsky_collector_v2.job.index_feed_generators: listRecords failed repo=did:plc:fi24jlwmswmsfdd7d4xm424s err=HttpError('InvalidRequest: Could not find repo: did:plc:fi24jlwmswmsfdd7d4xm424s')
2026-03-15T11:39:18Z WARNING bsky_collector_v2.job.index_feed_generators: listRecords failed repo=did:plc:fosh6nf6r4fqk32ubkntksep err=HttpError('InvalidRequest: Could not find repo: did:plc:fosh6nf6r4fqk32ubkntksep')
2026-03-15T11:39:18Z WARNING bsky_collector_v2.job.index_feed_generators: listRecords failed repo=did:plc:frubi5dm4h3eopc2iw65x3hc err=HttpError('InvalidRequest: Could not find repo: did:plc:frubi5dm4h3eopc2iw65x3hc')
2026-03-15T11:39:18Z WARNING bsky_collector_v2.job.index_feed_generators: listRecords failed repo=did:plc:gacfeiuzflpkk7nbapxlyhjf err=HttpError('InvalidRequest: Could not find repo: did:plc:gacfeiuzflpkk7nbapxlyhjf')
2026-03-15T11:39:18Z WARNING bsky_collector_v2.job.index_feed_generators: listRecords failed repo=did:plc:gctxotswtu5rimuaklqfw2gm err=HttpError('InvalidRequest: Could not find repo: did:plc:gctxotswtu5rimuaklqfw2gm')
2026-03-15T11:39:18Z WARNING bsky_collector_v2.job.index_feed_generators: listRecords failed repo=did:plc:gfd5hbttgduv43ppe7lznvs6 err=HttpError('InvalidRequest: Could not find repo: did:plc:gfd5hbttgduv43ppe7lznvs6')
2026-03-15T11:39:18Z WARNING bsky_collector_v2.job.index_feed_generators: listRecords failed repo=did:plc:ghdjmgsoh7qyq3z524gua5t2 err=HttpError('InvalidRequest: Could not find repo: did:plc:ghdjmgsoh7qyq3z524gua5t2')
2026-03-15T11:39:18Z WARNING bsky_collector_v2.job.index_feed_generators: listRecords failed repo=did:plc:ghmbteq6aszk4kzctxpqbsg3 err=HttpError('InvalidRequest: Could not find repo: did:plc:ghmbteq6aszk4kzctxpqbsg3')
2026-03-15T11:39:18Z WARNING bsky_collector_v2.job.index_feed_generators: listRecords failed repo=did:plc:gk4izvysd4cizphkuvmiauya err=HttpError('InvalidRequest: Could not find repo: did:plc:gk4izvysd4cizphkuvmiauya')
2026-03-15T11:39:18Z WARNING bsky_collector_v2.job.index_feed_generators: listRecords failed repo=did:plc:gn2hw4zxcr4kepcpzoauaepm err=HttpError('InvalidRequest: Could not find repo: did:plc:gn2hw4zxcr4kepcpzoauaepm')
2026-03-15T11:39:18Z WARNING bsky_collector_v2.job.index_feed_generators: listRecords failed repo=did:plc:gnpa2jojujhlzkxdq3s3fwou err=HttpError('InvalidRequest: Could not find repo: did:plc:gnpa2jojujhlzkxdq3s3fwou')
2026-03-15T11:39:19Z WARNING bsky_collector_v2.job.index_feed_generators: listRecords failed repo=did:plc:h3vwd3iz5ztn2fq43xs62fas err=HttpError('InvalidRequest: Could not find repo: did:plc:h3vwd3iz5ztn2fq43xs62fas')
2026-03-15T11:39:19Z WARNING bsky_collector_v2.job.index_feed_generators: listRecords failed repo=did:plc:hekydenadfvrnbjpb3d2k2j7 err=HttpError('InvalidRequest: Could not find repo: did:plc:hekydenadfvrnbjpb3d2k2j7')
2026-03-15T11:39:19Z WARNING bsky_collector_v2.job.index_feed_generators: listRecords failed repo=did:plc:hnibwhq2ieinof3xuyvch2u7 err=HttpError('InvalidRequest: Could not find repo: did:plc:hnibwhq2ieinof3xuyvch2u7')
2026-03-15T11:39:19Z WARNING bsky_collector_v2.job.index_feed_generators: listRecords failed repo=did:plc:hp55iceqq53qimzkieo37ong err=HttpError('InvalidRequest: Could not find repo: did:plc:hp55iceqq53qimzkieo37ong')
2026-03-15T11:39:19Z WARNING bsky_collector_v2.job.index_feed_generators: listRecords failed repo=did:plc:hqp4y7v7iugez6trt552kpq5 err=HttpError('InvalidRequest: Could not find repo: did:plc:hqp4y7v7iugez6trt552kpq5')
2026-03-15T11:39:19Z WARNING bsky_collector_v2.job.index_feed_generators: listRecords failed repo=did:plc:ht3j4t2itcxxkqqsqdg7qygq err=HttpError('InvalidRequest: Could not find repo: did:plc:ht3j4t2itcxxkqqsqdg7qygq')
2026-03-15T11:39:19Z WARNING bsky_collector_v2.job.index_feed_generators: listRecords failed repo=did:plc:i3zjsjsheltm5j2ipr3vvxar err=HttpError('InvalidRequest: Could not find repo: did:plc:i3zjsjsheltm5j2ipr3vvxar')
2026-03-15T11:39:19Z WARNING bsky_collector_v2.job.index_feed_generators: listRecords failed repo=did:plc:ic5osoxzgiotb2z4t7wjpuff err=HttpError('InvalidRequest: Could not find repo: did:plc:ic5osoxzgiotb2z4t7wjpuff')
2026-03-15T11:39:19Z WARNING bsky_collector_v2.job.index_feed_generators: listRecords failed repo=did:plc:icfyskueyy6ph2vdmgfbtecy err=HttpError('InvalidRequest: Could not find repo: did:plc:icfyskueyy6ph2vdmgfbtecy')
2026-03-15T11:39:19Z WARNING bsky_collector_v2.job.index_feed_generators: listRecords failed repo=did:plc:icm36b44c3z7jpc2llc6zly4 err=HttpError('InvalidRequest: Could not find repo: did:plc:icm36b44c3z7jpc2llc6zly4')
2026-03-15T11:39:19Z WARNING bsky_collector_v2.job.index_feed_generators: listRecords failed repo=did:plc:ikbdanwss4bskxsh6jvhdnqm err=HttpError('InvalidRequest: Could not find repo: did:plc:ikbdanwss4bskxsh6jvhdnqm')
2026-03-15T11:39:19Z WARNING bsky_collector_v2.job.index_feed_generators: listRecords failed repo=did:plc:iocta4crfrfejm7vptkdaer3 err=HttpError('InvalidRequest: Could not find repo: did:plc:iocta4crfrfejm7vptkdaer3')
2026-03-15T11:39:19Z WARNING bsky_collector_v2.job.index_feed_generators: listRecords failed repo=did:plc:iomz6ewqh6l5rkgy3p3kd3od err=HttpError('InvalidRequest: Could not find repo: did:plc:iomz6ewqh6l5rkgy3p3kd3od')
2026-03-15T11:39:19Z WARNING bsky_collector_v2.job.index_feed_generators: listRecords failed repo=did:plc:irzajcerbte4i3qrt6v6s4pz err=HttpError('InvalidRequest: Could not find repo: did:plc:irzajcerbte4i3qrt6v6s4pz')
2026-03-15T11:39:19Z WARNING bsky_collector_v2.job.index_feed_generators: listRecords failed repo=did:plc:ivtepeemrqq3hscabvhrizf2 err=HttpError('InvalidRequest: Could not find repo: did:plc:ivtepeemrqq3hscabvhrizf2')
2026-03-15T11:39:19Z WARNING bsky_collector_v2.job.index_feed_generators: listRecords failed repo=did:plc:izfycvo76cosvn4wy3urioxm err=HttpError('InvalidRequest: Could not find repo: did:plc:izfycvo76cosvn4wy3urioxm')
2026-03-15T11:39:19Z WARNING bsky_collector_v2.job.index_feed_generators: listRecords failed repo=did:plc:izngx3u6jphoyrrzui7qfrdz err=HttpError('InvalidRequest: Could not find repo: did:plc:izngx3u6jphoyrrzui7qfrdz')
2026-03-15T11:39:19Z WARNING bsky_collector_v2.job.index_feed_generators: listRecords failed repo=did:plc:jbpcpyr3ont5dmuvp3y4kimy err=HttpError('InvalidRequest: Could not find repo: did:plc:jbpcpyr3ont5dmuvp3y4kimy')
2026-03-15T11:39:19Z WARNING bsky_collector_v2.job.index_feed_generators: listRecords failed repo=did:plc:jlnlperylfbl7zqkdpvuozrp err=HttpError('InvalidRequest: Could not find repo: did:plc:jlnlperylfbl7zqkdpvuozrp')
2026-03-15T11:39:20Z WARNING bsky_collector_v2.job.index_feed_generators: listRecords failed repo=did:plc:jw4ow2hunb3mexs7eehq2twi err=HttpError('InvalidRequest: Could not find repo: did:plc:jw4ow2hunb3mexs7eehq2twi')
2026-03-15T11:39:20Z WARNING bsky_collector_v2.job.index_feed_generators: listRecords failed repo=did:plc:jwfdhpthxj6d7jt4oumwosxh err=HttpError('InvalidRequest: Could not find repo: did:plc:jwfdhpthxj6d7jt4oumwosxh')
2026-03-15T11:39:20Z WARNING bsky_collector_v2.job.index_feed_generators: listRecords failed repo=did:plc:k4guye7oe6hii2n2fisf5j5l err=HttpError('InvalidRequest: Could not find repo: did:plc:k4guye7oe6hii2n2fisf5j5l')
2026-03-15T11:39:20Z WARNING bsky_collector_v2.job.index_feed_generators: listRecords failed repo=did:plc:kfumravf6uo6vf46qnymascp err=HttpError('InvalidRequest: Could not find repo: did:plc:kfumravf6uo6vf46qnymascp')
2026-03-15T11:39:20Z WARNING bsky_collector_v2.job.index_feed_generators: listRecords failed repo=did:plc:kmdomyo622tpfwehr7o333fo err=HttpError('InvalidRequest: Could not find repo: did:plc:kmdomyo622tpfwehr7o333fo')
2026-03-15T11:39:20Z WARNING bsky_collector_v2.job.index_feed_generators: listRecords failed repo=did:plc:kw5s6rxqp7zlumhnwvxrxbmo err=HttpError('InvalidRequest: Could not find repo: did:plc:kw5s6rxqp7zlumhnwvxrxbmo')
2026-03-15T11:39:20Z WARNING bsky_collector_v2.job.index_feed_generators: listRecords failed repo=did:plc:kycuspig7wl26c5wbwqde2px err=HttpError('InvalidRequest: Could not find repo: did:plc:kycuspig7wl26c5wbwqde2px')
2026-03-15T11:39:20Z WARNING bsky_collector_v2.job.index_feed_generators: listRecords failed repo=did:plc:lj3qf5pdrb72haxii66bblu4 err=HttpError('InvalidRequest: Could not find repo: did:plc:lj3qf5pdrb72haxii66bblu4')
2026-03-15T11:39:20Z WARNING bsky_collector_v2.job.index_feed_generators: listRecords failed repo=did:plc:lmayvu7kodkdpibrsevs5fve err=HttpError('InvalidRequest: Could not find repo: did:plc:lmayvu7kodkdpibrsevs5fve')
2026-03-15T11:39:20Z WARNING bsky_collector_v2.job.index_feed_generators: listRecords failed repo=did:plc:lmwaghei5osiolbqaevd2lxl err=HttpError('InvalidRequest: Could not find repo: did:plc:lmwaghei5osiolbqaevd2lxl')
2026-03-15T11:39:20Z WARNING bsky_collector_v2.job.index_feed_generators: listRecords failed repo=did:plc:lpnweeuso5mfio5fua4re6tk err=HttpError('InvalidRequest: Could not find repo: did:plc:lpnweeuso5mfio5fua4re6tk')
2026-03-15T11:39:20Z WARNING bsky_collector_v2.job.index_feed_generators: listRecords failed repo=did:plc:lpubmk2btxhcc6shs7i35p5e err=HttpError('InvalidRequest: Could not find repo: did:plc:lpubmk2btxhcc6shs7i35p5e')
2026-03-15T11:39:20Z WARNING bsky_collector_v2.job.index_feed_generators: listRecords failed repo=did:plc:lqi554hkwtynuoajcrepalfu err=HttpError('InvalidRequest: Could not find repo: did:plc:lqi554hkwtynuoajcrepalfu')
2026-03-15T11:39:20Z WARNING bsky_collector_v2.job.index_feed_generators: listRecords failed repo=did:plc:lqlixmbvikzkgokmy5alnskl err=HttpError('InvalidRequest: Could not find repo: did:plc:lqlixmbvikzkgokmy5alnskl')
2026-03-15T11:39:20Z WARNING bsky_collector_v2.job.index_feed_generators: listRecords failed repo=did:plc:lroa4nycyosg6cyuqfmaqnpz err=HttpError('InvalidRequest: Could not find repo: did:plc:lroa4nycyosg6cyuqfmaqnpz')
2026-03-15T11:39:20Z WARNING bsky_collector_v2.job.index_feed_generators: listRecords failed repo=did:plc:lwmsc2xutohxugtnsq5my4oq err=HttpError('InvalidRequest: Could not find repo: did:plc:lwmsc2xutohxugtnsq5my4oq')
2026-03-15T11:39:20Z WARNING bsky_collector_v2.job.index_feed_generators: listRecords failed repo=did:plc:m2camqpoo63m6yicuclfyrik err=HttpError('InvalidRequest: Could not find repo: did:plc:m2camqpoo63m6yicuclfyrik')
2026-03-15T11:39:20Z WARNING bsky_collector_v2.job.index_feed_generators: listRecords failed repo=did:plc:mngtoc3nfel362auudm2kmsa err=HttpError('InvalidRequest: Could not find repo: did:plc:mngtoc3nfel362auudm2kmsa')
2026-03-15T11:39:20Z WARNING bsky_collector_v2.job.index_feed_generators: listRecords failed repo=did:plc:mrra3na2h2gwpncpz5yzeydv err=HttpError('InvalidRequest: Could not find repo: did:plc:mrra3na2h2gwpncpz5yzeydv')
2026-03-15T11:39:21Z WARNING bsky_collector_v2.job.index_feed_generators: listRecords failed repo=did:plc:mrv43z6ns465nmqefsgu25ac err=HttpError('InvalidRequest: Could not find repo: did:plc:mrv43z6ns465nmqefsgu25ac')
2026-03-15T11:39:21Z WARNING bsky_collector_v2.job.index_feed_generators: listRecords failed repo=did:plc:mtsbudi6q633zaaxpchfhwv2 err=HttpError('InvalidRequest: Could not find repo: did:plc:mtsbudi6q633zaaxpchfhwv2')
2026-03-15T11:39:21Z WARNING bsky_collector_v2.job.index_feed_generators: listRecords failed repo=did:plc:mvhz7zgj3kqmp3xwlteadxk7 err=HttpError('InvalidRequest: Could not find repo: did:plc:mvhz7zgj3kqmp3xwlteadxk7')
2026-03-15T11:39:21Z WARNING bsky_collector_v2.job.index_feed_generators: listRecords failed repo=did:plc:mxekfbw5e5mahlhp7hp5skfn err=HttpError('InvalidRequest: Could not find repo: did:plc:mxekfbw5e5mahlhp7hp5skfn')
2026-03-15T11:39:21Z WARNING bsky_collector_v2.job.index_feed_generators: listRecords failed repo=did:plc:mydpe5c3tcikrt2ytzn3s6vw err=HttpError('InvalidRequest: Could not find repo: did:plc:mydpe5c3tcikrt2ytzn3s6vw')
2026-03-15T11:39:21Z WARNING bsky_collector_v2.job.index_feed_generators: listRecords failed repo=did:plc:n5fkzw467czkaifs54rlecgx err=HttpError('InvalidRequest: Could not find repo: did:plc:n5fkzw467czkaifs54rlecgx')
2026-03-15T11:39:21Z WARNING bsky_collector_v2.job.index_feed_generators: listRecords failed repo=did:plc:nbdm2fl5tdbbynxe77o22rh6 err=HttpError('InvalidRequest: Could not find repo: did:plc:nbdm2fl5tdbbynxe77o22rh6')
2026-03-15T11:39:21Z WARNING bsky_collector_v2.job.index_feed_generators: listRecords failed repo=did:plc:niwed5dzqepzzoqo6tk3o5i3 err=HttpError('InvalidRequest: Could not find repo: did:plc:niwed5dzqepzzoqo6tk3o5i3')
2026-03-15T11:39:21Z WARNING bsky_collector_v2.job.index_feed_generators: listRecords failed repo=did:plc:nj2rg7kkwlm6pd5grkhek2rg err=HttpError('InvalidRequest: Could not find repo: did:plc:nj2rg7kkwlm6pd5grkhek2rg')
2026-03-15T11:39:21Z WARNING bsky_collector_v2.job.index_feed_generators: listRecords failed repo=did:plc:njqhmfc36tspyle6z5sy6zl4 err=HttpError('InvalidRequest: Could not find repo: did:plc:njqhmfc36tspyle6z5sy6zl4')
2026-03-15T11:39:21Z WARNING bsky_collector_v2.job.index_feed_generators: listRecords failed repo=did:plc:nove7y543xaskgnjw56b3gbt err=HttpError('InvalidRequest: Could not find repo: did:plc:nove7y543xaskgnjw56b3gbt')
2026-03-15T11:39:21Z WARNING bsky_collector_v2.job.index_feed_generators: listRecords failed repo=did:plc:nvsftuokwwouwjmttk3ugadq err=HttpError('InvalidRequest: Could not find repo: did:plc:nvsftuokwwouwjmttk3ugadq')
2026-03-15T11:39:21Z WARNING bsky_collector_v2.job.index_feed_generators: listRecords failed repo=did:plc:nxzpinlzy65r6jhct2lkoqua err=HttpError('InvalidRequest: Could not find repo: did:plc:nxzpinlzy65r6jhct2lkoqua')
2026-03-15T11:39:21Z WARNING bsky_collector_v2.job.index_feed_generators: listRecords failed repo=did:plc:o3ihpyksron7ygtne5bjsm5f err=HttpError('InvalidRequest: Could not find repo: did:plc:o3ihpyksron7ygtne5bjsm5f')
2026-03-15T11:39:21Z WARNING bsky_collector_v2.job.index_feed_generators: listRecords failed repo=did:plc:o54jqzquyn4hadubxai3r7oy err=HttpError('InvalidRequest: Could not find repo: did:plc:o54jqzquyn4hadubxai3r7oy')
2026-03-15T11:39:21Z WARNING bsky_collector_v2.job.index_feed_generators: listRecords failed repo=did:plc:o5nutwehybksd63qygh76iay err=HttpError('InvalidRequest: Could not find repo: did:plc:o5nutwehybksd63qygh76iay')
2026-03-15T11:39:21Z WARNING bsky_collector_v2.job.index_feed_generators: listRecords failed repo=did:plc:oa6pt6nn3g5sujpoc6xlhlaq err=HttpError('InvalidRequest: Could not find repo: did:plc:oa6pt6nn3g5sujpoc6xlhlaq')
2026-03-15T11:39:21Z WARNING bsky_collector_v2.job.index_feed_generators: listRecords failed repo=did:plc:on35npyyi775ei3joet3kdu2 err=HttpError('InvalidRequest: Could not find repo: did:plc:on35npyyi775ei3joet3kdu2')
2026-03-15T11:39:21Z WARNING bsky_collector_v2.job.index_feed_generators: listRecords failed repo=did:plc:opiayk4lj4fuxnzgpk7ffejq err=HttpError('InvalidRequest: Could not find repo: did:plc:opiayk4lj4fuxnzgpk7ffejq')
2026-03-15T11:39:22Z WARNING bsky_collector_v2.job.index_feed_generators: listRecords failed repo=did:plc:ovut6hvmb3qmz6i3mrmtzli6 err=HttpError('InvalidRequest: Could not find repo: did:plc:ovut6hvmb3qmz6i3mrmtzli6')
2026-03-15T11:39:22Z WARNING bsky_collector_v2.job.index_feed_generators: listRecords failed repo=did:plc:ozebjyoaykaksptr62nlyfll err=HttpError('InvalidRequest: Could not find repo: did:plc:ozebjyoaykaksptr62nlyfll')
2026-03-15T11:39:22Z WARNING bsky_collector_v2.job.index_feed_generators: listRecords failed repo=did:plc:pav244btopbja3vgxg2d2k2y err=HttpError('InvalidRequest: Could not find repo: did:plc:pav244btopbja3vgxg2d2k2y')
2026-03-15T11:39:22Z WARNING bsky_collector_v2.job.index_feed_generators: listRecords failed repo=did:plc:pjp7idzhjtrwyjxdnmckpw7f err=HttpError('InvalidRequest: Could not find repo: did:plc:pjp7idzhjtrwyjxdnmckpw7f')
2026-03-15T11:39:22Z WARNING bsky_collector_v2.job.index_feed_generators: listRecords failed repo=did:plc:pju5bfz5sqrocu527xlpbsad err=HttpError('InvalidRequest: Could not find repo: did:plc:pju5bfz5sqrocu527xlpbsad')
2026-03-15T11:39:22Z WARNING bsky_collector_v2.job.index_feed_generators: listRecords failed repo=did:plc:prxghuq3lpqzxq4it45sa4c2 err=HttpError('InvalidRequest: Could not find repo: did:plc:prxghuq3lpqzxq4it45sa4c2')
2026-03-15T11:39:22Z WARNING bsky_collector_v2.job.index_feed_generators: listRecords failed repo=did:plc:ps6vqkiftcpo3xibju22xrtu err=HttpError('InvalidRequest: Could not find repo: did:plc:ps6vqkiftcpo3xibju22xrtu')
2026-03-15T11:39:22Z WARNING bsky_collector_v2.job.index_feed_generators: listRecords failed repo=did:plc:qafjixw34hpk36ipf3624tu6 err=HttpError('InvalidRequest: Could not find repo: did:plc:qafjixw34hpk36ipf3624tu6')
2026-03-15T11:39:22Z WARNING bsky_collector_v2.job.index_feed_generators: listRecords failed repo=did:plc:qc75nhkb5el6nhy4huosj5qw err=HttpError('InvalidRequest: Could not find repo: did:plc:qc75nhkb5el6nhy4huosj5qw')
2026-03-15T11:39:22Z WARNING bsky_collector_v2.job.index_feed_generators: listRecords failed repo=did:plc:qougdigf5hdvb3p2qdwgswzk err=HttpError('InvalidRequest: Could not find repo: did:plc:qougdigf5hdvb3p2qdwgswzk')
2026-03-15T11:39:22Z WARNING bsky_collector_v2.job.index_feed_generators: listRecords failed repo=did:plc:qqh556gnszxp26w2d4curuvm err=HttpError('InvalidRequest: Could not find repo: did:plc:qqh556gnszxp26w2d4curuvm')
2026-03-15T11:39:22Z WARNING bsky_collector_v2.job.index_feed_generators: listRecords failed repo=did:plc:qv262zlfrdvjueyw7kxkuf6u err=HttpError('InvalidRequest: Could not find repo: did:plc:qv262zlfrdvjueyw7kxkuf6u')
2026-03-15T11:39:22Z WARNING bsky_collector_v2.job.index_feed_generators: listRecords failed repo=did:plc:qvtwurlxh77iz4i2vyscysia err=HttpError('InvalidRequest: Could not find repo: did:plc:qvtwurlxh77iz4i2vyscysia')
2026-03-15T11:39:22Z WARNING bsky_collector_v2.job.index_feed_generators: listRecords failed repo=did:plc:qzel44tpadskg645am3wqti6 err=HttpError('InvalidRequest: Could not find repo: did:plc:qzel44tpadskg645am3wqti6')
2026-03-15T11:39:22Z WARNING bsky_collector_v2.job.index_feed_generators: listRecords failed repo=did:plc:raktnmfgn4kzq37edg3wxuzu err=HttpError('InvalidRequest: Could not find repo: did:plc:raktnmfgn4kzq37edg3wxuzu')
2026-03-15T11:39:22Z WARNING bsky_collector_v2.job.index_feed_generators: listRecords failed repo=did:plc:rcwx5vlxsb2kpjvmejvs7f6b err=HttpError('InvalidRequest: Could not find repo: did:plc:rcwx5vlxsb2kpjvmejvs7f6b')
2026-03-15T11:39:22Z WARNING bsky_collector_v2.job.index_feed_generators: listRecords failed repo=did:plc:rt3xkkorw6cp6mfmsxb5z5ml err=HttpError('InvalidRequest: Could not find repo: did:plc:rt3xkkorw6cp6mfmsxb5z5ml')
2026-03-15T11:39:23Z WARNING bsky_collector_v2.job.index_feed_generators: listRecords failed repo=did:plc:rtm6q5i6pqpuuqhz2fxitryd err=HttpError('InvalidRequest: Could not find repo: did:plc:rtm6q5i6pqpuuqhz2fxitryd')
2026-03-15T11:39:23Z WARNING bsky_collector_v2.job.index_feed_generators: listRecords failed repo=did:plc:s3hurvh7mhhhpvhkspk77yu2 err=HttpError('InvalidRequest: Could not find repo: did:plc:s3hurvh7mhhhpvhkspk77yu2')
2026-03-15T11:39:23Z WARNING bsky_collector_v2.job.index_feed_generators: listRecords failed repo=did:plc:s3zgdb5wjbdg3w64de6qm4ct err=HttpError('InvalidRequest: Could not find repo: did:plc:s3zgdb5wjbdg3w64de6qm4ct')
2026-03-15T11:39:23Z WARNING bsky_collector_v2.job.index_feed_generators: listRecords failed repo=did:plc:sfoncz3txf6v2yfurplfjtny err=HttpError('InvalidRequest: Could not find repo: did:plc:sfoncz3txf6v2yfurplfjtny')
2026-03-15T11:39:23Z WARNING bsky_collector_v2.job.index_feed_generators: listRecords failed repo=did:plc:skxg4dqjxiypoz3a5x2dhw4l err=HttpError('InvalidRequest: Could not find repo: did:plc:skxg4dqjxiypoz3a5x2dhw4l')
2026-03-15T11:39:23Z WARNING bsky_collector_v2.job.index_feed_generators: listRecords failed repo=did:plc:sqgngjatguc6eh5nfpf4k7q6 err=HttpError('InvalidRequest: Could not find repo: did:plc:sqgngjatguc6eh5nfpf4k7q6')
2026-03-15T11:39:23Z WARNING bsky_collector_v2.job.index_feed_generators: listRecords failed repo=did:plc:srkwnn5wzjfqrbam3p4kboyg err=HttpError('InvalidRequest: Could not find repo: did:plc:srkwnn5wzjfqrbam3p4kboyg')
2026-03-15T11:39:23Z WARNING bsky_collector_v2.job.index_feed_generators: listRecords failed repo=did:plc:svqedy4prcbnfhp3j2b52v2v err=HttpError('InvalidRequest: Could not find repo: did:plc:svqedy4prcbnfhp3j2b52v2v')
2026-03-15T11:39:23Z WARNING bsky_collector_v2.job.index_feed_generators: listRecords failed repo=did:plc:t75at4gqyjaxcu5nloil6qne err=HttpError('InvalidRequest: Could not find repo: did:plc:t75at4gqyjaxcu5nloil6qne')
2026-03-15T11:39:23Z WARNING bsky_collector_v2.job.index_feed_generators: listRecords failed repo=did:plc:tc4irchsxa4rlz4w2isy7xgf err=HttpError('InvalidRequest: Could not find repo: did:plc:tc4irchsxa4rlz4w2isy7xgf')
2026-03-15T11:39:23Z WARNING bsky_collector_v2.job.index_feed_generators: listRecords failed repo=did:plc:tc6lm6e4bao5zkqdrepy6m7x err=HttpError('InvalidRequest: Could not find repo: did:plc:tc6lm6e4bao5zkqdrepy6m7x')
2026-03-15T11:39:23Z WARNING bsky_collector_v2.job.index_feed_generators: listRecords failed repo=did:plc:tcxjo46mitxva3utg4sahyrg err=HttpError('InvalidRequest: Could not find repo: did:plc:tcxjo46mitxva3utg4sahyrg')
2026-03-15T11:39:23Z WARNING bsky_collector_v2.job.index_feed_generators: listRecords failed repo=did:plc:tmj3hindwwhazikysb4cu6er err=HttpError('InvalidRequest: Could not find repo: did:plc:tmj3hindwwhazikysb4cu6er')
2026-03-15T11:39:23Z WARNING bsky_collector_v2.job.index_feed_generators: listRecords failed repo=did:plc:tncutyqhenjdgfgtjqwghwgh err=HttpError('InvalidRequest: Could not find repo: did:plc:tncutyqhenjdgfgtjqwghwgh')
2026-03-15T11:39:23Z WARNING bsky_collector_v2.job.index_feed_generators: listRecords failed repo=did:plc:trjnouyt5tbncseufie5btuz err=HttpError('InvalidRequest: Could not find repo: did:plc:trjnouyt5tbncseufie5btuz')
2026-03-15T11:39:23Z WARNING bsky_collector_v2.job.index_feed_generators: listRecords failed repo=did:plc:tzg6ea5rjcnpykdjfcufx2ch err=HttpError('InvalidRequest: Could not find repo: did:plc:tzg6ea5rjcnpykdjfcufx2ch')
2026-03-15T11:39:23Z WARNING bsky_collector_v2.job.index_feed_generators: listRecords failed repo=did:plc:u2kdre3bbzyci4eo3nirktuw err=HttpError('InvalidRequest: Could not find repo: did:plc:u2kdre3bbzyci4eo3nirktuw')
2026-03-15T11:39:23Z WARNING bsky_collector_v2.job.index_feed_generators: listRecords failed repo=did:plc:uc7itqnr7uihuekorvjekn4s err=HttpError('InvalidRequest: Could not find repo: did:plc:uc7itqnr7uihuekorvjekn4s')
2026-03-15T11:39:23Z WARNING bsky_collector_v2.job.index_feed_generators: listRecords failed repo=did:plc:ulgyx5aehox7wurtobpu7367 err=HttpError('InvalidRequest: Could not find repo: did:plc:ulgyx5aehox7wurtobpu7367')
2026-03-15T11:39:24Z WARNING bsky_collector_v2.job.index_feed_generators: listRecords failed repo=did:plc:uo6islpmpipho6js7bx4gvxl err=HttpError('InvalidRequest: Could not find repo: did:plc:uo6islpmpipho6js7bx4gvxl')
2026-03-15T11:39:24Z WARNING bsky_collector_v2.job.index_feed_generators: listRecords failed repo=did:plc:uvpvdcexmzi7mjji3m3unr46 err=HttpError('InvalidRequest: Could not find repo: did:plc:uvpvdcexmzi7mjji3m3unr46')
2026-03-15T11:39:24Z WARNING bsky_collector_v2.job.index_feed_generators: listRecords failed repo=did:plc:uww5ofe2ozyancoagxu53kv7 err=HttpError('InvalidRequest: Could not find repo: did:plc:uww5ofe2ozyancoagxu53kv7')
2026-03-15T11:39:24Z WARNING bsky_collector_v2.job.index_feed_generators: listRecords failed repo=did:plc:uz4c46yuxeyijm4hv4vixuk4 err=HttpError('InvalidRequest: Could not find repo: did:plc:uz4c46yuxeyijm4hv4vixuk4')
2026-03-15T11:39:24Z WARNING bsky_collector_v2.job.index_feed_generators: listRecords failed repo=did:plc:vadsmyi4qsld4wnlzh6735jv err=HttpError('InvalidRequest: Could not find repo: did:plc:vadsmyi4qsld4wnlzh6735jv')
2026-03-15T11:39:24Z WARNING bsky_collector_v2.job.index_feed_generators: listRecords failed repo=did:plc:vbnilslt25zc65pnjv7m5q6m err=HttpError('InvalidRequest: Could not find repo: did:plc:vbnilslt25zc65pnjv7m5q6m')
2026-03-15T11:39:24Z WARNING bsky_collector_v2.job.index_feed_generators: listRecords failed repo=did:plc:vd54mdm72bb72stxv62ly3ub err=HttpError('InvalidRequest: Could not find repo: did:plc:vd54mdm72bb72stxv62ly3ub')
2026-03-15T11:39:24Z WARNING bsky_collector_v2.job.index_feed_generators: listRecords failed repo=did:plc:veqrkhssucfcqnqqedlsw4nk err=HttpError('InvalidRequest: Could not find repo: did:plc:veqrkhssucfcqnqqedlsw4nk')
2026-03-15T11:39:24Z WARNING bsky_collector_v2.job.index_feed_generators: listRecords failed repo=did:plc:vkngkfbrfofjmnbsqqipileo err=HttpError('InvalidRequest: Could not find repo: did:plc:vkngkfbrfofjmnbsqqipileo')
2026-03-15T11:39:24Z WARNING bsky_collector_v2.job.index_feed_generators: listRecords failed repo=did:plc:vp2bweo4xrnz7wgncmibowme err=HttpError('InvalidRequest: Could not find repo: did:plc:vp2bweo4xrnz7wgncmibowme')
2026-03-15T11:39:24Z WARNING bsky_collector_v2.job.index_feed_generators: listRecords failed repo=did:plc:vthyljmx6fs6d3bkcqmk3u6y err=HttpError('InvalidRequest: Could not find repo: did:plc:vthyljmx6fs6d3bkcqmk3u6y')
2026-03-15T11:39:24Z WARNING bsky_collector_v2.job.index_feed_generators: listRecords failed repo=did:plc:vzgyizvo3stcairbdpyhvcfk err=HttpError('InvalidRequest: Could not find repo: did:plc:vzgyizvo3stcairbdpyhvcfk')
2026-03-15T11:39:24Z WARNING bsky_collector_v2.job.index_feed_generators: listRecords failed repo=did:plc:vzmv6ogt5l4rvj6gifqulhty err=HttpError('InvalidRequest: Could not find repo: did:plc:vzmv6ogt5l4rvj6gifqulhty')
2026-03-15T11:39:24Z WARNING bsky_collector_v2.job.index_feed_generators: listRecords failed repo=did:plc:w65unt7gpcowehkb26ggubwi err=HttpError('InvalidRequest: Could not find repo: did:plc:w65unt7gpcowehkb26ggubwi')
2026-03-15T11:39:24Z WARNING bsky_collector_v2.job.index_feed_generators: listRecords failed repo=did:plc:w7kkadojfl5nfim5bknu6pzl err=HttpError('InvalidRequest: Could not find repo: did:plc:w7kkadojfl5nfim5bknu6pzl')
2026-03-15T11:39:24Z WARNING bsky_collector_v2.job.index_feed_generators: listRecords failed repo=did:plc:wchbu2icaqcrul7ai5ulg2fq err=HttpError('InvalidRequest: Could not find repo: did:plc:wchbu2icaqcrul7ai5ulg2fq')
2026-03-15T11:39:24Z WARNING bsky_collector_v2.job.index_feed_generators: listRecords failed repo=did:plc:wcj56gxcwdywvrcaskbbbg4n err=HttpError('InvalidRequest: Could not find repo: did:plc:wcj56gxcwdywvrcaskbbbg4n')
2026-03-15T11:39:24Z WARNING bsky_collector_v2.job.index_feed_generators: listRecords failed repo=did:plc:wgy7dcxnwffmz7nidpsknyc3 err=HttpError('InvalidRequest: Could not find repo: did:plc:wgy7dcxnwffmz7nidpsknyc3')
2026-03-15T11:39:25Z WARNING bsky_collector_v2.job.index_feed_generators: listRecords failed repo=did:plc:wlykbhkn347wb33ns2d4npzw err=HttpError('InvalidRequest: Could not find repo: did:plc:wlykbhkn347wb33ns2d4npzw')
2026-03-15T11:39:25Z WARNING bsky_collector_v2.job.index_feed_generators: listRecords failed repo=did:plc:wucla56wzpjut2f5mbbymyyl err=HttpError('InvalidRequest: Could not find repo: did:plc:wucla56wzpjut2f5mbbymyyl')
2026-03-15T11:39:25Z WARNING bsky_collector_v2.job.index_feed_generators: listRecords failed repo=did:plc:x4a5aqgjtdvxtrlspe5cu6td err=HttpError('InvalidRequest: Could not find repo: did:plc:x4a5aqgjtdvxtrlspe5cu6td')
2026-03-15T11:39:25Z WARNING bsky_collector_v2.job.index_feed_generators: listRecords failed repo=did:plc:x4ax6jh2a25sznw5ykwr3fh3 err=HttpError('InvalidRequest: Could not find repo: did:plc:x4ax6jh2a25sznw5ykwr3fh3')
2026-03-15T11:39:25Z WARNING bsky_collector_v2.job.index_feed_generators: listRecords failed repo=did:plc:xabuymq25jpufuto2i6a6med err=HttpError('InvalidRequest: Could not find repo: did:plc:xabuymq25jpufuto2i6a6med')
2026-03-15T11:39:25Z WARNING bsky_collector_v2.job.index_feed_generators: listRecords failed repo=did:plc:xb2wam2rphdg2jofxehvizfs err=HttpError('InvalidRequest: Could not find repo: did:plc:xb2wam2rphdg2jofxehvizfs')
2026-03-15T11:39:25Z WARNING bsky_collector_v2.job.index_feed_generators: listRecords failed repo=did:plc:xdz4tkmtx2pjsovv3r2slgzq err=HttpError('InvalidRequest: Could not find repo: did:plc:xdz4tkmtx2pjsovv3r2slgzq')
2026-03-15T11:39:25Z WARNING bsky_collector_v2.job.index_feed_generators: listRecords failed repo=did:plc:xgvg2vsf3k5kcwiziwfm2yl2 err=HttpError('InvalidRequest: Could not find repo: did:plc:xgvg2vsf3k5kcwiziwfm2yl2')
2026-03-15T11:39:25Z WARNING bsky_collector_v2.job.index_feed_generators: listRecords failed repo=did:plc:xhk6uglvr7feb5dhs47ewp3z err=HttpError('InvalidRequest: Could not find repo: did:plc:xhk6uglvr7feb5dhs47ewp3z')
2026-03-15T11:39:25Z WARNING bsky_collector_v2.job.index_feed_generators: listRecords failed repo=did:plc:xknombi464sm7b4snmpsxkjg err=HttpError('InvalidRequest: Could not find repo: did:plc:xknombi464sm7b4snmpsxkjg')
2026-03-15T11:39:25Z WARNING bsky_collector_v2.job.index_feed_generators: listRecords failed repo=did:plc:xqy3sufzonrg22bgxrikucxb err=HttpError('InvalidRequest: Could not find repo: did:plc:xqy3sufzonrg22bgxrikucxb')
2026-03-15T11:39:25Z WARNING bsky_collector_v2.job.index_feed_generators: listRecords failed repo=did:plc:xww4to4o6a2zlmlrdp3moxxe err=HttpError('InvalidRequest: Could not find repo: did:plc:xww4to4o6a2zlmlrdp3moxxe')
2026-03-15T11:39:25Z WARNING bsky_collector_v2.job.index_feed_generators: listRecords failed repo=did:plc:xzasge3p2daqiucljc7qiryt err=HttpError('InvalidRequest: Could not find repo: did:plc:xzasge3p2daqiucljc7qiryt')
2026-03-15T11:39:25Z WARNING bsky_collector_v2.job.index_feed_generators: listRecords failed repo=did:plc:y4lznou2zhxqrhmjxybzjvxu err=HttpError('InvalidRequest: Could not find repo: did:plc:y4lznou2zhxqrhmjxybzjvxu')
2026-03-15T11:39:25Z WARNING bsky_collector_v2.job.index_feed_generators: listRecords failed repo=did:plc:yamff7bzrd72twfxc3adrevo err=HttpError('InvalidRequest: Could not find repo: did:plc:yamff7bzrd72twfxc3adrevo')
2026-03-15T11:39:25Z WARNING bsky_collector_v2.job.index_feed_generators: listRecords failed repo=did:plc:ycxyfp2kqj67ijv4ff7no7sg err=HttpError('InvalidRequest: Could not find repo: did:plc:ycxyfp2kqj67ijv4ff7no7sg')
2026-03-15T11:39:25Z WARNING bsky_collector_v2.job.index_feed_generators: listRecords failed repo=did:plc:yekd4id2mk5pie76zpgzyli2 err=HttpError('InvalidRequest: Could not find repo: did:plc:yekd4id2mk5pie76zpgzyli2')
2026-03-15T11:39:25Z WARNING bsky_collector_v2.job.index_feed_generators: listRecords failed repo=did:plc:ygbsrwctgobta6ocuuaxog4y err=HttpError('InvalidRequest: Could not find repo: did:plc:ygbsrwctgobta6ocuuaxog4y')
2026-03-15T11:39:25Z WARNING bsky_collector_v2.job.index_feed_generators: listRecords failed repo=did:plc:yjsowp7vo7vds73j4g5476ba err=HttpError('InvalidRequest: Could not find repo: did:plc:yjsowp7vo7vds73j4g5476ba')
2026-03-15T11:39:26Z WARNING bsky_collector_v2.job.index_feed_generators: listRecords failed repo=did:plc:yvn22rhgfsrpd3wxsqc63rsn err=HttpError('InvalidRequest: Could not find repo: did:plc:yvn22rhgfsrpd3wxsqc63rsn')
2026-03-15T11:39:26Z WARNING bsky_collector_v2.job.index_feed_generators: listRecords failed repo=did:plc:ywxpdnodxamr7zzyddtwpc7p err=HttpError('InvalidRequest: Could not find repo: did:plc:ywxpdnodxamr7zzyddtwpc7p')
2026-03-15T11:39:26Z WARNING bsky_collector_v2.job.index_feed_generators: listRecords failed repo=did:plc:yyyjpr334bn5geiznnxq76so err=HttpError('InvalidRequest: Could not find repo: did:plc:yyyjpr334bn5geiznnxq76so')
2026-03-15T11:39:26Z WARNING bsky_collector_v2.job.index_feed_generators: listRecords failed repo=did:plc:z3apat5gjrvkp6axh56koaf4 err=HttpError('InvalidRequest: Could not find repo: did:plc:z3apat5gjrvkp6axh56koaf4')
2026-03-15T11:39:26Z WARNING bsky_collector_v2.job.index_feed_generators: listRecords failed repo=did:plc:zjnquwqzwcslacilbxr54bli err=HttpError('InvalidRequest: Could not find repo: did:plc:zjnquwqzwcslacilbxr54bli')
2026-03-15T11:39:26Z WARNING bsky_collector_v2.job.index_feed_generators: listRecords failed repo=did:plc:zqyjpdie4jru5nib63r2fg2x err=HttpError('InvalidRequest: Could not find repo: did:plc:zqyjpdie4jru5nib63r2fg2x')
2026-03-15T11:39:26Z WARNING bsky_collector_v2.job.index_feed_generators: listRecords failed repo=did:plc:zyx4cxgtnayozzjkz24quufd err=HttpError('InvalidRequest: Could not find repo: did:plc:zyx4cxgtnayozzjkz24quufd')
2026-03-15T11:39:26Z WARNING bsky_collector_v2.job.index_feed_generators: listRecords failed repo=did:plc:zznvelnbfketc2a5jv7hj4ir err=HttpError('InvalidRequest: Could not find repo: did:plc:zznvelnbfketc2a5jv7hj4ir')
2026-03-15T11:39:26Z WARNING bsky_collector_v2.job.index_feed_generators: listRecords failed repo=did:plc:22cd3bgskd7i6acmjdax2qfq err=HttpError('InvalidRequest: Could not find repo: did:plc:22cd3bgskd7i6acmjdax2qfq')
2026-03-15T11:39:26Z WARNING bsky_collector_v2.job.index_feed_generators: listRecords failed repo=did:plc:25idueqtxhcgysi2jmcqowud err=HttpError('InvalidRequest: Could not find repo: did:plc:25idueqtxhcgysi2jmcqowud')
2026-03-15T11:39:26Z WARNING bsky_collector_v2.job.index_feed_generators: listRecords failed repo=did:plc:26fa25shmyimzol7v7h6dcsj err=HttpError('InvalidRequest: Could not find repo: did:plc:26fa25shmyimzol7v7h6dcsj')
2026-03-15T11:39:26Z WARNING bsky_collector_v2.job.index_feed_generators: listRecords failed repo=did:plc:2aoxdkhsv34bwh7eqtgile3b err=HttpError('InvalidRequest: Could not find repo: did:plc:2aoxdkhsv34bwh7eqtgile3b')
2026-03-15T11:39:26Z WARNING bsky_collector_v2.job.index_feed_generators: listRecords failed repo=did:plc:2b4nagri2dsxowuvomaam5j5 err=HttpError('InvalidRequest: Could not find repo: did:plc:2b4nagri2dsxowuvomaam5j5')
2026-03-15T11:39:26Z WARNING bsky_collector_v2.job.index_feed_generators: listRecords failed repo=did:plc:2jnxumqdstyan2lxmd2g2r4l err=HttpError('InvalidRequest: Could not find repo: did:plc:2jnxumqdstyan2lxmd2g2r4l')
2026-03-15T11:39:26Z WARNING bsky_collector_v2.job.index_feed_generators: listRecords failed repo=did:plc:2oceieyrkw6euogh5cft26l5 err=HttpError('InvalidRequest: Could not find repo: did:plc:2oceieyrkw6euogh5cft26l5')
2026-03-15T11:39:26Z WARNING bsky_collector_v2.job.index_feed_generators: listRecords failed repo=did:plc:2ogrzx4y4yvidqwdyaq3pj42 err=HttpError('InvalidRequest: Could not find repo: did:plc:2ogrzx4y4yvidqwdyaq3pj42')
2026-03-15T11:39:26Z WARNING bsky_collector_v2.job.index_feed_generators: listRecords failed repo=did:plc:2sifebqn3cyrdh2ujdaa5nxh err=HttpError('InvalidRequest: Could not find repo: did:plc:2sifebqn3cyrdh2ujdaa5nxh')
2026-03-15T11:39:26Z WARNING bsky_collector_v2.job.index_feed_generators: listRecords failed repo=did:plc:36infvxwotd6ztzvpuzlstfl err=HttpError('InvalidRequest: Could not find repo: did:plc:36infvxwotd6ztzvpuzlstfl')
2026-03-15T11:39:26Z WARNING bsky_collector_v2.job.index_feed_generators: listRecords failed repo=did:plc:3eiyokd5s7tqmmcnl3vi67ap err=HttpError('InvalidRequest: Could not find repo: did:plc:3eiyokd5s7tqmmcnl3vi67ap')
2026-03-15T11:39:27Z WARNING bsky_collector_v2.job.index_feed_generators: listRecords failed repo=did:plc:3ev4vnznndxf2dylxnfytxra err=HttpError('InvalidRequest: Could not find repo: did:plc:3ev4vnznndxf2dylxnfytxra')
2026-03-15T11:39:27Z WARNING bsky_collector_v2.job.index_feed_generators: listRecords failed repo=did:plc:3fzpa7r7ry27kx7n6h43ualu err=HttpError('InvalidRequest: Could not find repo: did:plc:3fzpa7r7ry27kx7n6h43ualu')
2026-03-15T11:39:27Z WARNING bsky_collector_v2.job.index_feed_generators: listRecords failed repo=did:plc:3xrwkahvtmgoqgkqyaxmjby4 err=HttpError('InvalidRequest: Could not find repo: did:plc:3xrwkahvtmgoqgkqyaxmjby4')
2026-03-15T11:39:27Z WARNING bsky_collector_v2.job.index_feed_generators: listRecords failed repo=did:plc:4jkzbu5gehnwqg52gq6fhaai err=HttpError('InvalidRequest: Could not find repo: did:plc:4jkzbu5gehnwqg52gq6fhaai')
2026-03-15T11:39:27Z WARNING bsky_collector_v2.job.index_feed_generators: listRecords failed repo=did:plc:4pomi224haqmbj3odgv5ofet err=HttpError('InvalidRequest: Could not find repo: did:plc:4pomi224haqmbj3odgv5ofet')
2026-03-15T11:39:27Z WARNING bsky_collector_v2.job.index_feed_generators: listRecords failed repo=did:plc:4prtwgovvmi7otwsmmiu5jdg err=HttpError('InvalidRequest: Could not find repo: did:plc:4prtwgovvmi7otwsmmiu5jdg')
2026-03-15T11:39:27Z WARNING bsky_collector_v2.job.index_feed_generators: listRecords failed repo=did:plc:4t7oyeney6mgoau7rzjtizyx err=HttpError('InvalidRequest: Could not find repo: did:plc:4t7oyeney6mgoau7rzjtizyx')
2026-03-15T11:39:27Z WARNING bsky_collector_v2.job.index_feed_generators: listRecords failed repo=did:plc:4tcnnxqy2qw4s3g52g7uss6v err=HttpError('InvalidRequest: Could not find repo: did:plc:4tcnnxqy2qw4s3g52g7uss6v')
2026-03-15T11:39:27Z WARNING bsky_collector_v2.job.index_feed_generators: listRecords failed repo=did:plc:4wghzosurcirnbpckf4frh3a err=HttpError('InvalidRequest: Could not find repo: did:plc:4wghzosurcirnbpckf4frh3a')
2026-03-15T11:39:27Z WARNING bsky_collector_v2.job.index_feed_generators: listRecords failed repo=did:plc:4zen4psesnckwbasph4gpevv err=HttpError('InvalidRequest: Could not find repo: did:plc:4zen4psesnckwbasph4gpevv')
2026-03-15T11:39:27Z WARNING bsky_collector_v2.job.index_feed_generators: listRecords failed repo=did:plc:4zfm4s3fchwsjbyp524aykh5 err=HttpError('InvalidRequest: Could not find repo: did:plc:4zfm4s3fchwsjbyp524aykh5')
2026-03-15T11:39:27Z WARNING bsky_collector_v2.job.index_feed_generators: listRecords failed repo=did:plc:57evxs3aulpv2svefh3m47c6 err=HttpError('InvalidRequest: Could not find repo: did:plc:57evxs3aulpv2svefh3m47c6')
2026-03-15T11:39:27Z WARNING bsky_collector_v2.job.index_feed_generators: listRecords failed repo=did:plc:5e57vk67eiinvy6dxctcko6w err=HttpError('InvalidRequest: Could not find repo: did:plc:5e57vk67eiinvy6dxctcko6w')
2026-03-15T11:39:27Z WARNING bsky_collector_v2.job.index_feed_generators: listRecords failed repo=did:plc:5goowgdabjurobsfn77y6psm err=HttpError('InvalidRequest: Could not find repo: did:plc:5goowgdabjurobsfn77y6psm')
2026-03-15T11:39:27Z WARNING bsky_collector_v2.job.index_feed_generators: listRecords failed repo=did:plc:5ic4snh4moremeyy4tht63cp err=HttpError('InvalidRequest: Could not find repo: did:plc:5ic4snh4moremeyy4tht63cp')
2026-03-15T11:39:27Z WARNING bsky_collector_v2.job.index_feed_generators: listRecords failed repo=did:plc:5kr6d2pxpbbm5ronkqmn77zq err=HttpError('InvalidRequest: Could not find repo: did:plc:5kr6d2pxpbbm5ronkqmn77zq')
2026-03-15T11:39:27Z WARNING bsky_collector_v2.job.index_feed_generators: listRecords failed repo=did:plc:5tpjkhbaqxwmw6b3h6hbkqql err=HttpError('InvalidRequest: Could not find repo: did:plc:5tpjkhbaqxwmw6b3h6hbkqql')
2026-03-15T11:39:27Z WARNING bsky_collector_v2.job.index_feed_generators: listRecords failed repo=did:plc:5ykhybj22lg2vc5rlkjpuqhj err=HttpError('InvalidRequest: Could not find repo: did:plc:5ykhybj22lg2vc5rlkjpuqhj')
2026-03-15T11:39:27Z WARNING bsky_collector_v2.job.index_feed_generators: listRecords failed repo=did:plc:5yrlb5lzyc6hzkrbxuxczztb err=HttpError('InvalidRequest: Could not find repo: did:plc:5yrlb5lzyc6hzkrbxuxczztb')
2026-03-15T11:39:27Z WARNING bsky_collector_v2.job.index_feed_generators: listRecords failed repo=did:plc:5ztmtxhh3a3ri4hcsidtaajh err=HttpError('InvalidRequest: Could not find repo: did:plc:5ztmtxhh3a3ri4hcsidtaajh')
2026-03-15T11:39:28Z WARNING bsky_collector_v2.job.index_feed_generators: listRecords failed repo=did:plc:64cz5nirzj2ry2yz5aigb7fc err=HttpError('InvalidRequest: Could not find repo: did:plc:64cz5nirzj2ry2yz5aigb7fc')
2026-03-15T11:39:28Z WARNING bsky_collector_v2.job.index_feed_generators: listRecords failed repo=did:plc:66xy3mntgzb7lmabupra6oro err=HttpError('InvalidRequest: Could not find repo: did:plc:66xy3mntgzb7lmabupra6oro')
2026-03-15T11:39:28Z WARNING bsky_collector_v2.job.index_feed_generators: listRecords failed repo=did:plc:66ycalpbwymnrsiqqj5w7qtx err=HttpError('InvalidRequest: Could not find repo: did:plc:66ycalpbwymnrsiqqj5w7qtx')
2026-03-15T11:39:28Z WARNING bsky_collector_v2.job.index_feed_generators: listRecords failed repo=did:plc:6g6724tz6uetka26t37q6gqf err=HttpError('InvalidRequest: Could not find repo: did:plc:6g6724tz6uetka26t37q6gqf')
2026-03-15T11:39:28Z WARNING bsky_collector_v2.job.index_feed_generators: listRecords failed repo=did:plc:6iby5htk5xcwhfzhwy5o4uz6 err=HttpError('InvalidRequest: Could not find repo: did:plc:6iby5htk5xcwhfzhwy5o4uz6')
2026-03-15T11:39:28Z WARNING bsky_collector_v2.job.index_feed_generators: listRecords failed repo=did:plc:6t2qnzdvnspy6tnonx4uagti err=HttpError('InvalidRequest: Could not find repo: did:plc:6t2qnzdvnspy6tnonx4uagti')
2026-03-15T11:39:28Z WARNING bsky_collector_v2.job.index_feed_generators: listRecords failed repo=did:plc:6wxynji2ebzl4ya3njv6adgw err=HttpError('InvalidRequest: Could not find repo: did:plc:6wxynji2ebzl4ya3njv6adgw')
2026-03-15T11:39:28Z WARNING bsky_collector_v2.job.index_feed_generators: listRecords failed repo=did:plc:6yy3iw3relzrqgsnvy7gpabp err=HttpError('InvalidRequest: Could not find repo: did:plc:6yy3iw3relzrqgsnvy7gpabp')
2026-03-15T11:39:28Z WARNING bsky_collector_v2.job.index_feed_generators: listRecords failed repo=did:plc:6zgwpmplxph3xhh2koox6pej err=HttpError('InvalidRequest: Could not find repo: did:plc:6zgwpmplxph3xhh2koox6pej')
2026-03-15T11:39:28Z WARNING bsky_collector_v2.job.index_feed_generators: listRecords failed repo=did:plc:75p3f2ec2vd55eh373sckkm6 err=HttpError('InvalidRequest: Could not find repo: did:plc:75p3f2ec2vd55eh373sckkm6')
2026-03-15T11:39:28Z WARNING bsky_collector_v2.job.index_feed_generators: listRecords failed repo=did:plc:76du6xmfepsil2edp4c3eg2m err=HttpError('InvalidRequest: Could not find repo: did:plc:76du6xmfepsil2edp4c3eg2m')
2026-03-15T11:39:28Z WARNING bsky_collector_v2.job.index_feed_generators: listRecords failed repo=did:plc:77yvugg5y7jsylevnxdxxofi err=HttpError('InvalidRequest: Could not find repo: did:plc:77yvugg5y7jsylevnxdxxofi')
2026-03-15T11:39:28Z WARNING bsky_collector_v2.job.index_feed_generators: listRecords failed repo=did:plc:7ezs4kb27kpv4aotuhwcu5hu err=HttpError('InvalidRequest: Could not find repo: did:plc:7ezs4kb27kpv4aotuhwcu5hu')
2026-03-15T11:39:28Z WARNING bsky_collector_v2.job.index_feed_generators: listRecords failed repo=did:plc:7iv72srid2du2zpsjm3ttps7 err=HttpError('InvalidRequest: Could not find repo: did:plc:7iv72srid2du2zpsjm3ttps7')
2026-03-15T11:39:28Z WARNING bsky_collector_v2.job.index_feed_generators: listRecords failed repo=did:plc:7l5erizwtvngjxqiltgvoxww err=HttpError('InvalidRequest: Could not find repo: did:plc:7l5erizwtvngjxqiltgvoxww')
2026-03-15T11:39:28Z WARNING bsky_collector_v2.job.index_feed_generators: listRecords failed repo=did:plc:7thdzhvnf3njf7jskl4holdq err=HttpError('InvalidRequest: Could not find repo: did:plc:7thdzhvnf3njf7jskl4holdq')
2026-03-15T11:39:29Z WARNING bsky_collector_v2.job.index_feed_generators: listRecords failed repo=did:plc:a4hfur33whre4ol2xjcd7qj7 err=HttpError('InvalidRequest: Could not find repo: did:plc:a4hfur33whre4ol2xjcd7qj7')
2026-03-15T11:39:29Z WARNING bsky_collector_v2.job.index_feed_generators: listRecords failed repo=did:plc:a7fzsujoviwcd7ssanksiqur err=HttpError('InvalidRequest: Could not find repo: did:plc:a7fzsujoviwcd7ssanksiqur')
2026-03-15T11:39:29Z WARNING bsky_collector_v2.job.index_feed_generators: listRecords failed repo=did:plc:ae6vfoe22c43iv4bxydajxg2 err=HttpError('InvalidRequest: Could not find repo: did:plc:ae6vfoe22c43iv4bxydajxg2')
2026-03-15T11:39:29Z WARNING bsky_collector_v2.job.index_feed_generators: listRecords failed repo=did:plc:agbmgtu4bh4kks242l3qrb5k err=HttpError('InvalidRequest: Could not find repo: did:plc:agbmgtu4bh4kks242l3qrb5k')
2026-03-15T11:39:29Z WARNING bsky_collector_v2.job.index_feed_generators: listRecords failed repo=did:plc:ahms7dtvexlvznvl32ovwwmw err=HttpError('InvalidRequest: Could not find repo: did:plc:ahms7dtvexlvznvl32ovwwmw')
2026-03-15T11:39:29Z WARNING bsky_collector_v2.job.index_feed_generators: listRecords failed repo=did:plc:ahshkm745b242nxi5osvangq err=HttpError('InvalidRequest: Could not find repo: did:plc:ahshkm745b242nxi5osvangq')
2026-03-15T11:39:29Z WARNING bsky_collector_v2.job.index_feed_generators: listRecords failed repo=did:plc:alojlxhaa634zfnzhotzwsoq err=HttpError('InvalidRequest: Could not find repo: did:plc:alojlxhaa634zfnzhotzwsoq')
2026-03-15T11:39:29Z WARNING bsky_collector_v2.job.index_feed_generators: listRecords failed repo=did:plc:altp5xol7a6xpta5nekybewu err=HttpError('InvalidRequest: Could not find repo: did:plc:altp5xol7a6xpta5nekybewu')
2026-03-15T11:39:29Z WARNING bsky_collector_v2.job.index_feed_generators: listRecords failed repo=did:plc:alvvob5chbmsk2lrjnoimrtc err=HttpError('InvalidRequest: Could not find repo: did:plc:alvvob5chbmsk2lrjnoimrtc')
2026-03-15T11:39:29Z WARNING bsky_collector_v2.job.index_feed_generators: listRecords failed repo=did:plc:aswiycs2ljpwtekyjtpcbijq err=HttpError('InvalidRequest: Could not find repo: did:plc:aswiycs2ljpwtekyjtpcbijq')
2026-03-15T11:39:29Z WARNING bsky_collector_v2.job.index_feed_generators: listRecords failed repo=did:plc:b2qxd2evomp23hrvtz6bougy err=HttpError('InvalidRequest: Could not find repo: did:plc:b2qxd2evomp23hrvtz6bougy')
2026-03-15T11:39:29Z WARNING bsky_collector_v2.job.index_feed_generators: listRecords failed repo=did:plc:b4myx6enutaamwgyjmra2t7y err=HttpError('InvalidRequest: Could not find repo: did:plc:b4myx6enutaamwgyjmra2t7y')
2026-03-15T11:39:29Z WARNING bsky_collector_v2.job.index_feed_generators: listRecords failed repo=did:plc:bipyldtube5yk5j7xcmokvyk err=HttpError('InvalidRequest: Could not find repo: did:plc:bipyldtube5yk5j7xcmokvyk')
2026-03-15T11:39:29Z WARNING bsky_collector_v2.job.index_feed_generators: listRecords failed repo=did:plc:bkfw2bsu2lyraccs5tp2s7td err=HttpError('InvalidRequest: Could not find repo: did:plc:bkfw2bsu2lyraccs5tp2s7td')
2026-03-15T11:39:29Z WARNING bsky_collector_v2.job.index_feed_generators: listRecords failed repo=did:plc:btp3vgzttj4itlqpbku34q3v err=HttpError('InvalidRequest: Could not find repo: did:plc:btp3vgzttj4itlqpbku34q3v')
2026-03-15T11:39:29Z WARNING bsky_collector_v2.job.index_feed_generators: listRecords failed repo=did:plc:bx3xtuvta4s2keczcydndmk5 err=HttpError('InvalidRequest: Could not find repo: did:plc:bx3xtuvta4s2keczcydndmk5')
2026-03-15T11:39:29Z WARNING bsky_collector_v2.job.index_feed_generators: listRecords failed repo=did:plc:bxeqyz63kemdktmyrgkdqg3u err=HttpError('InvalidRequest: Could not find repo: did:plc:bxeqyz63kemdktmyrgkdqg3u')
2026-03-15T11:39:29Z WARNING bsky_collector_v2.job.index_feed_generators: listRecords failed repo=did:plc:by4b6hfjtw4dxv36esg6qy5s err=HttpError('InvalidRequest: Could not find repo: did:plc:by4b6hfjtw4dxv36esg6qy5s')
2026-03-15T11:39:29Z WARNING bsky_collector_v2.job.index_feed_generators: listRecords failed repo=did:plc:c42vcp36wmn7nwzednl2cbr7 err=HttpError('InvalidRequest: Could not find repo: did:plc:c42vcp36wmn7nwzednl2cbr7')
2026-03-15T11:39:30Z WARNING bsky_collector_v2.job.index_feed_generators: listRecords failed repo=did:plc:c5br5mapypfbc6b3e3phgqfl err=HttpError('InvalidRequest: Could not find repo: did:plc:c5br5mapypfbc6b3e3phgqfl')
2026-03-15T11:39:30Z WARNING bsky_collector_v2.job.index_feed_generators: listRecords failed repo=did:plc:c6iotp7lkxa43scdsgtkaal4 err=HttpError('InvalidRequest: Could not find repo: did:plc:c6iotp7lkxa43scdsgtkaal4')
2026-03-15T11:39:30Z WARNING bsky_collector_v2.job.index_feed_generators: listRecords failed repo=did:plc:c7lgy53ooxm3mumbfacha2ui err=HttpError('InvalidRequest: Could not find repo: did:plc:c7lgy53ooxm3mumbfacha2ui')
2026-03-15T11:39:30Z WARNING bsky_collector_v2.job.index_feed_generators: listRecords failed repo=did:plc:casbqr6eyoul3q6uzk3yzwp3 err=HttpError('InvalidRequest: Could not find repo: did:plc:casbqr6eyoul3q6uzk3yzwp3')
2026-03-15T11:39:30Z WARNING bsky_collector_v2.job.index_feed_generators: listRecords failed repo=did:plc:cayxiibbhrx2fbutewmndtqz err=HttpError('InvalidRequest: Could not find repo: did:plc:cayxiibbhrx2fbutewmndtqz')
2026-03-15T11:39:30Z WARNING bsky_collector_v2.job.index_feed_generators: listRecords failed repo=did:plc:cwqoxihnwt5kvmt7kc5vifoq err=HttpError('InvalidRequest: Could not find repo: did:plc:cwqoxihnwt5kvmt7kc5vifoq')
2026-03-15T11:39:30Z WARNING bsky_collector_v2.job.index_feed_generators: listRecords failed repo=did:plc:d536fzgh5evh6nifdq66r3gi err=HttpError('InvalidRequest: Could not find repo: did:plc:d536fzgh5evh6nifdq66r3gi')
2026-03-15T11:39:30Z WARNING bsky_collector_v2.job.index_feed_generators: listRecords failed repo=did:plc:dogh4nxkk27im4af5h6kg3rg err=HttpError('InvalidRequest: Could not find repo: did:plc:dogh4nxkk27im4af5h6kg3rg')
2026-03-15T11:39:30Z WARNING bsky_collector_v2.job.index_feed_generators: listRecords failed repo=did:plc:drtvb53hpabvvjcz6ratqgnd err=HttpError('InvalidRequest: Could not find repo: did:plc:drtvb53hpabvvjcz6ratqgnd')
2026-03-15T11:39:30Z WARNING bsky_collector_v2.job.index_feed_generators: listRecords failed repo=did:plc:dx6wciyghsvnvjndnlzbsh7i err=HttpError('InvalidRequest: Could not find repo: did:plc:dx6wciyghsvnvjndnlzbsh7i')
2026-03-15T11:39:30Z WARNING bsky_collector_v2.job.index_feed_generators: listRecords failed repo=did:plc:dxzhrf4nr4577q4aclqr7kk4 err=HttpError('InvalidRequest: Could not find repo: did:plc:dxzhrf4nr4577q4aclqr7kk4')
2026-03-15T11:39:30Z WARNING bsky_collector_v2.job.index_feed_generators: listRecords failed repo=did:plc:dzzuya454dv2dhf63oe7krmm err=HttpError('InvalidRequest: Could not find repo: did:plc:dzzuya454dv2dhf63oe7krmm')
2026-03-15T11:39:30Z WARNING bsky_collector_v2.job.index_feed_generators: listRecords failed repo=did:plc:eiewkardlsydkvyfxn4fc2g4 err=HttpError('InvalidRequest: Could not find repo: did:plc:eiewkardlsydkvyfxn4fc2g4')
2026-03-15T11:39:30Z WARNING bsky_collector_v2.job.index_feed_generators: listRecords failed repo=did:plc:ex5dzbzmrcqgf3jjpigz3gun err=HttpError('InvalidRequest: Could not find repo: did:plc:ex5dzbzmrcqgf3jjpigz3gun')
2026-03-15T11:39:30Z WARNING bsky_collector_v2.job.index_feed_generators: listRecords failed repo=did:plc:fh2eyrug32mjz2o46zw6nxnh err=HttpError('InvalidRequest: Could not find repo: did:plc:fh2eyrug32mjz2o46zw6nxnh')
2026-03-15T11:39:30Z WARNING bsky_collector_v2.job.index_feed_generators: listRecords failed repo=did:plc:fi24jlwmswmsfdd7d4xm424s err=HttpError('InvalidRequest: Could not find repo: did:plc:fi24jlwmswmsfdd7d4xm424s')
2026-03-15T11:39:30Z WARNING bsky_collector_v2.job.index_feed_generators: listRecords failed repo=did:plc:fosh6nf6r4fqk32ubkntksep err=HttpError('InvalidRequest: Could not find repo: did:plc:fosh6nf6r4fqk32ubkntksep')
2026-03-15T11:39:30Z WARNING bsky_collector_v2.job.index_feed_generators: listRecords failed repo=did:plc:frubi5dm4h3eopc2iw65x3hc err=HttpError('InvalidRequest: Could not find repo: did:plc:frubi5dm4h3eopc2iw65x3hc')
2026-03-15T11:39:30Z WARNING bsky_collector_v2.job.index_feed_generators: listRecords failed repo=did:plc:gacfeiuzflpkk7nbapxlyhjf err=HttpError('InvalidRequest: Could not find repo: did:plc:gacfeiuzflpkk7nbapxlyhjf')
2026-03-15T11:39:30Z WARNING bsky_collector_v2.job.index_feed_generators: listRecords failed repo=did:plc:gctxotswtu5rimuaklqfw2gm err=HttpError('InvalidRequest: Could not find repo: did:plc:gctxotswtu5rimuaklqfw2gm')
2026-03-15T11:39:31Z WARNING bsky_collector_v2.job.index_feed_generators: listRecords failed repo=did:plc:gfd5hbttgduv43ppe7lznvs6 err=HttpError('InvalidRequest: Could not find repo: did:plc:gfd5hbttgduv43ppe7lznvs6')
2026-03-15T11:39:31Z WARNING bsky_collector_v2.job.index_feed_generators: listRecords failed repo=did:plc:ghdjmgsoh7qyq3z524gua5t2 err=HttpError('InvalidRequest: Could not find repo: did:plc:ghdjmgsoh7qyq3z524gua5t2')
2026-03-15T11:39:31Z WARNING bsky_collector_v2.job.index_feed_generators: listRecords failed repo=did:plc:ghmbteq6aszk4kzctxpqbsg3 err=HttpError('InvalidRequest: Could not find repo: did:plc:ghmbteq6aszk4kzctxpqbsg3')
2026-03-15T11:39:31Z WARNING bsky_collector_v2.job.index_feed_generators: listRecords failed repo=did:plc:gk4izvysd4cizphkuvmiauya err=HttpError('InvalidRequest: Could not find repo: did:plc:gk4izvysd4cizphkuvmiauya')
2026-03-15T11:39:31Z WARNING bsky_collector_v2.job.index_feed_generators: listRecords failed repo=did:plc:gn2hw4zxcr4kepcpzoauaepm err=HttpError('InvalidRequest: Could not find repo: did:plc:gn2hw4zxcr4kepcpzoauaepm')
2026-03-15T11:39:31Z WARNING bsky_collector_v2.job.index_feed_generators: listRecords failed repo=did:plc:gnpa2jojujhlzkxdq3s3fwou err=HttpError('InvalidRequest: Could not find repo: did:plc:gnpa2jojujhlzkxdq3s3fwou')
2026-03-15T11:39:31Z WARNING bsky_collector_v2.job.index_feed_generators: listRecords failed repo=did:plc:h3vwd3iz5ztn2fq43xs62fas err=HttpError('InvalidRequest: Could not find repo: did:plc:h3vwd3iz5ztn2fq43xs62fas')
2026-03-15T11:39:31Z WARNING bsky_collector_v2.job.index_feed_generators: listRecords failed repo=did:plc:hekydenadfvrnbjpb3d2k2j7 err=HttpError('InvalidRequest: Could not find repo: did:plc:hekydenadfvrnbjpb3d2k2j7')
2026-03-15T11:39:31Z WARNING bsky_collector_v2.job.index_feed_generators: listRecords failed repo=did:plc:hnibwhq2ieinof3xuyvch2u7 err=HttpError('InvalidRequest: Could not find repo: did:plc:hnibwhq2ieinof3xuyvch2u7')
2026-03-15T11:39:31Z WARNING bsky_collector_v2.job.index_feed_generators: listRecords failed repo=did:plc:hp55iceqq53qimzkieo37ong err=HttpError('InvalidRequest: Could not find repo: did:plc:hp55iceqq53qimzkieo37ong')
2026-03-15T11:39:31Z WARNING bsky_collector_v2.job.index_feed_generators: listRecords failed repo=did:plc:hqp4y7v7iugez6trt552kpq5 err=HttpError('InvalidRequest: Could not find repo: did:plc:hqp4y7v7iugez6trt552kpq5')
2026-03-15T11:39:31Z WARNING bsky_collector_v2.job.index_feed_generators: listRecords failed repo=did:plc:ht3j4t2itcxxkqqsqdg7qygq err=HttpError('InvalidRequest: Could not find repo: did:plc:ht3j4t2itcxxkqqsqdg7qygq')
2026-03-15T11:39:31Z WARNING bsky_collector_v2.job.index_feed_generators: listRecords failed repo=did:plc:i3zjsjsheltm5j2ipr3vvxar err=HttpError('InvalidRequest: Could not find repo: did:plc:i3zjsjsheltm5j2ipr3vvxar')
2026-03-15T11:39:31Z WARNING bsky_collector_v2.job.index_feed_generators: listRecords failed repo=did:plc:ic5osoxzgiotb2z4t7wjpuff err=HttpError('InvalidRequest: Could not find repo: did:plc:ic5osoxzgiotb2z4t7wjpuff')
2026-03-15T11:39:31Z WARNING bsky_collector_v2.job.index_feed_generators: listRecords failed repo=did:plc:icfyskueyy6ph2vdmgfbtecy err=HttpError('InvalidRequest: Could not find repo: did:plc:icfyskueyy6ph2vdmgfbtecy')
2026-03-15T11:39:31Z WARNING bsky_collector_v2.job.index_feed_generators: listRecords failed repo=did:plc:icm36b44c3z7jpc2llc6zly4 err=HttpError('InvalidRequest: Could not find repo: did:plc:icm36b44c3z7jpc2llc6zly4')
2026-03-15T11:39:31Z WARNING bsky_collector_v2.job.index_feed_generators: listRecords failed repo=did:plc:ikbdanwss4bskxsh6jvhdnqm err=HttpError('InvalidRequest: Could not find repo: did:plc:ikbdanwss4bskxsh6jvhdnqm')
2026-03-15T11:39:31Z WARNING bsky_collector_v2.job.index_feed_generators: listRecords failed repo=did:plc:iocta4crfrfejm7vptkdaer3 err=HttpError('InvalidRequest: Could not find repo: did:plc:iocta4crfrfejm7vptkdaer3')
2026-03-15T11:39:31Z WARNING bsky_collector_v2.job.index_feed_generators: listRecords failed repo=did:plc:iomz6ewqh6l5rkgy3p3kd3od err=HttpError('InvalidRequest: Could not find repo: did:plc:iomz6ewqh6l5rkgy3p3kd3od')
2026-03-15T11:39:32Z WARNING bsky_collector_v2.job.index_feed_generators: listRecords failed repo=did:plc:irzajcerbte4i3qrt6v6s4pz err=HttpError('InvalidRequest: Could not find repo: did:plc:irzajcerbte4i3qrt6v6s4pz')
2026-03-15T11:39:32Z WARNING bsky_collector_v2.job.index_feed_generators: listRecords failed repo=did:plc:ivtepeemrqq3hscabvhrizf2 err=HttpError('InvalidRequest: Could not find repo: did:plc:ivtepeemrqq3hscabvhrizf2')
2026-03-15T11:39:32Z WARNING bsky_collector_v2.job.index_feed_generators: listRecords failed repo=did:plc:izfycvo76cosvn4wy3urioxm err=HttpError('InvalidRequest: Could not find repo: did:plc:izfycvo76cosvn4wy3urioxm')
2026-03-15T11:39:32Z WARNING bsky_collector_v2.job.index_feed_generators: listRecords failed repo=did:plc:izngx3u6jphoyrrzui7qfrdz err=HttpError('InvalidRequest: Could not find repo: did:plc:izngx3u6jphoyrrzui7qfrdz')
2026-03-15T11:39:32Z WARNING bsky_collector_v2.job.index_feed_generators: listRecords failed repo=did:plc:jbpcpyr3ont5dmuvp3y4kimy err=HttpError('InvalidRequest: Could not find repo: did:plc:jbpcpyr3ont5dmuvp3y4kimy')
2026-03-15T11:39:32Z WARNING bsky_collector_v2.job.index_feed_generators: listRecords failed repo=did:plc:jlnlperylfbl7zqkdpvuozrp err=HttpError('InvalidRequest: Could not find repo: did:plc:jlnlperylfbl7zqkdpvuozrp')
2026-03-15T11:39:32Z WARNING bsky_collector_v2.job.index_feed_generators: listRecords failed repo=did:plc:jw4ow2hunb3mexs7eehq2twi err=HttpError('InvalidRequest: Could not find repo: did:plc:jw4ow2hunb3mexs7eehq2twi')
2026-03-15T11:39:32Z WARNING bsky_collector_v2.job.index_feed_generators: listRecords failed repo=did:plc:jwfdhpthxj6d7jt4oumwosxh err=HttpError('InvalidRequest: Could not find repo: did:plc:jwfdhpthxj6d7jt4oumwosxh')
2026-03-15T11:39:32Z WARNING bsky_collector_v2.job.index_feed_generators: listRecords failed repo=did:plc:k4guye7oe6hii2n2fisf5j5l err=HttpError('InvalidRequest: Could not find repo: did:plc:k4guye7oe6hii2n2fisf5j5l')
2026-03-15T11:39:32Z WARNING bsky_collector_v2.job.index_feed_generators: listRecords failed repo=did:plc:kfumravf6uo6vf46qnymascp err=HttpError('InvalidRequest: Could not find repo: did:plc:kfumravf6uo6vf46qnymascp')
2026-03-15T11:39:32Z WARNING bsky_collector_v2.job.index_feed_generators: listRecords failed repo=did:plc:kmdomyo622tpfwehr7o333fo err=HttpError('InvalidRequest: Could not find repo: did:plc:kmdomyo622tpfwehr7o333fo')
2026-03-15T11:39:32Z WARNING bsky_collector_v2.job.index_feed_generators: listRecords failed repo=did:plc:kw5s6rxqp7zlumhnwvxrxbmo err=HttpError('InvalidRequest: Could not find repo: did:plc:kw5s6rxqp7zlumhnwvxrxbmo')
2026-03-15T11:39:32Z WARNING bsky_collector_v2.job.index_feed_generators: listRecords failed repo=did:plc:kycuspig7wl26c5wbwqde2px err=HttpError('InvalidRequest: Could not find repo: did:plc:kycuspig7wl26c5wbwqde2px')
2026-03-15T11:39:32Z WARNING bsky_collector_v2.job.index_feed_generators: listRecords failed repo=did:plc:lj3qf5pdrb72haxii66bblu4 err=HttpError('InvalidRequest: Could not find repo: did:plc:lj3qf5pdrb72haxii66bblu4')
2026-03-15T11:39:32Z WARNING bsky_collector_v2.job.index_feed_generators: listRecords failed repo=did:plc:lmayvu7kodkdpibrsevs5fve err=HttpError('InvalidRequest: Could not find repo: did:plc:lmayvu7kodkdpibrsevs5fve')
2026-03-15T11:39:32Z WARNING bsky_collector_v2.job.index_feed_generators: listRecords failed repo=did:plc:lmwaghei5osiolbqaevd2lxl err=HttpError('InvalidRequest: Could not find repo: did:plc:lmwaghei5osiolbqaevd2lxl')
2026-03-15T11:39:32Z WARNING bsky_collector_v2.job.index_feed_generators: listRecords failed repo=did:plc:lpnweeuso5mfio5fua4re6tk err=HttpError('InvalidRequest: Could not find repo: did:plc:lpnweeuso5mfio5fua4re6tk')
2026-03-15T11:39:32Z WARNING bsky_collector_v2.job.index_feed_generators: listRecords failed repo=did:plc:lpubmk2btxhcc6shs7i35p5e err=HttpError('InvalidRequest: Could not find repo: did:plc:lpubmk2btxhcc6shs7i35p5e')
2026-03-15T11:39:33Z WARNING bsky_collector_v2.job.index_feed_generators: listRecords failed repo=did:plc:lqi554hkwtynuoajcrepalfu err=HttpError('InvalidRequest: Could not find repo: did:plc:lqi554hkwtynuoajcrepalfu')
2026-03-15T11:39:33Z WARNING bsky_collector_v2.job.index_feed_generators: listRecords failed repo=did:plc:lqlixmbvikzkgokmy5alnskl err=HttpError('InvalidRequest: Could not find repo: did:plc:lqlixmbvikzkgokmy5alnskl')
2026-03-15T11:39:33Z WARNING bsky_collector_v2.job.index_feed_generators: listRecords failed repo=did:plc:lroa4nycyosg6cyuqfmaqnpz err=HttpError('InvalidRequest: Could not find repo: did:plc:lroa4nycyosg6cyuqfmaqnpz')
2026-03-15T11:39:33Z WARNING bsky_collector_v2.job.index_feed_generators: listRecords failed repo=did:plc:lwmsc2xutohxugtnsq5my4oq err=HttpError('InvalidRequest: Could not find repo: did:plc:lwmsc2xutohxugtnsq5my4oq')
2026-03-15T11:39:33Z WARNING bsky_collector_v2.job.index_feed_generators: listRecords failed repo=did:plc:m2camqpoo63m6yicuclfyrik err=HttpError('InvalidRequest: Could not find repo: did:plc:m2camqpoo63m6yicuclfyrik')
2026-03-15T11:39:33Z WARNING bsky_collector_v2.job.index_feed_generators: listRecords failed repo=did:plc:mngtoc3nfel362auudm2kmsa err=HttpError('InvalidRequest: Could not find repo: did:plc:mngtoc3nfel362auudm2kmsa')
2026-03-15T11:39:33Z WARNING bsky_collector_v2.job.index_feed_generators: listRecords failed repo=did:plc:mrra3na2h2gwpncpz5yzeydv err=HttpError('InvalidRequest: Could not find repo: did:plc:mrra3na2h2gwpncpz5yzeydv')
2026-03-15T11:39:33Z WARNING bsky_collector_v2.job.index_feed_generators: listRecords failed repo=did:plc:mrv43z6ns465nmqefsgu25ac err=HttpError('InvalidRequest: Could not find repo: did:plc:mrv43z6ns465nmqefsgu25ac')
2026-03-15T11:39:33Z WARNING bsky_collector_v2.job.index_feed_generators: listRecords failed repo=did:plc:mtsbudi6q633zaaxpchfhwv2 err=HttpError('InvalidRequest: Could not find repo: did:plc:mtsbudi6q633zaaxpchfhwv2')
2026-03-15T11:39:33Z WARNING bsky_collector_v2.job.index_feed_generators: listRecords failed repo=did:plc:mvhz7zgj3kqmp3xwlteadxk7 err=HttpError('InvalidRequest: Could not find repo: did:plc:mvhz7zgj3kqmp3xwlteadxk7')
2026-03-15T11:39:33Z WARNING bsky_collector_v2.job.index_feed_generators: listRecords failed repo=did:plc:mxekfbw5e5mahlhp7hp5skfn err=HttpError('InvalidRequest: Could not find repo: did:plc:mxekfbw5e5mahlhp7hp5skfn')
2026-03-15T11:39:33Z WARNING bsky_collector_v2.job.index_feed_generators: listRecords failed repo=did:plc:mydpe5c3tcikrt2ytzn3s6vw err=HttpError('InvalidRequest: Could not find repo: did:plc:mydpe5c3tcikrt2ytzn3s6vw')
2026-03-15T11:39:33Z WARNING bsky_collector_v2.job.index_feed_generators: listRecords failed repo=did:plc:n5fkzw467czkaifs54rlecgx err=HttpError('InvalidRequest: Could not find repo: did:plc:n5fkzw467czkaifs54rlecgx')
2026-03-15T11:39:33Z WARNING bsky_collector_v2.job.index_feed_generators: listRecords failed repo=did:plc:nbdm2fl5tdbbynxe77o22rh6 err=HttpError('InvalidRequest: Could not find repo: did:plc:nbdm2fl5tdbbynxe77o22rh6')
2026-03-15T11:39:33Z WARNING bsky_collector_v2.job.index_feed_generators: listRecords failed repo=did:plc:niwed5dzqepzzoqo6tk3o5i3 err=HttpError('InvalidRequest: Could not find repo: did:plc:niwed5dzqepzzoqo6tk3o5i3')
2026-03-15T11:39:33Z WARNING bsky_collector_v2.job.index_feed_generators: listRecords failed repo=did:plc:nj2rg7kkwlm6pd5grkhek2rg err=HttpError('InvalidRequest: Could not find repo: did:plc:nj2rg7kkwlm6pd5grkhek2rg')
2026-03-15T11:39:33Z WARNING bsky_collector_v2.job.index_feed_generators: listRecords failed repo=did:plc:njqhmfc36tspyle6z5sy6zl4 err=HttpError('InvalidRequest: Could not find repo: did:plc:njqhmfc36tspyle6z5sy6zl4')
2026-03-15T11:39:33Z WARNING bsky_collector_v2.job.index_feed_generators: listRecords failed repo=did:plc:nove7y543xaskgnjw56b3gbt err=HttpError('InvalidRequest: Could not find repo: did:plc:nove7y543xaskgnjw56b3gbt')
2026-03-15T11:39:33Z WARNING bsky_collector_v2.job.index_feed_generators: listRecords failed repo=did:plc:nvsftuokwwouwjmttk3ugadq err=HttpError('InvalidRequest: Could not find repo: did:plc:nvsftuokwwouwjmttk3ugadq')
2026-03-15T11:39:34Z WARNING bsky_collector_v2.job.index_feed_generators: listRecords failed repo=did:plc:nxzpinlzy65r6jhct2lkoqua err=HttpError('InvalidRequest: Could not find repo: did:plc:nxzpinlzy65r6jhct2lkoqua')
2026-03-15T11:39:34Z WARNING bsky_collector_v2.job.index_feed_generators: listRecords failed repo=did:plc:o3ihpyksron7ygtne5bjsm5f err=HttpError('InvalidRequest: Could not find repo: did:plc:o3ihpyksron7ygtne5bjsm5f')
2026-03-15T11:39:34Z WARNING bsky_collector_v2.job.index_feed_generators: listRecords failed repo=did:plc:o54jqzquyn4hadubxai3r7oy err=HttpError('InvalidRequest: Could not find repo: did:plc:o54jqzquyn4hadubxai3r7oy')
2026-03-15T11:39:34Z WARNING bsky_collector_v2.job.index_feed_generators: listRecords failed repo=did:plc:o5nutwehybksd63qygh76iay err=HttpError('InvalidRequest: Could not find repo: did:plc:o5nutwehybksd63qygh76iay')
2026-03-15T11:39:34Z WARNING bsky_collector_v2.job.index_feed_generators: listRecords failed repo=did:plc:oa6pt6nn3g5sujpoc6xlhlaq err=HttpError('InvalidRequest: Could not find repo: did:plc:oa6pt6nn3g5sujpoc6xlhlaq')
2026-03-15T11:39:34Z WARNING bsky_collector_v2.job.index_feed_generators: listRecords failed repo=did:plc:on35npyyi775ei3joet3kdu2 err=HttpError('InvalidRequest: Could not find repo: did:plc:on35npyyi775ei3joet3kdu2')
2026-03-15T11:39:34Z WARNING bsky_collector_v2.job.index_feed_generators: listRecords failed repo=did:plc:opiayk4lj4fuxnzgpk7ffejq err=HttpError('InvalidRequest: Could not find repo: did:plc:opiayk4lj4fuxnzgpk7ffejq')
2026-03-15T11:39:34Z WARNING bsky_collector_v2.job.index_feed_generators: listRecords failed repo=did:plc:ovut6hvmb3qmz6i3mrmtzli6 err=HttpError('InvalidRequest: Could not find repo: did:plc:ovut6hvmb3qmz6i3mrmtzli6')
2026-03-15T11:39:34Z WARNING bsky_collector_v2.job.index_feed_generators: listRecords failed repo=did:plc:ozebjyoaykaksptr62nlyfll err=HttpError('InvalidRequest: Could not find repo: did:plc:ozebjyoaykaksptr62nlyfll')
2026-03-15T11:39:34Z WARNING bsky_collector_v2.job.index_feed_generators: listRecords failed repo=did:plc:pav244btopbja3vgxg2d2k2y err=HttpError('InvalidRequest: Could not find repo: did:plc:pav244btopbja3vgxg2d2k2y')
2026-03-15T11:39:34Z WARNING bsky_collector_v2.job.index_feed_generators: listRecords failed repo=did:plc:pjp7idzhjtrwyjxdnmckpw7f err=HttpError('InvalidRequest: Could not find repo: did:plc:pjp7idzhjtrwyjxdnmckpw7f')
2026-03-15T11:39:34Z WARNING bsky_collector_v2.job.index_feed_generators: listRecords failed repo=did:plc:pju5bfz5sqrocu527xlpbsad err=HttpError('InvalidRequest: Could not find repo: did:plc:pju5bfz5sqrocu527xlpbsad')
2026-03-15T11:39:34Z WARNING bsky_collector_v2.job.index_feed_generators: listRecords failed repo=did:plc:prxghuq3lpqzxq4it45sa4c2 err=HttpError('InvalidRequest: Could not find repo: did:plc:prxghuq3lpqzxq4it45sa4c2')
2026-03-15T11:39:34Z WARNING bsky_collector_v2.job.index_feed_generators: listRecords failed repo=did:plc:ps6vqkiftcpo3xibju22xrtu err=HttpError('InvalidRequest: Could not find repo: did:plc:ps6vqkiftcpo3xibju22xrtu')
2026-03-15T11:39:34Z WARNING bsky_collector_v2.job.index_feed_generators: listRecords failed repo=did:plc:qafjixw34hpk36ipf3624tu6 err=HttpError('InvalidRequest: Could not find repo: did:plc:qafjixw34hpk36ipf3624tu6')
2026-03-15T11:39:34Z WARNING bsky_collector_v2.job.index_feed_generators: listRecords failed repo=did:plc:qc75nhkb5el6nhy4huosj5qw err=HttpError('InvalidRequest: Could not find repo: did:plc:qc75nhkb5el6nhy4huosj5qw')
2026-03-15T11:39:34Z WARNING bsky_collector_v2.job.index_feed_generators: listRecords failed repo=did:plc:qougdigf5hdvb3p2qdwgswzk err=HttpError('InvalidRequest: Could not find repo: did:plc:qougdigf5hdvb3p2qdwgswzk')
2026-03-15T11:39:34Z WARNING bsky_collector_v2.job.index_feed_generators: listRecords failed repo=did:plc:qqh556gnszxp26w2d4curuvm err=HttpError('InvalidRequest: Could not find repo: did:plc:qqh556gnszxp26w2d4curuvm')
2026-03-15T11:39:34Z WARNING bsky_collector_v2.job.index_feed_generators: listRecords failed repo=did:plc:qv262zlfrdvjueyw7kxkuf6u err=HttpError('InvalidRequest: Could not find repo: did:plc:qv262zlfrdvjueyw7kxkuf6u')
2026-03-15T11:39:35Z WARNING bsky_collector_v2.job.index_feed_generators: listRecords failed repo=did:plc:qvtwurlxh77iz4i2vyscysia err=HttpError('InvalidRequest: Could not find repo: did:plc:qvtwurlxh77iz4i2vyscysia')
2026-03-15T11:39:35Z WARNING bsky_collector_v2.job.index_feed_generators: listRecords failed repo=did:plc:qzel44tpadskg645am3wqti6 err=HttpError('InvalidRequest: Could not find repo: did:plc:qzel44tpadskg645am3wqti6')
2026-03-15T11:39:35Z WARNING bsky_collector_v2.job.index_feed_generators: listRecords failed repo=did:plc:raktnmfgn4kzq37edg3wxuzu err=HttpError('InvalidRequest: Could not find repo: did:plc:raktnmfgn4kzq37edg3wxuzu')
2026-03-15T11:39:35Z WARNING bsky_collector_v2.job.index_feed_generators: listRecords failed repo=did:plc:rcwx5vlxsb2kpjvmejvs7f6b err=HttpError('InvalidRequest: Could not find repo: did:plc:rcwx5vlxsb2kpjvmejvs7f6b')
2026-03-15T11:39:35Z WARNING bsky_collector_v2.job.index_feed_generators: listRecords failed repo=did:plc:rt3xkkorw6cp6mfmsxb5z5ml err=HttpError('InvalidRequest: Could not find repo: did:plc:rt3xkkorw6cp6mfmsxb5z5ml')
2026-03-15T11:39:35Z WARNING bsky_collector_v2.job.index_feed_generators: listRecords failed repo=did:plc:rtm6q5i6pqpuuqhz2fxitryd err=HttpError('InvalidRequest: Could not find repo: did:plc:rtm6q5i6pqpuuqhz2fxitryd')
2026-03-15T11:39:35Z WARNING bsky_collector_v2.job.index_feed_generators: listRecords failed repo=did:plc:s3hurvh7mhhhpvhkspk77yu2 err=HttpError('InvalidRequest: Could not find repo: did:plc:s3hurvh7mhhhpvhkspk77yu2')
2026-03-15T11:39:35Z WARNING bsky_collector_v2.job.index_feed_generators: listRecords failed repo=did:plc:s3zgdb5wjbdg3w64de6qm4ct err=HttpError('InvalidRequest: Could not find repo: did:plc:s3zgdb5wjbdg3w64de6qm4ct')
2026-03-15T11:39:35Z WARNING bsky_collector_v2.job.index_feed_generators: listRecords failed repo=did:plc:sfoncz3txf6v2yfurplfjtny err=HttpError('InvalidRequest: Could not find repo: did:plc:sfoncz3txf6v2yfurplfjtny')
2026-03-15T11:39:35Z WARNING bsky_collector_v2.job.index_feed_generators: listRecords failed repo=did:plc:skxg4dqjxiypoz3a5x2dhw4l err=HttpError('InvalidRequest: Could not find repo: did:plc:skxg4dqjxiypoz3a5x2dhw4l')
2026-03-15T11:39:35Z WARNING bsky_collector_v2.job.index_feed_generators: listRecords failed repo=did:plc:sqgngjatguc6eh5nfpf4k7q6 err=HttpError('InvalidRequest: Could not find repo: did:plc:sqgngjatguc6eh5nfpf4k7q6')
2026-03-15T11:39:35Z WARNING bsky_collector_v2.job.index_feed_generators: listRecords failed repo=did:plc:srkwnn5wzjfqrbam3p4kboyg err=HttpError('InvalidRequest: Could not find repo: did:plc:srkwnn5wzjfqrbam3p4kboyg')
2026-03-15T11:39:35Z WARNING bsky_collector_v2.job.index_feed_generators: listRecords failed repo=did:plc:svqedy4prcbnfhp3j2b52v2v err=HttpError('InvalidRequest: Could not find repo: did:plc:svqedy4prcbnfhp3j2b52v2v')
2026-03-15T11:39:35Z WARNING bsky_collector_v2.job.index_feed_generators: listRecords failed repo=did:plc:t75at4gqyjaxcu5nloil6qne err=HttpError('InvalidRequest: Could not find repo: did:plc:t75at4gqyjaxcu5nloil6qne')
2026-03-15T11:39:35Z WARNING bsky_collector_v2.job.index_feed_generators: listRecords failed repo=did:plc:tc4irchsxa4rlz4w2isy7xgf err=HttpError('InvalidRequest: Could not find repo: did:plc:tc4irchsxa4rlz4w2isy7xgf')
2026-03-15T11:39:35Z WARNING bsky_collector_v2.job.index_feed_generators: listRecords failed repo=did:plc:tc6lm6e4bao5zkqdrepy6m7x err=HttpError('InvalidRequest: Could not find repo: did:plc:tc6lm6e4bao5zkqdrepy6m7x')
2026-03-15T11:39:35Z WARNING bsky_collector_v2.job.index_feed_generators: listRecords failed repo=did:plc:tcxjo46mitxva3utg4sahyrg err=HttpError('InvalidRequest: Could not find repo: did:plc:tcxjo46mitxva3utg4sahyrg')
2026-03-15T11:39:35Z WARNING bsky_collector_v2.job.index_feed_generators: listRecords failed repo=did:plc:tmj3hindwwhazikysb4cu6er err=HttpError('InvalidRequest: Could not find repo: did:plc:tmj3hindwwhazikysb4cu6er')
2026-03-15T11:39:35Z WARNING bsky_collector_v2.job.index_feed_generators: listRecords failed repo=did:plc:tncutyqhenjdgfgtjqwghwgh err=HttpError('InvalidRequest: Could not find repo: did:plc:tncutyqhenjdgfgtjqwghwgh')
2026-03-15T11:39:36Z WARNING bsky_collector_v2.job.index_feed_generators: listRecords failed repo=did:plc:trjnouyt5tbncseufie5btuz err=HttpError('InvalidRequest: Could not find repo: did:plc:trjnouyt5tbncseufie5btuz')
2026-03-15T11:39:36Z WARNING bsky_collector_v2.job.index_feed_generators: listRecords failed repo=did:plc:tzg6ea5rjcnpykdjfcufx2ch err=HttpError('InvalidRequest: Could not find repo: did:plc:tzg6ea5rjcnpykdjfcufx2ch')
2026-03-15T11:39:36Z WARNING bsky_collector_v2.job.index_feed_generators: listRecords failed repo=did:plc:u2kdre3bbzyci4eo3nirktuw err=HttpError('InvalidRequest: Could not find repo: did:plc:u2kdre3bbzyci4eo3nirktuw')
2026-03-15T11:39:36Z WARNING bsky_collector_v2.job.index_feed_generators: listRecords failed repo=did:plc:uc7itqnr7uihuekorvjekn4s err=HttpError('InvalidRequest: Could not find repo: did:plc:uc7itqnr7uihuekorvjekn4s')
2026-03-15T11:39:36Z WARNING bsky_collector_v2.job.index_feed_generators: listRecords failed repo=did:plc:ulgyx5aehox7wurtobpu7367 err=HttpError('InvalidRequest: Could not find repo: did:plc:ulgyx5aehox7wurtobpu7367')
2026-03-15T11:39:36Z WARNING bsky_collector_v2.job.index_feed_generators: listRecords failed repo=did:plc:uo6islpmpipho6js7bx4gvxl err=HttpError('InvalidRequest: Could not find repo: did:plc:uo6islpmpipho6js7bx4gvxl')
2026-03-15T11:39:36Z WARNING bsky_collector_v2.job.index_feed_generators: listRecords failed repo=did:plc:uvpvdcexmzi7mjji3m3unr46 err=HttpError('InvalidRequest: Could not find repo: did:plc:uvpvdcexmzi7mjji3m3unr46')
2026-03-15T11:39:36Z WARNING bsky_collector_v2.job.index_feed_generators: listRecords failed repo=did:plc:uww5ofe2ozyancoagxu53kv7 err=HttpError('InvalidRequest: Could not find repo: did:plc:uww5ofe2ozyancoagxu53kv7')
2026-03-15T11:39:36Z WARNING bsky_collector_v2.job.index_feed_generators: listRecords failed repo=did:plc:uz4c46yuxeyijm4hv4vixuk4 err=HttpError('InvalidRequest: Could not find repo: did:plc:uz4c46yuxeyijm4hv4vixuk4')
2026-03-15T11:39:36Z WARNING bsky_collector_v2.job.index_feed_generators: listRecords failed repo=did:plc:vadsmyi4qsld4wnlzh6735jv err=HttpError('InvalidRequest: Could not find repo: did:plc:vadsmyi4qsld4wnlzh6735jv')
2026-03-15T11:39:36Z WARNING bsky_collector_v2.job.index_feed_generators: listRecords failed repo=did:plc:vbnilslt25zc65pnjv7m5q6m err=HttpError('InvalidRequest: Could not find repo: did:plc:vbnilslt25zc65pnjv7m5q6m')
2026-03-15T11:39:36Z WARNING bsky_collector_v2.job.index_feed_generators: listRecords failed repo=did:plc:vd54mdm72bb72stxv62ly3ub err=HttpError('InvalidRequest: Could not find repo: did:plc:vd54mdm72bb72stxv62ly3ub')
2026-03-15T11:39:36Z WARNING bsky_collector_v2.job.index_feed_generators: listRecords failed repo=did:plc:veqrkhssucfcqnqqedlsw4nk err=HttpError('InvalidRequest: Could not find repo: did:plc:veqrkhssucfcqnqqedlsw4nk')
2026-03-15T11:39:36Z WARNING bsky_collector_v2.job.index_feed_generators: listRecords failed repo=did:plc:vkngkfbrfofjmnbsqqipileo err=HttpError('InvalidRequest: Could not find repo: did:plc:vkngkfbrfofjmnbsqqipileo')
2026-03-15T11:39:36Z WARNING bsky_collector_v2.job.index_feed_generators: listRecords failed repo=did:plc:vp2bweo4xrnz7wgncmibowme err=HttpError('InvalidRequest: Could not find repo: did:plc:vp2bweo4xrnz7wgncmibowme')
2026-03-15T11:39:36Z WARNING bsky_collector_v2.job.index_feed_generators: listRecords failed repo=did:plc:vthyljmx6fs6d3bkcqmk3u6y err=HttpError('InvalidRequest: Could not find repo: did:plc:vthyljmx6fs6d3bkcqmk3u6y')
2026-03-15T11:39:36Z WARNING bsky_collector_v2.job.index_feed_generators: listRecords failed repo=did:plc:vzgyizvo3stcairbdpyhvcfk err=HttpError('InvalidRequest: Could not find repo: did:plc:vzgyizvo3stcairbdpyhvcfk')
2026-03-15T11:39:36Z WARNING bsky_collector_v2.job.index_feed_generators: listRecords failed repo=did:plc:vzmv6ogt5l4rvj6gifqulhty err=HttpError('InvalidRequest: Could not find repo: did:plc:vzmv6ogt5l4rvj6gifqulhty')
2026-03-15T11:39:36Z WARNING bsky_collector_v2.job.index_feed_generators: listRecords failed repo=did:plc:w65unt7gpcowehkb26ggubwi err=HttpError('InvalidRequest: Could not find repo: did:plc:w65unt7gpcowehkb26ggubwi')
2026-03-15T11:39:37Z WARNING bsky_collector_v2.job.index_feed_generators: listRecords failed repo=did:plc:w7kkadojfl5nfim5bknu6pzl err=HttpError('InvalidRequest: Could not find repo: did:plc:w7kkadojfl5nfim5bknu6pzl')
2026-03-15T11:39:37Z WARNING bsky_collector_v2.job.index_feed_generators: listRecords failed repo=did:plc:wchbu2icaqcrul7ai5ulg2fq err=HttpError('InvalidRequest: Could not find repo: did:plc:wchbu2icaqcrul7ai5ulg2fq')
2026-03-15T11:39:37Z WARNING bsky_collector_v2.job.index_feed_generators: listRecords failed repo=did:plc:wcj56gxcwdywvrcaskbbbg4n err=HttpError('InvalidRequest: Could not find repo: did:plc:wcj56gxcwdywvrcaskbbbg4n')
2026-03-15T11:39:37Z WARNING bsky_collector_v2.job.index_feed_generators: listRecords failed repo=did:plc:wgy7dcxnwffmz7nidpsknyc3 err=HttpError('InvalidRequest: Could not find repo: did:plc:wgy7dcxnwffmz7nidpsknyc3')
2026-03-15T11:39:37Z WARNING bsky_collector_v2.job.index_feed_generators: listRecords failed repo=did:plc:wlykbhkn347wb33ns2d4npzw err=HttpError('InvalidRequest: Could not find repo: did:plc:wlykbhkn347wb33ns2d4npzw')
2026-03-15T11:39:37Z WARNING bsky_collector_v2.job.index_feed_generators: listRecords failed repo=did:plc:wucla56wzpjut2f5mbbymyyl err=HttpError('InvalidRequest: Could not find repo: did:plc:wucla56wzpjut2f5mbbymyyl')
2026-03-15T11:39:37Z WARNING bsky_collector_v2.job.index_feed_generators: listRecords failed repo=did:plc:x4a5aqgjtdvxtrlspe5cu6td err=HttpError('InvalidRequest: Could not find repo: did:plc:x4a5aqgjtdvxtrlspe5cu6td')
2026-03-15T11:39:37Z WARNING bsky_collector_v2.job.index_feed_generators: listRecords failed repo=did:plc:x4ax6jh2a25sznw5ykwr3fh3 err=HttpError('InvalidRequest: Could not find repo: did:plc:x4ax6jh2a25sznw5ykwr3fh3')
2026-03-15T11:39:37Z WARNING bsky_collector_v2.job.index_feed_generators: listRecords failed repo=did:plc:xabuymq25jpufuto2i6a6med err=HttpError('InvalidRequest: Could not find repo: did:plc:xabuymq25jpufuto2i6a6med')
2026-03-15T11:39:37Z WARNING bsky_collector_v2.job.index_feed_generators: listRecords failed repo=did:plc:xb2wam2rphdg2jofxehvizfs err=HttpError('InvalidRequest: Could not find repo: did:plc:xb2wam2rphdg2jofxehvizfs')
2026-03-15T11:39:37Z WARNING bsky_collector_v2.job.index_feed_generators: listRecords failed repo=did:plc:xdz4tkmtx2pjsovv3r2slgzq err=HttpError('InvalidRequest: Could not find repo: did:plc:xdz4tkmtx2pjsovv3r2slgzq')
2026-03-15T11:39:37Z WARNING bsky_collector_v2.job.index_feed_generators: listRecords failed repo=did:plc:xgvg2vsf3k5kcwiziwfm2yl2 err=HttpError('InvalidRequest: Could not find repo: did:plc:xgvg2vsf3k5kcwiziwfm2yl2')
2026-03-15T11:39:37Z WARNING bsky_collector_v2.job.index_feed_generators: listRecords failed repo=did:plc:xhk6uglvr7feb5dhs47ewp3z err=HttpError('InvalidRequest: Could not find repo: did:plc:xhk6uglvr7feb5dhs47ewp3z')
2026-03-15T11:39:37Z WARNING bsky_collector_v2.job.index_feed_generators: listRecords failed repo=did:plc:xknombi464sm7b4snmpsxkjg err=HttpError('InvalidRequest: Could not find repo: did:plc:xknombi464sm7b4snmpsxkjg')
2026-03-15T11:39:37Z WARNING bsky_collector_v2.job.index_feed_generators: listRecords failed repo=did:plc:xqy3sufzonrg22bgxrikucxb err=HttpError('InvalidRequest: Could not find repo: did:plc:xqy3sufzonrg22bgxrikucxb')
2026-03-15T11:39:37Z WARNING bsky_collector_v2.job.index_feed_generators: listRecords failed repo=did:plc:xww4to4o6a2zlmlrdp3moxxe err=HttpError('InvalidRequest: Could not find repo: did:plc:xww4to4o6a2zlmlrdp3moxxe')
2026-03-15T11:39:37Z WARNING bsky_collector_v2.job.index_feed_generators: listRecords failed repo=did:plc:xzasge3p2daqiucljc7qiryt err=HttpError('InvalidRequest: Could not find repo: did:plc:xzasge3p2daqiucljc7qiryt')
2026-03-15T11:39:37Z WARNING bsky_collector_v2.job.index_feed_generators: listRecords failed repo=did:plc:y4lznou2zhxqrhmjxybzjvxu err=HttpError('InvalidRequest: Could not find repo: did:plc:y4lznou2zhxqrhmjxybzjvxu')
2026-03-15T11:39:38Z WARNING bsky_collector_v2.job.index_feed_generators: listRecords failed repo=did:plc:yamff7bzrd72twfxc3adrevo err=HttpError('InvalidRequest: Could not find repo: did:plc:yamff7bzrd72twfxc3adrevo')
2026-03-15T11:39:38Z WARNING bsky_collector_v2.job.index_feed_generators: listRecords failed repo=did:plc:ycxyfp2kqj67ijv4ff7no7sg err=HttpError('InvalidRequest: Could not find repo: did:plc:ycxyfp2kqj67ijv4ff7no7sg')
2026-03-15T11:39:38Z WARNING bsky_collector_v2.job.index_feed_generators: listRecords failed repo=did:plc:yekd4id2mk5pie76zpgzyli2 err=HttpError('InvalidRequest: Could not find repo: did:plc:yekd4id2mk5pie76zpgzyli2')
2026-03-15T11:39:38Z WARNING bsky_collector_v2.job.index_feed_generators: listRecords failed repo=did:plc:ygbsrwctgobta6ocuuaxog4y err=HttpError('InvalidRequest: Could not find repo: did:plc:ygbsrwctgobta6ocuuaxog4y')
2026-03-15T11:39:38Z WARNING bsky_collector_v2.job.index_feed_generators: listRecords failed repo=did:plc:yjsowp7vo7vds73j4g5476ba err=HttpError('InvalidRequest: Could not find repo: did:plc:yjsowp7vo7vds73j4g5476ba')
2026-03-15T11:39:38Z WARNING bsky_collector_v2.job.index_feed_generators: listRecords failed repo=did:plc:yvn22rhgfsrpd3wxsqc63rsn err=HttpError('InvalidRequest: Could not find repo: did:plc:yvn22rhgfsrpd3wxsqc63rsn')
2026-03-15T11:39:38Z WARNING bsky_collector_v2.job.index_feed_generators: listRecords failed repo=did:plc:ywxpdnodxamr7zzyddtwpc7p err=HttpError('InvalidRequest: Could not find repo: did:plc:ywxpdnodxamr7zzyddtwpc7p')
2026-03-15T11:39:38Z WARNING bsky_collector_v2.job.index_feed_generators: listRecords failed repo=did:plc:yyyjpr334bn5geiznnxq76so err=HttpError('InvalidRequest: Could not find repo: did:plc:yyyjpr334bn5geiznnxq76so')
2026-03-15T11:39:38Z WARNING bsky_collector_v2.job.index_feed_generators: listRecords failed repo=did:plc:z3apat5gjrvkp6axh56koaf4 err=HttpError('InvalidRequest: Could not find repo: did:plc:z3apat5gjrvkp6axh56koaf4')
2026-03-15T11:39:38Z WARNING bsky_collector_v2.job.index_feed_generators: listRecords failed repo=did:plc:zjnquwqzwcslacilbxr54bli err=HttpError('InvalidRequest: Could not find repo: did:plc:zjnquwqzwcslacilbxr54bli')
2026-03-15T11:39:38Z WARNING bsky_collector_v2.job.index_feed_generators: listRecords failed repo=did:plc:zqyjpdie4jru5nib63r2fg2x err=HttpError('InvalidRequest: Could not find repo: did:plc:zqyjpdie4jru5nib63r2fg2x')
2026-03-15T11:39:38Z WARNING bsky_collector_v2.job.index_feed_generators: listRecords failed repo=did:plc:zyx4cxgtnayozzjkz24quufd err=HttpError('InvalidRequest: Could not find repo: did:plc:zyx4cxgtnayozzjkz24quufd')
2026-03-15T11:39:38Z WARNING bsky_collector_v2.job.index_feed_generators: listRecords failed repo=did:plc:zznvelnbfketc2a5jv7hj4ir err=HttpError('InvalidRequest: Could not find repo: did:plc:zznvelnbfketc2a5jv7hj4ir')
2026-03-15T11:39:39Z INFO bsky_collector_v2.job.index_feed_generators: enqueued repos page=36 mode=listRepos inserted=500 repos_returned=500 next_cursor=set
2026-03-15T11:39:39Z WARNING bsky_collector_v2.job.index_feed_generators: listRecords failed repo=did:plc:22av6diuwknqdqkcwixveeqo err=HttpError('InvalidRequest: Could not find repo: did:plc:22av6diuwknqdqkcwixveeqo')
2026-03-15T11:39:39Z WARNING bsky_collector_v2.job.index_feed_generators: listRecords failed repo=did:plc:22tjqyntin4nwdni4jb4pwpi err=HttpError('InvalidRequest: Could not find repo: did:plc:22tjqyntin4nwdni4jb4pwpi')
2026-03-15T11:39:39Z WARNING bsky_collector_v2.job.index_feed_generators: listRecords failed repo=did:plc:24idxsnaeb3gzow7zihcqcyd err=HttpError('InvalidRequest: Could not find repo: did:plc:24idxsnaeb3gzow7zihcqcyd')
2026-03-15T11:39:39Z WARNING bsky_collector_v2.job.index_feed_generators: listRecords failed repo=did:plc:26epkyb4y24gmqkeadw7jam4 err=HttpError('InvalidRequest: Could not find repo: did:plc:26epkyb4y24gmqkeadw7jam4')
2026-03-15T11:39:39Z WARNING bsky_collector_v2.job.index_feed_generators: listRecords failed repo=did:plc:2dccepgprxgnn6xzklv2wa72 err=HttpError('InvalidRequest: Could not find repo: did:plc:2dccepgprxgnn6xzklv2wa72')
2026-03-15T11:39:39Z WARNING bsky_collector_v2.job.index_feed_generators: listRecords failed repo=did:plc:2f7rf33ird6h7vphrbne7ovy err=HttpError('InvalidRequest: Could not find repo: did:plc:2f7rf33ird6h7vphrbne7ovy')
2026-03-15T11:39:39Z WARNING bsky_collector_v2.job.index_feed_generators: listRecords failed repo=did:plc:2frlv4i7aq5ak7l4zv5vl4ej err=HttpError('InvalidRequest: Could not find repo: did:plc:2frlv4i7aq5ak7l4zv5vl4ej')
2026-03-15T11:39:40Z WARNING bsky_collector_v2.job.index_feed_generators: listRecords failed repo=did:plc:2jcfyth2qk6bqwpkanistfum err=HttpError('InvalidRequest: Could not find repo: did:plc:2jcfyth2qk6bqwpkanistfum')
2026-03-15T11:39:40Z WARNING bsky_collector_v2.job.index_feed_generators: listRecords failed repo=did:plc:2u67wasqcboaswcz7i2a5vx7 err=HttpError('InvalidRequest: Could not find repo: did:plc:2u67wasqcboaswcz7i2a5vx7')
2026-03-15T11:39:41Z WARNING bsky_collector_v2.job.index_feed_generators: listRecords failed repo=did:plc:2u6kffvkrovkxun6hlj6dxzw err=HttpError('InvalidRequest: Could not find repo: did:plc:2u6kffvkrovkxun6hlj6dxzw')
2026-03-15T11:39:41Z WARNING bsky_collector_v2.job.index_feed_generators: listRecords failed repo=did:plc:326x6x3ddar54hzzzyxwkoy2 err=HttpError('InvalidRequest: Could not find repo: did:plc:326x6x3ddar54hzzzyxwkoy2')
2026-03-15T11:39:41Z WARNING bsky_collector_v2.job.index_feed_generators: listRecords failed repo=did:plc:33eyjokp3dkq5tg6mcz6r5rj err=HttpError('InvalidRequest: Could not find repo: did:plc:33eyjokp3dkq5tg6mcz6r5rj')
2026-03-15T11:39:41Z WARNING bsky_collector_v2.job.index_feed_generators: listRecords failed repo=did:plc:3dlzq4mpgx6sz2elu5hklbyk err=HttpError('InvalidRequest: Could not find repo: did:plc:3dlzq4mpgx6sz2elu5hklbyk')
2026-03-15T11:39:41Z WARNING bsky_collector_v2.job.index_feed_generators: listRecords failed repo=did:plc:3lod2ywqe4unluvn326fygsi err=HttpError('InvalidRequest: Could not find repo: did:plc:3lod2ywqe4unluvn326fygsi')
2026-03-15T11:39:41Z WARNING bsky_collector_v2.job.index_feed_generators: listRecords failed repo=did:plc:3sccayzt5xt44752pvwrugtm err=HttpError('InvalidRequest: Could not find repo: did:plc:3sccayzt5xt44752pvwrugtm')
2026-03-15T11:39:42Z WARNING bsky_collector_v2.job.index_feed_generators: listRecords failed repo=did:plc:3vkq656qaqxrwjqtbhywrsz5 err=HttpError('InvalidRequest: Could not find repo: did:plc:3vkq656qaqxrwjqtbhywrsz5')
2026-03-15T11:39:42Z WARNING bsky_collector_v2.job.index_feed_generators: listRecords failed repo=did:plc:3z3sv2q4wbc4kyjt5mwrmjpr err=HttpError('InvalidRequest: Could not find repo: did:plc:3z3sv2q4wbc4kyjt5mwrmjpr')
2026-03-15T11:39:42Z WARNING bsky_collector_v2.job.index_feed_generators: listRecords failed repo=did:plc:3zfln3vduk3eh4nzaiu5svqc err=HttpError('InvalidRequest: Could not find repo: did:plc:3zfln3vduk3eh4nzaiu5svqc')
2026-03-15T11:39:42Z WARNING bsky_collector_v2.job.index_feed_generators: listRecords failed repo=did:plc:47uq4flpjxfrozx6zmbpzk55 err=HttpError('InvalidRequest: Could not find repo: did:plc:47uq4flpjxfrozx6zmbpzk55')
2026-03-15T11:39:42Z WARNING bsky_collector_v2.job.index_feed_generators: listRecords failed repo=did:plc:4g6ig42hfhcryiqfyere4sf2 err=HttpError('InvalidRequest: Could not find repo: did:plc:4g6ig42hfhcryiqfyere4sf2')
2026-03-15T11:39:43Z WARNING bsky_collector_v2.job.index_feed_generators: listRecords failed repo=did:plc:4klkv42c6z543pnsw4k3yto5 err=HttpError('InvalidRequest: Could not find repo: did:plc:4klkv42c6z543pnsw4k3yto5')
2026-03-15T11:39:43Z WARNING bsky_collector_v2.job.index_feed_generators: listRecords failed repo=did:plc:4mfmcfq35fq3yj3z6wujofdj err=HttpError('InvalidRequest: Could not find repo: did:plc:4mfmcfq35fq3yj3z6wujofdj')
2026-03-15T11:39:44Z WARNING bsky_collector_v2.job.index_feed_generators: listRecords failed repo=did:plc:4qsvs2mr7muiwrygna5abhks err=HttpError('InvalidRequest: Could not find repo: did:plc:4qsvs2mr7muiwrygna5abhks')
2026-03-15T11:39:45Z WARNING bsky_collector_v2.job.index_feed_generators: listRecords failed repo=did:plc:4v2kq6zgsaibetz25ij3tnpb err=HttpError('InvalidRequest: Could not find repo: did:plc:4v2kq6zgsaibetz25ij3tnpb')
2026-03-15T11:39:45Z WARNING bsky_collector_v2.job.index_feed_generators: listRecords failed repo=did:plc:4xzcjgfrfpzdczkwbdmny32x err=HttpError('InvalidRequest: Could not find repo: did:plc:4xzcjgfrfpzdczkwbdmny32x')
2026-03-15T11:39:45Z WARNING bsky_collector_v2.job.index_feed_generators: listRecords failed repo=did:plc:544ptxnmzz7newk5xq5lfkus err=HttpError('InvalidRequest: Could not find repo: did:plc:544ptxnmzz7newk5xq5lfkus')
2026-03-15T11:39:45Z WARNING bsky_collector_v2.job.index_feed_generators: listRecords failed repo=did:plc:57whpawd7wfkbzt5hogpscbv err=HttpError('InvalidRequest: Could not find repo: did:plc:57whpawd7wfkbzt5hogpscbv')
2026-03-15T11:39:45Z WARNING bsky_collector_v2.job.index_feed_generators: listRecords failed repo=did:plc:5arfpweaodktcgnuwrhccyvn err=HttpError('InvalidRequest: Could not find repo: did:plc:5arfpweaodktcgnuwrhccyvn')
2026-03-15T11:39:45Z WARNING bsky_collector_v2.job.index_feed_generators: listRecords failed repo=did:plc:5e6yaxo64ij5xhc7phdbl23o err=HttpError('InvalidRequest: Could not find repo: did:plc:5e6yaxo64ij5xhc7phdbl23o')
2026-03-15T11:39:46Z WARNING bsky_collector_v2.job.index_feed_generators: listRecords failed repo=did:plc:5g5jchmcnewfy6otyc7nppr7 err=HttpError('InvalidRequest: Could not find repo: did:plc:5g5jchmcnewfy6otyc7nppr7')
2026-03-15T11:39:46Z WARNING bsky_collector_v2.job.index_feed_generators: listRecords failed repo=did:plc:5ibyoue6zd3fqruor6c4hq4y err=HttpError('InvalidRequest: Could not find repo: did:plc:5ibyoue6zd3fqruor6c4hq4y')
2026-03-15T11:39:46Z WARNING bsky_collector_v2.job.index_feed_generators: listRecords failed repo=did:plc:5k4qb6pflnccv5xlud2qyp7h err=HttpError('InvalidRequest: Could not find repo: did:plc:5k4qb6pflnccv5xlud2qyp7h')
2026-03-15T11:39:47Z WARNING bsky_collector_v2.job.index_feed_generators: listRecords failed repo=did:plc:5pzpg6g5seu6guwrsdxhcdlb err=HttpError('InvalidRequest: Could not find repo: did:plc:5pzpg6g5seu6guwrsdxhcdlb')
2026-03-15T11:39:47Z WARNING bsky_collector_v2.job.index_feed_generators: listRecords failed repo=did:plc:5rrqw3b426mjw4vklbzbtwpq err=HttpError('InvalidRequest: Could not find repo: did:plc:5rrqw3b426mjw4vklbzbtwpq')
2026-03-15T11:39:47Z WARNING bsky_collector_v2.job.index_feed_generators: listRecords failed repo=did:plc:5vf24q5zkk3lynz3ybprpnwh err=HttpError('InvalidRequest: Could not find repo: did:plc:5vf24q5zkk3lynz3ybprpnwh')
2026-03-15T11:39:47Z WARNING bsky_collector_v2.job.index_feed_generators: listRecords failed repo=did:plc:5vggdlipm5eyy3yuqywpijcu err=HttpError('InvalidRequest: Could not find repo: did:plc:5vggdlipm5eyy3yuqywpijcu')
2026-03-15T11:39:48Z WARNING bsky_collector_v2.job.index_feed_generators: listRecords failed repo=did:plc:662zx7cxhad4iuwu4j5dzw7n err=HttpError('InvalidRequest: Could not find repo: did:plc:662zx7cxhad4iuwu4j5dzw7n')
2026-03-15T11:39:48Z WARNING bsky_collector_v2.job.index_feed_generators: listRecords failed repo=did:plc:6bgrzvow6hqecgj4lxz3jkvf err=HttpError('InvalidRequest: Could not find repo: did:plc:6bgrzvow6hqecgj4lxz3jkvf')
2026-03-15T11:39:48Z WARNING bsky_collector_v2.job.index_feed_generators: listRecords failed repo=did:plc:6ekfj5nze72w6fumzddyycg4 err=HttpError('InvalidRequest: Could not find repo: did:plc:6ekfj5nze72w6fumzddyycg4')
2026-03-15T11:39:48Z WARNING bsky_collector_v2.job.index_feed_generators: listRecords failed repo=did:plc:6izt7mybayr7y5tkr5sruljp err=HttpError('InvalidRequest: Could not find repo: did:plc:6izt7mybayr7y5tkr5sruljp')
2026-03-15T11:39:49Z WARNING bsky_collector_v2.job.index_feed_generators: listRecords failed repo=did:plc:6xkvrvmilv6acvlg3bxurtmm err=HttpError('InvalidRequest: Could not find repo: did:plc:6xkvrvmilv6acvlg3bxurtmm')
2026-03-15T11:39:49Z WARNING bsky_collector_v2.job.index_feed_generators: listRecords failed repo=did:plc:756vgtuqtkyexafw4paga5pi err=HttpError('InvalidRequest: Could not find repo: did:plc:756vgtuqtkyexafw4paga5pi')
2026-03-15T11:39:49Z WARNING bsky_collector_v2.job.index_feed_generators: listRecords failed repo=did:plc:7alrupez2xgc7a5qu5piahaj err=HttpError('InvalidRequest: Could not find repo: did:plc:7alrupez2xgc7a5qu5piahaj')
2026-03-15T11:39:49Z WARNING bsky_collector_v2.job.index_feed_generators: listRecords failed repo=did:plc:7b2tptszxr5x2v6fh6l5ak5i err=HttpError('InvalidRequest: Could not find repo: did:plc:7b2tptszxr5x2v6fh6l5ak5i')
2026-03-15T11:39:49Z WARNING bsky_collector_v2.job.index_feed_generators: listRecords failed repo=did:plc:7dzttzujnqla3j5xwu35pex2 err=HttpError('InvalidRequest: Could not find repo: did:plc:7dzttzujnqla3j5xwu35pex2')
2026-03-15T11:39:50Z WARNING bsky_collector_v2.job.index_feed_generators: listRecords failed repo=did:plc:7fndobgyllztkvecknb7oxwf err=HttpError('InvalidRequest: Could not find repo: did:plc:7fndobgyllztkvecknb7oxwf')
2026-03-15T11:39:50Z WARNING bsky_collector_v2.job.index_feed_generators: listRecords failed repo=did:plc:7kupfpkfo7cnqaftsccumn3a err=HttpError('InvalidRequest: Could not find repo: did:plc:7kupfpkfo7cnqaftsccumn3a')
2026-03-15T11:39:50Z WARNING bsky_collector_v2.job.index_feed_generators: listRecords failed repo=did:plc:7m2kiyvd5fmn4cobn7sgnmfb err=HttpError('InvalidRequest: Could not find repo: did:plc:7m2kiyvd5fmn4cobn7sgnmfb')
2026-03-15T11:39:50Z WARNING bsky_collector_v2.job.index_feed_generators: listRecords failed repo=did:plc:7mf33cyxnc6tfb36jxnspc7a err=HttpError('InvalidRequest: Could not find repo: did:plc:7mf33cyxnc6tfb36jxnspc7a')
2026-03-15T11:39:50Z WARNING bsky_collector_v2.job.index_feed_generators: listRecords failed repo=did:plc:7nnwsbon7pahhpjrqq5fgpdc err=HttpError('InvalidRequest: Could not find repo: did:plc:7nnwsbon7pahhpjrqq5fgpdc')
2026-03-15T11:39:50Z WARNING bsky_collector_v2.job.index_feed_generators: listRecords failed repo=did:plc:7p3r6uofejlaydwmm26ulb37 err=HttpError('InvalidRequest: Could not find repo: did:plc:7p3r6uofejlaydwmm26ulb37')
2026-03-15T11:39:50Z WARNING bsky_collector_v2.job.index_feed_generators: listRecords failed repo=did:plc:7q5t6it44bkh5vaaw2tses5m err=HttpError('InvalidRequest: Could not find repo: did:plc:7q5t6it44bkh5vaaw2tses5m')
2026-03-15T11:39:51Z WARNING bsky_collector_v2.job.index_feed_generators: listRecords failed repo=did:plc:a2cazsbawrwswo56uwaagdd5 err=HttpError('InvalidRequest: Could not find repo: did:plc:a2cazsbawrwswo56uwaagdd5')
2026-03-15T11:39:51Z WARNING bsky_collector_v2.job.index_feed_generators: listRecords failed repo=did:plc:acc6dsc6w24sjt5qez2idtxd err=HttpError('InvalidRequest: Could not find repo: did:plc:acc6dsc6w24sjt5qez2idtxd')
2026-03-15T11:39:51Z WARNING bsky_collector_v2.job.index_feed_generators: listRecords failed repo=did:plc:afrdwyzjkd5c5fp3ef2pl7sd err=HttpError('InvalidRequest: Could not find repo: did:plc:afrdwyzjkd5c5fp3ef2pl7sd')
2026-03-15T11:39:51Z WARNING bsky_collector_v2.job.index_feed_generators: listRecords failed repo=did:plc:ag2kfa7btakds44g7ihy3l43 err=HttpError('InvalidRequest: Could not find repo: did:plc:ag2kfa7btakds44g7ihy3l43')
2026-03-15T11:39:52Z WARNING bsky_collector_v2.job.index_feed_generators: listRecords failed repo=did:plc:alykaxenuuwjaw3eqjxudt5u err=HttpError('InvalidRequest: Could not find repo: did:plc:alykaxenuuwjaw3eqjxudt5u')
2026-03-15T11:39:52Z WARNING bsky_collector_v2.job.index_feed_generators: listRecords failed repo=did:plc:aosvcz5lk32cd4ges3xlug2c err=HttpError('InvalidRequest: Could not find repo: did:plc:aosvcz5lk32cd4ges3xlug2c')
2026-03-15T11:39:52Z WARNING bsky_collector_v2.job.index_feed_generators: listRecords failed repo=did:plc:arv7rvaiq6bulksmhwkzj6t5 err=HttpError('InvalidRequest: Could not find repo: did:plc:arv7rvaiq6bulksmhwkzj6t5')
2026-03-15T11:39:53Z WARNING bsky_collector_v2.job.index_feed_generators: listRecords failed repo=did:plc:ayocve6ufhfcrzoe2swxso6x err=HttpError('InvalidRequest: Could not find repo: did:plc:ayocve6ufhfcrzoe2swxso6x')
2026-03-15T11:39:53Z WARNING bsky_collector_v2.job.index_feed_generators: listRecords failed repo=did:plc:azsfe7rxaon2xnmgxp5qzvcj err=HttpError('InvalidRequest: Could not find repo: did:plc:azsfe7rxaon2xnmgxp5qzvcj')
2026-03-15T11:39:53Z WARNING bsky_collector_v2.job.index_feed_generators: listRecords failed repo=did:plc:b3l4d5piruyxejs3ldglofvh err=HttpError('InvalidRequest: Could not find repo: did:plc:b3l4d5piruyxejs3ldglofvh')
2026-03-15T11:39:53Z WARNING bsky_collector_v2.job.index_feed_generators: listRecords failed repo=did:plc:bcylmeijfgane2uq7a2wqsbk err=HttpError('InvalidRequest: Could not find repo: did:plc:bcylmeijfgane2uq7a2wqsbk')
2026-03-15T11:39:53Z WARNING bsky_collector_v2.job.index_feed_generators: listRecords failed repo=did:plc:bgcmqvd2dj6gaoodrbcgtfig err=HttpError('InvalidRequest: Could not find repo: did:plc:bgcmqvd2dj6gaoodrbcgtfig')
2026-03-15T11:39:53Z WARNING bsky_collector_v2.job.index_feed_generators: listRecords failed repo=did:plc:biehic4b4eu7oj6nq5jfnct2 err=HttpError('InvalidRequest: Could not find repo: did:plc:biehic4b4eu7oj6nq5jfnct2')
2026-03-15T11:39:53Z WARNING bsky_collector_v2.job.index_feed_generators: listRecords failed repo=did:plc:bncpfi5yf66gpblkciyjq6vv err=HttpError('InvalidRequest: Could not find repo: did:plc:bncpfi5yf66gpblkciyjq6vv')
2026-03-15T11:39:53Z WARNING bsky_collector_v2.job.index_feed_generators: listRecords failed repo=did:plc:brkxhct2d2uj4mk4tfyjvt5z err=HttpError('InvalidRequest: Could not find repo: did:plc:brkxhct2d2uj4mk4tfyjvt5z')
2026-03-15T11:39:54Z WARNING bsky_collector_v2.job.index_feed_generators: listRecords failed repo=did:plc:bw4kn2fwyy2vnzsgkpllihql err=HttpError('InvalidRequest: Could not find repo: did:plc:bw4kn2fwyy2vnzsgkpllihql')
2026-03-15T11:39:55Z WARNING bsky_collector_v2.job.index_feed_generators: listRecords failed repo=did:plc:cbkhonp7mhot6vdxbgvg7cns err=HttpError('InvalidRequest: Could not find repo: did:plc:cbkhonp7mhot6vdxbgvg7cns')
2026-03-15T11:39:55Z WARNING bsky_collector_v2.job.index_feed_generators: listRecords failed repo=did:plc:ccpvtpdrevenye7krb5nhf2p err=HttpError('InvalidRequest: Could not find repo: did:plc:ccpvtpdrevenye7krb5nhf2p')
2026-03-15T11:39:55Z WARNING bsky_collector_v2.job.index_feed_generators: listRecords failed repo=did:plc:chnwqd3oxt4hxzqg3i57w4ee err=HttpError('InvalidRequest: Could not find repo: did:plc:chnwqd3oxt4hxzqg3i57w4ee')
2026-03-15T11:39:55Z WARNING bsky_collector_v2.job.index_feed_generators: listRecords failed repo=did:plc:clati2espts6jnk3r7jmikgi err=HttpError('InvalidRequest: Could not find repo: did:plc:clati2espts6jnk3r7jmikgi')
2026-03-15T11:39:55Z WARNING bsky_collector_v2.job.index_feed_generators: listRecords failed repo=did:plc:cpzktr7sxtrgormjgdmyj65a err=HttpError('InvalidRequest: Could not find repo: did:plc:cpzktr7sxtrgormjgdmyj65a')
2026-03-15T11:39:55Z WARNING bsky_collector_v2.job.index_feed_generators: listRecords failed repo=did:plc:cqg7vikqmu3nexpel3xzarff err=HttpError('InvalidRequest: Could not find repo: did:plc:cqg7vikqmu3nexpel3xzarff')
2026-03-15T11:39:56Z WARNING bsky_collector_v2.job.index_feed_generators: listRecords failed repo=did:plc:csxya5o5s6nfpxwg6x4h3agk err=HttpError('InvalidRequest: Could not find repo: did:plc:csxya5o5s6nfpxwg6x4h3agk')
2026-03-15T11:39:56Z WARNING bsky_collector_v2.job.index_feed_generators: listRecords failed repo=did:plc:cvbu3r3yer2g2dzackqj4fn7 err=HttpError('InvalidRequest: Could not find repo: did:plc:cvbu3r3yer2g2dzackqj4fn7')
2026-03-15T11:39:56Z WARNING bsky_collector_v2.job.index_feed_generators: listRecords failed repo=did:plc:d73h4zm46gkf7zc3ghp6ngl7 err=HttpError('InvalidRequest: Could not find repo: did:plc:d73h4zm46gkf7zc3ghp6ngl7')
2026-03-15T11:39:56Z WARNING bsky_collector_v2.job.index_feed_generators: listRecords failed repo=did:plc:dfroml5zutkme4nmimlf7hex err=HttpError('InvalidRequest: Could not find repo: did:plc:dfroml5zutkme4nmimlf7hex')
2026-03-15T11:39:56Z WARNING bsky_collector_v2.job.index_feed_generators: listRecords failed repo=did:plc:dha7cgmfor7dq36tsoprpuek err=HttpError('InvalidRequest: Could not find repo: did:plc:dha7cgmfor7dq36tsoprpuek')
2026-03-15T11:39:57Z WARNING bsky_collector_v2.job.index_feed_generators: listRecords failed repo=did:plc:djicnpe3la6qvptoe2wcij6n err=HttpError('InvalidRequest: Could not find repo: did:plc:djicnpe3la6qvptoe2wcij6n')
2026-03-15T11:39:57Z WARNING bsky_collector_v2.job.index_feed_generators: listRecords failed repo=did:plc:dkca45ozn6rdc4fai45s2ha6 err=HttpError('InvalidRequest: Could not find repo: did:plc:dkca45ozn6rdc4fai45s2ha6')
2026-03-15T11:39:57Z WARNING bsky_collector_v2.job.index_feed_generators: listRecords failed repo=did:plc:dklagocc4rz2ovjw2i7jzyx5 err=HttpError('InvalidRequest: Could not find repo: did:plc:dklagocc4rz2ovjw2i7jzyx5')
2026-03-15T11:39:58Z WARNING bsky_collector_v2.job.index_feed_generators: listRecords failed repo=did:plc:drifcdbxebeneeg24knkml4v err=HttpError('InvalidRequest: Could not find repo: did:plc:drifcdbxebeneeg24knkml4v')
2026-03-15T11:39:58Z WARNING bsky_collector_v2.job.index_feed_generators: listRecords failed repo=did:plc:drz4wef322mc6o4mk7qjz4gb err=HttpError('InvalidRequest: Could not find repo: did:plc:drz4wef322mc6o4mk7qjz4gb')
2026-03-15T11:39:58Z WARNING bsky_collector_v2.job.index_feed_generators: listRecords failed repo=did:plc:dtcrtnnw2emzuudevy4uchbn err=HttpError('InvalidRequest: Could not find repo: did:plc:dtcrtnnw2emzuudevy4uchbn')
2026-03-15T11:39:58Z WARNING bsky_collector_v2.job.index_feed_generators: listRecords failed repo=did:plc:e24fzkwuv743h6m6qqlvajw7 err=HttpError('InvalidRequest: Could not find repo: did:plc:e24fzkwuv743h6m6qqlvajw7')
2026-03-15T11:39:59Z WARNING bsky_collector_v2.job.index_feed_generators: listRecords failed repo=did:plc:eb7e2657rssjhq4k5f6v6lgf err=HttpError('InvalidRequest: Could not find repo: did:plc:eb7e2657rssjhq4k5f6v6lgf')
2026-03-15T11:39:59Z WARNING bsky_collector_v2.job.index_feed_generators: listRecords failed repo=did:plc:ebnenerldc4rropz62srwmio err=HttpError('InvalidRequest: Could not find repo: did:plc:ebnenerldc4rropz62srwmio')
2026-03-15T11:39:59Z WARNING bsky_collector_v2.job.index_feed_generators: listRecords failed repo=did:plc:ef7hvlyfaqfmuovh5hszdgz3 err=HttpError('InvalidRequest: Could not find repo: did:plc:ef7hvlyfaqfmuovh5hszdgz3')
2026-03-15T11:39:59Z WARNING bsky_collector_v2.job.index_feed_generators: listRecords failed repo=did:plc:egidw2el3egudp22sjimpq7l err=HttpError('InvalidRequest: Could not find repo: did:plc:egidw2el3egudp22sjimpq7l')
2026-03-15T11:39:59Z WARNING bsky_collector_v2.job.index_feed_generators: listRecords failed repo=did:plc:eijjzzeiuvlac7hr5axrvv7l err=HttpError('InvalidRequest: Could not find repo: did:plc:eijjzzeiuvlac7hr5axrvv7l')
2026-03-15T11:39:59Z WARNING bsky_collector_v2.job.index_feed_generators: listRecords failed repo=did:plc:ej5g6ybxvyrjmlpf3iidmgme err=HttpError('InvalidRequest: Could not find repo: did:plc:ej5g6ybxvyrjmlpf3iidmgme')
2026-03-15T11:39:59Z WARNING bsky_collector_v2.job.index_feed_generators: listRecords failed repo=did:plc:elabkg5vnhsh2qqeyhy7iys6 err=HttpError('InvalidRequest: Could not find repo: did:plc:elabkg5vnhsh2qqeyhy7iys6')
2026-03-15T11:39:59Z WARNING bsky_collector_v2.job.index_feed_generators: listRecords failed repo=did:plc:emqqfgckmsmkoxs6bco7qdl3 err=HttpError('InvalidRequest: Could not find repo: did:plc:emqqfgckmsmkoxs6bco7qdl3')
2026-03-15T11:39:59Z WARNING bsky_collector_v2.job.index_feed_generators: listRecords failed repo=did:plc:euvqz3mbuo756rzunfqfy5dx err=HttpError('InvalidRequest: Could not find repo: did:plc:euvqz3mbuo756rzunfqfy5dx')
2026-03-15T11:39:59Z WARNING bsky_collector_v2.job.index_feed_generators: listRecords failed repo=did:plc:eym5fvxev26qxsiymnrv5num err=HttpError('InvalidRequest: Could not find repo: did:plc:eym5fvxev26qxsiymnrv5num')
2026-03-15T11:39:59Z WARNING bsky_collector_v2.job.index_feed_generators: listRecords failed repo=did:plc:f7m3vytehcoclvfpkiv2sdgm err=HttpError('InvalidRequest: Could not find repo: did:plc:f7m3vytehcoclvfpkiv2sdgm')
2026-03-15T11:39:59Z WARNING bsky_collector_v2.job.index_feed_generators: listRecords failed repo=did:plc:fk27ye32sriibmgwz2lq6ylk err=HttpError('InvalidRequest: Could not find repo: did:plc:fk27ye32sriibmgwz2lq6ylk')
2026-03-15T11:39:59Z WARNING bsky_collector_v2.job.index_feed_generators: listRecords failed repo=did:plc:fs3ntmav32phaahnfkyhy346 err=HttpError('InvalidRequest: Could not find repo: did:plc:fs3ntmav32phaahnfkyhy346')
2026-03-15T11:40:00Z WARNING bsky_collector_v2.job.index_feed_generators: listRecords failed repo=did:plc:fvxpgcwqpl5mcxquz3gfrz7z err=HttpError('InvalidRequest: Could not find repo: did:plc:fvxpgcwqpl5mcxquz3gfrz7z')
2026-03-15T11:40:00Z WARNING bsky_collector_v2.job.index_feed_generators: listRecords failed repo=did:plc:g2gywtqtcq6doohicq6ghq2b err=HttpError('InvalidRequest: Could not find repo: did:plc:g2gywtqtcq6doohicq6ghq2b')
2026-03-15T11:40:00Z WARNING bsky_collector_v2.job.index_feed_generators: listRecords failed repo=did:plc:g4nzalk272g5ifnba7viw5t4 err=HttpError('InvalidRequest: Could not find repo: did:plc:g4nzalk272g5ifnba7viw5t4')
2026-03-15T11:40:01Z WARNING bsky_collector_v2.job.index_feed_generators: listRecords failed repo=did:plc:gfegbxzcjo63cuf2xflnnrqj err=HttpError('InvalidRequest: Could not find repo: did:plc:gfegbxzcjo63cuf2xflnnrqj')
2026-03-15T11:40:01Z WARNING bsky_collector_v2.job.index_feed_generators: listRecords failed repo=did:plc:ghygcrpqyoofqyjv7b4v7dft err=HttpError('InvalidRequest: Could not find repo: did:plc:ghygcrpqyoofqyjv7b4v7dft')
2026-03-15T11:40:01Z WARNING bsky_collector_v2.job.index_feed_generators: listRecords failed repo=did:plc:gibzr5y5ca3uowkkobyweex2 err=HttpError('InvalidRequest: Could not find repo: did:plc:gibzr5y5ca3uowkkobyweex2')
2026-03-15T11:40:01Z WARNING bsky_collector_v2.job.index_feed_generators: listRecords failed repo=did:plc:gmidvwkzjvikxbw7ukvpgbtn err=HttpError('InvalidRequest: Could not find repo: did:plc:gmidvwkzjvikxbw7ukvpgbtn')
2026-03-15T11:40:01Z WARNING bsky_collector_v2.job.index_feed_generators: listRecords failed repo=did:plc:gmmcfefakx7vheutqwfdkwgf err=HttpError('InvalidRequest: Could not find repo: did:plc:gmmcfefakx7vheutqwfdkwgf')
2026-03-15T11:40:01Z WARNING bsky_collector_v2.job.index_feed_generators: listRecords failed repo=did:plc:gn75oxi4pnbawn2fv3pjyg2f err=HttpError('InvalidRequest: Could not find repo: did:plc:gn75oxi4pnbawn2fv3pjyg2f')
2026-03-15T11:40:01Z WARNING bsky_collector_v2.job.index_feed_generators: listRecords failed repo=did:plc:gu2gqyl56zbr2pinohr5xx2j err=HttpError('InvalidRequest: Could not find repo: did:plc:gu2gqyl56zbr2pinohr5xx2j')
2026-03-15T11:40:02Z WARNING bsky_collector_v2.job.index_feed_generators: listRecords failed repo=did:plc:h6ubognndhmqeb33fo6zsfao err=HttpError('InvalidRequest: Could not find repo: did:plc:h6ubognndhmqeb33fo6zsfao')
2026-03-15T11:40:02Z WARNING bsky_collector_v2.job.index_feed_generators: listRecords failed repo=did:plc:hb3s4ulr6lo5i7ivl5r5hknz err=HttpError('InvalidRequest: Could not find repo: did:plc:hb3s4ulr6lo5i7ivl5r5hknz')
2026-03-15T11:40:03Z WARNING bsky_collector_v2.job.index_feed_generators: listRecords failed repo=did:plc:hdlpaaxq3htflgcbp2defxc3 err=HttpError('InvalidRequest: Could not find repo: did:plc:hdlpaaxq3htflgcbp2defxc3')
2026-03-15T11:40:04Z WARNING bsky_collector_v2.job.index_feed_generators: listRecords failed repo=did:plc:hsqd5n64xxml4hvlvahdjblt err=HttpError('InvalidRequest: Could not find repo: did:plc:hsqd5n64xxml4hvlvahdjblt')
2026-03-15T11:40:04Z WARNING bsky_collector_v2.job.index_feed_generators: listRecords failed repo=did:plc:ieg57qqphya2ncqjwpeboqsq err=HttpError('InvalidRequest: Could not find repo: did:plc:ieg57qqphya2ncqjwpeboqsq')
2026-03-15T11:40:04Z WARNING bsky_collector_v2.job.index_feed_generators: listRecords failed repo=did:plc:ifddosku2aaubdf7wrvfs66q err=HttpError('InvalidRequest: Could not find repo: did:plc:ifddosku2aaubdf7wrvfs66q')
2026-03-15T11:40:04Z WARNING bsky_collector_v2.job.index_feed_generators: listRecords failed repo=did:plc:ifne3dqmyqkxzl4navprwjjo err=HttpError('InvalidRequest: Could not find repo: did:plc:ifne3dqmyqkxzl4navprwjjo')
2026-03-15T11:40:05Z WARNING bsky_collector_v2.job.index_feed_generators: listRecords failed repo=did:plc:imkup2bupcxnvqghr7otb6sl err=HttpError('InvalidRequest: Could not find repo: did:plc:imkup2bupcxnvqghr7otb6sl')
2026-03-15T11:40:05Z WARNING bsky_collector_v2.job.index_feed_generators: listRecords failed repo=did:plc:itw47g2dlgl6tyhnwodpwbie err=HttpError('InvalidRequest: Could not find repo: did:plc:itw47g2dlgl6tyhnwodpwbie')
2026-03-15T11:40:05Z WARNING bsky_collector_v2.job.index_feed_generators: listRecords failed repo=did:plc:ivttz3t2tny6w5gbqwxhlbyx err=HttpError('InvalidRequest: Could not find repo: did:plc:ivttz3t2tny6w5gbqwxhlbyx')
2026-03-15T11:40:05Z WARNING bsky_collector_v2.job.index_feed_generators: listRecords failed repo=did:plc:j5ce5ug7raelgv27zp2ta57t err=HttpError('InvalidRequest: Could not find repo: did:plc:j5ce5ug7raelgv27zp2ta57t')
2026-03-15T11:40:05Z WARNING bsky_collector_v2.job.index_feed_generators: listRecords failed repo=did:plc:j5ffjtf6fwufz6ibsumojcdt err=HttpError('InvalidRequest: Could not find repo: did:plc:j5ffjtf6fwufz6ibsumojcdt')
2026-03-15T11:40:06Z WARNING bsky_collector_v2.job.index_feed_generators: listRecords failed repo=did:plc:j5tx4rfkohtlzyvr5qj472kf err=HttpError('InvalidRequest: Could not find repo: did:plc:j5tx4rfkohtlzyvr5qj472kf')
2026-03-15T11:40:06Z WARNING bsky_collector_v2.job.index_feed_generators: listRecords failed repo=did:plc:j6saiiargzey7pjn5z7yptxs err=HttpError('InvalidRequest: Could not find repo: did:plc:j6saiiargzey7pjn5z7yptxs')
2026-03-15T11:40:06Z WARNING bsky_collector_v2.job.index_feed_generators: listRecords failed repo=did:plc:jcv5327axas423lhximh46o5 err=HttpError('InvalidRequest: Could not find repo: did:plc:jcv5327axas423lhximh46o5')
2026-03-15T11:40:06Z WARNING bsky_collector_v2.job.index_feed_generators: listRecords failed repo=did:plc:jk672lgdu4dwulh2gogbhk62 err=HttpError('InvalidRequest: Could not find repo: did:plc:jk672lgdu4dwulh2gogbhk62')
2026-03-15T11:40:06Z WARNING bsky_collector_v2.job.index_feed_generators: listRecords failed repo=did:plc:jn2b67qus4tocg35ws5owmee err=HttpError('InvalidRequest: Could not find repo: did:plc:jn2b67qus4tocg35ws5owmee')
2026-03-15T11:40:07Z WARNING bsky_collector_v2.job.index_feed_generators: listRecords failed repo=did:plc:jprzecjaip6y5l77p6vvzwhv err=HttpError('InvalidRequest: Could not find repo: did:plc:jprzecjaip6y5l77p6vvzwhv')
2026-03-15T11:40:07Z WARNING bsky_collector_v2.job.index_feed_generators: listRecords failed repo=did:plc:jq4672exf77kkhpyrjrdqph3 err=HttpError('InvalidRequest: Could not find repo: did:plc:jq4672exf77kkhpyrjrdqph3')
2026-03-15T11:40:07Z WARNING bsky_collector_v2.job.index_feed_generators: listRecords failed repo=did:plc:k3ln3vvlstg5oxoitvrozamx err=HttpError('InvalidRequest: Could not find repo: did:plc:k3ln3vvlstg5oxoitvrozamx')
2026-03-15T11:40:07Z WARNING bsky_collector_v2.job.index_feed_generators: listRecords failed repo=did:plc:k3siyfcefvbg5qc2d2gjwy3a err=HttpError('InvalidRequest: Could not find repo: did:plc:k3siyfcefvbg5qc2d2gjwy3a')
2026-03-15T11:40:07Z WARNING bsky_collector_v2.job.index_feed_generators: listRecords failed repo=did:plc:k627dfk74strjz3varrnmnn3 err=HttpError('InvalidRequest: Could not find repo: did:plc:k627dfk74strjz3varrnmnn3')
2026-03-15T11:40:07Z WARNING bsky_collector_v2.job.index_feed_generators: listRecords failed repo=did:plc:kel7c6yb3k2vsm5jsfyfephk err=HttpError('InvalidRequest: Could not find repo: did:plc:kel7c6yb3k2vsm5jsfyfephk')
2026-03-15T11:40:07Z WARNING bsky_collector_v2.job.index_feed_generators: listRecords failed repo=did:plc:kiyhplif5lvs4vvf3gxnffve err=HttpError('InvalidRequest: Could not find repo: did:plc:kiyhplif5lvs4vvf3gxnffve')
2026-03-15T11:40:07Z WARNING bsky_collector_v2.job.index_feed_generators: listRecords failed repo=did:plc:kn3jpglhptkm3cwwe2y3ecju err=HttpError('InvalidRequest: Could not find repo: did:plc:kn3jpglhptkm3cwwe2y3ecju')
2026-03-15T11:40:07Z WARNING bsky_collector_v2.job.index_feed_generators: listRecords failed repo=did:plc:kqfblnrsi7fizuf47bco3epa err=HttpError('InvalidRequest: Could not find repo: did:plc:kqfblnrsi7fizuf47bco3epa')
2026-03-15T11:40:08Z WARNING bsky_collector_v2.job.index_feed_generators: listRecords failed repo=did:plc:ktqpjzd3tirkhk7nznj2tsop err=HttpError('InvalidRequest: Could not find repo: did:plc:ktqpjzd3tirkhk7nznj2tsop')
2026-03-15T11:40:08Z WARNING bsky_collector_v2.job.index_feed_generators: listRecords failed repo=did:plc:kx7yzkaxrvmepg6r4ztahgmk err=HttpError('InvalidRequest: Could not find repo: did:plc:kx7yzkaxrvmepg6r4ztahgmk')
2026-03-15T11:40:08Z WARNING bsky_collector_v2.job.index_feed_generators: listRecords failed repo=did:plc:kxcglyxe2gqvsypm74qx6uf7 err=HttpError('InvalidRequest: Could not find repo: did:plc:kxcglyxe2gqvsypm74qx6uf7')
2026-03-15T11:40:08Z WARNING bsky_collector_v2.job.index_feed_generators: listRecords failed repo=did:plc:lekverffdpzhb3iwewggbqd4 err=HttpError('InvalidRequest: Could not find repo: did:plc:lekverffdpzhb3iwewggbqd4')
2026-03-15T11:40:08Z WARNING bsky_collector_v2.job.index_feed_generators: listRecords failed repo=did:plc:lh77qevgnw4gypmeng3ymmz6 err=HttpError('InvalidRequest: Could not find repo: did:plc:lh77qevgnw4gypmeng3ymmz6')
2026-03-15T11:40:08Z WARNING bsky_collector_v2.job.index_feed_generators: listRecords failed repo=did:plc:lhcwlgh4r35ykw6bajxmoxs3 err=HttpError('InvalidRequest: Could not find repo: did:plc:lhcwlgh4r35ykw6bajxmoxs3')
2026-03-15T11:40:08Z WARNING bsky_collector_v2.job.index_feed_generators: listRecords failed repo=did:plc:lor4te5jtu7x2le23ikvlk3l err=HttpError('InvalidRequest: Could not find repo: did:plc:lor4te5jtu7x2le23ikvlk3l')
2026-03-15T11:40:09Z WARNING bsky_collector_v2.job.index_feed_generators: listRecords failed repo=did:plc:lowop2lzhq6regb4e53e7gcx err=HttpError('InvalidRequest: Could not find repo: did:plc:lowop2lzhq6regb4e53e7gcx')
2026-03-15T11:40:09Z WARNING bsky_collector_v2.job.index_feed_generators: listRecords failed repo=did:plc:lrqnimk3lujn2nzi4qvuzym5 err=HttpError('InvalidRequest: Could not find repo: did:plc:lrqnimk3lujn2nzi4qvuzym5')
2026-03-15T11:40:09Z WARNING bsky_collector_v2.job.index_feed_generators: listRecords failed repo=did:plc:ltikbmdeokdi7o3kr24bmibm err=HttpError('InvalidRequest: Could not find repo: did:plc:ltikbmdeokdi7o3kr24bmibm')
2026-03-15T11:40:09Z WARNING bsky_collector_v2.job.index_feed_generators: listRecords failed repo=did:plc:lvl5cakbvb7mhwsjbpbapux3 err=HttpError('InvalidRequest: Could not find repo: did:plc:lvl5cakbvb7mhwsjbpbapux3')
2026-03-15T11:40:09Z WARNING bsky_collector_v2.job.index_feed_generators: listRecords failed repo=did:plc:m6jwquf6e6rkgbmatq2aizzd err=HttpError('InvalidRequest: Could not find repo: did:plc:m6jwquf6e6rkgbmatq2aizzd')
2026-03-15T11:40:09Z WARNING bsky_collector_v2.job.index_feed_generators: listRecords failed repo=did:plc:mdyr3bykzq52znj6w7dewjeu err=HttpError('InvalidRequest: Could not find repo: did:plc:mdyr3bykzq52znj6w7dewjeu')
2026-03-15T11:40:10Z WARNING bsky_collector_v2.job.index_feed_generators: listRecords failed repo=did:plc:mgclwhc6qethzv7jysn2dlgs err=HttpError('InvalidRequest: Could not find repo: did:plc:mgclwhc6qethzv7jysn2dlgs')
2026-03-15T11:40:10Z WARNING bsky_collector_v2.job.index_feed_generators: listRecords failed repo=did:plc:mopc5bt2uz2i3mtemzqkv2kn err=HttpError('InvalidRequest: Could not find repo: did:plc:mopc5bt2uz2i3mtemzqkv2kn')
2026-03-15T11:40:10Z WARNING bsky_collector_v2.job.index_feed_generators: listRecords failed repo=did:plc:mtqb6qhyzvscmspbj5wbly6j err=HttpError('InvalidRequest: Could not find repo: did:plc:mtqb6qhyzvscmspbj5wbly6j')
2026-03-15T11:40:10Z WARNING bsky_collector_v2.job.index_feed_generators: listRecords failed repo=did:plc:mvtoocda43fskao2gtwyaezw err=HttpError('InvalidRequest: Could not find repo: did:plc:mvtoocda43fskao2gtwyaezw')
2026-03-15T11:40:10Z WARNING bsky_collector_v2.job.index_feed_generators: listRecords failed repo=did:plc:n3fs6ccjsxadiitacatznzmf err=HttpError('InvalidRequest: Could not find repo: did:plc:n3fs6ccjsxadiitacatznzmf')
2026-03-15T11:40:10Z WARNING bsky_collector_v2.job.index_feed_generators: listRecords failed repo=did:plc:n7osjrzlngeejw6qhyyvbqsg err=HttpError('InvalidRequest: Could not find repo: did:plc:n7osjrzlngeejw6qhyyvbqsg')
2026-03-15T11:40:10Z WARNING bsky_collector_v2.job.index_feed_generators: listRecords failed repo=did:plc:napdbssi3zxknz4hnj2szhqz err=HttpError('InvalidRequest: Could not find repo: did:plc:napdbssi3zxknz4hnj2szhqz')
2026-03-15T11:40:10Z WARNING bsky_collector_v2.job.index_feed_generators: listRecords failed repo=did:plc:nb2zbgvyf244fvstjuzav6xj err=HttpError('InvalidRequest: Could not find repo: did:plc:nb2zbgvyf244fvstjuzav6xj')
2026-03-15T11:40:11Z WARNING bsky_collector_v2.job.index_feed_generators: listRecords failed repo=did:plc:neky7t2v3acqsbyppxgsk2rn err=HttpError('InvalidRequest: Could not find repo: did:plc:neky7t2v3acqsbyppxgsk2rn')
2026-03-15T11:40:11Z WARNING bsky_collector_v2.job.index_feed_generators: listRecords failed repo=did:plc:nfxgvjrntmjeeb4jgo6pazpq err=HttpError('InvalidRequest: Could not find repo: did:plc:nfxgvjrntmjeeb4jgo6pazpq')
2026-03-15T11:40:11Z WARNING bsky_collector_v2.job.index_feed_generators: listRecords failed repo=did:plc:ngeupfhaexpy3fj6ufxo7rsy err=HttpError('InvalidRequest: Could not find repo: did:plc:ngeupfhaexpy3fj6ufxo7rsy')
2026-03-15T11:40:11Z WARNING bsky_collector_v2.job.index_feed_generators: listRecords failed repo=did:plc:njjncbqsbkv2vecg6uwgc2tg err=HttpError('InvalidRequest: Could not find repo: did:plc:njjncbqsbkv2vecg6uwgc2tg')
2026-03-15T11:40:11Z WARNING bsky_collector_v2.job.index_feed_generators: listRecords failed repo=did:plc:np2okej5266o3x5wnpkw4xpp err=HttpError('InvalidRequest: Could not find repo: did:plc:np2okej5266o3x5wnpkw4xpp')
2026-03-15T11:40:11Z WARNING bsky_collector_v2.job.index_feed_generators: listRecords failed repo=did:plc:nqznz24xslj2m3opaivsksvr err=HttpError('InvalidRequest: Could not find repo: did:plc:nqznz24xslj2m3opaivsksvr')
2026-03-15T11:40:11Z WARNING bsky_collector_v2.job.index_feed_generators: listRecords failed repo=did:plc:ns534ys5g3sgwytovkdv7yop err=HttpError('InvalidRequest: Could not find repo: did:plc:ns534ys5g3sgwytovkdv7yop')
2026-03-15T11:40:11Z WARNING bsky_collector_v2.job.index_feed_generators: listRecords failed repo=did:plc:nw6nb63cjhtvt3yuvb67lvkh err=HttpError('InvalidRequest: Could not find repo: did:plc:nw6nb63cjhtvt3yuvb67lvkh')
2026-03-15T11:40:12Z WARNING bsky_collector_v2.job.index_feed_generators: listRecords failed repo=did:plc:o445ehrhqsydd3fplqjnyyfw err=HttpError('InvalidRequest: Could not find repo: did:plc:o445ehrhqsydd3fplqjnyyfw')
2026-03-15T11:40:12Z WARNING bsky_collector_v2.job.index_feed_generators: listRecords failed repo=did:plc:o66heftlx5ih3lv3rnksdz3h err=HttpError('InvalidRequest: Could not find repo: did:plc:o66heftlx5ih3lv3rnksdz3h')
2026-03-15T11:40:12Z WARNING bsky_collector_v2.job.index_feed_generators: listRecords failed repo=did:plc:og3u7bckutmjdduhkvey5pbe err=HttpError('InvalidRequest: Could not find repo: did:plc:og3u7bckutmjdduhkvey5pbe')
2026-03-15T11:40:12Z WARNING bsky_collector_v2.job.index_feed_generators: listRecords failed repo=did:plc:ogaleglcbmszg2hgq2333tfd err=HttpError('InvalidRequest: Could not find repo: did:plc:ogaleglcbmszg2hgq2333tfd')
2026-03-15T11:40:12Z WARNING bsky_collector_v2.job.index_feed_generators: listRecords failed repo=did:plc:os44jqaj4ncc4kiwn7cmdx32 err=HttpError('InvalidRequest: Could not find repo: did:plc:os44jqaj4ncc4kiwn7cmdx32')
2026-03-15T11:40:12Z WARNING bsky_collector_v2.job.index_feed_generators: listRecords failed repo=did:plc:oti2vd4bzdq7232kppfwosuz err=HttpError('InvalidRequest: Could not find repo: did:plc:oti2vd4bzdq7232kppfwosuz')
2026-03-15T11:40:12Z WARNING bsky_collector_v2.job.index_feed_generators: listRecords failed repo=did:plc:ovezzqjdl3vw2fnhvyqusq4d err=HttpError('InvalidRequest: Could not find repo: did:plc:ovezzqjdl3vw2fnhvyqusq4d')
2026-03-15T11:40:12Z WARNING bsky_collector_v2.job.index_feed_generators: listRecords failed repo=did:plc:owbim3g7p3jnech5ftuhooxc err=HttpError('InvalidRequest: Could not find repo: did:plc:owbim3g7p3jnech5ftuhooxc')
2026-03-15T11:40:13Z WARNING bsky_collector_v2.job.index_feed_generators: listRecords failed repo=did:plc:p7cbg3xpp3vyuvhatrcb3m2r err=HttpError('InvalidRequest: Could not find repo: did:plc:p7cbg3xpp3vyuvhatrcb3m2r')
2026-03-15T11:40:14Z WARNING bsky_collector_v2.job.index_feed_generators: listRecords failed repo=did:plc:pmbaypgzg54cncu5wsu52jla err=HttpError('InvalidRequest: Could not find repo: did:plc:pmbaypgzg54cncu5wsu52jla')
2026-03-15T11:40:14Z WARNING bsky_collector_v2.job.index_feed_generators: listRecords failed repo=did:plc:pngbxkbqjxzxixmn44vfcl2g err=HttpError('InvalidRequest: Could not find repo: did:plc:pngbxkbqjxzxixmn44vfcl2g')
2026-03-15T11:40:14Z WARNING bsky_collector_v2.job.index_feed_generators: listRecords failed repo=did:plc:pnhis2z7jcvndipjbivh5r3g err=HttpError('InvalidRequest: Could not find repo: did:plc:pnhis2z7jcvndipjbivh5r3g')
2026-03-15T11:40:14Z WARNING bsky_collector_v2.job.index_feed_generators: listRecords failed repo=did:plc:pnngkvcd5w57vj3lq7t2sowi err=HttpError('InvalidRequest: Could not find repo: did:plc:pnngkvcd5w57vj3lq7t2sowi')
2026-03-15T11:40:14Z WARNING bsky_collector_v2.job.index_feed_generators: listRecords failed repo=did:plc:pp473ktbouptu6g3rdeukivp err=HttpError('InvalidRequest: Could not find repo: did:plc:pp473ktbouptu6g3rdeukivp')
2026-03-15T11:40:14Z WARNING bsky_collector_v2.job.index_feed_generators: listRecords failed repo=did:plc:pqqcvycpzj3e5uhamqajr26w err=HttpError('InvalidRequest: Could not find repo: did:plc:pqqcvycpzj3e5uhamqajr26w')
2026-03-15T11:40:14Z WARNING bsky_collector_v2.job.index_feed_generators: listRecords failed repo=did:plc:pqzgg2v5jmh5c4j6vraunawh err=HttpError('InvalidRequest: Could not find repo: did:plc:pqzgg2v5jmh5c4j6vraunawh')
2026-03-15T11:40:14Z WARNING bsky_collector_v2.job.index_feed_generators: listRecords failed repo=did:plc:ps7ybj3hiyecrx22tkl7sfia err=HttpError('InvalidRequest: Could not find repo: did:plc:ps7ybj3hiyecrx22tkl7sfia')
2026-03-15T11:40:14Z WARNING bsky_collector_v2.job.index_feed_generators: listRecords failed repo=did:plc:ptjn2rz6rftg76rfzvzkvstf err=HttpError('InvalidRequest: Could not find repo: did:plc:ptjn2rz6rftg76rfzvzkvstf')
2026-03-15T11:40:14Z WARNING bsky_collector_v2.job.index_feed_generators: listRecords failed repo=did:plc:ptnbscbspekeuxzcsthkhorq err=HttpError('InvalidRequest: Could not find repo: did:plc:ptnbscbspekeuxzcsthkhorq')
2026-03-15T11:40:14Z WARNING bsky_collector_v2.job.index_feed_generators: listRecords failed repo=did:plc:puczfskompxsnf2yqkjtnxa2 err=HttpError('InvalidRequest: Could not find repo: did:plc:puczfskompxsnf2yqkjtnxa2')
2026-03-15T11:40:14Z WARNING bsky_collector_v2.job.index_feed_generators: listRecords failed repo=did:plc:q27crzqrdqzoqry4esloakkh err=HttpError('InvalidRequest: Could not find repo: did:plc:q27crzqrdqzoqry4esloakkh')
2026-03-15T11:40:15Z WARNING bsky_collector_v2.job.index_feed_generators: listRecords failed repo=did:plc:qedkwqgzlwmw4o73cjchrzxv err=HttpError('InvalidRequest: Could not find repo: did:plc:qedkwqgzlwmw4o73cjchrzxv')
2026-03-15T11:40:15Z WARNING bsky_collector_v2.job.index_feed_generators: listRecords failed repo=did:plc:qfwplra3rqcilvwyqxjvakfa err=HttpError('InvalidRequest: Could not find repo: did:plc:qfwplra3rqcilvwyqxjvakfa')
2026-03-15T11:40:15Z WARNING bsky_collector_v2.job.index_feed_generators: listRecords failed repo=did:plc:qhnmikbpni7ld33vwfr2c3wm err=HttpError('InvalidRequest: Could not find repo: did:plc:qhnmikbpni7ld33vwfr2c3wm')
2026-03-15T11:40:16Z WARNING bsky_collector_v2.job.index_feed_generators: listRecords failed repo=did:plc:qlcb5ssxwnro67wwgs3owpq7 err=HttpError('InvalidRequest: Could not find repo: did:plc:qlcb5ssxwnro67wwgs3owpq7')
2026-03-15T11:40:16Z WARNING bsky_collector_v2.job.index_feed_generators: listRecords failed repo=did:plc:qp7ihqdsvakrlx2hsgf4astx err=HttpError('InvalidRequest: Could not find repo: did:plc:qp7ihqdsvakrlx2hsgf4astx')
2026-03-15T11:40:16Z WARNING bsky_collector_v2.job.index_feed_generators: listRecords failed repo=did:plc:qtz23crs7fw5mb3nhsk52p7o err=HttpError('InvalidRequest: Could not find repo: did:plc:qtz23crs7fw5mb3nhsk52p7o')
2026-03-15T11:40:16Z WARNING bsky_collector_v2.job.index_feed_generators: listRecords failed repo=did:plc:quut6ilfw47v3nwazfj5qt6s err=HttpError('InvalidRequest: Could not find repo: did:plc:quut6ilfw47v3nwazfj5qt6s')
2026-03-15T11:40:16Z WARNING bsky_collector_v2.job.index_feed_generators: listRecords failed repo=did:plc:qwivn2wenxguvtpdmx5u3emt err=HttpError('InvalidRequest: Could not find repo: did:plc:qwivn2wenxguvtpdmx5u3emt')
2026-03-15T11:40:16Z WARNING bsky_collector_v2.job.index_feed_generators: listRecords failed repo=did:plc:qwy54wbzr3fil65ghzddzjgm err=HttpError('InvalidRequest: Could not find repo: did:plc:qwy54wbzr3fil65ghzddzjgm')
2026-03-15T11:40:16Z WARNING bsky_collector_v2.job.index_feed_generators: listRecords failed repo=did:plc:qzrkkmw4ykinjsghmxhye3sn err=HttpError('InvalidRequest: Could not find repo: did:plc:qzrkkmw4ykinjsghmxhye3sn')
2026-03-15T11:40:16Z WARNING bsky_collector_v2.job.index_feed_generators: listRecords failed repo=did:plc:r2bx5pzidyvjvjmmyqwf7dpd err=HttpError('InvalidRequest: Could not find repo: did:plc:r2bx5pzidyvjvjmmyqwf7dpd')
2026-03-15T11:40:16Z WARNING bsky_collector_v2.job.index_feed_generators: listRecords failed repo=did:plc:r4uv3xahaxmdhaaybwwi2d6f err=HttpError('InvalidRequest: Could not find repo: did:plc:r4uv3xahaxmdhaaybwwi2d6f')
2026-03-15T11:40:17Z WARNING bsky_collector_v2.job.index_feed_generators: listRecords failed repo=did:plc:rdlurpj7asiwyelue7o5fpc7 err=HttpError('InvalidRequest: Could not find repo: did:plc:rdlurpj7asiwyelue7o5fpc7')
2026-03-15T11:40:17Z WARNING bsky_collector_v2.job.index_feed_generators: listRecords failed repo=did:plc:rfzcjii5hnezyga34bl5a7g2 err=HttpError('InvalidRequest: Could not find repo: did:plc:rfzcjii5hnezyga34bl5a7g2')
2026-03-15T11:40:17Z WARNING bsky_collector_v2.job.index_feed_generators: listRecords failed repo=did:plc:rkpxo2hu2q5crl4fb5q5shpv err=HttpError('InvalidRequest: Could not find repo: did:plc:rkpxo2hu2q5crl4fb5q5shpv')
2026-03-15T11:40:17Z WARNING bsky_collector_v2.job.index_feed_generators: listRecords failed repo=did:plc:rndumvwz4blzreylm3csk6sh err=HttpError('InvalidRequest: Could not find repo: did:plc:rndumvwz4blzreylm3csk6sh')
2026-03-15T11:40:17Z WARNING bsky_collector_v2.job.index_feed_generators: listRecords failed repo=did:plc:rnlutifnxcebzx37ui43jykk err=HttpError('InvalidRequest: Could not find repo: did:plc:rnlutifnxcebzx37ui43jykk')
2026-03-15T11:40:17Z WARNING bsky_collector_v2.job.index_feed_generators: listRecords failed repo=did:plc:rtwwyhdk4aprbvkyhlwfbzxu err=HttpError('InvalidRequest: Could not find repo: did:plc:rtwwyhdk4aprbvkyhlwfbzxu')
2026-03-15T11:40:17Z WARNING bsky_collector_v2.job.index_feed_generators: listRecords failed repo=did:plc:rwojrx3pke3iackfyijbojq7 err=HttpError('InvalidRequest: Could not find repo: did:plc:rwojrx3pke3iackfyijbojq7')
2026-03-15T11:40:17Z WARNING bsky_collector_v2.job.index_feed_generators: listRecords failed repo=did:plc:rx3by2ivykhiju72kx3xg3xg err=HttpError('InvalidRequest: Could not find repo: did:plc:rx3by2ivykhiju72kx3xg3xg')
2026-03-15T11:40:17Z WARNING bsky_collector_v2.job.index_feed_generators: listRecords failed repo=did:plc:s4dtotzuwzkadrg7g6u755c4 err=HttpError('InvalidRequest: Could not find repo: did:plc:s4dtotzuwzkadrg7g6u755c4')
2026-03-15T11:40:17Z WARNING bsky_collector_v2.job.index_feed_generators: listRecords failed repo=did:plc:s6n57dxv3l6g5lrubhxmns6w err=HttpError('InvalidRequest: Could not find repo: did:plc:s6n57dxv3l6g5lrubhxmns6w')
2026-03-15T11:40:18Z WARNING bsky_collector_v2.job.index_feed_generators: listRecords failed repo=did:plc:sepvjb2uyi5g23qqcqykainx err=HttpError('InvalidRequest: Could not find repo: did:plc:sepvjb2uyi5g23qqcqykainx')
2026-03-15T11:40:19Z WARNING bsky_collector_v2.job.index_feed_generators: listRecords failed repo=did:plc:snxb5ulzuihnq4ohynemwcjh err=HttpError('InvalidRequest: Could not find repo: did:plc:snxb5ulzuihnq4ohynemwcjh')
2026-03-15T11:40:19Z WARNING bsky_collector_v2.job.index_feed_generators: listRecords failed repo=did:plc:snzrsrtany7mtm4vuvhke6qy err=HttpError('InvalidRequest: Could not find repo: did:plc:snzrsrtany7mtm4vuvhke6qy')
2026-03-15T11:40:19Z WARNING bsky_collector_v2.job.index_feed_generators: listRecords failed repo=did:plc:srw2rfpai5n2mfbaxeljnjix err=HttpError('InvalidRequest: Could not find repo: did:plc:srw2rfpai5n2mfbaxeljnjix')
2026-03-15T11:40:19Z WARNING bsky_collector_v2.job.index_feed_generators: listRecords failed repo=did:plc:suew2e6kuwyrr67hi4lmmhzz err=HttpError('InvalidRequest: Could not find repo: did:plc:suew2e6kuwyrr67hi4lmmhzz')
2026-03-15T11:40:20Z WARNING bsky_collector_v2.job.index_feed_generators: listRecords failed repo=did:plc:svq4vt322gwqy42ufu5oage7 err=HttpError('InvalidRequest: Could not find repo: did:plc:svq4vt322gwqy42ufu5oage7')
2026-03-15T11:40:20Z WARNING bsky_collector_v2.job.index_feed_generators: listRecords failed repo=did:plc:svtwownew3qghx226xluz5lw err=HttpError('InvalidRequest: Could not find repo: did:plc:svtwownew3qghx226xluz5lw')
2026-03-15T11:40:20Z WARNING bsky_collector_v2.job.index_feed_generators: listRecords failed repo=did:plc:sxjfuud4hl5hmzd3klrrucrv err=HttpError('InvalidRequest: Could not find repo: did:plc:sxjfuud4hl5hmzd3klrrucrv')
2026-03-15T11:40:20Z WARNING bsky_collector_v2.job.index_feed_generators: listRecords failed repo=did:plc:ta3hcgxrbebepowlkhjbudeg err=HttpError('InvalidRequest: Could not find repo: did:plc:ta3hcgxrbebepowlkhjbudeg')
2026-03-15T11:40:20Z WARNING bsky_collector_v2.job.index_feed_generators: listRecords failed repo=did:plc:tadld5ukzwhzonplp5qudpeu err=HttpError('InvalidRequest: Could not find repo: did:plc:tadld5ukzwhzonplp5qudpeu')
2026-03-15T11:40:20Z WARNING bsky_collector_v2.job.index_feed_generators: listRecords failed repo=did:plc:tadlt2x2dpu32hlsweil6bww err=HttpError('InvalidRequest: Could not find repo: did:plc:tadlt2x2dpu32hlsweil6bww')
2026-03-15T11:40:20Z WARNING bsky_collector_v2.job.index_feed_generators: listRecords failed repo=did:plc:tcmvqjbaier6b5xby4getag2 err=HttpError('InvalidRequest: Could not find repo: did:plc:tcmvqjbaier6b5xby4getag2')
2026-03-15T11:40:20Z WARNING bsky_collector_v2.job.index_feed_generators: listRecords failed repo=did:plc:td55dw4ujsjh7vheldbxtn4m err=HttpError('InvalidRequest: Could not find repo: did:plc:td55dw4ujsjh7vheldbxtn4m')
2026-03-15T11:40:20Z WARNING bsky_collector_v2.job.index_feed_generators: listRecords failed repo=did:plc:tdzxgnqjoor45zx45stwwkrk err=HttpError('InvalidRequest: Could not find repo: did:plc:tdzxgnqjoor45zx45stwwkrk')
2026-03-15T11:40:21Z WARNING bsky_collector_v2.job.index_feed_generators: listRecords failed repo=did:plc:tjgouygitupezr3763h2c36t err=HttpError('InvalidRequest: Could not find repo: did:plc:tjgouygitupezr3763h2c36t')
2026-03-15T11:40:21Z WARNING bsky_collector_v2.job.index_feed_generators: listRecords failed repo=did:plc:tlc5oz4eakkzchq5jkiowjlx err=HttpError('InvalidRequest: Could not find repo: did:plc:tlc5oz4eakkzchq5jkiowjlx')
2026-03-15T11:40:21Z WARNING bsky_collector_v2.job.index_feed_generators: listRecords failed repo=did:plc:tsph4fgdvygixzcpi7obtkt4 err=HttpError('InvalidRequest: Could not find repo: did:plc:tsph4fgdvygixzcpi7obtkt4')
2026-03-15T11:40:21Z WARNING bsky_collector_v2.job.index_feed_generators: listRecords failed repo=did:plc:tvwl7nzfa2qd4a7ovqyoqqq2 err=HttpError('InvalidRequest: Could not find repo: did:plc:tvwl7nzfa2qd4a7ovqyoqqq2')
2026-03-15T11:40:21Z WARNING bsky_collector_v2.job.index_feed_generators: listRecords failed repo=did:plc:tytpgutbdur4vxbcdkqtaed4 err=HttpError('InvalidRequest: Could not find repo: did:plc:tytpgutbdur4vxbcdkqtaed4')
2026-03-15T11:40:21Z WARNING bsky_collector_v2.job.index_feed_generators: listRecords failed repo=did:plc:u5uton2bqprert3vdgfk3w27 err=HttpError('InvalidRequest: Could not find repo: did:plc:u5uton2bqprert3vdgfk3w27')
2026-03-15T11:40:22Z WARNING bsky_collector_v2.job.index_feed_generators: listRecords failed repo=did:plc:uaud43goorla34p4qu22xzt2 err=HttpError('InvalidRequest: Could not find repo: did:plc:uaud43goorla34p4qu22xzt2')
2026-03-15T11:40:22Z WARNING bsky_collector_v2.job.index_feed_generators: listRecords failed repo=did:plc:ubhmxzbdjymmpxqlplzdlfsr err=HttpError('InvalidRequest: Could not find repo: did:plc:ubhmxzbdjymmpxqlplzdlfsr')
2026-03-15T11:40:22Z WARNING bsky_collector_v2.job.index_feed_generators: listRecords failed repo=did:plc:udq6ywfhwttb27nmcpaavkvr err=HttpError('InvalidRequest: Could not find repo: did:plc:udq6ywfhwttb27nmcpaavkvr')
2026-03-15T11:40:22Z WARNING bsky_collector_v2.job.index_feed_generators: listRecords failed repo=did:plc:uqv2klrno3pvtl2fxrnqop2j err=HttpError('InvalidRequest: Could not find repo: did:plc:uqv2klrno3pvtl2fxrnqop2j')
2026-03-15T11:40:22Z WARNING bsky_collector_v2.job.index_feed_generators: listRecords failed repo=did:plc:usra5isqj537b652gioymziz err=HttpError('InvalidRequest: Could not find repo: did:plc:usra5isqj537b652gioymziz')
2026-03-15T11:40:23Z WARNING bsky_collector_v2.job.index_feed_generators: listRecords failed repo=did:plc:uz2wel7qnvhi5ina7bwlriwt err=HttpError('InvalidRequest: Could not find repo: did:plc:uz2wel7qnvhi5ina7bwlriwt')
2026-03-15T11:40:23Z WARNING bsky_collector_v2.job.index_feed_generators: listRecords failed repo=did:plc:v425v4tykpm5zwgedupxa3at err=HttpError('InvalidRequest: Could not find repo: did:plc:v425v4tykpm5zwgedupxa3at')
2026-03-15T11:40:23Z WARNING bsky_collector_v2.job.index_feed_generators: listRecords failed repo=did:plc:v6n7mjgl33usexbpvcidcvtg err=HttpError('InvalidRequest: Could not find repo: did:plc:v6n7mjgl33usexbpvcidcvtg')
2026-03-15T11:40:24Z WARNING bsky_collector_v2.job.index_feed_generators: listRecords failed repo=did:plc:vg6ij3seyb4paoxaezpvcvuv err=HttpError('InvalidRequest: Could not find repo: did:plc:vg6ij3seyb4paoxaezpvcvuv')
2026-03-15T11:40:24Z WARNING bsky_collector_v2.job.index_feed_generators: listRecords failed repo=did:plc:vhj3ozhqo7k2yoxnahinr4mo err=HttpError('InvalidRequest: Could not find repo: did:plc:vhj3ozhqo7k2yoxnahinr4mo')
2026-03-15T11:40:24Z WARNING bsky_collector_v2.job.index_feed_generators: listRecords failed repo=did:plc:vli6l2e2ncswdqzm5tapsp7k err=HttpError('InvalidRequest: Could not find repo: did:plc:vli6l2e2ncswdqzm5tapsp7k')
2026-03-15T11:40:24Z WARNING bsky_collector_v2.job.index_feed_generators: listRecords failed repo=did:plc:vsjw7kc2r64vfqkugygikhdm err=HttpError('InvalidRequest: Could not find repo: did:plc:vsjw7kc2r64vfqkugygikhdm')
2026-03-15T11:40:24Z WARNING bsky_collector_v2.job.index_feed_generators: listRecords failed repo=did:plc:vxjvnbjdamtt74y4nhgexnfx err=HttpError('InvalidRequest: Could not find repo: did:plc:vxjvnbjdamtt74y4nhgexnfx')
2026-03-15T11:40:24Z WARNING bsky_collector_v2.job.index_feed_generators: listRecords failed repo=did:plc:w33axeld7ubmb67gm7dnazrk err=HttpError('InvalidRequest: Could not find repo: did:plc:w33axeld7ubmb67gm7dnazrk')
2026-03-15T11:40:25Z WARNING bsky_collector_v2.job.index_feed_generators: listRecords failed repo=did:plc:w64j5ksdg2so64mjg4wbij23 err=HttpError('InvalidRequest: Could not find repo: did:plc:w64j5ksdg2so64mjg4wbij23')
2026-03-15T11:40:25Z WARNING bsky_collector_v2.job.index_feed_generators: listRecords failed repo=did:plc:w6yqz52hefdu2bsmme7r7axa err=HttpError('InvalidRequest: Could not find repo: did:plc:w6yqz52hefdu2bsmme7r7axa')
2026-03-15T11:40:25Z WARNING bsky_collector_v2.job.index_feed_generators: listRecords failed repo=did:plc:wbxee35c4fwolbjvhdgv7mbt err=HttpError('InvalidRequest: Could not find repo: did:plc:wbxee35c4fwolbjvhdgv7mbt')
2026-03-15T11:40:25Z WARNING bsky_collector_v2.job.index_feed_generators: listRecords failed repo=did:plc:wec7wpuqfbhsp44rz3hpdqqq err=HttpError('InvalidRequest: Could not find repo: did:plc:wec7wpuqfbhsp44rz3hpdqqq')
2026-03-15T11:40:25Z WARNING bsky_collector_v2.job.index_feed_generators: listRecords failed repo=did:plc:wgsxspdd2b6joshpznuhnol5 err=HttpError('InvalidRequest: Could not find repo: did:plc:wgsxspdd2b6joshpznuhnol5')
2026-03-15T11:40:25Z WARNING bsky_collector_v2.job.index_feed_generators: listRecords failed repo=did:plc:wmlapw4pr3nv2yrp6triejse err=HttpError('InvalidRequest: Could not find repo: did:plc:wmlapw4pr3nv2yrp6triejse')
2026-03-15T11:40:25Z WARNING bsky_collector_v2.job.index_feed_generators: listRecords failed repo=did:plc:wodei36ckxtlao4wtmn3m7ba err=HttpError('InvalidRequest: Could not find repo: did:plc:wodei36ckxtlao4wtmn3m7ba')
2026-03-15T11:40:25Z WARNING bsky_collector_v2.job.index_feed_generators: listRecords failed repo=did:plc:wu5x7ceerol24pwpzjunj7ii err=HttpError('InvalidRequest: Could not find repo: did:plc:wu5x7ceerol24pwpzjunj7ii')
2026-03-15T11:40:26Z WARNING bsky_collector_v2.job.index_feed_generators: listRecords failed repo=did:plc:x7tfiiwrycqdr4s7q22ts6wk err=HttpError('InvalidRequest: Could not find repo: did:plc:x7tfiiwrycqdr4s7q22ts6wk')
2026-03-15T11:40:26Z WARNING bsky_collector_v2.job.index_feed_generators: listRecords failed repo=did:plc:xdba4i76jt3lj53ojdnropkr err=HttpError('InvalidRequest: Could not find repo: did:plc:xdba4i76jt3lj53ojdnropkr')
2026-03-15T11:40:26Z WARNING bsky_collector_v2.job.index_feed_generators: listRecords failed repo=did:plc:xg7ebeiatdr7mhj76udthouv err=HttpError('InvalidRequest: Could not find repo: did:plc:xg7ebeiatdr7mhj76udthouv')
2026-03-15T11:40:26Z WARNING bsky_collector_v2.job.index_feed_generators: listRecords failed repo=did:plc:xj32lcjmb35juqd3vzzfdwxo err=HttpError('InvalidRequest: Could not find repo: did:plc:xj32lcjmb35juqd3vzzfdwxo')
2026-03-15T11:40:26Z WARNING bsky_collector_v2.job.index_feed_generators: listRecords failed repo=did:plc:xkxfpg7z7og273ujwvdzmy22 err=HttpError('InvalidRequest: Could not find repo: did:plc:xkxfpg7z7og273ujwvdzmy22')
2026-03-15T11:40:26Z WARNING bsky_collector_v2.job.index_feed_generators: listRecords failed repo=did:plc:xlkizcsz4zponyf4oxc3kdfw err=HttpError('InvalidRequest: Could not find repo: did:plc:xlkizcsz4zponyf4oxc3kdfw')
2026-03-15T11:40:26Z WARNING bsky_collector_v2.job.index_feed_generators: listRecords failed repo=did:plc:xmbsq27o3up7gq7ttvhsb6az err=HttpError('InvalidRequest: Could not find repo: did:plc:xmbsq27o3up7gq7ttvhsb6az')
2026-03-15T11:40:26Z WARNING bsky_collector_v2.job.index_feed_generators: listRecords failed repo=did:plc:xrsswmjzcorgnw4t66zfs3xa err=HttpError('InvalidRequest: Could not find repo: did:plc:xrsswmjzcorgnw4t66zfs3xa')
2026-03-15T11:40:26Z WARNING bsky_collector_v2.job.index_feed_generators: listRecords failed repo=did:plc:xs3f6nz4dbj37jp7ek45ur7d err=HttpError('InvalidRequest: Could not find repo: did:plc:xs3f6nz4dbj37jp7ek45ur7d')
2026-03-15T11:40:26Z WARNING bsky_collector_v2.job.index_feed_generators: listRecords failed repo=did:plc:y2q42e3m73up3uzy3khan5kd err=HttpError('InvalidRequest: Could not find repo: did:plc:y2q42e3m73up3uzy3khan5kd')
2026-03-15T11:40:27Z WARNING bsky_collector_v2.job.index_feed_generators: listRecords failed repo=did:plc:yhp3z4i2xvwguxdztlycxy2b err=HttpError('InvalidRequest: Could not find repo: did:plc:yhp3z4i2xvwguxdztlycxy2b')
2026-03-15T11:40:28Z WARNING bsky_collector_v2.job.index_feed_generators: listRecords failed repo=did:plc:yhv2nvxhitm5e4gat5jqatlv err=HttpError('InvalidRequest: Could not find repo: did:plc:yhv2nvxhitm5e4gat5jqatlv')
2026-03-15T11:40:28Z WARNING bsky_collector_v2.job.index_feed_generators: listRecords failed repo=did:plc:yntq3osvmdzcrydctfiwkmri err=HttpError('InvalidRequest: Could not find repo: did:plc:yntq3osvmdzcrydctfiwkmri')
2026-03-15T11:40:28Z WARNING bsky_collector_v2.job.index_feed_generators: listRecords failed repo=did:plc:z2ifzr6ubhmw34zymi2dujb4 err=HttpError('InvalidRequest: Could not find repo: did:plc:z2ifzr6ubhmw34zymi2dujb4')
2026-03-15T11:40:28Z WARNING bsky_collector_v2.job.index_feed_generators: listRecords failed repo=did:plc:z2tz4mbad2ejtedryezd4iah err=HttpError('InvalidRequest: Could not find repo: did:plc:z2tz4mbad2ejtedryezd4iah')
2026-03-15T11:40:28Z WARNING bsky_collector_v2.job.index_feed_generators: listRecords failed repo=did:plc:z5ijv476plo6la47pcfszvlk err=HttpError('InvalidRequest: Could not find repo: did:plc:z5ijv476plo6la47pcfszvlk')
2026-03-15T11:40:28Z WARNING bsky_collector_v2.job.index_feed_generators: listRecords failed repo=did:plc:z5ki3ydz7nm3uwagz6vjevul err=HttpError('InvalidRequest: Could not find repo: did:plc:z5ki3ydz7nm3uwagz6vjevul')
2026-03-15T11:40:28Z WARNING bsky_collector_v2.job.index_feed_generators: listRecords failed repo=did:plc:zdu4uv5odw53ynnkzylmq5hl err=HttpError('InvalidRequest: Could not find repo: did:plc:zdu4uv5odw53ynnkzylmq5hl')
2026-03-15T11:40:28Z WARNING bsky_collector_v2.job.index_feed_generators: listRecords failed repo=did:plc:zf67d3wcnxpxmj5laxmcenoi err=HttpError('InvalidRequest: Could not find repo: did:plc:zf67d3wcnxpxmj5laxmcenoi')
2026-03-15T11:40:29Z WARNING bsky_collector_v2.job.index_feed_generators: listRecords failed repo=did:plc:zmtf64dlqylpqxymykgroor4 err=HttpError('InvalidRequest: Could not find repo: did:plc:zmtf64dlqylpqxymykgroor4')
2026-03-15T11:40:29Z WARNING bsky_collector_v2.job.index_feed_generators: listRecords failed repo=did:plc:zqn3kqtubs7n3cn2ucqm2ty4 err=HttpError('InvalidRequest: Could not find repo: did:plc:zqn3kqtubs7n3cn2ucqm2ty4')
2026-03-15T11:40:29Z WARNING bsky_collector_v2.job.index_feed_generators: listRecords failed repo=did:plc:zthhawa5mkvermt4lmff7qkt err=HttpError('InvalidRequest: Could not find repo: did:plc:zthhawa5mkvermt4lmff7qkt')
2026-03-15T11:40:29Z WARNING bsky_collector_v2.job.index_feed_generators: listRecords failed repo=did:plc:22av6diuwknqdqkcwixveeqo err=HttpError('InvalidRequest: Could not find repo: did:plc:22av6diuwknqdqkcwixveeqo')
2026-03-15T11:40:29Z WARNING bsky_collector_v2.job.index_feed_generators: listRecords failed repo=did:plc:22tjqyntin4nwdni4jb4pwpi err=HttpError('InvalidRequest: Could not find repo: did:plc:22tjqyntin4nwdni4jb4pwpi')
2026-03-15T11:40:29Z WARNING bsky_collector_v2.job.index_feed_generators: listRecords failed repo=did:plc:24idxsnaeb3gzow7zihcqcyd err=HttpError('InvalidRequest: Could not find repo: did:plc:24idxsnaeb3gzow7zihcqcyd')
2026-03-15T11:40:29Z WARNING bsky_collector_v2.job.index_feed_generators: listRecords failed repo=did:plc:26epkyb4y24gmqkeadw7jam4 err=HttpError('InvalidRequest: Could not find repo: did:plc:26epkyb4y24gmqkeadw7jam4')
2026-03-15T11:40:29Z WARNING bsky_collector_v2.job.index_feed_generators: listRecords failed repo=did:plc:2dccepgprxgnn6xzklv2wa72 err=HttpError('InvalidRequest: Could not find repo: did:plc:2dccepgprxgnn6xzklv2wa72')
2026-03-15T11:40:29Z WARNING bsky_collector_v2.job.index_feed_generators: listRecords failed repo=did:plc:2f7rf33ird6h7vphrbne7ovy err=HttpError('InvalidRequest: Could not find repo: did:plc:2f7rf33ird6h7vphrbne7ovy')
2026-03-15T11:40:29Z WARNING bsky_collector_v2.job.index_feed_generators: listRecords failed repo=did:plc:2frlv4i7aq5ak7l4zv5vl4ej err=HttpError('InvalidRequest: Could not find repo: did:plc:2frlv4i7aq5ak7l4zv5vl4ej')
2026-03-15T11:40:29Z WARNING bsky_collector_v2.job.index_feed_generators: listRecords failed repo=did:plc:2jcfyth2qk6bqwpkanistfum err=HttpError('InvalidRequest: Could not find repo: did:plc:2jcfyth2qk6bqwpkanistfum')
2026-03-15T11:40:29Z WARNING bsky_collector_v2.job.index_feed_generators: listRecords failed repo=did:plc:2u67wasqcboaswcz7i2a5vx7 err=HttpError('InvalidRequest: Could not find repo: did:plc:2u67wasqcboaswcz7i2a5vx7')
2026-03-15T11:40:29Z WARNING bsky_collector_v2.job.index_feed_generators: listRecords failed repo=did:plc:2u6kffvkrovkxun6hlj6dxzw err=HttpError('InvalidRequest: Could not find repo: did:plc:2u6kffvkrovkxun6hlj6dxzw')
2026-03-15T11:40:29Z WARNING bsky_collector_v2.job.index_feed_generators: listRecords failed repo=did:plc:326x6x3ddar54hzzzyxwkoy2 err=HttpError('InvalidRequest: Could not find repo: did:plc:326x6x3ddar54hzzzyxwkoy2')
2026-03-15T11:40:29Z WARNING bsky_collector_v2.job.index_feed_generators: listRecords failed repo=did:plc:33eyjokp3dkq5tg6mcz6r5rj err=HttpError('InvalidRequest: Could not find repo: did:plc:33eyjokp3dkq5tg6mcz6r5rj')
2026-03-15T11:40:30Z WARNING bsky_collector_v2.job.index_feed_generators: listRecords failed repo=did:plc:3dlzq4mpgx6sz2elu5hklbyk err=HttpError('InvalidRequest: Could not find repo: did:plc:3dlzq4mpgx6sz2elu5hklbyk')
2026-03-15T11:40:30Z WARNING bsky_collector_v2.job.index_feed_generators: listRecords failed repo=did:plc:3lod2ywqe4unluvn326fygsi err=HttpError('InvalidRequest: Could not find repo: did:plc:3lod2ywqe4unluvn326fygsi')
2026-03-15T11:40:30Z WARNING bsky_collector_v2.job.index_feed_generators: listRecords failed repo=did:plc:3sccayzt5xt44752pvwrugtm err=HttpError('InvalidRequest: Could not find repo: did:plc:3sccayzt5xt44752pvwrugtm')
2026-03-15T11:40:30Z WARNING bsky_collector_v2.job.index_feed_generators: listRecords failed repo=did:plc:3vkq656qaqxrwjqtbhywrsz5 err=HttpError('InvalidRequest: Could not find repo: did:plc:3vkq656qaqxrwjqtbhywrsz5')
2026-03-15T11:40:30Z WARNING bsky_collector_v2.job.index_feed_generators: listRecords failed repo=did:plc:3z3sv2q4wbc4kyjt5mwrmjpr err=HttpError('InvalidRequest: Could not find repo: did:plc:3z3sv2q4wbc4kyjt5mwrmjpr')
2026-03-15T11:40:30Z WARNING bsky_collector_v2.job.index_feed_generators: listRecords failed repo=did:plc:3zfln3vduk3eh4nzaiu5svqc err=HttpError('InvalidRequest: Could not find repo: did:plc:3zfln3vduk3eh4nzaiu5svqc')
2026-03-15T11:40:30Z WARNING bsky_collector_v2.job.index_feed_generators: listRecords failed repo=did:plc:47uq4flpjxfrozx6zmbpzk55 err=HttpError('InvalidRequest: Could not find repo: did:plc:47uq4flpjxfrozx6zmbpzk55')
2026-03-15T11:40:30Z WARNING bsky_collector_v2.job.index_feed_generators: listRecords failed repo=did:plc:4g6ig42hfhcryiqfyere4sf2 err=HttpError('InvalidRequest: Could not find repo: did:plc:4g6ig42hfhcryiqfyere4sf2')
2026-03-15T11:40:30Z WARNING bsky_collector_v2.job.index_feed_generators: listRecords failed repo=did:plc:4klkv42c6z543pnsw4k3yto5 err=HttpError('InvalidRequest: Could not find repo: did:plc:4klkv42c6z543pnsw4k3yto5')
2026-03-15T11:40:30Z WARNING bsky_collector_v2.job.index_feed_generators: listRecords failed repo=did:plc:4mfmcfq35fq3yj3z6wujofdj err=HttpError('InvalidRequest: Could not find repo: did:plc:4mfmcfq35fq3yj3z6wujofdj')
2026-03-15T11:40:30Z WARNING bsky_collector_v2.job.index_feed_generators: listRecords failed repo=did:plc:4qsvs2mr7muiwrygna5abhks err=HttpError('InvalidRequest: Could not find repo: did:plc:4qsvs2mr7muiwrygna5abhks')
2026-03-15T11:40:30Z WARNING bsky_collector_v2.job.index_feed_generators: listRecords failed repo=did:plc:4v2kq6zgsaibetz25ij3tnpb err=HttpError('InvalidRequest: Could not find repo: did:plc:4v2kq6zgsaibetz25ij3tnpb')
2026-03-15T11:40:30Z WARNING bsky_collector_v2.job.index_feed_generators: listRecords failed repo=did:plc:4xzcjgfrfpzdczkwbdmny32x err=HttpError('InvalidRequest: Could not find repo: did:plc:4xzcjgfrfpzdczkwbdmny32x')
2026-03-15T11:40:30Z WARNING bsky_collector_v2.job.index_feed_generators: listRecords failed repo=did:plc:544ptxnmzz7newk5xq5lfkus err=HttpError('InvalidRequest: Could not find repo: did:plc:544ptxnmzz7newk5xq5lfkus')
2026-03-15T11:40:30Z WARNING bsky_collector_v2.job.index_feed_generators: listRecords failed repo=did:plc:57whpawd7wfkbzt5hogpscbv err=HttpError('InvalidRequest: Could not find repo: did:plc:57whpawd7wfkbzt5hogpscbv')
2026-03-15T11:40:30Z WARNING bsky_collector_v2.job.index_feed_generators: listRecords failed repo=did:plc:5arfpweaodktcgnuwrhccyvn err=HttpError('InvalidRequest: Could not find repo: did:plc:5arfpweaodktcgnuwrhccyvn')
2026-03-15T11:40:30Z WARNING bsky_collector_v2.job.index_feed_generators: listRecords failed repo=did:plc:5e6yaxo64ij5xhc7phdbl23o err=HttpError('InvalidRequest: Could not find repo: did:plc:5e6yaxo64ij5xhc7phdbl23o')
2026-03-15T11:40:30Z WARNING bsky_collector_v2.job.index_feed_generators: listRecords failed repo=did:plc:5g5jchmcnewfy6otyc7nppr7 err=HttpError('InvalidRequest: Could not find repo: did:plc:5g5jchmcnewfy6otyc7nppr7')
2026-03-15T11:40:31Z WARNING bsky_collector_v2.job.index_feed_generators: listRecords failed repo=did:plc:5ibyoue6zd3fqruor6c4hq4y err=HttpError('InvalidRequest: Could not find repo: did:plc:5ibyoue6zd3fqruor6c4hq4y')
2026-03-15T11:40:31Z WARNING bsky_collector_v2.job.index_feed_generators: listRecords failed repo=did:plc:5k4qb6pflnccv5xlud2qyp7h err=HttpError('InvalidRequest: Could not find repo: did:plc:5k4qb6pflnccv5xlud2qyp7h')
2026-03-15T11:40:31Z WARNING bsky_collector_v2.job.index_feed_generators: listRecords failed repo=did:plc:5pzpg6g5seu6guwrsdxhcdlb err=HttpError('InvalidRequest: Could not find repo: did:plc:5pzpg6g5seu6guwrsdxhcdlb')
2026-03-15T11:40:31Z WARNING bsky_collector_v2.job.index_feed_generators: listRecords failed repo=did:plc:5rrqw3b426mjw4vklbzbtwpq err=HttpError('InvalidRequest: Could not find repo: did:plc:5rrqw3b426mjw4vklbzbtwpq')
2026-03-15T11:40:31Z WARNING bsky_collector_v2.job.index_feed_generators: listRecords failed repo=did:plc:5vf24q5zkk3lynz3ybprpnwh err=HttpError('InvalidRequest: Could not find repo: did:plc:5vf24q5zkk3lynz3ybprpnwh')
2026-03-15T11:40:31Z WARNING bsky_collector_v2.job.index_feed_generators: listRecords failed repo=did:plc:5vggdlipm5eyy3yuqywpijcu err=HttpError('InvalidRequest: Could not find repo: did:plc:5vggdlipm5eyy3yuqywpijcu')
2026-03-15T11:40:31Z WARNING bsky_collector_v2.job.index_feed_generators: listRecords failed repo=did:plc:662zx7cxhad4iuwu4j5dzw7n err=HttpError('InvalidRequest: Could not find repo: did:plc:662zx7cxhad4iuwu4j5dzw7n')
2026-03-15T11:40:31Z WARNING bsky_collector_v2.job.index_feed_generators: listRecords failed repo=did:plc:6bgrzvow6hqecgj4lxz3jkvf err=HttpError('InvalidRequest: Could not find repo: did:plc:6bgrzvow6hqecgj4lxz3jkvf')
2026-03-15T11:40:31Z WARNING bsky_collector_v2.job.index_feed_generators: listRecords failed repo=did:plc:6ekfj5nze72w6fumzddyycg4 err=HttpError('InvalidRequest: Could not find repo: did:plc:6ekfj5nze72w6fumzddyycg4')
2026-03-15T11:40:31Z WARNING bsky_collector_v2.job.index_feed_generators: listRecords failed repo=did:plc:6izt7mybayr7y5tkr5sruljp err=HttpError('InvalidRequest: Could not find repo: did:plc:6izt7mybayr7y5tkr5sruljp')
2026-03-15T11:40:31Z WARNING bsky_collector_v2.job.index_feed_generators: listRecords failed repo=did:plc:6xkvrvmilv6acvlg3bxurtmm err=HttpError('InvalidRequest: Could not find repo: did:plc:6xkvrvmilv6acvlg3bxurtmm')
2026-03-15T11:40:31Z WARNING bsky_collector_v2.job.index_feed_generators: listRecords failed repo=did:plc:756vgtuqtkyexafw4paga5pi err=HttpError('InvalidRequest: Could not find repo: did:plc:756vgtuqtkyexafw4paga5pi')
2026-03-15T11:40:31Z WARNING bsky_collector_v2.job.index_feed_generators: listRecords failed repo=did:plc:7alrupez2xgc7a5qu5piahaj err=HttpError('InvalidRequest: Could not find repo: did:plc:7alrupez2xgc7a5qu5piahaj')
2026-03-15T11:40:31Z WARNING bsky_collector_v2.job.index_feed_generators: listRecords failed repo=did:plc:7b2tptszxr5x2v6fh6l5ak5i err=HttpError('InvalidRequest: Could not find repo: did:plc:7b2tptszxr5x2v6fh6l5ak5i')
2026-03-15T11:40:31Z WARNING bsky_collector_v2.job.index_feed_generators: listRecords failed repo=did:plc:7dzttzujnqla3j5xwu35pex2 err=HttpError('InvalidRequest: Could not find repo: did:plc:7dzttzujnqla3j5xwu35pex2')
2026-03-15T11:40:31Z WARNING bsky_collector_v2.job.index_feed_generators: listRecords failed repo=did:plc:7fndobgyllztkvecknb7oxwf err=HttpError('InvalidRequest: Could not find repo: did:plc:7fndobgyllztkvecknb7oxwf')
2026-03-15T11:40:31Z WARNING bsky_collector_v2.job.index_feed_generators: listRecords failed repo=did:plc:7kupfpkfo7cnqaftsccumn3a err=HttpError('InvalidRequest: Could not find repo: did:plc:7kupfpkfo7cnqaftsccumn3a')
2026-03-15T11:40:31Z WARNING bsky_collector_v2.job.index_feed_generators: listRecords failed repo=did:plc:7m2kiyvd5fmn4cobn7sgnmfb err=HttpError('InvalidRequest: Could not find repo: did:plc:7m2kiyvd5fmn4cobn7sgnmfb')
2026-03-15T11:40:31Z WARNING bsky_collector_v2.job.index_feed_generators: listRecords failed repo=did:plc:7mf33cyxnc6tfb36jxnspc7a err=HttpError('InvalidRequest: Could not find repo: did:plc:7mf33cyxnc6tfb36jxnspc7a')
2026-03-15T11:40:32Z WARNING bsky_collector_v2.job.index_feed_generators: listRecords failed repo=did:plc:7nnwsbon7pahhpjrqq5fgpdc err=HttpError('InvalidRequest: Could not find repo: did:plc:7nnwsbon7pahhpjrqq5fgpdc')
2026-03-15T11:40:32Z WARNING bsky_collector_v2.job.index_feed_generators: listRecords failed repo=did:plc:7p3r6uofejlaydwmm26ulb37 err=HttpError('InvalidRequest: Could not find repo: did:plc:7p3r6uofejlaydwmm26ulb37')
2026-03-15T11:40:32Z WARNING bsky_collector_v2.job.index_feed_generators: listRecords failed repo=did:plc:7q5t6it44bkh5vaaw2tses5m err=HttpError('InvalidRequest: Could not find repo: did:plc:7q5t6it44bkh5vaaw2tses5m')
2026-03-15T11:40:32Z WARNING bsky_collector_v2.job.index_feed_generators: listRecords failed repo=did:plc:a2cazsbawrwswo56uwaagdd5 err=HttpError('InvalidRequest: Could not find repo: did:plc:a2cazsbawrwswo56uwaagdd5')
2026-03-15T11:40:32Z WARNING bsky_collector_v2.job.index_feed_generators: listRecords failed repo=did:plc:acc6dsc6w24sjt5qez2idtxd err=HttpError('InvalidRequest: Could not find repo: did:plc:acc6dsc6w24sjt5qez2idtxd')
2026-03-15T11:40:32Z WARNING bsky_collector_v2.job.index_feed_generators: listRecords failed repo=did:plc:afrdwyzjkd5c5fp3ef2pl7sd err=HttpError('InvalidRequest: Could not find repo: did:plc:afrdwyzjkd5c5fp3ef2pl7sd')
2026-03-15T11:40:32Z WARNING bsky_collector_v2.job.index_feed_generators: listRecords failed repo=did:plc:ag2kfa7btakds44g7ihy3l43 err=HttpError('InvalidRequest: Could not find repo: did:plc:ag2kfa7btakds44g7ihy3l43')
2026-03-15T11:40:32Z WARNING bsky_collector_v2.job.index_feed_generators: listRecords failed repo=did:plc:alykaxenuuwjaw3eqjxudt5u err=HttpError('InvalidRequest: Could not find repo: did:plc:alykaxenuuwjaw3eqjxudt5u')
2026-03-15T11:40:32Z WARNING bsky_collector_v2.job.index_feed_generators: listRecords failed repo=did:plc:aosvcz5lk32cd4ges3xlug2c err=HttpError('InvalidRequest: Could not find repo: did:plc:aosvcz5lk32cd4ges3xlug2c')
2026-03-15T11:40:32Z WARNING bsky_collector_v2.job.index_feed_generators: listRecords failed repo=did:plc:arv7rvaiq6bulksmhwkzj6t5 err=HttpError('InvalidRequest: Could not find repo: did:plc:arv7rvaiq6bulksmhwkzj6t5')
2026-03-15T11:40:32Z WARNING bsky_collector_v2.job.index_feed_generators: listRecords failed repo=did:plc:ayocve6ufhfcrzoe2swxso6x err=HttpError('InvalidRequest: Could not find repo: did:plc:ayocve6ufhfcrzoe2swxso6x')
2026-03-15T11:40:32Z WARNING bsky_collector_v2.job.index_feed_generators: listRecords failed repo=did:plc:azsfe7rxaon2xnmgxp5qzvcj err=HttpError('InvalidRequest: Could not find repo: did:plc:azsfe7rxaon2xnmgxp5qzvcj')
2026-03-15T11:40:32Z WARNING bsky_collector_v2.job.index_feed_generators: listRecords failed repo=did:plc:b3l4d5piruyxejs3ldglofvh err=HttpError('InvalidRequest: Could not find repo: did:plc:b3l4d5piruyxejs3ldglofvh')
2026-03-15T11:40:32Z WARNING bsky_collector_v2.job.index_feed_generators: listRecords failed repo=did:plc:bcylmeijfgane2uq7a2wqsbk err=HttpError('InvalidRequest: Could not find repo: did:plc:bcylmeijfgane2uq7a2wqsbk')
2026-03-15T11:40:32Z WARNING bsky_collector_v2.job.index_feed_generators: listRecords failed repo=did:plc:bgcmqvd2dj6gaoodrbcgtfig err=HttpError('InvalidRequest: Could not find repo: did:plc:bgcmqvd2dj6gaoodrbcgtfig')
2026-03-15T11:40:32Z WARNING bsky_collector_v2.job.index_feed_generators: listRecords failed repo=did:plc:biehic4b4eu7oj6nq5jfnct2 err=HttpError('InvalidRequest: Could not find repo: did:plc:biehic4b4eu7oj6nq5jfnct2')
2026-03-15T11:40:32Z WARNING bsky_collector_v2.job.index_feed_generators: listRecords failed repo=did:plc:bncpfi5yf66gpblkciyjq6vv err=HttpError('InvalidRequest: Could not find repo: did:plc:bncpfi5yf66gpblkciyjq6vv')
2026-03-15T11:40:32Z WARNING bsky_collector_v2.job.index_feed_generators: listRecords failed repo=did:plc:brkxhct2d2uj4mk4tfyjvt5z err=HttpError('InvalidRequest: Could not find repo: did:plc:brkxhct2d2uj4mk4tfyjvt5z')
2026-03-15T11:40:32Z WARNING bsky_collector_v2.job.index_feed_generators: listRecords failed repo=did:plc:bw4kn2fwyy2vnzsgkpllihql err=HttpError('InvalidRequest: Could not find repo: did:plc:bw4kn2fwyy2vnzsgkpllihql')
2026-03-15T11:40:32Z WARNING bsky_collector_v2.job.index_feed_generators: listRecords failed repo=did:plc:cbkhonp7mhot6vdxbgvg7cns err=HttpError('InvalidRequest: Could not find repo: did:plc:cbkhonp7mhot6vdxbgvg7cns')
2026-03-15T11:40:33Z WARNING bsky_collector_v2.job.index_feed_generators: listRecords failed repo=did:plc:ccpvtpdrevenye7krb5nhf2p err=HttpError('InvalidRequest: Could not find repo: did:plc:ccpvtpdrevenye7krb5nhf2p')
2026-03-15T11:40:33Z WARNING bsky_collector_v2.job.index_feed_generators: listRecords failed repo=did:plc:chnwqd3oxt4hxzqg3i57w4ee err=HttpError('InvalidRequest: Could not find repo: did:plc:chnwqd3oxt4hxzqg3i57w4ee')
2026-03-15T11:40:33Z WARNING bsky_collector_v2.job.index_feed_generators: listRecords failed repo=did:plc:clati2espts6jnk3r7jmikgi err=HttpError('InvalidRequest: Could not find repo: did:plc:clati2espts6jnk3r7jmikgi')
2026-03-15T11:40:33Z WARNING bsky_collector_v2.job.index_feed_generators: listRecords failed repo=did:plc:cpzktr7sxtrgormjgdmyj65a err=HttpError('InvalidRequest: Could not find repo: did:plc:cpzktr7sxtrgormjgdmyj65a')
2026-03-15T11:40:33Z WARNING bsky_collector_v2.job.index_feed_generators: listRecords failed repo=did:plc:cqg7vikqmu3nexpel3xzarff err=HttpError('InvalidRequest: Could not find repo: did:plc:cqg7vikqmu3nexpel3xzarff')
2026-03-15T11:40:33Z WARNING bsky_collector_v2.job.index_feed_generators: listRecords failed repo=did:plc:csxya5o5s6nfpxwg6x4h3agk err=HttpError('InvalidRequest: Could not find repo: did:plc:csxya5o5s6nfpxwg6x4h3agk')
2026-03-15T11:40:33Z WARNING bsky_collector_v2.job.index_feed_generators: listRecords failed repo=did:plc:cvbu3r3yer2g2dzackqj4fn7 err=HttpError('InvalidRequest: Could not find repo: did:plc:cvbu3r3yer2g2dzackqj4fn7')
2026-03-15T11:40:33Z WARNING bsky_collector_v2.job.index_feed_generators: listRecords failed repo=did:plc:d73h4zm46gkf7zc3ghp6ngl7 err=HttpError('InvalidRequest: Could not find repo: did:plc:d73h4zm46gkf7zc3ghp6ngl7')
2026-03-15T11:40:33Z WARNING bsky_collector_v2.job.index_feed_generators: listRecords failed repo=did:plc:dfroml5zutkme4nmimlf7hex err=HttpError('InvalidRequest: Could not find repo: did:plc:dfroml5zutkme4nmimlf7hex')
2026-03-15T11:40:33Z WARNING bsky_collector_v2.job.index_feed_generators: listRecords failed repo=did:plc:dha7cgmfor7dq36tsoprpuek err=HttpError('InvalidRequest: Could not find repo: did:plc:dha7cgmfor7dq36tsoprpuek')
2026-03-15T11:40:33Z WARNING bsky_collector_v2.job.index_feed_generators: listRecords failed repo=did:plc:djicnpe3la6qvptoe2wcij6n err=HttpError('InvalidRequest: Could not find repo: did:plc:djicnpe3la6qvptoe2wcij6n')
2026-03-15T11:40:33Z WARNING bsky_collector_v2.job.index_feed_generators: listRecords failed repo=did:plc:dkca45ozn6rdc4fai45s2ha6 err=HttpError('InvalidRequest: Could not find repo: did:plc:dkca45ozn6rdc4fai45s2ha6')
2026-03-15T11:40:33Z WARNING bsky_collector_v2.job.index_feed_generators: listRecords failed repo=did:plc:dklagocc4rz2ovjw2i7jzyx5 err=HttpError('InvalidRequest: Could not find repo: did:plc:dklagocc4rz2ovjw2i7jzyx5')
2026-03-15T11:40:33Z WARNING bsky_collector_v2.job.index_feed_generators: listRecords failed repo=did:plc:drifcdbxebeneeg24knkml4v err=HttpError('InvalidRequest: Could not find repo: did:plc:drifcdbxebeneeg24knkml4v')
2026-03-15T11:40:33Z WARNING bsky_collector_v2.job.index_feed_generators: listRecords failed repo=did:plc:drz4wef322mc6o4mk7qjz4gb err=HttpError('InvalidRequest: Could not find repo: did:plc:drz4wef322mc6o4mk7qjz4gb')
2026-03-15T11:40:33Z WARNING bsky_collector_v2.job.index_feed_generators: listRecords failed repo=did:plc:dtcrtnnw2emzuudevy4uchbn err=HttpError('InvalidRequest: Could not find repo: did:plc:dtcrtnnw2emzuudevy4uchbn')
2026-03-15T11:40:33Z WARNING bsky_collector_v2.job.index_feed_generators: listRecords failed repo=did:plc:e24fzkwuv743h6m6qqlvajw7 err=HttpError('InvalidRequest: Could not find repo: did:plc:e24fzkwuv743h6m6qqlvajw7')
2026-03-15T11:40:33Z WARNING bsky_collector_v2.job.index_feed_generators: listRecords failed repo=did:plc:eb7e2657rssjhq4k5f6v6lgf err=HttpError('InvalidRequest: Could not find repo: did:plc:eb7e2657rssjhq4k5f6v6lgf')
2026-03-15T11:40:33Z WARNING bsky_collector_v2.job.index_feed_generators: listRecords failed repo=did:plc:ebnenerldc4rropz62srwmio err=HttpError('InvalidRequest: Could not find repo: did:plc:ebnenerldc4rropz62srwmio')
2026-03-15T11:40:33Z WARNING bsky_collector_v2.job.index_feed_generators: listRecords failed repo=did:plc:ef7hvlyfaqfmuovh5hszdgz3 err=HttpError('InvalidRequest: Could not find repo: did:plc:ef7hvlyfaqfmuovh5hszdgz3')
2026-03-15T11:40:34Z WARNING bsky_collector_v2.job.index_feed_generators: listRecords failed repo=did:plc:egidw2el3egudp22sjimpq7l err=HttpError('InvalidRequest: Could not find repo: did:plc:egidw2el3egudp22sjimpq7l')
2026-03-15T11:40:34Z WARNING bsky_collector_v2.job.index_feed_generators: listRecords failed repo=did:plc:eijjzzeiuvlac7hr5axrvv7l err=HttpError('InvalidRequest: Could not find repo: did:plc:eijjzzeiuvlac7hr5axrvv7l')
2026-03-15T11:40:34Z WARNING bsky_collector_v2.job.index_feed_generators: listRecords failed repo=did:plc:ej5g6ybxvyrjmlpf3iidmgme err=HttpError('InvalidRequest: Could not find repo: did:plc:ej5g6ybxvyrjmlpf3iidmgme')
2026-03-15T11:40:34Z WARNING bsky_collector_v2.job.index_feed_generators: listRecords failed repo=did:plc:elabkg5vnhsh2qqeyhy7iys6 err=HttpError('InvalidRequest: Could not find repo: did:plc:elabkg5vnhsh2qqeyhy7iys6')
2026-03-15T11:40:34Z WARNING bsky_collector_v2.job.index_feed_generators: listRecords failed repo=did:plc:emqqfgckmsmkoxs6bco7qdl3 err=HttpError('InvalidRequest: Could not find repo: did:plc:emqqfgckmsmkoxs6bco7qdl3')
2026-03-15T11:40:34Z WARNING bsky_collector_v2.job.index_feed_generators: listRecords failed repo=did:plc:euvqz3mbuo756rzunfqfy5dx err=HttpError('InvalidRequest: Could not find repo: did:plc:euvqz3mbuo756rzunfqfy5dx')
2026-03-15T11:40:34Z WARNING bsky_collector_v2.job.index_feed_generators: listRecords failed repo=did:plc:eym5fvxev26qxsiymnrv5num err=HttpError('InvalidRequest: Could not find repo: did:plc:eym5fvxev26qxsiymnrv5num')
2026-03-15T11:40:34Z WARNING bsky_collector_v2.job.index_feed_generators: listRecords failed repo=did:plc:f7m3vytehcoclvfpkiv2sdgm err=HttpError('InvalidRequest: Could not find repo: did:plc:f7m3vytehcoclvfpkiv2sdgm')
2026-03-15T11:40:34Z WARNING bsky_collector_v2.job.index_feed_generators: listRecords failed repo=did:plc:fk27ye32sriibmgwz2lq6ylk err=HttpError('InvalidRequest: Could not find repo: did:plc:fk27ye32sriibmgwz2lq6ylk')
2026-03-15T11:40:34Z WARNING bsky_collector_v2.job.index_feed_generators: listRecords failed repo=did:plc:fs3ntmav32phaahnfkyhy346 err=HttpError('InvalidRequest: Could not find repo: did:plc:fs3ntmav32phaahnfkyhy346')
2026-03-15T11:40:34Z WARNING bsky_collector_v2.job.index_feed_generators: listRecords failed repo=did:plc:fvxpgcwqpl5mcxquz3gfrz7z err=HttpError('InvalidRequest: Could not find repo: did:plc:fvxpgcwqpl5mcxquz3gfrz7z')
2026-03-15T11:40:34Z WARNING bsky_collector_v2.job.index_feed_generators: listRecords failed repo=did:plc:g2gywtqtcq6doohicq6ghq2b err=HttpError('InvalidRequest: Could not find repo: did:plc:g2gywtqtcq6doohicq6ghq2b')
2026-03-15T11:40:34Z WARNING bsky_collector_v2.job.index_feed_generators: listRecords failed repo=did:plc:g4nzalk272g5ifnba7viw5t4 err=HttpError('InvalidRequest: Could not find repo: did:plc:g4nzalk272g5ifnba7viw5t4')
2026-03-15T11:40:34Z WARNING bsky_collector_v2.job.index_feed_generators: listRecords failed repo=did:plc:gfegbxzcjo63cuf2xflnnrqj err=HttpError('InvalidRequest: Could not find repo: did:plc:gfegbxzcjo63cuf2xflnnrqj')
2026-03-15T11:40:34Z WARNING bsky_collector_v2.job.index_feed_generators: listRecords failed repo=did:plc:ghygcrpqyoofqyjv7b4v7dft err=HttpError('InvalidRequest: Could not find repo: did:plc:ghygcrpqyoofqyjv7b4v7dft')
2026-03-15T11:40:34Z WARNING bsky_collector_v2.job.index_feed_generators: listRecords failed repo=did:plc:gibzr5y5ca3uowkkobyweex2 err=HttpError('InvalidRequest: Could not find repo: did:plc:gibzr5y5ca3uowkkobyweex2')
2026-03-15T11:40:34Z WARNING bsky_collector_v2.job.index_feed_generators: listRecords failed repo=did:plc:gmidvwkzjvikxbw7ukvpgbtn err=HttpError('InvalidRequest: Could not find repo: did:plc:gmidvwkzjvikxbw7ukvpgbtn')
2026-03-15T11:40:34Z WARNING bsky_collector_v2.job.index_feed_generators: listRecords failed repo=did:plc:gmmcfefakx7vheutqwfdkwgf err=HttpError('InvalidRequest: Could not find repo: did:plc:gmmcfefakx7vheutqwfdkwgf')
2026-03-15T11:40:34Z WARNING bsky_collector_v2.job.index_feed_generators: listRecords failed repo=did:plc:gn75oxi4pnbawn2fv3pjyg2f err=HttpError('InvalidRequest: Could not find repo: did:plc:gn75oxi4pnbawn2fv3pjyg2f')
2026-03-15T11:40:35Z WARNING bsky_collector_v2.job.index_feed_generators: listRecords failed repo=did:plc:gu2gqyl56zbr2pinohr5xx2j err=HttpError('InvalidRequest: Could not find repo: did:plc:gu2gqyl56zbr2pinohr5xx2j')
2026-03-15T11:40:35Z WARNING bsky_collector_v2.job.index_feed_generators: listRecords failed repo=did:plc:h6ubognndhmqeb33fo6zsfao err=HttpError('InvalidRequest: Could not find repo: did:plc:h6ubognndhmqeb33fo6zsfao')
2026-03-15T11:40:35Z WARNING bsky_collector_v2.job.index_feed_generators: listRecords failed repo=did:plc:hb3s4ulr6lo5i7ivl5r5hknz err=HttpError('InvalidRequest: Could not find repo: did:plc:hb3s4ulr6lo5i7ivl5r5hknz')
2026-03-15T11:40:35Z WARNING bsky_collector_v2.job.index_feed_generators: listRecords failed repo=did:plc:hdlpaaxq3htflgcbp2defxc3 err=HttpError('InvalidRequest: Could not find repo: did:plc:hdlpaaxq3htflgcbp2defxc3')
2026-03-15T11:40:35Z WARNING bsky_collector_v2.job.index_feed_generators: listRecords failed repo=did:plc:hsqd5n64xxml4hvlvahdjblt err=HttpError('InvalidRequest: Could not find repo: did:plc:hsqd5n64xxml4hvlvahdjblt')
2026-03-15T11:40:35Z WARNING bsky_collector_v2.job.index_feed_generators: listRecords failed repo=did:plc:ieg57qqphya2ncqjwpeboqsq err=HttpError('InvalidRequest: Could not find repo: did:plc:ieg57qqphya2ncqjwpeboqsq')
2026-03-15T11:40:35Z WARNING bsky_collector_v2.job.index_feed_generators: listRecords failed repo=did:plc:ifddosku2aaubdf7wrvfs66q err=HttpError('InvalidRequest: Could not find repo: did:plc:ifddosku2aaubdf7wrvfs66q')
2026-03-15T11:40:35Z WARNING bsky_collector_v2.job.index_feed_generators: listRecords failed repo=did:plc:ifne3dqmyqkxzl4navprwjjo err=HttpError('InvalidRequest: Could not find repo: did:plc:ifne3dqmyqkxzl4navprwjjo')
2026-03-15T11:40:35Z WARNING bsky_collector_v2.job.index_feed_generators: listRecords failed repo=did:plc:imkup2bupcxnvqghr7otb6sl err=HttpError('InvalidRequest: Could not find repo: did:plc:imkup2bupcxnvqghr7otb6sl')
2026-03-15T11:40:35Z WARNING bsky_collector_v2.job.index_feed_generators: listRecords failed repo=did:plc:itw47g2dlgl6tyhnwodpwbie err=HttpError('InvalidRequest: Could not find repo: did:plc:itw47g2dlgl6tyhnwodpwbie')
2026-03-15T11:40:35Z WARNING bsky_collector_v2.job.index_feed_generators: listRecords failed repo=did:plc:ivttz3t2tny6w5gbqwxhlbyx err=HttpError('InvalidRequest: Could not find repo: did:plc:ivttz3t2tny6w5gbqwxhlbyx')
2026-03-15T11:40:35Z WARNING bsky_collector_v2.job.index_feed_generators: listRecords failed repo=did:plc:j5ce5ug7raelgv27zp2ta57t err=HttpError('InvalidRequest: Could not find repo: did:plc:j5ce5ug7raelgv27zp2ta57t')
2026-03-15T11:40:35Z WARNING bsky_collector_v2.job.index_feed_generators: listRecords failed repo=did:plc:j5ffjtf6fwufz6ibsumojcdt err=HttpError('InvalidRequest: Could not find repo: did:plc:j5ffjtf6fwufz6ibsumojcdt')
2026-03-15T11:40:35Z WARNING bsky_collector_v2.job.index_feed_generators: listRecords failed repo=did:plc:j5tx4rfkohtlzyvr5qj472kf err=HttpError('InvalidRequest: Could not find repo: did:plc:j5tx4rfkohtlzyvr5qj472kf')
2026-03-15T11:40:35Z WARNING bsky_collector_v2.job.index_feed_generators: listRecords failed repo=did:plc:j6saiiargzey7pjn5z7yptxs err=HttpError('InvalidRequest: Could not find repo: did:plc:j6saiiargzey7pjn5z7yptxs')
2026-03-15T11:40:35Z WARNING bsky_collector_v2.job.index_feed_generators: listRecords failed repo=did:plc:jcv5327axas423lhximh46o5 err=HttpError('InvalidRequest: Could not find repo: did:plc:jcv5327axas423lhximh46o5')
2026-03-15T11:40:35Z WARNING bsky_collector_v2.job.index_feed_generators: listRecords failed repo=did:plc:jk672lgdu4dwulh2gogbhk62 err=HttpError('InvalidRequest: Could not find repo: did:plc:jk672lgdu4dwulh2gogbhk62')
2026-03-15T11:40:35Z WARNING bsky_collector_v2.job.index_feed_generators: listRecords failed repo=did:plc:jn2b67qus4tocg35ws5owmee err=HttpError('InvalidRequest: Could not find repo: did:plc:jn2b67qus4tocg35ws5owmee')
2026-03-15T11:40:35Z WARNING bsky_collector_v2.job.index_feed_generators: listRecords failed repo=did:plc:jprzecjaip6y5l77p6vvzwhv err=HttpError('InvalidRequest: Could not find repo: did:plc:jprzecjaip6y5l77p6vvzwhv')
2026-03-15T11:40:36Z WARNING bsky_collector_v2.job.index_feed_generators: listRecords failed repo=did:plc:jq4672exf77kkhpyrjrdqph3 err=HttpError('InvalidRequest: Could not find repo: did:plc:jq4672exf77kkhpyrjrdqph3')
2026-03-15T11:40:36Z WARNING bsky_collector_v2.job.index_feed_generators: listRecords failed repo=did:plc:k3ln3vvlstg5oxoitvrozamx err=HttpError('InvalidRequest: Could not find repo: did:plc:k3ln3vvlstg5oxoitvrozamx')
2026-03-15T11:40:36Z WARNING bsky_collector_v2.job.index_feed_generators: listRecords failed repo=did:plc:k3siyfcefvbg5qc2d2gjwy3a err=HttpError('InvalidRequest: Could not find repo: did:plc:k3siyfcefvbg5qc2d2gjwy3a')
2026-03-15T11:40:36Z WARNING bsky_collector_v2.job.index_feed_generators: listRecords failed repo=did:plc:k627dfk74strjz3varrnmnn3 err=HttpError('InvalidRequest: Could not find repo: did:plc:k627dfk74strjz3varrnmnn3')
2026-03-15T11:40:36Z WARNING bsky_collector_v2.job.index_feed_generators: listRecords failed repo=did:plc:kel7c6yb3k2vsm5jsfyfephk err=HttpError('InvalidRequest: Could not find repo: did:plc:kel7c6yb3k2vsm5jsfyfephk')
2026-03-15T11:40:36Z WARNING bsky_collector_v2.job.index_feed_generators: listRecords failed repo=did:plc:kiyhplif5lvs4vvf3gxnffve err=HttpError('InvalidRequest: Could not find repo: did:plc:kiyhplif5lvs4vvf3gxnffve')
2026-03-15T11:40:36Z WARNING bsky_collector_v2.job.index_feed_generators: listRecords failed repo=did:plc:kn3jpglhptkm3cwwe2y3ecju err=HttpError('InvalidRequest: Could not find repo: did:plc:kn3jpglhptkm3cwwe2y3ecju')
2026-03-15T11:40:36Z WARNING bsky_collector_v2.job.index_feed_generators: listRecords failed repo=did:plc:kqfblnrsi7fizuf47bco3epa err=HttpError('InvalidRequest: Could not find repo: did:plc:kqfblnrsi7fizuf47bco3epa')
2026-03-15T11:40:36Z WARNING bsky_collector_v2.job.index_feed_generators: listRecords failed repo=did:plc:ktqpjzd3tirkhk7nznj2tsop err=HttpError('InvalidRequest: Could not find repo: did:plc:ktqpjzd3tirkhk7nznj2tsop')
2026-03-15T11:40:36Z WARNING bsky_collector_v2.job.index_feed_generators: listRecords failed repo=did:plc:kx7yzkaxrvmepg6r4ztahgmk err=HttpError('InvalidRequest: Could not find repo: did:plc:kx7yzkaxrvmepg6r4ztahgmk')
2026-03-15T11:40:36Z WARNING bsky_collector_v2.job.index_feed_generators: listRecords failed repo=did:plc:kxcglyxe2gqvsypm74qx6uf7 err=HttpError('InvalidRequest: Could not find repo: did:plc:kxcglyxe2gqvsypm74qx6uf7')
2026-03-15T11:40:36Z WARNING bsky_collector_v2.job.index_feed_generators: listRecords failed repo=did:plc:lekverffdpzhb3iwewggbqd4 err=HttpError('InvalidRequest: Could not find repo: did:plc:lekverffdpzhb3iwewggbqd4')
2026-03-15T11:40:36Z WARNING bsky_collector_v2.job.index_feed_generators: listRecords failed repo=did:plc:lh77qevgnw4gypmeng3ymmz6 err=HttpError('InvalidRequest: Could not find repo: did:plc:lh77qevgnw4gypmeng3ymmz6')
2026-03-15T11:40:36Z WARNING bsky_collector_v2.job.index_feed_generators: listRecords failed repo=did:plc:lhcwlgh4r35ykw6bajxmoxs3 err=HttpError('InvalidRequest: Could not find repo: did:plc:lhcwlgh4r35ykw6bajxmoxs3')
2026-03-15T11:40:36Z WARNING bsky_collector_v2.job.index_feed_generators: listRecords failed repo=did:plc:lor4te5jtu7x2le23ikvlk3l err=HttpError('InvalidRequest: Could not find repo: did:plc:lor4te5jtu7x2le23ikvlk3l')
2026-03-15T11:40:36Z WARNING bsky_collector_v2.job.index_feed_generators: listRecords failed repo=did:plc:lowop2lzhq6regb4e53e7gcx err=HttpError('InvalidRequest: Could not find repo: did:plc:lowop2lzhq6regb4e53e7gcx')
2026-03-15T11:40:36Z WARNING bsky_collector_v2.job.index_feed_generators: listRecords failed repo=did:plc:lrqnimk3lujn2nzi4qvuzym5 err=HttpError('InvalidRequest: Could not find repo: did:plc:lrqnimk3lujn2nzi4qvuzym5')
2026-03-15T11:40:36Z WARNING bsky_collector_v2.job.index_feed_generators: listRecords failed repo=did:plc:ltikbmdeokdi7o3kr24bmibm err=HttpError('InvalidRequest: Could not find repo: did:plc:ltikbmdeokdi7o3kr24bmibm')
2026-03-15T11:40:36Z WARNING bsky_collector_v2.job.index_feed_generators: listRecords failed repo=did:plc:lvl5cakbvb7mhwsjbpbapux3 err=HttpError('InvalidRequest: Could not find repo: did:plc:lvl5cakbvb7mhwsjbpbapux3')
2026-03-15T11:40:37Z WARNING bsky_collector_v2.job.index_feed_generators: listRecords failed repo=did:plc:m6jwquf6e6rkgbmatq2aizzd err=HttpError('InvalidRequest: Could not find repo: did:plc:m6jwquf6e6rkgbmatq2aizzd')
2026-03-15T11:40:37Z WARNING bsky_collector_v2.job.index_feed_generators: listRecords failed repo=did:plc:mdyr3bykzq52znj6w7dewjeu err=HttpError('InvalidRequest: Could not find repo: did:plc:mdyr3bykzq52znj6w7dewjeu')
2026-03-15T11:40:37Z WARNING bsky_collector_v2.job.index_feed_generators: listRecords failed repo=did:plc:mgclwhc6qethzv7jysn2dlgs err=HttpError('InvalidRequest: Could not find repo: did:plc:mgclwhc6qethzv7jysn2dlgs')
2026-03-15T11:40:37Z WARNING bsky_collector_v2.job.index_feed_generators: listRecords failed repo=did:plc:mopc5bt2uz2i3mtemzqkv2kn err=HttpError('InvalidRequest: Could not find repo: did:plc:mopc5bt2uz2i3mtemzqkv2kn')
2026-03-15T11:40:37Z WARNING bsky_collector_v2.job.index_feed_generators: listRecords failed repo=did:plc:mtqb6qhyzvscmspbj5wbly6j err=HttpError('InvalidRequest: Could not find repo: did:plc:mtqb6qhyzvscmspbj5wbly6j')
2026-03-15T11:40:37Z WARNING bsky_collector_v2.job.index_feed_generators: listRecords failed repo=did:plc:mvtoocda43fskao2gtwyaezw err=HttpError('InvalidRequest: Could not find repo: did:plc:mvtoocda43fskao2gtwyaezw')
2026-03-15T11:40:37Z WARNING bsky_collector_v2.job.index_feed_generators: listRecords failed repo=did:plc:n3fs6ccjsxadiitacatznzmf err=HttpError('InvalidRequest: Could not find repo: did:plc:n3fs6ccjsxadiitacatznzmf')
2026-03-15T11:40:37Z WARNING bsky_collector_v2.job.index_feed_generators: listRecords failed repo=did:plc:n7osjrzlngeejw6qhyyvbqsg err=HttpError('InvalidRequest: Could not find repo: did:plc:n7osjrzlngeejw6qhyyvbqsg')
2026-03-15T11:40:37Z WARNING bsky_collector_v2.job.index_feed_generators: listRecords failed repo=did:plc:napdbssi3zxknz4hnj2szhqz err=HttpError('InvalidRequest: Could not find repo: did:plc:napdbssi3zxknz4hnj2szhqz')
2026-03-15T11:40:37Z WARNING bsky_collector_v2.job.index_feed_generators: listRecords failed repo=did:plc:nb2zbgvyf244fvstjuzav6xj err=HttpError('InvalidRequest: Could not find repo: did:plc:nb2zbgvyf244fvstjuzav6xj')
2026-03-15T11:40:37Z WARNING bsky_collector_v2.job.index_feed_generators: listRecords failed repo=did:plc:neky7t2v3acqsbyppxgsk2rn err=HttpError('InvalidRequest: Could not find repo: did:plc:neky7t2v3acqsbyppxgsk2rn')
2026-03-15T11:40:37Z WARNING bsky_collector_v2.job.index_feed_generators: listRecords failed repo=did:plc:nfxgvjrntmjeeb4jgo6pazpq err=HttpError('InvalidRequest: Could not find repo: did:plc:nfxgvjrntmjeeb4jgo6pazpq')
2026-03-15T11:40:37Z WARNING bsky_collector_v2.job.index_feed_generators: listRecords failed repo=did:plc:ngeupfhaexpy3fj6ufxo7rsy err=HttpError('InvalidRequest: Could not find repo: did:plc:ngeupfhaexpy3fj6ufxo7rsy')
2026-03-15T11:40:37Z WARNING bsky_collector_v2.job.index_feed_generators: listRecords failed repo=did:plc:njjncbqsbkv2vecg6uwgc2tg err=HttpError('InvalidRequest: Could not find repo: did:plc:njjncbqsbkv2vecg6uwgc2tg')
2026-03-15T11:40:37Z WARNING bsky_collector_v2.job.index_feed_generators: listRecords failed repo=did:plc:np2okej5266o3x5wnpkw4xpp err=HttpError('InvalidRequest: Could not find repo: did:plc:np2okej5266o3x5wnpkw4xpp')
2026-03-15T11:40:37Z WARNING bsky_collector_v2.job.index_feed_generators: listRecords failed repo=did:plc:nqznz24xslj2m3opaivsksvr err=HttpError('InvalidRequest: Could not find repo: did:plc:nqznz24xslj2m3opaivsksvr')
2026-03-15T11:40:37Z WARNING bsky_collector_v2.job.index_feed_generators: listRecords failed repo=did:plc:ns534ys5g3sgwytovkdv7yop err=HttpError('InvalidRequest: Could not find repo: did:plc:ns534ys5g3sgwytovkdv7yop')
2026-03-15T11:40:38Z WARNING bsky_collector_v2.job.index_feed_generators: listRecords failed repo=did:plc:nw6nb63cjhtvt3yuvb67lvkh err=HttpError('InvalidRequest: Could not find repo: did:plc:nw6nb63cjhtvt3yuvb67lvkh')
2026-03-15T11:40:38Z WARNING bsky_collector_v2.job.index_feed_generators: listRecords failed repo=did:plc:o445ehrhqsydd3fplqjnyyfw err=HttpError('InvalidRequest: Could not find repo: did:plc:o445ehrhqsydd3fplqjnyyfw')
2026-03-15T11:40:38Z WARNING bsky_collector_v2.job.index_feed_generators: listRecords failed repo=did:plc:o66heftlx5ih3lv3rnksdz3h err=HttpError('InvalidRequest: Could not find repo: did:plc:o66heftlx5ih3lv3rnksdz3h')
2026-03-15T11:40:38Z WARNING bsky_collector_v2.job.index_feed_generators: listRecords failed repo=did:plc:og3u7bckutmjdduhkvey5pbe err=HttpError('InvalidRequest: Could not find repo: did:plc:og3u7bckutmjdduhkvey5pbe')
2026-03-15T11:40:38Z WARNING bsky_collector_v2.job.index_feed_generators: listRecords failed repo=did:plc:ogaleglcbmszg2hgq2333tfd err=HttpError('InvalidRequest: Could not find repo: did:plc:ogaleglcbmszg2hgq2333tfd')
2026-03-15T11:40:38Z WARNING bsky_collector_v2.job.index_feed_generators: listRecords failed repo=did:plc:os44jqaj4ncc4kiwn7cmdx32 err=HttpError('InvalidRequest: Could not find repo: did:plc:os44jqaj4ncc4kiwn7cmdx32')
2026-03-15T11:40:38Z WARNING bsky_collector_v2.job.index_feed_generators: listRecords failed repo=did:plc:oti2vd4bzdq7232kppfwosuz err=HttpError('InvalidRequest: Could not find repo: did:plc:oti2vd4bzdq7232kppfwosuz')
2026-03-15T11:40:38Z WARNING bsky_collector_v2.job.index_feed_generators: listRecords failed repo=did:plc:ovezzqjdl3vw2fnhvyqusq4d err=HttpError('InvalidRequest: Could not find repo: did:plc:ovezzqjdl3vw2fnhvyqusq4d')
2026-03-15T11:40:38Z WARNING bsky_collector_v2.job.index_feed_generators: listRecords failed repo=did:plc:owbim3g7p3jnech5ftuhooxc err=HttpError('InvalidRequest: Could not find repo: did:plc:owbim3g7p3jnech5ftuhooxc')
2026-03-15T11:40:38Z WARNING bsky_collector_v2.job.index_feed_generators: listRecords failed repo=did:plc:p7cbg3xpp3vyuvhatrcb3m2r err=HttpError('InvalidRequest: Could not find repo: did:plc:p7cbg3xpp3vyuvhatrcb3m2r')
2026-03-15T11:40:38Z WARNING bsky_collector_v2.job.index_feed_generators: listRecords failed repo=did:plc:pmbaypgzg54cncu5wsu52jla err=HttpError('InvalidRequest: Could not find repo: did:plc:pmbaypgzg54cncu5wsu52jla')
2026-03-15T11:40:38Z WARNING bsky_collector_v2.job.index_feed_generators: listRecords failed repo=did:plc:pngbxkbqjxzxixmn44vfcl2g err=HttpError('InvalidRequest: Could not find repo: did:plc:pngbxkbqjxzxixmn44vfcl2g')
2026-03-15T11:40:38Z WARNING bsky_collector_v2.job.index_feed_generators: listRecords failed repo=did:plc:pnhis2z7jcvndipjbivh5r3g err=HttpError('InvalidRequest: Could not find repo: did:plc:pnhis2z7jcvndipjbivh5r3g')
2026-03-15T11:40:38Z WARNING bsky_collector_v2.job.index_feed_generators: listRecords failed repo=did:plc:pnngkvcd5w57vj3lq7t2sowi err=HttpError('InvalidRequest: Could not find repo: did:plc:pnngkvcd5w57vj3lq7t2sowi')
2026-03-15T11:40:38Z WARNING bsky_collector_v2.job.index_feed_generators: listRecords failed repo=did:plc:pp473ktbouptu6g3rdeukivp err=HttpError('InvalidRequest: Could not find repo: did:plc:pp473ktbouptu6g3rdeukivp')
2026-03-15T11:40:38Z WARNING bsky_collector_v2.job.index_feed_generators: listRecords failed repo=did:plc:pqqcvycpzj3e5uhamqajr26w err=HttpError('InvalidRequest: Could not find repo: did:plc:pqqcvycpzj3e5uhamqajr26w')
2026-03-15T11:40:38Z WARNING bsky_collector_v2.job.index_feed_generators: listRecords failed repo=did:plc:pqzgg2v5jmh5c4j6vraunawh err=HttpError('InvalidRequest: Could not find repo: did:plc:pqzgg2v5jmh5c4j6vraunawh')
2026-03-15T11:40:38Z WARNING bsky_collector_v2.job.index_feed_generators: listRecords failed repo=did:plc:ps7ybj3hiyecrx22tkl7sfia err=HttpError('InvalidRequest: Could not find repo: did:plc:ps7ybj3hiyecrx22tkl7sfia')
2026-03-15T11:40:38Z WARNING bsky_collector_v2.job.index_feed_generators: listRecords failed repo=did:plc:ptjn2rz6rftg76rfzvzkvstf err=HttpError('InvalidRequest: Could not find repo: did:plc:ptjn2rz6rftg76rfzvzkvstf')
2026-03-15T11:40:39Z WARNING bsky_collector_v2.job.index_feed_generators: listRecords failed repo=did:plc:ptnbscbspekeuxzcsthkhorq err=HttpError('InvalidRequest: Could not find repo: did:plc:ptnbscbspekeuxzcsthkhorq')
2026-03-15T11:40:39Z WARNING bsky_collector_v2.job.index_feed_generators: listRecords failed repo=did:plc:puczfskompxsnf2yqkjtnxa2 err=HttpError('InvalidRequest: Could not find repo: did:plc:puczfskompxsnf2yqkjtnxa2')
2026-03-15T11:40:39Z WARNING bsky_collector_v2.job.index_feed_generators: listRecords failed repo=did:plc:q27crzqrdqzoqry4esloakkh err=HttpError('InvalidRequest: Could not find repo: did:plc:q27crzqrdqzoqry4esloakkh')
2026-03-15T11:40:39Z WARNING bsky_collector_v2.job.index_feed_generators: listRecords failed repo=did:plc:qedkwqgzlwmw4o73cjchrzxv err=HttpError('InvalidRequest: Could not find repo: did:plc:qedkwqgzlwmw4o73cjchrzxv')
2026-03-15T11:40:39Z WARNING bsky_collector_v2.job.index_feed_generators: listRecords failed repo=did:plc:qfwplra3rqcilvwyqxjvakfa err=HttpError('InvalidRequest: Could not find repo: did:plc:qfwplra3rqcilvwyqxjvakfa')
2026-03-15T11:40:39Z WARNING bsky_collector_v2.job.index_feed_generators: listRecords failed repo=did:plc:qhnmikbpni7ld33vwfr2c3wm err=HttpError('InvalidRequest: Could not find repo: did:plc:qhnmikbpni7ld33vwfr2c3wm')
2026-03-15T11:40:39Z WARNING bsky_collector_v2.job.index_feed_generators: listRecords failed repo=did:plc:qlcb5ssxwnro67wwgs3owpq7 err=HttpError('InvalidRequest: Could not find repo: did:plc:qlcb5ssxwnro67wwgs3owpq7')
2026-03-15T11:40:39Z WARNING bsky_collector_v2.job.index_feed_generators: listRecords failed repo=did:plc:qp7ihqdsvakrlx2hsgf4astx err=HttpError('InvalidRequest: Could not find repo: did:plc:qp7ihqdsvakrlx2hsgf4astx')
2026-03-15T11:40:39Z WARNING bsky_collector_v2.job.index_feed_generators: listRecords failed repo=did:plc:qtz23crs7fw5mb3nhsk52p7o err=HttpError('InvalidRequest: Could not find repo: did:plc:qtz23crs7fw5mb3nhsk52p7o')
2026-03-15T11:40:39Z WARNING bsky_collector_v2.job.index_feed_generators: listRecords failed repo=did:plc:quut6ilfw47v3nwazfj5qt6s err=HttpError('InvalidRequest: Could not find repo: did:plc:quut6ilfw47v3nwazfj5qt6s')
2026-03-15T11:40:39Z WARNING bsky_collector_v2.job.index_feed_generators: listRecords failed repo=did:plc:qwivn2wenxguvtpdmx5u3emt err=HttpError('InvalidRequest: Could not find repo: did:plc:qwivn2wenxguvtpdmx5u3emt')
2026-03-15T11:40:39Z WARNING bsky_collector_v2.job.index_feed_generators: listRecords failed repo=did:plc:qwy54wbzr3fil65ghzddzjgm err=HttpError('InvalidRequest: Could not find repo: did:plc:qwy54wbzr3fil65ghzddzjgm')
2026-03-15T11:40:39Z WARNING bsky_collector_v2.job.index_feed_generators: listRecords failed repo=did:plc:qzrkkmw4ykinjsghmxhye3sn err=HttpError('InvalidRequest: Could not find repo: did:plc:qzrkkmw4ykinjsghmxhye3sn')
2026-03-15T11:40:39Z WARNING bsky_collector_v2.job.index_feed_generators: listRecords failed repo=did:plc:r2bx5pzidyvjvjmmyqwf7dpd err=HttpError('InvalidRequest: Could not find repo: did:plc:r2bx5pzidyvjvjmmyqwf7dpd')
2026-03-15T11:40:39Z WARNING bsky_collector_v2.job.index_feed_generators: listRecords failed repo=did:plc:r4uv3xahaxmdhaaybwwi2d6f err=HttpError('InvalidRequest: Could not find repo: did:plc:r4uv3xahaxmdhaaybwwi2d6f')
2026-03-15T11:40:39Z WARNING bsky_collector_v2.job.index_feed_generators: listRecords failed repo=did:plc:rdlurpj7asiwyelue7o5fpc7 err=HttpError('InvalidRequest: Could not find repo: did:plc:rdlurpj7asiwyelue7o5fpc7')
2026-03-15T11:40:39Z WARNING bsky_collector_v2.job.index_feed_generators: listRecords failed repo=did:plc:rfzcjii5hnezyga34bl5a7g2 err=HttpError('InvalidRequest: Could not find repo: did:plc:rfzcjii5hnezyga34bl5a7g2')
2026-03-15T11:40:39Z WARNING bsky_collector_v2.job.index_feed_generators: listRecords failed repo=did:plc:rkpxo2hu2q5crl4fb5q5shpv err=HttpError('InvalidRequest: Could not find repo: did:plc:rkpxo2hu2q5crl4fb5q5shpv')
2026-03-15T11:40:39Z WARNING bsky_collector_v2.job.index_feed_generators: listRecords failed repo=did:plc:rndumvwz4blzreylm3csk6sh err=HttpError('InvalidRequest: Could not find repo: did:plc:rndumvwz4blzreylm3csk6sh')
2026-03-15T11:40:40Z WARNING bsky_collector_v2.job.index_feed_generators: listRecords failed repo=did:plc:rnlutifnxcebzx37ui43jykk err=HttpError('InvalidRequest: Could not find repo: did:plc:rnlutifnxcebzx37ui43jykk')
2026-03-15T11:40:40Z WARNING bsky_collector_v2.job.index_feed_generators: listRecords failed repo=did:plc:rtwwyhdk4aprbvkyhlwfbzxu err=HttpError('InvalidRequest: Could not find repo: did:plc:rtwwyhdk4aprbvkyhlwfbzxu')
2026-03-15T11:40:40Z WARNING bsky_collector_v2.job.index_feed_generators: listRecords failed repo=did:plc:rwojrx3pke3iackfyijbojq7 err=HttpError('InvalidRequest: Could not find repo: did:plc:rwojrx3pke3iackfyijbojq7')
2026-03-15T11:40:40Z WARNING bsky_collector_v2.job.index_feed_generators: listRecords failed repo=did:plc:rx3by2ivykhiju72kx3xg3xg err=HttpError('InvalidRequest: Could not find repo: did:plc:rx3by2ivykhiju72kx3xg3xg')
2026-03-15T11:40:40Z WARNING bsky_collector_v2.job.index_feed_generators: listRecords failed repo=did:plc:s4dtotzuwzkadrg7g6u755c4 err=HttpError('InvalidRequest: Could not find repo: did:plc:s4dtotzuwzkadrg7g6u755c4')
2026-03-15T11:40:40Z WARNING bsky_collector_v2.job.index_feed_generators: listRecords failed repo=did:plc:s6n57dxv3l6g5lrubhxmns6w err=HttpError('InvalidRequest: Could not find repo: did:plc:s6n57dxv3l6g5lrubhxmns6w')
2026-03-15T11:40:40Z WARNING bsky_collector_v2.job.index_feed_generators: listRecords failed repo=did:plc:sepvjb2uyi5g23qqcqykainx err=HttpError('InvalidRequest: Could not find repo: did:plc:sepvjb2uyi5g23qqcqykainx')
2026-03-15T11:40:40Z WARNING bsky_collector_v2.job.index_feed_generators: listRecords failed repo=did:plc:snxb5ulzuihnq4ohynemwcjh err=HttpError('InvalidRequest: Could not find repo: did:plc:snxb5ulzuihnq4ohynemwcjh')
2026-03-15T11:40:40Z WARNING bsky_collector_v2.job.index_feed_generators: listRecords failed repo=did:plc:snzrsrtany7mtm4vuvhke6qy err=HttpError('InvalidRequest: Could not find repo: did:plc:snzrsrtany7mtm4vuvhke6qy')
2026-03-15T11:40:40Z WARNING bsky_collector_v2.job.index_feed_generators: listRecords failed repo=did:plc:srw2rfpai5n2mfbaxeljnjix err=HttpError('InvalidRequest: Could not find repo: did:plc:srw2rfpai5n2mfbaxeljnjix')
2026-03-15T11:40:40Z WARNING bsky_collector_v2.job.index_feed_generators: listRecords failed repo=did:plc:suew2e6kuwyrr67hi4lmmhzz err=HttpError('InvalidRequest: Could not find repo: did:plc:suew2e6kuwyrr67hi4lmmhzz')
2026-03-15T11:40:40Z WARNING bsky_collector_v2.job.index_feed_generators: listRecords failed repo=did:plc:svq4vt322gwqy42ufu5oage7 err=HttpError('InvalidRequest: Could not find repo: did:plc:svq4vt322gwqy42ufu5oage7')
2026-03-15T11:40:40Z WARNING bsky_collector_v2.job.index_feed_generators: listRecords failed repo=did:plc:svtwownew3qghx226xluz5lw err=HttpError('InvalidRequest: Could not find repo: did:plc:svtwownew3qghx226xluz5lw')
2026-03-15T11:40:40Z WARNING bsky_collector_v2.job.index_feed_generators: listRecords failed repo=did:plc:sxjfuud4hl5hmzd3klrrucrv err=HttpError('InvalidRequest: Could not find repo: did:plc:sxjfuud4hl5hmzd3klrrucrv')
2026-03-15T11:40:40Z WARNING bsky_collector_v2.job.index_feed_generators: listRecords failed repo=did:plc:ta3hcgxrbebepowlkhjbudeg err=HttpError('InvalidRequest: Could not find repo: did:plc:ta3hcgxrbebepowlkhjbudeg')
2026-03-15T11:40:40Z WARNING bsky_collector_v2.job.index_feed_generators: listRecords failed repo=did:plc:tadld5ukzwhzonplp5qudpeu err=HttpError('InvalidRequest: Could not find repo: did:plc:tadld5ukzwhzonplp5qudpeu')
2026-03-15T11:40:40Z WARNING bsky_collector_v2.job.index_feed_generators: listRecords failed repo=did:plc:tadlt2x2dpu32hlsweil6bww err=HttpError('InvalidRequest: Could not find repo: did:plc:tadlt2x2dpu32hlsweil6bww')
2026-03-15T11:40:40Z WARNING bsky_collector_v2.job.index_feed_generators: listRecords failed repo=did:plc:tcmvqjbaier6b5xby4getag2 err=HttpError('InvalidRequest: Could not find repo: did:plc:tcmvqjbaier6b5xby4getag2')
2026-03-15T11:40:40Z WARNING bsky_collector_v2.job.index_feed_generators: listRecords failed repo=did:plc:td55dw4ujsjh7vheldbxtn4m err=HttpError('InvalidRequest: Could not find repo: did:plc:td55dw4ujsjh7vheldbxtn4m')
2026-03-15T11:40:41Z WARNING bsky_collector_v2.job.index_feed_generators: listRecords failed repo=did:plc:tdzxgnqjoor45zx45stwwkrk err=HttpError('InvalidRequest: Could not find repo: did:plc:tdzxgnqjoor45zx45stwwkrk')
2026-03-15T11:40:41Z WARNING bsky_collector_v2.job.index_feed_generators: listRecords failed repo=did:plc:tjgouygitupezr3763h2c36t err=HttpError('InvalidRequest: Could not find repo: did:plc:tjgouygitupezr3763h2c36t')
2026-03-15T11:40:41Z WARNING bsky_collector_v2.job.index_feed_generators: listRecords failed repo=did:plc:tlc5oz4eakkzchq5jkiowjlx err=HttpError('InvalidRequest: Could not find repo: did:plc:tlc5oz4eakkzchq5jkiowjlx')
2026-03-15T11:40:41Z WARNING bsky_collector_v2.job.index_feed_generators: listRecords failed repo=did:plc:tsph4fgdvygixzcpi7obtkt4 err=HttpError('InvalidRequest: Could not find repo: did:plc:tsph4fgdvygixzcpi7obtkt4')
2026-03-15T11:40:41Z WARNING bsky_collector_v2.job.index_feed_generators: listRecords failed repo=did:plc:tvwl7nzfa2qd4a7ovqyoqqq2 err=HttpError('InvalidRequest: Could not find repo: did:plc:tvwl7nzfa2qd4a7ovqyoqqq2')
2026-03-15T11:40:41Z WARNING bsky_collector_v2.job.index_feed_generators: listRecords failed repo=did:plc:tytpgutbdur4vxbcdkqtaed4 err=HttpError('InvalidRequest: Could not find repo: did:plc:tytpgutbdur4vxbcdkqtaed4')
2026-03-15T11:40:41Z WARNING bsky_collector_v2.job.index_feed_generators: listRecords failed repo=did:plc:u5uton2bqprert3vdgfk3w27 err=HttpError('InvalidRequest: Could not find repo: did:plc:u5uton2bqprert3vdgfk3w27')
2026-03-15T11:40:41Z WARNING bsky_collector_v2.job.index_feed_generators: listRecords failed repo=did:plc:uaud43goorla34p4qu22xzt2 err=HttpError('InvalidRequest: Could not find repo: did:plc:uaud43goorla34p4qu22xzt2')
2026-03-15T11:40:41Z WARNING bsky_collector_v2.job.index_feed_generators: listRecords failed repo=did:plc:ubhmxzbdjymmpxqlplzdlfsr err=HttpError('InvalidRequest: Could not find repo: did:plc:ubhmxzbdjymmpxqlplzdlfsr')
2026-03-15T11:40:41Z WARNING bsky_collector_v2.job.index_feed_generators: listRecords failed repo=did:plc:udq6ywfhwttb27nmcpaavkvr err=HttpError('InvalidRequest: Could not find repo: did:plc:udq6ywfhwttb27nmcpaavkvr')
2026-03-15T11:40:41Z WARNING bsky_collector_v2.job.index_feed_generators: listRecords failed repo=did:plc:uqv2klrno3pvtl2fxrnqop2j err=HttpError('InvalidRequest: Could not find repo: did:plc:uqv2klrno3pvtl2fxrnqop2j')
2026-03-15T11:40:41Z WARNING bsky_collector_v2.job.index_feed_generators: listRecords failed repo=did:plc:usra5isqj537b652gioymziz err=HttpError('InvalidRequest: Could not find repo: did:plc:usra5isqj537b652gioymziz')
2026-03-15T11:40:41Z WARNING bsky_collector_v2.job.index_feed_generators: listRecords failed repo=did:plc:uz2wel7qnvhi5ina7bwlriwt err=HttpError('InvalidRequest: Could not find repo: did:plc:uz2wel7qnvhi5ina7bwlriwt')
2026-03-15T11:40:41Z WARNING bsky_collector_v2.job.index_feed_generators: listRecords failed repo=did:plc:v425v4tykpm5zwgedupxa3at err=HttpError('InvalidRequest: Could not find repo: did:plc:v425v4tykpm5zwgedupxa3at')
2026-03-15T11:40:41Z WARNING bsky_collector_v2.job.index_feed_generators: listRecords failed repo=did:plc:v6n7mjgl33usexbpvcidcvtg err=HttpError('InvalidRequest: Could not find repo: did:plc:v6n7mjgl33usexbpvcidcvtg')
2026-03-15T11:40:41Z WARNING bsky_collector_v2.job.index_feed_generators: listRecords failed repo=did:plc:vg6ij3seyb4paoxaezpvcvuv err=HttpError('InvalidRequest: Could not find repo: did:plc:vg6ij3seyb4paoxaezpvcvuv')
2026-03-15T11:40:41Z WARNING bsky_collector_v2.job.index_feed_generators: listRecords failed repo=did:plc:vhj3ozhqo7k2yoxnahinr4mo err=HttpError('InvalidRequest: Could not find repo: did:plc:vhj3ozhqo7k2yoxnahinr4mo')
2026-03-15T11:40:41Z WARNING bsky_collector_v2.job.index_feed_generators: listRecords failed repo=did:plc:vli6l2e2ncswdqzm5tapsp7k err=HttpError('InvalidRequest: Could not find repo: did:plc:vli6l2e2ncswdqzm5tapsp7k')
2026-03-15T11:40:42Z WARNING bsky_collector_v2.job.index_feed_generators: listRecords failed repo=did:plc:vsjw7kc2r64vfqkugygikhdm err=HttpError('InvalidRequest: Could not find repo: did:plc:vsjw7kc2r64vfqkugygikhdm')
2026-03-15T11:40:42Z WARNING bsky_collector_v2.job.index_feed_generators: listRecords failed repo=did:plc:vxjvnbjdamtt74y4nhgexnfx err=HttpError('InvalidRequest: Could not find repo: did:plc:vxjvnbjdamtt74y4nhgexnfx')
2026-03-15T11:40:42Z WARNING bsky_collector_v2.job.index_feed_generators: listRecords failed repo=did:plc:w33axeld7ubmb67gm7dnazrk err=HttpError('InvalidRequest: Could not find repo: did:plc:w33axeld7ubmb67gm7dnazrk')
2026-03-15T11:40:42Z WARNING bsky_collector_v2.job.index_feed_generators: listRecords failed repo=did:plc:w64j5ksdg2so64mjg4wbij23 err=HttpError('InvalidRequest: Could not find repo: did:plc:w64j5ksdg2so64mjg4wbij23')
2026-03-15T11:40:42Z WARNING bsky_collector_v2.job.index_feed_generators: listRecords failed repo=did:plc:w6yqz52hefdu2bsmme7r7axa err=HttpError('InvalidRequest: Could not find repo: did:plc:w6yqz52hefdu2bsmme7r7axa')
2026-03-15T11:40:42Z WARNING bsky_collector_v2.job.index_feed_generators: listRecords failed repo=did:plc:wbxee35c4fwolbjvhdgv7mbt err=HttpError('InvalidRequest: Could not find repo: did:plc:wbxee35c4fwolbjvhdgv7mbt')
2026-03-15T11:40:42Z WARNING bsky_collector_v2.job.index_feed_generators: listRecords failed repo=did:plc:wec7wpuqfbhsp44rz3hpdqqq err=HttpError('InvalidRequest: Could not find repo: did:plc:wec7wpuqfbhsp44rz3hpdqqq')
2026-03-15T11:40:42Z WARNING bsky_collector_v2.job.index_feed_generators: listRecords failed repo=did:plc:wgsxspdd2b6joshpznuhnol5 err=HttpError('InvalidRequest: Could not find repo: did:plc:wgsxspdd2b6joshpznuhnol5')
2026-03-15T11:40:42Z WARNING bsky_collector_v2.job.index_feed_generators: listRecords failed repo=did:plc:wmlapw4pr3nv2yrp6triejse err=HttpError('InvalidRequest: Could not find repo: did:plc:wmlapw4pr3nv2yrp6triejse')
2026-03-15T11:40:42Z WARNING bsky_collector_v2.job.index_feed_generators: listRecords failed repo=did:plc:wodei36ckxtlao4wtmn3m7ba err=HttpError('InvalidRequest: Could not find repo: did:plc:wodei36ckxtlao4wtmn3m7ba')
2026-03-15T11:40:42Z WARNING bsky_collector_v2.job.index_feed_generators: listRecords failed repo=did:plc:wu5x7ceerol24pwpzjunj7ii err=HttpError('InvalidRequest: Could not find repo: did:plc:wu5x7ceerol24pwpzjunj7ii')
2026-03-15T11:40:42Z WARNING bsky_collector_v2.job.index_feed_generators: listRecords failed repo=did:plc:x7tfiiwrycqdr4s7q22ts6wk err=HttpError('InvalidRequest: Could not find repo: did:plc:x7tfiiwrycqdr4s7q22ts6wk')
2026-03-15T11:40:42Z WARNING bsky_collector_v2.job.index_feed_generators: listRecords failed repo=did:plc:xdba4i76jt3lj53ojdnropkr err=HttpError('InvalidRequest: Could not find repo: did:plc:xdba4i76jt3lj53ojdnropkr')
2026-03-15T11:40:42Z WARNING bsky_collector_v2.job.index_feed_generators: listRecords failed repo=did:plc:xg7ebeiatdr7mhj76udthouv err=HttpError('InvalidRequest: Could not find repo: did:plc:xg7ebeiatdr7mhj76udthouv')
2026-03-15T11:40:42Z WARNING bsky_collector_v2.job.index_feed_generators: listRecords failed repo=did:plc:xj32lcjmb35juqd3vzzfdwxo err=HttpError('InvalidRequest: Could not find repo: did:plc:xj32lcjmb35juqd3vzzfdwxo')
2026-03-15T11:40:42Z WARNING bsky_collector_v2.job.index_feed_generators: listRecords failed repo=did:plc:xkxfpg7z7og273ujwvdzmy22 err=HttpError('InvalidRequest: Could not find repo: did:plc:xkxfpg7z7og273ujwvdzmy22')
2026-03-15T11:40:42Z WARNING bsky_collector_v2.job.index_feed_generators: listRecords failed repo=did:plc:xlkizcsz4zponyf4oxc3kdfw err=HttpError('InvalidRequest: Could not find repo: did:plc:xlkizcsz4zponyf4oxc3kdfw')
2026-03-15T11:40:42Z WARNING bsky_collector_v2.job.index_feed_generators: listRecords failed repo=did:plc:xmbsq27o3up7gq7ttvhsb6az err=HttpError('InvalidRequest: Could not find repo: did:plc:xmbsq27o3up7gq7ttvhsb6az')
2026-03-15T11:40:42Z WARNING bsky_collector_v2.job.index_feed_generators: listRecords failed repo=did:plc:xrsswmjzcorgnw4t66zfs3xa err=HttpError('InvalidRequest: Could not find repo: did:plc:xrsswmjzcorgnw4t66zfs3xa')
2026-03-15T11:40:43Z WARNING bsky_collector_v2.job.index_feed_generators: listRecords failed repo=did:plc:xs3f6nz4dbj37jp7ek45ur7d err=HttpError('InvalidRequest: Could not find repo: did:plc:xs3f6nz4dbj37jp7ek45ur7d')
2026-03-15T11:40:43Z WARNING bsky_collector_v2.job.index_feed_generators: listRecords failed repo=did:plc:y2q42e3m73up3uzy3khan5kd err=HttpError('InvalidRequest: Could not find repo: did:plc:y2q42e3m73up3uzy3khan5kd')
2026-03-15T11:40:43Z WARNING bsky_collector_v2.job.index_feed_generators: listRecords failed repo=did:plc:yhp3z4i2xvwguxdztlycxy2b err=HttpError('InvalidRequest: Could not find repo: did:plc:yhp3z4i2xvwguxdztlycxy2b')
2026-03-15T11:40:43Z WARNING bsky_collector_v2.job.index_feed_generators: listRecords failed repo=did:plc:yhv2nvxhitm5e4gat5jqatlv err=HttpError('InvalidRequest: Could not find repo: did:plc:yhv2nvxhitm5e4gat5jqatlv')
2026-03-15T11:40:43Z WARNING bsky_collector_v2.job.index_feed_generators: listRecords failed repo=did:plc:yntq3osvmdzcrydctfiwkmri err=HttpError('InvalidRequest: Could not find repo: did:plc:yntq3osvmdzcrydctfiwkmri')
2026-03-15T11:40:43Z WARNING bsky_collector_v2.job.index_feed_generators: listRecords failed repo=did:plc:z2ifzr6ubhmw34zymi2dujb4 err=HttpError('InvalidRequest: Could not find repo: did:plc:z2ifzr6ubhmw34zymi2dujb4')
2026-03-15T11:40:43Z WARNING bsky_collector_v2.job.index_feed_generators: listRecords failed repo=did:plc:z2tz4mbad2ejtedryezd4iah err=HttpError('InvalidRequest: Could not find repo: did:plc:z2tz4mbad2ejtedryezd4iah')
2026-03-15T11:40:43Z WARNING bsky_collector_v2.job.index_feed_generators: listRecords failed repo=did:plc:z5ijv476plo6la47pcfszvlk err=HttpError('InvalidRequest: Could not find repo: did:plc:z5ijv476plo6la47pcfszvlk')
2026-03-15T11:40:43Z WARNING bsky_collector_v2.job.index_feed_generators: listRecords failed repo=did:plc:z5ki3ydz7nm3uwagz6vjevul err=HttpError('InvalidRequest: Could not find repo: did:plc:z5ki3ydz7nm3uwagz6vjevul')
2026-03-15T11:40:43Z WARNING bsky_collector_v2.job.index_feed_generators: listRecords failed repo=did:plc:zdu4uv5odw53ynnkzylmq5hl err=HttpError('InvalidRequest: Could not find repo: did:plc:zdu4uv5odw53ynnkzylmq5hl')
2026-03-15T11:40:43Z WARNING bsky_collector_v2.job.index_feed_generators: listRecords failed repo=did:plc:zf67d3wcnxpxmj5laxmcenoi err=HttpError('InvalidRequest: Could not find repo: did:plc:zf67d3wcnxpxmj5laxmcenoi')
2026-03-15T11:40:43Z WARNING bsky_collector_v2.job.index_feed_generators: listRecords failed repo=did:plc:zmtf64dlqylpqxymykgroor4 err=HttpError('InvalidRequest: Could not find repo: did:plc:zmtf64dlqylpqxymykgroor4')
2026-03-15T11:40:43Z WARNING bsky_collector_v2.job.index_feed_generators: listRecords failed repo=did:plc:zqn3kqtubs7n3cn2ucqm2ty4 err=HttpError('InvalidRequest: Could not find repo: did:plc:zqn3kqtubs7n3cn2ucqm2ty4')
2026-03-15T11:40:43Z WARNING bsky_collector_v2.job.index_feed_generators: listRecords failed repo=did:plc:zthhawa5mkvermt4lmff7qkt err=HttpError('InvalidRequest: Could not find repo: did:plc:zthhawa5mkvermt4lmff7qkt')
2026-03-15T11:40:43Z WARNING bsky_collector_v2.job.index_feed_generators: listRecords failed repo=did:plc:22av6diuwknqdqkcwixveeqo err=HttpError('InvalidRequest: Could not find repo: did:plc:22av6diuwknqdqkcwixveeqo')
2026-03-15T11:40:43Z WARNING bsky_collector_v2.job.index_feed_generators: listRecords failed repo=did:plc:22tjqyntin4nwdni4jb4pwpi err=HttpError('InvalidRequest: Could not find repo: did:plc:22tjqyntin4nwdni4jb4pwpi')
2026-03-15T11:40:43Z WARNING bsky_collector_v2.job.index_feed_generators: listRecords failed repo=did:plc:24idxsnaeb3gzow7zihcqcyd err=HttpError('InvalidRequest: Could not find repo: did:plc:24idxsnaeb3gzow7zihcqcyd')
2026-03-15T11:40:43Z WARNING bsky_collector_v2.job.index_feed_generators: listRecords failed repo=did:plc:26epkyb4y24gmqkeadw7jam4 err=HttpError('InvalidRequest: Could not find repo: did:plc:26epkyb4y24gmqkeadw7jam4')
2026-03-15T11:40:43Z WARNING bsky_collector_v2.job.index_feed_generators: listRecords failed repo=did:plc:2dccepgprxgnn6xzklv2wa72 err=HttpError('InvalidRequest: Could not find repo: did:plc:2dccepgprxgnn6xzklv2wa72')
2026-03-15T11:40:43Z WARNING bsky_collector_v2.job.index_feed_generators: listRecords failed repo=did:plc:2f7rf33ird6h7vphrbne7ovy err=HttpError('InvalidRequest: Could not find repo: did:plc:2f7rf33ird6h7vphrbne7ovy')
2026-03-15T11:40:44Z WARNING bsky_collector_v2.job.index_feed_generators: listRecords failed repo=did:plc:2frlv4i7aq5ak7l4zv5vl4ej err=HttpError('InvalidRequest: Could not find repo: did:plc:2frlv4i7aq5ak7l4zv5vl4ej')
2026-03-15T11:40:44Z WARNING bsky_collector_v2.job.index_feed_generators: listRecords failed repo=did:plc:2jcfyth2qk6bqwpkanistfum err=HttpError('InvalidRequest: Could not find repo: did:plc:2jcfyth2qk6bqwpkanistfum')
2026-03-15T11:40:44Z WARNING bsky_collector_v2.job.index_feed_generators: listRecords failed repo=did:plc:2u67wasqcboaswcz7i2a5vx7 err=HttpError('InvalidRequest: Could not find repo: did:plc:2u67wasqcboaswcz7i2a5vx7')
2026-03-15T11:40:44Z WARNING bsky_collector_v2.job.index_feed_generators: listRecords failed repo=did:plc:2u6kffvkrovkxun6hlj6dxzw err=HttpError('InvalidRequest: Could not find repo: did:plc:2u6kffvkrovkxun6hlj6dxzw')
2026-03-15T11:40:44Z WARNING bsky_collector_v2.job.index_feed_generators: listRecords failed repo=did:plc:326x6x3ddar54hzzzyxwkoy2 err=HttpError('InvalidRequest: Could not find repo: did:plc:326x6x3ddar54hzzzyxwkoy2')
2026-03-15T11:40:44Z WARNING bsky_collector_v2.job.index_feed_generators: listRecords failed repo=did:plc:33eyjokp3dkq5tg6mcz6r5rj err=HttpError('InvalidRequest: Could not find repo: did:plc:33eyjokp3dkq5tg6mcz6r5rj')
2026-03-15T11:40:44Z WARNING bsky_collector_v2.job.index_feed_generators: listRecords failed repo=did:plc:3dlzq4mpgx6sz2elu5hklbyk err=HttpError('InvalidRequest: Could not find repo: did:plc:3dlzq4mpgx6sz2elu5hklbyk')
2026-03-15T11:40:44Z WARNING bsky_collector_v2.job.index_feed_generators: listRecords failed repo=did:plc:3lod2ywqe4unluvn326fygsi err=HttpError('InvalidRequest: Could not find repo: did:plc:3lod2ywqe4unluvn326fygsi')
2026-03-15T11:40:44Z WARNING bsky_collector_v2.job.index_feed_generators: listRecords failed repo=did:plc:3sccayzt5xt44752pvwrugtm err=HttpError('InvalidRequest: Could not find repo: did:plc:3sccayzt5xt44752pvwrugtm')
2026-03-15T11:40:44Z WARNING bsky_collector_v2.job.index_feed_generators: listRecords failed repo=did:plc:3vkq656qaqxrwjqtbhywrsz5 err=HttpError('InvalidRequest: Could not find repo: did:plc:3vkq656qaqxrwjqtbhywrsz5')
2026-03-15T11:40:44Z WARNING bsky_collector_v2.job.index_feed_generators: listRecords failed repo=did:plc:3z3sv2q4wbc4kyjt5mwrmjpr err=HttpError('InvalidRequest: Could not find repo: did:plc:3z3sv2q4wbc4kyjt5mwrmjpr')
2026-03-15T11:40:44Z WARNING bsky_collector_v2.job.index_feed_generators: listRecords failed repo=did:plc:3zfln3vduk3eh4nzaiu5svqc err=HttpError('InvalidRequest: Could not find repo: did:plc:3zfln3vduk3eh4nzaiu5svqc')
2026-03-15T11:40:44Z WARNING bsky_collector_v2.job.index_feed_generators: listRecords failed repo=did:plc:47uq4flpjxfrozx6zmbpzk55 err=HttpError('InvalidRequest: Could not find repo: did:plc:47uq4flpjxfrozx6zmbpzk55')
2026-03-15T11:40:44Z WARNING bsky_collector_v2.job.index_feed_generators: listRecords failed repo=did:plc:4g6ig42hfhcryiqfyere4sf2 err=HttpError('InvalidRequest: Could not find repo: did:plc:4g6ig42hfhcryiqfyere4sf2')
2026-03-15T11:40:44Z WARNING bsky_collector_v2.job.index_feed_generators: listRecords failed repo=did:plc:4klkv42c6z543pnsw4k3yto5 err=HttpError('InvalidRequest: Could not find repo: did:plc:4klkv42c6z543pnsw4k3yto5')
2026-03-15T11:40:44Z WARNING bsky_collector_v2.job.index_feed_generators: listRecords failed repo=did:plc:4mfmcfq35fq3yj3z6wujofdj err=HttpError('InvalidRequest: Could not find repo: did:plc:4mfmcfq35fq3yj3z6wujofdj')
2026-03-15T11:40:44Z WARNING bsky_collector_v2.job.index_feed_generators: listRecords failed repo=did:plc:4qsvs2mr7muiwrygna5abhks err=HttpError('InvalidRequest: Could not find repo: did:plc:4qsvs2mr7muiwrygna5abhks')
2026-03-15T11:40:44Z WARNING bsky_collector_v2.job.index_feed_generators: listRecords failed repo=did:plc:4v2kq6zgsaibetz25ij3tnpb err=HttpError('InvalidRequest: Could not find repo: did:plc:4v2kq6zgsaibetz25ij3tnpb')
2026-03-15T11:40:44Z WARNING bsky_collector_v2.job.index_feed_generators: listRecords failed repo=did:plc:4xzcjgfrfpzdczkwbdmny32x err=HttpError('InvalidRequest: Could not find repo: did:plc:4xzcjgfrfpzdczkwbdmny32x')
2026-03-15T11:40:44Z WARNING bsky_collector_v2.job.index_feed_generators: listRecords failed repo=did:plc:544ptxnmzz7newk5xq5lfkus err=HttpError('InvalidRequest: Could not find repo: did:plc:544ptxnmzz7newk5xq5lfkus')
2026-03-15T11:40:45Z WARNING bsky_collector_v2.job.index_feed_generators: listRecords failed repo=did:plc:57whpawd7wfkbzt5hogpscbv err=HttpError('InvalidRequest: Could not find repo: did:plc:57whpawd7wfkbzt5hogpscbv')
2026-03-15T11:40:45Z WARNING bsky_collector_v2.job.index_feed_generators: listRecords failed repo=did:plc:5arfpweaodktcgnuwrhccyvn err=HttpError('InvalidRequest: Could not find repo: did:plc:5arfpweaodktcgnuwrhccyvn')
2026-03-15T11:40:45Z WARNING bsky_collector_v2.job.index_feed_generators: listRecords failed repo=did:plc:5e6yaxo64ij5xhc7phdbl23o err=HttpError('InvalidRequest: Could not find repo: did:plc:5e6yaxo64ij5xhc7phdbl23o')
2026-03-15T11:40:45Z WARNING bsky_collector_v2.job.index_feed_generators: listRecords failed repo=did:plc:5g5jchmcnewfy6otyc7nppr7 err=HttpError('InvalidRequest: Could not find repo: did:plc:5g5jchmcnewfy6otyc7nppr7')
2026-03-15T11:40:45Z WARNING bsky_collector_v2.job.index_feed_generators: listRecords failed repo=did:plc:5ibyoue6zd3fqruor6c4hq4y err=HttpError('InvalidRequest: Could not find repo: did:plc:5ibyoue6zd3fqruor6c4hq4y')
2026-03-15T11:40:45Z WARNING bsky_collector_v2.job.index_feed_generators: listRecords failed repo=did:plc:5k4qb6pflnccv5xlud2qyp7h err=HttpError('InvalidRequest: Could not find repo: did:plc:5k4qb6pflnccv5xlud2qyp7h')
2026-03-15T11:40:45Z WARNING bsky_collector_v2.job.index_feed_generators: listRecords failed repo=did:plc:5pzpg6g5seu6guwrsdxhcdlb err=HttpError('InvalidRequest: Could not find repo: did:plc:5pzpg6g5seu6guwrsdxhcdlb')
2026-03-15T11:40:45Z WARNING bsky_collector_v2.job.index_feed_generators: listRecords failed repo=did:plc:5rrqw3b426mjw4vklbzbtwpq err=HttpError('InvalidRequest: Could not find repo: did:plc:5rrqw3b426mjw4vklbzbtwpq')
2026-03-15T11:40:45Z WARNING bsky_collector_v2.job.index_feed_generators: listRecords failed repo=did:plc:5vf24q5zkk3lynz3ybprpnwh err=HttpError('InvalidRequest: Could not find repo: did:plc:5vf24q5zkk3lynz3ybprpnwh')
2026-03-15T11:40:45Z WARNING bsky_collector_v2.job.index_feed_generators: listRecords failed repo=did:plc:5vggdlipm5eyy3yuqywpijcu err=HttpError('InvalidRequest: Could not find repo: did:plc:5vggdlipm5eyy3yuqywpijcu')
2026-03-15T11:40:45Z WARNING bsky_collector_v2.job.index_feed_generators: listRecords failed repo=did:plc:662zx7cxhad4iuwu4j5dzw7n err=HttpError('InvalidRequest: Could not find repo: did:plc:662zx7cxhad4iuwu4j5dzw7n')
2026-03-15T11:40:45Z WARNING bsky_collector_v2.job.index_feed_generators: listRecords failed repo=did:plc:6bgrzvow6hqecgj4lxz3jkvf err=HttpError('InvalidRequest: Could not find repo: did:plc:6bgrzvow6hqecgj4lxz3jkvf')
2026-03-15T11:40:45Z WARNING bsky_collector_v2.job.index_feed_generators: listRecords failed repo=did:plc:6ekfj5nze72w6fumzddyycg4 err=HttpError('InvalidRequest: Could not find repo: did:plc:6ekfj5nze72w6fumzddyycg4')
2026-03-15T11:40:45Z WARNING bsky_collector_v2.job.index_feed_generators: listRecords failed repo=did:plc:6izt7mybayr7y5tkr5sruljp err=HttpError('InvalidRequest: Could not find repo: did:plc:6izt7mybayr7y5tkr5sruljp')
2026-03-15T11:40:45Z WARNING bsky_collector_v2.job.index_feed_generators: listRecords failed repo=did:plc:6xkvrvmilv6acvlg3bxurtmm err=HttpError('InvalidRequest: Could not find repo: did:plc:6xkvrvmilv6acvlg3bxurtmm')
2026-03-15T11:40:45Z WARNING bsky_collector_v2.job.index_feed_generators: listRecords failed repo=did:plc:756vgtuqtkyexafw4paga5pi err=HttpError('InvalidRequest: Could not find repo: did:plc:756vgtuqtkyexafw4paga5pi')
2026-03-15T11:40:45Z WARNING bsky_collector_v2.job.index_feed_generators: listRecords failed repo=did:plc:7alrupez2xgc7a5qu5piahaj err=HttpError('InvalidRequest: Could not find repo: did:plc:7alrupez2xgc7a5qu5piahaj')
2026-03-15T11:40:45Z WARNING bsky_collector_v2.job.index_feed_generators: listRecords failed repo=did:plc:7b2tptszxr5x2v6fh6l5ak5i err=HttpError('InvalidRequest: Could not find repo: did:plc:7b2tptszxr5x2v6fh6l5ak5i')
2026-03-15T11:40:45Z WARNING bsky_collector_v2.job.index_feed_generators: listRecords failed repo=did:plc:7dzttzujnqla3j5xwu35pex2 err=HttpError('InvalidRequest: Could not find repo: did:plc:7dzttzujnqla3j5xwu35pex2')
2026-03-15T11:40:46Z WARNING bsky_collector_v2.job.index_feed_generators: listRecords failed repo=did:plc:7fndobgyllztkvecknb7oxwf err=HttpError('InvalidRequest: Could not find repo: did:plc:7fndobgyllztkvecknb7oxwf')
2026-03-15T11:40:46Z WARNING bsky_collector_v2.job.index_feed_generators: listRecords failed repo=did:plc:7kupfpkfo7cnqaftsccumn3a err=HttpError('InvalidRequest: Could not find repo: did:plc:7kupfpkfo7cnqaftsccumn3a')
2026-03-15T11:40:46Z WARNING bsky_collector_v2.job.index_feed_generators: listRecords failed repo=did:plc:7m2kiyvd5fmn4cobn7sgnmfb err=HttpError('InvalidRequest: Could not find repo: did:plc:7m2kiyvd5fmn4cobn7sgnmfb')
2026-03-15T11:40:46Z WARNING bsky_collector_v2.job.index_feed_generators: listRecords failed repo=did:plc:7mf33cyxnc6tfb36jxnspc7a err=HttpError('InvalidRequest: Could not find repo: did:plc:7mf33cyxnc6tfb36jxnspc7a')
2026-03-15T11:40:46Z WARNING bsky_collector_v2.job.index_feed_generators: listRecords failed repo=did:plc:7nnwsbon7pahhpjrqq5fgpdc err=HttpError('InvalidRequest: Could not find repo: did:plc:7nnwsbon7pahhpjrqq5fgpdc')
2026-03-15T11:40:46Z WARNING bsky_collector_v2.job.index_feed_generators: listRecords failed repo=did:plc:7p3r6uofejlaydwmm26ulb37 err=HttpError('InvalidRequest: Could not find repo: did:plc:7p3r6uofejlaydwmm26ulb37')
2026-03-15T11:40:46Z WARNING bsky_collector_v2.job.index_feed_generators: listRecords failed repo=did:plc:7q5t6it44bkh5vaaw2tses5m err=HttpError('InvalidRequest: Could not find repo: did:plc:7q5t6it44bkh5vaaw2tses5m')
2026-03-15T11:40:46Z WARNING bsky_collector_v2.job.index_feed_generators: listRecords failed repo=did:plc:a2cazsbawrwswo56uwaagdd5 err=HttpError('InvalidRequest: Could not find repo: did:plc:a2cazsbawrwswo56uwaagdd5')
2026-03-15T11:40:46Z WARNING bsky_collector_v2.job.index_feed_generators: listRecords failed repo=did:plc:acc6dsc6w24sjt5qez2idtxd err=HttpError('InvalidRequest: Could not find repo: did:plc:acc6dsc6w24sjt5qez2idtxd')
2026-03-15T11:40:46Z WARNING bsky_collector_v2.job.index_feed_generators: listRecords failed repo=did:plc:afrdwyzjkd5c5fp3ef2pl7sd err=HttpError('InvalidRequest: Could not find repo: did:plc:afrdwyzjkd5c5fp3ef2pl7sd')
2026-03-15T11:40:46Z WARNING bsky_collector_v2.job.index_feed_generators: listRecords failed repo=did:plc:ag2kfa7btakds44g7ihy3l43 err=HttpError('InvalidRequest: Could not find repo: did:plc:ag2kfa7btakds44g7ihy3l43')
2026-03-15T11:40:46Z WARNING bsky_collector_v2.job.index_feed_generators: listRecords failed repo=did:plc:alykaxenuuwjaw3eqjxudt5u err=HttpError('InvalidRequest: Could not find repo: did:plc:alykaxenuuwjaw3eqjxudt5u')
2026-03-15T11:40:46Z WARNING bsky_collector_v2.job.index_feed_generators: listRecords failed repo=did:plc:aosvcz5lk32cd4ges3xlug2c err=HttpError('InvalidRequest: Could not find repo: did:plc:aosvcz5lk32cd4ges3xlug2c')
2026-03-15T11:40:46Z WARNING bsky_collector_v2.job.index_feed_generators: listRecords failed repo=did:plc:arv7rvaiq6bulksmhwkzj6t5 err=HttpError('InvalidRequest: Could not find repo: did:plc:arv7rvaiq6bulksmhwkzj6t5')
2026-03-15T11:40:46Z WARNING bsky_collector_v2.job.index_feed_generators: listRecords failed repo=did:plc:ayocve6ufhfcrzoe2swxso6x err=HttpError('InvalidRequest: Could not find repo: did:plc:ayocve6ufhfcrzoe2swxso6x')
2026-03-15T11:40:46Z WARNING bsky_collector_v2.job.index_feed_generators: listRecords failed repo=did:plc:azsfe7rxaon2xnmgxp5qzvcj err=HttpError('InvalidRequest: Could not find repo: did:plc:azsfe7rxaon2xnmgxp5qzvcj')
2026-03-15T11:40:46Z WARNING bsky_collector_v2.job.index_feed_generators: listRecords failed repo=did:plc:b3l4d5piruyxejs3ldglofvh err=HttpError('InvalidRequest: Could not find repo: did:plc:b3l4d5piruyxejs3ldglofvh')
2026-03-15T11:40:46Z WARNING bsky_collector_v2.job.index_feed_generators: listRecords failed repo=did:plc:bcylmeijfgane2uq7a2wqsbk err=HttpError('InvalidRequest: Could not find repo: did:plc:bcylmeijfgane2uq7a2wqsbk')
2026-03-15T11:40:46Z WARNING bsky_collector_v2.job.index_feed_generators: listRecords failed repo=did:plc:bgcmqvd2dj6gaoodrbcgtfig err=HttpError('InvalidRequest: Could not find repo: did:plc:bgcmqvd2dj6gaoodrbcgtfig')
2026-03-15T11:40:47Z WARNING bsky_collector_v2.job.index_feed_generators: listRecords failed repo=did:plc:biehic4b4eu7oj6nq5jfnct2 err=HttpError('InvalidRequest: Could not find repo: did:plc:biehic4b4eu7oj6nq5jfnct2')
2026-03-15T11:40:47Z WARNING bsky_collector_v2.job.index_feed_generators: listRecords failed repo=did:plc:bncpfi5yf66gpblkciyjq6vv err=HttpError('InvalidRequest: Could not find repo: did:plc:bncpfi5yf66gpblkciyjq6vv')
2026-03-15T11:40:47Z WARNING bsky_collector_v2.job.index_feed_generators: listRecords failed repo=did:plc:brkxhct2d2uj4mk4tfyjvt5z err=HttpError('InvalidRequest: Could not find repo: did:plc:brkxhct2d2uj4mk4tfyjvt5z')
2026-03-15T11:40:47Z WARNING bsky_collector_v2.job.index_feed_generators: listRecords failed repo=did:plc:bw4kn2fwyy2vnzsgkpllihql err=HttpError('InvalidRequest: Could not find repo: did:plc:bw4kn2fwyy2vnzsgkpllihql')
2026-03-15T11:40:47Z WARNING bsky_collector_v2.job.index_feed_generators: listRecords failed repo=did:plc:cbkhonp7mhot6vdxbgvg7cns err=HttpError('InvalidRequest: Could not find repo: did:plc:cbkhonp7mhot6vdxbgvg7cns')
2026-03-15T11:40:47Z WARNING bsky_collector_v2.job.index_feed_generators: listRecords failed repo=did:plc:ccpvtpdrevenye7krb5nhf2p err=HttpError('InvalidRequest: Could not find repo: did:plc:ccpvtpdrevenye7krb5nhf2p')
2026-03-15T11:40:47Z WARNING bsky_collector_v2.job.index_feed_generators: listRecords failed repo=did:plc:chnwqd3oxt4hxzqg3i57w4ee err=HttpError('InvalidRequest: Could not find repo: did:plc:chnwqd3oxt4hxzqg3i57w4ee')
2026-03-15T11:40:47Z WARNING bsky_collector_v2.job.index_feed_generators: listRecords failed repo=did:plc:clati2espts6jnk3r7jmikgi err=HttpError('InvalidRequest: Could not find repo: did:plc:clati2espts6jnk3r7jmikgi')
2026-03-15T11:40:47Z WARNING bsky_collector_v2.job.index_feed_generators: listRecords failed repo=did:plc:cpzktr7sxtrgormjgdmyj65a err=HttpError('InvalidRequest: Could not find repo: did:plc:cpzktr7sxtrgormjgdmyj65a')
2026-03-15T11:40:47Z WARNING bsky_collector_v2.job.index_feed_generators: listRecords failed repo=did:plc:cqg7vikqmu3nexpel3xzarff err=HttpError('InvalidRequest: Could not find repo: did:plc:cqg7vikqmu3nexpel3xzarff')
2026-03-15T11:40:47Z WARNING bsky_collector_v2.job.index_feed_generators: listRecords failed repo=did:plc:csxya5o5s6nfpxwg6x4h3agk err=HttpError('InvalidRequest: Could not find repo: did:plc:csxya5o5s6nfpxwg6x4h3agk')
2026-03-15T11:40:47Z WARNING bsky_collector_v2.job.index_feed_generators: listRecords failed repo=did:plc:cvbu3r3yer2g2dzackqj4fn7 err=HttpError('InvalidRequest: Could not find repo: did:plc:cvbu3r3yer2g2dzackqj4fn7')
2026-03-15T11:40:47Z WARNING bsky_collector_v2.job.index_feed_generators: listRecords failed repo=did:plc:d73h4zm46gkf7zc3ghp6ngl7 err=HttpError('InvalidRequest: Could not find repo: did:plc:d73h4zm46gkf7zc3ghp6ngl7')
2026-03-15T11:40:47Z WARNING bsky_collector_v2.job.index_feed_generators: listRecords failed repo=did:plc:dfroml5zutkme4nmimlf7hex err=HttpError('InvalidRequest: Could not find repo: did:plc:dfroml5zutkme4nmimlf7hex')
2026-03-15T11:40:47Z WARNING bsky_collector_v2.job.index_feed_generators: listRecords failed repo=did:plc:dha7cgmfor7dq36tsoprpuek err=HttpError('InvalidRequest: Could not find repo: did:plc:dha7cgmfor7dq36tsoprpuek')
2026-03-15T11:40:47Z WARNING bsky_collector_v2.job.index_feed_generators: listRecords failed repo=did:plc:djicnpe3la6qvptoe2wcij6n err=HttpError('InvalidRequest: Could not find repo: did:plc:djicnpe3la6qvptoe2wcij6n')
2026-03-15T11:40:47Z WARNING bsky_collector_v2.job.index_feed_generators: listRecords failed repo=did:plc:dkca45ozn6rdc4fai45s2ha6 err=HttpError('InvalidRequest: Could not find repo: did:plc:dkca45ozn6rdc4fai45s2ha6')
2026-03-15T11:40:47Z WARNING bsky_collector_v2.job.index_feed_generators: listRecords failed repo=did:plc:dklagocc4rz2ovjw2i7jzyx5 err=HttpError('InvalidRequest: Could not find repo: did:plc:dklagocc4rz2ovjw2i7jzyx5')
2026-03-15T11:40:47Z WARNING bsky_collector_v2.job.index_feed_generators: listRecords failed repo=did:plc:drifcdbxebeneeg24knkml4v err=HttpError('InvalidRequest: Could not find repo: did:plc:drifcdbxebeneeg24knkml4v')
2026-03-15T11:40:48Z WARNING bsky_collector_v2.job.index_feed_generators: listRecords failed repo=did:plc:drz4wef322mc6o4mk7qjz4gb err=HttpError('InvalidRequest: Could not find repo: did:plc:drz4wef322mc6o4mk7qjz4gb')
2026-03-15T11:40:48Z WARNING bsky_collector_v2.job.index_feed_generators: listRecords failed repo=did:plc:dtcrtnnw2emzuudevy4uchbn err=HttpError('InvalidRequest: Could not find repo: did:plc:dtcrtnnw2emzuudevy4uchbn')
2026-03-15T11:40:48Z WARNING bsky_collector_v2.job.index_feed_generators: listRecords failed repo=did:plc:e24fzkwuv743h6m6qqlvajw7 err=HttpError('InvalidRequest: Could not find repo: did:plc:e24fzkwuv743h6m6qqlvajw7')
2026-03-15T11:40:48Z WARNING bsky_collector_v2.job.index_feed_generators: listRecords failed repo=did:plc:eb7e2657rssjhq4k5f6v6lgf err=HttpError('InvalidRequest: Could not find repo: did:plc:eb7e2657rssjhq4k5f6v6lgf')
2026-03-15T11:40:48Z WARNING bsky_collector_v2.job.index_feed_generators: listRecords failed repo=did:plc:ebnenerldc4rropz62srwmio err=HttpError('InvalidRequest: Could not find repo: did:plc:ebnenerldc4rropz62srwmio')
2026-03-15T11:40:48Z WARNING bsky_collector_v2.job.index_feed_generators: listRecords failed repo=did:plc:ef7hvlyfaqfmuovh5hszdgz3 err=HttpError('InvalidRequest: Could not find repo: did:plc:ef7hvlyfaqfmuovh5hszdgz3')
2026-03-15T11:40:48Z WARNING bsky_collector_v2.job.index_feed_generators: listRecords failed repo=did:plc:egidw2el3egudp22sjimpq7l err=HttpError('InvalidRequest: Could not find repo: did:plc:egidw2el3egudp22sjimpq7l')
2026-03-15T11:40:48Z WARNING bsky_collector_v2.job.index_feed_generators: listRecords failed repo=did:plc:eijjzzeiuvlac7hr5axrvv7l err=HttpError('InvalidRequest: Could not find repo: did:plc:eijjzzeiuvlac7hr5axrvv7l')
2026-03-15T11:40:48Z WARNING bsky_collector_v2.job.index_feed_generators: listRecords failed repo=did:plc:ej5g6ybxvyrjmlpf3iidmgme err=HttpError('InvalidRequest: Could not find repo: did:plc:ej5g6ybxvyrjmlpf3iidmgme')
2026-03-15T11:40:48Z WARNING bsky_collector_v2.job.index_feed_generators: listRecords failed repo=did:plc:elabkg5vnhsh2qqeyhy7iys6 err=HttpError('InvalidRequest: Could not find repo: did:plc:elabkg5vnhsh2qqeyhy7iys6')
2026-03-15T11:40:48Z WARNING bsky_collector_v2.job.index_feed_generators: listRecords failed repo=did:plc:emqqfgckmsmkoxs6bco7qdl3 err=HttpError('InvalidRequest: Could not find repo: did:plc:emqqfgckmsmkoxs6bco7qdl3')
2026-03-15T11:40:48Z WARNING bsky_collector_v2.job.index_feed_generators: listRecords failed repo=did:plc:euvqz3mbuo756rzunfqfy5dx err=HttpError('InvalidRequest: Could not find repo: did:plc:euvqz3mbuo756rzunfqfy5dx')
2026-03-15T11:40:48Z WARNING bsky_collector_v2.job.index_feed_generators: listRecords failed repo=did:plc:eym5fvxev26qxsiymnrv5num err=HttpError('InvalidRequest: Could not find repo: did:plc:eym5fvxev26qxsiymnrv5num')
2026-03-15T11:40:48Z WARNING bsky_collector_v2.job.index_feed_generators: listRecords failed repo=did:plc:f7m3vytehcoclvfpkiv2sdgm err=HttpError('InvalidRequest: Could not find repo: did:plc:f7m3vytehcoclvfpkiv2sdgm')
2026-03-15T11:40:48Z WARNING bsky_collector_v2.job.index_feed_generators: listRecords failed repo=did:plc:fk27ye32sriibmgwz2lq6ylk err=HttpError('InvalidRequest: Could not find repo: did:plc:fk27ye32sriibmgwz2lq6ylk')
2026-03-15T11:40:48Z WARNING bsky_collector_v2.job.index_feed_generators: listRecords failed repo=did:plc:fs3ntmav32phaahnfkyhy346 err=HttpError('InvalidRequest: Could not find repo: did:plc:fs3ntmav32phaahnfkyhy346')
2026-03-15T11:40:48Z WARNING bsky_collector_v2.job.index_feed_generators: listRecords failed repo=did:plc:fvxpgcwqpl5mcxquz3gfrz7z err=HttpError('InvalidRequest: Could not find repo: did:plc:fvxpgcwqpl5mcxquz3gfrz7z')
2026-03-15T11:40:48Z WARNING bsky_collector_v2.job.index_feed_generators: listRecords failed repo=did:plc:g2gywtqtcq6doohicq6ghq2b err=HttpError('InvalidRequest: Could not find repo: did:plc:g2gywtqtcq6doohicq6ghq2b')
2026-03-15T11:40:48Z WARNING bsky_collector_v2.job.index_feed_generators: listRecords failed repo=did:plc:g4nzalk272g5ifnba7viw5t4 err=HttpError('InvalidRequest: Could not find repo: did:plc:g4nzalk272g5ifnba7viw5t4')
2026-03-15T11:40:49Z WARNING bsky_collector_v2.job.index_feed_generators: listRecords failed repo=did:plc:gfegbxzcjo63cuf2xflnnrqj err=HttpError('InvalidRequest: Could not find repo: did:plc:gfegbxzcjo63cuf2xflnnrqj')
2026-03-15T11:40:49Z WARNING bsky_collector_v2.job.index_feed_generators: listRecords failed repo=did:plc:ghygcrpqyoofqyjv7b4v7dft err=HttpError('InvalidRequest: Could not find repo: did:plc:ghygcrpqyoofqyjv7b4v7dft')
2026-03-15T11:40:49Z WARNING bsky_collector_v2.job.index_feed_generators: listRecords failed repo=did:plc:gibzr5y5ca3uowkkobyweex2 err=HttpError('InvalidRequest: Could not find repo: did:plc:gibzr5y5ca3uowkkobyweex2')
2026-03-15T11:40:49Z WARNING bsky_collector_v2.job.index_feed_generators: listRecords failed repo=did:plc:gmidvwkzjvikxbw7ukvpgbtn err=HttpError('InvalidRequest: Could not find repo: did:plc:gmidvwkzjvikxbw7ukvpgbtn')
2026-03-15T11:40:49Z WARNING bsky_collector_v2.job.index_feed_generators: listRecords failed repo=did:plc:gmmcfefakx7vheutqwfdkwgf err=HttpError('InvalidRequest: Could not find repo: did:plc:gmmcfefakx7vheutqwfdkwgf')
2026-03-15T11:40:49Z WARNING bsky_collector_v2.job.index_feed_generators: listRecords failed repo=did:plc:gn75oxi4pnbawn2fv3pjyg2f err=HttpError('InvalidRequest: Could not find repo: did:plc:gn75oxi4pnbawn2fv3pjyg2f')
2026-03-15T11:40:49Z WARNING bsky_collector_v2.job.index_feed_generators: listRecords failed repo=did:plc:gu2gqyl56zbr2pinohr5xx2j err=HttpError('InvalidRequest: Could not find repo: did:plc:gu2gqyl56zbr2pinohr5xx2j')
2026-03-15T11:40:49Z WARNING bsky_collector_v2.job.index_feed_generators: listRecords failed repo=did:plc:h6ubognndhmqeb33fo6zsfao err=HttpError('InvalidRequest: Could not find repo: did:plc:h6ubognndhmqeb33fo6zsfao')
2026-03-15T11:40:49Z WARNING bsky_collector_v2.job.index_feed_generators: listRecords failed repo=did:plc:hb3s4ulr6lo5i7ivl5r5hknz err=HttpError('InvalidRequest: Could not find repo: did:plc:hb3s4ulr6lo5i7ivl5r5hknz')
2026-03-15T11:40:49Z WARNING bsky_collector_v2.job.index_feed_generators: listRecords failed repo=did:plc:hdlpaaxq3htflgcbp2defxc3 err=HttpError('InvalidRequest: Could not find repo: did:plc:hdlpaaxq3htflgcbp2defxc3')
2026-03-15T11:40:49Z WARNING bsky_collector_v2.job.index_feed_generators: listRecords failed repo=did:plc:hsqd5n64xxml4hvlvahdjblt err=HttpError('InvalidRequest: Could not find repo: did:plc:hsqd5n64xxml4hvlvahdjblt')
2026-03-15T11:40:49Z WARNING bsky_collector_v2.job.index_feed_generators: listRecords failed repo=did:plc:ieg57qqphya2ncqjwpeboqsq err=HttpError('InvalidRequest: Could not find repo: did:plc:ieg57qqphya2ncqjwpeboqsq')
2026-03-15T11:40:49Z WARNING bsky_collector_v2.job.index_feed_generators: listRecords failed repo=did:plc:ifddosku2aaubdf7wrvfs66q err=HttpError('InvalidRequest: Could not find repo: did:plc:ifddosku2aaubdf7wrvfs66q')
2026-03-15T11:40:49Z WARNING bsky_collector_v2.job.index_feed_generators: listRecords failed repo=did:plc:ifne3dqmyqkxzl4navprwjjo err=HttpError('InvalidRequest: Could not find repo: did:plc:ifne3dqmyqkxzl4navprwjjo')
2026-03-15T11:40:49Z WARNING bsky_collector_v2.job.index_feed_generators: listRecords failed repo=did:plc:imkup2bupcxnvqghr7otb6sl err=HttpError('InvalidRequest: Could not find repo: did:plc:imkup2bupcxnvqghr7otb6sl')
2026-03-15T11:40:49Z WARNING bsky_collector_v2.job.index_feed_generators: listRecords failed repo=did:plc:itw47g2dlgl6tyhnwodpwbie err=HttpError('InvalidRequest: Could not find repo: did:plc:itw47g2dlgl6tyhnwodpwbie')
2026-03-15T11:40:49Z WARNING bsky_collector_v2.job.index_feed_generators: listRecords failed repo=did:plc:ivttz3t2tny6w5gbqwxhlbyx err=HttpError('InvalidRequest: Could not find repo: did:plc:ivttz3t2tny6w5gbqwxhlbyx')
2026-03-15T11:40:49Z WARNING bsky_collector_v2.job.index_feed_generators: listRecords failed repo=did:plc:j5ce5ug7raelgv27zp2ta57t err=HttpError('InvalidRequest: Could not find repo: did:plc:j5ce5ug7raelgv27zp2ta57t')
2026-03-15T11:40:49Z WARNING bsky_collector_v2.job.index_feed_generators: listRecords failed repo=did:plc:j5ffjtf6fwufz6ibsumojcdt err=HttpError('InvalidRequest: Could not find repo: did:plc:j5ffjtf6fwufz6ibsumojcdt')
2026-03-15T11:40:50Z WARNING bsky_collector_v2.job.index_feed_generators: listRecords failed repo=did:plc:j5tx4rfkohtlzyvr5qj472kf err=HttpError('InvalidRequest: Could not find repo: did:plc:j5tx4rfkohtlzyvr5qj472kf')
2026-03-15T11:40:50Z WARNING bsky_collector_v2.job.index_feed_generators: listRecords failed repo=did:plc:j6saiiargzey7pjn5z7yptxs err=HttpError('InvalidRequest: Could not find repo: did:plc:j6saiiargzey7pjn5z7yptxs')
2026-03-15T11:40:50Z WARNING bsky_collector_v2.job.index_feed_generators: listRecords failed repo=did:plc:jcv5327axas423lhximh46o5 err=HttpError('InvalidRequest: Could not find repo: did:plc:jcv5327axas423lhximh46o5')
2026-03-15T11:40:50Z WARNING bsky_collector_v2.job.index_feed_generators: listRecords failed repo=did:plc:jk672lgdu4dwulh2gogbhk62 err=HttpError('InvalidRequest: Could not find repo: did:plc:jk672lgdu4dwulh2gogbhk62')
2026-03-15T11:40:50Z WARNING bsky_collector_v2.job.index_feed_generators: listRecords failed repo=did:plc:jn2b67qus4tocg35ws5owmee err=HttpError('InvalidRequest: Could not find repo: did:plc:jn2b67qus4tocg35ws5owmee')
2026-03-15T11:40:50Z WARNING bsky_collector_v2.job.index_feed_generators: listRecords failed repo=did:plc:jprzecjaip6y5l77p6vvzwhv err=HttpError('InvalidRequest: Could not find repo: did:plc:jprzecjaip6y5l77p6vvzwhv')
2026-03-15T11:40:50Z WARNING bsky_collector_v2.job.index_feed_generators: listRecords failed repo=did:plc:jq4672exf77kkhpyrjrdqph3 err=HttpError('InvalidRequest: Could not find repo: did:plc:jq4672exf77kkhpyrjrdqph3')
2026-03-15T11:40:50Z WARNING bsky_collector_v2.job.index_feed_generators: listRecords failed repo=did:plc:k3ln3vvlstg5oxoitvrozamx err=HttpError('InvalidRequest: Could not find repo: did:plc:k3ln3vvlstg5oxoitvrozamx')
2026-03-15T11:40:50Z WARNING bsky_collector_v2.job.index_feed_generators: listRecords failed repo=did:plc:k3siyfcefvbg5qc2d2gjwy3a err=HttpError('InvalidRequest: Could not find repo: did:plc:k3siyfcefvbg5qc2d2gjwy3a')
2026-03-15T11:40:50Z WARNING bsky_collector_v2.job.index_feed_generators: listRecords failed repo=did:plc:k627dfk74strjz3varrnmnn3 err=HttpError('InvalidRequest: Could not find repo: did:plc:k627dfk74strjz3varrnmnn3')
2026-03-15T11:40:50Z WARNING bsky_collector_v2.job.index_feed_generators: listRecords failed repo=did:plc:kel7c6yb3k2vsm5jsfyfephk err=HttpError('InvalidRequest: Could not find repo: did:plc:kel7c6yb3k2vsm5jsfyfephk')
2026-03-15T11:40:50Z WARNING bsky_collector_v2.job.index_feed_generators: listRecords failed repo=did:plc:kiyhplif5lvs4vvf3gxnffve err=HttpError('InvalidRequest: Could not find repo: did:plc:kiyhplif5lvs4vvf3gxnffve')
2026-03-15T11:40:50Z WARNING bsky_collector_v2.job.index_feed_generators: listRecords failed repo=did:plc:kn3jpglhptkm3cwwe2y3ecju err=HttpError('InvalidRequest: Could not find repo: did:plc:kn3jpglhptkm3cwwe2y3ecju')
2026-03-15T11:40:50Z WARNING bsky_collector_v2.job.index_feed_generators: listRecords failed repo=did:plc:kqfblnrsi7fizuf47bco3epa err=HttpError('InvalidRequest: Could not find repo: did:plc:kqfblnrsi7fizuf47bco3epa')
2026-03-15T11:40:50Z WARNING bsky_collector_v2.job.index_feed_generators: listRecords failed repo=did:plc:ktqpjzd3tirkhk7nznj2tsop err=HttpError('InvalidRequest: Could not find repo: did:plc:ktqpjzd3tirkhk7nznj2tsop')
2026-03-15T11:40:50Z WARNING bsky_collector_v2.job.index_feed_generators: listRecords failed repo=did:plc:kx7yzkaxrvmepg6r4ztahgmk err=HttpError('InvalidRequest: Could not find repo: did:plc:kx7yzkaxrvmepg6r4ztahgmk')
2026-03-15T11:40:50Z WARNING bsky_collector_v2.job.index_feed_generators: listRecords failed repo=did:plc:kxcglyxe2gqvsypm74qx6uf7 err=HttpError('InvalidRequest: Could not find repo: did:plc:kxcglyxe2gqvsypm74qx6uf7')
2026-03-15T11:40:50Z WARNING bsky_collector_v2.job.index_feed_generators: listRecords failed repo=did:plc:lekverffdpzhb3iwewggbqd4 err=HttpError('InvalidRequest: Could not find repo: did:plc:lekverffdpzhb3iwewggbqd4')
2026-03-15T11:40:51Z WARNING bsky_collector_v2.job.index_feed_generators: listRecords failed repo=did:plc:lh77qevgnw4gypmeng3ymmz6 err=HttpError('InvalidRequest: Could not find repo: did:plc:lh77qevgnw4gypmeng3ymmz6')
2026-03-15T11:40:51Z WARNING bsky_collector_v2.job.index_feed_generators: listRecords failed repo=did:plc:lhcwlgh4r35ykw6bajxmoxs3 err=HttpError('InvalidRequest: Could not find repo: did:plc:lhcwlgh4r35ykw6bajxmoxs3')
2026-03-15T11:40:51Z WARNING bsky_collector_v2.job.index_feed_generators: listRecords failed repo=did:plc:lor4te5jtu7x2le23ikvlk3l err=HttpError('InvalidRequest: Could not find repo: did:plc:lor4te5jtu7x2le23ikvlk3l')
2026-03-15T11:40:51Z WARNING bsky_collector_v2.job.index_feed_generators: listRecords failed repo=did:plc:lowop2lzhq6regb4e53e7gcx err=HttpError('InvalidRequest: Could not find repo: did:plc:lowop2lzhq6regb4e53e7gcx')
2026-03-15T11:40:51Z WARNING bsky_collector_v2.job.index_feed_generators: listRecords failed repo=did:plc:lrqnimk3lujn2nzi4qvuzym5 err=HttpError('InvalidRequest: Could not find repo: did:plc:lrqnimk3lujn2nzi4qvuzym5')
2026-03-15T11:40:51Z WARNING bsky_collector_v2.job.index_feed_generators: listRecords failed repo=did:plc:ltikbmdeokdi7o3kr24bmibm err=HttpError('InvalidRequest: Could not find repo: did:plc:ltikbmdeokdi7o3kr24bmibm')
2026-03-15T11:40:51Z WARNING bsky_collector_v2.job.index_feed_generators: listRecords failed repo=did:plc:lvl5cakbvb7mhwsjbpbapux3 err=HttpError('InvalidRequest: Could not find repo: did:plc:lvl5cakbvb7mhwsjbpbapux3')
2026-03-15T11:40:51Z WARNING bsky_collector_v2.job.index_feed_generators: listRecords failed repo=did:plc:m6jwquf6e6rkgbmatq2aizzd err=HttpError('InvalidRequest: Could not find repo: did:plc:m6jwquf6e6rkgbmatq2aizzd')
2026-03-15T11:40:51Z WARNING bsky_collector_v2.job.index_feed_generators: listRecords failed repo=did:plc:mdyr3bykzq52znj6w7dewjeu err=HttpError('InvalidRequest: Could not find repo: did:plc:mdyr3bykzq52znj6w7dewjeu')
2026-03-15T11:40:51Z WARNING bsky_collector_v2.job.index_feed_generators: listRecords failed repo=did:plc:mgclwhc6qethzv7jysn2dlgs err=HttpError('InvalidRequest: Could not find repo: did:plc:mgclwhc6qethzv7jysn2dlgs')
2026-03-15T11:40:51Z WARNING bsky_collector_v2.job.index_feed_generators: listRecords failed repo=did:plc:mopc5bt2uz2i3mtemzqkv2kn err=HttpError('InvalidRequest: Could not find repo: did:plc:mopc5bt2uz2i3mtemzqkv2kn')
2026-03-15T11:40:51Z WARNING bsky_collector_v2.job.index_feed_generators: listRecords failed repo=did:plc:mtqb6qhyzvscmspbj5wbly6j err=HttpError('InvalidRequest: Could not find repo: did:plc:mtqb6qhyzvscmspbj5wbly6j')
2026-03-15T11:40:51Z WARNING bsky_collector_v2.job.index_feed_generators: listRecords failed repo=did:plc:mvtoocda43fskao2gtwyaezw err=HttpError('InvalidRequest: Could not find repo: did:plc:mvtoocda43fskao2gtwyaezw')
2026-03-15T11:40:51Z WARNING bsky_collector_v2.job.index_feed_generators: listRecords failed repo=did:plc:n3fs6ccjsxadiitacatznzmf err=HttpError('InvalidRequest: Could not find repo: did:plc:n3fs6ccjsxadiitacatznzmf')
2026-03-15T11:40:51Z WARNING bsky_collector_v2.job.index_feed_generators: listRecords failed repo=did:plc:n7osjrzlngeejw6qhyyvbqsg err=HttpError('InvalidRequest: Could not find repo: did:plc:n7osjrzlngeejw6qhyyvbqsg')
2026-03-15T11:40:51Z WARNING bsky_collector_v2.job.index_feed_generators: listRecords failed repo=did:plc:napdbssi3zxknz4hnj2szhqz err=HttpError('InvalidRequest: Could not find repo: did:plc:napdbssi3zxknz4hnj2szhqz')
2026-03-15T11:40:51Z WARNING bsky_collector_v2.job.index_feed_generators: listRecords failed repo=did:plc:nb2zbgvyf244fvstjuzav6xj err=HttpError('InvalidRequest: Could not find repo: did:plc:nb2zbgvyf244fvstjuzav6xj')
2026-03-15T11:40:51Z WARNING bsky_collector_v2.job.index_feed_generators: listRecords failed repo=did:plc:neky7t2v3acqsbyppxgsk2rn err=HttpError('InvalidRequest: Could not find repo: did:plc:neky7t2v3acqsbyppxgsk2rn')
2026-03-15T11:40:51Z WARNING bsky_collector_v2.job.index_feed_generators: listRecords failed repo=did:plc:nfxgvjrntmjeeb4jgo6pazpq err=HttpError('InvalidRequest: Could not find repo: did:plc:nfxgvjrntmjeeb4jgo6pazpq')
2026-03-15T11:40:52Z WARNING bsky_collector_v2.job.index_feed_generators: listRecords failed repo=did:plc:ngeupfhaexpy3fj6ufxo7rsy err=HttpError('InvalidRequest: Could not find repo: did:plc:ngeupfhaexpy3fj6ufxo7rsy')
2026-03-15T11:40:52Z WARNING bsky_collector_v2.job.index_feed_generators: listRecords failed repo=did:plc:njjncbqsbkv2vecg6uwgc2tg err=HttpError('InvalidRequest: Could not find repo: did:plc:njjncbqsbkv2vecg6uwgc2tg')
2026-03-15T11:40:52Z WARNING bsky_collector_v2.job.index_feed_generators: listRecords failed repo=did:plc:np2okej5266o3x5wnpkw4xpp err=HttpError('InvalidRequest: Could not find repo: did:plc:np2okej5266o3x5wnpkw4xpp')
2026-03-15T11:40:52Z WARNING bsky_collector_v2.job.index_feed_generators: listRecords failed repo=did:plc:nqznz24xslj2m3opaivsksvr err=HttpError('InvalidRequest: Could not find repo: did:plc:nqznz24xslj2m3opaivsksvr')
2026-03-15T11:40:52Z WARNING bsky_collector_v2.job.index_feed_generators: listRecords failed repo=did:plc:ns534ys5g3sgwytovkdv7yop err=HttpError('InvalidRequest: Could not find repo: did:plc:ns534ys5g3sgwytovkdv7yop')
2026-03-15T11:40:52Z WARNING bsky_collector_v2.job.index_feed_generators: listRecords failed repo=did:plc:nw6nb63cjhtvt3yuvb67lvkh err=HttpError('InvalidRequest: Could not find repo: did:plc:nw6nb63cjhtvt3yuvb67lvkh')
2026-03-15T11:40:52Z WARNING bsky_collector_v2.job.index_feed_generators: listRecords failed repo=did:plc:o445ehrhqsydd3fplqjnyyfw err=HttpError('InvalidRequest: Could not find repo: did:plc:o445ehrhqsydd3fplqjnyyfw')
2026-03-15T11:40:52Z WARNING bsky_collector_v2.job.index_feed_generators: listRecords failed repo=did:plc:o66heftlx5ih3lv3rnksdz3h err=HttpError('InvalidRequest: Could not find repo: did:plc:o66heftlx5ih3lv3rnksdz3h')
2026-03-15T11:40:52Z WARNING bsky_collector_v2.job.index_feed_generators: listRecords failed repo=did:plc:og3u7bckutmjdduhkvey5pbe err=HttpError('InvalidRequest: Could not find repo: did:plc:og3u7bckutmjdduhkvey5pbe')
2026-03-15T11:40:52Z WARNING bsky_collector_v2.job.index_feed_generators: listRecords failed repo=did:plc:ogaleglcbmszg2hgq2333tfd err=HttpError('InvalidRequest: Could not find repo: did:plc:ogaleglcbmszg2hgq2333tfd')
2026-03-15T11:40:52Z WARNING bsky_collector_v2.job.index_feed_generators: listRecords failed repo=did:plc:os44jqaj4ncc4kiwn7cmdx32 err=HttpError('InvalidRequest: Could not find repo: did:plc:os44jqaj4ncc4kiwn7cmdx32')
2026-03-15T11:40:52Z WARNING bsky_collector_v2.job.index_feed_generators: listRecords failed repo=did:plc:oti2vd4bzdq7232kppfwosuz err=HttpError('InvalidRequest: Could not find repo: did:plc:oti2vd4bzdq7232kppfwosuz')
2026-03-15T11:40:52Z WARNING bsky_collector_v2.job.index_feed_generators: listRecords failed repo=did:plc:ovezzqjdl3vw2fnhvyqusq4d err=HttpError('InvalidRequest: Could not find repo: did:plc:ovezzqjdl3vw2fnhvyqusq4d')
2026-03-15T11:40:52Z WARNING bsky_collector_v2.job.index_feed_generators: listRecords failed repo=did:plc:owbim3g7p3jnech5ftuhooxc err=HttpError('InvalidRequest: Could not find repo: did:plc:owbim3g7p3jnech5ftuhooxc')
2026-03-15T11:40:52Z WARNING bsky_collector_v2.job.index_feed_generators: listRecords failed repo=did:plc:p7cbg3xpp3vyuvhatrcb3m2r err=HttpError('InvalidRequest: Could not find repo: did:plc:p7cbg3xpp3vyuvhatrcb3m2r')
2026-03-15T11:40:52Z WARNING bsky_collector_v2.job.index_feed_generators: listRecords failed repo=did:plc:pmbaypgzg54cncu5wsu52jla err=HttpError('InvalidRequest: Could not find repo: did:plc:pmbaypgzg54cncu5wsu52jla')
2026-03-15T11:40:52Z WARNING bsky_collector_v2.job.index_feed_generators: listRecords failed repo=did:plc:pngbxkbqjxzxixmn44vfcl2g err=HttpError('InvalidRequest: Could not find repo: did:plc:pngbxkbqjxzxixmn44vfcl2g')
2026-03-15T11:40:52Z WARNING bsky_collector_v2.job.index_feed_generators: listRecords failed repo=did:plc:pnhis2z7jcvndipjbivh5r3g err=HttpError('InvalidRequest: Could not find repo: did:plc:pnhis2z7jcvndipjbivh5r3g')
2026-03-15T11:40:52Z WARNING bsky_collector_v2.job.index_feed_generators: listRecords failed repo=did:plc:pnngkvcd5w57vj3lq7t2sowi err=HttpError('InvalidRequest: Could not find repo: did:plc:pnngkvcd5w57vj3lq7t2sowi')
2026-03-15T11:40:53Z WARNING bsky_collector_v2.job.index_feed_generators: listRecords failed repo=did:plc:pp473ktbouptu6g3rdeukivp err=HttpError('InvalidRequest: Could not find repo: did:plc:pp473ktbouptu6g3rdeukivp')
2026-03-15T11:40:53Z WARNING bsky_collector_v2.job.index_feed_generators: listRecords failed repo=did:plc:pqqcvycpzj3e5uhamqajr26w err=HttpError('InvalidRequest: Could not find repo: did:plc:pqqcvycpzj3e5uhamqajr26w')
2026-03-15T11:40:53Z WARNING bsky_collector_v2.job.index_feed_generators: listRecords failed repo=did:plc:pqzgg2v5jmh5c4j6vraunawh err=HttpError('InvalidRequest: Could not find repo: did:plc:pqzgg2v5jmh5c4j6vraunawh')
2026-03-15T11:40:53Z WARNING bsky_collector_v2.job.index_feed_generators: listRecords failed repo=did:plc:ps7ybj3hiyecrx22tkl7sfia err=HttpError('InvalidRequest: Could not find repo: did:plc:ps7ybj3hiyecrx22tkl7sfia')
2026-03-15T11:40:53Z WARNING bsky_collector_v2.job.index_feed_generators: listRecords failed repo=did:plc:ptjn2rz6rftg76rfzvzkvstf err=HttpError('InvalidRequest: Could not find repo: did:plc:ptjn2rz6rftg76rfzvzkvstf')
2026-03-15T11:40:53Z WARNING bsky_collector_v2.job.index_feed_generators: listRecords failed repo=did:plc:ptnbscbspekeuxzcsthkhorq err=HttpError('InvalidRequest: Could not find repo: did:plc:ptnbscbspekeuxzcsthkhorq')
2026-03-15T11:40:53Z WARNING bsky_collector_v2.job.index_feed_generators: listRecords failed repo=did:plc:puczfskompxsnf2yqkjtnxa2 err=HttpError('InvalidRequest: Could not find repo: did:plc:puczfskompxsnf2yqkjtnxa2')
2026-03-15T11:40:53Z WARNING bsky_collector_v2.job.index_feed_generators: listRecords failed repo=did:plc:q27crzqrdqzoqry4esloakkh err=HttpError('InvalidRequest: Could not find repo: did:plc:q27crzqrdqzoqry4esloakkh')
2026-03-15T11:40:53Z WARNING bsky_collector_v2.job.index_feed_generators: listRecords failed repo=did:plc:qedkwqgzlwmw4o73cjchrzxv err=HttpError('InvalidRequest: Could not find repo: did:plc:qedkwqgzlwmw4o73cjchrzxv')
2026-03-15T11:40:53Z WARNING bsky_collector_v2.job.index_feed_generators: listRecords failed repo=did:plc:qfwplra3rqcilvwyqxjvakfa err=HttpError('InvalidRequest: Could not find repo: did:plc:qfwplra3rqcilvwyqxjvakfa')
2026-03-15T11:40:53Z WARNING bsky_collector_v2.job.index_feed_generators: listRecords failed repo=did:plc:qhnmikbpni7ld33vwfr2c3wm err=HttpError('InvalidRequest: Could not find repo: did:plc:qhnmikbpni7ld33vwfr2c3wm')
2026-03-15T11:40:53Z WARNING bsky_collector_v2.job.index_feed_generators: listRecords failed repo=did:plc:qlcb5ssxwnro67wwgs3owpq7 err=HttpError('InvalidRequest: Could not find repo: did:plc:qlcb5ssxwnro67wwgs3owpq7')
2026-03-15T11:40:53Z WARNING bsky_collector_v2.job.index_feed_generators: listRecords failed repo=did:plc:qp7ihqdsvakrlx2hsgf4astx err=HttpError('InvalidRequest: Could not find repo: did:plc:qp7ihqdsvakrlx2hsgf4astx')
2026-03-15T11:40:53Z WARNING bsky_collector_v2.job.index_feed_generators: listRecords failed repo=did:plc:qtz23crs7fw5mb3nhsk52p7o err=HttpError('InvalidRequest: Could not find repo: did:plc:qtz23crs7fw5mb3nhsk52p7o')
2026-03-15T11:40:53Z WARNING bsky_collector_v2.job.index_feed_generators: listRecords failed repo=did:plc:quut6ilfw47v3nwazfj5qt6s err=HttpError('InvalidRequest: Could not find repo: did:plc:quut6ilfw47v3nwazfj5qt6s')
2026-03-15T11:40:53Z WARNING bsky_collector_v2.job.index_feed_generators: listRecords failed repo=did:plc:qwivn2wenxguvtpdmx5u3emt err=HttpError('InvalidRequest: Could not find repo: did:plc:qwivn2wenxguvtpdmx5u3emt')
2026-03-15T11:40:53Z WARNING bsky_collector_v2.job.index_feed_generators: listRecords failed repo=did:plc:qwy54wbzr3fil65ghzddzjgm err=HttpError('InvalidRequest: Could not find repo: did:plc:qwy54wbzr3fil65ghzddzjgm')
2026-03-15T11:40:53Z WARNING bsky_collector_v2.job.index_feed_generators: listRecords failed repo=did:plc:qzrkkmw4ykinjsghmxhye3sn err=HttpError('InvalidRequest: Could not find repo: did:plc:qzrkkmw4ykinjsghmxhye3sn')
2026-03-15T11:40:53Z WARNING bsky_collector_v2.job.index_feed_generators: listRecords failed repo=did:plc:r2bx5pzidyvjvjmmyqwf7dpd err=HttpError('InvalidRequest: Could not find repo: did:plc:r2bx5pzidyvjvjmmyqwf7dpd')
2026-03-15T11:40:54Z WARNING bsky_collector_v2.job.index_feed_generators: listRecords failed repo=did:plc:r4uv3xahaxmdhaaybwwi2d6f err=HttpError('InvalidRequest: Could not find repo: did:plc:r4uv3xahaxmdhaaybwwi2d6f')
2026-03-15T11:40:54Z WARNING bsky_collector_v2.job.index_feed_generators: listRecords failed repo=did:plc:rdlurpj7asiwyelue7o5fpc7 err=HttpError('InvalidRequest: Could not find repo: did:plc:rdlurpj7asiwyelue7o5fpc7')
2026-03-15T11:40:54Z WARNING bsky_collector_v2.job.index_feed_generators: listRecords failed repo=did:plc:rfzcjii5hnezyga34bl5a7g2 err=HttpError('InvalidRequest: Could not find repo: did:plc:rfzcjii5hnezyga34bl5a7g2')
2026-03-15T11:40:54Z WARNING bsky_collector_v2.job.index_feed_generators: listRecords failed repo=did:plc:rkpxo2hu2q5crl4fb5q5shpv err=HttpError('InvalidRequest: Could not find repo: did:plc:rkpxo2hu2q5crl4fb5q5shpv')
2026-03-15T11:40:54Z WARNING bsky_collector_v2.job.index_feed_generators: listRecords failed repo=did:plc:rndumvwz4blzreylm3csk6sh err=HttpError('InvalidRequest: Could not find repo: did:plc:rndumvwz4blzreylm3csk6sh')
2026-03-15T11:40:54Z WARNING bsky_collector_v2.job.index_feed_generators: listRecords failed repo=did:plc:rnlutifnxcebzx37ui43jykk err=HttpError('InvalidRequest: Could not find repo: did:plc:rnlutifnxcebzx37ui43jykk')
2026-03-15T11:40:54Z WARNING bsky_collector_v2.job.index_feed_generators: listRecords failed repo=did:plc:rtwwyhdk4aprbvkyhlwfbzxu err=HttpError('InvalidRequest: Could not find repo: did:plc:rtwwyhdk4aprbvkyhlwfbzxu')
2026-03-15T11:40:54Z WARNING bsky_collector_v2.job.index_feed_generators: listRecords failed repo=did:plc:rwojrx3pke3iackfyijbojq7 err=HttpError('InvalidRequest: Could not find repo: did:plc:rwojrx3pke3iackfyijbojq7')
2026-03-15T11:40:54Z WARNING bsky_collector_v2.job.index_feed_generators: listRecords failed repo=did:plc:rx3by2ivykhiju72kx3xg3xg err=HttpError('InvalidRequest: Could not find repo: did:plc:rx3by2ivykhiju72kx3xg3xg')
2026-03-15T11:40:54Z WARNING bsky_collector_v2.job.index_feed_generators: listRecords failed repo=did:plc:s4dtotzuwzkadrg7g6u755c4 err=HttpError('InvalidRequest: Could not find repo: did:plc:s4dtotzuwzkadrg7g6u755c4')
2026-03-15T11:40:54Z WARNING bsky_collector_v2.job.index_feed_generators: listRecords failed repo=did:plc:s6n57dxv3l6g5lrubhxmns6w err=HttpError('InvalidRequest: Could not find repo: did:plc:s6n57dxv3l6g5lrubhxmns6w')
2026-03-15T11:40:54Z WARNING bsky_collector_v2.job.index_feed_generators: listRecords failed repo=did:plc:sepvjb2uyi5g23qqcqykainx err=HttpError('InvalidRequest: Could not find repo: did:plc:sepvjb2uyi5g23qqcqykainx')
2026-03-15T11:40:54Z WARNING bsky_collector_v2.job.index_feed_generators: listRecords failed repo=did:plc:snxb5ulzuihnq4ohynemwcjh err=HttpError('InvalidRequest: Could not find repo: did:plc:snxb5ulzuihnq4ohynemwcjh')
2026-03-15T11:40:54Z WARNING bsky_collector_v2.job.index_feed_generators: listRecords failed repo=did:plc:snzrsrtany7mtm4vuvhke6qy err=HttpError('InvalidRequest: Could not find repo: did:plc:snzrsrtany7mtm4vuvhke6qy')
2026-03-15T11:40:54Z WARNING bsky_collector_v2.job.index_feed_generators: listRecords failed repo=did:plc:srw2rfpai5n2mfbaxeljnjix err=HttpError('InvalidRequest: Could not find repo: did:plc:srw2rfpai5n2mfbaxeljnjix')
2026-03-15T11:40:54Z WARNING bsky_collector_v2.job.index_feed_generators: listRecords failed repo=did:plc:suew2e6kuwyrr67hi4lmmhzz err=HttpError('InvalidRequest: Could not find repo: did:plc:suew2e6kuwyrr67hi4lmmhzz')
2026-03-15T11:40:54Z WARNING bsky_collector_v2.job.index_feed_generators: listRecords failed repo=did:plc:svq4vt322gwqy42ufu5oage7 err=HttpError('InvalidRequest: Could not find repo: did:plc:svq4vt322gwqy42ufu5oage7')
2026-03-15T11:40:54Z WARNING bsky_collector_v2.job.index_feed_generators: listRecords failed repo=did:plc:svtwownew3qghx226xluz5lw err=HttpError('InvalidRequest: Could not find repo: did:plc:svtwownew3qghx226xluz5lw')
2026-03-15T11:40:55Z WARNING bsky_collector_v2.job.index_feed_generators: listRecords failed repo=did:plc:sxjfuud4hl5hmzd3klrrucrv err=HttpError('InvalidRequest: Could not find repo: did:plc:sxjfuud4hl5hmzd3klrrucrv')
2026-03-15T11:40:55Z WARNING bsky_collector_v2.job.index_feed_generators: listRecords failed repo=did:plc:ta3hcgxrbebepowlkhjbudeg err=HttpError('InvalidRequest: Could not find repo: did:plc:ta3hcgxrbebepowlkhjbudeg')
2026-03-15T11:40:55Z WARNING bsky_collector_v2.job.index_feed_generators: listRecords failed repo=did:plc:tadld5ukzwhzonplp5qudpeu err=HttpError('InvalidRequest: Could not find repo: did:plc:tadld5ukzwhzonplp5qudpeu')
2026-03-15T11:40:55Z WARNING bsky_collector_v2.job.index_feed_generators: listRecords failed repo=did:plc:tadlt2x2dpu32hlsweil6bww err=HttpError('InvalidRequest: Could not find repo: did:plc:tadlt2x2dpu32hlsweil6bww')
2026-03-15T11:40:55Z WARNING bsky_collector_v2.job.index_feed_generators: listRecords failed repo=did:plc:tcmvqjbaier6b5xby4getag2 err=HttpError('InvalidRequest: Could not find repo: did:plc:tcmvqjbaier6b5xby4getag2')
2026-03-15T11:40:55Z WARNING bsky_collector_v2.job.index_feed_generators: listRecords failed repo=did:plc:td55dw4ujsjh7vheldbxtn4m err=HttpError('InvalidRequest: Could not find repo: did:plc:td55dw4ujsjh7vheldbxtn4m')
2026-03-15T11:40:55Z WARNING bsky_collector_v2.job.index_feed_generators: listRecords failed repo=did:plc:tdzxgnqjoor45zx45stwwkrk err=HttpError('InvalidRequest: Could not find repo: did:plc:tdzxgnqjoor45zx45stwwkrk')
2026-03-15T11:40:55Z WARNING bsky_collector_v2.job.index_feed_generators: listRecords failed repo=did:plc:tjgouygitupezr3763h2c36t err=HttpError('InvalidRequest: Could not find repo: did:plc:tjgouygitupezr3763h2c36t')
2026-03-15T11:40:55Z WARNING bsky_collector_v2.job.index_feed_generators: listRecords failed repo=did:plc:tlc5oz4eakkzchq5jkiowjlx err=HttpError('InvalidRequest: Could not find repo: did:plc:tlc5oz4eakkzchq5jkiowjlx')
2026-03-15T11:40:55Z WARNING bsky_collector_v2.job.index_feed_generators: listRecords failed repo=did:plc:tsph4fgdvygixzcpi7obtkt4 err=HttpError('InvalidRequest: Could not find repo: did:plc:tsph4fgdvygixzcpi7obtkt4')
2026-03-15T11:40:55Z WARNING bsky_collector_v2.job.index_feed_generators: listRecords failed repo=did:plc:tvwl7nzfa2qd4a7ovqyoqqq2 err=HttpError('InvalidRequest: Could not find repo: did:plc:tvwl7nzfa2qd4a7ovqyoqqq2')
2026-03-15T11:40:55Z WARNING bsky_collector_v2.job.index_feed_generators: listRecords failed repo=did:plc:tytpgutbdur4vxbcdkqtaed4 err=HttpError('InvalidRequest: Could not find repo: did:plc:tytpgutbdur4vxbcdkqtaed4')
2026-03-15T11:40:55Z WARNING bsky_collector_v2.job.index_feed_generators: listRecords failed repo=did:plc:u5uton2bqprert3vdgfk3w27 err=HttpError('InvalidRequest: Could not find repo: did:plc:u5uton2bqprert3vdgfk3w27')
2026-03-15T11:40:55Z WARNING bsky_collector_v2.job.index_feed_generators: listRecords failed repo=did:plc:uaud43goorla34p4qu22xzt2 err=HttpError('InvalidRequest: Could not find repo: did:plc:uaud43goorla34p4qu22xzt2')
2026-03-15T11:40:55Z WARNING bsky_collector_v2.job.index_feed_generators: listRecords failed repo=did:plc:ubhmxzbdjymmpxqlplzdlfsr err=HttpError('InvalidRequest: Could not find repo: did:plc:ubhmxzbdjymmpxqlplzdlfsr')
2026-03-15T11:40:55Z WARNING bsky_collector_v2.job.index_feed_generators: listRecords failed repo=did:plc:udq6ywfhwttb27nmcpaavkvr err=HttpError('InvalidRequest: Could not find repo: did:plc:udq6ywfhwttb27nmcpaavkvr')
2026-03-15T11:40:56Z WARNING bsky_collector_v2.job.index_feed_generators: listRecords failed repo=did:plc:uqv2klrno3pvtl2fxrnqop2j err=HttpError('InvalidRequest: Could not find repo: did:plc:uqv2klrno3pvtl2fxrnqop2j')
2026-03-15T11:40:56Z WARNING bsky_collector_v2.job.index_feed_generators: listRecords failed repo=did:plc:usra5isqj537b652gioymziz err=HttpError('InvalidRequest: Could not find repo: did:plc:usra5isqj537b652gioymziz')
2026-03-15T11:40:56Z WARNING bsky_collector_v2.job.index_feed_generators: listRecords failed repo=did:plc:uz2wel7qnvhi5ina7bwlriwt err=HttpError('InvalidRequest: Could not find repo: did:plc:uz2wel7qnvhi5ina7bwlriwt')
2026-03-15T11:40:56Z WARNING bsky_collector_v2.job.index_feed_generators: listRecords failed repo=did:plc:v425v4tykpm5zwgedupxa3at err=HttpError('InvalidRequest: Could not find repo: did:plc:v425v4tykpm5zwgedupxa3at')
2026-03-15T11:40:56Z WARNING bsky_collector_v2.job.index_feed_generators: listRecords failed repo=did:plc:v6n7mjgl33usexbpvcidcvtg err=HttpError('InvalidRequest: Could not find repo: did:plc:v6n7mjgl33usexbpvcidcvtg')
2026-03-15T11:40:56Z WARNING bsky_collector_v2.job.index_feed_generators: listRecords failed repo=did:plc:vg6ij3seyb4paoxaezpvcvuv err=HttpError('InvalidRequest: Could not find repo: did:plc:vg6ij3seyb4paoxaezpvcvuv')
2026-03-15T11:40:56Z WARNING bsky_collector_v2.job.index_feed_generators: listRecords failed repo=did:plc:vhj3ozhqo7k2yoxnahinr4mo err=HttpError('InvalidRequest: Could not find repo: did:plc:vhj3ozhqo7k2yoxnahinr4mo')
2026-03-15T11:40:56Z WARNING bsky_collector_v2.job.index_feed_generators: listRecords failed repo=did:plc:vli6l2e2ncswdqzm5tapsp7k err=HttpError('InvalidRequest: Could not find repo: did:plc:vli6l2e2ncswdqzm5tapsp7k')
2026-03-15T11:40:56Z WARNING bsky_collector_v2.job.index_feed_generators: listRecords failed repo=did:plc:vsjw7kc2r64vfqkugygikhdm err=HttpError('InvalidRequest: Could not find repo: did:plc:vsjw7kc2r64vfqkugygikhdm')
2026-03-15T11:40:56Z WARNING bsky_collector_v2.job.index_feed_generators: listRecords failed repo=did:plc:vxjvnbjdamtt74y4nhgexnfx err=HttpError('InvalidRequest: Could not find repo: did:plc:vxjvnbjdamtt74y4nhgexnfx')
2026-03-15T11:40:56Z WARNING bsky_collector_v2.job.index_feed_generators: listRecords failed repo=did:plc:w33axeld7ubmb67gm7dnazrk err=HttpError('InvalidRequest: Could not find repo: did:plc:w33axeld7ubmb67gm7dnazrk')
2026-03-15T11:40:56Z WARNING bsky_collector_v2.job.index_feed_generators: listRecords failed repo=did:plc:w64j5ksdg2so64mjg4wbij23 err=HttpError('InvalidRequest: Could not find repo: did:plc:w64j5ksdg2so64mjg4wbij23')
2026-03-15T11:40:56Z WARNING bsky_collector_v2.job.index_feed_generators: listRecords failed repo=did:plc:w6yqz52hefdu2bsmme7r7axa err=HttpError('InvalidRequest: Could not find repo: did:plc:w6yqz52hefdu2bsmme7r7axa')
2026-03-15T11:40:56Z WARNING bsky_collector_v2.job.index_feed_generators: listRecords failed repo=did:plc:wbxee35c4fwolbjvhdgv7mbt err=HttpError('InvalidRequest: Could not find repo: did:plc:wbxee35c4fwolbjvhdgv7mbt')
2026-03-15T11:40:56Z WARNING bsky_collector_v2.job.index_feed_generators: listRecords failed repo=did:plc:wec7wpuqfbhsp44rz3hpdqqq err=HttpError('InvalidRequest: Could not find repo: did:plc:wec7wpuqfbhsp44rz3hpdqqq')
2026-03-15T11:40:56Z WARNING bsky_collector_v2.job.index_feed_generators: listRecords failed repo=did:plc:wgsxspdd2b6joshpznuhnol5 err=HttpError('InvalidRequest: Could not find repo: did:plc:wgsxspdd2b6joshpznuhnol5')
2026-03-15T11:40:56Z WARNING bsky_collector_v2.job.index_feed_generators: listRecords failed repo=did:plc:wmlapw4pr3nv2yrp6triejse err=HttpError('InvalidRequest: Could not find repo: did:plc:wmlapw4pr3nv2yrp6triejse')
2026-03-15T11:40:56Z WARNING bsky_collector_v2.job.index_feed_generators: listRecords failed repo=did:plc:wodei36ckxtlao4wtmn3m7ba err=HttpError('InvalidRequest: Could not find repo: did:plc:wodei36ckxtlao4wtmn3m7ba')
2026-03-15T11:40:56Z WARNING bsky_collector_v2.job.index_feed_generators: listRecords failed repo=did:plc:wu5x7ceerol24pwpzjunj7ii err=HttpError('InvalidRequest: Could not find repo: did:plc:wu5x7ceerol24pwpzjunj7ii')
2026-03-15T11:40:56Z WARNING bsky_collector_v2.job.index_feed_generators: listRecords failed repo=did:plc:x7tfiiwrycqdr4s7q22ts6wk err=HttpError('InvalidRequest: Could not find repo: did:plc:x7tfiiwrycqdr4s7q22ts6wk')
2026-03-15T11:40:57Z WARNING bsky_collector_v2.job.index_feed_generators: listRecords failed repo=did:plc:xdba4i76jt3lj53ojdnropkr err=HttpError('InvalidRequest: Could not find repo: did:plc:xdba4i76jt3lj53ojdnropkr')
2026-03-15T11:40:57Z WARNING bsky_collector_v2.job.index_feed_generators: listRecords failed repo=did:plc:xg7ebeiatdr7mhj76udthouv err=HttpError('InvalidRequest: Could not find repo: did:plc:xg7ebeiatdr7mhj76udthouv')
2026-03-15T11:40:57Z WARNING bsky_collector_v2.job.index_feed_generators: listRecords failed repo=did:plc:xj32lcjmb35juqd3vzzfdwxo err=HttpError('InvalidRequest: Could not find repo: did:plc:xj32lcjmb35juqd3vzzfdwxo')
2026-03-15T11:40:57Z WARNING bsky_collector_v2.job.index_feed_generators: listRecords failed repo=did:plc:xkxfpg7z7og273ujwvdzmy22 err=HttpError('InvalidRequest: Could not find repo: did:plc:xkxfpg7z7og273ujwvdzmy22')
2026-03-15T11:40:57Z WARNING bsky_collector_v2.job.index_feed_generators: listRecords failed repo=did:plc:xlkizcsz4zponyf4oxc3kdfw err=HttpError('InvalidRequest: Could not find repo: did:plc:xlkizcsz4zponyf4oxc3kdfw')
2026-03-15T11:40:57Z WARNING bsky_collector_v2.job.index_feed_generators: listRecords failed repo=did:plc:xmbsq27o3up7gq7ttvhsb6az err=HttpError('InvalidRequest: Could not find repo: did:plc:xmbsq27o3up7gq7ttvhsb6az')
2026-03-15T11:40:57Z WARNING bsky_collector_v2.job.index_feed_generators: listRecords failed repo=did:plc:xrsswmjzcorgnw4t66zfs3xa err=HttpError('InvalidRequest: Could not find repo: did:plc:xrsswmjzcorgnw4t66zfs3xa')
2026-03-15T11:40:57Z WARNING bsky_collector_v2.job.index_feed_generators: listRecords failed repo=did:plc:xs3f6nz4dbj37jp7ek45ur7d err=HttpError('InvalidRequest: Could not find repo: did:plc:xs3f6nz4dbj37jp7ek45ur7d')
2026-03-15T11:40:57Z WARNING bsky_collector_v2.job.index_feed_generators: listRecords failed repo=did:plc:y2q42e3m73up3uzy3khan5kd err=HttpError('InvalidRequest: Could not find repo: did:plc:y2q42e3m73up3uzy3khan5kd')
2026-03-15T11:40:57Z WARNING bsky_collector_v2.job.index_feed_generators: listRecords failed repo=did:plc:yhp3z4i2xvwguxdztlycxy2b err=HttpError('InvalidRequest: Could not find repo: did:plc:yhp3z4i2xvwguxdztlycxy2b')
2026-03-15T11:40:57Z WARNING bsky_collector_v2.job.index_feed_generators: listRecords failed repo=did:plc:yhv2nvxhitm5e4gat5jqatlv err=HttpError('InvalidRequest: Could not find repo: did:plc:yhv2nvxhitm5e4gat5jqatlv')
2026-03-15T11:40:57Z WARNING bsky_collector_v2.job.index_feed_generators: listRecords failed repo=did:plc:yntq3osvmdzcrydctfiwkmri err=HttpError('InvalidRequest: Could not find repo: did:plc:yntq3osvmdzcrydctfiwkmri')
2026-03-15T11:40:57Z WARNING bsky_collector_v2.job.index_feed_generators: listRecords failed repo=did:plc:z2ifzr6ubhmw34zymi2dujb4 err=HttpError('InvalidRequest: Could not find repo: did:plc:z2ifzr6ubhmw34zymi2dujb4')
2026-03-15T11:40:57Z WARNING bsky_collector_v2.job.index_feed_generators: listRecords failed repo=did:plc:z2tz4mbad2ejtedryezd4iah err=HttpError('InvalidRequest: Could not find repo: did:plc:z2tz4mbad2ejtedryezd4iah')
2026-03-15T11:40:57Z WARNING bsky_collector_v2.job.index_feed_generators: listRecords failed repo=did:plc:z5ijv476plo6la47pcfszvlk err=HttpError('InvalidRequest: Could not find repo: did:plc:z5ijv476plo6la47pcfszvlk')
2026-03-15T11:40:57Z WARNING bsky_collector_v2.job.index_feed_generators: listRecords failed repo=did:plc:z5ki3ydz7nm3uwagz6vjevul err=HttpError('InvalidRequest: Could not find repo: did:plc:z5ki3ydz7nm3uwagz6vjevul')
2026-03-15T11:40:57Z WARNING bsky_collector_v2.job.index_feed_generators: listRecords failed repo=did:plc:zdu4uv5odw53ynnkzylmq5hl err=HttpError('InvalidRequest: Could not find repo: did:plc:zdu4uv5odw53ynnkzylmq5hl')
2026-03-15T11:40:57Z WARNING bsky_collector_v2.job.index_feed_generators: listRecords failed repo=did:plc:zf67d3wcnxpxmj5laxmcenoi err=HttpError('InvalidRequest: Could not find repo: did:plc:zf67d3wcnxpxmj5laxmcenoi')
2026-03-15T11:41:00Z WARNING bsky_collector_v2.job.index_feed_generators: listRecords failed repo=did:plc:zmtf64dlqylpqxymykgroor4 err=HttpError('RateLimitExceeded: Rate Limit Exceeded')
2026-03-15T11:41:04Z WARNING bsky_collector_v2.job.index_feed_generators: listRecords failed repo=did:plc:zqn3kqtubs7n3cn2ucqm2ty4 err=HttpError('RateLimitExceeded: Rate Limit Exceeded')
2026-03-15T11:41:08Z WARNING bsky_collector_v2.job.index_feed_generators: listRecords failed repo=did:plc:zthhawa5mkvermt4lmff7qkt err=HttpError('RateLimitExceeded: Rate Limit Exceeded')
