2026-03-21T21:32:34Z INFO bsky_collector_v2: out_base ok path=/Volumes/T9/BlueSky/data_v2_full mount=/Volumes/T9
2026-03-21T21:32:34Z INFO bsky_collector_v2: job start subcommand=index-feed-generators dry_run=False resume=True
2026-03-21T21:32:35Z INFO bsky_collector_v2.job.index_feed_generators: feed generator index hosts relay_host=https://bsky.network records_host=https://bsky.social auth=yes
2026-03-21T21:32:38Z WARNING bsky_collector_v2.job.index_feed_generators: listRecords failed repo=did:plc:3vwdg4ayvulq5zbgiydpiush err=HttpError('InvalidRequest: Could not find repo: did:plc:3vwdg4ayvulq5zbgiydpiush')
2026-03-21T21:32:52Z WARNING bsky_collector_v2.job.index_feed_generators: listRecords failed repo=did:plc:axrhi52c36emkfyjka5rpixr err=HttpError('InvalidRequest: Could not find repo: did:plc:axrhi52c36emkfyjka5rpixr')
2026-03-21T21:33:00Z WARNING bsky_collector_v2.job.index_feed_generators: listRecords failed repo=did:plc:dqgskmhloqo4iz4vpc7nnun2 err=HttpError('InvalidRequest: Could not find repo: did:plc:dqgskmhloqo4iz4vpc7nnun2')
2026-03-21T21:33:14Z WARNING bsky_collector_v2.job.index_feed_generators: listRecords failed repo=did:plc:ihj6qnwidykx62nbd3wdmic5 err=HttpError('InvalidRequest: Could not find repo: did:plc:ihj6qnwidykx62nbd3wdmic5')
2026-03-21T21:33:22Z WARNING bsky_collector_v2.job.index_feed_generators: listRecords failed repo=did:plc:lxsfj5tdjocq72hjzbp6akx6 err=HttpError('InvalidRequest: Could not find repo: did:plc:lxsfj5tdjocq72hjzbp6akx6')
2026-03-21T21:33:42Z WARNING bsky_collector_v2.job.index_feed_generators: listRecords failed repo=did:plc:svynuqhmmpilpjyxuc5igi6z err=HttpError('InvalidRequest: Could not find repo: did:plc:svynuqhmmpilpjyxuc5igi6z')
2026-03-21T21:34:01Z WARNING bsky_collector_v2.job.index_feed_generators: listRecords failed repo=did:plc:3vwdg4ayvulq5zbgiydpiush err=HttpError('InvalidRequest: Could not find repo: did:plc:3vwdg4ayvulq5zbgiydpiush')
2026-03-21T21:34:01Z WARNING bsky_collector_v2.job.index_feed_generators: listRecords failed repo=did:plc:axrhi52c36emkfyjka5rpixr err=HttpError('InvalidRequest: Could not find repo: did:plc:axrhi52c36emkfyjka5rpixr')
2026-03-21T21:34:01Z WARNING bsky_collector_v2.job.index_feed_generators: listRecords failed repo=did:plc:dqgskmhloqo4iz4vpc7nnun2 err=HttpError('InvalidRequest: Could not find repo: did:plc:dqgskmhloqo4iz4vpc7nnun2')
2026-03-21T21:34:02Z WARNING bsky_collector_v2.job.index_feed_generators: listRecords failed repo=did:plc:ihj6qnwidykx62nbd3wdmic5 err=HttpError('InvalidRequest: Could not find repo: did:plc:ihj6qnwidykx62nbd3wdmic5')
2026-03-21T21:34:02Z WARNING bsky_collector_v2.job.index_feed_generators: listRecords failed repo=did:plc:lxsfj5tdjocq72hjzbp6akx6 err=HttpError('InvalidRequest: Could not find repo: did:plc:lxsfj5tdjocq72hjzbp6akx6')
2026-03-21T21:34:02Z WARNING bsky_collector_v2.job.index_feed_generators: listRecords failed repo=did:plc:svynuqhmmpilpjyxuc5igi6z err=HttpError('InvalidRequest: Could not find repo: did:plc:svynuqhmmpilpjyxuc5igi6z')
2026-03-21T21:34:02Z WARNING bsky_collector_v2.job.index_feed_generators: listRecords failed repo=did:plc:3vwdg4ayvulq5zbgiydpiush err=HttpError('InvalidRequest: Could not find repo: did:plc:3vwdg4ayvulq5zbgiydpiush')
2026-03-21T21:34:02Z WARNING bsky_collector_v2.job.index_feed_generators: listRecords failed repo=did:plc:axrhi52c36emkfyjka5rpixr err=HttpError('InvalidRequest: Could not find repo: did:plc:axrhi52c36emkfyjka5rpixr')
2026-03-21T21:34:02Z WARNING bsky_collector_v2.job.index_feed_generators: listRecords failed repo=did:plc:dqgskmhloqo4iz4vpc7nnun2 err=HttpError('InvalidRequest: Could not find repo: did:plc:dqgskmhloqo4iz4vpc7nnun2')
2026-03-21T21:34:02Z WARNING bsky_collector_v2.job.index_feed_generators: listRecords failed repo=did:plc:ihj6qnwidykx62nbd3wdmic5 err=HttpError('InvalidRequest: Could not find repo: did:plc:ihj6qnwidykx62nbd3wdmic5')
2026-03-21T21:34:02Z WARNING bsky_collector_v2.job.index_feed_generators: listRecords failed repo=did:plc:lxsfj5tdjocq72hjzbp6akx6 err=HttpError('InvalidRequest: Could not find repo: did:plc:lxsfj5tdjocq72hjzbp6akx6')
2026-03-21T21:34:02Z WARNING bsky_collector_v2.job.index_feed_generators: listRecords failed repo=did:plc:svynuqhmmpilpjyxuc5igi6z err=HttpError('InvalidRequest: Could not find repo: did:plc:svynuqhmmpilpjyxuc5igi6z')
2026-03-21T21:34:03Z INFO bsky_collector_v2.job.index_feed_generators: enqueued repos page=1 mode=listRepos inserted=500 repos_returned=500 next_cursor=set
2026-03-21T21:34:30Z WARNING bsky_collector_v2.job.index_feed_generators: listRecords failed repo=did:plc:aww2vqssj5lchurd4xe3mvte err=HttpError('InvalidRequest: Could not find repo: did:plc:aww2vqssj5lchurd4xe3mvte')
2026-03-21T21:34:30Z WARNING bsky_collector_v2.job.index_feed_generators: listRecords failed repo=did:plc:b7pzq5fgqfmpdflzaj3wyaen err=HttpError('InvalidRequest: Could not find repo: did:plc:b7pzq5fgqfmpdflzaj3wyaen')
2026-03-21T21:34:43Z WARNING bsky_collector_v2.job.index_feed_generators: listRecords failed repo=did:plc:foy52yngkmcxvyyfu74e23lr err=HttpError('InvalidRequest: Could not find repo: did:plc:foy52yngkmcxvyyfu74e23lr')
2026-03-21T21:34:57Z WARNING bsky_collector_v2.job.index_feed_generators: listRecords failed repo=did:plc:m67akbj7r5gyomdwgzlnpvcq err=HttpError('InvalidRequest: Could not find repo: did:plc:m67akbj7r5gyomdwgzlnpvcq')
2026-03-21T21:34:59Z WARNING bsky_collector_v2.job.index_feed_generators: listRecords failed repo=did:plc:mnms26ljhs4jvan7vflicaeb err=HttpError('InvalidRequest: Could not find repo: did:plc:mnms26ljhs4jvan7vflicaeb')
2026-03-21T21:35:06Z WARNING bsky_collector_v2.job.index_feed_generators: listRecords failed repo=did:plc:oznyboh3rstkhuwhby66eso5 err=HttpError('InvalidRequest: Could not find repo: did:plc:oznyboh3rstkhuwhby66eso5')
2026-03-21T21:35:07Z WARNING bsky_collector_v2.job.index_feed_generators: listRecords failed repo=did:plc:pl6hofthsxj5lisdhspaqcls err=HttpError('InvalidRequest: Could not find repo: did:plc:pl6hofthsxj5lisdhspaqcls')
2026-03-21T21:35:16Z WARNING bsky_collector_v2.job.index_feed_generators: listRecords failed repo=did:plc:t7kdwhubnyyaym6dfzgsluae err=HttpError('InvalidRequest: Could not find repo: did:plc:t7kdwhubnyyaym6dfzgsluae')
2026-03-21T21:35:29Z WARNING bsky_collector_v2.job.index_feed_generators: listRecords failed repo=did:plc:xseusdrdw2puc6syssoqwlwy err=HttpError('InvalidRequest: Could not find repo: did:plc:xseusdrdw2puc6syssoqwlwy')
2026-03-21T21:35:32Z WARNING bsky_collector_v2.job.index_feed_generators: listRecords failed repo=did:plc:ylfl6wfu3ijqrchhjeiakur2 err=HttpError('InvalidRequest: Could not find repo: did:plc:ylfl6wfu3ijqrchhjeiakur2')
2026-03-21T21:35:36Z WARNING bsky_collector_v2.job.index_feed_generators: listRecords failed repo=did:plc:aww2vqssj5lchurd4xe3mvte err=HttpError('InvalidRequest: Could not find repo: did:plc:aww2vqssj5lchurd4xe3mvte')
2026-03-21T21:35:36Z WARNING bsky_collector_v2.job.index_feed_generators: listRecords failed repo=did:plc:b7pzq5fgqfmpdflzaj3wyaen err=HttpError('InvalidRequest: Could not find repo: did:plc:b7pzq5fgqfmpdflzaj3wyaen')
2026-03-21T21:35:36Z WARNING bsky_collector_v2.job.index_feed_generators: listRecords failed repo=did:plc:foy52yngkmcxvyyfu74e23lr err=HttpError('InvalidRequest: Could not find repo: did:plc:foy52yngkmcxvyyfu74e23lr')
2026-03-21T21:35:36Z WARNING bsky_collector_v2.job.index_feed_generators: listRecords failed repo=did:plc:m67akbj7r5gyomdwgzlnpvcq err=HttpError('InvalidRequest: Could not find repo: did:plc:m67akbj7r5gyomdwgzlnpvcq')
2026-03-21T21:35:36Z WARNING bsky_collector_v2.job.index_feed_generators: listRecords failed repo=did:plc:mnms26ljhs4jvan7vflicaeb err=HttpError('InvalidRequest: Could not find repo: did:plc:mnms26ljhs4jvan7vflicaeb')
2026-03-21T21:35:36Z WARNING bsky_collector_v2.job.index_feed_generators: listRecords failed repo=did:plc:oznyboh3rstkhuwhby66eso5 err=HttpError('InvalidRequest: Could not find repo: did:plc:oznyboh3rstkhuwhby66eso5')
2026-03-21T21:35:36Z WARNING bsky_collector_v2.job.index_feed_generators: listRecords failed repo=did:plc:pl6hofthsxj5lisdhspaqcls err=HttpError('InvalidRequest: Could not find repo: did:plc:pl6hofthsxj5lisdhspaqcls')
2026-03-21T21:35:36Z WARNING bsky_collector_v2.job.index_feed_generators: listRecords failed repo=did:plc:t7kdwhubnyyaym6dfzgsluae err=HttpError('InvalidRequest: Could not find repo: did:plc:t7kdwhubnyyaym6dfzgsluae')
2026-03-21T21:35:36Z WARNING bsky_collector_v2.job.index_feed_generators: listRecords failed repo=did:plc:xseusdrdw2puc6syssoqwlwy err=HttpError('InvalidRequest: Could not find repo: did:plc:xseusdrdw2puc6syssoqwlwy')
2026-03-21T21:35:36Z WARNING bsky_collector_v2.job.index_feed_generators: listRecords failed repo=did:plc:ylfl6wfu3ijqrchhjeiakur2 err=HttpError('InvalidRequest: Could not find repo: did:plc:ylfl6wfu3ijqrchhjeiakur2')
2026-03-21T21:35:36Z WARNING bsky_collector_v2.job.index_feed_generators: listRecords failed repo=did:plc:aww2vqssj5lchurd4xe3mvte err=HttpError('InvalidRequest: Could not find repo: did:plc:aww2vqssj5lchurd4xe3mvte')
2026-03-21T21:35:36Z WARNING bsky_collector_v2.job.index_feed_generators: listRecords failed repo=did:plc:b7pzq5fgqfmpdflzaj3wyaen err=HttpError('InvalidRequest: Could not find repo: did:plc:b7pzq5fgqfmpdflzaj3wyaen')
2026-03-21T21:35:36Z WARNING bsky_collector_v2.job.index_feed_generators: listRecords failed repo=did:plc:foy52yngkmcxvyyfu74e23lr err=HttpError('InvalidRequest: Could not find repo: did:plc:foy52yngkmcxvyyfu74e23lr')
2026-03-21T21:35:37Z WARNING bsky_collector_v2.job.index_feed_generators: listRecords failed repo=did:plc:m67akbj7r5gyomdwgzlnpvcq err=HttpError('InvalidRequest: Could not find repo: did:plc:m67akbj7r5gyomdwgzlnpvcq')
2026-03-21T21:35:37Z WARNING bsky_collector_v2.job.index_feed_generators: listRecords failed repo=did:plc:mnms26ljhs4jvan7vflicaeb err=HttpError('InvalidRequest: Could not find repo: did:plc:mnms26ljhs4jvan7vflicaeb')
2026-03-21T21:35:37Z WARNING bsky_collector_v2.job.index_feed_generators: listRecords failed repo=did:plc:oznyboh3rstkhuwhby66eso5 err=HttpError('InvalidRequest: Could not find repo: did:plc:oznyboh3rstkhuwhby66eso5')
2026-03-21T21:35:37Z WARNING bsky_collector_v2.job.index_feed_generators: listRecords failed repo=did:plc:pl6hofthsxj5lisdhspaqcls err=HttpError('InvalidRequest: Could not find repo: did:plc:pl6hofthsxj5lisdhspaqcls')
2026-03-21T21:35:37Z WARNING bsky_collector_v2.job.index_feed_generators: listRecords failed repo=did:plc:t7kdwhubnyyaym6dfzgsluae err=HttpError('InvalidRequest: Could not find repo: did:plc:t7kdwhubnyyaym6dfzgsluae')
2026-03-21T21:35:37Z WARNING bsky_collector_v2.job.index_feed_generators: listRecords failed repo=did:plc:xseusdrdw2puc6syssoqwlwy err=HttpError('InvalidRequest: Could not find repo: did:plc:xseusdrdw2puc6syssoqwlwy')
2026-03-21T21:35:37Z WARNING bsky_collector_v2.job.index_feed_generators: listRecords failed repo=did:plc:ylfl6wfu3ijqrchhjeiakur2 err=HttpError('InvalidRequest: Could not find repo: did:plc:ylfl6wfu3ijqrchhjeiakur2')
2026-03-21T21:35:38Z INFO bsky_collector_v2.job.index_feed_generators: enqueued repos page=2 mode=listRepos inserted=500 repos_returned=500 next_cursor=set
2026-03-21T21:35:42Z WARNING bsky_collector_v2.job.index_feed_generators: listRecords failed repo=did:plc:3r7y3jinj6f4zzswv5okdv2j err=HttpError('InvalidRequest: Could not find repo: did:plc:3r7y3jinj6f4zzswv5okdv2j')
2026-03-21T21:35:52Z WARNING bsky_collector_v2.job.index_feed_generators: listRecords failed repo=did:plc:ag3h63i5icxcqh5ofhpepz5z err=HttpError('InvalidRequest: Could not find repo: did:plc:ag3h63i5icxcqh5ofhpepz5z')
2026-03-21T21:35:55Z WARNING bsky_collector_v2.job.index_feed_generators: listRecords failed repo=did:plc:bgv3jfxwvquk7xo63a7aj5wh err=HttpError('InvalidRequest: Could not find repo: did:plc:bgv3jfxwvquk7xo63a7aj5wh')
2026-03-21T21:35:56Z WARNING bsky_collector_v2.job.index_feed_generators: listRecords failed repo=did:plc:btz6qm7q4jmiqekbxglknytb err=HttpError('InvalidRequest: Could not find repo: did:plc:btz6qm7q4jmiqekbxglknytb')
2026-03-21T21:36:03Z WARNING bsky_collector_v2.job.index_feed_generators: listRecords failed repo=did:plc:fk3h4x6ilx74mivgw77dmwkj err=HttpError('InvalidRequest: Could not find repo: did:plc:fk3h4x6ilx74mivgw77dmwkj')
2026-03-21T21:36:14Z WARNING bsky_collector_v2.job.index_feed_generators: listRecords failed repo=did:plc:jheme66ykfthe4fhob2e24kb err=HttpError('InvalidRequest: Could not find repo: did:plc:jheme66ykfthe4fhob2e24kb')
2026-03-21T21:36:18Z WARNING bsky_collector_v2.job.index_feed_generators: listRecords failed repo=did:plc:kuogevp4hfp3tb3wa4ctunfa err=HttpError('InvalidRequest: Could not find repo: did:plc:kuogevp4hfp3tb3wa4ctunfa')
2026-03-21T21:36:41Z WARNING bsky_collector_v2.job.index_feed_generators: listRecords failed repo=did:plc:sf7x43g35wfqaqnpopkgtuou err=HttpError('InvalidRequest: Could not find repo: did:plc:sf7x43g35wfqaqnpopkgtuou')
2026-03-21T21:36:42Z WARNING bsky_collector_v2.job.index_feed_generators: listRecords failed repo=did:plc:tduuhc6eiqvnn5tms5y7wru6 err=HttpError('InvalidRequest: Could not find repo: did:plc:tduuhc6eiqvnn5tms5y7wru6')
2026-03-21T21:36:44Z WARNING bsky_collector_v2.job.index_feed_generators: listRecords failed repo=did:plc:txqs2gx3bcnttgigk73fzwef err=HttpError('InvalidRequest: Could not find repo: did:plc:txqs2gx3bcnttgigk73fzwef')
2026-03-21T21:36:58Z WARNING bsky_collector_v2.job.index_feed_generators: listRecords failed repo=did:plc:yicrexq3fadaafsgmikqkwyu err=HttpError('InvalidRequest: Could not find repo: did:plc:yicrexq3fadaafsgmikqkwyu')
2026-03-21T21:37:01Z WARNING bsky_collector_v2.job.index_feed_generators: listRecords failed repo=did:plc:yo4s2ehy6a6xsydrk22gctyf err=HttpError('InvalidRequest: Could not find repo: did:plc:yo4s2ehy6a6xsydrk22gctyf')
2026-03-21T21:37:07Z WARNING bsky_collector_v2.job.index_feed_generators: listRecords failed repo=did:plc:3r7y3jinj6f4zzswv5okdv2j err=HttpError('InvalidRequest: Could not find repo: did:plc:3r7y3jinj6f4zzswv5okdv2j')
2026-03-21T21:37:07Z WARNING bsky_collector_v2.job.index_feed_generators: listRecords failed repo=did:plc:ag3h63i5icxcqh5ofhpepz5z err=HttpError('InvalidRequest: Could not find repo: did:plc:ag3h63i5icxcqh5ofhpepz5z')
2026-03-21T21:37:07Z WARNING bsky_collector_v2.job.index_feed_generators: listRecords failed repo=did:plc:bgv3jfxwvquk7xo63a7aj5wh err=HttpError('InvalidRequest: Could not find repo: did:plc:bgv3jfxwvquk7xo63a7aj5wh')
2026-03-21T21:37:07Z WARNING bsky_collector_v2.job.index_feed_generators: listRecords failed repo=did:plc:btz6qm7q4jmiqekbxglknytb err=HttpError('InvalidRequest: Could not find repo: did:plc:btz6qm7q4jmiqekbxglknytb')
2026-03-21T21:37:07Z WARNING bsky_collector_v2.job.index_feed_generators: listRecords failed repo=did:plc:fk3h4x6ilx74mivgw77dmwkj err=HttpError('InvalidRequest: Could not find repo: did:plc:fk3h4x6ilx74mivgw77dmwkj')
2026-03-21T21:37:07Z WARNING bsky_collector_v2.job.index_feed_generators: listRecords failed repo=did:plc:jheme66ykfthe4fhob2e24kb err=HttpError('InvalidRequest: Could not find repo: did:plc:jheme66ykfthe4fhob2e24kb')
2026-03-21T21:37:08Z WARNING bsky_collector_v2.job.index_feed_generators: listRecords failed repo=did:plc:kuogevp4hfp3tb3wa4ctunfa err=HttpError('InvalidRequest: Could not find repo: did:plc:kuogevp4hfp3tb3wa4ctunfa')
2026-03-21T21:37:08Z WARNING bsky_collector_v2.job.index_feed_generators: listRecords failed repo=did:plc:sf7x43g35wfqaqnpopkgtuou err=HttpError('InvalidRequest: Could not find repo: did:plc:sf7x43g35wfqaqnpopkgtuou')
2026-03-21T21:37:08Z WARNING bsky_collector_v2.job.index_feed_generators: listRecords failed repo=did:plc:tduuhc6eiqvnn5tms5y7wru6 err=HttpError('InvalidRequest: Could not find repo: did:plc:tduuhc6eiqvnn5tms5y7wru6')
2026-03-21T21:37:08Z WARNING bsky_collector_v2.job.index_feed_generators: listRecords failed repo=did:plc:txqs2gx3bcnttgigk73fzwef err=HttpError('InvalidRequest: Could not find repo: did:plc:txqs2gx3bcnttgigk73fzwef')
2026-03-21T21:37:08Z WARNING bsky_collector_v2.job.index_feed_generators: listRecords failed repo=did:plc:yicrexq3fadaafsgmikqkwyu err=HttpError('InvalidRequest: Could not find repo: did:plc:yicrexq3fadaafsgmikqkwyu')
2026-03-21T21:37:08Z WARNING bsky_collector_v2.job.index_feed_generators: listRecords failed repo=did:plc:yo4s2ehy6a6xsydrk22gctyf err=HttpError('InvalidRequest: Could not find repo: did:plc:yo4s2ehy6a6xsydrk22gctyf')
2026-03-21T21:37:08Z WARNING bsky_collector_v2.job.index_feed_generators: listRecords failed repo=did:plc:3r7y3jinj6f4zzswv5okdv2j err=HttpError('InvalidRequest: Could not find repo: did:plc:3r7y3jinj6f4zzswv5okdv2j')
2026-03-21T21:37:08Z WARNING bsky_collector_v2.job.index_feed_generators: listRecords failed repo=did:plc:ag3h63i5icxcqh5ofhpepz5z err=HttpError('InvalidRequest: Could not find repo: did:plc:ag3h63i5icxcqh5ofhpepz5z')
2026-03-21T21:37:08Z WARNING bsky_collector_v2.job.index_feed_generators: listRecords failed repo=did:plc:bgv3jfxwvquk7xo63a7aj5wh err=HttpError('InvalidRequest: Could not find repo: did:plc:bgv3jfxwvquk7xo63a7aj5wh')
2026-03-21T21:37:09Z WARNING bsky_collector_v2.job.index_feed_generators: listRecords failed repo=did:plc:btz6qm7q4jmiqekbxglknytb err=HttpError('InvalidRequest: Could not find repo: did:plc:btz6qm7q4jmiqekbxglknytb')
2026-03-21T21:37:09Z WARNING bsky_collector_v2.job.index_feed_generators: listRecords failed repo=did:plc:fk3h4x6ilx74mivgw77dmwkj err=HttpError('InvalidRequest: Could not find repo: did:plc:fk3h4x6ilx74mivgw77dmwkj')
2026-03-21T21:37:09Z WARNING bsky_collector_v2.job.index_feed_generators: listRecords failed repo=did:plc:jheme66ykfthe4fhob2e24kb err=HttpError('InvalidRequest: Could not find repo: did:plc:jheme66ykfthe4fhob2e24kb')
2026-03-21T21:37:09Z WARNING bsky_collector_v2.job.index_feed_generators: listRecords failed repo=did:plc:kuogevp4hfp3tb3wa4ctunfa err=HttpError('InvalidRequest: Could not find repo: did:plc:kuogevp4hfp3tb3wa4ctunfa')
2026-03-21T21:37:09Z WARNING bsky_collector_v2.job.index_feed_generators: listRecords failed repo=did:plc:sf7x43g35wfqaqnpopkgtuou err=HttpError('InvalidRequest: Could not find repo: did:plc:sf7x43g35wfqaqnpopkgtuou')
2026-03-21T21:37:09Z WARNING bsky_collector_v2.job.index_feed_generators: listRecords failed repo=did:plc:tduuhc6eiqvnn5tms5y7wru6 err=HttpError('InvalidRequest: Could not find repo: did:plc:tduuhc6eiqvnn5tms5y7wru6')
2026-03-21T21:37:09Z WARNING bsky_collector_v2.job.index_feed_generators: listRecords failed repo=did:plc:txqs2gx3bcnttgigk73fzwef err=HttpError('InvalidRequest: Could not find repo: did:plc:txqs2gx3bcnttgigk73fzwef')
2026-03-21T21:37:09Z WARNING bsky_collector_v2.job.index_feed_generators: listRecords failed repo=did:plc:yicrexq3fadaafsgmikqkwyu err=HttpError('InvalidRequest: Could not find repo: did:plc:yicrexq3fadaafsgmikqkwyu')
2026-03-21T21:37:09Z WARNING bsky_collector_v2.job.index_feed_generators: listRecords failed repo=did:plc:yo4s2ehy6a6xsydrk22gctyf err=HttpError('InvalidRequest: Could not find repo: did:plc:yo4s2ehy6a6xsydrk22gctyf')
2026-03-21T21:37:10Z INFO bsky_collector_v2.job.index_feed_generators: enqueued repos page=3 mode=listRepos inserted=500 repos_returned=500 next_cursor=set
2026-03-21T21:37:26Z INFO bsky_collector_v2.job.index_feed_generators: indexed repo=did:plc:737potmw5ogqenvnmsqdwlkp part=210 records=2 next_cursor=set
2026-03-21T21:37:41Z WARNING bsky_collector_v2.job.index_feed_generators: listRecords failed repo=did:plc:eswyje5lmejivt2zugxngga2 err=HttpError('InvalidRequest: Could not find repo: did:plc:eswyje5lmejivt2zugxngga2')
2026-03-21T21:37:47Z WARNING bsky_collector_v2.job.index_feed_generators: listRecords failed repo=did:plc:hegfwhwvzjjgm6vc5bya2rgu err=HttpError('InvalidRequest: Could not find repo: did:plc:hegfwhwvzjjgm6vc5bya2rgu')
2026-03-21T21:38:22Z WARNING bsky_collector_v2.job.index_feed_generators: listRecords failed repo=did:plc:pizdhcxrptjpqzjjlxd733id err=HttpError('InvalidRequest: Could not find repo: did:plc:pizdhcxrptjpqzjjlxd733id')
2026-03-21T21:38:26Z WARNING bsky_collector_v2.job.index_feed_generators: listRecords failed repo=did:plc:rbmykim45uf6mtk72b5eofge err=HttpError('InvalidRequest: Could not find repo: did:plc:rbmykim45uf6mtk72b5eofge')
2026-03-21T21:38:29Z WARNING bsky_collector_v2.job.index_feed_generators: listRecords failed repo=did:plc:sd4k6t6zcz7d7qjebui5lbmg err=HttpError('InvalidRequest: Could not find repo: did:plc:sd4k6t6zcz7d7qjebui5lbmg')
2026-03-21T21:38:46Z WARNING bsky_collector_v2.job.index_feed_generators: listRecords failed repo=did:plc:yerox3uygdmtmrme3yjqf75d err=HttpError('InvalidRequest: Could not find repo: did:plc:yerox3uygdmtmrme3yjqf75d')
2026-03-21T21:38:49Z WARNING bsky_collector_v2.job.index_feed_generators: listRecords failed repo=did:plc:eswyje5lmejivt2zugxngga2 err=HttpError('InvalidRequest: Could not find repo: did:plc:eswyje5lmejivt2zugxngga2')
2026-03-21T21:38:49Z WARNING bsky_collector_v2.job.index_feed_generators: listRecords failed repo=did:plc:hegfwhwvzjjgm6vc5bya2rgu err=HttpError('InvalidRequest: Could not find repo: did:plc:hegfwhwvzjjgm6vc5bya2rgu')
2026-03-21T21:38:49Z WARNING bsky_collector_v2.job.index_feed_generators: listRecords failed repo=did:plc:pizdhcxrptjpqzjjlxd733id err=HttpError('InvalidRequest: Could not find repo: did:plc:pizdhcxrptjpqzjjlxd733id')
2026-03-21T21:38:49Z WARNING bsky_collector_v2.job.index_feed_generators: listRecords failed repo=did:plc:rbmykim45uf6mtk72b5eofge err=HttpError('InvalidRequest: Could not find repo: did:plc:rbmykim45uf6mtk72b5eofge')
2026-03-21T21:38:49Z WARNING bsky_collector_v2.job.index_feed_generators: listRecords failed repo=did:plc:sd4k6t6zcz7d7qjebui5lbmg err=HttpError('InvalidRequest: Could not find repo: did:plc:sd4k6t6zcz7d7qjebui5lbmg')
2026-03-21T21:38:49Z WARNING bsky_collector_v2.job.index_feed_generators: listRecords failed repo=did:plc:yerox3uygdmtmrme3yjqf75d err=HttpError('InvalidRequest: Could not find repo: did:plc:yerox3uygdmtmrme3yjqf75d')
2026-03-21T21:38:49Z WARNING bsky_collector_v2.job.index_feed_generators: listRecords failed repo=did:plc:eswyje5lmejivt2zugxngga2 err=HttpError('InvalidRequest: Could not find repo: did:plc:eswyje5lmejivt2zugxngga2')
2026-03-21T21:38:49Z WARNING bsky_collector_v2.job.index_feed_generators: listRecords failed repo=did:plc:hegfwhwvzjjgm6vc5bya2rgu err=HttpError('InvalidRequest: Could not find repo: did:plc:hegfwhwvzjjgm6vc5bya2rgu')
2026-03-21T21:38:49Z WARNING bsky_collector_v2.job.index_feed_generators: listRecords failed repo=did:plc:pizdhcxrptjpqzjjlxd733id err=HttpError('InvalidRequest: Could not find repo: did:plc:pizdhcxrptjpqzjjlxd733id')
2026-03-21T21:38:49Z WARNING bsky_collector_v2.job.index_feed_generators: listRecords failed repo=did:plc:rbmykim45uf6mtk72b5eofge err=HttpError('InvalidRequest: Could not find repo: did:plc:rbmykim45uf6mtk72b5eofge')
2026-03-21T21:38:50Z WARNING bsky_collector_v2.job.index_feed_generators: listRecords failed repo=did:plc:sd4k6t6zcz7d7qjebui5lbmg err=HttpError('InvalidRequest: Could not find repo: did:plc:sd4k6t6zcz7d7qjebui5lbmg')
2026-03-21T21:38:50Z WARNING bsky_collector_v2.job.index_feed_generators: listRecords failed repo=did:plc:yerox3uygdmtmrme3yjqf75d err=HttpError('InvalidRequest: Could not find repo: did:plc:yerox3uygdmtmrme3yjqf75d')
2026-03-21T21:38:50Z INFO bsky_collector_v2.job.index_feed_generators: enqueued repos page=4 mode=listRepos inserted=500 repos_returned=500 next_cursor=set
2026-03-21T21:39:11Z WARNING bsky_collector_v2.job.index_feed_generators: listRecords failed repo=did:plc:bqd6uk7mtnizj3sbijgbtlji err=HttpError('InvalidRequest: Could not find repo: did:plc:bqd6uk7mtnizj3sbijgbtlji')
2026-03-21T21:39:16Z WARNING bsky_collector_v2.job.index_feed_generators: listRecords failed repo=did:plc:e4lqovygvt27i55dpsxksddy err=HttpError('InvalidRequest: Could not find repo: did:plc:e4lqovygvt27i55dpsxksddy')
2026-03-21T21:39:40Z WARNING bsky_collector_v2.job.index_feed_generators: listRecords failed repo=did:plc:lq3t7msimwdcim7yhtakiq77 err=HttpError('InvalidRequest: Could not find repo: did:plc:lq3t7msimwdcim7yhtakiq77')
2026-03-21T21:39:45Z WARNING bsky_collector_v2.job.index_feed_generators: listRecords failed repo=did:plc:nuwt2tn5xncpawh6ufynr732 err=HttpError('InvalidRequest: Could not find repo: did:plc:nuwt2tn5xncpawh6ufynr732')
2026-03-21T21:39:46Z WARNING bsky_collector_v2.job.index_feed_generators: listRecords failed repo=did:plc:nxckssxmx7o67rdmxqkj6fkv err=HttpError('InvalidRequest: Could not find repo: did:plc:nxckssxmx7o67rdmxqkj6fkv')
2026-03-21T21:39:48Z WARNING bsky_collector_v2.job.index_feed_generators: listRecords failed repo=did:plc:ot3gn2564phd5id5humxelcz err=HttpError('InvalidRequest: Could not find repo: did:plc:ot3gn2564phd5id5humxelcz')
2026-03-21T21:40:30Z WARNING bsky_collector_v2.job.index_feed_generators: listRecords failed repo=did:plc:bqd6uk7mtnizj3sbijgbtlji err=HttpError('InvalidRequest: Could not find repo: did:plc:bqd6uk7mtnizj3sbijgbtlji')
2026-03-21T21:40:30Z WARNING bsky_collector_v2.job.index_feed_generators: listRecords failed repo=did:plc:e4lqovygvt27i55dpsxksddy err=HttpError('InvalidRequest: Could not find repo: did:plc:e4lqovygvt27i55dpsxksddy')
2026-03-21T21:40:30Z WARNING bsky_collector_v2.job.index_feed_generators: listRecords failed repo=did:plc:lq3t7msimwdcim7yhtakiq77 err=HttpError('InvalidRequest: Could not find repo: did:plc:lq3t7msimwdcim7yhtakiq77')
2026-03-21T21:40:30Z WARNING bsky_collector_v2.job.index_feed_generators: listRecords failed repo=did:plc:nuwt2tn5xncpawh6ufynr732 err=HttpError('InvalidRequest: Could not find repo: did:plc:nuwt2tn5xncpawh6ufynr732')
2026-03-21T21:40:30Z WARNING bsky_collector_v2.job.index_feed_generators: listRecords failed repo=did:plc:nxckssxmx7o67rdmxqkj6fkv err=HttpError('InvalidRequest: Could not find repo: did:plc:nxckssxmx7o67rdmxqkj6fkv')
2026-03-21T21:40:30Z WARNING bsky_collector_v2.job.index_feed_generators: listRecords failed repo=did:plc:ot3gn2564phd5id5humxelcz err=HttpError('InvalidRequest: Could not find repo: did:plc:ot3gn2564phd5id5humxelcz')
2026-03-21T21:40:30Z WARNING bsky_collector_v2.job.index_feed_generators: listRecords failed repo=did:plc:bqd6uk7mtnizj3sbijgbtlji err=HttpError('InvalidRequest: Could not find repo: did:plc:bqd6uk7mtnizj3sbijgbtlji')
2026-03-21T21:40:30Z WARNING bsky_collector_v2.job.index_feed_generators: listRecords failed repo=did:plc:e4lqovygvt27i55dpsxksddy err=HttpError('InvalidRequest: Could not find repo: did:plc:e4lqovygvt27i55dpsxksddy')
2026-03-21T21:40:30Z WARNING bsky_collector_v2.job.index_feed_generators: listRecords failed repo=did:plc:lq3t7msimwdcim7yhtakiq77 err=HttpError('InvalidRequest: Could not find repo: did:plc:lq3t7msimwdcim7yhtakiq77')
2026-03-21T21:40:31Z WARNING bsky_collector_v2.job.index_feed_generators: listRecords failed repo=did:plc:nuwt2tn5xncpawh6ufynr732 err=HttpError('InvalidRequest: Could not find repo: did:plc:nuwt2tn5xncpawh6ufynr732')
2026-03-21T21:40:31Z WARNING bsky_collector_v2.job.index_feed_generators: listRecords failed repo=did:plc:nxckssxmx7o67rdmxqkj6fkv err=HttpError('InvalidRequest: Could not find repo: did:plc:nxckssxmx7o67rdmxqkj6fkv')
2026-03-21T21:40:31Z WARNING bsky_collector_v2.job.index_feed_generators: listRecords failed repo=did:plc:ot3gn2564phd5id5humxelcz err=HttpError('InvalidRequest: Could not find repo: did:plc:ot3gn2564phd5id5humxelcz')
2026-03-21T21:40:31Z INFO bsky_collector_v2.job.index_feed_generators: enqueued repos page=5 mode=listRepos inserted=500 repos_returned=500 next_cursor=set
2026-03-21T21:42:04Z INFO bsky_collector_v2.job.index_feed_generators: enqueued repos page=6 mode=listRepos inserted=500 repos_returned=500 next_cursor=set
2026-03-21T21:42:06Z WARNING bsky_collector_v2.job.index_feed_generators: listRecords failed repo=did:plc:2or3rfylz3yyzviszdk5lk5r err=HttpError('InvalidRequest: Could not find repo: did:plc:2or3rfylz3yyzviszdk5lk5r')
2026-03-21T21:42:07Z WARNING bsky_collector_v2.job.index_feed_generators: listRecords failed repo=did:plc:2tbxdpxjkfxalmnjtndc6m5l err=HttpError('InvalidRequest: Could not find repo: did:plc:2tbxdpxjkfxalmnjtndc6m5l')
2026-03-21T21:42:18Z WARNING bsky_collector_v2.job.index_feed_generators: listRecords failed repo=did:plc:6ixslbmjsj5aoeoqzdng3sel err=HttpError('InvalidRequest: Could not find repo: did:plc:6ixslbmjsj5aoeoqzdng3sel')
2026-03-21T21:42:20Z WARNING bsky_collector_v2.job.index_feed_generators: listRecords failed repo=did:plc:7d3qdlyo3cs2qw7ewcctdvx2 err=HttpError('InvalidRequest: Could not find repo: did:plc:7d3qdlyo3cs2qw7ewcctdvx2')
2026-03-21T21:42:21Z WARNING bsky_collector_v2.job.index_feed_generators: listRecords failed repo=did:plc:7gj66kabcneszpieqxndl44b err=HttpError('InvalidRequest: Could not find repo: did:plc:7gj66kabcneszpieqxndl44b')
2026-03-21T21:42:21Z WARNING bsky_collector_v2.job.index_feed_generators: listRecords failed repo=did:plc:7h6islbguoz5lgflwyfkqn7y err=HttpError('InvalidRequest: Could not find repo: did:plc:7h6islbguoz5lgflwyfkqn7y')
2026-03-21T21:42:34Z WARNING bsky_collector_v2.job.index_feed_generators: listRecords failed repo=did:plc:doybbeukugcprgwgx3xfddk4 err=HttpError('InvalidRequest: Could not find repo: did:plc:doybbeukugcprgwgx3xfddk4')
2026-03-21T21:42:37Z WARNING bsky_collector_v2.job.index_feed_generators: listRecords failed repo=did:plc:fd4qc7hhlbxvrldzlgpjdx6q err=HttpError('InvalidRequest: Could not find repo: did:plc:fd4qc7hhlbxvrldzlgpjdx6q')
2026-03-21T21:42:57Z WARNING bsky_collector_v2.job.index_feed_generators: listRecords failed repo=did:plc:mxxifllj32npppziobbvx3tg err=HttpError('InvalidRequest: Could not find repo: did:plc:mxxifllj32npppziobbvx3tg')
2026-03-21T21:43:08Z WARNING bsky_collector_v2.job.index_feed_generators: listRecords failed repo=did:plc:qg24cykww2du2xbcqv5rwzt3 err=HttpError('InvalidRequest: Could not find repo: did:plc:qg24cykww2du2xbcqv5rwzt3')
2026-03-21T21:43:12Z WARNING bsky_collector_v2.job.index_feed_generators: listRecords failed repo=did:plc:scajvkurjjlvvwmo3czfsgjd err=HttpError('InvalidRequest: Could not find repo: did:plc:scajvkurjjlvvwmo3czfsgjd')
2026-03-21T21:43:22Z WARNING bsky_collector_v2.job.index_feed_generators: listRecords failed repo=did:plc:v3b3cnli33exlnkqbiyeenyt err=HttpError('InvalidRequest: Could not find repo: did:plc:v3b3cnli33exlnkqbiyeenyt')
2026-03-21T21:43:33Z WARNING bsky_collector_v2.job.index_feed_generators: listRecords failed repo=did:plc:yzyor6endi3g76xj4auw45bv err=HttpError('InvalidRequest: Could not find repo: did:plc:yzyor6endi3g76xj4auw45bv')
2026-03-21T21:43:36Z WARNING bsky_collector_v2.job.index_feed_generators: listRecords failed repo=did:plc:2or3rfylz3yyzviszdk5lk5r err=HttpError('InvalidRequest: Could not find repo: did:plc:2or3rfylz3yyzviszdk5lk5r')
2026-03-21T21:43:36Z WARNING bsky_collector_v2.job.index_feed_generators: listRecords failed repo=did:plc:2tbxdpxjkfxalmnjtndc6m5l err=HttpError('InvalidRequest: Could not find repo: did:plc:2tbxdpxjkfxalmnjtndc6m5l')
2026-03-21T21:43:36Z WARNING bsky_collector_v2.job.index_feed_generators: listRecords failed repo=did:plc:6ixslbmjsj5aoeoqzdng3sel err=HttpError('InvalidRequest: Could not find repo: did:plc:6ixslbmjsj5aoeoqzdng3sel')
2026-03-21T21:43:36Z WARNING bsky_collector_v2.job.index_feed_generators: listRecords failed repo=did:plc:7d3qdlyo3cs2qw7ewcctdvx2 err=HttpError('InvalidRequest: Could not find repo: did:plc:7d3qdlyo3cs2qw7ewcctdvx2')
2026-03-21T21:43:36Z WARNING bsky_collector_v2.job.index_feed_generators: listRecords failed repo=did:plc:7gj66kabcneszpieqxndl44b err=HttpError('InvalidRequest: Could not find repo: did:plc:7gj66kabcneszpieqxndl44b')
2026-03-21T21:43:36Z WARNING bsky_collector_v2.job.index_feed_generators: listRecords failed repo=did:plc:7h6islbguoz5lgflwyfkqn7y err=HttpError('InvalidRequest: Could not find repo: did:plc:7h6islbguoz5lgflwyfkqn7y')
2026-03-21T21:43:36Z WARNING bsky_collector_v2.job.index_feed_generators: listRecords failed repo=did:plc:doybbeukugcprgwgx3xfddk4 err=HttpError('InvalidRequest: Could not find repo: did:plc:doybbeukugcprgwgx3xfddk4')
2026-03-21T21:43:36Z WARNING bsky_collector_v2.job.index_feed_generators: listRecords failed repo=did:plc:fd4qc7hhlbxvrldzlgpjdx6q err=HttpError('InvalidRequest: Could not find repo: did:plc:fd4qc7hhlbxvrldzlgpjdx6q')
2026-03-21T21:43:36Z WARNING bsky_collector_v2.job.index_feed_generators: listRecords failed repo=did:plc:mxxifllj32npppziobbvx3tg err=HttpError('InvalidRequest: Could not find repo: did:plc:mxxifllj32npppziobbvx3tg')
2026-03-21T21:43:36Z WARNING bsky_collector_v2.job.index_feed_generators: listRecords failed repo=did:plc:qg24cykww2du2xbcqv5rwzt3 err=HttpError('InvalidRequest: Could not find repo: did:plc:qg24cykww2du2xbcqv5rwzt3')
2026-03-21T21:43:36Z WARNING bsky_collector_v2.job.index_feed_generators: listRecords failed repo=did:plc:scajvkurjjlvvwmo3czfsgjd err=HttpError('InvalidRequest: Could not find repo: did:plc:scajvkurjjlvvwmo3czfsgjd')
2026-03-21T21:43:36Z WARNING bsky_collector_v2.job.index_feed_generators: listRecords failed repo=did:plc:v3b3cnli33exlnkqbiyeenyt err=HttpError('InvalidRequest: Could not find repo: did:plc:v3b3cnli33exlnkqbiyeenyt')
2026-03-21T21:43:36Z WARNING bsky_collector_v2.job.index_feed_generators: listRecords failed repo=did:plc:yzyor6endi3g76xj4auw45bv err=HttpError('InvalidRequest: Could not find repo: did:plc:yzyor6endi3g76xj4auw45bv')
2026-03-21T21:43:36Z WARNING bsky_collector_v2.job.index_feed_generators: listRecords failed repo=did:plc:2or3rfylz3yyzviszdk5lk5r err=HttpError('InvalidRequest: Could not find repo: did:plc:2or3rfylz3yyzviszdk5lk5r')
2026-03-21T21:43:36Z WARNING bsky_collector_v2.job.index_feed_generators: listRecords failed repo=did:plc:2tbxdpxjkfxalmnjtndc6m5l err=HttpError('InvalidRequest: Could not find repo: did:plc:2tbxdpxjkfxalmnjtndc6m5l')
2026-03-21T21:43:37Z WARNING bsky_collector_v2.job.index_feed_generators: listRecords failed repo=did:plc:6ixslbmjsj5aoeoqzdng3sel err=HttpError('InvalidRequest: Could not find repo: did:plc:6ixslbmjsj5aoeoqzdng3sel')
2026-03-21T21:43:37Z WARNING bsky_collector_v2.job.index_feed_generators: listRecords failed repo=did:plc:7d3qdlyo3cs2qw7ewcctdvx2 err=HttpError('InvalidRequest: Could not find repo: did:plc:7d3qdlyo3cs2qw7ewcctdvx2')
2026-03-21T21:43:37Z WARNING bsky_collector_v2.job.index_feed_generators: listRecords failed repo=did:plc:7gj66kabcneszpieqxndl44b err=HttpError('InvalidRequest: Could not find repo: did:plc:7gj66kabcneszpieqxndl44b')
2026-03-21T21:43:37Z WARNING bsky_collector_v2.job.index_feed_generators: listRecords failed repo=did:plc:7h6islbguoz5lgflwyfkqn7y err=HttpError('InvalidRequest: Could not find repo: did:plc:7h6islbguoz5lgflwyfkqn7y')
2026-03-21T21:43:37Z WARNING bsky_collector_v2.job.index_feed_generators: listRecords failed repo=did:plc:doybbeukugcprgwgx3xfddk4 err=HttpError('InvalidRequest: Could not find repo: did:plc:doybbeukugcprgwgx3xfddk4')
2026-03-21T21:43:37Z WARNING bsky_collector_v2.job.index_feed_generators: listRecords failed repo=did:plc:fd4qc7hhlbxvrldzlgpjdx6q err=HttpError('InvalidRequest: Could not find repo: did:plc:fd4qc7hhlbxvrldzlgpjdx6q')
2026-03-21T21:43:37Z WARNING bsky_collector_v2.job.index_feed_generators: listRecords failed repo=did:plc:mxxifllj32npppziobbvx3tg err=HttpError('InvalidRequest: Could not find repo: did:plc:mxxifllj32npppziobbvx3tg')
2026-03-21T21:43:37Z WARNING bsky_collector_v2.job.index_feed_generators: listRecords failed repo=did:plc:qg24cykww2du2xbcqv5rwzt3 err=HttpError('InvalidRequest: Could not find repo: did:plc:qg24cykww2du2xbcqv5rwzt3')
2026-03-21T21:43:37Z WARNING bsky_collector_v2.job.index_feed_generators: listRecords failed repo=did:plc:scajvkurjjlvvwmo3czfsgjd err=HttpError('InvalidRequest: Could not find repo: did:plc:scajvkurjjlvvwmo3czfsgjd')
2026-03-21T21:43:37Z WARNING bsky_collector_v2.job.index_feed_generators: listRecords failed repo=did:plc:v3b3cnli33exlnkqbiyeenyt err=HttpError('InvalidRequest: Could not find repo: did:plc:v3b3cnli33exlnkqbiyeenyt')
2026-03-21T21:43:37Z WARNING bsky_collector_v2.job.index_feed_generators: listRecords failed repo=did:plc:yzyor6endi3g76xj4auw45bv err=HttpError('InvalidRequest: Could not find repo: did:plc:yzyor6endi3g76xj4auw45bv')
2026-03-21T21:43:38Z INFO bsky_collector_v2.job.index_feed_generators: enqueued repos page=7 mode=listRepos inserted=500 repos_returned=500 next_cursor=set
2026-03-21T21:43:41Z WARNING bsky_collector_v2.job.index_feed_generators: listRecords failed repo=did:plc:342pjxj4nspjilr4jt446l2f err=HttpError('InvalidRequest: Could not find repo: did:plc:342pjxj4nspjilr4jt446l2f')
2026-03-21T21:43:43Z WARNING bsky_collector_v2.job.index_feed_generators: listRecords failed repo=did:plc:3x7kzguflrgojewq75fg5oh2 err=HttpError('InvalidRequest: Could not find repo: did:plc:3x7kzguflrgojewq75fg5oh2')
2026-03-21T21:43:47Z WARNING bsky_collector_v2.job.index_feed_generators: listRecords failed repo=did:plc:5hwh7axgih3phi5xvrgjfgia err=HttpError('InvalidRequest: Could not find repo: did:plc:5hwh7axgih3phi5xvrgjfgia')
2026-03-21T21:43:56Z WARNING bsky_collector_v2.job.index_feed_generators: listRecords failed repo=did:plc:baadvhrhtpmxlqkxs6n7ak3o err=HttpError('InvalidRequest: Could not find repo: did:plc:baadvhrhtpmxlqkxs6n7ak3o')
2026-03-21T21:43:58Z WARNING bsky_collector_v2.job.index_feed_generators: listRecords failed repo=did:plc:bnjw4hqfunnuvk4ajd6uvje6 err=HttpError('InvalidRequest: Could not find repo: did:plc:bnjw4hqfunnuvk4ajd6uvje6')
2026-03-21T21:44:04Z WARNING bsky_collector_v2.job.index_feed_generators: listRecords failed repo=did:plc:d47dcx3izrizlqczub4ophao err=HttpError('InvalidRequest: Could not find repo: did:plc:d47dcx3izrizlqczub4ophao')
2026-03-21T21:44:47Z WARNING bsky_collector_v2.job.index_feed_generators: listRecords failed repo=did:plc:nnrsrbrrjox2u7jqjispmpxw err=HttpError('InvalidRequest: Could not find repo: did:plc:nnrsrbrrjox2u7jqjispmpxw')
2026-03-21T21:44:48Z WARNING bsky_collector_v2.job.index_feed_generators: listRecords failed repo=did:plc:nz3qehulcnjysxus2cn3fc3r err=HttpError('InvalidRequest: Could not find repo: did:plc:nz3qehulcnjysxus2cn3fc3r')
2026-03-21T21:44:53Z WARNING bsky_collector_v2.job.index_feed_generators: listRecords failed repo=did:plc:qs3t6hlvn5hrlvi4524rsm36 err=HttpError('InvalidRequest: Could not find repo: did:plc:qs3t6hlvn5hrlvi4524rsm36')
2026-03-21T21:44:54Z WARNING bsky_collector_v2.job.index_feed_generators: listRecords failed repo=did:plc:qxz5twb5zwg67cqx5ycnbumo err=HttpError('InvalidRequest: Could not find repo: did:plc:qxz5twb5zwg67cqx5ycnbumo')
2026-03-21T21:45:03Z WARNING bsky_collector_v2.job.index_feed_generators: listRecords failed repo=did:plc:usahfpjek5rbfmzwkdfvs64o err=HttpError('InvalidRequest: Could not find repo: did:plc:usahfpjek5rbfmzwkdfvs64o')
2026-03-21T21:45:06Z WARNING bsky_collector_v2.job.index_feed_generators: listRecords failed repo=did:plc:vq3tf46asvwrgc44qu56ees6 err=HttpError('InvalidRequest: Could not find repo: did:plc:vq3tf46asvwrgc44qu56ees6')
2026-03-21T21:45:09Z WARNING bsky_collector_v2.job.index_feed_generators: listRecords failed repo=did:plc:wsfptwhsk26b7rsx2v4xjlot err=HttpError('InvalidRequest: Could not find repo: did:plc:wsfptwhsk26b7rsx2v4xjlot')
2026-03-21T21:45:19Z WARNING bsky_collector_v2.job.index_feed_generators: listRecords failed repo=did:plc:342pjxj4nspjilr4jt446l2f err=HttpError('InvalidRequest: Could not find repo: did:plc:342pjxj4nspjilr4jt446l2f')
2026-03-21T21:45:19Z WARNING bsky_collector_v2.job.index_feed_generators: listRecords failed repo=did:plc:3x7kzguflrgojewq75fg5oh2 err=HttpError('InvalidRequest: Could not find repo: did:plc:3x7kzguflrgojewq75fg5oh2')
2026-03-21T21:45:19Z WARNING bsky_collector_v2.job.index_feed_generators: listRecords failed repo=did:plc:5hwh7axgih3phi5xvrgjfgia err=HttpError('InvalidRequest: Could not find repo: did:plc:5hwh7axgih3phi5xvrgjfgia')
2026-03-21T21:45:19Z WARNING bsky_collector_v2.job.index_feed_generators: listRecords failed repo=did:plc:baadvhrhtpmxlqkxs6n7ak3o err=HttpError('InvalidRequest: Could not find repo: did:plc:baadvhrhtpmxlqkxs6n7ak3o')
2026-03-21T21:45:19Z WARNING bsky_collector_v2.job.index_feed_generators: listRecords failed repo=did:plc:bnjw4hqfunnuvk4ajd6uvje6 err=HttpError('InvalidRequest: Could not find repo: did:plc:bnjw4hqfunnuvk4ajd6uvje6')
2026-03-21T21:45:19Z WARNING bsky_collector_v2.job.index_feed_generators: listRecords failed repo=did:plc:d47dcx3izrizlqczub4ophao err=HttpError('InvalidRequest: Could not find repo: did:plc:d47dcx3izrizlqczub4ophao')
2026-03-21T21:45:19Z WARNING bsky_collector_v2.job.index_feed_generators: listRecords failed repo=did:plc:nnrsrbrrjox2u7jqjispmpxw err=HttpError('InvalidRequest: Could not find repo: did:plc:nnrsrbrrjox2u7jqjispmpxw')
2026-03-21T21:45:19Z WARNING bsky_collector_v2.job.index_feed_generators: listRecords failed repo=did:plc:nz3qehulcnjysxus2cn3fc3r err=HttpError('InvalidRequest: Could not find repo: did:plc:nz3qehulcnjysxus2cn3fc3r')
2026-03-21T21:45:20Z WARNING bsky_collector_v2.job.index_feed_generators: listRecords failed repo=did:plc:qs3t6hlvn5hrlvi4524rsm36 err=HttpError('InvalidRequest: Could not find repo: did:plc:qs3t6hlvn5hrlvi4524rsm36')
2026-03-21T21:45:20Z WARNING bsky_collector_v2.job.index_feed_generators: listRecords failed repo=did:plc:qxz5twb5zwg67cqx5ycnbumo err=HttpError('InvalidRequest: Could not find repo: did:plc:qxz5twb5zwg67cqx5ycnbumo')
2026-03-21T21:45:20Z WARNING bsky_collector_v2.job.index_feed_generators: listRecords failed repo=did:plc:usahfpjek5rbfmzwkdfvs64o err=HttpError('InvalidRequest: Could not find repo: did:plc:usahfpjek5rbfmzwkdfvs64o')
2026-03-21T21:45:20Z WARNING bsky_collector_v2.job.index_feed_generators: listRecords failed repo=did:plc:vq3tf46asvwrgc44qu56ees6 err=HttpError('InvalidRequest: Could not find repo: did:plc:vq3tf46asvwrgc44qu56ees6')
2026-03-21T21:45:20Z WARNING bsky_collector_v2.job.index_feed_generators: listRecords failed repo=did:plc:wsfptwhsk26b7rsx2v4xjlot err=HttpError('InvalidRequest: Could not find repo: did:plc:wsfptwhsk26b7rsx2v4xjlot')
2026-03-21T21:45:20Z WARNING bsky_collector_v2.job.index_feed_generators: listRecords failed repo=did:plc:342pjxj4nspjilr4jt446l2f err=HttpError('InvalidRequest: Could not find repo: did:plc:342pjxj4nspjilr4jt446l2f')
2026-03-21T21:45:20Z WARNING bsky_collector_v2.job.index_feed_generators: listRecords failed repo=did:plc:3x7kzguflrgojewq75fg5oh2 err=HttpError('InvalidRequest: Could not find repo: did:plc:3x7kzguflrgojewq75fg5oh2')
2026-03-21T21:45:20Z WARNING bsky_collector_v2.job.index_feed_generators: listRecords failed repo=did:plc:5hwh7axgih3phi5xvrgjfgia err=HttpError('InvalidRequest: Could not find repo: did:plc:5hwh7axgih3phi5xvrgjfgia')
2026-03-21T21:45:20Z WARNING bsky_collector_v2.job.index_feed_generators: listRecords failed repo=did:plc:baadvhrhtpmxlqkxs6n7ak3o err=HttpError('InvalidRequest: Could not find repo: did:plc:baadvhrhtpmxlqkxs6n7ak3o')
2026-03-21T21:45:20Z WARNING bsky_collector_v2.job.index_feed_generators: listRecords failed repo=did:plc:bnjw4hqfunnuvk4ajd6uvje6 err=HttpError('InvalidRequest: Could not find repo: did:plc:bnjw4hqfunnuvk4ajd6uvje6')
2026-03-21T21:45:20Z WARNING bsky_collector_v2.job.index_feed_generators: listRecords failed repo=did:plc:d47dcx3izrizlqczub4ophao err=HttpError('InvalidRequest: Could not find repo: did:plc:d47dcx3izrizlqczub4ophao')
2026-03-21T21:45:20Z WARNING bsky_collector_v2.job.index_feed_generators: listRecords failed repo=did:plc:nnrsrbrrjox2u7jqjispmpxw err=HttpError('InvalidRequest: Could not find repo: did:plc:nnrsrbrrjox2u7jqjispmpxw')
2026-03-21T21:45:20Z WARNING bsky_collector_v2.job.index_feed_generators: listRecords failed repo=did:plc:nz3qehulcnjysxus2cn3fc3r err=HttpError('InvalidRequest: Could not find repo: did:plc:nz3qehulcnjysxus2cn3fc3r')
2026-03-21T21:45:20Z WARNING bsky_collector_v2.job.index_feed_generators: listRecords failed repo=did:plc:qs3t6hlvn5hrlvi4524rsm36 err=HttpError('InvalidRequest: Could not find repo: did:plc:qs3t6hlvn5hrlvi4524rsm36')
2026-03-21T21:45:20Z WARNING bsky_collector_v2.job.index_feed_generators: listRecords failed repo=did:plc:qxz5twb5zwg67cqx5ycnbumo err=HttpError('InvalidRequest: Could not find repo: did:plc:qxz5twb5zwg67cqx5ycnbumo')
2026-03-21T21:45:20Z WARNING bsky_collector_v2.job.index_feed_generators: listRecords failed repo=did:plc:usahfpjek5rbfmzwkdfvs64o err=HttpError('InvalidRequest: Could not find repo: did:plc:usahfpjek5rbfmzwkdfvs64o')
2026-03-21T21:45:20Z WARNING bsky_collector_v2.job.index_feed_generators: listRecords failed repo=did:plc:vq3tf46asvwrgc44qu56ees6 err=HttpError('InvalidRequest: Could not find repo: did:plc:vq3tf46asvwrgc44qu56ees6')
2026-03-21T21:45:21Z WARNING bsky_collector_v2.job.index_feed_generators: listRecords failed repo=did:plc:wsfptwhsk26b7rsx2v4xjlot err=HttpError('InvalidRequest: Could not find repo: did:plc:wsfptwhsk26b7rsx2v4xjlot')
2026-03-21T21:45:21Z INFO bsky_collector_v2.job.index_feed_generators: enqueued repos page=8 mode=listRepos inserted=500 repos_returned=500 next_cursor=set
2026-03-21T21:45:42Z WARNING bsky_collector_v2.job.index_feed_generators: listRecords failed repo=did:plc:6fcyksmqdphwy7ag6oswwvyi err=HttpError('InvalidRequest: Could not find repo: did:plc:6fcyksmqdphwy7ag6oswwvyi')
2026-03-21T21:45:49Z WARNING bsky_collector_v2.job.index_feed_generators: listRecords failed repo=did:plc:abgp24mogzzuaq2ftinetth3 err=HttpError('InvalidRequest: Could not find repo: did:plc:abgp24mogzzuaq2ftinetth3')
2026-03-21T21:45:49Z WARNING bsky_collector_v2.job.index_feed_generators: listRecords failed repo=did:plc:agzpoitkjswkpa6tmzuh7dxr err=HttpError('InvalidRequest: Could not find repo: did:plc:agzpoitkjswkpa6tmzuh7dxr')
2026-03-21T21:46:05Z WARNING bsky_collector_v2.job.index_feed_generators: listRecords failed repo=did:plc:fvmszxlfskewoxmf3h2ch6vx err=HttpError('InvalidRequest: Could not find repo: did:plc:fvmszxlfskewoxmf3h2ch6vx')
2026-03-21T21:46:09Z WARNING bsky_collector_v2.job.index_feed_generators: listRecords failed repo=did:plc:hgth6i5kmo3v6xqnotncyne2 err=HttpError('InvalidRequest: Could not find repo: did:plc:hgth6i5kmo3v6xqnotncyne2')
2026-03-21T21:46:25Z WARNING bsky_collector_v2.job.index_feed_generators: listRecords failed repo=did:plc:moj2cpb5qoih5hdzbh3wd6tf err=HttpError('InvalidRequest: Could not find repo: did:plc:moj2cpb5qoih5hdzbh3wd6tf')
2026-03-21T21:46:26Z WARNING bsky_collector_v2.job.index_feed_generators: listRecords failed repo=did:plc:n56gjjlhc3ocvv6cfmxtx2uk err=HttpError('InvalidRequest: Could not find repo: did:plc:n56gjjlhc3ocvv6cfmxtx2uk')
2026-03-21T21:46:36Z WARNING bsky_collector_v2.job.index_feed_generators: listRecords failed repo=did:plc:qp3d3vuqzpfactspswwxx5ts err=HttpError('InvalidRequest: Could not find repo: did:plc:qp3d3vuqzpfactspswwxx5ts')
2026-03-21T21:46:41Z WARNING bsky_collector_v2.job.index_feed_generators: listRecords failed repo=did:plc:sk5xwkeoyynssqvr2dapxlyz err=HttpError('InvalidRequest: Could not find repo: did:plc:sk5xwkeoyynssqvr2dapxlyz')
2026-03-21T21:46:42Z WARNING bsky_collector_v2.job.index_feed_generators: listRecords failed repo=did:plc:t2ijtqaefep6xbgfulqzw3mz err=HttpError('InvalidRequest: Could not find repo: did:plc:t2ijtqaefep6xbgfulqzw3mz')
2026-03-21T21:46:43Z WARNING bsky_collector_v2.job.index_feed_generators: listRecords failed repo=did:plc:te5hxvq7fnnckmww7pqnpbgv err=HttpError('InvalidRequest: Could not find repo: did:plc:te5hxvq7fnnckmww7pqnpbgv')
2026-03-21T21:46:57Z WARNING bsky_collector_v2.job.index_feed_generators: listRecords failed repo=did:plc:6fcyksmqdphwy7ag6oswwvyi err=HttpError('InvalidRequest: Could not find repo: did:plc:6fcyksmqdphwy7ag6oswwvyi')
2026-03-21T21:46:57Z WARNING bsky_collector_v2.job.index_feed_generators: listRecords failed repo=did:plc:abgp24mogzzuaq2ftinetth3 err=HttpError('InvalidRequest: Could not find repo: did:plc:abgp24mogzzuaq2ftinetth3')
2026-03-21T21:46:57Z WARNING bsky_collector_v2.job.index_feed_generators: listRecords failed repo=did:plc:agzpoitkjswkpa6tmzuh7dxr err=HttpError('InvalidRequest: Could not find repo: did:plc:agzpoitkjswkpa6tmzuh7dxr')
2026-03-21T21:46:58Z WARNING bsky_collector_v2.job.index_feed_generators: listRecords failed repo=did:plc:fvmszxlfskewoxmf3h2ch6vx err=HttpError('InvalidRequest: Could not find repo: did:plc:fvmszxlfskewoxmf3h2ch6vx')
2026-03-21T21:46:58Z WARNING bsky_collector_v2.job.index_feed_generators: listRecords failed repo=did:plc:hgth6i5kmo3v6xqnotncyne2 err=HttpError('InvalidRequest: Could not find repo: did:plc:hgth6i5kmo3v6xqnotncyne2')
2026-03-21T21:46:58Z WARNING bsky_collector_v2.job.index_feed_generators: listRecords failed repo=did:plc:moj2cpb5qoih5hdzbh3wd6tf err=HttpError('InvalidRequest: Could not find repo: did:plc:moj2cpb5qoih5hdzbh3wd6tf')
2026-03-21T21:46:58Z WARNING bsky_collector_v2.job.index_feed_generators: listRecords failed repo=did:plc:n56gjjlhc3ocvv6cfmxtx2uk err=HttpError('InvalidRequest: Could not find repo: did:plc:n56gjjlhc3ocvv6cfmxtx2uk')
2026-03-21T21:46:58Z WARNING bsky_collector_v2.job.index_feed_generators: listRecords failed repo=did:plc:qp3d3vuqzpfactspswwxx5ts err=HttpError('InvalidRequest: Could not find repo: did:plc:qp3d3vuqzpfactspswwxx5ts')
2026-03-21T21:46:58Z WARNING bsky_collector_v2.job.index_feed_generators: listRecords failed repo=did:plc:sk5xwkeoyynssqvr2dapxlyz err=HttpError('InvalidRequest: Could not find repo: did:plc:sk5xwkeoyynssqvr2dapxlyz')
2026-03-21T21:46:58Z WARNING bsky_collector_v2.job.index_feed_generators: listRecords failed repo=did:plc:t2ijtqaefep6xbgfulqzw3mz err=HttpError('InvalidRequest: Could not find repo: did:plc:t2ijtqaefep6xbgfulqzw3mz')
2026-03-21T21:46:58Z WARNING bsky_collector_v2.job.index_feed_generators: listRecords failed repo=did:plc:te5hxvq7fnnckmww7pqnpbgv err=HttpError('InvalidRequest: Could not find repo: did:plc:te5hxvq7fnnckmww7pqnpbgv')
2026-03-21T21:46:58Z WARNING bsky_collector_v2.job.index_feed_generators: listRecords failed repo=did:plc:6fcyksmqdphwy7ag6oswwvyi err=HttpError('InvalidRequest: Could not find repo: did:plc:6fcyksmqdphwy7ag6oswwvyi')
2026-03-21T21:46:58Z WARNING bsky_collector_v2.job.index_feed_generators: listRecords failed repo=did:plc:abgp24mogzzuaq2ftinetth3 err=HttpError('InvalidRequest: Could not find repo: did:plc:abgp24mogzzuaq2ftinetth3')
2026-03-21T21:46:58Z WARNING bsky_collector_v2.job.index_feed_generators: listRecords failed repo=did:plc:agzpoitkjswkpa6tmzuh7dxr err=HttpError('InvalidRequest: Could not find repo: did:plc:agzpoitkjswkpa6tmzuh7dxr')
2026-03-21T21:46:58Z WARNING bsky_collector_v2.job.index_feed_generators: listRecords failed repo=did:plc:fvmszxlfskewoxmf3h2ch6vx err=HttpError('InvalidRequest: Could not find repo: did:plc:fvmszxlfskewoxmf3h2ch6vx')
2026-03-21T21:46:58Z WARNING bsky_collector_v2.job.index_feed_generators: listRecords failed repo=did:plc:hgth6i5kmo3v6xqnotncyne2 err=HttpError('InvalidRequest: Could not find repo: did:plc:hgth6i5kmo3v6xqnotncyne2')
2026-03-21T21:46:58Z WARNING bsky_collector_v2.job.index_feed_generators: listRecords failed repo=did:plc:moj2cpb5qoih5hdzbh3wd6tf err=HttpError('InvalidRequest: Could not find repo: did:plc:moj2cpb5qoih5hdzbh3wd6tf')
2026-03-21T21:46:58Z WARNING bsky_collector_v2.job.index_feed_generators: listRecords failed repo=did:plc:n56gjjlhc3ocvv6cfmxtx2uk err=HttpError('InvalidRequest: Could not find repo: did:plc:n56gjjlhc3ocvv6cfmxtx2uk')
2026-03-21T21:46:58Z WARNING bsky_collector_v2.job.index_feed_generators: listRecords failed repo=did:plc:qp3d3vuqzpfactspswwxx5ts err=HttpError('InvalidRequest: Could not find repo: did:plc:qp3d3vuqzpfactspswwxx5ts')
2026-03-21T21:46:58Z WARNING bsky_collector_v2.job.index_feed_generators: listRecords failed repo=did:plc:sk5xwkeoyynssqvr2dapxlyz err=HttpError('InvalidRequest: Could not find repo: did:plc:sk5xwkeoyynssqvr2dapxlyz')
2026-03-21T21:46:58Z WARNING bsky_collector_v2.job.index_feed_generators: listRecords failed repo=did:plc:t2ijtqaefep6xbgfulqzw3mz err=HttpError('InvalidRequest: Could not find repo: did:plc:t2ijtqaefep6xbgfulqzw3mz')
2026-03-21T21:46:58Z WARNING bsky_collector_v2.job.index_feed_generators: listRecords failed repo=did:plc:te5hxvq7fnnckmww7pqnpbgv err=HttpError('InvalidRequest: Could not find repo: did:plc:te5hxvq7fnnckmww7pqnpbgv')
2026-03-21T21:46:59Z INFO bsky_collector_v2.job.index_feed_generators: enqueued repos page=9 mode=listRepos inserted=500 repos_returned=500 next_cursor=set
2026-03-21T21:47:07Z WARNING bsky_collector_v2.job.index_feed_generators: listRecords failed repo=did:plc:4w664tyvtfsydzmrpgxcjxnf err=HttpError('InvalidRequest: Could not find repo: did:plc:4w664tyvtfsydzmrpgxcjxnf')
2026-03-21T21:47:22Z WARNING bsky_collector_v2.job.index_feed_generators: listRecords failed repo=did:plc:e4st7iz7dxh2pgta7qvi4ooj err=HttpError('InvalidRequest: Could not find repo: did:plc:e4st7iz7dxh2pgta7qvi4ooj')
2026-03-21T21:47:29Z WARNING bsky_collector_v2.job.index_feed_generators: listRecords failed repo=did:plc:grmlx6oplsspxgu6enltg3ps err=HttpError('InvalidRequest: Could not find repo: did:plc:grmlx6oplsspxgu6enltg3ps')
2026-03-21T21:47:40Z WARNING bsky_collector_v2.job.index_feed_generators: listRecords failed repo=did:plc:kqtp3lsb7ib4yarydprlcfvs err=HttpError('InvalidRequest: Could not find repo: did:plc:kqtp3lsb7ib4yarydprlcfvs')
2026-03-21T21:47:44Z WARNING bsky_collector_v2.job.index_feed_generators: listRecords failed repo=did:plc:lwkycibfjan2eitkz25dzykz err=HttpError('InvalidRequest: Could not find repo: did:plc:lwkycibfjan2eitkz25dzykz')
2026-03-21T21:47:50Z WARNING bsky_collector_v2.job.index_feed_generators: listRecords failed repo=did:plc:ob3octsrpy7hnf5ykhvtzeux err=HttpError('InvalidRequest: Could not find repo: did:plc:ob3octsrpy7hnf5ykhvtzeux')
2026-03-21T21:48:01Z WARNING bsky_collector_v2.job.index_feed_generators: listRecords failed repo=did:plc:qiw7rhrpvava3qsf4nq4ivur err=HttpError('InvalidRequest: Could not find repo: did:plc:qiw7rhrpvava3qsf4nq4ivur')
2026-03-21T21:48:30Z WARNING bsky_collector_v2.job.index_feed_generators: listRecords failed repo=did:plc:zsm5qhtgo2nduciacx6h5j7k err=HttpError('InvalidRequest: Could not find repo: did:plc:zsm5qhtgo2nduciacx6h5j7k')
2026-03-21T21:48:31Z WARNING bsky_collector_v2.job.index_feed_generators: listRecords failed repo=did:plc:4w664tyvtfsydzmrpgxcjxnf err=HttpError('InvalidRequest: Could not find repo: did:plc:4w664tyvtfsydzmrpgxcjxnf')
2026-03-21T21:48:31Z WARNING bsky_collector_v2.job.index_feed_generators: listRecords failed repo=did:plc:e4st7iz7dxh2pgta7qvi4ooj err=HttpError('InvalidRequest: Could not find repo: did:plc:e4st7iz7dxh2pgta7qvi4ooj')
2026-03-21T21:48:31Z WARNING bsky_collector_v2.job.index_feed_generators: listRecords failed repo=did:plc:grmlx6oplsspxgu6enltg3ps err=HttpError('InvalidRequest: Could not find repo: did:plc:grmlx6oplsspxgu6enltg3ps')
2026-03-21T21:48:31Z WARNING bsky_collector_v2.job.index_feed_generators: listRecords failed repo=did:plc:kqtp3lsb7ib4yarydprlcfvs err=HttpError('InvalidRequest: Could not find repo: did:plc:kqtp3lsb7ib4yarydprlcfvs')
2026-03-21T21:48:31Z WARNING bsky_collector_v2.job.index_feed_generators: listRecords failed repo=did:plc:lwkycibfjan2eitkz25dzykz err=HttpError('InvalidRequest: Could not find repo: did:plc:lwkycibfjan2eitkz25dzykz')
2026-03-21T21:48:31Z WARNING bsky_collector_v2.job.index_feed_generators: listRecords failed repo=did:plc:ob3octsrpy7hnf5ykhvtzeux err=HttpError('InvalidRequest: Could not find repo: did:plc:ob3octsrpy7hnf5ykhvtzeux')
2026-03-21T21:48:31Z WARNING bsky_collector_v2.job.index_feed_generators: listRecords failed repo=did:plc:qiw7rhrpvava3qsf4nq4ivur err=HttpError('InvalidRequest: Could not find repo: did:plc:qiw7rhrpvava3qsf4nq4ivur')
2026-03-21T21:48:31Z WARNING bsky_collector_v2.job.index_feed_generators: listRecords failed repo=did:plc:zsm5qhtgo2nduciacx6h5j7k err=HttpError('InvalidRequest: Could not find repo: did:plc:zsm5qhtgo2nduciacx6h5j7k')
2026-03-21T21:48:31Z WARNING bsky_collector_v2.job.index_feed_generators: listRecords failed repo=did:plc:4w664tyvtfsydzmrpgxcjxnf err=HttpError('InvalidRequest: Could not find repo: did:plc:4w664tyvtfsydzmrpgxcjxnf')
2026-03-21T21:48:31Z WARNING bsky_collector_v2.job.index_feed_generators: listRecords failed repo=did:plc:e4st7iz7dxh2pgta7qvi4ooj err=HttpError('InvalidRequest: Could not find repo: did:plc:e4st7iz7dxh2pgta7qvi4ooj')
2026-03-21T21:48:31Z WARNING bsky_collector_v2.job.index_feed_generators: listRecords failed repo=did:plc:grmlx6oplsspxgu6enltg3ps err=HttpError('InvalidRequest: Could not find repo: did:plc:grmlx6oplsspxgu6enltg3ps')
2026-03-21T21:48:31Z WARNING bsky_collector_v2.job.index_feed_generators: listRecords failed repo=did:plc:kqtp3lsb7ib4yarydprlcfvs err=HttpError('InvalidRequest: Could not find repo: did:plc:kqtp3lsb7ib4yarydprlcfvs')
2026-03-21T21:48:31Z WARNING bsky_collector_v2.job.index_feed_generators: listRecords failed repo=did:plc:lwkycibfjan2eitkz25dzykz err=HttpError('InvalidRequest: Could not find repo: did:plc:lwkycibfjan2eitkz25dzykz')
2026-03-21T21:48:31Z WARNING bsky_collector_v2.job.index_feed_generators: listRecords failed repo=did:plc:ob3octsrpy7hnf5ykhvtzeux err=HttpError('InvalidRequest: Could not find repo: did:plc:ob3octsrpy7hnf5ykhvtzeux')
2026-03-21T21:48:31Z WARNING bsky_collector_v2.job.index_feed_generators: listRecords failed repo=did:plc:qiw7rhrpvava3qsf4nq4ivur err=HttpError('InvalidRequest: Could not find repo: did:plc:qiw7rhrpvava3qsf4nq4ivur')
2026-03-21T21:48:31Z WARNING bsky_collector_v2.job.index_feed_generators: listRecords failed repo=did:plc:zsm5qhtgo2nduciacx6h5j7k err=HttpError('InvalidRequest: Could not find repo: did:plc:zsm5qhtgo2nduciacx6h5j7k')
2026-03-21T21:48:32Z INFO bsky_collector_v2.job.index_feed_generators: enqueued repos page=10 mode=listRepos inserted=500 repos_returned=500 next_cursor=set
2026-03-21T21:49:44Z WARNING bsky_collector_v2.job.index_feed_generators: listRecords failed repo=did:plc:wkp3mt4fitrey35yklwgobyg err=HttpError('InvalidRequest: Could not find repo: did:plc:wkp3mt4fitrey35yklwgobyg')
2026-03-21T21:49:54Z WARNING bsky_collector_v2.job.index_feed_generators: listRecords failed repo=did:plc:wkp3mt4fitrey35yklwgobyg err=HttpError('InvalidRequest: Could not find repo: did:plc:wkp3mt4fitrey35yklwgobyg')
2026-03-21T21:49:54Z WARNING bsky_collector_v2.job.index_feed_generators: listRecords failed repo=did:plc:wkp3mt4fitrey35yklwgobyg err=HttpError('InvalidRequest: Could not find repo: did:plc:wkp3mt4fitrey35yklwgobyg')
2026-03-21T21:49:54Z INFO bsky_collector_v2.job.index_feed_generators: enqueued repos page=11 mode=listRepos inserted=500 repos_returned=500 next_cursor=set
2026-03-21T21:50:15Z WARNING bsky_collector_v2.job.index_feed_generators: listRecords failed repo=did:plc:cxptkrbe5yqkgq47ijkg7tha err=HttpError('InvalidRequest: Could not find repo: did:plc:cxptkrbe5yqkgq47ijkg7tha')
2026-03-21T21:51:41Z WARNING bsky_collector_v2.job.index_feed_generators: listRecords failed repo=did:plc:cxptkrbe5yqkgq47ijkg7tha err=HttpError('InvalidRequest: Could not find repo: did:plc:cxptkrbe5yqkgq47ijkg7tha')
2026-03-21T21:51:41Z WARNING bsky_collector_v2.job.index_feed_generators: listRecords failed repo=did:plc:cxptkrbe5yqkgq47ijkg7tha err=HttpError('InvalidRequest: Could not find repo: did:plc:cxptkrbe5yqkgq47ijkg7tha')
2026-03-21T21:51:42Z INFO bsky_collector_v2.job.index_feed_generators: enqueued repos page=12 mode=listRepos inserted=500 repos_returned=500 next_cursor=set
2026-03-21T21:51:58Z WARNING bsky_collector_v2.job.index_feed_generators: listRecords failed repo=did:plc:bcto4x7cgvkoisn24mip27ho err=HttpError('InvalidRequest: Could not find repo: did:plc:bcto4x7cgvkoisn24mip27ho')
2026-03-21T21:52:05Z WARNING bsky_collector_v2.job.index_feed_generators: listRecords failed repo=did:plc:dlp3zcpkxbuhhxwiyndsqbme err=HttpError('InvalidRequest: Could not find repo: did:plc:dlp3zcpkxbuhhxwiyndsqbme')
2026-03-21T21:52:22Z WARNING bsky_collector_v2.job.index_feed_generators: listRecords failed repo=did:plc:kwu2po5klv5iesf4bvzsvvrg err=HttpError('InvalidRequest: Could not find repo: did:plc:kwu2po5klv5iesf4bvzsvvrg')
2026-03-21T21:52:44Z WARNING bsky_collector_v2.job.index_feed_generators: listRecords failed repo=did:plc:qqrxctr3qszhtvpqu3wf5vuf err=HttpError('InvalidRequest: Could not find repo: did:plc:qqrxctr3qszhtvpqu3wf5vuf')
2026-03-21T21:52:44Z WARNING bsky_collector_v2.job.index_feed_generators: listRecords failed repo=did:plc:qshgxn4o33s4lqhmjprgmp63 err=HttpError('InvalidRequest: Could not find repo: did:plc:qshgxn4o33s4lqhmjprgmp63')
2026-03-21T21:53:06Z WARNING bsky_collector_v2.job.index_feed_generators: listRecords failed repo=did:plc:wlfnlreui4rdzn3z4wtjv3p5 err=HttpError('InvalidRequest: Could not find repo: did:plc:wlfnlreui4rdzn3z4wtjv3p5')
2026-03-21T21:53:18Z WARNING bsky_collector_v2.job.index_feed_generators: listRecords failed repo=did:plc:bcto4x7cgvkoisn24mip27ho err=HttpError('InvalidRequest: Could not find repo: did:plc:bcto4x7cgvkoisn24mip27ho')
2026-03-21T21:53:18Z WARNING bsky_collector_v2.job.index_feed_generators: listRecords failed repo=did:plc:dlp3zcpkxbuhhxwiyndsqbme err=HttpError('InvalidRequest: Could not find repo: did:plc:dlp3zcpkxbuhhxwiyndsqbme')
2026-03-21T21:53:18Z WARNING bsky_collector_v2.job.index_feed_generators: listRecords failed repo=did:plc:kwu2po5klv5iesf4bvzsvvrg err=HttpError('InvalidRequest: Could not find repo: did:plc:kwu2po5klv5iesf4bvzsvvrg')
2026-03-21T21:53:18Z WARNING bsky_collector_v2.job.index_feed_generators: listRecords failed repo=did:plc:qqrxctr3qszhtvpqu3wf5vuf err=HttpError('InvalidRequest: Could not find repo: did:plc:qqrxctr3qszhtvpqu3wf5vuf')
2026-03-21T21:53:18Z WARNING bsky_collector_v2.job.index_feed_generators: listRecords failed repo=did:plc:qshgxn4o33s4lqhmjprgmp63 err=HttpError('InvalidRequest: Could not find repo: did:plc:qshgxn4o33s4lqhmjprgmp63')
2026-03-21T21:53:18Z WARNING bsky_collector_v2.job.index_feed_generators: listRecords failed repo=did:plc:wlfnlreui4rdzn3z4wtjv3p5 err=HttpError('InvalidRequest: Could not find repo: did:plc:wlfnlreui4rdzn3z4wtjv3p5')
2026-03-21T21:53:18Z WARNING bsky_collector_v2.job.index_feed_generators: listRecords failed repo=did:plc:bcto4x7cgvkoisn24mip27ho err=HttpError('InvalidRequest: Could not find repo: did:plc:bcto4x7cgvkoisn24mip27ho')
2026-03-21T21:53:18Z WARNING bsky_collector_v2.job.index_feed_generators: listRecords failed repo=did:plc:dlp3zcpkxbuhhxwiyndsqbme err=HttpError('InvalidRequest: Could not find repo: did:plc:dlp3zcpkxbuhhxwiyndsqbme')
2026-03-21T21:53:18Z WARNING bsky_collector_v2.job.index_feed_generators: listRecords failed repo=did:plc:kwu2po5klv5iesf4bvzsvvrg err=HttpError('InvalidRequest: Could not find repo: did:plc:kwu2po5klv5iesf4bvzsvvrg')
2026-03-21T21:53:18Z WARNING bsky_collector_v2.job.index_feed_generators: listRecords failed repo=did:plc:qqrxctr3qszhtvpqu3wf5vuf err=HttpError('InvalidRequest: Could not find repo: did:plc:qqrxctr3qszhtvpqu3wf5vuf')
2026-03-21T21:53:18Z WARNING bsky_collector_v2.job.index_feed_generators: listRecords failed repo=did:plc:qshgxn4o33s4lqhmjprgmp63 err=HttpError('InvalidRequest: Could not find repo: did:plc:qshgxn4o33s4lqhmjprgmp63')
2026-03-21T21:53:19Z WARNING bsky_collector_v2.job.index_feed_generators: listRecords failed repo=did:plc:wlfnlreui4rdzn3z4wtjv3p5 err=HttpError('InvalidRequest: Could not find repo: did:plc:wlfnlreui4rdzn3z4wtjv3p5')
2026-03-21T21:53:19Z INFO bsky_collector_v2.job.index_feed_generators: enqueued repos page=13 mode=listRepos inserted=500 repos_returned=500 next_cursor=set
2026-03-21T21:53:25Z INFO bsky_collector_v2.job.index_feed_generators: indexed repo=did:plc:4holvixltv4e6xzwwz4ktdan part=211 records=1 next_cursor=set
2026-03-21T21:53:25Z WARNING bsky_collector_v2.job.index_feed_generators: listRecords failed repo=did:plc:4i2rfd27b5cwun3h6545gag6 err=HttpError('InvalidRequest: Could not find repo: did:plc:4i2rfd27b5cwun3h6545gag6')
2026-03-21T21:53:34Z WARNING bsky_collector_v2.job.index_feed_generators: listRecords failed repo=did:plc:7ohjizvtowuibqslxf3fjyfr err=HttpError('InvalidRequest: Could not find repo: did:plc:7ohjizvtowuibqslxf3fjyfr')
2026-03-21T21:54:21Z WARNING bsky_collector_v2.job.index_feed_generators: listRecords failed repo=did:plc:rrwpflpbjhfdt4tl3zj2rwtv err=HttpError('InvalidRequest: Could not find repo: did:plc:rrwpflpbjhfdt4tl3zj2rwtv')
2026-03-21T21:54:43Z WARNING bsky_collector_v2.job.index_feed_generators: listRecords failed repo=did:plc:4i2rfd27b5cwun3h6545gag6 err=HttpError('InvalidRequest: Could not find repo: did:plc:4i2rfd27b5cwun3h6545gag6')
2026-03-21T21:54:43Z WARNING bsky_collector_v2.job.index_feed_generators: listRecords failed repo=did:plc:7ohjizvtowuibqslxf3fjyfr err=HttpError('InvalidRequest: Could not find repo: did:plc:7ohjizvtowuibqslxf3fjyfr')
2026-03-21T21:54:43Z WARNING bsky_collector_v2.job.index_feed_generators: listRecords failed repo=did:plc:rrwpflpbjhfdt4tl3zj2rwtv err=HttpError('InvalidRequest: Could not find repo: did:plc:rrwpflpbjhfdt4tl3zj2rwtv')
2026-03-21T21:54:43Z WARNING bsky_collector_v2.job.index_feed_generators: listRecords failed repo=did:plc:4i2rfd27b5cwun3h6545gag6 err=HttpError('InvalidRequest: Could not find repo: did:plc:4i2rfd27b5cwun3h6545gag6')
2026-03-21T21:54:43Z WARNING bsky_collector_v2.job.index_feed_generators: listRecords failed repo=did:plc:7ohjizvtowuibqslxf3fjyfr err=HttpError('InvalidRequest: Could not find repo: did:plc:7ohjizvtowuibqslxf3fjyfr')
2026-03-21T21:54:43Z WARNING bsky_collector_v2.job.index_feed_generators: listRecords failed repo=did:plc:rrwpflpbjhfdt4tl3zj2rwtv err=HttpError('InvalidRequest: Could not find repo: did:plc:rrwpflpbjhfdt4tl3zj2rwtv')
2026-03-21T21:54:44Z INFO bsky_collector_v2.job.index_feed_generators: enqueued repos page=14 mode=listRepos inserted=500 repos_returned=500 next_cursor=set
2026-03-21T21:55:04Z WARNING bsky_collector_v2.job.index_feed_generators: listRecords failed repo=did:plc:cqdxmzmmzqooezvd7c3b2hag err=HttpError('InvalidRequest: Could not find repo: did:plc:cqdxmzmmzqooezvd7c3b2hag')
2026-03-21T21:55:05Z WARNING bsky_collector_v2.job.index_feed_generators: listRecords failed repo=did:plc:diun4g54q5g6qraz5lg27z7w err=HttpError('InvalidRequest: Could not find repo: did:plc:diun4g54q5g6qraz5lg27z7w')
2026-03-21T21:55:23Z WARNING bsky_collector_v2.job.index_feed_generators: listRecords failed repo=did:plc:kw364bpxvtmuuwt7txzqd6rs err=HttpError('InvalidRequest: Could not find repo: did:plc:kw364bpxvtmuuwt7txzqd6rs')
2026-03-21T21:55:24Z WARNING bsky_collector_v2.job.index_feed_generators: listRecords failed repo=did:plc:lfyyummt34sly7ctsxr6x6a5 err=HttpError('InvalidRequest: Could not find repo: did:plc:lfyyummt34sly7ctsxr6x6a5')
2026-03-21T21:55:30Z WARNING bsky_collector_v2.job.index_feed_generators: listRecords failed repo=did:plc:mxuq6shrsxykg3cpbpq4fnkr err=HttpError('InvalidRequest: Could not find repo: did:plc:mxuq6shrsxykg3cpbpq4fnkr')
2026-03-21T21:55:36Z WARNING bsky_collector_v2.job.index_feed_generators: listRecords failed repo=did:plc:oklin7rdesxkvtln2rp2xjqj err=HttpError('InvalidRequest: Could not find repo: did:plc:oklin7rdesxkvtln2rp2xjqj')
2026-03-21T21:55:42Z WARNING bsky_collector_v2.job.index_feed_generators: listRecords failed repo=did:plc:qlq2aayxu3a2n3ki4r4tazvy err=HttpError('InvalidRequest: Could not find repo: did:plc:qlq2aayxu3a2n3ki4r4tazvy')
2026-03-21T21:55:42Z WARNING bsky_collector_v2.job.index_feed_generators: listRecords failed repo=did:plc:qvhnynnkyxulxjyvc7xhg5xs err=HttpError('InvalidRequest: Could not find repo: did:plc:qvhnynnkyxulxjyvc7xhg5xs')
2026-03-21T21:55:43Z INFO bsky_collector_v2.job.index_feed_generators: indexed repo=did:plc:r27dwyrutrssbcwdbnvdoono part=212 records=2 next_cursor=set
2026-03-21T21:56:05Z WARNING bsky_collector_v2.job.index_feed_generators: listRecords failed repo=did:plc:cqdxmzmmzqooezvd7c3b2hag err=HttpError('InvalidRequest: Could not find repo: did:plc:cqdxmzmmzqooezvd7c3b2hag')
2026-03-21T21:56:06Z WARNING bsky_collector_v2.job.index_feed_generators: listRecords failed repo=did:plc:diun4g54q5g6qraz5lg27z7w err=HttpError('InvalidRequest: Could not find repo: did:plc:diun4g54q5g6qraz5lg27z7w')
2026-03-21T21:56:06Z WARNING bsky_collector_v2.job.index_feed_generators: listRecords failed repo=did:plc:kw364bpxvtmuuwt7txzqd6rs err=HttpError('InvalidRequest: Could not find repo: did:plc:kw364bpxvtmuuwt7txzqd6rs')
2026-03-21T21:56:06Z WARNING bsky_collector_v2.job.index_feed_generators: listRecords failed repo=did:plc:lfyyummt34sly7ctsxr6x6a5 err=HttpError('InvalidRequest: Could not find repo: did:plc:lfyyummt34sly7ctsxr6x6a5')
2026-03-21T21:56:06Z WARNING bsky_collector_v2.job.index_feed_generators: listRecords failed repo=did:plc:mxuq6shrsxykg3cpbpq4fnkr err=HttpError('InvalidRequest: Could not find repo: did:plc:mxuq6shrsxykg3cpbpq4fnkr')
2026-03-21T21:56:06Z WARNING bsky_collector_v2.job.index_feed_generators: listRecords failed repo=did:plc:oklin7rdesxkvtln2rp2xjqj err=HttpError('InvalidRequest: Could not find repo: did:plc:oklin7rdesxkvtln2rp2xjqj')
2026-03-21T21:56:06Z WARNING bsky_collector_v2.job.index_feed_generators: listRecords failed repo=did:plc:qlq2aayxu3a2n3ki4r4tazvy err=HttpError('InvalidRequest: Could not find repo: did:plc:qlq2aayxu3a2n3ki4r4tazvy')
2026-03-21T21:56:06Z WARNING bsky_collector_v2.job.index_feed_generators: listRecords failed repo=did:plc:qvhnynnkyxulxjyvc7xhg5xs err=HttpError('InvalidRequest: Could not find repo: did:plc:qvhnynnkyxulxjyvc7xhg5xs')
2026-03-21T21:56:06Z WARNING bsky_collector_v2.job.index_feed_generators: listRecords failed repo=did:plc:cqdxmzmmzqooezvd7c3b2hag err=HttpError('InvalidRequest: Could not find repo: did:plc:cqdxmzmmzqooezvd7c3b2hag')
2026-03-21T21:56:06Z WARNING bsky_collector_v2.job.index_feed_generators: listRecords failed repo=did:plc:diun4g54q5g6qraz5lg27z7w err=HttpError('InvalidRequest: Could not find repo: did:plc:diun4g54q5g6qraz5lg27z7w')
2026-03-21T21:56:06Z WARNING bsky_collector_v2.job.index_feed_generators: listRecords failed repo=did:plc:kw364bpxvtmuuwt7txzqd6rs err=HttpError('InvalidRequest: Could not find repo: did:plc:kw364bpxvtmuuwt7txzqd6rs')
2026-03-21T21:56:06Z WARNING bsky_collector_v2.job.index_feed_generators: listRecords failed repo=did:plc:lfyyummt34sly7ctsxr6x6a5 err=HttpError('InvalidRequest: Could not find repo: did:plc:lfyyummt34sly7ctsxr6x6a5')
2026-03-21T21:56:06Z WARNING bsky_collector_v2.job.index_feed_generators: listRecords failed repo=did:plc:mxuq6shrsxykg3cpbpq4fnkr err=HttpError('InvalidRequest: Could not find repo: did:plc:mxuq6shrsxykg3cpbpq4fnkr')
2026-03-21T21:56:06Z WARNING bsky_collector_v2.job.index_feed_generators: listRecords failed repo=did:plc:oklin7rdesxkvtln2rp2xjqj err=HttpError('InvalidRequest: Could not find repo: did:plc:oklin7rdesxkvtln2rp2xjqj')
2026-03-21T21:56:06Z WARNING bsky_collector_v2.job.index_feed_generators: listRecords failed repo=did:plc:qlq2aayxu3a2n3ki4r4tazvy err=HttpError('InvalidRequest: Could not find repo: did:plc:qlq2aayxu3a2n3ki4r4tazvy')
2026-03-21T21:56:06Z WARNING bsky_collector_v2.job.index_feed_generators: listRecords failed repo=did:plc:qvhnynnkyxulxjyvc7xhg5xs err=HttpError('InvalidRequest: Could not find repo: did:plc:qvhnynnkyxulxjyvc7xhg5xs')
2026-03-21T21:56:07Z INFO bsky_collector_v2.job.index_feed_generators: enqueued repos page=15 mode=listRepos inserted=500 repos_returned=500 next_cursor=set
2026-03-21T21:57:00Z WARNING bsky_collector_v2.job.index_feed_generators: listRecords failed repo=did:plc:mpkac35tcucaieuyzqb7lzwj err=HttpError('InvalidRequest: Could not find repo: did:plc:mpkac35tcucaieuyzqb7lzwj')
2026-03-21T21:57:48Z INFO bsky_collector_v2.job.index_feed_generators: indexed repo=did:plc:ydrnj7itcbalotuuvo2i6hgh part=213 records=2 next_cursor=set
2026-03-21T21:57:53Z WARNING bsky_collector_v2.job.index_feed_generators: listRecords failed repo=did:plc:mpkac35tcucaieuyzqb7lzwj err=HttpError('InvalidRequest: Could not find repo: did:plc:mpkac35tcucaieuyzqb7lzwj')
2026-03-21T21:57:54Z WARNING bsky_collector_v2.job.index_feed_generators: listRecords failed repo=did:plc:mpkac35tcucaieuyzqb7lzwj err=HttpError('InvalidRequest: Could not find repo: did:plc:mpkac35tcucaieuyzqb7lzwj')
2026-03-21T21:57:54Z INFO bsky_collector_v2.job.index_feed_generators: enqueued repos page=16 mode=listRepos inserted=500 repos_returned=500 next_cursor=set
2026-03-21T21:59:26Z INFO bsky_collector_v2.job.index_feed_generators: enqueued repos page=17 mode=listRepos inserted=500 repos_returned=500 next_cursor=set
2026-03-21T22:00:43Z WARNING bsky_collector_v2.job.index_feed_generators: listRecords failed repo=did:plc:ssqjgrwlw3gtmfz2qlnqog4i err=HttpError('InvalidRequest: Could not find repo: did:plc:ssqjgrwlw3gtmfz2qlnqog4i')
2026-03-21T22:00:47Z WARNING bsky_collector_v2.job.index_feed_generators: listRecords failed repo=did:plc:vm5vcw2evbpxwagbbyo2cccm err=HttpError('InvalidRequest: Could not find repo: did:plc:vm5vcw2evbpxwagbbyo2cccm')
2026-03-21T22:00:59Z WARNING bsky_collector_v2.job.index_feed_generators: listRecords failed repo=did:plc:ssqjgrwlw3gtmfz2qlnqog4i err=HttpError('InvalidRequest: Could not find repo: did:plc:ssqjgrwlw3gtmfz2qlnqog4i')
2026-03-21T22:00:59Z WARNING bsky_collector_v2.job.index_feed_generators: listRecords failed repo=did:plc:vm5vcw2evbpxwagbbyo2cccm err=HttpError('InvalidRequest: Could not find repo: did:plc:vm5vcw2evbpxwagbbyo2cccm')
2026-03-21T22:00:59Z WARNING bsky_collector_v2.job.index_feed_generators: listRecords failed repo=did:plc:ssqjgrwlw3gtmfz2qlnqog4i err=HttpError('InvalidRequest: Could not find repo: did:plc:ssqjgrwlw3gtmfz2qlnqog4i')
2026-03-21T22:00:59Z WARNING bsky_collector_v2.job.index_feed_generators: listRecords failed repo=did:plc:vm5vcw2evbpxwagbbyo2cccm err=HttpError('InvalidRequest: Could not find repo: did:plc:vm5vcw2evbpxwagbbyo2cccm')
2026-03-21T22:01:00Z INFO bsky_collector_v2.job.index_feed_generators: enqueued repos page=18 mode=listRepos inserted=500 repos_returned=500 next_cursor=set
2026-03-21T22:02:19Z WARNING bsky_collector_v2.job.index_feed_generators: listRecords failed repo=did:plc:tovnzfy72s4vzangjccl4wsb err=HttpError('InvalidRequest: Could not find repo: did:plc:tovnzfy72s4vzangjccl4wsb')
2026-03-21T22:02:20Z WARNING bsky_collector_v2.job.index_feed_generators: listRecords failed repo=did:plc:ub4ne5xdtqgq5m5p42tmp6ve err=HttpError('InvalidRequest: Could not find repo: did:plc:ub4ne5xdtqgq5m5p42tmp6ve')
2026-03-21T22:02:36Z WARNING bsky_collector_v2.job.index_feed_generators: listRecords failed repo=did:plc:tovnzfy72s4vzangjccl4wsb err=HttpError('InvalidRequest: Could not find repo: did:plc:tovnzfy72s4vzangjccl4wsb')
2026-03-21T22:02:36Z WARNING bsky_collector_v2.job.index_feed_generators: listRecords failed repo=did:plc:ub4ne5xdtqgq5m5p42tmp6ve err=HttpError('InvalidRequest: Could not find repo: did:plc:ub4ne5xdtqgq5m5p42tmp6ve')
2026-03-21T22:02:36Z WARNING bsky_collector_v2.job.index_feed_generators: listRecords failed repo=did:plc:tovnzfy72s4vzangjccl4wsb err=HttpError('InvalidRequest: Could not find repo: did:plc:tovnzfy72s4vzangjccl4wsb')
2026-03-21T22:02:37Z WARNING bsky_collector_v2.job.index_feed_generators: listRecords failed repo=did:plc:ub4ne5xdtqgq5m5p42tmp6ve err=HttpError('InvalidRequest: Could not find repo: did:plc:ub4ne5xdtqgq5m5p42tmp6ve')
2026-03-21T22:02:37Z INFO bsky_collector_v2.job.index_feed_generators: enqueued repos page=19 mode=listRepos inserted=500 repos_returned=500 next_cursor=set
2026-03-21T22:02:45Z WARNING bsky_collector_v2.job.index_feed_generators: listRecords failed repo=did:plc:52iee2rsdgcqpnivum4hueap err=HttpError('InvalidRequest: Could not find repo: did:plc:52iee2rsdgcqpnivum4hueap')
2026-03-21T22:02:51Z WARNING bsky_collector_v2.job.index_feed_generators: listRecords failed repo=did:plc:6tjy3jycmmbavnh3fje5zc7s err=HttpError('InvalidRequest: Could not find repo: did:plc:6tjy3jycmmbavnh3fje5zc7s')
2026-03-21T22:03:41Z WARNING bsky_collector_v2.job.index_feed_generators: listRecords failed repo=did:plc:ode24af674hxtcocnepkg7nk err=HttpError('InvalidRequest: Could not find repo: did:plc:ode24af674hxtcocnepkg7nk')
2026-03-21T22:04:02Z WARNING bsky_collector_v2.job.index_feed_generators: listRecords failed repo=did:plc:voj4wkvu6x3r2mfgipb3zulu err=HttpError('InvalidRequest: Could not find repo: did:plc:voj4wkvu6x3r2mfgipb3zulu')
2026-03-21T22:04:14Z WARNING bsky_collector_v2.job.index_feed_generators: listRecords failed repo=did:plc:52iee2rsdgcqpnivum4hueap err=HttpError('InvalidRequest: Could not find repo: did:plc:52iee2rsdgcqpnivum4hueap')
2026-03-21T22:04:14Z WARNING bsky_collector_v2.job.index_feed_generators: listRecords failed repo=did:plc:6tjy3jycmmbavnh3fje5zc7s err=HttpError('InvalidRequest: Could not find repo: did:plc:6tjy3jycmmbavnh3fje5zc7s')
2026-03-21T22:04:14Z WARNING bsky_collector_v2.job.index_feed_generators: listRecords failed repo=did:plc:ode24af674hxtcocnepkg7nk err=HttpError('InvalidRequest: Could not find repo: did:plc:ode24af674hxtcocnepkg7nk')
2026-03-21T22:04:14Z WARNING bsky_collector_v2.job.index_feed_generators: listRecords failed repo=did:plc:voj4wkvu6x3r2mfgipb3zulu err=HttpError('InvalidRequest: Could not find repo: did:plc:voj4wkvu6x3r2mfgipb3zulu')
2026-03-21T22:04:14Z WARNING bsky_collector_v2.job.index_feed_generators: listRecords failed repo=did:plc:52iee2rsdgcqpnivum4hueap err=HttpError('InvalidRequest: Could not find repo: did:plc:52iee2rsdgcqpnivum4hueap')
2026-03-21T22:04:14Z WARNING bsky_collector_v2.job.index_feed_generators: listRecords failed repo=did:plc:6tjy3jycmmbavnh3fje5zc7s err=HttpError('InvalidRequest: Could not find repo: did:plc:6tjy3jycmmbavnh3fje5zc7s')
2026-03-21T22:04:14Z WARNING bsky_collector_v2.job.index_feed_generators: listRecords failed repo=did:plc:ode24af674hxtcocnepkg7nk err=HttpError('InvalidRequest: Could not find repo: did:plc:ode24af674hxtcocnepkg7nk')
2026-03-21T22:04:14Z WARNING bsky_collector_v2.job.index_feed_generators: listRecords failed repo=did:plc:voj4wkvu6x3r2mfgipb3zulu err=HttpError('InvalidRequest: Could not find repo: did:plc:voj4wkvu6x3r2mfgipb3zulu')
2026-03-21T22:04:15Z INFO bsky_collector_v2.job.index_feed_generators: enqueued repos page=20 mode=listRepos inserted=500 repos_returned=500 next_cursor=set
2026-03-21T22:04:28Z WARNING bsky_collector_v2.job.index_feed_generators: listRecords failed repo=did:plc:6uaian56u65zs5ukayp7qxdg err=HttpError('InvalidRequest: Could not find repo: did:plc:6uaian56u65zs5ukayp7qxdg')
2026-03-21T22:04:29Z WARNING bsky_collector_v2.job.index_feed_generators: listRecords failed repo=did:plc:7bjbqapwgxuku4yrnm6rn2r3 err=HttpError('InvalidRequest: Could not find repo: did:plc:7bjbqapwgxuku4yrnm6rn2r3')
2026-03-21T22:04:33Z WARNING bsky_collector_v2.job.index_feed_generators: listRecords failed repo=did:plc:baveg7okcncezt3tihohyt4p err=HttpError('InvalidRequest: Could not find repo: did:plc:baveg7okcncezt3tihohyt4p')
2026-03-21T22:04:41Z WARNING bsky_collector_v2.job.index_feed_generators: listRecords failed repo=did:plc:drtxxep425ck3gsgz2jl4u3l err=HttpError('InvalidRequest: Could not find repo: did:plc:drtxxep425ck3gsgz2jl4u3l')
2026-03-21T22:05:33Z WARNING bsky_collector_v2.job.index_feed_generators: listRecords failed repo=did:plc:wnihjddwkelkcgbfsxnzu6et err=HttpError('InvalidRequest: Could not find repo: did:plc:wnihjddwkelkcgbfsxnzu6et')
2026-03-21T22:05:41Z WARNING bsky_collector_v2.job.index_feed_generators: listRecords failed repo=did:plc:6uaian56u65zs5ukayp7qxdg err=HttpError('InvalidRequest: Could not find repo: did:plc:6uaian56u65zs5ukayp7qxdg')
2026-03-21T22:05:41Z WARNING bsky_collector_v2.job.index_feed_generators: listRecords failed repo=did:plc:7bjbqapwgxuku4yrnm6rn2r3 err=HttpError('InvalidRequest: Could not find repo: did:plc:7bjbqapwgxuku4yrnm6rn2r3')
2026-03-21T22:05:41Z WARNING bsky_collector_v2.job.index_feed_generators: listRecords failed repo=did:plc:baveg7okcncezt3tihohyt4p err=HttpError('InvalidRequest: Could not find repo: did:plc:baveg7okcncezt3tihohyt4p')
2026-03-21T22:05:41Z WARNING bsky_collector_v2.job.index_feed_generators: listRecords failed repo=did:plc:drtxxep425ck3gsgz2jl4u3l err=HttpError('InvalidRequest: Could not find repo: did:plc:drtxxep425ck3gsgz2jl4u3l')
2026-03-21T22:05:41Z WARNING bsky_collector_v2.job.index_feed_generators: listRecords failed repo=did:plc:wnihjddwkelkcgbfsxnzu6et err=HttpError('InvalidRequest: Could not find repo: did:plc:wnihjddwkelkcgbfsxnzu6et')
2026-03-21T22:05:41Z WARNING bsky_collector_v2.job.index_feed_generators: listRecords failed repo=did:plc:6uaian56u65zs5ukayp7qxdg err=HttpError('InvalidRequest: Could not find repo: did:plc:6uaian56u65zs5ukayp7qxdg')
2026-03-21T22:05:41Z WARNING bsky_collector_v2.job.index_feed_generators: listRecords failed repo=did:plc:7bjbqapwgxuku4yrnm6rn2r3 err=HttpError('InvalidRequest: Could not find repo: did:plc:7bjbqapwgxuku4yrnm6rn2r3')
2026-03-21T22:05:41Z WARNING bsky_collector_v2.job.index_feed_generators: listRecords failed repo=did:plc:baveg7okcncezt3tihohyt4p err=HttpError('InvalidRequest: Could not find repo: did:plc:baveg7okcncezt3tihohyt4p')
2026-03-21T22:05:41Z WARNING bsky_collector_v2.job.index_feed_generators: listRecords failed repo=did:plc:drtxxep425ck3gsgz2jl4u3l err=HttpError('InvalidRequest: Could not find repo: did:plc:drtxxep425ck3gsgz2jl4u3l')
2026-03-21T22:05:41Z WARNING bsky_collector_v2.job.index_feed_generators: listRecords failed repo=did:plc:wnihjddwkelkcgbfsxnzu6et err=HttpError('InvalidRequest: Could not find repo: did:plc:wnihjddwkelkcgbfsxnzu6et')
2026-03-21T22:05:42Z INFO bsky_collector_v2.job.index_feed_generators: enqueued repos page=21 mode=listRepos inserted=500 repos_returned=500 next_cursor=set
2026-03-21T22:05:48Z WARNING bsky_collector_v2.job.index_feed_generators: listRecords failed repo=did:plc:4q5ta354rn2qmtbf6imdatmx err=HttpError('InvalidRequest: Could not find repo: did:plc:4q5ta354rn2qmtbf6imdatmx')
2026-03-21T22:06:08Z WARNING bsky_collector_v2.job.index_feed_generators: listRecords failed repo=did:plc:eojq57c25vafngwmgqxfu5cf err=HttpError('InvalidRequest: Could not find repo: did:plc:eojq57c25vafngwmgqxfu5cf')
2026-03-21T22:06:19Z WARNING bsky_collector_v2.job.index_feed_generators: listRecords failed repo=did:plc:ily7vtywzyyhducgq5chgmmf err=HttpError('InvalidRequest: Could not find repo: did:plc:ily7vtywzyyhducgq5chgmmf')
2026-03-21T22:06:27Z WARNING bsky_collector_v2.job.index_feed_generators: listRecords failed repo=did:plc:l2qv5hrf7ul57mcuhrjyc5ye err=HttpError('InvalidRequest: Could not find repo: did:plc:l2qv5hrf7ul57mcuhrjyc5ye')
2026-03-21T22:07:19Z WARNING bsky_collector_v2.job.index_feed_generators: listRecords failed repo=did:plc:4q5ta354rn2qmtbf6imdatmx err=HttpError('InvalidRequest: Could not find repo: did:plc:4q5ta354rn2qmtbf6imdatmx')
2026-03-21T22:07:20Z WARNING bsky_collector_v2.job.index_feed_generators: listRecords failed repo=did:plc:eojq57c25vafngwmgqxfu5cf err=HttpError('InvalidRequest: Could not find repo: did:plc:eojq57c25vafngwmgqxfu5cf')
2026-03-21T22:07:20Z WARNING bsky_collector_v2.job.index_feed_generators: listRecords failed repo=did:plc:ily7vtywzyyhducgq5chgmmf err=HttpError('InvalidRequest: Could not find repo: did:plc:ily7vtywzyyhducgq5chgmmf')
2026-03-21T22:07:20Z WARNING bsky_collector_v2.job.index_feed_generators: listRecords failed repo=did:plc:l2qv5hrf7ul57mcuhrjyc5ye err=HttpError('InvalidRequest: Could not find repo: did:plc:l2qv5hrf7ul57mcuhrjyc5ye')
2026-03-21T22:07:20Z WARNING bsky_collector_v2.job.index_feed_generators: listRecords failed repo=did:plc:4q5ta354rn2qmtbf6imdatmx err=HttpError('InvalidRequest: Could not find repo: did:plc:4q5ta354rn2qmtbf6imdatmx')
2026-03-21T22:07:20Z WARNING bsky_collector_v2.job.index_feed_generators: listRecords failed repo=did:plc:eojq57c25vafngwmgqxfu5cf err=HttpError('InvalidRequest: Could not find repo: did:plc:eojq57c25vafngwmgqxfu5cf')
2026-03-21T22:07:20Z WARNING bsky_collector_v2.job.index_feed_generators: listRecords failed repo=did:plc:ily7vtywzyyhducgq5chgmmf err=HttpError('InvalidRequest: Could not find repo: did:plc:ily7vtywzyyhducgq5chgmmf')
2026-03-21T22:07:20Z WARNING bsky_collector_v2.job.index_feed_generators: listRecords failed repo=did:plc:l2qv5hrf7ul57mcuhrjyc5ye err=HttpError('InvalidRequest: Could not find repo: did:plc:l2qv5hrf7ul57mcuhrjyc5ye')
2026-03-21T22:07:21Z INFO bsky_collector_v2.job.index_feed_generators: enqueued repos page=22 mode=listRepos inserted=500 repos_returned=500 next_cursor=set
2026-03-21T22:07:27Z WARNING bsky_collector_v2.job.index_feed_generators: listRecords failed repo=did:plc:4qbz42723kqmooshbu6vfyni err=HttpError('InvalidRequest: Could not find repo: did:plc:4qbz42723kqmooshbu6vfyni')
2026-03-21T22:07:37Z WARNING bsky_collector_v2.job.index_feed_generators: listRecords failed repo=did:plc:7i6feuqycoasvthehs43b26g err=HttpError('InvalidRequest: Could not find repo: did:plc:7i6feuqycoasvthehs43b26g')
2026-03-21T22:08:32Z WARNING bsky_collector_v2.job.index_feed_generators: listRecords failed repo=did:plc:o34cptf65shw2wgfkk5sqep5 err=HttpError('InvalidRequest: Could not find repo: did:plc:o34cptf65shw2wgfkk5sqep5')
2026-03-21T22:08:37Z INFO bsky_collector_v2.job.index_feed_generators: indexed repo=did:plc:pyfvk6vdc323kchrsyriwddf part=214 records=1 next_cursor=set
2026-03-21T22:08:59Z WARNING bsky_collector_v2.job.index_feed_generators: listRecords failed repo=did:plc:x3hadgoh6ojrcllfeqoc5nxe err=HttpError('InvalidRequest: Could not find repo: did:plc:x3hadgoh6ojrcllfeqoc5nxe')
2026-03-21T22:09:06Z WARNING bsky_collector_v2.job.index_feed_generators: listRecords failed repo=did:plc:4qbz42723kqmooshbu6vfyni err=HttpError('InvalidRequest: Could not find repo: did:plc:4qbz42723kqmooshbu6vfyni')
2026-03-21T22:09:06Z WARNING bsky_collector_v2.job.index_feed_generators: listRecords failed repo=did:plc:7i6feuqycoasvthehs43b26g err=HttpError('InvalidRequest: Could not find repo: did:plc:7i6feuqycoasvthehs43b26g')
2026-03-21T22:09:06Z WARNING bsky_collector_v2.job.index_feed_generators: listRecords failed repo=did:plc:o34cptf65shw2wgfkk5sqep5 err=HttpError('InvalidRequest: Could not find repo: did:plc:o34cptf65shw2wgfkk5sqep5')
2026-03-21T22:09:06Z WARNING bsky_collector_v2.job.index_feed_generators: listRecords failed repo=did:plc:x3hadgoh6ojrcllfeqoc5nxe err=HttpError('InvalidRequest: Could not find repo: did:plc:x3hadgoh6ojrcllfeqoc5nxe')
2026-03-21T22:09:06Z WARNING bsky_collector_v2.job.index_feed_generators: listRecords failed repo=did:plc:4qbz42723kqmooshbu6vfyni err=HttpError('InvalidRequest: Could not find repo: did:plc:4qbz42723kqmooshbu6vfyni')
2026-03-21T22:09:06Z WARNING bsky_collector_v2.job.index_feed_generators: listRecords failed repo=did:plc:7i6feuqycoasvthehs43b26g err=HttpError('InvalidRequest: Could not find repo: did:plc:7i6feuqycoasvthehs43b26g')
2026-03-21T22:09:07Z WARNING bsky_collector_v2.job.index_feed_generators: listRecords failed repo=did:plc:o34cptf65shw2wgfkk5sqep5 err=HttpError('InvalidRequest: Could not find repo: did:plc:o34cptf65shw2wgfkk5sqep5')
2026-03-21T22:09:07Z WARNING bsky_collector_v2.job.index_feed_generators: listRecords failed repo=did:plc:x3hadgoh6ojrcllfeqoc5nxe err=HttpError('InvalidRequest: Could not find repo: did:plc:x3hadgoh6ojrcllfeqoc5nxe')
2026-03-21T22:09:07Z INFO bsky_collector_v2.job.index_feed_generators: enqueued repos page=23 mode=listRepos inserted=500 repos_returned=500 next_cursor=set
2026-03-21T22:09:31Z WARNING bsky_collector_v2.job.index_feed_generators: listRecords failed repo=did:plc:cikr46fbhj6ik4xhxydrvru4 err=HttpError('InvalidRequest: Could not find repo: did:plc:cikr46fbhj6ik4xhxydrvru4')
2026-03-21T22:09:42Z WARNING bsky_collector_v2.job.index_feed_generators: listRecords failed repo=did:plc:g5jtpjcnq57py6lkekpfxxr3 err=HttpError('InvalidRequest: Could not find repo: did:plc:g5jtpjcnq57py6lkekpfxxr3')
2026-03-21T22:09:45Z WARNING bsky_collector_v2.job.index_feed_generators: listRecords failed repo=did:plc:hcyedf55jiwg7ryga6bzqont err=HttpError('InvalidRequest: Could not find repo: did:plc:hcyedf55jiwg7ryga6bzqont')
2026-03-21T22:10:41Z WARNING bsky_collector_v2.job.index_feed_generators: listRecords failed repo=did:plc:y7ot7ycikkejs4cw5ayskk6q err=HttpError('InvalidRequest: Could not find repo: did:plc:y7ot7ycikkejs4cw5ayskk6q')
2026-03-21T22:10:46Z WARNING bsky_collector_v2.job.index_feed_generators: listRecords failed repo=did:plc:cikr46fbhj6ik4xhxydrvru4 err=HttpError('InvalidRequest: Could not find repo: did:plc:cikr46fbhj6ik4xhxydrvru4')
2026-03-21T22:10:46Z WARNING bsky_collector_v2.job.index_feed_generators: listRecords failed repo=did:plc:g5jtpjcnq57py6lkekpfxxr3 err=HttpError('InvalidRequest: Could not find repo: did:plc:g5jtpjcnq57py6lkekpfxxr3')
2026-03-21T22:10:46Z WARNING bsky_collector_v2.job.index_feed_generators: listRecords failed repo=did:plc:hcyedf55jiwg7ryga6bzqont err=HttpError('InvalidRequest: Could not find repo: did:plc:hcyedf55jiwg7ryga6bzqont')
2026-03-21T22:10:46Z WARNING bsky_collector_v2.job.index_feed_generators: listRecords failed repo=did:plc:y7ot7ycikkejs4cw5ayskk6q err=HttpError('InvalidRequest: Could not find repo: did:plc:y7ot7ycikkejs4cw5ayskk6q')
2026-03-21T22:10:46Z WARNING bsky_collector_v2.job.index_feed_generators: listRecords failed repo=did:plc:cikr46fbhj6ik4xhxydrvru4 err=HttpError('InvalidRequest: Could not find repo: did:plc:cikr46fbhj6ik4xhxydrvru4')
2026-03-21T22:10:46Z WARNING bsky_collector_v2.job.index_feed_generators: listRecords failed repo=did:plc:g5jtpjcnq57py6lkekpfxxr3 err=HttpError('InvalidRequest: Could not find repo: did:plc:g5jtpjcnq57py6lkekpfxxr3')
2026-03-21T22:10:46Z WARNING bsky_collector_v2.job.index_feed_generators: listRecords failed repo=did:plc:hcyedf55jiwg7ryga6bzqont err=HttpError('InvalidRequest: Could not find repo: did:plc:hcyedf55jiwg7ryga6bzqont')
2026-03-21T22:10:46Z WARNING bsky_collector_v2.job.index_feed_generators: listRecords failed repo=did:plc:y7ot7ycikkejs4cw5ayskk6q err=HttpError('InvalidRequest: Could not find repo: did:plc:y7ot7ycikkejs4cw5ayskk6q')
2026-03-21T22:10:47Z INFO bsky_collector_v2.job.index_feed_generators: enqueued repos page=24 mode=listRepos inserted=500 repos_returned=500 next_cursor=set
2026-03-21T22:11:52Z INFO bsky_collector_v2.job.index_feed_generators: indexed repo=did:plc:ri4koszynwflnbavovb26nsu part=215 records=1 next_cursor=set
2026-03-21T22:12:13Z WARNING bsky_collector_v2.job.index_feed_generators: listRecords failed repo=did:plc:wndn3x4kgxav4fai5kezgulq err=HttpError('InvalidRequest: Could not find repo: did:plc:wndn3x4kgxav4fai5kezgulq')
2026-03-21T22:12:33Z WARNING bsky_collector_v2.job.index_feed_generators: listRecords failed repo=did:plc:zgj2uovnnc64lyy4oidao4q5 err=HttpError('InvalidRequest: Could not find repo: did:plc:zgj2uovnnc64lyy4oidao4q5')
2026-03-21T22:12:35Z WARNING bsky_collector_v2.job.index_feed_generators: listRecords failed repo=did:plc:wndn3x4kgxav4fai5kezgulq err=HttpError('InvalidRequest: Could not find repo: did:plc:wndn3x4kgxav4fai5kezgulq')
2026-03-21T22:12:35Z WARNING bsky_collector_v2.job.index_feed_generators: listRecords failed repo=did:plc:zgj2uovnnc64lyy4oidao4q5 err=HttpError('InvalidRequest: Could not find repo: did:plc:zgj2uovnnc64lyy4oidao4q5')
2026-03-21T22:12:35Z WARNING bsky_collector_v2.job.index_feed_generators: listRecords failed repo=did:plc:wndn3x4kgxav4fai5kezgulq err=HttpError('InvalidRequest: Could not find repo: did:plc:wndn3x4kgxav4fai5kezgulq')
2026-03-21T22:12:35Z WARNING bsky_collector_v2.job.index_feed_generators: listRecords failed repo=did:plc:zgj2uovnnc64lyy4oidao4q5 err=HttpError('InvalidRequest: Could not find repo: did:plc:zgj2uovnnc64lyy4oidao4q5')
2026-03-21T22:12:36Z INFO bsky_collector_v2.job.index_feed_generators: enqueued repos page=25 mode=listRepos inserted=500 repos_returned=500 next_cursor=set
2026-03-21T22:13:09Z WARNING bsky_collector_v2.job.index_feed_generators: listRecords failed repo=did:plc:fxoly573i6n6nl45yq4n4xyp err=HttpError('InvalidRequest: Could not find repo: did:plc:fxoly573i6n6nl45yq4n4xyp')
2026-03-21T22:13:16Z WARNING bsky_collector_v2.job.index_feed_generators: listRecords failed repo=did:plc:ikkziozmef62v4rxeqkms7xd err=HttpError('InvalidRequest: Could not find repo: did:plc:ikkziozmef62v4rxeqkms7xd')
2026-03-21T22:14:03Z WARNING bsky_collector_v2.job.index_feed_generators: listRecords failed repo=did:plc:wpcrdrp3quyy6wbbll3f6d75 err=HttpError('InvalidRequest: Could not find repo: did:plc:wpcrdrp3quyy6wbbll3f6d75')
2026-03-21T22:14:20Z WARNING bsky_collector_v2.job.index_feed_generators: listRecords failed repo=did:plc:fxoly573i6n6nl45yq4n4xyp err=HttpError('InvalidRequest: Could not find repo: did:plc:fxoly573i6n6nl45yq4n4xyp')
2026-03-21T22:14:21Z WARNING bsky_collector_v2.job.index_feed_generators: listRecords failed repo=did:plc:ikkziozmef62v4rxeqkms7xd err=HttpError('InvalidRequest: Could not find repo: did:plc:ikkziozmef62v4rxeqkms7xd')
2026-03-21T22:14:21Z WARNING bsky_collector_v2.job.index_feed_generators: listRecords failed repo=did:plc:wpcrdrp3quyy6wbbll3f6d75 err=HttpError('InvalidRequest: Could not find repo: did:plc:wpcrdrp3quyy6wbbll3f6d75')
2026-03-21T22:14:21Z WARNING bsky_collector_v2.job.index_feed_generators: listRecords failed repo=did:plc:fxoly573i6n6nl45yq4n4xyp err=HttpError('InvalidRequest: Could not find repo: did:plc:fxoly573i6n6nl45yq4n4xyp')
2026-03-21T22:14:21Z WARNING bsky_collector_v2.job.index_feed_generators: listRecords failed repo=did:plc:ikkziozmef62v4rxeqkms7xd err=HttpError('InvalidRequest: Could not find repo: did:plc:ikkziozmef62v4rxeqkms7xd')
2026-03-21T22:14:21Z WARNING bsky_collector_v2.job.index_feed_generators: listRecords failed repo=did:plc:wpcrdrp3quyy6wbbll3f6d75 err=HttpError('InvalidRequest: Could not find repo: did:plc:wpcrdrp3quyy6wbbll3f6d75')
2026-03-21T22:14:22Z INFO bsky_collector_v2.job.index_feed_generators: enqueued repos page=26 mode=listRepos inserted=500 repos_returned=500 next_cursor=set
2026-03-21T22:14:39Z WARNING bsky_collector_v2.job.index_feed_generators: listRecords failed repo=did:plc:6o5dhdtnwvf3hffc7knsbjyi err=HttpError('InvalidRequest: Could not find repo: did:plc:6o5dhdtnwvf3hffc7knsbjyi')
2026-03-21T22:16:02Z WARNING bsky_collector_v2.job.index_feed_generators: listRecords failed repo=did:plc:6o5dhdtnwvf3hffc7knsbjyi err=HttpError('InvalidRequest: Could not find repo: did:plc:6o5dhdtnwvf3hffc7knsbjyi')
2026-03-21T22:16:02Z WARNING bsky_collector_v2.job.index_feed_generators: listRecords failed repo=did:plc:6o5dhdtnwvf3hffc7knsbjyi err=HttpError('InvalidRequest: Could not find repo: did:plc:6o5dhdtnwvf3hffc7knsbjyi')
2026-03-21T22:16:03Z INFO bsky_collector_v2.job.index_feed_generators: enqueued repos page=27 mode=listRepos inserted=500 repos_returned=500 next_cursor=set
2026-03-21T22:16:03Z WARNING bsky_collector_v2.job.index_feed_generators: listRecords failed repo=did:plc:23xqgpvyj7447ahedx2i5s6o err=HttpError('InvalidRequest: Could not find repo: did:plc:23xqgpvyj7447ahedx2i5s6o')
2026-03-21T22:17:25Z WARNING bsky_collector_v2.job.index_feed_generators: listRecords failed repo=did:plc:vzwyokmboh6umhh6dqb5njpn err=HttpError('InvalidRequest: Could not find repo: did:plc:vzwyokmboh6umhh6dqb5njpn')
2026-03-21T22:17:37Z WARNING bsky_collector_v2.job.index_feed_generators: listRecords failed repo=did:plc:23xqgpvyj7447ahedx2i5s6o err=HttpError('InvalidRequest: Could not find repo: did:plc:23xqgpvyj7447ahedx2i5s6o')
2026-03-21T22:17:37Z WARNING bsky_collector_v2.job.index_feed_generators: listRecords failed repo=did:plc:vzwyokmboh6umhh6dqb5njpn err=HttpError('InvalidRequest: Could not find repo: did:plc:vzwyokmboh6umhh6dqb5njpn')
2026-03-21T22:17:37Z WARNING bsky_collector_v2.job.index_feed_generators: listRecords failed repo=did:plc:23xqgpvyj7447ahedx2i5s6o err=HttpError('InvalidRequest: Could not find repo: did:plc:23xqgpvyj7447ahedx2i5s6o')
2026-03-21T22:17:37Z WARNING bsky_collector_v2.job.index_feed_generators: listRecords failed repo=did:plc:vzwyokmboh6umhh6dqb5njpn err=HttpError('InvalidRequest: Could not find repo: did:plc:vzwyokmboh6umhh6dqb5njpn')
2026-03-21T22:17:38Z INFO bsky_collector_v2.job.index_feed_generators: enqueued repos page=28 mode=listRepos inserted=500 repos_returned=500 next_cursor=set
2026-03-21T22:17:44Z WARNING bsky_collector_v2.job.index_feed_generators: listRecords failed repo=did:plc:4br2p234sayfd4d4vkjeaz5u err=HttpError('InvalidRequest: Could not find repo: did:plc:4br2p234sayfd4d4vkjeaz5u')
2026-03-21T22:17:52Z WARNING bsky_collector_v2.job.index_feed_generators: listRecords failed repo=did:plc:6nzo3ryyxxwsysm77aguvdjj err=HttpError('InvalidRequest: Could not find repo: did:plc:6nzo3ryyxxwsysm77aguvdjj')
2026-03-21T22:19:11Z WARNING bsky_collector_v2.job.index_feed_generators: listRecords failed repo=did:plc:4br2p234sayfd4d4vkjeaz5u err=HttpError('InvalidRequest: Could not find repo: did:plc:4br2p234sayfd4d4vkjeaz5u')
2026-03-21T22:19:11Z WARNING bsky_collector_v2.job.index_feed_generators: listRecords failed repo=did:plc:6nzo3ryyxxwsysm77aguvdjj err=HttpError('InvalidRequest: Could not find repo: did:plc:6nzo3ryyxxwsysm77aguvdjj')
2026-03-21T22:19:11Z WARNING bsky_collector_v2.job.index_feed_generators: listRecords failed repo=did:plc:4br2p234sayfd4d4vkjeaz5u err=HttpError('InvalidRequest: Could not find repo: did:plc:4br2p234sayfd4d4vkjeaz5u')
2026-03-21T22:19:11Z WARNING bsky_collector_v2.job.index_feed_generators: listRecords failed repo=did:plc:6nzo3ryyxxwsysm77aguvdjj err=HttpError('InvalidRequest: Could not find repo: did:plc:6nzo3ryyxxwsysm77aguvdjj')
2026-03-21T22:19:12Z INFO bsky_collector_v2.job.index_feed_generators: enqueued repos page=29 mode=listRepos inserted=500 repos_returned=500 next_cursor=set
2026-03-21T22:20:23Z WARNING bsky_collector_v2.job.index_feed_generators: listRecords failed repo=did:plc:s6r5p3t7zaceuidpepixflex err=HttpError('InvalidRequest: Could not find repo: did:plc:s6r5p3t7zaceuidpepixflex')
2026-03-21T22:20:46Z WARNING bsky_collector_v2.job.index_feed_generators: listRecords failed repo=did:plc:s6r5p3t7zaceuidpepixflex err=HttpError('InvalidRequest: Could not find repo: did:plc:s6r5p3t7zaceuidpepixflex')
2026-03-21T22:20:46Z WARNING bsky_collector_v2.job.index_feed_generators: listRecords failed repo=did:plc:s6r5p3t7zaceuidpepixflex err=HttpError('InvalidRequest: Could not find repo: did:plc:s6r5p3t7zaceuidpepixflex')
2026-03-21T22:20:47Z INFO bsky_collector_v2.job.index_feed_generators: enqueued repos page=30 mode=listRepos inserted=500 repos_returned=500 next_cursor=set
2026-03-21T22:21:09Z WARNING bsky_collector_v2.job.index_feed_generators: listRecords failed repo=did:plc:d3nbaujgbxzxkokidplo4u4f err=HttpError('InvalidRequest: Could not find repo: did:plc:d3nbaujgbxzxkokidplo4u4f')
2026-03-21T22:22:19Z WARNING bsky_collector_v2.job.index_feed_generators: listRecords failed repo=did:plc:d3nbaujgbxzxkokidplo4u4f err=HttpError('InvalidRequest: Could not find repo: did:plc:d3nbaujgbxzxkokidplo4u4f')
2026-03-21T22:22:19Z WARNING bsky_collector_v2.job.index_feed_generators: listRecords failed repo=did:plc:d3nbaujgbxzxkokidplo4u4f err=HttpError('InvalidRequest: Could not find repo: did:plc:d3nbaujgbxzxkokidplo4u4f')
2026-03-21T22:22:20Z INFO bsky_collector_v2.job.index_feed_generators: enqueued repos page=31 mode=listRepos inserted=500 repos_returned=500 next_cursor=set
2026-03-21T22:23:10Z WARNING bsky_collector_v2.job.index_feed_generators: listRecords failed repo=did:plc:is76kboo67suon5vzuxnimvo err=HttpError('InvalidRequest: Could not find repo: did:plc:is76kboo67suon5vzuxnimvo')
2026-03-21T22:23:18Z WARNING bsky_collector_v2.job.index_feed_generators: listRecords failed repo=did:plc:lpsdwcpjqgcyol6o3kvkoa7w err=HttpError('InvalidRequest: Could not find repo: did:plc:lpsdwcpjqgcyol6o3kvkoa7w')
2026-03-21T22:23:23Z WARNING bsky_collector_v2.job.index_feed_generators: listRecords failed repo=did:plc:nt4eg46grm3caeljbgw4s5hx err=HttpError('InvalidRequest: Could not find repo: did:plc:nt4eg46grm3caeljbgw4s5hx')
2026-03-21T22:23:54Z WARNING bsky_collector_v2.job.index_feed_generators: listRecords failed repo=did:plc:xnij5swjbhfduogf2szv7l5z err=HttpError('InvalidRequest: Could not find repo: did:plc:xnij5swjbhfduogf2szv7l5z')
2026-03-21T22:23:55Z WARNING bsky_collector_v2.job.index_feed_generators: listRecords failed repo=did:plc:y2ornxqsrsehtyhatsr6ixw2 err=HttpError('InvalidRequest: Could not find repo: did:plc:y2ornxqsrsehtyhatsr6ixw2')
2026-03-21T22:24:01Z WARNING bsky_collector_v2.job.index_feed_generators: listRecords failed repo=did:plc:is76kboo67suon5vzuxnimvo err=HttpError('InvalidRequest: Could not find repo: did:plc:is76kboo67suon5vzuxnimvo')
2026-03-21T22:24:02Z WARNING bsky_collector_v2.job.index_feed_generators: listRecords failed repo=did:plc:lpsdwcpjqgcyol6o3kvkoa7w err=HttpError('InvalidRequest: Could not find repo: did:plc:lpsdwcpjqgcyol6o3kvkoa7w')
2026-03-21T22:24:02Z WARNING bsky_collector_v2.job.index_feed_generators: listRecords failed repo=did:plc:nt4eg46grm3caeljbgw4s5hx err=HttpError('InvalidRequest: Could not find repo: did:plc:nt4eg46grm3caeljbgw4s5hx')
2026-03-21T22:24:02Z WARNING bsky_collector_v2.job.index_feed_generators: listRecords failed repo=did:plc:xnij5swjbhfduogf2szv7l5z err=HttpError('InvalidRequest: Could not find repo: did:plc:xnij5swjbhfduogf2szv7l5z')
2026-03-21T22:24:02Z WARNING bsky_collector_v2.job.index_feed_generators: listRecords failed repo=did:plc:y2ornxqsrsehtyhatsr6ixw2 err=HttpError('InvalidRequest: Could not find repo: did:plc:y2ornxqsrsehtyhatsr6ixw2')
2026-03-21T22:24:02Z WARNING bsky_collector_v2.job.index_feed_generators: listRecords failed repo=did:plc:is76kboo67suon5vzuxnimvo err=HttpError('InvalidRequest: Could not find repo: did:plc:is76kboo67suon5vzuxnimvo')
2026-03-21T22:24:02Z WARNING bsky_collector_v2.job.index_feed_generators: listRecords failed repo=did:plc:lpsdwcpjqgcyol6o3kvkoa7w err=HttpError('InvalidRequest: Could not find repo: did:plc:lpsdwcpjqgcyol6o3kvkoa7w')
2026-03-21T22:24:02Z WARNING bsky_collector_v2.job.index_feed_generators: listRecords failed repo=did:plc:nt4eg46grm3caeljbgw4s5hx err=HttpError('InvalidRequest: Could not find repo: did:plc:nt4eg46grm3caeljbgw4s5hx')
2026-03-21T22:24:02Z WARNING bsky_collector_v2.job.index_feed_generators: listRecords failed repo=did:plc:xnij5swjbhfduogf2szv7l5z err=HttpError('InvalidRequest: Could not find repo: did:plc:xnij5swjbhfduogf2szv7l5z')
2026-03-21T22:24:02Z WARNING bsky_collector_v2.job.index_feed_generators: listRecords failed repo=did:plc:y2ornxqsrsehtyhatsr6ixw2 err=HttpError('InvalidRequest: Could not find repo: did:plc:y2ornxqsrsehtyhatsr6ixw2')
2026-03-21T22:24:03Z INFO bsky_collector_v2.job.index_feed_generators: enqueued repos page=32 mode=listRepos inserted=500 repos_returned=500 next_cursor=set
2026-03-21T22:24:12Z WARNING bsky_collector_v2.job.index_feed_generators: listRecords failed repo=did:plc:4zgvxoarpaqhbprfkzh66ope err=HttpError('InvalidRequest: Could not find repo: did:plc:4zgvxoarpaqhbprfkzh66ope')
2026-03-21T22:24:31Z WARNING bsky_collector_v2.job.index_feed_generators: listRecords failed repo=did:plc:csgwoa5xzccuxwqendbtl7cb err=HttpError('InvalidRequest: Could not find repo: did:plc:csgwoa5xzccuxwqendbtl7cb')
2026-03-21T22:26:04Z WARNING bsky_collector_v2.job.index_feed_generators: listRecords failed repo=did:plc:4zgvxoarpaqhbprfkzh66ope err=HttpError('InvalidRequest: Could not find repo: did:plc:4zgvxoarpaqhbprfkzh66ope')
2026-03-21T22:26:05Z WARNING bsky_collector_v2.job.index_feed_generators: listRecords failed repo=did:plc:csgwoa5xzccuxwqendbtl7cb err=HttpError('InvalidRequest: Could not find repo: did:plc:csgwoa5xzccuxwqendbtl7cb')
2026-03-21T22:26:05Z WARNING bsky_collector_v2.job.index_feed_generators: listRecords failed repo=did:plc:4zgvxoarpaqhbprfkzh66ope err=HttpError('InvalidRequest: Could not find repo: did:plc:4zgvxoarpaqhbprfkzh66ope')
2026-03-21T22:26:05Z WARNING bsky_collector_v2.job.index_feed_generators: listRecords failed repo=did:plc:csgwoa5xzccuxwqendbtl7cb err=HttpError('InvalidRequest: Could not find repo: did:plc:csgwoa5xzccuxwqendbtl7cb')
2026-03-21T22:26:05Z INFO bsky_collector_v2.job.index_feed_generators: enqueued repos page=33 mode=listRepos inserted=500 repos_returned=500 next_cursor=set
2026-03-21T22:26:10Z WARNING bsky_collector_v2.job.index_feed_generators: listRecords failed repo=did:plc:4aouvqurrj3ribt5dojkpf6o err=HttpError('InvalidRequest: Could not find repo: did:plc:4aouvqurrj3ribt5dojkpf6o')
2026-03-21T22:26:48Z WARNING bsky_collector_v2.job.index_feed_generators: listRecords failed repo=did:plc:jrm6aylcdqkm6cyebwl5kdry err=HttpError('InvalidRequest: Could not find repo: did:plc:jrm6aylcdqkm6cyebwl5kdry')
2026-03-21T22:27:22Z WARNING bsky_collector_v2.job.index_feed_generators: listRecords failed repo=did:plc:vx3o7lzk3w5shoezbfoybffm err=HttpError('InvalidRequest: Could not find repo: did:plc:vx3o7lzk3w5shoezbfoybffm')
2026-03-21T22:27:32Z WARNING bsky_collector_v2.job.index_feed_generators: listRecords failed repo=did:plc:4aouvqurrj3ribt5dojkpf6o err=HttpError('InvalidRequest: Could not find repo: did:plc:4aouvqurrj3ribt5dojkpf6o')
2026-03-21T22:27:32Z WARNING bsky_collector_v2.job.index_feed_generators: listRecords failed repo=did:plc:jrm6aylcdqkm6cyebwl5kdry err=HttpError('InvalidRequest: Could not find repo: did:plc:jrm6aylcdqkm6cyebwl5kdry')
2026-03-21T22:27:32Z WARNING bsky_collector_v2.job.index_feed_generators: listRecords failed repo=did:plc:vx3o7lzk3w5shoezbfoybffm err=HttpError('InvalidRequest: Could not find repo: did:plc:vx3o7lzk3w5shoezbfoybffm')
2026-03-21T22:27:32Z WARNING bsky_collector_v2.job.index_feed_generators: listRecords failed repo=did:plc:4aouvqurrj3ribt5dojkpf6o err=HttpError('InvalidRequest: Could not find repo: did:plc:4aouvqurrj3ribt5dojkpf6o')
2026-03-21T22:27:32Z WARNING bsky_collector_v2.job.index_feed_generators: listRecords failed repo=did:plc:jrm6aylcdqkm6cyebwl5kdry err=HttpError('InvalidRequest: Could not find repo: did:plc:jrm6aylcdqkm6cyebwl5kdry')
2026-03-21T22:27:33Z WARNING bsky_collector_v2.job.index_feed_generators: listRecords failed repo=did:plc:vx3o7lzk3w5shoezbfoybffm err=HttpError('InvalidRequest: Could not find repo: did:plc:vx3o7lzk3w5shoezbfoybffm')
