2026-03-19T16:23:04Z INFO bsky_collector_v2: out_base ok path=/Volumes/T9/BlueSky/data_v2_full mount=/Volumes/T9
2026-03-19T16:23:04Z INFO bsky_collector_v2: job start subcommand=index-feed-generators dry_run=False resume=True
2026-03-19T16:23:04Z INFO bsky_collector_v2.job.index_feed_generators: feed generator index hosts relay_host=https://bsky.network records_host=https://bsky.social auth=yes
2026-03-19T16:23:25Z INFO bsky_collector_v2.job.index_feed_generators: enqueued repos page=1 mode=listRepos inserted=500 repos_returned=500 next_cursor=set
2026-03-19T16:23:33Z WARNING bsky_collector_v2.job.index_feed_generators: listRecords failed repo=did:plc:4dzqfnnwvbsmdukoqgxkaoad err=HttpError('InvalidRequest: Could not find repo: did:plc:4dzqfnnwvbsmdukoqgxkaoad')
2026-03-19T16:23:44Z WARNING bsky_collector_v2.job.index_feed_generators: listRecords failed repo=did:plc:bk6a3uhjgjq34qy7kc6mddur err=HttpError('InvalidRequest: Could not find repo: did:plc:bk6a3uhjgjq34qy7kc6mddur')
2026-03-19T16:23:50Z INFO bsky_collector_v2.job.index_feed_generators: indexed repo=did:plc:eajqtlryzax6fbqjun23a5o6 part=128 records=1 next_cursor=set
2026-03-19T16:24:14Z WARNING bsky_collector_v2.job.index_feed_generators: listRecords failed repo=did:plc:rhaqzudsydn2wz3hbdmi24j5 err=HttpError('InvalidRequest: Could not find repo: did:plc:rhaqzudsydn2wz3hbdmi24j5')
2026-03-19T16:24:33Z WARNING bsky_collector_v2.job.index_feed_generators: listRecords failed repo=did:plc:4dzqfnnwvbsmdukoqgxkaoad err=HttpError('InvalidRequest: Could not find repo: did:plc:4dzqfnnwvbsmdukoqgxkaoad')
2026-03-19T16:24:33Z WARNING bsky_collector_v2.job.index_feed_generators: listRecords failed repo=did:plc:bk6a3uhjgjq34qy7kc6mddur err=HttpError('InvalidRequest: Could not find repo: did:plc:bk6a3uhjgjq34qy7kc6mddur')
2026-03-19T16:24:34Z WARNING bsky_collector_v2.job.index_feed_generators: listRecords failed repo=did:plc:rhaqzudsydn2wz3hbdmi24j5 err=HttpError('InvalidRequest: Could not find repo: did:plc:rhaqzudsydn2wz3hbdmi24j5')
2026-03-19T16:24:34Z WARNING bsky_collector_v2.job.index_feed_generators: listRecords failed repo=did:plc:4dzqfnnwvbsmdukoqgxkaoad err=HttpError('InvalidRequest: Could not find repo: did:plc:4dzqfnnwvbsmdukoqgxkaoad')
2026-03-19T16:24:34Z WARNING bsky_collector_v2.job.index_feed_generators: listRecords failed repo=did:plc:bk6a3uhjgjq34qy7kc6mddur err=HttpError('InvalidRequest: Could not find repo: did:plc:bk6a3uhjgjq34qy7kc6mddur')
2026-03-19T16:24:34Z WARNING bsky_collector_v2.job.index_feed_generators: listRecords failed repo=did:plc:rhaqzudsydn2wz3hbdmi24j5 err=HttpError('InvalidRequest: Could not find repo: did:plc:rhaqzudsydn2wz3hbdmi24j5')
2026-03-19T16:24:34Z INFO bsky_collector_v2.job.index_feed_generators: enqueued repos page=2 mode=listRepos inserted=500 repos_returned=500 next_cursor=set
2026-03-19T16:24:36Z WARNING bsky_collector_v2.job.index_feed_generators: listRecords failed repo=did:plc:2qlmvzy5zfbkuq5sm7znrf2i err=HttpError('InvalidRequest: Could not find repo: did:plc:2qlmvzy5zfbkuq5sm7znrf2i')
2026-03-19T16:25:00Z WARNING bsky_collector_v2.job.index_feed_generators: listRecords failed repo=did:plc:frmxhpgtld3pb4m3xqv7xwmq err=HttpError('InvalidRequest: Could not find repo: did:plc:frmxhpgtld3pb4m3xqv7xwmq')
2026-03-19T16:25:40Z WARNING bsky_collector_v2.job.index_feed_generators: listRecords failed repo=did:plc:zn5rmceloggtty6rmk6uyqu6 err=HttpError('InvalidRequest: Could not find repo: did:plc:zn5rmceloggtty6rmk6uyqu6')
2026-03-19T16:25:40Z WARNING bsky_collector_v2.job.index_feed_generators: listRecords failed repo=did:plc:2qlmvzy5zfbkuq5sm7znrf2i err=HttpError('InvalidRequest: Could not find repo: did:plc:2qlmvzy5zfbkuq5sm7znrf2i')
2026-03-19T16:25:40Z WARNING bsky_collector_v2.job.index_feed_generators: listRecords failed repo=did:plc:frmxhpgtld3pb4m3xqv7xwmq err=HttpError('InvalidRequest: Could not find repo: did:plc:frmxhpgtld3pb4m3xqv7xwmq')
2026-03-19T16:25:40Z WARNING bsky_collector_v2.job.index_feed_generators: listRecords failed repo=did:plc:zn5rmceloggtty6rmk6uyqu6 err=HttpError('InvalidRequest: Could not find repo: did:plc:zn5rmceloggtty6rmk6uyqu6')
2026-03-19T16:25:40Z WARNING bsky_collector_v2.job.index_feed_generators: listRecords failed repo=did:plc:2qlmvzy5zfbkuq5sm7znrf2i err=HttpError('InvalidRequest: Could not find repo: did:plc:2qlmvzy5zfbkuq5sm7znrf2i')
2026-03-19T16:25:40Z WARNING bsky_collector_v2.job.index_feed_generators: listRecords failed repo=did:plc:frmxhpgtld3pb4m3xqv7xwmq err=HttpError('InvalidRequest: Could not find repo: did:plc:frmxhpgtld3pb4m3xqv7xwmq')
2026-03-19T16:25:41Z WARNING bsky_collector_v2.job.index_feed_generators: listRecords failed repo=did:plc:zn5rmceloggtty6rmk6uyqu6 err=HttpError('InvalidRequest: Could not find repo: did:plc:zn5rmceloggtty6rmk6uyqu6')
2026-03-19T16:25:41Z INFO bsky_collector_v2.job.index_feed_generators: enqueued repos page=3 mode=listRepos inserted=500 repos_returned=500 next_cursor=set
2026-03-19T16:25:41Z WARNING bsky_collector_v2.job.index_feed_generators: listRecords failed repo=did:plc:2qb76cbhrzf7cu4yokukvofm err=HttpError('InvalidRequest: Could not find repo: did:plc:2qb76cbhrzf7cu4yokukvofm')
2026-03-19T16:26:41Z WARNING bsky_collector_v2.job.index_feed_generators: listRecords failed repo=did:plc:volf57nf4lcpkdsv74nd5imz err=HttpError('InvalidRequest: Could not find repo: did:plc:volf57nf4lcpkdsv74nd5imz')
2026-03-19T16:26:47Z WARNING bsky_collector_v2.job.index_feed_generators: listRecords failed repo=did:plc:2qb76cbhrzf7cu4yokukvofm err=HttpError('InvalidRequest: Could not find repo: did:plc:2qb76cbhrzf7cu4yokukvofm')
2026-03-19T16:26:47Z WARNING bsky_collector_v2.job.index_feed_generators: listRecords failed repo=did:plc:volf57nf4lcpkdsv74nd5imz err=HttpError('InvalidRequest: Could not find repo: did:plc:volf57nf4lcpkdsv74nd5imz')
2026-03-19T16:26:47Z WARNING bsky_collector_v2.job.index_feed_generators: listRecords failed repo=did:plc:2qb76cbhrzf7cu4yokukvofm err=HttpError('InvalidRequest: Could not find repo: did:plc:2qb76cbhrzf7cu4yokukvofm')
2026-03-19T16:26:47Z WARNING bsky_collector_v2.job.index_feed_generators: listRecords failed repo=did:plc:volf57nf4lcpkdsv74nd5imz err=HttpError('InvalidRequest: Could not find repo: did:plc:volf57nf4lcpkdsv74nd5imz')
2026-03-19T16:26:48Z INFO bsky_collector_v2.job.index_feed_generators: enqueued repos page=4 mode=listRepos inserted=500 repos_returned=500 next_cursor=set
2026-03-19T16:27:14Z WARNING bsky_collector_v2.job.index_feed_generators: listRecords failed repo=did:plc:hg5kafoygy52yfqfcnmkxyo7 err=HttpError('InvalidRequest: Could not find repo: did:plc:hg5kafoygy52yfqfcnmkxyo7')
2026-03-19T16:28:00Z WARNING bsky_collector_v2.job.index_feed_generators: listRecords failed repo=did:plc:wgxwazpn7bzkrqihm5ve37p7 err=HttpError('InvalidRequest: Could not find repo: did:plc:wgxwazpn7bzkrqihm5ve37p7')
2026-03-19T16:28:15Z WARNING bsky_collector_v2.job.index_feed_generators: listRecords failed repo=did:plc:hg5kafoygy52yfqfcnmkxyo7 err=HttpError('InvalidRequest: Could not find repo: did:plc:hg5kafoygy52yfqfcnmkxyo7')
2026-03-19T16:28:16Z WARNING bsky_collector_v2.job.index_feed_generators: listRecords failed repo=did:plc:wgxwazpn7bzkrqihm5ve37p7 err=HttpError('InvalidRequest: Could not find repo: did:plc:wgxwazpn7bzkrqihm5ve37p7')
2026-03-19T16:28:16Z WARNING bsky_collector_v2.job.index_feed_generators: listRecords failed repo=did:plc:hg5kafoygy52yfqfcnmkxyo7 err=HttpError('InvalidRequest: Could not find repo: did:plc:hg5kafoygy52yfqfcnmkxyo7')
2026-03-19T16:28:16Z WARNING bsky_collector_v2.job.index_feed_generators: listRecords failed repo=did:plc:wgxwazpn7bzkrqihm5ve37p7 err=HttpError('InvalidRequest: Could not find repo: did:plc:wgxwazpn7bzkrqihm5ve37p7')
2026-03-19T16:28:17Z INFO bsky_collector_v2.job.index_feed_generators: enqueued repos page=5 mode=listRepos inserted=500 repos_returned=500 next_cursor=set
2026-03-19T16:28:32Z WARNING bsky_collector_v2.job.index_feed_generators: listRecords failed repo=did:plc:6mmxhbeuzulqadndremgjn2b err=HttpError('InvalidRequest: Could not find repo: did:plc:6mmxhbeuzulqadndremgjn2b')
2026-03-19T16:29:32Z WARNING bsky_collector_v2.job.index_feed_generators: listRecords failed repo=did:plc:wjd4vtbrspnklpqaogdowafr err=HttpError('InvalidRequest: Could not find repo: did:plc:wjd4vtbrspnklpqaogdowafr')
2026-03-19T16:29:41Z WARNING bsky_collector_v2.job.index_feed_generators: listRecords failed repo=did:plc:znwzolf3ffwqcizsj5cv6dhi err=HttpError('InvalidRequest: Could not find repo: did:plc:znwzolf3ffwqcizsj5cv6dhi')
2026-03-19T16:29:42Z WARNING bsky_collector_v2.job.index_feed_generators: listRecords failed repo=did:plc:6mmxhbeuzulqadndremgjn2b err=HttpError('InvalidRequest: Could not find repo: did:plc:6mmxhbeuzulqadndremgjn2b')
2026-03-19T16:29:42Z WARNING bsky_collector_v2.job.index_feed_generators: listRecords failed repo=did:plc:wjd4vtbrspnklpqaogdowafr err=HttpError('InvalidRequest: Could not find repo: did:plc:wjd4vtbrspnklpqaogdowafr')
2026-03-19T16:29:42Z WARNING bsky_collector_v2.job.index_feed_generators: listRecords failed repo=did:plc:znwzolf3ffwqcizsj5cv6dhi err=HttpError('InvalidRequest: Could not find repo: did:plc:znwzolf3ffwqcizsj5cv6dhi')
2026-03-19T16:29:42Z WARNING bsky_collector_v2.job.index_feed_generators: listRecords failed repo=did:plc:6mmxhbeuzulqadndremgjn2b err=HttpError('InvalidRequest: Could not find repo: did:plc:6mmxhbeuzulqadndremgjn2b')
2026-03-19T16:29:42Z WARNING bsky_collector_v2.job.index_feed_generators: listRecords failed repo=did:plc:wjd4vtbrspnklpqaogdowafr err=HttpError('InvalidRequest: Could not find repo: did:plc:wjd4vtbrspnklpqaogdowafr')
2026-03-19T16:29:43Z WARNING bsky_collector_v2.job.index_feed_generators: listRecords failed repo=did:plc:znwzolf3ffwqcizsj5cv6dhi err=HttpError('InvalidRequest: Could not find repo: did:plc:znwzolf3ffwqcizsj5cv6dhi')
2026-03-19T16:29:43Z INFO bsky_collector_v2.job.index_feed_generators: enqueued repos page=6 mode=listRepos inserted=500 repos_returned=500 next_cursor=set
2026-03-19T16:30:08Z WARNING bsky_collector_v2.job.index_feed_generators: listRecords failed repo=did:plc:dsqr7uveaxizz27jfegtx7uv err=HttpError('InvalidRequest: Could not find repo: did:plc:dsqr7uveaxizz27jfegtx7uv')
2026-03-19T16:30:52Z WARNING bsky_collector_v2.job.index_feed_generators: listRecords failed repo=did:plc:dsqr7uveaxizz27jfegtx7uv err=HttpError('InvalidRequest: Could not find repo: did:plc:dsqr7uveaxizz27jfegtx7uv')
2026-03-19T16:30:52Z WARNING bsky_collector_v2.job.index_feed_generators: listRecords failed repo=did:plc:dsqr7uveaxizz27jfegtx7uv err=HttpError('InvalidRequest: Could not find repo: did:plc:dsqr7uveaxizz27jfegtx7uv')
2026-03-19T16:30:52Z INFO bsky_collector_v2.job.index_feed_generators: enqueued repos page=7 mode=listRepos inserted=500 repos_returned=500 next_cursor=set
2026-03-19T16:31:39Z WARNING bsky_collector_v2.job.index_feed_generators: listRecords failed repo=did:plc:kbah2xlhofn2izb4wsxy5tzu err=HttpError('InvalidRequest: Could not find repo: did:plc:kbah2xlhofn2izb4wsxy5tzu')
2026-03-19T16:31:48Z WARNING bsky_collector_v2.job.index_feed_generators: listRecords failed repo=did:plc:oim2f6uem3wsd5t7sk3z46bv err=HttpError('InvalidRequest: Could not find repo: did:plc:oim2f6uem3wsd5t7sk3z46bv')
2026-03-19T16:31:51Z WARNING bsky_collector_v2.job.index_feed_generators: listRecords failed repo=did:plc:piu3ydozntfrmnyims6vf563 err=HttpError('InvalidRequest: Could not find repo: did:plc:piu3ydozntfrmnyims6vf563')
2026-03-19T16:32:11Z WARNING bsky_collector_v2.job.index_feed_generators: listRecords failed repo=did:plc:kbah2xlhofn2izb4wsxy5tzu err=HttpError('InvalidRequest: Could not find repo: did:plc:kbah2xlhofn2izb4wsxy5tzu')
2026-03-19T16:32:11Z WARNING bsky_collector_v2.job.index_feed_generators: listRecords failed repo=did:plc:oim2f6uem3wsd5t7sk3z46bv err=HttpError('InvalidRequest: Could not find repo: did:plc:oim2f6uem3wsd5t7sk3z46bv')
2026-03-19T16:32:11Z WARNING bsky_collector_v2.job.index_feed_generators: listRecords failed repo=did:plc:piu3ydozntfrmnyims6vf563 err=HttpError('InvalidRequest: Could not find repo: did:plc:piu3ydozntfrmnyims6vf563')
2026-03-19T16:32:11Z WARNING bsky_collector_v2.job.index_feed_generators: listRecords failed repo=did:plc:kbah2xlhofn2izb4wsxy5tzu err=HttpError('InvalidRequest: Could not find repo: did:plc:kbah2xlhofn2izb4wsxy5tzu')
2026-03-19T16:32:11Z WARNING bsky_collector_v2.job.index_feed_generators: listRecords failed repo=did:plc:oim2f6uem3wsd5t7sk3z46bv err=HttpError('InvalidRequest: Could not find repo: did:plc:oim2f6uem3wsd5t7sk3z46bv')
2026-03-19T16:32:11Z WARNING bsky_collector_v2.job.index_feed_generators: listRecords failed repo=did:plc:piu3ydozntfrmnyims6vf563 err=HttpError('InvalidRequest: Could not find repo: did:plc:piu3ydozntfrmnyims6vf563')
2026-03-19T16:32:12Z INFO bsky_collector_v2.job.index_feed_generators: enqueued repos page=8 mode=listRepos inserted=500 repos_returned=500 next_cursor=set
2026-03-19T16:32:35Z WARNING bsky_collector_v2.job.index_feed_generators: listRecords failed repo=did:plc:fjienskjbyqkam2oqi5oxkq2 err=HttpError('InvalidRequest: Could not find repo: did:plc:fjienskjbyqkam2oqi5oxkq2')
2026-03-19T16:32:43Z WARNING bsky_collector_v2.job.index_feed_generators: listRecords failed repo=did:plc:iwiypbturuqza3qr23twtfgl err=HttpError('InvalidRequest: Could not find repo: did:plc:iwiypbturuqza3qr23twtfgl')
2026-03-19T16:32:53Z WARNING bsky_collector_v2.job.index_feed_generators: listRecords failed repo=did:plc:njipkgwsarsffnr5ctun5n2m err=HttpError('InvalidRequest: Could not find repo: did:plc:njipkgwsarsffnr5ctun5n2m')
2026-03-19T16:33:20Z WARNING bsky_collector_v2.job.index_feed_generators: listRecords failed repo=did:plc:fjienskjbyqkam2oqi5oxkq2 err=HttpError('InvalidRequest: Could not find repo: did:plc:fjienskjbyqkam2oqi5oxkq2')
2026-03-19T16:33:20Z WARNING bsky_collector_v2.job.index_feed_generators: listRecords failed repo=did:plc:iwiypbturuqza3qr23twtfgl err=HttpError('InvalidRequest: Could not find repo: did:plc:iwiypbturuqza3qr23twtfgl')
2026-03-19T16:33:20Z WARNING bsky_collector_v2.job.index_feed_generators: listRecords failed repo=did:plc:njipkgwsarsffnr5ctun5n2m err=HttpError('InvalidRequest: Could not find repo: did:plc:njipkgwsarsffnr5ctun5n2m')
2026-03-19T16:33:20Z WARNING bsky_collector_v2.job.index_feed_generators: listRecords failed repo=did:plc:fjienskjbyqkam2oqi5oxkq2 err=HttpError('InvalidRequest: Could not find repo: did:plc:fjienskjbyqkam2oqi5oxkq2')
2026-03-19T16:33:20Z WARNING bsky_collector_v2.job.index_feed_generators: listRecords failed repo=did:plc:iwiypbturuqza3qr23twtfgl err=HttpError('InvalidRequest: Could not find repo: did:plc:iwiypbturuqza3qr23twtfgl')
2026-03-19T16:33:20Z WARNING bsky_collector_v2.job.index_feed_generators: listRecords failed repo=did:plc:njipkgwsarsffnr5ctun5n2m err=HttpError('InvalidRequest: Could not find repo: did:plc:njipkgwsarsffnr5ctun5n2m')
2026-03-19T16:33:20Z INFO bsky_collector_v2.job.index_feed_generators: enqueued repos page=9 mode=listRepos inserted=500 repos_returned=500 next_cursor=set
2026-03-19T16:34:27Z INFO bsky_collector_v2.job.index_feed_generators: enqueued repos page=10 mode=listRepos inserted=500 repos_returned=500 next_cursor=set
2026-03-19T16:34:29Z WARNING bsky_collector_v2.job.index_feed_generators: listRecords failed repo=did:plc:3fbgnfzjaeu2cyhok3yfrg3z err=HttpError('InvalidRequest: Could not find repo: did:plc:3fbgnfzjaeu2cyhok3yfrg3z')
2026-03-19T16:35:06Z WARNING bsky_collector_v2.job.index_feed_generators: listRecords failed repo=did:plc:hz7tr3wg2ijcviqkj3xpdodp err=HttpError('InvalidRequest: Could not find repo: did:plc:hz7tr3wg2ijcviqkj3xpdodp')
2026-03-19T16:35:07Z WARNING bsky_collector_v2.job.index_feed_generators: listRecords failed repo=did:plc:igoybbamqu7yjcrzspbk2don err=HttpError('InvalidRequest: Could not find repo: did:plc:igoybbamqu7yjcrzspbk2don')
2026-03-19T16:35:46Z WARNING bsky_collector_v2.job.index_feed_generators: listRecords failed repo=did:plc:3fbgnfzjaeu2cyhok3yfrg3z err=HttpError('InvalidRequest: Could not find repo: did:plc:3fbgnfzjaeu2cyhok3yfrg3z')
2026-03-19T16:35:46Z WARNING bsky_collector_v2.job.index_feed_generators: listRecords failed repo=did:plc:hz7tr3wg2ijcviqkj3xpdodp err=HttpError('InvalidRequest: Could not find repo: did:plc:hz7tr3wg2ijcviqkj3xpdodp')
2026-03-19T16:35:46Z WARNING bsky_collector_v2.job.index_feed_generators: listRecords failed repo=did:plc:igoybbamqu7yjcrzspbk2don err=HttpError('InvalidRequest: Could not find repo: did:plc:igoybbamqu7yjcrzspbk2don')
2026-03-19T16:35:47Z WARNING bsky_collector_v2.job.index_feed_generators: listRecords failed repo=did:plc:3fbgnfzjaeu2cyhok3yfrg3z err=HttpError('InvalidRequest: Could not find repo: did:plc:3fbgnfzjaeu2cyhok3yfrg3z')
2026-03-19T16:35:47Z WARNING bsky_collector_v2.job.index_feed_generators: listRecords failed repo=did:plc:hz7tr3wg2ijcviqkj3xpdodp err=HttpError('InvalidRequest: Could not find repo: did:plc:hz7tr3wg2ijcviqkj3xpdodp')
2026-03-19T16:35:47Z WARNING bsky_collector_v2.job.index_feed_generators: listRecords failed repo=did:plc:igoybbamqu7yjcrzspbk2don err=HttpError('InvalidRequest: Could not find repo: did:plc:igoybbamqu7yjcrzspbk2don')
2026-03-19T16:35:47Z INFO bsky_collector_v2.job.index_feed_generators: enqueued repos page=11 mode=listRepos inserted=500 repos_returned=500 next_cursor=set
2026-03-19T16:35:52Z WARNING bsky_collector_v2.job.index_feed_generators: listRecords failed repo=did:plc:4frwo6zk7cfohyqezmzll5cn err=HttpError('InvalidRequest: Could not find repo: did:plc:4frwo6zk7cfohyqezmzll5cn')
2026-03-19T16:36:08Z WARNING bsky_collector_v2.job.index_feed_generators: listRecords failed repo=did:plc:bpv4d7gnonskaczifgk2bynz err=HttpError('InvalidRequest: Could not find repo: did:plc:bpv4d7gnonskaczifgk2bynz')
2026-03-19T16:36:16Z WARNING bsky_collector_v2.job.index_feed_generators: listRecords failed repo=did:plc:d3mlzkdkfvrb5kaljnpqi4t4 err=HttpError('InvalidRequest: Could not find repo: did:plc:d3mlzkdkfvrb5kaljnpqi4t4')
2026-03-19T16:36:19Z WARNING bsky_collector_v2.job.index_feed_generators: listRecords failed repo=did:plc:dzdza4rfzpzg63ss23mzucpc err=HttpError('InvalidRequest: Could not find repo: did:plc:dzdza4rfzpzg63ss23mzucpc')
2026-03-19T16:36:20Z WARNING bsky_collector_v2.job.index_feed_generators: listRecords failed repo=did:plc:ecbw6sctpwa5doedj3j5jtut err=HttpError('InvalidRequest: Could not find repo: did:plc:ecbw6sctpwa5doedj3j5jtut')
2026-03-19T16:36:28Z WARNING bsky_collector_v2.job.index_feed_generators: listRecords failed repo=did:plc:hbikusfcw7qorcpapoli7zga err=HttpError('InvalidRequest: Could not find repo: did:plc:hbikusfcw7qorcpapoli7zga')
2026-03-19T16:36:42Z WARNING bsky_collector_v2.job.index_feed_generators: listRecords failed repo=did:plc:k5kwaprtc262ndbg4ghmnig2 err=HttpError('InvalidRequest: Could not find repo: did:plc:k5kwaprtc262ndbg4ghmnig2')
2026-03-19T16:36:45Z WARNING bsky_collector_v2.job.index_feed_generators: listRecords failed repo=did:plc:kx3emgaffky3k23l6tp3udro err=HttpError('InvalidRequest: Could not find repo: did:plc:kx3emgaffky3k23l6tp3udro')
2026-03-19T16:36:48Z WARNING bsky_collector_v2.job.index_feed_generators: listRecords failed repo=did:plc:lmdw4jkhuf6lfylqvggi4rrf err=HttpError('InvalidRequest: Could not find repo: did:plc:lmdw4jkhuf6lfylqvggi4rrf')
2026-03-19T16:36:57Z WARNING bsky_collector_v2.job.index_feed_generators: listRecords failed repo=did:plc:pb22s3wfgp2ims3phhgdvxiq err=HttpError('InvalidRequest: Could not find repo: did:plc:pb22s3wfgp2ims3phhgdvxiq')
2026-03-19T16:36:58Z INFO bsky_collector_v2.job.index_feed_generators: indexed repo=did:plc:q3365inc2yixbvofgvx6rh3e part=129 records=1 next_cursor=set
2026-03-19T16:37:10Z WARNING bsky_collector_v2.job.index_feed_generators: listRecords failed repo=did:plc:vfl6rxe3oqcpqrqrjhqnnrfl err=HttpError('InvalidRequest: Could not find repo: did:plc:vfl6rxe3oqcpqrqrjhqnnrfl')
2026-03-19T16:37:14Z WARNING bsky_collector_v2.job.index_feed_generators: listRecords failed repo=did:plc:xxsixtg7xvc6cxfwxk2cvxj3 err=HttpError('InvalidRequest: Could not find repo: did:plc:xxsixtg7xvc6cxfwxk2cvxj3')
2026-03-19T16:37:17Z WARNING bsky_collector_v2.job.index_feed_generators: listRecords failed repo=did:plc:4frwo6zk7cfohyqezmzll5cn err=HttpError('InvalidRequest: Could not find repo: did:plc:4frwo6zk7cfohyqezmzll5cn')
2026-03-19T16:37:17Z WARNING bsky_collector_v2.job.index_feed_generators: listRecords failed repo=did:plc:bpv4d7gnonskaczifgk2bynz err=HttpError('InvalidRequest: Could not find repo: did:plc:bpv4d7gnonskaczifgk2bynz')
2026-03-19T16:37:17Z WARNING bsky_collector_v2.job.index_feed_generators: listRecords failed repo=did:plc:d3mlzkdkfvrb5kaljnpqi4t4 err=HttpError('InvalidRequest: Could not find repo: did:plc:d3mlzkdkfvrb5kaljnpqi4t4')
2026-03-19T16:37:18Z WARNING bsky_collector_v2.job.index_feed_generators: listRecords failed repo=did:plc:dzdza4rfzpzg63ss23mzucpc err=HttpError('InvalidRequest: Could not find repo: did:plc:dzdza4rfzpzg63ss23mzucpc')
2026-03-19T16:37:18Z WARNING bsky_collector_v2.job.index_feed_generators: listRecords failed repo=did:plc:ecbw6sctpwa5doedj3j5jtut err=HttpError('InvalidRequest: Could not find repo: did:plc:ecbw6sctpwa5doedj3j5jtut')
2026-03-19T16:37:18Z WARNING bsky_collector_v2.job.index_feed_generators: listRecords failed repo=did:plc:hbikusfcw7qorcpapoli7zga err=HttpError('InvalidRequest: Could not find repo: did:plc:hbikusfcw7qorcpapoli7zga')
2026-03-19T16:37:18Z WARNING bsky_collector_v2.job.index_feed_generators: listRecords failed repo=did:plc:k5kwaprtc262ndbg4ghmnig2 err=HttpError('InvalidRequest: Could not find repo: did:plc:k5kwaprtc262ndbg4ghmnig2')
2026-03-19T16:37:18Z WARNING bsky_collector_v2.job.index_feed_generators: listRecords failed repo=did:plc:kx3emgaffky3k23l6tp3udro err=HttpError('InvalidRequest: Could not find repo: did:plc:kx3emgaffky3k23l6tp3udro')
2026-03-19T16:37:18Z WARNING bsky_collector_v2.job.index_feed_generators: listRecords failed repo=did:plc:lmdw4jkhuf6lfylqvggi4rrf err=HttpError('InvalidRequest: Could not find repo: did:plc:lmdw4jkhuf6lfylqvggi4rrf')
2026-03-19T16:37:18Z WARNING bsky_collector_v2.job.index_feed_generators: listRecords failed repo=did:plc:pb22s3wfgp2ims3phhgdvxiq err=HttpError('InvalidRequest: Could not find repo: did:plc:pb22s3wfgp2ims3phhgdvxiq')
2026-03-19T16:37:18Z WARNING bsky_collector_v2.job.index_feed_generators: listRecords failed repo=did:plc:vfl6rxe3oqcpqrqrjhqnnrfl err=HttpError('InvalidRequest: Could not find repo: did:plc:vfl6rxe3oqcpqrqrjhqnnrfl')
2026-03-19T16:37:18Z WARNING bsky_collector_v2.job.index_feed_generators: listRecords failed repo=did:plc:xxsixtg7xvc6cxfwxk2cvxj3 err=HttpError('InvalidRequest: Could not find repo: did:plc:xxsixtg7xvc6cxfwxk2cvxj3')
2026-03-19T16:37:18Z WARNING bsky_collector_v2.job.index_feed_generators: listRecords failed repo=did:plc:4frwo6zk7cfohyqezmzll5cn err=HttpError('InvalidRequest: Could not find repo: did:plc:4frwo6zk7cfohyqezmzll5cn')
2026-03-19T16:37:18Z WARNING bsky_collector_v2.job.index_feed_generators: listRecords failed repo=did:plc:bpv4d7gnonskaczifgk2bynz err=HttpError('InvalidRequest: Could not find repo: did:plc:bpv4d7gnonskaczifgk2bynz')
2026-03-19T16:37:18Z WARNING bsky_collector_v2.job.index_feed_generators: listRecords failed repo=did:plc:d3mlzkdkfvrb5kaljnpqi4t4 err=HttpError('InvalidRequest: Could not find repo: did:plc:d3mlzkdkfvrb5kaljnpqi4t4')
2026-03-19T16:37:18Z WARNING bsky_collector_v2.job.index_feed_generators: listRecords failed repo=did:plc:dzdza4rfzpzg63ss23mzucpc err=HttpError('InvalidRequest: Could not find repo: did:plc:dzdza4rfzpzg63ss23mzucpc')
2026-03-19T16:37:18Z WARNING bsky_collector_v2.job.index_feed_generators: listRecords failed repo=did:plc:ecbw6sctpwa5doedj3j5jtut err=HttpError('InvalidRequest: Could not find repo: did:plc:ecbw6sctpwa5doedj3j5jtut')
2026-03-19T16:37:18Z WARNING bsky_collector_v2.job.index_feed_generators: listRecords failed repo=did:plc:hbikusfcw7qorcpapoli7zga err=HttpError('InvalidRequest: Could not find repo: did:plc:hbikusfcw7qorcpapoli7zga')
2026-03-19T16:37:18Z WARNING bsky_collector_v2.job.index_feed_generators: listRecords failed repo=did:plc:k5kwaprtc262ndbg4ghmnig2 err=HttpError('InvalidRequest: Could not find repo: did:plc:k5kwaprtc262ndbg4ghmnig2')
2026-03-19T16:37:19Z WARNING bsky_collector_v2.job.index_feed_generators: listRecords failed repo=did:plc:kx3emgaffky3k23l6tp3udro err=HttpError('InvalidRequest: Could not find repo: did:plc:kx3emgaffky3k23l6tp3udro')
2026-03-19T16:37:19Z WARNING bsky_collector_v2.job.index_feed_generators: listRecords failed repo=did:plc:lmdw4jkhuf6lfylqvggi4rrf err=HttpError('InvalidRequest: Could not find repo: did:plc:lmdw4jkhuf6lfylqvggi4rrf')
2026-03-19T16:37:19Z WARNING bsky_collector_v2.job.index_feed_generators: listRecords failed repo=did:plc:pb22s3wfgp2ims3phhgdvxiq err=HttpError('InvalidRequest: Could not find repo: did:plc:pb22s3wfgp2ims3phhgdvxiq')
2026-03-19T16:37:19Z WARNING bsky_collector_v2.job.index_feed_generators: listRecords failed repo=did:plc:vfl6rxe3oqcpqrqrjhqnnrfl err=HttpError('InvalidRequest: Could not find repo: did:plc:vfl6rxe3oqcpqrqrjhqnnrfl')
2026-03-19T16:37:19Z WARNING bsky_collector_v2.job.index_feed_generators: listRecords failed repo=did:plc:xxsixtg7xvc6cxfwxk2cvxj3 err=HttpError('InvalidRequest: Could not find repo: did:plc:xxsixtg7xvc6cxfwxk2cvxj3')
2026-03-19T16:37:19Z INFO bsky_collector_v2.job.index_feed_generators: enqueued repos page=12 mode=listRepos inserted=500 repos_returned=500 next_cursor=set
2026-03-19T16:37:23Z WARNING bsky_collector_v2.job.index_feed_generators: listRecords failed repo=did:plc:36jfgqb47c3m545owwbv2p3k err=HttpError('InvalidRequest: Could not find repo: did:plc:36jfgqb47c3m545owwbv2p3k')
2026-03-19T16:37:24Z WARNING bsky_collector_v2.job.index_feed_generators: listRecords failed repo=did:plc:3m2edobnkxlj7ms4yepsxrsd err=HttpError('InvalidRequest: Could not find repo: did:plc:3m2edobnkxlj7ms4yepsxrsd')
2026-03-19T16:37:28Z WARNING bsky_collector_v2.job.index_feed_generators: listRecords failed repo=did:plc:5vds2vdotonvmsxoaj4mhmgt err=HttpError('InvalidRequest: Could not find repo: did:plc:5vds2vdotonvmsxoaj4mhmgt')
2026-03-19T16:37:30Z WARNING bsky_collector_v2.job.index_feed_generators: listRecords failed repo=did:plc:6evywv7i2o57q3komj6cme5g err=HttpError('InvalidRequest: Could not find repo: did:plc:6evywv7i2o57q3komj6cme5g')
2026-03-19T16:37:31Z WARNING bsky_collector_v2.job.index_feed_generators: listRecords failed repo=did:plc:6z3kutmqg7icdkfmcgela537 err=HttpError('InvalidRequest: Could not find repo: did:plc:6z3kutmqg7icdkfmcgela537')
2026-03-19T16:37:34Z INFO bsky_collector_v2.job.index_feed_generators: indexed repo=did:plc:b2jkpbwof7jdxr3nac4plfm4 part=130 records=3 next_cursor=set
2026-03-19T16:37:39Z WARNING bsky_collector_v2.job.index_feed_generators: listRecords failed repo=did:plc:d4qhensy5zvhfijxfdbjqwhh err=HttpError('InvalidRequest: Could not find repo: did:plc:d4qhensy5zvhfijxfdbjqwhh')
2026-03-19T16:37:39Z WARNING bsky_collector_v2.job.index_feed_generators: listRecords failed repo=did:plc:d75c3sivzb2x27qou7vi4dfc err=HttpError('InvalidRequest: Could not find repo: did:plc:d75c3sivzb2x27qou7vi4dfc')
2026-03-19T16:37:43Z WARNING bsky_collector_v2.job.index_feed_generators: listRecords failed repo=did:plc:eugpmdqqb4si2efdfwbt2kcb err=HttpError('InvalidRequest: Could not find repo: did:plc:eugpmdqqb4si2efdfwbt2kcb')
2026-03-19T16:37:47Z WARNING bsky_collector_v2.job.index_feed_generators: listRecords failed repo=did:plc:gzh4qopan7odljgg5hnqem32 err=HttpError('InvalidRequest: Could not find repo: did:plc:gzh4qopan7odljgg5hnqem32')
2026-03-19T16:37:56Z WARNING bsky_collector_v2.job.index_feed_generators: listRecords failed repo=did:plc:log5vbqci7ymyp64qa754pbt err=HttpError('InvalidRequest: Could not find repo: did:plc:log5vbqci7ymyp64qa754pbt')
2026-03-19T16:38:03Z WARNING bsky_collector_v2.job.index_feed_generators: listRecords failed repo=did:plc:pchbi3ljtxs7gquxnmthroot err=HttpError('InvalidRequest: Could not find repo: did:plc:pchbi3ljtxs7gquxnmthroot')
2026-03-19T16:38:05Z WARNING bsky_collector_v2.job.index_feed_generators: listRecords failed repo=did:plc:qao3anfwra5d6wg4imkpnmz4 err=HttpError('InvalidRequest: Could not find repo: did:plc:qao3anfwra5d6wg4imkpnmz4')
2026-03-19T16:38:14Z WARNING bsky_collector_v2.job.index_feed_generators: listRecords failed repo=did:plc:tmisp7p46hhr44i2e2sxcdpa err=HttpError('InvalidRequest: Could not find repo: did:plc:tmisp7p46hhr44i2e2sxcdpa')
2026-03-19T16:38:22Z WARNING bsky_collector_v2.job.index_feed_generators: listRecords failed repo=did:plc:xu63cskswpma74u5qyzn3rpz err=HttpError('InvalidRequest: Could not find repo: did:plc:xu63cskswpma74u5qyzn3rpz')
2026-03-19T16:38:26Z WARNING bsky_collector_v2.job.index_feed_generators: listRecords failed repo=did:plc:36jfgqb47c3m545owwbv2p3k err=HttpError('InvalidRequest: Could not find repo: did:plc:36jfgqb47c3m545owwbv2p3k')
2026-03-19T16:38:26Z WARNING bsky_collector_v2.job.index_feed_generators: listRecords failed repo=did:plc:3m2edobnkxlj7ms4yepsxrsd err=HttpError('InvalidRequest: Could not find repo: did:plc:3m2edobnkxlj7ms4yepsxrsd')
2026-03-19T16:38:26Z WARNING bsky_collector_v2.job.index_feed_generators: listRecords failed repo=did:plc:5vds2vdotonvmsxoaj4mhmgt err=HttpError('InvalidRequest: Could not find repo: did:plc:5vds2vdotonvmsxoaj4mhmgt')
2026-03-19T16:38:26Z WARNING bsky_collector_v2.job.index_feed_generators: listRecords failed repo=did:plc:6evywv7i2o57q3komj6cme5g err=HttpError('InvalidRequest: Could not find repo: did:plc:6evywv7i2o57q3komj6cme5g')
2026-03-19T16:38:27Z WARNING bsky_collector_v2.job.index_feed_generators: listRecords failed repo=did:plc:6z3kutmqg7icdkfmcgela537 err=HttpError('InvalidRequest: Could not find repo: did:plc:6z3kutmqg7icdkfmcgela537')
2026-03-19T16:38:27Z WARNING bsky_collector_v2.job.index_feed_generators: listRecords failed repo=did:plc:d4qhensy5zvhfijxfdbjqwhh err=HttpError('InvalidRequest: Could not find repo: did:plc:d4qhensy5zvhfijxfdbjqwhh')
2026-03-19T16:38:27Z WARNING bsky_collector_v2.job.index_feed_generators: listRecords failed repo=did:plc:d75c3sivzb2x27qou7vi4dfc err=HttpError('InvalidRequest: Could not find repo: did:plc:d75c3sivzb2x27qou7vi4dfc')
2026-03-19T16:38:27Z WARNING bsky_collector_v2.job.index_feed_generators: listRecords failed repo=did:plc:eugpmdqqb4si2efdfwbt2kcb err=HttpError('InvalidRequest: Could not find repo: did:plc:eugpmdqqb4si2efdfwbt2kcb')
2026-03-19T16:38:27Z WARNING bsky_collector_v2.job.index_feed_generators: listRecords failed repo=did:plc:gzh4qopan7odljgg5hnqem32 err=HttpError('InvalidRequest: Could not find repo: did:plc:gzh4qopan7odljgg5hnqem32')
2026-03-19T16:38:27Z WARNING bsky_collector_v2.job.index_feed_generators: listRecords failed repo=did:plc:log5vbqci7ymyp64qa754pbt err=HttpError('InvalidRequest: Could not find repo: did:plc:log5vbqci7ymyp64qa754pbt')
2026-03-19T16:38:27Z WARNING bsky_collector_v2.job.index_feed_generators: listRecords failed repo=did:plc:pchbi3ljtxs7gquxnmthroot err=HttpError('InvalidRequest: Could not find repo: did:plc:pchbi3ljtxs7gquxnmthroot')
2026-03-19T16:38:27Z WARNING bsky_collector_v2.job.index_feed_generators: listRecords failed repo=did:plc:qao3anfwra5d6wg4imkpnmz4 err=HttpError('InvalidRequest: Could not find repo: did:plc:qao3anfwra5d6wg4imkpnmz4')
2026-03-19T16:38:27Z WARNING bsky_collector_v2.job.index_feed_generators: listRecords failed repo=did:plc:tmisp7p46hhr44i2e2sxcdpa err=HttpError('InvalidRequest: Could not find repo: did:plc:tmisp7p46hhr44i2e2sxcdpa')
2026-03-19T16:38:27Z WARNING bsky_collector_v2.job.index_feed_generators: listRecords failed repo=did:plc:xu63cskswpma74u5qyzn3rpz err=HttpError('InvalidRequest: Could not find repo: did:plc:xu63cskswpma74u5qyzn3rpz')
2026-03-19T16:38:27Z WARNING bsky_collector_v2.job.index_feed_generators: listRecords failed repo=did:plc:36jfgqb47c3m545owwbv2p3k err=HttpError('InvalidRequest: Could not find repo: did:plc:36jfgqb47c3m545owwbv2p3k')
2026-03-19T16:38:27Z WARNING bsky_collector_v2.job.index_feed_generators: listRecords failed repo=did:plc:3m2edobnkxlj7ms4yepsxrsd err=HttpError('InvalidRequest: Could not find repo: did:plc:3m2edobnkxlj7ms4yepsxrsd')
2026-03-19T16:38:27Z WARNING bsky_collector_v2.job.index_feed_generators: listRecords failed repo=did:plc:5vds2vdotonvmsxoaj4mhmgt err=HttpError('InvalidRequest: Could not find repo: did:plc:5vds2vdotonvmsxoaj4mhmgt')
2026-03-19T16:38:27Z WARNING bsky_collector_v2.job.index_feed_generators: listRecords failed repo=did:plc:6evywv7i2o57q3komj6cme5g err=HttpError('InvalidRequest: Could not find repo: did:plc:6evywv7i2o57q3komj6cme5g')
2026-03-19T16:38:27Z WARNING bsky_collector_v2.job.index_feed_generators: listRecords failed repo=did:plc:6z3kutmqg7icdkfmcgela537 err=HttpError('InvalidRequest: Could not find repo: did:plc:6z3kutmqg7icdkfmcgela537')
2026-03-19T16:38:27Z WARNING bsky_collector_v2.job.index_feed_generators: listRecords failed repo=did:plc:d4qhensy5zvhfijxfdbjqwhh err=HttpError('InvalidRequest: Could not find repo: did:plc:d4qhensy5zvhfijxfdbjqwhh')
2026-03-19T16:38:27Z WARNING bsky_collector_v2.job.index_feed_generators: listRecords failed repo=did:plc:d75c3sivzb2x27qou7vi4dfc err=HttpError('InvalidRequest: Could not find repo: did:plc:d75c3sivzb2x27qou7vi4dfc')
2026-03-19T16:38:27Z WARNING bsky_collector_v2.job.index_feed_generators: listRecords failed repo=did:plc:eugpmdqqb4si2efdfwbt2kcb err=HttpError('InvalidRequest: Could not find repo: did:plc:eugpmdqqb4si2efdfwbt2kcb')
2026-03-19T16:38:27Z WARNING bsky_collector_v2.job.index_feed_generators: listRecords failed repo=did:plc:gzh4qopan7odljgg5hnqem32 err=HttpError('InvalidRequest: Could not find repo: did:plc:gzh4qopan7odljgg5hnqem32')
2026-03-19T16:38:28Z WARNING bsky_collector_v2.job.index_feed_generators: listRecords failed repo=did:plc:log5vbqci7ymyp64qa754pbt err=HttpError('InvalidRequest: Could not find repo: did:plc:log5vbqci7ymyp64qa754pbt')
2026-03-19T16:38:28Z WARNING bsky_collector_v2.job.index_feed_generators: listRecords failed repo=did:plc:pchbi3ljtxs7gquxnmthroot err=HttpError('InvalidRequest: Could not find repo: did:plc:pchbi3ljtxs7gquxnmthroot')
2026-03-19T16:38:28Z WARNING bsky_collector_v2.job.index_feed_generators: listRecords failed repo=did:plc:qao3anfwra5d6wg4imkpnmz4 err=HttpError('InvalidRequest: Could not find repo: did:plc:qao3anfwra5d6wg4imkpnmz4')
2026-03-19T16:38:28Z WARNING bsky_collector_v2.job.index_feed_generators: listRecords failed repo=did:plc:tmisp7p46hhr44i2e2sxcdpa err=HttpError('InvalidRequest: Could not find repo: did:plc:tmisp7p46hhr44i2e2sxcdpa')
2026-03-19T16:38:28Z WARNING bsky_collector_v2.job.index_feed_generators: listRecords failed repo=did:plc:xu63cskswpma74u5qyzn3rpz err=HttpError('InvalidRequest: Could not find repo: did:plc:xu63cskswpma74u5qyzn3rpz')
2026-03-19T16:38:28Z INFO bsky_collector_v2.job.index_feed_generators: enqueued repos page=13 mode=listRepos inserted=500 repos_returned=500 next_cursor=set
2026-03-19T16:38:29Z WARNING bsky_collector_v2.job.index_feed_generators: listRecords failed repo=did:plc:2ptm3ynowwccb6t77csfsmtw err=HttpError('InvalidRequest: Could not find repo: did:plc:2ptm3ynowwccb6t77csfsmtw')
2026-03-19T16:38:32Z WARNING bsky_collector_v2.job.index_feed_generators: listRecords failed repo=did:plc:4dr55lgyywel2slylkl4n3wq err=HttpError('InvalidRequest: Could not find repo: did:plc:4dr55lgyywel2slylkl4n3wq')
2026-03-19T16:38:36Z WARNING bsky_collector_v2.job.index_feed_generators: listRecords failed repo=did:plc:6ydzatkzdylpwrmuvhycdgy2 err=HttpError('InvalidRequest: Could not find repo: did:plc:6ydzatkzdylpwrmuvhycdgy2')
2026-03-19T16:38:49Z WARNING bsky_collector_v2.job.index_feed_generators: listRecords failed repo=did:plc:g4475d5bnyq3ndzdhq6hgjxb err=HttpError('InvalidRequest: Could not find repo: did:plc:g4475d5bnyq3ndzdhq6hgjxb')
2026-03-19T16:38:50Z WARNING bsky_collector_v2.job.index_feed_generators: listRecords failed repo=did:plc:gny6lnloai3bik53rgwvht2z err=HttpError('InvalidRequest: Could not find repo: did:plc:gny6lnloai3bik53rgwvht2z')
2026-03-19T16:38:51Z WARNING bsky_collector_v2.job.index_feed_generators: listRecords failed repo=did:plc:gssva4pilkvz4rrbo37l3uet err=HttpError('InvalidRequest: Could not find repo: did:plc:gssva4pilkvz4rrbo37l3uet')
2026-03-19T16:38:52Z WARNING bsky_collector_v2.job.index_feed_generators: listRecords failed repo=did:plc:hiq5q6645iy7trrsw2ppjezc err=HttpError('InvalidRequest: Could not find repo: did:plc:hiq5q6645iy7trrsw2ppjezc')
2026-03-19T16:39:00Z WARNING bsky_collector_v2.job.index_feed_generators: listRecords failed repo=did:plc:j5t4kt3b5diw4pnarllu3vxf err=HttpError('InvalidRequest: Could not find repo: did:plc:j5t4kt3b5diw4pnarllu3vxf')
2026-03-19T16:39:00Z WARNING bsky_collector_v2.job.index_feed_generators: listRecords failed repo=did:plc:j64bitwp7psta3jhhh53ejue err=HttpError('InvalidRequest: Could not find repo: did:plc:j64bitwp7psta3jhhh53ejue')
2026-03-19T16:39:01Z WARNING bsky_collector_v2.job.index_feed_generators: listRecords failed repo=did:plc:jkaur6bgk3vyzz7xsgt5btio err=HttpError('InvalidRequest: Could not find repo: did:plc:jkaur6bgk3vyzz7xsgt5btio')
2026-03-19T16:39:03Z WARNING bsky_collector_v2.job.index_feed_generators: listRecords failed repo=did:plc:kdlprk64rrs3calc2nz4rrky err=HttpError('InvalidRequest: Could not find repo: did:plc:kdlprk64rrs3calc2nz4rrky')
2026-03-19T16:39:04Z WARNING bsky_collector_v2.job.index_feed_generators: listRecords failed repo=did:plc:kfcfibm7eca7w2ua7nzzrsal err=HttpError('InvalidRequest: Could not find repo: did:plc:kfcfibm7eca7w2ua7nzzrsal')
2026-03-19T16:39:05Z WARNING bsky_collector_v2.job.index_feed_generators: listRecords failed repo=did:plc:l44evuiuuysikg6yd77c6vuh err=HttpError('InvalidRequest: Could not find repo: did:plc:l44evuiuuysikg6yd77c6vuh')
2026-03-19T16:39:13Z WARNING bsky_collector_v2.job.index_feed_generators: listRecords failed repo=did:plc:n75kaeocco53grbaamk2obtb err=HttpError('InvalidRequest: Could not find repo: did:plc:n75kaeocco53grbaamk2obtb')
2026-03-19T16:39:17Z WARNING bsky_collector_v2.job.index_feed_generators: listRecords failed repo=did:plc:ouuwkkmnbiblfffb5usr3p75 err=HttpError('InvalidRequest: Could not find repo: did:plc:ouuwkkmnbiblfffb5usr3p75')
2026-03-19T16:39:18Z WARNING bsky_collector_v2.job.index_feed_generators: listRecords failed repo=did:plc:p3j5yl6l43cogdqecnaphelq err=HttpError('InvalidRequest: Could not find repo: did:plc:p3j5yl6l43cogdqecnaphelq')
2026-03-19T16:39:20Z WARNING bsky_collector_v2.job.index_feed_generators: listRecords failed repo=did:plc:plamw3pq5hliutx7nu5fos4u err=HttpError('InvalidRequest: Could not find repo: did:plc:plamw3pq5hliutx7nu5fos4u')
2026-03-19T16:39:21Z WARNING bsky_collector_v2.job.index_feed_generators: listRecords failed repo=did:plc:puvjprvhg5fvicecs7zmmecb err=HttpError('InvalidRequest: Could not find repo: did:plc:puvjprvhg5fvicecs7zmmecb')
2026-03-19T16:39:23Z WARNING bsky_collector_v2.job.index_feed_generators: listRecords failed repo=did:plc:qnxyjeu6cqpux67i3z2dbwdh err=HttpError('InvalidRequest: Could not find repo: did:plc:qnxyjeu6cqpux67i3z2dbwdh')
2026-03-19T16:39:24Z WARNING bsky_collector_v2.job.index_feed_generators: listRecords failed repo=did:plc:rhqs3r7rck4m5qvdken5ibpz err=HttpError('InvalidRequest: Could not find repo: did:plc:rhqs3r7rck4m5qvdken5ibpz')
2026-03-19T16:39:29Z WARNING bsky_collector_v2.job.index_feed_generators: listRecords failed repo=did:plc:tghg5x4sw5yscx4eqkvmp73s err=HttpError('InvalidRequest: Could not find repo: did:plc:tghg5x4sw5yscx4eqkvmp73s')
2026-03-19T16:39:29Z WARNING bsky_collector_v2.job.index_feed_generators: listRecords failed repo=did:plc:tgudasiocpk3pklkj65q3xfd err=HttpError('InvalidRequest: Could not find repo: did:plc:tgudasiocpk3pklkj65q3xfd')
2026-03-19T16:39:30Z WARNING bsky_collector_v2.job.index_feed_generators: listRecords failed repo=did:plc:u4hvojkcgca4oma4u4km73a4 err=HttpError('InvalidRequest: Could not find repo: did:plc:u4hvojkcgca4oma4u4km73a4')
2026-03-19T16:39:37Z WARNING bsky_collector_v2.job.index_feed_generators: listRecords failed repo=did:plc:wl7xogd4n6laygfstu5qs7rb err=HttpError('InvalidRequest: Could not find repo: did:plc:wl7xogd4n6laygfstu5qs7rb')
2026-03-19T16:39:38Z WARNING bsky_collector_v2.job.index_feed_generators: listRecords failed repo=did:plc:xcwlcyl2npaiq46vh6b6yjqx err=HttpError('InvalidRequest: Could not find repo: did:plc:xcwlcyl2npaiq46vh6b6yjqx')
2026-03-19T16:39:40Z WARNING bsky_collector_v2.job.index_feed_generators: listRecords failed repo=did:plc:yaqr6tg2g3sile5tu344qdfv err=HttpError('InvalidRequest: Could not find repo: did:plc:yaqr6tg2g3sile5tu344qdfv')
2026-03-19T16:39:42Z WARNING bsky_collector_v2.job.index_feed_generators: listRecords failed repo=did:plc:zfa437orr6ijmywaxnendb5h err=HttpError('InvalidRequest: Could not find repo: did:plc:zfa437orr6ijmywaxnendb5h')
2026-03-19T16:39:44Z WARNING bsky_collector_v2.job.index_feed_generators: listRecords failed repo=did:plc:2ptm3ynowwccb6t77csfsmtw err=HttpError('InvalidRequest: Could not find repo: did:plc:2ptm3ynowwccb6t77csfsmtw')
2026-03-19T16:39:44Z WARNING bsky_collector_v2.job.index_feed_generators: listRecords failed repo=did:plc:4dr55lgyywel2slylkl4n3wq err=HttpError('InvalidRequest: Could not find repo: did:plc:4dr55lgyywel2slylkl4n3wq')
2026-03-19T16:39:44Z WARNING bsky_collector_v2.job.index_feed_generators: listRecords failed repo=did:plc:6ydzatkzdylpwrmuvhycdgy2 err=HttpError('InvalidRequest: Could not find repo: did:plc:6ydzatkzdylpwrmuvhycdgy2')
2026-03-19T16:39:44Z WARNING bsky_collector_v2.job.index_feed_generators: listRecords failed repo=did:plc:g4475d5bnyq3ndzdhq6hgjxb err=HttpError('InvalidRequest: Could not find repo: did:plc:g4475d5bnyq3ndzdhq6hgjxb')
2026-03-19T16:39:44Z WARNING bsky_collector_v2.job.index_feed_generators: listRecords failed repo=did:plc:gny6lnloai3bik53rgwvht2z err=HttpError('InvalidRequest: Could not find repo: did:plc:gny6lnloai3bik53rgwvht2z')
2026-03-19T16:39:44Z WARNING bsky_collector_v2.job.index_feed_generators: listRecords failed repo=did:plc:gssva4pilkvz4rrbo37l3uet err=HttpError('InvalidRequest: Could not find repo: did:plc:gssva4pilkvz4rrbo37l3uet')
2026-03-19T16:39:44Z WARNING bsky_collector_v2.job.index_feed_generators: listRecords failed repo=did:plc:hiq5q6645iy7trrsw2ppjezc err=HttpError('InvalidRequest: Could not find repo: did:plc:hiq5q6645iy7trrsw2ppjezc')
2026-03-19T16:39:44Z WARNING bsky_collector_v2.job.index_feed_generators: listRecords failed repo=did:plc:j5t4kt3b5diw4pnarllu3vxf err=HttpError('InvalidRequest: Could not find repo: did:plc:j5t4kt3b5diw4pnarllu3vxf')
2026-03-19T16:39:44Z WARNING bsky_collector_v2.job.index_feed_generators: listRecords failed repo=did:plc:j64bitwp7psta3jhhh53ejue err=HttpError('InvalidRequest: Could not find repo: did:plc:j64bitwp7psta3jhhh53ejue')
2026-03-19T16:39:44Z WARNING bsky_collector_v2.job.index_feed_generators: listRecords failed repo=did:plc:jkaur6bgk3vyzz7xsgt5btio err=HttpError('InvalidRequest: Could not find repo: did:plc:jkaur6bgk3vyzz7xsgt5btio')
2026-03-19T16:39:44Z WARNING bsky_collector_v2.job.index_feed_generators: listRecords failed repo=did:plc:kdlprk64rrs3calc2nz4rrky err=HttpError('InvalidRequest: Could not find repo: did:plc:kdlprk64rrs3calc2nz4rrky')
2026-03-19T16:39:44Z WARNING bsky_collector_v2.job.index_feed_generators: listRecords failed repo=did:plc:kfcfibm7eca7w2ua7nzzrsal err=HttpError('InvalidRequest: Could not find repo: did:plc:kfcfibm7eca7w2ua7nzzrsal')
2026-03-19T16:39:44Z WARNING bsky_collector_v2.job.index_feed_generators: listRecords failed repo=did:plc:l44evuiuuysikg6yd77c6vuh err=HttpError('InvalidRequest: Could not find repo: did:plc:l44evuiuuysikg6yd77c6vuh')
2026-03-19T16:39:44Z WARNING bsky_collector_v2.job.index_feed_generators: listRecords failed repo=did:plc:n75kaeocco53grbaamk2obtb err=HttpError('InvalidRequest: Could not find repo: did:plc:n75kaeocco53grbaamk2obtb')
2026-03-19T16:39:44Z WARNING bsky_collector_v2.job.index_feed_generators: listRecords failed repo=did:plc:ouuwkkmnbiblfffb5usr3p75 err=HttpError('InvalidRequest: Could not find repo: did:plc:ouuwkkmnbiblfffb5usr3p75')
2026-03-19T16:39:44Z WARNING bsky_collector_v2.job.index_feed_generators: listRecords failed repo=did:plc:p3j5yl6l43cogdqecnaphelq err=HttpError('InvalidRequest: Could not find repo: did:plc:p3j5yl6l43cogdqecnaphelq')
2026-03-19T16:39:44Z WARNING bsky_collector_v2.job.index_feed_generators: listRecords failed repo=did:plc:plamw3pq5hliutx7nu5fos4u err=HttpError('InvalidRequest: Could not find repo: did:plc:plamw3pq5hliutx7nu5fos4u')
2026-03-19T16:39:44Z WARNING bsky_collector_v2.job.index_feed_generators: listRecords failed repo=did:plc:puvjprvhg5fvicecs7zmmecb err=HttpError('InvalidRequest: Could not find repo: did:plc:puvjprvhg5fvicecs7zmmecb')
2026-03-19T16:39:45Z WARNING bsky_collector_v2.job.index_feed_generators: listRecords failed repo=did:plc:qnxyjeu6cqpux67i3z2dbwdh err=HttpError('InvalidRequest: Could not find repo: did:plc:qnxyjeu6cqpux67i3z2dbwdh')
2026-03-19T16:39:45Z WARNING bsky_collector_v2.job.index_feed_generators: listRecords failed repo=did:plc:rhqs3r7rck4m5qvdken5ibpz err=HttpError('InvalidRequest: Could not find repo: did:plc:rhqs3r7rck4m5qvdken5ibpz')
2026-03-19T16:39:45Z WARNING bsky_collector_v2.job.index_feed_generators: listRecords failed repo=did:plc:tghg5x4sw5yscx4eqkvmp73s err=HttpError('InvalidRequest: Could not find repo: did:plc:tghg5x4sw5yscx4eqkvmp73s')
2026-03-19T16:39:45Z WARNING bsky_collector_v2.job.index_feed_generators: listRecords failed repo=did:plc:tgudasiocpk3pklkj65q3xfd err=HttpError('InvalidRequest: Could not find repo: did:plc:tgudasiocpk3pklkj65q3xfd')
2026-03-19T16:39:45Z WARNING bsky_collector_v2.job.index_feed_generators: listRecords failed repo=did:plc:u4hvojkcgca4oma4u4km73a4 err=HttpError('InvalidRequest: Could not find repo: did:plc:u4hvojkcgca4oma4u4km73a4')
2026-03-19T16:39:45Z WARNING bsky_collector_v2.job.index_feed_generators: listRecords failed repo=did:plc:wl7xogd4n6laygfstu5qs7rb err=HttpError('InvalidRequest: Could not find repo: did:plc:wl7xogd4n6laygfstu5qs7rb')
2026-03-19T16:39:45Z WARNING bsky_collector_v2.job.index_feed_generators: listRecords failed repo=did:plc:xcwlcyl2npaiq46vh6b6yjqx err=HttpError('InvalidRequest: Could not find repo: did:plc:xcwlcyl2npaiq46vh6b6yjqx')
2026-03-19T16:39:45Z WARNING bsky_collector_v2.job.index_feed_generators: listRecords failed repo=did:plc:yaqr6tg2g3sile5tu344qdfv err=HttpError('InvalidRequest: Could not find repo: did:plc:yaqr6tg2g3sile5tu344qdfv')
2026-03-19T16:39:45Z WARNING bsky_collector_v2.job.index_feed_generators: listRecords failed repo=did:plc:zfa437orr6ijmywaxnendb5h err=HttpError('InvalidRequest: Could not find repo: did:plc:zfa437orr6ijmywaxnendb5h')
2026-03-19T16:39:45Z WARNING bsky_collector_v2.job.index_feed_generators: listRecords failed repo=did:plc:2ptm3ynowwccb6t77csfsmtw err=HttpError('InvalidRequest: Could not find repo: did:plc:2ptm3ynowwccb6t77csfsmtw')
2026-03-19T16:39:45Z WARNING bsky_collector_v2.job.index_feed_generators: listRecords failed repo=did:plc:4dr55lgyywel2slylkl4n3wq err=HttpError('InvalidRequest: Could not find repo: did:plc:4dr55lgyywel2slylkl4n3wq')
2026-03-19T16:39:45Z WARNING bsky_collector_v2.job.index_feed_generators: listRecords failed repo=did:plc:6ydzatkzdylpwrmuvhycdgy2 err=HttpError('InvalidRequest: Could not find repo: did:plc:6ydzatkzdylpwrmuvhycdgy2')
2026-03-19T16:39:45Z WARNING bsky_collector_v2.job.index_feed_generators: listRecords failed repo=did:plc:g4475d5bnyq3ndzdhq6hgjxb err=HttpError('InvalidRequest: Could not find repo: did:plc:g4475d5bnyq3ndzdhq6hgjxb')
2026-03-19T16:39:45Z WARNING bsky_collector_v2.job.index_feed_generators: listRecords failed repo=did:plc:gny6lnloai3bik53rgwvht2z err=HttpError('InvalidRequest: Could not find repo: did:plc:gny6lnloai3bik53rgwvht2z')
2026-03-19T16:39:45Z WARNING bsky_collector_v2.job.index_feed_generators: listRecords failed repo=did:plc:gssva4pilkvz4rrbo37l3uet err=HttpError('InvalidRequest: Could not find repo: did:plc:gssva4pilkvz4rrbo37l3uet')
2026-03-19T16:39:45Z WARNING bsky_collector_v2.job.index_feed_generators: listRecords failed repo=did:plc:hiq5q6645iy7trrsw2ppjezc err=HttpError('InvalidRequest: Could not find repo: did:plc:hiq5q6645iy7trrsw2ppjezc')
2026-03-19T16:39:45Z WARNING bsky_collector_v2.job.index_feed_generators: listRecords failed repo=did:plc:j5t4kt3b5diw4pnarllu3vxf err=HttpError('InvalidRequest: Could not find repo: did:plc:j5t4kt3b5diw4pnarllu3vxf')
2026-03-19T16:39:45Z WARNING bsky_collector_v2.job.index_feed_generators: listRecords failed repo=did:plc:j64bitwp7psta3jhhh53ejue err=HttpError('InvalidRequest: Could not find repo: did:plc:j64bitwp7psta3jhhh53ejue')
2026-03-19T16:39:45Z WARNING bsky_collector_v2.job.index_feed_generators: listRecords failed repo=did:plc:jkaur6bgk3vyzz7xsgt5btio err=HttpError('InvalidRequest: Could not find repo: did:plc:jkaur6bgk3vyzz7xsgt5btio')
2026-03-19T16:39:45Z WARNING bsky_collector_v2.job.index_feed_generators: listRecords failed repo=did:plc:kdlprk64rrs3calc2nz4rrky err=HttpError('InvalidRequest: Could not find repo: did:plc:kdlprk64rrs3calc2nz4rrky')
2026-03-19T16:39:46Z WARNING bsky_collector_v2.job.index_feed_generators: listRecords failed repo=did:plc:kfcfibm7eca7w2ua7nzzrsal err=HttpError('InvalidRequest: Could not find repo: did:plc:kfcfibm7eca7w2ua7nzzrsal')
2026-03-19T16:39:46Z WARNING bsky_collector_v2.job.index_feed_generators: listRecords failed repo=did:plc:l44evuiuuysikg6yd77c6vuh err=HttpError('InvalidRequest: Could not find repo: did:plc:l44evuiuuysikg6yd77c6vuh')
2026-03-19T16:39:46Z WARNING bsky_collector_v2.job.index_feed_generators: listRecords failed repo=did:plc:n75kaeocco53grbaamk2obtb err=HttpError('InvalidRequest: Could not find repo: did:plc:n75kaeocco53grbaamk2obtb')
2026-03-19T16:39:46Z WARNING bsky_collector_v2.job.index_feed_generators: listRecords failed repo=did:plc:ouuwkkmnbiblfffb5usr3p75 err=HttpError('InvalidRequest: Could not find repo: did:plc:ouuwkkmnbiblfffb5usr3p75')
2026-03-19T16:39:46Z WARNING bsky_collector_v2.job.index_feed_generators: listRecords failed repo=did:plc:p3j5yl6l43cogdqecnaphelq err=HttpError('InvalidRequest: Could not find repo: did:plc:p3j5yl6l43cogdqecnaphelq')
2026-03-19T16:39:46Z WARNING bsky_collector_v2.job.index_feed_generators: listRecords failed repo=did:plc:plamw3pq5hliutx7nu5fos4u err=HttpError('InvalidRequest: Could not find repo: did:plc:plamw3pq5hliutx7nu5fos4u')
2026-03-19T16:39:46Z WARNING bsky_collector_v2.job.index_feed_generators: listRecords failed repo=did:plc:puvjprvhg5fvicecs7zmmecb err=HttpError('InvalidRequest: Could not find repo: did:plc:puvjprvhg5fvicecs7zmmecb')
2026-03-19T16:39:46Z WARNING bsky_collector_v2.job.index_feed_generators: listRecords failed repo=did:plc:qnxyjeu6cqpux67i3z2dbwdh err=HttpError('InvalidRequest: Could not find repo: did:plc:qnxyjeu6cqpux67i3z2dbwdh')
2026-03-19T16:39:46Z WARNING bsky_collector_v2.job.index_feed_generators: listRecords failed repo=did:plc:rhqs3r7rck4m5qvdken5ibpz err=HttpError('InvalidRequest: Could not find repo: did:plc:rhqs3r7rck4m5qvdken5ibpz')
2026-03-19T16:39:46Z WARNING bsky_collector_v2.job.index_feed_generators: listRecords failed repo=did:plc:tghg5x4sw5yscx4eqkvmp73s err=HttpError('InvalidRequest: Could not find repo: did:plc:tghg5x4sw5yscx4eqkvmp73s')
2026-03-19T16:39:46Z WARNING bsky_collector_v2.job.index_feed_generators: listRecords failed repo=did:plc:tgudasiocpk3pklkj65q3xfd err=HttpError('InvalidRequest: Could not find repo: did:plc:tgudasiocpk3pklkj65q3xfd')
2026-03-19T16:39:46Z WARNING bsky_collector_v2.job.index_feed_generators: listRecords failed repo=did:plc:u4hvojkcgca4oma4u4km73a4 err=HttpError('InvalidRequest: Could not find repo: did:plc:u4hvojkcgca4oma4u4km73a4')
2026-03-19T16:39:46Z WARNING bsky_collector_v2.job.index_feed_generators: listRecords failed repo=did:plc:wl7xogd4n6laygfstu5qs7rb err=HttpError('InvalidRequest: Could not find repo: did:plc:wl7xogd4n6laygfstu5qs7rb')
2026-03-19T16:39:46Z WARNING bsky_collector_v2.job.index_feed_generators: listRecords failed repo=did:plc:xcwlcyl2npaiq46vh6b6yjqx err=HttpError('InvalidRequest: Could not find repo: did:plc:xcwlcyl2npaiq46vh6b6yjqx')
2026-03-19T16:39:46Z WARNING bsky_collector_v2.job.index_feed_generators: listRecords failed repo=did:plc:yaqr6tg2g3sile5tu344qdfv err=HttpError('InvalidRequest: Could not find repo: did:plc:yaqr6tg2g3sile5tu344qdfv')
2026-03-19T16:39:46Z WARNING bsky_collector_v2.job.index_feed_generators: listRecords failed repo=did:plc:zfa437orr6ijmywaxnendb5h err=HttpError('InvalidRequest: Could not find repo: did:plc:zfa437orr6ijmywaxnendb5h')
2026-03-19T16:39:47Z INFO bsky_collector_v2.job.index_feed_generators: enqueued repos page=14 mode=listRepos inserted=500 repos_returned=500 next_cursor=set
2026-03-19T16:39:55Z WARNING bsky_collector_v2.job.index_feed_generators: listRecords failed repo=did:plc:5itck7g4hwkvm7zxxbw4jmvv err=HttpError('InvalidRequest: Could not find repo: did:plc:5itck7g4hwkvm7zxxbw4jmvv')
2026-03-19T16:39:56Z WARNING bsky_collector_v2.job.index_feed_generators: listRecords failed repo=did:plc:63vr6prpsqi5mi5jmgm6glq6 err=HttpError('InvalidRequest: Could not find repo: did:plc:63vr6prpsqi5mi5jmgm6glq6')
2026-03-19T16:40:01Z WARNING bsky_collector_v2.job.index_feed_generators: listRecords failed repo=did:plc:alfusenxxrb4ho7gyv5ussxr err=HttpError('InvalidRequest: Could not find repo: did:plc:alfusenxxrb4ho7gyv5ussxr')
2026-03-19T16:40:03Z WARNING bsky_collector_v2.job.index_feed_generators: listRecords failed repo=did:plc:bfw4q6xcucwjserpjgf3r2i3 err=HttpError('InvalidRequest: Could not find repo: did:plc:bfw4q6xcucwjserpjgf3r2i3')
2026-03-19T16:40:18Z WARNING bsky_collector_v2.job.index_feed_generators: listRecords failed repo=did:plc:joqgekfeirlskbaox5ytbmnx err=HttpError('InvalidRequest: Could not find repo: did:plc:joqgekfeirlskbaox5ytbmnx')
2026-03-19T16:40:20Z WARNING bsky_collector_v2.job.index_feed_generators: listRecords failed repo=did:plc:kp5lnrjumo744wxhfqcgdnxn err=HttpError('InvalidRequest: Could not find repo: did:plc:kp5lnrjumo744wxhfqcgdnxn')
2026-03-19T16:40:20Z WARNING bsky_collector_v2.job.index_feed_generators: listRecords failed repo=did:plc:kzel2dzcs6ddqckz3kgltole err=HttpError('InvalidRequest: Could not find repo: did:plc:kzel2dzcs6ddqckz3kgltole')
2026-03-19T16:40:21Z WARNING bsky_collector_v2.job.index_feed_generators: listRecords failed repo=did:plc:lq5w7m7xgyciebpojohid2rs err=HttpError('InvalidRequest: Could not find repo: did:plc:lq5w7m7xgyciebpojohid2rs')
2026-03-19T16:40:21Z WARNING bsky_collector_v2.job.index_feed_generators: listRecords failed repo=did:plc:lqu3fx5as7r2mlhgy5ijt3hz err=HttpError('InvalidRequest: Could not find repo: did:plc:lqu3fx5as7r2mlhgy5ijt3hz')
2026-03-19T16:40:33Z WARNING bsky_collector_v2.job.index_feed_generators: listRecords failed repo=did:plc:nqrmi6sesh477xlzd63p7lwn err=HttpError('InvalidRequest: Could not find repo: did:plc:nqrmi6sesh477xlzd63p7lwn')
2026-03-19T16:40:35Z WARNING bsky_collector_v2.job.index_feed_generators: listRecords failed repo=did:plc:o6se5uwrm7tnehhdmfdbb7qy err=HttpError('InvalidRequest: Could not find repo: did:plc:o6se5uwrm7tnehhdmfdbb7qy')
2026-03-19T16:40:35Z WARNING bsky_collector_v2.job.index_feed_generators: listRecords failed repo=did:plc:obedycklgxivegqathruytd3 err=HttpError('InvalidRequest: Could not find repo: did:plc:obedycklgxivegqathruytd3')
2026-03-19T16:40:36Z WARNING bsky_collector_v2.job.index_feed_generators: listRecords failed repo=did:plc:oo2iscbpzx35mj4a4ptxx3cs err=HttpError('InvalidRequest: Could not find repo: did:plc:oo2iscbpzx35mj4a4ptxx3cs')
2026-03-19T16:40:37Z WARNING bsky_collector_v2.job.index_feed_generators: listRecords failed repo=did:plc:p4tpuk3hhu3khyoygc7hhbaf err=HttpError('InvalidRequest: Could not find repo: did:plc:p4tpuk3hhu3khyoygc7hhbaf')
2026-03-19T16:40:47Z WARNING bsky_collector_v2.job.index_feed_generators: listRecords failed repo=did:plc:s5fou7tnexp5cltwic7qkkc7 err=HttpError('InvalidRequest: Could not find repo: did:plc:s5fou7tnexp5cltwic7qkkc7')
2026-03-19T16:40:51Z WARNING bsky_collector_v2.job.index_feed_generators: listRecords failed repo=did:plc:tusqfsn7h67qhuj7f2ab4ula err=HttpError('InvalidRequest: Could not find repo: did:plc:tusqfsn7h67qhuj7f2ab4ula')
2026-03-19T16:40:52Z WARNING bsky_collector_v2.job.index_feed_generators: listRecords failed repo=did:plc:ugs6tj47zbs4jiyuhwrrqyyu err=HttpError('InvalidRequest: Could not find repo: did:plc:ugs6tj47zbs4jiyuhwrrqyyu')
2026-03-19T16:41:04Z WARNING bsky_collector_v2.job.index_feed_generators: listRecords failed repo=did:plc:xnn7tx4ehmt66xgqnrqfcj7n err=HttpError('InvalidRequest: Could not find repo: did:plc:xnn7tx4ehmt66xgqnrqfcj7n')
2026-03-19T16:41:07Z WARNING bsky_collector_v2.job.index_feed_generators: listRecords failed repo=did:plc:yb36bgm7g3ips67jeaaodo3z err=HttpError('InvalidRequest: Could not find repo: did:plc:yb36bgm7g3ips67jeaaodo3z')
2026-03-19T16:41:14Z WARNING bsky_collector_v2.job.index_feed_generators: listRecords failed repo=did:plc:zl3tgvrijxajnzsfm7z5zdga err=HttpError('InvalidRequest: Could not find repo: did:plc:zl3tgvrijxajnzsfm7z5zdga')
2026-03-19T16:41:14Z WARNING bsky_collector_v2.job.index_feed_generators: listRecords failed repo=did:plc:5itck7g4hwkvm7zxxbw4jmvv err=HttpError('InvalidRequest: Could not find repo: did:plc:5itck7g4hwkvm7zxxbw4jmvv')
2026-03-19T16:41:14Z WARNING bsky_collector_v2.job.index_feed_generators: listRecords failed repo=did:plc:63vr6prpsqi5mi5jmgm6glq6 err=HttpError('InvalidRequest: Could not find repo: did:plc:63vr6prpsqi5mi5jmgm6glq6')
2026-03-19T16:41:14Z WARNING bsky_collector_v2.job.index_feed_generators: listRecords failed repo=did:plc:alfusenxxrb4ho7gyv5ussxr err=HttpError('InvalidRequest: Could not find repo: did:plc:alfusenxxrb4ho7gyv5ussxr')
2026-03-19T16:41:15Z WARNING bsky_collector_v2.job.index_feed_generators: listRecords failed repo=did:plc:bfw4q6xcucwjserpjgf3r2i3 err=HttpError('InvalidRequest: Could not find repo: did:plc:bfw4q6xcucwjserpjgf3r2i3')
2026-03-19T16:41:15Z WARNING bsky_collector_v2.job.index_feed_generators: listRecords failed repo=did:plc:joqgekfeirlskbaox5ytbmnx err=HttpError('InvalidRequest: Could not find repo: did:plc:joqgekfeirlskbaox5ytbmnx')
2026-03-19T16:41:15Z WARNING bsky_collector_v2.job.index_feed_generators: listRecords failed repo=did:plc:kp5lnrjumo744wxhfqcgdnxn err=HttpError('InvalidRequest: Could not find repo: did:plc:kp5lnrjumo744wxhfqcgdnxn')
2026-03-19T16:41:15Z WARNING bsky_collector_v2.job.index_feed_generators: listRecords failed repo=did:plc:kzel2dzcs6ddqckz3kgltole err=HttpError('InvalidRequest: Could not find repo: did:plc:kzel2dzcs6ddqckz3kgltole')
2026-03-19T16:41:15Z WARNING bsky_collector_v2.job.index_feed_generators: listRecords failed repo=did:plc:lq5w7m7xgyciebpojohid2rs err=HttpError('InvalidRequest: Could not find repo: did:plc:lq5w7m7xgyciebpojohid2rs')
2026-03-19T16:41:15Z WARNING bsky_collector_v2.job.index_feed_generators: listRecords failed repo=did:plc:lqu3fx5as7r2mlhgy5ijt3hz err=HttpError('InvalidRequest: Could not find repo: did:plc:lqu3fx5as7r2mlhgy5ijt3hz')
2026-03-19T16:41:15Z WARNING bsky_collector_v2.job.index_feed_generators: listRecords failed repo=did:plc:nqrmi6sesh477xlzd63p7lwn err=HttpError('InvalidRequest: Could not find repo: did:plc:nqrmi6sesh477xlzd63p7lwn')
2026-03-19T16:41:15Z WARNING bsky_collector_v2.job.index_feed_generators: listRecords failed repo=did:plc:o6se5uwrm7tnehhdmfdbb7qy err=HttpError('InvalidRequest: Could not find repo: did:plc:o6se5uwrm7tnehhdmfdbb7qy')
2026-03-19T16:41:15Z WARNING bsky_collector_v2.job.index_feed_generators: listRecords failed repo=did:plc:obedycklgxivegqathruytd3 err=HttpError('InvalidRequest: Could not find repo: did:plc:obedycklgxivegqathruytd3')
2026-03-19T16:41:15Z WARNING bsky_collector_v2.job.index_feed_generators: listRecords failed repo=did:plc:oo2iscbpzx35mj4a4ptxx3cs err=HttpError('InvalidRequest: Could not find repo: did:plc:oo2iscbpzx35mj4a4ptxx3cs')
2026-03-19T16:41:15Z WARNING bsky_collector_v2.job.index_feed_generators: listRecords failed repo=did:plc:p4tpuk3hhu3khyoygc7hhbaf err=HttpError('InvalidRequest: Could not find repo: did:plc:p4tpuk3hhu3khyoygc7hhbaf')
2026-03-19T16:41:15Z WARNING bsky_collector_v2.job.index_feed_generators: listRecords failed repo=did:plc:s5fou7tnexp5cltwic7qkkc7 err=HttpError('InvalidRequest: Could not find repo: did:plc:s5fou7tnexp5cltwic7qkkc7')
2026-03-19T16:41:16Z WARNING bsky_collector_v2.job.index_feed_generators: listRecords failed repo=did:plc:tusqfsn7h67qhuj7f2ab4ula err=HttpError('InvalidRequest: Could not find repo: did:plc:tusqfsn7h67qhuj7f2ab4ula')
2026-03-19T16:41:16Z WARNING bsky_collector_v2.job.index_feed_generators: listRecords failed repo=did:plc:ugs6tj47zbs4jiyuhwrrqyyu err=HttpError('InvalidRequest: Could not find repo: did:plc:ugs6tj47zbs4jiyuhwrrqyyu')
2026-03-19T16:41:16Z WARNING bsky_collector_v2.job.index_feed_generators: listRecords failed repo=did:plc:xnn7tx4ehmt66xgqnrqfcj7n err=HttpError('InvalidRequest: Could not find repo: did:plc:xnn7tx4ehmt66xgqnrqfcj7n')
2026-03-19T16:41:16Z WARNING bsky_collector_v2.job.index_feed_generators: listRecords failed repo=did:plc:yb36bgm7g3ips67jeaaodo3z err=HttpError('InvalidRequest: Could not find repo: did:plc:yb36bgm7g3ips67jeaaodo3z')
2026-03-19T16:41:16Z WARNING bsky_collector_v2.job.index_feed_generators: listRecords failed repo=did:plc:zl3tgvrijxajnzsfm7z5zdga err=HttpError('InvalidRequest: Could not find repo: did:plc:zl3tgvrijxajnzsfm7z5zdga')
2026-03-19T16:41:16Z WARNING bsky_collector_v2.job.index_feed_generators: listRecords failed repo=did:plc:5itck7g4hwkvm7zxxbw4jmvv err=HttpError('InvalidRequest: Could not find repo: did:plc:5itck7g4hwkvm7zxxbw4jmvv')
2026-03-19T16:41:16Z WARNING bsky_collector_v2.job.index_feed_generators: listRecords failed repo=did:plc:63vr6prpsqi5mi5jmgm6glq6 err=HttpError('InvalidRequest: Could not find repo: did:plc:63vr6prpsqi5mi5jmgm6glq6')
2026-03-19T16:41:16Z WARNING bsky_collector_v2.job.index_feed_generators: listRecords failed repo=did:plc:alfusenxxrb4ho7gyv5ussxr err=HttpError('InvalidRequest: Could not find repo: did:plc:alfusenxxrb4ho7gyv5ussxr')
2026-03-19T16:41:16Z WARNING bsky_collector_v2.job.index_feed_generators: listRecords failed repo=did:plc:bfw4q6xcucwjserpjgf3r2i3 err=HttpError('InvalidRequest: Could not find repo: did:plc:bfw4q6xcucwjserpjgf3r2i3')
2026-03-19T16:41:16Z WARNING bsky_collector_v2.job.index_feed_generators: listRecords failed repo=did:plc:joqgekfeirlskbaox5ytbmnx err=HttpError('InvalidRequest: Could not find repo: did:plc:joqgekfeirlskbaox5ytbmnx')
2026-03-19T16:41:16Z WARNING bsky_collector_v2.job.index_feed_generators: listRecords failed repo=did:plc:kp5lnrjumo744wxhfqcgdnxn err=HttpError('InvalidRequest: Could not find repo: did:plc:kp5lnrjumo744wxhfqcgdnxn')
2026-03-19T16:41:16Z WARNING bsky_collector_v2.job.index_feed_generators: listRecords failed repo=did:plc:kzel2dzcs6ddqckz3kgltole err=HttpError('InvalidRequest: Could not find repo: did:plc:kzel2dzcs6ddqckz3kgltole')
2026-03-19T16:41:16Z WARNING bsky_collector_v2.job.index_feed_generators: listRecords failed repo=did:plc:lq5w7m7xgyciebpojohid2rs err=HttpError('InvalidRequest: Could not find repo: did:plc:lq5w7m7xgyciebpojohid2rs')
2026-03-19T16:41:16Z WARNING bsky_collector_v2.job.index_feed_generators: listRecords failed repo=did:plc:lqu3fx5as7r2mlhgy5ijt3hz err=HttpError('InvalidRequest: Could not find repo: did:plc:lqu3fx5as7r2mlhgy5ijt3hz')
2026-03-19T16:41:16Z WARNING bsky_collector_v2.job.index_feed_generators: listRecords failed repo=did:plc:nqrmi6sesh477xlzd63p7lwn err=HttpError('InvalidRequest: Could not find repo: did:plc:nqrmi6sesh477xlzd63p7lwn')
2026-03-19T16:41:17Z WARNING bsky_collector_v2.job.index_feed_generators: listRecords failed repo=did:plc:o6se5uwrm7tnehhdmfdbb7qy err=HttpError('InvalidRequest: Could not find repo: did:plc:o6se5uwrm7tnehhdmfdbb7qy')
2026-03-19T16:41:17Z WARNING bsky_collector_v2.job.index_feed_generators: listRecords failed repo=did:plc:obedycklgxivegqathruytd3 err=HttpError('InvalidRequest: Could not find repo: did:plc:obedycklgxivegqathruytd3')
2026-03-19T16:41:17Z WARNING bsky_collector_v2.job.index_feed_generators: listRecords failed repo=did:plc:oo2iscbpzx35mj4a4ptxx3cs err=HttpError('InvalidRequest: Could not find repo: did:plc:oo2iscbpzx35mj4a4ptxx3cs')
2026-03-19T16:41:17Z WARNING bsky_collector_v2.job.index_feed_generators: listRecords failed repo=did:plc:p4tpuk3hhu3khyoygc7hhbaf err=HttpError('InvalidRequest: Could not find repo: did:plc:p4tpuk3hhu3khyoygc7hhbaf')
2026-03-19T16:41:17Z WARNING bsky_collector_v2.job.index_feed_generators: listRecords failed repo=did:plc:s5fou7tnexp5cltwic7qkkc7 err=HttpError('InvalidRequest: Could not find repo: did:plc:s5fou7tnexp5cltwic7qkkc7')
2026-03-19T16:41:17Z WARNING bsky_collector_v2.job.index_feed_generators: listRecords failed repo=did:plc:tusqfsn7h67qhuj7f2ab4ula err=HttpError('InvalidRequest: Could not find repo: did:plc:tusqfsn7h67qhuj7f2ab4ula')
2026-03-19T16:41:17Z WARNING bsky_collector_v2.job.index_feed_generators: listRecords failed repo=did:plc:ugs6tj47zbs4jiyuhwrrqyyu err=HttpError('InvalidRequest: Could not find repo: did:plc:ugs6tj47zbs4jiyuhwrrqyyu')
2026-03-19T16:41:17Z WARNING bsky_collector_v2.job.index_feed_generators: listRecords failed repo=did:plc:xnn7tx4ehmt66xgqnrqfcj7n err=HttpError('InvalidRequest: Could not find repo: did:plc:xnn7tx4ehmt66xgqnrqfcj7n')
2026-03-19T16:41:17Z WARNING bsky_collector_v2.job.index_feed_generators: listRecords failed repo=did:plc:yb36bgm7g3ips67jeaaodo3z err=HttpError('InvalidRequest: Could not find repo: did:plc:yb36bgm7g3ips67jeaaodo3z')
2026-03-19T16:41:17Z WARNING bsky_collector_v2.job.index_feed_generators: listRecords failed repo=did:plc:zl3tgvrijxajnzsfm7z5zdga err=HttpError('InvalidRequest: Could not find repo: did:plc:zl3tgvrijxajnzsfm7z5zdga')
2026-03-19T16:41:18Z INFO bsky_collector_v2.job.index_feed_generators: enqueued repos page=15 mode=listRepos inserted=500 repos_returned=500 next_cursor=set
2026-03-19T16:41:18Z WARNING bsky_collector_v2.job.index_feed_generators: listRecords failed repo=did:plc:2bmyevauts6wdndaffah5z5w err=HttpError('InvalidRequest: Could not find repo: did:plc:2bmyevauts6wdndaffah5z5w')
2026-03-19T16:41:20Z WARNING bsky_collector_v2.job.index_feed_generators: listRecords failed repo=did:plc:2xjtl7y5bbp2pnkdsv6sk7eu err=HttpError('InvalidRequest: Could not find repo: did:plc:2xjtl7y5bbp2pnkdsv6sk7eu')
2026-03-19T16:41:22Z WARNING bsky_collector_v2.job.index_feed_generators: listRecords failed repo=did:plc:3h756ij7drzy5dheohybq335 err=HttpError('InvalidRequest: Could not find repo: did:plc:3h756ij7drzy5dheohybq335')
2026-03-19T16:41:28Z WARNING bsky_collector_v2.job.index_feed_generators: listRecords failed repo=did:plc:5ajk3rzf44hdqox2db2lv376 err=HttpError('InvalidRequest: Could not find repo: did:plc:5ajk3rzf44hdqox2db2lv376')
2026-03-19T16:41:31Z WARNING bsky_collector_v2.job.index_feed_generators: listRecords failed repo=did:plc:6jv6quwag2crgrjpuhd6owgn err=HttpError('InvalidRequest: Could not find repo: did:plc:6jv6quwag2crgrjpuhd6owgn')
2026-03-19T16:41:31Z WARNING bsky_collector_v2.job.index_feed_generators: listRecords failed repo=did:plc:6ndzkwlelgbqwsspd3iniftm err=HttpError('InvalidRequest: Could not find repo: did:plc:6ndzkwlelgbqwsspd3iniftm')
2026-03-19T16:41:36Z WARNING bsky_collector_v2.job.index_feed_generators: listRecords failed repo=did:plc:awjnig4zwjjys7zstzep3zfg err=HttpError('InvalidRequest: Could not find repo: did:plc:awjnig4zwjjys7zstzep3zfg')
2026-03-19T16:41:39Z WARNING bsky_collector_v2.job.index_feed_generators: listRecords failed repo=did:plc:cih7ogndq6tsa2iyiamtaji2 err=HttpError('InvalidRequest: Could not find repo: did:plc:cih7ogndq6tsa2iyiamtaji2')
2026-03-19T16:41:40Z WARNING bsky_collector_v2.job.index_feed_generators: listRecords failed repo=did:plc:cst6mby5bifwyyqnlsv7o6hn err=HttpError('InvalidRequest: Could not find repo: did:plc:cst6mby5bifwyyqnlsv7o6hn')
2026-03-19T16:41:40Z WARNING bsky_collector_v2.job.index_feed_generators: listRecords failed repo=did:plc:cwes6vwv5pwj54b7erninqva err=HttpError('InvalidRequest: Could not find repo: did:plc:cwes6vwv5pwj54b7erninqva')
2026-03-19T16:41:41Z WARNING bsky_collector_v2.job.index_feed_generators: listRecords failed repo=did:plc:doyot6bdn43gb6xf7stkhtay err=HttpError('InvalidRequest: Could not find repo: did:plc:doyot6bdn43gb6xf7stkhtay')
2026-03-19T16:41:45Z WARNING bsky_collector_v2.job.index_feed_generators: listRecords failed repo=did:plc:getwjshe7c4iwwog2auvp7to err=HttpError('InvalidRequest: Could not find repo: did:plc:getwjshe7c4iwwog2auvp7to')
2026-03-19T16:42:00Z WARNING bsky_collector_v2.job.index_feed_generators: listRecords failed repo=did:plc:mvwgqs4oxktp42xpfybl4b2f err=HttpError('InvalidRequest: Could not find repo: did:plc:mvwgqs4oxktp42xpfybl4b2f')
2026-03-19T16:42:18Z WARNING bsky_collector_v2.job.index_feed_generators: listRecords failed repo=did:plc:tjxjg6yiqgy63qp7qyzqap63 err=HttpError('InvalidRequest: Could not find repo: did:plc:tjxjg6yiqgy63qp7qyzqap63')
2026-03-19T16:42:18Z WARNING bsky_collector_v2.job.index_feed_generators: listRecords failed repo=did:plc:u4gxvfsz7qhanpbwjs3v6kuc err=HttpError('InvalidRequest: Could not find repo: did:plc:u4gxvfsz7qhanpbwjs3v6kuc')
2026-03-19T16:42:22Z WARNING bsky_collector_v2.job.index_feed_generators: listRecords failed repo=did:plc:vox7v6pjp76twhcreijlusyq err=HttpError('InvalidRequest: Could not find repo: did:plc:vox7v6pjp76twhcreijlusyq')
2026-03-19T16:42:34Z WARNING bsky_collector_v2.job.index_feed_generators: listRecords failed repo=did:plc:2bmyevauts6wdndaffah5z5w err=HttpError('InvalidRequest: Could not find repo: did:plc:2bmyevauts6wdndaffah5z5w')
2026-03-19T16:42:34Z WARNING bsky_collector_v2.job.index_feed_generators: listRecords failed repo=did:plc:2xjtl7y5bbp2pnkdsv6sk7eu err=HttpError('InvalidRequest: Could not find repo: did:plc:2xjtl7y5bbp2pnkdsv6sk7eu')
2026-03-19T16:42:34Z WARNING bsky_collector_v2.job.index_feed_generators: listRecords failed repo=did:plc:3h756ij7drzy5dheohybq335 err=HttpError('InvalidRequest: Could not find repo: did:plc:3h756ij7drzy5dheohybq335')
2026-03-19T16:42:35Z WARNING bsky_collector_v2.job.index_feed_generators: listRecords failed repo=did:plc:5ajk3rzf44hdqox2db2lv376 err=HttpError('InvalidRequest: Could not find repo: did:plc:5ajk3rzf44hdqox2db2lv376')
2026-03-19T16:42:35Z WARNING bsky_collector_v2.job.index_feed_generators: listRecords failed repo=did:plc:6jv6quwag2crgrjpuhd6owgn err=HttpError('InvalidRequest: Could not find repo: did:plc:6jv6quwag2crgrjpuhd6owgn')
2026-03-19T16:42:35Z WARNING bsky_collector_v2.job.index_feed_generators: listRecords failed repo=did:plc:6ndzkwlelgbqwsspd3iniftm err=HttpError('InvalidRequest: Could not find repo: did:plc:6ndzkwlelgbqwsspd3iniftm')
2026-03-19T16:42:35Z WARNING bsky_collector_v2.job.index_feed_generators: listRecords failed repo=did:plc:awjnig4zwjjys7zstzep3zfg err=HttpError('InvalidRequest: Could not find repo: did:plc:awjnig4zwjjys7zstzep3zfg')
2026-03-19T16:42:35Z WARNING bsky_collector_v2.job.index_feed_generators: listRecords failed repo=did:plc:cih7ogndq6tsa2iyiamtaji2 err=HttpError('InvalidRequest: Could not find repo: did:plc:cih7ogndq6tsa2iyiamtaji2')
2026-03-19T16:42:35Z WARNING bsky_collector_v2.job.index_feed_generators: listRecords failed repo=did:plc:cst6mby5bifwyyqnlsv7o6hn err=HttpError('InvalidRequest: Could not find repo: did:plc:cst6mby5bifwyyqnlsv7o6hn')
2026-03-19T16:42:35Z WARNING bsky_collector_v2.job.index_feed_generators: listRecords failed repo=did:plc:cwes6vwv5pwj54b7erninqva err=HttpError('InvalidRequest: Could not find repo: did:plc:cwes6vwv5pwj54b7erninqva')
2026-03-19T16:42:35Z WARNING bsky_collector_v2.job.index_feed_generators: listRecords failed repo=did:plc:doyot6bdn43gb6xf7stkhtay err=HttpError('InvalidRequest: Could not find repo: did:plc:doyot6bdn43gb6xf7stkhtay')
2026-03-19T16:42:35Z WARNING bsky_collector_v2.job.index_feed_generators: listRecords failed repo=did:plc:getwjshe7c4iwwog2auvp7to err=HttpError('InvalidRequest: Could not find repo: did:plc:getwjshe7c4iwwog2auvp7to')
2026-03-19T16:42:35Z WARNING bsky_collector_v2.job.index_feed_generators: listRecords failed repo=did:plc:mvwgqs4oxktp42xpfybl4b2f err=HttpError('InvalidRequest: Could not find repo: did:plc:mvwgqs4oxktp42xpfybl4b2f')
2026-03-19T16:42:35Z WARNING bsky_collector_v2.job.index_feed_generators: listRecords failed repo=did:plc:tjxjg6yiqgy63qp7qyzqap63 err=HttpError('InvalidRequest: Could not find repo: did:plc:tjxjg6yiqgy63qp7qyzqap63')
2026-03-19T16:42:35Z WARNING bsky_collector_v2.job.index_feed_generators: listRecords failed repo=did:plc:u4gxvfsz7qhanpbwjs3v6kuc err=HttpError('InvalidRequest: Could not find repo: did:plc:u4gxvfsz7qhanpbwjs3v6kuc')
2026-03-19T16:42:35Z WARNING bsky_collector_v2.job.index_feed_generators: listRecords failed repo=did:plc:vox7v6pjp76twhcreijlusyq err=HttpError('InvalidRequest: Could not find repo: did:plc:vox7v6pjp76twhcreijlusyq')
2026-03-19T16:42:35Z WARNING bsky_collector_v2.job.index_feed_generators: listRecords failed repo=did:plc:2bmyevauts6wdndaffah5z5w err=HttpError('InvalidRequest: Could not find repo: did:plc:2bmyevauts6wdndaffah5z5w')
2026-03-19T16:42:35Z WARNING bsky_collector_v2.job.index_feed_generators: listRecords failed repo=did:plc:2xjtl7y5bbp2pnkdsv6sk7eu err=HttpError('InvalidRequest: Could not find repo: did:plc:2xjtl7y5bbp2pnkdsv6sk7eu')
2026-03-19T16:42:35Z WARNING bsky_collector_v2.job.index_feed_generators: listRecords failed repo=did:plc:3h756ij7drzy5dheohybq335 err=HttpError('InvalidRequest: Could not find repo: did:plc:3h756ij7drzy5dheohybq335')
2026-03-19T16:42:35Z WARNING bsky_collector_v2.job.index_feed_generators: listRecords failed repo=did:plc:5ajk3rzf44hdqox2db2lv376 err=HttpError('InvalidRequest: Could not find repo: did:plc:5ajk3rzf44hdqox2db2lv376')
2026-03-19T16:42:35Z WARNING bsky_collector_v2.job.index_feed_generators: listRecords failed repo=did:plc:6jv6quwag2crgrjpuhd6owgn err=HttpError('InvalidRequest: Could not find repo: did:plc:6jv6quwag2crgrjpuhd6owgn')
2026-03-19T16:42:35Z WARNING bsky_collector_v2.job.index_feed_generators: listRecords failed repo=did:plc:6ndzkwlelgbqwsspd3iniftm err=HttpError('InvalidRequest: Could not find repo: did:plc:6ndzkwlelgbqwsspd3iniftm')
2026-03-19T16:42:35Z WARNING bsky_collector_v2.job.index_feed_generators: listRecords failed repo=did:plc:awjnig4zwjjys7zstzep3zfg err=HttpError('InvalidRequest: Could not find repo: did:plc:awjnig4zwjjys7zstzep3zfg')
2026-03-19T16:42:36Z WARNING bsky_collector_v2.job.index_feed_generators: listRecords failed repo=did:plc:cih7ogndq6tsa2iyiamtaji2 err=HttpError('InvalidRequest: Could not find repo: did:plc:cih7ogndq6tsa2iyiamtaji2')
2026-03-19T16:42:36Z WARNING bsky_collector_v2.job.index_feed_generators: listRecords failed repo=did:plc:cst6mby5bifwyyqnlsv7o6hn err=HttpError('InvalidRequest: Could not find repo: did:plc:cst6mby5bifwyyqnlsv7o6hn')
2026-03-19T16:42:36Z WARNING bsky_collector_v2.job.index_feed_generators: listRecords failed repo=did:plc:cwes6vwv5pwj54b7erninqva err=HttpError('InvalidRequest: Could not find repo: did:plc:cwes6vwv5pwj54b7erninqva')
2026-03-19T16:42:36Z WARNING bsky_collector_v2.job.index_feed_generators: listRecords failed repo=did:plc:doyot6bdn43gb6xf7stkhtay err=HttpError('InvalidRequest: Could not find repo: did:plc:doyot6bdn43gb6xf7stkhtay')
2026-03-19T16:42:36Z WARNING bsky_collector_v2.job.index_feed_generators: listRecords failed repo=did:plc:getwjshe7c4iwwog2auvp7to err=HttpError('InvalidRequest: Could not find repo: did:plc:getwjshe7c4iwwog2auvp7to')
2026-03-19T16:42:36Z WARNING bsky_collector_v2.job.index_feed_generators: listRecords failed repo=did:plc:mvwgqs4oxktp42xpfybl4b2f err=HttpError('InvalidRequest: Could not find repo: did:plc:mvwgqs4oxktp42xpfybl4b2f')
2026-03-19T16:42:36Z WARNING bsky_collector_v2.job.index_feed_generators: listRecords failed repo=did:plc:tjxjg6yiqgy63qp7qyzqap63 err=HttpError('InvalidRequest: Could not find repo: did:plc:tjxjg6yiqgy63qp7qyzqap63')
2026-03-19T16:42:36Z WARNING bsky_collector_v2.job.index_feed_generators: listRecords failed repo=did:plc:u4gxvfsz7qhanpbwjs3v6kuc err=HttpError('InvalidRequest: Could not find repo: did:plc:u4gxvfsz7qhanpbwjs3v6kuc')
2026-03-19T16:42:36Z WARNING bsky_collector_v2.job.index_feed_generators: listRecords failed repo=did:plc:vox7v6pjp76twhcreijlusyq err=HttpError('InvalidRequest: Could not find repo: did:plc:vox7v6pjp76twhcreijlusyq')
2026-03-19T16:42:36Z INFO bsky_collector_v2.job.index_feed_generators: enqueued repos page=16 mode=listRepos inserted=500 repos_returned=500 next_cursor=set
2026-03-19T16:43:47Z INFO bsky_collector_v2.job.index_feed_generators: enqueued repos page=17 mode=listRepos inserted=500 repos_returned=500 next_cursor=set
2026-03-19T16:44:23Z WARNING bsky_collector_v2.job.index_feed_generators: listRecords failed repo=did:plc:li3r65pstbgagolftkmffdtc err=HttpError('InvalidRequest: Could not find repo: did:plc:li3r65pstbgagolftkmffdtc')
2026-03-19T16:44:50Z WARNING bsky_collector_v2.job.index_feed_generators: listRecords failed repo=did:plc:li3r65pstbgagolftkmffdtc err=HttpError('InvalidRequest: Could not find repo: did:plc:li3r65pstbgagolftkmffdtc')
2026-03-19T16:44:50Z WARNING bsky_collector_v2.job.index_feed_generators: listRecords failed repo=did:plc:li3r65pstbgagolftkmffdtc err=HttpError('InvalidRequest: Could not find repo: did:plc:li3r65pstbgagolftkmffdtc')
2026-03-19T16:44:50Z INFO bsky_collector_v2.job.index_feed_generators: enqueued repos page=18 mode=listRepos inserted=500 repos_returned=500 next_cursor=set
2026-03-19T16:45:52Z INFO bsky_collector_v2.job.index_feed_generators: enqueued repos page=19 mode=listRepos inserted=500 repos_returned=500 next_cursor=set
2026-03-19T16:46:21Z WARNING bsky_collector_v2.job.index_feed_generators: listRecords failed repo=did:plc:c3ktt46lz5n3lt7vyj4mnrak err=HttpError('InvalidRequest: Could not find repo: did:plc:c3ktt46lz5n3lt7vyj4mnrak')
2026-03-19T16:46:48Z WARNING bsky_collector_v2.job.index_feed_generators: listRecords failed repo=did:plc:phyran2kdfatqj7z2ygqs4ak err=HttpError('InvalidRequest: Could not find repo: did:plc:phyran2kdfatqj7z2ygqs4ak')
2026-03-19T16:47:01Z WARNING bsky_collector_v2.job.index_feed_generators: listRecords failed repo=did:plc:vvrghbe56xjdrj6oxcixmqg4 err=HttpError('InvalidRequest: Could not find repo: did:plc:vvrghbe56xjdrj6oxcixmqg4')
2026-03-19T16:47:08Z WARNING bsky_collector_v2.job.index_feed_generators: listRecords failed repo=did:plc:c3ktt46lz5n3lt7vyj4mnrak err=HttpError('InvalidRequest: Could not find repo: did:plc:c3ktt46lz5n3lt7vyj4mnrak')
2026-03-19T16:47:08Z WARNING bsky_collector_v2.job.index_feed_generators: listRecords failed repo=did:plc:phyran2kdfatqj7z2ygqs4ak err=HttpError('InvalidRequest: Could not find repo: did:plc:phyran2kdfatqj7z2ygqs4ak')
2026-03-19T16:47:08Z WARNING bsky_collector_v2.job.index_feed_generators: listRecords failed repo=did:plc:vvrghbe56xjdrj6oxcixmqg4 err=HttpError('InvalidRequest: Could not find repo: did:plc:vvrghbe56xjdrj6oxcixmqg4')
2026-03-19T16:47:09Z WARNING bsky_collector_v2.job.index_feed_generators: listRecords failed repo=did:plc:c3ktt46lz5n3lt7vyj4mnrak err=HttpError('InvalidRequest: Could not find repo: did:plc:c3ktt46lz5n3lt7vyj4mnrak')
2026-03-19T16:47:09Z WARNING bsky_collector_v2.job.index_feed_generators: listRecords failed repo=did:plc:phyran2kdfatqj7z2ygqs4ak err=HttpError('InvalidRequest: Could not find repo: did:plc:phyran2kdfatqj7z2ygqs4ak')
2026-03-19T16:47:09Z WARNING bsky_collector_v2.job.index_feed_generators: listRecords failed repo=did:plc:vvrghbe56xjdrj6oxcixmqg4 err=HttpError('InvalidRequest: Could not find repo: did:plc:vvrghbe56xjdrj6oxcixmqg4')
2026-03-19T16:47:09Z INFO bsky_collector_v2.job.index_feed_generators: enqueued repos page=20 mode=listRepos inserted=500 repos_returned=500 next_cursor=set
2026-03-19T16:47:11Z WARNING bsky_collector_v2.job.index_feed_generators: listRecords failed repo=did:plc:2k5kceikpudt4vsrt3haa2r5 err=HttpError('InvalidRequest: Could not find repo: did:plc:2k5kceikpudt4vsrt3haa2r5')
2026-03-19T16:47:13Z WARNING bsky_collector_v2.job.index_feed_generators: listRecords failed repo=did:plc:3v724tzgsv53ayoxnljejjzn err=HttpError('InvalidRequest: Could not find repo: did:plc:3v724tzgsv53ayoxnljejjzn')
2026-03-19T16:47:29Z WARNING bsky_collector_v2.job.index_feed_generators: listRecords failed repo=did:plc:dvkg6urwjzcxjurbhn7zsje5 err=HttpError('InvalidRequest: Could not find repo: did:plc:dvkg6urwjzcxjurbhn7zsje5')
2026-03-19T16:47:29Z WARNING bsky_collector_v2.job.index_feed_generators: listRecords failed repo=did:plc:e2wpvr7ywtia6qv5gh654ddx err=HttpError('InvalidRequest: Could not find repo: did:plc:e2wpvr7ywtia6qv5gh654ddx')
2026-03-19T16:47:30Z WARNING bsky_collector_v2.job.index_feed_generators: listRecords failed repo=did:plc:egmfo2xzsdxkiag4tgbt6w3e err=HttpError('InvalidRequest: Could not find repo: did:plc:egmfo2xzsdxkiag4tgbt6w3e')
2026-03-19T16:47:31Z WARNING bsky_collector_v2.job.index_feed_generators: listRecords failed repo=did:plc:exl7u37eej6rtfaeynl4snpw err=HttpError('InvalidRequest: Could not find repo: did:plc:exl7u37eej6rtfaeynl4snpw')
2026-03-19T16:47:32Z WARNING bsky_collector_v2.job.index_feed_generators: listRecords failed repo=did:plc:fbkvbl6xclbgnprifef64oou err=HttpError('InvalidRequest: Could not find repo: did:plc:fbkvbl6xclbgnprifef64oou')
2026-03-19T16:47:32Z WARNING bsky_collector_v2.job.index_feed_generators: listRecords failed repo=did:plc:fw4yfnysleajtbndbaauca3r err=HttpError('InvalidRequest: Could not find repo: did:plc:fw4yfnysleajtbndbaauca3r')
2026-03-19T16:47:33Z WARNING bsky_collector_v2.job.index_feed_generators: listRecords failed repo=did:plc:fzlk4wyppqlbmch552wu6pbd err=HttpError('InvalidRequest: Could not find repo: did:plc:fzlk4wyppqlbmch552wu6pbd')
2026-03-19T16:47:35Z WARNING bsky_collector_v2.job.index_feed_generators: listRecords failed repo=did:plc:h6k3coqf3jrbmbh64fa7lis3 err=HttpError('InvalidRequest: Could not find repo: did:plc:h6k3coqf3jrbmbh64fa7lis3')
2026-03-19T16:47:47Z WARNING bsky_collector_v2.job.index_feed_generators: listRecords failed repo=did:plc:mjvba5mpsekrk4vbfwgmcku2 err=HttpError('InvalidRequest: Could not find repo: did:plc:mjvba5mpsekrk4vbfwgmcku2')
2026-03-19T16:47:50Z WARNING bsky_collector_v2.job.index_feed_generators: listRecords failed repo=did:plc:nqyo5ksi2z4ohvqepwqwd5nr err=HttpError('InvalidRequest: Could not find repo: did:plc:nqyo5ksi2z4ohvqepwqwd5nr')
2026-03-19T16:47:54Z WARNING bsky_collector_v2.job.index_feed_generators: listRecords failed repo=did:plc:poz3sfqbxucm743tzs6mf7jn err=HttpError('InvalidRequest: Could not find repo: did:plc:poz3sfqbxucm743tzs6mf7jn')
2026-03-19T16:48:03Z WARNING bsky_collector_v2.job.index_feed_generators: listRecords failed repo=did:plc:tkcfmmyfy3kdwy46tm6g7rjk err=HttpError('InvalidRequest: Could not find repo: did:plc:tkcfmmyfy3kdwy46tm6g7rjk')
2026-03-19T16:48:05Z WARNING bsky_collector_v2.job.index_feed_generators: listRecords failed repo=did:plc:ufdifzszihuoh5mrty7p4e2s err=HttpError('InvalidRequest: Could not find repo: did:plc:ufdifzszihuoh5mrty7p4e2s')
2026-03-19T16:48:07Z WARNING bsky_collector_v2.job.index_feed_generators: listRecords failed repo=did:plc:w3bzhvidirhlbatmjqmneiio err=HttpError('InvalidRequest: Could not find repo: did:plc:w3bzhvidirhlbatmjqmneiio')
2026-03-19T16:48:12Z WARNING bsky_collector_v2.job.index_feed_generators: listRecords failed repo=did:plc:ya2drn6liu5mdsvvx7e5mn4q err=HttpError('InvalidRequest: Could not find repo: did:plc:ya2drn6liu5mdsvvx7e5mn4q')
2026-03-19T16:48:13Z WARNING bsky_collector_v2.job.index_feed_generators: listRecords failed repo=did:plc:ywadswcuyyx5axpyd2qlpclr err=HttpError('InvalidRequest: Could not find repo: did:plc:ywadswcuyyx5axpyd2qlpclr')
2026-03-19T16:48:14Z WARNING bsky_collector_v2.job.index_feed_generators: listRecords failed repo=did:plc:zebannhasegfiv4v4hzvyg5m err=HttpError('InvalidRequest: Could not find repo: did:plc:zebannhasegfiv4v4hzvyg5m')
2026-03-19T16:48:14Z WARNING bsky_collector_v2.job.index_feed_generators: listRecords failed repo=did:plc:zlocvjj2tffkjiv7222fqhz7 err=HttpError('InvalidRequest: Could not find repo: did:plc:zlocvjj2tffkjiv7222fqhz7')
2026-03-19T16:48:14Z WARNING bsky_collector_v2.job.index_feed_generators: listRecords failed repo=did:plc:2k5kceikpudt4vsrt3haa2r5 err=HttpError('InvalidRequest: Could not find repo: did:plc:2k5kceikpudt4vsrt3haa2r5')
2026-03-19T16:48:14Z WARNING bsky_collector_v2.job.index_feed_generators: listRecords failed repo=did:plc:3v724tzgsv53ayoxnljejjzn err=HttpError('InvalidRequest: Could not find repo: did:plc:3v724tzgsv53ayoxnljejjzn')
2026-03-19T16:48:14Z WARNING bsky_collector_v2.job.index_feed_generators: listRecords failed repo=did:plc:dvkg6urwjzcxjurbhn7zsje5 err=HttpError('InvalidRequest: Could not find repo: did:plc:dvkg6urwjzcxjurbhn7zsje5')
2026-03-19T16:48:14Z WARNING bsky_collector_v2.job.index_feed_generators: listRecords failed repo=did:plc:e2wpvr7ywtia6qv5gh654ddx err=HttpError('InvalidRequest: Could not find repo: did:plc:e2wpvr7ywtia6qv5gh654ddx')
2026-03-19T16:48:14Z WARNING bsky_collector_v2.job.index_feed_generators: listRecords failed repo=did:plc:egmfo2xzsdxkiag4tgbt6w3e err=HttpError('InvalidRequest: Could not find repo: did:plc:egmfo2xzsdxkiag4tgbt6w3e')
2026-03-19T16:48:14Z WARNING bsky_collector_v2.job.index_feed_generators: listRecords failed repo=did:plc:exl7u37eej6rtfaeynl4snpw err=HttpError('InvalidRequest: Could not find repo: did:plc:exl7u37eej6rtfaeynl4snpw')
2026-03-19T16:48:14Z WARNING bsky_collector_v2.job.index_feed_generators: listRecords failed repo=did:plc:fbkvbl6xclbgnprifef64oou err=HttpError('InvalidRequest: Could not find repo: did:plc:fbkvbl6xclbgnprifef64oou')
2026-03-19T16:48:14Z WARNING bsky_collector_v2.job.index_feed_generators: listRecords failed repo=did:plc:fw4yfnysleajtbndbaauca3r err=HttpError('InvalidRequest: Could not find repo: did:plc:fw4yfnysleajtbndbaauca3r')
2026-03-19T16:48:14Z WARNING bsky_collector_v2.job.index_feed_generators: listRecords failed repo=did:plc:fzlk4wyppqlbmch552wu6pbd err=HttpError('InvalidRequest: Could not find repo: did:plc:fzlk4wyppqlbmch552wu6pbd')
2026-03-19T16:48:15Z WARNING bsky_collector_v2.job.index_feed_generators: listRecords failed repo=did:plc:h6k3coqf3jrbmbh64fa7lis3 err=HttpError('InvalidRequest: Could not find repo: did:plc:h6k3coqf3jrbmbh64fa7lis3')
2026-03-19T16:48:15Z WARNING bsky_collector_v2.job.index_feed_generators: listRecords failed repo=did:plc:mjvba5mpsekrk4vbfwgmcku2 err=HttpError('InvalidRequest: Could not find repo: did:plc:mjvba5mpsekrk4vbfwgmcku2')
2026-03-19T16:48:15Z WARNING bsky_collector_v2.job.index_feed_generators: listRecords failed repo=did:plc:nqyo5ksi2z4ohvqepwqwd5nr err=HttpError('InvalidRequest: Could not find repo: did:plc:nqyo5ksi2z4ohvqepwqwd5nr')
2026-03-19T16:48:15Z WARNING bsky_collector_v2.job.index_feed_generators: listRecords failed repo=did:plc:poz3sfqbxucm743tzs6mf7jn err=HttpError('InvalidRequest: Could not find repo: did:plc:poz3sfqbxucm743tzs6mf7jn')
2026-03-19T16:48:15Z WARNING bsky_collector_v2.job.index_feed_generators: listRecords failed repo=did:plc:tkcfmmyfy3kdwy46tm6g7rjk err=HttpError('InvalidRequest: Could not find repo: did:plc:tkcfmmyfy3kdwy46tm6g7rjk')
2026-03-19T16:48:15Z WARNING bsky_collector_v2.job.index_feed_generators: listRecords failed repo=did:plc:ufdifzszihuoh5mrty7p4e2s err=HttpError('InvalidRequest: Could not find repo: did:plc:ufdifzszihuoh5mrty7p4e2s')
2026-03-19T16:48:15Z WARNING bsky_collector_v2.job.index_feed_generators: listRecords failed repo=did:plc:w3bzhvidirhlbatmjqmneiio err=HttpError('InvalidRequest: Could not find repo: did:plc:w3bzhvidirhlbatmjqmneiio')
2026-03-19T16:48:15Z WARNING bsky_collector_v2.job.index_feed_generators: listRecords failed repo=did:plc:ya2drn6liu5mdsvvx7e5mn4q err=HttpError('InvalidRequest: Could not find repo: did:plc:ya2drn6liu5mdsvvx7e5mn4q')
2026-03-19T16:48:15Z WARNING bsky_collector_v2.job.index_feed_generators: listRecords failed repo=did:plc:ywadswcuyyx5axpyd2qlpclr err=HttpError('InvalidRequest: Could not find repo: did:plc:ywadswcuyyx5axpyd2qlpclr')
2026-03-19T16:48:15Z WARNING bsky_collector_v2.job.index_feed_generators: listRecords failed repo=did:plc:zebannhasegfiv4v4hzvyg5m err=HttpError('InvalidRequest: Could not find repo: did:plc:zebannhasegfiv4v4hzvyg5m')
2026-03-19T16:48:15Z WARNING bsky_collector_v2.job.index_feed_generators: listRecords failed repo=did:plc:zlocvjj2tffkjiv7222fqhz7 err=HttpError('InvalidRequest: Could not find repo: did:plc:zlocvjj2tffkjiv7222fqhz7')
2026-03-19T16:48:15Z WARNING bsky_collector_v2.job.index_feed_generators: listRecords failed repo=did:plc:2k5kceikpudt4vsrt3haa2r5 err=HttpError('InvalidRequest: Could not find repo: did:plc:2k5kceikpudt4vsrt3haa2r5')
2026-03-19T16:48:15Z WARNING bsky_collector_v2.job.index_feed_generators: listRecords failed repo=did:plc:3v724tzgsv53ayoxnljejjzn err=HttpError('InvalidRequest: Could not find repo: did:plc:3v724tzgsv53ayoxnljejjzn')
2026-03-19T16:48:15Z WARNING bsky_collector_v2.job.index_feed_generators: listRecords failed repo=did:plc:dvkg6urwjzcxjurbhn7zsje5 err=HttpError('InvalidRequest: Could not find repo: did:plc:dvkg6urwjzcxjurbhn7zsje5')
2026-03-19T16:48:15Z WARNING bsky_collector_v2.job.index_feed_generators: listRecords failed repo=did:plc:e2wpvr7ywtia6qv5gh654ddx err=HttpError('InvalidRequest: Could not find repo: did:plc:e2wpvr7ywtia6qv5gh654ddx')
2026-03-19T16:48:15Z WARNING bsky_collector_v2.job.index_feed_generators: listRecords failed repo=did:plc:egmfo2xzsdxkiag4tgbt6w3e err=HttpError('InvalidRequest: Could not find repo: did:plc:egmfo2xzsdxkiag4tgbt6w3e')
2026-03-19T16:48:15Z WARNING bsky_collector_v2.job.index_feed_generators: listRecords failed repo=did:plc:exl7u37eej6rtfaeynl4snpw err=HttpError('InvalidRequest: Could not find repo: did:plc:exl7u37eej6rtfaeynl4snpw')
2026-03-19T16:48:15Z WARNING bsky_collector_v2.job.index_feed_generators: listRecords failed repo=did:plc:fbkvbl6xclbgnprifef64oou err=HttpError('InvalidRequest: Could not find repo: did:plc:fbkvbl6xclbgnprifef64oou')
2026-03-19T16:48:15Z WARNING bsky_collector_v2.job.index_feed_generators: listRecords failed repo=did:plc:fw4yfnysleajtbndbaauca3r err=HttpError('InvalidRequest: Could not find repo: did:plc:fw4yfnysleajtbndbaauca3r')
2026-03-19T16:48:15Z WARNING bsky_collector_v2.job.index_feed_generators: listRecords failed repo=did:plc:fzlk4wyppqlbmch552wu6pbd err=HttpError('InvalidRequest: Could not find repo: did:plc:fzlk4wyppqlbmch552wu6pbd')
2026-03-19T16:48:16Z WARNING bsky_collector_v2.job.index_feed_generators: listRecords failed repo=did:plc:h6k3coqf3jrbmbh64fa7lis3 err=HttpError('InvalidRequest: Could not find repo: did:plc:h6k3coqf3jrbmbh64fa7lis3')
2026-03-19T16:48:16Z WARNING bsky_collector_v2.job.index_feed_generators: listRecords failed repo=did:plc:mjvba5mpsekrk4vbfwgmcku2 err=HttpError('InvalidRequest: Could not find repo: did:plc:mjvba5mpsekrk4vbfwgmcku2')
2026-03-19T16:48:16Z WARNING bsky_collector_v2.job.index_feed_generators: listRecords failed repo=did:plc:nqyo5ksi2z4ohvqepwqwd5nr err=HttpError('InvalidRequest: Could not find repo: did:plc:nqyo5ksi2z4ohvqepwqwd5nr')
2026-03-19T16:48:16Z WARNING bsky_collector_v2.job.index_feed_generators: listRecords failed repo=did:plc:poz3sfqbxucm743tzs6mf7jn err=HttpError('InvalidRequest: Could not find repo: did:plc:poz3sfqbxucm743tzs6mf7jn')
2026-03-19T16:48:16Z WARNING bsky_collector_v2.job.index_feed_generators: listRecords failed repo=did:plc:tkcfmmyfy3kdwy46tm6g7rjk err=HttpError('InvalidRequest: Could not find repo: did:plc:tkcfmmyfy3kdwy46tm6g7rjk')
2026-03-19T16:48:16Z WARNING bsky_collector_v2.job.index_feed_generators: listRecords failed repo=did:plc:ufdifzszihuoh5mrty7p4e2s err=HttpError('InvalidRequest: Could not find repo: did:plc:ufdifzszihuoh5mrty7p4e2s')
2026-03-19T16:48:16Z WARNING bsky_collector_v2.job.index_feed_generators: listRecords failed repo=did:plc:w3bzhvidirhlbatmjqmneiio err=HttpError('InvalidRequest: Could not find repo: did:plc:w3bzhvidirhlbatmjqmneiio')
2026-03-19T16:48:16Z WARNING bsky_collector_v2.job.index_feed_generators: listRecords failed repo=did:plc:ya2drn6liu5mdsvvx7e5mn4q err=HttpError('InvalidRequest: Could not find repo: did:plc:ya2drn6liu5mdsvvx7e5mn4q')
2026-03-19T16:48:16Z WARNING bsky_collector_v2.job.index_feed_generators: listRecords failed repo=did:plc:ywadswcuyyx5axpyd2qlpclr err=HttpError('InvalidRequest: Could not find repo: did:plc:ywadswcuyyx5axpyd2qlpclr')
2026-03-19T16:48:16Z WARNING bsky_collector_v2.job.index_feed_generators: listRecords failed repo=did:plc:zebannhasegfiv4v4hzvyg5m err=HttpError('InvalidRequest: Could not find repo: did:plc:zebannhasegfiv4v4hzvyg5m')
2026-03-19T16:48:16Z WARNING bsky_collector_v2.job.index_feed_generators: listRecords failed repo=did:plc:zlocvjj2tffkjiv7222fqhz7 err=HttpError('InvalidRequest: Could not find repo: did:plc:zlocvjj2tffkjiv7222fqhz7')
2026-03-19T16:48:16Z INFO bsky_collector_v2.job.index_feed_generators: enqueued repos page=21 mode=listRepos inserted=500 repos_returned=500 next_cursor=set
2026-03-19T16:48:17Z WARNING bsky_collector_v2.job.index_feed_generators: listRecords failed repo=did:plc:2op3eb6usj44wlfrm4qmccho err=HttpError('InvalidRequest: Could not find repo: did:plc:2op3eb6usj44wlfrm4qmccho')
2026-03-19T16:48:17Z WARNING bsky_collector_v2.job.index_feed_generators: listRecords failed repo=did:plc:2uoavhtdanslekwmh7d4vf53 err=HttpError('InvalidRequest: Could not find repo: did:plc:2uoavhtdanslekwmh7d4vf53')
2026-03-19T16:48:31Z WARNING bsky_collector_v2.job.index_feed_generators: listRecords failed repo=did:plc:b5qs3utk7ip6qoq2ghak4bgd err=HttpError('InvalidRequest: Could not find repo: did:plc:b5qs3utk7ip6qoq2ghak4bgd')
2026-03-19T16:48:33Z WARNING bsky_collector_v2.job.index_feed_generators: listRecords failed repo=did:plc:ccpfucn2a3f7wuaurbmhjq2f err=HttpError('InvalidRequest: Could not find repo: did:plc:ccpfucn2a3f7wuaurbmhjq2f')
2026-03-19T16:48:36Z WARNING bsky_collector_v2.job.index_feed_generators: listRecords failed repo=did:plc:dpb54v2lhmcdktwhdbstoalg err=HttpError('InvalidRequest: Could not find repo: did:plc:dpb54v2lhmcdktwhdbstoalg')
2026-03-19T16:48:46Z WARNING bsky_collector_v2.job.index_feed_generators: listRecords failed repo=did:plc:hbi6emjaofbm2uxd4txhuuoy err=HttpError('InvalidRequest: Could not find repo: did:plc:hbi6emjaofbm2uxd4txhuuoy')
2026-03-19T16:48:52Z WARNING bsky_collector_v2.job.index_feed_generators: listRecords failed repo=did:plc:jru3nyjfczhopiq5e263usvq err=HttpError('InvalidRequest: Could not find repo: did:plc:jru3nyjfczhopiq5e263usvq')
2026-03-19T16:49:00Z WARNING bsky_collector_v2.job.index_feed_generators: listRecords failed repo=did:plc:npocftyxs5fm73sqoedd7wfl err=HttpError('InvalidRequest: Could not find repo: did:plc:npocftyxs5fm73sqoedd7wfl')
2026-03-19T16:49:00Z WARNING bsky_collector_v2.job.index_feed_generators: listRecords failed repo=did:plc:nqrc7s3aavtiuumepmxcijqj err=HttpError('InvalidRequest: Could not find repo: did:plc:nqrc7s3aavtiuumepmxcijqj')
2026-03-19T16:49:08Z WARNING bsky_collector_v2.job.index_feed_generators: listRecords failed repo=did:plc:rumyis6t4epaaltmb34hsftd err=HttpError('InvalidRequest: Could not find repo: did:plc:rumyis6t4epaaltmb34hsftd')
2026-03-19T16:49:14Z WARNING bsky_collector_v2.job.index_feed_generators: listRecords failed repo=did:plc:u4pynmoexmjrs4breuzjch2n err=HttpError('InvalidRequest: Could not find repo: did:plc:u4pynmoexmjrs4breuzjch2n')
2026-03-19T16:49:14Z WARNING bsky_collector_v2.job.index_feed_generators: listRecords failed repo=did:plc:u6dbylrebwoj7yu2g3bgz4e7 err=HttpError('InvalidRequest: Could not find repo: did:plc:u6dbylrebwoj7yu2g3bgz4e7')
2026-03-19T16:49:18Z WARNING bsky_collector_v2.job.index_feed_generators: listRecords failed repo=did:plc:vowzbhwbkeykmzpnib3xlq5f err=HttpError('InvalidRequest: Could not find repo: did:plc:vowzbhwbkeykmzpnib3xlq5f')
2026-03-19T16:49:20Z WARNING bsky_collector_v2.job.index_feed_generators: listRecords failed repo=did:plc:vzbvhaznqovejb5q4evbqupx err=HttpError('InvalidRequest: Could not find repo: did:plc:vzbvhaznqovejb5q4evbqupx')
2026-03-19T16:49:26Z WARNING bsky_collector_v2.job.index_feed_generators: listRecords failed repo=did:plc:zifzlsdxkahmznblask3ci3y err=HttpError('InvalidRequest: Could not find repo: did:plc:zifzlsdxkahmznblask3ci3y')
2026-03-19T16:49:27Z WARNING bsky_collector_v2.job.index_feed_generators: listRecords failed repo=did:plc:2op3eb6usj44wlfrm4qmccho err=HttpError('InvalidRequest: Could not find repo: did:plc:2op3eb6usj44wlfrm4qmccho')
2026-03-19T16:49:27Z WARNING bsky_collector_v2.job.index_feed_generators: listRecords failed repo=did:plc:2uoavhtdanslekwmh7d4vf53 err=HttpError('InvalidRequest: Could not find repo: did:plc:2uoavhtdanslekwmh7d4vf53')
2026-03-19T16:49:27Z WARNING bsky_collector_v2.job.index_feed_generators: listRecords failed repo=did:plc:b5qs3utk7ip6qoq2ghak4bgd err=HttpError('InvalidRequest: Could not find repo: did:plc:b5qs3utk7ip6qoq2ghak4bgd')
2026-03-19T16:49:27Z WARNING bsky_collector_v2.job.index_feed_generators: listRecords failed repo=did:plc:ccpfucn2a3f7wuaurbmhjq2f err=HttpError('InvalidRequest: Could not find repo: did:plc:ccpfucn2a3f7wuaurbmhjq2f')
2026-03-19T16:49:27Z WARNING bsky_collector_v2.job.index_feed_generators: listRecords failed repo=did:plc:dpb54v2lhmcdktwhdbstoalg err=HttpError('InvalidRequest: Could not find repo: did:plc:dpb54v2lhmcdktwhdbstoalg')
2026-03-19T16:49:27Z WARNING bsky_collector_v2.job.index_feed_generators: listRecords failed repo=did:plc:hbi6emjaofbm2uxd4txhuuoy err=HttpError('InvalidRequest: Could not find repo: did:plc:hbi6emjaofbm2uxd4txhuuoy')
2026-03-19T16:49:27Z WARNING bsky_collector_v2.job.index_feed_generators: listRecords failed repo=did:plc:jru3nyjfczhopiq5e263usvq err=HttpError('InvalidRequest: Could not find repo: did:plc:jru3nyjfczhopiq5e263usvq')
2026-03-19T16:49:27Z WARNING bsky_collector_v2.job.index_feed_generators: listRecords failed repo=did:plc:npocftyxs5fm73sqoedd7wfl err=HttpError('InvalidRequest: Could not find repo: did:plc:npocftyxs5fm73sqoedd7wfl')
2026-03-19T16:49:27Z WARNING bsky_collector_v2.job.index_feed_generators: listRecords failed repo=did:plc:nqrc7s3aavtiuumepmxcijqj err=HttpError('InvalidRequest: Could not find repo: did:plc:nqrc7s3aavtiuumepmxcijqj')
2026-03-19T16:49:27Z WARNING bsky_collector_v2.job.index_feed_generators: listRecords failed repo=did:plc:rumyis6t4epaaltmb34hsftd err=HttpError('InvalidRequest: Could not find repo: did:plc:rumyis6t4epaaltmb34hsftd')
2026-03-19T16:49:27Z WARNING bsky_collector_v2.job.index_feed_generators: listRecords failed repo=did:plc:u4pynmoexmjrs4breuzjch2n err=HttpError('InvalidRequest: Could not find repo: did:plc:u4pynmoexmjrs4breuzjch2n')
2026-03-19T16:49:27Z WARNING bsky_collector_v2.job.index_feed_generators: listRecords failed repo=did:plc:u6dbylrebwoj7yu2g3bgz4e7 err=HttpError('InvalidRequest: Could not find repo: did:plc:u6dbylrebwoj7yu2g3bgz4e7')
2026-03-19T16:49:27Z WARNING bsky_collector_v2.job.index_feed_generators: listRecords failed repo=did:plc:vowzbhwbkeykmzpnib3xlq5f err=HttpError('InvalidRequest: Could not find repo: did:plc:vowzbhwbkeykmzpnib3xlq5f')
2026-03-19T16:49:27Z WARNING bsky_collector_v2.job.index_feed_generators: listRecords failed repo=did:plc:vzbvhaznqovejb5q4evbqupx err=HttpError('InvalidRequest: Could not find repo: did:plc:vzbvhaznqovejb5q4evbqupx')
2026-03-19T16:49:27Z WARNING bsky_collector_v2.job.index_feed_generators: listRecords failed repo=did:plc:zifzlsdxkahmznblask3ci3y err=HttpError('InvalidRequest: Could not find repo: did:plc:zifzlsdxkahmznblask3ci3y')
2026-03-19T16:49:27Z WARNING bsky_collector_v2.job.index_feed_generators: listRecords failed repo=did:plc:2op3eb6usj44wlfrm4qmccho err=HttpError('InvalidRequest: Could not find repo: did:plc:2op3eb6usj44wlfrm4qmccho')
2026-03-19T16:49:28Z WARNING bsky_collector_v2.job.index_feed_generators: listRecords failed repo=did:plc:2uoavhtdanslekwmh7d4vf53 err=HttpError('InvalidRequest: Could not find repo: did:plc:2uoavhtdanslekwmh7d4vf53')
2026-03-19T16:49:28Z WARNING bsky_collector_v2.job.index_feed_generators: listRecords failed repo=did:plc:b5qs3utk7ip6qoq2ghak4bgd err=HttpError('InvalidRequest: Could not find repo: did:plc:b5qs3utk7ip6qoq2ghak4bgd')
2026-03-19T16:49:28Z WARNING bsky_collector_v2.job.index_feed_generators: listRecords failed repo=did:plc:ccpfucn2a3f7wuaurbmhjq2f err=HttpError('InvalidRequest: Could not find repo: did:plc:ccpfucn2a3f7wuaurbmhjq2f')
2026-03-19T16:49:28Z WARNING bsky_collector_v2.job.index_feed_generators: listRecords failed repo=did:plc:dpb54v2lhmcdktwhdbstoalg err=HttpError('InvalidRequest: Could not find repo: did:plc:dpb54v2lhmcdktwhdbstoalg')
2026-03-19T16:49:28Z WARNING bsky_collector_v2.job.index_feed_generators: listRecords failed repo=did:plc:hbi6emjaofbm2uxd4txhuuoy err=HttpError('InvalidRequest: Could not find repo: did:plc:hbi6emjaofbm2uxd4txhuuoy')
2026-03-19T16:49:28Z WARNING bsky_collector_v2.job.index_feed_generators: listRecords failed repo=did:plc:jru3nyjfczhopiq5e263usvq err=HttpError('InvalidRequest: Could not find repo: did:plc:jru3nyjfczhopiq5e263usvq')
2026-03-19T16:49:28Z WARNING bsky_collector_v2.job.index_feed_generators: listRecords failed repo=did:plc:npocftyxs5fm73sqoedd7wfl err=HttpError('InvalidRequest: Could not find repo: did:plc:npocftyxs5fm73sqoedd7wfl')
2026-03-19T16:49:28Z WARNING bsky_collector_v2.job.index_feed_generators: listRecords failed repo=did:plc:nqrc7s3aavtiuumepmxcijqj err=HttpError('InvalidRequest: Could not find repo: did:plc:nqrc7s3aavtiuumepmxcijqj')
2026-03-19T16:49:28Z WARNING bsky_collector_v2.job.index_feed_generators: listRecords failed repo=did:plc:rumyis6t4epaaltmb34hsftd err=HttpError('InvalidRequest: Could not find repo: did:plc:rumyis6t4epaaltmb34hsftd')
2026-03-19T16:49:28Z WARNING bsky_collector_v2.job.index_feed_generators: listRecords failed repo=did:plc:u4pynmoexmjrs4breuzjch2n err=HttpError('InvalidRequest: Could not find repo: did:plc:u4pynmoexmjrs4breuzjch2n')
2026-03-19T16:49:28Z WARNING bsky_collector_v2.job.index_feed_generators: listRecords failed repo=did:plc:u6dbylrebwoj7yu2g3bgz4e7 err=HttpError('InvalidRequest: Could not find repo: did:plc:u6dbylrebwoj7yu2g3bgz4e7')
2026-03-19T16:49:28Z WARNING bsky_collector_v2.job.index_feed_generators: listRecords failed repo=did:plc:vowzbhwbkeykmzpnib3xlq5f err=HttpError('InvalidRequest: Could not find repo: did:plc:vowzbhwbkeykmzpnib3xlq5f')
2026-03-19T16:49:28Z WARNING bsky_collector_v2.job.index_feed_generators: listRecords failed repo=did:plc:vzbvhaznqovejb5q4evbqupx err=HttpError('InvalidRequest: Could not find repo: did:plc:vzbvhaznqovejb5q4evbqupx')
2026-03-19T16:49:28Z WARNING bsky_collector_v2.job.index_feed_generators: listRecords failed repo=did:plc:zifzlsdxkahmznblask3ci3y err=HttpError('InvalidRequest: Could not find repo: did:plc:zifzlsdxkahmznblask3ci3y')
2026-03-19T16:49:29Z INFO bsky_collector_v2.job.index_feed_generators: enqueued repos page=22 mode=listRepos inserted=500 repos_returned=500 next_cursor=set
2026-03-19T16:50:53Z INFO bsky_collector_v2.job.index_feed_generators: enqueued repos page=23 mode=listRepos inserted=500 repos_returned=500 next_cursor=set
2026-03-19T16:51:35Z WARNING bsky_collector_v2.job.index_feed_generators: listRecords failed repo=did:plc:hfy3gvscvbdta4kvl5toy3nk err=HttpError('InvalidRequest: Could not find repo: did:plc:hfy3gvscvbdta4kvl5toy3nk')
2026-03-19T16:52:02Z WARNING bsky_collector_v2.job.index_feed_generators: listRecords failed repo=did:plc:stk37skvzfpwyrzmd3zjjp5e err=HttpError('InvalidRequest: Could not find repo: did:plc:stk37skvzfpwyrzmd3zjjp5e')
2026-03-19T16:52:26Z WARNING bsky_collector_v2.job.index_feed_generators: listRecords failed repo=did:plc:hfy3gvscvbdta4kvl5toy3nk err=HttpError('InvalidRequest: Could not find repo: did:plc:hfy3gvscvbdta4kvl5toy3nk')
2026-03-19T16:52:26Z WARNING bsky_collector_v2.job.index_feed_generators: listRecords failed repo=did:plc:stk37skvzfpwyrzmd3zjjp5e err=HttpError('InvalidRequest: Could not find repo: did:plc:stk37skvzfpwyrzmd3zjjp5e')
2026-03-19T16:52:26Z WARNING bsky_collector_v2.job.index_feed_generators: listRecords failed repo=did:plc:hfy3gvscvbdta4kvl5toy3nk err=HttpError('InvalidRequest: Could not find repo: did:plc:hfy3gvscvbdta4kvl5toy3nk')
2026-03-19T16:52:26Z WARNING bsky_collector_v2.job.index_feed_generators: listRecords failed repo=did:plc:stk37skvzfpwyrzmd3zjjp5e err=HttpError('InvalidRequest: Could not find repo: did:plc:stk37skvzfpwyrzmd3zjjp5e')
2026-03-19T16:52:27Z INFO bsky_collector_v2.job.index_feed_generators: enqueued repos page=24 mode=listRepos inserted=500 repos_returned=500 next_cursor=set
2026-03-19T16:53:37Z WARNING bsky_collector_v2.job.index_feed_generators: listRecords failed repo=did:plc:xm7zpqkfjzuosdjqlxo5gvpa err=HttpError('InvalidRequest: Could not find repo: did:plc:xm7zpqkfjzuosdjqlxo5gvpa')
2026-03-19T16:53:41Z WARNING bsky_collector_v2.job.index_feed_generators: listRecords failed repo=did:plc:xm7zpqkfjzuosdjqlxo5gvpa err=HttpError('InvalidRequest: Could not find repo: did:plc:xm7zpqkfjzuosdjqlxo5gvpa')
2026-03-19T16:53:41Z WARNING bsky_collector_v2.job.index_feed_generators: listRecords failed repo=did:plc:xm7zpqkfjzuosdjqlxo5gvpa err=HttpError('InvalidRequest: Could not find repo: did:plc:xm7zpqkfjzuosdjqlxo5gvpa')
2026-03-19T16:53:42Z INFO bsky_collector_v2.job.index_feed_generators: enqueued repos page=25 mode=listRepos inserted=500 repos_returned=500 next_cursor=set
2026-03-19T16:55:18Z INFO bsky_collector_v2.job.index_feed_generators: enqueued repos page=26 mode=listRepos inserted=500 repos_returned=500 next_cursor=set
2026-03-19T16:55:22Z WARNING bsky_collector_v2.job.index_feed_generators: listRecords failed repo=did:plc:35unoblih5askxapcq7kuewc err=HttpError('InvalidRequest: Could not find repo: did:plc:35unoblih5askxapcq7kuewc')
2026-03-19T16:56:28Z WARNING bsky_collector_v2.job.index_feed_generators: listRecords failed repo=did:plc:35unoblih5askxapcq7kuewc err=HttpError('InvalidRequest: Could not find repo: did:plc:35unoblih5askxapcq7kuewc')
2026-03-19T16:56:28Z WARNING bsky_collector_v2.job.index_feed_generators: listRecords failed repo=did:plc:35unoblih5askxapcq7kuewc err=HttpError('InvalidRequest: Could not find repo: did:plc:35unoblih5askxapcq7kuewc')
2026-03-19T16:56:29Z INFO bsky_collector_v2.job.index_feed_generators: enqueued repos page=27 mode=listRepos inserted=500 repos_returned=500 next_cursor=set
2026-03-19T16:57:39Z INFO bsky_collector_v2.job.index_feed_generators: enqueued repos page=28 mode=listRepos inserted=500 repos_returned=500 next_cursor=set
2026-03-19T16:58:55Z INFO bsky_collector_v2.job.index_feed_generators: enqueued repos page=29 mode=listRepos inserted=500 repos_returned=500 next_cursor=set
2026-03-19T16:59:18Z WARNING bsky_collector_v2.job.index_feed_generators: listRecords failed repo=did:plc:dxu7zlq3ynklm4arjuxtpt7o err=HttpError('InvalidRequest: Could not find repo: did:plc:dxu7zlq3ynklm4arjuxtpt7o')
2026-03-19T16:59:28Z WARNING bsky_collector_v2.job.index_feed_generators: listRecords failed repo=did:plc:ja2rfii3kfcitq23llblsjrd err=HttpError('InvalidRequest: Could not find repo: did:plc:ja2rfii3kfcitq23llblsjrd')
2026-03-19T16:59:51Z WARNING bsky_collector_v2.job.index_feed_generators: listRecords failed repo=did:plc:ttqg34dmm7yac2yb3tvmornj err=HttpError('InvalidRequest: Could not find repo: did:plc:ttqg34dmm7yac2yb3tvmornj')
2026-03-19T17:00:03Z WARNING bsky_collector_v2.job.index_feed_generators: listRecords failed repo=did:plc:dxu7zlq3ynklm4arjuxtpt7o err=HttpError('InvalidRequest: Could not find repo: did:plc:dxu7zlq3ynklm4arjuxtpt7o')
2026-03-19T17:00:03Z WARNING bsky_collector_v2.job.index_feed_generators: listRecords failed repo=did:plc:ja2rfii3kfcitq23llblsjrd err=HttpError('InvalidRequest: Could not find repo: did:plc:ja2rfii3kfcitq23llblsjrd')
2026-03-19T17:00:03Z WARNING bsky_collector_v2.job.index_feed_generators: listRecords failed repo=did:plc:ttqg34dmm7yac2yb3tvmornj err=HttpError('InvalidRequest: Could not find repo: did:plc:ttqg34dmm7yac2yb3tvmornj')
2026-03-19T17:00:03Z WARNING bsky_collector_v2.job.index_feed_generators: listRecords failed repo=did:plc:dxu7zlq3ynklm4arjuxtpt7o err=HttpError('InvalidRequest: Could not find repo: did:plc:dxu7zlq3ynklm4arjuxtpt7o')
2026-03-19T17:00:03Z WARNING bsky_collector_v2.job.index_feed_generators: listRecords failed repo=did:plc:ja2rfii3kfcitq23llblsjrd err=HttpError('InvalidRequest: Could not find repo: did:plc:ja2rfii3kfcitq23llblsjrd')
2026-03-19T17:00:03Z WARNING bsky_collector_v2.job.index_feed_generators: listRecords failed repo=did:plc:ttqg34dmm7yac2yb3tvmornj err=HttpError('InvalidRequest: Could not find repo: did:plc:ttqg34dmm7yac2yb3tvmornj')
2026-03-19T17:00:03Z INFO bsky_collector_v2.job.index_feed_generators: enqueued repos page=30 mode=listRepos inserted=500 repos_returned=500 next_cursor=set
2026-03-19T17:00:38Z WARNING bsky_collector_v2.job.index_feed_generators: listRecords failed repo=did:plc:msjw2c6vob56zkr3zx7nt6wc err=HttpError('InvalidRequest: Could not find repo: did:plc:msjw2c6vob56zkr3zx7nt6wc')
2026-03-19T17:01:04Z WARNING bsky_collector_v2.job.index_feed_generators: listRecords failed repo=did:plc:msjw2c6vob56zkr3zx7nt6wc err=HttpError('InvalidRequest: Could not find repo: did:plc:msjw2c6vob56zkr3zx7nt6wc')
2026-03-19T17:01:04Z WARNING bsky_collector_v2.job.index_feed_generators: listRecords failed repo=did:plc:msjw2c6vob56zkr3zx7nt6wc err=HttpError('InvalidRequest: Could not find repo: did:plc:msjw2c6vob56zkr3zx7nt6wc')
2026-03-19T17:01:04Z INFO bsky_collector_v2.job.index_feed_generators: enqueued repos page=31 mode=listRepos inserted=500 repos_returned=500 next_cursor=set
2026-03-19T17:01:34Z WARNING bsky_collector_v2.job.index_feed_generators: listRecords failed repo=did:plc:hbty6jbe3vv4plmva4clvwe7 err=HttpError('InvalidRequest: Could not find repo: did:plc:hbty6jbe3vv4plmva4clvwe7')
2026-03-19T17:02:28Z WARNING bsky_collector_v2.job.index_feed_generators: listRecords failed repo=did:plc:hbty6jbe3vv4plmva4clvwe7 err=HttpError('InvalidRequest: Could not find repo: did:plc:hbty6jbe3vv4plmva4clvwe7')
2026-03-19T17:02:28Z WARNING bsky_collector_v2.job.index_feed_generators: listRecords failed repo=did:plc:hbty6jbe3vv4plmva4clvwe7 err=HttpError('InvalidRequest: Could not find repo: did:plc:hbty6jbe3vv4plmva4clvwe7')
2026-03-19T17:02:29Z INFO bsky_collector_v2.job.index_feed_generators: enqueued repos page=32 mode=listRepos inserted=500 repos_returned=500 next_cursor=set
2026-03-19T17:03:45Z INFO bsky_collector_v2.job.index_feed_generators: enqueued repos page=33 mode=listRepos inserted=500 repos_returned=500 next_cursor=set
2026-03-19T17:03:54Z INFO bsky_collector_v2.job.index_feed_generators: indexed repo=did:plc:5vrfayhiy2obdommceicwdfm part=131 records=1 next_cursor=set
2026-03-19T17:04:44Z INFO bsky_collector_v2.job.index_feed_generators: indexed repo=did:plc:vu3sk46v57g5jjeqagvmljhb part=132 records=1 next_cursor=set
2026-03-19T17:04:54Z INFO bsky_collector_v2.job.index_feed_generators: enqueued repos page=34 mode=listRepos inserted=500 repos_returned=500 next_cursor=set
2026-03-19T17:06:00Z INFO bsky_collector_v2.job.index_feed_generators: enqueued repos page=35 mode=listRepos inserted=500 repos_returned=500 next_cursor=set
2026-03-19T17:06:11Z WARNING bsky_collector_v2.job.index_feed_generators: listRecords failed repo=did:plc:6m3p675rwjhw5yfez2azzyft err=HttpError('InvalidRequest: Could not find repo: did:plc:6m3p675rwjhw5yfez2azzyft')
2026-03-19T17:07:09Z WARNING bsky_collector_v2.job.index_feed_generators: listRecords failed repo=did:plc:6m3p675rwjhw5yfez2azzyft err=HttpError('InvalidRequest: Could not find repo: did:plc:6m3p675rwjhw5yfez2azzyft')
2026-03-19T17:07:09Z WARNING bsky_collector_v2.job.index_feed_generators: listRecords failed repo=did:plc:6m3p675rwjhw5yfez2azzyft err=HttpError('InvalidRequest: Could not find repo: did:plc:6m3p675rwjhw5yfez2azzyft')
2026-03-19T17:07:10Z INFO bsky_collector_v2.job.index_feed_generators: enqueued repos page=36 mode=listRepos inserted=500 repos_returned=500 next_cursor=set
2026-03-19T17:08:16Z INFO bsky_collector_v2.job.index_feed_generators: enqueued repos page=37 mode=listRepos inserted=500 repos_returned=500 next_cursor=set
2026-03-19T17:09:17Z INFO bsky_collector_v2.job.index_feed_generators: indexed repo=did:plc:x6v6fytzzrizd7vexmnmutk7 part=133 records=2 next_cursor=set
2026-03-19T17:09:21Z WARNING bsky_collector_v2.job.index_feed_generators: listRecords failed repo=did:plc:yu7ty5faofom22zm66mbbm2p err=HttpError('InvalidRequest: Could not find repo: did:plc:yu7ty5faofom22zm66mbbm2p')
2026-03-19T17:09:25Z WARNING bsky_collector_v2.job.index_feed_generators: listRecords failed repo=did:plc:yu7ty5faofom22zm66mbbm2p err=HttpError('InvalidRequest: Could not find repo: did:plc:yu7ty5faofom22zm66mbbm2p')
2026-03-19T17:09:25Z WARNING bsky_collector_v2.job.index_feed_generators: listRecords failed repo=did:plc:yu7ty5faofom22zm66mbbm2p err=HttpError('InvalidRequest: Could not find repo: did:plc:yu7ty5faofom22zm66mbbm2p')
2026-03-19T17:09:25Z INFO bsky_collector_v2.job.index_feed_generators: enqueued repos page=38 mode=listRepos inserted=500 repos_returned=500 next_cursor=set
2026-03-19T17:10:00Z WARNING bsky_collector_v2.job.index_feed_generators: listRecords failed repo=did:plc:jfgafehzcv2obpydmyszqpgr err=HttpError('InvalidRequest: Could not find repo: did:plc:jfgafehzcv2obpydmyszqpgr')
2026-03-19T17:10:34Z WARNING bsky_collector_v2.job.index_feed_generators: listRecords failed repo=did:plc:jfgafehzcv2obpydmyszqpgr err=HttpError('InvalidRequest: Could not find repo: did:plc:jfgafehzcv2obpydmyszqpgr')
2026-03-19T17:10:34Z WARNING bsky_collector_v2.job.index_feed_generators: listRecords failed repo=did:plc:jfgafehzcv2obpydmyszqpgr err=HttpError('InvalidRequest: Could not find repo: did:plc:jfgafehzcv2obpydmyszqpgr')
2026-03-19T17:10:35Z INFO bsky_collector_v2.job.index_feed_generators: enqueued repos page=39 mode=listRepos inserted=500 repos_returned=500 next_cursor=set
2026-03-19T17:10:41Z INFO bsky_collector_v2.job.index_feed_generators: indexed repo=did:plc:5oqnmtes4fdiz3zrhun2l43c part=134 records=8 next_cursor=set
2026-03-19T17:11:41Z INFO bsky_collector_v2.job.index_feed_generators: enqueued repos page=40 mode=listRepos inserted=500 repos_returned=500 next_cursor=set
2026-03-19T17:12:32Z WARNING bsky_collector_v2.job.index_feed_generators: listRecords failed repo=did:plc:mk5mt76wh6yvogmxe3ckqwg5 err=HttpError('InvalidRequest: Could not find repo: did:plc:mk5mt76wh6yvogmxe3ckqwg5')
2026-03-19T17:12:32Z WARNING bsky_collector_v2.job.index_feed_generators: listRecords failed repo=did:plc:mozl45vrti4ps43jrk4pokh5 err=HttpError('InvalidRequest: Could not find repo: did:plc:mozl45vrti4ps43jrk4pokh5')
2026-03-19T17:12:36Z WARNING bsky_collector_v2.job.index_feed_generators: listRecords failed repo=did:plc:oz42azzbaroy2uvzavknuqsy err=HttpError('InvalidRequest: Could not find repo: did:plc:oz42azzbaroy2uvzavknuqsy')
2026-03-19T17:13:03Z WARNING bsky_collector_v2.job.index_feed_generators: listRecords failed repo=did:plc:mk5mt76wh6yvogmxe3ckqwg5 err=HttpError('InvalidRequest: Could not find repo: did:plc:mk5mt76wh6yvogmxe3ckqwg5')
2026-03-19T17:13:03Z WARNING bsky_collector_v2.job.index_feed_generators: listRecords failed repo=did:plc:mozl45vrti4ps43jrk4pokh5 err=HttpError('InvalidRequest: Could not find repo: did:plc:mozl45vrti4ps43jrk4pokh5')
2026-03-19T17:13:04Z WARNING bsky_collector_v2.job.index_feed_generators: listRecords failed repo=did:plc:oz42azzbaroy2uvzavknuqsy err=HttpError('InvalidRequest: Could not find repo: did:plc:oz42azzbaroy2uvzavknuqsy')
2026-03-19T17:13:04Z WARNING bsky_collector_v2.job.index_feed_generators: listRecords failed repo=did:plc:mk5mt76wh6yvogmxe3ckqwg5 err=HttpError('InvalidRequest: Could not find repo: did:plc:mk5mt76wh6yvogmxe3ckqwg5')
2026-03-19T17:13:04Z WARNING bsky_collector_v2.job.index_feed_generators: listRecords failed repo=did:plc:mozl45vrti4ps43jrk4pokh5 err=HttpError('InvalidRequest: Could not find repo: did:plc:mozl45vrti4ps43jrk4pokh5')
2026-03-19T17:13:04Z WARNING bsky_collector_v2.job.index_feed_generators: listRecords failed repo=did:plc:oz42azzbaroy2uvzavknuqsy err=HttpError('InvalidRequest: Could not find repo: did:plc:oz42azzbaroy2uvzavknuqsy')
2026-03-19T17:13:05Z INFO bsky_collector_v2.job.index_feed_generators: enqueued repos page=41 mode=listRepos inserted=500 repos_returned=500 next_cursor=set
2026-03-19T17:14:16Z WARNING bsky_collector_v2.job.index_feed_generators: listRecords failed repo=did:plc:yd3cawvptsfwlzqqwoe7giyf err=HttpError('InvalidRequest: Could not find repo: did:plc:yd3cawvptsfwlzqqwoe7giyf')
2026-03-19T17:14:20Z WARNING bsky_collector_v2.job.index_feed_generators: listRecords failed repo=did:plc:yd3cawvptsfwlzqqwoe7giyf err=HttpError('InvalidRequest: Could not find repo: did:plc:yd3cawvptsfwlzqqwoe7giyf')
2026-03-19T17:14:20Z WARNING bsky_collector_v2.job.index_feed_generators: listRecords failed repo=did:plc:yd3cawvptsfwlzqqwoe7giyf err=HttpError('InvalidRequest: Could not find repo: did:plc:yd3cawvptsfwlzqqwoe7giyf')
2026-03-19T17:14:21Z INFO bsky_collector_v2.job.index_feed_generators: enqueued repos page=42 mode=listRepos inserted=500 repos_returned=500 next_cursor=set
2026-03-19T17:15:28Z INFO bsky_collector_v2.job.index_feed_generators: enqueued repos page=43 mode=listRepos inserted=500 repos_returned=500 next_cursor=set
2026-03-19T17:16:09Z WARNING bsky_collector_v2.job.index_feed_generators: listRecords failed repo=did:plc:paxfwgkmfye7oqwbjt6ezr5b err=HttpError('InvalidRequest: Could not find repo: did:plc:paxfwgkmfye7oqwbjt6ezr5b')
2026-03-19T17:16:34Z WARNING bsky_collector_v2.job.index_feed_generators: listRecords failed repo=did:plc:paxfwgkmfye7oqwbjt6ezr5b err=HttpError('InvalidRequest: Could not find repo: did:plc:paxfwgkmfye7oqwbjt6ezr5b')
2026-03-19T17:16:34Z WARNING bsky_collector_v2.job.index_feed_generators: listRecords failed repo=did:plc:paxfwgkmfye7oqwbjt6ezr5b err=HttpError('InvalidRequest: Could not find repo: did:plc:paxfwgkmfye7oqwbjt6ezr5b')
2026-03-19T17:16:35Z INFO bsky_collector_v2.job.index_feed_generators: enqueued repos page=44 mode=listRepos inserted=500 repos_returned=500 next_cursor=set
2026-03-19T17:17:57Z INFO bsky_collector_v2.job.index_feed_generators: enqueued repos page=45 mode=listRepos inserted=500 repos_returned=500 next_cursor=set
