2026-03-21T09:27:13Z INFO bsky_collector_v2: out_base ok path=/Volumes/T9/BlueSky/data_v2_full mount=/Volumes/T9
2026-03-21T09:27:13Z INFO bsky_collector_v2: job start subcommand=index-feed-generators dry_run=False resume=True
2026-03-21T09:27:14Z INFO bsky_collector_v2.job.index_feed_generators: feed generator index hosts relay_host=https://bsky.network records_host=https://bsky.social auth=yes
2026-03-21T09:27:16Z WARNING bsky_collector_v2.job.index_feed_generators: listRecords failed repo=did:plc:6dju4ayblvrigrzju5fnmbjt err=HttpError('InvalidRequest: Could not find repo: did:plc:6dju4ayblvrigrzju5fnmbjt')
2026-03-21T09:27:22Z WARNING bsky_collector_v2.job.index_feed_generators: listRecords failed repo=did:plc:am4sfpdtbtkxsdmyyf767kcr err=HttpError('InvalidRequest: Could not find repo: did:plc:am4sfpdtbtkxsdmyyf767kcr')
2026-03-21T09:28:13Z WARNING bsky_collector_v2.job.index_feed_generators: listRecords failed repo=did:plc:rgd47xqrilzhocbyyclxwndj err=HttpError('InvalidRequest: Could not find repo: did:plc:rgd47xqrilzhocbyyclxwndj')
2026-03-21T09:28:36Z WARNING bsky_collector_v2.job.index_feed_generators: listRecords failed repo=did:plc:2t53e54r27wqasmgn2oekqws err=HttpError('InvalidRequest: Could not find repo: did:plc:2t53e54r27wqasmgn2oekqws')
2026-03-21T09:28:36Z WARNING bsky_collector_v2.job.index_feed_generators: listRecords failed repo=did:plc:6dju4ayblvrigrzju5fnmbjt err=HttpError('InvalidRequest: Could not find repo: did:plc:6dju4ayblvrigrzju5fnmbjt')
2026-03-21T09:28:36Z WARNING bsky_collector_v2.job.index_feed_generators: listRecords failed repo=did:plc:am4sfpdtbtkxsdmyyf767kcr err=HttpError('InvalidRequest: Could not find repo: did:plc:am4sfpdtbtkxsdmyyf767kcr')
2026-03-21T09:28:36Z WARNING bsky_collector_v2.job.index_feed_generators: listRecords failed repo=did:plc:rgd47xqrilzhocbyyclxwndj err=HttpError('InvalidRequest: Could not find repo: did:plc:rgd47xqrilzhocbyyclxwndj')
2026-03-21T09:28:36Z WARNING bsky_collector_v2.job.index_feed_generators: listRecords failed repo=did:plc:2t53e54r27wqasmgn2oekqws err=HttpError('InvalidRequest: Could not find repo: did:plc:2t53e54r27wqasmgn2oekqws')
2026-03-21T09:28:36Z WARNING bsky_collector_v2.job.index_feed_generators: listRecords failed repo=did:plc:6dju4ayblvrigrzju5fnmbjt err=HttpError('InvalidRequest: Could not find repo: did:plc:6dju4ayblvrigrzju5fnmbjt')
2026-03-21T09:28:36Z WARNING bsky_collector_v2.job.index_feed_generators: listRecords failed repo=did:plc:am4sfpdtbtkxsdmyyf767kcr err=HttpError('InvalidRequest: Could not find repo: did:plc:am4sfpdtbtkxsdmyyf767kcr')
2026-03-21T09:28:36Z WARNING bsky_collector_v2.job.index_feed_generators: listRecords failed repo=did:plc:rgd47xqrilzhocbyyclxwndj err=HttpError('InvalidRequest: Could not find repo: did:plc:rgd47xqrilzhocbyyclxwndj')
2026-03-21T09:28:37Z INFO bsky_collector_v2.job.index_feed_generators: enqueued repos page=1 mode=listRepos inserted=500 repos_returned=500 next_cursor=set
2026-03-21T09:29:07Z WARNING bsky_collector_v2.job.index_feed_generators: listRecords failed repo=did:plc:bqu5fso553gd43tpsftv22ow err=HttpError('InvalidRequest: Could not find repo: did:plc:bqu5fso553gd43tpsftv22ow')
2026-03-21T09:30:16Z WARNING bsky_collector_v2.job.index_feed_generators: listRecords failed repo=did:plc:bqu5fso553gd43tpsftv22ow err=HttpError('InvalidRequest: Could not find repo: did:plc:bqu5fso553gd43tpsftv22ow')
2026-03-21T09:30:16Z WARNING bsky_collector_v2.job.index_feed_generators: listRecords failed repo=did:plc:bqu5fso553gd43tpsftv22ow err=HttpError('InvalidRequest: Could not find repo: did:plc:bqu5fso553gd43tpsftv22ow')
2026-03-21T09:30:16Z INFO bsky_collector_v2.job.index_feed_generators: enqueued repos page=2 mode=listRepos inserted=500 repos_returned=500 next_cursor=set
2026-03-21T09:31:25Z WARNING bsky_collector_v2.job.index_feed_generators: listRecords failed repo=did:plc:lt6y4siqjgymrnr6f2g35yas err=HttpError('InvalidRequest: Could not find repo: did:plc:lt6y4siqjgymrnr6f2g35yas')
2026-03-21T09:32:04Z WARNING bsky_collector_v2.job.index_feed_generators: listRecords failed repo=did:plc:lt6y4siqjgymrnr6f2g35yas err=HttpError('InvalidRequest: Could not find repo: did:plc:lt6y4siqjgymrnr6f2g35yas')
2026-03-21T09:32:04Z WARNING bsky_collector_v2.job.index_feed_generators: listRecords failed repo=did:plc:lt6y4siqjgymrnr6f2g35yas err=HttpError('InvalidRequest: Could not find repo: did:plc:lt6y4siqjgymrnr6f2g35yas')
2026-03-21T09:32:05Z INFO bsky_collector_v2.job.index_feed_generators: enqueued repos page=3 mode=listRepos inserted=500 repos_returned=500 next_cursor=set
2026-03-21T09:33:31Z INFO bsky_collector_v2.job.index_feed_generators: enqueued repos page=4 mode=listRepos inserted=500 repos_returned=500 next_cursor=set
2026-03-21T09:33:47Z WARNING bsky_collector_v2.job.index_feed_generators: listRecords failed repo=did:plc:a4uzmxkj5fl6soiq24n6twry err=HttpError('InvalidRequest: Could not find repo: did:plc:a4uzmxkj5fl6soiq24n6twry')
2026-03-21T09:33:56Z WARNING bsky_collector_v2.job.index_feed_generators: listRecords failed repo=did:plc:ddhv4ptkxpowk5vbk7a5tabs err=HttpError('InvalidRequest: Could not find repo: did:plc:ddhv4ptkxpowk5vbk7a5tabs')
2026-03-21T09:34:10Z WARNING bsky_collector_v2.job.index_feed_generators: listRecords failed repo=did:plc:k3hb45n7iozdykjmunmh5fyy err=HttpError('InvalidRequest: Could not find repo: did:plc:k3hb45n7iozdykjmunmh5fyy')
2026-03-21T09:34:57Z WARNING bsky_collector_v2.job.index_feed_generators: listRecords failed repo=did:plc:z6hjkbwsx77yh5v62pvltqe4 err=HttpError('InvalidRequest: Could not find repo: did:plc:z6hjkbwsx77yh5v62pvltqe4')
2026-03-21T09:35:00Z WARNING bsky_collector_v2.job.index_feed_generators: listRecords failed repo=did:plc:a4uzmxkj5fl6soiq24n6twry err=HttpError('InvalidRequest: Could not find repo: did:plc:a4uzmxkj5fl6soiq24n6twry')
2026-03-21T09:35:00Z WARNING bsky_collector_v2.job.index_feed_generators: listRecords failed repo=did:plc:ddhv4ptkxpowk5vbk7a5tabs err=HttpError('InvalidRequest: Could not find repo: did:plc:ddhv4ptkxpowk5vbk7a5tabs')
2026-03-21T09:35:01Z WARNING bsky_collector_v2.job.index_feed_generators: listRecords failed repo=did:plc:k3hb45n7iozdykjmunmh5fyy err=HttpError('InvalidRequest: Could not find repo: did:plc:k3hb45n7iozdykjmunmh5fyy')
2026-03-21T09:35:01Z WARNING bsky_collector_v2.job.index_feed_generators: listRecords failed repo=did:plc:z6hjkbwsx77yh5v62pvltqe4 err=HttpError('InvalidRequest: Could not find repo: did:plc:z6hjkbwsx77yh5v62pvltqe4')
2026-03-21T09:35:01Z WARNING bsky_collector_v2.job.index_feed_generators: listRecords failed repo=did:plc:a4uzmxkj5fl6soiq24n6twry err=HttpError('InvalidRequest: Could not find repo: did:plc:a4uzmxkj5fl6soiq24n6twry')
2026-03-21T09:35:02Z WARNING bsky_collector_v2.job.index_feed_generators: listRecords failed repo=did:plc:ddhv4ptkxpowk5vbk7a5tabs err=HttpError('InvalidRequest: Could not find repo: did:plc:ddhv4ptkxpowk5vbk7a5tabs')
2026-03-21T09:35:02Z WARNING bsky_collector_v2.job.index_feed_generators: listRecords failed repo=did:plc:k3hb45n7iozdykjmunmh5fyy err=HttpError('InvalidRequest: Could not find repo: did:plc:k3hb45n7iozdykjmunmh5fyy')
2026-03-21T09:35:02Z WARNING bsky_collector_v2.job.index_feed_generators: listRecords failed repo=did:plc:z6hjkbwsx77yh5v62pvltqe4 err=HttpError('InvalidRequest: Could not find repo: did:plc:z6hjkbwsx77yh5v62pvltqe4')
2026-03-21T09:35:03Z INFO bsky_collector_v2.job.index_feed_generators: enqueued repos page=5 mode=listRepos inserted=500 repos_returned=500 next_cursor=set
2026-03-21T09:35:33Z INFO bsky_collector_v2.job.index_feed_generators: indexed repo=did:plc:awu4yvfqchq5lnfeky6jzo52 part=91 records=1 next_cursor=set
2026-03-21T09:35:45Z WARNING bsky_collector_v2.job.index_feed_generators: listRecords failed repo=did:plc:fxz6akjnf6fmkv6iwssg6ipp err=HttpError('InvalidRequest: Could not find repo: did:plc:fxz6akjnf6fmkv6iwssg6ipp')
2026-03-21T09:35:55Z WARNING bsky_collector_v2.job.index_feed_generators: listRecords failed repo=did:plc:im26uri4rpcuowga6w634oo4 err=HttpError('InvalidRequest: Could not find repo: did:plc:im26uri4rpcuowga6w634oo4')
2026-03-21T09:36:44Z INFO bsky_collector_v2.job.index_feed_generators: indexed repo=did:plc:vttoflzmw4p7oqqo56hr6agf part=92 records=2 next_cursor=set
2026-03-21T09:36:50Z WARNING bsky_collector_v2.job.index_feed_generators: listRecords failed repo=did:plc:xs2vgih3wx5mnyiuqvbzar5h err=HttpError('InvalidRequest: Could not find repo: did:plc:xs2vgih3wx5mnyiuqvbzar5h')
2026-03-21T09:36:54Z WARNING bsky_collector_v2.job.index_feed_generators: listRecords failed repo=did:plc:fxz6akjnf6fmkv6iwssg6ipp err=HttpError('InvalidRequest: Could not find repo: did:plc:fxz6akjnf6fmkv6iwssg6ipp')
2026-03-21T09:36:54Z WARNING bsky_collector_v2.job.index_feed_generators: listRecords failed repo=did:plc:im26uri4rpcuowga6w634oo4 err=HttpError('InvalidRequest: Could not find repo: did:plc:im26uri4rpcuowga6w634oo4')
2026-03-21T09:36:54Z WARNING bsky_collector_v2.job.index_feed_generators: listRecords failed repo=did:plc:xs2vgih3wx5mnyiuqvbzar5h err=HttpError('InvalidRequest: Could not find repo: did:plc:xs2vgih3wx5mnyiuqvbzar5h')
2026-03-21T09:36:54Z WARNING bsky_collector_v2.job.index_feed_generators: listRecords failed repo=did:plc:fxz6akjnf6fmkv6iwssg6ipp err=HttpError('InvalidRequest: Could not find repo: did:plc:fxz6akjnf6fmkv6iwssg6ipp')
2026-03-21T09:36:54Z WARNING bsky_collector_v2.job.index_feed_generators: listRecords failed repo=did:plc:im26uri4rpcuowga6w634oo4 err=HttpError('InvalidRequest: Could not find repo: did:plc:im26uri4rpcuowga6w634oo4')
2026-03-21T09:36:55Z WARNING bsky_collector_v2.job.index_feed_generators: listRecords failed repo=did:plc:xs2vgih3wx5mnyiuqvbzar5h err=HttpError('InvalidRequest: Could not find repo: did:plc:xs2vgih3wx5mnyiuqvbzar5h')
2026-03-21T09:36:55Z INFO bsky_collector_v2.job.index_feed_generators: enqueued repos page=6 mode=listRepos inserted=500 repos_returned=500 next_cursor=set
2026-03-21T09:38:34Z INFO bsky_collector_v2.job.index_feed_generators: enqueued repos page=7 mode=listRepos inserted=500 repos_returned=500 next_cursor=set
2026-03-21T09:39:41Z INFO bsky_collector_v2.job.index_feed_generators: indexed repo=did:plc:sdruhbgaz3apf2qmgqysysmm part=93 records=1 next_cursor=set
2026-03-21T09:40:03Z WARNING bsky_collector_v2.job.index_feed_generators: listRecords failed repo=did:plc:ywqsulhckrk7sgvaq6ogozsb err=HttpError('InvalidRequest: Could not find repo: did:plc:ywqsulhckrk7sgvaq6ogozsb')
2026-03-21T09:40:08Z WARNING bsky_collector_v2.job.index_feed_generators: listRecords failed repo=did:plc:ywqsulhckrk7sgvaq6ogozsb err=HttpError('InvalidRequest: Could not find repo: did:plc:ywqsulhckrk7sgvaq6ogozsb')
2026-03-21T09:40:08Z WARNING bsky_collector_v2.job.index_feed_generators: listRecords failed repo=did:plc:ywqsulhckrk7sgvaq6ogozsb err=HttpError('InvalidRequest: Could not find repo: did:plc:ywqsulhckrk7sgvaq6ogozsb')
2026-03-21T09:40:09Z INFO bsky_collector_v2.job.index_feed_generators: enqueued repos page=8 mode=listRepos inserted=500 repos_returned=500 next_cursor=set
2026-03-21T09:40:10Z WARNING bsky_collector_v2.job.index_feed_generators: listRecords failed repo=did:plc:2fgjjjl6jsjr52tupnrsdetm err=HttpError('InvalidRequest: Could not find repo: did:plc:2fgjjjl6jsjr52tupnrsdetm')
2026-03-21T09:40:23Z WARNING bsky_collector_v2.job.index_feed_generators: listRecords failed repo=did:plc:67uh6as5dn7x74jbdlwuo56k err=HttpError('InvalidRequest: Could not find repo: did:plc:67uh6as5dn7x74jbdlwuo56k')
2026-03-21T09:40:25Z WARNING bsky_collector_v2.job.index_feed_generators: listRecords failed repo=did:plc:6wvgfxp556cvuvapgrbkwdcy err=HttpError('InvalidRequest: Could not find repo: did:plc:6wvgfxp556cvuvapgrbkwdcy')
2026-03-21T09:41:38Z WARNING bsky_collector_v2.job.index_feed_generators: listRecords failed repo=did:plc:2fgjjjl6jsjr52tupnrsdetm err=HttpError('InvalidRequest: Could not find repo: did:plc:2fgjjjl6jsjr52tupnrsdetm')
2026-03-21T09:41:38Z WARNING bsky_collector_v2.job.index_feed_generators: listRecords failed repo=did:plc:67uh6as5dn7x74jbdlwuo56k err=HttpError('InvalidRequest: Could not find repo: did:plc:67uh6as5dn7x74jbdlwuo56k')
2026-03-21T09:41:38Z WARNING bsky_collector_v2.job.index_feed_generators: listRecords failed repo=did:plc:6wvgfxp556cvuvapgrbkwdcy err=HttpError('InvalidRequest: Could not find repo: did:plc:6wvgfxp556cvuvapgrbkwdcy')
2026-03-21T09:41:38Z WARNING bsky_collector_v2.job.index_feed_generators: listRecords failed repo=did:plc:2fgjjjl6jsjr52tupnrsdetm err=HttpError('InvalidRequest: Could not find repo: did:plc:2fgjjjl6jsjr52tupnrsdetm')
2026-03-21T09:41:38Z WARNING bsky_collector_v2.job.index_feed_generators: listRecords failed repo=did:plc:67uh6as5dn7x74jbdlwuo56k err=HttpError('InvalidRequest: Could not find repo: did:plc:67uh6as5dn7x74jbdlwuo56k')
2026-03-21T09:41:38Z WARNING bsky_collector_v2.job.index_feed_generators: listRecords failed repo=did:plc:6wvgfxp556cvuvapgrbkwdcy err=HttpError('InvalidRequest: Could not find repo: did:plc:6wvgfxp556cvuvapgrbkwdcy')
2026-03-21T09:41:39Z INFO bsky_collector_v2.job.index_feed_generators: enqueued repos page=9 mode=listRepos inserted=500 repos_returned=500 next_cursor=set
2026-03-21T09:41:59Z WARNING bsky_collector_v2.job.index_feed_generators: listRecords failed repo=did:plc:5qlefdsp5r3ny3qlyyljdj6c err=HttpError('InvalidRequest: Could not find repo: did:plc:5qlefdsp5r3ny3qlyyljdj6c')
2026-03-21T09:41:59Z WARNING bsky_collector_v2.job.index_feed_generators: listRecords failed repo=did:plc:5vy2ee3vofkdlntc2u6owmrk err=HttpError('InvalidRequest: Could not find repo: did:plc:5vy2ee3vofkdlntc2u6owmrk')
2026-03-21T09:42:28Z WARNING bsky_collector_v2.job.index_feed_generators: listRecords failed repo=did:plc:gowr4z7g536ldxftpap3rlx7 err=HttpError('InvalidRequest: Could not find repo: did:plc:gowr4z7g536ldxftpap3rlx7')
2026-03-21T09:42:44Z WARNING bsky_collector_v2.job.index_feed_generators: listRecords failed repo=did:plc:nchaabp6nsa2k6qbskirms2l err=HttpError('InvalidRequest: Could not find repo: did:plc:nchaabp6nsa2k6qbskirms2l')
2026-03-21T09:43:03Z WARNING bsky_collector_v2.job.index_feed_generators: listRecords failed repo=did:plc:thlayjegel4553qdw442okcy err=HttpError('InvalidRequest: Could not find repo: did:plc:thlayjegel4553qdw442okcy')
2026-03-21T09:43:19Z WARNING bsky_collector_v2.job.index_feed_generators: listRecords failed repo=did:plc:5qlefdsp5r3ny3qlyyljdj6c err=HttpError('InvalidRequest: Could not find repo: did:plc:5qlefdsp5r3ny3qlyyljdj6c')
2026-03-21T09:43:19Z WARNING bsky_collector_v2.job.index_feed_generators: listRecords failed repo=did:plc:5vy2ee3vofkdlntc2u6owmrk err=HttpError('InvalidRequest: Could not find repo: did:plc:5vy2ee3vofkdlntc2u6owmrk')
2026-03-21T09:43:19Z WARNING bsky_collector_v2.job.index_feed_generators: listRecords failed repo=did:plc:gowr4z7g536ldxftpap3rlx7 err=HttpError('InvalidRequest: Could not find repo: did:plc:gowr4z7g536ldxftpap3rlx7')
2026-03-21T09:43:19Z WARNING bsky_collector_v2.job.index_feed_generators: listRecords failed repo=did:plc:nchaabp6nsa2k6qbskirms2l err=HttpError('InvalidRequest: Could not find repo: did:plc:nchaabp6nsa2k6qbskirms2l')
2026-03-21T09:43:19Z WARNING bsky_collector_v2.job.index_feed_generators: listRecords failed repo=did:plc:thlayjegel4553qdw442okcy err=HttpError('InvalidRequest: Could not find repo: did:plc:thlayjegel4553qdw442okcy')
2026-03-21T09:43:19Z WARNING bsky_collector_v2.job.index_feed_generators: listRecords failed repo=did:plc:5qlefdsp5r3ny3qlyyljdj6c err=HttpError('InvalidRequest: Could not find repo: did:plc:5qlefdsp5r3ny3qlyyljdj6c')
2026-03-21T09:43:19Z WARNING bsky_collector_v2.job.index_feed_generators: listRecords failed repo=did:plc:5vy2ee3vofkdlntc2u6owmrk err=HttpError('InvalidRequest: Could not find repo: did:plc:5vy2ee3vofkdlntc2u6owmrk')
2026-03-21T09:43:19Z WARNING bsky_collector_v2.job.index_feed_generators: listRecords failed repo=did:plc:gowr4z7g536ldxftpap3rlx7 err=HttpError('InvalidRequest: Could not find repo: did:plc:gowr4z7g536ldxftpap3rlx7')
2026-03-21T09:43:19Z WARNING bsky_collector_v2.job.index_feed_generators: listRecords failed repo=did:plc:nchaabp6nsa2k6qbskirms2l err=HttpError('InvalidRequest: Could not find repo: did:plc:nchaabp6nsa2k6qbskirms2l')
2026-03-21T09:43:19Z WARNING bsky_collector_v2.job.index_feed_generators: listRecords failed repo=did:plc:thlayjegel4553qdw442okcy err=HttpError('InvalidRequest: Could not find repo: did:plc:thlayjegel4553qdw442okcy')
2026-03-21T09:43:20Z INFO bsky_collector_v2.job.index_feed_generators: enqueued repos page=10 mode=listRepos inserted=500 repos_returned=500 next_cursor=set
2026-03-21T09:43:28Z WARNING bsky_collector_v2.job.index_feed_generators: listRecords failed repo=did:plc:4fz72aq2guwk3g6okwu5ntjv err=HttpError('InvalidRequest: Could not find repo: did:plc:4fz72aq2guwk3g6okwu5ntjv')
2026-03-21T09:44:07Z WARNING bsky_collector_v2.job.index_feed_generators: listRecords failed repo=did:plc:kq6w4ic3aoiakrzncs7nk4c3 err=HttpError('InvalidRequest: Could not find repo: did:plc:kq6w4ic3aoiakrzncs7nk4c3')
2026-03-21T09:44:15Z WARNING bsky_collector_v2.job.index_feed_generators: listRecords failed repo=did:plc:oqg4c3pwfxrmtcc6wz6okmjd err=HttpError('InvalidRequest: Could not find repo: did:plc:oqg4c3pwfxrmtcc6wz6okmjd')
2026-03-21T09:44:36Z WARNING bsky_collector_v2.job.index_feed_generators: listRecords failed repo=did:plc:utlp3du3esv5uovqq5qshdnf err=HttpError('InvalidRequest: Could not find repo: did:plc:utlp3du3esv5uovqq5qshdnf')
2026-03-21T09:44:46Z WARNING bsky_collector_v2.job.index_feed_generators: listRecords failed repo=did:plc:ym3772q4qj3oo6srcu5vrkck err=HttpError('InvalidRequest: Could not find repo: did:plc:ym3772q4qj3oo6srcu5vrkck')
2026-03-21T09:44:54Z WARNING bsky_collector_v2.job.index_feed_generators: listRecords failed repo=did:plc:4fz72aq2guwk3g6okwu5ntjv err=HttpError('InvalidRequest: Could not find repo: did:plc:4fz72aq2guwk3g6okwu5ntjv')
2026-03-21T09:44:54Z WARNING bsky_collector_v2.job.index_feed_generators: listRecords failed repo=did:plc:kq6w4ic3aoiakrzncs7nk4c3 err=HttpError('InvalidRequest: Could not find repo: did:plc:kq6w4ic3aoiakrzncs7nk4c3')
2026-03-21T09:44:54Z WARNING bsky_collector_v2.job.index_feed_generators: listRecords failed repo=did:plc:oqg4c3pwfxrmtcc6wz6okmjd err=HttpError('InvalidRequest: Could not find repo: did:plc:oqg4c3pwfxrmtcc6wz6okmjd')
2026-03-21T09:44:55Z WARNING bsky_collector_v2.job.index_feed_generators: listRecords failed repo=did:plc:utlp3du3esv5uovqq5qshdnf err=HttpError('InvalidRequest: Could not find repo: did:plc:utlp3du3esv5uovqq5qshdnf')
2026-03-21T09:44:55Z WARNING bsky_collector_v2.job.index_feed_generators: listRecords failed repo=did:plc:ym3772q4qj3oo6srcu5vrkck err=HttpError('InvalidRequest: Could not find repo: did:plc:ym3772q4qj3oo6srcu5vrkck')
2026-03-21T09:44:55Z WARNING bsky_collector_v2.job.index_feed_generators: listRecords failed repo=did:plc:4fz72aq2guwk3g6okwu5ntjv err=HttpError('InvalidRequest: Could not find repo: did:plc:4fz72aq2guwk3g6okwu5ntjv')
2026-03-21T09:44:55Z WARNING bsky_collector_v2.job.index_feed_generators: listRecords failed repo=did:plc:kq6w4ic3aoiakrzncs7nk4c3 err=HttpError('InvalidRequest: Could not find repo: did:plc:kq6w4ic3aoiakrzncs7nk4c3')
2026-03-21T09:44:56Z WARNING bsky_collector_v2.job.index_feed_generators: listRecords failed repo=did:plc:oqg4c3pwfxrmtcc6wz6okmjd err=HttpError('InvalidRequest: Could not find repo: did:plc:oqg4c3pwfxrmtcc6wz6okmjd')
2026-03-21T09:44:56Z WARNING bsky_collector_v2.job.index_feed_generators: listRecords failed repo=did:plc:utlp3du3esv5uovqq5qshdnf err=HttpError('InvalidRequest: Could not find repo: did:plc:utlp3du3esv5uovqq5qshdnf')
2026-03-21T09:44:56Z WARNING bsky_collector_v2.job.index_feed_generators: listRecords failed repo=did:plc:ym3772q4qj3oo6srcu5vrkck err=HttpError('InvalidRequest: Could not find repo: did:plc:ym3772q4qj3oo6srcu5vrkck')
2026-03-21T09:44:57Z INFO bsky_collector_v2.job.index_feed_generators: enqueued repos page=11 mode=listRepos inserted=500 repos_returned=500 next_cursor=set
2026-03-21T09:44:58Z WARNING bsky_collector_v2.job.index_feed_generators: listRecords failed repo=did:plc:26o5km7gs7iah3wlphikxcpr err=HttpError('InvalidRequest: Could not find repo: did:plc:26o5km7gs7iah3wlphikxcpr')
2026-03-21T09:45:01Z WARNING bsky_collector_v2.job.index_feed_generators: listRecords failed repo=did:plc:2ronvadpe7ybtvnnuyzogozp err=HttpError('InvalidRequest: Could not find repo: did:plc:2ronvadpe7ybtvnnuyzogozp')
2026-03-21T09:45:07Z WARNING bsky_collector_v2.job.index_feed_generators: listRecords failed repo=did:plc:43ejo74htet6zvle2l2x4c7c err=HttpError('InvalidRequest: Could not find repo: did:plc:43ejo74htet6zvle2l2x4c7c')
2026-03-21T09:45:26Z WARNING bsky_collector_v2.job.index_feed_generators: listRecords failed repo=did:plc:chrw5u7pgeag5ferdj4gg537 err=HttpError('InvalidRequest: Could not find repo: did:plc:chrw5u7pgeag5ferdj4gg537')
2026-03-21T09:45:36Z WARNING bsky_collector_v2.job.index_feed_generators: listRecords failed repo=did:plc:gdmgusincmp3xdumacjhehhp err=HttpError('InvalidRequest: Could not find repo: did:plc:gdmgusincmp3xdumacjhehhp')
2026-03-21T09:45:50Z WARNING bsky_collector_v2.job.index_feed_generators: listRecords failed repo=did:plc:lboa3ixndq7oaoiitk4gctvg err=HttpError('InvalidRequest: Could not find repo: did:plc:lboa3ixndq7oaoiitk4gctvg')
2026-03-21T09:45:53Z WARNING bsky_collector_v2.job.index_feed_generators: listRecords failed repo=did:plc:m5ydkovpdbedvh3qcvf7xwoz err=HttpError('InvalidRequest: Could not find repo: did:plc:m5ydkovpdbedvh3qcvf7xwoz')
2026-03-21T09:45:56Z WARNING bsky_collector_v2.job.index_feed_generators: listRecords failed repo=did:plc:nbmvqgfjeewugoyb4kfxbjdm err=HttpError('InvalidRequest: Could not find repo: did:plc:nbmvqgfjeewugoyb4kfxbjdm')
2026-03-21T09:45:57Z WARNING bsky_collector_v2.job.index_feed_generators: listRecords failed repo=did:plc:njkhd7pwvqcp3vdflv2rb3as err=HttpError('InvalidRequest: Could not find repo: did:plc:njkhd7pwvqcp3vdflv2rb3as')
2026-03-21T09:45:58Z WARNING bsky_collector_v2.job.index_feed_generators: listRecords failed repo=did:plc:ohhuuynuucu3lba7yzst4nxs err=HttpError('InvalidRequest: Could not find repo: did:plc:ohhuuynuucu3lba7yzst4nxs')
2026-03-21T09:46:01Z WARNING bsky_collector_v2.job.index_feed_generators: listRecords failed repo=did:plc:peyyph242xlsed2f6bksfe7z err=HttpError('InvalidRequest: Could not find repo: did:plc:peyyph242xlsed2f6bksfe7z')
2026-03-21T09:46:07Z WARNING bsky_collector_v2.job.index_feed_generators: listRecords failed repo=did:plc:qxag2qxbiktjutwfzd6lmumn err=HttpError('InvalidRequest: Could not find repo: did:plc:qxag2qxbiktjutwfzd6lmumn')
2026-03-21T09:46:13Z WARNING bsky_collector_v2.job.index_feed_generators: listRecords failed repo=did:plc:tndzxedcetfjcjykd272qk75 err=HttpError('InvalidRequest: Could not find repo: did:plc:tndzxedcetfjcjykd272qk75')
2026-03-21T09:46:24Z WARNING bsky_collector_v2.job.index_feed_generators: listRecords failed repo=did:plc:yio3httiuh3wlcvvs4drptor err=HttpError('InvalidRequest: Could not find repo: did:plc:yio3httiuh3wlcvvs4drptor')
2026-03-21T09:46:29Z WARNING bsky_collector_v2.job.index_feed_generators: listRecords failed repo=did:plc:26o5km7gs7iah3wlphikxcpr err=HttpError('InvalidRequest: Could not find repo: did:plc:26o5km7gs7iah3wlphikxcpr')
2026-03-21T09:46:29Z WARNING bsky_collector_v2.job.index_feed_generators: listRecords failed repo=did:plc:2ronvadpe7ybtvnnuyzogozp err=HttpError('InvalidRequest: Could not find repo: did:plc:2ronvadpe7ybtvnnuyzogozp')
2026-03-21T09:46:29Z WARNING bsky_collector_v2.job.index_feed_generators: listRecords failed repo=did:plc:43ejo74htet6zvle2l2x4c7c err=HttpError('InvalidRequest: Could not find repo: did:plc:43ejo74htet6zvle2l2x4c7c')
2026-03-21T09:46:29Z WARNING bsky_collector_v2.job.index_feed_generators: listRecords failed repo=did:plc:chrw5u7pgeag5ferdj4gg537 err=HttpError('InvalidRequest: Could not find repo: did:plc:chrw5u7pgeag5ferdj4gg537')
2026-03-21T09:46:29Z WARNING bsky_collector_v2.job.index_feed_generators: listRecords failed repo=did:plc:gdmgusincmp3xdumacjhehhp err=HttpError('InvalidRequest: Could not find repo: did:plc:gdmgusincmp3xdumacjhehhp')
2026-03-21T09:46:29Z WARNING bsky_collector_v2.job.index_feed_generators: listRecords failed repo=did:plc:lboa3ixndq7oaoiitk4gctvg err=HttpError('InvalidRequest: Could not find repo: did:plc:lboa3ixndq7oaoiitk4gctvg')
2026-03-21T09:46:29Z WARNING bsky_collector_v2.job.index_feed_generators: listRecords failed repo=did:plc:m5ydkovpdbedvh3qcvf7xwoz err=HttpError('InvalidRequest: Could not find repo: did:plc:m5ydkovpdbedvh3qcvf7xwoz')
2026-03-21T09:46:29Z WARNING bsky_collector_v2.job.index_feed_generators: listRecords failed repo=did:plc:nbmvqgfjeewugoyb4kfxbjdm err=HttpError('InvalidRequest: Could not find repo: did:plc:nbmvqgfjeewugoyb4kfxbjdm')
2026-03-21T09:46:29Z WARNING bsky_collector_v2.job.index_feed_generators: listRecords failed repo=did:plc:njkhd7pwvqcp3vdflv2rb3as err=HttpError('InvalidRequest: Could not find repo: did:plc:njkhd7pwvqcp3vdflv2rb3as')
2026-03-21T09:46:29Z WARNING bsky_collector_v2.job.index_feed_generators: listRecords failed repo=did:plc:ohhuuynuucu3lba7yzst4nxs err=HttpError('InvalidRequest: Could not find repo: did:plc:ohhuuynuucu3lba7yzst4nxs')
2026-03-21T09:46:29Z WARNING bsky_collector_v2.job.index_feed_generators: listRecords failed repo=did:plc:peyyph242xlsed2f6bksfe7z err=HttpError('InvalidRequest: Could not find repo: did:plc:peyyph242xlsed2f6bksfe7z')
2026-03-21T09:46:29Z WARNING bsky_collector_v2.job.index_feed_generators: listRecords failed repo=did:plc:qxag2qxbiktjutwfzd6lmumn err=HttpError('InvalidRequest: Could not find repo: did:plc:qxag2qxbiktjutwfzd6lmumn')
2026-03-21T09:46:29Z WARNING bsky_collector_v2.job.index_feed_generators: listRecords failed repo=did:plc:tndzxedcetfjcjykd272qk75 err=HttpError('InvalidRequest: Could not find repo: did:plc:tndzxedcetfjcjykd272qk75')
2026-03-21T09:46:29Z WARNING bsky_collector_v2.job.index_feed_generators: listRecords failed repo=did:plc:yio3httiuh3wlcvvs4drptor err=HttpError('InvalidRequest: Could not find repo: did:plc:yio3httiuh3wlcvvs4drptor')
2026-03-21T09:46:29Z WARNING bsky_collector_v2.job.index_feed_generators: listRecords failed repo=did:plc:26o5km7gs7iah3wlphikxcpr err=HttpError('InvalidRequest: Could not find repo: did:plc:26o5km7gs7iah3wlphikxcpr')
2026-03-21T09:46:29Z WARNING bsky_collector_v2.job.index_feed_generators: listRecords failed repo=did:plc:2ronvadpe7ybtvnnuyzogozp err=HttpError('InvalidRequest: Could not find repo: did:plc:2ronvadpe7ybtvnnuyzogozp')
2026-03-21T09:46:29Z WARNING bsky_collector_v2.job.index_feed_generators: listRecords failed repo=did:plc:43ejo74htet6zvle2l2x4c7c err=HttpError('InvalidRequest: Could not find repo: did:plc:43ejo74htet6zvle2l2x4c7c')
2026-03-21T09:46:29Z WARNING bsky_collector_v2.job.index_feed_generators: listRecords failed repo=did:plc:chrw5u7pgeag5ferdj4gg537 err=HttpError('InvalidRequest: Could not find repo: did:plc:chrw5u7pgeag5ferdj4gg537')
2026-03-21T09:46:29Z WARNING bsky_collector_v2.job.index_feed_generators: listRecords failed repo=did:plc:gdmgusincmp3xdumacjhehhp err=HttpError('InvalidRequest: Could not find repo: did:plc:gdmgusincmp3xdumacjhehhp')
2026-03-21T09:46:30Z WARNING bsky_collector_v2.job.index_feed_generators: listRecords failed repo=did:plc:lboa3ixndq7oaoiitk4gctvg err=HttpError('InvalidRequest: Could not find repo: did:plc:lboa3ixndq7oaoiitk4gctvg')
2026-03-21T09:46:30Z WARNING bsky_collector_v2.job.index_feed_generators: listRecords failed repo=did:plc:m5ydkovpdbedvh3qcvf7xwoz err=HttpError('InvalidRequest: Could not find repo: did:plc:m5ydkovpdbedvh3qcvf7xwoz')
2026-03-21T09:46:30Z WARNING bsky_collector_v2.job.index_feed_generators: listRecords failed repo=did:plc:nbmvqgfjeewugoyb4kfxbjdm err=HttpError('InvalidRequest: Could not find repo: did:plc:nbmvqgfjeewugoyb4kfxbjdm')
2026-03-21T09:46:30Z WARNING bsky_collector_v2.job.index_feed_generators: listRecords failed repo=did:plc:njkhd7pwvqcp3vdflv2rb3as err=HttpError('InvalidRequest: Could not find repo: did:plc:njkhd7pwvqcp3vdflv2rb3as')
2026-03-21T09:46:30Z WARNING bsky_collector_v2.job.index_feed_generators: listRecords failed repo=did:plc:ohhuuynuucu3lba7yzst4nxs err=HttpError('InvalidRequest: Could not find repo: did:plc:ohhuuynuucu3lba7yzst4nxs')
2026-03-21T09:46:30Z WARNING bsky_collector_v2.job.index_feed_generators: listRecords failed repo=did:plc:peyyph242xlsed2f6bksfe7z err=HttpError('InvalidRequest: Could not find repo: did:plc:peyyph242xlsed2f6bksfe7z')
2026-03-21T09:46:30Z WARNING bsky_collector_v2.job.index_feed_generators: listRecords failed repo=did:plc:qxag2qxbiktjutwfzd6lmumn err=HttpError('InvalidRequest: Could not find repo: did:plc:qxag2qxbiktjutwfzd6lmumn')
2026-03-21T09:46:30Z WARNING bsky_collector_v2.job.index_feed_generators: listRecords failed repo=did:plc:tndzxedcetfjcjykd272qk75 err=HttpError('InvalidRequest: Could not find repo: did:plc:tndzxedcetfjcjykd272qk75')
2026-03-21T09:46:30Z WARNING bsky_collector_v2.job.index_feed_generators: listRecords failed repo=did:plc:yio3httiuh3wlcvvs4drptor err=HttpError('InvalidRequest: Could not find repo: did:plc:yio3httiuh3wlcvvs4drptor')
2026-03-21T09:46:31Z INFO bsky_collector_v2.job.index_feed_generators: enqueued repos page=12 mode=listRepos inserted=500 repos_returned=500 next_cursor=set
2026-03-21T09:47:51Z INFO bsky_collector_v2.job.index_feed_generators: indexed repo=did:plc:vholj6qikcqkoddtfwzznpbg part=94 records=3 next_cursor=set
2026-03-21T09:48:02Z INFO bsky_collector_v2.job.index_feed_generators: enqueued repos page=13 mode=listRepos inserted=500 repos_returned=500 next_cursor=set
2026-03-21T09:48:38Z WARNING bsky_collector_v2.job.index_feed_generators: listRecords failed repo=did:plc:i7y4fvb4izpeacrra73vs7uy err=HttpError('InvalidRequest: Could not find repo: did:plc:i7y4fvb4izpeacrra73vs7uy')
2026-03-21T09:49:17Z WARNING bsky_collector_v2.job.index_feed_generators: listRecords failed repo=did:plc:woetewd43d56r7ydjm2nud5s err=HttpError('InvalidRequest: Could not find repo: did:plc:woetewd43d56r7ydjm2nud5s')
2026-03-21T09:49:28Z WARNING bsky_collector_v2.job.index_feed_generators: listRecords failed repo=did:plc:i7y4fvb4izpeacrra73vs7uy err=HttpError('InvalidRequest: Could not find repo: did:plc:i7y4fvb4izpeacrra73vs7uy')
2026-03-21T09:49:28Z WARNING bsky_collector_v2.job.index_feed_generators: listRecords failed repo=did:plc:woetewd43d56r7ydjm2nud5s err=HttpError('InvalidRequest: Could not find repo: did:plc:woetewd43d56r7ydjm2nud5s')
2026-03-21T09:49:28Z WARNING bsky_collector_v2.job.index_feed_generators: listRecords failed repo=did:plc:i7y4fvb4izpeacrra73vs7uy err=HttpError('InvalidRequest: Could not find repo: did:plc:i7y4fvb4izpeacrra73vs7uy')
2026-03-21T09:49:28Z WARNING bsky_collector_v2.job.index_feed_generators: listRecords failed repo=did:plc:woetewd43d56r7ydjm2nud5s err=HttpError('InvalidRequest: Could not find repo: did:plc:woetewd43d56r7ydjm2nud5s')
2026-03-21T09:49:29Z INFO bsky_collector_v2.job.index_feed_generators: enqueued repos page=14 mode=listRepos inserted=500 repos_returned=500 next_cursor=set
2026-03-21T09:50:11Z WARNING bsky_collector_v2.job.index_feed_generators: listRecords failed repo=did:plc:jxg4vo27ebzsk4whrnpldzx2 err=HttpError('InvalidRequest: Could not find repo: did:plc:jxg4vo27ebzsk4whrnpldzx2')
2026-03-21T09:50:14Z WARNING bsky_collector_v2.job.index_feed_generators: listRecords failed repo=did:plc:kzt4f4epflg6ndt23rprlqfp err=HttpError('InvalidRequest: Could not find repo: did:plc:kzt4f4epflg6ndt23rprlqfp')
2026-03-21T09:50:19Z WARNING bsky_collector_v2.job.index_feed_generators: listRecords failed repo=did:plc:n3vs5febxuayrd4kl2xzm66f err=HttpError('InvalidRequest: Could not find repo: did:plc:n3vs5febxuayrd4kl2xzm66f')
2026-03-21T09:50:51Z WARNING bsky_collector_v2.job.index_feed_generators: listRecords failed repo=did:plc:jxg4vo27ebzsk4whrnpldzx2 err=HttpError('InvalidRequest: Could not find repo: did:plc:jxg4vo27ebzsk4whrnpldzx2')
2026-03-21T09:50:51Z WARNING bsky_collector_v2.job.index_feed_generators: listRecords failed repo=did:plc:kzt4f4epflg6ndt23rprlqfp err=HttpError('InvalidRequest: Could not find repo: did:plc:kzt4f4epflg6ndt23rprlqfp')
2026-03-21T09:50:51Z WARNING bsky_collector_v2.job.index_feed_generators: listRecords failed repo=did:plc:n3vs5febxuayrd4kl2xzm66f err=HttpError('InvalidRequest: Could not find repo: did:plc:n3vs5febxuayrd4kl2xzm66f')
2026-03-21T09:50:51Z WARNING bsky_collector_v2.job.index_feed_generators: listRecords failed repo=did:plc:jxg4vo27ebzsk4whrnpldzx2 err=HttpError('InvalidRequest: Could not find repo: did:plc:jxg4vo27ebzsk4whrnpldzx2')
2026-03-21T09:50:52Z WARNING bsky_collector_v2.job.index_feed_generators: listRecords failed repo=did:plc:kzt4f4epflg6ndt23rprlqfp err=HttpError('InvalidRequest: Could not find repo: did:plc:kzt4f4epflg6ndt23rprlqfp')
2026-03-21T09:50:52Z WARNING bsky_collector_v2.job.index_feed_generators: listRecords failed repo=did:plc:n3vs5febxuayrd4kl2xzm66f err=HttpError('InvalidRequest: Could not find repo: did:plc:n3vs5febxuayrd4kl2xzm66f')
2026-03-21T09:50:52Z INFO bsky_collector_v2.job.index_feed_generators: enqueued repos page=15 mode=listRepos inserted=500 repos_returned=500 next_cursor=set
2026-03-21T09:50:55Z WARNING bsky_collector_v2.job.index_feed_generators: listRecords failed repo=did:plc:2nxiqnur4pwbj5wwzqm65sbk err=HttpError('InvalidRequest: Could not find repo: did:plc:2nxiqnur4pwbj5wwzqm65sbk')
2026-03-21T09:51:06Z WARNING bsky_collector_v2.job.index_feed_generators: listRecords failed repo=did:plc:7wavqig67tpizmlgwfbrauej err=HttpError('InvalidRequest: Could not find repo: did:plc:7wavqig67tpizmlgwfbrauej')
2026-03-21T09:51:08Z WARNING bsky_collector_v2.job.index_feed_generators: listRecords failed repo=did:plc:b2dosl4uyusa4ur3zlvnket7 err=HttpError('InvalidRequest: Could not find repo: did:plc:b2dosl4uyusa4ur3zlvnket7')
2026-03-21T09:51:13Z WARNING bsky_collector_v2.job.index_feed_generators: listRecords failed repo=did:plc:cfm3iqow72uug36uq4wx4mwn err=HttpError('InvalidRequest: Could not find repo: did:plc:cfm3iqow72uug36uq4wx4mwn')
2026-03-21T09:51:14Z WARNING bsky_collector_v2.job.index_feed_generators: listRecords failed repo=did:plc:dbr6jjqky5nqxitdk25ynkjm err=HttpError('InvalidRequest: Could not find repo: did:plc:dbr6jjqky5nqxitdk25ynkjm')
2026-03-21T09:51:22Z WARNING bsky_collector_v2.job.index_feed_generators: listRecords failed repo=did:plc:gixgmgviv7yr63uwoczbqigx err=HttpError('InvalidRequest: Could not find repo: did:plc:gixgmgviv7yr63uwoczbqigx')
2026-03-21T09:51:29Z WARNING bsky_collector_v2.job.index_feed_generators: listRecords failed repo=did:plc:ivkvxze6cjmfzz6rt4xwttu3 err=HttpError('InvalidRequest: Could not find repo: did:plc:ivkvxze6cjmfzz6rt4xwttu3')
2026-03-21T09:51:37Z WARNING bsky_collector_v2.job.index_feed_generators: listRecords failed repo=did:plc:m6b6db6g57nwbqurqx77ek5l err=HttpError('InvalidRequest: Could not find repo: did:plc:m6b6db6g57nwbqurqx77ek5l')
2026-03-21T09:51:41Z WARNING bsky_collector_v2.job.index_feed_generators: listRecords failed repo=did:plc:n6y7v774sgluf7fwgg6fxrxd err=HttpError('InvalidRequest: Could not find repo: did:plc:n6y7v774sgluf7fwgg6fxrxd')
2026-03-21T09:51:44Z WARNING bsky_collector_v2.job.index_feed_generators: listRecords failed repo=did:plc:om4tnvrke5qzi3ubc5ksisow err=HttpError('InvalidRequest: Could not find repo: did:plc:om4tnvrke5qzi3ubc5ksisow')
2026-03-21T09:52:01Z WARNING bsky_collector_v2.job.index_feed_generators: listRecords failed repo=did:plc:uu7scikbsuci2dn3c67g6boq err=HttpError('InvalidRequest: Could not find repo: did:plc:uu7scikbsuci2dn3c67g6boq')
2026-03-21T09:52:17Z WARNING bsky_collector_v2.job.index_feed_generators: listRecords failed repo=did:plc:2nxiqnur4pwbj5wwzqm65sbk err=HttpError('InvalidRequest: Could not find repo: did:plc:2nxiqnur4pwbj5wwzqm65sbk')
2026-03-21T09:52:17Z WARNING bsky_collector_v2.job.index_feed_generators: listRecords failed repo=did:plc:7wavqig67tpizmlgwfbrauej err=HttpError('InvalidRequest: Could not find repo: did:plc:7wavqig67tpizmlgwfbrauej')
2026-03-21T09:52:17Z WARNING bsky_collector_v2.job.index_feed_generators: listRecords failed repo=did:plc:b2dosl4uyusa4ur3zlvnket7 err=HttpError('InvalidRequest: Could not find repo: did:plc:b2dosl4uyusa4ur3zlvnket7')
2026-03-21T09:52:17Z WARNING bsky_collector_v2.job.index_feed_generators: listRecords failed repo=did:plc:cfm3iqow72uug36uq4wx4mwn err=HttpError('InvalidRequest: Could not find repo: did:plc:cfm3iqow72uug36uq4wx4mwn')
2026-03-21T09:52:17Z WARNING bsky_collector_v2.job.index_feed_generators: listRecords failed repo=did:plc:dbr6jjqky5nqxitdk25ynkjm err=HttpError('InvalidRequest: Could not find repo: did:plc:dbr6jjqky5nqxitdk25ynkjm')
2026-03-21T09:52:17Z WARNING bsky_collector_v2.job.index_feed_generators: listRecords failed repo=did:plc:gixgmgviv7yr63uwoczbqigx err=HttpError('InvalidRequest: Could not find repo: did:plc:gixgmgviv7yr63uwoczbqigx')
2026-03-21T09:52:17Z WARNING bsky_collector_v2.job.index_feed_generators: listRecords failed repo=did:plc:ivkvxze6cjmfzz6rt4xwttu3 err=HttpError('InvalidRequest: Could not find repo: did:plc:ivkvxze6cjmfzz6rt4xwttu3')
2026-03-21T09:52:17Z WARNING bsky_collector_v2.job.index_feed_generators: listRecords failed repo=did:plc:m6b6db6g57nwbqurqx77ek5l err=HttpError('InvalidRequest: Could not find repo: did:plc:m6b6db6g57nwbqurqx77ek5l')
2026-03-21T09:52:17Z WARNING bsky_collector_v2.job.index_feed_generators: listRecords failed repo=did:plc:n6y7v774sgluf7fwgg6fxrxd err=HttpError('InvalidRequest: Could not find repo: did:plc:n6y7v774sgluf7fwgg6fxrxd')
2026-03-21T09:52:17Z WARNING bsky_collector_v2.job.index_feed_generators: listRecords failed repo=did:plc:om4tnvrke5qzi3ubc5ksisow err=HttpError('InvalidRequest: Could not find repo: did:plc:om4tnvrke5qzi3ubc5ksisow')
2026-03-21T09:52:17Z WARNING bsky_collector_v2.job.index_feed_generators: listRecords failed repo=did:plc:uu7scikbsuci2dn3c67g6boq err=HttpError('InvalidRequest: Could not find repo: did:plc:uu7scikbsuci2dn3c67g6boq')
2026-03-21T09:52:17Z WARNING bsky_collector_v2.job.index_feed_generators: listRecords failed repo=did:plc:2nxiqnur4pwbj5wwzqm65sbk err=HttpError('InvalidRequest: Could not find repo: did:plc:2nxiqnur4pwbj5wwzqm65sbk')
2026-03-21T09:52:17Z WARNING bsky_collector_v2.job.index_feed_generators: listRecords failed repo=did:plc:7wavqig67tpizmlgwfbrauej err=HttpError('InvalidRequest: Could not find repo: did:plc:7wavqig67tpizmlgwfbrauej')
2026-03-21T09:52:18Z WARNING bsky_collector_v2.job.index_feed_generators: listRecords failed repo=did:plc:b2dosl4uyusa4ur3zlvnket7 err=HttpError('InvalidRequest: Could not find repo: did:plc:b2dosl4uyusa4ur3zlvnket7')
2026-03-21T09:52:18Z WARNING bsky_collector_v2.job.index_feed_generators: listRecords failed repo=did:plc:cfm3iqow72uug36uq4wx4mwn err=HttpError('InvalidRequest: Could not find repo: did:plc:cfm3iqow72uug36uq4wx4mwn')
2026-03-21T09:52:18Z WARNING bsky_collector_v2.job.index_feed_generators: listRecords failed repo=did:plc:dbr6jjqky5nqxitdk25ynkjm err=HttpError('InvalidRequest: Could not find repo: did:plc:dbr6jjqky5nqxitdk25ynkjm')
2026-03-21T09:52:18Z WARNING bsky_collector_v2.job.index_feed_generators: listRecords failed repo=did:plc:gixgmgviv7yr63uwoczbqigx err=HttpError('InvalidRequest: Could not find repo: did:plc:gixgmgviv7yr63uwoczbqigx')
2026-03-21T09:52:18Z WARNING bsky_collector_v2.job.index_feed_generators: listRecords failed repo=did:plc:ivkvxze6cjmfzz6rt4xwttu3 err=HttpError('InvalidRequest: Could not find repo: did:plc:ivkvxze6cjmfzz6rt4xwttu3')
2026-03-21T09:52:18Z WARNING bsky_collector_v2.job.index_feed_generators: listRecords failed repo=did:plc:m6b6db6g57nwbqurqx77ek5l err=HttpError('InvalidRequest: Could not find repo: did:plc:m6b6db6g57nwbqurqx77ek5l')
2026-03-21T09:52:18Z WARNING bsky_collector_v2.job.index_feed_generators: listRecords failed repo=did:plc:n6y7v774sgluf7fwgg6fxrxd err=HttpError('InvalidRequest: Could not find repo: did:plc:n6y7v774sgluf7fwgg6fxrxd')
2026-03-21T09:52:18Z WARNING bsky_collector_v2.job.index_feed_generators: listRecords failed repo=did:plc:om4tnvrke5qzi3ubc5ksisow err=HttpError('InvalidRequest: Could not find repo: did:plc:om4tnvrke5qzi3ubc5ksisow')
2026-03-21T09:52:18Z WARNING bsky_collector_v2.job.index_feed_generators: listRecords failed repo=did:plc:uu7scikbsuci2dn3c67g6boq err=HttpError('InvalidRequest: Could not find repo: did:plc:uu7scikbsuci2dn3c67g6boq')
2026-03-21T09:52:19Z INFO bsky_collector_v2.job.index_feed_generators: enqueued repos page=16 mode=listRepos inserted=500 repos_returned=500 next_cursor=set
2026-03-21T09:52:30Z WARNING bsky_collector_v2.job.index_feed_generators: listRecords failed repo=did:plc:5x4xovpehogffbrvtjeon3zb err=HttpError('InvalidRequest: Could not find repo: did:plc:5x4xovpehogffbrvtjeon3zb')
2026-03-21T09:52:47Z WARNING bsky_collector_v2.job.index_feed_generators: listRecords failed repo=did:plc:alk4ex2e3awusqcm6g4rovqr err=HttpError('InvalidRequest: Could not find repo: did:plc:alk4ex2e3awusqcm6g4rovqr')
2026-03-21T09:52:54Z WARNING bsky_collector_v2.job.index_feed_generators: listRecords failed repo=did:plc:cjnorexknsx5ssi5n7vgjnvm err=HttpError('InvalidRequest: Could not find repo: did:plc:cjnorexknsx5ssi5n7vgjnvm')
2026-03-21T09:52:55Z WARNING bsky_collector_v2.job.index_feed_generators: listRecords failed repo=did:plc:cr24chngxgsbq5b5x7n4c2ud err=HttpError('InvalidRequest: Could not find repo: did:plc:cr24chngxgsbq5b5x7n4c2ud')
2026-03-21T09:53:01Z WARNING bsky_collector_v2.job.index_feed_generators: listRecords failed repo=did:plc:fj2v7sxkd2hpphuda4gxdtkf err=HttpError('InvalidRequest: Could not find repo: did:plc:fj2v7sxkd2hpphuda4gxdtkf')
2026-03-21T09:53:14Z WARNING bsky_collector_v2.job.index_feed_generators: listRecords failed repo=did:plc:k4iglaql6crswiziq5u6fdmb err=HttpError('InvalidRequest: Could not find repo: did:plc:k4iglaql6crswiziq5u6fdmb')
2026-03-21T09:53:14Z WARNING bsky_collector_v2.job.index_feed_generators: listRecords failed repo=did:plc:k5mkfybt5oglxgflm7yeg3ss err=HttpError('InvalidRequest: Could not find repo: did:plc:k5mkfybt5oglxgflm7yeg3ss')
2026-03-21T09:53:20Z WARNING bsky_collector_v2.job.index_feed_generators: listRecords failed repo=did:plc:milfbgdwjlsnzb5odwsxnw6y err=HttpError('InvalidRequest: Could not find repo: did:plc:milfbgdwjlsnzb5odwsxnw6y')
2026-03-21T09:53:20Z WARNING bsky_collector_v2.job.index_feed_generators: listRecords failed repo=did:plc:mljvwn5g6blwixxkzvwcz2no err=HttpError('InvalidRequest: Could not find repo: did:plc:mljvwn5g6blwixxkzvwcz2no')
2026-03-21T09:53:26Z WARNING bsky_collector_v2.job.index_feed_generators: listRecords failed repo=did:plc:onp3chnhfrxd2txm25xtow37 err=HttpError('InvalidRequest: Could not find repo: did:plc:onp3chnhfrxd2txm25xtow37')
2026-03-21T09:53:27Z WARNING bsky_collector_v2.job.index_feed_generators: listRecords failed repo=did:plc:pbqejgwloua3zsyyn5rdne2n err=HttpError('InvalidRequest: Could not find repo: did:plc:pbqejgwloua3zsyyn5rdne2n')
2026-03-21T09:53:40Z WARNING bsky_collector_v2.job.index_feed_generators: listRecords failed repo=did:plc:ukw5pxrinarvelfts5j32dm7 err=HttpError('InvalidRequest: Could not find repo: did:plc:ukw5pxrinarvelfts5j32dm7')
2026-03-21T09:53:53Z WARNING bsky_collector_v2.job.index_feed_generators: listRecords failed repo=did:plc:ypijnkfdepzx2lkte3mjz773 err=HttpError('InvalidRequest: Could not find repo: did:plc:ypijnkfdepzx2lkte3mjz773')
2026-03-21T09:53:56Z WARNING bsky_collector_v2.job.index_feed_generators: listRecords failed repo=did:plc:5x4xovpehogffbrvtjeon3zb err=HttpError('InvalidRequest: Could not find repo: did:plc:5x4xovpehogffbrvtjeon3zb')
2026-03-21T09:53:56Z WARNING bsky_collector_v2.job.index_feed_generators: listRecords failed repo=did:plc:alk4ex2e3awusqcm6g4rovqr err=HttpError('InvalidRequest: Could not find repo: did:plc:alk4ex2e3awusqcm6g4rovqr')
2026-03-21T09:53:56Z WARNING bsky_collector_v2.job.index_feed_generators: listRecords failed repo=did:plc:cjnorexknsx5ssi5n7vgjnvm err=HttpError('InvalidRequest: Could not find repo: did:plc:cjnorexknsx5ssi5n7vgjnvm')
2026-03-21T09:53:56Z WARNING bsky_collector_v2.job.index_feed_generators: listRecords failed repo=did:plc:cr24chngxgsbq5b5x7n4c2ud err=HttpError('InvalidRequest: Could not find repo: did:plc:cr24chngxgsbq5b5x7n4c2ud')
2026-03-21T09:53:56Z WARNING bsky_collector_v2.job.index_feed_generators: listRecords failed repo=did:plc:fj2v7sxkd2hpphuda4gxdtkf err=HttpError('InvalidRequest: Could not find repo: did:plc:fj2v7sxkd2hpphuda4gxdtkf')
2026-03-21T09:53:56Z WARNING bsky_collector_v2.job.index_feed_generators: listRecords failed repo=did:plc:k4iglaql6crswiziq5u6fdmb err=HttpError('InvalidRequest: Could not find repo: did:plc:k4iglaql6crswiziq5u6fdmb')
2026-03-21T09:53:56Z WARNING bsky_collector_v2.job.index_feed_generators: listRecords failed repo=did:plc:k5mkfybt5oglxgflm7yeg3ss err=HttpError('InvalidRequest: Could not find repo: did:plc:k5mkfybt5oglxgflm7yeg3ss')
2026-03-21T09:53:56Z WARNING bsky_collector_v2.job.index_feed_generators: listRecords failed repo=did:plc:milfbgdwjlsnzb5odwsxnw6y err=HttpError('InvalidRequest: Could not find repo: did:plc:milfbgdwjlsnzb5odwsxnw6y')
2026-03-21T09:53:57Z WARNING bsky_collector_v2.job.index_feed_generators: listRecords failed repo=did:plc:mljvwn5g6blwixxkzvwcz2no err=HttpError('InvalidRequest: Could not find repo: did:plc:mljvwn5g6blwixxkzvwcz2no')
2026-03-21T09:53:57Z WARNING bsky_collector_v2.job.index_feed_generators: listRecords failed repo=did:plc:onp3chnhfrxd2txm25xtow37 err=HttpError('InvalidRequest: Could not find repo: did:plc:onp3chnhfrxd2txm25xtow37')
2026-03-21T09:53:57Z WARNING bsky_collector_v2.job.index_feed_generators: listRecords failed repo=did:plc:pbqejgwloua3zsyyn5rdne2n err=HttpError('InvalidRequest: Could not find repo: did:plc:pbqejgwloua3zsyyn5rdne2n')
2026-03-21T09:53:57Z WARNING bsky_collector_v2.job.index_feed_generators: listRecords failed repo=did:plc:ukw5pxrinarvelfts5j32dm7 err=HttpError('InvalidRequest: Could not find repo: did:plc:ukw5pxrinarvelfts5j32dm7')
2026-03-21T09:53:57Z WARNING bsky_collector_v2.job.index_feed_generators: listRecords failed repo=did:plc:ypijnkfdepzx2lkte3mjz773 err=HttpError('InvalidRequest: Could not find repo: did:plc:ypijnkfdepzx2lkte3mjz773')
2026-03-21T09:53:57Z WARNING bsky_collector_v2.job.index_feed_generators: listRecords failed repo=did:plc:5x4xovpehogffbrvtjeon3zb err=HttpError('InvalidRequest: Could not find repo: did:plc:5x4xovpehogffbrvtjeon3zb')
2026-03-21T09:53:57Z WARNING bsky_collector_v2.job.index_feed_generators: listRecords failed repo=did:plc:alk4ex2e3awusqcm6g4rovqr err=HttpError('InvalidRequest: Could not find repo: did:plc:alk4ex2e3awusqcm6g4rovqr')
2026-03-21T09:53:57Z WARNING bsky_collector_v2.job.index_feed_generators: listRecords failed repo=did:plc:cjnorexknsx5ssi5n7vgjnvm err=HttpError('InvalidRequest: Could not find repo: did:plc:cjnorexknsx5ssi5n7vgjnvm')
2026-03-21T09:53:57Z WARNING bsky_collector_v2.job.index_feed_generators: listRecords failed repo=did:plc:cr24chngxgsbq5b5x7n4c2ud err=HttpError('InvalidRequest: Could not find repo: did:plc:cr24chngxgsbq5b5x7n4c2ud')
2026-03-21T09:53:57Z WARNING bsky_collector_v2.job.index_feed_generators: listRecords failed repo=did:plc:fj2v7sxkd2hpphuda4gxdtkf err=HttpError('InvalidRequest: Could not find repo: did:plc:fj2v7sxkd2hpphuda4gxdtkf')
2026-03-21T09:53:57Z WARNING bsky_collector_v2.job.index_feed_generators: listRecords failed repo=did:plc:k4iglaql6crswiziq5u6fdmb err=HttpError('InvalidRequest: Could not find repo: did:plc:k4iglaql6crswiziq5u6fdmb')
2026-03-21T09:53:57Z WARNING bsky_collector_v2.job.index_feed_generators: listRecords failed repo=did:plc:k5mkfybt5oglxgflm7yeg3ss err=HttpError('InvalidRequest: Could not find repo: did:plc:k5mkfybt5oglxgflm7yeg3ss')
2026-03-21T09:53:57Z WARNING bsky_collector_v2.job.index_feed_generators: listRecords failed repo=did:plc:milfbgdwjlsnzb5odwsxnw6y err=HttpError('InvalidRequest: Could not find repo: did:plc:milfbgdwjlsnzb5odwsxnw6y')
2026-03-21T09:53:57Z WARNING bsky_collector_v2.job.index_feed_generators: listRecords failed repo=did:plc:mljvwn5g6blwixxkzvwcz2no err=HttpError('InvalidRequest: Could not find repo: did:plc:mljvwn5g6blwixxkzvwcz2no')
2026-03-21T09:53:57Z WARNING bsky_collector_v2.job.index_feed_generators: listRecords failed repo=did:plc:onp3chnhfrxd2txm25xtow37 err=HttpError('InvalidRequest: Could not find repo: did:plc:onp3chnhfrxd2txm25xtow37')
2026-03-21T09:53:57Z WARNING bsky_collector_v2.job.index_feed_generators: listRecords failed repo=did:plc:pbqejgwloua3zsyyn5rdne2n err=HttpError('InvalidRequest: Could not find repo: did:plc:pbqejgwloua3zsyyn5rdne2n')
2026-03-21T09:53:58Z WARNING bsky_collector_v2.job.index_feed_generators: listRecords failed repo=did:plc:ukw5pxrinarvelfts5j32dm7 err=HttpError('InvalidRequest: Could not find repo: did:plc:ukw5pxrinarvelfts5j32dm7')
2026-03-21T09:53:58Z WARNING bsky_collector_v2.job.index_feed_generators: listRecords failed repo=did:plc:ypijnkfdepzx2lkte3mjz773 err=HttpError('InvalidRequest: Could not find repo: did:plc:ypijnkfdepzx2lkte3mjz773')
2026-03-21T09:53:58Z INFO bsky_collector_v2.job.index_feed_generators: enqueued repos page=17 mode=listRepos inserted=500 repos_returned=500 next_cursor=set
2026-03-21T09:54:01Z WARNING bsky_collector_v2.job.index_feed_generators: listRecords failed repo=did:plc:3ao4oa7gawlpggbumnmzxi6o err=HttpError('InvalidRequest: Could not find repo: did:plc:3ao4oa7gawlpggbumnmzxi6o')
2026-03-21T09:54:05Z WARNING bsky_collector_v2.job.index_feed_generators: listRecords failed repo=did:plc:4lv5m65uxqip2eq3pl6opz5p err=HttpError('InvalidRequest: Could not find repo: did:plc:4lv5m65uxqip2eq3pl6opz5p')
2026-03-21T09:54:09Z WARNING bsky_collector_v2.job.index_feed_generators: listRecords failed repo=did:plc:5wfgpgkhjl5xtndextcs2qk7 err=HttpError('InvalidRequest: Could not find repo: did:plc:5wfgpgkhjl5xtndextcs2qk7')
2026-03-21T09:54:09Z WARNING bsky_collector_v2.job.index_feed_generators: listRecords failed repo=did:plc:5x73plbetv6zlwlv3ym22mm4 err=HttpError('InvalidRequest: Could not find repo: did:plc:5x73plbetv6zlwlv3ym22mm4')
2026-03-21T09:54:10Z WARNING bsky_collector_v2.job.index_feed_generators: listRecords failed repo=did:plc:5zmdakgkhvoewq4mtww3iu75 err=HttpError('InvalidRequest: Could not find repo: did:plc:5zmdakgkhvoewq4mtww3iu75')
2026-03-21T09:54:11Z WARNING bsky_collector_v2.job.index_feed_generators: listRecords failed repo=did:plc:667kfgke6zpmykxzdinqrgjo err=HttpError('InvalidRequest: Could not find repo: did:plc:667kfgke6zpmykxzdinqrgjo')
2026-03-21T09:54:15Z WARNING bsky_collector_v2.job.index_feed_generators: listRecords failed repo=did:plc:7u34r2npyaivzhmph7n3vwlk err=HttpError('InvalidRequest: Could not find repo: did:plc:7u34r2npyaivzhmph7n3vwlk')
2026-03-21T09:54:18Z WARNING bsky_collector_v2.job.index_feed_generators: listRecords failed repo=did:plc:b7rhujgzhfzl4rjee2kufmgn err=HttpError('InvalidRequest: Could not find repo: did:plc:b7rhujgzhfzl4rjee2kufmgn')
2026-03-21T09:54:25Z WARNING bsky_collector_v2.job.index_feed_generators: listRecords failed repo=did:plc:dvn2nmg5w3coml2p4naaaoce err=HttpError('InvalidRequest: Could not find repo: did:plc:dvn2nmg5w3coml2p4naaaoce')
2026-03-21T09:54:27Z WARNING bsky_collector_v2.job.index_feed_generators: listRecords failed repo=did:plc:fjrivaux5zg4ozy2t4bgthgt err=HttpError('InvalidRequest: Could not find repo: did:plc:fjrivaux5zg4ozy2t4bgthgt')
2026-03-21T09:54:29Z WARNING bsky_collector_v2.job.index_feed_generators: listRecords failed repo=did:plc:gbl2pn6u3ue3t7nqqpfnm32m err=HttpError('InvalidRequest: Could not find repo: did:plc:gbl2pn6u3ue3t7nqqpfnm32m')
2026-03-21T09:54:29Z WARNING bsky_collector_v2.job.index_feed_generators: listRecords failed repo=did:plc:gi7skq766z46ujzxfyd754ij err=HttpError('InvalidRequest: Could not find repo: did:plc:gi7skq766z46ujzxfyd754ij')
2026-03-21T09:54:34Z WARNING bsky_collector_v2.job.index_feed_generators: listRecords failed repo=did:plc:ijdl25pb2ck5mihx2zzkoor3 err=HttpError('InvalidRequest: Could not find repo: did:plc:ijdl25pb2ck5mihx2zzkoor3')
2026-03-21T09:54:35Z WARNING bsky_collector_v2.job.index_feed_generators: listRecords failed repo=did:plc:ilmhdylux3p6lsv5kqrla2q5 err=HttpError('InvalidRequest: Could not find repo: did:plc:ilmhdylux3p6lsv5kqrla2q5')
2026-03-21T09:54:35Z WARNING bsky_collector_v2.job.index_feed_generators: listRecords failed repo=did:plc:ilr4ivcxgplvoepaufwipiwd err=HttpError('InvalidRequest: Could not find repo: did:plc:ilr4ivcxgplvoepaufwipiwd')
2026-03-21T09:54:38Z WARNING bsky_collector_v2.job.index_feed_generators: listRecords failed repo=did:plc:k6x32gqdpw6a6qmonzaufjh3 err=HttpError('InvalidRequest: Could not find repo: did:plc:k6x32gqdpw6a6qmonzaufjh3')
2026-03-21T09:54:43Z WARNING bsky_collector_v2.job.index_feed_generators: listRecords failed repo=did:plc:m343q4zygjrl63z5ha2emts6 err=HttpError('InvalidRequest: Could not find repo: did:plc:m343q4zygjrl63z5ha2emts6')
2026-03-21T09:54:47Z WARNING bsky_collector_v2.job.index_feed_generators: listRecords failed repo=did:plc:mtvyhapmsrjghbk4wkyiagfu err=HttpError('InvalidRequest: Could not find repo: did:plc:mtvyhapmsrjghbk4wkyiagfu')
2026-03-21T09:54:48Z WARNING bsky_collector_v2.job.index_feed_generators: listRecords failed repo=did:plc:ndvrggjirvndobadj5byhmpn err=HttpError('InvalidRequest: Could not find repo: did:plc:ndvrggjirvndobadj5byhmpn')
2026-03-21T09:54:49Z WARNING bsky_collector_v2.job.index_feed_generators: listRecords failed repo=did:plc:ntjychpobftoykrp7cne24oh err=HttpError('InvalidRequest: Could not find repo: did:plc:ntjychpobftoykrp7cne24oh')
2026-03-21T09:54:50Z WARNING bsky_collector_v2.job.index_feed_generators: listRecords failed repo=did:plc:o5g5vzzcoumjyszmljrkgrx4 err=HttpError('InvalidRequest: Could not find repo: did:plc:o5g5vzzcoumjyszmljrkgrx4')
2026-03-21T09:54:51Z WARNING bsky_collector_v2.job.index_feed_generators: listRecords failed repo=did:plc:ogleosq6j6nxxikie54ehymh err=HttpError('InvalidRequest: Could not find repo: did:plc:ogleosq6j6nxxikie54ehymh')
2026-03-21T09:54:51Z WARNING bsky_collector_v2.job.index_feed_generators: listRecords failed repo=did:plc:oy5odyupfxlkxy5hkh3wnf6o err=HttpError('InvalidRequest: Could not find repo: did:plc:oy5odyupfxlkxy5hkh3wnf6o')
2026-03-21T09:54:52Z WARNING bsky_collector_v2.job.index_feed_generators: listRecords failed repo=did:plc:pa72nv7gb6gsf2ukhxniabw3 err=HttpError('InvalidRequest: Could not find repo: did:plc:pa72nv7gb6gsf2ukhxniabw3')
2026-03-21T09:54:53Z WARNING bsky_collector_v2.job.index_feed_generators: listRecords failed repo=did:plc:pfc5midz4re6vvw5gqawovzv err=HttpError('InvalidRequest: Could not find repo: did:plc:pfc5midz4re6vvw5gqawovzv')
2026-03-21T09:54:57Z WARNING bsky_collector_v2.job.index_feed_generators: listRecords failed repo=did:plc:qrrygit6sguskzhstqvv2iqb err=HttpError('InvalidRequest: Could not find repo: did:plc:qrrygit6sguskzhstqvv2iqb')
2026-03-21T09:55:03Z WARNING bsky_collector_v2.job.index_feed_generators: listRecords failed repo=did:plc:t53ydozpqe27cpm67owmcpsu err=HttpError('InvalidRequest: Could not find repo: did:plc:t53ydozpqe27cpm67owmcpsu')
2026-03-21T09:55:03Z WARNING bsky_collector_v2.job.index_feed_generators: listRecords failed repo=did:plc:t5hiw7rqwyjsskcwq63euxnw err=HttpError('InvalidRequest: Could not find repo: did:plc:t5hiw7rqwyjsskcwq63euxnw')
2026-03-21T09:55:12Z WARNING bsky_collector_v2.job.index_feed_generators: listRecords failed repo=did:plc:vvrmjytikkxbx45xdzld42es err=HttpError('InvalidRequest: Could not find repo: did:plc:vvrmjytikkxbx45xdzld42es')
2026-03-21T09:55:12Z WARNING bsky_collector_v2.job.index_feed_generators: listRecords failed repo=did:plc:vxr5olripm4y24apqlhopxyo err=HttpError('InvalidRequest: Could not find repo: did:plc:vxr5olripm4y24apqlhopxyo')
2026-03-21T09:55:13Z WARNING bsky_collector_v2.job.index_feed_generators: listRecords failed repo=did:plc:wd6f5rrpnj43qa355o76mx5i err=HttpError('InvalidRequest: Could not find repo: did:plc:wd6f5rrpnj43qa355o76mx5i')
2026-03-21T09:55:17Z WARNING bsky_collector_v2.job.index_feed_generators: listRecords failed repo=did:plc:xmrok7v7a7yfgzwwsehsb4a5 err=HttpError('InvalidRequest: Could not find repo: did:plc:xmrok7v7a7yfgzwwsehsb4a5')
2026-03-21T09:55:17Z WARNING bsky_collector_v2.job.index_feed_generators: listRecords failed repo=did:plc:xyxptsek7cwkbsyl6nmfvbow err=HttpError('InvalidRequest: Could not find repo: did:plc:xyxptsek7cwkbsyl6nmfvbow')
2026-03-21T09:55:22Z WARNING bsky_collector_v2.job.index_feed_generators: listRecords failed repo=did:plc:3ao4oa7gawlpggbumnmzxi6o err=HttpError('InvalidRequest: Could not find repo: did:plc:3ao4oa7gawlpggbumnmzxi6o')
2026-03-21T09:55:22Z WARNING bsky_collector_v2.job.index_feed_generators: listRecords failed repo=did:plc:4lv5m65uxqip2eq3pl6opz5p err=HttpError('InvalidRequest: Could not find repo: did:plc:4lv5m65uxqip2eq3pl6opz5p')
2026-03-21T09:55:22Z WARNING bsky_collector_v2.job.index_feed_generators: listRecords failed repo=did:plc:5wfgpgkhjl5xtndextcs2qk7 err=HttpError('InvalidRequest: Could not find repo: did:plc:5wfgpgkhjl5xtndextcs2qk7')
2026-03-21T09:55:22Z WARNING bsky_collector_v2.job.index_feed_generators: listRecords failed repo=did:plc:5x73plbetv6zlwlv3ym22mm4 err=HttpError('InvalidRequest: Could not find repo: did:plc:5x73plbetv6zlwlv3ym22mm4')
2026-03-21T09:55:22Z WARNING bsky_collector_v2.job.index_feed_generators: listRecords failed repo=did:plc:5zmdakgkhvoewq4mtww3iu75 err=HttpError('InvalidRequest: Could not find repo: did:plc:5zmdakgkhvoewq4mtww3iu75')
2026-03-21T09:55:22Z WARNING bsky_collector_v2.job.index_feed_generators: listRecords failed repo=did:plc:667kfgke6zpmykxzdinqrgjo err=HttpError('InvalidRequest: Could not find repo: did:plc:667kfgke6zpmykxzdinqrgjo')
2026-03-21T09:55:22Z WARNING bsky_collector_v2.job.index_feed_generators: listRecords failed repo=did:plc:7u34r2npyaivzhmph7n3vwlk err=HttpError('InvalidRequest: Could not find repo: did:plc:7u34r2npyaivzhmph7n3vwlk')
2026-03-21T09:55:22Z WARNING bsky_collector_v2.job.index_feed_generators: listRecords failed repo=did:plc:b7rhujgzhfzl4rjee2kufmgn err=HttpError('InvalidRequest: Could not find repo: did:plc:b7rhujgzhfzl4rjee2kufmgn')
2026-03-21T09:55:23Z WARNING bsky_collector_v2.job.index_feed_generators: listRecords failed repo=did:plc:dvn2nmg5w3coml2p4naaaoce err=HttpError('InvalidRequest: Could not find repo: did:plc:dvn2nmg5w3coml2p4naaaoce')
2026-03-21T09:55:23Z WARNING bsky_collector_v2.job.index_feed_generators: listRecords failed repo=did:plc:fjrivaux5zg4ozy2t4bgthgt err=HttpError('InvalidRequest: Could not find repo: did:plc:fjrivaux5zg4ozy2t4bgthgt')
2026-03-21T09:55:23Z WARNING bsky_collector_v2.job.index_feed_generators: listRecords failed repo=did:plc:gbl2pn6u3ue3t7nqqpfnm32m err=HttpError('InvalidRequest: Could not find repo: did:plc:gbl2pn6u3ue3t7nqqpfnm32m')
2026-03-21T09:55:23Z WARNING bsky_collector_v2.job.index_feed_generators: listRecords failed repo=did:plc:gi7skq766z46ujzxfyd754ij err=HttpError('InvalidRequest: Could not find repo: did:plc:gi7skq766z46ujzxfyd754ij')
2026-03-21T09:55:23Z WARNING bsky_collector_v2.job.index_feed_generators: listRecords failed repo=did:plc:ijdl25pb2ck5mihx2zzkoor3 err=HttpError('InvalidRequest: Could not find repo: did:plc:ijdl25pb2ck5mihx2zzkoor3')
2026-03-21T09:55:23Z WARNING bsky_collector_v2.job.index_feed_generators: listRecords failed repo=did:plc:ilmhdylux3p6lsv5kqrla2q5 err=HttpError('InvalidRequest: Could not find repo: did:plc:ilmhdylux3p6lsv5kqrla2q5')
2026-03-21T09:55:23Z WARNING bsky_collector_v2.job.index_feed_generators: listRecords failed repo=did:plc:ilr4ivcxgplvoepaufwipiwd err=HttpError('InvalidRequest: Could not find repo: did:plc:ilr4ivcxgplvoepaufwipiwd')
2026-03-21T09:55:23Z WARNING bsky_collector_v2.job.index_feed_generators: listRecords failed repo=did:plc:k6x32gqdpw6a6qmonzaufjh3 err=HttpError('InvalidRequest: Could not find repo: did:plc:k6x32gqdpw6a6qmonzaufjh3')
2026-03-21T09:55:23Z WARNING bsky_collector_v2.job.index_feed_generators: listRecords failed repo=did:plc:m343q4zygjrl63z5ha2emts6 err=HttpError('InvalidRequest: Could not find repo: did:plc:m343q4zygjrl63z5ha2emts6')
2026-03-21T09:55:23Z WARNING bsky_collector_v2.job.index_feed_generators: listRecords failed repo=did:plc:mtvyhapmsrjghbk4wkyiagfu err=HttpError('InvalidRequest: Could not find repo: did:plc:mtvyhapmsrjghbk4wkyiagfu')
2026-03-21T09:55:23Z WARNING bsky_collector_v2.job.index_feed_generators: listRecords failed repo=did:plc:ndvrggjirvndobadj5byhmpn err=HttpError('InvalidRequest: Could not find repo: did:plc:ndvrggjirvndobadj5byhmpn')
2026-03-21T09:55:23Z WARNING bsky_collector_v2.job.index_feed_generators: listRecords failed repo=did:plc:ntjychpobftoykrp7cne24oh err=HttpError('InvalidRequest: Could not find repo: did:plc:ntjychpobftoykrp7cne24oh')
2026-03-21T09:55:23Z WARNING bsky_collector_v2.job.index_feed_generators: listRecords failed repo=did:plc:o5g5vzzcoumjyszmljrkgrx4 err=HttpError('InvalidRequest: Could not find repo: did:plc:o5g5vzzcoumjyszmljrkgrx4')
2026-03-21T09:55:23Z WARNING bsky_collector_v2.job.index_feed_generators: listRecords failed repo=did:plc:ogleosq6j6nxxikie54ehymh err=HttpError('InvalidRequest: Could not find repo: did:plc:ogleosq6j6nxxikie54ehymh')
2026-03-21T09:55:23Z WARNING bsky_collector_v2.job.index_feed_generators: listRecords failed repo=did:plc:oy5odyupfxlkxy5hkh3wnf6o err=HttpError('InvalidRequest: Could not find repo: did:plc:oy5odyupfxlkxy5hkh3wnf6o')
2026-03-21T09:55:23Z WARNING bsky_collector_v2.job.index_feed_generators: listRecords failed repo=did:plc:pa72nv7gb6gsf2ukhxniabw3 err=HttpError('InvalidRequest: Could not find repo: did:plc:pa72nv7gb6gsf2ukhxniabw3')
2026-03-21T09:55:23Z WARNING bsky_collector_v2.job.index_feed_generators: listRecords failed repo=did:plc:pfc5midz4re6vvw5gqawovzv err=HttpError('InvalidRequest: Could not find repo: did:plc:pfc5midz4re6vvw5gqawovzv')
2026-03-21T09:55:24Z WARNING bsky_collector_v2.job.index_feed_generators: listRecords failed repo=did:plc:qrrygit6sguskzhstqvv2iqb err=HttpError('InvalidRequest: Could not find repo: did:plc:qrrygit6sguskzhstqvv2iqb')
2026-03-21T09:55:24Z WARNING bsky_collector_v2.job.index_feed_generators: listRecords failed repo=did:plc:t53ydozpqe27cpm67owmcpsu err=HttpError('InvalidRequest: Could not find repo: did:plc:t53ydozpqe27cpm67owmcpsu')
2026-03-21T09:55:24Z WARNING bsky_collector_v2.job.index_feed_generators: listRecords failed repo=did:plc:t5hiw7rqwyjsskcwq63euxnw err=HttpError('InvalidRequest: Could not find repo: did:plc:t5hiw7rqwyjsskcwq63euxnw')
2026-03-21T09:55:24Z WARNING bsky_collector_v2.job.index_feed_generators: listRecords failed repo=did:plc:vvrmjytikkxbx45xdzld42es err=HttpError('InvalidRequest: Could not find repo: did:plc:vvrmjytikkxbx45xdzld42es')
2026-03-21T09:55:24Z WARNING bsky_collector_v2.job.index_feed_generators: listRecords failed repo=did:plc:vxr5olripm4y24apqlhopxyo err=HttpError('InvalidRequest: Could not find repo: did:plc:vxr5olripm4y24apqlhopxyo')
2026-03-21T09:55:24Z WARNING bsky_collector_v2.job.index_feed_generators: listRecords failed repo=did:plc:wd6f5rrpnj43qa355o76mx5i err=HttpError('InvalidRequest: Could not find repo: did:plc:wd6f5rrpnj43qa355o76mx5i')
2026-03-21T09:55:24Z WARNING bsky_collector_v2.job.index_feed_generators: listRecords failed repo=did:plc:xmrok7v7a7yfgzwwsehsb4a5 err=HttpError('InvalidRequest: Could not find repo: did:plc:xmrok7v7a7yfgzwwsehsb4a5')
2026-03-21T09:55:24Z WARNING bsky_collector_v2.job.index_feed_generators: listRecords failed repo=did:plc:xyxptsek7cwkbsyl6nmfvbow err=HttpError('InvalidRequest: Could not find repo: did:plc:xyxptsek7cwkbsyl6nmfvbow')
2026-03-21T09:55:24Z WARNING bsky_collector_v2.job.index_feed_generators: listRecords failed repo=did:plc:3ao4oa7gawlpggbumnmzxi6o err=HttpError('InvalidRequest: Could not find repo: did:plc:3ao4oa7gawlpggbumnmzxi6o')
2026-03-21T09:55:24Z WARNING bsky_collector_v2.job.index_feed_generators: listRecords failed repo=did:plc:4lv5m65uxqip2eq3pl6opz5p err=HttpError('InvalidRequest: Could not find repo: did:plc:4lv5m65uxqip2eq3pl6opz5p')
2026-03-21T09:55:24Z WARNING bsky_collector_v2.job.index_feed_generators: listRecords failed repo=did:plc:5wfgpgkhjl5xtndextcs2qk7 err=HttpError('InvalidRequest: Could not find repo: did:plc:5wfgpgkhjl5xtndextcs2qk7')
2026-03-21T09:55:24Z WARNING bsky_collector_v2.job.index_feed_generators: listRecords failed repo=did:plc:5x73plbetv6zlwlv3ym22mm4 err=HttpError('InvalidRequest: Could not find repo: did:plc:5x73plbetv6zlwlv3ym22mm4')
2026-03-21T09:55:24Z WARNING bsky_collector_v2.job.index_feed_generators: listRecords failed repo=did:plc:5zmdakgkhvoewq4mtww3iu75 err=HttpError('InvalidRequest: Could not find repo: did:plc:5zmdakgkhvoewq4mtww3iu75')
2026-03-21T09:55:24Z WARNING bsky_collector_v2.job.index_feed_generators: listRecords failed repo=did:plc:667kfgke6zpmykxzdinqrgjo err=HttpError('InvalidRequest: Could not find repo: did:plc:667kfgke6zpmykxzdinqrgjo')
2026-03-21T09:55:24Z WARNING bsky_collector_v2.job.index_feed_generators: listRecords failed repo=did:plc:7u34r2npyaivzhmph7n3vwlk err=HttpError('InvalidRequest: Could not find repo: did:plc:7u34r2npyaivzhmph7n3vwlk')
2026-03-21T09:55:24Z WARNING bsky_collector_v2.job.index_feed_generators: listRecords failed repo=did:plc:b7rhujgzhfzl4rjee2kufmgn err=HttpError('InvalidRequest: Could not find repo: did:plc:b7rhujgzhfzl4rjee2kufmgn')
2026-03-21T09:55:24Z WARNING bsky_collector_v2.job.index_feed_generators: listRecords failed repo=did:plc:dvn2nmg5w3coml2p4naaaoce err=HttpError('InvalidRequest: Could not find repo: did:plc:dvn2nmg5w3coml2p4naaaoce')
2026-03-21T09:55:25Z WARNING bsky_collector_v2.job.index_feed_generators: listRecords failed repo=did:plc:fjrivaux5zg4ozy2t4bgthgt err=HttpError('InvalidRequest: Could not find repo: did:plc:fjrivaux5zg4ozy2t4bgthgt')
2026-03-21T09:55:25Z WARNING bsky_collector_v2.job.index_feed_generators: listRecords failed repo=did:plc:gbl2pn6u3ue3t7nqqpfnm32m err=HttpError('InvalidRequest: Could not find repo: did:plc:gbl2pn6u3ue3t7nqqpfnm32m')
2026-03-21T09:55:25Z WARNING bsky_collector_v2.job.index_feed_generators: listRecords failed repo=did:plc:gi7skq766z46ujzxfyd754ij err=HttpError('InvalidRequest: Could not find repo: did:plc:gi7skq766z46ujzxfyd754ij')
2026-03-21T09:55:25Z WARNING bsky_collector_v2.job.index_feed_generators: listRecords failed repo=did:plc:ijdl25pb2ck5mihx2zzkoor3 err=HttpError('InvalidRequest: Could not find repo: did:plc:ijdl25pb2ck5mihx2zzkoor3')
2026-03-21T09:55:25Z WARNING bsky_collector_v2.job.index_feed_generators: listRecords failed repo=did:plc:ilmhdylux3p6lsv5kqrla2q5 err=HttpError('InvalidRequest: Could not find repo: did:plc:ilmhdylux3p6lsv5kqrla2q5')
2026-03-21T09:55:25Z WARNING bsky_collector_v2.job.index_feed_generators: listRecords failed repo=did:plc:ilr4ivcxgplvoepaufwipiwd err=HttpError('InvalidRequest: Could not find repo: did:plc:ilr4ivcxgplvoepaufwipiwd')
2026-03-21T09:55:25Z WARNING bsky_collector_v2.job.index_feed_generators: listRecords failed repo=did:plc:k6x32gqdpw6a6qmonzaufjh3 err=HttpError('InvalidRequest: Could not find repo: did:plc:k6x32gqdpw6a6qmonzaufjh3')
2026-03-21T09:55:25Z WARNING bsky_collector_v2.job.index_feed_generators: listRecords failed repo=did:plc:m343q4zygjrl63z5ha2emts6 err=HttpError('InvalidRequest: Could not find repo: did:plc:m343q4zygjrl63z5ha2emts6')
2026-03-21T09:55:25Z WARNING bsky_collector_v2.job.index_feed_generators: listRecords failed repo=did:plc:mtvyhapmsrjghbk4wkyiagfu err=HttpError('InvalidRequest: Could not find repo: did:plc:mtvyhapmsrjghbk4wkyiagfu')
2026-03-21T09:55:25Z WARNING bsky_collector_v2.job.index_feed_generators: listRecords failed repo=did:plc:ndvrggjirvndobadj5byhmpn err=HttpError('InvalidRequest: Could not find repo: did:plc:ndvrggjirvndobadj5byhmpn')
2026-03-21T09:55:25Z WARNING bsky_collector_v2.job.index_feed_generators: listRecords failed repo=did:plc:ntjychpobftoykrp7cne24oh err=HttpError('InvalidRequest: Could not find repo: did:plc:ntjychpobftoykrp7cne24oh')
2026-03-21T09:55:25Z WARNING bsky_collector_v2.job.index_feed_generators: listRecords failed repo=did:plc:o5g5vzzcoumjyszmljrkgrx4 err=HttpError('InvalidRequest: Could not find repo: did:plc:o5g5vzzcoumjyszmljrkgrx4')
2026-03-21T09:55:25Z WARNING bsky_collector_v2.job.index_feed_generators: listRecords failed repo=did:plc:ogleosq6j6nxxikie54ehymh err=HttpError('InvalidRequest: Could not find repo: did:plc:ogleosq6j6nxxikie54ehymh')
2026-03-21T09:55:25Z WARNING bsky_collector_v2.job.index_feed_generators: listRecords failed repo=did:plc:oy5odyupfxlkxy5hkh3wnf6o err=HttpError('InvalidRequest: Could not find repo: did:plc:oy5odyupfxlkxy5hkh3wnf6o')
2026-03-21T09:55:25Z WARNING bsky_collector_v2.job.index_feed_generators: listRecords failed repo=did:plc:pa72nv7gb6gsf2ukhxniabw3 err=HttpError('InvalidRequest: Could not find repo: did:plc:pa72nv7gb6gsf2ukhxniabw3')
2026-03-21T09:55:25Z WARNING bsky_collector_v2.job.index_feed_generators: listRecords failed repo=did:plc:pfc5midz4re6vvw5gqawovzv err=HttpError('InvalidRequest: Could not find repo: did:plc:pfc5midz4re6vvw5gqawovzv')
2026-03-21T09:55:25Z WARNING bsky_collector_v2.job.index_feed_generators: listRecords failed repo=did:plc:qrrygit6sguskzhstqvv2iqb err=HttpError('InvalidRequest: Could not find repo: did:plc:qrrygit6sguskzhstqvv2iqb')
2026-03-21T09:55:26Z WARNING bsky_collector_v2.job.index_feed_generators: listRecords failed repo=did:plc:t53ydozpqe27cpm67owmcpsu err=HttpError('InvalidRequest: Could not find repo: did:plc:t53ydozpqe27cpm67owmcpsu')
2026-03-21T09:55:26Z WARNING bsky_collector_v2.job.index_feed_generators: listRecords failed repo=did:plc:t5hiw7rqwyjsskcwq63euxnw err=HttpError('InvalidRequest: Could not find repo: did:plc:t5hiw7rqwyjsskcwq63euxnw')
2026-03-21T09:55:26Z WARNING bsky_collector_v2.job.index_feed_generators: listRecords failed repo=did:plc:vvrmjytikkxbx45xdzld42es err=HttpError('InvalidRequest: Could not find repo: did:plc:vvrmjytikkxbx45xdzld42es')
2026-03-21T09:55:26Z WARNING bsky_collector_v2.job.index_feed_generators: listRecords failed repo=did:plc:vxr5olripm4y24apqlhopxyo err=HttpError('InvalidRequest: Could not find repo: did:plc:vxr5olripm4y24apqlhopxyo')
2026-03-21T09:55:26Z WARNING bsky_collector_v2.job.index_feed_generators: listRecords failed repo=did:plc:wd6f5rrpnj43qa355o76mx5i err=HttpError('InvalidRequest: Could not find repo: did:plc:wd6f5rrpnj43qa355o76mx5i')
2026-03-21T09:55:26Z WARNING bsky_collector_v2.job.index_feed_generators: listRecords failed repo=did:plc:xmrok7v7a7yfgzwwsehsb4a5 err=HttpError('InvalidRequest: Could not find repo: did:plc:xmrok7v7a7yfgzwwsehsb4a5')
2026-03-21T09:55:26Z WARNING bsky_collector_v2.job.index_feed_generators: listRecords failed repo=did:plc:xyxptsek7cwkbsyl6nmfvbow err=HttpError('InvalidRequest: Could not find repo: did:plc:xyxptsek7cwkbsyl6nmfvbow')
2026-03-21T09:55:26Z INFO bsky_collector_v2.job.index_feed_generators: enqueued repos page=18 mode=listRepos inserted=500 repos_returned=500 next_cursor=set
2026-03-21T09:55:32Z WARNING bsky_collector_v2.job.index_feed_generators: listRecords failed repo=did:plc:42izz45pyt3f66mxawoyx5ak err=HttpError('InvalidRequest: Could not find repo: did:plc:42izz45pyt3f66mxawoyx5ak')
2026-03-21T09:55:47Z WARNING bsky_collector_v2.job.index_feed_generators: listRecords failed repo=did:plc:bgdfnzverd733ocihkzbttzr err=HttpError('InvalidRequest: Could not find repo: did:plc:bgdfnzverd733ocihkzbttzr')
2026-03-21T09:56:23Z WARNING bsky_collector_v2.job.index_feed_generators: listRecords failed repo=did:plc:ony4pau7esn2mdwmt5pbw5zq err=HttpError('InvalidRequest: Could not find repo: did:plc:ony4pau7esn2mdwmt5pbw5zq')
2026-03-21T09:56:28Z WARNING bsky_collector_v2.job.index_feed_generators: listRecords failed repo=did:plc:qjmgqarh22x7z5iygtb6lh32 err=HttpError('InvalidRequest: Could not find repo: did:plc:qjmgqarh22x7z5iygtb6lh32')
2026-03-21T09:56:33Z WARNING bsky_collector_v2.job.index_feed_generators: listRecords failed repo=did:plc:s43qko4q2n2sr3ywzkeibkj2 err=HttpError('InvalidRequest: Could not find repo: did:plc:s43qko4q2n2sr3ywzkeibkj2')
2026-03-21T09:56:45Z WARNING bsky_collector_v2.job.index_feed_generators: listRecords failed repo=did:plc:wybg7tmtrtqdc3fdp3ml5rge err=HttpError('InvalidRequest: Could not find repo: did:plc:wybg7tmtrtqdc3fdp3ml5rge')
2026-03-21T09:56:54Z WARNING bsky_collector_v2.job.index_feed_generators: listRecords failed repo=did:plc:42izz45pyt3f66mxawoyx5ak err=HttpError('InvalidRequest: Could not find repo: did:plc:42izz45pyt3f66mxawoyx5ak')
2026-03-21T09:56:54Z WARNING bsky_collector_v2.job.index_feed_generators: listRecords failed repo=did:plc:bgdfnzverd733ocihkzbttzr err=HttpError('InvalidRequest: Could not find repo: did:plc:bgdfnzverd733ocihkzbttzr')
2026-03-21T09:56:54Z WARNING bsky_collector_v2.job.index_feed_generators: listRecords failed repo=did:plc:ony4pau7esn2mdwmt5pbw5zq err=HttpError('InvalidRequest: Could not find repo: did:plc:ony4pau7esn2mdwmt5pbw5zq')
2026-03-21T09:56:54Z WARNING bsky_collector_v2.job.index_feed_generators: listRecords failed repo=did:plc:qjmgqarh22x7z5iygtb6lh32 err=HttpError('InvalidRequest: Could not find repo: did:plc:qjmgqarh22x7z5iygtb6lh32')
2026-03-21T09:56:54Z WARNING bsky_collector_v2.job.index_feed_generators: listRecords failed repo=did:plc:s43qko4q2n2sr3ywzkeibkj2 err=HttpError('InvalidRequest: Could not find repo: did:plc:s43qko4q2n2sr3ywzkeibkj2')
2026-03-21T09:56:54Z WARNING bsky_collector_v2.job.index_feed_generators: listRecords failed repo=did:plc:wybg7tmtrtqdc3fdp3ml5rge err=HttpError('InvalidRequest: Could not find repo: did:plc:wybg7tmtrtqdc3fdp3ml5rge')
2026-03-21T09:56:54Z WARNING bsky_collector_v2.job.index_feed_generators: listRecords failed repo=did:plc:42izz45pyt3f66mxawoyx5ak err=HttpError('InvalidRequest: Could not find repo: did:plc:42izz45pyt3f66mxawoyx5ak')
2026-03-21T09:56:54Z WARNING bsky_collector_v2.job.index_feed_generators: listRecords failed repo=did:plc:bgdfnzverd733ocihkzbttzr err=HttpError('InvalidRequest: Could not find repo: did:plc:bgdfnzverd733ocihkzbttzr')
2026-03-21T09:56:54Z WARNING bsky_collector_v2.job.index_feed_generators: listRecords failed repo=did:plc:ony4pau7esn2mdwmt5pbw5zq err=HttpError('InvalidRequest: Could not find repo: did:plc:ony4pau7esn2mdwmt5pbw5zq')
2026-03-21T09:56:54Z WARNING bsky_collector_v2.job.index_feed_generators: listRecords failed repo=did:plc:qjmgqarh22x7z5iygtb6lh32 err=HttpError('InvalidRequest: Could not find repo: did:plc:qjmgqarh22x7z5iygtb6lh32')
2026-03-21T09:56:54Z WARNING bsky_collector_v2.job.index_feed_generators: listRecords failed repo=did:plc:s43qko4q2n2sr3ywzkeibkj2 err=HttpError('InvalidRequest: Could not find repo: did:plc:s43qko4q2n2sr3ywzkeibkj2')
2026-03-21T09:56:54Z WARNING bsky_collector_v2.job.index_feed_generators: listRecords failed repo=did:plc:wybg7tmtrtqdc3fdp3ml5rge err=HttpError('InvalidRequest: Could not find repo: did:plc:wybg7tmtrtqdc3fdp3ml5rge')
2026-03-21T09:56:55Z INFO bsky_collector_v2.job.index_feed_generators: enqueued repos page=19 mode=listRepos inserted=500 repos_returned=500 next_cursor=set
2026-03-21T09:57:07Z WARNING bsky_collector_v2.job.index_feed_generators: listRecords failed repo=did:plc:6mucr67aqt257spxt4jdtbjk err=HttpError('InvalidRequest: Could not find repo: did:plc:6mucr67aqt257spxt4jdtbjk')
2026-03-21T09:57:08Z WARNING bsky_collector_v2.job.index_feed_generators: listRecords failed repo=did:plc:7chseaoj3bsrmj2vp2qibc56 err=HttpError('InvalidRequest: Could not find repo: did:plc:7chseaoj3bsrmj2vp2qibc56')
2026-03-21T09:57:11Z WARNING bsky_collector_v2.job.index_feed_generators: listRecords failed repo=did:plc:azntffvqpms545mdekfxbequ err=HttpError('InvalidRequest: Could not find repo: did:plc:azntffvqpms545mdekfxbequ')
2026-03-21T09:57:29Z WARNING bsky_collector_v2.job.index_feed_generators: listRecords failed repo=did:plc:eoxdenlfhfc734owtzjg6zpt err=HttpError('InvalidRequest: Could not find repo: did:plc:eoxdenlfhfc734owtzjg6zpt')
2026-03-21T09:57:42Z WARNING bsky_collector_v2.job.index_feed_generators: listRecords failed repo=did:plc:hzhfhktkdiorgpalnlpwj4xx err=HttpError('InvalidRequest: Could not find repo: did:plc:hzhfhktkdiorgpalnlpwj4xx')
2026-03-21T09:58:06Z WARNING bsky_collector_v2.job.index_feed_generators: listRecords failed repo=did:plc:mpq6l2blua3oufjgh6mw6dum err=HttpError('InvalidRequest: Could not find repo: did:plc:mpq6l2blua3oufjgh6mw6dum')
2026-03-21T09:58:12Z WARNING bsky_collector_v2.job.index_feed_generators: listRecords failed repo=did:plc:pddk5b5lsrmxnjwdbrjutdgp err=HttpError('InvalidRequest: Could not find repo: did:plc:pddk5b5lsrmxnjwdbrjutdgp')
2026-03-21T09:58:15Z WARNING bsky_collector_v2.job.index_feed_generators: listRecords failed repo=did:plc:qabxnha6eyuscefkezselnym err=HttpError('InvalidRequest: Could not find repo: did:plc:qabxnha6eyuscefkezselnym')
2026-03-21T09:58:42Z WARNING bsky_collector_v2.job.index_feed_generators: listRecords failed repo=did:plc:xuqq7hfqe74lb7kuuegwsgww err=HttpError('InvalidRequest: Could not find repo: did:plc:xuqq7hfqe74lb7kuuegwsgww')
2026-03-21T09:58:45Z WARNING bsky_collector_v2.job.index_feed_generators: listRecords failed repo=did:plc:zmkkyevsuvchabgy5zbdj6ho err=HttpError('InvalidRequest: Could not find repo: did:plc:zmkkyevsuvchabgy5zbdj6ho')
2026-03-21T09:58:46Z WARNING bsky_collector_v2.job.index_feed_generators: listRecords failed repo=did:plc:6mucr67aqt257spxt4jdtbjk err=HttpError('InvalidRequest: Could not find repo: did:plc:6mucr67aqt257spxt4jdtbjk')
2026-03-21T09:58:46Z WARNING bsky_collector_v2.job.index_feed_generators: listRecords failed repo=did:plc:7chseaoj3bsrmj2vp2qibc56 err=HttpError('InvalidRequest: Could not find repo: did:plc:7chseaoj3bsrmj2vp2qibc56')
2026-03-21T09:58:46Z WARNING bsky_collector_v2.job.index_feed_generators: listRecords failed repo=did:plc:azntffvqpms545mdekfxbequ err=HttpError('InvalidRequest: Could not find repo: did:plc:azntffvqpms545mdekfxbequ')
2026-03-21T09:58:46Z WARNING bsky_collector_v2.job.index_feed_generators: listRecords failed repo=did:plc:eoxdenlfhfc734owtzjg6zpt err=HttpError('InvalidRequest: Could not find repo: did:plc:eoxdenlfhfc734owtzjg6zpt')
2026-03-21T09:58:47Z WARNING bsky_collector_v2.job.index_feed_generators: listRecords failed repo=did:plc:hzhfhktkdiorgpalnlpwj4xx err=HttpError('InvalidRequest: Could not find repo: did:plc:hzhfhktkdiorgpalnlpwj4xx')
2026-03-21T09:58:47Z WARNING bsky_collector_v2.job.index_feed_generators: listRecords failed repo=did:plc:mpq6l2blua3oufjgh6mw6dum err=HttpError('InvalidRequest: Could not find repo: did:plc:mpq6l2blua3oufjgh6mw6dum')
2026-03-21T09:58:47Z WARNING bsky_collector_v2.job.index_feed_generators: listRecords failed repo=did:plc:pddk5b5lsrmxnjwdbrjutdgp err=HttpError('InvalidRequest: Could not find repo: did:plc:pddk5b5lsrmxnjwdbrjutdgp')
2026-03-21T09:58:47Z WARNING bsky_collector_v2.job.index_feed_generators: listRecords failed repo=did:plc:qabxnha6eyuscefkezselnym err=HttpError('InvalidRequest: Could not find repo: did:plc:qabxnha6eyuscefkezselnym')
2026-03-21T09:58:47Z WARNING bsky_collector_v2.job.index_feed_generators: listRecords failed repo=did:plc:xuqq7hfqe74lb7kuuegwsgww err=HttpError('InvalidRequest: Could not find repo: did:plc:xuqq7hfqe74lb7kuuegwsgww')
2026-03-21T09:58:47Z WARNING bsky_collector_v2.job.index_feed_generators: listRecords failed repo=did:plc:zmkkyevsuvchabgy5zbdj6ho err=HttpError('InvalidRequest: Could not find repo: did:plc:zmkkyevsuvchabgy5zbdj6ho')
2026-03-21T09:58:47Z WARNING bsky_collector_v2.job.index_feed_generators: listRecords failed repo=did:plc:6mucr67aqt257spxt4jdtbjk err=HttpError('InvalidRequest: Could not find repo: did:plc:6mucr67aqt257spxt4jdtbjk')
2026-03-21T09:58:47Z WARNING bsky_collector_v2.job.index_feed_generators: listRecords failed repo=did:plc:7chseaoj3bsrmj2vp2qibc56 err=HttpError('InvalidRequest: Could not find repo: did:plc:7chseaoj3bsrmj2vp2qibc56')
2026-03-21T09:58:47Z WARNING bsky_collector_v2.job.index_feed_generators: listRecords failed repo=did:plc:azntffvqpms545mdekfxbequ err=HttpError('InvalidRequest: Could not find repo: did:plc:azntffvqpms545mdekfxbequ')
2026-03-21T09:58:47Z WARNING bsky_collector_v2.job.index_feed_generators: listRecords failed repo=did:plc:eoxdenlfhfc734owtzjg6zpt err=HttpError('InvalidRequest: Could not find repo: did:plc:eoxdenlfhfc734owtzjg6zpt')
2026-03-21T09:58:47Z WARNING bsky_collector_v2.job.index_feed_generators: listRecords failed repo=did:plc:hzhfhktkdiorgpalnlpwj4xx err=HttpError('InvalidRequest: Could not find repo: did:plc:hzhfhktkdiorgpalnlpwj4xx')
2026-03-21T09:58:47Z WARNING bsky_collector_v2.job.index_feed_generators: listRecords failed repo=did:plc:mpq6l2blua3oufjgh6mw6dum err=HttpError('InvalidRequest: Could not find repo: did:plc:mpq6l2blua3oufjgh6mw6dum')
2026-03-21T09:58:47Z WARNING bsky_collector_v2.job.index_feed_generators: listRecords failed repo=did:plc:pddk5b5lsrmxnjwdbrjutdgp err=HttpError('InvalidRequest: Could not find repo: did:plc:pddk5b5lsrmxnjwdbrjutdgp')
2026-03-21T09:58:47Z WARNING bsky_collector_v2.job.index_feed_generators: listRecords failed repo=did:plc:qabxnha6eyuscefkezselnym err=HttpError('InvalidRequest: Could not find repo: did:plc:qabxnha6eyuscefkezselnym')
2026-03-21T09:58:47Z WARNING bsky_collector_v2.job.index_feed_generators: listRecords failed repo=did:plc:xuqq7hfqe74lb7kuuegwsgww err=HttpError('InvalidRequest: Could not find repo: did:plc:xuqq7hfqe74lb7kuuegwsgww')
2026-03-21T09:58:47Z WARNING bsky_collector_v2.job.index_feed_generators: listRecords failed repo=did:plc:zmkkyevsuvchabgy5zbdj6ho err=HttpError('InvalidRequest: Could not find repo: did:plc:zmkkyevsuvchabgy5zbdj6ho')
2026-03-21T09:58:48Z INFO bsky_collector_v2.job.index_feed_generators: enqueued repos page=20 mode=listRepos inserted=500 repos_returned=500 next_cursor=set
2026-03-21T09:58:55Z WARNING bsky_collector_v2.job.index_feed_generators: listRecords failed repo=did:plc:4dqnzccf7e2zmq3prasqou7x err=HttpError('InvalidRequest: Could not find repo: did:plc:4dqnzccf7e2zmq3prasqou7x')
2026-03-21T09:59:16Z WARNING bsky_collector_v2.job.index_feed_generators: listRecords failed repo=did:plc:dh65ljluporjk5cvgzh272b6 err=HttpError('InvalidRequest: Could not find repo: did:plc:dh65ljluporjk5cvgzh272b6')
2026-03-21T09:59:36Z WARNING bsky_collector_v2.job.index_feed_generators: listRecords failed repo=did:plc:lpocqlhk5t5eai5ckofsyjw6 err=HttpError('InvalidRequest: Could not find repo: did:plc:lpocqlhk5t5eai5ckofsyjw6')
2026-03-21T09:59:43Z WARNING bsky_collector_v2.job.index_feed_generators: listRecords failed repo=did:plc:nzcaykzim65b2uoyo7ctnbpq err=HttpError('InvalidRequest: Could not find repo: did:plc:nzcaykzim65b2uoyo7ctnbpq')
2026-03-21T10:00:15Z WARNING bsky_collector_v2.job.index_feed_generators: listRecords failed repo=did:plc:4dqnzccf7e2zmq3prasqou7x err=HttpError('InvalidRequest: Could not find repo: did:plc:4dqnzccf7e2zmq3prasqou7x')
2026-03-21T10:00:15Z WARNING bsky_collector_v2.job.index_feed_generators: listRecords failed repo=did:plc:dh65ljluporjk5cvgzh272b6 err=HttpError('InvalidRequest: Could not find repo: did:plc:dh65ljluporjk5cvgzh272b6')
2026-03-21T10:00:15Z WARNING bsky_collector_v2.job.index_feed_generators: listRecords failed repo=did:plc:lpocqlhk5t5eai5ckofsyjw6 err=HttpError('InvalidRequest: Could not find repo: did:plc:lpocqlhk5t5eai5ckofsyjw6')
2026-03-21T10:00:15Z WARNING bsky_collector_v2.job.index_feed_generators: listRecords failed repo=did:plc:nzcaykzim65b2uoyo7ctnbpq err=HttpError('InvalidRequest: Could not find repo: did:plc:nzcaykzim65b2uoyo7ctnbpq')
2026-03-21T10:00:15Z WARNING bsky_collector_v2.job.index_feed_generators: listRecords failed repo=did:plc:4dqnzccf7e2zmq3prasqou7x err=HttpError('InvalidRequest: Could not find repo: did:plc:4dqnzccf7e2zmq3prasqou7x')
2026-03-21T10:00:15Z WARNING bsky_collector_v2.job.index_feed_generators: listRecords failed repo=did:plc:dh65ljluporjk5cvgzh272b6 err=HttpError('InvalidRequest: Could not find repo: did:plc:dh65ljluporjk5cvgzh272b6')
2026-03-21T10:00:15Z WARNING bsky_collector_v2.job.index_feed_generators: listRecords failed repo=did:plc:lpocqlhk5t5eai5ckofsyjw6 err=HttpError('InvalidRequest: Could not find repo: did:plc:lpocqlhk5t5eai5ckofsyjw6')
2026-03-21T10:00:15Z WARNING bsky_collector_v2.job.index_feed_generators: listRecords failed repo=did:plc:nzcaykzim65b2uoyo7ctnbpq err=HttpError('InvalidRequest: Could not find repo: did:plc:nzcaykzim65b2uoyo7ctnbpq')
2026-03-21T10:00:16Z INFO bsky_collector_v2.job.index_feed_generators: enqueued repos page=21 mode=listRepos inserted=500 repos_returned=500 next_cursor=set
2026-03-21T10:00:25Z WARNING bsky_collector_v2.job.index_feed_generators: listRecords failed repo=did:plc:5wmoayo7khhuymz3f4wbwler err=HttpError('InvalidRequest: Could not find repo: did:plc:5wmoayo7khhuymz3f4wbwler')
2026-03-21T10:00:27Z WARNING bsky_collector_v2.job.index_feed_generators: listRecords failed repo=did:plc:6gwlabmwosbbkw3wos6e57tp err=HttpError('InvalidRequest: Could not find repo: did:plc:6gwlabmwosbbkw3wos6e57tp')
2026-03-21T10:00:27Z WARNING bsky_collector_v2.job.index_feed_generators: listRecords failed repo=did:plc:6gxj7r52j3dibxwho5txafoq err=HttpError('InvalidRequest: Could not find repo: did:plc:6gxj7r52j3dibxwho5txafoq')
2026-03-21T10:00:27Z WARNING bsky_collector_v2.job.index_feed_generators: listRecords failed repo=did:plc:724nycfacowdd3ryyguydm2b err=HttpError('InvalidRequest: Could not find repo: did:plc:724nycfacowdd3ryyguydm2b')
2026-03-21T10:00:33Z WARNING bsky_collector_v2.job.index_feed_generators: listRecords failed repo=did:plc:bntbwfbn7p7m4xdhzv6oeqns err=HttpError('InvalidRequest: Could not find repo: did:plc:bntbwfbn7p7m4xdhzv6oeqns')
2026-03-21T10:00:43Z WARNING bsky_collector_v2.job.index_feed_generators: listRecords failed repo=did:plc:ejrigqqv5zwtespuakizigdc err=HttpError('InvalidRequest: Could not find repo: did:plc:ejrigqqv5zwtespuakizigdc')
2026-03-21T10:00:49Z WARNING bsky_collector_v2.job.index_feed_generators: listRecords failed repo=did:plc:fmdjdcnwcl6ecusqf4s4nbj5 err=HttpError('InvalidRequest: Could not find repo: did:plc:fmdjdcnwcl6ecusqf4s4nbj5')
2026-03-21T10:00:56Z WARNING bsky_collector_v2.job.index_feed_generators: listRecords failed repo=did:plc:gn5yq35pqfnzjkyauobkydga err=HttpError('InvalidRequest: Could not find repo: did:plc:gn5yq35pqfnzjkyauobkydga')
2026-03-21T10:01:22Z WARNING bsky_collector_v2.job.index_feed_generators: listRecords failed repo=did:plc:ptr6v5vpogrf6qkyhdh5q3cs err=HttpError('InvalidRequest: Could not find repo: did:plc:ptr6v5vpogrf6qkyhdh5q3cs')
2026-03-21T10:01:33Z WARNING bsky_collector_v2.job.index_feed_generators: listRecords failed repo=did:plc:uq2qwb3dy4mn3qz6bquk2d4z err=HttpError('InvalidRequest: Could not find repo: did:plc:uq2qwb3dy4mn3qz6bquk2d4z')
2026-03-21T10:01:39Z WARNING bsky_collector_v2.job.index_feed_generators: listRecords failed repo=did:plc:xeqayol2hnrbtj4j2mf6ojuh err=HttpError('InvalidRequest: Could not find repo: did:plc:xeqayol2hnrbtj4j2mf6ojuh')
2026-03-21T10:01:46Z WARNING bsky_collector_v2.job.index_feed_generators: listRecords failed repo=did:plc:5wmoayo7khhuymz3f4wbwler err=HttpError('InvalidRequest: Could not find repo: did:plc:5wmoayo7khhuymz3f4wbwler')
2026-03-21T10:01:46Z WARNING bsky_collector_v2.job.index_feed_generators: listRecords failed repo=did:plc:6gwlabmwosbbkw3wos6e57tp err=HttpError('InvalidRequest: Could not find repo: did:plc:6gwlabmwosbbkw3wos6e57tp')
2026-03-21T10:01:46Z WARNING bsky_collector_v2.job.index_feed_generators: listRecords failed repo=did:plc:6gxj7r52j3dibxwho5txafoq err=HttpError('InvalidRequest: Could not find repo: did:plc:6gxj7r52j3dibxwho5txafoq')
2026-03-21T10:01:46Z WARNING bsky_collector_v2.job.index_feed_generators: listRecords failed repo=did:plc:724nycfacowdd3ryyguydm2b err=HttpError('InvalidRequest: Could not find repo: did:plc:724nycfacowdd3ryyguydm2b')
2026-03-21T10:01:46Z WARNING bsky_collector_v2.job.index_feed_generators: listRecords failed repo=did:plc:bntbwfbn7p7m4xdhzv6oeqns err=HttpError('InvalidRequest: Could not find repo: did:plc:bntbwfbn7p7m4xdhzv6oeqns')
2026-03-21T10:01:46Z WARNING bsky_collector_v2.job.index_feed_generators: listRecords failed repo=did:plc:ejrigqqv5zwtespuakizigdc err=HttpError('InvalidRequest: Could not find repo: did:plc:ejrigqqv5zwtespuakizigdc')
2026-03-21T10:01:46Z WARNING bsky_collector_v2.job.index_feed_generators: listRecords failed repo=did:plc:fmdjdcnwcl6ecusqf4s4nbj5 err=HttpError('InvalidRequest: Could not find repo: did:plc:fmdjdcnwcl6ecusqf4s4nbj5')
2026-03-21T10:01:46Z WARNING bsky_collector_v2.job.index_feed_generators: listRecords failed repo=did:plc:gn5yq35pqfnzjkyauobkydga err=HttpError('InvalidRequest: Could not find repo: did:plc:gn5yq35pqfnzjkyauobkydga')
2026-03-21T10:01:46Z WARNING bsky_collector_v2.job.index_feed_generators: listRecords failed repo=did:plc:ptr6v5vpogrf6qkyhdh5q3cs err=HttpError('InvalidRequest: Could not find repo: did:plc:ptr6v5vpogrf6qkyhdh5q3cs')
2026-03-21T10:01:46Z WARNING bsky_collector_v2.job.index_feed_generators: listRecords failed repo=did:plc:uq2qwb3dy4mn3qz6bquk2d4z err=HttpError('InvalidRequest: Could not find repo: did:plc:uq2qwb3dy4mn3qz6bquk2d4z')
2026-03-21T10:01:46Z WARNING bsky_collector_v2.job.index_feed_generators: listRecords failed repo=did:plc:xeqayol2hnrbtj4j2mf6ojuh err=HttpError('InvalidRequest: Could not find repo: did:plc:xeqayol2hnrbtj4j2mf6ojuh')
2026-03-21T10:01:46Z WARNING bsky_collector_v2.job.index_feed_generators: listRecords failed repo=did:plc:5wmoayo7khhuymz3f4wbwler err=HttpError('InvalidRequest: Could not find repo: did:plc:5wmoayo7khhuymz3f4wbwler')
2026-03-21T10:01:46Z WARNING bsky_collector_v2.job.index_feed_generators: listRecords failed repo=did:plc:6gwlabmwosbbkw3wos6e57tp err=HttpError('InvalidRequest: Could not find repo: did:plc:6gwlabmwosbbkw3wos6e57tp')
2026-03-21T10:01:46Z WARNING bsky_collector_v2.job.index_feed_generators: listRecords failed repo=did:plc:6gxj7r52j3dibxwho5txafoq err=HttpError('InvalidRequest: Could not find repo: did:plc:6gxj7r52j3dibxwho5txafoq')
2026-03-21T10:01:46Z WARNING bsky_collector_v2.job.index_feed_generators: listRecords failed repo=did:plc:724nycfacowdd3ryyguydm2b err=HttpError('InvalidRequest: Could not find repo: did:plc:724nycfacowdd3ryyguydm2b')
2026-03-21T10:01:46Z WARNING bsky_collector_v2.job.index_feed_generators: listRecords failed repo=did:plc:bntbwfbn7p7m4xdhzv6oeqns err=HttpError('InvalidRequest: Could not find repo: did:plc:bntbwfbn7p7m4xdhzv6oeqns')
2026-03-21T10:01:47Z WARNING bsky_collector_v2.job.index_feed_generators: listRecords failed repo=did:plc:ejrigqqv5zwtespuakizigdc err=HttpError('InvalidRequest: Could not find repo: did:plc:ejrigqqv5zwtespuakizigdc')
2026-03-21T10:01:47Z WARNING bsky_collector_v2.job.index_feed_generators: listRecords failed repo=did:plc:fmdjdcnwcl6ecusqf4s4nbj5 err=HttpError('InvalidRequest: Could not find repo: did:plc:fmdjdcnwcl6ecusqf4s4nbj5')
2026-03-21T10:01:47Z WARNING bsky_collector_v2.job.index_feed_generators: listRecords failed repo=did:plc:gn5yq35pqfnzjkyauobkydga err=HttpError('InvalidRequest: Could not find repo: did:plc:gn5yq35pqfnzjkyauobkydga')
2026-03-21T10:01:47Z WARNING bsky_collector_v2.job.index_feed_generators: listRecords failed repo=did:plc:ptr6v5vpogrf6qkyhdh5q3cs err=HttpError('InvalidRequest: Could not find repo: did:plc:ptr6v5vpogrf6qkyhdh5q3cs')
2026-03-21T10:01:47Z WARNING bsky_collector_v2.job.index_feed_generators: listRecords failed repo=did:plc:uq2qwb3dy4mn3qz6bquk2d4z err=HttpError('InvalidRequest: Could not find repo: did:plc:uq2qwb3dy4mn3qz6bquk2d4z')
2026-03-21T10:01:47Z WARNING bsky_collector_v2.job.index_feed_generators: listRecords failed repo=did:plc:xeqayol2hnrbtj4j2mf6ojuh err=HttpError('InvalidRequest: Could not find repo: did:plc:xeqayol2hnrbtj4j2mf6ojuh')
2026-03-21T10:01:48Z INFO bsky_collector_v2.job.index_feed_generators: enqueued repos page=22 mode=listRepos inserted=500 repos_returned=500 next_cursor=set
2026-03-21T10:02:12Z WARNING bsky_collector_v2.job.index_feed_generators: listRecords failed repo=did:plc:c7223yjantmikgymw5smp4l3 err=HttpError('InvalidRequest: Could not find repo: did:plc:c7223yjantmikgymw5smp4l3')
2026-03-21T10:02:27Z WARNING bsky_collector_v2.job.index_feed_generators: listRecords failed repo=did:plc:i5xqi7zslgg3frzngynui3kt err=HttpError('InvalidRequest: Could not find repo: did:plc:i5xqi7zslgg3frzngynui3kt')
2026-03-21T10:03:19Z WARNING bsky_collector_v2.job.index_feed_generators: listRecords failed repo=did:plc:utalbflnvnclfluk62buiewl err=HttpError('InvalidRequest: Could not find repo: did:plc:utalbflnvnclfluk62buiewl')
2026-03-21T10:03:36Z WARNING bsky_collector_v2.job.index_feed_generators: listRecords failed repo=did:plc:c7223yjantmikgymw5smp4l3 err=HttpError('InvalidRequest: Could not find repo: did:plc:c7223yjantmikgymw5smp4l3')
2026-03-21T10:03:36Z WARNING bsky_collector_v2.job.index_feed_generators: listRecords failed repo=did:plc:i5xqi7zslgg3frzngynui3kt err=HttpError('InvalidRequest: Could not find repo: did:plc:i5xqi7zslgg3frzngynui3kt')
2026-03-21T10:03:36Z WARNING bsky_collector_v2.job.index_feed_generators: listRecords failed repo=did:plc:utalbflnvnclfluk62buiewl err=HttpError('InvalidRequest: Could not find repo: did:plc:utalbflnvnclfluk62buiewl')
2026-03-21T10:03:36Z WARNING bsky_collector_v2.job.index_feed_generators: listRecords failed repo=did:plc:c7223yjantmikgymw5smp4l3 err=HttpError('InvalidRequest: Could not find repo: did:plc:c7223yjantmikgymw5smp4l3')
2026-03-21T10:03:36Z WARNING bsky_collector_v2.job.index_feed_generators: listRecords failed repo=did:plc:i5xqi7zslgg3frzngynui3kt err=HttpError('InvalidRequest: Could not find repo: did:plc:i5xqi7zslgg3frzngynui3kt')
2026-03-21T10:03:36Z WARNING bsky_collector_v2.job.index_feed_generators: listRecords failed repo=did:plc:utalbflnvnclfluk62buiewl err=HttpError('InvalidRequest: Could not find repo: did:plc:utalbflnvnclfluk62buiewl')
2026-03-21T10:03:37Z INFO bsky_collector_v2.job.index_feed_generators: enqueued repos page=23 mode=listRepos inserted=500 repos_returned=500 next_cursor=set
2026-03-21T10:03:40Z WARNING bsky_collector_v2.job.index_feed_generators: listRecords failed repo=did:plc:3pctcgvzx3mvs6as5qmsu22r err=HttpError('InvalidRequest: Could not find repo: did:plc:3pctcgvzx3mvs6as5qmsu22r')
2026-03-21T10:03:42Z WARNING bsky_collector_v2.job.index_feed_generators: listRecords failed repo=did:plc:4nn4jbygppsoclvp2metubaf err=HttpError('InvalidRequest: Could not find repo: did:plc:4nn4jbygppsoclvp2metubaf')
2026-03-21T10:04:08Z WARNING bsky_collector_v2.job.index_feed_generators: listRecords failed repo=did:plc:gdtdwdrfg6n4jyh4gfa4w5av err=HttpError('InvalidRequest: Could not find repo: did:plc:gdtdwdrfg6n4jyh4gfa4w5av')
2026-03-21T10:04:10Z WARNING bsky_collector_v2.job.index_feed_generators: listRecords failed repo=did:plc:hhvq7yh3n56gwpbm4q22k5kg err=HttpError('InvalidRequest: Could not find repo: did:plc:hhvq7yh3n56gwpbm4q22k5kg')
2026-03-21T10:04:52Z WARNING bsky_collector_v2.job.index_feed_generators: listRecords failed repo=did:plc:s2xzoaaf64vcel4d3o7z6cz4 err=HttpError('InvalidRequest: Could not find repo: did:plc:s2xzoaaf64vcel4d3o7z6cz4')
2026-03-21T10:05:06Z WARNING bsky_collector_v2.job.index_feed_generators: listRecords failed repo=did:plc:wooidotvh7psxng7nn67ae7w err=HttpError('InvalidRequest: Could not find repo: did:plc:wooidotvh7psxng7nn67ae7w')
2026-03-21T10:05:14Z WARNING bsky_collector_v2.job.index_feed_generators: listRecords failed repo=did:plc:zqkv2r5fqpmqqba4ymgv2fbc err=HttpError('InvalidRequest: Could not find repo: did:plc:zqkv2r5fqpmqqba4ymgv2fbc')
2026-03-21T10:05:15Z WARNING bsky_collector_v2.job.index_feed_generators: listRecords failed repo=did:plc:3pctcgvzx3mvs6as5qmsu22r err=HttpError('InvalidRequest: Could not find repo: did:plc:3pctcgvzx3mvs6as5qmsu22r')
2026-03-21T10:05:15Z WARNING bsky_collector_v2.job.index_feed_generators: listRecords failed repo=did:plc:4nn4jbygppsoclvp2metubaf err=HttpError('InvalidRequest: Could not find repo: did:plc:4nn4jbygppsoclvp2metubaf')
2026-03-21T10:05:15Z WARNING bsky_collector_v2.job.index_feed_generators: listRecords failed repo=did:plc:gdtdwdrfg6n4jyh4gfa4w5av err=HttpError('InvalidRequest: Could not find repo: did:plc:gdtdwdrfg6n4jyh4gfa4w5av')
2026-03-21T10:05:15Z WARNING bsky_collector_v2.job.index_feed_generators: listRecords failed repo=did:plc:hhvq7yh3n56gwpbm4q22k5kg err=HttpError('InvalidRequest: Could not find repo: did:plc:hhvq7yh3n56gwpbm4q22k5kg')
2026-03-21T10:05:15Z WARNING bsky_collector_v2.job.index_feed_generators: listRecords failed repo=did:plc:s2xzoaaf64vcel4d3o7z6cz4 err=HttpError('InvalidRequest: Could not find repo: did:plc:s2xzoaaf64vcel4d3o7z6cz4')
2026-03-21T10:05:15Z WARNING bsky_collector_v2.job.index_feed_generators: listRecords failed repo=did:plc:wooidotvh7psxng7nn67ae7w err=HttpError('InvalidRequest: Could not find repo: did:plc:wooidotvh7psxng7nn67ae7w')
2026-03-21T10:05:15Z WARNING bsky_collector_v2.job.index_feed_generators: listRecords failed repo=did:plc:zqkv2r5fqpmqqba4ymgv2fbc err=HttpError('InvalidRequest: Could not find repo: did:plc:zqkv2r5fqpmqqba4ymgv2fbc')
2026-03-21T10:05:15Z WARNING bsky_collector_v2.job.index_feed_generators: listRecords failed repo=did:plc:3pctcgvzx3mvs6as5qmsu22r err=HttpError('InvalidRequest: Could not find repo: did:plc:3pctcgvzx3mvs6as5qmsu22r')
2026-03-21T10:05:15Z WARNING bsky_collector_v2.job.index_feed_generators: listRecords failed repo=did:plc:4nn4jbygppsoclvp2metubaf err=HttpError('InvalidRequest: Could not find repo: did:plc:4nn4jbygppsoclvp2metubaf')
2026-03-21T10:05:15Z WARNING bsky_collector_v2.job.index_feed_generators: listRecords failed repo=did:plc:gdtdwdrfg6n4jyh4gfa4w5av err=HttpError('InvalidRequest: Could not find repo: did:plc:gdtdwdrfg6n4jyh4gfa4w5av')
2026-03-21T10:05:15Z WARNING bsky_collector_v2.job.index_feed_generators: listRecords failed repo=did:plc:hhvq7yh3n56gwpbm4q22k5kg err=HttpError('InvalidRequest: Could not find repo: did:plc:hhvq7yh3n56gwpbm4q22k5kg')
2026-03-21T10:05:15Z WARNING bsky_collector_v2.job.index_feed_generators: listRecords failed repo=did:plc:s2xzoaaf64vcel4d3o7z6cz4 err=HttpError('InvalidRequest: Could not find repo: did:plc:s2xzoaaf64vcel4d3o7z6cz4')
2026-03-21T10:05:15Z WARNING bsky_collector_v2.job.index_feed_generators: listRecords failed repo=did:plc:wooidotvh7psxng7nn67ae7w err=HttpError('InvalidRequest: Could not find repo: did:plc:wooidotvh7psxng7nn67ae7w')
2026-03-21T10:05:15Z WARNING bsky_collector_v2.job.index_feed_generators: listRecords failed repo=did:plc:zqkv2r5fqpmqqba4ymgv2fbc err=HttpError('InvalidRequest: Could not find repo: did:plc:zqkv2r5fqpmqqba4ymgv2fbc')
2026-03-21T10:05:16Z INFO bsky_collector_v2.job.index_feed_generators: enqueued repos page=24 mode=listRepos inserted=500 repos_returned=500 next_cursor=set
2026-03-21T10:05:34Z WARNING bsky_collector_v2.job.index_feed_generators: listRecords failed repo=did:plc:as6abdzy6c34y5fna3jdvwjl err=HttpError('InvalidRequest: Could not find repo: did:plc:as6abdzy6c34y5fna3jdvwjl')
2026-03-21T10:06:40Z WARNING bsky_collector_v2.job.index_feed_generators: listRecords failed repo=did:plc:as6abdzy6c34y5fna3jdvwjl err=HttpError('InvalidRequest: Could not find repo: did:plc:as6abdzy6c34y5fna3jdvwjl')
2026-03-21T10:06:40Z WARNING bsky_collector_v2.job.index_feed_generators: listRecords failed repo=did:plc:as6abdzy6c34y5fna3jdvwjl err=HttpError('InvalidRequest: Could not find repo: did:plc:as6abdzy6c34y5fna3jdvwjl')
2026-03-21T10:06:41Z INFO bsky_collector_v2.job.index_feed_generators: enqueued repos page=25 mode=listRepos inserted=500 repos_returned=500 next_cursor=set
2026-03-21T10:06:58Z WARNING bsky_collector_v2.job.index_feed_generators: listRecords failed repo=did:plc:aazwquceo6oizhnhgmws3vwb err=HttpError('InvalidRequest: Could not find repo: did:plc:aazwquceo6oizhnhgmws3vwb')
2026-03-21T10:07:00Z WARNING bsky_collector_v2.job.index_feed_generators: listRecords failed repo=did:plc:aun5llslxdujh5lvr7eo4ig5 err=HttpError('InvalidRequest: Could not find repo: did:plc:aun5llslxdujh5lvr7eo4ig5')
2026-03-21T10:07:32Z INFO bsky_collector_v2.job.index_feed_generators: indexed repo=did:plc:n3fy3peutbggu35y5qtyuhkw part=95 records=4 next_cursor=set
2026-03-21T10:07:34Z WARNING bsky_collector_v2.job.index_feed_generators: listRecords failed repo=did:plc:odfsmykcwlxgdaozogi7x4u2 err=HttpError('InvalidRequest: Could not find repo: did:plc:odfsmykcwlxgdaozogi7x4u2')
2026-03-21T10:07:55Z WARNING bsky_collector_v2.job.index_feed_generators: listRecords failed repo=did:plc:x2wjjs7euzaxkchde4jlkmgt err=HttpError('InvalidRequest: Could not find repo: did:plc:x2wjjs7euzaxkchde4jlkmgt')
2026-03-21T10:08:01Z WARNING bsky_collector_v2.job.index_feed_generators: listRecords failed repo=did:plc:zk4tgc7hto3tdzy6iumti77w err=HttpError('InvalidRequest: Could not find repo: did:plc:zk4tgc7hto3tdzy6iumti77w')
2026-03-21T10:08:02Z WARNING bsky_collector_v2.job.index_feed_generators: listRecords failed repo=did:plc:aazwquceo6oizhnhgmws3vwb err=HttpError('InvalidRequest: Could not find repo: did:plc:aazwquceo6oizhnhgmws3vwb')
2026-03-21T10:08:02Z WARNING bsky_collector_v2.job.index_feed_generators: listRecords failed repo=did:plc:aun5llslxdujh5lvr7eo4ig5 err=HttpError('InvalidRequest: Could not find repo: did:plc:aun5llslxdujh5lvr7eo4ig5')
2026-03-21T10:08:02Z WARNING bsky_collector_v2.job.index_feed_generators: listRecords failed repo=did:plc:odfsmykcwlxgdaozogi7x4u2 err=HttpError('InvalidRequest: Could not find repo: did:plc:odfsmykcwlxgdaozogi7x4u2')
2026-03-21T10:08:03Z WARNING bsky_collector_v2.job.index_feed_generators: listRecords failed repo=did:plc:x2wjjs7euzaxkchde4jlkmgt err=HttpError('InvalidRequest: Could not find repo: did:plc:x2wjjs7euzaxkchde4jlkmgt')
2026-03-21T10:08:03Z WARNING bsky_collector_v2.job.index_feed_generators: listRecords failed repo=did:plc:zk4tgc7hto3tdzy6iumti77w err=HttpError('InvalidRequest: Could not find repo: did:plc:zk4tgc7hto3tdzy6iumti77w')
2026-03-21T10:08:03Z WARNING bsky_collector_v2.job.index_feed_generators: listRecords failed repo=did:plc:aazwquceo6oizhnhgmws3vwb err=HttpError('InvalidRequest: Could not find repo: did:plc:aazwquceo6oizhnhgmws3vwb')
2026-03-21T10:08:03Z WARNING bsky_collector_v2.job.index_feed_generators: listRecords failed repo=did:plc:aun5llslxdujh5lvr7eo4ig5 err=HttpError('InvalidRequest: Could not find repo: did:plc:aun5llslxdujh5lvr7eo4ig5')
2026-03-21T10:08:03Z WARNING bsky_collector_v2.job.index_feed_generators: listRecords failed repo=did:plc:odfsmykcwlxgdaozogi7x4u2 err=HttpError('InvalidRequest: Could not find repo: did:plc:odfsmykcwlxgdaozogi7x4u2')
2026-03-21T10:08:03Z WARNING bsky_collector_v2.job.index_feed_generators: listRecords failed repo=did:plc:x2wjjs7euzaxkchde4jlkmgt err=HttpError('InvalidRequest: Could not find repo: did:plc:x2wjjs7euzaxkchde4jlkmgt')
2026-03-21T10:08:03Z WARNING bsky_collector_v2.job.index_feed_generators: listRecords failed repo=did:plc:zk4tgc7hto3tdzy6iumti77w err=HttpError('InvalidRequest: Could not find repo: did:plc:zk4tgc7hto3tdzy6iumti77w')
2026-03-21T10:08:04Z INFO bsky_collector_v2.job.index_feed_generators: enqueued repos page=26 mode=listRepos inserted=500 repos_returned=500 next_cursor=set
2026-03-21T10:08:06Z WARNING bsky_collector_v2.job.index_feed_generators: listRecords failed repo=did:plc:2vcdply2g4yeevpi6yuxqcqa err=HttpError('InvalidRequest: Could not find repo: did:plc:2vcdply2g4yeevpi6yuxqcqa')
2026-03-21T10:08:14Z WARNING bsky_collector_v2.job.index_feed_generators: listRecords failed repo=did:plc:4nikrtrce5ruysvkeodyvkls err=HttpError('InvalidRequest: Could not find repo: did:plc:4nikrtrce5ruysvkeodyvkls')
2026-03-21T10:08:33Z WARNING bsky_collector_v2.job.index_feed_generators: listRecords failed repo=did:plc:b3ju7suv5ca5ac63kzzqk63q err=HttpError('InvalidRequest: Could not find repo: did:plc:b3ju7suv5ca5ac63kzzqk63q')
2026-03-21T10:09:23Z WARNING bsky_collector_v2.job.index_feed_generators: listRecords failed repo=did:plc:lkm6lxx5kvh4o6i6kp3aaziz err=HttpError('InvalidRequest: Could not find repo: did:plc:lkm6lxx5kvh4o6i6kp3aaziz')
2026-03-21T10:09:28Z WARNING bsky_collector_v2.job.index_feed_generators: listRecords failed repo=did:plc:nfvepatg4scaqmxkcilh5e2l err=HttpError('InvalidRequest: Could not find repo: did:plc:nfvepatg4scaqmxkcilh5e2l')
2026-03-21T10:09:37Z WARNING bsky_collector_v2.job.index_feed_generators: listRecords failed repo=did:plc:qks77cone6rarhocebl733qj err=HttpError('InvalidRequest: Could not find repo: did:plc:qks77cone6rarhocebl733qj')
2026-03-21T10:09:41Z WARNING bsky_collector_v2.job.index_feed_generators: listRecords failed repo=did:plc:s6vfhhoq4qutkw2e3ke2ekkh err=HttpError('InvalidRequest: Could not find repo: did:plc:s6vfhhoq4qutkw2e3ke2ekkh')
2026-03-21T10:09:42Z WARNING bsky_collector_v2.job.index_feed_generators: listRecords failed repo=did:plc:sb4zsqpewruzz5ycxos3dde6 err=HttpError('InvalidRequest: Could not find repo: did:plc:sb4zsqpewruzz5ycxos3dde6')
2026-03-21T10:09:51Z INFO bsky_collector_v2.job.index_feed_generators: indexed repo=did:plc:viss5leihlrcwnpkio7flh2i part=96 records=1 next_cursor=set
2026-03-21T10:09:52Z WARNING bsky_collector_v2.job.index_feed_generators: listRecords failed repo=did:plc:wc7poitrskqa2y7ijokoybeh err=HttpError('InvalidRequest: Could not find repo: did:plc:wc7poitrskqa2y7ijokoybeh')
2026-03-21T10:10:01Z WARNING bsky_collector_v2.job.index_feed_generators: listRecords failed repo=did:plc:2vcdply2g4yeevpi6yuxqcqa err=HttpError('InvalidRequest: Could not find repo: did:plc:2vcdply2g4yeevpi6yuxqcqa')
2026-03-21T10:10:01Z WARNING bsky_collector_v2.job.index_feed_generators: listRecords failed repo=did:plc:4nikrtrce5ruysvkeodyvkls err=HttpError('InvalidRequest: Could not find repo: did:plc:4nikrtrce5ruysvkeodyvkls')
2026-03-21T10:10:01Z WARNING bsky_collector_v2.job.index_feed_generators: listRecords failed repo=did:plc:b3ju7suv5ca5ac63kzzqk63q err=HttpError('InvalidRequest: Could not find repo: did:plc:b3ju7suv5ca5ac63kzzqk63q')
2026-03-21T10:10:01Z WARNING bsky_collector_v2.job.index_feed_generators: listRecords failed repo=did:plc:lkm6lxx5kvh4o6i6kp3aaziz err=HttpError('InvalidRequest: Could not find repo: did:plc:lkm6lxx5kvh4o6i6kp3aaziz')
2026-03-21T10:10:01Z WARNING bsky_collector_v2.job.index_feed_generators: listRecords failed repo=did:plc:nfvepatg4scaqmxkcilh5e2l err=HttpError('InvalidRequest: Could not find repo: did:plc:nfvepatg4scaqmxkcilh5e2l')
2026-03-21T10:10:01Z WARNING bsky_collector_v2.job.index_feed_generators: listRecords failed repo=did:plc:qks77cone6rarhocebl733qj err=HttpError('InvalidRequest: Could not find repo: did:plc:qks77cone6rarhocebl733qj')
2026-03-21T10:10:02Z WARNING bsky_collector_v2.job.index_feed_generators: listRecords failed repo=did:plc:s6vfhhoq4qutkw2e3ke2ekkh err=HttpError('InvalidRequest: Could not find repo: did:plc:s6vfhhoq4qutkw2e3ke2ekkh')
2026-03-21T10:10:02Z WARNING bsky_collector_v2.job.index_feed_generators: listRecords failed repo=did:plc:sb4zsqpewruzz5ycxos3dde6 err=HttpError('InvalidRequest: Could not find repo: did:plc:sb4zsqpewruzz5ycxos3dde6')
2026-03-21T10:10:02Z WARNING bsky_collector_v2.job.index_feed_generators: listRecords failed repo=did:plc:wc7poitrskqa2y7ijokoybeh err=HttpError('InvalidRequest: Could not find repo: did:plc:wc7poitrskqa2y7ijokoybeh')
2026-03-21T10:10:02Z WARNING bsky_collector_v2.job.index_feed_generators: listRecords failed repo=did:plc:2vcdply2g4yeevpi6yuxqcqa err=HttpError('InvalidRequest: Could not find repo: did:plc:2vcdply2g4yeevpi6yuxqcqa')
2026-03-21T10:10:02Z WARNING bsky_collector_v2.job.index_feed_generators: listRecords failed repo=did:plc:4nikrtrce5ruysvkeodyvkls err=HttpError('InvalidRequest: Could not find repo: did:plc:4nikrtrce5ruysvkeodyvkls')
2026-03-21T10:10:02Z WARNING bsky_collector_v2.job.index_feed_generators: listRecords failed repo=did:plc:b3ju7suv5ca5ac63kzzqk63q err=HttpError('InvalidRequest: Could not find repo: did:plc:b3ju7suv5ca5ac63kzzqk63q')
2026-03-21T10:10:02Z WARNING bsky_collector_v2.job.index_feed_generators: listRecords failed repo=did:plc:lkm6lxx5kvh4o6i6kp3aaziz err=HttpError('InvalidRequest: Could not find repo: did:plc:lkm6lxx5kvh4o6i6kp3aaziz')
2026-03-21T10:10:02Z WARNING bsky_collector_v2.job.index_feed_generators: listRecords failed repo=did:plc:nfvepatg4scaqmxkcilh5e2l err=HttpError('InvalidRequest: Could not find repo: did:plc:nfvepatg4scaqmxkcilh5e2l')
2026-03-21T10:10:02Z WARNING bsky_collector_v2.job.index_feed_generators: listRecords failed repo=did:plc:qks77cone6rarhocebl733qj err=HttpError('InvalidRequest: Could not find repo: did:plc:qks77cone6rarhocebl733qj')
2026-03-21T10:10:02Z WARNING bsky_collector_v2.job.index_feed_generators: listRecords failed repo=did:plc:s6vfhhoq4qutkw2e3ke2ekkh err=HttpError('InvalidRequest: Could not find repo: did:plc:s6vfhhoq4qutkw2e3ke2ekkh')
2026-03-21T10:10:02Z WARNING bsky_collector_v2.job.index_feed_generators: listRecords failed repo=did:plc:sb4zsqpewruzz5ycxos3dde6 err=HttpError('InvalidRequest: Could not find repo: did:plc:sb4zsqpewruzz5ycxos3dde6')
2026-03-21T10:10:02Z WARNING bsky_collector_v2.job.index_feed_generators: listRecords failed repo=did:plc:wc7poitrskqa2y7ijokoybeh err=HttpError('InvalidRequest: Could not find repo: did:plc:wc7poitrskqa2y7ijokoybeh')
2026-03-21T10:10:03Z INFO bsky_collector_v2.job.index_feed_generators: enqueued repos page=27 mode=listRepos inserted=500 repos_returned=500 next_cursor=set
2026-03-21T10:10:04Z WARNING bsky_collector_v2.job.index_feed_generators: listRecords failed repo=did:plc:2733ol5yebogag4hcxm6etrs err=HttpError('InvalidRequest: Could not find repo: did:plc:2733ol5yebogag4hcxm6etrs')
2026-03-21T10:10:10Z WARNING bsky_collector_v2.job.index_feed_generators: listRecords failed repo=did:plc:4yiwnewx6j35khinqjscqtw2 err=HttpError('InvalidRequest: Could not find repo: did:plc:4yiwnewx6j35khinqjscqtw2')
2026-03-21T10:10:12Z WARNING bsky_collector_v2.job.index_feed_generators: listRecords failed repo=did:plc:6mp7srnfxaqkh5t5zmntznh4 err=HttpError('InvalidRequest: Could not find repo: did:plc:6mp7srnfxaqkh5t5zmntznh4')
2026-03-21T10:10:26Z WARNING bsky_collector_v2.job.index_feed_generators: listRecords failed repo=did:plc:cwbc2pw47w7tif3qt4ljchkg err=HttpError('InvalidRequest: Could not find repo: did:plc:cwbc2pw47w7tif3qt4ljchkg')
2026-03-21T10:10:38Z WARNING bsky_collector_v2.job.index_feed_generators: listRecords failed repo=did:plc:gldfl3oyuql2axs3cniogoxn err=HttpError('InvalidRequest: Could not find repo: did:plc:gldfl3oyuql2axs3cniogoxn')
2026-03-21T10:10:50Z WARNING bsky_collector_v2.job.index_feed_generators: listRecords failed repo=did:plc:kiy7ujzxuredpxwvi7exef2r err=HttpError('InvalidRequest: Could not find repo: did:plc:kiy7ujzxuredpxwvi7exef2r')
2026-03-21T10:11:02Z WARNING bsky_collector_v2.job.index_feed_generators: listRecords failed repo=did:plc:q5bkueswczd4jml4p6sfhqck err=HttpError('InvalidRequest: Could not find repo: did:plc:q5bkueswczd4jml4p6sfhqck')
2026-03-21T10:11:17Z WARNING bsky_collector_v2.job.index_feed_generators: listRecords failed repo=did:plc:wkjv6d5qixafl7h27pvjqyl3 err=HttpError('InvalidRequest: Could not find repo: did:plc:wkjv6d5qixafl7h27pvjqyl3')
2026-03-21T10:11:21Z WARNING bsky_collector_v2.job.index_feed_generators: listRecords failed repo=did:plc:xqkd24ccbigj7fzosco2blri err=HttpError('InvalidRequest: Could not find repo: did:plc:xqkd24ccbigj7fzosco2blri')
2026-03-21T10:11:28Z WARNING bsky_collector_v2.job.index_feed_generators: listRecords failed repo=did:plc:2733ol5yebogag4hcxm6etrs err=HttpError('InvalidRequest: Could not find repo: did:plc:2733ol5yebogag4hcxm6etrs')
2026-03-21T10:11:28Z WARNING bsky_collector_v2.job.index_feed_generators: listRecords failed repo=did:plc:4yiwnewx6j35khinqjscqtw2 err=HttpError('InvalidRequest: Could not find repo: did:plc:4yiwnewx6j35khinqjscqtw2')
2026-03-21T10:11:28Z WARNING bsky_collector_v2.job.index_feed_generators: listRecords failed repo=did:plc:6mp7srnfxaqkh5t5zmntznh4 err=HttpError('InvalidRequest: Could not find repo: did:plc:6mp7srnfxaqkh5t5zmntznh4')
2026-03-21T10:11:28Z WARNING bsky_collector_v2.job.index_feed_generators: listRecords failed repo=did:plc:cwbc2pw47w7tif3qt4ljchkg err=HttpError('InvalidRequest: Could not find repo: did:plc:cwbc2pw47w7tif3qt4ljchkg')
2026-03-21T10:11:28Z WARNING bsky_collector_v2.job.index_feed_generators: listRecords failed repo=did:plc:gldfl3oyuql2axs3cniogoxn err=HttpError('InvalidRequest: Could not find repo: did:plc:gldfl3oyuql2axs3cniogoxn')
2026-03-21T10:11:28Z WARNING bsky_collector_v2.job.index_feed_generators: listRecords failed repo=did:plc:kiy7ujzxuredpxwvi7exef2r err=HttpError('InvalidRequest: Could not find repo: did:plc:kiy7ujzxuredpxwvi7exef2r')
2026-03-21T10:11:28Z WARNING bsky_collector_v2.job.index_feed_generators: listRecords failed repo=did:plc:q5bkueswczd4jml4p6sfhqck err=HttpError('InvalidRequest: Could not find repo: did:plc:q5bkueswczd4jml4p6sfhqck')
2026-03-21T10:11:28Z WARNING bsky_collector_v2.job.index_feed_generators: listRecords failed repo=did:plc:wkjv6d5qixafl7h27pvjqyl3 err=HttpError('InvalidRequest: Could not find repo: did:plc:wkjv6d5qixafl7h27pvjqyl3')
2026-03-21T10:11:29Z WARNING bsky_collector_v2.job.index_feed_generators: listRecords failed repo=did:plc:xqkd24ccbigj7fzosco2blri err=HttpError('InvalidRequest: Could not find repo: did:plc:xqkd24ccbigj7fzosco2blri')
2026-03-21T10:11:29Z WARNING bsky_collector_v2.job.index_feed_generators: listRecords failed repo=did:plc:2733ol5yebogag4hcxm6etrs err=HttpError('InvalidRequest: Could not find repo: did:plc:2733ol5yebogag4hcxm6etrs')
2026-03-21T10:11:29Z WARNING bsky_collector_v2.job.index_feed_generators: listRecords failed repo=did:plc:4yiwnewx6j35khinqjscqtw2 err=HttpError('InvalidRequest: Could not find repo: did:plc:4yiwnewx6j35khinqjscqtw2')
2026-03-21T10:11:29Z WARNING bsky_collector_v2.job.index_feed_generators: listRecords failed repo=did:plc:6mp7srnfxaqkh5t5zmntznh4 err=HttpError('InvalidRequest: Could not find repo: did:plc:6mp7srnfxaqkh5t5zmntznh4')
2026-03-21T10:11:29Z WARNING bsky_collector_v2.job.index_feed_generators: listRecords failed repo=did:plc:cwbc2pw47w7tif3qt4ljchkg err=HttpError('InvalidRequest: Could not find repo: did:plc:cwbc2pw47w7tif3qt4ljchkg')
2026-03-21T10:11:29Z WARNING bsky_collector_v2.job.index_feed_generators: listRecords failed repo=did:plc:gldfl3oyuql2axs3cniogoxn err=HttpError('InvalidRequest: Could not find repo: did:plc:gldfl3oyuql2axs3cniogoxn')
2026-03-21T10:11:29Z WARNING bsky_collector_v2.job.index_feed_generators: listRecords failed repo=did:plc:kiy7ujzxuredpxwvi7exef2r err=HttpError('InvalidRequest: Could not find repo: did:plc:kiy7ujzxuredpxwvi7exef2r')
2026-03-21T10:11:29Z WARNING bsky_collector_v2.job.index_feed_generators: listRecords failed repo=did:plc:q5bkueswczd4jml4p6sfhqck err=HttpError('InvalidRequest: Could not find repo: did:plc:q5bkueswczd4jml4p6sfhqck')
2026-03-21T10:11:29Z WARNING bsky_collector_v2.job.index_feed_generators: listRecords failed repo=did:plc:wkjv6d5qixafl7h27pvjqyl3 err=HttpError('InvalidRequest: Could not find repo: did:plc:wkjv6d5qixafl7h27pvjqyl3')
2026-03-21T10:11:29Z WARNING bsky_collector_v2.job.index_feed_generators: listRecords failed repo=did:plc:xqkd24ccbigj7fzosco2blri err=HttpError('InvalidRequest: Could not find repo: did:plc:xqkd24ccbigj7fzosco2blri')
2026-03-21T10:11:30Z INFO bsky_collector_v2.job.index_feed_generators: enqueued repos page=28 mode=listRepos inserted=500 repos_returned=500 next_cursor=set
2026-03-21T10:11:32Z WARNING bsky_collector_v2.job.index_feed_generators: listRecords failed repo=did:plc:2nd2v2mvyzij5alqybrkbahi err=HttpError('InvalidRequest: Could not find repo: did:plc:2nd2v2mvyzij5alqybrkbahi')
2026-03-21T10:11:52Z WARNING bsky_collector_v2.job.index_feed_generators: listRecords failed repo=did:plc:awz2x4hlajgzjlorkyjitry5 err=HttpError('InvalidRequest: Could not find repo: did:plc:awz2x4hlajgzjlorkyjitry5')
2026-03-21T10:11:56Z INFO bsky_collector_v2.job.index_feed_generators: indexed repo=did:plc:cpbnvtsvsgv2gezr2hqqwv7n part=97 records=1 next_cursor=set
2026-03-21T10:12:23Z WARNING bsky_collector_v2.job.index_feed_generators: listRecords failed repo=did:plc:n2bgorygfygiiqgtl3tm353c err=HttpError('InvalidRequest: Could not find repo: did:plc:n2bgorygfygiiqgtl3tm353c')
2026-03-21T10:12:35Z WARNING bsky_collector_v2.job.index_feed_generators: listRecords failed repo=did:plc:rpdy47uhtc3oycwll7gvgvey err=HttpError('InvalidRequest: Could not find repo: did:plc:rpdy47uhtc3oycwll7gvgvey')
2026-03-21T10:12:43Z WARNING bsky_collector_v2.job.index_feed_generators: listRecords failed repo=did:plc:ujib3qc7sorxjkwpulkz5zyo err=HttpError('InvalidRequest: Could not find repo: did:plc:ujib3qc7sorxjkwpulkz5zyo')
2026-03-21T10:12:55Z WARNING bsky_collector_v2.job.index_feed_generators: listRecords failed repo=did:plc:znt2nz6tgu5n3stnck4qjx3t err=HttpError('InvalidRequest: Could not find repo: did:plc:znt2nz6tgu5n3stnck4qjx3t')
2026-03-21T10:12:56Z WARNING bsky_collector_v2.job.index_feed_generators: listRecords failed repo=did:plc:2nd2v2mvyzij5alqybrkbahi err=HttpError('InvalidRequest: Could not find repo: did:plc:2nd2v2mvyzij5alqybrkbahi')
2026-03-21T10:12:56Z WARNING bsky_collector_v2.job.index_feed_generators: listRecords failed repo=did:plc:awz2x4hlajgzjlorkyjitry5 err=HttpError('InvalidRequest: Could not find repo: did:plc:awz2x4hlajgzjlorkyjitry5')
2026-03-21T10:12:56Z WARNING bsky_collector_v2.job.index_feed_generators: listRecords failed repo=did:plc:n2bgorygfygiiqgtl3tm353c err=HttpError('InvalidRequest: Could not find repo: did:plc:n2bgorygfygiiqgtl3tm353c')
2026-03-21T10:12:56Z WARNING bsky_collector_v2.job.index_feed_generators: listRecords failed repo=did:plc:rpdy47uhtc3oycwll7gvgvey err=HttpError('InvalidRequest: Could not find repo: did:plc:rpdy47uhtc3oycwll7gvgvey')
2026-03-21T10:12:56Z WARNING bsky_collector_v2.job.index_feed_generators: listRecords failed repo=did:plc:ujib3qc7sorxjkwpulkz5zyo err=HttpError('InvalidRequest: Could not find repo: did:plc:ujib3qc7sorxjkwpulkz5zyo')
2026-03-21T10:12:56Z WARNING bsky_collector_v2.job.index_feed_generators: listRecords failed repo=did:plc:znt2nz6tgu5n3stnck4qjx3t err=HttpError('InvalidRequest: Could not find repo: did:plc:znt2nz6tgu5n3stnck4qjx3t')
2026-03-21T10:12:56Z WARNING bsky_collector_v2.job.index_feed_generators: listRecords failed repo=did:plc:2nd2v2mvyzij5alqybrkbahi err=HttpError('InvalidRequest: Could not find repo: did:plc:2nd2v2mvyzij5alqybrkbahi')
2026-03-21T10:12:56Z WARNING bsky_collector_v2.job.index_feed_generators: listRecords failed repo=did:plc:awz2x4hlajgzjlorkyjitry5 err=HttpError('InvalidRequest: Could not find repo: did:plc:awz2x4hlajgzjlorkyjitry5')
2026-03-21T10:12:56Z WARNING bsky_collector_v2.job.index_feed_generators: listRecords failed repo=did:plc:n2bgorygfygiiqgtl3tm353c err=HttpError('InvalidRequest: Could not find repo: did:plc:n2bgorygfygiiqgtl3tm353c')
2026-03-21T10:12:56Z WARNING bsky_collector_v2.job.index_feed_generators: listRecords failed repo=did:plc:rpdy47uhtc3oycwll7gvgvey err=HttpError('InvalidRequest: Could not find repo: did:plc:rpdy47uhtc3oycwll7gvgvey')
2026-03-21T10:12:56Z WARNING bsky_collector_v2.job.index_feed_generators: listRecords failed repo=did:plc:ujib3qc7sorxjkwpulkz5zyo err=HttpError('InvalidRequest: Could not find repo: did:plc:ujib3qc7sorxjkwpulkz5zyo')
2026-03-21T10:12:56Z WARNING bsky_collector_v2.job.index_feed_generators: listRecords failed repo=did:plc:znt2nz6tgu5n3stnck4qjx3t err=HttpError('InvalidRequest: Could not find repo: did:plc:znt2nz6tgu5n3stnck4qjx3t')
2026-03-21T10:12:57Z INFO bsky_collector_v2.job.index_feed_generators: enqueued repos page=29 mode=listRepos inserted=500 repos_returned=500 next_cursor=set
2026-03-21T10:13:25Z WARNING bsky_collector_v2.job.index_feed_generators: listRecords failed repo=did:plc:bnurr6b4yuysupuhzr33i4xc err=HttpError('InvalidRequest: Could not find repo: did:plc:bnurr6b4yuysupuhzr33i4xc')
2026-03-21T10:13:37Z WARNING bsky_collector_v2.job.index_feed_generators: listRecords failed repo=did:plc:dgc6wlcblmizdy5sdwb47ppu err=HttpError('InvalidRequest: Could not find repo: did:plc:dgc6wlcblmizdy5sdwb47ppu')
2026-03-21T10:13:44Z WARNING bsky_collector_v2.job.index_feed_generators: listRecords failed repo=did:plc:ebitmiiugtdtzsh4lztc2mba err=HttpError('InvalidRequest: Could not find repo: did:plc:ebitmiiugtdtzsh4lztc2mba')
2026-03-21T10:14:00Z WARNING bsky_collector_v2.job.index_feed_generators: listRecords failed repo=did:plc:it32kquedrc3zxz5rxexa6o2 err=HttpError('InvalidRequest: Could not find repo: did:plc:it32kquedrc3zxz5rxexa6o2')
2026-03-21T10:14:03Z WARNING bsky_collector_v2.job.index_feed_generators: listRecords failed repo=did:plc:kb4qmkdc62gdd4twril7bbsw err=HttpError('InvalidRequest: Could not find repo: did:plc:kb4qmkdc62gdd4twril7bbsw')
2026-03-21T10:14:18Z WARNING bsky_collector_v2.job.index_feed_generators: listRecords failed repo=did:plc:q5jp4xfpwm6atxgdxereq76f err=HttpError('InvalidRequest: Could not find repo: did:plc:q5jp4xfpwm6atxgdxereq76f')
2026-03-21T10:14:45Z WARNING bsky_collector_v2.job.index_feed_generators: listRecords failed repo=did:plc:bnurr6b4yuysupuhzr33i4xc err=HttpError('InvalidRequest: Could not find repo: did:plc:bnurr6b4yuysupuhzr33i4xc')
2026-03-21T10:14:45Z WARNING bsky_collector_v2.job.index_feed_generators: listRecords failed repo=did:plc:dgc6wlcblmizdy5sdwb47ppu err=HttpError('InvalidRequest: Could not find repo: did:plc:dgc6wlcblmizdy5sdwb47ppu')
2026-03-21T10:14:46Z WARNING bsky_collector_v2.job.index_feed_generators: listRecords failed repo=did:plc:ebitmiiugtdtzsh4lztc2mba err=HttpError('InvalidRequest: Could not find repo: did:plc:ebitmiiugtdtzsh4lztc2mba')
2026-03-21T10:14:46Z WARNING bsky_collector_v2.job.index_feed_generators: listRecords failed repo=did:plc:it32kquedrc3zxz5rxexa6o2 err=HttpError('InvalidRequest: Could not find repo: did:plc:it32kquedrc3zxz5rxexa6o2')
2026-03-21T10:14:46Z WARNING bsky_collector_v2.job.index_feed_generators: listRecords failed repo=did:plc:kb4qmkdc62gdd4twril7bbsw err=HttpError('InvalidRequest: Could not find repo: did:plc:kb4qmkdc62gdd4twril7bbsw')
2026-03-21T10:14:46Z WARNING bsky_collector_v2.job.index_feed_generators: listRecords failed repo=did:plc:q5jp4xfpwm6atxgdxereq76f err=HttpError('InvalidRequest: Could not find repo: did:plc:q5jp4xfpwm6atxgdxereq76f')
2026-03-21T10:14:46Z WARNING bsky_collector_v2.job.index_feed_generators: listRecords failed repo=did:plc:bnurr6b4yuysupuhzr33i4xc err=HttpError('InvalidRequest: Could not find repo: did:plc:bnurr6b4yuysupuhzr33i4xc')
2026-03-21T10:14:46Z WARNING bsky_collector_v2.job.index_feed_generators: listRecords failed repo=did:plc:dgc6wlcblmizdy5sdwb47ppu err=HttpError('InvalidRequest: Could not find repo: did:plc:dgc6wlcblmizdy5sdwb47ppu')
2026-03-21T10:14:46Z WARNING bsky_collector_v2.job.index_feed_generators: listRecords failed repo=did:plc:ebitmiiugtdtzsh4lztc2mba err=HttpError('InvalidRequest: Could not find repo: did:plc:ebitmiiugtdtzsh4lztc2mba')
2026-03-21T10:14:46Z WARNING bsky_collector_v2.job.index_feed_generators: listRecords failed repo=did:plc:it32kquedrc3zxz5rxexa6o2 err=HttpError('InvalidRequest: Could not find repo: did:plc:it32kquedrc3zxz5rxexa6o2')
2026-03-21T10:14:46Z WARNING bsky_collector_v2.job.index_feed_generators: listRecords failed repo=did:plc:kb4qmkdc62gdd4twril7bbsw err=HttpError('InvalidRequest: Could not find repo: did:plc:kb4qmkdc62gdd4twril7bbsw')
2026-03-21T10:14:46Z WARNING bsky_collector_v2.job.index_feed_generators: listRecords failed repo=did:plc:q5jp4xfpwm6atxgdxereq76f err=HttpError('InvalidRequest: Could not find repo: did:plc:q5jp4xfpwm6atxgdxereq76f')
2026-03-21T10:14:47Z INFO bsky_collector_v2.job.index_feed_generators: enqueued repos page=30 mode=listRepos inserted=500 repos_returned=500 next_cursor=set
2026-03-21T10:14:49Z WARNING bsky_collector_v2.job.index_feed_generators: listRecords failed repo=did:plc:35ytezciqhg7znaadbx6ikj3 err=HttpError('InvalidRequest: Could not find repo: did:plc:35ytezciqhg7znaadbx6ikj3')
2026-03-21T10:15:02Z WARNING bsky_collector_v2.job.index_feed_generators: listRecords failed repo=did:plc:5raepxnyyq7p2woqdbgupggt err=HttpError('InvalidRequest: Could not find repo: did:plc:5raepxnyyq7p2woqdbgupggt')
2026-03-21T10:15:07Z WARNING bsky_collector_v2.job.index_feed_generators: listRecords failed repo=did:plc:6td6pjlfoboahpcwhvgwxdts err=HttpError('InvalidRequest: Could not find repo: did:plc:6td6pjlfoboahpcwhvgwxdts')
2026-03-21T10:15:09Z WARNING bsky_collector_v2.job.index_feed_generators: listRecords failed repo=did:plc:7dmiacm5rlzjppbyo4p7urbz err=HttpError('InvalidRequest: Could not find repo: did:plc:7dmiacm5rlzjppbyo4p7urbz')
2026-03-21T10:15:25Z INFO bsky_collector_v2.job.index_feed_generators: indexed repo=did:plc:e4mwbstfikactws3kyl2a35j part=98 records=1 next_cursor=set
2026-03-21T10:15:44Z WARNING bsky_collector_v2.job.index_feed_generators: listRecords failed repo=did:plc:kqzll4hfwpxdma2p2r5wgd7a err=HttpError('InvalidRequest: Could not find repo: did:plc:kqzll4hfwpxdma2p2r5wgd7a')
2026-03-21T10:15:45Z WARNING bsky_collector_v2.job.index_feed_generators: listRecords failed repo=did:plc:llt3bovfvqtw4qqd2stzryv2 err=HttpError('InvalidRequest: Could not find repo: did:plc:llt3bovfvqtw4qqd2stzryv2')
2026-03-21T10:16:03Z WARNING bsky_collector_v2.job.index_feed_generators: listRecords failed repo=did:plc:slwm6snefsva755cugntnyjt err=HttpError('InvalidRequest: Could not find repo: did:plc:slwm6snefsva755cugntnyjt')
2026-03-21T10:16:13Z WARNING bsky_collector_v2.job.index_feed_generators: listRecords failed repo=did:plc:w6he37c3asmmym7wr4mf6fzz err=HttpError('InvalidRequest: Could not find repo: did:plc:w6he37c3asmmym7wr4mf6fzz')
2026-03-21T10:16:14Z WARNING bsky_collector_v2.job.index_feed_generators: listRecords failed repo=did:plc:wisgj57y26h3cywu7lksyzce err=HttpError('InvalidRequest: Could not find repo: did:plc:wisgj57y26h3cywu7lksyzce')
2026-03-21T10:16:18Z WARNING bsky_collector_v2.job.index_feed_generators: listRecords failed repo=did:plc:xpmaqj54x6asoyeanqyuwphq err=HttpError('InvalidRequest: Could not find repo: did:plc:xpmaqj54x6asoyeanqyuwphq')
2026-03-21T10:16:25Z WARNING bsky_collector_v2.job.index_feed_generators: listRecords failed repo=did:plc:zsvcpl7ornjowvt5x36tufov err=HttpError('InvalidRequest: Could not find repo: did:plc:zsvcpl7ornjowvt5x36tufov')
2026-03-21T10:16:25Z WARNING bsky_collector_v2.job.index_feed_generators: listRecords failed repo=did:plc:35ytezciqhg7znaadbx6ikj3 err=HttpError('InvalidRequest: Could not find repo: did:plc:35ytezciqhg7znaadbx6ikj3')
2026-03-21T10:16:25Z WARNING bsky_collector_v2.job.index_feed_generators: listRecords failed repo=did:plc:5raepxnyyq7p2woqdbgupggt err=HttpError('InvalidRequest: Could not find repo: did:plc:5raepxnyyq7p2woqdbgupggt')
2026-03-21T10:16:25Z WARNING bsky_collector_v2.job.index_feed_generators: listRecords failed repo=did:plc:6td6pjlfoboahpcwhvgwxdts err=HttpError('InvalidRequest: Could not find repo: did:plc:6td6pjlfoboahpcwhvgwxdts')
2026-03-21T10:16:25Z WARNING bsky_collector_v2.job.index_feed_generators: listRecords failed repo=did:plc:7dmiacm5rlzjppbyo4p7urbz err=HttpError('InvalidRequest: Could not find repo: did:plc:7dmiacm5rlzjppbyo4p7urbz')
2026-03-21T10:16:25Z WARNING bsky_collector_v2.job.index_feed_generators: listRecords failed repo=did:plc:kqzll4hfwpxdma2p2r5wgd7a err=HttpError('InvalidRequest: Could not find repo: did:plc:kqzll4hfwpxdma2p2r5wgd7a')
2026-03-21T10:16:25Z WARNING bsky_collector_v2.job.index_feed_generators: listRecords failed repo=did:plc:llt3bovfvqtw4qqd2stzryv2 err=HttpError('InvalidRequest: Could not find repo: did:plc:llt3bovfvqtw4qqd2stzryv2')
2026-03-21T10:16:25Z WARNING bsky_collector_v2.job.index_feed_generators: listRecords failed repo=did:plc:slwm6snefsva755cugntnyjt err=HttpError('InvalidRequest: Could not find repo: did:plc:slwm6snefsva755cugntnyjt')
2026-03-21T10:16:25Z WARNING bsky_collector_v2.job.index_feed_generators: listRecords failed repo=did:plc:w6he37c3asmmym7wr4mf6fzz err=HttpError('InvalidRequest: Could not find repo: did:plc:w6he37c3asmmym7wr4mf6fzz')
2026-03-21T10:16:25Z WARNING bsky_collector_v2.job.index_feed_generators: listRecords failed repo=did:plc:wisgj57y26h3cywu7lksyzce err=HttpError('InvalidRequest: Could not find repo: did:plc:wisgj57y26h3cywu7lksyzce')
2026-03-21T10:16:26Z WARNING bsky_collector_v2.job.index_feed_generators: listRecords failed repo=did:plc:xpmaqj54x6asoyeanqyuwphq err=HttpError('InvalidRequest: Could not find repo: did:plc:xpmaqj54x6asoyeanqyuwphq')
2026-03-21T10:16:26Z WARNING bsky_collector_v2.job.index_feed_generators: listRecords failed repo=did:plc:zsvcpl7ornjowvt5x36tufov err=HttpError('InvalidRequest: Could not find repo: did:plc:zsvcpl7ornjowvt5x36tufov')
2026-03-21T10:16:26Z WARNING bsky_collector_v2.job.index_feed_generators: listRecords failed repo=did:plc:35ytezciqhg7znaadbx6ikj3 err=HttpError('InvalidRequest: Could not find repo: did:plc:35ytezciqhg7znaadbx6ikj3')
2026-03-21T10:16:26Z WARNING bsky_collector_v2.job.index_feed_generators: listRecords failed repo=did:plc:5raepxnyyq7p2woqdbgupggt err=HttpError('InvalidRequest: Could not find repo: did:plc:5raepxnyyq7p2woqdbgupggt')
2026-03-21T10:16:26Z WARNING bsky_collector_v2.job.index_feed_generators: listRecords failed repo=did:plc:6td6pjlfoboahpcwhvgwxdts err=HttpError('InvalidRequest: Could not find repo: did:plc:6td6pjlfoboahpcwhvgwxdts')
2026-03-21T10:16:26Z WARNING bsky_collector_v2.job.index_feed_generators: listRecords failed repo=did:plc:7dmiacm5rlzjppbyo4p7urbz err=HttpError('InvalidRequest: Could not find repo: did:plc:7dmiacm5rlzjppbyo4p7urbz')
2026-03-21T10:16:26Z WARNING bsky_collector_v2.job.index_feed_generators: listRecords failed repo=did:plc:kqzll4hfwpxdma2p2r5wgd7a err=HttpError('InvalidRequest: Could not find repo: did:plc:kqzll4hfwpxdma2p2r5wgd7a')
2026-03-21T10:16:26Z WARNING bsky_collector_v2.job.index_feed_generators: listRecords failed repo=did:plc:llt3bovfvqtw4qqd2stzryv2 err=HttpError('InvalidRequest: Could not find repo: did:plc:llt3bovfvqtw4qqd2stzryv2')
2026-03-21T10:16:26Z WARNING bsky_collector_v2.job.index_feed_generators: listRecords failed repo=did:plc:slwm6snefsva755cugntnyjt err=HttpError('InvalidRequest: Could not find repo: did:plc:slwm6snefsva755cugntnyjt')
2026-03-21T10:16:26Z WARNING bsky_collector_v2.job.index_feed_generators: listRecords failed repo=did:plc:w6he37c3asmmym7wr4mf6fzz err=HttpError('InvalidRequest: Could not find repo: did:plc:w6he37c3asmmym7wr4mf6fzz')
2026-03-21T10:16:26Z WARNING bsky_collector_v2.job.index_feed_generators: listRecords failed repo=did:plc:wisgj57y26h3cywu7lksyzce err=HttpError('InvalidRequest: Could not find repo: did:plc:wisgj57y26h3cywu7lksyzce')
2026-03-21T10:16:26Z WARNING bsky_collector_v2.job.index_feed_generators: listRecords failed repo=did:plc:xpmaqj54x6asoyeanqyuwphq err=HttpError('InvalidRequest: Could not find repo: did:plc:xpmaqj54x6asoyeanqyuwphq')
2026-03-21T10:16:26Z WARNING bsky_collector_v2.job.index_feed_generators: listRecords failed repo=did:plc:zsvcpl7ornjowvt5x36tufov err=HttpError('InvalidRequest: Could not find repo: did:plc:zsvcpl7ornjowvt5x36tufov')
2026-03-21T10:16:27Z INFO bsky_collector_v2.job.index_feed_generators: enqueued repos page=31 mode=listRepos inserted=500 repos_returned=500 next_cursor=set
2026-03-21T10:16:44Z WARNING bsky_collector_v2.job.index_feed_generators: listRecords failed repo=did:plc:a5zenybxw6ixf3l74i7tiker err=HttpError('InvalidRequest: Could not find repo: did:plc:a5zenybxw6ixf3l74i7tiker')
2026-03-21T10:16:47Z WARNING bsky_collector_v2.job.index_feed_generators: listRecords failed repo=did:plc:bdfxooepo6ah3yqaa52bxl4o err=HttpError('InvalidRequest: Could not find repo: did:plc:bdfxooepo6ah3yqaa52bxl4o')
2026-03-21T10:17:20Z WARNING bsky_collector_v2.job.index_feed_generators: listRecords failed repo=did:plc:jerj25zbvj2mu5yvsdkau66i err=HttpError('InvalidRequest: Could not find repo: did:plc:jerj25zbvj2mu5yvsdkau66i')
2026-03-21T10:17:48Z WARNING bsky_collector_v2.job.index_feed_generators: listRecords failed repo=did:plc:tim3pybrk6mwedm6egteqwnh err=HttpError('InvalidRequest: Could not find repo: did:plc:tim3pybrk6mwedm6egteqwnh')
2026-03-21T10:18:01Z WARNING bsky_collector_v2.job.index_feed_generators: listRecords failed repo=did:plc:ym3yw5oaj7xfntdg6ptmtpnj err=HttpError('InvalidRequest: Could not find repo: did:plc:ym3yw5oaj7xfntdg6ptmtpnj')
2026-03-21T10:18:05Z WARNING bsky_collector_v2.job.index_feed_generators: listRecords failed repo=did:plc:a5zenybxw6ixf3l74i7tiker err=HttpError('InvalidRequest: Could not find repo: did:plc:a5zenybxw6ixf3l74i7tiker')
2026-03-21T10:18:05Z WARNING bsky_collector_v2.job.index_feed_generators: listRecords failed repo=did:plc:bdfxooepo6ah3yqaa52bxl4o err=HttpError('InvalidRequest: Could not find repo: did:plc:bdfxooepo6ah3yqaa52bxl4o')
2026-03-21T10:18:05Z WARNING bsky_collector_v2.job.index_feed_generators: listRecords failed repo=did:plc:jerj25zbvj2mu5yvsdkau66i err=HttpError('InvalidRequest: Could not find repo: did:plc:jerj25zbvj2mu5yvsdkau66i')
2026-03-21T10:18:05Z WARNING bsky_collector_v2.job.index_feed_generators: listRecords failed repo=did:plc:tim3pybrk6mwedm6egteqwnh err=HttpError('InvalidRequest: Could not find repo: did:plc:tim3pybrk6mwedm6egteqwnh')
2026-03-21T10:18:05Z WARNING bsky_collector_v2.job.index_feed_generators: listRecords failed repo=did:plc:ym3yw5oaj7xfntdg6ptmtpnj err=HttpError('InvalidRequest: Could not find repo: did:plc:ym3yw5oaj7xfntdg6ptmtpnj')
2026-03-21T10:18:05Z WARNING bsky_collector_v2.job.index_feed_generators: listRecords failed repo=did:plc:a5zenybxw6ixf3l74i7tiker err=HttpError('InvalidRequest: Could not find repo: did:plc:a5zenybxw6ixf3l74i7tiker')
2026-03-21T10:18:05Z WARNING bsky_collector_v2.job.index_feed_generators: listRecords failed repo=did:plc:bdfxooepo6ah3yqaa52bxl4o err=HttpError('InvalidRequest: Could not find repo: did:plc:bdfxooepo6ah3yqaa52bxl4o')
2026-03-21T10:18:05Z WARNING bsky_collector_v2.job.index_feed_generators: listRecords failed repo=did:plc:jerj25zbvj2mu5yvsdkau66i err=HttpError('InvalidRequest: Could not find repo: did:plc:jerj25zbvj2mu5yvsdkau66i')
2026-03-21T10:18:05Z WARNING bsky_collector_v2.job.index_feed_generators: listRecords failed repo=did:plc:tim3pybrk6mwedm6egteqwnh err=HttpError('InvalidRequest: Could not find repo: did:plc:tim3pybrk6mwedm6egteqwnh')
2026-03-21T10:18:05Z WARNING bsky_collector_v2.job.index_feed_generators: listRecords failed repo=did:plc:ym3yw5oaj7xfntdg6ptmtpnj err=HttpError('InvalidRequest: Could not find repo: did:plc:ym3yw5oaj7xfntdg6ptmtpnj')
2026-03-21T10:18:06Z INFO bsky_collector_v2.job.index_feed_generators: enqueued repos page=32 mode=listRepos inserted=500 repos_returned=500 next_cursor=set
2026-03-21T10:18:28Z INFO bsky_collector_v2.job.index_feed_generators: indexed repo=did:plc:b4p45jngwv4debp6ljrm5mee part=99 records=2 next_cursor=set
2026-03-21T10:18:32Z WARNING bsky_collector_v2.job.index_feed_generators: listRecords failed repo=did:plc:c3ivqr753wh2jkrpy4yskao3 err=HttpError('InvalidRequest: Could not find repo: did:plc:c3ivqr753wh2jkrpy4yskao3')
2026-03-21T10:18:45Z INFO bsky_collector_v2.job.index_feed_generators: indexed repo=did:plc:hnlecg2s2ls6vlujfq6vx7qb part=100 records=1 next_cursor=set
2026-03-21T10:19:36Z WARNING bsky_collector_v2.job.index_feed_generators: listRecords failed repo=did:plc:xmn37mzngnenpnkofar3ldem err=HttpError('InvalidRequest: Could not find repo: did:plc:xmn37mzngnenpnkofar3ldem')
2026-03-21T10:19:41Z WARNING bsky_collector_v2.job.index_feed_generators: listRecords failed repo=did:plc:ypiebsx75hlnecumpsz6xr3g err=HttpError('InvalidRequest: Could not find repo: did:plc:ypiebsx75hlnecumpsz6xr3g')
2026-03-21T10:19:45Z WARNING bsky_collector_v2.job.index_feed_generators: listRecords failed repo=did:plc:c3ivqr753wh2jkrpy4yskao3 err=HttpError('InvalidRequest: Could not find repo: did:plc:c3ivqr753wh2jkrpy4yskao3')
2026-03-21T10:19:45Z WARNING bsky_collector_v2.job.index_feed_generators: listRecords failed repo=did:plc:xmn37mzngnenpnkofar3ldem err=HttpError('InvalidRequest: Could not find repo: did:plc:xmn37mzngnenpnkofar3ldem')
2026-03-21T10:19:46Z WARNING bsky_collector_v2.job.index_feed_generators: listRecords failed repo=did:plc:ypiebsx75hlnecumpsz6xr3g err=HttpError('InvalidRequest: Could not find repo: did:plc:ypiebsx75hlnecumpsz6xr3g')
2026-03-21T10:19:46Z WARNING bsky_collector_v2.job.index_feed_generators: listRecords failed repo=did:plc:c3ivqr753wh2jkrpy4yskao3 err=HttpError('InvalidRequest: Could not find repo: did:plc:c3ivqr753wh2jkrpy4yskao3')
2026-03-21T10:19:46Z WARNING bsky_collector_v2.job.index_feed_generators: listRecords failed repo=did:plc:xmn37mzngnenpnkofar3ldem err=HttpError('InvalidRequest: Could not find repo: did:plc:xmn37mzngnenpnkofar3ldem')
2026-03-21T10:19:46Z WARNING bsky_collector_v2.job.index_feed_generators: listRecords failed repo=did:plc:ypiebsx75hlnecumpsz6xr3g err=HttpError('InvalidRequest: Could not find repo: did:plc:ypiebsx75hlnecumpsz6xr3g')
2026-03-21T10:19:46Z INFO bsky_collector_v2.job.index_feed_generators: enqueued repos page=33 mode=listRepos inserted=500 repos_returned=500 next_cursor=set
2026-03-21T10:20:19Z INFO bsky_collector_v2.job.index_feed_generators: indexed repo=did:plc:hc7tndm7gduompba65aps75k part=101 records=3 next_cursor=set
2026-03-21T10:21:11Z WARNING bsky_collector_v2.job.index_feed_generators: listRecords failed repo=did:plc:zpee4d6bzndawfvsjh6ey7ru err=HttpError('InvalidRequest: Could not find repo: did:plc:zpee4d6bzndawfvsjh6ey7ru')
2026-03-21T10:21:11Z WARNING bsky_collector_v2.job.index_feed_generators: listRecords failed repo=did:plc:zpee4d6bzndawfvsjh6ey7ru err=HttpError('InvalidRequest: Could not find repo: did:plc:zpee4d6bzndawfvsjh6ey7ru')
2026-03-21T10:21:11Z WARNING bsky_collector_v2.job.index_feed_generators: listRecords failed repo=did:plc:zpee4d6bzndawfvsjh6ey7ru err=HttpError('InvalidRequest: Could not find repo: did:plc:zpee4d6bzndawfvsjh6ey7ru')
2026-03-21T10:21:12Z INFO bsky_collector_v2.job.index_feed_generators: enqueued repos page=34 mode=listRepos inserted=500 repos_returned=500 next_cursor=set
