2026-03-29T12:44:49Z INFO bsky_collector_v2: out_base ok path=/Volumes/T9/BlueSky/data_v2_full mount=/Volumes/T9
2026-03-29T12:44:49Z INFO bsky_collector_v2: job start subcommand=index-feed-generators dry_run=False resume=True
2026-03-29T12:44:49Z INFO bsky_collector_v2.job.index_feed_generators: feed generator index hosts relay_host=https://bsky.network records_host=https://bsky.social auth=yes
2026-03-29T12:44:56Z WARNING bsky_collector_v2.job.index_feed_generators: listRecords failed repo=did:plc:uewkhvkl3deiglclhh27ydxc err=HttpError('InvalidRequest: Could not find repo: did:plc:uewkhvkl3deiglclhh27ydxc')
2026-03-29T12:45:00Z WARNING bsky_collector_v2.job.index_feed_generators: listRecords failed repo=did:plc:v6hy7fjpabrkzfi3jupajm5k err=HttpError('InvalidRequest: Could not find repo: did:plc:v6hy7fjpabrkzfi3jupajm5k')
2026-03-29T12:45:08Z WARNING bsky_collector_v2.job.index_feed_generators: listRecords failed repo=did:plc:xekldblmxub3qn7u66cuz66j err=HttpError('InvalidRequest: Could not find repo: did:plc:xekldblmxub3qn7u66cuz66j')
2026-03-29T12:45:15Z WARNING bsky_collector_v2.job.index_feed_generators: listRecords failed repo=did:plc:2upv75ffzfvf6pxucpcjwj6k err=HttpError('InvalidRequest: Could not find repo: did:plc:2upv75ffzfvf6pxucpcjwj6k')
2026-03-29T12:45:15Z WARNING bsky_collector_v2.job.index_feed_generators: listRecords failed repo=did:plc:77vn3kxzzr5ilybjmsxgzeb5 err=HttpError('InvalidRequest: Could not find repo: did:plc:77vn3kxzzr5ilybjmsxgzeb5')
2026-03-29T12:45:15Z WARNING bsky_collector_v2.job.index_feed_generators: listRecords failed repo=did:plc:gdcub2kmyl5dnyyyxfnn66n3 err=HttpError('InvalidRequest: Could not find repo: did:plc:gdcub2kmyl5dnyyyxfnn66n3')
2026-03-29T12:45:15Z WARNING bsky_collector_v2.job.index_feed_generators: listRecords failed repo=did:plc:l37saig6ag45xc75kq32w3ur err=HttpError('InvalidRequest: Could not find repo: did:plc:l37saig6ag45xc75kq32w3ur')
2026-03-29T12:45:15Z WARNING bsky_collector_v2.job.index_feed_generators: listRecords failed repo=did:plc:m4e3w2xkgacinzoyanvyp5bc err=HttpError('InvalidRequest: Could not find repo: did:plc:m4e3w2xkgacinzoyanvyp5bc')
2026-03-29T12:45:15Z WARNING bsky_collector_v2.job.index_feed_generators: listRecords failed repo=did:plc:mpo4bqhcyxdaordw74ak4jhi err=HttpError('InvalidRequest: Could not find repo: did:plc:mpo4bqhcyxdaordw74ak4jhi')
2026-03-29T12:45:15Z WARNING bsky_collector_v2.job.index_feed_generators: listRecords failed repo=did:plc:rw7fw3wussds7awrokfq4irs err=HttpError('InvalidRequest: Could not find repo: did:plc:rw7fw3wussds7awrokfq4irs')
2026-03-29T12:45:15Z WARNING bsky_collector_v2.job.index_feed_generators: listRecords failed repo=did:plc:t5gv2r5ud7s5kchsftn5a64c err=HttpError('InvalidRequest: Could not find repo: did:plc:t5gv2r5ud7s5kchsftn5a64c')
2026-03-29T12:45:15Z WARNING bsky_collector_v2.job.index_feed_generators: listRecords failed repo=did:plc:uewkhvkl3deiglclhh27ydxc err=HttpError('InvalidRequest: Could not find repo: did:plc:uewkhvkl3deiglclhh27ydxc')
2026-03-29T12:45:15Z WARNING bsky_collector_v2.job.index_feed_generators: listRecords failed repo=did:plc:v6hy7fjpabrkzfi3jupajm5k err=HttpError('InvalidRequest: Could not find repo: did:plc:v6hy7fjpabrkzfi3jupajm5k')
2026-03-29T12:45:15Z WARNING bsky_collector_v2.job.index_feed_generators: listRecords failed repo=did:plc:xekldblmxub3qn7u66cuz66j err=HttpError('InvalidRequest: Could not find repo: did:plc:xekldblmxub3qn7u66cuz66j')
2026-03-29T12:45:16Z WARNING bsky_collector_v2.job.index_feed_generators: listRecords failed repo=did:plc:2upv75ffzfvf6pxucpcjwj6k err=HttpError('InvalidRequest: Could not find repo: did:plc:2upv75ffzfvf6pxucpcjwj6k')
2026-03-29T12:45:16Z WARNING bsky_collector_v2.job.index_feed_generators: listRecords failed repo=did:plc:77vn3kxzzr5ilybjmsxgzeb5 err=HttpError('InvalidRequest: Could not find repo: did:plc:77vn3kxzzr5ilybjmsxgzeb5')
2026-03-29T12:45:16Z WARNING bsky_collector_v2.job.index_feed_generators: listRecords failed repo=did:plc:gdcub2kmyl5dnyyyxfnn66n3 err=HttpError('InvalidRequest: Could not find repo: did:plc:gdcub2kmyl5dnyyyxfnn66n3')
2026-03-29T12:45:16Z WARNING bsky_collector_v2.job.index_feed_generators: listRecords failed repo=did:plc:l37saig6ag45xc75kq32w3ur err=HttpError('InvalidRequest: Could not find repo: did:plc:l37saig6ag45xc75kq32w3ur')
2026-03-29T12:45:16Z WARNING bsky_collector_v2.job.index_feed_generators: listRecords failed repo=did:plc:m4e3w2xkgacinzoyanvyp5bc err=HttpError('InvalidRequest: Could not find repo: did:plc:m4e3w2xkgacinzoyanvyp5bc')
2026-03-29T12:45:16Z WARNING bsky_collector_v2.job.index_feed_generators: listRecords failed repo=did:plc:mpo4bqhcyxdaordw74ak4jhi err=HttpError('InvalidRequest: Could not find repo: did:plc:mpo4bqhcyxdaordw74ak4jhi')
2026-03-29T12:45:16Z WARNING bsky_collector_v2.job.index_feed_generators: listRecords failed repo=did:plc:rw7fw3wussds7awrokfq4irs err=HttpError('InvalidRequest: Could not find repo: did:plc:rw7fw3wussds7awrokfq4irs')
2026-03-29T12:45:16Z WARNING bsky_collector_v2.job.index_feed_generators: listRecords failed repo=did:plc:t5gv2r5ud7s5kchsftn5a64c err=HttpError('InvalidRequest: Could not find repo: did:plc:t5gv2r5ud7s5kchsftn5a64c')
2026-03-29T12:45:16Z WARNING bsky_collector_v2.job.index_feed_generators: listRecords failed repo=did:plc:uewkhvkl3deiglclhh27ydxc err=HttpError('InvalidRequest: Could not find repo: did:plc:uewkhvkl3deiglclhh27ydxc')
2026-03-29T12:45:16Z WARNING bsky_collector_v2.job.index_feed_generators: listRecords failed repo=did:plc:v6hy7fjpabrkzfi3jupajm5k err=HttpError('InvalidRequest: Could not find repo: did:plc:v6hy7fjpabrkzfi3jupajm5k')
2026-03-29T12:45:16Z WARNING bsky_collector_v2.job.index_feed_generators: listRecords failed repo=did:plc:xekldblmxub3qn7u66cuz66j err=HttpError('InvalidRequest: Could not find repo: did:plc:xekldblmxub3qn7u66cuz66j')
2026-03-29T12:45:17Z INFO bsky_collector_v2.job.index_feed_generators: enqueued repos page=1 mode=listRepos inserted=500 repos_returned=500 next_cursor=set
2026-03-29T12:45:17Z WARNING bsky_collector_v2.job.index_feed_generators: listRecords failed repo=did:plc:27gm7vgntmytkdpdu5tn2nrx err=HttpError('InvalidRequest: Could not find repo: did:plc:27gm7vgntmytkdpdu5tn2nrx')
2026-03-29T12:45:18Z WARNING bsky_collector_v2.job.index_feed_generators: listRecords failed repo=did:plc:2xbcp3qcejstkrnduxpcjqea err=HttpError('InvalidRequest: Could not find repo: did:plc:2xbcp3qcejstkrnduxpcjqea')
2026-03-29T12:45:25Z WARNING bsky_collector_v2.job.index_feed_generators: listRecords failed repo=did:plc:5ythjzanwtw6g5frulegk5ex err=HttpError('InvalidRequest: Could not find repo: did:plc:5ythjzanwtw6g5frulegk5ex')
2026-03-29T12:45:28Z WARNING bsky_collector_v2.job.index_feed_generators: listRecords failed repo=did:plc:6wzex44kieh4l5see63gzfag err=HttpError('InvalidRequest: Could not find repo: did:plc:6wzex44kieh4l5see63gzfag')
2026-03-29T12:45:32Z WARNING bsky_collector_v2.job.index_feed_generators: listRecords failed repo=did:plc:b6maxlb6q6h755inukbtd3uz err=HttpError('InvalidRequest: Could not find repo: did:plc:b6maxlb6q6h755inukbtd3uz')
2026-03-29T12:45:32Z WARNING bsky_collector_v2.job.index_feed_generators: listRecords failed repo=did:plc:bdokileec3hqervrl3bnt5uy err=HttpError('InvalidRequest: Could not find repo: did:plc:bdokileec3hqervrl3bnt5uy')
2026-03-29T12:45:39Z WARNING bsky_collector_v2.job.index_feed_generators: listRecords failed repo=did:plc:dkkjrnl2vhxki5n6emet7ue6 err=HttpError('InvalidRequest: Could not find repo: did:plc:dkkjrnl2vhxki5n6emet7ue6')
2026-03-29T12:45:52Z INFO bsky_collector_v2.job.index_feed_generators: indexed repo=did:plc:idlmh3gmjbfu7tdhobkqom6i part=70 records=1 next_cursor=set
2026-03-29T12:46:16Z INFO bsky_collector_v2.job.index_feed_generators: indexed repo=did:plc:rmmg3x5qin6qh435xatse65r part=71 records=3 next_cursor=set
2026-03-29T12:46:26Z WARNING bsky_collector_v2.job.index_feed_generators: listRecords failed repo=did:plc:uy5njwweo73rrhrcuofh6b7n err=HttpError('InvalidRequest: Could not find repo: did:plc:uy5njwweo73rrhrcuofh6b7n')
2026-03-29T12:46:27Z WARNING bsky_collector_v2.job.index_feed_generators: listRecords failed repo=did:plc:vtv6wykuh64tgsuigfoakssu err=HttpError('InvalidRequest: Could not find repo: did:plc:vtv6wykuh64tgsuigfoakssu')
2026-03-29T12:46:34Z WARNING bsky_collector_v2.job.index_feed_generators: listRecords failed repo=did:plc:ylzasnuc7nd5ega7tmefxzkf err=HttpError('InvalidRequest: Could not find repo: did:plc:ylzasnuc7nd5ega7tmefxzkf')
2026-03-29T12:46:37Z WARNING bsky_collector_v2.job.index_feed_generators: listRecords failed repo=did:plc:27gm7vgntmytkdpdu5tn2nrx err=HttpError('InvalidRequest: Could not find repo: did:plc:27gm7vgntmytkdpdu5tn2nrx')
2026-03-29T12:46:37Z WARNING bsky_collector_v2.job.index_feed_generators: listRecords failed repo=did:plc:2xbcp3qcejstkrnduxpcjqea err=HttpError('InvalidRequest: Could not find repo: did:plc:2xbcp3qcejstkrnduxpcjqea')
2026-03-29T12:46:37Z WARNING bsky_collector_v2.job.index_feed_generators: listRecords failed repo=did:plc:5ythjzanwtw6g5frulegk5ex err=HttpError('InvalidRequest: Could not find repo: did:plc:5ythjzanwtw6g5frulegk5ex')
2026-03-29T12:46:38Z WARNING bsky_collector_v2.job.index_feed_generators: listRecords failed repo=did:plc:6wzex44kieh4l5see63gzfag err=HttpError('InvalidRequest: Could not find repo: did:plc:6wzex44kieh4l5see63gzfag')
2026-03-29T12:46:38Z WARNING bsky_collector_v2.job.index_feed_generators: listRecords failed repo=did:plc:b6maxlb6q6h755inukbtd3uz err=HttpError('InvalidRequest: Could not find repo: did:plc:b6maxlb6q6h755inukbtd3uz')
2026-03-29T12:46:38Z WARNING bsky_collector_v2.job.index_feed_generators: listRecords failed repo=did:plc:bdokileec3hqervrl3bnt5uy err=HttpError('InvalidRequest: Could not find repo: did:plc:bdokileec3hqervrl3bnt5uy')
2026-03-29T12:46:38Z WARNING bsky_collector_v2.job.index_feed_generators: listRecords failed repo=did:plc:dkkjrnl2vhxki5n6emet7ue6 err=HttpError('InvalidRequest: Could not find repo: did:plc:dkkjrnl2vhxki5n6emet7ue6')
2026-03-29T12:46:38Z WARNING bsky_collector_v2.job.index_feed_generators: listRecords failed repo=did:plc:uy5njwweo73rrhrcuofh6b7n err=HttpError('InvalidRequest: Could not find repo: did:plc:uy5njwweo73rrhrcuofh6b7n')
2026-03-29T12:46:38Z WARNING bsky_collector_v2.job.index_feed_generators: listRecords failed repo=did:plc:vtv6wykuh64tgsuigfoakssu err=HttpError('InvalidRequest: Could not find repo: did:plc:vtv6wykuh64tgsuigfoakssu')
2026-03-29T12:46:38Z WARNING bsky_collector_v2.job.index_feed_generators: listRecords failed repo=did:plc:ylzasnuc7nd5ega7tmefxzkf err=HttpError('InvalidRequest: Could not find repo: did:plc:ylzasnuc7nd5ega7tmefxzkf')
2026-03-29T12:46:38Z WARNING bsky_collector_v2.job.index_feed_generators: listRecords failed repo=did:plc:27gm7vgntmytkdpdu5tn2nrx err=HttpError('InvalidRequest: Could not find repo: did:plc:27gm7vgntmytkdpdu5tn2nrx')
2026-03-29T12:46:38Z WARNING bsky_collector_v2.job.index_feed_generators: listRecords failed repo=did:plc:2xbcp3qcejstkrnduxpcjqea err=HttpError('InvalidRequest: Could not find repo: did:plc:2xbcp3qcejstkrnduxpcjqea')
2026-03-29T12:46:38Z WARNING bsky_collector_v2.job.index_feed_generators: listRecords failed repo=did:plc:5ythjzanwtw6g5frulegk5ex err=HttpError('InvalidRequest: Could not find repo: did:plc:5ythjzanwtw6g5frulegk5ex')
2026-03-29T12:46:38Z WARNING bsky_collector_v2.job.index_feed_generators: listRecords failed repo=did:plc:6wzex44kieh4l5see63gzfag err=HttpError('InvalidRequest: Could not find repo: did:plc:6wzex44kieh4l5see63gzfag')
2026-03-29T12:46:38Z WARNING bsky_collector_v2.job.index_feed_generators: listRecords failed repo=did:plc:b6maxlb6q6h755inukbtd3uz err=HttpError('InvalidRequest: Could not find repo: did:plc:b6maxlb6q6h755inukbtd3uz')
2026-03-29T12:46:39Z WARNING bsky_collector_v2.job.index_feed_generators: listRecords failed repo=did:plc:bdokileec3hqervrl3bnt5uy err=HttpError('InvalidRequest: Could not find repo: did:plc:bdokileec3hqervrl3bnt5uy')
2026-03-29T12:46:39Z WARNING bsky_collector_v2.job.index_feed_generators: listRecords failed repo=did:plc:dkkjrnl2vhxki5n6emet7ue6 err=HttpError('InvalidRequest: Could not find repo: did:plc:dkkjrnl2vhxki5n6emet7ue6')
2026-03-29T12:46:39Z WARNING bsky_collector_v2.job.index_feed_generators: listRecords failed repo=did:plc:uy5njwweo73rrhrcuofh6b7n err=HttpError('InvalidRequest: Could not find repo: did:plc:uy5njwweo73rrhrcuofh6b7n')
2026-03-29T12:46:39Z WARNING bsky_collector_v2.job.index_feed_generators: listRecords failed repo=did:plc:vtv6wykuh64tgsuigfoakssu err=HttpError('InvalidRequest: Could not find repo: did:plc:vtv6wykuh64tgsuigfoakssu')
2026-03-29T12:46:39Z WARNING bsky_collector_v2.job.index_feed_generators: listRecords failed repo=did:plc:ylzasnuc7nd5ega7tmefxzkf err=HttpError('InvalidRequest: Could not find repo: did:plc:ylzasnuc7nd5ega7tmefxzkf')
2026-03-29T12:46:39Z INFO bsky_collector_v2.job.index_feed_generators: enqueued repos page=2 mode=listRepos inserted=500 repos_returned=500 next_cursor=set
2026-03-29T12:46:41Z WARNING bsky_collector_v2.job.index_feed_generators: listRecords failed repo=did:plc:34zt2l2cuepsq6r67ovtw6dc err=HttpError('InvalidRequest: Could not find repo: did:plc:34zt2l2cuepsq6r67ovtw6dc')
2026-03-29T12:46:43Z WARNING bsky_collector_v2.job.index_feed_generators: listRecords failed repo=did:plc:3grpkuolou6typ7breb2yyvz err=HttpError('InvalidRequest: Could not find repo: did:plc:3grpkuolou6typ7breb2yyvz')
2026-03-29T12:46:54Z WARNING bsky_collector_v2.job.index_feed_generators: listRecords failed repo=did:plc:a7i52cfajctn64wqjeaedmmj err=HttpError('InvalidRequest: Could not find repo: did:plc:a7i52cfajctn64wqjeaedmmj')
2026-03-29T12:47:47Z WARNING bsky_collector_v2.job.index_feed_generators: listRecords failed repo=did:plc:srap5tlk36inogyftuur44yd err=HttpError('InvalidRequest: Could not find repo: did:plc:srap5tlk36inogyftuur44yd')
2026-03-29T12:48:03Z WARNING bsky_collector_v2.job.index_feed_generators: listRecords failed repo=did:plc:34zt2l2cuepsq6r67ovtw6dc err=HttpError('InvalidRequest: Could not find repo: did:plc:34zt2l2cuepsq6r67ovtw6dc')
2026-03-29T12:48:03Z WARNING bsky_collector_v2.job.index_feed_generators: listRecords failed repo=did:plc:3grpkuolou6typ7breb2yyvz err=HttpError('InvalidRequest: Could not find repo: did:plc:3grpkuolou6typ7breb2yyvz')
2026-03-29T12:48:03Z WARNING bsky_collector_v2.job.index_feed_generators: listRecords failed repo=did:plc:a7i52cfajctn64wqjeaedmmj err=HttpError('InvalidRequest: Could not find repo: did:plc:a7i52cfajctn64wqjeaedmmj')
2026-03-29T12:48:03Z WARNING bsky_collector_v2.job.index_feed_generators: listRecords failed repo=did:plc:srap5tlk36inogyftuur44yd err=HttpError('InvalidRequest: Could not find repo: did:plc:srap5tlk36inogyftuur44yd')
2026-03-29T12:48:03Z WARNING bsky_collector_v2.job.index_feed_generators: listRecords failed repo=did:plc:34zt2l2cuepsq6r67ovtw6dc err=HttpError('InvalidRequest: Could not find repo: did:plc:34zt2l2cuepsq6r67ovtw6dc')
2026-03-29T12:48:03Z WARNING bsky_collector_v2.job.index_feed_generators: listRecords failed repo=did:plc:3grpkuolou6typ7breb2yyvz err=HttpError('InvalidRequest: Could not find repo: did:plc:3grpkuolou6typ7breb2yyvz')
2026-03-29T12:48:03Z WARNING bsky_collector_v2.job.index_feed_generators: listRecords failed repo=did:plc:a7i52cfajctn64wqjeaedmmj err=HttpError('InvalidRequest: Could not find repo: did:plc:a7i52cfajctn64wqjeaedmmj')
2026-03-29T12:48:03Z WARNING bsky_collector_v2.job.index_feed_generators: listRecords failed repo=did:plc:srap5tlk36inogyftuur44yd err=HttpError('InvalidRequest: Could not find repo: did:plc:srap5tlk36inogyftuur44yd')
2026-03-29T12:48:04Z INFO bsky_collector_v2.job.index_feed_generators: enqueued repos page=3 mode=listRepos inserted=500 repos_returned=500 next_cursor=set
2026-03-29T12:48:05Z WARNING bsky_collector_v2.job.index_feed_generators: listRecords failed repo=did:plc:2motjclgandqsxqttqw5jebm err=HttpError('InvalidRequest: Could not find repo: did:plc:2motjclgandqsxqttqw5jebm')
2026-03-29T12:48:09Z WARNING bsky_collector_v2.job.index_feed_generators: listRecords failed repo=did:plc:3xk5jfczdl35vfmd62essfq7 err=HttpError('InvalidRequest: Could not find repo: did:plc:3xk5jfczdl35vfmd62essfq7')
2026-03-29T12:48:13Z WARNING bsky_collector_v2.job.index_feed_generators: listRecords failed repo=did:plc:5g3w5euw3g5zfbizhj2k3dlp err=HttpError('InvalidRequest: Could not find repo: did:plc:5g3w5euw3g5zfbizhj2k3dlp')
2026-03-29T12:48:23Z WARNING bsky_collector_v2.job.index_feed_generators: listRecords failed repo=did:plc:cqsepexqkrrcjnlipqfuvw5d err=HttpError('InvalidRequest: Could not find repo: did:plc:cqsepexqkrrcjnlipqfuvw5d')
2026-03-29T12:48:24Z WARNING bsky_collector_v2.job.index_feed_generators: listRecords failed repo=did:plc:djkvp4mrbrddsccmckbjqs7o err=HttpError('InvalidRequest: Could not find repo: did:plc:djkvp4mrbrddsccmckbjqs7o')
2026-03-29T12:48:27Z WARNING bsky_collector_v2.job.index_feed_generators: listRecords failed repo=did:plc:expsrslnhqui47bdx5u6hgaq err=HttpError('InvalidRequest: Could not find repo: did:plc:expsrslnhqui47bdx5u6hgaq')
2026-03-29T12:48:33Z WARNING bsky_collector_v2.job.index_feed_generators: listRecords failed repo=did:plc:gzrrmumcnyvv7hqcg7jxcbwv err=HttpError('InvalidRequest: Could not find repo: did:plc:gzrrmumcnyvv7hqcg7jxcbwv')
2026-03-29T12:48:36Z WARNING bsky_collector_v2.job.index_feed_generators: listRecords failed repo=did:plc:iekqmz72b3gsxjvmgpxrnpa6 err=HttpError('InvalidRequest: Could not find repo: did:plc:iekqmz72b3gsxjvmgpxrnpa6')
2026-03-29T12:49:01Z WARNING bsky_collector_v2.job.index_feed_generators: listRecords failed repo=did:plc:qzwzstdbkp5ckzrhrnefotwc err=HttpError('InvalidRequest: Could not find repo: did:plc:qzwzstdbkp5ckzrhrnefotwc')
2026-03-29T12:49:11Z WARNING bsky_collector_v2.job.index_feed_generators: listRecords failed repo=did:plc:v4min36ap24ufpqnwpbirum6 err=HttpError('InvalidRequest: Could not find repo: did:plc:v4min36ap24ufpqnwpbirum6')
2026-03-29T12:49:21Z WARNING bsky_collector_v2.job.index_feed_generators: listRecords failed repo=did:plc:yslojg7eezmj4hen3d6xmmqy err=HttpError('InvalidRequest: Could not find repo: did:plc:yslojg7eezmj4hen3d6xmmqy')
2026-03-29T12:49:22Z WARNING bsky_collector_v2.job.index_feed_generators: listRecords failed repo=did:plc:z5batdzggcauvqk7xp5tfbik err=HttpError('InvalidRequest: Could not find repo: did:plc:z5batdzggcauvqk7xp5tfbik')
2026-03-29T12:49:22Z WARNING bsky_collector_v2.job.index_feed_generators: listRecords failed repo=did:plc:zfa4tcvcymr5mhokyglzpjve err=HttpError('InvalidRequest: Could not find repo: did:plc:zfa4tcvcymr5mhokyglzpjve')
2026-03-29T12:49:23Z WARNING bsky_collector_v2.job.index_feed_generators: listRecords failed repo=did:plc:zkfliseztydcmavto7aarfdl err=HttpError('InvalidRequest: Could not find repo: did:plc:zkfliseztydcmavto7aarfdl')
2026-03-29T12:49:24Z WARNING bsky_collector_v2.job.index_feed_generators: listRecords failed repo=did:plc:2motjclgandqsxqttqw5jebm err=HttpError('InvalidRequest: Could not find repo: did:plc:2motjclgandqsxqttqw5jebm')
2026-03-29T12:49:24Z WARNING bsky_collector_v2.job.index_feed_generators: listRecords failed repo=did:plc:3xk5jfczdl35vfmd62essfq7 err=HttpError('InvalidRequest: Could not find repo: did:plc:3xk5jfczdl35vfmd62essfq7')
2026-03-29T12:49:24Z WARNING bsky_collector_v2.job.index_feed_generators: listRecords failed repo=did:plc:5g3w5euw3g5zfbizhj2k3dlp err=HttpError('InvalidRequest: Could not find repo: did:plc:5g3w5euw3g5zfbizhj2k3dlp')
2026-03-29T12:49:24Z WARNING bsky_collector_v2.job.index_feed_generators: listRecords failed repo=did:plc:cqsepexqkrrcjnlipqfuvw5d err=HttpError('InvalidRequest: Could not find repo: did:plc:cqsepexqkrrcjnlipqfuvw5d')
2026-03-29T12:49:24Z WARNING bsky_collector_v2.job.index_feed_generators: listRecords failed repo=did:plc:djkvp4mrbrddsccmckbjqs7o err=HttpError('InvalidRequest: Could not find repo: did:plc:djkvp4mrbrddsccmckbjqs7o')
2026-03-29T12:49:24Z WARNING bsky_collector_v2.job.index_feed_generators: listRecords failed repo=did:plc:expsrslnhqui47bdx5u6hgaq err=HttpError('InvalidRequest: Could not find repo: did:plc:expsrslnhqui47bdx5u6hgaq')
2026-03-29T12:49:24Z WARNING bsky_collector_v2.job.index_feed_generators: listRecords failed repo=did:plc:gzrrmumcnyvv7hqcg7jxcbwv err=HttpError('InvalidRequest: Could not find repo: did:plc:gzrrmumcnyvv7hqcg7jxcbwv')
2026-03-29T12:49:24Z WARNING bsky_collector_v2.job.index_feed_generators: listRecords failed repo=did:plc:iekqmz72b3gsxjvmgpxrnpa6 err=HttpError('InvalidRequest: Could not find repo: did:plc:iekqmz72b3gsxjvmgpxrnpa6')
2026-03-29T12:49:24Z WARNING bsky_collector_v2.job.index_feed_generators: listRecords failed repo=did:plc:qzwzstdbkp5ckzrhrnefotwc err=HttpError('InvalidRequest: Could not find repo: did:plc:qzwzstdbkp5ckzrhrnefotwc')
2026-03-29T12:49:24Z WARNING bsky_collector_v2.job.index_feed_generators: listRecords failed repo=did:plc:v4min36ap24ufpqnwpbirum6 err=HttpError('InvalidRequest: Could not find repo: did:plc:v4min36ap24ufpqnwpbirum6')
2026-03-29T12:49:24Z WARNING bsky_collector_v2.job.index_feed_generators: listRecords failed repo=did:plc:yslojg7eezmj4hen3d6xmmqy err=HttpError('InvalidRequest: Could not find repo: did:plc:yslojg7eezmj4hen3d6xmmqy')
2026-03-29T12:49:24Z WARNING bsky_collector_v2.job.index_feed_generators: listRecords failed repo=did:plc:z5batdzggcauvqk7xp5tfbik err=HttpError('InvalidRequest: Could not find repo: did:plc:z5batdzggcauvqk7xp5tfbik')
2026-03-29T12:49:24Z WARNING bsky_collector_v2.job.index_feed_generators: listRecords failed repo=did:plc:zfa4tcvcymr5mhokyglzpjve err=HttpError('InvalidRequest: Could not find repo: did:plc:zfa4tcvcymr5mhokyglzpjve')
2026-03-29T12:49:24Z WARNING bsky_collector_v2.job.index_feed_generators: listRecords failed repo=did:plc:zkfliseztydcmavto7aarfdl err=HttpError('InvalidRequest: Could not find repo: did:plc:zkfliseztydcmavto7aarfdl')
2026-03-29T12:49:25Z WARNING bsky_collector_v2.job.index_feed_generators: listRecords failed repo=did:plc:2motjclgandqsxqttqw5jebm err=HttpError('InvalidRequest: Could not find repo: did:plc:2motjclgandqsxqttqw5jebm')
2026-03-29T12:49:25Z WARNING bsky_collector_v2.job.index_feed_generators: listRecords failed repo=did:plc:3xk5jfczdl35vfmd62essfq7 err=HttpError('InvalidRequest: Could not find repo: did:plc:3xk5jfczdl35vfmd62essfq7')
2026-03-29T12:49:25Z WARNING bsky_collector_v2.job.index_feed_generators: listRecords failed repo=did:plc:5g3w5euw3g5zfbizhj2k3dlp err=HttpError('InvalidRequest: Could not find repo: did:plc:5g3w5euw3g5zfbizhj2k3dlp')
2026-03-29T12:49:25Z WARNING bsky_collector_v2.job.index_feed_generators: listRecords failed repo=did:plc:cqsepexqkrrcjnlipqfuvw5d err=HttpError('InvalidRequest: Could not find repo: did:plc:cqsepexqkrrcjnlipqfuvw5d')
2026-03-29T12:49:25Z WARNING bsky_collector_v2.job.index_feed_generators: listRecords failed repo=did:plc:djkvp4mrbrddsccmckbjqs7o err=HttpError('InvalidRequest: Could not find repo: did:plc:djkvp4mrbrddsccmckbjqs7o')
2026-03-29T12:49:25Z WARNING bsky_collector_v2.job.index_feed_generators: listRecords failed repo=did:plc:expsrslnhqui47bdx5u6hgaq err=HttpError('InvalidRequest: Could not find repo: did:plc:expsrslnhqui47bdx5u6hgaq')
2026-03-29T12:49:25Z WARNING bsky_collector_v2.job.index_feed_generators: listRecords failed repo=did:plc:gzrrmumcnyvv7hqcg7jxcbwv err=HttpError('InvalidRequest: Could not find repo: did:plc:gzrrmumcnyvv7hqcg7jxcbwv')
2026-03-29T12:49:25Z WARNING bsky_collector_v2.job.index_feed_generators: listRecords failed repo=did:plc:iekqmz72b3gsxjvmgpxrnpa6 err=HttpError('InvalidRequest: Could not find repo: did:plc:iekqmz72b3gsxjvmgpxrnpa6')
2026-03-29T12:49:25Z WARNING bsky_collector_v2.job.index_feed_generators: listRecords failed repo=did:plc:qzwzstdbkp5ckzrhrnefotwc err=HttpError('InvalidRequest: Could not find repo: did:plc:qzwzstdbkp5ckzrhrnefotwc')
2026-03-29T12:49:25Z WARNING bsky_collector_v2.job.index_feed_generators: listRecords failed repo=did:plc:v4min36ap24ufpqnwpbirum6 err=HttpError('InvalidRequest: Could not find repo: did:plc:v4min36ap24ufpqnwpbirum6')
2026-03-29T12:49:25Z WARNING bsky_collector_v2.job.index_feed_generators: listRecords failed repo=did:plc:yslojg7eezmj4hen3d6xmmqy err=HttpError('InvalidRequest: Could not find repo: did:plc:yslojg7eezmj4hen3d6xmmqy')
2026-03-29T12:49:25Z WARNING bsky_collector_v2.job.index_feed_generators: listRecords failed repo=did:plc:z5batdzggcauvqk7xp5tfbik err=HttpError('InvalidRequest: Could not find repo: did:plc:z5batdzggcauvqk7xp5tfbik')
2026-03-29T12:49:25Z WARNING bsky_collector_v2.job.index_feed_generators: listRecords failed repo=did:plc:zfa4tcvcymr5mhokyglzpjve err=HttpError('InvalidRequest: Could not find repo: did:plc:zfa4tcvcymr5mhokyglzpjve')
2026-03-29T12:49:25Z WARNING bsky_collector_v2.job.index_feed_generators: listRecords failed repo=did:plc:zkfliseztydcmavto7aarfdl err=HttpError('InvalidRequest: Could not find repo: did:plc:zkfliseztydcmavto7aarfdl')
2026-03-29T12:49:26Z INFO bsky_collector_v2.job.index_feed_generators: enqueued repos page=4 mode=listRepos inserted=500 repos_returned=500 next_cursor=set
2026-03-29T12:49:49Z WARNING bsky_collector_v2.job.index_feed_generators: listRecords failed repo=did:plc:by5uza3gmfw2plxvecdbkzsn err=HttpError('InvalidRequest: Could not find repo: did:plc:by5uza3gmfw2plxvecdbkzsn')
2026-03-29T12:50:39Z WARNING bsky_collector_v2.job.index_feed_generators: listRecords failed repo=did:plc:vqf4zc3smvyqbqog7nxly6fv err=HttpError('InvalidRequest: Could not find repo: did:plc:vqf4zc3smvyqbqog7nxly6fv')
2026-03-29T12:50:51Z WARNING bsky_collector_v2.job.index_feed_generators: listRecords failed repo=did:plc:by5uza3gmfw2plxvecdbkzsn err=HttpError('InvalidRequest: Could not find repo: did:plc:by5uza3gmfw2plxvecdbkzsn')
2026-03-29T12:50:51Z WARNING bsky_collector_v2.job.index_feed_generators: listRecords failed repo=did:plc:vqf4zc3smvyqbqog7nxly6fv err=HttpError('InvalidRequest: Could not find repo: did:plc:vqf4zc3smvyqbqog7nxly6fv')
2026-03-29T12:50:51Z WARNING bsky_collector_v2.job.index_feed_generators: listRecords failed repo=did:plc:by5uza3gmfw2plxvecdbkzsn err=HttpError('InvalidRequest: Could not find repo: did:plc:by5uza3gmfw2plxvecdbkzsn')
2026-03-29T12:50:51Z WARNING bsky_collector_v2.job.index_feed_generators: listRecords failed repo=did:plc:vqf4zc3smvyqbqog7nxly6fv err=HttpError('InvalidRequest: Could not find repo: did:plc:vqf4zc3smvyqbqog7nxly6fv')
2026-03-29T12:50:52Z INFO bsky_collector_v2.job.index_feed_generators: enqueued repos page=5 mode=listRepos inserted=500 repos_returned=500 next_cursor=set
2026-03-29T12:50:57Z WARNING bsky_collector_v2.job.index_feed_generators: listRecords failed repo=did:plc:3p3ln72tifub3bad4uni2jba err=HttpError('InvalidRequest: Could not find repo: did:plc:3p3ln72tifub3bad4uni2jba')
2026-03-29T12:51:11Z WARNING bsky_collector_v2.job.index_feed_generators: listRecords failed repo=did:plc:bcxskxcbrsjhu5pne4s7tdw5 err=HttpError('InvalidRequest: Could not find repo: did:plc:bcxskxcbrsjhu5pne4s7tdw5')
2026-03-29T12:51:30Z WARNING bsky_collector_v2.job.index_feed_generators: listRecords failed repo=did:plc:jtxnpvt7dsmtnubfzrtw25aq err=HttpError('InvalidRequest: Could not find repo: did:plc:jtxnpvt7dsmtnubfzrtw25aq')
2026-03-29T12:52:25Z WARNING bsky_collector_v2.job.index_feed_generators: listRecords failed repo=did:plc:zm7uhlwasyuehjxwfscv7gru err=HttpError('InvalidRequest: Could not find repo: did:plc:zm7uhlwasyuehjxwfscv7gru')
2026-03-29T12:52:26Z WARNING bsky_collector_v2.job.index_feed_generators: listRecords failed repo=did:plc:zy3cucjdo2noymbmoyb2tydt err=HttpError('InvalidRequest: Could not find repo: did:plc:zy3cucjdo2noymbmoyb2tydt')
2026-03-29T12:52:26Z WARNING bsky_collector_v2.job.index_feed_generators: listRecords failed repo=did:plc:3p3ln72tifub3bad4uni2jba err=HttpError('InvalidRequest: Could not find repo: did:plc:3p3ln72tifub3bad4uni2jba')
2026-03-29T12:52:26Z WARNING bsky_collector_v2.job.index_feed_generators: listRecords failed repo=did:plc:bcxskxcbrsjhu5pne4s7tdw5 err=HttpError('InvalidRequest: Could not find repo: did:plc:bcxskxcbrsjhu5pne4s7tdw5')
2026-03-29T12:52:27Z WARNING bsky_collector_v2.job.index_feed_generators: listRecords failed repo=did:plc:jtxnpvt7dsmtnubfzrtw25aq err=HttpError('InvalidRequest: Could not find repo: did:plc:jtxnpvt7dsmtnubfzrtw25aq')
2026-03-29T12:52:27Z WARNING bsky_collector_v2.job.index_feed_generators: listRecords failed repo=did:plc:zm7uhlwasyuehjxwfscv7gru err=HttpError('InvalidRequest: Could not find repo: did:plc:zm7uhlwasyuehjxwfscv7gru')
2026-03-29T12:52:27Z WARNING bsky_collector_v2.job.index_feed_generators: listRecords failed repo=did:plc:zy3cucjdo2noymbmoyb2tydt err=HttpError('InvalidRequest: Could not find repo: did:plc:zy3cucjdo2noymbmoyb2tydt')
2026-03-29T12:52:27Z WARNING bsky_collector_v2.job.index_feed_generators: listRecords failed repo=did:plc:3p3ln72tifub3bad4uni2jba err=HttpError('InvalidRequest: Could not find repo: did:plc:3p3ln72tifub3bad4uni2jba')
2026-03-29T12:52:27Z WARNING bsky_collector_v2.job.index_feed_generators: listRecords failed repo=did:plc:bcxskxcbrsjhu5pne4s7tdw5 err=HttpError('InvalidRequest: Could not find repo: did:plc:bcxskxcbrsjhu5pne4s7tdw5')
2026-03-29T12:52:27Z WARNING bsky_collector_v2.job.index_feed_generators: listRecords failed repo=did:plc:jtxnpvt7dsmtnubfzrtw25aq err=HttpError('InvalidRequest: Could not find repo: did:plc:jtxnpvt7dsmtnubfzrtw25aq')
2026-03-29T12:52:27Z WARNING bsky_collector_v2.job.index_feed_generators: listRecords failed repo=did:plc:zm7uhlwasyuehjxwfscv7gru err=HttpError('InvalidRequest: Could not find repo: did:plc:zm7uhlwasyuehjxwfscv7gru')
2026-03-29T12:52:27Z WARNING bsky_collector_v2.job.index_feed_generators: listRecords failed repo=did:plc:zy3cucjdo2noymbmoyb2tydt err=HttpError('InvalidRequest: Could not find repo: did:plc:zy3cucjdo2noymbmoyb2tydt')
2026-03-29T12:52:28Z INFO bsky_collector_v2.job.index_feed_generators: enqueued repos page=6 mode=listRepos inserted=500 repos_returned=500 next_cursor=set
2026-03-29T12:52:52Z WARNING bsky_collector_v2.job.index_feed_generators: listRecords failed repo=did:plc:f275vw3nl24xrzh5afisqj3k err=HttpError('InvalidRequest: Could not find repo: did:plc:f275vw3nl24xrzh5afisqj3k')
2026-03-29T12:52:54Z WARNING bsky_collector_v2.job.index_feed_generators: listRecords failed repo=did:plc:fdvhvs4kspertl4g76r3efag err=HttpError('InvalidRequest: Could not find repo: did:plc:fdvhvs4kspertl4g76r3efag')
2026-03-29T12:52:58Z WARNING bsky_collector_v2.job.index_feed_generators: listRecords failed repo=did:plc:hapadcwsnl3ihy5voddsjauk err=HttpError('InvalidRequest: Could not find repo: did:plc:hapadcwsnl3ihy5voddsjauk')
2026-03-29T12:53:31Z INFO bsky_collector_v2.job.index_feed_generators: indexed repo=did:plc:tdhvgwpr2a5h6qrgq3mxrhgq part=72 records=1 next_cursor=set
2026-03-29T12:53:50Z WARNING bsky_collector_v2.job.index_feed_generators: listRecords failed repo=did:plc:f275vw3nl24xrzh5afisqj3k err=HttpError('InvalidRequest: Could not find repo: did:plc:f275vw3nl24xrzh5afisqj3k')
2026-03-29T12:53:50Z WARNING bsky_collector_v2.job.index_feed_generators: listRecords failed repo=did:plc:fdvhvs4kspertl4g76r3efag err=HttpError('InvalidRequest: Could not find repo: did:plc:fdvhvs4kspertl4g76r3efag')
2026-03-29T12:53:50Z WARNING bsky_collector_v2.job.index_feed_generators: listRecords failed repo=did:plc:hapadcwsnl3ihy5voddsjauk err=HttpError('InvalidRequest: Could not find repo: did:plc:hapadcwsnl3ihy5voddsjauk')
2026-03-29T12:53:50Z WARNING bsky_collector_v2.job.index_feed_generators: listRecords failed repo=did:plc:f275vw3nl24xrzh5afisqj3k err=HttpError('InvalidRequest: Could not find repo: did:plc:f275vw3nl24xrzh5afisqj3k')
2026-03-29T12:53:50Z WARNING bsky_collector_v2.job.index_feed_generators: listRecords failed repo=did:plc:fdvhvs4kspertl4g76r3efag err=HttpError('InvalidRequest: Could not find repo: did:plc:fdvhvs4kspertl4g76r3efag')
2026-03-29T12:53:50Z WARNING bsky_collector_v2.job.index_feed_generators: listRecords failed repo=did:plc:hapadcwsnl3ihy5voddsjauk err=HttpError('InvalidRequest: Could not find repo: did:plc:hapadcwsnl3ihy5voddsjauk')
2026-03-29T12:53:51Z INFO bsky_collector_v2.job.index_feed_generators: enqueued repos page=7 mode=listRepos inserted=500 repos_returned=500 next_cursor=set
2026-03-29T12:54:32Z WARNING bsky_collector_v2.job.index_feed_generators: listRecords failed repo=did:plc:jvdpngiycrlgceha5gdepqox err=HttpError('InvalidRequest: Could not find repo: did:plc:jvdpngiycrlgceha5gdepqox')
2026-03-29T12:55:15Z WARNING bsky_collector_v2.job.index_feed_generators: listRecords failed repo=did:plc:jvdpngiycrlgceha5gdepqox err=HttpError('InvalidRequest: Could not find repo: did:plc:jvdpngiycrlgceha5gdepqox')
2026-03-29T12:55:15Z WARNING bsky_collector_v2.job.index_feed_generators: listRecords failed repo=did:plc:jvdpngiycrlgceha5gdepqox err=HttpError('InvalidRequest: Could not find repo: did:plc:jvdpngiycrlgceha5gdepqox')
2026-03-29T12:55:16Z INFO bsky_collector_v2.job.index_feed_generators: enqueued repos page=8 mode=listRepos inserted=500 repos_returned=500 next_cursor=set
2026-03-29T12:56:39Z INFO bsky_collector_v2.job.index_feed_generators: enqueued repos page=9 mode=listRepos inserted=500 repos_returned=500 next_cursor=set
2026-03-29T12:56:55Z WARNING bsky_collector_v2.job.index_feed_generators: listRecords failed repo=did:plc:a6dp4cop2dp5oqc5t7vb4ssd err=HttpError('InvalidRequest: Could not find repo: did:plc:a6dp4cop2dp5oqc5t7vb4ssd')
2026-03-29T12:58:08Z WARNING bsky_collector_v2.job.index_feed_generators: listRecords failed repo=did:plc:rqvgxu7hbderkrarvvqlvzrp err=HttpError('InvalidRequest: Could not find repo: did:plc:rqvgxu7hbderkrarvvqlvzrp')
2026-03-29T12:58:29Z INFO bsky_collector_v2.job.index_feed_generators: indexed repo=did:plc:y3ru53tild3uezqgcc3ciqd6 part=73 records=1 next_cursor=set
2026-03-29T12:58:35Z WARNING bsky_collector_v2.job.index_feed_generators: listRecords failed repo=did:plc:a6dp4cop2dp5oqc5t7vb4ssd err=HttpError('InvalidRequest: Could not find repo: did:plc:a6dp4cop2dp5oqc5t7vb4ssd')
2026-03-29T12:58:35Z WARNING bsky_collector_v2.job.index_feed_generators: listRecords failed repo=did:plc:rqvgxu7hbderkrarvvqlvzrp err=HttpError('InvalidRequest: Could not find repo: did:plc:rqvgxu7hbderkrarvvqlvzrp')
2026-03-29T12:58:35Z WARNING bsky_collector_v2.job.index_feed_generators: listRecords failed repo=did:plc:a6dp4cop2dp5oqc5t7vb4ssd err=HttpError('InvalidRequest: Could not find repo: did:plc:a6dp4cop2dp5oqc5t7vb4ssd')
2026-03-29T12:58:35Z WARNING bsky_collector_v2.job.index_feed_generators: listRecords failed repo=did:plc:rqvgxu7hbderkrarvvqlvzrp err=HttpError('InvalidRequest: Could not find repo: did:plc:rqvgxu7hbderkrarvvqlvzrp')
2026-03-29T12:58:36Z INFO bsky_collector_v2.job.index_feed_generators: enqueued repos page=10 mode=listRepos inserted=500 repos_returned=500 next_cursor=set
2026-03-29T12:58:39Z WARNING bsky_collector_v2.job.index_feed_generators: listRecords failed repo=did:plc:3gq7svahs7ta7ytficuzy3ku err=HttpError('InvalidRequest: Could not find repo: did:plc:3gq7svahs7ta7ytficuzy3ku')
2026-03-29T12:58:54Z WARNING bsky_collector_v2.job.index_feed_generators: listRecords failed repo=did:plc:beszmd2cusp66jzurgs6naog err=HttpError('InvalidRequest: Could not find repo: did:plc:beszmd2cusp66jzurgs6naog')
2026-03-29T12:59:11Z WARNING bsky_collector_v2.job.index_feed_generators: listRecords failed repo=did:plc:htgg2h2dqf5lxhlsta5inw7n err=HttpError('InvalidRequest: Could not find repo: did:plc:htgg2h2dqf5lxhlsta5inw7n')
2026-03-29T12:59:31Z WARNING bsky_collector_v2.job.index_feed_generators: listRecords failed repo=did:plc:qsf7q2zdbi2hsajcecxq44qu err=HttpError('InvalidRequest: Could not find repo: did:plc:qsf7q2zdbi2hsajcecxq44qu')
2026-03-29T12:59:39Z WARNING bsky_collector_v2.job.index_feed_generators: listRecords failed repo=did:plc:t4xm24v3r45pyfic4xvu6acn err=HttpError('InvalidRequest: Could not find repo: did:plc:t4xm24v3r45pyfic4xvu6acn')
2026-03-29T12:59:41Z WARNING bsky_collector_v2.job.index_feed_generators: listRecords failed repo=did:plc:u6sa2bok3624dfs2li3iqmbb err=HttpError('InvalidRequest: Could not find repo: did:plc:u6sa2bok3624dfs2li3iqmbb')
2026-03-29T12:59:43Z WARNING bsky_collector_v2.job.index_feed_generators: listRecords failed repo=did:plc:uhvs4pnivmn2gzh3sb4xqtpk err=HttpError('InvalidRequest: Could not find repo: did:plc:uhvs4pnivmn2gzh3sb4xqtpk')
2026-03-29T12:59:57Z WARNING bsky_collector_v2.job.index_feed_generators: listRecords failed repo=did:plc:y4mrrnwbjjdriwmxjcr4d7kt err=HttpError('InvalidRequest: Could not find repo: did:plc:y4mrrnwbjjdriwmxjcr4d7kt')
2026-03-29T13:00:01Z WARNING bsky_collector_v2.job.index_feed_generators: listRecords failed repo=did:plc:3gq7svahs7ta7ytficuzy3ku err=HttpError('InvalidRequest: Could not find repo: did:plc:3gq7svahs7ta7ytficuzy3ku')
2026-03-29T13:00:01Z WARNING bsky_collector_v2.job.index_feed_generators: listRecords failed repo=did:plc:beszmd2cusp66jzurgs6naog err=HttpError('InvalidRequest: Could not find repo: did:plc:beszmd2cusp66jzurgs6naog')
2026-03-29T13:00:01Z WARNING bsky_collector_v2.job.index_feed_generators: listRecords failed repo=did:plc:htgg2h2dqf5lxhlsta5inw7n err=HttpError('InvalidRequest: Could not find repo: did:plc:htgg2h2dqf5lxhlsta5inw7n')
2026-03-29T13:00:01Z WARNING bsky_collector_v2.job.index_feed_generators: listRecords failed repo=did:plc:qsf7q2zdbi2hsajcecxq44qu err=HttpError('InvalidRequest: Could not find repo: did:plc:qsf7q2zdbi2hsajcecxq44qu')
2026-03-29T13:00:01Z WARNING bsky_collector_v2.job.index_feed_generators: listRecords failed repo=did:plc:t4xm24v3r45pyfic4xvu6acn err=HttpError('InvalidRequest: Could not find repo: did:plc:t4xm24v3r45pyfic4xvu6acn')
2026-03-29T13:00:02Z WARNING bsky_collector_v2.job.index_feed_generators: listRecords failed repo=did:plc:u6sa2bok3624dfs2li3iqmbb err=HttpError('InvalidRequest: Could not find repo: did:plc:u6sa2bok3624dfs2li3iqmbb')
2026-03-29T13:00:02Z WARNING bsky_collector_v2.job.index_feed_generators: listRecords failed repo=did:plc:uhvs4pnivmn2gzh3sb4xqtpk err=HttpError('InvalidRequest: Could not find repo: did:plc:uhvs4pnivmn2gzh3sb4xqtpk')
2026-03-29T13:00:02Z WARNING bsky_collector_v2.job.index_feed_generators: listRecords failed repo=did:plc:y4mrrnwbjjdriwmxjcr4d7kt err=HttpError('InvalidRequest: Could not find repo: did:plc:y4mrrnwbjjdriwmxjcr4d7kt')
2026-03-29T13:00:02Z WARNING bsky_collector_v2.job.index_feed_generators: listRecords failed repo=did:plc:3gq7svahs7ta7ytficuzy3ku err=HttpError('InvalidRequest: Could not find repo: did:plc:3gq7svahs7ta7ytficuzy3ku')
2026-03-29T13:00:02Z WARNING bsky_collector_v2.job.index_feed_generators: listRecords failed repo=did:plc:beszmd2cusp66jzurgs6naog err=HttpError('InvalidRequest: Could not find repo: did:plc:beszmd2cusp66jzurgs6naog')
2026-03-29T13:00:02Z WARNING bsky_collector_v2.job.index_feed_generators: listRecords failed repo=did:plc:htgg2h2dqf5lxhlsta5inw7n err=HttpError('InvalidRequest: Could not find repo: did:plc:htgg2h2dqf5lxhlsta5inw7n')
2026-03-29T13:00:02Z WARNING bsky_collector_v2.job.index_feed_generators: listRecords failed repo=did:plc:qsf7q2zdbi2hsajcecxq44qu err=HttpError('InvalidRequest: Could not find repo: did:plc:qsf7q2zdbi2hsajcecxq44qu')
2026-03-29T13:00:02Z WARNING bsky_collector_v2.job.index_feed_generators: listRecords failed repo=did:plc:t4xm24v3r45pyfic4xvu6acn err=HttpError('InvalidRequest: Could not find repo: did:plc:t4xm24v3r45pyfic4xvu6acn')
2026-03-29T13:00:02Z WARNING bsky_collector_v2.job.index_feed_generators: listRecords failed repo=did:plc:u6sa2bok3624dfs2li3iqmbb err=HttpError('InvalidRequest: Could not find repo: did:plc:u6sa2bok3624dfs2li3iqmbb')
2026-03-29T13:00:02Z WARNING bsky_collector_v2.job.index_feed_generators: listRecords failed repo=did:plc:uhvs4pnivmn2gzh3sb4xqtpk err=HttpError('InvalidRequest: Could not find repo: did:plc:uhvs4pnivmn2gzh3sb4xqtpk')
2026-03-29T13:00:02Z WARNING bsky_collector_v2.job.index_feed_generators: listRecords failed repo=did:plc:y4mrrnwbjjdriwmxjcr4d7kt err=HttpError('InvalidRequest: Could not find repo: did:plc:y4mrrnwbjjdriwmxjcr4d7kt')
2026-03-29T13:00:03Z INFO bsky_collector_v2.job.index_feed_generators: enqueued repos page=11 mode=listRepos inserted=500 repos_returned=500 next_cursor=set
2026-03-29T13:00:08Z WARNING bsky_collector_v2.job.index_feed_generators: listRecords failed repo=did:plc:4sbcra7assy4goirsegam2ne err=HttpError('InvalidRequest: Could not find repo: did:plc:4sbcra7assy4goirsegam2ne')
2026-03-29T13:01:30Z WARNING bsky_collector_v2.job.index_feed_generators: listRecords failed repo=did:plc:wozsdvieka56xzbd6e2fsjqw err=HttpError('InvalidRequest: Could not find repo: did:plc:wozsdvieka56xzbd6e2fsjqw')
2026-03-29T13:01:34Z WARNING bsky_collector_v2.job.index_feed_generators: listRecords failed repo=did:plc:xwf5aovu5mka34ym5wtc5vap err=HttpError('InvalidRequest: Could not find repo: did:plc:xwf5aovu5mka34ym5wtc5vap')
2026-03-29T13:01:40Z WARNING bsky_collector_v2.job.index_feed_generators: listRecords failed repo=did:plc:4sbcra7assy4goirsegam2ne err=HttpError('InvalidRequest: Could not find repo: did:plc:4sbcra7assy4goirsegam2ne')
2026-03-29T13:01:40Z WARNING bsky_collector_v2.job.index_feed_generators: listRecords failed repo=did:plc:wozsdvieka56xzbd6e2fsjqw err=HttpError('InvalidRequest: Could not find repo: did:plc:wozsdvieka56xzbd6e2fsjqw')
2026-03-29T13:01:40Z WARNING bsky_collector_v2.job.index_feed_generators: listRecords failed repo=did:plc:xwf5aovu5mka34ym5wtc5vap err=HttpError('InvalidRequest: Could not find repo: did:plc:xwf5aovu5mka34ym5wtc5vap')
2026-03-29T13:01:40Z WARNING bsky_collector_v2.job.index_feed_generators: listRecords failed repo=did:plc:4sbcra7assy4goirsegam2ne err=HttpError('InvalidRequest: Could not find repo: did:plc:4sbcra7assy4goirsegam2ne')
2026-03-29T13:01:40Z WARNING bsky_collector_v2.job.index_feed_generators: listRecords failed repo=did:plc:wozsdvieka56xzbd6e2fsjqw err=HttpError('InvalidRequest: Could not find repo: did:plc:wozsdvieka56xzbd6e2fsjqw')
2026-03-29T13:01:40Z WARNING bsky_collector_v2.job.index_feed_generators: listRecords failed repo=did:plc:xwf5aovu5mka34ym5wtc5vap err=HttpError('InvalidRequest: Could not find repo: did:plc:xwf5aovu5mka34ym5wtc5vap')
2026-03-29T13:01:41Z INFO bsky_collector_v2.job.index_feed_generators: enqueued repos page=12 mode=listRepos inserted=500 repos_returned=500 next_cursor=set
2026-03-29T13:02:09Z WARNING bsky_collector_v2.job.index_feed_generators: listRecords failed repo=did:plc:em7qtxosl3og755kukvahgo7 err=HttpError('InvalidRequest: Could not find repo: did:plc:em7qtxosl3og755kukvahgo7')
2026-03-29T13:02:38Z WARNING bsky_collector_v2.job.index_feed_generators: listRecords failed repo=did:plc:r7i2um45aljgb2k2svlwrmcw err=HttpError('InvalidRequest: Could not find repo: did:plc:r7i2um45aljgb2k2svlwrmcw')
2026-03-29T13:02:43Z WARNING bsky_collector_v2.job.index_feed_generators: listRecords failed repo=did:plc:sxoua5noeoemkcsmta7es6tz err=HttpError('InvalidRequest: Could not find repo: did:plc:sxoua5noeoemkcsmta7es6tz')
2026-03-29T13:03:01Z WARNING bsky_collector_v2.job.index_feed_generators: listRecords failed repo=did:plc:em7qtxosl3og755kukvahgo7 err=HttpError('InvalidRequest: Could not find repo: did:plc:em7qtxosl3og755kukvahgo7')
2026-03-29T13:03:01Z WARNING bsky_collector_v2.job.index_feed_generators: listRecords failed repo=did:plc:r7i2um45aljgb2k2svlwrmcw err=HttpError('InvalidRequest: Could not find repo: did:plc:r7i2um45aljgb2k2svlwrmcw')
2026-03-29T13:03:01Z WARNING bsky_collector_v2.job.index_feed_generators: listRecords failed repo=did:plc:sxoua5noeoemkcsmta7es6tz err=HttpError('InvalidRequest: Could not find repo: did:plc:sxoua5noeoemkcsmta7es6tz')
2026-03-29T13:03:01Z WARNING bsky_collector_v2.job.index_feed_generators: listRecords failed repo=did:plc:em7qtxosl3og755kukvahgo7 err=HttpError('InvalidRequest: Could not find repo: did:plc:em7qtxosl3og755kukvahgo7')
2026-03-29T13:03:01Z WARNING bsky_collector_v2.job.index_feed_generators: listRecords failed repo=did:plc:r7i2um45aljgb2k2svlwrmcw err=HttpError('InvalidRequest: Could not find repo: did:plc:r7i2um45aljgb2k2svlwrmcw')
2026-03-29T13:03:01Z WARNING bsky_collector_v2.job.index_feed_generators: listRecords failed repo=did:plc:sxoua5noeoemkcsmta7es6tz err=HttpError('InvalidRequest: Could not find repo: did:plc:sxoua5noeoemkcsmta7es6tz')
2026-03-29T13:03:02Z INFO bsky_collector_v2.job.index_feed_generators: enqueued repos page=13 mode=listRepos inserted=500 repos_returned=500 next_cursor=set
2026-03-29T13:04:38Z INFO bsky_collector_v2.job.index_feed_generators: enqueued repos page=14 mode=listRepos inserted=500 repos_returned=500 next_cursor=set
2026-03-29T13:05:23Z WARNING bsky_collector_v2.job.index_feed_generators: listRecords failed repo=did:plc:ioxwccx2ap3vk2raqd6dgnkw err=HttpError('InvalidRequest: Could not find repo: did:plc:ioxwccx2ap3vk2raqd6dgnkw')
2026-03-29T13:06:21Z WARNING bsky_collector_v2.job.index_feed_generators: listRecords failed repo=did:plc:ioxwccx2ap3vk2raqd6dgnkw err=HttpError('InvalidRequest: Could not find repo: did:plc:ioxwccx2ap3vk2raqd6dgnkw')
2026-03-29T13:06:21Z WARNING bsky_collector_v2.job.index_feed_generators: listRecords failed repo=did:plc:ioxwccx2ap3vk2raqd6dgnkw err=HttpError('InvalidRequest: Could not find repo: did:plc:ioxwccx2ap3vk2raqd6dgnkw')
2026-03-29T13:06:22Z INFO bsky_collector_v2.job.index_feed_generators: enqueued repos page=15 mode=listRepos inserted=500 repos_returned=500 next_cursor=set
2026-03-29T13:06:31Z WARNING bsky_collector_v2.job.index_feed_generators: listRecords failed repo=did:plc:4kjagd5l4cywvkgsae4guwzs err=HttpError('InvalidRequest: Could not find repo: did:plc:4kjagd5l4cywvkgsae4guwzs')
2026-03-29T13:07:00Z WARNING bsky_collector_v2.job.index_feed_generators: listRecords failed repo=did:plc:d6ghbunn2alhtjozchvlnxkx err=HttpError('InvalidRequest: Could not find repo: did:plc:d6ghbunn2alhtjozchvlnxkx')
2026-03-29T13:07:01Z WARNING bsky_collector_v2.job.index_feed_generators: listRecords failed repo=did:plc:dqqtw4yfgezjsdxhnuz5snsi err=HttpError('InvalidRequest: Could not find repo: did:plc:dqqtw4yfgezjsdxhnuz5snsi')
2026-03-29T13:07:11Z WARNING bsky_collector_v2.job.index_feed_generators: listRecords failed repo=did:plc:g6hmilvcmmkpx6gepruk5ekl err=HttpError('InvalidRequest: Could not find repo: did:plc:g6hmilvcmmkpx6gepruk5ekl')
2026-03-29T13:08:01Z WARNING bsky_collector_v2.job.index_feed_generators: listRecords failed repo=did:plc:4kjagd5l4cywvkgsae4guwzs err=HttpError('InvalidRequest: Could not find repo: did:plc:4kjagd5l4cywvkgsae4guwzs')
2026-03-29T13:08:01Z WARNING bsky_collector_v2.job.index_feed_generators: listRecords failed repo=did:plc:d6ghbunn2alhtjozchvlnxkx err=HttpError('InvalidRequest: Could not find repo: did:plc:d6ghbunn2alhtjozchvlnxkx')
2026-03-29T13:08:01Z WARNING bsky_collector_v2.job.index_feed_generators: listRecords failed repo=did:plc:dqqtw4yfgezjsdxhnuz5snsi err=HttpError('InvalidRequest: Could not find repo: did:plc:dqqtw4yfgezjsdxhnuz5snsi')
2026-03-29T13:08:01Z WARNING bsky_collector_v2.job.index_feed_generators: listRecords failed repo=did:plc:g6hmilvcmmkpx6gepruk5ekl err=HttpError('InvalidRequest: Could not find repo: did:plc:g6hmilvcmmkpx6gepruk5ekl')
2026-03-29T13:08:01Z WARNING bsky_collector_v2.job.index_feed_generators: listRecords failed repo=did:plc:4kjagd5l4cywvkgsae4guwzs err=HttpError('InvalidRequest: Could not find repo: did:plc:4kjagd5l4cywvkgsae4guwzs')
2026-03-29T13:08:01Z WARNING bsky_collector_v2.job.index_feed_generators: listRecords failed repo=did:plc:d6ghbunn2alhtjozchvlnxkx err=HttpError('InvalidRequest: Could not find repo: did:plc:d6ghbunn2alhtjozchvlnxkx')
2026-03-29T13:08:01Z WARNING bsky_collector_v2.job.index_feed_generators: listRecords failed repo=did:plc:dqqtw4yfgezjsdxhnuz5snsi err=HttpError('InvalidRequest: Could not find repo: did:plc:dqqtw4yfgezjsdxhnuz5snsi')
2026-03-29T13:08:01Z WARNING bsky_collector_v2.job.index_feed_generators: listRecords failed repo=did:plc:g6hmilvcmmkpx6gepruk5ekl err=HttpError('InvalidRequest: Could not find repo: did:plc:g6hmilvcmmkpx6gepruk5ekl')
2026-03-29T13:08:02Z INFO bsky_collector_v2.job.index_feed_generators: enqueued repos page=16 mode=listRepos inserted=500 repos_returned=500 next_cursor=set
2026-03-29T13:08:27Z WARNING bsky_collector_v2.job.index_feed_generators: listRecords failed repo=did:plc:ci42xx7c7rzm5uxujnbd2gtp err=HttpError('InvalidRequest: Could not find repo: did:plc:ci42xx7c7rzm5uxujnbd2gtp')
2026-03-29T13:09:00Z WARNING bsky_collector_v2.job.index_feed_generators: listRecords failed repo=did:plc:l756ldofnapd6d2io4chwnz3 err=HttpError('InvalidRequest: Could not find repo: did:plc:l756ldofnapd6d2io4chwnz3')
2026-03-29T13:09:08Z WARNING bsky_collector_v2.job.index_feed_generators: listRecords failed repo=did:plc:nzb52vj4jlt7vegyncn6kdwq err=HttpError('InvalidRequest: Could not find repo: did:plc:nzb52vj4jlt7vegyncn6kdwq')
2026-03-29T13:09:20Z WARNING bsky_collector_v2.job.index_feed_generators: listRecords failed repo=did:plc:rw7hkowwqmbzrwr5jtyfeox6 err=HttpError('InvalidRequest: Could not find repo: did:plc:rw7hkowwqmbzrwr5jtyfeox6')
2026-03-29T13:09:23Z WARNING bsky_collector_v2.job.index_feed_generators: listRecords failed repo=did:plc:tabnsqrf7ds76bvfxxqojsf2 err=HttpError('InvalidRequest: Could not find repo: did:plc:tabnsqrf7ds76bvfxxqojsf2')
2026-03-29T13:09:39Z WARNING bsky_collector_v2.job.index_feed_generators: listRecords failed repo=did:plc:ci42xx7c7rzm5uxujnbd2gtp err=HttpError('InvalidRequest: Could not find repo: did:plc:ci42xx7c7rzm5uxujnbd2gtp')
2026-03-29T13:09:39Z WARNING bsky_collector_v2.job.index_feed_generators: listRecords failed repo=did:plc:l756ldofnapd6d2io4chwnz3 err=HttpError('InvalidRequest: Could not find repo: did:plc:l756ldofnapd6d2io4chwnz3')
2026-03-29T13:09:39Z WARNING bsky_collector_v2.job.index_feed_generators: listRecords failed repo=did:plc:nzb52vj4jlt7vegyncn6kdwq err=HttpError('InvalidRequest: Could not find repo: did:plc:nzb52vj4jlt7vegyncn6kdwq')
2026-03-29T13:09:39Z WARNING bsky_collector_v2.job.index_feed_generators: listRecords failed repo=did:plc:rw7hkowwqmbzrwr5jtyfeox6 err=HttpError('InvalidRequest: Could not find repo: did:plc:rw7hkowwqmbzrwr5jtyfeox6')
2026-03-29T13:09:39Z WARNING bsky_collector_v2.job.index_feed_generators: listRecords failed repo=did:plc:tabnsqrf7ds76bvfxxqojsf2 err=HttpError('InvalidRequest: Could not find repo: did:plc:tabnsqrf7ds76bvfxxqojsf2')
2026-03-29T13:09:40Z WARNING bsky_collector_v2.job.index_feed_generators: listRecords failed repo=did:plc:ci42xx7c7rzm5uxujnbd2gtp err=HttpError('InvalidRequest: Could not find repo: did:plc:ci42xx7c7rzm5uxujnbd2gtp')
2026-03-29T13:09:40Z WARNING bsky_collector_v2.job.index_feed_generators: listRecords failed repo=did:plc:l756ldofnapd6d2io4chwnz3 err=HttpError('InvalidRequest: Could not find repo: did:plc:l756ldofnapd6d2io4chwnz3')
2026-03-29T13:09:40Z WARNING bsky_collector_v2.job.index_feed_generators: listRecords failed repo=did:plc:nzb52vj4jlt7vegyncn6kdwq err=HttpError('InvalidRequest: Could not find repo: did:plc:nzb52vj4jlt7vegyncn6kdwq')
2026-03-29T13:09:40Z WARNING bsky_collector_v2.job.index_feed_generators: listRecords failed repo=did:plc:rw7hkowwqmbzrwr5jtyfeox6 err=HttpError('InvalidRequest: Could not find repo: did:plc:rw7hkowwqmbzrwr5jtyfeox6')
2026-03-29T13:09:40Z WARNING bsky_collector_v2.job.index_feed_generators: listRecords failed repo=did:plc:tabnsqrf7ds76bvfxxqojsf2 err=HttpError('InvalidRequest: Could not find repo: did:plc:tabnsqrf7ds76bvfxxqojsf2')
2026-03-29T13:09:41Z INFO bsky_collector_v2.job.index_feed_generators: enqueued repos page=17 mode=listRepos inserted=500 repos_returned=500 next_cursor=set
2026-03-29T13:10:04Z WARNING bsky_collector_v2.job.index_feed_generators: listRecords failed repo=did:plc:bph6bz2t6vobirhhmrqhjcur err=HttpError('InvalidRequest: Could not find repo: did:plc:bph6bz2t6vobirhhmrqhjcur')
2026-03-29T13:10:32Z WARNING bsky_collector_v2.job.index_feed_generators: listRecords failed repo=did:plc:obztnljtsy4tybfsbowomy25 err=HttpError('InvalidRequest: Could not find repo: did:plc:obztnljtsy4tybfsbowomy25')
2026-03-29T13:11:13Z WARNING bsky_collector_v2.job.index_feed_generators: listRecords failed repo=did:plc:bph6bz2t6vobirhhmrqhjcur err=HttpError('InvalidRequest: Could not find repo: did:plc:bph6bz2t6vobirhhmrqhjcur')
2026-03-29T13:11:13Z WARNING bsky_collector_v2.job.index_feed_generators: listRecords failed repo=did:plc:obztnljtsy4tybfsbowomy25 err=HttpError('InvalidRequest: Could not find repo: did:plc:obztnljtsy4tybfsbowomy25')
2026-03-29T13:11:13Z WARNING bsky_collector_v2.job.index_feed_generators: listRecords failed repo=did:plc:bph6bz2t6vobirhhmrqhjcur err=HttpError('InvalidRequest: Could not find repo: did:plc:bph6bz2t6vobirhhmrqhjcur')
2026-03-29T13:11:13Z WARNING bsky_collector_v2.job.index_feed_generators: listRecords failed repo=did:plc:obztnljtsy4tybfsbowomy25 err=HttpError('InvalidRequest: Could not find repo: did:plc:obztnljtsy4tybfsbowomy25')
2026-03-29T13:11:14Z INFO bsky_collector_v2.job.index_feed_generators: enqueued repos page=18 mode=listRepos inserted=500 repos_returned=500 next_cursor=set
2026-03-29T13:11:59Z WARNING bsky_collector_v2.job.index_feed_generators: listRecords failed repo=did:plc:lviqe4m523voq4cfsndujghf err=HttpError('InvalidRequest: Could not find repo: did:plc:lviqe4m523voq4cfsndujghf')
2026-03-29T13:12:06Z WARNING bsky_collector_v2.job.index_feed_generators: listRecords failed repo=did:plc:opngrpthpr5ynv36av2uq4s7 err=HttpError('InvalidRequest: Could not find repo: did:plc:opngrpthpr5ynv36av2uq4s7')
2026-03-29T13:12:12Z WARNING bsky_collector_v2.job.index_feed_generators: listRecords failed repo=did:plc:rcy46m4frctuti3ukcjoiret err=HttpError('InvalidRequest: Could not find repo: did:plc:rcy46m4frctuti3ukcjoiret')
2026-03-29T13:12:13Z WARNING bsky_collector_v2.job.index_feed_generators: listRecords failed repo=did:plc:rlb6qypippmuzk7e4rpruqwq err=HttpError('InvalidRequest: Could not find repo: did:plc:rlb6qypippmuzk7e4rpruqwq')
2026-03-29T13:12:31Z WARNING bsky_collector_v2.job.index_feed_generators: listRecords failed repo=did:plc:vbf3sh4u5rh7t52p6imrzkxn err=HttpError('InvalidRequest: Could not find repo: did:plc:vbf3sh4u5rh7t52p6imrzkxn')
2026-03-29T13:12:45Z WARNING bsky_collector_v2.job.index_feed_generators: listRecords failed repo=did:plc:lviqe4m523voq4cfsndujghf err=HttpError('InvalidRequest: Could not find repo: did:plc:lviqe4m523voq4cfsndujghf')
2026-03-29T13:12:45Z WARNING bsky_collector_v2.job.index_feed_generators: listRecords failed repo=did:plc:opngrpthpr5ynv36av2uq4s7 err=HttpError('InvalidRequest: Could not find repo: did:plc:opngrpthpr5ynv36av2uq4s7')
2026-03-29T13:12:45Z WARNING bsky_collector_v2.job.index_feed_generators: listRecords failed repo=did:plc:rcy46m4frctuti3ukcjoiret err=HttpError('InvalidRequest: Could not find repo: did:plc:rcy46m4frctuti3ukcjoiret')
2026-03-29T13:12:46Z WARNING bsky_collector_v2.job.index_feed_generators: listRecords failed repo=did:plc:rlb6qypippmuzk7e4rpruqwq err=HttpError('InvalidRequest: Could not find repo: did:plc:rlb6qypippmuzk7e4rpruqwq')
2026-03-29T13:12:46Z WARNING bsky_collector_v2.job.index_feed_generators: listRecords failed repo=did:plc:vbf3sh4u5rh7t52p6imrzkxn err=HttpError('InvalidRequest: Could not find repo: did:plc:vbf3sh4u5rh7t52p6imrzkxn')
2026-03-29T13:12:46Z WARNING bsky_collector_v2.job.index_feed_generators: listRecords failed repo=did:plc:lviqe4m523voq4cfsndujghf err=HttpError('InvalidRequest: Could not find repo: did:plc:lviqe4m523voq4cfsndujghf')
2026-03-29T13:12:46Z WARNING bsky_collector_v2.job.index_feed_generators: listRecords failed repo=did:plc:opngrpthpr5ynv36av2uq4s7 err=HttpError('InvalidRequest: Could not find repo: did:plc:opngrpthpr5ynv36av2uq4s7')
2026-03-29T13:12:46Z WARNING bsky_collector_v2.job.index_feed_generators: listRecords failed repo=did:plc:rcy46m4frctuti3ukcjoiret err=HttpError('InvalidRequest: Could not find repo: did:plc:rcy46m4frctuti3ukcjoiret')
2026-03-29T13:12:46Z WARNING bsky_collector_v2.job.index_feed_generators: listRecords failed repo=did:plc:rlb6qypippmuzk7e4rpruqwq err=HttpError('InvalidRequest: Could not find repo: did:plc:rlb6qypippmuzk7e4rpruqwq')
2026-03-29T13:12:46Z WARNING bsky_collector_v2.job.index_feed_generators: listRecords failed repo=did:plc:vbf3sh4u5rh7t52p6imrzkxn err=HttpError('InvalidRequest: Could not find repo: did:plc:vbf3sh4u5rh7t52p6imrzkxn')
2026-03-29T13:12:47Z INFO bsky_collector_v2.job.index_feed_generators: enqueued repos page=19 mode=listRepos inserted=500 repos_returned=500 next_cursor=set
2026-03-29T13:14:08Z INFO bsky_collector_v2.job.index_feed_generators: enqueued repos page=20 mode=listRepos inserted=500 repos_returned=500 next_cursor=set
2026-03-29T13:14:10Z WARNING bsky_collector_v2.job.index_feed_generators: listRecords failed repo=did:plc:2vmmbxiqob5fgfdxj5ao3i25 err=HttpError('InvalidRequest: Could not find repo: did:plc:2vmmbxiqob5fgfdxj5ao3i25')
2026-03-29T13:14:12Z INFO bsky_collector_v2.job.index_feed_generators: indexed repo=did:plc:3tl5jctk75vnalgdlug4yvuw part=74 records=1 next_cursor=set
2026-03-29T13:14:21Z WARNING bsky_collector_v2.job.index_feed_generators: listRecords failed repo=did:plc:7ft4jx7k6f2m6k74g2l3pujz err=HttpError('InvalidRequest: Could not find repo: did:plc:7ft4jx7k6f2m6k74g2l3pujz')
2026-03-29T13:15:39Z WARNING bsky_collector_v2.job.index_feed_generators: listRecords failed repo=did:plc:2vmmbxiqob5fgfdxj5ao3i25 err=HttpError('InvalidRequest: Could not find repo: did:plc:2vmmbxiqob5fgfdxj5ao3i25')
2026-03-29T13:15:40Z WARNING bsky_collector_v2.job.index_feed_generators: listRecords failed repo=did:plc:7ft4jx7k6f2m6k74g2l3pujz err=HttpError('InvalidRequest: Could not find repo: did:plc:7ft4jx7k6f2m6k74g2l3pujz')
2026-03-29T13:15:40Z WARNING bsky_collector_v2.job.index_feed_generators: listRecords failed repo=did:plc:2vmmbxiqob5fgfdxj5ao3i25 err=HttpError('InvalidRequest: Could not find repo: did:plc:2vmmbxiqob5fgfdxj5ao3i25')
2026-03-29T13:15:40Z WARNING bsky_collector_v2.job.index_feed_generators: listRecords failed repo=did:plc:7ft4jx7k6f2m6k74g2l3pujz err=HttpError('InvalidRequest: Could not find repo: did:plc:7ft4jx7k6f2m6k74g2l3pujz')
2026-03-29T13:15:40Z INFO bsky_collector_v2.job.index_feed_generators: enqueued repos page=21 mode=listRepos inserted=500 repos_returned=500 next_cursor=set
2026-03-29T13:16:11Z WARNING bsky_collector_v2.job.index_feed_generators: listRecords failed repo=did:plc:fssjni25pd5hsqglljv7yziv err=HttpError('InvalidRequest: Could not find repo: did:plc:fssjni25pd5hsqglljv7yziv')
2026-03-29T13:16:39Z WARNING bsky_collector_v2.job.index_feed_generators: listRecords failed repo=did:plc:renykojiw2tgqdjmjipgidqx err=HttpError('InvalidRequest: Could not find repo: did:plc:renykojiw2tgqdjmjipgidqx')
2026-03-29T13:17:05Z WARNING bsky_collector_v2.job.index_feed_generators: listRecords failed repo=did:plc:wbcuxujfkhfl2hngrbcdvn2l err=HttpError('InvalidRequest: Could not find repo: did:plc:wbcuxujfkhfl2hngrbcdvn2l')
2026-03-29T13:17:14Z WARNING bsky_collector_v2.job.index_feed_generators: listRecords failed repo=did:plc:fssjni25pd5hsqglljv7yziv err=HttpError('InvalidRequest: Could not find repo: did:plc:fssjni25pd5hsqglljv7yziv')
2026-03-29T13:17:14Z WARNING bsky_collector_v2.job.index_feed_generators: listRecords failed repo=did:plc:renykojiw2tgqdjmjipgidqx err=HttpError('InvalidRequest: Could not find repo: did:plc:renykojiw2tgqdjmjipgidqx')
2026-03-29T13:17:14Z WARNING bsky_collector_v2.job.index_feed_generators: listRecords failed repo=did:plc:wbcuxujfkhfl2hngrbcdvn2l err=HttpError('InvalidRequest: Could not find repo: did:plc:wbcuxujfkhfl2hngrbcdvn2l')
2026-03-29T13:17:14Z WARNING bsky_collector_v2.job.index_feed_generators: listRecords failed repo=did:plc:fssjni25pd5hsqglljv7yziv err=HttpError('InvalidRequest: Could not find repo: did:plc:fssjni25pd5hsqglljv7yziv')
2026-03-29T13:17:14Z WARNING bsky_collector_v2.job.index_feed_generators: listRecords failed repo=did:plc:renykojiw2tgqdjmjipgidqx err=HttpError('InvalidRequest: Could not find repo: did:plc:renykojiw2tgqdjmjipgidqx')
2026-03-29T13:17:14Z WARNING bsky_collector_v2.job.index_feed_generators: listRecords failed repo=did:plc:wbcuxujfkhfl2hngrbcdvn2l err=HttpError('InvalidRequest: Could not find repo: did:plc:wbcuxujfkhfl2hngrbcdvn2l')
2026-03-29T13:17:15Z INFO bsky_collector_v2.job.index_feed_generators: enqueued repos page=22 mode=listRepos inserted=500 repos_returned=500 next_cursor=set
2026-03-29T13:17:24Z WARNING bsky_collector_v2.job.index_feed_generators: listRecords failed repo=did:plc:5m55pajafuzslyvac5rlebyh err=HttpError('InvalidRequest: Could not find repo: did:plc:5m55pajafuzslyvac5rlebyh')
2026-03-29T13:17:34Z WARNING bsky_collector_v2.job.index_feed_generators: listRecords failed repo=did:plc:c2u5pr2wif2mhsfxy22trhum err=HttpError('InvalidRequest: Could not find repo: did:plc:c2u5pr2wif2mhsfxy22trhum')
2026-03-29T13:18:04Z WARNING bsky_collector_v2.job.index_feed_generators: listRecords failed repo=did:plc:nsq73s2ovc57cb4jkfjm4rka err=HttpError('InvalidRequest: Could not find repo: did:plc:nsq73s2ovc57cb4jkfjm4rka')
2026-03-29T13:18:23Z WARNING bsky_collector_v2.job.index_feed_generators: listRecords failed repo=did:plc:w4mpe2xz6cqsm7nzfi3wxgft err=HttpError('InvalidRequest: Could not find repo: did:plc:w4mpe2xz6cqsm7nzfi3wxgft')
2026-03-29T13:18:34Z WARNING bsky_collector_v2.job.index_feed_generators: listRecords failed repo=did:plc:5m55pajafuzslyvac5rlebyh err=HttpError('InvalidRequest: Could not find repo: did:plc:5m55pajafuzslyvac5rlebyh')
2026-03-29T13:18:34Z WARNING bsky_collector_v2.job.index_feed_generators: listRecords failed repo=did:plc:c2u5pr2wif2mhsfxy22trhum err=HttpError('InvalidRequest: Could not find repo: did:plc:c2u5pr2wif2mhsfxy22trhum')
2026-03-29T13:18:34Z WARNING bsky_collector_v2.job.index_feed_generators: listRecords failed repo=did:plc:nsq73s2ovc57cb4jkfjm4rka err=HttpError('InvalidRequest: Could not find repo: did:plc:nsq73s2ovc57cb4jkfjm4rka')
2026-03-29T13:18:34Z WARNING bsky_collector_v2.job.index_feed_generators: listRecords failed repo=did:plc:w4mpe2xz6cqsm7nzfi3wxgft err=HttpError('InvalidRequest: Could not find repo: did:plc:w4mpe2xz6cqsm7nzfi3wxgft')
2026-03-29T13:18:34Z WARNING bsky_collector_v2.job.index_feed_generators: listRecords failed repo=did:plc:5m55pajafuzslyvac5rlebyh err=HttpError('InvalidRequest: Could not find repo: did:plc:5m55pajafuzslyvac5rlebyh')
2026-03-29T13:18:34Z WARNING bsky_collector_v2.job.index_feed_generators: listRecords failed repo=did:plc:c2u5pr2wif2mhsfxy22trhum err=HttpError('InvalidRequest: Could not find repo: did:plc:c2u5pr2wif2mhsfxy22trhum')
2026-03-29T13:18:34Z WARNING bsky_collector_v2.job.index_feed_generators: listRecords failed repo=did:plc:nsq73s2ovc57cb4jkfjm4rka err=HttpError('InvalidRequest: Could not find repo: did:plc:nsq73s2ovc57cb4jkfjm4rka')
2026-03-29T13:18:34Z WARNING bsky_collector_v2.job.index_feed_generators: listRecords failed repo=did:plc:w4mpe2xz6cqsm7nzfi3wxgft err=HttpError('InvalidRequest: Could not find repo: did:plc:w4mpe2xz6cqsm7nzfi3wxgft')
2026-03-29T13:18:35Z INFO bsky_collector_v2.job.index_feed_generators: enqueued repos page=23 mode=listRepos inserted=500 repos_returned=500 next_cursor=set
2026-03-29T13:20:18Z INFO bsky_collector_v2.job.index_feed_generators: enqueued repos page=24 mode=listRepos inserted=500 repos_returned=500 next_cursor=set
2026-03-29T13:22:02Z WARNING bsky_collector_v2.job.index_feed_generators: listRecords failed repo=did:plc:v55mwktntphtm7yeckz34eqc err=HttpError('InvalidRequest: Could not find repo: did:plc:v55mwktntphtm7yeckz34eqc')
2026-03-29T13:22:15Z WARNING bsky_collector_v2.job.index_feed_generators: listRecords failed repo=did:plc:v55mwktntphtm7yeckz34eqc err=HttpError('InvalidRequest: Could not find repo: did:plc:v55mwktntphtm7yeckz34eqc')
2026-03-29T13:22:15Z WARNING bsky_collector_v2.job.index_feed_generators: listRecords failed repo=did:plc:v55mwktntphtm7yeckz34eqc err=HttpError('InvalidRequest: Could not find repo: did:plc:v55mwktntphtm7yeckz34eqc')
2026-03-29T13:22:15Z INFO bsky_collector_v2.job.index_feed_generators: enqueued repos page=25 mode=listRepos inserted=500 repos_returned=500 next_cursor=set
2026-03-29T13:22:59Z WARNING bsky_collector_v2.job.index_feed_generators: listRecords failed repo=did:plc:i7lereptkyu5t7fsyoeyzpbg err=HttpError('InvalidRequest: Could not find repo: did:plc:i7lereptkyu5t7fsyoeyzpbg')
2026-03-29T13:23:05Z WARNING bsky_collector_v2.job.index_feed_generators: listRecords failed repo=did:plc:kpr7i3nbkvjcpf6f2y4gpiwo err=HttpError('InvalidRequest: Could not find repo: did:plc:kpr7i3nbkvjcpf6f2y4gpiwo')
2026-03-29T13:23:24Z WARNING bsky_collector_v2.job.index_feed_generators: listRecords failed repo=did:plc:sufjmxprtn3vjqmntxe4oucg err=HttpError('InvalidRequest: Could not find repo: did:plc:sufjmxprtn3vjqmntxe4oucg')
2026-03-29T13:23:34Z WARNING bsky_collector_v2.job.index_feed_generators: listRecords failed repo=did:plc:uto6az3vtfgvvoxiai77sho5 err=HttpError('InvalidRequest: Could not find repo: did:plc:uto6az3vtfgvvoxiai77sho5')
2026-03-29T13:23:39Z WARNING bsky_collector_v2.job.index_feed_generators: listRecords failed repo=did:plc:wk7s77c2obwzrmj2g7e7rlbf err=HttpError('InvalidRequest: Could not find repo: did:plc:wk7s77c2obwzrmj2g7e7rlbf')
2026-03-29T13:23:49Z WARNING bsky_collector_v2.job.index_feed_generators: listRecords failed repo=did:plc:i7lereptkyu5t7fsyoeyzpbg err=HttpError('InvalidRequest: Could not find repo: did:plc:i7lereptkyu5t7fsyoeyzpbg')
2026-03-29T13:23:49Z WARNING bsky_collector_v2.job.index_feed_generators: listRecords failed repo=did:plc:kpr7i3nbkvjcpf6f2y4gpiwo err=HttpError('InvalidRequest: Could not find repo: did:plc:kpr7i3nbkvjcpf6f2y4gpiwo')
2026-03-29T13:23:49Z WARNING bsky_collector_v2.job.index_feed_generators: listRecords failed repo=did:plc:sufjmxprtn3vjqmntxe4oucg err=HttpError('InvalidRequest: Could not find repo: did:plc:sufjmxprtn3vjqmntxe4oucg')
2026-03-29T13:23:49Z WARNING bsky_collector_v2.job.index_feed_generators: listRecords failed repo=did:plc:uto6az3vtfgvvoxiai77sho5 err=HttpError('InvalidRequest: Could not find repo: did:plc:uto6az3vtfgvvoxiai77sho5')
2026-03-29T13:23:49Z WARNING bsky_collector_v2.job.index_feed_generators: listRecords failed repo=did:plc:wk7s77c2obwzrmj2g7e7rlbf err=HttpError('InvalidRequest: Could not find repo: did:plc:wk7s77c2obwzrmj2g7e7rlbf')
2026-03-29T13:23:50Z WARNING bsky_collector_v2.job.index_feed_generators: listRecords failed repo=did:plc:i7lereptkyu5t7fsyoeyzpbg err=HttpError('InvalidRequest: Could not find repo: did:plc:i7lereptkyu5t7fsyoeyzpbg')
2026-03-29T13:23:50Z WARNING bsky_collector_v2.job.index_feed_generators: listRecords failed repo=did:plc:kpr7i3nbkvjcpf6f2y4gpiwo err=HttpError('InvalidRequest: Could not find repo: did:plc:kpr7i3nbkvjcpf6f2y4gpiwo')
2026-03-29T13:23:50Z WARNING bsky_collector_v2.job.index_feed_generators: listRecords failed repo=did:plc:sufjmxprtn3vjqmntxe4oucg err=HttpError('InvalidRequest: Could not find repo: did:plc:sufjmxprtn3vjqmntxe4oucg')
2026-03-29T13:23:50Z WARNING bsky_collector_v2.job.index_feed_generators: listRecords failed repo=did:plc:uto6az3vtfgvvoxiai77sho5 err=HttpError('InvalidRequest: Could not find repo: did:plc:uto6az3vtfgvvoxiai77sho5')
2026-03-29T13:23:50Z WARNING bsky_collector_v2.job.index_feed_generators: listRecords failed repo=did:plc:wk7s77c2obwzrmj2g7e7rlbf err=HttpError('InvalidRequest: Could not find repo: did:plc:wk7s77c2obwzrmj2g7e7rlbf')
2026-03-29T13:23:50Z INFO bsky_collector_v2.job.index_feed_generators: enqueued repos page=26 mode=listRepos inserted=500 repos_returned=500 next_cursor=set
2026-03-29T13:24:20Z WARNING bsky_collector_v2.job.index_feed_generators: listRecords failed repo=did:plc:evtmkv22ulp2zksbanmkfrku err=HttpError('InvalidRequest: Could not find repo: did:plc:evtmkv22ulp2zksbanmkfrku')
2026-03-29T13:24:23Z WARNING bsky_collector_v2.job.index_feed_generators: listRecords failed repo=did:plc:fzh6cmt3h6hw22o5zjfnplel err=HttpError('InvalidRequest: Could not find repo: did:plc:fzh6cmt3h6hw22o5zjfnplel')
2026-03-29T13:25:16Z WARNING bsky_collector_v2.job.index_feed_generators: listRecords failed repo=did:plc:evtmkv22ulp2zksbanmkfrku err=HttpError('InvalidRequest: Could not find repo: did:plc:evtmkv22ulp2zksbanmkfrku')
2026-03-29T13:25:16Z WARNING bsky_collector_v2.job.index_feed_generators: listRecords failed repo=did:plc:fzh6cmt3h6hw22o5zjfnplel err=HttpError('InvalidRequest: Could not find repo: did:plc:fzh6cmt3h6hw22o5zjfnplel')
2026-03-29T13:25:16Z WARNING bsky_collector_v2.job.index_feed_generators: listRecords failed repo=did:plc:evtmkv22ulp2zksbanmkfrku err=HttpError('InvalidRequest: Could not find repo: did:plc:evtmkv22ulp2zksbanmkfrku')
2026-03-29T13:25:16Z WARNING bsky_collector_v2.job.index_feed_generators: listRecords failed repo=did:plc:fzh6cmt3h6hw22o5zjfnplel err=HttpError('InvalidRequest: Could not find repo: did:plc:fzh6cmt3h6hw22o5zjfnplel')
2026-03-29T13:25:16Z INFO bsky_collector_v2.job.index_feed_generators: enqueued repos page=27 mode=listRepos inserted=500 repos_returned=500 next_cursor=set
2026-03-29T13:25:54Z WARNING bsky_collector_v2.job.index_feed_generators: listRecords failed repo=did:plc:ei6whnqzwtftbdgmxiucr3xb err=HttpError('InvalidRequest: Could not find repo: did:plc:ei6whnqzwtftbdgmxiucr3xb')
2026-03-29T13:26:54Z WARNING bsky_collector_v2.job.index_feed_generators: listRecords failed repo=did:plc:ei6whnqzwtftbdgmxiucr3xb err=HttpError('InvalidRequest: Could not find repo: did:plc:ei6whnqzwtftbdgmxiucr3xb')
2026-03-29T13:26:54Z WARNING bsky_collector_v2.job.index_feed_generators: listRecords failed repo=did:plc:ei6whnqzwtftbdgmxiucr3xb err=HttpError('InvalidRequest: Could not find repo: did:plc:ei6whnqzwtftbdgmxiucr3xb')
2026-03-29T13:26:54Z INFO bsky_collector_v2.job.index_feed_generators: enqueued repos page=28 mode=listRepos inserted=500 repos_returned=500 next_cursor=set
2026-03-29T13:26:59Z WARNING bsky_collector_v2.job.index_feed_generators: listRecords failed repo=did:plc:2zlfpwd3qjjbsbpdl3njwsej err=HttpError('InvalidRequest: Could not find repo: did:plc:2zlfpwd3qjjbsbpdl3njwsej')
2026-03-29T13:27:48Z INFO bsky_collector_v2.job.index_feed_generators: indexed repo=did:plc:gtmmpb4mlocd262v2itxafaz part=75 records=70 next_cursor=set
2026-03-29T13:27:56Z WARNING bsky_collector_v2.job.index_feed_generators: listRecords failed repo=did:plc:jb2t76xy3xkgzeddixkzvntp err=HttpError('InvalidRequest: Could not find repo: did:plc:jb2t76xy3xkgzeddixkzvntp')
2026-03-29T13:28:11Z WARNING bsky_collector_v2.job.index_feed_generators: listRecords failed repo=did:plc:ppvd6dj2a4twbcvqhpouyfuu err=HttpError('InvalidRequest: Could not find repo: did:plc:ppvd6dj2a4twbcvqhpouyfuu')
2026-03-29T13:28:37Z WARNING bsky_collector_v2.job.index_feed_generators: listRecords failed repo=did:plc:2zlfpwd3qjjbsbpdl3njwsej err=HttpError('InvalidRequest: Could not find repo: did:plc:2zlfpwd3qjjbsbpdl3njwsej')
2026-03-29T13:28:37Z WARNING bsky_collector_v2.job.index_feed_generators: listRecords failed repo=did:plc:jb2t76xy3xkgzeddixkzvntp err=HttpError('InvalidRequest: Could not find repo: did:plc:jb2t76xy3xkgzeddixkzvntp')
2026-03-29T13:28:37Z WARNING bsky_collector_v2.job.index_feed_generators: listRecords failed repo=did:plc:ppvd6dj2a4twbcvqhpouyfuu err=HttpError('InvalidRequest: Could not find repo: did:plc:ppvd6dj2a4twbcvqhpouyfuu')
2026-03-29T13:28:37Z WARNING bsky_collector_v2.job.index_feed_generators: listRecords failed repo=did:plc:2zlfpwd3qjjbsbpdl3njwsej err=HttpError('InvalidRequest: Could not find repo: did:plc:2zlfpwd3qjjbsbpdl3njwsej')
2026-03-29T13:28:37Z WARNING bsky_collector_v2.job.index_feed_generators: listRecords failed repo=did:plc:jb2t76xy3xkgzeddixkzvntp err=HttpError('InvalidRequest: Could not find repo: did:plc:jb2t76xy3xkgzeddixkzvntp')
2026-03-29T13:28:37Z WARNING bsky_collector_v2.job.index_feed_generators: listRecords failed repo=did:plc:ppvd6dj2a4twbcvqhpouyfuu err=HttpError('InvalidRequest: Could not find repo: did:plc:ppvd6dj2a4twbcvqhpouyfuu')
2026-03-29T13:28:38Z INFO bsky_collector_v2.job.index_feed_generators: enqueued repos page=29 mode=listRepos inserted=500 repos_returned=500 next_cursor=set
2026-03-29T13:29:27Z WARNING bsky_collector_v2.job.index_feed_generators: listRecords failed repo=did:plc:l7dhmmf2oomhhjsxtmdzxyke err=HttpError('InvalidRequest: Could not find repo: did:plc:l7dhmmf2oomhhjsxtmdzxyke')
2026-03-29T13:29:30Z WARNING bsky_collector_v2.job.index_feed_generators: listRecords failed repo=did:plc:ltyoqiayzxm54po37bohegwd err=HttpError('InvalidRequest: Could not find repo: did:plc:ltyoqiayzxm54po37bohegwd')
2026-03-29T13:29:31Z WARNING bsky_collector_v2.job.index_feed_generators: listRecords failed repo=did:plc:m2fxocwgabgv4tzhecctszxn err=HttpError('InvalidRequest: Could not find repo: did:plc:m2fxocwgabgv4tzhecctszxn')
2026-03-29T13:29:48Z WARNING bsky_collector_v2.job.index_feed_generators: listRecords failed repo=did:plc:smevekxw2snvrphppahdtpzf err=HttpError('InvalidRequest: Could not find repo: did:plc:smevekxw2snvrphppahdtpzf')
2026-03-29T13:30:07Z WARNING bsky_collector_v2.job.index_feed_generators: listRecords failed repo=did:plc:l7dhmmf2oomhhjsxtmdzxyke err=HttpError('InvalidRequest: Could not find repo: did:plc:l7dhmmf2oomhhjsxtmdzxyke')
2026-03-29T13:30:07Z WARNING bsky_collector_v2.job.index_feed_generators: listRecords failed repo=did:plc:ltyoqiayzxm54po37bohegwd err=HttpError('InvalidRequest: Could not find repo: did:plc:ltyoqiayzxm54po37bohegwd')
2026-03-29T13:30:07Z WARNING bsky_collector_v2.job.index_feed_generators: listRecords failed repo=did:plc:m2fxocwgabgv4tzhecctszxn err=HttpError('InvalidRequest: Could not find repo: did:plc:m2fxocwgabgv4tzhecctszxn')
2026-03-29T13:30:07Z WARNING bsky_collector_v2.job.index_feed_generators: listRecords failed repo=did:plc:smevekxw2snvrphppahdtpzf err=HttpError('InvalidRequest: Could not find repo: did:plc:smevekxw2snvrphppahdtpzf')
2026-03-29T13:30:07Z WARNING bsky_collector_v2.job.index_feed_generators: listRecords failed repo=did:plc:l7dhmmf2oomhhjsxtmdzxyke err=HttpError('InvalidRequest: Could not find repo: did:plc:l7dhmmf2oomhhjsxtmdzxyke')
2026-03-29T13:30:07Z WARNING bsky_collector_v2.job.index_feed_generators: listRecords failed repo=did:plc:ltyoqiayzxm54po37bohegwd err=HttpError('InvalidRequest: Could not find repo: did:plc:ltyoqiayzxm54po37bohegwd')
2026-03-29T13:30:07Z WARNING bsky_collector_v2.job.index_feed_generators: listRecords failed repo=did:plc:m2fxocwgabgv4tzhecctszxn err=HttpError('InvalidRequest: Could not find repo: did:plc:m2fxocwgabgv4tzhecctszxn')
2026-03-29T13:30:07Z WARNING bsky_collector_v2.job.index_feed_generators: listRecords failed repo=did:plc:smevekxw2snvrphppahdtpzf err=HttpError('InvalidRequest: Could not find repo: did:plc:smevekxw2snvrphppahdtpzf')
2026-03-29T13:30:08Z INFO bsky_collector_v2.job.index_feed_generators: enqueued repos page=30 mode=listRepos inserted=500 repos_returned=500 next_cursor=set
2026-03-29T13:30:16Z WARNING bsky_collector_v2.job.index_feed_generators: listRecords failed repo=did:plc:62tsxcuits4dqscbephhnlse err=HttpError('InvalidRequest: Could not find repo: did:plc:62tsxcuits4dqscbephhnlse')
2026-03-29T13:30:17Z WARNING bsky_collector_v2.job.index_feed_generators: listRecords failed repo=did:plc:6hwjlppprzphqpkp4sbbubvc err=HttpError('InvalidRequest: Could not find repo: did:plc:6hwjlppprzphqpkp4sbbubvc')
2026-03-29T13:30:20Z WARNING bsky_collector_v2.job.index_feed_generators: listRecords failed repo=did:plc:7o7hzkjuyjvgp4ytm2zhamv7 err=HttpError('InvalidRequest: Could not find repo: did:plc:7o7hzkjuyjvgp4ytm2zhamv7')
2026-03-29T13:30:25Z WARNING bsky_collector_v2.job.index_feed_generators: listRecords failed repo=did:plc:ceiekckmd2eepc4qgf7cx5hw err=HttpError('InvalidRequest: Could not find repo: did:plc:ceiekckmd2eepc4qgf7cx5hw')
2026-03-29T13:30:39Z WARNING bsky_collector_v2.job.index_feed_generators: listRecords failed repo=did:plc:i5i5yojnhh2mr2kgjqtj7hbv err=HttpError('InvalidRequest: Could not find repo: did:plc:i5i5yojnhh2mr2kgjqtj7hbv')
2026-03-29T13:31:02Z WARNING bsky_collector_v2.job.index_feed_generators: listRecords failed repo=did:plc:rr6ahksgnzaxork7f7takm75 err=HttpError('InvalidRequest: Could not find repo: did:plc:rr6ahksgnzaxork7f7takm75')
2026-03-29T13:31:28Z WARNING bsky_collector_v2.job.index_feed_generators: listRecords failed repo=did:plc:62tsxcuits4dqscbephhnlse err=HttpError('InvalidRequest: Could not find repo: did:plc:62tsxcuits4dqscbephhnlse')
2026-03-29T13:31:28Z WARNING bsky_collector_v2.job.index_feed_generators: listRecords failed repo=did:plc:6hwjlppprzphqpkp4sbbubvc err=HttpError('InvalidRequest: Could not find repo: did:plc:6hwjlppprzphqpkp4sbbubvc')
2026-03-29T13:31:28Z WARNING bsky_collector_v2.job.index_feed_generators: listRecords failed repo=did:plc:7o7hzkjuyjvgp4ytm2zhamv7 err=HttpError('InvalidRequest: Could not find repo: did:plc:7o7hzkjuyjvgp4ytm2zhamv7')
2026-03-29T13:31:28Z WARNING bsky_collector_v2.job.index_feed_generators: listRecords failed repo=did:plc:ceiekckmd2eepc4qgf7cx5hw err=HttpError('InvalidRequest: Could not find repo: did:plc:ceiekckmd2eepc4qgf7cx5hw')
2026-03-29T13:31:28Z WARNING bsky_collector_v2.job.index_feed_generators: listRecords failed repo=did:plc:i5i5yojnhh2mr2kgjqtj7hbv err=HttpError('InvalidRequest: Could not find repo: did:plc:i5i5yojnhh2mr2kgjqtj7hbv')
2026-03-29T13:31:28Z WARNING bsky_collector_v2.job.index_feed_generators: listRecords failed repo=did:plc:rr6ahksgnzaxork7f7takm75 err=HttpError('InvalidRequest: Could not find repo: did:plc:rr6ahksgnzaxork7f7takm75')
2026-03-29T13:31:28Z WARNING bsky_collector_v2.job.index_feed_generators: listRecords failed repo=did:plc:62tsxcuits4dqscbephhnlse err=HttpError('InvalidRequest: Could not find repo: did:plc:62tsxcuits4dqscbephhnlse')
2026-03-29T13:31:28Z WARNING bsky_collector_v2.job.index_feed_generators: listRecords failed repo=did:plc:6hwjlppprzphqpkp4sbbubvc err=HttpError('InvalidRequest: Could not find repo: did:plc:6hwjlppprzphqpkp4sbbubvc')
2026-03-29T13:31:28Z WARNING bsky_collector_v2.job.index_feed_generators: listRecords failed repo=did:plc:7o7hzkjuyjvgp4ytm2zhamv7 err=HttpError('InvalidRequest: Could not find repo: did:plc:7o7hzkjuyjvgp4ytm2zhamv7')
2026-03-29T13:31:28Z WARNING bsky_collector_v2.job.index_feed_generators: listRecords failed repo=did:plc:ceiekckmd2eepc4qgf7cx5hw err=HttpError('InvalidRequest: Could not find repo: did:plc:ceiekckmd2eepc4qgf7cx5hw')
2026-03-29T13:31:28Z WARNING bsky_collector_v2.job.index_feed_generators: listRecords failed repo=did:plc:i5i5yojnhh2mr2kgjqtj7hbv err=HttpError('InvalidRequest: Could not find repo: did:plc:i5i5yojnhh2mr2kgjqtj7hbv')
2026-03-29T13:31:28Z WARNING bsky_collector_v2.job.index_feed_generators: listRecords failed repo=did:plc:rr6ahksgnzaxork7f7takm75 err=HttpError('InvalidRequest: Could not find repo: did:plc:rr6ahksgnzaxork7f7takm75')
2026-03-29T13:31:29Z INFO bsky_collector_v2.job.index_feed_generators: enqueued repos page=31 mode=listRepos inserted=500 repos_returned=500 next_cursor=set
2026-03-29T13:31:35Z WARNING bsky_collector_v2.job.index_feed_generators: listRecords failed repo=did:plc:53auouf6wrmnctwzxcwe622h err=HttpError('InvalidRequest: Could not find repo: did:plc:53auouf6wrmnctwzxcwe622h')
2026-03-29T13:31:45Z WARNING bsky_collector_v2.job.index_feed_generators: listRecords failed repo=did:plc:akgv2pebl7dj2cqgwpmiu54e err=HttpError('InvalidRequest: Could not find repo: did:plc:akgv2pebl7dj2cqgwpmiu54e')
2026-03-29T13:31:54Z WARNING bsky_collector_v2.job.index_feed_generators: listRecords failed repo=did:plc:dqw6m2fayo5iizbby5i5jw2f err=HttpError('InvalidRequest: Could not find repo: did:plc:dqw6m2fayo5iizbby5i5jw2f')
2026-03-29T13:31:57Z WARNING bsky_collector_v2.job.index_feed_generators: listRecords failed repo=did:plc:fcdmaxq5qly33pzgxlwm6ub4 err=HttpError('InvalidRequest: Could not find repo: did:plc:fcdmaxq5qly33pzgxlwm6ub4')
2026-03-29T13:32:02Z WARNING bsky_collector_v2.job.index_feed_generators: listRecords failed repo=did:plc:ha7wpngv4f2qwrk5hta4ktbb err=HttpError('InvalidRequest: Could not find repo: did:plc:ha7wpngv4f2qwrk5hta4ktbb')
2026-03-29T13:32:10Z WARNING bsky_collector_v2.job.index_feed_generators: listRecords failed repo=did:plc:knwdrjh3q5crnqcn74xeqo4t err=HttpError('InvalidRequest: Could not find repo: did:plc:knwdrjh3q5crnqcn74xeqo4t')
2026-03-29T13:32:10Z WARNING bsky_collector_v2.job.index_feed_generators: listRecords failed repo=did:plc:kpxzzbajpeyqhfaobhedmcg3 err=HttpError('InvalidRequest: Could not find repo: did:plc:kpxzzbajpeyqhfaobhedmcg3')
2026-03-29T13:32:16Z WARNING bsky_collector_v2.job.index_feed_generators: listRecords failed repo=did:plc:msppw24oe3de42oms2d5765y err=HttpError('InvalidRequest: Could not find repo: did:plc:msppw24oe3de42oms2d5765y')
2026-03-29T13:32:17Z WARNING bsky_collector_v2.job.index_feed_generators: listRecords failed repo=did:plc:n43wn5f3ysni7mwqwwhu7jf4 err=HttpError('InvalidRequest: Could not find repo: did:plc:n43wn5f3ysni7mwqwwhu7jf4')
2026-03-29T13:32:21Z WARNING bsky_collector_v2.job.index_feed_generators: listRecords failed repo=did:plc:oqzbqkott4uyjfzmjg3xw47l err=HttpError('InvalidRequest: Could not find repo: did:plc:oqzbqkott4uyjfzmjg3xw47l')
2026-03-29T13:32:38Z WARNING bsky_collector_v2.job.index_feed_generators: listRecords failed repo=did:plc:vq7pbktkxc6wgo7g6zcayh4j err=HttpError('InvalidRequest: Could not find repo: did:plc:vq7pbktkxc6wgo7g6zcayh4j')
2026-03-29T13:32:50Z WARNING bsky_collector_v2.job.index_feed_generators: listRecords failed repo=did:plc:53auouf6wrmnctwzxcwe622h err=HttpError('InvalidRequest: Could not find repo: did:plc:53auouf6wrmnctwzxcwe622h')
2026-03-29T13:32:50Z WARNING bsky_collector_v2.job.index_feed_generators: listRecords failed repo=did:plc:akgv2pebl7dj2cqgwpmiu54e err=HttpError('InvalidRequest: Could not find repo: did:plc:akgv2pebl7dj2cqgwpmiu54e')
2026-03-29T13:32:50Z WARNING bsky_collector_v2.job.index_feed_generators: listRecords failed repo=did:plc:dqw6m2fayo5iizbby5i5jw2f err=HttpError('InvalidRequest: Could not find repo: did:plc:dqw6m2fayo5iizbby5i5jw2f')
2026-03-29T13:32:50Z WARNING bsky_collector_v2.job.index_feed_generators: listRecords failed repo=did:plc:fcdmaxq5qly33pzgxlwm6ub4 err=HttpError('InvalidRequest: Could not find repo: did:plc:fcdmaxq5qly33pzgxlwm6ub4')
2026-03-29T13:32:50Z WARNING bsky_collector_v2.job.index_feed_generators: listRecords failed repo=did:plc:ha7wpngv4f2qwrk5hta4ktbb err=HttpError('InvalidRequest: Could not find repo: did:plc:ha7wpngv4f2qwrk5hta4ktbb')
2026-03-29T13:32:50Z WARNING bsky_collector_v2.job.index_feed_generators: listRecords failed repo=did:plc:knwdrjh3q5crnqcn74xeqo4t err=HttpError('InvalidRequest: Could not find repo: did:plc:knwdrjh3q5crnqcn74xeqo4t')
2026-03-29T13:32:50Z WARNING bsky_collector_v2.job.index_feed_generators: listRecords failed repo=did:plc:kpxzzbajpeyqhfaobhedmcg3 err=HttpError('InvalidRequest: Could not find repo: did:plc:kpxzzbajpeyqhfaobhedmcg3')
2026-03-29T13:32:50Z WARNING bsky_collector_v2.job.index_feed_generators: listRecords failed repo=did:plc:msppw24oe3de42oms2d5765y err=HttpError('InvalidRequest: Could not find repo: did:plc:msppw24oe3de42oms2d5765y')
2026-03-29T13:32:50Z WARNING bsky_collector_v2.job.index_feed_generators: listRecords failed repo=did:plc:n43wn5f3ysni7mwqwwhu7jf4 err=HttpError('InvalidRequest: Could not find repo: did:plc:n43wn5f3ysni7mwqwwhu7jf4')
2026-03-29T13:32:50Z WARNING bsky_collector_v2.job.index_feed_generators: listRecords failed repo=did:plc:oqzbqkott4uyjfzmjg3xw47l err=HttpError('InvalidRequest: Could not find repo: did:plc:oqzbqkott4uyjfzmjg3xw47l')
2026-03-29T13:32:50Z WARNING bsky_collector_v2.job.index_feed_generators: listRecords failed repo=did:plc:vq7pbktkxc6wgo7g6zcayh4j err=HttpError('InvalidRequest: Could not find repo: did:plc:vq7pbktkxc6wgo7g6zcayh4j')
2026-03-29T13:32:50Z WARNING bsky_collector_v2.job.index_feed_generators: listRecords failed repo=did:plc:53auouf6wrmnctwzxcwe622h err=HttpError('InvalidRequest: Could not find repo: did:plc:53auouf6wrmnctwzxcwe622h')
2026-03-29T13:32:50Z WARNING bsky_collector_v2.job.index_feed_generators: listRecords failed repo=did:plc:akgv2pebl7dj2cqgwpmiu54e err=HttpError('InvalidRequest: Could not find repo: did:plc:akgv2pebl7dj2cqgwpmiu54e')
2026-03-29T13:32:50Z WARNING bsky_collector_v2.job.index_feed_generators: listRecords failed repo=did:plc:dqw6m2fayo5iizbby5i5jw2f err=HttpError('InvalidRequest: Could not find repo: did:plc:dqw6m2fayo5iizbby5i5jw2f')
2026-03-29T13:32:50Z WARNING bsky_collector_v2.job.index_feed_generators: listRecords failed repo=did:plc:fcdmaxq5qly33pzgxlwm6ub4 err=HttpError('InvalidRequest: Could not find repo: did:plc:fcdmaxq5qly33pzgxlwm6ub4')
2026-03-29T13:32:50Z WARNING bsky_collector_v2.job.index_feed_generators: listRecords failed repo=did:plc:ha7wpngv4f2qwrk5hta4ktbb err=HttpError('InvalidRequest: Could not find repo: did:plc:ha7wpngv4f2qwrk5hta4ktbb')
2026-03-29T13:32:50Z WARNING bsky_collector_v2.job.index_feed_generators: listRecords failed repo=did:plc:knwdrjh3q5crnqcn74xeqo4t err=HttpError('InvalidRequest: Could not find repo: did:plc:knwdrjh3q5crnqcn74xeqo4t')
2026-03-29T13:32:50Z WARNING bsky_collector_v2.job.index_feed_generators: listRecords failed repo=did:plc:kpxzzbajpeyqhfaobhedmcg3 err=HttpError('InvalidRequest: Could not find repo: did:plc:kpxzzbajpeyqhfaobhedmcg3')
2026-03-29T13:32:50Z WARNING bsky_collector_v2.job.index_feed_generators: listRecords failed repo=did:plc:msppw24oe3de42oms2d5765y err=HttpError('InvalidRequest: Could not find repo: did:plc:msppw24oe3de42oms2d5765y')
2026-03-29T13:32:51Z WARNING bsky_collector_v2.job.index_feed_generators: listRecords failed repo=did:plc:n43wn5f3ysni7mwqwwhu7jf4 err=HttpError('InvalidRequest: Could not find repo: did:plc:n43wn5f3ysni7mwqwwhu7jf4')
2026-03-29T13:32:51Z WARNING bsky_collector_v2.job.index_feed_generators: listRecords failed repo=did:plc:oqzbqkott4uyjfzmjg3xw47l err=HttpError('InvalidRequest: Could not find repo: did:plc:oqzbqkott4uyjfzmjg3xw47l')
2026-03-29T13:32:51Z WARNING bsky_collector_v2.job.index_feed_generators: listRecords failed repo=did:plc:vq7pbktkxc6wgo7g6zcayh4j err=HttpError('InvalidRequest: Could not find repo: did:plc:vq7pbktkxc6wgo7g6zcayh4j')
2026-03-29T13:32:51Z INFO bsky_collector_v2.job.index_feed_generators: enqueued repos page=32 mode=listRepos inserted=500 repos_returned=500 next_cursor=set
2026-03-29T13:33:01Z WARNING bsky_collector_v2.job.index_feed_generators: listRecords failed repo=did:plc:5bzk7tfnxbjnqxbfqjuezfan err=HttpError('InvalidRequest: Could not find repo: did:plc:5bzk7tfnxbjnqxbfqjuezfan')
2026-03-29T13:33:12Z WARNING bsky_collector_v2.job.index_feed_generators: listRecords failed repo=did:plc:blab3dla7ilpwahg2yvr2xfy err=HttpError('InvalidRequest: Could not find repo: did:plc:blab3dla7ilpwahg2yvr2xfy')
2026-03-29T13:34:02Z WARNING bsky_collector_v2.job.index_feed_generators: listRecords failed repo=did:plc:t246xaq4wenagve25uq72xbn err=HttpError('InvalidRequest: Could not find repo: did:plc:t246xaq4wenagve25uq72xbn')
2026-03-29T13:34:15Z WARNING bsky_collector_v2.job.index_feed_generators: listRecords failed repo=did:plc:yubdx4j7x6yiewfklapziaev err=HttpError('InvalidRequest: Could not find repo: did:plc:yubdx4j7x6yiewfklapziaev')
2026-03-29T13:34:18Z WARNING bsky_collector_v2.job.index_feed_generators: listRecords failed repo=did:plc:5bzk7tfnxbjnqxbfqjuezfan err=HttpError('InvalidRequest: Could not find repo: did:plc:5bzk7tfnxbjnqxbfqjuezfan')
2026-03-29T13:34:18Z WARNING bsky_collector_v2.job.index_feed_generators: listRecords failed repo=did:plc:blab3dla7ilpwahg2yvr2xfy err=HttpError('InvalidRequest: Could not find repo: did:plc:blab3dla7ilpwahg2yvr2xfy')
2026-03-29T13:34:18Z WARNING bsky_collector_v2.job.index_feed_generators: listRecords failed repo=did:plc:t246xaq4wenagve25uq72xbn err=HttpError('InvalidRequest: Could not find repo: did:plc:t246xaq4wenagve25uq72xbn')
2026-03-29T13:34:18Z WARNING bsky_collector_v2.job.index_feed_generators: listRecords failed repo=did:plc:yubdx4j7x6yiewfklapziaev err=HttpError('InvalidRequest: Could not find repo: did:plc:yubdx4j7x6yiewfklapziaev')
2026-03-29T13:34:18Z WARNING bsky_collector_v2.job.index_feed_generators: listRecords failed repo=did:plc:5bzk7tfnxbjnqxbfqjuezfan err=HttpError('InvalidRequest: Could not find repo: did:plc:5bzk7tfnxbjnqxbfqjuezfan')
2026-03-29T13:34:18Z WARNING bsky_collector_v2.job.index_feed_generators: listRecords failed repo=did:plc:blab3dla7ilpwahg2yvr2xfy err=HttpError('InvalidRequest: Could not find repo: did:plc:blab3dla7ilpwahg2yvr2xfy')
2026-03-29T13:34:18Z WARNING bsky_collector_v2.job.index_feed_generators: listRecords failed repo=did:plc:t246xaq4wenagve25uq72xbn err=HttpError('InvalidRequest: Could not find repo: did:plc:t246xaq4wenagve25uq72xbn')
2026-03-29T13:34:18Z WARNING bsky_collector_v2.job.index_feed_generators: listRecords failed repo=did:plc:yubdx4j7x6yiewfklapziaev err=HttpError('InvalidRequest: Could not find repo: did:plc:yubdx4j7x6yiewfklapziaev')
2026-03-29T13:34:19Z INFO bsky_collector_v2.job.index_feed_generators: enqueued repos page=33 mode=listRepos inserted=500 repos_returned=500 next_cursor=set
2026-03-29T13:34:33Z WARNING bsky_collector_v2.job.index_feed_generators: listRecords failed repo=did:plc:7ffjncusckvznwhpwwrrtamh err=HttpError('InvalidRequest: Could not find repo: did:plc:7ffjncusckvznwhpwwrrtamh')
2026-03-29T13:34:50Z WARNING bsky_collector_v2.job.index_feed_generators: listRecords failed repo=did:plc:f6xa3awrpmxdsvae2kxcqp47 err=HttpError('InvalidRequest: Could not find repo: did:plc:f6xa3awrpmxdsvae2kxcqp47')
2026-03-29T13:35:13Z WARNING bsky_collector_v2.job.index_feed_generators: listRecords failed repo=did:plc:n53cgpizlwzu3arqypj2htt5 err=HttpError('InvalidRequest: Could not find repo: did:plc:n53cgpizlwzu3arqypj2htt5')
2026-03-29T13:35:21Z WARNING bsky_collector_v2.job.index_feed_generators: listRecords failed repo=did:plc:rfgbku4h2efaltllkx2ryb6l err=HttpError('InvalidRequest: Could not find repo: did:plc:rfgbku4h2efaltllkx2ryb6l')
2026-03-29T13:35:35Z INFO bsky_collector_v2.job.index_feed_generators: indexed repo=did:plc:wphnfqteu7mnbua2yf7rm5q4 part=76 records=1 next_cursor=set
2026-03-29T13:35:45Z WARNING bsky_collector_v2.job.index_feed_generators: listRecords failed repo=did:plc:7ffjncusckvznwhpwwrrtamh err=HttpError('InvalidRequest: Could not find repo: did:plc:7ffjncusckvznwhpwwrrtamh')
2026-03-29T13:35:45Z WARNING bsky_collector_v2.job.index_feed_generators: listRecords failed repo=did:plc:f6xa3awrpmxdsvae2kxcqp47 err=HttpError('InvalidRequest: Could not find repo: did:plc:f6xa3awrpmxdsvae2kxcqp47')
2026-03-29T13:35:45Z WARNING bsky_collector_v2.job.index_feed_generators: listRecords failed repo=did:plc:n53cgpizlwzu3arqypj2htt5 err=HttpError('InvalidRequest: Could not find repo: did:plc:n53cgpizlwzu3arqypj2htt5')
2026-03-29T13:35:45Z WARNING bsky_collector_v2.job.index_feed_generators: listRecords failed repo=did:plc:rfgbku4h2efaltllkx2ryb6l err=HttpError('InvalidRequest: Could not find repo: did:plc:rfgbku4h2efaltllkx2ryb6l')
2026-03-29T13:35:45Z WARNING bsky_collector_v2.job.index_feed_generators: listRecords failed repo=did:plc:7ffjncusckvznwhpwwrrtamh err=HttpError('InvalidRequest: Could not find repo: did:plc:7ffjncusckvznwhpwwrrtamh')
2026-03-29T13:35:45Z WARNING bsky_collector_v2.job.index_feed_generators: listRecords failed repo=did:plc:f6xa3awrpmxdsvae2kxcqp47 err=HttpError('InvalidRequest: Could not find repo: did:plc:f6xa3awrpmxdsvae2kxcqp47')
2026-03-29T13:35:45Z WARNING bsky_collector_v2.job.index_feed_generators: listRecords failed repo=did:plc:n53cgpizlwzu3arqypj2htt5 err=HttpError('InvalidRequest: Could not find repo: did:plc:n53cgpizlwzu3arqypj2htt5')
2026-03-29T13:35:45Z WARNING bsky_collector_v2.job.index_feed_generators: listRecords failed repo=did:plc:rfgbku4h2efaltllkx2ryb6l err=HttpError('InvalidRequest: Could not find repo: did:plc:rfgbku4h2efaltllkx2ryb6l')
2026-03-29T13:35:46Z INFO bsky_collector_v2.job.index_feed_generators: enqueued repos page=34 mode=listRepos inserted=500 repos_returned=500 next_cursor=set
2026-03-29T13:36:16Z WARNING bsky_collector_v2.job.index_feed_generators: listRecords failed repo=did:plc:dea22zromlsczf774bhe36pe err=HttpError('InvalidRequest: Could not find repo: did:plc:dea22zromlsczf774bhe36pe')
2026-03-29T13:36:17Z WARNING bsky_collector_v2.job.index_feed_generators: listRecords failed repo=did:plc:dl2s3isqpsx2qksz3g67t6yh err=HttpError('InvalidRequest: Could not find repo: did:plc:dl2s3isqpsx2qksz3g67t6yh')
2026-03-29T13:36:35Z WARNING bsky_collector_v2.job.index_feed_generators: listRecords failed repo=did:plc:ji3ktuxbstecathq4ehno4sy err=HttpError('InvalidRequest: Could not find repo: did:plc:ji3ktuxbstecathq4ehno4sy')
2026-03-29T13:36:47Z WARNING bsky_collector_v2.job.index_feed_generators: listRecords failed repo=did:plc:ofv55mclynpkf43lqra2bop5 err=HttpError('InvalidRequest: Could not find repo: did:plc:ofv55mclynpkf43lqra2bop5')
2026-03-29T13:36:50Z WARNING bsky_collector_v2.job.index_feed_generators: listRecords failed repo=did:plc:pox2aryadpmmbn3smmxfs3rm err=HttpError('InvalidRequest: Could not find repo: did:plc:pox2aryadpmmbn3smmxfs3rm')
2026-03-29T13:36:55Z WARNING bsky_collector_v2.job.index_feed_generators: listRecords failed repo=did:plc:tmifsas3izxlnje5uwdnkht6 err=HttpError('InvalidRequest: Could not find repo: did:plc:tmifsas3izxlnje5uwdnkht6')
2026-03-29T13:36:58Z WARNING bsky_collector_v2.job.index_feed_generators: listRecords failed repo=did:plc:uqdgpedgcz7jmqoyjapsjjud err=HttpError('InvalidRequest: Could not find repo: did:plc:uqdgpedgcz7jmqoyjapsjjud')
2026-03-29T13:36:59Z WARNING bsky_collector_v2.job.index_feed_generators: listRecords failed repo=did:plc:vatolaiaxxa4xa3pv2kcqjzl err=HttpError('InvalidRequest: Could not find repo: did:plc:vatolaiaxxa4xa3pv2kcqjzl')
2026-03-29T13:37:01Z WARNING bsky_collector_v2.job.index_feed_generators: listRecords failed repo=did:plc:w6in6qr2veiti4rend3f5uac err=HttpError('InvalidRequest: Could not find repo: did:plc:w6in6qr2veiti4rend3f5uac')
2026-03-29T13:37:03Z WARNING bsky_collector_v2.job.index_feed_generators: listRecords failed repo=did:plc:xbtczfsedtvnf7vwaqthoj4m err=HttpError('InvalidRequest: Could not find repo: did:plc:xbtczfsedtvnf7vwaqthoj4m')
2026-03-29T13:37:13Z WARNING bsky_collector_v2.job.index_feed_generators: listRecords failed repo=did:plc:dea22zromlsczf774bhe36pe err=HttpError('InvalidRequest: Could not find repo: did:plc:dea22zromlsczf774bhe36pe')
2026-03-29T13:37:13Z WARNING bsky_collector_v2.job.index_feed_generators: listRecords failed repo=did:plc:dl2s3isqpsx2qksz3g67t6yh err=HttpError('InvalidRequest: Could not find repo: did:plc:dl2s3isqpsx2qksz3g67t6yh')
2026-03-29T13:37:13Z WARNING bsky_collector_v2.job.index_feed_generators: listRecords failed repo=did:plc:ji3ktuxbstecathq4ehno4sy err=HttpError('InvalidRequest: Could not find repo: did:plc:ji3ktuxbstecathq4ehno4sy')
2026-03-29T13:37:13Z WARNING bsky_collector_v2.job.index_feed_generators: listRecords failed repo=did:plc:ofv55mclynpkf43lqra2bop5 err=HttpError('InvalidRequest: Could not find repo: did:plc:ofv55mclynpkf43lqra2bop5')
2026-03-29T13:37:13Z WARNING bsky_collector_v2.job.index_feed_generators: listRecords failed repo=did:plc:pox2aryadpmmbn3smmxfs3rm err=HttpError('InvalidRequest: Could not find repo: did:plc:pox2aryadpmmbn3smmxfs3rm')
2026-03-29T13:37:13Z WARNING bsky_collector_v2.job.index_feed_generators: listRecords failed repo=did:plc:tmifsas3izxlnje5uwdnkht6 err=HttpError('InvalidRequest: Could not find repo: did:plc:tmifsas3izxlnje5uwdnkht6')
2026-03-29T13:37:13Z WARNING bsky_collector_v2.job.index_feed_generators: listRecords failed repo=did:plc:uqdgpedgcz7jmqoyjapsjjud err=HttpError('InvalidRequest: Could not find repo: did:plc:uqdgpedgcz7jmqoyjapsjjud')
2026-03-29T13:37:13Z WARNING bsky_collector_v2.job.index_feed_generators: listRecords failed repo=did:plc:vatolaiaxxa4xa3pv2kcqjzl err=HttpError('InvalidRequest: Could not find repo: did:plc:vatolaiaxxa4xa3pv2kcqjzl')
2026-03-29T13:37:13Z WARNING bsky_collector_v2.job.index_feed_generators: listRecords failed repo=did:plc:w6in6qr2veiti4rend3f5uac err=HttpError('InvalidRequest: Could not find repo: did:plc:w6in6qr2veiti4rend3f5uac')
2026-03-29T13:37:13Z WARNING bsky_collector_v2.job.index_feed_generators: listRecords failed repo=did:plc:xbtczfsedtvnf7vwaqthoj4m err=HttpError('InvalidRequest: Could not find repo: did:plc:xbtczfsedtvnf7vwaqthoj4m')
2026-03-29T13:37:14Z WARNING bsky_collector_v2.job.index_feed_generators: listRecords failed repo=did:plc:dea22zromlsczf774bhe36pe err=HttpError('InvalidRequest: Could not find repo: did:plc:dea22zromlsczf774bhe36pe')
2026-03-29T13:37:14Z WARNING bsky_collector_v2.job.index_feed_generators: listRecords failed repo=did:plc:dl2s3isqpsx2qksz3g67t6yh err=HttpError('InvalidRequest: Could not find repo: did:plc:dl2s3isqpsx2qksz3g67t6yh')
2026-03-29T13:37:14Z WARNING bsky_collector_v2.job.index_feed_generators: listRecords failed repo=did:plc:ji3ktuxbstecathq4ehno4sy err=HttpError('InvalidRequest: Could not find repo: did:plc:ji3ktuxbstecathq4ehno4sy')
2026-03-29T13:37:14Z WARNING bsky_collector_v2.job.index_feed_generators: listRecords failed repo=did:plc:ofv55mclynpkf43lqra2bop5 err=HttpError('InvalidRequest: Could not find repo: did:plc:ofv55mclynpkf43lqra2bop5')
2026-03-29T13:37:14Z WARNING bsky_collector_v2.job.index_feed_generators: listRecords failed repo=did:plc:pox2aryadpmmbn3smmxfs3rm err=HttpError('InvalidRequest: Could not find repo: did:plc:pox2aryadpmmbn3smmxfs3rm')
2026-03-29T13:37:14Z WARNING bsky_collector_v2.job.index_feed_generators: listRecords failed repo=did:plc:tmifsas3izxlnje5uwdnkht6 err=HttpError('InvalidRequest: Could not find repo: did:plc:tmifsas3izxlnje5uwdnkht6')
2026-03-29T13:37:14Z WARNING bsky_collector_v2.job.index_feed_generators: listRecords failed repo=did:plc:uqdgpedgcz7jmqoyjapsjjud err=HttpError('InvalidRequest: Could not find repo: did:plc:uqdgpedgcz7jmqoyjapsjjud')
2026-03-29T13:37:14Z WARNING bsky_collector_v2.job.index_feed_generators: listRecords failed repo=did:plc:vatolaiaxxa4xa3pv2kcqjzl err=HttpError('InvalidRequest: Could not find repo: did:plc:vatolaiaxxa4xa3pv2kcqjzl')
2026-03-29T13:37:14Z WARNING bsky_collector_v2.job.index_feed_generators: listRecords failed repo=did:plc:w6in6qr2veiti4rend3f5uac err=HttpError('InvalidRequest: Could not find repo: did:plc:w6in6qr2veiti4rend3f5uac')
2026-03-29T13:37:14Z WARNING bsky_collector_v2.job.index_feed_generators: listRecords failed repo=did:plc:xbtczfsedtvnf7vwaqthoj4m err=HttpError('InvalidRequest: Could not find repo: did:plc:xbtczfsedtvnf7vwaqthoj4m')
2026-03-29T13:37:15Z INFO bsky_collector_v2.job.index_feed_generators: enqueued repos page=35 mode=listRepos inserted=500 repos_returned=500 next_cursor=set
2026-03-29T13:37:22Z WARNING bsky_collector_v2.job.index_feed_generators: listRecords failed repo=did:plc:4uwwe3wgvrks2nokdadnteth err=HttpError('InvalidRequest: Could not find repo: did:plc:4uwwe3wgvrks2nokdadnteth')
2026-03-29T13:37:23Z WARNING bsky_collector_v2.job.index_feed_generators: listRecords failed repo=did:plc:5gfort5fvvx2m3y7wmozwqcu err=HttpError('InvalidRequest: Could not find repo: did:plc:5gfort5fvvx2m3y7wmozwqcu')
2026-03-29T13:37:25Z WARNING bsky_collector_v2.job.index_feed_generators: listRecords failed repo=did:plc:64gd4gbcc6qm23iyvjtkfbyj err=HttpError('InvalidRequest: Could not find repo: did:plc:64gd4gbcc6qm23iyvjtkfbyj')
2026-03-29T13:37:38Z WARNING bsky_collector_v2.job.index_feed_generators: listRecords failed repo=did:plc:ch6anm75euwfekju2nlgwe5g err=HttpError('InvalidRequest: Could not find repo: did:plc:ch6anm75euwfekju2nlgwe5g')
2026-03-29T13:37:50Z WARNING bsky_collector_v2.job.index_feed_generators: listRecords failed repo=did:plc:i54mvdb6w3d242wb7xemgegv err=HttpError('InvalidRequest: Could not find repo: did:plc:i54mvdb6w3d242wb7xemgegv')
2026-03-29T13:38:28Z WARNING bsky_collector_v2.job.index_feed_generators: listRecords failed repo=did:plc:vmlobvulep7qnnqan35wlk4v err=HttpError('InvalidRequest: Could not find repo: did:plc:vmlobvulep7qnnqan35wlk4v')
2026-03-29T13:38:34Z WARNING bsky_collector_v2.job.index_feed_generators: listRecords failed repo=did:plc:yg7j3vla5igmz6lrbwpxewdd err=HttpError('InvalidRequest: Could not find repo: did:plc:yg7j3vla5igmz6lrbwpxewdd')
2026-03-29T13:38:37Z WARNING bsky_collector_v2.job.index_feed_generators: listRecords failed repo=did:plc:4uwwe3wgvrks2nokdadnteth err=HttpError('InvalidRequest: Could not find repo: did:plc:4uwwe3wgvrks2nokdadnteth')
2026-03-29T13:38:37Z WARNING bsky_collector_v2.job.index_feed_generators: listRecords failed repo=did:plc:5gfort5fvvx2m3y7wmozwqcu err=HttpError('InvalidRequest: Could not find repo: did:plc:5gfort5fvvx2m3y7wmozwqcu')
2026-03-29T13:38:38Z WARNING bsky_collector_v2.job.index_feed_generators: listRecords failed repo=did:plc:64gd4gbcc6qm23iyvjtkfbyj err=HttpError('InvalidRequest: Could not find repo: did:plc:64gd4gbcc6qm23iyvjtkfbyj')
2026-03-29T13:38:38Z WARNING bsky_collector_v2.job.index_feed_generators: listRecords failed repo=did:plc:ch6anm75euwfekju2nlgwe5g err=HttpError('InvalidRequest: Could not find repo: did:plc:ch6anm75euwfekju2nlgwe5g')
2026-03-29T13:38:38Z WARNING bsky_collector_v2.job.index_feed_generators: listRecords failed repo=did:plc:i54mvdb6w3d242wb7xemgegv err=HttpError('InvalidRequest: Could not find repo: did:plc:i54mvdb6w3d242wb7xemgegv')
2026-03-29T13:38:38Z WARNING bsky_collector_v2.job.index_feed_generators: listRecords failed repo=did:plc:vmlobvulep7qnnqan35wlk4v err=HttpError('InvalidRequest: Could not find repo: did:plc:vmlobvulep7qnnqan35wlk4v')
2026-03-29T13:38:38Z WARNING bsky_collector_v2.job.index_feed_generators: listRecords failed repo=did:plc:yg7j3vla5igmz6lrbwpxewdd err=HttpError('InvalidRequest: Could not find repo: did:plc:yg7j3vla5igmz6lrbwpxewdd')
2026-03-29T13:38:38Z WARNING bsky_collector_v2.job.index_feed_generators: listRecords failed repo=did:plc:4uwwe3wgvrks2nokdadnteth err=HttpError('InvalidRequest: Could not find repo: did:plc:4uwwe3wgvrks2nokdadnteth')
2026-03-29T13:38:38Z WARNING bsky_collector_v2.job.index_feed_generators: listRecords failed repo=did:plc:5gfort5fvvx2m3y7wmozwqcu err=HttpError('InvalidRequest: Could not find repo: did:plc:5gfort5fvvx2m3y7wmozwqcu')
2026-03-29T13:38:38Z WARNING bsky_collector_v2.job.index_feed_generators: listRecords failed repo=did:plc:64gd4gbcc6qm23iyvjtkfbyj err=HttpError('InvalidRequest: Could not find repo: did:plc:64gd4gbcc6qm23iyvjtkfbyj')
2026-03-29T13:38:38Z WARNING bsky_collector_v2.job.index_feed_generators: listRecords failed repo=did:plc:ch6anm75euwfekju2nlgwe5g err=HttpError('InvalidRequest: Could not find repo: did:plc:ch6anm75euwfekju2nlgwe5g')
2026-03-29T13:38:38Z WARNING bsky_collector_v2.job.index_feed_generators: listRecords failed repo=did:plc:i54mvdb6w3d242wb7xemgegv err=HttpError('InvalidRequest: Could not find repo: did:plc:i54mvdb6w3d242wb7xemgegv')
2026-03-29T13:38:38Z WARNING bsky_collector_v2.job.index_feed_generators: listRecords failed repo=did:plc:vmlobvulep7qnnqan35wlk4v err=HttpError('InvalidRequest: Could not find repo: did:plc:vmlobvulep7qnnqan35wlk4v')
2026-03-29T13:38:38Z WARNING bsky_collector_v2.job.index_feed_generators: listRecords failed repo=did:plc:yg7j3vla5igmz6lrbwpxewdd err=HttpError('InvalidRequest: Could not find repo: did:plc:yg7j3vla5igmz6lrbwpxewdd')
2026-03-29T13:38:39Z INFO bsky_collector_v2.job.index_feed_generators: enqueued repos page=36 mode=listRepos inserted=500 repos_returned=500 next_cursor=set
2026-03-29T13:38:52Z WARNING bsky_collector_v2.job.index_feed_generators: listRecords failed repo=did:plc:6pam4wux4rks6amgndeznghc err=HttpError('InvalidRequest: Could not find repo: did:plc:6pam4wux4rks6amgndeznghc')
2026-03-29T13:39:02Z WARNING bsky_collector_v2.job.index_feed_generators: listRecords failed repo=did:plc:ckinjfcxdwbbubbig2vhe4fl err=HttpError('InvalidRequest: Could not find repo: did:plc:ckinjfcxdwbbubbig2vhe4fl')
2026-03-29T13:39:18Z WARNING bsky_collector_v2.job.index_feed_generators: listRecords failed repo=did:plc:jtodehjj3pixzx5w6ysqjr3y err=HttpError('InvalidRequest: Could not find repo: did:plc:jtodehjj3pixzx5w6ysqjr3y')
2026-03-29T13:39:19Z WARNING bsky_collector_v2.job.index_feed_generators: listRecords failed repo=did:plc:k2qlwfsul6fock4vzuawwmjk err=HttpError('InvalidRequest: Could not find repo: did:plc:k2qlwfsul6fock4vzuawwmjk')
2026-03-29T13:39:45Z WARNING bsky_collector_v2.job.index_feed_generators: listRecords failed repo=did:plc:tdwd7432ahnuyunc7o4eveo4 err=HttpError('InvalidRequest: Could not find repo: did:plc:tdwd7432ahnuyunc7o4eveo4')
2026-03-29T13:39:45Z WARNING bsky_collector_v2.job.index_feed_generators: listRecords failed repo=did:plc:tgoqvygq5heytjlveiltrfvv err=HttpError('InvalidRequest: Could not find repo: did:plc:tgoqvygq5heytjlveiltrfvv')
