2026-03-30T18:26:14Z INFO bsky_collector_v2: out_base ok path=/Volumes/T9/BlueSky/data_v2_full mount=/Volumes/T9
2026-03-30T18:26:14Z INFO bsky_collector_v2: job start subcommand=index-feed-generators dry_run=False resume=True
2026-03-30T18:26:15Z INFO bsky_collector_v2.job.index_feed_generators: feed generator index hosts relay_host=https://bsky.network records_host=https://bsky.social auth=yes
2026-03-30T18:26:23Z WARNING bsky_collector_v2.job.index_feed_generators: listRecords failed repo=did:plc:sci5wyxf3ec6j3c4gzs4754r err=HttpError('InvalidRequest: Could not find repo: did:plc:sci5wyxf3ec6j3c4gzs4754r')
2026-03-30T18:26:26Z WARNING bsky_collector_v2.job.index_feed_generators: listRecords failed repo=did:plc:tvitb7gdqvw3fzhqwuazss4m err=HttpError('InvalidRequest: Could not find repo: did:plc:tvitb7gdqvw3fzhqwuazss4m')
2026-03-30T18:26:26Z WARNING bsky_collector_v2.job.index_feed_generators: listRecords failed repo=did:plc:twrc6pagqqu3gjagfxgwinjx err=HttpError('InvalidRequest: Could not find repo: did:plc:twrc6pagqqu3gjagfxgwinjx')
2026-03-30T18:26:29Z WARNING bsky_collector_v2.job.index_feed_generators: listRecords failed repo=did:plc:vlkrcveewoupz2dl3adx6a4o err=HttpError('InvalidRequest: Could not find repo: did:plc:vlkrcveewoupz2dl3adx6a4o')
2026-03-30T18:26:33Z WARNING bsky_collector_v2.job.index_feed_generators: listRecords failed repo=did:plc:wiwmsgqffoy5rkxvtoii4scj err=HttpError('InvalidRequest: Could not find repo: did:plc:wiwmsgqffoy5rkxvtoii4scj')
2026-03-30T18:26:38Z WARNING bsky_collector_v2.job.index_feed_generators: listRecords failed repo=did:plc:ya3oc3zirwqu4rz2jlba3zqk err=HttpError('InvalidRequest: Could not find repo: did:plc:ya3oc3zirwqu4rz2jlba3zqk')
2026-03-30T18:26:39Z WARNING bsky_collector_v2.job.index_feed_generators: listRecords failed repo=did:plc:ynjboukmycnyzpywlov7leqs err=HttpError('InvalidRequest: Could not find repo: did:plc:ynjboukmycnyzpywlov7leqs')
2026-03-30T18:26:40Z WARNING bsky_collector_v2.job.index_feed_generators: listRecords failed repo=did:plc:z3ntag2wckjqp5kdoprr75oi err=HttpError('InvalidRequest: Could not find repo: did:plc:z3ntag2wckjqp5kdoprr75oi')
2026-03-30T18:26:41Z WARNING bsky_collector_v2.job.index_feed_generators: listRecords failed repo=did:plc:ze4d7ax3w7nztx3qr6zmq4wa err=HttpError('InvalidRequest: Could not find repo: did:plc:ze4d7ax3w7nztx3qr6zmq4wa')
2026-03-30T18:26:42Z WARNING bsky_collector_v2.job.index_feed_generators: listRecords failed repo=did:plc:zt5ik44famlyni64kr54gxwa err=HttpError('InvalidRequest: Could not find repo: did:plc:zt5ik44famlyni64kr54gxwa')
2026-03-30T18:26:43Z WARNING bsky_collector_v2.job.index_feed_generators: listRecords failed repo=did:plc:2vib3rez42zcpq6mw3o6rtit err=HttpError('InvalidRequest: Could not find repo: did:plc:2vib3rez42zcpq6mw3o6rtit')
2026-03-30T18:26:43Z WARNING bsky_collector_v2.job.index_feed_generators: listRecords failed repo=did:plc:4edmlfgsqowz23xvcc4g6sre err=HttpError('InvalidRequest: Could not find repo: did:plc:4edmlfgsqowz23xvcc4g6sre')
2026-03-30T18:26:43Z WARNING bsky_collector_v2.job.index_feed_generators: listRecords failed repo=did:plc:4euc2isqmkxd4xejkksnxmby err=HttpError('InvalidRequest: Could not find repo: did:plc:4euc2isqmkxd4xejkksnxmby')
2026-03-30T18:26:43Z WARNING bsky_collector_v2.job.index_feed_generators: listRecords failed repo=did:plc:4hoxaog5haedfnugsbtlx3qq err=HttpError('InvalidRequest: Could not find repo: did:plc:4hoxaog5haedfnugsbtlx3qq')
2026-03-30T18:26:43Z WARNING bsky_collector_v2.job.index_feed_generators: listRecords failed repo=did:plc:5qtm4rbt3hftb2ebsbfy3euz err=HttpError('InvalidRequest: Could not find repo: did:plc:5qtm4rbt3hftb2ebsbfy3euz')
2026-03-30T18:26:43Z WARNING bsky_collector_v2.job.index_feed_generators: listRecords failed repo=did:plc:6tcwrjhhztouvoztbo52tuh3 err=HttpError('InvalidRequest: Could not find repo: did:plc:6tcwrjhhztouvoztbo52tuh3')
2026-03-30T18:26:43Z WARNING bsky_collector_v2.job.index_feed_generators: listRecords failed repo=did:plc:a2ujakgymjv7eezg4n7n4fdh err=HttpError('InvalidRequest: Could not find repo: did:plc:a2ujakgymjv7eezg4n7n4fdh')
2026-03-30T18:26:43Z WARNING bsky_collector_v2.job.index_feed_generators: listRecords failed repo=did:plc:bmobykzofzxug2qrwfwa4a36 err=HttpError('InvalidRequest: Could not find repo: did:plc:bmobykzofzxug2qrwfwa4a36')
2026-03-30T18:26:43Z WARNING bsky_collector_v2.job.index_feed_generators: listRecords failed repo=did:plc:dxh5bdszc3hd5mlebrjqazj7 err=HttpError('InvalidRequest: Could not find repo: did:plc:dxh5bdszc3hd5mlebrjqazj7')
2026-03-30T18:26:43Z WARNING bsky_collector_v2.job.index_feed_generators: listRecords failed repo=did:plc:e3mgjp3eznulolhlixfyzyxk err=HttpError('InvalidRequest: Could not find repo: did:plc:e3mgjp3eznulolhlixfyzyxk')
2026-03-30T18:26:43Z WARNING bsky_collector_v2.job.index_feed_generators: listRecords failed repo=did:plc:gfye47mcqz5ihklszoucq5r4 err=HttpError('InvalidRequest: Could not find repo: did:plc:gfye47mcqz5ihklszoucq5r4')
2026-03-30T18:26:43Z WARNING bsky_collector_v2.job.index_feed_generators: listRecords failed repo=did:plc:grrfmwmqlkungq5c54b425nn err=HttpError('InvalidRequest: Could not find repo: did:plc:grrfmwmqlkungq5c54b425nn')
2026-03-30T18:26:43Z WARNING bsky_collector_v2.job.index_feed_generators: listRecords failed repo=did:plc:gva7m32b4cuar3jnvez6e37o err=HttpError('InvalidRequest: Could not find repo: did:plc:gva7m32b4cuar3jnvez6e37o')
2026-03-30T18:26:43Z WARNING bsky_collector_v2.job.index_feed_generators: listRecords failed repo=did:plc:i64brb6wv3hkszgkicysc55j err=HttpError('InvalidRequest: Could not find repo: did:plc:i64brb6wv3hkszgkicysc55j')
2026-03-30T18:26:43Z WARNING bsky_collector_v2.job.index_feed_generators: listRecords failed repo=did:plc:linswvb36rzlhm6fvlxqpmgh err=HttpError('InvalidRequest: Could not find repo: did:plc:linswvb36rzlhm6fvlxqpmgh')
2026-03-30T18:26:43Z WARNING bsky_collector_v2.job.index_feed_generators: listRecords failed repo=did:plc:n3e4k4jhw334otxkxe32mheg err=HttpError('InvalidRequest: Could not find repo: did:plc:n3e4k4jhw334otxkxe32mheg')
2026-03-30T18:26:43Z WARNING bsky_collector_v2.job.index_feed_generators: listRecords failed repo=did:plc:ok4rikk6q7uudvrpdwpobchp err=HttpError('InvalidRequest: Could not find repo: did:plc:ok4rikk6q7uudvrpdwpobchp')
2026-03-30T18:26:43Z WARNING bsky_collector_v2.job.index_feed_generators: listRecords failed repo=did:plc:sci5wyxf3ec6j3c4gzs4754r err=HttpError('InvalidRequest: Could not find repo: did:plc:sci5wyxf3ec6j3c4gzs4754r')
2026-03-30T18:26:43Z WARNING bsky_collector_v2.job.index_feed_generators: listRecords failed repo=did:plc:tvitb7gdqvw3fzhqwuazss4m err=HttpError('InvalidRequest: Could not find repo: did:plc:tvitb7gdqvw3fzhqwuazss4m')
2026-03-30T18:26:44Z WARNING bsky_collector_v2.job.index_feed_generators: listRecords failed repo=did:plc:twrc6pagqqu3gjagfxgwinjx err=HttpError('InvalidRequest: Could not find repo: did:plc:twrc6pagqqu3gjagfxgwinjx')
2026-03-30T18:26:44Z WARNING bsky_collector_v2.job.index_feed_generators: listRecords failed repo=did:plc:vlkrcveewoupz2dl3adx6a4o err=HttpError('InvalidRequest: Could not find repo: did:plc:vlkrcveewoupz2dl3adx6a4o')
2026-03-30T18:26:44Z WARNING bsky_collector_v2.job.index_feed_generators: listRecords failed repo=did:plc:wiwmsgqffoy5rkxvtoii4scj err=HttpError('InvalidRequest: Could not find repo: did:plc:wiwmsgqffoy5rkxvtoii4scj')
2026-03-30T18:26:44Z WARNING bsky_collector_v2.job.index_feed_generators: listRecords failed repo=did:plc:ya3oc3zirwqu4rz2jlba3zqk err=HttpError('InvalidRequest: Could not find repo: did:plc:ya3oc3zirwqu4rz2jlba3zqk')
2026-03-30T18:26:44Z WARNING bsky_collector_v2.job.index_feed_generators: listRecords failed repo=did:plc:ynjboukmycnyzpywlov7leqs err=HttpError('InvalidRequest: Could not find repo: did:plc:ynjboukmycnyzpywlov7leqs')
2026-03-30T18:26:44Z WARNING bsky_collector_v2.job.index_feed_generators: listRecords failed repo=did:plc:z3ntag2wckjqp5kdoprr75oi err=HttpError('InvalidRequest: Could not find repo: did:plc:z3ntag2wckjqp5kdoprr75oi')
2026-03-30T18:26:44Z WARNING bsky_collector_v2.job.index_feed_generators: listRecords failed repo=did:plc:ze4d7ax3w7nztx3qr6zmq4wa err=HttpError('InvalidRequest: Could not find repo: did:plc:ze4d7ax3w7nztx3qr6zmq4wa')
2026-03-30T18:26:44Z WARNING bsky_collector_v2.job.index_feed_generators: listRecords failed repo=did:plc:zt5ik44famlyni64kr54gxwa err=HttpError('InvalidRequest: Could not find repo: did:plc:zt5ik44famlyni64kr54gxwa')
2026-03-30T18:26:44Z WARNING bsky_collector_v2.job.index_feed_generators: listRecords failed repo=did:plc:2vib3rez42zcpq6mw3o6rtit err=HttpError('InvalidRequest: Could not find repo: did:plc:2vib3rez42zcpq6mw3o6rtit')
2026-03-30T18:26:44Z WARNING bsky_collector_v2.job.index_feed_generators: listRecords failed repo=did:plc:4edmlfgsqowz23xvcc4g6sre err=HttpError('InvalidRequest: Could not find repo: did:plc:4edmlfgsqowz23xvcc4g6sre')
2026-03-30T18:26:44Z WARNING bsky_collector_v2.job.index_feed_generators: listRecords failed repo=did:plc:4euc2isqmkxd4xejkksnxmby err=HttpError('InvalidRequest: Could not find repo: did:plc:4euc2isqmkxd4xejkksnxmby')
2026-03-30T18:26:44Z WARNING bsky_collector_v2.job.index_feed_generators: listRecords failed repo=did:plc:4hoxaog5haedfnugsbtlx3qq err=HttpError('InvalidRequest: Could not find repo: did:plc:4hoxaog5haedfnugsbtlx3qq')
2026-03-30T18:26:44Z WARNING bsky_collector_v2.job.index_feed_generators: listRecords failed repo=did:plc:5qtm4rbt3hftb2ebsbfy3euz err=HttpError('InvalidRequest: Could not find repo: did:plc:5qtm4rbt3hftb2ebsbfy3euz')
2026-03-30T18:26:44Z WARNING bsky_collector_v2.job.index_feed_generators: listRecords failed repo=did:plc:6tcwrjhhztouvoztbo52tuh3 err=HttpError('InvalidRequest: Could not find repo: did:plc:6tcwrjhhztouvoztbo52tuh3')
2026-03-30T18:26:44Z WARNING bsky_collector_v2.job.index_feed_generators: listRecords failed repo=did:plc:a2ujakgymjv7eezg4n7n4fdh err=HttpError('InvalidRequest: Could not find repo: did:plc:a2ujakgymjv7eezg4n7n4fdh')
2026-03-30T18:26:44Z WARNING bsky_collector_v2.job.index_feed_generators: listRecords failed repo=did:plc:bmobykzofzxug2qrwfwa4a36 err=HttpError('InvalidRequest: Could not find repo: did:plc:bmobykzofzxug2qrwfwa4a36')
2026-03-30T18:26:44Z WARNING bsky_collector_v2.job.index_feed_generators: listRecords failed repo=did:plc:dxh5bdszc3hd5mlebrjqazj7 err=HttpError('InvalidRequest: Could not find repo: did:plc:dxh5bdszc3hd5mlebrjqazj7')
2026-03-30T18:26:44Z WARNING bsky_collector_v2.job.index_feed_generators: listRecords failed repo=did:plc:e3mgjp3eznulolhlixfyzyxk err=HttpError('InvalidRequest: Could not find repo: did:plc:e3mgjp3eznulolhlixfyzyxk')
2026-03-30T18:26:44Z WARNING bsky_collector_v2.job.index_feed_generators: listRecords failed repo=did:plc:gfye47mcqz5ihklszoucq5r4 err=HttpError('InvalidRequest: Could not find repo: did:plc:gfye47mcqz5ihklszoucq5r4')
2026-03-30T18:26:45Z WARNING bsky_collector_v2.job.index_feed_generators: listRecords failed repo=did:plc:grrfmwmqlkungq5c54b425nn err=HttpError('InvalidRequest: Could not find repo: did:plc:grrfmwmqlkungq5c54b425nn')
2026-03-30T18:26:45Z WARNING bsky_collector_v2.job.index_feed_generators: listRecords failed repo=did:plc:gva7m32b4cuar3jnvez6e37o err=HttpError('InvalidRequest: Could not find repo: did:plc:gva7m32b4cuar3jnvez6e37o')
2026-03-30T18:26:45Z WARNING bsky_collector_v2.job.index_feed_generators: listRecords failed repo=did:plc:i64brb6wv3hkszgkicysc55j err=HttpError('InvalidRequest: Could not find repo: did:plc:i64brb6wv3hkszgkicysc55j')
2026-03-30T18:26:45Z WARNING bsky_collector_v2.job.index_feed_generators: listRecords failed repo=did:plc:linswvb36rzlhm6fvlxqpmgh err=HttpError('InvalidRequest: Could not find repo: did:plc:linswvb36rzlhm6fvlxqpmgh')
2026-03-30T18:26:45Z WARNING bsky_collector_v2.job.index_feed_generators: listRecords failed repo=did:plc:n3e4k4jhw334otxkxe32mheg err=HttpError('InvalidRequest: Could not find repo: did:plc:n3e4k4jhw334otxkxe32mheg')
2026-03-30T18:26:45Z WARNING bsky_collector_v2.job.index_feed_generators: listRecords failed repo=did:plc:ok4rikk6q7uudvrpdwpobchp err=HttpError('InvalidRequest: Could not find repo: did:plc:ok4rikk6q7uudvrpdwpobchp')
2026-03-30T18:26:45Z WARNING bsky_collector_v2.job.index_feed_generators: listRecords failed repo=did:plc:sci5wyxf3ec6j3c4gzs4754r err=HttpError('InvalidRequest: Could not find repo: did:plc:sci5wyxf3ec6j3c4gzs4754r')
2026-03-30T18:26:45Z WARNING bsky_collector_v2.job.index_feed_generators: listRecords failed repo=did:plc:tvitb7gdqvw3fzhqwuazss4m err=HttpError('InvalidRequest: Could not find repo: did:plc:tvitb7gdqvw3fzhqwuazss4m')
2026-03-30T18:26:45Z WARNING bsky_collector_v2.job.index_feed_generators: listRecords failed repo=did:plc:twrc6pagqqu3gjagfxgwinjx err=HttpError('InvalidRequest: Could not find repo: did:plc:twrc6pagqqu3gjagfxgwinjx')
2026-03-30T18:26:45Z WARNING bsky_collector_v2.job.index_feed_generators: listRecords failed repo=did:plc:vlkrcveewoupz2dl3adx6a4o err=HttpError('InvalidRequest: Could not find repo: did:plc:vlkrcveewoupz2dl3adx6a4o')
2026-03-30T18:26:45Z WARNING bsky_collector_v2.job.index_feed_generators: listRecords failed repo=did:plc:wiwmsgqffoy5rkxvtoii4scj err=HttpError('InvalidRequest: Could not find repo: did:plc:wiwmsgqffoy5rkxvtoii4scj')
2026-03-30T18:26:45Z WARNING bsky_collector_v2.job.index_feed_generators: listRecords failed repo=did:plc:ya3oc3zirwqu4rz2jlba3zqk err=HttpError('InvalidRequest: Could not find repo: did:plc:ya3oc3zirwqu4rz2jlba3zqk')
2026-03-30T18:26:45Z WARNING bsky_collector_v2.job.index_feed_generators: listRecords failed repo=did:plc:ynjboukmycnyzpywlov7leqs err=HttpError('InvalidRequest: Could not find repo: did:plc:ynjboukmycnyzpywlov7leqs')
2026-03-30T18:26:45Z WARNING bsky_collector_v2.job.index_feed_generators: listRecords failed repo=did:plc:z3ntag2wckjqp5kdoprr75oi err=HttpError('InvalidRequest: Could not find repo: did:plc:z3ntag2wckjqp5kdoprr75oi')
2026-03-30T18:26:45Z WARNING bsky_collector_v2.job.index_feed_generators: listRecords failed repo=did:plc:ze4d7ax3w7nztx3qr6zmq4wa err=HttpError('InvalidRequest: Could not find repo: did:plc:ze4d7ax3w7nztx3qr6zmq4wa')
2026-03-30T18:26:45Z WARNING bsky_collector_v2.job.index_feed_generators: listRecords failed repo=did:plc:zt5ik44famlyni64kr54gxwa err=HttpError('InvalidRequest: Could not find repo: did:plc:zt5ik44famlyni64kr54gxwa')
2026-03-30T18:26:46Z INFO bsky_collector_v2.job.index_feed_generators: enqueued repos page=1 mode=listRepos inserted=500 repos_returned=500 next_cursor=set
2026-03-30T18:26:47Z WARNING bsky_collector_v2.job.index_feed_generators: listRecords failed repo=did:plc:2ett7y36s5tizvkiherfbhxy err=HttpError('InvalidRequest: Could not find repo: did:plc:2ett7y36s5tizvkiherfbhxy')
2026-03-30T18:26:57Z WARNING bsky_collector_v2.job.index_feed_generators: listRecords failed repo=did:plc:6gm7us465wrneazgmirikkjj err=HttpError('InvalidRequest: Could not find repo: did:plc:6gm7us465wrneazgmirikkjj')
2026-03-30T18:27:06Z WARNING bsky_collector_v2.job.index_feed_generators: listRecords failed repo=did:plc:bdulkzfpwtpidvsrpruxvqlx err=HttpError('InvalidRequest: Could not find repo: did:plc:bdulkzfpwtpidvsrpruxvqlx')
2026-03-30T18:27:06Z WARNING bsky_collector_v2.job.index_feed_generators: listRecords failed repo=did:plc:bis4o5hkqyy776je4ks6lhvt err=HttpError('InvalidRequest: Could not find repo: did:plc:bis4o5hkqyy776je4ks6lhvt')
2026-03-30T18:27:12Z WARNING bsky_collector_v2.job.index_feed_generators: listRecords failed repo=did:plc:eoidecnjfyxhwqdkbk2rondj err=HttpError('InvalidRequest: Could not find repo: did:plc:eoidecnjfyxhwqdkbk2rondj')
2026-03-30T18:27:14Z WARNING bsky_collector_v2.job.index_feed_generators: listRecords failed repo=did:plc:foap5qlbuksjfmtltjyyxfcu err=HttpError('InvalidRequest: Could not find repo: did:plc:foap5qlbuksjfmtltjyyxfcu')
2026-03-30T18:27:18Z WARNING bsky_collector_v2.job.index_feed_generators: listRecords failed repo=did:plc:hacluc6eegthtg5bvxcyoj2z err=HttpError('InvalidRequest: Could not find repo: did:plc:hacluc6eegthtg5bvxcyoj2z')
2026-03-30T18:27:32Z WARNING bsky_collector_v2.job.index_feed_generators: listRecords failed repo=did:plc:mydvty6dayfbnktw42flgvlm err=HttpError('InvalidRequest: Could not find repo: did:plc:mydvty6dayfbnktw42flgvlm')
2026-03-30T18:27:33Z WARNING bsky_collector_v2.job.index_feed_generators: listRecords failed repo=did:plc:n74hbk2vnd757bdylksxcwte err=HttpError('InvalidRequest: Could not find repo: did:plc:n74hbk2vnd757bdylksxcwte')
2026-03-30T18:27:35Z WARNING bsky_collector_v2.job.index_feed_generators: listRecords failed repo=did:plc:o4iodgsyu4ocjwn5rb5f6ddt err=HttpError('InvalidRequest: Could not find repo: did:plc:o4iodgsyu4ocjwn5rb5f6ddt')
2026-03-30T18:27:46Z WARNING bsky_collector_v2.job.index_feed_generators: listRecords failed repo=did:plc:snhicr4fapurw2kx27y65y3q err=HttpError('InvalidRequest: Could not find repo: did:plc:snhicr4fapurw2kx27y65y3q')
2026-03-30T18:27:46Z WARNING bsky_collector_v2.job.index_feed_generators: listRecords failed repo=did:plc:suz5nfjijqbsz66padk7vejn err=HttpError('InvalidRequest: Could not find repo: did:plc:suz5nfjijqbsz66padk7vejn')
2026-03-30T18:28:01Z WARNING bsky_collector_v2.job.index_feed_generators: listRecords failed repo=did:plc:xrut36bmr3if6uou6fwd73la err=HttpError('InvalidRequest: Could not find repo: did:plc:xrut36bmr3if6uou6fwd73la')
2026-03-30T18:28:02Z WARNING bsky_collector_v2.job.index_feed_generators: listRecords failed repo=did:plc:ygtu52rybjifoz4a4gr56ubn err=HttpError('InvalidRequest: Could not find repo: did:plc:ygtu52rybjifoz4a4gr56ubn')
2026-03-30T18:28:07Z WARNING bsky_collector_v2.job.index_feed_generators: listRecords failed repo=did:plc:2ett7y36s5tizvkiherfbhxy err=HttpError('InvalidRequest: Could not find repo: did:plc:2ett7y36s5tizvkiherfbhxy')
2026-03-30T18:28:08Z WARNING bsky_collector_v2.job.index_feed_generators: listRecords failed repo=did:plc:6gm7us465wrneazgmirikkjj err=HttpError('InvalidRequest: Could not find repo: did:plc:6gm7us465wrneazgmirikkjj')
2026-03-30T18:28:08Z WARNING bsky_collector_v2.job.index_feed_generators: listRecords failed repo=did:plc:bdulkzfpwtpidvsrpruxvqlx err=HttpError('InvalidRequest: Could not find repo: did:plc:bdulkzfpwtpidvsrpruxvqlx')
2026-03-30T18:28:08Z WARNING bsky_collector_v2.job.index_feed_generators: listRecords failed repo=did:plc:bis4o5hkqyy776je4ks6lhvt err=HttpError('InvalidRequest: Could not find repo: did:plc:bis4o5hkqyy776je4ks6lhvt')
2026-03-30T18:28:08Z WARNING bsky_collector_v2.job.index_feed_generators: listRecords failed repo=did:plc:eoidecnjfyxhwqdkbk2rondj err=HttpError('InvalidRequest: Could not find repo: did:plc:eoidecnjfyxhwqdkbk2rondj')
2026-03-30T18:28:08Z WARNING bsky_collector_v2.job.index_feed_generators: listRecords failed repo=did:plc:foap5qlbuksjfmtltjyyxfcu err=HttpError('InvalidRequest: Could not find repo: did:plc:foap5qlbuksjfmtltjyyxfcu')
2026-03-30T18:28:08Z WARNING bsky_collector_v2.job.index_feed_generators: listRecords failed repo=did:plc:hacluc6eegthtg5bvxcyoj2z err=HttpError('InvalidRequest: Could not find repo: did:plc:hacluc6eegthtg5bvxcyoj2z')
2026-03-30T18:28:08Z WARNING bsky_collector_v2.job.index_feed_generators: listRecords failed repo=did:plc:mydvty6dayfbnktw42flgvlm err=HttpError('InvalidRequest: Could not find repo: did:plc:mydvty6dayfbnktw42flgvlm')
2026-03-30T18:28:08Z WARNING bsky_collector_v2.job.index_feed_generators: listRecords failed repo=did:plc:n74hbk2vnd757bdylksxcwte err=HttpError('InvalidRequest: Could not find repo: did:plc:n74hbk2vnd757bdylksxcwte')
2026-03-30T18:28:08Z WARNING bsky_collector_v2.job.index_feed_generators: listRecords failed repo=did:plc:o4iodgsyu4ocjwn5rb5f6ddt err=HttpError('InvalidRequest: Could not find repo: did:plc:o4iodgsyu4ocjwn5rb5f6ddt')
2026-03-30T18:28:08Z WARNING bsky_collector_v2.job.index_feed_generators: listRecords failed repo=did:plc:snhicr4fapurw2kx27y65y3q err=HttpError('InvalidRequest: Could not find repo: did:plc:snhicr4fapurw2kx27y65y3q')
2026-03-30T18:28:08Z WARNING bsky_collector_v2.job.index_feed_generators: listRecords failed repo=did:plc:suz5nfjijqbsz66padk7vejn err=HttpError('InvalidRequest: Could not find repo: did:plc:suz5nfjijqbsz66padk7vejn')
2026-03-30T18:28:08Z WARNING bsky_collector_v2.job.index_feed_generators: listRecords failed repo=did:plc:xrut36bmr3if6uou6fwd73la err=HttpError('InvalidRequest: Could not find repo: did:plc:xrut36bmr3if6uou6fwd73la')
2026-03-30T18:28:08Z WARNING bsky_collector_v2.job.index_feed_generators: listRecords failed repo=did:plc:ygtu52rybjifoz4a4gr56ubn err=HttpError('InvalidRequest: Could not find repo: did:plc:ygtu52rybjifoz4a4gr56ubn')
2026-03-30T18:28:08Z WARNING bsky_collector_v2.job.index_feed_generators: listRecords failed repo=did:plc:2ett7y36s5tizvkiherfbhxy err=HttpError('InvalidRequest: Could not find repo: did:plc:2ett7y36s5tizvkiherfbhxy')
2026-03-30T18:28:08Z WARNING bsky_collector_v2.job.index_feed_generators: listRecords failed repo=did:plc:6gm7us465wrneazgmirikkjj err=HttpError('InvalidRequest: Could not find repo: did:plc:6gm7us465wrneazgmirikkjj')
2026-03-30T18:28:08Z WARNING bsky_collector_v2.job.index_feed_generators: listRecords failed repo=did:plc:bdulkzfpwtpidvsrpruxvqlx err=HttpError('InvalidRequest: Could not find repo: did:plc:bdulkzfpwtpidvsrpruxvqlx')
2026-03-30T18:28:08Z WARNING bsky_collector_v2.job.index_feed_generators: listRecords failed repo=did:plc:bis4o5hkqyy776je4ks6lhvt err=HttpError('InvalidRequest: Could not find repo: did:plc:bis4o5hkqyy776je4ks6lhvt')
2026-03-30T18:28:08Z WARNING bsky_collector_v2.job.index_feed_generators: listRecords failed repo=did:plc:eoidecnjfyxhwqdkbk2rondj err=HttpError('InvalidRequest: Could not find repo: did:plc:eoidecnjfyxhwqdkbk2rondj')
2026-03-30T18:28:08Z WARNING bsky_collector_v2.job.index_feed_generators: listRecords failed repo=did:plc:foap5qlbuksjfmtltjyyxfcu err=HttpError('InvalidRequest: Could not find repo: did:plc:foap5qlbuksjfmtltjyyxfcu')
2026-03-30T18:28:08Z WARNING bsky_collector_v2.job.index_feed_generators: listRecords failed repo=did:plc:hacluc6eegthtg5bvxcyoj2z err=HttpError('InvalidRequest: Could not find repo: did:plc:hacluc6eegthtg5bvxcyoj2z')
2026-03-30T18:28:09Z WARNING bsky_collector_v2.job.index_feed_generators: listRecords failed repo=did:plc:mydvty6dayfbnktw42flgvlm err=HttpError('InvalidRequest: Could not find repo: did:plc:mydvty6dayfbnktw42flgvlm')
2026-03-30T18:28:09Z WARNING bsky_collector_v2.job.index_feed_generators: listRecords failed repo=did:plc:n74hbk2vnd757bdylksxcwte err=HttpError('InvalidRequest: Could not find repo: did:plc:n74hbk2vnd757bdylksxcwte')
2026-03-30T18:28:09Z WARNING bsky_collector_v2.job.index_feed_generators: listRecords failed repo=did:plc:o4iodgsyu4ocjwn5rb5f6ddt err=HttpError('InvalidRequest: Could not find repo: did:plc:o4iodgsyu4ocjwn5rb5f6ddt')
2026-03-30T18:28:09Z WARNING bsky_collector_v2.job.index_feed_generators: listRecords failed repo=did:plc:snhicr4fapurw2kx27y65y3q err=HttpError('InvalidRequest: Could not find repo: did:plc:snhicr4fapurw2kx27y65y3q')
2026-03-30T18:28:09Z WARNING bsky_collector_v2.job.index_feed_generators: listRecords failed repo=did:plc:suz5nfjijqbsz66padk7vejn err=HttpError('InvalidRequest: Could not find repo: did:plc:suz5nfjijqbsz66padk7vejn')
2026-03-30T18:28:09Z WARNING bsky_collector_v2.job.index_feed_generators: listRecords failed repo=did:plc:xrut36bmr3if6uou6fwd73la err=HttpError('InvalidRequest: Could not find repo: did:plc:xrut36bmr3if6uou6fwd73la')
2026-03-30T18:28:09Z WARNING bsky_collector_v2.job.index_feed_generators: listRecords failed repo=did:plc:ygtu52rybjifoz4a4gr56ubn err=HttpError('InvalidRequest: Could not find repo: did:plc:ygtu52rybjifoz4a4gr56ubn')
2026-03-30T18:28:09Z INFO bsky_collector_v2.job.index_feed_generators: enqueued repos page=2 mode=listRepos inserted=500 repos_returned=500 next_cursor=set
2026-03-30T18:28:14Z WARNING bsky_collector_v2.job.index_feed_generators: listRecords failed repo=did:plc:3dnv4rw6udnu63sn6h6z3qxe err=HttpError('InvalidRequest: Could not find repo: did:plc:3dnv4rw6udnu63sn6h6z3qxe')
2026-03-30T18:28:20Z WARNING bsky_collector_v2.job.index_feed_generators: listRecords failed repo=did:plc:5vuh62lqet5kjhxghobrif4f err=HttpError('InvalidRequest: Could not find repo: did:plc:5vuh62lqet5kjhxghobrif4f')
2026-03-30T18:28:23Z WARNING bsky_collector_v2.job.index_feed_generators: listRecords failed repo=did:plc:7b46rv2zmd47tjz6kj7pi4qr err=HttpError('InvalidRequest: Could not find repo: did:plc:7b46rv2zmd47tjz6kj7pi4qr')
2026-03-30T18:28:27Z WARNING bsky_collector_v2.job.index_feed_generators: listRecords failed repo=did:plc:apc6t7jyf7ell3jyoh6l4dsy err=HttpError('InvalidRequest: Could not find repo: did:plc:apc6t7jyf7ell3jyoh6l4dsy')
2026-03-30T18:28:32Z WARNING bsky_collector_v2.job.index_feed_generators: listRecords failed repo=did:plc:chvgrixlkvkqozeb4i4r6jte err=HttpError('InvalidRequest: Could not find repo: did:plc:chvgrixlkvkqozeb4i4r6jte')
2026-03-30T18:28:34Z WARNING bsky_collector_v2.job.index_feed_generators: listRecords failed repo=did:plc:dtdgjtluqpapqzqvzfxt54lc err=HttpError('InvalidRequest: Could not find repo: did:plc:dtdgjtluqpapqzqvzfxt54lc')
2026-03-30T18:28:37Z WARNING bsky_collector_v2.job.index_feed_generators: listRecords failed repo=did:plc:f2yo52wqnrr2bwfvqabquggk err=HttpError('InvalidRequest: Could not find repo: did:plc:f2yo52wqnrr2bwfvqabquggk')
2026-03-30T18:28:42Z WARNING bsky_collector_v2.job.index_feed_generators: listRecords failed repo=did:plc:gy2usszaj5k6piaxuk72iq2y err=HttpError('InvalidRequest: Could not find repo: did:plc:gy2usszaj5k6piaxuk72iq2y')
2026-03-30T18:28:47Z WARNING bsky_collector_v2.job.index_feed_generators: listRecords failed repo=did:plc:itypj7bkcblrlgtunfnwb24u err=HttpError('InvalidRequest: Could not find repo: did:plc:itypj7bkcblrlgtunfnwb24u')
2026-03-30T18:28:53Z WARNING bsky_collector_v2.job.index_feed_generators: listRecords failed repo=did:plc:kohsub6ep2u6yz2mamin7h5j err=HttpError('InvalidRequest: Could not find repo: did:plc:kohsub6ep2u6yz2mamin7h5j')
2026-03-30T18:28:55Z WARNING bsky_collector_v2.job.index_feed_generators: listRecords failed repo=did:plc:m522p36jbmruz5a7mk2tkbqe err=HttpError('InvalidRequest: Could not find repo: did:plc:m522p36jbmruz5a7mk2tkbqe')
2026-03-30T18:29:13Z WARNING bsky_collector_v2.job.index_feed_generators: listRecords failed repo=did:plc:tds4hk2fsyvnldvcud24lav2 err=HttpError('InvalidRequest: Could not find repo: did:plc:tds4hk2fsyvnldvcud24lav2')
2026-03-30T18:29:14Z WARNING bsky_collector_v2.job.index_feed_generators: listRecords failed repo=did:plc:tqs3bxuxqbs5sgdlpmkyg3iy err=HttpError('InvalidRequest: Could not find repo: did:plc:tqs3bxuxqbs5sgdlpmkyg3iy')
2026-03-30T18:29:15Z WARNING bsky_collector_v2.job.index_feed_generators: listRecords failed repo=did:plc:tsp3zekn62my3w57a2q6bryb err=HttpError('InvalidRequest: Could not find repo: did:plc:tsp3zekn62my3w57a2q6bryb')
2026-03-30T18:29:15Z WARNING bsky_collector_v2.job.index_feed_generators: listRecords failed repo=did:plc:u52uzecok5k5targeh43v74m err=HttpError('InvalidRequest: Could not find repo: did:plc:u52uzecok5k5targeh43v74m')
2026-03-30T18:29:26Z WARNING bsky_collector_v2.job.index_feed_generators: listRecords failed repo=did:plc:xjpct5vmbxim3k3skrxhaf5x err=HttpError('InvalidRequest: Could not find repo: did:plc:xjpct5vmbxim3k3skrxhaf5x')
2026-03-30T18:29:26Z WARNING bsky_collector_v2.job.index_feed_generators: listRecords failed repo=did:plc:y4z65e7dmyujftol6jpcabpv err=HttpError('InvalidRequest: Could not find repo: did:plc:y4z65e7dmyujftol6jpcabpv')
2026-03-30T18:29:30Z WARNING bsky_collector_v2.job.index_feed_generators: listRecords failed repo=did:plc:zfw2mkj6gdgrdq4hgvzajbke err=HttpError('InvalidRequest: Could not find repo: did:plc:zfw2mkj6gdgrdq4hgvzajbke')
2026-03-30T18:29:31Z WARNING bsky_collector_v2.job.index_feed_generators: listRecords failed repo=did:plc:3dnv4rw6udnu63sn6h6z3qxe err=HttpError('InvalidRequest: Could not find repo: did:plc:3dnv4rw6udnu63sn6h6z3qxe')
2026-03-30T18:29:31Z WARNING bsky_collector_v2.job.index_feed_generators: listRecords failed repo=did:plc:5vuh62lqet5kjhxghobrif4f err=HttpError('InvalidRequest: Could not find repo: did:plc:5vuh62lqet5kjhxghobrif4f')
2026-03-30T18:29:31Z WARNING bsky_collector_v2.job.index_feed_generators: listRecords failed repo=did:plc:7b46rv2zmd47tjz6kj7pi4qr err=HttpError('InvalidRequest: Could not find repo: did:plc:7b46rv2zmd47tjz6kj7pi4qr')
2026-03-30T18:29:31Z WARNING bsky_collector_v2.job.index_feed_generators: listRecords failed repo=did:plc:apc6t7jyf7ell3jyoh6l4dsy err=HttpError('InvalidRequest: Could not find repo: did:plc:apc6t7jyf7ell3jyoh6l4dsy')
2026-03-30T18:29:31Z WARNING bsky_collector_v2.job.index_feed_generators: listRecords failed repo=did:plc:chvgrixlkvkqozeb4i4r6jte err=HttpError('InvalidRequest: Could not find repo: did:plc:chvgrixlkvkqozeb4i4r6jte')
2026-03-30T18:29:31Z WARNING bsky_collector_v2.job.index_feed_generators: listRecords failed repo=did:plc:dtdgjtluqpapqzqvzfxt54lc err=HttpError('InvalidRequest: Could not find repo: did:plc:dtdgjtluqpapqzqvzfxt54lc')
2026-03-30T18:29:31Z WARNING bsky_collector_v2.job.index_feed_generators: listRecords failed repo=did:plc:f2yo52wqnrr2bwfvqabquggk err=HttpError('InvalidRequest: Could not find repo: did:plc:f2yo52wqnrr2bwfvqabquggk')
2026-03-30T18:29:31Z WARNING bsky_collector_v2.job.index_feed_generators: listRecords failed repo=did:plc:gy2usszaj5k6piaxuk72iq2y err=HttpError('InvalidRequest: Could not find repo: did:plc:gy2usszaj5k6piaxuk72iq2y')
2026-03-30T18:29:31Z WARNING bsky_collector_v2.job.index_feed_generators: listRecords failed repo=did:plc:itypj7bkcblrlgtunfnwb24u err=HttpError('InvalidRequest: Could not find repo: did:plc:itypj7bkcblrlgtunfnwb24u')
2026-03-30T18:29:31Z WARNING bsky_collector_v2.job.index_feed_generators: listRecords failed repo=did:plc:kohsub6ep2u6yz2mamin7h5j err=HttpError('InvalidRequest: Could not find repo: did:plc:kohsub6ep2u6yz2mamin7h5j')
2026-03-30T18:29:31Z WARNING bsky_collector_v2.job.index_feed_generators: listRecords failed repo=did:plc:m522p36jbmruz5a7mk2tkbqe err=HttpError('InvalidRequest: Could not find repo: did:plc:m522p36jbmruz5a7mk2tkbqe')
2026-03-30T18:29:31Z WARNING bsky_collector_v2.job.index_feed_generators: listRecords failed repo=did:plc:tds4hk2fsyvnldvcud24lav2 err=HttpError('InvalidRequest: Could not find repo: did:plc:tds4hk2fsyvnldvcud24lav2')
2026-03-30T18:29:31Z WARNING bsky_collector_v2.job.index_feed_generators: listRecords failed repo=did:plc:tqs3bxuxqbs5sgdlpmkyg3iy err=HttpError('InvalidRequest: Could not find repo: did:plc:tqs3bxuxqbs5sgdlpmkyg3iy')
2026-03-30T18:29:31Z WARNING bsky_collector_v2.job.index_feed_generators: listRecords failed repo=did:plc:tsp3zekn62my3w57a2q6bryb err=HttpError('InvalidRequest: Could not find repo: did:plc:tsp3zekn62my3w57a2q6bryb')
2026-03-30T18:29:32Z WARNING bsky_collector_v2.job.index_feed_generators: listRecords failed repo=did:plc:u52uzecok5k5targeh43v74m err=HttpError('InvalidRequest: Could not find repo: did:plc:u52uzecok5k5targeh43v74m')
2026-03-30T18:29:32Z WARNING bsky_collector_v2.job.index_feed_generators: listRecords failed repo=did:plc:xjpct5vmbxim3k3skrxhaf5x err=HttpError('InvalidRequest: Could not find repo: did:plc:xjpct5vmbxim3k3skrxhaf5x')
2026-03-30T18:29:32Z WARNING bsky_collector_v2.job.index_feed_generators: listRecords failed repo=did:plc:y4z65e7dmyujftol6jpcabpv err=HttpError('InvalidRequest: Could not find repo: did:plc:y4z65e7dmyujftol6jpcabpv')
2026-03-30T18:29:32Z WARNING bsky_collector_v2.job.index_feed_generators: listRecords failed repo=did:plc:zfw2mkj6gdgrdq4hgvzajbke err=HttpError('InvalidRequest: Could not find repo: did:plc:zfw2mkj6gdgrdq4hgvzajbke')
2026-03-30T18:29:32Z WARNING bsky_collector_v2.job.index_feed_generators: listRecords failed repo=did:plc:3dnv4rw6udnu63sn6h6z3qxe err=HttpError('InvalidRequest: Could not find repo: did:plc:3dnv4rw6udnu63sn6h6z3qxe')
2026-03-30T18:29:32Z WARNING bsky_collector_v2.job.index_feed_generators: listRecords failed repo=did:plc:5vuh62lqet5kjhxghobrif4f err=HttpError('InvalidRequest: Could not find repo: did:plc:5vuh62lqet5kjhxghobrif4f')
2026-03-30T18:29:32Z WARNING bsky_collector_v2.job.index_feed_generators: listRecords failed repo=did:plc:7b46rv2zmd47tjz6kj7pi4qr err=HttpError('InvalidRequest: Could not find repo: did:plc:7b46rv2zmd47tjz6kj7pi4qr')
2026-03-30T18:29:32Z WARNING bsky_collector_v2.job.index_feed_generators: listRecords failed repo=did:plc:apc6t7jyf7ell3jyoh6l4dsy err=HttpError('InvalidRequest: Could not find repo: did:plc:apc6t7jyf7ell3jyoh6l4dsy')
2026-03-30T18:29:32Z WARNING bsky_collector_v2.job.index_feed_generators: listRecords failed repo=did:plc:chvgrixlkvkqozeb4i4r6jte err=HttpError('InvalidRequest: Could not find repo: did:plc:chvgrixlkvkqozeb4i4r6jte')
2026-03-30T18:29:32Z WARNING bsky_collector_v2.job.index_feed_generators: listRecords failed repo=did:plc:dtdgjtluqpapqzqvzfxt54lc err=HttpError('InvalidRequest: Could not find repo: did:plc:dtdgjtluqpapqzqvzfxt54lc')
2026-03-30T18:29:32Z WARNING bsky_collector_v2.job.index_feed_generators: listRecords failed repo=did:plc:f2yo52wqnrr2bwfvqabquggk err=HttpError('InvalidRequest: Could not find repo: did:plc:f2yo52wqnrr2bwfvqabquggk')
2026-03-30T18:29:32Z WARNING bsky_collector_v2.job.index_feed_generators: listRecords failed repo=did:plc:gy2usszaj5k6piaxuk72iq2y err=HttpError('InvalidRequest: Could not find repo: did:plc:gy2usszaj5k6piaxuk72iq2y')
2026-03-30T18:29:32Z WARNING bsky_collector_v2.job.index_feed_generators: listRecords failed repo=did:plc:itypj7bkcblrlgtunfnwb24u err=HttpError('InvalidRequest: Could not find repo: did:plc:itypj7bkcblrlgtunfnwb24u')
2026-03-30T18:29:32Z WARNING bsky_collector_v2.job.index_feed_generators: listRecords failed repo=did:plc:kohsub6ep2u6yz2mamin7h5j err=HttpError('InvalidRequest: Could not find repo: did:plc:kohsub6ep2u6yz2mamin7h5j')
2026-03-30T18:29:32Z WARNING bsky_collector_v2.job.index_feed_generators: listRecords failed repo=did:plc:m522p36jbmruz5a7mk2tkbqe err=HttpError('InvalidRequest: Could not find repo: did:plc:m522p36jbmruz5a7mk2tkbqe')
2026-03-30T18:29:32Z WARNING bsky_collector_v2.job.index_feed_generators: listRecords failed repo=did:plc:tds4hk2fsyvnldvcud24lav2 err=HttpError('InvalidRequest: Could not find repo: did:plc:tds4hk2fsyvnldvcud24lav2')
2026-03-30T18:29:32Z WARNING bsky_collector_v2.job.index_feed_generators: listRecords failed repo=did:plc:tqs3bxuxqbs5sgdlpmkyg3iy err=HttpError('InvalidRequest: Could not find repo: did:plc:tqs3bxuxqbs5sgdlpmkyg3iy')
2026-03-30T18:29:32Z WARNING bsky_collector_v2.job.index_feed_generators: listRecords failed repo=did:plc:tsp3zekn62my3w57a2q6bryb err=HttpError('InvalidRequest: Could not find repo: did:plc:tsp3zekn62my3w57a2q6bryb')
2026-03-30T18:29:32Z WARNING bsky_collector_v2.job.index_feed_generators: listRecords failed repo=did:plc:u52uzecok5k5targeh43v74m err=HttpError('InvalidRequest: Could not find repo: did:plc:u52uzecok5k5targeh43v74m')
2026-03-30T18:29:33Z WARNING bsky_collector_v2.job.index_feed_generators: listRecords failed repo=did:plc:xjpct5vmbxim3k3skrxhaf5x err=HttpError('InvalidRequest: Could not find repo: did:plc:xjpct5vmbxim3k3skrxhaf5x')
2026-03-30T18:29:33Z WARNING bsky_collector_v2.job.index_feed_generators: listRecords failed repo=did:plc:y4z65e7dmyujftol6jpcabpv err=HttpError('InvalidRequest: Could not find repo: did:plc:y4z65e7dmyujftol6jpcabpv')
2026-03-30T18:29:33Z WARNING bsky_collector_v2.job.index_feed_generators: listRecords failed repo=did:plc:zfw2mkj6gdgrdq4hgvzajbke err=HttpError('InvalidRequest: Could not find repo: did:plc:zfw2mkj6gdgrdq4hgvzajbke')
2026-03-30T18:29:33Z INFO bsky_collector_v2.job.index_feed_generators: enqueued repos page=3 mode=listRepos inserted=500 repos_returned=500 next_cursor=set
2026-03-30T18:29:34Z WARNING bsky_collector_v2.job.index_feed_generators: listRecords failed repo=did:plc:2kylsmwxzecojylkopnzidzf err=HttpError('InvalidRequest: Could not find repo: did:plc:2kylsmwxzecojylkopnzidzf')
2026-03-30T18:29:35Z WARNING bsky_collector_v2.job.index_feed_generators: listRecords failed repo=did:plc:2le2a7qybodgftzlj4bpcivu err=HttpError('InvalidRequest: Could not find repo: did:plc:2le2a7qybodgftzlj4bpcivu')
2026-03-30T18:29:36Z WARNING bsky_collector_v2.job.index_feed_generators: listRecords failed repo=did:plc:4bdfdyntxigebrl34lxkpieb err=HttpError('InvalidRequest: Could not find repo: did:plc:4bdfdyntxigebrl34lxkpieb')
2026-03-30T18:29:41Z WARNING bsky_collector_v2.job.index_feed_generators: listRecords failed repo=did:plc:6qhgh6o746c7mymvcqhynotl err=HttpError('InvalidRequest: Could not find repo: did:plc:6qhgh6o746c7mymvcqhynotl')
2026-03-30T18:29:42Z WARNING bsky_collector_v2.job.index_feed_generators: listRecords failed repo=did:plc:7ap2bwvtjvttlweb663cd2pz err=HttpError('InvalidRequest: Could not find repo: did:plc:7ap2bwvtjvttlweb663cd2pz')
2026-03-30T18:30:04Z WARNING bsky_collector_v2.job.index_feed_generators: listRecords failed repo=did:plc:gqbkhiiv5hhoa77s5luvujj7 err=HttpError('InvalidRequest: Could not find repo: did:plc:gqbkhiiv5hhoa77s5luvujj7')
2026-03-30T18:30:06Z WARNING bsky_collector_v2.job.index_feed_generators: listRecords failed repo=did:plc:haetmd6kvmzfes6xzehfzfks err=HttpError('InvalidRequest: Could not find repo: did:plc:haetmd6kvmzfes6xzehfzfks')
2026-03-30T18:30:13Z WARNING bsky_collector_v2.job.index_feed_generators: listRecords failed repo=did:plc:jlqfygnikn2ul3aa2rrsg5jb err=HttpError('InvalidRequest: Could not find repo: did:plc:jlqfygnikn2ul3aa2rrsg5jb')
2026-03-30T18:30:14Z WARNING bsky_collector_v2.job.index_feed_generators: listRecords failed repo=did:plc:jrpfdmxdmtyasweju27gnz5j err=HttpError('InvalidRequest: Could not find repo: did:plc:jrpfdmxdmtyasweju27gnz5j')
2026-03-30T18:30:18Z WARNING bsky_collector_v2.job.index_feed_generators: listRecords failed repo=did:plc:lljlbpo2a54nu3gkogrcbqx6 err=HttpError('InvalidRequest: Could not find repo: did:plc:lljlbpo2a54nu3gkogrcbqx6')
2026-03-30T18:30:21Z WARNING bsky_collector_v2.job.index_feed_generators: listRecords failed repo=did:plc:n23pwq4mkb6qye7ijqjcruqv err=HttpError('InvalidRequest: Could not find repo: did:plc:n23pwq4mkb6qye7ijqjcruqv')
2026-03-30T18:30:24Z WARNING bsky_collector_v2.job.index_feed_generators: listRecords failed repo=did:plc:o5btnyhb6kclhje2py2k66rt err=HttpError('InvalidRequest: Could not find repo: did:plc:o5btnyhb6kclhje2py2k66rt')
2026-03-30T18:30:25Z WARNING bsky_collector_v2.job.index_feed_generators: listRecords failed repo=did:plc:ofibhymvt4g5lu3qpkzx2vf6 err=HttpError('InvalidRequest: Could not find repo: did:plc:ofibhymvt4g5lu3qpkzx2vf6')
2026-03-30T18:30:30Z WARNING bsky_collector_v2.job.index_feed_generators: listRecords failed repo=did:plc:qk7t4kopsvps6gm5brpd74du err=HttpError('InvalidRequest: Could not find repo: did:plc:qk7t4kopsvps6gm5brpd74du')
2026-03-30T18:30:32Z WARNING bsky_collector_v2.job.index_feed_generators: listRecords failed repo=did:plc:rbzg35ehghmqxvog4ixlq3w7 err=HttpError('InvalidRequest: Could not find repo: did:plc:rbzg35ehghmqxvog4ixlq3w7')
2026-03-30T18:30:36Z WARNING bsky_collector_v2.job.index_feed_generators: listRecords failed repo=did:plc:sggtc6gmodkuzv447mp3x7h4 err=HttpError('InvalidRequest: Could not find repo: did:plc:sggtc6gmodkuzv447mp3x7h4')
2026-03-30T18:30:44Z WARNING bsky_collector_v2.job.index_feed_generators: listRecords failed repo=did:plc:ukc3golvvpgiijk6bgnuzegj err=HttpError('InvalidRequest: Could not find repo: did:plc:ukc3golvvpgiijk6bgnuzegj')
2026-03-30T18:30:49Z WARNING bsky_collector_v2.job.index_feed_generators: listRecords failed repo=did:plc:wmyr6d4aysxfenoh62b6azw2 err=HttpError('InvalidRequest: Could not find repo: did:plc:wmyr6d4aysxfenoh62b6azw2')
2026-03-30T18:30:50Z WARNING bsky_collector_v2.job.index_feed_generators: listRecords failed repo=did:plc:wpwq3ixt5nllw74ljcvz2ljo err=HttpError('InvalidRequest: Could not find repo: did:plc:wpwq3ixt5nllw74ljcvz2ljo')
2026-03-30T18:30:52Z WARNING bsky_collector_v2.job.index_feed_generators: listRecords failed repo=did:plc:xvggvxkbhpjv6l4iej5fo6ge err=HttpError('InvalidRequest: Could not find repo: did:plc:xvggvxkbhpjv6l4iej5fo6ge')
2026-03-30T18:30:58Z WARNING bsky_collector_v2.job.index_feed_generators: listRecords failed repo=did:plc:2kylsmwxzecojylkopnzidzf err=HttpError('InvalidRequest: Could not find repo: did:plc:2kylsmwxzecojylkopnzidzf')
2026-03-30T18:30:58Z WARNING bsky_collector_v2.job.index_feed_generators: listRecords failed repo=did:plc:2le2a7qybodgftzlj4bpcivu err=HttpError('InvalidRequest: Could not find repo: did:plc:2le2a7qybodgftzlj4bpcivu')
2026-03-30T18:30:59Z WARNING bsky_collector_v2.job.index_feed_generators: listRecords failed repo=did:plc:4bdfdyntxigebrl34lxkpieb err=HttpError('InvalidRequest: Could not find repo: did:plc:4bdfdyntxigebrl34lxkpieb')
2026-03-30T18:30:59Z WARNING bsky_collector_v2.job.index_feed_generators: listRecords failed repo=did:plc:6qhgh6o746c7mymvcqhynotl err=HttpError('InvalidRequest: Could not find repo: did:plc:6qhgh6o746c7mymvcqhynotl')
2026-03-30T18:30:59Z WARNING bsky_collector_v2.job.index_feed_generators: listRecords failed repo=did:plc:7ap2bwvtjvttlweb663cd2pz err=HttpError('InvalidRequest: Could not find repo: did:plc:7ap2bwvtjvttlweb663cd2pz')
2026-03-30T18:30:59Z WARNING bsky_collector_v2.job.index_feed_generators: listRecords failed repo=did:plc:gqbkhiiv5hhoa77s5luvujj7 err=HttpError('InvalidRequest: Could not find repo: did:plc:gqbkhiiv5hhoa77s5luvujj7')
2026-03-30T18:30:59Z WARNING bsky_collector_v2.job.index_feed_generators: listRecords failed repo=did:plc:haetmd6kvmzfes6xzehfzfks err=HttpError('InvalidRequest: Could not find repo: did:plc:haetmd6kvmzfes6xzehfzfks')
2026-03-30T18:30:59Z WARNING bsky_collector_v2.job.index_feed_generators: listRecords failed repo=did:plc:jlqfygnikn2ul3aa2rrsg5jb err=HttpError('InvalidRequest: Could not find repo: did:plc:jlqfygnikn2ul3aa2rrsg5jb')
2026-03-30T18:30:59Z WARNING bsky_collector_v2.job.index_feed_generators: listRecords failed repo=did:plc:jrpfdmxdmtyasweju27gnz5j err=HttpError('InvalidRequest: Could not find repo: did:plc:jrpfdmxdmtyasweju27gnz5j')
2026-03-30T18:30:59Z WARNING bsky_collector_v2.job.index_feed_generators: listRecords failed repo=did:plc:lljlbpo2a54nu3gkogrcbqx6 err=HttpError('InvalidRequest: Could not find repo: did:plc:lljlbpo2a54nu3gkogrcbqx6')
2026-03-30T18:30:59Z WARNING bsky_collector_v2.job.index_feed_generators: listRecords failed repo=did:plc:n23pwq4mkb6qye7ijqjcruqv err=HttpError('InvalidRequest: Could not find repo: did:plc:n23pwq4mkb6qye7ijqjcruqv')
2026-03-30T18:30:59Z WARNING bsky_collector_v2.job.index_feed_generators: listRecords failed repo=did:plc:o5btnyhb6kclhje2py2k66rt err=HttpError('InvalidRequest: Could not find repo: did:plc:o5btnyhb6kclhje2py2k66rt')
2026-03-30T18:30:59Z WARNING bsky_collector_v2.job.index_feed_generators: listRecords failed repo=did:plc:ofibhymvt4g5lu3qpkzx2vf6 err=HttpError('InvalidRequest: Could not find repo: did:plc:ofibhymvt4g5lu3qpkzx2vf6')
2026-03-30T18:30:59Z WARNING bsky_collector_v2.job.index_feed_generators: listRecords failed repo=did:plc:qk7t4kopsvps6gm5brpd74du err=HttpError('InvalidRequest: Could not find repo: did:plc:qk7t4kopsvps6gm5brpd74du')
2026-03-30T18:30:59Z WARNING bsky_collector_v2.job.index_feed_generators: listRecords failed repo=did:plc:rbzg35ehghmqxvog4ixlq3w7 err=HttpError('InvalidRequest: Could not find repo: did:plc:rbzg35ehghmqxvog4ixlq3w7')
2026-03-30T18:30:59Z WARNING bsky_collector_v2.job.index_feed_generators: listRecords failed repo=did:plc:sggtc6gmodkuzv447mp3x7h4 err=HttpError('InvalidRequest: Could not find repo: did:plc:sggtc6gmodkuzv447mp3x7h4')
2026-03-30T18:30:59Z WARNING bsky_collector_v2.job.index_feed_generators: listRecords failed repo=did:plc:ukc3golvvpgiijk6bgnuzegj err=HttpError('InvalidRequest: Could not find repo: did:plc:ukc3golvvpgiijk6bgnuzegj')
2026-03-30T18:30:59Z WARNING bsky_collector_v2.job.index_feed_generators: listRecords failed repo=did:plc:wmyr6d4aysxfenoh62b6azw2 err=HttpError('InvalidRequest: Could not find repo: did:plc:wmyr6d4aysxfenoh62b6azw2')
2026-03-30T18:30:59Z WARNING bsky_collector_v2.job.index_feed_generators: listRecords failed repo=did:plc:wpwq3ixt5nllw74ljcvz2ljo err=HttpError('InvalidRequest: Could not find repo: did:plc:wpwq3ixt5nllw74ljcvz2ljo')
2026-03-30T18:31:00Z WARNING bsky_collector_v2.job.index_feed_generators: listRecords failed repo=did:plc:xvggvxkbhpjv6l4iej5fo6ge err=HttpError('InvalidRequest: Could not find repo: did:plc:xvggvxkbhpjv6l4iej5fo6ge')
2026-03-30T18:31:00Z WARNING bsky_collector_v2.job.index_feed_generators: listRecords failed repo=did:plc:2kylsmwxzecojylkopnzidzf err=HttpError('InvalidRequest: Could not find repo: did:plc:2kylsmwxzecojylkopnzidzf')
2026-03-30T18:31:00Z WARNING bsky_collector_v2.job.index_feed_generators: listRecords failed repo=did:plc:2le2a7qybodgftzlj4bpcivu err=HttpError('InvalidRequest: Could not find repo: did:plc:2le2a7qybodgftzlj4bpcivu')
2026-03-30T18:31:00Z WARNING bsky_collector_v2.job.index_feed_generators: listRecords failed repo=did:plc:4bdfdyntxigebrl34lxkpieb err=HttpError('InvalidRequest: Could not find repo: did:plc:4bdfdyntxigebrl34lxkpieb')
2026-03-30T18:31:00Z WARNING bsky_collector_v2.job.index_feed_generators: listRecords failed repo=did:plc:6qhgh6o746c7mymvcqhynotl err=HttpError('InvalidRequest: Could not find repo: did:plc:6qhgh6o746c7mymvcqhynotl')
2026-03-30T18:31:00Z WARNING bsky_collector_v2.job.index_feed_generators: listRecords failed repo=did:plc:7ap2bwvtjvttlweb663cd2pz err=HttpError('InvalidRequest: Could not find repo: did:plc:7ap2bwvtjvttlweb663cd2pz')
2026-03-30T18:31:00Z WARNING bsky_collector_v2.job.index_feed_generators: listRecords failed repo=did:plc:gqbkhiiv5hhoa77s5luvujj7 err=HttpError('InvalidRequest: Could not find repo: did:plc:gqbkhiiv5hhoa77s5luvujj7')
2026-03-30T18:31:00Z WARNING bsky_collector_v2.job.index_feed_generators: listRecords failed repo=did:plc:haetmd6kvmzfes6xzehfzfks err=HttpError('InvalidRequest: Could not find repo: did:plc:haetmd6kvmzfes6xzehfzfks')
2026-03-30T18:31:00Z WARNING bsky_collector_v2.job.index_feed_generators: listRecords failed repo=did:plc:jlqfygnikn2ul3aa2rrsg5jb err=HttpError('InvalidRequest: Could not find repo: did:plc:jlqfygnikn2ul3aa2rrsg5jb')
2026-03-30T18:31:00Z WARNING bsky_collector_v2.job.index_feed_generators: listRecords failed repo=did:plc:jrpfdmxdmtyasweju27gnz5j err=HttpError('InvalidRequest: Could not find repo: did:plc:jrpfdmxdmtyasweju27gnz5j')
2026-03-30T18:31:00Z WARNING bsky_collector_v2.job.index_feed_generators: listRecords failed repo=did:plc:lljlbpo2a54nu3gkogrcbqx6 err=HttpError('InvalidRequest: Could not find repo: did:plc:lljlbpo2a54nu3gkogrcbqx6')
2026-03-30T18:31:00Z WARNING bsky_collector_v2.job.index_feed_generators: listRecords failed repo=did:plc:n23pwq4mkb6qye7ijqjcruqv err=HttpError('InvalidRequest: Could not find repo: did:plc:n23pwq4mkb6qye7ijqjcruqv')
2026-03-30T18:31:00Z WARNING bsky_collector_v2.job.index_feed_generators: listRecords failed repo=did:plc:o5btnyhb6kclhje2py2k66rt err=HttpError('InvalidRequest: Could not find repo: did:plc:o5btnyhb6kclhje2py2k66rt')
2026-03-30T18:31:00Z WARNING bsky_collector_v2.job.index_feed_generators: listRecords failed repo=did:plc:ofibhymvt4g5lu3qpkzx2vf6 err=HttpError('InvalidRequest: Could not find repo: did:plc:ofibhymvt4g5lu3qpkzx2vf6')
2026-03-30T18:31:00Z WARNING bsky_collector_v2.job.index_feed_generators: listRecords failed repo=did:plc:qk7t4kopsvps6gm5brpd74du err=HttpError('InvalidRequest: Could not find repo: did:plc:qk7t4kopsvps6gm5brpd74du')
2026-03-30T18:31:00Z WARNING bsky_collector_v2.job.index_feed_generators: listRecords failed repo=did:plc:rbzg35ehghmqxvog4ixlq3w7 err=HttpError('InvalidRequest: Could not find repo: did:plc:rbzg35ehghmqxvog4ixlq3w7')
2026-03-30T18:31:00Z WARNING bsky_collector_v2.job.index_feed_generators: listRecords failed repo=did:plc:sggtc6gmodkuzv447mp3x7h4 err=HttpError('InvalidRequest: Could not find repo: did:plc:sggtc6gmodkuzv447mp3x7h4')
2026-03-30T18:31:01Z WARNING bsky_collector_v2.job.index_feed_generators: listRecords failed repo=did:plc:ukc3golvvpgiijk6bgnuzegj err=HttpError('InvalidRequest: Could not find repo: did:plc:ukc3golvvpgiijk6bgnuzegj')
2026-03-30T18:31:01Z WARNING bsky_collector_v2.job.index_feed_generators: listRecords failed repo=did:plc:wmyr6d4aysxfenoh62b6azw2 err=HttpError('InvalidRequest: Could not find repo: did:plc:wmyr6d4aysxfenoh62b6azw2')
2026-03-30T18:31:01Z WARNING bsky_collector_v2.job.index_feed_generators: listRecords failed repo=did:plc:wpwq3ixt5nllw74ljcvz2ljo err=HttpError('InvalidRequest: Could not find repo: did:plc:wpwq3ixt5nllw74ljcvz2ljo')
2026-03-30T18:31:01Z WARNING bsky_collector_v2.job.index_feed_generators: listRecords failed repo=did:plc:xvggvxkbhpjv6l4iej5fo6ge err=HttpError('InvalidRequest: Could not find repo: did:plc:xvggvxkbhpjv6l4iej5fo6ge')
2026-03-30T18:31:01Z INFO bsky_collector_v2.job.index_feed_generators: enqueued repos page=4 mode=listRepos inserted=500 repos_returned=500 next_cursor=set
2026-03-30T18:31:03Z WARNING bsky_collector_v2.job.index_feed_generators: listRecords failed repo=did:plc:27ybprmo3hokqbqddpwhismn err=HttpError('InvalidRequest: Could not find repo: did:plc:27ybprmo3hokqbqddpwhismn')
2026-03-30T18:31:04Z WARNING bsky_collector_v2.job.index_feed_generators: listRecords failed repo=did:plc:2irexjhqlhhvy3hiuyrfdzqu err=HttpError('InvalidRequest: Could not find repo: did:plc:2irexjhqlhhvy3hiuyrfdzqu')
2026-03-30T18:31:04Z WARNING bsky_collector_v2.job.index_feed_generators: listRecords failed repo=did:plc:2tqzgshkcj3rledg7c2sy3gk err=HttpError('InvalidRequest: Could not find repo: did:plc:2tqzgshkcj3rledg7c2sy3gk')
2026-03-30T18:31:05Z WARNING bsky_collector_v2.job.index_feed_generators: listRecords failed repo=did:plc:2u4qwr5smtjfqsovmnhohul2 err=HttpError('InvalidRequest: Could not find repo: did:plc:2u4qwr5smtjfqsovmnhohul2')
2026-03-30T18:31:25Z WARNING bsky_collector_v2.job.index_feed_generators: listRecords failed repo=did:plc:7abw6g73lbec723u7corsnv4 err=HttpError('InvalidRequest: Could not find repo: did:plc:7abw6g73lbec723u7corsnv4')
2026-03-30T18:31:25Z WARNING bsky_collector_v2.job.index_feed_generators: listRecords failed repo=did:plc:7doob2mafdxs5pgngiagl2x7 err=HttpError('InvalidRequest: Could not find repo: did:plc:7doob2mafdxs5pgngiagl2x7')
2026-03-30T18:31:28Z WARNING bsky_collector_v2.job.index_feed_generators: listRecords failed repo=did:plc:aaygtn3wifipbxfbpppntrt2 err=HttpError('InvalidRequest: Could not find repo: did:plc:aaygtn3wifipbxfbpppntrt2')
2026-03-30T18:31:34Z INFO bsky_collector_v2.job.index_feed_generators: indexed repo=did:plc:bm4uqts5aer5b6hmx62qays6 part=180 records=1 next_cursor=set
2026-03-30T18:31:36Z WARNING bsky_collector_v2.job.index_feed_generators: listRecords failed repo=did:plc:cetj6fcbz2qfykqp7uwty242 err=HttpError('InvalidRequest: Could not find repo: did:plc:cetj6fcbz2qfykqp7uwty242')
2026-03-30T18:31:37Z WARNING bsky_collector_v2.job.index_feed_generators: listRecords failed repo=did:plc:ctkyq5s32jc75tboavh4kdyp err=HttpError('InvalidRequest: Could not find repo: did:plc:ctkyq5s32jc75tboavh4kdyp')
2026-03-30T18:31:38Z WARNING bsky_collector_v2.job.index_feed_generators: listRecords failed repo=did:plc:depcytsq7aeknyrr7aq25l7c err=HttpError('InvalidRequest: Could not find repo: did:plc:depcytsq7aeknyrr7aq25l7c')
2026-03-30T18:31:41Z WARNING bsky_collector_v2.job.index_feed_generators: listRecords failed repo=did:plc:edsezg43phbcabkmfp53m3h5 err=HttpError('InvalidRequest: Could not find repo: did:plc:edsezg43phbcabkmfp53m3h5')
2026-03-30T18:31:41Z WARNING bsky_collector_v2.job.index_feed_generators: listRecords failed repo=did:plc:eei4hevyr6mlvh5qu77clrix err=HttpError('InvalidRequest: Could not find repo: did:plc:eei4hevyr6mlvh5qu77clrix')
2026-03-30T18:31:42Z WARNING bsky_collector_v2.job.index_feed_generators: listRecords failed repo=did:plc:eoi4wmhqafh4iagszm6npky2 err=HttpError('InvalidRequest: Could not find repo: did:plc:eoi4wmhqafh4iagszm6npky2')
2026-03-30T18:31:44Z WARNING bsky_collector_v2.job.index_feed_generators: listRecords failed repo=did:plc:fqaegknguryielqor6dncu7z err=HttpError('InvalidRequest: Could not find repo: did:plc:fqaegknguryielqor6dncu7z')
2026-03-30T18:31:45Z WARNING bsky_collector_v2.job.index_feed_generators: listRecords failed repo=did:plc:fzhaiyxvwixagwhpqgbvysmt err=HttpError('InvalidRequest: Could not find repo: did:plc:fzhaiyxvwixagwhpqgbvysmt')
2026-03-30T18:31:46Z WARNING bsky_collector_v2.job.index_feed_generators: listRecords failed repo=did:plc:g56lrwt3p33sxmiyvzjc4qxl err=HttpError('InvalidRequest: Could not find repo: did:plc:g56lrwt3p33sxmiyvzjc4qxl')
2026-03-30T18:31:53Z WARNING bsky_collector_v2.job.index_feed_generators: listRecords failed repo=did:plc:jgahrvvtqxg5zy2pryqnoc6y err=HttpError('InvalidRequest: Could not find repo: did:plc:jgahrvvtqxg5zy2pryqnoc6y')
2026-03-30T18:31:56Z WARNING bsky_collector_v2.job.index_feed_generators: listRecords failed repo=did:plc:kjwaicbpk4lsvb5ofthu6wiq err=HttpError('InvalidRequest: Could not find repo: did:plc:kjwaicbpk4lsvb5ofthu6wiq')
2026-03-30T18:31:56Z WARNING bsky_collector_v2.job.index_feed_generators: listRecords failed repo=did:plc:kyhx5mlz4brzc3p5r2udbckc err=HttpError('InvalidRequest: Could not find repo: did:plc:kyhx5mlz4brzc3p5r2udbckc')
2026-03-30T18:31:59Z WARNING bsky_collector_v2.job.index_feed_generators: listRecords failed repo=did:plc:lxlapocs33afqi63jfvm2vfi err=HttpError('InvalidRequest: Could not find repo: did:plc:lxlapocs33afqi63jfvm2vfi')
2026-03-30T18:32:00Z WARNING bsky_collector_v2.job.index_feed_generators: listRecords failed repo=did:plc:m5w6v7xahe2bzn3r7kmyg4qe err=HttpError('InvalidRequest: Could not find repo: did:plc:m5w6v7xahe2bzn3r7kmyg4qe')
2026-03-30T18:32:03Z WARNING bsky_collector_v2.job.index_feed_generators: listRecords failed repo=did:plc:mwonfxgvgfjjqtqhzwbhpiez err=HttpError('InvalidRequest: Could not find repo: did:plc:mwonfxgvgfjjqtqhzwbhpiez')
2026-03-30T18:32:06Z WARNING bsky_collector_v2.job.index_feed_generators: listRecords failed repo=did:plc:nxz4xceovleesfjy2masg26e err=HttpError('InvalidRequest: Could not find repo: did:plc:nxz4xceovleesfjy2masg26e')
2026-03-30T18:32:08Z WARNING bsky_collector_v2.job.index_feed_generators: listRecords failed repo=did:plc:ozu2s7zfi4ew6gu3ashv5zrm err=HttpError('InvalidRequest: Could not find repo: did:plc:ozu2s7zfi4ew6gu3ashv5zrm')
2026-03-30T18:32:09Z WARNING bsky_collector_v2.job.index_feed_generators: listRecords failed repo=did:plc:plqn7xph243m3jzbajdousnu err=HttpError('InvalidRequest: Could not find repo: did:plc:plqn7xph243m3jzbajdousnu')
2026-03-30T18:32:14Z WARNING bsky_collector_v2.job.index_feed_generators: listRecords failed repo=did:plc:rotdsopsmvliqgncsfifpzzd err=HttpError('InvalidRequest: Could not find repo: did:plc:rotdsopsmvliqgncsfifpzzd')
2026-03-30T18:32:14Z WARNING bsky_collector_v2.job.index_feed_generators: listRecords failed repo=did:plc:rtara2qqd4t372i7j6v62zho err=HttpError('InvalidRequest: Could not find repo: did:plc:rtara2qqd4t372i7j6v62zho')
2026-03-30T18:32:16Z WARNING bsky_collector_v2.job.index_feed_generators: listRecords failed repo=did:plc:t2zj523q4vy33xtiocexrmmm err=HttpError('InvalidRequest: Could not find repo: did:plc:t2zj523q4vy33xtiocexrmmm')
2026-03-30T18:32:19Z WARNING bsky_collector_v2.job.index_feed_generators: listRecords failed repo=did:plc:uem3bnprycojxy2y7ali3dwi err=HttpError('InvalidRequest: Could not find repo: did:plc:uem3bnprycojxy2y7ali3dwi')
2026-03-30T18:32:19Z WARNING bsky_collector_v2.job.index_feed_generators: listRecords failed repo=did:plc:ujlsh3ue5enbdlval2ppsirn err=HttpError('InvalidRequest: Could not find repo: did:plc:ujlsh3ue5enbdlval2ppsirn')
2026-03-30T18:32:20Z WARNING bsky_collector_v2.job.index_feed_generators: listRecords failed repo=did:plc:uwpnnehloacerwme4xz4jeam err=HttpError('InvalidRequest: Could not find repo: did:plc:uwpnnehloacerwme4xz4jeam')
2026-03-30T18:32:22Z WARNING bsky_collector_v2.job.index_feed_generators: listRecords failed repo=did:plc:wbfiiv2mudhr2bv6jcthvmer err=HttpError('InvalidRequest: Could not find repo: did:plc:wbfiiv2mudhr2bv6jcthvmer')
2026-03-30T18:32:26Z WARNING bsky_collector_v2.job.index_feed_generators: listRecords failed repo=did:plc:xnaekt5sr7ioo7qgsb62nr23 err=HttpError('InvalidRequest: Could not find repo: did:plc:xnaekt5sr7ioo7qgsb62nr23')
2026-03-30T18:32:26Z WARNING bsky_collector_v2.job.index_feed_generators: listRecords failed repo=did:plc:xrjjvavklfcttzt5utubeptt err=HttpError('InvalidRequest: Could not find repo: did:plc:xrjjvavklfcttzt5utubeptt')
2026-03-30T18:32:28Z WARNING bsky_collector_v2.job.index_feed_generators: listRecords failed repo=did:plc:yep2aco5ccvhxlvi3dsucjf3 err=HttpError('InvalidRequest: Could not find repo: did:plc:yep2aco5ccvhxlvi3dsucjf3')
2026-03-30T18:32:29Z WARNING bsky_collector_v2.job.index_feed_generators: listRecords failed repo=did:plc:yk7n6eh7alf2s63ku6anw2mc err=HttpError('InvalidRequest: Could not find repo: did:plc:yk7n6eh7alf2s63ku6anw2mc')
2026-03-30T18:32:33Z WARNING bsky_collector_v2.job.index_feed_generators: listRecords failed repo=did:plc:27ybprmo3hokqbqddpwhismn err=HttpError('InvalidRequest: Could not find repo: did:plc:27ybprmo3hokqbqddpwhismn')
2026-03-30T18:32:33Z WARNING bsky_collector_v2.job.index_feed_generators: listRecords failed repo=did:plc:2irexjhqlhhvy3hiuyrfdzqu err=HttpError('InvalidRequest: Could not find repo: did:plc:2irexjhqlhhvy3hiuyrfdzqu')
2026-03-30T18:32:33Z WARNING bsky_collector_v2.job.index_feed_generators: listRecords failed repo=did:plc:2tqzgshkcj3rledg7c2sy3gk err=HttpError('InvalidRequest: Could not find repo: did:plc:2tqzgshkcj3rledg7c2sy3gk')
2026-03-30T18:32:33Z WARNING bsky_collector_v2.job.index_feed_generators: listRecords failed repo=did:plc:2u4qwr5smtjfqsovmnhohul2 err=HttpError('InvalidRequest: Could not find repo: did:plc:2u4qwr5smtjfqsovmnhohul2')
2026-03-30T18:32:34Z WARNING bsky_collector_v2.job.index_feed_generators: listRecords failed repo=did:plc:7abw6g73lbec723u7corsnv4 err=HttpError('InvalidRequest: Could not find repo: did:plc:7abw6g73lbec723u7corsnv4')
2026-03-30T18:32:34Z WARNING bsky_collector_v2.job.index_feed_generators: listRecords failed repo=did:plc:7doob2mafdxs5pgngiagl2x7 err=HttpError('InvalidRequest: Could not find repo: did:plc:7doob2mafdxs5pgngiagl2x7')
2026-03-30T18:32:34Z WARNING bsky_collector_v2.job.index_feed_generators: listRecords failed repo=did:plc:aaygtn3wifipbxfbpppntrt2 err=HttpError('InvalidRequest: Could not find repo: did:plc:aaygtn3wifipbxfbpppntrt2')
2026-03-30T18:32:34Z WARNING bsky_collector_v2.job.index_feed_generators: listRecords failed repo=did:plc:cetj6fcbz2qfykqp7uwty242 err=HttpError('InvalidRequest: Could not find repo: did:plc:cetj6fcbz2qfykqp7uwty242')
2026-03-30T18:32:34Z WARNING bsky_collector_v2.job.index_feed_generators: listRecords failed repo=did:plc:ctkyq5s32jc75tboavh4kdyp err=HttpError('InvalidRequest: Could not find repo: did:plc:ctkyq5s32jc75tboavh4kdyp')
2026-03-30T18:32:34Z WARNING bsky_collector_v2.job.index_feed_generators: listRecords failed repo=did:plc:depcytsq7aeknyrr7aq25l7c err=HttpError('InvalidRequest: Could not find repo: did:plc:depcytsq7aeknyrr7aq25l7c')
2026-03-30T18:32:34Z WARNING bsky_collector_v2.job.index_feed_generators: listRecords failed repo=did:plc:edsezg43phbcabkmfp53m3h5 err=HttpError('InvalidRequest: Could not find repo: did:plc:edsezg43phbcabkmfp53m3h5')
2026-03-30T18:32:34Z WARNING bsky_collector_v2.job.index_feed_generators: listRecords failed repo=did:plc:eei4hevyr6mlvh5qu77clrix err=HttpError('InvalidRequest: Could not find repo: did:plc:eei4hevyr6mlvh5qu77clrix')
2026-03-30T18:32:34Z WARNING bsky_collector_v2.job.index_feed_generators: listRecords failed repo=did:plc:eoi4wmhqafh4iagszm6npky2 err=HttpError('InvalidRequest: Could not find repo: did:plc:eoi4wmhqafh4iagszm6npky2')
2026-03-30T18:32:34Z WARNING bsky_collector_v2.job.index_feed_generators: listRecords failed repo=did:plc:fqaegknguryielqor6dncu7z err=HttpError('InvalidRequest: Could not find repo: did:plc:fqaegknguryielqor6dncu7z')
2026-03-30T18:32:34Z WARNING bsky_collector_v2.job.index_feed_generators: listRecords failed repo=did:plc:fzhaiyxvwixagwhpqgbvysmt err=HttpError('InvalidRequest: Could not find repo: did:plc:fzhaiyxvwixagwhpqgbvysmt')
2026-03-30T18:32:34Z WARNING bsky_collector_v2.job.index_feed_generators: listRecords failed repo=did:plc:g56lrwt3p33sxmiyvzjc4qxl err=HttpError('InvalidRequest: Could not find repo: did:plc:g56lrwt3p33sxmiyvzjc4qxl')
2026-03-30T18:32:34Z WARNING bsky_collector_v2.job.index_feed_generators: listRecords failed repo=did:plc:jgahrvvtqxg5zy2pryqnoc6y err=HttpError('InvalidRequest: Could not find repo: did:plc:jgahrvvtqxg5zy2pryqnoc6y')
2026-03-30T18:32:34Z WARNING bsky_collector_v2.job.index_feed_generators: listRecords failed repo=did:plc:kjwaicbpk4lsvb5ofthu6wiq err=HttpError('InvalidRequest: Could not find repo: did:plc:kjwaicbpk4lsvb5ofthu6wiq')
2026-03-30T18:32:34Z WARNING bsky_collector_v2.job.index_feed_generators: listRecords failed repo=did:plc:kyhx5mlz4brzc3p5r2udbckc err=HttpError('InvalidRequest: Could not find repo: did:plc:kyhx5mlz4brzc3p5r2udbckc')
2026-03-30T18:32:34Z WARNING bsky_collector_v2.job.index_feed_generators: listRecords failed repo=did:plc:lxlapocs33afqi63jfvm2vfi err=HttpError('InvalidRequest: Could not find repo: did:plc:lxlapocs33afqi63jfvm2vfi')
2026-03-30T18:32:34Z WARNING bsky_collector_v2.job.index_feed_generators: listRecords failed repo=did:plc:m5w6v7xahe2bzn3r7kmyg4qe err=HttpError('InvalidRequest: Could not find repo: did:plc:m5w6v7xahe2bzn3r7kmyg4qe')
2026-03-30T18:32:35Z WARNING bsky_collector_v2.job.index_feed_generators: listRecords failed repo=did:plc:mwonfxgvgfjjqtqhzwbhpiez err=HttpError('InvalidRequest: Could not find repo: did:plc:mwonfxgvgfjjqtqhzwbhpiez')
2026-03-30T18:32:35Z WARNING bsky_collector_v2.job.index_feed_generators: listRecords failed repo=did:plc:nxz4xceovleesfjy2masg26e err=HttpError('InvalidRequest: Could not find repo: did:plc:nxz4xceovleesfjy2masg26e')
2026-03-30T18:32:35Z WARNING bsky_collector_v2.job.index_feed_generators: listRecords failed repo=did:plc:ozu2s7zfi4ew6gu3ashv5zrm err=HttpError('InvalidRequest: Could not find repo: did:plc:ozu2s7zfi4ew6gu3ashv5zrm')
2026-03-30T18:32:35Z WARNING bsky_collector_v2.job.index_feed_generators: listRecords failed repo=did:plc:plqn7xph243m3jzbajdousnu err=HttpError('InvalidRequest: Could not find repo: did:plc:plqn7xph243m3jzbajdousnu')
2026-03-30T18:32:35Z WARNING bsky_collector_v2.job.index_feed_generators: listRecords failed repo=did:plc:rotdsopsmvliqgncsfifpzzd err=HttpError('InvalidRequest: Could not find repo: did:plc:rotdsopsmvliqgncsfifpzzd')
2026-03-30T18:32:35Z WARNING bsky_collector_v2.job.index_feed_generators: listRecords failed repo=did:plc:rtara2qqd4t372i7j6v62zho err=HttpError('InvalidRequest: Could not find repo: did:plc:rtara2qqd4t372i7j6v62zho')
2026-03-30T18:32:35Z WARNING bsky_collector_v2.job.index_feed_generators: listRecords failed repo=did:plc:t2zj523q4vy33xtiocexrmmm err=HttpError('InvalidRequest: Could not find repo: did:plc:t2zj523q4vy33xtiocexrmmm')
2026-03-30T18:32:35Z WARNING bsky_collector_v2.job.index_feed_generators: listRecords failed repo=did:plc:uem3bnprycojxy2y7ali3dwi err=HttpError('InvalidRequest: Could not find repo: did:plc:uem3bnprycojxy2y7ali3dwi')
2026-03-30T18:32:35Z WARNING bsky_collector_v2.job.index_feed_generators: listRecords failed repo=did:plc:ujlsh3ue5enbdlval2ppsirn err=HttpError('InvalidRequest: Could not find repo: did:plc:ujlsh3ue5enbdlval2ppsirn')
2026-03-30T18:32:35Z WARNING bsky_collector_v2.job.index_feed_generators: listRecords failed repo=did:plc:uwpnnehloacerwme4xz4jeam err=HttpError('InvalidRequest: Could not find repo: did:plc:uwpnnehloacerwme4xz4jeam')
2026-03-30T18:32:35Z WARNING bsky_collector_v2.job.index_feed_generators: listRecords failed repo=did:plc:wbfiiv2mudhr2bv6jcthvmer err=HttpError('InvalidRequest: Could not find repo: did:plc:wbfiiv2mudhr2bv6jcthvmer')
2026-03-30T18:32:35Z WARNING bsky_collector_v2.job.index_feed_generators: listRecords failed repo=did:plc:xnaekt5sr7ioo7qgsb62nr23 err=HttpError('InvalidRequest: Could not find repo: did:plc:xnaekt5sr7ioo7qgsb62nr23')
2026-03-30T18:32:35Z WARNING bsky_collector_v2.job.index_feed_generators: listRecords failed repo=did:plc:xrjjvavklfcttzt5utubeptt err=HttpError('InvalidRequest: Could not find repo: did:plc:xrjjvavklfcttzt5utubeptt')
2026-03-30T18:32:35Z WARNING bsky_collector_v2.job.index_feed_generators: listRecords failed repo=did:plc:yep2aco5ccvhxlvi3dsucjf3 err=HttpError('InvalidRequest: Could not find repo: did:plc:yep2aco5ccvhxlvi3dsucjf3')
2026-03-30T18:32:35Z WARNING bsky_collector_v2.job.index_feed_generators: listRecords failed repo=did:plc:yk7n6eh7alf2s63ku6anw2mc err=HttpError('InvalidRequest: Could not find repo: did:plc:yk7n6eh7alf2s63ku6anw2mc')
2026-03-30T18:32:35Z WARNING bsky_collector_v2.job.index_feed_generators: listRecords failed repo=did:plc:27ybprmo3hokqbqddpwhismn err=HttpError('InvalidRequest: Could not find repo: did:plc:27ybprmo3hokqbqddpwhismn')
2026-03-30T18:32:35Z WARNING bsky_collector_v2.job.index_feed_generators: listRecords failed repo=did:plc:2irexjhqlhhvy3hiuyrfdzqu err=HttpError('InvalidRequest: Could not find repo: did:plc:2irexjhqlhhvy3hiuyrfdzqu')
2026-03-30T18:32:35Z WARNING bsky_collector_v2.job.index_feed_generators: listRecords failed repo=did:plc:2tqzgshkcj3rledg7c2sy3gk err=HttpError('InvalidRequest: Could not find repo: did:plc:2tqzgshkcj3rledg7c2sy3gk')
2026-03-30T18:32:35Z WARNING bsky_collector_v2.job.index_feed_generators: listRecords failed repo=did:plc:2u4qwr5smtjfqsovmnhohul2 err=HttpError('InvalidRequest: Could not find repo: did:plc:2u4qwr5smtjfqsovmnhohul2')
2026-03-30T18:32:36Z WARNING bsky_collector_v2.job.index_feed_generators: listRecords failed repo=did:plc:7abw6g73lbec723u7corsnv4 err=HttpError('InvalidRequest: Could not find repo: did:plc:7abw6g73lbec723u7corsnv4')
2026-03-30T18:32:36Z WARNING bsky_collector_v2.job.index_feed_generators: listRecords failed repo=did:plc:7doob2mafdxs5pgngiagl2x7 err=HttpError('InvalidRequest: Could not find repo: did:plc:7doob2mafdxs5pgngiagl2x7')
2026-03-30T18:32:36Z WARNING bsky_collector_v2.job.index_feed_generators: listRecords failed repo=did:plc:aaygtn3wifipbxfbpppntrt2 err=HttpError('InvalidRequest: Could not find repo: did:plc:aaygtn3wifipbxfbpppntrt2')
2026-03-30T18:32:36Z WARNING bsky_collector_v2.job.index_feed_generators: listRecords failed repo=did:plc:cetj6fcbz2qfykqp7uwty242 err=HttpError('InvalidRequest: Could not find repo: did:plc:cetj6fcbz2qfykqp7uwty242')
2026-03-30T18:32:36Z WARNING bsky_collector_v2.job.index_feed_generators: listRecords failed repo=did:plc:ctkyq5s32jc75tboavh4kdyp err=HttpError('InvalidRequest: Could not find repo: did:plc:ctkyq5s32jc75tboavh4kdyp')
2026-03-30T18:32:36Z WARNING bsky_collector_v2.job.index_feed_generators: listRecords failed repo=did:plc:depcytsq7aeknyrr7aq25l7c err=HttpError('InvalidRequest: Could not find repo: did:plc:depcytsq7aeknyrr7aq25l7c')
2026-03-30T18:32:36Z WARNING bsky_collector_v2.job.index_feed_generators: listRecords failed repo=did:plc:edsezg43phbcabkmfp53m3h5 err=HttpError('InvalidRequest: Could not find repo: did:plc:edsezg43phbcabkmfp53m3h5')
2026-03-30T18:32:36Z WARNING bsky_collector_v2.job.index_feed_generators: listRecords failed repo=did:plc:eei4hevyr6mlvh5qu77clrix err=HttpError('InvalidRequest: Could not find repo: did:plc:eei4hevyr6mlvh5qu77clrix')
2026-03-30T18:32:36Z WARNING bsky_collector_v2.job.index_feed_generators: listRecords failed repo=did:plc:eoi4wmhqafh4iagszm6npky2 err=HttpError('InvalidRequest: Could not find repo: did:plc:eoi4wmhqafh4iagszm6npky2')
2026-03-30T18:32:36Z WARNING bsky_collector_v2.job.index_feed_generators: listRecords failed repo=did:plc:fqaegknguryielqor6dncu7z err=HttpError('InvalidRequest: Could not find repo: did:plc:fqaegknguryielqor6dncu7z')
2026-03-30T18:32:36Z WARNING bsky_collector_v2.job.index_feed_generators: listRecords failed repo=did:plc:fzhaiyxvwixagwhpqgbvysmt err=HttpError('InvalidRequest: Could not find repo: did:plc:fzhaiyxvwixagwhpqgbvysmt')
2026-03-30T18:32:36Z WARNING bsky_collector_v2.job.index_feed_generators: listRecords failed repo=did:plc:g56lrwt3p33sxmiyvzjc4qxl err=HttpError('InvalidRequest: Could not find repo: did:plc:g56lrwt3p33sxmiyvzjc4qxl')
2026-03-30T18:32:36Z WARNING bsky_collector_v2.job.index_feed_generators: listRecords failed repo=did:plc:jgahrvvtqxg5zy2pryqnoc6y err=HttpError('InvalidRequest: Could not find repo: did:plc:jgahrvvtqxg5zy2pryqnoc6y')
2026-03-30T18:32:36Z WARNING bsky_collector_v2.job.index_feed_generators: listRecords failed repo=did:plc:kjwaicbpk4lsvb5ofthu6wiq err=HttpError('InvalidRequest: Could not find repo: did:plc:kjwaicbpk4lsvb5ofthu6wiq')
2026-03-30T18:32:36Z WARNING bsky_collector_v2.job.index_feed_generators: listRecords failed repo=did:plc:kyhx5mlz4brzc3p5r2udbckc err=HttpError('InvalidRequest: Could not find repo: did:plc:kyhx5mlz4brzc3p5r2udbckc')
2026-03-30T18:32:36Z WARNING bsky_collector_v2.job.index_feed_generators: listRecords failed repo=did:plc:lxlapocs33afqi63jfvm2vfi err=HttpError('InvalidRequest: Could not find repo: did:plc:lxlapocs33afqi63jfvm2vfi')
2026-03-30T18:32:36Z WARNING bsky_collector_v2.job.index_feed_generators: listRecords failed repo=did:plc:m5w6v7xahe2bzn3r7kmyg4qe err=HttpError('InvalidRequest: Could not find repo: did:plc:m5w6v7xahe2bzn3r7kmyg4qe')
2026-03-30T18:32:36Z WARNING bsky_collector_v2.job.index_feed_generators: listRecords failed repo=did:plc:mwonfxgvgfjjqtqhzwbhpiez err=HttpError('InvalidRequest: Could not find repo: did:plc:mwonfxgvgfjjqtqhzwbhpiez')
2026-03-30T18:32:36Z WARNING bsky_collector_v2.job.index_feed_generators: listRecords failed repo=did:plc:nxz4xceovleesfjy2masg26e err=HttpError('InvalidRequest: Could not find repo: did:plc:nxz4xceovleesfjy2masg26e')
2026-03-30T18:32:36Z WARNING bsky_collector_v2.job.index_feed_generators: listRecords failed repo=did:plc:ozu2s7zfi4ew6gu3ashv5zrm err=HttpError('InvalidRequest: Could not find repo: did:plc:ozu2s7zfi4ew6gu3ashv5zrm')
2026-03-30T18:32:37Z WARNING bsky_collector_v2.job.index_feed_generators: listRecords failed repo=did:plc:plqn7xph243m3jzbajdousnu err=HttpError('InvalidRequest: Could not find repo: did:plc:plqn7xph243m3jzbajdousnu')
2026-03-30T18:32:37Z WARNING bsky_collector_v2.job.index_feed_generators: listRecords failed repo=did:plc:rotdsopsmvliqgncsfifpzzd err=HttpError('InvalidRequest: Could not find repo: did:plc:rotdsopsmvliqgncsfifpzzd')
2026-03-30T18:32:37Z WARNING bsky_collector_v2.job.index_feed_generators: listRecords failed repo=did:plc:rtara2qqd4t372i7j6v62zho err=HttpError('InvalidRequest: Could not find repo: did:plc:rtara2qqd4t372i7j6v62zho')
2026-03-30T18:32:37Z WARNING bsky_collector_v2.job.index_feed_generators: listRecords failed repo=did:plc:t2zj523q4vy33xtiocexrmmm err=HttpError('InvalidRequest: Could not find repo: did:plc:t2zj523q4vy33xtiocexrmmm')
2026-03-30T18:32:37Z WARNING bsky_collector_v2.job.index_feed_generators: listRecords failed repo=did:plc:uem3bnprycojxy2y7ali3dwi err=HttpError('InvalidRequest: Could not find repo: did:plc:uem3bnprycojxy2y7ali3dwi')
2026-03-30T18:32:37Z WARNING bsky_collector_v2.job.index_feed_generators: listRecords failed repo=did:plc:ujlsh3ue5enbdlval2ppsirn err=HttpError('InvalidRequest: Could not find repo: did:plc:ujlsh3ue5enbdlval2ppsirn')
2026-03-30T18:32:37Z WARNING bsky_collector_v2.job.index_feed_generators: listRecords failed repo=did:plc:uwpnnehloacerwme4xz4jeam err=HttpError('InvalidRequest: Could not find repo: did:plc:uwpnnehloacerwme4xz4jeam')
2026-03-30T18:32:37Z WARNING bsky_collector_v2.job.index_feed_generators: listRecords failed repo=did:plc:wbfiiv2mudhr2bv6jcthvmer err=HttpError('InvalidRequest: Could not find repo: did:plc:wbfiiv2mudhr2bv6jcthvmer')
2026-03-30T18:32:37Z WARNING bsky_collector_v2.job.index_feed_generators: listRecords failed repo=did:plc:xnaekt5sr7ioo7qgsb62nr23 err=HttpError('InvalidRequest: Could not find repo: did:plc:xnaekt5sr7ioo7qgsb62nr23')
2026-03-30T18:32:37Z WARNING bsky_collector_v2.job.index_feed_generators: listRecords failed repo=did:plc:xrjjvavklfcttzt5utubeptt err=HttpError('InvalidRequest: Could not find repo: did:plc:xrjjvavklfcttzt5utubeptt')
2026-03-30T18:32:37Z WARNING bsky_collector_v2.job.index_feed_generators: listRecords failed repo=did:plc:yep2aco5ccvhxlvi3dsucjf3 err=HttpError('InvalidRequest: Could not find repo: did:plc:yep2aco5ccvhxlvi3dsucjf3')
2026-03-30T18:32:37Z WARNING bsky_collector_v2.job.index_feed_generators: listRecords failed repo=did:plc:yk7n6eh7alf2s63ku6anw2mc err=HttpError('InvalidRequest: Could not find repo: did:plc:yk7n6eh7alf2s63ku6anw2mc')
2026-03-30T18:32:38Z INFO bsky_collector_v2.job.index_feed_generators: enqueued repos page=5 mode=listRepos inserted=500 repos_returned=500 next_cursor=set
2026-03-30T18:32:39Z WARNING bsky_collector_v2.job.index_feed_generators: listRecords failed repo=did:plc:2abemghbxo5aguy2swkrixvt err=HttpError('InvalidRequest: Could not find repo: did:plc:2abemghbxo5aguy2swkrixvt')
2026-03-30T18:32:43Z WARNING bsky_collector_v2.job.index_feed_generators: listRecords failed repo=did:plc:2teqsrqzzfngmzoeaznxwta6 err=HttpError('InvalidRequest: Could not find repo: did:plc:2teqsrqzzfngmzoeaznxwta6')
2026-03-30T18:32:44Z WARNING bsky_collector_v2.job.index_feed_generators: listRecords failed repo=did:plc:33kelb4bxmy5pgi3n6phgeci err=HttpError('InvalidRequest: Could not find repo: did:plc:33kelb4bxmy5pgi3n6phgeci')
2026-03-30T18:32:46Z WARNING bsky_collector_v2.job.index_feed_generators: listRecords failed repo=did:plc:3hsl2grnk26yr55nojzh7sgm err=HttpError('InvalidRequest: Could not find repo: did:plc:3hsl2grnk26yr55nojzh7sgm')
2026-03-30T18:32:48Z WARNING bsky_collector_v2.job.index_feed_generators: listRecords failed repo=did:plc:3rpikaosymtplaya7ndzxdrg err=HttpError('InvalidRequest: Could not find repo: did:plc:3rpikaosymtplaya7ndzxdrg')
2026-03-30T18:32:56Z WARNING bsky_collector_v2.job.index_feed_generators: listRecords failed repo=did:plc:55zltya6ezsxhrotwqvyutqb err=HttpError('InvalidRequest: Could not find repo: did:plc:55zltya6ezsxhrotwqvyutqb')
2026-03-30T18:32:59Z WARNING bsky_collector_v2.job.index_feed_generators: listRecords failed repo=did:plc:5xlqjykfopdi3nnbssxl737h err=HttpError('InvalidRequest: Could not find repo: did:plc:5xlqjykfopdi3nnbssxl737h')
2026-03-30T18:33:01Z WARNING bsky_collector_v2.job.index_feed_generators: listRecords failed repo=did:plc:6vcorgcsukhrgxrfcld3dbu2 err=HttpError('InvalidRequest: Could not find repo: did:plc:6vcorgcsukhrgxrfcld3dbu2')
2026-03-30T18:33:01Z WARNING bsky_collector_v2.job.index_feed_generators: listRecords failed repo=did:plc:75d3tyzzdadoqowwc2ea6etf err=HttpError('InvalidRequest: Could not find repo: did:plc:75d3tyzzdadoqowwc2ea6etf')
2026-03-30T18:33:02Z WARNING bsky_collector_v2.job.index_feed_generators: listRecords failed repo=did:plc:7iwzroey6ms5ht4rubbqnxal err=HttpError('InvalidRequest: Could not find repo: did:plc:7iwzroey6ms5ht4rubbqnxal')
2026-03-30T18:33:03Z WARNING bsky_collector_v2.job.index_feed_generators: listRecords failed repo=did:plc:aec5gntdf3yfcgxwo5gjsa2n err=HttpError('InvalidRequest: Could not find repo: did:plc:aec5gntdf3yfcgxwo5gjsa2n')
2026-03-30T18:33:08Z WARNING bsky_collector_v2.job.index_feed_generators: listRecords failed repo=did:plc:c7vwhoji5wa52wqu75g42kma err=HttpError('InvalidRequest: Could not find repo: did:plc:c7vwhoji5wa52wqu75g42kma')
2026-03-30T18:33:10Z WARNING bsky_collector_v2.job.index_feed_generators: listRecords failed repo=did:plc:cob4x3vvswozgqhdncoiwdxr err=HttpError('InvalidRequest: Could not find repo: did:plc:cob4x3vvswozgqhdncoiwdxr')
2026-03-30T18:33:11Z WARNING bsky_collector_v2.job.index_feed_generators: listRecords failed repo=did:plc:dgxwu3k4cfx2tlg2dtodzyhc err=HttpError('InvalidRequest: Could not find repo: did:plc:dgxwu3k4cfx2tlg2dtodzyhc')
2026-03-30T18:33:14Z WARNING bsky_collector_v2.job.index_feed_generators: listRecords failed repo=did:plc:f2we5kxphq5ayr5tqz4jycvx err=HttpError('InvalidRequest: Could not find repo: did:plc:f2we5kxphq5ayr5tqz4jycvx')
2026-03-30T18:33:15Z WARNING bsky_collector_v2.job.index_feed_generators: listRecords failed repo=did:plc:fj4w37elm6ngtckqf6en2nng err=HttpError('InvalidRequest: Could not find repo: did:plc:fj4w37elm6ngtckqf6en2nng')
2026-03-30T18:33:16Z WARNING bsky_collector_v2.job.index_feed_generators: listRecords failed repo=did:plc:fsd26hvou2n6jcpprndtdl2c err=HttpError('InvalidRequest: Could not find repo: did:plc:fsd26hvou2n6jcpprndtdl2c')
2026-03-30T18:33:19Z WARNING bsky_collector_v2.job.index_feed_generators: listRecords failed repo=did:plc:gqtlonlfkv2sz52utr4qg3gi err=HttpError('InvalidRequest: Could not find repo: did:plc:gqtlonlfkv2sz52utr4qg3gi')
2026-03-30T18:33:19Z WARNING bsky_collector_v2.job.index_feed_generators: listRecords failed repo=did:plc:gyryjql3sm5ezdj3zjvqtaj2 err=HttpError('InvalidRequest: Could not find repo: did:plc:gyryjql3sm5ezdj3zjvqtaj2')
2026-03-30T18:33:19Z WARNING bsky_collector_v2.job.index_feed_generators: listRecords failed repo=did:plc:gz6jwwwsfq2gm3bh6hf2z277 err=HttpError('InvalidRequest: Could not find repo: did:plc:gz6jwwwsfq2gm3bh6hf2z277')
2026-03-30T18:33:19Z WARNING bsky_collector_v2.job.index_feed_generators: listRecords failed repo=did:plc:h47smskkvxbg6yvjstz27t6c err=HttpError('InvalidRequest: Could not find repo: did:plc:h47smskkvxbg6yvjstz27t6c')
2026-03-30T18:33:20Z WARNING bsky_collector_v2.job.index_feed_generators: listRecords failed repo=did:plc:h74jdm4zcvv4fu672mbdxvcb err=HttpError('InvalidRequest: Could not find repo: did:plc:h74jdm4zcvv4fu672mbdxvcb')
2026-03-30T18:33:23Z WARNING bsky_collector_v2.job.index_feed_generators: listRecords failed repo=did:plc:ic67bb7s2bzoxy35b5dosxin err=HttpError('InvalidRequest: Could not find repo: did:plc:ic67bb7s2bzoxy35b5dosxin')
2026-03-30T18:33:24Z WARNING bsky_collector_v2.job.index_feed_generators: listRecords failed repo=did:plc:iq7cyhljdqmraqq2itn6r6lw err=HttpError('InvalidRequest: Could not find repo: did:plc:iq7cyhljdqmraqq2itn6r6lw')
2026-03-30T18:33:24Z WARNING bsky_collector_v2.job.index_feed_generators: listRecords failed repo=did:plc:isfvkwi4vtls32marlf4353y err=HttpError('InvalidRequest: Could not find repo: did:plc:isfvkwi4vtls32marlf4353y')
2026-03-30T18:33:30Z WARNING bsky_collector_v2.job.index_feed_generators: listRecords failed repo=did:plc:kkzhd44pmdis6d36t7auvcyv err=HttpError('InvalidRequest: Could not find repo: did:plc:kkzhd44pmdis6d36t7auvcyv')
2026-03-30T18:33:30Z WARNING bsky_collector_v2.job.index_feed_generators: listRecords failed repo=did:plc:kolpar7ldyrou7meaj6w6jvc err=HttpError('InvalidRequest: Could not find repo: did:plc:kolpar7ldyrou7meaj6w6jvc')
2026-03-30T18:33:45Z WARNING bsky_collector_v2.job.index_feed_generators: listRecords failed repo=did:plc:o4hxmszcszzszlq7pxw3ath7 err=HttpError('InvalidRequest: Could not find repo: did:plc:o4hxmszcszzszlq7pxw3ath7')
2026-03-30T18:33:46Z WARNING bsky_collector_v2.job.index_feed_generators: listRecords failed repo=did:plc:oa3gcu5rbeyzb4vuqex6gnsv err=HttpError('InvalidRequest: Could not find repo: did:plc:oa3gcu5rbeyzb4vuqex6gnsv')
2026-03-30T18:33:47Z WARNING bsky_collector_v2.job.index_feed_generators: listRecords failed repo=did:plc:omwgxokdan3vnlyvzbxe3yt2 err=HttpError('InvalidRequest: Could not find repo: did:plc:omwgxokdan3vnlyvzbxe3yt2')
2026-03-30T18:33:52Z WARNING bsky_collector_v2.job.index_feed_generators: listRecords failed repo=did:plc:phwznhvy2bvvml327zs6nhsn err=HttpError('InvalidRequest: Could not find repo: did:plc:phwznhvy2bvvml327zs6nhsn')
2026-03-30T18:34:00Z WARNING bsky_collector_v2.job.index_feed_generators: listRecords failed repo=did:plc:rp7tvgmeawtyc3inh4afxouu err=HttpError('InvalidRequest: Could not find repo: did:plc:rp7tvgmeawtyc3inh4afxouu')
2026-03-30T18:34:00Z WARNING bsky_collector_v2.job.index_feed_generators: listRecords failed repo=did:plc:rtd2prnik4emehegdz7bnbuj err=HttpError('InvalidRequest: Could not find repo: did:plc:rtd2prnik4emehegdz7bnbuj')
2026-03-30T18:34:06Z WARNING bsky_collector_v2.job.index_feed_generators: listRecords failed repo=did:plc:su5iwc32iywxmuyb33ach2v5 err=HttpError('InvalidRequest: Could not find repo: did:plc:su5iwc32iywxmuyb33ach2v5')
2026-03-30T18:34:12Z WARNING bsky_collector_v2.job.index_feed_generators: listRecords failed repo=did:plc:tt4cyg2bced5uxghnynd55aa err=HttpError('InvalidRequest: Could not find repo: did:plc:tt4cyg2bced5uxghnynd55aa')
2026-03-30T18:34:15Z WARNING bsky_collector_v2.job.index_feed_generators: listRecords failed repo=did:plc:usw7tyw27friyosfet7yh4dv err=HttpError('InvalidRequest: Could not find repo: did:plc:usw7tyw27friyosfet7yh4dv')
2026-03-30T18:34:23Z WARNING bsky_collector_v2.job.index_feed_generators: listRecords failed repo=did:plc:wvxmagvtgxgznpwtithzer5w err=HttpError('InvalidRequest: Could not find repo: did:plc:wvxmagvtgxgznpwtithzer5w')
2026-03-30T18:34:27Z WARNING bsky_collector_v2.job.index_feed_generators: listRecords failed repo=did:plc:yamsoyp7qq3hjzq44gx5i7lo err=HttpError('InvalidRequest: Could not find repo: did:plc:yamsoyp7qq3hjzq44gx5i7lo')
2026-03-30T18:34:27Z WARNING bsky_collector_v2.job.index_feed_generators: listRecords failed repo=did:plc:yaz62gelljvfi3m4sgew4coj err=HttpError('InvalidRequest: Could not find repo: did:plc:yaz62gelljvfi3m4sgew4coj')
2026-03-30T18:34:28Z WARNING bsky_collector_v2.job.index_feed_generators: listRecords failed repo=did:plc:yd7jasba2dd43h6xdjn5s5cy err=HttpError('InvalidRequest: Could not find repo: did:plc:yd7jasba2dd43h6xdjn5s5cy')
2026-03-30T18:34:30Z WARNING bsky_collector_v2.job.index_feed_generators: listRecords failed repo=did:plc:zgur55j7yqcbfd3sgu2itmaa err=HttpError('InvalidRequest: Could not find repo: did:plc:zgur55j7yqcbfd3sgu2itmaa')
2026-03-30T18:34:32Z WARNING bsky_collector_v2.job.index_feed_generators: listRecords failed repo=did:plc:2abemghbxo5aguy2swkrixvt err=HttpError('InvalidRequest: Could not find repo: did:plc:2abemghbxo5aguy2swkrixvt')
2026-03-30T18:34:32Z WARNING bsky_collector_v2.job.index_feed_generators: listRecords failed repo=did:plc:2teqsrqzzfngmzoeaznxwta6 err=HttpError('InvalidRequest: Could not find repo: did:plc:2teqsrqzzfngmzoeaznxwta6')
2026-03-30T18:34:32Z WARNING bsky_collector_v2.job.index_feed_generators: listRecords failed repo=did:plc:33kelb4bxmy5pgi3n6phgeci err=HttpError('InvalidRequest: Could not find repo: did:plc:33kelb4bxmy5pgi3n6phgeci')
2026-03-30T18:34:32Z WARNING bsky_collector_v2.job.index_feed_generators: listRecords failed repo=did:plc:3hsl2grnk26yr55nojzh7sgm err=HttpError('InvalidRequest: Could not find repo: did:plc:3hsl2grnk26yr55nojzh7sgm')
2026-03-30T18:34:32Z WARNING bsky_collector_v2.job.index_feed_generators: listRecords failed repo=did:plc:3rpikaosymtplaya7ndzxdrg err=HttpError('InvalidRequest: Could not find repo: did:plc:3rpikaosymtplaya7ndzxdrg')
2026-03-30T18:34:32Z WARNING bsky_collector_v2.job.index_feed_generators: listRecords failed repo=did:plc:55zltya6ezsxhrotwqvyutqb err=HttpError('InvalidRequest: Could not find repo: did:plc:55zltya6ezsxhrotwqvyutqb')
2026-03-30T18:34:32Z WARNING bsky_collector_v2.job.index_feed_generators: listRecords failed repo=did:plc:5xlqjykfopdi3nnbssxl737h err=HttpError('InvalidRequest: Could not find repo: did:plc:5xlqjykfopdi3nnbssxl737h')
2026-03-30T18:34:32Z WARNING bsky_collector_v2.job.index_feed_generators: listRecords failed repo=did:plc:6vcorgcsukhrgxrfcld3dbu2 err=HttpError('InvalidRequest: Could not find repo: did:plc:6vcorgcsukhrgxrfcld3dbu2')
2026-03-30T18:34:32Z WARNING bsky_collector_v2.job.index_feed_generators: listRecords failed repo=did:plc:75d3tyzzdadoqowwc2ea6etf err=HttpError('InvalidRequest: Could not find repo: did:plc:75d3tyzzdadoqowwc2ea6etf')
2026-03-30T18:34:32Z WARNING bsky_collector_v2.job.index_feed_generators: listRecords failed repo=did:plc:7iwzroey6ms5ht4rubbqnxal err=HttpError('InvalidRequest: Could not find repo: did:plc:7iwzroey6ms5ht4rubbqnxal')
2026-03-30T18:34:32Z WARNING bsky_collector_v2.job.index_feed_generators: listRecords failed repo=did:plc:aec5gntdf3yfcgxwo5gjsa2n err=HttpError('InvalidRequest: Could not find repo: did:plc:aec5gntdf3yfcgxwo5gjsa2n')
2026-03-30T18:34:32Z WARNING bsky_collector_v2.job.index_feed_generators: listRecords failed repo=did:plc:c7vwhoji5wa52wqu75g42kma err=HttpError('InvalidRequest: Could not find repo: did:plc:c7vwhoji5wa52wqu75g42kma')
2026-03-30T18:34:32Z WARNING bsky_collector_v2.job.index_feed_generators: listRecords failed repo=did:plc:cob4x3vvswozgqhdncoiwdxr err=HttpError('InvalidRequest: Could not find repo: did:plc:cob4x3vvswozgqhdncoiwdxr')
2026-03-30T18:34:33Z WARNING bsky_collector_v2.job.index_feed_generators: listRecords failed repo=did:plc:dgxwu3k4cfx2tlg2dtodzyhc err=HttpError('InvalidRequest: Could not find repo: did:plc:dgxwu3k4cfx2tlg2dtodzyhc')
2026-03-30T18:34:33Z WARNING bsky_collector_v2.job.index_feed_generators: listRecords failed repo=did:plc:f2we5kxphq5ayr5tqz4jycvx err=HttpError('InvalidRequest: Could not find repo: did:plc:f2we5kxphq5ayr5tqz4jycvx')
2026-03-30T18:34:33Z WARNING bsky_collector_v2.job.index_feed_generators: listRecords failed repo=did:plc:fj4w37elm6ngtckqf6en2nng err=HttpError('InvalidRequest: Could not find repo: did:plc:fj4w37elm6ngtckqf6en2nng')
2026-03-30T18:34:33Z WARNING bsky_collector_v2.job.index_feed_generators: listRecords failed repo=did:plc:fsd26hvou2n6jcpprndtdl2c err=HttpError('InvalidRequest: Could not find repo: did:plc:fsd26hvou2n6jcpprndtdl2c')
2026-03-30T18:34:33Z WARNING bsky_collector_v2.job.index_feed_generators: listRecords failed repo=did:plc:gqtlonlfkv2sz52utr4qg3gi err=HttpError('InvalidRequest: Could not find repo: did:plc:gqtlonlfkv2sz52utr4qg3gi')
2026-03-30T18:34:33Z WARNING bsky_collector_v2.job.index_feed_generators: listRecords failed repo=did:plc:gyryjql3sm5ezdj3zjvqtaj2 err=HttpError('InvalidRequest: Could not find repo: did:plc:gyryjql3sm5ezdj3zjvqtaj2')
2026-03-30T18:34:33Z WARNING bsky_collector_v2.job.index_feed_generators: listRecords failed repo=did:plc:gz6jwwwsfq2gm3bh6hf2z277 err=HttpError('InvalidRequest: Could not find repo: did:plc:gz6jwwwsfq2gm3bh6hf2z277')
2026-03-30T18:34:33Z WARNING bsky_collector_v2.job.index_feed_generators: listRecords failed repo=did:plc:h47smskkvxbg6yvjstz27t6c err=HttpError('InvalidRequest: Could not find repo: did:plc:h47smskkvxbg6yvjstz27t6c')
2026-03-30T18:34:33Z WARNING bsky_collector_v2.job.index_feed_generators: listRecords failed repo=did:plc:h74jdm4zcvv4fu672mbdxvcb err=HttpError('InvalidRequest: Could not find repo: did:plc:h74jdm4zcvv4fu672mbdxvcb')
2026-03-30T18:34:33Z WARNING bsky_collector_v2.job.index_feed_generators: listRecords failed repo=did:plc:ic67bb7s2bzoxy35b5dosxin err=HttpError('InvalidRequest: Could not find repo: did:plc:ic67bb7s2bzoxy35b5dosxin')
2026-03-30T18:34:33Z WARNING bsky_collector_v2.job.index_feed_generators: listRecords failed repo=did:plc:iq7cyhljdqmraqq2itn6r6lw err=HttpError('InvalidRequest: Could not find repo: did:plc:iq7cyhljdqmraqq2itn6r6lw')
2026-03-30T18:34:33Z WARNING bsky_collector_v2.job.index_feed_generators: listRecords failed repo=did:plc:isfvkwi4vtls32marlf4353y err=HttpError('InvalidRequest: Could not find repo: did:plc:isfvkwi4vtls32marlf4353y')
2026-03-30T18:34:33Z WARNING bsky_collector_v2.job.index_feed_generators: listRecords failed repo=did:plc:kkzhd44pmdis6d36t7auvcyv err=HttpError('InvalidRequest: Could not find repo: did:plc:kkzhd44pmdis6d36t7auvcyv')
2026-03-30T18:34:33Z WARNING bsky_collector_v2.job.index_feed_generators: listRecords failed repo=did:plc:kolpar7ldyrou7meaj6w6jvc err=HttpError('InvalidRequest: Could not find repo: did:plc:kolpar7ldyrou7meaj6w6jvc')
2026-03-30T18:34:34Z WARNING bsky_collector_v2.job.index_feed_generators: listRecords failed repo=did:plc:o4hxmszcszzszlq7pxw3ath7 err=HttpError('InvalidRequest: Could not find repo: did:plc:o4hxmszcszzszlq7pxw3ath7')
2026-03-30T18:34:34Z WARNING bsky_collector_v2.job.index_feed_generators: listRecords failed repo=did:plc:oa3gcu5rbeyzb4vuqex6gnsv err=HttpError('InvalidRequest: Could not find repo: did:plc:oa3gcu5rbeyzb4vuqex6gnsv')
2026-03-30T18:34:34Z WARNING bsky_collector_v2.job.index_feed_generators: listRecords failed repo=did:plc:omwgxokdan3vnlyvzbxe3yt2 err=HttpError('InvalidRequest: Could not find repo: did:plc:omwgxokdan3vnlyvzbxe3yt2')
2026-03-30T18:34:34Z WARNING bsky_collector_v2.job.index_feed_generators: listRecords failed repo=did:plc:phwznhvy2bvvml327zs6nhsn err=HttpError('InvalidRequest: Could not find repo: did:plc:phwznhvy2bvvml327zs6nhsn')
2026-03-30T18:34:34Z WARNING bsky_collector_v2.job.index_feed_generators: listRecords failed repo=did:plc:rp7tvgmeawtyc3inh4afxouu err=HttpError('InvalidRequest: Could not find repo: did:plc:rp7tvgmeawtyc3inh4afxouu')
2026-03-30T18:34:34Z WARNING bsky_collector_v2.job.index_feed_generators: listRecords failed repo=did:plc:rtd2prnik4emehegdz7bnbuj err=HttpError('InvalidRequest: Could not find repo: did:plc:rtd2prnik4emehegdz7bnbuj')
2026-03-30T18:34:34Z WARNING bsky_collector_v2.job.index_feed_generators: listRecords failed repo=did:plc:su5iwc32iywxmuyb33ach2v5 err=HttpError('InvalidRequest: Could not find repo: did:plc:su5iwc32iywxmuyb33ach2v5')
2026-03-30T18:34:34Z WARNING bsky_collector_v2.job.index_feed_generators: listRecords failed repo=did:plc:tt4cyg2bced5uxghnynd55aa err=HttpError('InvalidRequest: Could not find repo: did:plc:tt4cyg2bced5uxghnynd55aa')
2026-03-30T18:34:34Z WARNING bsky_collector_v2.job.index_feed_generators: listRecords failed repo=did:plc:usw7tyw27friyosfet7yh4dv err=HttpError('InvalidRequest: Could not find repo: did:plc:usw7tyw27friyosfet7yh4dv')
2026-03-30T18:34:34Z WARNING bsky_collector_v2.job.index_feed_generators: listRecords failed repo=did:plc:wvxmagvtgxgznpwtithzer5w err=HttpError('InvalidRequest: Could not find repo: did:plc:wvxmagvtgxgznpwtithzer5w')
2026-03-30T18:34:34Z WARNING bsky_collector_v2.job.index_feed_generators: listRecords failed repo=did:plc:yamsoyp7qq3hjzq44gx5i7lo err=HttpError('InvalidRequest: Could not find repo: did:plc:yamsoyp7qq3hjzq44gx5i7lo')
2026-03-30T18:34:34Z WARNING bsky_collector_v2.job.index_feed_generators: listRecords failed repo=did:plc:yaz62gelljvfi3m4sgew4coj err=HttpError('InvalidRequest: Could not find repo: did:plc:yaz62gelljvfi3m4sgew4coj')
2026-03-30T18:34:34Z WARNING bsky_collector_v2.job.index_feed_generators: listRecords failed repo=did:plc:yd7jasba2dd43h6xdjn5s5cy err=HttpError('InvalidRequest: Could not find repo: did:plc:yd7jasba2dd43h6xdjn5s5cy')
2026-03-30T18:34:34Z WARNING bsky_collector_v2.job.index_feed_generators: listRecords failed repo=did:plc:zgur55j7yqcbfd3sgu2itmaa err=HttpError('InvalidRequest: Could not find repo: did:plc:zgur55j7yqcbfd3sgu2itmaa')
2026-03-30T18:34:34Z WARNING bsky_collector_v2.job.index_feed_generators: listRecords failed repo=did:plc:2abemghbxo5aguy2swkrixvt err=HttpError('InvalidRequest: Could not find repo: did:plc:2abemghbxo5aguy2swkrixvt')
2026-03-30T18:34:34Z WARNING bsky_collector_v2.job.index_feed_generators: listRecords failed repo=did:plc:2teqsrqzzfngmzoeaznxwta6 err=HttpError('InvalidRequest: Could not find repo: did:plc:2teqsrqzzfngmzoeaznxwta6')
2026-03-30T18:34:35Z WARNING bsky_collector_v2.job.index_feed_generators: listRecords failed repo=did:plc:33kelb4bxmy5pgi3n6phgeci err=HttpError('InvalidRequest: Could not find repo: did:plc:33kelb4bxmy5pgi3n6phgeci')
2026-03-30T18:34:35Z WARNING bsky_collector_v2.job.index_feed_generators: listRecords failed repo=did:plc:3hsl2grnk26yr55nojzh7sgm err=HttpError('InvalidRequest: Could not find repo: did:plc:3hsl2grnk26yr55nojzh7sgm')
2026-03-30T18:34:35Z WARNING bsky_collector_v2.job.index_feed_generators: listRecords failed repo=did:plc:3rpikaosymtplaya7ndzxdrg err=HttpError('InvalidRequest: Could not find repo: did:plc:3rpikaosymtplaya7ndzxdrg')
2026-03-30T18:34:35Z WARNING bsky_collector_v2.job.index_feed_generators: listRecords failed repo=did:plc:55zltya6ezsxhrotwqvyutqb err=HttpError('InvalidRequest: Could not find repo: did:plc:55zltya6ezsxhrotwqvyutqb')
2026-03-30T18:34:35Z WARNING bsky_collector_v2.job.index_feed_generators: listRecords failed repo=did:plc:5xlqjykfopdi3nnbssxl737h err=HttpError('InvalidRequest: Could not find repo: did:plc:5xlqjykfopdi3nnbssxl737h')
2026-03-30T18:34:35Z WARNING bsky_collector_v2.job.index_feed_generators: listRecords failed repo=did:plc:6vcorgcsukhrgxrfcld3dbu2 err=HttpError('InvalidRequest: Could not find repo: did:plc:6vcorgcsukhrgxrfcld3dbu2')
2026-03-30T18:34:35Z WARNING bsky_collector_v2.job.index_feed_generators: listRecords failed repo=did:plc:75d3tyzzdadoqowwc2ea6etf err=HttpError('InvalidRequest: Could not find repo: did:plc:75d3tyzzdadoqowwc2ea6etf')
2026-03-30T18:34:35Z WARNING bsky_collector_v2.job.index_feed_generators: listRecords failed repo=did:plc:7iwzroey6ms5ht4rubbqnxal err=HttpError('InvalidRequest: Could not find repo: did:plc:7iwzroey6ms5ht4rubbqnxal')
2026-03-30T18:34:35Z WARNING bsky_collector_v2.job.index_feed_generators: listRecords failed repo=did:plc:aec5gntdf3yfcgxwo5gjsa2n err=HttpError('InvalidRequest: Could not find repo: did:plc:aec5gntdf3yfcgxwo5gjsa2n')
2026-03-30T18:34:35Z WARNING bsky_collector_v2.job.index_feed_generators: listRecords failed repo=did:plc:c7vwhoji5wa52wqu75g42kma err=HttpError('InvalidRequest: Could not find repo: did:plc:c7vwhoji5wa52wqu75g42kma')
2026-03-30T18:34:35Z WARNING bsky_collector_v2.job.index_feed_generators: listRecords failed repo=did:plc:cob4x3vvswozgqhdncoiwdxr err=HttpError('InvalidRequest: Could not find repo: did:plc:cob4x3vvswozgqhdncoiwdxr')
2026-03-30T18:34:35Z WARNING bsky_collector_v2.job.index_feed_generators: listRecords failed repo=did:plc:dgxwu3k4cfx2tlg2dtodzyhc err=HttpError('InvalidRequest: Could not find repo: did:plc:dgxwu3k4cfx2tlg2dtodzyhc')
2026-03-30T18:34:35Z WARNING bsky_collector_v2.job.index_feed_generators: listRecords failed repo=did:plc:f2we5kxphq5ayr5tqz4jycvx err=HttpError('InvalidRequest: Could not find repo: did:plc:f2we5kxphq5ayr5tqz4jycvx')
2026-03-30T18:34:35Z WARNING bsky_collector_v2.job.index_feed_generators: listRecords failed repo=did:plc:fj4w37elm6ngtckqf6en2nng err=HttpError('InvalidRequest: Could not find repo: did:plc:fj4w37elm6ngtckqf6en2nng')
2026-03-30T18:34:35Z WARNING bsky_collector_v2.job.index_feed_generators: listRecords failed repo=did:plc:fsd26hvou2n6jcpprndtdl2c err=HttpError('InvalidRequest: Could not find repo: did:plc:fsd26hvou2n6jcpprndtdl2c')
2026-03-30T18:34:35Z WARNING bsky_collector_v2.job.index_feed_generators: listRecords failed repo=did:plc:gqtlonlfkv2sz52utr4qg3gi err=HttpError('InvalidRequest: Could not find repo: did:plc:gqtlonlfkv2sz52utr4qg3gi')
2026-03-30T18:34:35Z WARNING bsky_collector_v2.job.index_feed_generators: listRecords failed repo=did:plc:gyryjql3sm5ezdj3zjvqtaj2 err=HttpError('InvalidRequest: Could not find repo: did:plc:gyryjql3sm5ezdj3zjvqtaj2')
2026-03-30T18:34:36Z WARNING bsky_collector_v2.job.index_feed_generators: listRecords failed repo=did:plc:gz6jwwwsfq2gm3bh6hf2z277 err=HttpError('InvalidRequest: Could not find repo: did:plc:gz6jwwwsfq2gm3bh6hf2z277')
2026-03-30T18:34:36Z WARNING bsky_collector_v2.job.index_feed_generators: listRecords failed repo=did:plc:h47smskkvxbg6yvjstz27t6c err=HttpError('InvalidRequest: Could not find repo: did:plc:h47smskkvxbg6yvjstz27t6c')
2026-03-30T18:34:36Z WARNING bsky_collector_v2.job.index_feed_generators: listRecords failed repo=did:plc:h74jdm4zcvv4fu672mbdxvcb err=HttpError('InvalidRequest: Could not find repo: did:plc:h74jdm4zcvv4fu672mbdxvcb')
2026-03-30T18:34:36Z WARNING bsky_collector_v2.job.index_feed_generators: listRecords failed repo=did:plc:ic67bb7s2bzoxy35b5dosxin err=HttpError('InvalidRequest: Could not find repo: did:plc:ic67bb7s2bzoxy35b5dosxin')
2026-03-30T18:34:36Z WARNING bsky_collector_v2.job.index_feed_generators: listRecords failed repo=did:plc:iq7cyhljdqmraqq2itn6r6lw err=HttpError('InvalidRequest: Could not find repo: did:plc:iq7cyhljdqmraqq2itn6r6lw')
2026-03-30T18:34:36Z WARNING bsky_collector_v2.job.index_feed_generators: listRecords failed repo=did:plc:isfvkwi4vtls32marlf4353y err=HttpError('InvalidRequest: Could not find repo: did:plc:isfvkwi4vtls32marlf4353y')
2026-03-30T18:34:36Z WARNING bsky_collector_v2.job.index_feed_generators: listRecords failed repo=did:plc:kkzhd44pmdis6d36t7auvcyv err=HttpError('InvalidRequest: Could not find repo: did:plc:kkzhd44pmdis6d36t7auvcyv')
2026-03-30T18:34:36Z WARNING bsky_collector_v2.job.index_feed_generators: listRecords failed repo=did:plc:kolpar7ldyrou7meaj6w6jvc err=HttpError('InvalidRequest: Could not find repo: did:plc:kolpar7ldyrou7meaj6w6jvc')
2026-03-30T18:34:36Z WARNING bsky_collector_v2.job.index_feed_generators: listRecords failed repo=did:plc:o4hxmszcszzszlq7pxw3ath7 err=HttpError('InvalidRequest: Could not find repo: did:plc:o4hxmszcszzszlq7pxw3ath7')
2026-03-30T18:34:36Z WARNING bsky_collector_v2.job.index_feed_generators: listRecords failed repo=did:plc:oa3gcu5rbeyzb4vuqex6gnsv err=HttpError('InvalidRequest: Could not find repo: did:plc:oa3gcu5rbeyzb4vuqex6gnsv')
2026-03-30T18:34:36Z WARNING bsky_collector_v2.job.index_feed_generators: listRecords failed repo=did:plc:omwgxokdan3vnlyvzbxe3yt2 err=HttpError('InvalidRequest: Could not find repo: did:plc:omwgxokdan3vnlyvzbxe3yt2')
2026-03-30T18:34:36Z WARNING bsky_collector_v2.job.index_feed_generators: listRecords failed repo=did:plc:phwznhvy2bvvml327zs6nhsn err=HttpError('InvalidRequest: Could not find repo: did:plc:phwznhvy2bvvml327zs6nhsn')
2026-03-30T18:34:36Z WARNING bsky_collector_v2.job.index_feed_generators: listRecords failed repo=did:plc:rp7tvgmeawtyc3inh4afxouu err=HttpError('InvalidRequest: Could not find repo: did:plc:rp7tvgmeawtyc3inh4afxouu')
2026-03-30T18:34:36Z WARNING bsky_collector_v2.job.index_feed_generators: listRecords failed repo=did:plc:rtd2prnik4emehegdz7bnbuj err=HttpError('InvalidRequest: Could not find repo: did:plc:rtd2prnik4emehegdz7bnbuj')
2026-03-30T18:34:36Z WARNING bsky_collector_v2.job.index_feed_generators: listRecords failed repo=did:plc:su5iwc32iywxmuyb33ach2v5 err=HttpError('InvalidRequest: Could not find repo: did:plc:su5iwc32iywxmuyb33ach2v5')
2026-03-30T18:34:36Z WARNING bsky_collector_v2.job.index_feed_generators: listRecords failed repo=did:plc:tt4cyg2bced5uxghnynd55aa err=HttpError('InvalidRequest: Could not find repo: did:plc:tt4cyg2bced5uxghnynd55aa')
2026-03-30T18:34:36Z WARNING bsky_collector_v2.job.index_feed_generators: listRecords failed repo=did:plc:usw7tyw27friyosfet7yh4dv err=HttpError('InvalidRequest: Could not find repo: did:plc:usw7tyw27friyosfet7yh4dv')
2026-03-30T18:34:36Z WARNING bsky_collector_v2.job.index_feed_generators: listRecords failed repo=did:plc:wvxmagvtgxgznpwtithzer5w err=HttpError('InvalidRequest: Could not find repo: did:plc:wvxmagvtgxgznpwtithzer5w')
2026-03-30T18:34:37Z WARNING bsky_collector_v2.job.index_feed_generators: listRecords failed repo=did:plc:yamsoyp7qq3hjzq44gx5i7lo err=HttpError('InvalidRequest: Could not find repo: did:plc:yamsoyp7qq3hjzq44gx5i7lo')
2026-03-30T18:34:37Z WARNING bsky_collector_v2.job.index_feed_generators: listRecords failed repo=did:plc:yaz62gelljvfi3m4sgew4coj err=HttpError('InvalidRequest: Could not find repo: did:plc:yaz62gelljvfi3m4sgew4coj')
2026-03-30T18:34:37Z WARNING bsky_collector_v2.job.index_feed_generators: listRecords failed repo=did:plc:yd7jasba2dd43h6xdjn5s5cy err=HttpError('InvalidRequest: Could not find repo: did:plc:yd7jasba2dd43h6xdjn5s5cy')
2026-03-30T18:34:37Z WARNING bsky_collector_v2.job.index_feed_generators: listRecords failed repo=did:plc:zgur55j7yqcbfd3sgu2itmaa err=HttpError('InvalidRequest: Could not find repo: did:plc:zgur55j7yqcbfd3sgu2itmaa')
2026-03-30T18:34:37Z INFO bsky_collector_v2.job.index_feed_generators: enqueued repos page=6 mode=listRepos inserted=500 repos_returned=500 next_cursor=set
2026-03-30T18:34:41Z WARNING bsky_collector_v2.job.index_feed_generators: listRecords failed repo=did:plc:2x6hw4es7yx2jrtrtfineipx err=HttpError('InvalidRequest: Could not find repo: did:plc:2x6hw4es7yx2jrtrtfineipx')
2026-03-30T18:34:41Z WARNING bsky_collector_v2.job.index_feed_generators: listRecords failed repo=did:plc:2z2fpwpduan3cdtqx3g3q4v2 err=HttpError('InvalidRequest: Could not find repo: did:plc:2z2fpwpduan3cdtqx3g3q4v2')
2026-03-30T18:34:46Z WARNING bsky_collector_v2.job.index_feed_generators: listRecords failed repo=did:plc:4n33gzdchmc4e6rn6nkbo7wh err=HttpError('InvalidRequest: Could not find repo: did:plc:4n33gzdchmc4e6rn6nkbo7wh')
2026-03-30T18:34:47Z WARNING bsky_collector_v2.job.index_feed_generators: listRecords failed repo=did:plc:4zanfa3je7eyp2kkckixtlk2 err=HttpError('InvalidRequest: Could not find repo: did:plc:4zanfa3je7eyp2kkckixtlk2')
2026-03-30T18:34:50Z WARNING bsky_collector_v2.job.index_feed_generators: listRecords failed repo=did:plc:7ayx2bvk3trsbs63b6lrey7p err=HttpError('InvalidRequest: Could not find repo: did:plc:7ayx2bvk3trsbs63b6lrey7p')
2026-03-30T18:34:52Z WARNING bsky_collector_v2.job.index_feed_generators: listRecords failed repo=did:plc:ac65dd4argkhayd2pseutvxe err=HttpError('InvalidRequest: Could not find repo: did:plc:ac65dd4argkhayd2pseutvxe')
2026-03-30T18:34:59Z WARNING bsky_collector_v2.job.index_feed_generators: listRecords failed repo=did:plc:cqqxozdvts7lbvajury6h3uq err=HttpError('InvalidRequest: Could not find repo: did:plc:cqqxozdvts7lbvajury6h3uq')
2026-03-30T18:35:02Z WARNING bsky_collector_v2.job.index_feed_generators: listRecords failed repo=did:plc:dln3cmbwu3h5v7e6q5jfrcw6 err=HttpError('InvalidRequest: Could not find repo: did:plc:dln3cmbwu3h5v7e6q5jfrcw6')
2026-03-30T18:35:02Z WARNING bsky_collector_v2.job.index_feed_generators: listRecords failed repo=did:plc:dpgkpst5a3lhlu44i3sxf2jq err=HttpError('InvalidRequest: Could not find repo: did:plc:dpgkpst5a3lhlu44i3sxf2jq')
2026-03-30T18:35:03Z WARNING bsky_collector_v2.job.index_feed_generators: listRecords failed repo=did:plc:edhmhfv6llbeb7c47tdcbxvz err=HttpError('InvalidRequest: Could not find repo: did:plc:edhmhfv6llbeb7c47tdcbxvz')
2026-03-30T18:35:05Z WARNING bsky_collector_v2.job.index_feed_generators: listRecords failed repo=did:plc:evf7xi7qa6lpeogwl63dk4nv err=HttpError('InvalidRequest: Could not find repo: did:plc:evf7xi7qa6lpeogwl63dk4nv')
2026-03-30T18:35:11Z WARNING bsky_collector_v2.job.index_feed_generators: listRecords failed repo=did:plc:gs3ft2tw2ytchwpm5opng3gk err=HttpError('InvalidRequest: Could not find repo: did:plc:gs3ft2tw2ytchwpm5opng3gk')
2026-03-30T18:35:13Z WARNING bsky_collector_v2.job.index_feed_generators: listRecords failed repo=did:plc:hbqukpdkjfngnaj3fecurkyp err=HttpError('InvalidRequest: Could not find repo: did:plc:hbqukpdkjfngnaj3fecurkyp')
2026-03-30T18:35:15Z WARNING bsky_collector_v2.job.index_feed_generators: listRecords failed repo=did:plc:hrjnxic4zdhj5lsv53mohvch err=HttpError('InvalidRequest: Could not find repo: did:plc:hrjnxic4zdhj5lsv53mohvch')
2026-03-30T18:35:16Z WARNING bsky_collector_v2.job.index_feed_generators: listRecords failed repo=did:plc:i6xh7lwhqzqew2tnt4ittsb6 err=HttpError('InvalidRequest: Could not find repo: did:plc:i6xh7lwhqzqew2tnt4ittsb6')
2026-03-30T18:35:18Z WARNING bsky_collector_v2.job.index_feed_generators: listRecords failed repo=did:plc:it26ty6or56y72rky4gdncc6 err=HttpError('InvalidRequest: Could not find repo: did:plc:it26ty6or56y72rky4gdncc6')
2026-03-30T18:35:19Z WARNING bsky_collector_v2.job.index_feed_generators: listRecords failed repo=did:plc:jcykregsqtmgka4ntv62uxqi err=HttpError('InvalidRequest: Could not find repo: did:plc:jcykregsqtmgka4ntv62uxqi')
2026-03-30T18:35:23Z WARNING bsky_collector_v2.job.index_feed_generators: listRecords failed repo=did:plc:kk373734325qcco5r7sxvzcx err=HttpError('InvalidRequest: Could not find repo: did:plc:kk373734325qcco5r7sxvzcx')
2026-03-30T18:35:27Z WARNING bsky_collector_v2.job.index_feed_generators: listRecords failed repo=did:plc:lykyaczfqxafv4r7w7zcnv5x err=HttpError('InvalidRequest: Could not find repo: did:plc:lykyaczfqxafv4r7w7zcnv5x')
2026-03-30T18:35:28Z WARNING bsky_collector_v2.job.index_feed_generators: listRecords failed repo=did:plc:mggwha35wdhhg4ixcbcfdyuh err=HttpError('InvalidRequest: Could not find repo: did:plc:mggwha35wdhhg4ixcbcfdyuh')
2026-03-30T18:35:36Z WARNING bsky_collector_v2.job.index_feed_generators: listRecords failed repo=did:plc:q5nayawzjpn34u3mnebsvcy7 err=HttpError('InvalidRequest: Could not find repo: did:plc:q5nayawzjpn34u3mnebsvcy7')
2026-03-30T18:35:36Z WARNING bsky_collector_v2.job.index_feed_generators: listRecords failed repo=did:plc:qd4wgzlkqqkx3hckgz2ilwqo err=HttpError('InvalidRequest: Could not find repo: did:plc:qd4wgzlkqqkx3hckgz2ilwqo')
2026-03-30T18:35:38Z WARNING bsky_collector_v2.job.index_feed_generators: listRecords failed repo=did:plc:qr6d7odqmf43nd5vzooelypr err=HttpError('InvalidRequest: Could not find repo: did:plc:qr6d7odqmf43nd5vzooelypr')
2026-03-30T18:35:41Z WARNING bsky_collector_v2.job.index_feed_generators: listRecords failed repo=did:plc:rvyc65qf7hwyo5vhopu2ufxh err=HttpError('InvalidRequest: Could not find repo: did:plc:rvyc65qf7hwyo5vhopu2ufxh')
2026-03-30T18:35:42Z WARNING bsky_collector_v2.job.index_feed_generators: listRecords failed repo=did:plc:sa3cjj4wanoagt4acgagbt3z err=HttpError('InvalidRequest: Could not find repo: did:plc:sa3cjj4wanoagt4acgagbt3z')
2026-03-30T18:35:43Z WARNING bsky_collector_v2.job.index_feed_generators: listRecords failed repo=did:plc:slz5d6tyaicxfh2ysz7bxnkz err=HttpError('InvalidRequest: Could not find repo: did:plc:slz5d6tyaicxfh2ysz7bxnkz')
2026-03-30T18:35:44Z WARNING bsky_collector_v2.job.index_feed_generators: listRecords failed repo=did:plc:svseca4qkwf5klwicx2ccpfu err=HttpError('InvalidRequest: Could not find repo: did:plc:svseca4qkwf5klwicx2ccpfu')
2026-03-30T18:35:46Z WARNING bsky_collector_v2.job.index_feed_generators: listRecords failed repo=did:plc:u3u3s5m2i3qsnx52wyc4orcd err=HttpError('InvalidRequest: Could not find repo: did:plc:u3u3s5m2i3qsnx52wyc4orcd')
2026-03-30T18:35:49Z WARNING bsky_collector_v2.job.index_feed_generators: listRecords failed repo=did:plc:w4xhsgmlt2nar5ptf2axxtsv err=HttpError('InvalidRequest: Could not find repo: did:plc:w4xhsgmlt2nar5ptf2axxtsv')
2026-03-30T18:35:53Z WARNING bsky_collector_v2.job.index_feed_generators: listRecords failed repo=did:plc:yhzhzsz77qrxgt5mg3qkpwd5 err=HttpError('InvalidRequest: Could not find repo: did:plc:yhzhzsz77qrxgt5mg3qkpwd5')
2026-03-30T18:35:54Z WARNING bsky_collector_v2.job.index_feed_generators: listRecords failed repo=did:plc:yjramd24z3sf6fnh65nlitiu err=HttpError('InvalidRequest: Could not find repo: did:plc:yjramd24z3sf6fnh65nlitiu')
2026-03-30T18:35:54Z WARNING bsky_collector_v2.job.index_feed_generators: listRecords failed repo=did:plc:yuo2nhh3c5vm6gqpin525fj5 err=HttpError('InvalidRequest: Could not find repo: did:plc:yuo2nhh3c5vm6gqpin525fj5')
2026-03-30T18:35:55Z WARNING bsky_collector_v2.job.index_feed_generators: listRecords failed repo=did:plc:ywgfpzvhd3gzyfrrygzeubvd err=HttpError('InvalidRequest: Could not find repo: did:plc:ywgfpzvhd3gzyfrrygzeubvd')
2026-03-30T18:35:56Z WARNING bsky_collector_v2.job.index_feed_generators: listRecords failed repo=did:plc:ze2xfblkx3cntypwikmon3ux err=HttpError('InvalidRequest: Could not find repo: did:plc:ze2xfblkx3cntypwikmon3ux')
2026-03-30T18:35:59Z WARNING bsky_collector_v2.job.index_feed_generators: listRecords failed repo=did:plc:2x6hw4es7yx2jrtrtfineipx err=HttpError('InvalidRequest: Could not find repo: did:plc:2x6hw4es7yx2jrtrtfineipx')
2026-03-30T18:35:59Z WARNING bsky_collector_v2.job.index_feed_generators: listRecords failed repo=did:plc:2z2fpwpduan3cdtqx3g3q4v2 err=HttpError('InvalidRequest: Could not find repo: did:plc:2z2fpwpduan3cdtqx3g3q4v2')
2026-03-30T18:35:59Z WARNING bsky_collector_v2.job.index_feed_generators: listRecords failed repo=did:plc:4n33gzdchmc4e6rn6nkbo7wh err=HttpError('InvalidRequest: Could not find repo: did:plc:4n33gzdchmc4e6rn6nkbo7wh')
2026-03-30T18:35:59Z WARNING bsky_collector_v2.job.index_feed_generators: listRecords failed repo=did:plc:4zanfa3je7eyp2kkckixtlk2 err=HttpError('InvalidRequest: Could not find repo: did:plc:4zanfa3je7eyp2kkckixtlk2')
2026-03-30T18:35:59Z WARNING bsky_collector_v2.job.index_feed_generators: listRecords failed repo=did:plc:7ayx2bvk3trsbs63b6lrey7p err=HttpError('InvalidRequest: Could not find repo: did:plc:7ayx2bvk3trsbs63b6lrey7p')
2026-03-30T18:35:59Z WARNING bsky_collector_v2.job.index_feed_generators: listRecords failed repo=did:plc:ac65dd4argkhayd2pseutvxe err=HttpError('InvalidRequest: Could not find repo: did:plc:ac65dd4argkhayd2pseutvxe')
2026-03-30T18:35:59Z WARNING bsky_collector_v2.job.index_feed_generators: listRecords failed repo=did:plc:cqqxozdvts7lbvajury6h3uq err=HttpError('InvalidRequest: Could not find repo: did:plc:cqqxozdvts7lbvajury6h3uq')
2026-03-30T18:35:59Z WARNING bsky_collector_v2.job.index_feed_generators: listRecords failed repo=did:plc:dln3cmbwu3h5v7e6q5jfrcw6 err=HttpError('InvalidRequest: Could not find repo: did:plc:dln3cmbwu3h5v7e6q5jfrcw6')
2026-03-30T18:35:59Z WARNING bsky_collector_v2.job.index_feed_generators: listRecords failed repo=did:plc:dpgkpst5a3lhlu44i3sxf2jq err=HttpError('InvalidRequest: Could not find repo: did:plc:dpgkpst5a3lhlu44i3sxf2jq')
2026-03-30T18:35:59Z WARNING bsky_collector_v2.job.index_feed_generators: listRecords failed repo=did:plc:edhmhfv6llbeb7c47tdcbxvz err=HttpError('InvalidRequest: Could not find repo: did:plc:edhmhfv6llbeb7c47tdcbxvz')
2026-03-30T18:36:00Z WARNING bsky_collector_v2.job.index_feed_generators: listRecords failed repo=did:plc:evf7xi7qa6lpeogwl63dk4nv err=HttpError('InvalidRequest: Could not find repo: did:plc:evf7xi7qa6lpeogwl63dk4nv')
2026-03-30T18:36:00Z WARNING bsky_collector_v2.job.index_feed_generators: listRecords failed repo=did:plc:gs3ft2tw2ytchwpm5opng3gk err=HttpError('InvalidRequest: Could not find repo: did:plc:gs3ft2tw2ytchwpm5opng3gk')
2026-03-30T18:36:00Z WARNING bsky_collector_v2.job.index_feed_generators: listRecords failed repo=did:plc:hbqukpdkjfngnaj3fecurkyp err=HttpError('InvalidRequest: Could not find repo: did:plc:hbqukpdkjfngnaj3fecurkyp')
2026-03-30T18:36:00Z WARNING bsky_collector_v2.job.index_feed_generators: listRecords failed repo=did:plc:hrjnxic4zdhj5lsv53mohvch err=HttpError('InvalidRequest: Could not find repo: did:plc:hrjnxic4zdhj5lsv53mohvch')
2026-03-30T18:36:00Z WARNING bsky_collector_v2.job.index_feed_generators: listRecords failed repo=did:plc:i6xh7lwhqzqew2tnt4ittsb6 err=HttpError('InvalidRequest: Could not find repo: did:plc:i6xh7lwhqzqew2tnt4ittsb6')
2026-03-30T18:36:00Z WARNING bsky_collector_v2.job.index_feed_generators: listRecords failed repo=did:plc:it26ty6or56y72rky4gdncc6 err=HttpError('InvalidRequest: Could not find repo: did:plc:it26ty6or56y72rky4gdncc6')
2026-03-30T18:36:00Z WARNING bsky_collector_v2.job.index_feed_generators: listRecords failed repo=did:plc:jcykregsqtmgka4ntv62uxqi err=HttpError('InvalidRequest: Could not find repo: did:plc:jcykregsqtmgka4ntv62uxqi')
2026-03-30T18:36:00Z WARNING bsky_collector_v2.job.index_feed_generators: listRecords failed repo=did:plc:kk373734325qcco5r7sxvzcx err=HttpError('InvalidRequest: Could not find repo: did:plc:kk373734325qcco5r7sxvzcx')
2026-03-30T18:36:00Z WARNING bsky_collector_v2.job.index_feed_generators: listRecords failed repo=did:plc:lykyaczfqxafv4r7w7zcnv5x err=HttpError('InvalidRequest: Could not find repo: did:plc:lykyaczfqxafv4r7w7zcnv5x')
2026-03-30T18:36:00Z WARNING bsky_collector_v2.job.index_feed_generators: listRecords failed repo=did:plc:mggwha35wdhhg4ixcbcfdyuh err=HttpError('InvalidRequest: Could not find repo: did:plc:mggwha35wdhhg4ixcbcfdyuh')
2026-03-30T18:36:00Z WARNING bsky_collector_v2.job.index_feed_generators: listRecords failed repo=did:plc:q5nayawzjpn34u3mnebsvcy7 err=HttpError('InvalidRequest: Could not find repo: did:plc:q5nayawzjpn34u3mnebsvcy7')
2026-03-30T18:36:00Z WARNING bsky_collector_v2.job.index_feed_generators: listRecords failed repo=did:plc:qd4wgzlkqqkx3hckgz2ilwqo err=HttpError('InvalidRequest: Could not find repo: did:plc:qd4wgzlkqqkx3hckgz2ilwqo')
2026-03-30T18:36:00Z WARNING bsky_collector_v2.job.index_feed_generators: listRecords failed repo=did:plc:qr6d7odqmf43nd5vzooelypr err=HttpError('InvalidRequest: Could not find repo: did:plc:qr6d7odqmf43nd5vzooelypr')
2026-03-30T18:36:00Z WARNING bsky_collector_v2.job.index_feed_generators: listRecords failed repo=did:plc:rvyc65qf7hwyo5vhopu2ufxh err=HttpError('InvalidRequest: Could not find repo: did:plc:rvyc65qf7hwyo5vhopu2ufxh')
2026-03-30T18:36:00Z WARNING bsky_collector_v2.job.index_feed_generators: listRecords failed repo=did:plc:sa3cjj4wanoagt4acgagbt3z err=HttpError('InvalidRequest: Could not find repo: did:plc:sa3cjj4wanoagt4acgagbt3z')
2026-03-30T18:36:00Z WARNING bsky_collector_v2.job.index_feed_generators: listRecords failed repo=did:plc:slz5d6tyaicxfh2ysz7bxnkz err=HttpError('InvalidRequest: Could not find repo: did:plc:slz5d6tyaicxfh2ysz7bxnkz')
2026-03-30T18:36:00Z WARNING bsky_collector_v2.job.index_feed_generators: listRecords failed repo=did:plc:svseca4qkwf5klwicx2ccpfu err=HttpError('InvalidRequest: Could not find repo: did:plc:svseca4qkwf5klwicx2ccpfu')
2026-03-30T18:36:00Z WARNING bsky_collector_v2.job.index_feed_generators: listRecords failed repo=did:plc:u3u3s5m2i3qsnx52wyc4orcd err=HttpError('InvalidRequest: Could not find repo: did:plc:u3u3s5m2i3qsnx52wyc4orcd')
2026-03-30T18:36:00Z WARNING bsky_collector_v2.job.index_feed_generators: listRecords failed repo=did:plc:w4xhsgmlt2nar5ptf2axxtsv err=HttpError('InvalidRequest: Could not find repo: did:plc:w4xhsgmlt2nar5ptf2axxtsv')
2026-03-30T18:36:01Z WARNING bsky_collector_v2.job.index_feed_generators: listRecords failed repo=did:plc:yhzhzsz77qrxgt5mg3qkpwd5 err=HttpError('InvalidRequest: Could not find repo: did:plc:yhzhzsz77qrxgt5mg3qkpwd5')
2026-03-30T18:36:01Z WARNING bsky_collector_v2.job.index_feed_generators: listRecords failed repo=did:plc:yjramd24z3sf6fnh65nlitiu err=HttpError('InvalidRequest: Could not find repo: did:plc:yjramd24z3sf6fnh65nlitiu')
2026-03-30T18:36:01Z WARNING bsky_collector_v2.job.index_feed_generators: listRecords failed repo=did:plc:yuo2nhh3c5vm6gqpin525fj5 err=HttpError('InvalidRequest: Could not find repo: did:plc:yuo2nhh3c5vm6gqpin525fj5')
2026-03-30T18:36:01Z WARNING bsky_collector_v2.job.index_feed_generators: listRecords failed repo=did:plc:ywgfpzvhd3gzyfrrygzeubvd err=HttpError('InvalidRequest: Could not find repo: did:plc:ywgfpzvhd3gzyfrrygzeubvd')
2026-03-30T18:36:01Z WARNING bsky_collector_v2.job.index_feed_generators: listRecords failed repo=did:plc:ze2xfblkx3cntypwikmon3ux err=HttpError('InvalidRequest: Could not find repo: did:plc:ze2xfblkx3cntypwikmon3ux')
2026-03-30T18:36:01Z WARNING bsky_collector_v2.job.index_feed_generators: listRecords failed repo=did:plc:2x6hw4es7yx2jrtrtfineipx err=HttpError('InvalidRequest: Could not find repo: did:plc:2x6hw4es7yx2jrtrtfineipx')
2026-03-30T18:36:01Z WARNING bsky_collector_v2.job.index_feed_generators: listRecords failed repo=did:plc:2z2fpwpduan3cdtqx3g3q4v2 err=HttpError('InvalidRequest: Could not find repo: did:plc:2z2fpwpduan3cdtqx3g3q4v2')
2026-03-30T18:36:01Z WARNING bsky_collector_v2.job.index_feed_generators: listRecords failed repo=did:plc:4n33gzdchmc4e6rn6nkbo7wh err=HttpError('InvalidRequest: Could not find repo: did:plc:4n33gzdchmc4e6rn6nkbo7wh')
2026-03-30T18:36:01Z WARNING bsky_collector_v2.job.index_feed_generators: listRecords failed repo=did:plc:4zanfa3je7eyp2kkckixtlk2 err=HttpError('InvalidRequest: Could not find repo: did:plc:4zanfa3je7eyp2kkckixtlk2')
2026-03-30T18:36:01Z WARNING bsky_collector_v2.job.index_feed_generators: listRecords failed repo=did:plc:7ayx2bvk3trsbs63b6lrey7p err=HttpError('InvalidRequest: Could not find repo: did:plc:7ayx2bvk3trsbs63b6lrey7p')
2026-03-30T18:36:01Z WARNING bsky_collector_v2.job.index_feed_generators: listRecords failed repo=did:plc:ac65dd4argkhayd2pseutvxe err=HttpError('InvalidRequest: Could not find repo: did:plc:ac65dd4argkhayd2pseutvxe')
2026-03-30T18:36:01Z WARNING bsky_collector_v2.job.index_feed_generators: listRecords failed repo=did:plc:cqqxozdvts7lbvajury6h3uq err=HttpError('InvalidRequest: Could not find repo: did:plc:cqqxozdvts7lbvajury6h3uq')
2026-03-30T18:36:01Z WARNING bsky_collector_v2.job.index_feed_generators: listRecords failed repo=did:plc:dln3cmbwu3h5v7e6q5jfrcw6 err=HttpError('InvalidRequest: Could not find repo: did:plc:dln3cmbwu3h5v7e6q5jfrcw6')
2026-03-30T18:36:01Z WARNING bsky_collector_v2.job.index_feed_generators: listRecords failed repo=did:plc:dpgkpst5a3lhlu44i3sxf2jq err=HttpError('InvalidRequest: Could not find repo: did:plc:dpgkpst5a3lhlu44i3sxf2jq')
2026-03-30T18:36:01Z WARNING bsky_collector_v2.job.index_feed_generators: listRecords failed repo=did:plc:edhmhfv6llbeb7c47tdcbxvz err=HttpError('InvalidRequest: Could not find repo: did:plc:edhmhfv6llbeb7c47tdcbxvz')
2026-03-30T18:36:01Z WARNING bsky_collector_v2.job.index_feed_generators: listRecords failed repo=did:plc:evf7xi7qa6lpeogwl63dk4nv err=HttpError('InvalidRequest: Could not find repo: did:plc:evf7xi7qa6lpeogwl63dk4nv')
2026-03-30T18:36:01Z WARNING bsky_collector_v2.job.index_feed_generators: listRecords failed repo=did:plc:gs3ft2tw2ytchwpm5opng3gk err=HttpError('InvalidRequest: Could not find repo: did:plc:gs3ft2tw2ytchwpm5opng3gk')
2026-03-30T18:36:01Z WARNING bsky_collector_v2.job.index_feed_generators: listRecords failed repo=did:plc:hbqukpdkjfngnaj3fecurkyp err=HttpError('InvalidRequest: Could not find repo: did:plc:hbqukpdkjfngnaj3fecurkyp')
2026-03-30T18:36:01Z WARNING bsky_collector_v2.job.index_feed_generators: listRecords failed repo=did:plc:hrjnxic4zdhj5lsv53mohvch err=HttpError('InvalidRequest: Could not find repo: did:plc:hrjnxic4zdhj5lsv53mohvch')
2026-03-30T18:36:02Z WARNING bsky_collector_v2.job.index_feed_generators: listRecords failed repo=did:plc:i6xh7lwhqzqew2tnt4ittsb6 err=HttpError('InvalidRequest: Could not find repo: did:plc:i6xh7lwhqzqew2tnt4ittsb6')
2026-03-30T18:36:02Z WARNING bsky_collector_v2.job.index_feed_generators: listRecords failed repo=did:plc:it26ty6or56y72rky4gdncc6 err=HttpError('InvalidRequest: Could not find repo: did:plc:it26ty6or56y72rky4gdncc6')
2026-03-30T18:36:02Z WARNING bsky_collector_v2.job.index_feed_generators: listRecords failed repo=did:plc:jcykregsqtmgka4ntv62uxqi err=HttpError('InvalidRequest: Could not find repo: did:plc:jcykregsqtmgka4ntv62uxqi')
2026-03-30T18:36:02Z WARNING bsky_collector_v2.job.index_feed_generators: listRecords failed repo=did:plc:kk373734325qcco5r7sxvzcx err=HttpError('InvalidRequest: Could not find repo: did:plc:kk373734325qcco5r7sxvzcx')
2026-03-30T18:36:02Z WARNING bsky_collector_v2.job.index_feed_generators: listRecords failed repo=did:plc:lykyaczfqxafv4r7w7zcnv5x err=HttpError('InvalidRequest: Could not find repo: did:plc:lykyaczfqxafv4r7w7zcnv5x')
2026-03-30T18:36:02Z WARNING bsky_collector_v2.job.index_feed_generators: listRecords failed repo=did:plc:mggwha35wdhhg4ixcbcfdyuh err=HttpError('InvalidRequest: Could not find repo: did:plc:mggwha35wdhhg4ixcbcfdyuh')
2026-03-30T18:36:02Z WARNING bsky_collector_v2.job.index_feed_generators: listRecords failed repo=did:plc:q5nayawzjpn34u3mnebsvcy7 err=HttpError('InvalidRequest: Could not find repo: did:plc:q5nayawzjpn34u3mnebsvcy7')
2026-03-30T18:36:02Z WARNING bsky_collector_v2.job.index_feed_generators: listRecords failed repo=did:plc:qd4wgzlkqqkx3hckgz2ilwqo err=HttpError('InvalidRequest: Could not find repo: did:plc:qd4wgzlkqqkx3hckgz2ilwqo')
2026-03-30T18:36:02Z WARNING bsky_collector_v2.job.index_feed_generators: listRecords failed repo=did:plc:qr6d7odqmf43nd5vzooelypr err=HttpError('InvalidRequest: Could not find repo: did:plc:qr6d7odqmf43nd5vzooelypr')
2026-03-30T18:36:02Z WARNING bsky_collector_v2.job.index_feed_generators: listRecords failed repo=did:plc:rvyc65qf7hwyo5vhopu2ufxh err=HttpError('InvalidRequest: Could not find repo: did:plc:rvyc65qf7hwyo5vhopu2ufxh')
2026-03-30T18:36:02Z WARNING bsky_collector_v2.job.index_feed_generators: listRecords failed repo=did:plc:sa3cjj4wanoagt4acgagbt3z err=HttpError('InvalidRequest: Could not find repo: did:plc:sa3cjj4wanoagt4acgagbt3z')
2026-03-30T18:36:02Z WARNING bsky_collector_v2.job.index_feed_generators: listRecords failed repo=did:plc:slz5d6tyaicxfh2ysz7bxnkz err=HttpError('InvalidRequest: Could not find repo: did:plc:slz5d6tyaicxfh2ysz7bxnkz')
2026-03-30T18:36:02Z WARNING bsky_collector_v2.job.index_feed_generators: listRecords failed repo=did:plc:svseca4qkwf5klwicx2ccpfu err=HttpError('InvalidRequest: Could not find repo: did:plc:svseca4qkwf5klwicx2ccpfu')
2026-03-30T18:36:02Z WARNING bsky_collector_v2.job.index_feed_generators: listRecords failed repo=did:plc:u3u3s5m2i3qsnx52wyc4orcd err=HttpError('InvalidRequest: Could not find repo: did:plc:u3u3s5m2i3qsnx52wyc4orcd')
2026-03-30T18:36:02Z WARNING bsky_collector_v2.job.index_feed_generators: listRecords failed repo=did:plc:w4xhsgmlt2nar5ptf2axxtsv err=HttpError('InvalidRequest: Could not find repo: did:plc:w4xhsgmlt2nar5ptf2axxtsv')
2026-03-30T18:36:02Z WARNING bsky_collector_v2.job.index_feed_generators: listRecords failed repo=did:plc:yhzhzsz77qrxgt5mg3qkpwd5 err=HttpError('InvalidRequest: Could not find repo: did:plc:yhzhzsz77qrxgt5mg3qkpwd5')
2026-03-30T18:36:02Z WARNING bsky_collector_v2.job.index_feed_generators: listRecords failed repo=did:plc:yjramd24z3sf6fnh65nlitiu err=HttpError('InvalidRequest: Could not find repo: did:plc:yjramd24z3sf6fnh65nlitiu')
2026-03-30T18:36:02Z WARNING bsky_collector_v2.job.index_feed_generators: listRecords failed repo=did:plc:yuo2nhh3c5vm6gqpin525fj5 err=HttpError('InvalidRequest: Could not find repo: did:plc:yuo2nhh3c5vm6gqpin525fj5')
2026-03-30T18:36:02Z WARNING bsky_collector_v2.job.index_feed_generators: listRecords failed repo=did:plc:ywgfpzvhd3gzyfrrygzeubvd err=HttpError('InvalidRequest: Could not find repo: did:plc:ywgfpzvhd3gzyfrrygzeubvd')
2026-03-30T18:36:03Z WARNING bsky_collector_v2.job.index_feed_generators: listRecords failed repo=did:plc:ze2xfblkx3cntypwikmon3ux err=HttpError('InvalidRequest: Could not find repo: did:plc:ze2xfblkx3cntypwikmon3ux')
2026-03-30T18:36:03Z INFO bsky_collector_v2.job.index_feed_generators: enqueued repos page=7 mode=listRepos inserted=500 repos_returned=500 next_cursor=set
2026-03-30T18:36:04Z WARNING bsky_collector_v2.job.index_feed_generators: listRecords failed repo=did:plc:2kpu6sfdho5cppeqoqsojuca err=HttpError('InvalidRequest: Could not find repo: did:plc:2kpu6sfdho5cppeqoqsojuca')
2026-03-30T18:36:05Z WARNING bsky_collector_v2.job.index_feed_generators: listRecords failed repo=did:plc:2yiwvmo2xjp5hifj3hvtof4g err=HttpError('InvalidRequest: Could not find repo: did:plc:2yiwvmo2xjp5hifj3hvtof4g')
2026-03-30T18:36:08Z WARNING bsky_collector_v2.job.index_feed_generators: listRecords failed repo=did:plc:3swtw52q7krpc6rctiuu3pyx err=HttpError('InvalidRequest: Could not find repo: did:plc:3swtw52q7krpc6rctiuu3pyx')
2026-03-30T18:36:08Z WARNING bsky_collector_v2.job.index_feed_generators: listRecords failed repo=did:plc:3tgkxpfzkajyq25uey7wspub err=HttpError('InvalidRequest: Could not find repo: did:plc:3tgkxpfzkajyq25uey7wspub')
2026-03-30T18:36:08Z WARNING bsky_collector_v2.job.index_feed_generators: listRecords failed repo=did:plc:3x65f2kgu3344ahhg6trjxh6 err=HttpError('InvalidRequest: Could not find repo: did:plc:3x65f2kgu3344ahhg6trjxh6')
2026-03-30T18:36:09Z WARNING bsky_collector_v2.job.index_feed_generators: listRecords failed repo=did:plc:43tpym6tnfdm2rfzreinmkdo err=HttpError('InvalidRequest: Could not find repo: did:plc:43tpym6tnfdm2rfzreinmkdo')
2026-03-30T18:36:11Z WARNING bsky_collector_v2.job.index_feed_generators: listRecords failed repo=did:plc:5kflh2mtqhwrcakc5jxdqloc err=HttpError('InvalidRequest: Could not find repo: did:plc:5kflh2mtqhwrcakc5jxdqloc')
2026-03-30T18:36:13Z WARNING bsky_collector_v2.job.index_feed_generators: listRecords failed repo=did:plc:6cgnm6hifucnnewfdn55t4kk err=HttpError('InvalidRequest: Could not find repo: did:plc:6cgnm6hifucnnewfdn55t4kk')
2026-03-30T18:36:15Z WARNING bsky_collector_v2.job.index_feed_generators: listRecords failed repo=did:plc:7jh4mm4umpi7p5hznz5ukoc2 err=HttpError('InvalidRequest: Could not find repo: did:plc:7jh4mm4umpi7p5hznz5ukoc2')
2026-03-30T18:36:16Z WARNING bsky_collector_v2.job.index_feed_generators: listRecords failed repo=did:plc:7trngljxicja3jn53khcx2r5 err=HttpError('InvalidRequest: Could not find repo: did:plc:7trngljxicja3jn53khcx2r5')
2026-03-30T18:36:23Z WARNING bsky_collector_v2.job.index_feed_generators: listRecords failed repo=did:plc:c6pr44itucgbsd2hxqchqpkr err=HttpError('InvalidRequest: Could not find repo: did:plc:c6pr44itucgbsd2hxqchqpkr')
2026-03-30T18:36:23Z WARNING bsky_collector_v2.job.index_feed_generators: listRecords failed repo=did:plc:cdud6yv4yleh7uagr352kspo err=HttpError('InvalidRequest: Could not find repo: did:plc:cdud6yv4yleh7uagr352kspo')
2026-03-30T18:36:23Z WARNING bsky_collector_v2.job.index_feed_generators: listRecords failed repo=did:plc:cebatzsumdxykymz267l4oqk err=HttpError('InvalidRequest: Could not find repo: did:plc:cebatzsumdxykymz267l4oqk')
2026-03-30T18:36:24Z WARNING bsky_collector_v2.job.index_feed_generators: listRecords failed repo=did:plc:cndzef3f2em7pu56ahw4xfy5 err=HttpError('InvalidRequest: Could not find repo: did:plc:cndzef3f2em7pu56ahw4xfy5')
2026-03-30T18:36:25Z WARNING bsky_collector_v2.job.index_feed_generators: listRecords failed repo=did:plc:ctboxhywlwcutytbu2gnkuoe err=HttpError('InvalidRequest: Could not find repo: did:plc:ctboxhywlwcutytbu2gnkuoe')
2026-03-30T18:36:25Z WARNING bsky_collector_v2.job.index_feed_generators: listRecords failed repo=did:plc:d7xrmgc3orqh63bzfiriclma err=HttpError('InvalidRequest: Could not find repo: did:plc:d7xrmgc3orqh63bzfiriclma')
2026-03-30T18:36:25Z WARNING bsky_collector_v2.job.index_feed_generators: listRecords failed repo=did:plc:dkfri3zd7eezbv27z3jer6vh err=HttpError('InvalidRequest: Could not find repo: did:plc:dkfri3zd7eezbv27z3jer6vh')
2026-03-30T18:36:25Z WARNING bsky_collector_v2.job.index_feed_generators: listRecords failed repo=did:plc:dlxv67whlul74b3ckjzyf2so err=HttpError('InvalidRequest: Could not find repo: did:plc:dlxv67whlul74b3ckjzyf2so')
2026-03-30T18:36:29Z WARNING bsky_collector_v2.job.index_feed_generators: listRecords failed repo=did:plc:eytskc7v4yuuiamytnri53cv err=HttpError('InvalidRequest: Could not find repo: did:plc:eytskc7v4yuuiamytnri53cv')
2026-03-30T18:36:34Z WARNING bsky_collector_v2.job.index_feed_generators: listRecords failed repo=did:plc:glw3zokfdw5bacobargxya4m err=HttpError('InvalidRequest: Could not find repo: did:plc:glw3zokfdw5bacobargxya4m')
2026-03-30T18:36:34Z WARNING bsky_collector_v2.job.index_feed_generators: listRecords failed repo=did:plc:goc2lvuulc2wzrruahpgsuju err=HttpError('InvalidRequest: Could not find repo: did:plc:goc2lvuulc2wzrruahpgsuju')
2026-03-30T18:36:35Z WARNING bsky_collector_v2.job.index_feed_generators: listRecords failed repo=did:plc:h36yeqkxgejvny4v5jy2qg3j err=HttpError('InvalidRequest: Could not find repo: did:plc:h36yeqkxgejvny4v5jy2qg3j')
2026-03-30T18:36:36Z WARNING bsky_collector_v2.job.index_feed_generators: listRecords failed repo=did:plc:hczfkpymmfeaexpduzmtwjdg err=HttpError('InvalidRequest: Could not find repo: did:plc:hczfkpymmfeaexpduzmtwjdg')
2026-03-30T18:36:36Z WARNING bsky_collector_v2.job.index_feed_generators: listRecords failed repo=did:plc:hkctcil3tz575q45xzhigmzn err=HttpError('InvalidRequest: Could not find repo: did:plc:hkctcil3tz575q45xzhigmzn')
2026-03-30T18:36:37Z WARNING bsky_collector_v2.job.index_feed_generators: listRecords failed repo=did:plc:hoqmn5qd2i2ogxpxuqoqzzgu err=HttpError('InvalidRequest: Could not find repo: did:plc:hoqmn5qd2i2ogxpxuqoqzzgu')
2026-03-30T18:36:40Z WARNING bsky_collector_v2.job.index_feed_generators: listRecords failed repo=did:plc:iuscjcmurbxe6yxuzpkexkqy err=HttpError('InvalidRequest: Could not find repo: did:plc:iuscjcmurbxe6yxuzpkexkqy')
2026-03-30T18:36:42Z WARNING bsky_collector_v2.job.index_feed_generators: listRecords failed repo=did:plc:jwgrg2wos562hr7hu3yerkzo err=HttpError('InvalidRequest: Could not find repo: did:plc:jwgrg2wos562hr7hu3yerkzo')
2026-03-30T18:36:49Z WARNING bsky_collector_v2.job.index_feed_generators: listRecords failed repo=did:plc:mhsxrhbdp36jn6nr4vzyesvv err=HttpError('InvalidRequest: Could not find repo: did:plc:mhsxrhbdp36jn6nr4vzyesvv')
2026-03-30T18:36:53Z WARNING bsky_collector_v2.job.index_feed_generators: listRecords failed repo=did:plc:nvzzvkqs6j6dpwiepmzxarzy err=HttpError('InvalidRequest: Could not find repo: did:plc:nvzzvkqs6j6dpwiepmzxarzy')
2026-03-30T18:36:54Z WARNING bsky_collector_v2.job.index_feed_generators: listRecords failed repo=did:plc:o3hh4l6orh35mj35v2bklcyj err=HttpError('InvalidRequest: Could not find repo: did:plc:o3hh4l6orh35mj35v2bklcyj')
2026-03-30T18:36:59Z WARNING bsky_collector_v2.job.index_feed_generators: listRecords failed repo=did:plc:pvgdni5sibvpzn2q4c3yufn4 err=HttpError('InvalidRequest: Could not find repo: did:plc:pvgdni5sibvpzn2q4c3yufn4')
2026-03-30T18:37:01Z WARNING bsky_collector_v2.job.index_feed_generators: listRecords failed repo=did:plc:qvindhxhiutpnm55fcjxy3as err=HttpError('InvalidRequest: Could not find repo: did:plc:qvindhxhiutpnm55fcjxy3as')
2026-03-30T18:37:01Z WARNING bsky_collector_v2.job.index_feed_generators: listRecords failed repo=did:plc:qzogju4jsg2ssegrao5kgwbo err=HttpError('InvalidRequest: Could not find repo: did:plc:qzogju4jsg2ssegrao5kgwbo')
2026-03-30T18:37:04Z WARNING bsky_collector_v2.job.index_feed_generators: listRecords failed repo=did:plc:rr4k36vm6n6ntfna3ngmzgyr err=HttpError('InvalidRequest: Could not find repo: did:plc:rr4k36vm6n6ntfna3ngmzgyr')
2026-03-30T18:37:08Z WARNING bsky_collector_v2.job.index_feed_generators: listRecords failed repo=did:plc:u4n4x5jvzczwohkz7xo2pclw err=HttpError('InvalidRequest: Could not find repo: did:plc:u4n4x5jvzczwohkz7xo2pclw')
2026-03-30T18:37:11Z WARNING bsky_collector_v2.job.index_feed_generators: listRecords failed repo=did:plc:vabu3dvprok5gpjgs3bjmffx err=HttpError('InvalidRequest: Could not find repo: did:plc:vabu3dvprok5gpjgs3bjmffx')
2026-03-30T18:37:13Z WARNING bsky_collector_v2.job.index_feed_generators: listRecords failed repo=did:plc:w6nmwhkobwna44r557vkb7c5 err=HttpError('InvalidRequest: Could not find repo: did:plc:w6nmwhkobwna44r557vkb7c5')
2026-03-30T18:37:14Z WARNING bsky_collector_v2.job.index_feed_generators: listRecords failed repo=did:plc:whrqoqnipw5lb3fgi7t2o3kc err=HttpError('InvalidRequest: Could not find repo: did:plc:whrqoqnipw5lb3fgi7t2o3kc')
2026-03-30T18:37:21Z WARNING bsky_collector_v2.job.index_feed_generators: listRecords failed repo=did:plc:zxw5efa4sc24edc4rth6425r err=HttpError('InvalidRequest: Could not find repo: did:plc:zxw5efa4sc24edc4rth6425r')
2026-03-30T18:37:21Z WARNING bsky_collector_v2.job.index_feed_generators: listRecords failed repo=did:plc:2kpu6sfdho5cppeqoqsojuca err=HttpError('InvalidRequest: Could not find repo: did:plc:2kpu6sfdho5cppeqoqsojuca')
2026-03-30T18:37:21Z WARNING bsky_collector_v2.job.index_feed_generators: listRecords failed repo=did:plc:2yiwvmo2xjp5hifj3hvtof4g err=HttpError('InvalidRequest: Could not find repo: did:plc:2yiwvmo2xjp5hifj3hvtof4g')
2026-03-30T18:37:21Z WARNING bsky_collector_v2.job.index_feed_generators: listRecords failed repo=did:plc:3swtw52q7krpc6rctiuu3pyx err=HttpError('InvalidRequest: Could not find repo: did:plc:3swtw52q7krpc6rctiuu3pyx')
2026-03-30T18:37:21Z WARNING bsky_collector_v2.job.index_feed_generators: listRecords failed repo=did:plc:3tgkxpfzkajyq25uey7wspub err=HttpError('InvalidRequest: Could not find repo: did:plc:3tgkxpfzkajyq25uey7wspub')
2026-03-30T18:37:22Z WARNING bsky_collector_v2.job.index_feed_generators: listRecords failed repo=did:plc:3x65f2kgu3344ahhg6trjxh6 err=HttpError('InvalidRequest: Could not find repo: did:plc:3x65f2kgu3344ahhg6trjxh6')
2026-03-30T18:37:22Z WARNING bsky_collector_v2.job.index_feed_generators: listRecords failed repo=did:plc:43tpym6tnfdm2rfzreinmkdo err=HttpError('InvalidRequest: Could not find repo: did:plc:43tpym6tnfdm2rfzreinmkdo')
2026-03-30T18:37:22Z WARNING bsky_collector_v2.job.index_feed_generators: listRecords failed repo=did:plc:5kflh2mtqhwrcakc5jxdqloc err=HttpError('InvalidRequest: Could not find repo: did:plc:5kflh2mtqhwrcakc5jxdqloc')
2026-03-30T18:37:22Z WARNING bsky_collector_v2.job.index_feed_generators: listRecords failed repo=did:plc:6cgnm6hifucnnewfdn55t4kk err=HttpError('InvalidRequest: Could not find repo: did:plc:6cgnm6hifucnnewfdn55t4kk')
2026-03-30T18:37:22Z WARNING bsky_collector_v2.job.index_feed_generators: listRecords failed repo=did:plc:7jh4mm4umpi7p5hznz5ukoc2 err=HttpError('InvalidRequest: Could not find repo: did:plc:7jh4mm4umpi7p5hznz5ukoc2')
2026-03-30T18:37:22Z WARNING bsky_collector_v2.job.index_feed_generators: listRecords failed repo=did:plc:7trngljxicja3jn53khcx2r5 err=HttpError('InvalidRequest: Could not find repo: did:plc:7trngljxicja3jn53khcx2r5')
2026-03-30T18:37:22Z WARNING bsky_collector_v2.job.index_feed_generators: listRecords failed repo=did:plc:c6pr44itucgbsd2hxqchqpkr err=HttpError('InvalidRequest: Could not find repo: did:plc:c6pr44itucgbsd2hxqchqpkr')
2026-03-30T18:37:22Z WARNING bsky_collector_v2.job.index_feed_generators: listRecords failed repo=did:plc:cdud6yv4yleh7uagr352kspo err=HttpError('InvalidRequest: Could not find repo: did:plc:cdud6yv4yleh7uagr352kspo')
2026-03-30T18:37:22Z WARNING bsky_collector_v2.job.index_feed_generators: listRecords failed repo=did:plc:cebatzsumdxykymz267l4oqk err=HttpError('InvalidRequest: Could not find repo: did:plc:cebatzsumdxykymz267l4oqk')
2026-03-30T18:37:22Z WARNING bsky_collector_v2.job.index_feed_generators: listRecords failed repo=did:plc:cndzef3f2em7pu56ahw4xfy5 err=HttpError('InvalidRequest: Could not find repo: did:plc:cndzef3f2em7pu56ahw4xfy5')
2026-03-30T18:37:22Z WARNING bsky_collector_v2.job.index_feed_generators: listRecords failed repo=did:plc:ctboxhywlwcutytbu2gnkuoe err=HttpError('InvalidRequest: Could not find repo: did:plc:ctboxhywlwcutytbu2gnkuoe')
2026-03-30T18:37:22Z WARNING bsky_collector_v2.job.index_feed_generators: listRecords failed repo=did:plc:d7xrmgc3orqh63bzfiriclma err=HttpError('InvalidRequest: Could not find repo: did:plc:d7xrmgc3orqh63bzfiriclma')
2026-03-30T18:37:22Z WARNING bsky_collector_v2.job.index_feed_generators: listRecords failed repo=did:plc:dkfri3zd7eezbv27z3jer6vh err=HttpError('InvalidRequest: Could not find repo: did:plc:dkfri3zd7eezbv27z3jer6vh')
2026-03-30T18:37:22Z WARNING bsky_collector_v2.job.index_feed_generators: listRecords failed repo=did:plc:dlxv67whlul74b3ckjzyf2so err=HttpError('InvalidRequest: Could not find repo: did:plc:dlxv67whlul74b3ckjzyf2so')
2026-03-30T18:37:22Z WARNING bsky_collector_v2.job.index_feed_generators: listRecords failed repo=did:plc:eytskc7v4yuuiamytnri53cv err=HttpError('InvalidRequest: Could not find repo: did:plc:eytskc7v4yuuiamytnri53cv')
2026-03-30T18:37:22Z WARNING bsky_collector_v2.job.index_feed_generators: listRecords failed repo=did:plc:glw3zokfdw5bacobargxya4m err=HttpError('InvalidRequest: Could not find repo: did:plc:glw3zokfdw5bacobargxya4m')
2026-03-30T18:37:22Z WARNING bsky_collector_v2.job.index_feed_generators: listRecords failed repo=did:plc:goc2lvuulc2wzrruahpgsuju err=HttpError('InvalidRequest: Could not find repo: did:plc:goc2lvuulc2wzrruahpgsuju')
2026-03-30T18:37:22Z WARNING bsky_collector_v2.job.index_feed_generators: listRecords failed repo=did:plc:h36yeqkxgejvny4v5jy2qg3j err=HttpError('InvalidRequest: Could not find repo: did:plc:h36yeqkxgejvny4v5jy2qg3j')
2026-03-30T18:37:22Z WARNING bsky_collector_v2.job.index_feed_generators: listRecords failed repo=did:plc:hczfkpymmfeaexpduzmtwjdg err=HttpError('InvalidRequest: Could not find repo: did:plc:hczfkpymmfeaexpduzmtwjdg')
2026-03-30T18:37:23Z WARNING bsky_collector_v2.job.index_feed_generators: listRecords failed repo=did:plc:hkctcil3tz575q45xzhigmzn err=HttpError('InvalidRequest: Could not find repo: did:plc:hkctcil3tz575q45xzhigmzn')
2026-03-30T18:37:23Z WARNING bsky_collector_v2.job.index_feed_generators: listRecords failed repo=did:plc:hoqmn5qd2i2ogxpxuqoqzzgu err=HttpError('InvalidRequest: Could not find repo: did:plc:hoqmn5qd2i2ogxpxuqoqzzgu')
2026-03-30T18:37:23Z WARNING bsky_collector_v2.job.index_feed_generators: listRecords failed repo=did:plc:iuscjcmurbxe6yxuzpkexkqy err=HttpError('InvalidRequest: Could not find repo: did:plc:iuscjcmurbxe6yxuzpkexkqy')
2026-03-30T18:37:23Z WARNING bsky_collector_v2.job.index_feed_generators: listRecords failed repo=did:plc:jwgrg2wos562hr7hu3yerkzo err=HttpError('InvalidRequest: Could not find repo: did:plc:jwgrg2wos562hr7hu3yerkzo')
2026-03-30T18:37:23Z WARNING bsky_collector_v2.job.index_feed_generators: listRecords failed repo=did:plc:mhsxrhbdp36jn6nr4vzyesvv err=HttpError('InvalidRequest: Could not find repo: did:plc:mhsxrhbdp36jn6nr4vzyesvv')
2026-03-30T18:37:23Z WARNING bsky_collector_v2.job.index_feed_generators: listRecords failed repo=did:plc:nvzzvkqs6j6dpwiepmzxarzy err=HttpError('InvalidRequest: Could not find repo: did:plc:nvzzvkqs6j6dpwiepmzxarzy')
2026-03-30T18:37:23Z WARNING bsky_collector_v2.job.index_feed_generators: listRecords failed repo=did:plc:o3hh4l6orh35mj35v2bklcyj err=HttpError('InvalidRequest: Could not find repo: did:plc:o3hh4l6orh35mj35v2bklcyj')
2026-03-30T18:37:23Z WARNING bsky_collector_v2.job.index_feed_generators: listRecords failed repo=did:plc:pvgdni5sibvpzn2q4c3yufn4 err=HttpError('InvalidRequest: Could not find repo: did:plc:pvgdni5sibvpzn2q4c3yufn4')
2026-03-30T18:37:23Z WARNING bsky_collector_v2.job.index_feed_generators: listRecords failed repo=did:plc:qvindhxhiutpnm55fcjxy3as err=HttpError('InvalidRequest: Could not find repo: did:plc:qvindhxhiutpnm55fcjxy3as')
2026-03-30T18:37:23Z WARNING bsky_collector_v2.job.index_feed_generators: listRecords failed repo=did:plc:qzogju4jsg2ssegrao5kgwbo err=HttpError('InvalidRequest: Could not find repo: did:plc:qzogju4jsg2ssegrao5kgwbo')
2026-03-30T18:37:23Z WARNING bsky_collector_v2.job.index_feed_generators: listRecords failed repo=did:plc:rr4k36vm6n6ntfna3ngmzgyr err=HttpError('InvalidRequest: Could not find repo: did:plc:rr4k36vm6n6ntfna3ngmzgyr')
2026-03-30T18:37:23Z WARNING bsky_collector_v2.job.index_feed_generators: listRecords failed repo=did:plc:u4n4x5jvzczwohkz7xo2pclw err=HttpError('InvalidRequest: Could not find repo: did:plc:u4n4x5jvzczwohkz7xo2pclw')
2026-03-30T18:37:23Z WARNING bsky_collector_v2.job.index_feed_generators: listRecords failed repo=did:plc:vabu3dvprok5gpjgs3bjmffx err=HttpError('InvalidRequest: Could not find repo: did:plc:vabu3dvprok5gpjgs3bjmffx')
2026-03-30T18:37:23Z WARNING bsky_collector_v2.job.index_feed_generators: listRecords failed repo=did:plc:w6nmwhkobwna44r557vkb7c5 err=HttpError('InvalidRequest: Could not find repo: did:plc:w6nmwhkobwna44r557vkb7c5')
2026-03-30T18:37:23Z WARNING bsky_collector_v2.job.index_feed_generators: listRecords failed repo=did:plc:whrqoqnipw5lb3fgi7t2o3kc err=HttpError('InvalidRequest: Could not find repo: did:plc:whrqoqnipw5lb3fgi7t2o3kc')
2026-03-30T18:37:23Z WARNING bsky_collector_v2.job.index_feed_generators: listRecords failed repo=did:plc:zxw5efa4sc24edc4rth6425r err=HttpError('InvalidRequest: Could not find repo: did:plc:zxw5efa4sc24edc4rth6425r')
2026-03-30T18:37:23Z WARNING bsky_collector_v2.job.index_feed_generators: listRecords failed repo=did:plc:2kpu6sfdho5cppeqoqsojuca err=HttpError('InvalidRequest: Could not find repo: did:plc:2kpu6sfdho5cppeqoqsojuca')
2026-03-30T18:37:23Z WARNING bsky_collector_v2.job.index_feed_generators: listRecords failed repo=did:plc:2yiwvmo2xjp5hifj3hvtof4g err=HttpError('InvalidRequest: Could not find repo: did:plc:2yiwvmo2xjp5hifj3hvtof4g')
2026-03-30T18:37:23Z WARNING bsky_collector_v2.job.index_feed_generators: listRecords failed repo=did:plc:3swtw52q7krpc6rctiuu3pyx err=HttpError('InvalidRequest: Could not find repo: did:plc:3swtw52q7krpc6rctiuu3pyx')
2026-03-30T18:37:24Z WARNING bsky_collector_v2.job.index_feed_generators: listRecords failed repo=did:plc:3tgkxpfzkajyq25uey7wspub err=HttpError('InvalidRequest: Could not find repo: did:plc:3tgkxpfzkajyq25uey7wspub')
2026-03-30T18:37:24Z WARNING bsky_collector_v2.job.index_feed_generators: listRecords failed repo=did:plc:3x65f2kgu3344ahhg6trjxh6 err=HttpError('InvalidRequest: Could not find repo: did:plc:3x65f2kgu3344ahhg6trjxh6')
2026-03-30T18:37:24Z WARNING bsky_collector_v2.job.index_feed_generators: listRecords failed repo=did:plc:43tpym6tnfdm2rfzreinmkdo err=HttpError('InvalidRequest: Could not find repo: did:plc:43tpym6tnfdm2rfzreinmkdo')
2026-03-30T18:37:24Z WARNING bsky_collector_v2.job.index_feed_generators: listRecords failed repo=did:plc:5kflh2mtqhwrcakc5jxdqloc err=HttpError('InvalidRequest: Could not find repo: did:plc:5kflh2mtqhwrcakc5jxdqloc')
2026-03-30T18:37:24Z WARNING bsky_collector_v2.job.index_feed_generators: listRecords failed repo=did:plc:6cgnm6hifucnnewfdn55t4kk err=HttpError('InvalidRequest: Could not find repo: did:plc:6cgnm6hifucnnewfdn55t4kk')
2026-03-30T18:37:24Z WARNING bsky_collector_v2.job.index_feed_generators: listRecords failed repo=did:plc:7jh4mm4umpi7p5hznz5ukoc2 err=HttpError('InvalidRequest: Could not find repo: did:plc:7jh4mm4umpi7p5hznz5ukoc2')
2026-03-30T18:37:24Z WARNING bsky_collector_v2.job.index_feed_generators: listRecords failed repo=did:plc:7trngljxicja3jn53khcx2r5 err=HttpError('InvalidRequest: Could not find repo: did:plc:7trngljxicja3jn53khcx2r5')
2026-03-30T18:37:24Z WARNING bsky_collector_v2.job.index_feed_generators: listRecords failed repo=did:plc:c6pr44itucgbsd2hxqchqpkr err=HttpError('InvalidRequest: Could not find repo: did:plc:c6pr44itucgbsd2hxqchqpkr')
2026-03-30T18:37:24Z WARNING bsky_collector_v2.job.index_feed_generators: listRecords failed repo=did:plc:cdud6yv4yleh7uagr352kspo err=HttpError('InvalidRequest: Could not find repo: did:plc:cdud6yv4yleh7uagr352kspo')
2026-03-30T18:37:24Z WARNING bsky_collector_v2.job.index_feed_generators: listRecords failed repo=did:plc:cebatzsumdxykymz267l4oqk err=HttpError('InvalidRequest: Could not find repo: did:plc:cebatzsumdxykymz267l4oqk')
2026-03-30T18:37:24Z WARNING bsky_collector_v2.job.index_feed_generators: listRecords failed repo=did:plc:cndzef3f2em7pu56ahw4xfy5 err=HttpError('InvalidRequest: Could not find repo: did:plc:cndzef3f2em7pu56ahw4xfy5')
2026-03-30T18:37:24Z WARNING bsky_collector_v2.job.index_feed_generators: listRecords failed repo=did:plc:ctboxhywlwcutytbu2gnkuoe err=HttpError('InvalidRequest: Could not find repo: did:plc:ctboxhywlwcutytbu2gnkuoe')
2026-03-30T18:37:24Z WARNING bsky_collector_v2.job.index_feed_generators: listRecords failed repo=did:plc:d7xrmgc3orqh63bzfiriclma err=HttpError('InvalidRequest: Could not find repo: did:plc:d7xrmgc3orqh63bzfiriclma')
2026-03-30T18:37:24Z WARNING bsky_collector_v2.job.index_feed_generators: listRecords failed repo=did:plc:dkfri3zd7eezbv27z3jer6vh err=HttpError('InvalidRequest: Could not find repo: did:plc:dkfri3zd7eezbv27z3jer6vh')
2026-03-30T18:37:24Z WARNING bsky_collector_v2.job.index_feed_generators: listRecords failed repo=did:plc:dlxv67whlul74b3ckjzyf2so err=HttpError('InvalidRequest: Could not find repo: did:plc:dlxv67whlul74b3ckjzyf2so')
2026-03-30T18:37:24Z WARNING bsky_collector_v2.job.index_feed_generators: listRecords failed repo=did:plc:eytskc7v4yuuiamytnri53cv err=HttpError('InvalidRequest: Could not find repo: did:plc:eytskc7v4yuuiamytnri53cv')
2026-03-30T18:37:24Z WARNING bsky_collector_v2.job.index_feed_generators: listRecords failed repo=did:plc:glw3zokfdw5bacobargxya4m err=HttpError('InvalidRequest: Could not find repo: did:plc:glw3zokfdw5bacobargxya4m')
2026-03-30T18:37:24Z WARNING bsky_collector_v2.job.index_feed_generators: listRecords failed repo=did:plc:goc2lvuulc2wzrruahpgsuju err=HttpError('InvalidRequest: Could not find repo: did:plc:goc2lvuulc2wzrruahpgsuju')
2026-03-30T18:37:24Z WARNING bsky_collector_v2.job.index_feed_generators: listRecords failed repo=did:plc:h36yeqkxgejvny4v5jy2qg3j err=HttpError('InvalidRequest: Could not find repo: did:plc:h36yeqkxgejvny4v5jy2qg3j')
2026-03-30T18:37:25Z WARNING bsky_collector_v2.job.index_feed_generators: listRecords failed repo=did:plc:hczfkpymmfeaexpduzmtwjdg err=HttpError('InvalidRequest: Could not find repo: did:plc:hczfkpymmfeaexpduzmtwjdg')
2026-03-30T18:37:25Z WARNING bsky_collector_v2.job.index_feed_generators: listRecords failed repo=did:plc:hkctcil3tz575q45xzhigmzn err=HttpError('InvalidRequest: Could not find repo: did:plc:hkctcil3tz575q45xzhigmzn')
2026-03-30T18:37:25Z WARNING bsky_collector_v2.job.index_feed_generators: listRecords failed repo=did:plc:hoqmn5qd2i2ogxpxuqoqzzgu err=HttpError('InvalidRequest: Could not find repo: did:plc:hoqmn5qd2i2ogxpxuqoqzzgu')
2026-03-30T18:37:25Z WARNING bsky_collector_v2.job.index_feed_generators: listRecords failed repo=did:plc:iuscjcmurbxe6yxuzpkexkqy err=HttpError('InvalidRequest: Could not find repo: did:plc:iuscjcmurbxe6yxuzpkexkqy')
2026-03-30T18:37:25Z WARNING bsky_collector_v2.job.index_feed_generators: listRecords failed repo=did:plc:jwgrg2wos562hr7hu3yerkzo err=HttpError('InvalidRequest: Could not find repo: did:plc:jwgrg2wos562hr7hu3yerkzo')
2026-03-30T18:37:25Z WARNING bsky_collector_v2.job.index_feed_generators: listRecords failed repo=did:plc:mhsxrhbdp36jn6nr4vzyesvv err=HttpError('InvalidRequest: Could not find repo: did:plc:mhsxrhbdp36jn6nr4vzyesvv')
2026-03-30T18:37:25Z WARNING bsky_collector_v2.job.index_feed_generators: listRecords failed repo=did:plc:nvzzvkqs6j6dpwiepmzxarzy err=HttpError('InvalidRequest: Could not find repo: did:plc:nvzzvkqs6j6dpwiepmzxarzy')
2026-03-30T18:37:25Z WARNING bsky_collector_v2.job.index_feed_generators: listRecords failed repo=did:plc:o3hh4l6orh35mj35v2bklcyj err=HttpError('InvalidRequest: Could not find repo: did:plc:o3hh4l6orh35mj35v2bklcyj')
2026-03-30T18:37:25Z WARNING bsky_collector_v2.job.index_feed_generators: listRecords failed repo=did:plc:pvgdni5sibvpzn2q4c3yufn4 err=HttpError('InvalidRequest: Could not find repo: did:plc:pvgdni5sibvpzn2q4c3yufn4')
2026-03-30T18:37:25Z WARNING bsky_collector_v2.job.index_feed_generators: listRecords failed repo=did:plc:qvindhxhiutpnm55fcjxy3as err=HttpError('InvalidRequest: Could not find repo: did:plc:qvindhxhiutpnm55fcjxy3as')
2026-03-30T18:37:25Z WARNING bsky_collector_v2.job.index_feed_generators: listRecords failed repo=did:plc:qzogju4jsg2ssegrao5kgwbo err=HttpError('InvalidRequest: Could not find repo: did:plc:qzogju4jsg2ssegrao5kgwbo')
2026-03-30T18:37:25Z WARNING bsky_collector_v2.job.index_feed_generators: listRecords failed repo=did:plc:rr4k36vm6n6ntfna3ngmzgyr err=HttpError('InvalidRequest: Could not find repo: did:plc:rr4k36vm6n6ntfna3ngmzgyr')
2026-03-30T18:37:25Z WARNING bsky_collector_v2.job.index_feed_generators: listRecords failed repo=did:plc:u4n4x5jvzczwohkz7xo2pclw err=HttpError('InvalidRequest: Could not find repo: did:plc:u4n4x5jvzczwohkz7xo2pclw')
2026-03-30T18:37:25Z WARNING bsky_collector_v2.job.index_feed_generators: listRecords failed repo=did:plc:vabu3dvprok5gpjgs3bjmffx err=HttpError('InvalidRequest: Could not find repo: did:plc:vabu3dvprok5gpjgs3bjmffx')
2026-03-30T18:37:25Z WARNING bsky_collector_v2.job.index_feed_generators: listRecords failed repo=did:plc:w6nmwhkobwna44r557vkb7c5 err=HttpError('InvalidRequest: Could not find repo: did:plc:w6nmwhkobwna44r557vkb7c5')
2026-03-30T18:37:25Z WARNING bsky_collector_v2.job.index_feed_generators: listRecords failed repo=did:plc:whrqoqnipw5lb3fgi7t2o3kc err=HttpError('InvalidRequest: Could not find repo: did:plc:whrqoqnipw5lb3fgi7t2o3kc')
2026-03-30T18:37:25Z WARNING bsky_collector_v2.job.index_feed_generators: listRecords failed repo=did:plc:zxw5efa4sc24edc4rth6425r err=HttpError('InvalidRequest: Could not find repo: did:plc:zxw5efa4sc24edc4rth6425r')
2026-03-30T18:37:26Z INFO bsky_collector_v2.job.index_feed_generators: enqueued repos page=8 mode=listRepos inserted=500 repos_returned=500 next_cursor=set
2026-03-30T18:37:29Z WARNING bsky_collector_v2.job.index_feed_generators: listRecords failed repo=did:plc:2q5c4jxetrxiux2p4tq4u3ze err=HttpError('InvalidRequest: Could not find repo: did:plc:2q5c4jxetrxiux2p4tq4u3ze')
2026-03-30T18:37:30Z WARNING bsky_collector_v2.job.index_feed_generators: listRecords failed repo=did:plc:2z6ucumgyngdquxyfvzmwhdk err=HttpError('InvalidRequest: Could not find repo: did:plc:2z6ucumgyngdquxyfvzmwhdk')
2026-03-30T18:37:38Z WARNING bsky_collector_v2.job.index_feed_generators: listRecords failed repo=did:plc:4fdztvmvgphchwfybbkei4jo err=HttpError('InvalidRequest: Could not find repo: did:plc:4fdztvmvgphchwfybbkei4jo')
2026-03-30T18:37:38Z WARNING bsky_collector_v2.job.index_feed_generators: listRecords failed repo=did:plc:4foynwwgjnd3sdxuistm2uys err=HttpError('InvalidRequest: Could not find repo: did:plc:4foynwwgjnd3sdxuistm2uys')
2026-03-30T18:37:39Z WARNING bsky_collector_v2.job.index_feed_generators: listRecords failed repo=did:plc:4k2lwclzfoimafd2v6n7g7t7 err=HttpError('InvalidRequest: Could not find repo: did:plc:4k2lwclzfoimafd2v6n7g7t7')
2026-03-30T18:37:44Z WARNING bsky_collector_v2.job.index_feed_generators: listRecords failed repo=did:plc:5da4zputq3beyox3nuasac6q err=HttpError('InvalidRequest: Could not find repo: did:plc:5da4zputq3beyox3nuasac6q')
2026-03-30T18:37:48Z WARNING bsky_collector_v2.job.index_feed_generators: listRecords failed repo=did:plc:6c4q7m32g6rkwbe2ybca2s3o err=HttpError('InvalidRequest: Could not find repo: did:plc:6c4q7m32g6rkwbe2ybca2s3o')
2026-03-30T18:37:50Z WARNING bsky_collector_v2.job.index_feed_generators: listRecords failed repo=did:plc:6qfg7k7yjpjmntf6nykvlsxl err=HttpError('InvalidRequest: Could not find repo: did:plc:6qfg7k7yjpjmntf6nykvlsxl')
2026-03-30T18:37:55Z WARNING bsky_collector_v2.job.index_feed_generators: listRecords failed repo=did:plc:7yjhu7gkpavdxibuvwv2mnfa err=HttpError('InvalidRequest: Could not find repo: did:plc:7yjhu7gkpavdxibuvwv2mnfa')
2026-03-30T18:37:55Z WARNING bsky_collector_v2.job.index_feed_generators: listRecords failed repo=did:plc:a7rovnehyil3woywffsp2xux err=HttpError('InvalidRequest: Could not find repo: did:plc:a7rovnehyil3woywffsp2xux')
2026-03-30T18:37:58Z WARNING bsky_collector_v2.job.index_feed_generators: listRecords failed repo=did:plc:bkinkgrnvw7un2kbahchw7wg err=HttpError('InvalidRequest: Could not find repo: did:plc:bkinkgrnvw7un2kbahchw7wg')
2026-03-30T18:37:59Z WARNING bsky_collector_v2.job.index_feed_generators: listRecords failed repo=did:plc:bojrqhkudulev5zsd5g6rnnn err=HttpError('InvalidRequest: Could not find repo: did:plc:bojrqhkudulev5zsd5g6rnnn')
2026-03-30T18:38:07Z WARNING bsky_collector_v2.job.index_feed_generators: listRecords failed repo=did:plc:e46o33f4k2q4ggubzr2vxj4h err=HttpError('InvalidRequest: Could not find repo: did:plc:e46o33f4k2q4ggubzr2vxj4h')
2026-03-30T18:38:09Z WARNING bsky_collector_v2.job.index_feed_generators: listRecords failed repo=did:plc:f6qupdy535po2y7genqf6myr err=HttpError('InvalidRequest: Could not find repo: did:plc:f6qupdy535po2y7genqf6myr')
2026-03-30T18:38:10Z WARNING bsky_collector_v2.job.index_feed_generators: listRecords failed repo=did:plc:fd2o47xabpjvhn3krfoeeymw err=HttpError('InvalidRequest: Could not find repo: did:plc:fd2o47xabpjvhn3krfoeeymw')
2026-03-30T18:38:12Z WARNING bsky_collector_v2.job.index_feed_generators: listRecords failed repo=did:plc:gmadwfjghrxyu76vxvx6yikk err=HttpError('InvalidRequest: Could not find repo: did:plc:gmadwfjghrxyu76vxvx6yikk')
2026-03-30T18:38:18Z WARNING bsky_collector_v2.job.index_feed_generators: listRecords failed repo=did:plc:iof3y3pktf7drzh2yt2r5hco err=HttpError('InvalidRequest: Could not find repo: did:plc:iof3y3pktf7drzh2yt2r5hco')
2026-03-30T18:38:19Z WARNING bsky_collector_v2.job.index_feed_generators: listRecords failed repo=did:plc:isxqqgut7gwlxbezsfhlea4r err=HttpError('InvalidRequest: Could not find repo: did:plc:isxqqgut7gwlxbezsfhlea4r')
2026-03-30T18:38:20Z WARNING bsky_collector_v2.job.index_feed_generators: listRecords failed repo=did:plc:jbtdjnkigfs6axurpwhocjvp err=HttpError('InvalidRequest: Could not find repo: did:plc:jbtdjnkigfs6axurpwhocjvp')
2026-03-30T18:38:20Z WARNING bsky_collector_v2.job.index_feed_generators: listRecords failed repo=did:plc:jds3bq2jmf6dkqmycopkveao err=HttpError('InvalidRequest: Could not find repo: did:plc:jds3bq2jmf6dkqmycopkveao')
2026-03-30T18:38:25Z WARNING bsky_collector_v2.job.index_feed_generators: listRecords failed repo=did:plc:ljklowb5te3kyuwwrrc5d7bb err=HttpError('InvalidRequest: Could not find repo: did:plc:ljklowb5te3kyuwwrrc5d7bb')
2026-03-30T18:38:27Z WARNING bsky_collector_v2.job.index_feed_generators: listRecords failed repo=did:plc:mhopkba63y4q4xukhgljrka2 err=HttpError('InvalidRequest: Could not find repo: did:plc:mhopkba63y4q4xukhgljrka2')
2026-03-30T18:38:31Z WARNING bsky_collector_v2.job.index_feed_generators: listRecords failed repo=did:plc:o5yq2ymumquil5oku2xltgan err=HttpError('InvalidRequest: Could not find repo: did:plc:o5yq2ymumquil5oku2xltgan')
2026-03-30T18:38:31Z WARNING bsky_collector_v2.job.index_feed_generators: listRecords failed repo=did:plc:ohbonjhxgzhsdozt5zaiic77 err=HttpError('InvalidRequest: Could not find repo: did:plc:ohbonjhxgzhsdozt5zaiic77')
2026-03-30T18:38:33Z WARNING bsky_collector_v2.job.index_feed_generators: listRecords failed repo=did:plc:ovkugk3ntz2h6brtctw52unt err=HttpError('InvalidRequest: Could not find repo: did:plc:ovkugk3ntz2h6brtctw52unt')
2026-03-30T18:38:34Z WARNING bsky_collector_v2.job.index_feed_generators: listRecords failed repo=did:plc:pjeh6wxny7wctwxgs2mmq2u6 err=HttpError('InvalidRequest: Could not find repo: did:plc:pjeh6wxny7wctwxgs2mmq2u6')
2026-03-30T18:38:34Z WARNING bsky_collector_v2.job.index_feed_generators: listRecords failed repo=did:plc:pruvevjpnlzt2xnzwibedlm4 err=HttpError('InvalidRequest: Could not find repo: did:plc:pruvevjpnlzt2xnzwibedlm4')
2026-03-30T18:38:36Z WARNING bsky_collector_v2.job.index_feed_generators: listRecords failed repo=did:plc:qqvgonxprb2lqkcfj66ie3r7 err=HttpError('InvalidRequest: Could not find repo: did:plc:qqvgonxprb2lqkcfj66ie3r7')
2026-03-30T18:38:38Z WARNING bsky_collector_v2.job.index_feed_generators: listRecords failed repo=did:plc:rmrnyv4t2oayph73kvgyvm5t err=HttpError('InvalidRequest: Could not find repo: did:plc:rmrnyv4t2oayph73kvgyvm5t')
2026-03-30T18:38:40Z WARNING bsky_collector_v2.job.index_feed_generators: listRecords failed repo=did:plc:ssulq33yecqp7blxlj2jbhlq err=HttpError('InvalidRequest: Could not find repo: did:plc:ssulq33yecqp7blxlj2jbhlq')
2026-03-30T18:38:40Z WARNING bsky_collector_v2.job.index_feed_generators: listRecords failed repo=did:plc:sy72ensaqbdq7wy2odlmurwf err=HttpError('InvalidRequest: Could not find repo: did:plc:sy72ensaqbdq7wy2odlmurwf')
2026-03-30T18:38:47Z WARNING bsky_collector_v2.job.index_feed_generators: listRecords failed repo=did:plc:uq4xtxiuiqnqxpsxczicwoke err=HttpError('InvalidRequest: Could not find repo: did:plc:uq4xtxiuiqnqxpsxczicwoke')
2026-03-30T18:38:52Z WARNING bsky_collector_v2.job.index_feed_generators: listRecords failed repo=did:plc:wjd7d6m72z523ef7qvnifc42 err=HttpError('InvalidRequest: Could not find repo: did:plc:wjd7d6m72z523ef7qvnifc42')
2026-03-30T18:38:55Z WARNING bsky_collector_v2.job.index_feed_generators: listRecords failed repo=did:plc:xecdpbs4xtv3q6kfc5r477bl err=HttpError('InvalidRequest: Could not find repo: did:plc:xecdpbs4xtv3q6kfc5r477bl')
2026-03-30T18:38:58Z WARNING bsky_collector_v2.job.index_feed_generators: listRecords failed repo=did:plc:yue7va3ukv3lm3jnvqu6qnzc err=HttpError('InvalidRequest: Could not find repo: did:plc:yue7va3ukv3lm3jnvqu6qnzc')
2026-03-30T18:38:59Z WARNING bsky_collector_v2.job.index_feed_generators: listRecords failed repo=did:plc:zdjngggocbysqn3mbpiovmtq err=HttpError('InvalidRequest: Could not find repo: did:plc:zdjngggocbysqn3mbpiovmtq')
2026-03-30T18:39:01Z WARNING bsky_collector_v2.job.index_feed_generators: listRecords failed repo=did:plc:2q5c4jxetrxiux2p4tq4u3ze err=HttpError('InvalidRequest: Could not find repo: did:plc:2q5c4jxetrxiux2p4tq4u3ze')
2026-03-30T18:39:02Z WARNING bsky_collector_v2.job.index_feed_generators: listRecords failed repo=did:plc:2z6ucumgyngdquxyfvzmwhdk err=HttpError('InvalidRequest: Could not find repo: did:plc:2z6ucumgyngdquxyfvzmwhdk')
2026-03-30T18:39:02Z WARNING bsky_collector_v2.job.index_feed_generators: listRecords failed repo=did:plc:4fdztvmvgphchwfybbkei4jo err=HttpError('InvalidRequest: Could not find repo: did:plc:4fdztvmvgphchwfybbkei4jo')
2026-03-30T18:39:02Z WARNING bsky_collector_v2.job.index_feed_generators: listRecords failed repo=did:plc:4foynwwgjnd3sdxuistm2uys err=HttpError('InvalidRequest: Could not find repo: did:plc:4foynwwgjnd3sdxuistm2uys')
2026-03-30T18:39:02Z WARNING bsky_collector_v2.job.index_feed_generators: listRecords failed repo=did:plc:4k2lwclzfoimafd2v6n7g7t7 err=HttpError('InvalidRequest: Could not find repo: did:plc:4k2lwclzfoimafd2v6n7g7t7')
2026-03-30T18:39:02Z WARNING bsky_collector_v2.job.index_feed_generators: listRecords failed repo=did:plc:5da4zputq3beyox3nuasac6q err=HttpError('InvalidRequest: Could not find repo: did:plc:5da4zputq3beyox3nuasac6q')
2026-03-30T18:39:02Z WARNING bsky_collector_v2.job.index_feed_generators: listRecords failed repo=did:plc:6c4q7m32g6rkwbe2ybca2s3o err=HttpError('InvalidRequest: Could not find repo: did:plc:6c4q7m32g6rkwbe2ybca2s3o')
2026-03-30T18:39:02Z WARNING bsky_collector_v2.job.index_feed_generators: listRecords failed repo=did:plc:6qfg7k7yjpjmntf6nykvlsxl err=HttpError('InvalidRequest: Could not find repo: did:plc:6qfg7k7yjpjmntf6nykvlsxl')
2026-03-30T18:39:02Z WARNING bsky_collector_v2.job.index_feed_generators: listRecords failed repo=did:plc:7yjhu7gkpavdxibuvwv2mnfa err=HttpError('InvalidRequest: Could not find repo: did:plc:7yjhu7gkpavdxibuvwv2mnfa')
2026-03-30T18:39:02Z WARNING bsky_collector_v2.job.index_feed_generators: listRecords failed repo=did:plc:a7rovnehyil3woywffsp2xux err=HttpError('InvalidRequest: Could not find repo: did:plc:a7rovnehyil3woywffsp2xux')
2026-03-30T18:39:02Z WARNING bsky_collector_v2.job.index_feed_generators: listRecords failed repo=did:plc:bkinkgrnvw7un2kbahchw7wg err=HttpError('InvalidRequest: Could not find repo: did:plc:bkinkgrnvw7un2kbahchw7wg')
2026-03-30T18:39:02Z WARNING bsky_collector_v2.job.index_feed_generators: listRecords failed repo=did:plc:bojrqhkudulev5zsd5g6rnnn err=HttpError('InvalidRequest: Could not find repo: did:plc:bojrqhkudulev5zsd5g6rnnn')
2026-03-30T18:39:02Z WARNING bsky_collector_v2.job.index_feed_generators: listRecords failed repo=did:plc:e46o33f4k2q4ggubzr2vxj4h err=HttpError('InvalidRequest: Could not find repo: did:plc:e46o33f4k2q4ggubzr2vxj4h')
2026-03-30T18:39:02Z WARNING bsky_collector_v2.job.index_feed_generators: listRecords failed repo=did:plc:f6qupdy535po2y7genqf6myr err=HttpError('InvalidRequest: Could not find repo: did:plc:f6qupdy535po2y7genqf6myr')
2026-03-30T18:39:02Z WARNING bsky_collector_v2.job.index_feed_generators: listRecords failed repo=did:plc:fd2o47xabpjvhn3krfoeeymw err=HttpError('InvalidRequest: Could not find repo: did:plc:fd2o47xabpjvhn3krfoeeymw')
2026-03-30T18:39:02Z WARNING bsky_collector_v2.job.index_feed_generators: listRecords failed repo=did:plc:gmadwfjghrxyu76vxvx6yikk err=HttpError('InvalidRequest: Could not find repo: did:plc:gmadwfjghrxyu76vxvx6yikk')
2026-03-30T18:39:02Z WARNING bsky_collector_v2.job.index_feed_generators: listRecords failed repo=did:plc:iof3y3pktf7drzh2yt2r5hco err=HttpError('InvalidRequest: Could not find repo: did:plc:iof3y3pktf7drzh2yt2r5hco')
2026-03-30T18:39:02Z WARNING bsky_collector_v2.job.index_feed_generators: listRecords failed repo=did:plc:isxqqgut7gwlxbezsfhlea4r err=HttpError('InvalidRequest: Could not find repo: did:plc:isxqqgut7gwlxbezsfhlea4r')
2026-03-30T18:39:02Z WARNING bsky_collector_v2.job.index_feed_generators: listRecords failed repo=did:plc:jbtdjnkigfs6axurpwhocjvp err=HttpError('InvalidRequest: Could not find repo: did:plc:jbtdjnkigfs6axurpwhocjvp')
2026-03-30T18:39:02Z WARNING bsky_collector_v2.job.index_feed_generators: listRecords failed repo=did:plc:jds3bq2jmf6dkqmycopkveao err=HttpError('InvalidRequest: Could not find repo: did:plc:jds3bq2jmf6dkqmycopkveao')
2026-03-30T18:39:03Z WARNING bsky_collector_v2.job.index_feed_generators: listRecords failed repo=did:plc:ljklowb5te3kyuwwrrc5d7bb err=HttpError('InvalidRequest: Could not find repo: did:plc:ljklowb5te3kyuwwrrc5d7bb')
2026-03-30T18:39:03Z WARNING bsky_collector_v2.job.index_feed_generators: listRecords failed repo=did:plc:mhopkba63y4q4xukhgljrka2 err=HttpError('InvalidRequest: Could not find repo: did:plc:mhopkba63y4q4xukhgljrka2')
2026-03-30T18:39:03Z WARNING bsky_collector_v2.job.index_feed_generators: listRecords failed repo=did:plc:o5yq2ymumquil5oku2xltgan err=HttpError('InvalidRequest: Could not find repo: did:plc:o5yq2ymumquil5oku2xltgan')
2026-03-30T18:39:03Z WARNING bsky_collector_v2.job.index_feed_generators: listRecords failed repo=did:plc:ohbonjhxgzhsdozt5zaiic77 err=HttpError('InvalidRequest: Could not find repo: did:plc:ohbonjhxgzhsdozt5zaiic77')
2026-03-30T18:39:03Z WARNING bsky_collector_v2.job.index_feed_generators: listRecords failed repo=did:plc:ovkugk3ntz2h6brtctw52unt err=HttpError('InvalidRequest: Could not find repo: did:plc:ovkugk3ntz2h6brtctw52unt')
2026-03-30T18:39:03Z WARNING bsky_collector_v2.job.index_feed_generators: listRecords failed repo=did:plc:pjeh6wxny7wctwxgs2mmq2u6 err=HttpError('InvalidRequest: Could not find repo: did:plc:pjeh6wxny7wctwxgs2mmq2u6')
2026-03-30T18:39:03Z WARNING bsky_collector_v2.job.index_feed_generators: listRecords failed repo=did:plc:pruvevjpnlzt2xnzwibedlm4 err=HttpError('InvalidRequest: Could not find repo: did:plc:pruvevjpnlzt2xnzwibedlm4')
2026-03-30T18:39:03Z WARNING bsky_collector_v2.job.index_feed_generators: listRecords failed repo=did:plc:qqvgonxprb2lqkcfj66ie3r7 err=HttpError('InvalidRequest: Could not find repo: did:plc:qqvgonxprb2lqkcfj66ie3r7')
2026-03-30T18:39:03Z WARNING bsky_collector_v2.job.index_feed_generators: listRecords failed repo=did:plc:rmrnyv4t2oayph73kvgyvm5t err=HttpError('InvalidRequest: Could not find repo: did:plc:rmrnyv4t2oayph73kvgyvm5t')
2026-03-30T18:39:03Z WARNING bsky_collector_v2.job.index_feed_generators: listRecords failed repo=did:plc:ssulq33yecqp7blxlj2jbhlq err=HttpError('InvalidRequest: Could not find repo: did:plc:ssulq33yecqp7blxlj2jbhlq')
2026-03-30T18:39:03Z WARNING bsky_collector_v2.job.index_feed_generators: listRecords failed repo=did:plc:sy72ensaqbdq7wy2odlmurwf err=HttpError('InvalidRequest: Could not find repo: did:plc:sy72ensaqbdq7wy2odlmurwf')
2026-03-30T18:39:03Z WARNING bsky_collector_v2.job.index_feed_generators: listRecords failed repo=did:plc:uq4xtxiuiqnqxpsxczicwoke err=HttpError('InvalidRequest: Could not find repo: did:plc:uq4xtxiuiqnqxpsxczicwoke')
2026-03-30T18:39:03Z WARNING bsky_collector_v2.job.index_feed_generators: listRecords failed repo=did:plc:wjd7d6m72z523ef7qvnifc42 err=HttpError('InvalidRequest: Could not find repo: did:plc:wjd7d6m72z523ef7qvnifc42')
2026-03-30T18:39:03Z WARNING bsky_collector_v2.job.index_feed_generators: listRecords failed repo=did:plc:xecdpbs4xtv3q6kfc5r477bl err=HttpError('InvalidRequest: Could not find repo: did:plc:xecdpbs4xtv3q6kfc5r477bl')
2026-03-30T18:39:03Z WARNING bsky_collector_v2.job.index_feed_generators: listRecords failed repo=did:plc:yue7va3ukv3lm3jnvqu6qnzc err=HttpError('InvalidRequest: Could not find repo: did:plc:yue7va3ukv3lm3jnvqu6qnzc')
2026-03-30T18:39:03Z WARNING bsky_collector_v2.job.index_feed_generators: listRecords failed repo=did:plc:zdjngggocbysqn3mbpiovmtq err=HttpError('InvalidRequest: Could not find repo: did:plc:zdjngggocbysqn3mbpiovmtq')
2026-03-30T18:39:03Z WARNING bsky_collector_v2.job.index_feed_generators: listRecords failed repo=did:plc:2q5c4jxetrxiux2p4tq4u3ze err=HttpError('InvalidRequest: Could not find repo: did:plc:2q5c4jxetrxiux2p4tq4u3ze')
2026-03-30T18:39:03Z WARNING bsky_collector_v2.job.index_feed_generators: listRecords failed repo=did:plc:2z6ucumgyngdquxyfvzmwhdk err=HttpError('InvalidRequest: Could not find repo: did:plc:2z6ucumgyngdquxyfvzmwhdk')
2026-03-30T18:39:03Z WARNING bsky_collector_v2.job.index_feed_generators: listRecords failed repo=did:plc:4fdztvmvgphchwfybbkei4jo err=HttpError('InvalidRequest: Could not find repo: did:plc:4fdztvmvgphchwfybbkei4jo')
2026-03-30T18:39:03Z WARNING bsky_collector_v2.job.index_feed_generators: listRecords failed repo=did:plc:4foynwwgjnd3sdxuistm2uys err=HttpError('InvalidRequest: Could not find repo: did:plc:4foynwwgjnd3sdxuistm2uys')
2026-03-30T18:39:04Z WARNING bsky_collector_v2.job.index_feed_generators: listRecords failed repo=did:plc:4k2lwclzfoimafd2v6n7g7t7 err=HttpError('InvalidRequest: Could not find repo: did:plc:4k2lwclzfoimafd2v6n7g7t7')
2026-03-30T18:39:04Z WARNING bsky_collector_v2.job.index_feed_generators: listRecords failed repo=did:plc:5da4zputq3beyox3nuasac6q err=HttpError('InvalidRequest: Could not find repo: did:plc:5da4zputq3beyox3nuasac6q')
2026-03-30T18:39:04Z WARNING bsky_collector_v2.job.index_feed_generators: listRecords failed repo=did:plc:6c4q7m32g6rkwbe2ybca2s3o err=HttpError('InvalidRequest: Could not find repo: did:plc:6c4q7m32g6rkwbe2ybca2s3o')
2026-03-30T18:39:04Z WARNING bsky_collector_v2.job.index_feed_generators: listRecords failed repo=did:plc:6qfg7k7yjpjmntf6nykvlsxl err=HttpError('InvalidRequest: Could not find repo: did:plc:6qfg7k7yjpjmntf6nykvlsxl')
2026-03-30T18:39:04Z WARNING bsky_collector_v2.job.index_feed_generators: listRecords failed repo=did:plc:7yjhu7gkpavdxibuvwv2mnfa err=HttpError('InvalidRequest: Could not find repo: did:plc:7yjhu7gkpavdxibuvwv2mnfa')
2026-03-30T18:39:04Z WARNING bsky_collector_v2.job.index_feed_generators: listRecords failed repo=did:plc:a7rovnehyil3woywffsp2xux err=HttpError('InvalidRequest: Could not find repo: did:plc:a7rovnehyil3woywffsp2xux')
2026-03-30T18:39:04Z WARNING bsky_collector_v2.job.index_feed_generators: listRecords failed repo=did:plc:bkinkgrnvw7un2kbahchw7wg err=HttpError('InvalidRequest: Could not find repo: did:plc:bkinkgrnvw7un2kbahchw7wg')
2026-03-30T18:39:04Z WARNING bsky_collector_v2.job.index_feed_generators: listRecords failed repo=did:plc:bojrqhkudulev5zsd5g6rnnn err=HttpError('InvalidRequest: Could not find repo: did:plc:bojrqhkudulev5zsd5g6rnnn')
2026-03-30T18:39:04Z WARNING bsky_collector_v2.job.index_feed_generators: listRecords failed repo=did:plc:e46o33f4k2q4ggubzr2vxj4h err=HttpError('InvalidRequest: Could not find repo: did:plc:e46o33f4k2q4ggubzr2vxj4h')
2026-03-30T18:39:04Z WARNING bsky_collector_v2.job.index_feed_generators: listRecords failed repo=did:plc:f6qupdy535po2y7genqf6myr err=HttpError('InvalidRequest: Could not find repo: did:plc:f6qupdy535po2y7genqf6myr')
2026-03-30T18:39:04Z WARNING bsky_collector_v2.job.index_feed_generators: listRecords failed repo=did:plc:fd2o47xabpjvhn3krfoeeymw err=HttpError('InvalidRequest: Could not find repo: did:plc:fd2o47xabpjvhn3krfoeeymw')
2026-03-30T18:39:04Z WARNING bsky_collector_v2.job.index_feed_generators: listRecords failed repo=did:plc:gmadwfjghrxyu76vxvx6yikk err=HttpError('InvalidRequest: Could not find repo: did:plc:gmadwfjghrxyu76vxvx6yikk')
2026-03-30T18:39:04Z WARNING bsky_collector_v2.job.index_feed_generators: listRecords failed repo=did:plc:iof3y3pktf7drzh2yt2r5hco err=HttpError('InvalidRequest: Could not find repo: did:plc:iof3y3pktf7drzh2yt2r5hco')
2026-03-30T18:39:04Z WARNING bsky_collector_v2.job.index_feed_generators: listRecords failed repo=did:plc:isxqqgut7gwlxbezsfhlea4r err=HttpError('InvalidRequest: Could not find repo: did:plc:isxqqgut7gwlxbezsfhlea4r')
2026-03-30T18:39:04Z WARNING bsky_collector_v2.job.index_feed_generators: listRecords failed repo=did:plc:jbtdjnkigfs6axurpwhocjvp err=HttpError('InvalidRequest: Could not find repo: did:plc:jbtdjnkigfs6axurpwhocjvp')
2026-03-30T18:39:04Z WARNING bsky_collector_v2.job.index_feed_generators: listRecords failed repo=did:plc:jds3bq2jmf6dkqmycopkveao err=HttpError('InvalidRequest: Could not find repo: did:plc:jds3bq2jmf6dkqmycopkveao')
2026-03-30T18:39:04Z WARNING bsky_collector_v2.job.index_feed_generators: listRecords failed repo=did:plc:ljklowb5te3kyuwwrrc5d7bb err=HttpError('InvalidRequest: Could not find repo: did:plc:ljklowb5te3kyuwwrrc5d7bb')
2026-03-30T18:39:04Z WARNING bsky_collector_v2.job.index_feed_generators: listRecords failed repo=did:plc:mhopkba63y4q4xukhgljrka2 err=HttpError('InvalidRequest: Could not find repo: did:plc:mhopkba63y4q4xukhgljrka2')
2026-03-30T18:39:04Z WARNING bsky_collector_v2.job.index_feed_generators: listRecords failed repo=did:plc:o5yq2ymumquil5oku2xltgan err=HttpError('InvalidRequest: Could not find repo: did:plc:o5yq2ymumquil5oku2xltgan')
2026-03-30T18:39:05Z WARNING bsky_collector_v2.job.index_feed_generators: listRecords failed repo=did:plc:ohbonjhxgzhsdozt5zaiic77 err=HttpError('InvalidRequest: Could not find repo: did:plc:ohbonjhxgzhsdozt5zaiic77')
2026-03-30T18:39:05Z WARNING bsky_collector_v2.job.index_feed_generators: listRecords failed repo=did:plc:ovkugk3ntz2h6brtctw52unt err=HttpError('InvalidRequest: Could not find repo: did:plc:ovkugk3ntz2h6brtctw52unt')
2026-03-30T18:39:05Z WARNING bsky_collector_v2.job.index_feed_generators: listRecords failed repo=did:plc:pjeh6wxny7wctwxgs2mmq2u6 err=HttpError('InvalidRequest: Could not find repo: did:plc:pjeh6wxny7wctwxgs2mmq2u6')
2026-03-30T18:39:05Z WARNING bsky_collector_v2.job.index_feed_generators: listRecords failed repo=did:plc:pruvevjpnlzt2xnzwibedlm4 err=HttpError('InvalidRequest: Could not find repo: did:plc:pruvevjpnlzt2xnzwibedlm4')
2026-03-30T18:39:05Z WARNING bsky_collector_v2.job.index_feed_generators: listRecords failed repo=did:plc:qqvgonxprb2lqkcfj66ie3r7 err=HttpError('InvalidRequest: Could not find repo: did:plc:qqvgonxprb2lqkcfj66ie3r7')
2026-03-30T18:39:05Z WARNING bsky_collector_v2.job.index_feed_generators: listRecords failed repo=did:plc:rmrnyv4t2oayph73kvgyvm5t err=HttpError('InvalidRequest: Could not find repo: did:plc:rmrnyv4t2oayph73kvgyvm5t')
2026-03-30T18:39:05Z WARNING bsky_collector_v2.job.index_feed_generators: listRecords failed repo=did:plc:ssulq33yecqp7blxlj2jbhlq err=HttpError('InvalidRequest: Could not find repo: did:plc:ssulq33yecqp7blxlj2jbhlq')
2026-03-30T18:39:05Z WARNING bsky_collector_v2.job.index_feed_generators: listRecords failed repo=did:plc:sy72ensaqbdq7wy2odlmurwf err=HttpError('InvalidRequest: Could not find repo: did:plc:sy72ensaqbdq7wy2odlmurwf')
2026-03-30T18:39:05Z WARNING bsky_collector_v2.job.index_feed_generators: listRecords failed repo=did:plc:uq4xtxiuiqnqxpsxczicwoke err=HttpError('InvalidRequest: Could not find repo: did:plc:uq4xtxiuiqnqxpsxczicwoke')
2026-03-30T18:39:05Z WARNING bsky_collector_v2.job.index_feed_generators: listRecords failed repo=did:plc:wjd7d6m72z523ef7qvnifc42 err=HttpError('InvalidRequest: Could not find repo: did:plc:wjd7d6m72z523ef7qvnifc42')
2026-03-30T18:39:05Z WARNING bsky_collector_v2.job.index_feed_generators: listRecords failed repo=did:plc:xecdpbs4xtv3q6kfc5r477bl err=HttpError('InvalidRequest: Could not find repo: did:plc:xecdpbs4xtv3q6kfc5r477bl')
2026-03-30T18:39:05Z WARNING bsky_collector_v2.job.index_feed_generators: listRecords failed repo=did:plc:yue7va3ukv3lm3jnvqu6qnzc err=HttpError('InvalidRequest: Could not find repo: did:plc:yue7va3ukv3lm3jnvqu6qnzc')
2026-03-30T18:39:05Z WARNING bsky_collector_v2.job.index_feed_generators: listRecords failed repo=did:plc:zdjngggocbysqn3mbpiovmtq err=HttpError('InvalidRequest: Could not find repo: did:plc:zdjngggocbysqn3mbpiovmtq')
2026-03-30T18:39:06Z INFO bsky_collector_v2.job.index_feed_generators: enqueued repos page=9 mode=listRepos inserted=500 repos_returned=500 next_cursor=set
2026-03-30T18:39:07Z WARNING bsky_collector_v2.job.index_feed_generators: listRecords failed repo=did:plc:2pspoiozppdz44jdtrj3pemh err=HttpError('InvalidRequest: Could not find repo: did:plc:2pspoiozppdz44jdtrj3pemh')
2026-03-30T18:39:08Z WARNING bsky_collector_v2.job.index_feed_generators: listRecords failed repo=did:plc:2yb25mo6cn3jdugi24mdiz3h err=HttpError('InvalidRequest: Could not find repo: did:plc:2yb25mo6cn3jdugi24mdiz3h')
2026-03-30T18:39:10Z WARNING bsky_collector_v2.job.index_feed_generators: listRecords failed repo=did:plc:3ndcvxa43kmsnot74rcervlm err=HttpError('InvalidRequest: Could not find repo: did:plc:3ndcvxa43kmsnot74rcervlm')
2026-03-30T18:39:10Z WARNING bsky_collector_v2.job.index_feed_generators: listRecords failed repo=did:plc:3ss37uemovzwypgt2rzlft7r err=HttpError('InvalidRequest: Could not find repo: did:plc:3ss37uemovzwypgt2rzlft7r')
2026-03-30T18:39:11Z WARNING bsky_collector_v2.job.index_feed_generators: listRecords failed repo=did:plc:3xbubwbddiewmwjzw6wks7wl err=HttpError('InvalidRequest: Could not find repo: did:plc:3xbubwbddiewmwjzw6wks7wl')
2026-03-30T18:39:12Z WARNING bsky_collector_v2.job.index_feed_generators: listRecords failed repo=did:plc:52fmnukvgkd5cq6y2kvjftp3 err=HttpError('InvalidRequest: Could not find repo: did:plc:52fmnukvgkd5cq6y2kvjftp3')
2026-03-30T18:39:14Z WARNING bsky_collector_v2.job.index_feed_generators: listRecords failed repo=did:plc:5nyiswqoev2vld3iwjeg4h5j err=HttpError('InvalidRequest: Could not find repo: did:plc:5nyiswqoev2vld3iwjeg4h5j')
2026-03-30T18:39:15Z WARNING bsky_collector_v2.job.index_feed_generators: listRecords failed repo=did:plc:5ywn6ab3shxownnvs3alsyeg err=HttpError('InvalidRequest: Could not find repo: did:plc:5ywn6ab3shxownnvs3alsyeg')
2026-03-30T18:39:17Z WARNING bsky_collector_v2.job.index_feed_generators: listRecords failed repo=did:plc:6negqkv4sxdwymsbyilt6his err=HttpError('InvalidRequest: Could not find repo: did:plc:6negqkv4sxdwymsbyilt6his')
2026-03-30T18:39:20Z WARNING bsky_collector_v2.job.index_feed_generators: listRecords failed repo=did:plc:a744gd3zglgvt5q7g7qenjim err=HttpError('InvalidRequest: Could not find repo: did:plc:a744gd3zglgvt5q7g7qenjim')
2026-03-30T18:39:21Z WARNING bsky_collector_v2.job.index_feed_generators: listRecords failed repo=did:plc:an4hs2wwxzzeahr5h46ndcpa err=HttpError('InvalidRequest: Could not find repo: did:plc:an4hs2wwxzzeahr5h46ndcpa')
2026-03-30T18:39:24Z WARNING bsky_collector_v2.job.index_feed_generators: listRecords failed repo=did:plc:blialt7tymzpfwf6d76b7qxu err=HttpError('InvalidRequest: Could not find repo: did:plc:blialt7tymzpfwf6d76b7qxu')
2026-03-30T18:39:26Z WARNING bsky_collector_v2.job.index_feed_generators: listRecords failed repo=did:plc:c73iuwdd5wqljwpk5cm6dazo err=HttpError('InvalidRequest: Could not find repo: did:plc:c73iuwdd5wqljwpk5cm6dazo')
2026-03-30T18:39:28Z WARNING bsky_collector_v2.job.index_feed_generators: listRecords failed repo=did:plc:coq3xaetn7xnxy5yqsungoqi err=HttpError('InvalidRequest: Could not find repo: did:plc:coq3xaetn7xnxy5yqsungoqi')
2026-03-30T18:39:30Z WARNING bsky_collector_v2.job.index_feed_generators: listRecords failed repo=did:plc:dk7cpkbeccuye2okwpzqnbjo err=HttpError('InvalidRequest: Could not find repo: did:plc:dk7cpkbeccuye2okwpzqnbjo')
2026-03-30T18:39:31Z WARNING bsky_collector_v2.job.index_feed_generators: listRecords failed repo=did:plc:dqq6edu55arxizoc4tzfubwg err=HttpError('InvalidRequest: Could not find repo: did:plc:dqq6edu55arxizoc4tzfubwg')
2026-03-30T18:39:32Z WARNING bsky_collector_v2.job.index_feed_generators: listRecords failed repo=did:plc:e7fuzxthlg5j3vxagtqnt7gt err=HttpError('InvalidRequest: Could not find repo: did:plc:e7fuzxthlg5j3vxagtqnt7gt')
2026-03-30T18:39:33Z WARNING bsky_collector_v2.job.index_feed_generators: listRecords failed repo=did:plc:ewm42du3iw5zlgwpgq3yuzfi err=HttpError('InvalidRequest: Could not find repo: did:plc:ewm42du3iw5zlgwpgq3yuzfi')
2026-03-30T18:39:34Z WARNING bsky_collector_v2.job.index_feed_generators: listRecords failed repo=did:plc:f4pmy5adyp2k4vtzcfxyowo2 err=HttpError('InvalidRequest: Could not find repo: did:plc:f4pmy5adyp2k4vtzcfxyowo2')
2026-03-30T18:39:36Z WARNING bsky_collector_v2.job.index_feed_generators: listRecords failed repo=did:plc:gkr5lyi5qm356e342i5yxfeg err=HttpError('InvalidRequest: Could not find repo: did:plc:gkr5lyi5qm356e342i5yxfeg')
2026-03-30T18:39:37Z WARNING bsky_collector_v2.job.index_feed_generators: listRecords failed repo=did:plc:gsy5swatno6ou7c635ppmneq err=HttpError('InvalidRequest: Could not find repo: did:plc:gsy5swatno6ou7c635ppmneq')
2026-03-30T18:39:37Z WARNING bsky_collector_v2.job.index_feed_generators: listRecords failed repo=did:plc:gt2z2gc3cgu5dp2pwuch2yuv err=HttpError('InvalidRequest: Could not find repo: did:plc:gt2z2gc3cgu5dp2pwuch2yuv')
2026-03-30T18:39:38Z WARNING bsky_collector_v2.job.index_feed_generators: listRecords failed repo=did:plc:hcyyvswrnvxm6gt3htq6zrpq err=HttpError('InvalidRequest: Could not find repo: did:plc:hcyyvswrnvxm6gt3htq6zrpq')
2026-03-30T18:39:39Z WARNING bsky_collector_v2.job.index_feed_generators: listRecords failed repo=did:plc:hjzxbzaorz2ghs6w6gro4aoc err=HttpError('InvalidRequest: Could not find repo: did:plc:hjzxbzaorz2ghs6w6gro4aoc')
2026-03-30T18:39:44Z WARNING bsky_collector_v2.job.index_feed_generators: listRecords failed repo=did:plc:jffbfq6jx2vz64abcnrkkqk2 err=HttpError('InvalidRequest: Could not find repo: did:plc:jffbfq6jx2vz64abcnrkkqk2')
2026-03-30T18:39:47Z WARNING bsky_collector_v2.job.index_feed_generators: listRecords failed repo=did:plc:ki7ymtuw5g5qth75tkcbvfte err=HttpError('InvalidRequest: Could not find repo: did:plc:ki7ymtuw5g5qth75tkcbvfte')
2026-03-30T18:39:48Z WARNING bsky_collector_v2.job.index_feed_generators: listRecords failed repo=did:plc:l2736r2aamh37mxwuu5ivj6y err=HttpError('InvalidRequest: Could not find repo: did:plc:l2736r2aamh37mxwuu5ivj6y')
2026-03-30T18:39:49Z WARNING bsky_collector_v2.job.index_feed_generators: listRecords failed repo=did:plc:lddaafdzme4hjrft5yjsdwgl err=HttpError('InvalidRequest: Could not find repo: did:plc:lddaafdzme4hjrft5yjsdwgl')
2026-03-30T18:39:50Z WARNING bsky_collector_v2.job.index_feed_generators: listRecords failed repo=did:plc:lrbjlxfn54dhian33vcuj62j err=HttpError('InvalidRequest: Could not find repo: did:plc:lrbjlxfn54dhian33vcuj62j')
2026-03-30T18:39:50Z WARNING bsky_collector_v2.job.index_feed_generators: listRecords failed repo=did:plc:ltlt3wgqi5ydwvrkwpaj2dlu err=HttpError('InvalidRequest: Could not find repo: did:plc:ltlt3wgqi5ydwvrkwpaj2dlu')
2026-03-30T18:39:51Z WARNING bsky_collector_v2.job.index_feed_generators: listRecords failed repo=did:plc:m7czsr7t4fqb7g2gcv6loghz err=HttpError('InvalidRequest: Could not find repo: did:plc:m7czsr7t4fqb7g2gcv6loghz')
2026-03-30T18:39:51Z WARNING bsky_collector_v2.job.index_feed_generators: listRecords failed repo=did:plc:mfmxwgxao3kbzrhroap3oviu err=HttpError('InvalidRequest: Could not find repo: did:plc:mfmxwgxao3kbzrhroap3oviu')
2026-03-30T18:39:54Z WARNING bsky_collector_v2.job.index_feed_generators: listRecords failed repo=did:plc:ndafmc4h6lbcultsdaev7dvb err=HttpError('InvalidRequest: Could not find repo: did:plc:ndafmc4h6lbcultsdaev7dvb')
2026-03-30T18:39:54Z WARNING bsky_collector_v2.job.index_feed_generators: listRecords failed repo=did:plc:nszypkp7irhevl3q56zrzu7y err=HttpError('InvalidRequest: Could not find repo: did:plc:nszypkp7irhevl3q56zrzu7y')
2026-03-30T18:39:55Z WARNING bsky_collector_v2.job.index_feed_generators: listRecords failed repo=did:plc:nycpq7iol3gzir3kpmmmymip err=HttpError('InvalidRequest: Could not find repo: did:plc:nycpq7iol3gzir3kpmmmymip')
2026-03-30T18:40:00Z WARNING bsky_collector_v2.job.index_feed_generators: listRecords failed repo=did:plc:pmrvmegjj7x7pqtkubt6udkp err=HttpError('InvalidRequest: Could not find repo: did:plc:pmrvmegjj7x7pqtkubt6udkp')
2026-03-30T18:40:03Z WARNING bsky_collector_v2.job.index_feed_generators: listRecords failed repo=did:plc:qpvo4vrgcioi7qfreghptfw3 err=HttpError('InvalidRequest: Could not find repo: did:plc:qpvo4vrgcioi7qfreghptfw3')
2026-03-30T18:40:15Z WARNING bsky_collector_v2.job.index_feed_generators: listRecords failed repo=did:plc:saf2v5ob4ttif3md4urubtpw err=HttpError('InvalidRequest: Could not find repo: did:plc:saf2v5ob4ttif3md4urubtpw')
2026-03-30T18:40:23Z WARNING bsky_collector_v2.job.index_feed_generators: listRecords failed repo=did:plc:tr4thhdd5epxov2paniwo3yw err=HttpError('InvalidRequest: Could not find repo: did:plc:tr4thhdd5epxov2paniwo3yw')
2026-03-30T18:40:24Z WARNING bsky_collector_v2.job.index_feed_generators: listRecords failed repo=did:plc:twngtint6rdd27v4ne7i34ts err=HttpError('InvalidRequest: Could not find repo: did:plc:twngtint6rdd27v4ne7i34ts')
2026-03-30T18:40:24Z WARNING bsky_collector_v2.job.index_feed_generators: listRecords failed repo=did:plc:udjr6xrqe44bu5pzcxxu7m77 err=HttpError('InvalidRequest: Could not find repo: did:plc:udjr6xrqe44bu5pzcxxu7m77')
2026-03-30T18:40:32Z WARNING bsky_collector_v2.job.index_feed_generators: listRecords failed repo=did:plc:whim6wh7bzmyo6njxabem5km err=HttpError('InvalidRequest: Could not find repo: did:plc:whim6wh7bzmyo6njxabem5km')
2026-03-30T18:40:32Z WARNING bsky_collector_v2.job.index_feed_generators: listRecords failed repo=did:plc:woctqrquizmvbtogwy52g2uy err=HttpError('InvalidRequest: Could not find repo: did:plc:woctqrquizmvbtogwy52g2uy')
2026-03-30T18:40:33Z WARNING bsky_collector_v2.job.index_feed_generators: listRecords failed repo=did:plc:wwlasmygkrah6lmzixgqxkff err=HttpError('InvalidRequest: Could not find repo: did:plc:wwlasmygkrah6lmzixgqxkff')
2026-03-30T18:40:33Z WARNING bsky_collector_v2.job.index_feed_generators: listRecords failed repo=did:plc:x22jdrydkncncnimo2zcugbo err=HttpError('InvalidRequest: Could not find repo: did:plc:x22jdrydkncncnimo2zcugbo')
2026-03-30T18:40:35Z WARNING bsky_collector_v2.job.index_feed_generators: listRecords failed repo=did:plc:xrinmvyxmff6x735rl7acnqc err=HttpError('InvalidRequest: Could not find repo: did:plc:xrinmvyxmff6x735rl7acnqc')
2026-03-30T18:40:41Z WARNING bsky_collector_v2.job.index_feed_generators: listRecords failed repo=did:plc:2pspoiozppdz44jdtrj3pemh err=HttpError('InvalidRequest: Could not find repo: did:plc:2pspoiozppdz44jdtrj3pemh')
2026-03-30T18:40:41Z WARNING bsky_collector_v2.job.index_feed_generators: listRecords failed repo=did:plc:2yb25mo6cn3jdugi24mdiz3h err=HttpError('InvalidRequest: Could not find repo: did:plc:2yb25mo6cn3jdugi24mdiz3h')
2026-03-30T18:40:41Z WARNING bsky_collector_v2.job.index_feed_generators: listRecords failed repo=did:plc:3ndcvxa43kmsnot74rcervlm err=HttpError('InvalidRequest: Could not find repo: did:plc:3ndcvxa43kmsnot74rcervlm')
2026-03-30T18:40:41Z WARNING bsky_collector_v2.job.index_feed_generators: listRecords failed repo=did:plc:3ss37uemovzwypgt2rzlft7r err=HttpError('InvalidRequest: Could not find repo: did:plc:3ss37uemovzwypgt2rzlft7r')
2026-03-30T18:40:41Z WARNING bsky_collector_v2.job.index_feed_generators: listRecords failed repo=did:plc:3xbubwbddiewmwjzw6wks7wl err=HttpError('InvalidRequest: Could not find repo: did:plc:3xbubwbddiewmwjzw6wks7wl')
2026-03-30T18:40:41Z WARNING bsky_collector_v2.job.index_feed_generators: listRecords failed repo=did:plc:52fmnukvgkd5cq6y2kvjftp3 err=HttpError('InvalidRequest: Could not find repo: did:plc:52fmnukvgkd5cq6y2kvjftp3')
2026-03-30T18:40:41Z WARNING bsky_collector_v2.job.index_feed_generators: listRecords failed repo=did:plc:5nyiswqoev2vld3iwjeg4h5j err=HttpError('InvalidRequest: Could not find repo: did:plc:5nyiswqoev2vld3iwjeg4h5j')
2026-03-30T18:40:41Z WARNING bsky_collector_v2.job.index_feed_generators: listRecords failed repo=did:plc:5ywn6ab3shxownnvs3alsyeg err=HttpError('InvalidRequest: Could not find repo: did:plc:5ywn6ab3shxownnvs3alsyeg')
2026-03-30T18:40:41Z WARNING bsky_collector_v2.job.index_feed_generators: listRecords failed repo=did:plc:6negqkv4sxdwymsbyilt6his err=HttpError('InvalidRequest: Could not find repo: did:plc:6negqkv4sxdwymsbyilt6his')
2026-03-30T18:40:41Z WARNING bsky_collector_v2.job.index_feed_generators: listRecords failed repo=did:plc:a744gd3zglgvt5q7g7qenjim err=HttpError('InvalidRequest: Could not find repo: did:plc:a744gd3zglgvt5q7g7qenjim')
2026-03-30T18:40:41Z WARNING bsky_collector_v2.job.index_feed_generators: listRecords failed repo=did:plc:an4hs2wwxzzeahr5h46ndcpa err=HttpError('InvalidRequest: Could not find repo: did:plc:an4hs2wwxzzeahr5h46ndcpa')
2026-03-30T18:40:41Z WARNING bsky_collector_v2.job.index_feed_generators: listRecords failed repo=did:plc:blialt7tymzpfwf6d76b7qxu err=HttpError('InvalidRequest: Could not find repo: did:plc:blialt7tymzpfwf6d76b7qxu')
2026-03-30T18:40:41Z WARNING bsky_collector_v2.job.index_feed_generators: listRecords failed repo=did:plc:c73iuwdd5wqljwpk5cm6dazo err=HttpError('InvalidRequest: Could not find repo: did:plc:c73iuwdd5wqljwpk5cm6dazo')
2026-03-30T18:40:42Z WARNING bsky_collector_v2.job.index_feed_generators: listRecords failed repo=did:plc:coq3xaetn7xnxy5yqsungoqi err=HttpError('InvalidRequest: Could not find repo: did:plc:coq3xaetn7xnxy5yqsungoqi')
2026-03-30T18:40:42Z WARNING bsky_collector_v2.job.index_feed_generators: listRecords failed repo=did:plc:dk7cpkbeccuye2okwpzqnbjo err=HttpError('InvalidRequest: Could not find repo: did:plc:dk7cpkbeccuye2okwpzqnbjo')
2026-03-30T18:40:42Z WARNING bsky_collector_v2.job.index_feed_generators: listRecords failed repo=did:plc:dqq6edu55arxizoc4tzfubwg err=HttpError('InvalidRequest: Could not find repo: did:plc:dqq6edu55arxizoc4tzfubwg')
2026-03-30T18:40:42Z WARNING bsky_collector_v2.job.index_feed_generators: listRecords failed repo=did:plc:e7fuzxthlg5j3vxagtqnt7gt err=HttpError('InvalidRequest: Could not find repo: did:plc:e7fuzxthlg5j3vxagtqnt7gt')
2026-03-30T18:40:42Z WARNING bsky_collector_v2.job.index_feed_generators: listRecords failed repo=did:plc:ewm42du3iw5zlgwpgq3yuzfi err=HttpError('InvalidRequest: Could not find repo: did:plc:ewm42du3iw5zlgwpgq3yuzfi')
2026-03-30T18:40:42Z WARNING bsky_collector_v2.job.index_feed_generators: listRecords failed repo=did:plc:f4pmy5adyp2k4vtzcfxyowo2 err=HttpError('InvalidRequest: Could not find repo: did:plc:f4pmy5adyp2k4vtzcfxyowo2')
2026-03-30T18:40:42Z WARNING bsky_collector_v2.job.index_feed_generators: listRecords failed repo=did:plc:gkr5lyi5qm356e342i5yxfeg err=HttpError('InvalidRequest: Could not find repo: did:plc:gkr5lyi5qm356e342i5yxfeg')
2026-03-30T18:40:42Z WARNING bsky_collector_v2.job.index_feed_generators: listRecords failed repo=did:plc:gsy5swatno6ou7c635ppmneq err=HttpError('InvalidRequest: Could not find repo: did:plc:gsy5swatno6ou7c635ppmneq')
2026-03-30T18:40:42Z WARNING bsky_collector_v2.job.index_feed_generators: listRecords failed repo=did:plc:gt2z2gc3cgu5dp2pwuch2yuv err=HttpError('InvalidRequest: Could not find repo: did:plc:gt2z2gc3cgu5dp2pwuch2yuv')
2026-03-30T18:40:42Z WARNING bsky_collector_v2.job.index_feed_generators: listRecords failed repo=did:plc:hcyyvswrnvxm6gt3htq6zrpq err=HttpError('InvalidRequest: Could not find repo: did:plc:hcyyvswrnvxm6gt3htq6zrpq')
2026-03-30T18:40:42Z WARNING bsky_collector_v2.job.index_feed_generators: listRecords failed repo=did:plc:hjzxbzaorz2ghs6w6gro4aoc err=HttpError('InvalidRequest: Could not find repo: did:plc:hjzxbzaorz2ghs6w6gro4aoc')
2026-03-30T18:40:42Z WARNING bsky_collector_v2.job.index_feed_generators: listRecords failed repo=did:plc:jffbfq6jx2vz64abcnrkkqk2 err=HttpError('InvalidRequest: Could not find repo: did:plc:jffbfq6jx2vz64abcnrkkqk2')
2026-03-30T18:40:42Z WARNING bsky_collector_v2.job.index_feed_generators: listRecords failed repo=did:plc:ki7ymtuw5g5qth75tkcbvfte err=HttpError('InvalidRequest: Could not find repo: did:plc:ki7ymtuw5g5qth75tkcbvfte')
2026-03-30T18:40:42Z WARNING bsky_collector_v2.job.index_feed_generators: listRecords failed repo=did:plc:l2736r2aamh37mxwuu5ivj6y err=HttpError('InvalidRequest: Could not find repo: did:plc:l2736r2aamh37mxwuu5ivj6y')
2026-03-30T18:40:42Z WARNING bsky_collector_v2.job.index_feed_generators: listRecords failed repo=did:plc:lddaafdzme4hjrft5yjsdwgl err=HttpError('InvalidRequest: Could not find repo: did:plc:lddaafdzme4hjrft5yjsdwgl')
2026-03-30T18:40:42Z WARNING bsky_collector_v2.job.index_feed_generators: listRecords failed repo=did:plc:lrbjlxfn54dhian33vcuj62j err=HttpError('InvalidRequest: Could not find repo: did:plc:lrbjlxfn54dhian33vcuj62j')
2026-03-30T18:40:42Z WARNING bsky_collector_v2.job.index_feed_generators: listRecords failed repo=did:plc:ltlt3wgqi5ydwvrkwpaj2dlu err=HttpError('InvalidRequest: Could not find repo: did:plc:ltlt3wgqi5ydwvrkwpaj2dlu')
2026-03-30T18:40:42Z WARNING bsky_collector_v2.job.index_feed_generators: listRecords failed repo=did:plc:m7czsr7t4fqb7g2gcv6loghz err=HttpError('InvalidRequest: Could not find repo: did:plc:m7czsr7t4fqb7g2gcv6loghz')
2026-03-30T18:40:43Z WARNING bsky_collector_v2.job.index_feed_generators: listRecords failed repo=did:plc:mfmxwgxao3kbzrhroap3oviu err=HttpError('InvalidRequest: Could not find repo: did:plc:mfmxwgxao3kbzrhroap3oviu')
2026-03-30T18:40:43Z WARNING bsky_collector_v2.job.index_feed_generators: listRecords failed repo=did:plc:ndafmc4h6lbcultsdaev7dvb err=HttpError('InvalidRequest: Could not find repo: did:plc:ndafmc4h6lbcultsdaev7dvb')
2026-03-30T18:40:43Z WARNING bsky_collector_v2.job.index_feed_generators: listRecords failed repo=did:plc:nszypkp7irhevl3q56zrzu7y err=HttpError('InvalidRequest: Could not find repo: did:plc:nszypkp7irhevl3q56zrzu7y')
2026-03-30T18:40:43Z WARNING bsky_collector_v2.job.index_feed_generators: listRecords failed repo=did:plc:nycpq7iol3gzir3kpmmmymip err=HttpError('InvalidRequest: Could not find repo: did:plc:nycpq7iol3gzir3kpmmmymip')
2026-03-30T18:40:43Z WARNING bsky_collector_v2.job.index_feed_generators: listRecords failed repo=did:plc:pmrvmegjj7x7pqtkubt6udkp err=HttpError('InvalidRequest: Could not find repo: did:plc:pmrvmegjj7x7pqtkubt6udkp')
2026-03-30T18:40:43Z WARNING bsky_collector_v2.job.index_feed_generators: listRecords failed repo=did:plc:qpvo4vrgcioi7qfreghptfw3 err=HttpError('InvalidRequest: Could not find repo: did:plc:qpvo4vrgcioi7qfreghptfw3')
2026-03-30T18:40:43Z WARNING bsky_collector_v2.job.index_feed_generators: listRecords failed repo=did:plc:saf2v5ob4ttif3md4urubtpw err=HttpError('InvalidRequest: Could not find repo: did:plc:saf2v5ob4ttif3md4urubtpw')
2026-03-30T18:40:43Z WARNING bsky_collector_v2.job.index_feed_generators: listRecords failed repo=did:plc:tr4thhdd5epxov2paniwo3yw err=HttpError('InvalidRequest: Could not find repo: did:plc:tr4thhdd5epxov2paniwo3yw')
2026-03-30T18:40:43Z WARNING bsky_collector_v2.job.index_feed_generators: listRecords failed repo=did:plc:twngtint6rdd27v4ne7i34ts err=HttpError('InvalidRequest: Could not find repo: did:plc:twngtint6rdd27v4ne7i34ts')
2026-03-30T18:40:43Z WARNING bsky_collector_v2.job.index_feed_generators: listRecords failed repo=did:plc:udjr6xrqe44bu5pzcxxu7m77 err=HttpError('InvalidRequest: Could not find repo: did:plc:udjr6xrqe44bu5pzcxxu7m77')
2026-03-30T18:40:43Z WARNING bsky_collector_v2.job.index_feed_generators: listRecords failed repo=did:plc:whim6wh7bzmyo6njxabem5km err=HttpError('InvalidRequest: Could not find repo: did:plc:whim6wh7bzmyo6njxabem5km')
2026-03-30T18:40:43Z WARNING bsky_collector_v2.job.index_feed_generators: listRecords failed repo=did:plc:woctqrquizmvbtogwy52g2uy err=HttpError('InvalidRequest: Could not find repo: did:plc:woctqrquizmvbtogwy52g2uy')
2026-03-30T18:40:43Z WARNING bsky_collector_v2.job.index_feed_generators: listRecords failed repo=did:plc:wwlasmygkrah6lmzixgqxkff err=HttpError('InvalidRequest: Could not find repo: did:plc:wwlasmygkrah6lmzixgqxkff')
2026-03-30T18:40:43Z WARNING bsky_collector_v2.job.index_feed_generators: listRecords failed repo=did:plc:x22jdrydkncncnimo2zcugbo err=HttpError('InvalidRequest: Could not find repo: did:plc:x22jdrydkncncnimo2zcugbo')
2026-03-30T18:40:43Z WARNING bsky_collector_v2.job.index_feed_generators: listRecords failed repo=did:plc:xrinmvyxmff6x735rl7acnqc err=HttpError('InvalidRequest: Could not find repo: did:plc:xrinmvyxmff6x735rl7acnqc')
2026-03-30T18:40:43Z WARNING bsky_collector_v2.job.index_feed_generators: listRecords failed repo=did:plc:2pspoiozppdz44jdtrj3pemh err=HttpError('InvalidRequest: Could not find repo: did:plc:2pspoiozppdz44jdtrj3pemh')
2026-03-30T18:40:43Z WARNING bsky_collector_v2.job.index_feed_generators: listRecords failed repo=did:plc:2yb25mo6cn3jdugi24mdiz3h err=HttpError('InvalidRequest: Could not find repo: did:plc:2yb25mo6cn3jdugi24mdiz3h')
2026-03-30T18:40:43Z WARNING bsky_collector_v2.job.index_feed_generators: listRecords failed repo=did:plc:3ndcvxa43kmsnot74rcervlm err=HttpError('InvalidRequest: Could not find repo: did:plc:3ndcvxa43kmsnot74rcervlm')
2026-03-30T18:40:43Z WARNING bsky_collector_v2.job.index_feed_generators: listRecords failed repo=did:plc:3ss37uemovzwypgt2rzlft7r err=HttpError('InvalidRequest: Could not find repo: did:plc:3ss37uemovzwypgt2rzlft7r')
2026-03-30T18:40:44Z WARNING bsky_collector_v2.job.index_feed_generators: listRecords failed repo=did:plc:3xbubwbddiewmwjzw6wks7wl err=HttpError('InvalidRequest: Could not find repo: did:plc:3xbubwbddiewmwjzw6wks7wl')
2026-03-30T18:40:44Z WARNING bsky_collector_v2.job.index_feed_generators: listRecords failed repo=did:plc:52fmnukvgkd5cq6y2kvjftp3 err=HttpError('InvalidRequest: Could not find repo: did:plc:52fmnukvgkd5cq6y2kvjftp3')
2026-03-30T18:40:44Z WARNING bsky_collector_v2.job.index_feed_generators: listRecords failed repo=did:plc:5nyiswqoev2vld3iwjeg4h5j err=HttpError('InvalidRequest: Could not find repo: did:plc:5nyiswqoev2vld3iwjeg4h5j')
2026-03-30T18:40:44Z WARNING bsky_collector_v2.job.index_feed_generators: listRecords failed repo=did:plc:5ywn6ab3shxownnvs3alsyeg err=HttpError('InvalidRequest: Could not find repo: did:plc:5ywn6ab3shxownnvs3alsyeg')
2026-03-30T18:40:44Z WARNING bsky_collector_v2.job.index_feed_generators: listRecords failed repo=did:plc:6negqkv4sxdwymsbyilt6his err=HttpError('InvalidRequest: Could not find repo: did:plc:6negqkv4sxdwymsbyilt6his')
2026-03-30T18:40:44Z WARNING bsky_collector_v2.job.index_feed_generators: listRecords failed repo=did:plc:a744gd3zglgvt5q7g7qenjim err=HttpError('InvalidRequest: Could not find repo: did:plc:a744gd3zglgvt5q7g7qenjim')
2026-03-30T18:40:44Z WARNING bsky_collector_v2.job.index_feed_generators: listRecords failed repo=did:plc:an4hs2wwxzzeahr5h46ndcpa err=HttpError('InvalidRequest: Could not find repo: did:plc:an4hs2wwxzzeahr5h46ndcpa')
2026-03-30T18:40:44Z WARNING bsky_collector_v2.job.index_feed_generators: listRecords failed repo=did:plc:blialt7tymzpfwf6d76b7qxu err=HttpError('InvalidRequest: Could not find repo: did:plc:blialt7tymzpfwf6d76b7qxu')
2026-03-30T18:40:44Z WARNING bsky_collector_v2.job.index_feed_generators: listRecords failed repo=did:plc:c73iuwdd5wqljwpk5cm6dazo err=HttpError('InvalidRequest: Could not find repo: did:plc:c73iuwdd5wqljwpk5cm6dazo')
2026-03-30T18:40:44Z WARNING bsky_collector_v2.job.index_feed_generators: listRecords failed repo=did:plc:coq3xaetn7xnxy5yqsungoqi err=HttpError('InvalidRequest: Could not find repo: did:plc:coq3xaetn7xnxy5yqsungoqi')
2026-03-30T18:40:44Z WARNING bsky_collector_v2.job.index_feed_generators: listRecords failed repo=did:plc:dk7cpkbeccuye2okwpzqnbjo err=HttpError('InvalidRequest: Could not find repo: did:plc:dk7cpkbeccuye2okwpzqnbjo')
2026-03-30T18:40:44Z WARNING bsky_collector_v2.job.index_feed_generators: listRecords failed repo=did:plc:dqq6edu55arxizoc4tzfubwg err=HttpError('InvalidRequest: Could not find repo: did:plc:dqq6edu55arxizoc4tzfubwg')
2026-03-30T18:40:44Z WARNING bsky_collector_v2.job.index_feed_generators: listRecords failed repo=did:plc:e7fuzxthlg5j3vxagtqnt7gt err=HttpError('InvalidRequest: Could not find repo: did:plc:e7fuzxthlg5j3vxagtqnt7gt')
2026-03-30T18:40:44Z WARNING bsky_collector_v2.job.index_feed_generators: listRecords failed repo=did:plc:ewm42du3iw5zlgwpgq3yuzfi err=HttpError('InvalidRequest: Could not find repo: did:plc:ewm42du3iw5zlgwpgq3yuzfi')
2026-03-30T18:40:44Z WARNING bsky_collector_v2.job.index_feed_generators: listRecords failed repo=did:plc:f4pmy5adyp2k4vtzcfxyowo2 err=HttpError('InvalidRequest: Could not find repo: did:plc:f4pmy5adyp2k4vtzcfxyowo2')
2026-03-30T18:40:44Z WARNING bsky_collector_v2.job.index_feed_generators: listRecords failed repo=did:plc:gkr5lyi5qm356e342i5yxfeg err=HttpError('InvalidRequest: Could not find repo: did:plc:gkr5lyi5qm356e342i5yxfeg')
2026-03-30T18:40:44Z WARNING bsky_collector_v2.job.index_feed_generators: listRecords failed repo=did:plc:gsy5swatno6ou7c635ppmneq err=HttpError('InvalidRequest: Could not find repo: did:plc:gsy5swatno6ou7c635ppmneq')
2026-03-30T18:40:44Z WARNING bsky_collector_v2.job.index_feed_generators: listRecords failed repo=did:plc:gt2z2gc3cgu5dp2pwuch2yuv err=HttpError('InvalidRequest: Could not find repo: did:plc:gt2z2gc3cgu5dp2pwuch2yuv')
2026-03-30T18:40:44Z WARNING bsky_collector_v2.job.index_feed_generators: listRecords failed repo=did:plc:hcyyvswrnvxm6gt3htq6zrpq err=HttpError('InvalidRequest: Could not find repo: did:plc:hcyyvswrnvxm6gt3htq6zrpq')
2026-03-30T18:40:45Z WARNING bsky_collector_v2.job.index_feed_generators: listRecords failed repo=did:plc:hjzxbzaorz2ghs6w6gro4aoc err=HttpError('InvalidRequest: Could not find repo: did:plc:hjzxbzaorz2ghs6w6gro4aoc')
2026-03-30T18:40:45Z WARNING bsky_collector_v2.job.index_feed_generators: listRecords failed repo=did:plc:jffbfq6jx2vz64abcnrkkqk2 err=HttpError('InvalidRequest: Could not find repo: did:plc:jffbfq6jx2vz64abcnrkkqk2')
2026-03-30T18:40:45Z WARNING bsky_collector_v2.job.index_feed_generators: listRecords failed repo=did:plc:ki7ymtuw5g5qth75tkcbvfte err=HttpError('InvalidRequest: Could not find repo: did:plc:ki7ymtuw5g5qth75tkcbvfte')
2026-03-30T18:40:45Z WARNING bsky_collector_v2.job.index_feed_generators: listRecords failed repo=did:plc:l2736r2aamh37mxwuu5ivj6y err=HttpError('InvalidRequest: Could not find repo: did:plc:l2736r2aamh37mxwuu5ivj6y')
2026-03-30T18:40:45Z WARNING bsky_collector_v2.job.index_feed_generators: listRecords failed repo=did:plc:lddaafdzme4hjrft5yjsdwgl err=HttpError('InvalidRequest: Could not find repo: did:plc:lddaafdzme4hjrft5yjsdwgl')
2026-03-30T18:40:45Z WARNING bsky_collector_v2.job.index_feed_generators: listRecords failed repo=did:plc:lrbjlxfn54dhian33vcuj62j err=HttpError('InvalidRequest: Could not find repo: did:plc:lrbjlxfn54dhian33vcuj62j')
2026-03-30T18:40:45Z WARNING bsky_collector_v2.job.index_feed_generators: listRecords failed repo=did:plc:ltlt3wgqi5ydwvrkwpaj2dlu err=HttpError('InvalidRequest: Could not find repo: did:plc:ltlt3wgqi5ydwvrkwpaj2dlu')
2026-03-30T18:40:45Z WARNING bsky_collector_v2.job.index_feed_generators: listRecords failed repo=did:plc:m7czsr7t4fqb7g2gcv6loghz err=HttpError('InvalidRequest: Could not find repo: did:plc:m7czsr7t4fqb7g2gcv6loghz')
2026-03-30T18:40:45Z WARNING bsky_collector_v2.job.index_feed_generators: listRecords failed repo=did:plc:mfmxwgxao3kbzrhroap3oviu err=HttpError('InvalidRequest: Could not find repo: did:plc:mfmxwgxao3kbzrhroap3oviu')
2026-03-30T18:40:45Z WARNING bsky_collector_v2.job.index_feed_generators: listRecords failed repo=did:plc:ndafmc4h6lbcultsdaev7dvb err=HttpError('InvalidRequest: Could not find repo: did:plc:ndafmc4h6lbcultsdaev7dvb')
2026-03-30T18:40:45Z WARNING bsky_collector_v2.job.index_feed_generators: listRecords failed repo=did:plc:nszypkp7irhevl3q56zrzu7y err=HttpError('InvalidRequest: Could not find repo: did:plc:nszypkp7irhevl3q56zrzu7y')
2026-03-30T18:40:45Z WARNING bsky_collector_v2.job.index_feed_generators: listRecords failed repo=did:plc:nycpq7iol3gzir3kpmmmymip err=HttpError('InvalidRequest: Could not find repo: did:plc:nycpq7iol3gzir3kpmmmymip')
2026-03-30T18:40:45Z WARNING bsky_collector_v2.job.index_feed_generators: listRecords failed repo=did:plc:pmrvmegjj7x7pqtkubt6udkp err=HttpError('InvalidRequest: Could not find repo: did:plc:pmrvmegjj7x7pqtkubt6udkp')
2026-03-30T18:40:45Z WARNING bsky_collector_v2.job.index_feed_generators: listRecords failed repo=did:plc:qpvo4vrgcioi7qfreghptfw3 err=HttpError('InvalidRequest: Could not find repo: did:plc:qpvo4vrgcioi7qfreghptfw3')
2026-03-30T18:40:45Z WARNING bsky_collector_v2.job.index_feed_generators: listRecords failed repo=did:plc:saf2v5ob4ttif3md4urubtpw err=HttpError('InvalidRequest: Could not find repo: did:plc:saf2v5ob4ttif3md4urubtpw')
2026-03-30T18:40:45Z WARNING bsky_collector_v2.job.index_feed_generators: listRecords failed repo=did:plc:tr4thhdd5epxov2paniwo3yw err=HttpError('InvalidRequest: Could not find repo: did:plc:tr4thhdd5epxov2paniwo3yw')
2026-03-30T18:40:45Z WARNING bsky_collector_v2.job.index_feed_generators: listRecords failed repo=did:plc:twngtint6rdd27v4ne7i34ts err=HttpError('InvalidRequest: Could not find repo: did:plc:twngtint6rdd27v4ne7i34ts')
2026-03-30T18:40:46Z WARNING bsky_collector_v2.job.index_feed_generators: listRecords failed repo=did:plc:udjr6xrqe44bu5pzcxxu7m77 err=HttpError('InvalidRequest: Could not find repo: did:plc:udjr6xrqe44bu5pzcxxu7m77')
2026-03-30T18:40:46Z WARNING bsky_collector_v2.job.index_feed_generators: listRecords failed repo=did:plc:whim6wh7bzmyo6njxabem5km err=HttpError('InvalidRequest: Could not find repo: did:plc:whim6wh7bzmyo6njxabem5km')
2026-03-30T18:40:46Z WARNING bsky_collector_v2.job.index_feed_generators: listRecords failed repo=did:plc:woctqrquizmvbtogwy52g2uy err=HttpError('InvalidRequest: Could not find repo: did:plc:woctqrquizmvbtogwy52g2uy')
2026-03-30T18:40:46Z WARNING bsky_collector_v2.job.index_feed_generators: listRecords failed repo=did:plc:wwlasmygkrah6lmzixgqxkff err=HttpError('InvalidRequest: Could not find repo: did:plc:wwlasmygkrah6lmzixgqxkff')
2026-03-30T18:40:46Z WARNING bsky_collector_v2.job.index_feed_generators: listRecords failed repo=did:plc:x22jdrydkncncnimo2zcugbo err=HttpError('InvalidRequest: Could not find repo: did:plc:x22jdrydkncncnimo2zcugbo')
2026-03-30T18:40:46Z WARNING bsky_collector_v2.job.index_feed_generators: listRecords failed repo=did:plc:xrinmvyxmff6x735rl7acnqc err=HttpError('InvalidRequest: Could not find repo: did:plc:xrinmvyxmff6x735rl7acnqc')
2026-03-30T18:40:47Z INFO bsky_collector_v2.job.index_feed_generators: enqueued repos page=10 mode=listRepos inserted=500 repos_returned=500 next_cursor=set
2026-03-30T18:40:48Z WARNING bsky_collector_v2.job.index_feed_generators: listRecords failed repo=did:plc:2o56mfptanfsfs3x5pvcvyka err=HttpError('InvalidRequest: Could not find repo: did:plc:2o56mfptanfsfs3x5pvcvyka')
2026-03-30T18:40:49Z WARNING bsky_collector_v2.job.index_feed_generators: listRecords failed repo=did:plc:2tmwtp4ll4z2maqqq7h7q4o5 err=HttpError('InvalidRequest: Could not find repo: did:plc:2tmwtp4ll4z2maqqq7h7q4o5')
2026-03-30T18:40:50Z WARNING bsky_collector_v2.job.index_feed_generators: listRecords failed repo=did:plc:32yezwhycr3graj47qpu4nv3 err=HttpError('InvalidRequest: Could not find repo: did:plc:32yezwhycr3graj47qpu4nv3')
2026-03-30T18:40:50Z WARNING bsky_collector_v2.job.index_feed_generators: listRecords failed repo=did:plc:36xtmixplxdvlyry3eewk3o2 err=HttpError('InvalidRequest: Could not find repo: did:plc:36xtmixplxdvlyry3eewk3o2')
2026-03-30T18:40:51Z WARNING bsky_collector_v2.job.index_feed_generators: listRecords failed repo=did:plc:3kqow52pxyyysaasskj2eeub err=HttpError('InvalidRequest: Could not find repo: did:plc:3kqow52pxyyysaasskj2eeub')
2026-03-30T18:40:53Z WARNING bsky_collector_v2.job.index_feed_generators: listRecords failed repo=did:plc:4lssy7gm6np6soikwrr2yoyf err=HttpError('InvalidRequest: Could not find repo: did:plc:4lssy7gm6np6soikwrr2yoyf')
2026-03-30T18:40:55Z WARNING bsky_collector_v2.job.index_feed_generators: listRecords failed repo=did:plc:5qpol4fwhn2ljmy3muo7tren err=HttpError('InvalidRequest: Could not find repo: did:plc:5qpol4fwhn2ljmy3muo7tren')
2026-03-30T18:40:57Z WARNING bsky_collector_v2.job.index_feed_generators: listRecords failed repo=did:plc:66wjedpcdrk3qr262bixqvbd err=HttpError('InvalidRequest: Could not find repo: did:plc:66wjedpcdrk3qr262bixqvbd')
2026-03-30T18:41:02Z WARNING bsky_collector_v2.job.index_feed_generators: listRecords failed repo=did:plc:asuwn56sboyumiywe4mzxl6d err=HttpError('InvalidRequest: Could not find repo: did:plc:asuwn56sboyumiywe4mzxl6d')
2026-03-30T18:41:09Z WARNING bsky_collector_v2.job.index_feed_generators: listRecords failed repo=did:plc:di5lydwyxjdk4bwwli6vhqs7 err=HttpError('InvalidRequest: Could not find repo: did:plc:di5lydwyxjdk4bwwli6vhqs7')
2026-03-30T18:41:10Z WARNING bsky_collector_v2.job.index_feed_generators: listRecords failed repo=did:plc:dlgm7ju4uvtsmcpkk3hcslln err=HttpError('InvalidRequest: Could not find repo: did:plc:dlgm7ju4uvtsmcpkk3hcslln')
2026-03-30T18:41:13Z WARNING bsky_collector_v2.job.index_feed_generators: listRecords failed repo=did:plc:ezlgzvbtz7afj2nkb7yl7sk5 err=HttpError('InvalidRequest: Could not find repo: did:plc:ezlgzvbtz7afj2nkb7yl7sk5')
2026-03-30T18:41:13Z WARNING bsky_collector_v2.job.index_feed_generators: listRecords failed repo=did:plc:fa3veuxopgptb3lyowr52nzb err=HttpError('InvalidRequest: Could not find repo: did:plc:fa3veuxopgptb3lyowr52nzb')
2026-03-30T18:41:21Z WARNING bsky_collector_v2.job.index_feed_generators: listRecords failed repo=did:plc:ib7zkzj2yt26432se2daa6zk err=HttpError('InvalidRequest: Could not find repo: did:plc:ib7zkzj2yt26432se2daa6zk')
2026-03-30T18:41:27Z WARNING bsky_collector_v2.job.index_feed_generators: listRecords failed repo=did:plc:kbg7zuliksnp44wawma6hbu2 err=HttpError('InvalidRequest: Could not find repo: did:plc:kbg7zuliksnp44wawma6hbu2')
2026-03-30T18:41:32Z WARNING bsky_collector_v2.job.index_feed_generators: listRecords failed repo=did:plc:m7wwxt5c4jhssada35fzh26x err=HttpError('InvalidRequest: Could not find repo: did:plc:m7wwxt5c4jhssada35fzh26x')
2026-03-30T18:41:33Z WARNING bsky_collector_v2.job.index_feed_generators: listRecords failed repo=did:plc:mlb5l3xr2bpytlfafzu2e7ti err=HttpError('InvalidRequest: Could not find repo: did:plc:mlb5l3xr2bpytlfafzu2e7ti')
2026-03-30T18:41:34Z WARNING bsky_collector_v2.job.index_feed_generators: listRecords failed repo=did:plc:n6pssunwjwgk2exb5rbpllba err=HttpError('InvalidRequest: Could not find repo: did:plc:n6pssunwjwgk2exb5rbpllba')
2026-03-30T18:41:35Z WARNING bsky_collector_v2.job.index_feed_generators: listRecords failed repo=did:plc:nwlwrzsiqifuix26uqnyurxc err=HttpError('InvalidRequest: Could not find repo: did:plc:nwlwrzsiqifuix26uqnyurxc')
2026-03-30T18:41:37Z WARNING bsky_collector_v2.job.index_feed_generators: listRecords failed repo=did:plc:oob54amagi3jexm4fvcdvk54 err=HttpError('InvalidRequest: Could not find repo: did:plc:oob54amagi3jexm4fvcdvk54')
2026-03-30T18:41:39Z WARNING bsky_collector_v2.job.index_feed_generators: listRecords failed repo=did:plc:p7shybccaxo7nypiqarw4pkg err=HttpError('InvalidRequest: Could not find repo: did:plc:p7shybccaxo7nypiqarw4pkg')
2026-03-30T18:41:40Z WARNING bsky_collector_v2.job.index_feed_generators: listRecords failed repo=did:plc:pq42do6hldtiar64qlrxinop err=HttpError('InvalidRequest: Could not find repo: did:plc:pq42do6hldtiar64qlrxinop')
2026-03-30T18:41:40Z WARNING bsky_collector_v2.job.index_feed_generators: listRecords failed repo=did:plc:pvwpnk5r2sgrnxcoyvjtcxxf err=HttpError('InvalidRequest: Could not find repo: did:plc:pvwpnk5r2sgrnxcoyvjtcxxf')
2026-03-30T18:41:43Z WARNING bsky_collector_v2.job.index_feed_generators: listRecords failed repo=did:plc:qxpozpvbz4cj5e3y2jpawgjp err=HttpError('InvalidRequest: Could not find repo: did:plc:qxpozpvbz4cj5e3y2jpawgjp')
2026-03-30T18:41:44Z WARNING bsky_collector_v2.job.index_feed_generators: listRecords failed repo=did:plc:rjhyc7hecwj4nheuwumjth3c err=HttpError('InvalidRequest: Could not find repo: did:plc:rjhyc7hecwj4nheuwumjth3c')
2026-03-30T18:41:45Z WARNING bsky_collector_v2.job.index_feed_generators: listRecords failed repo=did:plc:rleb3tdjm5u2lctkfkpn3sac err=HttpError('InvalidRequest: Could not find repo: did:plc:rleb3tdjm5u2lctkfkpn3sac')
2026-03-30T18:41:46Z WARNING bsky_collector_v2.job.index_feed_generators: listRecords failed repo=did:plc:smsi6s5yzp6f4u4aarzk564q err=HttpError('InvalidRequest: Could not find repo: did:plc:smsi6s5yzp6f4u4aarzk564q')
2026-03-30T18:41:49Z WARNING bsky_collector_v2.job.index_feed_generators: listRecords failed repo=did:plc:tq7mgyhx563agtogcxeedfid err=HttpError('InvalidRequest: Could not find repo: did:plc:tq7mgyhx563agtogcxeedfid')
2026-03-30T18:41:49Z WARNING bsky_collector_v2.job.index_feed_generators: listRecords failed repo=did:plc:trykih6j4l5felzbd3rpp65c err=HttpError('InvalidRequest: Could not find repo: did:plc:trykih6j4l5felzbd3rpp65c')
2026-03-30T18:41:49Z WARNING bsky_collector_v2.job.index_feed_generators: listRecords failed repo=did:plc:ttzd5x2vmzqtwiv55ip33o3k err=HttpError('InvalidRequest: Could not find repo: did:plc:ttzd5x2vmzqtwiv55ip33o3k')
2026-03-30T18:41:49Z WARNING bsky_collector_v2.job.index_feed_generators: listRecords failed repo=did:plc:tuww23rbhbkinnutut545klk err=HttpError('InvalidRequest: Could not find repo: did:plc:tuww23rbhbkinnutut545klk')
2026-03-30T18:41:54Z WARNING bsky_collector_v2.job.index_feed_generators: listRecords failed repo=did:plc:vdtecbvwnntb2k7i4cp5dnx3 err=HttpError('InvalidRequest: Could not find repo: did:plc:vdtecbvwnntb2k7i4cp5dnx3')
2026-03-30T18:41:56Z WARNING bsky_collector_v2.job.index_feed_generators: listRecords failed repo=did:plc:vydyztrzkm7cfr56kl2raodm err=HttpError('InvalidRequest: Could not find repo: did:plc:vydyztrzkm7cfr56kl2raodm')
2026-03-30T18:41:58Z WARNING bsky_collector_v2.job.index_feed_generators: listRecords failed repo=did:plc:wnismowgusateqxeq6ugkqqg err=HttpError('InvalidRequest: Could not find repo: did:plc:wnismowgusateqxeq6ugkqqg')
2026-03-30T18:41:58Z WARNING bsky_collector_v2.job.index_feed_generators: listRecords failed repo=did:plc:wspw7ywxi7qbhmzxnho5g4vl err=HttpError('InvalidRequest: Could not find repo: did:plc:wspw7ywxi7qbhmzxnho5g4vl')
2026-03-30T18:42:01Z WARNING bsky_collector_v2.job.index_feed_generators: listRecords failed repo=did:plc:xh2gjgxfwvkyzvzknscowbye err=HttpError('InvalidRequest: Could not find repo: did:plc:xh2gjgxfwvkyzvzknscowbye')
2026-03-30T18:42:01Z WARNING bsky_collector_v2.job.index_feed_generators: listRecords failed repo=did:plc:xhrrdbel43kdqu5a7zwtoubs err=HttpError('InvalidRequest: Could not find repo: did:plc:xhrrdbel43kdqu5a7zwtoubs')
2026-03-30T18:42:03Z WARNING bsky_collector_v2.job.index_feed_generators: listRecords failed repo=did:plc:xyha6athyv2i3cphztwxxjmh err=HttpError('InvalidRequest: Could not find repo: did:plc:xyha6athyv2i3cphztwxxjmh')
2026-03-30T18:42:06Z WARNING bsky_collector_v2.job.index_feed_generators: listRecords failed repo=did:plc:z565m7qtbtdkyfg5avaoratw err=HttpError('InvalidRequest: Could not find repo: did:plc:z565m7qtbtdkyfg5avaoratw')
2026-03-30T18:42:08Z WARNING bsky_collector_v2.job.index_feed_generators: listRecords failed repo=did:plc:zxpn4umnuykuqa7wphv577yw err=HttpError('InvalidRequest: Could not find repo: did:plc:zxpn4umnuykuqa7wphv577yw')
2026-03-30T18:42:08Z WARNING bsky_collector_v2.job.index_feed_generators: listRecords failed repo=did:plc:2o56mfptanfsfs3x5pvcvyka err=HttpError('InvalidRequest: Could not find repo: did:plc:2o56mfptanfsfs3x5pvcvyka')
2026-03-30T18:42:08Z WARNING bsky_collector_v2.job.index_feed_generators: listRecords failed repo=did:plc:2tmwtp4ll4z2maqqq7h7q4o5 err=HttpError('InvalidRequest: Could not find repo: did:plc:2tmwtp4ll4z2maqqq7h7q4o5')
2026-03-30T18:42:08Z WARNING bsky_collector_v2.job.index_feed_generators: listRecords failed repo=did:plc:32yezwhycr3graj47qpu4nv3 err=HttpError('InvalidRequest: Could not find repo: did:plc:32yezwhycr3graj47qpu4nv3')
2026-03-30T18:42:08Z WARNING bsky_collector_v2.job.index_feed_generators: listRecords failed repo=did:plc:36xtmixplxdvlyry3eewk3o2 err=HttpError('InvalidRequest: Could not find repo: did:plc:36xtmixplxdvlyry3eewk3o2')
2026-03-30T18:42:08Z WARNING bsky_collector_v2.job.index_feed_generators: listRecords failed repo=did:plc:3kqow52pxyyysaasskj2eeub err=HttpError('InvalidRequest: Could not find repo: did:plc:3kqow52pxyyysaasskj2eeub')
2026-03-30T18:42:08Z WARNING bsky_collector_v2.job.index_feed_generators: listRecords failed repo=did:plc:4lssy7gm6np6soikwrr2yoyf err=HttpError('InvalidRequest: Could not find repo: did:plc:4lssy7gm6np6soikwrr2yoyf')
2026-03-30T18:42:08Z WARNING bsky_collector_v2.job.index_feed_generators: listRecords failed repo=did:plc:5qpol4fwhn2ljmy3muo7tren err=HttpError('InvalidRequest: Could not find repo: did:plc:5qpol4fwhn2ljmy3muo7tren')
2026-03-30T18:42:08Z WARNING bsky_collector_v2.job.index_feed_generators: listRecords failed repo=did:plc:66wjedpcdrk3qr262bixqvbd err=HttpError('InvalidRequest: Could not find repo: did:plc:66wjedpcdrk3qr262bixqvbd')
2026-03-30T18:42:08Z WARNING bsky_collector_v2.job.index_feed_generators: listRecords failed repo=did:plc:asuwn56sboyumiywe4mzxl6d err=HttpError('InvalidRequest: Could not find repo: did:plc:asuwn56sboyumiywe4mzxl6d')
2026-03-30T18:42:08Z WARNING bsky_collector_v2.job.index_feed_generators: listRecords failed repo=did:plc:di5lydwyxjdk4bwwli6vhqs7 err=HttpError('InvalidRequest: Could not find repo: did:plc:di5lydwyxjdk4bwwli6vhqs7')
2026-03-30T18:42:08Z WARNING bsky_collector_v2.job.index_feed_generators: listRecords failed repo=did:plc:dlgm7ju4uvtsmcpkk3hcslln err=HttpError('InvalidRequest: Could not find repo: did:plc:dlgm7ju4uvtsmcpkk3hcslln')
2026-03-30T18:42:08Z WARNING bsky_collector_v2.job.index_feed_generators: listRecords failed repo=did:plc:ezlgzvbtz7afj2nkb7yl7sk5 err=HttpError('InvalidRequest: Could not find repo: did:plc:ezlgzvbtz7afj2nkb7yl7sk5')
2026-03-30T18:42:09Z WARNING bsky_collector_v2.job.index_feed_generators: listRecords failed repo=did:plc:fa3veuxopgptb3lyowr52nzb err=HttpError('InvalidRequest: Could not find repo: did:plc:fa3veuxopgptb3lyowr52nzb')
2026-03-30T18:42:09Z WARNING bsky_collector_v2.job.index_feed_generators: listRecords failed repo=did:plc:ib7zkzj2yt26432se2daa6zk err=HttpError('InvalidRequest: Could not find repo: did:plc:ib7zkzj2yt26432se2daa6zk')
2026-03-30T18:42:09Z WARNING bsky_collector_v2.job.index_feed_generators: listRecords failed repo=did:plc:kbg7zuliksnp44wawma6hbu2 err=HttpError('InvalidRequest: Could not find repo: did:plc:kbg7zuliksnp44wawma6hbu2')
2026-03-30T18:42:09Z WARNING bsky_collector_v2.job.index_feed_generators: listRecords failed repo=did:plc:m7wwxt5c4jhssada35fzh26x err=HttpError('InvalidRequest: Could not find repo: did:plc:m7wwxt5c4jhssada35fzh26x')
2026-03-30T18:42:09Z WARNING bsky_collector_v2.job.index_feed_generators: listRecords failed repo=did:plc:mlb5l3xr2bpytlfafzu2e7ti err=HttpError('InvalidRequest: Could not find repo: did:plc:mlb5l3xr2bpytlfafzu2e7ti')
2026-03-30T18:42:09Z WARNING bsky_collector_v2.job.index_feed_generators: listRecords failed repo=did:plc:n6pssunwjwgk2exb5rbpllba err=HttpError('InvalidRequest: Could not find repo: did:plc:n6pssunwjwgk2exb5rbpllba')
2026-03-30T18:42:09Z WARNING bsky_collector_v2.job.index_feed_generators: listRecords failed repo=did:plc:nwlwrzsiqifuix26uqnyurxc err=HttpError('InvalidRequest: Could not find repo: did:plc:nwlwrzsiqifuix26uqnyurxc')
2026-03-30T18:42:09Z WARNING bsky_collector_v2.job.index_feed_generators: listRecords failed repo=did:plc:oob54amagi3jexm4fvcdvk54 err=HttpError('InvalidRequest: Could not find repo: did:plc:oob54amagi3jexm4fvcdvk54')
2026-03-30T18:42:09Z WARNING bsky_collector_v2.job.index_feed_generators: listRecords failed repo=did:plc:p7shybccaxo7nypiqarw4pkg err=HttpError('InvalidRequest: Could not find repo: did:plc:p7shybccaxo7nypiqarw4pkg')
2026-03-30T18:42:09Z WARNING bsky_collector_v2.job.index_feed_generators: listRecords failed repo=did:plc:pq42do6hldtiar64qlrxinop err=HttpError('InvalidRequest: Could not find repo: did:plc:pq42do6hldtiar64qlrxinop')
2026-03-30T18:42:09Z WARNING bsky_collector_v2.job.index_feed_generators: listRecords failed repo=did:plc:pvwpnk5r2sgrnxcoyvjtcxxf err=HttpError('InvalidRequest: Could not find repo: did:plc:pvwpnk5r2sgrnxcoyvjtcxxf')
2026-03-30T18:42:09Z WARNING bsky_collector_v2.job.index_feed_generators: listRecords failed repo=did:plc:qxpozpvbz4cj5e3y2jpawgjp err=HttpError('InvalidRequest: Could not find repo: did:plc:qxpozpvbz4cj5e3y2jpawgjp')
2026-03-30T18:42:09Z WARNING bsky_collector_v2.job.index_feed_generators: listRecords failed repo=did:plc:rjhyc7hecwj4nheuwumjth3c err=HttpError('InvalidRequest: Could not find repo: did:plc:rjhyc7hecwj4nheuwumjth3c')
2026-03-30T18:42:09Z WARNING bsky_collector_v2.job.index_feed_generators: listRecords failed repo=did:plc:rleb3tdjm5u2lctkfkpn3sac err=HttpError('InvalidRequest: Could not find repo: did:plc:rleb3tdjm5u2lctkfkpn3sac')
2026-03-30T18:42:09Z WARNING bsky_collector_v2.job.index_feed_generators: listRecords failed repo=did:plc:smsi6s5yzp6f4u4aarzk564q err=HttpError('InvalidRequest: Could not find repo: did:plc:smsi6s5yzp6f4u4aarzk564q')
2026-03-30T18:42:09Z WARNING bsky_collector_v2.job.index_feed_generators: listRecords failed repo=did:plc:tq7mgyhx563agtogcxeedfid err=HttpError('InvalidRequest: Could not find repo: did:plc:tq7mgyhx563agtogcxeedfid')
2026-03-30T18:42:09Z WARNING bsky_collector_v2.job.index_feed_generators: listRecords failed repo=did:plc:trykih6j4l5felzbd3rpp65c err=HttpError('InvalidRequest: Could not find repo: did:plc:trykih6j4l5felzbd3rpp65c')
2026-03-30T18:42:10Z WARNING bsky_collector_v2.job.index_feed_generators: listRecords failed repo=did:plc:ttzd5x2vmzqtwiv55ip33o3k err=HttpError('InvalidRequest: Could not find repo: did:plc:ttzd5x2vmzqtwiv55ip33o3k')
2026-03-30T18:42:10Z WARNING bsky_collector_v2.job.index_feed_generators: listRecords failed repo=did:plc:tuww23rbhbkinnutut545klk err=HttpError('InvalidRequest: Could not find repo: did:plc:tuww23rbhbkinnutut545klk')
2026-03-30T18:42:10Z WARNING bsky_collector_v2.job.index_feed_generators: listRecords failed repo=did:plc:vdtecbvwnntb2k7i4cp5dnx3 err=HttpError('InvalidRequest: Could not find repo: did:plc:vdtecbvwnntb2k7i4cp5dnx3')
2026-03-30T18:42:10Z WARNING bsky_collector_v2.job.index_feed_generators: listRecords failed repo=did:plc:vydyztrzkm7cfr56kl2raodm err=HttpError('InvalidRequest: Could not find repo: did:plc:vydyztrzkm7cfr56kl2raodm')
2026-03-30T18:42:10Z WARNING bsky_collector_v2.job.index_feed_generators: listRecords failed repo=did:plc:wnismowgusateqxeq6ugkqqg err=HttpError('InvalidRequest: Could not find repo: did:plc:wnismowgusateqxeq6ugkqqg')
2026-03-30T18:42:10Z WARNING bsky_collector_v2.job.index_feed_generators: listRecords failed repo=did:plc:wspw7ywxi7qbhmzxnho5g4vl err=HttpError('InvalidRequest: Could not find repo: did:plc:wspw7ywxi7qbhmzxnho5g4vl')
2026-03-30T18:42:10Z WARNING bsky_collector_v2.job.index_feed_generators: listRecords failed repo=did:plc:xh2gjgxfwvkyzvzknscowbye err=HttpError('InvalidRequest: Could not find repo: did:plc:xh2gjgxfwvkyzvzknscowbye')
2026-03-30T18:42:10Z WARNING bsky_collector_v2.job.index_feed_generators: listRecords failed repo=did:plc:xhrrdbel43kdqu5a7zwtoubs err=HttpError('InvalidRequest: Could not find repo: did:plc:xhrrdbel43kdqu5a7zwtoubs')
2026-03-30T18:42:10Z WARNING bsky_collector_v2.job.index_feed_generators: listRecords failed repo=did:plc:xyha6athyv2i3cphztwxxjmh err=HttpError('InvalidRequest: Could not find repo: did:plc:xyha6athyv2i3cphztwxxjmh')
2026-03-30T18:42:10Z WARNING bsky_collector_v2.job.index_feed_generators: listRecords failed repo=did:plc:z565m7qtbtdkyfg5avaoratw err=HttpError('InvalidRequest: Could not find repo: did:plc:z565m7qtbtdkyfg5avaoratw')
2026-03-30T18:42:10Z WARNING bsky_collector_v2.job.index_feed_generators: listRecords failed repo=did:plc:zxpn4umnuykuqa7wphv577yw err=HttpError('InvalidRequest: Could not find repo: did:plc:zxpn4umnuykuqa7wphv577yw')
2026-03-30T18:42:10Z WARNING bsky_collector_v2.job.index_feed_generators: listRecords failed repo=did:plc:2o56mfptanfsfs3x5pvcvyka err=HttpError('InvalidRequest: Could not find repo: did:plc:2o56mfptanfsfs3x5pvcvyka')
2026-03-30T18:42:10Z WARNING bsky_collector_v2.job.index_feed_generators: listRecords failed repo=did:plc:2tmwtp4ll4z2maqqq7h7q4o5 err=HttpError('InvalidRequest: Could not find repo: did:plc:2tmwtp4ll4z2maqqq7h7q4o5')
2026-03-30T18:42:10Z WARNING bsky_collector_v2.job.index_feed_generators: listRecords failed repo=did:plc:32yezwhycr3graj47qpu4nv3 err=HttpError('InvalidRequest: Could not find repo: did:plc:32yezwhycr3graj47qpu4nv3')
2026-03-30T18:42:10Z WARNING bsky_collector_v2.job.index_feed_generators: listRecords failed repo=did:plc:36xtmixplxdvlyry3eewk3o2 err=HttpError('InvalidRequest: Could not find repo: did:plc:36xtmixplxdvlyry3eewk3o2')
2026-03-30T18:42:10Z WARNING bsky_collector_v2.job.index_feed_generators: listRecords failed repo=did:plc:3kqow52pxyyysaasskj2eeub err=HttpError('InvalidRequest: Could not find repo: did:plc:3kqow52pxyyysaasskj2eeub')
2026-03-30T18:42:10Z WARNING bsky_collector_v2.job.index_feed_generators: listRecords failed repo=did:plc:4lssy7gm6np6soikwrr2yoyf err=HttpError('InvalidRequest: Could not find repo: did:plc:4lssy7gm6np6soikwrr2yoyf')
2026-03-30T18:42:10Z WARNING bsky_collector_v2.job.index_feed_generators: listRecords failed repo=did:plc:5qpol4fwhn2ljmy3muo7tren err=HttpError('InvalidRequest: Could not find repo: did:plc:5qpol4fwhn2ljmy3muo7tren')
2026-03-30T18:42:10Z WARNING bsky_collector_v2.job.index_feed_generators: listRecords failed repo=did:plc:66wjedpcdrk3qr262bixqvbd err=HttpError('InvalidRequest: Could not find repo: did:plc:66wjedpcdrk3qr262bixqvbd')
2026-03-30T18:42:11Z WARNING bsky_collector_v2.job.index_feed_generators: listRecords failed repo=did:plc:asuwn56sboyumiywe4mzxl6d err=HttpError('InvalidRequest: Could not find repo: did:plc:asuwn56sboyumiywe4mzxl6d')
2026-03-30T18:42:11Z WARNING bsky_collector_v2.job.index_feed_generators: listRecords failed repo=did:plc:di5lydwyxjdk4bwwli6vhqs7 err=HttpError('InvalidRequest: Could not find repo: did:plc:di5lydwyxjdk4bwwli6vhqs7')
2026-03-30T18:42:11Z WARNING bsky_collector_v2.job.index_feed_generators: listRecords failed repo=did:plc:dlgm7ju4uvtsmcpkk3hcslln err=HttpError('InvalidRequest: Could not find repo: did:plc:dlgm7ju4uvtsmcpkk3hcslln')
2026-03-30T18:42:11Z WARNING bsky_collector_v2.job.index_feed_generators: listRecords failed repo=did:plc:ezlgzvbtz7afj2nkb7yl7sk5 err=HttpError('InvalidRequest: Could not find repo: did:plc:ezlgzvbtz7afj2nkb7yl7sk5')
2026-03-30T18:42:11Z WARNING bsky_collector_v2.job.index_feed_generators: listRecords failed repo=did:plc:fa3veuxopgptb3lyowr52nzb err=HttpError('InvalidRequest: Could not find repo: did:plc:fa3veuxopgptb3lyowr52nzb')
2026-03-30T18:42:11Z WARNING bsky_collector_v2.job.index_feed_generators: listRecords failed repo=did:plc:ib7zkzj2yt26432se2daa6zk err=HttpError('InvalidRequest: Could not find repo: did:plc:ib7zkzj2yt26432se2daa6zk')
2026-03-30T18:42:11Z WARNING bsky_collector_v2.job.index_feed_generators: listRecords failed repo=did:plc:kbg7zuliksnp44wawma6hbu2 err=HttpError('InvalidRequest: Could not find repo: did:plc:kbg7zuliksnp44wawma6hbu2')
2026-03-30T18:42:11Z WARNING bsky_collector_v2.job.index_feed_generators: listRecords failed repo=did:plc:m7wwxt5c4jhssada35fzh26x err=HttpError('InvalidRequest: Could not find repo: did:plc:m7wwxt5c4jhssada35fzh26x')
2026-03-30T18:42:11Z WARNING bsky_collector_v2.job.index_feed_generators: listRecords failed repo=did:plc:mlb5l3xr2bpytlfafzu2e7ti err=HttpError('InvalidRequest: Could not find repo: did:plc:mlb5l3xr2bpytlfafzu2e7ti')
2026-03-30T18:42:11Z WARNING bsky_collector_v2.job.index_feed_generators: listRecords failed repo=did:plc:n6pssunwjwgk2exb5rbpllba err=HttpError('InvalidRequest: Could not find repo: did:plc:n6pssunwjwgk2exb5rbpllba')
2026-03-30T18:42:11Z WARNING bsky_collector_v2.job.index_feed_generators: listRecords failed repo=did:plc:nwlwrzsiqifuix26uqnyurxc err=HttpError('InvalidRequest: Could not find repo: did:plc:nwlwrzsiqifuix26uqnyurxc')
2026-03-30T18:42:11Z WARNING bsky_collector_v2.job.index_feed_generators: listRecords failed repo=did:plc:oob54amagi3jexm4fvcdvk54 err=HttpError('InvalidRequest: Could not find repo: did:plc:oob54amagi3jexm4fvcdvk54')
2026-03-30T18:42:11Z WARNING bsky_collector_v2.job.index_feed_generators: listRecords failed repo=did:plc:p7shybccaxo7nypiqarw4pkg err=HttpError('InvalidRequest: Could not find repo: did:plc:p7shybccaxo7nypiqarw4pkg')
2026-03-30T18:42:11Z WARNING bsky_collector_v2.job.index_feed_generators: listRecords failed repo=did:plc:pq42do6hldtiar64qlrxinop err=HttpError('InvalidRequest: Could not find repo: did:plc:pq42do6hldtiar64qlrxinop')
2026-03-30T18:42:11Z WARNING bsky_collector_v2.job.index_feed_generators: listRecords failed repo=did:plc:pvwpnk5r2sgrnxcoyvjtcxxf err=HttpError('InvalidRequest: Could not find repo: did:plc:pvwpnk5r2sgrnxcoyvjtcxxf')
2026-03-30T18:42:11Z WARNING bsky_collector_v2.job.index_feed_generators: listRecords failed repo=did:plc:qxpozpvbz4cj5e3y2jpawgjp err=HttpError('InvalidRequest: Could not find repo: did:plc:qxpozpvbz4cj5e3y2jpawgjp')
2026-03-30T18:42:11Z WARNING bsky_collector_v2.job.index_feed_generators: listRecords failed repo=did:plc:rjhyc7hecwj4nheuwumjth3c err=HttpError('InvalidRequest: Could not find repo: did:plc:rjhyc7hecwj4nheuwumjth3c')
2026-03-30T18:42:12Z WARNING bsky_collector_v2.job.index_feed_generators: listRecords failed repo=did:plc:rleb3tdjm5u2lctkfkpn3sac err=HttpError('InvalidRequest: Could not find repo: did:plc:rleb3tdjm5u2lctkfkpn3sac')
2026-03-30T18:42:12Z WARNING bsky_collector_v2.job.index_feed_generators: listRecords failed repo=did:plc:smsi6s5yzp6f4u4aarzk564q err=HttpError('InvalidRequest: Could not find repo: did:plc:smsi6s5yzp6f4u4aarzk564q')
2026-03-30T18:42:12Z WARNING bsky_collector_v2.job.index_feed_generators: listRecords failed repo=did:plc:tq7mgyhx563agtogcxeedfid err=HttpError('InvalidRequest: Could not find repo: did:plc:tq7mgyhx563agtogcxeedfid')
2026-03-30T18:42:12Z WARNING bsky_collector_v2.job.index_feed_generators: listRecords failed repo=did:plc:trykih6j4l5felzbd3rpp65c err=HttpError('InvalidRequest: Could not find repo: did:plc:trykih6j4l5felzbd3rpp65c')
2026-03-30T18:42:12Z WARNING bsky_collector_v2.job.index_feed_generators: listRecords failed repo=did:plc:ttzd5x2vmzqtwiv55ip33o3k err=HttpError('InvalidRequest: Could not find repo: did:plc:ttzd5x2vmzqtwiv55ip33o3k')
2026-03-30T18:42:12Z WARNING bsky_collector_v2.job.index_feed_generators: listRecords failed repo=did:plc:tuww23rbhbkinnutut545klk err=HttpError('InvalidRequest: Could not find repo: did:plc:tuww23rbhbkinnutut545klk')
2026-03-30T18:42:12Z WARNING bsky_collector_v2.job.index_feed_generators: listRecords failed repo=did:plc:vdtecbvwnntb2k7i4cp5dnx3 err=HttpError('InvalidRequest: Could not find repo: did:plc:vdtecbvwnntb2k7i4cp5dnx3')
2026-03-30T18:42:12Z WARNING bsky_collector_v2.job.index_feed_generators: listRecords failed repo=did:plc:vydyztrzkm7cfr56kl2raodm err=HttpError('InvalidRequest: Could not find repo: did:plc:vydyztrzkm7cfr56kl2raodm')
2026-03-30T18:42:12Z WARNING bsky_collector_v2.job.index_feed_generators: listRecords failed repo=did:plc:wnismowgusateqxeq6ugkqqg err=HttpError('InvalidRequest: Could not find repo: did:plc:wnismowgusateqxeq6ugkqqg')
2026-03-30T18:42:12Z WARNING bsky_collector_v2.job.index_feed_generators: listRecords failed repo=did:plc:wspw7ywxi7qbhmzxnho5g4vl err=HttpError('InvalidRequest: Could not find repo: did:plc:wspw7ywxi7qbhmzxnho5g4vl')
2026-03-30T18:42:12Z WARNING bsky_collector_v2.job.index_feed_generators: listRecords failed repo=did:plc:xh2gjgxfwvkyzvzknscowbye err=HttpError('InvalidRequest: Could not find repo: did:plc:xh2gjgxfwvkyzvzknscowbye')
2026-03-30T18:42:12Z WARNING bsky_collector_v2.job.index_feed_generators: listRecords failed repo=did:plc:xhrrdbel43kdqu5a7zwtoubs err=HttpError('InvalidRequest: Could not find repo: did:plc:xhrrdbel43kdqu5a7zwtoubs')
2026-03-30T18:42:12Z WARNING bsky_collector_v2.job.index_feed_generators: listRecords failed repo=did:plc:xyha6athyv2i3cphztwxxjmh err=HttpError('InvalidRequest: Could not find repo: did:plc:xyha6athyv2i3cphztwxxjmh')
2026-03-30T18:42:12Z WARNING bsky_collector_v2.job.index_feed_generators: listRecords failed repo=did:plc:z565m7qtbtdkyfg5avaoratw err=HttpError('InvalidRequest: Could not find repo: did:plc:z565m7qtbtdkyfg5avaoratw')
2026-03-30T18:42:12Z WARNING bsky_collector_v2.job.index_feed_generators: listRecords failed repo=did:plc:zxpn4umnuykuqa7wphv577yw err=HttpError('InvalidRequest: Could not find repo: did:plc:zxpn4umnuykuqa7wphv577yw')
2026-03-30T18:42:13Z INFO bsky_collector_v2.job.index_feed_generators: enqueued repos page=11 mode=listRepos inserted=500 repos_returned=500 next_cursor=set
2026-03-30T18:42:14Z WARNING bsky_collector_v2.job.index_feed_generators: listRecords failed repo=did:plc:2nsxpufxkzgvwy4fe62wbk4r err=HttpError('InvalidRequest: Could not find repo: did:plc:2nsxpufxkzgvwy4fe62wbk4r')
2026-03-30T18:42:14Z WARNING bsky_collector_v2.job.index_feed_generators: listRecords failed repo=did:plc:2qoqd7flgp5rmbypcebioomb err=HttpError('InvalidRequest: Could not find repo: did:plc:2qoqd7flgp5rmbypcebioomb')
2026-03-30T18:42:20Z WARNING bsky_collector_v2.job.index_feed_generators: listRecords failed repo=did:plc:4f3kw4r2hd6slmuzqi4z5ygo err=HttpError('InvalidRequest: Could not find repo: did:plc:4f3kw4r2hd6slmuzqi4z5ygo')
2026-03-30T18:42:23Z WARNING bsky_collector_v2.job.index_feed_generators: listRecords failed repo=did:plc:5iyms5rqmuft4og2eajldrko err=HttpError('InvalidRequest: Could not find repo: did:plc:5iyms5rqmuft4og2eajldrko')
2026-03-30T18:42:25Z WARNING bsky_collector_v2.job.index_feed_generators: listRecords failed repo=did:plc:62sr4z26z5g5lf7cpkmf7lls err=HttpError('InvalidRequest: Could not find repo: did:plc:62sr4z26z5g5lf7cpkmf7lls')
2026-03-30T18:42:29Z WARNING bsky_collector_v2.job.index_feed_generators: listRecords failed repo=did:plc:6yekvivpweulvjk5hvanvjmi err=HttpError('InvalidRequest: Could not find repo: did:plc:6yekvivpweulvjk5hvanvjmi')
2026-03-30T18:42:31Z WARNING bsky_collector_v2.job.index_feed_generators: listRecords failed repo=did:plc:7izspm3mplhie6az6canpats err=HttpError('InvalidRequest: Could not find repo: did:plc:7izspm3mplhie6az6canpats')
2026-03-30T18:42:32Z WARNING bsky_collector_v2.job.index_feed_generators: listRecords failed repo=did:plc:7pqklzagpigyeihsxvngzcps err=HttpError('InvalidRequest: Could not find repo: did:plc:7pqklzagpigyeihsxvngzcps')
2026-03-30T18:42:35Z WARNING bsky_collector_v2.job.index_feed_generators: listRecords failed repo=did:plc:almznkkcgq6rvfzwgtklvckd err=HttpError('InvalidRequest: Could not find repo: did:plc:almznkkcgq6rvfzwgtklvckd')
2026-03-30T18:42:36Z WARNING bsky_collector_v2.job.index_feed_generators: listRecords failed repo=did:plc:apc55gp32vuuwi6upzgylwky err=HttpError('InvalidRequest: Could not find repo: did:plc:apc55gp32vuuwi6upzgylwky')
2026-03-30T18:42:36Z WARNING bsky_collector_v2.job.index_feed_generators: listRecords failed repo=did:plc:aqtx6wbsjgnae5ya637svlec err=HttpError('InvalidRequest: Could not find repo: did:plc:aqtx6wbsjgnae5ya637svlec')
2026-03-30T18:42:36Z WARNING bsky_collector_v2.job.index_feed_generators: listRecords failed repo=did:plc:aqv77vl6fu6qar3yw2h77npa err=HttpError('InvalidRequest: Could not find repo: did:plc:aqv77vl6fu6qar3yw2h77npa')
2026-03-30T18:42:38Z WARNING bsky_collector_v2.job.index_feed_generators: listRecords failed repo=did:plc:beciteolqnbuyqyykwv5l7mf err=HttpError('InvalidRequest: Could not find repo: did:plc:beciteolqnbuyqyykwv5l7mf')
2026-03-30T18:42:40Z WARNING bsky_collector_v2.job.index_feed_generators: listRecords failed repo=did:plc:cc7y2laafd3wjejkegofy23f err=HttpError('InvalidRequest: Could not find repo: did:plc:cc7y2laafd3wjejkegofy23f')
2026-03-30T18:42:41Z WARNING bsky_collector_v2.job.index_feed_generators: listRecords failed repo=did:plc:cnijtuhmsvkpju2pj4rfkgwc err=HttpError('InvalidRequest: Could not find repo: did:plc:cnijtuhmsvkpju2pj4rfkgwc')
2026-03-30T18:42:45Z WARNING bsky_collector_v2.job.index_feed_generators: listRecords failed repo=did:plc:dyhjk2wbrlca5jai7wqcr5kb err=HttpError('InvalidRequest: Could not find repo: did:plc:dyhjk2wbrlca5jai7wqcr5kb')
2026-03-30T18:42:47Z WARNING bsky_collector_v2.job.index_feed_generators: listRecords failed repo=did:plc:eszbirkv7bchdbcxbvi6o2m3 err=HttpError('InvalidRequest: Could not find repo: did:plc:eszbirkv7bchdbcxbvi6o2m3')
2026-03-30T18:42:49Z WARNING bsky_collector_v2.job.index_feed_generators: listRecords failed repo=did:plc:fc7zolgerovkfm5i3ovdyavl err=HttpError('InvalidRequest: Could not find repo: did:plc:fc7zolgerovkfm5i3ovdyavl')
2026-03-30T18:42:49Z WARNING bsky_collector_v2.job.index_feed_generators: listRecords failed repo=did:plc:fcyeh5yjh3rjb2xpzk3pbeo2 err=HttpError('InvalidRequest: Could not find repo: did:plc:fcyeh5yjh3rjb2xpzk3pbeo2')
2026-03-30T18:42:50Z WARNING bsky_collector_v2.job.index_feed_generators: listRecords failed repo=did:plc:fkq34wao5sobpam37wrwua54 err=HttpError('InvalidRequest: Could not find repo: did:plc:fkq34wao5sobpam37wrwua54')
2026-03-30T18:42:58Z WARNING bsky_collector_v2.job.index_feed_generators: listRecords failed repo=did:plc:ha23yufqugb6djoieonnipcg err=HttpError('InvalidRequest: Could not find repo: did:plc:ha23yufqugb6djoieonnipcg')
2026-03-30T18:43:01Z WARNING bsky_collector_v2.job.index_feed_generators: listRecords failed repo=did:plc:iad4hp3r65ti2njcy6f6zz2c err=HttpError('InvalidRequest: Could not find repo: did:plc:iad4hp3r65ti2njcy6f6zz2c')
2026-03-30T18:43:03Z WARNING bsky_collector_v2.job.index_feed_generators: listRecords failed repo=did:plc:jn77r6pxypx274kd7cjy3m5i err=HttpError('InvalidRequest: Could not find repo: did:plc:jn77r6pxypx274kd7cjy3m5i')
2026-03-30T18:43:10Z WARNING bsky_collector_v2.job.index_feed_generators: listRecords failed repo=did:plc:m7ptrldn3up2lesoonnusmmw err=HttpError('InvalidRequest: Could not find repo: did:plc:m7ptrldn3up2lesoonnusmmw')
2026-03-30T18:43:16Z WARNING bsky_collector_v2.job.index_feed_generators: listRecords failed repo=did:plc:olqzqe4yw62yexcipo4uhz7n err=HttpError('InvalidRequest: Could not find repo: did:plc:olqzqe4yw62yexcipo4uhz7n')
2026-03-30T18:43:22Z WARNING bsky_collector_v2.job.index_feed_generators: listRecords failed repo=did:plc:qyiy5bit5etmisaq5ga2fsvz err=HttpError('InvalidRequest: Could not find repo: did:plc:qyiy5bit5etmisaq5ga2fsvz')
2026-03-30T18:43:23Z WARNING bsky_collector_v2.job.index_feed_generators: listRecords failed repo=did:plc:rbv6atyeggqsrxyzkgjlgz4t err=HttpError('InvalidRequest: Could not find repo: did:plc:rbv6atyeggqsrxyzkgjlgz4t')
2026-03-30T18:43:23Z WARNING bsky_collector_v2.job.index_feed_generators: listRecords failed repo=did:plc:rca7l2v4okwywg4itqw3urz6 err=HttpError('InvalidRequest: Could not find repo: did:plc:rca7l2v4okwywg4itqw3urz6')
2026-03-30T18:43:25Z WARNING bsky_collector_v2.job.index_feed_generators: listRecords failed repo=did:plc:sf3l6hoj3dy5ubw7upjlm5ym err=HttpError('InvalidRequest: Could not find repo: did:plc:sf3l6hoj3dy5ubw7upjlm5ym')
2026-03-30T18:43:25Z WARNING bsky_collector_v2.job.index_feed_generators: listRecords failed repo=did:plc:shtcoqo4qnjw5quvcgzizgmh err=HttpError('InvalidRequest: Could not find repo: did:plc:shtcoqo4qnjw5quvcgzizgmh')
2026-03-30T18:43:27Z WARNING bsky_collector_v2.job.index_feed_generators: listRecords failed repo=did:plc:tdy6oxkfybrgfktp3xw3ob2d err=HttpError('InvalidRequest: Could not find repo: did:plc:tdy6oxkfybrgfktp3xw3ob2d')
2026-03-30T18:43:28Z WARNING bsky_collector_v2.job.index_feed_generators: listRecords failed repo=did:plc:tqjr2jwbmlcjypj7arqqwpjk err=HttpError('InvalidRequest: Could not find repo: did:plc:tqjr2jwbmlcjypj7arqqwpjk')
2026-03-30T18:43:41Z WARNING bsky_collector_v2.job.index_feed_generators: listRecords failed repo=did:plc:vsqhlsmlqno327cdclh6663u err=HttpError('InvalidRequest: Could not find repo: did:plc:vsqhlsmlqno327cdclh6663u')
2026-03-30T18:43:43Z WARNING bsky_collector_v2.job.index_feed_generators: listRecords failed repo=did:plc:wd6yd5z3hi3xojn35uiraevs err=HttpError('InvalidRequest: Could not find repo: did:plc:wd6yd5z3hi3xojn35uiraevs')
2026-03-30T18:43:46Z WARNING bsky_collector_v2.job.index_feed_generators: listRecords failed repo=did:plc:x2cpt4blwnhu44igyr6fta2v err=HttpError('InvalidRequest: Could not find repo: did:plc:x2cpt4blwnhu44igyr6fta2v')
2026-03-30T18:43:47Z WARNING bsky_collector_v2.job.index_feed_generators: listRecords failed repo=did:plc:x67volcmwnqbygnue2wvs2rf err=HttpError('InvalidRequest: Could not find repo: did:plc:x67volcmwnqbygnue2wvs2rf')
2026-03-30T18:43:51Z WARNING bsky_collector_v2.job.index_feed_generators: listRecords failed repo=did:plc:yxam2a6a2xlsm5dy4gmo6yob err=HttpError('InvalidRequest: Could not find repo: did:plc:yxam2a6a2xlsm5dy4gmo6yob')
2026-03-30T18:43:55Z WARNING bsky_collector_v2.job.index_feed_generators: listRecords failed repo=did:plc:2nsxpufxkzgvwy4fe62wbk4r err=HttpError('InvalidRequest: Could not find repo: did:plc:2nsxpufxkzgvwy4fe62wbk4r')
2026-03-30T18:43:55Z WARNING bsky_collector_v2.job.index_feed_generators: listRecords failed repo=did:plc:2qoqd7flgp5rmbypcebioomb err=HttpError('InvalidRequest: Could not find repo: did:plc:2qoqd7flgp5rmbypcebioomb')
2026-03-30T18:43:55Z WARNING bsky_collector_v2.job.index_feed_generators: listRecords failed repo=did:plc:4f3kw4r2hd6slmuzqi4z5ygo err=HttpError('InvalidRequest: Could not find repo: did:plc:4f3kw4r2hd6slmuzqi4z5ygo')
2026-03-30T18:43:55Z WARNING bsky_collector_v2.job.index_feed_generators: listRecords failed repo=did:plc:5iyms5rqmuft4og2eajldrko err=HttpError('InvalidRequest: Could not find repo: did:plc:5iyms5rqmuft4og2eajldrko')
2026-03-30T18:43:55Z WARNING bsky_collector_v2.job.index_feed_generators: listRecords failed repo=did:plc:62sr4z26z5g5lf7cpkmf7lls err=HttpError('InvalidRequest: Could not find repo: did:plc:62sr4z26z5g5lf7cpkmf7lls')
2026-03-30T18:43:55Z WARNING bsky_collector_v2.job.index_feed_generators: listRecords failed repo=did:plc:6yekvivpweulvjk5hvanvjmi err=HttpError('InvalidRequest: Could not find repo: did:plc:6yekvivpweulvjk5hvanvjmi')
2026-03-30T18:43:55Z WARNING bsky_collector_v2.job.index_feed_generators: listRecords failed repo=did:plc:7izspm3mplhie6az6canpats err=HttpError('InvalidRequest: Could not find repo: did:plc:7izspm3mplhie6az6canpats')
2026-03-30T18:43:55Z WARNING bsky_collector_v2.job.index_feed_generators: listRecords failed repo=did:plc:7pqklzagpigyeihsxvngzcps err=HttpError('InvalidRequest: Could not find repo: did:plc:7pqklzagpigyeihsxvngzcps')
2026-03-30T18:43:55Z WARNING bsky_collector_v2.job.index_feed_generators: listRecords failed repo=did:plc:almznkkcgq6rvfzwgtklvckd err=HttpError('InvalidRequest: Could not find repo: did:plc:almznkkcgq6rvfzwgtklvckd')
2026-03-30T18:43:56Z WARNING bsky_collector_v2.job.index_feed_generators: listRecords failed repo=did:plc:apc55gp32vuuwi6upzgylwky err=HttpError('InvalidRequest: Could not find repo: did:plc:apc55gp32vuuwi6upzgylwky')
2026-03-30T18:43:56Z WARNING bsky_collector_v2.job.index_feed_generators: listRecords failed repo=did:plc:aqtx6wbsjgnae5ya637svlec err=HttpError('InvalidRequest: Could not find repo: did:plc:aqtx6wbsjgnae5ya637svlec')
2026-03-30T18:43:56Z WARNING bsky_collector_v2.job.index_feed_generators: listRecords failed repo=did:plc:aqv77vl6fu6qar3yw2h77npa err=HttpError('InvalidRequest: Could not find repo: did:plc:aqv77vl6fu6qar3yw2h77npa')
2026-03-30T18:43:56Z WARNING bsky_collector_v2.job.index_feed_generators: listRecords failed repo=did:plc:beciteolqnbuyqyykwv5l7mf err=HttpError('InvalidRequest: Could not find repo: did:plc:beciteolqnbuyqyykwv5l7mf')
2026-03-30T18:43:56Z WARNING bsky_collector_v2.job.index_feed_generators: listRecords failed repo=did:plc:cc7y2laafd3wjejkegofy23f err=HttpError('InvalidRequest: Could not find repo: did:plc:cc7y2laafd3wjejkegofy23f')
2026-03-30T18:43:56Z WARNING bsky_collector_v2.job.index_feed_generators: listRecords failed repo=did:plc:cnijtuhmsvkpju2pj4rfkgwc err=HttpError('InvalidRequest: Could not find repo: did:plc:cnijtuhmsvkpju2pj4rfkgwc')
2026-03-30T18:43:56Z WARNING bsky_collector_v2.job.index_feed_generators: listRecords failed repo=did:plc:dyhjk2wbrlca5jai7wqcr5kb err=HttpError('InvalidRequest: Could not find repo: did:plc:dyhjk2wbrlca5jai7wqcr5kb')
2026-03-30T18:43:56Z WARNING bsky_collector_v2.job.index_feed_generators: listRecords failed repo=did:plc:eszbirkv7bchdbcxbvi6o2m3 err=HttpError('InvalidRequest: Could not find repo: did:plc:eszbirkv7bchdbcxbvi6o2m3')
2026-03-30T18:43:56Z WARNING bsky_collector_v2.job.index_feed_generators: listRecords failed repo=did:plc:fc7zolgerovkfm5i3ovdyavl err=HttpError('InvalidRequest: Could not find repo: did:plc:fc7zolgerovkfm5i3ovdyavl')
2026-03-30T18:43:56Z WARNING bsky_collector_v2.job.index_feed_generators: listRecords failed repo=did:plc:fcyeh5yjh3rjb2xpzk3pbeo2 err=HttpError('InvalidRequest: Could not find repo: did:plc:fcyeh5yjh3rjb2xpzk3pbeo2')
2026-03-30T18:43:56Z WARNING bsky_collector_v2.job.index_feed_generators: listRecords failed repo=did:plc:fkq34wao5sobpam37wrwua54 err=HttpError('InvalidRequest: Could not find repo: did:plc:fkq34wao5sobpam37wrwua54')
2026-03-30T18:43:57Z WARNING bsky_collector_v2.job.index_feed_generators: listRecords failed repo=did:plc:ha23yufqugb6djoieonnipcg err=HttpError('InvalidRequest: Could not find repo: did:plc:ha23yufqugb6djoieonnipcg')
2026-03-30T18:43:57Z WARNING bsky_collector_v2.job.index_feed_generators: listRecords failed repo=did:plc:iad4hp3r65ti2njcy6f6zz2c err=HttpError('InvalidRequest: Could not find repo: did:plc:iad4hp3r65ti2njcy6f6zz2c')
2026-03-30T18:43:57Z WARNING bsky_collector_v2.job.index_feed_generators: listRecords failed repo=did:plc:jn77r6pxypx274kd7cjy3m5i err=HttpError('InvalidRequest: Could not find repo: did:plc:jn77r6pxypx274kd7cjy3m5i')
2026-03-30T18:43:57Z WARNING bsky_collector_v2.job.index_feed_generators: listRecords failed repo=did:plc:m7ptrldn3up2lesoonnusmmw err=HttpError('InvalidRequest: Could not find repo: did:plc:m7ptrldn3up2lesoonnusmmw')
2026-03-30T18:43:57Z WARNING bsky_collector_v2.job.index_feed_generators: listRecords failed repo=did:plc:olqzqe4yw62yexcipo4uhz7n err=HttpError('InvalidRequest: Could not find repo: did:plc:olqzqe4yw62yexcipo4uhz7n')
2026-03-30T18:43:57Z WARNING bsky_collector_v2.job.index_feed_generators: listRecords failed repo=did:plc:qyiy5bit5etmisaq5ga2fsvz err=HttpError('InvalidRequest: Could not find repo: did:plc:qyiy5bit5etmisaq5ga2fsvz')
2026-03-30T18:43:57Z WARNING bsky_collector_v2.job.index_feed_generators: listRecords failed repo=did:plc:rbv6atyeggqsrxyzkgjlgz4t err=HttpError('InvalidRequest: Could not find repo: did:plc:rbv6atyeggqsrxyzkgjlgz4t')
2026-03-30T18:43:57Z WARNING bsky_collector_v2.job.index_feed_generators: listRecords failed repo=did:plc:rca7l2v4okwywg4itqw3urz6 err=HttpError('InvalidRequest: Could not find repo: did:plc:rca7l2v4okwywg4itqw3urz6')
2026-03-30T18:43:57Z WARNING bsky_collector_v2.job.index_feed_generators: listRecords failed repo=did:plc:sf3l6hoj3dy5ubw7upjlm5ym err=HttpError('InvalidRequest: Could not find repo: did:plc:sf3l6hoj3dy5ubw7upjlm5ym')
2026-03-30T18:43:57Z WARNING bsky_collector_v2.job.index_feed_generators: listRecords failed repo=did:plc:shtcoqo4qnjw5quvcgzizgmh err=HttpError('InvalidRequest: Could not find repo: did:plc:shtcoqo4qnjw5quvcgzizgmh')
2026-03-30T18:43:57Z WARNING bsky_collector_v2.job.index_feed_generators: listRecords failed repo=did:plc:tdy6oxkfybrgfktp3xw3ob2d err=HttpError('InvalidRequest: Could not find repo: did:plc:tdy6oxkfybrgfktp3xw3ob2d')
2026-03-30T18:43:58Z WARNING bsky_collector_v2.job.index_feed_generators: listRecords failed repo=did:plc:tqjr2jwbmlcjypj7arqqwpjk err=HttpError('InvalidRequest: Could not find repo: did:plc:tqjr2jwbmlcjypj7arqqwpjk')
2026-03-30T18:43:58Z WARNING bsky_collector_v2.job.index_feed_generators: listRecords failed repo=did:plc:vsqhlsmlqno327cdclh6663u err=HttpError('InvalidRequest: Could not find repo: did:plc:vsqhlsmlqno327cdclh6663u')
2026-03-30T18:43:58Z WARNING bsky_collector_v2.job.index_feed_generators: listRecords failed repo=did:plc:wd6yd5z3hi3xojn35uiraevs err=HttpError('InvalidRequest: Could not find repo: did:plc:wd6yd5z3hi3xojn35uiraevs')
2026-03-30T18:43:58Z WARNING bsky_collector_v2.job.index_feed_generators: listRecords failed repo=did:plc:x2cpt4blwnhu44igyr6fta2v err=HttpError('InvalidRequest: Could not find repo: did:plc:x2cpt4blwnhu44igyr6fta2v')
2026-03-30T18:43:58Z WARNING bsky_collector_v2.job.index_feed_generators: listRecords failed repo=did:plc:x67volcmwnqbygnue2wvs2rf err=HttpError('InvalidRequest: Could not find repo: did:plc:x67volcmwnqbygnue2wvs2rf')
2026-03-30T18:43:58Z WARNING bsky_collector_v2.job.index_feed_generators: listRecords failed repo=did:plc:yxam2a6a2xlsm5dy4gmo6yob err=HttpError('InvalidRequest: Could not find repo: did:plc:yxam2a6a2xlsm5dy4gmo6yob')
2026-03-30T18:43:58Z WARNING bsky_collector_v2.job.index_feed_generators: listRecords failed repo=did:plc:2nsxpufxkzgvwy4fe62wbk4r err=HttpError('InvalidRequest: Could not find repo: did:plc:2nsxpufxkzgvwy4fe62wbk4r')
2026-03-30T18:43:58Z WARNING bsky_collector_v2.job.index_feed_generators: listRecords failed repo=did:plc:2qoqd7flgp5rmbypcebioomb err=HttpError('InvalidRequest: Could not find repo: did:plc:2qoqd7flgp5rmbypcebioomb')
2026-03-30T18:43:58Z WARNING bsky_collector_v2.job.index_feed_generators: listRecords failed repo=did:plc:4f3kw4r2hd6slmuzqi4z5ygo err=HttpError('InvalidRequest: Could not find repo: did:plc:4f3kw4r2hd6slmuzqi4z5ygo')
2026-03-30T18:43:58Z WARNING bsky_collector_v2.job.index_feed_generators: listRecords failed repo=did:plc:5iyms5rqmuft4og2eajldrko err=HttpError('InvalidRequest: Could not find repo: did:plc:5iyms5rqmuft4og2eajldrko')
2026-03-30T18:43:58Z WARNING bsky_collector_v2.job.index_feed_generators: listRecords failed repo=did:plc:62sr4z26z5g5lf7cpkmf7lls err=HttpError('InvalidRequest: Could not find repo: did:plc:62sr4z26z5g5lf7cpkmf7lls')
2026-03-30T18:43:59Z WARNING bsky_collector_v2.job.index_feed_generators: listRecords failed repo=did:plc:6yekvivpweulvjk5hvanvjmi err=HttpError('InvalidRequest: Could not find repo: did:plc:6yekvivpweulvjk5hvanvjmi')
2026-03-30T18:43:59Z WARNING bsky_collector_v2.job.index_feed_generators: listRecords failed repo=did:plc:7izspm3mplhie6az6canpats err=HttpError('InvalidRequest: Could not find repo: did:plc:7izspm3mplhie6az6canpats')
2026-03-30T18:43:59Z WARNING bsky_collector_v2.job.index_feed_generators: listRecords failed repo=did:plc:7pqklzagpigyeihsxvngzcps err=HttpError('InvalidRequest: Could not find repo: did:plc:7pqklzagpigyeihsxvngzcps')
2026-03-30T18:43:59Z WARNING bsky_collector_v2.job.index_feed_generators: listRecords failed repo=did:plc:almznkkcgq6rvfzwgtklvckd err=HttpError('InvalidRequest: Could not find repo: did:plc:almznkkcgq6rvfzwgtklvckd')
2026-03-30T18:43:59Z WARNING bsky_collector_v2.job.index_feed_generators: listRecords failed repo=did:plc:apc55gp32vuuwi6upzgylwky err=HttpError('InvalidRequest: Could not find repo: did:plc:apc55gp32vuuwi6upzgylwky')
2026-03-30T18:43:59Z WARNING bsky_collector_v2.job.index_feed_generators: listRecords failed repo=did:plc:aqtx6wbsjgnae5ya637svlec err=HttpError('InvalidRequest: Could not find repo: did:plc:aqtx6wbsjgnae5ya637svlec')
2026-03-30T18:43:59Z WARNING bsky_collector_v2.job.index_feed_generators: listRecords failed repo=did:plc:aqv77vl6fu6qar3yw2h77npa err=HttpError('InvalidRequest: Could not find repo: did:plc:aqv77vl6fu6qar3yw2h77npa')
2026-03-30T18:43:59Z WARNING bsky_collector_v2.job.index_feed_generators: listRecords failed repo=did:plc:beciteolqnbuyqyykwv5l7mf err=HttpError('InvalidRequest: Could not find repo: did:plc:beciteolqnbuyqyykwv5l7mf')
2026-03-30T18:43:59Z WARNING bsky_collector_v2.job.index_feed_generators: listRecords failed repo=did:plc:cc7y2laafd3wjejkegofy23f err=HttpError('InvalidRequest: Could not find repo: did:plc:cc7y2laafd3wjejkegofy23f')
2026-03-30T18:43:59Z WARNING bsky_collector_v2.job.index_feed_generators: listRecords failed repo=did:plc:cnijtuhmsvkpju2pj4rfkgwc err=HttpError('InvalidRequest: Could not find repo: did:plc:cnijtuhmsvkpju2pj4rfkgwc')
2026-03-30T18:43:59Z WARNING bsky_collector_v2.job.index_feed_generators: listRecords failed repo=did:plc:dyhjk2wbrlca5jai7wqcr5kb err=HttpError('InvalidRequest: Could not find repo: did:plc:dyhjk2wbrlca5jai7wqcr5kb')
2026-03-30T18:44:00Z WARNING bsky_collector_v2.job.index_feed_generators: listRecords failed repo=did:plc:eszbirkv7bchdbcxbvi6o2m3 err=HttpError('InvalidRequest: Could not find repo: did:plc:eszbirkv7bchdbcxbvi6o2m3')
2026-03-30T18:44:00Z WARNING bsky_collector_v2.job.index_feed_generators: listRecords failed repo=did:plc:fc7zolgerovkfm5i3ovdyavl err=HttpError('InvalidRequest: Could not find repo: did:plc:fc7zolgerovkfm5i3ovdyavl')
2026-03-30T18:44:00Z WARNING bsky_collector_v2.job.index_feed_generators: listRecords failed repo=did:plc:fcyeh5yjh3rjb2xpzk3pbeo2 err=HttpError('InvalidRequest: Could not find repo: did:plc:fcyeh5yjh3rjb2xpzk3pbeo2')
2026-03-30T18:44:00Z WARNING bsky_collector_v2.job.index_feed_generators: listRecords failed repo=did:plc:fkq34wao5sobpam37wrwua54 err=HttpError('InvalidRequest: Could not find repo: did:plc:fkq34wao5sobpam37wrwua54')
2026-03-30T18:44:00Z WARNING bsky_collector_v2.job.index_feed_generators: listRecords failed repo=did:plc:ha23yufqugb6djoieonnipcg err=HttpError('InvalidRequest: Could not find repo: did:plc:ha23yufqugb6djoieonnipcg')
2026-03-30T18:44:00Z WARNING bsky_collector_v2.job.index_feed_generators: listRecords failed repo=did:plc:iad4hp3r65ti2njcy6f6zz2c err=HttpError('InvalidRequest: Could not find repo: did:plc:iad4hp3r65ti2njcy6f6zz2c')
2026-03-30T18:44:00Z WARNING bsky_collector_v2.job.index_feed_generators: listRecords failed repo=did:plc:jn77r6pxypx274kd7cjy3m5i err=HttpError('InvalidRequest: Could not find repo: did:plc:jn77r6pxypx274kd7cjy3m5i')
2026-03-30T18:44:00Z WARNING bsky_collector_v2.job.index_feed_generators: listRecords failed repo=did:plc:m7ptrldn3up2lesoonnusmmw err=HttpError('InvalidRequest: Could not find repo: did:plc:m7ptrldn3up2lesoonnusmmw')
2026-03-30T18:44:00Z WARNING bsky_collector_v2.job.index_feed_generators: listRecords failed repo=did:plc:olqzqe4yw62yexcipo4uhz7n err=HttpError('InvalidRequest: Could not find repo: did:plc:olqzqe4yw62yexcipo4uhz7n')
2026-03-30T18:44:00Z WARNING bsky_collector_v2.job.index_feed_generators: listRecords failed repo=did:plc:qyiy5bit5etmisaq5ga2fsvz err=HttpError('InvalidRequest: Could not find repo: did:plc:qyiy5bit5etmisaq5ga2fsvz')
2026-03-30T18:44:00Z WARNING bsky_collector_v2.job.index_feed_generators: listRecords failed repo=did:plc:rbv6atyeggqsrxyzkgjlgz4t err=HttpError('InvalidRequest: Could not find repo: did:plc:rbv6atyeggqsrxyzkgjlgz4t')
2026-03-30T18:44:00Z WARNING bsky_collector_v2.job.index_feed_generators: listRecords failed repo=did:plc:rca7l2v4okwywg4itqw3urz6 err=HttpError('InvalidRequest: Could not find repo: did:plc:rca7l2v4okwywg4itqw3urz6')
2026-03-30T18:44:01Z WARNING bsky_collector_v2.job.index_feed_generators: listRecords failed repo=did:plc:sf3l6hoj3dy5ubw7upjlm5ym err=HttpError('InvalidRequest: Could not find repo: did:plc:sf3l6hoj3dy5ubw7upjlm5ym')
2026-03-30T18:44:01Z WARNING bsky_collector_v2.job.index_feed_generators: listRecords failed repo=did:plc:shtcoqo4qnjw5quvcgzizgmh err=HttpError('InvalidRequest: Could not find repo: did:plc:shtcoqo4qnjw5quvcgzizgmh')
2026-03-30T18:44:01Z WARNING bsky_collector_v2.job.index_feed_generators: listRecords failed repo=did:plc:tdy6oxkfybrgfktp3xw3ob2d err=HttpError('InvalidRequest: Could not find repo: did:plc:tdy6oxkfybrgfktp3xw3ob2d')
2026-03-30T18:44:01Z WARNING bsky_collector_v2.job.index_feed_generators: listRecords failed repo=did:plc:tqjr2jwbmlcjypj7arqqwpjk err=HttpError('InvalidRequest: Could not find repo: did:plc:tqjr2jwbmlcjypj7arqqwpjk')
2026-03-30T18:44:01Z WARNING bsky_collector_v2.job.index_feed_generators: listRecords failed repo=did:plc:vsqhlsmlqno327cdclh6663u err=HttpError('InvalidRequest: Could not find repo: did:plc:vsqhlsmlqno327cdclh6663u')
2026-03-30T18:44:01Z WARNING bsky_collector_v2.job.index_feed_generators: listRecords failed repo=did:plc:wd6yd5z3hi3xojn35uiraevs err=HttpError('InvalidRequest: Could not find repo: did:plc:wd6yd5z3hi3xojn35uiraevs')
2026-03-30T18:44:01Z WARNING bsky_collector_v2.job.index_feed_generators: listRecords failed repo=did:plc:x2cpt4blwnhu44igyr6fta2v err=HttpError('InvalidRequest: Could not find repo: did:plc:x2cpt4blwnhu44igyr6fta2v')
2026-03-30T18:44:01Z WARNING bsky_collector_v2.job.index_feed_generators: listRecords failed repo=did:plc:x67volcmwnqbygnue2wvs2rf err=HttpError('InvalidRequest: Could not find repo: did:plc:x67volcmwnqbygnue2wvs2rf')
2026-03-30T18:44:01Z WARNING bsky_collector_v2.job.index_feed_generators: listRecords failed repo=did:plc:yxam2a6a2xlsm5dy4gmo6yob err=HttpError('InvalidRequest: Could not find repo: did:plc:yxam2a6a2xlsm5dy4gmo6yob')
2026-03-30T18:44:02Z INFO bsky_collector_v2.job.index_feed_generators: enqueued repos page=12 mode=listRepos inserted=500 repos_returned=500 next_cursor=set
2026-03-30T18:44:02Z WARNING bsky_collector_v2.job.index_feed_generators: listRecords failed repo=did:plc:23ghis2lcfjye3km3del3oue err=HttpError('InvalidRequest: Could not find repo: did:plc:23ghis2lcfjye3km3del3oue')
2026-03-30T18:44:03Z WARNING bsky_collector_v2.job.index_feed_generators: listRecords failed repo=did:plc:266bl3ws5w4vfeg26jnxwfmo err=HttpError('InvalidRequest: Could not find repo: did:plc:266bl3ws5w4vfeg26jnxwfmo')
2026-03-30T18:44:05Z WARNING bsky_collector_v2.job.index_feed_generators: listRecords failed repo=did:plc:35a3hs7t2e3xlzvsqqlyn7xa err=HttpError('InvalidRequest: Could not find repo: did:plc:35a3hs7t2e3xlzvsqqlyn7xa')
2026-03-30T18:44:07Z WARNING bsky_collector_v2.job.index_feed_generators: listRecords failed repo=did:plc:3ghorkjaryhdankdbwlahctd err=HttpError('InvalidRequest: Could not find repo: did:plc:3ghorkjaryhdankdbwlahctd')
2026-03-30T18:44:13Z WARNING bsky_collector_v2.job.index_feed_generators: listRecords failed repo=did:plc:635mvmqbndalv3kdl37y7643 err=HttpError('InvalidRequest: Could not find repo: did:plc:635mvmqbndalv3kdl37y7643')
2026-03-30T18:44:17Z WARNING bsky_collector_v2.job.index_feed_generators: listRecords failed repo=did:plc:7d3xbpucgfppxdcqpkuxvwo4 err=HttpError('InvalidRequest: Could not find repo: did:plc:7d3xbpucgfppxdcqpkuxvwo4')
2026-03-30T18:44:18Z WARNING bsky_collector_v2.job.index_feed_generators: listRecords failed repo=did:plc:7kx4nsqfurcgrgnjm3tfj5qq err=HttpError('InvalidRequest: Could not find repo: did:plc:7kx4nsqfurcgrgnjm3tfj5qq')
2026-03-30T18:44:18Z WARNING bsky_collector_v2.job.index_feed_generators: listRecords failed repo=did:plc:7m2nu4xrqkk5buyi6mprwevt err=HttpError('InvalidRequest: Could not find repo: did:plc:7m2nu4xrqkk5buyi6mprwevt')
2026-03-30T18:44:20Z WARNING bsky_collector_v2.job.index_feed_generators: listRecords failed repo=did:plc:aht26yivh5i4gl7o32b6kbnc err=HttpError('InvalidRequest: Could not find repo: did:plc:aht26yivh5i4gl7o32b6kbnc')
2026-03-30T18:44:22Z WARNING bsky_collector_v2.job.index_feed_generators: listRecords failed repo=did:plc:b35klzid375udgz3k7tnt7ue err=HttpError('InvalidRequest: Could not find repo: did:plc:b35klzid375udgz3k7tnt7ue')
2026-03-30T18:44:23Z WARNING bsky_collector_v2.job.index_feed_generators: listRecords failed repo=did:plc:bjcs3u3fm5vgdpclj4dixryc err=HttpError('InvalidRequest: Could not find repo: did:plc:bjcs3u3fm5vgdpclj4dixryc')
2026-03-30T18:44:23Z WARNING bsky_collector_v2.job.index_feed_generators: listRecords failed repo=did:plc:bni7uuejzw4f35vkgz3groof err=HttpError('InvalidRequest: Could not find repo: did:plc:bni7uuejzw4f35vkgz3groof')
2026-03-30T18:44:38Z WARNING bsky_collector_v2.job.index_feed_generators: listRecords failed repo=did:plc:hbfvp2xkfanm5ds25gryv5fa err=HttpError('InvalidRequest: Could not find repo: did:plc:hbfvp2xkfanm5ds25gryv5fa')
2026-03-30T18:44:42Z WARNING bsky_collector_v2.job.index_feed_generators: listRecords failed repo=did:plc:hynerc2jewhvifijswl3lilc err=HttpError('InvalidRequest: Could not find repo: did:plc:hynerc2jewhvifijswl3lilc')
2026-03-30T18:44:43Z WARNING bsky_collector_v2.job.index_feed_generators: listRecords failed repo=did:plc:it6jlgfbhcqzansiexdogchz err=HttpError('InvalidRequest: Could not find repo: did:plc:it6jlgfbhcqzansiexdogchz')
2026-03-30T18:44:43Z WARNING bsky_collector_v2.job.index_feed_generators: listRecords failed repo=did:plc:itmel2cbynf37cmucf3zmwds err=HttpError('InvalidRequest: Could not find repo: did:plc:itmel2cbynf37cmucf3zmwds')
2026-03-30T18:44:43Z WARNING bsky_collector_v2.job.index_feed_generators: listRecords failed repo=did:plc:iunrpmzptvsrbdbtiiehm3fj err=HttpError('InvalidRequest: Could not find repo: did:plc:iunrpmzptvsrbdbtiiehm3fj')
2026-03-30T18:44:47Z WARNING bsky_collector_v2.job.index_feed_generators: listRecords failed repo=did:plc:k463dd4dnpgd7qzjo3tayntg err=HttpError('InvalidRequest: Could not find repo: did:plc:k463dd4dnpgd7qzjo3tayntg')
2026-03-30T18:44:47Z WARNING bsky_collector_v2.job.index_feed_generators: listRecords failed repo=did:plc:kahi4bidc4h4n5dso5lrcykg err=HttpError('InvalidRequest: Could not find repo: did:plc:kahi4bidc4h4n5dso5lrcykg')
2026-03-30T18:44:50Z WARNING bsky_collector_v2.job.index_feed_generators: listRecords failed repo=did:plc:ladwgfjuci7c7w2frucmdz2b err=HttpError('InvalidRequest: Could not find repo: did:plc:ladwgfjuci7c7w2frucmdz2b')
2026-03-30T18:44:53Z WARNING bsky_collector_v2.job.index_feed_generators: listRecords failed repo=did:plc:m47srpoos7wtogwvxqovafgj err=HttpError('InvalidRequest: Could not find repo: did:plc:m47srpoos7wtogwvxqovafgj')
2026-03-30T18:44:54Z WARNING bsky_collector_v2.job.index_feed_generators: listRecords failed repo=did:plc:mqj43pmmgpaoofzioaygmuge err=HttpError('InvalidRequest: Could not find repo: did:plc:mqj43pmmgpaoofzioaygmuge')
2026-03-30T18:44:58Z WARNING bsky_collector_v2.job.index_feed_generators: listRecords failed repo=did:plc:o2wuz5bqnzcubw6fuvghpdiu err=HttpError('InvalidRequest: Could not find repo: did:plc:o2wuz5bqnzcubw6fuvghpdiu')
2026-03-30T18:44:59Z WARNING bsky_collector_v2.job.index_feed_generators: listRecords failed repo=did:plc:ofm4jtxf64q4cbextfyhvmxs err=HttpError('InvalidRequest: Could not find repo: did:plc:ofm4jtxf64q4cbextfyhvmxs')
2026-03-30T18:45:01Z WARNING bsky_collector_v2.job.index_feed_generators: listRecords failed repo=did:plc:q7enhwireapdc2jg47ei5lhb err=HttpError('InvalidRequest: Could not find repo: did:plc:q7enhwireapdc2jg47ei5lhb')
2026-03-30T18:45:02Z WARNING bsky_collector_v2.job.index_feed_generators: listRecords failed repo=did:plc:qgoxoinejc3f3mszmejumjs4 err=HttpError('InvalidRequest: Could not find repo: did:plc:qgoxoinejc3f3mszmejumjs4')
2026-03-30T18:45:10Z WARNING bsky_collector_v2.job.index_feed_generators: listRecords failed repo=did:plc:t37irykn4xb7q4bkdaeumr66 err=HttpError('InvalidRequest: Could not find repo: did:plc:t37irykn4xb7q4bkdaeumr66')
2026-03-30T18:45:12Z WARNING bsky_collector_v2.job.index_feed_generators: listRecords failed repo=did:plc:tgx7jqr3l46tvrlhdjs6wjuo err=HttpError('InvalidRequest: Could not find repo: did:plc:tgx7jqr3l46tvrlhdjs6wjuo')
2026-03-30T18:45:15Z WARNING bsky_collector_v2.job.index_feed_generators: listRecords failed repo=did:plc:un3amda5qwcazj4wz5mtderm err=HttpError('InvalidRequest: Could not find repo: did:plc:un3amda5qwcazj4wz5mtderm')
2026-03-30T18:45:17Z WARNING bsky_collector_v2.job.index_feed_generators: listRecords failed repo=did:plc:v46fnb65h4mow6coqkaald2q err=HttpError('InvalidRequest: Could not find repo: did:plc:v46fnb65h4mow6coqkaald2q')
2026-03-30T18:45:19Z WARNING bsky_collector_v2.job.index_feed_generators: listRecords failed repo=did:plc:vjeq7p6ahki7yac2wsq3xbzk err=HttpError('InvalidRequest: Could not find repo: did:plc:vjeq7p6ahki7yac2wsq3xbzk')
2026-03-30T18:45:23Z WARNING bsky_collector_v2.job.index_feed_generators: listRecords failed repo=did:plc:xifbcnhlr3xdsnbrjgebes6p err=HttpError('InvalidRequest: Could not find repo: did:plc:xifbcnhlr3xdsnbrjgebes6p')
2026-03-30T18:45:29Z WARNING bsky_collector_v2.job.index_feed_generators: listRecords failed repo=did:plc:23ghis2lcfjye3km3del3oue err=HttpError('InvalidRequest: Could not find repo: did:plc:23ghis2lcfjye3km3del3oue')
2026-03-30T18:45:29Z WARNING bsky_collector_v2.job.index_feed_generators: listRecords failed repo=did:plc:266bl3ws5w4vfeg26jnxwfmo err=HttpError('InvalidRequest: Could not find repo: did:plc:266bl3ws5w4vfeg26jnxwfmo')
2026-03-30T18:45:29Z WARNING bsky_collector_v2.job.index_feed_generators: listRecords failed repo=did:plc:35a3hs7t2e3xlzvsqqlyn7xa err=HttpError('InvalidRequest: Could not find repo: did:plc:35a3hs7t2e3xlzvsqqlyn7xa')
2026-03-30T18:45:29Z WARNING bsky_collector_v2.job.index_feed_generators: listRecords failed repo=did:plc:3ghorkjaryhdankdbwlahctd err=HttpError('InvalidRequest: Could not find repo: did:plc:3ghorkjaryhdankdbwlahctd')
2026-03-30T18:45:30Z WARNING bsky_collector_v2.job.index_feed_generators: listRecords failed repo=did:plc:635mvmqbndalv3kdl37y7643 err=HttpError('InvalidRequest: Could not find repo: did:plc:635mvmqbndalv3kdl37y7643')
2026-03-30T18:45:30Z WARNING bsky_collector_v2.job.index_feed_generators: listRecords failed repo=did:plc:7d3xbpucgfppxdcqpkuxvwo4 err=HttpError('InvalidRequest: Could not find repo: did:plc:7d3xbpucgfppxdcqpkuxvwo4')
2026-03-30T18:45:30Z WARNING bsky_collector_v2.job.index_feed_generators: listRecords failed repo=did:plc:7kx4nsqfurcgrgnjm3tfj5qq err=HttpError('InvalidRequest: Could not find repo: did:plc:7kx4nsqfurcgrgnjm3tfj5qq')
2026-03-30T18:45:30Z WARNING bsky_collector_v2.job.index_feed_generators: listRecords failed repo=did:plc:7m2nu4xrqkk5buyi6mprwevt err=HttpError('InvalidRequest: Could not find repo: did:plc:7m2nu4xrqkk5buyi6mprwevt')
2026-03-30T18:45:30Z WARNING bsky_collector_v2.job.index_feed_generators: listRecords failed repo=did:plc:aht26yivh5i4gl7o32b6kbnc err=HttpError('InvalidRequest: Could not find repo: did:plc:aht26yivh5i4gl7o32b6kbnc')
2026-03-30T18:45:30Z WARNING bsky_collector_v2.job.index_feed_generators: listRecords failed repo=did:plc:b35klzid375udgz3k7tnt7ue err=HttpError('InvalidRequest: Could not find repo: did:plc:b35klzid375udgz3k7tnt7ue')
2026-03-30T18:45:30Z WARNING bsky_collector_v2.job.index_feed_generators: listRecords failed repo=did:plc:bjcs3u3fm5vgdpclj4dixryc err=HttpError('InvalidRequest: Could not find repo: did:plc:bjcs3u3fm5vgdpclj4dixryc')
2026-03-30T18:45:30Z WARNING bsky_collector_v2.job.index_feed_generators: listRecords failed repo=did:plc:bni7uuejzw4f35vkgz3groof err=HttpError('InvalidRequest: Could not find repo: did:plc:bni7uuejzw4f35vkgz3groof')
2026-03-30T18:45:30Z WARNING bsky_collector_v2.job.index_feed_generators: listRecords failed repo=did:plc:hbfvp2xkfanm5ds25gryv5fa err=HttpError('InvalidRequest: Could not find repo: did:plc:hbfvp2xkfanm5ds25gryv5fa')
2026-03-30T18:45:30Z WARNING bsky_collector_v2.job.index_feed_generators: listRecords failed repo=did:plc:hynerc2jewhvifijswl3lilc err=HttpError('InvalidRequest: Could not find repo: did:plc:hynerc2jewhvifijswl3lilc')
2026-03-30T18:45:30Z WARNING bsky_collector_v2.job.index_feed_generators: listRecords failed repo=did:plc:it6jlgfbhcqzansiexdogchz err=HttpError('InvalidRequest: Could not find repo: did:plc:it6jlgfbhcqzansiexdogchz')
2026-03-30T18:45:30Z WARNING bsky_collector_v2.job.index_feed_generators: listRecords failed repo=did:plc:itmel2cbynf37cmucf3zmwds err=HttpError('InvalidRequest: Could not find repo: did:plc:itmel2cbynf37cmucf3zmwds')
2026-03-30T18:45:30Z WARNING bsky_collector_v2.job.index_feed_generators: listRecords failed repo=did:plc:iunrpmzptvsrbdbtiiehm3fj err=HttpError('InvalidRequest: Could not find repo: did:plc:iunrpmzptvsrbdbtiiehm3fj')
2026-03-30T18:45:30Z WARNING bsky_collector_v2.job.index_feed_generators: listRecords failed repo=did:plc:k463dd4dnpgd7qzjo3tayntg err=HttpError('InvalidRequest: Could not find repo: did:plc:k463dd4dnpgd7qzjo3tayntg')
2026-03-30T18:45:30Z WARNING bsky_collector_v2.job.index_feed_generators: listRecords failed repo=did:plc:kahi4bidc4h4n5dso5lrcykg err=HttpError('InvalidRequest: Could not find repo: did:plc:kahi4bidc4h4n5dso5lrcykg')
2026-03-30T18:45:30Z WARNING bsky_collector_v2.job.index_feed_generators: listRecords failed repo=did:plc:ladwgfjuci7c7w2frucmdz2b err=HttpError('InvalidRequest: Could not find repo: did:plc:ladwgfjuci7c7w2frucmdz2b')
2026-03-30T18:45:30Z WARNING bsky_collector_v2.job.index_feed_generators: listRecords failed repo=did:plc:m47srpoos7wtogwvxqovafgj err=HttpError('InvalidRequest: Could not find repo: did:plc:m47srpoos7wtogwvxqovafgj')
2026-03-30T18:45:30Z WARNING bsky_collector_v2.job.index_feed_generators: listRecords failed repo=did:plc:mqj43pmmgpaoofzioaygmuge err=HttpError('InvalidRequest: Could not find repo: did:plc:mqj43pmmgpaoofzioaygmuge')
2026-03-30T18:45:30Z WARNING bsky_collector_v2.job.index_feed_generators: listRecords failed repo=did:plc:o2wuz5bqnzcubw6fuvghpdiu err=HttpError('InvalidRequest: Could not find repo: did:plc:o2wuz5bqnzcubw6fuvghpdiu')
2026-03-30T18:45:31Z WARNING bsky_collector_v2.job.index_feed_generators: listRecords failed repo=did:plc:ofm4jtxf64q4cbextfyhvmxs err=HttpError('InvalidRequest: Could not find repo: did:plc:ofm4jtxf64q4cbextfyhvmxs')
2026-03-30T18:45:31Z WARNING bsky_collector_v2.job.index_feed_generators: listRecords failed repo=did:plc:q7enhwireapdc2jg47ei5lhb err=HttpError('InvalidRequest: Could not find repo: did:plc:q7enhwireapdc2jg47ei5lhb')
2026-03-30T18:45:31Z WARNING bsky_collector_v2.job.index_feed_generators: listRecords failed repo=did:plc:qgoxoinejc3f3mszmejumjs4 err=HttpError('InvalidRequest: Could not find repo: did:plc:qgoxoinejc3f3mszmejumjs4')
2026-03-30T18:45:31Z WARNING bsky_collector_v2.job.index_feed_generators: listRecords failed repo=did:plc:t37irykn4xb7q4bkdaeumr66 err=HttpError('InvalidRequest: Could not find repo: did:plc:t37irykn4xb7q4bkdaeumr66')
2026-03-30T18:45:31Z WARNING bsky_collector_v2.job.index_feed_generators: listRecords failed repo=did:plc:tgx7jqr3l46tvrlhdjs6wjuo err=HttpError('InvalidRequest: Could not find repo: did:plc:tgx7jqr3l46tvrlhdjs6wjuo')
2026-03-30T18:45:31Z WARNING bsky_collector_v2.job.index_feed_generators: listRecords failed repo=did:plc:un3amda5qwcazj4wz5mtderm err=HttpError('InvalidRequest: Could not find repo: did:plc:un3amda5qwcazj4wz5mtderm')
2026-03-30T18:45:31Z WARNING bsky_collector_v2.job.index_feed_generators: listRecords failed repo=did:plc:v46fnb65h4mow6coqkaald2q err=HttpError('InvalidRequest: Could not find repo: did:plc:v46fnb65h4mow6coqkaald2q')
2026-03-30T18:45:31Z WARNING bsky_collector_v2.job.index_feed_generators: listRecords failed repo=did:plc:vjeq7p6ahki7yac2wsq3xbzk err=HttpError('InvalidRequest: Could not find repo: did:plc:vjeq7p6ahki7yac2wsq3xbzk')
2026-03-30T18:45:31Z WARNING bsky_collector_v2.job.index_feed_generators: listRecords failed repo=did:plc:xifbcnhlr3xdsnbrjgebes6p err=HttpError('InvalidRequest: Could not find repo: did:plc:xifbcnhlr3xdsnbrjgebes6p')
2026-03-30T18:45:31Z WARNING bsky_collector_v2.job.index_feed_generators: listRecords failed repo=did:plc:23ghis2lcfjye3km3del3oue err=HttpError('InvalidRequest: Could not find repo: did:plc:23ghis2lcfjye3km3del3oue')
2026-03-30T18:45:31Z WARNING bsky_collector_v2.job.index_feed_generators: listRecords failed repo=did:plc:266bl3ws5w4vfeg26jnxwfmo err=HttpError('InvalidRequest: Could not find repo: did:plc:266bl3ws5w4vfeg26jnxwfmo')
2026-03-30T18:45:31Z WARNING bsky_collector_v2.job.index_feed_generators: listRecords failed repo=did:plc:35a3hs7t2e3xlzvsqqlyn7xa err=HttpError('InvalidRequest: Could not find repo: did:plc:35a3hs7t2e3xlzvsqqlyn7xa')
2026-03-30T18:45:31Z WARNING bsky_collector_v2.job.index_feed_generators: listRecords failed repo=did:plc:3ghorkjaryhdankdbwlahctd err=HttpError('InvalidRequest: Could not find repo: did:plc:3ghorkjaryhdankdbwlahctd')
2026-03-30T18:45:31Z WARNING bsky_collector_v2.job.index_feed_generators: listRecords failed repo=did:plc:635mvmqbndalv3kdl37y7643 err=HttpError('InvalidRequest: Could not find repo: did:plc:635mvmqbndalv3kdl37y7643')
2026-03-30T18:45:31Z WARNING bsky_collector_v2.job.index_feed_generators: listRecords failed repo=did:plc:7d3xbpucgfppxdcqpkuxvwo4 err=HttpError('InvalidRequest: Could not find repo: did:plc:7d3xbpucgfppxdcqpkuxvwo4')
2026-03-30T18:45:31Z WARNING bsky_collector_v2.job.index_feed_generators: listRecords failed repo=did:plc:7kx4nsqfurcgrgnjm3tfj5qq err=HttpError('InvalidRequest: Could not find repo: did:plc:7kx4nsqfurcgrgnjm3tfj5qq')
2026-03-30T18:45:31Z WARNING bsky_collector_v2.job.index_feed_generators: listRecords failed repo=did:plc:7m2nu4xrqkk5buyi6mprwevt err=HttpError('InvalidRequest: Could not find repo: did:plc:7m2nu4xrqkk5buyi6mprwevt')
2026-03-30T18:45:31Z WARNING bsky_collector_v2.job.index_feed_generators: listRecords failed repo=did:plc:aht26yivh5i4gl7o32b6kbnc err=HttpError('InvalidRequest: Could not find repo: did:plc:aht26yivh5i4gl7o32b6kbnc')
2026-03-30T18:45:31Z WARNING bsky_collector_v2.job.index_feed_generators: listRecords failed repo=did:plc:b35klzid375udgz3k7tnt7ue err=HttpError('InvalidRequest: Could not find repo: did:plc:b35klzid375udgz3k7tnt7ue')
2026-03-30T18:45:32Z WARNING bsky_collector_v2.job.index_feed_generators: listRecords failed repo=did:plc:bjcs3u3fm5vgdpclj4dixryc err=HttpError('InvalidRequest: Could not find repo: did:plc:bjcs3u3fm5vgdpclj4dixryc')
2026-03-30T18:45:32Z WARNING bsky_collector_v2.job.index_feed_generators: listRecords failed repo=did:plc:bni7uuejzw4f35vkgz3groof err=HttpError('InvalidRequest: Could not find repo: did:plc:bni7uuejzw4f35vkgz3groof')
2026-03-30T18:45:32Z WARNING bsky_collector_v2.job.index_feed_generators: listRecords failed repo=did:plc:hbfvp2xkfanm5ds25gryv5fa err=HttpError('InvalidRequest: Could not find repo: did:plc:hbfvp2xkfanm5ds25gryv5fa')
2026-03-30T18:45:32Z WARNING bsky_collector_v2.job.index_feed_generators: listRecords failed repo=did:plc:hynerc2jewhvifijswl3lilc err=HttpError('InvalidRequest: Could not find repo: did:plc:hynerc2jewhvifijswl3lilc')
2026-03-30T18:45:32Z WARNING bsky_collector_v2.job.index_feed_generators: listRecords failed repo=did:plc:it6jlgfbhcqzansiexdogchz err=HttpError('InvalidRequest: Could not find repo: did:plc:it6jlgfbhcqzansiexdogchz')
2026-03-30T18:45:32Z WARNING bsky_collector_v2.job.index_feed_generators: listRecords failed repo=did:plc:itmel2cbynf37cmucf3zmwds err=HttpError('InvalidRequest: Could not find repo: did:plc:itmel2cbynf37cmucf3zmwds')
2026-03-30T18:45:32Z WARNING bsky_collector_v2.job.index_feed_generators: listRecords failed repo=did:plc:iunrpmzptvsrbdbtiiehm3fj err=HttpError('InvalidRequest: Could not find repo: did:plc:iunrpmzptvsrbdbtiiehm3fj')
2026-03-30T18:45:32Z WARNING bsky_collector_v2.job.index_feed_generators: listRecords failed repo=did:plc:k463dd4dnpgd7qzjo3tayntg err=HttpError('InvalidRequest: Could not find repo: did:plc:k463dd4dnpgd7qzjo3tayntg')
2026-03-30T18:45:32Z WARNING bsky_collector_v2.job.index_feed_generators: listRecords failed repo=did:plc:kahi4bidc4h4n5dso5lrcykg err=HttpError('InvalidRequest: Could not find repo: did:plc:kahi4bidc4h4n5dso5lrcykg')
2026-03-30T18:45:32Z WARNING bsky_collector_v2.job.index_feed_generators: listRecords failed repo=did:plc:ladwgfjuci7c7w2frucmdz2b err=HttpError('InvalidRequest: Could not find repo: did:plc:ladwgfjuci7c7w2frucmdz2b')
2026-03-30T18:45:32Z WARNING bsky_collector_v2.job.index_feed_generators: listRecords failed repo=did:plc:m47srpoos7wtogwvxqovafgj err=HttpError('InvalidRequest: Could not find repo: did:plc:m47srpoos7wtogwvxqovafgj')
2026-03-30T18:45:32Z WARNING bsky_collector_v2.job.index_feed_generators: listRecords failed repo=did:plc:mqj43pmmgpaoofzioaygmuge err=HttpError('InvalidRequest: Could not find repo: did:plc:mqj43pmmgpaoofzioaygmuge')
2026-03-30T18:45:32Z WARNING bsky_collector_v2.job.index_feed_generators: listRecords failed repo=did:plc:o2wuz5bqnzcubw6fuvghpdiu err=HttpError('InvalidRequest: Could not find repo: did:plc:o2wuz5bqnzcubw6fuvghpdiu')
2026-03-30T18:45:32Z WARNING bsky_collector_v2.job.index_feed_generators: listRecords failed repo=did:plc:ofm4jtxf64q4cbextfyhvmxs err=HttpError('InvalidRequest: Could not find repo: did:plc:ofm4jtxf64q4cbextfyhvmxs')
2026-03-30T18:45:32Z WARNING bsky_collector_v2.job.index_feed_generators: listRecords failed repo=did:plc:q7enhwireapdc2jg47ei5lhb err=HttpError('InvalidRequest: Could not find repo: did:plc:q7enhwireapdc2jg47ei5lhb')
2026-03-30T18:45:32Z WARNING bsky_collector_v2.job.index_feed_generators: listRecords failed repo=did:plc:qgoxoinejc3f3mszmejumjs4 err=HttpError('InvalidRequest: Could not find repo: did:plc:qgoxoinejc3f3mszmejumjs4')
2026-03-30T18:45:32Z WARNING bsky_collector_v2.job.index_feed_generators: listRecords failed repo=did:plc:t37irykn4xb7q4bkdaeumr66 err=HttpError('InvalidRequest: Could not find repo: did:plc:t37irykn4xb7q4bkdaeumr66')
2026-03-30T18:45:32Z WARNING bsky_collector_v2.job.index_feed_generators: listRecords failed repo=did:plc:tgx7jqr3l46tvrlhdjs6wjuo err=HttpError('InvalidRequest: Could not find repo: did:plc:tgx7jqr3l46tvrlhdjs6wjuo')
2026-03-30T18:45:32Z WARNING bsky_collector_v2.job.index_feed_generators: listRecords failed repo=did:plc:un3amda5qwcazj4wz5mtderm err=HttpError('InvalidRequest: Could not find repo: did:plc:un3amda5qwcazj4wz5mtderm')
2026-03-30T18:45:33Z WARNING bsky_collector_v2.job.index_feed_generators: listRecords failed repo=did:plc:v46fnb65h4mow6coqkaald2q err=HttpError('InvalidRequest: Could not find repo: did:plc:v46fnb65h4mow6coqkaald2q')
2026-03-30T18:45:33Z WARNING bsky_collector_v2.job.index_feed_generators: listRecords failed repo=did:plc:vjeq7p6ahki7yac2wsq3xbzk err=HttpError('InvalidRequest: Could not find repo: did:plc:vjeq7p6ahki7yac2wsq3xbzk')
2026-03-30T18:45:33Z WARNING bsky_collector_v2.job.index_feed_generators: listRecords failed repo=did:plc:xifbcnhlr3xdsnbrjgebes6p err=HttpError('InvalidRequest: Could not find repo: did:plc:xifbcnhlr3xdsnbrjgebes6p')
2026-03-30T18:45:33Z INFO bsky_collector_v2.job.index_feed_generators: enqueued repos page=13 mode=listRepos inserted=500 repos_returned=500 next_cursor=set
2026-03-30T18:45:34Z WARNING bsky_collector_v2.job.index_feed_generators: listRecords failed repo=did:plc:24cgyih5hi6d4n4cgvgiqd4r err=HttpError('InvalidRequest: Could not find repo: did:plc:24cgyih5hi6d4n4cgvgiqd4r')
2026-03-30T18:45:34Z WARNING bsky_collector_v2.job.index_feed_generators: listRecords failed repo=did:plc:2d2omuvtwzes4ydxbtn5mpda err=HttpError('InvalidRequest: Could not find repo: did:plc:2d2omuvtwzes4ydxbtn5mpda')
2026-03-30T18:45:35Z WARNING bsky_collector_v2.job.index_feed_generators: listRecords failed repo=did:plc:2dyi2ndlbshdxy6tzc5u2mo3 err=HttpError('InvalidRequest: Could not find repo: did:plc:2dyi2ndlbshdxy6tzc5u2mo3')
2026-03-30T18:45:36Z WARNING bsky_collector_v2.job.index_feed_generators: listRecords failed repo=did:plc:2s22atjht6za6qzb3l3yznsf err=HttpError('InvalidRequest: Could not find repo: did:plc:2s22atjht6za6qzb3l3yznsf')
2026-03-30T18:45:38Z WARNING bsky_collector_v2.job.index_feed_generators: listRecords failed repo=did:plc:3ipkkeizzda7uzrlch4cbr6u err=HttpError('InvalidRequest: Could not find repo: did:plc:3ipkkeizzda7uzrlch4cbr6u')
2026-03-30T18:45:40Z WARNING bsky_collector_v2.job.index_feed_generators: listRecords failed repo=did:plc:4b5jvsk6d4rvi4vdz4sl77rb err=HttpError('InvalidRequest: Could not find repo: did:plc:4b5jvsk6d4rvi4vdz4sl77rb')
2026-03-30T18:45:40Z WARNING bsky_collector_v2.job.index_feed_generators: listRecords failed repo=did:plc:4kw3eujhy5jwprw2hjwsjtdc err=HttpError('InvalidRequest: Could not find repo: did:plc:4kw3eujhy5jwprw2hjwsjtdc')
2026-03-30T18:45:40Z WARNING bsky_collector_v2.job.index_feed_generators: listRecords failed repo=did:plc:4r4saneaft2ive5s647qwubw err=HttpError('InvalidRequest: Could not find repo: did:plc:4r4saneaft2ive5s647qwubw')
2026-03-30T18:45:41Z WARNING bsky_collector_v2.job.index_feed_generators: listRecords failed repo=did:plc:4vdmjxxuvtzesex3x5esgtp5 err=HttpError('InvalidRequest: Could not find repo: did:plc:4vdmjxxuvtzesex3x5esgtp5')
2026-03-30T18:45:41Z WARNING bsky_collector_v2.job.index_feed_generators: listRecords failed repo=did:plc:4wtfv6m5mgnjtafdkbmtt6ck err=HttpError('InvalidRequest: Could not find repo: did:plc:4wtfv6m5mgnjtafdkbmtt6ck')
2026-03-30T18:45:44Z WARNING bsky_collector_v2.job.index_feed_generators: listRecords failed repo=did:plc:63p4ofrhg6bsl2g7mdkqs7po err=HttpError('InvalidRequest: Could not find repo: did:plc:63p4ofrhg6bsl2g7mdkqs7po')
2026-03-30T18:45:47Z WARNING bsky_collector_v2.job.index_feed_generators: listRecords failed repo=did:plc:6trkgpzi5szvlrccm2iwfhxo err=HttpError('InvalidRequest: Could not find repo: did:plc:6trkgpzi5szvlrccm2iwfhxo')
2026-03-30T18:45:48Z WARNING bsky_collector_v2.job.index_feed_generators: listRecords failed repo=did:plc:6zl4ufale6xcgsmvoliz2hrp err=HttpError('InvalidRequest: Could not find repo: did:plc:6zl4ufale6xcgsmvoliz2hrp')
2026-03-30T18:45:49Z WARNING bsky_collector_v2.job.index_feed_generators: listRecords failed repo=did:plc:7urgejesdlitzc732iye372u err=HttpError('InvalidRequest: Could not find repo: did:plc:7urgejesdlitzc732iye372u')
2026-03-30T18:45:49Z WARNING bsky_collector_v2.job.index_feed_generators: listRecords failed repo=did:plc:7vrh3uwmh2xc7gduil5euekl err=HttpError('InvalidRequest: Could not find repo: did:plc:7vrh3uwmh2xc7gduil5euekl')
2026-03-30T18:45:51Z WARNING bsky_collector_v2.job.index_feed_generators: listRecords failed repo=did:plc:bag4gwf7iagzpvx34yghrrds err=HttpError('InvalidRequest: Could not find repo: did:plc:bag4gwf7iagzpvx34yghrrds')
2026-03-30T18:45:53Z WARNING bsky_collector_v2.job.index_feed_generators: listRecords failed repo=did:plc:cb77ijny3rn5hzsbg3vraoyz err=HttpError('InvalidRequest: Could not find repo: did:plc:cb77ijny3rn5hzsbg3vraoyz')
2026-03-30T18:45:54Z WARNING bsky_collector_v2.job.index_feed_generators: listRecords failed repo=did:plc:cdn45llnqozhm47oxeu67j4k err=HttpError('InvalidRequest: Could not find repo: did:plc:cdn45llnqozhm47oxeu67j4k')
2026-03-30T18:45:57Z WARNING bsky_collector_v2.job.index_feed_generators: listRecords failed repo=did:plc:dcga6wfkyq6fvpsesf5niyw6 err=HttpError('InvalidRequest: Could not find repo: did:plc:dcga6wfkyq6fvpsesf5niyw6')
2026-03-30T18:45:58Z WARNING bsky_collector_v2.job.index_feed_generators: listRecords failed repo=did:plc:dojcqx3u64evzutlibwgjnbq err=HttpError('InvalidRequest: Could not find repo: did:plc:dojcqx3u64evzutlibwgjnbq')
2026-03-30T18:45:59Z WARNING bsky_collector_v2.job.index_feed_generators: listRecords failed repo=did:plc:edyzmdhszfol3aera535xugm err=HttpError('InvalidRequest: Could not find repo: did:plc:edyzmdhszfol3aera535xugm')
2026-03-30T18:46:01Z WARNING bsky_collector_v2.job.index_feed_generators: listRecords failed repo=did:plc:exblzktkjgzs4dba64wcttgo err=HttpError('InvalidRequest: Could not find repo: did:plc:exblzktkjgzs4dba64wcttgo')
2026-03-30T18:46:05Z WARNING bsky_collector_v2.job.index_feed_generators: listRecords failed repo=did:plc:g2bb4a2j7k5keuxqzbjumoc7 err=HttpError('InvalidRequest: Could not find repo: did:plc:g2bb4a2j7k5keuxqzbjumoc7')
2026-03-30T18:46:05Z WARNING bsky_collector_v2.job.index_feed_generators: listRecords failed repo=did:plc:g7ajq4xr5vzqvpwhw2s6k2at err=HttpError('InvalidRequest: Could not find repo: did:plc:g7ajq4xr5vzqvpwhw2s6k2at')
2026-03-30T18:46:05Z WARNING bsky_collector_v2.job.index_feed_generators: listRecords failed repo=did:plc:gc23vvw57x7hu2ic7trgzqp4 err=HttpError('InvalidRequest: Could not find repo: did:plc:gc23vvw57x7hu2ic7trgzqp4')
2026-03-30T18:46:05Z WARNING bsky_collector_v2.job.index_feed_generators: listRecords failed repo=did:plc:gcga346zrkmsevlkrqtq6mz3 err=HttpError('InvalidRequest: Could not find repo: did:plc:gcga346zrkmsevlkrqtq6mz3')
2026-03-30T18:46:14Z WARNING bsky_collector_v2.job.index_feed_generators: listRecords failed repo=did:plc:ka3h6e3yp262cx5eixozfd4e err=HttpError('InvalidRequest: Could not find repo: did:plc:ka3h6e3yp262cx5eixozfd4e')
2026-03-30T18:46:14Z WARNING bsky_collector_v2.job.index_feed_generators: listRecords failed repo=did:plc:kdzj2zyver2bdsbcohdzlzzu err=HttpError('InvalidRequest: Could not find repo: did:plc:kdzj2zyver2bdsbcohdzlzzu')
2026-03-30T18:46:17Z WARNING bsky_collector_v2.job.index_feed_generators: listRecords failed repo=did:plc:lkkmmhvzeskbkgdy2a4gbtea err=HttpError('InvalidRequest: Could not find repo: did:plc:lkkmmhvzeskbkgdy2a4gbtea')
2026-03-30T18:46:17Z WARNING bsky_collector_v2.job.index_feed_generators: listRecords failed repo=did:plc:lv6255aftf5pztyd5nwwu7u6 err=HttpError('InvalidRequest: Could not find repo: did:plc:lv6255aftf5pztyd5nwwu7u6')
2026-03-30T18:46:18Z WARNING bsky_collector_v2.job.index_feed_generators: listRecords failed repo=did:plc:mo3vaprhffbmisng2kbsxtav err=HttpError('InvalidRequest: Could not find repo: did:plc:mo3vaprhffbmisng2kbsxtav')
2026-03-30T18:46:19Z WARNING bsky_collector_v2.job.index_feed_generators: listRecords failed repo=did:plc:my2u5wibmozh43gxcdcrtcgn err=HttpError('InvalidRequest: Could not find repo: did:plc:my2u5wibmozh43gxcdcrtcgn')
2026-03-30T18:46:19Z WARNING bsky_collector_v2.job.index_feed_generators: listRecords failed repo=did:plc:nfdo6yqnid64soaio5r6u6j5 err=HttpError('InvalidRequest: Could not find repo: did:plc:nfdo6yqnid64soaio5r6u6j5')
2026-03-30T18:46:21Z WARNING bsky_collector_v2.job.index_feed_generators: listRecords failed repo=did:plc:o45fzqzgrrupe6sydcfadzno err=HttpError('InvalidRequest: Could not find repo: did:plc:o45fzqzgrrupe6sydcfadzno')
2026-03-30T18:46:28Z WARNING bsky_collector_v2.job.index_feed_generators: listRecords failed repo=did:plc:r5bsow75wac6gutuqg3j5dvp err=HttpError('InvalidRequest: Could not find repo: did:plc:r5bsow75wac6gutuqg3j5dvp')
2026-03-30T18:46:28Z WARNING bsky_collector_v2.job.index_feed_generators: listRecords failed repo=did:plc:rlfpf6inr5srnysqyev6oooj err=HttpError('InvalidRequest: Could not find repo: did:plc:rlfpf6inr5srnysqyev6oooj')
2026-03-30T18:46:30Z WARNING bsky_collector_v2.job.index_feed_generators: listRecords failed repo=did:plc:sh6435xweb6dligrby7habmt err=HttpError('InvalidRequest: Could not find repo: did:plc:sh6435xweb6dligrby7habmt')
2026-03-30T18:46:31Z WARNING bsky_collector_v2.job.index_feed_generators: listRecords failed repo=did:plc:swgafkf6zxyblshnm6k4ijna err=HttpError('InvalidRequest: Could not find repo: did:plc:swgafkf6zxyblshnm6k4ijna')
2026-03-30T18:46:36Z WARNING bsky_collector_v2.job.index_feed_generators: listRecords failed repo=did:plc:tmc7r333kh76m6cavo2wol3y err=HttpError('InvalidRequest: Could not find repo: did:plc:tmc7r333kh76m6cavo2wol3y')
2026-03-30T18:46:47Z WARNING bsky_collector_v2.job.index_feed_generators: listRecords failed repo=did:plc:vdowekyoli4mc3zeh7zy335t err=HttpError('InvalidRequest: Could not find repo: did:plc:vdowekyoli4mc3zeh7zy335t')
2026-03-30T18:46:56Z WARNING bsky_collector_v2.job.index_feed_generators: listRecords failed repo=did:plc:xmkfhtht56rndvjn752saiiu err=HttpError('InvalidRequest: Could not find repo: did:plc:xmkfhtht56rndvjn752saiiu')
2026-03-30T18:46:58Z WARNING bsky_collector_v2.job.index_feed_generators: listRecords failed repo=did:plc:yckdumrt5irozn27hicg745h err=HttpError('InvalidRequest: Could not find repo: did:plc:yckdumrt5irozn27hicg745h')
2026-03-30T18:47:01Z WARNING bsky_collector_v2.job.index_feed_generators: listRecords failed repo=did:plc:ys5g24uclrehzl5kulkzzfiv err=HttpError('InvalidRequest: Could not find repo: did:plc:ys5g24uclrehzl5kulkzzfiv')
2026-03-30T18:47:05Z WARNING bsky_collector_v2.job.index_feed_generators: listRecords failed repo=did:plc:24cgyih5hi6d4n4cgvgiqd4r err=HttpError('InvalidRequest: Could not find repo: did:plc:24cgyih5hi6d4n4cgvgiqd4r')
2026-03-30T18:47:05Z WARNING bsky_collector_v2.job.index_feed_generators: listRecords failed repo=did:plc:2d2omuvtwzes4ydxbtn5mpda err=HttpError('InvalidRequest: Could not find repo: did:plc:2d2omuvtwzes4ydxbtn5mpda')
2026-03-30T18:47:05Z WARNING bsky_collector_v2.job.index_feed_generators: listRecords failed repo=did:plc:2dyi2ndlbshdxy6tzc5u2mo3 err=HttpError('InvalidRequest: Could not find repo: did:plc:2dyi2ndlbshdxy6tzc5u2mo3')
2026-03-30T18:47:05Z WARNING bsky_collector_v2.job.index_feed_generators: listRecords failed repo=did:plc:2s22atjht6za6qzb3l3yznsf err=HttpError('InvalidRequest: Could not find repo: did:plc:2s22atjht6za6qzb3l3yznsf')
2026-03-30T18:47:06Z WARNING bsky_collector_v2.job.index_feed_generators: listRecords failed repo=did:plc:3ipkkeizzda7uzrlch4cbr6u err=HttpError('InvalidRequest: Could not find repo: did:plc:3ipkkeizzda7uzrlch4cbr6u')
2026-03-30T18:47:06Z WARNING bsky_collector_v2.job.index_feed_generators: listRecords failed repo=did:plc:4b5jvsk6d4rvi4vdz4sl77rb err=HttpError('InvalidRequest: Could not find repo: did:plc:4b5jvsk6d4rvi4vdz4sl77rb')
2026-03-30T18:47:06Z WARNING bsky_collector_v2.job.index_feed_generators: listRecords failed repo=did:plc:4kw3eujhy5jwprw2hjwsjtdc err=HttpError('InvalidRequest: Could not find repo: did:plc:4kw3eujhy5jwprw2hjwsjtdc')
2026-03-30T18:47:06Z WARNING bsky_collector_v2.job.index_feed_generators: listRecords failed repo=did:plc:4r4saneaft2ive5s647qwubw err=HttpError('InvalidRequest: Could not find repo: did:plc:4r4saneaft2ive5s647qwubw')
2026-03-30T18:47:06Z WARNING bsky_collector_v2.job.index_feed_generators: listRecords failed repo=did:plc:4vdmjxxuvtzesex3x5esgtp5 err=HttpError('InvalidRequest: Could not find repo: did:plc:4vdmjxxuvtzesex3x5esgtp5')
2026-03-30T18:47:06Z WARNING bsky_collector_v2.job.index_feed_generators: listRecords failed repo=did:plc:4wtfv6m5mgnjtafdkbmtt6ck err=HttpError('InvalidRequest: Could not find repo: did:plc:4wtfv6m5mgnjtafdkbmtt6ck')
2026-03-30T18:47:06Z WARNING bsky_collector_v2.job.index_feed_generators: listRecords failed repo=did:plc:63p4ofrhg6bsl2g7mdkqs7po err=HttpError('InvalidRequest: Could not find repo: did:plc:63p4ofrhg6bsl2g7mdkqs7po')
2026-03-30T18:47:06Z WARNING bsky_collector_v2.job.index_feed_generators: listRecords failed repo=did:plc:6trkgpzi5szvlrccm2iwfhxo err=HttpError('InvalidRequest: Could not find repo: did:plc:6trkgpzi5szvlrccm2iwfhxo')
2026-03-30T18:47:06Z WARNING bsky_collector_v2.job.index_feed_generators: listRecords failed repo=did:plc:6zl4ufale6xcgsmvoliz2hrp err=HttpError('InvalidRequest: Could not find repo: did:plc:6zl4ufale6xcgsmvoliz2hrp')
2026-03-30T18:47:06Z WARNING bsky_collector_v2.job.index_feed_generators: listRecords failed repo=did:plc:7urgejesdlitzc732iye372u err=HttpError('InvalidRequest: Could not find repo: did:plc:7urgejesdlitzc732iye372u')
2026-03-30T18:47:06Z WARNING bsky_collector_v2.job.index_feed_generators: listRecords failed repo=did:plc:7vrh3uwmh2xc7gduil5euekl err=HttpError('InvalidRequest: Could not find repo: did:plc:7vrh3uwmh2xc7gduil5euekl')
2026-03-30T18:47:06Z WARNING bsky_collector_v2.job.index_feed_generators: listRecords failed repo=did:plc:bag4gwf7iagzpvx34yghrrds err=HttpError('InvalidRequest: Could not find repo: did:plc:bag4gwf7iagzpvx34yghrrds')
2026-03-30T18:47:06Z WARNING bsky_collector_v2.job.index_feed_generators: listRecords failed repo=did:plc:cb77ijny3rn5hzsbg3vraoyz err=HttpError('InvalidRequest: Could not find repo: did:plc:cb77ijny3rn5hzsbg3vraoyz')
2026-03-30T18:47:07Z WARNING bsky_collector_v2.job.index_feed_generators: listRecords failed repo=did:plc:cdn45llnqozhm47oxeu67j4k err=HttpError('InvalidRequest: Could not find repo: did:plc:cdn45llnqozhm47oxeu67j4k')
2026-03-30T18:47:07Z WARNING bsky_collector_v2.job.index_feed_generators: listRecords failed repo=did:plc:dcga6wfkyq6fvpsesf5niyw6 err=HttpError('InvalidRequest: Could not find repo: did:plc:dcga6wfkyq6fvpsesf5niyw6')
2026-03-30T18:47:07Z WARNING bsky_collector_v2.job.index_feed_generators: listRecords failed repo=did:plc:dojcqx3u64evzutlibwgjnbq err=HttpError('InvalidRequest: Could not find repo: did:plc:dojcqx3u64evzutlibwgjnbq')
2026-03-30T18:47:07Z WARNING bsky_collector_v2.job.index_feed_generators: listRecords failed repo=did:plc:edyzmdhszfol3aera535xugm err=HttpError('InvalidRequest: Could not find repo: did:plc:edyzmdhszfol3aera535xugm')
2026-03-30T18:47:07Z WARNING bsky_collector_v2.job.index_feed_generators: listRecords failed repo=did:plc:exblzktkjgzs4dba64wcttgo err=HttpError('InvalidRequest: Could not find repo: did:plc:exblzktkjgzs4dba64wcttgo')
2026-03-30T18:47:07Z WARNING bsky_collector_v2.job.index_feed_generators: listRecords failed repo=did:plc:g2bb4a2j7k5keuxqzbjumoc7 err=HttpError('InvalidRequest: Could not find repo: did:plc:g2bb4a2j7k5keuxqzbjumoc7')
2026-03-30T18:47:07Z WARNING bsky_collector_v2.job.index_feed_generators: listRecords failed repo=did:plc:g7ajq4xr5vzqvpwhw2s6k2at err=HttpError('InvalidRequest: Could not find repo: did:plc:g7ajq4xr5vzqvpwhw2s6k2at')
2026-03-30T18:47:07Z WARNING bsky_collector_v2.job.index_feed_generators: listRecords failed repo=did:plc:gc23vvw57x7hu2ic7trgzqp4 err=HttpError('InvalidRequest: Could not find repo: did:plc:gc23vvw57x7hu2ic7trgzqp4')
2026-03-30T18:47:07Z WARNING bsky_collector_v2.job.index_feed_generators: listRecords failed repo=did:plc:gcga346zrkmsevlkrqtq6mz3 err=HttpError('InvalidRequest: Could not find repo: did:plc:gcga346zrkmsevlkrqtq6mz3')
2026-03-30T18:47:07Z WARNING bsky_collector_v2.job.index_feed_generators: listRecords failed repo=did:plc:ka3h6e3yp262cx5eixozfd4e err=HttpError('InvalidRequest: Could not find repo: did:plc:ka3h6e3yp262cx5eixozfd4e')
2026-03-30T18:47:07Z WARNING bsky_collector_v2.job.index_feed_generators: listRecords failed repo=did:plc:kdzj2zyver2bdsbcohdzlzzu err=HttpError('InvalidRequest: Could not find repo: did:plc:kdzj2zyver2bdsbcohdzlzzu')
2026-03-30T18:47:07Z WARNING bsky_collector_v2.job.index_feed_generators: listRecords failed repo=did:plc:lkkmmhvzeskbkgdy2a4gbtea err=HttpError('InvalidRequest: Could not find repo: did:plc:lkkmmhvzeskbkgdy2a4gbtea')
2026-03-30T18:47:07Z WARNING bsky_collector_v2.job.index_feed_generators: listRecords failed repo=did:plc:lv6255aftf5pztyd5nwwu7u6 err=HttpError('InvalidRequest: Could not find repo: did:plc:lv6255aftf5pztyd5nwwu7u6')
2026-03-30T18:47:07Z WARNING bsky_collector_v2.job.index_feed_generators: listRecords failed repo=did:plc:mo3vaprhffbmisng2kbsxtav err=HttpError('InvalidRequest: Could not find repo: did:plc:mo3vaprhffbmisng2kbsxtav')
2026-03-30T18:47:08Z WARNING bsky_collector_v2.job.index_feed_generators: listRecords failed repo=did:plc:my2u5wibmozh43gxcdcrtcgn err=HttpError('InvalidRequest: Could not find repo: did:plc:my2u5wibmozh43gxcdcrtcgn')
2026-03-30T18:47:08Z WARNING bsky_collector_v2.job.index_feed_generators: listRecords failed repo=did:plc:nfdo6yqnid64soaio5r6u6j5 err=HttpError('InvalidRequest: Could not find repo: did:plc:nfdo6yqnid64soaio5r6u6j5')
2026-03-30T18:47:08Z WARNING bsky_collector_v2.job.index_feed_generators: listRecords failed repo=did:plc:o45fzqzgrrupe6sydcfadzno err=HttpError('InvalidRequest: Could not find repo: did:plc:o45fzqzgrrupe6sydcfadzno')
2026-03-30T18:47:08Z WARNING bsky_collector_v2.job.index_feed_generators: listRecords failed repo=did:plc:r5bsow75wac6gutuqg3j5dvp err=HttpError('InvalidRequest: Could not find repo: did:plc:r5bsow75wac6gutuqg3j5dvp')
2026-03-30T18:47:08Z WARNING bsky_collector_v2.job.index_feed_generators: listRecords failed repo=did:plc:rlfpf6inr5srnysqyev6oooj err=HttpError('InvalidRequest: Could not find repo: did:plc:rlfpf6inr5srnysqyev6oooj')
2026-03-30T18:47:08Z WARNING bsky_collector_v2.job.index_feed_generators: listRecords failed repo=did:plc:sh6435xweb6dligrby7habmt err=HttpError('InvalidRequest: Could not find repo: did:plc:sh6435xweb6dligrby7habmt')
2026-03-30T18:47:08Z WARNING bsky_collector_v2.job.index_feed_generators: listRecords failed repo=did:plc:swgafkf6zxyblshnm6k4ijna err=HttpError('InvalidRequest: Could not find repo: did:plc:swgafkf6zxyblshnm6k4ijna')
2026-03-30T18:47:08Z WARNING bsky_collector_v2.job.index_feed_generators: listRecords failed repo=did:plc:tmc7r333kh76m6cavo2wol3y err=HttpError('InvalidRequest: Could not find repo: did:plc:tmc7r333kh76m6cavo2wol3y')
2026-03-30T18:47:08Z WARNING bsky_collector_v2.job.index_feed_generators: listRecords failed repo=did:plc:vdowekyoli4mc3zeh7zy335t err=HttpError('InvalidRequest: Could not find repo: did:plc:vdowekyoli4mc3zeh7zy335t')
2026-03-30T18:47:08Z WARNING bsky_collector_v2.job.index_feed_generators: listRecords failed repo=did:plc:xmkfhtht56rndvjn752saiiu err=HttpError('InvalidRequest: Could not find repo: did:plc:xmkfhtht56rndvjn752saiiu')
2026-03-30T18:47:08Z WARNING bsky_collector_v2.job.index_feed_generators: listRecords failed repo=did:plc:yckdumrt5irozn27hicg745h err=HttpError('InvalidRequest: Could not find repo: did:plc:yckdumrt5irozn27hicg745h')
2026-03-30T18:47:08Z WARNING bsky_collector_v2.job.index_feed_generators: listRecords failed repo=did:plc:ys5g24uclrehzl5kulkzzfiv err=HttpError('InvalidRequest: Could not find repo: did:plc:ys5g24uclrehzl5kulkzzfiv')
2026-03-30T18:47:08Z WARNING bsky_collector_v2.job.index_feed_generators: listRecords failed repo=did:plc:24cgyih5hi6d4n4cgvgiqd4r err=HttpError('InvalidRequest: Could not find repo: did:plc:24cgyih5hi6d4n4cgvgiqd4r')
2026-03-30T18:47:09Z WARNING bsky_collector_v2.job.index_feed_generators: listRecords failed repo=did:plc:2d2omuvtwzes4ydxbtn5mpda err=HttpError('InvalidRequest: Could not find repo: did:plc:2d2omuvtwzes4ydxbtn5mpda')
2026-03-30T18:47:09Z WARNING bsky_collector_v2.job.index_feed_generators: listRecords failed repo=did:plc:2dyi2ndlbshdxy6tzc5u2mo3 err=HttpError('InvalidRequest: Could not find repo: did:plc:2dyi2ndlbshdxy6tzc5u2mo3')
2026-03-30T18:47:09Z WARNING bsky_collector_v2.job.index_feed_generators: listRecords failed repo=did:plc:2s22atjht6za6qzb3l3yznsf err=HttpError('InvalidRequest: Could not find repo: did:plc:2s22atjht6za6qzb3l3yznsf')
2026-03-30T18:47:09Z WARNING bsky_collector_v2.job.index_feed_generators: listRecords failed repo=did:plc:3ipkkeizzda7uzrlch4cbr6u err=HttpError('InvalidRequest: Could not find repo: did:plc:3ipkkeizzda7uzrlch4cbr6u')
2026-03-30T18:47:09Z WARNING bsky_collector_v2.job.index_feed_generators: listRecords failed repo=did:plc:4b5jvsk6d4rvi4vdz4sl77rb err=HttpError('InvalidRequest: Could not find repo: did:plc:4b5jvsk6d4rvi4vdz4sl77rb')
2026-03-30T18:47:09Z WARNING bsky_collector_v2.job.index_feed_generators: listRecords failed repo=did:plc:4kw3eujhy5jwprw2hjwsjtdc err=HttpError('InvalidRequest: Could not find repo: did:plc:4kw3eujhy5jwprw2hjwsjtdc')
2026-03-30T18:47:09Z WARNING bsky_collector_v2.job.index_feed_generators: listRecords failed repo=did:plc:4r4saneaft2ive5s647qwubw err=HttpError('InvalidRequest: Could not find repo: did:plc:4r4saneaft2ive5s647qwubw')
2026-03-30T18:47:09Z WARNING bsky_collector_v2.job.index_feed_generators: listRecords failed repo=did:plc:4vdmjxxuvtzesex3x5esgtp5 err=HttpError('InvalidRequest: Could not find repo: did:plc:4vdmjxxuvtzesex3x5esgtp5')
2026-03-30T18:47:09Z WARNING bsky_collector_v2.job.index_feed_generators: listRecords failed repo=did:plc:4wtfv6m5mgnjtafdkbmtt6ck err=HttpError('InvalidRequest: Could not find repo: did:plc:4wtfv6m5mgnjtafdkbmtt6ck')
2026-03-30T18:47:09Z WARNING bsky_collector_v2.job.index_feed_generators: listRecords failed repo=did:plc:63p4ofrhg6bsl2g7mdkqs7po err=HttpError('InvalidRequest: Could not find repo: did:plc:63p4ofrhg6bsl2g7mdkqs7po')
2026-03-30T18:47:09Z WARNING bsky_collector_v2.job.index_feed_generators: listRecords failed repo=did:plc:6trkgpzi5szvlrccm2iwfhxo err=HttpError('InvalidRequest: Could not find repo: did:plc:6trkgpzi5szvlrccm2iwfhxo')
2026-03-30T18:47:09Z WARNING bsky_collector_v2.job.index_feed_generators: listRecords failed repo=did:plc:6zl4ufale6xcgsmvoliz2hrp err=HttpError('InvalidRequest: Could not find repo: did:plc:6zl4ufale6xcgsmvoliz2hrp')
2026-03-30T18:47:09Z WARNING bsky_collector_v2.job.index_feed_generators: listRecords failed repo=did:plc:7urgejesdlitzc732iye372u err=HttpError('InvalidRequest: Could not find repo: did:plc:7urgejesdlitzc732iye372u')
2026-03-30T18:47:09Z WARNING bsky_collector_v2.job.index_feed_generators: listRecords failed repo=did:plc:7vrh3uwmh2xc7gduil5euekl err=HttpError('InvalidRequest: Could not find repo: did:plc:7vrh3uwmh2xc7gduil5euekl')
2026-03-30T18:47:10Z WARNING bsky_collector_v2.job.index_feed_generators: listRecords failed repo=did:plc:bag4gwf7iagzpvx34yghrrds err=HttpError('InvalidRequest: Could not find repo: did:plc:bag4gwf7iagzpvx34yghrrds')
2026-03-30T18:47:10Z WARNING bsky_collector_v2.job.index_feed_generators: listRecords failed repo=did:plc:cb77ijny3rn5hzsbg3vraoyz err=HttpError('InvalidRequest: Could not find repo: did:plc:cb77ijny3rn5hzsbg3vraoyz')
2026-03-30T18:47:10Z WARNING bsky_collector_v2.job.index_feed_generators: listRecords failed repo=did:plc:cdn45llnqozhm47oxeu67j4k err=HttpError('InvalidRequest: Could not find repo: did:plc:cdn45llnqozhm47oxeu67j4k')
2026-03-30T18:47:10Z WARNING bsky_collector_v2.job.index_feed_generators: listRecords failed repo=did:plc:dcga6wfkyq6fvpsesf5niyw6 err=HttpError('InvalidRequest: Could not find repo: did:plc:dcga6wfkyq6fvpsesf5niyw6')
2026-03-30T18:47:10Z WARNING bsky_collector_v2.job.index_feed_generators: listRecords failed repo=did:plc:dojcqx3u64evzutlibwgjnbq err=HttpError('InvalidRequest: Could not find repo: did:plc:dojcqx3u64evzutlibwgjnbq')
2026-03-30T18:47:10Z WARNING bsky_collector_v2.job.index_feed_generators: listRecords failed repo=did:plc:edyzmdhszfol3aera535xugm err=HttpError('InvalidRequest: Could not find repo: did:plc:edyzmdhszfol3aera535xugm')
2026-03-30T18:47:10Z WARNING bsky_collector_v2.job.index_feed_generators: listRecords failed repo=did:plc:exblzktkjgzs4dba64wcttgo err=HttpError('InvalidRequest: Could not find repo: did:plc:exblzktkjgzs4dba64wcttgo')
2026-03-30T18:47:10Z WARNING bsky_collector_v2.job.index_feed_generators: listRecords failed repo=did:plc:g2bb4a2j7k5keuxqzbjumoc7 err=HttpError('InvalidRequest: Could not find repo: did:plc:g2bb4a2j7k5keuxqzbjumoc7')
2026-03-30T18:47:10Z WARNING bsky_collector_v2.job.index_feed_generators: listRecords failed repo=did:plc:g7ajq4xr5vzqvpwhw2s6k2at err=HttpError('InvalidRequest: Could not find repo: did:plc:g7ajq4xr5vzqvpwhw2s6k2at')
2026-03-30T18:47:10Z WARNING bsky_collector_v2.job.index_feed_generators: listRecords failed repo=did:plc:gc23vvw57x7hu2ic7trgzqp4 err=HttpError('InvalidRequest: Could not find repo: did:plc:gc23vvw57x7hu2ic7trgzqp4')
2026-03-30T18:47:10Z WARNING bsky_collector_v2.job.index_feed_generators: listRecords failed repo=did:plc:gcga346zrkmsevlkrqtq6mz3 err=HttpError('InvalidRequest: Could not find repo: did:plc:gcga346zrkmsevlkrqtq6mz3')
2026-03-30T18:47:10Z WARNING bsky_collector_v2.job.index_feed_generators: listRecords failed repo=did:plc:ka3h6e3yp262cx5eixozfd4e err=HttpError('InvalidRequest: Could not find repo: did:plc:ka3h6e3yp262cx5eixozfd4e')
2026-03-30T18:47:10Z WARNING bsky_collector_v2.job.index_feed_generators: listRecords failed repo=did:plc:kdzj2zyver2bdsbcohdzlzzu err=HttpError('InvalidRequest: Could not find repo: did:plc:kdzj2zyver2bdsbcohdzlzzu')
2026-03-30T18:47:10Z WARNING bsky_collector_v2.job.index_feed_generators: listRecords failed repo=did:plc:lkkmmhvzeskbkgdy2a4gbtea err=HttpError('InvalidRequest: Could not find repo: did:plc:lkkmmhvzeskbkgdy2a4gbtea')
2026-03-30T18:47:10Z WARNING bsky_collector_v2.job.index_feed_generators: listRecords failed repo=did:plc:lv6255aftf5pztyd5nwwu7u6 err=HttpError('InvalidRequest: Could not find repo: did:plc:lv6255aftf5pztyd5nwwu7u6')
2026-03-30T18:47:11Z WARNING bsky_collector_v2.job.index_feed_generators: listRecords failed repo=did:plc:mo3vaprhffbmisng2kbsxtav err=HttpError('InvalidRequest: Could not find repo: did:plc:mo3vaprhffbmisng2kbsxtav')
2026-03-30T18:47:11Z WARNING bsky_collector_v2.job.index_feed_generators: listRecords failed repo=did:plc:my2u5wibmozh43gxcdcrtcgn err=HttpError('InvalidRequest: Could not find repo: did:plc:my2u5wibmozh43gxcdcrtcgn')
2026-03-30T18:47:11Z WARNING bsky_collector_v2.job.index_feed_generators: listRecords failed repo=did:plc:nfdo6yqnid64soaio5r6u6j5 err=HttpError('InvalidRequest: Could not find repo: did:plc:nfdo6yqnid64soaio5r6u6j5')
2026-03-30T18:47:11Z WARNING bsky_collector_v2.job.index_feed_generators: listRecords failed repo=did:plc:o45fzqzgrrupe6sydcfadzno err=HttpError('InvalidRequest: Could not find repo: did:plc:o45fzqzgrrupe6sydcfadzno')
2026-03-30T18:47:11Z WARNING bsky_collector_v2.job.index_feed_generators: listRecords failed repo=did:plc:r5bsow75wac6gutuqg3j5dvp err=HttpError('InvalidRequest: Could not find repo: did:plc:r5bsow75wac6gutuqg3j5dvp')
2026-03-30T18:47:11Z WARNING bsky_collector_v2.job.index_feed_generators: listRecords failed repo=did:plc:rlfpf6inr5srnysqyev6oooj err=HttpError('InvalidRequest: Could not find repo: did:plc:rlfpf6inr5srnysqyev6oooj')
2026-03-30T18:47:11Z WARNING bsky_collector_v2.job.index_feed_generators: listRecords failed repo=did:plc:sh6435xweb6dligrby7habmt err=HttpError('InvalidRequest: Could not find repo: did:plc:sh6435xweb6dligrby7habmt')
2026-03-30T18:47:11Z WARNING bsky_collector_v2.job.index_feed_generators: listRecords failed repo=did:plc:swgafkf6zxyblshnm6k4ijna err=HttpError('InvalidRequest: Could not find repo: did:plc:swgafkf6zxyblshnm6k4ijna')
2026-03-30T18:47:11Z WARNING bsky_collector_v2.job.index_feed_generators: listRecords failed repo=did:plc:tmc7r333kh76m6cavo2wol3y err=HttpError('InvalidRequest: Could not find repo: did:plc:tmc7r333kh76m6cavo2wol3y')
2026-03-30T18:47:11Z WARNING bsky_collector_v2.job.index_feed_generators: listRecords failed repo=did:plc:vdowekyoli4mc3zeh7zy335t err=HttpError('InvalidRequest: Could not find repo: did:plc:vdowekyoli4mc3zeh7zy335t')
2026-03-30T18:47:11Z WARNING bsky_collector_v2.job.index_feed_generators: listRecords failed repo=did:plc:xmkfhtht56rndvjn752saiiu err=HttpError('InvalidRequest: Could not find repo: did:plc:xmkfhtht56rndvjn752saiiu')
2026-03-30T18:47:11Z WARNING bsky_collector_v2.job.index_feed_generators: listRecords failed repo=did:plc:yckdumrt5irozn27hicg745h err=HttpError('InvalidRequest: Could not find repo: did:plc:yckdumrt5irozn27hicg745h')
2026-03-30T18:47:11Z WARNING bsky_collector_v2.job.index_feed_generators: listRecords failed repo=did:plc:ys5g24uclrehzl5kulkzzfiv err=HttpError('InvalidRequest: Could not find repo: did:plc:ys5g24uclrehzl5kulkzzfiv')
2026-03-30T18:47:12Z INFO bsky_collector_v2.job.index_feed_generators: enqueued repos page=14 mode=listRepos inserted=500 repos_returned=500 next_cursor=set
2026-03-30T18:47:12Z WARNING bsky_collector_v2.job.index_feed_generators: listRecords failed repo=did:plc:24cqhnfwgbwptxmteoy2kyrs err=HttpError('InvalidRequest: Could not find repo: did:plc:24cqhnfwgbwptxmteoy2kyrs')
2026-03-30T18:47:13Z WARNING bsky_collector_v2.job.index_feed_generators: listRecords failed repo=did:plc:2nfi7vmm66ck3pijxtkbybzi err=HttpError('InvalidRequest: Could not find repo: did:plc:2nfi7vmm66ck3pijxtkbybzi')
2026-03-30T18:47:15Z WARNING bsky_collector_v2.job.index_feed_generators: listRecords failed repo=did:plc:37nm5ppzek7mm25v5jvf7dlb err=HttpError('InvalidRequest: Could not find repo: did:plc:37nm5ppzek7mm25v5jvf7dlb')
2026-03-30T18:47:16Z WARNING bsky_collector_v2.job.index_feed_generators: listRecords failed repo=did:plc:3g6bqkzx2wa5s45hpzynkr5i err=HttpError('InvalidRequest: Could not find repo: did:plc:3g6bqkzx2wa5s45hpzynkr5i')
2026-03-30T18:47:19Z WARNING bsky_collector_v2.job.index_feed_generators: listRecords failed repo=did:plc:4k7m455os2hpel67pkgzllwy err=HttpError('InvalidRequest: Could not find repo: did:plc:4k7m455os2hpel67pkgzllwy')
2026-03-30T18:47:19Z WARNING bsky_collector_v2.job.index_feed_generators: listRecords failed repo=did:plc:4m4v54zyewr6mtnn3rtv2rmi err=HttpError('InvalidRequest: Could not find repo: did:plc:4m4v54zyewr6mtnn3rtv2rmi')
2026-03-30T18:47:19Z WARNING bsky_collector_v2.job.index_feed_generators: listRecords failed repo=did:plc:4mpvmpvch5k7adbgjvl5phzl err=HttpError('InvalidRequest: Could not find repo: did:plc:4mpvmpvch5k7adbgjvl5phzl')
2026-03-30T18:47:21Z WARNING bsky_collector_v2.job.index_feed_generators: listRecords failed repo=did:plc:5sgmgvozdi4ehsij2om3mui2 err=HttpError('InvalidRequest: Could not find repo: did:plc:5sgmgvozdi4ehsij2om3mui2')
2026-03-30T18:47:22Z WARNING bsky_collector_v2.job.index_feed_generators: listRecords failed repo=did:plc:6lrjnjtqnpczjzehhdsk4vlf err=HttpError('InvalidRequest: Could not find repo: did:plc:6lrjnjtqnpczjzehhdsk4vlf')
2026-03-30T18:47:23Z WARNING bsky_collector_v2.job.index_feed_generators: listRecords failed repo=did:plc:72miurcddq325wnlu3drbnsu err=HttpError('InvalidRequest: Could not find repo: did:plc:72miurcddq325wnlu3drbnsu')
2026-03-30T18:47:24Z WARNING bsky_collector_v2.job.index_feed_generators: listRecords failed repo=did:plc:757m2odcbgfyy46zdk33algp err=HttpError('InvalidRequest: Could not find repo: did:plc:757m2odcbgfyy46zdk33algp')
2026-03-30T18:47:29Z WARNING bsky_collector_v2.job.index_feed_generators: listRecords failed repo=did:plc:b6xuu2xjtezbp3v776ka2vmw err=HttpError('InvalidRequest: Could not find repo: did:plc:b6xuu2xjtezbp3v776ka2vmw')
2026-03-30T18:47:32Z WARNING bsky_collector_v2.job.index_feed_generators: listRecords failed repo=did:plc:cmcoubqpezx6zrlecd3guv3c err=HttpError('InvalidRequest: Could not find repo: did:plc:cmcoubqpezx6zrlecd3guv3c')
2026-03-30T18:47:32Z WARNING bsky_collector_v2.job.index_feed_generators: listRecords failed repo=did:plc:cpnvzb7ayqxos56w2inunswr err=HttpError('InvalidRequest: Could not find repo: did:plc:cpnvzb7ayqxos56w2inunswr')
2026-03-30T18:47:32Z WARNING bsky_collector_v2.job.index_feed_generators: listRecords failed repo=did:plc:cpqo3l5h75v6zt2jn5egznbl err=HttpError('InvalidRequest: Could not find repo: did:plc:cpqo3l5h75v6zt2jn5egznbl')
2026-03-30T18:47:32Z WARNING bsky_collector_v2.job.index_feed_generators: listRecords failed repo=did:plc:cv5ztoxldtt27f4a6vgd2nrw err=HttpError('InvalidRequest: Could not find repo: did:plc:cv5ztoxldtt27f4a6vgd2nrw')
2026-03-30T18:47:33Z INFO bsky_collector_v2.job.index_feed_generators: indexed repo=did:plc:dadnhdewdfvjlcokqasngzsg part=181 records=3 next_cursor=set
2026-03-30T18:47:34Z WARNING bsky_collector_v2.job.index_feed_generators: listRecords failed repo=did:plc:dryslsw7epd7gp2uimpccjoc err=HttpError('InvalidRequest: Could not find repo: did:plc:dryslsw7epd7gp2uimpccjoc')
2026-03-30T18:47:35Z WARNING bsky_collector_v2.job.index_feed_generators: listRecords failed repo=did:plc:eeck45jgrj5nnfafmdr6ifcd err=HttpError('InvalidRequest: Could not find repo: did:plc:eeck45jgrj5nnfafmdr6ifcd')
2026-03-30T18:47:37Z WARNING bsky_collector_v2.job.index_feed_generators: listRecords failed repo=did:plc:esmr4ajuxdtuwhc3sqfeaps3 err=HttpError('InvalidRequest: Could not find repo: did:plc:esmr4ajuxdtuwhc3sqfeaps3')
2026-03-30T18:47:39Z WARNING bsky_collector_v2.job.index_feed_generators: listRecords failed repo=did:plc:ff64hipmn2cfku4ymffjm27g err=HttpError('InvalidRequest: Could not find repo: did:plc:ff64hipmn2cfku4ymffjm27g')
2026-03-30T18:47:39Z WARNING bsky_collector_v2.job.index_feed_generators: listRecords failed repo=did:plc:ffqurt7lgellzyfikcuuakeu err=HttpError('InvalidRequest: Could not find repo: did:plc:ffqurt7lgellzyfikcuuakeu')
2026-03-30T18:47:45Z WARNING bsky_collector_v2.job.index_feed_generators: listRecords failed repo=did:plc:ghzpaha3aeefmso5nwj5xjpr err=HttpError('InvalidRequest: Could not find repo: did:plc:ghzpaha3aeefmso5nwj5xjpr')
2026-03-30T18:47:53Z WARNING bsky_collector_v2.job.index_feed_generators: listRecords failed repo=did:plc:jkn2vigb2vguivcrmkrp57gm err=HttpError('InvalidRequest: Could not find repo: did:plc:jkn2vigb2vguivcrmkrp57gm')
2026-03-30T18:48:02Z WARNING bsky_collector_v2.job.index_feed_generators: listRecords failed repo=did:plc:lx3lskaw344u5ahqpi33vkmz err=HttpError('InvalidRequest: Could not find repo: did:plc:lx3lskaw344u5ahqpi33vkmz')
2026-03-30T18:48:07Z WARNING bsky_collector_v2.job.index_feed_generators: listRecords failed repo=did:plc:n36zpfqfabegdu2rq3ezb4sc err=HttpError('InvalidRequest: Could not find repo: did:plc:n36zpfqfabegdu2rq3ezb4sc')
2026-03-30T18:48:09Z WARNING bsky_collector_v2.job.index_feed_generators: listRecords failed repo=did:plc:nzof53nqslmc4z3hiiztphwi err=HttpError('InvalidRequest: Could not find repo: did:plc:nzof53nqslmc4z3hiiztphwi')
2026-03-30T18:48:10Z WARNING bsky_collector_v2.job.index_feed_generators: listRecords failed repo=did:plc:ofwfsym7fmhtoz7g4hn7fodg err=HttpError('InvalidRequest: Could not find repo: did:plc:ofwfsym7fmhtoz7g4hn7fodg')
2026-03-30T18:48:10Z WARNING bsky_collector_v2.job.index_feed_generators: listRecords failed repo=did:plc:omtfqajvekbrnk74wyviuvoe err=HttpError('InvalidRequest: Could not find repo: did:plc:omtfqajvekbrnk74wyviuvoe')
2026-03-30T18:48:11Z WARNING bsky_collector_v2.job.index_feed_generators: listRecords failed repo=did:plc:orfqeaaaxfwlauwspw3oz4c7 err=HttpError('InvalidRequest: Could not find repo: did:plc:orfqeaaaxfwlauwspw3oz4c7')
2026-03-30T18:48:11Z WARNING bsky_collector_v2.job.index_feed_generators: listRecords failed repo=did:plc:oupgnpgv53wg2chcqyv6bnkw err=HttpError('InvalidRequest: Could not find repo: did:plc:oupgnpgv53wg2chcqyv6bnkw')
2026-03-30T18:48:12Z WARNING bsky_collector_v2.job.index_feed_generators: listRecords failed repo=did:plc:p57ag3ddp763fvjsaq6h7w4g err=HttpError('InvalidRequest: Could not find repo: did:plc:p57ag3ddp763fvjsaq6h7w4g')
2026-03-30T18:48:12Z WARNING bsky_collector_v2.job.index_feed_generators: listRecords failed repo=did:plc:p57x2a6vcr65yqkt5sj4avmb err=HttpError('InvalidRequest: Could not find repo: did:plc:p57x2a6vcr65yqkt5sj4avmb')
2026-03-30T18:48:14Z WARNING bsky_collector_v2.job.index_feed_generators: listRecords failed repo=did:plc:pzf2avfeqykf53mn2qlpxiv4 err=HttpError('InvalidRequest: Could not find repo: did:plc:pzf2avfeqykf53mn2qlpxiv4')
2026-03-30T18:48:15Z WARNING bsky_collector_v2.job.index_feed_generators: listRecords failed repo=did:plc:q7nzjpzvxycpg2iitdfetwrh err=HttpError('InvalidRequest: Could not find repo: did:plc:q7nzjpzvxycpg2iitdfetwrh')
2026-03-30T18:48:20Z WARNING bsky_collector_v2.job.index_feed_generators: listRecords failed repo=did:plc:rdymveadunkbbwr3wh27xa7a err=HttpError('InvalidRequest: Could not find repo: did:plc:rdymveadunkbbwr3wh27xa7a')
2026-03-30T18:48:21Z WARNING bsky_collector_v2.job.index_feed_generators: listRecords failed repo=did:plc:s5gincxgrjwdnsllm3dmlrpd err=HttpError('InvalidRequest: Could not find repo: did:plc:s5gincxgrjwdnsllm3dmlrpd')
2026-03-30T18:48:22Z WARNING bsky_collector_v2.job.index_feed_generators: listRecords failed repo=did:plc:srckuq6fqyht4datteszd75y err=HttpError('InvalidRequest: Could not find repo: did:plc:srckuq6fqyht4datteszd75y')
2026-03-30T18:48:26Z WARNING bsky_collector_v2.job.index_feed_generators: listRecords failed repo=did:plc:unxfw2k6zymdkhoo7pkfs7us err=HttpError('InvalidRequest: Could not find repo: did:plc:unxfw2k6zymdkhoo7pkfs7us')
2026-03-30T18:48:26Z WARNING bsky_collector_v2.job.index_feed_generators: listRecords failed repo=did:plc:uny7bsqycoi23xnsqjheo4vl err=HttpError('InvalidRequest: Could not find repo: did:plc:uny7bsqycoi23xnsqjheo4vl')
2026-03-30T18:48:26Z WARNING bsky_collector_v2.job.index_feed_generators: listRecords failed repo=did:plc:uqxluuc3eukqnebvexg5kjwq err=HttpError('InvalidRequest: Could not find repo: did:plc:uqxluuc3eukqnebvexg5kjwq')
2026-03-30T18:48:27Z WARNING bsky_collector_v2.job.index_feed_generators: listRecords failed repo=did:plc:v4ms5aqy7oitjavq5d3ovg54 err=HttpError('InvalidRequest: Could not find repo: did:plc:v4ms5aqy7oitjavq5d3ovg54')
2026-03-30T18:48:28Z WARNING bsky_collector_v2.job.index_feed_generators: listRecords failed repo=did:plc:vx7uoc2ykg4sbevywagtn4wi err=HttpError('InvalidRequest: Could not find repo: did:plc:vx7uoc2ykg4sbevywagtn4wi')
2026-03-30T18:48:36Z WARNING bsky_collector_v2.job.index_feed_generators: listRecords failed repo=did:plc:ycgiaafyy3a7xwjw3n32uan4 err=HttpError('InvalidRequest: Could not find repo: did:plc:ycgiaafyy3a7xwjw3n32uan4')
2026-03-30T18:48:38Z WARNING bsky_collector_v2.job.index_feed_generators: listRecords failed repo=did:plc:zb6v5ooncomzeavewxqkq7oh err=HttpError('InvalidRequest: Could not find repo: did:plc:zb6v5ooncomzeavewxqkq7oh')
2026-03-30T18:48:39Z WARNING bsky_collector_v2.job.index_feed_generators: listRecords failed repo=did:plc:24cqhnfwgbwptxmteoy2kyrs err=HttpError('InvalidRequest: Could not find repo: did:plc:24cqhnfwgbwptxmteoy2kyrs')
2026-03-30T18:48:39Z WARNING bsky_collector_v2.job.index_feed_generators: listRecords failed repo=did:plc:2nfi7vmm66ck3pijxtkbybzi err=HttpError('InvalidRequest: Could not find repo: did:plc:2nfi7vmm66ck3pijxtkbybzi')
2026-03-30T18:48:39Z WARNING bsky_collector_v2.job.index_feed_generators: listRecords failed repo=did:plc:37nm5ppzek7mm25v5jvf7dlb err=HttpError('InvalidRequest: Could not find repo: did:plc:37nm5ppzek7mm25v5jvf7dlb')
2026-03-30T18:48:39Z WARNING bsky_collector_v2.job.index_feed_generators: listRecords failed repo=did:plc:3g6bqkzx2wa5s45hpzynkr5i err=HttpError('InvalidRequest: Could not find repo: did:plc:3g6bqkzx2wa5s45hpzynkr5i')
2026-03-30T18:48:40Z WARNING bsky_collector_v2.job.index_feed_generators: listRecords failed repo=did:plc:4k7m455os2hpel67pkgzllwy err=HttpError('InvalidRequest: Could not find repo: did:plc:4k7m455os2hpel67pkgzllwy')
2026-03-30T18:48:40Z WARNING bsky_collector_v2.job.index_feed_generators: listRecords failed repo=did:plc:4m4v54zyewr6mtnn3rtv2rmi err=HttpError('InvalidRequest: Could not find repo: did:plc:4m4v54zyewr6mtnn3rtv2rmi')
2026-03-30T18:48:40Z WARNING bsky_collector_v2.job.index_feed_generators: listRecords failed repo=did:plc:4mpvmpvch5k7adbgjvl5phzl err=HttpError('InvalidRequest: Could not find repo: did:plc:4mpvmpvch5k7adbgjvl5phzl')
2026-03-30T18:48:40Z WARNING bsky_collector_v2.job.index_feed_generators: listRecords failed repo=did:plc:5sgmgvozdi4ehsij2om3mui2 err=HttpError('InvalidRequest: Could not find repo: did:plc:5sgmgvozdi4ehsij2om3mui2')
2026-03-30T18:48:40Z WARNING bsky_collector_v2.job.index_feed_generators: listRecords failed repo=did:plc:6lrjnjtqnpczjzehhdsk4vlf err=HttpError('InvalidRequest: Could not find repo: did:plc:6lrjnjtqnpczjzehhdsk4vlf')
2026-03-30T18:48:40Z WARNING bsky_collector_v2.job.index_feed_generators: listRecords failed repo=did:plc:72miurcddq325wnlu3drbnsu err=HttpError('InvalidRequest: Could not find repo: did:plc:72miurcddq325wnlu3drbnsu')
2026-03-30T18:48:40Z WARNING bsky_collector_v2.job.index_feed_generators: listRecords failed repo=did:plc:757m2odcbgfyy46zdk33algp err=HttpError('InvalidRequest: Could not find repo: did:plc:757m2odcbgfyy46zdk33algp')
2026-03-30T18:48:40Z WARNING bsky_collector_v2.job.index_feed_generators: listRecords failed repo=did:plc:b6xuu2xjtezbp3v776ka2vmw err=HttpError('InvalidRequest: Could not find repo: did:plc:b6xuu2xjtezbp3v776ka2vmw')
2026-03-30T18:48:40Z WARNING bsky_collector_v2.job.index_feed_generators: listRecords failed repo=did:plc:cmcoubqpezx6zrlecd3guv3c err=HttpError('InvalidRequest: Could not find repo: did:plc:cmcoubqpezx6zrlecd3guv3c')
2026-03-30T18:48:40Z WARNING bsky_collector_v2.job.index_feed_generators: listRecords failed repo=did:plc:cpnvzb7ayqxos56w2inunswr err=HttpError('InvalidRequest: Could not find repo: did:plc:cpnvzb7ayqxos56w2inunswr')
2026-03-30T18:48:40Z WARNING bsky_collector_v2.job.index_feed_generators: listRecords failed repo=did:plc:cpqo3l5h75v6zt2jn5egznbl err=HttpError('InvalidRequest: Could not find repo: did:plc:cpqo3l5h75v6zt2jn5egznbl')
2026-03-30T18:48:40Z WARNING bsky_collector_v2.job.index_feed_generators: listRecords failed repo=did:plc:cv5ztoxldtt27f4a6vgd2nrw err=HttpError('InvalidRequest: Could not find repo: did:plc:cv5ztoxldtt27f4a6vgd2nrw')
2026-03-30T18:48:40Z WARNING bsky_collector_v2.job.index_feed_generators: listRecords failed repo=did:plc:dryslsw7epd7gp2uimpccjoc err=HttpError('InvalidRequest: Could not find repo: did:plc:dryslsw7epd7gp2uimpccjoc')
2026-03-30T18:48:40Z WARNING bsky_collector_v2.job.index_feed_generators: listRecords failed repo=did:plc:eeck45jgrj5nnfafmdr6ifcd err=HttpError('InvalidRequest: Could not find repo: did:plc:eeck45jgrj5nnfafmdr6ifcd')
2026-03-30T18:48:40Z WARNING bsky_collector_v2.job.index_feed_generators: listRecords failed repo=did:plc:esmr4ajuxdtuwhc3sqfeaps3 err=HttpError('InvalidRequest: Could not find repo: did:plc:esmr4ajuxdtuwhc3sqfeaps3')
2026-03-30T18:48:40Z WARNING bsky_collector_v2.job.index_feed_generators: listRecords failed repo=did:plc:ff64hipmn2cfku4ymffjm27g err=HttpError('InvalidRequest: Could not find repo: did:plc:ff64hipmn2cfku4ymffjm27g')
2026-03-30T18:48:40Z WARNING bsky_collector_v2.job.index_feed_generators: listRecords failed repo=did:plc:ffqurt7lgellzyfikcuuakeu err=HttpError('InvalidRequest: Could not find repo: did:plc:ffqurt7lgellzyfikcuuakeu')
2026-03-30T18:48:40Z WARNING bsky_collector_v2.job.index_feed_generators: listRecords failed repo=did:plc:ghzpaha3aeefmso5nwj5xjpr err=HttpError('InvalidRequest: Could not find repo: did:plc:ghzpaha3aeefmso5nwj5xjpr')
2026-03-30T18:48:41Z WARNING bsky_collector_v2.job.index_feed_generators: listRecords failed repo=did:plc:jkn2vigb2vguivcrmkrp57gm err=HttpError('InvalidRequest: Could not find repo: did:plc:jkn2vigb2vguivcrmkrp57gm')
2026-03-30T18:48:41Z WARNING bsky_collector_v2.job.index_feed_generators: listRecords failed repo=did:plc:lx3lskaw344u5ahqpi33vkmz err=HttpError('InvalidRequest: Could not find repo: did:plc:lx3lskaw344u5ahqpi33vkmz')
2026-03-30T18:48:41Z WARNING bsky_collector_v2.job.index_feed_generators: listRecords failed repo=did:plc:n36zpfqfabegdu2rq3ezb4sc err=HttpError('InvalidRequest: Could not find repo: did:plc:n36zpfqfabegdu2rq3ezb4sc')
2026-03-30T18:48:41Z WARNING bsky_collector_v2.job.index_feed_generators: listRecords failed repo=did:plc:nzof53nqslmc4z3hiiztphwi err=HttpError('InvalidRequest: Could not find repo: did:plc:nzof53nqslmc4z3hiiztphwi')
2026-03-30T18:48:41Z WARNING bsky_collector_v2.job.index_feed_generators: listRecords failed repo=did:plc:ofwfsym7fmhtoz7g4hn7fodg err=HttpError('InvalidRequest: Could not find repo: did:plc:ofwfsym7fmhtoz7g4hn7fodg')
2026-03-30T18:48:41Z WARNING bsky_collector_v2.job.index_feed_generators: listRecords failed repo=did:plc:omtfqajvekbrnk74wyviuvoe err=HttpError('InvalidRequest: Could not find repo: did:plc:omtfqajvekbrnk74wyviuvoe')
2026-03-30T18:48:41Z WARNING bsky_collector_v2.job.index_feed_generators: listRecords failed repo=did:plc:orfqeaaaxfwlauwspw3oz4c7 err=HttpError('InvalidRequest: Could not find repo: did:plc:orfqeaaaxfwlauwspw3oz4c7')
2026-03-30T18:48:41Z WARNING bsky_collector_v2.job.index_feed_generators: listRecords failed repo=did:plc:oupgnpgv53wg2chcqyv6bnkw err=HttpError('InvalidRequest: Could not find repo: did:plc:oupgnpgv53wg2chcqyv6bnkw')
2026-03-30T18:48:41Z WARNING bsky_collector_v2.job.index_feed_generators: listRecords failed repo=did:plc:p57ag3ddp763fvjsaq6h7w4g err=HttpError('InvalidRequest: Could not find repo: did:plc:p57ag3ddp763fvjsaq6h7w4g')
2026-03-30T18:48:41Z WARNING bsky_collector_v2.job.index_feed_generators: listRecords failed repo=did:plc:p57x2a6vcr65yqkt5sj4avmb err=HttpError('InvalidRequest: Could not find repo: did:plc:p57x2a6vcr65yqkt5sj4avmb')
2026-03-30T18:48:41Z WARNING bsky_collector_v2.job.index_feed_generators: listRecords failed repo=did:plc:pzf2avfeqykf53mn2qlpxiv4 err=HttpError('InvalidRequest: Could not find repo: did:plc:pzf2avfeqykf53mn2qlpxiv4')
2026-03-30T18:48:41Z WARNING bsky_collector_v2.job.index_feed_generators: listRecords failed repo=did:plc:q7nzjpzvxycpg2iitdfetwrh err=HttpError('InvalidRequest: Could not find repo: did:plc:q7nzjpzvxycpg2iitdfetwrh')
2026-03-30T18:48:41Z WARNING bsky_collector_v2.job.index_feed_generators: listRecords failed repo=did:plc:rdymveadunkbbwr3wh27xa7a err=HttpError('InvalidRequest: Could not find repo: did:plc:rdymveadunkbbwr3wh27xa7a')
2026-03-30T18:48:41Z WARNING bsky_collector_v2.job.index_feed_generators: listRecords failed repo=did:plc:s5gincxgrjwdnsllm3dmlrpd err=HttpError('InvalidRequest: Could not find repo: did:plc:s5gincxgrjwdnsllm3dmlrpd')
2026-03-30T18:48:41Z WARNING bsky_collector_v2.job.index_feed_generators: listRecords failed repo=did:plc:srckuq6fqyht4datteszd75y err=HttpError('InvalidRequest: Could not find repo: did:plc:srckuq6fqyht4datteszd75y')
2026-03-30T18:48:41Z WARNING bsky_collector_v2.job.index_feed_generators: listRecords failed repo=did:plc:unxfw2k6zymdkhoo7pkfs7us err=HttpError('InvalidRequest: Could not find repo: did:plc:unxfw2k6zymdkhoo7pkfs7us')
2026-03-30T18:48:41Z WARNING bsky_collector_v2.job.index_feed_generators: listRecords failed repo=did:plc:uny7bsqycoi23xnsqjheo4vl err=HttpError('InvalidRequest: Could not find repo: did:plc:uny7bsqycoi23xnsqjheo4vl')
2026-03-30T18:48:41Z WARNING bsky_collector_v2.job.index_feed_generators: listRecords failed repo=did:plc:uqxluuc3eukqnebvexg5kjwq err=HttpError('InvalidRequest: Could not find repo: did:plc:uqxluuc3eukqnebvexg5kjwq')
2026-03-30T18:48:41Z WARNING bsky_collector_v2.job.index_feed_generators: listRecords failed repo=did:plc:v4ms5aqy7oitjavq5d3ovg54 err=HttpError('InvalidRequest: Could not find repo: did:plc:v4ms5aqy7oitjavq5d3ovg54')
2026-03-30T18:48:42Z WARNING bsky_collector_v2.job.index_feed_generators: listRecords failed repo=did:plc:vx7uoc2ykg4sbevywagtn4wi err=HttpError('InvalidRequest: Could not find repo: did:plc:vx7uoc2ykg4sbevywagtn4wi')
2026-03-30T18:48:42Z WARNING bsky_collector_v2.job.index_feed_generators: listRecords failed repo=did:plc:ycgiaafyy3a7xwjw3n32uan4 err=HttpError('InvalidRequest: Could not find repo: did:plc:ycgiaafyy3a7xwjw3n32uan4')
2026-03-30T18:48:42Z WARNING bsky_collector_v2.job.index_feed_generators: listRecords failed repo=did:plc:zb6v5ooncomzeavewxqkq7oh err=HttpError('InvalidRequest: Could not find repo: did:plc:zb6v5ooncomzeavewxqkq7oh')
2026-03-30T18:48:42Z WARNING bsky_collector_v2.job.index_feed_generators: listRecords failed repo=did:plc:24cqhnfwgbwptxmteoy2kyrs err=HttpError('InvalidRequest: Could not find repo: did:plc:24cqhnfwgbwptxmteoy2kyrs')
2026-03-30T18:48:42Z WARNING bsky_collector_v2.job.index_feed_generators: listRecords failed repo=did:plc:2nfi7vmm66ck3pijxtkbybzi err=HttpError('InvalidRequest: Could not find repo: did:plc:2nfi7vmm66ck3pijxtkbybzi')
2026-03-30T18:48:42Z WARNING bsky_collector_v2.job.index_feed_generators: listRecords failed repo=did:plc:37nm5ppzek7mm25v5jvf7dlb err=HttpError('InvalidRequest: Could not find repo: did:plc:37nm5ppzek7mm25v5jvf7dlb')
2026-03-30T18:48:42Z WARNING bsky_collector_v2.job.index_feed_generators: listRecords failed repo=did:plc:3g6bqkzx2wa5s45hpzynkr5i err=HttpError('InvalidRequest: Could not find repo: did:plc:3g6bqkzx2wa5s45hpzynkr5i')
2026-03-30T18:48:42Z WARNING bsky_collector_v2.job.index_feed_generators: listRecords failed repo=did:plc:4k7m455os2hpel67pkgzllwy err=HttpError('InvalidRequest: Could not find repo: did:plc:4k7m455os2hpel67pkgzllwy')
2026-03-30T18:48:42Z WARNING bsky_collector_v2.job.index_feed_generators: listRecords failed repo=did:plc:4m4v54zyewr6mtnn3rtv2rmi err=HttpError('InvalidRequest: Could not find repo: did:plc:4m4v54zyewr6mtnn3rtv2rmi')
2026-03-30T18:48:42Z WARNING bsky_collector_v2.job.index_feed_generators: listRecords failed repo=did:plc:4mpvmpvch5k7adbgjvl5phzl err=HttpError('InvalidRequest: Could not find repo: did:plc:4mpvmpvch5k7adbgjvl5phzl')
2026-03-30T18:48:42Z WARNING bsky_collector_v2.job.index_feed_generators: listRecords failed repo=did:plc:5sgmgvozdi4ehsij2om3mui2 err=HttpError('InvalidRequest: Could not find repo: did:plc:5sgmgvozdi4ehsij2om3mui2')
2026-03-30T18:48:42Z WARNING bsky_collector_v2.job.index_feed_generators: listRecords failed repo=did:plc:6lrjnjtqnpczjzehhdsk4vlf err=HttpError('InvalidRequest: Could not find repo: did:plc:6lrjnjtqnpczjzehhdsk4vlf')
2026-03-30T18:48:42Z WARNING bsky_collector_v2.job.index_feed_generators: listRecords failed repo=did:plc:72miurcddq325wnlu3drbnsu err=HttpError('InvalidRequest: Could not find repo: did:plc:72miurcddq325wnlu3drbnsu')
2026-03-30T18:48:42Z WARNING bsky_collector_v2.job.index_feed_generators: listRecords failed repo=did:plc:757m2odcbgfyy46zdk33algp err=HttpError('InvalidRequest: Could not find repo: did:plc:757m2odcbgfyy46zdk33algp')
2026-03-30T18:48:42Z WARNING bsky_collector_v2.job.index_feed_generators: listRecords failed repo=did:plc:b6xuu2xjtezbp3v776ka2vmw err=HttpError('InvalidRequest: Could not find repo: did:plc:b6xuu2xjtezbp3v776ka2vmw')
2026-03-30T18:48:42Z WARNING bsky_collector_v2.job.index_feed_generators: listRecords failed repo=did:plc:cmcoubqpezx6zrlecd3guv3c err=HttpError('InvalidRequest: Could not find repo: did:plc:cmcoubqpezx6zrlecd3guv3c')
2026-03-30T18:48:42Z WARNING bsky_collector_v2.job.index_feed_generators: listRecords failed repo=did:plc:cpnvzb7ayqxos56w2inunswr err=HttpError('InvalidRequest: Could not find repo: did:plc:cpnvzb7ayqxos56w2inunswr')
2026-03-30T18:48:42Z WARNING bsky_collector_v2.job.index_feed_generators: listRecords failed repo=did:plc:cpqo3l5h75v6zt2jn5egznbl err=HttpError('InvalidRequest: Could not find repo: did:plc:cpqo3l5h75v6zt2jn5egznbl')
2026-03-30T18:48:42Z WARNING bsky_collector_v2.job.index_feed_generators: listRecords failed repo=did:plc:cv5ztoxldtt27f4a6vgd2nrw err=HttpError('InvalidRequest: Could not find repo: did:plc:cv5ztoxldtt27f4a6vgd2nrw')
2026-03-30T18:48:43Z WARNING bsky_collector_v2.job.index_feed_generators: listRecords failed repo=did:plc:dryslsw7epd7gp2uimpccjoc err=HttpError('InvalidRequest: Could not find repo: did:plc:dryslsw7epd7gp2uimpccjoc')
2026-03-30T18:48:43Z WARNING bsky_collector_v2.job.index_feed_generators: listRecords failed repo=did:plc:eeck45jgrj5nnfafmdr6ifcd err=HttpError('InvalidRequest: Could not find repo: did:plc:eeck45jgrj5nnfafmdr6ifcd')
2026-03-30T18:48:43Z WARNING bsky_collector_v2.job.index_feed_generators: listRecords failed repo=did:plc:esmr4ajuxdtuwhc3sqfeaps3 err=HttpError('InvalidRequest: Could not find repo: did:plc:esmr4ajuxdtuwhc3sqfeaps3')
2026-03-30T18:48:43Z WARNING bsky_collector_v2.job.index_feed_generators: listRecords failed repo=did:plc:ff64hipmn2cfku4ymffjm27g err=HttpError('InvalidRequest: Could not find repo: did:plc:ff64hipmn2cfku4ymffjm27g')
2026-03-30T18:48:43Z WARNING bsky_collector_v2.job.index_feed_generators: listRecords failed repo=did:plc:ffqurt7lgellzyfikcuuakeu err=HttpError('InvalidRequest: Could not find repo: did:plc:ffqurt7lgellzyfikcuuakeu')
2026-03-30T18:48:43Z WARNING bsky_collector_v2.job.index_feed_generators: listRecords failed repo=did:plc:ghzpaha3aeefmso5nwj5xjpr err=HttpError('InvalidRequest: Could not find repo: did:plc:ghzpaha3aeefmso5nwj5xjpr')
2026-03-30T18:48:43Z WARNING bsky_collector_v2.job.index_feed_generators: listRecords failed repo=did:plc:jkn2vigb2vguivcrmkrp57gm err=HttpError('InvalidRequest: Could not find repo: did:plc:jkn2vigb2vguivcrmkrp57gm')
2026-03-30T18:48:43Z WARNING bsky_collector_v2.job.index_feed_generators: listRecords failed repo=did:plc:lx3lskaw344u5ahqpi33vkmz err=HttpError('InvalidRequest: Could not find repo: did:plc:lx3lskaw344u5ahqpi33vkmz')
2026-03-30T18:48:43Z WARNING bsky_collector_v2.job.index_feed_generators: listRecords failed repo=did:plc:n36zpfqfabegdu2rq3ezb4sc err=HttpError('InvalidRequest: Could not find repo: did:plc:n36zpfqfabegdu2rq3ezb4sc')
2026-03-30T18:48:43Z WARNING bsky_collector_v2.job.index_feed_generators: listRecords failed repo=did:plc:nzof53nqslmc4z3hiiztphwi err=HttpError('InvalidRequest: Could not find repo: did:plc:nzof53nqslmc4z3hiiztphwi')
2026-03-30T18:48:43Z WARNING bsky_collector_v2.job.index_feed_generators: listRecords failed repo=did:plc:ofwfsym7fmhtoz7g4hn7fodg err=HttpError('InvalidRequest: Could not find repo: did:plc:ofwfsym7fmhtoz7g4hn7fodg')
2026-03-30T18:48:43Z WARNING bsky_collector_v2.job.index_feed_generators: listRecords failed repo=did:plc:omtfqajvekbrnk74wyviuvoe err=HttpError('InvalidRequest: Could not find repo: did:plc:omtfqajvekbrnk74wyviuvoe')
2026-03-30T18:48:43Z WARNING bsky_collector_v2.job.index_feed_generators: listRecords failed repo=did:plc:orfqeaaaxfwlauwspw3oz4c7 err=HttpError('InvalidRequest: Could not find repo: did:plc:orfqeaaaxfwlauwspw3oz4c7')
2026-03-30T18:48:43Z WARNING bsky_collector_v2.job.index_feed_generators: listRecords failed repo=did:plc:oupgnpgv53wg2chcqyv6bnkw err=HttpError('InvalidRequest: Could not find repo: did:plc:oupgnpgv53wg2chcqyv6bnkw')
2026-03-30T18:48:43Z WARNING bsky_collector_v2.job.index_feed_generators: listRecords failed repo=did:plc:p57ag3ddp763fvjsaq6h7w4g err=HttpError('InvalidRequest: Could not find repo: did:plc:p57ag3ddp763fvjsaq6h7w4g')
2026-03-30T18:48:43Z WARNING bsky_collector_v2.job.index_feed_generators: listRecords failed repo=did:plc:p57x2a6vcr65yqkt5sj4avmb err=HttpError('InvalidRequest: Could not find repo: did:plc:p57x2a6vcr65yqkt5sj4avmb')
2026-03-30T18:48:43Z WARNING bsky_collector_v2.job.index_feed_generators: listRecords failed repo=did:plc:pzf2avfeqykf53mn2qlpxiv4 err=HttpError('InvalidRequest: Could not find repo: did:plc:pzf2avfeqykf53mn2qlpxiv4')
2026-03-30T18:48:43Z WARNING bsky_collector_v2.job.index_feed_generators: listRecords failed repo=did:plc:q7nzjpzvxycpg2iitdfetwrh err=HttpError('InvalidRequest: Could not find repo: did:plc:q7nzjpzvxycpg2iitdfetwrh')
2026-03-30T18:48:43Z WARNING bsky_collector_v2.job.index_feed_generators: listRecords failed repo=did:plc:rdymveadunkbbwr3wh27xa7a err=HttpError('InvalidRequest: Could not find repo: did:plc:rdymveadunkbbwr3wh27xa7a')
2026-03-30T18:48:43Z WARNING bsky_collector_v2.job.index_feed_generators: listRecords failed repo=did:plc:s5gincxgrjwdnsllm3dmlrpd err=HttpError('InvalidRequest: Could not find repo: did:plc:s5gincxgrjwdnsllm3dmlrpd')
2026-03-30T18:48:44Z WARNING bsky_collector_v2.job.index_feed_generators: listRecords failed repo=did:plc:srckuq6fqyht4datteszd75y err=HttpError('InvalidRequest: Could not find repo: did:plc:srckuq6fqyht4datteszd75y')
2026-03-30T18:48:44Z WARNING bsky_collector_v2.job.index_feed_generators: listRecords failed repo=did:plc:unxfw2k6zymdkhoo7pkfs7us err=HttpError('InvalidRequest: Could not find repo: did:plc:unxfw2k6zymdkhoo7pkfs7us')
2026-03-30T18:48:44Z WARNING bsky_collector_v2.job.index_feed_generators: listRecords failed repo=did:plc:uny7bsqycoi23xnsqjheo4vl err=HttpError('InvalidRequest: Could not find repo: did:plc:uny7bsqycoi23xnsqjheo4vl')
2026-03-30T18:48:44Z WARNING bsky_collector_v2.job.index_feed_generators: listRecords failed repo=did:plc:uqxluuc3eukqnebvexg5kjwq err=HttpError('InvalidRequest: Could not find repo: did:plc:uqxluuc3eukqnebvexg5kjwq')
2026-03-30T18:48:44Z WARNING bsky_collector_v2.job.index_feed_generators: listRecords failed repo=did:plc:v4ms5aqy7oitjavq5d3ovg54 err=HttpError('InvalidRequest: Could not find repo: did:plc:v4ms5aqy7oitjavq5d3ovg54')
2026-03-30T18:48:44Z WARNING bsky_collector_v2.job.index_feed_generators: listRecords failed repo=did:plc:vx7uoc2ykg4sbevywagtn4wi err=HttpError('InvalidRequest: Could not find repo: did:plc:vx7uoc2ykg4sbevywagtn4wi')
2026-03-30T18:48:44Z WARNING bsky_collector_v2.job.index_feed_generators: listRecords failed repo=did:plc:ycgiaafyy3a7xwjw3n32uan4 err=HttpError('InvalidRequest: Could not find repo: did:plc:ycgiaafyy3a7xwjw3n32uan4')
2026-03-30T18:48:44Z WARNING bsky_collector_v2.job.index_feed_generators: listRecords failed repo=did:plc:zb6v5ooncomzeavewxqkq7oh err=HttpError('InvalidRequest: Could not find repo: did:plc:zb6v5ooncomzeavewxqkq7oh')
2026-03-30T18:48:45Z INFO bsky_collector_v2.job.index_feed_generators: enqueued repos page=15 mode=listRepos inserted=500 repos_returned=500 next_cursor=set
2026-03-30T18:48:47Z WARNING bsky_collector_v2.job.index_feed_generators: listRecords failed repo=did:plc:2ynfwk5yekanwkufzkipstuj err=HttpError('InvalidRequest: Could not find repo: did:plc:2ynfwk5yekanwkufzkipstuj')
2026-03-30T18:48:48Z WARNING bsky_collector_v2.job.index_feed_generators: listRecords failed repo=did:plc:37us266xsb5bdromerkmw2ib err=HttpError('InvalidRequest: Could not find repo: did:plc:37us266xsb5bdromerkmw2ib')
2026-03-30T18:48:48Z INFO bsky_collector_v2.job.index_feed_generators: indexed repo=did:plc:3eq3ld3fhj3qky6wnj7qun2r part=182 records=1 next_cursor=set
2026-03-30T18:48:53Z WARNING bsky_collector_v2.job.index_feed_generators: listRecords failed repo=did:plc:5maxicj5xyz4klhwo4wsfa7a err=HttpError('InvalidRequest: Could not find repo: did:plc:5maxicj5xyz4klhwo4wsfa7a')
2026-03-30T18:48:54Z WARNING bsky_collector_v2.job.index_feed_generators: listRecords failed repo=did:plc:5zhu5o3q2ybs2p2lbu7ywjxj err=HttpError('InvalidRequest: Could not find repo: did:plc:5zhu5o3q2ybs2p2lbu7ywjxj')
2026-03-30T18:48:56Z WARNING bsky_collector_v2.job.index_feed_generators: listRecords failed repo=did:plc:6jl756lzv4xw4elmlqacd645 err=HttpError('InvalidRequest: Could not find repo: did:plc:6jl756lzv4xw4elmlqacd645')
2026-03-30T18:48:57Z WARNING bsky_collector_v2.job.index_feed_generators: listRecords failed repo=did:plc:6rhdvd5rix23wwu6bpyhvfij err=HttpError('InvalidRequest: Could not find repo: did:plc:6rhdvd5rix23wwu6bpyhvfij')
2026-03-30T18:49:02Z WARNING bsky_collector_v2.job.index_feed_generators: listRecords failed repo=did:plc:ajehrqsneujjmoj5lqh5mew5 err=HttpError('InvalidRequest: Could not find repo: did:plc:ajehrqsneujjmoj5lqh5mew5')
2026-03-30T18:49:03Z WARNING bsky_collector_v2.job.index_feed_generators: listRecords failed repo=did:plc:b37koskrvtitb5rubdirgaud err=HttpError('InvalidRequest: Could not find repo: did:plc:b37koskrvtitb5rubdirgaud')
2026-03-30T18:49:07Z WARNING bsky_collector_v2.job.index_feed_generators: listRecords failed repo=did:plc:czkyvptvxs4wmr6ug4v2apcv err=HttpError('InvalidRequest: Could not find repo: did:plc:czkyvptvxs4wmr6ug4v2apcv')
2026-03-30T18:49:07Z WARNING bsky_collector_v2.job.index_feed_generators: listRecords failed repo=did:plc:ddeekj4hep7gkq2g6zkysxib err=HttpError('InvalidRequest: Could not find repo: did:plc:ddeekj4hep7gkq2g6zkysxib')
2026-03-30T18:49:08Z WARNING bsky_collector_v2.job.index_feed_generators: listRecords failed repo=did:plc:dsulbqg74egbpa3weuhsdcn4 err=HttpError('InvalidRequest: Could not find repo: did:plc:dsulbqg74egbpa3weuhsdcn4')
2026-03-30T18:49:09Z WARNING bsky_collector_v2.job.index_feed_generators: listRecords failed repo=did:plc:e3sfmhhx7r2k46lvg24v2236 err=HttpError('InvalidRequest: Could not find repo: did:plc:e3sfmhhx7r2k46lvg24v2236')
2026-03-30T18:49:12Z WARNING bsky_collector_v2.job.index_feed_generators: listRecords failed repo=did:plc:fnthh4vusl4kxquuixylucye err=HttpError('InvalidRequest: Could not find repo: did:plc:fnthh4vusl4kxquuixylucye')
2026-03-30T18:49:13Z WARNING bsky_collector_v2.job.index_feed_generators: listRecords failed repo=did:plc:fsegijplumw45kb2c6fbnupx err=HttpError('InvalidRequest: Could not find repo: did:plc:fsegijplumw45kb2c6fbnupx')
2026-03-30T18:49:16Z WARNING bsky_collector_v2.job.index_feed_generators: listRecords failed repo=did:plc:gv5oway7pborzyyv7fuy6yh7 err=HttpError('InvalidRequest: Could not find repo: did:plc:gv5oway7pborzyyv7fuy6yh7')
2026-03-30T18:49:17Z WARNING bsky_collector_v2.job.index_feed_generators: listRecords failed repo=did:plc:h4m4woudf37fspa2n52m6qdj err=HttpError('InvalidRequest: Could not find repo: did:plc:h4m4woudf37fspa2n52m6qdj')
2026-03-30T18:49:22Z WARNING bsky_collector_v2.job.index_feed_generators: listRecords failed repo=did:plc:ibxra54uyir3nk5k2n2qaeyu err=HttpError('InvalidRequest: Could not find repo: did:plc:ibxra54uyir3nk5k2n2qaeyu')
2026-03-30T18:49:22Z WARNING bsky_collector_v2.job.index_feed_generators: listRecords failed repo=did:plc:iddaj3koyuxttwnjrglnjj5l err=HttpError('InvalidRequest: Could not find repo: did:plc:iddaj3koyuxttwnjrglnjj5l')
2026-03-30T18:49:25Z WARNING bsky_collector_v2.job.index_feed_generators: listRecords failed repo=did:plc:jnr2ikj46i76fidqxaqpkzaa err=HttpError('InvalidRequest: Could not find repo: did:plc:jnr2ikj46i76fidqxaqpkzaa')
2026-03-30T18:49:31Z WARNING bsky_collector_v2.job.index_feed_generators: listRecords failed repo=did:plc:lrbkzbnawcz5awzfkxjpebdu err=HttpError('InvalidRequest: Could not find repo: did:plc:lrbkzbnawcz5awzfkxjpebdu')
2026-03-30T18:49:32Z WARNING bsky_collector_v2.job.index_feed_generators: listRecords failed repo=did:plc:m7n4lklaq5cim3x27ap2p6r4 err=HttpError('InvalidRequest: Could not find repo: did:plc:m7n4lklaq5cim3x27ap2p6r4')
2026-03-30T18:49:33Z WARNING bsky_collector_v2.job.index_feed_generators: listRecords failed repo=did:plc:micsgxjefyqoklepacksc5mk err=HttpError('InvalidRequest: Could not find repo: did:plc:micsgxjefyqoklepacksc5mk')
2026-03-30T18:49:33Z WARNING bsky_collector_v2.job.index_feed_generators: listRecords failed repo=did:plc:ml2swyv7nquaqvco4oyiv5yw err=HttpError('InvalidRequest: Could not find repo: did:plc:ml2swyv7nquaqvco4oyiv5yw')
2026-03-30T18:49:37Z WARNING bsky_collector_v2.job.index_feed_generators: listRecords failed repo=did:plc:o3lbzlsq4iearf2p26rtmz5y err=HttpError('InvalidRequest: Could not find repo: did:plc:o3lbzlsq4iearf2p26rtmz5y')
2026-03-30T18:49:41Z WARNING bsky_collector_v2.job.index_feed_generators: listRecords failed repo=did:plc:poopfcrf4j4gge6x5hsekfnl err=HttpError('InvalidRequest: Could not find repo: did:plc:poopfcrf4j4gge6x5hsekfnl')
2026-03-30T18:49:42Z WARNING bsky_collector_v2.job.index_feed_generators: listRecords failed repo=did:plc:q6cbqzg7ywqwvxyhfepqukmz err=HttpError('InvalidRequest: Could not find repo: did:plc:q6cbqzg7ywqwvxyhfepqukmz')
2026-03-30T18:49:43Z WARNING bsky_collector_v2.job.index_feed_generators: listRecords failed repo=did:plc:qqictu5g5doxma56j53pb6n6 err=HttpError('InvalidRequest: Could not find repo: did:plc:qqictu5g5doxma56j53pb6n6')
2026-03-30T18:49:45Z WARNING bsky_collector_v2.job.index_feed_generators: listRecords failed repo=did:plc:rjbbh36jxjhp6n2bg7kstnjo err=HttpError('InvalidRequest: Could not find repo: did:plc:rjbbh36jxjhp6n2bg7kstnjo')
2026-03-30T18:49:47Z INFO bsky_collector_v2.job.index_feed_generators: indexed repo=did:plc:rtsoiussuuzphj3xc544pyzb part=183 records=1 next_cursor=set
2026-03-30T18:49:48Z WARNING bsky_collector_v2.job.index_feed_generators: listRecords failed repo=did:plc:sju4uxw7swtq4ronkzfjcuo2 err=HttpError('InvalidRequest: Could not find repo: did:plc:sju4uxw7swtq4ronkzfjcuo2')
2026-03-30T18:49:50Z WARNING bsky_collector_v2.job.index_feed_generators: listRecords failed repo=did:plc:tece3zobvfeq4evhhmnymgms err=HttpError('InvalidRequest: Could not find repo: did:plc:tece3zobvfeq4evhhmnymgms')
2026-03-30T18:49:51Z WARNING bsky_collector_v2.job.index_feed_generators: listRecords failed repo=did:plc:tito3dcradtm3cvnmbu35pup err=HttpError('InvalidRequest: Could not find repo: did:plc:tito3dcradtm3cvnmbu35pup')
2026-03-30T18:49:51Z WARNING bsky_collector_v2.job.index_feed_generators: listRecords failed repo=did:plc:tukp5a5tyaoo56pik5welp5b err=HttpError('InvalidRequest: Could not find repo: did:plc:tukp5a5tyaoo56pik5welp5b')
2026-03-30T18:49:53Z WARNING bsky_collector_v2.job.index_feed_generators: listRecords failed repo=did:plc:u4z6y4rw425tb5v23uyviqmx err=HttpError('InvalidRequest: Could not find repo: did:plc:u4z6y4rw425tb5v23uyviqmx')
2026-03-30T18:49:54Z WARNING bsky_collector_v2.job.index_feed_generators: listRecords failed repo=did:plc:uzdlhvj5z32jfanac2oyyinu err=HttpError('InvalidRequest: Could not find repo: did:plc:uzdlhvj5z32jfanac2oyyinu')
2026-03-30T18:49:54Z WARNING bsky_collector_v2.job.index_feed_generators: listRecords failed repo=did:plc:vb57bpxn3rddazol3cnwxxch err=HttpError('InvalidRequest: Could not find repo: did:plc:vb57bpxn3rddazol3cnwxxch')
2026-03-30T18:49:56Z WARNING bsky_collector_v2.job.index_feed_generators: listRecords failed repo=did:plc:vmzafwxf6g56itiq4zcv3hdk err=HttpError('InvalidRequest: Could not find repo: did:plc:vmzafwxf6g56itiq4zcv3hdk')
2026-03-30T18:49:56Z WARNING bsky_collector_v2.job.index_feed_generators: listRecords failed repo=did:plc:vqmn2bchzuyciejes4beqljx err=HttpError('InvalidRequest: Could not find repo: did:plc:vqmn2bchzuyciejes4beqljx')
2026-03-30T18:49:58Z WARNING bsky_collector_v2.job.index_feed_generators: listRecords failed repo=did:plc:wk43nngbphvfjfrfwi42szd5 err=HttpError('InvalidRequest: Could not find repo: did:plc:wk43nngbphvfjfrfwi42szd5')
2026-03-30T18:50:02Z WARNING bsky_collector_v2.job.index_feed_generators: listRecords failed repo=did:plc:y2pwp4zc4di7tz5vfxsyrecu err=HttpError('InvalidRequest: Could not find repo: did:plc:y2pwp4zc4di7tz5vfxsyrecu')
2026-03-30T18:50:02Z WARNING bsky_collector_v2.job.index_feed_generators: listRecords failed repo=did:plc:y2xxffvhu64kt64zjtflkzlj err=HttpError('InvalidRequest: Could not find repo: did:plc:y2xxffvhu64kt64zjtflkzlj')
2026-03-30T18:50:08Z WARNING bsky_collector_v2.job.index_feed_generators: listRecords failed repo=did:plc:2ynfwk5yekanwkufzkipstuj err=HttpError('InvalidRequest: Could not find repo: did:plc:2ynfwk5yekanwkufzkipstuj')
2026-03-30T18:50:08Z WARNING bsky_collector_v2.job.index_feed_generators: listRecords failed repo=did:plc:37us266xsb5bdromerkmw2ib err=HttpError('InvalidRequest: Could not find repo: did:plc:37us266xsb5bdromerkmw2ib')
2026-03-30T18:50:08Z WARNING bsky_collector_v2.job.index_feed_generators: listRecords failed repo=did:plc:5maxicj5xyz4klhwo4wsfa7a err=HttpError('InvalidRequest: Could not find repo: did:plc:5maxicj5xyz4klhwo4wsfa7a')
2026-03-30T18:50:08Z WARNING bsky_collector_v2.job.index_feed_generators: listRecords failed repo=did:plc:5zhu5o3q2ybs2p2lbu7ywjxj err=HttpError('InvalidRequest: Could not find repo: did:plc:5zhu5o3q2ybs2p2lbu7ywjxj')
2026-03-30T18:50:08Z WARNING bsky_collector_v2.job.index_feed_generators: listRecords failed repo=did:plc:6jl756lzv4xw4elmlqacd645 err=HttpError('InvalidRequest: Could not find repo: did:plc:6jl756lzv4xw4elmlqacd645')
2026-03-30T18:50:08Z WARNING bsky_collector_v2.job.index_feed_generators: listRecords failed repo=did:plc:6rhdvd5rix23wwu6bpyhvfij err=HttpError('InvalidRequest: Could not find repo: did:plc:6rhdvd5rix23wwu6bpyhvfij')
2026-03-30T18:50:08Z WARNING bsky_collector_v2.job.index_feed_generators: listRecords failed repo=did:plc:ajehrqsneujjmoj5lqh5mew5 err=HttpError('InvalidRequest: Could not find repo: did:plc:ajehrqsneujjmoj5lqh5mew5')
2026-03-30T18:50:08Z WARNING bsky_collector_v2.job.index_feed_generators: listRecords failed repo=did:plc:b37koskrvtitb5rubdirgaud err=HttpError('InvalidRequest: Could not find repo: did:plc:b37koskrvtitb5rubdirgaud')
2026-03-30T18:50:09Z WARNING bsky_collector_v2.job.index_feed_generators: listRecords failed repo=did:plc:czkyvptvxs4wmr6ug4v2apcv err=HttpError('InvalidRequest: Could not find repo: did:plc:czkyvptvxs4wmr6ug4v2apcv')
2026-03-30T18:50:09Z WARNING bsky_collector_v2.job.index_feed_generators: listRecords failed repo=did:plc:ddeekj4hep7gkq2g6zkysxib err=HttpError('InvalidRequest: Could not find repo: did:plc:ddeekj4hep7gkq2g6zkysxib')
2026-03-30T18:50:09Z WARNING bsky_collector_v2.job.index_feed_generators: listRecords failed repo=did:plc:dsulbqg74egbpa3weuhsdcn4 err=HttpError('InvalidRequest: Could not find repo: did:plc:dsulbqg74egbpa3weuhsdcn4')
2026-03-30T18:50:09Z WARNING bsky_collector_v2.job.index_feed_generators: listRecords failed repo=did:plc:e3sfmhhx7r2k46lvg24v2236 err=HttpError('InvalidRequest: Could not find repo: did:plc:e3sfmhhx7r2k46lvg24v2236')
2026-03-30T18:50:09Z WARNING bsky_collector_v2.job.index_feed_generators: listRecords failed repo=did:plc:fnthh4vusl4kxquuixylucye err=HttpError('InvalidRequest: Could not find repo: did:plc:fnthh4vusl4kxquuixylucye')
2026-03-30T18:50:09Z WARNING bsky_collector_v2.job.index_feed_generators: listRecords failed repo=did:plc:fsegijplumw45kb2c6fbnupx err=HttpError('InvalidRequest: Could not find repo: did:plc:fsegijplumw45kb2c6fbnupx')
2026-03-30T18:50:09Z WARNING bsky_collector_v2.job.index_feed_generators: listRecords failed repo=did:plc:gv5oway7pborzyyv7fuy6yh7 err=HttpError('InvalidRequest: Could not find repo: did:plc:gv5oway7pborzyyv7fuy6yh7')
2026-03-30T18:50:09Z WARNING bsky_collector_v2.job.index_feed_generators: listRecords failed repo=did:plc:h4m4woudf37fspa2n52m6qdj err=HttpError('InvalidRequest: Could not find repo: did:plc:h4m4woudf37fspa2n52m6qdj')
2026-03-30T18:50:09Z WARNING bsky_collector_v2.job.index_feed_generators: listRecords failed repo=did:plc:ibxra54uyir3nk5k2n2qaeyu err=HttpError('InvalidRequest: Could not find repo: did:plc:ibxra54uyir3nk5k2n2qaeyu')
2026-03-30T18:50:09Z WARNING bsky_collector_v2.job.index_feed_generators: listRecords failed repo=did:plc:iddaj3koyuxttwnjrglnjj5l err=HttpError('InvalidRequest: Could not find repo: did:plc:iddaj3koyuxttwnjrglnjj5l')
2026-03-30T18:50:09Z WARNING bsky_collector_v2.job.index_feed_generators: listRecords failed repo=did:plc:jnr2ikj46i76fidqxaqpkzaa err=HttpError('InvalidRequest: Could not find repo: did:plc:jnr2ikj46i76fidqxaqpkzaa')
2026-03-30T18:50:09Z WARNING bsky_collector_v2.job.index_feed_generators: listRecords failed repo=did:plc:lrbkzbnawcz5awzfkxjpebdu err=HttpError('InvalidRequest: Could not find repo: did:plc:lrbkzbnawcz5awzfkxjpebdu')
2026-03-30T18:50:09Z WARNING bsky_collector_v2.job.index_feed_generators: listRecords failed repo=did:plc:m7n4lklaq5cim3x27ap2p6r4 err=HttpError('InvalidRequest: Could not find repo: did:plc:m7n4lklaq5cim3x27ap2p6r4')
2026-03-30T18:50:09Z WARNING bsky_collector_v2.job.index_feed_generators: listRecords failed repo=did:plc:micsgxjefyqoklepacksc5mk err=HttpError('InvalidRequest: Could not find repo: did:plc:micsgxjefyqoklepacksc5mk')
2026-03-30T18:50:09Z WARNING bsky_collector_v2.job.index_feed_generators: listRecords failed repo=did:plc:ml2swyv7nquaqvco4oyiv5yw err=HttpError('InvalidRequest: Could not find repo: did:plc:ml2swyv7nquaqvco4oyiv5yw')
2026-03-30T18:50:09Z WARNING bsky_collector_v2.job.index_feed_generators: listRecords failed repo=did:plc:o3lbzlsq4iearf2p26rtmz5y err=HttpError('InvalidRequest: Could not find repo: did:plc:o3lbzlsq4iearf2p26rtmz5y')
2026-03-30T18:50:10Z WARNING bsky_collector_v2.job.index_feed_generators: listRecords failed repo=did:plc:poopfcrf4j4gge6x5hsekfnl err=HttpError('InvalidRequest: Could not find repo: did:plc:poopfcrf4j4gge6x5hsekfnl')
2026-03-30T18:50:10Z WARNING bsky_collector_v2.job.index_feed_generators: listRecords failed repo=did:plc:q6cbqzg7ywqwvxyhfepqukmz err=HttpError('InvalidRequest: Could not find repo: did:plc:q6cbqzg7ywqwvxyhfepqukmz')
2026-03-30T18:50:10Z WARNING bsky_collector_v2.job.index_feed_generators: listRecords failed repo=did:plc:qqictu5g5doxma56j53pb6n6 err=HttpError('InvalidRequest: Could not find repo: did:plc:qqictu5g5doxma56j53pb6n6')
2026-03-30T18:50:10Z WARNING bsky_collector_v2.job.index_feed_generators: listRecords failed repo=did:plc:rjbbh36jxjhp6n2bg7kstnjo err=HttpError('InvalidRequest: Could not find repo: did:plc:rjbbh36jxjhp6n2bg7kstnjo')
2026-03-30T18:50:10Z WARNING bsky_collector_v2.job.index_feed_generators: listRecords failed repo=did:plc:sju4uxw7swtq4ronkzfjcuo2 err=HttpError('InvalidRequest: Could not find repo: did:plc:sju4uxw7swtq4ronkzfjcuo2')
2026-03-30T18:50:10Z WARNING bsky_collector_v2.job.index_feed_generators: listRecords failed repo=did:plc:tece3zobvfeq4evhhmnymgms err=HttpError('InvalidRequest: Could not find repo: did:plc:tece3zobvfeq4evhhmnymgms')
2026-03-30T18:50:10Z WARNING bsky_collector_v2.job.index_feed_generators: listRecords failed repo=did:plc:tito3dcradtm3cvnmbu35pup err=HttpError('InvalidRequest: Could not find repo: did:plc:tito3dcradtm3cvnmbu35pup')
2026-03-30T18:50:10Z WARNING bsky_collector_v2.job.index_feed_generators: listRecords failed repo=did:plc:tukp5a5tyaoo56pik5welp5b err=HttpError('InvalidRequest: Could not find repo: did:plc:tukp5a5tyaoo56pik5welp5b')
2026-03-30T18:50:10Z WARNING bsky_collector_v2.job.index_feed_generators: listRecords failed repo=did:plc:u4z6y4rw425tb5v23uyviqmx err=HttpError('InvalidRequest: Could not find repo: did:plc:u4z6y4rw425tb5v23uyviqmx')
2026-03-30T18:50:10Z WARNING bsky_collector_v2.job.index_feed_generators: listRecords failed repo=did:plc:uzdlhvj5z32jfanac2oyyinu err=HttpError('InvalidRequest: Could not find repo: did:plc:uzdlhvj5z32jfanac2oyyinu')
2026-03-30T18:50:10Z WARNING bsky_collector_v2.job.index_feed_generators: listRecords failed repo=did:plc:vb57bpxn3rddazol3cnwxxch err=HttpError('InvalidRequest: Could not find repo: did:plc:vb57bpxn3rddazol3cnwxxch')
2026-03-30T18:50:10Z WARNING bsky_collector_v2.job.index_feed_generators: listRecords failed repo=did:plc:vmzafwxf6g56itiq4zcv3hdk err=HttpError('InvalidRequest: Could not find repo: did:plc:vmzafwxf6g56itiq4zcv3hdk')
2026-03-30T18:50:10Z WARNING bsky_collector_v2.job.index_feed_generators: listRecords failed repo=did:plc:vqmn2bchzuyciejes4beqljx err=HttpError('InvalidRequest: Could not find repo: did:plc:vqmn2bchzuyciejes4beqljx')
2026-03-30T18:50:11Z WARNING bsky_collector_v2.job.index_feed_generators: listRecords failed repo=did:plc:wk43nngbphvfjfrfwi42szd5 err=HttpError('InvalidRequest: Could not find repo: did:plc:wk43nngbphvfjfrfwi42szd5')
2026-03-30T18:50:11Z WARNING bsky_collector_v2.job.index_feed_generators: listRecords failed repo=did:plc:y2pwp4zc4di7tz5vfxsyrecu err=HttpError('InvalidRequest: Could not find repo: did:plc:y2pwp4zc4di7tz5vfxsyrecu')
2026-03-30T18:50:11Z WARNING bsky_collector_v2.job.index_feed_generators: listRecords failed repo=did:plc:y2xxffvhu64kt64zjtflkzlj err=HttpError('InvalidRequest: Could not find repo: did:plc:y2xxffvhu64kt64zjtflkzlj')
2026-03-30T18:50:11Z WARNING bsky_collector_v2.job.index_feed_generators: listRecords failed repo=did:plc:2ynfwk5yekanwkufzkipstuj err=HttpError('InvalidRequest: Could not find repo: did:plc:2ynfwk5yekanwkufzkipstuj')
2026-03-30T18:50:11Z WARNING bsky_collector_v2.job.index_feed_generators: listRecords failed repo=did:plc:37us266xsb5bdromerkmw2ib err=HttpError('InvalidRequest: Could not find repo: did:plc:37us266xsb5bdromerkmw2ib')
2026-03-30T18:50:11Z WARNING bsky_collector_v2.job.index_feed_generators: listRecords failed repo=did:plc:5maxicj5xyz4klhwo4wsfa7a err=HttpError('InvalidRequest: Could not find repo: did:plc:5maxicj5xyz4klhwo4wsfa7a')
2026-03-30T18:50:11Z WARNING bsky_collector_v2.job.index_feed_generators: listRecords failed repo=did:plc:5zhu5o3q2ybs2p2lbu7ywjxj err=HttpError('InvalidRequest: Could not find repo: did:plc:5zhu5o3q2ybs2p2lbu7ywjxj')
2026-03-30T18:50:11Z WARNING bsky_collector_v2.job.index_feed_generators: listRecords failed repo=did:plc:6jl756lzv4xw4elmlqacd645 err=HttpError('InvalidRequest: Could not find repo: did:plc:6jl756lzv4xw4elmlqacd645')
2026-03-30T18:50:11Z WARNING bsky_collector_v2.job.index_feed_generators: listRecords failed repo=did:plc:6rhdvd5rix23wwu6bpyhvfij err=HttpError('InvalidRequest: Could not find repo: did:plc:6rhdvd5rix23wwu6bpyhvfij')
2026-03-30T18:50:11Z WARNING bsky_collector_v2.job.index_feed_generators: listRecords failed repo=did:plc:ajehrqsneujjmoj5lqh5mew5 err=HttpError('InvalidRequest: Could not find repo: did:plc:ajehrqsneujjmoj5lqh5mew5')
2026-03-30T18:50:11Z WARNING bsky_collector_v2.job.index_feed_generators: listRecords failed repo=did:plc:b37koskrvtitb5rubdirgaud err=HttpError('InvalidRequest: Could not find repo: did:plc:b37koskrvtitb5rubdirgaud')
2026-03-30T18:50:11Z WARNING bsky_collector_v2.job.index_feed_generators: listRecords failed repo=did:plc:czkyvptvxs4wmr6ug4v2apcv err=HttpError('InvalidRequest: Could not find repo: did:plc:czkyvptvxs4wmr6ug4v2apcv')
2026-03-30T18:50:11Z WARNING bsky_collector_v2.job.index_feed_generators: listRecords failed repo=did:plc:ddeekj4hep7gkq2g6zkysxib err=HttpError('InvalidRequest: Could not find repo: did:plc:ddeekj4hep7gkq2g6zkysxib')
2026-03-30T18:50:11Z WARNING bsky_collector_v2.job.index_feed_generators: listRecords failed repo=did:plc:dsulbqg74egbpa3weuhsdcn4 err=HttpError('InvalidRequest: Could not find repo: did:plc:dsulbqg74egbpa3weuhsdcn4')
2026-03-30T18:50:11Z WARNING bsky_collector_v2.job.index_feed_generators: listRecords failed repo=did:plc:e3sfmhhx7r2k46lvg24v2236 err=HttpError('InvalidRequest: Could not find repo: did:plc:e3sfmhhx7r2k46lvg24v2236')
2026-03-30T18:50:11Z WARNING bsky_collector_v2.job.index_feed_generators: listRecords failed repo=did:plc:fnthh4vusl4kxquuixylucye err=HttpError('InvalidRequest: Could not find repo: did:plc:fnthh4vusl4kxquuixylucye')
2026-03-30T18:50:11Z WARNING bsky_collector_v2.job.index_feed_generators: listRecords failed repo=did:plc:fsegijplumw45kb2c6fbnupx err=HttpError('InvalidRequest: Could not find repo: did:plc:fsegijplumw45kb2c6fbnupx')
2026-03-30T18:50:11Z WARNING bsky_collector_v2.job.index_feed_generators: listRecords failed repo=did:plc:gv5oway7pborzyyv7fuy6yh7 err=HttpError('InvalidRequest: Could not find repo: did:plc:gv5oway7pborzyyv7fuy6yh7')
2026-03-30T18:50:11Z WARNING bsky_collector_v2.job.index_feed_generators: listRecords failed repo=did:plc:h4m4woudf37fspa2n52m6qdj err=HttpError('InvalidRequest: Could not find repo: did:plc:h4m4woudf37fspa2n52m6qdj')
2026-03-30T18:50:12Z WARNING bsky_collector_v2.job.index_feed_generators: listRecords failed repo=did:plc:ibxra54uyir3nk5k2n2qaeyu err=HttpError('InvalidRequest: Could not find repo: did:plc:ibxra54uyir3nk5k2n2qaeyu')
2026-03-30T18:50:12Z WARNING bsky_collector_v2.job.index_feed_generators: listRecords failed repo=did:plc:iddaj3koyuxttwnjrglnjj5l err=HttpError('InvalidRequest: Could not find repo: did:plc:iddaj3koyuxttwnjrglnjj5l')
2026-03-30T18:50:12Z WARNING bsky_collector_v2.job.index_feed_generators: listRecords failed repo=did:plc:jnr2ikj46i76fidqxaqpkzaa err=HttpError('InvalidRequest: Could not find repo: did:plc:jnr2ikj46i76fidqxaqpkzaa')
2026-03-30T18:50:12Z WARNING bsky_collector_v2.job.index_feed_generators: listRecords failed repo=did:plc:lrbkzbnawcz5awzfkxjpebdu err=HttpError('InvalidRequest: Could not find repo: did:plc:lrbkzbnawcz5awzfkxjpebdu')
2026-03-30T18:50:12Z WARNING bsky_collector_v2.job.index_feed_generators: listRecords failed repo=did:plc:m7n4lklaq5cim3x27ap2p6r4 err=HttpError('InvalidRequest: Could not find repo: did:plc:m7n4lklaq5cim3x27ap2p6r4')
2026-03-30T18:50:12Z WARNING bsky_collector_v2.job.index_feed_generators: listRecords failed repo=did:plc:micsgxjefyqoklepacksc5mk err=HttpError('InvalidRequest: Could not find repo: did:plc:micsgxjefyqoklepacksc5mk')
2026-03-30T18:50:12Z WARNING bsky_collector_v2.job.index_feed_generators: listRecords failed repo=did:plc:ml2swyv7nquaqvco4oyiv5yw err=HttpError('InvalidRequest: Could not find repo: did:plc:ml2swyv7nquaqvco4oyiv5yw')
2026-03-30T18:50:12Z WARNING bsky_collector_v2.job.index_feed_generators: listRecords failed repo=did:plc:o3lbzlsq4iearf2p26rtmz5y err=HttpError('InvalidRequest: Could not find repo: did:plc:o3lbzlsq4iearf2p26rtmz5y')
2026-03-30T18:50:12Z WARNING bsky_collector_v2.job.index_feed_generators: listRecords failed repo=did:plc:poopfcrf4j4gge6x5hsekfnl err=HttpError('InvalidRequest: Could not find repo: did:plc:poopfcrf4j4gge6x5hsekfnl')
2026-03-30T18:50:12Z WARNING bsky_collector_v2.job.index_feed_generators: listRecords failed repo=did:plc:q6cbqzg7ywqwvxyhfepqukmz err=HttpError('InvalidRequest: Could not find repo: did:plc:q6cbqzg7ywqwvxyhfepqukmz')
2026-03-30T18:50:12Z WARNING bsky_collector_v2.job.index_feed_generators: listRecords failed repo=did:plc:qqictu5g5doxma56j53pb6n6 err=HttpError('InvalidRequest: Could not find repo: did:plc:qqictu5g5doxma56j53pb6n6')
2026-03-30T18:50:12Z WARNING bsky_collector_v2.job.index_feed_generators: listRecords failed repo=did:plc:rjbbh36jxjhp6n2bg7kstnjo err=HttpError('InvalidRequest: Could not find repo: did:plc:rjbbh36jxjhp6n2bg7kstnjo')
2026-03-30T18:50:12Z WARNING bsky_collector_v2.job.index_feed_generators: listRecords failed repo=did:plc:sju4uxw7swtq4ronkzfjcuo2 err=HttpError('InvalidRequest: Could not find repo: did:plc:sju4uxw7swtq4ronkzfjcuo2')
2026-03-30T18:50:12Z WARNING bsky_collector_v2.job.index_feed_generators: listRecords failed repo=did:plc:tece3zobvfeq4evhhmnymgms err=HttpError('InvalidRequest: Could not find repo: did:plc:tece3zobvfeq4evhhmnymgms')
2026-03-30T18:50:12Z WARNING bsky_collector_v2.job.index_feed_generators: listRecords failed repo=did:plc:tito3dcradtm3cvnmbu35pup err=HttpError('InvalidRequest: Could not find repo: did:plc:tito3dcradtm3cvnmbu35pup')
2026-03-30T18:50:12Z WARNING bsky_collector_v2.job.index_feed_generators: listRecords failed repo=did:plc:tukp5a5tyaoo56pik5welp5b err=HttpError('InvalidRequest: Could not find repo: did:plc:tukp5a5tyaoo56pik5welp5b')
2026-03-30T18:50:13Z WARNING bsky_collector_v2.job.index_feed_generators: listRecords failed repo=did:plc:u4z6y4rw425tb5v23uyviqmx err=HttpError('InvalidRequest: Could not find repo: did:plc:u4z6y4rw425tb5v23uyviqmx')
2026-03-30T18:50:13Z WARNING bsky_collector_v2.job.index_feed_generators: listRecords failed repo=did:plc:uzdlhvj5z32jfanac2oyyinu err=HttpError('InvalidRequest: Could not find repo: did:plc:uzdlhvj5z32jfanac2oyyinu')
2026-03-30T18:50:13Z WARNING bsky_collector_v2.job.index_feed_generators: listRecords failed repo=did:plc:vb57bpxn3rddazol3cnwxxch err=HttpError('InvalidRequest: Could not find repo: did:plc:vb57bpxn3rddazol3cnwxxch')
2026-03-30T18:50:13Z WARNING bsky_collector_v2.job.index_feed_generators: listRecords failed repo=did:plc:vmzafwxf6g56itiq4zcv3hdk err=HttpError('InvalidRequest: Could not find repo: did:plc:vmzafwxf6g56itiq4zcv3hdk')
2026-03-30T18:50:13Z WARNING bsky_collector_v2.job.index_feed_generators: listRecords failed repo=did:plc:vqmn2bchzuyciejes4beqljx err=HttpError('InvalidRequest: Could not find repo: did:plc:vqmn2bchzuyciejes4beqljx')
2026-03-30T18:50:13Z WARNING bsky_collector_v2.job.index_feed_generators: listRecords failed repo=did:plc:wk43nngbphvfjfrfwi42szd5 err=HttpError('InvalidRequest: Could not find repo: did:plc:wk43nngbphvfjfrfwi42szd5')
2026-03-30T18:50:13Z WARNING bsky_collector_v2.job.index_feed_generators: listRecords failed repo=did:plc:y2pwp4zc4di7tz5vfxsyrecu err=HttpError('InvalidRequest: Could not find repo: did:plc:y2pwp4zc4di7tz5vfxsyrecu')
2026-03-30T18:50:13Z WARNING bsky_collector_v2.job.index_feed_generators: listRecords failed repo=did:plc:y2xxffvhu64kt64zjtflkzlj err=HttpError('InvalidRequest: Could not find repo: did:plc:y2xxffvhu64kt64zjtflkzlj')
2026-03-30T18:50:14Z INFO bsky_collector_v2.job.index_feed_generators: enqueued repos page=16 mode=listRepos inserted=500 repos_returned=500 next_cursor=set
2026-03-30T18:50:17Z WARNING bsky_collector_v2.job.index_feed_generators: listRecords failed repo=did:plc:46akoorhitvsihk55oleaqmh err=HttpError('InvalidRequest: Could not find repo: did:plc:46akoorhitvsihk55oleaqmh')
2026-03-30T18:50:19Z WARNING bsky_collector_v2.job.index_feed_generators: listRecords failed repo=did:plc:4hfpprnihugpph2w2lpid4f4 err=HttpError('InvalidRequest: Could not find repo: did:plc:4hfpprnihugpph2w2lpid4f4')
2026-03-30T18:50:20Z WARNING bsky_collector_v2.job.index_feed_generators: listRecords failed repo=did:plc:4ysqfrlcodidbf3qgvzzd4v2 err=HttpError('InvalidRequest: Could not find repo: did:plc:4ysqfrlcodidbf3qgvzzd4v2')
2026-03-30T18:50:21Z WARNING bsky_collector_v2.job.index_feed_generators: listRecords failed repo=did:plc:57ozt52ikjs4xybeviicr4x7 err=HttpError('InvalidRequest: Could not find repo: did:plc:57ozt52ikjs4xybeviicr4x7')
2026-03-30T18:50:22Z WARNING bsky_collector_v2.job.index_feed_generators: listRecords failed repo=did:plc:5bh6ivmkrhmfzn3yiqzwbwk5 err=HttpError('InvalidRequest: Could not find repo: did:plc:5bh6ivmkrhmfzn3yiqzwbwk5')
2026-03-30T18:50:22Z WARNING bsky_collector_v2.job.index_feed_generators: listRecords failed repo=did:plc:5pnbf5m46zglinevpd37brm6 err=HttpError('InvalidRequest: Could not find repo: did:plc:5pnbf5m46zglinevpd37brm6')
2026-03-30T18:50:23Z WARNING bsky_collector_v2.job.index_feed_generators: listRecords failed repo=did:plc:5tys4o733afetk23i4d6iyja err=HttpError('InvalidRequest: Could not find repo: did:plc:5tys4o733afetk23i4d6iyja')
2026-03-30T18:50:25Z WARNING bsky_collector_v2.job.index_feed_generators: listRecords failed repo=did:plc:6ny4w75ixkcxsbaxoukztsv4 err=HttpError('InvalidRequest: Could not find repo: did:plc:6ny4w75ixkcxsbaxoukztsv4')
2026-03-30T18:50:29Z WARNING bsky_collector_v2.job.index_feed_generators: listRecords failed repo=did:plc:aaso7otzqja7unp4njbiwerd err=HttpError('InvalidRequest: Could not find repo: did:plc:aaso7otzqja7unp4njbiwerd')
2026-03-30T18:50:29Z WARNING bsky_collector_v2.job.index_feed_generators: listRecords failed repo=did:plc:am4pykzvp3hx2dhhagmv3xsg err=HttpError('InvalidRequest: Could not find repo: did:plc:am4pykzvp3hx2dhhagmv3xsg')
2026-03-30T18:50:32Z WARNING bsky_collector_v2.job.index_feed_generators: listRecords failed repo=did:plc:bzvhpxzokkfyrzzflbwfm3ff err=HttpError('InvalidRequest: Could not find repo: did:plc:bzvhpxzokkfyrzzflbwfm3ff')
2026-03-30T18:50:36Z WARNING bsky_collector_v2.job.index_feed_generators: listRecords failed repo=did:plc:d5fukpvr5u46ms4vcvbor4yb err=HttpError('InvalidRequest: Could not find repo: did:plc:d5fukpvr5u46ms4vcvbor4yb')
2026-03-30T18:50:36Z WARNING bsky_collector_v2.job.index_feed_generators: listRecords failed repo=did:plc:d7rhr6gwxa2m7e45nmpre3vj err=HttpError('InvalidRequest: Could not find repo: did:plc:d7rhr6gwxa2m7e45nmpre3vj')
2026-03-30T18:50:37Z WARNING bsky_collector_v2.job.index_feed_generators: listRecords failed repo=did:plc:djbug53rm6o2zrkg7gijtg5s err=HttpError('InvalidRequest: Could not find repo: did:plc:djbug53rm6o2zrkg7gijtg5s')
2026-03-30T18:50:38Z WARNING bsky_collector_v2.job.index_feed_generators: listRecords failed repo=did:plc:dxjzgxe7cvirxkwfjr2tjspt err=HttpError('InvalidRequest: Could not find repo: did:plc:dxjzgxe7cvirxkwfjr2tjspt')
2026-03-30T18:50:39Z WARNING bsky_collector_v2.job.index_feed_generators: listRecords failed repo=did:plc:eooehg6eeejmlevfuzsgrhoh err=HttpError('InvalidRequest: Could not find repo: did:plc:eooehg6eeejmlevfuzsgrhoh')
2026-03-30T18:50:40Z WARNING bsky_collector_v2.job.index_feed_generators: listRecords failed repo=did:plc:eskqdfblmd2xos3q3aj24y7s err=HttpError('InvalidRequest: Could not find repo: did:plc:eskqdfblmd2xos3q3aj24y7s')
2026-03-30T18:50:51Z WARNING bsky_collector_v2.job.index_feed_generators: listRecords failed repo=did:plc:gxvw6suu7inuvnj3fzojjtkt err=HttpError('InvalidRequest: Could not find repo: did:plc:gxvw6suu7inuvnj3fzojjtkt')
2026-03-30T18:50:54Z WARNING bsky_collector_v2.job.index_feed_generators: listRecords failed repo=did:plc:hfaziow22v2unav3umpjc7mg err=HttpError('InvalidRequest: Could not find repo: did:plc:hfaziow22v2unav3umpjc7mg')
2026-03-30T18:50:54Z WARNING bsky_collector_v2.job.index_feed_generators: listRecords failed repo=did:plc:hg7lqobm6cznvbqwahucoe67 err=HttpError('InvalidRequest: Could not find repo: did:plc:hg7lqobm6cznvbqwahucoe67')
2026-03-30T18:50:55Z WARNING bsky_collector_v2.job.index_feed_generators: listRecords failed repo=did:plc:hjfik2ixjnv5ndfwuijqb23u err=HttpError('InvalidRequest: Could not find repo: did:plc:hjfik2ixjnv5ndfwuijqb23u')
2026-03-30T18:51:03Z WARNING bsky_collector_v2.job.index_feed_generators: listRecords failed repo=did:plc:jqbp5egqndbcdvd6vyk5tyqq err=HttpError('InvalidRequest: Could not find repo: did:plc:jqbp5egqndbcdvd6vyk5tyqq')
2026-03-30T18:51:03Z WARNING bsky_collector_v2.job.index_feed_generators: listRecords failed repo=did:plc:jtqcwzqxrk5tifhrfsvnmapt err=HttpError('InvalidRequest: Could not find repo: did:plc:jtqcwzqxrk5tifhrfsvnmapt')
2026-03-30T18:51:04Z WARNING bsky_collector_v2.job.index_feed_generators: listRecords failed repo=did:plc:jwqhtzvk4nqe3v5rod5bpnut err=HttpError('InvalidRequest: Could not find repo: did:plc:jwqhtzvk4nqe3v5rod5bpnut')
2026-03-30T18:51:09Z WARNING bsky_collector_v2.job.index_feed_generators: listRecords failed repo=did:plc:m6hok7vlccm3umcowyex44nq err=HttpError('InvalidRequest: Could not find repo: did:plc:m6hok7vlccm3umcowyex44nq')
2026-03-30T18:51:10Z WARNING bsky_collector_v2.job.index_feed_generators: listRecords failed repo=did:plc:mehewoe75w5s3l4zwwicyqbf err=HttpError('InvalidRequest: Could not find repo: did:plc:mehewoe75w5s3l4zwwicyqbf')
2026-03-30T18:51:10Z WARNING bsky_collector_v2.job.index_feed_generators: listRecords failed repo=did:plc:mlgfp27ucbf7c272u33ryklp err=HttpError('InvalidRequest: Could not find repo: did:plc:mlgfp27ucbf7c272u33ryklp')
2026-03-30T18:51:11Z WARNING bsky_collector_v2.job.index_feed_generators: listRecords failed repo=did:plc:mrvm2hcuf75da2refuefikkp err=HttpError('InvalidRequest: Could not find repo: did:plc:mrvm2hcuf75da2refuefikkp')
2026-03-30T18:51:14Z WARNING bsky_collector_v2.job.index_feed_generators: listRecords failed repo=did:plc:nkanrofjtjd7zxuokkrv3vq2 err=HttpError('InvalidRequest: Could not find repo: did:plc:nkanrofjtjd7zxuokkrv3vq2')
2026-03-30T18:51:20Z WARNING bsky_collector_v2.job.index_feed_generators: listRecords failed repo=did:plc:oel7lod5d6acrnpzovkgntq5 err=HttpError('InvalidRequest: Could not find repo: did:plc:oel7lod5d6acrnpzovkgntq5')
2026-03-30T18:51:29Z WARNING bsky_collector_v2.job.index_feed_generators: listRecords failed repo=did:plc:pvr5sjsuzwnxtd374tv35zu5 err=HttpError('InvalidRequest: Could not find repo: did:plc:pvr5sjsuzwnxtd374tv35zu5')
2026-03-30T18:51:38Z WARNING bsky_collector_v2.job.index_feed_generators: listRecords failed repo=did:plc:rpr2x3rangqrioc3uzqtqn6o err=HttpError('InvalidRequest: Could not find repo: did:plc:rpr2x3rangqrioc3uzqtqn6o')
2026-03-30T18:51:41Z WARNING bsky_collector_v2.job.index_feed_generators: listRecords failed repo=did:plc:tjsv62y5csiqj7fhgy65eyle err=HttpError('InvalidRequest: Could not find repo: did:plc:tjsv62y5csiqj7fhgy65eyle')
2026-03-30T18:51:42Z WARNING bsky_collector_v2.job.index_feed_generators: listRecords failed repo=did:plc:tlsquqjiopbdef57fj3x5afm err=HttpError('InvalidRequest: Could not find repo: did:plc:tlsquqjiopbdef57fj3x5afm')
2026-03-30T18:51:45Z WARNING bsky_collector_v2.job.index_feed_generators: listRecords failed repo=did:plc:unvheb5jkszdyuwhg4afr6gb err=HttpError('InvalidRequest: Could not find repo: did:plc:unvheb5jkszdyuwhg4afr6gb')
2026-03-30T18:51:45Z WARNING bsky_collector_v2.job.index_feed_generators: listRecords failed repo=did:plc:usvvhshbvflcfwrh4wwitfvc err=HttpError('InvalidRequest: Could not find repo: did:plc:usvvhshbvflcfwrh4wwitfvc')
2026-03-30T18:51:46Z WARNING bsky_collector_v2.job.index_feed_generators: listRecords failed repo=did:plc:uszbkh542wxwzineeibzvmci err=HttpError('InvalidRequest: Could not find repo: did:plc:uszbkh542wxwzineeibzvmci')
2026-03-30T18:51:46Z WARNING bsky_collector_v2.job.index_feed_generators: listRecords failed repo=did:plc:v4lkrqex7goqt22wie6zimzh err=HttpError('InvalidRequest: Could not find repo: did:plc:v4lkrqex7goqt22wie6zimzh')
2026-03-30T18:51:46Z WARNING bsky_collector_v2.job.index_feed_generators: listRecords failed repo=did:plc:vf4wzam7bgqpw5pojtx2m3yb err=HttpError('InvalidRequest: Could not find repo: did:plc:vf4wzam7bgqpw5pojtx2m3yb')
2026-03-30T18:51:48Z WARNING bsky_collector_v2.job.index_feed_generators: listRecords failed repo=did:plc:vmvbtf7x7a4iwhwxocwf2h46 err=HttpError('InvalidRequest: Could not find repo: did:plc:vmvbtf7x7a4iwhwxocwf2h46')
2026-03-30T18:51:54Z WARNING bsky_collector_v2.job.index_feed_generators: listRecords failed repo=did:plc:ye2d6hgd4g7pmp5r4lrx56bl err=HttpError('InvalidRequest: Could not find repo: did:plc:ye2d6hgd4g7pmp5r4lrx56bl')
2026-03-30T18:51:55Z WARNING bsky_collector_v2.job.index_feed_generators: listRecords failed repo=did:plc:yymewe4nifqp5lliutexco4n err=HttpError('InvalidRequest: Could not find repo: did:plc:yymewe4nifqp5lliutexco4n')
2026-03-30T18:51:56Z WARNING bsky_collector_v2.job.index_feed_generators: listRecords failed repo=did:plc:z4aoagjfn5avyo6qlbshj63w err=HttpError('InvalidRequest: Could not find repo: did:plc:z4aoagjfn5avyo6qlbshj63w')
2026-03-30T18:51:57Z WARNING bsky_collector_v2.job.index_feed_generators: listRecords failed repo=did:plc:ziaektg4w4zc5b645lhypxbu err=HttpError('InvalidRequest: Could not find repo: did:plc:ziaektg4w4zc5b645lhypxbu')
2026-03-30T18:51:58Z WARNING bsky_collector_v2.job.index_feed_generators: listRecords failed repo=did:plc:zt7gdpf7pvdgfvvxwaanfmgi err=HttpError('InvalidRequest: Could not find repo: did:plc:zt7gdpf7pvdgfvvxwaanfmgi')
2026-03-30T18:51:58Z WARNING bsky_collector_v2.job.index_feed_generators: listRecords failed repo=did:plc:zta3ggyuant5bjobox2qvl5z err=HttpError('InvalidRequest: Could not find repo: did:plc:zta3ggyuant5bjobox2qvl5z')
2026-03-30T18:51:58Z WARNING bsky_collector_v2.job.index_feed_generators: listRecords failed repo=did:plc:zvw5ofwfs7b4uzdjvi5n7nz7 err=HttpError('InvalidRequest: Could not find repo: did:plc:zvw5ofwfs7b4uzdjvi5n7nz7')
2026-03-30T18:51:59Z WARNING bsky_collector_v2.job.index_feed_generators: listRecords failed repo=did:plc:46akoorhitvsihk55oleaqmh err=HttpError('InvalidRequest: Could not find repo: did:plc:46akoorhitvsihk55oleaqmh')
2026-03-30T18:51:59Z WARNING bsky_collector_v2.job.index_feed_generators: listRecords failed repo=did:plc:4hfpprnihugpph2w2lpid4f4 err=HttpError('InvalidRequest: Could not find repo: did:plc:4hfpprnihugpph2w2lpid4f4')
2026-03-30T18:51:59Z WARNING bsky_collector_v2.job.index_feed_generators: listRecords failed repo=did:plc:4ysqfrlcodidbf3qgvzzd4v2 err=HttpError('InvalidRequest: Could not find repo: did:plc:4ysqfrlcodidbf3qgvzzd4v2')
2026-03-30T18:51:59Z WARNING bsky_collector_v2.job.index_feed_generators: listRecords failed repo=did:plc:57ozt52ikjs4xybeviicr4x7 err=HttpError('InvalidRequest: Could not find repo: did:plc:57ozt52ikjs4xybeviicr4x7')
2026-03-30T18:51:59Z WARNING bsky_collector_v2.job.index_feed_generators: listRecords failed repo=did:plc:5bh6ivmkrhmfzn3yiqzwbwk5 err=HttpError('InvalidRequest: Could not find repo: did:plc:5bh6ivmkrhmfzn3yiqzwbwk5')
2026-03-30T18:51:59Z WARNING bsky_collector_v2.job.index_feed_generators: listRecords failed repo=did:plc:5pnbf5m46zglinevpd37brm6 err=HttpError('InvalidRequest: Could not find repo: did:plc:5pnbf5m46zglinevpd37brm6')
2026-03-30T18:51:59Z WARNING bsky_collector_v2.job.index_feed_generators: listRecords failed repo=did:plc:5tys4o733afetk23i4d6iyja err=HttpError('InvalidRequest: Could not find repo: did:plc:5tys4o733afetk23i4d6iyja')
2026-03-30T18:51:59Z WARNING bsky_collector_v2.job.index_feed_generators: listRecords failed repo=did:plc:6ny4w75ixkcxsbaxoukztsv4 err=HttpError('InvalidRequest: Could not find repo: did:plc:6ny4w75ixkcxsbaxoukztsv4')
2026-03-30T18:51:59Z WARNING bsky_collector_v2.job.index_feed_generators: listRecords failed repo=did:plc:aaso7otzqja7unp4njbiwerd err=HttpError('InvalidRequest: Could not find repo: did:plc:aaso7otzqja7unp4njbiwerd')
2026-03-30T18:51:59Z WARNING bsky_collector_v2.job.index_feed_generators: listRecords failed repo=did:plc:am4pykzvp3hx2dhhagmv3xsg err=HttpError('InvalidRequest: Could not find repo: did:plc:am4pykzvp3hx2dhhagmv3xsg')
2026-03-30T18:51:59Z WARNING bsky_collector_v2.job.index_feed_generators: listRecords failed repo=did:plc:bzvhpxzokkfyrzzflbwfm3ff err=HttpError('InvalidRequest: Could not find repo: did:plc:bzvhpxzokkfyrzzflbwfm3ff')
2026-03-30T18:51:59Z WARNING bsky_collector_v2.job.index_feed_generators: listRecords failed repo=did:plc:d5fukpvr5u46ms4vcvbor4yb err=HttpError('InvalidRequest: Could not find repo: did:plc:d5fukpvr5u46ms4vcvbor4yb')
2026-03-30T18:51:59Z WARNING bsky_collector_v2.job.index_feed_generators: listRecords failed repo=did:plc:d7rhr6gwxa2m7e45nmpre3vj err=HttpError('InvalidRequest: Could not find repo: did:plc:d7rhr6gwxa2m7e45nmpre3vj')
2026-03-30T18:51:59Z WARNING bsky_collector_v2.job.index_feed_generators: listRecords failed repo=did:plc:djbug53rm6o2zrkg7gijtg5s err=HttpError('InvalidRequest: Could not find repo: did:plc:djbug53rm6o2zrkg7gijtg5s')
2026-03-30T18:51:59Z WARNING bsky_collector_v2.job.index_feed_generators: listRecords failed repo=did:plc:dxjzgxe7cvirxkwfjr2tjspt err=HttpError('InvalidRequest: Could not find repo: did:plc:dxjzgxe7cvirxkwfjr2tjspt')
2026-03-30T18:51:59Z WARNING bsky_collector_v2.job.index_feed_generators: listRecords failed repo=did:plc:eooehg6eeejmlevfuzsgrhoh err=HttpError('InvalidRequest: Could not find repo: did:plc:eooehg6eeejmlevfuzsgrhoh')
2026-03-30T18:51:59Z WARNING bsky_collector_v2.job.index_feed_generators: listRecords failed repo=did:plc:eskqdfblmd2xos3q3aj24y7s err=HttpError('InvalidRequest: Could not find repo: did:plc:eskqdfblmd2xos3q3aj24y7s')
2026-03-30T18:51:59Z WARNING bsky_collector_v2.job.index_feed_generators: listRecords failed repo=did:plc:gxvw6suu7inuvnj3fzojjtkt err=HttpError('InvalidRequest: Could not find repo: did:plc:gxvw6suu7inuvnj3fzojjtkt')
2026-03-30T18:52:00Z WARNING bsky_collector_v2.job.index_feed_generators: listRecords failed repo=did:plc:hfaziow22v2unav3umpjc7mg err=HttpError('InvalidRequest: Could not find repo: did:plc:hfaziow22v2unav3umpjc7mg')
2026-03-30T18:52:00Z WARNING bsky_collector_v2.job.index_feed_generators: listRecords failed repo=did:plc:hg7lqobm6cznvbqwahucoe67 err=HttpError('InvalidRequest: Could not find repo: did:plc:hg7lqobm6cznvbqwahucoe67')
2026-03-30T18:52:00Z WARNING bsky_collector_v2.job.index_feed_generators: listRecords failed repo=did:plc:hjfik2ixjnv5ndfwuijqb23u err=HttpError('InvalidRequest: Could not find repo: did:plc:hjfik2ixjnv5ndfwuijqb23u')
2026-03-30T18:52:00Z WARNING bsky_collector_v2.job.index_feed_generators: listRecords failed repo=did:plc:jqbp5egqndbcdvd6vyk5tyqq err=HttpError('InvalidRequest: Could not find repo: did:plc:jqbp5egqndbcdvd6vyk5tyqq')
2026-03-30T18:52:00Z WARNING bsky_collector_v2.job.index_feed_generators: listRecords failed repo=did:plc:jtqcwzqxrk5tifhrfsvnmapt err=HttpError('InvalidRequest: Could not find repo: did:plc:jtqcwzqxrk5tifhrfsvnmapt')
2026-03-30T18:52:00Z WARNING bsky_collector_v2.job.index_feed_generators: listRecords failed repo=did:plc:jwqhtzvk4nqe3v5rod5bpnut err=HttpError('InvalidRequest: Could not find repo: did:plc:jwqhtzvk4nqe3v5rod5bpnut')
2026-03-30T18:52:00Z WARNING bsky_collector_v2.job.index_feed_generators: listRecords failed repo=did:plc:m6hok7vlccm3umcowyex44nq err=HttpError('InvalidRequest: Could not find repo: did:plc:m6hok7vlccm3umcowyex44nq')
2026-03-30T18:52:00Z WARNING bsky_collector_v2.job.index_feed_generators: listRecords failed repo=did:plc:mehewoe75w5s3l4zwwicyqbf err=HttpError('InvalidRequest: Could not find repo: did:plc:mehewoe75w5s3l4zwwicyqbf')
2026-03-30T18:52:00Z WARNING bsky_collector_v2.job.index_feed_generators: listRecords failed repo=did:plc:mlgfp27ucbf7c272u33ryklp err=HttpError('InvalidRequest: Could not find repo: did:plc:mlgfp27ucbf7c272u33ryklp')
2026-03-30T18:52:00Z WARNING bsky_collector_v2.job.index_feed_generators: listRecords failed repo=did:plc:mrvm2hcuf75da2refuefikkp err=HttpError('InvalidRequest: Could not find repo: did:plc:mrvm2hcuf75da2refuefikkp')
2026-03-30T18:52:00Z WARNING bsky_collector_v2.job.index_feed_generators: listRecords failed repo=did:plc:nkanrofjtjd7zxuokkrv3vq2 err=HttpError('InvalidRequest: Could not find repo: did:plc:nkanrofjtjd7zxuokkrv3vq2')
2026-03-30T18:52:00Z WARNING bsky_collector_v2.job.index_feed_generators: listRecords failed repo=did:plc:oel7lod5d6acrnpzovkgntq5 err=HttpError('InvalidRequest: Could not find repo: did:plc:oel7lod5d6acrnpzovkgntq5')
2026-03-30T18:52:00Z WARNING bsky_collector_v2.job.index_feed_generators: listRecords failed repo=did:plc:pvr5sjsuzwnxtd374tv35zu5 err=HttpError('InvalidRequest: Could not find repo: did:plc:pvr5sjsuzwnxtd374tv35zu5')
2026-03-30T18:52:00Z WARNING bsky_collector_v2.job.index_feed_generators: listRecords failed repo=did:plc:rpr2x3rangqrioc3uzqtqn6o err=HttpError('InvalidRequest: Could not find repo: did:plc:rpr2x3rangqrioc3uzqtqn6o')
2026-03-30T18:52:00Z WARNING bsky_collector_v2.job.index_feed_generators: listRecords failed repo=did:plc:tjsv62y5csiqj7fhgy65eyle err=HttpError('InvalidRequest: Could not find repo: did:plc:tjsv62y5csiqj7fhgy65eyle')
2026-03-30T18:52:00Z WARNING bsky_collector_v2.job.index_feed_generators: listRecords failed repo=did:plc:tlsquqjiopbdef57fj3x5afm err=HttpError('InvalidRequest: Could not find repo: did:plc:tlsquqjiopbdef57fj3x5afm')
2026-03-30T18:52:00Z WARNING bsky_collector_v2.job.index_feed_generators: listRecords failed repo=did:plc:unvheb5jkszdyuwhg4afr6gb err=HttpError('InvalidRequest: Could not find repo: did:plc:unvheb5jkszdyuwhg4afr6gb')
2026-03-30T18:52:00Z WARNING bsky_collector_v2.job.index_feed_generators: listRecords failed repo=did:plc:usvvhshbvflcfwrh4wwitfvc err=HttpError('InvalidRequest: Could not find repo: did:plc:usvvhshbvflcfwrh4wwitfvc')
2026-03-30T18:52:01Z WARNING bsky_collector_v2.job.index_feed_generators: listRecords failed repo=did:plc:uszbkh542wxwzineeibzvmci err=HttpError('InvalidRequest: Could not find repo: did:plc:uszbkh542wxwzineeibzvmci')
2026-03-30T18:52:01Z WARNING bsky_collector_v2.job.index_feed_generators: listRecords failed repo=did:plc:v4lkrqex7goqt22wie6zimzh err=HttpError('InvalidRequest: Could not find repo: did:plc:v4lkrqex7goqt22wie6zimzh')
2026-03-30T18:52:01Z WARNING bsky_collector_v2.job.index_feed_generators: listRecords failed repo=did:plc:vf4wzam7bgqpw5pojtx2m3yb err=HttpError('InvalidRequest: Could not find repo: did:plc:vf4wzam7bgqpw5pojtx2m3yb')
2026-03-30T18:52:01Z WARNING bsky_collector_v2.job.index_feed_generators: listRecords failed repo=did:plc:vmvbtf7x7a4iwhwxocwf2h46 err=HttpError('InvalidRequest: Could not find repo: did:plc:vmvbtf7x7a4iwhwxocwf2h46')
2026-03-30T18:52:01Z WARNING bsky_collector_v2.job.index_feed_generators: listRecords failed repo=did:plc:ye2d6hgd4g7pmp5r4lrx56bl err=HttpError('InvalidRequest: Could not find repo: did:plc:ye2d6hgd4g7pmp5r4lrx56bl')
2026-03-30T18:52:01Z WARNING bsky_collector_v2.job.index_feed_generators: listRecords failed repo=did:plc:yymewe4nifqp5lliutexco4n err=HttpError('InvalidRequest: Could not find repo: did:plc:yymewe4nifqp5lliutexco4n')
2026-03-30T18:52:01Z WARNING bsky_collector_v2.job.index_feed_generators: listRecords failed repo=did:plc:z4aoagjfn5avyo6qlbshj63w err=HttpError('InvalidRequest: Could not find repo: did:plc:z4aoagjfn5avyo6qlbshj63w')
2026-03-30T18:52:01Z WARNING bsky_collector_v2.job.index_feed_generators: listRecords failed repo=did:plc:ziaektg4w4zc5b645lhypxbu err=HttpError('InvalidRequest: Could not find repo: did:plc:ziaektg4w4zc5b645lhypxbu')
2026-03-30T18:52:01Z WARNING bsky_collector_v2.job.index_feed_generators: listRecords failed repo=did:plc:zt7gdpf7pvdgfvvxwaanfmgi err=HttpError('InvalidRequest: Could not find repo: did:plc:zt7gdpf7pvdgfvvxwaanfmgi')
2026-03-30T18:52:01Z WARNING bsky_collector_v2.job.index_feed_generators: listRecords failed repo=did:plc:zta3ggyuant5bjobox2qvl5z err=HttpError('InvalidRequest: Could not find repo: did:plc:zta3ggyuant5bjobox2qvl5z')
2026-03-30T18:52:01Z WARNING bsky_collector_v2.job.index_feed_generators: listRecords failed repo=did:plc:zvw5ofwfs7b4uzdjvi5n7nz7 err=HttpError('InvalidRequest: Could not find repo: did:plc:zvw5ofwfs7b4uzdjvi5n7nz7')
2026-03-30T18:52:01Z WARNING bsky_collector_v2.job.index_feed_generators: listRecords failed repo=did:plc:46akoorhitvsihk55oleaqmh err=HttpError('InvalidRequest: Could not find repo: did:plc:46akoorhitvsihk55oleaqmh')
2026-03-30T18:52:01Z WARNING bsky_collector_v2.job.index_feed_generators: listRecords failed repo=did:plc:4hfpprnihugpph2w2lpid4f4 err=HttpError('InvalidRequest: Could not find repo: did:plc:4hfpprnihugpph2w2lpid4f4')
2026-03-30T18:52:01Z WARNING bsky_collector_v2.job.index_feed_generators: listRecords failed repo=did:plc:4ysqfrlcodidbf3qgvzzd4v2 err=HttpError('InvalidRequest: Could not find repo: did:plc:4ysqfrlcodidbf3qgvzzd4v2')
2026-03-30T18:52:01Z WARNING bsky_collector_v2.job.index_feed_generators: listRecords failed repo=did:plc:57ozt52ikjs4xybeviicr4x7 err=HttpError('InvalidRequest: Could not find repo: did:plc:57ozt52ikjs4xybeviicr4x7')
2026-03-30T18:52:01Z WARNING bsky_collector_v2.job.index_feed_generators: listRecords failed repo=did:plc:5bh6ivmkrhmfzn3yiqzwbwk5 err=HttpError('InvalidRequest: Could not find repo: did:plc:5bh6ivmkrhmfzn3yiqzwbwk5')
2026-03-30T18:52:01Z WARNING bsky_collector_v2.job.index_feed_generators: listRecords failed repo=did:plc:5pnbf5m46zglinevpd37brm6 err=HttpError('InvalidRequest: Could not find repo: did:plc:5pnbf5m46zglinevpd37brm6')
2026-03-30T18:52:01Z WARNING bsky_collector_v2.job.index_feed_generators: listRecords failed repo=did:plc:5tys4o733afetk23i4d6iyja err=HttpError('InvalidRequest: Could not find repo: did:plc:5tys4o733afetk23i4d6iyja')
2026-03-30T18:52:01Z WARNING bsky_collector_v2.job.index_feed_generators: listRecords failed repo=did:plc:6ny4w75ixkcxsbaxoukztsv4 err=HttpError('InvalidRequest: Could not find repo: did:plc:6ny4w75ixkcxsbaxoukztsv4')
2026-03-30T18:52:02Z WARNING bsky_collector_v2.job.index_feed_generators: listRecords failed repo=did:plc:aaso7otzqja7unp4njbiwerd err=HttpError('InvalidRequest: Could not find repo: did:plc:aaso7otzqja7unp4njbiwerd')
2026-03-30T18:52:02Z WARNING bsky_collector_v2.job.index_feed_generators: listRecords failed repo=did:plc:am4pykzvp3hx2dhhagmv3xsg err=HttpError('InvalidRequest: Could not find repo: did:plc:am4pykzvp3hx2dhhagmv3xsg')
2026-03-30T18:52:02Z WARNING bsky_collector_v2.job.index_feed_generators: listRecords failed repo=did:plc:bzvhpxzokkfyrzzflbwfm3ff err=HttpError('InvalidRequest: Could not find repo: did:plc:bzvhpxzokkfyrzzflbwfm3ff')
2026-03-30T18:52:02Z WARNING bsky_collector_v2.job.index_feed_generators: listRecords failed repo=did:plc:d5fukpvr5u46ms4vcvbor4yb err=HttpError('InvalidRequest: Could not find repo: did:plc:d5fukpvr5u46ms4vcvbor4yb')
2026-03-30T18:52:02Z WARNING bsky_collector_v2.job.index_feed_generators: listRecords failed repo=did:plc:d7rhr6gwxa2m7e45nmpre3vj err=HttpError('InvalidRequest: Could not find repo: did:plc:d7rhr6gwxa2m7e45nmpre3vj')
2026-03-30T18:52:02Z WARNING bsky_collector_v2.job.index_feed_generators: listRecords failed repo=did:plc:djbug53rm6o2zrkg7gijtg5s err=HttpError('InvalidRequest: Could not find repo: did:plc:djbug53rm6o2zrkg7gijtg5s')
2026-03-30T18:52:02Z WARNING bsky_collector_v2.job.index_feed_generators: listRecords failed repo=did:plc:dxjzgxe7cvirxkwfjr2tjspt err=HttpError('InvalidRequest: Could not find repo: did:plc:dxjzgxe7cvirxkwfjr2tjspt')
2026-03-30T18:52:02Z WARNING bsky_collector_v2.job.index_feed_generators: listRecords failed repo=did:plc:eooehg6eeejmlevfuzsgrhoh err=HttpError('InvalidRequest: Could not find repo: did:plc:eooehg6eeejmlevfuzsgrhoh')
2026-03-30T18:52:02Z WARNING bsky_collector_v2.job.index_feed_generators: listRecords failed repo=did:plc:eskqdfblmd2xos3q3aj24y7s err=HttpError('InvalidRequest: Could not find repo: did:plc:eskqdfblmd2xos3q3aj24y7s')
2026-03-30T18:52:02Z WARNING bsky_collector_v2.job.index_feed_generators: listRecords failed repo=did:plc:gxvw6suu7inuvnj3fzojjtkt err=HttpError('InvalidRequest: Could not find repo: did:plc:gxvw6suu7inuvnj3fzojjtkt')
2026-03-30T18:52:02Z WARNING bsky_collector_v2.job.index_feed_generators: listRecords failed repo=did:plc:hfaziow22v2unav3umpjc7mg err=HttpError('InvalidRequest: Could not find repo: did:plc:hfaziow22v2unav3umpjc7mg')
2026-03-30T18:52:02Z WARNING bsky_collector_v2.job.index_feed_generators: listRecords failed repo=did:plc:hg7lqobm6cznvbqwahucoe67 err=HttpError('InvalidRequest: Could not find repo: did:plc:hg7lqobm6cznvbqwahucoe67')
2026-03-30T18:52:02Z WARNING bsky_collector_v2.job.index_feed_generators: listRecords failed repo=did:plc:hjfik2ixjnv5ndfwuijqb23u err=HttpError('InvalidRequest: Could not find repo: did:plc:hjfik2ixjnv5ndfwuijqb23u')
2026-03-30T18:52:02Z WARNING bsky_collector_v2.job.index_feed_generators: listRecords failed repo=did:plc:jqbp5egqndbcdvd6vyk5tyqq err=HttpError('InvalidRequest: Could not find repo: did:plc:jqbp5egqndbcdvd6vyk5tyqq')
2026-03-30T18:52:02Z WARNING bsky_collector_v2.job.index_feed_generators: listRecords failed repo=did:plc:jtqcwzqxrk5tifhrfsvnmapt err=HttpError('InvalidRequest: Could not find repo: did:plc:jtqcwzqxrk5tifhrfsvnmapt')
2026-03-30T18:52:02Z WARNING bsky_collector_v2.job.index_feed_generators: listRecords failed repo=did:plc:jwqhtzvk4nqe3v5rod5bpnut err=HttpError('InvalidRequest: Could not find repo: did:plc:jwqhtzvk4nqe3v5rod5bpnut')
2026-03-30T18:52:02Z WARNING bsky_collector_v2.job.index_feed_generators: listRecords failed repo=did:plc:m6hok7vlccm3umcowyex44nq err=HttpError('InvalidRequest: Could not find repo: did:plc:m6hok7vlccm3umcowyex44nq')
2026-03-30T18:52:02Z WARNING bsky_collector_v2.job.index_feed_generators: listRecords failed repo=did:plc:mehewoe75w5s3l4zwwicyqbf err=HttpError('InvalidRequest: Could not find repo: did:plc:mehewoe75w5s3l4zwwicyqbf')
2026-03-30T18:52:03Z WARNING bsky_collector_v2.job.index_feed_generators: listRecords failed repo=did:plc:mlgfp27ucbf7c272u33ryklp err=HttpError('InvalidRequest: Could not find repo: did:plc:mlgfp27ucbf7c272u33ryklp')
2026-03-30T18:52:03Z WARNING bsky_collector_v2.job.index_feed_generators: listRecords failed repo=did:plc:mrvm2hcuf75da2refuefikkp err=HttpError('InvalidRequest: Could not find repo: did:plc:mrvm2hcuf75da2refuefikkp')
2026-03-30T18:52:03Z WARNING bsky_collector_v2.job.index_feed_generators: listRecords failed repo=did:plc:nkanrofjtjd7zxuokkrv3vq2 err=HttpError('InvalidRequest: Could not find repo: did:plc:nkanrofjtjd7zxuokkrv3vq2')
2026-03-30T18:52:03Z WARNING bsky_collector_v2.job.index_feed_generators: listRecords failed repo=did:plc:oel7lod5d6acrnpzovkgntq5 err=HttpError('InvalidRequest: Could not find repo: did:plc:oel7lod5d6acrnpzovkgntq5')
2026-03-30T18:52:03Z WARNING bsky_collector_v2.job.index_feed_generators: listRecords failed repo=did:plc:pvr5sjsuzwnxtd374tv35zu5 err=HttpError('InvalidRequest: Could not find repo: did:plc:pvr5sjsuzwnxtd374tv35zu5')
2026-03-30T18:52:03Z WARNING bsky_collector_v2.job.index_feed_generators: listRecords failed repo=did:plc:rpr2x3rangqrioc3uzqtqn6o err=HttpError('InvalidRequest: Could not find repo: did:plc:rpr2x3rangqrioc3uzqtqn6o')
2026-03-30T18:52:03Z WARNING bsky_collector_v2.job.index_feed_generators: listRecords failed repo=did:plc:tjsv62y5csiqj7fhgy65eyle err=HttpError('InvalidRequest: Could not find repo: did:plc:tjsv62y5csiqj7fhgy65eyle')
2026-03-30T18:52:03Z WARNING bsky_collector_v2.job.index_feed_generators: listRecords failed repo=did:plc:tlsquqjiopbdef57fj3x5afm err=HttpError('InvalidRequest: Could not find repo: did:plc:tlsquqjiopbdef57fj3x5afm')
2026-03-30T18:52:03Z WARNING bsky_collector_v2.job.index_feed_generators: listRecords failed repo=did:plc:unvheb5jkszdyuwhg4afr6gb err=HttpError('InvalidRequest: Could not find repo: did:plc:unvheb5jkszdyuwhg4afr6gb')
2026-03-30T18:52:03Z WARNING bsky_collector_v2.job.index_feed_generators: listRecords failed repo=did:plc:usvvhshbvflcfwrh4wwitfvc err=HttpError('InvalidRequest: Could not find repo: did:plc:usvvhshbvflcfwrh4wwitfvc')
2026-03-30T18:52:03Z WARNING bsky_collector_v2.job.index_feed_generators: listRecords failed repo=did:plc:uszbkh542wxwzineeibzvmci err=HttpError('InvalidRequest: Could not find repo: did:plc:uszbkh542wxwzineeibzvmci')
2026-03-30T18:52:03Z WARNING bsky_collector_v2.job.index_feed_generators: listRecords failed repo=did:plc:v4lkrqex7goqt22wie6zimzh err=HttpError('InvalidRequest: Could not find repo: did:plc:v4lkrqex7goqt22wie6zimzh')
2026-03-30T18:52:03Z WARNING bsky_collector_v2.job.index_feed_generators: listRecords failed repo=did:plc:vf4wzam7bgqpw5pojtx2m3yb err=HttpError('InvalidRequest: Could not find repo: did:plc:vf4wzam7bgqpw5pojtx2m3yb')
2026-03-30T18:52:03Z WARNING bsky_collector_v2.job.index_feed_generators: listRecords failed repo=did:plc:vmvbtf7x7a4iwhwxocwf2h46 err=HttpError('InvalidRequest: Could not find repo: did:plc:vmvbtf7x7a4iwhwxocwf2h46')
2026-03-30T18:52:03Z WARNING bsky_collector_v2.job.index_feed_generators: listRecords failed repo=did:plc:ye2d6hgd4g7pmp5r4lrx56bl err=HttpError('InvalidRequest: Could not find repo: did:plc:ye2d6hgd4g7pmp5r4lrx56bl')
2026-03-30T18:52:03Z WARNING bsky_collector_v2.job.index_feed_generators: listRecords failed repo=did:plc:yymewe4nifqp5lliutexco4n err=HttpError('InvalidRequest: Could not find repo: did:plc:yymewe4nifqp5lliutexco4n')
2026-03-30T18:52:03Z WARNING bsky_collector_v2.job.index_feed_generators: listRecords failed repo=did:plc:z4aoagjfn5avyo6qlbshj63w err=HttpError('InvalidRequest: Could not find repo: did:plc:z4aoagjfn5avyo6qlbshj63w')
2026-03-30T18:52:03Z WARNING bsky_collector_v2.job.index_feed_generators: listRecords failed repo=did:plc:ziaektg4w4zc5b645lhypxbu err=HttpError('InvalidRequest: Could not find repo: did:plc:ziaektg4w4zc5b645lhypxbu')
2026-03-30T18:52:04Z WARNING bsky_collector_v2.job.index_feed_generators: listRecords failed repo=did:plc:zt7gdpf7pvdgfvvxwaanfmgi err=HttpError('InvalidRequest: Could not find repo: did:plc:zt7gdpf7pvdgfvvxwaanfmgi')
2026-03-30T18:52:04Z WARNING bsky_collector_v2.job.index_feed_generators: listRecords failed repo=did:plc:zta3ggyuant5bjobox2qvl5z err=HttpError('InvalidRequest: Could not find repo: did:plc:zta3ggyuant5bjobox2qvl5z')
2026-03-30T18:52:04Z WARNING bsky_collector_v2.job.index_feed_generators: listRecords failed repo=did:plc:zvw5ofwfs7b4uzdjvi5n7nz7 err=HttpError('InvalidRequest: Could not find repo: did:plc:zvw5ofwfs7b4uzdjvi5n7nz7')
2026-03-30T18:52:04Z INFO bsky_collector_v2.job.index_feed_generators: enqueued repos page=17 mode=listRepos inserted=500 repos_returned=500 next_cursor=set
2026-03-30T18:52:07Z WARNING bsky_collector_v2.job.index_feed_generators: listRecords failed repo=did:plc:34so63zjrjx357zg3xrr7r4s err=HttpError('InvalidRequest: Could not find repo: did:plc:34so63zjrjx357zg3xrr7r4s')
2026-03-30T18:52:08Z WARNING bsky_collector_v2.job.index_feed_generators: listRecords failed repo=did:plc:3dgnkhh3xr3clsq5ypt75usi err=HttpError('InvalidRequest: Could not find repo: did:plc:3dgnkhh3xr3clsq5ypt75usi')
2026-03-30T18:52:08Z WARNING bsky_collector_v2.job.index_feed_generators: listRecords failed repo=did:plc:3kv25fdomtytscdjywk7s3ub err=HttpError('InvalidRequest: Could not find repo: did:plc:3kv25fdomtytscdjywk7s3ub')
2026-03-30T18:52:10Z WARNING bsky_collector_v2.job.index_feed_generators: listRecords failed repo=did:plc:47rmgwxbf6lsdif27yph4huf err=HttpError('InvalidRequest: Could not find repo: did:plc:47rmgwxbf6lsdif27yph4huf')
2026-03-30T18:52:12Z WARNING bsky_collector_v2.job.index_feed_generators: listRecords failed repo=did:plc:53bheirybpb43dskqqr6xnvt err=HttpError('InvalidRequest: Could not find repo: did:plc:53bheirybpb43dskqqr6xnvt')
2026-03-30T18:52:16Z WARNING bsky_collector_v2.job.index_feed_generators: listRecords failed repo=did:plc:6b2wisxwonw6uoqzb6r35lgs err=HttpError('InvalidRequest: Could not find repo: did:plc:6b2wisxwonw6uoqzb6r35lgs')
2026-03-30T18:52:17Z WARNING bsky_collector_v2.job.index_feed_generators: listRecords failed repo=did:plc:6n5gwqc2exlu5ac5i44l3xai err=HttpError('InvalidRequest: Could not find repo: did:plc:6n5gwqc2exlu5ac5i44l3xai')
2026-03-30T18:52:21Z WARNING bsky_collector_v2.job.index_feed_generators: listRecords failed repo=did:plc:7mg7gyk47a67qqrkltde3gvm err=HttpError('InvalidRequest: Could not find repo: did:plc:7mg7gyk47a67qqrkltde3gvm')
2026-03-30T18:52:21Z WARNING bsky_collector_v2.job.index_feed_generators: listRecords failed repo=did:plc:7nqmbaum3hzbn77ewfowvzrc err=HttpError('InvalidRequest: Could not find repo: did:plc:7nqmbaum3hzbn77ewfowvzrc')
2026-03-30T18:52:21Z WARNING bsky_collector_v2.job.index_feed_generators: listRecords failed repo=did:plc:7pqrobbcdo7zcyu53pilopha err=HttpError('InvalidRequest: Could not find repo: did:plc:7pqrobbcdo7zcyu53pilopha')
2026-03-30T18:52:22Z WARNING bsky_collector_v2.job.index_feed_generators: listRecords failed repo=did:plc:7zyvgnauikioc54xyngydzi5 err=HttpError('InvalidRequest: Could not find repo: did:plc:7zyvgnauikioc54xyngydzi5')
2026-03-30T18:52:22Z WARNING bsky_collector_v2.job.index_feed_generators: listRecords failed repo=did:plc:a7oqs3c63zosyotpxv2z2vym err=HttpError('InvalidRequest: Could not find repo: did:plc:a7oqs3c63zosyotpxv2z2vym')
2026-03-30T18:52:31Z WARNING bsky_collector_v2.job.index_feed_generators: listRecords failed repo=did:plc:dvihbwv37mgafg7yzhbsvdgf err=HttpError('InvalidRequest: Could not find repo: did:plc:dvihbwv37mgafg7yzhbsvdgf')
2026-03-30T18:52:32Z WARNING bsky_collector_v2.job.index_feed_generators: listRecords failed repo=did:plc:dxw2d6ziu4dqolje6n75gjm7 err=HttpError('InvalidRequest: Could not find repo: did:plc:dxw2d6ziu4dqolje6n75gjm7')
2026-03-30T18:52:43Z WARNING bsky_collector_v2.job.index_feed_generators: listRecords failed repo=did:plc:htyvbkhc5zrgc4tbsh4owdia err=HttpError('InvalidRequest: Could not find repo: did:plc:htyvbkhc5zrgc4tbsh4owdia')
2026-03-30T18:52:44Z WARNING bsky_collector_v2.job.index_feed_generators: listRecords failed repo=did:plc:i4guuxrsguvx4qihqt3w24jh err=HttpError('InvalidRequest: Could not find repo: did:plc:i4guuxrsguvx4qihqt3w24jh')
2026-03-30T18:52:45Z WARNING bsky_collector_v2.job.index_feed_generators: listRecords failed repo=did:plc:illrgs5iicrtu7wu6kxnyrdp err=HttpError('InvalidRequest: Could not find repo: did:plc:illrgs5iicrtu7wu6kxnyrdp')
2026-03-30T18:52:45Z WARNING bsky_collector_v2.job.index_feed_generators: listRecords failed repo=did:plc:ils4xgshgpresvgtw5i53d6x err=HttpError('InvalidRequest: Could not find repo: did:plc:ils4xgshgpresvgtw5i53d6x')
2026-03-30T18:52:45Z WARNING bsky_collector_v2.job.index_feed_generators: listRecords failed repo=did:plc:in7gdyy4ctosz2cppgud43ex err=HttpError('InvalidRequest: Could not find repo: did:plc:in7gdyy4ctosz2cppgud43ex')
2026-03-30T18:52:45Z WARNING bsky_collector_v2.job.index_feed_generators: listRecords failed repo=did:plc:iolcomlopkwnubimx5e3xufm err=HttpError('InvalidRequest: Could not find repo: did:plc:iolcomlopkwnubimx5e3xufm')
2026-03-30T18:52:46Z WARNING bsky_collector_v2.job.index_feed_generators: listRecords failed repo=did:plc:it7tkud6v43ioqkzsavj7ujo err=HttpError('InvalidRequest: Could not find repo: did:plc:it7tkud6v43ioqkzsavj7ujo')
2026-03-30T18:52:46Z WARNING bsky_collector_v2.job.index_feed_generators: listRecords failed repo=did:plc:iw2bkixo2duylgtgov44wtqv err=HttpError('InvalidRequest: Could not find repo: did:plc:iw2bkixo2duylgtgov44wtqv')
2026-03-30T18:52:46Z WARNING bsky_collector_v2.job.index_feed_generators: listRecords failed repo=did:plc:iz4asi5o2ton5d6srzchjzxg err=HttpError('InvalidRequest: Could not find repo: did:plc:iz4asi5o2ton5d6srzchjzxg')
2026-03-30T18:52:51Z WARNING bsky_collector_v2.job.index_feed_generators: listRecords failed repo=did:plc:ldrmhgj7q6h47pkrcnl52rcy err=HttpError('InvalidRequest: Could not find repo: did:plc:ldrmhgj7q6h47pkrcnl52rcy')
2026-03-30T18:52:52Z WARNING bsky_collector_v2.job.index_feed_generators: listRecords failed repo=did:plc:lmo2zy4b33xoqu6otwiqganl err=HttpError('InvalidRequest: Could not find repo: did:plc:lmo2zy4b33xoqu6otwiqganl')
2026-03-30T18:52:59Z WARNING bsky_collector_v2.job.index_feed_generators: listRecords failed repo=did:plc:ortw3n6sdy4zn5mkkjckninv err=HttpError('InvalidRequest: Could not find repo: did:plc:ortw3n6sdy4zn5mkkjckninv')
2026-03-30T18:53:06Z WARNING bsky_collector_v2.job.index_feed_generators: listRecords failed repo=did:plc:s47kwcewevlzem5o34dusdpp err=HttpError('InvalidRequest: Could not find repo: did:plc:s47kwcewevlzem5o34dusdpp')
2026-03-30T18:53:07Z WARNING bsky_collector_v2.job.index_feed_generators: listRecords failed repo=did:plc:srubj2to4idtjcpzwgh4qiw7 err=HttpError('InvalidRequest: Could not find repo: did:plc:srubj2to4idtjcpzwgh4qiw7')
2026-03-30T18:53:09Z WARNING bsky_collector_v2.job.index_feed_generators: listRecords failed repo=did:plc:t6l65uzszp6ich3ihgkqsil7 err=HttpError('InvalidRequest: Could not find repo: did:plc:t6l65uzszp6ich3ihgkqsil7')
2026-03-30T18:53:11Z WARNING bsky_collector_v2.job.index_feed_generators: listRecords failed repo=did:plc:ua6elgnlvmx7vgcncl6lzhlt err=HttpError('InvalidRequest: Could not find repo: did:plc:ua6elgnlvmx7vgcncl6lzhlt')
2026-03-30T18:53:14Z WARNING bsky_collector_v2.job.index_feed_generators: listRecords failed repo=did:plc:vig7eyv5rjpysfjtdl53asrm err=HttpError('InvalidRequest: Could not find repo: did:plc:vig7eyv5rjpysfjtdl53asrm')
2026-03-30T18:53:17Z WARNING bsky_collector_v2.job.index_feed_generators: listRecords failed repo=did:plc:w6a6afw4knvtfqlzeksinic6 err=HttpError('InvalidRequest: Could not find repo: did:plc:w6a6afw4knvtfqlzeksinic6')
2026-03-30T18:53:23Z WARNING bsky_collector_v2.job.index_feed_generators: listRecords failed repo=did:plc:x4oveuel22neoksp4xkwc3yd err=HttpError('InvalidRequest: Could not find repo: did:plc:x4oveuel22neoksp4xkwc3yd')
2026-03-30T18:53:23Z WARNING bsky_collector_v2.job.index_feed_generators: listRecords failed repo=did:plc:x57vmbhpaoob2jcikiukqzqn err=HttpError('InvalidRequest: Could not find repo: did:plc:x57vmbhpaoob2jcikiukqzqn')
2026-03-30T18:53:24Z WARNING bsky_collector_v2.job.index_feed_generators: listRecords failed repo=did:plc:x6xvhr3elupah5c5owgoqptn err=HttpError('InvalidRequest: Could not find repo: did:plc:x6xvhr3elupah5c5owgoqptn')
2026-03-30T18:53:25Z WARNING bsky_collector_v2.job.index_feed_generators: listRecords failed repo=did:plc:xjhact7nspucy6wbrzvaqk7w err=HttpError('InvalidRequest: Could not find repo: did:plc:xjhact7nspucy6wbrzvaqk7w')
2026-03-30T18:53:25Z WARNING bsky_collector_v2.job.index_feed_generators: listRecords failed repo=did:plc:xnt43wrltxb47vm26ileo6wn err=HttpError('InvalidRequest: Could not find repo: did:plc:xnt43wrltxb47vm26ileo6wn')
2026-03-30T18:53:26Z WARNING bsky_collector_v2.job.index_feed_generators: listRecords failed repo=did:plc:xvgwv7xcvb6z6f64wr23g65d err=HttpError('InvalidRequest: Could not find repo: did:plc:xvgwv7xcvb6z6f64wr23g65d')
2026-03-30T18:53:29Z WARNING bsky_collector_v2.job.index_feed_generators: listRecords failed repo=did:plc:yldwbs3lzxjkz5s6auljgb5l err=HttpError('InvalidRequest: Could not find repo: did:plc:yldwbs3lzxjkz5s6auljgb5l')
2026-03-30T18:53:31Z WARNING bsky_collector_v2.job.index_feed_generators: listRecords failed repo=did:plc:z246nd2z76o3fvt67jekvify err=HttpError('InvalidRequest: Could not find repo: did:plc:z246nd2z76o3fvt67jekvify')
2026-03-30T18:53:34Z INFO bsky_collector_v2.job.index_feed_generators: indexed repo=did:plc:zvgae6z2wqqdoslbvtj4bavz part=184 records=1 next_cursor=set
2026-03-30T18:53:35Z WARNING bsky_collector_v2.job.index_feed_generators: listRecords failed repo=did:plc:34so63zjrjx357zg3xrr7r4s err=HttpError('InvalidRequest: Could not find repo: did:plc:34so63zjrjx357zg3xrr7r4s')
2026-03-30T18:53:35Z WARNING bsky_collector_v2.job.index_feed_generators: listRecords failed repo=did:plc:3dgnkhh3xr3clsq5ypt75usi err=HttpError('InvalidRequest: Could not find repo: did:plc:3dgnkhh3xr3clsq5ypt75usi')
2026-03-30T18:53:35Z WARNING bsky_collector_v2.job.index_feed_generators: listRecords failed repo=did:plc:3kv25fdomtytscdjywk7s3ub err=HttpError('InvalidRequest: Could not find repo: did:plc:3kv25fdomtytscdjywk7s3ub')
2026-03-30T18:53:35Z WARNING bsky_collector_v2.job.index_feed_generators: listRecords failed repo=did:plc:47rmgwxbf6lsdif27yph4huf err=HttpError('InvalidRequest: Could not find repo: did:plc:47rmgwxbf6lsdif27yph4huf')
2026-03-30T18:53:35Z WARNING bsky_collector_v2.job.index_feed_generators: listRecords failed repo=did:plc:53bheirybpb43dskqqr6xnvt err=HttpError('InvalidRequest: Could not find repo: did:plc:53bheirybpb43dskqqr6xnvt')
2026-03-30T18:53:35Z WARNING bsky_collector_v2.job.index_feed_generators: listRecords failed repo=did:plc:6b2wisxwonw6uoqzb6r35lgs err=HttpError('InvalidRequest: Could not find repo: did:plc:6b2wisxwonw6uoqzb6r35lgs')
2026-03-30T18:53:35Z WARNING bsky_collector_v2.job.index_feed_generators: listRecords failed repo=did:plc:6n5gwqc2exlu5ac5i44l3xai err=HttpError('InvalidRequest: Could not find repo: did:plc:6n5gwqc2exlu5ac5i44l3xai')
2026-03-30T18:53:36Z WARNING bsky_collector_v2.job.index_feed_generators: listRecords failed repo=did:plc:7mg7gyk47a67qqrkltde3gvm err=HttpError('InvalidRequest: Could not find repo: did:plc:7mg7gyk47a67qqrkltde3gvm')
2026-03-30T18:53:36Z WARNING bsky_collector_v2.job.index_feed_generators: listRecords failed repo=did:plc:7nqmbaum3hzbn77ewfowvzrc err=HttpError('InvalidRequest: Could not find repo: did:plc:7nqmbaum3hzbn77ewfowvzrc')
2026-03-30T18:53:36Z WARNING bsky_collector_v2.job.index_feed_generators: listRecords failed repo=did:plc:7pqrobbcdo7zcyu53pilopha err=HttpError('InvalidRequest: Could not find repo: did:plc:7pqrobbcdo7zcyu53pilopha')
2026-03-30T18:53:36Z WARNING bsky_collector_v2.job.index_feed_generators: listRecords failed repo=did:plc:7zyvgnauikioc54xyngydzi5 err=HttpError('InvalidRequest: Could not find repo: did:plc:7zyvgnauikioc54xyngydzi5')
2026-03-30T18:53:36Z WARNING bsky_collector_v2.job.index_feed_generators: listRecords failed repo=did:plc:a7oqs3c63zosyotpxv2z2vym err=HttpError('InvalidRequest: Could not find repo: did:plc:a7oqs3c63zosyotpxv2z2vym')
2026-03-30T18:53:36Z WARNING bsky_collector_v2.job.index_feed_generators: listRecords failed repo=did:plc:dvihbwv37mgafg7yzhbsvdgf err=HttpError('InvalidRequest: Could not find repo: did:plc:dvihbwv37mgafg7yzhbsvdgf')
2026-03-30T18:53:36Z WARNING bsky_collector_v2.job.index_feed_generators: listRecords failed repo=did:plc:dxw2d6ziu4dqolje6n75gjm7 err=HttpError('InvalidRequest: Could not find repo: did:plc:dxw2d6ziu4dqolje6n75gjm7')
2026-03-30T18:53:36Z WARNING bsky_collector_v2.job.index_feed_generators: listRecords failed repo=did:plc:htyvbkhc5zrgc4tbsh4owdia err=HttpError('InvalidRequest: Could not find repo: did:plc:htyvbkhc5zrgc4tbsh4owdia')
2026-03-30T18:53:36Z WARNING bsky_collector_v2.job.index_feed_generators: listRecords failed repo=did:plc:i4guuxrsguvx4qihqt3w24jh err=HttpError('InvalidRequest: Could not find repo: did:plc:i4guuxrsguvx4qihqt3w24jh')
2026-03-30T18:53:36Z WARNING bsky_collector_v2.job.index_feed_generators: listRecords failed repo=did:plc:illrgs5iicrtu7wu6kxnyrdp err=HttpError('InvalidRequest: Could not find repo: did:plc:illrgs5iicrtu7wu6kxnyrdp')
2026-03-30T18:53:36Z WARNING bsky_collector_v2.job.index_feed_generators: listRecords failed repo=did:plc:ils4xgshgpresvgtw5i53d6x err=HttpError('InvalidRequest: Could not find repo: did:plc:ils4xgshgpresvgtw5i53d6x')
2026-03-30T18:53:37Z WARNING bsky_collector_v2.job.index_feed_generators: listRecords failed repo=did:plc:in7gdyy4ctosz2cppgud43ex err=HttpError('InvalidRequest: Could not find repo: did:plc:in7gdyy4ctosz2cppgud43ex')
2026-03-30T18:53:37Z WARNING bsky_collector_v2.job.index_feed_generators: listRecords failed repo=did:plc:iolcomlopkwnubimx5e3xufm err=HttpError('InvalidRequest: Could not find repo: did:plc:iolcomlopkwnubimx5e3xufm')
2026-03-30T18:53:37Z WARNING bsky_collector_v2.job.index_feed_generators: listRecords failed repo=did:plc:it7tkud6v43ioqkzsavj7ujo err=HttpError('InvalidRequest: Could not find repo: did:plc:it7tkud6v43ioqkzsavj7ujo')
2026-03-30T18:53:37Z WARNING bsky_collector_v2.job.index_feed_generators: listRecords failed repo=did:plc:iw2bkixo2duylgtgov44wtqv err=HttpError('InvalidRequest: Could not find repo: did:plc:iw2bkixo2duylgtgov44wtqv')
2026-03-30T18:53:37Z WARNING bsky_collector_v2.job.index_feed_generators: listRecords failed repo=did:plc:iz4asi5o2ton5d6srzchjzxg err=HttpError('InvalidRequest: Could not find repo: did:plc:iz4asi5o2ton5d6srzchjzxg')
2026-03-30T18:53:37Z WARNING bsky_collector_v2.job.index_feed_generators: listRecords failed repo=did:plc:ldrmhgj7q6h47pkrcnl52rcy err=HttpError('InvalidRequest: Could not find repo: did:plc:ldrmhgj7q6h47pkrcnl52rcy')
2026-03-30T18:53:37Z WARNING bsky_collector_v2.job.index_feed_generators: listRecords failed repo=did:plc:lmo2zy4b33xoqu6otwiqganl err=HttpError('InvalidRequest: Could not find repo: did:plc:lmo2zy4b33xoqu6otwiqganl')
2026-03-30T18:53:37Z WARNING bsky_collector_v2.job.index_feed_generators: listRecords failed repo=did:plc:ortw3n6sdy4zn5mkkjckninv err=HttpError('InvalidRequest: Could not find repo: did:plc:ortw3n6sdy4zn5mkkjckninv')
2026-03-30T18:53:37Z WARNING bsky_collector_v2.job.index_feed_generators: listRecords failed repo=did:plc:s47kwcewevlzem5o34dusdpp err=HttpError('InvalidRequest: Could not find repo: did:plc:s47kwcewevlzem5o34dusdpp')
2026-03-30T18:53:37Z WARNING bsky_collector_v2.job.index_feed_generators: listRecords failed repo=did:plc:srubj2to4idtjcpzwgh4qiw7 err=HttpError('InvalidRequest: Could not find repo: did:plc:srubj2to4idtjcpzwgh4qiw7')
2026-03-30T18:53:37Z WARNING bsky_collector_v2.job.index_feed_generators: listRecords failed repo=did:plc:t6l65uzszp6ich3ihgkqsil7 err=HttpError('InvalidRequest: Could not find repo: did:plc:t6l65uzszp6ich3ihgkqsil7')
2026-03-30T18:53:37Z WARNING bsky_collector_v2.job.index_feed_generators: listRecords failed repo=did:plc:ua6elgnlvmx7vgcncl6lzhlt err=HttpError('InvalidRequest: Could not find repo: did:plc:ua6elgnlvmx7vgcncl6lzhlt')
2026-03-30T18:53:38Z WARNING bsky_collector_v2.job.index_feed_generators: listRecords failed repo=did:plc:vig7eyv5rjpysfjtdl53asrm err=HttpError('InvalidRequest: Could not find repo: did:plc:vig7eyv5rjpysfjtdl53asrm')
2026-03-30T18:53:38Z WARNING bsky_collector_v2.job.index_feed_generators: listRecords failed repo=did:plc:w6a6afw4knvtfqlzeksinic6 err=HttpError('InvalidRequest: Could not find repo: did:plc:w6a6afw4knvtfqlzeksinic6')
2026-03-30T18:53:38Z WARNING bsky_collector_v2.job.index_feed_generators: listRecords failed repo=did:plc:x4oveuel22neoksp4xkwc3yd err=HttpError('InvalidRequest: Could not find repo: did:plc:x4oveuel22neoksp4xkwc3yd')
2026-03-30T18:53:38Z WARNING bsky_collector_v2.job.index_feed_generators: listRecords failed repo=did:plc:x57vmbhpaoob2jcikiukqzqn err=HttpError('InvalidRequest: Could not find repo: did:plc:x57vmbhpaoob2jcikiukqzqn')
2026-03-30T18:53:38Z WARNING bsky_collector_v2.job.index_feed_generators: listRecords failed repo=did:plc:x6xvhr3elupah5c5owgoqptn err=HttpError('InvalidRequest: Could not find repo: did:plc:x6xvhr3elupah5c5owgoqptn')
2026-03-30T18:53:38Z WARNING bsky_collector_v2.job.index_feed_generators: listRecords failed repo=did:plc:xjhact7nspucy6wbrzvaqk7w err=HttpError('InvalidRequest: Could not find repo: did:plc:xjhact7nspucy6wbrzvaqk7w')
2026-03-30T18:53:38Z WARNING bsky_collector_v2.job.index_feed_generators: listRecords failed repo=did:plc:xnt43wrltxb47vm26ileo6wn err=HttpError('InvalidRequest: Could not find repo: did:plc:xnt43wrltxb47vm26ileo6wn')
2026-03-30T18:53:38Z WARNING bsky_collector_v2.job.index_feed_generators: listRecords failed repo=did:plc:xvgwv7xcvb6z6f64wr23g65d err=HttpError('InvalidRequest: Could not find repo: did:plc:xvgwv7xcvb6z6f64wr23g65d')
2026-03-30T18:53:38Z WARNING bsky_collector_v2.job.index_feed_generators: listRecords failed repo=did:plc:yldwbs3lzxjkz5s6auljgb5l err=HttpError('InvalidRequest: Could not find repo: did:plc:yldwbs3lzxjkz5s6auljgb5l')
2026-03-30T18:53:38Z WARNING bsky_collector_v2.job.index_feed_generators: listRecords failed repo=did:plc:z246nd2z76o3fvt67jekvify err=HttpError('InvalidRequest: Could not find repo: did:plc:z246nd2z76o3fvt67jekvify')
2026-03-30T18:53:39Z WARNING bsky_collector_v2.job.index_feed_generators: listRecords failed repo=did:plc:34so63zjrjx357zg3xrr7r4s err=HttpError('InvalidRequest: Could not find repo: did:plc:34so63zjrjx357zg3xrr7r4s')
2026-03-30T18:53:39Z WARNING bsky_collector_v2.job.index_feed_generators: listRecords failed repo=did:plc:3dgnkhh3xr3clsq5ypt75usi err=HttpError('InvalidRequest: Could not find repo: did:plc:3dgnkhh3xr3clsq5ypt75usi')
2026-03-30T18:53:39Z WARNING bsky_collector_v2.job.index_feed_generators: listRecords failed repo=did:plc:3kv25fdomtytscdjywk7s3ub err=HttpError('InvalidRequest: Could not find repo: did:plc:3kv25fdomtytscdjywk7s3ub')
2026-03-30T18:53:39Z WARNING bsky_collector_v2.job.index_feed_generators: listRecords failed repo=did:plc:47rmgwxbf6lsdif27yph4huf err=HttpError('InvalidRequest: Could not find repo: did:plc:47rmgwxbf6lsdif27yph4huf')
2026-03-30T18:53:39Z WARNING bsky_collector_v2.job.index_feed_generators: listRecords failed repo=did:plc:53bheirybpb43dskqqr6xnvt err=HttpError('InvalidRequest: Could not find repo: did:plc:53bheirybpb43dskqqr6xnvt')
2026-03-30T18:53:39Z WARNING bsky_collector_v2.job.index_feed_generators: listRecords failed repo=did:plc:6b2wisxwonw6uoqzb6r35lgs err=HttpError('InvalidRequest: Could not find repo: did:plc:6b2wisxwonw6uoqzb6r35lgs')
2026-03-30T18:53:39Z WARNING bsky_collector_v2.job.index_feed_generators: listRecords failed repo=did:plc:6n5gwqc2exlu5ac5i44l3xai err=HttpError('InvalidRequest: Could not find repo: did:plc:6n5gwqc2exlu5ac5i44l3xai')
2026-03-30T18:53:39Z WARNING bsky_collector_v2.job.index_feed_generators: listRecords failed repo=did:plc:7mg7gyk47a67qqrkltde3gvm err=HttpError('InvalidRequest: Could not find repo: did:plc:7mg7gyk47a67qqrkltde3gvm')
2026-03-30T18:53:39Z WARNING bsky_collector_v2.job.index_feed_generators: listRecords failed repo=did:plc:7nqmbaum3hzbn77ewfowvzrc err=HttpError('InvalidRequest: Could not find repo: did:plc:7nqmbaum3hzbn77ewfowvzrc')
2026-03-30T18:53:40Z WARNING bsky_collector_v2.job.index_feed_generators: listRecords failed repo=did:plc:7pqrobbcdo7zcyu53pilopha err=HttpError('InvalidRequest: Could not find repo: did:plc:7pqrobbcdo7zcyu53pilopha')
2026-03-30T18:53:40Z WARNING bsky_collector_v2.job.index_feed_generators: listRecords failed repo=did:plc:7zyvgnauikioc54xyngydzi5 err=HttpError('InvalidRequest: Could not find repo: did:plc:7zyvgnauikioc54xyngydzi5')
2026-03-30T18:53:40Z WARNING bsky_collector_v2.job.index_feed_generators: listRecords failed repo=did:plc:a7oqs3c63zosyotpxv2z2vym err=HttpError('InvalidRequest: Could not find repo: did:plc:a7oqs3c63zosyotpxv2z2vym')
2026-03-30T18:53:40Z WARNING bsky_collector_v2.job.index_feed_generators: listRecords failed repo=did:plc:dvihbwv37mgafg7yzhbsvdgf err=HttpError('InvalidRequest: Could not find repo: did:plc:dvihbwv37mgafg7yzhbsvdgf')
2026-03-30T18:53:40Z WARNING bsky_collector_v2.job.index_feed_generators: listRecords failed repo=did:plc:dxw2d6ziu4dqolje6n75gjm7 err=HttpError('InvalidRequest: Could not find repo: did:plc:dxw2d6ziu4dqolje6n75gjm7')
2026-03-30T18:53:40Z WARNING bsky_collector_v2.job.index_feed_generators: listRecords failed repo=did:plc:htyvbkhc5zrgc4tbsh4owdia err=HttpError('InvalidRequest: Could not find repo: did:plc:htyvbkhc5zrgc4tbsh4owdia')
2026-03-30T18:53:40Z WARNING bsky_collector_v2.job.index_feed_generators: listRecords failed repo=did:plc:i4guuxrsguvx4qihqt3w24jh err=HttpError('InvalidRequest: Could not find repo: did:plc:i4guuxrsguvx4qihqt3w24jh')
2026-03-30T18:53:40Z WARNING bsky_collector_v2.job.index_feed_generators: listRecords failed repo=did:plc:illrgs5iicrtu7wu6kxnyrdp err=HttpError('InvalidRequest: Could not find repo: did:plc:illrgs5iicrtu7wu6kxnyrdp')
2026-03-30T18:53:40Z WARNING bsky_collector_v2.job.index_feed_generators: listRecords failed repo=did:plc:ils4xgshgpresvgtw5i53d6x err=HttpError('InvalidRequest: Could not find repo: did:plc:ils4xgshgpresvgtw5i53d6x')
2026-03-30T18:53:40Z WARNING bsky_collector_v2.job.index_feed_generators: listRecords failed repo=did:plc:in7gdyy4ctosz2cppgud43ex err=HttpError('InvalidRequest: Could not find repo: did:plc:in7gdyy4ctosz2cppgud43ex')
2026-03-30T18:53:40Z WARNING bsky_collector_v2.job.index_feed_generators: listRecords failed repo=did:plc:iolcomlopkwnubimx5e3xufm err=HttpError('InvalidRequest: Could not find repo: did:plc:iolcomlopkwnubimx5e3xufm')
2026-03-30T18:53:40Z WARNING bsky_collector_v2.job.index_feed_generators: listRecords failed repo=did:plc:it7tkud6v43ioqkzsavj7ujo err=HttpError('InvalidRequest: Could not find repo: did:plc:it7tkud6v43ioqkzsavj7ujo')
2026-03-30T18:53:40Z WARNING bsky_collector_v2.job.index_feed_generators: listRecords failed repo=did:plc:iw2bkixo2duylgtgov44wtqv err=HttpError('InvalidRequest: Could not find repo: did:plc:iw2bkixo2duylgtgov44wtqv')
2026-03-30T18:53:41Z WARNING bsky_collector_v2.job.index_feed_generators: listRecords failed repo=did:plc:iz4asi5o2ton5d6srzchjzxg err=HttpError('InvalidRequest: Could not find repo: did:plc:iz4asi5o2ton5d6srzchjzxg')
2026-03-30T18:53:41Z WARNING bsky_collector_v2.job.index_feed_generators: listRecords failed repo=did:plc:ldrmhgj7q6h47pkrcnl52rcy err=HttpError('InvalidRequest: Could not find repo: did:plc:ldrmhgj7q6h47pkrcnl52rcy')
2026-03-30T18:53:41Z WARNING bsky_collector_v2.job.index_feed_generators: listRecords failed repo=did:plc:lmo2zy4b33xoqu6otwiqganl err=HttpError('InvalidRequest: Could not find repo: did:plc:lmo2zy4b33xoqu6otwiqganl')
2026-03-30T18:53:41Z WARNING bsky_collector_v2.job.index_feed_generators: listRecords failed repo=did:plc:ortw3n6sdy4zn5mkkjckninv err=HttpError('InvalidRequest: Could not find repo: did:plc:ortw3n6sdy4zn5mkkjckninv')
2026-03-30T18:53:41Z WARNING bsky_collector_v2.job.index_feed_generators: listRecords failed repo=did:plc:s47kwcewevlzem5o34dusdpp err=HttpError('InvalidRequest: Could not find repo: did:plc:s47kwcewevlzem5o34dusdpp')
2026-03-30T18:53:41Z WARNING bsky_collector_v2.job.index_feed_generators: listRecords failed repo=did:plc:srubj2to4idtjcpzwgh4qiw7 err=HttpError('InvalidRequest: Could not find repo: did:plc:srubj2to4idtjcpzwgh4qiw7')
2026-03-30T18:53:41Z WARNING bsky_collector_v2.job.index_feed_generators: listRecords failed repo=did:plc:t6l65uzszp6ich3ihgkqsil7 err=HttpError('InvalidRequest: Could not find repo: did:plc:t6l65uzszp6ich3ihgkqsil7')
2026-03-30T18:53:41Z WARNING bsky_collector_v2.job.index_feed_generators: listRecords failed repo=did:plc:ua6elgnlvmx7vgcncl6lzhlt err=HttpError('InvalidRequest: Could not find repo: did:plc:ua6elgnlvmx7vgcncl6lzhlt')
2026-03-30T18:53:41Z WARNING bsky_collector_v2.job.index_feed_generators: listRecords failed repo=did:plc:vig7eyv5rjpysfjtdl53asrm err=HttpError('InvalidRequest: Could not find repo: did:plc:vig7eyv5rjpysfjtdl53asrm')
2026-03-30T18:53:41Z WARNING bsky_collector_v2.job.index_feed_generators: listRecords failed repo=did:plc:w6a6afw4knvtfqlzeksinic6 err=HttpError('InvalidRequest: Could not find repo: did:plc:w6a6afw4knvtfqlzeksinic6')
2026-03-30T18:53:41Z WARNING bsky_collector_v2.job.index_feed_generators: listRecords failed repo=did:plc:x4oveuel22neoksp4xkwc3yd err=HttpError('InvalidRequest: Could not find repo: did:plc:x4oveuel22neoksp4xkwc3yd')
2026-03-30T18:53:41Z WARNING bsky_collector_v2.job.index_feed_generators: listRecords failed repo=did:plc:x57vmbhpaoob2jcikiukqzqn err=HttpError('InvalidRequest: Could not find repo: did:plc:x57vmbhpaoob2jcikiukqzqn')
2026-03-30T18:53:41Z WARNING bsky_collector_v2.job.index_feed_generators: listRecords failed repo=did:plc:x6xvhr3elupah5c5owgoqptn err=HttpError('InvalidRequest: Could not find repo: did:plc:x6xvhr3elupah5c5owgoqptn')
2026-03-30T18:53:42Z WARNING bsky_collector_v2.job.index_feed_generators: listRecords failed repo=did:plc:xjhact7nspucy6wbrzvaqk7w err=HttpError('InvalidRequest: Could not find repo: did:plc:xjhact7nspucy6wbrzvaqk7w')
2026-03-30T18:53:42Z WARNING bsky_collector_v2.job.index_feed_generators: listRecords failed repo=did:plc:xnt43wrltxb47vm26ileo6wn err=HttpError('InvalidRequest: Could not find repo: did:plc:xnt43wrltxb47vm26ileo6wn')
2026-03-30T18:53:42Z WARNING bsky_collector_v2.job.index_feed_generators: listRecords failed repo=did:plc:xvgwv7xcvb6z6f64wr23g65d err=HttpError('InvalidRequest: Could not find repo: did:plc:xvgwv7xcvb6z6f64wr23g65d')
2026-03-30T18:53:42Z WARNING bsky_collector_v2.job.index_feed_generators: listRecords failed repo=did:plc:yldwbs3lzxjkz5s6auljgb5l err=HttpError('InvalidRequest: Could not find repo: did:plc:yldwbs3lzxjkz5s6auljgb5l')
2026-03-30T18:53:42Z WARNING bsky_collector_v2.job.index_feed_generators: listRecords failed repo=did:plc:z246nd2z76o3fvt67jekvify err=HttpError('InvalidRequest: Could not find repo: did:plc:z246nd2z76o3fvt67jekvify')
2026-03-30T18:53:43Z INFO bsky_collector_v2.job.index_feed_generators: enqueued repos page=18 mode=listRepos inserted=500 repos_returned=500 next_cursor=set
2026-03-30T18:53:43Z WARNING bsky_collector_v2.job.index_feed_generators: listRecords failed repo=did:plc:2chrabcyfefsai725kwdkqaf err=HttpError('InvalidRequest: Could not find repo: did:plc:2chrabcyfefsai725kwdkqaf')
2026-03-30T18:53:47Z WARNING bsky_collector_v2.job.index_feed_generators: listRecords failed repo=did:plc:362tmyjd7ivwv4q7ybvj2kxi err=HttpError('InvalidRequest: Could not find repo: did:plc:362tmyjd7ivwv4q7ybvj2kxi')
2026-03-30T18:53:47Z WARNING bsky_collector_v2.job.index_feed_generators: listRecords failed repo=did:plc:36fuehdrdmiztxluqkmex6dh err=HttpError('InvalidRequest: Could not find repo: did:plc:36fuehdrdmiztxluqkmex6dh')
2026-03-30T18:53:47Z WARNING bsky_collector_v2.job.index_feed_generators: listRecords failed repo=did:plc:36qld6a6qyuv4qxgckqpo2mr err=HttpError('InvalidRequest: Could not find repo: did:plc:36qld6a6qyuv4qxgckqpo2mr')
2026-03-30T18:53:49Z WARNING bsky_collector_v2.job.index_feed_generators: listRecords failed repo=did:plc:3ffjvg7xx24a2wou6ratkyfo err=HttpError('InvalidRequest: Could not find repo: did:plc:3ffjvg7xx24a2wou6ratkyfo')
2026-03-30T18:53:51Z WARNING bsky_collector_v2.job.index_feed_generators: listRecords failed repo=did:plc:44lmhdtgv43zowgjkthaj5m3 err=HttpError('InvalidRequest: Could not find repo: did:plc:44lmhdtgv43zowgjkthaj5m3')
2026-03-30T18:53:51Z WARNING bsky_collector_v2.job.index_feed_generators: listRecords failed repo=did:plc:46gib3vwc3qwmd2s77wh6tex err=HttpError('InvalidRequest: Could not find repo: did:plc:46gib3vwc3qwmd2s77wh6tex')
2026-03-30T18:53:52Z WARNING bsky_collector_v2.job.index_feed_generators: listRecords failed repo=did:plc:4anclc6cs5azdmc7vj5izwnn err=HttpError('InvalidRequest: Could not find repo: did:plc:4anclc6cs5azdmc7vj5izwnn')
2026-03-30T18:53:53Z WARNING bsky_collector_v2.job.index_feed_generators: listRecords failed repo=did:plc:4mau5fqfdnpfoadk6o6tghpo err=HttpError('InvalidRequest: Could not find repo: did:plc:4mau5fqfdnpfoadk6o6tghpo')
2026-03-30T18:53:54Z WARNING bsky_collector_v2.job.index_feed_generators: listRecords failed repo=did:plc:5cqrbh4siithceytm53rsium err=HttpError('InvalidRequest: Could not find repo: did:plc:5cqrbh4siithceytm53rsium')
2026-03-30T18:53:55Z WARNING bsky_collector_v2.job.index_feed_generators: listRecords failed repo=did:plc:5ijg2wtcfizd2b4hccjpisno err=HttpError('InvalidRequest: Could not find repo: did:plc:5ijg2wtcfizd2b4hccjpisno')
2026-03-30T18:53:56Z WARNING bsky_collector_v2.job.index_feed_generators: listRecords failed repo=did:plc:5wajkuwotpq26rzthsjrqgzt err=HttpError('InvalidRequest: Could not find repo: did:plc:5wajkuwotpq26rzthsjrqgzt')
2026-03-30T18:54:00Z WARNING bsky_collector_v2.job.index_feed_generators: listRecords failed repo=did:plc:7w52oaikm4jbcxnjdua4tc74 err=HttpError('InvalidRequest: Could not find repo: did:plc:7w52oaikm4jbcxnjdua4tc74')
2026-03-30T18:54:02Z WARNING bsky_collector_v2.job.index_feed_generators: listRecords failed repo=did:plc:ay74ehmj3q3dmal5taigkkeq err=HttpError('InvalidRequest: Could not find repo: did:plc:ay74ehmj3q3dmal5taigkkeq')
2026-03-30T18:54:03Z WARNING bsky_collector_v2.job.index_feed_generators: listRecords failed repo=did:plc:b7zpvb4lr2f6xpedaztkcwq2 err=HttpError('InvalidRequest: Could not find repo: did:plc:b7zpvb4lr2f6xpedaztkcwq2')
2026-03-30T18:54:04Z WARNING bsky_collector_v2.job.index_feed_generators: listRecords failed repo=did:plc:bog6r2pdxb6mylvrncvwuql6 err=HttpError('InvalidRequest: Could not find repo: did:plc:bog6r2pdxb6mylvrncvwuql6')
2026-03-30T18:54:07Z WARNING bsky_collector_v2.job.index_feed_generators: listRecords failed repo=did:plc:cvvr3b4rqgif55qvyiejgxt4 err=HttpError('InvalidRequest: Could not find repo: did:plc:cvvr3b4rqgif55qvyiejgxt4')
2026-03-30T18:54:09Z WARNING bsky_collector_v2.job.index_feed_generators: listRecords failed repo=did:plc:dcaa3p5r3y3j46miyembbbej err=HttpError('InvalidRequest: Could not find repo: did:plc:dcaa3p5r3y3j46miyembbbej')
2026-03-30T18:54:12Z WARNING bsky_collector_v2.job.index_feed_generators: listRecords failed repo=did:plc:e4cghypiy27upz7weoqs5j7w err=HttpError('InvalidRequest: Could not find repo: did:plc:e4cghypiy27upz7weoqs5j7w')
2026-03-30T18:54:12Z WARNING bsky_collector_v2.job.index_feed_generators: listRecords failed repo=did:plc:eihooy24b73gprwwpooadyw3 err=HttpError('InvalidRequest: Could not find repo: did:plc:eihooy24b73gprwwpooadyw3')
2026-03-30T18:54:13Z WARNING bsky_collector_v2.job.index_feed_generators: listRecords failed repo=did:plc:eubi3rxsqac5xpmnb6ako6mu err=HttpError('InvalidRequest: Could not find repo: did:plc:eubi3rxsqac5xpmnb6ako6mu')
2026-03-30T18:54:13Z WARNING bsky_collector_v2.job.index_feed_generators: listRecords failed repo=did:plc:evy5utzcpkpqei6kpr5ys7tw err=HttpError('InvalidRequest: Could not find repo: did:plc:evy5utzcpkpqei6kpr5ys7tw')
2026-03-30T18:54:14Z WARNING bsky_collector_v2.job.index_feed_generators: listRecords failed repo=did:plc:fenblhnx4vibdyweygy7cu3k err=HttpError('InvalidRequest: Could not find repo: did:plc:fenblhnx4vibdyweygy7cu3k')
2026-03-30T18:54:16Z WARNING bsky_collector_v2.job.index_feed_generators: listRecords failed repo=did:plc:frkr7wsztjizscjvjdaob6cq err=HttpError('InvalidRequest: Could not find repo: did:plc:frkr7wsztjizscjvjdaob6cq')
2026-03-30T18:54:17Z WARNING bsky_collector_v2.job.index_feed_generators: listRecords failed repo=did:plc:gcp6huw7m23gvzr2vwkq4bod err=HttpError('InvalidRequest: Could not find repo: did:plc:gcp6huw7m23gvzr2vwkq4bod')
2026-03-30T18:54:22Z WARNING bsky_collector_v2.job.index_feed_generators: listRecords failed repo=did:plc:hpa3o2krk74jog6g2ecwy7cu err=HttpError('InvalidRequest: Could not find repo: did:plc:hpa3o2krk74jog6g2ecwy7cu')
2026-03-30T18:54:25Z WARNING bsky_collector_v2.job.index_feed_generators: listRecords failed repo=did:plc:iihfgqbhlg5zi6cbtruaq3nq err=HttpError('InvalidRequest: Could not find repo: did:plc:iihfgqbhlg5zi6cbtruaq3nq')
2026-03-30T18:54:29Z WARNING bsky_collector_v2.job.index_feed_generators: listRecords failed repo=did:plc:jugw5bgdf7uhravus4wkmr63 err=HttpError('InvalidRequest: Could not find repo: did:plc:jugw5bgdf7uhravus4wkmr63')
2026-03-30T18:54:31Z WARNING bsky_collector_v2.job.index_feed_generators: listRecords failed repo=did:plc:kuhto5e574tnnehr5bhz67il err=HttpError('InvalidRequest: Could not find repo: did:plc:kuhto5e574tnnehr5bhz67il')
2026-03-30T18:54:32Z WARNING bsky_collector_v2.job.index_feed_generators: listRecords failed repo=did:plc:laeubwfkowio2i3sxshw5iju err=HttpError('InvalidRequest: Could not find repo: did:plc:laeubwfkowio2i3sxshw5iju')
2026-03-30T18:54:34Z WARNING bsky_collector_v2.job.index_feed_generators: listRecords failed repo=did:plc:ll27cmz754tjrlwa44luvwpb err=HttpError('InvalidRequest: Could not find repo: did:plc:ll27cmz754tjrlwa44luvwpb')
2026-03-30T18:54:35Z WARNING bsky_collector_v2.job.index_feed_generators: listRecords failed repo=did:plc:m623tgtwarfldish3l3acpnm err=HttpError('InvalidRequest: Could not find repo: did:plc:m623tgtwarfldish3l3acpnm')
2026-03-30T18:54:37Z WARNING bsky_collector_v2.job.index_feed_generators: listRecords failed repo=did:plc:ml4qsx5qki3snrq3vtg3oj5n err=HttpError('InvalidRequest: Could not find repo: did:plc:ml4qsx5qki3snrq3vtg3oj5n')
2026-03-30T18:54:38Z WARNING bsky_collector_v2.job.index_feed_generators: listRecords failed repo=did:plc:n74ck4uuug7wl256svy2l4fo err=HttpError('InvalidRequest: Could not find repo: did:plc:n74ck4uuug7wl256svy2l4fo')
2026-03-30T18:54:42Z WARNING bsky_collector_v2.job.index_feed_generators: listRecords failed repo=did:plc:obab7li2wfzb4vkweervymmk err=HttpError('InvalidRequest: Could not find repo: did:plc:obab7li2wfzb4vkweervymmk')
2026-03-30T18:54:43Z WARNING bsky_collector_v2.job.index_feed_generators: listRecords failed repo=did:plc:osr7h2h575uad2p763b2opqm err=HttpError('InvalidRequest: Could not find repo: did:plc:osr7h2h575uad2p763b2opqm')
2026-03-30T18:54:45Z WARNING bsky_collector_v2.job.index_feed_generators: listRecords failed repo=did:plc:prp6kv4hlh7zalyhtocx6hz7 err=HttpError('InvalidRequest: Could not find repo: did:plc:prp6kv4hlh7zalyhtocx6hz7')
2026-03-30T18:54:48Z WARNING bsky_collector_v2.job.index_feed_generators: listRecords failed repo=did:plc:r6p32oqrft2og7lceidbkacb err=HttpError('InvalidRequest: Could not find repo: did:plc:r6p32oqrft2og7lceidbkacb')
2026-03-30T18:54:48Z WARNING bsky_collector_v2.job.index_feed_generators: listRecords failed repo=did:plc:rff6rwdto7n3orhl6nyeyxsh err=HttpError('InvalidRequest: Could not find repo: did:plc:rff6rwdto7n3orhl6nyeyxsh')
2026-03-30T18:54:50Z WARNING bsky_collector_v2.job.index_feed_generators: listRecords failed repo=did:plc:s33vp5dnxzalww7hqycgpvyg err=HttpError('InvalidRequest: Could not find repo: did:plc:s33vp5dnxzalww7hqycgpvyg')
2026-03-30T18:54:50Z WARNING bsky_collector_v2.job.index_feed_generators: listRecords failed repo=did:plc:sflu5wojotcz3tlp7brjd7cn err=HttpError('InvalidRequest: Could not find repo: did:plc:sflu5wojotcz3tlp7brjd7cn')
2026-03-30T18:54:51Z WARNING bsky_collector_v2.job.index_feed_generators: listRecords failed repo=did:plc:sosy6e7j5e27bzogl3y7p6jl err=HttpError('InvalidRequest: Could not find repo: did:plc:sosy6e7j5e27bzogl3y7p6jl')
2026-03-30T18:54:53Z WARNING bsky_collector_v2.job.index_feed_generators: listRecords failed repo=did:plc:tlk74pum35rn667ezebb5cqo err=HttpError('InvalidRequest: Could not find repo: did:plc:tlk74pum35rn667ezebb5cqo')
2026-03-30T18:54:58Z WARNING bsky_collector_v2.job.index_feed_generators: listRecords failed repo=did:plc:v64plo4uqbd7ndzvaz7g5gva err=HttpError('InvalidRequest: Could not find repo: did:plc:v64plo4uqbd7ndzvaz7g5gva')
2026-03-30T18:55:00Z WARNING bsky_collector_v2.job.index_feed_generators: listRecords failed repo=did:plc:vx4egl7unjuw4lwgyb5o3qlo err=HttpError('InvalidRequest: Could not find repo: did:plc:vx4egl7unjuw4lwgyb5o3qlo')
2026-03-30T18:55:10Z WARNING bsky_collector_v2.job.index_feed_generators: listRecords failed repo=did:plc:2chrabcyfefsai725kwdkqaf err=HttpError('InvalidRequest: Could not find repo: did:plc:2chrabcyfefsai725kwdkqaf')
2026-03-30T18:55:10Z WARNING bsky_collector_v2.job.index_feed_generators: listRecords failed repo=did:plc:362tmyjd7ivwv4q7ybvj2kxi err=HttpError('InvalidRequest: Could not find repo: did:plc:362tmyjd7ivwv4q7ybvj2kxi')
2026-03-30T18:55:10Z WARNING bsky_collector_v2.job.index_feed_generators: listRecords failed repo=did:plc:36fuehdrdmiztxluqkmex6dh err=HttpError('InvalidRequest: Could not find repo: did:plc:36fuehdrdmiztxluqkmex6dh')
2026-03-30T18:55:10Z WARNING bsky_collector_v2.job.index_feed_generators: listRecords failed repo=did:plc:36qld6a6qyuv4qxgckqpo2mr err=HttpError('InvalidRequest: Could not find repo: did:plc:36qld6a6qyuv4qxgckqpo2mr')
2026-03-30T18:55:10Z WARNING bsky_collector_v2.job.index_feed_generators: listRecords failed repo=did:plc:3ffjvg7xx24a2wou6ratkyfo err=HttpError('InvalidRequest: Could not find repo: did:plc:3ffjvg7xx24a2wou6ratkyfo')
2026-03-30T18:55:10Z WARNING bsky_collector_v2.job.index_feed_generators: listRecords failed repo=did:plc:44lmhdtgv43zowgjkthaj5m3 err=HttpError('InvalidRequest: Could not find repo: did:plc:44lmhdtgv43zowgjkthaj5m3')
2026-03-30T18:55:10Z WARNING bsky_collector_v2.job.index_feed_generators: listRecords failed repo=did:plc:46gib3vwc3qwmd2s77wh6tex err=HttpError('InvalidRequest: Could not find repo: did:plc:46gib3vwc3qwmd2s77wh6tex')
2026-03-30T18:55:10Z WARNING bsky_collector_v2.job.index_feed_generators: listRecords failed repo=did:plc:4anclc6cs5azdmc7vj5izwnn err=HttpError('InvalidRequest: Could not find repo: did:plc:4anclc6cs5azdmc7vj5izwnn')
2026-03-30T18:55:10Z WARNING bsky_collector_v2.job.index_feed_generators: listRecords failed repo=did:plc:4mau5fqfdnpfoadk6o6tghpo err=HttpError('InvalidRequest: Could not find repo: did:plc:4mau5fqfdnpfoadk6o6tghpo')
2026-03-30T18:55:10Z WARNING bsky_collector_v2.job.index_feed_generators: listRecords failed repo=did:plc:5cqrbh4siithceytm53rsium err=HttpError('InvalidRequest: Could not find repo: did:plc:5cqrbh4siithceytm53rsium')
2026-03-30T18:55:10Z WARNING bsky_collector_v2.job.index_feed_generators: listRecords failed repo=did:plc:5ijg2wtcfizd2b4hccjpisno err=HttpError('InvalidRequest: Could not find repo: did:plc:5ijg2wtcfizd2b4hccjpisno')
2026-03-30T18:55:10Z WARNING bsky_collector_v2.job.index_feed_generators: listRecords failed repo=did:plc:5wajkuwotpq26rzthsjrqgzt err=HttpError('InvalidRequest: Could not find repo: did:plc:5wajkuwotpq26rzthsjrqgzt')
2026-03-30T18:55:10Z WARNING bsky_collector_v2.job.index_feed_generators: listRecords failed repo=did:plc:7w52oaikm4jbcxnjdua4tc74 err=HttpError('InvalidRequest: Could not find repo: did:plc:7w52oaikm4jbcxnjdua4tc74')
2026-03-30T18:55:10Z WARNING bsky_collector_v2.job.index_feed_generators: listRecords failed repo=did:plc:ay74ehmj3q3dmal5taigkkeq err=HttpError('InvalidRequest: Could not find repo: did:plc:ay74ehmj3q3dmal5taigkkeq')
2026-03-30T18:55:10Z WARNING bsky_collector_v2.job.index_feed_generators: listRecords failed repo=did:plc:b7zpvb4lr2f6xpedaztkcwq2 err=HttpError('InvalidRequest: Could not find repo: did:plc:b7zpvb4lr2f6xpedaztkcwq2')
2026-03-30T18:55:10Z WARNING bsky_collector_v2.job.index_feed_generators: listRecords failed repo=did:plc:bog6r2pdxb6mylvrncvwuql6 err=HttpError('InvalidRequest: Could not find repo: did:plc:bog6r2pdxb6mylvrncvwuql6')
2026-03-30T18:55:10Z WARNING bsky_collector_v2.job.index_feed_generators: listRecords failed repo=did:plc:cvvr3b4rqgif55qvyiejgxt4 err=HttpError('InvalidRequest: Could not find repo: did:plc:cvvr3b4rqgif55qvyiejgxt4')
2026-03-30T18:55:11Z WARNING bsky_collector_v2.job.index_feed_generators: listRecords failed repo=did:plc:dcaa3p5r3y3j46miyembbbej err=HttpError('InvalidRequest: Could not find repo: did:plc:dcaa3p5r3y3j46miyembbbej')
2026-03-30T18:55:11Z WARNING bsky_collector_v2.job.index_feed_generators: listRecords failed repo=did:plc:e4cghypiy27upz7weoqs5j7w err=HttpError('InvalidRequest: Could not find repo: did:plc:e4cghypiy27upz7weoqs5j7w')
2026-03-30T18:55:11Z WARNING bsky_collector_v2.job.index_feed_generators: listRecords failed repo=did:plc:eihooy24b73gprwwpooadyw3 err=HttpError('InvalidRequest: Could not find repo: did:plc:eihooy24b73gprwwpooadyw3')
2026-03-30T18:55:11Z WARNING bsky_collector_v2.job.index_feed_generators: listRecords failed repo=did:plc:eubi3rxsqac5xpmnb6ako6mu err=HttpError('InvalidRequest: Could not find repo: did:plc:eubi3rxsqac5xpmnb6ako6mu')
2026-03-30T18:55:11Z WARNING bsky_collector_v2.job.index_feed_generators: listRecords failed repo=did:plc:evy5utzcpkpqei6kpr5ys7tw err=HttpError('InvalidRequest: Could not find repo: did:plc:evy5utzcpkpqei6kpr5ys7tw')
2026-03-30T18:55:11Z WARNING bsky_collector_v2.job.index_feed_generators: listRecords failed repo=did:plc:fenblhnx4vibdyweygy7cu3k err=HttpError('InvalidRequest: Could not find repo: did:plc:fenblhnx4vibdyweygy7cu3k')
2026-03-30T18:55:11Z WARNING bsky_collector_v2.job.index_feed_generators: listRecords failed repo=did:plc:frkr7wsztjizscjvjdaob6cq err=HttpError('InvalidRequest: Could not find repo: did:plc:frkr7wsztjizscjvjdaob6cq')
2026-03-30T18:55:11Z WARNING bsky_collector_v2.job.index_feed_generators: listRecords failed repo=did:plc:gcp6huw7m23gvzr2vwkq4bod err=HttpError('InvalidRequest: Could not find repo: did:plc:gcp6huw7m23gvzr2vwkq4bod')
2026-03-30T18:55:11Z WARNING bsky_collector_v2.job.index_feed_generators: listRecords failed repo=did:plc:hpa3o2krk74jog6g2ecwy7cu err=HttpError('InvalidRequest: Could not find repo: did:plc:hpa3o2krk74jog6g2ecwy7cu')
2026-03-30T18:55:11Z WARNING bsky_collector_v2.job.index_feed_generators: listRecords failed repo=did:plc:iihfgqbhlg5zi6cbtruaq3nq err=HttpError('InvalidRequest: Could not find repo: did:plc:iihfgqbhlg5zi6cbtruaq3nq')
2026-03-30T18:55:11Z WARNING bsky_collector_v2.job.index_feed_generators: listRecords failed repo=did:plc:jugw5bgdf7uhravus4wkmr63 err=HttpError('InvalidRequest: Could not find repo: did:plc:jugw5bgdf7uhravus4wkmr63')
2026-03-30T18:55:11Z WARNING bsky_collector_v2.job.index_feed_generators: listRecords failed repo=did:plc:kuhto5e574tnnehr5bhz67il err=HttpError('InvalidRequest: Could not find repo: did:plc:kuhto5e574tnnehr5bhz67il')
2026-03-30T18:55:11Z WARNING bsky_collector_v2.job.index_feed_generators: listRecords failed repo=did:plc:laeubwfkowio2i3sxshw5iju err=HttpError('InvalidRequest: Could not find repo: did:plc:laeubwfkowio2i3sxshw5iju')
2026-03-30T18:55:11Z WARNING bsky_collector_v2.job.index_feed_generators: listRecords failed repo=did:plc:ll27cmz754tjrlwa44luvwpb err=HttpError('InvalidRequest: Could not find repo: did:plc:ll27cmz754tjrlwa44luvwpb')
2026-03-30T18:55:11Z WARNING bsky_collector_v2.job.index_feed_generators: listRecords failed repo=did:plc:m623tgtwarfldish3l3acpnm err=HttpError('InvalidRequest: Could not find repo: did:plc:m623tgtwarfldish3l3acpnm')
2026-03-30T18:55:11Z WARNING bsky_collector_v2.job.index_feed_generators: listRecords failed repo=did:plc:ml4qsx5qki3snrq3vtg3oj5n err=HttpError('InvalidRequest: Could not find repo: did:plc:ml4qsx5qki3snrq3vtg3oj5n')
2026-03-30T18:55:11Z WARNING bsky_collector_v2.job.index_feed_generators: listRecords failed repo=did:plc:n74ck4uuug7wl256svy2l4fo err=HttpError('InvalidRequest: Could not find repo: did:plc:n74ck4uuug7wl256svy2l4fo')
2026-03-30T18:55:11Z WARNING bsky_collector_v2.job.index_feed_generators: listRecords failed repo=did:plc:obab7li2wfzb4vkweervymmk err=HttpError('InvalidRequest: Could not find repo: did:plc:obab7li2wfzb4vkweervymmk')
2026-03-30T18:55:11Z WARNING bsky_collector_v2.job.index_feed_generators: listRecords failed repo=did:plc:osr7h2h575uad2p763b2opqm err=HttpError('InvalidRequest: Could not find repo: did:plc:osr7h2h575uad2p763b2opqm')
2026-03-30T18:55:11Z WARNING bsky_collector_v2.job.index_feed_generators: listRecords failed repo=did:plc:prp6kv4hlh7zalyhtocx6hz7 err=HttpError('InvalidRequest: Could not find repo: did:plc:prp6kv4hlh7zalyhtocx6hz7')
2026-03-30T18:55:12Z WARNING bsky_collector_v2.job.index_feed_generators: listRecords failed repo=did:plc:r6p32oqrft2og7lceidbkacb err=HttpError('InvalidRequest: Could not find repo: did:plc:r6p32oqrft2og7lceidbkacb')
2026-03-30T18:55:12Z WARNING bsky_collector_v2.job.index_feed_generators: listRecords failed repo=did:plc:rff6rwdto7n3orhl6nyeyxsh err=HttpError('InvalidRequest: Could not find repo: did:plc:rff6rwdto7n3orhl6nyeyxsh')
2026-03-30T18:55:12Z WARNING bsky_collector_v2.job.index_feed_generators: listRecords failed repo=did:plc:s33vp5dnxzalww7hqycgpvyg err=HttpError('InvalidRequest: Could not find repo: did:plc:s33vp5dnxzalww7hqycgpvyg')
2026-03-30T18:55:12Z WARNING bsky_collector_v2.job.index_feed_generators: listRecords failed repo=did:plc:sflu5wojotcz3tlp7brjd7cn err=HttpError('InvalidRequest: Could not find repo: did:plc:sflu5wojotcz3tlp7brjd7cn')
2026-03-30T18:55:12Z WARNING bsky_collector_v2.job.index_feed_generators: listRecords failed repo=did:plc:sosy6e7j5e27bzogl3y7p6jl err=HttpError('InvalidRequest: Could not find repo: did:plc:sosy6e7j5e27bzogl3y7p6jl')
2026-03-30T18:55:12Z WARNING bsky_collector_v2.job.index_feed_generators: listRecords failed repo=did:plc:tlk74pum35rn667ezebb5cqo err=HttpError('InvalidRequest: Could not find repo: did:plc:tlk74pum35rn667ezebb5cqo')
2026-03-30T18:55:12Z WARNING bsky_collector_v2.job.index_feed_generators: listRecords failed repo=did:plc:v64plo4uqbd7ndzvaz7g5gva err=HttpError('InvalidRequest: Could not find repo: did:plc:v64plo4uqbd7ndzvaz7g5gva')
2026-03-30T18:55:12Z WARNING bsky_collector_v2.job.index_feed_generators: listRecords failed repo=did:plc:vx4egl7unjuw4lwgyb5o3qlo err=HttpError('InvalidRequest: Could not find repo: did:plc:vx4egl7unjuw4lwgyb5o3qlo')
2026-03-30T18:55:12Z WARNING bsky_collector_v2.job.index_feed_generators: listRecords failed repo=did:plc:2chrabcyfefsai725kwdkqaf err=HttpError('InvalidRequest: Could not find repo: did:plc:2chrabcyfefsai725kwdkqaf')
2026-03-30T18:55:12Z WARNING bsky_collector_v2.job.index_feed_generators: listRecords failed repo=did:plc:362tmyjd7ivwv4q7ybvj2kxi err=HttpError('InvalidRequest: Could not find repo: did:plc:362tmyjd7ivwv4q7ybvj2kxi')
2026-03-30T18:55:12Z WARNING bsky_collector_v2.job.index_feed_generators: listRecords failed repo=did:plc:36fuehdrdmiztxluqkmex6dh err=HttpError('InvalidRequest: Could not find repo: did:plc:36fuehdrdmiztxluqkmex6dh')
2026-03-30T18:55:12Z WARNING bsky_collector_v2.job.index_feed_generators: listRecords failed repo=did:plc:36qld6a6qyuv4qxgckqpo2mr err=HttpError('InvalidRequest: Could not find repo: did:plc:36qld6a6qyuv4qxgckqpo2mr')
2026-03-30T18:55:12Z WARNING bsky_collector_v2.job.index_feed_generators: listRecords failed repo=did:plc:3ffjvg7xx24a2wou6ratkyfo err=HttpError('InvalidRequest: Could not find repo: did:plc:3ffjvg7xx24a2wou6ratkyfo')
2026-03-30T18:55:12Z WARNING bsky_collector_v2.job.index_feed_generators: listRecords failed repo=did:plc:44lmhdtgv43zowgjkthaj5m3 err=HttpError('InvalidRequest: Could not find repo: did:plc:44lmhdtgv43zowgjkthaj5m3')
2026-03-30T18:55:12Z WARNING bsky_collector_v2.job.index_feed_generators: listRecords failed repo=did:plc:46gib3vwc3qwmd2s77wh6tex err=HttpError('InvalidRequest: Could not find repo: did:plc:46gib3vwc3qwmd2s77wh6tex')
2026-03-30T18:55:12Z WARNING bsky_collector_v2.job.index_feed_generators: listRecords failed repo=did:plc:4anclc6cs5azdmc7vj5izwnn err=HttpError('InvalidRequest: Could not find repo: did:plc:4anclc6cs5azdmc7vj5izwnn')
2026-03-30T18:55:12Z WARNING bsky_collector_v2.job.index_feed_generators: listRecords failed repo=did:plc:4mau5fqfdnpfoadk6o6tghpo err=HttpError('InvalidRequest: Could not find repo: did:plc:4mau5fqfdnpfoadk6o6tghpo')
2026-03-30T18:55:13Z WARNING bsky_collector_v2.job.index_feed_generators: listRecords failed repo=did:plc:5cqrbh4siithceytm53rsium err=HttpError('InvalidRequest: Could not find repo: did:plc:5cqrbh4siithceytm53rsium')
2026-03-30T18:55:13Z WARNING bsky_collector_v2.job.index_feed_generators: listRecords failed repo=did:plc:5ijg2wtcfizd2b4hccjpisno err=HttpError('InvalidRequest: Could not find repo: did:plc:5ijg2wtcfizd2b4hccjpisno')
2026-03-30T18:55:13Z WARNING bsky_collector_v2.job.index_feed_generators: listRecords failed repo=did:plc:5wajkuwotpq26rzthsjrqgzt err=HttpError('InvalidRequest: Could not find repo: did:plc:5wajkuwotpq26rzthsjrqgzt')
2026-03-30T18:55:13Z WARNING bsky_collector_v2.job.index_feed_generators: listRecords failed repo=did:plc:7w52oaikm4jbcxnjdua4tc74 err=HttpError('InvalidRequest: Could not find repo: did:plc:7w52oaikm4jbcxnjdua4tc74')
2026-03-30T18:55:13Z WARNING bsky_collector_v2.job.index_feed_generators: listRecords failed repo=did:plc:ay74ehmj3q3dmal5taigkkeq err=HttpError('InvalidRequest: Could not find repo: did:plc:ay74ehmj3q3dmal5taigkkeq')
2026-03-30T18:55:13Z WARNING bsky_collector_v2.job.index_feed_generators: listRecords failed repo=did:plc:b7zpvb4lr2f6xpedaztkcwq2 err=HttpError('InvalidRequest: Could not find repo: did:plc:b7zpvb4lr2f6xpedaztkcwq2')
2026-03-30T18:55:13Z WARNING bsky_collector_v2.job.index_feed_generators: listRecords failed repo=did:plc:bog6r2pdxb6mylvrncvwuql6 err=HttpError('InvalidRequest: Could not find repo: did:plc:bog6r2pdxb6mylvrncvwuql6')
2026-03-30T18:55:13Z WARNING bsky_collector_v2.job.index_feed_generators: listRecords failed repo=did:plc:cvvr3b4rqgif55qvyiejgxt4 err=HttpError('InvalidRequest: Could not find repo: did:plc:cvvr3b4rqgif55qvyiejgxt4')
2026-03-30T18:55:13Z WARNING bsky_collector_v2.job.index_feed_generators: listRecords failed repo=did:plc:dcaa3p5r3y3j46miyembbbej err=HttpError('InvalidRequest: Could not find repo: did:plc:dcaa3p5r3y3j46miyembbbej')
2026-03-30T18:55:13Z WARNING bsky_collector_v2.job.index_feed_generators: listRecords failed repo=did:plc:e4cghypiy27upz7weoqs5j7w err=HttpError('InvalidRequest: Could not find repo: did:plc:e4cghypiy27upz7weoqs5j7w')
2026-03-30T18:55:13Z WARNING bsky_collector_v2.job.index_feed_generators: listRecords failed repo=did:plc:eihooy24b73gprwwpooadyw3 err=HttpError('InvalidRequest: Could not find repo: did:plc:eihooy24b73gprwwpooadyw3')
2026-03-30T18:55:13Z WARNING bsky_collector_v2.job.index_feed_generators: listRecords failed repo=did:plc:eubi3rxsqac5xpmnb6ako6mu err=HttpError('InvalidRequest: Could not find repo: did:plc:eubi3rxsqac5xpmnb6ako6mu')
2026-03-30T18:55:13Z WARNING bsky_collector_v2.job.index_feed_generators: listRecords failed repo=did:plc:evy5utzcpkpqei6kpr5ys7tw err=HttpError('InvalidRequest: Could not find repo: did:plc:evy5utzcpkpqei6kpr5ys7tw')
2026-03-30T18:55:13Z WARNING bsky_collector_v2.job.index_feed_generators: listRecords failed repo=did:plc:fenblhnx4vibdyweygy7cu3k err=HttpError('InvalidRequest: Could not find repo: did:plc:fenblhnx4vibdyweygy7cu3k')
2026-03-30T18:55:13Z WARNING bsky_collector_v2.job.index_feed_generators: listRecords failed repo=did:plc:frkr7wsztjizscjvjdaob6cq err=HttpError('InvalidRequest: Could not find repo: did:plc:frkr7wsztjizscjvjdaob6cq')
2026-03-30T18:55:13Z WARNING bsky_collector_v2.job.index_feed_generators: listRecords failed repo=did:plc:gcp6huw7m23gvzr2vwkq4bod err=HttpError('InvalidRequest: Could not find repo: did:plc:gcp6huw7m23gvzr2vwkq4bod')
2026-03-30T18:55:13Z WARNING bsky_collector_v2.job.index_feed_generators: listRecords failed repo=did:plc:hpa3o2krk74jog6g2ecwy7cu err=HttpError('InvalidRequest: Could not find repo: did:plc:hpa3o2krk74jog6g2ecwy7cu')
2026-03-30T18:55:13Z WARNING bsky_collector_v2.job.index_feed_generators: listRecords failed repo=did:plc:iihfgqbhlg5zi6cbtruaq3nq err=HttpError('InvalidRequest: Could not find repo: did:plc:iihfgqbhlg5zi6cbtruaq3nq')
2026-03-30T18:55:13Z WARNING bsky_collector_v2.job.index_feed_generators: listRecords failed repo=did:plc:jugw5bgdf7uhravus4wkmr63 err=HttpError('InvalidRequest: Could not find repo: did:plc:jugw5bgdf7uhravus4wkmr63')
2026-03-30T18:55:13Z WARNING bsky_collector_v2.job.index_feed_generators: listRecords failed repo=did:plc:kuhto5e574tnnehr5bhz67il err=HttpError('InvalidRequest: Could not find repo: did:plc:kuhto5e574tnnehr5bhz67il')
2026-03-30T18:55:14Z WARNING bsky_collector_v2.job.index_feed_generators: listRecords failed repo=did:plc:laeubwfkowio2i3sxshw5iju err=HttpError('InvalidRequest: Could not find repo: did:plc:laeubwfkowio2i3sxshw5iju')
2026-03-30T18:55:14Z WARNING bsky_collector_v2.job.index_feed_generators: listRecords failed repo=did:plc:ll27cmz754tjrlwa44luvwpb err=HttpError('InvalidRequest: Could not find repo: did:plc:ll27cmz754tjrlwa44luvwpb')
2026-03-30T18:55:14Z WARNING bsky_collector_v2.job.index_feed_generators: listRecords failed repo=did:plc:m623tgtwarfldish3l3acpnm err=HttpError('InvalidRequest: Could not find repo: did:plc:m623tgtwarfldish3l3acpnm')
2026-03-30T18:55:14Z WARNING bsky_collector_v2.job.index_feed_generators: listRecords failed repo=did:plc:ml4qsx5qki3snrq3vtg3oj5n err=HttpError('InvalidRequest: Could not find repo: did:plc:ml4qsx5qki3snrq3vtg3oj5n')
2026-03-30T18:55:14Z WARNING bsky_collector_v2.job.index_feed_generators: listRecords failed repo=did:plc:n74ck4uuug7wl256svy2l4fo err=HttpError('InvalidRequest: Could not find repo: did:plc:n74ck4uuug7wl256svy2l4fo')
2026-03-30T18:55:14Z WARNING bsky_collector_v2.job.index_feed_generators: listRecords failed repo=did:plc:obab7li2wfzb4vkweervymmk err=HttpError('InvalidRequest: Could not find repo: did:plc:obab7li2wfzb4vkweervymmk')
2026-03-30T18:55:14Z WARNING bsky_collector_v2.job.index_feed_generators: listRecords failed repo=did:plc:osr7h2h575uad2p763b2opqm err=HttpError('InvalidRequest: Could not find repo: did:plc:osr7h2h575uad2p763b2opqm')
2026-03-30T18:55:14Z WARNING bsky_collector_v2.job.index_feed_generators: listRecords failed repo=did:plc:prp6kv4hlh7zalyhtocx6hz7 err=HttpError('InvalidRequest: Could not find repo: did:plc:prp6kv4hlh7zalyhtocx6hz7')
2026-03-30T18:55:14Z WARNING bsky_collector_v2.job.index_feed_generators: listRecords failed repo=did:plc:r6p32oqrft2og7lceidbkacb err=HttpError('InvalidRequest: Could not find repo: did:plc:r6p32oqrft2og7lceidbkacb')
2026-03-30T18:55:14Z WARNING bsky_collector_v2.job.index_feed_generators: listRecords failed repo=did:plc:rff6rwdto7n3orhl6nyeyxsh err=HttpError('InvalidRequest: Could not find repo: did:plc:rff6rwdto7n3orhl6nyeyxsh')
2026-03-30T18:55:14Z WARNING bsky_collector_v2.job.index_feed_generators: listRecords failed repo=did:plc:s33vp5dnxzalww7hqycgpvyg err=HttpError('InvalidRequest: Could not find repo: did:plc:s33vp5dnxzalww7hqycgpvyg')
2026-03-30T18:55:14Z WARNING bsky_collector_v2.job.index_feed_generators: listRecords failed repo=did:plc:sflu5wojotcz3tlp7brjd7cn err=HttpError('InvalidRequest: Could not find repo: did:plc:sflu5wojotcz3tlp7brjd7cn')
2026-03-30T18:55:14Z WARNING bsky_collector_v2.job.index_feed_generators: listRecords failed repo=did:plc:sosy6e7j5e27bzogl3y7p6jl err=HttpError('InvalidRequest: Could not find repo: did:plc:sosy6e7j5e27bzogl3y7p6jl')
2026-03-30T18:55:14Z WARNING bsky_collector_v2.job.index_feed_generators: listRecords failed repo=did:plc:tlk74pum35rn667ezebb5cqo err=HttpError('InvalidRequest: Could not find repo: did:plc:tlk74pum35rn667ezebb5cqo')
2026-03-30T18:55:14Z WARNING bsky_collector_v2.job.index_feed_generators: listRecords failed repo=did:plc:v64plo4uqbd7ndzvaz7g5gva err=HttpError('InvalidRequest: Could not find repo: did:plc:v64plo4uqbd7ndzvaz7g5gva')
2026-03-30T18:55:14Z WARNING bsky_collector_v2.job.index_feed_generators: listRecords failed repo=did:plc:vx4egl7unjuw4lwgyb5o3qlo err=HttpError('InvalidRequest: Could not find repo: did:plc:vx4egl7unjuw4lwgyb5o3qlo')
2026-03-30T18:55:15Z INFO bsky_collector_v2.job.index_feed_generators: enqueued repos page=19 mode=listRepos inserted=500 repos_returned=500 next_cursor=set
2026-03-30T18:55:16Z WARNING bsky_collector_v2.job.index_feed_generators: listRecords failed repo=did:plc:2azmyouanoqld4lp5hi7tgek err=HttpError('InvalidRequest: Could not find repo: did:plc:2azmyouanoqld4lp5hi7tgek')
2026-03-30T18:55:17Z WARNING bsky_collector_v2.job.index_feed_generators: listRecords failed repo=did:plc:2hfngof3vb63pwv7rjo2sqaj err=HttpError('InvalidRequest: Could not find repo: did:plc:2hfngof3vb63pwv7rjo2sqaj')
2026-03-30T18:55:18Z WARNING bsky_collector_v2.job.index_feed_generators: listRecords failed repo=did:plc:2vn4fod2j27v57efejg6ptt4 err=HttpError('InvalidRequest: Could not find repo: did:plc:2vn4fod2j27v57efejg6ptt4')
2026-03-30T18:55:18Z WARNING bsky_collector_v2.job.index_feed_generators: listRecords failed repo=did:plc:2w3emdstfvs6s3yritpt75ja err=HttpError('InvalidRequest: Could not find repo: did:plc:2w3emdstfvs6s3yritpt75ja')
2026-03-30T18:55:21Z WARNING bsky_collector_v2.job.index_feed_generators: listRecords failed repo=did:plc:3pmhxpktg5jcecr7ct7mic4t err=HttpError('InvalidRequest: Could not find repo: did:plc:3pmhxpktg5jcecr7ct7mic4t')
2026-03-30T18:55:22Z WARNING bsky_collector_v2.job.index_feed_generators: listRecords failed repo=did:plc:3w66z4o2btexxftudqrrabi5 err=HttpError('InvalidRequest: Could not find repo: did:plc:3w66z4o2btexxftudqrrabi5')
2026-03-30T18:55:23Z WARNING bsky_collector_v2.job.index_feed_generators: listRecords failed repo=did:plc:4fehqui2im4vk2uyzn5j3tur err=HttpError('InvalidRequest: Could not find repo: did:plc:4fehqui2im4vk2uyzn5j3tur')
2026-03-30T18:55:23Z WARNING bsky_collector_v2.job.index_feed_generators: listRecords failed repo=did:plc:4pcyvl3ecywzxxt52bmiqmch err=HttpError('InvalidRequest: Could not find repo: did:plc:4pcyvl3ecywzxxt52bmiqmch')
2026-03-30T18:55:25Z WARNING bsky_collector_v2.job.index_feed_generators: listRecords failed repo=did:plc:5iqqtvrunsuoarzafnh5kknm err=HttpError('InvalidRequest: Could not find repo: did:plc:5iqqtvrunsuoarzafnh5kknm')
2026-03-30T18:55:26Z WARNING bsky_collector_v2.job.index_feed_generators: listRecords failed repo=did:plc:5ng7g4o4ehsxsiipvzb4ds3g err=HttpError('InvalidRequest: Could not find repo: did:plc:5ng7g4o4ehsxsiipvzb4ds3g')
2026-03-30T18:55:26Z WARNING bsky_collector_v2.job.index_feed_generators: listRecords failed repo=did:plc:5p7tisx64qxtqhsa2kxwjro7 err=HttpError('InvalidRequest: Could not find repo: did:plc:5p7tisx64qxtqhsa2kxwjro7')
2026-03-30T18:55:28Z WARNING bsky_collector_v2.job.index_feed_generators: listRecords failed repo=did:plc:6v7ij4qt6tky57egq6hjerun err=HttpError('InvalidRequest: Could not find repo: did:plc:6v7ij4qt6tky57egq6hjerun')
2026-03-30T18:55:29Z WARNING bsky_collector_v2.job.index_feed_generators: listRecords failed repo=did:plc:7mvzh732mn2ohwclatlwobir err=HttpError('InvalidRequest: Could not find repo: did:plc:7mvzh732mn2ohwclatlwobir')
2026-03-30T18:55:29Z WARNING bsky_collector_v2.job.index_feed_generators: listRecords failed repo=did:plc:7vcb2evjxmh5a466hevqq7xw err=HttpError('InvalidRequest: Could not find repo: did:plc:7vcb2evjxmh5a466hevqq7xw')
2026-03-30T18:55:30Z WARNING bsky_collector_v2.job.index_feed_generators: listRecords failed repo=did:plc:a7ctfv7ltxc7v3faug23dunk err=HttpError('InvalidRequest: Could not find repo: did:plc:a7ctfv7ltxc7v3faug23dunk')
2026-03-30T18:55:32Z WARNING bsky_collector_v2.job.index_feed_generators: listRecords failed repo=did:plc:anb75evqidgfcnvbz4zrspgy err=HttpError('InvalidRequest: Could not find repo: did:plc:anb75evqidgfcnvbz4zrspgy')
2026-03-30T18:55:32Z WARNING bsky_collector_v2.job.index_feed_generators: listRecords failed repo=did:plc:aya6inhmh5xnkclew2r43hcu err=HttpError('InvalidRequest: Could not find repo: did:plc:aya6inhmh5xnkclew2r43hcu')
2026-03-30T18:55:34Z WARNING bsky_collector_v2.job.index_feed_generators: listRecords failed repo=did:plc:boe265o2iyqkjxwlaopzyve7 err=HttpError('InvalidRequest: Could not find repo: did:plc:boe265o2iyqkjxwlaopzyve7')
2026-03-30T18:55:42Z WARNING bsky_collector_v2.job.index_feed_generators: listRecords failed repo=did:plc:clolrzjo7hu3vcp4da5uwxn7 err=HttpError('InvalidRequest: Could not find repo: did:plc:clolrzjo7hu3vcp4da5uwxn7')
2026-03-30T18:55:53Z WARNING bsky_collector_v2.job.index_feed_generators: listRecords failed repo=did:plc:dyyxn35kmscs66sglhf24cax err=HttpError('InvalidRequest: Could not find repo: did:plc:dyyxn35kmscs66sglhf24cax')
2026-03-30T18:55:56Z WARNING bsky_collector_v2.job.index_feed_generators: listRecords failed repo=did:plc:einbsc5kx5ljy6bfbtbksx64 err=HttpError('InvalidRequest: Could not find repo: did:plc:einbsc5kx5ljy6bfbtbksx64')
2026-03-30T18:55:57Z WARNING bsky_collector_v2.job.index_feed_generators: listRecords failed repo=did:plc:eoemgtppulpqnpafdgdvu27r err=HttpError('InvalidRequest: Could not find repo: did:plc:eoemgtppulpqnpafdgdvu27r')
2026-03-30T18:56:00Z WARNING bsky_collector_v2.job.index_feed_generators: listRecords failed repo=did:plc:fmey2r352xlgevdpmljrowl3 err=HttpError('InvalidRequest: Could not find repo: did:plc:fmey2r352xlgevdpmljrowl3')
2026-03-30T18:56:02Z WARNING bsky_collector_v2.job.index_feed_generators: listRecords failed repo=did:plc:ggkd4fl6vqkugz6dv6bsetg7 err=HttpError('InvalidRequest: Could not find repo: did:plc:ggkd4fl6vqkugz6dv6bsetg7')
2026-03-30T18:56:03Z WARNING bsky_collector_v2.job.index_feed_generators: listRecords failed repo=did:plc:gnvdbd3ynrixvacdoj6e62xy err=HttpError('InvalidRequest: Could not find repo: did:plc:gnvdbd3ynrixvacdoj6e62xy')
2026-03-30T18:56:04Z WARNING bsky_collector_v2.job.index_feed_generators: listRecords failed repo=did:plc:gsp7cronyzb7e5rmvl535nth err=HttpError('InvalidRequest: Could not find repo: did:plc:gsp7cronyzb7e5rmvl535nth')
2026-03-30T18:56:06Z WARNING bsky_collector_v2.job.index_feed_generators: listRecords failed repo=did:plc:h6aqq2wvcxks4y2l44erc6va err=HttpError('InvalidRequest: Could not find repo: did:plc:h6aqq2wvcxks4y2l44erc6va')
2026-03-30T18:56:06Z WARNING bsky_collector_v2.job.index_feed_generators: listRecords failed repo=did:plc:hknfa6oiczebbuggpg7ahr3j err=HttpError('InvalidRequest: Could not find repo: did:plc:hknfa6oiczebbuggpg7ahr3j')
2026-03-30T18:56:10Z WARNING bsky_collector_v2.job.index_feed_generators: listRecords failed repo=did:plc:j46q6uxxxb4p4so4ckdbzq4o err=HttpError('InvalidRequest: Could not find repo: did:plc:j46q6uxxxb4p4so4ckdbzq4o')
2026-03-30T18:56:13Z WARNING bsky_collector_v2.job.index_feed_generators: listRecords failed repo=did:plc:kfhjohpuzrpasu2s7x2hfpyc err=HttpError('InvalidRequest: Could not find repo: did:plc:kfhjohpuzrpasu2s7x2hfpyc')
2026-03-30T18:56:14Z WARNING bsky_collector_v2.job.index_feed_generators: listRecords failed repo=did:plc:kjzpmqetjnidsznyhsxh6a6d err=HttpError('InvalidRequest: Could not find repo: did:plc:kjzpmqetjnidsznyhsxh6a6d')
2026-03-30T18:56:16Z WARNING bsky_collector_v2.job.index_feed_generators: listRecords failed repo=did:plc:lcmzzcedtis47c7f5igjf4ix err=HttpError('InvalidRequest: Could not find repo: did:plc:lcmzzcedtis47c7f5igjf4ix')
2026-03-30T18:56:18Z WARNING bsky_collector_v2.job.index_feed_generators: listRecords failed repo=did:plc:lzusf5ckvyl66er5xnpluxpe err=HttpError('InvalidRequest: Could not find repo: did:plc:lzusf5ckvyl66er5xnpluxpe')
2026-03-30T18:56:23Z WARNING bsky_collector_v2.job.index_feed_generators: listRecords failed repo=did:plc:nt5vxxbggj75ft4ei26dji4o err=HttpError('InvalidRequest: Could not find repo: did:plc:nt5vxxbggj75ft4ei26dji4o')
2026-03-30T18:56:24Z WARNING bsky_collector_v2.job.index_feed_generators: listRecords failed repo=did:plc:o2y55b6eopdkid6vhe7akeh2 err=HttpError('InvalidRequest: Could not find repo: did:plc:o2y55b6eopdkid6vhe7akeh2')
2026-03-30T18:56:31Z WARNING bsky_collector_v2.job.index_feed_generators: listRecords failed repo=did:plc:qzn4h4xg7jxdvv6hf5bzwtgz err=HttpError('InvalidRequest: Could not find repo: did:plc:qzn4h4xg7jxdvv6hf5bzwtgz')
2026-03-30T18:56:32Z WARNING bsky_collector_v2.job.index_feed_generators: listRecords failed repo=did:plc:r7sndx2fpvcbjt7iybii2vyw err=HttpError('InvalidRequest: Could not find repo: did:plc:r7sndx2fpvcbjt7iybii2vyw')
2026-03-30T18:56:34Z WARNING bsky_collector_v2.job.index_feed_generators: listRecords failed repo=did:plc:rzd7ra3766gu5oed77gdj6uh err=HttpError('InvalidRequest: Could not find repo: did:plc:rzd7ra3766gu5oed77gdj6uh')
2026-03-30T18:56:37Z WARNING bsky_collector_v2.job.index_feed_generators: listRecords failed repo=did:plc:tpbxa5dpkhgji5orlfiqvgmv err=HttpError('InvalidRequest: Could not find repo: did:plc:tpbxa5dpkhgji5orlfiqvgmv')
2026-03-30T18:56:38Z WARNING bsky_collector_v2.job.index_feed_generators: listRecords failed repo=did:plc:ts5pnm3h467tght3c2pvnrs4 err=HttpError('InvalidRequest: Could not find repo: did:plc:ts5pnm3h467tght3c2pvnrs4')
2026-03-30T18:56:38Z WARNING bsky_collector_v2.job.index_feed_generators: listRecords failed repo=did:plc:ttr3bfnszh4wx2loaj3adxyc err=HttpError('InvalidRequest: Could not find repo: did:plc:ttr3bfnszh4wx2loaj3adxyc')
2026-03-30T18:56:39Z WARNING bsky_collector_v2.job.index_feed_generators: listRecords failed repo=did:plc:u5yyllkuvcfdvge3l4i7kqv2 err=HttpError('InvalidRequest: Could not find repo: did:plc:u5yyllkuvcfdvge3l4i7kqv2')
2026-03-30T18:56:39Z WARNING bsky_collector_v2.job.index_feed_generators: listRecords failed repo=did:plc:uaoc55hz2d4eortofuazoxy4 err=HttpError('InvalidRequest: Could not find repo: did:plc:uaoc55hz2d4eortofuazoxy4')
2026-03-30T18:56:39Z WARNING bsky_collector_v2.job.index_feed_generators: listRecords failed repo=did:plc:uhc57jtzt73rypakqln4masz err=HttpError('InvalidRequest: Could not find repo: did:plc:uhc57jtzt73rypakqln4masz')
2026-03-30T18:56:39Z WARNING bsky_collector_v2.job.index_feed_generators: listRecords failed repo=did:plc:uitoux3pemnnhtodhup4p6yr err=HttpError('InvalidRequest: Could not find repo: did:plc:uitoux3pemnnhtodhup4p6yr')
2026-03-30T18:56:42Z WARNING bsky_collector_v2.job.index_feed_generators: listRecords failed repo=did:plc:vnud5xbbs2rujlcwcmxn3w2o err=HttpError('InvalidRequest: Could not find repo: did:plc:vnud5xbbs2rujlcwcmxn3w2o')
2026-03-30T18:56:44Z WARNING bsky_collector_v2.job.index_feed_generators: listRecords failed repo=did:plc:wcn32xf2kr33pkrvvv7mjpvt err=HttpError('InvalidRequest: Could not find repo: did:plc:wcn32xf2kr33pkrvvv7mjpvt')
2026-03-30T18:56:48Z WARNING bsky_collector_v2.job.index_feed_generators: listRecords failed repo=did:plc:xhgw67iko7usvi3ges3kqi3t err=HttpError('InvalidRequest: Could not find repo: did:plc:xhgw67iko7usvi3ges3kqi3t')
2026-03-30T18:56:48Z WARNING bsky_collector_v2.job.index_feed_generators: listRecords failed repo=did:plc:xmqkmlwavcwpvtxd5n35tobq err=HttpError('InvalidRequest: Could not find repo: did:plc:xmqkmlwavcwpvtxd5n35tobq')
2026-03-30T18:56:55Z WARNING bsky_collector_v2.job.index_feed_generators: listRecords failed repo=did:plc:2azmyouanoqld4lp5hi7tgek err=HttpError('InvalidRequest: Could not find repo: did:plc:2azmyouanoqld4lp5hi7tgek')
2026-03-30T18:56:55Z WARNING bsky_collector_v2.job.index_feed_generators: listRecords failed repo=did:plc:2hfngof3vb63pwv7rjo2sqaj err=HttpError('InvalidRequest: Could not find repo: did:plc:2hfngof3vb63pwv7rjo2sqaj')
2026-03-30T18:56:55Z WARNING bsky_collector_v2.job.index_feed_generators: listRecords failed repo=did:plc:2vn4fod2j27v57efejg6ptt4 err=HttpError('InvalidRequest: Could not find repo: did:plc:2vn4fod2j27v57efejg6ptt4')
2026-03-30T18:56:55Z WARNING bsky_collector_v2.job.index_feed_generators: listRecords failed repo=did:plc:2w3emdstfvs6s3yritpt75ja err=HttpError('InvalidRequest: Could not find repo: did:plc:2w3emdstfvs6s3yritpt75ja')
2026-03-30T18:56:55Z WARNING bsky_collector_v2.job.index_feed_generators: listRecords failed repo=did:plc:3pmhxpktg5jcecr7ct7mic4t err=HttpError('InvalidRequest: Could not find repo: did:plc:3pmhxpktg5jcecr7ct7mic4t')
2026-03-30T18:56:56Z WARNING bsky_collector_v2.job.index_feed_generators: listRecords failed repo=did:plc:3w66z4o2btexxftudqrrabi5 err=HttpError('InvalidRequest: Could not find repo: did:plc:3w66z4o2btexxftudqrrabi5')
2026-03-30T18:56:56Z WARNING bsky_collector_v2.job.index_feed_generators: listRecords failed repo=did:plc:4fehqui2im4vk2uyzn5j3tur err=HttpError('InvalidRequest: Could not find repo: did:plc:4fehqui2im4vk2uyzn5j3tur')
2026-03-30T18:56:56Z WARNING bsky_collector_v2.job.index_feed_generators: listRecords failed repo=did:plc:4pcyvl3ecywzxxt52bmiqmch err=HttpError('InvalidRequest: Could not find repo: did:plc:4pcyvl3ecywzxxt52bmiqmch')
2026-03-30T18:56:56Z WARNING bsky_collector_v2.job.index_feed_generators: listRecords failed repo=did:plc:5iqqtvrunsuoarzafnh5kknm err=HttpError('InvalidRequest: Could not find repo: did:plc:5iqqtvrunsuoarzafnh5kknm')
2026-03-30T18:56:56Z WARNING bsky_collector_v2.job.index_feed_generators: listRecords failed repo=did:plc:5ng7g4o4ehsxsiipvzb4ds3g err=HttpError('InvalidRequest: Could not find repo: did:plc:5ng7g4o4ehsxsiipvzb4ds3g')
2026-03-30T18:56:56Z WARNING bsky_collector_v2.job.index_feed_generators: listRecords failed repo=did:plc:5p7tisx64qxtqhsa2kxwjro7 err=HttpError('InvalidRequest: Could not find repo: did:plc:5p7tisx64qxtqhsa2kxwjro7')
2026-03-30T18:56:56Z WARNING bsky_collector_v2.job.index_feed_generators: listRecords failed repo=did:plc:6v7ij4qt6tky57egq6hjerun err=HttpError('InvalidRequest: Could not find repo: did:plc:6v7ij4qt6tky57egq6hjerun')
2026-03-30T18:56:56Z WARNING bsky_collector_v2.job.index_feed_generators: listRecords failed repo=did:plc:7mvzh732mn2ohwclatlwobir err=HttpError('InvalidRequest: Could not find repo: did:plc:7mvzh732mn2ohwclatlwobir')
2026-03-30T18:56:56Z WARNING bsky_collector_v2.job.index_feed_generators: listRecords failed repo=did:plc:7vcb2evjxmh5a466hevqq7xw err=HttpError('InvalidRequest: Could not find repo: did:plc:7vcb2evjxmh5a466hevqq7xw')
2026-03-30T18:56:56Z WARNING bsky_collector_v2.job.index_feed_generators: listRecords failed repo=did:plc:a7ctfv7ltxc7v3faug23dunk err=HttpError('InvalidRequest: Could not find repo: did:plc:a7ctfv7ltxc7v3faug23dunk')
2026-03-30T18:56:56Z WARNING bsky_collector_v2.job.index_feed_generators: listRecords failed repo=did:plc:anb75evqidgfcnvbz4zrspgy err=HttpError('InvalidRequest: Could not find repo: did:plc:anb75evqidgfcnvbz4zrspgy')
2026-03-30T18:56:56Z WARNING bsky_collector_v2.job.index_feed_generators: listRecords failed repo=did:plc:aya6inhmh5xnkclew2r43hcu err=HttpError('InvalidRequest: Could not find repo: did:plc:aya6inhmh5xnkclew2r43hcu')
2026-03-30T18:56:56Z WARNING bsky_collector_v2.job.index_feed_generators: listRecords failed repo=did:plc:boe265o2iyqkjxwlaopzyve7 err=HttpError('InvalidRequest: Could not find repo: did:plc:boe265o2iyqkjxwlaopzyve7')
2026-03-30T18:56:56Z WARNING bsky_collector_v2.job.index_feed_generators: listRecords failed repo=did:plc:clolrzjo7hu3vcp4da5uwxn7 err=HttpError('InvalidRequest: Could not find repo: did:plc:clolrzjo7hu3vcp4da5uwxn7')
2026-03-30T18:56:56Z WARNING bsky_collector_v2.job.index_feed_generators: listRecords failed repo=did:plc:dyyxn35kmscs66sglhf24cax err=HttpError('InvalidRequest: Could not find repo: did:plc:dyyxn35kmscs66sglhf24cax')
2026-03-30T18:56:56Z WARNING bsky_collector_v2.job.index_feed_generators: listRecords failed repo=did:plc:einbsc5kx5ljy6bfbtbksx64 err=HttpError('InvalidRequest: Could not find repo: did:plc:einbsc5kx5ljy6bfbtbksx64')
2026-03-30T18:56:56Z WARNING bsky_collector_v2.job.index_feed_generators: listRecords failed repo=did:plc:eoemgtppulpqnpafdgdvu27r err=HttpError('InvalidRequest: Could not find repo: did:plc:eoemgtppulpqnpafdgdvu27r')
2026-03-30T18:56:56Z WARNING bsky_collector_v2.job.index_feed_generators: listRecords failed repo=did:plc:fmey2r352xlgevdpmljrowl3 err=HttpError('InvalidRequest: Could not find repo: did:plc:fmey2r352xlgevdpmljrowl3')
2026-03-30T18:56:56Z WARNING bsky_collector_v2.job.index_feed_generators: listRecords failed repo=did:plc:ggkd4fl6vqkugz6dv6bsetg7 err=HttpError('InvalidRequest: Could not find repo: did:plc:ggkd4fl6vqkugz6dv6bsetg7')
2026-03-30T18:56:57Z WARNING bsky_collector_v2.job.index_feed_generators: listRecords failed repo=did:plc:gnvdbd3ynrixvacdoj6e62xy err=HttpError('InvalidRequest: Could not find repo: did:plc:gnvdbd3ynrixvacdoj6e62xy')
2026-03-30T18:56:57Z WARNING bsky_collector_v2.job.index_feed_generators: listRecords failed repo=did:plc:gsp7cronyzb7e5rmvl535nth err=HttpError('InvalidRequest: Could not find repo: did:plc:gsp7cronyzb7e5rmvl535nth')
2026-03-30T18:56:57Z WARNING bsky_collector_v2.job.index_feed_generators: listRecords failed repo=did:plc:h6aqq2wvcxks4y2l44erc6va err=HttpError('InvalidRequest: Could not find repo: did:plc:h6aqq2wvcxks4y2l44erc6va')
2026-03-30T18:56:57Z WARNING bsky_collector_v2.job.index_feed_generators: listRecords failed repo=did:plc:hknfa6oiczebbuggpg7ahr3j err=HttpError('InvalidRequest: Could not find repo: did:plc:hknfa6oiczebbuggpg7ahr3j')
2026-03-30T18:56:57Z WARNING bsky_collector_v2.job.index_feed_generators: listRecords failed repo=did:plc:j46q6uxxxb4p4so4ckdbzq4o err=HttpError('InvalidRequest: Could not find repo: did:plc:j46q6uxxxb4p4so4ckdbzq4o')
2026-03-30T18:56:57Z WARNING bsky_collector_v2.job.index_feed_generators: listRecords failed repo=did:plc:kfhjohpuzrpasu2s7x2hfpyc err=HttpError('InvalidRequest: Could not find repo: did:plc:kfhjohpuzrpasu2s7x2hfpyc')
2026-03-30T18:56:57Z WARNING bsky_collector_v2.job.index_feed_generators: listRecords failed repo=did:plc:kjzpmqetjnidsznyhsxh6a6d err=HttpError('InvalidRequest: Could not find repo: did:plc:kjzpmqetjnidsznyhsxh6a6d')
2026-03-30T18:56:57Z WARNING bsky_collector_v2.job.index_feed_generators: listRecords failed repo=did:plc:lcmzzcedtis47c7f5igjf4ix err=HttpError('InvalidRequest: Could not find repo: did:plc:lcmzzcedtis47c7f5igjf4ix')
2026-03-30T18:56:57Z WARNING bsky_collector_v2.job.index_feed_generators: listRecords failed repo=did:plc:lzusf5ckvyl66er5xnpluxpe err=HttpError('InvalidRequest: Could not find repo: did:plc:lzusf5ckvyl66er5xnpluxpe')
2026-03-30T18:56:57Z WARNING bsky_collector_v2.job.index_feed_generators: listRecords failed repo=did:plc:nt5vxxbggj75ft4ei26dji4o err=HttpError('InvalidRequest: Could not find repo: did:plc:nt5vxxbggj75ft4ei26dji4o')
2026-03-30T18:56:57Z WARNING bsky_collector_v2.job.index_feed_generators: listRecords failed repo=did:plc:o2y55b6eopdkid6vhe7akeh2 err=HttpError('InvalidRequest: Could not find repo: did:plc:o2y55b6eopdkid6vhe7akeh2')
2026-03-30T18:56:57Z WARNING bsky_collector_v2.job.index_feed_generators: listRecords failed repo=did:plc:qzn4h4xg7jxdvv6hf5bzwtgz err=HttpError('InvalidRequest: Could not find repo: did:plc:qzn4h4xg7jxdvv6hf5bzwtgz')
2026-03-30T18:56:57Z WARNING bsky_collector_v2.job.index_feed_generators: listRecords failed repo=did:plc:r7sndx2fpvcbjt7iybii2vyw err=HttpError('InvalidRequest: Could not find repo: did:plc:r7sndx2fpvcbjt7iybii2vyw')
2026-03-30T18:56:57Z WARNING bsky_collector_v2.job.index_feed_generators: listRecords failed repo=did:plc:rzd7ra3766gu5oed77gdj6uh err=HttpError('InvalidRequest: Could not find repo: did:plc:rzd7ra3766gu5oed77gdj6uh')
2026-03-30T18:56:57Z WARNING bsky_collector_v2.job.index_feed_generators: listRecords failed repo=did:plc:tpbxa5dpkhgji5orlfiqvgmv err=HttpError('InvalidRequest: Could not find repo: did:plc:tpbxa5dpkhgji5orlfiqvgmv')
2026-03-30T18:56:57Z WARNING bsky_collector_v2.job.index_feed_generators: listRecords failed repo=did:plc:ts5pnm3h467tght3c2pvnrs4 err=HttpError('InvalidRequest: Could not find repo: did:plc:ts5pnm3h467tght3c2pvnrs4')
2026-03-30T18:56:57Z WARNING bsky_collector_v2.job.index_feed_generators: listRecords failed repo=did:plc:ttr3bfnszh4wx2loaj3adxyc err=HttpError('InvalidRequest: Could not find repo: did:plc:ttr3bfnszh4wx2loaj3adxyc')
2026-03-30T18:56:57Z WARNING bsky_collector_v2.job.index_feed_generators: listRecords failed repo=did:plc:u5yyllkuvcfdvge3l4i7kqv2 err=HttpError('InvalidRequest: Could not find repo: did:plc:u5yyllkuvcfdvge3l4i7kqv2')
2026-03-30T18:56:57Z WARNING bsky_collector_v2.job.index_feed_generators: listRecords failed repo=did:plc:uaoc55hz2d4eortofuazoxy4 err=HttpError('InvalidRequest: Could not find repo: did:plc:uaoc55hz2d4eortofuazoxy4')
2026-03-30T18:56:58Z WARNING bsky_collector_v2.job.index_feed_generators: listRecords failed repo=did:plc:uhc57jtzt73rypakqln4masz err=HttpError('InvalidRequest: Could not find repo: did:plc:uhc57jtzt73rypakqln4masz')
2026-03-30T18:56:58Z WARNING bsky_collector_v2.job.index_feed_generators: listRecords failed repo=did:plc:uitoux3pemnnhtodhup4p6yr err=HttpError('InvalidRequest: Could not find repo: did:plc:uitoux3pemnnhtodhup4p6yr')
2026-03-30T18:56:58Z WARNING bsky_collector_v2.job.index_feed_generators: listRecords failed repo=did:plc:vnud5xbbs2rujlcwcmxn3w2o err=HttpError('InvalidRequest: Could not find repo: did:plc:vnud5xbbs2rujlcwcmxn3w2o')
2026-03-30T18:56:58Z WARNING bsky_collector_v2.job.index_feed_generators: listRecords failed repo=did:plc:wcn32xf2kr33pkrvvv7mjpvt err=HttpError('InvalidRequest: Could not find repo: did:plc:wcn32xf2kr33pkrvvv7mjpvt')
2026-03-30T18:56:58Z WARNING bsky_collector_v2.job.index_feed_generators: listRecords failed repo=did:plc:xhgw67iko7usvi3ges3kqi3t err=HttpError('InvalidRequest: Could not find repo: did:plc:xhgw67iko7usvi3ges3kqi3t')
2026-03-30T18:56:58Z WARNING bsky_collector_v2.job.index_feed_generators: listRecords failed repo=did:plc:xmqkmlwavcwpvtxd5n35tobq err=HttpError('InvalidRequest: Could not find repo: did:plc:xmqkmlwavcwpvtxd5n35tobq')
2026-03-30T18:56:58Z WARNING bsky_collector_v2.job.index_feed_generators: listRecords failed repo=did:plc:2azmyouanoqld4lp5hi7tgek err=HttpError('InvalidRequest: Could not find repo: did:plc:2azmyouanoqld4lp5hi7tgek')
2026-03-30T18:56:58Z WARNING bsky_collector_v2.job.index_feed_generators: listRecords failed repo=did:plc:2hfngof3vb63pwv7rjo2sqaj err=HttpError('InvalidRequest: Could not find repo: did:plc:2hfngof3vb63pwv7rjo2sqaj')
2026-03-30T18:56:58Z WARNING bsky_collector_v2.job.index_feed_generators: listRecords failed repo=did:plc:2vn4fod2j27v57efejg6ptt4 err=HttpError('InvalidRequest: Could not find repo: did:plc:2vn4fod2j27v57efejg6ptt4')
2026-03-30T18:56:58Z WARNING bsky_collector_v2.job.index_feed_generators: listRecords failed repo=did:plc:2w3emdstfvs6s3yritpt75ja err=HttpError('InvalidRequest: Could not find repo: did:plc:2w3emdstfvs6s3yritpt75ja')
2026-03-30T18:56:58Z WARNING bsky_collector_v2.job.index_feed_generators: listRecords failed repo=did:plc:3pmhxpktg5jcecr7ct7mic4t err=HttpError('InvalidRequest: Could not find repo: did:plc:3pmhxpktg5jcecr7ct7mic4t')
2026-03-30T18:56:58Z WARNING bsky_collector_v2.job.index_feed_generators: listRecords failed repo=did:plc:3w66z4o2btexxftudqrrabi5 err=HttpError('InvalidRequest: Could not find repo: did:plc:3w66z4o2btexxftudqrrabi5')
2026-03-30T18:56:58Z WARNING bsky_collector_v2.job.index_feed_generators: listRecords failed repo=did:plc:4fehqui2im4vk2uyzn5j3tur err=HttpError('InvalidRequest: Could not find repo: did:plc:4fehqui2im4vk2uyzn5j3tur')
2026-03-30T18:56:58Z WARNING bsky_collector_v2.job.index_feed_generators: listRecords failed repo=did:plc:4pcyvl3ecywzxxt52bmiqmch err=HttpError('InvalidRequest: Could not find repo: did:plc:4pcyvl3ecywzxxt52bmiqmch')
2026-03-30T18:56:58Z WARNING bsky_collector_v2.job.index_feed_generators: listRecords failed repo=did:plc:5iqqtvrunsuoarzafnh5kknm err=HttpError('InvalidRequest: Could not find repo: did:plc:5iqqtvrunsuoarzafnh5kknm')
2026-03-30T18:56:58Z WARNING bsky_collector_v2.job.index_feed_generators: listRecords failed repo=did:plc:5ng7g4o4ehsxsiipvzb4ds3g err=HttpError('InvalidRequest: Could not find repo: did:plc:5ng7g4o4ehsxsiipvzb4ds3g')
2026-03-30T18:56:58Z WARNING bsky_collector_v2.job.index_feed_generators: listRecords failed repo=did:plc:5p7tisx64qxtqhsa2kxwjro7 err=HttpError('InvalidRequest: Could not find repo: did:plc:5p7tisx64qxtqhsa2kxwjro7')
2026-03-30T18:56:58Z WARNING bsky_collector_v2.job.index_feed_generators: listRecords failed repo=did:plc:6v7ij4qt6tky57egq6hjerun err=HttpError('InvalidRequest: Could not find repo: did:plc:6v7ij4qt6tky57egq6hjerun')
2026-03-30T18:56:58Z WARNING bsky_collector_v2.job.index_feed_generators: listRecords failed repo=did:plc:7mvzh732mn2ohwclatlwobir err=HttpError('InvalidRequest: Could not find repo: did:plc:7mvzh732mn2ohwclatlwobir')
2026-03-30T18:56:59Z WARNING bsky_collector_v2.job.index_feed_generators: listRecords failed repo=did:plc:7vcb2evjxmh5a466hevqq7xw err=HttpError('InvalidRequest: Could not find repo: did:plc:7vcb2evjxmh5a466hevqq7xw')
2026-03-30T18:56:59Z WARNING bsky_collector_v2.job.index_feed_generators: listRecords failed repo=did:plc:a7ctfv7ltxc7v3faug23dunk err=HttpError('InvalidRequest: Could not find repo: did:plc:a7ctfv7ltxc7v3faug23dunk')
2026-03-30T18:56:59Z WARNING bsky_collector_v2.job.index_feed_generators: listRecords failed repo=did:plc:anb75evqidgfcnvbz4zrspgy err=HttpError('InvalidRequest: Could not find repo: did:plc:anb75evqidgfcnvbz4zrspgy')
2026-03-30T18:56:59Z WARNING bsky_collector_v2.job.index_feed_generators: listRecords failed repo=did:plc:aya6inhmh5xnkclew2r43hcu err=HttpError('InvalidRequest: Could not find repo: did:plc:aya6inhmh5xnkclew2r43hcu')
2026-03-30T18:56:59Z WARNING bsky_collector_v2.job.index_feed_generators: listRecords failed repo=did:plc:boe265o2iyqkjxwlaopzyve7 err=HttpError('InvalidRequest: Could not find repo: did:plc:boe265o2iyqkjxwlaopzyve7')
2026-03-30T18:56:59Z WARNING bsky_collector_v2.job.index_feed_generators: listRecords failed repo=did:plc:clolrzjo7hu3vcp4da5uwxn7 err=HttpError('InvalidRequest: Could not find repo: did:plc:clolrzjo7hu3vcp4da5uwxn7')
2026-03-30T18:56:59Z WARNING bsky_collector_v2.job.index_feed_generators: listRecords failed repo=did:plc:dyyxn35kmscs66sglhf24cax err=HttpError('InvalidRequest: Could not find repo: did:plc:dyyxn35kmscs66sglhf24cax')
2026-03-30T18:56:59Z WARNING bsky_collector_v2.job.index_feed_generators: listRecords failed repo=did:plc:einbsc5kx5ljy6bfbtbksx64 err=HttpError('InvalidRequest: Could not find repo: did:plc:einbsc5kx5ljy6bfbtbksx64')
2026-03-30T18:56:59Z WARNING bsky_collector_v2.job.index_feed_generators: listRecords failed repo=did:plc:eoemgtppulpqnpafdgdvu27r err=HttpError('InvalidRequest: Could not find repo: did:plc:eoemgtppulpqnpafdgdvu27r')
2026-03-30T18:56:59Z WARNING bsky_collector_v2.job.index_feed_generators: listRecords failed repo=did:plc:fmey2r352xlgevdpmljrowl3 err=HttpError('InvalidRequest: Could not find repo: did:plc:fmey2r352xlgevdpmljrowl3')
2026-03-30T18:56:59Z WARNING bsky_collector_v2.job.index_feed_generators: listRecords failed repo=did:plc:ggkd4fl6vqkugz6dv6bsetg7 err=HttpError('InvalidRequest: Could not find repo: did:plc:ggkd4fl6vqkugz6dv6bsetg7')
2026-03-30T18:56:59Z WARNING bsky_collector_v2.job.index_feed_generators: listRecords failed repo=did:plc:gnvdbd3ynrixvacdoj6e62xy err=HttpError('InvalidRequest: Could not find repo: did:plc:gnvdbd3ynrixvacdoj6e62xy')
2026-03-30T18:56:59Z WARNING bsky_collector_v2.job.index_feed_generators: listRecords failed repo=did:plc:gsp7cronyzb7e5rmvl535nth err=HttpError('InvalidRequest: Could not find repo: did:plc:gsp7cronyzb7e5rmvl535nth')
2026-03-30T18:56:59Z WARNING bsky_collector_v2.job.index_feed_generators: listRecords failed repo=did:plc:h6aqq2wvcxks4y2l44erc6va err=HttpError('InvalidRequest: Could not find repo: did:plc:h6aqq2wvcxks4y2l44erc6va')
2026-03-30T18:56:59Z WARNING bsky_collector_v2.job.index_feed_generators: listRecords failed repo=did:plc:hknfa6oiczebbuggpg7ahr3j err=HttpError('InvalidRequest: Could not find repo: did:plc:hknfa6oiczebbuggpg7ahr3j')
2026-03-30T18:56:59Z WARNING bsky_collector_v2.job.index_feed_generators: listRecords failed repo=did:plc:j46q6uxxxb4p4so4ckdbzq4o err=HttpError('InvalidRequest: Could not find repo: did:plc:j46q6uxxxb4p4so4ckdbzq4o')
2026-03-30T18:56:59Z WARNING bsky_collector_v2.job.index_feed_generators: listRecords failed repo=did:plc:kfhjohpuzrpasu2s7x2hfpyc err=HttpError('InvalidRequest: Could not find repo: did:plc:kfhjohpuzrpasu2s7x2hfpyc')
2026-03-30T18:56:59Z WARNING bsky_collector_v2.job.index_feed_generators: listRecords failed repo=did:plc:kjzpmqetjnidsznyhsxh6a6d err=HttpError('InvalidRequest: Could not find repo: did:plc:kjzpmqetjnidsznyhsxh6a6d')
2026-03-30T18:56:59Z WARNING bsky_collector_v2.job.index_feed_generators: listRecords failed repo=did:plc:lcmzzcedtis47c7f5igjf4ix err=HttpError('InvalidRequest: Could not find repo: did:plc:lcmzzcedtis47c7f5igjf4ix')
2026-03-30T18:57:00Z WARNING bsky_collector_v2.job.index_feed_generators: listRecords failed repo=did:plc:lzusf5ckvyl66er5xnpluxpe err=HttpError('InvalidRequest: Could not find repo: did:plc:lzusf5ckvyl66er5xnpluxpe')
2026-03-30T18:57:00Z WARNING bsky_collector_v2.job.index_feed_generators: listRecords failed repo=did:plc:nt5vxxbggj75ft4ei26dji4o err=HttpError('InvalidRequest: Could not find repo: did:plc:nt5vxxbggj75ft4ei26dji4o')
2026-03-30T18:57:00Z WARNING bsky_collector_v2.job.index_feed_generators: listRecords failed repo=did:plc:o2y55b6eopdkid6vhe7akeh2 err=HttpError('InvalidRequest: Could not find repo: did:plc:o2y55b6eopdkid6vhe7akeh2')
2026-03-30T18:57:00Z WARNING bsky_collector_v2.job.index_feed_generators: listRecords failed repo=did:plc:qzn4h4xg7jxdvv6hf5bzwtgz err=HttpError('InvalidRequest: Could not find repo: did:plc:qzn4h4xg7jxdvv6hf5bzwtgz')
2026-03-30T18:57:00Z WARNING bsky_collector_v2.job.index_feed_generators: listRecords failed repo=did:plc:r7sndx2fpvcbjt7iybii2vyw err=HttpError('InvalidRequest: Could not find repo: did:plc:r7sndx2fpvcbjt7iybii2vyw')
2026-03-30T18:57:00Z WARNING bsky_collector_v2.job.index_feed_generators: listRecords failed repo=did:plc:rzd7ra3766gu5oed77gdj6uh err=HttpError('InvalidRequest: Could not find repo: did:plc:rzd7ra3766gu5oed77gdj6uh')
2026-03-30T18:57:00Z WARNING bsky_collector_v2.job.index_feed_generators: listRecords failed repo=did:plc:tpbxa5dpkhgji5orlfiqvgmv err=HttpError('InvalidRequest: Could not find repo: did:plc:tpbxa5dpkhgji5orlfiqvgmv')
2026-03-30T18:57:00Z WARNING bsky_collector_v2.job.index_feed_generators: listRecords failed repo=did:plc:ts5pnm3h467tght3c2pvnrs4 err=HttpError('InvalidRequest: Could not find repo: did:plc:ts5pnm3h467tght3c2pvnrs4')
2026-03-30T18:57:00Z WARNING bsky_collector_v2.job.index_feed_generators: listRecords failed repo=did:plc:ttr3bfnszh4wx2loaj3adxyc err=HttpError('InvalidRequest: Could not find repo: did:plc:ttr3bfnszh4wx2loaj3adxyc')
2026-03-30T18:57:00Z WARNING bsky_collector_v2.job.index_feed_generators: listRecords failed repo=did:plc:u5yyllkuvcfdvge3l4i7kqv2 err=HttpError('InvalidRequest: Could not find repo: did:plc:u5yyllkuvcfdvge3l4i7kqv2')
2026-03-30T18:57:00Z WARNING bsky_collector_v2.job.index_feed_generators: listRecords failed repo=did:plc:uaoc55hz2d4eortofuazoxy4 err=HttpError('InvalidRequest: Could not find repo: did:plc:uaoc55hz2d4eortofuazoxy4')
2026-03-30T18:57:00Z WARNING bsky_collector_v2.job.index_feed_generators: listRecords failed repo=did:plc:uhc57jtzt73rypakqln4masz err=HttpError('InvalidRequest: Could not find repo: did:plc:uhc57jtzt73rypakqln4masz')
2026-03-30T18:57:00Z WARNING bsky_collector_v2.job.index_feed_generators: listRecords failed repo=did:plc:uitoux3pemnnhtodhup4p6yr err=HttpError('InvalidRequest: Could not find repo: did:plc:uitoux3pemnnhtodhup4p6yr')
2026-03-30T18:57:00Z WARNING bsky_collector_v2.job.index_feed_generators: listRecords failed repo=did:plc:vnud5xbbs2rujlcwcmxn3w2o err=HttpError('InvalidRequest: Could not find repo: did:plc:vnud5xbbs2rujlcwcmxn3w2o')
2026-03-30T18:57:00Z WARNING bsky_collector_v2.job.index_feed_generators: listRecords failed repo=did:plc:wcn32xf2kr33pkrvvv7mjpvt err=HttpError('InvalidRequest: Could not find repo: did:plc:wcn32xf2kr33pkrvvv7mjpvt')
2026-03-30T18:57:00Z WARNING bsky_collector_v2.job.index_feed_generators: listRecords failed repo=did:plc:xhgw67iko7usvi3ges3kqi3t err=HttpError('InvalidRequest: Could not find repo: did:plc:xhgw67iko7usvi3ges3kqi3t')
2026-03-30T18:57:00Z WARNING bsky_collector_v2.job.index_feed_generators: listRecords failed repo=did:plc:xmqkmlwavcwpvtxd5n35tobq err=HttpError('InvalidRequest: Could not find repo: did:plc:xmqkmlwavcwpvtxd5n35tobq')
2026-03-30T18:57:01Z INFO bsky_collector_v2.job.index_feed_generators: enqueued repos page=20 mode=listRepos inserted=500 repos_returned=500 next_cursor=set
2026-03-30T18:57:02Z WARNING bsky_collector_v2.job.index_feed_generators: listRecords failed repo=did:plc:2hrwldw7sqsdqrrxchgznolb err=HttpError('InvalidRequest: Could not find repo: did:plc:2hrwldw7sqsdqrrxchgznolb')
2026-03-30T18:57:02Z WARNING bsky_collector_v2.job.index_feed_generators: listRecords failed repo=did:plc:2hvkh4yzcvno3iqtmbgyrqhi err=HttpError('InvalidRequest: Could not find repo: did:plc:2hvkh4yzcvno3iqtmbgyrqhi')
2026-03-30T18:57:02Z WARNING bsky_collector_v2.job.index_feed_generators: listRecords failed repo=did:plc:2iy43xrjz556ympodbo3rqak err=HttpError('InvalidRequest: Could not find repo: did:plc:2iy43xrjz556ympodbo3rqak')
2026-03-30T18:57:03Z WARNING bsky_collector_v2.job.index_feed_generators: listRecords failed repo=did:plc:2xzb6f6swcf4nuklun2gsui6 err=HttpError('InvalidRequest: Could not find repo: did:plc:2xzb6f6swcf4nuklun2gsui6')
2026-03-30T18:57:12Z WARNING bsky_collector_v2.job.index_feed_generators: listRecords failed repo=did:plc:5ewvms5a3nwwe5peucedrseb err=HttpError('InvalidRequest: Could not find repo: did:plc:5ewvms5a3nwwe5peucedrseb')
2026-03-30T18:57:14Z WARNING bsky_collector_v2.job.index_feed_generators: listRecords failed repo=did:plc:6475h2ncxbrybkwcvnxheqjy err=HttpError('InvalidRequest: Could not find repo: did:plc:6475h2ncxbrybkwcvnxheqjy')
2026-03-30T18:57:15Z WARNING bsky_collector_v2.job.index_feed_generators: listRecords failed repo=did:plc:6fh24gp5af6hwco4ptqioe4g err=HttpError('InvalidRequest: Could not find repo: did:plc:6fh24gp5af6hwco4ptqioe4g')
2026-03-30T18:57:15Z WARNING bsky_collector_v2.job.index_feed_generators: listRecords failed repo=did:plc:6of2yqhioistyjdf2ecu5gbn err=HttpError('InvalidRequest: Could not find repo: did:plc:6of2yqhioistyjdf2ecu5gbn')
2026-03-30T18:57:16Z WARNING bsky_collector_v2.job.index_feed_generators: listRecords failed repo=did:plc:6qyu6viu7j77q3uqwytt3bek err=HttpError('InvalidRequest: Could not find repo: did:plc:6qyu6viu7j77q3uqwytt3bek')
2026-03-30T18:57:16Z WARNING bsky_collector_v2.job.index_feed_generators: listRecords failed repo=did:plc:6qzdmpkfvhnzxpj3ohvvjovw err=HttpError('InvalidRequest: Could not find repo: did:plc:6qzdmpkfvhnzxpj3ohvvjovw')
2026-03-30T18:57:17Z WARNING bsky_collector_v2.job.index_feed_generators: listRecords failed repo=did:plc:7ghmhkpn5ui6qikkaigy5zsl err=HttpError('InvalidRequest: Could not find repo: did:plc:7ghmhkpn5ui6qikkaigy5zsl')
2026-03-30T18:57:18Z WARNING bsky_collector_v2.job.index_feed_generators: listRecords failed repo=did:plc:7rjg6jhazppseqc2my2svao6 err=HttpError('InvalidRequest: Could not find repo: did:plc:7rjg6jhazppseqc2my2svao6')
2026-03-30T18:57:18Z WARNING bsky_collector_v2.job.index_feed_generators: listRecords failed repo=did:plc:a7cluzuorp3g4owunofqfkd5 err=HttpError('InvalidRequest: Could not find repo: did:plc:a7cluzuorp3g4owunofqfkd5')
2026-03-30T18:57:20Z WARNING bsky_collector_v2.job.index_feed_generators: listRecords failed repo=did:plc:anwhhxsrk3mtxsrb2bpk5rx2 err=HttpError('InvalidRequest: Could not find repo: did:plc:anwhhxsrk3mtxsrb2bpk5rx2')
2026-03-30T18:57:20Z WARNING bsky_collector_v2.job.index_feed_generators: listRecords failed repo=did:plc:aqhoifbkrtme5nl3xsjs5d33 err=HttpError('InvalidRequest: Could not find repo: did:plc:aqhoifbkrtme5nl3xsjs5d33')
2026-03-30T18:57:20Z WARNING bsky_collector_v2.job.index_feed_generators: listRecords failed repo=did:plc:atiucjqdqc7hjtqae5vudw4y err=HttpError('InvalidRequest: Could not find repo: did:plc:atiucjqdqc7hjtqae5vudw4y')
2026-03-30T18:57:21Z WARNING bsky_collector_v2.job.index_feed_generators: listRecords failed repo=did:plc:bb6xrqxtzaxsoheeu6drtz2a err=HttpError('InvalidRequest: Could not find repo: did:plc:bb6xrqxtzaxsoheeu6drtz2a')
2026-03-30T18:57:22Z WARNING bsky_collector_v2.job.index_feed_generators: listRecords failed repo=did:plc:bg3b3itf2rpcjlkpbccpme47 err=HttpError('InvalidRequest: Could not find repo: did:plc:bg3b3itf2rpcjlkpbccpme47')
2026-03-30T18:57:23Z WARNING bsky_collector_v2.job.index_feed_generators: listRecords failed repo=did:plc:c3qbsiuommxu4ozw64z4cyfi err=HttpError('InvalidRequest: Could not find repo: did:plc:c3qbsiuommxu4ozw64z4cyfi')
2026-03-30T18:57:24Z WARNING bsky_collector_v2.job.index_feed_generators: listRecords failed repo=did:plc:ca2u4rgna6gysd2vc3hntgrk err=HttpError('InvalidRequest: Could not find repo: did:plc:ca2u4rgna6gysd2vc3hntgrk')
2026-03-30T18:57:25Z WARNING bsky_collector_v2.job.index_feed_generators: listRecords failed repo=did:plc:cm4oz5oujqvpyoibw4vypxmi err=HttpError('InvalidRequest: Could not find repo: did:plc:cm4oz5oujqvpyoibw4vypxmi')
2026-03-30T18:57:27Z WARNING bsky_collector_v2.job.index_feed_generators: listRecords failed repo=did:plc:djjg3fw5gscn62t4rktgb4jj err=HttpError('InvalidRequest: Could not find repo: did:plc:djjg3fw5gscn62t4rktgb4jj')
2026-03-30T18:57:30Z WARNING bsky_collector_v2.job.index_feed_generators: listRecords failed repo=did:plc:fj3prv5euhtmcv5ntmz2qpzv err=HttpError('InvalidRequest: Could not find repo: did:plc:fj3prv5euhtmcv5ntmz2qpzv')
2026-03-30T18:57:40Z WARNING bsky_collector_v2.job.index_feed_generators: listRecords failed repo=did:plc:hyclrkbqkeahwnfsoojk3u6e err=HttpError('InvalidRequest: Could not find repo: did:plc:hyclrkbqkeahwnfsoojk3u6e')
2026-03-30T18:57:43Z WARNING bsky_collector_v2.job.index_feed_generators: listRecords failed repo=did:plc:ikcmwicdysg7n2hopxmnodiy err=HttpError('InvalidRequest: Could not find repo: did:plc:ikcmwicdysg7n2hopxmnodiy')
2026-03-30T18:57:44Z WARNING bsky_collector_v2.job.index_feed_generators: listRecords failed repo=did:plc:ilqsmusriztahi7lvve4gcdf err=HttpError('InvalidRequest: Could not find repo: did:plc:ilqsmusriztahi7lvve4gcdf')
2026-03-30T18:57:45Z WARNING bsky_collector_v2.job.index_feed_generators: listRecords failed repo=did:plc:iowct2zidlxegftq7rpicqwr err=HttpError('InvalidRequest: Could not find repo: did:plc:iowct2zidlxegftq7rpicqwr')
2026-03-30T18:57:49Z WARNING bsky_collector_v2.job.index_feed_generators: listRecords failed repo=did:plc:jc457yuagqbnywpis2476cqs err=HttpError('InvalidRequest: Could not find repo: did:plc:jc457yuagqbnywpis2476cqs')
2026-03-30T18:57:52Z WARNING bsky_collector_v2.job.index_feed_generators: listRecords failed repo=did:plc:jzxdf67j4gvbeettsgw463fe err=HttpError('InvalidRequest: Could not find repo: did:plc:jzxdf67j4gvbeettsgw463fe')
2026-03-30T18:57:56Z WARNING bsky_collector_v2.job.index_feed_generators: listRecords failed repo=did:plc:ld6acvz2p4aklij5xjlhuv64 err=HttpError('InvalidRequest: Could not find repo: did:plc:ld6acvz2p4aklij5xjlhuv64')
2026-03-30T18:57:56Z WARNING bsky_collector_v2.job.index_feed_generators: listRecords failed repo=did:plc:lecpkm4y3d5w5n4idh54ueb6 err=HttpError('InvalidRequest: Could not find repo: did:plc:lecpkm4y3d5w5n4idh54ueb6')
2026-03-30T18:57:56Z WARNING bsky_collector_v2.job.index_feed_generators: listRecords failed repo=did:plc:ll275hsx2t5ifrforeazd6qx err=HttpError('InvalidRequest: Could not find repo: did:plc:ll275hsx2t5ifrforeazd6qx')
2026-03-30T18:57:57Z WARNING bsky_collector_v2.job.index_feed_generators: listRecords failed repo=did:plc:lob22v5rfiipskk2wjf5jp4b err=HttpError('InvalidRequest: Could not find repo: did:plc:lob22v5rfiipskk2wjf5jp4b')
2026-03-30T18:58:05Z WARNING bsky_collector_v2.job.index_feed_generators: listRecords failed repo=did:plc:n5blophlygoqxaceyivct4tt err=HttpError('InvalidRequest: Could not find repo: did:plc:n5blophlygoqxaceyivct4tt')
2026-03-30T18:58:08Z WARNING bsky_collector_v2.job.index_feed_generators: listRecords failed repo=did:plc:nzpcvh2xmejjnwcixywlik5q err=HttpError('InvalidRequest: Could not find repo: did:plc:nzpcvh2xmejjnwcixywlik5q')
2026-03-30T18:58:09Z WARNING bsky_collector_v2.job.index_feed_generators: listRecords failed repo=did:plc:oadk7iyzxmnavolg2iejwn4a err=HttpError('InvalidRequest: Could not find repo: did:plc:oadk7iyzxmnavolg2iejwn4a')
2026-03-30T18:58:16Z WARNING bsky_collector_v2.job.index_feed_generators: listRecords failed repo=did:plc:qqevnn2p2t5vqjqrzxubpvu5 err=HttpError('InvalidRequest: Could not find repo: did:plc:qqevnn2p2t5vqjqrzxubpvu5')
2026-03-30T18:58:18Z WARNING bsky_collector_v2.job.index_feed_generators: listRecords failed repo=did:plc:qz2xxlqeribz7icaukjwsi4i err=HttpError('InvalidRequest: Could not find repo: did:plc:qz2xxlqeribz7icaukjwsi4i')
2026-03-30T18:58:19Z WARNING bsky_collector_v2.job.index_feed_generators: listRecords failed repo=did:plc:rcidtszshknlagbiz3ta5yj6 err=HttpError('InvalidRequest: Could not find repo: did:plc:rcidtszshknlagbiz3ta5yj6')
2026-03-30T18:58:20Z WARNING bsky_collector_v2.job.index_feed_generators: listRecords failed repo=did:plc:rpuxnssg7aw57mz36yhq7vhi err=HttpError('InvalidRequest: Could not find repo: did:plc:rpuxnssg7aw57mz36yhq7vhi')
2026-03-30T18:58:20Z WARNING bsky_collector_v2.job.index_feed_generators: listRecords failed repo=did:plc:s23hzf2utdrlmkcnshrl6d2t err=HttpError('InvalidRequest: Could not find repo: did:plc:s23hzf2utdrlmkcnshrl6d2t')
2026-03-30T18:58:26Z WARNING bsky_collector_v2.job.index_feed_generators: listRecords failed repo=did:plc:utkb7dfdne3cno5xrvp5m23t err=HttpError('InvalidRequest: Could not find repo: did:plc:utkb7dfdne3cno5xrvp5m23t')
2026-03-30T18:58:28Z WARNING bsky_collector_v2.job.index_feed_generators: listRecords failed repo=did:plc:vveqt3cgeggplxcdmq47zjs6 err=HttpError('InvalidRequest: Could not find repo: did:plc:vveqt3cgeggplxcdmq47zjs6')
2026-03-30T18:58:31Z WARNING bsky_collector_v2.job.index_feed_generators: listRecords failed repo=did:plc:wx2cl4q2higjhf65izjnrrui err=HttpError('InvalidRequest: Could not find repo: did:plc:wx2cl4q2higjhf65izjnrrui')
2026-03-30T18:58:31Z WARNING bsky_collector_v2.job.index_feed_generators: listRecords failed repo=did:plc:x4xar7gbhukcjzoo775y5ehs err=HttpError('InvalidRequest: Could not find repo: did:plc:x4xar7gbhukcjzoo775y5ehs')
2026-03-30T18:58:33Z WARNING bsky_collector_v2.job.index_feed_generators: listRecords failed repo=did:plc:xpqgth6vvdqkp4omzp3fdiej err=HttpError('InvalidRequest: Could not find repo: did:plc:xpqgth6vvdqkp4omzp3fdiej')
2026-03-30T18:58:34Z WARNING bsky_collector_v2.job.index_feed_generators: listRecords failed repo=did:plc:xzzxvta6fgdk2ntlsns6yc4b err=HttpError('InvalidRequest: Could not find repo: did:plc:xzzxvta6fgdk2ntlsns6yc4b')
2026-03-30T18:58:35Z WARNING bsky_collector_v2.job.index_feed_generators: listRecords failed repo=did:plc:yf7t6oc7tri3ohyi4dmaa435 err=HttpError('InvalidRequest: Could not find repo: did:plc:yf7t6oc7tri3ohyi4dmaa435')
2026-03-30T18:58:36Z WARNING bsky_collector_v2.job.index_feed_generators: listRecords failed repo=did:plc:yu4n6wn3oozpgdbcosyreuxj err=HttpError('InvalidRequest: Could not find repo: did:plc:yu4n6wn3oozpgdbcosyreuxj')
2026-03-30T18:58:38Z WARNING bsky_collector_v2.job.index_feed_generators: listRecords failed repo=did:plc:zqe7ebglpkyqz7mg4midfq7s err=HttpError('InvalidRequest: Could not find repo: did:plc:zqe7ebglpkyqz7mg4midfq7s')
2026-03-30T18:58:39Z WARNING bsky_collector_v2.job.index_feed_generators: listRecords failed repo=did:plc:2hrwldw7sqsdqrrxchgznolb err=HttpError('InvalidRequest: Could not find repo: did:plc:2hrwldw7sqsdqrrxchgznolb')
2026-03-30T18:58:39Z WARNING bsky_collector_v2.job.index_feed_generators: listRecords failed repo=did:plc:2hvkh4yzcvno3iqtmbgyrqhi err=HttpError('InvalidRequest: Could not find repo: did:plc:2hvkh4yzcvno3iqtmbgyrqhi')
2026-03-30T18:58:39Z WARNING bsky_collector_v2.job.index_feed_generators: listRecords failed repo=did:plc:2iy43xrjz556ympodbo3rqak err=HttpError('InvalidRequest: Could not find repo: did:plc:2iy43xrjz556ympodbo3rqak')
2026-03-30T18:58:39Z WARNING bsky_collector_v2.job.index_feed_generators: listRecords failed repo=did:plc:2xzb6f6swcf4nuklun2gsui6 err=HttpError('InvalidRequest: Could not find repo: did:plc:2xzb6f6swcf4nuklun2gsui6')
2026-03-30T18:58:39Z WARNING bsky_collector_v2.job.index_feed_generators: listRecords failed repo=did:plc:5ewvms5a3nwwe5peucedrseb err=HttpError('InvalidRequest: Could not find repo: did:plc:5ewvms5a3nwwe5peucedrseb')
2026-03-30T18:58:39Z WARNING bsky_collector_v2.job.index_feed_generators: listRecords failed repo=did:plc:6475h2ncxbrybkwcvnxheqjy err=HttpError('InvalidRequest: Could not find repo: did:plc:6475h2ncxbrybkwcvnxheqjy')
2026-03-30T18:58:39Z WARNING bsky_collector_v2.job.index_feed_generators: listRecords failed repo=did:plc:6fh24gp5af6hwco4ptqioe4g err=HttpError('InvalidRequest: Could not find repo: did:plc:6fh24gp5af6hwco4ptqioe4g')
2026-03-30T18:58:40Z WARNING bsky_collector_v2.job.index_feed_generators: listRecords failed repo=did:plc:6of2yqhioistyjdf2ecu5gbn err=HttpError('InvalidRequest: Could not find repo: did:plc:6of2yqhioistyjdf2ecu5gbn')
2026-03-30T18:58:40Z WARNING bsky_collector_v2.job.index_feed_generators: listRecords failed repo=did:plc:6qyu6viu7j77q3uqwytt3bek err=HttpError('InvalidRequest: Could not find repo: did:plc:6qyu6viu7j77q3uqwytt3bek')
2026-03-30T18:58:40Z WARNING bsky_collector_v2.job.index_feed_generators: listRecords failed repo=did:plc:6qzdmpkfvhnzxpj3ohvvjovw err=HttpError('InvalidRequest: Could not find repo: did:plc:6qzdmpkfvhnzxpj3ohvvjovw')
2026-03-30T18:58:40Z WARNING bsky_collector_v2.job.index_feed_generators: listRecords failed repo=did:plc:7ghmhkpn5ui6qikkaigy5zsl err=HttpError('InvalidRequest: Could not find repo: did:plc:7ghmhkpn5ui6qikkaigy5zsl')
2026-03-30T18:58:40Z WARNING bsky_collector_v2.job.index_feed_generators: listRecords failed repo=did:plc:7rjg6jhazppseqc2my2svao6 err=HttpError('InvalidRequest: Could not find repo: did:plc:7rjg6jhazppseqc2my2svao6')
2026-03-30T18:58:40Z WARNING bsky_collector_v2.job.index_feed_generators: listRecords failed repo=did:plc:a7cluzuorp3g4owunofqfkd5 err=HttpError('InvalidRequest: Could not find repo: did:plc:a7cluzuorp3g4owunofqfkd5')
2026-03-30T18:58:40Z WARNING bsky_collector_v2.job.index_feed_generators: listRecords failed repo=did:plc:anwhhxsrk3mtxsrb2bpk5rx2 err=HttpError('InvalidRequest: Could not find repo: did:plc:anwhhxsrk3mtxsrb2bpk5rx2')
2026-03-30T18:58:40Z WARNING bsky_collector_v2.job.index_feed_generators: listRecords failed repo=did:plc:aqhoifbkrtme5nl3xsjs5d33 err=HttpError('InvalidRequest: Could not find repo: did:plc:aqhoifbkrtme5nl3xsjs5d33')
2026-03-30T18:58:40Z WARNING bsky_collector_v2.job.index_feed_generators: listRecords failed repo=did:plc:atiucjqdqc7hjtqae5vudw4y err=HttpError('InvalidRequest: Could not find repo: did:plc:atiucjqdqc7hjtqae5vudw4y')
2026-03-30T18:58:40Z WARNING bsky_collector_v2.job.index_feed_generators: listRecords failed repo=did:plc:bb6xrqxtzaxsoheeu6drtz2a err=HttpError('InvalidRequest: Could not find repo: did:plc:bb6xrqxtzaxsoheeu6drtz2a')
2026-03-30T18:58:40Z WARNING bsky_collector_v2.job.index_feed_generators: listRecords failed repo=did:plc:bg3b3itf2rpcjlkpbccpme47 err=HttpError('InvalidRequest: Could not find repo: did:plc:bg3b3itf2rpcjlkpbccpme47')
2026-03-30T18:58:40Z WARNING bsky_collector_v2.job.index_feed_generators: listRecords failed repo=did:plc:c3qbsiuommxu4ozw64z4cyfi err=HttpError('InvalidRequest: Could not find repo: did:plc:c3qbsiuommxu4ozw64z4cyfi')
2026-03-30T18:58:40Z WARNING bsky_collector_v2.job.index_feed_generators: listRecords failed repo=did:plc:ca2u4rgna6gysd2vc3hntgrk err=HttpError('InvalidRequest: Could not find repo: did:plc:ca2u4rgna6gysd2vc3hntgrk')
2026-03-30T18:58:40Z WARNING bsky_collector_v2.job.index_feed_generators: listRecords failed repo=did:plc:cm4oz5oujqvpyoibw4vypxmi err=HttpError('InvalidRequest: Could not find repo: did:plc:cm4oz5oujqvpyoibw4vypxmi')
2026-03-30T18:58:40Z WARNING bsky_collector_v2.job.index_feed_generators: listRecords failed repo=did:plc:djjg3fw5gscn62t4rktgb4jj err=HttpError('InvalidRequest: Could not find repo: did:plc:djjg3fw5gscn62t4rktgb4jj')
2026-03-30T18:58:40Z WARNING bsky_collector_v2.job.index_feed_generators: listRecords failed repo=did:plc:fj3prv5euhtmcv5ntmz2qpzv err=HttpError('InvalidRequest: Could not find repo: did:plc:fj3prv5euhtmcv5ntmz2qpzv')
2026-03-30T18:58:40Z WARNING bsky_collector_v2.job.index_feed_generators: listRecords failed repo=did:plc:hyclrkbqkeahwnfsoojk3u6e err=HttpError('InvalidRequest: Could not find repo: did:plc:hyclrkbqkeahwnfsoojk3u6e')
2026-03-30T18:58:40Z WARNING bsky_collector_v2.job.index_feed_generators: listRecords failed repo=did:plc:ikcmwicdysg7n2hopxmnodiy err=HttpError('InvalidRequest: Could not find repo: did:plc:ikcmwicdysg7n2hopxmnodiy')
2026-03-30T18:58:40Z WARNING bsky_collector_v2.job.index_feed_generators: listRecords failed repo=did:plc:ilqsmusriztahi7lvve4gcdf err=HttpError('InvalidRequest: Could not find repo: did:plc:ilqsmusriztahi7lvve4gcdf')
2026-03-30T18:58:40Z WARNING bsky_collector_v2.job.index_feed_generators: listRecords failed repo=did:plc:iowct2zidlxegftq7rpicqwr err=HttpError('InvalidRequest: Could not find repo: did:plc:iowct2zidlxegftq7rpicqwr')
2026-03-30T18:58:41Z WARNING bsky_collector_v2.job.index_feed_generators: listRecords failed repo=did:plc:jc457yuagqbnywpis2476cqs err=HttpError('InvalidRequest: Could not find repo: did:plc:jc457yuagqbnywpis2476cqs')
2026-03-30T18:58:41Z WARNING bsky_collector_v2.job.index_feed_generators: listRecords failed repo=did:plc:jzxdf67j4gvbeettsgw463fe err=HttpError('InvalidRequest: Could not find repo: did:plc:jzxdf67j4gvbeettsgw463fe')
2026-03-30T18:58:41Z WARNING bsky_collector_v2.job.index_feed_generators: listRecords failed repo=did:plc:ld6acvz2p4aklij5xjlhuv64 err=HttpError('InvalidRequest: Could not find repo: did:plc:ld6acvz2p4aklij5xjlhuv64')
2026-03-30T18:58:41Z WARNING bsky_collector_v2.job.index_feed_generators: listRecords failed repo=did:plc:lecpkm4y3d5w5n4idh54ueb6 err=HttpError('InvalidRequest: Could not find repo: did:plc:lecpkm4y3d5w5n4idh54ueb6')
2026-03-30T18:58:41Z WARNING bsky_collector_v2.job.index_feed_generators: listRecords failed repo=did:plc:ll275hsx2t5ifrforeazd6qx err=HttpError('InvalidRequest: Could not find repo: did:plc:ll275hsx2t5ifrforeazd6qx')
2026-03-30T18:58:41Z WARNING bsky_collector_v2.job.index_feed_generators: listRecords failed repo=did:plc:lob22v5rfiipskk2wjf5jp4b err=HttpError('InvalidRequest: Could not find repo: did:plc:lob22v5rfiipskk2wjf5jp4b')
2026-03-30T18:58:41Z WARNING bsky_collector_v2.job.index_feed_generators: listRecords failed repo=did:plc:n5blophlygoqxaceyivct4tt err=HttpError('InvalidRequest: Could not find repo: did:plc:n5blophlygoqxaceyivct4tt')
2026-03-30T18:58:41Z WARNING bsky_collector_v2.job.index_feed_generators: listRecords failed repo=did:plc:nzpcvh2xmejjnwcixywlik5q err=HttpError('InvalidRequest: Could not find repo: did:plc:nzpcvh2xmejjnwcixywlik5q')
2026-03-30T18:58:41Z WARNING bsky_collector_v2.job.index_feed_generators: listRecords failed repo=did:plc:oadk7iyzxmnavolg2iejwn4a err=HttpError('InvalidRequest: Could not find repo: did:plc:oadk7iyzxmnavolg2iejwn4a')
2026-03-30T18:58:41Z WARNING bsky_collector_v2.job.index_feed_generators: listRecords failed repo=did:plc:qqevnn2p2t5vqjqrzxubpvu5 err=HttpError('InvalidRequest: Could not find repo: did:plc:qqevnn2p2t5vqjqrzxubpvu5')
2026-03-30T18:58:41Z WARNING bsky_collector_v2.job.index_feed_generators: listRecords failed repo=did:plc:qz2xxlqeribz7icaukjwsi4i err=HttpError('InvalidRequest: Could not find repo: did:plc:qz2xxlqeribz7icaukjwsi4i')
2026-03-30T18:58:41Z WARNING bsky_collector_v2.job.index_feed_generators: listRecords failed repo=did:plc:rcidtszshknlagbiz3ta5yj6 err=HttpError('InvalidRequest: Could not find repo: did:plc:rcidtszshknlagbiz3ta5yj6')
2026-03-30T18:58:41Z WARNING bsky_collector_v2.job.index_feed_generators: listRecords failed repo=did:plc:rpuxnssg7aw57mz36yhq7vhi err=HttpError('InvalidRequest: Could not find repo: did:plc:rpuxnssg7aw57mz36yhq7vhi')
2026-03-30T18:58:41Z WARNING bsky_collector_v2.job.index_feed_generators: listRecords failed repo=did:plc:s23hzf2utdrlmkcnshrl6d2t err=HttpError('InvalidRequest: Could not find repo: did:plc:s23hzf2utdrlmkcnshrl6d2t')
2026-03-30T18:58:41Z WARNING bsky_collector_v2.job.index_feed_generators: listRecords failed repo=did:plc:utkb7dfdne3cno5xrvp5m23t err=HttpError('InvalidRequest: Could not find repo: did:plc:utkb7dfdne3cno5xrvp5m23t')
2026-03-30T18:58:41Z WARNING bsky_collector_v2.job.index_feed_generators: listRecords failed repo=did:plc:vveqt3cgeggplxcdmq47zjs6 err=HttpError('InvalidRequest: Could not find repo: did:plc:vveqt3cgeggplxcdmq47zjs6')
2026-03-30T18:58:41Z WARNING bsky_collector_v2.job.index_feed_generators: listRecords failed repo=did:plc:wx2cl4q2higjhf65izjnrrui err=HttpError('InvalidRequest: Could not find repo: did:plc:wx2cl4q2higjhf65izjnrrui')
2026-03-30T18:58:41Z WARNING bsky_collector_v2.job.index_feed_generators: listRecords failed repo=did:plc:x4xar7gbhukcjzoo775y5ehs err=HttpError('InvalidRequest: Could not find repo: did:plc:x4xar7gbhukcjzoo775y5ehs')
2026-03-30T18:58:42Z WARNING bsky_collector_v2.job.index_feed_generators: listRecords failed repo=did:plc:xpqgth6vvdqkp4omzp3fdiej err=HttpError('InvalidRequest: Could not find repo: did:plc:xpqgth6vvdqkp4omzp3fdiej')
2026-03-30T18:58:42Z WARNING bsky_collector_v2.job.index_feed_generators: listRecords failed repo=did:plc:xzzxvta6fgdk2ntlsns6yc4b err=HttpError('InvalidRequest: Could not find repo: did:plc:xzzxvta6fgdk2ntlsns6yc4b')
2026-03-30T18:58:42Z WARNING bsky_collector_v2.job.index_feed_generators: listRecords failed repo=did:plc:yf7t6oc7tri3ohyi4dmaa435 err=HttpError('InvalidRequest: Could not find repo: did:plc:yf7t6oc7tri3ohyi4dmaa435')
2026-03-30T18:58:42Z WARNING bsky_collector_v2.job.index_feed_generators: listRecords failed repo=did:plc:yu4n6wn3oozpgdbcosyreuxj err=HttpError('InvalidRequest: Could not find repo: did:plc:yu4n6wn3oozpgdbcosyreuxj')
2026-03-30T18:58:42Z WARNING bsky_collector_v2.job.index_feed_generators: listRecords failed repo=did:plc:zqe7ebglpkyqz7mg4midfq7s err=HttpError('InvalidRequest: Could not find repo: did:plc:zqe7ebglpkyqz7mg4midfq7s')
2026-03-30T18:58:42Z WARNING bsky_collector_v2.job.index_feed_generators: listRecords failed repo=did:plc:2hrwldw7sqsdqrrxchgznolb err=HttpError('InvalidRequest: Could not find repo: did:plc:2hrwldw7sqsdqrrxchgznolb')
2026-03-30T18:58:42Z WARNING bsky_collector_v2.job.index_feed_generators: listRecords failed repo=did:plc:2hvkh4yzcvno3iqtmbgyrqhi err=HttpError('InvalidRequest: Could not find repo: did:plc:2hvkh4yzcvno3iqtmbgyrqhi')
2026-03-30T18:58:42Z WARNING bsky_collector_v2.job.index_feed_generators: listRecords failed repo=did:plc:2iy43xrjz556ympodbo3rqak err=HttpError('InvalidRequest: Could not find repo: did:plc:2iy43xrjz556ympodbo3rqak')
2026-03-30T18:58:42Z WARNING bsky_collector_v2.job.index_feed_generators: listRecords failed repo=did:plc:2xzb6f6swcf4nuklun2gsui6 err=HttpError('InvalidRequest: Could not find repo: did:plc:2xzb6f6swcf4nuklun2gsui6')
2026-03-30T18:58:42Z WARNING bsky_collector_v2.job.index_feed_generators: listRecords failed repo=did:plc:5ewvms5a3nwwe5peucedrseb err=HttpError('InvalidRequest: Could not find repo: did:plc:5ewvms5a3nwwe5peucedrseb')
2026-03-30T18:58:42Z WARNING bsky_collector_v2.job.index_feed_generators: listRecords failed repo=did:plc:6475h2ncxbrybkwcvnxheqjy err=HttpError('InvalidRequest: Could not find repo: did:plc:6475h2ncxbrybkwcvnxheqjy')
2026-03-30T18:58:42Z WARNING bsky_collector_v2.job.index_feed_generators: listRecords failed repo=did:plc:6fh24gp5af6hwco4ptqioe4g err=HttpError('InvalidRequest: Could not find repo: did:plc:6fh24gp5af6hwco4ptqioe4g')
2026-03-30T18:58:42Z WARNING bsky_collector_v2.job.index_feed_generators: listRecords failed repo=did:plc:6of2yqhioistyjdf2ecu5gbn err=HttpError('InvalidRequest: Could not find repo: did:plc:6of2yqhioistyjdf2ecu5gbn')
2026-03-30T18:58:42Z WARNING bsky_collector_v2.job.index_feed_generators: listRecords failed repo=did:plc:6qyu6viu7j77q3uqwytt3bek err=HttpError('InvalidRequest: Could not find repo: did:plc:6qyu6viu7j77q3uqwytt3bek')
2026-03-30T18:58:42Z WARNING bsky_collector_v2.job.index_feed_generators: listRecords failed repo=did:plc:6qzdmpkfvhnzxpj3ohvvjovw err=HttpError('InvalidRequest: Could not find repo: did:plc:6qzdmpkfvhnzxpj3ohvvjovw')
2026-03-30T18:58:42Z WARNING bsky_collector_v2.job.index_feed_generators: listRecords failed repo=did:plc:7ghmhkpn5ui6qikkaigy5zsl err=HttpError('InvalidRequest: Could not find repo: did:plc:7ghmhkpn5ui6qikkaigy5zsl')
2026-03-30T18:58:42Z WARNING bsky_collector_v2.job.index_feed_generators: listRecords failed repo=did:plc:7rjg6jhazppseqc2my2svao6 err=HttpError('InvalidRequest: Could not find repo: did:plc:7rjg6jhazppseqc2my2svao6')
2026-03-30T18:58:42Z WARNING bsky_collector_v2.job.index_feed_generators: listRecords failed repo=did:plc:a7cluzuorp3g4owunofqfkd5 err=HttpError('InvalidRequest: Could not find repo: did:plc:a7cluzuorp3g4owunofqfkd5')
2026-03-30T18:58:42Z WARNING bsky_collector_v2.job.index_feed_generators: listRecords failed repo=did:plc:anwhhxsrk3mtxsrb2bpk5rx2 err=HttpError('InvalidRequest: Could not find repo: did:plc:anwhhxsrk3mtxsrb2bpk5rx2')
2026-03-30T18:58:43Z WARNING bsky_collector_v2.job.index_feed_generators: listRecords failed repo=did:plc:aqhoifbkrtme5nl3xsjs5d33 err=HttpError('InvalidRequest: Could not find repo: did:plc:aqhoifbkrtme5nl3xsjs5d33')
2026-03-30T18:58:43Z WARNING bsky_collector_v2.job.index_feed_generators: listRecords failed repo=did:plc:atiucjqdqc7hjtqae5vudw4y err=HttpError('InvalidRequest: Could not find repo: did:plc:atiucjqdqc7hjtqae5vudw4y')
2026-03-30T18:58:43Z WARNING bsky_collector_v2.job.index_feed_generators: listRecords failed repo=did:plc:bb6xrqxtzaxsoheeu6drtz2a err=HttpError('InvalidRequest: Could not find repo: did:plc:bb6xrqxtzaxsoheeu6drtz2a')
2026-03-30T18:58:43Z WARNING bsky_collector_v2.job.index_feed_generators: listRecords failed repo=did:plc:bg3b3itf2rpcjlkpbccpme47 err=HttpError('InvalidRequest: Could not find repo: did:plc:bg3b3itf2rpcjlkpbccpme47')
2026-03-30T18:58:43Z WARNING bsky_collector_v2.job.index_feed_generators: listRecords failed repo=did:plc:c3qbsiuommxu4ozw64z4cyfi err=HttpError('InvalidRequest: Could not find repo: did:plc:c3qbsiuommxu4ozw64z4cyfi')
2026-03-30T18:58:43Z WARNING bsky_collector_v2.job.index_feed_generators: listRecords failed repo=did:plc:ca2u4rgna6gysd2vc3hntgrk err=HttpError('InvalidRequest: Could not find repo: did:plc:ca2u4rgna6gysd2vc3hntgrk')
2026-03-30T18:58:43Z WARNING bsky_collector_v2.job.index_feed_generators: listRecords failed repo=did:plc:cm4oz5oujqvpyoibw4vypxmi err=HttpError('InvalidRequest: Could not find repo: did:plc:cm4oz5oujqvpyoibw4vypxmi')
2026-03-30T18:58:43Z WARNING bsky_collector_v2.job.index_feed_generators: listRecords failed repo=did:plc:djjg3fw5gscn62t4rktgb4jj err=HttpError('InvalidRequest: Could not find repo: did:plc:djjg3fw5gscn62t4rktgb4jj')
2026-03-30T18:58:43Z WARNING bsky_collector_v2.job.index_feed_generators: listRecords failed repo=did:plc:fj3prv5euhtmcv5ntmz2qpzv err=HttpError('InvalidRequest: Could not find repo: did:plc:fj3prv5euhtmcv5ntmz2qpzv')
2026-03-30T18:58:43Z WARNING bsky_collector_v2.job.index_feed_generators: listRecords failed repo=did:plc:hyclrkbqkeahwnfsoojk3u6e err=HttpError('InvalidRequest: Could not find repo: did:plc:hyclrkbqkeahwnfsoojk3u6e')
2026-03-30T18:58:43Z WARNING bsky_collector_v2.job.index_feed_generators: listRecords failed repo=did:plc:ikcmwicdysg7n2hopxmnodiy err=HttpError('InvalidRequest: Could not find repo: did:plc:ikcmwicdysg7n2hopxmnodiy')
2026-03-30T18:58:43Z WARNING bsky_collector_v2.job.index_feed_generators: listRecords failed repo=did:plc:ilqsmusriztahi7lvve4gcdf err=HttpError('InvalidRequest: Could not find repo: did:plc:ilqsmusriztahi7lvve4gcdf')
2026-03-30T18:58:43Z WARNING bsky_collector_v2.job.index_feed_generators: listRecords failed repo=did:plc:iowct2zidlxegftq7rpicqwr err=HttpError('InvalidRequest: Could not find repo: did:plc:iowct2zidlxegftq7rpicqwr')
2026-03-30T18:58:43Z WARNING bsky_collector_v2.job.index_feed_generators: listRecords failed repo=did:plc:jc457yuagqbnywpis2476cqs err=HttpError('InvalidRequest: Could not find repo: did:plc:jc457yuagqbnywpis2476cqs')
2026-03-30T18:58:43Z WARNING bsky_collector_v2.job.index_feed_generators: listRecords failed repo=did:plc:jzxdf67j4gvbeettsgw463fe err=HttpError('InvalidRequest: Could not find repo: did:plc:jzxdf67j4gvbeettsgw463fe')
2026-03-30T18:58:43Z WARNING bsky_collector_v2.job.index_feed_generators: listRecords failed repo=did:plc:ld6acvz2p4aklij5xjlhuv64 err=HttpError('InvalidRequest: Could not find repo: did:plc:ld6acvz2p4aklij5xjlhuv64')
2026-03-30T18:58:43Z WARNING bsky_collector_v2.job.index_feed_generators: listRecords failed repo=did:plc:lecpkm4y3d5w5n4idh54ueb6 err=HttpError('InvalidRequest: Could not find repo: did:plc:lecpkm4y3d5w5n4idh54ueb6')
2026-03-30T18:58:43Z WARNING bsky_collector_v2.job.index_feed_generators: listRecords failed repo=did:plc:ll275hsx2t5ifrforeazd6qx err=HttpError('InvalidRequest: Could not find repo: did:plc:ll275hsx2t5ifrforeazd6qx')
2026-03-30T18:58:43Z WARNING bsky_collector_v2.job.index_feed_generators: listRecords failed repo=did:plc:lob22v5rfiipskk2wjf5jp4b err=HttpError('InvalidRequest: Could not find repo: did:plc:lob22v5rfiipskk2wjf5jp4b')
2026-03-30T18:58:44Z WARNING bsky_collector_v2.job.index_feed_generators: listRecords failed repo=did:plc:n5blophlygoqxaceyivct4tt err=HttpError('InvalidRequest: Could not find repo: did:plc:n5blophlygoqxaceyivct4tt')
2026-03-30T18:58:44Z WARNING bsky_collector_v2.job.index_feed_generators: listRecords failed repo=did:plc:nzpcvh2xmejjnwcixywlik5q err=HttpError('InvalidRequest: Could not find repo: did:plc:nzpcvh2xmejjnwcixywlik5q')
2026-03-30T18:58:44Z WARNING bsky_collector_v2.job.index_feed_generators: listRecords failed repo=did:plc:oadk7iyzxmnavolg2iejwn4a err=HttpError('InvalidRequest: Could not find repo: did:plc:oadk7iyzxmnavolg2iejwn4a')
2026-03-30T18:58:44Z WARNING bsky_collector_v2.job.index_feed_generators: listRecords failed repo=did:plc:qqevnn2p2t5vqjqrzxubpvu5 err=HttpError('InvalidRequest: Could not find repo: did:plc:qqevnn2p2t5vqjqrzxubpvu5')
2026-03-30T18:58:44Z WARNING bsky_collector_v2.job.index_feed_generators: listRecords failed repo=did:plc:qz2xxlqeribz7icaukjwsi4i err=HttpError('InvalidRequest: Could not find repo: did:plc:qz2xxlqeribz7icaukjwsi4i')
2026-03-30T18:58:44Z WARNING bsky_collector_v2.job.index_feed_generators: listRecords failed repo=did:plc:rcidtszshknlagbiz3ta5yj6 err=HttpError('InvalidRequest: Could not find repo: did:plc:rcidtszshknlagbiz3ta5yj6')
2026-03-30T18:58:44Z WARNING bsky_collector_v2.job.index_feed_generators: listRecords failed repo=did:plc:rpuxnssg7aw57mz36yhq7vhi err=HttpError('InvalidRequest: Could not find repo: did:plc:rpuxnssg7aw57mz36yhq7vhi')
2026-03-30T18:58:44Z WARNING bsky_collector_v2.job.index_feed_generators: listRecords failed repo=did:plc:s23hzf2utdrlmkcnshrl6d2t err=HttpError('InvalidRequest: Could not find repo: did:plc:s23hzf2utdrlmkcnshrl6d2t')
2026-03-30T18:58:44Z WARNING bsky_collector_v2.job.index_feed_generators: listRecords failed repo=did:plc:utkb7dfdne3cno5xrvp5m23t err=HttpError('InvalidRequest: Could not find repo: did:plc:utkb7dfdne3cno5xrvp5m23t')
2026-03-30T18:58:44Z WARNING bsky_collector_v2.job.index_feed_generators: listRecords failed repo=did:plc:vveqt3cgeggplxcdmq47zjs6 err=HttpError('InvalidRequest: Could not find repo: did:plc:vveqt3cgeggplxcdmq47zjs6')
2026-03-30T18:58:44Z WARNING bsky_collector_v2.job.index_feed_generators: listRecords failed repo=did:plc:wx2cl4q2higjhf65izjnrrui err=HttpError('InvalidRequest: Could not find repo: did:plc:wx2cl4q2higjhf65izjnrrui')
2026-03-30T18:58:44Z WARNING bsky_collector_v2.job.index_feed_generators: listRecords failed repo=did:plc:x4xar7gbhukcjzoo775y5ehs err=HttpError('InvalidRequest: Could not find repo: did:plc:x4xar7gbhukcjzoo775y5ehs')
2026-03-30T18:58:44Z WARNING bsky_collector_v2.job.index_feed_generators: listRecords failed repo=did:plc:xpqgth6vvdqkp4omzp3fdiej err=HttpError('InvalidRequest: Could not find repo: did:plc:xpqgth6vvdqkp4omzp3fdiej')
2026-03-30T18:58:44Z WARNING bsky_collector_v2.job.index_feed_generators: listRecords failed repo=did:plc:xzzxvta6fgdk2ntlsns6yc4b err=HttpError('InvalidRequest: Could not find repo: did:plc:xzzxvta6fgdk2ntlsns6yc4b')
2026-03-30T18:58:44Z WARNING bsky_collector_v2.job.index_feed_generators: listRecords failed repo=did:plc:yf7t6oc7tri3ohyi4dmaa435 err=HttpError('InvalidRequest: Could not find repo: did:plc:yf7t6oc7tri3ohyi4dmaa435')
2026-03-30T18:58:44Z WARNING bsky_collector_v2.job.index_feed_generators: listRecords failed repo=did:plc:yu4n6wn3oozpgdbcosyreuxj err=HttpError('InvalidRequest: Could not find repo: did:plc:yu4n6wn3oozpgdbcosyreuxj')
2026-03-30T18:58:44Z WARNING bsky_collector_v2.job.index_feed_generators: listRecords failed repo=did:plc:zqe7ebglpkyqz7mg4midfq7s err=HttpError('InvalidRequest: Could not find repo: did:plc:zqe7ebglpkyqz7mg4midfq7s')
2026-03-30T18:58:45Z INFO bsky_collector_v2.job.index_feed_generators: enqueued repos page=21 mode=listRepos inserted=500 repos_returned=500 next_cursor=set
2026-03-30T18:58:47Z WARNING bsky_collector_v2.job.index_feed_generators: listRecords failed repo=did:plc:2esf3vkluuph75drfo5bcew5 err=HttpError('InvalidRequest: Could not find repo: did:plc:2esf3vkluuph75drfo5bcew5')
2026-03-30T18:58:50Z WARNING bsky_collector_v2.job.index_feed_generators: listRecords failed repo=did:plc:324f4nwcdwj2s26udzumn3up err=HttpError('InvalidRequest: Could not find repo: did:plc:324f4nwcdwj2s26udzumn3up')
2026-03-30T18:58:51Z WARNING bsky_collector_v2.job.index_feed_generators: listRecords failed repo=did:plc:45ccokyv5bbujb6q5jcquuzj err=HttpError('InvalidRequest: Could not find repo: did:plc:45ccokyv5bbujb6q5jcquuzj')
2026-03-30T18:58:53Z WARNING bsky_collector_v2.job.index_feed_generators: listRecords failed repo=did:plc:4t4ojxblg7lkrzv6jgouoywc err=HttpError('InvalidRequest: Could not find repo: did:plc:4t4ojxblg7lkrzv6jgouoywc')
2026-03-30T18:58:56Z WARNING bsky_collector_v2.job.index_feed_generators: listRecords failed repo=did:plc:6sjv4ien4qr35uenwtkkvhfk err=HttpError('InvalidRequest: Could not find repo: did:plc:6sjv4ien4qr35uenwtkkvhfk')
2026-03-30T18:59:05Z WARNING bsky_collector_v2.job.index_feed_generators: listRecords failed repo=did:plc:blxeyx6wwxisdxakv6b77aax err=HttpError('InvalidRequest: Could not find repo: did:plc:blxeyx6wwxisdxakv6b77aax')
2026-03-30T18:59:05Z WARNING bsky_collector_v2.job.index_feed_generators: listRecords failed repo=did:plc:brtstrqf5bhdsd5d26xlgrjj err=HttpError('InvalidRequest: Could not find repo: did:plc:brtstrqf5bhdsd5d26xlgrjj')
2026-03-30T18:59:08Z WARNING bsky_collector_v2.job.index_feed_generators: listRecords failed repo=did:plc:ddi76y3jqv3ipbknuv35tq2v err=HttpError('InvalidRequest: Could not find repo: did:plc:ddi76y3jqv3ipbknuv35tq2v')
2026-03-30T18:59:12Z INFO bsky_collector_v2.job.index_feed_generators: indexed repo=did:plc:eihbtkqjtmod2axyt6vaasnd part=185 records=1 next_cursor=set
2026-03-30T18:59:16Z WARNING bsky_collector_v2.job.index_feed_generators: listRecords failed repo=did:plc:g6k2rpwiw7y24k6vze2pq7j2 err=HttpError('InvalidRequest: Could not find repo: did:plc:g6k2rpwiw7y24k6vze2pq7j2')
2026-03-30T18:59:24Z WARNING bsky_collector_v2.job.index_feed_generators: listRecords failed repo=did:plc:ir7ioogqxa7wxqaddioznlgk err=HttpError('InvalidRequest: Could not find repo: did:plc:ir7ioogqxa7wxqaddioznlgk')
2026-03-30T18:59:24Z WARNING bsky_collector_v2.job.index_feed_generators: listRecords failed repo=did:plc:iwe7sm2agdna4dhskpn2dyuj err=HttpError('InvalidRequest: Could not find repo: did:plc:iwe7sm2agdna4dhskpn2dyuj')
2026-03-30T18:59:24Z WARNING bsky_collector_v2.job.index_feed_generators: listRecords failed repo=did:plc:ix4hlil6uep7a3wekbutoozi err=HttpError('InvalidRequest: Could not find repo: did:plc:ix4hlil6uep7a3wekbutoozi')
2026-03-30T18:59:32Z WARNING bsky_collector_v2.job.index_feed_generators: listRecords failed repo=did:plc:liws5b3pzrtuplhl5epcs7zv err=HttpError('InvalidRequest: Could not find repo: did:plc:liws5b3pzrtuplhl5epcs7zv')
2026-03-30T18:59:36Z WARNING bsky_collector_v2.job.index_feed_generators: listRecords failed repo=did:plc:n22bjr2eixgtz47s5wkq6xay err=HttpError('InvalidRequest: Could not find repo: did:plc:n22bjr2eixgtz47s5wkq6xay')
2026-03-30T18:59:41Z WARNING bsky_collector_v2.job.index_feed_generators: listRecords failed repo=did:plc:owj6f2m3wuohh3dyhpt4ucfx err=HttpError('InvalidRequest: Could not find repo: did:plc:owj6f2m3wuohh3dyhpt4ucfx')
2026-03-30T18:59:42Z WARNING bsky_collector_v2.job.index_feed_generators: listRecords failed repo=did:plc:p4bg6ynjdtcntlgxclis6ih3 err=HttpError('InvalidRequest: Could not find repo: did:plc:p4bg6ynjdtcntlgxclis6ih3')
2026-03-30T18:59:50Z WARNING bsky_collector_v2.job.index_feed_generators: listRecords failed repo=did:plc:rwr4dltndquoo4ssmb4ekabr err=HttpError('InvalidRequest: Could not find repo: did:plc:rwr4dltndquoo4ssmb4ekabr')
2026-03-30T18:59:51Z WARNING bsky_collector_v2.job.index_feed_generators: listRecords failed repo=did:plc:s4ek62jm3af52ggzt4vpn7br err=HttpError('InvalidRequest: Could not find repo: did:plc:s4ek62jm3af52ggzt4vpn7br')
2026-03-30T18:59:52Z WARNING bsky_collector_v2.job.index_feed_generators: listRecords failed repo=did:plc:slliaoti357jnfadyza3gvnd err=HttpError('InvalidRequest: Could not find repo: did:plc:slliaoti357jnfadyza3gvnd')
2026-03-30T18:59:57Z WARNING bsky_collector_v2.job.index_feed_generators: listRecords failed repo=did:plc:un27tm4lroy3vxlq6uqil6bz err=HttpError('InvalidRequest: Could not find repo: did:plc:un27tm4lroy3vxlq6uqil6bz')
2026-03-30T18:59:57Z WARNING bsky_collector_v2.job.index_feed_generators: listRecords failed repo=did:plc:uv7veaicorj3rmvcahvsi5oq err=HttpError('InvalidRequest: Could not find repo: did:plc:uv7veaicorj3rmvcahvsi5oq')
2026-03-30T18:59:58Z WARNING bsky_collector_v2.job.index_feed_generators: listRecords failed repo=did:plc:velezhzniys3gtrxytxbwpcs err=HttpError('InvalidRequest: Could not find repo: did:plc:velezhzniys3gtrxytxbwpcs')
2026-03-30T18:59:59Z WARNING bsky_collector_v2.job.index_feed_generators: listRecords failed repo=did:plc:w3yke4f2k44ek2x62qelplcm err=HttpError('InvalidRequest: Could not find repo: did:plc:w3yke4f2k44ek2x62qelplcm')
2026-03-30T19:00:08Z WARNING bsky_collector_v2.job.index_feed_generators: listRecords failed repo=did:plc:zkqblan5upphqj3kul7yt62s err=HttpError('InvalidRequest: Could not find repo: did:plc:zkqblan5upphqj3kul7yt62s')
2026-03-30T19:00:08Z WARNING bsky_collector_v2.job.index_feed_generators: listRecords failed repo=did:plc:zmeso2fdxhe4m536yoh273ld err=HttpError('InvalidRequest: Could not find repo: did:plc:zmeso2fdxhe4m536yoh273ld')
2026-03-30T19:00:09Z WARNING bsky_collector_v2.job.index_feed_generators: listRecords failed repo=did:plc:2esf3vkluuph75drfo5bcew5 err=HttpError('InvalidRequest: Could not find repo: did:plc:2esf3vkluuph75drfo5bcew5')
2026-03-30T19:00:09Z WARNING bsky_collector_v2.job.index_feed_generators: listRecords failed repo=did:plc:324f4nwcdwj2s26udzumn3up err=HttpError('InvalidRequest: Could not find repo: did:plc:324f4nwcdwj2s26udzumn3up')
2026-03-30T19:00:09Z WARNING bsky_collector_v2.job.index_feed_generators: listRecords failed repo=did:plc:45ccokyv5bbujb6q5jcquuzj err=HttpError('InvalidRequest: Could not find repo: did:plc:45ccokyv5bbujb6q5jcquuzj')
2026-03-30T19:00:09Z WARNING bsky_collector_v2.job.index_feed_generators: listRecords failed repo=did:plc:4t4ojxblg7lkrzv6jgouoywc err=HttpError('InvalidRequest: Could not find repo: did:plc:4t4ojxblg7lkrzv6jgouoywc')
2026-03-30T19:00:09Z WARNING bsky_collector_v2.job.index_feed_generators: listRecords failed repo=did:plc:6sjv4ien4qr35uenwtkkvhfk err=HttpError('InvalidRequest: Could not find repo: did:plc:6sjv4ien4qr35uenwtkkvhfk')
2026-03-30T19:00:09Z WARNING bsky_collector_v2.job.index_feed_generators: listRecords failed repo=did:plc:blxeyx6wwxisdxakv6b77aax err=HttpError('InvalidRequest: Could not find repo: did:plc:blxeyx6wwxisdxakv6b77aax')
2026-03-30T19:00:09Z WARNING bsky_collector_v2.job.index_feed_generators: listRecords failed repo=did:plc:brtstrqf5bhdsd5d26xlgrjj err=HttpError('InvalidRequest: Could not find repo: did:plc:brtstrqf5bhdsd5d26xlgrjj')
2026-03-30T19:00:09Z WARNING bsky_collector_v2.job.index_feed_generators: listRecords failed repo=did:plc:ddi76y3jqv3ipbknuv35tq2v err=HttpError('InvalidRequest: Could not find repo: did:plc:ddi76y3jqv3ipbknuv35tq2v')
2026-03-30T19:00:10Z WARNING bsky_collector_v2.job.index_feed_generators: listRecords failed repo=did:plc:g6k2rpwiw7y24k6vze2pq7j2 err=HttpError('InvalidRequest: Could not find repo: did:plc:g6k2rpwiw7y24k6vze2pq7j2')
2026-03-30T19:00:10Z WARNING bsky_collector_v2.job.index_feed_generators: listRecords failed repo=did:plc:ir7ioogqxa7wxqaddioznlgk err=HttpError('InvalidRequest: Could not find repo: did:plc:ir7ioogqxa7wxqaddioznlgk')
2026-03-30T19:00:10Z WARNING bsky_collector_v2.job.index_feed_generators: listRecords failed repo=did:plc:iwe7sm2agdna4dhskpn2dyuj err=HttpError('InvalidRequest: Could not find repo: did:plc:iwe7sm2agdna4dhskpn2dyuj')
2026-03-30T19:00:10Z WARNING bsky_collector_v2.job.index_feed_generators: listRecords failed repo=did:plc:ix4hlil6uep7a3wekbutoozi err=HttpError('InvalidRequest: Could not find repo: did:plc:ix4hlil6uep7a3wekbutoozi')
2026-03-30T19:00:10Z WARNING bsky_collector_v2.job.index_feed_generators: listRecords failed repo=did:plc:liws5b3pzrtuplhl5epcs7zv err=HttpError('InvalidRequest: Could not find repo: did:plc:liws5b3pzrtuplhl5epcs7zv')
2026-03-30T19:00:10Z WARNING bsky_collector_v2.job.index_feed_generators: listRecords failed repo=did:plc:n22bjr2eixgtz47s5wkq6xay err=HttpError('InvalidRequest: Could not find repo: did:plc:n22bjr2eixgtz47s5wkq6xay')
2026-03-30T19:00:10Z WARNING bsky_collector_v2.job.index_feed_generators: listRecords failed repo=did:plc:owj6f2m3wuohh3dyhpt4ucfx err=HttpError('InvalidRequest: Could not find repo: did:plc:owj6f2m3wuohh3dyhpt4ucfx')
2026-03-30T19:00:10Z WARNING bsky_collector_v2.job.index_feed_generators: listRecords failed repo=did:plc:p4bg6ynjdtcntlgxclis6ih3 err=HttpError('InvalidRequest: Could not find repo: did:plc:p4bg6ynjdtcntlgxclis6ih3')
2026-03-30T19:00:10Z WARNING bsky_collector_v2.job.index_feed_generators: listRecords failed repo=did:plc:rwr4dltndquoo4ssmb4ekabr err=HttpError('InvalidRequest: Could not find repo: did:plc:rwr4dltndquoo4ssmb4ekabr')
2026-03-30T19:00:10Z WARNING bsky_collector_v2.job.index_feed_generators: listRecords failed repo=did:plc:s4ek62jm3af52ggzt4vpn7br err=HttpError('InvalidRequest: Could not find repo: did:plc:s4ek62jm3af52ggzt4vpn7br')
2026-03-30T19:00:10Z WARNING bsky_collector_v2.job.index_feed_generators: listRecords failed repo=did:plc:slliaoti357jnfadyza3gvnd err=HttpError('InvalidRequest: Could not find repo: did:plc:slliaoti357jnfadyza3gvnd')
2026-03-30T19:00:11Z WARNING bsky_collector_v2.job.index_feed_generators: listRecords failed repo=did:plc:un27tm4lroy3vxlq6uqil6bz err=HttpError('InvalidRequest: Could not find repo: did:plc:un27tm4lroy3vxlq6uqil6bz')
2026-03-30T19:00:11Z WARNING bsky_collector_v2.job.index_feed_generators: listRecords failed repo=did:plc:uv7veaicorj3rmvcahvsi5oq err=HttpError('InvalidRequest: Could not find repo: did:plc:uv7veaicorj3rmvcahvsi5oq')
2026-03-30T19:00:11Z WARNING bsky_collector_v2.job.index_feed_generators: listRecords failed repo=did:plc:velezhzniys3gtrxytxbwpcs err=HttpError('InvalidRequest: Could not find repo: did:plc:velezhzniys3gtrxytxbwpcs')
2026-03-30T19:00:11Z WARNING bsky_collector_v2.job.index_feed_generators: listRecords failed repo=did:plc:w3yke4f2k44ek2x62qelplcm err=HttpError('InvalidRequest: Could not find repo: did:plc:w3yke4f2k44ek2x62qelplcm')
2026-03-30T19:00:11Z WARNING bsky_collector_v2.job.index_feed_generators: listRecords failed repo=did:plc:zkqblan5upphqj3kul7yt62s err=HttpError('InvalidRequest: Could not find repo: did:plc:zkqblan5upphqj3kul7yt62s')
2026-03-30T19:00:11Z WARNING bsky_collector_v2.job.index_feed_generators: listRecords failed repo=did:plc:zmeso2fdxhe4m536yoh273ld err=HttpError('InvalidRequest: Could not find repo: did:plc:zmeso2fdxhe4m536yoh273ld')
2026-03-30T19:00:11Z WARNING bsky_collector_v2.job.index_feed_generators: listRecords failed repo=did:plc:2esf3vkluuph75drfo5bcew5 err=HttpError('InvalidRequest: Could not find repo: did:plc:2esf3vkluuph75drfo5bcew5')
2026-03-30T19:00:11Z WARNING bsky_collector_v2.job.index_feed_generators: listRecords failed repo=did:plc:324f4nwcdwj2s26udzumn3up err=HttpError('InvalidRequest: Could not find repo: did:plc:324f4nwcdwj2s26udzumn3up')
2026-03-30T19:00:11Z WARNING bsky_collector_v2.job.index_feed_generators: listRecords failed repo=did:plc:45ccokyv5bbujb6q5jcquuzj err=HttpError('InvalidRequest: Could not find repo: did:plc:45ccokyv5bbujb6q5jcquuzj')
2026-03-30T19:00:11Z WARNING bsky_collector_v2.job.index_feed_generators: listRecords failed repo=did:plc:4t4ojxblg7lkrzv6jgouoywc err=HttpError('InvalidRequest: Could not find repo: did:plc:4t4ojxblg7lkrzv6jgouoywc')
2026-03-30T19:00:11Z WARNING bsky_collector_v2.job.index_feed_generators: listRecords failed repo=did:plc:6sjv4ien4qr35uenwtkkvhfk err=HttpError('InvalidRequest: Could not find repo: did:plc:6sjv4ien4qr35uenwtkkvhfk')
2026-03-30T19:00:11Z WARNING bsky_collector_v2.job.index_feed_generators: listRecords failed repo=did:plc:blxeyx6wwxisdxakv6b77aax err=HttpError('InvalidRequest: Could not find repo: did:plc:blxeyx6wwxisdxakv6b77aax')
2026-03-30T19:00:11Z WARNING bsky_collector_v2.job.index_feed_generators: listRecords failed repo=did:plc:brtstrqf5bhdsd5d26xlgrjj err=HttpError('InvalidRequest: Could not find repo: did:plc:brtstrqf5bhdsd5d26xlgrjj')
2026-03-30T19:00:11Z WARNING bsky_collector_v2.job.index_feed_generators: listRecords failed repo=did:plc:ddi76y3jqv3ipbknuv35tq2v err=HttpError('InvalidRequest: Could not find repo: did:plc:ddi76y3jqv3ipbknuv35tq2v')
2026-03-30T19:00:11Z WARNING bsky_collector_v2.job.index_feed_generators: listRecords failed repo=did:plc:g6k2rpwiw7y24k6vze2pq7j2 err=HttpError('InvalidRequest: Could not find repo: did:plc:g6k2rpwiw7y24k6vze2pq7j2')
2026-03-30T19:00:11Z WARNING bsky_collector_v2.job.index_feed_generators: listRecords failed repo=did:plc:ir7ioogqxa7wxqaddioznlgk err=HttpError('InvalidRequest: Could not find repo: did:plc:ir7ioogqxa7wxqaddioznlgk')
2026-03-30T19:00:12Z WARNING bsky_collector_v2.job.index_feed_generators: listRecords failed repo=did:plc:iwe7sm2agdna4dhskpn2dyuj err=HttpError('InvalidRequest: Could not find repo: did:plc:iwe7sm2agdna4dhskpn2dyuj')
2026-03-30T19:00:12Z WARNING bsky_collector_v2.job.index_feed_generators: listRecords failed repo=did:plc:ix4hlil6uep7a3wekbutoozi err=HttpError('InvalidRequest: Could not find repo: did:plc:ix4hlil6uep7a3wekbutoozi')
2026-03-30T19:00:12Z WARNING bsky_collector_v2.job.index_feed_generators: listRecords failed repo=did:plc:liws5b3pzrtuplhl5epcs7zv err=HttpError('InvalidRequest: Could not find repo: did:plc:liws5b3pzrtuplhl5epcs7zv')
2026-03-30T19:00:12Z WARNING bsky_collector_v2.job.index_feed_generators: listRecords failed repo=did:plc:n22bjr2eixgtz47s5wkq6xay err=HttpError('InvalidRequest: Could not find repo: did:plc:n22bjr2eixgtz47s5wkq6xay')
2026-03-30T19:00:12Z WARNING bsky_collector_v2.job.index_feed_generators: listRecords failed repo=did:plc:owj6f2m3wuohh3dyhpt4ucfx err=HttpError('InvalidRequest: Could not find repo: did:plc:owj6f2m3wuohh3dyhpt4ucfx')
2026-03-30T19:00:12Z WARNING bsky_collector_v2.job.index_feed_generators: listRecords failed repo=did:plc:p4bg6ynjdtcntlgxclis6ih3 err=HttpError('InvalidRequest: Could not find repo: did:plc:p4bg6ynjdtcntlgxclis6ih3')
2026-03-30T19:00:12Z WARNING bsky_collector_v2.job.index_feed_generators: listRecords failed repo=did:plc:rwr4dltndquoo4ssmb4ekabr err=HttpError('InvalidRequest: Could not find repo: did:plc:rwr4dltndquoo4ssmb4ekabr')
2026-03-30T19:00:12Z WARNING bsky_collector_v2.job.index_feed_generators: listRecords failed repo=did:plc:s4ek62jm3af52ggzt4vpn7br err=HttpError('InvalidRequest: Could not find repo: did:plc:s4ek62jm3af52ggzt4vpn7br')
2026-03-30T19:00:12Z WARNING bsky_collector_v2.job.index_feed_generators: listRecords failed repo=did:plc:slliaoti357jnfadyza3gvnd err=HttpError('InvalidRequest: Could not find repo: did:plc:slliaoti357jnfadyza3gvnd')
2026-03-30T19:00:12Z WARNING bsky_collector_v2.job.index_feed_generators: listRecords failed repo=did:plc:un27tm4lroy3vxlq6uqil6bz err=HttpError('InvalidRequest: Could not find repo: did:plc:un27tm4lroy3vxlq6uqil6bz')
2026-03-30T19:00:12Z WARNING bsky_collector_v2.job.index_feed_generators: listRecords failed repo=did:plc:uv7veaicorj3rmvcahvsi5oq err=HttpError('InvalidRequest: Could not find repo: did:plc:uv7veaicorj3rmvcahvsi5oq')
2026-03-30T19:00:12Z WARNING bsky_collector_v2.job.index_feed_generators: listRecords failed repo=did:plc:velezhzniys3gtrxytxbwpcs err=HttpError('InvalidRequest: Could not find repo: did:plc:velezhzniys3gtrxytxbwpcs')
2026-03-30T19:00:12Z WARNING bsky_collector_v2.job.index_feed_generators: listRecords failed repo=did:plc:w3yke4f2k44ek2x62qelplcm err=HttpError('InvalidRequest: Could not find repo: did:plc:w3yke4f2k44ek2x62qelplcm')
2026-03-30T19:00:12Z WARNING bsky_collector_v2.job.index_feed_generators: listRecords failed repo=did:plc:zkqblan5upphqj3kul7yt62s err=HttpError('InvalidRequest: Could not find repo: did:plc:zkqblan5upphqj3kul7yt62s')
2026-03-30T19:00:12Z WARNING bsky_collector_v2.job.index_feed_generators: listRecords failed repo=did:plc:zmeso2fdxhe4m536yoh273ld err=HttpError('InvalidRequest: Could not find repo: did:plc:zmeso2fdxhe4m536yoh273ld')
2026-03-30T19:00:13Z INFO bsky_collector_v2.job.index_feed_generators: enqueued repos page=22 mode=listRepos inserted=500 repos_returned=500 next_cursor=set
2026-03-30T19:00:13Z WARNING bsky_collector_v2.job.index_feed_generators: listRecords failed repo=did:plc:27iajujepl5pwvda2tmu4dh2 err=HttpError('InvalidRequest: Could not find repo: did:plc:27iajujepl5pwvda2tmu4dh2')
2026-03-30T19:00:21Z WARNING bsky_collector_v2.job.index_feed_generators: listRecords failed repo=did:plc:4gyj2zhf4ex2cqh5lrccmhee err=HttpError('InvalidRequest: Could not find repo: did:plc:4gyj2zhf4ex2cqh5lrccmhee')
2026-03-30T19:01:04Z WARNING bsky_collector_v2.job.index_feed_generators: listRecords failed repo=did:plc:m4fxrafhalyna4hdt6rdlwwk err=HttpError('InvalidRequest: Could not find repo: did:plc:m4fxrafhalyna4hdt6rdlwwk')
2026-03-30T19:01:46Z WARNING bsky_collector_v2.job.index_feed_generators: listRecords failed repo=did:plc:27iajujepl5pwvda2tmu4dh2 err=HttpError('InvalidRequest: Could not find repo: did:plc:27iajujepl5pwvda2tmu4dh2')
2026-03-30T19:01:46Z WARNING bsky_collector_v2.job.index_feed_generators: listRecords failed repo=did:plc:4gyj2zhf4ex2cqh5lrccmhee err=HttpError('InvalidRequest: Could not find repo: did:plc:4gyj2zhf4ex2cqh5lrccmhee')
2026-03-30T19:01:46Z WARNING bsky_collector_v2.job.index_feed_generators: listRecords failed repo=did:plc:m4fxrafhalyna4hdt6rdlwwk err=HttpError('InvalidRequest: Could not find repo: did:plc:m4fxrafhalyna4hdt6rdlwwk')
2026-03-30T19:01:46Z WARNING bsky_collector_v2.job.index_feed_generators: listRecords failed repo=did:plc:27iajujepl5pwvda2tmu4dh2 err=HttpError('InvalidRequest: Could not find repo: did:plc:27iajujepl5pwvda2tmu4dh2')
2026-03-30T19:01:46Z WARNING bsky_collector_v2.job.index_feed_generators: listRecords failed repo=did:plc:4gyj2zhf4ex2cqh5lrccmhee err=HttpError('InvalidRequest: Could not find repo: did:plc:4gyj2zhf4ex2cqh5lrccmhee')
2026-03-30T19:01:46Z WARNING bsky_collector_v2.job.index_feed_generators: listRecords failed repo=did:plc:m4fxrafhalyna4hdt6rdlwwk err=HttpError('InvalidRequest: Could not find repo: did:plc:m4fxrafhalyna4hdt6rdlwwk')
2026-03-30T19:01:47Z INFO bsky_collector_v2.job.index_feed_generators: enqueued repos page=23 mode=listRepos inserted=500 repos_returned=500 next_cursor=set
2026-03-30T19:02:05Z INFO bsky_collector_v2.job.index_feed_generators: indexed repo=did:plc:byq33undgspheltzysyn7gwd part=186 records=2 next_cursor=set
2026-03-30T19:02:32Z WARNING bsky_collector_v2.job.index_feed_generators: listRecords failed repo=did:plc:mtbilre6kb2x54h5gdbnosdn err=HttpError('InvalidRequest: Could not find repo: did:plc:mtbilre6kb2x54h5gdbnosdn')
2026-03-30T19:03:09Z WARNING bsky_collector_v2.job.index_feed_generators: listRecords failed repo=did:plc:mtbilre6kb2x54h5gdbnosdn err=HttpError('InvalidRequest: Could not find repo: did:plc:mtbilre6kb2x54h5gdbnosdn')
2026-03-30T19:03:09Z WARNING bsky_collector_v2.job.index_feed_generators: listRecords failed repo=did:plc:mtbilre6kb2x54h5gdbnosdn err=HttpError('InvalidRequest: Could not find repo: did:plc:mtbilre6kb2x54h5gdbnosdn')
2026-03-30T19:03:09Z INFO bsky_collector_v2.job.index_feed_generators: enqueued repos page=24 mode=listRepos inserted=500 repos_returned=500 next_cursor=set
2026-03-30T19:03:39Z WARNING bsky_collector_v2.job.index_feed_generators: listRecords failed repo=did:plc:gz2jj3xoucc7ijbsu7ankpch err=HttpError('InvalidRequest: Could not find repo: did:plc:gz2jj3xoucc7ijbsu7ankpch')
2026-03-30T19:03:52Z WARNING bsky_collector_v2.job.index_feed_generators: listRecords failed repo=did:plc:llyqo7axuimsgmas6masejbz err=HttpError('InvalidRequest: Could not find repo: did:plc:llyqo7axuimsgmas6masejbz')
2026-03-30T19:04:32Z INFO bsky_collector_v2.job.index_feed_generators: indexed repo=did:plc:veatsoamqvaqok2sylxpalhk part=187 records=2 next_cursor=set
2026-03-30T19:04:34Z WARNING bsky_collector_v2.job.index_feed_generators: listRecords failed repo=did:plc:wbdjm62vzw6o6jwqx2tpusmk err=HttpError('InvalidRequest: Could not find repo: did:plc:wbdjm62vzw6o6jwqx2tpusmk')
2026-03-30T19:04:44Z WARNING bsky_collector_v2.job.index_feed_generators: listRecords failed repo=did:plc:ztbtubsmzgik6ckyflpko2ws err=HttpError('InvalidRequest: Could not find repo: did:plc:ztbtubsmzgik6ckyflpko2ws')
2026-03-30T19:04:45Z WARNING bsky_collector_v2.job.index_feed_generators: listRecords failed repo=did:plc:gz2jj3xoucc7ijbsu7ankpch err=HttpError('InvalidRequest: Could not find repo: did:plc:gz2jj3xoucc7ijbsu7ankpch')
2026-03-30T19:04:45Z WARNING bsky_collector_v2.job.index_feed_generators: listRecords failed repo=did:plc:llyqo7axuimsgmas6masejbz err=HttpError('InvalidRequest: Could not find repo: did:plc:llyqo7axuimsgmas6masejbz')
2026-03-30T19:04:45Z WARNING bsky_collector_v2.job.index_feed_generators: listRecords failed repo=did:plc:wbdjm62vzw6o6jwqx2tpusmk err=HttpError('InvalidRequest: Could not find repo: did:plc:wbdjm62vzw6o6jwqx2tpusmk')
2026-03-30T19:04:45Z WARNING bsky_collector_v2.job.index_feed_generators: listRecords failed repo=did:plc:ztbtubsmzgik6ckyflpko2ws err=HttpError('InvalidRequest: Could not find repo: did:plc:ztbtubsmzgik6ckyflpko2ws')
2026-03-30T19:04:45Z WARNING bsky_collector_v2.job.index_feed_generators: listRecords failed repo=did:plc:gz2jj3xoucc7ijbsu7ankpch err=HttpError('InvalidRequest: Could not find repo: did:plc:gz2jj3xoucc7ijbsu7ankpch')
2026-03-30T19:04:45Z WARNING bsky_collector_v2.job.index_feed_generators: listRecords failed repo=did:plc:llyqo7axuimsgmas6masejbz err=HttpError('InvalidRequest: Could not find repo: did:plc:llyqo7axuimsgmas6masejbz')
2026-03-30T19:04:45Z WARNING bsky_collector_v2.job.index_feed_generators: listRecords failed repo=did:plc:wbdjm62vzw6o6jwqx2tpusmk err=HttpError('InvalidRequest: Could not find repo: did:plc:wbdjm62vzw6o6jwqx2tpusmk')
2026-03-30T19:04:45Z WARNING bsky_collector_v2.job.index_feed_generators: listRecords failed repo=did:plc:ztbtubsmzgik6ckyflpko2ws err=HttpError('InvalidRequest: Could not find repo: did:plc:ztbtubsmzgik6ckyflpko2ws')
2026-03-30T19:04:46Z INFO bsky_collector_v2.job.index_feed_generators: enqueued repos page=25 mode=listRepos inserted=500 repos_returned=500 next_cursor=set
2026-03-30T19:04:48Z WARNING bsky_collector_v2.job.index_feed_generators: listRecords failed repo=did:plc:35mzzbarajupj7xwdtob5ogl err=HttpError('InvalidRequest: Could not find repo: did:plc:35mzzbarajupj7xwdtob5ogl')
2026-03-30T19:05:02Z WARNING bsky_collector_v2.job.index_feed_generators: listRecords failed repo=did:plc:aicwep27b6c6znsepcgrru3m err=HttpError('InvalidRequest: Could not find repo: did:plc:aicwep27b6c6znsepcgrru3m')
2026-03-30T19:05:12Z WARNING bsky_collector_v2.job.index_feed_generators: listRecords failed repo=did:plc:ecju7sohur5wbk74i533ttsw err=HttpError('InvalidRequest: Could not find repo: did:plc:ecju7sohur5wbk74i533ttsw')
2026-03-30T19:05:13Z WARNING bsky_collector_v2.job.index_feed_generators: listRecords failed repo=did:plc:etvthrrlm6mttth7x6eev3gs err=HttpError('InvalidRequest: Could not find repo: did:plc:etvthrrlm6mttth7x6eev3gs')
2026-03-30T19:05:14Z WARNING bsky_collector_v2.job.index_feed_generators: listRecords failed repo=did:plc:fcrz3sh5dyqxha3aa667pvae err=HttpError('InvalidRequest: Could not find repo: did:plc:fcrz3sh5dyqxha3aa667pvae')
2026-03-30T19:05:14Z WARNING bsky_collector_v2.job.index_feed_generators: listRecords failed repo=did:plc:fdlk6nezb5jivvqmd4noozns err=HttpError('InvalidRequest: Could not find repo: did:plc:fdlk6nezb5jivvqmd4noozns')
2026-03-30T19:05:21Z WARNING bsky_collector_v2.job.index_feed_generators: listRecords failed repo=did:plc:hikx4tf3ryawnjurkgdpbyxc err=HttpError('InvalidRequest: Could not find repo: did:plc:hikx4tf3ryawnjurkgdpbyxc')
2026-03-30T19:05:36Z WARNING bsky_collector_v2.job.index_feed_generators: listRecords failed repo=did:plc:n4bbgtcx5g7thynu67lpc22y err=HttpError('InvalidRequest: Could not find repo: did:plc:n4bbgtcx5g7thynu67lpc22y')
2026-03-30T19:05:54Z WARNING bsky_collector_v2.job.index_feed_generators: listRecords failed repo=did:plc:syuzn7olupnql2zyvxi7kaoy err=HttpError('InvalidRequest: Could not find repo: did:plc:syuzn7olupnql2zyvxi7kaoy')
2026-03-30T19:05:56Z WARNING bsky_collector_v2.job.index_feed_generators: listRecords failed repo=did:plc:tadhvbxbhhrcgzmze6yum65e err=HttpError('InvalidRequest: Could not find repo: did:plc:tadhvbxbhhrcgzmze6yum65e')
2026-03-30T19:06:06Z WARNING bsky_collector_v2.job.index_feed_generators: listRecords failed repo=did:plc:v3o5ba4fodqitfl2d22bjlzd err=HttpError('InvalidRequest: Could not find repo: did:plc:v3o5ba4fodqitfl2d22bjlzd')
2026-03-30T19:06:09Z WARNING bsky_collector_v2.job.index_feed_generators: listRecords failed repo=did:plc:vm72yyxpi3qvkpzmjge7thpm err=HttpError('InvalidRequest: Could not find repo: did:plc:vm72yyxpi3qvkpzmjge7thpm')
2026-03-30T19:06:18Z WARNING bsky_collector_v2.job.index_feed_generators: listRecords failed repo=did:plc:xesycslhjruwtxrhfy2sp4jv err=HttpError('InvalidRequest: Could not find repo: did:plc:xesycslhjruwtxrhfy2sp4jv')
2026-03-30T19:06:20Z WARNING bsky_collector_v2.job.index_feed_generators: listRecords failed repo=did:plc:xstawsyfqyc7f6uuw73sldlz err=HttpError('InvalidRequest: Could not find repo: did:plc:xstawsyfqyc7f6uuw73sldlz')
2026-03-30T19:06:22Z WARNING bsky_collector_v2.job.index_feed_generators: listRecords failed repo=did:plc:y36fgufeidlfhob4xah2cqm2 err=HttpError('InvalidRequest: Could not find repo: did:plc:y36fgufeidlfhob4xah2cqm2')
2026-03-30T19:06:25Z WARNING bsky_collector_v2.job.index_feed_generators: listRecords failed repo=did:plc:yw555hduuahvmoxwh57aegod err=HttpError('InvalidRequest: Could not find repo: did:plc:yw555hduuahvmoxwh57aegod')
2026-03-30T19:06:25Z WARNING bsky_collector_v2.job.index_feed_generators: listRecords failed repo=did:plc:yxrd6hhxmt4ed353ecq6743x err=HttpError('InvalidRequest: Could not find repo: did:plc:yxrd6hhxmt4ed353ecq6743x')
2026-03-30T19:06:27Z WARNING bsky_collector_v2.job.index_feed_generators: listRecords failed repo=did:plc:zrwkgua3eauy6ukzqajwocha err=HttpError('InvalidRequest: Could not find repo: did:plc:zrwkgua3eauy6ukzqajwocha')
2026-03-30T19:06:28Z WARNING bsky_collector_v2.job.index_feed_generators: listRecords failed repo=did:plc:35mzzbarajupj7xwdtob5ogl err=HttpError('InvalidRequest: Could not find repo: did:plc:35mzzbarajupj7xwdtob5ogl')
2026-03-30T19:06:29Z WARNING bsky_collector_v2.job.index_feed_generators: listRecords failed repo=did:plc:aicwep27b6c6znsepcgrru3m err=HttpError('InvalidRequest: Could not find repo: did:plc:aicwep27b6c6znsepcgrru3m')
2026-03-30T19:06:29Z WARNING bsky_collector_v2.job.index_feed_generators: listRecords failed repo=did:plc:ecju7sohur5wbk74i533ttsw err=HttpError('InvalidRequest: Could not find repo: did:plc:ecju7sohur5wbk74i533ttsw')
2026-03-30T19:06:29Z WARNING bsky_collector_v2.job.index_feed_generators: listRecords failed repo=did:plc:etvthrrlm6mttth7x6eev3gs err=HttpError('InvalidRequest: Could not find repo: did:plc:etvthrrlm6mttth7x6eev3gs')
2026-03-30T19:06:29Z WARNING bsky_collector_v2.job.index_feed_generators: listRecords failed repo=did:plc:fcrz3sh5dyqxha3aa667pvae err=HttpError('InvalidRequest: Could not find repo: did:plc:fcrz3sh5dyqxha3aa667pvae')
2026-03-30T19:06:29Z WARNING bsky_collector_v2.job.index_feed_generators: listRecords failed repo=did:plc:fdlk6nezb5jivvqmd4noozns err=HttpError('InvalidRequest: Could not find repo: did:plc:fdlk6nezb5jivvqmd4noozns')
2026-03-30T19:06:29Z WARNING bsky_collector_v2.job.index_feed_generators: listRecords failed repo=did:plc:hikx4tf3ryawnjurkgdpbyxc err=HttpError('InvalidRequest: Could not find repo: did:plc:hikx4tf3ryawnjurkgdpbyxc')
2026-03-30T19:06:29Z WARNING bsky_collector_v2.job.index_feed_generators: listRecords failed repo=did:plc:n4bbgtcx5g7thynu67lpc22y err=HttpError('InvalidRequest: Could not find repo: did:plc:n4bbgtcx5g7thynu67lpc22y')
2026-03-30T19:06:29Z WARNING bsky_collector_v2.job.index_feed_generators: listRecords failed repo=did:plc:syuzn7olupnql2zyvxi7kaoy err=HttpError('InvalidRequest: Could not find repo: did:plc:syuzn7olupnql2zyvxi7kaoy')
2026-03-30T19:06:29Z WARNING bsky_collector_v2.job.index_feed_generators: listRecords failed repo=did:plc:tadhvbxbhhrcgzmze6yum65e err=HttpError('InvalidRequest: Could not find repo: did:plc:tadhvbxbhhrcgzmze6yum65e')
2026-03-30T19:06:29Z WARNING bsky_collector_v2.job.index_feed_generators: listRecords failed repo=did:plc:v3o5ba4fodqitfl2d22bjlzd err=HttpError('InvalidRequest: Could not find repo: did:plc:v3o5ba4fodqitfl2d22bjlzd')
2026-03-30T19:06:29Z WARNING bsky_collector_v2.job.index_feed_generators: listRecords failed repo=did:plc:vm72yyxpi3qvkpzmjge7thpm err=HttpError('InvalidRequest: Could not find repo: did:plc:vm72yyxpi3qvkpzmjge7thpm')
2026-03-30T19:06:29Z WARNING bsky_collector_v2.job.index_feed_generators: listRecords failed repo=did:plc:xesycslhjruwtxrhfy2sp4jv err=HttpError('InvalidRequest: Could not find repo: did:plc:xesycslhjruwtxrhfy2sp4jv')
2026-03-30T19:06:29Z WARNING bsky_collector_v2.job.index_feed_generators: listRecords failed repo=did:plc:xstawsyfqyc7f6uuw73sldlz err=HttpError('InvalidRequest: Could not find repo: did:plc:xstawsyfqyc7f6uuw73sldlz')
2026-03-30T19:06:29Z WARNING bsky_collector_v2.job.index_feed_generators: listRecords failed repo=did:plc:y36fgufeidlfhob4xah2cqm2 err=HttpError('InvalidRequest: Could not find repo: did:plc:y36fgufeidlfhob4xah2cqm2')
2026-03-30T19:06:29Z WARNING bsky_collector_v2.job.index_feed_generators: listRecords failed repo=did:plc:yw555hduuahvmoxwh57aegod err=HttpError('InvalidRequest: Could not find repo: did:plc:yw555hduuahvmoxwh57aegod')
2026-03-30T19:06:30Z WARNING bsky_collector_v2.job.index_feed_generators: listRecords failed repo=did:plc:yxrd6hhxmt4ed353ecq6743x err=HttpError('InvalidRequest: Could not find repo: did:plc:yxrd6hhxmt4ed353ecq6743x')
2026-03-30T19:06:30Z WARNING bsky_collector_v2.job.index_feed_generators: listRecords failed repo=did:plc:zrwkgua3eauy6ukzqajwocha err=HttpError('InvalidRequest: Could not find repo: did:plc:zrwkgua3eauy6ukzqajwocha')
2026-03-30T19:06:30Z WARNING bsky_collector_v2.job.index_feed_generators: listRecords failed repo=did:plc:35mzzbarajupj7xwdtob5ogl err=HttpError('InvalidRequest: Could not find repo: did:plc:35mzzbarajupj7xwdtob5ogl')
2026-03-30T19:06:30Z WARNING bsky_collector_v2.job.index_feed_generators: listRecords failed repo=did:plc:aicwep27b6c6znsepcgrru3m err=HttpError('InvalidRequest: Could not find repo: did:plc:aicwep27b6c6znsepcgrru3m')
2026-03-30T19:06:30Z WARNING bsky_collector_v2.job.index_feed_generators: listRecords failed repo=did:plc:ecju7sohur5wbk74i533ttsw err=HttpError('InvalidRequest: Could not find repo: did:plc:ecju7sohur5wbk74i533ttsw')
2026-03-30T19:06:30Z WARNING bsky_collector_v2.job.index_feed_generators: listRecords failed repo=did:plc:etvthrrlm6mttth7x6eev3gs err=HttpError('InvalidRequest: Could not find repo: did:plc:etvthrrlm6mttth7x6eev3gs')
2026-03-30T19:06:30Z WARNING bsky_collector_v2.job.index_feed_generators: listRecords failed repo=did:plc:fcrz3sh5dyqxha3aa667pvae err=HttpError('InvalidRequest: Could not find repo: did:plc:fcrz3sh5dyqxha3aa667pvae')
2026-03-30T19:06:30Z WARNING bsky_collector_v2.job.index_feed_generators: listRecords failed repo=did:plc:fdlk6nezb5jivvqmd4noozns err=HttpError('InvalidRequest: Could not find repo: did:plc:fdlk6nezb5jivvqmd4noozns')
2026-03-30T19:06:30Z WARNING bsky_collector_v2.job.index_feed_generators: listRecords failed repo=did:plc:hikx4tf3ryawnjurkgdpbyxc err=HttpError('InvalidRequest: Could not find repo: did:plc:hikx4tf3ryawnjurkgdpbyxc')
2026-03-30T19:06:30Z WARNING bsky_collector_v2.job.index_feed_generators: listRecords failed repo=did:plc:n4bbgtcx5g7thynu67lpc22y err=HttpError('InvalidRequest: Could not find repo: did:plc:n4bbgtcx5g7thynu67lpc22y')
2026-03-30T19:06:30Z WARNING bsky_collector_v2.job.index_feed_generators: listRecords failed repo=did:plc:syuzn7olupnql2zyvxi7kaoy err=HttpError('InvalidRequest: Could not find repo: did:plc:syuzn7olupnql2zyvxi7kaoy')
2026-03-30T19:06:30Z WARNING bsky_collector_v2.job.index_feed_generators: listRecords failed repo=did:plc:tadhvbxbhhrcgzmze6yum65e err=HttpError('InvalidRequest: Could not find repo: did:plc:tadhvbxbhhrcgzmze6yum65e')
2026-03-30T19:06:30Z WARNING bsky_collector_v2.job.index_feed_generators: listRecords failed repo=did:plc:v3o5ba4fodqitfl2d22bjlzd err=HttpError('InvalidRequest: Could not find repo: did:plc:v3o5ba4fodqitfl2d22bjlzd')
2026-03-30T19:06:30Z WARNING bsky_collector_v2.job.index_feed_generators: listRecords failed repo=did:plc:vm72yyxpi3qvkpzmjge7thpm err=HttpError('InvalidRequest: Could not find repo: did:plc:vm72yyxpi3qvkpzmjge7thpm')
2026-03-30T19:06:30Z WARNING bsky_collector_v2.job.index_feed_generators: listRecords failed repo=did:plc:xesycslhjruwtxrhfy2sp4jv err=HttpError('InvalidRequest: Could not find repo: did:plc:xesycslhjruwtxrhfy2sp4jv')
2026-03-30T19:06:30Z WARNING bsky_collector_v2.job.index_feed_generators: listRecords failed repo=did:plc:xstawsyfqyc7f6uuw73sldlz err=HttpError('InvalidRequest: Could not find repo: did:plc:xstawsyfqyc7f6uuw73sldlz')
2026-03-30T19:06:31Z WARNING bsky_collector_v2.job.index_feed_generators: listRecords failed repo=did:plc:y36fgufeidlfhob4xah2cqm2 err=HttpError('InvalidRequest: Could not find repo: did:plc:y36fgufeidlfhob4xah2cqm2')
2026-03-30T19:06:31Z WARNING bsky_collector_v2.job.index_feed_generators: listRecords failed repo=did:plc:yw555hduuahvmoxwh57aegod err=HttpError('InvalidRequest: Could not find repo: did:plc:yw555hduuahvmoxwh57aegod')
2026-03-30T19:06:31Z WARNING bsky_collector_v2.job.index_feed_generators: listRecords failed repo=did:plc:yxrd6hhxmt4ed353ecq6743x err=HttpError('InvalidRequest: Could not find repo: did:plc:yxrd6hhxmt4ed353ecq6743x')
2026-03-30T19:06:31Z WARNING bsky_collector_v2.job.index_feed_generators: listRecords failed repo=did:plc:zrwkgua3eauy6ukzqajwocha err=HttpError('InvalidRequest: Could not find repo: did:plc:zrwkgua3eauy6ukzqajwocha')
2026-03-30T19:06:31Z INFO bsky_collector_v2.job.index_feed_generators: enqueued repos page=26 mode=listRepos inserted=500 repos_returned=500 next_cursor=set
2026-03-30T19:06:36Z WARNING bsky_collector_v2.job.index_feed_generators: listRecords failed repo=did:plc:35rkyg5rnf22ygg7qrdhgxar err=HttpError('InvalidRequest: Could not find repo: did:plc:35rkyg5rnf22ygg7qrdhgxar')
2026-03-30T19:06:36Z WARNING bsky_collector_v2.job.index_feed_generators: listRecords failed repo=did:plc:3ibo7g6eattnf2to7aqgxdec err=HttpError('InvalidRequest: Could not find repo: did:plc:3ibo7g6eattnf2to7aqgxdec')
2026-03-30T19:06:38Z WARNING bsky_collector_v2.job.index_feed_generators: listRecords failed repo=did:plc:4csywteh67ajegyynowvlhvr err=HttpError('InvalidRequest: Could not find repo: did:plc:4csywteh67ajegyynowvlhvr')
2026-03-30T19:06:39Z WARNING bsky_collector_v2.job.index_feed_generators: listRecords failed repo=did:plc:4u3aqcdkijue7psuoguzapgx err=HttpError('InvalidRequest: Could not find repo: did:plc:4u3aqcdkijue7psuoguzapgx')
2026-03-30T19:06:42Z WARNING bsky_collector_v2.job.index_feed_generators: listRecords failed repo=did:plc:5yzduieaiqeduhnxfbtqe5a2 err=HttpError('InvalidRequest: Could not find repo: did:plc:5yzduieaiqeduhnxfbtqe5a2')
2026-03-30T19:06:45Z WARNING bsky_collector_v2.job.index_feed_generators: listRecords failed repo=did:plc:73ac2anithsba6krbiki2gis err=HttpError('InvalidRequest: Could not find repo: did:plc:73ac2anithsba6krbiki2gis')
2026-03-30T19:06:46Z WARNING bsky_collector_v2.job.index_feed_generators: listRecords failed repo=did:plc:7t3fyeicgnnetpfady4u56wm err=HttpError('InvalidRequest: Could not find repo: did:plc:7t3fyeicgnnetpfady4u56wm')
2026-03-30T19:06:47Z WARNING bsky_collector_v2.job.index_feed_generators: listRecords failed repo=did:plc:a4tij4rdp3fbqpdqvdinkscp err=HttpError('InvalidRequest: Could not find repo: did:plc:a4tij4rdp3fbqpdqvdinkscp')
2026-03-30T19:06:50Z WARNING bsky_collector_v2.job.index_feed_generators: listRecords failed repo=did:plc:ayqfvcgjf6jxc3zpmfgrudeb err=HttpError('InvalidRequest: Could not find repo: did:plc:ayqfvcgjf6jxc3zpmfgrudeb')
2026-03-30T19:06:53Z WARNING bsky_collector_v2.job.index_feed_generators: listRecords failed repo=did:plc:crcdx6cey5okmfdmjqqfc7i6 err=HttpError('InvalidRequest: Could not find repo: did:plc:crcdx6cey5okmfdmjqqfc7i6')
2026-03-30T19:06:54Z WARNING bsky_collector_v2.job.index_feed_generators: listRecords failed repo=did:plc:cxf6fc2bbgdryyi3r67kc2rr err=HttpError('InvalidRequest: Could not find repo: did:plc:cxf6fc2bbgdryyi3r67kc2rr')
2026-03-30T19:06:54Z WARNING bsky_collector_v2.job.index_feed_generators: listRecords failed repo=did:plc:di5bimiqaw7irtf5udbfhe3c err=HttpError('InvalidRequest: Could not find repo: did:plc:di5bimiqaw7irtf5udbfhe3c')
2026-03-30T19:06:55Z WARNING bsky_collector_v2.job.index_feed_generators: listRecords failed repo=did:plc:drd73d4f6w525ukjqaev25k4 err=HttpError('InvalidRequest: Could not find repo: did:plc:drd73d4f6w525ukjqaev25k4')
2026-03-30T19:06:56Z WARNING bsky_collector_v2.job.index_feed_generators: listRecords failed repo=did:plc:e2fqgwrkmeh2bqumyl4ndsro err=HttpError('InvalidRequest: Could not find repo: did:plc:e2fqgwrkmeh2bqumyl4ndsro')
2026-03-30T19:06:58Z WARNING bsky_collector_v2.job.index_feed_generators: listRecords failed repo=did:plc:ehx7rh2u52jiid5gmblhn2pg err=HttpError('InvalidRequest: Could not find repo: did:plc:ehx7rh2u52jiid5gmblhn2pg')
2026-03-30T19:07:00Z WARNING bsky_collector_v2.job.index_feed_generators: listRecords failed repo=did:plc:fdpicxokhmyed7db5uno4om4 err=HttpError('InvalidRequest: Could not find repo: did:plc:fdpicxokhmyed7db5uno4om4')
2026-03-30T19:07:02Z WARNING bsky_collector_v2.job.index_feed_generators: listRecords failed repo=did:plc:fubhee6k5275pzpug3x53sc4 err=HttpError('InvalidRequest: Could not find repo: did:plc:fubhee6k5275pzpug3x53sc4')
2026-03-30T19:07:03Z WARNING bsky_collector_v2.job.index_feed_generators: listRecords failed repo=did:plc:g5bockovonycjwpxfriu3r6b err=HttpError('InvalidRequest: Could not find repo: did:plc:g5bockovonycjwpxfriu3r6b')
2026-03-30T19:07:08Z WARNING bsky_collector_v2.job.index_feed_generators: listRecords failed repo=did:plc:hx3zpb3fjkitjhzcwta6zsgu err=HttpError('InvalidRequest: Could not find repo: did:plc:hx3zpb3fjkitjhzcwta6zsgu')
2026-03-30T19:07:15Z WARNING bsky_collector_v2.job.index_feed_generators: listRecords failed repo=did:plc:ksjjf54z2nhq3nfm2u3an5g2 err=HttpError('InvalidRequest: Could not find repo: did:plc:ksjjf54z2nhq3nfm2u3an5g2')
2026-03-30T19:07:21Z WARNING bsky_collector_v2.job.index_feed_generators: listRecords failed repo=did:plc:n45lcnlfj4nkpapnpuxqso6f err=HttpError('InvalidRequest: Could not find repo: did:plc:n45lcnlfj4nkpapnpuxqso6f')
2026-03-30T19:07:22Z WARNING bsky_collector_v2.job.index_feed_generators: listRecords failed repo=did:plc:nbymovizwlauhf4dyuzwaswc err=HttpError('InvalidRequest: Could not find repo: did:plc:nbymovizwlauhf4dyuzwaswc')
2026-03-30T19:07:25Z WARNING bsky_collector_v2.job.index_feed_generators: listRecords failed repo=did:plc:otaj354fcq7jdvqqwfzio6y4 err=HttpError('InvalidRequest: Could not find repo: did:plc:otaj354fcq7jdvqqwfzio6y4')
2026-03-30T19:07:27Z WARNING bsky_collector_v2.job.index_feed_generators: listRecords failed repo=did:plc:pw4vmm53nnbif7yfrlrontac err=HttpError('InvalidRequest: Could not find repo: did:plc:pw4vmm53nnbif7yfrlrontac')
2026-03-30T19:07:28Z WARNING bsky_collector_v2.job.index_feed_generators: listRecords failed repo=did:plc:qg4wldl67up4mqs7wpubb73o err=HttpError('InvalidRequest: Could not find repo: did:plc:qg4wldl67up4mqs7wpubb73o')
2026-03-30T19:07:28Z WARNING bsky_collector_v2.job.index_feed_generators: listRecords failed repo=did:plc:qi2o4vl22gu4oqnqb3sexdnc err=HttpError('InvalidRequest: Could not find repo: did:plc:qi2o4vl22gu4oqnqb3sexdnc')
2026-03-30T19:07:41Z WARNING bsky_collector_v2.job.index_feed_generators: listRecords failed repo=did:plc:tkmltanadt2hm4vgfimbwo2h err=HttpError('InvalidRequest: Could not find repo: did:plc:tkmltanadt2hm4vgfimbwo2h')
2026-03-30T19:07:45Z WARNING bsky_collector_v2.job.index_feed_generators: listRecords failed repo=did:plc:uctiwurjucil252wal5x2ehh err=HttpError('InvalidRequest: Could not find repo: did:plc:uctiwurjucil252wal5x2ehh')
2026-03-30T19:07:50Z WARNING bsky_collector_v2.job.index_feed_generators: listRecords failed repo=did:plc:v72xdke3ablx73xo7cin5bze err=HttpError('InvalidRequest: Could not find repo: did:plc:v72xdke3ablx73xo7cin5bze')
2026-03-30T19:07:50Z WARNING bsky_collector_v2.job.index_feed_generators: listRecords failed repo=did:plc:v7ozrh5srlpzw4abpfliqdcs err=HttpError('InvalidRequest: Could not find repo: did:plc:v7ozrh5srlpzw4abpfliqdcs')
2026-03-30T19:07:55Z WARNING bsky_collector_v2.job.index_feed_generators: listRecords failed repo=did:plc:wqsiqj2hnzfrcvg7yojstxxq err=HttpError('InvalidRequest: Could not find repo: did:plc:wqsiqj2hnzfrcvg7yojstxxq')
2026-03-30T19:07:57Z WARNING bsky_collector_v2.job.index_feed_generators: listRecords failed repo=did:plc:x734ldwgkejx3reniq6gm3tt err=HttpError('InvalidRequest: Could not find repo: did:plc:x734ldwgkejx3reniq6gm3tt')
2026-03-30T19:07:59Z WARNING bsky_collector_v2.job.index_feed_generators: listRecords failed repo=did:plc:ywhvfmjx3uq2i6ckklkolyum err=HttpError('InvalidRequest: Could not find repo: did:plc:ywhvfmjx3uq2i6ckklkolyum')
2026-03-30T19:08:02Z WARNING bsky_collector_v2.job.index_feed_generators: listRecords failed repo=did:plc:35rkyg5rnf22ygg7qrdhgxar err=HttpError('InvalidRequest: Could not find repo: did:plc:35rkyg5rnf22ygg7qrdhgxar')
2026-03-30T19:08:02Z WARNING bsky_collector_v2.job.index_feed_generators: listRecords failed repo=did:plc:3ibo7g6eattnf2to7aqgxdec err=HttpError('InvalidRequest: Could not find repo: did:plc:3ibo7g6eattnf2to7aqgxdec')
2026-03-30T19:08:03Z WARNING bsky_collector_v2.job.index_feed_generators: listRecords failed repo=did:plc:4csywteh67ajegyynowvlhvr err=HttpError('InvalidRequest: Could not find repo: did:plc:4csywteh67ajegyynowvlhvr')
2026-03-30T19:08:03Z WARNING bsky_collector_v2.job.index_feed_generators: listRecords failed repo=did:plc:4u3aqcdkijue7psuoguzapgx err=HttpError('InvalidRequest: Could not find repo: did:plc:4u3aqcdkijue7psuoguzapgx')
2026-03-30T19:08:03Z WARNING bsky_collector_v2.job.index_feed_generators: listRecords failed repo=did:plc:5yzduieaiqeduhnxfbtqe5a2 err=HttpError('InvalidRequest: Could not find repo: did:plc:5yzduieaiqeduhnxfbtqe5a2')
2026-03-30T19:08:03Z WARNING bsky_collector_v2.job.index_feed_generators: listRecords failed repo=did:plc:73ac2anithsba6krbiki2gis err=HttpError('InvalidRequest: Could not find repo: did:plc:73ac2anithsba6krbiki2gis')
2026-03-30T19:08:03Z WARNING bsky_collector_v2.job.index_feed_generators: listRecords failed repo=did:plc:7t3fyeicgnnetpfady4u56wm err=HttpError('InvalidRequest: Could not find repo: did:plc:7t3fyeicgnnetpfady4u56wm')
2026-03-30T19:08:03Z WARNING bsky_collector_v2.job.index_feed_generators: listRecords failed repo=did:plc:a4tij4rdp3fbqpdqvdinkscp err=HttpError('InvalidRequest: Could not find repo: did:plc:a4tij4rdp3fbqpdqvdinkscp')
2026-03-30T19:08:03Z WARNING bsky_collector_v2.job.index_feed_generators: listRecords failed repo=did:plc:ayqfvcgjf6jxc3zpmfgrudeb err=HttpError('InvalidRequest: Could not find repo: did:plc:ayqfvcgjf6jxc3zpmfgrudeb')
2026-03-30T19:08:03Z WARNING bsky_collector_v2.job.index_feed_generators: listRecords failed repo=did:plc:crcdx6cey5okmfdmjqqfc7i6 err=HttpError('InvalidRequest: Could not find repo: did:plc:crcdx6cey5okmfdmjqqfc7i6')
2026-03-30T19:08:03Z WARNING bsky_collector_v2.job.index_feed_generators: listRecords failed repo=did:plc:cxf6fc2bbgdryyi3r67kc2rr err=HttpError('InvalidRequest: Could not find repo: did:plc:cxf6fc2bbgdryyi3r67kc2rr')
2026-03-30T19:08:03Z WARNING bsky_collector_v2.job.index_feed_generators: listRecords failed repo=did:plc:di5bimiqaw7irtf5udbfhe3c err=HttpError('InvalidRequest: Could not find repo: did:plc:di5bimiqaw7irtf5udbfhe3c')
2026-03-30T19:08:03Z WARNING bsky_collector_v2.job.index_feed_generators: listRecords failed repo=did:plc:drd73d4f6w525ukjqaev25k4 err=HttpError('InvalidRequest: Could not find repo: did:plc:drd73d4f6w525ukjqaev25k4')
2026-03-30T19:08:03Z WARNING bsky_collector_v2.job.index_feed_generators: listRecords failed repo=did:plc:e2fqgwrkmeh2bqumyl4ndsro err=HttpError('InvalidRequest: Could not find repo: did:plc:e2fqgwrkmeh2bqumyl4ndsro')
2026-03-30T19:08:03Z WARNING bsky_collector_v2.job.index_feed_generators: listRecords failed repo=did:plc:ehx7rh2u52jiid5gmblhn2pg err=HttpError('InvalidRequest: Could not find repo: did:plc:ehx7rh2u52jiid5gmblhn2pg')
2026-03-30T19:08:03Z WARNING bsky_collector_v2.job.index_feed_generators: listRecords failed repo=did:plc:fdpicxokhmyed7db5uno4om4 err=HttpError('InvalidRequest: Could not find repo: did:plc:fdpicxokhmyed7db5uno4om4')
2026-03-30T19:08:03Z WARNING bsky_collector_v2.job.index_feed_generators: listRecords failed repo=did:plc:fubhee6k5275pzpug3x53sc4 err=HttpError('InvalidRequest: Could not find repo: did:plc:fubhee6k5275pzpug3x53sc4')
2026-03-30T19:08:04Z WARNING bsky_collector_v2.job.index_feed_generators: listRecords failed repo=did:plc:g5bockovonycjwpxfriu3r6b err=HttpError('InvalidRequest: Could not find repo: did:plc:g5bockovonycjwpxfriu3r6b')
2026-03-30T19:08:04Z WARNING bsky_collector_v2.job.index_feed_generators: listRecords failed repo=did:plc:hx3zpb3fjkitjhzcwta6zsgu err=HttpError('InvalidRequest: Could not find repo: did:plc:hx3zpb3fjkitjhzcwta6zsgu')
2026-03-30T19:08:04Z WARNING bsky_collector_v2.job.index_feed_generators: listRecords failed repo=did:plc:ksjjf54z2nhq3nfm2u3an5g2 err=HttpError('InvalidRequest: Could not find repo: did:plc:ksjjf54z2nhq3nfm2u3an5g2')
2026-03-30T19:08:04Z WARNING bsky_collector_v2.job.index_feed_generators: listRecords failed repo=did:plc:n45lcnlfj4nkpapnpuxqso6f err=HttpError('InvalidRequest: Could not find repo: did:plc:n45lcnlfj4nkpapnpuxqso6f')
2026-03-30T19:08:04Z WARNING bsky_collector_v2.job.index_feed_generators: listRecords failed repo=did:plc:nbymovizwlauhf4dyuzwaswc err=HttpError('InvalidRequest: Could not find repo: did:plc:nbymovizwlauhf4dyuzwaswc')
2026-03-30T19:08:04Z WARNING bsky_collector_v2.job.index_feed_generators: listRecords failed repo=did:plc:otaj354fcq7jdvqqwfzio6y4 err=HttpError('InvalidRequest: Could not find repo: did:plc:otaj354fcq7jdvqqwfzio6y4')
2026-03-30T19:08:04Z WARNING bsky_collector_v2.job.index_feed_generators: listRecords failed repo=did:plc:pw4vmm53nnbif7yfrlrontac err=HttpError('InvalidRequest: Could not find repo: did:plc:pw4vmm53nnbif7yfrlrontac')
2026-03-30T19:08:04Z WARNING bsky_collector_v2.job.index_feed_generators: listRecords failed repo=did:plc:qg4wldl67up4mqs7wpubb73o err=HttpError('InvalidRequest: Could not find repo: did:plc:qg4wldl67up4mqs7wpubb73o')
2026-03-30T19:08:04Z WARNING bsky_collector_v2.job.index_feed_generators: listRecords failed repo=did:plc:qi2o4vl22gu4oqnqb3sexdnc err=HttpError('InvalidRequest: Could not find repo: did:plc:qi2o4vl22gu4oqnqb3sexdnc')
2026-03-30T19:08:04Z WARNING bsky_collector_v2.job.index_feed_generators: listRecords failed repo=did:plc:tkmltanadt2hm4vgfimbwo2h err=HttpError('InvalidRequest: Could not find repo: did:plc:tkmltanadt2hm4vgfimbwo2h')
2026-03-30T19:08:04Z WARNING bsky_collector_v2.job.index_feed_generators: listRecords failed repo=did:plc:uctiwurjucil252wal5x2ehh err=HttpError('InvalidRequest: Could not find repo: did:plc:uctiwurjucil252wal5x2ehh')
2026-03-30T19:08:04Z WARNING bsky_collector_v2.job.index_feed_generators: listRecords failed repo=did:plc:v72xdke3ablx73xo7cin5bze err=HttpError('InvalidRequest: Could not find repo: did:plc:v72xdke3ablx73xo7cin5bze')
2026-03-30T19:08:04Z WARNING bsky_collector_v2.job.index_feed_generators: listRecords failed repo=did:plc:v7ozrh5srlpzw4abpfliqdcs err=HttpError('InvalidRequest: Could not find repo: did:plc:v7ozrh5srlpzw4abpfliqdcs')
2026-03-30T19:08:04Z WARNING bsky_collector_v2.job.index_feed_generators: listRecords failed repo=did:plc:wqsiqj2hnzfrcvg7yojstxxq err=HttpError('InvalidRequest: Could not find repo: did:plc:wqsiqj2hnzfrcvg7yojstxxq')
2026-03-30T19:08:04Z WARNING bsky_collector_v2.job.index_feed_generators: listRecords failed repo=did:plc:x734ldwgkejx3reniq6gm3tt err=HttpError('InvalidRequest: Could not find repo: did:plc:x734ldwgkejx3reniq6gm3tt')
2026-03-30T19:08:04Z WARNING bsky_collector_v2.job.index_feed_generators: listRecords failed repo=did:plc:ywhvfmjx3uq2i6ckklkolyum err=HttpError('InvalidRequest: Could not find repo: did:plc:ywhvfmjx3uq2i6ckklkolyum')
2026-03-30T19:08:05Z WARNING bsky_collector_v2.job.index_feed_generators: listRecords failed repo=did:plc:35rkyg5rnf22ygg7qrdhgxar err=HttpError('InvalidRequest: Could not find repo: did:plc:35rkyg5rnf22ygg7qrdhgxar')
2026-03-30T19:08:05Z WARNING bsky_collector_v2.job.index_feed_generators: listRecords failed repo=did:plc:3ibo7g6eattnf2to7aqgxdec err=HttpError('InvalidRequest: Could not find repo: did:plc:3ibo7g6eattnf2to7aqgxdec')
2026-03-30T19:08:05Z WARNING bsky_collector_v2.job.index_feed_generators: listRecords failed repo=did:plc:4csywteh67ajegyynowvlhvr err=HttpError('InvalidRequest: Could not find repo: did:plc:4csywteh67ajegyynowvlhvr')
2026-03-30T19:08:05Z WARNING bsky_collector_v2.job.index_feed_generators: listRecords failed repo=did:plc:4u3aqcdkijue7psuoguzapgx err=HttpError('InvalidRequest: Could not find repo: did:plc:4u3aqcdkijue7psuoguzapgx')
2026-03-30T19:08:05Z WARNING bsky_collector_v2.job.index_feed_generators: listRecords failed repo=did:plc:5yzduieaiqeduhnxfbtqe5a2 err=HttpError('InvalidRequest: Could not find repo: did:plc:5yzduieaiqeduhnxfbtqe5a2')
2026-03-30T19:08:05Z WARNING bsky_collector_v2.job.index_feed_generators: listRecords failed repo=did:plc:73ac2anithsba6krbiki2gis err=HttpError('InvalidRequest: Could not find repo: did:plc:73ac2anithsba6krbiki2gis')
2026-03-30T19:08:05Z WARNING bsky_collector_v2.job.index_feed_generators: listRecords failed repo=did:plc:7t3fyeicgnnetpfady4u56wm err=HttpError('InvalidRequest: Could not find repo: did:plc:7t3fyeicgnnetpfady4u56wm')
2026-03-30T19:08:05Z WARNING bsky_collector_v2.job.index_feed_generators: listRecords failed repo=did:plc:a4tij4rdp3fbqpdqvdinkscp err=HttpError('InvalidRequest: Could not find repo: did:plc:a4tij4rdp3fbqpdqvdinkscp')
2026-03-30T19:08:05Z WARNING bsky_collector_v2.job.index_feed_generators: listRecords failed repo=did:plc:ayqfvcgjf6jxc3zpmfgrudeb err=HttpError('InvalidRequest: Could not find repo: did:plc:ayqfvcgjf6jxc3zpmfgrudeb')
2026-03-30T19:08:05Z WARNING bsky_collector_v2.job.index_feed_generators: listRecords failed repo=did:plc:crcdx6cey5okmfdmjqqfc7i6 err=HttpError('InvalidRequest: Could not find repo: did:plc:crcdx6cey5okmfdmjqqfc7i6')
2026-03-30T19:08:05Z WARNING bsky_collector_v2.job.index_feed_generators: listRecords failed repo=did:plc:cxf6fc2bbgdryyi3r67kc2rr err=HttpError('InvalidRequest: Could not find repo: did:plc:cxf6fc2bbgdryyi3r67kc2rr')
2026-03-30T19:08:05Z WARNING bsky_collector_v2.job.index_feed_generators: listRecords failed repo=did:plc:di5bimiqaw7irtf5udbfhe3c err=HttpError('InvalidRequest: Could not find repo: did:plc:di5bimiqaw7irtf5udbfhe3c')
2026-03-30T19:08:05Z WARNING bsky_collector_v2.job.index_feed_generators: listRecords failed repo=did:plc:drd73d4f6w525ukjqaev25k4 err=HttpError('InvalidRequest: Could not find repo: did:plc:drd73d4f6w525ukjqaev25k4')
2026-03-30T19:08:06Z WARNING bsky_collector_v2.job.index_feed_generators: listRecords failed repo=did:plc:e2fqgwrkmeh2bqumyl4ndsro err=HttpError('InvalidRequest: Could not find repo: did:plc:e2fqgwrkmeh2bqumyl4ndsro')
2026-03-30T19:08:06Z WARNING bsky_collector_v2.job.index_feed_generators: listRecords failed repo=did:plc:ehx7rh2u52jiid5gmblhn2pg err=HttpError('InvalidRequest: Could not find repo: did:plc:ehx7rh2u52jiid5gmblhn2pg')
2026-03-30T19:08:06Z WARNING bsky_collector_v2.job.index_feed_generators: listRecords failed repo=did:plc:fdpicxokhmyed7db5uno4om4 err=HttpError('InvalidRequest: Could not find repo: did:plc:fdpicxokhmyed7db5uno4om4')
2026-03-30T19:08:06Z WARNING bsky_collector_v2.job.index_feed_generators: listRecords failed repo=did:plc:fubhee6k5275pzpug3x53sc4 err=HttpError('InvalidRequest: Could not find repo: did:plc:fubhee6k5275pzpug3x53sc4')
2026-03-30T19:08:06Z WARNING bsky_collector_v2.job.index_feed_generators: listRecords failed repo=did:plc:g5bockovonycjwpxfriu3r6b err=HttpError('InvalidRequest: Could not find repo: did:plc:g5bockovonycjwpxfriu3r6b')
2026-03-30T19:08:06Z WARNING bsky_collector_v2.job.index_feed_generators: listRecords failed repo=did:plc:hx3zpb3fjkitjhzcwta6zsgu err=HttpError('InvalidRequest: Could not find repo: did:plc:hx3zpb3fjkitjhzcwta6zsgu')
2026-03-30T19:08:06Z WARNING bsky_collector_v2.job.index_feed_generators: listRecords failed repo=did:plc:ksjjf54z2nhq3nfm2u3an5g2 err=HttpError('InvalidRequest: Could not find repo: did:plc:ksjjf54z2nhq3nfm2u3an5g2')
2026-03-30T19:08:06Z WARNING bsky_collector_v2.job.index_feed_generators: listRecords failed repo=did:plc:n45lcnlfj4nkpapnpuxqso6f err=HttpError('InvalidRequest: Could not find repo: did:plc:n45lcnlfj4nkpapnpuxqso6f')
2026-03-30T19:08:06Z WARNING bsky_collector_v2.job.index_feed_generators: listRecords failed repo=did:plc:nbymovizwlauhf4dyuzwaswc err=HttpError('InvalidRequest: Could not find repo: did:plc:nbymovizwlauhf4dyuzwaswc')
2026-03-30T19:08:06Z WARNING bsky_collector_v2.job.index_feed_generators: listRecords failed repo=did:plc:otaj354fcq7jdvqqwfzio6y4 err=HttpError('InvalidRequest: Could not find repo: did:plc:otaj354fcq7jdvqqwfzio6y4')
2026-03-30T19:08:06Z WARNING bsky_collector_v2.job.index_feed_generators: listRecords failed repo=did:plc:pw4vmm53nnbif7yfrlrontac err=HttpError('InvalidRequest: Could not find repo: did:plc:pw4vmm53nnbif7yfrlrontac')
2026-03-30T19:08:06Z WARNING bsky_collector_v2.job.index_feed_generators: listRecords failed repo=did:plc:qg4wldl67up4mqs7wpubb73o err=HttpError('InvalidRequest: Could not find repo: did:plc:qg4wldl67up4mqs7wpubb73o')
2026-03-30T19:08:06Z WARNING bsky_collector_v2.job.index_feed_generators: listRecords failed repo=did:plc:qi2o4vl22gu4oqnqb3sexdnc err=HttpError('InvalidRequest: Could not find repo: did:plc:qi2o4vl22gu4oqnqb3sexdnc')
2026-03-30T19:08:06Z WARNING bsky_collector_v2.job.index_feed_generators: listRecords failed repo=did:plc:tkmltanadt2hm4vgfimbwo2h err=HttpError('InvalidRequest: Could not find repo: did:plc:tkmltanadt2hm4vgfimbwo2h')
2026-03-30T19:08:06Z WARNING bsky_collector_v2.job.index_feed_generators: listRecords failed repo=did:plc:uctiwurjucil252wal5x2ehh err=HttpError('InvalidRequest: Could not find repo: did:plc:uctiwurjucil252wal5x2ehh')
2026-03-30T19:08:06Z WARNING bsky_collector_v2.job.index_feed_generators: listRecords failed repo=did:plc:v72xdke3ablx73xo7cin5bze err=HttpError('InvalidRequest: Could not find repo: did:plc:v72xdke3ablx73xo7cin5bze')
2026-03-30T19:08:06Z WARNING bsky_collector_v2.job.index_feed_generators: listRecords failed repo=did:plc:v7ozrh5srlpzw4abpfliqdcs err=HttpError('InvalidRequest: Could not find repo: did:plc:v7ozrh5srlpzw4abpfliqdcs')
2026-03-30T19:08:07Z WARNING bsky_collector_v2.job.index_feed_generators: listRecords failed repo=did:plc:wqsiqj2hnzfrcvg7yojstxxq err=HttpError('InvalidRequest: Could not find repo: did:plc:wqsiqj2hnzfrcvg7yojstxxq')
2026-03-30T19:08:07Z WARNING bsky_collector_v2.job.index_feed_generators: listRecords failed repo=did:plc:x734ldwgkejx3reniq6gm3tt err=HttpError('InvalidRequest: Could not find repo: did:plc:x734ldwgkejx3reniq6gm3tt')
2026-03-30T19:08:07Z WARNING bsky_collector_v2.job.index_feed_generators: listRecords failed repo=did:plc:ywhvfmjx3uq2i6ckklkolyum err=HttpError('InvalidRequest: Could not find repo: did:plc:ywhvfmjx3uq2i6ckklkolyum')
2026-03-30T19:08:07Z INFO bsky_collector_v2.job.index_feed_generators: enqueued repos page=27 mode=listRepos inserted=500 repos_returned=500 next_cursor=set
2026-03-30T19:08:09Z WARNING bsky_collector_v2.job.index_feed_generators: listRecords failed repo=did:plc:2k4aq2xlz42ziukwahysqwqb err=HttpError('InvalidRequest: Could not find repo: did:plc:2k4aq2xlz42ziukwahysqwqb')
2026-03-30T19:08:11Z WARNING bsky_collector_v2.job.index_feed_generators: listRecords failed repo=did:plc:3fwirqneszk5udu3a2nth5os err=HttpError('InvalidRequest: Could not find repo: did:plc:3fwirqneszk5udu3a2nth5os')
2026-03-30T19:08:16Z WARNING bsky_collector_v2.job.index_feed_generators: listRecords failed repo=did:plc:5ucgxpwi4b32okjdiichpox6 err=HttpError('InvalidRequest: Could not find repo: did:plc:5ucgxpwi4b32okjdiichpox6')
2026-03-30T19:08:19Z WARNING bsky_collector_v2.job.index_feed_generators: listRecords failed repo=did:plc:6qoxnmjzvb33ihucmtw5qivu err=HttpError('InvalidRequest: Could not find repo: did:plc:6qoxnmjzvb33ihucmtw5qivu')
2026-03-30T19:08:20Z WARNING bsky_collector_v2.job.index_feed_generators: listRecords failed repo=did:plc:6vcaadqksyhlzln63evrduem err=HttpError('InvalidRequest: Could not find repo: did:plc:6vcaadqksyhlzln63evrduem')
2026-03-30T19:08:24Z WARNING bsky_collector_v2.job.index_feed_generators: listRecords failed repo=did:plc:azf3mpxex4fkqfbcgzjptnfs err=HttpError('InvalidRequest: Could not find repo: did:plc:azf3mpxex4fkqfbcgzjptnfs')
2026-03-30T19:08:25Z WARNING bsky_collector_v2.job.index_feed_generators: listRecords failed repo=did:plc:bdeakk25wyxoskdzmxm5ertd err=HttpError('InvalidRequest: Could not find repo: did:plc:bdeakk25wyxoskdzmxm5ertd')
2026-03-30T19:08:29Z WARNING bsky_collector_v2.job.index_feed_generators: listRecords failed repo=did:plc:dmhmlfx6fah244xbhnkvt6c3 err=HttpError('InvalidRequest: Could not find repo: did:plc:dmhmlfx6fah244xbhnkvt6c3')
2026-03-30T19:08:33Z WARNING bsky_collector_v2.job.index_feed_generators: listRecords failed repo=did:plc:enm4tet4lwfiwr4rznsj3qfj err=HttpError('InvalidRequest: Could not find repo: did:plc:enm4tet4lwfiwr4rznsj3qfj')
2026-03-30T19:08:35Z WARNING bsky_collector_v2.job.index_feed_generators: listRecords failed repo=did:plc:flz5qbhiefb4qva3vdzxstpp err=HttpError('InvalidRequest: Could not find repo: did:plc:flz5qbhiefb4qva3vdzxstpp')
2026-03-30T19:08:37Z WARNING bsky_collector_v2.job.index_feed_generators: listRecords failed repo=did:plc:fwrm7zifg2wsa2xvfba7em3l err=HttpError('InvalidRequest: Could not find repo: did:plc:fwrm7zifg2wsa2xvfba7em3l')
2026-03-30T19:08:46Z WARNING bsky_collector_v2.job.index_feed_generators: listRecords failed repo=did:plc:jmikpl7f365cmwdy77ms3gbg err=HttpError('InvalidRequest: Could not find repo: did:plc:jmikpl7f365cmwdy77ms3gbg')
2026-03-30T19:08:48Z WARNING bsky_collector_v2.job.index_feed_generators: listRecords failed repo=did:plc:kdf33bhlptpvtuny5oypfvkd err=HttpError('InvalidRequest: Could not find repo: did:plc:kdf33bhlptpvtuny5oypfvkd')
2026-03-30T19:08:49Z WARNING bsky_collector_v2.job.index_feed_generators: listRecords failed repo=did:plc:ky4t3vbjvetpplluatvr54qv err=HttpError('InvalidRequest: Could not find repo: did:plc:ky4t3vbjvetpplluatvr54qv')
2026-03-30T19:08:50Z WARNING bsky_collector_v2.job.index_feed_generators: listRecords failed repo=did:plc:ldjwdiw2afkel4szvnuskba7 err=HttpError('InvalidRequest: Could not find repo: did:plc:ldjwdiw2afkel4szvnuskba7')
2026-03-30T19:08:52Z WARNING bsky_collector_v2.job.index_feed_generators: listRecords failed repo=did:plc:m5fyb3uassv3xg4yhrda3fao err=HttpError('InvalidRequest: Could not find repo: did:plc:m5fyb3uassv3xg4yhrda3fao')
2026-03-30T19:08:53Z WARNING bsky_collector_v2.job.index_feed_generators: listRecords failed repo=did:plc:mkya4a3okmuisyqguutcdvd7 err=HttpError('InvalidRequest: Could not find repo: did:plc:mkya4a3okmuisyqguutcdvd7')
2026-03-30T19:08:57Z WARNING bsky_collector_v2.job.index_feed_generators: listRecords failed repo=did:plc:onx7w34wxzzoicaxnamazvma err=HttpError('InvalidRequest: Could not find repo: did:plc:onx7w34wxzzoicaxnamazvma')
2026-03-30T19:09:00Z WARNING bsky_collector_v2.job.index_feed_generators: listRecords failed repo=did:plc:pvvpkgm4maozqcfndor2ret5 err=HttpError('InvalidRequest: Could not find repo: did:plc:pvvpkgm4maozqcfndor2ret5')
2026-03-30T19:09:00Z WARNING bsky_collector_v2.job.index_feed_generators: listRecords failed repo=did:plc:q3uj5xhnepirzd4piq3f4l53 err=HttpError('InvalidRequest: Could not find repo: did:plc:q3uj5xhnepirzd4piq3f4l53')
2026-03-30T19:09:03Z WARNING bsky_collector_v2.job.index_feed_generators: listRecords failed repo=did:plc:r3ntsusvvgbtkxeot2bwve75 err=HttpError('InvalidRequest: Could not find repo: did:plc:r3ntsusvvgbtkxeot2bwve75')
2026-03-30T19:09:05Z WARNING bsky_collector_v2.job.index_feed_generators: listRecords failed repo=did:plc:rogtc7f4j2adkmwczaudncah err=HttpError('InvalidRequest: Could not find repo: did:plc:rogtc7f4j2adkmwczaudncah')
2026-03-30T19:09:05Z WARNING bsky_collector_v2.job.index_feed_generators: listRecords failed repo=did:plc:ruaayh2y5xmy6ep2eq7hydjk err=HttpError('InvalidRequest: Could not find repo: did:plc:ruaayh2y5xmy6ep2eq7hydjk')
2026-03-30T19:09:05Z WARNING bsky_collector_v2.job.index_feed_generators: listRecords failed repo=did:plc:rxegtz7nyyzz5yutgh26waoq err=HttpError('InvalidRequest: Could not find repo: did:plc:rxegtz7nyyzz5yutgh26waoq')
2026-03-30T19:09:07Z WARNING bsky_collector_v2.job.index_feed_generators: listRecords failed repo=did:plc:s57xtmt5g2656lqehd4l67mf err=HttpError('InvalidRequest: Could not find repo: did:plc:s57xtmt5g2656lqehd4l67mf')
2026-03-30T19:09:08Z WARNING bsky_collector_v2.job.index_feed_generators: listRecords failed repo=did:plc:sqetpa5utj43jymsha4jchnr err=HttpError('InvalidRequest: Could not find repo: did:plc:sqetpa5utj43jymsha4jchnr')
2026-03-30T19:09:11Z WARNING bsky_collector_v2.job.index_feed_generators: listRecords failed repo=did:plc:txslimm7kz37a25wlmsq7uvp err=HttpError('InvalidRequest: Could not find repo: did:plc:txslimm7kz37a25wlmsq7uvp')
2026-03-30T19:09:15Z WARNING bsky_collector_v2.job.index_feed_generators: listRecords failed repo=did:plc:vtsytnvm6flhnpttrqbjv5xe err=HttpError('InvalidRequest: Could not find repo: did:plc:vtsytnvm6flhnpttrqbjv5xe')
2026-03-30T19:09:17Z WARNING bsky_collector_v2.job.index_feed_generators: listRecords failed repo=did:plc:wlyk4v5ls6bdhp3ey26gg7j4 err=HttpError('InvalidRequest: Could not find repo: did:plc:wlyk4v5ls6bdhp3ey26gg7j4')
2026-03-30T19:09:17Z WARNING bsky_collector_v2.job.index_feed_generators: listRecords failed repo=did:plc:ws7s5xkgmekjlllasfwtcqqa err=HttpError('InvalidRequest: Could not find repo: did:plc:ws7s5xkgmekjlllasfwtcqqa')
2026-03-30T19:09:18Z WARNING bsky_collector_v2.job.index_feed_generators: listRecords failed repo=did:plc:xcjsarusoe6w74vhondaagji err=HttpError('InvalidRequest: Could not find repo: did:plc:xcjsarusoe6w74vhondaagji')
2026-03-30T19:09:22Z WARNING bsky_collector_v2.job.index_feed_generators: listRecords failed repo=did:plc:y3tr4dwgbyrv4he2ar46xk5c err=HttpError('InvalidRequest: Could not find repo: did:plc:y3tr4dwgbyrv4he2ar46xk5c')
2026-03-30T19:09:23Z WARNING bsky_collector_v2.job.index_feed_generators: listRecords failed repo=did:plc:ymgfzp5x33ytdsnja55auey4 err=HttpError('InvalidRequest: Could not find repo: did:plc:ymgfzp5x33ytdsnja55auey4')
2026-03-30T19:09:26Z WARNING bsky_collector_v2.job.index_feed_generators: listRecords failed repo=did:plc:zwuw4dtgdrbco6dy7v5xyldn err=HttpError('InvalidRequest: Could not find repo: did:plc:zwuw4dtgdrbco6dy7v5xyldn')
2026-03-30T19:09:27Z WARNING bsky_collector_v2.job.index_feed_generators: listRecords failed repo=did:plc:2k4aq2xlz42ziukwahysqwqb err=HttpError('InvalidRequest: Could not find repo: did:plc:2k4aq2xlz42ziukwahysqwqb')
2026-03-30T19:09:27Z WARNING bsky_collector_v2.job.index_feed_generators: listRecords failed repo=did:plc:3fwirqneszk5udu3a2nth5os err=HttpError('InvalidRequest: Could not find repo: did:plc:3fwirqneszk5udu3a2nth5os')
2026-03-30T19:09:27Z WARNING bsky_collector_v2.job.index_feed_generators: listRecords failed repo=did:plc:5ucgxpwi4b32okjdiichpox6 err=HttpError('InvalidRequest: Could not find repo: did:plc:5ucgxpwi4b32okjdiichpox6')
2026-03-30T19:09:27Z WARNING bsky_collector_v2.job.index_feed_generators: listRecords failed repo=did:plc:6qoxnmjzvb33ihucmtw5qivu err=HttpError('InvalidRequest: Could not find repo: did:plc:6qoxnmjzvb33ihucmtw5qivu')
2026-03-30T19:09:27Z WARNING bsky_collector_v2.job.index_feed_generators: listRecords failed repo=did:plc:6vcaadqksyhlzln63evrduem err=HttpError('InvalidRequest: Could not find repo: did:plc:6vcaadqksyhlzln63evrduem')
2026-03-30T19:09:27Z WARNING bsky_collector_v2.job.index_feed_generators: listRecords failed repo=did:plc:azf3mpxex4fkqfbcgzjptnfs err=HttpError('InvalidRequest: Could not find repo: did:plc:azf3mpxex4fkqfbcgzjptnfs')
2026-03-30T19:09:27Z WARNING bsky_collector_v2.job.index_feed_generators: listRecords failed repo=did:plc:bdeakk25wyxoskdzmxm5ertd err=HttpError('InvalidRequest: Could not find repo: did:plc:bdeakk25wyxoskdzmxm5ertd')
2026-03-30T19:09:27Z WARNING bsky_collector_v2.job.index_feed_generators: listRecords failed repo=did:plc:dmhmlfx6fah244xbhnkvt6c3 err=HttpError('InvalidRequest: Could not find repo: did:plc:dmhmlfx6fah244xbhnkvt6c3')
2026-03-30T19:09:27Z WARNING bsky_collector_v2.job.index_feed_generators: listRecords failed repo=did:plc:enm4tet4lwfiwr4rznsj3qfj err=HttpError('InvalidRequest: Could not find repo: did:plc:enm4tet4lwfiwr4rznsj3qfj')
2026-03-30T19:09:27Z WARNING bsky_collector_v2.job.index_feed_generators: listRecords failed repo=did:plc:flz5qbhiefb4qva3vdzxstpp err=HttpError('InvalidRequest: Could not find repo: did:plc:flz5qbhiefb4qva3vdzxstpp')
2026-03-30T19:09:27Z WARNING bsky_collector_v2.job.index_feed_generators: listRecords failed repo=did:plc:fwrm7zifg2wsa2xvfba7em3l err=HttpError('InvalidRequest: Could not find repo: did:plc:fwrm7zifg2wsa2xvfba7em3l')
2026-03-30T19:09:27Z WARNING bsky_collector_v2.job.index_feed_generators: listRecords failed repo=did:plc:jmikpl7f365cmwdy77ms3gbg err=HttpError('InvalidRequest: Could not find repo: did:plc:jmikpl7f365cmwdy77ms3gbg')
2026-03-30T19:09:27Z WARNING bsky_collector_v2.job.index_feed_generators: listRecords failed repo=did:plc:kdf33bhlptpvtuny5oypfvkd err=HttpError('InvalidRequest: Could not find repo: did:plc:kdf33bhlptpvtuny5oypfvkd')
2026-03-30T19:09:27Z WARNING bsky_collector_v2.job.index_feed_generators: listRecords failed repo=did:plc:ky4t3vbjvetpplluatvr54qv err=HttpError('InvalidRequest: Could not find repo: did:plc:ky4t3vbjvetpplluatvr54qv')
2026-03-30T19:09:27Z WARNING bsky_collector_v2.job.index_feed_generators: listRecords failed repo=did:plc:ldjwdiw2afkel4szvnuskba7 err=HttpError('InvalidRequest: Could not find repo: did:plc:ldjwdiw2afkel4szvnuskba7')
2026-03-30T19:09:28Z WARNING bsky_collector_v2.job.index_feed_generators: listRecords failed repo=did:plc:m5fyb3uassv3xg4yhrda3fao err=HttpError('InvalidRequest: Could not find repo: did:plc:m5fyb3uassv3xg4yhrda3fao')
2026-03-30T19:09:28Z WARNING bsky_collector_v2.job.index_feed_generators: listRecords failed repo=did:plc:mkya4a3okmuisyqguutcdvd7 err=HttpError('InvalidRequest: Could not find repo: did:plc:mkya4a3okmuisyqguutcdvd7')
2026-03-30T19:09:28Z WARNING bsky_collector_v2.job.index_feed_generators: listRecords failed repo=did:plc:onx7w34wxzzoicaxnamazvma err=HttpError('InvalidRequest: Could not find repo: did:plc:onx7w34wxzzoicaxnamazvma')
2026-03-30T19:09:28Z WARNING bsky_collector_v2.job.index_feed_generators: listRecords failed repo=did:plc:pvvpkgm4maozqcfndor2ret5 err=HttpError('InvalidRequest: Could not find repo: did:plc:pvvpkgm4maozqcfndor2ret5')
2026-03-30T19:09:28Z WARNING bsky_collector_v2.job.index_feed_generators: listRecords failed repo=did:plc:q3uj5xhnepirzd4piq3f4l53 err=HttpError('InvalidRequest: Could not find repo: did:plc:q3uj5xhnepirzd4piq3f4l53')
2026-03-30T19:09:28Z WARNING bsky_collector_v2.job.index_feed_generators: listRecords failed repo=did:plc:r3ntsusvvgbtkxeot2bwve75 err=HttpError('InvalidRequest: Could not find repo: did:plc:r3ntsusvvgbtkxeot2bwve75')
2026-03-30T19:09:28Z WARNING bsky_collector_v2.job.index_feed_generators: listRecords failed repo=did:plc:rogtc7f4j2adkmwczaudncah err=HttpError('InvalidRequest: Could not find repo: did:plc:rogtc7f4j2adkmwczaudncah')
2026-03-30T19:09:28Z WARNING bsky_collector_v2.job.index_feed_generators: listRecords failed repo=did:plc:ruaayh2y5xmy6ep2eq7hydjk err=HttpError('InvalidRequest: Could not find repo: did:plc:ruaayh2y5xmy6ep2eq7hydjk')
2026-03-30T19:09:28Z WARNING bsky_collector_v2.job.index_feed_generators: listRecords failed repo=did:plc:rxegtz7nyyzz5yutgh26waoq err=HttpError('InvalidRequest: Could not find repo: did:plc:rxegtz7nyyzz5yutgh26waoq')
2026-03-30T19:09:28Z WARNING bsky_collector_v2.job.index_feed_generators: listRecords failed repo=did:plc:s57xtmt5g2656lqehd4l67mf err=HttpError('InvalidRequest: Could not find repo: did:plc:s57xtmt5g2656lqehd4l67mf')
2026-03-30T19:09:28Z WARNING bsky_collector_v2.job.index_feed_generators: listRecords failed repo=did:plc:sqetpa5utj43jymsha4jchnr err=HttpError('InvalidRequest: Could not find repo: did:plc:sqetpa5utj43jymsha4jchnr')
2026-03-30T19:09:28Z WARNING bsky_collector_v2.job.index_feed_generators: listRecords failed repo=did:plc:txslimm7kz37a25wlmsq7uvp err=HttpError('InvalidRequest: Could not find repo: did:plc:txslimm7kz37a25wlmsq7uvp')
2026-03-30T19:09:28Z WARNING bsky_collector_v2.job.index_feed_generators: listRecords failed repo=did:plc:vtsytnvm6flhnpttrqbjv5xe err=HttpError('InvalidRequest: Could not find repo: did:plc:vtsytnvm6flhnpttrqbjv5xe')
2026-03-30T19:09:28Z WARNING bsky_collector_v2.job.index_feed_generators: listRecords failed repo=did:plc:wlyk4v5ls6bdhp3ey26gg7j4 err=HttpError('InvalidRequest: Could not find repo: did:plc:wlyk4v5ls6bdhp3ey26gg7j4')
2026-03-30T19:09:28Z WARNING bsky_collector_v2.job.index_feed_generators: listRecords failed repo=did:plc:ws7s5xkgmekjlllasfwtcqqa err=HttpError('InvalidRequest: Could not find repo: did:plc:ws7s5xkgmekjlllasfwtcqqa')
2026-03-30T19:09:28Z WARNING bsky_collector_v2.job.index_feed_generators: listRecords failed repo=did:plc:xcjsarusoe6w74vhondaagji err=HttpError('InvalidRequest: Could not find repo: did:plc:xcjsarusoe6w74vhondaagji')
2026-03-30T19:09:28Z WARNING bsky_collector_v2.job.index_feed_generators: listRecords failed repo=did:plc:y3tr4dwgbyrv4he2ar46xk5c err=HttpError('InvalidRequest: Could not find repo: did:plc:y3tr4dwgbyrv4he2ar46xk5c')
2026-03-30T19:09:28Z WARNING bsky_collector_v2.job.index_feed_generators: listRecords failed repo=did:plc:ymgfzp5x33ytdsnja55auey4 err=HttpError('InvalidRequest: Could not find repo: did:plc:ymgfzp5x33ytdsnja55auey4')
2026-03-30T19:09:28Z WARNING bsky_collector_v2.job.index_feed_generators: listRecords failed repo=did:plc:zwuw4dtgdrbco6dy7v5xyldn err=HttpError('InvalidRequest: Could not find repo: did:plc:zwuw4dtgdrbco6dy7v5xyldn')
2026-03-30T19:09:29Z WARNING bsky_collector_v2.job.index_feed_generators: listRecords failed repo=did:plc:2k4aq2xlz42ziukwahysqwqb err=HttpError('InvalidRequest: Could not find repo: did:plc:2k4aq2xlz42ziukwahysqwqb')
2026-03-30T19:09:29Z WARNING bsky_collector_v2.job.index_feed_generators: listRecords failed repo=did:plc:3fwirqneszk5udu3a2nth5os err=HttpError('InvalidRequest: Could not find repo: did:plc:3fwirqneszk5udu3a2nth5os')
2026-03-30T19:09:29Z WARNING bsky_collector_v2.job.index_feed_generators: listRecords failed repo=did:plc:5ucgxpwi4b32okjdiichpox6 err=HttpError('InvalidRequest: Could not find repo: did:plc:5ucgxpwi4b32okjdiichpox6')
2026-03-30T19:09:29Z WARNING bsky_collector_v2.job.index_feed_generators: listRecords failed repo=did:plc:6qoxnmjzvb33ihucmtw5qivu err=HttpError('InvalidRequest: Could not find repo: did:plc:6qoxnmjzvb33ihucmtw5qivu')
2026-03-30T19:09:29Z WARNING bsky_collector_v2.job.index_feed_generators: listRecords failed repo=did:plc:6vcaadqksyhlzln63evrduem err=HttpError('InvalidRequest: Could not find repo: did:plc:6vcaadqksyhlzln63evrduem')
2026-03-30T19:09:29Z WARNING bsky_collector_v2.job.index_feed_generators: listRecords failed repo=did:plc:azf3mpxex4fkqfbcgzjptnfs err=HttpError('InvalidRequest: Could not find repo: did:plc:azf3mpxex4fkqfbcgzjptnfs')
2026-03-30T19:09:29Z WARNING bsky_collector_v2.job.index_feed_generators: listRecords failed repo=did:plc:bdeakk25wyxoskdzmxm5ertd err=HttpError('InvalidRequest: Could not find repo: did:plc:bdeakk25wyxoskdzmxm5ertd')
2026-03-30T19:09:29Z WARNING bsky_collector_v2.job.index_feed_generators: listRecords failed repo=did:plc:dmhmlfx6fah244xbhnkvt6c3 err=HttpError('InvalidRequest: Could not find repo: did:plc:dmhmlfx6fah244xbhnkvt6c3')
2026-03-30T19:09:29Z WARNING bsky_collector_v2.job.index_feed_generators: listRecords failed repo=did:plc:enm4tet4lwfiwr4rznsj3qfj err=HttpError('InvalidRequest: Could not find repo: did:plc:enm4tet4lwfiwr4rznsj3qfj')
2026-03-30T19:09:29Z WARNING bsky_collector_v2.job.index_feed_generators: listRecords failed repo=did:plc:flz5qbhiefb4qva3vdzxstpp err=HttpError('InvalidRequest: Could not find repo: did:plc:flz5qbhiefb4qva3vdzxstpp')
2026-03-30T19:09:29Z WARNING bsky_collector_v2.job.index_feed_generators: listRecords failed repo=did:plc:fwrm7zifg2wsa2xvfba7em3l err=HttpError('InvalidRequest: Could not find repo: did:plc:fwrm7zifg2wsa2xvfba7em3l')
2026-03-30T19:09:29Z WARNING bsky_collector_v2.job.index_feed_generators: listRecords failed repo=did:plc:jmikpl7f365cmwdy77ms3gbg err=HttpError('InvalidRequest: Could not find repo: did:plc:jmikpl7f365cmwdy77ms3gbg')
2026-03-30T19:09:29Z WARNING bsky_collector_v2.job.index_feed_generators: listRecords failed repo=did:plc:kdf33bhlptpvtuny5oypfvkd err=HttpError('InvalidRequest: Could not find repo: did:plc:kdf33bhlptpvtuny5oypfvkd')
2026-03-30T19:09:29Z WARNING bsky_collector_v2.job.index_feed_generators: listRecords failed repo=did:plc:ky4t3vbjvetpplluatvr54qv err=HttpError('InvalidRequest: Could not find repo: did:plc:ky4t3vbjvetpplluatvr54qv')
2026-03-30T19:09:29Z WARNING bsky_collector_v2.job.index_feed_generators: listRecords failed repo=did:plc:ldjwdiw2afkel4szvnuskba7 err=HttpError('InvalidRequest: Could not find repo: did:plc:ldjwdiw2afkel4szvnuskba7')
2026-03-30T19:09:29Z WARNING bsky_collector_v2.job.index_feed_generators: listRecords failed repo=did:plc:m5fyb3uassv3xg4yhrda3fao err=HttpError('InvalidRequest: Could not find repo: did:plc:m5fyb3uassv3xg4yhrda3fao')
2026-03-30T19:09:29Z WARNING bsky_collector_v2.job.index_feed_generators: listRecords failed repo=did:plc:mkya4a3okmuisyqguutcdvd7 err=HttpError('InvalidRequest: Could not find repo: did:plc:mkya4a3okmuisyqguutcdvd7')
2026-03-30T19:09:29Z WARNING bsky_collector_v2.job.index_feed_generators: listRecords failed repo=did:plc:onx7w34wxzzoicaxnamazvma err=HttpError('InvalidRequest: Could not find repo: did:plc:onx7w34wxzzoicaxnamazvma')
2026-03-30T19:09:29Z WARNING bsky_collector_v2.job.index_feed_generators: listRecords failed repo=did:plc:pvvpkgm4maozqcfndor2ret5 err=HttpError('InvalidRequest: Could not find repo: did:plc:pvvpkgm4maozqcfndor2ret5')
2026-03-30T19:09:30Z WARNING bsky_collector_v2.job.index_feed_generators: listRecords failed repo=did:plc:q3uj5xhnepirzd4piq3f4l53 err=HttpError('InvalidRequest: Could not find repo: did:plc:q3uj5xhnepirzd4piq3f4l53')
2026-03-30T19:09:30Z WARNING bsky_collector_v2.job.index_feed_generators: listRecords failed repo=did:plc:r3ntsusvvgbtkxeot2bwve75 err=HttpError('InvalidRequest: Could not find repo: did:plc:r3ntsusvvgbtkxeot2bwve75')
2026-03-30T19:09:30Z WARNING bsky_collector_v2.job.index_feed_generators: listRecords failed repo=did:plc:rogtc7f4j2adkmwczaudncah err=HttpError('InvalidRequest: Could not find repo: did:plc:rogtc7f4j2adkmwczaudncah')
2026-03-30T19:09:30Z WARNING bsky_collector_v2.job.index_feed_generators: listRecords failed repo=did:plc:ruaayh2y5xmy6ep2eq7hydjk err=HttpError('InvalidRequest: Could not find repo: did:plc:ruaayh2y5xmy6ep2eq7hydjk')
2026-03-30T19:09:30Z WARNING bsky_collector_v2.job.index_feed_generators: listRecords failed repo=did:plc:rxegtz7nyyzz5yutgh26waoq err=HttpError('InvalidRequest: Could not find repo: did:plc:rxegtz7nyyzz5yutgh26waoq')
2026-03-30T19:09:30Z WARNING bsky_collector_v2.job.index_feed_generators: listRecords failed repo=did:plc:s57xtmt5g2656lqehd4l67mf err=HttpError('InvalidRequest: Could not find repo: did:plc:s57xtmt5g2656lqehd4l67mf')
2026-03-30T19:09:30Z WARNING bsky_collector_v2.job.index_feed_generators: listRecords failed repo=did:plc:sqetpa5utj43jymsha4jchnr err=HttpError('InvalidRequest: Could not find repo: did:plc:sqetpa5utj43jymsha4jchnr')
2026-03-30T19:09:30Z WARNING bsky_collector_v2.job.index_feed_generators: listRecords failed repo=did:plc:txslimm7kz37a25wlmsq7uvp err=HttpError('InvalidRequest: Could not find repo: did:plc:txslimm7kz37a25wlmsq7uvp')
2026-03-30T19:09:30Z WARNING bsky_collector_v2.job.index_feed_generators: listRecords failed repo=did:plc:vtsytnvm6flhnpttrqbjv5xe err=HttpError('InvalidRequest: Could not find repo: did:plc:vtsytnvm6flhnpttrqbjv5xe')
2026-03-30T19:09:30Z WARNING bsky_collector_v2.job.index_feed_generators: listRecords failed repo=did:plc:wlyk4v5ls6bdhp3ey26gg7j4 err=HttpError('InvalidRequest: Could not find repo: did:plc:wlyk4v5ls6bdhp3ey26gg7j4')
2026-03-30T19:09:30Z WARNING bsky_collector_v2.job.index_feed_generators: listRecords failed repo=did:plc:ws7s5xkgmekjlllasfwtcqqa err=HttpError('InvalidRequest: Could not find repo: did:plc:ws7s5xkgmekjlllasfwtcqqa')
2026-03-30T19:09:30Z WARNING bsky_collector_v2.job.index_feed_generators: listRecords failed repo=did:plc:xcjsarusoe6w74vhondaagji err=HttpError('InvalidRequest: Could not find repo: did:plc:xcjsarusoe6w74vhondaagji')
2026-03-30T19:09:30Z WARNING bsky_collector_v2.job.index_feed_generators: listRecords failed repo=did:plc:y3tr4dwgbyrv4he2ar46xk5c err=HttpError('InvalidRequest: Could not find repo: did:plc:y3tr4dwgbyrv4he2ar46xk5c')
2026-03-30T19:09:30Z WARNING bsky_collector_v2.job.index_feed_generators: listRecords failed repo=did:plc:ymgfzp5x33ytdsnja55auey4 err=HttpError('InvalidRequest: Could not find repo: did:plc:ymgfzp5x33ytdsnja55auey4')
2026-03-30T19:09:30Z WARNING bsky_collector_v2.job.index_feed_generators: listRecords failed repo=did:plc:zwuw4dtgdrbco6dy7v5xyldn err=HttpError('InvalidRequest: Could not find repo: did:plc:zwuw4dtgdrbco6dy7v5xyldn')
2026-03-30T19:09:31Z INFO bsky_collector_v2.job.index_feed_generators: enqueued repos page=28 mode=listRepos inserted=500 repos_returned=500 next_cursor=set
2026-03-30T19:09:40Z WARNING bsky_collector_v2.job.index_feed_generators: listRecords failed repo=did:plc:3hwhpk6i6bpdbzjwvlf7nusj err=HttpError('InvalidRequest: Could not find repo: did:plc:3hwhpk6i6bpdbzjwvlf7nusj')
2026-03-30T19:09:46Z WARNING bsky_collector_v2.job.index_feed_generators: listRecords failed repo=did:plc:4w3n2rfwx3odkxn7rmclenlm err=HttpError('InvalidRequest: Could not find repo: did:plc:4w3n2rfwx3odkxn7rmclenlm')
2026-03-30T19:09:48Z WARNING bsky_collector_v2.job.index_feed_generators: listRecords failed repo=did:plc:5i6pyaj3sjbmxyket52bqvvu err=HttpError('InvalidRequest: Could not find repo: did:plc:5i6pyaj3sjbmxyket52bqvvu')
2026-03-30T19:09:48Z WARNING bsky_collector_v2.job.index_feed_generators: listRecords failed repo=did:plc:5lu6qphwr4ywhbd4vuqsjau3 err=HttpError('InvalidRequest: Could not find repo: did:plc:5lu6qphwr4ywhbd4vuqsjau3')
2026-03-30T19:09:55Z WARNING bsky_collector_v2.job.index_feed_generators: listRecords failed repo=did:plc:6z7ta3y2mstewh3rn3xlevxg err=HttpError('InvalidRequest: Could not find repo: did:plc:6z7ta3y2mstewh3rn3xlevxg')
2026-03-30T19:09:56Z WARNING bsky_collector_v2.job.index_feed_generators: listRecords failed repo=did:plc:7m2fzimo374ukpwbwu3y65bf err=HttpError('InvalidRequest: Could not find repo: did:plc:7m2fzimo374ukpwbwu3y65bf')
2026-03-30T19:10:00Z WARNING bsky_collector_v2.job.index_feed_generators: listRecords failed repo=did:plc:bahafxtf36utug57avrl4lyh err=HttpError('InvalidRequest: Could not find repo: did:plc:bahafxtf36utug57avrl4lyh')
2026-03-30T19:10:05Z WARNING bsky_collector_v2.job.index_feed_generators: listRecords failed repo=did:plc:cxjsjhbvphsufioazkik5wx5 err=HttpError('InvalidRequest: Could not find repo: did:plc:cxjsjhbvphsufioazkik5wx5')
2026-03-30T19:10:09Z WARNING bsky_collector_v2.job.index_feed_generators: listRecords failed repo=did:plc:eotu5vnryxrtq3zu5ddn7nid err=HttpError('InvalidRequest: Could not find repo: did:plc:eotu5vnryxrtq3zu5ddn7nid')
2026-03-30T19:10:10Z WARNING bsky_collector_v2.job.index_feed_generators: listRecords failed repo=did:plc:fpdijtcqq2jmoq4rk45wnlo3 err=HttpError('InvalidRequest: Could not find repo: did:plc:fpdijtcqq2jmoq4rk45wnlo3')
2026-03-30T19:10:12Z WARNING bsky_collector_v2.job.index_feed_generators: listRecords failed repo=did:plc:ggbgerdvu2k5kecom242jpr6 err=HttpError('InvalidRequest: Could not find repo: did:plc:ggbgerdvu2k5kecom242jpr6')
2026-03-30T19:10:13Z WARNING bsky_collector_v2.job.index_feed_generators: listRecords failed repo=did:plc:gq2yfgulehbgrydpr5gqpefi err=HttpError('InvalidRequest: Could not find repo: did:plc:gq2yfgulehbgrydpr5gqpefi')
2026-03-30T19:10:14Z WARNING bsky_collector_v2.job.index_feed_generators: listRecords failed repo=did:plc:hev2cyd25eqrkrr3fvluqcr7 err=HttpError('InvalidRequest: Could not find repo: did:plc:hev2cyd25eqrkrr3fvluqcr7')
2026-03-30T19:10:16Z WARNING bsky_collector_v2.job.index_feed_generators: listRecords failed repo=did:plc:ifx2wwhaemj75dsmkcdfnaot err=HttpError('InvalidRequest: Could not find repo: did:plc:ifx2wwhaemj75dsmkcdfnaot')
2026-03-30T19:10:17Z WARNING bsky_collector_v2.job.index_feed_generators: listRecords failed repo=did:plc:iqqvwiedv5o6veiuxpm7kes6 err=HttpError('InvalidRequest: Could not find repo: did:plc:iqqvwiedv5o6veiuxpm7kes6')
2026-03-30T19:10:18Z INFO bsky_collector_v2.job.index_feed_generators: indexed repo=did:plc:iwvgs2ihlyeit5ljf24wr43l part=188 records=4 next_cursor=set
2026-03-30T19:10:26Z WARNING bsky_collector_v2.job.index_feed_generators: listRecords failed repo=did:plc:m5cj5jnbcd67qv6jlandxxwv err=HttpError('InvalidRequest: Could not find repo: did:plc:m5cj5jnbcd67qv6jlandxxwv')
2026-03-30T19:10:29Z WARNING bsky_collector_v2.job.index_feed_generators: listRecords failed repo=did:plc:n37lkts4xndtlthefz5xpk5y err=HttpError('InvalidRequest: Could not find repo: did:plc:n37lkts4xndtlthefz5xpk5y')
2026-03-30T19:10:34Z WARNING bsky_collector_v2.job.index_feed_generators: listRecords failed repo=did:plc:pexbk4dlvzjimc24ux7unrkb err=HttpError('InvalidRequest: Could not find repo: did:plc:pexbk4dlvzjimc24ux7unrkb')
2026-03-30T19:10:34Z WARNING bsky_collector_v2.job.index_feed_generators: listRecords failed repo=did:plc:pfcr5h3weun6chpwhwvoffos err=HttpError('InvalidRequest: Could not find repo: did:plc:pfcr5h3weun6chpwhwvoffos')
2026-03-30T19:10:39Z WARNING bsky_collector_v2.job.index_feed_generators: listRecords failed repo=did:plc:rlupo6tf4lnt7wkmy7oxt3ys err=HttpError('InvalidRequest: Could not find repo: did:plc:rlupo6tf4lnt7wkmy7oxt3ys')
2026-03-30T19:10:42Z WARNING bsky_collector_v2.job.index_feed_generators: listRecords failed repo=did:plc:sk5tzxwb7h46oknp52cmunpx err=HttpError('InvalidRequest: Could not find repo: did:plc:sk5tzxwb7h46oknp52cmunpx')
2026-03-30T19:10:43Z WARNING bsky_collector_v2.job.index_feed_generators: listRecords failed repo=did:plc:sxcget64dnichjjsho2cmvy6 err=HttpError('InvalidRequest: Could not find repo: did:plc:sxcget64dnichjjsho2cmvy6')
2026-03-30T19:10:44Z WARNING bsky_collector_v2.job.index_feed_generators: listRecords failed repo=did:plc:t2cs3pcxec4ruqkthlwauj3a err=HttpError('InvalidRequest: Could not find repo: did:plc:t2cs3pcxec4ruqkthlwauj3a')
2026-03-30T19:10:45Z WARNING bsky_collector_v2.job.index_feed_generators: listRecords failed repo=did:plc:th4rod44srgv4nedw7tf4u6c err=HttpError('InvalidRequest: Could not find repo: did:plc:th4rod44srgv4nedw7tf4u6c')
2026-03-30T19:10:45Z WARNING bsky_collector_v2.job.index_feed_generators: listRecords failed repo=did:plc:tiblrqmcy3ird3pdimat3hrh err=HttpError('InvalidRequest: Could not find repo: did:plc:tiblrqmcy3ird3pdimat3hrh')
2026-03-30T19:10:45Z WARNING bsky_collector_v2.job.index_feed_generators: listRecords failed repo=did:plc:tyryks6f6kxaoj7psbfykcc2 err=HttpError('InvalidRequest: Could not find repo: did:plc:tyryks6f6kxaoj7psbfykcc2')
2026-03-30T19:10:47Z WARNING bsky_collector_v2.job.index_feed_generators: listRecords failed repo=did:plc:ufr2kcsn64niav2v72byzqpl err=HttpError('InvalidRequest: Could not find repo: did:plc:ufr2kcsn64niav2v72byzqpl')
2026-03-30T19:10:47Z WARNING bsky_collector_v2.job.index_feed_generators: listRecords failed repo=did:plc:uiqvtnfseobyb37en2lsqciz err=HttpError('InvalidRequest: Could not find repo: did:plc:uiqvtnfseobyb37en2lsqciz')
2026-03-30T19:10:49Z WARNING bsky_collector_v2.job.index_feed_generators: listRecords failed repo=did:plc:uuesbcw7rb74a2htkjhot5y6 err=HttpError('InvalidRequest: Could not find repo: did:plc:uuesbcw7rb74a2htkjhot5y6')
2026-03-30T19:10:54Z WARNING bsky_collector_v2.job.index_feed_generators: listRecords failed repo=did:plc:wzdkdjvjzosoeatx7ix7v6so err=HttpError('InvalidRequest: Could not find repo: did:plc:wzdkdjvjzosoeatx7ix7v6so')
2026-03-30T19:10:58Z WARNING bsky_collector_v2.job.index_feed_generators: listRecords failed repo=did:plc:xyafwlrpdgw5yoqh6piaxwef err=HttpError('InvalidRequest: Could not find repo: did:plc:xyafwlrpdgw5yoqh6piaxwef')
2026-03-30T19:10:58Z WARNING bsky_collector_v2.job.index_feed_generators: listRecords failed repo=did:plc:y7rmty25rozdfrwucpfwvomy err=HttpError('InvalidRequest: Could not find repo: did:plc:y7rmty25rozdfrwucpfwvomy')
2026-03-30T19:10:59Z WARNING bsky_collector_v2.job.index_feed_generators: listRecords failed repo=did:plc:ykoh7jxhpq7uehwkpquekfmo err=HttpError('InvalidRequest: Could not find repo: did:plc:ykoh7jxhpq7uehwkpquekfmo')
2026-03-30T19:11:01Z WARNING bsky_collector_v2.job.index_feed_generators: listRecords failed repo=did:plc:z263n5b2e5pkjow3q7sx6wtj err=HttpError('InvalidRequest: Could not find repo: did:plc:z263n5b2e5pkjow3q7sx6wtj')
2026-03-30T19:11:01Z WARNING bsky_collector_v2.job.index_feed_generators: listRecords failed repo=did:plc:z6fggqjpp5occ2xuvfthknci err=HttpError('InvalidRequest: Could not find repo: did:plc:z6fggqjpp5occ2xuvfthknci')
2026-03-30T19:11:04Z WARNING bsky_collector_v2.job.index_feed_generators: listRecords failed repo=did:plc:3hwhpk6i6bpdbzjwvlf7nusj err=HttpError('InvalidRequest: Could not find repo: did:plc:3hwhpk6i6bpdbzjwvlf7nusj')
2026-03-30T19:11:04Z WARNING bsky_collector_v2.job.index_feed_generators: listRecords failed repo=did:plc:4w3n2rfwx3odkxn7rmclenlm err=HttpError('InvalidRequest: Could not find repo: did:plc:4w3n2rfwx3odkxn7rmclenlm')
2026-03-30T19:11:04Z WARNING bsky_collector_v2.job.index_feed_generators: listRecords failed repo=did:plc:5i6pyaj3sjbmxyket52bqvvu err=HttpError('InvalidRequest: Could not find repo: did:plc:5i6pyaj3sjbmxyket52bqvvu')
2026-03-30T19:11:04Z WARNING bsky_collector_v2.job.index_feed_generators: listRecords failed repo=did:plc:5lu6qphwr4ywhbd4vuqsjau3 err=HttpError('InvalidRequest: Could not find repo: did:plc:5lu6qphwr4ywhbd4vuqsjau3')
2026-03-30T19:11:04Z WARNING bsky_collector_v2.job.index_feed_generators: listRecords failed repo=did:plc:6z7ta3y2mstewh3rn3xlevxg err=HttpError('InvalidRequest: Could not find repo: did:plc:6z7ta3y2mstewh3rn3xlevxg')
2026-03-30T19:11:04Z WARNING bsky_collector_v2.job.index_feed_generators: listRecords failed repo=did:plc:7m2fzimo374ukpwbwu3y65bf err=HttpError('InvalidRequest: Could not find repo: did:plc:7m2fzimo374ukpwbwu3y65bf')
2026-03-30T19:11:04Z WARNING bsky_collector_v2.job.index_feed_generators: listRecords failed repo=did:plc:bahafxtf36utug57avrl4lyh err=HttpError('InvalidRequest: Could not find repo: did:plc:bahafxtf36utug57avrl4lyh')
2026-03-30T19:11:04Z WARNING bsky_collector_v2.job.index_feed_generators: listRecords failed repo=did:plc:cxjsjhbvphsufioazkik5wx5 err=HttpError('InvalidRequest: Could not find repo: did:plc:cxjsjhbvphsufioazkik5wx5')
2026-03-30T19:11:04Z WARNING bsky_collector_v2.job.index_feed_generators: listRecords failed repo=did:plc:eotu5vnryxrtq3zu5ddn7nid err=HttpError('InvalidRequest: Could not find repo: did:plc:eotu5vnryxrtq3zu5ddn7nid')
2026-03-30T19:11:04Z WARNING bsky_collector_v2.job.index_feed_generators: listRecords failed repo=did:plc:fpdijtcqq2jmoq4rk45wnlo3 err=HttpError('InvalidRequest: Could not find repo: did:plc:fpdijtcqq2jmoq4rk45wnlo3')
2026-03-30T19:11:04Z WARNING bsky_collector_v2.job.index_feed_generators: listRecords failed repo=did:plc:ggbgerdvu2k5kecom242jpr6 err=HttpError('InvalidRequest: Could not find repo: did:plc:ggbgerdvu2k5kecom242jpr6')
2026-03-30T19:11:04Z WARNING bsky_collector_v2.job.index_feed_generators: listRecords failed repo=did:plc:gq2yfgulehbgrydpr5gqpefi err=HttpError('InvalidRequest: Could not find repo: did:plc:gq2yfgulehbgrydpr5gqpefi')
2026-03-30T19:11:04Z WARNING bsky_collector_v2.job.index_feed_generators: listRecords failed repo=did:plc:hev2cyd25eqrkrr3fvluqcr7 err=HttpError('InvalidRequest: Could not find repo: did:plc:hev2cyd25eqrkrr3fvluqcr7')
2026-03-30T19:11:04Z WARNING bsky_collector_v2.job.index_feed_generators: listRecords failed repo=did:plc:ifx2wwhaemj75dsmkcdfnaot err=HttpError('InvalidRequest: Could not find repo: did:plc:ifx2wwhaemj75dsmkcdfnaot')
2026-03-30T19:11:04Z WARNING bsky_collector_v2.job.index_feed_generators: listRecords failed repo=did:plc:iqqvwiedv5o6veiuxpm7kes6 err=HttpError('InvalidRequest: Could not find repo: did:plc:iqqvwiedv5o6veiuxpm7kes6')
2026-03-30T19:11:05Z WARNING bsky_collector_v2.job.index_feed_generators: listRecords failed repo=did:plc:m5cj5jnbcd67qv6jlandxxwv err=HttpError('InvalidRequest: Could not find repo: did:plc:m5cj5jnbcd67qv6jlandxxwv')
2026-03-30T19:11:05Z WARNING bsky_collector_v2.job.index_feed_generators: listRecords failed repo=did:plc:n37lkts4xndtlthefz5xpk5y err=HttpError('InvalidRequest: Could not find repo: did:plc:n37lkts4xndtlthefz5xpk5y')
2026-03-30T19:11:05Z WARNING bsky_collector_v2.job.index_feed_generators: listRecords failed repo=did:plc:pexbk4dlvzjimc24ux7unrkb err=HttpError('InvalidRequest: Could not find repo: did:plc:pexbk4dlvzjimc24ux7unrkb')
2026-03-30T19:11:05Z WARNING bsky_collector_v2.job.index_feed_generators: listRecords failed repo=did:plc:pfcr5h3weun6chpwhwvoffos err=HttpError('InvalidRequest: Could not find repo: did:plc:pfcr5h3weun6chpwhwvoffos')
2026-03-30T19:11:05Z WARNING bsky_collector_v2.job.index_feed_generators: listRecords failed repo=did:plc:rlupo6tf4lnt7wkmy7oxt3ys err=HttpError('InvalidRequest: Could not find repo: did:plc:rlupo6tf4lnt7wkmy7oxt3ys')
2026-03-30T19:11:05Z WARNING bsky_collector_v2.job.index_feed_generators: listRecords failed repo=did:plc:sk5tzxwb7h46oknp52cmunpx err=HttpError('InvalidRequest: Could not find repo: did:plc:sk5tzxwb7h46oknp52cmunpx')
2026-03-30T19:11:05Z WARNING bsky_collector_v2.job.index_feed_generators: listRecords failed repo=did:plc:sxcget64dnichjjsho2cmvy6 err=HttpError('InvalidRequest: Could not find repo: did:plc:sxcget64dnichjjsho2cmvy6')
2026-03-30T19:11:05Z WARNING bsky_collector_v2.job.index_feed_generators: listRecords failed repo=did:plc:t2cs3pcxec4ruqkthlwauj3a err=HttpError('InvalidRequest: Could not find repo: did:plc:t2cs3pcxec4ruqkthlwauj3a')
2026-03-30T19:11:05Z WARNING bsky_collector_v2.job.index_feed_generators: listRecords failed repo=did:plc:th4rod44srgv4nedw7tf4u6c err=HttpError('InvalidRequest: Could not find repo: did:plc:th4rod44srgv4nedw7tf4u6c')
2026-03-30T19:11:05Z WARNING bsky_collector_v2.job.index_feed_generators: listRecords failed repo=did:plc:tiblrqmcy3ird3pdimat3hrh err=HttpError('InvalidRequest: Could not find repo: did:plc:tiblrqmcy3ird3pdimat3hrh')
2026-03-30T19:11:05Z WARNING bsky_collector_v2.job.index_feed_generators: listRecords failed repo=did:plc:tyryks6f6kxaoj7psbfykcc2 err=HttpError('InvalidRequest: Could not find repo: did:plc:tyryks6f6kxaoj7psbfykcc2')
2026-03-30T19:11:05Z WARNING bsky_collector_v2.job.index_feed_generators: listRecords failed repo=did:plc:ufr2kcsn64niav2v72byzqpl err=HttpError('InvalidRequest: Could not find repo: did:plc:ufr2kcsn64niav2v72byzqpl')
2026-03-30T19:11:05Z WARNING bsky_collector_v2.job.index_feed_generators: listRecords failed repo=did:plc:uiqvtnfseobyb37en2lsqciz err=HttpError('InvalidRequest: Could not find repo: did:plc:uiqvtnfseobyb37en2lsqciz')
2026-03-30T19:11:05Z WARNING bsky_collector_v2.job.index_feed_generators: listRecords failed repo=did:plc:uuesbcw7rb74a2htkjhot5y6 err=HttpError('InvalidRequest: Could not find repo: did:plc:uuesbcw7rb74a2htkjhot5y6')
2026-03-30T19:11:05Z WARNING bsky_collector_v2.job.index_feed_generators: listRecords failed repo=did:plc:wzdkdjvjzosoeatx7ix7v6so err=HttpError('InvalidRequest: Could not find repo: did:plc:wzdkdjvjzosoeatx7ix7v6so')
2026-03-30T19:11:06Z WARNING bsky_collector_v2.job.index_feed_generators: listRecords failed repo=did:plc:xyafwlrpdgw5yoqh6piaxwef err=HttpError('InvalidRequest: Could not find repo: did:plc:xyafwlrpdgw5yoqh6piaxwef')
2026-03-30T19:11:06Z WARNING bsky_collector_v2.job.index_feed_generators: listRecords failed repo=did:plc:y7rmty25rozdfrwucpfwvomy err=HttpError('InvalidRequest: Could not find repo: did:plc:y7rmty25rozdfrwucpfwvomy')
2026-03-30T19:11:06Z WARNING bsky_collector_v2.job.index_feed_generators: listRecords failed repo=did:plc:ykoh7jxhpq7uehwkpquekfmo err=HttpError('InvalidRequest: Could not find repo: did:plc:ykoh7jxhpq7uehwkpquekfmo')
2026-03-30T19:11:06Z WARNING bsky_collector_v2.job.index_feed_generators: listRecords failed repo=did:plc:z263n5b2e5pkjow3q7sx6wtj err=HttpError('InvalidRequest: Could not find repo: did:plc:z263n5b2e5pkjow3q7sx6wtj')
2026-03-30T19:11:06Z WARNING bsky_collector_v2.job.index_feed_generators: listRecords failed repo=did:plc:z6fggqjpp5occ2xuvfthknci err=HttpError('InvalidRequest: Could not find repo: did:plc:z6fggqjpp5occ2xuvfthknci')
2026-03-30T19:11:06Z WARNING bsky_collector_v2.job.index_feed_generators: listRecords failed repo=did:plc:3hwhpk6i6bpdbzjwvlf7nusj err=HttpError('InvalidRequest: Could not find repo: did:plc:3hwhpk6i6bpdbzjwvlf7nusj')
2026-03-30T19:11:06Z WARNING bsky_collector_v2.job.index_feed_generators: listRecords failed repo=did:plc:4w3n2rfwx3odkxn7rmclenlm err=HttpError('InvalidRequest: Could not find repo: did:plc:4w3n2rfwx3odkxn7rmclenlm')
2026-03-30T19:11:06Z WARNING bsky_collector_v2.job.index_feed_generators: listRecords failed repo=did:plc:5i6pyaj3sjbmxyket52bqvvu err=HttpError('InvalidRequest: Could not find repo: did:plc:5i6pyaj3sjbmxyket52bqvvu')
2026-03-30T19:11:06Z WARNING bsky_collector_v2.job.index_feed_generators: listRecords failed repo=did:plc:5lu6qphwr4ywhbd4vuqsjau3 err=HttpError('InvalidRequest: Could not find repo: did:plc:5lu6qphwr4ywhbd4vuqsjau3')
2026-03-30T19:11:06Z WARNING bsky_collector_v2.job.index_feed_generators: listRecords failed repo=did:plc:6z7ta3y2mstewh3rn3xlevxg err=HttpError('InvalidRequest: Could not find repo: did:plc:6z7ta3y2mstewh3rn3xlevxg')
2026-03-30T19:11:06Z WARNING bsky_collector_v2.job.index_feed_generators: listRecords failed repo=did:plc:7m2fzimo374ukpwbwu3y65bf err=HttpError('InvalidRequest: Could not find repo: did:plc:7m2fzimo374ukpwbwu3y65bf')
2026-03-30T19:11:06Z WARNING bsky_collector_v2.job.index_feed_generators: listRecords failed repo=did:plc:bahafxtf36utug57avrl4lyh err=HttpError('InvalidRequest: Could not find repo: did:plc:bahafxtf36utug57avrl4lyh')
2026-03-30T19:11:06Z WARNING bsky_collector_v2.job.index_feed_generators: listRecords failed repo=did:plc:cxjsjhbvphsufioazkik5wx5 err=HttpError('InvalidRequest: Could not find repo: did:plc:cxjsjhbvphsufioazkik5wx5')
2026-03-30T19:11:06Z WARNING bsky_collector_v2.job.index_feed_generators: listRecords failed repo=did:plc:eotu5vnryxrtq3zu5ddn7nid err=HttpError('InvalidRequest: Could not find repo: did:plc:eotu5vnryxrtq3zu5ddn7nid')
2026-03-30T19:11:06Z WARNING bsky_collector_v2.job.index_feed_generators: listRecords failed repo=did:plc:fpdijtcqq2jmoq4rk45wnlo3 err=HttpError('InvalidRequest: Could not find repo: did:plc:fpdijtcqq2jmoq4rk45wnlo3')
2026-03-30T19:11:06Z WARNING bsky_collector_v2.job.index_feed_generators: listRecords failed repo=did:plc:ggbgerdvu2k5kecom242jpr6 err=HttpError('InvalidRequest: Could not find repo: did:plc:ggbgerdvu2k5kecom242jpr6')
2026-03-30T19:11:06Z WARNING bsky_collector_v2.job.index_feed_generators: listRecords failed repo=did:plc:gq2yfgulehbgrydpr5gqpefi err=HttpError('InvalidRequest: Could not find repo: did:plc:gq2yfgulehbgrydpr5gqpefi')
2026-03-30T19:11:06Z WARNING bsky_collector_v2.job.index_feed_generators: listRecords failed repo=did:plc:hev2cyd25eqrkrr3fvluqcr7 err=HttpError('InvalidRequest: Could not find repo: did:plc:hev2cyd25eqrkrr3fvluqcr7')
2026-03-30T19:11:06Z WARNING bsky_collector_v2.job.index_feed_generators: listRecords failed repo=did:plc:ifx2wwhaemj75dsmkcdfnaot err=HttpError('InvalidRequest: Could not find repo: did:plc:ifx2wwhaemj75dsmkcdfnaot')
2026-03-30T19:11:07Z WARNING bsky_collector_v2.job.index_feed_generators: listRecords failed repo=did:plc:iqqvwiedv5o6veiuxpm7kes6 err=HttpError('InvalidRequest: Could not find repo: did:plc:iqqvwiedv5o6veiuxpm7kes6')
2026-03-30T19:11:07Z WARNING bsky_collector_v2.job.index_feed_generators: listRecords failed repo=did:plc:m5cj5jnbcd67qv6jlandxxwv err=HttpError('InvalidRequest: Could not find repo: did:plc:m5cj5jnbcd67qv6jlandxxwv')
2026-03-30T19:11:07Z WARNING bsky_collector_v2.job.index_feed_generators: listRecords failed repo=did:plc:n37lkts4xndtlthefz5xpk5y err=HttpError('InvalidRequest: Could not find repo: did:plc:n37lkts4xndtlthefz5xpk5y')
2026-03-30T19:11:07Z WARNING bsky_collector_v2.job.index_feed_generators: listRecords failed repo=did:plc:pexbk4dlvzjimc24ux7unrkb err=HttpError('InvalidRequest: Could not find repo: did:plc:pexbk4dlvzjimc24ux7unrkb')
2026-03-30T19:11:07Z WARNING bsky_collector_v2.job.index_feed_generators: listRecords failed repo=did:plc:pfcr5h3weun6chpwhwvoffos err=HttpError('InvalidRequest: Could not find repo: did:plc:pfcr5h3weun6chpwhwvoffos')
2026-03-30T19:11:07Z WARNING bsky_collector_v2.job.index_feed_generators: listRecords failed repo=did:plc:rlupo6tf4lnt7wkmy7oxt3ys err=HttpError('InvalidRequest: Could not find repo: did:plc:rlupo6tf4lnt7wkmy7oxt3ys')
2026-03-30T19:11:07Z WARNING bsky_collector_v2.job.index_feed_generators: listRecords failed repo=did:plc:sk5tzxwb7h46oknp52cmunpx err=HttpError('InvalidRequest: Could not find repo: did:plc:sk5tzxwb7h46oknp52cmunpx')
2026-03-30T19:11:07Z WARNING bsky_collector_v2.job.index_feed_generators: listRecords failed repo=did:plc:sxcget64dnichjjsho2cmvy6 err=HttpError('InvalidRequest: Could not find repo: did:plc:sxcget64dnichjjsho2cmvy6')
2026-03-30T19:11:07Z WARNING bsky_collector_v2.job.index_feed_generators: listRecords failed repo=did:plc:t2cs3pcxec4ruqkthlwauj3a err=HttpError('InvalidRequest: Could not find repo: did:plc:t2cs3pcxec4ruqkthlwauj3a')
2026-03-30T19:11:07Z WARNING bsky_collector_v2.job.index_feed_generators: listRecords failed repo=did:plc:th4rod44srgv4nedw7tf4u6c err=HttpError('InvalidRequest: Could not find repo: did:plc:th4rod44srgv4nedw7tf4u6c')
2026-03-30T19:11:07Z WARNING bsky_collector_v2.job.index_feed_generators: listRecords failed repo=did:plc:tiblrqmcy3ird3pdimat3hrh err=HttpError('InvalidRequest: Could not find repo: did:plc:tiblrqmcy3ird3pdimat3hrh')
2026-03-30T19:11:07Z WARNING bsky_collector_v2.job.index_feed_generators: listRecords failed repo=did:plc:tyryks6f6kxaoj7psbfykcc2 err=HttpError('InvalidRequest: Could not find repo: did:plc:tyryks6f6kxaoj7psbfykcc2')
2026-03-30T19:11:07Z WARNING bsky_collector_v2.job.index_feed_generators: listRecords failed repo=did:plc:ufr2kcsn64niav2v72byzqpl err=HttpError('InvalidRequest: Could not find repo: did:plc:ufr2kcsn64niav2v72byzqpl')
2026-03-30T19:11:07Z WARNING bsky_collector_v2.job.index_feed_generators: listRecords failed repo=did:plc:uiqvtnfseobyb37en2lsqciz err=HttpError('InvalidRequest: Could not find repo: did:plc:uiqvtnfseobyb37en2lsqciz')
2026-03-30T19:11:07Z WARNING bsky_collector_v2.job.index_feed_generators: listRecords failed repo=did:plc:uuesbcw7rb74a2htkjhot5y6 err=HttpError('InvalidRequest: Could not find repo: did:plc:uuesbcw7rb74a2htkjhot5y6')
2026-03-30T19:11:07Z WARNING bsky_collector_v2.job.index_feed_generators: listRecords failed repo=did:plc:wzdkdjvjzosoeatx7ix7v6so err=HttpError('InvalidRequest: Could not find repo: did:plc:wzdkdjvjzosoeatx7ix7v6so')
2026-03-30T19:11:07Z WARNING bsky_collector_v2.job.index_feed_generators: listRecords failed repo=did:plc:xyafwlrpdgw5yoqh6piaxwef err=HttpError('InvalidRequest: Could not find repo: did:plc:xyafwlrpdgw5yoqh6piaxwef')
2026-03-30T19:11:07Z WARNING bsky_collector_v2.job.index_feed_generators: listRecords failed repo=did:plc:y7rmty25rozdfrwucpfwvomy err=HttpError('InvalidRequest: Could not find repo: did:plc:y7rmty25rozdfrwucpfwvomy')
2026-03-30T19:11:07Z WARNING bsky_collector_v2.job.index_feed_generators: listRecords failed repo=did:plc:ykoh7jxhpq7uehwkpquekfmo err=HttpError('InvalidRequest: Could not find repo: did:plc:ykoh7jxhpq7uehwkpquekfmo')
2026-03-30T19:11:08Z WARNING bsky_collector_v2.job.index_feed_generators: listRecords failed repo=did:plc:z263n5b2e5pkjow3q7sx6wtj err=HttpError('InvalidRequest: Could not find repo: did:plc:z263n5b2e5pkjow3q7sx6wtj')
2026-03-30T19:11:08Z WARNING bsky_collector_v2.job.index_feed_generators: listRecords failed repo=did:plc:z6fggqjpp5occ2xuvfthknci err=HttpError('InvalidRequest: Could not find repo: did:plc:z6fggqjpp5occ2xuvfthknci')
2026-03-30T19:11:08Z INFO bsky_collector_v2.job.index_feed_generators: enqueued repos page=29 mode=listRepos inserted=500 repos_returned=500 next_cursor=set
2026-03-30T19:11:09Z WARNING bsky_collector_v2.job.index_feed_generators: listRecords failed repo=did:plc:2lkv65v2dgujazm5nhwpu7nr err=HttpError('InvalidRequest: Could not find repo: did:plc:2lkv65v2dgujazm5nhwpu7nr')
2026-03-30T19:11:10Z WARNING bsky_collector_v2.job.index_feed_generators: listRecords failed repo=did:plc:2yufjfukvnhcvqr3jupd3lqw err=HttpError('InvalidRequest: Could not find repo: did:plc:2yufjfukvnhcvqr3jupd3lqw')
2026-03-30T19:11:10Z WARNING bsky_collector_v2.job.index_feed_generators: listRecords failed repo=did:plc:2z4lmn6eqsxuw6rtg4mmdwng err=HttpError('InvalidRequest: Could not find repo: did:plc:2z4lmn6eqsxuw6rtg4mmdwng')
2026-03-30T19:11:11Z WARNING bsky_collector_v2.job.index_feed_generators: listRecords failed repo=did:plc:3ozvi7zgavvvkv7dmj5v3m5h err=HttpError('InvalidRequest: Could not find repo: did:plc:3ozvi7zgavvvkv7dmj5v3m5h')
2026-03-30T19:11:14Z WARNING bsky_collector_v2.job.index_feed_generators: listRecords failed repo=did:plc:56ljofbu5nyhtbsav7dlcktj err=HttpError('InvalidRequest: Could not find repo: did:plc:56ljofbu5nyhtbsav7dlcktj')
2026-03-30T19:11:17Z WARNING bsky_collector_v2.job.index_feed_generators: listRecords failed repo=did:plc:6uaw2xbxxmt7x2x2z4dhxrph err=HttpError('InvalidRequest: Could not find repo: did:plc:6uaw2xbxxmt7x2x2z4dhxrph')
2026-03-30T19:11:18Z WARNING bsky_collector_v2.job.index_feed_generators: listRecords failed repo=did:plc:7baf6mnmv6j2j35ogohuz2jt err=HttpError('InvalidRequest: Could not find repo: did:plc:7baf6mnmv6j2j35ogohuz2jt')
2026-03-30T19:11:23Z WARNING bsky_collector_v2.job.index_feed_generators: listRecords failed repo=did:plc:bck3euqyptflp3qk63oujecm err=HttpError('InvalidRequest: Could not find repo: did:plc:bck3euqyptflp3qk63oujecm')
2026-03-30T19:11:25Z WARNING bsky_collector_v2.job.index_feed_generators: listRecords failed repo=did:plc:bunlwxl4oqyx5vdwypmaugrt err=HttpError('InvalidRequest: Could not find repo: did:plc:bunlwxl4oqyx5vdwypmaugrt')
2026-03-30T19:11:26Z WARNING bsky_collector_v2.job.index_feed_generators: listRecords failed repo=did:plc:cbcz6as3nib7llrkdkpcfelk err=HttpError('InvalidRequest: Could not find repo: did:plc:cbcz6as3nib7llrkdkpcfelk')
2026-03-30T19:11:26Z WARNING bsky_collector_v2.job.index_feed_generators: listRecords failed repo=did:plc:cfi6c7zbinekwud3p37tyamv err=HttpError('InvalidRequest: Could not find repo: did:plc:cfi6c7zbinekwud3p37tyamv')
2026-03-30T19:11:31Z WARNING bsky_collector_v2.job.index_feed_generators: listRecords failed repo=did:plc:eokdritl4vmvjkpgvkgge6w4 err=HttpError('InvalidRequest: Could not find repo: did:plc:eokdritl4vmvjkpgvkgge6w4')
2026-03-30T19:11:34Z WARNING bsky_collector_v2.job.index_feed_generators: listRecords failed repo=did:plc:fwtlod45lkjscnflqb5ndlxa err=HttpError('InvalidRequest: Could not find repo: did:plc:fwtlod45lkjscnflqb5ndlxa')
2026-03-30T19:11:40Z WARNING bsky_collector_v2.job.index_feed_generators: listRecords failed repo=did:plc:hwdortipc6vg5oxvu643fke3 err=HttpError('InvalidRequest: Could not find repo: did:plc:hwdortipc6vg5oxvu643fke3')
2026-03-30T19:11:42Z WARNING bsky_collector_v2.job.index_feed_generators: listRecords failed repo=did:plc:ityv6hlmrpbqrxgpacuj4ub4 err=HttpError('InvalidRequest: Could not find repo: did:plc:ityv6hlmrpbqrxgpacuj4ub4')
2026-03-30T19:11:45Z WARNING bsky_collector_v2.job.index_feed_generators: listRecords failed repo=did:plc:jr5xvxqkqwcobuygh6lz5cpl err=HttpError('InvalidRequest: Could not find repo: did:plc:jr5xvxqkqwcobuygh6lz5cpl')
2026-03-30T19:11:45Z WARNING bsky_collector_v2.job.index_feed_generators: listRecords failed repo=did:plc:jttt5zbfvky5343ptue4sxdz err=HttpError('InvalidRequest: Could not find repo: did:plc:jttt5zbfvky5343ptue4sxdz')
2026-03-30T19:11:46Z WARNING bsky_collector_v2.job.index_feed_generators: listRecords failed repo=did:plc:kcek272feikzpsdajagzezpw err=HttpError('InvalidRequest: Could not find repo: did:plc:kcek272feikzpsdajagzezpw')
2026-03-30T19:11:48Z WARNING bsky_collector_v2.job.index_feed_generators: listRecords failed repo=did:plc:kqgfudb3rgrbrwo4olxyka5g err=HttpError('InvalidRequest: Could not find repo: did:plc:kqgfudb3rgrbrwo4olxyka5g')
2026-03-30T19:11:56Z WARNING bsky_collector_v2.job.index_feed_generators: listRecords failed repo=did:plc:nsmfeaumoiuupwpsefo3p7jz err=HttpError('InvalidRequest: Could not find repo: did:plc:nsmfeaumoiuupwpsefo3p7jz')
2026-03-30T19:11:57Z WARNING bsky_collector_v2.job.index_feed_generators: listRecords failed repo=did:plc:o2xto3qsru6wfkj2pnhd7mfv err=HttpError('InvalidRequest: Could not find repo: did:plc:o2xto3qsru6wfkj2pnhd7mfv')
2026-03-30T19:11:57Z WARNING bsky_collector_v2.job.index_feed_generators: listRecords failed repo=did:plc:o5wehslcjvv4f3t7lx67lni2 err=HttpError('InvalidRequest: Could not find repo: did:plc:o5wehslcjvv4f3t7lx67lni2')
2026-03-30T19:11:58Z WARNING bsky_collector_v2.job.index_feed_generators: listRecords failed repo=did:plc:owqmdvol6uqxjlcczwc7prdq err=HttpError('InvalidRequest: Could not find repo: did:plc:owqmdvol6uqxjlcczwc7prdq')
2026-03-30T19:12:03Z WARNING bsky_collector_v2.job.index_feed_generators: listRecords failed repo=did:plc:ql35bqoacjln5cqydro47dje err=HttpError('InvalidRequest: Could not find repo: did:plc:ql35bqoacjln5cqydro47dje')
2026-03-30T19:12:04Z WARNING bsky_collector_v2.job.index_feed_generators: listRecords failed repo=did:plc:qm3raiugpqetkgy5igct4mkp err=HttpError('InvalidRequest: Could not find repo: did:plc:qm3raiugpqetkgy5igct4mkp')
2026-03-30T19:12:06Z WARNING bsky_collector_v2.job.index_feed_generators: listRecords failed repo=did:plc:rflb2g7qlvugn4nwr46cprep err=HttpError('InvalidRequest: Could not find repo: did:plc:rflb2g7qlvugn4nwr46cprep')
2026-03-30T19:12:08Z WARNING bsky_collector_v2.job.index_feed_generators: listRecords failed repo=did:plc:rvmhazswvrtfget7oj3tjjkk err=HttpError('InvalidRequest: Could not find repo: did:plc:rvmhazswvrtfget7oj3tjjkk')
2026-03-30T19:12:08Z WARNING bsky_collector_v2.job.index_feed_generators: listRecords failed repo=did:plc:rwyho34ssogzrl7l6wtykbvc err=HttpError('InvalidRequest: Could not find repo: did:plc:rwyho34ssogzrl7l6wtykbvc')
2026-03-30T19:12:13Z WARNING bsky_collector_v2.job.index_feed_generators: listRecords failed repo=did:plc:u5odj6ek2qheojmfbktypy5e err=HttpError('InvalidRequest: Could not find repo: did:plc:u5odj6ek2qheojmfbktypy5e')
2026-03-30T19:12:16Z WARNING bsky_collector_v2.job.index_feed_generators: listRecords failed repo=did:plc:v2kjz5sirwbo3klg6zbuxzzg err=HttpError('InvalidRequest: Could not find repo: did:plc:v2kjz5sirwbo3klg6zbuxzzg')
2026-03-30T19:12:16Z WARNING bsky_collector_v2.job.index_feed_generators: listRecords failed repo=did:plc:vf24zlqpziayeor4z64py3sf err=HttpError('InvalidRequest: Could not find repo: did:plc:vf24zlqpziayeor4z64py3sf')
2026-03-30T19:12:21Z WARNING bsky_collector_v2.job.index_feed_generators: listRecords failed repo=did:plc:xbsz7xmu4p6aikgesrcasu47 err=HttpError('InvalidRequest: Could not find repo: did:plc:xbsz7xmu4p6aikgesrcasu47')
2026-03-30T19:12:22Z WARNING bsky_collector_v2.job.index_feed_generators: listRecords failed repo=did:plc:xj7txxoixhhw34sy2i2f6jin err=HttpError('InvalidRequest: Could not find repo: did:plc:xj7txxoixhhw34sy2i2f6jin')
2026-03-30T19:12:24Z WARNING bsky_collector_v2.job.index_feed_generators: listRecords failed repo=did:plc:ylwlydjxigfccalnz4vg3sfd err=HttpError('InvalidRequest: Could not find repo: did:plc:ylwlydjxigfccalnz4vg3sfd')
2026-03-30T19:12:26Z WARNING bsky_collector_v2.job.index_feed_generators: listRecords failed repo=did:plc:zcjmhy2pgzsraarzei4624vd err=HttpError('InvalidRequest: Could not find repo: did:plc:zcjmhy2pgzsraarzei4624vd')
2026-03-30T19:12:27Z WARNING bsky_collector_v2.job.index_feed_generators: listRecords failed repo=did:plc:2lkv65v2dgujazm5nhwpu7nr err=HttpError('InvalidRequest: Could not find repo: did:plc:2lkv65v2dgujazm5nhwpu7nr')
2026-03-30T19:12:27Z WARNING bsky_collector_v2.job.index_feed_generators: listRecords failed repo=did:plc:2yufjfukvnhcvqr3jupd3lqw err=HttpError('InvalidRequest: Could not find repo: did:plc:2yufjfukvnhcvqr3jupd3lqw')
2026-03-30T19:12:27Z WARNING bsky_collector_v2.job.index_feed_generators: listRecords failed repo=did:plc:2z4lmn6eqsxuw6rtg4mmdwng err=HttpError('InvalidRequest: Could not find repo: did:plc:2z4lmn6eqsxuw6rtg4mmdwng')
2026-03-30T19:12:27Z WARNING bsky_collector_v2.job.index_feed_generators: listRecords failed repo=did:plc:3ozvi7zgavvvkv7dmj5v3m5h err=HttpError('InvalidRequest: Could not find repo: did:plc:3ozvi7zgavvvkv7dmj5v3m5h')
2026-03-30T19:12:27Z WARNING bsky_collector_v2.job.index_feed_generators: listRecords failed repo=did:plc:56ljofbu5nyhtbsav7dlcktj err=HttpError('InvalidRequest: Could not find repo: did:plc:56ljofbu5nyhtbsav7dlcktj')
2026-03-30T19:12:27Z WARNING bsky_collector_v2.job.index_feed_generators: listRecords failed repo=did:plc:6uaw2xbxxmt7x2x2z4dhxrph err=HttpError('InvalidRequest: Could not find repo: did:plc:6uaw2xbxxmt7x2x2z4dhxrph')
2026-03-30T19:12:27Z WARNING bsky_collector_v2.job.index_feed_generators: listRecords failed repo=did:plc:7baf6mnmv6j2j35ogohuz2jt err=HttpError('InvalidRequest: Could not find repo: did:plc:7baf6mnmv6j2j35ogohuz2jt')
2026-03-30T19:12:27Z WARNING bsky_collector_v2.job.index_feed_generators: listRecords failed repo=did:plc:bck3euqyptflp3qk63oujecm err=HttpError('InvalidRequest: Could not find repo: did:plc:bck3euqyptflp3qk63oujecm')
2026-03-30T19:12:28Z WARNING bsky_collector_v2.job.index_feed_generators: listRecords failed repo=did:plc:bunlwxl4oqyx5vdwypmaugrt err=HttpError('InvalidRequest: Could not find repo: did:plc:bunlwxl4oqyx5vdwypmaugrt')
2026-03-30T19:12:28Z WARNING bsky_collector_v2.job.index_feed_generators: listRecords failed repo=did:plc:cbcz6as3nib7llrkdkpcfelk err=HttpError('InvalidRequest: Could not find repo: did:plc:cbcz6as3nib7llrkdkpcfelk')
2026-03-30T19:12:28Z WARNING bsky_collector_v2.job.index_feed_generators: listRecords failed repo=did:plc:cfi6c7zbinekwud3p37tyamv err=HttpError('InvalidRequest: Could not find repo: did:plc:cfi6c7zbinekwud3p37tyamv')
2026-03-30T19:12:28Z WARNING bsky_collector_v2.job.index_feed_generators: listRecords failed repo=did:plc:eokdritl4vmvjkpgvkgge6w4 err=HttpError('InvalidRequest: Could not find repo: did:plc:eokdritl4vmvjkpgvkgge6w4')
2026-03-30T19:12:28Z WARNING bsky_collector_v2.job.index_feed_generators: listRecords failed repo=did:plc:fwtlod45lkjscnflqb5ndlxa err=HttpError('InvalidRequest: Could not find repo: did:plc:fwtlod45lkjscnflqb5ndlxa')
2026-03-30T19:12:28Z WARNING bsky_collector_v2.job.index_feed_generators: listRecords failed repo=did:plc:hwdortipc6vg5oxvu643fke3 err=HttpError('InvalidRequest: Could not find repo: did:plc:hwdortipc6vg5oxvu643fke3')
2026-03-30T19:12:28Z WARNING bsky_collector_v2.job.index_feed_generators: listRecords failed repo=did:plc:ityv6hlmrpbqrxgpacuj4ub4 err=HttpError('InvalidRequest: Could not find repo: did:plc:ityv6hlmrpbqrxgpacuj4ub4')
2026-03-30T19:12:28Z WARNING bsky_collector_v2.job.index_feed_generators: listRecords failed repo=did:plc:jr5xvxqkqwcobuygh6lz5cpl err=HttpError('InvalidRequest: Could not find repo: did:plc:jr5xvxqkqwcobuygh6lz5cpl')
2026-03-30T19:12:28Z WARNING bsky_collector_v2.job.index_feed_generators: listRecords failed repo=did:plc:jttt5zbfvky5343ptue4sxdz err=HttpError('InvalidRequest: Could not find repo: did:plc:jttt5zbfvky5343ptue4sxdz')
2026-03-30T19:12:28Z WARNING bsky_collector_v2.job.index_feed_generators: listRecords failed repo=did:plc:kcek272feikzpsdajagzezpw err=HttpError('InvalidRequest: Could not find repo: did:plc:kcek272feikzpsdajagzezpw')
2026-03-30T19:12:28Z WARNING bsky_collector_v2.job.index_feed_generators: listRecords failed repo=did:plc:kqgfudb3rgrbrwo4olxyka5g err=HttpError('InvalidRequest: Could not find repo: did:plc:kqgfudb3rgrbrwo4olxyka5g')
2026-03-30T19:12:28Z WARNING bsky_collector_v2.job.index_feed_generators: listRecords failed repo=did:plc:nsmfeaumoiuupwpsefo3p7jz err=HttpError('InvalidRequest: Could not find repo: did:plc:nsmfeaumoiuupwpsefo3p7jz')
2026-03-30T19:12:28Z WARNING bsky_collector_v2.job.index_feed_generators: listRecords failed repo=did:plc:o2xto3qsru6wfkj2pnhd7mfv err=HttpError('InvalidRequest: Could not find repo: did:plc:o2xto3qsru6wfkj2pnhd7mfv')
2026-03-30T19:12:28Z WARNING bsky_collector_v2.job.index_feed_generators: listRecords failed repo=did:plc:o5wehslcjvv4f3t7lx67lni2 err=HttpError('InvalidRequest: Could not find repo: did:plc:o5wehslcjvv4f3t7lx67lni2')
2026-03-30T19:12:28Z WARNING bsky_collector_v2.job.index_feed_generators: listRecords failed repo=did:plc:owqmdvol6uqxjlcczwc7prdq err=HttpError('InvalidRequest: Could not find repo: did:plc:owqmdvol6uqxjlcczwc7prdq')
2026-03-30T19:12:28Z WARNING bsky_collector_v2.job.index_feed_generators: listRecords failed repo=did:plc:ql35bqoacjln5cqydro47dje err=HttpError('InvalidRequest: Could not find repo: did:plc:ql35bqoacjln5cqydro47dje')
2026-03-30T19:12:28Z WARNING bsky_collector_v2.job.index_feed_generators: listRecords failed repo=did:plc:qm3raiugpqetkgy5igct4mkp err=HttpError('InvalidRequest: Could not find repo: did:plc:qm3raiugpqetkgy5igct4mkp')
2026-03-30T19:12:28Z WARNING bsky_collector_v2.job.index_feed_generators: listRecords failed repo=did:plc:rflb2g7qlvugn4nwr46cprep err=HttpError('InvalidRequest: Could not find repo: did:plc:rflb2g7qlvugn4nwr46cprep')
2026-03-30T19:12:28Z WARNING bsky_collector_v2.job.index_feed_generators: listRecords failed repo=did:plc:rvmhazswvrtfget7oj3tjjkk err=HttpError('InvalidRequest: Could not find repo: did:plc:rvmhazswvrtfget7oj3tjjkk')
2026-03-30T19:12:29Z WARNING bsky_collector_v2.job.index_feed_generators: listRecords failed repo=did:plc:rwyho34ssogzrl7l6wtykbvc err=HttpError('InvalidRequest: Could not find repo: did:plc:rwyho34ssogzrl7l6wtykbvc')
2026-03-30T19:12:29Z WARNING bsky_collector_v2.job.index_feed_generators: listRecords failed repo=did:plc:u5odj6ek2qheojmfbktypy5e err=HttpError('InvalidRequest: Could not find repo: did:plc:u5odj6ek2qheojmfbktypy5e')
2026-03-30T19:12:29Z WARNING bsky_collector_v2.job.index_feed_generators: listRecords failed repo=did:plc:v2kjz5sirwbo3klg6zbuxzzg err=HttpError('InvalidRequest: Could not find repo: did:plc:v2kjz5sirwbo3klg6zbuxzzg')
2026-03-30T19:12:29Z WARNING bsky_collector_v2.job.index_feed_generators: listRecords failed repo=did:plc:vf24zlqpziayeor4z64py3sf err=HttpError('InvalidRequest: Could not find repo: did:plc:vf24zlqpziayeor4z64py3sf')
2026-03-30T19:12:29Z WARNING bsky_collector_v2.job.index_feed_generators: listRecords failed repo=did:plc:xbsz7xmu4p6aikgesrcasu47 err=HttpError('InvalidRequest: Could not find repo: did:plc:xbsz7xmu4p6aikgesrcasu47')
2026-03-30T19:12:29Z WARNING bsky_collector_v2.job.index_feed_generators: listRecords failed repo=did:plc:xj7txxoixhhw34sy2i2f6jin err=HttpError('InvalidRequest: Could not find repo: did:plc:xj7txxoixhhw34sy2i2f6jin')
2026-03-30T19:12:29Z WARNING bsky_collector_v2.job.index_feed_generators: listRecords failed repo=did:plc:ylwlydjxigfccalnz4vg3sfd err=HttpError('InvalidRequest: Could not find repo: did:plc:ylwlydjxigfccalnz4vg3sfd')
2026-03-30T19:12:29Z WARNING bsky_collector_v2.job.index_feed_generators: listRecords failed repo=did:plc:zcjmhy2pgzsraarzei4624vd err=HttpError('InvalidRequest: Could not find repo: did:plc:zcjmhy2pgzsraarzei4624vd')
2026-03-30T19:12:29Z WARNING bsky_collector_v2.job.index_feed_generators: listRecords failed repo=did:plc:2lkv65v2dgujazm5nhwpu7nr err=HttpError('InvalidRequest: Could not find repo: did:plc:2lkv65v2dgujazm5nhwpu7nr')
2026-03-30T19:12:29Z WARNING bsky_collector_v2.job.index_feed_generators: listRecords failed repo=did:plc:2yufjfukvnhcvqr3jupd3lqw err=HttpError('InvalidRequest: Could not find repo: did:plc:2yufjfukvnhcvqr3jupd3lqw')
2026-03-30T19:12:29Z WARNING bsky_collector_v2.job.index_feed_generators: listRecords failed repo=did:plc:2z4lmn6eqsxuw6rtg4mmdwng err=HttpError('InvalidRequest: Could not find repo: did:plc:2z4lmn6eqsxuw6rtg4mmdwng')
2026-03-30T19:12:29Z WARNING bsky_collector_v2.job.index_feed_generators: listRecords failed repo=did:plc:3ozvi7zgavvvkv7dmj5v3m5h err=HttpError('InvalidRequest: Could not find repo: did:plc:3ozvi7zgavvvkv7dmj5v3m5h')
2026-03-30T19:12:29Z WARNING bsky_collector_v2.job.index_feed_generators: listRecords failed repo=did:plc:56ljofbu5nyhtbsav7dlcktj err=HttpError('InvalidRequest: Could not find repo: did:plc:56ljofbu5nyhtbsav7dlcktj')
2026-03-30T19:12:29Z WARNING bsky_collector_v2.job.index_feed_generators: listRecords failed repo=did:plc:6uaw2xbxxmt7x2x2z4dhxrph err=HttpError('InvalidRequest: Could not find repo: did:plc:6uaw2xbxxmt7x2x2z4dhxrph')
2026-03-30T19:12:29Z WARNING bsky_collector_v2.job.index_feed_generators: listRecords failed repo=did:plc:7baf6mnmv6j2j35ogohuz2jt err=HttpError('InvalidRequest: Could not find repo: did:plc:7baf6mnmv6j2j35ogohuz2jt')
2026-03-30T19:12:29Z WARNING bsky_collector_v2.job.index_feed_generators: listRecords failed repo=did:plc:bck3euqyptflp3qk63oujecm err=HttpError('InvalidRequest: Could not find repo: did:plc:bck3euqyptflp3qk63oujecm')
2026-03-30T19:12:29Z WARNING bsky_collector_v2.job.index_feed_generators: listRecords failed repo=did:plc:bunlwxl4oqyx5vdwypmaugrt err=HttpError('InvalidRequest: Could not find repo: did:plc:bunlwxl4oqyx5vdwypmaugrt')
2026-03-30T19:12:29Z WARNING bsky_collector_v2.job.index_feed_generators: listRecords failed repo=did:plc:cbcz6as3nib7llrkdkpcfelk err=HttpError('InvalidRequest: Could not find repo: did:plc:cbcz6as3nib7llrkdkpcfelk')
2026-03-30T19:12:30Z WARNING bsky_collector_v2.job.index_feed_generators: listRecords failed repo=did:plc:cfi6c7zbinekwud3p37tyamv err=HttpError('InvalidRequest: Could not find repo: did:plc:cfi6c7zbinekwud3p37tyamv')
2026-03-30T19:12:30Z WARNING bsky_collector_v2.job.index_feed_generators: listRecords failed repo=did:plc:eokdritl4vmvjkpgvkgge6w4 err=HttpError('InvalidRequest: Could not find repo: did:plc:eokdritl4vmvjkpgvkgge6w4')
2026-03-30T19:12:30Z WARNING bsky_collector_v2.job.index_feed_generators: listRecords failed repo=did:plc:fwtlod45lkjscnflqb5ndlxa err=HttpError('InvalidRequest: Could not find repo: did:plc:fwtlod45lkjscnflqb5ndlxa')
2026-03-30T19:12:30Z WARNING bsky_collector_v2.job.index_feed_generators: listRecords failed repo=did:plc:hwdortipc6vg5oxvu643fke3 err=HttpError('InvalidRequest: Could not find repo: did:plc:hwdortipc6vg5oxvu643fke3')
2026-03-30T19:12:30Z WARNING bsky_collector_v2.job.index_feed_generators: listRecords failed repo=did:plc:ityv6hlmrpbqrxgpacuj4ub4 err=HttpError('InvalidRequest: Could not find repo: did:plc:ityv6hlmrpbqrxgpacuj4ub4')
2026-03-30T19:12:30Z WARNING bsky_collector_v2.job.index_feed_generators: listRecords failed repo=did:plc:jr5xvxqkqwcobuygh6lz5cpl err=HttpError('InvalidRequest: Could not find repo: did:plc:jr5xvxqkqwcobuygh6lz5cpl')
2026-03-30T19:12:30Z WARNING bsky_collector_v2.job.index_feed_generators: listRecords failed repo=did:plc:jttt5zbfvky5343ptue4sxdz err=HttpError('InvalidRequest: Could not find repo: did:plc:jttt5zbfvky5343ptue4sxdz')
2026-03-30T19:12:30Z WARNING bsky_collector_v2.job.index_feed_generators: listRecords failed repo=did:plc:kcek272feikzpsdajagzezpw err=HttpError('InvalidRequest: Could not find repo: did:plc:kcek272feikzpsdajagzezpw')
2026-03-30T19:12:30Z WARNING bsky_collector_v2.job.index_feed_generators: listRecords failed repo=did:plc:kqgfudb3rgrbrwo4olxyka5g err=HttpError('InvalidRequest: Could not find repo: did:plc:kqgfudb3rgrbrwo4olxyka5g')
2026-03-30T19:12:30Z WARNING bsky_collector_v2.job.index_feed_generators: listRecords failed repo=did:plc:nsmfeaumoiuupwpsefo3p7jz err=HttpError('InvalidRequest: Could not find repo: did:plc:nsmfeaumoiuupwpsefo3p7jz')
2026-03-30T19:12:30Z WARNING bsky_collector_v2.job.index_feed_generators: listRecords failed repo=did:plc:o2xto3qsru6wfkj2pnhd7mfv err=HttpError('InvalidRequest: Could not find repo: did:plc:o2xto3qsru6wfkj2pnhd7mfv')
2026-03-30T19:12:30Z WARNING bsky_collector_v2.job.index_feed_generators: listRecords failed repo=did:plc:o5wehslcjvv4f3t7lx67lni2 err=HttpError('InvalidRequest: Could not find repo: did:plc:o5wehslcjvv4f3t7lx67lni2')
2026-03-30T19:12:30Z WARNING bsky_collector_v2.job.index_feed_generators: listRecords failed repo=did:plc:owqmdvol6uqxjlcczwc7prdq err=HttpError('InvalidRequest: Could not find repo: did:plc:owqmdvol6uqxjlcczwc7prdq')
2026-03-30T19:12:30Z WARNING bsky_collector_v2.job.index_feed_generators: listRecords failed repo=did:plc:ql35bqoacjln5cqydro47dje err=HttpError('InvalidRequest: Could not find repo: did:plc:ql35bqoacjln5cqydro47dje')
2026-03-30T19:12:30Z WARNING bsky_collector_v2.job.index_feed_generators: listRecords failed repo=did:plc:qm3raiugpqetkgy5igct4mkp err=HttpError('InvalidRequest: Could not find repo: did:plc:qm3raiugpqetkgy5igct4mkp')
2026-03-30T19:12:30Z WARNING bsky_collector_v2.job.index_feed_generators: listRecords failed repo=did:plc:rflb2g7qlvugn4nwr46cprep err=HttpError('InvalidRequest: Could not find repo: did:plc:rflb2g7qlvugn4nwr46cprep')
2026-03-30T19:12:30Z WARNING bsky_collector_v2.job.index_feed_generators: listRecords failed repo=did:plc:rvmhazswvrtfget7oj3tjjkk err=HttpError('InvalidRequest: Could not find repo: did:plc:rvmhazswvrtfget7oj3tjjkk')
2026-03-30T19:12:31Z WARNING bsky_collector_v2.job.index_feed_generators: listRecords failed repo=did:plc:rwyho34ssogzrl7l6wtykbvc err=HttpError('InvalidRequest: Could not find repo: did:plc:rwyho34ssogzrl7l6wtykbvc')
2026-03-30T19:12:31Z WARNING bsky_collector_v2.job.index_feed_generators: listRecords failed repo=did:plc:u5odj6ek2qheojmfbktypy5e err=HttpError('InvalidRequest: Could not find repo: did:plc:u5odj6ek2qheojmfbktypy5e')
2026-03-30T19:12:31Z WARNING bsky_collector_v2.job.index_feed_generators: listRecords failed repo=did:plc:v2kjz5sirwbo3klg6zbuxzzg err=HttpError('InvalidRequest: Could not find repo: did:plc:v2kjz5sirwbo3klg6zbuxzzg')
2026-03-30T19:12:31Z WARNING bsky_collector_v2.job.index_feed_generators: listRecords failed repo=did:plc:vf24zlqpziayeor4z64py3sf err=HttpError('InvalidRequest: Could not find repo: did:plc:vf24zlqpziayeor4z64py3sf')
2026-03-30T19:12:31Z WARNING bsky_collector_v2.job.index_feed_generators: listRecords failed repo=did:plc:xbsz7xmu4p6aikgesrcasu47 err=HttpError('InvalidRequest: Could not find repo: did:plc:xbsz7xmu4p6aikgesrcasu47')
2026-03-30T19:12:31Z WARNING bsky_collector_v2.job.index_feed_generators: listRecords failed repo=did:plc:xj7txxoixhhw34sy2i2f6jin err=HttpError('InvalidRequest: Could not find repo: did:plc:xj7txxoixhhw34sy2i2f6jin')
2026-03-30T19:12:31Z WARNING bsky_collector_v2.job.index_feed_generators: listRecords failed repo=did:plc:ylwlydjxigfccalnz4vg3sfd err=HttpError('InvalidRequest: Could not find repo: did:plc:ylwlydjxigfccalnz4vg3sfd')
2026-03-30T19:12:31Z WARNING bsky_collector_v2.job.index_feed_generators: listRecords failed repo=did:plc:zcjmhy2pgzsraarzei4624vd err=HttpError('InvalidRequest: Could not find repo: did:plc:zcjmhy2pgzsraarzei4624vd')
2026-03-30T19:12:32Z INFO bsky_collector_v2.job.index_feed_generators: enqueued repos page=30 mode=listRepos inserted=500 repos_returned=500 next_cursor=set
2026-03-30T19:12:32Z WARNING bsky_collector_v2.job.index_feed_generators: listRecords failed repo=did:plc:24f2w3cofcgkle2ofn6rljwu err=HttpError('InvalidRequest: Could not find repo: did:plc:24f2w3cofcgkle2ofn6rljwu')
2026-03-30T19:12:36Z WARNING bsky_collector_v2.job.index_feed_generators: listRecords failed repo=did:plc:3lwcfgc6mhr5pycxxqvttpb6 err=HttpError('InvalidRequest: Could not find repo: did:plc:3lwcfgc6mhr5pycxxqvttpb6')
2026-03-30T19:12:37Z WARNING bsky_collector_v2.job.index_feed_generators: listRecords failed repo=did:plc:3vlyeoa65pjazbo26qgkwrsy err=HttpError('InvalidRequest: Could not find repo: did:plc:3vlyeoa65pjazbo26qgkwrsy')
2026-03-30T19:12:38Z WARNING bsky_collector_v2.job.index_feed_generators: listRecords failed repo=did:plc:4bzelms4kxnp6y4oijgghkxk err=HttpError('InvalidRequest: Could not find repo: did:plc:4bzelms4kxnp6y4oijgghkxk')
2026-03-30T19:12:41Z WARNING bsky_collector_v2.job.index_feed_generators: listRecords failed repo=did:plc:5ouj2w2nvthnykh6sybjxnbu err=HttpError('InvalidRequest: Could not find repo: did:plc:5ouj2w2nvthnykh6sybjxnbu')
2026-03-30T19:12:46Z WARNING bsky_collector_v2.job.index_feed_generators: listRecords failed repo=did:plc:7qerr5sgn3lep4unajfwajmd err=HttpError('InvalidRequest: Could not find repo: did:plc:7qerr5sgn3lep4unajfwajmd')
2026-03-30T19:12:48Z WARNING bsky_collector_v2.job.index_feed_generators: listRecords failed repo=did:plc:b2wsdvkgvmzbraacwg4esnik err=HttpError('InvalidRequest: Could not find repo: did:plc:b2wsdvkgvmzbraacwg4esnik')
2026-03-30T19:12:51Z WARNING bsky_collector_v2.job.index_feed_generators: listRecords failed repo=did:plc:cbcfbjcelm3vifbot7fgry2k err=HttpError('InvalidRequest: Could not find repo: did:plc:cbcfbjcelm3vifbot7fgry2k')
2026-03-30T19:12:51Z WARNING bsky_collector_v2.job.index_feed_generators: listRecords failed repo=did:plc:ccztjtvhrvpslwtxaiiwshhp err=HttpError('InvalidRequest: Could not find repo: did:plc:ccztjtvhrvpslwtxaiiwshhp')
2026-03-30T19:12:58Z WARNING bsky_collector_v2.job.index_feed_generators: listRecords failed repo=did:plc:e6hostcurz5rlirpb2g3flen err=HttpError('InvalidRequest: Could not find repo: did:plc:e6hostcurz5rlirpb2g3flen')
2026-03-30T19:12:59Z WARNING bsky_collector_v2.job.index_feed_generators: listRecords failed repo=did:plc:elpak2rbkocuv2al7gfmknhv err=HttpError('InvalidRequest: Could not find repo: did:plc:elpak2rbkocuv2al7gfmknhv')
2026-03-30T19:13:00Z WARNING bsky_collector_v2.job.index_feed_generators: listRecords failed repo=did:plc:exu2grrdnxudnu52qcuos4lb err=HttpError('InvalidRequest: Could not find repo: did:plc:exu2grrdnxudnu52qcuos4lb')
2026-03-30T19:13:10Z WARNING bsky_collector_v2.job.index_feed_generators: listRecords failed repo=did:plc:ipuvzhbkvqatqfanoanqfvh4 err=HttpError('InvalidRequest: Could not find repo: did:plc:ipuvzhbkvqatqfanoanqfvh4')
2026-03-30T19:13:10Z WARNING bsky_collector_v2.job.index_feed_generators: listRecords failed repo=did:plc:iqak3kpjxkgrc754jaqrdttg err=HttpError('InvalidRequest: Could not find repo: did:plc:iqak3kpjxkgrc754jaqrdttg')
2026-03-30T19:13:16Z WARNING bsky_collector_v2.job.index_feed_generators: listRecords failed repo=did:plc:ksld63jbwk3juumsxklg63h6 err=HttpError('InvalidRequest: Could not find repo: did:plc:ksld63jbwk3juumsxklg63h6')
2026-03-30T19:13:20Z WARNING bsky_collector_v2.job.index_feed_generators: listRecords failed repo=did:plc:l4e23koy6muepa7s7fuk45vy err=HttpError('InvalidRequest: Could not find repo: did:plc:l4e23koy6muepa7s7fuk45vy')
2026-03-30T19:13:25Z WARNING bsky_collector_v2.job.index_feed_generators: listRecords failed repo=did:plc:mcyyzf6xoohhdf5uumkcch7v err=HttpError('InvalidRequest: Could not find repo: did:plc:mcyyzf6xoohhdf5uumkcch7v')
2026-03-30T19:13:38Z WARNING bsky_collector_v2.job.index_feed_generators: listRecords failed repo=did:plc:pputnqcze2vvwoee4h6zee5q err=HttpError('InvalidRequest: Could not find repo: did:plc:pputnqcze2vvwoee4h6zee5q')
2026-03-30T19:13:39Z WARNING bsky_collector_v2.job.index_feed_generators: listRecords failed repo=did:plc:q2fpe3n233ns5tqoyggrhynj err=HttpError('InvalidRequest: Could not find repo: did:plc:q2fpe3n233ns5tqoyggrhynj')
2026-03-30T19:13:40Z WARNING bsky_collector_v2.job.index_feed_generators: listRecords failed repo=did:plc:qaa2lqgczu6n4a7hib3ba422 err=HttpError('InvalidRequest: Could not find repo: did:plc:qaa2lqgczu6n4a7hib3ba422')
2026-03-30T19:13:40Z WARNING bsky_collector_v2.job.index_feed_generators: listRecords failed repo=did:plc:qgpl74ox75c5pkqj3z24qymf err=HttpError('InvalidRequest: Could not find repo: did:plc:qgpl74ox75c5pkqj3z24qymf')
2026-03-30T19:13:48Z WARNING bsky_collector_v2.job.index_feed_generators: listRecords failed repo=did:plc:sep7lpoxts6kq2pni72b7ewu err=HttpError('InvalidRequest: Could not find repo: did:plc:sep7lpoxts6kq2pni72b7ewu')
2026-03-30T19:13:52Z WARNING bsky_collector_v2.job.index_feed_generators: listRecords failed repo=did:plc:t77jqfwjeztodas3dv3fdndn err=HttpError('InvalidRequest: Could not find repo: did:plc:t77jqfwjeztodas3dv3fdndn')
2026-03-30T19:13:54Z WARNING bsky_collector_v2.job.index_feed_generators: listRecords failed repo=did:plc:v2gg3qnry2bmk5wzxaed36mo err=HttpError('InvalidRequest: Could not find repo: did:plc:v2gg3qnry2bmk5wzxaed36mo')
2026-03-30T19:13:57Z WARNING bsky_collector_v2.job.index_feed_generators: listRecords failed repo=did:plc:wop7iwq7viob5sob3a4kilbq err=HttpError('InvalidRequest: Could not find repo: did:plc:wop7iwq7viob5sob3a4kilbq')
2026-03-30T19:14:00Z WARNING bsky_collector_v2.job.index_feed_generators: listRecords failed repo=did:plc:xzofdjr24lminoglxrf5nteo err=HttpError('InvalidRequest: Could not find repo: did:plc:xzofdjr24lminoglxrf5nteo')
2026-03-30T19:14:03Z WARNING bsky_collector_v2.job.index_feed_generators: listRecords failed repo=did:plc:yrmm2gfdp5pcy7z322xbo5bv err=HttpError('InvalidRequest: Could not find repo: did:plc:yrmm2gfdp5pcy7z322xbo5bv')
2026-03-30T19:14:03Z WARNING bsky_collector_v2.job.index_feed_generators: listRecords failed repo=did:plc:yv7rirwbwdbooyrmg46red74 err=HttpError('InvalidRequest: Could not find repo: did:plc:yv7rirwbwdbooyrmg46red74')
2026-03-30T19:14:04Z WARNING bsky_collector_v2.job.index_feed_generators: listRecords failed repo=did:plc:zdtvgmugvgub32v4nlarmv6v err=HttpError('InvalidRequest: Could not find repo: did:plc:zdtvgmugvgub32v4nlarmv6v')
2026-03-30T19:14:05Z WARNING bsky_collector_v2.job.index_feed_generators: listRecords failed repo=did:plc:24f2w3cofcgkle2ofn6rljwu err=HttpError('InvalidRequest: Could not find repo: did:plc:24f2w3cofcgkle2ofn6rljwu')
2026-03-30T19:14:05Z WARNING bsky_collector_v2.job.index_feed_generators: listRecords failed repo=did:plc:3lwcfgc6mhr5pycxxqvttpb6 err=HttpError('InvalidRequest: Could not find repo: did:plc:3lwcfgc6mhr5pycxxqvttpb6')
2026-03-30T19:14:05Z WARNING bsky_collector_v2.job.index_feed_generators: listRecords failed repo=did:plc:3vlyeoa65pjazbo26qgkwrsy err=HttpError('InvalidRequest: Could not find repo: did:plc:3vlyeoa65pjazbo26qgkwrsy')
2026-03-30T19:14:05Z WARNING bsky_collector_v2.job.index_feed_generators: listRecords failed repo=did:plc:4bzelms4kxnp6y4oijgghkxk err=HttpError('InvalidRequest: Could not find repo: did:plc:4bzelms4kxnp6y4oijgghkxk')
2026-03-30T19:14:06Z WARNING bsky_collector_v2.job.index_feed_generators: listRecords failed repo=did:plc:5ouj2w2nvthnykh6sybjxnbu err=HttpError('InvalidRequest: Could not find repo: did:plc:5ouj2w2nvthnykh6sybjxnbu')
2026-03-30T19:14:06Z WARNING bsky_collector_v2.job.index_feed_generators: listRecords failed repo=did:plc:7qerr5sgn3lep4unajfwajmd err=HttpError('InvalidRequest: Could not find repo: did:plc:7qerr5sgn3lep4unajfwajmd')
2026-03-30T19:14:06Z WARNING bsky_collector_v2.job.index_feed_generators: listRecords failed repo=did:plc:b2wsdvkgvmzbraacwg4esnik err=HttpError('InvalidRequest: Could not find repo: did:plc:b2wsdvkgvmzbraacwg4esnik')
2026-03-30T19:14:06Z WARNING bsky_collector_v2.job.index_feed_generators: listRecords failed repo=did:plc:cbcfbjcelm3vifbot7fgry2k err=HttpError('InvalidRequest: Could not find repo: did:plc:cbcfbjcelm3vifbot7fgry2k')
2026-03-30T19:14:06Z WARNING bsky_collector_v2.job.index_feed_generators: listRecords failed repo=did:plc:ccztjtvhrvpslwtxaiiwshhp err=HttpError('InvalidRequest: Could not find repo: did:plc:ccztjtvhrvpslwtxaiiwshhp')
2026-03-30T19:14:06Z WARNING bsky_collector_v2.job.index_feed_generators: listRecords failed repo=did:plc:e6hostcurz5rlirpb2g3flen err=HttpError('InvalidRequest: Could not find repo: did:plc:e6hostcurz5rlirpb2g3flen')
2026-03-30T19:14:06Z WARNING bsky_collector_v2.job.index_feed_generators: listRecords failed repo=did:plc:elpak2rbkocuv2al7gfmknhv err=HttpError('InvalidRequest: Could not find repo: did:plc:elpak2rbkocuv2al7gfmknhv')
2026-03-30T19:14:06Z WARNING bsky_collector_v2.job.index_feed_generators: listRecords failed repo=did:plc:exu2grrdnxudnu52qcuos4lb err=HttpError('InvalidRequest: Could not find repo: did:plc:exu2grrdnxudnu52qcuos4lb')
2026-03-30T19:14:06Z WARNING bsky_collector_v2.job.index_feed_generators: listRecords failed repo=did:plc:ipuvzhbkvqatqfanoanqfvh4 err=HttpError('InvalidRequest: Could not find repo: did:plc:ipuvzhbkvqatqfanoanqfvh4')
2026-03-30T19:14:06Z WARNING bsky_collector_v2.job.index_feed_generators: listRecords failed repo=did:plc:iqak3kpjxkgrc754jaqrdttg err=HttpError('InvalidRequest: Could not find repo: did:plc:iqak3kpjxkgrc754jaqrdttg')
2026-03-30T19:14:06Z WARNING bsky_collector_v2.job.index_feed_generators: listRecords failed repo=did:plc:ksld63jbwk3juumsxklg63h6 err=HttpError('InvalidRequest: Could not find repo: did:plc:ksld63jbwk3juumsxklg63h6')
2026-03-30T19:14:06Z WARNING bsky_collector_v2.job.index_feed_generators: listRecords failed repo=did:plc:l4e23koy6muepa7s7fuk45vy err=HttpError('InvalidRequest: Could not find repo: did:plc:l4e23koy6muepa7s7fuk45vy')
2026-03-30T19:14:06Z WARNING bsky_collector_v2.job.index_feed_generators: listRecords failed repo=did:plc:mcyyzf6xoohhdf5uumkcch7v err=HttpError('InvalidRequest: Could not find repo: did:plc:mcyyzf6xoohhdf5uumkcch7v')
2026-03-30T19:14:06Z WARNING bsky_collector_v2.job.index_feed_generators: listRecords failed repo=did:plc:pputnqcze2vvwoee4h6zee5q err=HttpError('InvalidRequest: Could not find repo: did:plc:pputnqcze2vvwoee4h6zee5q')
2026-03-30T19:14:06Z WARNING bsky_collector_v2.job.index_feed_generators: listRecords failed repo=did:plc:q2fpe3n233ns5tqoyggrhynj err=HttpError('InvalidRequest: Could not find repo: did:plc:q2fpe3n233ns5tqoyggrhynj')
2026-03-30T19:14:06Z WARNING bsky_collector_v2.job.index_feed_generators: listRecords failed repo=did:plc:qaa2lqgczu6n4a7hib3ba422 err=HttpError('InvalidRequest: Could not find repo: did:plc:qaa2lqgczu6n4a7hib3ba422')
2026-03-30T19:14:06Z WARNING bsky_collector_v2.job.index_feed_generators: listRecords failed repo=did:plc:qgpl74ox75c5pkqj3z24qymf err=HttpError('InvalidRequest: Could not find repo: did:plc:qgpl74ox75c5pkqj3z24qymf')
2026-03-30T19:14:06Z WARNING bsky_collector_v2.job.index_feed_generators: listRecords failed repo=did:plc:sep7lpoxts6kq2pni72b7ewu err=HttpError('InvalidRequest: Could not find repo: did:plc:sep7lpoxts6kq2pni72b7ewu')
2026-03-30T19:14:07Z WARNING bsky_collector_v2.job.index_feed_generators: listRecords failed repo=did:plc:t77jqfwjeztodas3dv3fdndn err=HttpError('InvalidRequest: Could not find repo: did:plc:t77jqfwjeztodas3dv3fdndn')
2026-03-30T19:14:07Z WARNING bsky_collector_v2.job.index_feed_generators: listRecords failed repo=did:plc:v2gg3qnry2bmk5wzxaed36mo err=HttpError('InvalidRequest: Could not find repo: did:plc:v2gg3qnry2bmk5wzxaed36mo')
2026-03-30T19:14:07Z WARNING bsky_collector_v2.job.index_feed_generators: listRecords failed repo=did:plc:wop7iwq7viob5sob3a4kilbq err=HttpError('InvalidRequest: Could not find repo: did:plc:wop7iwq7viob5sob3a4kilbq')
2026-03-30T19:14:07Z WARNING bsky_collector_v2.job.index_feed_generators: listRecords failed repo=did:plc:xzofdjr24lminoglxrf5nteo err=HttpError('InvalidRequest: Could not find repo: did:plc:xzofdjr24lminoglxrf5nteo')
2026-03-30T19:14:07Z WARNING bsky_collector_v2.job.index_feed_generators: listRecords failed repo=did:plc:yrmm2gfdp5pcy7z322xbo5bv err=HttpError('InvalidRequest: Could not find repo: did:plc:yrmm2gfdp5pcy7z322xbo5bv')
2026-03-30T19:14:07Z WARNING bsky_collector_v2.job.index_feed_generators: listRecords failed repo=did:plc:yv7rirwbwdbooyrmg46red74 err=HttpError('InvalidRequest: Could not find repo: did:plc:yv7rirwbwdbooyrmg46red74')
2026-03-30T19:14:07Z WARNING bsky_collector_v2.job.index_feed_generators: listRecords failed repo=did:plc:zdtvgmugvgub32v4nlarmv6v err=HttpError('InvalidRequest: Could not find repo: did:plc:zdtvgmugvgub32v4nlarmv6v')
2026-03-30T19:14:07Z WARNING bsky_collector_v2.job.index_feed_generators: listRecords failed repo=did:plc:24f2w3cofcgkle2ofn6rljwu err=HttpError('InvalidRequest: Could not find repo: did:plc:24f2w3cofcgkle2ofn6rljwu')
2026-03-30T19:14:07Z WARNING bsky_collector_v2.job.index_feed_generators: listRecords failed repo=did:plc:3lwcfgc6mhr5pycxxqvttpb6 err=HttpError('InvalidRequest: Could not find repo: did:plc:3lwcfgc6mhr5pycxxqvttpb6')
2026-03-30T19:14:07Z WARNING bsky_collector_v2.job.index_feed_generators: listRecords failed repo=did:plc:3vlyeoa65pjazbo26qgkwrsy err=HttpError('InvalidRequest: Could not find repo: did:plc:3vlyeoa65pjazbo26qgkwrsy')
2026-03-30T19:14:07Z WARNING bsky_collector_v2.job.index_feed_generators: listRecords failed repo=did:plc:4bzelms4kxnp6y4oijgghkxk err=HttpError('InvalidRequest: Could not find repo: did:plc:4bzelms4kxnp6y4oijgghkxk')
2026-03-30T19:14:07Z WARNING bsky_collector_v2.job.index_feed_generators: listRecords failed repo=did:plc:5ouj2w2nvthnykh6sybjxnbu err=HttpError('InvalidRequest: Could not find repo: did:plc:5ouj2w2nvthnykh6sybjxnbu')
2026-03-30T19:14:07Z WARNING bsky_collector_v2.job.index_feed_generators: listRecords failed repo=did:plc:7qerr5sgn3lep4unajfwajmd err=HttpError('InvalidRequest: Could not find repo: did:plc:7qerr5sgn3lep4unajfwajmd')
2026-03-30T19:14:07Z WARNING bsky_collector_v2.job.index_feed_generators: listRecords failed repo=did:plc:b2wsdvkgvmzbraacwg4esnik err=HttpError('InvalidRequest: Could not find repo: did:plc:b2wsdvkgvmzbraacwg4esnik')
2026-03-30T19:14:07Z WARNING bsky_collector_v2.job.index_feed_generators: listRecords failed repo=did:plc:cbcfbjcelm3vifbot7fgry2k err=HttpError('InvalidRequest: Could not find repo: did:plc:cbcfbjcelm3vifbot7fgry2k')
2026-03-30T19:14:07Z WARNING bsky_collector_v2.job.index_feed_generators: listRecords failed repo=did:plc:ccztjtvhrvpslwtxaiiwshhp err=HttpError('InvalidRequest: Could not find repo: did:plc:ccztjtvhrvpslwtxaiiwshhp')
2026-03-30T19:14:07Z WARNING bsky_collector_v2.job.index_feed_generators: listRecords failed repo=did:plc:e6hostcurz5rlirpb2g3flen err=HttpError('InvalidRequest: Could not find repo: did:plc:e6hostcurz5rlirpb2g3flen')
2026-03-30T19:14:07Z WARNING bsky_collector_v2.job.index_feed_generators: listRecords failed repo=did:plc:elpak2rbkocuv2al7gfmknhv err=HttpError('InvalidRequest: Could not find repo: did:plc:elpak2rbkocuv2al7gfmknhv')
2026-03-30T19:14:07Z WARNING bsky_collector_v2.job.index_feed_generators: listRecords failed repo=did:plc:exu2grrdnxudnu52qcuos4lb err=HttpError('InvalidRequest: Could not find repo: did:plc:exu2grrdnxudnu52qcuos4lb')
2026-03-30T19:14:08Z WARNING bsky_collector_v2.job.index_feed_generators: listRecords failed repo=did:plc:ipuvzhbkvqatqfanoanqfvh4 err=HttpError('InvalidRequest: Could not find repo: did:plc:ipuvzhbkvqatqfanoanqfvh4')
2026-03-30T19:14:08Z WARNING bsky_collector_v2.job.index_feed_generators: listRecords failed repo=did:plc:iqak3kpjxkgrc754jaqrdttg err=HttpError('InvalidRequest: Could not find repo: did:plc:iqak3kpjxkgrc754jaqrdttg')
2026-03-30T19:14:08Z WARNING bsky_collector_v2.job.index_feed_generators: listRecords failed repo=did:plc:ksld63jbwk3juumsxklg63h6 err=HttpError('InvalidRequest: Could not find repo: did:plc:ksld63jbwk3juumsxklg63h6')
2026-03-30T19:14:08Z WARNING bsky_collector_v2.job.index_feed_generators: listRecords failed repo=did:plc:l4e23koy6muepa7s7fuk45vy err=HttpError('InvalidRequest: Could not find repo: did:plc:l4e23koy6muepa7s7fuk45vy')
2026-03-30T19:14:08Z WARNING bsky_collector_v2.job.index_feed_generators: listRecords failed repo=did:plc:mcyyzf6xoohhdf5uumkcch7v err=HttpError('InvalidRequest: Could not find repo: did:plc:mcyyzf6xoohhdf5uumkcch7v')
2026-03-30T19:14:08Z WARNING bsky_collector_v2.job.index_feed_generators: listRecords failed repo=did:plc:pputnqcze2vvwoee4h6zee5q err=HttpError('InvalidRequest: Could not find repo: did:plc:pputnqcze2vvwoee4h6zee5q')
2026-03-30T19:14:08Z WARNING bsky_collector_v2.job.index_feed_generators: listRecords failed repo=did:plc:q2fpe3n233ns5tqoyggrhynj err=HttpError('InvalidRequest: Could not find repo: did:plc:q2fpe3n233ns5tqoyggrhynj')
2026-03-30T19:14:08Z WARNING bsky_collector_v2.job.index_feed_generators: listRecords failed repo=did:plc:qaa2lqgczu6n4a7hib3ba422 err=HttpError('InvalidRequest: Could not find repo: did:plc:qaa2lqgczu6n4a7hib3ba422')
2026-03-30T19:14:08Z WARNING bsky_collector_v2.job.index_feed_generators: listRecords failed repo=did:plc:qgpl74ox75c5pkqj3z24qymf err=HttpError('InvalidRequest: Could not find repo: did:plc:qgpl74ox75c5pkqj3z24qymf')
2026-03-30T19:14:08Z WARNING bsky_collector_v2.job.index_feed_generators: listRecords failed repo=did:plc:sep7lpoxts6kq2pni72b7ewu err=HttpError('InvalidRequest: Could not find repo: did:plc:sep7lpoxts6kq2pni72b7ewu')
2026-03-30T19:14:08Z WARNING bsky_collector_v2.job.index_feed_generators: listRecords failed repo=did:plc:t77jqfwjeztodas3dv3fdndn err=HttpError('InvalidRequest: Could not find repo: did:plc:t77jqfwjeztodas3dv3fdndn')
2026-03-30T19:14:08Z WARNING bsky_collector_v2.job.index_feed_generators: listRecords failed repo=did:plc:v2gg3qnry2bmk5wzxaed36mo err=HttpError('InvalidRequest: Could not find repo: did:plc:v2gg3qnry2bmk5wzxaed36mo')
2026-03-30T19:14:08Z WARNING bsky_collector_v2.job.index_feed_generators: listRecords failed repo=did:plc:wop7iwq7viob5sob3a4kilbq err=HttpError('InvalidRequest: Could not find repo: did:plc:wop7iwq7viob5sob3a4kilbq')
2026-03-30T19:14:08Z WARNING bsky_collector_v2.job.index_feed_generators: listRecords failed repo=did:plc:xzofdjr24lminoglxrf5nteo err=HttpError('InvalidRequest: Could not find repo: did:plc:xzofdjr24lminoglxrf5nteo')
2026-03-30T19:14:08Z WARNING bsky_collector_v2.job.index_feed_generators: listRecords failed repo=did:plc:yrmm2gfdp5pcy7z322xbo5bv err=HttpError('InvalidRequest: Could not find repo: did:plc:yrmm2gfdp5pcy7z322xbo5bv')
2026-03-30T19:14:08Z WARNING bsky_collector_v2.job.index_feed_generators: listRecords failed repo=did:plc:yv7rirwbwdbooyrmg46red74 err=HttpError('InvalidRequest: Could not find repo: did:plc:yv7rirwbwdbooyrmg46red74')
2026-03-30T19:14:09Z WARNING bsky_collector_v2.job.index_feed_generators: listRecords failed repo=did:plc:zdtvgmugvgub32v4nlarmv6v err=HttpError('InvalidRequest: Could not find repo: did:plc:zdtvgmugvgub32v4nlarmv6v')
2026-03-30T19:14:09Z INFO bsky_collector_v2.job.index_feed_generators: enqueued repos page=31 mode=listRepos inserted=500 repos_returned=500 next_cursor=set
2026-03-30T19:14:09Z WARNING bsky_collector_v2.job.index_feed_generators: listRecords failed repo=did:plc:2btcvd5dj4yz3fjn4vyozlnw err=HttpError('InvalidRequest: Could not find repo: did:plc:2btcvd5dj4yz3fjn4vyozlnw')
2026-03-30T19:14:15Z WARNING bsky_collector_v2.job.index_feed_generators: listRecords failed repo=did:plc:43vouv2htj2e24772h6dy63u err=HttpError('InvalidRequest: Could not find repo: did:plc:43vouv2htj2e24772h6dy63u')
2026-03-30T19:14:18Z WARNING bsky_collector_v2.job.index_feed_generators: listRecords failed repo=did:plc:5ftwzk5dommoq22lad5fuwnx err=HttpError('InvalidRequest: Could not find repo: did:plc:5ftwzk5dommoq22lad5fuwnx')
2026-03-30T19:14:25Z WARNING bsky_collector_v2.job.index_feed_generators: listRecords failed repo=did:plc:7x57hnbcg472kazm23rud4xm err=HttpError('InvalidRequest: Could not find repo: did:plc:7x57hnbcg472kazm23rud4xm')
2026-03-30T19:14:27Z WARNING bsky_collector_v2.job.index_feed_generators: listRecords failed repo=did:plc:aqd53hretsaccla5oyfdngog err=HttpError('InvalidRequest: Could not find repo: did:plc:aqd53hretsaccla5oyfdngog')
2026-03-30T19:14:29Z WARNING bsky_collector_v2.job.index_feed_generators: listRecords failed repo=did:plc:bl2ttgdehcflhppijl7tr2hn err=HttpError('InvalidRequest: Could not find repo: did:plc:bl2ttgdehcflhppijl7tr2hn')
2026-03-30T19:14:30Z WARNING bsky_collector_v2.job.index_feed_generators: listRecords failed repo=did:plc:bpz75hjplnzhkemvd22yrb2j err=HttpError('InvalidRequest: Could not find repo: did:plc:bpz75hjplnzhkemvd22yrb2j')
2026-03-30T19:14:31Z WARNING bsky_collector_v2.job.index_feed_generators: listRecords failed repo=did:plc:bzav3ng4ommfp44z64lofgpz err=HttpError('InvalidRequest: Could not find repo: did:plc:bzav3ng4ommfp44z64lofgpz')
2026-03-30T19:14:33Z WARNING bsky_collector_v2.job.index_feed_generators: listRecords failed repo=did:plc:chqldtkve32d6songebsfoes err=HttpError('InvalidRequest: Could not find repo: did:plc:chqldtkve32d6songebsfoes')
2026-03-30T19:14:33Z WARNING bsky_collector_v2.job.index_feed_generators: listRecords failed repo=did:plc:cqtacsdxunvtqwll3m2exn32 err=HttpError('InvalidRequest: Could not find repo: did:plc:cqtacsdxunvtqwll3m2exn32')
2026-03-30T19:14:35Z WARNING bsky_collector_v2.job.index_feed_generators: listRecords failed repo=did:plc:evp3mgu5po7dypvlhdvyl3ju err=HttpError('InvalidRequest: Could not find repo: did:plc:evp3mgu5po7dypvlhdvyl3ju')
2026-03-30T19:14:41Z WARNING bsky_collector_v2.job.index_feed_generators: listRecords failed repo=did:plc:htweld2spp3ys6iah5axfum6 err=HttpError('InvalidRequest: Could not find repo: did:plc:htweld2spp3ys6iah5axfum6')
2026-03-30T19:14:44Z WARNING bsky_collector_v2.job.index_feed_generators: listRecords failed repo=did:plc:j5uhk2fvm3vabauz4kdqz5ud err=HttpError('InvalidRequest: Could not find repo: did:plc:j5uhk2fvm3vabauz4kdqz5ud')
2026-03-30T19:14:45Z WARNING bsky_collector_v2.job.index_feed_generators: listRecords failed repo=did:plc:jmzkyb7slytvj4apshoakkbp err=HttpError('InvalidRequest: Could not find repo: did:plc:jmzkyb7slytvj4apshoakkbp')
2026-03-30T19:14:49Z WARNING bsky_collector_v2.job.index_feed_generators: listRecords failed repo=did:plc:l6sk3lxfgj7idijhx4ayztyi err=HttpError('InvalidRequest: Could not find repo: did:plc:l6sk3lxfgj7idijhx4ayztyi')
2026-03-30T19:14:51Z WARNING bsky_collector_v2.job.index_feed_generators: listRecords failed repo=did:plc:lj6j3kk3djn7zqoeeeq6mawh err=HttpError('InvalidRequest: Could not find repo: did:plc:lj6j3kk3djn7zqoeeeq6mawh')
2026-03-30T19:14:53Z WARNING bsky_collector_v2.job.index_feed_generators: listRecords failed repo=did:plc:m54ioiemofkjmoc6uzqluix7 err=HttpError('InvalidRequest: Could not find repo: did:plc:m54ioiemofkjmoc6uzqluix7')
2026-03-30T19:14:57Z WARNING bsky_collector_v2.job.index_feed_generators: listRecords failed repo=did:plc:n6ycqr3vbzi2ovwpfqhujlxz err=HttpError('InvalidRequest: Could not find repo: did:plc:n6ycqr3vbzi2ovwpfqhujlxz')
2026-03-30T19:15:01Z WARNING bsky_collector_v2.job.index_feed_generators: listRecords failed repo=did:plc:popwrdrx5tckjbwj7q4kqikv err=HttpError('InvalidRequest: Could not find repo: did:plc:popwrdrx5tckjbwj7q4kqikv')
2026-03-30T19:15:02Z WARNING bsky_collector_v2.job.index_feed_generators: listRecords failed repo=did:plc:ptsjpvaweglmrthnfafxrmby err=HttpError('InvalidRequest: Could not find repo: did:plc:ptsjpvaweglmrthnfafxrmby')
2026-03-30T19:15:03Z WARNING bsky_collector_v2.job.index_feed_generators: listRecords failed repo=did:plc:q6cg3luo4cdyk5gwj6dsehbn err=HttpError('InvalidRequest: Could not find repo: did:plc:q6cg3luo4cdyk5gwj6dsehbn')
2026-03-30T19:15:09Z WARNING bsky_collector_v2.job.index_feed_generators: listRecords failed repo=did:plc:rvpu6ulhuuno7zpyzp35jdsk err=HttpError('InvalidRequest: Could not find repo: did:plc:rvpu6ulhuuno7zpyzp35jdsk')
2026-03-30T19:15:12Z WARNING bsky_collector_v2.job.index_feed_generators: listRecords failed repo=did:plc:thnpzgj7v56om2almd5ryuwb err=HttpError('InvalidRequest: Could not find repo: did:plc:thnpzgj7v56om2almd5ryuwb')
2026-03-30T19:15:14Z WARNING bsky_collector_v2.job.index_feed_generators: listRecords failed repo=did:plc:u2jgdoi4yfqhcf2u7aqfi6jx err=HttpError('InvalidRequest: Could not find repo: did:plc:u2jgdoi4yfqhcf2u7aqfi6jx')
2026-03-30T19:15:20Z WARNING bsky_collector_v2.job.index_feed_generators: listRecords failed repo=did:plc:w56543f7xp37wsgepovqrl2j err=HttpError('InvalidRequest: Could not find repo: did:plc:w56543f7xp37wsgepovqrl2j')
2026-03-30T19:15:20Z WARNING bsky_collector_v2.job.index_feed_generators: listRecords failed repo=did:plc:w5kkm4kh3nx74d35hrm7k5pk err=HttpError('InvalidRequest: Could not find repo: did:plc:w5kkm4kh3nx74d35hrm7k5pk')
2026-03-30T19:15:22Z WARNING bsky_collector_v2.job.index_feed_generators: listRecords failed repo=did:plc:wybt2pd5mpcwvlb222g6cchp err=HttpError('InvalidRequest: Could not find repo: did:plc:wybt2pd5mpcwvlb222g6cchp')
2026-03-30T19:15:27Z WARNING bsky_collector_v2.job.index_feed_generators: listRecords failed repo=did:plc:y33o47cmmpitcs4ahcsqdrie err=HttpError('InvalidRequest: Could not find repo: did:plc:y33o47cmmpitcs4ahcsqdrie')
2026-03-30T19:15:32Z WARNING bsky_collector_v2.job.index_feed_generators: listRecords failed repo=did:plc:ysqbhihktj6vgtvs75ksb2ff err=HttpError('InvalidRequest: Could not find repo: did:plc:ysqbhihktj6vgtvs75ksb2ff')
2026-03-30T19:15:38Z WARNING bsky_collector_v2.job.index_feed_generators: listRecords failed repo=did:plc:2btcvd5dj4yz3fjn4vyozlnw err=HttpError('InvalidRequest: Could not find repo: did:plc:2btcvd5dj4yz3fjn4vyozlnw')
2026-03-30T19:15:39Z WARNING bsky_collector_v2.job.index_feed_generators: listRecords failed repo=did:plc:43vouv2htj2e24772h6dy63u err=HttpError('InvalidRequest: Could not find repo: did:plc:43vouv2htj2e24772h6dy63u')
2026-03-30T19:15:39Z WARNING bsky_collector_v2.job.index_feed_generators: listRecords failed repo=did:plc:5ftwzk5dommoq22lad5fuwnx err=HttpError('InvalidRequest: Could not find repo: did:plc:5ftwzk5dommoq22lad5fuwnx')
2026-03-30T19:15:39Z WARNING bsky_collector_v2.job.index_feed_generators: listRecords failed repo=did:plc:7x57hnbcg472kazm23rud4xm err=HttpError('InvalidRequest: Could not find repo: did:plc:7x57hnbcg472kazm23rud4xm')
2026-03-30T19:15:39Z WARNING bsky_collector_v2.job.index_feed_generators: listRecords failed repo=did:plc:aqd53hretsaccla5oyfdngog err=HttpError('InvalidRequest: Could not find repo: did:plc:aqd53hretsaccla5oyfdngog')
2026-03-30T19:15:39Z WARNING bsky_collector_v2.job.index_feed_generators: listRecords failed repo=did:plc:bl2ttgdehcflhppijl7tr2hn err=HttpError('InvalidRequest: Could not find repo: did:plc:bl2ttgdehcflhppijl7tr2hn')
2026-03-30T19:15:39Z WARNING bsky_collector_v2.job.index_feed_generators: listRecords failed repo=did:plc:bpz75hjplnzhkemvd22yrb2j err=HttpError('InvalidRequest: Could not find repo: did:plc:bpz75hjplnzhkemvd22yrb2j')
2026-03-30T19:15:39Z WARNING bsky_collector_v2.job.index_feed_generators: listRecords failed repo=did:plc:bzav3ng4ommfp44z64lofgpz err=HttpError('InvalidRequest: Could not find repo: did:plc:bzav3ng4ommfp44z64lofgpz')
2026-03-30T19:15:39Z WARNING bsky_collector_v2.job.index_feed_generators: listRecords failed repo=did:plc:chqldtkve32d6songebsfoes err=HttpError('InvalidRequest: Could not find repo: did:plc:chqldtkve32d6songebsfoes')
2026-03-30T19:15:40Z WARNING bsky_collector_v2.job.index_feed_generators: listRecords failed repo=did:plc:cqtacsdxunvtqwll3m2exn32 err=HttpError('InvalidRequest: Could not find repo: did:plc:cqtacsdxunvtqwll3m2exn32')
2026-03-30T19:15:40Z WARNING bsky_collector_v2.job.index_feed_generators: listRecords failed repo=did:plc:evp3mgu5po7dypvlhdvyl3ju err=HttpError('InvalidRequest: Could not find repo: did:plc:evp3mgu5po7dypvlhdvyl3ju')
2026-03-30T19:15:40Z WARNING bsky_collector_v2.job.index_feed_generators: listRecords failed repo=did:plc:htweld2spp3ys6iah5axfum6 err=HttpError('InvalidRequest: Could not find repo: did:plc:htweld2spp3ys6iah5axfum6')
2026-03-30T19:15:40Z WARNING bsky_collector_v2.job.index_feed_generators: listRecords failed repo=did:plc:j5uhk2fvm3vabauz4kdqz5ud err=HttpError('InvalidRequest: Could not find repo: did:plc:j5uhk2fvm3vabauz4kdqz5ud')
2026-03-30T19:15:40Z WARNING bsky_collector_v2.job.index_feed_generators: listRecords failed repo=did:plc:jmzkyb7slytvj4apshoakkbp err=HttpError('InvalidRequest: Could not find repo: did:plc:jmzkyb7slytvj4apshoakkbp')
2026-03-30T19:15:40Z WARNING bsky_collector_v2.job.index_feed_generators: listRecords failed repo=did:plc:l6sk3lxfgj7idijhx4ayztyi err=HttpError('InvalidRequest: Could not find repo: did:plc:l6sk3lxfgj7idijhx4ayztyi')
2026-03-30T19:15:40Z WARNING bsky_collector_v2.job.index_feed_generators: listRecords failed repo=did:plc:lj6j3kk3djn7zqoeeeq6mawh err=HttpError('InvalidRequest: Could not find repo: did:plc:lj6j3kk3djn7zqoeeeq6mawh')
2026-03-30T19:15:40Z WARNING bsky_collector_v2.job.index_feed_generators: listRecords failed repo=did:plc:m54ioiemofkjmoc6uzqluix7 err=HttpError('InvalidRequest: Could not find repo: did:plc:m54ioiemofkjmoc6uzqluix7')
2026-03-30T19:15:41Z WARNING bsky_collector_v2.job.index_feed_generators: listRecords failed repo=did:plc:n6ycqr3vbzi2ovwpfqhujlxz err=HttpError('InvalidRequest: Could not find repo: did:plc:n6ycqr3vbzi2ovwpfqhujlxz')
2026-03-30T19:15:41Z WARNING bsky_collector_v2.job.index_feed_generators: listRecords failed repo=did:plc:popwrdrx5tckjbwj7q4kqikv err=HttpError('InvalidRequest: Could not find repo: did:plc:popwrdrx5tckjbwj7q4kqikv')
2026-03-30T19:15:41Z WARNING bsky_collector_v2.job.index_feed_generators: listRecords failed repo=did:plc:ptsjpvaweglmrthnfafxrmby err=HttpError('InvalidRequest: Could not find repo: did:plc:ptsjpvaweglmrthnfafxrmby')
2026-03-30T19:15:41Z WARNING bsky_collector_v2.job.index_feed_generators: listRecords failed repo=did:plc:q6cg3luo4cdyk5gwj6dsehbn err=HttpError('InvalidRequest: Could not find repo: did:plc:q6cg3luo4cdyk5gwj6dsehbn')
2026-03-30T19:15:41Z WARNING bsky_collector_v2.job.index_feed_generators: listRecords failed repo=did:plc:rvpu6ulhuuno7zpyzp35jdsk err=HttpError('InvalidRequest: Could not find repo: did:plc:rvpu6ulhuuno7zpyzp35jdsk')
2026-03-30T19:15:41Z WARNING bsky_collector_v2.job.index_feed_generators: listRecords failed repo=did:plc:thnpzgj7v56om2almd5ryuwb err=HttpError('InvalidRequest: Could not find repo: did:plc:thnpzgj7v56om2almd5ryuwb')
2026-03-30T19:15:41Z WARNING bsky_collector_v2.job.index_feed_generators: listRecords failed repo=did:plc:u2jgdoi4yfqhcf2u7aqfi6jx err=HttpError('InvalidRequest: Could not find repo: did:plc:u2jgdoi4yfqhcf2u7aqfi6jx')
2026-03-30T19:15:41Z WARNING bsky_collector_v2.job.index_feed_generators: listRecords failed repo=did:plc:w56543f7xp37wsgepovqrl2j err=HttpError('InvalidRequest: Could not find repo: did:plc:w56543f7xp37wsgepovqrl2j')
2026-03-30T19:15:41Z WARNING bsky_collector_v2.job.index_feed_generators: listRecords failed repo=did:plc:w5kkm4kh3nx74d35hrm7k5pk err=HttpError('InvalidRequest: Could not find repo: did:plc:w5kkm4kh3nx74d35hrm7k5pk')
2026-03-30T19:15:41Z WARNING bsky_collector_v2.job.index_feed_generators: listRecords failed repo=did:plc:wybt2pd5mpcwvlb222g6cchp err=HttpError('InvalidRequest: Could not find repo: did:plc:wybt2pd5mpcwvlb222g6cchp')
2026-03-30T19:15:42Z WARNING bsky_collector_v2.job.index_feed_generators: listRecords failed repo=did:plc:y33o47cmmpitcs4ahcsqdrie err=HttpError('InvalidRequest: Could not find repo: did:plc:y33o47cmmpitcs4ahcsqdrie')
2026-03-30T19:15:42Z WARNING bsky_collector_v2.job.index_feed_generators: listRecords failed repo=did:plc:ysqbhihktj6vgtvs75ksb2ff err=HttpError('InvalidRequest: Could not find repo: did:plc:ysqbhihktj6vgtvs75ksb2ff')
2026-03-30T19:15:42Z WARNING bsky_collector_v2.job.index_feed_generators: listRecords failed repo=did:plc:2btcvd5dj4yz3fjn4vyozlnw err=HttpError('InvalidRequest: Could not find repo: did:plc:2btcvd5dj4yz3fjn4vyozlnw')
2026-03-30T19:15:42Z WARNING bsky_collector_v2.job.index_feed_generators: listRecords failed repo=did:plc:43vouv2htj2e24772h6dy63u err=HttpError('InvalidRequest: Could not find repo: did:plc:43vouv2htj2e24772h6dy63u')
2026-03-30T19:15:42Z WARNING bsky_collector_v2.job.index_feed_generators: listRecords failed repo=did:plc:5ftwzk5dommoq22lad5fuwnx err=HttpError('InvalidRequest: Could not find repo: did:plc:5ftwzk5dommoq22lad5fuwnx')
2026-03-30T19:15:42Z WARNING bsky_collector_v2.job.index_feed_generators: listRecords failed repo=did:plc:7x57hnbcg472kazm23rud4xm err=HttpError('InvalidRequest: Could not find repo: did:plc:7x57hnbcg472kazm23rud4xm')
2026-03-30T19:15:42Z WARNING bsky_collector_v2.job.index_feed_generators: listRecords failed repo=did:plc:aqd53hretsaccla5oyfdngog err=HttpError('InvalidRequest: Could not find repo: did:plc:aqd53hretsaccla5oyfdngog')
2026-03-30T19:15:42Z WARNING bsky_collector_v2.job.index_feed_generators: listRecords failed repo=did:plc:bl2ttgdehcflhppijl7tr2hn err=HttpError('InvalidRequest: Could not find repo: did:plc:bl2ttgdehcflhppijl7tr2hn')
2026-03-30T19:15:42Z WARNING bsky_collector_v2.job.index_feed_generators: listRecords failed repo=did:plc:bpz75hjplnzhkemvd22yrb2j err=HttpError('InvalidRequest: Could not find repo: did:plc:bpz75hjplnzhkemvd22yrb2j')
2026-03-30T19:15:42Z WARNING bsky_collector_v2.job.index_feed_generators: listRecords failed repo=did:plc:bzav3ng4ommfp44z64lofgpz err=HttpError('InvalidRequest: Could not find repo: did:plc:bzav3ng4ommfp44z64lofgpz')
2026-03-30T19:15:43Z WARNING bsky_collector_v2.job.index_feed_generators: listRecords failed repo=did:plc:chqldtkve32d6songebsfoes err=HttpError('InvalidRequest: Could not find repo: did:plc:chqldtkve32d6songebsfoes')
2026-03-30T19:15:43Z WARNING bsky_collector_v2.job.index_feed_generators: listRecords failed repo=did:plc:cqtacsdxunvtqwll3m2exn32 err=HttpError('InvalidRequest: Could not find repo: did:plc:cqtacsdxunvtqwll3m2exn32')
2026-03-30T19:15:43Z WARNING bsky_collector_v2.job.index_feed_generators: listRecords failed repo=did:plc:evp3mgu5po7dypvlhdvyl3ju err=HttpError('InvalidRequest: Could not find repo: did:plc:evp3mgu5po7dypvlhdvyl3ju')
2026-03-30T19:15:43Z WARNING bsky_collector_v2.job.index_feed_generators: listRecords failed repo=did:plc:htweld2spp3ys6iah5axfum6 err=HttpError('InvalidRequest: Could not find repo: did:plc:htweld2spp3ys6iah5axfum6')
2026-03-30T19:15:43Z WARNING bsky_collector_v2.job.index_feed_generators: listRecords failed repo=did:plc:j5uhk2fvm3vabauz4kdqz5ud err=HttpError('InvalidRequest: Could not find repo: did:plc:j5uhk2fvm3vabauz4kdqz5ud')
2026-03-30T19:15:43Z WARNING bsky_collector_v2.job.index_feed_generators: listRecords failed repo=did:plc:jmzkyb7slytvj4apshoakkbp err=HttpError('InvalidRequest: Could not find repo: did:plc:jmzkyb7slytvj4apshoakkbp')
2026-03-30T19:15:43Z WARNING bsky_collector_v2.job.index_feed_generators: listRecords failed repo=did:plc:l6sk3lxfgj7idijhx4ayztyi err=HttpError('InvalidRequest: Could not find repo: did:plc:l6sk3lxfgj7idijhx4ayztyi')
2026-03-30T19:15:43Z WARNING bsky_collector_v2.job.index_feed_generators: listRecords failed repo=did:plc:lj6j3kk3djn7zqoeeeq6mawh err=HttpError('InvalidRequest: Could not find repo: did:plc:lj6j3kk3djn7zqoeeeq6mawh')
2026-03-30T19:15:43Z WARNING bsky_collector_v2.job.index_feed_generators: listRecords failed repo=did:plc:m54ioiemofkjmoc6uzqluix7 err=HttpError('InvalidRequest: Could not find repo: did:plc:m54ioiemofkjmoc6uzqluix7')
2026-03-30T19:15:43Z WARNING bsky_collector_v2.job.index_feed_generators: listRecords failed repo=did:plc:n6ycqr3vbzi2ovwpfqhujlxz err=HttpError('InvalidRequest: Could not find repo: did:plc:n6ycqr3vbzi2ovwpfqhujlxz')
2026-03-30T19:15:44Z WARNING bsky_collector_v2.job.index_feed_generators: listRecords failed repo=did:plc:popwrdrx5tckjbwj7q4kqikv err=HttpError('InvalidRequest: Could not find repo: did:plc:popwrdrx5tckjbwj7q4kqikv')
2026-03-30T19:15:44Z WARNING bsky_collector_v2.job.index_feed_generators: listRecords failed repo=did:plc:ptsjpvaweglmrthnfafxrmby err=HttpError('InvalidRequest: Could not find repo: did:plc:ptsjpvaweglmrthnfafxrmby')
2026-03-30T19:15:44Z WARNING bsky_collector_v2.job.index_feed_generators: listRecords failed repo=did:plc:q6cg3luo4cdyk5gwj6dsehbn err=HttpError('InvalidRequest: Could not find repo: did:plc:q6cg3luo4cdyk5gwj6dsehbn')
2026-03-30T19:15:44Z WARNING bsky_collector_v2.job.index_feed_generators: listRecords failed repo=did:plc:rvpu6ulhuuno7zpyzp35jdsk err=HttpError('InvalidRequest: Could not find repo: did:plc:rvpu6ulhuuno7zpyzp35jdsk')
2026-03-30T19:15:44Z WARNING bsky_collector_v2.job.index_feed_generators: listRecords failed repo=did:plc:thnpzgj7v56om2almd5ryuwb err=HttpError('InvalidRequest: Could not find repo: did:plc:thnpzgj7v56om2almd5ryuwb')
2026-03-30T19:15:44Z WARNING bsky_collector_v2.job.index_feed_generators: listRecords failed repo=did:plc:u2jgdoi4yfqhcf2u7aqfi6jx err=HttpError('InvalidRequest: Could not find repo: did:plc:u2jgdoi4yfqhcf2u7aqfi6jx')
2026-03-30T19:15:44Z WARNING bsky_collector_v2.job.index_feed_generators: listRecords failed repo=did:plc:w56543f7xp37wsgepovqrl2j err=HttpError('InvalidRequest: Could not find repo: did:plc:w56543f7xp37wsgepovqrl2j')
2026-03-30T19:15:44Z WARNING bsky_collector_v2.job.index_feed_generators: listRecords failed repo=did:plc:w5kkm4kh3nx74d35hrm7k5pk err=HttpError('InvalidRequest: Could not find repo: did:plc:w5kkm4kh3nx74d35hrm7k5pk')
2026-03-30T19:15:44Z WARNING bsky_collector_v2.job.index_feed_generators: listRecords failed repo=did:plc:wybt2pd5mpcwvlb222g6cchp err=HttpError('InvalidRequest: Could not find repo: did:plc:wybt2pd5mpcwvlb222g6cchp')
2026-03-30T19:15:44Z WARNING bsky_collector_v2.job.index_feed_generators: listRecords failed repo=did:plc:y33o47cmmpitcs4ahcsqdrie err=HttpError('InvalidRequest: Could not find repo: did:plc:y33o47cmmpitcs4ahcsqdrie')
2026-03-30T19:15:44Z WARNING bsky_collector_v2.job.index_feed_generators: listRecords failed repo=did:plc:ysqbhihktj6vgtvs75ksb2ff err=HttpError('InvalidRequest: Could not find repo: did:plc:ysqbhihktj6vgtvs75ksb2ff')
2026-03-30T19:15:45Z INFO bsky_collector_v2.job.index_feed_generators: enqueued repos page=32 mode=listRepos inserted=500 repos_returned=500 next_cursor=set
2026-03-30T19:16:01Z WARNING bsky_collector_v2.job.index_feed_generators: listRecords failed repo=did:plc:7rbmza3nbuosqsalifq2ji3o err=HttpError('InvalidRequest: Could not find repo: did:plc:7rbmza3nbuosqsalifq2ji3o')
2026-03-30T19:16:19Z INFO bsky_collector_v2.job.index_feed_generators: indexed repo=did:plc:hf4mdlf6nlkowf7k66mg3ra3 part=189 records=1 next_cursor=set
2026-03-30T19:16:37Z WARNING bsky_collector_v2.job.index_feed_generators: listRecords failed repo=did:plc:oiiexc4q6x4wtwj6mvz7jydg err=HttpError('InvalidRequest: Could not find repo: did:plc:oiiexc4q6x4wtwj6mvz7jydg')
2026-03-30T19:17:07Z WARNING bsky_collector_v2.job.index_feed_generators: listRecords failed repo=did:plc:7rbmza3nbuosqsalifq2ji3o err=HttpError('InvalidRequest: Could not find repo: did:plc:7rbmza3nbuosqsalifq2ji3o')
2026-03-30T19:17:07Z WARNING bsky_collector_v2.job.index_feed_generators: listRecords failed repo=did:plc:oiiexc4q6x4wtwj6mvz7jydg err=HttpError('InvalidRequest: Could not find repo: did:plc:oiiexc4q6x4wtwj6mvz7jydg')
2026-03-30T19:17:07Z WARNING bsky_collector_v2.job.index_feed_generators: listRecords failed repo=did:plc:7rbmza3nbuosqsalifq2ji3o err=HttpError('InvalidRequest: Could not find repo: did:plc:7rbmza3nbuosqsalifq2ji3o')
2026-03-30T19:17:07Z WARNING bsky_collector_v2.job.index_feed_generators: listRecords failed repo=did:plc:oiiexc4q6x4wtwj6mvz7jydg err=HttpError('InvalidRequest: Could not find repo: did:plc:oiiexc4q6x4wtwj6mvz7jydg')
2026-03-30T19:17:08Z INFO bsky_collector_v2.job.index_feed_generators: enqueued repos page=33 mode=listRepos inserted=500 repos_returned=500 next_cursor=set
2026-03-30T19:17:27Z WARNING bsky_collector_v2.job.index_feed_generators: listRecords failed repo=did:plc:bn5y7n5dutvbeysomd5of2tu err=HttpError('InvalidRequest: Could not find repo: did:plc:bn5y7n5dutvbeysomd5of2tu')
2026-03-30T19:17:29Z WARNING bsky_collector_v2.job.index_feed_generators: listRecords failed repo=did:plc:cqi3bhzfjrfg2urtcatzblem err=HttpError('InvalidRequest: Could not find repo: did:plc:cqi3bhzfjrfg2urtcatzblem')
2026-03-30T19:18:10Z WARNING bsky_collector_v2.job.index_feed_generators: listRecords failed repo=did:plc:so5qih3i2ngtbaakpinqh7e6 err=HttpError('InvalidRequest: Could not find repo: did:plc:so5qih3i2ngtbaakpinqh7e6')
2026-03-30T19:18:19Z WARNING bsky_collector_v2.job.index_feed_generators: listRecords failed repo=did:plc:vjyvqk6ksku7p3ykhzzay2ro err=HttpError('InvalidRequest: Could not find repo: did:plc:vjyvqk6ksku7p3ykhzzay2ro')
2026-03-30T19:18:31Z WARNING bsky_collector_v2.job.index_feed_generators: listRecords failed repo=did:plc:bn5y7n5dutvbeysomd5of2tu err=HttpError('InvalidRequest: Could not find repo: did:plc:bn5y7n5dutvbeysomd5of2tu')
2026-03-30T19:18:31Z WARNING bsky_collector_v2.job.index_feed_generators: listRecords failed repo=did:plc:cqi3bhzfjrfg2urtcatzblem err=HttpError('InvalidRequest: Could not find repo: did:plc:cqi3bhzfjrfg2urtcatzblem')
2026-03-30T19:18:31Z WARNING bsky_collector_v2.job.index_feed_generators: listRecords failed repo=did:plc:so5qih3i2ngtbaakpinqh7e6 err=HttpError('InvalidRequest: Could not find repo: did:plc:so5qih3i2ngtbaakpinqh7e6')
2026-03-30T19:18:31Z WARNING bsky_collector_v2.job.index_feed_generators: listRecords failed repo=did:plc:vjyvqk6ksku7p3ykhzzay2ro err=HttpError('InvalidRequest: Could not find repo: did:plc:vjyvqk6ksku7p3ykhzzay2ro')
2026-03-30T19:18:31Z WARNING bsky_collector_v2.job.index_feed_generators: listRecords failed repo=did:plc:bn5y7n5dutvbeysomd5of2tu err=HttpError('InvalidRequest: Could not find repo: did:plc:bn5y7n5dutvbeysomd5of2tu')
2026-03-30T19:18:31Z WARNING bsky_collector_v2.job.index_feed_generators: listRecords failed repo=did:plc:cqi3bhzfjrfg2urtcatzblem err=HttpError('InvalidRequest: Could not find repo: did:plc:cqi3bhzfjrfg2urtcatzblem')
2026-03-30T19:18:31Z WARNING bsky_collector_v2.job.index_feed_generators: listRecords failed repo=did:plc:so5qih3i2ngtbaakpinqh7e6 err=HttpError('InvalidRequest: Could not find repo: did:plc:so5qih3i2ngtbaakpinqh7e6')
2026-03-30T19:18:31Z WARNING bsky_collector_v2.job.index_feed_generators: listRecords failed repo=did:plc:vjyvqk6ksku7p3ykhzzay2ro err=HttpError('InvalidRequest: Could not find repo: did:plc:vjyvqk6ksku7p3ykhzzay2ro')
2026-03-30T19:18:32Z INFO bsky_collector_v2.job.index_feed_generators: enqueued repos page=34 mode=listRepos inserted=500 repos_returned=500 next_cursor=set
2026-03-30T19:18:45Z WARNING bsky_collector_v2.job.index_feed_generators: listRecords failed repo=did:plc:77ep6hsmx42jeyqg2takrdnb err=HttpError('InvalidRequest: Could not find repo: did:plc:77ep6hsmx42jeyqg2takrdnb')
2026-03-30T19:18:57Z WARNING bsky_collector_v2.job.index_feed_generators: listRecords failed repo=did:plc:dlqahdr5d5oztjyxdhcrzvgi err=HttpError('InvalidRequest: Could not find repo: did:plc:dlqahdr5d5oztjyxdhcrzvgi')
2026-03-30T19:19:07Z WARNING bsky_collector_v2.job.index_feed_generators: listRecords failed repo=did:plc:hegvrwhksvazy3ncpamwlys3 err=HttpError('InvalidRequest: Could not find repo: did:plc:hegvrwhksvazy3ncpamwlys3')
2026-03-30T19:19:09Z WARNING bsky_collector_v2.job.index_feed_generators: listRecords failed repo=did:plc:i5fjpjoucxjorbppyao5ofhs err=HttpError('InvalidRequest: Could not find repo: did:plc:i5fjpjoucxjorbppyao5ofhs')
2026-03-30T19:19:22Z WARNING bsky_collector_v2.job.index_feed_generators: listRecords failed repo=did:plc:m3nyt4am5fa45bsvgsnitvvy err=HttpError('InvalidRequest: Could not find repo: did:plc:m3nyt4am5fa45bsvgsnitvvy')
2026-03-30T19:19:31Z WARNING bsky_collector_v2.job.index_feed_generators: listRecords failed repo=did:plc:pkxule2tamshnzj6vy6uyew2 err=HttpError('InvalidRequest: Could not find repo: did:plc:pkxule2tamshnzj6vy6uyew2')
2026-03-30T19:19:58Z WARNING bsky_collector_v2.job.index_feed_generators: listRecords failed repo=did:plc:77ep6hsmx42jeyqg2takrdnb err=HttpError('InvalidRequest: Could not find repo: did:plc:77ep6hsmx42jeyqg2takrdnb')
2026-03-30T19:19:58Z WARNING bsky_collector_v2.job.index_feed_generators: listRecords failed repo=did:plc:dlqahdr5d5oztjyxdhcrzvgi err=HttpError('InvalidRequest: Could not find repo: did:plc:dlqahdr5d5oztjyxdhcrzvgi')
2026-03-30T19:19:58Z WARNING bsky_collector_v2.job.index_feed_generators: listRecords failed repo=did:plc:hegvrwhksvazy3ncpamwlys3 err=HttpError('InvalidRequest: Could not find repo: did:plc:hegvrwhksvazy3ncpamwlys3')
2026-03-30T19:19:58Z WARNING bsky_collector_v2.job.index_feed_generators: listRecords failed repo=did:plc:i5fjpjoucxjorbppyao5ofhs err=HttpError('InvalidRequest: Could not find repo: did:plc:i5fjpjoucxjorbppyao5ofhs')
2026-03-30T19:19:58Z WARNING bsky_collector_v2.job.index_feed_generators: listRecords failed repo=did:plc:m3nyt4am5fa45bsvgsnitvvy err=HttpError('InvalidRequest: Could not find repo: did:plc:m3nyt4am5fa45bsvgsnitvvy')
2026-03-30T19:19:58Z WARNING bsky_collector_v2.job.index_feed_generators: listRecords failed repo=did:plc:pkxule2tamshnzj6vy6uyew2 err=HttpError('InvalidRequest: Could not find repo: did:plc:pkxule2tamshnzj6vy6uyew2')
2026-03-30T19:19:58Z WARNING bsky_collector_v2.job.index_feed_generators: listRecords failed repo=did:plc:77ep6hsmx42jeyqg2takrdnb err=HttpError('InvalidRequest: Could not find repo: did:plc:77ep6hsmx42jeyqg2takrdnb')
2026-03-30T19:19:58Z WARNING bsky_collector_v2.job.index_feed_generators: listRecords failed repo=did:plc:dlqahdr5d5oztjyxdhcrzvgi err=HttpError('InvalidRequest: Could not find repo: did:plc:dlqahdr5d5oztjyxdhcrzvgi')
2026-03-30T19:19:58Z WARNING bsky_collector_v2.job.index_feed_generators: listRecords failed repo=did:plc:hegvrwhksvazy3ncpamwlys3 err=HttpError('InvalidRequest: Could not find repo: did:plc:hegvrwhksvazy3ncpamwlys3')
2026-03-30T19:19:58Z WARNING bsky_collector_v2.job.index_feed_generators: listRecords failed repo=did:plc:i5fjpjoucxjorbppyao5ofhs err=HttpError('InvalidRequest: Could not find repo: did:plc:i5fjpjoucxjorbppyao5ofhs')
2026-03-30T19:19:58Z WARNING bsky_collector_v2.job.index_feed_generators: listRecords failed repo=did:plc:m3nyt4am5fa45bsvgsnitvvy err=HttpError('InvalidRequest: Could not find repo: did:plc:m3nyt4am5fa45bsvgsnitvvy')
2026-03-30T19:19:58Z WARNING bsky_collector_v2.job.index_feed_generators: listRecords failed repo=did:plc:pkxule2tamshnzj6vy6uyew2 err=HttpError('InvalidRequest: Could not find repo: did:plc:pkxule2tamshnzj6vy6uyew2')
2026-03-30T19:19:59Z INFO bsky_collector_v2.job.index_feed_generators: enqueued repos page=35 mode=listRepos inserted=500 repos_returned=500 next_cursor=set
2026-03-30T19:19:59Z WARNING bsky_collector_v2.job.index_feed_generators: listRecords failed repo=did:plc:2epokqtuegofnynm3ufrp6gn err=HttpError('InvalidRequest: Could not find repo: did:plc:2epokqtuegofnynm3ufrp6gn')
2026-03-30T19:20:00Z WARNING bsky_collector_v2.job.index_feed_generators: listRecords failed repo=did:plc:2pu5zoboljou5gtmefdnz7po err=HttpError('InvalidRequest: Could not find repo: did:plc:2pu5zoboljou5gtmefdnz7po')
2026-03-30T19:20:30Z WARNING bsky_collector_v2.job.index_feed_generators: listRecords failed repo=did:plc:gfos7ss3tfaba2ivn5uieyvn err=HttpError('InvalidRequest: Could not find repo: did:plc:gfos7ss3tfaba2ivn5uieyvn')
