2026-03-21T17:30:50Z INFO bsky_collector_v2: out_base ok path=/Volumes/T9/BlueSky/data_v2_full mount=/Volumes/T9
2026-03-21T17:30:50Z INFO bsky_collector_v2: job start subcommand=index-feed-generators dry_run=False resume=True
2026-03-21T17:30:50Z INFO bsky_collector_v2.job.index_feed_generators: feed generator index hosts relay_host=https://bsky.network records_host=https://bsky.social auth=yes
2026-03-21T17:31:00Z WARNING bsky_collector_v2.job.index_feed_generators: listRecords failed repo=did:plc:xpnjfdxl7dmjdun3zvqxfdzf err=HttpError('InvalidRequest: Could not find repo: did:plc:xpnjfdxl7dmjdun3zvqxfdzf')
2026-03-21T17:31:05Z WARNING bsky_collector_v2.job.index_feed_generators: listRecords failed repo=did:plc:bmbzcmacxuzf2tf23rv27iwt err=HttpError('InvalidRequest: Could not find repo: did:plc:bmbzcmacxuzf2tf23rv27iwt')
2026-03-21T17:31:06Z WARNING bsky_collector_v2.job.index_feed_generators: listRecords failed repo=did:plc:rju4knchl5vres774n6kgwnt err=HttpError('InvalidRequest: Could not find repo: did:plc:rju4knchl5vres774n6kgwnt')
2026-03-21T17:31:06Z WARNING bsky_collector_v2.job.index_feed_generators: listRecords failed repo=did:plc:xpnjfdxl7dmjdun3zvqxfdzf err=HttpError('InvalidRequest: Could not find repo: did:plc:xpnjfdxl7dmjdun3zvqxfdzf')
2026-03-21T17:31:06Z WARNING bsky_collector_v2.job.index_feed_generators: listRecords failed repo=did:plc:bmbzcmacxuzf2tf23rv27iwt err=HttpError('InvalidRequest: Could not find repo: did:plc:bmbzcmacxuzf2tf23rv27iwt')
2026-03-21T17:31:06Z WARNING bsky_collector_v2.job.index_feed_generators: listRecords failed repo=did:plc:rju4knchl5vres774n6kgwnt err=HttpError('InvalidRequest: Could not find repo: did:plc:rju4knchl5vres774n6kgwnt')
2026-03-21T17:31:06Z WARNING bsky_collector_v2.job.index_feed_generators: listRecords failed repo=did:plc:xpnjfdxl7dmjdun3zvqxfdzf err=HttpError('InvalidRequest: Could not find repo: did:plc:xpnjfdxl7dmjdun3zvqxfdzf')
2026-03-21T17:31:07Z INFO bsky_collector_v2.job.index_feed_generators: enqueued repos page=1 mode=listRepos inserted=500 repos_returned=500 next_cursor=set
2026-03-21T17:31:16Z WARNING bsky_collector_v2.job.index_feed_generators: listRecords failed repo=did:plc:5w2x33kyxetinnhbxgyibemc err=HttpError('InvalidRequest: Could not find repo: did:plc:5w2x33kyxetinnhbxgyibemc')
2026-03-21T17:31:28Z WARNING bsky_collector_v2.job.index_feed_generators: listRecords failed repo=did:plc:csbnntncqyczzopuypvnm6ow err=HttpError('InvalidRequest: Could not find repo: did:plc:csbnntncqyczzopuypvnm6ow')
2026-03-21T17:32:45Z WARNING bsky_collector_v2.job.index_feed_generators: listRecords failed repo=did:plc:5w2x33kyxetinnhbxgyibemc err=HttpError('InvalidRequest: Could not find repo: did:plc:5w2x33kyxetinnhbxgyibemc')
2026-03-21T17:32:45Z WARNING bsky_collector_v2.job.index_feed_generators: listRecords failed repo=did:plc:csbnntncqyczzopuypvnm6ow err=HttpError('InvalidRequest: Could not find repo: did:plc:csbnntncqyczzopuypvnm6ow')
2026-03-21T17:32:45Z WARNING bsky_collector_v2.job.index_feed_generators: listRecords failed repo=did:plc:5w2x33kyxetinnhbxgyibemc err=HttpError('InvalidRequest: Could not find repo: did:plc:5w2x33kyxetinnhbxgyibemc')
2026-03-21T17:32:45Z WARNING bsky_collector_v2.job.index_feed_generators: listRecords failed repo=did:plc:csbnntncqyczzopuypvnm6ow err=HttpError('InvalidRequest: Could not find repo: did:plc:csbnntncqyczzopuypvnm6ow')
2026-03-21T17:32:46Z INFO bsky_collector_v2.job.index_feed_generators: enqueued repos page=2 mode=listRepos inserted=500 repos_returned=500 next_cursor=set
2026-03-21T17:33:01Z WARNING bsky_collector_v2.job.index_feed_generators: listRecords failed repo=did:plc:6cbfahqvpgzb36urmqn3szwp err=HttpError('InvalidRequest: Could not find repo: did:plc:6cbfahqvpgzb36urmqn3szwp')
2026-03-21T17:33:38Z WARNING bsky_collector_v2.job.index_feed_generators: listRecords failed repo=did:plc:mbtwzzhjhvzzpkswow7pah2n err=HttpError('InvalidRequest: Could not find repo: did:plc:mbtwzzhjhvzzpkswow7pah2n')
2026-03-21T17:33:46Z WARNING bsky_collector_v2.job.index_feed_generators: listRecords failed repo=did:plc:opwukabqejllg3r6qq3lqhdy err=HttpError('InvalidRequest: Could not find repo: did:plc:opwukabqejllg3r6qq3lqhdy')
2026-03-21T17:34:04Z WARNING bsky_collector_v2.job.index_feed_generators: listRecords failed repo=did:plc:v3ew67xucf4vtqfgrnyeqlur err=HttpError('InvalidRequest: Could not find repo: did:plc:v3ew67xucf4vtqfgrnyeqlur')
2026-03-21T17:34:17Z WARNING bsky_collector_v2.job.index_feed_generators: listRecords failed repo=did:plc:6cbfahqvpgzb36urmqn3szwp err=HttpError('InvalidRequest: Could not find repo: did:plc:6cbfahqvpgzb36urmqn3szwp')
2026-03-21T17:34:17Z WARNING bsky_collector_v2.job.index_feed_generators: listRecords failed repo=did:plc:mbtwzzhjhvzzpkswow7pah2n err=HttpError('InvalidRequest: Could not find repo: did:plc:mbtwzzhjhvzzpkswow7pah2n')
2026-03-21T17:34:17Z WARNING bsky_collector_v2.job.index_feed_generators: listRecords failed repo=did:plc:opwukabqejllg3r6qq3lqhdy err=HttpError('InvalidRequest: Could not find repo: did:plc:opwukabqejllg3r6qq3lqhdy')
2026-03-21T17:34:17Z WARNING bsky_collector_v2.job.index_feed_generators: listRecords failed repo=did:plc:v3ew67xucf4vtqfgrnyeqlur err=HttpError('InvalidRequest: Could not find repo: did:plc:v3ew67xucf4vtqfgrnyeqlur')
2026-03-21T17:34:17Z WARNING bsky_collector_v2.job.index_feed_generators: listRecords failed repo=did:plc:6cbfahqvpgzb36urmqn3szwp err=HttpError('InvalidRequest: Could not find repo: did:plc:6cbfahqvpgzb36urmqn3szwp')
2026-03-21T17:34:18Z WARNING bsky_collector_v2.job.index_feed_generators: listRecords failed repo=did:plc:mbtwzzhjhvzzpkswow7pah2n err=HttpError('InvalidRequest: Could not find repo: did:plc:mbtwzzhjhvzzpkswow7pah2n')
2026-03-21T17:34:18Z WARNING bsky_collector_v2.job.index_feed_generators: listRecords failed repo=did:plc:opwukabqejllg3r6qq3lqhdy err=HttpError('InvalidRequest: Could not find repo: did:plc:opwukabqejllg3r6qq3lqhdy')
2026-03-21T17:34:18Z WARNING bsky_collector_v2.job.index_feed_generators: listRecords failed repo=did:plc:v3ew67xucf4vtqfgrnyeqlur err=HttpError('InvalidRequest: Could not find repo: did:plc:v3ew67xucf4vtqfgrnyeqlur')
2026-03-21T17:34:19Z INFO bsky_collector_v2.job.index_feed_generators: enqueued repos page=3 mode=listRepos inserted=500 repos_returned=500 next_cursor=set
2026-03-21T17:35:06Z WARNING bsky_collector_v2.job.index_feed_generators: listRecords failed repo=did:plc:h6zwaatklnqkjpah6p63ubz5 err=HttpError('InvalidRequest: Could not find repo: did:plc:h6zwaatklnqkjpah6p63ubz5')
2026-03-21T17:35:25Z WARNING bsky_collector_v2.job.index_feed_generators: listRecords failed repo=did:plc:nu4z76yw7ubckpbbwlpsiins err=HttpError('InvalidRequest: Could not find repo: did:plc:nu4z76yw7ubckpbbwlpsiins')
2026-03-21T17:35:45Z WARNING bsky_collector_v2.job.index_feed_generators: listRecords failed repo=did:plc:tval36gfilu7a5nwpa4qiifc err=HttpError('InvalidRequest: Could not find repo: did:plc:tval36gfilu7a5nwpa4qiifc')
2026-03-21T17:35:55Z INFO bsky_collector_v2.job.index_feed_generators: indexed repo=did:plc:xtkt2zdjbgmefbtklbis27fu part=167 records=1 next_cursor=set
2026-03-21T17:36:00Z WARNING bsky_collector_v2.job.index_feed_generators: listRecords failed repo=did:plc:h6zwaatklnqkjpah6p63ubz5 err=HttpError('InvalidRequest: Could not find repo: did:plc:h6zwaatklnqkjpah6p63ubz5')
2026-03-21T17:36:00Z WARNING bsky_collector_v2.job.index_feed_generators: listRecords failed repo=did:plc:nu4z76yw7ubckpbbwlpsiins err=HttpError('InvalidRequest: Could not find repo: did:plc:nu4z76yw7ubckpbbwlpsiins')
2026-03-21T17:36:00Z WARNING bsky_collector_v2.job.index_feed_generators: listRecords failed repo=did:plc:tval36gfilu7a5nwpa4qiifc err=HttpError('InvalidRequest: Could not find repo: did:plc:tval36gfilu7a5nwpa4qiifc')
2026-03-21T17:36:01Z WARNING bsky_collector_v2.job.index_feed_generators: listRecords failed repo=did:plc:h6zwaatklnqkjpah6p63ubz5 err=HttpError('InvalidRequest: Could not find repo: did:plc:h6zwaatklnqkjpah6p63ubz5')
2026-03-21T17:36:01Z WARNING bsky_collector_v2.job.index_feed_generators: listRecords failed repo=did:plc:nu4z76yw7ubckpbbwlpsiins err=HttpError('InvalidRequest: Could not find repo: did:plc:nu4z76yw7ubckpbbwlpsiins')
2026-03-21T17:36:01Z WARNING bsky_collector_v2.job.index_feed_generators: listRecords failed repo=did:plc:tval36gfilu7a5nwpa4qiifc err=HttpError('InvalidRequest: Could not find repo: did:plc:tval36gfilu7a5nwpa4qiifc')
2026-03-21T17:36:01Z INFO bsky_collector_v2.job.index_feed_generators: enqueued repos page=4 mode=listRepos inserted=500 repos_returned=500 next_cursor=set
2026-03-21T17:36:39Z WARNING bsky_collector_v2.job.index_feed_generators: listRecords failed repo=did:plc:hlsjzn3p4npxiw7g4cd5pexn err=HttpError('InvalidRequest: Could not find repo: did:plc:hlsjzn3p4npxiw7g4cd5pexn')
2026-03-21T17:37:02Z WARNING bsky_collector_v2.job.index_feed_generators: listRecords failed repo=did:plc:nrxw77yexvu4gy5daten3z2e err=HttpError('InvalidRequest: Could not find repo: did:plc:nrxw77yexvu4gy5daten3z2e')
2026-03-21T17:37:43Z WARNING bsky_collector_v2.job.index_feed_generators: listRecords failed repo=did:plc:hlsjzn3p4npxiw7g4cd5pexn err=HttpError('InvalidRequest: Could not find repo: did:plc:hlsjzn3p4npxiw7g4cd5pexn')
2026-03-21T17:37:43Z WARNING bsky_collector_v2.job.index_feed_generators: listRecords failed repo=did:plc:nrxw77yexvu4gy5daten3z2e err=HttpError('InvalidRequest: Could not find repo: did:plc:nrxw77yexvu4gy5daten3z2e')
2026-03-21T17:37:43Z WARNING bsky_collector_v2.job.index_feed_generators: listRecords failed repo=did:plc:hlsjzn3p4npxiw7g4cd5pexn err=HttpError('InvalidRequest: Could not find repo: did:plc:hlsjzn3p4npxiw7g4cd5pexn')
2026-03-21T17:37:43Z WARNING bsky_collector_v2.job.index_feed_generators: listRecords failed repo=did:plc:nrxw77yexvu4gy5daten3z2e err=HttpError('InvalidRequest: Could not find repo: did:plc:nrxw77yexvu4gy5daten3z2e')
2026-03-21T17:37:43Z INFO bsky_collector_v2.job.index_feed_generators: enqueued repos page=5 mode=listRepos inserted=500 repos_returned=500 next_cursor=set
2026-03-21T17:37:53Z WARNING bsky_collector_v2.job.index_feed_generators: listRecords failed repo=did:plc:5xb36q6ajz5evs5ge6woyl4x err=HttpError('InvalidRequest: Could not find repo: did:plc:5xb36q6ajz5evs5ge6woyl4x')
2026-03-21T17:38:10Z WARNING bsky_collector_v2.job.index_feed_generators: listRecords failed repo=did:plc:e2shl3qc6v7c5todcsmyrxjs err=HttpError('InvalidRequest: Could not find repo: did:plc:e2shl3qc6v7c5todcsmyrxjs')
2026-03-21T17:38:20Z WARNING bsky_collector_v2.job.index_feed_generators: listRecords failed repo=did:plc:hktr5gogjpi4mkhp4rka54cu err=HttpError('InvalidRequest: Could not find repo: did:plc:hktr5gogjpi4mkhp4rka54cu')
2026-03-21T17:38:46Z WARNING bsky_collector_v2.job.index_feed_generators: listRecords failed repo=did:plc:qfdocmx7jwaeoyxx4dztvivj err=HttpError('InvalidRequest: Could not find repo: did:plc:qfdocmx7jwaeoyxx4dztvivj')
2026-03-21T17:38:58Z WARNING bsky_collector_v2.job.index_feed_generators: listRecords failed repo=did:plc:tavxxlhh4fxoacpuxwnysegi err=HttpError('InvalidRequest: Could not find repo: did:plc:tavxxlhh4fxoacpuxwnysegi')
2026-03-21T17:39:26Z WARNING bsky_collector_v2.job.index_feed_generators: listRecords failed repo=did:plc:5xb36q6ajz5evs5ge6woyl4x err=HttpError('InvalidRequest: Could not find repo: did:plc:5xb36q6ajz5evs5ge6woyl4x')
2026-03-21T17:39:26Z WARNING bsky_collector_v2.job.index_feed_generators: listRecords failed repo=did:plc:e2shl3qc6v7c5todcsmyrxjs err=HttpError('InvalidRequest: Could not find repo: did:plc:e2shl3qc6v7c5todcsmyrxjs')
2026-03-21T17:39:26Z WARNING bsky_collector_v2.job.index_feed_generators: listRecords failed repo=did:plc:hktr5gogjpi4mkhp4rka54cu err=HttpError('InvalidRequest: Could not find repo: did:plc:hktr5gogjpi4mkhp4rka54cu')
2026-03-21T17:39:26Z WARNING bsky_collector_v2.job.index_feed_generators: listRecords failed repo=did:plc:qfdocmx7jwaeoyxx4dztvivj err=HttpError('InvalidRequest: Could not find repo: did:plc:qfdocmx7jwaeoyxx4dztvivj')
2026-03-21T17:39:26Z WARNING bsky_collector_v2.job.index_feed_generators: listRecords failed repo=did:plc:tavxxlhh4fxoacpuxwnysegi err=HttpError('InvalidRequest: Could not find repo: did:plc:tavxxlhh4fxoacpuxwnysegi')
2026-03-21T17:39:26Z WARNING bsky_collector_v2.job.index_feed_generators: listRecords failed repo=did:plc:5xb36q6ajz5evs5ge6woyl4x err=HttpError('InvalidRequest: Could not find repo: did:plc:5xb36q6ajz5evs5ge6woyl4x')
2026-03-21T17:39:26Z WARNING bsky_collector_v2.job.index_feed_generators: listRecords failed repo=did:plc:e2shl3qc6v7c5todcsmyrxjs err=HttpError('InvalidRequest: Could not find repo: did:plc:e2shl3qc6v7c5todcsmyrxjs')
2026-03-21T17:39:26Z WARNING bsky_collector_v2.job.index_feed_generators: listRecords failed repo=did:plc:hktr5gogjpi4mkhp4rka54cu err=HttpError('InvalidRequest: Could not find repo: did:plc:hktr5gogjpi4mkhp4rka54cu')
2026-03-21T17:39:26Z WARNING bsky_collector_v2.job.index_feed_generators: listRecords failed repo=did:plc:qfdocmx7jwaeoyxx4dztvivj err=HttpError('InvalidRequest: Could not find repo: did:plc:qfdocmx7jwaeoyxx4dztvivj')
2026-03-21T17:39:26Z WARNING bsky_collector_v2.job.index_feed_generators: listRecords failed repo=did:plc:tavxxlhh4fxoacpuxwnysegi err=HttpError('InvalidRequest: Could not find repo: did:plc:tavxxlhh4fxoacpuxwnysegi')
2026-03-21T17:39:27Z INFO bsky_collector_v2.job.index_feed_generators: enqueued repos page=6 mode=listRepos inserted=500 repos_returned=500 next_cursor=set
2026-03-21T17:40:30Z WARNING bsky_collector_v2.job.index_feed_generators: listRecords failed repo=did:plc:nkknb3xs6zhjyhmixoav6m54 err=HttpError('InvalidRequest: Could not find repo: did:plc:nkknb3xs6zhjyhmixoav6m54')
2026-03-21T17:40:33Z WARNING bsky_collector_v2.job.index_feed_generators: listRecords failed repo=did:plc:ol7qeophq5izwmi7yrui7txf err=HttpError('InvalidRequest: Could not find repo: did:plc:ol7qeophq5izwmi7yrui7txf')
2026-03-21T17:40:50Z WARNING bsky_collector_v2.job.index_feed_generators: listRecords failed repo=did:plc:uk2dxlykpypvvytnmo3s3jbo err=HttpError('InvalidRequest: Could not find repo: did:plc:uk2dxlykpypvvytnmo3s3jbo')
2026-03-21T17:41:06Z WARNING bsky_collector_v2.job.index_feed_generators: listRecords failed repo=did:plc:nkknb3xs6zhjyhmixoav6m54 err=HttpError('InvalidRequest: Could not find repo: did:plc:nkknb3xs6zhjyhmixoav6m54')
2026-03-21T17:41:06Z WARNING bsky_collector_v2.job.index_feed_generators: listRecords failed repo=did:plc:ol7qeophq5izwmi7yrui7txf err=HttpError('InvalidRequest: Could not find repo: did:plc:ol7qeophq5izwmi7yrui7txf')
2026-03-21T17:41:06Z WARNING bsky_collector_v2.job.index_feed_generators: listRecords failed repo=did:plc:uk2dxlykpypvvytnmo3s3jbo err=HttpError('InvalidRequest: Could not find repo: did:plc:uk2dxlykpypvvytnmo3s3jbo')
2026-03-21T17:41:06Z WARNING bsky_collector_v2.job.index_feed_generators: listRecords failed repo=did:plc:nkknb3xs6zhjyhmixoav6m54 err=HttpError('InvalidRequest: Could not find repo: did:plc:nkknb3xs6zhjyhmixoav6m54')
2026-03-21T17:41:06Z WARNING bsky_collector_v2.job.index_feed_generators: listRecords failed repo=did:plc:ol7qeophq5izwmi7yrui7txf err=HttpError('InvalidRequest: Could not find repo: did:plc:ol7qeophq5izwmi7yrui7txf')
2026-03-21T17:41:06Z WARNING bsky_collector_v2.job.index_feed_generators: listRecords failed repo=did:plc:uk2dxlykpypvvytnmo3s3jbo err=HttpError('InvalidRequest: Could not find repo: did:plc:uk2dxlykpypvvytnmo3s3jbo')
2026-03-21T17:41:07Z INFO bsky_collector_v2.job.index_feed_generators: enqueued repos page=7 mode=listRepos inserted=500 repos_returned=500 next_cursor=set
2026-03-21T17:41:28Z WARNING bsky_collector_v2.job.index_feed_generators: listRecords failed repo=did:plc:b5n3w6scdfdjifsk2lpwqbqz err=HttpError('InvalidRequest: Could not find repo: did:plc:b5n3w6scdfdjifsk2lpwqbqz')
2026-03-21T17:42:33Z INFO bsky_collector_v2.job.index_feed_generators: indexed repo=did:plc:vifwo4p6so7zfkgtuxbzdqei part=168 records=2 next_cursor=set
2026-03-21T17:42:36Z WARNING bsky_collector_v2.job.index_feed_generators: listRecords failed repo=did:plc:wdyxdo3h2golswjprep6lsli err=HttpError('InvalidRequest: Could not find repo: did:plc:wdyxdo3h2golswjprep6lsli')
2026-03-21T17:42:45Z WARNING bsky_collector_v2.job.index_feed_generators: listRecords failed repo=did:plc:b5n3w6scdfdjifsk2lpwqbqz err=HttpError('InvalidRequest: Could not find repo: did:plc:b5n3w6scdfdjifsk2lpwqbqz')
2026-03-21T17:42:45Z WARNING bsky_collector_v2.job.index_feed_generators: listRecords failed repo=did:plc:wdyxdo3h2golswjprep6lsli err=HttpError('InvalidRequest: Could not find repo: did:plc:wdyxdo3h2golswjprep6lsli')
2026-03-21T17:42:45Z WARNING bsky_collector_v2.job.index_feed_generators: listRecords failed repo=did:plc:b5n3w6scdfdjifsk2lpwqbqz err=HttpError('InvalidRequest: Could not find repo: did:plc:b5n3w6scdfdjifsk2lpwqbqz')
2026-03-21T17:42:45Z WARNING bsky_collector_v2.job.index_feed_generators: listRecords failed repo=did:plc:wdyxdo3h2golswjprep6lsli err=HttpError('InvalidRequest: Could not find repo: did:plc:wdyxdo3h2golswjprep6lsli')
2026-03-21T17:42:46Z INFO bsky_collector_v2.job.index_feed_generators: enqueued repos page=8 mode=listRepos inserted=500 repos_returned=500 next_cursor=set
2026-03-21T17:42:46Z WARNING bsky_collector_v2.job.index_feed_generators: listRecords failed repo=did:plc:2ezucmfzfyckbimppiepuyde err=HttpError('InvalidRequest: Could not find repo: did:plc:2ezucmfzfyckbimppiepuyde')
2026-03-21T17:42:51Z WARNING bsky_collector_v2.job.index_feed_generators: listRecords failed repo=did:plc:3sszo3msdqgatvhxxmmzr5o7 err=HttpError('InvalidRequest: Could not find repo: did:plc:3sszo3msdqgatvhxxmmzr5o7')
2026-03-21T17:42:53Z WARNING bsky_collector_v2.job.index_feed_generators: listRecords failed repo=did:plc:4cbrh3h5tuki6izkb2ccpa3t err=HttpError('InvalidRequest: Could not find repo: did:plc:4cbrh3h5tuki6izkb2ccpa3t')
2026-03-21T17:42:58Z WARNING bsky_collector_v2.job.index_feed_generators: listRecords failed repo=did:plc:574qfvs76ruunpao2m6to4ym err=HttpError('InvalidRequest: Could not find repo: did:plc:574qfvs76ruunpao2m6to4ym')
2026-03-21T17:43:06Z WARNING bsky_collector_v2.job.index_feed_generators: listRecords failed repo=did:plc:6sb2uoqinq3tlofbxe7nxdkq err=HttpError('InvalidRequest: Could not find repo: did:plc:6sb2uoqinq3tlofbxe7nxdkq')
2026-03-21T17:43:10Z WARNING bsky_collector_v2.job.index_feed_generators: listRecords failed repo=did:plc:7iv4icsovpuluefdp75emv5t err=HttpError('InvalidRequest: Could not find repo: did:plc:7iv4icsovpuluefdp75emv5t')
2026-03-21T17:43:11Z WARNING bsky_collector_v2.job.index_feed_generators: listRecords failed repo=did:plc:7ubc6yhmwerjz6jzlu5g4qya err=HttpError('InvalidRequest: Could not find repo: did:plc:7ubc6yhmwerjz6jzlu5g4qya')
2026-03-21T17:43:16Z WARNING bsky_collector_v2.job.index_feed_generators: listRecords failed repo=did:plc:b7cjur7fv763bjz3j7qzosvz err=HttpError('InvalidRequest: Could not find repo: did:plc:b7cjur7fv763bjz3j7qzosvz')
2026-03-21T17:43:19Z WARNING bsky_collector_v2.job.index_feed_generators: listRecords failed repo=did:plc:buvpdnzfb7ckcqmizo55l7v3 err=HttpError('InvalidRequest: Could not find repo: did:plc:buvpdnzfb7ckcqmizo55l7v3')
2026-03-21T17:43:26Z WARNING bsky_collector_v2.job.index_feed_generators: listRecords failed repo=did:plc:dpi5irlwoa3t42gid5ezazys err=HttpError('InvalidRequest: Could not find repo: did:plc:dpi5irlwoa3t42gid5ezazys')
2026-03-21T17:43:28Z WARNING bsky_collector_v2.job.index_feed_generators: listRecords failed repo=did:plc:edq3hg2jwibsjf6o3tfwt4wh err=HttpError('InvalidRequest: Could not find repo: did:plc:edq3hg2jwibsjf6o3tfwt4wh')
2026-03-21T17:43:46Z WARNING bsky_collector_v2.job.index_feed_generators: listRecords failed repo=did:plc:lnvpu4mpkhenokwixihw7n6a err=HttpError('InvalidRequest: Could not find repo: did:plc:lnvpu4mpkhenokwixihw7n6a')
2026-03-21T17:44:01Z WARNING bsky_collector_v2.job.index_feed_generators: listRecords failed repo=did:plc:rhq23io52gmbp5t35onehxge err=HttpError('InvalidRequest: Could not find repo: did:plc:rhq23io52gmbp5t35onehxge')
2026-03-21T17:44:07Z WARNING bsky_collector_v2.job.index_feed_generators: listRecords failed repo=did:plc:tgu3mmd2lboqrnsdckvkj2el err=HttpError('InvalidRequest: Could not find repo: did:plc:tgu3mmd2lboqrnsdckvkj2el')
2026-03-21T17:44:11Z WARNING bsky_collector_v2.job.index_feed_generators: listRecords failed repo=did:plc:vjfnew6b4jx7a4czetm5wvah err=HttpError('InvalidRequest: Could not find repo: did:plc:vjfnew6b4jx7a4czetm5wvah')
2026-03-21T17:44:19Z WARNING bsky_collector_v2.job.index_feed_generators: listRecords failed repo=did:plc:ysbmmex3fd5umzujeagy25c3 err=HttpError('InvalidRequest: Could not find repo: did:plc:ysbmmex3fd5umzujeagy25c3')
2026-03-21T17:44:23Z WARNING bsky_collector_v2.job.index_feed_generators: listRecords failed repo=did:plc:2ezucmfzfyckbimppiepuyde err=HttpError('InvalidRequest: Could not find repo: did:plc:2ezucmfzfyckbimppiepuyde')
2026-03-21T17:44:23Z WARNING bsky_collector_v2.job.index_feed_generators: listRecords failed repo=did:plc:3sszo3msdqgatvhxxmmzr5o7 err=HttpError('InvalidRequest: Could not find repo: did:plc:3sszo3msdqgatvhxxmmzr5o7')
2026-03-21T17:44:23Z WARNING bsky_collector_v2.job.index_feed_generators: listRecords failed repo=did:plc:4cbrh3h5tuki6izkb2ccpa3t err=HttpError('InvalidRequest: Could not find repo: did:plc:4cbrh3h5tuki6izkb2ccpa3t')
2026-03-21T17:44:23Z WARNING bsky_collector_v2.job.index_feed_generators: listRecords failed repo=did:plc:574qfvs76ruunpao2m6to4ym err=HttpError('InvalidRequest: Could not find repo: did:plc:574qfvs76ruunpao2m6to4ym')
2026-03-21T17:44:23Z WARNING bsky_collector_v2.job.index_feed_generators: listRecords failed repo=did:plc:6sb2uoqinq3tlofbxe7nxdkq err=HttpError('InvalidRequest: Could not find repo: did:plc:6sb2uoqinq3tlofbxe7nxdkq')
2026-03-21T17:44:23Z WARNING bsky_collector_v2.job.index_feed_generators: listRecords failed repo=did:plc:7iv4icsovpuluefdp75emv5t err=HttpError('InvalidRequest: Could not find repo: did:plc:7iv4icsovpuluefdp75emv5t')
2026-03-21T17:44:23Z WARNING bsky_collector_v2.job.index_feed_generators: listRecords failed repo=did:plc:7ubc6yhmwerjz6jzlu5g4qya err=HttpError('InvalidRequest: Could not find repo: did:plc:7ubc6yhmwerjz6jzlu5g4qya')
2026-03-21T17:44:23Z WARNING bsky_collector_v2.job.index_feed_generators: listRecords failed repo=did:plc:b7cjur7fv763bjz3j7qzosvz err=HttpError('InvalidRequest: Could not find repo: did:plc:b7cjur7fv763bjz3j7qzosvz')
2026-03-21T17:44:23Z WARNING bsky_collector_v2.job.index_feed_generators: listRecords failed repo=did:plc:buvpdnzfb7ckcqmizo55l7v3 err=HttpError('InvalidRequest: Could not find repo: did:plc:buvpdnzfb7ckcqmizo55l7v3')
2026-03-21T17:44:23Z WARNING bsky_collector_v2.job.index_feed_generators: listRecords failed repo=did:plc:dpi5irlwoa3t42gid5ezazys err=HttpError('InvalidRequest: Could not find repo: did:plc:dpi5irlwoa3t42gid5ezazys')
2026-03-21T17:44:23Z WARNING bsky_collector_v2.job.index_feed_generators: listRecords failed repo=did:plc:edq3hg2jwibsjf6o3tfwt4wh err=HttpError('InvalidRequest: Could not find repo: did:plc:edq3hg2jwibsjf6o3tfwt4wh')
2026-03-21T17:44:23Z WARNING bsky_collector_v2.job.index_feed_generators: listRecords failed repo=did:plc:lnvpu4mpkhenokwixihw7n6a err=HttpError('InvalidRequest: Could not find repo: did:plc:lnvpu4mpkhenokwixihw7n6a')
2026-03-21T17:44:23Z WARNING bsky_collector_v2.job.index_feed_generators: listRecords failed repo=did:plc:rhq23io52gmbp5t35onehxge err=HttpError('InvalidRequest: Could not find repo: did:plc:rhq23io52gmbp5t35onehxge')
2026-03-21T17:44:23Z WARNING bsky_collector_v2.job.index_feed_generators: listRecords failed repo=did:plc:tgu3mmd2lboqrnsdckvkj2el err=HttpError('InvalidRequest: Could not find repo: did:plc:tgu3mmd2lboqrnsdckvkj2el')
2026-03-21T17:44:23Z WARNING bsky_collector_v2.job.index_feed_generators: listRecords failed repo=did:plc:vjfnew6b4jx7a4czetm5wvah err=HttpError('InvalidRequest: Could not find repo: did:plc:vjfnew6b4jx7a4czetm5wvah')
2026-03-21T17:44:24Z WARNING bsky_collector_v2.job.index_feed_generators: listRecords failed repo=did:plc:ysbmmex3fd5umzujeagy25c3 err=HttpError('InvalidRequest: Could not find repo: did:plc:ysbmmex3fd5umzujeagy25c3')
2026-03-21T17:44:24Z WARNING bsky_collector_v2.job.index_feed_generators: listRecords failed repo=did:plc:2ezucmfzfyckbimppiepuyde err=HttpError('InvalidRequest: Could not find repo: did:plc:2ezucmfzfyckbimppiepuyde')
2026-03-21T17:44:24Z WARNING bsky_collector_v2.job.index_feed_generators: listRecords failed repo=did:plc:3sszo3msdqgatvhxxmmzr5o7 err=HttpError('InvalidRequest: Could not find repo: did:plc:3sszo3msdqgatvhxxmmzr5o7')
2026-03-21T17:44:24Z WARNING bsky_collector_v2.job.index_feed_generators: listRecords failed repo=did:plc:4cbrh3h5tuki6izkb2ccpa3t err=HttpError('InvalidRequest: Could not find repo: did:plc:4cbrh3h5tuki6izkb2ccpa3t')
2026-03-21T17:44:24Z WARNING bsky_collector_v2.job.index_feed_generators: listRecords failed repo=did:plc:574qfvs76ruunpao2m6to4ym err=HttpError('InvalidRequest: Could not find repo: did:plc:574qfvs76ruunpao2m6to4ym')
2026-03-21T17:44:24Z WARNING bsky_collector_v2.job.index_feed_generators: listRecords failed repo=did:plc:6sb2uoqinq3tlofbxe7nxdkq err=HttpError('InvalidRequest: Could not find repo: did:plc:6sb2uoqinq3tlofbxe7nxdkq')
2026-03-21T17:44:24Z WARNING bsky_collector_v2.job.index_feed_generators: listRecords failed repo=did:plc:7iv4icsovpuluefdp75emv5t err=HttpError('InvalidRequest: Could not find repo: did:plc:7iv4icsovpuluefdp75emv5t')
2026-03-21T17:44:24Z WARNING bsky_collector_v2.job.index_feed_generators: listRecords failed repo=did:plc:7ubc6yhmwerjz6jzlu5g4qya err=HttpError('InvalidRequest: Could not find repo: did:plc:7ubc6yhmwerjz6jzlu5g4qya')
2026-03-21T17:44:24Z WARNING bsky_collector_v2.job.index_feed_generators: listRecords failed repo=did:plc:b7cjur7fv763bjz3j7qzosvz err=HttpError('InvalidRequest: Could not find repo: did:plc:b7cjur7fv763bjz3j7qzosvz')
2026-03-21T17:44:24Z WARNING bsky_collector_v2.job.index_feed_generators: listRecords failed repo=did:plc:buvpdnzfb7ckcqmizo55l7v3 err=HttpError('InvalidRequest: Could not find repo: did:plc:buvpdnzfb7ckcqmizo55l7v3')
2026-03-21T17:44:24Z WARNING bsky_collector_v2.job.index_feed_generators: listRecords failed repo=did:plc:dpi5irlwoa3t42gid5ezazys err=HttpError('InvalidRequest: Could not find repo: did:plc:dpi5irlwoa3t42gid5ezazys')
2026-03-21T17:44:24Z WARNING bsky_collector_v2.job.index_feed_generators: listRecords failed repo=did:plc:edq3hg2jwibsjf6o3tfwt4wh err=HttpError('InvalidRequest: Could not find repo: did:plc:edq3hg2jwibsjf6o3tfwt4wh')
2026-03-21T17:44:24Z WARNING bsky_collector_v2.job.index_feed_generators: listRecords failed repo=did:plc:lnvpu4mpkhenokwixihw7n6a err=HttpError('InvalidRequest: Could not find repo: did:plc:lnvpu4mpkhenokwixihw7n6a')
2026-03-21T17:44:24Z WARNING bsky_collector_v2.job.index_feed_generators: listRecords failed repo=did:plc:rhq23io52gmbp5t35onehxge err=HttpError('InvalidRequest: Could not find repo: did:plc:rhq23io52gmbp5t35onehxge')
2026-03-21T17:44:24Z WARNING bsky_collector_v2.job.index_feed_generators: listRecords failed repo=did:plc:tgu3mmd2lboqrnsdckvkj2el err=HttpError('InvalidRequest: Could not find repo: did:plc:tgu3mmd2lboqrnsdckvkj2el')
2026-03-21T17:44:24Z WARNING bsky_collector_v2.job.index_feed_generators: listRecords failed repo=did:plc:vjfnew6b4jx7a4czetm5wvah err=HttpError('InvalidRequest: Could not find repo: did:plc:vjfnew6b4jx7a4czetm5wvah')
2026-03-21T17:44:24Z WARNING bsky_collector_v2.job.index_feed_generators: listRecords failed repo=did:plc:ysbmmex3fd5umzujeagy25c3 err=HttpError('InvalidRequest: Could not find repo: did:plc:ysbmmex3fd5umzujeagy25c3')
2026-03-21T17:44:25Z INFO bsky_collector_v2.job.index_feed_generators: enqueued repos page=9 mode=listRepos inserted=500 repos_returned=500 next_cursor=set
2026-03-21T17:44:26Z WARNING bsky_collector_v2.job.index_feed_generators: listRecords failed repo=did:plc:2iagmmv7w7orwnzswbjrqquh err=HttpError('InvalidRequest: Could not find repo: did:plc:2iagmmv7w7orwnzswbjrqquh')
2026-03-21T17:44:39Z INFO bsky_collector_v2.job.index_feed_generators: indexed repo=did:plc:76wdtg7vi6evw3v7k4clp6oo part=169 records=1 next_cursor=set
2026-03-21T17:44:42Z WARNING bsky_collector_v2.job.index_feed_generators: listRecords failed repo=did:plc:a5inl4pgrbfkhrrd6s3mxard err=HttpError('InvalidRequest: Could not find repo: did:plc:a5inl4pgrbfkhrrd6s3mxard')
2026-03-21T17:44:43Z WARNING bsky_collector_v2.job.index_feed_generators: listRecords failed repo=did:plc:amxveakc2jva52bncqoq5hfh err=HttpError('InvalidRequest: Could not find repo: did:plc:amxveakc2jva52bncqoq5hfh')
2026-03-21T17:44:50Z WARNING bsky_collector_v2.job.index_feed_generators: listRecords failed repo=did:plc:d5ez2ll7fwvbbotei5dzzhhd err=HttpError('InvalidRequest: Could not find repo: did:plc:d5ez2ll7fwvbbotei5dzzhhd')
2026-03-21T17:45:03Z WARNING bsky_collector_v2.job.index_feed_generators: listRecords failed repo=did:plc:hyblrz2dxhcinxdxzwi6isxi err=HttpError('InvalidRequest: Could not find repo: did:plc:hyblrz2dxhcinxdxzwi6isxi')
2026-03-21T17:45:03Z WARNING bsky_collector_v2.job.index_feed_generators: listRecords failed repo=did:plc:hzdiaifeskpqx3iku5j6kmnt err=HttpError('InvalidRequest: Could not find repo: did:plc:hzdiaifeskpqx3iku5j6kmnt')
2026-03-21T17:45:08Z WARNING bsky_collector_v2.job.index_feed_generators: listRecords failed repo=did:plc:juypuddejps3mc4gidn52edv err=HttpError('InvalidRequest: Could not find repo: did:plc:juypuddejps3mc4gidn52edv')
2026-03-21T17:45:10Z WARNING bsky_collector_v2.job.index_feed_generators: listRecords failed repo=did:plc:kdtmbv2kokycjhuxvkhfe2mt err=HttpError('InvalidRequest: Could not find repo: did:plc:kdtmbv2kokycjhuxvkhfe2mt')
2026-03-21T17:45:12Z WARNING bsky_collector_v2.job.index_feed_generators: listRecords failed repo=did:plc:liomovorsk4zmiiidvcteb47 err=HttpError('InvalidRequest: Could not find repo: did:plc:liomovorsk4zmiiidvcteb47')
2026-03-21T17:45:16Z WARNING bsky_collector_v2.job.index_feed_generators: listRecords failed repo=did:plc:mfm4h7br6e4s6v5z7dm4wsns err=HttpError('InvalidRequest: Could not find repo: did:plc:mfm4h7br6e4s6v5z7dm4wsns')
2026-03-21T17:45:16Z WARNING bsky_collector_v2.job.index_feed_generators: listRecords failed repo=did:plc:mhz2qhzdo3jxdyuxcgtjmtll err=HttpError('InvalidRequest: Could not find repo: did:plc:mhz2qhzdo3jxdyuxcgtjmtll')
2026-03-21T17:45:16Z WARNING bsky_collector_v2.job.index_feed_generators: listRecords failed repo=did:plc:mnid7fseqhnbognhoejzdyia err=HttpError('InvalidRequest: Could not find repo: did:plc:mnid7fseqhnbognhoejzdyia')
2026-03-21T17:45:16Z WARNING bsky_collector_v2.job.index_feed_generators: listRecords failed repo=did:plc:mubdiwa2f56wzl555ryaufis err=HttpError('InvalidRequest: Could not find repo: did:plc:mubdiwa2f56wzl555ryaufis')
2026-03-21T17:45:20Z WARNING bsky_collector_v2.job.index_feed_generators: listRecords failed repo=did:plc:o5f2jckhstyhhcumcp23hd2p err=HttpError('InvalidRequest: Could not find repo: did:plc:o5f2jckhstyhhcumcp23hd2p')
2026-03-21T17:45:20Z WARNING bsky_collector_v2.job.index_feed_generators: listRecords failed repo=did:plc:o5x3fybfp6r3xztjyuomlgc2 err=HttpError('InvalidRequest: Could not find repo: did:plc:o5x3fybfp6r3xztjyuomlgc2')
2026-03-21T17:45:26Z WARNING bsky_collector_v2.job.index_feed_generators: listRecords failed repo=did:plc:qd53zso2q5qbehtk7si2z3me err=HttpError('InvalidRequest: Could not find repo: did:plc:qd53zso2q5qbehtk7si2z3me')
2026-03-21T17:45:47Z WARNING bsky_collector_v2.job.index_feed_generators: listRecords failed repo=did:plc:yf22yu2ul3tqwjhf3boepmmd err=HttpError('InvalidRequest: Could not find repo: did:plc:yf22yu2ul3tqwjhf3boepmmd')
2026-03-21T17:45:51Z WARNING bsky_collector_v2.job.index_feed_generators: listRecords failed repo=did:plc:2iagmmv7w7orwnzswbjrqquh err=HttpError('InvalidRequest: Could not find repo: did:plc:2iagmmv7w7orwnzswbjrqquh')
2026-03-21T17:45:52Z WARNING bsky_collector_v2.job.index_feed_generators: listRecords failed repo=did:plc:a5inl4pgrbfkhrrd6s3mxard err=HttpError('InvalidRequest: Could not find repo: did:plc:a5inl4pgrbfkhrrd6s3mxard')
2026-03-21T17:45:52Z WARNING bsky_collector_v2.job.index_feed_generators: listRecords failed repo=did:plc:amxveakc2jva52bncqoq5hfh err=HttpError('InvalidRequest: Could not find repo: did:plc:amxveakc2jva52bncqoq5hfh')
2026-03-21T17:45:52Z WARNING bsky_collector_v2.job.index_feed_generators: listRecords failed repo=did:plc:d5ez2ll7fwvbbotei5dzzhhd err=HttpError('InvalidRequest: Could not find repo: did:plc:d5ez2ll7fwvbbotei5dzzhhd')
2026-03-21T17:45:52Z WARNING bsky_collector_v2.job.index_feed_generators: listRecords failed repo=did:plc:hyblrz2dxhcinxdxzwi6isxi err=HttpError('InvalidRequest: Could not find repo: did:plc:hyblrz2dxhcinxdxzwi6isxi')
2026-03-21T17:45:52Z WARNING bsky_collector_v2.job.index_feed_generators: listRecords failed repo=did:plc:hzdiaifeskpqx3iku5j6kmnt err=HttpError('InvalidRequest: Could not find repo: did:plc:hzdiaifeskpqx3iku5j6kmnt')
2026-03-21T17:45:52Z WARNING bsky_collector_v2.job.index_feed_generators: listRecords failed repo=did:plc:juypuddejps3mc4gidn52edv err=HttpError('InvalidRequest: Could not find repo: did:plc:juypuddejps3mc4gidn52edv')
2026-03-21T17:45:52Z WARNING bsky_collector_v2.job.index_feed_generators: listRecords failed repo=did:plc:kdtmbv2kokycjhuxvkhfe2mt err=HttpError('InvalidRequest: Could not find repo: did:plc:kdtmbv2kokycjhuxvkhfe2mt')
2026-03-21T17:45:52Z WARNING bsky_collector_v2.job.index_feed_generators: listRecords failed repo=did:plc:liomovorsk4zmiiidvcteb47 err=HttpError('InvalidRequest: Could not find repo: did:plc:liomovorsk4zmiiidvcteb47')
2026-03-21T17:45:52Z WARNING bsky_collector_v2.job.index_feed_generators: listRecords failed repo=did:plc:mfm4h7br6e4s6v5z7dm4wsns err=HttpError('InvalidRequest: Could not find repo: did:plc:mfm4h7br6e4s6v5z7dm4wsns')
2026-03-21T17:45:52Z WARNING bsky_collector_v2.job.index_feed_generators: listRecords failed repo=did:plc:mhz2qhzdo3jxdyuxcgtjmtll err=HttpError('InvalidRequest: Could not find repo: did:plc:mhz2qhzdo3jxdyuxcgtjmtll')
2026-03-21T17:45:52Z WARNING bsky_collector_v2.job.index_feed_generators: listRecords failed repo=did:plc:mnid7fseqhnbognhoejzdyia err=HttpError('InvalidRequest: Could not find repo: did:plc:mnid7fseqhnbognhoejzdyia')
2026-03-21T17:45:52Z WARNING bsky_collector_v2.job.index_feed_generators: listRecords failed repo=did:plc:mubdiwa2f56wzl555ryaufis err=HttpError('InvalidRequest: Could not find repo: did:plc:mubdiwa2f56wzl555ryaufis')
2026-03-21T17:45:52Z WARNING bsky_collector_v2.job.index_feed_generators: listRecords failed repo=did:plc:o5f2jckhstyhhcumcp23hd2p err=HttpError('InvalidRequest: Could not find repo: did:plc:o5f2jckhstyhhcumcp23hd2p')
2026-03-21T17:45:52Z WARNING bsky_collector_v2.job.index_feed_generators: listRecords failed repo=did:plc:o5x3fybfp6r3xztjyuomlgc2 err=HttpError('InvalidRequest: Could not find repo: did:plc:o5x3fybfp6r3xztjyuomlgc2')
2026-03-21T17:45:52Z WARNING bsky_collector_v2.job.index_feed_generators: listRecords failed repo=did:plc:qd53zso2q5qbehtk7si2z3me err=HttpError('InvalidRequest: Could not find repo: did:plc:qd53zso2q5qbehtk7si2z3me')
2026-03-21T17:45:52Z WARNING bsky_collector_v2.job.index_feed_generators: listRecords failed repo=did:plc:yf22yu2ul3tqwjhf3boepmmd err=HttpError('InvalidRequest: Could not find repo: did:plc:yf22yu2ul3tqwjhf3boepmmd')
2026-03-21T17:45:52Z WARNING bsky_collector_v2.job.index_feed_generators: listRecords failed repo=did:plc:2iagmmv7w7orwnzswbjrqquh err=HttpError('InvalidRequest: Could not find repo: did:plc:2iagmmv7w7orwnzswbjrqquh')
2026-03-21T17:45:53Z WARNING bsky_collector_v2.job.index_feed_generators: listRecords failed repo=did:plc:a5inl4pgrbfkhrrd6s3mxard err=HttpError('InvalidRequest: Could not find repo: did:plc:a5inl4pgrbfkhrrd6s3mxard')
2026-03-21T17:45:53Z WARNING bsky_collector_v2.job.index_feed_generators: listRecords failed repo=did:plc:amxveakc2jva52bncqoq5hfh err=HttpError('InvalidRequest: Could not find repo: did:plc:amxveakc2jva52bncqoq5hfh')
2026-03-21T17:45:53Z WARNING bsky_collector_v2.job.index_feed_generators: listRecords failed repo=did:plc:d5ez2ll7fwvbbotei5dzzhhd err=HttpError('InvalidRequest: Could not find repo: did:plc:d5ez2ll7fwvbbotei5dzzhhd')
2026-03-21T17:45:53Z WARNING bsky_collector_v2.job.index_feed_generators: listRecords failed repo=did:plc:hyblrz2dxhcinxdxzwi6isxi err=HttpError('InvalidRequest: Could not find repo: did:plc:hyblrz2dxhcinxdxzwi6isxi')
2026-03-21T17:45:53Z WARNING bsky_collector_v2.job.index_feed_generators: listRecords failed repo=did:plc:hzdiaifeskpqx3iku5j6kmnt err=HttpError('InvalidRequest: Could not find repo: did:plc:hzdiaifeskpqx3iku5j6kmnt')
2026-03-21T17:45:53Z WARNING bsky_collector_v2.job.index_feed_generators: listRecords failed repo=did:plc:juypuddejps3mc4gidn52edv err=HttpError('InvalidRequest: Could not find repo: did:plc:juypuddejps3mc4gidn52edv')
2026-03-21T17:45:53Z WARNING bsky_collector_v2.job.index_feed_generators: listRecords failed repo=did:plc:kdtmbv2kokycjhuxvkhfe2mt err=HttpError('InvalidRequest: Could not find repo: did:plc:kdtmbv2kokycjhuxvkhfe2mt')
2026-03-21T17:45:53Z WARNING bsky_collector_v2.job.index_feed_generators: listRecords failed repo=did:plc:liomovorsk4zmiiidvcteb47 err=HttpError('InvalidRequest: Could not find repo: did:plc:liomovorsk4zmiiidvcteb47')
2026-03-21T17:45:53Z WARNING bsky_collector_v2.job.index_feed_generators: listRecords failed repo=did:plc:mfm4h7br6e4s6v5z7dm4wsns err=HttpError('InvalidRequest: Could not find repo: did:plc:mfm4h7br6e4s6v5z7dm4wsns')
2026-03-21T17:45:53Z WARNING bsky_collector_v2.job.index_feed_generators: listRecords failed repo=did:plc:mhz2qhzdo3jxdyuxcgtjmtll err=HttpError('InvalidRequest: Could not find repo: did:plc:mhz2qhzdo3jxdyuxcgtjmtll')
2026-03-21T17:45:53Z WARNING bsky_collector_v2.job.index_feed_generators: listRecords failed repo=did:plc:mnid7fseqhnbognhoejzdyia err=HttpError('InvalidRequest: Could not find repo: did:plc:mnid7fseqhnbognhoejzdyia')
2026-03-21T17:45:53Z WARNING bsky_collector_v2.job.index_feed_generators: listRecords failed repo=did:plc:mubdiwa2f56wzl555ryaufis err=HttpError('InvalidRequest: Could not find repo: did:plc:mubdiwa2f56wzl555ryaufis')
2026-03-21T17:45:53Z WARNING bsky_collector_v2.job.index_feed_generators: listRecords failed repo=did:plc:o5f2jckhstyhhcumcp23hd2p err=HttpError('InvalidRequest: Could not find repo: did:plc:o5f2jckhstyhhcumcp23hd2p')
2026-03-21T17:45:53Z WARNING bsky_collector_v2.job.index_feed_generators: listRecords failed repo=did:plc:o5x3fybfp6r3xztjyuomlgc2 err=HttpError('InvalidRequest: Could not find repo: did:plc:o5x3fybfp6r3xztjyuomlgc2')
2026-03-21T17:45:53Z WARNING bsky_collector_v2.job.index_feed_generators: listRecords failed repo=did:plc:qd53zso2q5qbehtk7si2z3me err=HttpError('InvalidRequest: Could not find repo: did:plc:qd53zso2q5qbehtk7si2z3me')
2026-03-21T17:45:53Z WARNING bsky_collector_v2.job.index_feed_generators: listRecords failed repo=did:plc:yf22yu2ul3tqwjhf3boepmmd err=HttpError('InvalidRequest: Could not find repo: did:plc:yf22yu2ul3tqwjhf3boepmmd')
2026-03-21T17:45:54Z INFO bsky_collector_v2.job.index_feed_generators: enqueued repos page=10 mode=listRepos inserted=500 repos_returned=500 next_cursor=set
2026-03-21T17:46:01Z WARNING bsky_collector_v2.job.index_feed_generators: listRecords failed repo=did:plc:55p45dhx7usjqcxdnau2hxnh err=HttpError('InvalidRequest: Could not find repo: did:plc:55p45dhx7usjqcxdnau2hxnh')
2026-03-21T17:46:06Z WARNING bsky_collector_v2.job.index_feed_generators: listRecords failed repo=did:plc:7bbpnyelrqfwmvobv2mqaqe7 err=HttpError('InvalidRequest: Could not find repo: did:plc:7bbpnyelrqfwmvobv2mqaqe7')
2026-03-21T17:46:08Z WARNING bsky_collector_v2.job.index_feed_generators: listRecords failed repo=did:plc:aalpqb62pls6v46fwarz73n3 err=HttpError('InvalidRequest: Could not find repo: did:plc:aalpqb62pls6v46fwarz73n3')
2026-03-21T17:47:06Z WARNING bsky_collector_v2.job.index_feed_generators: listRecords failed repo=did:plc:onebvpqvr7yhnwbhh6irjhcb err=HttpError('InvalidRequest: Could not find repo: did:plc:onebvpqvr7yhnwbhh6irjhcb')
2026-03-21T17:47:15Z WARNING bsky_collector_v2.job.index_feed_generators: listRecords failed repo=did:plc:r4r3io6gvoonccfmxuaytkzc err=HttpError('InvalidRequest: Could not find repo: did:plc:r4r3io6gvoonccfmxuaytkzc')
2026-03-21T17:47:39Z WARNING bsky_collector_v2.job.index_feed_generators: listRecords failed repo=did:plc:55p45dhx7usjqcxdnau2hxnh err=HttpError('InvalidRequest: Could not find repo: did:plc:55p45dhx7usjqcxdnau2hxnh')
2026-03-21T17:47:39Z WARNING bsky_collector_v2.job.index_feed_generators: listRecords failed repo=did:plc:7bbpnyelrqfwmvobv2mqaqe7 err=HttpError('InvalidRequest: Could not find repo: did:plc:7bbpnyelrqfwmvobv2mqaqe7')
2026-03-21T17:47:39Z WARNING bsky_collector_v2.job.index_feed_generators: listRecords failed repo=did:plc:aalpqb62pls6v46fwarz73n3 err=HttpError('InvalidRequest: Could not find repo: did:plc:aalpqb62pls6v46fwarz73n3')
2026-03-21T17:47:39Z WARNING bsky_collector_v2.job.index_feed_generators: listRecords failed repo=did:plc:onebvpqvr7yhnwbhh6irjhcb err=HttpError('InvalidRequest: Could not find repo: did:plc:onebvpqvr7yhnwbhh6irjhcb')
2026-03-21T17:47:39Z WARNING bsky_collector_v2.job.index_feed_generators: listRecords failed repo=did:plc:r4r3io6gvoonccfmxuaytkzc err=HttpError('InvalidRequest: Could not find repo: did:plc:r4r3io6gvoonccfmxuaytkzc')
2026-03-21T17:47:39Z WARNING bsky_collector_v2.job.index_feed_generators: listRecords failed repo=did:plc:55p45dhx7usjqcxdnau2hxnh err=HttpError('InvalidRequest: Could not find repo: did:plc:55p45dhx7usjqcxdnau2hxnh')
2026-03-21T17:47:39Z WARNING bsky_collector_v2.job.index_feed_generators: listRecords failed repo=did:plc:7bbpnyelrqfwmvobv2mqaqe7 err=HttpError('InvalidRequest: Could not find repo: did:plc:7bbpnyelrqfwmvobv2mqaqe7')
2026-03-21T17:47:39Z WARNING bsky_collector_v2.job.index_feed_generators: listRecords failed repo=did:plc:aalpqb62pls6v46fwarz73n3 err=HttpError('InvalidRequest: Could not find repo: did:plc:aalpqb62pls6v46fwarz73n3')
2026-03-21T17:47:39Z WARNING bsky_collector_v2.job.index_feed_generators: listRecords failed repo=did:plc:onebvpqvr7yhnwbhh6irjhcb err=HttpError('InvalidRequest: Could not find repo: did:plc:onebvpqvr7yhnwbhh6irjhcb')
2026-03-21T17:47:39Z WARNING bsky_collector_v2.job.index_feed_generators: listRecords failed repo=did:plc:r4r3io6gvoonccfmxuaytkzc err=HttpError('InvalidRequest: Could not find repo: did:plc:r4r3io6gvoonccfmxuaytkzc')
2026-03-21T17:47:40Z INFO bsky_collector_v2.job.index_feed_generators: enqueued repos page=11 mode=listRepos inserted=500 repos_returned=500 next_cursor=set
2026-03-21T17:47:40Z WARNING bsky_collector_v2.job.index_feed_generators: listRecords failed repo=did:plc:24iwa4uttcqurqvmr4iatgwd err=HttpError('InvalidRequest: Could not find repo: did:plc:24iwa4uttcqurqvmr4iatgwd')
2026-03-21T17:47:44Z WARNING bsky_collector_v2.job.index_feed_generators: listRecords failed repo=did:plc:3qu3yjjfcdaxckggrpr6vstn err=HttpError('InvalidRequest: Could not find repo: did:plc:3qu3yjjfcdaxckggrpr6vstn')
2026-03-21T17:47:45Z WARNING bsky_collector_v2.job.index_feed_generators: listRecords failed repo=did:plc:3w3l6d7rqgbtt7qksx3rzav5 err=HttpError('InvalidRequest: Could not find repo: did:plc:3w3l6d7rqgbtt7qksx3rzav5')
2026-03-21T17:47:47Z WARNING bsky_collector_v2.job.index_feed_generators: listRecords failed repo=did:plc:4uhylv5jlw5i333dgarxxoqe err=HttpError('InvalidRequest: Could not find repo: did:plc:4uhylv5jlw5i333dgarxxoqe')
2026-03-21T17:48:46Z INFO bsky_collector_v2.job.index_feed_generators: indexed repo=did:plc:ok7h6phuwvpdprftt5wkrzxa part=170 records=3 next_cursor=set
2026-03-21T17:49:02Z WARNING bsky_collector_v2.job.index_feed_generators: listRecords failed repo=did:plc:tdx6qlpeilwjvufwe2wyfhwf err=HttpError('InvalidRequest: Could not find repo: did:plc:tdx6qlpeilwjvufwe2wyfhwf')
2026-03-21T17:49:09Z WARNING bsky_collector_v2.job.index_feed_generators: listRecords failed repo=did:plc:vx34qs2n64q7xrvnea32h53e err=HttpError('InvalidRequest: Could not find repo: did:plc:vx34qs2n64q7xrvnea32h53e')
2026-03-21T17:49:15Z WARNING bsky_collector_v2.job.index_feed_generators: listRecords failed repo=did:plc:ysj2dccpdnzjxykuxhx4edw6 err=HttpError('InvalidRequest: Could not find repo: did:plc:ysj2dccpdnzjxykuxhx4edw6')
2026-03-21T17:49:20Z WARNING bsky_collector_v2.job.index_feed_generators: listRecords failed repo=did:plc:24iwa4uttcqurqvmr4iatgwd err=HttpError('InvalidRequest: Could not find repo: did:plc:24iwa4uttcqurqvmr4iatgwd')
2026-03-21T17:49:20Z WARNING bsky_collector_v2.job.index_feed_generators: listRecords failed repo=did:plc:3qu3yjjfcdaxckggrpr6vstn err=HttpError('InvalidRequest: Could not find repo: did:plc:3qu3yjjfcdaxckggrpr6vstn')
2026-03-21T17:49:20Z WARNING bsky_collector_v2.job.index_feed_generators: listRecords failed repo=did:plc:3w3l6d7rqgbtt7qksx3rzav5 err=HttpError('InvalidRequest: Could not find repo: did:plc:3w3l6d7rqgbtt7qksx3rzav5')
2026-03-21T17:49:21Z WARNING bsky_collector_v2.job.index_feed_generators: listRecords failed repo=did:plc:4uhylv5jlw5i333dgarxxoqe err=HttpError('InvalidRequest: Could not find repo: did:plc:4uhylv5jlw5i333dgarxxoqe')
2026-03-21T17:49:21Z WARNING bsky_collector_v2.job.index_feed_generators: listRecords failed repo=did:plc:tdx6qlpeilwjvufwe2wyfhwf err=HttpError('InvalidRequest: Could not find repo: did:plc:tdx6qlpeilwjvufwe2wyfhwf')
2026-03-21T17:49:21Z WARNING bsky_collector_v2.job.index_feed_generators: listRecords failed repo=did:plc:vx34qs2n64q7xrvnea32h53e err=HttpError('InvalidRequest: Could not find repo: did:plc:vx34qs2n64q7xrvnea32h53e')
2026-03-21T17:49:21Z WARNING bsky_collector_v2.job.index_feed_generators: listRecords failed repo=did:plc:ysj2dccpdnzjxykuxhx4edw6 err=HttpError('InvalidRequest: Could not find repo: did:plc:ysj2dccpdnzjxykuxhx4edw6')
2026-03-21T17:49:21Z WARNING bsky_collector_v2.job.index_feed_generators: listRecords failed repo=did:plc:24iwa4uttcqurqvmr4iatgwd err=HttpError('InvalidRequest: Could not find repo: did:plc:24iwa4uttcqurqvmr4iatgwd')
2026-03-21T17:49:21Z WARNING bsky_collector_v2.job.index_feed_generators: listRecords failed repo=did:plc:3qu3yjjfcdaxckggrpr6vstn err=HttpError('InvalidRequest: Could not find repo: did:plc:3qu3yjjfcdaxckggrpr6vstn')
2026-03-21T17:49:21Z WARNING bsky_collector_v2.job.index_feed_generators: listRecords failed repo=did:plc:3w3l6d7rqgbtt7qksx3rzav5 err=HttpError('InvalidRequest: Could not find repo: did:plc:3w3l6d7rqgbtt7qksx3rzav5')
2026-03-21T17:49:21Z WARNING bsky_collector_v2.job.index_feed_generators: listRecords failed repo=did:plc:4uhylv5jlw5i333dgarxxoqe err=HttpError('InvalidRequest: Could not find repo: did:plc:4uhylv5jlw5i333dgarxxoqe')
2026-03-21T17:49:21Z WARNING bsky_collector_v2.job.index_feed_generators: listRecords failed repo=did:plc:tdx6qlpeilwjvufwe2wyfhwf err=HttpError('InvalidRequest: Could not find repo: did:plc:tdx6qlpeilwjvufwe2wyfhwf')
2026-03-21T17:49:21Z WARNING bsky_collector_v2.job.index_feed_generators: listRecords failed repo=did:plc:vx34qs2n64q7xrvnea32h53e err=HttpError('InvalidRequest: Could not find repo: did:plc:vx34qs2n64q7xrvnea32h53e')
2026-03-21T17:49:21Z WARNING bsky_collector_v2.job.index_feed_generators: listRecords failed repo=did:plc:ysj2dccpdnzjxykuxhx4edw6 err=HttpError('InvalidRequest: Could not find repo: did:plc:ysj2dccpdnzjxykuxhx4edw6')
2026-03-21T17:49:22Z INFO bsky_collector_v2.job.index_feed_generators: enqueued repos page=12 mode=listRepos inserted=500 repos_returned=500 next_cursor=set
2026-03-21T17:49:25Z WARNING bsky_collector_v2.job.index_feed_generators: listRecords failed repo=did:plc:323zg2xuurhhbryz3wbvlvzi err=HttpError('InvalidRequest: Could not find repo: did:plc:323zg2xuurhhbryz3wbvlvzi')
2026-03-21T17:49:27Z WARNING bsky_collector_v2.job.index_feed_generators: listRecords failed repo=did:plc:3x22m3zt3ako7byddwoagc6d err=HttpError('InvalidRequest: Could not find repo: did:plc:3x22m3zt3ako7byddwoagc6d')
2026-03-21T17:49:29Z WARNING bsky_collector_v2.job.index_feed_generators: listRecords failed repo=did:plc:52vhexwxsfoden2a4pwq27d2 err=HttpError('InvalidRequest: Could not find repo: did:plc:52vhexwxsfoden2a4pwq27d2')
2026-03-21T17:49:32Z WARNING bsky_collector_v2.job.index_feed_generators: listRecords failed repo=did:plc:6ak66dfcspdg2htpqi4oakny err=HttpError('InvalidRequest: Could not find repo: did:plc:6ak66dfcspdg2htpqi4oakny')
2026-03-21T17:49:32Z WARNING bsky_collector_v2.job.index_feed_generators: listRecords failed repo=did:plc:6fg7tfqasjjxx522cz7lgmt4 err=HttpError('InvalidRequest: Could not find repo: did:plc:6fg7tfqasjjxx522cz7lgmt4')
2026-03-21T17:49:34Z WARNING bsky_collector_v2.job.index_feed_generators: listRecords failed repo=did:plc:7dj3bovregtppkhvoebzesrn err=HttpError('InvalidRequest: Could not find repo: did:plc:7dj3bovregtppkhvoebzesrn')
2026-03-21T17:49:36Z WARNING bsky_collector_v2.job.index_feed_generators: listRecords failed repo=did:plc:abrgc426idfyk45l5l5yttc2 err=HttpError('InvalidRequest: Could not find repo: did:plc:abrgc426idfyk45l5l5yttc2')
2026-03-21T17:49:44Z WARNING bsky_collector_v2.job.index_feed_generators: listRecords failed repo=did:plc:dumprhoht3evxng4zsjkaagz err=HttpError('InvalidRequest: Could not find repo: did:plc:dumprhoht3evxng4zsjkaagz')
2026-03-21T17:49:45Z WARNING bsky_collector_v2.job.index_feed_generators: listRecords failed repo=did:plc:epgnl3qetimwnj2e2teeoasu err=HttpError('InvalidRequest: Could not find repo: did:plc:epgnl3qetimwnj2e2teeoasu')
2026-03-21T17:49:46Z WARNING bsky_collector_v2.job.index_feed_generators: listRecords failed repo=did:plc:ey2ticm4iy7bzc7obkfkwu53 err=HttpError('InvalidRequest: Could not find repo: did:plc:ey2ticm4iy7bzc7obkfkwu53')
2026-03-21T17:49:49Z WARNING bsky_collector_v2.job.index_feed_generators: listRecords failed repo=did:plc:gm635mvhgx3cw7j5xdspycn6 err=HttpError('InvalidRequest: Could not find repo: did:plc:gm635mvhgx3cw7j5xdspycn6')
2026-03-21T17:49:54Z WARNING bsky_collector_v2.job.index_feed_generators: listRecords failed repo=did:plc:hys4vmbv5bgn5kpqzq6vtb7q err=HttpError('InvalidRequest: Could not find repo: did:plc:hys4vmbv5bgn5kpqzq6vtb7q')
2026-03-21T17:49:58Z WARNING bsky_collector_v2.job.index_feed_generators: listRecords failed repo=did:plc:jnsbmsp2te67hsuwcpq4m4zv err=HttpError('InvalidRequest: Could not find repo: did:plc:jnsbmsp2te67hsuwcpq4m4zv')
2026-03-21T17:49:58Z WARNING bsky_collector_v2.job.index_feed_generators: listRecords failed repo=did:plc:jomljrj5psxwpljh5yzk62my err=HttpError('InvalidRequest: Could not find repo: did:plc:jomljrj5psxwpljh5yzk62my')
2026-03-21T17:49:59Z WARNING bsky_collector_v2.job.index_feed_generators: listRecords failed repo=did:plc:k5hyoh2xomlh2ffb45chgng5 err=HttpError('InvalidRequest: Could not find repo: did:plc:k5hyoh2xomlh2ffb45chgng5')
2026-03-21T17:50:09Z WARNING bsky_collector_v2.job.index_feed_generators: listRecords failed repo=did:plc:lqfh6qh2j6ihbilsxyrs5p3v err=HttpError('InvalidRequest: Could not find repo: did:plc:lqfh6qh2j6ihbilsxyrs5p3v')
2026-03-21T17:50:10Z WARNING bsky_collector_v2.job.index_feed_generators: listRecords failed repo=did:plc:m2g2rrgjsqwuc3hi7ooro77r err=HttpError('InvalidRequest: Could not find repo: did:plc:m2g2rrgjsqwuc3hi7ooro77r')
2026-03-21T17:50:11Z WARNING bsky_collector_v2.job.index_feed_generators: listRecords failed repo=did:plc:m5ub3dnm4teubfhox3p4pbzi err=HttpError('InvalidRequest: Could not find repo: did:plc:m5ub3dnm4teubfhox3p4pbzi')
2026-03-21T17:50:14Z WARNING bsky_collector_v2.job.index_feed_generators: listRecords failed repo=did:plc:mhro23ce4fed7ajfp5tgd2t2 err=HttpError('InvalidRequest: Could not find repo: did:plc:mhro23ce4fed7ajfp5tgd2t2')
2026-03-21T17:50:30Z WARNING bsky_collector_v2.job.index_feed_generators: listRecords failed repo=did:plc:qkhruv6zzemdxpa4ef4dbg63 err=HttpError('InvalidRequest: Could not find repo: did:plc:qkhruv6zzemdxpa4ef4dbg63')
2026-03-21T17:50:31Z WARNING bsky_collector_v2.job.index_feed_generators: listRecords failed repo=did:plc:qxqhkjbr57dnt5jbbhdl34qr err=HttpError('InvalidRequest: Could not find repo: did:plc:qxqhkjbr57dnt5jbbhdl34qr')
2026-03-21T17:50:33Z WARNING bsky_collector_v2.job.index_feed_generators: listRecords failed repo=did:plc:reovyo3zalwq2pfprtzsnv7z err=HttpError('InvalidRequest: Could not find repo: did:plc:reovyo3zalwq2pfprtzsnv7z')
2026-03-21T17:50:40Z WARNING bsky_collector_v2.job.index_feed_generators: listRecords failed repo=did:plc:s6kz3kncttsaplh3avhx6xt4 err=HttpError('InvalidRequest: Could not find repo: did:plc:s6kz3kncttsaplh3avhx6xt4')
2026-03-21T17:50:45Z WARNING bsky_collector_v2.job.index_feed_generators: listRecords failed repo=did:plc:tl4dmdbj4cgntazymro3iva2 err=HttpError('InvalidRequest: Could not find repo: did:plc:tl4dmdbj4cgntazymro3iva2')
2026-03-21T17:50:46Z WARNING bsky_collector_v2.job.index_feed_generators: listRecords failed repo=did:plc:tli76qbed7quf7ioabghybbp err=HttpError('InvalidRequest: Could not find repo: did:plc:tli76qbed7quf7ioabghybbp')
2026-03-21T17:50:53Z WARNING bsky_collector_v2.job.index_feed_generators: listRecords failed repo=did:plc:vhpbibmshucmmhkizbdn4ivt err=HttpError('InvalidRequest: Could not find repo: did:plc:vhpbibmshucmmhkizbdn4ivt')
2026-03-21T17:50:55Z WARNING bsky_collector_v2.job.index_feed_generators: listRecords failed repo=did:plc:wb2f7ha6jxdjympxexfrv6i6 err=HttpError('InvalidRequest: Could not find repo: did:plc:wb2f7ha6jxdjympxexfrv6i6')
2026-03-21T17:50:59Z WARNING bsky_collector_v2.job.index_feed_generators: listRecords failed repo=did:plc:xgxpwzvkodhdegsl2anog5im err=HttpError('InvalidRequest: Could not find repo: did:plc:xgxpwzvkodhdegsl2anog5im')
2026-03-21T17:51:01Z WARNING bsky_collector_v2.job.index_feed_generators: listRecords failed repo=did:plc:xvpn63g7jba2udwmsksakkjy err=HttpError('InvalidRequest: Could not find repo: did:plc:xvpn63g7jba2udwmsksakkjy')
2026-03-21T17:51:01Z WARNING bsky_collector_v2.job.index_feed_generators: listRecords failed repo=did:plc:xzwg555wr2ewhkrj6stnhd5e err=HttpError('InvalidRequest: Could not find repo: did:plc:xzwg555wr2ewhkrj6stnhd5e')
2026-03-21T17:51:02Z WARNING bsky_collector_v2.job.index_feed_generators: listRecords failed repo=did:plc:y5y4ahtn2r3smta4tfsr4jba err=HttpError('InvalidRequest: Could not find repo: did:plc:y5y4ahtn2r3smta4tfsr4jba')
2026-03-21T17:51:04Z WARNING bsky_collector_v2.job.index_feed_generators: listRecords failed repo=did:plc:yl34b2zb5vmj5zgbbkcdn76k err=HttpError('InvalidRequest: Could not find repo: did:plc:yl34b2zb5vmj5zgbbkcdn76k')
2026-03-21T17:51:05Z WARNING bsky_collector_v2.job.index_feed_generators: listRecords failed repo=did:plc:zd4z3z3mgh5pliekujyh7e3o err=HttpError('InvalidRequest: Could not find repo: did:plc:zd4z3z3mgh5pliekujyh7e3o')
2026-03-21T17:51:07Z WARNING bsky_collector_v2.job.index_feed_generators: listRecords failed repo=did:plc:323zg2xuurhhbryz3wbvlvzi err=HttpError('InvalidRequest: Could not find repo: did:plc:323zg2xuurhhbryz3wbvlvzi')
2026-03-21T17:51:07Z WARNING bsky_collector_v2.job.index_feed_generators: listRecords failed repo=did:plc:3x22m3zt3ako7byddwoagc6d err=HttpError('InvalidRequest: Could not find repo: did:plc:3x22m3zt3ako7byddwoagc6d')
2026-03-21T17:51:07Z WARNING bsky_collector_v2.job.index_feed_generators: listRecords failed repo=did:plc:52vhexwxsfoden2a4pwq27d2 err=HttpError('InvalidRequest: Could not find repo: did:plc:52vhexwxsfoden2a4pwq27d2')
2026-03-21T17:51:07Z WARNING bsky_collector_v2.job.index_feed_generators: listRecords failed repo=did:plc:6ak66dfcspdg2htpqi4oakny err=HttpError('InvalidRequest: Could not find repo: did:plc:6ak66dfcspdg2htpqi4oakny')
2026-03-21T17:51:07Z WARNING bsky_collector_v2.job.index_feed_generators: listRecords failed repo=did:plc:6fg7tfqasjjxx522cz7lgmt4 err=HttpError('InvalidRequest: Could not find repo: did:plc:6fg7tfqasjjxx522cz7lgmt4')
2026-03-21T17:51:07Z WARNING bsky_collector_v2.job.index_feed_generators: listRecords failed repo=did:plc:7dj3bovregtppkhvoebzesrn err=HttpError('InvalidRequest: Could not find repo: did:plc:7dj3bovregtppkhvoebzesrn')
2026-03-21T17:51:07Z WARNING bsky_collector_v2.job.index_feed_generators: listRecords failed repo=did:plc:abrgc426idfyk45l5l5yttc2 err=HttpError('InvalidRequest: Could not find repo: did:plc:abrgc426idfyk45l5l5yttc2')
2026-03-21T17:51:07Z WARNING bsky_collector_v2.job.index_feed_generators: listRecords failed repo=did:plc:dumprhoht3evxng4zsjkaagz err=HttpError('InvalidRequest: Could not find repo: did:plc:dumprhoht3evxng4zsjkaagz')
2026-03-21T17:51:07Z WARNING bsky_collector_v2.job.index_feed_generators: listRecords failed repo=did:plc:epgnl3qetimwnj2e2teeoasu err=HttpError('InvalidRequest: Could not find repo: did:plc:epgnl3qetimwnj2e2teeoasu')
2026-03-21T17:51:07Z WARNING bsky_collector_v2.job.index_feed_generators: listRecords failed repo=did:plc:ey2ticm4iy7bzc7obkfkwu53 err=HttpError('InvalidRequest: Could not find repo: did:plc:ey2ticm4iy7bzc7obkfkwu53')
2026-03-21T17:51:07Z WARNING bsky_collector_v2.job.index_feed_generators: listRecords failed repo=did:plc:gm635mvhgx3cw7j5xdspycn6 err=HttpError('InvalidRequest: Could not find repo: did:plc:gm635mvhgx3cw7j5xdspycn6')
2026-03-21T17:51:07Z WARNING bsky_collector_v2.job.index_feed_generators: listRecords failed repo=did:plc:hys4vmbv5bgn5kpqzq6vtb7q err=HttpError('InvalidRequest: Could not find repo: did:plc:hys4vmbv5bgn5kpqzq6vtb7q')
2026-03-21T17:51:07Z WARNING bsky_collector_v2.job.index_feed_generators: listRecords failed repo=did:plc:jnsbmsp2te67hsuwcpq4m4zv err=HttpError('InvalidRequest: Could not find repo: did:plc:jnsbmsp2te67hsuwcpq4m4zv')
2026-03-21T17:51:07Z WARNING bsky_collector_v2.job.index_feed_generators: listRecords failed repo=did:plc:jomljrj5psxwpljh5yzk62my err=HttpError('InvalidRequest: Could not find repo: did:plc:jomljrj5psxwpljh5yzk62my')
2026-03-21T17:51:07Z WARNING bsky_collector_v2.job.index_feed_generators: listRecords failed repo=did:plc:k5hyoh2xomlh2ffb45chgng5 err=HttpError('InvalidRequest: Could not find repo: did:plc:k5hyoh2xomlh2ffb45chgng5')
2026-03-21T17:51:08Z WARNING bsky_collector_v2.job.index_feed_generators: listRecords failed repo=did:plc:lqfh6qh2j6ihbilsxyrs5p3v err=HttpError('InvalidRequest: Could not find repo: did:plc:lqfh6qh2j6ihbilsxyrs5p3v')
2026-03-21T17:51:08Z WARNING bsky_collector_v2.job.index_feed_generators: listRecords failed repo=did:plc:m2g2rrgjsqwuc3hi7ooro77r err=HttpError('InvalidRequest: Could not find repo: did:plc:m2g2rrgjsqwuc3hi7ooro77r')
2026-03-21T17:51:08Z WARNING bsky_collector_v2.job.index_feed_generators: listRecords failed repo=did:plc:m5ub3dnm4teubfhox3p4pbzi err=HttpError('InvalidRequest: Could not find repo: did:plc:m5ub3dnm4teubfhox3p4pbzi')
2026-03-21T17:51:08Z WARNING bsky_collector_v2.job.index_feed_generators: listRecords failed repo=did:plc:mhro23ce4fed7ajfp5tgd2t2 err=HttpError('InvalidRequest: Could not find repo: did:plc:mhro23ce4fed7ajfp5tgd2t2')
2026-03-21T17:51:08Z WARNING bsky_collector_v2.job.index_feed_generators: listRecords failed repo=did:plc:qkhruv6zzemdxpa4ef4dbg63 err=HttpError('InvalidRequest: Could not find repo: did:plc:qkhruv6zzemdxpa4ef4dbg63')
2026-03-21T17:51:08Z WARNING bsky_collector_v2.job.index_feed_generators: listRecords failed repo=did:plc:qxqhkjbr57dnt5jbbhdl34qr err=HttpError('InvalidRequest: Could not find repo: did:plc:qxqhkjbr57dnt5jbbhdl34qr')
2026-03-21T17:51:08Z WARNING bsky_collector_v2.job.index_feed_generators: listRecords failed repo=did:plc:reovyo3zalwq2pfprtzsnv7z err=HttpError('InvalidRequest: Could not find repo: did:plc:reovyo3zalwq2pfprtzsnv7z')
2026-03-21T17:51:08Z WARNING bsky_collector_v2.job.index_feed_generators: listRecords failed repo=did:plc:s6kz3kncttsaplh3avhx6xt4 err=HttpError('InvalidRequest: Could not find repo: did:plc:s6kz3kncttsaplh3avhx6xt4')
2026-03-21T17:51:08Z WARNING bsky_collector_v2.job.index_feed_generators: listRecords failed repo=did:plc:tl4dmdbj4cgntazymro3iva2 err=HttpError('InvalidRequest: Could not find repo: did:plc:tl4dmdbj4cgntazymro3iva2')
2026-03-21T17:51:08Z WARNING bsky_collector_v2.job.index_feed_generators: listRecords failed repo=did:plc:tli76qbed7quf7ioabghybbp err=HttpError('InvalidRequest: Could not find repo: did:plc:tli76qbed7quf7ioabghybbp')
2026-03-21T17:51:08Z WARNING bsky_collector_v2.job.index_feed_generators: listRecords failed repo=did:plc:vhpbibmshucmmhkizbdn4ivt err=HttpError('InvalidRequest: Could not find repo: did:plc:vhpbibmshucmmhkizbdn4ivt')
2026-03-21T17:51:08Z WARNING bsky_collector_v2.job.index_feed_generators: listRecords failed repo=did:plc:wb2f7ha6jxdjympxexfrv6i6 err=HttpError('InvalidRequest: Could not find repo: did:plc:wb2f7ha6jxdjympxexfrv6i6')
2026-03-21T17:51:08Z WARNING bsky_collector_v2.job.index_feed_generators: listRecords failed repo=did:plc:xgxpwzvkodhdegsl2anog5im err=HttpError('InvalidRequest: Could not find repo: did:plc:xgxpwzvkodhdegsl2anog5im')
2026-03-21T17:51:08Z WARNING bsky_collector_v2.job.index_feed_generators: listRecords failed repo=did:plc:xvpn63g7jba2udwmsksakkjy err=HttpError('InvalidRequest: Could not find repo: did:plc:xvpn63g7jba2udwmsksakkjy')
2026-03-21T17:51:08Z WARNING bsky_collector_v2.job.index_feed_generators: listRecords failed repo=did:plc:xzwg555wr2ewhkrj6stnhd5e err=HttpError('InvalidRequest: Could not find repo: did:plc:xzwg555wr2ewhkrj6stnhd5e')
2026-03-21T17:51:08Z WARNING bsky_collector_v2.job.index_feed_generators: listRecords failed repo=did:plc:y5y4ahtn2r3smta4tfsr4jba err=HttpError('InvalidRequest: Could not find repo: did:plc:y5y4ahtn2r3smta4tfsr4jba')
2026-03-21T17:51:09Z WARNING bsky_collector_v2.job.index_feed_generators: listRecords failed repo=did:plc:yl34b2zb5vmj5zgbbkcdn76k err=HttpError('InvalidRequest: Could not find repo: did:plc:yl34b2zb5vmj5zgbbkcdn76k')
2026-03-21T17:51:09Z WARNING bsky_collector_v2.job.index_feed_generators: listRecords failed repo=did:plc:zd4z3z3mgh5pliekujyh7e3o err=HttpError('InvalidRequest: Could not find repo: did:plc:zd4z3z3mgh5pliekujyh7e3o')
2026-03-21T17:51:09Z WARNING bsky_collector_v2.job.index_feed_generators: listRecords failed repo=did:plc:323zg2xuurhhbryz3wbvlvzi err=HttpError('InvalidRequest: Could not find repo: did:plc:323zg2xuurhhbryz3wbvlvzi')
2026-03-21T17:51:09Z WARNING bsky_collector_v2.job.index_feed_generators: listRecords failed repo=did:plc:3x22m3zt3ako7byddwoagc6d err=HttpError('InvalidRequest: Could not find repo: did:plc:3x22m3zt3ako7byddwoagc6d')
2026-03-21T17:51:09Z WARNING bsky_collector_v2.job.index_feed_generators: listRecords failed repo=did:plc:52vhexwxsfoden2a4pwq27d2 err=HttpError('InvalidRequest: Could not find repo: did:plc:52vhexwxsfoden2a4pwq27d2')
2026-03-21T17:51:09Z WARNING bsky_collector_v2.job.index_feed_generators: listRecords failed repo=did:plc:6ak66dfcspdg2htpqi4oakny err=HttpError('InvalidRequest: Could not find repo: did:plc:6ak66dfcspdg2htpqi4oakny')
2026-03-21T17:51:09Z WARNING bsky_collector_v2.job.index_feed_generators: listRecords failed repo=did:plc:6fg7tfqasjjxx522cz7lgmt4 err=HttpError('InvalidRequest: Could not find repo: did:plc:6fg7tfqasjjxx522cz7lgmt4')
2026-03-21T17:51:09Z WARNING bsky_collector_v2.job.index_feed_generators: listRecords failed repo=did:plc:7dj3bovregtppkhvoebzesrn err=HttpError('InvalidRequest: Could not find repo: did:plc:7dj3bovregtppkhvoebzesrn')
2026-03-21T17:51:09Z WARNING bsky_collector_v2.job.index_feed_generators: listRecords failed repo=did:plc:abrgc426idfyk45l5l5yttc2 err=HttpError('InvalidRequest: Could not find repo: did:plc:abrgc426idfyk45l5l5yttc2')
2026-03-21T17:51:09Z WARNING bsky_collector_v2.job.index_feed_generators: listRecords failed repo=did:plc:dumprhoht3evxng4zsjkaagz err=HttpError('InvalidRequest: Could not find repo: did:plc:dumprhoht3evxng4zsjkaagz')
2026-03-21T17:51:09Z WARNING bsky_collector_v2.job.index_feed_generators: listRecords failed repo=did:plc:epgnl3qetimwnj2e2teeoasu err=HttpError('InvalidRequest: Could not find repo: did:plc:epgnl3qetimwnj2e2teeoasu')
2026-03-21T17:51:09Z WARNING bsky_collector_v2.job.index_feed_generators: listRecords failed repo=did:plc:ey2ticm4iy7bzc7obkfkwu53 err=HttpError('InvalidRequest: Could not find repo: did:plc:ey2ticm4iy7bzc7obkfkwu53')
2026-03-21T17:51:09Z WARNING bsky_collector_v2.job.index_feed_generators: listRecords failed repo=did:plc:gm635mvhgx3cw7j5xdspycn6 err=HttpError('InvalidRequest: Could not find repo: did:plc:gm635mvhgx3cw7j5xdspycn6')
2026-03-21T17:51:09Z WARNING bsky_collector_v2.job.index_feed_generators: listRecords failed repo=did:plc:hys4vmbv5bgn5kpqzq6vtb7q err=HttpError('InvalidRequest: Could not find repo: did:plc:hys4vmbv5bgn5kpqzq6vtb7q')
2026-03-21T17:51:09Z WARNING bsky_collector_v2.job.index_feed_generators: listRecords failed repo=did:plc:jnsbmsp2te67hsuwcpq4m4zv err=HttpError('InvalidRequest: Could not find repo: did:plc:jnsbmsp2te67hsuwcpq4m4zv')
2026-03-21T17:51:09Z WARNING bsky_collector_v2.job.index_feed_generators: listRecords failed repo=did:plc:jomljrj5psxwpljh5yzk62my err=HttpError('InvalidRequest: Could not find repo: did:plc:jomljrj5psxwpljh5yzk62my')
2026-03-21T17:51:09Z WARNING bsky_collector_v2.job.index_feed_generators: listRecords failed repo=did:plc:k5hyoh2xomlh2ffb45chgng5 err=HttpError('InvalidRequest: Could not find repo: did:plc:k5hyoh2xomlh2ffb45chgng5')
2026-03-21T17:51:09Z WARNING bsky_collector_v2.job.index_feed_generators: listRecords failed repo=did:plc:lqfh6qh2j6ihbilsxyrs5p3v err=HttpError('InvalidRequest: Could not find repo: did:plc:lqfh6qh2j6ihbilsxyrs5p3v')
2026-03-21T17:51:09Z WARNING bsky_collector_v2.job.index_feed_generators: listRecords failed repo=did:plc:m2g2rrgjsqwuc3hi7ooro77r err=HttpError('InvalidRequest: Could not find repo: did:plc:m2g2rrgjsqwuc3hi7ooro77r')
2026-03-21T17:51:09Z WARNING bsky_collector_v2.job.index_feed_generators: listRecords failed repo=did:plc:m5ub3dnm4teubfhox3p4pbzi err=HttpError('InvalidRequest: Could not find repo: did:plc:m5ub3dnm4teubfhox3p4pbzi')
2026-03-21T17:51:10Z WARNING bsky_collector_v2.job.index_feed_generators: listRecords failed repo=did:plc:mhro23ce4fed7ajfp5tgd2t2 err=HttpError('InvalidRequest: Could not find repo: did:plc:mhro23ce4fed7ajfp5tgd2t2')
2026-03-21T17:51:10Z WARNING bsky_collector_v2.job.index_feed_generators: listRecords failed repo=did:plc:qkhruv6zzemdxpa4ef4dbg63 err=HttpError('InvalidRequest: Could not find repo: did:plc:qkhruv6zzemdxpa4ef4dbg63')
2026-03-21T17:51:10Z WARNING bsky_collector_v2.job.index_feed_generators: listRecords failed repo=did:plc:qxqhkjbr57dnt5jbbhdl34qr err=HttpError('InvalidRequest: Could not find repo: did:plc:qxqhkjbr57dnt5jbbhdl34qr')
2026-03-21T17:51:10Z WARNING bsky_collector_v2.job.index_feed_generators: listRecords failed repo=did:plc:reovyo3zalwq2pfprtzsnv7z err=HttpError('InvalidRequest: Could not find repo: did:plc:reovyo3zalwq2pfprtzsnv7z')
2026-03-21T17:51:10Z WARNING bsky_collector_v2.job.index_feed_generators: listRecords failed repo=did:plc:s6kz3kncttsaplh3avhx6xt4 err=HttpError('InvalidRequest: Could not find repo: did:plc:s6kz3kncttsaplh3avhx6xt4')
2026-03-21T17:51:10Z WARNING bsky_collector_v2.job.index_feed_generators: listRecords failed repo=did:plc:tl4dmdbj4cgntazymro3iva2 err=HttpError('InvalidRequest: Could not find repo: did:plc:tl4dmdbj4cgntazymro3iva2')
2026-03-21T17:51:10Z WARNING bsky_collector_v2.job.index_feed_generators: listRecords failed repo=did:plc:tli76qbed7quf7ioabghybbp err=HttpError('InvalidRequest: Could not find repo: did:plc:tli76qbed7quf7ioabghybbp')
2026-03-21T17:51:10Z WARNING bsky_collector_v2.job.index_feed_generators: listRecords failed repo=did:plc:vhpbibmshucmmhkizbdn4ivt err=HttpError('InvalidRequest: Could not find repo: did:plc:vhpbibmshucmmhkizbdn4ivt')
2026-03-21T17:51:10Z WARNING bsky_collector_v2.job.index_feed_generators: listRecords failed repo=did:plc:wb2f7ha6jxdjympxexfrv6i6 err=HttpError('InvalidRequest: Could not find repo: did:plc:wb2f7ha6jxdjympxexfrv6i6')
2026-03-21T17:51:10Z WARNING bsky_collector_v2.job.index_feed_generators: listRecords failed repo=did:plc:xgxpwzvkodhdegsl2anog5im err=HttpError('InvalidRequest: Could not find repo: did:plc:xgxpwzvkodhdegsl2anog5im')
2026-03-21T17:51:10Z WARNING bsky_collector_v2.job.index_feed_generators: listRecords failed repo=did:plc:xvpn63g7jba2udwmsksakkjy err=HttpError('InvalidRequest: Could not find repo: did:plc:xvpn63g7jba2udwmsksakkjy')
2026-03-21T17:51:10Z WARNING bsky_collector_v2.job.index_feed_generators: listRecords failed repo=did:plc:xzwg555wr2ewhkrj6stnhd5e err=HttpError('InvalidRequest: Could not find repo: did:plc:xzwg555wr2ewhkrj6stnhd5e')
2026-03-21T17:51:10Z WARNING bsky_collector_v2.job.index_feed_generators: listRecords failed repo=did:plc:y5y4ahtn2r3smta4tfsr4jba err=HttpError('InvalidRequest: Could not find repo: did:plc:y5y4ahtn2r3smta4tfsr4jba')
2026-03-21T17:51:10Z WARNING bsky_collector_v2.job.index_feed_generators: listRecords failed repo=did:plc:yl34b2zb5vmj5zgbbkcdn76k err=HttpError('InvalidRequest: Could not find repo: did:plc:yl34b2zb5vmj5zgbbkcdn76k')
2026-03-21T17:51:10Z WARNING bsky_collector_v2.job.index_feed_generators: listRecords failed repo=did:plc:zd4z3z3mgh5pliekujyh7e3o err=HttpError('InvalidRequest: Could not find repo: did:plc:zd4z3z3mgh5pliekujyh7e3o')
2026-03-21T17:51:11Z INFO bsky_collector_v2.job.index_feed_generators: enqueued repos page=13 mode=listRepos inserted=500 repos_returned=500 next_cursor=set
2026-03-21T17:51:12Z WARNING bsky_collector_v2.job.index_feed_generators: listRecords failed repo=did:plc:2chrp3cwddzdzdwpmkam2vx7 err=HttpError('InvalidRequest: Could not find repo: did:plc:2chrp3cwddzdzdwpmkam2vx7')
2026-03-21T17:51:44Z WARNING bsky_collector_v2.job.index_feed_generators: listRecords failed repo=did:plc:hcwqgg4mtttz62qq4ukkmluo err=HttpError('InvalidRequest: Could not find repo: did:plc:hcwqgg4mtttz62qq4ukkmluo')
2026-03-21T17:51:46Z WARNING bsky_collector_v2.job.index_feed_generators: listRecords failed repo=did:plc:hrbd2szicdybf73cpujgv6by err=HttpError('InvalidRequest: Could not find repo: did:plc:hrbd2szicdybf73cpujgv6by')
2026-03-21T17:52:04Z WARNING bsky_collector_v2.job.index_feed_generators: listRecords failed repo=did:plc:mcqpgz2op7b2iiqf52rcq2sm err=HttpError('InvalidRequest: Could not find repo: did:plc:mcqpgz2op7b2iiqf52rcq2sm')
2026-03-21T17:52:22Z WARNING bsky_collector_v2.job.index_feed_generators: listRecords failed repo=did:plc:u7olu3qcrcaka2hbhallnfik err=HttpError('InvalidRequest: Could not find repo: did:plc:u7olu3qcrcaka2hbhallnfik')
2026-03-21T17:52:22Z WARNING bsky_collector_v2.job.index_feed_generators: listRecords failed repo=did:plc:uqlp7dmh6j6oqiu5dkiadl7o err=HttpError('InvalidRequest: Could not find repo: did:plc:uqlp7dmh6j6oqiu5dkiadl7o')
2026-03-21T17:52:32Z WARNING bsky_collector_v2.job.index_feed_generators: listRecords failed repo=did:plc:yuejlqtijhsjqp2y263fyg5m err=HttpError('InvalidRequest: Could not find repo: did:plc:yuejlqtijhsjqp2y263fyg5m')
2026-03-21T17:52:36Z WARNING bsky_collector_v2.job.index_feed_generators: listRecords failed repo=did:plc:zriixy7jkcz2ze2pisjvamf5 err=HttpError('InvalidRequest: Could not find repo: did:plc:zriixy7jkcz2ze2pisjvamf5')
2026-03-21T17:52:37Z WARNING bsky_collector_v2.job.index_feed_generators: listRecords failed repo=did:plc:2chrp3cwddzdzdwpmkam2vx7 err=HttpError('InvalidRequest: Could not find repo: did:plc:2chrp3cwddzdzdwpmkam2vx7')
2026-03-21T17:52:37Z WARNING bsky_collector_v2.job.index_feed_generators: listRecords failed repo=did:plc:hcwqgg4mtttz62qq4ukkmluo err=HttpError('InvalidRequest: Could not find repo: did:plc:hcwqgg4mtttz62qq4ukkmluo')
2026-03-21T17:52:37Z WARNING bsky_collector_v2.job.index_feed_generators: listRecords failed repo=did:plc:hrbd2szicdybf73cpujgv6by err=HttpError('InvalidRequest: Could not find repo: did:plc:hrbd2szicdybf73cpujgv6by')
2026-03-21T17:52:37Z WARNING bsky_collector_v2.job.index_feed_generators: listRecords failed repo=did:plc:mcqpgz2op7b2iiqf52rcq2sm err=HttpError('InvalidRequest: Could not find repo: did:plc:mcqpgz2op7b2iiqf52rcq2sm')
2026-03-21T17:52:37Z WARNING bsky_collector_v2.job.index_feed_generators: listRecords failed repo=did:plc:u7olu3qcrcaka2hbhallnfik err=HttpError('InvalidRequest: Could not find repo: did:plc:u7olu3qcrcaka2hbhallnfik')
2026-03-21T17:52:37Z WARNING bsky_collector_v2.job.index_feed_generators: listRecords failed repo=did:plc:uqlp7dmh6j6oqiu5dkiadl7o err=HttpError('InvalidRequest: Could not find repo: did:plc:uqlp7dmh6j6oqiu5dkiadl7o')
2026-03-21T17:52:37Z WARNING bsky_collector_v2.job.index_feed_generators: listRecords failed repo=did:plc:yuejlqtijhsjqp2y263fyg5m err=HttpError('InvalidRequest: Could not find repo: did:plc:yuejlqtijhsjqp2y263fyg5m')
2026-03-21T17:52:37Z WARNING bsky_collector_v2.job.index_feed_generators: listRecords failed repo=did:plc:zriixy7jkcz2ze2pisjvamf5 err=HttpError('InvalidRequest: Could not find repo: did:plc:zriixy7jkcz2ze2pisjvamf5')
2026-03-21T17:52:37Z WARNING bsky_collector_v2.job.index_feed_generators: listRecords failed repo=did:plc:2chrp3cwddzdzdwpmkam2vx7 err=HttpError('InvalidRequest: Could not find repo: did:plc:2chrp3cwddzdzdwpmkam2vx7')
2026-03-21T17:52:37Z WARNING bsky_collector_v2.job.index_feed_generators: listRecords failed repo=did:plc:hcwqgg4mtttz62qq4ukkmluo err=HttpError('InvalidRequest: Could not find repo: did:plc:hcwqgg4mtttz62qq4ukkmluo')
2026-03-21T17:52:37Z WARNING bsky_collector_v2.job.index_feed_generators: listRecords failed repo=did:plc:hrbd2szicdybf73cpujgv6by err=HttpError('InvalidRequest: Could not find repo: did:plc:hrbd2szicdybf73cpujgv6by')
2026-03-21T17:52:37Z WARNING bsky_collector_v2.job.index_feed_generators: listRecords failed repo=did:plc:mcqpgz2op7b2iiqf52rcq2sm err=HttpError('InvalidRequest: Could not find repo: did:plc:mcqpgz2op7b2iiqf52rcq2sm')
2026-03-21T17:52:37Z WARNING bsky_collector_v2.job.index_feed_generators: listRecords failed repo=did:plc:u7olu3qcrcaka2hbhallnfik err=HttpError('InvalidRequest: Could not find repo: did:plc:u7olu3qcrcaka2hbhallnfik')
2026-03-21T17:52:37Z WARNING bsky_collector_v2.job.index_feed_generators: listRecords failed repo=did:plc:uqlp7dmh6j6oqiu5dkiadl7o err=HttpError('InvalidRequest: Could not find repo: did:plc:uqlp7dmh6j6oqiu5dkiadl7o')
2026-03-21T17:52:37Z WARNING bsky_collector_v2.job.index_feed_generators: listRecords failed repo=did:plc:yuejlqtijhsjqp2y263fyg5m err=HttpError('InvalidRequest: Could not find repo: did:plc:yuejlqtijhsjqp2y263fyg5m')
2026-03-21T17:52:38Z WARNING bsky_collector_v2.job.index_feed_generators: listRecords failed repo=did:plc:zriixy7jkcz2ze2pisjvamf5 err=HttpError('InvalidRequest: Could not find repo: did:plc:zriixy7jkcz2ze2pisjvamf5')
2026-03-21T17:52:38Z INFO bsky_collector_v2.job.index_feed_generators: enqueued repos page=14 mode=listRepos inserted=500 repos_returned=500 next_cursor=set
2026-03-21T17:52:43Z WARNING bsky_collector_v2.job.index_feed_generators: listRecords failed repo=did:plc:3rjq5gx7etlgapurif5dfske err=HttpError('InvalidRequest: Could not find repo: did:plc:3rjq5gx7etlgapurif5dfske')
2026-03-21T17:52:48Z WARNING bsky_collector_v2.job.index_feed_generators: listRecords failed repo=did:plc:5ton4eqpjhtevmdbprstgwt5 err=HttpError('InvalidRequest: Could not find repo: did:plc:5ton4eqpjhtevmdbprstgwt5')
2026-03-21T17:52:50Z WARNING bsky_collector_v2.job.index_feed_generators: listRecords failed repo=did:plc:6fxykxuokyv75okhkatl55qu err=HttpError('InvalidRequest: Could not find repo: did:plc:6fxykxuokyv75okhkatl55qu')
2026-03-21T17:52:51Z WARNING bsky_collector_v2.job.index_feed_generators: listRecords failed repo=did:plc:6wegbfd2kucg3gdv6uauwgfg err=HttpError('InvalidRequest: Could not find repo: did:plc:6wegbfd2kucg3gdv6uauwgfg')
2026-03-21T17:53:16Z WARNING bsky_collector_v2.job.index_feed_generators: listRecords failed repo=did:plc:hv3izxpc2t4pzs2qjzwh4c6e err=HttpError('InvalidRequest: Could not find repo: did:plc:hv3izxpc2t4pzs2qjzwh4c6e')
2026-03-21T17:53:19Z WARNING bsky_collector_v2.job.index_feed_generators: listRecords failed repo=did:plc:j435bqckk5zsrzchvak5eae5 err=HttpError('InvalidRequest: Could not find repo: did:plc:j435bqckk5zsrzchvak5eae5')
2026-03-21T17:53:24Z WARNING bsky_collector_v2.job.index_feed_generators: listRecords failed repo=did:plc:l6eno5oaduo5vwmq7phsrdms err=HttpError('InvalidRequest: Could not find repo: did:plc:l6eno5oaduo5vwmq7phsrdms')
2026-03-21T17:53:40Z WARNING bsky_collector_v2.job.index_feed_generators: listRecords failed repo=did:plc:ngnpe2wi2jud6ubiv74jaqfe err=HttpError('InvalidRequest: Could not find repo: did:plc:ngnpe2wi2jud6ubiv74jaqfe')
2026-03-21T17:53:49Z WARNING bsky_collector_v2.job.index_feed_generators: listRecords failed repo=did:plc:pc65sgxwlozcmn3lzrss5rvi err=HttpError('InvalidRequest: Could not find repo: did:plc:pc65sgxwlozcmn3lzrss5rvi')
2026-03-21T17:53:57Z WARNING bsky_collector_v2.job.index_feed_generators: listRecords failed repo=did:plc:rchbdcrqcybsf77qq2jrgr3y err=HttpError('InvalidRequest: Could not find repo: did:plc:rchbdcrqcybsf77qq2jrgr3y')
2026-03-21T17:53:59Z WARNING bsky_collector_v2.job.index_feed_generators: listRecords failed repo=did:plc:rvkay7l3fi4dkikqac6jqmxq err=HttpError('InvalidRequest: Could not find repo: did:plc:rvkay7l3fi4dkikqac6jqmxq')
2026-03-21T17:54:20Z WARNING bsky_collector_v2.job.index_feed_generators: listRecords failed repo=did:plc:3rjq5gx7etlgapurif5dfske err=HttpError('InvalidRequest: Could not find repo: did:plc:3rjq5gx7etlgapurif5dfske')
2026-03-21T17:54:20Z WARNING bsky_collector_v2.job.index_feed_generators: listRecords failed repo=did:plc:5ton4eqpjhtevmdbprstgwt5 err=HttpError('InvalidRequest: Could not find repo: did:plc:5ton4eqpjhtevmdbprstgwt5')
2026-03-21T17:54:20Z WARNING bsky_collector_v2.job.index_feed_generators: listRecords failed repo=did:plc:6fxykxuokyv75okhkatl55qu err=HttpError('InvalidRequest: Could not find repo: did:plc:6fxykxuokyv75okhkatl55qu')
2026-03-21T17:54:20Z WARNING bsky_collector_v2.job.index_feed_generators: listRecords failed repo=did:plc:6wegbfd2kucg3gdv6uauwgfg err=HttpError('InvalidRequest: Could not find repo: did:plc:6wegbfd2kucg3gdv6uauwgfg')
2026-03-21T17:54:20Z WARNING bsky_collector_v2.job.index_feed_generators: listRecords failed repo=did:plc:hv3izxpc2t4pzs2qjzwh4c6e err=HttpError('InvalidRequest: Could not find repo: did:plc:hv3izxpc2t4pzs2qjzwh4c6e')
2026-03-21T17:54:20Z WARNING bsky_collector_v2.job.index_feed_generators: listRecords failed repo=did:plc:j435bqckk5zsrzchvak5eae5 err=HttpError('InvalidRequest: Could not find repo: did:plc:j435bqckk5zsrzchvak5eae5')
2026-03-21T17:54:20Z WARNING bsky_collector_v2.job.index_feed_generators: listRecords failed repo=did:plc:l6eno5oaduo5vwmq7phsrdms err=HttpError('InvalidRequest: Could not find repo: did:plc:l6eno5oaduo5vwmq7phsrdms')
2026-03-21T17:54:20Z WARNING bsky_collector_v2.job.index_feed_generators: listRecords failed repo=did:plc:ngnpe2wi2jud6ubiv74jaqfe err=HttpError('InvalidRequest: Could not find repo: did:plc:ngnpe2wi2jud6ubiv74jaqfe')
2026-03-21T17:54:20Z WARNING bsky_collector_v2.job.index_feed_generators: listRecords failed repo=did:plc:pc65sgxwlozcmn3lzrss5rvi err=HttpError('InvalidRequest: Could not find repo: did:plc:pc65sgxwlozcmn3lzrss5rvi')
2026-03-21T17:54:20Z WARNING bsky_collector_v2.job.index_feed_generators: listRecords failed repo=did:plc:rchbdcrqcybsf77qq2jrgr3y err=HttpError('InvalidRequest: Could not find repo: did:plc:rchbdcrqcybsf77qq2jrgr3y')
2026-03-21T17:54:20Z WARNING bsky_collector_v2.job.index_feed_generators: listRecords failed repo=did:plc:rvkay7l3fi4dkikqac6jqmxq err=HttpError('InvalidRequest: Could not find repo: did:plc:rvkay7l3fi4dkikqac6jqmxq')
2026-03-21T17:54:20Z WARNING bsky_collector_v2.job.index_feed_generators: listRecords failed repo=did:plc:3rjq5gx7etlgapurif5dfske err=HttpError('InvalidRequest: Could not find repo: did:plc:3rjq5gx7etlgapurif5dfske')
2026-03-21T17:54:20Z WARNING bsky_collector_v2.job.index_feed_generators: listRecords failed repo=did:plc:5ton4eqpjhtevmdbprstgwt5 err=HttpError('InvalidRequest: Could not find repo: did:plc:5ton4eqpjhtevmdbprstgwt5')
2026-03-21T17:54:21Z WARNING bsky_collector_v2.job.index_feed_generators: listRecords failed repo=did:plc:6fxykxuokyv75okhkatl55qu err=HttpError('InvalidRequest: Could not find repo: did:plc:6fxykxuokyv75okhkatl55qu')
2026-03-21T17:54:21Z WARNING bsky_collector_v2.job.index_feed_generators: listRecords failed repo=did:plc:6wegbfd2kucg3gdv6uauwgfg err=HttpError('InvalidRequest: Could not find repo: did:plc:6wegbfd2kucg3gdv6uauwgfg')
2026-03-21T17:54:21Z WARNING bsky_collector_v2.job.index_feed_generators: listRecords failed repo=did:plc:hv3izxpc2t4pzs2qjzwh4c6e err=HttpError('InvalidRequest: Could not find repo: did:plc:hv3izxpc2t4pzs2qjzwh4c6e')
2026-03-21T17:54:21Z WARNING bsky_collector_v2.job.index_feed_generators: listRecords failed repo=did:plc:j435bqckk5zsrzchvak5eae5 err=HttpError('InvalidRequest: Could not find repo: did:plc:j435bqckk5zsrzchvak5eae5')
2026-03-21T17:54:21Z WARNING bsky_collector_v2.job.index_feed_generators: listRecords failed repo=did:plc:l6eno5oaduo5vwmq7phsrdms err=HttpError('InvalidRequest: Could not find repo: did:plc:l6eno5oaduo5vwmq7phsrdms')
2026-03-21T17:54:21Z WARNING bsky_collector_v2.job.index_feed_generators: listRecords failed repo=did:plc:ngnpe2wi2jud6ubiv74jaqfe err=HttpError('InvalidRequest: Could not find repo: did:plc:ngnpe2wi2jud6ubiv74jaqfe')
2026-03-21T17:54:21Z WARNING bsky_collector_v2.job.index_feed_generators: listRecords failed repo=did:plc:pc65sgxwlozcmn3lzrss5rvi err=HttpError('InvalidRequest: Could not find repo: did:plc:pc65sgxwlozcmn3lzrss5rvi')
2026-03-21T17:54:21Z WARNING bsky_collector_v2.job.index_feed_generators: listRecords failed repo=did:plc:rchbdcrqcybsf77qq2jrgr3y err=HttpError('InvalidRequest: Could not find repo: did:plc:rchbdcrqcybsf77qq2jrgr3y')
2026-03-21T17:54:21Z WARNING bsky_collector_v2.job.index_feed_generators: listRecords failed repo=did:plc:rvkay7l3fi4dkikqac6jqmxq err=HttpError('InvalidRequest: Could not find repo: did:plc:rvkay7l3fi4dkikqac6jqmxq')
2026-03-21T17:54:22Z INFO bsky_collector_v2.job.index_feed_generators: enqueued repos page=15 mode=listRepos inserted=500 repos_returned=500 next_cursor=set
2026-03-21T17:54:34Z WARNING bsky_collector_v2.job.index_feed_generators: listRecords failed repo=did:plc:752j2f4v5kcebje4ykwcr6gg err=HttpError('InvalidRequest: Could not find repo: did:plc:752j2f4v5kcebje4ykwcr6gg')
2026-03-21T17:54:36Z WARNING bsky_collector_v2.job.index_feed_generators: listRecords failed repo=did:plc:7sxkqhni7r33x63eeotbxhjp err=HttpError('InvalidRequest: Could not find repo: did:plc:7sxkqhni7r33x63eeotbxhjp')
2026-03-21T17:54:54Z WARNING bsky_collector_v2.job.index_feed_generators: listRecords failed repo=did:plc:hsabcwwlumlyykznmkqk4krh err=HttpError('InvalidRequest: Could not find repo: did:plc:hsabcwwlumlyykznmkqk4krh')
2026-03-21T17:55:10Z WARNING bsky_collector_v2.job.index_feed_generators: listRecords failed repo=did:plc:nftq2natet5acxpkyz5tt6un err=HttpError('InvalidRequest: Could not find repo: did:plc:nftq2natet5acxpkyz5tt6un')
2026-03-21T17:55:15Z WARNING bsky_collector_v2.job.index_feed_generators: listRecords failed repo=did:plc:pa724mymjcyeill3ude3ezc7 err=HttpError('InvalidRequest: Could not find repo: did:plc:pa724mymjcyeill3ude3ezc7')
2026-03-21T17:55:21Z WARNING bsky_collector_v2.job.index_feed_generators: listRecords failed repo=did:plc:rcmhq26l3iwxog5d4xm5oacv err=HttpError('InvalidRequest: Could not find repo: did:plc:rcmhq26l3iwxog5d4xm5oacv')
2026-03-21T17:55:42Z WARNING bsky_collector_v2.job.index_feed_generators: listRecords failed repo=did:plc:w34wji66fi2zismtnnncce67 err=HttpError('InvalidRequest: Could not find repo: did:plc:w34wji66fi2zismtnnncce67')
2026-03-21T17:55:44Z WARNING bsky_collector_v2.job.index_feed_generators: listRecords failed repo=did:plc:wf32o7ggp4bgfa3xfrxvj43z err=HttpError('InvalidRequest: Could not find repo: did:plc:wf32o7ggp4bgfa3xfrxvj43z')
2026-03-21T17:55:50Z WARNING bsky_collector_v2.job.index_feed_generators: listRecords failed repo=did:plc:y6uzfejkpxrqaqm77e653er5 err=HttpError('InvalidRequest: Could not find repo: did:plc:y6uzfejkpxrqaqm77e653er5')
2026-03-21T17:55:53Z WARNING bsky_collector_v2.job.index_feed_generators: listRecords failed repo=did:plc:z4zyzdkoaueh7prpfni35a4d err=HttpError('InvalidRequest: Could not find repo: did:plc:z4zyzdkoaueh7prpfni35a4d')
2026-03-21T17:55:57Z WARNING bsky_collector_v2.job.index_feed_generators: listRecords failed repo=did:plc:752j2f4v5kcebje4ykwcr6gg err=HttpError('InvalidRequest: Could not find repo: did:plc:752j2f4v5kcebje4ykwcr6gg')
2026-03-21T17:55:57Z WARNING bsky_collector_v2.job.index_feed_generators: listRecords failed repo=did:plc:7sxkqhni7r33x63eeotbxhjp err=HttpError('InvalidRequest: Could not find repo: did:plc:7sxkqhni7r33x63eeotbxhjp')
2026-03-21T17:55:57Z WARNING bsky_collector_v2.job.index_feed_generators: listRecords failed repo=did:plc:hsabcwwlumlyykznmkqk4krh err=HttpError('InvalidRequest: Could not find repo: did:plc:hsabcwwlumlyykznmkqk4krh')
2026-03-21T17:55:57Z WARNING bsky_collector_v2.job.index_feed_generators: listRecords failed repo=did:plc:nftq2natet5acxpkyz5tt6un err=HttpError('InvalidRequest: Could not find repo: did:plc:nftq2natet5acxpkyz5tt6un')
2026-03-21T17:55:57Z WARNING bsky_collector_v2.job.index_feed_generators: listRecords failed repo=did:plc:pa724mymjcyeill3ude3ezc7 err=HttpError('InvalidRequest: Could not find repo: did:plc:pa724mymjcyeill3ude3ezc7')
2026-03-21T17:55:57Z WARNING bsky_collector_v2.job.index_feed_generators: listRecords failed repo=did:plc:rcmhq26l3iwxog5d4xm5oacv err=HttpError('InvalidRequest: Could not find repo: did:plc:rcmhq26l3iwxog5d4xm5oacv')
2026-03-21T17:55:57Z WARNING bsky_collector_v2.job.index_feed_generators: listRecords failed repo=did:plc:w34wji66fi2zismtnnncce67 err=HttpError('InvalidRequest: Could not find repo: did:plc:w34wji66fi2zismtnnncce67')
2026-03-21T17:55:57Z WARNING bsky_collector_v2.job.index_feed_generators: listRecords failed repo=did:plc:wf32o7ggp4bgfa3xfrxvj43z err=HttpError('InvalidRequest: Could not find repo: did:plc:wf32o7ggp4bgfa3xfrxvj43z')
2026-03-21T17:55:57Z WARNING bsky_collector_v2.job.index_feed_generators: listRecords failed repo=did:plc:y6uzfejkpxrqaqm77e653er5 err=HttpError('InvalidRequest: Could not find repo: did:plc:y6uzfejkpxrqaqm77e653er5')
2026-03-21T17:55:57Z WARNING bsky_collector_v2.job.index_feed_generators: listRecords failed repo=did:plc:z4zyzdkoaueh7prpfni35a4d err=HttpError('InvalidRequest: Could not find repo: did:plc:z4zyzdkoaueh7prpfni35a4d')
2026-03-21T17:55:57Z WARNING bsky_collector_v2.job.index_feed_generators: listRecords failed repo=did:plc:752j2f4v5kcebje4ykwcr6gg err=HttpError('InvalidRequest: Could not find repo: did:plc:752j2f4v5kcebje4ykwcr6gg')
2026-03-21T17:55:57Z WARNING bsky_collector_v2.job.index_feed_generators: listRecords failed repo=did:plc:7sxkqhni7r33x63eeotbxhjp err=HttpError('InvalidRequest: Could not find repo: did:plc:7sxkqhni7r33x63eeotbxhjp')
2026-03-21T17:55:58Z WARNING bsky_collector_v2.job.index_feed_generators: listRecords failed repo=did:plc:hsabcwwlumlyykznmkqk4krh err=HttpError('InvalidRequest: Could not find repo: did:plc:hsabcwwlumlyykznmkqk4krh')
2026-03-21T17:55:58Z WARNING bsky_collector_v2.job.index_feed_generators: listRecords failed repo=did:plc:nftq2natet5acxpkyz5tt6un err=HttpError('InvalidRequest: Could not find repo: did:plc:nftq2natet5acxpkyz5tt6un')
2026-03-21T17:55:58Z WARNING bsky_collector_v2.job.index_feed_generators: listRecords failed repo=did:plc:pa724mymjcyeill3ude3ezc7 err=HttpError('InvalidRequest: Could not find repo: did:plc:pa724mymjcyeill3ude3ezc7')
2026-03-21T17:55:58Z WARNING bsky_collector_v2.job.index_feed_generators: listRecords failed repo=did:plc:rcmhq26l3iwxog5d4xm5oacv err=HttpError('InvalidRequest: Could not find repo: did:plc:rcmhq26l3iwxog5d4xm5oacv')
2026-03-21T17:55:58Z WARNING bsky_collector_v2.job.index_feed_generators: listRecords failed repo=did:plc:w34wji66fi2zismtnnncce67 err=HttpError('InvalidRequest: Could not find repo: did:plc:w34wji66fi2zismtnnncce67')
2026-03-21T17:55:58Z WARNING bsky_collector_v2.job.index_feed_generators: listRecords failed repo=did:plc:wf32o7ggp4bgfa3xfrxvj43z err=HttpError('InvalidRequest: Could not find repo: did:plc:wf32o7ggp4bgfa3xfrxvj43z')
2026-03-21T17:55:58Z WARNING bsky_collector_v2.job.index_feed_generators: listRecords failed repo=did:plc:y6uzfejkpxrqaqm77e653er5 err=HttpError('InvalidRequest: Could not find repo: did:plc:y6uzfejkpxrqaqm77e653er5')
2026-03-21T17:55:58Z WARNING bsky_collector_v2.job.index_feed_generators: listRecords failed repo=did:plc:z4zyzdkoaueh7prpfni35a4d err=HttpError('InvalidRequest: Could not find repo: did:plc:z4zyzdkoaueh7prpfni35a4d')
2026-03-21T17:55:59Z INFO bsky_collector_v2.job.index_feed_generators: enqueued repos page=16 mode=listRepos inserted=500 repos_returned=500 next_cursor=set
2026-03-21T17:56:03Z WARNING bsky_collector_v2.job.index_feed_generators: listRecords failed repo=did:plc:44j2iir3crvi5tqbyxt27cks err=HttpError('InvalidRequest: Could not find repo: did:plc:44j2iir3crvi5tqbyxt27cks')
2026-03-21T17:56:08Z WARNING bsky_collector_v2.job.index_feed_generators: listRecords failed repo=did:plc:5f5ztfqozfma4qhvimq5pbpw err=HttpError('InvalidRequest: Could not find repo: did:plc:5f5ztfqozfma4qhvimq5pbpw')
2026-03-21T17:56:12Z WARNING bsky_collector_v2.job.index_feed_generators: listRecords failed repo=did:plc:7im7qchotynsyvldnrigbr44 err=HttpError('InvalidRequest: Could not find repo: did:plc:7im7qchotynsyvldnrigbr44')
2026-03-21T17:56:18Z WARNING bsky_collector_v2.job.index_feed_generators: listRecords failed repo=did:plc:bkadb6aweyg5a373mje3areb err=HttpError('InvalidRequest: Could not find repo: did:plc:bkadb6aweyg5a373mje3areb')
2026-03-21T17:56:25Z WARNING bsky_collector_v2.job.index_feed_generators: listRecords failed repo=did:plc:etkc4gzzu2cr5nqfkckee2fu err=HttpError('InvalidRequest: Could not find repo: did:plc:etkc4gzzu2cr5nqfkckee2fu')
2026-03-21T17:56:31Z WARNING bsky_collector_v2.job.index_feed_generators: listRecords failed repo=did:plc:hdomrwbzuxwarchefxzpgohw err=HttpError('InvalidRequest: Could not find repo: did:plc:hdomrwbzuxwarchefxzpgohw')
2026-03-21T17:57:09Z WARNING bsky_collector_v2.job.index_feed_generators: listRecords failed repo=did:plc:uqszl5u5wygigbf2zw57i43y err=HttpError('InvalidRequest: Could not find repo: did:plc:uqszl5u5wygigbf2zw57i43y')
2026-03-21T17:57:11Z WARNING bsky_collector_v2.job.index_feed_generators: listRecords failed repo=did:plc:vfonp4vgytlx72use5uinvpe err=HttpError('InvalidRequest: Could not find repo: did:plc:vfonp4vgytlx72use5uinvpe')
2026-03-21T17:57:18Z WARNING bsky_collector_v2.job.index_feed_generators: listRecords failed repo=did:plc:yfdd5wmrhkc3ird7f63b53ic err=HttpError('InvalidRequest: Could not find repo: did:plc:yfdd5wmrhkc3ird7f63b53ic')
2026-03-21T17:57:22Z WARNING bsky_collector_v2.job.index_feed_generators: listRecords failed repo=did:plc:znfyneavwqyx75odydpsxhk6 err=HttpError('InvalidRequest: Could not find repo: did:plc:znfyneavwqyx75odydpsxhk6')
2026-03-21T17:57:23Z WARNING bsky_collector_v2.job.index_feed_generators: listRecords failed repo=did:plc:44j2iir3crvi5tqbyxt27cks err=HttpError('InvalidRequest: Could not find repo: did:plc:44j2iir3crvi5tqbyxt27cks')
2026-03-21T17:57:23Z WARNING bsky_collector_v2.job.index_feed_generators: listRecords failed repo=did:plc:5f5ztfqozfma4qhvimq5pbpw err=HttpError('InvalidRequest: Could not find repo: did:plc:5f5ztfqozfma4qhvimq5pbpw')
2026-03-21T17:57:23Z WARNING bsky_collector_v2.job.index_feed_generators: listRecords failed repo=did:plc:7im7qchotynsyvldnrigbr44 err=HttpError('InvalidRequest: Could not find repo: did:plc:7im7qchotynsyvldnrigbr44')
2026-03-21T17:57:24Z WARNING bsky_collector_v2.job.index_feed_generators: listRecords failed repo=did:plc:bkadb6aweyg5a373mje3areb err=HttpError('InvalidRequest: Could not find repo: did:plc:bkadb6aweyg5a373mje3areb')
2026-03-21T17:57:24Z WARNING bsky_collector_v2.job.index_feed_generators: listRecords failed repo=did:plc:etkc4gzzu2cr5nqfkckee2fu err=HttpError('InvalidRequest: Could not find repo: did:plc:etkc4gzzu2cr5nqfkckee2fu')
2026-03-21T17:57:24Z WARNING bsky_collector_v2.job.index_feed_generators: listRecords failed repo=did:plc:hdomrwbzuxwarchefxzpgohw err=HttpError('InvalidRequest: Could not find repo: did:plc:hdomrwbzuxwarchefxzpgohw')
2026-03-21T17:57:24Z WARNING bsky_collector_v2.job.index_feed_generators: listRecords failed repo=did:plc:uqszl5u5wygigbf2zw57i43y err=HttpError('InvalidRequest: Could not find repo: did:plc:uqszl5u5wygigbf2zw57i43y')
2026-03-21T17:57:24Z WARNING bsky_collector_v2.job.index_feed_generators: listRecords failed repo=did:plc:vfonp4vgytlx72use5uinvpe err=HttpError('InvalidRequest: Could not find repo: did:plc:vfonp4vgytlx72use5uinvpe')
2026-03-21T17:57:24Z WARNING bsky_collector_v2.job.index_feed_generators: listRecords failed repo=did:plc:yfdd5wmrhkc3ird7f63b53ic err=HttpError('InvalidRequest: Could not find repo: did:plc:yfdd5wmrhkc3ird7f63b53ic')
2026-03-21T17:57:24Z WARNING bsky_collector_v2.job.index_feed_generators: listRecords failed repo=did:plc:znfyneavwqyx75odydpsxhk6 err=HttpError('InvalidRequest: Could not find repo: did:plc:znfyneavwqyx75odydpsxhk6')
2026-03-21T17:57:24Z WARNING bsky_collector_v2.job.index_feed_generators: listRecords failed repo=did:plc:44j2iir3crvi5tqbyxt27cks err=HttpError('InvalidRequest: Could not find repo: did:plc:44j2iir3crvi5tqbyxt27cks')
2026-03-21T17:57:24Z WARNING bsky_collector_v2.job.index_feed_generators: listRecords failed repo=did:plc:5f5ztfqozfma4qhvimq5pbpw err=HttpError('InvalidRequest: Could not find repo: did:plc:5f5ztfqozfma4qhvimq5pbpw')
2026-03-21T17:57:24Z WARNING bsky_collector_v2.job.index_feed_generators: listRecords failed repo=did:plc:7im7qchotynsyvldnrigbr44 err=HttpError('InvalidRequest: Could not find repo: did:plc:7im7qchotynsyvldnrigbr44')
2026-03-21T17:57:24Z WARNING bsky_collector_v2.job.index_feed_generators: listRecords failed repo=did:plc:bkadb6aweyg5a373mje3areb err=HttpError('InvalidRequest: Could not find repo: did:plc:bkadb6aweyg5a373mje3areb')
2026-03-21T17:57:24Z WARNING bsky_collector_v2.job.index_feed_generators: listRecords failed repo=did:plc:etkc4gzzu2cr5nqfkckee2fu err=HttpError('InvalidRequest: Could not find repo: did:plc:etkc4gzzu2cr5nqfkckee2fu')
2026-03-21T17:57:24Z WARNING bsky_collector_v2.job.index_feed_generators: listRecords failed repo=did:plc:hdomrwbzuxwarchefxzpgohw err=HttpError('InvalidRequest: Could not find repo: did:plc:hdomrwbzuxwarchefxzpgohw')
2026-03-21T17:57:24Z WARNING bsky_collector_v2.job.index_feed_generators: listRecords failed repo=did:plc:uqszl5u5wygigbf2zw57i43y err=HttpError('InvalidRequest: Could not find repo: did:plc:uqszl5u5wygigbf2zw57i43y')
2026-03-21T17:57:24Z WARNING bsky_collector_v2.job.index_feed_generators: listRecords failed repo=did:plc:vfonp4vgytlx72use5uinvpe err=HttpError('InvalidRequest: Could not find repo: did:plc:vfonp4vgytlx72use5uinvpe')
2026-03-21T17:57:24Z WARNING bsky_collector_v2.job.index_feed_generators: listRecords failed repo=did:plc:yfdd5wmrhkc3ird7f63b53ic err=HttpError('InvalidRequest: Could not find repo: did:plc:yfdd5wmrhkc3ird7f63b53ic')
2026-03-21T17:57:24Z WARNING bsky_collector_v2.job.index_feed_generators: listRecords failed repo=did:plc:znfyneavwqyx75odydpsxhk6 err=HttpError('InvalidRequest: Could not find repo: did:plc:znfyneavwqyx75odydpsxhk6')
2026-03-21T17:57:26Z INFO bsky_collector_v2.job.index_feed_generators: enqueued repos page=17 mode=listRepos inserted=500 repos_returned=500 next_cursor=set
2026-03-21T17:57:59Z WARNING bsky_collector_v2.job.index_feed_generators: listRecords failed repo=did:plc:gbo5jhehl6mssw3ibcfdpajf err=HttpError('InvalidRequest: Could not find repo: did:plc:gbo5jhehl6mssw3ibcfdpajf')
2026-03-21T17:58:10Z WARNING bsky_collector_v2.job.index_feed_generators: listRecords failed repo=did:plc:iupzewlfvbi6eanb2lujhcwl err=HttpError('InvalidRequest: Could not find repo: did:plc:iupzewlfvbi6eanb2lujhcwl')
2026-03-21T17:58:14Z WARNING bsky_collector_v2.job.index_feed_generators: listRecords failed repo=did:plc:lrj2hty5wbk2ywuifnpcqvaq err=HttpError('InvalidRequest: Could not find repo: did:plc:lrj2hty5wbk2ywuifnpcqvaq')
2026-03-21T17:58:59Z WARNING bsky_collector_v2.job.index_feed_generators: listRecords failed repo=did:plc:gbo5jhehl6mssw3ibcfdpajf err=HttpError('InvalidRequest: Could not find repo: did:plc:gbo5jhehl6mssw3ibcfdpajf')
2026-03-21T17:58:59Z WARNING bsky_collector_v2.job.index_feed_generators: listRecords failed repo=did:plc:iupzewlfvbi6eanb2lujhcwl err=HttpError('InvalidRequest: Could not find repo: did:plc:iupzewlfvbi6eanb2lujhcwl')
2026-03-21T17:59:00Z WARNING bsky_collector_v2.job.index_feed_generators: listRecords failed repo=did:plc:lrj2hty5wbk2ywuifnpcqvaq err=HttpError('InvalidRequest: Could not find repo: did:plc:lrj2hty5wbk2ywuifnpcqvaq')
2026-03-21T17:59:00Z WARNING bsky_collector_v2.job.index_feed_generators: listRecords failed repo=did:plc:gbo5jhehl6mssw3ibcfdpajf err=HttpError('InvalidRequest: Could not find repo: did:plc:gbo5jhehl6mssw3ibcfdpajf')
2026-03-21T17:59:00Z WARNING bsky_collector_v2.job.index_feed_generators: listRecords failed repo=did:plc:iupzewlfvbi6eanb2lujhcwl err=HttpError('InvalidRequest: Could not find repo: did:plc:iupzewlfvbi6eanb2lujhcwl')
2026-03-21T17:59:00Z WARNING bsky_collector_v2.job.index_feed_generators: listRecords failed repo=did:plc:lrj2hty5wbk2ywuifnpcqvaq err=HttpError('InvalidRequest: Could not find repo: did:plc:lrj2hty5wbk2ywuifnpcqvaq')
2026-03-21T17:59:01Z INFO bsky_collector_v2.job.index_feed_generators: enqueued repos page=18 mode=listRepos inserted=500 repos_returned=500 next_cursor=set
2026-03-21T18:00:29Z WARNING bsky_collector_v2.job.index_feed_generators: listRecords failed repo=did:plc:xeeiltsmrucvontktrmxfqv3 err=HttpError('InvalidRequest: Could not find repo: did:plc:xeeiltsmrucvontktrmxfqv3')
2026-03-21T18:00:34Z WARNING bsky_collector_v2.job.index_feed_generators: listRecords failed repo=did:plc:ynmus7lzjpyuek5eg2xywzic err=HttpError('InvalidRequest: Could not find repo: did:plc:ynmus7lzjpyuek5eg2xywzic')
2026-03-21T18:00:38Z WARNING bsky_collector_v2.job.index_feed_generators: listRecords failed repo=did:plc:xeeiltsmrucvontktrmxfqv3 err=HttpError('InvalidRequest: Could not find repo: did:plc:xeeiltsmrucvontktrmxfqv3')
2026-03-21T18:00:38Z WARNING bsky_collector_v2.job.index_feed_generators: listRecords failed repo=did:plc:ynmus7lzjpyuek5eg2xywzic err=HttpError('InvalidRequest: Could not find repo: did:plc:ynmus7lzjpyuek5eg2xywzic')
2026-03-21T18:00:38Z WARNING bsky_collector_v2.job.index_feed_generators: listRecords failed repo=did:plc:xeeiltsmrucvontktrmxfqv3 err=HttpError('InvalidRequest: Could not find repo: did:plc:xeeiltsmrucvontktrmxfqv3')
2026-03-21T18:00:38Z WARNING bsky_collector_v2.job.index_feed_generators: listRecords failed repo=did:plc:ynmus7lzjpyuek5eg2xywzic err=HttpError('InvalidRequest: Could not find repo: did:plc:ynmus7lzjpyuek5eg2xywzic')
2026-03-21T18:00:39Z INFO bsky_collector_v2.job.index_feed_generators: enqueued repos page=19 mode=listRepos inserted=500 repos_returned=500 next_cursor=set
2026-03-21T18:00:44Z WARNING bsky_collector_v2.job.index_feed_generators: listRecords failed repo=did:plc:2tqdxb7pnjbeil6ro4me2odh err=HttpError('InvalidRequest: Could not find repo: did:plc:2tqdxb7pnjbeil6ro4me2odh')
2026-03-21T18:00:45Z WARNING bsky_collector_v2.job.index_feed_generators: listRecords failed repo=did:plc:3udvzkepfci2g5d7rzh4udbt err=HttpError('InvalidRequest: Could not find repo: did:plc:3udvzkepfci2g5d7rzh4udbt')
2026-03-21T18:01:09Z WARNING bsky_collector_v2.job.index_feed_generators: listRecords failed repo=did:plc:asgx3au4rhzdbcfsyxe2eqxb err=HttpError('InvalidRequest: Could not find repo: did:plc:asgx3au4rhzdbcfsyxe2eqxb')
2026-03-21T18:01:28Z WARNING bsky_collector_v2.job.index_feed_generators: listRecords failed repo=did:plc:hfdxaxsqls3gdpu3qaa6w4ug err=HttpError('InvalidRequest: Could not find repo: did:plc:hfdxaxsqls3gdpu3qaa6w4ug')
2026-03-21T18:01:34Z WARNING bsky_collector_v2.job.index_feed_generators: listRecords failed repo=did:plc:jjk6eqwofwkw3s2cxpqdlibi err=HttpError('InvalidRequest: Could not find repo: did:plc:jjk6eqwofwkw3s2cxpqdlibi')
2026-03-21T18:01:49Z WARNING bsky_collector_v2.job.index_feed_generators: listRecords failed repo=did:plc:r7rssfryqnhsmvdlol3wlacz err=HttpError('InvalidRequest: Could not find repo: did:plc:r7rssfryqnhsmvdlol3wlacz')
2026-03-21T18:01:51Z WARNING bsky_collector_v2.job.index_feed_generators: listRecords failed repo=did:plc:ruudc4rj6ckhzizu3b2lmrxk err=HttpError('InvalidRequest: Could not find repo: did:plc:ruudc4rj6ckhzizu3b2lmrxk')
2026-03-21T18:01:54Z WARNING bsky_collector_v2.job.index_feed_generators: listRecords failed repo=did:plc:soj64b5ly2dnnh6frygmp6vs err=HttpError('InvalidRequest: Could not find repo: did:plc:soj64b5ly2dnnh6frygmp6vs')
2026-03-21T18:02:06Z WARNING bsky_collector_v2.job.index_feed_generators: listRecords failed repo=did:plc:v3qx3xm7v7aw6og7m37ursjd err=HttpError('InvalidRequest: Could not find repo: did:plc:v3qx3xm7v7aw6og7m37ursjd')
2026-03-21T18:02:11Z WARNING bsky_collector_v2.job.index_feed_generators: listRecords failed repo=did:plc:wmm5sgu5ct2bd3uakvmfp5up err=HttpError('InvalidRequest: Could not find repo: did:plc:wmm5sgu5ct2bd3uakvmfp5up')
2026-03-21T18:02:15Z INFO bsky_collector_v2.job.index_feed_generators: indexed repo=did:plc:xdo53cxmvpuvyeqwlnt4sg35 part=171 records=1 next_cursor=set
2026-03-21T18:02:23Z WARNING bsky_collector_v2.job.index_feed_generators: listRecords failed repo=did:plc:2tqdxb7pnjbeil6ro4me2odh err=HttpError('InvalidRequest: Could not find repo: did:plc:2tqdxb7pnjbeil6ro4me2odh')
2026-03-21T18:02:23Z WARNING bsky_collector_v2.job.index_feed_generators: listRecords failed repo=did:plc:3udvzkepfci2g5d7rzh4udbt err=HttpError('InvalidRequest: Could not find repo: did:plc:3udvzkepfci2g5d7rzh4udbt')
2026-03-21T18:02:23Z WARNING bsky_collector_v2.job.index_feed_generators: listRecords failed repo=did:plc:asgx3au4rhzdbcfsyxe2eqxb err=HttpError('InvalidRequest: Could not find repo: did:plc:asgx3au4rhzdbcfsyxe2eqxb')
2026-03-21T18:02:23Z WARNING bsky_collector_v2.job.index_feed_generators: listRecords failed repo=did:plc:hfdxaxsqls3gdpu3qaa6w4ug err=HttpError('InvalidRequest: Could not find repo: did:plc:hfdxaxsqls3gdpu3qaa6w4ug')
2026-03-21T18:02:23Z WARNING bsky_collector_v2.job.index_feed_generators: listRecords failed repo=did:plc:jjk6eqwofwkw3s2cxpqdlibi err=HttpError('InvalidRequest: Could not find repo: did:plc:jjk6eqwofwkw3s2cxpqdlibi')
2026-03-21T18:02:23Z WARNING bsky_collector_v2.job.index_feed_generators: listRecords failed repo=did:plc:r7rssfryqnhsmvdlol3wlacz err=HttpError('InvalidRequest: Could not find repo: did:plc:r7rssfryqnhsmvdlol3wlacz')
2026-03-21T18:02:24Z WARNING bsky_collector_v2.job.index_feed_generators: listRecords failed repo=did:plc:ruudc4rj6ckhzizu3b2lmrxk err=HttpError('InvalidRequest: Could not find repo: did:plc:ruudc4rj6ckhzizu3b2lmrxk')
2026-03-21T18:02:24Z WARNING bsky_collector_v2.job.index_feed_generators: listRecords failed repo=did:plc:soj64b5ly2dnnh6frygmp6vs err=HttpError('InvalidRequest: Could not find repo: did:plc:soj64b5ly2dnnh6frygmp6vs')
2026-03-21T18:02:24Z WARNING bsky_collector_v2.job.index_feed_generators: listRecords failed repo=did:plc:v3qx3xm7v7aw6og7m37ursjd err=HttpError('InvalidRequest: Could not find repo: did:plc:v3qx3xm7v7aw6og7m37ursjd')
2026-03-21T18:02:24Z WARNING bsky_collector_v2.job.index_feed_generators: listRecords failed repo=did:plc:wmm5sgu5ct2bd3uakvmfp5up err=HttpError('InvalidRequest: Could not find repo: did:plc:wmm5sgu5ct2bd3uakvmfp5up')
2026-03-21T18:02:24Z WARNING bsky_collector_v2.job.index_feed_generators: listRecords failed repo=did:plc:2tqdxb7pnjbeil6ro4me2odh err=HttpError('InvalidRequest: Could not find repo: did:plc:2tqdxb7pnjbeil6ro4me2odh')
2026-03-21T18:02:24Z WARNING bsky_collector_v2.job.index_feed_generators: listRecords failed repo=did:plc:3udvzkepfci2g5d7rzh4udbt err=HttpError('InvalidRequest: Could not find repo: did:plc:3udvzkepfci2g5d7rzh4udbt')
2026-03-21T18:02:24Z WARNING bsky_collector_v2.job.index_feed_generators: listRecords failed repo=did:plc:asgx3au4rhzdbcfsyxe2eqxb err=HttpError('InvalidRequest: Could not find repo: did:plc:asgx3au4rhzdbcfsyxe2eqxb')
2026-03-21T18:02:24Z WARNING bsky_collector_v2.job.index_feed_generators: listRecords failed repo=did:plc:hfdxaxsqls3gdpu3qaa6w4ug err=HttpError('InvalidRequest: Could not find repo: did:plc:hfdxaxsqls3gdpu3qaa6w4ug')
2026-03-21T18:02:25Z WARNING bsky_collector_v2.job.index_feed_generators: listRecords failed repo=did:plc:jjk6eqwofwkw3s2cxpqdlibi err=HttpError('InvalidRequest: Could not find repo: did:plc:jjk6eqwofwkw3s2cxpqdlibi')
2026-03-21T18:02:25Z WARNING bsky_collector_v2.job.index_feed_generators: listRecords failed repo=did:plc:r7rssfryqnhsmvdlol3wlacz err=HttpError('InvalidRequest: Could not find repo: did:plc:r7rssfryqnhsmvdlol3wlacz')
2026-03-21T18:02:25Z WARNING bsky_collector_v2.job.index_feed_generators: listRecords failed repo=did:plc:ruudc4rj6ckhzizu3b2lmrxk err=HttpError('InvalidRequest: Could not find repo: did:plc:ruudc4rj6ckhzizu3b2lmrxk')
2026-03-21T18:02:25Z WARNING bsky_collector_v2.job.index_feed_generators: listRecords failed repo=did:plc:soj64b5ly2dnnh6frygmp6vs err=HttpError('InvalidRequest: Could not find repo: did:plc:soj64b5ly2dnnh6frygmp6vs')
2026-03-21T18:02:25Z WARNING bsky_collector_v2.job.index_feed_generators: listRecords failed repo=did:plc:v3qx3xm7v7aw6og7m37ursjd err=HttpError('InvalidRequest: Could not find repo: did:plc:v3qx3xm7v7aw6og7m37ursjd')
2026-03-21T18:02:25Z WARNING bsky_collector_v2.job.index_feed_generators: listRecords failed repo=did:plc:wmm5sgu5ct2bd3uakvmfp5up err=HttpError('InvalidRequest: Could not find repo: did:plc:wmm5sgu5ct2bd3uakvmfp5up')
2026-03-21T18:02:26Z INFO bsky_collector_v2.job.index_feed_generators: enqueued repos page=20 mode=listRepos inserted=500 repos_returned=500 next_cursor=set
2026-03-21T18:02:59Z WARNING bsky_collector_v2.job.index_feed_generators: listRecords failed repo=did:plc:fkahfmfzebnamtwhmgmjuf3d err=HttpError('InvalidRequest: Could not find repo: did:plc:fkahfmfzebnamtwhmgmjuf3d')
2026-03-21T18:03:01Z WARNING bsky_collector_v2.job.index_feed_generators: listRecords failed repo=did:plc:gbkotyyx5fd6y3ybhobv3gsx err=HttpError('InvalidRequest: Could not find repo: did:plc:gbkotyyx5fd6y3ybhobv3gsx')
2026-03-21T18:03:08Z WARNING bsky_collector_v2.job.index_feed_generators: listRecords failed repo=did:plc:iw7ujscth7lwtnj52qfjnpqs err=HttpError('InvalidRequest: Could not find repo: did:plc:iw7ujscth7lwtnj52qfjnpqs')
2026-03-21T18:03:16Z INFO bsky_collector_v2.job.index_feed_generators: indexed repo=did:plc:lrgpo6n5jz25q6co5desuacn part=172 records=5 next_cursor=set
2026-03-21T18:03:23Z WARNING bsky_collector_v2.job.index_feed_generators: listRecords failed repo=did:plc:nmfgobwir2zxoy4u2hpgewyg err=HttpError('InvalidRequest: Could not find repo: did:plc:nmfgobwir2zxoy4u2hpgewyg')
2026-03-21T18:04:14Z WARNING bsky_collector_v2.job.index_feed_generators: listRecords failed repo=did:plc:fkahfmfzebnamtwhmgmjuf3d err=HttpError('InvalidRequest: Could not find repo: did:plc:fkahfmfzebnamtwhmgmjuf3d')
2026-03-21T18:04:14Z WARNING bsky_collector_v2.job.index_feed_generators: listRecords failed repo=did:plc:gbkotyyx5fd6y3ybhobv3gsx err=HttpError('InvalidRequest: Could not find repo: did:plc:gbkotyyx5fd6y3ybhobv3gsx')
2026-03-21T18:04:14Z WARNING bsky_collector_v2.job.index_feed_generators: listRecords failed repo=did:plc:iw7ujscth7lwtnj52qfjnpqs err=HttpError('InvalidRequest: Could not find repo: did:plc:iw7ujscth7lwtnj52qfjnpqs')
2026-03-21T18:04:15Z WARNING bsky_collector_v2.job.index_feed_generators: listRecords failed repo=did:plc:nmfgobwir2zxoy4u2hpgewyg err=HttpError('InvalidRequest: Could not find repo: did:plc:nmfgobwir2zxoy4u2hpgewyg')
2026-03-21T18:04:15Z WARNING bsky_collector_v2.job.index_feed_generators: listRecords failed repo=did:plc:fkahfmfzebnamtwhmgmjuf3d err=HttpError('InvalidRequest: Could not find repo: did:plc:fkahfmfzebnamtwhmgmjuf3d')
2026-03-21T18:04:15Z WARNING bsky_collector_v2.job.index_feed_generators: listRecords failed repo=did:plc:gbkotyyx5fd6y3ybhobv3gsx err=HttpError('InvalidRequest: Could not find repo: did:plc:gbkotyyx5fd6y3ybhobv3gsx')
2026-03-21T18:04:15Z WARNING bsky_collector_v2.job.index_feed_generators: listRecords failed repo=did:plc:iw7ujscth7lwtnj52qfjnpqs err=HttpError('InvalidRequest: Could not find repo: did:plc:iw7ujscth7lwtnj52qfjnpqs')
2026-03-21T18:04:16Z WARNING bsky_collector_v2.job.index_feed_generators: listRecords failed repo=did:plc:nmfgobwir2zxoy4u2hpgewyg err=HttpError('InvalidRequest: Could not find repo: did:plc:nmfgobwir2zxoy4u2hpgewyg')
2026-03-21T18:04:16Z INFO bsky_collector_v2.job.index_feed_generators: enqueued repos page=21 mode=listRepos inserted=500 repos_returned=500 next_cursor=set
2026-03-21T18:04:17Z WARNING bsky_collector_v2.job.index_feed_generators: listRecords failed repo=did:plc:2jfedbvgwkydxmqvbw7x2trf err=HttpError('InvalidRequest: Could not find repo: did:plc:2jfedbvgwkydxmqvbw7x2trf')
2026-03-21T18:04:40Z WARNING bsky_collector_v2.job.index_feed_generators: listRecords failed repo=did:plc:anqufifhpi3icchav6ujjkrf err=HttpError('InvalidRequest: Could not find repo: did:plc:anqufifhpi3icchav6ujjkrf')
2026-03-21T18:05:07Z WARNING bsky_collector_v2.job.index_feed_generators: listRecords failed repo=did:plc:gya6jcspofllqt67odlq7w34 err=HttpError('InvalidRequest: Could not find repo: did:plc:gya6jcspofllqt67odlq7w34')
2026-03-21T18:05:21Z WARNING bsky_collector_v2.job.index_feed_generators: listRecords failed repo=did:plc:l4savvmwevypyc5mibfxkm55 err=HttpError('InvalidRequest: Could not find repo: did:plc:l4savvmwevypyc5mibfxkm55')
2026-03-21T18:05:23Z WARNING bsky_collector_v2.job.index_feed_generators: listRecords failed repo=did:plc:m4d4aj7tbdbbsr5div3eubkh err=HttpError('InvalidRequest: Could not find repo: did:plc:m4d4aj7tbdbbsr5div3eubkh')
2026-03-21T18:05:56Z WARNING bsky_collector_v2.job.index_feed_generators: listRecords failed repo=did:plc:to2qpfc3msthpo2bbl6ny5rr err=HttpError('InvalidRequest: Could not find repo: did:plc:to2qpfc3msthpo2bbl6ny5rr')
2026-03-21T18:06:13Z WARNING bsky_collector_v2.job.index_feed_generators: listRecords failed repo=did:plc:2jfedbvgwkydxmqvbw7x2trf err=HttpError('InvalidRequest: Could not find repo: did:plc:2jfedbvgwkydxmqvbw7x2trf')
2026-03-21T18:06:13Z WARNING bsky_collector_v2.job.index_feed_generators: listRecords failed repo=did:plc:anqufifhpi3icchav6ujjkrf err=HttpError('InvalidRequest: Could not find repo: did:plc:anqufifhpi3icchav6ujjkrf')
2026-03-21T18:06:13Z WARNING bsky_collector_v2.job.index_feed_generators: listRecords failed repo=did:plc:gya6jcspofllqt67odlq7w34 err=HttpError('InvalidRequest: Could not find repo: did:plc:gya6jcspofllqt67odlq7w34')
2026-03-21T18:06:13Z WARNING bsky_collector_v2.job.index_feed_generators: listRecords failed repo=did:plc:l4savvmwevypyc5mibfxkm55 err=HttpError('InvalidRequest: Could not find repo: did:plc:l4savvmwevypyc5mibfxkm55')
2026-03-21T18:06:13Z WARNING bsky_collector_v2.job.index_feed_generators: listRecords failed repo=did:plc:m4d4aj7tbdbbsr5div3eubkh err=HttpError('InvalidRequest: Could not find repo: did:plc:m4d4aj7tbdbbsr5div3eubkh')
2026-03-21T18:06:13Z WARNING bsky_collector_v2.job.index_feed_generators: listRecords failed repo=did:plc:to2qpfc3msthpo2bbl6ny5rr err=HttpError('InvalidRequest: Could not find repo: did:plc:to2qpfc3msthpo2bbl6ny5rr')
2026-03-21T18:06:14Z WARNING bsky_collector_v2.job.index_feed_generators: listRecords failed repo=did:plc:2jfedbvgwkydxmqvbw7x2trf err=HttpError('InvalidRequest: Could not find repo: did:plc:2jfedbvgwkydxmqvbw7x2trf')
2026-03-21T18:06:14Z WARNING bsky_collector_v2.job.index_feed_generators: listRecords failed repo=did:plc:anqufifhpi3icchav6ujjkrf err=HttpError('InvalidRequest: Could not find repo: did:plc:anqufifhpi3icchav6ujjkrf')
2026-03-21T18:06:14Z WARNING bsky_collector_v2.job.index_feed_generators: listRecords failed repo=did:plc:gya6jcspofllqt67odlq7w34 err=HttpError('InvalidRequest: Could not find repo: did:plc:gya6jcspofllqt67odlq7w34')
2026-03-21T18:06:14Z WARNING bsky_collector_v2.job.index_feed_generators: listRecords failed repo=did:plc:l4savvmwevypyc5mibfxkm55 err=HttpError('InvalidRequest: Could not find repo: did:plc:l4savvmwevypyc5mibfxkm55')
2026-03-21T18:06:14Z WARNING bsky_collector_v2.job.index_feed_generators: listRecords failed repo=did:plc:m4d4aj7tbdbbsr5div3eubkh err=HttpError('InvalidRequest: Could not find repo: did:plc:m4d4aj7tbdbbsr5div3eubkh')
2026-03-21T18:06:14Z WARNING bsky_collector_v2.job.index_feed_generators: listRecords failed repo=did:plc:to2qpfc3msthpo2bbl6ny5rr err=HttpError('InvalidRequest: Could not find repo: did:plc:to2qpfc3msthpo2bbl6ny5rr')
2026-03-21T18:06:14Z INFO bsky_collector_v2.job.index_feed_generators: enqueued repos page=22 mode=listRepos inserted=500 repos_returned=500 next_cursor=set
2026-03-21T18:06:50Z WARNING bsky_collector_v2.job.index_feed_generators: listRecords failed repo=did:plc:gxlywwrya35uvaanqchnj24e err=HttpError('InvalidRequest: Could not find repo: did:plc:gxlywwrya35uvaanqchnj24e')
2026-03-21T18:07:10Z WARNING bsky_collector_v2.job.index_feed_generators: listRecords failed repo=did:plc:o2yfp25f2vaejqo5irvaycjk err=HttpError('InvalidRequest: Could not find repo: did:plc:o2yfp25f2vaejqo5irvaycjk')
2026-03-21T18:07:24Z WARNING bsky_collector_v2.job.index_feed_generators: listRecords failed repo=did:plc:t5mpkiiibolx3h2epr5gfr4b err=HttpError('InvalidRequest: Could not find repo: did:plc:t5mpkiiibolx3h2epr5gfr4b')
2026-03-21T18:07:36Z WARNING bsky_collector_v2.job.index_feed_generators: listRecords failed repo=did:plc:xfcbsusq33tye3lstbelt6q6 err=HttpError('InvalidRequest: Could not find repo: did:plc:xfcbsusq33tye3lstbelt6q6')
2026-03-21T18:07:42Z WARNING bsky_collector_v2.job.index_feed_generators: listRecords failed repo=did:plc:gxlywwrya35uvaanqchnj24e err=HttpError('InvalidRequest: Could not find repo: did:plc:gxlywwrya35uvaanqchnj24e')
2026-03-21T18:07:42Z WARNING bsky_collector_v2.job.index_feed_generators: listRecords failed repo=did:plc:o2yfp25f2vaejqo5irvaycjk err=HttpError('InvalidRequest: Could not find repo: did:plc:o2yfp25f2vaejqo5irvaycjk')
2026-03-21T18:07:42Z WARNING bsky_collector_v2.job.index_feed_generators: listRecords failed repo=did:plc:t5mpkiiibolx3h2epr5gfr4b err=HttpError('InvalidRequest: Could not find repo: did:plc:t5mpkiiibolx3h2epr5gfr4b')
2026-03-21T18:07:42Z WARNING bsky_collector_v2.job.index_feed_generators: listRecords failed repo=did:plc:xfcbsusq33tye3lstbelt6q6 err=HttpError('InvalidRequest: Could not find repo: did:plc:xfcbsusq33tye3lstbelt6q6')
2026-03-21T18:07:42Z WARNING bsky_collector_v2.job.index_feed_generators: listRecords failed repo=did:plc:gxlywwrya35uvaanqchnj24e err=HttpError('InvalidRequest: Could not find repo: did:plc:gxlywwrya35uvaanqchnj24e')
2026-03-21T18:07:42Z WARNING bsky_collector_v2.job.index_feed_generators: listRecords failed repo=did:plc:o2yfp25f2vaejqo5irvaycjk err=HttpError('InvalidRequest: Could not find repo: did:plc:o2yfp25f2vaejqo5irvaycjk')
2026-03-21T18:07:42Z WARNING bsky_collector_v2.job.index_feed_generators: listRecords failed repo=did:plc:t5mpkiiibolx3h2epr5gfr4b err=HttpError('InvalidRequest: Could not find repo: did:plc:t5mpkiiibolx3h2epr5gfr4b')
2026-03-21T18:07:42Z WARNING bsky_collector_v2.job.index_feed_generators: listRecords failed repo=did:plc:xfcbsusq33tye3lstbelt6q6 err=HttpError('InvalidRequest: Could not find repo: did:plc:xfcbsusq33tye3lstbelt6q6')
2026-03-21T18:07:43Z INFO bsky_collector_v2.job.index_feed_generators: enqueued repos page=23 mode=listRepos inserted=500 repos_returned=500 next_cursor=set
2026-03-21T18:08:04Z WARNING bsky_collector_v2.job.index_feed_generators: listRecords failed repo=did:plc:c7juo24bav7livhgosutpgas err=HttpError('InvalidRequest: Could not find repo: did:plc:c7juo24bav7livhgosutpgas')
2026-03-21T18:08:12Z WARNING bsky_collector_v2.job.index_feed_generators: listRecords failed repo=did:plc:fv6n5dnnhs5tiycf3hsvwtnf err=HttpError('InvalidRequest: Could not find repo: did:plc:fv6n5dnnhs5tiycf3hsvwtnf')
2026-03-21T18:08:22Z WARNING bsky_collector_v2.job.index_feed_generators: listRecords failed repo=did:plc:j2agfxonk2v3g2gof5k3reer err=HttpError('InvalidRequest: Could not find repo: did:plc:j2agfxonk2v3g2gof5k3reer')
2026-03-21T18:09:08Z WARNING bsky_collector_v2.job.index_feed_generators: listRecords failed repo=did:plc:c7juo24bav7livhgosutpgas err=HttpError('InvalidRequest: Could not find repo: did:plc:c7juo24bav7livhgosutpgas')
2026-03-21T18:09:08Z WARNING bsky_collector_v2.job.index_feed_generators: listRecords failed repo=did:plc:fv6n5dnnhs5tiycf3hsvwtnf err=HttpError('InvalidRequest: Could not find repo: did:plc:fv6n5dnnhs5tiycf3hsvwtnf')
2026-03-21T18:09:08Z WARNING bsky_collector_v2.job.index_feed_generators: listRecords failed repo=did:plc:j2agfxonk2v3g2gof5k3reer err=HttpError('InvalidRequest: Could not find repo: did:plc:j2agfxonk2v3g2gof5k3reer')
2026-03-21T18:09:08Z WARNING bsky_collector_v2.job.index_feed_generators: listRecords failed repo=did:plc:c7juo24bav7livhgosutpgas err=HttpError('InvalidRequest: Could not find repo: did:plc:c7juo24bav7livhgosutpgas')
2026-03-21T18:09:08Z WARNING bsky_collector_v2.job.index_feed_generators: listRecords failed repo=did:plc:fv6n5dnnhs5tiycf3hsvwtnf err=HttpError('InvalidRequest: Could not find repo: did:plc:fv6n5dnnhs5tiycf3hsvwtnf')
2026-03-21T18:09:08Z WARNING bsky_collector_v2.job.index_feed_generators: listRecords failed repo=did:plc:j2agfxonk2v3g2gof5k3reer err=HttpError('InvalidRequest: Could not find repo: did:plc:j2agfxonk2v3g2gof5k3reer')
2026-03-21T18:09:08Z INFO bsky_collector_v2.job.index_feed_generators: enqueued repos page=24 mode=listRepos inserted=500 repos_returned=500 next_cursor=set
2026-03-21T18:09:27Z WARNING bsky_collector_v2.job.index_feed_generators: listRecords failed repo=did:plc:aqfi4s4t5txxubivchbefjvw err=HttpError('InvalidRequest: Could not find repo: did:plc:aqfi4s4t5txxubivchbefjvw')
2026-03-21T18:10:29Z WARNING bsky_collector_v2.job.index_feed_generators: listRecords failed repo=did:plc:vpcrhduyw7z6heglvxlq3x24 err=HttpError('InvalidRequest: Could not find repo: did:plc:vpcrhduyw7z6heglvxlq3x24')
2026-03-21T18:10:36Z WARNING bsky_collector_v2.job.index_feed_generators: listRecords failed repo=did:plc:xtsbolpj5eqwjbxwstg2xki4 err=HttpError('InvalidRequest: Could not find repo: did:plc:xtsbolpj5eqwjbxwstg2xki4')
2026-03-21T18:10:49Z WARNING bsky_collector_v2.job.index_feed_generators: listRecords failed repo=did:plc:aqfi4s4t5txxubivchbefjvw err=HttpError('InvalidRequest: Could not find repo: did:plc:aqfi4s4t5txxubivchbefjvw')
2026-03-21T18:10:49Z WARNING bsky_collector_v2.job.index_feed_generators: listRecords failed repo=did:plc:vpcrhduyw7z6heglvxlq3x24 err=HttpError('InvalidRequest: Could not find repo: did:plc:vpcrhduyw7z6heglvxlq3x24')
2026-03-21T18:10:50Z WARNING bsky_collector_v2.job.index_feed_generators: listRecords failed repo=did:plc:xtsbolpj5eqwjbxwstg2xki4 err=HttpError('InvalidRequest: Could not find repo: did:plc:xtsbolpj5eqwjbxwstg2xki4')
2026-03-21T18:10:50Z WARNING bsky_collector_v2.job.index_feed_generators: listRecords failed repo=did:plc:aqfi4s4t5txxubivchbefjvw err=HttpError('InvalidRequest: Could not find repo: did:plc:aqfi4s4t5txxubivchbefjvw')
2026-03-21T18:10:50Z WARNING bsky_collector_v2.job.index_feed_generators: listRecords failed repo=did:plc:vpcrhduyw7z6heglvxlq3x24 err=HttpError('InvalidRequest: Could not find repo: did:plc:vpcrhduyw7z6heglvxlq3x24')
2026-03-21T18:10:51Z WARNING bsky_collector_v2.job.index_feed_generators: listRecords failed repo=did:plc:xtsbolpj5eqwjbxwstg2xki4 err=HttpError('InvalidRequest: Could not find repo: did:plc:xtsbolpj5eqwjbxwstg2xki4')
2026-03-21T18:10:51Z INFO bsky_collector_v2.job.index_feed_generators: enqueued repos page=25 mode=listRepos inserted=500 repos_returned=500 next_cursor=set
2026-03-21T18:12:09Z WARNING bsky_collector_v2.job.index_feed_generators: listRecords failed repo=did:plc:v7dlx32ub3euclyfb74aq5q7 err=HttpError('InvalidRequest: Could not find repo: did:plc:v7dlx32ub3euclyfb74aq5q7')
2026-03-21T18:12:24Z WARNING bsky_collector_v2.job.index_feed_generators: listRecords failed repo=did:plc:zozgd4h7moxy4rrt7m5b5ojm err=HttpError('InvalidRequest: Could not find repo: did:plc:zozgd4h7moxy4rrt7m5b5ojm')
2026-03-21T18:12:26Z WARNING bsky_collector_v2.job.index_feed_generators: listRecords failed repo=did:plc:v7dlx32ub3euclyfb74aq5q7 err=HttpError('InvalidRequest: Could not find repo: did:plc:v7dlx32ub3euclyfb74aq5q7')
2026-03-21T18:12:26Z WARNING bsky_collector_v2.job.index_feed_generators: listRecords failed repo=did:plc:zozgd4h7moxy4rrt7m5b5ojm err=HttpError('InvalidRequest: Could not find repo: did:plc:zozgd4h7moxy4rrt7m5b5ojm')
2026-03-21T18:12:26Z WARNING bsky_collector_v2.job.index_feed_generators: listRecords failed repo=did:plc:v7dlx32ub3euclyfb74aq5q7 err=HttpError('InvalidRequest: Could not find repo: did:plc:v7dlx32ub3euclyfb74aq5q7')
2026-03-21T18:12:26Z WARNING bsky_collector_v2.job.index_feed_generators: listRecords failed repo=did:plc:zozgd4h7moxy4rrt7m5b5ojm err=HttpError('InvalidRequest: Could not find repo: did:plc:zozgd4h7moxy4rrt7m5b5ojm')
2026-03-21T18:12:26Z INFO bsky_collector_v2.job.index_feed_generators: enqueued repos page=26 mode=listRepos inserted=500 repos_returned=500 next_cursor=set
2026-03-21T18:13:10Z WARNING bsky_collector_v2.job.index_feed_generators: listRecords failed repo=did:plc:kp4hz4t2cmlde6nussahhnnn err=HttpError('InvalidRequest: Could not find repo: did:plc:kp4hz4t2cmlde6nussahhnnn')
2026-03-21T18:13:13Z WARNING bsky_collector_v2.job.index_feed_generators: listRecords failed repo=did:plc:lpjf2hm3ldufdx3hmb6ll5ba err=HttpError('InvalidRequest: Could not find repo: did:plc:lpjf2hm3ldufdx3hmb6ll5ba')
2026-03-21T18:13:46Z WARNING bsky_collector_v2.job.index_feed_generators: listRecords failed repo=did:plc:u2l5hnzsqcbjvkhoqddtzic3 err=HttpError('InvalidRequest: Could not find repo: did:plc:u2l5hnzsqcbjvkhoqddtzic3')
2026-03-21T18:13:55Z WARNING bsky_collector_v2.job.index_feed_generators: listRecords failed repo=did:plc:xmqmzit37tsu5j2aunmy52gw err=HttpError('InvalidRequest: Could not find repo: did:plc:xmqmzit37tsu5j2aunmy52gw')
2026-03-21T18:13:58Z WARNING bsky_collector_v2.job.index_feed_generators: listRecords failed repo=did:plc:z6r7qxh6reuq4p4rxezdohrw err=HttpError('InvalidRequest: Could not find repo: did:plc:z6r7qxh6reuq4p4rxezdohrw')
2026-03-21T18:14:00Z WARNING bsky_collector_v2.job.index_feed_generators: listRecords failed repo=did:plc:kp4hz4t2cmlde6nussahhnnn err=HttpError('InvalidRequest: Could not find repo: did:plc:kp4hz4t2cmlde6nussahhnnn')
2026-03-21T18:14:00Z WARNING bsky_collector_v2.job.index_feed_generators: listRecords failed repo=did:plc:lpjf2hm3ldufdx3hmb6ll5ba err=HttpError('InvalidRequest: Could not find repo: did:plc:lpjf2hm3ldufdx3hmb6ll5ba')
2026-03-21T18:14:00Z WARNING bsky_collector_v2.job.index_feed_generators: listRecords failed repo=did:plc:u2l5hnzsqcbjvkhoqddtzic3 err=HttpError('InvalidRequest: Could not find repo: did:plc:u2l5hnzsqcbjvkhoqddtzic3')
2026-03-21T18:14:00Z WARNING bsky_collector_v2.job.index_feed_generators: listRecords failed repo=did:plc:xmqmzit37tsu5j2aunmy52gw err=HttpError('InvalidRequest: Could not find repo: did:plc:xmqmzit37tsu5j2aunmy52gw')
2026-03-21T18:14:01Z WARNING bsky_collector_v2.job.index_feed_generators: listRecords failed repo=did:plc:z6r7qxh6reuq4p4rxezdohrw err=HttpError('InvalidRequest: Could not find repo: did:plc:z6r7qxh6reuq4p4rxezdohrw')
2026-03-21T18:14:01Z WARNING bsky_collector_v2.job.index_feed_generators: listRecords failed repo=did:plc:kp4hz4t2cmlde6nussahhnnn err=HttpError('InvalidRequest: Could not find repo: did:plc:kp4hz4t2cmlde6nussahhnnn')
2026-03-21T18:14:01Z WARNING bsky_collector_v2.job.index_feed_generators: listRecords failed repo=did:plc:lpjf2hm3ldufdx3hmb6ll5ba err=HttpError('InvalidRequest: Could not find repo: did:plc:lpjf2hm3ldufdx3hmb6ll5ba')
2026-03-21T18:14:01Z WARNING bsky_collector_v2.job.index_feed_generators: listRecords failed repo=did:plc:u2l5hnzsqcbjvkhoqddtzic3 err=HttpError('InvalidRequest: Could not find repo: did:plc:u2l5hnzsqcbjvkhoqddtzic3')
2026-03-21T18:14:01Z WARNING bsky_collector_v2.job.index_feed_generators: listRecords failed repo=did:plc:xmqmzit37tsu5j2aunmy52gw err=HttpError('InvalidRequest: Could not find repo: did:plc:xmqmzit37tsu5j2aunmy52gw')
2026-03-21T18:14:01Z WARNING bsky_collector_v2.job.index_feed_generators: listRecords failed repo=did:plc:z6r7qxh6reuq4p4rxezdohrw err=HttpError('InvalidRequest: Could not find repo: did:plc:z6r7qxh6reuq4p4rxezdohrw')
2026-03-21T18:14:02Z INFO bsky_collector_v2.job.index_feed_generators: enqueued repos page=27 mode=listRepos inserted=500 repos_returned=500 next_cursor=set
2026-03-21T18:14:29Z WARNING bsky_collector_v2.job.index_feed_generators: listRecords failed repo=did:plc:ae4ijhpsykbo2kakrdxucxnf err=HttpError('InvalidRequest: Could not find repo: did:plc:ae4ijhpsykbo2kakrdxucxnf')
2026-03-21T18:14:36Z WARNING bsky_collector_v2.job.index_feed_generators: listRecords failed repo=did:plc:ceujz5hiuelzea625i2m2ni3 err=HttpError('InvalidRequest: Could not find repo: did:plc:ceujz5hiuelzea625i2m2ni3')
2026-03-21T18:15:16Z WARNING bsky_collector_v2.job.index_feed_generators: listRecords failed repo=did:plc:sgo7zzlnts7w7fx3h4dvwbpc err=HttpError('InvalidRequest: Could not find repo: did:plc:sgo7zzlnts7w7fx3h4dvwbpc')
2026-03-21T18:15:23Z WARNING bsky_collector_v2.job.index_feed_generators: listRecords failed repo=did:plc:utqsoejrgbeaczfmiepczpax err=HttpError('InvalidRequest: Could not find repo: did:plc:utqsoejrgbeaczfmiepczpax')
2026-03-21T18:15:40Z WARNING bsky_collector_v2.job.index_feed_generators: listRecords failed repo=did:plc:ae4ijhpsykbo2kakrdxucxnf err=HttpError('InvalidRequest: Could not find repo: did:plc:ae4ijhpsykbo2kakrdxucxnf')
2026-03-21T18:15:40Z WARNING bsky_collector_v2.job.index_feed_generators: listRecords failed repo=did:plc:ceujz5hiuelzea625i2m2ni3 err=HttpError('InvalidRequest: Could not find repo: did:plc:ceujz5hiuelzea625i2m2ni3')
2026-03-21T18:15:40Z WARNING bsky_collector_v2.job.index_feed_generators: listRecords failed repo=did:plc:sgo7zzlnts7w7fx3h4dvwbpc err=HttpError('InvalidRequest: Could not find repo: did:plc:sgo7zzlnts7w7fx3h4dvwbpc')
2026-03-21T18:15:40Z WARNING bsky_collector_v2.job.index_feed_generators: listRecords failed repo=did:plc:utqsoejrgbeaczfmiepczpax err=HttpError('InvalidRequest: Could not find repo: did:plc:utqsoejrgbeaczfmiepczpax')
2026-03-21T18:15:40Z WARNING bsky_collector_v2.job.index_feed_generators: listRecords failed repo=did:plc:ae4ijhpsykbo2kakrdxucxnf err=HttpError('InvalidRequest: Could not find repo: did:plc:ae4ijhpsykbo2kakrdxucxnf')
2026-03-21T18:15:40Z WARNING bsky_collector_v2.job.index_feed_generators: listRecords failed repo=did:plc:ceujz5hiuelzea625i2m2ni3 err=HttpError('InvalidRequest: Could not find repo: did:plc:ceujz5hiuelzea625i2m2ni3')
2026-03-21T18:15:40Z WARNING bsky_collector_v2.job.index_feed_generators: listRecords failed repo=did:plc:sgo7zzlnts7w7fx3h4dvwbpc err=HttpError('InvalidRequest: Could not find repo: did:plc:sgo7zzlnts7w7fx3h4dvwbpc')
2026-03-21T18:15:41Z WARNING bsky_collector_v2.job.index_feed_generators: listRecords failed repo=did:plc:utqsoejrgbeaczfmiepczpax err=HttpError('InvalidRequest: Could not find repo: did:plc:utqsoejrgbeaczfmiepczpax')
2026-03-21T18:15:41Z INFO bsky_collector_v2.job.index_feed_generators: enqueued repos page=28 mode=listRepos inserted=500 repos_returned=500 next_cursor=set
2026-03-21T18:16:01Z WARNING bsky_collector_v2.job.index_feed_generators: listRecords failed repo=did:plc:aiy25kyd7eoeeyyk5lmccxld err=HttpError('InvalidRequest: Could not find repo: did:plc:aiy25kyd7eoeeyyk5lmccxld')
2026-03-21T18:16:06Z WARNING bsky_collector_v2.job.index_feed_generators: listRecords failed repo=did:plc:c5pr224wknmr5j425qmog3ay err=HttpError('InvalidRequest: Could not find repo: did:plc:c5pr224wknmr5j425qmog3ay')
2026-03-21T18:16:44Z WARNING bsky_collector_v2.job.index_feed_generators: listRecords failed repo=did:plc:rhanemwtycvmpaahrbehei74 err=HttpError('InvalidRequest: Could not find repo: did:plc:rhanemwtycvmpaahrbehei74')
2026-03-21T18:16:52Z WARNING bsky_collector_v2.job.index_feed_generators: listRecords failed repo=did:plc:vfgk4uomejfd3dzwhre4zbs7 err=HttpError('InvalidRequest: Could not find repo: did:plc:vfgk4uomejfd3dzwhre4zbs7')
2026-03-21T18:16:53Z WARNING bsky_collector_v2.job.index_feed_generators: listRecords failed repo=did:plc:vssmjjoqudd4ueynbk543zbw err=HttpError('InvalidRequest: Could not find repo: did:plc:vssmjjoqudd4ueynbk543zbw')
2026-03-21T18:16:53Z WARNING bsky_collector_v2.job.index_feed_generators: listRecords failed repo=did:plc:vwrnnqvv5jdbbkqjv3tvrfkh err=HttpError('InvalidRequest: Could not find repo: did:plc:vwrnnqvv5jdbbkqjv3tvrfkh')
2026-03-21T18:17:04Z WARNING bsky_collector_v2.job.index_feed_generators: listRecords failed repo=did:plc:aiy25kyd7eoeeyyk5lmccxld err=HttpError('InvalidRequest: Could not find repo: did:plc:aiy25kyd7eoeeyyk5lmccxld')
2026-03-21T18:17:04Z WARNING bsky_collector_v2.job.index_feed_generators: listRecords failed repo=did:plc:c5pr224wknmr5j425qmog3ay err=HttpError('InvalidRequest: Could not find repo: did:plc:c5pr224wknmr5j425qmog3ay')
2026-03-21T18:17:04Z WARNING bsky_collector_v2.job.index_feed_generators: listRecords failed repo=did:plc:rhanemwtycvmpaahrbehei74 err=HttpError('InvalidRequest: Could not find repo: did:plc:rhanemwtycvmpaahrbehei74')
2026-03-21T18:17:04Z WARNING bsky_collector_v2.job.index_feed_generators: listRecords failed repo=did:plc:vfgk4uomejfd3dzwhre4zbs7 err=HttpError('InvalidRequest: Could not find repo: did:plc:vfgk4uomejfd3dzwhre4zbs7')
2026-03-21T18:17:04Z WARNING bsky_collector_v2.job.index_feed_generators: listRecords failed repo=did:plc:vssmjjoqudd4ueynbk543zbw err=HttpError('InvalidRequest: Could not find repo: did:plc:vssmjjoqudd4ueynbk543zbw')
2026-03-21T18:17:04Z WARNING bsky_collector_v2.job.index_feed_generators: listRecords failed repo=did:plc:vwrnnqvv5jdbbkqjv3tvrfkh err=HttpError('InvalidRequest: Could not find repo: did:plc:vwrnnqvv5jdbbkqjv3tvrfkh')
2026-03-21T18:17:04Z WARNING bsky_collector_v2.job.index_feed_generators: listRecords failed repo=did:plc:aiy25kyd7eoeeyyk5lmccxld err=HttpError('InvalidRequest: Could not find repo: did:plc:aiy25kyd7eoeeyyk5lmccxld')
2026-03-21T18:17:05Z WARNING bsky_collector_v2.job.index_feed_generators: listRecords failed repo=did:plc:c5pr224wknmr5j425qmog3ay err=HttpError('InvalidRequest: Could not find repo: did:plc:c5pr224wknmr5j425qmog3ay')
2026-03-21T18:17:05Z WARNING bsky_collector_v2.job.index_feed_generators: listRecords failed repo=did:plc:rhanemwtycvmpaahrbehei74 err=HttpError('InvalidRequest: Could not find repo: did:plc:rhanemwtycvmpaahrbehei74')
2026-03-21T18:17:05Z WARNING bsky_collector_v2.job.index_feed_generators: listRecords failed repo=did:plc:vfgk4uomejfd3dzwhre4zbs7 err=HttpError('InvalidRequest: Could not find repo: did:plc:vfgk4uomejfd3dzwhre4zbs7')
2026-03-21T18:17:05Z WARNING bsky_collector_v2.job.index_feed_generators: listRecords failed repo=did:plc:vssmjjoqudd4ueynbk543zbw err=HttpError('InvalidRequest: Could not find repo: did:plc:vssmjjoqudd4ueynbk543zbw')
2026-03-21T18:17:05Z WARNING bsky_collector_v2.job.index_feed_generators: listRecords failed repo=did:plc:vwrnnqvv5jdbbkqjv3tvrfkh err=HttpError('InvalidRequest: Could not find repo: did:plc:vwrnnqvv5jdbbkqjv3tvrfkh')
2026-03-21T18:17:05Z INFO bsky_collector_v2.job.index_feed_generators: enqueued repos page=29 mode=listRepos inserted=500 repos_returned=500 next_cursor=set
2026-03-21T18:17:13Z WARNING bsky_collector_v2.job.index_feed_generators: listRecords failed repo=did:plc:5b4onngrcfjdmfwvllczicdp err=HttpError('InvalidRequest: Could not find repo: did:plc:5b4onngrcfjdmfwvllczicdp')
2026-03-21T18:17:29Z WARNING bsky_collector_v2.job.index_feed_generators: listRecords failed repo=did:plc:d52oulif7ba57s2qyaxp37us err=HttpError('InvalidRequest: Could not find repo: did:plc:d52oulif7ba57s2qyaxp37us')
2026-03-21T18:17:31Z WARNING bsky_collector_v2.job.index_feed_generators: listRecords failed repo=did:plc:e6o6jemcrmxue6w5fdhjhyif err=HttpError('InvalidRequest: Could not find repo: did:plc:e6o6jemcrmxue6w5fdhjhyif')
2026-03-21T18:18:20Z WARNING bsky_collector_v2.job.index_feed_generators: listRecords failed repo=did:plc:uw534tfktnyq5i3qdo66qmh2 err=HttpError('InvalidRequest: Could not find repo: did:plc:uw534tfktnyq5i3qdo66qmh2')
2026-03-21T18:18:33Z WARNING bsky_collector_v2.job.index_feed_generators: listRecords failed repo=did:plc:5b4onngrcfjdmfwvllczicdp err=HttpError('InvalidRequest: Could not find repo: did:plc:5b4onngrcfjdmfwvllczicdp')
2026-03-21T18:18:33Z WARNING bsky_collector_v2.job.index_feed_generators: listRecords failed repo=did:plc:d52oulif7ba57s2qyaxp37us err=HttpError('InvalidRequest: Could not find repo: did:plc:d52oulif7ba57s2qyaxp37us')
2026-03-21T18:18:33Z WARNING bsky_collector_v2.job.index_feed_generators: listRecords failed repo=did:plc:e6o6jemcrmxue6w5fdhjhyif err=HttpError('InvalidRequest: Could not find repo: did:plc:e6o6jemcrmxue6w5fdhjhyif')
2026-03-21T18:18:33Z WARNING bsky_collector_v2.job.index_feed_generators: listRecords failed repo=did:plc:uw534tfktnyq5i3qdo66qmh2 err=HttpError('InvalidRequest: Could not find repo: did:plc:uw534tfktnyq5i3qdo66qmh2')
2026-03-21T18:18:33Z WARNING bsky_collector_v2.job.index_feed_generators: listRecords failed repo=did:plc:5b4onngrcfjdmfwvllczicdp err=HttpError('InvalidRequest: Could not find repo: did:plc:5b4onngrcfjdmfwvllczicdp')
2026-03-21T18:18:33Z WARNING bsky_collector_v2.job.index_feed_generators: listRecords failed repo=did:plc:d52oulif7ba57s2qyaxp37us err=HttpError('InvalidRequest: Could not find repo: did:plc:d52oulif7ba57s2qyaxp37us')
2026-03-21T18:18:33Z WARNING bsky_collector_v2.job.index_feed_generators: listRecords failed repo=did:plc:e6o6jemcrmxue6w5fdhjhyif err=HttpError('InvalidRequest: Could not find repo: did:plc:e6o6jemcrmxue6w5fdhjhyif')
2026-03-21T18:18:33Z WARNING bsky_collector_v2.job.index_feed_generators: listRecords failed repo=did:plc:uw534tfktnyq5i3qdo66qmh2 err=HttpError('InvalidRequest: Could not find repo: did:plc:uw534tfktnyq5i3qdo66qmh2')
2026-03-21T18:18:34Z INFO bsky_collector_v2.job.index_feed_generators: enqueued repos page=30 mode=listRepos inserted=500 repos_returned=500 next_cursor=set
2026-03-21T18:19:25Z WARNING bsky_collector_v2.job.index_feed_generators: listRecords failed repo=did:plc:lzehmswqlpax5kw7mvl65imx err=HttpError('InvalidRequest: Could not find repo: did:plc:lzehmswqlpax5kw7mvl65imx')
2026-03-21T18:19:46Z WARNING bsky_collector_v2.job.index_feed_generators: listRecords failed repo=did:plc:uvsnywclsoqb3tudrkvbgxwm err=HttpError('InvalidRequest: Could not find repo: did:plc:uvsnywclsoqb3tudrkvbgxwm')
2026-03-21T18:19:48Z WARNING bsky_collector_v2.job.index_feed_generators: listRecords failed repo=did:plc:vzfgz2pr43nukmsjiaxa5smi err=HttpError('InvalidRequest: Could not find repo: did:plc:vzfgz2pr43nukmsjiaxa5smi')
2026-03-21T18:20:00Z WARNING bsky_collector_v2.job.index_feed_generators: listRecords failed repo=did:plc:lzehmswqlpax5kw7mvl65imx err=HttpError('InvalidRequest: Could not find repo: did:plc:lzehmswqlpax5kw7mvl65imx')
2026-03-21T18:20:00Z WARNING bsky_collector_v2.job.index_feed_generators: listRecords failed repo=did:plc:uvsnywclsoqb3tudrkvbgxwm err=HttpError('InvalidRequest: Could not find repo: did:plc:uvsnywclsoqb3tudrkvbgxwm')
2026-03-21T18:20:00Z WARNING bsky_collector_v2.job.index_feed_generators: listRecords failed repo=did:plc:vzfgz2pr43nukmsjiaxa5smi err=HttpError('InvalidRequest: Could not find repo: did:plc:vzfgz2pr43nukmsjiaxa5smi')
2026-03-21T18:20:00Z WARNING bsky_collector_v2.job.index_feed_generators: listRecords failed repo=did:plc:lzehmswqlpax5kw7mvl65imx err=HttpError('InvalidRequest: Could not find repo: did:plc:lzehmswqlpax5kw7mvl65imx')
2026-03-21T18:20:00Z WARNING bsky_collector_v2.job.index_feed_generators: listRecords failed repo=did:plc:uvsnywclsoqb3tudrkvbgxwm err=HttpError('InvalidRequest: Could not find repo: did:plc:uvsnywclsoqb3tudrkvbgxwm')
2026-03-21T18:20:00Z WARNING bsky_collector_v2.job.index_feed_generators: listRecords failed repo=did:plc:vzfgz2pr43nukmsjiaxa5smi err=HttpError('InvalidRequest: Could not find repo: did:plc:vzfgz2pr43nukmsjiaxa5smi')
2026-03-21T18:20:01Z INFO bsky_collector_v2.job.index_feed_generators: enqueued repos page=31 mode=listRepos inserted=500 repos_returned=500 next_cursor=set
2026-03-21T18:21:22Z WARNING bsky_collector_v2.job.index_feed_generators: listRecords failed repo=did:plc:uliaykmxc72vgybbwwkvpetv err=HttpError('InvalidRequest: Could not find repo: did:plc:uliaykmxc72vgybbwwkvpetv')
2026-03-21T18:21:28Z WARNING bsky_collector_v2.job.index_feed_generators: listRecords failed repo=did:plc:w46f56aiylnz4tihntpdzvtm err=HttpError('InvalidRequest: Could not find repo: did:plc:w46f56aiylnz4tihntpdzvtm')
2026-03-21T18:21:32Z WARNING bsky_collector_v2.job.index_feed_generators: listRecords failed repo=did:plc:xsmjaibwlv7yofjp3lbe724d err=HttpError('InvalidRequest: Could not find repo: did:plc:xsmjaibwlv7yofjp3lbe724d')
2026-03-21T18:21:38Z WARNING bsky_collector_v2.job.index_feed_generators: listRecords failed repo=did:plc:uliaykmxc72vgybbwwkvpetv err=HttpError('InvalidRequest: Could not find repo: did:plc:uliaykmxc72vgybbwwkvpetv')
2026-03-21T18:21:38Z WARNING bsky_collector_v2.job.index_feed_generators: listRecords failed repo=did:plc:w46f56aiylnz4tihntpdzvtm err=HttpError('InvalidRequest: Could not find repo: did:plc:w46f56aiylnz4tihntpdzvtm')
2026-03-21T18:21:38Z WARNING bsky_collector_v2.job.index_feed_generators: listRecords failed repo=did:plc:xsmjaibwlv7yofjp3lbe724d err=HttpError('InvalidRequest: Could not find repo: did:plc:xsmjaibwlv7yofjp3lbe724d')
2026-03-21T18:21:38Z WARNING bsky_collector_v2.job.index_feed_generators: listRecords failed repo=did:plc:uliaykmxc72vgybbwwkvpetv err=HttpError('InvalidRequest: Could not find repo: did:plc:uliaykmxc72vgybbwwkvpetv')
2026-03-21T18:21:38Z WARNING bsky_collector_v2.job.index_feed_generators: listRecords failed repo=did:plc:w46f56aiylnz4tihntpdzvtm err=HttpError('InvalidRequest: Could not find repo: did:plc:w46f56aiylnz4tihntpdzvtm')
2026-03-21T18:21:38Z WARNING bsky_collector_v2.job.index_feed_generators: listRecords failed repo=did:plc:xsmjaibwlv7yofjp3lbe724d err=HttpError('InvalidRequest: Could not find repo: did:plc:xsmjaibwlv7yofjp3lbe724d')
2026-03-21T18:21:39Z INFO bsky_collector_v2.job.index_feed_generators: enqueued repos page=32 mode=listRepos inserted=500 repos_returned=500 next_cursor=set
2026-03-21T18:21:52Z WARNING bsky_collector_v2.job.index_feed_generators: listRecords failed repo=did:plc:6vqkudyje7fafigqmcrnwpwm err=HttpError('InvalidRequest: Could not find repo: did:plc:6vqkudyje7fafigqmcrnwpwm')
2026-03-21T18:21:53Z WARNING bsky_collector_v2.job.index_feed_generators: listRecords failed repo=did:plc:74cpzu33qlmnqol4cos5xihc err=HttpError('InvalidRequest: Could not find repo: did:plc:74cpzu33qlmnqol4cos5xihc')
2026-03-21T18:22:01Z INFO bsky_collector_v2.job.index_feed_generators: indexed repo=did:plc:c3qvg6rbv3r7f5ge5xpxzwjm part=173 records=1 next_cursor=set
2026-03-21T18:22:45Z WARNING bsky_collector_v2.job.index_feed_generators: listRecords failed repo=did:plc:r3pukr2n2hcxryctizbyykss err=HttpError('InvalidRequest: Could not find repo: did:plc:r3pukr2n2hcxryctizbyykss')
2026-03-21T18:22:59Z WARNING bsky_collector_v2.job.index_feed_generators: listRecords failed repo=did:plc:v6ksg2m2o4vbaicraxjepndu err=HttpError('InvalidRequest: Could not find repo: did:plc:v6ksg2m2o4vbaicraxjepndu')
2026-03-21T18:23:11Z WARNING bsky_collector_v2.job.index_feed_generators: listRecords failed repo=did:plc:zekel6q6aannfapbo3lycphw err=HttpError('InvalidRequest: Could not find repo: did:plc:zekel6q6aannfapbo3lycphw')
2026-03-21T18:23:13Z WARNING bsky_collector_v2.job.index_feed_generators: listRecords failed repo=did:plc:6vqkudyje7fafigqmcrnwpwm err=HttpError('InvalidRequest: Could not find repo: did:plc:6vqkudyje7fafigqmcrnwpwm')
2026-03-21T18:23:13Z WARNING bsky_collector_v2.job.index_feed_generators: listRecords failed repo=did:plc:74cpzu33qlmnqol4cos5xihc err=HttpError('InvalidRequest: Could not find repo: did:plc:74cpzu33qlmnqol4cos5xihc')
2026-03-21T18:23:13Z WARNING bsky_collector_v2.job.index_feed_generators: listRecords failed repo=did:plc:r3pukr2n2hcxryctizbyykss err=HttpError('InvalidRequest: Could not find repo: did:plc:r3pukr2n2hcxryctizbyykss')
2026-03-21T18:23:13Z WARNING bsky_collector_v2.job.index_feed_generators: listRecords failed repo=did:plc:v6ksg2m2o4vbaicraxjepndu err=HttpError('InvalidRequest: Could not find repo: did:plc:v6ksg2m2o4vbaicraxjepndu')
2026-03-21T18:23:13Z WARNING bsky_collector_v2.job.index_feed_generators: listRecords failed repo=did:plc:zekel6q6aannfapbo3lycphw err=HttpError('InvalidRequest: Could not find repo: did:plc:zekel6q6aannfapbo3lycphw')
2026-03-21T18:23:13Z WARNING bsky_collector_v2.job.index_feed_generators: listRecords failed repo=did:plc:6vqkudyje7fafigqmcrnwpwm err=HttpError('InvalidRequest: Could not find repo: did:plc:6vqkudyje7fafigqmcrnwpwm')
2026-03-21T18:23:13Z WARNING bsky_collector_v2.job.index_feed_generators: listRecords failed repo=did:plc:74cpzu33qlmnqol4cos5xihc err=HttpError('InvalidRequest: Could not find repo: did:plc:74cpzu33qlmnqol4cos5xihc')
2026-03-21T18:23:13Z WARNING bsky_collector_v2.job.index_feed_generators: listRecords failed repo=did:plc:r3pukr2n2hcxryctizbyykss err=HttpError('InvalidRequest: Could not find repo: did:plc:r3pukr2n2hcxryctizbyykss')
2026-03-21T18:23:13Z WARNING bsky_collector_v2.job.index_feed_generators: listRecords failed repo=did:plc:v6ksg2m2o4vbaicraxjepndu err=HttpError('InvalidRequest: Could not find repo: did:plc:v6ksg2m2o4vbaicraxjepndu')
2026-03-21T18:23:13Z WARNING bsky_collector_v2.job.index_feed_generators: listRecords failed repo=did:plc:zekel6q6aannfapbo3lycphw err=HttpError('InvalidRequest: Could not find repo: did:plc:zekel6q6aannfapbo3lycphw')
2026-03-21T18:23:14Z INFO bsky_collector_v2.job.index_feed_generators: enqueued repos page=33 mode=listRepos inserted=500 repos_returned=500 next_cursor=set
2026-03-21T18:23:38Z WARNING bsky_collector_v2.job.index_feed_generators: listRecords failed repo=did:plc:b5lacnibst2euz5f6alyjygf err=HttpError('InvalidRequest: Could not find repo: did:plc:b5lacnibst2euz5f6alyjygf')
2026-03-21T18:23:55Z WARNING bsky_collector_v2.job.index_feed_generators: listRecords failed repo=did:plc:hhgrcwh2ghwwyjmu4ikzbt5g err=HttpError('InvalidRequest: Could not find repo: did:plc:hhgrcwh2ghwwyjmu4ikzbt5g')
2026-03-21T18:24:02Z WARNING bsky_collector_v2.job.index_feed_generators: listRecords failed repo=did:plc:k46hifakfzfu34yukoddwtzp err=HttpError('InvalidRequest: Could not find repo: did:plc:k46hifakfzfu34yukoddwtzp')
2026-03-21T18:24:07Z WARNING bsky_collector_v2.job.index_feed_generators: listRecords failed repo=did:plc:mtfuzsq2bqrtwqf3mm4pk6wk err=HttpError('InvalidRequest: Could not find repo: did:plc:mtfuzsq2bqrtwqf3mm4pk6wk')
2026-03-21T18:24:13Z WARNING bsky_collector_v2.job.index_feed_generators: listRecords failed repo=did:plc:of3kklzsh4ondc2grxkpaijg err=HttpError('InvalidRequest: Could not find repo: did:plc:of3kklzsh4ondc2grxkpaijg')
2026-03-21T18:24:45Z WARNING bsky_collector_v2.job.index_feed_generators: listRecords failed repo=did:plc:b5lacnibst2euz5f6alyjygf err=HttpError('InvalidRequest: Could not find repo: did:plc:b5lacnibst2euz5f6alyjygf')
2026-03-21T18:24:45Z WARNING bsky_collector_v2.job.index_feed_generators: listRecords failed repo=did:plc:hhgrcwh2ghwwyjmu4ikzbt5g err=HttpError('InvalidRequest: Could not find repo: did:plc:hhgrcwh2ghwwyjmu4ikzbt5g')
2026-03-21T18:24:45Z WARNING bsky_collector_v2.job.index_feed_generators: listRecords failed repo=did:plc:k46hifakfzfu34yukoddwtzp err=HttpError('InvalidRequest: Could not find repo: did:plc:k46hifakfzfu34yukoddwtzp')
2026-03-21T18:24:45Z WARNING bsky_collector_v2.job.index_feed_generators: listRecords failed repo=did:plc:mtfuzsq2bqrtwqf3mm4pk6wk err=HttpError('InvalidRequest: Could not find repo: did:plc:mtfuzsq2bqrtwqf3mm4pk6wk')
2026-03-21T18:24:45Z WARNING bsky_collector_v2.job.index_feed_generators: listRecords failed repo=did:plc:of3kklzsh4ondc2grxkpaijg err=HttpError('InvalidRequest: Could not find repo: did:plc:of3kklzsh4ondc2grxkpaijg')
2026-03-21T18:24:45Z WARNING bsky_collector_v2.job.index_feed_generators: listRecords failed repo=did:plc:b5lacnibst2euz5f6alyjygf err=HttpError('InvalidRequest: Could not find repo: did:plc:b5lacnibst2euz5f6alyjygf')
2026-03-21T18:24:45Z WARNING bsky_collector_v2.job.index_feed_generators: listRecords failed repo=did:plc:hhgrcwh2ghwwyjmu4ikzbt5g err=HttpError('InvalidRequest: Could not find repo: did:plc:hhgrcwh2ghwwyjmu4ikzbt5g')
2026-03-21T18:24:45Z WARNING bsky_collector_v2.job.index_feed_generators: listRecords failed repo=did:plc:k46hifakfzfu34yukoddwtzp err=HttpError('InvalidRequest: Could not find repo: did:plc:k46hifakfzfu34yukoddwtzp')
2026-03-21T18:24:45Z WARNING bsky_collector_v2.job.index_feed_generators: listRecords failed repo=did:plc:mtfuzsq2bqrtwqf3mm4pk6wk err=HttpError('InvalidRequest: Could not find repo: did:plc:mtfuzsq2bqrtwqf3mm4pk6wk')
2026-03-21T18:24:45Z WARNING bsky_collector_v2.job.index_feed_generators: listRecords failed repo=did:plc:of3kklzsh4ondc2grxkpaijg err=HttpError('InvalidRequest: Could not find repo: did:plc:of3kklzsh4ondc2grxkpaijg')
2026-03-21T18:24:46Z INFO bsky_collector_v2.job.index_feed_generators: enqueued repos page=34 mode=listRepos inserted=500 repos_returned=500 next_cursor=set
2026-03-21T18:24:55Z WARNING bsky_collector_v2.job.index_feed_generators: listRecords failed repo=did:plc:5ccrnczswxplofimhcvvgors err=HttpError('InvalidRequest: Could not find repo: did:plc:5ccrnczswxplofimhcvvgors')
2026-03-21T18:25:33Z WARNING bsky_collector_v2.job.index_feed_generators: listRecords failed repo=did:plc:mkqkcbgcxyvjk3rm6hvkqc66 err=HttpError('InvalidRequest: Could not find repo: did:plc:mkqkcbgcxyvjk3rm6hvkqc66')
