2026-03-26T10:36:39Z INFO bsky_collector_v2: out_base ok path=/Volumes/T9/BlueSky/data_v2_full mount=/Volumes/T9
2026-03-26T10:36:39Z INFO bsky_collector_v2: job start subcommand=index-feed-generators dry_run=False resume=True
2026-03-26T10:36:39Z INFO bsky_collector_v2.job.index_feed_generators: feed generator index hosts relay_host=https://bsky.network records_host=https://bsky.social auth=yes
2026-03-26T10:36:59Z WARNING bsky_collector_v2.job.index_feed_generators: listRecords failed repo=did:plc:cj252q27drlcfdx5g5wj73nw err=HttpError('InvalidRequest: Could not find repo: did:plc:cj252q27drlcfdx5g5wj73nw')
2026-03-26T10:38:16Z WARNING bsky_collector_v2.job.index_feed_generators: listRecords failed repo=did:plc:cj252q27drlcfdx5g5wj73nw err=HttpError('InvalidRequest: Could not find repo: did:plc:cj252q27drlcfdx5g5wj73nw')
2026-03-26T10:38:16Z WARNING bsky_collector_v2.job.index_feed_generators: listRecords failed repo=did:plc:cj252q27drlcfdx5g5wj73nw err=HttpError('InvalidRequest: Could not find repo: did:plc:cj252q27drlcfdx5g5wj73nw')
2026-03-26T10:38:16Z INFO bsky_collector_v2.job.index_feed_generators: enqueued repos page=1 mode=listRepos inserted=500 repos_returned=500 next_cursor=set
2026-03-26T10:40:03Z INFO bsky_collector_v2.job.index_feed_generators: enqueued repos page=2 mode=listRepos inserted=500 repos_returned=500 next_cursor=set
2026-03-26T10:40:03Z WARNING bsky_collector_v2.job.index_feed_generators: listRecords failed repo=did:plc:23hzxjptkm3crdblb3dk4txt err=HttpError('InvalidRequest: Could not find repo: did:plc:23hzxjptkm3crdblb3dk4txt')
2026-03-26T10:40:04Z WARNING bsky_collector_v2.job.index_feed_generators: listRecords failed repo=did:plc:27ynjnbos35i76bn7am3hgdq err=HttpError('InvalidRequest: Could not find repo: did:plc:27ynjnbos35i76bn7am3hgdq')
2026-03-26T10:40:04Z WARNING bsky_collector_v2.job.index_feed_generators: listRecords failed repo=did:plc:2cacvtlmhh6kp4yk45zqeklm err=HttpError('InvalidRequest: Could not find repo: did:plc:2cacvtlmhh6kp4yk45zqeklm')
2026-03-26T10:40:05Z WARNING bsky_collector_v2.job.index_feed_generators: listRecords failed repo=did:plc:2r3cyymjww753bjgtvsp6zgr err=HttpError('InvalidRequest: Could not find repo: did:plc:2r3cyymjww753bjgtvsp6zgr')
2026-03-26T10:40:09Z WARNING bsky_collector_v2.job.index_feed_generators: listRecords failed repo=did:plc:45ebpeyr667xb7wr44ydfinv err=HttpError('InvalidRequest: Could not find repo: did:plc:45ebpeyr667xb7wr44ydfinv')
2026-03-26T10:40:10Z WARNING bsky_collector_v2.job.index_feed_generators: listRecords failed repo=did:plc:4g2zo4lh5c5awydchk2mmmt2 err=HttpError('InvalidRequest: Could not find repo: did:plc:4g2zo4lh5c5awydchk2mmmt2')
2026-03-26T10:40:12Z WARNING bsky_collector_v2.job.index_feed_generators: listRecords failed repo=did:plc:4xocz2hvqe2dmqfykv46m6po err=HttpError('InvalidRequest: Could not find repo: did:plc:4xocz2hvqe2dmqfykv46m6po')
2026-03-26T10:40:13Z WARNING bsky_collector_v2.job.index_feed_generators: listRecords failed repo=did:plc:56f6ovcm6d2hg6cbv6nzs7bt err=HttpError('InvalidRequest: Could not find repo: did:plc:56f6ovcm6d2hg6cbv6nzs7bt')
2026-03-26T10:40:14Z WARNING bsky_collector_v2.job.index_feed_generators: listRecords failed repo=did:plc:5pie5noj5urnkww2qaiewbxv err=HttpError('InvalidRequest: Could not find repo: did:plc:5pie5noj5urnkww2qaiewbxv')
2026-03-26T10:40:14Z WARNING bsky_collector_v2.job.index_feed_generators: listRecords failed repo=did:plc:5t3y22t5r2asbdkhnujroekl err=HttpError('InvalidRequest: Could not find repo: did:plc:5t3y22t5r2asbdkhnujroekl')
2026-03-26T10:40:15Z WARNING bsky_collector_v2.job.index_feed_generators: listRecords failed repo=did:plc:62w33ubpr2gfgs4i7ftfu2y7 err=HttpError('InvalidRequest: Could not find repo: did:plc:62w33ubpr2gfgs4i7ftfu2y7')
2026-03-26T10:40:21Z WARNING bsky_collector_v2.job.index_feed_generators: listRecords failed repo=did:plc:alsqcae5zuuzsjouhhkody7a err=HttpError('InvalidRequest: Could not find repo: did:plc:alsqcae5zuuzsjouhhkody7a')
2026-03-26T10:40:26Z WARNING bsky_collector_v2.job.index_feed_generators: listRecords failed repo=did:plc:chjitv6zy6camemmmnoqthku err=HttpError('InvalidRequest: Could not find repo: did:plc:chjitv6zy6camemmmnoqthku')
2026-03-26T10:40:30Z WARNING bsky_collector_v2.job.index_feed_generators: listRecords failed repo=did:plc:ed3hezmcpdoucrebhssktxqe err=HttpError('InvalidRequest: Could not find repo: did:plc:ed3hezmcpdoucrebhssktxqe')
2026-03-26T10:40:35Z WARNING bsky_collector_v2.job.index_feed_generators: listRecords failed repo=did:plc:fxsqqlervvoqxoprf77ezepq err=HttpError('InvalidRequest: Could not find repo: did:plc:fxsqqlervvoqxoprf77ezepq')
2026-03-26T10:40:35Z WARNING bsky_collector_v2.job.index_feed_generators: listRecords failed repo=did:plc:fzoiv3vrkxcwyexutd4aprtc err=HttpError('InvalidRequest: Could not find repo: did:plc:fzoiv3vrkxcwyexutd4aprtc')
2026-03-26T10:40:36Z WARNING bsky_collector_v2.job.index_feed_generators: listRecords failed repo=did:plc:g5xplyiljeiwpzqqswvfj6rg err=HttpError('InvalidRequest: Could not find repo: did:plc:g5xplyiljeiwpzqqswvfj6rg')
2026-03-26T10:40:39Z WARNING bsky_collector_v2.job.index_feed_generators: listRecords failed repo=did:plc:htjyxpochbydw2gprsqdk2up err=HttpError('InvalidRequest: Could not find repo: did:plc:htjyxpochbydw2gprsqdk2up')
2026-03-26T10:40:39Z WARNING bsky_collector_v2.job.index_feed_generators: listRecords failed repo=did:plc:hz5mbpi2rajj4voc6l3eijtr err=HttpError('InvalidRequest: Could not find repo: did:plc:hz5mbpi2rajj4voc6l3eijtr')
2026-03-26T10:40:39Z WARNING bsky_collector_v2.job.index_feed_generators: listRecords failed repo=did:plc:i5fg5jf4qwdntdphrzpbgj2z err=HttpError('InvalidRequest: Could not find repo: did:plc:i5fg5jf4qwdntdphrzpbgj2z')
2026-03-26T10:40:40Z WARNING bsky_collector_v2.job.index_feed_generators: listRecords failed repo=did:plc:in22duuax64zuldjotqceqfe err=HttpError('InvalidRequest: Could not find repo: did:plc:in22duuax64zuldjotqceqfe')
2026-03-26T10:40:41Z WARNING bsky_collector_v2.job.index_feed_generators: listRecords failed repo=did:plc:jhdz4x3g6edchiohycg23zwa err=HttpError('InvalidRequest: Could not find repo: did:plc:jhdz4x3g6edchiohycg23zwa')
2026-03-26T10:40:42Z WARNING bsky_collector_v2.job.index_feed_generators: listRecords failed repo=did:plc:jkq2mgrpswhuhlhat57cknws err=HttpError('InvalidRequest: Could not find repo: did:plc:jkq2mgrpswhuhlhat57cknws')
2026-03-26T10:40:44Z WARNING bsky_collector_v2.job.index_feed_generators: listRecords failed repo=did:plc:kbjj24sgnksd7rve5uoqz5mz err=HttpError('InvalidRequest: Could not find repo: did:plc:kbjj24sgnksd7rve5uoqz5mz')
2026-03-26T10:40:46Z WARNING bsky_collector_v2.job.index_feed_generators: listRecords failed repo=did:plc:l77ma5u4z5ba5oc2aa5hggqd err=HttpError('InvalidRequest: Could not find repo: did:plc:l77ma5u4z5ba5oc2aa5hggqd')
2026-03-26T10:40:52Z WARNING bsky_collector_v2.job.index_feed_generators: listRecords failed repo=did:plc:nkyxxnyrwidor6es4dpibri2 err=HttpError('InvalidRequest: Could not find repo: did:plc:nkyxxnyrwidor6es4dpibri2')
2026-03-26T10:40:52Z WARNING bsky_collector_v2.job.index_feed_generators: listRecords failed repo=did:plc:nnfyam2hmzdn4nneapuoalhz err=HttpError('InvalidRequest: Could not find repo: did:plc:nnfyam2hmzdn4nneapuoalhz')
2026-03-26T10:40:55Z WARNING bsky_collector_v2.job.index_feed_generators: listRecords failed repo=did:plc:p2nfs6rxphung5fhe5mtrnyf err=HttpError('InvalidRequest: Could not find repo: did:plc:p2nfs6rxphung5fhe5mtrnyf')
2026-03-26T10:40:56Z WARNING bsky_collector_v2.job.index_feed_generators: listRecords failed repo=did:plc:pgcgxp22ajr7fkrrqogsxp2y err=HttpError('InvalidRequest: Could not find repo: did:plc:pgcgxp22ajr7fkrrqogsxp2y')
2026-03-26T10:40:59Z WARNING bsky_collector_v2.job.index_feed_generators: listRecords failed repo=did:plc:qaqshktryzujlrxklog6nsw2 err=HttpError('InvalidRequest: Could not find repo: did:plc:qaqshktryzujlrxklog6nsw2')
2026-03-26T10:40:59Z WARNING bsky_collector_v2.job.index_feed_generators: listRecords failed repo=did:plc:qmcvkhpfla6u7e23sje7grvi err=HttpError('InvalidRequest: Could not find repo: did:plc:qmcvkhpfla6u7e23sje7grvi')
2026-03-26T10:41:02Z WARNING bsky_collector_v2.job.index_feed_generators: listRecords failed repo=did:plc:r3zxf7c3judqev4kscewmsu5 err=HttpError('InvalidRequest: Could not find repo: did:plc:r3zxf7c3judqev4kscewmsu5')
2026-03-26T10:41:02Z WARNING bsky_collector_v2.job.index_feed_generators: listRecords failed repo=did:plc:reznfvsgccdvdxcmpusesrh5 err=HttpError('InvalidRequest: Could not find repo: did:plc:reznfvsgccdvdxcmpusesrh5')
2026-03-26T10:41:06Z WARNING bsky_collector_v2.job.index_feed_generators: listRecords failed repo=did:plc:sku6dnv4fudvxhlqkstxfmkq err=HttpError('InvalidRequest: Could not find repo: did:plc:sku6dnv4fudvxhlqkstxfmkq')
2026-03-26T10:41:06Z WARNING bsky_collector_v2.job.index_feed_generators: listRecords failed repo=did:plc:srx2s2ynols356lg56g2byct err=HttpError('InvalidRequest: Could not find repo: did:plc:srx2s2ynols356lg56g2byct')
2026-03-26T10:41:06Z WARNING bsky_collector_v2.job.index_feed_generators: listRecords failed repo=did:plc:swpssqwlky5q5pebrlrgoxp6 err=HttpError('InvalidRequest: Could not find repo: did:plc:swpssqwlky5q5pebrlrgoxp6')
2026-03-26T10:41:07Z WARNING bsky_collector_v2.job.index_feed_generators: listRecords failed repo=did:plc:t76zhstjhqzbqujcfx4bvfz3 err=HttpError('InvalidRequest: Could not find repo: did:plc:t76zhstjhqzbqujcfx4bvfz3')
2026-03-26T10:41:09Z WARNING bsky_collector_v2.job.index_feed_generators: listRecords failed repo=did:plc:tthltgiyj2qguzaz64tby2qe err=HttpError('InvalidRequest: Could not find repo: did:plc:tthltgiyj2qguzaz64tby2qe')
2026-03-26T10:41:09Z WARNING bsky_collector_v2.job.index_feed_generators: listRecords failed repo=did:plc:txgziegfmvjyvylzlylxhbo7 err=HttpError('InvalidRequest: Could not find repo: did:plc:txgziegfmvjyvylzlylxhbo7')
2026-03-26T10:41:09Z WARNING bsky_collector_v2.job.index_feed_generators: listRecords failed repo=did:plc:u7ffgmu5yvsqbhws4xuw4sr3 err=HttpError('InvalidRequest: Could not find repo: did:plc:u7ffgmu5yvsqbhws4xuw4sr3')
2026-03-26T10:41:11Z WARNING bsky_collector_v2.job.index_feed_generators: listRecords failed repo=did:plc:uyvtvojjrzxtsperrhnd3uas err=HttpError('InvalidRequest: Could not find repo: did:plc:uyvtvojjrzxtsperrhnd3uas')
2026-03-26T10:41:13Z WARNING bsky_collector_v2.job.index_feed_generators: listRecords failed repo=did:plc:vl7q45qpyqeo3l4lbznojuqg err=HttpError('InvalidRequest: Could not find repo: did:plc:vl7q45qpyqeo3l4lbznojuqg')
2026-03-26T10:41:14Z WARNING bsky_collector_v2.job.index_feed_generators: listRecords failed repo=did:plc:vzwxydbnqygisw42xlddrqfz err=HttpError('InvalidRequest: Could not find repo: did:plc:vzwxydbnqygisw42xlddrqfz')
2026-03-26T10:41:20Z WARNING bsky_collector_v2.job.index_feed_generators: listRecords failed repo=did:plc:ye7wgeuqxiivnbw7xmqvuof3 err=HttpError('InvalidRequest: Could not find repo: did:plc:ye7wgeuqxiivnbw7xmqvuof3')
2026-03-26T10:41:21Z WARNING bsky_collector_v2.job.index_feed_generators: listRecords failed repo=did:plc:ze5rop3x5e3hy6swcyqw6yeg err=HttpError('InvalidRequest: Could not find repo: did:plc:ze5rop3x5e3hy6swcyqw6yeg')
2026-03-26T10:41:22Z WARNING bsky_collector_v2.job.index_feed_generators: listRecords failed repo=did:plc:zpgbul3vwwe2dx5kntaa7b5y err=HttpError('InvalidRequest: Could not find repo: did:plc:zpgbul3vwwe2dx5kntaa7b5y')
2026-03-26T10:41:23Z WARNING bsky_collector_v2.job.index_feed_generators: listRecords failed repo=did:web:mwcampbell.us err=HttpError('InvalidRequest: Could not find repo: did:web:mwcampbell.us')
2026-03-26T10:41:23Z WARNING bsky_collector_v2.job.index_feed_generators: listRecords failed repo=did:plc:23hzxjptkm3crdblb3dk4txt err=HttpError('InvalidRequest: Could not find repo: did:plc:23hzxjptkm3crdblb3dk4txt')
2026-03-26T10:41:23Z WARNING bsky_collector_v2.job.index_feed_generators: listRecords failed repo=did:plc:27ynjnbos35i76bn7am3hgdq err=HttpError('InvalidRequest: Could not find repo: did:plc:27ynjnbos35i76bn7am3hgdq')
2026-03-26T10:41:23Z WARNING bsky_collector_v2.job.index_feed_generators: listRecords failed repo=did:plc:2cacvtlmhh6kp4yk45zqeklm err=HttpError('InvalidRequest: Could not find repo: did:plc:2cacvtlmhh6kp4yk45zqeklm')
2026-03-26T10:41:23Z WARNING bsky_collector_v2.job.index_feed_generators: listRecords failed repo=did:plc:2r3cyymjww753bjgtvsp6zgr err=HttpError('InvalidRequest: Could not find repo: did:plc:2r3cyymjww753bjgtvsp6zgr')
2026-03-26T10:41:23Z WARNING bsky_collector_v2.job.index_feed_generators: listRecords failed repo=did:plc:45ebpeyr667xb7wr44ydfinv err=HttpError('InvalidRequest: Could not find repo: did:plc:45ebpeyr667xb7wr44ydfinv')
2026-03-26T10:41:24Z WARNING bsky_collector_v2.job.index_feed_generators: listRecords failed repo=did:plc:4g2zo4lh5c5awydchk2mmmt2 err=HttpError('InvalidRequest: Could not find repo: did:plc:4g2zo4lh5c5awydchk2mmmt2')
2026-03-26T10:41:24Z WARNING bsky_collector_v2.job.index_feed_generators: listRecords failed repo=did:plc:4xocz2hvqe2dmqfykv46m6po err=HttpError('InvalidRequest: Could not find repo: did:plc:4xocz2hvqe2dmqfykv46m6po')
2026-03-26T10:41:24Z WARNING bsky_collector_v2.job.index_feed_generators: listRecords failed repo=did:plc:56f6ovcm6d2hg6cbv6nzs7bt err=HttpError('InvalidRequest: Could not find repo: did:plc:56f6ovcm6d2hg6cbv6nzs7bt')
2026-03-26T10:41:24Z WARNING bsky_collector_v2.job.index_feed_generators: listRecords failed repo=did:plc:5pie5noj5urnkww2qaiewbxv err=HttpError('InvalidRequest: Could not find repo: did:plc:5pie5noj5urnkww2qaiewbxv')
2026-03-26T10:41:24Z WARNING bsky_collector_v2.job.index_feed_generators: listRecords failed repo=did:plc:5t3y22t5r2asbdkhnujroekl err=HttpError('InvalidRequest: Could not find repo: did:plc:5t3y22t5r2asbdkhnujroekl')
2026-03-26T10:41:24Z WARNING bsky_collector_v2.job.index_feed_generators: listRecords failed repo=did:plc:62w33ubpr2gfgs4i7ftfu2y7 err=HttpError('InvalidRequest: Could not find repo: did:plc:62w33ubpr2gfgs4i7ftfu2y7')
2026-03-26T10:41:24Z WARNING bsky_collector_v2.job.index_feed_generators: listRecords failed repo=did:plc:alsqcae5zuuzsjouhhkody7a err=HttpError('InvalidRequest: Could not find repo: did:plc:alsqcae5zuuzsjouhhkody7a')
2026-03-26T10:41:24Z WARNING bsky_collector_v2.job.index_feed_generators: listRecords failed repo=did:plc:chjitv6zy6camemmmnoqthku err=HttpError('InvalidRequest: Could not find repo: did:plc:chjitv6zy6camemmmnoqthku')
2026-03-26T10:41:24Z WARNING bsky_collector_v2.job.index_feed_generators: listRecords failed repo=did:plc:ed3hezmcpdoucrebhssktxqe err=HttpError('InvalidRequest: Could not find repo: did:plc:ed3hezmcpdoucrebhssktxqe')
2026-03-26T10:41:24Z WARNING bsky_collector_v2.job.index_feed_generators: listRecords failed repo=did:plc:fxsqqlervvoqxoprf77ezepq err=HttpError('InvalidRequest: Could not find repo: did:plc:fxsqqlervvoqxoprf77ezepq')
2026-03-26T10:41:24Z WARNING bsky_collector_v2.job.index_feed_generators: listRecords failed repo=did:plc:fzoiv3vrkxcwyexutd4aprtc err=HttpError('InvalidRequest: Could not find repo: did:plc:fzoiv3vrkxcwyexutd4aprtc')
2026-03-26T10:41:24Z WARNING bsky_collector_v2.job.index_feed_generators: listRecords failed repo=did:plc:g5xplyiljeiwpzqqswvfj6rg err=HttpError('InvalidRequest: Could not find repo: did:plc:g5xplyiljeiwpzqqswvfj6rg')
2026-03-26T10:41:24Z WARNING bsky_collector_v2.job.index_feed_generators: listRecords failed repo=did:plc:htjyxpochbydw2gprsqdk2up err=HttpError('InvalidRequest: Could not find repo: did:plc:htjyxpochbydw2gprsqdk2up')
2026-03-26T10:41:24Z WARNING bsky_collector_v2.job.index_feed_generators: listRecords failed repo=did:plc:hz5mbpi2rajj4voc6l3eijtr err=HttpError('InvalidRequest: Could not find repo: did:plc:hz5mbpi2rajj4voc6l3eijtr')
2026-03-26T10:41:24Z WARNING bsky_collector_v2.job.index_feed_generators: listRecords failed repo=did:plc:i5fg5jf4qwdntdphrzpbgj2z err=HttpError('InvalidRequest: Could not find repo: did:plc:i5fg5jf4qwdntdphrzpbgj2z')
2026-03-26T10:41:24Z WARNING bsky_collector_v2.job.index_feed_generators: listRecords failed repo=did:plc:in22duuax64zuldjotqceqfe err=HttpError('InvalidRequest: Could not find repo: did:plc:in22duuax64zuldjotqceqfe')
2026-03-26T10:41:24Z WARNING bsky_collector_v2.job.index_feed_generators: listRecords failed repo=did:plc:jhdz4x3g6edchiohycg23zwa err=HttpError('InvalidRequest: Could not find repo: did:plc:jhdz4x3g6edchiohycg23zwa')
2026-03-26T10:41:24Z WARNING bsky_collector_v2.job.index_feed_generators: listRecords failed repo=did:plc:jkq2mgrpswhuhlhat57cknws err=HttpError('InvalidRequest: Could not find repo: did:plc:jkq2mgrpswhuhlhat57cknws')
2026-03-26T10:41:25Z WARNING bsky_collector_v2.job.index_feed_generators: listRecords failed repo=did:plc:kbjj24sgnksd7rve5uoqz5mz err=HttpError('InvalidRequest: Could not find repo: did:plc:kbjj24sgnksd7rve5uoqz5mz')
2026-03-26T10:41:25Z WARNING bsky_collector_v2.job.index_feed_generators: listRecords failed repo=did:plc:l77ma5u4z5ba5oc2aa5hggqd err=HttpError('InvalidRequest: Could not find repo: did:plc:l77ma5u4z5ba5oc2aa5hggqd')
2026-03-26T10:41:25Z WARNING bsky_collector_v2.job.index_feed_generators: listRecords failed repo=did:plc:nkyxxnyrwidor6es4dpibri2 err=HttpError('InvalidRequest: Could not find repo: did:plc:nkyxxnyrwidor6es4dpibri2')
2026-03-26T10:41:25Z WARNING bsky_collector_v2.job.index_feed_generators: listRecords failed repo=did:plc:nnfyam2hmzdn4nneapuoalhz err=HttpError('InvalidRequest: Could not find repo: did:plc:nnfyam2hmzdn4nneapuoalhz')
2026-03-26T10:41:25Z WARNING bsky_collector_v2.job.index_feed_generators: listRecords failed repo=did:plc:p2nfs6rxphung5fhe5mtrnyf err=HttpError('InvalidRequest: Could not find repo: did:plc:p2nfs6rxphung5fhe5mtrnyf')
2026-03-26T10:41:25Z WARNING bsky_collector_v2.job.index_feed_generators: listRecords failed repo=did:plc:pgcgxp22ajr7fkrrqogsxp2y err=HttpError('InvalidRequest: Could not find repo: did:plc:pgcgxp22ajr7fkrrqogsxp2y')
2026-03-26T10:41:25Z WARNING bsky_collector_v2.job.index_feed_generators: listRecords failed repo=did:plc:qaqshktryzujlrxklog6nsw2 err=HttpError('InvalidRequest: Could not find repo: did:plc:qaqshktryzujlrxklog6nsw2')
2026-03-26T10:41:25Z WARNING bsky_collector_v2.job.index_feed_generators: listRecords failed repo=did:plc:qmcvkhpfla6u7e23sje7grvi err=HttpError('InvalidRequest: Could not find repo: did:plc:qmcvkhpfla6u7e23sje7grvi')
2026-03-26T10:41:25Z WARNING bsky_collector_v2.job.index_feed_generators: listRecords failed repo=did:plc:r3zxf7c3judqev4kscewmsu5 err=HttpError('InvalidRequest: Could not find repo: did:plc:r3zxf7c3judqev4kscewmsu5')
2026-03-26T10:41:25Z WARNING bsky_collector_v2.job.index_feed_generators: listRecords failed repo=did:plc:reznfvsgccdvdxcmpusesrh5 err=HttpError('InvalidRequest: Could not find repo: did:plc:reznfvsgccdvdxcmpusesrh5')
2026-03-26T10:41:25Z WARNING bsky_collector_v2.job.index_feed_generators: listRecords failed repo=did:plc:sku6dnv4fudvxhlqkstxfmkq err=HttpError('InvalidRequest: Could not find repo: did:plc:sku6dnv4fudvxhlqkstxfmkq')
2026-03-26T10:41:25Z WARNING bsky_collector_v2.job.index_feed_generators: listRecords failed repo=did:plc:srx2s2ynols356lg56g2byct err=HttpError('InvalidRequest: Could not find repo: did:plc:srx2s2ynols356lg56g2byct')
2026-03-26T10:41:25Z WARNING bsky_collector_v2.job.index_feed_generators: listRecords failed repo=did:plc:swpssqwlky5q5pebrlrgoxp6 err=HttpError('InvalidRequest: Could not find repo: did:plc:swpssqwlky5q5pebrlrgoxp6')
2026-03-26T10:41:25Z WARNING bsky_collector_v2.job.index_feed_generators: listRecords failed repo=did:plc:t76zhstjhqzbqujcfx4bvfz3 err=HttpError('InvalidRequest: Could not find repo: did:plc:t76zhstjhqzbqujcfx4bvfz3')
2026-03-26T10:41:25Z WARNING bsky_collector_v2.job.index_feed_generators: listRecords failed repo=did:plc:tthltgiyj2qguzaz64tby2qe err=HttpError('InvalidRequest: Could not find repo: did:plc:tthltgiyj2qguzaz64tby2qe')
2026-03-26T10:41:25Z WARNING bsky_collector_v2.job.index_feed_generators: listRecords failed repo=did:plc:txgziegfmvjyvylzlylxhbo7 err=HttpError('InvalidRequest: Could not find repo: did:plc:txgziegfmvjyvylzlylxhbo7')
2026-03-26T10:41:25Z WARNING bsky_collector_v2.job.index_feed_generators: listRecords failed repo=did:plc:u7ffgmu5yvsqbhws4xuw4sr3 err=HttpError('InvalidRequest: Could not find repo: did:plc:u7ffgmu5yvsqbhws4xuw4sr3')
2026-03-26T10:41:25Z WARNING bsky_collector_v2.job.index_feed_generators: listRecords failed repo=did:plc:uyvtvojjrzxtsperrhnd3uas err=HttpError('InvalidRequest: Could not find repo: did:plc:uyvtvojjrzxtsperrhnd3uas')
2026-03-26T10:41:25Z WARNING bsky_collector_v2.job.index_feed_generators: listRecords failed repo=did:plc:vl7q45qpyqeo3l4lbznojuqg err=HttpError('InvalidRequest: Could not find repo: did:plc:vl7q45qpyqeo3l4lbznojuqg')
2026-03-26T10:41:26Z WARNING bsky_collector_v2.job.index_feed_generators: listRecords failed repo=did:plc:vzwxydbnqygisw42xlddrqfz err=HttpError('InvalidRequest: Could not find repo: did:plc:vzwxydbnqygisw42xlddrqfz')
2026-03-26T10:41:26Z WARNING bsky_collector_v2.job.index_feed_generators: listRecords failed repo=did:plc:ye7wgeuqxiivnbw7xmqvuof3 err=HttpError('InvalidRequest: Could not find repo: did:plc:ye7wgeuqxiivnbw7xmqvuof3')
2026-03-26T10:41:26Z WARNING bsky_collector_v2.job.index_feed_generators: listRecords failed repo=did:plc:ze5rop3x5e3hy6swcyqw6yeg err=HttpError('InvalidRequest: Could not find repo: did:plc:ze5rop3x5e3hy6swcyqw6yeg')
2026-03-26T10:41:26Z WARNING bsky_collector_v2.job.index_feed_generators: listRecords failed repo=did:plc:zpgbul3vwwe2dx5kntaa7b5y err=HttpError('InvalidRequest: Could not find repo: did:plc:zpgbul3vwwe2dx5kntaa7b5y')
2026-03-26T10:41:26Z WARNING bsky_collector_v2.job.index_feed_generators: listRecords failed repo=did:web:mwcampbell.us err=HttpError('InvalidRequest: Could not find repo: did:web:mwcampbell.us')
2026-03-26T10:41:26Z WARNING bsky_collector_v2.job.index_feed_generators: listRecords failed repo=did:plc:23hzxjptkm3crdblb3dk4txt err=HttpError('InvalidRequest: Could not find repo: did:plc:23hzxjptkm3crdblb3dk4txt')
2026-03-26T10:41:26Z WARNING bsky_collector_v2.job.index_feed_generators: listRecords failed repo=did:plc:27ynjnbos35i76bn7am3hgdq err=HttpError('InvalidRequest: Could not find repo: did:plc:27ynjnbos35i76bn7am3hgdq')
2026-03-26T10:41:26Z WARNING bsky_collector_v2.job.index_feed_generators: listRecords failed repo=did:plc:2cacvtlmhh6kp4yk45zqeklm err=HttpError('InvalidRequest: Could not find repo: did:plc:2cacvtlmhh6kp4yk45zqeklm')
2026-03-26T10:41:26Z WARNING bsky_collector_v2.job.index_feed_generators: listRecords failed repo=did:plc:2r3cyymjww753bjgtvsp6zgr err=HttpError('InvalidRequest: Could not find repo: did:plc:2r3cyymjww753bjgtvsp6zgr')
2026-03-26T10:41:26Z WARNING bsky_collector_v2.job.index_feed_generators: listRecords failed repo=did:plc:45ebpeyr667xb7wr44ydfinv err=HttpError('InvalidRequest: Could not find repo: did:plc:45ebpeyr667xb7wr44ydfinv')
2026-03-26T10:41:26Z WARNING bsky_collector_v2.job.index_feed_generators: listRecords failed repo=did:plc:4g2zo4lh5c5awydchk2mmmt2 err=HttpError('InvalidRequest: Could not find repo: did:plc:4g2zo4lh5c5awydchk2mmmt2')
2026-03-26T10:41:26Z WARNING bsky_collector_v2.job.index_feed_generators: listRecords failed repo=did:plc:4xocz2hvqe2dmqfykv46m6po err=HttpError('InvalidRequest: Could not find repo: did:plc:4xocz2hvqe2dmqfykv46m6po')
2026-03-26T10:41:26Z WARNING bsky_collector_v2.job.index_feed_generators: listRecords failed repo=did:plc:56f6ovcm6d2hg6cbv6nzs7bt err=HttpError('InvalidRequest: Could not find repo: did:plc:56f6ovcm6d2hg6cbv6nzs7bt')
2026-03-26T10:41:26Z WARNING bsky_collector_v2.job.index_feed_generators: listRecords failed repo=did:plc:5pie5noj5urnkww2qaiewbxv err=HttpError('InvalidRequest: Could not find repo: did:plc:5pie5noj5urnkww2qaiewbxv')
2026-03-26T10:41:26Z WARNING bsky_collector_v2.job.index_feed_generators: listRecords failed repo=did:plc:5t3y22t5r2asbdkhnujroekl err=HttpError('InvalidRequest: Could not find repo: did:plc:5t3y22t5r2asbdkhnujroekl')
2026-03-26T10:41:26Z WARNING bsky_collector_v2.job.index_feed_generators: listRecords failed repo=did:plc:62w33ubpr2gfgs4i7ftfu2y7 err=HttpError('InvalidRequest: Could not find repo: did:plc:62w33ubpr2gfgs4i7ftfu2y7')
2026-03-26T10:41:26Z WARNING bsky_collector_v2.job.index_feed_generators: listRecords failed repo=did:plc:alsqcae5zuuzsjouhhkody7a err=HttpError('InvalidRequest: Could not find repo: did:plc:alsqcae5zuuzsjouhhkody7a')
2026-03-26T10:41:26Z WARNING bsky_collector_v2.job.index_feed_generators: listRecords failed repo=did:plc:chjitv6zy6camemmmnoqthku err=HttpError('InvalidRequest: Could not find repo: did:plc:chjitv6zy6camemmmnoqthku')
2026-03-26T10:41:26Z WARNING bsky_collector_v2.job.index_feed_generators: listRecords failed repo=did:plc:ed3hezmcpdoucrebhssktxqe err=HttpError('InvalidRequest: Could not find repo: did:plc:ed3hezmcpdoucrebhssktxqe')
2026-03-26T10:41:27Z WARNING bsky_collector_v2.job.index_feed_generators: listRecords failed repo=did:plc:fxsqqlervvoqxoprf77ezepq err=HttpError('InvalidRequest: Could not find repo: did:plc:fxsqqlervvoqxoprf77ezepq')
2026-03-26T10:41:27Z WARNING bsky_collector_v2.job.index_feed_generators: listRecords failed repo=did:plc:fzoiv3vrkxcwyexutd4aprtc err=HttpError('InvalidRequest: Could not find repo: did:plc:fzoiv3vrkxcwyexutd4aprtc')
2026-03-26T10:41:27Z WARNING bsky_collector_v2.job.index_feed_generators: listRecords failed repo=did:plc:g5xplyiljeiwpzqqswvfj6rg err=HttpError('InvalidRequest: Could not find repo: did:plc:g5xplyiljeiwpzqqswvfj6rg')
2026-03-26T10:41:27Z WARNING bsky_collector_v2.job.index_feed_generators: listRecords failed repo=did:plc:htjyxpochbydw2gprsqdk2up err=HttpError('InvalidRequest: Could not find repo: did:plc:htjyxpochbydw2gprsqdk2up')
2026-03-26T10:41:27Z WARNING bsky_collector_v2.job.index_feed_generators: listRecords failed repo=did:plc:hz5mbpi2rajj4voc6l3eijtr err=HttpError('InvalidRequest: Could not find repo: did:plc:hz5mbpi2rajj4voc6l3eijtr')
2026-03-26T10:41:27Z WARNING bsky_collector_v2.job.index_feed_generators: listRecords failed repo=did:plc:i5fg5jf4qwdntdphrzpbgj2z err=HttpError('InvalidRequest: Could not find repo: did:plc:i5fg5jf4qwdntdphrzpbgj2z')
2026-03-26T10:41:27Z WARNING bsky_collector_v2.job.index_feed_generators: listRecords failed repo=did:plc:in22duuax64zuldjotqceqfe err=HttpError('InvalidRequest: Could not find repo: did:plc:in22duuax64zuldjotqceqfe')
2026-03-26T10:41:27Z WARNING bsky_collector_v2.job.index_feed_generators: listRecords failed repo=did:plc:jhdz4x3g6edchiohycg23zwa err=HttpError('InvalidRequest: Could not find repo: did:plc:jhdz4x3g6edchiohycg23zwa')
2026-03-26T10:41:27Z WARNING bsky_collector_v2.job.index_feed_generators: listRecords failed repo=did:plc:jkq2mgrpswhuhlhat57cknws err=HttpError('InvalidRequest: Could not find repo: did:plc:jkq2mgrpswhuhlhat57cknws')
2026-03-26T10:41:27Z WARNING bsky_collector_v2.job.index_feed_generators: listRecords failed repo=did:plc:kbjj24sgnksd7rve5uoqz5mz err=HttpError('InvalidRequest: Could not find repo: did:plc:kbjj24sgnksd7rve5uoqz5mz')
2026-03-26T10:41:27Z WARNING bsky_collector_v2.job.index_feed_generators: listRecords failed repo=did:plc:l77ma5u4z5ba5oc2aa5hggqd err=HttpError('InvalidRequest: Could not find repo: did:plc:l77ma5u4z5ba5oc2aa5hggqd')
2026-03-26T10:41:27Z WARNING bsky_collector_v2.job.index_feed_generators: listRecords failed repo=did:plc:nkyxxnyrwidor6es4dpibri2 err=HttpError('InvalidRequest: Could not find repo: did:plc:nkyxxnyrwidor6es4dpibri2')
2026-03-26T10:41:27Z WARNING bsky_collector_v2.job.index_feed_generators: listRecords failed repo=did:plc:nnfyam2hmzdn4nneapuoalhz err=HttpError('InvalidRequest: Could not find repo: did:plc:nnfyam2hmzdn4nneapuoalhz')
2026-03-26T10:41:27Z WARNING bsky_collector_v2.job.index_feed_generators: listRecords failed repo=did:plc:p2nfs6rxphung5fhe5mtrnyf err=HttpError('InvalidRequest: Could not find repo: did:plc:p2nfs6rxphung5fhe5mtrnyf')
2026-03-26T10:41:27Z WARNING bsky_collector_v2.job.index_feed_generators: listRecords failed repo=did:plc:pgcgxp22ajr7fkrrqogsxp2y err=HttpError('InvalidRequest: Could not find repo: did:plc:pgcgxp22ajr7fkrrqogsxp2y')
2026-03-26T10:41:27Z WARNING bsky_collector_v2.job.index_feed_generators: listRecords failed repo=did:plc:qaqshktryzujlrxklog6nsw2 err=HttpError('InvalidRequest: Could not find repo: did:plc:qaqshktryzujlrxklog6nsw2')
2026-03-26T10:41:27Z WARNING bsky_collector_v2.job.index_feed_generators: listRecords failed repo=did:plc:qmcvkhpfla6u7e23sje7grvi err=HttpError('InvalidRequest: Could not find repo: did:plc:qmcvkhpfla6u7e23sje7grvi')
2026-03-26T10:41:28Z WARNING bsky_collector_v2.job.index_feed_generators: listRecords failed repo=did:plc:r3zxf7c3judqev4kscewmsu5 err=HttpError('InvalidRequest: Could not find repo: did:plc:r3zxf7c3judqev4kscewmsu5')
2026-03-26T10:41:28Z WARNING bsky_collector_v2.job.index_feed_generators: listRecords failed repo=did:plc:reznfvsgccdvdxcmpusesrh5 err=HttpError('InvalidRequest: Could not find repo: did:plc:reznfvsgccdvdxcmpusesrh5')
2026-03-26T10:41:28Z WARNING bsky_collector_v2.job.index_feed_generators: listRecords failed repo=did:plc:sku6dnv4fudvxhlqkstxfmkq err=HttpError('InvalidRequest: Could not find repo: did:plc:sku6dnv4fudvxhlqkstxfmkq')
2026-03-26T10:41:28Z WARNING bsky_collector_v2.job.index_feed_generators: listRecords failed repo=did:plc:srx2s2ynols356lg56g2byct err=HttpError('InvalidRequest: Could not find repo: did:plc:srx2s2ynols356lg56g2byct')
2026-03-26T10:41:28Z WARNING bsky_collector_v2.job.index_feed_generators: listRecords failed repo=did:plc:swpssqwlky5q5pebrlrgoxp6 err=HttpError('InvalidRequest: Could not find repo: did:plc:swpssqwlky5q5pebrlrgoxp6')
2026-03-26T10:41:28Z WARNING bsky_collector_v2.job.index_feed_generators: listRecords failed repo=did:plc:t76zhstjhqzbqujcfx4bvfz3 err=HttpError('InvalidRequest: Could not find repo: did:plc:t76zhstjhqzbqujcfx4bvfz3')
2026-03-26T10:41:28Z WARNING bsky_collector_v2.job.index_feed_generators: listRecords failed repo=did:plc:tthltgiyj2qguzaz64tby2qe err=HttpError('InvalidRequest: Could not find repo: did:plc:tthltgiyj2qguzaz64tby2qe')
2026-03-26T10:41:28Z WARNING bsky_collector_v2.job.index_feed_generators: listRecords failed repo=did:plc:txgziegfmvjyvylzlylxhbo7 err=HttpError('InvalidRequest: Could not find repo: did:plc:txgziegfmvjyvylzlylxhbo7')
2026-03-26T10:41:28Z WARNING bsky_collector_v2.job.index_feed_generators: listRecords failed repo=did:plc:u7ffgmu5yvsqbhws4xuw4sr3 err=HttpError('InvalidRequest: Could not find repo: did:plc:u7ffgmu5yvsqbhws4xuw4sr3')
2026-03-26T10:41:28Z WARNING bsky_collector_v2.job.index_feed_generators: listRecords failed repo=did:plc:uyvtvojjrzxtsperrhnd3uas err=HttpError('InvalidRequest: Could not find repo: did:plc:uyvtvojjrzxtsperrhnd3uas')
2026-03-26T10:41:28Z WARNING bsky_collector_v2.job.index_feed_generators: listRecords failed repo=did:plc:vl7q45qpyqeo3l4lbznojuqg err=HttpError('InvalidRequest: Could not find repo: did:plc:vl7q45qpyqeo3l4lbznojuqg')
2026-03-26T10:41:28Z WARNING bsky_collector_v2.job.index_feed_generators: listRecords failed repo=did:plc:vzwxydbnqygisw42xlddrqfz err=HttpError('InvalidRequest: Could not find repo: did:plc:vzwxydbnqygisw42xlddrqfz')
2026-03-26T10:41:28Z WARNING bsky_collector_v2.job.index_feed_generators: listRecords failed repo=did:plc:ye7wgeuqxiivnbw7xmqvuof3 err=HttpError('InvalidRequest: Could not find repo: did:plc:ye7wgeuqxiivnbw7xmqvuof3')
2026-03-26T10:41:28Z WARNING bsky_collector_v2.job.index_feed_generators: listRecords failed repo=did:plc:ze5rop3x5e3hy6swcyqw6yeg err=HttpError('InvalidRequest: Could not find repo: did:plc:ze5rop3x5e3hy6swcyqw6yeg')
2026-03-26T10:41:28Z WARNING bsky_collector_v2.job.index_feed_generators: listRecords failed repo=did:plc:zpgbul3vwwe2dx5kntaa7b5y err=HttpError('InvalidRequest: Could not find repo: did:plc:zpgbul3vwwe2dx5kntaa7b5y')
2026-03-26T10:41:28Z WARNING bsky_collector_v2.job.index_feed_generators: listRecords failed repo=did:web:mwcampbell.us err=HttpError('InvalidRequest: Could not find repo: did:web:mwcampbell.us')
2026-03-26T10:41:29Z INFO bsky_collector_v2.job.index_feed_generators: enqueued repos page=3 mode=listRepos inserted=500 repos_returned=500 next_cursor=set
2026-03-26T10:41:30Z WARNING bsky_collector_v2.job.index_feed_generators: listRecords failed repo=did:plc:26vsyod3a5rc7vmenblbk3i4 err=HttpError('InvalidRequest: Could not find repo: did:plc:26vsyod3a5rc7vmenblbk3i4')
2026-03-26T10:41:30Z WARNING bsky_collector_v2.job.index_feed_generators: listRecords failed repo=did:plc:27ubkoybdqhead4nlrj4j2z2 err=HttpError('InvalidRequest: Could not find repo: did:plc:27ubkoybdqhead4nlrj4j2z2')
2026-03-26T10:41:33Z WARNING bsky_collector_v2.job.index_feed_generators: listRecords failed repo=did:plc:37l4ozwjcin4jmjja6fkh2wh err=HttpError('InvalidRequest: Could not find repo: did:plc:37l4ozwjcin4jmjja6fkh2wh')
2026-03-26T10:41:35Z WARNING bsky_collector_v2.job.index_feed_generators: listRecords failed repo=did:plc:3pjw65epwlo3rzajhx6xg4br err=HttpError('InvalidRequest: Could not find repo: did:plc:3pjw65epwlo3rzajhx6xg4br')
2026-03-26T10:41:35Z WARNING bsky_collector_v2.job.index_feed_generators: listRecords failed repo=did:plc:43g4ognnd44cvqopegvopxcc err=HttpError('InvalidRequest: Could not find repo: did:plc:43g4ognnd44cvqopegvopxcc')
2026-03-26T10:41:36Z WARNING bsky_collector_v2.job.index_feed_generators: listRecords failed repo=did:plc:4m5ztkioscx46chs6i6r3fmz err=HttpError('InvalidRequest: Could not find repo: did:plc:4m5ztkioscx46chs6i6r3fmz')
2026-03-26T10:41:45Z WARNING bsky_collector_v2.job.index_feed_generators: listRecords failed repo=did:plc:5tnxjqnp4lqhelf3agjj2r24 err=HttpError('InvalidRequest: Could not find repo: did:plc:5tnxjqnp4lqhelf3agjj2r24')
2026-03-26T10:41:45Z WARNING bsky_collector_v2.job.index_feed_generators: listRecords failed repo=did:plc:5wq2nxntid5syi72e6i55gfg err=HttpError('InvalidRequest: Could not find repo: did:plc:5wq2nxntid5syi72e6i55gfg')
2026-03-26T10:41:52Z WARNING bsky_collector_v2.job.index_feed_generators: listRecords failed repo=did:plc:75wahm4bclt25wrrylwkz24c err=HttpError('InvalidRequest: Could not find repo: did:plc:75wahm4bclt25wrrylwkz24c')
2026-03-26T10:41:54Z WARNING bsky_collector_v2.job.index_feed_generators: listRecords failed repo=did:plc:7s7jir7by77qlrms2s7m6fjz err=HttpError('InvalidRequest: Could not find repo: did:plc:7s7jir7by77qlrms2s7m6fjz')
2026-03-26T10:41:58Z WARNING bsky_collector_v2.job.index_feed_generators: listRecords failed repo=did:plc:adozrdwbzo67xzu7pl23wkyq err=HttpError('InvalidRequest: Could not find repo: did:plc:adozrdwbzo67xzu7pl23wkyq')
2026-03-26T10:42:01Z WARNING bsky_collector_v2.job.index_feed_generators: listRecords failed repo=did:plc:bkbu2s6fqadvfd2gjkfvvev3 err=HttpError('InvalidRequest: Could not find repo: did:plc:bkbu2s6fqadvfd2gjkfvvev3')
2026-03-26T10:42:07Z WARNING bsky_collector_v2.job.index_feed_generators: listRecords failed repo=did:plc:dpqrmjemwgzscljgouk3sqam err=HttpError('InvalidRequest: Could not find repo: did:plc:dpqrmjemwgzscljgouk3sqam')
2026-03-26T10:42:09Z WARNING bsky_collector_v2.job.index_feed_generators: listRecords failed repo=did:plc:dzxeajsgfy36nor7txxvvhxu err=HttpError('InvalidRequest: Could not find repo: did:plc:dzxeajsgfy36nor7txxvvhxu')
2026-03-26T10:42:10Z WARNING bsky_collector_v2.job.index_feed_generators: listRecords failed repo=did:plc:ehofn2arm3q4dcthv4lhhhc4 err=HttpError('InvalidRequest: Could not find repo: did:plc:ehofn2arm3q4dcthv4lhhhc4')
2026-03-26T10:42:10Z WARNING bsky_collector_v2.job.index_feed_generators: listRecords failed repo=did:plc:eolinc2zohesh3qazsnnqcwj err=HttpError('InvalidRequest: Could not find repo: did:plc:eolinc2zohesh3qazsnnqcwj')
2026-03-26T10:42:12Z WARNING bsky_collector_v2.job.index_feed_generators: listRecords failed repo=did:plc:f3lqsvjlhnfrfrdo5ikle27y err=HttpError('InvalidRequest: Could not find repo: did:plc:f3lqsvjlhnfrfrdo5ikle27y')
2026-03-26T10:42:13Z WARNING bsky_collector_v2.job.index_feed_generators: listRecords failed repo=did:plc:fqkkjcxdab7qcpp3myd2kepj err=HttpError('InvalidRequest: Could not find repo: did:plc:fqkkjcxdab7qcpp3myd2kepj')
2026-03-26T10:42:20Z WARNING bsky_collector_v2.job.index_feed_generators: listRecords failed repo=did:plc:iez6wdyht7m2kt76ip2yq3ra err=HttpError('InvalidRequest: Could not find repo: did:plc:iez6wdyht7m2kt76ip2yq3ra')
2026-03-26T10:42:21Z WARNING bsky_collector_v2.job.index_feed_generators: listRecords failed repo=did:plc:ij3hsow4qkjwjpt66ys2epc6 err=HttpError('InvalidRequest: Could not find repo: did:plc:ij3hsow4qkjwjpt66ys2epc6')
2026-03-26T10:42:28Z WARNING bsky_collector_v2.job.index_feed_generators: listRecords failed repo=did:plc:l3rzac47yjqszkvmmyga7sti err=HttpError('InvalidRequest: Could not find repo: did:plc:l3rzac47yjqszkvmmyga7sti')
2026-03-26T10:42:37Z WARNING bsky_collector_v2.job.index_feed_generators: listRecords failed repo=did:plc:orh2yvjl77gk4nleo55a2hwm err=HttpError('InvalidRequest: Could not find repo: did:plc:orh2yvjl77gk4nleo55a2hwm')
2026-03-26T10:42:50Z WARNING bsky_collector_v2.job.index_feed_generators: listRecords failed repo=did:plc:ubq46sugxkcmxexak7fjtvxj err=HttpError('InvalidRequest: Could not find repo: did:plc:ubq46sugxkcmxexak7fjtvxj')
2026-03-26T10:42:52Z WARNING bsky_collector_v2.job.index_feed_generators: listRecords failed repo=did:plc:uyr5f2ijnkzyr6kjnyqje637 err=HttpError('InvalidRequest: Could not find repo: did:plc:uyr5f2ijnkzyr6kjnyqje637')
2026-03-26T10:42:53Z WARNING bsky_collector_v2.job.index_feed_generators: listRecords failed repo=did:plc:vmr6zg2ppatrwdt6utzjqjmb err=HttpError('InvalidRequest: Could not find repo: did:plc:vmr6zg2ppatrwdt6utzjqjmb')
2026-03-26T10:42:54Z WARNING bsky_collector_v2.job.index_feed_generators: listRecords failed repo=did:plc:vxqcuggwo4l5le43t3stl5mb err=HttpError('InvalidRequest: Could not find repo: did:plc:vxqcuggwo4l5le43t3stl5mb')
2026-03-26T10:42:57Z WARNING bsky_collector_v2.job.index_feed_generators: listRecords failed repo=did:plc:xdcf7vynrkgxwfpbzfhj7zta err=HttpError('InvalidRequest: Could not find repo: did:plc:xdcf7vynrkgxwfpbzfhj7zta')
2026-03-26T10:42:59Z WARNING bsky_collector_v2.job.index_feed_generators: listRecords failed repo=did:plc:xw5qdc7hu4g3rk5mmagapjpg err=HttpError('InvalidRequest: Could not find repo: did:plc:xw5qdc7hu4g3rk5mmagapjpg')
2026-03-26T10:43:01Z WARNING bsky_collector_v2.job.index_feed_generators: listRecords failed repo=did:plc:yndfpax6brpgwi6gwbzjhx5p err=HttpError('InvalidRequest: Could not find repo: did:plc:yndfpax6brpgwi6gwbzjhx5p')
2026-03-26T10:43:05Z WARNING bsky_collector_v2.job.index_feed_generators: listRecords failed repo=did:plc:26vsyod3a5rc7vmenblbk3i4 err=HttpError('InvalidRequest: Could not find repo: did:plc:26vsyod3a5rc7vmenblbk3i4')
2026-03-26T10:43:05Z WARNING bsky_collector_v2.job.index_feed_generators: listRecords failed repo=did:plc:27ubkoybdqhead4nlrj4j2z2 err=HttpError('InvalidRequest: Could not find repo: did:plc:27ubkoybdqhead4nlrj4j2z2')
2026-03-26T10:43:05Z WARNING bsky_collector_v2.job.index_feed_generators: listRecords failed repo=did:plc:37l4ozwjcin4jmjja6fkh2wh err=HttpError('InvalidRequest: Could not find repo: did:plc:37l4ozwjcin4jmjja6fkh2wh')
2026-03-26T10:43:05Z WARNING bsky_collector_v2.job.index_feed_generators: listRecords failed repo=did:plc:3pjw65epwlo3rzajhx6xg4br err=HttpError('InvalidRequest: Could not find repo: did:plc:3pjw65epwlo3rzajhx6xg4br')
2026-03-26T10:43:05Z WARNING bsky_collector_v2.job.index_feed_generators: listRecords failed repo=did:plc:43g4ognnd44cvqopegvopxcc err=HttpError('InvalidRequest: Could not find repo: did:plc:43g4ognnd44cvqopegvopxcc')
2026-03-26T10:43:05Z WARNING bsky_collector_v2.job.index_feed_generators: listRecords failed repo=did:plc:4m5ztkioscx46chs6i6r3fmz err=HttpError('InvalidRequest: Could not find repo: did:plc:4m5ztkioscx46chs6i6r3fmz')
2026-03-26T10:43:05Z WARNING bsky_collector_v2.job.index_feed_generators: listRecords failed repo=did:plc:5tnxjqnp4lqhelf3agjj2r24 err=HttpError('InvalidRequest: Could not find repo: did:plc:5tnxjqnp4lqhelf3agjj2r24')
2026-03-26T10:43:05Z WARNING bsky_collector_v2.job.index_feed_generators: listRecords failed repo=did:plc:5wq2nxntid5syi72e6i55gfg err=HttpError('InvalidRequest: Could not find repo: did:plc:5wq2nxntid5syi72e6i55gfg')
2026-03-26T10:43:05Z WARNING bsky_collector_v2.job.index_feed_generators: listRecords failed repo=did:plc:75wahm4bclt25wrrylwkz24c err=HttpError('InvalidRequest: Could not find repo: did:plc:75wahm4bclt25wrrylwkz24c')
2026-03-26T10:43:05Z WARNING bsky_collector_v2.job.index_feed_generators: listRecords failed repo=did:plc:7s7jir7by77qlrms2s7m6fjz err=HttpError('InvalidRequest: Could not find repo: did:plc:7s7jir7by77qlrms2s7m6fjz')
2026-03-26T10:43:05Z WARNING bsky_collector_v2.job.index_feed_generators: listRecords failed repo=did:plc:adozrdwbzo67xzu7pl23wkyq err=HttpError('InvalidRequest: Could not find repo: did:plc:adozrdwbzo67xzu7pl23wkyq')
2026-03-26T10:43:05Z WARNING bsky_collector_v2.job.index_feed_generators: listRecords failed repo=did:plc:bkbu2s6fqadvfd2gjkfvvev3 err=HttpError('InvalidRequest: Could not find repo: did:plc:bkbu2s6fqadvfd2gjkfvvev3')
2026-03-26T10:43:05Z WARNING bsky_collector_v2.job.index_feed_generators: listRecords failed repo=did:plc:dpqrmjemwgzscljgouk3sqam err=HttpError('InvalidRequest: Could not find repo: did:plc:dpqrmjemwgzscljgouk3sqam')
2026-03-26T10:43:06Z WARNING bsky_collector_v2.job.index_feed_generators: listRecords failed repo=did:plc:dzxeajsgfy36nor7txxvvhxu err=HttpError('InvalidRequest: Could not find repo: did:plc:dzxeajsgfy36nor7txxvvhxu')
2026-03-26T10:43:06Z WARNING bsky_collector_v2.job.index_feed_generators: listRecords failed repo=did:plc:ehofn2arm3q4dcthv4lhhhc4 err=HttpError('InvalidRequest: Could not find repo: did:plc:ehofn2arm3q4dcthv4lhhhc4')
2026-03-26T10:43:06Z WARNING bsky_collector_v2.job.index_feed_generators: listRecords failed repo=did:plc:eolinc2zohesh3qazsnnqcwj err=HttpError('InvalidRequest: Could not find repo: did:plc:eolinc2zohesh3qazsnnqcwj')
2026-03-26T10:43:06Z WARNING bsky_collector_v2.job.index_feed_generators: listRecords failed repo=did:plc:f3lqsvjlhnfrfrdo5ikle27y err=HttpError('InvalidRequest: Could not find repo: did:plc:f3lqsvjlhnfrfrdo5ikle27y')
2026-03-26T10:43:06Z WARNING bsky_collector_v2.job.index_feed_generators: listRecords failed repo=did:plc:fqkkjcxdab7qcpp3myd2kepj err=HttpError('InvalidRequest: Could not find repo: did:plc:fqkkjcxdab7qcpp3myd2kepj')
2026-03-26T10:43:06Z WARNING bsky_collector_v2.job.index_feed_generators: listRecords failed repo=did:plc:iez6wdyht7m2kt76ip2yq3ra err=HttpError('InvalidRequest: Could not find repo: did:plc:iez6wdyht7m2kt76ip2yq3ra')
2026-03-26T10:43:06Z WARNING bsky_collector_v2.job.index_feed_generators: listRecords failed repo=did:plc:ij3hsow4qkjwjpt66ys2epc6 err=HttpError('InvalidRequest: Could not find repo: did:plc:ij3hsow4qkjwjpt66ys2epc6')
2026-03-26T10:43:06Z WARNING bsky_collector_v2.job.index_feed_generators: listRecords failed repo=did:plc:l3rzac47yjqszkvmmyga7sti err=HttpError('InvalidRequest: Could not find repo: did:plc:l3rzac47yjqszkvmmyga7sti')
2026-03-26T10:43:06Z WARNING bsky_collector_v2.job.index_feed_generators: listRecords failed repo=did:plc:orh2yvjl77gk4nleo55a2hwm err=HttpError('InvalidRequest: Could not find repo: did:plc:orh2yvjl77gk4nleo55a2hwm')
2026-03-26T10:43:06Z WARNING bsky_collector_v2.job.index_feed_generators: listRecords failed repo=did:plc:ubq46sugxkcmxexak7fjtvxj err=HttpError('InvalidRequest: Could not find repo: did:plc:ubq46sugxkcmxexak7fjtvxj')
2026-03-26T10:43:06Z WARNING bsky_collector_v2.job.index_feed_generators: listRecords failed repo=did:plc:uyr5f2ijnkzyr6kjnyqje637 err=HttpError('InvalidRequest: Could not find repo: did:plc:uyr5f2ijnkzyr6kjnyqje637')
2026-03-26T10:43:06Z WARNING bsky_collector_v2.job.index_feed_generators: listRecords failed repo=did:plc:vmr6zg2ppatrwdt6utzjqjmb err=HttpError('InvalidRequest: Could not find repo: did:plc:vmr6zg2ppatrwdt6utzjqjmb')
2026-03-26T10:43:06Z WARNING bsky_collector_v2.job.index_feed_generators: listRecords failed repo=did:plc:vxqcuggwo4l5le43t3stl5mb err=HttpError('InvalidRequest: Could not find repo: did:plc:vxqcuggwo4l5le43t3stl5mb')
2026-03-26T10:43:06Z WARNING bsky_collector_v2.job.index_feed_generators: listRecords failed repo=did:plc:xdcf7vynrkgxwfpbzfhj7zta err=HttpError('InvalidRequest: Could not find repo: did:plc:xdcf7vynrkgxwfpbzfhj7zta')
2026-03-26T10:43:06Z WARNING bsky_collector_v2.job.index_feed_generators: listRecords failed repo=did:plc:xw5qdc7hu4g3rk5mmagapjpg err=HttpError('InvalidRequest: Could not find repo: did:plc:xw5qdc7hu4g3rk5mmagapjpg')
2026-03-26T10:43:06Z WARNING bsky_collector_v2.job.index_feed_generators: listRecords failed repo=did:plc:yndfpax6brpgwi6gwbzjhx5p err=HttpError('InvalidRequest: Could not find repo: did:plc:yndfpax6brpgwi6gwbzjhx5p')
2026-03-26T10:43:06Z WARNING bsky_collector_v2.job.index_feed_generators: listRecords failed repo=did:plc:26vsyod3a5rc7vmenblbk3i4 err=HttpError('InvalidRequest: Could not find repo: did:plc:26vsyod3a5rc7vmenblbk3i4')
2026-03-26T10:43:06Z WARNING bsky_collector_v2.job.index_feed_generators: listRecords failed repo=did:plc:27ubkoybdqhead4nlrj4j2z2 err=HttpError('InvalidRequest: Could not find repo: did:plc:27ubkoybdqhead4nlrj4j2z2')
2026-03-26T10:43:07Z WARNING bsky_collector_v2.job.index_feed_generators: listRecords failed repo=did:plc:37l4ozwjcin4jmjja6fkh2wh err=HttpError('InvalidRequest: Could not find repo: did:plc:37l4ozwjcin4jmjja6fkh2wh')
2026-03-26T10:43:07Z WARNING bsky_collector_v2.job.index_feed_generators: listRecords failed repo=did:plc:3pjw65epwlo3rzajhx6xg4br err=HttpError('InvalidRequest: Could not find repo: did:plc:3pjw65epwlo3rzajhx6xg4br')
2026-03-26T10:43:07Z WARNING bsky_collector_v2.job.index_feed_generators: listRecords failed repo=did:plc:43g4ognnd44cvqopegvopxcc err=HttpError('InvalidRequest: Could not find repo: did:plc:43g4ognnd44cvqopegvopxcc')
2026-03-26T10:43:07Z WARNING bsky_collector_v2.job.index_feed_generators: listRecords failed repo=did:plc:4m5ztkioscx46chs6i6r3fmz err=HttpError('InvalidRequest: Could not find repo: did:plc:4m5ztkioscx46chs6i6r3fmz')
2026-03-26T10:43:07Z WARNING bsky_collector_v2.job.index_feed_generators: listRecords failed repo=did:plc:5tnxjqnp4lqhelf3agjj2r24 err=HttpError('InvalidRequest: Could not find repo: did:plc:5tnxjqnp4lqhelf3agjj2r24')
2026-03-26T10:43:07Z WARNING bsky_collector_v2.job.index_feed_generators: listRecords failed repo=did:plc:5wq2nxntid5syi72e6i55gfg err=HttpError('InvalidRequest: Could not find repo: did:plc:5wq2nxntid5syi72e6i55gfg')
2026-03-26T10:43:07Z WARNING bsky_collector_v2.job.index_feed_generators: listRecords failed repo=did:plc:75wahm4bclt25wrrylwkz24c err=HttpError('InvalidRequest: Could not find repo: did:plc:75wahm4bclt25wrrylwkz24c')
2026-03-26T10:43:07Z WARNING bsky_collector_v2.job.index_feed_generators: listRecords failed repo=did:plc:7s7jir7by77qlrms2s7m6fjz err=HttpError('InvalidRequest: Could not find repo: did:plc:7s7jir7by77qlrms2s7m6fjz')
2026-03-26T10:43:07Z WARNING bsky_collector_v2.job.index_feed_generators: listRecords failed repo=did:plc:adozrdwbzo67xzu7pl23wkyq err=HttpError('InvalidRequest: Could not find repo: did:plc:adozrdwbzo67xzu7pl23wkyq')
2026-03-26T10:43:07Z WARNING bsky_collector_v2.job.index_feed_generators: listRecords failed repo=did:plc:bkbu2s6fqadvfd2gjkfvvev3 err=HttpError('InvalidRequest: Could not find repo: did:plc:bkbu2s6fqadvfd2gjkfvvev3')
2026-03-26T10:43:07Z WARNING bsky_collector_v2.job.index_feed_generators: listRecords failed repo=did:plc:dpqrmjemwgzscljgouk3sqam err=HttpError('InvalidRequest: Could not find repo: did:plc:dpqrmjemwgzscljgouk3sqam')
2026-03-26T10:43:07Z WARNING bsky_collector_v2.job.index_feed_generators: listRecords failed repo=did:plc:dzxeajsgfy36nor7txxvvhxu err=HttpError('InvalidRequest: Could not find repo: did:plc:dzxeajsgfy36nor7txxvvhxu')
2026-03-26T10:43:07Z WARNING bsky_collector_v2.job.index_feed_generators: listRecords failed repo=did:plc:ehofn2arm3q4dcthv4lhhhc4 err=HttpError('InvalidRequest: Could not find repo: did:plc:ehofn2arm3q4dcthv4lhhhc4')
2026-03-26T10:43:07Z WARNING bsky_collector_v2.job.index_feed_generators: listRecords failed repo=did:plc:eolinc2zohesh3qazsnnqcwj err=HttpError('InvalidRequest: Could not find repo: did:plc:eolinc2zohesh3qazsnnqcwj')
2026-03-26T10:43:07Z WARNING bsky_collector_v2.job.index_feed_generators: listRecords failed repo=did:plc:f3lqsvjlhnfrfrdo5ikle27y err=HttpError('InvalidRequest: Could not find repo: did:plc:f3lqsvjlhnfrfrdo5ikle27y')
2026-03-26T10:43:07Z WARNING bsky_collector_v2.job.index_feed_generators: listRecords failed repo=did:plc:fqkkjcxdab7qcpp3myd2kepj err=HttpError('InvalidRequest: Could not find repo: did:plc:fqkkjcxdab7qcpp3myd2kepj')
2026-03-26T10:43:07Z WARNING bsky_collector_v2.job.index_feed_generators: listRecords failed repo=did:plc:iez6wdyht7m2kt76ip2yq3ra err=HttpError('InvalidRequest: Could not find repo: did:plc:iez6wdyht7m2kt76ip2yq3ra')
2026-03-26T10:43:08Z WARNING bsky_collector_v2.job.index_feed_generators: listRecords failed repo=did:plc:ij3hsow4qkjwjpt66ys2epc6 err=HttpError('InvalidRequest: Could not find repo: did:plc:ij3hsow4qkjwjpt66ys2epc6')
2026-03-26T10:43:08Z WARNING bsky_collector_v2.job.index_feed_generators: listRecords failed repo=did:plc:l3rzac47yjqszkvmmyga7sti err=HttpError('InvalidRequest: Could not find repo: did:plc:l3rzac47yjqszkvmmyga7sti')
2026-03-26T10:43:08Z WARNING bsky_collector_v2.job.index_feed_generators: listRecords failed repo=did:plc:orh2yvjl77gk4nleo55a2hwm err=HttpError('InvalidRequest: Could not find repo: did:plc:orh2yvjl77gk4nleo55a2hwm')
2026-03-26T10:43:08Z WARNING bsky_collector_v2.job.index_feed_generators: listRecords failed repo=did:plc:ubq46sugxkcmxexak7fjtvxj err=HttpError('InvalidRequest: Could not find repo: did:plc:ubq46sugxkcmxexak7fjtvxj')
2026-03-26T10:43:08Z WARNING bsky_collector_v2.job.index_feed_generators: listRecords failed repo=did:plc:uyr5f2ijnkzyr6kjnyqje637 err=HttpError('InvalidRequest: Could not find repo: did:plc:uyr5f2ijnkzyr6kjnyqje637')
2026-03-26T10:43:08Z WARNING bsky_collector_v2.job.index_feed_generators: listRecords failed repo=did:plc:vmr6zg2ppatrwdt6utzjqjmb err=HttpError('InvalidRequest: Could not find repo: did:plc:vmr6zg2ppatrwdt6utzjqjmb')
2026-03-26T10:43:08Z WARNING bsky_collector_v2.job.index_feed_generators: listRecords failed repo=did:plc:vxqcuggwo4l5le43t3stl5mb err=HttpError('InvalidRequest: Could not find repo: did:plc:vxqcuggwo4l5le43t3stl5mb')
2026-03-26T10:43:08Z WARNING bsky_collector_v2.job.index_feed_generators: listRecords failed repo=did:plc:xdcf7vynrkgxwfpbzfhj7zta err=HttpError('InvalidRequest: Could not find repo: did:plc:xdcf7vynrkgxwfpbzfhj7zta')
2026-03-26T10:43:08Z WARNING bsky_collector_v2.job.index_feed_generators: listRecords failed repo=did:plc:xw5qdc7hu4g3rk5mmagapjpg err=HttpError('InvalidRequest: Could not find repo: did:plc:xw5qdc7hu4g3rk5mmagapjpg')
2026-03-26T10:43:08Z WARNING bsky_collector_v2.job.index_feed_generators: listRecords failed repo=did:plc:yndfpax6brpgwi6gwbzjhx5p err=HttpError('InvalidRequest: Could not find repo: did:plc:yndfpax6brpgwi6gwbzjhx5p')
2026-03-26T10:43:09Z INFO bsky_collector_v2.job.index_feed_generators: enqueued repos page=4 mode=listRepos inserted=500 repos_returned=500 next_cursor=set
2026-03-26T10:43:16Z WARNING bsky_collector_v2.job.index_feed_generators: listRecords failed repo=did:plc:4g45earw3qxjd4b3zvmgrpqi err=HttpError('InvalidRequest: Could not find repo: did:plc:4g45earw3qxjd4b3zvmgrpqi')
2026-03-26T10:43:20Z WARNING bsky_collector_v2.job.index_feed_generators: listRecords failed repo=did:plc:5ulwznklovk7y62mj6ewmqx3 err=HttpError('InvalidRequest: Could not find repo: did:plc:5ulwznklovk7y62mj6ewmqx3')
2026-03-26T10:43:21Z WARNING bsky_collector_v2.job.index_feed_generators: listRecords failed repo=did:plc:6ryqiarjyvt6t3ajb5z72a5n err=HttpError('InvalidRequest: Could not find repo: did:plc:6ryqiarjyvt6t3ajb5z72a5n')
2026-03-26T10:43:31Z WARNING bsky_collector_v2.job.index_feed_generators: listRecords failed repo=did:plc:cmh5daygdovlod6tlo2ro5c7 err=HttpError('InvalidRequest: Could not find repo: did:plc:cmh5daygdovlod6tlo2ro5c7')
2026-03-26T10:43:33Z WARNING bsky_collector_v2.job.index_feed_generators: listRecords failed repo=did:plc:dbk6hfbtd77ay3ahhmhwnq6b err=HttpError('InvalidRequest: Could not find repo: did:plc:dbk6hfbtd77ay3ahhmhwnq6b')
2026-03-26T10:43:35Z WARNING bsky_collector_v2.job.index_feed_generators: listRecords failed repo=did:plc:ejluvvim3yqekdvoonzeyuu6 err=HttpError('InvalidRequest: Could not find repo: did:plc:ejluvvim3yqekdvoonzeyuu6')
2026-03-26T10:43:53Z WARNING bsky_collector_v2.job.index_feed_generators: listRecords failed repo=did:plc:kt4zse6z43t4o4wuvr7lvuu6 err=HttpError('InvalidRequest: Could not find repo: did:plc:kt4zse6z43t4o4wuvr7lvuu6')
2026-03-26T10:43:54Z WARNING bsky_collector_v2.job.index_feed_generators: listRecords failed repo=did:plc:kwlmovg5not6kdpm4eyp5255 err=HttpError('InvalidRequest: Could not find repo: did:plc:kwlmovg5not6kdpm4eyp5255')
2026-03-26T10:44:01Z WARNING bsky_collector_v2.job.index_feed_generators: listRecords failed repo=did:plc:odde6gnbbjeur7e6wafbidzl err=HttpError('InvalidRequest: Could not find repo: did:plc:odde6gnbbjeur7e6wafbidzl')
2026-03-26T10:44:05Z WARNING bsky_collector_v2.job.index_feed_generators: listRecords failed repo=did:plc:pbd2y747vliyyoqwylz42jko err=HttpError('InvalidRequest: Could not find repo: did:plc:pbd2y747vliyyoqwylz42jko')
2026-03-26T10:44:07Z WARNING bsky_collector_v2.job.index_feed_generators: listRecords failed repo=did:plc:pxefz6cqvypnw5en4zvxwoiw err=HttpError('InvalidRequest: Could not find repo: did:plc:pxefz6cqvypnw5en4zvxwoiw')
2026-03-26T10:44:11Z WARNING bsky_collector_v2.job.index_feed_generators: listRecords failed repo=did:plc:rikmvmfuzh2itffvljebgwgh err=HttpError('InvalidRequest: Could not find repo: did:plc:rikmvmfuzh2itffvljebgwgh')
2026-03-26T10:44:25Z INFO bsky_collector_v2.job.index_feed_generators: indexed repo=did:plc:wky55h2ins67ujblropcjn5a part=86 records=2 next_cursor=set
2026-03-26T10:44:27Z WARNING bsky_collector_v2.job.index_feed_generators: listRecords failed repo=did:plc:x5qx4o6w7kgg25kvie5z6dq3 err=HttpError('InvalidRequest: Could not find repo: did:plc:x5qx4o6w7kgg25kvie5z6dq3')
2026-03-26T10:44:31Z WARNING bsky_collector_v2.job.index_feed_generators: listRecords failed repo=did:plc:xwp5yc3ubsezfh52zj4d5xo4 err=HttpError('InvalidRequest: Could not find repo: did:plc:xwp5yc3ubsezfh52zj4d5xo4')
2026-03-26T10:44:32Z WARNING bsky_collector_v2.job.index_feed_generators: listRecords failed repo=did:plc:ymoxwkreitqivzedogivkms7 err=HttpError('InvalidRequest: Could not find repo: did:plc:ymoxwkreitqivzedogivkms7')
2026-03-26T10:44:35Z WARNING bsky_collector_v2.job.index_feed_generators: listRecords failed repo=did:plc:4g45earw3qxjd4b3zvmgrpqi err=HttpError('InvalidRequest: Could not find repo: did:plc:4g45earw3qxjd4b3zvmgrpqi')
2026-03-26T10:44:35Z WARNING bsky_collector_v2.job.index_feed_generators: listRecords failed repo=did:plc:5ulwznklovk7y62mj6ewmqx3 err=HttpError('InvalidRequest: Could not find repo: did:plc:5ulwznklovk7y62mj6ewmqx3')
2026-03-26T10:44:35Z WARNING bsky_collector_v2.job.index_feed_generators: listRecords failed repo=did:plc:6ryqiarjyvt6t3ajb5z72a5n err=HttpError('InvalidRequest: Could not find repo: did:plc:6ryqiarjyvt6t3ajb5z72a5n')
2026-03-26T10:44:36Z WARNING bsky_collector_v2.job.index_feed_generators: listRecords failed repo=did:plc:cmh5daygdovlod6tlo2ro5c7 err=HttpError('InvalidRequest: Could not find repo: did:plc:cmh5daygdovlod6tlo2ro5c7')
2026-03-26T10:44:36Z WARNING bsky_collector_v2.job.index_feed_generators: listRecords failed repo=did:plc:dbk6hfbtd77ay3ahhmhwnq6b err=HttpError('InvalidRequest: Could not find repo: did:plc:dbk6hfbtd77ay3ahhmhwnq6b')
2026-03-26T10:44:36Z WARNING bsky_collector_v2.job.index_feed_generators: listRecords failed repo=did:plc:ejluvvim3yqekdvoonzeyuu6 err=HttpError('InvalidRequest: Could not find repo: did:plc:ejluvvim3yqekdvoonzeyuu6')
2026-03-26T10:44:36Z WARNING bsky_collector_v2.job.index_feed_generators: listRecords failed repo=did:plc:kt4zse6z43t4o4wuvr7lvuu6 err=HttpError('InvalidRequest: Could not find repo: did:plc:kt4zse6z43t4o4wuvr7lvuu6')
2026-03-26T10:44:36Z WARNING bsky_collector_v2.job.index_feed_generators: listRecords failed repo=did:plc:kwlmovg5not6kdpm4eyp5255 err=HttpError('InvalidRequest: Could not find repo: did:plc:kwlmovg5not6kdpm4eyp5255')
2026-03-26T10:44:36Z WARNING bsky_collector_v2.job.index_feed_generators: listRecords failed repo=did:plc:odde6gnbbjeur7e6wafbidzl err=HttpError('InvalidRequest: Could not find repo: did:plc:odde6gnbbjeur7e6wafbidzl')
2026-03-26T10:44:36Z WARNING bsky_collector_v2.job.index_feed_generators: listRecords failed repo=did:plc:pbd2y747vliyyoqwylz42jko err=HttpError('InvalidRequest: Could not find repo: did:plc:pbd2y747vliyyoqwylz42jko')
2026-03-26T10:44:36Z WARNING bsky_collector_v2.job.index_feed_generators: listRecords failed repo=did:plc:pxefz6cqvypnw5en4zvxwoiw err=HttpError('InvalidRequest: Could not find repo: did:plc:pxefz6cqvypnw5en4zvxwoiw')
2026-03-26T10:44:36Z WARNING bsky_collector_v2.job.index_feed_generators: listRecords failed repo=did:plc:rikmvmfuzh2itffvljebgwgh err=HttpError('InvalidRequest: Could not find repo: did:plc:rikmvmfuzh2itffvljebgwgh')
2026-03-26T10:44:36Z WARNING bsky_collector_v2.job.index_feed_generators: listRecords failed repo=did:plc:x5qx4o6w7kgg25kvie5z6dq3 err=HttpError('InvalidRequest: Could not find repo: did:plc:x5qx4o6w7kgg25kvie5z6dq3')
2026-03-26T10:44:36Z WARNING bsky_collector_v2.job.index_feed_generators: listRecords failed repo=did:plc:xwp5yc3ubsezfh52zj4d5xo4 err=HttpError('InvalidRequest: Could not find repo: did:plc:xwp5yc3ubsezfh52zj4d5xo4')
2026-03-26T10:44:36Z WARNING bsky_collector_v2.job.index_feed_generators: listRecords failed repo=did:plc:ymoxwkreitqivzedogivkms7 err=HttpError('InvalidRequest: Could not find repo: did:plc:ymoxwkreitqivzedogivkms7')
2026-03-26T10:44:36Z WARNING bsky_collector_v2.job.index_feed_generators: listRecords failed repo=did:plc:4g45earw3qxjd4b3zvmgrpqi err=HttpError('InvalidRequest: Could not find repo: did:plc:4g45earw3qxjd4b3zvmgrpqi')
2026-03-26T10:44:37Z WARNING bsky_collector_v2.job.index_feed_generators: listRecords failed repo=did:plc:5ulwznklovk7y62mj6ewmqx3 err=HttpError('InvalidRequest: Could not find repo: did:plc:5ulwznklovk7y62mj6ewmqx3')
2026-03-26T10:44:37Z WARNING bsky_collector_v2.job.index_feed_generators: listRecords failed repo=did:plc:6ryqiarjyvt6t3ajb5z72a5n err=HttpError('InvalidRequest: Could not find repo: did:plc:6ryqiarjyvt6t3ajb5z72a5n')
2026-03-26T10:44:37Z WARNING bsky_collector_v2.job.index_feed_generators: listRecords failed repo=did:plc:cmh5daygdovlod6tlo2ro5c7 err=HttpError('InvalidRequest: Could not find repo: did:plc:cmh5daygdovlod6tlo2ro5c7')
2026-03-26T10:44:37Z WARNING bsky_collector_v2.job.index_feed_generators: listRecords failed repo=did:plc:dbk6hfbtd77ay3ahhmhwnq6b err=HttpError('InvalidRequest: Could not find repo: did:plc:dbk6hfbtd77ay3ahhmhwnq6b')
2026-03-26T10:44:37Z WARNING bsky_collector_v2.job.index_feed_generators: listRecords failed repo=did:plc:ejluvvim3yqekdvoonzeyuu6 err=HttpError('InvalidRequest: Could not find repo: did:plc:ejluvvim3yqekdvoonzeyuu6')
2026-03-26T10:44:37Z WARNING bsky_collector_v2.job.index_feed_generators: listRecords failed repo=did:plc:kt4zse6z43t4o4wuvr7lvuu6 err=HttpError('InvalidRequest: Could not find repo: did:plc:kt4zse6z43t4o4wuvr7lvuu6')
2026-03-26T10:44:37Z WARNING bsky_collector_v2.job.index_feed_generators: listRecords failed repo=did:plc:kwlmovg5not6kdpm4eyp5255 err=HttpError('InvalidRequest: Could not find repo: did:plc:kwlmovg5not6kdpm4eyp5255')
2026-03-26T10:44:37Z WARNING bsky_collector_v2.job.index_feed_generators: listRecords failed repo=did:plc:odde6gnbbjeur7e6wafbidzl err=HttpError('InvalidRequest: Could not find repo: did:plc:odde6gnbbjeur7e6wafbidzl')
2026-03-26T10:44:37Z WARNING bsky_collector_v2.job.index_feed_generators: listRecords failed repo=did:plc:pbd2y747vliyyoqwylz42jko err=HttpError('InvalidRequest: Could not find repo: did:plc:pbd2y747vliyyoqwylz42jko')
2026-03-26T10:44:37Z WARNING bsky_collector_v2.job.index_feed_generators: listRecords failed repo=did:plc:pxefz6cqvypnw5en4zvxwoiw err=HttpError('InvalidRequest: Could not find repo: did:plc:pxefz6cqvypnw5en4zvxwoiw')
2026-03-26T10:44:37Z WARNING bsky_collector_v2.job.index_feed_generators: listRecords failed repo=did:plc:rikmvmfuzh2itffvljebgwgh err=HttpError('InvalidRequest: Could not find repo: did:plc:rikmvmfuzh2itffvljebgwgh')
2026-03-26T10:44:37Z WARNING bsky_collector_v2.job.index_feed_generators: listRecords failed repo=did:plc:x5qx4o6w7kgg25kvie5z6dq3 err=HttpError('InvalidRequest: Could not find repo: did:plc:x5qx4o6w7kgg25kvie5z6dq3')
2026-03-26T10:44:37Z WARNING bsky_collector_v2.job.index_feed_generators: listRecords failed repo=did:plc:xwp5yc3ubsezfh52zj4d5xo4 err=HttpError('InvalidRequest: Could not find repo: did:plc:xwp5yc3ubsezfh52zj4d5xo4')
2026-03-26T10:44:37Z WARNING bsky_collector_v2.job.index_feed_generators: listRecords failed repo=did:plc:ymoxwkreitqivzedogivkms7 err=HttpError('InvalidRequest: Could not find repo: did:plc:ymoxwkreitqivzedogivkms7')
2026-03-26T10:44:38Z INFO bsky_collector_v2.job.index_feed_generators: enqueued repos page=5 mode=listRepos inserted=500 repos_returned=500 next_cursor=set
2026-03-26T10:44:41Z WARNING bsky_collector_v2.job.index_feed_generators: listRecords failed repo=did:plc:3fq4g6kegyl7snelbjmidg7o err=HttpError('InvalidRequest: Could not find repo: did:plc:3fq4g6kegyl7snelbjmidg7o')
2026-03-26T10:44:44Z WARNING bsky_collector_v2.job.index_feed_generators: listRecords failed repo=did:plc:46xk6xzhoausxt4ljajcnzkt err=HttpError('InvalidRequest: Could not find repo: did:plc:46xk6xzhoausxt4ljajcnzkt')
2026-03-26T10:44:57Z WARNING bsky_collector_v2.job.index_feed_generators: listRecords failed repo=did:plc:aw6ts2z3nnke4oj2xdhdkjvo err=HttpError('InvalidRequest: Could not find repo: did:plc:aw6ts2z3nnke4oj2xdhdkjvo')
2026-03-26T10:45:18Z WARNING bsky_collector_v2.job.index_feed_generators: listRecords failed repo=did:plc:is4wo5w4agxdv2cmymo5iylf err=HttpError('InvalidRequest: Could not find repo: did:plc:is4wo5w4agxdv2cmymo5iylf')
2026-03-26T10:45:19Z WARNING bsky_collector_v2.job.index_feed_generators: listRecords failed repo=did:plc:jabtlo2ax2yfc3wwdnmmceo2 err=HttpError('InvalidRequest: Could not find repo: did:plc:jabtlo2ax2yfc3wwdnmmceo2')
2026-03-26T10:45:40Z WARNING bsky_collector_v2.job.index_feed_generators: listRecords failed repo=did:plc:slouz7puhqdsm7dpkt6fku3z err=HttpError('InvalidRequest: Could not find repo: did:plc:slouz7puhqdsm7dpkt6fku3z')
2026-03-26T10:45:41Z WARNING bsky_collector_v2.job.index_feed_generators: listRecords failed repo=did:plc:sshflwojzjxkvdcojqfzjexl err=HttpError('InvalidRequest: Could not find repo: did:plc:sshflwojzjxkvdcojqfzjexl')
2026-03-26T10:45:48Z WARNING bsky_collector_v2.job.index_feed_generators: listRecords failed repo=did:plc:vh7jjj6ff3jewir2tk4srvbx err=HttpError('InvalidRequest: Could not find repo: did:plc:vh7jjj6ff3jewir2tk4srvbx')
2026-03-26T10:46:02Z WARNING bsky_collector_v2.job.index_feed_generators: listRecords failed repo=did:plc:3fq4g6kegyl7snelbjmidg7o err=HttpError('InvalidRequest: Could not find repo: did:plc:3fq4g6kegyl7snelbjmidg7o')
2026-03-26T10:46:02Z WARNING bsky_collector_v2.job.index_feed_generators: listRecords failed repo=did:plc:46xk6xzhoausxt4ljajcnzkt err=HttpError('InvalidRequest: Could not find repo: did:plc:46xk6xzhoausxt4ljajcnzkt')
2026-03-26T10:46:02Z WARNING bsky_collector_v2.job.index_feed_generators: listRecords failed repo=did:plc:aw6ts2z3nnke4oj2xdhdkjvo err=HttpError('InvalidRequest: Could not find repo: did:plc:aw6ts2z3nnke4oj2xdhdkjvo')
2026-03-26T10:46:02Z WARNING bsky_collector_v2.job.index_feed_generators: listRecords failed repo=did:plc:is4wo5w4agxdv2cmymo5iylf err=HttpError('InvalidRequest: Could not find repo: did:plc:is4wo5w4agxdv2cmymo5iylf')
2026-03-26T10:46:02Z WARNING bsky_collector_v2.job.index_feed_generators: listRecords failed repo=did:plc:jabtlo2ax2yfc3wwdnmmceo2 err=HttpError('InvalidRequest: Could not find repo: did:plc:jabtlo2ax2yfc3wwdnmmceo2')
2026-03-26T10:46:02Z WARNING bsky_collector_v2.job.index_feed_generators: listRecords failed repo=did:plc:slouz7puhqdsm7dpkt6fku3z err=HttpError('InvalidRequest: Could not find repo: did:plc:slouz7puhqdsm7dpkt6fku3z')
2026-03-26T10:46:02Z WARNING bsky_collector_v2.job.index_feed_generators: listRecords failed repo=did:plc:sshflwojzjxkvdcojqfzjexl err=HttpError('InvalidRequest: Could not find repo: did:plc:sshflwojzjxkvdcojqfzjexl')
2026-03-26T10:46:02Z WARNING bsky_collector_v2.job.index_feed_generators: listRecords failed repo=did:plc:vh7jjj6ff3jewir2tk4srvbx err=HttpError('InvalidRequest: Could not find repo: did:plc:vh7jjj6ff3jewir2tk4srvbx')
2026-03-26T10:46:02Z WARNING bsky_collector_v2.job.index_feed_generators: listRecords failed repo=did:plc:3fq4g6kegyl7snelbjmidg7o err=HttpError('InvalidRequest: Could not find repo: did:plc:3fq4g6kegyl7snelbjmidg7o')
2026-03-26T10:46:02Z WARNING bsky_collector_v2.job.index_feed_generators: listRecords failed repo=did:plc:46xk6xzhoausxt4ljajcnzkt err=HttpError('InvalidRequest: Could not find repo: did:plc:46xk6xzhoausxt4ljajcnzkt')
2026-03-26T10:46:02Z WARNING bsky_collector_v2.job.index_feed_generators: listRecords failed repo=did:plc:aw6ts2z3nnke4oj2xdhdkjvo err=HttpError('InvalidRequest: Could not find repo: did:plc:aw6ts2z3nnke4oj2xdhdkjvo')
2026-03-26T10:46:02Z WARNING bsky_collector_v2.job.index_feed_generators: listRecords failed repo=did:plc:is4wo5w4agxdv2cmymo5iylf err=HttpError('InvalidRequest: Could not find repo: did:plc:is4wo5w4agxdv2cmymo5iylf')
2026-03-26T10:46:02Z WARNING bsky_collector_v2.job.index_feed_generators: listRecords failed repo=did:plc:jabtlo2ax2yfc3wwdnmmceo2 err=HttpError('InvalidRequest: Could not find repo: did:plc:jabtlo2ax2yfc3wwdnmmceo2')
2026-03-26T10:46:02Z WARNING bsky_collector_v2.job.index_feed_generators: listRecords failed repo=did:plc:slouz7puhqdsm7dpkt6fku3z err=HttpError('InvalidRequest: Could not find repo: did:plc:slouz7puhqdsm7dpkt6fku3z')
2026-03-26T10:46:02Z WARNING bsky_collector_v2.job.index_feed_generators: listRecords failed repo=did:plc:sshflwojzjxkvdcojqfzjexl err=HttpError('InvalidRequest: Could not find repo: did:plc:sshflwojzjxkvdcojqfzjexl')
2026-03-26T10:46:03Z WARNING bsky_collector_v2.job.index_feed_generators: listRecords failed repo=did:plc:vh7jjj6ff3jewir2tk4srvbx err=HttpError('InvalidRequest: Could not find repo: did:plc:vh7jjj6ff3jewir2tk4srvbx')
2026-03-26T10:46:03Z INFO bsky_collector_v2.job.index_feed_generators: enqueued repos page=6 mode=listRepos inserted=500 repos_returned=500 next_cursor=set
2026-03-26T10:46:09Z WARNING bsky_collector_v2.job.index_feed_generators: listRecords failed repo=did:plc:57chsg6xqcagerymvosbedb3 err=HttpError('InvalidRequest: Could not find repo: did:plc:57chsg6xqcagerymvosbedb3')
2026-03-26T10:46:27Z WARNING bsky_collector_v2.job.index_feed_generators: listRecords failed repo=did:plc:ehu4zqyfi3g2o74jkvsufr4z err=HttpError('InvalidRequest: Could not find repo: did:plc:ehu4zqyfi3g2o74jkvsufr4z')
2026-03-26T10:46:41Z WARNING bsky_collector_v2.job.index_feed_generators: listRecords failed repo=did:plc:jxgltntuwg4yqsfuv5r4g62x err=HttpError('InvalidRequest: Could not find repo: did:plc:jxgltntuwg4yqsfuv5r4g62x')
2026-03-26T10:46:47Z WARNING bsky_collector_v2.job.index_feed_generators: listRecords failed repo=did:plc:mmyacilv65zisn4zlbxxl46l err=HttpError('InvalidRequest: Could not find repo: did:plc:mmyacilv65zisn4zlbxxl46l')
2026-03-26T10:46:55Z WARNING bsky_collector_v2.job.index_feed_generators: listRecords failed repo=did:plc:pluwlzn4sbi4mehhbcqckgoj err=HttpError('InvalidRequest: Could not find repo: did:plc:pluwlzn4sbi4mehhbcqckgoj')
2026-03-26T10:47:00Z WARNING bsky_collector_v2.job.index_feed_generators: listRecords failed repo=did:plc:rxpclpfqu7ogp7jjk3uyaom2 err=HttpError('InvalidRequest: Could not find repo: did:plc:rxpclpfqu7ogp7jjk3uyaom2')
2026-03-26T10:47:10Z WARNING bsky_collector_v2.job.index_feed_generators: listRecords failed repo=did:plc:vttljukzskc6zoauvhdvo4wm err=HttpError('InvalidRequest: Could not find repo: did:plc:vttljukzskc6zoauvhdvo4wm')
2026-03-26T10:47:23Z WARNING bsky_collector_v2.job.index_feed_generators: listRecords failed repo=did:plc:57chsg6xqcagerymvosbedb3 err=HttpError('InvalidRequest: Could not find repo: did:plc:57chsg6xqcagerymvosbedb3')
2026-03-26T10:47:23Z WARNING bsky_collector_v2.job.index_feed_generators: listRecords failed repo=did:plc:ehu4zqyfi3g2o74jkvsufr4z err=HttpError('InvalidRequest: Could not find repo: did:plc:ehu4zqyfi3g2o74jkvsufr4z')
2026-03-26T10:47:23Z WARNING bsky_collector_v2.job.index_feed_generators: listRecords failed repo=did:plc:jxgltntuwg4yqsfuv5r4g62x err=HttpError('InvalidRequest: Could not find repo: did:plc:jxgltntuwg4yqsfuv5r4g62x')
2026-03-26T10:47:23Z WARNING bsky_collector_v2.job.index_feed_generators: listRecords failed repo=did:plc:mmyacilv65zisn4zlbxxl46l err=HttpError('InvalidRequest: Could not find repo: did:plc:mmyacilv65zisn4zlbxxl46l')
2026-03-26T10:47:23Z WARNING bsky_collector_v2.job.index_feed_generators: listRecords failed repo=did:plc:pluwlzn4sbi4mehhbcqckgoj err=HttpError('InvalidRequest: Could not find repo: did:plc:pluwlzn4sbi4mehhbcqckgoj')
2026-03-26T10:47:23Z WARNING bsky_collector_v2.job.index_feed_generators: listRecords failed repo=did:plc:rxpclpfqu7ogp7jjk3uyaom2 err=HttpError('InvalidRequest: Could not find repo: did:plc:rxpclpfqu7ogp7jjk3uyaom2')
2026-03-26T10:47:23Z WARNING bsky_collector_v2.job.index_feed_generators: listRecords failed repo=did:plc:vttljukzskc6zoauvhdvo4wm err=HttpError('InvalidRequest: Could not find repo: did:plc:vttljukzskc6zoauvhdvo4wm')
2026-03-26T10:47:23Z WARNING bsky_collector_v2.job.index_feed_generators: listRecords failed repo=did:plc:57chsg6xqcagerymvosbedb3 err=HttpError('InvalidRequest: Could not find repo: did:plc:57chsg6xqcagerymvosbedb3')
2026-03-26T10:47:23Z WARNING bsky_collector_v2.job.index_feed_generators: listRecords failed repo=did:plc:ehu4zqyfi3g2o74jkvsufr4z err=HttpError('InvalidRequest: Could not find repo: did:plc:ehu4zqyfi3g2o74jkvsufr4z')
2026-03-26T10:47:23Z WARNING bsky_collector_v2.job.index_feed_generators: listRecords failed repo=did:plc:jxgltntuwg4yqsfuv5r4g62x err=HttpError('InvalidRequest: Could not find repo: did:plc:jxgltntuwg4yqsfuv5r4g62x')
2026-03-26T10:47:23Z WARNING bsky_collector_v2.job.index_feed_generators: listRecords failed repo=did:plc:mmyacilv65zisn4zlbxxl46l err=HttpError('InvalidRequest: Could not find repo: did:plc:mmyacilv65zisn4zlbxxl46l')
2026-03-26T10:47:23Z WARNING bsky_collector_v2.job.index_feed_generators: listRecords failed repo=did:plc:pluwlzn4sbi4mehhbcqckgoj err=HttpError('InvalidRequest: Could not find repo: did:plc:pluwlzn4sbi4mehhbcqckgoj')
2026-03-26T10:47:23Z WARNING bsky_collector_v2.job.index_feed_generators: listRecords failed repo=did:plc:rxpclpfqu7ogp7jjk3uyaom2 err=HttpError('InvalidRequest: Could not find repo: did:plc:rxpclpfqu7ogp7jjk3uyaom2')
2026-03-26T10:47:23Z WARNING bsky_collector_v2.job.index_feed_generators: listRecords failed repo=did:plc:vttljukzskc6zoauvhdvo4wm err=HttpError('InvalidRequest: Could not find repo: did:plc:vttljukzskc6zoauvhdvo4wm')
2026-03-26T10:47:24Z INFO bsky_collector_v2.job.index_feed_generators: enqueued repos page=7 mode=listRepos inserted=500 repos_returned=500 next_cursor=set
2026-03-26T10:47:33Z WARNING bsky_collector_v2.job.index_feed_generators: listRecords failed repo=did:plc:3iaqtylfsrkaiv6brdgoda55 err=HttpError('InvalidRequest: Could not find repo: did:plc:3iaqtylfsrkaiv6brdgoda55')
2026-03-26T10:47:41Z WARNING bsky_collector_v2.job.index_feed_generators: listRecords failed repo=did:plc:5w7vbajzpekfly42pk52gvv7 err=HttpError('InvalidRequest: Could not find repo: did:plc:5w7vbajzpekfly42pk52gvv7')
2026-03-26T10:47:47Z WARNING bsky_collector_v2.job.index_feed_generators: listRecords failed repo=did:plc:76i7yg7vukinobvu24eln7ru err=HttpError('InvalidRequest: Could not find repo: did:plc:76i7yg7vukinobvu24eln7ru')
2026-03-26T10:48:15Z WARNING bsky_collector_v2.job.index_feed_generators: listRecords failed repo=did:plc:h5yk5sklbcbx2dkgy43o6pya err=HttpError('InvalidRequest: Could not find repo: did:plc:h5yk5sklbcbx2dkgy43o6pya')
2026-03-26T10:48:23Z WARNING bsky_collector_v2.job.index_feed_generators: listRecords failed repo=did:plc:jixr2dkrvt3ustpvt7eqlbpa err=HttpError('InvalidRequest: Could not find repo: did:plc:jixr2dkrvt3ustpvt7eqlbpa')
2026-03-26T10:48:23Z WARNING bsky_collector_v2.job.index_feed_generators: listRecords failed repo=did:plc:jnelapn2ybxzxoskokgc75bn err=HttpError('InvalidRequest: Could not find repo: did:plc:jnelapn2ybxzxoskokgc75bn')
2026-03-26T10:48:38Z WARNING bsky_collector_v2.job.index_feed_generators: listRecords failed repo=did:plc:p6j226trvvzi5f4xsuqkvcsq err=HttpError('InvalidRequest: Could not find repo: did:plc:p6j226trvvzi5f4xsuqkvcsq')
2026-03-26T10:48:43Z WARNING bsky_collector_v2.job.index_feed_generators: listRecords failed repo=did:plc:qiuxaquy3lw4sl6msxf7ocwi err=HttpError('InvalidRequest: Could not find repo: did:plc:qiuxaquy3lw4sl6msxf7ocwi')
2026-03-26T10:48:51Z WARNING bsky_collector_v2.job.index_feed_generators: listRecords failed repo=did:plc:syaao45wnmy6avpyjm3ctoix err=HttpError('InvalidRequest: Could not find repo: did:plc:syaao45wnmy6avpyjm3ctoix')
2026-03-26T10:48:52Z WARNING bsky_collector_v2.job.index_feed_generators: listRecords failed repo=did:plc:tetsqlsecip4lryseezj5ole err=HttpError('InvalidRequest: Could not find repo: did:plc:tetsqlsecip4lryseezj5ole')
2026-03-26T10:49:09Z WARNING bsky_collector_v2.job.index_feed_generators: listRecords failed repo=did:plc:3iaqtylfsrkaiv6brdgoda55 err=HttpError('InvalidRequest: Could not find repo: did:plc:3iaqtylfsrkaiv6brdgoda55')
2026-03-26T10:49:09Z WARNING bsky_collector_v2.job.index_feed_generators: listRecords failed repo=did:plc:5w7vbajzpekfly42pk52gvv7 err=HttpError('InvalidRequest: Could not find repo: did:plc:5w7vbajzpekfly42pk52gvv7')
2026-03-26T10:49:09Z WARNING bsky_collector_v2.job.index_feed_generators: listRecords failed repo=did:plc:76i7yg7vukinobvu24eln7ru err=HttpError('InvalidRequest: Could not find repo: did:plc:76i7yg7vukinobvu24eln7ru')
2026-03-26T10:49:09Z WARNING bsky_collector_v2.job.index_feed_generators: listRecords failed repo=did:plc:h5yk5sklbcbx2dkgy43o6pya err=HttpError('InvalidRequest: Could not find repo: did:plc:h5yk5sklbcbx2dkgy43o6pya')
2026-03-26T10:49:09Z WARNING bsky_collector_v2.job.index_feed_generators: listRecords failed repo=did:plc:jixr2dkrvt3ustpvt7eqlbpa err=HttpError('InvalidRequest: Could not find repo: did:plc:jixr2dkrvt3ustpvt7eqlbpa')
2026-03-26T10:49:09Z WARNING bsky_collector_v2.job.index_feed_generators: listRecords failed repo=did:plc:jnelapn2ybxzxoskokgc75bn err=HttpError('InvalidRequest: Could not find repo: did:plc:jnelapn2ybxzxoskokgc75bn')
2026-03-26T10:49:09Z WARNING bsky_collector_v2.job.index_feed_generators: listRecords failed repo=did:plc:p6j226trvvzi5f4xsuqkvcsq err=HttpError('InvalidRequest: Could not find repo: did:plc:p6j226trvvzi5f4xsuqkvcsq')
2026-03-26T10:49:09Z WARNING bsky_collector_v2.job.index_feed_generators: listRecords failed repo=did:plc:qiuxaquy3lw4sl6msxf7ocwi err=HttpError('InvalidRequest: Could not find repo: did:plc:qiuxaquy3lw4sl6msxf7ocwi')
2026-03-26T10:49:09Z WARNING bsky_collector_v2.job.index_feed_generators: listRecords failed repo=did:plc:syaao45wnmy6avpyjm3ctoix err=HttpError('InvalidRequest: Could not find repo: did:plc:syaao45wnmy6avpyjm3ctoix')
2026-03-26T10:49:09Z WARNING bsky_collector_v2.job.index_feed_generators: listRecords failed repo=did:plc:tetsqlsecip4lryseezj5ole err=HttpError('InvalidRequest: Could not find repo: did:plc:tetsqlsecip4lryseezj5ole')
2026-03-26T10:49:09Z WARNING bsky_collector_v2.job.index_feed_generators: listRecords failed repo=did:plc:3iaqtylfsrkaiv6brdgoda55 err=HttpError('InvalidRequest: Could not find repo: did:plc:3iaqtylfsrkaiv6brdgoda55')
2026-03-26T10:49:09Z WARNING bsky_collector_v2.job.index_feed_generators: listRecords failed repo=did:plc:5w7vbajzpekfly42pk52gvv7 err=HttpError('InvalidRequest: Could not find repo: did:plc:5w7vbajzpekfly42pk52gvv7')
2026-03-26T10:49:09Z WARNING bsky_collector_v2.job.index_feed_generators: listRecords failed repo=did:plc:76i7yg7vukinobvu24eln7ru err=HttpError('InvalidRequest: Could not find repo: did:plc:76i7yg7vukinobvu24eln7ru')
2026-03-26T10:49:09Z WARNING bsky_collector_v2.job.index_feed_generators: listRecords failed repo=did:plc:h5yk5sklbcbx2dkgy43o6pya err=HttpError('InvalidRequest: Could not find repo: did:plc:h5yk5sklbcbx2dkgy43o6pya')
2026-03-26T10:49:09Z WARNING bsky_collector_v2.job.index_feed_generators: listRecords failed repo=did:plc:jixr2dkrvt3ustpvt7eqlbpa err=HttpError('InvalidRequest: Could not find repo: did:plc:jixr2dkrvt3ustpvt7eqlbpa')
2026-03-26T10:49:09Z WARNING bsky_collector_v2.job.index_feed_generators: listRecords failed repo=did:plc:jnelapn2ybxzxoskokgc75bn err=HttpError('InvalidRequest: Could not find repo: did:plc:jnelapn2ybxzxoskokgc75bn')
2026-03-26T10:49:09Z WARNING bsky_collector_v2.job.index_feed_generators: listRecords failed repo=did:plc:p6j226trvvzi5f4xsuqkvcsq err=HttpError('InvalidRequest: Could not find repo: did:plc:p6j226trvvzi5f4xsuqkvcsq')
2026-03-26T10:49:09Z WARNING bsky_collector_v2.job.index_feed_generators: listRecords failed repo=did:plc:qiuxaquy3lw4sl6msxf7ocwi err=HttpError('InvalidRequest: Could not find repo: did:plc:qiuxaquy3lw4sl6msxf7ocwi')
2026-03-26T10:49:09Z WARNING bsky_collector_v2.job.index_feed_generators: listRecords failed repo=did:plc:syaao45wnmy6avpyjm3ctoix err=HttpError('InvalidRequest: Could not find repo: did:plc:syaao45wnmy6avpyjm3ctoix')
2026-03-26T10:49:10Z WARNING bsky_collector_v2.job.index_feed_generators: listRecords failed repo=did:plc:tetsqlsecip4lryseezj5ole err=HttpError('InvalidRequest: Could not find repo: did:plc:tetsqlsecip4lryseezj5ole')
2026-03-26T10:49:10Z INFO bsky_collector_v2.job.index_feed_generators: enqueued repos page=8 mode=listRepos inserted=500 repos_returned=500 next_cursor=set
2026-03-26T10:49:25Z WARNING bsky_collector_v2.job.index_feed_generators: listRecords failed repo=did:plc:6f7tgqlztmvspcrpk6a2mwdp err=HttpError('InvalidRequest: Could not find repo: did:plc:6f7tgqlztmvspcrpk6a2mwdp')
2026-03-26T10:50:08Z WARNING bsky_collector_v2.job.index_feed_generators: listRecords failed repo=did:plc:kjmkp7e6bci5ye3xonttft6n err=HttpError('InvalidRequest: Could not find repo: did:plc:kjmkp7e6bci5ye3xonttft6n')
2026-03-26T10:50:48Z WARNING bsky_collector_v2.job.index_feed_generators: listRecords failed repo=did:plc:6f7tgqlztmvspcrpk6a2mwdp err=HttpError('InvalidRequest: Could not find repo: did:plc:6f7tgqlztmvspcrpk6a2mwdp')
2026-03-26T10:50:48Z WARNING bsky_collector_v2.job.index_feed_generators: listRecords failed repo=did:plc:kjmkp7e6bci5ye3xonttft6n err=HttpError('InvalidRequest: Could not find repo: did:plc:kjmkp7e6bci5ye3xonttft6n')
2026-03-26T10:50:48Z WARNING bsky_collector_v2.job.index_feed_generators: listRecords failed repo=did:plc:6f7tgqlztmvspcrpk6a2mwdp err=HttpError('InvalidRequest: Could not find repo: did:plc:6f7tgqlztmvspcrpk6a2mwdp')
2026-03-26T10:50:48Z WARNING bsky_collector_v2.job.index_feed_generators: listRecords failed repo=did:plc:kjmkp7e6bci5ye3xonttft6n err=HttpError('InvalidRequest: Could not find repo: did:plc:kjmkp7e6bci5ye3xonttft6n')
2026-03-26T10:50:49Z INFO bsky_collector_v2.job.index_feed_generators: enqueued repos page=9 mode=listRepos inserted=500 repos_returned=500 next_cursor=set
2026-03-26T10:50:57Z WARNING bsky_collector_v2.job.index_feed_generators: listRecords failed repo=did:plc:652elmezcohjkltvripotvth err=HttpError('InvalidRequest: Could not find repo: did:plc:652elmezcohjkltvripotvth')
2026-03-26T10:51:21Z WARNING bsky_collector_v2.job.index_feed_generators: listRecords failed repo=did:plc:gpt4d7geil5iome52w7hddzz err=HttpError('InvalidRequest: Could not find repo: did:plc:gpt4d7geil5iome52w7hddzz')
2026-03-26T10:51:21Z WARNING bsky_collector_v2.job.index_feed_generators: listRecords failed repo=did:plc:grtdzjwi2ie5ydgvlqxo4ecz err=HttpError('InvalidRequest: Could not find repo: did:plc:grtdzjwi2ie5ydgvlqxo4ecz')
2026-03-26T10:51:53Z WARNING bsky_collector_v2.job.index_feed_generators: listRecords failed repo=did:plc:taltxwjblsxiaic5lnznvhby err=HttpError('InvalidRequest: Could not find repo: did:plc:taltxwjblsxiaic5lnznvhby')
2026-03-26T10:52:06Z WARNING bsky_collector_v2.job.index_feed_generators: listRecords failed repo=did:plc:x3izw4cwqfiu3f7psb66jxuq err=HttpError('InvalidRequest: Could not find repo: did:plc:x3izw4cwqfiu3f7psb66jxuq')
2026-03-26T10:52:14Z WARNING bsky_collector_v2.job.index_feed_generators: listRecords failed repo=did:plc:652elmezcohjkltvripotvth err=HttpError('InvalidRequest: Could not find repo: did:plc:652elmezcohjkltvripotvth')
2026-03-26T10:52:14Z WARNING bsky_collector_v2.job.index_feed_generators: listRecords failed repo=did:plc:gpt4d7geil5iome52w7hddzz err=HttpError('InvalidRequest: Could not find repo: did:plc:gpt4d7geil5iome52w7hddzz')
2026-03-26T10:52:14Z WARNING bsky_collector_v2.job.index_feed_generators: listRecords failed repo=did:plc:grtdzjwi2ie5ydgvlqxo4ecz err=HttpError('InvalidRequest: Could not find repo: did:plc:grtdzjwi2ie5ydgvlqxo4ecz')
2026-03-26T10:52:14Z WARNING bsky_collector_v2.job.index_feed_generators: listRecords failed repo=did:plc:taltxwjblsxiaic5lnznvhby err=HttpError('InvalidRequest: Could not find repo: did:plc:taltxwjblsxiaic5lnznvhby')
2026-03-26T10:52:14Z WARNING bsky_collector_v2.job.index_feed_generators: listRecords failed repo=did:plc:x3izw4cwqfiu3f7psb66jxuq err=HttpError('InvalidRequest: Could not find repo: did:plc:x3izw4cwqfiu3f7psb66jxuq')
2026-03-26T10:52:14Z WARNING bsky_collector_v2.job.index_feed_generators: listRecords failed repo=did:plc:652elmezcohjkltvripotvth err=HttpError('InvalidRequest: Could not find repo: did:plc:652elmezcohjkltvripotvth')
2026-03-26T10:52:14Z WARNING bsky_collector_v2.job.index_feed_generators: listRecords failed repo=did:plc:gpt4d7geil5iome52w7hddzz err=HttpError('InvalidRequest: Could not find repo: did:plc:gpt4d7geil5iome52w7hddzz')
2026-03-26T10:52:14Z WARNING bsky_collector_v2.job.index_feed_generators: listRecords failed repo=did:plc:grtdzjwi2ie5ydgvlqxo4ecz err=HttpError('InvalidRequest: Could not find repo: did:plc:grtdzjwi2ie5ydgvlqxo4ecz')
2026-03-26T10:52:14Z WARNING bsky_collector_v2.job.index_feed_generators: listRecords failed repo=did:plc:taltxwjblsxiaic5lnznvhby err=HttpError('InvalidRequest: Could not find repo: did:plc:taltxwjblsxiaic5lnznvhby')
2026-03-26T10:52:14Z WARNING bsky_collector_v2.job.index_feed_generators: listRecords failed repo=did:plc:x3izw4cwqfiu3f7psb66jxuq err=HttpError('InvalidRequest: Could not find repo: did:plc:x3izw4cwqfiu3f7psb66jxuq')
2026-03-26T10:52:15Z INFO bsky_collector_v2.job.index_feed_generators: enqueued repos page=10 mode=listRepos inserted=500 repos_returned=500 next_cursor=set
2026-03-26T10:52:59Z WARNING bsky_collector_v2.job.index_feed_generators: listRecords failed repo=did:plc:jngu7qwvoqzsxmaktlegqrz7 err=HttpError('InvalidRequest: Could not find repo: did:plc:jngu7qwvoqzsxmaktlegqrz7')
2026-03-26T10:53:11Z WARNING bsky_collector_v2.job.index_feed_generators: listRecords failed repo=did:plc:le7dnsxt7n7jefdtojr244db err=HttpError('InvalidRequest: Could not find repo: did:plc:le7dnsxt7n7jefdtojr244db')
2026-03-26T10:53:56Z WARNING bsky_collector_v2.job.index_feed_generators: listRecords failed repo=did:plc:y5hul3zqikblvnz7lhjfm4kg err=HttpError('InvalidRequest: Could not find repo: did:plc:y5hul3zqikblvnz7lhjfm4kg')
2026-03-26T10:54:01Z WARNING bsky_collector_v2.job.index_feed_generators: listRecords failed repo=did:plc:zxpcra3trjfu43jtudjyzoie err=HttpError('InvalidRequest: Could not find repo: did:plc:zxpcra3trjfu43jtudjyzoie')
2026-03-26T10:54:02Z WARNING bsky_collector_v2.job.index_feed_generators: listRecords failed repo=did:plc:jngu7qwvoqzsxmaktlegqrz7 err=HttpError('InvalidRequest: Could not find repo: did:plc:jngu7qwvoqzsxmaktlegqrz7')
2026-03-26T10:54:02Z WARNING bsky_collector_v2.job.index_feed_generators: listRecords failed repo=did:plc:le7dnsxt7n7jefdtojr244db err=HttpError('InvalidRequest: Could not find repo: did:plc:le7dnsxt7n7jefdtojr244db')
2026-03-26T10:54:02Z WARNING bsky_collector_v2.job.index_feed_generators: listRecords failed repo=did:plc:y5hul3zqikblvnz7lhjfm4kg err=HttpError('InvalidRequest: Could not find repo: did:plc:y5hul3zqikblvnz7lhjfm4kg')
2026-03-26T10:54:02Z WARNING bsky_collector_v2.job.index_feed_generators: listRecords failed repo=did:plc:zxpcra3trjfu43jtudjyzoie err=HttpError('InvalidRequest: Could not find repo: did:plc:zxpcra3trjfu43jtudjyzoie')
2026-03-26T10:54:02Z WARNING bsky_collector_v2.job.index_feed_generators: listRecords failed repo=did:plc:jngu7qwvoqzsxmaktlegqrz7 err=HttpError('InvalidRequest: Could not find repo: did:plc:jngu7qwvoqzsxmaktlegqrz7')
2026-03-26T10:54:02Z WARNING bsky_collector_v2.job.index_feed_generators: listRecords failed repo=did:plc:le7dnsxt7n7jefdtojr244db err=HttpError('InvalidRequest: Could not find repo: did:plc:le7dnsxt7n7jefdtojr244db')
2026-03-26T10:54:02Z WARNING bsky_collector_v2.job.index_feed_generators: listRecords failed repo=did:plc:y5hul3zqikblvnz7lhjfm4kg err=HttpError('InvalidRequest: Could not find repo: did:plc:y5hul3zqikblvnz7lhjfm4kg')
2026-03-26T10:54:02Z WARNING bsky_collector_v2.job.index_feed_generators: listRecords failed repo=did:plc:zxpcra3trjfu43jtudjyzoie err=HttpError('InvalidRequest: Could not find repo: did:plc:zxpcra3trjfu43jtudjyzoie')
2026-03-26T10:54:03Z INFO bsky_collector_v2.job.index_feed_generators: enqueued repos page=11 mode=listRepos inserted=500 repos_returned=500 next_cursor=set
2026-03-26T10:54:05Z WARNING bsky_collector_v2.job.index_feed_generators: listRecords failed repo=did:plc:3bfdqc7jnqbzdvbj5aiqrqt5 err=HttpError('InvalidRequest: Could not find repo: did:plc:3bfdqc7jnqbzdvbj5aiqrqt5')
2026-03-26T10:54:17Z WARNING bsky_collector_v2.job.index_feed_generators: listRecords failed repo=did:plc:7syw73vvymhahaherhf5sjzs err=HttpError('InvalidRequest: Could not find repo: did:plc:7syw73vvymhahaherhf5sjzs')
2026-03-26T10:54:40Z WARNING bsky_collector_v2.job.index_feed_generators: listRecords failed repo=did:plc:gqwt4zzlwqkcg3y5hac2t75i err=HttpError('InvalidRequest: Could not find repo: did:plc:gqwt4zzlwqkcg3y5hac2t75i')
2026-03-26T10:54:41Z WARNING bsky_collector_v2.job.index_feed_generators: listRecords failed repo=did:plc:h4f7sguzkfowgqqapugky3ga err=HttpError('InvalidRequest: Could not find repo: did:plc:h4f7sguzkfowgqqapugky3ga')
2026-03-26T10:55:02Z WARNING bsky_collector_v2.job.index_feed_generators: listRecords failed repo=did:plc:p63zztpt5vkr7v3l23vpefzd err=HttpError('InvalidRequest: Could not find repo: did:plc:p63zztpt5vkr7v3l23vpefzd')
2026-03-26T10:55:04Z WARNING bsky_collector_v2.job.index_feed_generators: listRecords failed repo=did:plc:qdkbs3elsrnwddkd2bnswj5c err=HttpError('InvalidRequest: Could not find repo: did:plc:qdkbs3elsrnwddkd2bnswj5c')
2026-03-26T10:55:12Z WARNING bsky_collector_v2.job.index_feed_generators: listRecords failed repo=did:plc:siy4bzzekbdlkvieevq23atx err=HttpError('InvalidRequest: Could not find repo: did:plc:siy4bzzekbdlkvieevq23atx')
2026-03-26T10:55:21Z WARNING bsky_collector_v2.job.index_feed_generators: listRecords failed repo=did:plc:v5dycm5xv2d6ngyuv5xxqjae err=HttpError('InvalidRequest: Could not find repo: did:plc:v5dycm5xv2d6ngyuv5xxqjae')
2026-03-26T10:55:21Z WARNING bsky_collector_v2.job.index_feed_generators: listRecords failed repo=did:plc:vcaglmylcrqqotr5yfrgemf5 err=HttpError('InvalidRequest: Could not find repo: did:plc:vcaglmylcrqqotr5yfrgemf5')
2026-03-26T10:55:26Z WARNING bsky_collector_v2.job.index_feed_generators: listRecords failed repo=did:plc:wtofvoljm7j2gjcnyspkexlk err=HttpError('InvalidRequest: Could not find repo: did:plc:wtofvoljm7j2gjcnyspkexlk')
2026-03-26T10:55:35Z WARNING bsky_collector_v2.job.index_feed_generators: listRecords failed repo=did:plc:3bfdqc7jnqbzdvbj5aiqrqt5 err=HttpError('InvalidRequest: Could not find repo: did:plc:3bfdqc7jnqbzdvbj5aiqrqt5')
2026-03-26T10:55:35Z WARNING bsky_collector_v2.job.index_feed_generators: listRecords failed repo=did:plc:7syw73vvymhahaherhf5sjzs err=HttpError('InvalidRequest: Could not find repo: did:plc:7syw73vvymhahaherhf5sjzs')
2026-03-26T10:55:35Z WARNING bsky_collector_v2.job.index_feed_generators: listRecords failed repo=did:plc:gqwt4zzlwqkcg3y5hac2t75i err=HttpError('InvalidRequest: Could not find repo: did:plc:gqwt4zzlwqkcg3y5hac2t75i')
2026-03-26T10:55:35Z WARNING bsky_collector_v2.job.index_feed_generators: listRecords failed repo=did:plc:h4f7sguzkfowgqqapugky3ga err=HttpError('InvalidRequest: Could not find repo: did:plc:h4f7sguzkfowgqqapugky3ga')
2026-03-26T10:55:35Z WARNING bsky_collector_v2.job.index_feed_generators: listRecords failed repo=did:plc:p63zztpt5vkr7v3l23vpefzd err=HttpError('InvalidRequest: Could not find repo: did:plc:p63zztpt5vkr7v3l23vpefzd')
2026-03-26T10:55:35Z WARNING bsky_collector_v2.job.index_feed_generators: listRecords failed repo=did:plc:qdkbs3elsrnwddkd2bnswj5c err=HttpError('InvalidRequest: Could not find repo: did:plc:qdkbs3elsrnwddkd2bnswj5c')
2026-03-26T10:55:35Z WARNING bsky_collector_v2.job.index_feed_generators: listRecords failed repo=did:plc:siy4bzzekbdlkvieevq23atx err=HttpError('InvalidRequest: Could not find repo: did:plc:siy4bzzekbdlkvieevq23atx')
2026-03-26T10:55:35Z WARNING bsky_collector_v2.job.index_feed_generators: listRecords failed repo=did:plc:v5dycm5xv2d6ngyuv5xxqjae err=HttpError('InvalidRequest: Could not find repo: did:plc:v5dycm5xv2d6ngyuv5xxqjae')
2026-03-26T10:55:35Z WARNING bsky_collector_v2.job.index_feed_generators: listRecords failed repo=did:plc:vcaglmylcrqqotr5yfrgemf5 err=HttpError('InvalidRequest: Could not find repo: did:plc:vcaglmylcrqqotr5yfrgemf5')
2026-03-26T10:55:35Z WARNING bsky_collector_v2.job.index_feed_generators: listRecords failed repo=did:plc:wtofvoljm7j2gjcnyspkexlk err=HttpError('InvalidRequest: Could not find repo: did:plc:wtofvoljm7j2gjcnyspkexlk')
2026-03-26T10:55:35Z WARNING bsky_collector_v2.job.index_feed_generators: listRecords failed repo=did:plc:3bfdqc7jnqbzdvbj5aiqrqt5 err=HttpError('InvalidRequest: Could not find repo: did:plc:3bfdqc7jnqbzdvbj5aiqrqt5')
2026-03-26T10:55:35Z WARNING bsky_collector_v2.job.index_feed_generators: listRecords failed repo=did:plc:7syw73vvymhahaherhf5sjzs err=HttpError('InvalidRequest: Could not find repo: did:plc:7syw73vvymhahaherhf5sjzs')
2026-03-26T10:55:36Z WARNING bsky_collector_v2.job.index_feed_generators: listRecords failed repo=did:plc:gqwt4zzlwqkcg3y5hac2t75i err=HttpError('InvalidRequest: Could not find repo: did:plc:gqwt4zzlwqkcg3y5hac2t75i')
2026-03-26T10:55:36Z WARNING bsky_collector_v2.job.index_feed_generators: listRecords failed repo=did:plc:h4f7sguzkfowgqqapugky3ga err=HttpError('InvalidRequest: Could not find repo: did:plc:h4f7sguzkfowgqqapugky3ga')
2026-03-26T10:55:36Z WARNING bsky_collector_v2.job.index_feed_generators: listRecords failed repo=did:plc:p63zztpt5vkr7v3l23vpefzd err=HttpError('InvalidRequest: Could not find repo: did:plc:p63zztpt5vkr7v3l23vpefzd')
2026-03-26T10:55:36Z WARNING bsky_collector_v2.job.index_feed_generators: listRecords failed repo=did:plc:qdkbs3elsrnwddkd2bnswj5c err=HttpError('InvalidRequest: Could not find repo: did:plc:qdkbs3elsrnwddkd2bnswj5c')
2026-03-26T10:55:36Z WARNING bsky_collector_v2.job.index_feed_generators: listRecords failed repo=did:plc:siy4bzzekbdlkvieevq23atx err=HttpError('InvalidRequest: Could not find repo: did:plc:siy4bzzekbdlkvieevq23atx')
2026-03-26T10:55:36Z WARNING bsky_collector_v2.job.index_feed_generators: listRecords failed repo=did:plc:v5dycm5xv2d6ngyuv5xxqjae err=HttpError('InvalidRequest: Could not find repo: did:plc:v5dycm5xv2d6ngyuv5xxqjae')
2026-03-26T10:55:36Z WARNING bsky_collector_v2.job.index_feed_generators: listRecords failed repo=did:plc:vcaglmylcrqqotr5yfrgemf5 err=HttpError('InvalidRequest: Could not find repo: did:plc:vcaglmylcrqqotr5yfrgemf5')
2026-03-26T10:55:36Z WARNING bsky_collector_v2.job.index_feed_generators: listRecords failed repo=did:plc:wtofvoljm7j2gjcnyspkexlk err=HttpError('InvalidRequest: Could not find repo: did:plc:wtofvoljm7j2gjcnyspkexlk')
2026-03-26T10:55:37Z INFO bsky_collector_v2.job.index_feed_generators: enqueued repos page=12 mode=listRepos inserted=500 repos_returned=500 next_cursor=set
2026-03-26T10:55:40Z WARNING bsky_collector_v2.job.index_feed_generators: listRecords failed repo=did:plc:37e3fyb54bcdbxnhlpweizwp err=HttpError('InvalidRequest: Could not find repo: did:plc:37e3fyb54bcdbxnhlpweizwp')
2026-03-26T10:55:45Z WARNING bsky_collector_v2.job.index_feed_generators: listRecords failed repo=did:plc:53md6ifwvvnti7zc5vbhhvox err=HttpError('InvalidRequest: Could not find repo: did:plc:53md6ifwvvnti7zc5vbhhvox')
2026-03-26T10:55:48Z WARNING bsky_collector_v2.job.index_feed_generators: listRecords failed repo=did:plc:63qxbqyso7evaf4app7dgh3i err=HttpError('InvalidRequest: Could not find repo: did:plc:63qxbqyso7evaf4app7dgh3i')
2026-03-26T10:55:53Z WARNING bsky_collector_v2.job.index_feed_generators: listRecords failed repo=did:plc:7gsfp7gygqmenaelljcz5gv4 err=HttpError('InvalidRequest: Could not find repo: did:plc:7gsfp7gygqmenaelljcz5gv4')
2026-03-26T10:55:54Z WARNING bsky_collector_v2.job.index_feed_generators: listRecords failed repo=did:plc:7q5pnu7e3qu4gzggltu3ntld err=HttpError('InvalidRequest: Could not find repo: did:plc:7q5pnu7e3qu4gzggltu3ntld')
2026-03-26T10:55:57Z WARNING bsky_collector_v2.job.index_feed_generators: listRecords failed repo=did:plc:azw7auxzwpiiei2l5i5x7wvz err=HttpError('InvalidRequest: Could not find repo: did:plc:azw7auxzwpiiei2l5i5x7wvz')
2026-03-26T10:56:00Z WARNING bsky_collector_v2.job.index_feed_generators: listRecords failed repo=did:plc:byq5wc3tswv7ocn7kroh7u43 err=HttpError('InvalidRequest: Could not find repo: did:plc:byq5wc3tswv7ocn7kroh7u43')
2026-03-26T10:56:17Z WARNING bsky_collector_v2.job.index_feed_generators: listRecords failed repo=did:plc:i3fjrzgmcssjtqgvpyxfte6s err=HttpError('InvalidRequest: Could not find repo: did:plc:i3fjrzgmcssjtqgvpyxfte6s')
2026-03-26T10:56:18Z WARNING bsky_collector_v2.job.index_feed_generators: listRecords failed repo=did:plc:irlbwd3ikm3jbtck6uz277zq err=HttpError('InvalidRequest: Could not find repo: did:plc:irlbwd3ikm3jbtck6uz277zq')
2026-03-26T10:56:28Z WARNING bsky_collector_v2.job.index_feed_generators: listRecords failed repo=did:plc:mkyfdomdka3p7jtw4i52kv4g err=HttpError('InvalidRequest: Could not find repo: did:plc:mkyfdomdka3p7jtw4i52kv4g')
2026-03-26T10:56:32Z WARNING bsky_collector_v2.job.index_feed_generators: listRecords failed repo=did:plc:olujhd4rhjlv2ww6jrjs5g6a err=HttpError('InvalidRequest: Could not find repo: did:plc:olujhd4rhjlv2ww6jrjs5g6a')
2026-03-26T10:56:34Z WARNING bsky_collector_v2.job.index_feed_generators: listRecords failed repo=did:plc:pjqp63bnhgxhilsabkyrx75e err=HttpError('InvalidRequest: Could not find repo: did:plc:pjqp63bnhgxhilsabkyrx75e')
2026-03-26T10:56:44Z WARNING bsky_collector_v2.job.index_feed_generators: listRecords failed repo=did:plc:tfub5ainr5suavnrts4echbz err=HttpError('InvalidRequest: Could not find repo: did:plc:tfub5ainr5suavnrts4echbz')
2026-03-26T10:57:01Z WARNING bsky_collector_v2.job.index_feed_generators: listRecords failed repo=did:plc:xh54pkwsm4gzk47cbmvifhpy err=HttpError('InvalidRequest: Could not find repo: did:plc:xh54pkwsm4gzk47cbmvifhpy')
2026-03-26T10:57:11Z WARNING bsky_collector_v2.job.index_feed_generators: listRecords failed repo=did:plc:yx3q5x2n5f6uruflfbl4wnkt err=HttpError('InvalidRequest: Could not find repo: did:plc:yx3q5x2n5f6uruflfbl4wnkt')
2026-03-26T10:57:16Z WARNING bsky_collector_v2.job.index_feed_generators: listRecords failed repo=did:plc:37e3fyb54bcdbxnhlpweizwp err=HttpError('InvalidRequest: Could not find repo: did:plc:37e3fyb54bcdbxnhlpweizwp')
2026-03-26T10:57:16Z WARNING bsky_collector_v2.job.index_feed_generators: listRecords failed repo=did:plc:53md6ifwvvnti7zc5vbhhvox err=HttpError('InvalidRequest: Could not find repo: did:plc:53md6ifwvvnti7zc5vbhhvox')
2026-03-26T10:57:16Z WARNING bsky_collector_v2.job.index_feed_generators: listRecords failed repo=did:plc:63qxbqyso7evaf4app7dgh3i err=HttpError('InvalidRequest: Could not find repo: did:plc:63qxbqyso7evaf4app7dgh3i')
2026-03-26T10:57:16Z WARNING bsky_collector_v2.job.index_feed_generators: listRecords failed repo=did:plc:7gsfp7gygqmenaelljcz5gv4 err=HttpError('InvalidRequest: Could not find repo: did:plc:7gsfp7gygqmenaelljcz5gv4')
2026-03-26T10:57:16Z WARNING bsky_collector_v2.job.index_feed_generators: listRecords failed repo=did:plc:7q5pnu7e3qu4gzggltu3ntld err=HttpError('InvalidRequest: Could not find repo: did:plc:7q5pnu7e3qu4gzggltu3ntld')
2026-03-26T10:57:16Z WARNING bsky_collector_v2.job.index_feed_generators: listRecords failed repo=did:plc:azw7auxzwpiiei2l5i5x7wvz err=HttpError('InvalidRequest: Could not find repo: did:plc:azw7auxzwpiiei2l5i5x7wvz')
2026-03-26T10:57:17Z WARNING bsky_collector_v2.job.index_feed_generators: listRecords failed repo=did:plc:byq5wc3tswv7ocn7kroh7u43 err=HttpError('InvalidRequest: Could not find repo: did:plc:byq5wc3tswv7ocn7kroh7u43')
2026-03-26T10:57:17Z WARNING bsky_collector_v2.job.index_feed_generators: listRecords failed repo=did:plc:i3fjrzgmcssjtqgvpyxfte6s err=HttpError('InvalidRequest: Could not find repo: did:plc:i3fjrzgmcssjtqgvpyxfte6s')
2026-03-26T10:57:17Z WARNING bsky_collector_v2.job.index_feed_generators: listRecords failed repo=did:plc:irlbwd3ikm3jbtck6uz277zq err=HttpError('InvalidRequest: Could not find repo: did:plc:irlbwd3ikm3jbtck6uz277zq')
2026-03-26T10:57:17Z WARNING bsky_collector_v2.job.index_feed_generators: listRecords failed repo=did:plc:mkyfdomdka3p7jtw4i52kv4g err=HttpError('InvalidRequest: Could not find repo: did:plc:mkyfdomdka3p7jtw4i52kv4g')
2026-03-26T10:57:17Z WARNING bsky_collector_v2.job.index_feed_generators: listRecords failed repo=did:plc:olujhd4rhjlv2ww6jrjs5g6a err=HttpError('InvalidRequest: Could not find repo: did:plc:olujhd4rhjlv2ww6jrjs5g6a')
2026-03-26T10:57:18Z WARNING bsky_collector_v2.job.index_feed_generators: listRecords failed repo=did:plc:pjqp63bnhgxhilsabkyrx75e err=HttpError('InvalidRequest: Could not find repo: did:plc:pjqp63bnhgxhilsabkyrx75e')
2026-03-26T10:57:18Z WARNING bsky_collector_v2.job.index_feed_generators: listRecords failed repo=did:plc:tfub5ainr5suavnrts4echbz err=HttpError('InvalidRequest: Could not find repo: did:plc:tfub5ainr5suavnrts4echbz')
2026-03-26T10:57:18Z WARNING bsky_collector_v2.job.index_feed_generators: listRecords failed repo=did:plc:xh54pkwsm4gzk47cbmvifhpy err=HttpError('InvalidRequest: Could not find repo: did:plc:xh54pkwsm4gzk47cbmvifhpy')
2026-03-26T10:57:18Z WARNING bsky_collector_v2.job.index_feed_generators: listRecords failed repo=did:plc:yx3q5x2n5f6uruflfbl4wnkt err=HttpError('InvalidRequest: Could not find repo: did:plc:yx3q5x2n5f6uruflfbl4wnkt')
2026-03-26T10:57:18Z WARNING bsky_collector_v2.job.index_feed_generators: listRecords failed repo=did:plc:37e3fyb54bcdbxnhlpweizwp err=HttpError('InvalidRequest: Could not find repo: did:plc:37e3fyb54bcdbxnhlpweizwp')
2026-03-26T10:57:18Z WARNING bsky_collector_v2.job.index_feed_generators: listRecords failed repo=did:plc:53md6ifwvvnti7zc5vbhhvox err=HttpError('InvalidRequest: Could not find repo: did:plc:53md6ifwvvnti7zc5vbhhvox')
2026-03-26T10:57:18Z WARNING bsky_collector_v2.job.index_feed_generators: listRecords failed repo=did:plc:63qxbqyso7evaf4app7dgh3i err=HttpError('InvalidRequest: Could not find repo: did:plc:63qxbqyso7evaf4app7dgh3i')
2026-03-26T10:57:19Z WARNING bsky_collector_v2.job.index_feed_generators: listRecords failed repo=did:plc:7gsfp7gygqmenaelljcz5gv4 err=HttpError('InvalidRequest: Could not find repo: did:plc:7gsfp7gygqmenaelljcz5gv4')
2026-03-26T10:57:19Z WARNING bsky_collector_v2.job.index_feed_generators: listRecords failed repo=did:plc:7q5pnu7e3qu4gzggltu3ntld err=HttpError('InvalidRequest: Could not find repo: did:plc:7q5pnu7e3qu4gzggltu3ntld')
2026-03-26T10:57:19Z WARNING bsky_collector_v2.job.index_feed_generators: listRecords failed repo=did:plc:azw7auxzwpiiei2l5i5x7wvz err=HttpError('InvalidRequest: Could not find repo: did:plc:azw7auxzwpiiei2l5i5x7wvz')
2026-03-26T10:57:19Z WARNING bsky_collector_v2.job.index_feed_generators: listRecords failed repo=did:plc:byq5wc3tswv7ocn7kroh7u43 err=HttpError('InvalidRequest: Could not find repo: did:plc:byq5wc3tswv7ocn7kroh7u43')
2026-03-26T10:57:19Z WARNING bsky_collector_v2.job.index_feed_generators: listRecords failed repo=did:plc:i3fjrzgmcssjtqgvpyxfte6s err=HttpError('InvalidRequest: Could not find repo: did:plc:i3fjrzgmcssjtqgvpyxfte6s')
2026-03-26T10:57:19Z WARNING bsky_collector_v2.job.index_feed_generators: listRecords failed repo=did:plc:irlbwd3ikm3jbtck6uz277zq err=HttpError('InvalidRequest: Could not find repo: did:plc:irlbwd3ikm3jbtck6uz277zq')
2026-03-26T10:57:19Z WARNING bsky_collector_v2.job.index_feed_generators: listRecords failed repo=did:plc:mkyfdomdka3p7jtw4i52kv4g err=HttpError('InvalidRequest: Could not find repo: did:plc:mkyfdomdka3p7jtw4i52kv4g')
2026-03-26T10:57:19Z WARNING bsky_collector_v2.job.index_feed_generators: listRecords failed repo=did:plc:olujhd4rhjlv2ww6jrjs5g6a err=HttpError('InvalidRequest: Could not find repo: did:plc:olujhd4rhjlv2ww6jrjs5g6a')
2026-03-26T10:57:20Z WARNING bsky_collector_v2.job.index_feed_generators: listRecords failed repo=did:plc:pjqp63bnhgxhilsabkyrx75e err=HttpError('InvalidRequest: Could not find repo: did:plc:pjqp63bnhgxhilsabkyrx75e')
2026-03-26T10:57:20Z WARNING bsky_collector_v2.job.index_feed_generators: listRecords failed repo=did:plc:tfub5ainr5suavnrts4echbz err=HttpError('InvalidRequest: Could not find repo: did:plc:tfub5ainr5suavnrts4echbz')
2026-03-26T10:57:20Z WARNING bsky_collector_v2.job.index_feed_generators: listRecords failed repo=did:plc:xh54pkwsm4gzk47cbmvifhpy err=HttpError('InvalidRequest: Could not find repo: did:plc:xh54pkwsm4gzk47cbmvifhpy')
2026-03-26T10:57:20Z WARNING bsky_collector_v2.job.index_feed_generators: listRecords failed repo=did:plc:yx3q5x2n5f6uruflfbl4wnkt err=HttpError('InvalidRequest: Could not find repo: did:plc:yx3q5x2n5f6uruflfbl4wnkt')
2026-03-26T10:57:21Z INFO bsky_collector_v2.job.index_feed_generators: enqueued repos page=13 mode=listRepos inserted=500 repos_returned=500 next_cursor=set
2026-03-26T10:57:34Z WARNING bsky_collector_v2.job.index_feed_generators: listRecords failed repo=did:plc:6n3iivefyn5zgvw7j24gx4x6 err=HttpError('InvalidRequest: Could not find repo: did:plc:6n3iivefyn5zgvw7j24gx4x6')
2026-03-26T10:57:35Z WARNING bsky_collector_v2.job.index_feed_generators: listRecords failed repo=did:plc:6qcxn4u53bybhcxvadcpalle err=HttpError('InvalidRequest: Could not find repo: did:plc:6qcxn4u53bybhcxvadcpalle')
2026-03-26T10:57:48Z WARNING bsky_collector_v2.job.index_feed_generators: listRecords failed repo=did:plc:doaaktgyxuoebeh4jrbooqag err=HttpError('InvalidRequest: Could not find repo: did:plc:doaaktgyxuoebeh4jrbooqag')
2026-03-26T10:57:49Z WARNING bsky_collector_v2.job.index_feed_generators: listRecords failed repo=did:plc:dzr63ihsulcj4hzy2qrhgnja err=HttpError('InvalidRequest: Could not find repo: did:plc:dzr63ihsulcj4hzy2qrhgnja')
2026-03-26T10:58:02Z WARNING bsky_collector_v2.job.index_feed_generators: listRecords failed repo=did:plc:i7qvu3txd4oauryaxfqn3iqc err=HttpError('InvalidRequest: Could not find repo: did:plc:i7qvu3txd4oauryaxfqn3iqc')
2026-03-26T10:58:06Z WARNING bsky_collector_v2.job.index_feed_generators: listRecords failed repo=did:plc:jz35duzyhqnmjpkomiqahv6q err=HttpError('InvalidRequest: Could not find repo: did:plc:jz35duzyhqnmjpkomiqahv6q')
2026-03-26T10:58:19Z WARNING bsky_collector_v2.job.index_feed_generators: listRecords failed repo=did:plc:myubpwvtfqjf3ktcxvbz3mq4 err=HttpError('InvalidRequest: Could not find repo: did:plc:myubpwvtfqjf3ktcxvbz3mq4')
2026-03-26T10:58:26Z WARNING bsky_collector_v2.job.index_feed_generators: listRecords failed repo=did:plc:ojs2ztlh7gogdyziciiemgnr err=HttpError('InvalidRequest: Could not find repo: did:plc:ojs2ztlh7gogdyziciiemgnr')
2026-03-26T10:58:26Z WARNING bsky_collector_v2.job.index_feed_generators: listRecords failed repo=did:plc:omdg7my4wrm3fjy74zklj7in err=HttpError('InvalidRequest: Could not find repo: did:plc:omdg7my4wrm3fjy74zklj7in')
2026-03-26T10:58:27Z WARNING bsky_collector_v2.job.index_feed_generators: listRecords failed repo=did:plc:osbkqy6qfrjlyqy7lpoazr2e err=HttpError('InvalidRequest: Could not find repo: did:plc:osbkqy6qfrjlyqy7lpoazr2e')
2026-03-26T10:58:29Z WARNING bsky_collector_v2.job.index_feed_generators: listRecords failed repo=did:plc:pem7tjh6vbex2jhrfinx7da7 err=HttpError('InvalidRequest: Could not find repo: did:plc:pem7tjh6vbex2jhrfinx7da7')
2026-03-26T10:58:51Z WARNING bsky_collector_v2.job.index_feed_generators: listRecords failed repo=did:plc:xzeyd65pbeodptla7fwyxtgb err=HttpError('InvalidRequest: Could not find repo: did:plc:xzeyd65pbeodptla7fwyxtgb')
2026-03-26T10:58:57Z WARNING bsky_collector_v2.job.index_feed_generators: listRecords failed repo=did:plc:6n3iivefyn5zgvw7j24gx4x6 err=HttpError('InvalidRequest: Could not find repo: did:plc:6n3iivefyn5zgvw7j24gx4x6')
2026-03-26T10:58:57Z WARNING bsky_collector_v2.job.index_feed_generators: listRecords failed repo=did:plc:6qcxn4u53bybhcxvadcpalle err=HttpError('InvalidRequest: Could not find repo: did:plc:6qcxn4u53bybhcxvadcpalle')
2026-03-26T10:58:57Z WARNING bsky_collector_v2.job.index_feed_generators: listRecords failed repo=did:plc:doaaktgyxuoebeh4jrbooqag err=HttpError('InvalidRequest: Could not find repo: did:plc:doaaktgyxuoebeh4jrbooqag')
2026-03-26T10:58:57Z WARNING bsky_collector_v2.job.index_feed_generators: listRecords failed repo=did:plc:dzr63ihsulcj4hzy2qrhgnja err=HttpError('InvalidRequest: Could not find repo: did:plc:dzr63ihsulcj4hzy2qrhgnja')
2026-03-26T10:58:57Z WARNING bsky_collector_v2.job.index_feed_generators: listRecords failed repo=did:plc:i7qvu3txd4oauryaxfqn3iqc err=HttpError('InvalidRequest: Could not find repo: did:plc:i7qvu3txd4oauryaxfqn3iqc')
2026-03-26T10:58:57Z WARNING bsky_collector_v2.job.index_feed_generators: listRecords failed repo=did:plc:jz35duzyhqnmjpkomiqahv6q err=HttpError('InvalidRequest: Could not find repo: did:plc:jz35duzyhqnmjpkomiqahv6q')
2026-03-26T10:58:57Z WARNING bsky_collector_v2.job.index_feed_generators: listRecords failed repo=did:plc:myubpwvtfqjf3ktcxvbz3mq4 err=HttpError('InvalidRequest: Could not find repo: did:plc:myubpwvtfqjf3ktcxvbz3mq4')
2026-03-26T10:58:57Z WARNING bsky_collector_v2.job.index_feed_generators: listRecords failed repo=did:plc:ojs2ztlh7gogdyziciiemgnr err=HttpError('InvalidRequest: Could not find repo: did:plc:ojs2ztlh7gogdyziciiemgnr')
2026-03-26T10:58:57Z WARNING bsky_collector_v2.job.index_feed_generators: listRecords failed repo=did:plc:omdg7my4wrm3fjy74zklj7in err=HttpError('InvalidRequest: Could not find repo: did:plc:omdg7my4wrm3fjy74zklj7in')
2026-03-26T10:58:57Z WARNING bsky_collector_v2.job.index_feed_generators: listRecords failed repo=did:plc:osbkqy6qfrjlyqy7lpoazr2e err=HttpError('InvalidRequest: Could not find repo: did:plc:osbkqy6qfrjlyqy7lpoazr2e')
2026-03-26T10:58:57Z WARNING bsky_collector_v2.job.index_feed_generators: listRecords failed repo=did:plc:pem7tjh6vbex2jhrfinx7da7 err=HttpError('InvalidRequest: Could not find repo: did:plc:pem7tjh6vbex2jhrfinx7da7')
2026-03-26T10:58:57Z WARNING bsky_collector_v2.job.index_feed_generators: listRecords failed repo=did:plc:xzeyd65pbeodptla7fwyxtgb err=HttpError('InvalidRequest: Could not find repo: did:plc:xzeyd65pbeodptla7fwyxtgb')
2026-03-26T10:58:57Z WARNING bsky_collector_v2.job.index_feed_generators: listRecords failed repo=did:plc:6n3iivefyn5zgvw7j24gx4x6 err=HttpError('InvalidRequest: Could not find repo: did:plc:6n3iivefyn5zgvw7j24gx4x6')
2026-03-26T10:58:57Z WARNING bsky_collector_v2.job.index_feed_generators: listRecords failed repo=did:plc:6qcxn4u53bybhcxvadcpalle err=HttpError('InvalidRequest: Could not find repo: did:plc:6qcxn4u53bybhcxvadcpalle')
2026-03-26T10:58:57Z WARNING bsky_collector_v2.job.index_feed_generators: listRecords failed repo=did:plc:doaaktgyxuoebeh4jrbooqag err=HttpError('InvalidRequest: Could not find repo: did:plc:doaaktgyxuoebeh4jrbooqag')
2026-03-26T10:58:57Z WARNING bsky_collector_v2.job.index_feed_generators: listRecords failed repo=did:plc:dzr63ihsulcj4hzy2qrhgnja err=HttpError('InvalidRequest: Could not find repo: did:plc:dzr63ihsulcj4hzy2qrhgnja')
2026-03-26T10:58:58Z WARNING bsky_collector_v2.job.index_feed_generators: listRecords failed repo=did:plc:i7qvu3txd4oauryaxfqn3iqc err=HttpError('InvalidRequest: Could not find repo: did:plc:i7qvu3txd4oauryaxfqn3iqc')
2026-03-26T10:58:58Z WARNING bsky_collector_v2.job.index_feed_generators: listRecords failed repo=did:plc:jz35duzyhqnmjpkomiqahv6q err=HttpError('InvalidRequest: Could not find repo: did:plc:jz35duzyhqnmjpkomiqahv6q')
2026-03-26T10:58:58Z WARNING bsky_collector_v2.job.index_feed_generators: listRecords failed repo=did:plc:myubpwvtfqjf3ktcxvbz3mq4 err=HttpError('InvalidRequest: Could not find repo: did:plc:myubpwvtfqjf3ktcxvbz3mq4')
2026-03-26T10:58:58Z WARNING bsky_collector_v2.job.index_feed_generators: listRecords failed repo=did:plc:ojs2ztlh7gogdyziciiemgnr err=HttpError('InvalidRequest: Could not find repo: did:plc:ojs2ztlh7gogdyziciiemgnr')
2026-03-26T10:58:58Z WARNING bsky_collector_v2.job.index_feed_generators: listRecords failed repo=did:plc:omdg7my4wrm3fjy74zklj7in err=HttpError('InvalidRequest: Could not find repo: did:plc:omdg7my4wrm3fjy74zklj7in')
2026-03-26T10:58:58Z WARNING bsky_collector_v2.job.index_feed_generators: listRecords failed repo=did:plc:osbkqy6qfrjlyqy7lpoazr2e err=HttpError('InvalidRequest: Could not find repo: did:plc:osbkqy6qfrjlyqy7lpoazr2e')
2026-03-26T10:58:58Z WARNING bsky_collector_v2.job.index_feed_generators: listRecords failed repo=did:plc:pem7tjh6vbex2jhrfinx7da7 err=HttpError('InvalidRequest: Could not find repo: did:plc:pem7tjh6vbex2jhrfinx7da7')
2026-03-26T10:58:58Z WARNING bsky_collector_v2.job.index_feed_generators: listRecords failed repo=did:plc:xzeyd65pbeodptla7fwyxtgb err=HttpError('InvalidRequest: Could not find repo: did:plc:xzeyd65pbeodptla7fwyxtgb')
2026-03-26T10:58:58Z INFO bsky_collector_v2.job.index_feed_generators: enqueued repos page=14 mode=listRepos inserted=500 repos_returned=500 next_cursor=set
2026-03-26T10:59:30Z WARNING bsky_collector_v2.job.index_feed_generators: listRecords failed repo=did:plc:e466n4arv2n2he4uawvzcgem err=HttpError('InvalidRequest: Could not find repo: did:plc:e466n4arv2n2he4uawvzcgem')
2026-03-26T11:00:37Z WARNING bsky_collector_v2.job.index_feed_generators: listRecords failed repo=did:plc:x7wsl7bw7oozlbubm2gon5n2 err=HttpError('InvalidRequest: Could not find repo: did:plc:x7wsl7bw7oozlbubm2gon5n2')
2026-03-26T11:00:43Z WARNING bsky_collector_v2.job.index_feed_generators: listRecords failed repo=did:plc:e466n4arv2n2he4uawvzcgem err=HttpError('InvalidRequest: Could not find repo: did:plc:e466n4arv2n2he4uawvzcgem')
2026-03-26T11:00:43Z WARNING bsky_collector_v2.job.index_feed_generators: listRecords failed repo=did:plc:x7wsl7bw7oozlbubm2gon5n2 err=HttpError('InvalidRequest: Could not find repo: did:plc:x7wsl7bw7oozlbubm2gon5n2')
2026-03-26T11:00:43Z WARNING bsky_collector_v2.job.index_feed_generators: listRecords failed repo=did:plc:e466n4arv2n2he4uawvzcgem err=HttpError('InvalidRequest: Could not find repo: did:plc:e466n4arv2n2he4uawvzcgem')
2026-03-26T11:00:43Z WARNING bsky_collector_v2.job.index_feed_generators: listRecords failed repo=did:plc:x7wsl7bw7oozlbubm2gon5n2 err=HttpError('InvalidRequest: Could not find repo: did:plc:x7wsl7bw7oozlbubm2gon5n2')
2026-03-26T11:00:44Z INFO bsky_collector_v2.job.index_feed_generators: enqueued repos page=15 mode=listRepos inserted=500 repos_returned=500 next_cursor=set
2026-03-26T11:00:45Z WARNING bsky_collector_v2.job.index_feed_generators: listRecords failed repo=did:plc:2l4klybsmlknwthdxyhthaqm err=HttpError('InvalidRequest: Could not find repo: did:plc:2l4klybsmlknwthdxyhthaqm')
2026-03-26T11:00:46Z WARNING bsky_collector_v2.job.index_feed_generators: listRecords failed repo=did:plc:37bb5z3piotvuiobo2eyk6ei err=HttpError('InvalidRequest: Could not find repo: did:plc:37bb5z3piotvuiobo2eyk6ei')
2026-03-26T11:00:48Z WARNING bsky_collector_v2.job.index_feed_generators: listRecords failed repo=did:plc:45su5mdfsityyv27p5bshifr err=HttpError('InvalidRequest: Could not find repo: did:plc:45su5mdfsityyv27p5bshifr')
2026-03-26T11:01:22Z WARNING bsky_collector_v2.job.index_feed_generators: listRecords failed repo=did:plc:dp33pmpopcyouj4yhsll25em err=HttpError('InvalidRequest: Could not find repo: did:plc:dp33pmpopcyouj4yhsll25em')
2026-03-26T11:01:25Z WARNING bsky_collector_v2.job.index_feed_generators: listRecords failed repo=did:plc:enau5rzvrui4fx4dq5icgtle err=HttpError('InvalidRequest: Could not find repo: did:plc:enau5rzvrui4fx4dq5icgtle')
2026-03-26T11:01:42Z WARNING bsky_collector_v2.job.index_feed_generators: listRecords failed repo=did:plc:jwiunf3dd6ntzuojhzhz7vw3 err=HttpError('InvalidRequest: Could not find repo: did:plc:jwiunf3dd6ntzuojhzhz7vw3')
2026-03-26T11:01:48Z WARNING bsky_collector_v2.job.index_feed_generators: listRecords failed repo=did:plc:mfa5toejrbpnbapsizy4wvuw err=HttpError('InvalidRequest: Could not find repo: did:plc:mfa5toejrbpnbapsizy4wvuw')
2026-03-26T11:01:58Z WARNING bsky_collector_v2.job.index_feed_generators: listRecords failed repo=did:plc:qmacvwecq47f55mabwibxie7 err=HttpError('InvalidRequest: Could not find repo: did:plc:qmacvwecq47f55mabwibxie7')
2026-03-26T11:02:20Z WARNING bsky_collector_v2.job.index_feed_generators: listRecords failed repo=did:plc:2l4klybsmlknwthdxyhthaqm err=HttpError('InvalidRequest: Could not find repo: did:plc:2l4klybsmlknwthdxyhthaqm')
2026-03-26T11:02:20Z WARNING bsky_collector_v2.job.index_feed_generators: listRecords failed repo=did:plc:37bb5z3piotvuiobo2eyk6ei err=HttpError('InvalidRequest: Could not find repo: did:plc:37bb5z3piotvuiobo2eyk6ei')
2026-03-26T11:02:20Z WARNING bsky_collector_v2.job.index_feed_generators: listRecords failed repo=did:plc:45su5mdfsityyv27p5bshifr err=HttpError('InvalidRequest: Could not find repo: did:plc:45su5mdfsityyv27p5bshifr')
2026-03-26T11:02:20Z WARNING bsky_collector_v2.job.index_feed_generators: listRecords failed repo=did:plc:dp33pmpopcyouj4yhsll25em err=HttpError('InvalidRequest: Could not find repo: did:plc:dp33pmpopcyouj4yhsll25em')
2026-03-26T11:02:20Z WARNING bsky_collector_v2.job.index_feed_generators: listRecords failed repo=did:plc:enau5rzvrui4fx4dq5icgtle err=HttpError('InvalidRequest: Could not find repo: did:plc:enau5rzvrui4fx4dq5icgtle')
2026-03-26T11:02:20Z WARNING bsky_collector_v2.job.index_feed_generators: listRecords failed repo=did:plc:jwiunf3dd6ntzuojhzhz7vw3 err=HttpError('InvalidRequest: Could not find repo: did:plc:jwiunf3dd6ntzuojhzhz7vw3')
2026-03-26T11:02:21Z WARNING bsky_collector_v2.job.index_feed_generators: listRecords failed repo=did:plc:mfa5toejrbpnbapsizy4wvuw err=HttpError('InvalidRequest: Could not find repo: did:plc:mfa5toejrbpnbapsizy4wvuw')
2026-03-26T11:02:21Z WARNING bsky_collector_v2.job.index_feed_generators: listRecords failed repo=did:plc:qmacvwecq47f55mabwibxie7 err=HttpError('InvalidRequest: Could not find repo: did:plc:qmacvwecq47f55mabwibxie7')
2026-03-26T11:02:21Z WARNING bsky_collector_v2.job.index_feed_generators: listRecords failed repo=did:plc:2l4klybsmlknwthdxyhthaqm err=HttpError('InvalidRequest: Could not find repo: did:plc:2l4klybsmlknwthdxyhthaqm')
2026-03-26T11:02:21Z WARNING bsky_collector_v2.job.index_feed_generators: listRecords failed repo=did:plc:37bb5z3piotvuiobo2eyk6ei err=HttpError('InvalidRequest: Could not find repo: did:plc:37bb5z3piotvuiobo2eyk6ei')
2026-03-26T11:02:21Z WARNING bsky_collector_v2.job.index_feed_generators: listRecords failed repo=did:plc:45su5mdfsityyv27p5bshifr err=HttpError('InvalidRequest: Could not find repo: did:plc:45su5mdfsityyv27p5bshifr')
2026-03-26T11:02:21Z WARNING bsky_collector_v2.job.index_feed_generators: listRecords failed repo=did:plc:dp33pmpopcyouj4yhsll25em err=HttpError('InvalidRequest: Could not find repo: did:plc:dp33pmpopcyouj4yhsll25em')
2026-03-26T11:02:21Z WARNING bsky_collector_v2.job.index_feed_generators: listRecords failed repo=did:plc:enau5rzvrui4fx4dq5icgtle err=HttpError('InvalidRequest: Could not find repo: did:plc:enau5rzvrui4fx4dq5icgtle')
2026-03-26T11:02:21Z WARNING bsky_collector_v2.job.index_feed_generators: listRecords failed repo=did:plc:jwiunf3dd6ntzuojhzhz7vw3 err=HttpError('InvalidRequest: Could not find repo: did:plc:jwiunf3dd6ntzuojhzhz7vw3')
2026-03-26T11:02:21Z WARNING bsky_collector_v2.job.index_feed_generators: listRecords failed repo=did:plc:mfa5toejrbpnbapsizy4wvuw err=HttpError('InvalidRequest: Could not find repo: did:plc:mfa5toejrbpnbapsizy4wvuw')
2026-03-26T11:02:21Z WARNING bsky_collector_v2.job.index_feed_generators: listRecords failed repo=did:plc:qmacvwecq47f55mabwibxie7 err=HttpError('InvalidRequest: Could not find repo: did:plc:qmacvwecq47f55mabwibxie7')
2026-03-26T11:02:22Z INFO bsky_collector_v2.job.index_feed_generators: enqueued repos page=16 mode=listRepos inserted=500 repos_returned=500 next_cursor=set
2026-03-26T11:02:24Z WARNING bsky_collector_v2.job.index_feed_generators: listRecords failed repo=did:plc:2xtgjlip4iesetr7p66ynvjg err=HttpError('InvalidRequest: Could not find repo: did:plc:2xtgjlip4iesetr7p66ynvjg')
2026-03-26T11:02:49Z WARNING bsky_collector_v2.job.index_feed_generators: listRecords failed repo=did:plc:bbnssswytihj7d2gpoyixijw err=HttpError('InvalidRequest: Could not find repo: did:plc:bbnssswytihj7d2gpoyixijw')
2026-03-26T11:03:58Z WARNING bsky_collector_v2.job.index_feed_generators: listRecords failed repo=did:plc:2xtgjlip4iesetr7p66ynvjg err=HttpError('InvalidRequest: Could not find repo: did:plc:2xtgjlip4iesetr7p66ynvjg')
2026-03-26T11:03:58Z WARNING bsky_collector_v2.job.index_feed_generators: listRecords failed repo=did:plc:bbnssswytihj7d2gpoyixijw err=HttpError('InvalidRequest: Could not find repo: did:plc:bbnssswytihj7d2gpoyixijw')
2026-03-26T11:03:58Z WARNING bsky_collector_v2.job.index_feed_generators: listRecords failed repo=did:plc:2xtgjlip4iesetr7p66ynvjg err=HttpError('InvalidRequest: Could not find repo: did:plc:2xtgjlip4iesetr7p66ynvjg')
2026-03-26T11:03:58Z WARNING bsky_collector_v2.job.index_feed_generators: listRecords failed repo=did:plc:bbnssswytihj7d2gpoyixijw err=HttpError('InvalidRequest: Could not find repo: did:plc:bbnssswytihj7d2gpoyixijw')
2026-03-26T11:03:59Z INFO bsky_collector_v2.job.index_feed_generators: enqueued repos page=17 mode=listRepos inserted=500 repos_returned=500 next_cursor=set
2026-03-26T11:04:28Z INFO bsky_collector_v2.job.index_feed_generators: indexed repo=did:plc:b62btewm4glrhiep7e3v65it part=87 records=2 next_cursor=set
2026-03-26T11:05:41Z INFO bsky_collector_v2.job.index_feed_generators: enqueued repos page=18 mode=listRepos inserted=500 repos_returned=500 next_cursor=set
2026-03-26T11:05:42Z WARNING bsky_collector_v2.job.index_feed_generators: listRecords failed repo=did:plc:2derczrin6yetldelnch7j4u err=HttpError('InvalidRequest: Could not find repo: did:plc:2derczrin6yetldelnch7j4u')
2026-03-26T11:05:47Z WARNING bsky_collector_v2.job.index_feed_generators: listRecords failed repo=did:plc:454fuqawsicq5fhmfvkt6v3x err=HttpError('InvalidRequest: Could not find repo: did:plc:454fuqawsicq5fhmfvkt6v3x')
2026-03-26T11:07:04Z WARNING bsky_collector_v2.job.index_feed_generators: listRecords failed repo=did:plc:tzt7tl6tvnozfk7tlfjpfn34 err=HttpError('InvalidRequest: Could not find repo: did:plc:tzt7tl6tvnozfk7tlfjpfn34')
2026-03-26T11:07:04Z WARNING bsky_collector_v2.job.index_feed_generators: listRecords failed repo=did:plc:u44t6jo4zhpyket4tnlwzgha err=HttpError('InvalidRequest: Could not find repo: did:plc:u44t6jo4zhpyket4tnlwzgha')
2026-03-26T11:07:14Z WARNING bsky_collector_v2.job.index_feed_generators: listRecords failed repo=did:plc:wpeexfbe2ascjidwd7rtlos3 err=HttpError('InvalidRequest: Could not find repo: did:plc:wpeexfbe2ascjidwd7rtlos3')
2026-03-26T11:07:32Z WARNING bsky_collector_v2.job.index_feed_generators: listRecords failed repo=did:plc:2derczrin6yetldelnch7j4u err=HttpError('InvalidRequest: Could not find repo: did:plc:2derczrin6yetldelnch7j4u')
2026-03-26T11:07:32Z WARNING bsky_collector_v2.job.index_feed_generators: listRecords failed repo=did:plc:454fuqawsicq5fhmfvkt6v3x err=HttpError('InvalidRequest: Could not find repo: did:plc:454fuqawsicq5fhmfvkt6v3x')
2026-03-26T11:07:33Z WARNING bsky_collector_v2.job.index_feed_generators: listRecords failed repo=did:plc:tzt7tl6tvnozfk7tlfjpfn34 err=HttpError('InvalidRequest: Could not find repo: did:plc:tzt7tl6tvnozfk7tlfjpfn34')
2026-03-26T11:07:33Z WARNING bsky_collector_v2.job.index_feed_generators: listRecords failed repo=did:plc:u44t6jo4zhpyket4tnlwzgha err=HttpError('InvalidRequest: Could not find repo: did:plc:u44t6jo4zhpyket4tnlwzgha')
2026-03-26T11:07:33Z WARNING bsky_collector_v2.job.index_feed_generators: listRecords failed repo=did:plc:wpeexfbe2ascjidwd7rtlos3 err=HttpError('InvalidRequest: Could not find repo: did:plc:wpeexfbe2ascjidwd7rtlos3')
2026-03-26T11:07:33Z WARNING bsky_collector_v2.job.index_feed_generators: listRecords failed repo=did:plc:2derczrin6yetldelnch7j4u err=HttpError('InvalidRequest: Could not find repo: did:plc:2derczrin6yetldelnch7j4u')
2026-03-26T11:07:34Z WARNING bsky_collector_v2.job.index_feed_generators: listRecords failed repo=did:plc:454fuqawsicq5fhmfvkt6v3x err=HttpError('InvalidRequest: Could not find repo: did:plc:454fuqawsicq5fhmfvkt6v3x')
2026-03-26T11:07:34Z WARNING bsky_collector_v2.job.index_feed_generators: listRecords failed repo=did:plc:tzt7tl6tvnozfk7tlfjpfn34 err=HttpError('InvalidRequest: Could not find repo: did:plc:tzt7tl6tvnozfk7tlfjpfn34')
2026-03-26T11:07:34Z WARNING bsky_collector_v2.job.index_feed_generators: listRecords failed repo=did:plc:u44t6jo4zhpyket4tnlwzgha err=HttpError('InvalidRequest: Could not find repo: did:plc:u44t6jo4zhpyket4tnlwzgha')
2026-03-26T11:07:34Z WARNING bsky_collector_v2.job.index_feed_generators: listRecords failed repo=did:plc:wpeexfbe2ascjidwd7rtlos3 err=HttpError('InvalidRequest: Could not find repo: did:plc:wpeexfbe2ascjidwd7rtlos3')
2026-03-26T11:07:35Z INFO bsky_collector_v2.job.index_feed_generators: enqueued repos page=19 mode=listRepos inserted=500 repos_returned=500 next_cursor=set
2026-03-26T11:08:29Z INFO bsky_collector_v2.job.index_feed_generators: indexed repo=did:plc:ikhcogzdxewmitwobc5lvg3l part=88 records=1 next_cursor=set
2026-03-26T11:08:49Z WARNING bsky_collector_v2.job.index_feed_generators: listRecords failed repo=did:plc:q3uezdabzxnr5zfnanutqr6y err=HttpError('InvalidRequest: Could not find repo: did:plc:q3uezdabzxnr5zfnanutqr6y')
2026-03-26T11:08:57Z WARNING bsky_collector_v2.job.index_feed_generators: listRecords failed repo=did:plc:sunaopzqekbtcs6bmfqwqvip err=HttpError('InvalidRequest: Could not find repo: did:plc:sunaopzqekbtcs6bmfqwqvip')
2026-03-26T11:09:16Z WARNING bsky_collector_v2.job.index_feed_generators: listRecords failed repo=did:plc:q3uezdabzxnr5zfnanutqr6y err=HttpError('InvalidRequest: Could not find repo: did:plc:q3uezdabzxnr5zfnanutqr6y')
2026-03-26T11:09:16Z WARNING bsky_collector_v2.job.index_feed_generators: listRecords failed repo=did:plc:sunaopzqekbtcs6bmfqwqvip err=HttpError('InvalidRequest: Could not find repo: did:plc:sunaopzqekbtcs6bmfqwqvip')
2026-03-26T11:09:16Z WARNING bsky_collector_v2.job.index_feed_generators: listRecords failed repo=did:plc:q3uezdabzxnr5zfnanutqr6y err=HttpError('InvalidRequest: Could not find repo: did:plc:q3uezdabzxnr5zfnanutqr6y')
2026-03-26T11:09:17Z WARNING bsky_collector_v2.job.index_feed_generators: listRecords failed repo=did:plc:sunaopzqekbtcs6bmfqwqvip err=HttpError('InvalidRequest: Could not find repo: did:plc:sunaopzqekbtcs6bmfqwqvip')
2026-03-26T11:09:17Z INFO bsky_collector_v2.job.index_feed_generators: enqueued repos page=20 mode=listRepos inserted=500 repos_returned=500 next_cursor=set
2026-03-26T11:10:38Z WARNING bsky_collector_v2.job.index_feed_generators: listRecords failed repo=did:plc:xlr3agclc2ymnx3pr2wxtndm err=HttpError('InvalidRequest: Could not find repo: did:plc:xlr3agclc2ymnx3pr2wxtndm')
2026-03-26T11:10:45Z WARNING bsky_collector_v2.job.index_feed_generators: listRecords failed repo=did:plc:xlr3agclc2ymnx3pr2wxtndm err=HttpError('InvalidRequest: Could not find repo: did:plc:xlr3agclc2ymnx3pr2wxtndm')
2026-03-26T11:10:45Z WARNING bsky_collector_v2.job.index_feed_generators: listRecords failed repo=did:plc:xlr3agclc2ymnx3pr2wxtndm err=HttpError('InvalidRequest: Could not find repo: did:plc:xlr3agclc2ymnx3pr2wxtndm')
2026-03-26T11:10:46Z INFO bsky_collector_v2.job.index_feed_generators: enqueued repos page=21 mode=listRepos inserted=500 repos_returned=500 next_cursor=set
2026-03-26T11:11:06Z WARNING bsky_collector_v2.job.index_feed_generators: listRecords failed repo=did:plc:btw2mqcf6qt7n6rsrew5xsac err=HttpError('InvalidRequest: Could not find repo: did:plc:btw2mqcf6qt7n6rsrew5xsac')
2026-03-26T11:11:08Z WARNING bsky_collector_v2.job.index_feed_generators: listRecords failed repo=did:plc:d73ulw5bjuiawjnsjasxxfed err=HttpError('InvalidRequest: Could not find repo: did:plc:d73ulw5bjuiawjnsjasxxfed')
2026-03-26T11:11:27Z WARNING bsky_collector_v2.job.index_feed_generators: listRecords failed repo=did:plc:izquu5tw6pftqqxzonqlvhnc err=HttpError('InvalidRequest: Could not find repo: did:plc:izquu5tw6pftqqxzonqlvhnc')
2026-03-26T11:11:39Z WARNING bsky_collector_v2.job.index_feed_generators: listRecords failed repo=did:plc:nahwlhcl5xuchb3yletkdbn3 err=HttpError('InvalidRequest: Could not find repo: did:plc:nahwlhcl5xuchb3yletkdbn3')
2026-03-26T11:11:47Z WARNING bsky_collector_v2.job.index_feed_generators: listRecords failed repo=did:plc:ptnbmgj2dod4bzy7gtj5dpcw err=HttpError('InvalidRequest: Could not find repo: did:plc:ptnbmgj2dod4bzy7gtj5dpcw')
2026-03-26T11:11:51Z WARNING bsky_collector_v2.job.index_feed_generators: listRecords failed repo=did:plc:rtbf3p2wfisdyyxmezlvxet3 err=HttpError('InvalidRequest: Could not find repo: did:plc:rtbf3p2wfisdyyxmezlvxet3')
2026-03-26T11:12:14Z WARNING bsky_collector_v2.job.index_feed_generators: listRecords failed repo=did:plc:btw2mqcf6qt7n6rsrew5xsac err=HttpError('InvalidRequest: Could not find repo: did:plc:btw2mqcf6qt7n6rsrew5xsac')
2026-03-26T11:12:15Z WARNING bsky_collector_v2.job.index_feed_generators: listRecords failed repo=did:plc:d73ulw5bjuiawjnsjasxxfed err=HttpError('InvalidRequest: Could not find repo: did:plc:d73ulw5bjuiawjnsjasxxfed')
2026-03-26T11:12:15Z WARNING bsky_collector_v2.job.index_feed_generators: listRecords failed repo=did:plc:izquu5tw6pftqqxzonqlvhnc err=HttpError('InvalidRequest: Could not find repo: did:plc:izquu5tw6pftqqxzonqlvhnc')
2026-03-26T11:12:15Z WARNING bsky_collector_v2.job.index_feed_generators: listRecords failed repo=did:plc:nahwlhcl5xuchb3yletkdbn3 err=HttpError('InvalidRequest: Could not find repo: did:plc:nahwlhcl5xuchb3yletkdbn3')
2026-03-26T11:12:15Z WARNING bsky_collector_v2.job.index_feed_generators: listRecords failed repo=did:plc:ptnbmgj2dod4bzy7gtj5dpcw err=HttpError('InvalidRequest: Could not find repo: did:plc:ptnbmgj2dod4bzy7gtj5dpcw')
2026-03-26T11:12:15Z WARNING bsky_collector_v2.job.index_feed_generators: listRecords failed repo=did:plc:rtbf3p2wfisdyyxmezlvxet3 err=HttpError('InvalidRequest: Could not find repo: did:plc:rtbf3p2wfisdyyxmezlvxet3')
2026-03-26T11:12:15Z WARNING bsky_collector_v2.job.index_feed_generators: listRecords failed repo=did:plc:btw2mqcf6qt7n6rsrew5xsac err=HttpError('InvalidRequest: Could not find repo: did:plc:btw2mqcf6qt7n6rsrew5xsac')
2026-03-26T11:12:15Z WARNING bsky_collector_v2.job.index_feed_generators: listRecords failed repo=did:plc:d73ulw5bjuiawjnsjasxxfed err=HttpError('InvalidRequest: Could not find repo: did:plc:d73ulw5bjuiawjnsjasxxfed')
2026-03-26T11:12:15Z WARNING bsky_collector_v2.job.index_feed_generators: listRecords failed repo=did:plc:izquu5tw6pftqqxzonqlvhnc err=HttpError('InvalidRequest: Could not find repo: did:plc:izquu5tw6pftqqxzonqlvhnc')
2026-03-26T11:12:15Z WARNING bsky_collector_v2.job.index_feed_generators: listRecords failed repo=did:plc:nahwlhcl5xuchb3yletkdbn3 err=HttpError('InvalidRequest: Could not find repo: did:plc:nahwlhcl5xuchb3yletkdbn3')
2026-03-26T11:12:15Z WARNING bsky_collector_v2.job.index_feed_generators: listRecords failed repo=did:plc:ptnbmgj2dod4bzy7gtj5dpcw err=HttpError('InvalidRequest: Could not find repo: did:plc:ptnbmgj2dod4bzy7gtj5dpcw')
2026-03-26T11:12:15Z WARNING bsky_collector_v2.job.index_feed_generators: listRecords failed repo=did:plc:rtbf3p2wfisdyyxmezlvxet3 err=HttpError('InvalidRequest: Could not find repo: did:plc:rtbf3p2wfisdyyxmezlvxet3')
2026-03-26T11:12:16Z INFO bsky_collector_v2.job.index_feed_generators: enqueued repos page=22 mode=listRepos inserted=500 repos_returned=500 next_cursor=set
2026-03-26T11:13:17Z WARNING bsky_collector_v2.job.index_feed_generators: listRecords failed repo=did:plc:mmz2olgviqqal6upgqyz7ay5 err=HttpError('InvalidRequest: Could not find repo: did:plc:mmz2olgviqqal6upgqyz7ay5')
2026-03-26T11:13:55Z WARNING bsky_collector_v2.job.index_feed_generators: listRecords failed repo=did:plc:mmz2olgviqqal6upgqyz7ay5 err=HttpError('InvalidRequest: Could not find repo: did:plc:mmz2olgviqqal6upgqyz7ay5')
2026-03-26T11:13:55Z WARNING bsky_collector_v2.job.index_feed_generators: listRecords failed repo=did:plc:mmz2olgviqqal6upgqyz7ay5 err=HttpError('InvalidRequest: Could not find repo: did:plc:mmz2olgviqqal6upgqyz7ay5')
2026-03-26T11:13:56Z INFO bsky_collector_v2.job.index_feed_generators: enqueued repos page=23 mode=listRepos inserted=500 repos_returned=500 next_cursor=set
2026-03-26T11:14:26Z WARNING bsky_collector_v2.job.index_feed_generators: listRecords failed repo=did:plc:amhg66ou6oq4tl2kbgovi4hv err=HttpError('InvalidRequest: Could not find repo: did:plc:amhg66ou6oq4tl2kbgovi4hv')
2026-03-26T11:14:29Z WARNING bsky_collector_v2.job.index_feed_generators: listRecords failed repo=did:plc:c7gi3apr4uj6kq7wmuvmbzu4 err=HttpError('InvalidRequest: Could not find repo: did:plc:c7gi3apr4uj6kq7wmuvmbzu4')
2026-03-26T11:14:45Z WARNING bsky_collector_v2.job.index_feed_generators: listRecords failed repo=did:plc:hggy754txilwkuyfsqldfodz err=HttpError('InvalidRequest: Could not find repo: did:plc:hggy754txilwkuyfsqldfodz')
2026-03-26T11:14:55Z WARNING bsky_collector_v2.job.index_feed_generators: listRecords failed repo=did:plc:ll462hjckzkxzolftdymy4n7 err=HttpError('InvalidRequest: Could not find repo: did:plc:ll462hjckzkxzolftdymy4n7')
2026-03-26T11:15:02Z WARNING bsky_collector_v2.job.index_feed_generators: listRecords failed repo=did:plc:np5ewp3m6k2m34jxp7qtndyu err=HttpError('InvalidRequest: Could not find repo: did:plc:np5ewp3m6k2m34jxp7qtndyu')
2026-03-26T11:15:06Z WARNING bsky_collector_v2.job.index_feed_generators: listRecords failed repo=did:plc:oyl5dvak4l7l5h7serzdxgpo err=HttpError('InvalidRequest: Could not find repo: did:plc:oyl5dvak4l7l5h7serzdxgpo')
2026-03-26T11:15:10Z WARNING bsky_collector_v2.job.index_feed_generators: listRecords failed repo=did:plc:q6siyp32xlcq3u4h6breppwa err=HttpError('InvalidRequest: Could not find repo: did:plc:q6siyp32xlcq3u4h6breppwa')
2026-03-26T11:15:23Z WARNING bsky_collector_v2.job.index_feed_generators: listRecords failed repo=did:plc:vb57atx7anufyska3vmeiu2w err=HttpError('InvalidRequest: Could not find repo: did:plc:vb57atx7anufyska3vmeiu2w')
2026-03-26T11:15:38Z WARNING bsky_collector_v2.job.index_feed_generators: listRecords failed repo=did:plc:amhg66ou6oq4tl2kbgovi4hv err=HttpError('InvalidRequest: Could not find repo: did:plc:amhg66ou6oq4tl2kbgovi4hv')
2026-03-26T11:15:38Z WARNING bsky_collector_v2.job.index_feed_generators: listRecords failed repo=did:plc:c7gi3apr4uj6kq7wmuvmbzu4 err=HttpError('InvalidRequest: Could not find repo: did:plc:c7gi3apr4uj6kq7wmuvmbzu4')
2026-03-26T11:15:38Z WARNING bsky_collector_v2.job.index_feed_generators: listRecords failed repo=did:plc:hggy754txilwkuyfsqldfodz err=HttpError('InvalidRequest: Could not find repo: did:plc:hggy754txilwkuyfsqldfodz')
2026-03-26T11:15:38Z WARNING bsky_collector_v2.job.index_feed_generators: listRecords failed repo=did:plc:ll462hjckzkxzolftdymy4n7 err=HttpError('InvalidRequest: Could not find repo: did:plc:ll462hjckzkxzolftdymy4n7')
2026-03-26T11:15:38Z WARNING bsky_collector_v2.job.index_feed_generators: listRecords failed repo=did:plc:np5ewp3m6k2m34jxp7qtndyu err=HttpError('InvalidRequest: Could not find repo: did:plc:np5ewp3m6k2m34jxp7qtndyu')
2026-03-26T11:15:38Z WARNING bsky_collector_v2.job.index_feed_generators: listRecords failed repo=did:plc:oyl5dvak4l7l5h7serzdxgpo err=HttpError('InvalidRequest: Could not find repo: did:plc:oyl5dvak4l7l5h7serzdxgpo')
2026-03-26T11:15:38Z WARNING bsky_collector_v2.job.index_feed_generators: listRecords failed repo=did:plc:q6siyp32xlcq3u4h6breppwa err=HttpError('InvalidRequest: Could not find repo: did:plc:q6siyp32xlcq3u4h6breppwa')
2026-03-26T11:15:38Z WARNING bsky_collector_v2.job.index_feed_generators: listRecords failed repo=did:plc:vb57atx7anufyska3vmeiu2w err=HttpError('InvalidRequest: Could not find repo: did:plc:vb57atx7anufyska3vmeiu2w')
2026-03-26T11:15:39Z WARNING bsky_collector_v2.job.index_feed_generators: listRecords failed repo=did:plc:amhg66ou6oq4tl2kbgovi4hv err=HttpError('InvalidRequest: Could not find repo: did:plc:amhg66ou6oq4tl2kbgovi4hv')
2026-03-26T11:15:39Z WARNING bsky_collector_v2.job.index_feed_generators: listRecords failed repo=did:plc:c7gi3apr4uj6kq7wmuvmbzu4 err=HttpError('InvalidRequest: Could not find repo: did:plc:c7gi3apr4uj6kq7wmuvmbzu4')
2026-03-26T11:15:39Z WARNING bsky_collector_v2.job.index_feed_generators: listRecords failed repo=did:plc:hggy754txilwkuyfsqldfodz err=HttpError('InvalidRequest: Could not find repo: did:plc:hggy754txilwkuyfsqldfodz')
2026-03-26T11:15:39Z WARNING bsky_collector_v2.job.index_feed_generators: listRecords failed repo=did:plc:ll462hjckzkxzolftdymy4n7 err=HttpError('InvalidRequest: Could not find repo: did:plc:ll462hjckzkxzolftdymy4n7')
2026-03-26T11:15:39Z WARNING bsky_collector_v2.job.index_feed_generators: listRecords failed repo=did:plc:np5ewp3m6k2m34jxp7qtndyu err=HttpError('InvalidRequest: Could not find repo: did:plc:np5ewp3m6k2m34jxp7qtndyu')
2026-03-26T11:15:39Z WARNING bsky_collector_v2.job.index_feed_generators: listRecords failed repo=did:plc:oyl5dvak4l7l5h7serzdxgpo err=HttpError('InvalidRequest: Could not find repo: did:plc:oyl5dvak4l7l5h7serzdxgpo')
2026-03-26T11:15:39Z WARNING bsky_collector_v2.job.index_feed_generators: listRecords failed repo=did:plc:q6siyp32xlcq3u4h6breppwa err=HttpError('InvalidRequest: Could not find repo: did:plc:q6siyp32xlcq3u4h6breppwa')
2026-03-26T11:15:39Z WARNING bsky_collector_v2.job.index_feed_generators: listRecords failed repo=did:plc:vb57atx7anufyska3vmeiu2w err=HttpError('InvalidRequest: Could not find repo: did:plc:vb57atx7anufyska3vmeiu2w')
2026-03-26T11:15:40Z INFO bsky_collector_v2.job.index_feed_generators: enqueued repos page=24 mode=listRepos inserted=500 repos_returned=500 next_cursor=set
2026-03-26T11:15:46Z WARNING bsky_collector_v2.job.index_feed_generators: listRecords failed repo=did:plc:3uvv5h6fxyr4yd2n7j354xvq err=HttpError('InvalidRequest: Could not find repo: did:plc:3uvv5h6fxyr4yd2n7j354xvq')
2026-03-26T11:16:31Z WARNING bsky_collector_v2.job.index_feed_generators: listRecords failed repo=did:plc:mgwkyj4my4dfvt7davgv4xeb err=HttpError('InvalidRequest: Could not find repo: did:plc:mgwkyj4my4dfvt7davgv4xeb')
2026-03-26T11:16:39Z WARNING bsky_collector_v2.job.index_feed_generators: listRecords failed repo=did:plc:opsqyftjqrtzouyvzcachcnx err=HttpError('InvalidRequest: Could not find repo: did:plc:opsqyftjqrtzouyvzcachcnx')
2026-03-26T11:16:45Z WARNING bsky_collector_v2.job.index_feed_generators: listRecords failed repo=did:plc:qoygzcjrd2bj22wh5m6p2x3p err=HttpError('InvalidRequest: Could not find repo: did:plc:qoygzcjrd2bj22wh5m6p2x3p')
2026-03-26T11:16:52Z WARNING bsky_collector_v2.job.index_feed_generators: listRecords failed repo=did:plc:t7eyvqmk2ef7ezblfruocscp err=HttpError('InvalidRequest: Could not find repo: did:plc:t7eyvqmk2ef7ezblfruocscp')
2026-03-26T11:17:10Z WARNING bsky_collector_v2.job.index_feed_generators: listRecords failed repo=did:plc:3uvv5h6fxyr4yd2n7j354xvq err=HttpError('InvalidRequest: Could not find repo: did:plc:3uvv5h6fxyr4yd2n7j354xvq')
2026-03-26T11:17:10Z WARNING bsky_collector_v2.job.index_feed_generators: listRecords failed repo=did:plc:mgwkyj4my4dfvt7davgv4xeb err=HttpError('InvalidRequest: Could not find repo: did:plc:mgwkyj4my4dfvt7davgv4xeb')
2026-03-26T11:17:10Z WARNING bsky_collector_v2.job.index_feed_generators: listRecords failed repo=did:plc:opsqyftjqrtzouyvzcachcnx err=HttpError('InvalidRequest: Could not find repo: did:plc:opsqyftjqrtzouyvzcachcnx')
2026-03-26T11:17:10Z WARNING bsky_collector_v2.job.index_feed_generators: listRecords failed repo=did:plc:qoygzcjrd2bj22wh5m6p2x3p err=HttpError('InvalidRequest: Could not find repo: did:plc:qoygzcjrd2bj22wh5m6p2x3p')
2026-03-26T11:17:10Z WARNING bsky_collector_v2.job.index_feed_generators: listRecords failed repo=did:plc:t7eyvqmk2ef7ezblfruocscp err=HttpError('InvalidRequest: Could not find repo: did:plc:t7eyvqmk2ef7ezblfruocscp')
2026-03-26T11:17:10Z WARNING bsky_collector_v2.job.index_feed_generators: listRecords failed repo=did:plc:3uvv5h6fxyr4yd2n7j354xvq err=HttpError('InvalidRequest: Could not find repo: did:plc:3uvv5h6fxyr4yd2n7j354xvq')
2026-03-26T11:17:10Z WARNING bsky_collector_v2.job.index_feed_generators: listRecords failed repo=did:plc:mgwkyj4my4dfvt7davgv4xeb err=HttpError('InvalidRequest: Could not find repo: did:plc:mgwkyj4my4dfvt7davgv4xeb')
2026-03-26T11:17:10Z WARNING bsky_collector_v2.job.index_feed_generators: listRecords failed repo=did:plc:opsqyftjqrtzouyvzcachcnx err=HttpError('InvalidRequest: Could not find repo: did:plc:opsqyftjqrtzouyvzcachcnx')
2026-03-26T11:17:10Z WARNING bsky_collector_v2.job.index_feed_generators: listRecords failed repo=did:plc:qoygzcjrd2bj22wh5m6p2x3p err=HttpError('InvalidRequest: Could not find repo: did:plc:qoygzcjrd2bj22wh5m6p2x3p')
2026-03-26T11:17:10Z WARNING bsky_collector_v2.job.index_feed_generators: listRecords failed repo=did:plc:t7eyvqmk2ef7ezblfruocscp err=HttpError('InvalidRequest: Could not find repo: did:plc:t7eyvqmk2ef7ezblfruocscp')
2026-03-26T11:17:11Z INFO bsky_collector_v2.job.index_feed_generators: enqueued repos page=25 mode=listRepos inserted=500 repos_returned=500 next_cursor=set
2026-03-26T11:17:12Z WARNING bsky_collector_v2.job.index_feed_generators: listRecords failed repo=did:plc:2e6ftyphdft5wohqtlpwafap err=HttpError('InvalidRequest: Could not find repo: did:plc:2e6ftyphdft5wohqtlpwafap')
2026-03-26T11:17:52Z WARNING bsky_collector_v2.job.index_feed_generators: listRecords failed repo=did:plc:h5pc5zdqsfxol4hemudawvue err=HttpError('InvalidRequest: Could not find repo: did:plc:h5pc5zdqsfxol4hemudawvue')
2026-03-26T11:18:14Z WARNING bsky_collector_v2.job.index_feed_generators: listRecords failed repo=did:plc:p2nk3sdwk5vhnafu3fnbnukl err=HttpError('InvalidRequest: Could not find repo: did:plc:p2nk3sdwk5vhnafu3fnbnukl')
2026-03-26T11:18:22Z WARNING bsky_collector_v2.job.index_feed_generators: listRecords failed repo=did:plc:qgvbituf7of3nqdcp5svtnaf err=HttpError('InvalidRequest: Could not find repo: did:plc:qgvbituf7of3nqdcp5svtnaf')
2026-03-26T11:18:34Z WARNING bsky_collector_v2.job.index_feed_generators: listRecords failed repo=did:plc:swklh7qjdkhsoihkiebcqmhi err=HttpError('InvalidRequest: Could not find repo: did:plc:swklh7qjdkhsoihkiebcqmhi')
2026-03-26T11:18:51Z WARNING bsky_collector_v2.job.index_feed_generators: listRecords failed repo=did:plc:ys3d7xowlwhvs24yxprdowd7 err=HttpError('InvalidRequest: Could not find repo: did:plc:ys3d7xowlwhvs24yxprdowd7')
2026-03-26T11:18:55Z WARNING bsky_collector_v2.job.index_feed_generators: listRecords failed repo=did:plc:2e6ftyphdft5wohqtlpwafap err=HttpError('InvalidRequest: Could not find repo: did:plc:2e6ftyphdft5wohqtlpwafap')
2026-03-26T11:18:55Z WARNING bsky_collector_v2.job.index_feed_generators: listRecords failed repo=did:plc:h5pc5zdqsfxol4hemudawvue err=HttpError('InvalidRequest: Could not find repo: did:plc:h5pc5zdqsfxol4hemudawvue')
2026-03-26T11:18:56Z WARNING bsky_collector_v2.job.index_feed_generators: listRecords failed repo=did:plc:p2nk3sdwk5vhnafu3fnbnukl err=HttpError('InvalidRequest: Could not find repo: did:plc:p2nk3sdwk5vhnafu3fnbnukl')
2026-03-26T11:18:56Z WARNING bsky_collector_v2.job.index_feed_generators: listRecords failed repo=did:plc:qgvbituf7of3nqdcp5svtnaf err=HttpError('InvalidRequest: Could not find repo: did:plc:qgvbituf7of3nqdcp5svtnaf')
2026-03-26T11:18:56Z WARNING bsky_collector_v2.job.index_feed_generators: listRecords failed repo=did:plc:swklh7qjdkhsoihkiebcqmhi err=HttpError('InvalidRequest: Could not find repo: did:plc:swklh7qjdkhsoihkiebcqmhi')
2026-03-26T11:18:56Z WARNING bsky_collector_v2.job.index_feed_generators: listRecords failed repo=did:plc:ys3d7xowlwhvs24yxprdowd7 err=HttpError('InvalidRequest: Could not find repo: did:plc:ys3d7xowlwhvs24yxprdowd7')
2026-03-26T11:18:56Z WARNING bsky_collector_v2.job.index_feed_generators: listRecords failed repo=did:plc:2e6ftyphdft5wohqtlpwafap err=HttpError('InvalidRequest: Could not find repo: did:plc:2e6ftyphdft5wohqtlpwafap')
2026-03-26T11:18:56Z WARNING bsky_collector_v2.job.index_feed_generators: listRecords failed repo=did:plc:h5pc5zdqsfxol4hemudawvue err=HttpError('InvalidRequest: Could not find repo: did:plc:h5pc5zdqsfxol4hemudawvue')
2026-03-26T11:18:56Z WARNING bsky_collector_v2.job.index_feed_generators: listRecords failed repo=did:plc:p2nk3sdwk5vhnafu3fnbnukl err=HttpError('InvalidRequest: Could not find repo: did:plc:p2nk3sdwk5vhnafu3fnbnukl')
2026-03-26T11:18:56Z WARNING bsky_collector_v2.job.index_feed_generators: listRecords failed repo=did:plc:qgvbituf7of3nqdcp5svtnaf err=HttpError('InvalidRequest: Could not find repo: did:plc:qgvbituf7of3nqdcp5svtnaf')
2026-03-26T11:18:56Z WARNING bsky_collector_v2.job.index_feed_generators: listRecords failed repo=did:plc:swklh7qjdkhsoihkiebcqmhi err=HttpError('InvalidRequest: Could not find repo: did:plc:swklh7qjdkhsoihkiebcqmhi')
2026-03-26T11:18:56Z WARNING bsky_collector_v2.job.index_feed_generators: listRecords failed repo=did:plc:ys3d7xowlwhvs24yxprdowd7 err=HttpError('InvalidRequest: Could not find repo: did:plc:ys3d7xowlwhvs24yxprdowd7')
2026-03-26T11:18:57Z INFO bsky_collector_v2.job.index_feed_generators: enqueued repos page=26 mode=listRepos inserted=500 repos_returned=500 next_cursor=set
2026-03-26T11:19:27Z WARNING bsky_collector_v2.job.index_feed_generators: listRecords failed repo=did:plc:ewf7ne3krsqzo2rlkulwo324 err=HttpError('InvalidRequest: Could not find repo: did:plc:ewf7ne3krsqzo2rlkulwo324')
2026-03-26T11:19:29Z WARNING bsky_collector_v2.job.index_feed_generators: listRecords failed repo=did:plc:fjipiomuv2xaucmcarqnyvds err=HttpError('InvalidRequest: Could not find repo: did:plc:fjipiomuv2xaucmcarqnyvds')
2026-03-26T11:20:11Z WARNING bsky_collector_v2.job.index_feed_generators: listRecords failed repo=did:plc:v4rjsllygk4n35ufrfxkh3wi err=HttpError('InvalidRequest: Could not find repo: did:plc:v4rjsllygk4n35ufrfxkh3wi')
2026-03-26T11:20:19Z WARNING bsky_collector_v2.job.index_feed_generators: listRecords failed repo=did:plc:zbav2im2gnq3vd2bndpljwbl err=HttpError('InvalidRequest: Could not find repo: did:plc:zbav2im2gnq3vd2bndpljwbl')
2026-03-26T11:20:21Z WARNING bsky_collector_v2.job.index_feed_generators: listRecords failed repo=did:plc:ewf7ne3krsqzo2rlkulwo324 err=HttpError('InvalidRequest: Could not find repo: did:plc:ewf7ne3krsqzo2rlkulwo324')
2026-03-26T11:20:22Z WARNING bsky_collector_v2.job.index_feed_generators: listRecords failed repo=did:plc:fjipiomuv2xaucmcarqnyvds err=HttpError('InvalidRequest: Could not find repo: did:plc:fjipiomuv2xaucmcarqnyvds')
2026-03-26T11:20:22Z WARNING bsky_collector_v2.job.index_feed_generators: listRecords failed repo=did:plc:v4rjsllygk4n35ufrfxkh3wi err=HttpError('InvalidRequest: Could not find repo: did:plc:v4rjsllygk4n35ufrfxkh3wi')
2026-03-26T11:20:22Z WARNING bsky_collector_v2.job.index_feed_generators: listRecords failed repo=did:plc:zbav2im2gnq3vd2bndpljwbl err=HttpError('InvalidRequest: Could not find repo: did:plc:zbav2im2gnq3vd2bndpljwbl')
2026-03-26T11:20:22Z WARNING bsky_collector_v2.job.index_feed_generators: listRecords failed repo=did:plc:ewf7ne3krsqzo2rlkulwo324 err=HttpError('InvalidRequest: Could not find repo: did:plc:ewf7ne3krsqzo2rlkulwo324')
2026-03-26T11:20:22Z WARNING bsky_collector_v2.job.index_feed_generators: listRecords failed repo=did:plc:fjipiomuv2xaucmcarqnyvds err=HttpError('InvalidRequest: Could not find repo: did:plc:fjipiomuv2xaucmcarqnyvds')
2026-03-26T11:20:22Z WARNING bsky_collector_v2.job.index_feed_generators: listRecords failed repo=did:plc:v4rjsllygk4n35ufrfxkh3wi err=HttpError('InvalidRequest: Could not find repo: did:plc:v4rjsllygk4n35ufrfxkh3wi')
2026-03-26T11:20:22Z WARNING bsky_collector_v2.job.index_feed_generators: listRecords failed repo=did:plc:zbav2im2gnq3vd2bndpljwbl err=HttpError('InvalidRequest: Could not find repo: did:plc:zbav2im2gnq3vd2bndpljwbl')
2026-03-26T11:20:23Z INFO bsky_collector_v2.job.index_feed_generators: enqueued repos page=27 mode=listRepos inserted=500 repos_returned=500 next_cursor=set
2026-03-26T11:21:03Z WARNING bsky_collector_v2.job.index_feed_generators: listRecords failed repo=did:plc:hj4wxok24hcoksvmm6situjb err=HttpError('InvalidRequest: Could not find repo: did:plc:hj4wxok24hcoksvmm6situjb')
2026-03-26T11:21:19Z WARNING bsky_collector_v2.job.index_feed_generators: listRecords failed repo=did:plc:n6louzuouphtoccvs7tapizs err=HttpError('InvalidRequest: Could not find repo: did:plc:n6louzuouphtoccvs7tapizs')
2026-03-26T11:21:42Z WARNING bsky_collector_v2.job.index_feed_generators: listRecords failed repo=did:plc:wi4guaiysp5xt2flk6brfz2s err=HttpError('InvalidRequest: Could not find repo: did:plc:wi4guaiysp5xt2flk6brfz2s')
2026-03-26T11:21:48Z WARNING bsky_collector_v2.job.index_feed_generators: listRecords failed repo=did:plc:hj4wxok24hcoksvmm6situjb err=HttpError('InvalidRequest: Could not find repo: did:plc:hj4wxok24hcoksvmm6situjb')
2026-03-26T11:21:48Z WARNING bsky_collector_v2.job.index_feed_generators: listRecords failed repo=did:plc:n6louzuouphtoccvs7tapizs err=HttpError('InvalidRequest: Could not find repo: did:plc:n6louzuouphtoccvs7tapizs')
2026-03-26T11:21:48Z WARNING bsky_collector_v2.job.index_feed_generators: listRecords failed repo=did:plc:wi4guaiysp5xt2flk6brfz2s err=HttpError('InvalidRequest: Could not find repo: did:plc:wi4guaiysp5xt2flk6brfz2s')
2026-03-26T11:21:48Z WARNING bsky_collector_v2.job.index_feed_generators: listRecords failed repo=did:plc:hj4wxok24hcoksvmm6situjb err=HttpError('InvalidRequest: Could not find repo: did:plc:hj4wxok24hcoksvmm6situjb')
2026-03-26T11:21:48Z WARNING bsky_collector_v2.job.index_feed_generators: listRecords failed repo=did:plc:n6louzuouphtoccvs7tapizs err=HttpError('InvalidRequest: Could not find repo: did:plc:n6louzuouphtoccvs7tapizs')
2026-03-26T11:21:48Z WARNING bsky_collector_v2.job.index_feed_generators: listRecords failed repo=did:plc:wi4guaiysp5xt2flk6brfz2s err=HttpError('InvalidRequest: Could not find repo: did:plc:wi4guaiysp5xt2flk6brfz2s')
2026-03-26T11:21:48Z INFO bsky_collector_v2.job.index_feed_generators: enqueued repos page=28 mode=listRepos inserted=500 repos_returned=500 next_cursor=set
2026-03-26T11:21:52Z WARNING bsky_collector_v2.job.index_feed_generators: listRecords failed repo=did:plc:2qnhlra452l5wsvstaoecao5 err=HttpError('InvalidRequest: Could not find repo: did:plc:2qnhlra452l5wsvstaoecao5')
2026-03-26T11:23:29Z WARNING bsky_collector_v2.job.index_feed_generators: listRecords failed repo=did:plc:2qnhlra452l5wsvstaoecao5 err=HttpError('InvalidRequest: Could not find repo: did:plc:2qnhlra452l5wsvstaoecao5')
2026-03-26T11:23:29Z WARNING bsky_collector_v2.job.index_feed_generators: listRecords failed repo=did:plc:2qnhlra452l5wsvstaoecao5 err=HttpError('InvalidRequest: Could not find repo: did:plc:2qnhlra452l5wsvstaoecao5')
2026-03-26T11:23:30Z INFO bsky_collector_v2.job.index_feed_generators: enqueued repos page=29 mode=listRepos inserted=500 repos_returned=500 next_cursor=set
2026-03-26T11:24:20Z WARNING bsky_collector_v2.job.index_feed_generators: listRecords failed repo=did:plc:l4wofxkcj7jjh7d3z6tbepor err=HttpError('InvalidRequest: Could not find repo: did:plc:l4wofxkcj7jjh7d3z6tbepor')
2026-03-26T11:24:41Z WARNING bsky_collector_v2.job.index_feed_generators: listRecords failed repo=did:plc:tpqbolty4rwsq5ywbqxzoezf err=HttpError('InvalidRequest: Could not find repo: did:plc:tpqbolty4rwsq5ywbqxzoezf')
2026-03-26T11:24:59Z WARNING bsky_collector_v2.job.index_feed_generators: listRecords failed repo=did:plc:l4wofxkcj7jjh7d3z6tbepor err=HttpError('InvalidRequest: Could not find repo: did:plc:l4wofxkcj7jjh7d3z6tbepor')
2026-03-26T11:24:59Z WARNING bsky_collector_v2.job.index_feed_generators: listRecords failed repo=did:plc:tpqbolty4rwsq5ywbqxzoezf err=HttpError('InvalidRequest: Could not find repo: did:plc:tpqbolty4rwsq5ywbqxzoezf')
2026-03-26T11:24:59Z WARNING bsky_collector_v2.job.index_feed_generators: listRecords failed repo=did:plc:l4wofxkcj7jjh7d3z6tbepor err=HttpError('InvalidRequest: Could not find repo: did:plc:l4wofxkcj7jjh7d3z6tbepor')
2026-03-26T11:24:59Z WARNING bsky_collector_v2.job.index_feed_generators: listRecords failed repo=did:plc:tpqbolty4rwsq5ywbqxzoezf err=HttpError('InvalidRequest: Could not find repo: did:plc:tpqbolty4rwsq5ywbqxzoezf')
2026-03-26T11:25:00Z INFO bsky_collector_v2.job.index_feed_generators: enqueued repos page=30 mode=listRepos inserted=500 repos_returned=500 next_cursor=set
2026-03-26T11:25:37Z WARNING bsky_collector_v2.job.index_feed_generators: listRecords failed repo=did:plc:gp53sdnkx7cqczq4h6covs32 err=HttpError('InvalidRequest: Could not find repo: did:plc:gp53sdnkx7cqczq4h6covs32')
2026-03-26T11:26:00Z WARNING bsky_collector_v2.job.index_feed_generators: listRecords failed repo=did:plc:onfljgawqhqrz3dki5j6jh3m err=HttpError('InvalidRequest: Could not find repo: did:plc:onfljgawqhqrz3dki5j6jh3m')
2026-03-26T11:26:02Z WARNING bsky_collector_v2.job.index_feed_generators: listRecords failed repo=did:plc:plzxsxx44os25ubwql2umgej err=HttpError('InvalidRequest: Could not find repo: did:plc:plzxsxx44os25ubwql2umgej')
2026-03-26T11:26:13Z WARNING bsky_collector_v2.job.index_feed_generators: listRecords failed repo=did:plc:tw7dhpdwtbg5qrhmyqfnviwg err=HttpError('InvalidRequest: Could not find repo: did:plc:tw7dhpdwtbg5qrhmyqfnviwg')
2026-03-26T11:26:15Z WARNING bsky_collector_v2.job.index_feed_generators: listRecords failed repo=did:plc:usbq4punebkdqidxla4rsmzh err=HttpError('InvalidRequest: Could not find repo: did:plc:usbq4punebkdqidxla4rsmzh')
2026-03-26T11:26:19Z WARNING bsky_collector_v2.job.index_feed_generators: listRecords failed repo=did:plc:wpy3tmfaxfqkexjhjge6kiyn err=HttpError('InvalidRequest: Could not find repo: did:plc:wpy3tmfaxfqkexjhjge6kiyn')
2026-03-26T11:26:28Z WARNING bsky_collector_v2.job.index_feed_generators: listRecords failed repo=did:plc:gp53sdnkx7cqczq4h6covs32 err=HttpError('InvalidRequest: Could not find repo: did:plc:gp53sdnkx7cqczq4h6covs32')
2026-03-26T11:26:28Z WARNING bsky_collector_v2.job.index_feed_generators: listRecords failed repo=did:plc:onfljgawqhqrz3dki5j6jh3m err=HttpError('InvalidRequest: Could not find repo: did:plc:onfljgawqhqrz3dki5j6jh3m')
2026-03-26T11:26:28Z WARNING bsky_collector_v2.job.index_feed_generators: listRecords failed repo=did:plc:plzxsxx44os25ubwql2umgej err=HttpError('InvalidRequest: Could not find repo: did:plc:plzxsxx44os25ubwql2umgej')
2026-03-26T11:26:28Z WARNING bsky_collector_v2.job.index_feed_generators: listRecords failed repo=did:plc:tw7dhpdwtbg5qrhmyqfnviwg err=HttpError('InvalidRequest: Could not find repo: did:plc:tw7dhpdwtbg5qrhmyqfnviwg')
2026-03-26T11:26:28Z WARNING bsky_collector_v2.job.index_feed_generators: listRecords failed repo=did:plc:usbq4punebkdqidxla4rsmzh err=HttpError('InvalidRequest: Could not find repo: did:plc:usbq4punebkdqidxla4rsmzh')
2026-03-26T11:26:28Z WARNING bsky_collector_v2.job.index_feed_generators: listRecords failed repo=did:plc:wpy3tmfaxfqkexjhjge6kiyn err=HttpError('InvalidRequest: Could not find repo: did:plc:wpy3tmfaxfqkexjhjge6kiyn')
2026-03-26T11:26:28Z WARNING bsky_collector_v2.job.index_feed_generators: listRecords failed repo=did:plc:gp53sdnkx7cqczq4h6covs32 err=HttpError('InvalidRequest: Could not find repo: did:plc:gp53sdnkx7cqczq4h6covs32')
2026-03-26T11:26:28Z WARNING bsky_collector_v2.job.index_feed_generators: listRecords failed repo=did:plc:onfljgawqhqrz3dki5j6jh3m err=HttpError('InvalidRequest: Could not find repo: did:plc:onfljgawqhqrz3dki5j6jh3m')
2026-03-26T11:26:28Z WARNING bsky_collector_v2.job.index_feed_generators: listRecords failed repo=did:plc:plzxsxx44os25ubwql2umgej err=HttpError('InvalidRequest: Could not find repo: did:plc:plzxsxx44os25ubwql2umgej')
2026-03-26T11:26:29Z WARNING bsky_collector_v2.job.index_feed_generators: listRecords failed repo=did:plc:tw7dhpdwtbg5qrhmyqfnviwg err=HttpError('InvalidRequest: Could not find repo: did:plc:tw7dhpdwtbg5qrhmyqfnviwg')
2026-03-26T11:26:29Z WARNING bsky_collector_v2.job.index_feed_generators: listRecords failed repo=did:plc:usbq4punebkdqidxla4rsmzh err=HttpError('InvalidRequest: Could not find repo: did:plc:usbq4punebkdqidxla4rsmzh')
2026-03-26T11:26:29Z WARNING bsky_collector_v2.job.index_feed_generators: listRecords failed repo=did:plc:wpy3tmfaxfqkexjhjge6kiyn err=HttpError('InvalidRequest: Could not find repo: did:plc:wpy3tmfaxfqkexjhjge6kiyn')
2026-03-26T11:26:29Z INFO bsky_collector_v2.job.index_feed_generators: enqueued repos page=31 mode=listRepos inserted=500 repos_returned=500 next_cursor=set
2026-03-26T11:26:45Z WARNING bsky_collector_v2.job.index_feed_generators: listRecords failed repo=did:plc:7uvcwewvy66vyu2g7sq6yumx err=HttpError('InvalidRequest: Could not find repo: did:plc:7uvcwewvy66vyu2g7sq6yumx')
2026-03-26T11:26:58Z WARNING bsky_collector_v2.job.index_feed_generators: listRecords failed repo=did:plc:fsre675sfmbgmumbqninbjs3 err=HttpError('InvalidRequest: Could not find repo: did:plc:fsre675sfmbgmumbqninbjs3')
2026-03-26T11:27:25Z WARNING bsky_collector_v2.job.index_feed_generators: listRecords failed repo=did:plc:lucfpze6tc2itzujaq7hz6kq err=HttpError('InvalidRequest: Could not find repo: did:plc:lucfpze6tc2itzujaq7hz6kq')
2026-03-26T11:28:09Z WARNING bsky_collector_v2.job.index_feed_generators: listRecords failed repo=did:plc:7uvcwewvy66vyu2g7sq6yumx err=HttpError('InvalidRequest: Could not find repo: did:plc:7uvcwewvy66vyu2g7sq6yumx')
2026-03-26T11:28:09Z WARNING bsky_collector_v2.job.index_feed_generators: listRecords failed repo=did:plc:fsre675sfmbgmumbqninbjs3 err=HttpError('InvalidRequest: Could not find repo: did:plc:fsre675sfmbgmumbqninbjs3')
2026-03-26T11:28:09Z WARNING bsky_collector_v2.job.index_feed_generators: listRecords failed repo=did:plc:lucfpze6tc2itzujaq7hz6kq err=HttpError('InvalidRequest: Could not find repo: did:plc:lucfpze6tc2itzujaq7hz6kq')
2026-03-26T11:28:09Z WARNING bsky_collector_v2.job.index_feed_generators: listRecords failed repo=did:plc:7uvcwewvy66vyu2g7sq6yumx err=HttpError('InvalidRequest: Could not find repo: did:plc:7uvcwewvy66vyu2g7sq6yumx')
2026-03-26T11:28:09Z WARNING bsky_collector_v2.job.index_feed_generators: listRecords failed repo=did:plc:fsre675sfmbgmumbqninbjs3 err=HttpError('InvalidRequest: Could not find repo: did:plc:fsre675sfmbgmumbqninbjs3')
2026-03-26T11:28:09Z WARNING bsky_collector_v2.job.index_feed_generators: listRecords failed repo=did:plc:lucfpze6tc2itzujaq7hz6kq err=HttpError('InvalidRequest: Could not find repo: did:plc:lucfpze6tc2itzujaq7hz6kq')
2026-03-26T11:28:10Z INFO bsky_collector_v2.job.index_feed_generators: enqueued repos page=32 mode=listRepos inserted=500 repos_returned=500 next_cursor=set
2026-03-26T11:29:27Z WARNING bsky_collector_v2.job.index_feed_generators: listRecords failed repo=did:plc:rmhxl4ivxzln6qlbyxmxfroz err=HttpError('InvalidRequest: Could not find repo: did:plc:rmhxl4ivxzln6qlbyxmxfroz')
2026-03-26T11:29:31Z WARNING bsky_collector_v2.job.index_feed_generators: listRecords failed repo=did:plc:twu6nahnnpk4k7dvofgb3sxb err=HttpError('InvalidRequest: Could not find repo: did:plc:twu6nahnnpk4k7dvofgb3sxb')
2026-03-26T11:29:36Z WARNING bsky_collector_v2.job.index_feed_generators: listRecords failed repo=did:plc:vhvcmz5pgirwyxhwc7itqheo err=HttpError('InvalidRequest: Could not find repo: did:plc:vhvcmz5pgirwyxhwc7itqheo')
2026-03-26T11:29:49Z WARNING bsky_collector_v2.job.index_feed_generators: listRecords failed repo=did:plc:rmhxl4ivxzln6qlbyxmxfroz err=HttpError('InvalidRequest: Could not find repo: did:plc:rmhxl4ivxzln6qlbyxmxfroz')
2026-03-26T11:29:49Z WARNING bsky_collector_v2.job.index_feed_generators: listRecords failed repo=did:plc:twu6nahnnpk4k7dvofgb3sxb err=HttpError('InvalidRequest: Could not find repo: did:plc:twu6nahnnpk4k7dvofgb3sxb')
2026-03-26T11:29:49Z WARNING bsky_collector_v2.job.index_feed_generators: listRecords failed repo=did:plc:vhvcmz5pgirwyxhwc7itqheo err=HttpError('InvalidRequest: Could not find repo: did:plc:vhvcmz5pgirwyxhwc7itqheo')
2026-03-26T11:29:49Z WARNING bsky_collector_v2.job.index_feed_generators: listRecords failed repo=did:plc:rmhxl4ivxzln6qlbyxmxfroz err=HttpError('InvalidRequest: Could not find repo: did:plc:rmhxl4ivxzln6qlbyxmxfroz')
2026-03-26T11:29:49Z WARNING bsky_collector_v2.job.index_feed_generators: listRecords failed repo=did:plc:twu6nahnnpk4k7dvofgb3sxb err=HttpError('InvalidRequest: Could not find repo: did:plc:twu6nahnnpk4k7dvofgb3sxb')
2026-03-26T11:29:49Z WARNING bsky_collector_v2.job.index_feed_generators: listRecords failed repo=did:plc:vhvcmz5pgirwyxhwc7itqheo err=HttpError('InvalidRequest: Could not find repo: did:plc:vhvcmz5pgirwyxhwc7itqheo')
2026-03-26T11:29:50Z INFO bsky_collector_v2.job.index_feed_generators: enqueued repos page=33 mode=listRepos inserted=500 repos_returned=500 next_cursor=set
2026-03-26T11:29:52Z WARNING bsky_collector_v2.job.index_feed_generators: listRecords failed repo=did:plc:2tqadcblocpudccvrojarda6 err=HttpError('InvalidRequest: Could not find repo: did:plc:2tqadcblocpudccvrojarda6')
2026-03-26T11:30:26Z WARNING bsky_collector_v2.job.index_feed_generators: listRecords failed repo=did:plc:h3bl7sr5oae4qm5iw47sf3oi err=HttpError('InvalidRequest: Could not find repo: did:plc:h3bl7sr5oae4qm5iw47sf3oi')
2026-03-26T11:31:00Z WARNING bsky_collector_v2.job.index_feed_generators: listRecords failed repo=did:plc:u24s6qsepdmjht4kzn2mucnh err=HttpError('InvalidRequest: Could not find repo: did:plc:u24s6qsepdmjht4kzn2mucnh')
2026-03-26T11:31:15Z WARNING bsky_collector_v2.job.index_feed_generators: listRecords failed repo=did:web:temp.dreary.dev err=HttpError('InvalidRequest: Could not find repo: did:web:temp.dreary.dev')
2026-03-26T11:31:15Z WARNING bsky_collector_v2.job.index_feed_generators: listRecords failed repo=did:plc:2tqadcblocpudccvrojarda6 err=HttpError('InvalidRequest: Could not find repo: did:plc:2tqadcblocpudccvrojarda6')
2026-03-26T11:31:15Z WARNING bsky_collector_v2.job.index_feed_generators: listRecords failed repo=did:plc:h3bl7sr5oae4qm5iw47sf3oi err=HttpError('InvalidRequest: Could not find repo: did:plc:h3bl7sr5oae4qm5iw47sf3oi')
2026-03-26T11:31:15Z WARNING bsky_collector_v2.job.index_feed_generators: listRecords failed repo=did:plc:u24s6qsepdmjht4kzn2mucnh err=HttpError('InvalidRequest: Could not find repo: did:plc:u24s6qsepdmjht4kzn2mucnh')
2026-03-26T11:31:15Z WARNING bsky_collector_v2.job.index_feed_generators: listRecords failed repo=did:web:temp.dreary.dev err=HttpError('InvalidRequest: Could not find repo: did:web:temp.dreary.dev')
2026-03-26T11:31:15Z WARNING bsky_collector_v2.job.index_feed_generators: listRecords failed repo=did:plc:2tqadcblocpudccvrojarda6 err=HttpError('InvalidRequest: Could not find repo: did:plc:2tqadcblocpudccvrojarda6')
2026-03-26T11:31:15Z WARNING bsky_collector_v2.job.index_feed_generators: listRecords failed repo=did:plc:h3bl7sr5oae4qm5iw47sf3oi err=HttpError('InvalidRequest: Could not find repo: did:plc:h3bl7sr5oae4qm5iw47sf3oi')
2026-03-26T11:31:15Z WARNING bsky_collector_v2.job.index_feed_generators: listRecords failed repo=did:plc:u24s6qsepdmjht4kzn2mucnh err=HttpError('InvalidRequest: Could not find repo: did:plc:u24s6qsepdmjht4kzn2mucnh')
2026-03-26T11:31:15Z WARNING bsky_collector_v2.job.index_feed_generators: listRecords failed repo=did:web:temp.dreary.dev err=HttpError('InvalidRequest: Could not find repo: did:web:temp.dreary.dev')
2026-03-26T11:31:16Z INFO bsky_collector_v2.job.index_feed_generators: enqueued repos page=34 mode=listRepos inserted=500 repos_returned=500 next_cursor=set
2026-03-26T11:31:17Z WARNING bsky_collector_v2.job.index_feed_generators: listRecords failed repo=did:plc:2vkcxmyydv6zr6lizbbvsuuv err=HttpError('InvalidRequest: Could not find repo: did:plc:2vkcxmyydv6zr6lizbbvsuuv')
2026-03-26T11:31:22Z WARNING bsky_collector_v2.job.index_feed_generators: listRecords failed repo=did:plc:5hnztoikcoh7c76drbh63z35 err=HttpError('InvalidRequest: Could not find repo: did:plc:5hnztoikcoh7c76drbh63z35')
2026-03-26T11:31:28Z WARNING bsky_collector_v2.job.index_feed_generators: listRecords failed repo=did:plc:7xkucrk3rxxmzzfgtwsg75j4 err=HttpError('InvalidRequest: Could not find repo: did:plc:7xkucrk3rxxmzzfgtwsg75j4')
