2026-03-21T22:33:01Z INFO bsky_collector_v2: out_base ok path=/Volumes/T9/BlueSky/data_v2_full mount=/Volumes/T9
2026-03-21T22:33:01Z INFO bsky_collector_v2: job start subcommand=index-feed-generators dry_run=False resume=True
2026-03-21T22:33:01Z INFO bsky_collector_v2.job.index_feed_generators: feed generator index hosts relay_host=https://bsky.network records_host=https://bsky.social auth=yes
2026-03-21T22:33:02Z INFO bsky_collector_v2.job.index_feed_generators: enqueued repos page=1 mode=listRepos inserted=500 repos_returned=500 next_cursor=set
2026-03-21T22:33:04Z INFO bsky_collector_v2.job.index_feed_generators: indexed repo=did:plc:33yycz2ei5gwdvg6xsvv4eum part=216 records=2 next_cursor=set
2026-03-21T22:34:18Z INFO bsky_collector_v2.job.index_feed_generators: indexed repo=did:plc:rwea6dkm4pn3yibhdlzny7gy part=217 records=1 next_cursor=set
2026-03-21T22:34:48Z INFO bsky_collector_v2.job.index_feed_generators: enqueued repos page=2 mode=listRepos inserted=500 repos_returned=500 next_cursor=set
2026-03-21T22:35:06Z WARNING bsky_collector_v2.job.index_feed_generators: listRecords failed repo=did:plc:6u64kxct6gfmxhpley7rmznx err=HttpError('InvalidRequest: Could not find repo: did:plc:6u64kxct6gfmxhpley7rmznx')
2026-03-21T22:35:31Z WARNING bsky_collector_v2.job.index_feed_generators: listRecords failed repo=did:plc:dhlaegsfbkpfevnc2xbrso66 err=HttpError('InvalidRequest: Could not find repo: did:plc:dhlaegsfbkpfevnc2xbrso66')
2026-03-21T22:35:34Z WARNING bsky_collector_v2.job.index_feed_generators: listRecords failed repo=did:plc:eiq24zhzsivrb2bwruvv7nbd err=HttpError('InvalidRequest: Could not find repo: did:plc:eiq24zhzsivrb2bwruvv7nbd')
2026-03-21T22:35:52Z WARNING bsky_collector_v2.job.index_feed_generators: listRecords failed repo=did:plc:khqpbckkfwiidi52ykruri6d err=HttpError('InvalidRequest: Could not find repo: did:plc:khqpbckkfwiidi52ykruri6d')
2026-03-21T22:36:04Z WARNING bsky_collector_v2.job.index_feed_generators: listRecords failed repo=did:plc:p7baghukuam3mquk36fsplfg err=HttpError('InvalidRequest: Could not find repo: did:plc:p7baghukuam3mquk36fsplfg')
2026-03-21T22:36:09Z WARNING bsky_collector_v2.job.index_feed_generators: listRecords failed repo=did:plc:r2era5vadg5jlaeehn7qckuk err=HttpError('InvalidRequest: Could not find repo: did:plc:r2era5vadg5jlaeehn7qckuk')
2026-03-21T22:36:13Z WARNING bsky_collector_v2.job.index_feed_generators: listRecords failed repo=did:plc:sh5o44cweoyxflkxikbzxy3x err=HttpError('InvalidRequest: Could not find repo: did:plc:sh5o44cweoyxflkxikbzxy3x')
2026-03-21T22:36:21Z WARNING bsky_collector_v2.job.index_feed_generators: listRecords failed repo=did:plc:wc27mvmbh5rroxj2y3aszw5q err=HttpError('InvalidRequest: Could not find repo: did:plc:wc27mvmbh5rroxj2y3aszw5q')
2026-03-21T22:36:21Z WARNING bsky_collector_v2.job.index_feed_generators: listRecords failed repo=did:plc:wkyifd3clj3sgk424prqvnum err=HttpError('InvalidRequest: Could not find repo: did:plc:wkyifd3clj3sgk424prqvnum')
2026-03-21T22:36:32Z WARNING bsky_collector_v2.job.index_feed_generators: listRecords failed repo=did:plc:6u64kxct6gfmxhpley7rmznx err=HttpError('InvalidRequest: Could not find repo: did:plc:6u64kxct6gfmxhpley7rmznx')
2026-03-21T22:36:32Z WARNING bsky_collector_v2.job.index_feed_generators: listRecords failed repo=did:plc:dhlaegsfbkpfevnc2xbrso66 err=HttpError('InvalidRequest: Could not find repo: did:plc:dhlaegsfbkpfevnc2xbrso66')
2026-03-21T22:36:32Z WARNING bsky_collector_v2.job.index_feed_generators: listRecords failed repo=did:plc:eiq24zhzsivrb2bwruvv7nbd err=HttpError('InvalidRequest: Could not find repo: did:plc:eiq24zhzsivrb2bwruvv7nbd')
2026-03-21T22:36:32Z WARNING bsky_collector_v2.job.index_feed_generators: listRecords failed repo=did:plc:khqpbckkfwiidi52ykruri6d err=HttpError('InvalidRequest: Could not find repo: did:plc:khqpbckkfwiidi52ykruri6d')
2026-03-21T22:36:32Z WARNING bsky_collector_v2.job.index_feed_generators: listRecords failed repo=did:plc:p7baghukuam3mquk36fsplfg err=HttpError('InvalidRequest: Could not find repo: did:plc:p7baghukuam3mquk36fsplfg')
2026-03-21T22:36:32Z WARNING bsky_collector_v2.job.index_feed_generators: listRecords failed repo=did:plc:r2era5vadg5jlaeehn7qckuk err=HttpError('InvalidRequest: Could not find repo: did:plc:r2era5vadg5jlaeehn7qckuk')
2026-03-21T22:36:32Z WARNING bsky_collector_v2.job.index_feed_generators: listRecords failed repo=did:plc:sh5o44cweoyxflkxikbzxy3x err=HttpError('InvalidRequest: Could not find repo: did:plc:sh5o44cweoyxflkxikbzxy3x')
2026-03-21T22:36:32Z WARNING bsky_collector_v2.job.index_feed_generators: listRecords failed repo=did:plc:wc27mvmbh5rroxj2y3aszw5q err=HttpError('InvalidRequest: Could not find repo: did:plc:wc27mvmbh5rroxj2y3aszw5q')
2026-03-21T22:36:33Z WARNING bsky_collector_v2.job.index_feed_generators: listRecords failed repo=did:plc:wkyifd3clj3sgk424prqvnum err=HttpError('InvalidRequest: Could not find repo: did:plc:wkyifd3clj3sgk424prqvnum')
2026-03-21T22:36:33Z WARNING bsky_collector_v2.job.index_feed_generators: listRecords failed repo=did:plc:6u64kxct6gfmxhpley7rmznx err=HttpError('InvalidRequest: Could not find repo: did:plc:6u64kxct6gfmxhpley7rmznx')
2026-03-21T22:36:33Z WARNING bsky_collector_v2.job.index_feed_generators: listRecords failed repo=did:plc:dhlaegsfbkpfevnc2xbrso66 err=HttpError('InvalidRequest: Could not find repo: did:plc:dhlaegsfbkpfevnc2xbrso66')
2026-03-21T22:36:33Z WARNING bsky_collector_v2.job.index_feed_generators: listRecords failed repo=did:plc:eiq24zhzsivrb2bwruvv7nbd err=HttpError('InvalidRequest: Could not find repo: did:plc:eiq24zhzsivrb2bwruvv7nbd')
2026-03-21T22:36:33Z WARNING bsky_collector_v2.job.index_feed_generators: listRecords failed repo=did:plc:khqpbckkfwiidi52ykruri6d err=HttpError('InvalidRequest: Could not find repo: did:plc:khqpbckkfwiidi52ykruri6d')
2026-03-21T22:36:33Z WARNING bsky_collector_v2.job.index_feed_generators: listRecords failed repo=did:plc:p7baghukuam3mquk36fsplfg err=HttpError('InvalidRequest: Could not find repo: did:plc:p7baghukuam3mquk36fsplfg')
2026-03-21T22:36:33Z WARNING bsky_collector_v2.job.index_feed_generators: listRecords failed repo=did:plc:r2era5vadg5jlaeehn7qckuk err=HttpError('InvalidRequest: Could not find repo: did:plc:r2era5vadg5jlaeehn7qckuk')
2026-03-21T22:36:33Z WARNING bsky_collector_v2.job.index_feed_generators: listRecords failed repo=did:plc:sh5o44cweoyxflkxikbzxy3x err=HttpError('InvalidRequest: Could not find repo: did:plc:sh5o44cweoyxflkxikbzxy3x')
2026-03-21T22:36:33Z WARNING bsky_collector_v2.job.index_feed_generators: listRecords failed repo=did:plc:wc27mvmbh5rroxj2y3aszw5q err=HttpError('InvalidRequest: Could not find repo: did:plc:wc27mvmbh5rroxj2y3aszw5q')
2026-03-21T22:36:33Z WARNING bsky_collector_v2.job.index_feed_generators: listRecords failed repo=did:plc:wkyifd3clj3sgk424prqvnum err=HttpError('InvalidRequest: Could not find repo: did:plc:wkyifd3clj3sgk424prqvnum')
2026-03-21T22:36:34Z INFO bsky_collector_v2.job.index_feed_generators: enqueued repos page=3 mode=listRepos inserted=500 repos_returned=500 next_cursor=set
2026-03-21T22:36:48Z WARNING bsky_collector_v2.job.index_feed_generators: listRecords failed repo=did:plc:acscsftq6xswlyorijgyqteg err=HttpError('InvalidRequest: Could not find repo: did:plc:acscsftq6xswlyorijgyqteg')
2026-03-21T22:37:10Z WARNING bsky_collector_v2.job.index_feed_generators: listRecords failed repo=did:plc:jtzgppbjbztrz2q345zh5fm4 err=HttpError('InvalidRequest: Could not find repo: did:plc:jtzgppbjbztrz2q345zh5fm4')
2026-03-21T22:37:37Z WARNING bsky_collector_v2.job.index_feed_generators: listRecords failed repo=did:plc:s2uf46rxd7erht2qgaforr7g err=HttpError('InvalidRequest: Could not find repo: did:plc:s2uf46rxd7erht2qgaforr7g')
2026-03-21T22:37:58Z WARNING bsky_collector_v2.job.index_feed_generators: listRecords failed repo=did:plc:acscsftq6xswlyorijgyqteg err=HttpError('InvalidRequest: Could not find repo: did:plc:acscsftq6xswlyorijgyqteg')
2026-03-21T22:37:58Z WARNING bsky_collector_v2.job.index_feed_generators: listRecords failed repo=did:plc:jtzgppbjbztrz2q345zh5fm4 err=HttpError('InvalidRequest: Could not find repo: did:plc:jtzgppbjbztrz2q345zh5fm4')
2026-03-21T22:37:58Z WARNING bsky_collector_v2.job.index_feed_generators: listRecords failed repo=did:plc:s2uf46rxd7erht2qgaforr7g err=HttpError('InvalidRequest: Could not find repo: did:plc:s2uf46rxd7erht2qgaforr7g')
2026-03-21T22:37:58Z WARNING bsky_collector_v2.job.index_feed_generators: listRecords failed repo=did:plc:acscsftq6xswlyorijgyqteg err=HttpError('InvalidRequest: Could not find repo: did:plc:acscsftq6xswlyorijgyqteg')
2026-03-21T22:37:58Z WARNING bsky_collector_v2.job.index_feed_generators: listRecords failed repo=did:plc:jtzgppbjbztrz2q345zh5fm4 err=HttpError('InvalidRequest: Could not find repo: did:plc:jtzgppbjbztrz2q345zh5fm4')
2026-03-21T22:37:58Z WARNING bsky_collector_v2.job.index_feed_generators: listRecords failed repo=did:plc:s2uf46rxd7erht2qgaforr7g err=HttpError('InvalidRequest: Could not find repo: did:plc:s2uf46rxd7erht2qgaforr7g')
2026-03-21T22:37:59Z INFO bsky_collector_v2.job.index_feed_generators: enqueued repos page=4 mode=listRepos inserted=500 repos_returned=500 next_cursor=set
2026-03-21T22:38:17Z WARNING bsky_collector_v2.job.index_feed_generators: listRecords failed repo=did:plc:be5hdptm5lv5jpiogpsf4pzc err=HttpError('InvalidRequest: Could not find repo: did:plc:be5hdptm5lv5jpiogpsf4pzc')
2026-03-21T22:38:29Z INFO bsky_collector_v2.job.index_feed_generators: indexed repo=did:plc:ghytoooygxhorjsknegfkatg part=218 records=1 next_cursor=set
2026-03-21T22:39:13Z WARNING bsky_collector_v2.job.index_feed_generators: listRecords failed repo=did:plc:vfpxbbcwmgnhfj54rufyw6r6 err=HttpError('InvalidRequest: Could not find repo: did:plc:vfpxbbcwmgnhfj54rufyw6r6')
2026-03-21T22:39:24Z WARNING bsky_collector_v2.job.index_feed_generators: listRecords failed repo=did:plc:be5hdptm5lv5jpiogpsf4pzc err=HttpError('InvalidRequest: Could not find repo: did:plc:be5hdptm5lv5jpiogpsf4pzc')
2026-03-21T22:39:25Z WARNING bsky_collector_v2.job.index_feed_generators: listRecords failed repo=did:plc:vfpxbbcwmgnhfj54rufyw6r6 err=HttpError('InvalidRequest: Could not find repo: did:plc:vfpxbbcwmgnhfj54rufyw6r6')
2026-03-21T22:39:25Z WARNING bsky_collector_v2.job.index_feed_generators: listRecords failed repo=did:plc:be5hdptm5lv5jpiogpsf4pzc err=HttpError('InvalidRequest: Could not find repo: did:plc:be5hdptm5lv5jpiogpsf4pzc')
2026-03-21T22:39:25Z WARNING bsky_collector_v2.job.index_feed_generators: listRecords failed repo=did:plc:vfpxbbcwmgnhfj54rufyw6r6 err=HttpError('InvalidRequest: Could not find repo: did:plc:vfpxbbcwmgnhfj54rufyw6r6')
2026-03-21T22:39:25Z INFO bsky_collector_v2.job.index_feed_generators: enqueued repos page=5 mode=listRepos inserted=500 repos_returned=500 next_cursor=set
2026-03-21T22:39:33Z WARNING bsky_collector_v2.job.index_feed_generators: listRecords failed repo=did:plc:4vzrff5663wa3z7acwdas2e7 err=HttpError('InvalidRequest: Could not find repo: did:plc:4vzrff5663wa3z7acwdas2e7')
2026-03-21T22:39:44Z WARNING bsky_collector_v2.job.index_feed_generators: listRecords failed repo=did:plc:avyvdioycq52zmnyy7ktc5hw err=HttpError('InvalidRequest: Could not find repo: did:plc:avyvdioycq52zmnyy7ktc5hw')
2026-03-21T22:39:56Z WARNING bsky_collector_v2.job.index_feed_generators: listRecords failed repo=did:plc:gierrk5mv47sjpsymewn33ht err=HttpError('InvalidRequest: Could not find repo: did:plc:gierrk5mv47sjpsymewn33ht')
2026-03-21T22:40:06Z INFO bsky_collector_v2.job.index_feed_generators: indexed repo=did:plc:jnboxllurtskjqgi6cgzpkyu part=219 records=1 next_cursor=set
2026-03-21T22:40:54Z WARNING bsky_collector_v2.job.index_feed_generators: listRecords failed repo=did:plc:zrzoncictssz5khl5mqzy3xs err=HttpError('InvalidRequest: Could not find repo: did:plc:zrzoncictssz5khl5mqzy3xs')
2026-03-21T22:40:54Z WARNING bsky_collector_v2.job.index_feed_generators: listRecords failed repo=did:plc:4vzrff5663wa3z7acwdas2e7 err=HttpError('InvalidRequest: Could not find repo: did:plc:4vzrff5663wa3z7acwdas2e7')
2026-03-21T22:40:54Z WARNING bsky_collector_v2.job.index_feed_generators: listRecords failed repo=did:plc:avyvdioycq52zmnyy7ktc5hw err=HttpError('InvalidRequest: Could not find repo: did:plc:avyvdioycq52zmnyy7ktc5hw')
2026-03-21T22:40:54Z WARNING bsky_collector_v2.job.index_feed_generators: listRecords failed repo=did:plc:gierrk5mv47sjpsymewn33ht err=HttpError('InvalidRequest: Could not find repo: did:plc:gierrk5mv47sjpsymewn33ht')
2026-03-21T22:40:55Z WARNING bsky_collector_v2.job.index_feed_generators: listRecords failed repo=did:plc:zrzoncictssz5khl5mqzy3xs err=HttpError('InvalidRequest: Could not find repo: did:plc:zrzoncictssz5khl5mqzy3xs')
2026-03-21T22:40:55Z WARNING bsky_collector_v2.job.index_feed_generators: listRecords failed repo=did:plc:4vzrff5663wa3z7acwdas2e7 err=HttpError('InvalidRequest: Could not find repo: did:plc:4vzrff5663wa3z7acwdas2e7')
2026-03-21T22:40:55Z WARNING bsky_collector_v2.job.index_feed_generators: listRecords failed repo=did:plc:avyvdioycq52zmnyy7ktc5hw err=HttpError('InvalidRequest: Could not find repo: did:plc:avyvdioycq52zmnyy7ktc5hw')
2026-03-21T22:40:55Z WARNING bsky_collector_v2.job.index_feed_generators: listRecords failed repo=did:plc:gierrk5mv47sjpsymewn33ht err=HttpError('InvalidRequest: Could not find repo: did:plc:gierrk5mv47sjpsymewn33ht')
2026-03-21T22:40:55Z WARNING bsky_collector_v2.job.index_feed_generators: listRecords failed repo=did:plc:zrzoncictssz5khl5mqzy3xs err=HttpError('InvalidRequest: Could not find repo: did:plc:zrzoncictssz5khl5mqzy3xs')
2026-03-21T22:40:56Z INFO bsky_collector_v2.job.index_feed_generators: enqueued repos page=6 mode=listRepos inserted=500 repos_returned=500 next_cursor=set
2026-03-21T22:42:14Z INFO bsky_collector_v2.job.index_feed_generators: indexed repo=did:plc:sahwbokcl6v4vchai57nxz7p part=220 records=1 next_cursor=set
2026-03-21T22:42:37Z INFO bsky_collector_v2.job.index_feed_generators: enqueued repos page=7 mode=listRepos inserted=500 repos_returned=500 next_cursor=set
2026-03-21T22:43:31Z WARNING bsky_collector_v2.job.index_feed_generators: listRecords failed repo=did:plc:ncsg36lh3wcdzedbexph5lkl err=HttpError('InvalidRequest: Could not find repo: did:plc:ncsg36lh3wcdzedbexph5lkl')
2026-03-21T22:44:06Z WARNING bsky_collector_v2.job.index_feed_generators: listRecords failed repo=did:plc:ncsg36lh3wcdzedbexph5lkl err=HttpError('InvalidRequest: Could not find repo: did:plc:ncsg36lh3wcdzedbexph5lkl')
2026-03-21T22:44:06Z WARNING bsky_collector_v2.job.index_feed_generators: listRecords failed repo=did:plc:ncsg36lh3wcdzedbexph5lkl err=HttpError('InvalidRequest: Could not find repo: did:plc:ncsg36lh3wcdzedbexph5lkl')
2026-03-21T22:44:07Z INFO bsky_collector_v2.job.index_feed_generators: enqueued repos page=8 mode=listRepos inserted=500 repos_returned=500 next_cursor=set
2026-03-21T22:44:12Z WARNING bsky_collector_v2.job.index_feed_generators: listRecords failed repo=did:plc:545rxgp6j2bpu7peoqvl4dcd err=HttpError('InvalidRequest: Could not find repo: did:plc:545rxgp6j2bpu7peoqvl4dcd')
2026-03-21T22:45:09Z WARNING bsky_collector_v2.job.index_feed_generators: listRecords failed repo=did:plc:s2h357tyttbex75gq5umq3k7 err=HttpError('InvalidRequest: Could not find repo: did:plc:s2h357tyttbex75gq5umq3k7')
2026-03-21T22:45:12Z WARNING bsky_collector_v2.job.index_feed_generators: listRecords failed repo=did:plc:tm5hi5s2gh4yena3xdajytm5 err=HttpError('InvalidRequest: Could not find repo: did:plc:tm5hi5s2gh4yena3xdajytm5')
2026-03-21T22:45:31Z WARNING bsky_collector_v2.job.index_feed_generators: listRecords failed repo=did:plc:545rxgp6j2bpu7peoqvl4dcd err=HttpError('InvalidRequest: Could not find repo: did:plc:545rxgp6j2bpu7peoqvl4dcd')
2026-03-21T22:45:31Z WARNING bsky_collector_v2.job.index_feed_generators: listRecords failed repo=did:plc:s2h357tyttbex75gq5umq3k7 err=HttpError('InvalidRequest: Could not find repo: did:plc:s2h357tyttbex75gq5umq3k7')
2026-03-21T22:45:31Z WARNING bsky_collector_v2.job.index_feed_generators: listRecords failed repo=did:plc:tm5hi5s2gh4yena3xdajytm5 err=HttpError('InvalidRequest: Could not find repo: did:plc:tm5hi5s2gh4yena3xdajytm5')
2026-03-21T22:45:31Z WARNING bsky_collector_v2.job.index_feed_generators: listRecords failed repo=did:plc:545rxgp6j2bpu7peoqvl4dcd err=HttpError('InvalidRequest: Could not find repo: did:plc:545rxgp6j2bpu7peoqvl4dcd')
2026-03-21T22:45:31Z WARNING bsky_collector_v2.job.index_feed_generators: listRecords failed repo=did:plc:s2h357tyttbex75gq5umq3k7 err=HttpError('InvalidRequest: Could not find repo: did:plc:s2h357tyttbex75gq5umq3k7')
2026-03-21T22:45:31Z WARNING bsky_collector_v2.job.index_feed_generators: listRecords failed repo=did:plc:tm5hi5s2gh4yena3xdajytm5 err=HttpError('InvalidRequest: Could not find repo: did:plc:tm5hi5s2gh4yena3xdajytm5')
2026-03-21T22:45:32Z INFO bsky_collector_v2.job.index_feed_generators: enqueued repos page=9 mode=listRepos inserted=500 repos_returned=500 next_cursor=set
2026-03-21T22:45:37Z WARNING bsky_collector_v2.job.index_feed_generators: listRecords failed repo=did:plc:3mgjozo7e4srokaoooqracse err=HttpError('InvalidRequest: Could not find repo: did:plc:3mgjozo7e4srokaoooqracse')
2026-03-21T22:46:04Z WARNING bsky_collector_v2.job.index_feed_generators: listRecords failed repo=did:plc:fifwovqwih5lem73scqpeerv err=HttpError('InvalidRequest: Could not find repo: did:plc:fifwovqwih5lem73scqpeerv')
2026-03-21T22:46:23Z WARNING bsky_collector_v2.job.index_feed_generators: listRecords failed repo=did:plc:mpqitqflcip46exfh77xwdag err=HttpError('InvalidRequest: Could not find repo: did:plc:mpqitqflcip46exfh77xwdag')
2026-03-21T22:46:34Z WARNING bsky_collector_v2.job.index_feed_generators: listRecords failed repo=did:plc:rarsqzxkmfnp4zk2645qfvbb err=HttpError('InvalidRequest: Could not find repo: did:plc:rarsqzxkmfnp4zk2645qfvbb')
2026-03-21T22:46:37Z INFO bsky_collector_v2.job.index_feed_generators: indexed repo=did:plc:sva4xqbjzw2iindnz4fsk726 part=221 records=1 next_cursor=set
2026-03-21T22:46:56Z WARNING bsky_collector_v2.job.index_feed_generators: listRecords failed repo=did:plc:3mgjozo7e4srokaoooqracse err=HttpError('InvalidRequest: Could not find repo: did:plc:3mgjozo7e4srokaoooqracse')
2026-03-21T22:46:56Z WARNING bsky_collector_v2.job.index_feed_generators: listRecords failed repo=did:plc:fifwovqwih5lem73scqpeerv err=HttpError('InvalidRequest: Could not find repo: did:plc:fifwovqwih5lem73scqpeerv')
2026-03-21T22:46:56Z WARNING bsky_collector_v2.job.index_feed_generators: listRecords failed repo=did:plc:mpqitqflcip46exfh77xwdag err=HttpError('InvalidRequest: Could not find repo: did:plc:mpqitqflcip46exfh77xwdag')
2026-03-21T22:46:56Z WARNING bsky_collector_v2.job.index_feed_generators: listRecords failed repo=did:plc:rarsqzxkmfnp4zk2645qfvbb err=HttpError('InvalidRequest: Could not find repo: did:plc:rarsqzxkmfnp4zk2645qfvbb')
2026-03-21T22:46:57Z WARNING bsky_collector_v2.job.index_feed_generators: listRecords failed repo=did:plc:3mgjozo7e4srokaoooqracse err=HttpError('InvalidRequest: Could not find repo: did:plc:3mgjozo7e4srokaoooqracse')
2026-03-21T22:46:57Z WARNING bsky_collector_v2.job.index_feed_generators: listRecords failed repo=did:plc:fifwovqwih5lem73scqpeerv err=HttpError('InvalidRequest: Could not find repo: did:plc:fifwovqwih5lem73scqpeerv')
2026-03-21T22:46:57Z WARNING bsky_collector_v2.job.index_feed_generators: listRecords failed repo=did:plc:mpqitqflcip46exfh77xwdag err=HttpError('InvalidRequest: Could not find repo: did:plc:mpqitqflcip46exfh77xwdag')
2026-03-21T22:46:57Z WARNING bsky_collector_v2.job.index_feed_generators: listRecords failed repo=did:plc:rarsqzxkmfnp4zk2645qfvbb err=HttpError('InvalidRequest: Could not find repo: did:plc:rarsqzxkmfnp4zk2645qfvbb')
2026-03-21T22:46:58Z INFO bsky_collector_v2.job.index_feed_generators: enqueued repos page=10 mode=listRepos inserted=500 repos_returned=500 next_cursor=set
2026-03-21T22:47:01Z WARNING bsky_collector_v2.job.index_feed_generators: listRecords failed repo=did:plc:3kdx4fcs5ovva3mibjegdrbs err=HttpError('InvalidRequest: Could not find repo: did:plc:3kdx4fcs5ovva3mibjegdrbs')
2026-03-21T22:47:19Z WARNING bsky_collector_v2.job.index_feed_generators: listRecords failed repo=did:plc:cv2ylkwsmufbwhfdfxiws7ov err=HttpError('InvalidRequest: Could not find repo: did:plc:cv2ylkwsmufbwhfdfxiws7ov')
2026-03-21T22:47:34Z INFO bsky_collector_v2.job.index_feed_generators: indexed repo=did:plc:hpwhbraf4hdmoklq6eaptidx part=222 records=1 next_cursor=set
2026-03-21T22:48:28Z WARNING bsky_collector_v2.job.index_feed_generators: listRecords failed repo=did:plc:3kdx4fcs5ovva3mibjegdrbs err=HttpError('InvalidRequest: Could not find repo: did:plc:3kdx4fcs5ovva3mibjegdrbs')
2026-03-21T22:48:28Z WARNING bsky_collector_v2.job.index_feed_generators: listRecords failed repo=did:plc:cv2ylkwsmufbwhfdfxiws7ov err=HttpError('InvalidRequest: Could not find repo: did:plc:cv2ylkwsmufbwhfdfxiws7ov')
2026-03-21T22:48:29Z WARNING bsky_collector_v2.job.index_feed_generators: listRecords failed repo=did:plc:3kdx4fcs5ovva3mibjegdrbs err=HttpError('InvalidRequest: Could not find repo: did:plc:3kdx4fcs5ovva3mibjegdrbs')
2026-03-21T22:48:29Z WARNING bsky_collector_v2.job.index_feed_generators: listRecords failed repo=did:plc:cv2ylkwsmufbwhfdfxiws7ov err=HttpError('InvalidRequest: Could not find repo: did:plc:cv2ylkwsmufbwhfdfxiws7ov')
2026-03-21T22:48:30Z INFO bsky_collector_v2.job.index_feed_generators: enqueued repos page=11 mode=listRepos inserted=500 repos_returned=500 next_cursor=set
2026-03-21T22:49:54Z WARNING bsky_collector_v2.job.index_feed_generators: listRecords failed repo=did:plc:psf6tarlovo6z2lpcar5hs45 err=HttpError('InvalidRequest: Could not find repo: did:plc:psf6tarlovo6z2lpcar5hs45')
2026-03-21T22:50:24Z WARNING bsky_collector_v2.job.index_feed_generators: listRecords failed repo=did:plc:psf6tarlovo6z2lpcar5hs45 err=HttpError('InvalidRequest: Could not find repo: did:plc:psf6tarlovo6z2lpcar5hs45')
2026-03-21T22:50:24Z WARNING bsky_collector_v2.job.index_feed_generators: listRecords failed repo=did:plc:psf6tarlovo6z2lpcar5hs45 err=HttpError('InvalidRequest: Could not find repo: did:plc:psf6tarlovo6z2lpcar5hs45')
2026-03-21T22:50:25Z INFO bsky_collector_v2.job.index_feed_generators: enqueued repos page=12 mode=listRepos inserted=500 repos_returned=500 next_cursor=set
2026-03-21T22:51:04Z INFO bsky_collector_v2.job.index_feed_generators: indexed repo=did:plc:gbe2jxbsaui5s2zhe7ezr3na part=223 records=1 next_cursor=set
2026-03-21T22:51:32Z WARNING bsky_collector_v2.job.index_feed_generators: listRecords failed repo=did:plc:qzvlj2ekyn64v37jwapbdh6r err=HttpError('InvalidRequest: Could not find repo: did:plc:qzvlj2ekyn64v37jwapbdh6r')
2026-03-21T22:51:56Z WARNING bsky_collector_v2.job.index_feed_generators: listRecords failed repo=did:plc:qzvlj2ekyn64v37jwapbdh6r err=HttpError('InvalidRequest: Could not find repo: did:plc:qzvlj2ekyn64v37jwapbdh6r')
2026-03-21T22:51:56Z WARNING bsky_collector_v2.job.index_feed_generators: listRecords failed repo=did:plc:qzvlj2ekyn64v37jwapbdh6r err=HttpError('InvalidRequest: Could not find repo: did:plc:qzvlj2ekyn64v37jwapbdh6r')
2026-03-21T22:51:57Z INFO bsky_collector_v2.job.index_feed_generators: enqueued repos page=13 mode=listRepos inserted=500 repos_returned=500 next_cursor=set
2026-03-21T22:53:23Z INFO bsky_collector_v2.job.index_feed_generators: enqueued repos page=14 mode=listRepos inserted=500 repos_returned=500 next_cursor=set
2026-03-21T22:53:31Z WARNING bsky_collector_v2.job.index_feed_generators: listRecords failed repo=did:plc:5snrwt2lj427g6ax6ltndl22 err=HttpError('InvalidRequest: Could not find repo: did:plc:5snrwt2lj427g6ax6ltndl22')
2026-03-21T22:54:08Z WARNING bsky_collector_v2.job.index_feed_generators: listRecords failed repo=did:plc:juaa2ksf2bhblmm57qmf4mve err=HttpError('InvalidRequest: Could not find repo: did:plc:juaa2ksf2bhblmm57qmf4mve')
2026-03-21T22:55:01Z WARNING bsky_collector_v2.job.index_feed_generators: listRecords failed repo=did:plc:5snrwt2lj427g6ax6ltndl22 err=HttpError('InvalidRequest: Could not find repo: did:plc:5snrwt2lj427g6ax6ltndl22')
2026-03-21T22:55:01Z WARNING bsky_collector_v2.job.index_feed_generators: listRecords failed repo=did:plc:juaa2ksf2bhblmm57qmf4mve err=HttpError('InvalidRequest: Could not find repo: did:plc:juaa2ksf2bhblmm57qmf4mve')
2026-03-21T22:55:01Z WARNING bsky_collector_v2.job.index_feed_generators: listRecords failed repo=did:plc:5snrwt2lj427g6ax6ltndl22 err=HttpError('InvalidRequest: Could not find repo: did:plc:5snrwt2lj427g6ax6ltndl22')
2026-03-21T22:55:01Z WARNING bsky_collector_v2.job.index_feed_generators: listRecords failed repo=did:plc:juaa2ksf2bhblmm57qmf4mve err=HttpError('InvalidRequest: Could not find repo: did:plc:juaa2ksf2bhblmm57qmf4mve')
2026-03-21T22:55:02Z INFO bsky_collector_v2.job.index_feed_generators: enqueued repos page=15 mode=listRepos inserted=500 repos_returned=500 next_cursor=set
2026-03-21T22:55:05Z WARNING bsky_collector_v2.job.index_feed_generators: listRecords failed repo=did:plc:2zsx6onwqri2gahnf4dkzdo4 err=HttpError('InvalidRequest: Could not find repo: did:plc:2zsx6onwqri2gahnf4dkzdo4')
2026-03-21T22:55:14Z WARNING bsky_collector_v2.job.index_feed_generators: listRecords failed repo=did:plc:6z4rpf6p64sckx5tj56hvfal err=HttpError('InvalidRequest: Could not find repo: did:plc:6z4rpf6p64sckx5tj56hvfal')
2026-03-21T22:55:17Z WARNING bsky_collector_v2.job.index_feed_generators: listRecords failed repo=did:plc:76dbatf7un7rbmkxixbawtml err=HttpError('InvalidRequest: Could not find repo: did:plc:76dbatf7un7rbmkxixbawtml')
2026-03-21T22:56:37Z WARNING bsky_collector_v2.job.index_feed_generators: listRecords failed repo=did:plc:2zsx6onwqri2gahnf4dkzdo4 err=HttpError('InvalidRequest: Could not find repo: did:plc:2zsx6onwqri2gahnf4dkzdo4')
2026-03-21T22:56:37Z WARNING bsky_collector_v2.job.index_feed_generators: listRecords failed repo=did:plc:6z4rpf6p64sckx5tj56hvfal err=HttpError('InvalidRequest: Could not find repo: did:plc:6z4rpf6p64sckx5tj56hvfal')
2026-03-21T22:56:37Z WARNING bsky_collector_v2.job.index_feed_generators: listRecords failed repo=did:plc:76dbatf7un7rbmkxixbawtml err=HttpError('InvalidRequest: Could not find repo: did:plc:76dbatf7un7rbmkxixbawtml')
2026-03-21T22:56:37Z WARNING bsky_collector_v2.job.index_feed_generators: listRecords failed repo=did:plc:2zsx6onwqri2gahnf4dkzdo4 err=HttpError('InvalidRequest: Could not find repo: did:plc:2zsx6onwqri2gahnf4dkzdo4')
2026-03-21T22:56:37Z WARNING bsky_collector_v2.job.index_feed_generators: listRecords failed repo=did:plc:6z4rpf6p64sckx5tj56hvfal err=HttpError('InvalidRequest: Could not find repo: did:plc:6z4rpf6p64sckx5tj56hvfal')
2026-03-21T22:56:37Z WARNING bsky_collector_v2.job.index_feed_generators: listRecords failed repo=did:plc:76dbatf7un7rbmkxixbawtml err=HttpError('InvalidRequest: Could not find repo: did:plc:76dbatf7un7rbmkxixbawtml')
2026-03-21T22:56:38Z INFO bsky_collector_v2.job.index_feed_generators: enqueued repos page=16 mode=listRepos inserted=500 repos_returned=500 next_cursor=set
2026-03-21T22:56:43Z WARNING bsky_collector_v2.job.index_feed_generators: listRecords failed repo=did:plc:3axriunqsbwzlraf74wqoptb err=HttpError('InvalidRequest: Could not find repo: did:plc:3axriunqsbwzlraf74wqoptb')
2026-03-21T22:58:06Z WARNING bsky_collector_v2.job.index_feed_generators: listRecords failed repo=did:plc:3axriunqsbwzlraf74wqoptb err=HttpError('InvalidRequest: Could not find repo: did:plc:3axriunqsbwzlraf74wqoptb')
2026-03-21T22:58:06Z WARNING bsky_collector_v2.job.index_feed_generators: listRecords failed repo=did:plc:3axriunqsbwzlraf74wqoptb err=HttpError('InvalidRequest: Could not find repo: did:plc:3axriunqsbwzlraf74wqoptb')
2026-03-21T22:58:07Z INFO bsky_collector_v2.job.index_feed_generators: enqueued repos page=17 mode=listRepos inserted=500 repos_returned=500 next_cursor=set
2026-03-21T22:58:38Z WARNING bsky_collector_v2.job.index_feed_generators: listRecords failed repo=did:plc:arzlpuhstuddgmwuqxizgj2z err=HttpError('InvalidRequest: Could not find repo: did:plc:arzlpuhstuddgmwuqxizgj2z')
2026-03-21T22:58:39Z WARNING bsky_collector_v2.job.index_feed_generators: listRecords failed repo=did:plc:bfc57llbepgbg44ezvtjaoxm err=HttpError('InvalidRequest: Could not find repo: did:plc:bfc57llbepgbg44ezvtjaoxm')
2026-03-21T22:59:03Z WARNING bsky_collector_v2.job.index_feed_generators: listRecords failed repo=did:plc:jsa5juq2z7rol2awwxxvexw5 err=HttpError('InvalidRequest: Could not find repo: did:plc:jsa5juq2z7rol2awwxxvexw5')
2026-03-21T22:59:19Z WARNING bsky_collector_v2.job.index_feed_generators: listRecords failed repo=did:plc:qdssb76uknznkkawwlppxsnz err=HttpError('InvalidRequest: Could not find repo: did:plc:qdssb76uknznkkawwlppxsnz')
2026-03-21T22:59:46Z WARNING bsky_collector_v2.job.index_feed_generators: listRecords failed repo=did:plc:arzlpuhstuddgmwuqxizgj2z err=HttpError('InvalidRequest: Could not find repo: did:plc:arzlpuhstuddgmwuqxizgj2z')
2026-03-21T22:59:46Z WARNING bsky_collector_v2.job.index_feed_generators: listRecords failed repo=did:plc:bfc57llbepgbg44ezvtjaoxm err=HttpError('InvalidRequest: Could not find repo: did:plc:bfc57llbepgbg44ezvtjaoxm')
2026-03-21T22:59:46Z WARNING bsky_collector_v2.job.index_feed_generators: listRecords failed repo=did:plc:jsa5juq2z7rol2awwxxvexw5 err=HttpError('InvalidRequest: Could not find repo: did:plc:jsa5juq2z7rol2awwxxvexw5')
2026-03-21T22:59:47Z WARNING bsky_collector_v2.job.index_feed_generators: listRecords failed repo=did:plc:qdssb76uknznkkawwlppxsnz err=HttpError('InvalidRequest: Could not find repo: did:plc:qdssb76uknznkkawwlppxsnz')
2026-03-21T22:59:47Z WARNING bsky_collector_v2.job.index_feed_generators: listRecords failed repo=did:plc:arzlpuhstuddgmwuqxizgj2z err=HttpError('InvalidRequest: Could not find repo: did:plc:arzlpuhstuddgmwuqxizgj2z')
2026-03-21T22:59:47Z WARNING bsky_collector_v2.job.index_feed_generators: listRecords failed repo=did:plc:bfc57llbepgbg44ezvtjaoxm err=HttpError('InvalidRequest: Could not find repo: did:plc:bfc57llbepgbg44ezvtjaoxm')
2026-03-21T22:59:47Z WARNING bsky_collector_v2.job.index_feed_generators: listRecords failed repo=did:plc:jsa5juq2z7rol2awwxxvexw5 err=HttpError('InvalidRequest: Could not find repo: did:plc:jsa5juq2z7rol2awwxxvexw5')
2026-03-21T22:59:47Z WARNING bsky_collector_v2.job.index_feed_generators: listRecords failed repo=did:plc:qdssb76uknznkkawwlppxsnz err=HttpError('InvalidRequest: Could not find repo: did:plc:qdssb76uknznkkawwlppxsnz')
2026-03-21T22:59:47Z INFO bsky_collector_v2.job.index_feed_generators: enqueued repos page=18 mode=listRepos inserted=500 repos_returned=500 next_cursor=set
2026-03-21T22:59:53Z WARNING bsky_collector_v2.job.index_feed_generators: listRecords failed repo=did:plc:47iale2rcms4eq3ixx3kry6h err=HttpError('InvalidRequest: Could not find repo: did:plc:47iale2rcms4eq3ixx3kry6h')
2026-03-21T23:00:45Z WARNING bsky_collector_v2.job.index_feed_generators: listRecords failed repo=did:plc:rpi23acv6ha6s7fbhf6jhucl err=HttpError('InvalidRequest: Could not find repo: did:plc:rpi23acv6ha6s7fbhf6jhucl')
2026-03-21T23:01:09Z WARNING bsky_collector_v2.job.index_feed_generators: listRecords failed repo=did:plc:47iale2rcms4eq3ixx3kry6h err=HttpError('InvalidRequest: Could not find repo: did:plc:47iale2rcms4eq3ixx3kry6h')
2026-03-21T23:01:09Z WARNING bsky_collector_v2.job.index_feed_generators: listRecords failed repo=did:plc:rpi23acv6ha6s7fbhf6jhucl err=HttpError('InvalidRequest: Could not find repo: did:plc:rpi23acv6ha6s7fbhf6jhucl')
2026-03-21T23:01:09Z WARNING bsky_collector_v2.job.index_feed_generators: listRecords failed repo=did:plc:47iale2rcms4eq3ixx3kry6h err=HttpError('InvalidRequest: Could not find repo: did:plc:47iale2rcms4eq3ixx3kry6h')
2026-03-21T23:01:09Z WARNING bsky_collector_v2.job.index_feed_generators: listRecords failed repo=did:plc:rpi23acv6ha6s7fbhf6jhucl err=HttpError('InvalidRequest: Could not find repo: did:plc:rpi23acv6ha6s7fbhf6jhucl')
2026-03-21T23:01:09Z INFO bsky_collector_v2.job.index_feed_generators: enqueued repos page=19 mode=listRepos inserted=500 repos_returned=500 next_cursor=set
2026-03-21T23:01:10Z WARNING bsky_collector_v2.job.index_feed_generators: listRecords failed repo=did:plc:2h7gfn3eqsto6ko4s4ye7whp err=HttpError('InvalidRequest: Could not find repo: did:plc:2h7gfn3eqsto6ko4s4ye7whp')
2026-03-21T23:01:12Z WARNING bsky_collector_v2.job.index_feed_generators: listRecords failed repo=did:plc:3rwt3jr74fjg7z6jy4cvyfch err=HttpError('InvalidRequest: Could not find repo: did:plc:3rwt3jr74fjg7z6jy4cvyfch')
2026-03-21T23:01:36Z WARNING bsky_collector_v2.job.index_feed_generators: listRecords failed repo=did:plc:c5nbirojqnr7bqdewdkw55fu err=HttpError('InvalidRequest: Could not find repo: did:plc:c5nbirojqnr7bqdewdkw55fu')
2026-03-21T23:01:44Z WARNING bsky_collector_v2.job.index_feed_generators: listRecords failed repo=did:plc:escqe7sc6jbcp4si4yfslvx2 err=HttpError('InvalidRequest: Could not find repo: did:plc:escqe7sc6jbcp4si4yfslvx2')
2026-03-21T23:01:47Z WARNING bsky_collector_v2.job.index_feed_generators: listRecords failed repo=did:plc:fqf6br26mq6kuphggclimmvj err=HttpError('InvalidRequest: Could not find repo: did:plc:fqf6br26mq6kuphggclimmvj')
2026-03-21T23:01:55Z WARNING bsky_collector_v2.job.index_feed_generators: listRecords failed repo=did:plc:i335mticl5s22hpx3du5md22 err=HttpError('InvalidRequest: Could not find repo: did:plc:i335mticl5s22hpx3du5md22')
2026-03-21T23:02:02Z WARNING bsky_collector_v2.job.index_feed_generators: listRecords failed repo=did:plc:kjvqtkivzi2al2ccol4autqd err=HttpError('InvalidRequest: Could not find repo: did:plc:kjvqtkivzi2al2ccol4autqd')
2026-03-21T23:02:04Z WARNING bsky_collector_v2.job.index_feed_generators: listRecords failed repo=did:plc:kwnzkodampcsffovukdnesr5 err=HttpError('InvalidRequest: Could not find repo: did:plc:kwnzkodampcsffovukdnesr5')
2026-03-21T23:02:10Z WARNING bsky_collector_v2.job.index_feed_generators: listRecords failed repo=did:plc:mjdn7vmsoadg7m2yvcsweip5 err=HttpError('InvalidRequest: Could not find repo: did:plc:mjdn7vmsoadg7m2yvcsweip5')
2026-03-21T23:02:12Z WARNING bsky_collector_v2.job.index_feed_generators: listRecords failed repo=did:plc:n3kehkghccfioeuwmbf7khtx err=HttpError('InvalidRequest: Could not find repo: did:plc:n3kehkghccfioeuwmbf7khtx')
2026-03-21T23:02:16Z WARNING bsky_collector_v2.job.index_feed_generators: listRecords failed repo=did:plc:ojr6cb644g7knntil3gzjy3u err=HttpError('InvalidRequest: Could not find repo: did:plc:ojr6cb644g7knntil3gzjy3u')
2026-03-21T23:02:28Z WARNING bsky_collector_v2.job.index_feed_generators: listRecords failed repo=did:plc:sxgysdcsqnnusoz2pgsxfvac err=HttpError('InvalidRequest: Could not find repo: did:plc:sxgysdcsqnnusoz2pgsxfvac')
2026-03-21T23:02:42Z WARNING bsky_collector_v2.job.index_feed_generators: listRecords failed repo=did:plc:yjdkb23apptlns54nl6b5bhj err=HttpError('InvalidRequest: Could not find repo: did:plc:yjdkb23apptlns54nl6b5bhj')
2026-03-21T23:02:42Z WARNING bsky_collector_v2.job.index_feed_generators: listRecords failed repo=did:plc:ymrsm7gaczwdzeq4umnf6ofa err=HttpError('InvalidRequest: Could not find repo: did:plc:ymrsm7gaczwdzeq4umnf6ofa')
2026-03-21T23:02:44Z WARNING bsky_collector_v2.job.index_feed_generators: listRecords failed repo=did:plc:z4ethblvzgxj2fpekdpf73lk err=HttpError('InvalidRequest: Could not find repo: did:plc:z4ethblvzgxj2fpekdpf73lk')
2026-03-21T23:02:44Z WARNING bsky_collector_v2.job.index_feed_generators: listRecords failed repo=did:plc:zbfccfajnwqf3up3wmq3qk2d err=HttpError('InvalidRequest: Could not find repo: did:plc:zbfccfajnwqf3up3wmq3qk2d')
2026-03-21T23:02:46Z WARNING bsky_collector_v2.job.index_feed_generators: listRecords failed repo=did:plc:2h7gfn3eqsto6ko4s4ye7whp err=HttpError('InvalidRequest: Could not find repo: did:plc:2h7gfn3eqsto6ko4s4ye7whp')
2026-03-21T23:02:46Z WARNING bsky_collector_v2.job.index_feed_generators: listRecords failed repo=did:plc:3rwt3jr74fjg7z6jy4cvyfch err=HttpError('InvalidRequest: Could not find repo: did:plc:3rwt3jr74fjg7z6jy4cvyfch')
2026-03-21T23:02:46Z WARNING bsky_collector_v2.job.index_feed_generators: listRecords failed repo=did:plc:c5nbirojqnr7bqdewdkw55fu err=HttpError('InvalidRequest: Could not find repo: did:plc:c5nbirojqnr7bqdewdkw55fu')
2026-03-21T23:02:46Z WARNING bsky_collector_v2.job.index_feed_generators: listRecords failed repo=did:plc:escqe7sc6jbcp4si4yfslvx2 err=HttpError('InvalidRequest: Could not find repo: did:plc:escqe7sc6jbcp4si4yfslvx2')
2026-03-21T23:02:46Z WARNING bsky_collector_v2.job.index_feed_generators: listRecords failed repo=did:plc:fqf6br26mq6kuphggclimmvj err=HttpError('InvalidRequest: Could not find repo: did:plc:fqf6br26mq6kuphggclimmvj')
2026-03-21T23:02:46Z WARNING bsky_collector_v2.job.index_feed_generators: listRecords failed repo=did:plc:i335mticl5s22hpx3du5md22 err=HttpError('InvalidRequest: Could not find repo: did:plc:i335mticl5s22hpx3du5md22')
2026-03-21T23:02:46Z WARNING bsky_collector_v2.job.index_feed_generators: listRecords failed repo=did:plc:kjvqtkivzi2al2ccol4autqd err=HttpError('InvalidRequest: Could not find repo: did:plc:kjvqtkivzi2al2ccol4autqd')
2026-03-21T23:02:46Z WARNING bsky_collector_v2.job.index_feed_generators: listRecords failed repo=did:plc:kwnzkodampcsffovukdnesr5 err=HttpError('InvalidRequest: Could not find repo: did:plc:kwnzkodampcsffovukdnesr5')
2026-03-21T23:02:46Z WARNING bsky_collector_v2.job.index_feed_generators: listRecords failed repo=did:plc:mjdn7vmsoadg7m2yvcsweip5 err=HttpError('InvalidRequest: Could not find repo: did:plc:mjdn7vmsoadg7m2yvcsweip5')
2026-03-21T23:02:47Z WARNING bsky_collector_v2.job.index_feed_generators: listRecords failed repo=did:plc:n3kehkghccfioeuwmbf7khtx err=HttpError('InvalidRequest: Could not find repo: did:plc:n3kehkghccfioeuwmbf7khtx')
2026-03-21T23:02:47Z WARNING bsky_collector_v2.job.index_feed_generators: listRecords failed repo=did:plc:ojr6cb644g7knntil3gzjy3u err=HttpError('InvalidRequest: Could not find repo: did:plc:ojr6cb644g7knntil3gzjy3u')
2026-03-21T23:02:47Z WARNING bsky_collector_v2.job.index_feed_generators: listRecords failed repo=did:plc:sxgysdcsqnnusoz2pgsxfvac err=HttpError('InvalidRequest: Could not find repo: did:plc:sxgysdcsqnnusoz2pgsxfvac')
2026-03-21T23:02:47Z WARNING bsky_collector_v2.job.index_feed_generators: listRecords failed repo=did:plc:yjdkb23apptlns54nl6b5bhj err=HttpError('InvalidRequest: Could not find repo: did:plc:yjdkb23apptlns54nl6b5bhj')
2026-03-21T23:02:47Z WARNING bsky_collector_v2.job.index_feed_generators: listRecords failed repo=did:plc:ymrsm7gaczwdzeq4umnf6ofa err=HttpError('InvalidRequest: Could not find repo: did:plc:ymrsm7gaczwdzeq4umnf6ofa')
2026-03-21T23:02:47Z WARNING bsky_collector_v2.job.index_feed_generators: listRecords failed repo=did:plc:z4ethblvzgxj2fpekdpf73lk err=HttpError('InvalidRequest: Could not find repo: did:plc:z4ethblvzgxj2fpekdpf73lk')
2026-03-21T23:02:47Z WARNING bsky_collector_v2.job.index_feed_generators: listRecords failed repo=did:plc:zbfccfajnwqf3up3wmq3qk2d err=HttpError('InvalidRequest: Could not find repo: did:plc:zbfccfajnwqf3up3wmq3qk2d')
2026-03-21T23:02:47Z WARNING bsky_collector_v2.job.index_feed_generators: listRecords failed repo=did:plc:2h7gfn3eqsto6ko4s4ye7whp err=HttpError('InvalidRequest: Could not find repo: did:plc:2h7gfn3eqsto6ko4s4ye7whp')
2026-03-21T23:02:47Z WARNING bsky_collector_v2.job.index_feed_generators: listRecords failed repo=did:plc:3rwt3jr74fjg7z6jy4cvyfch err=HttpError('InvalidRequest: Could not find repo: did:plc:3rwt3jr74fjg7z6jy4cvyfch')
2026-03-21T23:02:47Z WARNING bsky_collector_v2.job.index_feed_generators: listRecords failed repo=did:plc:c5nbirojqnr7bqdewdkw55fu err=HttpError('InvalidRequest: Could not find repo: did:plc:c5nbirojqnr7bqdewdkw55fu')
2026-03-21T23:02:47Z WARNING bsky_collector_v2.job.index_feed_generators: listRecords failed repo=did:plc:escqe7sc6jbcp4si4yfslvx2 err=HttpError('InvalidRequest: Could not find repo: did:plc:escqe7sc6jbcp4si4yfslvx2')
2026-03-21T23:02:47Z WARNING bsky_collector_v2.job.index_feed_generators: listRecords failed repo=did:plc:fqf6br26mq6kuphggclimmvj err=HttpError('InvalidRequest: Could not find repo: did:plc:fqf6br26mq6kuphggclimmvj')
2026-03-21T23:02:47Z WARNING bsky_collector_v2.job.index_feed_generators: listRecords failed repo=did:plc:i335mticl5s22hpx3du5md22 err=HttpError('InvalidRequest: Could not find repo: did:plc:i335mticl5s22hpx3du5md22')
2026-03-21T23:02:47Z WARNING bsky_collector_v2.job.index_feed_generators: listRecords failed repo=did:plc:kjvqtkivzi2al2ccol4autqd err=HttpError('InvalidRequest: Could not find repo: did:plc:kjvqtkivzi2al2ccol4autqd')
2026-03-21T23:02:47Z WARNING bsky_collector_v2.job.index_feed_generators: listRecords failed repo=did:plc:kwnzkodampcsffovukdnesr5 err=HttpError('InvalidRequest: Could not find repo: did:plc:kwnzkodampcsffovukdnesr5')
2026-03-21T23:02:47Z WARNING bsky_collector_v2.job.index_feed_generators: listRecords failed repo=did:plc:mjdn7vmsoadg7m2yvcsweip5 err=HttpError('InvalidRequest: Could not find repo: did:plc:mjdn7vmsoadg7m2yvcsweip5')
2026-03-21T23:02:48Z WARNING bsky_collector_v2.job.index_feed_generators: listRecords failed repo=did:plc:n3kehkghccfioeuwmbf7khtx err=HttpError('InvalidRequest: Could not find repo: did:plc:n3kehkghccfioeuwmbf7khtx')
2026-03-21T23:02:48Z WARNING bsky_collector_v2.job.index_feed_generators: listRecords failed repo=did:plc:ojr6cb644g7knntil3gzjy3u err=HttpError('InvalidRequest: Could not find repo: did:plc:ojr6cb644g7knntil3gzjy3u')
2026-03-21T23:02:48Z WARNING bsky_collector_v2.job.index_feed_generators: listRecords failed repo=did:plc:sxgysdcsqnnusoz2pgsxfvac err=HttpError('InvalidRequest: Could not find repo: did:plc:sxgysdcsqnnusoz2pgsxfvac')
2026-03-21T23:02:48Z WARNING bsky_collector_v2.job.index_feed_generators: listRecords failed repo=did:plc:yjdkb23apptlns54nl6b5bhj err=HttpError('InvalidRequest: Could not find repo: did:plc:yjdkb23apptlns54nl6b5bhj')
2026-03-21T23:02:48Z WARNING bsky_collector_v2.job.index_feed_generators: listRecords failed repo=did:plc:ymrsm7gaczwdzeq4umnf6ofa err=HttpError('InvalidRequest: Could not find repo: did:plc:ymrsm7gaczwdzeq4umnf6ofa')
2026-03-21T23:02:48Z WARNING bsky_collector_v2.job.index_feed_generators: listRecords failed repo=did:plc:z4ethblvzgxj2fpekdpf73lk err=HttpError('InvalidRequest: Could not find repo: did:plc:z4ethblvzgxj2fpekdpf73lk')
2026-03-21T23:02:48Z WARNING bsky_collector_v2.job.index_feed_generators: listRecords failed repo=did:plc:zbfccfajnwqf3up3wmq3qk2d err=HttpError('InvalidRequest: Could not find repo: did:plc:zbfccfajnwqf3up3wmq3qk2d')
2026-03-21T23:02:48Z INFO bsky_collector_v2.job.index_feed_generators: enqueued repos page=20 mode=listRepos inserted=500 repos_returned=500 next_cursor=set
2026-03-21T23:03:01Z WARNING bsky_collector_v2.job.index_feed_generators: listRecords failed repo=did:plc:4kuqoujtognbgl2fmtyqu5jl err=HttpError('InvalidRequest: Could not find repo: did:plc:4kuqoujtognbgl2fmtyqu5jl')
2026-03-21T23:03:19Z WARNING bsky_collector_v2.job.index_feed_generators: listRecords failed repo=did:plc:bryyfj3zgsxjtuojq24zh2vs err=HttpError('InvalidRequest: Could not find repo: did:plc:bryyfj3zgsxjtuojq24zh2vs')
2026-03-21T23:03:26Z INFO bsky_collector_v2.job.index_feed_generators: indexed repo=did:plc:eegyosffcaqiemttsxoybxor part=224 records=2 next_cursor=set
2026-03-21T23:04:58Z WARNING bsky_collector_v2.job.index_feed_generators: listRecords failed repo=did:plc:4kuqoujtognbgl2fmtyqu5jl err=HttpError('InvalidRequest: Could not find repo: did:plc:4kuqoujtognbgl2fmtyqu5jl')
2026-03-21T23:04:58Z WARNING bsky_collector_v2.job.index_feed_generators: listRecords failed repo=did:plc:bryyfj3zgsxjtuojq24zh2vs err=HttpError('InvalidRequest: Could not find repo: did:plc:bryyfj3zgsxjtuojq24zh2vs')
2026-03-21T23:04:58Z WARNING bsky_collector_v2.job.index_feed_generators: listRecords failed repo=did:plc:4kuqoujtognbgl2fmtyqu5jl err=HttpError('InvalidRequest: Could not find repo: did:plc:4kuqoujtognbgl2fmtyqu5jl')
2026-03-21T23:04:58Z WARNING bsky_collector_v2.job.index_feed_generators: listRecords failed repo=did:plc:bryyfj3zgsxjtuojq24zh2vs err=HttpError('InvalidRequest: Could not find repo: did:plc:bryyfj3zgsxjtuojq24zh2vs')
2026-03-21T23:04:59Z INFO bsky_collector_v2.job.index_feed_generators: enqueued repos page=21 mode=listRepos inserted=500 repos_returned=500 next_cursor=set
2026-03-21T23:05:03Z WARNING bsky_collector_v2.job.index_feed_generators: listRecords failed repo=did:plc:3itez4cc4zfn5m4m7qscf6x4 err=HttpError('InvalidRequest: Could not find repo: did:plc:3itez4cc4zfn5m4m7qscf6x4')
2026-03-21T23:05:31Z WARNING bsky_collector_v2.job.index_feed_generators: listRecords failed repo=did:plc:feqloxgnpeul453iozdt2vxg err=HttpError('InvalidRequest: Could not find repo: did:plc:feqloxgnpeul453iozdt2vxg')
2026-03-21T23:05:37Z WARNING bsky_collector_v2.job.index_feed_generators: listRecords failed repo=did:plc:h5owfiwjtwbimtqbkdpccvak err=HttpError('InvalidRequest: Could not find repo: did:plc:h5owfiwjtwbimtqbkdpccvak')
2026-03-21T23:05:54Z WARNING bsky_collector_v2.job.index_feed_generators: listRecords failed repo=did:plc:ok44bodovtq62qa2xr3wh7ik err=HttpError('InvalidRequest: Could not find repo: did:plc:ok44bodovtq62qa2xr3wh7ik')
2026-03-21T23:05:59Z WARNING bsky_collector_v2.job.index_feed_generators: listRecords failed repo=did:plc:qnbyzmbjvcu7u4zzlxx7qmhy err=HttpError('InvalidRequest: Could not find repo: did:plc:qnbyzmbjvcu7u4zzlxx7qmhy')
2026-03-21T23:06:00Z WARNING bsky_collector_v2.job.index_feed_generators: listRecords failed repo=did:plc:qybmdlfbnegyz3yu2hqnl46o err=HttpError('InvalidRequest: Could not find repo: did:plc:qybmdlfbnegyz3yu2hqnl46o')
2026-03-21T23:06:13Z WARNING bsky_collector_v2.job.index_feed_generators: listRecords failed repo=did:plc:v734k77qdeaf5337i5j4le6o err=HttpError('InvalidRequest: Could not find repo: did:plc:v734k77qdeaf5337i5j4le6o')
2026-03-21T23:06:28Z WARNING bsky_collector_v2.job.index_feed_generators: listRecords failed repo=did:plc:3itez4cc4zfn5m4m7qscf6x4 err=HttpError('InvalidRequest: Could not find repo: did:plc:3itez4cc4zfn5m4m7qscf6x4')
2026-03-21T23:06:28Z WARNING bsky_collector_v2.job.index_feed_generators: listRecords failed repo=did:plc:feqloxgnpeul453iozdt2vxg err=HttpError('InvalidRequest: Could not find repo: did:plc:feqloxgnpeul453iozdt2vxg')
2026-03-21T23:06:28Z WARNING bsky_collector_v2.job.index_feed_generators: listRecords failed repo=did:plc:h5owfiwjtwbimtqbkdpccvak err=HttpError('InvalidRequest: Could not find repo: did:plc:h5owfiwjtwbimtqbkdpccvak')
2026-03-21T23:06:28Z WARNING bsky_collector_v2.job.index_feed_generators: listRecords failed repo=did:plc:ok44bodovtq62qa2xr3wh7ik err=HttpError('InvalidRequest: Could not find repo: did:plc:ok44bodovtq62qa2xr3wh7ik')
2026-03-21T23:06:28Z WARNING bsky_collector_v2.job.index_feed_generators: listRecords failed repo=did:plc:qnbyzmbjvcu7u4zzlxx7qmhy err=HttpError('InvalidRequest: Could not find repo: did:plc:qnbyzmbjvcu7u4zzlxx7qmhy')
2026-03-21T23:06:28Z WARNING bsky_collector_v2.job.index_feed_generators: listRecords failed repo=did:plc:qybmdlfbnegyz3yu2hqnl46o err=HttpError('InvalidRequest: Could not find repo: did:plc:qybmdlfbnegyz3yu2hqnl46o')
2026-03-21T23:06:28Z WARNING bsky_collector_v2.job.index_feed_generators: listRecords failed repo=did:plc:v734k77qdeaf5337i5j4le6o err=HttpError('InvalidRequest: Could not find repo: did:plc:v734k77qdeaf5337i5j4le6o')
2026-03-21T23:06:28Z WARNING bsky_collector_v2.job.index_feed_generators: listRecords failed repo=did:plc:3itez4cc4zfn5m4m7qscf6x4 err=HttpError('InvalidRequest: Could not find repo: did:plc:3itez4cc4zfn5m4m7qscf6x4')
2026-03-21T23:06:28Z WARNING bsky_collector_v2.job.index_feed_generators: listRecords failed repo=did:plc:feqloxgnpeul453iozdt2vxg err=HttpError('InvalidRequest: Could not find repo: did:plc:feqloxgnpeul453iozdt2vxg')
2026-03-21T23:06:28Z WARNING bsky_collector_v2.job.index_feed_generators: listRecords failed repo=did:plc:h5owfiwjtwbimtqbkdpccvak err=HttpError('InvalidRequest: Could not find repo: did:plc:h5owfiwjtwbimtqbkdpccvak')
2026-03-21T23:06:28Z WARNING bsky_collector_v2.job.index_feed_generators: listRecords failed repo=did:plc:ok44bodovtq62qa2xr3wh7ik err=HttpError('InvalidRequest: Could not find repo: did:plc:ok44bodovtq62qa2xr3wh7ik')
2026-03-21T23:06:28Z WARNING bsky_collector_v2.job.index_feed_generators: listRecords failed repo=did:plc:qnbyzmbjvcu7u4zzlxx7qmhy err=HttpError('InvalidRequest: Could not find repo: did:plc:qnbyzmbjvcu7u4zzlxx7qmhy')
2026-03-21T23:06:28Z WARNING bsky_collector_v2.job.index_feed_generators: listRecords failed repo=did:plc:qybmdlfbnegyz3yu2hqnl46o err=HttpError('InvalidRequest: Could not find repo: did:plc:qybmdlfbnegyz3yu2hqnl46o')
2026-03-21T23:06:28Z WARNING bsky_collector_v2.job.index_feed_generators: listRecords failed repo=did:plc:v734k77qdeaf5337i5j4le6o err=HttpError('InvalidRequest: Could not find repo: did:plc:v734k77qdeaf5337i5j4le6o')
2026-03-21T23:06:29Z INFO bsky_collector_v2.job.index_feed_generators: enqueued repos page=22 mode=listRepos inserted=500 repos_returned=500 next_cursor=set
2026-03-21T23:06:57Z WARNING bsky_collector_v2.job.index_feed_generators: listRecords failed repo=did:plc:a3bv4rrqqjundoocatiwv4d5 err=HttpError('InvalidRequest: Could not find repo: did:plc:a3bv4rrqqjundoocatiwv4d5')
2026-03-21T23:07:28Z WARNING bsky_collector_v2.job.index_feed_generators: listRecords failed repo=did:plc:lbkiwzezjaoi5caosuskxfe2 err=HttpError('InvalidRequest: Could not find repo: did:plc:lbkiwzezjaoi5caosuskxfe2')
2026-03-21T23:07:34Z WARNING bsky_collector_v2.job.index_feed_generators: listRecords failed repo=did:plc:mxvgxwnb7qz5s7ynbwxsb3w5 err=HttpError('InvalidRequest: Could not find repo: did:plc:mxvgxwnb7qz5s7ynbwxsb3w5')
2026-03-21T23:08:03Z WARNING bsky_collector_v2.job.index_feed_generators: listRecords failed repo=did:plc:a3bv4rrqqjundoocatiwv4d5 err=HttpError('InvalidRequest: Could not find repo: did:plc:a3bv4rrqqjundoocatiwv4d5')
2026-03-21T23:08:03Z WARNING bsky_collector_v2.job.index_feed_generators: listRecords failed repo=did:plc:lbkiwzezjaoi5caosuskxfe2 err=HttpError('InvalidRequest: Could not find repo: did:plc:lbkiwzezjaoi5caosuskxfe2')
2026-03-21T23:08:04Z WARNING bsky_collector_v2.job.index_feed_generators: listRecords failed repo=did:plc:mxvgxwnb7qz5s7ynbwxsb3w5 err=HttpError('InvalidRequest: Could not find repo: did:plc:mxvgxwnb7qz5s7ynbwxsb3w5')
2026-03-21T23:08:04Z WARNING bsky_collector_v2.job.index_feed_generators: listRecords failed repo=did:plc:a3bv4rrqqjundoocatiwv4d5 err=HttpError('InvalidRequest: Could not find repo: did:plc:a3bv4rrqqjundoocatiwv4d5')
2026-03-21T23:08:04Z WARNING bsky_collector_v2.job.index_feed_generators: listRecords failed repo=did:plc:lbkiwzezjaoi5caosuskxfe2 err=HttpError('InvalidRequest: Could not find repo: did:plc:lbkiwzezjaoi5caosuskxfe2')
2026-03-21T23:08:04Z WARNING bsky_collector_v2.job.index_feed_generators: listRecords failed repo=did:plc:mxvgxwnb7qz5s7ynbwxsb3w5 err=HttpError('InvalidRequest: Could not find repo: did:plc:mxvgxwnb7qz5s7ynbwxsb3w5')
2026-03-21T23:08:04Z INFO bsky_collector_v2.job.index_feed_generators: enqueued repos page=23 mode=listRepos inserted=500 repos_returned=500 next_cursor=set
2026-03-21T23:08:23Z WARNING bsky_collector_v2.job.index_feed_generators: listRecords failed repo=did:plc:72yhzqhvhnvoz4pzjxw6em6q err=HttpError('InvalidRequest: Could not find repo: did:plc:72yhzqhvhnvoz4pzjxw6em6q')
2026-03-21T23:08:35Z WARNING bsky_collector_v2.job.index_feed_generators: listRecords failed repo=did:plc:bkqkj5utanu4i6ats7kwsjvs err=HttpError('InvalidRequest: Could not find repo: did:plc:bkqkj5utanu4i6ats7kwsjvs')
2026-03-21T23:08:39Z INFO bsky_collector_v2.job.index_feed_generators: indexed repo=did:plc:d66yo2xwru6tgnfdm6pq4chf part=225 records=3 next_cursor=set
2026-03-21T23:09:37Z WARNING bsky_collector_v2.job.index_feed_generators: listRecords failed repo=did:plc:72yhzqhvhnvoz4pzjxw6em6q err=HttpError('InvalidRequest: Could not find repo: did:plc:72yhzqhvhnvoz4pzjxw6em6q')
2026-03-21T23:09:37Z WARNING bsky_collector_v2.job.index_feed_generators: listRecords failed repo=did:plc:bkqkj5utanu4i6ats7kwsjvs err=HttpError('InvalidRequest: Could not find repo: did:plc:bkqkj5utanu4i6ats7kwsjvs')
2026-03-21T23:09:37Z WARNING bsky_collector_v2.job.index_feed_generators: listRecords failed repo=did:plc:72yhzqhvhnvoz4pzjxw6em6q err=HttpError('InvalidRequest: Could not find repo: did:plc:72yhzqhvhnvoz4pzjxw6em6q')
2026-03-21T23:09:37Z WARNING bsky_collector_v2.job.index_feed_generators: listRecords failed repo=did:plc:bkqkj5utanu4i6ats7kwsjvs err=HttpError('InvalidRequest: Could not find repo: did:plc:bkqkj5utanu4i6ats7kwsjvs')
2026-03-21T23:09:38Z INFO bsky_collector_v2.job.index_feed_generators: enqueued repos page=24 mode=listRepos inserted=500 repos_returned=500 next_cursor=set
2026-03-21T23:09:48Z WARNING bsky_collector_v2.job.index_feed_generators: listRecords failed repo=did:plc:4pi5biqnj4bu5z45x7fcd5le err=HttpError('InvalidRequest: Could not find repo: did:plc:4pi5biqnj4bu5z45x7fcd5le')
2026-03-21T23:09:48Z WARNING bsky_collector_v2.job.index_feed_generators: listRecords failed repo=did:plc:53jeawclfn6x6kuq5l2htjtw err=HttpError('InvalidRequest: Could not find repo: did:plc:53jeawclfn6x6kuq5l2htjtw')
2026-03-21T23:09:52Z WARNING bsky_collector_v2.job.index_feed_generators: listRecords failed repo=did:plc:64hrnm74curdp4gkn7tzddcf err=HttpError('InvalidRequest: Could not find repo: did:plc:64hrnm74curdp4gkn7tzddcf')
2026-03-21T23:10:07Z WARNING bsky_collector_v2.job.index_feed_generators: listRecords failed repo=did:plc:ehubbjy3fban7wbtdq2elaed err=HttpError('InvalidRequest: Could not find repo: did:plc:ehubbjy3fban7wbtdq2elaed')
2026-03-21T23:10:12Z WARNING bsky_collector_v2.job.index_feed_generators: listRecords failed repo=did:plc:gppmnshah5h3luw3la67zfbb err=HttpError('InvalidRequest: Could not find repo: did:plc:gppmnshah5h3luw3la67zfbb')
2026-03-21T23:10:30Z WARNING bsky_collector_v2.job.index_feed_generators: listRecords failed repo=did:plc:mlxlresapkgwy2zklhshxcmn err=HttpError('InvalidRequest: Could not find repo: did:plc:mlxlresapkgwy2zklhshxcmn')
2026-03-21T23:11:09Z WARNING bsky_collector_v2.job.index_feed_generators: listRecords failed repo=did:plc:x5duvdwqumhylbwu3mblcqox err=HttpError('InvalidRequest: Could not find repo: did:plc:x5duvdwqumhylbwu3mblcqox')
2026-03-21T23:11:16Z WARNING bsky_collector_v2.job.index_feed_generators: listRecords failed repo=did:plc:4pi5biqnj4bu5z45x7fcd5le err=HttpError('InvalidRequest: Could not find repo: did:plc:4pi5biqnj4bu5z45x7fcd5le')
2026-03-21T23:11:16Z WARNING bsky_collector_v2.job.index_feed_generators: listRecords failed repo=did:plc:53jeawclfn6x6kuq5l2htjtw err=HttpError('InvalidRequest: Could not find repo: did:plc:53jeawclfn6x6kuq5l2htjtw')
2026-03-21T23:11:16Z WARNING bsky_collector_v2.job.index_feed_generators: listRecords failed repo=did:plc:64hrnm74curdp4gkn7tzddcf err=HttpError('InvalidRequest: Could not find repo: did:plc:64hrnm74curdp4gkn7tzddcf')
2026-03-21T23:11:16Z WARNING bsky_collector_v2.job.index_feed_generators: listRecords failed repo=did:plc:ehubbjy3fban7wbtdq2elaed err=HttpError('InvalidRequest: Could not find repo: did:plc:ehubbjy3fban7wbtdq2elaed')
2026-03-21T23:11:16Z WARNING bsky_collector_v2.job.index_feed_generators: listRecords failed repo=did:plc:gppmnshah5h3luw3la67zfbb err=HttpError('InvalidRequest: Could not find repo: did:plc:gppmnshah5h3luw3la67zfbb')
2026-03-21T23:11:16Z WARNING bsky_collector_v2.job.index_feed_generators: listRecords failed repo=did:plc:mlxlresapkgwy2zklhshxcmn err=HttpError('InvalidRequest: Could not find repo: did:plc:mlxlresapkgwy2zklhshxcmn')
2026-03-21T23:11:16Z WARNING bsky_collector_v2.job.index_feed_generators: listRecords failed repo=did:plc:x5duvdwqumhylbwu3mblcqox err=HttpError('InvalidRequest: Could not find repo: did:plc:x5duvdwqumhylbwu3mblcqox')
2026-03-21T23:11:16Z WARNING bsky_collector_v2.job.index_feed_generators: listRecords failed repo=did:plc:4pi5biqnj4bu5z45x7fcd5le err=HttpError('InvalidRequest: Could not find repo: did:plc:4pi5biqnj4bu5z45x7fcd5le')
2026-03-21T23:11:16Z WARNING bsky_collector_v2.job.index_feed_generators: listRecords failed repo=did:plc:53jeawclfn6x6kuq5l2htjtw err=HttpError('InvalidRequest: Could not find repo: did:plc:53jeawclfn6x6kuq5l2htjtw')
2026-03-21T23:11:16Z WARNING bsky_collector_v2.job.index_feed_generators: listRecords failed repo=did:plc:64hrnm74curdp4gkn7tzddcf err=HttpError('InvalidRequest: Could not find repo: did:plc:64hrnm74curdp4gkn7tzddcf')
2026-03-21T23:11:16Z WARNING bsky_collector_v2.job.index_feed_generators: listRecords failed repo=did:plc:ehubbjy3fban7wbtdq2elaed err=HttpError('InvalidRequest: Could not find repo: did:plc:ehubbjy3fban7wbtdq2elaed')
2026-03-21T23:11:16Z WARNING bsky_collector_v2.job.index_feed_generators: listRecords failed repo=did:plc:gppmnshah5h3luw3la67zfbb err=HttpError('InvalidRequest: Could not find repo: did:plc:gppmnshah5h3luw3la67zfbb')
2026-03-21T23:11:16Z WARNING bsky_collector_v2.job.index_feed_generators: listRecords failed repo=did:plc:mlxlresapkgwy2zklhshxcmn err=HttpError('InvalidRequest: Could not find repo: did:plc:mlxlresapkgwy2zklhshxcmn')
2026-03-21T23:11:16Z WARNING bsky_collector_v2.job.index_feed_generators: listRecords failed repo=did:plc:x5duvdwqumhylbwu3mblcqox err=HttpError('InvalidRequest: Could not find repo: did:plc:x5duvdwqumhylbwu3mblcqox')
2026-03-21T23:11:17Z INFO bsky_collector_v2.job.index_feed_generators: enqueued repos page=25 mode=listRepos inserted=500 repos_returned=500 next_cursor=set
2026-03-21T23:11:18Z WARNING bsky_collector_v2.job.index_feed_generators: listRecords failed repo=did:plc:2pkthhrlw6xbv55f3vf6gzlv err=HttpError('InvalidRequest: Could not find repo: did:plc:2pkthhrlw6xbv55f3vf6gzlv')
2026-03-21T23:11:23Z WARNING bsky_collector_v2.job.index_feed_generators: listRecords failed repo=did:plc:53tfchxt7otwa3p43ak5txmm err=HttpError('InvalidRequest: Could not find repo: did:plc:53tfchxt7otwa3p43ak5txmm')
2026-03-21T23:11:25Z WARNING bsky_collector_v2.job.index_feed_generators: listRecords failed repo=did:plc:62t5pook7ij23wqdwemzegoz err=HttpError('InvalidRequest: Could not find repo: did:plc:62t5pook7ij23wqdwemzegoz')
2026-03-21T23:11:26Z WARNING bsky_collector_v2.job.index_feed_generators: listRecords failed repo=did:plc:66b2hert6ekcysfg73cgte7d err=HttpError('InvalidRequest: Could not find repo: did:plc:66b2hert6ekcysfg73cgte7d')
2026-03-21T23:11:29Z WARNING bsky_collector_v2.job.index_feed_generators: listRecords failed repo=did:plc:76azpgj7hedhtppkmkau3yqu err=HttpError('InvalidRequest: Could not find repo: did:plc:76azpgj7hedhtppkmkau3yqu')
2026-03-21T23:11:33Z WARNING bsky_collector_v2.job.index_feed_generators: listRecords failed repo=did:plc:ainchurq6hohyanx3mh7qdur err=HttpError('InvalidRequest: Could not find repo: did:plc:ainchurq6hohyanx3mh7qdur')
2026-03-21T23:11:38Z WARNING bsky_collector_v2.job.index_feed_generators: listRecords failed repo=did:plc:chygrecj43nmmm7fiocmwbnr err=HttpError('InvalidRequest: Could not find repo: did:plc:chygrecj43nmmm7fiocmwbnr')
2026-03-21T23:11:40Z WARNING bsky_collector_v2.job.index_feed_generators: listRecords failed repo=did:plc:cxb7swd4juhp46jv4bu2g4kj err=HttpError('InvalidRequest: Could not find repo: did:plc:cxb7swd4juhp46jv4bu2g4kj')
2026-03-21T23:11:42Z WARNING bsky_collector_v2.job.index_feed_generators: listRecords failed repo=did:plc:dp2terq4beaggzzhuuahkk2i err=HttpError('InvalidRequest: Could not find repo: did:plc:dp2terq4beaggzzhuuahkk2i')
2026-03-21T23:11:44Z WARNING bsky_collector_v2.job.index_feed_generators: listRecords failed repo=did:plc:ffdixclb6pkh4xcquufa4ymv err=HttpError('InvalidRequest: Could not find repo: did:plc:ffdixclb6pkh4xcquufa4ymv')
2026-03-21T23:11:47Z WARNING bsky_collector_v2.job.index_feed_generators: listRecords failed repo=did:plc:gdmz5porutesak5wevwhn6ek err=HttpError('InvalidRequest: Could not find repo: did:plc:gdmz5porutesak5wevwhn6ek')
2026-03-21T23:11:48Z WARNING bsky_collector_v2.job.index_feed_generators: listRecords failed repo=did:plc:gw2cshd3d7e5vhcay4aaaz4e err=HttpError('InvalidRequest: Could not find repo: did:plc:gw2cshd3d7e5vhcay4aaaz4e')
2026-03-21T23:11:50Z WARNING bsky_collector_v2.job.index_feed_generators: listRecords failed repo=did:plc:h4uaodeqn7uibsgcdcbcndib err=HttpError('InvalidRequest: Could not find repo: did:plc:h4uaodeqn7uibsgcdcbcndib')
2026-03-21T23:11:54Z WARNING bsky_collector_v2.job.index_feed_generators: listRecords failed repo=did:plc:iwoig62a5pgwwtgjm7qtr3mm err=HttpError('InvalidRequest: Could not find repo: did:plc:iwoig62a5pgwwtgjm7qtr3mm')
2026-03-21T23:11:55Z WARNING bsky_collector_v2.job.index_feed_generators: listRecords failed repo=did:plc:j7qeboctntt4im55hm3uc7ox err=HttpError('InvalidRequest: Could not find repo: did:plc:j7qeboctntt4im55hm3uc7ox')
2026-03-21T23:12:01Z WARNING bsky_collector_v2.job.index_feed_generators: listRecords failed repo=did:plc:ldi6majk5xjhjb72agrcpsca err=HttpError('InvalidRequest: Could not find repo: did:plc:ldi6majk5xjhjb72agrcpsca')
2026-03-21T23:12:02Z WARNING bsky_collector_v2.job.index_feed_generators: listRecords failed repo=did:plc:lqvi3pke6aqv7fvjd5agllvi err=HttpError('InvalidRequest: Could not find repo: did:plc:lqvi3pke6aqv7fvjd5agllvi')
2026-03-21T23:12:04Z WARNING bsky_collector_v2.job.index_feed_generators: listRecords failed repo=did:plc:m3c3uvbaohq64bo5pwntaggt err=HttpError('InvalidRequest: Could not find repo: did:plc:m3c3uvbaohq64bo5pwntaggt')
2026-03-21T23:12:07Z WARNING bsky_collector_v2.job.index_feed_generators: listRecords failed repo=did:plc:muiq7edqokbihun75w5pskiq err=HttpError('InvalidRequest: Could not find repo: did:plc:muiq7edqokbihun75w5pskiq')
2026-03-21T23:12:08Z WARNING bsky_collector_v2.job.index_feed_generators: listRecords failed repo=did:plc:mybooyh3tmhatj52t4ugdcal err=HttpError('InvalidRequest: Could not find repo: did:plc:mybooyh3tmhatj52t4ugdcal')
2026-03-21T23:12:12Z WARNING bsky_collector_v2.job.index_feed_generators: listRecords failed repo=did:plc:ouxjl6fsbihnqldc43snvgyp err=HttpError('InvalidRequest: Could not find repo: did:plc:ouxjl6fsbihnqldc43snvgyp')
2026-03-21T23:12:14Z WARNING bsky_collector_v2.job.index_feed_generators: listRecords failed repo=did:plc:pjperapq55525upapt2pbviq err=HttpError('InvalidRequest: Could not find repo: did:plc:pjperapq55525upapt2pbviq')
2026-03-21T23:12:17Z WARNING bsky_collector_v2.job.index_feed_generators: listRecords failed repo=did:plc:qul7acqouomtl72djn5xo4ob err=HttpError('InvalidRequest: Could not find repo: did:plc:qul7acqouomtl72djn5xo4ob')
2026-03-21T23:12:21Z WARNING bsky_collector_v2.job.index_feed_generators: listRecords failed repo=did:plc:syjbg6km5c66nxevq5wij243 err=HttpError('InvalidRequest: Could not find repo: did:plc:syjbg6km5c66nxevq5wij243')
2026-03-21T23:12:25Z WARNING bsky_collector_v2.job.index_feed_generators: listRecords failed repo=did:plc:uorzw3smuwngbkgl3x52nptn err=HttpError('InvalidRequest: Could not find repo: did:plc:uorzw3smuwngbkgl3x52nptn')
2026-03-21T23:12:37Z WARNING bsky_collector_v2.job.index_feed_generators: listRecords failed repo=did:plc:yltptvklvzfzcgwgbrrcw3q6 err=HttpError('InvalidRequest: Could not find repo: did:plc:yltptvklvzfzcgwgbrrcw3q6')
2026-03-21T23:12:38Z WARNING bsky_collector_v2.job.index_feed_generators: listRecords failed repo=did:plc:yt5ido7gr3foc6velg3sq2wg err=HttpError('InvalidRequest: Could not find repo: did:plc:yt5ido7gr3foc6velg3sq2wg')
2026-03-21T23:12:41Z WARNING bsky_collector_v2.job.index_feed_generators: listRecords failed repo=did:plc:2pkthhrlw6xbv55f3vf6gzlv err=HttpError('InvalidRequest: Could not find repo: did:plc:2pkthhrlw6xbv55f3vf6gzlv')
2026-03-21T23:12:41Z WARNING bsky_collector_v2.job.index_feed_generators: listRecords failed repo=did:plc:53tfchxt7otwa3p43ak5txmm err=HttpError('InvalidRequest: Could not find repo: did:plc:53tfchxt7otwa3p43ak5txmm')
2026-03-21T23:12:41Z WARNING bsky_collector_v2.job.index_feed_generators: listRecords failed repo=did:plc:62t5pook7ij23wqdwemzegoz err=HttpError('InvalidRequest: Could not find repo: did:plc:62t5pook7ij23wqdwemzegoz')
2026-03-21T23:12:41Z WARNING bsky_collector_v2.job.index_feed_generators: listRecords failed repo=did:plc:66b2hert6ekcysfg73cgte7d err=HttpError('InvalidRequest: Could not find repo: did:plc:66b2hert6ekcysfg73cgte7d')
2026-03-21T23:12:41Z WARNING bsky_collector_v2.job.index_feed_generators: listRecords failed repo=did:plc:76azpgj7hedhtppkmkau3yqu err=HttpError('InvalidRequest: Could not find repo: did:plc:76azpgj7hedhtppkmkau3yqu')
2026-03-21T23:12:41Z WARNING bsky_collector_v2.job.index_feed_generators: listRecords failed repo=did:plc:ainchurq6hohyanx3mh7qdur err=HttpError('InvalidRequest: Could not find repo: did:plc:ainchurq6hohyanx3mh7qdur')
2026-03-21T23:12:41Z WARNING bsky_collector_v2.job.index_feed_generators: listRecords failed repo=did:plc:chygrecj43nmmm7fiocmwbnr err=HttpError('InvalidRequest: Could not find repo: did:plc:chygrecj43nmmm7fiocmwbnr')
2026-03-21T23:12:41Z WARNING bsky_collector_v2.job.index_feed_generators: listRecords failed repo=did:plc:cxb7swd4juhp46jv4bu2g4kj err=HttpError('InvalidRequest: Could not find repo: did:plc:cxb7swd4juhp46jv4bu2g4kj')
2026-03-21T23:12:41Z WARNING bsky_collector_v2.job.index_feed_generators: listRecords failed repo=did:plc:dp2terq4beaggzzhuuahkk2i err=HttpError('InvalidRequest: Could not find repo: did:plc:dp2terq4beaggzzhuuahkk2i')
2026-03-21T23:12:41Z WARNING bsky_collector_v2.job.index_feed_generators: listRecords failed repo=did:plc:ffdixclb6pkh4xcquufa4ymv err=HttpError('InvalidRequest: Could not find repo: did:plc:ffdixclb6pkh4xcquufa4ymv')
2026-03-21T23:12:41Z WARNING bsky_collector_v2.job.index_feed_generators: listRecords failed repo=did:plc:gdmz5porutesak5wevwhn6ek err=HttpError('InvalidRequest: Could not find repo: did:plc:gdmz5porutesak5wevwhn6ek')
2026-03-21T23:12:41Z WARNING bsky_collector_v2.job.index_feed_generators: listRecords failed repo=did:plc:gw2cshd3d7e5vhcay4aaaz4e err=HttpError('InvalidRequest: Could not find repo: did:plc:gw2cshd3d7e5vhcay4aaaz4e')
2026-03-21T23:12:42Z WARNING bsky_collector_v2.job.index_feed_generators: listRecords failed repo=did:plc:h4uaodeqn7uibsgcdcbcndib err=HttpError('InvalidRequest: Could not find repo: did:plc:h4uaodeqn7uibsgcdcbcndib')
2026-03-21T23:12:42Z WARNING bsky_collector_v2.job.index_feed_generators: listRecords failed repo=did:plc:iwoig62a5pgwwtgjm7qtr3mm err=HttpError('InvalidRequest: Could not find repo: did:plc:iwoig62a5pgwwtgjm7qtr3mm')
2026-03-21T23:12:42Z WARNING bsky_collector_v2.job.index_feed_generators: listRecords failed repo=did:plc:j7qeboctntt4im55hm3uc7ox err=HttpError('InvalidRequest: Could not find repo: did:plc:j7qeboctntt4im55hm3uc7ox')
2026-03-21T23:12:42Z WARNING bsky_collector_v2.job.index_feed_generators: listRecords failed repo=did:plc:ldi6majk5xjhjb72agrcpsca err=HttpError('InvalidRequest: Could not find repo: did:plc:ldi6majk5xjhjb72agrcpsca')
2026-03-21T23:12:42Z WARNING bsky_collector_v2.job.index_feed_generators: listRecords failed repo=did:plc:lqvi3pke6aqv7fvjd5agllvi err=HttpError('InvalidRequest: Could not find repo: did:plc:lqvi3pke6aqv7fvjd5agllvi')
2026-03-21T23:12:42Z WARNING bsky_collector_v2.job.index_feed_generators: listRecords failed repo=did:plc:m3c3uvbaohq64bo5pwntaggt err=HttpError('InvalidRequest: Could not find repo: did:plc:m3c3uvbaohq64bo5pwntaggt')
2026-03-21T23:12:42Z WARNING bsky_collector_v2.job.index_feed_generators: listRecords failed repo=did:plc:muiq7edqokbihun75w5pskiq err=HttpError('InvalidRequest: Could not find repo: did:plc:muiq7edqokbihun75w5pskiq')
2026-03-21T23:12:42Z WARNING bsky_collector_v2.job.index_feed_generators: listRecords failed repo=did:plc:mybooyh3tmhatj52t4ugdcal err=HttpError('InvalidRequest: Could not find repo: did:plc:mybooyh3tmhatj52t4ugdcal')
2026-03-21T23:12:42Z WARNING bsky_collector_v2.job.index_feed_generators: listRecords failed repo=did:plc:ouxjl6fsbihnqldc43snvgyp err=HttpError('InvalidRequest: Could not find repo: did:plc:ouxjl6fsbihnqldc43snvgyp')
2026-03-21T23:12:42Z WARNING bsky_collector_v2.job.index_feed_generators: listRecords failed repo=did:plc:pjperapq55525upapt2pbviq err=HttpError('InvalidRequest: Could not find repo: did:plc:pjperapq55525upapt2pbviq')
2026-03-21T23:12:42Z WARNING bsky_collector_v2.job.index_feed_generators: listRecords failed repo=did:plc:qul7acqouomtl72djn5xo4ob err=HttpError('InvalidRequest: Could not find repo: did:plc:qul7acqouomtl72djn5xo4ob')
2026-03-21T23:12:42Z WARNING bsky_collector_v2.job.index_feed_generators: listRecords failed repo=did:plc:syjbg6km5c66nxevq5wij243 err=HttpError('InvalidRequest: Could not find repo: did:plc:syjbg6km5c66nxevq5wij243')
2026-03-21T23:12:42Z WARNING bsky_collector_v2.job.index_feed_generators: listRecords failed repo=did:plc:uorzw3smuwngbkgl3x52nptn err=HttpError('InvalidRequest: Could not find repo: did:plc:uorzw3smuwngbkgl3x52nptn')
2026-03-21T23:12:42Z WARNING bsky_collector_v2.job.index_feed_generators: listRecords failed repo=did:plc:yltptvklvzfzcgwgbrrcw3q6 err=HttpError('InvalidRequest: Could not find repo: did:plc:yltptvklvzfzcgwgbrrcw3q6')
2026-03-21T23:12:42Z WARNING bsky_collector_v2.job.index_feed_generators: listRecords failed repo=did:plc:yt5ido7gr3foc6velg3sq2wg err=HttpError('InvalidRequest: Could not find repo: did:plc:yt5ido7gr3foc6velg3sq2wg')
2026-03-21T23:12:42Z WARNING bsky_collector_v2.job.index_feed_generators: listRecords failed repo=did:plc:2pkthhrlw6xbv55f3vf6gzlv err=HttpError('InvalidRequest: Could not find repo: did:plc:2pkthhrlw6xbv55f3vf6gzlv')
2026-03-21T23:12:43Z WARNING bsky_collector_v2.job.index_feed_generators: listRecords failed repo=did:plc:53tfchxt7otwa3p43ak5txmm err=HttpError('InvalidRequest: Could not find repo: did:plc:53tfchxt7otwa3p43ak5txmm')
2026-03-21T23:12:43Z WARNING bsky_collector_v2.job.index_feed_generators: listRecords failed repo=did:plc:62t5pook7ij23wqdwemzegoz err=HttpError('InvalidRequest: Could not find repo: did:plc:62t5pook7ij23wqdwemzegoz')
2026-03-21T23:12:43Z WARNING bsky_collector_v2.job.index_feed_generators: listRecords failed repo=did:plc:66b2hert6ekcysfg73cgte7d err=HttpError('InvalidRequest: Could not find repo: did:plc:66b2hert6ekcysfg73cgte7d')
2026-03-21T23:12:43Z WARNING bsky_collector_v2.job.index_feed_generators: listRecords failed repo=did:plc:76azpgj7hedhtppkmkau3yqu err=HttpError('InvalidRequest: Could not find repo: did:plc:76azpgj7hedhtppkmkau3yqu')
2026-03-21T23:12:43Z WARNING bsky_collector_v2.job.index_feed_generators: listRecords failed repo=did:plc:ainchurq6hohyanx3mh7qdur err=HttpError('InvalidRequest: Could not find repo: did:plc:ainchurq6hohyanx3mh7qdur')
2026-03-21T23:12:43Z WARNING bsky_collector_v2.job.index_feed_generators: listRecords failed repo=did:plc:chygrecj43nmmm7fiocmwbnr err=HttpError('InvalidRequest: Could not find repo: did:plc:chygrecj43nmmm7fiocmwbnr')
2026-03-21T23:12:43Z WARNING bsky_collector_v2.job.index_feed_generators: listRecords failed repo=did:plc:cxb7swd4juhp46jv4bu2g4kj err=HttpError('InvalidRequest: Could not find repo: did:plc:cxb7swd4juhp46jv4bu2g4kj')
2026-03-21T23:12:43Z WARNING bsky_collector_v2.job.index_feed_generators: listRecords failed repo=did:plc:dp2terq4beaggzzhuuahkk2i err=HttpError('InvalidRequest: Could not find repo: did:plc:dp2terq4beaggzzhuuahkk2i')
2026-03-21T23:12:43Z WARNING bsky_collector_v2.job.index_feed_generators: listRecords failed repo=did:plc:ffdixclb6pkh4xcquufa4ymv err=HttpError('InvalidRequest: Could not find repo: did:plc:ffdixclb6pkh4xcquufa4ymv')
2026-03-21T23:12:43Z WARNING bsky_collector_v2.job.index_feed_generators: listRecords failed repo=did:plc:gdmz5porutesak5wevwhn6ek err=HttpError('InvalidRequest: Could not find repo: did:plc:gdmz5porutesak5wevwhn6ek')
2026-03-21T23:12:43Z WARNING bsky_collector_v2.job.index_feed_generators: listRecords failed repo=did:plc:gw2cshd3d7e5vhcay4aaaz4e err=HttpError('InvalidRequest: Could not find repo: did:plc:gw2cshd3d7e5vhcay4aaaz4e')
2026-03-21T23:12:43Z WARNING bsky_collector_v2.job.index_feed_generators: listRecords failed repo=did:plc:h4uaodeqn7uibsgcdcbcndib err=HttpError('InvalidRequest: Could not find repo: did:plc:h4uaodeqn7uibsgcdcbcndib')
2026-03-21T23:12:43Z WARNING bsky_collector_v2.job.index_feed_generators: listRecords failed repo=did:plc:iwoig62a5pgwwtgjm7qtr3mm err=HttpError('InvalidRequest: Could not find repo: did:plc:iwoig62a5pgwwtgjm7qtr3mm')
2026-03-21T23:12:43Z WARNING bsky_collector_v2.job.index_feed_generators: listRecords failed repo=did:plc:j7qeboctntt4im55hm3uc7ox err=HttpError('InvalidRequest: Could not find repo: did:plc:j7qeboctntt4im55hm3uc7ox')
2026-03-21T23:12:43Z WARNING bsky_collector_v2.job.index_feed_generators: listRecords failed repo=did:plc:ldi6majk5xjhjb72agrcpsca err=HttpError('InvalidRequest: Could not find repo: did:plc:ldi6majk5xjhjb72agrcpsca')
2026-03-21T23:12:43Z WARNING bsky_collector_v2.job.index_feed_generators: listRecords failed repo=did:plc:lqvi3pke6aqv7fvjd5agllvi err=HttpError('InvalidRequest: Could not find repo: did:plc:lqvi3pke6aqv7fvjd5agllvi')
2026-03-21T23:12:44Z WARNING bsky_collector_v2.job.index_feed_generators: listRecords failed repo=did:plc:m3c3uvbaohq64bo5pwntaggt err=HttpError('InvalidRequest: Could not find repo: did:plc:m3c3uvbaohq64bo5pwntaggt')
2026-03-21T23:12:44Z WARNING bsky_collector_v2.job.index_feed_generators: listRecords failed repo=did:plc:muiq7edqokbihun75w5pskiq err=HttpError('InvalidRequest: Could not find repo: did:plc:muiq7edqokbihun75w5pskiq')
2026-03-21T23:12:44Z WARNING bsky_collector_v2.job.index_feed_generators: listRecords failed repo=did:plc:mybooyh3tmhatj52t4ugdcal err=HttpError('InvalidRequest: Could not find repo: did:plc:mybooyh3tmhatj52t4ugdcal')
2026-03-21T23:12:44Z WARNING bsky_collector_v2.job.index_feed_generators: listRecords failed repo=did:plc:ouxjl6fsbihnqldc43snvgyp err=HttpError('InvalidRequest: Could not find repo: did:plc:ouxjl6fsbihnqldc43snvgyp')
2026-03-21T23:12:44Z WARNING bsky_collector_v2.job.index_feed_generators: listRecords failed repo=did:plc:pjperapq55525upapt2pbviq err=HttpError('InvalidRequest: Could not find repo: did:plc:pjperapq55525upapt2pbviq')
2026-03-21T23:12:44Z WARNING bsky_collector_v2.job.index_feed_generators: listRecords failed repo=did:plc:qul7acqouomtl72djn5xo4ob err=HttpError('InvalidRequest: Could not find repo: did:plc:qul7acqouomtl72djn5xo4ob')
2026-03-21T23:12:44Z WARNING bsky_collector_v2.job.index_feed_generators: listRecords failed repo=did:plc:syjbg6km5c66nxevq5wij243 err=HttpError('InvalidRequest: Could not find repo: did:plc:syjbg6km5c66nxevq5wij243')
2026-03-21T23:12:44Z WARNING bsky_collector_v2.job.index_feed_generators: listRecords failed repo=did:plc:uorzw3smuwngbkgl3x52nptn err=HttpError('InvalidRequest: Could not find repo: did:plc:uorzw3smuwngbkgl3x52nptn')
2026-03-21T23:12:44Z WARNING bsky_collector_v2.job.index_feed_generators: listRecords failed repo=did:plc:yltptvklvzfzcgwgbrrcw3q6 err=HttpError('InvalidRequest: Could not find repo: did:plc:yltptvklvzfzcgwgbrrcw3q6')
2026-03-21T23:12:44Z WARNING bsky_collector_v2.job.index_feed_generators: listRecords failed repo=did:plc:yt5ido7gr3foc6velg3sq2wg err=HttpError('InvalidRequest: Could not find repo: did:plc:yt5ido7gr3foc6velg3sq2wg')
2026-03-21T23:12:45Z INFO bsky_collector_v2.job.index_feed_generators: enqueued repos page=26 mode=listRepos inserted=500 repos_returned=500 next_cursor=set
2026-03-21T23:12:50Z WARNING bsky_collector_v2.job.index_feed_generators: listRecords failed repo=did:plc:3yjmrw245xmut5b2m56axbzo err=HttpError('InvalidRequest: Could not find repo: did:plc:3yjmrw245xmut5b2m56axbzo')
2026-03-21T23:12:50Z WARNING bsky_collector_v2.job.index_feed_generators: listRecords failed repo=did:plc:4bxsmbayffd6zqrq5wpjjv3c err=HttpError('InvalidRequest: Could not find repo: did:plc:4bxsmbayffd6zqrq5wpjjv3c')
2026-03-21T23:12:51Z WARNING bsky_collector_v2.job.index_feed_generators: listRecords failed repo=did:plc:4c2huu357b45actdsygcux25 err=HttpError('InvalidRequest: Could not find repo: did:plc:4c2huu357b45actdsygcux25')
2026-03-21T23:12:52Z WARNING bsky_collector_v2.job.index_feed_generators: listRecords failed repo=did:plc:4ovrkrawbno2mjo4bvw6iwax err=HttpError('InvalidRequest: Could not find repo: did:plc:4ovrkrawbno2mjo4bvw6iwax')
2026-03-21T23:13:04Z WARNING bsky_collector_v2.job.index_feed_generators: listRecords failed repo=did:plc:aucaxhdhlm2ybl35ippz7vi3 err=HttpError('InvalidRequest: Could not find repo: did:plc:aucaxhdhlm2ybl35ippz7vi3')
2026-03-21T23:13:06Z WARNING bsky_collector_v2.job.index_feed_generators: listRecords failed repo=did:plc:bsludrzqyxfx6kcrlxvtmfrg err=HttpError('InvalidRequest: Could not find repo: did:plc:bsludrzqyxfx6kcrlxvtmfrg')
2026-03-21T23:13:07Z WARNING bsky_collector_v2.job.index_feed_generators: listRecords failed repo=did:plc:c6xetsfcmrvx7g65x2v5uepi err=HttpError('InvalidRequest: Could not find repo: did:plc:c6xetsfcmrvx7g65x2v5uepi')
2026-03-21T23:13:12Z WARNING bsky_collector_v2.job.index_feed_generators: listRecords failed repo=did:plc:di5emvoilz5ojciob6fttrpy err=HttpError('InvalidRequest: Could not find repo: did:plc:di5emvoilz5ojciob6fttrpy')
2026-03-21T23:13:14Z WARNING bsky_collector_v2.job.index_feed_generators: listRecords failed repo=did:plc:egjljalht5qrmos7k6ymtxn7 err=HttpError('InvalidRequest: Could not find repo: did:plc:egjljalht5qrmos7k6ymtxn7')
2026-03-21T23:13:14Z WARNING bsky_collector_v2.job.index_feed_generators: listRecords failed repo=did:plc:esoqf5ivlof7ugwuujgj56hj err=HttpError('InvalidRequest: Could not find repo: did:plc:esoqf5ivlof7ugwuujgj56hj')
2026-03-21T23:13:18Z WARNING bsky_collector_v2.job.index_feed_generators: listRecords failed repo=did:plc:gqviuajry2g6qgnerc3xcrzn err=HttpError('InvalidRequest: Could not find repo: did:plc:gqviuajry2g6qgnerc3xcrzn')
2026-03-21T23:13:37Z WARNING bsky_collector_v2.job.index_feed_generators: listRecords failed repo=did:plc:kkv4af3ang3vfy23siecq25j err=HttpError('InvalidRequest: Could not find repo: did:plc:kkv4af3ang3vfy23siecq25j')
2026-03-21T23:13:41Z WARNING bsky_collector_v2.job.index_feed_generators: listRecords failed repo=did:plc:lyvugsveeyooz42msjw46tid err=HttpError('InvalidRequest: Could not find repo: did:plc:lyvugsveeyooz42msjw46tid')
2026-03-21T23:13:51Z WARNING bsky_collector_v2.job.index_feed_generators: listRecords failed repo=did:plc:oakix3cef6k6iuqmyhvzmqb5 err=HttpError('InvalidRequest: Could not find repo: did:plc:oakix3cef6k6iuqmyhvzmqb5')
2026-03-21T23:14:02Z WARNING bsky_collector_v2.job.index_feed_generators: listRecords failed repo=did:plc:sclbwuye2qp5eplhsmosbwm4 err=HttpError('InvalidRequest: Could not find repo: did:plc:sclbwuye2qp5eplhsmosbwm4')
2026-03-21T23:14:02Z WARNING bsky_collector_v2.job.index_feed_generators: listRecords failed repo=did:plc:sebfrrpijvxjysz5vodjzyon err=HttpError('InvalidRequest: Could not find repo: did:plc:sebfrrpijvxjysz5vodjzyon')
2026-03-21T23:14:08Z WARNING bsky_collector_v2.job.index_feed_generators: listRecords failed repo=did:plc:upxbsvwwa2h3eczbnrwgctjt err=HttpError('InvalidRequest: Could not find repo: did:plc:upxbsvwwa2h3eczbnrwgctjt')
2026-03-21T23:14:14Z WARNING bsky_collector_v2.job.index_feed_generators: listRecords failed repo=did:plc:wi5fcm2ngddwarei4mlvd5sa err=HttpError('InvalidRequest: Could not find repo: did:plc:wi5fcm2ngddwarei4mlvd5sa')
2026-03-21T23:14:15Z WARNING bsky_collector_v2.job.index_feed_generators: listRecords failed repo=did:plc:x2pahoatluz2f4b3ni2rnv6v err=HttpError('InvalidRequest: Could not find repo: did:plc:x2pahoatluz2f4b3ni2rnv6v')
2026-03-21T23:14:19Z WARNING bsky_collector_v2.job.index_feed_generators: listRecords failed repo=did:plc:zgvvk73cww5phqy4v4z4s2w3 err=HttpError('InvalidRequest: Could not find repo: did:plc:zgvvk73cww5phqy4v4z4s2w3')
2026-03-21T23:14:19Z WARNING bsky_collector_v2.job.index_feed_generators: listRecords failed repo=did:plc:zkkvz4foqms3nfpg74qq2hzk err=HttpError('InvalidRequest: Could not find repo: did:plc:zkkvz4foqms3nfpg74qq2hzk')
2026-03-21T23:14:21Z WARNING bsky_collector_v2.job.index_feed_generators: listRecords failed repo=did:plc:3yjmrw245xmut5b2m56axbzo err=HttpError('InvalidRequest: Could not find repo: did:plc:3yjmrw245xmut5b2m56axbzo')
2026-03-21T23:14:21Z WARNING bsky_collector_v2.job.index_feed_generators: listRecords failed repo=did:plc:4bxsmbayffd6zqrq5wpjjv3c err=HttpError('InvalidRequest: Could not find repo: did:plc:4bxsmbayffd6zqrq5wpjjv3c')
2026-03-21T23:14:21Z WARNING bsky_collector_v2.job.index_feed_generators: listRecords failed repo=did:plc:4c2huu357b45actdsygcux25 err=HttpError('InvalidRequest: Could not find repo: did:plc:4c2huu357b45actdsygcux25')
2026-03-21T23:14:21Z WARNING bsky_collector_v2.job.index_feed_generators: listRecords failed repo=did:plc:4ovrkrawbno2mjo4bvw6iwax err=HttpError('InvalidRequest: Could not find repo: did:plc:4ovrkrawbno2mjo4bvw6iwax')
2026-03-21T23:14:21Z WARNING bsky_collector_v2.job.index_feed_generators: listRecords failed repo=did:plc:aucaxhdhlm2ybl35ippz7vi3 err=HttpError('InvalidRequest: Could not find repo: did:plc:aucaxhdhlm2ybl35ippz7vi3')
2026-03-21T23:14:21Z WARNING bsky_collector_v2.job.index_feed_generators: listRecords failed repo=did:plc:bsludrzqyxfx6kcrlxvtmfrg err=HttpError('InvalidRequest: Could not find repo: did:plc:bsludrzqyxfx6kcrlxvtmfrg')
2026-03-21T23:14:21Z WARNING bsky_collector_v2.job.index_feed_generators: listRecords failed repo=did:plc:c6xetsfcmrvx7g65x2v5uepi err=HttpError('InvalidRequest: Could not find repo: did:plc:c6xetsfcmrvx7g65x2v5uepi')
2026-03-21T23:14:21Z WARNING bsky_collector_v2.job.index_feed_generators: listRecords failed repo=did:plc:di5emvoilz5ojciob6fttrpy err=HttpError('InvalidRequest: Could not find repo: did:plc:di5emvoilz5ojciob6fttrpy')
2026-03-21T23:14:21Z WARNING bsky_collector_v2.job.index_feed_generators: listRecords failed repo=did:plc:egjljalht5qrmos7k6ymtxn7 err=HttpError('InvalidRequest: Could not find repo: did:plc:egjljalht5qrmos7k6ymtxn7')
2026-03-21T23:14:21Z WARNING bsky_collector_v2.job.index_feed_generators: listRecords failed repo=did:plc:esoqf5ivlof7ugwuujgj56hj err=HttpError('InvalidRequest: Could not find repo: did:plc:esoqf5ivlof7ugwuujgj56hj')
2026-03-21T23:14:21Z WARNING bsky_collector_v2.job.index_feed_generators: listRecords failed repo=did:plc:gqviuajry2g6qgnerc3xcrzn err=HttpError('InvalidRequest: Could not find repo: did:plc:gqviuajry2g6qgnerc3xcrzn')
2026-03-21T23:14:21Z WARNING bsky_collector_v2.job.index_feed_generators: listRecords failed repo=did:plc:kkv4af3ang3vfy23siecq25j err=HttpError('InvalidRequest: Could not find repo: did:plc:kkv4af3ang3vfy23siecq25j')
2026-03-21T23:14:21Z WARNING bsky_collector_v2.job.index_feed_generators: listRecords failed repo=did:plc:lyvugsveeyooz42msjw46tid err=HttpError('InvalidRequest: Could not find repo: did:plc:lyvugsveeyooz42msjw46tid')
2026-03-21T23:14:22Z WARNING bsky_collector_v2.job.index_feed_generators: listRecords failed repo=did:plc:oakix3cef6k6iuqmyhvzmqb5 err=HttpError('InvalidRequest: Could not find repo: did:plc:oakix3cef6k6iuqmyhvzmqb5')
2026-03-21T23:14:22Z WARNING bsky_collector_v2.job.index_feed_generators: listRecords failed repo=did:plc:sclbwuye2qp5eplhsmosbwm4 err=HttpError('InvalidRequest: Could not find repo: did:plc:sclbwuye2qp5eplhsmosbwm4')
2026-03-21T23:14:22Z WARNING bsky_collector_v2.job.index_feed_generators: listRecords failed repo=did:plc:sebfrrpijvxjysz5vodjzyon err=HttpError('InvalidRequest: Could not find repo: did:plc:sebfrrpijvxjysz5vodjzyon')
2026-03-21T23:14:22Z WARNING bsky_collector_v2.job.index_feed_generators: listRecords failed repo=did:plc:upxbsvwwa2h3eczbnrwgctjt err=HttpError('InvalidRequest: Could not find repo: did:plc:upxbsvwwa2h3eczbnrwgctjt')
2026-03-21T23:14:22Z WARNING bsky_collector_v2.job.index_feed_generators: listRecords failed repo=did:plc:wi5fcm2ngddwarei4mlvd5sa err=HttpError('InvalidRequest: Could not find repo: did:plc:wi5fcm2ngddwarei4mlvd5sa')
2026-03-21T23:14:22Z WARNING bsky_collector_v2.job.index_feed_generators: listRecords failed repo=did:plc:x2pahoatluz2f4b3ni2rnv6v err=HttpError('InvalidRequest: Could not find repo: did:plc:x2pahoatluz2f4b3ni2rnv6v')
2026-03-21T23:14:22Z WARNING bsky_collector_v2.job.index_feed_generators: listRecords failed repo=did:plc:zgvvk73cww5phqy4v4z4s2w3 err=HttpError('InvalidRequest: Could not find repo: did:plc:zgvvk73cww5phqy4v4z4s2w3')
2026-03-21T23:14:22Z WARNING bsky_collector_v2.job.index_feed_generators: listRecords failed repo=did:plc:zkkvz4foqms3nfpg74qq2hzk err=HttpError('InvalidRequest: Could not find repo: did:plc:zkkvz4foqms3nfpg74qq2hzk')
2026-03-21T23:14:22Z WARNING bsky_collector_v2.job.index_feed_generators: listRecords failed repo=did:plc:3yjmrw245xmut5b2m56axbzo err=HttpError('InvalidRequest: Could not find repo: did:plc:3yjmrw245xmut5b2m56axbzo')
2026-03-21T23:14:22Z WARNING bsky_collector_v2.job.index_feed_generators: listRecords failed repo=did:plc:4bxsmbayffd6zqrq5wpjjv3c err=HttpError('InvalidRequest: Could not find repo: did:plc:4bxsmbayffd6zqrq5wpjjv3c')
2026-03-21T23:14:22Z WARNING bsky_collector_v2.job.index_feed_generators: listRecords failed repo=did:plc:4c2huu357b45actdsygcux25 err=HttpError('InvalidRequest: Could not find repo: did:plc:4c2huu357b45actdsygcux25')
2026-03-21T23:14:22Z WARNING bsky_collector_v2.job.index_feed_generators: listRecords failed repo=did:plc:4ovrkrawbno2mjo4bvw6iwax err=HttpError('InvalidRequest: Could not find repo: did:plc:4ovrkrawbno2mjo4bvw6iwax')
2026-03-21T23:14:22Z WARNING bsky_collector_v2.job.index_feed_generators: listRecords failed repo=did:plc:aucaxhdhlm2ybl35ippz7vi3 err=HttpError('InvalidRequest: Could not find repo: did:plc:aucaxhdhlm2ybl35ippz7vi3')
2026-03-21T23:14:22Z WARNING bsky_collector_v2.job.index_feed_generators: listRecords failed repo=did:plc:bsludrzqyxfx6kcrlxvtmfrg err=HttpError('InvalidRequest: Could not find repo: did:plc:bsludrzqyxfx6kcrlxvtmfrg')
2026-03-21T23:14:22Z WARNING bsky_collector_v2.job.index_feed_generators: listRecords failed repo=did:plc:c6xetsfcmrvx7g65x2v5uepi err=HttpError('InvalidRequest: Could not find repo: did:plc:c6xetsfcmrvx7g65x2v5uepi')
2026-03-21T23:14:22Z WARNING bsky_collector_v2.job.index_feed_generators: listRecords failed repo=did:plc:di5emvoilz5ojciob6fttrpy err=HttpError('InvalidRequest: Could not find repo: did:plc:di5emvoilz5ojciob6fttrpy')
2026-03-21T23:14:22Z WARNING bsky_collector_v2.job.index_feed_generators: listRecords failed repo=did:plc:egjljalht5qrmos7k6ymtxn7 err=HttpError('InvalidRequest: Could not find repo: did:plc:egjljalht5qrmos7k6ymtxn7')
2026-03-21T23:14:23Z WARNING bsky_collector_v2.job.index_feed_generators: listRecords failed repo=did:plc:esoqf5ivlof7ugwuujgj56hj err=HttpError('InvalidRequest: Could not find repo: did:plc:esoqf5ivlof7ugwuujgj56hj')
2026-03-21T23:14:23Z WARNING bsky_collector_v2.job.index_feed_generators: listRecords failed repo=did:plc:gqviuajry2g6qgnerc3xcrzn err=HttpError('InvalidRequest: Could not find repo: did:plc:gqviuajry2g6qgnerc3xcrzn')
2026-03-21T23:14:23Z WARNING bsky_collector_v2.job.index_feed_generators: listRecords failed repo=did:plc:kkv4af3ang3vfy23siecq25j err=HttpError('InvalidRequest: Could not find repo: did:plc:kkv4af3ang3vfy23siecq25j')
2026-03-21T23:14:23Z WARNING bsky_collector_v2.job.index_feed_generators: listRecords failed repo=did:plc:lyvugsveeyooz42msjw46tid err=HttpError('InvalidRequest: Could not find repo: did:plc:lyvugsveeyooz42msjw46tid')
2026-03-21T23:14:23Z WARNING bsky_collector_v2.job.index_feed_generators: listRecords failed repo=did:plc:oakix3cef6k6iuqmyhvzmqb5 err=HttpError('InvalidRequest: Could not find repo: did:plc:oakix3cef6k6iuqmyhvzmqb5')
2026-03-21T23:14:23Z WARNING bsky_collector_v2.job.index_feed_generators: listRecords failed repo=did:plc:sclbwuye2qp5eplhsmosbwm4 err=HttpError('InvalidRequest: Could not find repo: did:plc:sclbwuye2qp5eplhsmosbwm4')
2026-03-21T23:14:23Z WARNING bsky_collector_v2.job.index_feed_generators: listRecords failed repo=did:plc:sebfrrpijvxjysz5vodjzyon err=HttpError('InvalidRequest: Could not find repo: did:plc:sebfrrpijvxjysz5vodjzyon')
2026-03-21T23:14:23Z WARNING bsky_collector_v2.job.index_feed_generators: listRecords failed repo=did:plc:upxbsvwwa2h3eczbnrwgctjt err=HttpError('InvalidRequest: Could not find repo: did:plc:upxbsvwwa2h3eczbnrwgctjt')
2026-03-21T23:14:23Z WARNING bsky_collector_v2.job.index_feed_generators: listRecords failed repo=did:plc:wi5fcm2ngddwarei4mlvd5sa err=HttpError('InvalidRequest: Could not find repo: did:plc:wi5fcm2ngddwarei4mlvd5sa')
2026-03-21T23:14:23Z WARNING bsky_collector_v2.job.index_feed_generators: listRecords failed repo=did:plc:x2pahoatluz2f4b3ni2rnv6v err=HttpError('InvalidRequest: Could not find repo: did:plc:x2pahoatluz2f4b3ni2rnv6v')
2026-03-21T23:14:23Z WARNING bsky_collector_v2.job.index_feed_generators: listRecords failed repo=did:plc:zgvvk73cww5phqy4v4z4s2w3 err=HttpError('InvalidRequest: Could not find repo: did:plc:zgvvk73cww5phqy4v4z4s2w3')
2026-03-21T23:14:23Z WARNING bsky_collector_v2.job.index_feed_generators: listRecords failed repo=did:plc:zkkvz4foqms3nfpg74qq2hzk err=HttpError('InvalidRequest: Could not find repo: did:plc:zkkvz4foqms3nfpg74qq2hzk')
2026-03-21T23:14:24Z INFO bsky_collector_v2.job.index_feed_generators: enqueued repos page=27 mode=listRepos inserted=500 repos_returned=500 next_cursor=set
2026-03-21T23:14:24Z WARNING bsky_collector_v2.job.index_feed_generators: listRecords failed repo=did:plc:2jczed456myntw5rr3rtsslt err=HttpError('InvalidRequest: Could not find repo: did:plc:2jczed456myntw5rr3rtsslt')
2026-03-21T23:14:31Z WARNING bsky_collector_v2.job.index_feed_generators: listRecords failed repo=did:plc:4stctwyxbbb4vh47r2ceeagf err=HttpError('InvalidRequest: Could not find repo: did:plc:4stctwyxbbb4vh47r2ceeagf')
2026-03-21T23:14:46Z WARNING bsky_collector_v2.job.index_feed_generators: listRecords failed repo=did:plc:cbdyx4ylzbiyvfz4izwfe47i err=HttpError('InvalidRequest: Could not find repo: did:plc:cbdyx4ylzbiyvfz4izwfe47i')
2026-03-21T23:14:50Z WARNING bsky_collector_v2.job.index_feed_generators: listRecords failed repo=did:plc:e56rqugvg5xoovqyx3ov7gpk err=HttpError('InvalidRequest: Could not find repo: did:plc:e56rqugvg5xoovqyx3ov7gpk')
2026-03-21T23:14:53Z WARNING bsky_collector_v2.job.index_feed_generators: listRecords failed repo=did:plc:f5y6ywlvdih6z7mjdl43qf4o err=HttpError('InvalidRequest: Could not find repo: did:plc:f5y6ywlvdih6z7mjdl43qf4o')
2026-03-21T23:14:56Z WARNING bsky_collector_v2.job.index_feed_generators: listRecords failed repo=did:plc:g3yyfwpi35uko2qf5wfcrlhz err=HttpError('InvalidRequest: Could not find repo: did:plc:g3yyfwpi35uko2qf5wfcrlhz')
2026-03-21T23:15:06Z WARNING bsky_collector_v2.job.index_feed_generators: listRecords failed repo=did:plc:j7slmjpnof5gnymddbdwqfyc err=HttpError('InvalidRequest: Could not find repo: did:plc:j7slmjpnof5gnymddbdwqfyc')
2026-03-21T23:15:10Z WARNING bsky_collector_v2.job.index_feed_generators: listRecords failed repo=did:plc:koahoq7czv22qrd3imiwepkt err=HttpError('InvalidRequest: Could not find repo: did:plc:koahoq7czv22qrd3imiwepkt')
2026-03-21T23:15:12Z WARNING bsky_collector_v2.job.index_feed_generators: listRecords failed repo=did:plc:l3ynbirwbzeg5j7hg7tsy2vh err=HttpError('InvalidRequest: Could not find repo: did:plc:l3ynbirwbzeg5j7hg7tsy2vh')
2026-03-21T23:15:22Z WARNING bsky_collector_v2.job.index_feed_generators: listRecords failed repo=did:plc:qp777v5u5tws6ajcvz5s2leh err=HttpError('InvalidRequest: Could not find repo: did:plc:qp777v5u5tws6ajcvz5s2leh')
2026-03-21T23:15:26Z WARNING bsky_collector_v2.job.index_feed_generators: listRecords failed repo=did:plc:s4syvgf4xdxihsyow5vy3z22 err=HttpError('InvalidRequest: Could not find repo: did:plc:s4syvgf4xdxihsyow5vy3z22')
2026-03-21T23:15:39Z WARNING bsky_collector_v2.job.index_feed_generators: listRecords failed repo=did:plc:udf66wxjvxsou7ffqv66vck3 err=HttpError('InvalidRequest: Could not find repo: did:plc:udf66wxjvxsou7ffqv66vck3')
2026-03-21T23:15:49Z WARNING bsky_collector_v2.job.index_feed_generators: listRecords failed repo=did:plc:vt57qbou36fwrhtmissxnrxz err=HttpError('InvalidRequest: Could not find repo: did:plc:vt57qbou36fwrhtmissxnrxz')
2026-03-21T23:15:54Z WARNING bsky_collector_v2.job.index_feed_generators: listRecords failed repo=did:plc:wuok3yuuhejsa3mp6vyzg5ba err=HttpError('InvalidRequest: Could not find repo: did:plc:wuok3yuuhejsa3mp6vyzg5ba')
2026-03-21T23:16:06Z WARNING bsky_collector_v2.job.index_feed_generators: listRecords failed repo=did:plc:zpqzgsetbfeddskc7gmetwa3 err=HttpError('InvalidRequest: Could not find repo: did:plc:zpqzgsetbfeddskc7gmetwa3')
2026-03-21T23:16:06Z WARNING bsky_collector_v2.job.index_feed_generators: listRecords failed repo=did:plc:2jczed456myntw5rr3rtsslt err=HttpError('InvalidRequest: Could not find repo: did:plc:2jczed456myntw5rr3rtsslt')
2026-03-21T23:16:06Z WARNING bsky_collector_v2.job.index_feed_generators: listRecords failed repo=did:plc:4stctwyxbbb4vh47r2ceeagf err=HttpError('InvalidRequest: Could not find repo: did:plc:4stctwyxbbb4vh47r2ceeagf')
2026-03-21T23:16:06Z WARNING bsky_collector_v2.job.index_feed_generators: listRecords failed repo=did:plc:cbdyx4ylzbiyvfz4izwfe47i err=HttpError('InvalidRequest: Could not find repo: did:plc:cbdyx4ylzbiyvfz4izwfe47i')
2026-03-21T23:16:06Z WARNING bsky_collector_v2.job.index_feed_generators: listRecords failed repo=did:plc:e56rqugvg5xoovqyx3ov7gpk err=HttpError('InvalidRequest: Could not find repo: did:plc:e56rqugvg5xoovqyx3ov7gpk')
2026-03-21T23:16:06Z WARNING bsky_collector_v2.job.index_feed_generators: listRecords failed repo=did:plc:f5y6ywlvdih6z7mjdl43qf4o err=HttpError('InvalidRequest: Could not find repo: did:plc:f5y6ywlvdih6z7mjdl43qf4o')
2026-03-21T23:16:06Z WARNING bsky_collector_v2.job.index_feed_generators: listRecords failed repo=did:plc:g3yyfwpi35uko2qf5wfcrlhz err=HttpError('InvalidRequest: Could not find repo: did:plc:g3yyfwpi35uko2qf5wfcrlhz')
2026-03-21T23:16:06Z WARNING bsky_collector_v2.job.index_feed_generators: listRecords failed repo=did:plc:j7slmjpnof5gnymddbdwqfyc err=HttpError('InvalidRequest: Could not find repo: did:plc:j7slmjpnof5gnymddbdwqfyc')
2026-03-21T23:16:07Z WARNING bsky_collector_v2.job.index_feed_generators: listRecords failed repo=did:plc:koahoq7czv22qrd3imiwepkt err=HttpError('InvalidRequest: Could not find repo: did:plc:koahoq7czv22qrd3imiwepkt')
2026-03-21T23:16:07Z WARNING bsky_collector_v2.job.index_feed_generators: listRecords failed repo=did:plc:l3ynbirwbzeg5j7hg7tsy2vh err=HttpError('InvalidRequest: Could not find repo: did:plc:l3ynbirwbzeg5j7hg7tsy2vh')
2026-03-21T23:16:07Z WARNING bsky_collector_v2.job.index_feed_generators: listRecords failed repo=did:plc:qp777v5u5tws6ajcvz5s2leh err=HttpError('InvalidRequest: Could not find repo: did:plc:qp777v5u5tws6ajcvz5s2leh')
2026-03-21T23:16:07Z WARNING bsky_collector_v2.job.index_feed_generators: listRecords failed repo=did:plc:s4syvgf4xdxihsyow5vy3z22 err=HttpError('InvalidRequest: Could not find repo: did:plc:s4syvgf4xdxihsyow5vy3z22')
2026-03-21T23:16:07Z WARNING bsky_collector_v2.job.index_feed_generators: listRecords failed repo=did:plc:udf66wxjvxsou7ffqv66vck3 err=HttpError('InvalidRequest: Could not find repo: did:plc:udf66wxjvxsou7ffqv66vck3')
2026-03-21T23:16:07Z WARNING bsky_collector_v2.job.index_feed_generators: listRecords failed repo=did:plc:vt57qbou36fwrhtmissxnrxz err=HttpError('InvalidRequest: Could not find repo: did:plc:vt57qbou36fwrhtmissxnrxz')
2026-03-21T23:16:07Z WARNING bsky_collector_v2.job.index_feed_generators: listRecords failed repo=did:plc:wuok3yuuhejsa3mp6vyzg5ba err=HttpError('InvalidRequest: Could not find repo: did:plc:wuok3yuuhejsa3mp6vyzg5ba')
2026-03-21T23:16:07Z WARNING bsky_collector_v2.job.index_feed_generators: listRecords failed repo=did:plc:zpqzgsetbfeddskc7gmetwa3 err=HttpError('InvalidRequest: Could not find repo: did:plc:zpqzgsetbfeddskc7gmetwa3')
2026-03-21T23:16:07Z WARNING bsky_collector_v2.job.index_feed_generators: listRecords failed repo=did:plc:2jczed456myntw5rr3rtsslt err=HttpError('InvalidRequest: Could not find repo: did:plc:2jczed456myntw5rr3rtsslt')
2026-03-21T23:16:07Z WARNING bsky_collector_v2.job.index_feed_generators: listRecords failed repo=did:plc:4stctwyxbbb4vh47r2ceeagf err=HttpError('InvalidRequest: Could not find repo: did:plc:4stctwyxbbb4vh47r2ceeagf')
2026-03-21T23:16:07Z WARNING bsky_collector_v2.job.index_feed_generators: listRecords failed repo=did:plc:cbdyx4ylzbiyvfz4izwfe47i err=HttpError('InvalidRequest: Could not find repo: did:plc:cbdyx4ylzbiyvfz4izwfe47i')
2026-03-21T23:16:07Z WARNING bsky_collector_v2.job.index_feed_generators: listRecords failed repo=did:plc:e56rqugvg5xoovqyx3ov7gpk err=HttpError('InvalidRequest: Could not find repo: did:plc:e56rqugvg5xoovqyx3ov7gpk')
2026-03-21T23:16:07Z WARNING bsky_collector_v2.job.index_feed_generators: listRecords failed repo=did:plc:f5y6ywlvdih6z7mjdl43qf4o err=HttpError('InvalidRequest: Could not find repo: did:plc:f5y6ywlvdih6z7mjdl43qf4o')
2026-03-21T23:16:08Z WARNING bsky_collector_v2.job.index_feed_generators: listRecords failed repo=did:plc:g3yyfwpi35uko2qf5wfcrlhz err=HttpError('InvalidRequest: Could not find repo: did:plc:g3yyfwpi35uko2qf5wfcrlhz')
2026-03-21T23:16:08Z WARNING bsky_collector_v2.job.index_feed_generators: listRecords failed repo=did:plc:j7slmjpnof5gnymddbdwqfyc err=HttpError('InvalidRequest: Could not find repo: did:plc:j7slmjpnof5gnymddbdwqfyc')
2026-03-21T23:16:08Z WARNING bsky_collector_v2.job.index_feed_generators: listRecords failed repo=did:plc:koahoq7czv22qrd3imiwepkt err=HttpError('InvalidRequest: Could not find repo: did:plc:koahoq7czv22qrd3imiwepkt')
2026-03-21T23:16:08Z WARNING bsky_collector_v2.job.index_feed_generators: listRecords failed repo=did:plc:l3ynbirwbzeg5j7hg7tsy2vh err=HttpError('InvalidRequest: Could not find repo: did:plc:l3ynbirwbzeg5j7hg7tsy2vh')
2026-03-21T23:16:08Z WARNING bsky_collector_v2.job.index_feed_generators: listRecords failed repo=did:plc:qp777v5u5tws6ajcvz5s2leh err=HttpError('InvalidRequest: Could not find repo: did:plc:qp777v5u5tws6ajcvz5s2leh')
2026-03-21T23:16:08Z WARNING bsky_collector_v2.job.index_feed_generators: listRecords failed repo=did:plc:s4syvgf4xdxihsyow5vy3z22 err=HttpError('InvalidRequest: Could not find repo: did:plc:s4syvgf4xdxihsyow5vy3z22')
2026-03-21T23:16:08Z WARNING bsky_collector_v2.job.index_feed_generators: listRecords failed repo=did:plc:udf66wxjvxsou7ffqv66vck3 err=HttpError('InvalidRequest: Could not find repo: did:plc:udf66wxjvxsou7ffqv66vck3')
2026-03-21T23:16:08Z WARNING bsky_collector_v2.job.index_feed_generators: listRecords failed repo=did:plc:vt57qbou36fwrhtmissxnrxz err=HttpError('InvalidRequest: Could not find repo: did:plc:vt57qbou36fwrhtmissxnrxz')
2026-03-21T23:16:08Z WARNING bsky_collector_v2.job.index_feed_generators: listRecords failed repo=did:plc:wuok3yuuhejsa3mp6vyzg5ba err=HttpError('InvalidRequest: Could not find repo: did:plc:wuok3yuuhejsa3mp6vyzg5ba')
2026-03-21T23:16:08Z WARNING bsky_collector_v2.job.index_feed_generators: listRecords failed repo=did:plc:zpqzgsetbfeddskc7gmetwa3 err=HttpError('InvalidRequest: Could not find repo: did:plc:zpqzgsetbfeddskc7gmetwa3')
2026-03-21T23:16:09Z INFO bsky_collector_v2.job.index_feed_generators: enqueued repos page=28 mode=listRepos inserted=500 repos_returned=500 next_cursor=set
2026-03-21T23:16:16Z WARNING bsky_collector_v2.job.index_feed_generators: listRecords failed repo=did:plc:4bg6nzcctwzlofb7gxbbvvmi err=HttpError('InvalidRequest: Could not find repo: did:plc:4bg6nzcctwzlofb7gxbbvvmi')
2026-03-21T23:16:22Z WARNING bsky_collector_v2.job.index_feed_generators: listRecords failed repo=did:plc:6yl5dmkdm3ubmfrbzoqkjanl err=HttpError('InvalidRequest: Could not find repo: did:plc:6yl5dmkdm3ubmfrbzoqkjanl')
2026-03-21T23:16:42Z WARNING bsky_collector_v2.job.index_feed_generators: listRecords failed repo=did:plc:gg22jq3nr5anolnzoarxms4j err=HttpError('InvalidRequest: Could not find repo: did:plc:gg22jq3nr5anolnzoarxms4j')
2026-03-21T23:16:43Z WARNING bsky_collector_v2.job.index_feed_generators: listRecords failed repo=did:plc:gpvctuy5utz4hnzkz4ypzyow err=HttpError('InvalidRequest: Could not find repo: did:plc:gpvctuy5utz4hnzkz4ypzyow')
2026-03-21T23:16:50Z WARNING bsky_collector_v2.job.index_feed_generators: listRecords failed repo=did:plc:jhiwhaacyg6h6g3iolx2ybpj err=HttpError('InvalidRequest: Could not find repo: did:plc:jhiwhaacyg6h6g3iolx2ybpj')
2026-03-21T23:16:55Z WARNING bsky_collector_v2.job.index_feed_generators: listRecords failed repo=did:plc:klsyytxwrm4gxcdywqar5irg err=HttpError('InvalidRequest: Could not find repo: did:plc:klsyytxwrm4gxcdywqar5irg')
2026-03-21T23:17:06Z WARNING bsky_collector_v2.job.index_feed_generators: listRecords failed repo=did:plc:p3jbspz57hhd3gpfkwlfrp3c err=HttpError('InvalidRequest: Could not find repo: did:plc:p3jbspz57hhd3gpfkwlfrp3c')
2026-03-21T23:17:06Z WARNING bsky_collector_v2.job.index_feed_generators: listRecords failed repo=did:plc:p4nmhscl327ocwhk3irem2nl err=HttpError('InvalidRequest: Could not find repo: did:plc:p4nmhscl327ocwhk3irem2nl')
2026-03-21T23:17:09Z WARNING bsky_collector_v2.job.index_feed_generators: listRecords failed repo=did:plc:puvkoscj2csgufmig2zp7owo err=HttpError('InvalidRequest: Could not find repo: did:plc:puvkoscj2csgufmig2zp7owo')
2026-03-21T23:17:15Z WARNING bsky_collector_v2.job.index_feed_generators: listRecords failed repo=did:plc:sqmnlm5xxprdgquu6lqz2oo4 err=HttpError('InvalidRequest: Could not find repo: did:plc:sqmnlm5xxprdgquu6lqz2oo4')
2026-03-21T23:17:17Z WARNING bsky_collector_v2.job.index_feed_generators: listRecords failed repo=did:plc:tigz5jtyb2ec65lu4b4c44fw err=HttpError('InvalidRequest: Could not find repo: did:plc:tigz5jtyb2ec65lu4b4c44fw')
2026-03-21T23:17:18Z WARNING bsky_collector_v2.job.index_feed_generators: listRecords failed repo=did:plc:uab3bldczfhzym7ng5f6pwc7 err=HttpError('InvalidRequest: Could not find repo: did:plc:uab3bldczfhzym7ng5f6pwc7')
2026-03-21T23:17:22Z INFO bsky_collector_v2.job.index_feed_generators: indexed repo=did:plc:vdzfp3nzfjkyia22nxtr7kkc part=226 records=1 next_cursor=set
2026-03-21T23:17:24Z WARNING bsky_collector_v2.job.index_feed_generators: listRecords failed repo=did:plc:wbblhacowhzp2tbcxmebvdru err=HttpError('InvalidRequest: Could not find repo: did:plc:wbblhacowhzp2tbcxmebvdru')
2026-03-21T23:17:32Z WARNING bsky_collector_v2.job.index_feed_generators: listRecords failed repo=did:plc:4bg6nzcctwzlofb7gxbbvvmi err=HttpError('InvalidRequest: Could not find repo: did:plc:4bg6nzcctwzlofb7gxbbvvmi')
2026-03-21T23:17:32Z WARNING bsky_collector_v2.job.index_feed_generators: listRecords failed repo=did:plc:6yl5dmkdm3ubmfrbzoqkjanl err=HttpError('InvalidRequest: Could not find repo: did:plc:6yl5dmkdm3ubmfrbzoqkjanl')
2026-03-21T23:17:32Z WARNING bsky_collector_v2.job.index_feed_generators: listRecords failed repo=did:plc:gg22jq3nr5anolnzoarxms4j err=HttpError('InvalidRequest: Could not find repo: did:plc:gg22jq3nr5anolnzoarxms4j')
2026-03-21T23:17:32Z WARNING bsky_collector_v2.job.index_feed_generators: listRecords failed repo=did:plc:gpvctuy5utz4hnzkz4ypzyow err=HttpError('InvalidRequest: Could not find repo: did:plc:gpvctuy5utz4hnzkz4ypzyow')
2026-03-21T23:17:32Z WARNING bsky_collector_v2.job.index_feed_generators: listRecords failed repo=did:plc:jhiwhaacyg6h6g3iolx2ybpj err=HttpError('InvalidRequest: Could not find repo: did:plc:jhiwhaacyg6h6g3iolx2ybpj')
2026-03-21T23:17:32Z WARNING bsky_collector_v2.job.index_feed_generators: listRecords failed repo=did:plc:klsyytxwrm4gxcdywqar5irg err=HttpError('InvalidRequest: Could not find repo: did:plc:klsyytxwrm4gxcdywqar5irg')
2026-03-21T23:17:32Z WARNING bsky_collector_v2.job.index_feed_generators: listRecords failed repo=did:plc:p3jbspz57hhd3gpfkwlfrp3c err=HttpError('InvalidRequest: Could not find repo: did:plc:p3jbspz57hhd3gpfkwlfrp3c')
2026-03-21T23:17:32Z WARNING bsky_collector_v2.job.index_feed_generators: listRecords failed repo=did:plc:p4nmhscl327ocwhk3irem2nl err=HttpError('InvalidRequest: Could not find repo: did:plc:p4nmhscl327ocwhk3irem2nl')
2026-03-21T23:17:32Z WARNING bsky_collector_v2.job.index_feed_generators: listRecords failed repo=did:plc:puvkoscj2csgufmig2zp7owo err=HttpError('InvalidRequest: Could not find repo: did:plc:puvkoscj2csgufmig2zp7owo')
2026-03-21T23:17:32Z WARNING bsky_collector_v2.job.index_feed_generators: listRecords failed repo=did:plc:sqmnlm5xxprdgquu6lqz2oo4 err=HttpError('InvalidRequest: Could not find repo: did:plc:sqmnlm5xxprdgquu6lqz2oo4')
2026-03-21T23:17:32Z WARNING bsky_collector_v2.job.index_feed_generators: listRecords failed repo=did:plc:tigz5jtyb2ec65lu4b4c44fw err=HttpError('InvalidRequest: Could not find repo: did:plc:tigz5jtyb2ec65lu4b4c44fw')
2026-03-21T23:17:33Z WARNING bsky_collector_v2.job.index_feed_generators: listRecords failed repo=did:plc:uab3bldczfhzym7ng5f6pwc7 err=HttpError('InvalidRequest: Could not find repo: did:plc:uab3bldczfhzym7ng5f6pwc7')
2026-03-21T23:17:33Z WARNING bsky_collector_v2.job.index_feed_generators: listRecords failed repo=did:plc:wbblhacowhzp2tbcxmebvdru err=HttpError('InvalidRequest: Could not find repo: did:plc:wbblhacowhzp2tbcxmebvdru')
2026-03-21T23:17:33Z WARNING bsky_collector_v2.job.index_feed_generators: listRecords failed repo=did:plc:4bg6nzcctwzlofb7gxbbvvmi err=HttpError('InvalidRequest: Could not find repo: did:plc:4bg6nzcctwzlofb7gxbbvvmi')
2026-03-21T23:17:33Z WARNING bsky_collector_v2.job.index_feed_generators: listRecords failed repo=did:plc:6yl5dmkdm3ubmfrbzoqkjanl err=HttpError('InvalidRequest: Could not find repo: did:plc:6yl5dmkdm3ubmfrbzoqkjanl')
2026-03-21T23:17:33Z WARNING bsky_collector_v2.job.index_feed_generators: listRecords failed repo=did:plc:gg22jq3nr5anolnzoarxms4j err=HttpError('InvalidRequest: Could not find repo: did:plc:gg22jq3nr5anolnzoarxms4j')
2026-03-21T23:17:33Z WARNING bsky_collector_v2.job.index_feed_generators: listRecords failed repo=did:plc:gpvctuy5utz4hnzkz4ypzyow err=HttpError('InvalidRequest: Could not find repo: did:plc:gpvctuy5utz4hnzkz4ypzyow')
2026-03-21T23:17:33Z WARNING bsky_collector_v2.job.index_feed_generators: listRecords failed repo=did:plc:jhiwhaacyg6h6g3iolx2ybpj err=HttpError('InvalidRequest: Could not find repo: did:plc:jhiwhaacyg6h6g3iolx2ybpj')
2026-03-21T23:17:33Z WARNING bsky_collector_v2.job.index_feed_generators: listRecords failed repo=did:plc:klsyytxwrm4gxcdywqar5irg err=HttpError('InvalidRequest: Could not find repo: did:plc:klsyytxwrm4gxcdywqar5irg')
2026-03-21T23:17:33Z WARNING bsky_collector_v2.job.index_feed_generators: listRecords failed repo=did:plc:p3jbspz57hhd3gpfkwlfrp3c err=HttpError('InvalidRequest: Could not find repo: did:plc:p3jbspz57hhd3gpfkwlfrp3c')
2026-03-21T23:17:33Z WARNING bsky_collector_v2.job.index_feed_generators: listRecords failed repo=did:plc:p4nmhscl327ocwhk3irem2nl err=HttpError('InvalidRequest: Could not find repo: did:plc:p4nmhscl327ocwhk3irem2nl')
2026-03-21T23:17:33Z WARNING bsky_collector_v2.job.index_feed_generators: listRecords failed repo=did:plc:puvkoscj2csgufmig2zp7owo err=HttpError('InvalidRequest: Could not find repo: did:plc:puvkoscj2csgufmig2zp7owo')
2026-03-21T23:17:33Z WARNING bsky_collector_v2.job.index_feed_generators: listRecords failed repo=did:plc:sqmnlm5xxprdgquu6lqz2oo4 err=HttpError('InvalidRequest: Could not find repo: did:plc:sqmnlm5xxprdgquu6lqz2oo4')
2026-03-21T23:17:33Z WARNING bsky_collector_v2.job.index_feed_generators: listRecords failed repo=did:plc:tigz5jtyb2ec65lu4b4c44fw err=HttpError('InvalidRequest: Could not find repo: did:plc:tigz5jtyb2ec65lu4b4c44fw')
2026-03-21T23:17:33Z WARNING bsky_collector_v2.job.index_feed_generators: listRecords failed repo=did:plc:uab3bldczfhzym7ng5f6pwc7 err=HttpError('InvalidRequest: Could not find repo: did:plc:uab3bldczfhzym7ng5f6pwc7')
2026-03-21T23:17:33Z WARNING bsky_collector_v2.job.index_feed_generators: listRecords failed repo=did:plc:wbblhacowhzp2tbcxmebvdru err=HttpError('InvalidRequest: Could not find repo: did:plc:wbblhacowhzp2tbcxmebvdru')
2026-03-21T23:17:34Z INFO bsky_collector_v2.job.index_feed_generators: enqueued repos page=29 mode=listRepos inserted=500 repos_returned=500 next_cursor=set
2026-03-21T23:17:40Z WARNING bsky_collector_v2.job.index_feed_generators: listRecords failed repo=did:plc:3stip2zzlftlz66n66fvugyt err=HttpError('InvalidRequest: Could not find repo: did:plc:3stip2zzlftlz66n66fvugyt')
2026-03-21T23:17:47Z WARNING bsky_collector_v2.job.index_feed_generators: listRecords failed repo=did:plc:6qolbcf5jhubfkybucnoatvf err=HttpError('InvalidRequest: Could not find repo: did:plc:6qolbcf5jhubfkybucnoatvf')
2026-03-21T23:17:47Z WARNING bsky_collector_v2.job.index_feed_generators: listRecords failed repo=did:plc:6rphob2vcmdxf5y6xzc43gzn err=HttpError('InvalidRequest: Could not find repo: did:plc:6rphob2vcmdxf5y6xzc43gzn')
2026-03-21T23:17:48Z WARNING bsky_collector_v2.job.index_feed_generators: listRecords failed repo=did:plc:7emuz76p3ictnxuyx4sf3ngs err=HttpError('InvalidRequest: Could not find repo: did:plc:7emuz76p3ictnxuyx4sf3ngs')
2026-03-21T23:17:50Z WARNING bsky_collector_v2.job.index_feed_generators: listRecords failed repo=did:plc:a2qbwcoqgyapz6n622jcctrl err=HttpError('InvalidRequest: Could not find repo: did:plc:a2qbwcoqgyapz6n622jcctrl')
2026-03-21T23:18:17Z WARNING bsky_collector_v2.job.index_feed_generators: listRecords failed repo=did:plc:kjvan35sm5fjepq5ubdhqtyq err=HttpError('InvalidRequest: Could not find repo: did:plc:kjvan35sm5fjepq5ubdhqtyq')
2026-03-21T23:18:19Z WARNING bsky_collector_v2.job.index_feed_generators: listRecords failed repo=did:plc:l66jtf4ljq4osmjdxz3obksr err=HttpError('InvalidRequest: Could not find repo: did:plc:l66jtf4ljq4osmjdxz3obksr')
2026-03-21T23:19:05Z WARNING bsky_collector_v2.job.index_feed_generators: listRecords failed repo=did:plc:twh3p57kyj4dktkqjqsvsgxr err=HttpError('InvalidRequest: Could not find repo: did:plc:twh3p57kyj4dktkqjqsvsgxr')
2026-03-21T23:19:16Z WARNING bsky_collector_v2.job.index_feed_generators: listRecords failed repo=did:plc:xtyqlhlpuwuwfhb4wdbof7ql err=HttpError('InvalidRequest: Could not find repo: did:plc:xtyqlhlpuwuwfhb4wdbof7ql')
2026-03-21T23:19:16Z WARNING bsky_collector_v2.job.index_feed_generators: listRecords failed repo=did:plc:xzumbpd2v7b4qmcylaj2y37a err=HttpError('InvalidRequest: Could not find repo: did:plc:xzumbpd2v7b4qmcylaj2y37a')
2026-03-21T23:19:21Z WARNING bsky_collector_v2.job.index_feed_generators: listRecords failed repo=did:plc:3stip2zzlftlz66n66fvugyt err=HttpError('InvalidRequest: Could not find repo: did:plc:3stip2zzlftlz66n66fvugyt')
2026-03-21T23:19:21Z WARNING bsky_collector_v2.job.index_feed_generators: listRecords failed repo=did:plc:6qolbcf5jhubfkybucnoatvf err=HttpError('InvalidRequest: Could not find repo: did:plc:6qolbcf5jhubfkybucnoatvf')
2026-03-21T23:19:21Z WARNING bsky_collector_v2.job.index_feed_generators: listRecords failed repo=did:plc:6rphob2vcmdxf5y6xzc43gzn err=HttpError('InvalidRequest: Could not find repo: did:plc:6rphob2vcmdxf5y6xzc43gzn')
2026-03-21T23:19:21Z WARNING bsky_collector_v2.job.index_feed_generators: listRecords failed repo=did:plc:7emuz76p3ictnxuyx4sf3ngs err=HttpError('InvalidRequest: Could not find repo: did:plc:7emuz76p3ictnxuyx4sf3ngs')
2026-03-21T23:19:21Z WARNING bsky_collector_v2.job.index_feed_generators: listRecords failed repo=did:plc:a2qbwcoqgyapz6n622jcctrl err=HttpError('InvalidRequest: Could not find repo: did:plc:a2qbwcoqgyapz6n622jcctrl')
2026-03-21T23:19:21Z WARNING bsky_collector_v2.job.index_feed_generators: listRecords failed repo=did:plc:kjvan35sm5fjepq5ubdhqtyq err=HttpError('InvalidRequest: Could not find repo: did:plc:kjvan35sm5fjepq5ubdhqtyq')
2026-03-21T23:19:21Z WARNING bsky_collector_v2.job.index_feed_generators: listRecords failed repo=did:plc:l66jtf4ljq4osmjdxz3obksr err=HttpError('InvalidRequest: Could not find repo: did:plc:l66jtf4ljq4osmjdxz3obksr')
2026-03-21T23:19:21Z WARNING bsky_collector_v2.job.index_feed_generators: listRecords failed repo=did:plc:twh3p57kyj4dktkqjqsvsgxr err=HttpError('InvalidRequest: Could not find repo: did:plc:twh3p57kyj4dktkqjqsvsgxr')
2026-03-21T23:19:21Z WARNING bsky_collector_v2.job.index_feed_generators: listRecords failed repo=did:plc:xtyqlhlpuwuwfhb4wdbof7ql err=HttpError('InvalidRequest: Could not find repo: did:plc:xtyqlhlpuwuwfhb4wdbof7ql')
2026-03-21T23:19:21Z WARNING bsky_collector_v2.job.index_feed_generators: listRecords failed repo=did:plc:xzumbpd2v7b4qmcylaj2y37a err=HttpError('InvalidRequest: Could not find repo: did:plc:xzumbpd2v7b4qmcylaj2y37a')
2026-03-21T23:19:21Z WARNING bsky_collector_v2.job.index_feed_generators: listRecords failed repo=did:plc:3stip2zzlftlz66n66fvugyt err=HttpError('InvalidRequest: Could not find repo: did:plc:3stip2zzlftlz66n66fvugyt')
2026-03-21T23:19:21Z WARNING bsky_collector_v2.job.index_feed_generators: listRecords failed repo=did:plc:6qolbcf5jhubfkybucnoatvf err=HttpError('InvalidRequest: Could not find repo: did:plc:6qolbcf5jhubfkybucnoatvf')
2026-03-21T23:19:21Z WARNING bsky_collector_v2.job.index_feed_generators: listRecords failed repo=did:plc:6rphob2vcmdxf5y6xzc43gzn err=HttpError('InvalidRequest: Could not find repo: did:plc:6rphob2vcmdxf5y6xzc43gzn')
2026-03-21T23:19:21Z WARNING bsky_collector_v2.job.index_feed_generators: listRecords failed repo=did:plc:7emuz76p3ictnxuyx4sf3ngs err=HttpError('InvalidRequest: Could not find repo: did:plc:7emuz76p3ictnxuyx4sf3ngs')
2026-03-21T23:19:22Z WARNING bsky_collector_v2.job.index_feed_generators: listRecords failed repo=did:plc:a2qbwcoqgyapz6n622jcctrl err=HttpError('InvalidRequest: Could not find repo: did:plc:a2qbwcoqgyapz6n622jcctrl')
2026-03-21T23:19:22Z WARNING bsky_collector_v2.job.index_feed_generators: listRecords failed repo=did:plc:kjvan35sm5fjepq5ubdhqtyq err=HttpError('InvalidRequest: Could not find repo: did:plc:kjvan35sm5fjepq5ubdhqtyq')
2026-03-21T23:19:22Z WARNING bsky_collector_v2.job.index_feed_generators: listRecords failed repo=did:plc:l66jtf4ljq4osmjdxz3obksr err=HttpError('InvalidRequest: Could not find repo: did:plc:l66jtf4ljq4osmjdxz3obksr')
2026-03-21T23:19:22Z WARNING bsky_collector_v2.job.index_feed_generators: listRecords failed repo=did:plc:twh3p57kyj4dktkqjqsvsgxr err=HttpError('InvalidRequest: Could not find repo: did:plc:twh3p57kyj4dktkqjqsvsgxr')
2026-03-21T23:19:22Z WARNING bsky_collector_v2.job.index_feed_generators: listRecords failed repo=did:plc:xtyqlhlpuwuwfhb4wdbof7ql err=HttpError('InvalidRequest: Could not find repo: did:plc:xtyqlhlpuwuwfhb4wdbof7ql')
2026-03-21T23:19:22Z WARNING bsky_collector_v2.job.index_feed_generators: listRecords failed repo=did:plc:xzumbpd2v7b4qmcylaj2y37a err=HttpError('InvalidRequest: Could not find repo: did:plc:xzumbpd2v7b4qmcylaj2y37a')
2026-03-21T23:19:22Z INFO bsky_collector_v2.job.index_feed_generators: enqueued repos page=30 mode=listRepos inserted=500 repos_returned=500 next_cursor=set
2026-03-21T23:20:08Z WARNING bsky_collector_v2.job.index_feed_generators: listRecords failed repo=did:plc:irfygjn6dgwd4msvn3rt4kyq err=HttpError('InvalidRequest: Could not find repo: did:plc:irfygjn6dgwd4msvn3rt4kyq')
2026-03-21T23:20:25Z WARNING bsky_collector_v2.job.index_feed_generators: listRecords failed repo=did:plc:o6mnt2kujxhxufjhvtjljdlr err=HttpError('InvalidRequest: Could not find repo: did:plc:o6mnt2kujxhxufjhvtjljdlr')
2026-03-21T23:20:54Z WARNING bsky_collector_v2.job.index_feed_generators: listRecords failed repo=did:plc:irfygjn6dgwd4msvn3rt4kyq err=HttpError('InvalidRequest: Could not find repo: did:plc:irfygjn6dgwd4msvn3rt4kyq')
2026-03-21T23:20:54Z WARNING bsky_collector_v2.job.index_feed_generators: listRecords failed repo=did:plc:o6mnt2kujxhxufjhvtjljdlr err=HttpError('InvalidRequest: Could not find repo: did:plc:o6mnt2kujxhxufjhvtjljdlr')
2026-03-21T23:20:54Z WARNING bsky_collector_v2.job.index_feed_generators: listRecords failed repo=did:plc:irfygjn6dgwd4msvn3rt4kyq err=HttpError('InvalidRequest: Could not find repo: did:plc:irfygjn6dgwd4msvn3rt4kyq')
2026-03-21T23:20:54Z WARNING bsky_collector_v2.job.index_feed_generators: listRecords failed repo=did:plc:o6mnt2kujxhxufjhvtjljdlr err=HttpError('InvalidRequest: Could not find repo: did:plc:o6mnt2kujxhxufjhvtjljdlr')
2026-03-21T23:20:55Z INFO bsky_collector_v2.job.index_feed_generators: enqueued repos page=31 mode=listRepos inserted=500 repos_returned=500 next_cursor=set
2026-03-21T23:22:18Z WARNING bsky_collector_v2.job.index_feed_generators: listRecords failed repo=did:plc:t7j2jvmp4uic6jxbg5kv5esw err=HttpError('InvalidRequest: Could not find repo: did:plc:t7j2jvmp4uic6jxbg5kv5esw')
2026-03-21T23:22:23Z WARNING bsky_collector_v2.job.index_feed_generators: listRecords failed repo=did:plc:unb65b3ofkyi7p5w62x5nccw err=HttpError('InvalidRequest: Could not find repo: did:plc:unb65b3ofkyi7p5w62x5nccw')
2026-03-21T23:22:38Z WARNING bsky_collector_v2.job.index_feed_generators: listRecords failed repo=did:plc:t7j2jvmp4uic6jxbg5kv5esw err=HttpError('InvalidRequest: Could not find repo: did:plc:t7j2jvmp4uic6jxbg5kv5esw')
2026-03-21T23:22:38Z WARNING bsky_collector_v2.job.index_feed_generators: listRecords failed repo=did:plc:unb65b3ofkyi7p5w62x5nccw err=HttpError('InvalidRequest: Could not find repo: did:plc:unb65b3ofkyi7p5w62x5nccw')
2026-03-21T23:22:38Z WARNING bsky_collector_v2.job.index_feed_generators: listRecords failed repo=did:plc:t7j2jvmp4uic6jxbg5kv5esw err=HttpError('InvalidRequest: Could not find repo: did:plc:t7j2jvmp4uic6jxbg5kv5esw')
2026-03-21T23:22:38Z WARNING bsky_collector_v2.job.index_feed_generators: listRecords failed repo=did:plc:unb65b3ofkyi7p5w62x5nccw err=HttpError('InvalidRequest: Could not find repo: did:plc:unb65b3ofkyi7p5w62x5nccw')
2026-03-21T23:22:39Z INFO bsky_collector_v2.job.index_feed_generators: enqueued repos page=32 mode=listRepos inserted=500 repos_returned=500 next_cursor=set
2026-03-21T23:22:57Z WARNING bsky_collector_v2.job.index_feed_generators: listRecords failed repo=did:plc:a5cqv5wap6jrbmu5kuar27do err=HttpError('InvalidRequest: Could not find repo: did:plc:a5cqv5wap6jrbmu5kuar27do')
2026-03-21T23:22:58Z WARNING bsky_collector_v2.job.index_feed_generators: listRecords failed repo=did:plc:aoktdp5ukgkgamwaoys3gaw2 err=HttpError('InvalidRequest: Could not find repo: did:plc:aoktdp5ukgkgamwaoys3gaw2')
2026-03-21T23:23:46Z INFO bsky_collector_v2.job.index_feed_generators: indexed repo=did:plc:siulhvd7zknvkdbsh6mfvyf4 part=227 records=1 next_cursor=set
2026-03-21T23:23:49Z WARNING bsky_collector_v2.job.index_feed_generators: listRecords failed repo=did:plc:tp3rnbirrbp7orztwyb3qzbc err=HttpError('InvalidRequest: Could not find repo: did:plc:tp3rnbirrbp7orztwyb3qzbc')
2026-03-21T23:23:51Z WARNING bsky_collector_v2.job.index_feed_generators: listRecords failed repo=did:plc:ujezborxgvnd5wqbtxwkbnoo err=HttpError('InvalidRequest: Could not find repo: did:plc:ujezborxgvnd5wqbtxwkbnoo')
2026-03-21T23:24:21Z WARNING bsky_collector_v2.job.index_feed_generators: listRecords failed repo=did:plc:a5cqv5wap6jrbmu5kuar27do err=HttpError('InvalidRequest: Could not find repo: did:plc:a5cqv5wap6jrbmu5kuar27do')
2026-03-21T23:24:21Z WARNING bsky_collector_v2.job.index_feed_generators: listRecords failed repo=did:plc:aoktdp5ukgkgamwaoys3gaw2 err=HttpError('InvalidRequest: Could not find repo: did:plc:aoktdp5ukgkgamwaoys3gaw2')
2026-03-21T23:24:22Z WARNING bsky_collector_v2.job.index_feed_generators: listRecords failed repo=did:plc:tp3rnbirrbp7orztwyb3qzbc err=HttpError('InvalidRequest: Could not find repo: did:plc:tp3rnbirrbp7orztwyb3qzbc')
2026-03-21T23:24:22Z WARNING bsky_collector_v2.job.index_feed_generators: listRecords failed repo=did:plc:ujezborxgvnd5wqbtxwkbnoo err=HttpError('InvalidRequest: Could not find repo: did:plc:ujezborxgvnd5wqbtxwkbnoo')
2026-03-21T23:24:22Z WARNING bsky_collector_v2.job.index_feed_generators: listRecords failed repo=did:plc:a5cqv5wap6jrbmu5kuar27do err=HttpError('InvalidRequest: Could not find repo: did:plc:a5cqv5wap6jrbmu5kuar27do')
2026-03-21T23:24:22Z WARNING bsky_collector_v2.job.index_feed_generators: listRecords failed repo=did:plc:aoktdp5ukgkgamwaoys3gaw2 err=HttpError('InvalidRequest: Could not find repo: did:plc:aoktdp5ukgkgamwaoys3gaw2')
2026-03-21T23:24:22Z WARNING bsky_collector_v2.job.index_feed_generators: listRecords failed repo=did:plc:tp3rnbirrbp7orztwyb3qzbc err=HttpError('InvalidRequest: Could not find repo: did:plc:tp3rnbirrbp7orztwyb3qzbc')
2026-03-21T23:24:22Z WARNING bsky_collector_v2.job.index_feed_generators: listRecords failed repo=did:plc:ujezborxgvnd5wqbtxwkbnoo err=HttpError('InvalidRequest: Could not find repo: did:plc:ujezborxgvnd5wqbtxwkbnoo')
2026-03-21T23:24:23Z INFO bsky_collector_v2.job.index_feed_generators: enqueued repos page=33 mode=listRepos inserted=500 repos_returned=500 next_cursor=set
2026-03-21T23:24:32Z WARNING bsky_collector_v2.job.index_feed_generators: listRecords failed repo=did:plc:4zc6nfwi32y2hyqniujmb2om err=HttpError('InvalidRequest: Could not find repo: did:plc:4zc6nfwi32y2hyqniujmb2om')
2026-03-21T23:25:20Z WARNING bsky_collector_v2.job.index_feed_generators: listRecords failed repo=did:plc:jdnl6qdkfhvhyzcbolqnzvpz err=HttpError('InvalidRequest: Could not find repo: did:plc:jdnl6qdkfhvhyzcbolqnzvpz')
2026-03-21T23:25:59Z WARNING bsky_collector_v2.job.index_feed_generators: listRecords failed repo=did:plc:t5c5qk23k5frbbrm4ix76e2j err=HttpError('InvalidRequest: Could not find repo: did:plc:t5c5qk23k5frbbrm4ix76e2j')
2026-03-21T23:26:04Z INFO bsky_collector_v2.job.index_feed_generators: indexed repo=did:plc:umxhnifrqtmsccehhg7viwa4 part=228 records=1 next_cursor=set
2026-03-21T23:26:21Z WARNING bsky_collector_v2.job.index_feed_generators: listRecords failed repo=did:plc:4zc6nfwi32y2hyqniujmb2om err=HttpError('InvalidRequest: Could not find repo: did:plc:4zc6nfwi32y2hyqniujmb2om')
2026-03-21T23:26:21Z WARNING bsky_collector_v2.job.index_feed_generators: listRecords failed repo=did:plc:jdnl6qdkfhvhyzcbolqnzvpz err=HttpError('InvalidRequest: Could not find repo: did:plc:jdnl6qdkfhvhyzcbolqnzvpz')
2026-03-21T23:26:21Z WARNING bsky_collector_v2.job.index_feed_generators: listRecords failed repo=did:plc:t5c5qk23k5frbbrm4ix76e2j err=HttpError('InvalidRequest: Could not find repo: did:plc:t5c5qk23k5frbbrm4ix76e2j')
2026-03-21T23:26:21Z WARNING bsky_collector_v2.job.index_feed_generators: listRecords failed repo=did:plc:4zc6nfwi32y2hyqniujmb2om err=HttpError('InvalidRequest: Could not find repo: did:plc:4zc6nfwi32y2hyqniujmb2om')
2026-03-21T23:26:21Z WARNING bsky_collector_v2.job.index_feed_generators: listRecords failed repo=did:plc:jdnl6qdkfhvhyzcbolqnzvpz err=HttpError('InvalidRequest: Could not find repo: did:plc:jdnl6qdkfhvhyzcbolqnzvpz')
2026-03-21T23:26:22Z WARNING bsky_collector_v2.job.index_feed_generators: listRecords failed repo=did:plc:t5c5qk23k5frbbrm4ix76e2j err=HttpError('InvalidRequest: Could not find repo: did:plc:t5c5qk23k5frbbrm4ix76e2j')
2026-03-21T23:26:22Z INFO bsky_collector_v2.job.index_feed_generators: enqueued repos page=34 mode=listRepos inserted=500 repos_returned=500 next_cursor=set
2026-03-21T23:26:27Z WARNING bsky_collector_v2.job.index_feed_generators: listRecords failed repo=did:plc:42bhsecpf7sss5vtopw5y6xk err=HttpError('InvalidRequest: Could not find repo: did:plc:42bhsecpf7sss5vtopw5y6xk')
2026-03-21T23:26:35Z WARNING bsky_collector_v2.job.index_feed_generators: listRecords failed repo=did:plc:7kh6ms2eun2nfj3oyh46o4ar err=HttpError('InvalidRequest: Could not find repo: did:plc:7kh6ms2eun2nfj3oyh46o4ar')
2026-03-21T23:26:40Z WARNING bsky_collector_v2.job.index_feed_generators: listRecords failed repo=did:plc:av7oeijsy35l3pw6dx7bsio5 err=HttpError('InvalidRequest: Could not find repo: did:plc:av7oeijsy35l3pw6dx7bsio5')
2026-03-21T23:26:49Z WARNING bsky_collector_v2.job.index_feed_generators: listRecords failed repo=did:plc:dwohjftt3f5qygclzju5gsea err=HttpError('InvalidRequest: Could not find repo: did:plc:dwohjftt3f5qygclzju5gsea')
2026-03-21T23:27:07Z WARNING bsky_collector_v2.job.index_feed_generators: listRecords failed repo=did:plc:k2ajjxu7x5q3ziufl2uakeeg err=HttpError('InvalidRequest: Could not find repo: did:plc:k2ajjxu7x5q3ziufl2uakeeg')
2026-03-21T23:27:11Z WARNING bsky_collector_v2.job.index_feed_generators: listRecords failed repo=did:plc:mkuxmuejzixjdogorcnx26jh err=HttpError('InvalidRequest: Could not find repo: did:plc:mkuxmuejzixjdogorcnx26jh')
2026-03-21T23:27:36Z WARNING bsky_collector_v2.job.index_feed_generators: listRecords failed repo=did:plc:veahab5ga274uhcjhoe4t23o err=HttpError('InvalidRequest: Could not find repo: did:plc:veahab5ga274uhcjhoe4t23o')
2026-03-21T23:27:49Z WARNING bsky_collector_v2.job.index_feed_generators: listRecords failed repo=did:plc:42bhsecpf7sss5vtopw5y6xk err=HttpError('InvalidRequest: Could not find repo: did:plc:42bhsecpf7sss5vtopw5y6xk')
2026-03-21T23:27:49Z WARNING bsky_collector_v2.job.index_feed_generators: listRecords failed repo=did:plc:7kh6ms2eun2nfj3oyh46o4ar err=HttpError('InvalidRequest: Could not find repo: did:plc:7kh6ms2eun2nfj3oyh46o4ar')
2026-03-21T23:27:49Z WARNING bsky_collector_v2.job.index_feed_generators: listRecords failed repo=did:plc:av7oeijsy35l3pw6dx7bsio5 err=HttpError('InvalidRequest: Could not find repo: did:plc:av7oeijsy35l3pw6dx7bsio5')
2026-03-21T23:27:49Z WARNING bsky_collector_v2.job.index_feed_generators: listRecords failed repo=did:plc:dwohjftt3f5qygclzju5gsea err=HttpError('InvalidRequest: Could not find repo: did:plc:dwohjftt3f5qygclzju5gsea')
2026-03-21T23:27:49Z WARNING bsky_collector_v2.job.index_feed_generators: listRecords failed repo=did:plc:k2ajjxu7x5q3ziufl2uakeeg err=HttpError('InvalidRequest: Could not find repo: did:plc:k2ajjxu7x5q3ziufl2uakeeg')
2026-03-21T23:27:49Z WARNING bsky_collector_v2.job.index_feed_generators: listRecords failed repo=did:plc:mkuxmuejzixjdogorcnx26jh err=HttpError('InvalidRequest: Could not find repo: did:plc:mkuxmuejzixjdogorcnx26jh')
2026-03-21T23:27:49Z WARNING bsky_collector_v2.job.index_feed_generators: listRecords failed repo=did:plc:veahab5ga274uhcjhoe4t23o err=HttpError('InvalidRequest: Could not find repo: did:plc:veahab5ga274uhcjhoe4t23o')
2026-03-21T23:27:49Z WARNING bsky_collector_v2.job.index_feed_generators: listRecords failed repo=did:plc:42bhsecpf7sss5vtopw5y6xk err=HttpError('InvalidRequest: Could not find repo: did:plc:42bhsecpf7sss5vtopw5y6xk')
2026-03-21T23:27:49Z WARNING bsky_collector_v2.job.index_feed_generators: listRecords failed repo=did:plc:7kh6ms2eun2nfj3oyh46o4ar err=HttpError('InvalidRequest: Could not find repo: did:plc:7kh6ms2eun2nfj3oyh46o4ar')
2026-03-21T23:27:50Z WARNING bsky_collector_v2.job.index_feed_generators: listRecords failed repo=did:plc:av7oeijsy35l3pw6dx7bsio5 err=HttpError('InvalidRequest: Could not find repo: did:plc:av7oeijsy35l3pw6dx7bsio5')
2026-03-21T23:27:50Z WARNING bsky_collector_v2.job.index_feed_generators: listRecords failed repo=did:plc:dwohjftt3f5qygclzju5gsea err=HttpError('InvalidRequest: Could not find repo: did:plc:dwohjftt3f5qygclzju5gsea')
2026-03-21T23:27:50Z WARNING bsky_collector_v2.job.index_feed_generators: listRecords failed repo=did:plc:k2ajjxu7x5q3ziufl2uakeeg err=HttpError('InvalidRequest: Could not find repo: did:plc:k2ajjxu7x5q3ziufl2uakeeg')
2026-03-21T23:27:50Z WARNING bsky_collector_v2.job.index_feed_generators: listRecords failed repo=did:plc:mkuxmuejzixjdogorcnx26jh err=HttpError('InvalidRequest: Could not find repo: did:plc:mkuxmuejzixjdogorcnx26jh')
2026-03-21T23:27:50Z WARNING bsky_collector_v2.job.index_feed_generators: listRecords failed repo=did:plc:veahab5ga274uhcjhoe4t23o err=HttpError('InvalidRequest: Could not find repo: did:plc:veahab5ga274uhcjhoe4t23o')
2026-03-21T23:27:50Z INFO bsky_collector_v2.job.index_feed_generators: enqueued repos page=35 mode=listRepos inserted=500 repos_returned=500 next_cursor=set
