2026-03-21T20:32:08Z INFO bsky_collector_v2: out_base ok path=/Volumes/T9/BlueSky/data_v2_full mount=/Volumes/T9
2026-03-21T20:32:08Z INFO bsky_collector_v2: job start subcommand=index-feed-generators dry_run=False resume=True
2026-03-21T20:32:08Z INFO bsky_collector_v2.job.index_feed_generators: feed generator index hosts relay_host=https://bsky.network records_host=https://bsky.social auth=yes
2026-03-21T20:32:22Z WARNING bsky_collector_v2.job.index_feed_generators: listRecords failed repo=did:plc:r6hon6x5krfipcnrmg7d4urd err=HttpError('InvalidRequest: Could not find repo: did:plc:r6hon6x5krfipcnrmg7d4urd')
2026-03-21T20:32:31Z WARNING bsky_collector_v2.job.index_feed_generators: listRecords failed repo=did:plc:uq52shmdhluzdg4acj4gnx6c err=HttpError('InvalidRequest: Could not find repo: did:plc:uq52shmdhluzdg4acj4gnx6c')
2026-03-21T20:32:46Z WARNING bsky_collector_v2.job.index_feed_generators: listRecords failed repo=did:plc:r6hon6x5krfipcnrmg7d4urd err=HttpError('InvalidRequest: Could not find repo: did:plc:r6hon6x5krfipcnrmg7d4urd')
2026-03-21T20:32:46Z WARNING bsky_collector_v2.job.index_feed_generators: listRecords failed repo=did:plc:uq52shmdhluzdg4acj4gnx6c err=HttpError('InvalidRequest: Could not find repo: did:plc:uq52shmdhluzdg4acj4gnx6c')
2026-03-21T20:32:46Z WARNING bsky_collector_v2.job.index_feed_generators: listRecords failed repo=did:plc:r6hon6x5krfipcnrmg7d4urd err=HttpError('InvalidRequest: Could not find repo: did:plc:r6hon6x5krfipcnrmg7d4urd')
2026-03-21T20:32:46Z WARNING bsky_collector_v2.job.index_feed_generators: listRecords failed repo=did:plc:uq52shmdhluzdg4acj4gnx6c err=HttpError('InvalidRequest: Could not find repo: did:plc:uq52shmdhluzdg4acj4gnx6c')
2026-03-21T20:32:47Z INFO bsky_collector_v2.job.index_feed_generators: enqueued repos page=1 mode=listRepos inserted=500 repos_returned=500 next_cursor=set
2026-03-21T20:33:13Z WARNING bsky_collector_v2.job.index_feed_generators: listRecords failed repo=did:plc:cld7gp4unvhfh2qfp3smtg7c err=HttpError('InvalidRequest: Could not find repo: did:plc:cld7gp4unvhfh2qfp3smtg7c')
2026-03-21T20:34:13Z WARNING bsky_collector_v2.job.index_feed_generators: listRecords failed repo=did:plc:cld7gp4unvhfh2qfp3smtg7c err=HttpError('InvalidRequest: Could not find repo: did:plc:cld7gp4unvhfh2qfp3smtg7c')
2026-03-21T20:34:13Z WARNING bsky_collector_v2.job.index_feed_generators: listRecords failed repo=did:plc:cld7gp4unvhfh2qfp3smtg7c err=HttpError('InvalidRequest: Could not find repo: did:plc:cld7gp4unvhfh2qfp3smtg7c')
2026-03-21T20:34:14Z INFO bsky_collector_v2.job.index_feed_generators: enqueued repos page=2 mode=listRepos inserted=500 repos_returned=500 next_cursor=set
2026-03-21T20:35:23Z WARNING bsky_collector_v2.job.index_feed_generators: listRecords failed repo=did:plc:sdcna6wge6xry4evpm75bnsc err=HttpError('InvalidRequest: Could not find repo: did:plc:sdcna6wge6xry4evpm75bnsc')
2026-03-21T20:35:39Z WARNING bsky_collector_v2.job.index_feed_generators: listRecords failed repo=did:plc:ycweoyyvwmbhqhny2c3pzodg err=HttpError('InvalidRequest: Could not find repo: did:plc:ycweoyyvwmbhqhny2c3pzodg')
2026-03-21T20:35:42Z WARNING bsky_collector_v2.job.index_feed_generators: listRecords failed repo=did:plc:zrdos6sqnbbgqrbrmt6ejxrn err=HttpError('InvalidRequest: Could not find repo: did:plc:zrdos6sqnbbgqrbrmt6ejxrn')
2026-03-21T20:35:43Z WARNING bsky_collector_v2.job.index_feed_generators: listRecords failed repo=did:plc:sdcna6wge6xry4evpm75bnsc err=HttpError('InvalidRequest: Could not find repo: did:plc:sdcna6wge6xry4evpm75bnsc')
2026-03-21T20:35:43Z WARNING bsky_collector_v2.job.index_feed_generators: listRecords failed repo=did:plc:ycweoyyvwmbhqhny2c3pzodg err=HttpError('InvalidRequest: Could not find repo: did:plc:ycweoyyvwmbhqhny2c3pzodg')
2026-03-21T20:35:43Z WARNING bsky_collector_v2.job.index_feed_generators: listRecords failed repo=did:plc:zrdos6sqnbbgqrbrmt6ejxrn err=HttpError('InvalidRequest: Could not find repo: did:plc:zrdos6sqnbbgqrbrmt6ejxrn')
2026-03-21T20:35:43Z WARNING bsky_collector_v2.job.index_feed_generators: listRecords failed repo=did:plc:sdcna6wge6xry4evpm75bnsc err=HttpError('InvalidRequest: Could not find repo: did:plc:sdcna6wge6xry4evpm75bnsc')
2026-03-21T20:35:43Z WARNING bsky_collector_v2.job.index_feed_generators: listRecords failed repo=did:plc:ycweoyyvwmbhqhny2c3pzodg err=HttpError('InvalidRequest: Could not find repo: did:plc:ycweoyyvwmbhqhny2c3pzodg')
2026-03-21T20:35:43Z WARNING bsky_collector_v2.job.index_feed_generators: listRecords failed repo=did:plc:zrdos6sqnbbgqrbrmt6ejxrn err=HttpError('InvalidRequest: Could not find repo: did:plc:zrdos6sqnbbgqrbrmt6ejxrn')
2026-03-21T20:35:44Z INFO bsky_collector_v2.job.index_feed_generators: enqueued repos page=3 mode=listRepos inserted=500 repos_returned=500 next_cursor=set
2026-03-21T20:36:33Z WARNING bsky_collector_v2.job.index_feed_generators: listRecords failed repo=did:plc:lcv73v7jp4ptxxhd4sq3tlaf err=HttpError('InvalidRequest: Could not find repo: did:plc:lcv73v7jp4ptxxhd4sq3tlaf')
2026-03-21T20:36:47Z WARNING bsky_collector_v2.job.index_feed_generators: listRecords failed repo=did:plc:qb5dsfrpmnonnkozndkjevyx err=HttpError('InvalidRequest: Could not find repo: did:plc:qb5dsfrpmnonnkozndkjevyx')
2026-03-21T20:37:15Z WARNING bsky_collector_v2.job.index_feed_generators: listRecords failed repo=did:plc:lcv73v7jp4ptxxhd4sq3tlaf err=HttpError('InvalidRequest: Could not find repo: did:plc:lcv73v7jp4ptxxhd4sq3tlaf')
2026-03-21T20:37:15Z WARNING bsky_collector_v2.job.index_feed_generators: listRecords failed repo=did:plc:qb5dsfrpmnonnkozndkjevyx err=HttpError('InvalidRequest: Could not find repo: did:plc:qb5dsfrpmnonnkozndkjevyx')
2026-03-21T20:37:15Z WARNING bsky_collector_v2.job.index_feed_generators: listRecords failed repo=did:plc:lcv73v7jp4ptxxhd4sq3tlaf err=HttpError('InvalidRequest: Could not find repo: did:plc:lcv73v7jp4ptxxhd4sq3tlaf')
2026-03-21T20:37:15Z WARNING bsky_collector_v2.job.index_feed_generators: listRecords failed repo=did:plc:qb5dsfrpmnonnkozndkjevyx err=HttpError('InvalidRequest: Could not find repo: did:plc:qb5dsfrpmnonnkozndkjevyx')
2026-03-21T20:37:16Z INFO bsky_collector_v2.job.index_feed_generators: enqueued repos page=4 mode=listRepos inserted=500 repos_returned=500 next_cursor=set
2026-03-21T20:37:43Z WARNING bsky_collector_v2.job.index_feed_generators: listRecords failed repo=did:plc:ed34neosoxfpkdxc3rky5xw7 err=HttpError('InvalidRequest: Could not find repo: did:plc:ed34neosoxfpkdxc3rky5xw7')
2026-03-21T20:38:08Z WARNING bsky_collector_v2.job.index_feed_generators: listRecords failed repo=did:plc:n7fo7natupk3tepkv7cwfihe err=HttpError('InvalidRequest: Could not find repo: did:plc:n7fo7natupk3tepkv7cwfihe')
2026-03-21T20:38:14Z WARNING bsky_collector_v2.job.index_feed_generators: listRecords failed repo=did:plc:q3mbbqy43rowufqa4hrj4r7e err=HttpError('InvalidRequest: Could not find repo: did:plc:q3mbbqy43rowufqa4hrj4r7e')
2026-03-21T20:38:44Z INFO bsky_collector_v2.job.index_feed_generators: indexed repo=did:plc:z6haqkp46tqtqto7kve2fktk part=201 records=1 next_cursor=set
2026-03-21T20:38:47Z WARNING bsky_collector_v2.job.index_feed_generators: listRecords failed repo=did:plc:ed34neosoxfpkdxc3rky5xw7 err=HttpError('InvalidRequest: Could not find repo: did:plc:ed34neosoxfpkdxc3rky5xw7')
2026-03-21T20:38:47Z WARNING bsky_collector_v2.job.index_feed_generators: listRecords failed repo=did:plc:n7fo7natupk3tepkv7cwfihe err=HttpError('InvalidRequest: Could not find repo: did:plc:n7fo7natupk3tepkv7cwfihe')
2026-03-21T20:38:47Z WARNING bsky_collector_v2.job.index_feed_generators: listRecords failed repo=did:plc:q3mbbqy43rowufqa4hrj4r7e err=HttpError('InvalidRequest: Could not find repo: did:plc:q3mbbqy43rowufqa4hrj4r7e')
2026-03-21T20:38:47Z WARNING bsky_collector_v2.job.index_feed_generators: listRecords failed repo=did:plc:ed34neosoxfpkdxc3rky5xw7 err=HttpError('InvalidRequest: Could not find repo: did:plc:ed34neosoxfpkdxc3rky5xw7')
2026-03-21T20:38:47Z WARNING bsky_collector_v2.job.index_feed_generators: listRecords failed repo=did:plc:n7fo7natupk3tepkv7cwfihe err=HttpError('InvalidRequest: Could not find repo: did:plc:n7fo7natupk3tepkv7cwfihe')
2026-03-21T20:38:47Z WARNING bsky_collector_v2.job.index_feed_generators: listRecords failed repo=did:plc:q3mbbqy43rowufqa4hrj4r7e err=HttpError('InvalidRequest: Could not find repo: did:plc:q3mbbqy43rowufqa4hrj4r7e')
2026-03-21T20:38:48Z INFO bsky_collector_v2.job.index_feed_generators: enqueued repos page=5 mode=listRepos inserted=500 repos_returned=500 next_cursor=set
2026-03-21T20:38:58Z WARNING bsky_collector_v2.job.index_feed_generators: listRecords failed repo=did:plc:5xjay2wbbraycx6itxegyny6 err=HttpError('InvalidRequest: Could not find repo: did:plc:5xjay2wbbraycx6itxegyny6')
2026-03-21T20:39:45Z WARNING bsky_collector_v2.job.index_feed_generators: listRecords failed repo=did:plc:p4pvijqgjgphqhxasy2k23hd err=HttpError('InvalidRequest: Could not find repo: did:plc:p4pvijqgjgphqhxasy2k23hd')
2026-03-21T20:40:28Z WARNING bsky_collector_v2.job.index_feed_generators: listRecords failed repo=did:plc:5xjay2wbbraycx6itxegyny6 err=HttpError('InvalidRequest: Could not find repo: did:plc:5xjay2wbbraycx6itxegyny6')
2026-03-21T20:40:28Z WARNING bsky_collector_v2.job.index_feed_generators: listRecords failed repo=did:plc:p4pvijqgjgphqhxasy2k23hd err=HttpError('InvalidRequest: Could not find repo: did:plc:p4pvijqgjgphqhxasy2k23hd')
2026-03-21T20:40:28Z WARNING bsky_collector_v2.job.index_feed_generators: listRecords failed repo=did:plc:5xjay2wbbraycx6itxegyny6 err=HttpError('InvalidRequest: Could not find repo: did:plc:5xjay2wbbraycx6itxegyny6')
2026-03-21T20:40:28Z WARNING bsky_collector_v2.job.index_feed_generators: listRecords failed repo=did:plc:p4pvijqgjgphqhxasy2k23hd err=HttpError('InvalidRequest: Could not find repo: did:plc:p4pvijqgjgphqhxasy2k23hd')
2026-03-21T20:40:29Z INFO bsky_collector_v2.job.index_feed_generators: enqueued repos page=6 mode=listRepos inserted=500 repos_returned=500 next_cursor=set
2026-03-21T20:40:55Z WARNING bsky_collector_v2.job.index_feed_generators: listRecords failed repo=did:plc:cpyiv4jiaejhocalt7rngrp7 err=HttpError('InvalidRequest: Could not find repo: did:plc:cpyiv4jiaejhocalt7rngrp7')
2026-03-21T20:41:57Z WARNING bsky_collector_v2.job.index_feed_generators: listRecords failed repo=did:plc:cpyiv4jiaejhocalt7rngrp7 err=HttpError('InvalidRequest: Could not find repo: did:plc:cpyiv4jiaejhocalt7rngrp7')
2026-03-21T20:41:57Z WARNING bsky_collector_v2.job.index_feed_generators: listRecords failed repo=did:plc:cpyiv4jiaejhocalt7rngrp7 err=HttpError('InvalidRequest: Could not find repo: did:plc:cpyiv4jiaejhocalt7rngrp7')
2026-03-21T20:41:57Z INFO bsky_collector_v2.job.index_feed_generators: enqueued repos page=7 mode=listRepos inserted=500 repos_returned=500 next_cursor=set
2026-03-21T20:43:00Z WARNING bsky_collector_v2.job.index_feed_generators: listRecords failed repo=did:plc:r6wd44ykivsom67rysktxcfb err=HttpError('InvalidRequest: Could not find repo: did:plc:r6wd44ykivsom67rysktxcfb')
2026-03-21T20:43:02Z WARNING bsky_collector_v2.job.index_feed_generators: listRecords failed repo=did:plc:rsmnsmqiadypxp4im5rjpire err=HttpError('InvalidRequest: Could not find repo: did:plc:rsmnsmqiadypxp4im5rjpire')
2026-03-21T20:43:16Z WARNING bsky_collector_v2.job.index_feed_generators: listRecords failed repo=did:plc:wnksa5ppz6fvwuoocvl7ay4l err=HttpError('InvalidRequest: Could not find repo: did:plc:wnksa5ppz6fvwuoocvl7ay4l')
2026-03-21T20:43:25Z INFO bsky_collector_v2.job.index_feed_generators: indexed repo=did:plc:zgyez6ddf63ddp5r4wzhr5ys part=202 records=2 next_cursor=set
2026-03-21T20:43:27Z WARNING bsky_collector_v2.job.index_feed_generators: listRecords failed repo=did:plc:r6wd44ykivsom67rysktxcfb err=HttpError('InvalidRequest: Could not find repo: did:plc:r6wd44ykivsom67rysktxcfb')
2026-03-21T20:43:27Z WARNING bsky_collector_v2.job.index_feed_generators: listRecords failed repo=did:plc:rsmnsmqiadypxp4im5rjpire err=HttpError('InvalidRequest: Could not find repo: did:plc:rsmnsmqiadypxp4im5rjpire')
2026-03-21T20:43:27Z WARNING bsky_collector_v2.job.index_feed_generators: listRecords failed repo=did:plc:wnksa5ppz6fvwuoocvl7ay4l err=HttpError('InvalidRequest: Could not find repo: did:plc:wnksa5ppz6fvwuoocvl7ay4l')
2026-03-21T20:43:27Z WARNING bsky_collector_v2.job.index_feed_generators: listRecords failed repo=did:plc:r6wd44ykivsom67rysktxcfb err=HttpError('InvalidRequest: Could not find repo: did:plc:r6wd44ykivsom67rysktxcfb')
2026-03-21T20:43:27Z WARNING bsky_collector_v2.job.index_feed_generators: listRecords failed repo=did:plc:rsmnsmqiadypxp4im5rjpire err=HttpError('InvalidRequest: Could not find repo: did:plc:rsmnsmqiadypxp4im5rjpire')
2026-03-21T20:43:27Z WARNING bsky_collector_v2.job.index_feed_generators: listRecords failed repo=did:plc:wnksa5ppz6fvwuoocvl7ay4l err=HttpError('InvalidRequest: Could not find repo: did:plc:wnksa5ppz6fvwuoocvl7ay4l')
2026-03-21T20:43:28Z INFO bsky_collector_v2.job.index_feed_generators: enqueued repos page=8 mode=listRepos inserted=500 repos_returned=500 next_cursor=set
2026-03-21T20:43:59Z WARNING bsky_collector_v2.job.index_feed_generators: listRecords failed repo=did:plc:ggkgvhibmw4n5tuu44f3nbr6 err=HttpError('InvalidRequest: Could not find repo: did:plc:ggkgvhibmw4n5tuu44f3nbr6')
2026-03-21T20:44:39Z WARNING bsky_collector_v2.job.index_feed_generators: listRecords failed repo=did:plc:sipr37g3itbbmvjybyratknf err=HttpError('InvalidRequest: Could not find repo: did:plc:sipr37g3itbbmvjybyratknf')
2026-03-21T20:44:59Z WARNING bsky_collector_v2.job.index_feed_generators: listRecords failed repo=did:plc:ggkgvhibmw4n5tuu44f3nbr6 err=HttpError('InvalidRequest: Could not find repo: did:plc:ggkgvhibmw4n5tuu44f3nbr6')
2026-03-21T20:45:00Z WARNING bsky_collector_v2.job.index_feed_generators: listRecords failed repo=did:plc:sipr37g3itbbmvjybyratknf err=HttpError('InvalidRequest: Could not find repo: did:plc:sipr37g3itbbmvjybyratknf')
2026-03-21T20:45:00Z WARNING bsky_collector_v2.job.index_feed_generators: listRecords failed repo=did:plc:ggkgvhibmw4n5tuu44f3nbr6 err=HttpError('InvalidRequest: Could not find repo: did:plc:ggkgvhibmw4n5tuu44f3nbr6')
2026-03-21T20:45:00Z WARNING bsky_collector_v2.job.index_feed_generators: listRecords failed repo=did:plc:sipr37g3itbbmvjybyratknf err=HttpError('InvalidRequest: Could not find repo: did:plc:sipr37g3itbbmvjybyratknf')
2026-03-21T20:45:00Z INFO bsky_collector_v2.job.index_feed_generators: enqueued repos page=9 mode=listRepos inserted=500 repos_returned=500 next_cursor=set
2026-03-21T20:45:37Z WARNING bsky_collector_v2.job.index_feed_generators: listRecords failed repo=did:plc:i5bbhjqcai4w3ly5aobth3zs err=HttpError('InvalidRequest: Could not find repo: did:plc:i5bbhjqcai4w3ly5aobth3zs')
2026-03-21T20:46:16Z WARNING bsky_collector_v2.job.index_feed_generators: listRecords failed repo=did:plc:wqdk4oexflmmqvbzlqkll5jf err=HttpError('InvalidRequest: Could not find repo: did:plc:wqdk4oexflmmqvbzlqkll5jf')
2026-03-21T20:46:23Z WARNING bsky_collector_v2.job.index_feed_generators: listRecords failed repo=did:plc:yzrb43mirnf5lc45j2sqjztb err=HttpError('InvalidRequest: Could not find repo: did:plc:yzrb43mirnf5lc45j2sqjztb')
2026-03-21T20:46:26Z WARNING bsky_collector_v2.job.index_feed_generators: listRecords failed repo=did:plc:i5bbhjqcai4w3ly5aobth3zs err=HttpError('InvalidRequest: Could not find repo: did:plc:i5bbhjqcai4w3ly5aobth3zs')
2026-03-21T20:46:26Z WARNING bsky_collector_v2.job.index_feed_generators: listRecords failed repo=did:plc:wqdk4oexflmmqvbzlqkll5jf err=HttpError('InvalidRequest: Could not find repo: did:plc:wqdk4oexflmmqvbzlqkll5jf')
2026-03-21T20:46:26Z WARNING bsky_collector_v2.job.index_feed_generators: listRecords failed repo=did:plc:yzrb43mirnf5lc45j2sqjztb err=HttpError('InvalidRequest: Could not find repo: did:plc:yzrb43mirnf5lc45j2sqjztb')
2026-03-21T20:46:26Z WARNING bsky_collector_v2.job.index_feed_generators: listRecords failed repo=did:plc:i5bbhjqcai4w3ly5aobth3zs err=HttpError('InvalidRequest: Could not find repo: did:plc:i5bbhjqcai4w3ly5aobth3zs')
2026-03-21T20:46:26Z WARNING bsky_collector_v2.job.index_feed_generators: listRecords failed repo=did:plc:wqdk4oexflmmqvbzlqkll5jf err=HttpError('InvalidRequest: Could not find repo: did:plc:wqdk4oexflmmqvbzlqkll5jf')
2026-03-21T20:46:26Z WARNING bsky_collector_v2.job.index_feed_generators: listRecords failed repo=did:plc:yzrb43mirnf5lc45j2sqjztb err=HttpError('InvalidRequest: Could not find repo: did:plc:yzrb43mirnf5lc45j2sqjztb')
2026-03-21T20:46:27Z INFO bsky_collector_v2.job.index_feed_generators: enqueued repos page=10 mode=listRepos inserted=500 repos_returned=500 next_cursor=set
2026-03-21T20:46:30Z INFO bsky_collector_v2.job.index_feed_generators: indexed repo=did:plc:3gzl324dgmnpfttv7b7mddxq part=203 records=2 next_cursor=set
2026-03-21T20:47:35Z WARNING bsky_collector_v2.job.index_feed_generators: listRecords failed repo=did:plc:trmngf2fhvygaaowxfbixams err=HttpError('InvalidRequest: Could not find repo: did:plc:trmngf2fhvygaaowxfbixams')
2026-03-21T20:47:50Z WARNING bsky_collector_v2.job.index_feed_generators: listRecords failed repo=did:plc:trmngf2fhvygaaowxfbixams err=HttpError('InvalidRequest: Could not find repo: did:plc:trmngf2fhvygaaowxfbixams')
2026-03-21T20:47:50Z WARNING bsky_collector_v2.job.index_feed_generators: listRecords failed repo=did:plc:trmngf2fhvygaaowxfbixams err=HttpError('InvalidRequest: Could not find repo: did:plc:trmngf2fhvygaaowxfbixams')
2026-03-21T20:47:51Z INFO bsky_collector_v2.job.index_feed_generators: enqueued repos page=11 mode=listRepos inserted=500 repos_returned=500 next_cursor=set
2026-03-21T20:49:36Z INFO bsky_collector_v2.job.index_feed_generators: enqueued repos page=12 mode=listRepos inserted=500 repos_returned=500 next_cursor=set
2026-03-21T20:50:11Z WARNING bsky_collector_v2.job.index_feed_generators: listRecords failed repo=did:plc:hbobsgdpg6nzlmi7t4zax4jk err=HttpError('InvalidRequest: Could not find repo: did:plc:hbobsgdpg6nzlmi7t4zax4jk')
2026-03-21T20:50:19Z WARNING bsky_collector_v2.job.index_feed_generators: listRecords failed repo=did:plc:j4rnjg3s2fvocxi3smslarpn err=HttpError('InvalidRequest: Could not find repo: did:plc:j4rnjg3s2fvocxi3smslarpn')
2026-03-21T20:50:28Z WARNING bsky_collector_v2.job.index_feed_generators: listRecords failed repo=did:plc:lyivwxu6h4vudxduv5ojri5o err=HttpError('InvalidRequest: Could not find repo: did:plc:lyivwxu6h4vudxduv5ojri5o')
2026-03-21T20:51:16Z WARNING bsky_collector_v2.job.index_feed_generators: listRecords failed repo=did:plc:hbobsgdpg6nzlmi7t4zax4jk err=HttpError('InvalidRequest: Could not find repo: did:plc:hbobsgdpg6nzlmi7t4zax4jk')
2026-03-21T20:51:16Z WARNING bsky_collector_v2.job.index_feed_generators: listRecords failed repo=did:plc:j4rnjg3s2fvocxi3smslarpn err=HttpError('InvalidRequest: Could not find repo: did:plc:j4rnjg3s2fvocxi3smslarpn')
2026-03-21T20:51:16Z WARNING bsky_collector_v2.job.index_feed_generators: listRecords failed repo=did:plc:lyivwxu6h4vudxduv5ojri5o err=HttpError('InvalidRequest: Could not find repo: did:plc:lyivwxu6h4vudxduv5ojri5o')
2026-03-21T20:51:16Z WARNING bsky_collector_v2.job.index_feed_generators: listRecords failed repo=did:plc:hbobsgdpg6nzlmi7t4zax4jk err=HttpError('InvalidRequest: Could not find repo: did:plc:hbobsgdpg6nzlmi7t4zax4jk')
2026-03-21T20:51:16Z WARNING bsky_collector_v2.job.index_feed_generators: listRecords failed repo=did:plc:j4rnjg3s2fvocxi3smslarpn err=HttpError('InvalidRequest: Could not find repo: did:plc:j4rnjg3s2fvocxi3smslarpn')
2026-03-21T20:51:17Z WARNING bsky_collector_v2.job.index_feed_generators: listRecords failed repo=did:plc:lyivwxu6h4vudxduv5ojri5o err=HttpError('InvalidRequest: Could not find repo: did:plc:lyivwxu6h4vudxduv5ojri5o')
2026-03-21T20:51:17Z INFO bsky_collector_v2.job.index_feed_generators: enqueued repos page=13 mode=listRepos inserted=500 repos_returned=500 next_cursor=set
2026-03-21T20:52:32Z WARNING bsky_collector_v2.job.index_feed_generators: listRecords failed repo=did:plc:noii46hh5upuroqaz33b6vys err=HttpError('InvalidRequest: Could not find repo: did:plc:noii46hh5upuroqaz33b6vys')
2026-03-21T20:53:11Z WARNING bsky_collector_v2.job.index_feed_generators: listRecords failed repo=did:plc:noii46hh5upuroqaz33b6vys err=HttpError('InvalidRequest: Could not find repo: did:plc:noii46hh5upuroqaz33b6vys')
2026-03-21T20:53:11Z WARNING bsky_collector_v2.job.index_feed_generators: listRecords failed repo=did:plc:noii46hh5upuroqaz33b6vys err=HttpError('InvalidRequest: Could not find repo: did:plc:noii46hh5upuroqaz33b6vys')
2026-03-21T20:53:11Z INFO bsky_collector_v2.job.index_feed_generators: enqueued repos page=14 mode=listRepos inserted=500 repos_returned=500 next_cursor=set
2026-03-21T20:53:19Z WARNING bsky_collector_v2.job.index_feed_generators: listRecords failed repo=did:plc:4cfpug57q2wdyx3yofny3e4d err=HttpError('InvalidRequest: Could not find repo: did:plc:4cfpug57q2wdyx3yofny3e4d')
2026-03-21T20:53:22Z INFO bsky_collector_v2.job.index_feed_generators: indexed repo=did:plc:5qrsn2jlfzmvllz7pjp7zydp part=204 records=1 next_cursor=set
2026-03-21T20:53:35Z WARNING bsky_collector_v2.job.index_feed_generators: listRecords failed repo=did:plc:btclfo3jvfsff3a2grn5a53l err=HttpError('InvalidRequest: Could not find repo: did:plc:btclfo3jvfsff3a2grn5a53l')
2026-03-21T20:54:13Z WARNING bsky_collector_v2.job.index_feed_generators: listRecords failed repo=did:plc:o2wkkibwuqldda3owzgjrkcb err=HttpError('InvalidRequest: Could not find repo: did:plc:o2wkkibwuqldda3owzgjrkcb')
2026-03-21T20:54:42Z WARNING bsky_collector_v2.job.index_feed_generators: listRecords failed repo=did:plc:4cfpug57q2wdyx3yofny3e4d err=HttpError('InvalidRequest: Could not find repo: did:plc:4cfpug57q2wdyx3yofny3e4d')
2026-03-21T20:54:42Z WARNING bsky_collector_v2.job.index_feed_generators: listRecords failed repo=did:plc:btclfo3jvfsff3a2grn5a53l err=HttpError('InvalidRequest: Could not find repo: did:plc:btclfo3jvfsff3a2grn5a53l')
2026-03-21T20:54:43Z WARNING bsky_collector_v2.job.index_feed_generators: listRecords failed repo=did:plc:o2wkkibwuqldda3owzgjrkcb err=HttpError('InvalidRequest: Could not find repo: did:plc:o2wkkibwuqldda3owzgjrkcb')
2026-03-21T20:54:43Z WARNING bsky_collector_v2.job.index_feed_generators: listRecords failed repo=did:plc:4cfpug57q2wdyx3yofny3e4d err=HttpError('InvalidRequest: Could not find repo: did:plc:4cfpug57q2wdyx3yofny3e4d')
2026-03-21T20:54:43Z WARNING bsky_collector_v2.job.index_feed_generators: listRecords failed repo=did:plc:btclfo3jvfsff3a2grn5a53l err=HttpError('InvalidRequest: Could not find repo: did:plc:btclfo3jvfsff3a2grn5a53l')
2026-03-21T20:54:43Z WARNING bsky_collector_v2.job.index_feed_generators: listRecords failed repo=did:plc:o2wkkibwuqldda3owzgjrkcb err=HttpError('InvalidRequest: Could not find repo: did:plc:o2wkkibwuqldda3owzgjrkcb')
2026-03-21T20:54:43Z INFO bsky_collector_v2.job.index_feed_generators: enqueued repos page=15 mode=listRepos inserted=500 repos_returned=500 next_cursor=set
2026-03-21T20:55:18Z WARNING bsky_collector_v2.job.index_feed_generators: listRecords failed repo=did:plc:giqvofeglrwenwljvsod3cqm err=HttpError('InvalidRequest: Could not find repo: did:plc:giqvofeglrwenwljvsod3cqm')
2026-03-21T20:55:29Z WARNING bsky_collector_v2.job.index_feed_generators: listRecords failed repo=did:plc:k7naqskizk2uyctwklmup5kg err=HttpError('InvalidRequest: Could not find repo: did:plc:k7naqskizk2uyctwklmup5kg')
2026-03-21T20:56:05Z WARNING bsky_collector_v2.job.index_feed_generators: listRecords failed repo=did:plc:w6cak4znj4w7j7wgycrgdkfm err=HttpError('InvalidRequest: Could not find repo: did:plc:w6cak4znj4w7j7wgycrgdkfm')
2026-03-21T20:56:15Z WARNING bsky_collector_v2.job.index_feed_generators: listRecords failed repo=did:plc:giqvofeglrwenwljvsod3cqm err=HttpError('InvalidRequest: Could not find repo: did:plc:giqvofeglrwenwljvsod3cqm')
2026-03-21T20:56:15Z WARNING bsky_collector_v2.job.index_feed_generators: listRecords failed repo=did:plc:k7naqskizk2uyctwklmup5kg err=HttpError('InvalidRequest: Could not find repo: did:plc:k7naqskizk2uyctwklmup5kg')
2026-03-21T20:56:15Z WARNING bsky_collector_v2.job.index_feed_generators: listRecords failed repo=did:plc:w6cak4znj4w7j7wgycrgdkfm err=HttpError('InvalidRequest: Could not find repo: did:plc:w6cak4znj4w7j7wgycrgdkfm')
2026-03-21T20:56:15Z WARNING bsky_collector_v2.job.index_feed_generators: listRecords failed repo=did:plc:giqvofeglrwenwljvsod3cqm err=HttpError('InvalidRequest: Could not find repo: did:plc:giqvofeglrwenwljvsod3cqm')
2026-03-21T20:56:15Z WARNING bsky_collector_v2.job.index_feed_generators: listRecords failed repo=did:plc:k7naqskizk2uyctwklmup5kg err=HttpError('InvalidRequest: Could not find repo: did:plc:k7naqskizk2uyctwklmup5kg')
2026-03-21T20:56:15Z WARNING bsky_collector_v2.job.index_feed_generators: listRecords failed repo=did:plc:w6cak4znj4w7j7wgycrgdkfm err=HttpError('InvalidRequest: Could not find repo: did:plc:w6cak4znj4w7j7wgycrgdkfm')
2026-03-21T20:56:16Z INFO bsky_collector_v2.job.index_feed_generators: enqueued repos page=16 mode=listRepos inserted=500 repos_returned=500 next_cursor=set
2026-03-21T20:57:27Z WARNING bsky_collector_v2.job.index_feed_generators: listRecords failed repo=did:plc:me53jfmls4s6l66cjkkoyj42 err=HttpError('InvalidRequest: Could not find repo: did:plc:me53jfmls4s6l66cjkkoyj42')
2026-03-21T20:57:33Z WARNING bsky_collector_v2.job.index_feed_generators: listRecords failed repo=did:plc:ot7btg7haqxoefk7gdy3gntb err=HttpError('InvalidRequest: Could not find repo: did:plc:ot7btg7haqxoefk7gdy3gntb')
2026-03-21T20:57:44Z WARNING bsky_collector_v2.job.index_feed_generators: listRecords failed repo=did:plc:smufkoldvni2c3bunglohgry err=HttpError('InvalidRequest: Could not find repo: did:plc:smufkoldvni2c3bunglohgry')
2026-03-21T20:58:00Z WARNING bsky_collector_v2.job.index_feed_generators: listRecords failed repo=did:plc:me53jfmls4s6l66cjkkoyj42 err=HttpError('InvalidRequest: Could not find repo: did:plc:me53jfmls4s6l66cjkkoyj42')
2026-03-21T20:58:00Z WARNING bsky_collector_v2.job.index_feed_generators: listRecords failed repo=did:plc:ot7btg7haqxoefk7gdy3gntb err=HttpError('InvalidRequest: Could not find repo: did:plc:ot7btg7haqxoefk7gdy3gntb')
2026-03-21T20:58:00Z WARNING bsky_collector_v2.job.index_feed_generators: listRecords failed repo=did:plc:smufkoldvni2c3bunglohgry err=HttpError('InvalidRequest: Could not find repo: did:plc:smufkoldvni2c3bunglohgry')
2026-03-21T20:58:00Z WARNING bsky_collector_v2.job.index_feed_generators: listRecords failed repo=did:plc:me53jfmls4s6l66cjkkoyj42 err=HttpError('InvalidRequest: Could not find repo: did:plc:me53jfmls4s6l66cjkkoyj42')
2026-03-21T20:58:00Z WARNING bsky_collector_v2.job.index_feed_generators: listRecords failed repo=did:plc:ot7btg7haqxoefk7gdy3gntb err=HttpError('InvalidRequest: Could not find repo: did:plc:ot7btg7haqxoefk7gdy3gntb')
2026-03-21T20:58:00Z WARNING bsky_collector_v2.job.index_feed_generators: listRecords failed repo=did:plc:smufkoldvni2c3bunglohgry err=HttpError('InvalidRequest: Could not find repo: did:plc:smufkoldvni2c3bunglohgry')
2026-03-21T20:58:01Z INFO bsky_collector_v2.job.index_feed_generators: enqueued repos page=17 mode=listRepos inserted=500 repos_returned=500 next_cursor=set
2026-03-21T20:58:04Z WARNING bsky_collector_v2.job.index_feed_generators: listRecords failed repo=did:plc:3bhemqbn5kswf3xyv3meeqtt err=HttpError('InvalidRequest: Could not find repo: did:plc:3bhemqbn5kswf3xyv3meeqtt')
2026-03-21T20:58:05Z WARNING bsky_collector_v2.job.index_feed_generators: listRecords failed repo=did:plc:3vm4wzttv3gmgl4atysgrine err=HttpError('InvalidRequest: Could not find repo: did:plc:3vm4wzttv3gmgl4atysgrine')
2026-03-21T20:58:07Z WARNING bsky_collector_v2.job.index_feed_generators: listRecords failed repo=did:plc:4lxri2xzjiig3rogckz6td3i err=HttpError('InvalidRequest: Could not find repo: did:plc:4lxri2xzjiig3rogckz6td3i')
2026-03-21T20:58:20Z WARNING bsky_collector_v2.job.index_feed_generators: listRecords failed repo=did:plc:ce6ymgeyurgsogtmzglkovl5 err=HttpError('InvalidRequest: Could not find repo: did:plc:ce6ymgeyurgsogtmzglkovl5')
2026-03-21T20:58:38Z WARNING bsky_collector_v2.job.index_feed_generators: listRecords failed repo=did:plc:iu2scziaqca5qpiujpbkabiw err=HttpError('InvalidRequest: Could not find repo: did:plc:iu2scziaqca5qpiujpbkabiw')
2026-03-21T20:58:40Z WARNING bsky_collector_v2.job.index_feed_generators: listRecords failed repo=did:plc:jvlzg4aag5ygwljrtgdyumlx err=HttpError('InvalidRequest: Could not find repo: did:plc:jvlzg4aag5ygwljrtgdyumlx')
2026-03-21T20:58:50Z WARNING bsky_collector_v2.job.index_feed_generators: listRecords failed repo=did:plc:o5obh5uv2zmjsgwsny2lvxep err=HttpError('InvalidRequest: Could not find repo: did:plc:o5obh5uv2zmjsgwsny2lvxep')
2026-03-21T20:59:08Z WARNING bsky_collector_v2.job.index_feed_generators: listRecords failed repo=did:plc:uj3bna6uftgz5hqyn2bao2xn err=HttpError('InvalidRequest: Could not find repo: did:plc:uj3bna6uftgz5hqyn2bao2xn')
2026-03-21T20:59:16Z WARNING bsky_collector_v2.job.index_feed_generators: listRecords failed repo=did:plc:xid3zrexgnaohygesh3xtdjm err=HttpError('InvalidRequest: Could not find repo: did:plc:xid3zrexgnaohygesh3xtdjm')
2026-03-21T20:59:22Z WARNING bsky_collector_v2.job.index_feed_generators: listRecords failed repo=did:plc:3bhemqbn5kswf3xyv3meeqtt err=HttpError('InvalidRequest: Could not find repo: did:plc:3bhemqbn5kswf3xyv3meeqtt')
2026-03-21T20:59:23Z WARNING bsky_collector_v2.job.index_feed_generators: listRecords failed repo=did:plc:3vm4wzttv3gmgl4atysgrine err=HttpError('InvalidRequest: Could not find repo: did:plc:3vm4wzttv3gmgl4atysgrine')
2026-03-21T20:59:23Z WARNING bsky_collector_v2.job.index_feed_generators: listRecords failed repo=did:plc:4lxri2xzjiig3rogckz6td3i err=HttpError('InvalidRequest: Could not find repo: did:plc:4lxri2xzjiig3rogckz6td3i')
2026-03-21T20:59:23Z WARNING bsky_collector_v2.job.index_feed_generators: listRecords failed repo=did:plc:ce6ymgeyurgsogtmzglkovl5 err=HttpError('InvalidRequest: Could not find repo: did:plc:ce6ymgeyurgsogtmzglkovl5')
2026-03-21T20:59:23Z WARNING bsky_collector_v2.job.index_feed_generators: listRecords failed repo=did:plc:iu2scziaqca5qpiujpbkabiw err=HttpError('InvalidRequest: Could not find repo: did:plc:iu2scziaqca5qpiujpbkabiw')
2026-03-21T20:59:23Z WARNING bsky_collector_v2.job.index_feed_generators: listRecords failed repo=did:plc:jvlzg4aag5ygwljrtgdyumlx err=HttpError('InvalidRequest: Could not find repo: did:plc:jvlzg4aag5ygwljrtgdyumlx')
2026-03-21T20:59:23Z WARNING bsky_collector_v2.job.index_feed_generators: listRecords failed repo=did:plc:o5obh5uv2zmjsgwsny2lvxep err=HttpError('InvalidRequest: Could not find repo: did:plc:o5obh5uv2zmjsgwsny2lvxep')
2026-03-21T20:59:23Z WARNING bsky_collector_v2.job.index_feed_generators: listRecords failed repo=did:plc:uj3bna6uftgz5hqyn2bao2xn err=HttpError('InvalidRequest: Could not find repo: did:plc:uj3bna6uftgz5hqyn2bao2xn')
2026-03-21T20:59:23Z WARNING bsky_collector_v2.job.index_feed_generators: listRecords failed repo=did:plc:xid3zrexgnaohygesh3xtdjm err=HttpError('InvalidRequest: Could not find repo: did:plc:xid3zrexgnaohygesh3xtdjm')
2026-03-21T20:59:23Z WARNING bsky_collector_v2.job.index_feed_generators: listRecords failed repo=did:plc:3bhemqbn5kswf3xyv3meeqtt err=HttpError('InvalidRequest: Could not find repo: did:plc:3bhemqbn5kswf3xyv3meeqtt')
2026-03-21T20:59:23Z WARNING bsky_collector_v2.job.index_feed_generators: listRecords failed repo=did:plc:3vm4wzttv3gmgl4atysgrine err=HttpError('InvalidRequest: Could not find repo: did:plc:3vm4wzttv3gmgl4atysgrine')
2026-03-21T20:59:23Z WARNING bsky_collector_v2.job.index_feed_generators: listRecords failed repo=did:plc:4lxri2xzjiig3rogckz6td3i err=HttpError('InvalidRequest: Could not find repo: did:plc:4lxri2xzjiig3rogckz6td3i')
2026-03-21T20:59:23Z WARNING bsky_collector_v2.job.index_feed_generators: listRecords failed repo=did:plc:ce6ymgeyurgsogtmzglkovl5 err=HttpError('InvalidRequest: Could not find repo: did:plc:ce6ymgeyurgsogtmzglkovl5')
2026-03-21T20:59:23Z WARNING bsky_collector_v2.job.index_feed_generators: listRecords failed repo=did:plc:iu2scziaqca5qpiujpbkabiw err=HttpError('InvalidRequest: Could not find repo: did:plc:iu2scziaqca5qpiujpbkabiw')
2026-03-21T20:59:23Z WARNING bsky_collector_v2.job.index_feed_generators: listRecords failed repo=did:plc:jvlzg4aag5ygwljrtgdyumlx err=HttpError('InvalidRequest: Could not find repo: did:plc:jvlzg4aag5ygwljrtgdyumlx')
2026-03-21T20:59:23Z WARNING bsky_collector_v2.job.index_feed_generators: listRecords failed repo=did:plc:o5obh5uv2zmjsgwsny2lvxep err=HttpError('InvalidRequest: Could not find repo: did:plc:o5obh5uv2zmjsgwsny2lvxep')
2026-03-21T20:59:23Z WARNING bsky_collector_v2.job.index_feed_generators: listRecords failed repo=did:plc:uj3bna6uftgz5hqyn2bao2xn err=HttpError('InvalidRequest: Could not find repo: did:plc:uj3bna6uftgz5hqyn2bao2xn')
2026-03-21T20:59:23Z WARNING bsky_collector_v2.job.index_feed_generators: listRecords failed repo=did:plc:xid3zrexgnaohygesh3xtdjm err=HttpError('InvalidRequest: Could not find repo: did:plc:xid3zrexgnaohygesh3xtdjm')
2026-03-21T20:59:24Z INFO bsky_collector_v2.job.index_feed_generators: enqueued repos page=18 mode=listRepos inserted=500 repos_returned=500 next_cursor=set
2026-03-21T20:59:31Z WARNING bsky_collector_v2.job.index_feed_generators: listRecords failed repo=did:plc:5lnbohqdl6s3qn6jx2x47gb5 err=HttpError('InvalidRequest: Could not find repo: did:plc:5lnbohqdl6s3qn6jx2x47gb5')
2026-03-21T21:00:20Z WARNING bsky_collector_v2.job.index_feed_generators: listRecords failed repo=did:plc:kzqqw77fryws4egr6h5dgxga err=HttpError('InvalidRequest: Could not find repo: did:plc:kzqqw77fryws4egr6h5dgxga')
2026-03-21T21:00:35Z WARNING bsky_collector_v2.job.index_feed_generators: listRecords failed repo=did:plc:qrsxg2evqfo5puq5zafo32n7 err=HttpError('InvalidRequest: Could not find repo: did:plc:qrsxg2evqfo5puq5zafo32n7')
2026-03-21T21:00:41Z WARNING bsky_collector_v2.job.index_feed_generators: listRecords failed repo=did:plc:tdpbymciegshnzpdb57xobmt err=HttpError('InvalidRequest: Could not find repo: did:plc:tdpbymciegshnzpdb57xobmt')
2026-03-21T21:00:46Z WARNING bsky_collector_v2.job.index_feed_generators: listRecords failed repo=did:plc:uxiy7czaiy5aspma7gyw3k27 err=HttpError('InvalidRequest: Could not find repo: did:plc:uxiy7czaiy5aspma7gyw3k27')
2026-03-21T21:00:53Z WARNING bsky_collector_v2.job.index_feed_generators: listRecords failed repo=did:plc:woh3n26awlpcbqwmstdwvrxz err=HttpError('InvalidRequest: Could not find repo: did:plc:woh3n26awlpcbqwmstdwvrxz')
2026-03-21T21:01:01Z WARNING bsky_collector_v2.job.index_feed_generators: listRecords failed repo=did:plc:5lnbohqdl6s3qn6jx2x47gb5 err=HttpError('InvalidRequest: Could not find repo: did:plc:5lnbohqdl6s3qn6jx2x47gb5')
2026-03-21T21:01:01Z WARNING bsky_collector_v2.job.index_feed_generators: listRecords failed repo=did:plc:kzqqw77fryws4egr6h5dgxga err=HttpError('InvalidRequest: Could not find repo: did:plc:kzqqw77fryws4egr6h5dgxga')
2026-03-21T21:01:01Z WARNING bsky_collector_v2.job.index_feed_generators: listRecords failed repo=did:plc:qrsxg2evqfo5puq5zafo32n7 err=HttpError('InvalidRequest: Could not find repo: did:plc:qrsxg2evqfo5puq5zafo32n7')
2026-03-21T21:01:01Z WARNING bsky_collector_v2.job.index_feed_generators: listRecords failed repo=did:plc:tdpbymciegshnzpdb57xobmt err=HttpError('InvalidRequest: Could not find repo: did:plc:tdpbymciegshnzpdb57xobmt')
2026-03-21T21:01:01Z WARNING bsky_collector_v2.job.index_feed_generators: listRecords failed repo=did:plc:uxiy7czaiy5aspma7gyw3k27 err=HttpError('InvalidRequest: Could not find repo: did:plc:uxiy7czaiy5aspma7gyw3k27')
2026-03-21T21:01:01Z WARNING bsky_collector_v2.job.index_feed_generators: listRecords failed repo=did:plc:woh3n26awlpcbqwmstdwvrxz err=HttpError('InvalidRequest: Could not find repo: did:plc:woh3n26awlpcbqwmstdwvrxz')
2026-03-21T21:01:02Z WARNING bsky_collector_v2.job.index_feed_generators: listRecords failed repo=did:plc:5lnbohqdl6s3qn6jx2x47gb5 err=HttpError('InvalidRequest: Could not find repo: did:plc:5lnbohqdl6s3qn6jx2x47gb5')
2026-03-21T21:01:02Z WARNING bsky_collector_v2.job.index_feed_generators: listRecords failed repo=did:plc:kzqqw77fryws4egr6h5dgxga err=HttpError('InvalidRequest: Could not find repo: did:plc:kzqqw77fryws4egr6h5dgxga')
2026-03-21T21:01:02Z WARNING bsky_collector_v2.job.index_feed_generators: listRecords failed repo=did:plc:qrsxg2evqfo5puq5zafo32n7 err=HttpError('InvalidRequest: Could not find repo: did:plc:qrsxg2evqfo5puq5zafo32n7')
2026-03-21T21:01:02Z WARNING bsky_collector_v2.job.index_feed_generators: listRecords failed repo=did:plc:tdpbymciegshnzpdb57xobmt err=HttpError('InvalidRequest: Could not find repo: did:plc:tdpbymciegshnzpdb57xobmt')
2026-03-21T21:01:02Z WARNING bsky_collector_v2.job.index_feed_generators: listRecords failed repo=did:plc:uxiy7czaiy5aspma7gyw3k27 err=HttpError('InvalidRequest: Could not find repo: did:plc:uxiy7czaiy5aspma7gyw3k27')
2026-03-21T21:01:02Z WARNING bsky_collector_v2.job.index_feed_generators: listRecords failed repo=did:plc:woh3n26awlpcbqwmstdwvrxz err=HttpError('InvalidRequest: Could not find repo: did:plc:woh3n26awlpcbqwmstdwvrxz')
2026-03-21T21:01:03Z INFO bsky_collector_v2.job.index_feed_generators: enqueued repos page=19 mode=listRepos inserted=500 repos_returned=500 next_cursor=set
2026-03-21T21:01:11Z WARNING bsky_collector_v2.job.index_feed_generators: listRecords failed repo=did:plc:5daimkagsootbvv47ezpfgdg err=HttpError('InvalidRequest: Could not find repo: did:plc:5daimkagsootbvv47ezpfgdg')
2026-03-21T21:01:22Z WARNING bsky_collector_v2.job.index_feed_generators: listRecords failed repo=did:plc:ajpansnifa3vehfytqzam2v7 err=HttpError('InvalidRequest: Could not find repo: did:plc:ajpansnifa3vehfytqzam2v7')
2026-03-21T21:01:42Z WARNING bsky_collector_v2.job.index_feed_generators: listRecords failed repo=did:plc:jnxemi47fq6zonu2kioszxqf err=HttpError('InvalidRequest: Could not find repo: did:plc:jnxemi47fq6zonu2kioszxqf')
2026-03-21T21:01:55Z WARNING bsky_collector_v2.job.index_feed_generators: listRecords failed repo=did:plc:nxrmudtgfd7t4g5werdqrkjy err=HttpError('InvalidRequest: Could not find repo: did:plc:nxrmudtgfd7t4g5werdqrkjy')
2026-03-21T21:02:09Z WARNING bsky_collector_v2.job.index_feed_generators: listRecords failed repo=did:plc:tacalaf47o6gf6pi4g5ygew3 err=HttpError('InvalidRequest: Could not find repo: did:plc:tacalaf47o6gf6pi4g5ygew3')
2026-03-21T21:02:38Z WARNING bsky_collector_v2.job.index_feed_generators: listRecords failed repo=did:plc:z7oorejkw7epkset2x2rxahj err=HttpError('InvalidRequest: Could not find repo: did:plc:z7oorejkw7epkset2x2rxahj')
2026-03-21T21:02:40Z WARNING bsky_collector_v2.job.index_feed_generators: listRecords failed repo=did:plc:5daimkagsootbvv47ezpfgdg err=HttpError('InvalidRequest: Could not find repo: did:plc:5daimkagsootbvv47ezpfgdg')
2026-03-21T21:02:41Z WARNING bsky_collector_v2.job.index_feed_generators: listRecords failed repo=did:plc:ajpansnifa3vehfytqzam2v7 err=HttpError('InvalidRequest: Could not find repo: did:plc:ajpansnifa3vehfytqzam2v7')
2026-03-21T21:02:41Z WARNING bsky_collector_v2.job.index_feed_generators: listRecords failed repo=did:plc:jnxemi47fq6zonu2kioszxqf err=HttpError('InvalidRequest: Could not find repo: did:plc:jnxemi47fq6zonu2kioszxqf')
2026-03-21T21:02:41Z WARNING bsky_collector_v2.job.index_feed_generators: listRecords failed repo=did:plc:nxrmudtgfd7t4g5werdqrkjy err=HttpError('InvalidRequest: Could not find repo: did:plc:nxrmudtgfd7t4g5werdqrkjy')
2026-03-21T21:02:41Z WARNING bsky_collector_v2.job.index_feed_generators: listRecords failed repo=did:plc:tacalaf47o6gf6pi4g5ygew3 err=HttpError('InvalidRequest: Could not find repo: did:plc:tacalaf47o6gf6pi4g5ygew3')
2026-03-21T21:02:41Z WARNING bsky_collector_v2.job.index_feed_generators: listRecords failed repo=did:plc:z7oorejkw7epkset2x2rxahj err=HttpError('InvalidRequest: Could not find repo: did:plc:z7oorejkw7epkset2x2rxahj')
2026-03-21T21:02:41Z WARNING bsky_collector_v2.job.index_feed_generators: listRecords failed repo=did:plc:5daimkagsootbvv47ezpfgdg err=HttpError('InvalidRequest: Could not find repo: did:plc:5daimkagsootbvv47ezpfgdg')
2026-03-21T21:02:41Z WARNING bsky_collector_v2.job.index_feed_generators: listRecords failed repo=did:plc:ajpansnifa3vehfytqzam2v7 err=HttpError('InvalidRequest: Could not find repo: did:plc:ajpansnifa3vehfytqzam2v7')
2026-03-21T21:02:41Z WARNING bsky_collector_v2.job.index_feed_generators: listRecords failed repo=did:plc:jnxemi47fq6zonu2kioszxqf err=HttpError('InvalidRequest: Could not find repo: did:plc:jnxemi47fq6zonu2kioszxqf')
2026-03-21T21:02:41Z WARNING bsky_collector_v2.job.index_feed_generators: listRecords failed repo=did:plc:nxrmudtgfd7t4g5werdqrkjy err=HttpError('InvalidRequest: Could not find repo: did:plc:nxrmudtgfd7t4g5werdqrkjy')
2026-03-21T21:02:41Z WARNING bsky_collector_v2.job.index_feed_generators: listRecords failed repo=did:plc:tacalaf47o6gf6pi4g5ygew3 err=HttpError('InvalidRequest: Could not find repo: did:plc:tacalaf47o6gf6pi4g5ygew3')
2026-03-21T21:02:41Z WARNING bsky_collector_v2.job.index_feed_generators: listRecords failed repo=did:plc:z7oorejkw7epkset2x2rxahj err=HttpError('InvalidRequest: Could not find repo: did:plc:z7oorejkw7epkset2x2rxahj')
2026-03-21T21:02:42Z INFO bsky_collector_v2.job.index_feed_generators: enqueued repos page=20 mode=listRepos inserted=500 repos_returned=500 next_cursor=set
2026-03-21T21:02:45Z WARNING bsky_collector_v2.job.index_feed_generators: listRecords failed repo=did:plc:3goo6vgyqag3lp3b6ae62xf6 err=HttpError('InvalidRequest: Could not find repo: did:plc:3goo6vgyqag3lp3b6ae62xf6')
2026-03-21T21:02:48Z WARNING bsky_collector_v2.job.index_feed_generators: listRecords failed repo=did:plc:4eaaq7pefcwuzj22fwsf2k53 err=HttpError('InvalidRequest: Could not find repo: did:plc:4eaaq7pefcwuzj22fwsf2k53')
2026-03-21T21:03:18Z WARNING bsky_collector_v2.job.index_feed_generators: listRecords failed repo=did:plc:fpyaq66vavoi6ujk7rvbc63h err=HttpError('InvalidRequest: Could not find repo: did:plc:fpyaq66vavoi6ujk7rvbc63h')
2026-03-21T21:03:18Z WARNING bsky_collector_v2.job.index_feed_generators: listRecords failed repo=did:plc:gaubd6ke5igw6vsm6ndxj2nx err=HttpError('InvalidRequest: Could not find repo: did:plc:gaubd6ke5igw6vsm6ndxj2nx')
2026-03-21T21:03:19Z WARNING bsky_collector_v2.job.index_feed_generators: listRecords failed repo=did:plc:gkkw5mqca4dbvlzpc72pqdiu err=HttpError('InvalidRequest: Could not find repo: did:plc:gkkw5mqca4dbvlzpc72pqdiu')
2026-03-21T21:03:27Z WARNING bsky_collector_v2.job.index_feed_generators: listRecords failed repo=did:plc:jdyame5cujjnvkhguj46ynlq err=HttpError('InvalidRequest: Could not find repo: did:plc:jdyame5cujjnvkhguj46ynlq')
2026-03-21T21:03:28Z WARNING bsky_collector_v2.job.index_feed_generators: listRecords failed repo=did:plc:k6o4vzivtfy2hwsdfgwmcvau err=HttpError('InvalidRequest: Could not find repo: did:plc:k6o4vzivtfy2hwsdfgwmcvau')
2026-03-21T21:03:33Z WARNING bsky_collector_v2.job.index_feed_generators: listRecords failed repo=did:plc:lnxpdyp7yxp3onbshruo3boy err=HttpError('InvalidRequest: Could not find repo: did:plc:lnxpdyp7yxp3onbshruo3boy')
2026-03-21T21:03:48Z WARNING bsky_collector_v2.job.index_feed_generators: listRecords failed repo=did:plc:s2irp2agjwqetifrnaqa63dl err=HttpError('InvalidRequest: Could not find repo: did:plc:s2irp2agjwqetifrnaqa63dl')
2026-03-21T21:03:49Z WARNING bsky_collector_v2.job.index_feed_generators: listRecords failed repo=did:plc:sfwj676g2ebgyn7svi3tgylm err=HttpError('InvalidRequest: Could not find repo: did:plc:sfwj676g2ebgyn7svi3tgylm')
2026-03-21T21:04:03Z WARNING bsky_collector_v2.job.index_feed_generators: listRecords failed repo=did:plc:y4dlbjdfoon7fqj72yiwtcxd err=HttpError('InvalidRequest: Could not find repo: did:plc:y4dlbjdfoon7fqj72yiwtcxd')
2026-03-21T21:04:11Z WARNING bsky_collector_v2.job.index_feed_generators: listRecords failed repo=did:plc:3goo6vgyqag3lp3b6ae62xf6 err=HttpError('InvalidRequest: Could not find repo: did:plc:3goo6vgyqag3lp3b6ae62xf6')
2026-03-21T21:04:11Z WARNING bsky_collector_v2.job.index_feed_generators: listRecords failed repo=did:plc:4eaaq7pefcwuzj22fwsf2k53 err=HttpError('InvalidRequest: Could not find repo: did:plc:4eaaq7pefcwuzj22fwsf2k53')
2026-03-21T21:04:11Z WARNING bsky_collector_v2.job.index_feed_generators: listRecords failed repo=did:plc:fpyaq66vavoi6ujk7rvbc63h err=HttpError('InvalidRequest: Could not find repo: did:plc:fpyaq66vavoi6ujk7rvbc63h')
2026-03-21T21:04:11Z WARNING bsky_collector_v2.job.index_feed_generators: listRecords failed repo=did:plc:gaubd6ke5igw6vsm6ndxj2nx err=HttpError('InvalidRequest: Could not find repo: did:plc:gaubd6ke5igw6vsm6ndxj2nx')
2026-03-21T21:04:11Z WARNING bsky_collector_v2.job.index_feed_generators: listRecords failed repo=did:plc:gkkw5mqca4dbvlzpc72pqdiu err=HttpError('InvalidRequest: Could not find repo: did:plc:gkkw5mqca4dbvlzpc72pqdiu')
2026-03-21T21:04:11Z WARNING bsky_collector_v2.job.index_feed_generators: listRecords failed repo=did:plc:jdyame5cujjnvkhguj46ynlq err=HttpError('InvalidRequest: Could not find repo: did:plc:jdyame5cujjnvkhguj46ynlq')
2026-03-21T21:04:11Z WARNING bsky_collector_v2.job.index_feed_generators: listRecords failed repo=did:plc:k6o4vzivtfy2hwsdfgwmcvau err=HttpError('InvalidRequest: Could not find repo: did:plc:k6o4vzivtfy2hwsdfgwmcvau')
2026-03-21T21:04:11Z WARNING bsky_collector_v2.job.index_feed_generators: listRecords failed repo=did:plc:lnxpdyp7yxp3onbshruo3boy err=HttpError('InvalidRequest: Could not find repo: did:plc:lnxpdyp7yxp3onbshruo3boy')
2026-03-21T21:04:12Z WARNING bsky_collector_v2.job.index_feed_generators: listRecords failed repo=did:plc:s2irp2agjwqetifrnaqa63dl err=HttpError('InvalidRequest: Could not find repo: did:plc:s2irp2agjwqetifrnaqa63dl')
2026-03-21T21:04:12Z WARNING bsky_collector_v2.job.index_feed_generators: listRecords failed repo=did:plc:sfwj676g2ebgyn7svi3tgylm err=HttpError('InvalidRequest: Could not find repo: did:plc:sfwj676g2ebgyn7svi3tgylm')
2026-03-21T21:04:12Z WARNING bsky_collector_v2.job.index_feed_generators: listRecords failed repo=did:plc:y4dlbjdfoon7fqj72yiwtcxd err=HttpError('InvalidRequest: Could not find repo: did:plc:y4dlbjdfoon7fqj72yiwtcxd')
2026-03-21T21:04:12Z WARNING bsky_collector_v2.job.index_feed_generators: listRecords failed repo=did:plc:3goo6vgyqag3lp3b6ae62xf6 err=HttpError('InvalidRequest: Could not find repo: did:plc:3goo6vgyqag3lp3b6ae62xf6')
2026-03-21T21:04:12Z WARNING bsky_collector_v2.job.index_feed_generators: listRecords failed repo=did:plc:4eaaq7pefcwuzj22fwsf2k53 err=HttpError('InvalidRequest: Could not find repo: did:plc:4eaaq7pefcwuzj22fwsf2k53')
2026-03-21T21:04:12Z WARNING bsky_collector_v2.job.index_feed_generators: listRecords failed repo=did:plc:fpyaq66vavoi6ujk7rvbc63h err=HttpError('InvalidRequest: Could not find repo: did:plc:fpyaq66vavoi6ujk7rvbc63h')
2026-03-21T21:04:12Z WARNING bsky_collector_v2.job.index_feed_generators: listRecords failed repo=did:plc:gaubd6ke5igw6vsm6ndxj2nx err=HttpError('InvalidRequest: Could not find repo: did:plc:gaubd6ke5igw6vsm6ndxj2nx')
2026-03-21T21:04:12Z WARNING bsky_collector_v2.job.index_feed_generators: listRecords failed repo=did:plc:gkkw5mqca4dbvlzpc72pqdiu err=HttpError('InvalidRequest: Could not find repo: did:plc:gkkw5mqca4dbvlzpc72pqdiu')
2026-03-21T21:04:12Z WARNING bsky_collector_v2.job.index_feed_generators: listRecords failed repo=did:plc:jdyame5cujjnvkhguj46ynlq err=HttpError('InvalidRequest: Could not find repo: did:plc:jdyame5cujjnvkhguj46ynlq')
2026-03-21T21:04:12Z WARNING bsky_collector_v2.job.index_feed_generators: listRecords failed repo=did:plc:k6o4vzivtfy2hwsdfgwmcvau err=HttpError('InvalidRequest: Could not find repo: did:plc:k6o4vzivtfy2hwsdfgwmcvau')
2026-03-21T21:04:12Z WARNING bsky_collector_v2.job.index_feed_generators: listRecords failed repo=did:plc:lnxpdyp7yxp3onbshruo3boy err=HttpError('InvalidRequest: Could not find repo: did:plc:lnxpdyp7yxp3onbshruo3boy')
2026-03-21T21:04:12Z WARNING bsky_collector_v2.job.index_feed_generators: listRecords failed repo=did:plc:s2irp2agjwqetifrnaqa63dl err=HttpError('InvalidRequest: Could not find repo: did:plc:s2irp2agjwqetifrnaqa63dl')
2026-03-21T21:04:12Z WARNING bsky_collector_v2.job.index_feed_generators: listRecords failed repo=did:plc:sfwj676g2ebgyn7svi3tgylm err=HttpError('InvalidRequest: Could not find repo: did:plc:sfwj676g2ebgyn7svi3tgylm')
2026-03-21T21:04:12Z WARNING bsky_collector_v2.job.index_feed_generators: listRecords failed repo=did:plc:y4dlbjdfoon7fqj72yiwtcxd err=HttpError('InvalidRequest: Could not find repo: did:plc:y4dlbjdfoon7fqj72yiwtcxd')
2026-03-21T21:04:13Z INFO bsky_collector_v2.job.index_feed_generators: enqueued repos page=21 mode=listRepos inserted=500 repos_returned=500 next_cursor=set
2026-03-21T21:04:19Z WARNING bsky_collector_v2.job.index_feed_generators: listRecords failed repo=did:plc:4n4sidcv42umbwy2odbxu6wn err=HttpError('InvalidRequest: Could not find repo: did:plc:4n4sidcv42umbwy2odbxu6wn')
2026-03-21T21:04:20Z WARNING bsky_collector_v2.job.index_feed_generators: listRecords failed repo=did:plc:4x23w3olykfrcst5wxbpy433 err=HttpError('InvalidRequest: Could not find repo: did:plc:4x23w3olykfrcst5wxbpy433')
2026-03-21T21:04:20Z WARNING bsky_collector_v2.job.index_feed_generators: listRecords failed repo=did:plc:533lamu2ugocxeksear4p3yt err=HttpError('InvalidRequest: Could not find repo: did:plc:533lamu2ugocxeksear4p3yt')
2026-03-21T21:04:26Z WARNING bsky_collector_v2.job.index_feed_generators: listRecords failed repo=did:plc:6vdco6jtz7qcab2xwoklcoqi err=HttpError('InvalidRequest: Could not find repo: did:plc:6vdco6jtz7qcab2xwoklcoqi')
2026-03-21T21:04:27Z WARNING bsky_collector_v2.job.index_feed_generators: listRecords failed repo=did:plc:6zjobvlrlyvi3wrkkft3prha err=HttpError('InvalidRequest: Could not find repo: did:plc:6zjobvlrlyvi3wrkkft3prha')
2026-03-21T21:04:28Z WARNING bsky_collector_v2.job.index_feed_generators: listRecords failed repo=did:plc:7bnh6hmi3mor5nwc7pv3kr4d err=HttpError('InvalidRequest: Could not find repo: did:plc:7bnh6hmi3mor5nwc7pv3kr4d')
2026-03-21T21:04:39Z WARNING bsky_collector_v2.job.index_feed_generators: listRecords failed repo=did:plc:dxfszibqw4xbqvhtw3sttbrq err=HttpError('InvalidRequest: Could not find repo: did:plc:dxfszibqw4xbqvhtw3sttbrq')
2026-03-21T21:04:44Z WARNING bsky_collector_v2.job.index_feed_generators: listRecords failed repo=did:plc:fulh3ir5b7re3nw3m2sqbv62 err=HttpError('InvalidRequest: Could not find repo: did:plc:fulh3ir5b7re3nw3m2sqbv62')
2026-03-21T21:04:53Z WARNING bsky_collector_v2.job.index_feed_generators: listRecords failed repo=did:plc:izxkptrf5y3nfslcngt63e2g err=HttpError('InvalidRequest: Could not find repo: did:plc:izxkptrf5y3nfslcngt63e2g')
2026-03-21T21:05:03Z WARNING bsky_collector_v2.job.index_feed_generators: listRecords failed repo=did:plc:n3cxwdfocikhuxdljt2qhhyj err=HttpError('InvalidRequest: Could not find repo: did:plc:n3cxwdfocikhuxdljt2qhhyj')
2026-03-21T21:05:04Z WARNING bsky_collector_v2.job.index_feed_generators: listRecords failed repo=did:plc:nfb4lsfjxwsb2yh656turadk err=HttpError('InvalidRequest: Could not find repo: did:plc:nfb4lsfjxwsb2yh656turadk')
2026-03-21T21:05:20Z WARNING bsky_collector_v2.job.index_feed_generators: listRecords failed repo=did:plc:sdn72htd63pas2tuk52pkdvc err=HttpError('InvalidRequest: Could not find repo: did:plc:sdn72htd63pas2tuk52pkdvc')
2026-03-21T21:05:24Z WARNING bsky_collector_v2.job.index_feed_generators: listRecords failed repo=did:plc:tmg5iekhoooy2sqv2y4fpesp err=HttpError('InvalidRequest: Could not find repo: did:plc:tmg5iekhoooy2sqv2y4fpesp')
2026-03-21T21:05:29Z WARNING bsky_collector_v2.job.index_feed_generators: listRecords failed repo=did:plc:vxfd3tperzzarmgxvyrmagxg err=HttpError('InvalidRequest: Could not find repo: did:plc:vxfd3tperzzarmgxvyrmagxg')
2026-03-21T21:05:41Z WARNING bsky_collector_v2.job.index_feed_generators: listRecords failed repo=did:plc:4n4sidcv42umbwy2odbxu6wn err=HttpError('InvalidRequest: Could not find repo: did:plc:4n4sidcv42umbwy2odbxu6wn')
2026-03-21T21:05:41Z WARNING bsky_collector_v2.job.index_feed_generators: listRecords failed repo=did:plc:4x23w3olykfrcst5wxbpy433 err=HttpError('InvalidRequest: Could not find repo: did:plc:4x23w3olykfrcst5wxbpy433')
2026-03-21T21:05:41Z WARNING bsky_collector_v2.job.index_feed_generators: listRecords failed repo=did:plc:533lamu2ugocxeksear4p3yt err=HttpError('InvalidRequest: Could not find repo: did:plc:533lamu2ugocxeksear4p3yt')
2026-03-21T21:05:41Z WARNING bsky_collector_v2.job.index_feed_generators: listRecords failed repo=did:plc:6vdco6jtz7qcab2xwoklcoqi err=HttpError('InvalidRequest: Could not find repo: did:plc:6vdco6jtz7qcab2xwoklcoqi')
2026-03-21T21:05:41Z WARNING bsky_collector_v2.job.index_feed_generators: listRecords failed repo=did:plc:6zjobvlrlyvi3wrkkft3prha err=HttpError('InvalidRequest: Could not find repo: did:plc:6zjobvlrlyvi3wrkkft3prha')
2026-03-21T21:05:41Z WARNING bsky_collector_v2.job.index_feed_generators: listRecords failed repo=did:plc:7bnh6hmi3mor5nwc7pv3kr4d err=HttpError('InvalidRequest: Could not find repo: did:plc:7bnh6hmi3mor5nwc7pv3kr4d')
2026-03-21T21:05:41Z WARNING bsky_collector_v2.job.index_feed_generators: listRecords failed repo=did:plc:dxfszibqw4xbqvhtw3sttbrq err=HttpError('InvalidRequest: Could not find repo: did:plc:dxfszibqw4xbqvhtw3sttbrq')
2026-03-21T21:05:42Z WARNING bsky_collector_v2.job.index_feed_generators: listRecords failed repo=did:plc:fulh3ir5b7re3nw3m2sqbv62 err=HttpError('InvalidRequest: Could not find repo: did:plc:fulh3ir5b7re3nw3m2sqbv62')
2026-03-21T21:05:42Z WARNING bsky_collector_v2.job.index_feed_generators: listRecords failed repo=did:plc:izxkptrf5y3nfslcngt63e2g err=HttpError('InvalidRequest: Could not find repo: did:plc:izxkptrf5y3nfslcngt63e2g')
2026-03-21T21:05:42Z WARNING bsky_collector_v2.job.index_feed_generators: listRecords failed repo=did:plc:n3cxwdfocikhuxdljt2qhhyj err=HttpError('InvalidRequest: Could not find repo: did:plc:n3cxwdfocikhuxdljt2qhhyj')
2026-03-21T21:05:42Z WARNING bsky_collector_v2.job.index_feed_generators: listRecords failed repo=did:plc:nfb4lsfjxwsb2yh656turadk err=HttpError('InvalidRequest: Could not find repo: did:plc:nfb4lsfjxwsb2yh656turadk')
2026-03-21T21:05:42Z WARNING bsky_collector_v2.job.index_feed_generators: listRecords failed repo=did:plc:sdn72htd63pas2tuk52pkdvc err=HttpError('InvalidRequest: Could not find repo: did:plc:sdn72htd63pas2tuk52pkdvc')
2026-03-21T21:05:42Z WARNING bsky_collector_v2.job.index_feed_generators: listRecords failed repo=did:plc:tmg5iekhoooy2sqv2y4fpesp err=HttpError('InvalidRequest: Could not find repo: did:plc:tmg5iekhoooy2sqv2y4fpesp')
2026-03-21T21:05:42Z WARNING bsky_collector_v2.job.index_feed_generators: listRecords failed repo=did:plc:vxfd3tperzzarmgxvyrmagxg err=HttpError('InvalidRequest: Could not find repo: did:plc:vxfd3tperzzarmgxvyrmagxg')
2026-03-21T21:05:42Z WARNING bsky_collector_v2.job.index_feed_generators: listRecords failed repo=did:plc:4n4sidcv42umbwy2odbxu6wn err=HttpError('InvalidRequest: Could not find repo: did:plc:4n4sidcv42umbwy2odbxu6wn')
2026-03-21T21:05:42Z WARNING bsky_collector_v2.job.index_feed_generators: listRecords failed repo=did:plc:4x23w3olykfrcst5wxbpy433 err=HttpError('InvalidRequest: Could not find repo: did:plc:4x23w3olykfrcst5wxbpy433')
2026-03-21T21:05:42Z WARNING bsky_collector_v2.job.index_feed_generators: listRecords failed repo=did:plc:533lamu2ugocxeksear4p3yt err=HttpError('InvalidRequest: Could not find repo: did:plc:533lamu2ugocxeksear4p3yt')
2026-03-21T21:05:42Z WARNING bsky_collector_v2.job.index_feed_generators: listRecords failed repo=did:plc:6vdco6jtz7qcab2xwoklcoqi err=HttpError('InvalidRequest: Could not find repo: did:plc:6vdco6jtz7qcab2xwoklcoqi')
2026-03-21T21:05:42Z WARNING bsky_collector_v2.job.index_feed_generators: listRecords failed repo=did:plc:6zjobvlrlyvi3wrkkft3prha err=HttpError('InvalidRequest: Could not find repo: did:plc:6zjobvlrlyvi3wrkkft3prha')
2026-03-21T21:05:42Z WARNING bsky_collector_v2.job.index_feed_generators: listRecords failed repo=did:plc:7bnh6hmi3mor5nwc7pv3kr4d err=HttpError('InvalidRequest: Could not find repo: did:plc:7bnh6hmi3mor5nwc7pv3kr4d')
2026-03-21T21:05:42Z WARNING bsky_collector_v2.job.index_feed_generators: listRecords failed repo=did:plc:dxfszibqw4xbqvhtw3sttbrq err=HttpError('InvalidRequest: Could not find repo: did:plc:dxfszibqw4xbqvhtw3sttbrq')
2026-03-21T21:05:42Z WARNING bsky_collector_v2.job.index_feed_generators: listRecords failed repo=did:plc:fulh3ir5b7re3nw3m2sqbv62 err=HttpError('InvalidRequest: Could not find repo: did:plc:fulh3ir5b7re3nw3m2sqbv62')
2026-03-21T21:05:42Z WARNING bsky_collector_v2.job.index_feed_generators: listRecords failed repo=did:plc:izxkptrf5y3nfslcngt63e2g err=HttpError('InvalidRequest: Could not find repo: did:plc:izxkptrf5y3nfslcngt63e2g')
2026-03-21T21:05:42Z WARNING bsky_collector_v2.job.index_feed_generators: listRecords failed repo=did:plc:n3cxwdfocikhuxdljt2qhhyj err=HttpError('InvalidRequest: Could not find repo: did:plc:n3cxwdfocikhuxdljt2qhhyj')
2026-03-21T21:05:42Z WARNING bsky_collector_v2.job.index_feed_generators: listRecords failed repo=did:plc:nfb4lsfjxwsb2yh656turadk err=HttpError('InvalidRequest: Could not find repo: did:plc:nfb4lsfjxwsb2yh656turadk')
2026-03-21T21:05:42Z WARNING bsky_collector_v2.job.index_feed_generators: listRecords failed repo=did:plc:sdn72htd63pas2tuk52pkdvc err=HttpError('InvalidRequest: Could not find repo: did:plc:sdn72htd63pas2tuk52pkdvc')
2026-03-21T21:05:43Z WARNING bsky_collector_v2.job.index_feed_generators: listRecords failed repo=did:plc:tmg5iekhoooy2sqv2y4fpesp err=HttpError('InvalidRequest: Could not find repo: did:plc:tmg5iekhoooy2sqv2y4fpesp')
2026-03-21T21:05:43Z WARNING bsky_collector_v2.job.index_feed_generators: listRecords failed repo=did:plc:vxfd3tperzzarmgxvyrmagxg err=HttpError('InvalidRequest: Could not find repo: did:plc:vxfd3tperzzarmgxvyrmagxg')
2026-03-21T21:05:43Z INFO bsky_collector_v2.job.index_feed_generators: enqueued repos page=22 mode=listRepos inserted=500 repos_returned=500 next_cursor=set
2026-03-21T21:05:48Z WARNING bsky_collector_v2.job.index_feed_generators: listRecords failed repo=did:plc:4asof5d5tvinbvoqt6yd25ew err=HttpError('InvalidRequest: Could not find repo: did:plc:4asof5d5tvinbvoqt6yd25ew')
2026-03-21T21:05:54Z WARNING bsky_collector_v2.job.index_feed_generators: listRecords failed repo=did:plc:7swb3rmzpmlw4qm47l23c4ya err=HttpError('InvalidRequest: Could not find repo: did:plc:7swb3rmzpmlw4qm47l23c4ya')
2026-03-21T21:06:16Z WARNING bsky_collector_v2.job.index_feed_generators: listRecords failed repo=did:plc:hovt5sof2vbf6o2lx7akkiws err=HttpError('InvalidRequest: Could not find repo: did:plc:hovt5sof2vbf6o2lx7akkiws')
2026-03-21T21:06:40Z WARNING bsky_collector_v2.job.index_feed_generators: listRecords failed repo=did:plc:mujlcxymwae54i4a27qxya4l err=HttpError('InvalidRequest: Could not find repo: did:plc:mujlcxymwae54i4a27qxya4l')
2026-03-21T21:06:55Z WARNING bsky_collector_v2.job.index_feed_generators: listRecords failed repo=did:plc:s7kmfdppg465sht6tkkz5psf err=HttpError('InvalidRequest: Could not find repo: did:plc:s7kmfdppg465sht6tkkz5psf')
2026-03-21T21:07:06Z WARNING bsky_collector_v2.job.index_feed_generators: listRecords failed repo=did:plc:upcjyjdt2luxw327o77nl7rt err=HttpError('InvalidRequest: Could not find repo: did:plc:upcjyjdt2luxw327o77nl7rt')
2026-03-21T21:07:28Z WARNING bsky_collector_v2.job.index_feed_generators: listRecords failed repo=did:plc:4asof5d5tvinbvoqt6yd25ew err=HttpError('InvalidRequest: Could not find repo: did:plc:4asof5d5tvinbvoqt6yd25ew')
2026-03-21T21:07:28Z WARNING bsky_collector_v2.job.index_feed_generators: listRecords failed repo=did:plc:7swb3rmzpmlw4qm47l23c4ya err=HttpError('InvalidRequest: Could not find repo: did:plc:7swb3rmzpmlw4qm47l23c4ya')
2026-03-21T21:07:28Z WARNING bsky_collector_v2.job.index_feed_generators: listRecords failed repo=did:plc:hovt5sof2vbf6o2lx7akkiws err=HttpError('InvalidRequest: Could not find repo: did:plc:hovt5sof2vbf6o2lx7akkiws')
2026-03-21T21:07:28Z WARNING bsky_collector_v2.job.index_feed_generators: listRecords failed repo=did:plc:mujlcxymwae54i4a27qxya4l err=HttpError('InvalidRequest: Could not find repo: did:plc:mujlcxymwae54i4a27qxya4l')
2026-03-21T21:07:28Z WARNING bsky_collector_v2.job.index_feed_generators: listRecords failed repo=did:plc:s7kmfdppg465sht6tkkz5psf err=HttpError('InvalidRequest: Could not find repo: did:plc:s7kmfdppg465sht6tkkz5psf')
2026-03-21T21:07:29Z WARNING bsky_collector_v2.job.index_feed_generators: listRecords failed repo=did:plc:upcjyjdt2luxw327o77nl7rt err=HttpError('InvalidRequest: Could not find repo: did:plc:upcjyjdt2luxw327o77nl7rt')
2026-03-21T21:07:29Z WARNING bsky_collector_v2.job.index_feed_generators: listRecords failed repo=did:plc:4asof5d5tvinbvoqt6yd25ew err=HttpError('InvalidRequest: Could not find repo: did:plc:4asof5d5tvinbvoqt6yd25ew')
2026-03-21T21:07:29Z WARNING bsky_collector_v2.job.index_feed_generators: listRecords failed repo=did:plc:7swb3rmzpmlw4qm47l23c4ya err=HttpError('InvalidRequest: Could not find repo: did:plc:7swb3rmzpmlw4qm47l23c4ya')
2026-03-21T21:07:29Z WARNING bsky_collector_v2.job.index_feed_generators: listRecords failed repo=did:plc:hovt5sof2vbf6o2lx7akkiws err=HttpError('InvalidRequest: Could not find repo: did:plc:hovt5sof2vbf6o2lx7akkiws')
2026-03-21T21:07:29Z WARNING bsky_collector_v2.job.index_feed_generators: listRecords failed repo=did:plc:mujlcxymwae54i4a27qxya4l err=HttpError('InvalidRequest: Could not find repo: did:plc:mujlcxymwae54i4a27qxya4l')
2026-03-21T21:07:29Z WARNING bsky_collector_v2.job.index_feed_generators: listRecords failed repo=did:plc:s7kmfdppg465sht6tkkz5psf err=HttpError('InvalidRequest: Could not find repo: did:plc:s7kmfdppg465sht6tkkz5psf')
2026-03-21T21:07:29Z WARNING bsky_collector_v2.job.index_feed_generators: listRecords failed repo=did:plc:upcjyjdt2luxw327o77nl7rt err=HttpError('InvalidRequest: Could not find repo: did:plc:upcjyjdt2luxw327o77nl7rt')
2026-03-21T21:07:30Z INFO bsky_collector_v2.job.index_feed_generators: enqueued repos page=23 mode=listRepos inserted=500 repos_returned=500 next_cursor=set
2026-03-21T21:07:40Z WARNING bsky_collector_v2.job.index_feed_generators: listRecords failed repo=did:plc:3z5lwgxyqlt5qlsc26cmj6ys err=HttpError('InvalidRequest: Could not find repo: did:plc:3z5lwgxyqlt5qlsc26cmj6ys')
2026-03-21T21:07:46Z WARNING bsky_collector_v2.job.index_feed_generators: listRecords failed repo=did:plc:4sebttfj3w5lpz72x3g2535q err=HttpError('InvalidRequest: Could not find repo: did:plc:4sebttfj3w5lpz72x3g2535q')
2026-03-21T21:08:16Z WARNING bsky_collector_v2.job.index_feed_generators: listRecords failed repo=did:plc:c52g7sz3gm5ou67q5ddfr2c6 err=HttpError('InvalidRequest: Could not find repo: did:plc:c52g7sz3gm5ou67q5ddfr2c6')
2026-03-21T21:08:20Z WARNING bsky_collector_v2.job.index_feed_generators: listRecords failed repo=did:plc:dbvhffxoti2e6mhlou3gc3oj err=HttpError('InvalidRequest: Could not find repo: did:plc:dbvhffxoti2e6mhlou3gc3oj')
2026-03-21T21:09:16Z WARNING bsky_collector_v2.job.index_feed_generators: listRecords failed repo=did:plc:vhdildrzy5g52hsze7pixbvr err=HttpError('InvalidRequest: Could not find repo: did:plc:vhdildrzy5g52hsze7pixbvr')
2026-03-21T21:09:25Z WARNING bsky_collector_v2.job.index_feed_generators: listRecords failed repo=did:plc:ypebbfhea4j5tonyl2cyurjk err=HttpError('InvalidRequest: Could not find repo: did:plc:ypebbfhea4j5tonyl2cyurjk')
2026-03-21T21:09:27Z WARNING bsky_collector_v2.job.index_feed_generators: listRecords failed repo=did:plc:3z5lwgxyqlt5qlsc26cmj6ys err=HttpError('InvalidRequest: Could not find repo: did:plc:3z5lwgxyqlt5qlsc26cmj6ys')
2026-03-21T21:09:27Z WARNING bsky_collector_v2.job.index_feed_generators: listRecords failed repo=did:plc:4sebttfj3w5lpz72x3g2535q err=HttpError('InvalidRequest: Could not find repo: did:plc:4sebttfj3w5lpz72x3g2535q')
2026-03-21T21:09:27Z WARNING bsky_collector_v2.job.index_feed_generators: listRecords failed repo=did:plc:c52g7sz3gm5ou67q5ddfr2c6 err=HttpError('InvalidRequest: Could not find repo: did:plc:c52g7sz3gm5ou67q5ddfr2c6')
2026-03-21T21:09:28Z WARNING bsky_collector_v2.job.index_feed_generators: listRecords failed repo=did:plc:dbvhffxoti2e6mhlou3gc3oj err=HttpError('InvalidRequest: Could not find repo: did:plc:dbvhffxoti2e6mhlou3gc3oj')
2026-03-21T21:09:28Z WARNING bsky_collector_v2.job.index_feed_generators: listRecords failed repo=did:plc:vhdildrzy5g52hsze7pixbvr err=HttpError('InvalidRequest: Could not find repo: did:plc:vhdildrzy5g52hsze7pixbvr')
2026-03-21T21:09:28Z WARNING bsky_collector_v2.job.index_feed_generators: listRecords failed repo=did:plc:ypebbfhea4j5tonyl2cyurjk err=HttpError('InvalidRequest: Could not find repo: did:plc:ypebbfhea4j5tonyl2cyurjk')
2026-03-21T21:09:28Z WARNING bsky_collector_v2.job.index_feed_generators: listRecords failed repo=did:plc:3z5lwgxyqlt5qlsc26cmj6ys err=HttpError('InvalidRequest: Could not find repo: did:plc:3z5lwgxyqlt5qlsc26cmj6ys')
2026-03-21T21:09:28Z WARNING bsky_collector_v2.job.index_feed_generators: listRecords failed repo=did:plc:4sebttfj3w5lpz72x3g2535q err=HttpError('InvalidRequest: Could not find repo: did:plc:4sebttfj3w5lpz72x3g2535q')
2026-03-21T21:09:28Z WARNING bsky_collector_v2.job.index_feed_generators: listRecords failed repo=did:plc:c52g7sz3gm5ou67q5ddfr2c6 err=HttpError('InvalidRequest: Could not find repo: did:plc:c52g7sz3gm5ou67q5ddfr2c6')
2026-03-21T21:09:28Z WARNING bsky_collector_v2.job.index_feed_generators: listRecords failed repo=did:plc:dbvhffxoti2e6mhlou3gc3oj err=HttpError('InvalidRequest: Could not find repo: did:plc:dbvhffxoti2e6mhlou3gc3oj')
2026-03-21T21:09:28Z WARNING bsky_collector_v2.job.index_feed_generators: listRecords failed repo=did:plc:vhdildrzy5g52hsze7pixbvr err=HttpError('InvalidRequest: Could not find repo: did:plc:vhdildrzy5g52hsze7pixbvr')
2026-03-21T21:09:28Z WARNING bsky_collector_v2.job.index_feed_generators: listRecords failed repo=did:plc:ypebbfhea4j5tonyl2cyurjk err=HttpError('InvalidRequest: Could not find repo: did:plc:ypebbfhea4j5tonyl2cyurjk')
2026-03-21T21:09:29Z INFO bsky_collector_v2.job.index_feed_generators: enqueued repos page=24 mode=listRepos inserted=500 repos_returned=500 next_cursor=set
2026-03-21T21:09:29Z WARNING bsky_collector_v2.job.index_feed_generators: listRecords failed repo=did:plc:26ajw53kfnaa4i2est5zg2it err=HttpError('InvalidRequest: Could not find repo: did:plc:26ajw53kfnaa4i2est5zg2it')
2026-03-21T21:09:59Z INFO bsky_collector_v2.job.index_feed_generators: indexed repo=did:plc:dncaudeqnajztv3gvjphtb3b part=205 records=1 next_cursor=set
2026-03-21T21:10:24Z WARNING bsky_collector_v2.job.index_feed_generators: listRecords failed repo=did:plc:n2nh7rl7465uam75t27yu5ch err=HttpError('InvalidRequest: Could not find repo: did:plc:n2nh7rl7465uam75t27yu5ch')
2026-03-21T21:10:59Z WARNING bsky_collector_v2.job.index_feed_generators: listRecords failed repo=did:plc:zzs2of535tf67gkew3ib7uyy err=HttpError('InvalidRequest: Could not find repo: did:plc:zzs2of535tf67gkew3ib7uyy')
2026-03-21T21:10:59Z WARNING bsky_collector_v2.job.index_feed_generators: listRecords failed repo=did:plc:26ajw53kfnaa4i2est5zg2it err=HttpError('InvalidRequest: Could not find repo: did:plc:26ajw53kfnaa4i2est5zg2it')
2026-03-21T21:10:59Z WARNING bsky_collector_v2.job.index_feed_generators: listRecords failed repo=did:plc:n2nh7rl7465uam75t27yu5ch err=HttpError('InvalidRequest: Could not find repo: did:plc:n2nh7rl7465uam75t27yu5ch')
2026-03-21T21:10:59Z WARNING bsky_collector_v2.job.index_feed_generators: listRecords failed repo=did:plc:zzs2of535tf67gkew3ib7uyy err=HttpError('InvalidRequest: Could not find repo: did:plc:zzs2of535tf67gkew3ib7uyy')
2026-03-21T21:10:59Z WARNING bsky_collector_v2.job.index_feed_generators: listRecords failed repo=did:plc:26ajw53kfnaa4i2est5zg2it err=HttpError('InvalidRequest: Could not find repo: did:plc:26ajw53kfnaa4i2est5zg2it')
2026-03-21T21:10:59Z WARNING bsky_collector_v2.job.index_feed_generators: listRecords failed repo=did:plc:n2nh7rl7465uam75t27yu5ch err=HttpError('InvalidRequest: Could not find repo: did:plc:n2nh7rl7465uam75t27yu5ch')
2026-03-21T21:10:59Z WARNING bsky_collector_v2.job.index_feed_generators: listRecords failed repo=did:plc:zzs2of535tf67gkew3ib7uyy err=HttpError('InvalidRequest: Could not find repo: did:plc:zzs2of535tf67gkew3ib7uyy')
2026-03-21T21:11:00Z INFO bsky_collector_v2.job.index_feed_generators: enqueued repos page=25 mode=listRepos inserted=500 repos_returned=500 next_cursor=set
2026-03-21T21:11:04Z WARNING bsky_collector_v2.job.index_feed_generators: listRecords failed repo=did:plc:37yrauxo4uoaq5sij7t2slxu err=HttpError('InvalidRequest: Could not find repo: did:plc:37yrauxo4uoaq5sij7t2slxu')
2026-03-21T21:11:08Z WARNING bsky_collector_v2.job.index_feed_generators: listRecords failed repo=did:plc:52vt5qdcvofrpyfgfgnc4e63 err=HttpError('InvalidRequest: Could not find repo: did:plc:52vt5qdcvofrpyfgfgnc4e63')
2026-03-21T21:11:14Z WARNING bsky_collector_v2.job.index_feed_generators: listRecords failed repo=did:plc:7f3sowyz4a7nkkhwfe6tghyg err=HttpError('InvalidRequest: Could not find repo: did:plc:7f3sowyz4a7nkkhwfe6tghyg')
2026-03-21T21:11:17Z WARNING bsky_collector_v2.job.index_feed_generators: listRecords failed repo=did:plc:7xlv42ebhvnolp7bbtz5r5jm err=HttpError('InvalidRequest: Could not find repo: did:plc:7xlv42ebhvnolp7bbtz5r5jm')
2026-03-21T21:11:22Z WARNING bsky_collector_v2.job.index_feed_generators: listRecords failed repo=did:plc:cattoutj45iylsssafrxc6f6 err=HttpError('InvalidRequest: Could not find repo: did:plc:cattoutj45iylsssafrxc6f6')
2026-03-21T21:11:31Z WARNING bsky_collector_v2.job.index_feed_generators: listRecords failed repo=did:plc:esu2mwfmvzebuz4cbtnnfrq7 err=HttpError('InvalidRequest: Could not find repo: did:plc:esu2mwfmvzebuz4cbtnnfrq7')
2026-03-21T21:11:37Z WARNING bsky_collector_v2.job.index_feed_generators: listRecords failed repo=did:plc:gg7bocwftxrsmtwphx3wisrr err=HttpError('InvalidRequest: Could not find repo: did:plc:gg7bocwftxrsmtwphx3wisrr')
2026-03-21T21:11:41Z WARNING bsky_collector_v2.job.index_feed_generators: listRecords failed repo=did:plc:ho5bjxcn3z5ytpa3qqp4ncoa err=HttpError('InvalidRequest: Could not find repo: did:plc:ho5bjxcn3z5ytpa3qqp4ncoa')
2026-03-21T21:11:42Z WARNING bsky_collector_v2.job.index_feed_generators: listRecords failed repo=did:plc:hvgzi36e7haqwxpo4ab6bjin err=HttpError('InvalidRequest: Could not find repo: did:plc:hvgzi36e7haqwxpo4ab6bjin')
2026-03-21T21:11:45Z WARNING bsky_collector_v2.job.index_feed_generators: listRecords failed repo=did:plc:jjmdr2khkgte6ihalscrxrkn err=HttpError('InvalidRequest: Could not find repo: did:plc:jjmdr2khkgte6ihalscrxrkn')
2026-03-21T21:11:53Z WARNING bsky_collector_v2.job.index_feed_generators: listRecords failed repo=did:plc:mp6ujesemysumzsodvduy56a err=HttpError('InvalidRequest: Could not find repo: did:plc:mp6ujesemysumzsodvduy56a')
2026-03-21T21:12:08Z WARNING bsky_collector_v2.job.index_feed_generators: listRecords failed repo=did:plc:qlbayfabtxsjgbsuetpkmklp err=HttpError('InvalidRequest: Could not find repo: did:plc:qlbayfabtxsjgbsuetpkmklp')
2026-03-21T21:12:09Z WARNING bsky_collector_v2.job.index_feed_generators: listRecords failed repo=did:plc:qodpgss75wo72aunz3e6f4x5 err=HttpError('InvalidRequest: Could not find repo: did:plc:qodpgss75wo72aunz3e6f4x5')
2026-03-21T21:12:17Z WARNING bsky_collector_v2.job.index_feed_generators: listRecords failed repo=did:plc:sm2akwnnmtm325o2ekjhwupk err=HttpError('InvalidRequest: Could not find repo: did:plc:sm2akwnnmtm325o2ekjhwupk')
2026-03-21T21:12:23Z WARNING bsky_collector_v2.job.index_feed_generators: listRecords failed repo=did:plc:ukn35h6f72tejpdcbcpxrt7n err=HttpError('InvalidRequest: Could not find repo: did:plc:ukn35h6f72tejpdcbcpxrt7n')
2026-03-21T21:12:23Z WARNING bsky_collector_v2.job.index_feed_generators: listRecords failed repo=did:plc:umwrppzo6mkou6u7637gjo4n err=HttpError('InvalidRequest: Could not find repo: did:plc:umwrppzo6mkou6u7637gjo4n')
2026-03-21T21:12:32Z WARNING bsky_collector_v2.job.index_feed_generators: listRecords failed repo=did:plc:xvrhw7qzdnnq2hkwns3j522x err=HttpError('InvalidRequest: Could not find repo: did:plc:xvrhw7qzdnnq2hkwns3j522x')
2026-03-21T21:12:33Z WARNING bsky_collector_v2.job.index_feed_generators: listRecords failed repo=did:plc:yicxa4xyvenbhppouxroizdq err=HttpError('InvalidRequest: Could not find repo: did:plc:yicxa4xyvenbhppouxroizdq')
2026-03-21T21:12:37Z WARNING bsky_collector_v2.job.index_feed_generators: listRecords failed repo=did:plc:37yrauxo4uoaq5sij7t2slxu err=HttpError('InvalidRequest: Could not find repo: did:plc:37yrauxo4uoaq5sij7t2slxu')
2026-03-21T21:12:37Z WARNING bsky_collector_v2.job.index_feed_generators: listRecords failed repo=did:plc:52vt5qdcvofrpyfgfgnc4e63 err=HttpError('InvalidRequest: Could not find repo: did:plc:52vt5qdcvofrpyfgfgnc4e63')
2026-03-21T21:12:37Z WARNING bsky_collector_v2.job.index_feed_generators: listRecords failed repo=did:plc:7f3sowyz4a7nkkhwfe6tghyg err=HttpError('InvalidRequest: Could not find repo: did:plc:7f3sowyz4a7nkkhwfe6tghyg')
2026-03-21T21:12:37Z WARNING bsky_collector_v2.job.index_feed_generators: listRecords failed repo=did:plc:7xlv42ebhvnolp7bbtz5r5jm err=HttpError('InvalidRequest: Could not find repo: did:plc:7xlv42ebhvnolp7bbtz5r5jm')
2026-03-21T21:12:37Z WARNING bsky_collector_v2.job.index_feed_generators: listRecords failed repo=did:plc:cattoutj45iylsssafrxc6f6 err=HttpError('InvalidRequest: Could not find repo: did:plc:cattoutj45iylsssafrxc6f6')
2026-03-21T21:12:37Z WARNING bsky_collector_v2.job.index_feed_generators: listRecords failed repo=did:plc:esu2mwfmvzebuz4cbtnnfrq7 err=HttpError('InvalidRequest: Could not find repo: did:plc:esu2mwfmvzebuz4cbtnnfrq7')
2026-03-21T21:12:37Z WARNING bsky_collector_v2.job.index_feed_generators: listRecords failed repo=did:plc:gg7bocwftxrsmtwphx3wisrr err=HttpError('InvalidRequest: Could not find repo: did:plc:gg7bocwftxrsmtwphx3wisrr')
2026-03-21T21:12:37Z WARNING bsky_collector_v2.job.index_feed_generators: listRecords failed repo=did:plc:ho5bjxcn3z5ytpa3qqp4ncoa err=HttpError('InvalidRequest: Could not find repo: did:plc:ho5bjxcn3z5ytpa3qqp4ncoa')
2026-03-21T21:12:37Z WARNING bsky_collector_v2.job.index_feed_generators: listRecords failed repo=did:plc:hvgzi36e7haqwxpo4ab6bjin err=HttpError('InvalidRequest: Could not find repo: did:plc:hvgzi36e7haqwxpo4ab6bjin')
2026-03-21T21:12:37Z WARNING bsky_collector_v2.job.index_feed_generators: listRecords failed repo=did:plc:jjmdr2khkgte6ihalscrxrkn err=HttpError('InvalidRequest: Could not find repo: did:plc:jjmdr2khkgte6ihalscrxrkn')
2026-03-21T21:12:37Z WARNING bsky_collector_v2.job.index_feed_generators: listRecords failed repo=did:plc:mp6ujesemysumzsodvduy56a err=HttpError('InvalidRequest: Could not find repo: did:plc:mp6ujesemysumzsodvduy56a')
2026-03-21T21:12:37Z WARNING bsky_collector_v2.job.index_feed_generators: listRecords failed repo=did:plc:qlbayfabtxsjgbsuetpkmklp err=HttpError('InvalidRequest: Could not find repo: did:plc:qlbayfabtxsjgbsuetpkmklp')
2026-03-21T21:12:37Z WARNING bsky_collector_v2.job.index_feed_generators: listRecords failed repo=did:plc:qodpgss75wo72aunz3e6f4x5 err=HttpError('InvalidRequest: Could not find repo: did:plc:qodpgss75wo72aunz3e6f4x5')
2026-03-21T21:12:37Z WARNING bsky_collector_v2.job.index_feed_generators: listRecords failed repo=did:plc:sm2akwnnmtm325o2ekjhwupk err=HttpError('InvalidRequest: Could not find repo: did:plc:sm2akwnnmtm325o2ekjhwupk')
2026-03-21T21:12:37Z WARNING bsky_collector_v2.job.index_feed_generators: listRecords failed repo=did:plc:ukn35h6f72tejpdcbcpxrt7n err=HttpError('InvalidRequest: Could not find repo: did:plc:ukn35h6f72tejpdcbcpxrt7n')
2026-03-21T21:12:37Z WARNING bsky_collector_v2.job.index_feed_generators: listRecords failed repo=did:plc:umwrppzo6mkou6u7637gjo4n err=HttpError('InvalidRequest: Could not find repo: did:plc:umwrppzo6mkou6u7637gjo4n')
2026-03-21T21:12:38Z WARNING bsky_collector_v2.job.index_feed_generators: listRecords failed repo=did:plc:xvrhw7qzdnnq2hkwns3j522x err=HttpError('InvalidRequest: Could not find repo: did:plc:xvrhw7qzdnnq2hkwns3j522x')
2026-03-21T21:12:38Z WARNING bsky_collector_v2.job.index_feed_generators: listRecords failed repo=did:plc:yicxa4xyvenbhppouxroizdq err=HttpError('InvalidRequest: Could not find repo: did:plc:yicxa4xyvenbhppouxroizdq')
2026-03-21T21:12:38Z WARNING bsky_collector_v2.job.index_feed_generators: listRecords failed repo=did:plc:37yrauxo4uoaq5sij7t2slxu err=HttpError('InvalidRequest: Could not find repo: did:plc:37yrauxo4uoaq5sij7t2slxu')
2026-03-21T21:12:38Z WARNING bsky_collector_v2.job.index_feed_generators: listRecords failed repo=did:plc:52vt5qdcvofrpyfgfgnc4e63 err=HttpError('InvalidRequest: Could not find repo: did:plc:52vt5qdcvofrpyfgfgnc4e63')
2026-03-21T21:12:38Z WARNING bsky_collector_v2.job.index_feed_generators: listRecords failed repo=did:plc:7f3sowyz4a7nkkhwfe6tghyg err=HttpError('InvalidRequest: Could not find repo: did:plc:7f3sowyz4a7nkkhwfe6tghyg')
2026-03-21T21:12:38Z WARNING bsky_collector_v2.job.index_feed_generators: listRecords failed repo=did:plc:7xlv42ebhvnolp7bbtz5r5jm err=HttpError('InvalidRequest: Could not find repo: did:plc:7xlv42ebhvnolp7bbtz5r5jm')
2026-03-21T21:12:38Z WARNING bsky_collector_v2.job.index_feed_generators: listRecords failed repo=did:plc:cattoutj45iylsssafrxc6f6 err=HttpError('InvalidRequest: Could not find repo: did:plc:cattoutj45iylsssafrxc6f6')
2026-03-21T21:12:38Z WARNING bsky_collector_v2.job.index_feed_generators: listRecords failed repo=did:plc:esu2mwfmvzebuz4cbtnnfrq7 err=HttpError('InvalidRequest: Could not find repo: did:plc:esu2mwfmvzebuz4cbtnnfrq7')
2026-03-21T21:12:38Z WARNING bsky_collector_v2.job.index_feed_generators: listRecords failed repo=did:plc:gg7bocwftxrsmtwphx3wisrr err=HttpError('InvalidRequest: Could not find repo: did:plc:gg7bocwftxrsmtwphx3wisrr')
2026-03-21T21:12:38Z WARNING bsky_collector_v2.job.index_feed_generators: listRecords failed repo=did:plc:ho5bjxcn3z5ytpa3qqp4ncoa err=HttpError('InvalidRequest: Could not find repo: did:plc:ho5bjxcn3z5ytpa3qqp4ncoa')
2026-03-21T21:12:38Z WARNING bsky_collector_v2.job.index_feed_generators: listRecords failed repo=did:plc:hvgzi36e7haqwxpo4ab6bjin err=HttpError('InvalidRequest: Could not find repo: did:plc:hvgzi36e7haqwxpo4ab6bjin')
2026-03-21T21:12:38Z WARNING bsky_collector_v2.job.index_feed_generators: listRecords failed repo=did:plc:jjmdr2khkgte6ihalscrxrkn err=HttpError('InvalidRequest: Could not find repo: did:plc:jjmdr2khkgte6ihalscrxrkn')
2026-03-21T21:12:38Z WARNING bsky_collector_v2.job.index_feed_generators: listRecords failed repo=did:plc:mp6ujesemysumzsodvduy56a err=HttpError('InvalidRequest: Could not find repo: did:plc:mp6ujesemysumzsodvduy56a')
2026-03-21T21:12:38Z WARNING bsky_collector_v2.job.index_feed_generators: listRecords failed repo=did:plc:qlbayfabtxsjgbsuetpkmklp err=HttpError('InvalidRequest: Could not find repo: did:plc:qlbayfabtxsjgbsuetpkmklp')
2026-03-21T21:12:38Z WARNING bsky_collector_v2.job.index_feed_generators: listRecords failed repo=did:plc:qodpgss75wo72aunz3e6f4x5 err=HttpError('InvalidRequest: Could not find repo: did:plc:qodpgss75wo72aunz3e6f4x5')
2026-03-21T21:12:38Z WARNING bsky_collector_v2.job.index_feed_generators: listRecords failed repo=did:plc:sm2akwnnmtm325o2ekjhwupk err=HttpError('InvalidRequest: Could not find repo: did:plc:sm2akwnnmtm325o2ekjhwupk')
2026-03-21T21:12:38Z WARNING bsky_collector_v2.job.index_feed_generators: listRecords failed repo=did:plc:ukn35h6f72tejpdcbcpxrt7n err=HttpError('InvalidRequest: Could not find repo: did:plc:ukn35h6f72tejpdcbcpxrt7n')
2026-03-21T21:12:38Z WARNING bsky_collector_v2.job.index_feed_generators: listRecords failed repo=did:plc:umwrppzo6mkou6u7637gjo4n err=HttpError('InvalidRequest: Could not find repo: did:plc:umwrppzo6mkou6u7637gjo4n')
2026-03-21T21:12:39Z WARNING bsky_collector_v2.job.index_feed_generators: listRecords failed repo=did:plc:xvrhw7qzdnnq2hkwns3j522x err=HttpError('InvalidRequest: Could not find repo: did:plc:xvrhw7qzdnnq2hkwns3j522x')
2026-03-21T21:12:39Z WARNING bsky_collector_v2.job.index_feed_generators: listRecords failed repo=did:plc:yicxa4xyvenbhppouxroizdq err=HttpError('InvalidRequest: Could not find repo: did:plc:yicxa4xyvenbhppouxroizdq')
2026-03-21T21:12:39Z INFO bsky_collector_v2.job.index_feed_generators: enqueued repos page=26 mode=listRepos inserted=500 repos_returned=500 next_cursor=set
2026-03-21T21:12:40Z WARNING bsky_collector_v2.job.index_feed_generators: listRecords failed repo=did:plc:27cfb7mr74l5w2xomuik3rij err=HttpError('InvalidRequest: Could not find repo: did:plc:27cfb7mr74l5w2xomuik3rij')
2026-03-21T21:12:42Z WARNING bsky_collector_v2.job.index_feed_generators: listRecords failed repo=did:plc:3mkbetv24emsqqkl7o4hoy5s err=HttpError('InvalidRequest: Could not find repo: did:plc:3mkbetv24emsqqkl7o4hoy5s')
2026-03-21T21:12:53Z WARNING bsky_collector_v2.job.index_feed_generators: listRecords failed repo=did:plc:ag3b2az7l2epbhwcha5uinu5 err=HttpError('InvalidRequest: Could not find repo: did:plc:ag3b2az7l2epbhwcha5uinu5')
2026-03-21T21:12:59Z WARNING bsky_collector_v2.job.index_feed_generators: listRecords failed repo=did:plc:cudwwkezjwxxwwwmodz3gae2 err=HttpError('InvalidRequest: Could not find repo: did:plc:cudwwkezjwxxwwwmodz3gae2')
2026-03-21T21:13:00Z WARNING bsky_collector_v2.job.index_feed_generators: listRecords failed repo=did:plc:cwvh4norq6rz5reuyi66g6cq err=HttpError('InvalidRequest: Could not find repo: did:plc:cwvh4norq6rz5reuyi66g6cq')
2026-03-21T21:13:04Z WARNING bsky_collector_v2.job.index_feed_generators: listRecords failed repo=did:plc:ef5uj6ftae42kbbjfbunbcup err=HttpError('InvalidRequest: Could not find repo: did:plc:ef5uj6ftae42kbbjfbunbcup')
2026-03-21T21:13:09Z WARNING bsky_collector_v2.job.index_feed_generators: listRecords failed repo=did:plc:g7foqmnnzhzchqunqqqz64oq err=HttpError('InvalidRequest: Could not find repo: did:plc:g7foqmnnzhzchqunqqqz64oq')
2026-03-21T21:13:18Z WARNING bsky_collector_v2.job.index_feed_generators: listRecords failed repo=did:plc:i57werc7jpseq54kbgbj7pot err=HttpError('InvalidRequest: Could not find repo: did:plc:i57werc7jpseq54kbgbj7pot')
2026-03-21T21:13:19Z WARNING bsky_collector_v2.job.index_feed_generators: listRecords failed repo=did:plc:jdpjc2g3jiyq7a2vps4wsm5g err=HttpError('InvalidRequest: Could not find repo: did:plc:jdpjc2g3jiyq7a2vps4wsm5g')
2026-03-21T21:13:24Z WARNING bsky_collector_v2.job.index_feed_generators: listRecords failed repo=did:plc:ko4ndtosr3oxpypnvmsvspgh err=HttpError('InvalidRequest: Could not find repo: did:plc:ko4ndtosr3oxpypnvmsvspgh')
2026-03-21T21:13:25Z WARNING bsky_collector_v2.job.index_feed_generators: listRecords failed repo=did:plc:l63osezedjcnwfaejtazverf err=HttpError('InvalidRequest: Could not find repo: did:plc:l63osezedjcnwfaejtazverf')
2026-03-21T21:13:34Z WARNING bsky_collector_v2.job.index_feed_generators: listRecords failed repo=did:plc:otplljen7zikw4uxxd26ncf7 err=HttpError('InvalidRequest: Could not find repo: did:plc:otplljen7zikw4uxxd26ncf7')
2026-03-21T21:13:42Z WARNING bsky_collector_v2.job.index_feed_generators: listRecords failed repo=did:plc:rpw24yccph2k6mdcwhbfaw7o err=HttpError('InvalidRequest: Could not find repo: did:plc:rpw24yccph2k6mdcwhbfaw7o')
2026-03-21T21:13:44Z WARNING bsky_collector_v2.job.index_feed_generators: listRecords failed repo=did:plc:sjjtuzfuh77yh5zbsdwyevp2 err=HttpError('InvalidRequest: Could not find repo: did:plc:sjjtuzfuh77yh5zbsdwyevp2')
2026-03-21T21:13:49Z WARNING bsky_collector_v2.job.index_feed_generators: listRecords failed repo=did:plc:um2tsbupnlhcxzq7je7uzylu err=HttpError('InvalidRequest: Could not find repo: did:plc:um2tsbupnlhcxzq7je7uzylu')
2026-03-21T21:13:52Z WARNING bsky_collector_v2.job.index_feed_generators: listRecords failed repo=did:plc:v7wfma6rg6gwcmqd34hi4nyq err=HttpError('InvalidRequest: Could not find repo: did:plc:v7wfma6rg6gwcmqd34hi4nyq')
2026-03-21T21:13:58Z WARNING bsky_collector_v2.job.index_feed_generators: listRecords failed repo=did:plc:xilacj3uswi5lb37y3wrun7j err=HttpError('InvalidRequest: Could not find repo: did:plc:xilacj3uswi5lb37y3wrun7j')
2026-03-21T21:14:00Z WARNING bsky_collector_v2.job.index_feed_generators: listRecords failed repo=did:plc:ybcyaubvkzy3xqnwkocxajuk err=HttpError('InvalidRequest: Could not find repo: did:plc:ybcyaubvkzy3xqnwkocxajuk')
2026-03-21T21:14:00Z WARNING bsky_collector_v2.job.index_feed_generators: listRecords failed repo=did:plc:ykji7o3odoq7u3nkxvdfrj6o err=HttpError('InvalidRequest: Could not find repo: did:plc:ykji7o3odoq7u3nkxvdfrj6o')
2026-03-21T21:14:02Z WARNING bsky_collector_v2.job.index_feed_generators: listRecords failed repo=did:plc:zd7ix4duv5bgvb4aj6tbx3jd err=HttpError('InvalidRequest: Could not find repo: did:plc:zd7ix4duv5bgvb4aj6tbx3jd')
2026-03-21T21:14:04Z WARNING bsky_collector_v2.job.index_feed_generators: listRecords failed repo=did:plc:zxq5yfbvm6loiokebf5hkw57 err=HttpError('InvalidRequest: Could not find repo: did:plc:zxq5yfbvm6loiokebf5hkw57')
2026-03-21T21:14:05Z WARNING bsky_collector_v2.job.index_feed_generators: listRecords failed repo=did:plc:zy6oev5y5ysbrwz2vlftkikf err=HttpError('InvalidRequest: Could not find repo: did:plc:zy6oev5y5ysbrwz2vlftkikf')
2026-03-21T21:14:05Z WARNING bsky_collector_v2.job.index_feed_generators: listRecords failed repo=did:plc:27cfb7mr74l5w2xomuik3rij err=HttpError('InvalidRequest: Could not find repo: did:plc:27cfb7mr74l5w2xomuik3rij')
2026-03-21T21:14:05Z WARNING bsky_collector_v2.job.index_feed_generators: listRecords failed repo=did:plc:3mkbetv24emsqqkl7o4hoy5s err=HttpError('InvalidRequest: Could not find repo: did:plc:3mkbetv24emsqqkl7o4hoy5s')
2026-03-21T21:14:05Z WARNING bsky_collector_v2.job.index_feed_generators: listRecords failed repo=did:plc:ag3b2az7l2epbhwcha5uinu5 err=HttpError('InvalidRequest: Could not find repo: did:plc:ag3b2az7l2epbhwcha5uinu5')
2026-03-21T21:14:05Z WARNING bsky_collector_v2.job.index_feed_generators: listRecords failed repo=did:plc:cudwwkezjwxxwwwmodz3gae2 err=HttpError('InvalidRequest: Could not find repo: did:plc:cudwwkezjwxxwwwmodz3gae2')
2026-03-21T21:14:05Z WARNING bsky_collector_v2.job.index_feed_generators: listRecords failed repo=did:plc:cwvh4norq6rz5reuyi66g6cq err=HttpError('InvalidRequest: Could not find repo: did:plc:cwvh4norq6rz5reuyi66g6cq')
2026-03-21T21:14:05Z WARNING bsky_collector_v2.job.index_feed_generators: listRecords failed repo=did:plc:ef5uj6ftae42kbbjfbunbcup err=HttpError('InvalidRequest: Could not find repo: did:plc:ef5uj6ftae42kbbjfbunbcup')
2026-03-21T21:14:05Z WARNING bsky_collector_v2.job.index_feed_generators: listRecords failed repo=did:plc:g7foqmnnzhzchqunqqqz64oq err=HttpError('InvalidRequest: Could not find repo: did:plc:g7foqmnnzhzchqunqqqz64oq')
2026-03-21T21:14:05Z WARNING bsky_collector_v2.job.index_feed_generators: listRecords failed repo=did:plc:i57werc7jpseq54kbgbj7pot err=HttpError('InvalidRequest: Could not find repo: did:plc:i57werc7jpseq54kbgbj7pot')
2026-03-21T21:14:05Z WARNING bsky_collector_v2.job.index_feed_generators: listRecords failed repo=did:plc:jdpjc2g3jiyq7a2vps4wsm5g err=HttpError('InvalidRequest: Could not find repo: did:plc:jdpjc2g3jiyq7a2vps4wsm5g')
2026-03-21T21:14:05Z WARNING bsky_collector_v2.job.index_feed_generators: listRecords failed repo=did:plc:ko4ndtosr3oxpypnvmsvspgh err=HttpError('InvalidRequest: Could not find repo: did:plc:ko4ndtosr3oxpypnvmsvspgh')
2026-03-21T21:14:05Z WARNING bsky_collector_v2.job.index_feed_generators: listRecords failed repo=did:plc:l63osezedjcnwfaejtazverf err=HttpError('InvalidRequest: Could not find repo: did:plc:l63osezedjcnwfaejtazverf')
2026-03-21T21:14:06Z WARNING bsky_collector_v2.job.index_feed_generators: listRecords failed repo=did:plc:otplljen7zikw4uxxd26ncf7 err=HttpError('InvalidRequest: Could not find repo: did:plc:otplljen7zikw4uxxd26ncf7')
2026-03-21T21:14:06Z WARNING bsky_collector_v2.job.index_feed_generators: listRecords failed repo=did:plc:rpw24yccph2k6mdcwhbfaw7o err=HttpError('InvalidRequest: Could not find repo: did:plc:rpw24yccph2k6mdcwhbfaw7o')
2026-03-21T21:14:06Z WARNING bsky_collector_v2.job.index_feed_generators: listRecords failed repo=did:plc:sjjtuzfuh77yh5zbsdwyevp2 err=HttpError('InvalidRequest: Could not find repo: did:plc:sjjtuzfuh77yh5zbsdwyevp2')
2026-03-21T21:14:06Z WARNING bsky_collector_v2.job.index_feed_generators: listRecords failed repo=did:plc:um2tsbupnlhcxzq7je7uzylu err=HttpError('InvalidRequest: Could not find repo: did:plc:um2tsbupnlhcxzq7je7uzylu')
2026-03-21T21:14:06Z WARNING bsky_collector_v2.job.index_feed_generators: listRecords failed repo=did:plc:v7wfma6rg6gwcmqd34hi4nyq err=HttpError('InvalidRequest: Could not find repo: did:plc:v7wfma6rg6gwcmqd34hi4nyq')
2026-03-21T21:14:06Z WARNING bsky_collector_v2.job.index_feed_generators: listRecords failed repo=did:plc:xilacj3uswi5lb37y3wrun7j err=HttpError('InvalidRequest: Could not find repo: did:plc:xilacj3uswi5lb37y3wrun7j')
2026-03-21T21:14:06Z WARNING bsky_collector_v2.job.index_feed_generators: listRecords failed repo=did:plc:ybcyaubvkzy3xqnwkocxajuk err=HttpError('InvalidRequest: Could not find repo: did:plc:ybcyaubvkzy3xqnwkocxajuk')
2026-03-21T21:14:06Z WARNING bsky_collector_v2.job.index_feed_generators: listRecords failed repo=did:plc:ykji7o3odoq7u3nkxvdfrj6o err=HttpError('InvalidRequest: Could not find repo: did:plc:ykji7o3odoq7u3nkxvdfrj6o')
2026-03-21T21:14:06Z WARNING bsky_collector_v2.job.index_feed_generators: listRecords failed repo=did:plc:zd7ix4duv5bgvb4aj6tbx3jd err=HttpError('InvalidRequest: Could not find repo: did:plc:zd7ix4duv5bgvb4aj6tbx3jd')
2026-03-21T21:14:06Z WARNING bsky_collector_v2.job.index_feed_generators: listRecords failed repo=did:plc:zxq5yfbvm6loiokebf5hkw57 err=HttpError('InvalidRequest: Could not find repo: did:plc:zxq5yfbvm6loiokebf5hkw57')
2026-03-21T21:14:06Z WARNING bsky_collector_v2.job.index_feed_generators: listRecords failed repo=did:plc:zy6oev5y5ysbrwz2vlftkikf err=HttpError('InvalidRequest: Could not find repo: did:plc:zy6oev5y5ysbrwz2vlftkikf')
2026-03-21T21:14:06Z WARNING bsky_collector_v2.job.index_feed_generators: listRecords failed repo=did:plc:27cfb7mr74l5w2xomuik3rij err=HttpError('InvalidRequest: Could not find repo: did:plc:27cfb7mr74l5w2xomuik3rij')
2026-03-21T21:14:06Z WARNING bsky_collector_v2.job.index_feed_generators: listRecords failed repo=did:plc:3mkbetv24emsqqkl7o4hoy5s err=HttpError('InvalidRequest: Could not find repo: did:plc:3mkbetv24emsqqkl7o4hoy5s')
2026-03-21T21:14:06Z WARNING bsky_collector_v2.job.index_feed_generators: listRecords failed repo=did:plc:ag3b2az7l2epbhwcha5uinu5 err=HttpError('InvalidRequest: Could not find repo: did:plc:ag3b2az7l2epbhwcha5uinu5')
2026-03-21T21:14:06Z WARNING bsky_collector_v2.job.index_feed_generators: listRecords failed repo=did:plc:cudwwkezjwxxwwwmodz3gae2 err=HttpError('InvalidRequest: Could not find repo: did:plc:cudwwkezjwxxwwwmodz3gae2')
2026-03-21T21:14:06Z WARNING bsky_collector_v2.job.index_feed_generators: listRecords failed repo=did:plc:cwvh4norq6rz5reuyi66g6cq err=HttpError('InvalidRequest: Could not find repo: did:plc:cwvh4norq6rz5reuyi66g6cq')
2026-03-21T21:14:06Z WARNING bsky_collector_v2.job.index_feed_generators: listRecords failed repo=did:plc:ef5uj6ftae42kbbjfbunbcup err=HttpError('InvalidRequest: Could not find repo: did:plc:ef5uj6ftae42kbbjfbunbcup')
2026-03-21T21:14:06Z WARNING bsky_collector_v2.job.index_feed_generators: listRecords failed repo=did:plc:g7foqmnnzhzchqunqqqz64oq err=HttpError('InvalidRequest: Could not find repo: did:plc:g7foqmnnzhzchqunqqqz64oq')
2026-03-21T21:14:07Z WARNING bsky_collector_v2.job.index_feed_generators: listRecords failed repo=did:plc:i57werc7jpseq54kbgbj7pot err=HttpError('InvalidRequest: Could not find repo: did:plc:i57werc7jpseq54kbgbj7pot')
2026-03-21T21:14:07Z WARNING bsky_collector_v2.job.index_feed_generators: listRecords failed repo=did:plc:jdpjc2g3jiyq7a2vps4wsm5g err=HttpError('InvalidRequest: Could not find repo: did:plc:jdpjc2g3jiyq7a2vps4wsm5g')
2026-03-21T21:14:07Z WARNING bsky_collector_v2.job.index_feed_generators: listRecords failed repo=did:plc:ko4ndtosr3oxpypnvmsvspgh err=HttpError('InvalidRequest: Could not find repo: did:plc:ko4ndtosr3oxpypnvmsvspgh')
2026-03-21T21:14:07Z WARNING bsky_collector_v2.job.index_feed_generators: listRecords failed repo=did:plc:l63osezedjcnwfaejtazverf err=HttpError('InvalidRequest: Could not find repo: did:plc:l63osezedjcnwfaejtazverf')
2026-03-21T21:14:07Z WARNING bsky_collector_v2.job.index_feed_generators: listRecords failed repo=did:plc:otplljen7zikw4uxxd26ncf7 err=HttpError('InvalidRequest: Could not find repo: did:plc:otplljen7zikw4uxxd26ncf7')
2026-03-21T21:14:07Z WARNING bsky_collector_v2.job.index_feed_generators: listRecords failed repo=did:plc:rpw24yccph2k6mdcwhbfaw7o err=HttpError('InvalidRequest: Could not find repo: did:plc:rpw24yccph2k6mdcwhbfaw7o')
2026-03-21T21:14:07Z WARNING bsky_collector_v2.job.index_feed_generators: listRecords failed repo=did:plc:sjjtuzfuh77yh5zbsdwyevp2 err=HttpError('InvalidRequest: Could not find repo: did:plc:sjjtuzfuh77yh5zbsdwyevp2')
2026-03-21T21:14:07Z WARNING bsky_collector_v2.job.index_feed_generators: listRecords failed repo=did:plc:um2tsbupnlhcxzq7je7uzylu err=HttpError('InvalidRequest: Could not find repo: did:plc:um2tsbupnlhcxzq7je7uzylu')
2026-03-21T21:14:07Z WARNING bsky_collector_v2.job.index_feed_generators: listRecords failed repo=did:plc:v7wfma6rg6gwcmqd34hi4nyq err=HttpError('InvalidRequest: Could not find repo: did:plc:v7wfma6rg6gwcmqd34hi4nyq')
2026-03-21T21:14:07Z WARNING bsky_collector_v2.job.index_feed_generators: listRecords failed repo=did:plc:xilacj3uswi5lb37y3wrun7j err=HttpError('InvalidRequest: Could not find repo: did:plc:xilacj3uswi5lb37y3wrun7j')
2026-03-21T21:14:07Z WARNING bsky_collector_v2.job.index_feed_generators: listRecords failed repo=did:plc:ybcyaubvkzy3xqnwkocxajuk err=HttpError('InvalidRequest: Could not find repo: did:plc:ybcyaubvkzy3xqnwkocxajuk')
2026-03-21T21:14:07Z WARNING bsky_collector_v2.job.index_feed_generators: listRecords failed repo=did:plc:ykji7o3odoq7u3nkxvdfrj6o err=HttpError('InvalidRequest: Could not find repo: did:plc:ykji7o3odoq7u3nkxvdfrj6o')
2026-03-21T21:14:07Z WARNING bsky_collector_v2.job.index_feed_generators: listRecords failed repo=did:plc:zd7ix4duv5bgvb4aj6tbx3jd err=HttpError('InvalidRequest: Could not find repo: did:plc:zd7ix4duv5bgvb4aj6tbx3jd')
2026-03-21T21:14:07Z WARNING bsky_collector_v2.job.index_feed_generators: listRecords failed repo=did:plc:zxq5yfbvm6loiokebf5hkw57 err=HttpError('InvalidRequest: Could not find repo: did:plc:zxq5yfbvm6loiokebf5hkw57')
2026-03-21T21:14:07Z WARNING bsky_collector_v2.job.index_feed_generators: listRecords failed repo=did:plc:zy6oev5y5ysbrwz2vlftkikf err=HttpError('InvalidRequest: Could not find repo: did:plc:zy6oev5y5ysbrwz2vlftkikf')
2026-03-21T21:14:08Z INFO bsky_collector_v2.job.index_feed_generators: enqueued repos page=27 mode=listRepos inserted=500 repos_returned=500 next_cursor=set
2026-03-21T21:14:09Z WARNING bsky_collector_v2.job.index_feed_generators: listRecords failed repo=did:plc:2kox5wpdg7qe2lia27q7dfhl err=HttpError('InvalidRequest: Could not find repo: did:plc:2kox5wpdg7qe2lia27q7dfhl')
2026-03-21T21:14:11Z WARNING bsky_collector_v2.job.index_feed_generators: listRecords failed repo=did:plc:36ubkovlvllhtpakwei3xlxn err=HttpError('InvalidRequest: Could not find repo: did:plc:36ubkovlvllhtpakwei3xlxn')
2026-03-21T21:14:22Z WARNING bsky_collector_v2.job.index_feed_generators: listRecords failed repo=did:plc:amfovtlbexjygkamugxklxuu err=HttpError('InvalidRequest: Could not find repo: did:plc:amfovtlbexjygkamugxklxuu')
2026-03-21T21:14:26Z WARNING bsky_collector_v2.job.index_feed_generators: listRecords failed repo=did:plc:c5i2f2x5xmn376pe5vuy3dk2 err=HttpError('InvalidRequest: Could not find repo: did:plc:c5i2f2x5xmn376pe5vuy3dk2')
2026-03-21T21:14:28Z WARNING bsky_collector_v2.job.index_feed_generators: listRecords failed repo=did:plc:d4un6z2sgz6j4lb44p5ybyce err=HttpError('InvalidRequest: Could not find repo: did:plc:d4un6z2sgz6j4lb44p5ybyce')
2026-03-21T21:14:29Z WARNING bsky_collector_v2.job.index_feed_generators: listRecords failed repo=did:plc:daifubjntibqwapedmh54egx err=HttpError('InvalidRequest: Could not find repo: did:plc:daifubjntibqwapedmh54egx')
2026-03-21T21:14:38Z WARNING bsky_collector_v2.job.index_feed_generators: listRecords failed repo=did:plc:fafp37mgmrdh6o27c56gkq5p err=HttpError('InvalidRequest: Could not find repo: did:plc:fafp37mgmrdh6o27c56gkq5p')
2026-03-21T21:14:46Z WARNING bsky_collector_v2.job.index_feed_generators: listRecords failed repo=did:plc:hlmd2ghfb3uiv6ss7mfmqwkw err=HttpError('InvalidRequest: Could not find repo: did:plc:hlmd2ghfb3uiv6ss7mfmqwkw')
2026-03-21T21:14:47Z WARNING bsky_collector_v2.job.index_feed_generators: listRecords failed repo=did:plc:hrinopfdc4gi65sdhqhtfxh7 err=HttpError('InvalidRequest: Could not find repo: did:plc:hrinopfdc4gi65sdhqhtfxh7')
2026-03-21T21:15:00Z WARNING bsky_collector_v2.job.index_feed_generators: listRecords failed repo=did:plc:n4xbtqc2suymjpig2h5k6pnz err=HttpError('InvalidRequest: Could not find repo: did:plc:n4xbtqc2suymjpig2h5k6pnz')
2026-03-21T21:15:03Z WARNING bsky_collector_v2.job.index_feed_generators: listRecords failed repo=did:plc:o6nu5h2y4djjkvghfkzi4zel err=HttpError('InvalidRequest: Could not find repo: did:plc:o6nu5h2y4djjkvghfkzi4zel')
2026-03-21T21:15:05Z WARNING bsky_collector_v2.job.index_feed_generators: listRecords failed repo=did:plc:ojceuy2ojnhxrdxb3z7bxnob err=HttpError('InvalidRequest: Could not find repo: did:plc:ojceuy2ojnhxrdxb3z7bxnob')
2026-03-21T21:15:06Z WARNING bsky_collector_v2.job.index_feed_generators: listRecords failed repo=did:plc:pggrvljwdeoprzmp2fkwfdvt err=HttpError('InvalidRequest: Could not find repo: did:plc:pggrvljwdeoprzmp2fkwfdvt')
2026-03-21T21:15:08Z WARNING bsky_collector_v2.job.index_feed_generators: listRecords failed repo=did:plc:q3pcuhdbotgk7yn2poaicdls err=HttpError('InvalidRequest: Could not find repo: did:plc:q3pcuhdbotgk7yn2poaicdls')
2026-03-21T21:15:10Z WARNING bsky_collector_v2.job.index_feed_generators: listRecords failed repo=did:plc:r2bfhsdbnubxaqblpbf6iehw err=HttpError('InvalidRequest: Could not find repo: did:plc:r2bfhsdbnubxaqblpbf6iehw')
2026-03-21T21:15:11Z WARNING bsky_collector_v2.job.index_feed_generators: listRecords failed repo=did:plc:rg5jvqrmmyf74iptopefsxth err=HttpError('InvalidRequest: Could not find repo: did:plc:rg5jvqrmmyf74iptopefsxth')
2026-03-21T21:15:12Z WARNING bsky_collector_v2.job.index_feed_generators: listRecords failed repo=did:plc:rnej67tztctg4vshrzxqjgk4 err=HttpError('InvalidRequest: Could not find repo: did:plc:rnej67tztctg4vshrzxqjgk4')
2026-03-21T21:15:19Z WARNING bsky_collector_v2.job.index_feed_generators: listRecords failed repo=did:plc:unhhweckok6ekaosjm2stfmv err=HttpError('InvalidRequest: Could not find repo: did:plc:unhhweckok6ekaosjm2stfmv')
2026-03-21T21:15:20Z WARNING bsky_collector_v2.job.index_feed_generators: listRecords failed repo=did:plc:uwigrxfycq4hp6sgchnpqihe err=HttpError('InvalidRequest: Could not find repo: did:plc:uwigrxfycq4hp6sgchnpqihe')
2026-03-21T21:15:23Z WARNING bsky_collector_v2.job.index_feed_generators: listRecords failed repo=did:plc:vq6xijsvblnau464zj4zvzod err=HttpError('InvalidRequest: Could not find repo: did:plc:vq6xijsvblnau464zj4zvzod')
2026-03-21T21:15:23Z WARNING bsky_collector_v2.job.index_feed_generators: listRecords failed repo=did:plc:vrywpynoe6h7ivdt3ban5ea4 err=HttpError('InvalidRequest: Could not find repo: did:plc:vrywpynoe6h7ivdt3ban5ea4')
2026-03-21T21:15:33Z WARNING bsky_collector_v2.job.index_feed_generators: listRecords failed repo=did:plc:xiqbdiefbg3ku3t45hpu75gw err=HttpError('InvalidRequest: Could not find repo: did:plc:xiqbdiefbg3ku3t45hpu75gw')
2026-03-21T21:15:40Z WARNING bsky_collector_v2.job.index_feed_generators: listRecords failed repo=did:plc:z5gtztetglb6cysj33y7j73i err=HttpError('InvalidRequest: Could not find repo: did:plc:z5gtztetglb6cysj33y7j73i')
2026-03-21T21:15:41Z WARNING bsky_collector_v2.job.index_feed_generators: listRecords failed repo=did:plc:zs4uagyqryep6nh6db3fyuz3 err=HttpError('InvalidRequest: Could not find repo: did:plc:zs4uagyqryep6nh6db3fyuz3')
2026-03-21T21:15:42Z WARNING bsky_collector_v2.job.index_feed_generators: listRecords failed repo=did:plc:2kox5wpdg7qe2lia27q7dfhl err=HttpError('InvalidRequest: Could not find repo: did:plc:2kox5wpdg7qe2lia27q7dfhl')
2026-03-21T21:15:42Z WARNING bsky_collector_v2.job.index_feed_generators: listRecords failed repo=did:plc:36ubkovlvllhtpakwei3xlxn err=HttpError('InvalidRequest: Could not find repo: did:plc:36ubkovlvllhtpakwei3xlxn')
2026-03-21T21:15:42Z WARNING bsky_collector_v2.job.index_feed_generators: listRecords failed repo=did:plc:amfovtlbexjygkamugxklxuu err=HttpError('InvalidRequest: Could not find repo: did:plc:amfovtlbexjygkamugxklxuu')
2026-03-21T21:15:42Z WARNING bsky_collector_v2.job.index_feed_generators: listRecords failed repo=did:plc:c5i2f2x5xmn376pe5vuy3dk2 err=HttpError('InvalidRequest: Could not find repo: did:plc:c5i2f2x5xmn376pe5vuy3dk2')
2026-03-21T21:15:42Z WARNING bsky_collector_v2.job.index_feed_generators: listRecords failed repo=did:plc:d4un6z2sgz6j4lb44p5ybyce err=HttpError('InvalidRequest: Could not find repo: did:plc:d4un6z2sgz6j4lb44p5ybyce')
2026-03-21T21:15:42Z WARNING bsky_collector_v2.job.index_feed_generators: listRecords failed repo=did:plc:daifubjntibqwapedmh54egx err=HttpError('InvalidRequest: Could not find repo: did:plc:daifubjntibqwapedmh54egx')
2026-03-21T21:15:43Z WARNING bsky_collector_v2.job.index_feed_generators: listRecords failed repo=did:plc:fafp37mgmrdh6o27c56gkq5p err=HttpError('InvalidRequest: Could not find repo: did:plc:fafp37mgmrdh6o27c56gkq5p')
2026-03-21T21:15:43Z WARNING bsky_collector_v2.job.index_feed_generators: listRecords failed repo=did:plc:hlmd2ghfb3uiv6ss7mfmqwkw err=HttpError('InvalidRequest: Could not find repo: did:plc:hlmd2ghfb3uiv6ss7mfmqwkw')
2026-03-21T21:15:43Z WARNING bsky_collector_v2.job.index_feed_generators: listRecords failed repo=did:plc:hrinopfdc4gi65sdhqhtfxh7 err=HttpError('InvalidRequest: Could not find repo: did:plc:hrinopfdc4gi65sdhqhtfxh7')
2026-03-21T21:15:43Z WARNING bsky_collector_v2.job.index_feed_generators: listRecords failed repo=did:plc:n4xbtqc2suymjpig2h5k6pnz err=HttpError('InvalidRequest: Could not find repo: did:plc:n4xbtqc2suymjpig2h5k6pnz')
2026-03-21T21:15:43Z WARNING bsky_collector_v2.job.index_feed_generators: listRecords failed repo=did:plc:o6nu5h2y4djjkvghfkzi4zel err=HttpError('InvalidRequest: Could not find repo: did:plc:o6nu5h2y4djjkvghfkzi4zel')
2026-03-21T21:15:43Z WARNING bsky_collector_v2.job.index_feed_generators: listRecords failed repo=did:plc:ojceuy2ojnhxrdxb3z7bxnob err=HttpError('InvalidRequest: Could not find repo: did:plc:ojceuy2ojnhxrdxb3z7bxnob')
2026-03-21T21:15:43Z WARNING bsky_collector_v2.job.index_feed_generators: listRecords failed repo=did:plc:pggrvljwdeoprzmp2fkwfdvt err=HttpError('InvalidRequest: Could not find repo: did:plc:pggrvljwdeoprzmp2fkwfdvt')
2026-03-21T21:15:43Z WARNING bsky_collector_v2.job.index_feed_generators: listRecords failed repo=did:plc:q3pcuhdbotgk7yn2poaicdls err=HttpError('InvalidRequest: Could not find repo: did:plc:q3pcuhdbotgk7yn2poaicdls')
2026-03-21T21:15:43Z WARNING bsky_collector_v2.job.index_feed_generators: listRecords failed repo=did:plc:r2bfhsdbnubxaqblpbf6iehw err=HttpError('InvalidRequest: Could not find repo: did:plc:r2bfhsdbnubxaqblpbf6iehw')
2026-03-21T21:15:44Z WARNING bsky_collector_v2.job.index_feed_generators: listRecords failed repo=did:plc:rg5jvqrmmyf74iptopefsxth err=HttpError('InvalidRequest: Could not find repo: did:plc:rg5jvqrmmyf74iptopefsxth')
2026-03-21T21:15:44Z WARNING bsky_collector_v2.job.index_feed_generators: listRecords failed repo=did:plc:rnej67tztctg4vshrzxqjgk4 err=HttpError('InvalidRequest: Could not find repo: did:plc:rnej67tztctg4vshrzxqjgk4')
2026-03-21T21:15:44Z WARNING bsky_collector_v2.job.index_feed_generators: listRecords failed repo=did:plc:unhhweckok6ekaosjm2stfmv err=HttpError('InvalidRequest: Could not find repo: did:plc:unhhweckok6ekaosjm2stfmv')
2026-03-21T21:15:44Z WARNING bsky_collector_v2.job.index_feed_generators: listRecords failed repo=did:plc:uwigrxfycq4hp6sgchnpqihe err=HttpError('InvalidRequest: Could not find repo: did:plc:uwigrxfycq4hp6sgchnpqihe')
2026-03-21T21:15:44Z WARNING bsky_collector_v2.job.index_feed_generators: listRecords failed repo=did:plc:vq6xijsvblnau464zj4zvzod err=HttpError('InvalidRequest: Could not find repo: did:plc:vq6xijsvblnau464zj4zvzod')
2026-03-21T21:15:44Z WARNING bsky_collector_v2.job.index_feed_generators: listRecords failed repo=did:plc:vrywpynoe6h7ivdt3ban5ea4 err=HttpError('InvalidRequest: Could not find repo: did:plc:vrywpynoe6h7ivdt3ban5ea4')
2026-03-21T21:15:44Z WARNING bsky_collector_v2.job.index_feed_generators: listRecords failed repo=did:plc:xiqbdiefbg3ku3t45hpu75gw err=HttpError('InvalidRequest: Could not find repo: did:plc:xiqbdiefbg3ku3t45hpu75gw')
2026-03-21T21:15:44Z WARNING bsky_collector_v2.job.index_feed_generators: listRecords failed repo=did:plc:z5gtztetglb6cysj33y7j73i err=HttpError('InvalidRequest: Could not find repo: did:plc:z5gtztetglb6cysj33y7j73i')
2026-03-21T21:15:44Z WARNING bsky_collector_v2.job.index_feed_generators: listRecords failed repo=did:plc:zs4uagyqryep6nh6db3fyuz3 err=HttpError('InvalidRequest: Could not find repo: did:plc:zs4uagyqryep6nh6db3fyuz3')
2026-03-21T21:15:44Z WARNING bsky_collector_v2.job.index_feed_generators: listRecords failed repo=did:plc:2kox5wpdg7qe2lia27q7dfhl err=HttpError('InvalidRequest: Could not find repo: did:plc:2kox5wpdg7qe2lia27q7dfhl')
2026-03-21T21:15:45Z WARNING bsky_collector_v2.job.index_feed_generators: listRecords failed repo=did:plc:36ubkovlvllhtpakwei3xlxn err=HttpError('InvalidRequest: Could not find repo: did:plc:36ubkovlvllhtpakwei3xlxn')
2026-03-21T21:15:45Z WARNING bsky_collector_v2.job.index_feed_generators: listRecords failed repo=did:plc:amfovtlbexjygkamugxklxuu err=HttpError('InvalidRequest: Could not find repo: did:plc:amfovtlbexjygkamugxklxuu')
2026-03-21T21:15:45Z WARNING bsky_collector_v2.job.index_feed_generators: listRecords failed repo=did:plc:c5i2f2x5xmn376pe5vuy3dk2 err=HttpError('InvalidRequest: Could not find repo: did:plc:c5i2f2x5xmn376pe5vuy3dk2')
2026-03-21T21:15:45Z WARNING bsky_collector_v2.job.index_feed_generators: listRecords failed repo=did:plc:d4un6z2sgz6j4lb44p5ybyce err=HttpError('InvalidRequest: Could not find repo: did:plc:d4un6z2sgz6j4lb44p5ybyce')
2026-03-21T21:15:45Z WARNING bsky_collector_v2.job.index_feed_generators: listRecords failed repo=did:plc:daifubjntibqwapedmh54egx err=HttpError('InvalidRequest: Could not find repo: did:plc:daifubjntibqwapedmh54egx')
2026-03-21T21:15:45Z WARNING bsky_collector_v2.job.index_feed_generators: listRecords failed repo=did:plc:fafp37mgmrdh6o27c56gkq5p err=HttpError('InvalidRequest: Could not find repo: did:plc:fafp37mgmrdh6o27c56gkq5p')
2026-03-21T21:15:45Z WARNING bsky_collector_v2.job.index_feed_generators: listRecords failed repo=did:plc:hlmd2ghfb3uiv6ss7mfmqwkw err=HttpError('InvalidRequest: Could not find repo: did:plc:hlmd2ghfb3uiv6ss7mfmqwkw')
2026-03-21T21:15:45Z WARNING bsky_collector_v2.job.index_feed_generators: listRecords failed repo=did:plc:hrinopfdc4gi65sdhqhtfxh7 err=HttpError('InvalidRequest: Could not find repo: did:plc:hrinopfdc4gi65sdhqhtfxh7')
2026-03-21T21:15:45Z WARNING bsky_collector_v2.job.index_feed_generators: listRecords failed repo=did:plc:n4xbtqc2suymjpig2h5k6pnz err=HttpError('InvalidRequest: Could not find repo: did:plc:n4xbtqc2suymjpig2h5k6pnz')
2026-03-21T21:15:45Z WARNING bsky_collector_v2.job.index_feed_generators: listRecords failed repo=did:plc:o6nu5h2y4djjkvghfkzi4zel err=HttpError('InvalidRequest: Could not find repo: did:plc:o6nu5h2y4djjkvghfkzi4zel')
2026-03-21T21:15:45Z WARNING bsky_collector_v2.job.index_feed_generators: listRecords failed repo=did:plc:ojceuy2ojnhxrdxb3z7bxnob err=HttpError('InvalidRequest: Could not find repo: did:plc:ojceuy2ojnhxrdxb3z7bxnob')
2026-03-21T21:15:46Z WARNING bsky_collector_v2.job.index_feed_generators: listRecords failed repo=did:plc:pggrvljwdeoprzmp2fkwfdvt err=HttpError('InvalidRequest: Could not find repo: did:plc:pggrvljwdeoprzmp2fkwfdvt')
2026-03-21T21:15:46Z WARNING bsky_collector_v2.job.index_feed_generators: listRecords failed repo=did:plc:q3pcuhdbotgk7yn2poaicdls err=HttpError('InvalidRequest: Could not find repo: did:plc:q3pcuhdbotgk7yn2poaicdls')
2026-03-21T21:15:46Z WARNING bsky_collector_v2.job.index_feed_generators: listRecords failed repo=did:plc:r2bfhsdbnubxaqblpbf6iehw err=HttpError('InvalidRequest: Could not find repo: did:plc:r2bfhsdbnubxaqblpbf6iehw')
2026-03-21T21:15:46Z WARNING bsky_collector_v2.job.index_feed_generators: listRecords failed repo=did:plc:rg5jvqrmmyf74iptopefsxth err=HttpError('InvalidRequest: Could not find repo: did:plc:rg5jvqrmmyf74iptopefsxth')
2026-03-21T21:15:46Z WARNING bsky_collector_v2.job.index_feed_generators: listRecords failed repo=did:plc:rnej67tztctg4vshrzxqjgk4 err=HttpError('InvalidRequest: Could not find repo: did:plc:rnej67tztctg4vshrzxqjgk4')
2026-03-21T21:15:46Z WARNING bsky_collector_v2.job.index_feed_generators: listRecords failed repo=did:plc:unhhweckok6ekaosjm2stfmv err=HttpError('InvalidRequest: Could not find repo: did:plc:unhhweckok6ekaosjm2stfmv')
2026-03-21T21:15:46Z WARNING bsky_collector_v2.job.index_feed_generators: listRecords failed repo=did:plc:uwigrxfycq4hp6sgchnpqihe err=HttpError('InvalidRequest: Could not find repo: did:plc:uwigrxfycq4hp6sgchnpqihe')
2026-03-21T21:15:46Z WARNING bsky_collector_v2.job.index_feed_generators: listRecords failed repo=did:plc:vq6xijsvblnau464zj4zvzod err=HttpError('InvalidRequest: Could not find repo: did:plc:vq6xijsvblnau464zj4zvzod')
2026-03-21T21:15:46Z WARNING bsky_collector_v2.job.index_feed_generators: listRecords failed repo=did:plc:vrywpynoe6h7ivdt3ban5ea4 err=HttpError('InvalidRequest: Could not find repo: did:plc:vrywpynoe6h7ivdt3ban5ea4')
2026-03-21T21:15:46Z WARNING bsky_collector_v2.job.index_feed_generators: listRecords failed repo=did:plc:xiqbdiefbg3ku3t45hpu75gw err=HttpError('InvalidRequest: Could not find repo: did:plc:xiqbdiefbg3ku3t45hpu75gw')
2026-03-21T21:15:46Z WARNING bsky_collector_v2.job.index_feed_generators: listRecords failed repo=did:plc:z5gtztetglb6cysj33y7j73i err=HttpError('InvalidRequest: Could not find repo: did:plc:z5gtztetglb6cysj33y7j73i')
2026-03-21T21:15:46Z WARNING bsky_collector_v2.job.index_feed_generators: listRecords failed repo=did:plc:zs4uagyqryep6nh6db3fyuz3 err=HttpError('InvalidRequest: Could not find repo: did:plc:zs4uagyqryep6nh6db3fyuz3')
2026-03-21T21:15:47Z INFO bsky_collector_v2.job.index_feed_generators: enqueued repos page=28 mode=listRepos inserted=500 repos_returned=500 next_cursor=set
2026-03-21T21:15:48Z WARNING bsky_collector_v2.job.index_feed_generators: listRecords failed repo=did:plc:2ey2tsgmrzku7jr2s445l4b7 err=HttpError('InvalidRequest: Could not find repo: did:plc:2ey2tsgmrzku7jr2s445l4b7')
2026-03-21T21:16:11Z WARNING bsky_collector_v2.job.index_feed_generators: listRecords failed repo=did:plc:cxuhpspc3imou235dsqgnppe err=HttpError('InvalidRequest: Could not find repo: did:plc:cxuhpspc3imou235dsqgnppe')
2026-03-21T21:16:24Z WARNING bsky_collector_v2.job.index_feed_generators: listRecords failed repo=did:plc:hruvh62e36vbokl46gktghja err=HttpError('InvalidRequest: Could not find repo: did:plc:hruvh62e36vbokl46gktghja')
2026-03-21T21:16:33Z WARNING bsky_collector_v2.job.index_feed_generators: listRecords failed repo=did:plc:ktsgd5lnamrsywu33ibh3e4v err=HttpError('InvalidRequest: Could not find repo: did:plc:ktsgd5lnamrsywu33ibh3e4v')
2026-03-21T21:16:39Z WARNING bsky_collector_v2.job.index_feed_generators: listRecords failed repo=did:plc:mlqdzd7y3gamrn2rxgowfxy3 err=HttpError('InvalidRequest: Could not find repo: did:plc:mlqdzd7y3gamrn2rxgowfxy3')
2026-03-21T21:16:42Z WARNING bsky_collector_v2.job.index_feed_generators: listRecords failed repo=did:plc:nozcyskbkrgwddo2k2j2aoht err=HttpError('InvalidRequest: Could not find repo: did:plc:nozcyskbkrgwddo2k2j2aoht')
2026-03-21T21:16:45Z WARNING bsky_collector_v2.job.index_feed_generators: listRecords failed repo=did:plc:ohqmncncdzdmo7xcofkuk7st err=HttpError('InvalidRequest: Could not find repo: did:plc:ohqmncncdzdmo7xcofkuk7st')
2026-03-21T21:16:50Z WARNING bsky_collector_v2.job.index_feed_generators: listRecords failed repo=did:plc:qmkymofpqos5dar43g4w7snh err=HttpError('InvalidRequest: Could not find repo: did:plc:qmkymofpqos5dar43g4w7snh')
2026-03-21T21:16:57Z WARNING bsky_collector_v2.job.index_feed_generators: listRecords failed repo=did:plc:teqv2lmcf3xq4t4e2dvaduxb err=HttpError('InvalidRequest: Could not find repo: did:plc:teqv2lmcf3xq4t4e2dvaduxb')
2026-03-21T21:16:58Z WARNING bsky_collector_v2.job.index_feed_generators: listRecords failed repo=did:plc:tnoyr6dbm4tbersgxtfpvc5t err=HttpError('InvalidRequest: Could not find repo: did:plc:tnoyr6dbm4tbersgxtfpvc5t')
2026-03-21T21:17:02Z WARNING bsky_collector_v2.job.index_feed_generators: listRecords failed repo=did:plc:vk5ew2tfpk4dy6jacmfsk2ny err=HttpError('InvalidRequest: Could not find repo: did:plc:vk5ew2tfpk4dy6jacmfsk2ny')
2026-03-21T21:17:11Z WARNING bsky_collector_v2.job.index_feed_generators: listRecords failed repo=did:plc:yc6pt4i37pu5j2t2vnmjbkoh err=HttpError('InvalidRequest: Could not find repo: did:plc:yc6pt4i37pu5j2t2vnmjbkoh')
2026-03-21T21:17:15Z WARNING bsky_collector_v2.job.index_feed_generators: listRecords failed repo=did:plc:2ey2tsgmrzku7jr2s445l4b7 err=HttpError('InvalidRequest: Could not find repo: did:plc:2ey2tsgmrzku7jr2s445l4b7')
2026-03-21T21:17:15Z WARNING bsky_collector_v2.job.index_feed_generators: listRecords failed repo=did:plc:cxuhpspc3imou235dsqgnppe err=HttpError('InvalidRequest: Could not find repo: did:plc:cxuhpspc3imou235dsqgnppe')
2026-03-21T21:17:15Z WARNING bsky_collector_v2.job.index_feed_generators: listRecords failed repo=did:plc:hruvh62e36vbokl46gktghja err=HttpError('InvalidRequest: Could not find repo: did:plc:hruvh62e36vbokl46gktghja')
2026-03-21T21:17:16Z WARNING bsky_collector_v2.job.index_feed_generators: listRecords failed repo=did:plc:ktsgd5lnamrsywu33ibh3e4v err=HttpError('InvalidRequest: Could not find repo: did:plc:ktsgd5lnamrsywu33ibh3e4v')
2026-03-21T21:17:16Z WARNING bsky_collector_v2.job.index_feed_generators: listRecords failed repo=did:plc:mlqdzd7y3gamrn2rxgowfxy3 err=HttpError('InvalidRequest: Could not find repo: did:plc:mlqdzd7y3gamrn2rxgowfxy3')
2026-03-21T21:17:16Z WARNING bsky_collector_v2.job.index_feed_generators: listRecords failed repo=did:plc:nozcyskbkrgwddo2k2j2aoht err=HttpError('InvalidRequest: Could not find repo: did:plc:nozcyskbkrgwddo2k2j2aoht')
2026-03-21T21:17:16Z WARNING bsky_collector_v2.job.index_feed_generators: listRecords failed repo=did:plc:ohqmncncdzdmo7xcofkuk7st err=HttpError('InvalidRequest: Could not find repo: did:plc:ohqmncncdzdmo7xcofkuk7st')
2026-03-21T21:17:16Z WARNING bsky_collector_v2.job.index_feed_generators: listRecords failed repo=did:plc:qmkymofpqos5dar43g4w7snh err=HttpError('InvalidRequest: Could not find repo: did:plc:qmkymofpqos5dar43g4w7snh')
2026-03-21T21:17:16Z WARNING bsky_collector_v2.job.index_feed_generators: listRecords failed repo=did:plc:teqv2lmcf3xq4t4e2dvaduxb err=HttpError('InvalidRequest: Could not find repo: did:plc:teqv2lmcf3xq4t4e2dvaduxb')
2026-03-21T21:17:16Z WARNING bsky_collector_v2.job.index_feed_generators: listRecords failed repo=did:plc:tnoyr6dbm4tbersgxtfpvc5t err=HttpError('InvalidRequest: Could not find repo: did:plc:tnoyr6dbm4tbersgxtfpvc5t')
2026-03-21T21:17:16Z WARNING bsky_collector_v2.job.index_feed_generators: listRecords failed repo=did:plc:vk5ew2tfpk4dy6jacmfsk2ny err=HttpError('InvalidRequest: Could not find repo: did:plc:vk5ew2tfpk4dy6jacmfsk2ny')
2026-03-21T21:17:16Z WARNING bsky_collector_v2.job.index_feed_generators: listRecords failed repo=did:plc:yc6pt4i37pu5j2t2vnmjbkoh err=HttpError('InvalidRequest: Could not find repo: did:plc:yc6pt4i37pu5j2t2vnmjbkoh')
2026-03-21T21:17:16Z WARNING bsky_collector_v2.job.index_feed_generators: listRecords failed repo=did:plc:2ey2tsgmrzku7jr2s445l4b7 err=HttpError('InvalidRequest: Could not find repo: did:plc:2ey2tsgmrzku7jr2s445l4b7')
2026-03-21T21:17:16Z WARNING bsky_collector_v2.job.index_feed_generators: listRecords failed repo=did:plc:cxuhpspc3imou235dsqgnppe err=HttpError('InvalidRequest: Could not find repo: did:plc:cxuhpspc3imou235dsqgnppe')
2026-03-21T21:17:16Z WARNING bsky_collector_v2.job.index_feed_generators: listRecords failed repo=did:plc:hruvh62e36vbokl46gktghja err=HttpError('InvalidRequest: Could not find repo: did:plc:hruvh62e36vbokl46gktghja')
2026-03-21T21:17:16Z WARNING bsky_collector_v2.job.index_feed_generators: listRecords failed repo=did:plc:ktsgd5lnamrsywu33ibh3e4v err=HttpError('InvalidRequest: Could not find repo: did:plc:ktsgd5lnamrsywu33ibh3e4v')
2026-03-21T21:17:16Z WARNING bsky_collector_v2.job.index_feed_generators: listRecords failed repo=did:plc:mlqdzd7y3gamrn2rxgowfxy3 err=HttpError('InvalidRequest: Could not find repo: did:plc:mlqdzd7y3gamrn2rxgowfxy3')
2026-03-21T21:17:16Z WARNING bsky_collector_v2.job.index_feed_generators: listRecords failed repo=did:plc:nozcyskbkrgwddo2k2j2aoht err=HttpError('InvalidRequest: Could not find repo: did:plc:nozcyskbkrgwddo2k2j2aoht')
2026-03-21T21:17:16Z WARNING bsky_collector_v2.job.index_feed_generators: listRecords failed repo=did:plc:ohqmncncdzdmo7xcofkuk7st err=HttpError('InvalidRequest: Could not find repo: did:plc:ohqmncncdzdmo7xcofkuk7st')
2026-03-21T21:17:16Z WARNING bsky_collector_v2.job.index_feed_generators: listRecords failed repo=did:plc:qmkymofpqos5dar43g4w7snh err=HttpError('InvalidRequest: Could not find repo: did:plc:qmkymofpqos5dar43g4w7snh')
2026-03-21T21:17:16Z WARNING bsky_collector_v2.job.index_feed_generators: listRecords failed repo=did:plc:teqv2lmcf3xq4t4e2dvaduxb err=HttpError('InvalidRequest: Could not find repo: did:plc:teqv2lmcf3xq4t4e2dvaduxb')
2026-03-21T21:17:16Z WARNING bsky_collector_v2.job.index_feed_generators: listRecords failed repo=did:plc:tnoyr6dbm4tbersgxtfpvc5t err=HttpError('InvalidRequest: Could not find repo: did:plc:tnoyr6dbm4tbersgxtfpvc5t')
2026-03-21T21:17:17Z WARNING bsky_collector_v2.job.index_feed_generators: listRecords failed repo=did:plc:vk5ew2tfpk4dy6jacmfsk2ny err=HttpError('InvalidRequest: Could not find repo: did:plc:vk5ew2tfpk4dy6jacmfsk2ny')
2026-03-21T21:17:17Z WARNING bsky_collector_v2.job.index_feed_generators: listRecords failed repo=did:plc:yc6pt4i37pu5j2t2vnmjbkoh err=HttpError('InvalidRequest: Could not find repo: did:plc:yc6pt4i37pu5j2t2vnmjbkoh')
2026-03-21T21:17:17Z INFO bsky_collector_v2.job.index_feed_generators: enqueued repos page=29 mode=listRepos inserted=500 repos_returned=500 next_cursor=set
2026-03-21T21:17:18Z WARNING bsky_collector_v2.job.index_feed_generators: listRecords failed repo=did:plc:2fgwtyqpds4lwoex5nix2yh4 err=HttpError('InvalidRequest: Could not find repo: did:plc:2fgwtyqpds4lwoex5nix2yh4')
2026-03-21T21:17:52Z WARNING bsky_collector_v2.job.index_feed_generators: listRecords failed repo=did:plc:csd7zkdn3np5ckwgmnzjyrmk err=HttpError('InvalidRequest: Could not find repo: did:plc:csd7zkdn3np5ckwgmnzjyrmk')
2026-03-21T21:17:59Z WARNING bsky_collector_v2.job.index_feed_generators: listRecords failed repo=did:plc:ffafwrkcz5rl5pkgyma2ouwp err=HttpError('InvalidRequest: Could not find repo: did:plc:ffafwrkcz5rl5pkgyma2ouwp')
2026-03-21T21:18:05Z WARNING bsky_collector_v2.job.index_feed_generators: listRecords failed repo=did:plc:hco4u2hcidtqezkzwufx33xs err=HttpError('InvalidRequest: Could not find repo: did:plc:hco4u2hcidtqezkzwufx33xs')
2026-03-21T21:18:07Z WARNING bsky_collector_v2.job.index_feed_generators: listRecords failed repo=did:plc:i5274bul65vez4difgdv5tmz err=HttpError('InvalidRequest: Could not find repo: did:plc:i5274bul65vez4difgdv5tmz')
2026-03-21T21:18:13Z INFO bsky_collector_v2.job.index_feed_generators: indexed repo=did:plc:k4b2kxj6ldbpj5nwzfgx7t5s part=206 records=1 next_cursor=set
2026-03-21T21:18:18Z WARNING bsky_collector_v2.job.index_feed_generators: listRecords failed repo=did:plc:lryyi7g3hduu6t2knaum5scw err=HttpError('InvalidRequest: Could not find repo: did:plc:lryyi7g3hduu6t2knaum5scw')
2026-03-21T21:18:22Z WARNING bsky_collector_v2.job.index_feed_generators: listRecords failed repo=did:plc:nrkyk3usmdhf6o4g25a45qk7 err=HttpError('InvalidRequest: Could not find repo: did:plc:nrkyk3usmdhf6o4g25a45qk7')
2026-03-21T21:18:26Z WARNING bsky_collector_v2.job.index_feed_generators: listRecords failed repo=did:plc:p6abtxwwo6dvcstckcv4kzmb err=HttpError('InvalidRequest: Could not find repo: did:plc:p6abtxwwo6dvcstckcv4kzmb')
2026-03-21T21:18:34Z WARNING bsky_collector_v2.job.index_feed_generators: listRecords failed repo=did:plc:rmjdog6hh6ctetwkihtewdiw err=HttpError('InvalidRequest: Could not find repo: did:plc:rmjdog6hh6ctetwkihtewdiw')
2026-03-21T21:18:43Z WARNING bsky_collector_v2.job.index_feed_generators: listRecords failed repo=did:plc:vj5354tf3p6atokbnyx7cwq3 err=HttpError('InvalidRequest: Could not find repo: did:plc:vj5354tf3p6atokbnyx7cwq3')
2026-03-21T21:18:55Z WARNING bsky_collector_v2.job.index_feed_generators: listRecords failed repo=did:plc:2fgwtyqpds4lwoex5nix2yh4 err=HttpError('InvalidRequest: Could not find repo: did:plc:2fgwtyqpds4lwoex5nix2yh4')
2026-03-21T21:18:55Z WARNING bsky_collector_v2.job.index_feed_generators: listRecords failed repo=did:plc:csd7zkdn3np5ckwgmnzjyrmk err=HttpError('InvalidRequest: Could not find repo: did:plc:csd7zkdn3np5ckwgmnzjyrmk')
2026-03-21T21:18:55Z WARNING bsky_collector_v2.job.index_feed_generators: listRecords failed repo=did:plc:ffafwrkcz5rl5pkgyma2ouwp err=HttpError('InvalidRequest: Could not find repo: did:plc:ffafwrkcz5rl5pkgyma2ouwp')
2026-03-21T21:18:55Z WARNING bsky_collector_v2.job.index_feed_generators: listRecords failed repo=did:plc:hco4u2hcidtqezkzwufx33xs err=HttpError('InvalidRequest: Could not find repo: did:plc:hco4u2hcidtqezkzwufx33xs')
2026-03-21T21:18:55Z WARNING bsky_collector_v2.job.index_feed_generators: listRecords failed repo=did:plc:i5274bul65vez4difgdv5tmz err=HttpError('InvalidRequest: Could not find repo: did:plc:i5274bul65vez4difgdv5tmz')
2026-03-21T21:18:55Z WARNING bsky_collector_v2.job.index_feed_generators: listRecords failed repo=did:plc:lryyi7g3hduu6t2knaum5scw err=HttpError('InvalidRequest: Could not find repo: did:plc:lryyi7g3hduu6t2knaum5scw')
2026-03-21T21:18:55Z WARNING bsky_collector_v2.job.index_feed_generators: listRecords failed repo=did:plc:nrkyk3usmdhf6o4g25a45qk7 err=HttpError('InvalidRequest: Could not find repo: did:plc:nrkyk3usmdhf6o4g25a45qk7')
2026-03-21T21:18:55Z WARNING bsky_collector_v2.job.index_feed_generators: listRecords failed repo=did:plc:p6abtxwwo6dvcstckcv4kzmb err=HttpError('InvalidRequest: Could not find repo: did:plc:p6abtxwwo6dvcstckcv4kzmb')
2026-03-21T21:18:55Z WARNING bsky_collector_v2.job.index_feed_generators: listRecords failed repo=did:plc:rmjdog6hh6ctetwkihtewdiw err=HttpError('InvalidRequest: Could not find repo: did:plc:rmjdog6hh6ctetwkihtewdiw')
2026-03-21T21:18:55Z WARNING bsky_collector_v2.job.index_feed_generators: listRecords failed repo=did:plc:vj5354tf3p6atokbnyx7cwq3 err=HttpError('InvalidRequest: Could not find repo: did:plc:vj5354tf3p6atokbnyx7cwq3')
2026-03-21T21:18:55Z WARNING bsky_collector_v2.job.index_feed_generators: listRecords failed repo=did:plc:2fgwtyqpds4lwoex5nix2yh4 err=HttpError('InvalidRequest: Could not find repo: did:plc:2fgwtyqpds4lwoex5nix2yh4')
2026-03-21T21:18:55Z WARNING bsky_collector_v2.job.index_feed_generators: listRecords failed repo=did:plc:csd7zkdn3np5ckwgmnzjyrmk err=HttpError('InvalidRequest: Could not find repo: did:plc:csd7zkdn3np5ckwgmnzjyrmk')
2026-03-21T21:18:55Z WARNING bsky_collector_v2.job.index_feed_generators: listRecords failed repo=did:plc:ffafwrkcz5rl5pkgyma2ouwp err=HttpError('InvalidRequest: Could not find repo: did:plc:ffafwrkcz5rl5pkgyma2ouwp')
2026-03-21T21:18:55Z WARNING bsky_collector_v2.job.index_feed_generators: listRecords failed repo=did:plc:hco4u2hcidtqezkzwufx33xs err=HttpError('InvalidRequest: Could not find repo: did:plc:hco4u2hcidtqezkzwufx33xs')
2026-03-21T21:18:56Z WARNING bsky_collector_v2.job.index_feed_generators: listRecords failed repo=did:plc:i5274bul65vez4difgdv5tmz err=HttpError('InvalidRequest: Could not find repo: did:plc:i5274bul65vez4difgdv5tmz')
2026-03-21T21:18:56Z WARNING bsky_collector_v2.job.index_feed_generators: listRecords failed repo=did:plc:lryyi7g3hduu6t2knaum5scw err=HttpError('InvalidRequest: Could not find repo: did:plc:lryyi7g3hduu6t2knaum5scw')
2026-03-21T21:18:56Z WARNING bsky_collector_v2.job.index_feed_generators: listRecords failed repo=did:plc:nrkyk3usmdhf6o4g25a45qk7 err=HttpError('InvalidRequest: Could not find repo: did:plc:nrkyk3usmdhf6o4g25a45qk7')
2026-03-21T21:18:56Z WARNING bsky_collector_v2.job.index_feed_generators: listRecords failed repo=did:plc:p6abtxwwo6dvcstckcv4kzmb err=HttpError('InvalidRequest: Could not find repo: did:plc:p6abtxwwo6dvcstckcv4kzmb')
2026-03-21T21:18:56Z WARNING bsky_collector_v2.job.index_feed_generators: listRecords failed repo=did:plc:rmjdog6hh6ctetwkihtewdiw err=HttpError('InvalidRequest: Could not find repo: did:plc:rmjdog6hh6ctetwkihtewdiw')
2026-03-21T21:18:56Z WARNING bsky_collector_v2.job.index_feed_generators: listRecords failed repo=did:plc:vj5354tf3p6atokbnyx7cwq3 err=HttpError('InvalidRequest: Could not find repo: did:plc:vj5354tf3p6atokbnyx7cwq3')
2026-03-21T21:18:56Z INFO bsky_collector_v2.job.index_feed_generators: enqueued repos page=30 mode=listRepos inserted=500 repos_returned=500 next_cursor=set
2026-03-21T21:19:13Z WARNING bsky_collector_v2.job.index_feed_generators: listRecords failed repo=did:plc:7544nc5mf7fbobf6fdbetmkx err=HttpError('InvalidRequest: Could not find repo: did:plc:7544nc5mf7fbobf6fdbetmkx')
2026-03-21T21:19:23Z WARNING bsky_collector_v2.job.index_feed_generators: listRecords failed repo=did:plc:dh6fhq4jn2jysx7h7pmzeolk err=HttpError('InvalidRequest: Could not find repo: did:plc:dh6fhq4jn2jysx7h7pmzeolk')
2026-03-21T21:19:29Z WARNING bsky_collector_v2.job.index_feed_generators: listRecords failed repo=did:plc:f4xxjda4w7coate5ak4vpghj err=HttpError('InvalidRequest: Could not find repo: did:plc:f4xxjda4w7coate5ak4vpghj')
2026-03-21T21:19:33Z WARNING bsky_collector_v2.job.index_feed_generators: listRecords failed repo=did:plc:gjyyfshy7oqjsgsjh5uro4ih err=HttpError('InvalidRequest: Could not find repo: did:plc:gjyyfshy7oqjsgsjh5uro4ih')
2026-03-21T21:19:33Z WARNING bsky_collector_v2.job.index_feed_generators: listRecords failed repo=did:plc:glnttbsxth7ci3ntnlxgyqnw err=HttpError('InvalidRequest: Could not find repo: did:plc:glnttbsxth7ci3ntnlxgyqnw')
2026-03-21T21:19:40Z WARNING bsky_collector_v2.job.index_feed_generators: listRecords failed repo=did:plc:iy6klg7efnbl3xwn6bmhdl2t err=HttpError('InvalidRequest: Could not find repo: did:plc:iy6klg7efnbl3xwn6bmhdl2t')
2026-03-21T21:19:52Z WARNING bsky_collector_v2.job.index_feed_generators: listRecords failed repo=did:plc:lmlspj2gfydgooazdsaw3mh3 err=HttpError('InvalidRequest: Could not find repo: did:plc:lmlspj2gfydgooazdsaw3mh3')
2026-03-21T21:20:10Z WARNING bsky_collector_v2.job.index_feed_generators: listRecords failed repo=did:plc:rswf4pkxvma6724c4n5eashj err=HttpError('InvalidRequest: Could not find repo: did:plc:rswf4pkxvma6724c4n5eashj')
2026-03-21T21:20:15Z WARNING bsky_collector_v2.job.index_feed_generators: listRecords failed repo=did:plc:tpamszupztlqtynzfv2z7vfh err=HttpError('InvalidRequest: Could not find repo: did:plc:tpamszupztlqtynzfv2z7vfh')
2026-03-21T21:20:16Z WARNING bsky_collector_v2.job.index_feed_generators: listRecords failed repo=did:plc:trmkc3zkips3viv75sz3lih5 err=HttpError('InvalidRequest: Could not find repo: did:plc:trmkc3zkips3viv75sz3lih5')
2026-03-21T21:20:29Z WARNING bsky_collector_v2.job.index_feed_generators: listRecords failed repo=did:plc:7544nc5mf7fbobf6fdbetmkx err=HttpError('InvalidRequest: Could not find repo: did:plc:7544nc5mf7fbobf6fdbetmkx')
2026-03-21T21:20:29Z WARNING bsky_collector_v2.job.index_feed_generators: listRecords failed repo=did:plc:dh6fhq4jn2jysx7h7pmzeolk err=HttpError('InvalidRequest: Could not find repo: did:plc:dh6fhq4jn2jysx7h7pmzeolk')
2026-03-21T21:20:29Z WARNING bsky_collector_v2.job.index_feed_generators: listRecords failed repo=did:plc:f4xxjda4w7coate5ak4vpghj err=HttpError('InvalidRequest: Could not find repo: did:plc:f4xxjda4w7coate5ak4vpghj')
2026-03-21T21:20:29Z WARNING bsky_collector_v2.job.index_feed_generators: listRecords failed repo=did:plc:gjyyfshy7oqjsgsjh5uro4ih err=HttpError('InvalidRequest: Could not find repo: did:plc:gjyyfshy7oqjsgsjh5uro4ih')
2026-03-21T21:20:29Z WARNING bsky_collector_v2.job.index_feed_generators: listRecords failed repo=did:plc:glnttbsxth7ci3ntnlxgyqnw err=HttpError('InvalidRequest: Could not find repo: did:plc:glnttbsxth7ci3ntnlxgyqnw')
2026-03-21T21:20:29Z WARNING bsky_collector_v2.job.index_feed_generators: listRecords failed repo=did:plc:iy6klg7efnbl3xwn6bmhdl2t err=HttpError('InvalidRequest: Could not find repo: did:plc:iy6klg7efnbl3xwn6bmhdl2t')
2026-03-21T21:20:29Z WARNING bsky_collector_v2.job.index_feed_generators: listRecords failed repo=did:plc:lmlspj2gfydgooazdsaw3mh3 err=HttpError('InvalidRequest: Could not find repo: did:plc:lmlspj2gfydgooazdsaw3mh3')
2026-03-21T21:20:29Z WARNING bsky_collector_v2.job.index_feed_generators: listRecords failed repo=did:plc:rswf4pkxvma6724c4n5eashj err=HttpError('InvalidRequest: Could not find repo: did:plc:rswf4pkxvma6724c4n5eashj')
2026-03-21T21:20:29Z WARNING bsky_collector_v2.job.index_feed_generators: listRecords failed repo=did:plc:tpamszupztlqtynzfv2z7vfh err=HttpError('InvalidRequest: Could not find repo: did:plc:tpamszupztlqtynzfv2z7vfh')
2026-03-21T21:20:29Z WARNING bsky_collector_v2.job.index_feed_generators: listRecords failed repo=did:plc:trmkc3zkips3viv75sz3lih5 err=HttpError('InvalidRequest: Could not find repo: did:plc:trmkc3zkips3viv75sz3lih5')
2026-03-21T21:20:29Z WARNING bsky_collector_v2.job.index_feed_generators: listRecords failed repo=did:plc:7544nc5mf7fbobf6fdbetmkx err=HttpError('InvalidRequest: Could not find repo: did:plc:7544nc5mf7fbobf6fdbetmkx')
2026-03-21T21:20:29Z WARNING bsky_collector_v2.job.index_feed_generators: listRecords failed repo=did:plc:dh6fhq4jn2jysx7h7pmzeolk err=HttpError('InvalidRequest: Could not find repo: did:plc:dh6fhq4jn2jysx7h7pmzeolk')
2026-03-21T21:20:29Z WARNING bsky_collector_v2.job.index_feed_generators: listRecords failed repo=did:plc:f4xxjda4w7coate5ak4vpghj err=HttpError('InvalidRequest: Could not find repo: did:plc:f4xxjda4w7coate5ak4vpghj')
2026-03-21T21:20:29Z WARNING bsky_collector_v2.job.index_feed_generators: listRecords failed repo=did:plc:gjyyfshy7oqjsgsjh5uro4ih err=HttpError('InvalidRequest: Could not find repo: did:plc:gjyyfshy7oqjsgsjh5uro4ih')
2026-03-21T21:20:29Z WARNING bsky_collector_v2.job.index_feed_generators: listRecords failed repo=did:plc:glnttbsxth7ci3ntnlxgyqnw err=HttpError('InvalidRequest: Could not find repo: did:plc:glnttbsxth7ci3ntnlxgyqnw')
2026-03-21T21:20:29Z WARNING bsky_collector_v2.job.index_feed_generators: listRecords failed repo=did:plc:iy6klg7efnbl3xwn6bmhdl2t err=HttpError('InvalidRequest: Could not find repo: did:plc:iy6klg7efnbl3xwn6bmhdl2t')
2026-03-21T21:20:30Z WARNING bsky_collector_v2.job.index_feed_generators: listRecords failed repo=did:plc:lmlspj2gfydgooazdsaw3mh3 err=HttpError('InvalidRequest: Could not find repo: did:plc:lmlspj2gfydgooazdsaw3mh3')
2026-03-21T21:20:30Z WARNING bsky_collector_v2.job.index_feed_generators: listRecords failed repo=did:plc:rswf4pkxvma6724c4n5eashj err=HttpError('InvalidRequest: Could not find repo: did:plc:rswf4pkxvma6724c4n5eashj')
2026-03-21T21:20:30Z WARNING bsky_collector_v2.job.index_feed_generators: listRecords failed repo=did:plc:tpamszupztlqtynzfv2z7vfh err=HttpError('InvalidRequest: Could not find repo: did:plc:tpamszupztlqtynzfv2z7vfh')
2026-03-21T21:20:30Z WARNING bsky_collector_v2.job.index_feed_generators: listRecords failed repo=did:plc:trmkc3zkips3viv75sz3lih5 err=HttpError('InvalidRequest: Could not find repo: did:plc:trmkc3zkips3viv75sz3lih5')
2026-03-21T21:20:30Z INFO bsky_collector_v2.job.index_feed_generators: enqueued repos page=31 mode=listRepos inserted=500 repos_returned=500 next_cursor=set
2026-03-21T21:20:36Z WARNING bsky_collector_v2.job.index_feed_generators: listRecords failed repo=did:plc:3dnvqjdcox5es7arbbzuhkcz err=HttpError('InvalidRequest: Could not find repo: did:plc:3dnvqjdcox5es7arbbzuhkcz')
2026-03-21T21:20:40Z WARNING bsky_collector_v2.job.index_feed_generators: listRecords failed repo=did:plc:3xckchrgrijsrsmlt5evmkvj err=HttpError('InvalidRequest: Could not find repo: did:plc:3xckchrgrijsrsmlt5evmkvj')
2026-03-21T21:20:44Z WARNING bsky_collector_v2.job.index_feed_generators: listRecords failed repo=did:plc:4upalzh6lsa5baiujmojhbi2 err=HttpError('InvalidRequest: Could not find repo: did:plc:4upalzh6lsa5baiujmojhbi2')
2026-03-21T21:21:09Z WARNING bsky_collector_v2.job.index_feed_generators: listRecords failed repo=did:plc:ezjutwatz2qaxkumcljrxz44 err=HttpError('InvalidRequest: Could not find repo: did:plc:ezjutwatz2qaxkumcljrxz44')
2026-03-21T21:21:25Z WARNING bsky_collector_v2.job.index_feed_generators: listRecords failed repo=did:plc:jvftvd5xluch65eyhneqkkxv err=HttpError('InvalidRequest: Could not find repo: did:plc:jvftvd5xluch65eyhneqkkxv')
2026-03-21T21:21:46Z INFO bsky_collector_v2.job.index_feed_generators: indexed repo=did:plc:rannn5naeh2vhkrvzjiadyxr part=207 records=1 next_cursor=set
2026-03-21T21:21:50Z WARNING bsky_collector_v2.job.index_feed_generators: listRecords failed repo=did:plc:t4ch43dad547r5pj7rg4pbjb err=HttpError('InvalidRequest: Could not find repo: did:plc:t4ch43dad547r5pj7rg4pbjb')
2026-03-21T21:21:51Z WARNING bsky_collector_v2.job.index_feed_generators: listRecords failed repo=did:plc:tbqi7e7b466dwq7wf6svyodi err=HttpError('InvalidRequest: Could not find repo: did:plc:tbqi7e7b466dwq7wf6svyodi')
2026-03-21T21:21:58Z WARNING bsky_collector_v2.job.index_feed_generators: listRecords failed repo=did:plc:uwmni6rpw73lrlzcw437bhdp err=HttpError('InvalidRequest: Could not find repo: did:plc:uwmni6rpw73lrlzcw437bhdp')
2026-03-21T21:22:19Z WARNING bsky_collector_v2.job.index_feed_generators: listRecords failed repo=did:plc:3dnvqjdcox5es7arbbzuhkcz err=HttpError('InvalidRequest: Could not find repo: did:plc:3dnvqjdcox5es7arbbzuhkcz')
2026-03-21T21:22:19Z WARNING bsky_collector_v2.job.index_feed_generators: listRecords failed repo=did:plc:3xckchrgrijsrsmlt5evmkvj err=HttpError('InvalidRequest: Could not find repo: did:plc:3xckchrgrijsrsmlt5evmkvj')
2026-03-21T21:22:19Z WARNING bsky_collector_v2.job.index_feed_generators: listRecords failed repo=did:plc:4upalzh6lsa5baiujmojhbi2 err=HttpError('InvalidRequest: Could not find repo: did:plc:4upalzh6lsa5baiujmojhbi2')
2026-03-21T21:22:19Z WARNING bsky_collector_v2.job.index_feed_generators: listRecords failed repo=did:plc:ezjutwatz2qaxkumcljrxz44 err=HttpError('InvalidRequest: Could not find repo: did:plc:ezjutwatz2qaxkumcljrxz44')
2026-03-21T21:22:19Z WARNING bsky_collector_v2.job.index_feed_generators: listRecords failed repo=did:plc:jvftvd5xluch65eyhneqkkxv err=HttpError('InvalidRequest: Could not find repo: did:plc:jvftvd5xluch65eyhneqkkxv')
2026-03-21T21:22:19Z WARNING bsky_collector_v2.job.index_feed_generators: listRecords failed repo=did:plc:t4ch43dad547r5pj7rg4pbjb err=HttpError('InvalidRequest: Could not find repo: did:plc:t4ch43dad547r5pj7rg4pbjb')
2026-03-21T21:22:19Z WARNING bsky_collector_v2.job.index_feed_generators: listRecords failed repo=did:plc:tbqi7e7b466dwq7wf6svyodi err=HttpError('InvalidRequest: Could not find repo: did:plc:tbqi7e7b466dwq7wf6svyodi')
2026-03-21T21:22:19Z WARNING bsky_collector_v2.job.index_feed_generators: listRecords failed repo=did:plc:uwmni6rpw73lrlzcw437bhdp err=HttpError('InvalidRequest: Could not find repo: did:plc:uwmni6rpw73lrlzcw437bhdp')
2026-03-21T21:22:20Z WARNING bsky_collector_v2.job.index_feed_generators: listRecords failed repo=did:plc:3dnvqjdcox5es7arbbzuhkcz err=HttpError('InvalidRequest: Could not find repo: did:plc:3dnvqjdcox5es7arbbzuhkcz')
2026-03-21T21:22:20Z WARNING bsky_collector_v2.job.index_feed_generators: listRecords failed repo=did:plc:3xckchrgrijsrsmlt5evmkvj err=HttpError('InvalidRequest: Could not find repo: did:plc:3xckchrgrijsrsmlt5evmkvj')
2026-03-21T21:22:20Z WARNING bsky_collector_v2.job.index_feed_generators: listRecords failed repo=did:plc:4upalzh6lsa5baiujmojhbi2 err=HttpError('InvalidRequest: Could not find repo: did:plc:4upalzh6lsa5baiujmojhbi2')
2026-03-21T21:22:20Z WARNING bsky_collector_v2.job.index_feed_generators: listRecords failed repo=did:plc:ezjutwatz2qaxkumcljrxz44 err=HttpError('InvalidRequest: Could not find repo: did:plc:ezjutwatz2qaxkumcljrxz44')
2026-03-21T21:22:20Z WARNING bsky_collector_v2.job.index_feed_generators: listRecords failed repo=did:plc:jvftvd5xluch65eyhneqkkxv err=HttpError('InvalidRequest: Could not find repo: did:plc:jvftvd5xluch65eyhneqkkxv')
2026-03-21T21:22:20Z WARNING bsky_collector_v2.job.index_feed_generators: listRecords failed repo=did:plc:t4ch43dad547r5pj7rg4pbjb err=HttpError('InvalidRequest: Could not find repo: did:plc:t4ch43dad547r5pj7rg4pbjb')
2026-03-21T21:22:20Z WARNING bsky_collector_v2.job.index_feed_generators: listRecords failed repo=did:plc:tbqi7e7b466dwq7wf6svyodi err=HttpError('InvalidRequest: Could not find repo: did:plc:tbqi7e7b466dwq7wf6svyodi')
2026-03-21T21:22:20Z WARNING bsky_collector_v2.job.index_feed_generators: listRecords failed repo=did:plc:uwmni6rpw73lrlzcw437bhdp err=HttpError('InvalidRequest: Could not find repo: did:plc:uwmni6rpw73lrlzcw437bhdp')
2026-03-21T21:22:21Z INFO bsky_collector_v2.job.index_feed_generators: enqueued repos page=32 mode=listRepos inserted=500 repos_returned=500 next_cursor=set
2026-03-21T21:22:22Z WARNING bsky_collector_v2.job.index_feed_generators: listRecords failed repo=did:plc:2lzy4rmgylm7ujnfffchete4 err=HttpError('InvalidRequest: Could not find repo: did:plc:2lzy4rmgylm7ujnfffchete4')
2026-03-21T21:22:48Z WARNING bsky_collector_v2.job.index_feed_generators: listRecords failed repo=did:plc:7wbgthqasobygmwzf5lvgrfj err=HttpError('InvalidRequest: Could not find repo: did:plc:7wbgthqasobygmwzf5lvgrfj')
2026-03-21T21:23:04Z WARNING bsky_collector_v2.job.index_feed_generators: listRecords failed repo=did:plc:facycrn7rnivcxyrkjn6ubi7 err=HttpError('InvalidRequest: Could not find repo: did:plc:facycrn7rnivcxyrkjn6ubi7')
2026-03-21T21:23:43Z WARNING bsky_collector_v2.job.index_feed_generators: listRecords failed repo=did:plc:rr5g54kmpnzsyqldeixrnmdz err=HttpError('InvalidRequest: Could not find repo: did:plc:rr5g54kmpnzsyqldeixrnmdz')
2026-03-21T21:23:46Z INFO bsky_collector_v2.job.index_feed_generators: indexed repo=did:plc:tnmcz6y6cclnvs5tkljhxrvx part=208 records=3 next_cursor=set
2026-03-21T21:23:48Z WARNING bsky_collector_v2.job.index_feed_generators: listRecords failed repo=did:plc:up2bf3b4vylqrccicajsan4f err=HttpError('InvalidRequest: Could not find repo: did:plc:up2bf3b4vylqrccicajsan4f')
2026-03-21T21:23:52Z WARNING bsky_collector_v2.job.index_feed_generators: listRecords failed repo=did:plc:wcvtelcmlikks2rkqonv6juz err=HttpError('InvalidRequest: Could not find repo: did:plc:wcvtelcmlikks2rkqonv6juz')
2026-03-21T21:23:59Z WARNING bsky_collector_v2.job.index_feed_generators: listRecords failed repo=did:plc:2lzy4rmgylm7ujnfffchete4 err=HttpError('InvalidRequest: Could not find repo: did:plc:2lzy4rmgylm7ujnfffchete4')
2026-03-21T21:23:59Z WARNING bsky_collector_v2.job.index_feed_generators: listRecords failed repo=did:plc:7wbgthqasobygmwzf5lvgrfj err=HttpError('InvalidRequest: Could not find repo: did:plc:7wbgthqasobygmwzf5lvgrfj')
2026-03-21T21:23:59Z WARNING bsky_collector_v2.job.index_feed_generators: listRecords failed repo=did:plc:facycrn7rnivcxyrkjn6ubi7 err=HttpError('InvalidRequest: Could not find repo: did:plc:facycrn7rnivcxyrkjn6ubi7')
2026-03-21T21:23:59Z WARNING bsky_collector_v2.job.index_feed_generators: listRecords failed repo=did:plc:rr5g54kmpnzsyqldeixrnmdz err=HttpError('InvalidRequest: Could not find repo: did:plc:rr5g54kmpnzsyqldeixrnmdz')
2026-03-21T21:23:59Z WARNING bsky_collector_v2.job.index_feed_generators: listRecords failed repo=did:plc:up2bf3b4vylqrccicajsan4f err=HttpError('InvalidRequest: Could not find repo: did:plc:up2bf3b4vylqrccicajsan4f')
2026-03-21T21:23:59Z WARNING bsky_collector_v2.job.index_feed_generators: listRecords failed repo=did:plc:wcvtelcmlikks2rkqonv6juz err=HttpError('InvalidRequest: Could not find repo: did:plc:wcvtelcmlikks2rkqonv6juz')
2026-03-21T21:23:59Z WARNING bsky_collector_v2.job.index_feed_generators: listRecords failed repo=did:plc:2lzy4rmgylm7ujnfffchete4 err=HttpError('InvalidRequest: Could not find repo: did:plc:2lzy4rmgylm7ujnfffchete4')
2026-03-21T21:23:59Z WARNING bsky_collector_v2.job.index_feed_generators: listRecords failed repo=did:plc:7wbgthqasobygmwzf5lvgrfj err=HttpError('InvalidRequest: Could not find repo: did:plc:7wbgthqasobygmwzf5lvgrfj')
2026-03-21T21:23:59Z WARNING bsky_collector_v2.job.index_feed_generators: listRecords failed repo=did:plc:facycrn7rnivcxyrkjn6ubi7 err=HttpError('InvalidRequest: Could not find repo: did:plc:facycrn7rnivcxyrkjn6ubi7')
2026-03-21T21:23:59Z WARNING bsky_collector_v2.job.index_feed_generators: listRecords failed repo=did:plc:rr5g54kmpnzsyqldeixrnmdz err=HttpError('InvalidRequest: Could not find repo: did:plc:rr5g54kmpnzsyqldeixrnmdz')
2026-03-21T21:23:59Z WARNING bsky_collector_v2.job.index_feed_generators: listRecords failed repo=did:plc:up2bf3b4vylqrccicajsan4f err=HttpError('InvalidRequest: Could not find repo: did:plc:up2bf3b4vylqrccicajsan4f')
2026-03-21T21:24:00Z WARNING bsky_collector_v2.job.index_feed_generators: listRecords failed repo=did:plc:wcvtelcmlikks2rkqonv6juz err=HttpError('InvalidRequest: Could not find repo: did:plc:wcvtelcmlikks2rkqonv6juz')
2026-03-21T21:24:00Z INFO bsky_collector_v2.job.index_feed_generators: enqueued repos page=33 mode=listRepos inserted=500 repos_returned=500 next_cursor=set
2026-03-21T21:24:03Z WARNING bsky_collector_v2.job.index_feed_generators: listRecords failed repo=did:plc:33rg6gzx7qfbhdv77xbrozto err=HttpError('InvalidRequest: Could not find repo: did:plc:33rg6gzx7qfbhdv77xbrozto')
2026-03-21T21:24:18Z WARNING bsky_collector_v2.job.index_feed_generators: listRecords failed repo=did:plc:bkq4y5y4pbd6wp6apvvhd32b err=HttpError('InvalidRequest: Could not find repo: did:plc:bkq4y5y4pbd6wp6apvvhd32b')
2026-03-21T21:24:21Z WARNING bsky_collector_v2.job.index_feed_generators: listRecords failed repo=did:plc:cjgzyh4ohufn4yle37nqwhps err=HttpError('InvalidRequest: Could not find repo: did:plc:cjgzyh4ohufn4yle37nqwhps')
2026-03-21T21:24:32Z WARNING bsky_collector_v2.job.index_feed_generators: listRecords failed repo=did:plc:golviearu343awwz4uzekpog err=HttpError('InvalidRequest: Could not find repo: did:plc:golviearu343awwz4uzekpog')
2026-03-21T21:24:58Z WARNING bsky_collector_v2.job.index_feed_generators: listRecords failed repo=did:plc:qfnmqtzfanvbc2tn3dizdtjy err=HttpError('InvalidRequest: Could not find repo: did:plc:qfnmqtzfanvbc2tn3dizdtjy')
2026-03-21T21:25:01Z WARNING bsky_collector_v2.job.index_feed_generators: listRecords failed repo=did:plc:ribpygyacpl73sf72ik6yo4w err=HttpError('InvalidRequest: Could not find repo: did:plc:ribpygyacpl73sf72ik6yo4w')
2026-03-21T21:25:07Z WARNING bsky_collector_v2.job.index_feed_generators: listRecords failed repo=did:plc:t5mknq7a5zcf2udngzsdfbpr err=HttpError('InvalidRequest: Could not find repo: did:plc:t5mknq7a5zcf2udngzsdfbpr')
2026-03-21T21:25:08Z WARNING bsky_collector_v2.job.index_feed_generators: listRecords failed repo=did:plc:tkktsfutlz22uqokju2ls342 err=HttpError('InvalidRequest: Could not find repo: did:plc:tkktsfutlz22uqokju2ls342')
2026-03-21T21:25:10Z WARNING bsky_collector_v2.job.index_feed_generators: listRecords failed repo=did:plc:tzgl4psqx4thbf3fzobdvvdg err=HttpError('InvalidRequest: Could not find repo: did:plc:tzgl4psqx4thbf3fzobdvvdg')
2026-03-21T21:25:15Z WARNING bsky_collector_v2.job.index_feed_generators: listRecords failed repo=did:plc:w3dnprmn7h6pvgsfu5nj743c err=HttpError('InvalidRequest: Could not find repo: did:plc:w3dnprmn7h6pvgsfu5nj743c')
2026-03-21T21:25:25Z WARNING bsky_collector_v2.job.index_feed_generators: listRecords failed repo=did:plc:33rg6gzx7qfbhdv77xbrozto err=HttpError('InvalidRequest: Could not find repo: did:plc:33rg6gzx7qfbhdv77xbrozto')
2026-03-21T21:25:25Z WARNING bsky_collector_v2.job.index_feed_generators: listRecords failed repo=did:plc:bkq4y5y4pbd6wp6apvvhd32b err=HttpError('InvalidRequest: Could not find repo: did:plc:bkq4y5y4pbd6wp6apvvhd32b')
2026-03-21T21:25:25Z WARNING bsky_collector_v2.job.index_feed_generators: listRecords failed repo=did:plc:cjgzyh4ohufn4yle37nqwhps err=HttpError('InvalidRequest: Could not find repo: did:plc:cjgzyh4ohufn4yle37nqwhps')
2026-03-21T21:25:25Z WARNING bsky_collector_v2.job.index_feed_generators: listRecords failed repo=did:plc:golviearu343awwz4uzekpog err=HttpError('InvalidRequest: Could not find repo: did:plc:golviearu343awwz4uzekpog')
2026-03-21T21:25:25Z WARNING bsky_collector_v2.job.index_feed_generators: listRecords failed repo=did:plc:qfnmqtzfanvbc2tn3dizdtjy err=HttpError('InvalidRequest: Could not find repo: did:plc:qfnmqtzfanvbc2tn3dizdtjy')
2026-03-21T21:25:25Z WARNING bsky_collector_v2.job.index_feed_generators: listRecords failed repo=did:plc:ribpygyacpl73sf72ik6yo4w err=HttpError('InvalidRequest: Could not find repo: did:plc:ribpygyacpl73sf72ik6yo4w')
2026-03-21T21:25:25Z WARNING bsky_collector_v2.job.index_feed_generators: listRecords failed repo=did:plc:t5mknq7a5zcf2udngzsdfbpr err=HttpError('InvalidRequest: Could not find repo: did:plc:t5mknq7a5zcf2udngzsdfbpr')
2026-03-21T21:25:25Z WARNING bsky_collector_v2.job.index_feed_generators: listRecords failed repo=did:plc:tkktsfutlz22uqokju2ls342 err=HttpError('InvalidRequest: Could not find repo: did:plc:tkktsfutlz22uqokju2ls342')
2026-03-21T21:25:25Z WARNING bsky_collector_v2.job.index_feed_generators: listRecords failed repo=did:plc:tzgl4psqx4thbf3fzobdvvdg err=HttpError('InvalidRequest: Could not find repo: did:plc:tzgl4psqx4thbf3fzobdvvdg')
2026-03-21T21:25:25Z WARNING bsky_collector_v2.job.index_feed_generators: listRecords failed repo=did:plc:w3dnprmn7h6pvgsfu5nj743c err=HttpError('InvalidRequest: Could not find repo: did:plc:w3dnprmn7h6pvgsfu5nj743c')
2026-03-21T21:25:25Z WARNING bsky_collector_v2.job.index_feed_generators: listRecords failed repo=did:plc:33rg6gzx7qfbhdv77xbrozto err=HttpError('InvalidRequest: Could not find repo: did:plc:33rg6gzx7qfbhdv77xbrozto')
2026-03-21T21:25:25Z WARNING bsky_collector_v2.job.index_feed_generators: listRecords failed repo=did:plc:bkq4y5y4pbd6wp6apvvhd32b err=HttpError('InvalidRequest: Could not find repo: did:plc:bkq4y5y4pbd6wp6apvvhd32b')
2026-03-21T21:25:25Z WARNING bsky_collector_v2.job.index_feed_generators: listRecords failed repo=did:plc:cjgzyh4ohufn4yle37nqwhps err=HttpError('InvalidRequest: Could not find repo: did:plc:cjgzyh4ohufn4yle37nqwhps')
2026-03-21T21:25:25Z WARNING bsky_collector_v2.job.index_feed_generators: listRecords failed repo=did:plc:golviearu343awwz4uzekpog err=HttpError('InvalidRequest: Could not find repo: did:plc:golviearu343awwz4uzekpog')
2026-03-21T21:25:25Z WARNING bsky_collector_v2.job.index_feed_generators: listRecords failed repo=did:plc:qfnmqtzfanvbc2tn3dizdtjy err=HttpError('InvalidRequest: Could not find repo: did:plc:qfnmqtzfanvbc2tn3dizdtjy')
2026-03-21T21:25:25Z WARNING bsky_collector_v2.job.index_feed_generators: listRecords failed repo=did:plc:ribpygyacpl73sf72ik6yo4w err=HttpError('InvalidRequest: Could not find repo: did:plc:ribpygyacpl73sf72ik6yo4w')
2026-03-21T21:25:26Z WARNING bsky_collector_v2.job.index_feed_generators: listRecords failed repo=did:plc:t5mknq7a5zcf2udngzsdfbpr err=HttpError('InvalidRequest: Could not find repo: did:plc:t5mknq7a5zcf2udngzsdfbpr')
2026-03-21T21:25:26Z WARNING bsky_collector_v2.job.index_feed_generators: listRecords failed repo=did:plc:tkktsfutlz22uqokju2ls342 err=HttpError('InvalidRequest: Could not find repo: did:plc:tkktsfutlz22uqokju2ls342')
2026-03-21T21:25:26Z WARNING bsky_collector_v2.job.index_feed_generators: listRecords failed repo=did:plc:tzgl4psqx4thbf3fzobdvvdg err=HttpError('InvalidRequest: Could not find repo: did:plc:tzgl4psqx4thbf3fzobdvvdg')
2026-03-21T21:25:26Z WARNING bsky_collector_v2.job.index_feed_generators: listRecords failed repo=did:plc:w3dnprmn7h6pvgsfu5nj743c err=HttpError('InvalidRequest: Could not find repo: did:plc:w3dnprmn7h6pvgsfu5nj743c')
2026-03-21T21:25:26Z INFO bsky_collector_v2.job.index_feed_generators: enqueued repos page=34 mode=listRepos inserted=500 repos_returned=500 next_cursor=set
2026-03-21T21:25:31Z WARNING bsky_collector_v2.job.index_feed_generators: listRecords failed repo=did:plc:3ytgypt7nu5hh7olvjgzrigo err=HttpError('InvalidRequest: Could not find repo: did:plc:3ytgypt7nu5hh7olvjgzrigo')
2026-03-21T21:25:50Z WARNING bsky_collector_v2.job.index_feed_generators: listRecords failed repo=did:plc:7tfm5gkri3gqnq6qy4ex2akw err=HttpError('InvalidRequest: Could not find repo: did:plc:7tfm5gkri3gqnq6qy4ex2akw')
2026-03-21T21:25:53Z WARNING bsky_collector_v2.job.index_feed_generators: listRecords failed repo=did:plc:ak3uvkmh6mnielxrprjpnmtz err=HttpError('InvalidRequest: Could not find repo: did:plc:ak3uvkmh6mnielxrprjpnmtz')
2026-03-21T21:25:53Z WARNING bsky_collector_v2.job.index_feed_generators: listRecords failed repo=did:plc:aquyelrakcywsq4qjwv4mb4m err=HttpError('InvalidRequest: Could not find repo: did:plc:aquyelrakcywsq4qjwv4mb4m')
2026-03-21T21:25:54Z INFO bsky_collector_v2.job.index_feed_generators: indexed repo=did:plc:arxgyffh6fndzx6kwkh3bz7i part=209 records=1 next_cursor=set
2026-03-21T21:26:08Z WARNING bsky_collector_v2.job.index_feed_generators: listRecords failed repo=did:plc:fuz5vpknnjkj6oxd543ual2x err=HttpError('InvalidRequest: Could not find repo: did:plc:fuz5vpknnjkj6oxd543ual2x')
2026-03-21T21:26:18Z WARNING bsky_collector_v2.job.index_feed_generators: listRecords failed repo=did:plc:jhwmr3ur4dextjt4xiwvgxwp err=HttpError('InvalidRequest: Could not find repo: did:plc:jhwmr3ur4dextjt4xiwvgxwp')
2026-03-21T21:26:20Z WARNING bsky_collector_v2.job.index_feed_generators: listRecords failed repo=did:plc:k53isr5au7limev3dgh7mcna err=HttpError('InvalidRequest: Could not find repo: did:plc:k53isr5au7limev3dgh7mcna')
2026-03-21T21:26:31Z WARNING bsky_collector_v2.job.index_feed_generators: listRecords failed repo=did:plc:o5z4avfxianwerbb6yhgpmt3 err=HttpError('InvalidRequest: Could not find repo: did:plc:o5z4avfxianwerbb6yhgpmt3')
2026-03-21T21:26:43Z WARNING bsky_collector_v2.job.index_feed_generators: listRecords failed repo=did:plc:sudstlqtuaxizrdahannkiyo err=HttpError('InvalidRequest: Could not find repo: did:plc:sudstlqtuaxizrdahannkiyo')
2026-03-21T21:26:47Z WARNING bsky_collector_v2.job.index_feed_generators: listRecords failed repo=did:plc:ujo74ovonvi42qexesdad32t err=HttpError('InvalidRequest: Could not find repo: did:plc:ujo74ovonvi42qexesdad32t')
2026-03-21T21:27:03Z WARNING bsky_collector_v2.job.index_feed_generators: listRecords failed repo=did:plc:3ytgypt7nu5hh7olvjgzrigo err=HttpError('InvalidRequest: Could not find repo: did:plc:3ytgypt7nu5hh7olvjgzrigo')
2026-03-21T21:27:03Z WARNING bsky_collector_v2.job.index_feed_generators: listRecords failed repo=did:plc:7tfm5gkri3gqnq6qy4ex2akw err=HttpError('InvalidRequest: Could not find repo: did:plc:7tfm5gkri3gqnq6qy4ex2akw')
2026-03-21T21:27:03Z WARNING bsky_collector_v2.job.index_feed_generators: listRecords failed repo=did:plc:ak3uvkmh6mnielxrprjpnmtz err=HttpError('InvalidRequest: Could not find repo: did:plc:ak3uvkmh6mnielxrprjpnmtz')
2026-03-21T21:27:03Z WARNING bsky_collector_v2.job.index_feed_generators: listRecords failed repo=did:plc:aquyelrakcywsq4qjwv4mb4m err=HttpError('InvalidRequest: Could not find repo: did:plc:aquyelrakcywsq4qjwv4mb4m')
2026-03-21T21:27:04Z WARNING bsky_collector_v2.job.index_feed_generators: listRecords failed repo=did:plc:fuz5vpknnjkj6oxd543ual2x err=HttpError('InvalidRequest: Could not find repo: did:plc:fuz5vpknnjkj6oxd543ual2x')
2026-03-21T21:27:04Z WARNING bsky_collector_v2.job.index_feed_generators: listRecords failed repo=did:plc:jhwmr3ur4dextjt4xiwvgxwp err=HttpError('InvalidRequest: Could not find repo: did:plc:jhwmr3ur4dextjt4xiwvgxwp')
2026-03-21T21:27:04Z WARNING bsky_collector_v2.job.index_feed_generators: listRecords failed repo=did:plc:k53isr5au7limev3dgh7mcna err=HttpError('InvalidRequest: Could not find repo: did:plc:k53isr5au7limev3dgh7mcna')
2026-03-21T21:27:04Z WARNING bsky_collector_v2.job.index_feed_generators: listRecords failed repo=did:plc:o5z4avfxianwerbb6yhgpmt3 err=HttpError('InvalidRequest: Could not find repo: did:plc:o5z4avfxianwerbb6yhgpmt3')
2026-03-21T21:27:04Z WARNING bsky_collector_v2.job.index_feed_generators: listRecords failed repo=did:plc:sudstlqtuaxizrdahannkiyo err=HttpError('InvalidRequest: Could not find repo: did:plc:sudstlqtuaxizrdahannkiyo')
2026-03-21T21:27:04Z WARNING bsky_collector_v2.job.index_feed_generators: listRecords failed repo=did:plc:ujo74ovonvi42qexesdad32t err=HttpError('InvalidRequest: Could not find repo: did:plc:ujo74ovonvi42qexesdad32t')
2026-03-21T21:27:04Z WARNING bsky_collector_v2.job.index_feed_generators: listRecords failed repo=did:plc:3ytgypt7nu5hh7olvjgzrigo err=HttpError('InvalidRequest: Could not find repo: did:plc:3ytgypt7nu5hh7olvjgzrigo')
2026-03-21T21:27:04Z WARNING bsky_collector_v2.job.index_feed_generators: listRecords failed repo=did:plc:7tfm5gkri3gqnq6qy4ex2akw err=HttpError('InvalidRequest: Could not find repo: did:plc:7tfm5gkri3gqnq6qy4ex2akw')
2026-03-21T21:27:04Z WARNING bsky_collector_v2.job.index_feed_generators: listRecords failed repo=did:plc:ak3uvkmh6mnielxrprjpnmtz err=HttpError('InvalidRequest: Could not find repo: did:plc:ak3uvkmh6mnielxrprjpnmtz')
2026-03-21T21:27:04Z WARNING bsky_collector_v2.job.index_feed_generators: listRecords failed repo=did:plc:aquyelrakcywsq4qjwv4mb4m err=HttpError('InvalidRequest: Could not find repo: did:plc:aquyelrakcywsq4qjwv4mb4m')
2026-03-21T21:27:04Z WARNING bsky_collector_v2.job.index_feed_generators: listRecords failed repo=did:plc:fuz5vpknnjkj6oxd543ual2x err=HttpError('InvalidRequest: Could not find repo: did:plc:fuz5vpknnjkj6oxd543ual2x')
2026-03-21T21:27:04Z WARNING bsky_collector_v2.job.index_feed_generators: listRecords failed repo=did:plc:jhwmr3ur4dextjt4xiwvgxwp err=HttpError('InvalidRequest: Could not find repo: did:plc:jhwmr3ur4dextjt4xiwvgxwp')
2026-03-21T21:27:04Z WARNING bsky_collector_v2.job.index_feed_generators: listRecords failed repo=did:plc:k53isr5au7limev3dgh7mcna err=HttpError('InvalidRequest: Could not find repo: did:plc:k53isr5au7limev3dgh7mcna')
2026-03-21T21:27:04Z WARNING bsky_collector_v2.job.index_feed_generators: listRecords failed repo=did:plc:o5z4avfxianwerbb6yhgpmt3 err=HttpError('InvalidRequest: Could not find repo: did:plc:o5z4avfxianwerbb6yhgpmt3')
2026-03-21T21:27:04Z WARNING bsky_collector_v2.job.index_feed_generators: listRecords failed repo=did:plc:sudstlqtuaxizrdahannkiyo err=HttpError('InvalidRequest: Could not find repo: did:plc:sudstlqtuaxizrdahannkiyo')
2026-03-21T21:27:04Z WARNING bsky_collector_v2.job.index_feed_generators: listRecords failed repo=did:plc:ujo74ovonvi42qexesdad32t err=HttpError('InvalidRequest: Could not find repo: did:plc:ujo74ovonvi42qexesdad32t')
2026-03-21T21:27:05Z INFO bsky_collector_v2.job.index_feed_generators: enqueued repos page=35 mode=listRepos inserted=500 repos_returned=500 next_cursor=set
