run_id,snapshot_hour_utc,captured_at_utc,viewer_mode,vantage_id,feed_uri,bucket,rank,post_uri,post_cid,author_did,author_handle,reason_type,reason_actor_did
e8a3d8ee3ef447c79b63dd49b78ce454,2026-02-22T08:00:00Z,2026-02-22T08:09:43Z,auth,auth_enUS_labelerexp,at://did:plc:2gx2noukxzwmj6dkxbmh3qt5/app.bsky.feed.generator/aaahcxau33dt4,suggested_labelerexp,1,at://did:plc:2gx2noukxzwmj6dkxbmh3qt5/app.bsky.feed.post/3k6y544xn6w2f,bafyreigclmrjo7o4xyerzxc6lttpd5jgz4jhsoiwyhjrseplx42ffvce5a,did:plc:2gx2noukxzwmj6dkxbmh3qt5,davis.social,,
e8a3d8ee3ef447c79b63dd49b78ce454,2026-02-22T08:00:00Z,2026-02-22T08:09:43Z,auth,auth_enUS_labelerexp,at://did:plc:2gx2noukxzwmj6dkxbmh3qt5/app.bsky.feed.generator/aaahcxau33dt4,suggested_labelerexp,2,at://did:plc:2gx2noukxzwmj6dkxbmh3qt5/app.bsky.feed.post/3k6y5543bah2i,bafyreigvnl2x2zumcs6zuj5yyfdocwmbmxashcji2wsow3jesfqx5s7anu,did:plc:2gx2noukxzwmj6dkxbmh3qt5,davis.social,,
e8a3d8ee3ef447c79b63dd49b78ce454,2026-02-22T08:00:00Z,2026-02-22T08:09:43Z,auth,auth_enUS_labelerexp,at://did:plc:2gx2noukxzwmj6dkxbmh3qt5/app.bsky.feed.generator/aaahcxau33dt4,suggested_labelerexp,3,at://did:plc:3cjdxth2gl5fh7jearuewu5u/app.bsky.feed.post/3mfdxfk2q7223,bafyreifavgijgbodwwyh4qjuc6n3lrkwzkr4j7r3humt2ov6zmo4dipppa,did:plc:3cjdxth2gl5fh7jearuewu5u,allycatboom666.bsky.social,,
e8a3d8ee3ef447c79b63dd49b78ce454,2026-02-22T08:00:00Z,2026-02-22T08:09:43Z,auth,auth_enUS_labelerexp,at://did:plc:2gx2noukxzwmj6dkxbmh3qt5/app.bsky.feed.generator/aaahcxau33dt4,suggested_labelerexp,4,at://did:plc:z7exu7ea7c3cnmek4odg5lzy/app.bsky.feed.post/3mfevdx3kkz23,bafyreib42yxjhruic4xxi52ld4fpbiqp4nlfvola5qvo2s62jep7i2ut5a,did:plc:z7exu7ea7c3cnmek4odg5lzy,chronomel.bsky.social,,
e8a3d8ee3ef447c79b63dd49b78ce454,2026-02-22T08:00:00Z,2026-02-22T08:09:43Z,auth,auth_enUS_labelerexp,at://did:plc:2gx2noukxzwmj6dkxbmh3qt5/app.bsky.feed.generator/aaahcxau33dt4,suggested_labelerexp,5,at://did:plc:f4zx575qb3ohtcxexwenz4lm/app.bsky.feed.post/3mf7ay6tlak2h,bafyreicol23v4yhoo56zlodb6evp7jda3eavi3kq3zsjwtphtpxk3u225m,did:plc:f4zx575qb3ohtcxexwenz4lm,kop3aimai.bsky.social,,
e8a3d8ee3ef447c79b63dd49b78ce454,2026-02-22T08:00:00Z,2026-02-22T08:09:43Z,auth,auth_enUS_labelerexp,at://did:plc:2gx2noukxzwmj6dkxbmh3qt5/app.bsky.feed.generator/aaahcxau33dt4,suggested_labelerexp,6,at://did:plc:xs6zv4t2wgl4ciece4byuf5y/app.bsky.feed.post/3mf7wyxcvjk2f,bafyreihcqzoccvqpel5mbu6iyamnqu2aeckyumptcwsiq5d4k53sw2v63q,did:plc:xs6zv4t2wgl4ciece4byuf5y,quizgames330.bsky.social,,
e8a3d8ee3ef447c79b63dd49b78ce454,2026-02-22T08:00:00Z,2026-02-22T08:09:43Z,auth,auth_enUS_labelerexp,at://did:plc:2gx2noukxzwmj6dkxbmh3qt5/app.bsky.feed.generator/aaahcxau33dt4,suggested_labelerexp,7,at://did:plc:lopp6wxj4of56tx2liiszsvs/app.bsky.feed.post/3mfdmxs7sxs24,bafyreih6hmepndvlinsv3fynidfmpbmpwidlm6b4rgxs56ftjvaaytj2ha,did:plc:lopp6wxj4of56tx2liiszsvs,indycinders.bsky.social,,
e8a3d8ee3ef447c79b63dd49b78ce454,2026-02-22T08:00:00Z,2026-02-22T08:09:43Z,auth,auth_enUS_labelerexp,at://did:plc:2gx2noukxzwmj6dkxbmh3qt5/app.bsky.feed.generator/aaahcxau33dt4,suggested_labelerexp,8,at://did:plc:ns5yuj5kxzffpwaewu5zucyi/app.bsky.feed.post/3mf75uldn722n,bafyreihgffcabr2tup5u2ovrv77mpw52coceesj6yrg6j74kfdpkhekade,did:plc:ns5yuj5kxzffpwaewu5zucyi,exspiritmental.bsky.social,,
e8a3d8ee3ef447c79b63dd49b78ce454,2026-02-22T08:00:00Z,2026-02-22T08:09:43Z,auth,auth_enUS_labelerexp,at://did:plc:2gx2noukxzwmj6dkxbmh3qt5/app.bsky.feed.generator/aaahcxau33dt4,suggested_labelerexp,9,at://did:plc:ihqj7c5ay7tk53bujyox62r7/app.bsky.feed.post/3mf7anouwqc2v,bafyreigxssn527esvwkkobzjtf224e3ya4khsg2e2hfal5dqq2gu4xpe5y,did:plc:ihqj7c5ay7tk53bujyox62r7,alexakaevilgreeny.bsky.social,,
e8a3d8ee3ef447c79b63dd49b78ce454,2026-02-22T08:00:00Z,2026-02-22T08:09:43Z,auth,auth_enUS_labelerexp,at://did:plc:2gx2noukxzwmj6dkxbmh3qt5/app.bsky.feed.generator/aaahcxau33dt4,suggested_labelerexp,10,at://did:plc:k2plhykrdcxqwi5hh7q426gr/app.bsky.feed.post/3mfec2lkwuc2t,bafyreiekcw3a5mgkyhx77cmbqtlqmhsbbc5ot3ygdp6fbedi4tkz4mllom,did:plc:k2plhykrdcxqwi5hh7q426gr,anka1987.bsky.social,,
e8a3d8ee3ef447c79b63dd49b78ce454,2026-02-22T08:00:00Z,2026-02-22T08:09:43Z,auth,auth_enUS_labelerexp,at://did:plc:2gx2noukxzwmj6dkxbmh3qt5/app.bsky.feed.generator/aaahcxau33dt4,suggested_labelerexp,11,at://did:plc:bnwy7sryylkbsb4skwoyxerm/app.bsky.feed.post/3mfbgtgqaoc22,bafyreicjddsrqte6agrzdf5lrk4bsccn2xo27wafyfnylur4vauosoxuhy,did:plc:bnwy7sryylkbsb4skwoyxerm,stickyoliveira.bsky.social,,
e8a3d8ee3ef447c79b63dd49b78ce454,2026-02-22T08:00:00Z,2026-02-22T08:09:43Z,auth,auth_enUS_labelerexp,at://did:plc:2gx2noukxzwmj6dkxbmh3qt5/app.bsky.feed.generator/aaahcxau33dt4,suggested_labelerexp,12,at://did:plc:si7gvzxlqsmvzy23qpff6wax/app.bsky.feed.post/3mfbz6uqbyk2b,bafyreig63zyg6pt5c5pgzzr6u6zbl4oaobghkonrhzyyjsujo6xcqlsi7q,did:plc:si7gvzxlqsmvzy23qpff6wax,blondytonite.bsky.social,,
e8a3d8ee3ef447c79b63dd49b78ce454,2026-02-22T08:00:00Z,2026-02-22T08:09:43Z,auth,auth_enUS_labelerexp,at://did:plc:2gx2noukxzwmj6dkxbmh3qt5/app.bsky.feed.generator/aaahcxau33dt4,suggested_labelerexp,13,at://did:plc:zoqvb6kxj2lbzrxrwycs4byn/app.bsky.feed.post/3mf7go265f22o,bafyreieqitwi7lhkqxfz2g4mlhshej3wcermkljxro3qgc53cqzbbumije,did:plc:zoqvb6kxj2lbzrxrwycs4byn,ninebat.bsky.social,,
e8a3d8ee3ef447c79b63dd49b78ce454,2026-02-22T08:00:00Z,2026-02-22T08:09:43Z,auth,auth_enUS_labelerexp,at://did:plc:2gx2noukxzwmj6dkxbmh3qt5/app.bsky.feed.generator/aaahcxau33dt4,suggested_labelerexp,14,at://did:plc:incjrl4srwtsmyeqziv52pmz/app.bsky.feed.post/3mfcnt3emsc2i,bafyreie2ffzabq54v365whg4wcxjbvusxbuhkha6inbhkemvtt5jf3xrwe,did:plc:incjrl4srwtsmyeqziv52pmz,tonybayer.bsky.social,,
e8a3d8ee3ef447c79b63dd49b78ce454,2026-02-22T08:00:00Z,2026-02-22T08:09:43Z,auth,auth_enUS_labelerexp,at://did:plc:2gx2noukxzwmj6dkxbmh3qt5/app.bsky.feed.generator/aaahcxau33dt4,suggested_labelerexp,15,at://did:plc:appgzb44bgcgwh7vkcrrdgxx/app.bsky.feed.post/3mfey7dh63c2i,bafyreieftx22c6fi4uuci6xieiozqmwho4ibwyyndcgfcsqgsxmuj7esbi,did:plc:appgzb44bgcgwh7vkcrrdgxx,sundewmcyt.bsky.social,,
e8a3d8ee3ef447c79b63dd49b78ce454,2026-02-22T08:00:00Z,2026-02-22T08:09:43Z,auth,auth_enUS_labelerexp,at://did:plc:2gx2noukxzwmj6dkxbmh3qt5/app.bsky.feed.generator/aaahcxau33dt4,suggested_labelerexp,16,at://did:plc:ce7gqaajo6wna55l34bl4fur/app.bsky.feed.post/3mffhb7kud22k,bafyreifxvusdliacc7y2rzjnodtrukh66f5ie6djw32gxmp32lwxvltlhi,did:plc:ce7gqaajo6wna55l34bl4fur,evil-owl-loki.bsky.social,,
e8a3d8ee3ef447c79b63dd49b78ce454,2026-02-22T08:00:00Z,2026-02-22T08:09:43Z,auth,auth_enUS_labelerexp,at://did:plc:2gx2noukxzwmj6dkxbmh3qt5/app.bsky.feed.generator/aaahcxau33dt4,suggested_labelerexp,17,at://did:plc:frxxk2emwdhhsyr56gid3dvp/app.bsky.feed.post/3mfaz2bvizk2g,bafyreicog3ys7hk634gievbo3oywd7uloqyhxumnvr2zz66bs6hqcooyge,did:plc:frxxk2emwdhhsyr56gid3dvp,roariescorner.bsky.social,,
e8a3d8ee3ef447c79b63dd49b78ce454,2026-02-22T08:00:00Z,2026-02-22T08:09:43Z,auth,auth_enUS_labelerexp,at://did:plc:2gx2noukxzwmj6dkxbmh3qt5/app.bsky.feed.generator/aaahcxau33dt4,suggested_labelerexp,18,at://did:plc:aqdxvubwvqwsby32mwpwpyoe/app.bsky.feed.post/3mfamkoniik2j,bafyreicg3x5s62llt6ek2akfutyz6ckszy4r3647papynna3tvtrpj6vle,did:plc:aqdxvubwvqwsby32mwpwpyoe,mismiz.bsky.social,,
e8a3d8ee3ef447c79b63dd49b78ce454,2026-02-22T08:00:00Z,2026-02-22T08:09:43Z,auth,auth_enUS_labelerexp,at://did:plc:2gx2noukxzwmj6dkxbmh3qt5/app.bsky.feed.generator/aaahcxau33dt4,suggested_labelerexp,19,at://did:plc:bwpmhncwjtwu7xxg7stihivz/app.bsky.feed.post/3mfeeysg6uk22,bafyreie657lz4xgkidqam2lbswlzcgf64xg3xwkw4hl2p4tsxz5ert2agm,did:plc:bwpmhncwjtwu7xxg7stihivz,aleksandrawojcik.bsky.social,,
e8a3d8ee3ef447c79b63dd49b78ce454,2026-02-22T08:00:00Z,2026-02-22T08:09:43Z,auth,auth_enUS_labelerexp,at://did:plc:2gx2noukxzwmj6dkxbmh3qt5/app.bsky.feed.generator/aaahcxau33dt4,suggested_labelerexp,20,at://did:plc:gwb53ir7dyghbgw4expwxbke/app.bsky.feed.post/3mfb4oa5unc26,bafyreibnu7frk7j3ixsi566szey5ljpcs2p25m74jqfch37jzjkqneisgy,did:plc:gwb53ir7dyghbgw4expwxbke,beanswithbones.bsky.social,,
e8a3d8ee3ef447c79b63dd49b78ce454,2026-02-22T08:00:00Z,2026-02-22T08:09:43Z,auth,auth_enUS_labelerexp,at://did:plc:2gx2noukxzwmj6dkxbmh3qt5/app.bsky.feed.generator/aaahcxau33dt4,suggested_labelerexp,21,at://did:plc:76y3hp3q35ii4mrmkaewhd2u/app.bsky.feed.post/3mfafefgx2s27,bafyreicz3gjeoz42ua3idoveug644uglkkgyxodxh2l62hbh5rnozar7p4,did:plc:76y3hp3q35ii4mrmkaewhd2u,naisk.bsky.social,,
e8a3d8ee3ef447c79b63dd49b78ce454,2026-02-22T08:00:00Z,2026-02-22T08:09:43Z,auth,auth_enUS_labelerexp,at://did:plc:2gx2noukxzwmj6dkxbmh3qt5/app.bsky.feed.generator/aaahcxau33dt4,suggested_labelerexp,22,at://did:plc:yfiucnkh3dsyjpljecrwc6zj/app.bsky.feed.post/3mfcyfrg2ys2h,bafyreibmogceg66s37m7fe5yuhwuxy6qmguzvi4kzkfaxhvlp6gcbelmke,did:plc:yfiucnkh3dsyjpljecrwc6zj,jorellrivera.bsky.social,,
e8a3d8ee3ef447c79b63dd49b78ce454,2026-02-22T08:00:00Z,2026-02-22T08:09:43Z,auth,auth_enUS_labelerexp,at://did:plc:2gx2noukxzwmj6dkxbmh3qt5/app.bsky.feed.generator/aaahcxau33dt4,suggested_labelerexp,23,at://did:plc:ehq4yn5hyitlgfzoxescbwpy/app.bsky.feed.post/3mfdoa2ew622p,bafyreihvvdb72ylwl4kuksdyg7khingfr5ijzp6gykwie2v5twaso6kuiy,did:plc:ehq4yn5hyitlgfzoxescbwpy,coyoteduranart.com,,
e8a3d8ee3ef447c79b63dd49b78ce454,2026-02-22T08:00:00Z,2026-02-22T08:09:43Z,auth,auth_enUS_labelerexp,at://did:plc:2gx2noukxzwmj6dkxbmh3qt5/app.bsky.feed.generator/aaahcxau33dt4,suggested_labelerexp,24,at://did:plc:zpb73bvnuibev2q23i2nkdw2/app.bsky.feed.post/3mfeofifpj62s,bafyreidmpf3ll43mwhfqiawlpbkahwmckm63mzppqe62twiv572i2a2rxu,did:plc:zpb73bvnuibev2q23i2nkdw2,dazzledbyart.bsky.social,,
e8a3d8ee3ef447c79b63dd49b78ce454,2026-02-22T08:00:00Z,2026-02-22T08:09:43Z,auth,auth_enUS_labelerexp,at://did:plc:2gx2noukxzwmj6dkxbmh3qt5/app.bsky.feed.generator/aaahcxau33dt4,suggested_labelerexp,25,at://did:plc:bcfpjldjf4dbt5lsptujj4bi/app.bsky.feed.post/3mfd5abjlkk2i,bafyreihabxko7ybq5qwtgoptttkdscn223mp2j475kit7j27nlhlhwihiq,did:plc:bcfpjldjf4dbt5lsptujj4bi,gearbuster.bsky.social,,
e8a3d8ee3ef447c79b63dd49b78ce454,2026-02-22T08:00:00Z,2026-02-22T08:09:43Z,auth,auth_enUS_labelerexp,at://did:plc:2gx2noukxzwmj6dkxbmh3qt5/app.bsky.feed.generator/aaahcxau33dt4,suggested_labelerexp,26,at://did:plc:licyroikqq4gsy2ctojqqahj/app.bsky.feed.post/3mfa2aktajs2d,bafyreiesotsgdnbur4acfzsn4cw7plbfuizx4xshwawib3raojv5bjo4ze,did:plc:licyroikqq4gsy2ctojqqahj,lennoxstudio.bsky.social,,
e8a3d8ee3ef447c79b63dd49b78ce454,2026-02-22T08:00:00Z,2026-02-22T08:09:43Z,auth,auth_enUS_labelerexp,at://did:plc:2gx2noukxzwmj6dkxbmh3qt5/app.bsky.feed.generator/aaahcxau33dt4,suggested_labelerexp,27,at://did:plc:old4ip3uku2apoetlafuwzww/app.bsky.feed.post/3mfayg2fpt22h,bafyreify2z4we3mubsnoqvclp32m37idyfmz4m22xsqrvrong4tp5x3apa,did:plc:old4ip3uku2apoetlafuwzww,notes-by-alyx.bsky.social,,
e8a3d8ee3ef447c79b63dd49b78ce454,2026-02-22T08:00:00Z,2026-02-22T08:09:43Z,auth,auth_enUS_labelerexp,at://did:plc:2gx2noukxzwmj6dkxbmh3qt5/app.bsky.feed.generator/aaahcxau33dt4,suggested_labelerexp,28,at://did:plc:unzstcusj2dw5hrtehuyjcvr/app.bsky.feed.post/3mfd5nmhp2k2f,bafyreih7gsedvrr63jjjcyqnxwquecetoru5k2li2ovrif4x2t3drmqbve,did:plc:unzstcusj2dw5hrtehuyjcvr,emmasharkbear.bsky.social,,
e8a3d8ee3ef447c79b63dd49b78ce454,2026-02-22T08:00:00Z,2026-02-22T08:09:43Z,auth,auth_enUS_labelerexp,at://did:plc:2gx2noukxzwmj6dkxbmh3qt5/app.bsky.feed.generator/aaahcxau33dt4,suggested_labelerexp,29,at://did:plc:tia2two46l66adhiykuqkqbp/app.bsky.feed.post/3mffht2gon22b,bafyreibo7pxybgtmsfwp77m5rabfh5t4dgjtau6grxc7un53nqts6aq3iy,did:plc:tia2two46l66adhiykuqkqbp,nirble.bsky.social,,
e8a3d8ee3ef447c79b63dd49b78ce454,2026-02-22T08:00:00Z,2026-02-22T08:09:43Z,auth,auth_enUS_labelerexp,at://did:plc:2gx2noukxzwmj6dkxbmh3qt5/app.bsky.feed.generator/aaahcxau33dt4,suggested_labelerexp,30,at://did:plc:ok3awr75tqmzsa5vitamqj36/app.bsky.feed.post/3mfehhe6qjk2l,bafyreiabzghd7kfwp44eejxeesyewm6besotufy7yjcl7gccajyhqblgge,did:plc:ok3awr75tqmzsa5vitamqj36,kenbartley.bsky.social,,
e8a3d8ee3ef447c79b63dd49b78ce454,2026-02-22T08:00:00Z,2026-02-22T08:09:43Z,auth,auth_enUS_labelerexp,at://did:plc:2gx2noukxzwmj6dkxbmh3qt5/app.bsky.feed.generator/aaahcxau33dt4,suggested_labelerexp,31,at://did:plc:5kczylcm23hjlyld3yrmcagp/app.bsky.feed.post/3mfced4tqwk2b,bafyreievpozomqf3thhkv66lqb2n4g2nzqi3yvionge4iyqrekmrazpo7i,did:plc:5kczylcm23hjlyld3yrmcagp,berryxblossom.bsky.social,,
e8a3d8ee3ef447c79b63dd49b78ce454,2026-02-22T08:00:00Z,2026-02-22T08:09:43Z,auth,auth_enUS_labelerexp,at://did:plc:2gx2noukxzwmj6dkxbmh3qt5/app.bsky.feed.generator/aaahcxau33dt4,suggested_labelerexp,32,at://did:plc:cxn2ffk7n2apx7dqzrtk5swl/app.bsky.feed.post/3mffy35z44k2j,bafyreihkykk4llsmgccwwlqka62v4pgkbq6d5kfteenfxhop5sqjcdnimi,did:plc:cxn2ffk7n2apx7dqzrtk5swl,kiblet.bsky.social,,
e8a3d8ee3ef447c79b63dd49b78ce454,2026-02-22T08:00:00Z,2026-02-22T08:09:43Z,auth,auth_enUS_labelerexp,at://did:plc:2gx2noukxzwmj6dkxbmh3qt5/app.bsky.feed.generator/aaahcxau33dt4,suggested_labelerexp,33,at://did:plc:f4kp6bl6vuogq5wot6gnupyg/app.bsky.feed.post/3mfauichl7s25,bafyreidf4xmfnjxuvvslvaehppm2forlwvlrxt6qqhy2irkfg7ozkekqqa,did:plc:f4kp6bl6vuogq5wot6gnupyg,bunn1web.bsky.social,,
e8a3d8ee3ef447c79b63dd49b78ce454,2026-02-22T08:00:00Z,2026-02-22T08:09:43Z,auth,auth_enUS_labelerexp,at://did:plc:2gx2noukxzwmj6dkxbmh3qt5/app.bsky.feed.generator/aaahcxau33dt4,suggested_labelerexp,34,at://did:plc:wifhj2v7im6k3qcpb2jchgqp/app.bsky.feed.post/3mf7g6xtk5s2j,bafyreibsjkl7jugkac266qiwnt6ihqjk2kkjmzylslk3c7ipgxyezmlodm,did:plc:wifhj2v7im6k3qcpb2jchgqp,heehoflava.bsky.social,,
e8a3d8ee3ef447c79b63dd49b78ce454,2026-02-22T08:00:00Z,2026-02-22T08:09:43Z,auth,auth_enUS_labelerexp,at://did:plc:2gx2noukxzwmj6dkxbmh3qt5/app.bsky.feed.generator/aaahcxau33dt4,suggested_labelerexp,35,at://did:plc:qqkwnwbvhp6jl6225herxu7p/app.bsky.feed.post/3mfelxi5vjn2p,bafyreigrzu4vbmnkgi2wzsrf7p735w4cpyy5lbbrxp4xbuyg4yfzgvyw2m,did:plc:qqkwnwbvhp6jl6225herxu7p,pascalbernheim.bsky.social,,
e8a3d8ee3ef447c79b63dd49b78ce454,2026-02-22T08:00:00Z,2026-02-22T08:09:43Z,auth,auth_enUS_labelerexp,at://did:plc:2gx2noukxzwmj6dkxbmh3qt5/app.bsky.feed.generator/aaahcxau33dt4,suggested_labelerexp,36,at://did:plc:psx33amb23uw56ekvycnthv6/app.bsky.feed.post/3mfahsi6zps2l,bafyreieytiusinvqgblw4lrd7sxngqhpwlprdpvqimctdjtncb22ctabgi,did:plc:psx33amb23uw56ekvycnthv6,puaro.bsky.social,,
e8a3d8ee3ef447c79b63dd49b78ce454,2026-02-22T08:00:00Z,2026-02-22T08:09:43Z,auth,auth_enUS_labelerexp,at://did:plc:2gx2noukxzwmj6dkxbmh3qt5/app.bsky.feed.generator/aaahcxau33dt4,suggested_labelerexp,37,at://did:plc:4dxbirqsxsyfvreabaqmwj5e/app.bsky.feed.post/3mfdkzxcays2k,bafyreigqew7btdk3pb4n7fzcphq3los2mnw5hhgzzwdci5jlvxogdu72re,did:plc:4dxbirqsxsyfvreabaqmwj5e,gojiraalizarddude.bsky.social,,
e8a3d8ee3ef447c79b63dd49b78ce454,2026-02-22T08:00:00Z,2026-02-22T08:09:43Z,auth,auth_enUS_labelerexp,at://did:plc:2gx2noukxzwmj6dkxbmh3qt5/app.bsky.feed.generator/aaahcxau33dt4,suggested_labelerexp,38,at://did:plc:2ivusuiuubvthuzqm4sndtrf/app.bsky.feed.post/3mffzem5hyc22,bafyreicbovn245n54uq3i3rd6pbswoxgyodsoiwpqvrfspzmieqsdl54ba,did:plc:2ivusuiuubvthuzqm4sndtrf,ayyarrdee.bsky.social,,
e8a3d8ee3ef447c79b63dd49b78ce454,2026-02-22T08:00:00Z,2026-02-22T08:09:43Z,auth,auth_enUS_labelerexp,at://did:plc:2gx2noukxzwmj6dkxbmh3qt5/app.bsky.feed.generator/aaahcxau33dt4,suggested_labelerexp,39,at://did:plc:avkkfxtqogxkkyi736fct3ig/app.bsky.feed.post/3mfccqieftk2d,bafyreigi2r2c5cpn6426bxyhdw5ydujkqma7xllbksofgjodbe2wmrt52a,did:plc:avkkfxtqogxkkyi736fct3ig,pepperpkmon1.bsky.social,,
e8a3d8ee3ef447c79b63dd49b78ce454,2026-02-22T08:00:00Z,2026-02-22T08:09:43Z,auth,auth_enUS_labelerexp,at://did:plc:2gx2noukxzwmj6dkxbmh3qt5/app.bsky.feed.generator/aaahcxau33dt4,suggested_labelerexp,40,at://did:plc:eu5dxzkuwe57hygised37j5p/app.bsky.feed.post/3mffh335kgs2y,bafyreihyahzwllv45a7oy2ina626rif3bixl4xxbayn3wmyn6zwbiabmvu,did:plc:eu5dxzkuwe57hygised37j5p,adobecoyote.bsky.social,,
e8a3d8ee3ef447c79b63dd49b78ce454,2026-02-22T08:00:00Z,2026-02-22T08:09:43Z,auth,auth_enUS_labelerexp,at://did:plc:2gx2noukxzwmj6dkxbmh3qt5/app.bsky.feed.generator/aaahcxau33dt4,suggested_labelerexp,41,at://did:plc:5qz6l5xfo5kqwbnks7vig3dy/app.bsky.feed.post/3mff37r74ps26,bafyreiedppwz6ryx3g4yi7rdxby6d733jsnrqnwk22ezmnutys2e3edmre,did:plc:5qz6l5xfo5kqwbnks7vig3dy,foggy8.bsky.social,,
e8a3d8ee3ef447c79b63dd49b78ce454,2026-02-22T08:00:00Z,2026-02-22T08:09:43Z,auth,auth_enUS_labelerexp,at://did:plc:2gx2noukxzwmj6dkxbmh3qt5/app.bsky.feed.generator/aaahcxau33dt4,suggested_labelerexp,42,at://did:plc:u3iv5u2zcaqy3ponaicapyqb/app.bsky.feed.post/3mfcqi5mppk27,bafyreic6l2hjhprnea5b5bbcigenji4ilzpx54vkh6japnwdww4rom4vvy,did:plc:u3iv5u2zcaqy3ponaicapyqb,zephzeph.bsky.social,,
e8a3d8ee3ef447c79b63dd49b78ce454,2026-02-22T08:00:00Z,2026-02-22T08:09:43Z,auth,auth_enUS_labelerexp,at://did:plc:2gx2noukxzwmj6dkxbmh3qt5/app.bsky.feed.generator/aaahcxau33dt4,suggested_labelerexp,43,at://did:plc:nbzcr6y237l4zuphmrqwotey/app.bsky.feed.post/3mfadqukbdk2t,bafyreibl5b4cfknhfqlcoeqfdkki2djpx5vhaezxi2dikfkzwvcffwyk3y,did:plc:nbzcr6y237l4zuphmrqwotey,drommer13.bsky.social,,
e8a3d8ee3ef447c79b63dd49b78ce454,2026-02-22T08:00:00Z,2026-02-22T08:09:43Z,auth,auth_enUS_labelerexp,at://did:plc:2gx2noukxzwmj6dkxbmh3qt5/app.bsky.feed.generator/aaahcxau33dt4,suggested_labelerexp,44,at://did:plc:wd3zw2t3ujvvdq6sdcz7biyq/app.bsky.feed.post/3mfd5k26fu223,bafyreica5behhqyb5d3i2u5yiwiq7nmyfathomhbaenpkqchabi7og6kmy,did:plc:wd3zw2t3ujvvdq6sdcz7biyq,ianhook.bsky.social,,
e8a3d8ee3ef447c79b63dd49b78ce454,2026-02-22T08:00:00Z,2026-02-22T08:09:43Z,auth,auth_enUS_labelerexp,at://did:plc:2gx2noukxzwmj6dkxbmh3qt5/app.bsky.feed.generator/aaahcxau33dt4,suggested_labelerexp,45,at://did:plc:75xcwktjwpee774kaobbtoro/app.bsky.feed.post/3mfemb7soks2b,bafyreih5bnv3uadmfbe5gqafbhpgh56lvb4so7ch633vzwxetx64rzyvau,did:plc:75xcwktjwpee774kaobbtoro,zzbomii.bsky.social,,
e8a3d8ee3ef447c79b63dd49b78ce454,2026-02-22T08:00:00Z,2026-02-22T08:09:43Z,auth,auth_enUS_labelerexp,at://did:plc:2gx2noukxzwmj6dkxbmh3qt5/app.bsky.feed.generator/aaahcxau33dt4,suggested_labelerexp,46,at://did:plc:ilcqimqc6sahvf2z7ji2kvgn/app.bsky.feed.post/3mfd65k5db222,bafyreihwgel7vgjenxrpvcun2ylg5mtomjq6b75grr4d265syxevw3frfy,did:plc:ilcqimqc6sahvf2z7ji2kvgn,mumamumei.bsky.social,,
e8a3d8ee3ef447c79b63dd49b78ce454,2026-02-22T08:00:00Z,2026-02-22T08:09:43Z,auth,auth_enUS_labelerexp,at://did:plc:2gx2noukxzwmj6dkxbmh3qt5/app.bsky.feed.generator/aaahcxau33dt4,suggested_labelerexp,47,at://did:plc:ylhlsx6apg4jjb43gcatdnwx/app.bsky.feed.post/3mfb5clzndk2p,bafyreigdksvfj4zk7zei4quucl5dxjvbd6xat4izxqodnboipigoxn272m,did:plc:ylhlsx6apg4jjb43gcatdnwx,thebungalow1.bsky.social,,
e8a3d8ee3ef447c79b63dd49b78ce454,2026-02-22T08:00:00Z,2026-02-22T08:09:43Z,auth,auth_enUS_labelerexp,at://did:plc:2gx2noukxzwmj6dkxbmh3qt5/app.bsky.feed.generator/aaahcxau33dt4,suggested_labelerexp,48,at://did:plc:bxqerqaegangbelex4n53zip/app.bsky.feed.post/3mffkl7yurc2g,bafyreih53rcggulltd6wpqzv4g3p6vdhffdh67a4jovsiigdsnnzmtbvjy,did:plc:bxqerqaegangbelex4n53zip,jekell.bsky.social,,
e8a3d8ee3ef447c79b63dd49b78ce454,2026-02-22T08:00:00Z,2026-02-22T08:09:43Z,auth,auth_enUS_labelerexp,at://did:plc:2gx2noukxzwmj6dkxbmh3qt5/app.bsky.feed.generator/aaahcxau33dt4,suggested_labelerexp,49,at://did:plc:wucbcmc54n2ot5dpo2crkxko/app.bsky.feed.post/3mfajxks62s22,bafyreicfobguvfagghjn3yiotfohlpbd6dceexlzkjzkxtcwhfwkipbcy4,did:plc:wucbcmc54n2ot5dpo2crkxko,hyp0griff.bsky.social,,
e8a3d8ee3ef447c79b63dd49b78ce454,2026-02-22T08:00:00Z,2026-02-22T08:09:43Z,auth,auth_enUS_labelerexp,at://did:plc:2gx2noukxzwmj6dkxbmh3qt5/app.bsky.feed.generator/aaahcxau33dt4,suggested_labelerexp,50,at://did:plc:adazzqqkymqkt53sows4rttw/app.bsky.feed.post/3mfbf3snmxk2t,bafyreigzw777pidzl7klni5puqams5qr77zis6jxy23s7nl57wjsrss6je,did:plc:adazzqqkymqkt53sows4rttw,bendtowardjustice.bsky.social,,
e8a3d8ee3ef447c79b63dd49b78ce454,2026-02-22T08:00:00Z,2026-02-22T08:09:44Z,auth,auth_enUS_labelerexp,at://did:plc:4jrld6fwpnwqehtce56qshzv/app.bsky.feed.generator/game-dev,suggested_labelerexp,1,at://did:plc:nkoworvenoxulxqf642luuq6/app.bsky.feed.post/3mfgojzaydk2g,bafyreiehh3ph75izkacxboms3bmadkhdl62xoxbxntaoje3xabow3hbil4,did:plc:nkoworvenoxulxqf642luuq6,ghettobastler.com,,
e8a3d8ee3ef447c79b63dd49b78ce454,2026-02-22T08:00:00Z,2026-02-22T08:09:44Z,auth,auth_enUS_labelerexp,at://did:plc:4jrld6fwpnwqehtce56qshzv/app.bsky.feed.generator/game-dev,suggested_labelerexp,2,at://did:plc:yrry24lfrtfzidba3kbmgdwm/app.bsky.feed.post/3mfgoiq7g3r23,bafyreifmfwkag4ty6fwgxlh7tgwbgkuprrvmqouarbp52d76u62v22eygq,did:plc:yrry24lfrtfzidba3kbmgdwm,happy-homhom.bsky.social,,
e8a3d8ee3ef447c79b63dd49b78ce454,2026-02-22T08:00:00Z,2026-02-22T08:09:44Z,auth,auth_enUS_labelerexp,at://did:plc:4jrld6fwpnwqehtce56qshzv/app.bsky.feed.generator/game-dev,suggested_labelerexp,3,at://did:plc:rziwbvbufsmujhxobvq5kroj/app.bsky.feed.post/3mfgobbsxed2i,bafyreibylzinyxl6tpxzdhf5aun7g72b2bcwk7xsdntei2myjj6oynho34,did:plc:rziwbvbufsmujhxobvq5kroj,hansreloaded.bsky.social,,
e8a3d8ee3ef447c79b63dd49b78ce454,2026-02-22T08:00:00Z,2026-02-22T08:09:44Z,auth,auth_enUS_labelerexp,at://did:plc:4jrld6fwpnwqehtce56qshzv/app.bsky.feed.generator/game-dev,suggested_labelerexp,4,at://did:plc:rziwbvbufsmujhxobvq5kroj/app.bsky.feed.post/3mfgoaovxlr2b,bafyreig537nxjmd55hztzsuapdavha67k7vjk4vlmb3xj4llpzxc3ovl4i,did:plc:rziwbvbufsmujhxobvq5kroj,hansreloaded.bsky.social,,
e8a3d8ee3ef447c79b63dd49b78ce454,2026-02-22T08:00:00Z,2026-02-22T08:09:44Z,auth,auth_enUS_labelerexp,at://did:plc:4jrld6fwpnwqehtce56qshzv/app.bsky.feed.generator/game-dev,suggested_labelerexp,5,at://did:plc:rziwbvbufsmujhxobvq5kroj/app.bsky.feed.post/3mfgoaom6f62d,bafyreihig7ok5ejn3mrqooba4nmkjd6pullokj7tu6ndx3eunriqmgrcwi,did:plc:rziwbvbufsmujhxobvq5kroj,hansreloaded.bsky.social,,
e8a3d8ee3ef447c79b63dd49b78ce454,2026-02-22T08:00:00Z,2026-02-22T08:09:44Z,auth,auth_enUS_labelerexp,at://did:plc:4jrld6fwpnwqehtce56qshzv/app.bsky.feed.generator/game-dev,suggested_labelerexp,6,at://did:plc:rziwbvbufsmujhxobvq5kroj/app.bsky.feed.post/3mfgoaca3pi25,bafyreic2up7ky5fccvkopmshhsjc4ngsbdduus3if5afzt4kiz3xrjn42e,did:plc:rziwbvbufsmujhxobvq5kroj,hansreloaded.bsky.social,,
e8a3d8ee3ef447c79b63dd49b78ce454,2026-02-22T08:00:00Z,2026-02-22T08:09:44Z,auth,auth_enUS_labelerexp,at://did:plc:4jrld6fwpnwqehtce56qshzv/app.bsky.feed.generator/game-dev,suggested_labelerexp,7,at://did:plc:66dd23jtawzvkcire5er7vgh/app.bsky.feed.post/3mfgo66misc2f,bafyreibq4dso5axhy7jorp6refyobtrlxsem6jn5prnsh6tqsl3uqcqvny,did:plc:66dd23jtawzvkcire5er7vgh,goodgamelobby.bsky.social,,
e8a3d8ee3ef447c79b63dd49b78ce454,2026-02-22T08:00:00Z,2026-02-22T08:09:44Z,auth,auth_enUS_labelerexp,at://did:plc:4jrld6fwpnwqehtce56qshzv/app.bsky.feed.generator/game-dev,suggested_labelerexp,8,at://did:plc:dhsna6ekmfvji7zbs6v45cws/app.bsky.feed.post/3mfgo4iqjbo2v,bafyreih3yicnnzpfrvmysdddgoqqbivhlmkfkvh7pywohincuqrdavflrm,did:plc:dhsna6ekmfvji7zbs6v45cws,claysoftstudio.bsky.social,,
e8a3d8ee3ef447c79b63dd49b78ce454,2026-02-22T08:00:00Z,2026-02-22T08:09:44Z,auth,auth_enUS_labelerexp,at://did:plc:4jrld6fwpnwqehtce56qshzv/app.bsky.feed.generator/game-dev,suggested_labelerexp,9,at://did:plc:zubj6td5c72nhhh4bdsuysva/app.bsky.feed.post/3mfgo27tvsf2c,bafyreigvgto65wdtcw3moijyfamsga4vgwgi5sjhers36minixizfxjhiy,did:plc:zubj6td5c72nhhh4bdsuysva,ozzyfungi.bsky.social,,
e8a3d8ee3ef447c79b63dd49b78ce454,2026-02-22T08:00:00Z,2026-02-22T08:09:44Z,auth,auth_enUS_labelerexp,at://did:plc:4jrld6fwpnwqehtce56qshzv/app.bsky.feed.generator/game-dev,suggested_labelerexp,10,at://did:plc:qeoty6zjf7prs56xxnkwyxax/app.bsky.feed.post/3mfgnyvyb4c2y,bafyreicc24fyzn4iamce3ldqdkro2vy3y4dsme5chcuu75lcuefoxxtylq,did:plc:qeoty6zjf7prs56xxnkwyxax,hairic.bsky.social,,
e8a3d8ee3ef447c79b63dd49b78ce454,2026-02-22T08:00:00Z,2026-02-22T08:09:44Z,auth,auth_enUS_labelerexp,at://did:plc:4jrld6fwpnwqehtce56qshzv/app.bsky.feed.generator/game-dev,suggested_labelerexp,11,at://did:plc:25xtmv74h3tmdrczpawkzu2x/app.bsky.feed.post/3mfgnuvtrc22l,bafyreie72jhhhq52ob7tr5dqtoda7ncjs6n5aicewwb53mmpoec7zw6qge,did:plc:25xtmv74h3tmdrczpawkzu2x,crossoftware.bsky.social,,
e8a3d8ee3ef447c79b63dd49b78ce454,2026-02-22T08:00:00Z,2026-02-22T08:09:44Z,auth,auth_enUS_labelerexp,at://did:plc:4jrld6fwpnwqehtce56qshzv/app.bsky.feed.generator/game-dev,suggested_labelerexp,12,at://did:plc:mrc5zev3q6kksnlmm5fmfpao/app.bsky.feed.post/3mfgnsiqqxc2l,bafyreihylukg6khem4kgj7tjeznekzni6dwnlvyenrzpvwfymr3l5l5kz4,did:plc:mrc5zev3q6kksnlmm5fmfpao,brioblender.bsky.social,,
e8a3d8ee3ef447c79b63dd49b78ce454,2026-02-22T08:00:00Z,2026-02-22T08:09:44Z,auth,auth_enUS_labelerexp,at://did:plc:4jrld6fwpnwqehtce56qshzv/app.bsky.feed.generator/game-dev,suggested_labelerexp,13,at://did:plc:dcn7hpoja4vc257cea5whegm/app.bsky.feed.post/3mfgnpuait22x,bafyreifaiwjqhp4nnx7gnzvtfiilayr62q7i5pqzibxs3axf4ahnlkmsz4,did:plc:dcn7hpoja4vc257cea5whegm,eonstro.bsky.social,,
e8a3d8ee3ef447c79b63dd49b78ce454,2026-02-22T08:00:00Z,2026-02-22T08:09:44Z,auth,auth_enUS_labelerexp,at://did:plc:4jrld6fwpnwqehtce56qshzv/app.bsky.feed.generator/game-dev,suggested_labelerexp,14,at://did:plc:xlqybmcstpwbln4tm36putld/app.bsky.feed.post/3mfgno5zvyc23,bafyreia3pswktpjbvm37btvdfzxrkfp2hek74gljhu533nvytbyhjlptxu,did:plc:xlqybmcstpwbln4tm36putld,bolerosoft.bsky.social,,
e8a3d8ee3ef447c79b63dd49b78ce454,2026-02-22T08:00:00Z,2026-02-22T08:09:44Z,auth,auth_enUS_labelerexp,at://did:plc:4jrld6fwpnwqehtce56qshzv/app.bsky.feed.generator/game-dev,suggested_labelerexp,15,at://did:plc:5hwxf6az4apjzg72h5jlk7yq/app.bsky.feed.post/3mfgnnwzuvh2o,bafyreicw33jbmb43wxw465tbbnc7l744fkl6nprunqq2ixntzbihikp5n4,did:plc:5hwxf6az4apjzg72h5jlk7yq,dromeardeche.ici.fr,,
e8a3d8ee3ef447c79b63dd49b78ce454,2026-02-22T08:00:00Z,2026-02-22T08:09:44Z,auth,auth_enUS_labelerexp,at://did:plc:4jrld6fwpnwqehtce56qshzv/app.bsky.feed.generator/game-dev,suggested_labelerexp,16,at://did:plc:4jrld6fwpnwqehtce56qshzv/app.bsky.feed.post/3l42jjxdpkj27,bafyreiebvpkyaosdoy27rt67arfcanhgxjebrzba2udatghf4vtd54ns3i,did:plc:4jrld6fwpnwqehtce56qshzv,trezy.codes,,
e8a3d8ee3ef447c79b63dd49b78ce454,2026-02-22T08:00:00Z,2026-02-22T08:09:44Z,auth,auth_enUS_labelerexp,at://did:plc:4jrld6fwpnwqehtce56qshzv/app.bsky.feed.generator/game-dev,suggested_labelerexp,17,at://did:plc:pfnkjk5gwwieuj6sgylkjqt2/app.bsky.feed.post/3mfgnmr24qk2l,bafyreifh6gmph5kodvrdphl356d6necqxt3mzs5kpauswplbmpl5een57a,did:plc:pfnkjk5gwwieuj6sgylkjqt2,itsshazam.bsky.social,,
e8a3d8ee3ef447c79b63dd49b78ce454,2026-02-22T08:00:00Z,2026-02-22T08:09:44Z,auth,auth_enUS_labelerexp,at://did:plc:4jrld6fwpnwqehtce56qshzv/app.bsky.feed.generator/game-dev,suggested_labelerexp,18,at://did:plc:yq6cm4ydbugsatcxmd5b3sp2/app.bsky.feed.post/3mfgnfdq2y224,bafyreie6r2zaoxyxptglccmfjlnswi4qbgfrmdjwjesx4qign6j3xwuffq,did:plc:yq6cm4ydbugsatcxmd5b3sp2,emagnetic.bsky.social,,
e8a3d8ee3ef447c79b63dd49b78ce454,2026-02-22T08:00:00Z,2026-02-22T08:09:44Z,auth,auth_enUS_labelerexp,at://did:plc:4jrld6fwpnwqehtce56qshzv/app.bsky.feed.generator/game-dev,suggested_labelerexp,19,at://did:plc:m7zqewdohqpeizk5zzrsqkdj/app.bsky.feed.post/3mfgnek6rnk22,bafyreicjyizzc4zajaxhuv2l7mxpplvafjwmzzyswr37l3achw6pfvke4e,did:plc:m7zqewdohqpeizk5zzrsqkdj,ahoge-info.bsky.social,,
e8a3d8ee3ef447c79b63dd49b78ce454,2026-02-22T08:00:00Z,2026-02-22T08:09:44Z,auth,auth_enUS_labelerexp,at://did:plc:4jrld6fwpnwqehtce56qshzv/app.bsky.feed.generator/game-dev,suggested_labelerexp,20,at://did:plc:2j76neknhqvh3eppu27z66lh/app.bsky.feed.post/3mfgndkmpfc2a,bafyreieph7ns2ncpfr3eqldnsirsx5n3gner7umvisbikpnslgvultpdju,did:plc:2j76neknhqvh3eppu27z66lh,owalpo.com,,
e8a3d8ee3ef447c79b63dd49b78ce454,2026-02-22T08:00:00Z,2026-02-22T08:09:44Z,auth,auth_enUS_labelerexp,at://did:plc:4jrld6fwpnwqehtce56qshzv/app.bsky.feed.generator/game-dev,suggested_labelerexp,21,at://did:plc:azb72je7folzk7ezkpjhdmxr/app.bsky.feed.post/3mfgnbqbd4r2b,bafyreifxgazvlhebljwikjqcy2ql3gzunzbx4ivbadfffbgfmm572wbz3a,did:plc:azb72je7folzk7ezkpjhdmxr,mysticstage.bsky.social,,
e8a3d8ee3ef447c79b63dd49b78ce454,2026-02-22T08:00:00Z,2026-02-22T08:09:44Z,auth,auth_enUS_labelerexp,at://did:plc:4jrld6fwpnwqehtce56qshzv/app.bsky.feed.generator/game-dev,suggested_labelerexp,22,at://did:plc:ujcmirge4xi7zq5bs7jv6bjo/app.bsky.feed.post/3mfgnagjy3k2d,bafyreia7mvo4tehi6zospwpvmooqxvapqvlyz7qme6bwhpelkqm2utdwiu,did:plc:ujcmirge4xi7zq5bs7jv6bjo,buitmor.bsky.social,,
e8a3d8ee3ef447c79b63dd49b78ce454,2026-02-22T08:00:00Z,2026-02-22T08:09:44Z,auth,auth_enUS_labelerexp,at://did:plc:4jrld6fwpnwqehtce56qshzv/app.bsky.feed.generator/game-dev,suggested_labelerexp,23,at://did:plc:po2hpb25uh2jysylfhjmbp43/app.bsky.feed.post/3mfgn2kdxq2m2,bafyreiafwqlrhs7c4usmo47nbi4qxcco5tl64voa7lgppchwrwhhd5r72u,did:plc:po2hpb25uh2jysylfhjmbp43,zet23t.mastodon.gamedev.place.ap.brid.gy,,
e8a3d8ee3ef447c79b63dd49b78ce454,2026-02-22T08:00:00Z,2026-02-22T08:09:44Z,auth,auth_enUS_labelerexp,at://did:plc:4jrld6fwpnwqehtce56qshzv/app.bsky.feed.generator/game-dev,suggested_labelerexp,24,at://did:plc:kwxqixslqm7bfaskqnl5d7xj/app.bsky.feed.post/3mfgn2iuits2e,bafyreibz35hqiybyl7qnqhp6sev33oqsr7erm6co3w77ooouoggsxw6igy,did:plc:kwxqixslqm7bfaskqnl5d7xj,zet23t.bsky.social,,
e8a3d8ee3ef447c79b63dd49b78ce454,2026-02-22T08:00:00Z,2026-02-22T08:09:44Z,auth,auth_enUS_labelerexp,at://did:plc:4jrld6fwpnwqehtce56qshzv/app.bsky.feed.generator/game-dev,suggested_labelerexp,25,at://did:plc:gxex7ed3cuedx4xrjcc5xfes/app.bsky.feed.post/3mfgmxvvtac2u,bafyreihe5muubwvl3vadhiklnca5vhvozw3saxrziwwwhagpvoo6yoh7ja,did:plc:gxex7ed3cuedx4xrjcc5xfes,johnnybgetgoode.bsky.social,,
e8a3d8ee3ef447c79b63dd49b78ce454,2026-02-22T08:00:00Z,2026-02-22T08:09:44Z,auth,auth_enUS_labelerexp,at://did:plc:4jrld6fwpnwqehtce56qshzv/app.bsky.feed.generator/game-dev,suggested_labelerexp,26,at://did:plc:6q7s53rp7yfvc3dtvc3wowr7/app.bsky.feed.post/3mfgmvtzjsh2m,bafyreiawvqahclgyasdh7zgfmeweabbvfk5ebsywz44lg6dmarq32jgiea,did:plc:6q7s53rp7yfvc3dtvc3wowr7,pradi005.bsky.social,,
e8a3d8ee3ef447c79b63dd49b78ce454,2026-02-22T08:00:00Z,2026-02-22T08:09:44Z,auth,auth_enUS_labelerexp,at://did:plc:4jrld6fwpnwqehtce56qshzv/app.bsky.feed.generator/game-dev,suggested_labelerexp,27,at://did:plc:hdx5wki3cmsebfmij7q66g5j/app.bsky.feed.post/3mfgmqieukg2x,bafyreiayabqpkdlgeuuflmu5rn5tycmatl6gsigmon724brmsjabjcxai4,did:plc:hdx5wki3cmsebfmij7q66g5j,autonomousai.bsky.social,,
e8a3d8ee3ef447c79b63dd49b78ce454,2026-02-22T08:00:00Z,2026-02-22T08:09:44Z,auth,auth_enUS_labelerexp,at://did:plc:4jrld6fwpnwqehtce56qshzv/app.bsky.feed.generator/game-dev,suggested_labelerexp,28,at://did:plc:uufcq4bbnr3sf6fcs3evwhxx/app.bsky.feed.post/3mfgmhnihz22e,bafyreih4i7xmhyz52fb6gp55u4xfmf3pnyc646hgz4qjjinnaqtrgydcfm,did:plc:uufcq4bbnr3sf6fcs3evwhxx,andreeagajda.bsky.social,,
e8a3d8ee3ef447c79b63dd49b78ce454,2026-02-22T08:00:00Z,2026-02-22T08:09:44Z,auth,auth_enUS_labelerexp,at://did:plc:4jrld6fwpnwqehtce56qshzv/app.bsky.feed.generator/game-dev,suggested_labelerexp,29,at://did:plc:gp5tfpl3ixvi5zptymn76t5m/app.bsky.feed.post/3mfgmfipcj225,bafyreicmgpp4mugixvjggczlnxbsjunz3k45ee5duo5fxdcjvxheawmmqi,did:plc:gp5tfpl3ixvi5zptymn76t5m,greenhillschats.bsky.social,,
e8a3d8ee3ef447c79b63dd49b78ce454,2026-02-22T08:00:00Z,2026-02-22T08:09:44Z,auth,auth_enUS_labelerexp,at://did:plc:4jrld6fwpnwqehtce56qshzv/app.bsky.feed.generator/game-dev,suggested_labelerexp,30,at://did:plc:ad26zkrzeubg433mxdg23iv5/app.bsky.feed.post/3mfgmeegsrc2y,bafyreihc4ko6a5qud652xkk7xx7pmuymlvyjbg4ynypmrbrb5jheiff7aq,did:plc:ad26zkrzeubg433mxdg23iv5,mfgjames.bsky.social,,
e8a3d8ee3ef447c79b63dd49b78ce454,2026-02-22T08:00:00Z,2026-02-22T08:09:44Z,auth,auth_enUS_labelerexp,at://did:plc:4jrld6fwpnwqehtce56qshzv/app.bsky.feed.generator/game-dev,suggested_labelerexp,31,at://did:plc:koj5qa3v5g5i773p3lwpvm3n/app.bsky.feed.post/3mfgmdgnfy223,bafyreibt737bbxu24iwqcq5qcvw42rs2kxc7a7lzguav6qljlonaipysiu,did:plc:koj5qa3v5g5i773p3lwpvm3n,vfxtherapy.bsky.social,,
e8a3d8ee3ef447c79b63dd49b78ce454,2026-02-22T08:00:00Z,2026-02-22T08:09:44Z,auth,auth_enUS_labelerexp,at://did:plc:4jrld6fwpnwqehtce56qshzv/app.bsky.feed.generator/game-dev,suggested_labelerexp,32,at://did:plc:mjyrcs556nijtuukw2e3dvmt/app.bsky.feed.post/3mfgmc7jx4227,bafyreiboggthilumxtgi3p7tkn5ausutg4lsemngqin3wzy36fadcg4gya,did:plc:mjyrcs556nijtuukw2e3dvmt,gwbycer.bsky.social,,
e8a3d8ee3ef447c79b63dd49b78ce454,2026-02-22T08:00:00Z,2026-02-22T08:09:44Z,auth,auth_enUS_labelerexp,at://did:plc:4jrld6fwpnwqehtce56qshzv/app.bsky.feed.generator/game-dev,suggested_labelerexp,33,at://did:plc:faagaax3wnyacdbvf2uj4mqx/app.bsky.feed.post/3mfgmbjapuc2y,bafyreidzg6w4fcvkaaulndupt724tdn6j6dm227ef6sxpbjtvkpzyyd63i,did:plc:faagaax3wnyacdbvf2uj4mqx,orartgames.bsky.social,,
e8a3d8ee3ef447c79b63dd49b78ce454,2026-02-22T08:00:00Z,2026-02-22T08:09:44Z,auth,auth_enUS_labelerexp,at://did:plc:4jrld6fwpnwqehtce56qshzv/app.bsky.feed.generator/game-dev,suggested_labelerexp,34,at://did:plc:uzyovknygiob6ecgw7d2cxd7/app.bsky.feed.post/3mfgmb5zzds2f,bafyreifwrr3gz6eyb3vu7uieyydgjl4sxbevrb7bn327uww6vl2qidftk4,did:plc:uzyovknygiob6ecgw7d2cxd7,ogrelore.bsky.social,,
e8a3d8ee3ef447c79b63dd49b78ce454,2026-02-22T08:00:00Z,2026-02-22T08:09:44Z,auth,auth_enUS_labelerexp,at://did:plc:4jrld6fwpnwqehtce56qshzv/app.bsky.feed.generator/game-dev,suggested_labelerexp,35,at://did:plc:knhrbubfbb22fjuf4kdninpp/app.bsky.feed.post/3mfgmaaa5vs2d,bafyreifpa2fsvye7v2aalevhrazaknugpk4i5oe5h3lfg3x2qabb2vnfue,did:plc:knhrbubfbb22fjuf4kdninpp,rankbreaker.bsky.social,,
e8a3d8ee3ef447c79b63dd49b78ce454,2026-02-22T08:00:00Z,2026-02-22T08:09:44Z,auth,auth_enUS_labelerexp,at://did:plc:4jrld6fwpnwqehtce56qshzv/app.bsky.feed.generator/game-dev,suggested_labelerexp,36,at://did:plc:vrgm7nozookqzv2fn7qry4g4/app.bsky.feed.post/3mfgm5mzitc2h,bafyreib45swbhzgzuk6xgqdcc66v77772kvoopl35qoq2p7yipvmdpby7i,did:plc:vrgm7nozookqzv2fn7qry4g4,nekomichigame.bsky.social,,
e8a3d8ee3ef447c79b63dd49b78ce454,2026-02-22T08:00:00Z,2026-02-22T08:09:44Z,auth,auth_enUS_labelerexp,at://did:plc:4jrld6fwpnwqehtce56qshzv/app.bsky.feed.generator/game-dev,suggested_labelerexp,37,at://did:plc:22dz2gw76hxdwpmkblrsjojw/app.bsky.feed.post/3mfglxtxmtc2f,bafyreifu53pylt3rfhwvyj5ban6tx5k5nwowlsquenytewt42vtqltn66e,did:plc:22dz2gw76hxdwpmkblrsjojw,joostvervoort.bsky.social,,
e8a3d8ee3ef447c79b63dd49b78ce454,2026-02-22T08:00:00Z,2026-02-22T08:09:44Z,auth,auth_enUS_labelerexp,at://did:plc:4jrld6fwpnwqehtce56qshzv/app.bsky.feed.generator/game-dev,suggested_labelerexp,38,at://did:plc:d53keqshlmad2ppsowiz63re/app.bsky.feed.post/3mfglxea6i22c,bafyreiawkxy6m7v72umuxid7go3fqoyzu3edyo6hu2irprplzpqrk3zzjq,did:plc:d53keqshlmad2ppsowiz63re,redchu.bsky.social,,
e8a3d8ee3ef447c79b63dd49b78ce454,2026-02-22T08:00:00Z,2026-02-22T08:09:44Z,auth,auth_enUS_labelerexp,at://did:plc:4jrld6fwpnwqehtce56qshzv/app.bsky.feed.generator/game-dev,suggested_labelerexp,39,at://did:plc:whau4wvnj4yl3zqp2errtf43/app.bsky.feed.post/3mfgludei2c27,bafyreifezxje2bfwpgpjfhsntmw2x2ydnjlignuf637bdvsge7ti34oioy,did:plc:whau4wvnj4yl3zqp2errtf43,monriatitans.craves.coffee,,
e8a3d8ee3ef447c79b63dd49b78ce454,2026-02-22T08:00:00Z,2026-02-22T08:09:44Z,auth,auth_enUS_labelerexp,at://did:plc:4jrld6fwpnwqehtce56qshzv/app.bsky.feed.generator/game-dev,suggested_labelerexp,40,at://did:plc:dgwkd3tfsfcgz32ibcnotmcl/app.bsky.feed.post/3mfglrt5lnz2o,bafyreigvok7oo4omy74qovkuorz55d2v6bzjazqnu6qztz6qtih7evu2i4,did:plc:dgwkd3tfsfcgz32ibcnotmcl,smileycrew.bsky.social,,
e8a3d8ee3ef447c79b63dd49b78ce454,2026-02-22T08:00:00Z,2026-02-22T08:09:44Z,auth,auth_enUS_labelerexp,at://did:plc:4jrld6fwpnwqehtce56qshzv/app.bsky.feed.generator/game-dev,suggested_labelerexp,41,at://did:plc:fs57jz35464xiz6h623qmxve/app.bsky.feed.post/3mfglqcpdys2p,bafyreihvjsqm7kawbqasvwfjbkbkwy2b4pge5btkmrbuocbdel5vmp6fjy,did:plc:fs57jz35464xiz6h623qmxve,unitydev.bsky.social,,
e8a3d8ee3ef447c79b63dd49b78ce454,2026-02-22T08:00:00Z,2026-02-22T08:09:44Z,auth,auth_enUS_labelerexp,at://did:plc:4jrld6fwpnwqehtce56qshzv/app.bsky.feed.generator/game-dev,suggested_labelerexp,42,at://did:plc:lcn5oj4ltct4jfrc67yvh5vu/app.bsky.feed.post/3mfglq7u3zk2a,bafyreig4psep5brn5vfyz3xx6hfp2wv6ws4byt4p3yoo7wl66vj6dfhiey,did:plc:lcn5oj4ltct4jfrc67yvh5vu,trendinggames.bsky.social,,
e8a3d8ee3ef447c79b63dd49b78ce454,2026-02-22T08:00:00Z,2026-02-22T08:09:44Z,auth,auth_enUS_labelerexp,at://did:plc:4jrld6fwpnwqehtce56qshzv/app.bsky.feed.generator/game-dev,suggested_labelerexp,43,at://did:plc:qy7gzcc3kfgmc273x2ixsbhw/app.bsky.feed.post/3mfglp4hjvc2i,bafyreieefsfpe4fma5hpino5gqobbr3ptcany677fd3rfjo7eht43spkyq,did:plc:qy7gzcc3kfgmc273x2ixsbhw,azostuff.bsky.social,,
e8a3d8ee3ef447c79b63dd49b78ce454,2026-02-22T08:00:00Z,2026-02-22T08:09:44Z,auth,auth_enUS_labelerexp,at://did:plc:4jrld6fwpnwqehtce56qshzv/app.bsky.feed.generator/game-dev,suggested_labelerexp,44,at://did:plc:w6s52qbim3ygs27vulzetj5u/app.bsky.feed.post/3mfglcii45s24,bafyreigkjezzqb74ue6fxrmcj7nkghvuq2tu3vit56lgo3p22fxkyf66v4,did:plc:w6s52qbim3ygs27vulzetj5u,chronosdraco.bsky.social,,
e8a3d8ee3ef447c79b63dd49b78ce454,2026-02-22T08:00:00Z,2026-02-22T08:09:44Z,auth,auth_enUS_labelerexp,at://did:plc:4jrld6fwpnwqehtce56qshzv/app.bsky.feed.generator/game-dev,suggested_labelerexp,45,at://did:plc:cxqm2j4qjpngcjssdqvl7yyb/app.bsky.feed.post/3mfgl5vxe4k2r,bafyreih3ic6kmolo4cjm2we2cvkn7a6poaobnqtfhu2k22puyyvnsxmtzu,did:plc:cxqm2j4qjpngcjssdqvl7yyb,kwarnberg.bsky.social,,
e8a3d8ee3ef447c79b63dd49b78ce454,2026-02-22T08:00:00Z,2026-02-22T08:09:44Z,auth,auth_enUS_labelerexp,at://did:plc:4jrld6fwpnwqehtce56qshzv/app.bsky.feed.generator/game-dev,suggested_labelerexp,46,at://did:plc:kvpc2ohlo46eivnv2t6lwiy3/app.bsky.feed.post/3mfgkyh2dpi25,bafyreieclvu3mpzdxoljh2rmlzuciiurndned4kx4z3ct6yarqmr4hu3hi,did:plc:kvpc2ohlo46eivnv2t6lwiy3,robsgameshack.bsky.social,,
e8a3d8ee3ef447c79b63dd49b78ce454,2026-02-22T08:00:00Z,2026-02-22T08:09:44Z,auth,auth_enUS_labelerexp,at://did:plc:4jrld6fwpnwqehtce56qshzv/app.bsky.feed.generator/game-dev,suggested_labelerexp,47,at://did:plc:kvpc2ohlo46eivnv2t6lwiy3/app.bsky.feed.post/3mfgky7y2j22n,bafyreidi2ke4xark6gyylzdpjwvfk2hxovzfd2nbnojoycv6gvayrasg4y,did:plc:kvpc2ohlo46eivnv2t6lwiy3,robsgameshack.bsky.social,,
e8a3d8ee3ef447c79b63dd49b78ce454,2026-02-22T08:00:00Z,2026-02-22T08:09:44Z,auth,auth_enUS_labelerexp,at://did:plc:4jrld6fwpnwqehtce56qshzv/app.bsky.feed.generator/game-dev,suggested_labelerexp,48,at://did:plc:kvpc2ohlo46eivnv2t6lwiy3/app.bsky.feed.post/3mfgky76qgt2f,bafyreihcr2d4dgpbzd7b2l76rvsprf6aniei4wwer3rpwbwda57xeggotm,did:plc:kvpc2ohlo46eivnv2t6lwiy3,robsgameshack.bsky.social,,
e8a3d8ee3ef447c79b63dd49b78ce454,2026-02-22T08:00:00Z,2026-02-22T08:09:44Z,auth,auth_enUS_labelerexp,at://did:plc:4jrld6fwpnwqehtce56qshzv/app.bsky.feed.generator/game-dev,suggested_labelerexp,49,at://did:plc:kvpc2ohlo46eivnv2t6lwiy3/app.bsky.feed.post/3mfgky77ojs2j,bafyreihy5gh25j7ebtxar35ab4z4rjwnr6ffkjfok5d3kttaehxuhmiggi,did:plc:kvpc2ohlo46eivnv2t6lwiy3,robsgameshack.bsky.social,,
e8a3d8ee3ef447c79b63dd49b78ce454,2026-02-22T08:00:00Z,2026-02-22T08:09:44Z,auth,auth_enUS_labelerexp,at://did:plc:4jrld6fwpnwqehtce56qshzv/app.bsky.feed.generator/game-dev,suggested_labelerexp,50,at://did:plc:ri6ekc4cjeoy5r65gjfhwkgq/app.bsky.feed.post/3mfgkwuj6m22m,bafyreidcg32ck2d33enk34d4g4ks5vy63237hfbxieg3f5magzbolg2laq,did:plc:ri6ekc4cjeoy5r65gjfhwkgq,hypnocrite.bsky.social,,
e8a3d8ee3ef447c79b63dd49b78ce454,2026-02-22T08:00:00Z,2026-02-22T08:09:45Z,auth,auth_enUS_labelerexp,at://did:plc:65yo7ynzcyp4kpwsienyukrz/app.bsky.feed.generator/aaadfjfgt73ls,suggested_labelerexp,1,at://did:plc:ybqkf2mtfbwx3qhga63mttja/app.bsky.feed.post/3mfgo2btc7c2o,bafyreiazi66nqrgfe3y6ppiyf6z3ihtmhcxucmfgyg67xixx46cih3n4ym,did:plc:ybqkf2mtfbwx3qhga63mttja,ufofeed.bsky.social,,
e8a3d8ee3ef447c79b63dd49b78ce454,2026-02-22T08:00:00Z,2026-02-22T08:09:45Z,auth,auth_enUS_labelerexp,at://did:plc:65yo7ynzcyp4kpwsienyukrz/app.bsky.feed.generator/aaadfjfgt73ls,suggested_labelerexp,2,at://did:plc:a5mu4zve7wr5nzn3lxpmr6ec/app.bsky.feed.post/3mfgnzrvh5c2f,bafyreiazmedanenq5d7jnew56dn7ssjwbmbrmfynvjtzerroydm5qrtaym,did:plc:a5mu4zve7wr5nzn3lxpmr6ec,maksympolyakov.bsky.social,,
e8a3d8ee3ef447c79b63dd49b78ce454,2026-02-22T08:00:00Z,2026-02-22T08:09:45Z,auth,auth_enUS_labelerexp,at://did:plc:65yo7ynzcyp4kpwsienyukrz/app.bsky.feed.generator/aaadfjfgt73ls,suggested_labelerexp,3,at://did:plc:wdyeo63cqec6ihbbejecjyso/app.bsky.feed.post/3mfgnxnm57rb2,bafyreihmzcytaoewmsyvekf562ggew4mil2pfji2lmghu63osybvzzlija,did:plc:wdyeo63cqec6ihbbejecjyso,sundogplanets.mastodon.social.ap.brid.gy,,
e8a3d8ee3ef447c79b63dd49b78ce454,2026-02-22T08:00:00Z,2026-02-22T08:09:45Z,auth,auth_enUS_labelerexp,at://did:plc:65yo7ynzcyp4kpwsienyukrz/app.bsky.feed.generator/aaadfjfgt73ls,suggested_labelerexp,4,at://did:plc:423iwpizqsuiaa4tnf22bmk5/app.bsky.feed.post/3mfgnwrf5kc24,bafyreifo45rgpsrm5boocx24oupo7wcnu22c5mrw47sdmnwkh7gqbxv5lm,did:plc:423iwpizqsuiaa4tnf22bmk5,sports2000.bsky.social,,
e8a3d8ee3ef447c79b63dd49b78ce454,2026-02-22T08:00:00Z,2026-02-22T08:09:45Z,auth,auth_enUS_labelerexp,at://did:plc:65yo7ynzcyp4kpwsienyukrz/app.bsky.feed.generator/aaadfjfgt73ls,suggested_labelerexp,5,at://did:plc:423iwpizqsuiaa4tnf22bmk5/app.bsky.feed.post/3mfgnwogw4i25,bafyreie62ypdfhj5ty7dsfnhnef5ca7zag3ejm3m6gp3sffoyflykcrbbu,did:plc:423iwpizqsuiaa4tnf22bmk5,sports2000.bsky.social,,
e8a3d8ee3ef447c79b63dd49b78ce454,2026-02-22T08:00:00Z,2026-02-22T08:09:45Z,auth,auth_enUS_labelerexp,at://did:plc:65yo7ynzcyp4kpwsienyukrz/app.bsky.feed.generator/aaadfjfgt73ls,suggested_labelerexp,6,at://did:plc:423iwpizqsuiaa4tnf22bmk5/app.bsky.feed.post/3mfgnwn555d24,bafyreifnnnebtenav3hhtppxl6mjyy3kpwydhzmzi6qi7sedoma7kiscu4,did:plc:423iwpizqsuiaa4tnf22bmk5,sports2000.bsky.social,,
e8a3d8ee3ef447c79b63dd49b78ce454,2026-02-22T08:00:00Z,2026-02-22T08:09:45Z,auth,auth_enUS_labelerexp,at://did:plc:65yo7ynzcyp4kpwsienyukrz/app.bsky.feed.generator/aaadfjfgt73ls,suggested_labelerexp,7,at://did:plc:27vi65f7kie4myujwdbnq7dl/app.bsky.feed.post/3mfgntla6yt2n,bafyreielncrw2qxslramebp7r5y3rx2sug2xkzxn2wsmxfnqc3s53db5su,did:plc:27vi65f7kie4myujwdbnq7dl,nzta.nzcow.com,,
e8a3d8ee3ef447c79b63dd49b78ce454,2026-02-22T08:00:00Z,2026-02-22T08:09:45Z,auth,auth_enUS_labelerexp,at://did:plc:65yo7ynzcyp4kpwsienyukrz/app.bsky.feed.generator/aaadfjfgt73ls,suggested_labelerexp,8,at://did:plc:vvlpfarso2eojm2xpzc7qrd7/app.bsky.feed.post/3mfgnrd4mxf2b,bafyreie6l4xndmxpk7yquexivmkxtthz2xqnvz2jkhjqkmqtdkrk32ivbq,did:plc:vvlpfarso2eojm2xpzc7qrd7,rfi.fr,,
e8a3d8ee3ef447c79b63dd49b78ce454,2026-02-22T08:00:00Z,2026-02-22T08:09:45Z,auth,auth_enUS_labelerexp,at://did:plc:65yo7ynzcyp4kpwsienyukrz/app.bsky.feed.generator/aaadfjfgt73ls,suggested_labelerexp,9,at://did:plc:lo6w2tqwmfb4ddbxp4pjhki3/app.bsky.feed.post/3mfgnloec3s2o,bafyreibeni2y2kujja74t3xdwwexitqri5gh22rvypqnu5dezukhekh4mm,did:plc:lo6w2tqwmfb4ddbxp4pjhki3,hounsell.bsky.social,,
e8a3d8ee3ef447c79b63dd49b78ce454,2026-02-22T08:00:00Z,2026-02-22T08:09:45Z,auth,auth_enUS_labelerexp,at://did:plc:65yo7ynzcyp4kpwsienyukrz/app.bsky.feed.generator/aaadfjfgt73ls,suggested_labelerexp,10,at://did:plc:q7ltugqtcpeldvid3aya6tya/app.bsky.feed.post/3mfgnkjvis227,bafyreigtwoqgxfqzs6g5wtus22djqtz3onv5juhyhammoppcmtsqyagime,did:plc:q7ltugqtcpeldvid3aya6tya,nz-quakes.bsky.social,,
e8a3d8ee3ef447c79b63dd49b78ce454,2026-02-22T08:00:00Z,2026-02-22T08:09:45Z,auth,auth_enUS_labelerexp,at://did:plc:65yo7ynzcyp4kpwsienyukrz/app.bsky.feed.generator/aaadfjfgt73ls,suggested_labelerexp,11,at://did:plc:6shgfi5btui5y6pwi6bdiopx/app.bsky.feed.post/3mfgnj2t25k2j,bafyreiaeukke6knlwqpq4byz6a2nt6pqk2vuz62odkbdubtkbcq2q7kz5i,did:plc:6shgfi5btui5y6pwi6bdiopx,sheeds.bsky.social,,
e8a3d8ee3ef447c79b63dd49b78ce454,2026-02-22T08:00:00Z,2026-02-22T08:09:45Z,auth,auth_enUS_labelerexp,at://did:plc:65yo7ynzcyp4kpwsienyukrz/app.bsky.feed.generator/aaadfjfgt73ls,suggested_labelerexp,12,at://did:plc:momzer3mjdvx2migfii4hl5u/app.bsky.feed.post/3mfgnhehlqr2o,bafyreia4mxzagjbhbo76o4x57welkrts34u4jjj3a4zvqw3qignxswnsqy,did:plc:momzer3mjdvx2migfii4hl5u,christchurch.solar.v.cx,,
e8a3d8ee3ef447c79b63dd49b78ce454,2026-02-22T08:00:00Z,2026-02-22T08:09:45Z,auth,auth_enUS_labelerexp,at://did:plc:65yo7ynzcyp4kpwsienyukrz/app.bsky.feed.generator/aaadfjfgt73ls,suggested_labelerexp,13,at://did:plc:5sideclsp2zvz5jwcll2ztbf/app.bsky.feed.post/3mfgnesa32k2f,bafyreidjubhkmagtjivxoz4g72dlaha4bqi4egocdiqdztfxgyzsks5jty,did:plc:5sideclsp2zvz5jwcll2ztbf,dashingdarbs.bsky.social,,
e8a3d8ee3ef447c79b63dd49b78ce454,2026-02-22T08:00:00Z,2026-02-22T08:09:45Z,auth,auth_enUS_labelerexp,at://did:plc:65yo7ynzcyp4kpwsienyukrz/app.bsky.feed.generator/aaadfjfgt73ls,suggested_labelerexp,14,at://did:plc:nnnid6htdbat24os7463qibq/app.bsky.feed.post/3mfgnbql4z22d,bafyreibue7ld6ca7fbcmqke2mfb5bvvifcgoxi56j57zxujziujizihjda,did:plc:nnnid6htdbat24os7463qibq,furrymleo.bsky.social,,
e8a3d8ee3ef447c79b63dd49b78ce454,2026-02-22T08:00:00Z,2026-02-22T08:09:45Z,auth,auth_enUS_labelerexp,at://did:plc:65yo7ynzcyp4kpwsienyukrz/app.bsky.feed.generator/aaadfjfgt73ls,suggested_labelerexp,15,at://did:plc:prnmesukslon5foxapnhyyz5/app.bsky.feed.post/3mfgnajanjk2z,bafyreidpitothzyvbqb3iaqzypypvfyt45arogeqw6ifjjs3mjkazkjxwa,did:plc:prnmesukslon5foxapnhyyz5,blackandwhite95.bsky.social,,
e8a3d8ee3ef447c79b63dd49b78ce454,2026-02-22T08:00:00Z,2026-02-22T08:09:45Z,auth,auth_enUS_labelerexp,at://did:plc:65yo7ynzcyp4kpwsienyukrz/app.bsky.feed.generator/aaadfjfgt73ls,suggested_labelerexp,16,at://did:plc:noip2mnj36qtkmsulke7tv3b/app.bsky.feed.post/3mfgn6pfddk2p,bafyreiayr3j7hzi7vg4azsmshm3gcf4mpdpbr7vakczcupqnx5ztnboew4,did:plc:noip2mnj36qtkmsulke7tv3b,apocalypseelf.bsky.social,,
e8a3d8ee3ef447c79b63dd49b78ce454,2026-02-22T08:00:00Z,2026-02-22T08:09:45Z,auth,auth_enUS_labelerexp,at://did:plc:65yo7ynzcyp4kpwsienyukrz/app.bsky.feed.generator/aaadfjfgt73ls,suggested_labelerexp,17,at://did:plc:k4qhkqqyfbzst2p5uq5wcn45/app.bsky.feed.post/3mfgn2mend223,bafyreifqrktbwmw4euipqqq232zuzvixwlejlzczgdcy2g3yd3g7nep744,did:plc:k4qhkqqyfbzst2p5uq5wcn45,nkjjb.bsky.social,,
e8a3d8ee3ef447c79b63dd49b78ce454,2026-02-22T08:00:00Z,2026-02-22T08:09:45Z,auth,auth_enUS_labelerexp,at://did:plc:65yo7ynzcyp4kpwsienyukrz/app.bsky.feed.generator/aaadfjfgt73ls,suggested_labelerexp,18,at://did:plc:gqqiaxuajo7jxuoaznilagxk/app.bsky.feed.post/3mfgn2k3y4s2k,bafyreifa6bpliarmmvzkoivyxjcq4kefjhchov5bpxzmvvfd6osume7ygu,did:plc:gqqiaxuajo7jxuoaznilagxk,bauhausandmies.bsky.social,,
e8a3d8ee3ef447c79b63dd49b78ce454,2026-02-22T08:00:00Z,2026-02-22T08:09:45Z,auth,auth_enUS_labelerexp,at://did:plc:65yo7ynzcyp4kpwsienyukrz/app.bsky.feed.generator/aaadfjfgt73ls,suggested_labelerexp,19,at://did:plc:ythj6f7sdbf53xokqs37epkc/app.bsky.feed.post/3mfgmzzpnsk2i,bafyreifnkosg2pr46y7xcytsl4j2neutaaek26eevmo33jqy472keozm5u,did:plc:ythj6f7sdbf53xokqs37epkc,kev-lucky.bsky.social,,
e8a3d8ee3ef447c79b63dd49b78ce454,2026-02-22T08:00:00Z,2026-02-22T08:09:45Z,auth,auth_enUS_labelerexp,at://did:plc:65yo7ynzcyp4kpwsienyukrz/app.bsky.feed.generator/aaadfjfgt73ls,suggested_labelerexp,20,at://did:plc:pnzvlzevdgj7fjw3z4bsnojm/app.bsky.feed.post/3mfgmznj2rs2k,bafyreidkphhbphjc3sjfex26r4bfuoxafjx2ry4el7gfl7v2czdov47ndq,did:plc:pnzvlzevdgj7fjw3z4bsnojm,feral4feras.bsky.social,,
e8a3d8ee3ef447c79b63dd49b78ce454,2026-02-22T08:00:00Z,2026-02-22T08:09:45Z,auth,auth_enUS_labelerexp,at://did:plc:65yo7ynzcyp4kpwsienyukrz/app.bsky.feed.generator/aaadfjfgt73ls,suggested_labelerexp,21,at://did:plc:nj2imeeznvd23ckzkqdkfff2/app.bsky.feed.post/3mfgmyulma22j,bafyreihe6cqjgihenqvbq2l6s6zqiso6vundvq7qfnbqabwc3hnq5imgji,did:plc:nj2imeeznvd23ckzkqdkfff2,tonymc589.bsky.social,,
e8a3d8ee3ef447c79b63dd49b78ce454,2026-02-22T08:00:00Z,2026-02-22T08:09:45Z,auth,auth_enUS_labelerexp,at://did:plc:65yo7ynzcyp4kpwsienyukrz/app.bsky.feed.generator/aaadfjfgt73ls,suggested_labelerexp,22,at://did:plc:gqqiaxuajo7jxuoaznilagxk/app.bsky.feed.post/3mfgmymkufs2k,bafyreicxovjpkj2yzgwroy2swgle2kqb24oa2zyznlak2fwtl367lcq7rm,did:plc:gqqiaxuajo7jxuoaznilagxk,bauhausandmies.bsky.social,,
e8a3d8ee3ef447c79b63dd49b78ce454,2026-02-22T08:00:00Z,2026-02-22T08:09:45Z,auth,auth_enUS_labelerexp,at://did:plc:65yo7ynzcyp4kpwsienyukrz/app.bsky.feed.generator/aaadfjfgt73ls,suggested_labelerexp,23,at://did:plc:dnepfy6sij32nnedv2irp5ht/app.bsky.feed.post/3mfgmy53azs2f,bafyreicpn7oi4ovoexrmjnu2guegqlzhkjxaqcwlbpm6fycitkrynkicmi,did:plc:dnepfy6sij32nnedv2irp5ht,verbscape.bsky.social,,
e8a3d8ee3ef447c79b63dd49b78ce454,2026-02-22T08:00:00Z,2026-02-22T08:09:45Z,auth,auth_enUS_labelerexp,at://did:plc:65yo7ynzcyp4kpwsienyukrz/app.bsky.feed.generator/aaadfjfgt73ls,suggested_labelerexp,24,at://did:plc:ndjyym3ihrqu3g25gdztefrv/app.bsky.feed.post/3mfgmwxoesm2b,bafyreiagnowjxr4xliu6oucknwaqlnubtjpxzvfjsdxmjwybnrhs6do52e,did:plc:ndjyym3ihrqu3g25gdztefrv,epsteinweb.bsky.social,,
e8a3d8ee3ef447c79b63dd49b78ce454,2026-02-22T08:00:00Z,2026-02-22T08:09:45Z,auth,auth_enUS_labelerexp,at://did:plc:65yo7ynzcyp4kpwsienyukrz/app.bsky.feed.generator/aaadfjfgt73ls,suggested_labelerexp,25,at://did:plc:cgmf2l7bvc4pgtalah2jm23y/app.bsky.feed.post/3mfgmvmpxrs2v,bafyreig3uy6oz3js3ndoeru5blaeiil2r6crxrcd3m5hodvq7bet4q5hky,did:plc:cgmf2l7bvc4pgtalah2jm23y,kentduston.bsky.social,,
e8a3d8ee3ef447c79b63dd49b78ce454,2026-02-22T08:00:00Z,2026-02-22T08:09:45Z,auth,auth_enUS_labelerexp,at://did:plc:65yo7ynzcyp4kpwsienyukrz/app.bsky.feed.generator/aaadfjfgt73ls,suggested_labelerexp,26,at://did:plc:wvkue2udygbo2cs6bwsivr4z/app.bsky.feed.post/3mfgn7a4i7v2y,bafyreibetgmwule2vkwsj6d2ieeuhhjxkqggwvdgxhhluctrqnjbwrnnmq,did:plc:wvkue2udygbo2cs6bwsivr4z,news247planet.bsky.social,,
e8a3d8ee3ef447c79b63dd49b78ce454,2026-02-22T08:00:00Z,2026-02-22T08:09:45Z,auth,auth_enUS_labelerexp,at://did:plc:65yo7ynzcyp4kpwsienyukrz/app.bsky.feed.generator/aaadfjfgt73ls,suggested_labelerexp,27,at://did:plc:q7ltugqtcpeldvid3aya6tya/app.bsky.feed.post/3mfgmkdqbyf23,bafyreifkbidgotljgndppcrxvqnhbq5igfn3vvmawg54mcicvnrjycofki,did:plc:q7ltugqtcpeldvid3aya6tya,nz-quakes.bsky.social,,
e8a3d8ee3ef447c79b63dd49b78ce454,2026-02-22T08:00:00Z,2026-02-22T08:09:45Z,auth,auth_enUS_labelerexp,at://did:plc:65yo7ynzcyp4kpwsienyukrz/app.bsky.feed.generator/aaadfjfgt73ls,suggested_labelerexp,28,at://did:plc:tnac7of2vxaz4dkm6uf5fiux/app.bsky.feed.post/3mfgmiyjras2r,bafyreif5mytq5kkdvx4kmdxrmxhrq34dv4cpgafnkqqyev652krtumvgt4,did:plc:tnac7of2vxaz4dkm6uf5fiux,m-e.allison683etc.servegame.com,,
e8a3d8ee3ef447c79b63dd49b78ce454,2026-02-22T08:00:00Z,2026-02-22T08:09:45Z,auth,auth_enUS_labelerexp,at://did:plc:65yo7ynzcyp4kpwsienyukrz/app.bsky.feed.generator/aaadfjfgt73ls,suggested_labelerexp,29,at://did:plc:vla7figmtrunwouthks27nfa/app.bsky.feed.post/3mfgmdljf6z2f,bafyreidnm4svoks5b5cxl3kc22mugfvluoieegmyh42egqirdmxofl3ppa,did:plc:vla7figmtrunwouthks27nfa,auckland.solar.v.cx,,
e8a3d8ee3ef447c79b63dd49b78ce454,2026-02-22T08:00:00Z,2026-02-22T08:09:45Z,auth,auth_enUS_labelerexp,at://did:plc:65yo7ynzcyp4kpwsienyukrz/app.bsky.feed.generator/aaadfjfgt73ls,suggested_labelerexp,30,at://did:plc:jyuh7kpk7ztgj6kgqs4ylonq/app.bsky.feed.post/3mfgmdjjn5k2a,bafyreifqjlhpdmfuvhtre2xgvbbudg5ysdijfjklkzl25sotsxo7ymvfa4,did:plc:jyuh7kpk7ztgj6kgqs4ylonq,mholsworth.bsky.social,,
e8a3d8ee3ef447c79b63dd49b78ce454,2026-02-22T08:00:00Z,2026-02-22T08:09:45Z,auth,auth_enUS_labelerexp,at://did:plc:65yo7ynzcyp4kpwsienyukrz/app.bsky.feed.generator/aaadfjfgt73ls,suggested_labelerexp,31,at://did:plc:txandrhc7afdozk6a2itgltm/app.bsky.feed.post/3mfgmdhetx224,bafyreidvnrs74q26buepg5mv6nkexlpbrtnodivifyuyzmsittrcdlnw7u,did:plc:txandrhc7afdozk6a2itgltm,bisn.ucho-ten.net,,
e8a3d8ee3ef447c79b63dd49b78ce454,2026-02-22T08:00:00Z,2026-02-22T08:09:45Z,auth,auth_enUS_labelerexp,at://did:plc:65yo7ynzcyp4kpwsienyukrz/app.bsky.feed.generator/aaadfjfgt73ls,suggested_labelerexp,32,at://did:plc:icbxzrjeo2hfe4eymmqbk37y/app.bsky.feed.post/3mfgmcytxs62h,bafyreih6qffkjpiyqbx2nbaknp3olms4kz5gyzaa2bxzgmgmpev45aoz5e,did:plc:icbxzrjeo2hfe4eymmqbk37y,benakl.bsky.social,,
e8a3d8ee3ef447c79b63dd49b78ce454,2026-02-22T08:00:00Z,2026-02-22T08:09:45Z,auth,auth_enUS_labelerexp,at://did:plc:65yo7ynzcyp4kpwsienyukrz/app.bsky.feed.generator/aaadfjfgt73ls,suggested_labelerexp,33,at://did:plc:pazbpjv5k63ddhfnrujm3frc/app.bsky.feed.post/3mfgmbquzni2z,bafyreictmg46ybw74i6j4csnrld7xklnwwvf4an4ioouuot7z27bt43h6m,did:plc:pazbpjv5k63ddhfnrujm3frc,incidentsontees.bsky.social,,
e8a3d8ee3ef447c79b63dd49b78ce454,2026-02-22T08:00:00Z,2026-02-22T08:09:45Z,auth,auth_enUS_labelerexp,at://did:plc:65yo7ynzcyp4kpwsienyukrz/app.bsky.feed.generator/aaadfjfgt73ls,suggested_labelerexp,34,at://did:plc:423iwpizqsuiaa4tnf22bmk5/app.bsky.feed.post/3mfgmb4r4d424,bafyreif2v2iop43i7vgq7y57ssks6c6ch2dygi762sqw4n5kfoouhkkme4,did:plc:423iwpizqsuiaa4tnf22bmk5,sports2000.bsky.social,,
e8a3d8ee3ef447c79b63dd49b78ce454,2026-02-22T08:00:00Z,2026-02-22T08:09:45Z,auth,auth_enUS_labelerexp,at://did:plc:65yo7ynzcyp4kpwsienyukrz/app.bsky.feed.generator/aaadfjfgt73ls,suggested_labelerexp,35,at://did:plc:yz3mevhw47d6mkipfl2fhelz/app.bsky.feed.post/3mfgmav3k5c2q,bafyreid5bvrkskqi2upwq7a4mgxcubwnjsb6zdvpmoyhpnvqvczroqab2u,did:plc:yz3mevhw47d6mkipfl2fhelz,rnzrss.bsky.social,,
e8a3d8ee3ef447c79b63dd49b78ce454,2026-02-22T08:00:00Z,2026-02-22T08:09:45Z,auth,auth_enUS_labelerexp,at://did:plc:65yo7ynzcyp4kpwsienyukrz/app.bsky.feed.generator/aaadfjfgt73ls,suggested_labelerexp,36,at://did:plc:mxseo3737kopvykzlhrscr2t/app.bsky.feed.post/3mfgmaoqyvs2r,bafyreicjrlyujay43qigaiveie4nzuuouexwxvdt3beh6p2f2kzrtdwyki,did:plc:mxseo3737kopvykzlhrscr2t,souloflight.bsky.social,,
e8a3d8ee3ef447c79b63dd49b78ce454,2026-02-22T08:00:00Z,2026-02-22T08:09:45Z,auth,auth_enUS_labelerexp,at://did:plc:65yo7ynzcyp4kpwsienyukrz/app.bsky.feed.generator/aaadfjfgt73ls,suggested_labelerexp,37,at://did:plc:icbxzrjeo2hfe4eymmqbk37y/app.bsky.feed.post/3mfgm35t6hx2x,bafyreidlaahwsyyjr3hxxv65pveehuawo3znws7ahi7277a3hcqtaw2z5i,did:plc:icbxzrjeo2hfe4eymmqbk37y,benakl.bsky.social,,
e8a3d8ee3ef447c79b63dd49b78ce454,2026-02-22T08:00:00Z,2026-02-22T08:09:45Z,auth,auth_enUS_labelerexp,at://did:plc:65yo7ynzcyp4kpwsienyukrz/app.bsky.feed.generator/aaadfjfgt73ls,suggested_labelerexp,38,at://did:plc:wvkue2udygbo2cs6bwsivr4z/app.bsky.feed.post/3mfgm3ibi732k,bafyreiagxwzhxv5rorakmuoe2mko4f7cwem6xgahy53awarohwaihpniki,did:plc:wvkue2udygbo2cs6bwsivr4z,news247planet.bsky.social,,
e8a3d8ee3ef447c79b63dd49b78ce454,2026-02-22T08:00:00Z,2026-02-22T08:09:45Z,auth,auth_enUS_labelerexp,at://did:plc:65yo7ynzcyp4kpwsienyukrz/app.bsky.feed.generator/aaadfjfgt73ls,suggested_labelerexp,39,at://did:plc:cgmf2l7bvc4pgtalah2jm23y/app.bsky.feed.post/3mfglrcpank2v,bafyreiht7vuqw7se3szdw44qs2adq6p75t3fnzejcf643lamhuejhhpwue,did:plc:cgmf2l7bvc4pgtalah2jm23y,kentduston.bsky.social,,
e8a3d8ee3ef447c79b63dd49b78ce454,2026-02-22T08:00:00Z,2026-02-22T08:09:45Z,auth,auth_enUS_labelerexp,at://did:plc:65yo7ynzcyp4kpwsienyukrz/app.bsky.feed.generator/aaadfjfgt73ls,suggested_labelerexp,40,at://did:plc:cvhzp4oqk57twhhjji5o2b3t/app.bsky.feed.post/3mfglpovifh2g,bafyreib67jaosaedzcchxopy5vpfjnz7jvonib3balxkvvrxjgq4la5o6m,did:plc:cvhzp4oqk57twhhjji5o2b3t,nz-nb.bsky.social,,
e8a3d8ee3ef447c79b63dd49b78ce454,2026-02-22T08:00:00Z,2026-02-22T08:09:45Z,auth,auth_enUS_labelerexp,at://did:plc:65yo7ynzcyp4kpwsienyukrz/app.bsky.feed.generator/aaadfjfgt73ls,suggested_labelerexp,41,at://did:plc:cvhzp4oqk57twhhjji5o2b3t/app.bsky.feed.post/3mfglpkcwvk2j,bafyreieswq7kmmic6d2wuzwkszy4ipvts5ya6vgpuok2tcpfm3ww5nxh2m,did:plc:cvhzp4oqk57twhhjji5o2b3t,nz-nb.bsky.social,,
e8a3d8ee3ef447c79b63dd49b78ce454,2026-02-22T08:00:00Z,2026-02-22T08:09:45Z,auth,auth_enUS_labelerexp,at://did:plc:65yo7ynzcyp4kpwsienyukrz/app.bsky.feed.generator/aaadfjfgt73ls,suggested_labelerexp,42,at://did:plc:cvhzp4oqk57twhhjji5o2b3t/app.bsky.feed.post/3mfglpficyk2h,bafyreia2nxq7lfb3h5ukgw4pmvkh4fd74buomjgehol4zsz3i4ohmbdnji,did:plc:cvhzp4oqk57twhhjji5o2b3t,nz-nb.bsky.social,,
e8a3d8ee3ef447c79b63dd49b78ce454,2026-02-22T08:00:00Z,2026-02-22T08:09:45Z,auth,auth_enUS_labelerexp,at://did:plc:65yo7ynzcyp4kpwsienyukrz/app.bsky.feed.generator/aaadfjfgt73ls,suggested_labelerexp,43,at://did:plc:cvhzp4oqk57twhhjji5o2b3t/app.bsky.feed.post/3mfglpaqdes2j,bafyreic5mnhrigqwsziqpplfgphxasntyy5vpdupfwvuntkd7znb2e3hby,did:plc:cvhzp4oqk57twhhjji5o2b3t,nz-nb.bsky.social,,
e8a3d8ee3ef447c79b63dd49b78ce454,2026-02-22T08:00:00Z,2026-02-22T08:09:45Z,auth,auth_enUS_labelerexp,at://did:plc:65yo7ynzcyp4kpwsienyukrz/app.bsky.feed.generator/aaadfjfgt73ls,suggested_labelerexp,44,at://did:plc:cvhzp4oqk57twhhjji5o2b3t/app.bsky.feed.post/3mfglp4gtdy2g,bafyreigkb5kvnzxmw62sht4au6aiurmrqxafcdfztfqzu27ygvjrqbut5m,did:plc:cvhzp4oqk57twhhjji5o2b3t,nz-nb.bsky.social,,
e8a3d8ee3ef447c79b63dd49b78ce454,2026-02-22T08:00:00Z,2026-02-22T08:09:45Z,auth,auth_enUS_labelerexp,at://did:plc:65yo7ynzcyp4kpwsienyukrz/app.bsky.feed.generator/aaadfjfgt73ls,suggested_labelerexp,45,at://did:plc:cvhzp4oqk57twhhjji5o2b3t/app.bsky.feed.post/3mfgloyfjmx2w,bafyreichhmdwoz5jng2t3lkz4qsmsjh7ethyty3hx7st6r5msoetjz5pb4,did:plc:cvhzp4oqk57twhhjji5o2b3t,nz-nb.bsky.social,,
e8a3d8ee3ef447c79b63dd49b78ce454,2026-02-22T08:00:00Z,2026-02-22T08:09:45Z,auth,auth_enUS_labelerexp,at://did:plc:65yo7ynzcyp4kpwsienyukrz/app.bsky.feed.generator/aaadfjfgt73ls,suggested_labelerexp,46,at://did:plc:yz3mevhw47d6mkipfl2fhelz/app.bsky.feed.post/3mfglozb3y32q,bafyreiew6okce52th2qdskyg3obqzhuifj5tzojsax4x67gvqrw3gmqmse,did:plc:yz3mevhw47d6mkipfl2fhelz,rnzrss.bsky.social,,
e8a3d8ee3ef447c79b63dd49b78ce454,2026-02-22T08:00:00Z,2026-02-22T08:09:45Z,auth,auth_enUS_labelerexp,at://did:plc:65yo7ynzcyp4kpwsienyukrz/app.bsky.feed.generator/aaadfjfgt73ls,suggested_labelerexp,47,at://did:plc:chekgukslstvv7q64hsocfdu/app.bsky.feed.post/3mfglq7uxgc26,bafyreibr3uzyovsurkeq4tnp36xp2oehhysh6jt6rhgdcyoschbqiqr7hm,did:plc:chekgukslstvv7q64hsocfdu,mikehoney.bsky.social,,
e8a3d8ee3ef447c79b63dd49b78ce454,2026-02-22T08:00:00Z,2026-02-22T08:09:45Z,auth,auth_enUS_labelerexp,at://did:plc:65yo7ynzcyp4kpwsienyukrz/app.bsky.feed.generator/aaadfjfgt73ls,suggested_labelerexp,48,at://did:plc:chekgukslstvv7q64hsocfdu/app.bsky.feed.post/3mfglpnit4c26,bafyreig6y27evd5hsu2hwmaxrdpwvhiok367rixnzgyva3e6wr7gi4hysu,did:plc:chekgukslstvv7q64hsocfdu,mikehoney.bsky.social,,
e8a3d8ee3ef447c79b63dd49b78ce454,2026-02-22T08:00:00Z,2026-02-22T08:09:45Z,auth,auth_enUS_labelerexp,at://did:plc:65yo7ynzcyp4kpwsienyukrz/app.bsky.feed.generator/aaadfjfgt73ls,suggested_labelerexp,49,at://did:plc:ph5uzntoensirfmxtqglowqk/app.bsky.feed.post/3mfglnpqqqc2v,bafyreihoq23656h5rfri3fqdzgalleaakwirojhmbq26khqaisxvgtb4lq,did:plc:ph5uzntoensirfmxtqglowqk,anneleise.bsky.social,,
e8a3d8ee3ef447c79b63dd49b78ce454,2026-02-22T08:00:00Z,2026-02-22T08:09:45Z,auth,auth_enUS_labelerexp,at://did:plc:65yo7ynzcyp4kpwsienyukrz/app.bsky.feed.generator/aaadfjfgt73ls,suggested_labelerexp,50,at://did:plc:d3mapqd2kp432wcriuhkopta/app.bsky.feed.post/3mfglnn2gzc2a,bafyreigocluqrgpieudx64fkdg6cqd56evseeufqvvwl57xyyf6pxjioti,did:plc:d3mapqd2kp432wcriuhkopta,jingajik.bsky.social,,
e8a3d8ee3ef447c79b63dd49b78ce454,2026-02-22T08:00:00Z,2026-02-22T08:09:46Z,auth,auth_enUS_labelerexp,at://did:plc:7tessqxe6pssegenvcehnu6t/app.bsky.feed.generator/aaapo66fyrrga,suggested_labelerexp,1,at://did:plc:gnlyxexo7tg446kglieyvwit/app.bsky.feed.post/3mfglieanls2m,bafyreiey7d2uzyx7a6dgbr2ijrkghnds52c53hbdz6s7yabkh7vsmqgpee,did:plc:gnlyxexo7tg446kglieyvwit,annacwebs.bsky.social,,
e8a3d8ee3ef447c79b63dd49b78ce454,2026-02-22T08:00:00Z,2026-02-22T08:09:46Z,auth,auth_enUS_labelerexp,at://did:plc:7tessqxe6pssegenvcehnu6t/app.bsky.feed.generator/aaapo66fyrrga,suggested_labelerexp,2,at://did:plc:gnlyxexo7tg446kglieyvwit/app.bsky.feed.post/3mfgkwuopec2s,bafyreigdliayiwxpigbjcjc4fhtfc766fwjjywaemgeep4nvpf5my2aipa,did:plc:gnlyxexo7tg446kglieyvwit,annacwebs.bsky.social,,
e8a3d8ee3ef447c79b63dd49b78ce454,2026-02-22T08:00:00Z,2026-02-22T08:09:46Z,auth,auth_enUS_labelerexp,at://did:plc:7tessqxe6pssegenvcehnu6t/app.bsky.feed.generator/aaapo66fyrrga,suggested_labelerexp,3,at://did:plc:nrh7ngbqmdfdxowtxn6dazec/app.bsky.feed.post/3mfgdtuqc7c2y,bafyreiemtcqaogfxnhjpe27d5r5cdvafqv6qamh5acrdlo3hk76glhez64,did:plc:nrh7ngbqmdfdxowtxn6dazec,docseuss.bsky.social,,
e8a3d8ee3ef447c79b63dd49b78ce454,2026-02-22T08:00:00Z,2026-02-22T08:09:46Z,auth,auth_enUS_labelerexp,at://did:plc:7tessqxe6pssegenvcehnu6t/app.bsky.feed.generator/aaapo66fyrrga,suggested_labelerexp,4,at://did:plc:mkdnznlo4wh3hct3z2acillw/app.bsky.feed.post/3mfgdc4oqks2l,bafyreic4hqpsotrxicfg6y7t5gmkwze7shmy7jxs73m2bkbq2g4tsmcs7y,did:plc:mkdnznlo4wh3hct3z2acillw,bimbo.phd,,
e8a3d8ee3ef447c79b63dd49b78ce454,2026-02-22T08:00:00Z,2026-02-22T08:09:46Z,auth,auth_enUS_labelerexp,at://did:plc:7tessqxe6pssegenvcehnu6t/app.bsky.feed.generator/aaapo66fyrrga,suggested_labelerexp,5,at://did:plc:mkdnznlo4wh3hct3z2acillw/app.bsky.feed.post/3mfgcvwo7mc2l,bafyreihvc6eihdmzbjagioulyynqxqapeq3a3tpk4w2q4txgqhxq7ewspa,did:plc:mkdnznlo4wh3hct3z2acillw,bimbo.phd,,
e8a3d8ee3ef447c79b63dd49b78ce454,2026-02-22T08:00:00Z,2026-02-22T08:09:46Z,auth,auth_enUS_labelerexp,at://did:plc:7tessqxe6pssegenvcehnu6t/app.bsky.feed.generator/aaapo66fyrrga,suggested_labelerexp,6,at://did:plc:n7xsqoc7ztdsmfuvfmtndp52/app.bsky.feed.post/3mfgb3zvt3s2t,bafyreicnahcdrinclkb67ku3yiwvuee25rkafr5qtiniw5pdbqpshujwti,did:plc:n7xsqoc7ztdsmfuvfmtndp52,catacalypto.bsky.social,,
e8a3d8ee3ef447c79b63dd49b78ce454,2026-02-22T08:00:00Z,2026-02-22T08:09:46Z,auth,auth_enUS_labelerexp,at://did:plc:7tessqxe6pssegenvcehnu6t/app.bsky.feed.generator/aaapo66fyrrga,suggested_labelerexp,7,at://did:plc:mkdnznlo4wh3hct3z2acillw/app.bsky.feed.post/3mffzbk4dcs2z,bafyreigcq5ocjtzx7r42cioeyt4mqjzsvgxe2ihq436knn2szra3smlezu,did:plc:mkdnznlo4wh3hct3z2acillw,bimbo.phd,,
e8a3d8ee3ef447c79b63dd49b78ce454,2026-02-22T08:00:00Z,2026-02-22T08:09:46Z,auth,auth_enUS_labelerexp,at://did:plc:7tessqxe6pssegenvcehnu6t/app.bsky.feed.generator/aaapo66fyrrga,suggested_labelerexp,8,at://did:plc:mkdnznlo4wh3hct3z2acillw/app.bsky.feed.post/3mffz767jn22z,bafyreicjko4iqeuiliclt67bmxrdzqaot3jbwtelsyi4km26ghgqwrseb4,did:plc:mkdnznlo4wh3hct3z2acillw,bimbo.phd,,
e8a3d8ee3ef447c79b63dd49b78ce454,2026-02-22T08:00:00Z,2026-02-22T08:09:46Z,auth,auth_enUS_labelerexp,at://did:plc:7tessqxe6pssegenvcehnu6t/app.bsky.feed.generator/aaapo66fyrrga,suggested_labelerexp,9,at://did:plc:mkdnznlo4wh3hct3z2acillw/app.bsky.feed.post/3mffywnest22z,bafyreighzo245akxrbfmr34zyhj4ov6iz5bhl7bmllljc7figilu4b652u,did:plc:mkdnznlo4wh3hct3z2acillw,bimbo.phd,,
e8a3d8ee3ef447c79b63dd49b78ce454,2026-02-22T08:00:00Z,2026-02-22T08:09:46Z,auth,auth_enUS_labelerexp,at://did:plc:7tessqxe6pssegenvcehnu6t/app.bsky.feed.generator/aaapo66fyrrga,suggested_labelerexp,10,at://did:plc:mkdnznlo4wh3hct3z2acillw/app.bsky.feed.post/3mffyreciws2z,bafyreih7roajh6be3dwq2ydfym6ijvgjym43wi6jm3zzgxtewg2bfnuolm,did:plc:mkdnznlo4wh3hct3z2acillw,bimbo.phd,,
e8a3d8ee3ef447c79b63dd49b78ce454,2026-02-22T08:00:00Z,2026-02-22T08:09:46Z,auth,auth_enUS_labelerexp,at://did:plc:7tessqxe6pssegenvcehnu6t/app.bsky.feed.generator/aaapo66fyrrga,suggested_labelerexp,11,at://did:plc:mkdnznlo4wh3hct3z2acillw/app.bsky.feed.post/3mffymlgd522z,bafyreibkvl4knqrnyma35pbgb2ifiywggnkychh2jmftme54lwkbflmlxm,did:plc:mkdnznlo4wh3hct3z2acillw,bimbo.phd,,
e8a3d8ee3ef447c79b63dd49b78ce454,2026-02-22T08:00:00Z,2026-02-22T08:09:46Z,auth,auth_enUS_labelerexp,at://did:plc:7tessqxe6pssegenvcehnu6t/app.bsky.feed.generator/aaapo66fyrrga,suggested_labelerexp,12,at://did:plc:uemns7yqb62n5kpwe34wgdhs/app.bsky.feed.post/3mffyipewms2r,bafyreih544teptbwxkh3f73ngnrp36aunvmbnlmuzxqu63ubw7fkfxa2dq,did:plc:uemns7yqb62n5kpwe34wgdhs,brunodias.bsky.social,,
e8a3d8ee3ef447c79b63dd49b78ce454,2026-02-22T08:00:00Z,2026-02-22T08:09:46Z,auth,auth_enUS_labelerexp,at://did:plc:7tessqxe6pssegenvcehnu6t/app.bsky.feed.generator/aaapo66fyrrga,suggested_labelerexp,13,at://did:plc:mkdnznlo4wh3hct3z2acillw/app.bsky.feed.post/3mffwnwx63c2z,bafyreiee7j6ca7ceuhoggdbywybfbd3m2wo2kte7w7ttfddjjeydfy5cja,did:plc:mkdnznlo4wh3hct3z2acillw,bimbo.phd,,
e8a3d8ee3ef447c79b63dd49b78ce454,2026-02-22T08:00:00Z,2026-02-22T08:09:46Z,auth,auth_enUS_labelerexp,at://did:plc:7tessqxe6pssegenvcehnu6t/app.bsky.feed.generator/aaapo66fyrrga,suggested_labelerexp,14,at://did:plc:uemns7yqb62n5kpwe34wgdhs/app.bsky.feed.post/3mffvai2as22r,bafyreidu46o73enzg57rv7wnnohf6xcxzyd2ium27xvceesqlj3pqc4rnq,did:plc:uemns7yqb62n5kpwe34wgdhs,brunodias.bsky.social,,
e8a3d8ee3ef447c79b63dd49b78ce454,2026-02-22T08:00:00Z,2026-02-22T08:09:46Z,auth,auth_enUS_labelerexp,at://did:plc:7tessqxe6pssegenvcehnu6t/app.bsky.feed.generator/aaapo66fyrrga,suggested_labelerexp,15,at://did:plc:nrh7ngbqmdfdxowtxn6dazec/app.bsky.feed.post/3mffuhgvkrc2f,bafyreieychb2oevvruzucpmtiyguk73plgbjrxrb3gmxpujwo3rpcuuzra,did:plc:nrh7ngbqmdfdxowtxn6dazec,docseuss.bsky.social,,
e8a3d8ee3ef447c79b63dd49b78ce454,2026-02-22T08:00:00Z,2026-02-22T08:09:46Z,auth,auth_enUS_labelerexp,at://did:plc:7tessqxe6pssegenvcehnu6t/app.bsky.feed.generator/aaapo66fyrrga,suggested_labelerexp,16,at://did:plc:nrh7ngbqmdfdxowtxn6dazec/app.bsky.feed.post/3mffrveqxuk2k,bafyreibi2nsyxyuh4op3bxshbkuee56zs6bosubdzsvwemwj3yjxprzzfq,did:plc:nrh7ngbqmdfdxowtxn6dazec,docseuss.bsky.social,,
e8a3d8ee3ef447c79b63dd49b78ce454,2026-02-22T08:00:00Z,2026-02-22T08:09:46Z,auth,auth_enUS_labelerexp,at://did:plc:7tessqxe6pssegenvcehnu6t/app.bsky.feed.generator/aaapo66fyrrga,suggested_labelerexp,17,at://did:plc:2ovcejhmoo6lkdutu4rlgtax/app.bsky.feed.post/3mffqqu7vqk25,bafyreievjnejhmdegu7jnvv6cxjfezhkdy5qogfyzeqqi3tv75aydiawgy,did:plc:2ovcejhmoo6lkdutu4rlgtax,petestewart.bsky.social,,
e8a3d8ee3ef447c79b63dd49b78ce454,2026-02-22T08:00:00Z,2026-02-22T08:09:46Z,auth,auth_enUS_labelerexp,at://did:plc:7tessqxe6pssegenvcehnu6t/app.bsky.feed.generator/aaapo66fyrrga,suggested_labelerexp,18,at://did:plc:hz5skvphzjjqyzkicp7ll2ex/app.bsky.feed.post/3mffq4ubuuk2b,bafyreidwpq44l5zqk3i7y63pu6neci7bt2s4jshz336y6cswzotaprhiay,did:plc:hz5skvphzjjqyzkicp7ll2ex,jigu.com.br,,
e8a3d8ee3ef447c79b63dd49b78ce454,2026-02-22T08:00:00Z,2026-02-22T08:09:46Z,auth,auth_enUS_labelerexp,at://did:plc:7tessqxe6pssegenvcehnu6t/app.bsky.feed.generator/aaapo66fyrrga,suggested_labelerexp,19,at://did:plc:hz5skvphzjjqyzkicp7ll2ex/app.bsky.feed.post/3mffprsmlkc2b,bafyreiebro3shpemye2w3qcqrpcvaffrbkauy4k7eb5yi5y3k5wfnyzoc4,did:plc:hz5skvphzjjqyzkicp7ll2ex,jigu.com.br,,
e8a3d8ee3ef447c79b63dd49b78ce454,2026-02-22T08:00:00Z,2026-02-22T08:09:46Z,auth,auth_enUS_labelerexp,at://did:plc:7tessqxe6pssegenvcehnu6t/app.bsky.feed.generator/aaapo66fyrrga,suggested_labelerexp,20,at://did:plc:zzififr6febsnsu754pidsxi/app.bsky.feed.post/3mffpct7nsyhg,bafyreiaz2ltjy7cbl4zuflwgsocivwzlc2pvdk4hk62pe2ry7v625h2b2u,did:plc:zzififr6febsnsu754pidsxi,drgonzo123.bsky.social,,
e8a3d8ee3ef447c79b63dd49b78ce454,2026-02-22T08:00:00Z,2026-02-22T08:09:46Z,auth,auth_enUS_labelerexp,at://did:plc:7tessqxe6pssegenvcehnu6t/app.bsky.feed.generator/aaapo66fyrrga,suggested_labelerexp,21,at://did:plc:jcarnd774vkmccw7avn56bi4/app.bsky.feed.post/3mffozynpls2l,bafyreih3zafvkvuvloahshtqrspzgsoywwqwsvgbp22hqoayrwkd5hio4u,did:plc:jcarnd774vkmccw7avn56bi4,jon.inkle.co,,
e8a3d8ee3ef447c79b63dd49b78ce454,2026-02-22T08:00:00Z,2026-02-22T08:09:46Z,auth,auth_enUS_labelerexp,at://did:plc:7tessqxe6pssegenvcehnu6t/app.bsky.feed.generator/aaapo66fyrrga,suggested_labelerexp,22,at://did:plc:5c6xsduqi3rogy55c6dnqosh/app.bsky.feed.post/3mffodm26ys2a,bafyreifxdjmahiyvv4vb2xukhq4btfalnyf4tait2zdftgxtmji57vugdu,did:plc:5c6xsduqi3rogy55c6dnqosh,ptrtlrwrts.bsky.social,,
e8a3d8ee3ef447c79b63dd49b78ce454,2026-02-22T08:00:00Z,2026-02-22T08:09:46Z,auth,auth_enUS_labelerexp,at://did:plc:7tessqxe6pssegenvcehnu6t/app.bsky.feed.generator/aaapo66fyrrga,suggested_labelerexp,23,at://did:plc:nrh7ngbqmdfdxowtxn6dazec/app.bsky.feed.post/3mffn5wfpsk24,bafyreihogkfiaste5lixwy54occ2aoqougjrcyrzkb43b33clmauw333uy,did:plc:nrh7ngbqmdfdxowtxn6dazec,docseuss.bsky.social,,
e8a3d8ee3ef447c79b63dd49b78ce454,2026-02-22T08:00:00Z,2026-02-22T08:09:46Z,auth,auth_enUS_labelerexp,at://did:plc:7tessqxe6pssegenvcehnu6t/app.bsky.feed.generator/aaapo66fyrrga,suggested_labelerexp,24,at://did:plc:5wmwbibbyym6nmkmz7b6yyoj/app.bsky.feed.post/3mffmh7fjpc2t,bafyreia4ijiytx2shgdxw6l7ci5tzj4xeryno2btuxantvm4gapndqzwsi,did:plc:5wmwbibbyym6nmkmz7b6yyoj,jessnevins.bsky.social,,
e8a3d8ee3ef447c79b63dd49b78ce454,2026-02-22T08:00:00Z,2026-02-22T08:09:46Z,auth,auth_enUS_labelerexp,at://did:plc:7tessqxe6pssegenvcehnu6t/app.bsky.feed.generator/aaapo66fyrrga,suggested_labelerexp,25,at://did:plc:nrh7ngbqmdfdxowtxn6dazec/app.bsky.feed.post/3mffmdfxpys2y,bafyreicumzhx25krkxxqovwurmblwcclcxzoodiq3ze2nip4pt5yji5i3q,did:plc:nrh7ngbqmdfdxowtxn6dazec,docseuss.bsky.social,,
e8a3d8ee3ef447c79b63dd49b78ce454,2026-02-22T08:00:00Z,2026-02-22T08:09:46Z,auth,auth_enUS_labelerexp,at://did:plc:7tessqxe6pssegenvcehnu6t/app.bsky.feed.generator/aaapo66fyrrga,suggested_labelerexp,26,at://did:plc:nrh7ngbqmdfdxowtxn6dazec/app.bsky.feed.post/3mfflylpcr225,bafyreicqhp6x6iasc3scbqn55abc5lbopdfftuswnlqrnbzoll2u5nlnfy,did:plc:nrh7ngbqmdfdxowtxn6dazec,docseuss.bsky.social,,
e8a3d8ee3ef447c79b63dd49b78ce454,2026-02-22T08:00:00Z,2026-02-22T08:09:46Z,auth,auth_enUS_labelerexp,at://did:plc:7tessqxe6pssegenvcehnu6t/app.bsky.feed.generator/aaapo66fyrrga,suggested_labelerexp,27,at://did:plc:nrh7ngbqmdfdxowtxn6dazec/app.bsky.feed.post/3mfflnxbvvc2e,bafyreicduvnlsomfgvwaddr2erdetwjz36spkz2wnccqme3nvosjuwxzx4,did:plc:nrh7ngbqmdfdxowtxn6dazec,docseuss.bsky.social,,
e8a3d8ee3ef447c79b63dd49b78ce454,2026-02-22T08:00:00Z,2026-02-22T08:09:46Z,auth,auth_enUS_labelerexp,at://did:plc:7tessqxe6pssegenvcehnu6t/app.bsky.feed.generator/aaapo66fyrrga,suggested_labelerexp,28,at://did:plc:nrh7ngbqmdfdxowtxn6dazec/app.bsky.feed.post/3mffl3inv4c2u,bafyreihodzgdqtrmgfdf6otrnev5wlqb7oovutpti2zv2zvsciayym63fe,did:plc:nrh7ngbqmdfdxowtxn6dazec,docseuss.bsky.social,,
e8a3d8ee3ef447c79b63dd49b78ce454,2026-02-22T08:00:00Z,2026-02-22T08:09:46Z,auth,auth_enUS_labelerexp,at://did:plc:7tessqxe6pssegenvcehnu6t/app.bsky.feed.generator/aaapo66fyrrga,suggested_labelerexp,29,at://did:plc:tcvxntd65wcvuevepgx5ywzb/app.bsky.feed.post/3mffjsbxcmk2b,bafyreignakcntvlqtlc454e35aek56ukvwflt4aa5s5b3fzcivphe57eri,did:plc:tcvxntd65wcvuevepgx5ywzb,iamleyeti.bsky.social,,
e8a3d8ee3ef447c79b63dd49b78ce454,2026-02-22T08:00:00Z,2026-02-22T08:09:46Z,auth,auth_enUS_labelerexp,at://did:plc:7tessqxe6pssegenvcehnu6t/app.bsky.feed.generator/aaapo66fyrrga,suggested_labelerexp,30,at://did:plc:tcvxntd65wcvuevepgx5ywzb/app.bsky.feed.post/3mffjnh4pqk2b,bafyreicowkpp4heqapmp4l32kndtunv7dmfnkjg4yufgvk53ufbhxy64ka,did:plc:tcvxntd65wcvuevepgx5ywzb,iamleyeti.bsky.social,,
e8a3d8ee3ef447c79b63dd49b78ce454,2026-02-22T08:00:00Z,2026-02-22T08:09:46Z,auth,auth_enUS_labelerexp,at://did:plc:7tessqxe6pssegenvcehnu6t/app.bsky.feed.generator/aaapo66fyrrga,suggested_labelerexp,31,at://did:plc:yvvofwz4m2rdrwa73fn64csu/app.bsky.feed.post/3mffihrs3y22y,bafyreifqlfoas6bflj3bsmghj272azlxntegtep7avuw3fel7xe2hi4uye,did:plc:yvvofwz4m2rdrwa73fn64csu,cypheroftyr.bsky.social,,
e8a3d8ee3ef447c79b63dd49b78ce454,2026-02-22T08:00:00Z,2026-02-22T08:09:46Z,auth,auth_enUS_labelerexp,at://did:plc:7tessqxe6pssegenvcehnu6t/app.bsky.feed.generator/aaapo66fyrrga,suggested_labelerexp,32,at://did:plc:nrh7ngbqmdfdxowtxn6dazec/app.bsky.feed.post/3mffi5n3kvs2o,bafyreigtq3zstaa2qotk2y6mvch5rsgbgo5bjtiywywrx665hitpa5d724,did:plc:nrh7ngbqmdfdxowtxn6dazec,docseuss.bsky.social,,
e8a3d8ee3ef447c79b63dd49b78ce454,2026-02-22T08:00:00Z,2026-02-22T08:09:46Z,auth,auth_enUS_labelerexp,at://did:plc:7tessqxe6pssegenvcehnu6t/app.bsky.feed.generator/aaapo66fyrrga,suggested_labelerexp,33,at://did:plc:5wmwbibbyym6nmkmz7b6yyoj/app.bsky.feed.post/3mffgujo5nk2k,bafyreiewpztnqh5opouan4gryxhvpw2kfc2txuz35pi5t2bwd6rmzpk7ua,did:plc:5wmwbibbyym6nmkmz7b6yyoj,jessnevins.bsky.social,,
e8a3d8ee3ef447c79b63dd49b78ce454,2026-02-22T08:00:00Z,2026-02-22T08:09:46Z,auth,auth_enUS_labelerexp,at://did:plc:7tessqxe6pssegenvcehnu6t/app.bsky.feed.generator/aaapo66fyrrga,suggested_labelerexp,34,at://did:plc:qey2lfqgmtdwfqyya6lzz5cs/app.bsky.feed.post/3mffdp24w5s2z,bafyreihvdspy6nq3ekqoj5t3ddrwg6oaf3gxbxbj6wfvktcsit4haucrqy,did:plc:qey2lfqgmtdwfqyya6lzz5cs,alexblechman.bsky.social,,
e8a3d8ee3ef447c79b63dd49b78ce454,2026-02-22T08:00:00Z,2026-02-22T08:09:46Z,auth,auth_enUS_labelerexp,at://did:plc:7tessqxe6pssegenvcehnu6t/app.bsky.feed.generator/aaapo66fyrrga,suggested_labelerexp,35,at://did:plc:qey2lfqgmtdwfqyya6lzz5cs/app.bsky.feed.post/3mffd5nyisk2z,bafyreigms4uouklkxzyyg6mgm6qyhjjqfx7xhmb7eukh6dkqw2us7zv6ki,did:plc:qey2lfqgmtdwfqyya6lzz5cs,alexblechman.bsky.social,,
e8a3d8ee3ef447c79b63dd49b78ce454,2026-02-22T08:00:00Z,2026-02-22T08:09:46Z,auth,auth_enUS_labelerexp,at://did:plc:7tessqxe6pssegenvcehnu6t/app.bsky.feed.generator/aaapo66fyrrga,suggested_labelerexp,36,at://did:plc:qey2lfqgmtdwfqyya6lzz5cs/app.bsky.feed.post/3mffcybmzos2z,bafyreic6bdt4gdmkfjehdehlot4r454ivuerqsamrsck2g64t4sooxb6za,did:plc:qey2lfqgmtdwfqyya6lzz5cs,alexblechman.bsky.social,,
e8a3d8ee3ef447c79b63dd49b78ce454,2026-02-22T08:00:00Z,2026-02-22T08:09:46Z,auth,auth_enUS_labelerexp,at://did:plc:7tessqxe6pssegenvcehnu6t/app.bsky.feed.generator/aaapo66fyrrga,suggested_labelerexp,37,at://did:plc:3qjzg45h4skpra47nqyhzwzl/app.bsky.feed.post/3mffcuzpgqk24,bafyreifwtgadl33hjysjkbhi6iw3itzra2bnqlxz3ysarywarhmcu7xt7q,did:plc:3qjzg45h4skpra47nqyhzwzl,simonchris.bsky.social,,
e8a3d8ee3ef447c79b63dd49b78ce454,2026-02-22T08:00:00Z,2026-02-22T08:09:46Z,auth,auth_enUS_labelerexp,at://did:plc:7tessqxe6pssegenvcehnu6t/app.bsky.feed.generator/aaapo66fyrrga,suggested_labelerexp,38,at://did:plc:iu3f4tsc6tljax52cze4u5lj/app.bsky.feed.post/3mffc44fw4s26,bafyreiaxwzzif2mo6t6p4ffwa5wxfinp4lypzvvafved5zqfxpggvwpdea,did:plc:iu3f4tsc6tljax52cze4u5lj,neomeruru.bsky.social,,
e8a3d8ee3ef447c79b63dd49b78ce454,2026-02-22T08:00:00Z,2026-02-22T08:09:46Z,auth,auth_enUS_labelerexp,at://did:plc:7tessqxe6pssegenvcehnu6t/app.bsky.feed.generator/aaapo66fyrrga,suggested_labelerexp,39,at://did:plc:xzritgbz45miucms4cvshqd6/app.bsky.feed.post/3mffbnapxll2m,bafyreibp7kawydvrckzj6mtxgovp5yldwvpb6rwl7dmbjsgqatr5nkfuza,did:plc:xzritgbz45miucms4cvshqd6,amazonchique.bsky.social,,
e8a3d8ee3ef447c79b63dd49b78ce454,2026-02-22T08:00:00Z,2026-02-22T08:09:46Z,auth,auth_enUS_labelerexp,at://did:plc:7tessqxe6pssegenvcehnu6t/app.bsky.feed.generator/aaapo66fyrrga,suggested_labelerexp,40,at://did:plc:xzritgbz45miucms4cvshqd6/app.bsky.feed.post/3mffbnaptol2m,bafyreibep3medjknqz46usmcg5qjiaujbef3jlqussfdbrriaesafyade4,did:plc:xzritgbz45miucms4cvshqd6,amazonchique.bsky.social,,
e8a3d8ee3ef447c79b63dd49b78ce454,2026-02-22T08:00:00Z,2026-02-22T08:09:46Z,auth,auth_enUS_labelerexp,at://did:plc:7tessqxe6pssegenvcehnu6t/app.bsky.feed.generator/aaapo66fyrrga,suggested_labelerexp,41,at://did:plc:ahwfpsgsdhmenrh6lgho24f2/app.bsky.feed.post/3mffb5ant5c2j,bafyreidcmlqmkgyhm3ref2xdel3eqhij6qqm6prz3ucse2xivbfqa7vqnm,did:plc:ahwfpsgsdhmenrh6lgho24f2,keano.bsky.social,,
e8a3d8ee3ef447c79b63dd49b78ce454,2026-02-22T08:00:00Z,2026-02-22T08:09:46Z,auth,auth_enUS_labelerexp,at://did:plc:7tessqxe6pssegenvcehnu6t/app.bsky.feed.generator/aaapo66fyrrga,suggested_labelerexp,42,at://did:plc:46dh2g4esikgeneoiuzgxftw/app.bsky.feed.post/3mffahpodmc2b,bafyreifvqyuwoktqvmaxmvagvnwdv6zwklm5djyorqwo4qh2gi2u4kzq2e,did:plc:46dh2g4esikgeneoiuzgxftw,funambulism.com,,
e8a3d8ee3ef447c79b63dd49b78ce454,2026-02-22T08:00:00Z,2026-02-22T08:09:46Z,auth,auth_enUS_labelerexp,at://did:plc:7tessqxe6pssegenvcehnu6t/app.bsky.feed.generator/aaapo66fyrrga,suggested_labelerexp,43,at://did:plc:zzififr6febsnsu754pidsxi/app.bsky.feed.post/3mffagz2lhc2a,bafyreie56poombja7nz3wgf2vabncj23bgtshmx4tf7ljeq4mndgenxu4e,did:plc:zzififr6febsnsu754pidsxi,drgonzo123.bsky.social,,
e8a3d8ee3ef447c79b63dd49b78ce454,2026-02-22T08:00:00Z,2026-02-22T08:09:46Z,auth,auth_enUS_labelerexp,at://did:plc:7tessqxe6pssegenvcehnu6t/app.bsky.feed.generator/aaapo66fyrrga,suggested_labelerexp,44,at://did:plc:q4vkqvvzhpir3wfkeqfofzgd/app.bsky.feed.post/3mffa6geq2s2n,bafyreib7ngszrc5kvqqskjjmva6nvo3ghwly7acpe26ii4rqdown5jgmee,did:plc:q4vkqvvzhpir3wfkeqfofzgd,blacktabbygames.com,,
e8a3d8ee3ef447c79b63dd49b78ce454,2026-02-22T08:00:00Z,2026-02-22T08:09:46Z,auth,auth_enUS_labelerexp,at://did:plc:7tessqxe6pssegenvcehnu6t/app.bsky.feed.generator/aaapo66fyrrga,suggested_labelerexp,45,at://did:plc:dss3yeneknwlz6hgapqnu3kl/app.bsky.feed.post/3mff7zylcsc2e,bafyreidakigffbubwgl3cfxi3tan4463qfc5jdf7xdrpccpl7bb27z7sei,did:plc:dss3yeneknwlz6hgapqnu3kl,sunshineduk.bsky.social,,
e8a3d8ee3ef447c79b63dd49b78ce454,2026-02-22T08:00:00Z,2026-02-22T08:09:46Z,auth,auth_enUS_labelerexp,at://did:plc:7tessqxe6pssegenvcehnu6t/app.bsky.feed.generator/aaapo66fyrrga,suggested_labelerexp,46,at://did:plc:dss3yeneknwlz6hgapqnu3kl/app.bsky.feed.post/3mff7x5grp22e,bafyreidmhf76kofoifuzso7rs2xly32eqyqj66rncmgdwea4ww55sgoadi,did:plc:dss3yeneknwlz6hgapqnu3kl,sunshineduk.bsky.social,,
e8a3d8ee3ef447c79b63dd49b78ce454,2026-02-22T08:00:00Z,2026-02-22T08:09:46Z,auth,auth_enUS_labelerexp,at://did:plc:7tessqxe6pssegenvcehnu6t/app.bsky.feed.generator/aaapo66fyrrga,suggested_labelerexp,47,at://did:plc:iu3f4tsc6tljax52cze4u5lj/app.bsky.feed.post/3mff7fiirm22q,bafyreicabgb6mshmlyuhhzdmmbm5y6etq6e7qyidlfmhhnkpde35khndqa,did:plc:iu3f4tsc6tljax52cze4u5lj,neomeruru.bsky.social,,
e8a3d8ee3ef447c79b63dd49b78ce454,2026-02-22T08:00:00Z,2026-02-22T08:09:46Z,auth,auth_enUS_labelerexp,at://did:plc:7tessqxe6pssegenvcehnu6t/app.bsky.feed.generator/aaapo66fyrrga,suggested_labelerexp,48,at://did:plc:ahwfpsgsdhmenrh6lgho24f2/app.bsky.feed.post/3mff75vxp4c2j,bafyreif564oputd3w3kjefhsdaphbakb3hn5d7drju77cwr4fj7ijcghiy,did:plc:ahwfpsgsdhmenrh6lgho24f2,keano.bsky.social,,
e8a3d8ee3ef447c79b63dd49b78ce454,2026-02-22T08:00:00Z,2026-02-22T08:09:46Z,auth,auth_enUS_labelerexp,at://did:plc:7tessqxe6pssegenvcehnu6t/app.bsky.feed.generator/aaapo66fyrrga,suggested_labelerexp,49,at://did:plc:iu3f4tsc6tljax52cze4u5lj/app.bsky.feed.post/3mff6y7r5xk2q,bafyreibmjn6lt5bmahaod4xcielt64ctiodkrymbx4nkk2qy5pgk2s3uvi,did:plc:iu3f4tsc6tljax52cze4u5lj,neomeruru.bsky.social,,
e8a3d8ee3ef447c79b63dd49b78ce454,2026-02-22T08:00:00Z,2026-02-22T08:09:46Z,auth,auth_enUS_labelerexp,at://did:plc:7tessqxe6pssegenvcehnu6t/app.bsky.feed.generator/aaapo66fyrrga,suggested_labelerexp,50,at://did:plc:5wmwbibbyym6nmkmz7b6yyoj/app.bsky.feed.post/3mff5zw7jnk26,bafyreigl5omkk5hp25dzatjuy3jevm3cc4zdozrq455ocx7fiq62ghpqqu,did:plc:5wmwbibbyym6nmkmz7b6yyoj,jessnevins.bsky.social,,
e8a3d8ee3ef447c79b63dd49b78ce454,2026-02-22T08:00:00Z,2026-02-22T08:09:48Z,auth,auth_enUS_labelerexp,at://did:plc:dvgliotey33vix3wlltybgkd/app.bsky.feed.generator/all-plus,suggested_labelerexp,1,at://did:plc:3nnwwpngxa7ox2ebk6t64dbd/app.bsky.feed.post/3mfgojp4jjk2x,bafyreibkekfenj52m3k6r4czra23jxbm2fkbntwjlbptmbdjpg3u2ogikq,did:plc:3nnwwpngxa7ox2ebk6t64dbd,aprosdoketon.bsky.social,,
e8a3d8ee3ef447c79b63dd49b78ce454,2026-02-22T08:00:00Z,2026-02-22T08:09:48Z,auth,auth_enUS_labelerexp,at://did:plc:dvgliotey33vix3wlltybgkd/app.bsky.feed.generator/all-plus,suggested_labelerexp,2,at://did:plc:oquw32f6wxkmjat5wiyichr7/app.bsky.feed.post/3mfgoimfonk2z,bafyreidbxsi6qabq2mufhed43xcjgik2s623lqtm3cc4rnf7z4im2cnbsa,did:plc:oquw32f6wxkmjat5wiyichr7,elhashallwill.bsky.social,,
e8a3d8ee3ef447c79b63dd49b78ce454,2026-02-22T08:00:00Z,2026-02-22T08:09:48Z,auth,auth_enUS_labelerexp,at://did:plc:dvgliotey33vix3wlltybgkd/app.bsky.feed.generator/all-plus,suggested_labelerexp,3,at://did:plc:qckgqefhnvtrumnlsg5pzd6q/app.bsky.feed.post/3mfgoi6zkhc2c,bafyreicscgwcjgsm72huoexynaxfb7bohhaboaqrmckvtv3s7h6xrr5s3a,did:plc:qckgqefhnvtrumnlsg5pzd6q,silkmoth.bsky.social,,
e8a3d8ee3ef447c79b63dd49b78ce454,2026-02-22T08:00:00Z,2026-02-22T08:09:48Z,auth,auth_enUS_labelerexp,at://did:plc:dvgliotey33vix3wlltybgkd/app.bsky.feed.generator/all-plus,suggested_labelerexp,4,at://did:plc:ma6rvnrwv7w625spymersmiv/app.bsky.feed.post/3mfgogivauc2w,bafyreifx6kdpcdek4h57wewvcbczlcpmrx5qsgmv3jso3lk6isqcebpwqi,did:plc:ma6rvnrwv7w625spymersmiv,leavestaceyalone.bsky.social,,
e8a3d8ee3ef447c79b63dd49b78ce454,2026-02-22T08:00:00Z,2026-02-22T08:09:48Z,auth,auth_enUS_labelerexp,at://did:plc:dvgliotey33vix3wlltybgkd/app.bsky.feed.generator/all-plus,suggested_labelerexp,5,at://did:plc:ibrzulais7posjh6dwwghjby/app.bsky.feed.post/3mfgofhitfs2t,bafyreibftf3o6m4jronsfoc3s73cr6k3ocl5ya3udnj7bzjhqbvbcnx4eq,did:plc:ibrzulais7posjh6dwwghjby,forechd.bsky.social,,
e8a3d8ee3ef447c79b63dd49b78ce454,2026-02-22T08:00:00Z,2026-02-22T08:09:48Z,auth,auth_enUS_labelerexp,at://did:plc:dvgliotey33vix3wlltybgkd/app.bsky.feed.generator/all-plus,suggested_labelerexp,6,at://did:plc:3nnwwpngxa7ox2ebk6t64dbd/app.bsky.feed.post/3mfgofbq2d22x,bafyreihjkk4lavckvz4e7gghhlgos7grzyyv24so5davodjjub3dt54bie,did:plc:3nnwwpngxa7ox2ebk6t64dbd,aprosdoketon.bsky.social,,
e8a3d8ee3ef447c79b63dd49b78ce454,2026-02-22T08:00:00Z,2026-02-22T08:09:48Z,auth,auth_enUS_labelerexp,at://did:plc:dvgliotey33vix3wlltybgkd/app.bsky.feed.generator/all-plus,suggested_labelerexp,7,at://did:plc:3nnwwpngxa7ox2ebk6t64dbd/app.bsky.feed.post/3mfgoc3fj622x,bafyreifl3ahgxcqyyhnakiqzqamlit6r5jrljz3seiphdzz2cp54rhcbk4,did:plc:3nnwwpngxa7ox2ebk6t64dbd,aprosdoketon.bsky.social,,
e8a3d8ee3ef447c79b63dd49b78ce454,2026-02-22T08:00:00Z,2026-02-22T08:09:48Z,auth,auth_enUS_labelerexp,at://did:plc:dvgliotey33vix3wlltybgkd/app.bsky.feed.generator/all-plus,suggested_labelerexp,8,at://did:plc:3nnwwpngxa7ox2ebk6t64dbd/app.bsky.feed.post/3mfgoanvcjs2x,bafyreibhluunqyr5s52qub6r2knab5tqkcv4eznbdrgdtc5r72eum7hhmi,did:plc:3nnwwpngxa7ox2ebk6t64dbd,aprosdoketon.bsky.social,,
e8a3d8ee3ef447c79b63dd49b78ce454,2026-02-22T08:00:00Z,2026-02-22T08:09:48Z,auth,auth_enUS_labelerexp,at://did:plc:dvgliotey33vix3wlltybgkd/app.bsky.feed.generator/all-plus,suggested_labelerexp,9,at://did:plc:c5nlujvorh2kh6jgp3tpfyum/app.bsky.feed.post/3mfgoabckfq2s,bafyreia2v753wucqztz5iwbb35dj4bfo7eqqsplymboiqp4cbqvnlttsc4,did:plc:c5nlujvorh2kh6jgp3tpfyum,bigcats.org.ua,,
e8a3d8ee3ef447c79b63dd49b78ce454,2026-02-22T08:00:00Z,2026-02-22T08:09:48Z,auth,auth_enUS_labelerexp,at://did:plc:dvgliotey33vix3wlltybgkd/app.bsky.feed.generator/all-plus,suggested_labelerexp,10,at://did:plc:5zct2ljqor4f3uhrtzyeexso/app.bsky.feed.post/3mfgo7l7suq2z,bafyreigsxjkw3fy3y373czsbsqygoaqrujzqmua3t2orei5lp5atzb4w2a,did:plc:5zct2ljqor4f3uhrtzyeexso,moyaknyharnya.bsky.social,,
e8a3d8ee3ef447c79b63dd49b78ce454,2026-02-22T08:00:00Z,2026-02-22T08:09:48Z,auth,auth_enUS_labelerexp,at://did:plc:dvgliotey33vix3wlltybgkd/app.bsky.feed.generator/all-plus,suggested_labelerexp,11,at://did:plc:lwtzbta5corlafnk3p6up7d7/app.bsky.feed.post/3mfgo5xad6k2z,bafyreifgi7pfgembjg2yj4akldvyf4oyzt63swfnzyz4vqdeg3ymipw5le,did:plc:lwtzbta5corlafnk3p6up7d7,wasybaz1.bsky.social,,
e8a3d8ee3ef447c79b63dd49b78ce454,2026-02-22T08:00:00Z,2026-02-22T08:09:48Z,auth,auth_enUS_labelerexp,at://did:plc:dvgliotey33vix3wlltybgkd/app.bsky.feed.generator/all-plus,suggested_labelerexp,12,at://did:plc:3nnwwpngxa7ox2ebk6t64dbd/app.bsky.feed.post/3mfgo3cdshs2x,bafyreierod6d6bciqa7cd63qfkj7dnwxd2srxwbrc666sizd6pbmbgmnkq,did:plc:3nnwwpngxa7ox2ebk6t64dbd,aprosdoketon.bsky.social,,
e8a3d8ee3ef447c79b63dd49b78ce454,2026-02-22T08:00:00Z,2026-02-22T08:09:48Z,auth,auth_enUS_labelerexp,at://did:plc:dvgliotey33vix3wlltybgkd/app.bsky.feed.generator/all-plus,suggested_labelerexp,13,at://did:plc:vx5tar3fasbzbgf4r62x2kdn/app.bsky.feed.post/3mfgnzxxh5k2n,bafyreihp4haam2kjoexlx2x5piylfjn5rg5mkhpatvatvyg6y257zwusfe,did:plc:vx5tar3fasbzbgf4r62x2kdn,trembity.bsky.social,,
e8a3d8ee3ef447c79b63dd49b78ce454,2026-02-22T08:00:00Z,2026-02-22T08:09:48Z,auth,auth_enUS_labelerexp,at://did:plc:dvgliotey33vix3wlltybgkd/app.bsky.feed.generator/all-plus,suggested_labelerexp,14,at://did:plc:3loo4eggng7s7njjox2qbdcv/app.bsky.feed.post/3mfgnxrmtmk2t,bafyreigcylmo6jbs4z7day43sq64wh2zswv7jjxgikgkwvnfdixsohcf7y,did:plc:3loo4eggng7s7njjox2qbdcv,cpthorn1100.bsky.social,,
e8a3d8ee3ef447c79b63dd49b78ce454,2026-02-22T08:00:00Z,2026-02-22T08:09:48Z,auth,auth_enUS_labelerexp,at://did:plc:dvgliotey33vix3wlltybgkd/app.bsky.feed.generator/all-plus,suggested_labelerexp,15,at://did:plc:wlyenfka7jpgbsxpowrdlghu/app.bsky.feed.post/3mfgntyv6vk2v,bafyreifrnwadhc3zb2hwjbizk6m4h2he5j3cejdpbwvvhknqtx2d5yb55u,did:plc:wlyenfka7jpgbsxpowrdlghu,irnka.bsky.social,,
e8a3d8ee3ef447c79b63dd49b78ce454,2026-02-22T08:00:00Z,2026-02-22T08:09:48Z,auth,auth_enUS_labelerexp,at://did:plc:dvgliotey33vix3wlltybgkd/app.bsky.feed.generator/all-plus,suggested_labelerexp,16,at://did:plc:ncbwdhzq2l3zgmb4rrod7ydg/app.bsky.feed.post/3mfgntejx2k2h,bafyreihflpxv26caqmbl453ngijoatscva6l2wl7pnhcycyfg55u7uo754,did:plc:ncbwdhzq2l3zgmb4rrod7ydg,cocoojamboo.bsky.social,,
e8a3d8ee3ef447c79b63dd49b78ce454,2026-02-22T08:00:00Z,2026-02-22T08:09:48Z,auth,auth_enUS_labelerexp,at://did:plc:dvgliotey33vix3wlltybgkd/app.bsky.feed.generator/all-plus,suggested_labelerexp,17,at://did:plc:3nnwwpngxa7ox2ebk6t64dbd/app.bsky.feed.post/3mfgns477ds2x,bafyreig37nmxladvawjhsu4tsebwxnxruvtli4gb4ttb3y7llpa77m5gbi,did:plc:3nnwwpngxa7ox2ebk6t64dbd,aprosdoketon.bsky.social,,
e8a3d8ee3ef447c79b63dd49b78ce454,2026-02-22T08:00:00Z,2026-02-22T08:09:48Z,auth,auth_enUS_labelerexp,at://did:plc:dvgliotey33vix3wlltybgkd/app.bsky.feed.generator/all-plus,suggested_labelerexp,18,at://did:plc:x2h2xqvktoy6mmwmdbqtlz35/app.bsky.feed.post/3mfgnqfwoyc2k,bafyreihxt6cfeb3n36i6hiqvvqygqb53csr7yu24n3pmbzg5uauykfburu,did:plc:x2h2xqvktoy6mmwmdbqtlz35,oldsaddog.bsky.social,,
e8a3d8ee3ef447c79b63dd49b78ce454,2026-02-22T08:00:00Z,2026-02-22T08:09:48Z,auth,auth_enUS_labelerexp,at://did:plc:dvgliotey33vix3wlltybgkd/app.bsky.feed.generator/all-plus,suggested_labelerexp,19,at://did:plc:7gz3kusqae2e5f7fzbz4q6bu/app.bsky.feed.post/3mfgnqb4ig22m,bafyreih4ex4bq7r2kux4rklatpo2z77ib5qvar6qkmsucqykrdjr2nuwv4,did:plc:7gz3kusqae2e5f7fzbz4q6bu,kurotsuchi-mayuri.bsky.social,,
e8a3d8ee3ef447c79b63dd49b78ce454,2026-02-22T08:00:00Z,2026-02-22T08:09:48Z,auth,auth_enUS_labelerexp,at://did:plc:dvgliotey33vix3wlltybgkd/app.bsky.feed.generator/all-plus,suggested_labelerexp,20,at://did:plc:hszyy42ce33nwqx3apoh3k2v/app.bsky.feed.post/3mfgnoz2gzk27,bafyreifi3a54kpsaz5ra2kh5hkxa3m6ad3npfpkns2ygpvrnbrldmhjitm,did:plc:hszyy42ce33nwqx3apoh3k2v,freebird7363.bsky.social,,
e8a3d8ee3ef447c79b63dd49b78ce454,2026-02-22T08:00:00Z,2026-02-22T08:09:48Z,auth,auth_enUS_labelerexp,at://did:plc:dvgliotey33vix3wlltybgkd/app.bsky.feed.generator/all-plus,suggested_labelerexp,21,at://did:plc:qybohxdl3tw2tsnxqhxq4gnn/app.bsky.feed.post/3mfgnm2ckjc2p,bafyreiareprmdysovkp2vketnxb3nvcmsstbzxq4b5ioezrk7sd7xuwgp4,did:plc:qybohxdl3tw2tsnxqhxq4gnn,rar96.bsky.social,,
e8a3d8ee3ef447c79b63dd49b78ce454,2026-02-22T08:00:00Z,2026-02-22T08:09:48Z,auth,auth_enUS_labelerexp,at://did:plc:dvgliotey33vix3wlltybgkd/app.bsky.feed.generator/all-plus,suggested_labelerexp,22,at://did:plc:64d5n3stfyvinbv7mylr6esc/app.bsky.feed.post/3mfgnkvya6k2f,bafyreicliqk46tdr326oqaoaajx5umjhy2zu4dwazgpklqkkcuyzawgmji,did:plc:64d5n3stfyvinbv7mylr6esc,ekleziast.bsky.social,,
e8a3d8ee3ef447c79b63dd49b78ce454,2026-02-22T08:00:00Z,2026-02-22T08:09:48Z,auth,auth_enUS_labelerexp,at://did:plc:dvgliotey33vix3wlltybgkd/app.bsky.feed.generator/all-plus,suggested_labelerexp,23,at://did:plc:3nnwwpngxa7ox2ebk6t64dbd/app.bsky.feed.post/3mfgnjshzrs2x,bafyreiht23stixbpo6wb36hsm32jucagoypo3r3we46g26n3r2qtj27tgm,did:plc:3nnwwpngxa7ox2ebk6t64dbd,aprosdoketon.bsky.social,,
e8a3d8ee3ef447c79b63dd49b78ce454,2026-02-22T08:00:00Z,2026-02-22T08:09:48Z,auth,auth_enUS_labelerexp,at://did:plc:dvgliotey33vix3wlltybgkd/app.bsky.feed.generator/all-plus,suggested_labelerexp,24,at://did:plc:jccqcixog6ophgqjqdxisyou/app.bsky.feed.post/3mfgniexfi22q,bafyreif2eoiq4iy7axcm7cp43yaonue2pkmelf2ick7yo26x77hudrtw3i,did:plc:jccqcixog6ophgqjqdxisyou,deadfromforest.bsky.social,,
e8a3d8ee3ef447c79b63dd49b78ce454,2026-02-22T08:00:00Z,2026-02-22T08:09:48Z,auth,auth_enUS_labelerexp,at://did:plc:dvgliotey33vix3wlltybgkd/app.bsky.feed.generator/all-plus,suggested_labelerexp,25,at://did:plc:ixxxa4ptyanljfp276q65tj7/app.bsky.feed.post/3mfgnct7gtc2u,bafyreiexncezzzlmb36l7yku6ght35ksuucozfslxwv3js5n5wbwwomk6q,did:plc:ixxxa4ptyanljfp276q65tj7,bromidex.bsky.social,,
e8a3d8ee3ef447c79b63dd49b78ce454,2026-02-22T08:00:00Z,2026-02-22T08:09:48Z,auth,auth_enUS_labelerexp,at://did:plc:dvgliotey33vix3wlltybgkd/app.bsky.feed.generator/all-plus,suggested_labelerexp,26,at://did:plc:45wvh3nuigz7owgzbutyt5vf/app.bsky.feed.post/3mfgn76g25k2w,bafyreigjamc23pobjzcbzitjydlbvovbapm33nfd3jhaecfbrd3wp7hgoa,did:plc:45wvh3nuigz7owgzbutyt5vf,kunyka.bsky.social,,
e8a3d8ee3ef447c79b63dd49b78ce454,2026-02-22T08:00:00Z,2026-02-22T08:09:48Z,auth,auth_enUS_labelerexp,at://did:plc:dvgliotey33vix3wlltybgkd/app.bsky.feed.generator/all-plus,suggested_labelerexp,27,at://did:plc:3nnwwpngxa7ox2ebk6t64dbd/app.bsky.feed.post/3mfgn626tgc2x,bafyreib4egd65ugx5arae6i3thosp2txdrte4ttng6odmj7mw7meu3b2uu,did:plc:3nnwwpngxa7ox2ebk6t64dbd,aprosdoketon.bsky.social,,
e8a3d8ee3ef447c79b63dd49b78ce454,2026-02-22T08:00:00Z,2026-02-22T08:09:48Z,auth,auth_enUS_labelerexp,at://did:plc:dvgliotey33vix3wlltybgkd/app.bsky.feed.generator/all-plus,suggested_labelerexp,28,at://did:plc:7gz3kusqae2e5f7fzbz4q6bu/app.bsky.feed.post/3mfgn44s2es2m,bafyreia5tfoqd23tudpf7wbsgtfzobidwdt3ppwbmtn5jotqgfyyou2qn4,did:plc:7gz3kusqae2e5f7fzbz4q6bu,kurotsuchi-mayuri.bsky.social,,
e8a3d8ee3ef447c79b63dd49b78ce454,2026-02-22T08:00:00Z,2026-02-22T08:09:48Z,auth,auth_enUS_labelerexp,at://did:plc:dvgliotey33vix3wlltybgkd/app.bsky.feed.generator/all-plus,suggested_labelerexp,29,at://did:plc:3nnwwpngxa7ox2ebk6t64dbd/app.bsky.feed.post/3mfgmywqxxc2x,bafyreigexsditzd7rsmkfn244sbsfl2v36pcq7ytvlckwke4qpab3uaifm,did:plc:3nnwwpngxa7ox2ebk6t64dbd,aprosdoketon.bsky.social,,
e8a3d8ee3ef447c79b63dd49b78ce454,2026-02-22T08:00:00Z,2026-02-22T08:09:48Z,auth,auth_enUS_labelerexp,at://did:plc:dvgliotey33vix3wlltybgkd/app.bsky.feed.generator/all-plus,suggested_labelerexp,30,at://did:plc:3nnwwpngxa7ox2ebk6t64dbd/app.bsky.feed.post/3mfgmxcasdc2x,bafyreibkoofwhqx3h5zy27p3kwzhxlie65syucqj7bsyvrpcghhibhso2u,did:plc:3nnwwpngxa7ox2ebk6t64dbd,aprosdoketon.bsky.social,,
e8a3d8ee3ef447c79b63dd49b78ce454,2026-02-22T08:00:00Z,2026-02-22T08:09:48Z,auth,auth_enUS_labelerexp,at://did:plc:dvgliotey33vix3wlltybgkd/app.bsky.feed.generator/all-plus,suggested_labelerexp,31,at://did:plc:hszyy42ce33nwqx3apoh3k2v/app.bsky.feed.post/3mfgmowlw5s27,bafyreibhu2py33qxbyyrrwtlapg65pt4453issg7nzzusbyadubz25dhda,did:plc:hszyy42ce33nwqx3apoh3k2v,freebird7363.bsky.social,,
e8a3d8ee3ef447c79b63dd49b78ce454,2026-02-22T08:00:00Z,2026-02-22T08:09:48Z,auth,auth_enUS_labelerexp,at://did:plc:dvgliotey33vix3wlltybgkd/app.bsky.feed.generator/all-plus,suggested_labelerexp,32,at://did:plc:obmbaz6resyaob3epuuylyqf/app.bsky.feed.post/3mfgmm7jlvn22,bafyreidsphz6vb4mzl3yr2tzan2u3ehewrzgxkewviaugd6ppfhkrgiir4,did:plc:obmbaz6resyaob3epuuylyqf,cbastatsbot.bsky.social,,
e8a3d8ee3ef447c79b63dd49b78ce454,2026-02-22T08:00:00Z,2026-02-22T08:09:48Z,auth,auth_enUS_labelerexp,at://did:plc:dvgliotey33vix3wlltybgkd/app.bsky.feed.generator/all-plus,suggested_labelerexp,33,at://did:plc:obmbaz6resyaob3epuuylyqf/app.bsky.feed.post/3mfgmlvfsmf2v,bafyreign7mdgf3sf5ixud72adrmo6mnj362xptkwuj45nyrrrvs3ubr66y,did:plc:obmbaz6resyaob3epuuylyqf,cbastatsbot.bsky.social,,
e8a3d8ee3ef447c79b63dd49b78ce454,2026-02-22T08:00:00Z,2026-02-22T08:09:48Z,auth,auth_enUS_labelerexp,at://did:plc:dvgliotey33vix3wlltybgkd/app.bsky.feed.generator/all-plus,suggested_labelerexp,34,at://did:plc:obmbaz6resyaob3epuuylyqf/app.bsky.feed.post/3mfgmlunszh2o,bafyreicfsbcwkah7ydzp3xpmrsbbxd7dkpw4ciahdochbauby2htdbpfey,did:plc:obmbaz6resyaob3epuuylyqf,cbastatsbot.bsky.social,,
e8a3d8ee3ef447c79b63dd49b78ce454,2026-02-22T08:00:00Z,2026-02-22T08:09:48Z,auth,auth_enUS_labelerexp,at://did:plc:dvgliotey33vix3wlltybgkd/app.bsky.feed.generator/all-plus,suggested_labelerexp,35,at://did:plc:obmbaz6resyaob3epuuylyqf/app.bsky.feed.post/3mfgmlkgt4v22,bafyreidhkubdi5ljozuteabt7v5uj6z47yjkczywoymy4hdyqkyskyhvgi,did:plc:obmbaz6resyaob3epuuylyqf,cbastatsbot.bsky.social,,
e8a3d8ee3ef447c79b63dd49b78ce454,2026-02-22T08:00:00Z,2026-02-22T08:09:48Z,auth,auth_enUS_labelerexp,at://did:plc:dvgliotey33vix3wlltybgkd/app.bsky.feed.generator/all-plus,suggested_labelerexp,36,at://did:plc:t4a36k5oiox3hn6jwnyxjeba/app.bsky.feed.post/3mfgmgdo7s22r,bafyreihpbq3m7lirgqlzcpuacba65x3p3kjl7sj32qpnp5vdcroexjhpmy,did:plc:t4a36k5oiox3hn6jwnyxjeba,megamaha.bsky.social,,
e8a3d8ee3ef447c79b63dd49b78ce454,2026-02-22T08:00:00Z,2026-02-22T08:09:48Z,auth,auth_enUS_labelerexp,at://did:plc:dvgliotey33vix3wlltybgkd/app.bsky.feed.generator/all-plus,suggested_labelerexp,37,at://did:plc:blzcuspxhjsvg64sqdurm47h/app.bsky.feed.post/3mfgmfv6e222p,bafyreidiq6soqypeuecznpu5if34r77p5mohkopl3vx6yl5t24ohiri3t4,did:plc:blzcuspxhjsvg64sqdurm47h,zabanene.bsky.social,,
e8a3d8ee3ef447c79b63dd49b78ce454,2026-02-22T08:00:00Z,2026-02-22T08:09:48Z,auth,auth_enUS_labelerexp,at://did:plc:dvgliotey33vix3wlltybgkd/app.bsky.feed.generator/all-plus,suggested_labelerexp,38,at://did:plc:qybohxdl3tw2tsnxqhxq4gnn/app.bsky.feed.post/3mfgm5cys522p,bafyreibsvb2xyuangqwyzce273rq457nggz7a6ytjpnraov3hmfz725vq4,did:plc:qybohxdl3tw2tsnxqhxq4gnn,rar96.bsky.social,,
e8a3d8ee3ef447c79b63dd49b78ce454,2026-02-22T08:00:00Z,2026-02-22T08:09:48Z,auth,auth_enUS_labelerexp,at://did:plc:dvgliotey33vix3wlltybgkd/app.bsky.feed.generator/all-plus,suggested_labelerexp,39,at://did:plc:34qxnkkiwypp756aiboidzbg/app.bsky.feed.post/3mfgm4wergc2i,bafyreibrltjd2tl5nat7e6wntgigo7prbklbnvpkj3gdf2jzwzy64gna64,did:plc:34qxnkkiwypp756aiboidzbg,nastk.bsky.social,,
e8a3d8ee3ef447c79b63dd49b78ce454,2026-02-22T08:00:00Z,2026-02-22T08:09:48Z,auth,auth_enUS_labelerexp,at://did:plc:dvgliotey33vix3wlltybgkd/app.bsky.feed.generator/all-plus,suggested_labelerexp,40,at://did:plc:axmq2qcadlighsjm7lze25yb/app.bsky.feed.post/3mfgm277fns2g,bafyreidjqw3uloxyvjhyci73xlbgsqxcroegqemzg744meutu4rxryisma,did:plc:axmq2qcadlighsjm7lze25yb,misscurly.bsky.social,,
e8a3d8ee3ef447c79b63dd49b78ce454,2026-02-22T08:00:00Z,2026-02-22T08:09:48Z,auth,auth_enUS_labelerexp,at://did:plc:dvgliotey33vix3wlltybgkd/app.bsky.feed.generator/all-plus,suggested_labelerexp,41,at://did:plc:ivyhg4rdzvraj3kx272gb5r4/app.bsky.feed.post/3mfglruhdec2s,bafyreib6v6wejqqqs3q7gguazyxwxygmfppboqk53zunrs3y6oezud3wf4,did:plc:ivyhg4rdzvraj3kx272gb5r4,w1nterc0re.bsky.social,,
e8a3d8ee3ef447c79b63dd49b78ce454,2026-02-22T08:00:00Z,2026-02-22T08:09:48Z,auth,auth_enUS_labelerexp,at://did:plc:dvgliotey33vix3wlltybgkd/app.bsky.feed.generator/all-plus,suggested_labelerexp,42,at://did:plc:d62vi7uzfjd7i4cu4gsgvzyn/app.bsky.feed.post/3mfglphtv322d,bafyreifwwsy6yb76roueovnwte6a7c5tpu3hlhpiwll5uma4y4u6hy322i,did:plc:d62vi7uzfjd7i4cu4gsgvzyn,pangeaua.bsky.social,,
e8a3d8ee3ef447c79b63dd49b78ce454,2026-02-22T08:00:00Z,2026-02-22T08:09:48Z,auth,auth_enUS_labelerexp,at://did:plc:dvgliotey33vix3wlltybgkd/app.bsky.feed.generator/all-plus,suggested_labelerexp,43,at://did:plc:zadhwd2pvwhrskvhowgaluqk/app.bsky.feed.post/3mfglif25ys25,bafyreibu65pg7qrl5p4ex53jb7wfefu4dtduvzv2atpuz5txwhusoy6lae,did:plc:zadhwd2pvwhrskvhowgaluqk,bihanskyy.bsky.social,,
e8a3d8ee3ef447c79b63dd49b78ce454,2026-02-22T08:00:00Z,2026-02-22T08:09:48Z,auth,auth_enUS_labelerexp,at://did:plc:dvgliotey33vix3wlltybgkd/app.bsky.feed.generator/all-plus,suggested_labelerexp,44,at://did:plc:h4w44uk3oveftreaxjdfekzf/app.bsky.feed.post/3mfgl6i3x7s25,bafyreiefyz55ypekggqkhmo3t5lhw5fn34sywhgnivrr6nkjxvnzfikn5q,did:plc:h4w44uk3oveftreaxjdfekzf,leramuzyka.bsky.social,,
e8a3d8ee3ef447c79b63dd49b78ce454,2026-02-22T08:00:00Z,2026-02-22T08:09:48Z,auth,auth_enUS_labelerexp,at://did:plc:dvgliotey33vix3wlltybgkd/app.bsky.feed.generator/all-plus,suggested_labelerexp,45,at://did:plc:t65wgg4od7lhklvshyuiz6j4/app.bsky.feed.post/3mfgl3xuzmk27,bafyreicdm3pw6ju2hxnm3gpywfiwgp4ly2spzxyxkd3stzxpshticgbxxe,did:plc:t65wgg4od7lhklvshyuiz6j4,bansheenya.bsky.social,,
e8a3d8ee3ef447c79b63dd49b78ce454,2026-02-22T08:00:00Z,2026-02-22T08:09:48Z,auth,auth_enUS_labelerexp,at://did:plc:dvgliotey33vix3wlltybgkd/app.bsky.feed.generator/all-plus,suggested_labelerexp,46,at://did:plc:c5nlujvorh2kh6jgp3tpfyum/app.bsky.feed.post/3mfgkv2wn4c2d,bafyreigwmbbmzrt5tas4o2bsf5qjc5xpmy7sbi6pneeyelzdlnkn5uksum,did:plc:c5nlujvorh2kh6jgp3tpfyum,bigcats.org.ua,,
e8a3d8ee3ef447c79b63dd49b78ce454,2026-02-22T08:00:00Z,2026-02-22T08:09:48Z,auth,auth_enUS_labelerexp,at://did:plc:dvgliotey33vix3wlltybgkd/app.bsky.feed.generator/all-plus,suggested_labelerexp,47,at://did:plc:cy6uslx3dosf2ev4w4gvdvsl/app.bsky.feed.post/3mfgkuoojss2g,bafyreihofcg2plfkbi6vvsupvav6vu7hji33mafos6s7d7c22lfu6srebi,did:plc:cy6uslx3dosf2ev4w4gvdvsl,rookygoosy.bsky.social,,
e8a3d8ee3ef447c79b63dd49b78ce454,2026-02-22T08:00:00Z,2026-02-22T08:09:48Z,auth,auth_enUS_labelerexp,at://did:plc:dvgliotey33vix3wlltybgkd/app.bsky.feed.generator/all-plus,suggested_labelerexp,48,at://did:plc:5555q7otoiw4oupep3efsseb/app.bsky.feed.post/3mfgkuiaqyu2c,bafyreieii4a7o5x3um5umn3epuu7vvn6bshn4bzsjainvoxuij67ypowra,did:plc:5555q7otoiw4oupep3efsseb,lesbot.bsky.social,,
e8a3d8ee3ef447c79b63dd49b78ce454,2026-02-22T08:00:00Z,2026-02-22T08:09:48Z,auth,auth_enUS_labelerexp,at://did:plc:dvgliotey33vix3wlltybgkd/app.bsky.feed.generator/all-plus,suggested_labelerexp,49,at://did:plc:lsfe4z4ndmvmmgr72q32kt5g/app.bsky.feed.post/3mfgkndn2cs2m,bafyreih3cgubzpjw7imcqrcdx7h5lsu6o7jr4hj7uxjd2t2bgt5gfai4w4,did:plc:lsfe4z4ndmvmmgr72q32kt5g,jyrnalist.bsky.social,,
e8a3d8ee3ef447c79b63dd49b78ce454,2026-02-22T08:00:00Z,2026-02-22T08:09:48Z,auth,auth_enUS_labelerexp,at://did:plc:dvgliotey33vix3wlltybgkd/app.bsky.feed.generator/all-plus,suggested_labelerexp,50,at://did:plc:bk3njpmpm2zapzeymja7szgq/app.bsky.feed.post/3mfgkmobai224,bafyreictb7gmb47wdb6tlll65ihelyefkynv2ve3jjpooe6ub3qn6ignmu,did:plc:bk3njpmpm2zapzeymja7szgq,uavibes.bsky.social,,
e8a3d8ee3ef447c79b63dd49b78ce454,2026-02-22T08:00:00Z,2026-02-22T08:09:49Z,auth,auth_enUS_labelerexp,at://did:plc:geoqe3qls5mwezckxxsewys2/app.bsky.feed.generator/aaabqvnkaktho,suggested_labelerexp,1,at://did:plc:geoqe3qls5mwezckxxsewys2/app.bsky.feed.post/3k3ffgbxnd72z,bafyreidanr6wirliuuem6i4nfv2cqjaig637xuevqqhytwt2j2ib6dxt54,did:plc:geoqe3qls5mwezckxxsewys2,clarabelle.xyz,,
e8a3d8ee3ef447c79b63dd49b78ce454,2026-02-22T08:00:00Z,2026-02-22T08:09:49Z,auth,auth_enUS_labelerexp,at://did:plc:geoqe3qls5mwezckxxsewys2/app.bsky.feed.generator/aaabqvnkaktho,suggested_labelerexp,2,at://did:plc:geoqe3qls5mwezckxxsewys2/app.bsky.feed.post/3mfd2gblsq22k,bafyreidwsb5t4lkxu4mpunsphnc7dlx2uctwnqjafyo2kffw2zbz676ryq,did:plc:geoqe3qls5mwezckxxsewys2,clarabelle.xyz,,
e8a3d8ee3ef447c79b63dd49b78ce454,2026-02-22T08:00:00Z,2026-02-22T08:09:49Z,auth,auth_enUS_labelerexp,at://did:plc:geoqe3qls5mwezckxxsewys2/app.bsky.feed.generator/aaabqvnkaktho,suggested_labelerexp,3,at://did:plc:geoqe3qls5mwezckxxsewys2/app.bsky.feed.post/3mdy7ntjguc2w,bafyreicacyhuytrla3wdxa6weav5drsao4lnjfxgd3mhtthdwqqia24qvq,did:plc:geoqe3qls5mwezckxxsewys2,clarabelle.xyz,,
e8a3d8ee3ef447c79b63dd49b78ce454,2026-02-22T08:00:00Z,2026-02-22T08:09:49Z,auth,auth_enUS_labelerexp,at://did:plc:geoqe3qls5mwezckxxsewys2/app.bsky.feed.generator/aaabqvnkaktho,suggested_labelerexp,4,at://did:plc:geoqe3qls5mwezckxxsewys2/app.bsky.feed.post/3mayyqukltc2c,bafyreiehcazbf24kgxm4cqsrhfhum3z72mmetm3padx5yg56iqkfiuoauq,did:plc:geoqe3qls5mwezckxxsewys2,clarabelle.xyz,,
e8a3d8ee3ef447c79b63dd49b78ce454,2026-02-22T08:00:00Z,2026-02-22T08:09:49Z,auth,auth_enUS_labelerexp,at://did:plc:geoqe3qls5mwezckxxsewys2/app.bsky.feed.generator/aaabqvnkaktho,suggested_labelerexp,5,at://did:plc:geoqe3qls5mwezckxxsewys2/app.bsky.feed.post/3m763ewqsdk2h,bafyreihp5gndbum2ritollrgcmvqvihervh53cnktpy35wwtbzfioucna4,did:plc:geoqe3qls5mwezckxxsewys2,clarabelle.xyz,,
e8a3d8ee3ef447c79b63dd49b78ce454,2026-02-22T08:00:00Z,2026-02-22T08:09:49Z,auth,auth_enUS_labelerexp,at://did:plc:geoqe3qls5mwezckxxsewys2/app.bsky.feed.generator/aaabqvnkaktho,suggested_labelerexp,6,at://did:plc:geoqe3qls5mwezckxxsewys2/app.bsky.feed.post/3m3ppddmkds2i,bafyreifvq67ojsycr2eohsdplm5oxtpeflttlfuy5irsii3oijak5cb6dy,did:plc:geoqe3qls5mwezckxxsewys2,clarabelle.xyz,,
e8a3d8ee3ef447c79b63dd49b78ce454,2026-02-22T08:00:00Z,2026-02-22T08:09:49Z,auth,auth_enUS_labelerexp,at://did:plc:geoqe3qls5mwezckxxsewys2/app.bsky.feed.generator/aaabqvnkaktho,suggested_labelerexp,7,at://did:plc:geoqe3qls5mwezckxxsewys2/app.bsky.feed.post/3m2kf7vxi6224,bafyreihju7mrfumvavcq754rt3qtc7ze3ms2iky6fghsqqe4xn3zhjc3ga,did:plc:geoqe3qls5mwezckxxsewys2,clarabelle.xyz,,
e8a3d8ee3ef447c79b63dd49b78ce454,2026-02-22T08:00:00Z,2026-02-22T08:09:49Z,auth,auth_enUS_labelerexp,at://did:plc:geoqe3qls5mwezckxxsewys2/app.bsky.feed.generator/aaabqvnkaktho,suggested_labelerexp,8,at://did:plc:geoqe3qls5mwezckxxsewys2/app.bsky.feed.post/3m2hyexmzdk24,bafyreid2dsxddvm7yxiqk6feebxiqd3h4jmr4jsfmmr4xl47z4iaa2xaqm,did:plc:geoqe3qls5mwezckxxsewys2,clarabelle.xyz,,
e8a3d8ee3ef447c79b63dd49b78ce454,2026-02-22T08:00:00Z,2026-02-22T08:09:49Z,auth,auth_enUS_labelerexp,at://did:plc:geoqe3qls5mwezckxxsewys2/app.bsky.feed.generator/aaabqvnkaktho,suggested_labelerexp,9,at://did:plc:geoqe3qls5mwezckxxsewys2/app.bsky.feed.post/3lysneyycns2i,bafyreiajsutcmafi4hbnsx6srpiieqbvn4cze3umndax3ei47y7fcucdda,did:plc:geoqe3qls5mwezckxxsewys2,clarabelle.xyz,,
e8a3d8ee3ef447c79b63dd49b78ce454,2026-02-22T08:00:00Z,2026-02-22T08:09:49Z,auth,auth_enUS_labelerexp,at://did:plc:geoqe3qls5mwezckxxsewys2/app.bsky.feed.generator/aaabqvnkaktho,suggested_labelerexp,10,at://did:plc:geoqe3qls5mwezckxxsewys2/app.bsky.feed.post/3lylrrrq5mk2q,bafyreic3zz2buirssw476quctnznhkg3ewb6zd6hbuclsckqbbhylxfivu,did:plc:geoqe3qls5mwezckxxsewys2,clarabelle.xyz,,
e8a3d8ee3ef447c79b63dd49b78ce454,2026-02-22T08:00:00Z,2026-02-22T08:09:49Z,auth,auth_enUS_labelerexp,at://did:plc:geoqe3qls5mwezckxxsewys2/app.bsky.feed.generator/aaabqvnkaktho,suggested_labelerexp,11,at://did:plc:geoqe3qls5mwezckxxsewys2/app.bsky.feed.post/3lygskudybk2h,bafyreihpp727ibzv6iwttydjjcar2hxtwzn5owc7gkak2dxgs272dcnmgm,did:plc:geoqe3qls5mwezckxxsewys2,clarabelle.xyz,,
e8a3d8ee3ef447c79b63dd49b78ce454,2026-02-22T08:00:00Z,2026-02-22T08:09:49Z,auth,auth_enUS_labelerexp,at://did:plc:geoqe3qls5mwezckxxsewys2/app.bsky.feed.generator/aaabqvnkaktho,suggested_labelerexp,12,at://did:plc:geoqe3qls5mwezckxxsewys2/app.bsky.feed.post/3lxuubunazc2u,bafyreiaq3a6bqy7wyfk4bc2mgsivkopqgqlxmedxbutzlll7tkimllzyqu,did:plc:geoqe3qls5mwezckxxsewys2,clarabelle.xyz,,
e8a3d8ee3ef447c79b63dd49b78ce454,2026-02-22T08:00:00Z,2026-02-22T08:09:49Z,auth,auth_enUS_labelerexp,at://did:plc:geoqe3qls5mwezckxxsewys2/app.bsky.feed.generator/aaabqvnkaktho,suggested_labelerexp,13,at://did:plc:geoqe3qls5mwezckxxsewys2/app.bsky.feed.post/3lxrv5fbhps24,bafyreiftngobjaqzbwmqyi3ov4otbywv2ljqmz6byrob7uqdpqm3mzp2jm,did:plc:geoqe3qls5mwezckxxsewys2,clarabelle.xyz,,
e8a3d8ee3ef447c79b63dd49b78ce454,2026-02-22T08:00:00Z,2026-02-22T08:09:49Z,auth,auth_enUS_labelerexp,at://did:plc:geoqe3qls5mwezckxxsewys2/app.bsky.feed.generator/aaabqvnkaktho,suggested_labelerexp,14,at://did:plc:geoqe3qls5mwezckxxsewys2/app.bsky.feed.post/3lxfuhpugd22b,bafyreicftplavwbqq2shd2rixyauwj3ucaa2bimwh2ayohaw3b2qly2tce,did:plc:geoqe3qls5mwezckxxsewys2,clarabelle.xyz,,
e8a3d8ee3ef447c79b63dd49b78ce454,2026-02-22T08:00:00Z,2026-02-22T08:09:49Z,auth,auth_enUS_labelerexp,at://did:plc:geoqe3qls5mwezckxxsewys2/app.bsky.feed.generator/aaabqvnkaktho,suggested_labelerexp,15,at://did:plc:geoqe3qls5mwezckxxsewys2/app.bsky.feed.post/3lwzfuo6qpc2v,bafyreihijmgywwchvcrfhydycsk64wnv4ffv4ovnjya737tsy65gtrkgxe,did:plc:geoqe3qls5mwezckxxsewys2,clarabelle.xyz,,
e8a3d8ee3ef447c79b63dd49b78ce454,2026-02-22T08:00:00Z,2026-02-22T08:09:49Z,auth,auth_enUS_labelerexp,at://did:plc:geoqe3qls5mwezckxxsewys2/app.bsky.feed.generator/aaabqvnkaktho,suggested_labelerexp,16,at://did:plc:geoqe3qls5mwezckxxsewys2/app.bsky.feed.post/3lwzezwlot22v,bafyreidmehmfuhazpelwcwjwdpzhqhsn2ozdvvolgbhocs5zumrsyim2ea,did:plc:geoqe3qls5mwezckxxsewys2,clarabelle.xyz,,
e8a3d8ee3ef447c79b63dd49b78ce454,2026-02-22T08:00:00Z,2026-02-22T08:09:49Z,auth,auth_enUS_labelerexp,at://did:plc:geoqe3qls5mwezckxxsewys2/app.bsky.feed.generator/aaabqvnkaktho,suggested_labelerexp,17,at://did:plc:geoqe3qls5mwezckxxsewys2/app.bsky.feed.post/3lws2cit7u22f,bafyreiapxbx4pjkxxojtu3fthbgbjnqazsm55yy5cqm3hofbibl4pw43eu,did:plc:geoqe3qls5mwezckxxsewys2,clarabelle.xyz,,
e8a3d8ee3ef447c79b63dd49b78ce454,2026-02-22T08:00:00Z,2026-02-22T08:09:49Z,auth,auth_enUS_labelerexp,at://did:plc:geoqe3qls5mwezckxxsewys2/app.bsky.feed.generator/aaabqvnkaktho,suggested_labelerexp,18,at://did:plc:geoqe3qls5mwezckxxsewys2/app.bsky.feed.post/3lwormziels2j,bafyreic5o2veedaoi53vuiuqdpegnzqplxouszcebgasz52qnjm2gj7cbq,did:plc:geoqe3qls5mwezckxxsewys2,clarabelle.xyz,,
e8a3d8ee3ef447c79b63dd49b78ce454,2026-02-22T08:00:00Z,2026-02-22T08:09:49Z,auth,auth_enUS_labelerexp,at://did:plc:geoqe3qls5mwezckxxsewys2/app.bsky.feed.generator/aaabqvnkaktho,suggested_labelerexp,19,at://did:plc:geoqe3qls5mwezckxxsewys2/app.bsky.feed.post/3lvo427jsdc2s,bafyreih553lbhcywj4xbo4oydljqt5zmugat4ghv732ggva263lo3ji4fq,did:plc:geoqe3qls5mwezckxxsewys2,clarabelle.xyz,,
e8a3d8ee3ef447c79b63dd49b78ce454,2026-02-22T08:00:00Z,2026-02-22T08:09:49Z,auth,auth_enUS_labelerexp,at://did:plc:geoqe3qls5mwezckxxsewys2/app.bsky.feed.generator/aaabqvnkaktho,suggested_labelerexp,20,at://did:plc:geoqe3qls5mwezckxxsewys2/app.bsky.feed.post/3lvjyq4dzqs2c,bafyreihnr7jtvbn77oacqgtde6lwni75dbapehib75o3pcwdcghnlaq7iu,did:plc:geoqe3qls5mwezckxxsewys2,clarabelle.xyz,,
e8a3d8ee3ef447c79b63dd49b78ce454,2026-02-22T08:00:00Z,2026-02-22T08:09:49Z,auth,auth_enUS_labelerexp,at://did:plc:geoqe3qls5mwezckxxsewys2/app.bsky.feed.generator/aaabqvnkaktho,suggested_labelerexp,21,at://did:plc:geoqe3qls5mwezckxxsewys2/app.bsky.feed.post/3luztswfzfc2w,bafyreia6npnhakpr2xkni6hwrfuuhexo7ek37kqr2gt6jhoydtmoq3m6lq,did:plc:geoqe3qls5mwezckxxsewys2,clarabelle.xyz,,
e8a3d8ee3ef447c79b63dd49b78ce454,2026-02-22T08:00:00Z,2026-02-22T08:09:49Z,auth,auth_enUS_labelerexp,at://did:plc:geoqe3qls5mwezckxxsewys2/app.bsky.feed.generator/aaabqvnkaktho,suggested_labelerexp,22,at://did:plc:geoqe3qls5mwezckxxsewys2/app.bsky.feed.post/3luybd2hst22w,bafyreifn47lk7ghlm26r4o2mokq3evj5c644pqjuvuimpgpe4ksozkhal4,did:plc:geoqe3qls5mwezckxxsewys2,clarabelle.xyz,,
e8a3d8ee3ef447c79b63dd49b78ce454,2026-02-22T08:00:00Z,2026-02-22T08:09:49Z,auth,auth_enUS_labelerexp,at://did:plc:geoqe3qls5mwezckxxsewys2/app.bsky.feed.generator/aaabqvnkaktho,suggested_labelerexp,23,at://did:plc:geoqe3qls5mwezckxxsewys2/app.bsky.feed.post/3lusxtdd72jx5,bafyreifw6y2klr2y7mh5z7li53x6nclc6kbiegf3na2tmlfkkxavvnpmki,did:plc:geoqe3qls5mwezckxxsewys2,clarabelle.xyz,,
e8a3d8ee3ef447c79b63dd49b78ce454,2026-02-22T08:00:00Z,2026-02-22T08:09:49Z,auth,auth_enUS_labelerexp,at://did:plc:geoqe3qls5mwezckxxsewys2/app.bsky.feed.generator/aaabqvnkaktho,suggested_labelerexp,24,at://did:plc:geoqe3qls5mwezckxxsewys2/app.bsky.feed.post/3luj5lned3sez,bafyreigln7b2s5tefo53hwrcsilcwehco6snmxnizk5tifw7ubmtqq4hju,did:plc:geoqe3qls5mwezckxxsewys2,clarabelle.xyz,,
e8a3d8ee3ef447c79b63dd49b78ce454,2026-02-22T08:00:00Z,2026-02-22T08:09:49Z,auth,auth_enUS_labelerexp,at://did:plc:geoqe3qls5mwezckxxsewys2/app.bsky.feed.generator/aaabqvnkaktho,suggested_labelerexp,25,at://did:plc:geoqe3qls5mwezckxxsewys2/app.bsky.feed.post/3lubbv2osr5qg,bafyreiada6pmkpkhlc2v2lsladv553mx6wjjxxg4dxiq7zqnw2aae4mneu,did:plc:geoqe3qls5mwezckxxsewys2,clarabelle.xyz,,
e8a3d8ee3ef447c79b63dd49b78ce454,2026-02-22T08:00:00Z,2026-02-22T08:09:49Z,auth,auth_enUS_labelerexp,at://did:plc:geoqe3qls5mwezckxxsewys2/app.bsky.feed.generator/aaabqvnkaktho,suggested_labelerexp,26,at://did:plc:geoqe3qls5mwezckxxsewys2/app.bsky.feed.post/3lu72iip2jadq,bafyreiaelrzaha6utxn655caqapxh5lvkowvylqb2fkdjs3uksotlzrcti,did:plc:geoqe3qls5mwezckxxsewys2,clarabelle.xyz,,
e8a3d8ee3ef447c79b63dd49b78ce454,2026-02-22T08:00:00Z,2026-02-22T08:09:49Z,auth,auth_enUS_labelerexp,at://did:plc:geoqe3qls5mwezckxxsewys2/app.bsky.feed.generator/aaabqvnkaktho,suggested_labelerexp,27,at://did:plc:geoqe3qls5mwezckxxsewys2/app.bsky.feed.post/3ltzxgtji2lps,bafyreidf6bdjh45ng5bsngwamcc7rnnklqawlxanqg5imdby2jrrvrd3aq,did:plc:geoqe3qls5mwezckxxsewys2,clarabelle.xyz,,
e8a3d8ee3ef447c79b63dd49b78ce454,2026-02-22T08:00:00Z,2026-02-22T08:09:49Z,auth,auth_enUS_labelerexp,at://did:plc:geoqe3qls5mwezckxxsewys2/app.bsky.feed.generator/aaabqvnkaktho,suggested_labelerexp,28,at://did:plc:geoqe3qls5mwezckxxsewys2/app.bsky.feed.post/3ltzfg6cvsibn,bafyreiekpfe6f2naic323rpcsyyrlingb5zyonipniyelcibugxipazcne,did:plc:geoqe3qls5mwezckxxsewys2,clarabelle.xyz,,
e8a3d8ee3ef447c79b63dd49b78ce454,2026-02-22T08:00:00Z,2026-02-22T08:09:49Z,auth,auth_enUS_labelerexp,at://did:plc:geoqe3qls5mwezckxxsewys2/app.bsky.feed.generator/aaabqvnkaktho,suggested_labelerexp,29,at://did:plc:geoqe3qls5mwezckxxsewys2/app.bsky.feed.post/3lsmp7pg4722w,bafyreie6jp5czfhecabqtaqdbfqohj4vjzsnaev4yfrdsqsrcljp3diwwe,did:plc:geoqe3qls5mwezckxxsewys2,clarabelle.xyz,,
e8a3d8ee3ef447c79b63dd49b78ce454,2026-02-22T08:00:00Z,2026-02-22T08:09:49Z,auth,auth_enUS_labelerexp,at://did:plc:geoqe3qls5mwezckxxsewys2/app.bsky.feed.generator/aaabqvnkaktho,suggested_labelerexp,30,at://did:plc:geoqe3qls5mwezckxxsewys2/app.bsky.feed.post/3lrldsirchc2u,bafyreibmrbkntwsdd4zqd3f24ghlbjhn3c6zecow2jz5ng45ooujpgq45q,did:plc:geoqe3qls5mwezckxxsewys2,clarabelle.xyz,,
e8a3d8ee3ef447c79b63dd49b78ce454,2026-02-22T08:00:00Z,2026-02-22T08:09:49Z,auth,auth_enUS_labelerexp,at://did:plc:geoqe3qls5mwezckxxsewys2/app.bsky.feed.generator/aaabqvnkaktho,suggested_labelerexp,31,at://did:plc:geoqe3qls5mwezckxxsewys2/app.bsky.feed.post/3lrjlvhr5yc2l,bafyreifk4oz672dya4nhk4l3d6rohtumfc45alyy4dbmbkywowxoml4ggm,did:plc:geoqe3qls5mwezckxxsewys2,clarabelle.xyz,,
e8a3d8ee3ef447c79b63dd49b78ce454,2026-02-22T08:00:00Z,2026-02-22T08:09:49Z,auth,auth_enUS_labelerexp,at://did:plc:geoqe3qls5mwezckxxsewys2/app.bsky.feed.generator/aaabqvnkaktho,suggested_labelerexp,32,at://did:plc:geoqe3qls5mwezckxxsewys2/app.bsky.feed.post/3lr7gj6cdk22c,bafyreifqyed5dmsaygomvgmw6dj5qwvnfqcguruvmk7qpjbcdi6emq3eyu,did:plc:geoqe3qls5mwezckxxsewys2,clarabelle.xyz,,
e8a3d8ee3ef447c79b63dd49b78ce454,2026-02-22T08:00:00Z,2026-02-22T08:09:49Z,auth,auth_enUS_labelerexp,at://did:plc:geoqe3qls5mwezckxxsewys2/app.bsky.feed.generator/aaabqvnkaktho,suggested_labelerexp,33,at://did:plc:geoqe3qls5mwezckxxsewys2/app.bsky.feed.post/3lr7dejc4yk2m,bafyreiaekcfcemsmc3udl5sdnr6smqztxh3oucejoah2msrncu3srjje74,did:plc:geoqe3qls5mwezckxxsewys2,clarabelle.xyz,,
e8a3d8ee3ef447c79b63dd49b78ce454,2026-02-22T08:00:00Z,2026-02-22T08:09:49Z,auth,auth_enUS_labelerexp,at://did:plc:geoqe3qls5mwezckxxsewys2/app.bsky.feed.generator/aaabqvnkaktho,suggested_labelerexp,34,at://did:plc:geoqe3qls5mwezckxxsewys2/app.bsky.feed.post/3lq6l7kj64l2l,bafyreifd5srrq5bplhu4mmcmlqt62yrizguvep4xpy3fusjeov6w764hwe,did:plc:geoqe3qls5mwezckxxsewys2,clarabelle.xyz,,
e8a3d8ee3ef447c79b63dd49b78ce454,2026-02-22T08:00:00Z,2026-02-22T08:09:49Z,auth,auth_enUS_labelerexp,at://did:plc:geoqe3qls5mwezckxxsewys2/app.bsky.feed.generator/aaabqvnkaktho,suggested_labelerexp,35,at://did:plc:geoqe3qls5mwezckxxsewys2/app.bsky.feed.post/3lq3wyx25iz26,bafyreidoray7tsopm7ebcxmwzjpnbjjulpyc35k6tyhnvriddahkqwk7xq,did:plc:geoqe3qls5mwezckxxsewys2,clarabelle.xyz,,
e8a3d8ee3ef447c79b63dd49b78ce454,2026-02-22T08:00:00Z,2026-02-22T08:09:49Z,auth,auth_enUS_labelerexp,at://did:plc:geoqe3qls5mwezckxxsewys2/app.bsky.feed.generator/aaabqvnkaktho,suggested_labelerexp,36,at://did:plc:geoqe3qls5mwezckxxsewys2/app.bsky.feed.post/3lpwf5cqpah2n,bafyreib7bqrzwr44gcjcnh5ikxycfjudnos5xrna56ua6a425wwngox4ky,did:plc:geoqe3qls5mwezckxxsewys2,clarabelle.xyz,,
e8a3d8ee3ef447c79b63dd49b78ce454,2026-02-22T08:00:00Z,2026-02-22T08:09:49Z,auth,auth_enUS_labelerexp,at://did:plc:geoqe3qls5mwezckxxsewys2/app.bsky.feed.generator/aaabqvnkaktho,suggested_labelerexp,37,at://did:plc:geoqe3qls5mwezckxxsewys2/app.bsky.feed.post/3lpupmdiscd2n,bafyreih35j4ukkmewmgqhl2fstzdwahhdxltovdyanduyxyek2be36kq3a,did:plc:geoqe3qls5mwezckxxsewys2,clarabelle.xyz,,
e8a3d8ee3ef447c79b63dd49b78ce454,2026-02-22T08:00:00Z,2026-02-22T08:09:49Z,auth,auth_enUS_labelerexp,at://did:plc:geoqe3qls5mwezckxxsewys2/app.bsky.feed.generator/aaabqvnkaktho,suggested_labelerexp,38,at://did:plc:geoqe3qls5mwezckxxsewys2/app.bsky.feed.post/3lppjezsaq426,bafyreidgqxuyfkmvytgt5e4xa72l46dpcduvagygc6n6ndybkjw2wxj754,did:plc:geoqe3qls5mwezckxxsewys2,clarabelle.xyz,,
e8a3d8ee3ef447c79b63dd49b78ce454,2026-02-22T08:00:00Z,2026-02-22T08:09:49Z,auth,auth_enUS_labelerexp,at://did:plc:geoqe3qls5mwezckxxsewys2/app.bsky.feed.generator/aaabqvnkaktho,suggested_labelerexp,39,at://did:plc:geoqe3qls5mwezckxxsewys2/app.bsky.feed.post/3lpn3tssrao2p,bafyreia6ckcjgztjpjd6kdxuwjfsfsncvuf6ezdjnrzeuhodkbzbk3nhk4,did:plc:geoqe3qls5mwezckxxsewys2,clarabelle.xyz,,
e8a3d8ee3ef447c79b63dd49b78ce454,2026-02-22T08:00:00Z,2026-02-22T08:09:49Z,auth,auth_enUS_labelerexp,at://did:plc:geoqe3qls5mwezckxxsewys2/app.bsky.feed.generator/aaabqvnkaktho,suggested_labelerexp,40,at://did:plc:geoqe3qls5mwezckxxsewys2/app.bsky.feed.post/3lpd25dp4em2l,bafyreie7th7fj3fjxvlmvrgwxvdbflkfof47ueeswq3rhmu6tszyzgo7de,did:plc:geoqe3qls5mwezckxxsewys2,clarabelle.xyz,,
e8a3d8ee3ef447c79b63dd49b78ce454,2026-02-22T08:00:00Z,2026-02-22T08:09:49Z,auth,auth_enUS_labelerexp,at://did:plc:geoqe3qls5mwezckxxsewys2/app.bsky.feed.generator/aaabqvnkaktho,suggested_labelerexp,41,at://did:plc:geoqe3qls5mwezckxxsewys2/app.bsky.feed.post/3lo2fsp7zic2l,bafyreigp2xajorut45w2zn25zpe3lzcj4rms3s6n5l74e5z6jaj4tk2cj4,did:plc:geoqe3qls5mwezckxxsewys2,clarabelle.xyz,,
e8a3d8ee3ef447c79b63dd49b78ce454,2026-02-22T08:00:00Z,2026-02-22T08:09:49Z,auth,auth_enUS_labelerexp,at://did:plc:geoqe3qls5mwezckxxsewys2/app.bsky.feed.generator/aaabqvnkaktho,suggested_labelerexp,42,at://did:plc:geoqe3qls5mwezckxxsewys2/app.bsky.feed.post/3lo23dvlcy62m,bafyreidptjjgjidmievnnuk47u47rmlmnh6lmkvb5plwf6ul2zxv6rzbzy,did:plc:geoqe3qls5mwezckxxsewys2,clarabelle.xyz,,
e8a3d8ee3ef447c79b63dd49b78ce454,2026-02-22T08:00:00Z,2026-02-22T08:09:49Z,auth,auth_enUS_labelerexp,at://did:plc:geoqe3qls5mwezckxxsewys2/app.bsky.feed.generator/aaabqvnkaktho,suggested_labelerexp,43,at://did:plc:geoqe3qls5mwezckxxsewys2/app.bsky.feed.post/3lmzrcq5idw2b,bafyreiabvy2pcknlfnax4jt2yqxvw2xns4tpvvffbq2hna43rcjlxebp6u,did:plc:geoqe3qls5mwezckxxsewys2,clarabelle.xyz,,
e8a3d8ee3ef447c79b63dd49b78ce454,2026-02-22T08:00:00Z,2026-02-22T08:09:49Z,auth,auth_enUS_labelerexp,at://did:plc:geoqe3qls5mwezckxxsewys2/app.bsky.feed.generator/aaabqvnkaktho,suggested_labelerexp,44,at://did:plc:geoqe3qls5mwezckxxsewys2/app.bsky.feed.post/3lmwuc3umyh2r,bafyreigojcpekexzuxqkbzzxc2paqzmyweabmegtfttotworhq7zjknkme,did:plc:geoqe3qls5mwezckxxsewys2,clarabelle.xyz,,
e8a3d8ee3ef447c79b63dd49b78ce454,2026-02-22T08:00:00Z,2026-02-22T08:09:49Z,auth,auth_enUS_labelerexp,at://did:plc:geoqe3qls5mwezckxxsewys2/app.bsky.feed.generator/aaabqvnkaktho,suggested_labelerexp,45,at://did:plc:geoqe3qls5mwezckxxsewys2/app.bsky.feed.post/3lmpmefhdgv2w,bafyreihkuzgks23kslgiswlsmfnfcldsm7zpt4txx6ocorwihomib72hza,did:plc:geoqe3qls5mwezckxxsewys2,clarabelle.xyz,,
e8a3d8ee3ef447c79b63dd49b78ce454,2026-02-22T08:00:00Z,2026-02-22T08:09:49Z,auth,auth_enUS_labelerexp,at://did:plc:geoqe3qls5mwezckxxsewys2/app.bsky.feed.generator/aaabqvnkaktho,suggested_labelerexp,46,at://did:plc:geoqe3qls5mwezckxxsewys2/app.bsky.feed.post/3llhra7qtek2w,bafyreigtnhex7ueuabe2mrxrffxnmgyrwrakizxybszjk4lmbfzfhkgbyq,did:plc:geoqe3qls5mwezckxxsewys2,clarabelle.xyz,,
e8a3d8ee3ef447c79b63dd49b78ce454,2026-02-22T08:00:00Z,2026-02-22T08:09:49Z,auth,auth_enUS_labelerexp,at://did:plc:geoqe3qls5mwezckxxsewys2/app.bsky.feed.generator/aaabqvnkaktho,suggested_labelerexp,47,at://did:plc:geoqe3qls5mwezckxxsewys2/app.bsky.feed.post/3lk7xlrrg2f2h,bafyreigvgd5btvffuzjktoc2zhignhoxqfvgsl72qrqr3jn22d3mdymf44,did:plc:geoqe3qls5mwezckxxsewys2,clarabelle.xyz,,
e8a3d8ee3ef447c79b63dd49b78ce454,2026-02-22T08:00:00Z,2026-02-22T08:09:49Z,auth,auth_enUS_labelerexp,at://did:plc:geoqe3qls5mwezckxxsewys2/app.bsky.feed.generator/aaabqvnkaktho,suggested_labelerexp,48,at://did:plc:geoqe3qls5mwezckxxsewys2/app.bsky.feed.post/3lk52uugciw2q,bafyreiangf4xsdpdfeetqt4lsaklf66b2dhwf5zpm42w7vpoqe46gjjppq,did:plc:geoqe3qls5mwezckxxsewys2,clarabelle.xyz,,
e8a3d8ee3ef447c79b63dd49b78ce454,2026-02-22T08:00:00Z,2026-02-22T08:09:49Z,auth,auth_enUS_labelerexp,at://did:plc:geoqe3qls5mwezckxxsewys2/app.bsky.feed.generator/aaabqvnkaktho,suggested_labelerexp,49,at://did:plc:geoqe3qls5mwezckxxsewys2/app.bsky.feed.post/3ljswyxlsqz2q,bafyreidpdfmbguj6f6hhoo7im6cijbk5e7gmqlgklgdgzfn3nyxcaopgke,did:plc:geoqe3qls5mwezckxxsewys2,clarabelle.xyz,,
e8a3d8ee3ef447c79b63dd49b78ce454,2026-02-22T08:00:00Z,2026-02-22T08:09:49Z,auth,auth_enUS_labelerexp,at://did:plc:geoqe3qls5mwezckxxsewys2/app.bsky.feed.generator/aaabqvnkaktho,suggested_labelerexp,50,at://did:plc:geoqe3qls5mwezckxxsewys2/app.bsky.feed.post/3ljqkx3ycyk2h,bafyreicnqo442v7sts5z7dh7iv3umxbnjnnq6cl56et5die2y2u4pix2zu,did:plc:geoqe3qls5mwezckxxsewys2,clarabelle.xyz,,
e8a3d8ee3ef447c79b63dd49b78ce454,2026-02-22T08:00:00Z,2026-02-22T08:09:49Z,auth,auth_enUS_labelerexp,at://did:plc:geoqe3qls5mwezckxxsewys2/app.bsky.feed.generator/aaabzkbkftnmu,suggested_labelerexp,1,at://did:plc:geoqe3qls5mwezckxxsewys2/app.bsky.feed.post/3lbv6ore6wc2s,bafyreidhxraa5md6f6blyaayh5sw2yno6ni2aeoyz6eq45d4akygn2uqde,did:plc:geoqe3qls5mwezckxxsewys2,clarabelle.xyz,,
e8a3d8ee3ef447c79b63dd49b78ce454,2026-02-22T08:00:00Z,2026-02-22T08:09:49Z,auth,auth_enUS_labelerexp,at://did:plc:geoqe3qls5mwezckxxsewys2/app.bsky.feed.generator/aaabzkbkftnmu,suggested_labelerexp,2,at://did:plc:rqrcb3wcvf3ubkqzfyxfpb6a/app.bsky.feed.post/3mff7hj4vc225,bafyreihq7a45kvrxz57b2cmklxala6qyx4wzafnc3fcadwstutvxb63gfu,did:plc:rqrcb3wcvf3ubkqzfyxfpb6a,katiesimrell.bsky.social,,
e8a3d8ee3ef447c79b63dd49b78ce454,2026-02-22T08:00:00Z,2026-02-22T08:09:49Z,auth,auth_enUS_labelerexp,at://did:plc:geoqe3qls5mwezckxxsewys2/app.bsky.feed.generator/aaabzkbkftnmu,suggested_labelerexp,3,at://did:plc:6xdo77xzj4hxjvhjijmfmyvx/app.bsky.feed.post/3mff5breqv22m,bafyreib7utka3cm5xbfkq4wo7rv4l6u35n3bem2preize5scxf7ctw52ya,did:plc:6xdo77xzj4hxjvhjijmfmyvx,kissare.bsky.social,,
e8a3d8ee3ef447c79b63dd49b78ce454,2026-02-22T08:00:00Z,2026-02-22T08:09:49Z,auth,auth_enUS_labelerexp,at://did:plc:geoqe3qls5mwezckxxsewys2/app.bsky.feed.generator/aaabzkbkftnmu,suggested_labelerexp,4,at://did:plc:f3nqd67bhnsoaxxxdfzhihqi/app.bsky.feed.post/3mfgivdjbfs2r,bafyreigiihy7e2uqxort457g4trkoxhkp7shbzhgjtt2h2ezgq2ufnpf7u,did:plc:f3nqd67bhnsoaxxxdfzhihqi,chunmomo.bsky.social,,
e8a3d8ee3ef447c79b63dd49b78ce454,2026-02-22T08:00:00Z,2026-02-22T08:09:49Z,auth,auth_enUS_labelerexp,at://did:plc:geoqe3qls5mwezckxxsewys2/app.bsky.feed.generator/aaabzkbkftnmu,suggested_labelerexp,5,at://did:plc:um5zvtl7uaredus6mdcu4iut/app.bsky.feed.post/3mfgd6sul5c2k,bafyreibek6cpkcn4nf6hgh7vq4q6w5jsgux5hjonudbatvqlwuca5ybitm,did:plc:um5zvtl7uaredus6mdcu4iut,caticornplay.bsky.social,,
e8a3d8ee3ef447c79b63dd49b78ce454,2026-02-22T08:00:00Z,2026-02-22T08:09:49Z,auth,auth_enUS_labelerexp,at://did:plc:geoqe3qls5mwezckxxsewys2/app.bsky.feed.generator/aaabzkbkftnmu,suggested_labelerexp,6,at://did:plc:jiggag4xdbrnx4xwy4i7b56i/app.bsky.feed.post/3mfgairysmk2x,bafyreigqsntktd3uo727xkvutfuq6ug3wvz5f6xrfy344k4u5j7wytmht4,did:plc:jiggag4xdbrnx4xwy4i7b56i,mzavi.bsky.social,,
e8a3d8ee3ef447c79b63dd49b78ce454,2026-02-22T08:00:00Z,2026-02-22T08:09:49Z,auth,auth_enUS_labelerexp,at://did:plc:geoqe3qls5mwezckxxsewys2/app.bsky.feed.generator/aaabzkbkftnmu,suggested_labelerexp,7,at://did:plc:xlp2qjvqu26bsk2sjn6d6qmy/app.bsky.feed.post/3mff32za2kk24,bafyreihz4l2oogkcrsaxq63xfweu5m3xjjwy6hg5btcoycl3ut27txwvne,did:plc:xlp2qjvqu26bsk2sjn6d6qmy,yogurtfluff.bsky.social,,
e8a3d8ee3ef447c79b63dd49b78ce454,2026-02-22T08:00:00Z,2026-02-22T08:09:49Z,auth,auth_enUS_labelerexp,at://did:plc:geoqe3qls5mwezckxxsewys2/app.bsky.feed.generator/aaabzkbkftnmu,suggested_labelerexp,8,at://did:plc:c2hytbidjqaobbjefu5kfsan/app.bsky.feed.post/3mffutnsor22u,bafyreiayygjqnyij6jjmfica72sahanah2g6xaeezyxtca3gl6rwxnehlu,did:plc:c2hytbidjqaobbjefu5kfsan,rosegoldrex.bsky.social,,
e8a3d8ee3ef447c79b63dd49b78ce454,2026-02-22T08:00:00Z,2026-02-22T08:09:49Z,auth,auth_enUS_labelerexp,at://did:plc:geoqe3qls5mwezckxxsewys2/app.bsky.feed.generator/aaabzkbkftnmu,suggested_labelerexp,9,at://did:plc:alvv6soej67nb6hebefx3dqa/app.bsky.feed.post/3mffejgp33227,bafyreibl5idccyrvk5wen4taz4m6fxfvxzgbng4f445whvk43vlwiw5qrq,did:plc:alvv6soej67nb6hebefx3dqa,anariexe.bsky.social,,
e8a3d8ee3ef447c79b63dd49b78ce454,2026-02-22T08:00:00Z,2026-02-22T08:09:49Z,auth,auth_enUS_labelerexp,at://did:plc:geoqe3qls5mwezckxxsewys2/app.bsky.feed.generator/aaabzkbkftnmu,suggested_labelerexp,10,at://did:plc:za32tj277dun72hxe5v5xeyg/app.bsky.feed.post/3mffyife7wk2z,bafyreigbuouoftehu6tfkl42o5ct763eghxvwzvyjgz4zynr33djvm2eti,did:plc:za32tj277dun72hxe5v5xeyg,spottedgiraffe.bsky.social,,
e8a3d8ee3ef447c79b63dd49b78ce454,2026-02-22T08:00:00Z,2026-02-22T08:09:49Z,auth,auth_enUS_labelerexp,at://did:plc:geoqe3qls5mwezckxxsewys2/app.bsky.feed.generator/aaabzkbkftnmu,suggested_labelerexp,11,at://did:plc:yb3l2trw7xac7kfegoodycwa/app.bsky.feed.post/3mfghofdvac2v,bafyreiggynyybbhzecinky2fc7jvnik7t3k2an3abzvckd57pxr4t46mj4,did:plc:yb3l2trw7xac7kfegoodycwa,anlai-yu.bsky.social,,
e8a3d8ee3ef447c79b63dd49b78ce454,2026-02-22T08:00:00Z,2026-02-22T08:09:49Z,auth,auth_enUS_labelerexp,at://did:plc:geoqe3qls5mwezckxxsewys2/app.bsky.feed.generator/aaabzkbkftnmu,suggested_labelerexp,12,at://did:plc:eq3gp6j2lkzu7mcbldo2jyjf/app.bsky.feed.post/3mff7y2hdks26,bafyreiblxyip2kamw7ednj5267qichout5imncguzq4ikxggtf6csuiuei,did:plc:eq3gp6j2lkzu7mcbldo2jyjf,thebeastcub.bsky.social,,
e8a3d8ee3ef447c79b63dd49b78ce454,2026-02-22T08:00:00Z,2026-02-22T08:09:49Z,auth,auth_enUS_labelerexp,at://did:plc:geoqe3qls5mwezckxxsewys2/app.bsky.feed.generator/aaabzkbkftnmu,suggested_labelerexp,13,at://did:plc:5hhlbnrskbng76wiu7opefnd/app.bsky.feed.post/3mfg32xoyuc23,bafyreiclrc6ossdkoyjexuy7ucx4dea4osbumjmpjyoigm22i73s2yvana,did:plc:5hhlbnrskbng76wiu7opefnd,marsren.bsky.social,,
e8a3d8ee3ef447c79b63dd49b78ce454,2026-02-22T08:00:00Z,2026-02-22T08:09:49Z,auth,auth_enUS_labelerexp,at://did:plc:geoqe3qls5mwezckxxsewys2/app.bsky.feed.generator/aaabzkbkftnmu,suggested_labelerexp,14,at://did:plc:3dkgcixik2j5yiospsk7pcfs/app.bsky.feed.post/3mffkmtdfcs2e,bafyreib66s4f7ixerlwxc4fd47b5vynhqnamw74mk7sejlibbk5qdfac2y,did:plc:3dkgcixik2j5yiospsk7pcfs,villanarei.bsky.social,,
e8a3d8ee3ef447c79b63dd49b78ce454,2026-02-22T08:00:00Z,2026-02-22T08:09:49Z,auth,auth_enUS_labelerexp,at://did:plc:geoqe3qls5mwezckxxsewys2/app.bsky.feed.generator/aaabzkbkftnmu,suggested_labelerexp,15,at://did:plc:gamdobb7hcsc2rffufhz3pxx/app.bsky.feed.post/3mfgevlw4ac2k,bafyreie4htdew67fq6v2ncxwijhrqyktnbhbu77lbccsiies3dkemuux3q,did:plc:gamdobb7hcsc2rffufhz3pxx,pulaylummy.bsky.social,,
e8a3d8ee3ef447c79b63dd49b78ce454,2026-02-22T08:00:00Z,2026-02-22T08:09:49Z,auth,auth_enUS_labelerexp,at://did:plc:geoqe3qls5mwezckxxsewys2/app.bsky.feed.generator/aaabzkbkftnmu,suggested_labelerexp,16,at://did:plc:f3dcsz365o4zyt7uuqyliwgt/app.bsky.feed.post/3mfdpgqfjmc27,bafyreihebdfksl4o4kozwtstmbhnbxfdlowwzntbvvrthrutywxtu4rd44,did:plc:f3dcsz365o4zyt7uuqyliwgt,thesleepysuccubus.bsky.social,,
e8a3d8ee3ef447c79b63dd49b78ce454,2026-02-22T08:00:00Z,2026-02-22T08:09:49Z,auth,auth_enUS_labelerexp,at://did:plc:geoqe3qls5mwezckxxsewys2/app.bsky.feed.generator/aaabzkbkftnmu,suggested_labelerexp,17,at://did:plc:fmle5iiepvb5wlltmpp5cwu6/app.bsky.feed.post/3mfftqag23c2x,bafyreifpt5kx3ynkdkpkoyehksgh2jd4j2zh7nqgz6iqnazgmu5pu5voum,did:plc:fmle5iiepvb5wlltmpp5cwu6,leesibb.bsky.social,,
e8a3d8ee3ef447c79b63dd49b78ce454,2026-02-22T08:00:00Z,2026-02-22T08:09:49Z,auth,auth_enUS_labelerexp,at://did:plc:geoqe3qls5mwezckxxsewys2/app.bsky.feed.generator/aaabzkbkftnmu,suggested_labelerexp,18,at://did:plc:j56cwyxl4hzzzdxjnqjhhxhb/app.bsky.feed.post/3mffyrz6ork2o,bafyreicxziwmrohyqj65ze47iigldmdc3lesljwt6ees7eqqn5xl2g752m,did:plc:j56cwyxl4hzzzdxjnqjhhxhb,trekprofiles.com,,
e8a3d8ee3ef447c79b63dd49b78ce454,2026-02-22T08:00:00Z,2026-02-22T08:09:49Z,auth,auth_enUS_labelerexp,at://did:plc:geoqe3qls5mwezckxxsewys2/app.bsky.feed.generator/aaabzkbkftnmu,suggested_labelerexp,19,at://did:plc:f3dcsz365o4zyt7uuqyliwgt/app.bsky.feed.post/3mfcyfgxntc2o,bafyreienxzqbg4hzvrxdhlcgzxelp66j5rivgh7x3xlsimw4erm4nxoc5a,did:plc:f3dcsz365o4zyt7uuqyliwgt,thesleepysuccubus.bsky.social,,
e8a3d8ee3ef447c79b63dd49b78ce454,2026-02-22T08:00:00Z,2026-02-22T08:09:49Z,auth,auth_enUS_labelerexp,at://did:plc:geoqe3qls5mwezckxxsewys2/app.bsky.feed.generator/aaabzkbkftnmu,suggested_labelerexp,20,at://did:plc:voc5prq2ty2xpprohi37xp6b/app.bsky.feed.post/3mffqguix4k2n,bafyreih5fgqxsccb32thigevi7kadks4hylkut3e5vcxq7q6xhdukzpeiu,did:plc:voc5prq2ty2xpprohi37xp6b,mephobiahhh.bsky.social,,
e8a3d8ee3ef447c79b63dd49b78ce454,2026-02-22T08:00:00Z,2026-02-22T08:09:49Z,auth,auth_enUS_labelerexp,at://did:plc:geoqe3qls5mwezckxxsewys2/app.bsky.feed.generator/aaabzkbkftnmu,suggested_labelerexp,21,at://did:plc:xb472steqgwtr2mai2phf6i7/app.bsky.feed.post/3mffqlqxbbc2j,bafyreichqw265lbgi4gtubvsnbvkzqmjacgs7atqykis7ki7waxrdf34ge,did:plc:xb472steqgwtr2mai2phf6i7,beagio.bsky.social,,
e8a3d8ee3ef447c79b63dd49b78ce454,2026-02-22T08:00:00Z,2026-02-22T08:09:49Z,auth,auth_enUS_labelerexp,at://did:plc:geoqe3qls5mwezckxxsewys2/app.bsky.feed.generator/aaabzkbkftnmu,suggested_labelerexp,22,at://did:plc:qwhft6w5rdrjn27jxx7bb75q/app.bsky.feed.post/3mffywe4nbs2u,bafyreihh2a6ycxozkvx6ucrlfunq3davxagj3xynngov52s34qt2wtuuhi,did:plc:qwhft6w5rdrjn27jxx7bb75q,neapoulain.bsky.social,,
e8a3d8ee3ef447c79b63dd49b78ce454,2026-02-22T08:00:00Z,2026-02-22T08:09:49Z,auth,auth_enUS_labelerexp,at://did:plc:geoqe3qls5mwezckxxsewys2/app.bsky.feed.generator/aaabzkbkftnmu,suggested_labelerexp,23,at://did:plc:s5eq2gxjm6votxsrv4ve2rbw/app.bsky.feed.post/3mfejnhplmk2b,bafyreiaurxmts722vcijbuzmvnfwla3t4mlkhp25omkob2bkfknqxun7nm,did:plc:s5eq2gxjm6votxsrv4ve2rbw,aerytiefling.bsky.social,,
e8a3d8ee3ef447c79b63dd49b78ce454,2026-02-22T08:00:00Z,2026-02-22T08:09:49Z,auth,auth_enUS_labelerexp,at://did:plc:geoqe3qls5mwezckxxsewys2/app.bsky.feed.generator/aaabzkbkftnmu,suggested_labelerexp,24,at://did:plc:3tcokzb6xd44v3t76ofwkqdn/app.bsky.feed.post/3mfg2w6kihc25,bafyreie6f7hk46z74mhjko53zek4o5tbtbby5qt5hijgffsu3jmqqkgstu,did:plc:3tcokzb6xd44v3t76ofwkqdn,yogurtboyx.bsky.social,,
e8a3d8ee3ef447c79b63dd49b78ce454,2026-02-22T08:00:00Z,2026-02-22T08:09:49Z,auth,auth_enUS_labelerexp,at://did:plc:geoqe3qls5mwezckxxsewys2/app.bsky.feed.generator/aaabzkbkftnmu,suggested_labelerexp,25,at://did:plc:um5zvtl7uaredus6mdcu4iut/app.bsky.feed.post/3mfdvzbdins23,bafyreiegliidavue7ejurchfwljftsdkyatfukdrffx2vh5eawohmansgu,did:plc:um5zvtl7uaredus6mdcu4iut,caticornplay.bsky.social,,
e8a3d8ee3ef447c79b63dd49b78ce454,2026-02-22T08:00:00Z,2026-02-22T08:09:49Z,auth,auth_enUS_labelerexp,at://did:plc:geoqe3qls5mwezckxxsewys2/app.bsky.feed.generator/aaabzkbkftnmu,suggested_labelerexp,26,at://did:plc:aiwwaopogwk2vbxzzjd5ewdf/app.bsky.feed.post/3mffb5iv6us2v,bafyreighrjagxaroj6oy4fby5oy5uk3qocdz2aw7c2krv5tvbym2tlh4am,did:plc:aiwwaopogwk2vbxzzjd5ewdf,arcanekani.bsky.social,,
e8a3d8ee3ef447c79b63dd49b78ce454,2026-02-22T08:00:00Z,2026-02-22T08:09:49Z,auth,auth_enUS_labelerexp,at://did:plc:geoqe3qls5mwezckxxsewys2/app.bsky.feed.generator/aaabzkbkftnmu,suggested_labelerexp,27,at://did:plc:2vegmutbkfvbav42hy3beqx2/app.bsky.feed.post/3mfevfszq2s2l,bafyreidxkwqiz44tucrzh2iowu2zznv2q5yahdrngqzyttdxne275sr7jm,did:plc:2vegmutbkfvbav42hy3beqx2,rutaadayoo.bsky.social,,
e8a3d8ee3ef447c79b63dd49b78ce454,2026-02-22T08:00:00Z,2026-02-22T08:09:49Z,auth,auth_enUS_labelerexp,at://did:plc:geoqe3qls5mwezckxxsewys2/app.bsky.feed.generator/aaabzkbkftnmu,suggested_labelerexp,28,at://did:plc:vz5bt25bttmcylmsevbnejrr/app.bsky.feed.post/3mffc5b4ssk2b,bafyreihzd77zfag4vsizicwe2fjdmh25ztuwuehktav37cm3ny3ejfr4ue,did:plc:vz5bt25bttmcylmsevbnejrr,milkpinkk.bsky.social,,
e8a3d8ee3ef447c79b63dd49b78ce454,2026-02-22T08:00:00Z,2026-02-22T08:09:49Z,auth,auth_enUS_labelerexp,at://did:plc:geoqe3qls5mwezckxxsewys2/app.bsky.feed.generator/aaabzkbkftnmu,suggested_labelerexp,29,at://did:plc:r5a7ekgf63smojvril7p5s44/app.bsky.feed.post/3mfg7ynokpc2k,bafyreidrodjxu7qzmw3ofwfypxp2eblfn4exy7mgoa22tzfhacctce6hxq,did:plc:r5a7ekgf63smojvril7p5s44,tojiette.bsky.social,,
e8a3d8ee3ef447c79b63dd49b78ce454,2026-02-22T08:00:00Z,2026-02-22T08:09:49Z,auth,auth_enUS_labelerexp,at://did:plc:geoqe3qls5mwezckxxsewys2/app.bsky.feed.generator/aaabzkbkftnmu,suggested_labelerexp,30,at://did:plc:f3dcsz365o4zyt7uuqyliwgt/app.bsky.feed.post/3mfdt5ntj6s2u,bafyreig4kjlst4hy7tkfw2rgwx2juokou6tx42g7koi7iylp3xuauxr7ju,did:plc:f3dcsz365o4zyt7uuqyliwgt,thesleepysuccubus.bsky.social,,
e8a3d8ee3ef447c79b63dd49b78ce454,2026-02-22T08:00:00Z,2026-02-22T08:09:49Z,auth,auth_enUS_labelerexp,at://did:plc:geoqe3qls5mwezckxxsewys2/app.bsky.feed.generator/aaabzkbkftnmu,suggested_labelerexp,31,at://did:plc:o2gcbcyoe6gjg7bfi77jjaif/app.bsky.feed.post/3mffqufzh2223,bafyreieaz4rvgy2sutcboos6nm6oagral2omheo4saxe7l64jxvihaj5hi,did:plc:o2gcbcyoe6gjg7bfi77jjaif,musaicsp.bsky.social,,
e8a3d8ee3ef447c79b63dd49b78ce454,2026-02-22T08:00:00Z,2026-02-22T08:09:49Z,auth,auth_enUS_labelerexp,at://did:plc:geoqe3qls5mwezckxxsewys2/app.bsky.feed.generator/aaabzkbkftnmu,suggested_labelerexp,32,at://did:plc:aut5fwljantarqc3qrvads2k/app.bsky.feed.post/3mffd4vrg322u,bafyreifhkvrdrq3zjyum6rtgfousxnhy55uwgsxo4h3sutd6ben6b7puni,did:plc:aut5fwljantarqc3qrvads2k,hellcatazura.rip,,
e8a3d8ee3ef447c79b63dd49b78ce454,2026-02-22T08:00:00Z,2026-02-22T08:09:49Z,auth,auth_enUS_labelerexp,at://did:plc:geoqe3qls5mwezckxxsewys2/app.bsky.feed.generator/aaabzkbkftnmu,suggested_labelerexp,33,at://did:plc:p44qnn52yjo52ew2qbjka3le/app.bsky.feed.post/3mffvglfsls2p,bafyreic5pnpb4i6tdtoia6xthi62u3ivqwmhz7am635rke4bwcdzxiqvpe,did:plc:p44qnn52yjo52ew2qbjka3le,opheliacyber.bsky.social,,
e8a3d8ee3ef447c79b63dd49b78ce454,2026-02-22T08:00:00Z,2026-02-22T08:09:49Z,auth,auth_enUS_labelerexp,at://did:plc:geoqe3qls5mwezckxxsewys2/app.bsky.feed.generator/aaabzkbkftnmu,suggested_labelerexp,34,at://did:plc:ktj2uvqphhryapeqdprajjn4/app.bsky.feed.post/3mfb66i4xyc2y,bafyreighijak6smhifjqbbwalghr5sik2fukpioki7tlovjsfuokzc7eqa,did:plc:ktj2uvqphhryapeqdprajjn4,usatame.bsky.social,,
e8a3d8ee3ef447c79b63dd49b78ce454,2026-02-22T08:00:00Z,2026-02-22T08:09:49Z,auth,auth_enUS_labelerexp,at://did:plc:geoqe3qls5mwezckxxsewys2/app.bsky.feed.generator/aaabzkbkftnmu,suggested_labelerexp,35,at://did:plc:ra7cq7gks2kt5jiordxqlaik/app.bsky.feed.post/3mffci4uvnh26,bafyreibyz6nuwj3ihhnuesf7vuwwyqhypsbpdshnsc6xdbeosykqzpeakm,did:plc:ra7cq7gks2kt5jiordxqlaik,melzelia.bsky.social,,
e8a3d8ee3ef447c79b63dd49b78ce454,2026-02-22T08:00:00Z,2026-02-22T08:09:49Z,auth,auth_enUS_labelerexp,at://did:plc:geoqe3qls5mwezckxxsewys2/app.bsky.feed.generator/aaabzkbkftnmu,suggested_labelerexp,36,at://did:plc:476dxmeymythz3fglz3bzxpt/app.bsky.feed.post/3mfdbiqlwek26,bafyreibp3stwgorxw3w2hpczod6jmictfguiebitxleyyj3ftmcgdbrfba,did:plc:476dxmeymythz3fglz3bzxpt,alplette.bsky.social,,
e8a3d8ee3ef447c79b63dd49b78ce454,2026-02-22T08:00:00Z,2026-02-22T08:09:49Z,auth,auth_enUS_labelerexp,at://did:plc:geoqe3qls5mwezckxxsewys2/app.bsky.feed.generator/aaabzkbkftnmu,suggested_labelerexp,37,at://did:plc:6pbjymj6bmvwroy634cniclf/app.bsky.feed.post/3mff6v2qpic2k,bafyreiay2ioefobktwqqr7koen5dwj5secwatzvb52vsprwaegwbl52z7e,did:plc:6pbjymj6bmvwroy634cniclf,lilithstarfall.bsky.social,,
e8a3d8ee3ef447c79b63dd49b78ce454,2026-02-22T08:00:00Z,2026-02-22T08:09:49Z,auth,auth_enUS_labelerexp,at://did:plc:geoqe3qls5mwezckxxsewys2/app.bsky.feed.generator/aaabzkbkftnmu,suggested_labelerexp,38,at://did:plc:h356hdabwydsdvnixlgphfgo/app.bsky.feed.post/3mff34odx222c,bafyreibkmzwcnrtpzfx6rmeez4d5lg4ft4wxdljcob35i7jca3aiijet7y,did:plc:h356hdabwydsdvnixlgphfgo,xaphora.bsky.social,,
e8a3d8ee3ef447c79b63dd49b78ce454,2026-02-22T08:00:00Z,2026-02-22T08:09:49Z,auth,auth_enUS_labelerexp,at://did:plc:geoqe3qls5mwezckxxsewys2/app.bsky.feed.generator/aaabzkbkftnmu,suggested_labelerexp,39,at://did:plc:f3nqd67bhnsoaxxxdfzhihqi/app.bsky.feed.post/3mfcg2oc2fk2e,bafyreicpcm5cd6nritbv6g4flt42wzsr4aw566uhpugeubchx3ms5xdvj4,did:plc:f3nqd67bhnsoaxxxdfzhihqi,chunmomo.bsky.social,,
e8a3d8ee3ef447c79b63dd49b78ce454,2026-02-22T08:00:00Z,2026-02-22T08:09:49Z,auth,auth_enUS_labelerexp,at://did:plc:geoqe3qls5mwezckxxsewys2/app.bsky.feed.generator/aaabzkbkftnmu,suggested_labelerexp,40,at://did:plc:t5p4ddljszhqrxuf6axbi4fy/app.bsky.feed.post/3mffngvamg22r,bafyreigqo4bkmoyhzivv2eq6lgh75jruhwgc2pna5knpi5fanyqr5vltym,did:plc:t5p4ddljszhqrxuf6axbi4fy,bigboobagooner.bsky.social,,
e8a3d8ee3ef447c79b63dd49b78ce454,2026-02-22T08:00:00Z,2026-02-22T08:09:49Z,auth,auth_enUS_labelerexp,at://did:plc:geoqe3qls5mwezckxxsewys2/app.bsky.feed.generator/aaabzkbkftnmu,suggested_labelerexp,41,at://did:plc:geoqe3qls5mwezckxxsewys2/app.bsky.feed.post/3lfg4s6xjd52w,bafyreibwkiryedx4lcxb3vl7buwjojnciyergwwnwohzh745d7xvh3tdku,did:plc:geoqe3qls5mwezckxxsewys2,clarabelle.xyz,,
e8a3d8ee3ef447c79b63dd49b78ce454,2026-02-22T08:00:00Z,2026-02-22T08:09:49Z,auth,auth_enUS_labelerexp,at://did:plc:geoqe3qls5mwezckxxsewys2/app.bsky.feed.generator/aaabzkbkftnmu,suggested_labelerexp,42,at://did:plc:um5zvtl7uaredus6mdcu4iut/app.bsky.feed.post/3mfbhqpr2ds2b,bafyreiclf6kvgi6ef3jgcfnycgzrfdxjvlbzxvndni32f3eo74qr3kczji,did:plc:um5zvtl7uaredus6mdcu4iut,caticornplay.bsky.social,,
e8a3d8ee3ef447c79b63dd49b78ce454,2026-02-22T08:00:00Z,2026-02-22T08:09:49Z,auth,auth_enUS_labelerexp,at://did:plc:geoqe3qls5mwezckxxsewys2/app.bsky.feed.generator/aaabzkbkftnmu,suggested_labelerexp,43,at://did:plc:lkutddte5zi5j4wo6zv2xxc7/app.bsky.feed.post/3mfg3w47agc2e,bafyreibclhoxjvbbk657uyyc6mwmbys6yabmaj5ourh3ti5ypz5gw6noj4,did:plc:lkutddte5zi5j4wo6zv2xxc7,surferbrg.bsky.social,,
e8a3d8ee3ef447c79b63dd49b78ce454,2026-02-22T08:00:00Z,2026-02-22T08:09:49Z,auth,auth_enUS_labelerexp,at://did:plc:geoqe3qls5mwezckxxsewys2/app.bsky.feed.generator/aaabzkbkftnmu,suggested_labelerexp,44,at://did:plc:qqef5ltrfi6egl23aspx4jjo/app.bsky.feed.post/3mffu3euvmc25,bafyreih7cyeeo7ahxtjifiu6yjxutqfngshuhxyrdduwd54svu33lf46bu,did:plc:qqef5ltrfi6egl23aspx4jjo,chibidoll-cosplay.bsky.social,,
e8a3d8ee3ef447c79b63dd49b78ce454,2026-02-22T08:00:00Z,2026-02-22T08:09:49Z,auth,auth_enUS_labelerexp,at://did:plc:geoqe3qls5mwezckxxsewys2/app.bsky.feed.generator/aaabzkbkftnmu,suggested_labelerexp,45,at://did:plc:ql2a2j7caaghpos5kr44uxnx/app.bsky.feed.post/3mfg5sklfcb2r,bafyreic7en27w7cmpn2h3wyhmhhjojqahfbz4xoitojk7lpfjr6x2qvtge,did:plc:ql2a2j7caaghpos5kr44uxnx,cosplaycuties.bsky.social,,
e8a3d8ee3ef447c79b63dd49b78ce454,2026-02-22T08:00:00Z,2026-02-22T08:09:49Z,auth,auth_enUS_labelerexp,at://did:plc:geoqe3qls5mwezckxxsewys2/app.bsky.feed.generator/aaabzkbkftnmu,suggested_labelerexp,46,at://did:plc:3fc33gih2em5zikiaxrsk4or/app.bsky.feed.post/3mfau76m3ws2i,bafyreifjf7ib4vrdhrbz6bok24zrhqwhxxvnzqsapxqxo375cacjerpy6y,did:plc:3fc33gih2em5zikiaxrsk4or,saramoni.bsky.social,,
e8a3d8ee3ef447c79b63dd49b78ce454,2026-02-22T08:00:00Z,2026-02-22T08:09:49Z,auth,auth_enUS_labelerexp,at://did:plc:geoqe3qls5mwezckxxsewys2/app.bsky.feed.generator/aaabzkbkftnmu,suggested_labelerexp,47,at://did:plc:v44prnjqngkuczjz2rubytiy/app.bsky.feed.post/3mffw44k5fk22,bafyreiahvqbjezynqznqx4fc76abdynvkapjpgnyfklxeja4acqj4vn5au,did:plc:v44prnjqngkuczjz2rubytiy,scottie-jar.bsky.social,,
e8a3d8ee3ef447c79b63dd49b78ce454,2026-02-22T08:00:00Z,2026-02-22T08:09:49Z,auth,auth_enUS_labelerexp,at://did:plc:geoqe3qls5mwezckxxsewys2/app.bsky.feed.generator/aaabzkbkftnmu,suggested_labelerexp,48,at://did:plc:6joo6shxbaj4eg24wu3itxwq/app.bsky.feed.post/3mffcz63lf223,bafyreibernqbwc74e62pku33xsdicgiuqzqjklwyajoiinwtcr26dvfgxe,did:plc:6joo6shxbaj4eg24wu3itxwq,kittileecreates.bsky.social,,
e8a3d8ee3ef447c79b63dd49b78ce454,2026-02-22T08:00:00Z,2026-02-22T08:09:49Z,auth,auth_enUS_labelerexp,at://did:plc:geoqe3qls5mwezckxxsewys2/app.bsky.feed.generator/aaabzkbkftnmu,suggested_labelerexp,49,at://did:plc:hzx6lszy26t5j3hx2lx67hd7/app.bsky.feed.post/3mff5uygchc26,bafyreic5gfl7l677mpozcrw4vmwkfs6kypdurvaf3di4acj345ib7i2rhq,did:plc:hzx6lszy26t5j3hx2lx67hd7,tanyaoink.bsky.social,,
e8a3d8ee3ef447c79b63dd49b78ce454,2026-02-22T08:00:00Z,2026-02-22T08:09:49Z,auth,auth_enUS_labelerexp,at://did:plc:geoqe3qls5mwezckxxsewys2/app.bsky.feed.generator/aaabzkbkftnmu,suggested_labelerexp,50,at://did:plc:xgez5t3z2vu4zkdvwdpgc6kz/app.bsky.feed.post/3mffq7ni2u22c,bafyreidnlzj5j5oxfeul6saprip4tnrgxl2bampy2mv4ql6xrowwpaf2lu,did:plc:xgez5t3z2vu4zkdvwdpgc6kz,hoshinok757.bsky.social,,
e8a3d8ee3ef447c79b63dd49b78ce454,2026-02-22T08:00:00Z,2026-02-22T08:09:50Z,auth,auth_enUS_labelerexp,at://did:plc:geoqe3qls5mwezckxxsewys2/app.bsky.feed.generator/aaai43yetqshu,suggested_labelerexp,1,at://did:plc:geoqe3qls5mwezckxxsewys2/app.bsky.feed.post/3lfqhgvxbqc2q,bafyreibeeqlvx4cfvzfvefrnmtdb2enuj2uoffakltlf25xibjzzdfl64e,did:plc:geoqe3qls5mwezckxxsewys2,clarabelle.xyz,,
e8a3d8ee3ef447c79b63dd49b78ce454,2026-02-22T08:00:00Z,2026-02-22T08:09:50Z,auth,auth_enUS_labelerexp,at://did:plc:geoqe3qls5mwezckxxsewys2/app.bsky.feed.generator/aaai43yetqshu,suggested_labelerexp,2,at://did:plc:udwbk3byml6gwchsysgufn3l/app.bsky.feed.post/3mfglj5in2s2y,bafyreifr4cvbwmwj7olgat6lydqepbidbpdze36wa7ff64nha6mhtsa4he,did:plc:udwbk3byml6gwchsysgufn3l,teaboi.bsky.social,,
e8a3d8ee3ef447c79b63dd49b78ce454,2026-02-22T08:00:00Z,2026-02-22T08:09:50Z,auth,auth_enUS_labelerexp,at://did:plc:geoqe3qls5mwezckxxsewys2/app.bsky.feed.generator/aaai43yetqshu,suggested_labelerexp,3,at://did:plc:kyh7aam2xbolypwlqwb6af6h/app.bsky.feed.post/3mfgh3zktlk2g,bafyreiefmgbatyvpziyxpmglbqbyenb7w77q5kj3puuk2rh7vs3cxzdhou,did:plc:kyh7aam2xbolypwlqwb6af6h,dawnxianamoon.bsky.social,,
e8a3d8ee3ef447c79b63dd49b78ce454,2026-02-22T08:00:00Z,2026-02-22T08:09:50Z,auth,auth_enUS_labelerexp,at://did:plc:geoqe3qls5mwezckxxsewys2/app.bsky.feed.generator/aaai43yetqshu,suggested_labelerexp,4,at://did:plc:vlu7phn7ukzdmfdklid6av5q/app.bsky.feed.post/3mfggrjl6u223,bafyreigigpck42tdpvc5wpgm5ntuohimk6vgfwwoyc4ul3z4yj56gou5li,did:plc:vlu7phn7ukzdmfdklid6av5q,thanhneville.medsky.social,,
e8a3d8ee3ef447c79b63dd49b78ce454,2026-02-22T08:00:00Z,2026-02-22T08:09:50Z,auth,auth_enUS_labelerexp,at://did:plc:geoqe3qls5mwezckxxsewys2/app.bsky.feed.generator/aaai43yetqshu,suggested_labelerexp,5,at://did:plc:4pgigj2tzszcyqizkddxlqrh/app.bsky.feed.post/3mfgece7ewk27,bafyreihoydjsncb3kgfu3v7lr5k5f4hm53c2lw2fofqabaeut2ocrhsl5y,did:plc:4pgigj2tzszcyqizkddxlqrh,siempresimon.bsky.social,,
e8a3d8ee3ef447c79b63dd49b78ce454,2026-02-22T08:00:00Z,2026-02-22T08:09:50Z,auth,auth_enUS_labelerexp,at://did:plc:geoqe3qls5mwezckxxsewys2/app.bsky.feed.generator/aaai43yetqshu,suggested_labelerexp,6,at://did:plc:7mmzru6buw3ab2qsnkf543eb/app.bsky.feed.post/3mfgdbejcks2b,bafyreigmhdbs7sixird2qqy4kn5zrqt422cq5k2rtt24bhumrwtnviewjy,did:plc:7mmzru6buw3ab2qsnkf543eb,webwalker13.bsky.social,,
e8a3d8ee3ef447c79b63dd49b78ce454,2026-02-22T08:00:00Z,2026-02-22T08:09:50Z,auth,auth_enUS_labelerexp,at://did:plc:geoqe3qls5mwezckxxsewys2/app.bsky.feed.generator/aaai43yetqshu,suggested_labelerexp,7,at://did:plc:zzhr5fwmurrgecdwazwomhor/app.bsky.feed.post/3mfg3ehked22q,bafyreig45yaoosw3goe5p34p6tfq4jnratmae2ukvdzqvcg4p2jielotjm,did:plc:zzhr5fwmurrgecdwazwomhor,yodelingfish.bsky.social,,
e8a3d8ee3ef447c79b63dd49b78ce454,2026-02-22T08:00:00Z,2026-02-22T08:09:50Z,auth,auth_enUS_labelerexp,at://did:plc:geoqe3qls5mwezckxxsewys2/app.bsky.feed.generator/aaai43yetqshu,suggested_labelerexp,8,at://did:plc:t42xflwaam4yasqftbnlneej/app.bsky.feed.post/3mfg2l4mcxc2r,bafyreihwjyabl6r2cr6vhxsejvcwvrslo5hwjovjeikrhgc7krm33xpjde,did:plc:t42xflwaam4yasqftbnlneej,snarkington.bsky.social,,
e8a3d8ee3ef447c79b63dd49b78ce454,2026-02-22T08:00:00Z,2026-02-22T08:09:50Z,auth,auth_enUS_labelerexp,at://did:plc:geoqe3qls5mwezckxxsewys2/app.bsky.feed.generator/aaai43yetqshu,suggested_labelerexp,9,at://did:plc:yczhrprwpzegefkjo7t5dqnv/app.bsky.feed.post/3mffylgrnqk2y,bafyreihvzalj3sxenov75aybfuqsxpho2c3oxgavl6v7i4yp34houlipry,did:plc:yczhrprwpzegefkjo7t5dqnv,jochibi72.bsky.social,,
e8a3d8ee3ef447c79b63dd49b78ce454,2026-02-22T08:00:00Z,2026-02-22T08:09:50Z,auth,auth_enUS_labelerexp,at://did:plc:geoqe3qls5mwezckxxsewys2/app.bsky.feed.generator/aaai43yetqshu,suggested_labelerexp,10,at://did:plc:zjdsqpvs22qkberomsvex2xy/app.bsky.feed.post/3mffyfaz33s2w,bafyreiagc46unswq3vbjhfn7qtk3j2dlyb44s26tnsxzkixzxjyrlgsmp4,did:plc:zjdsqpvs22qkberomsvex2xy,jatwolf.bsky.social,,
e8a3d8ee3ef447c79b63dd49b78ce454,2026-02-22T08:00:00Z,2026-02-22T08:09:50Z,auth,auth_enUS_labelerexp,at://did:plc:geoqe3qls5mwezckxxsewys2/app.bsky.feed.generator/aaai43yetqshu,suggested_labelerexp,11,at://did:plc:6qj4rdcbk2lwvuegvkqyf4jd/app.bsky.feed.post/3mffxzdcqp22i,bafyreihgwrtsroo34n6fsid222eg2y2reqh3suzwdatin2vxonhzd7ds3m,did:plc:6qj4rdcbk2lwvuegvkqyf4jd,four1six.bsky.social,,
e8a3d8ee3ef447c79b63dd49b78ce454,2026-02-22T08:00:00Z,2026-02-22T08:09:50Z,auth,auth_enUS_labelerexp,at://did:plc:geoqe3qls5mwezckxxsewys2/app.bsky.feed.generator/aaai43yetqshu,suggested_labelerexp,12,at://did:plc:jsyvlelqdcugzjw3qhbrsu3x/app.bsky.feed.post/3mffxglgnck2m,bafyreiadkgimtrbk5oh7vl36n6wsbocyvsorkx5eqgf33ygfdh5l7oh4ea,did:plc:jsyvlelqdcugzjw3qhbrsu3x,aggiegrad03.bsky.social,,
e8a3d8ee3ef447c79b63dd49b78ce454,2026-02-22T08:00:00Z,2026-02-22T08:09:50Z,auth,auth_enUS_labelerexp,at://did:plc:geoqe3qls5mwezckxxsewys2/app.bsky.feed.generator/aaai43yetqshu,suggested_labelerexp,13,at://did:plc:lcg5hurxak2hcbsqyzhsdrgw/app.bsky.feed.post/3mffx35jgxs2a,bafyreih7s4trrreyzmajj62tv7shtlm6yfs7zt5xryuyw2qp7s5y55llsy,did:plc:lcg5hurxak2hcbsqyzhsdrgw,donsalcedo.bsky.social,,
e8a3d8ee3ef447c79b63dd49b78ce454,2026-02-22T08:00:00Z,2026-02-22T08:09:50Z,auth,auth_enUS_labelerexp,at://did:plc:geoqe3qls5mwezckxxsewys2/app.bsky.feed.generator/aaai43yetqshu,suggested_labelerexp,14,at://did:plc:jsyvlelqdcugzjw3qhbrsu3x/app.bsky.feed.post/3mffw5wpczc2m,bafyreihhlba7ojkdxd2dh4kddfxpcskjivn2tjfu357cd5cq2cm4wj7sxe,did:plc:jsyvlelqdcugzjw3qhbrsu3x,aggiegrad03.bsky.social,,
e8a3d8ee3ef447c79b63dd49b78ce454,2026-02-22T08:00:00Z,2026-02-22T08:09:50Z,auth,auth_enUS_labelerexp,at://did:plc:geoqe3qls5mwezckxxsewys2/app.bsky.feed.generator/aaai43yetqshu,suggested_labelerexp,15,at://did:plc:xzyagfnmpoxle6n6lk6iq3bp/app.bsky.feed.post/3mffv5aubpc2y,bafyreifvmbqxb6baxyq6psfypjlokh64qr3out5ucc4hweanj5vf2lgrni,did:plc:xzyagfnmpoxle6n6lk6iq3bp,whatsdonsmoking.com,,
e8a3d8ee3ef447c79b63dd49b78ce454,2026-02-22T08:00:00Z,2026-02-22T08:09:50Z,auth,auth_enUS_labelerexp,at://did:plc:geoqe3qls5mwezckxxsewys2/app.bsky.feed.generator/aaai43yetqshu,suggested_labelerexp,16,at://did:plc:wqf3kpvjji52zrij345tham3/app.bsky.feed.post/3mffuztnqj22c,bafyreicerladvfaaxnrrm6eeoykp53exs7oianxuuoa4xhkj76dgz2rm7y,did:plc:wqf3kpvjji52zrij345tham3,jefftalley.bsky.social,,
e8a3d8ee3ef447c79b63dd49b78ce454,2026-02-22T08:00:00Z,2026-02-22T08:09:50Z,auth,auth_enUS_labelerexp,at://did:plc:geoqe3qls5mwezckxxsewys2/app.bsky.feed.generator/aaai43yetqshu,suggested_labelerexp,17,at://did:plc:easf4ri5rfbtj4btigebd4by/app.bsky.feed.post/3mfftmlm4sc2p,bafyreihj5ly6z5bfalsviuitxh6ta3atdgq5ydjlp7mlxp36yrc4phbtla,did:plc:easf4ri5rfbtj4btigebd4by,javajunkymonkey.bsky.social,,
e8a3d8ee3ef447c79b63dd49b78ce454,2026-02-22T08:00:00Z,2026-02-22T08:09:50Z,auth,auth_enUS_labelerexp,at://did:plc:geoqe3qls5mwezckxxsewys2/app.bsky.feed.generator/aaai43yetqshu,suggested_labelerexp,18,at://did:plc:yqdzx7lewuux7oehegd3hen7/app.bsky.feed.post/3mffp3tcuwk2g,bafyreia35rusmy7m7r57tvtbeevfdgt3chg6xxxf435vnfbv7lnsday4cm,did:plc:yqdzx7lewuux7oehegd3hen7,curryandchips.bsky.social,,
e8a3d8ee3ef447c79b63dd49b78ce454,2026-02-22T08:00:00Z,2026-02-22T08:09:50Z,auth,auth_enUS_labelerexp,at://did:plc:geoqe3qls5mwezckxxsewys2/app.bsky.feed.generator/aaai43yetqshu,suggested_labelerexp,19,at://did:plc:xzyagfnmpoxle6n6lk6iq3bp/app.bsky.feed.post/3mfflxf6qes2y,bafyreig5cpytyzamlx4h5xaarg6z6hgqc4r6r452tdykyvz5q5xjwjrud4,did:plc:xzyagfnmpoxle6n6lk6iq3bp,whatsdonsmoking.com,,
e8a3d8ee3ef447c79b63dd49b78ce454,2026-02-22T08:00:00Z,2026-02-22T08:09:50Z,auth,auth_enUS_labelerexp,at://did:plc:geoqe3qls5mwezckxxsewys2/app.bsky.feed.generator/aaai43yetqshu,suggested_labelerexp,20,at://did:plc:csd2w7hrsk37vpuxmsrk7sua/app.bsky.feed.post/3mffleqbg6s2b,bafyreihsne2corcqccsckn3veks4xopvvaeug6vh6f2jflgk37ondqgjt4,did:plc:csd2w7hrsk37vpuxmsrk7sua,lunchwithluis.bsky.social,,
e8a3d8ee3ef447c79b63dd49b78ce454,2026-02-22T08:00:00Z,2026-02-22T08:09:50Z,auth,auth_enUS_labelerexp,at://did:plc:geoqe3qls5mwezckxxsewys2/app.bsky.feed.generator/aaai43yetqshu,suggested_labelerexp,21,at://did:plc:ntzngpqzp545fligvy2tbobv/app.bsky.feed.post/3mffk4tmn4s2j,bafyreiap7jslxh25254bjt7v7yp2wzrbxw7hbmh37td5ej23wo6tas3qsq,did:plc:ntzngpqzp545fligvy2tbobv,beyondourplate.bsky.social,,
e8a3d8ee3ef447c79b63dd49b78ce454,2026-02-22T08:00:00Z,2026-02-22T08:09:50Z,auth,auth_enUS_labelerexp,at://did:plc:geoqe3qls5mwezckxxsewys2/app.bsky.feed.generator/aaai43yetqshu,suggested_labelerexp,22,at://did:plc:4pgigj2tzszcyqizkddxlqrh/app.bsky.feed.post/3mffhpfvvds2c,bafyreifceffydsp5ixpr5bnylfmjnksleu5la76omueywv7elbjj5e5vsi,did:plc:4pgigj2tzszcyqizkddxlqrh,siempresimon.bsky.social,,
e8a3d8ee3ef447c79b63dd49b78ce454,2026-02-22T08:00:00Z,2026-02-22T08:09:50Z,auth,auth_enUS_labelerexp,at://did:plc:geoqe3qls5mwezckxxsewys2/app.bsky.feed.generator/aaai43yetqshu,suggested_labelerexp,23,at://did:plc:rkyktfd5iilxviccnhftzew7/app.bsky.feed.post/3mffepgczq22k,bafyreiei7mer26zmwejsqj2b5oseqr24ukqzipwiko2gqlht35fltct2oe,did:plc:rkyktfd5iilxviccnhftzew7,abbaetha.bsky.social,,
e8a3d8ee3ef447c79b63dd49b78ce454,2026-02-22T08:00:00Z,2026-02-22T08:09:50Z,auth,auth_enUS_labelerexp,at://did:plc:geoqe3qls5mwezckxxsewys2/app.bsky.feed.generator/aaai43yetqshu,suggested_labelerexp,24,at://did:plc:w75r6mm7a3moi7hhtiyijdr4/app.bsky.feed.post/3mffe466xo22u,bafyreigiy7im7waswz2hsqswvp46wyuhl2ov757l4dyvr6xxpngwijppny,did:plc:w75r6mm7a3moi7hhtiyijdr4,elminster.bsky.social,,
e8a3d8ee3ef447c79b63dd49b78ce454,2026-02-22T08:00:00Z,2026-02-22T08:09:50Z,auth,auth_enUS_labelerexp,at://did:plc:geoqe3qls5mwezckxxsewys2/app.bsky.feed.generator/aaai43yetqshu,suggested_labelerexp,25,at://did:plc:ckqifp7ftkbeibk2lacbfnmu/app.bsky.feed.post/3mffd3jqdas2b,bafyreiffxidhbgw2pfh5s644lm6gr4ma6oqahjoiuuj7wezozw7sydyh2y,did:plc:ckqifp7ftkbeibk2lacbfnmu,misscookbook.bsky.social,,
e8a3d8ee3ef447c79b63dd49b78ce454,2026-02-22T08:00:00Z,2026-02-22T08:09:50Z,auth,auth_enUS_labelerexp,at://did:plc:geoqe3qls5mwezckxxsewys2/app.bsky.feed.generator/aaai43yetqshu,suggested_labelerexp,26,at://did:plc:q22spiqm45bj3pp2whpvyzlo/app.bsky.feed.post/3mffcysaz4s2x,bafyreie4s5cphneqaiw32nhlbejaim7qy4suqg3avjckomogqucl5my2u4,did:plc:q22spiqm45bj3pp2whpvyzlo,nahhansandiego.bsky.social,,
e8a3d8ee3ef447c79b63dd49b78ce454,2026-02-22T08:00:00Z,2026-02-22T08:09:50Z,auth,auth_enUS_labelerexp,at://did:plc:geoqe3qls5mwezckxxsewys2/app.bsky.feed.generator/aaai43yetqshu,suggested_labelerexp,27,at://did:plc:jhnrnmgfj3gj3g3handk75ns/app.bsky.feed.post/3mffclxw2p223,bafyreiekh5tehn6qvzgl563jbgicy3eg62sq2s6sjcjgqak23ihzji7aui,did:plc:jhnrnmgfj3gj3g3handk75ns,vive-la-niamh.bsky.social,,
e8a3d8ee3ef447c79b63dd49b78ce454,2026-02-22T08:00:00Z,2026-02-22T08:09:50Z,auth,auth_enUS_labelerexp,at://did:plc:geoqe3qls5mwezckxxsewys2/app.bsky.feed.generator/aaai43yetqshu,suggested_labelerexp,28,at://did:plc:stda7clbjb34uxsscfnaxfnq/app.bsky.feed.post/3mffalrnkdk2q,bafyreie6aidvh7m2gih23z245ldarsmzr3n2xlarermigboe67olatkk64,did:plc:stda7clbjb34uxsscfnaxfnq,saltpeppernsoul.blacksky.app,,
e8a3d8ee3ef447c79b63dd49b78ce454,2026-02-22T08:00:00Z,2026-02-22T08:09:50Z,auth,auth_enUS_labelerexp,at://did:plc:geoqe3qls5mwezckxxsewys2/app.bsky.feed.generator/aaai43yetqshu,suggested_labelerexp,29,at://did:plc:pg7vn7tpuqhwioytphj2mb6n/app.bsky.feed.post/3mffa5jdugk26,bafyreiezsj3qy7ekcfb5trkgohb7n7r4nkju6q4s67oko4yvqrxt7daw5i,did:plc:pg7vn7tpuqhwioytphj2mb6n,td-port.bsky.social,,
e8a3d8ee3ef447c79b63dd49b78ce454,2026-02-22T08:00:00Z,2026-02-22T08:09:50Z,auth,auth_enUS_labelerexp,at://did:plc:geoqe3qls5mwezckxxsewys2/app.bsky.feed.generator/aaai43yetqshu,suggested_labelerexp,30,at://did:plc:q22spiqm45bj3pp2whpvyzlo/app.bsky.feed.post/3mff7rmxmpk2q,bafyreifhzad63g2yx7s4eah5upkhwrc6g7h23kzncha75lzxxlvy6foeem,did:plc:q22spiqm45bj3pp2whpvyzlo,nahhansandiego.bsky.social,,
e8a3d8ee3ef447c79b63dd49b78ce454,2026-02-22T08:00:00Z,2026-02-22T08:09:50Z,auth,auth_enUS_labelerexp,at://did:plc:geoqe3qls5mwezckxxsewys2/app.bsky.feed.generator/aaai43yetqshu,suggested_labelerexp,31,at://did:plc:5t5iwhhbfoggocteqyusnlg3/app.bsky.feed.post/3mff5fjnnwc2b,bafyreihctaeqrpun5s325hexbf6mpp7z7ohuat3aoqalz5qugpao7xwu7y,did:plc:5t5iwhhbfoggocteqyusnlg3,kay2m.bsky.social,,
e8a3d8ee3ef447c79b63dd49b78ce454,2026-02-22T08:00:00Z,2026-02-22T08:09:50Z,auth,auth_enUS_labelerexp,at://did:plc:geoqe3qls5mwezckxxsewys2/app.bsky.feed.generator/aaai43yetqshu,suggested_labelerexp,32,at://did:plc:ecbny4wi64bpxywyjubp7jos/app.bsky.feed.post/3mff56besec2j,bafyreigzkhoieillryiu2wpoel6wvqvdp6iv4kgjsipiy4byvx3fcx4jni,did:plc:ecbny4wi64bpxywyjubp7jos,scoop-adw.bsky.social,,
e8a3d8ee3ef447c79b63dd49b78ce454,2026-02-22T08:00:00Z,2026-02-22T08:09:50Z,auth,auth_enUS_labelerexp,at://did:plc:geoqe3qls5mwezckxxsewys2/app.bsky.feed.generator/aaai43yetqshu,suggested_labelerexp,33,at://did:plc:245rengwep3vgrr6iao4cnnd/app.bsky.feed.post/3mff2we5gfk2y,bafyreiacxb5fvqxvjxhyqkzxojy5ffvdbqqoh3q5qvbicboo4fwp62xrmm,did:plc:245rengwep3vgrr6iao4cnnd,kijana105.bsky.social,,
e8a3d8ee3ef447c79b63dd49b78ce454,2026-02-22T08:00:00Z,2026-02-22T08:09:50Z,auth,auth_enUS_labelerexp,at://did:plc:geoqe3qls5mwezckxxsewys2/app.bsky.feed.generator/aaai43yetqshu,suggested_labelerexp,34,at://did:plc:hpw2bj6iffxoimknkrumb2ly/app.bsky.feed.post/3mfeypdpzek2n,bafyreiamayahzke6jtz7wt4tr46r6j2bv6i4jfcec7vnbe4hbuiv2dyrze,did:plc:hpw2bj6iffxoimknkrumb2ly,notbillsandweg.bsky.social,,
e8a3d8ee3ef447c79b63dd49b78ce454,2026-02-22T08:00:00Z,2026-02-22T08:09:50Z,auth,auth_enUS_labelerexp,at://did:plc:geoqe3qls5mwezckxxsewys2/app.bsky.feed.generator/aaai43yetqshu,suggested_labelerexp,35,at://did:plc:gcnrnyiufrle5ib3fomv3o35/app.bsky.feed.post/3mfeyl6jfqq2o,bafyreic2w5hgecqhurgbzcbi2cq7obigfqmuvc2ihyye4mwyz5rp6v5yzy,did:plc:gcnrnyiufrle5ib3fomv3o35,justplaincooking.ca,,
e8a3d8ee3ef447c79b63dd49b78ce454,2026-02-22T08:00:00Z,2026-02-22T08:09:50Z,auth,auth_enUS_labelerexp,at://did:plc:geoqe3qls5mwezckxxsewys2/app.bsky.feed.generator/aaai43yetqshu,suggested_labelerexp,36,at://did:plc:jsyvlelqdcugzjw3qhbrsu3x/app.bsky.feed.post/3mfexu5omks2n,bafyreiblwcdxnws3k2kmptsohok7zosdo4cxqxo6djij5772hfmr6pr7qu,did:plc:jsyvlelqdcugzjw3qhbrsu3x,aggiegrad03.bsky.social,,
e8a3d8ee3ef447c79b63dd49b78ce454,2026-02-22T08:00:00Z,2026-02-22T08:09:50Z,auth,auth_enUS_labelerexp,at://did:plc:geoqe3qls5mwezckxxsewys2/app.bsky.feed.generator/aaai43yetqshu,suggested_labelerexp,37,at://did:plc:geoqe3qls5mwezckxxsewys2/app.bsky.feed.post/3lg6rdy5frs2w,bafyreihfcrauddwnmpsh2hlfm5lawxo7kj2e6ktue3cghhwoqct6utgjb4,did:plc:geoqe3qls5mwezckxxsewys2,clarabelle.xyz,,
e8a3d8ee3ef447c79b63dd49b78ce454,2026-02-22T08:00:00Z,2026-02-22T08:09:50Z,auth,auth_enUS_labelerexp,at://did:plc:geoqe3qls5mwezckxxsewys2/app.bsky.feed.generator/aaai43yetqshu,suggested_labelerexp,38,at://did:plc:gcnrnyiufrle5ib3fomv3o35/app.bsky.feed.post/3mfexiqptid2m,bafyreihorukjkwqzhgzljhve3z3voqk5m7pz432bo332rcvqtrvccja3oa,did:plc:gcnrnyiufrle5ib3fomv3o35,justplaincooking.ca,,
e8a3d8ee3ef447c79b63dd49b78ce454,2026-02-22T08:00:00Z,2026-02-22T08:09:50Z,auth,auth_enUS_labelerexp,at://did:plc:geoqe3qls5mwezckxxsewys2/app.bsky.feed.generator/aaai43yetqshu,suggested_labelerexp,39,at://did:plc:b2pjfov6gnjfofbmuwnoyhyb/app.bsky.feed.post/3mfev4mc7hs2g,bafyreiafxsibolg76f2y7nwzeke2w67t7ruzicaauzkzoilxyg2234ocu4,did:plc:b2pjfov6gnjfofbmuwnoyhyb,tallcpgchef60.bsky.social,,
e8a3d8ee3ef447c79b63dd49b78ce454,2026-02-22T08:00:00Z,2026-02-22T08:09:50Z,auth,auth_enUS_labelerexp,at://did:plc:geoqe3qls5mwezckxxsewys2/app.bsky.feed.generator/aaai43yetqshu,suggested_labelerexp,40,at://did:plc:ksmzswa3mmubtdxndbtcbkqz/app.bsky.feed.post/3mfeouf6yes2j,bafyreieyaqivdyqb7za6i4uhwszocce5nfc25yjol5pch5mcfoaarxmxh4,did:plc:ksmzswa3mmubtdxndbtcbkqz,kimchimancer.bsky.social,,
e8a3d8ee3ef447c79b63dd49b78ce454,2026-02-22T08:00:00Z,2026-02-22T08:09:50Z,auth,auth_enUS_labelerexp,at://did:plc:geoqe3qls5mwezckxxsewys2/app.bsky.feed.generator/aaai43yetqshu,suggested_labelerexp,41,at://did:plc:ksmzswa3mmubtdxndbtcbkqz/app.bsky.feed.post/3mfeocohlek2j,bafyreifmz23xan6ovvu4re7nz4pxe5yaojgwfwiktpgciy7hs7r4ulcpey,did:plc:ksmzswa3mmubtdxndbtcbkqz,kimchimancer.bsky.social,,
e8a3d8ee3ef447c79b63dd49b78ce454,2026-02-22T08:00:00Z,2026-02-22T08:09:50Z,auth,auth_enUS_labelerexp,at://did:plc:geoqe3qls5mwezckxxsewys2/app.bsky.feed.generator/aaai43yetqshu,suggested_labelerexp,42,at://did:plc:3ciofzdn6kxemhbroojhkndi/app.bsky.feed.post/3mfenykjy5k26,bafyreifaerneohhacv3u7rzekkpluwloeckgnzzxqxlxymhhdxshcgaqq4,did:plc:3ciofzdn6kxemhbroojhkndi,nanascookbooks.bsky.social,,
e8a3d8ee3ef447c79b63dd49b78ce454,2026-02-22T08:00:00Z,2026-02-22T08:09:50Z,auth,auth_enUS_labelerexp,at://did:plc:geoqe3qls5mwezckxxsewys2/app.bsky.feed.generator/aaai43yetqshu,suggested_labelerexp,43,at://did:plc:c4svmim6bhhtpghuurdzm7jl/app.bsky.feed.post/3mfeltasl4k24,bafyreih2yogon5evv4ncgpr73j3tf6cvxytpxgh55ntk2ellggsghorqca,did:plc:c4svmim6bhhtpghuurdzm7jl,firsty22.bsky.social,,
e8a3d8ee3ef447c79b63dd49b78ce454,2026-02-22T08:00:00Z,2026-02-22T08:09:50Z,auth,auth_enUS_labelerexp,at://did:plc:geoqe3qls5mwezckxxsewys2/app.bsky.feed.generator/aaai43yetqshu,suggested_labelerexp,44,at://did:plc:xcbnex4tdl2fa3bjopeviia2/app.bsky.feed.post/3mfef6pqqvc27,bafyreiabjv33vzg7wnlnk2acidpg2inyktu2re3wfao6q46awlktmfnksm,did:plc:xcbnex4tdl2fa3bjopeviia2,uchidashusaku.bsky.social,,
e8a3d8ee3ef447c79b63dd49b78ce454,2026-02-22T08:00:00Z,2026-02-22T08:09:50Z,auth,auth_enUS_labelerexp,at://did:plc:geoqe3qls5mwezckxxsewys2/app.bsky.feed.generator/aaai43yetqshu,suggested_labelerexp,45,at://did:plc:2t2vookz6tmz2kaajbq3qjmz/app.bsky.feed.post/3mfe7u6kmtc2i,bafyreicym7tiuzrkfydn34f7w4kivhp3qqsl6zngyvgtypp35n6ziysvzu,did:plc:2t2vookz6tmz2kaajbq3qjmz,nicoleyc17.bsky.social,,
e8a3d8ee3ef447c79b63dd49b78ce454,2026-02-22T08:00:00Z,2026-02-22T08:09:50Z,auth,auth_enUS_labelerexp,at://did:plc:geoqe3qls5mwezckxxsewys2/app.bsky.feed.generator/aaai43yetqshu,suggested_labelerexp,46,at://did:plc:kyh7aam2xbolypwlqwb6af6h/app.bsky.feed.post/3mfdz7lss3k2k,bafyreid56r5uptg54d3wok42ukpppozbayiuleojap22ctsqxgyxl5bngu,did:plc:kyh7aam2xbolypwlqwb6af6h,dawnxianamoon.bsky.social,,
e8a3d8ee3ef447c79b63dd49b78ce454,2026-02-22T08:00:00Z,2026-02-22T08:09:50Z,auth,auth_enUS_labelerexp,at://did:plc:geoqe3qls5mwezckxxsewys2/app.bsky.feed.generator/aaai43yetqshu,suggested_labelerexp,47,at://did:plc:xcbnex4tdl2fa3bjopeviia2/app.bsky.feed.post/3mfdz2jtb222n,bafyreif7v7tr7ltfhwliavialxd3fkherxahlu4oqsvujyt7pbr46dlbku,did:plc:xcbnex4tdl2fa3bjopeviia2,uchidashusaku.bsky.social,,
e8a3d8ee3ef447c79b63dd49b78ce454,2026-02-22T08:00:00Z,2026-02-22T08:09:50Z,auth,auth_enUS_labelerexp,at://did:plc:geoqe3qls5mwezckxxsewys2/app.bsky.feed.generator/aaai43yetqshu,suggested_labelerexp,48,at://did:plc:vlu7phn7ukzdmfdklid6av5q/app.bsky.feed.post/3mfdya5awbc24,bafyreifbabdun25d4j4g6n3v6kvm3asccn23fprhikj3pcqinocwmzriyq,did:plc:vlu7phn7ukzdmfdklid6av5q,thanhneville.medsky.social,,
e8a3d8ee3ef447c79b63dd49b78ce454,2026-02-22T08:00:00Z,2026-02-22T08:09:50Z,auth,auth_enUS_labelerexp,at://did:plc:geoqe3qls5mwezckxxsewys2/app.bsky.feed.generator/aaai43yetqshu,suggested_labelerexp,49,at://did:plc:geoqe3qls5mwezckxxsewys2/app.bsky.feed.post/3li3vxr5gg227,bafyreigm5bup6aybuyk32fnp2xuqigski34fcgnm64gxgloroxsbax4sfu,did:plc:geoqe3qls5mwezckxxsewys2,clarabelle.xyz,,
e8a3d8ee3ef447c79b63dd49b78ce454,2026-02-22T08:00:00Z,2026-02-22T08:09:50Z,auth,auth_enUS_labelerexp,at://did:plc:geoqe3qls5mwezckxxsewys2/app.bsky.feed.generator/aaai43yetqshu,suggested_labelerexp,50,at://did:plc:t42xflwaam4yasqftbnlneej/app.bsky.feed.post/3mfdqjzkmfk2a,bafyreidc4cjwtvvobavx33iuh764ayubvbma3nttny2sorcr46tlqqlge4,did:plc:t42xflwaam4yasqftbnlneej,snarkington.bsky.social,,
e8a3d8ee3ef447c79b63dd49b78ce454,2026-02-22T08:00:00Z,2026-02-22T08:09:52Z,auth,auth_enUS_labelerexp,at://did:plc:kogkquurpi7vd6ck2tndcoog/app.bsky.feed.generator/aaahe25fq3iao,suggested_labelerexp,1,at://did:plc:kogkquurpi7vd6ck2tndcoog/app.bsky.feed.post/3kbhzuqmlqy2y,bafyreiacimx33e54yn24dbckkhbupis37dqdf73s45ldyckv2mxbthgp2a,did:plc:kogkquurpi7vd6ck2tndcoog,skyhub.bsky.social,,
e8a3d8ee3ef447c79b63dd49b78ce454,2026-02-22T08:00:00Z,2026-02-22T08:09:52Z,auth,auth_enUS_labelerexp,at://did:plc:kogkquurpi7vd6ck2tndcoog/app.bsky.feed.generator/aaahe25fq3iao,suggested_labelerexp,2,at://did:plc:cpb5a3kerlysqhimp62qpyex/app.bsky.feed.post/3mfgnbzrc3s2y,bafyreie7bnse5pnllzamhpfuo2jccbfnlxatcyir65iitbjixj5kkx24fu,did:plc:cpb5a3kerlysqhimp62qpyex,ellykaras.bsky.social,,
e8a3d8ee3ef447c79b63dd49b78ce454,2026-02-22T08:00:00Z,2026-02-22T08:09:52Z,auth,auth_enUS_labelerexp,at://did:plc:kogkquurpi7vd6ck2tndcoog/app.bsky.feed.generator/aaahe25fq3iao,suggested_labelerexp,3,at://did:plc:cpb5a3kerlysqhimp62qpyex/app.bsky.feed.post/3mfgnaixwa22y,bafyreihh7on345cjqfvcdj625ii6rsgfkqc4ygaynw6auntqrwuefbsddq,did:plc:cpb5a3kerlysqhimp62qpyex,ellykaras.bsky.social,,
e8a3d8ee3ef447c79b63dd49b78ce454,2026-02-22T08:00:00Z,2026-02-22T08:09:52Z,auth,auth_enUS_labelerexp,at://did:plc:kogkquurpi7vd6ck2tndcoog/app.bsky.feed.generator/aaahe25fq3iao,suggested_labelerexp,4,at://did:plc:cpb5a3kerlysqhimp62qpyex/app.bsky.feed.post/3mfgn6y7fpc2s,bafyreib3ww4wbn57x237cyjf5luxtdtczxyaoxlggbqcwp3ia2trkeyehm,did:plc:cpb5a3kerlysqhimp62qpyex,ellykaras.bsky.social,,
e8a3d8ee3ef447c79b63dd49b78ce454,2026-02-22T08:00:00Z,2026-02-22T08:09:52Z,auth,auth_enUS_labelerexp,at://did:plc:kogkquurpi7vd6ck2tndcoog/app.bsky.feed.generator/aaahe25fq3iao,suggested_labelerexp,5,at://did:plc:cpb5a3kerlysqhimp62qpyex/app.bsky.feed.post/3mfgn6gs3ps2z,bafyreidvci46z2szc5aivyfgugtzvtfunpen4zebjh2wqzazjhlksn6fui,did:plc:cpb5a3kerlysqhimp62qpyex,ellykaras.bsky.social,,
e8a3d8ee3ef447c79b63dd49b78ce454,2026-02-22T08:00:00Z,2026-02-22T08:09:52Z,auth,auth_enUS_labelerexp,at://did:plc:kogkquurpi7vd6ck2tndcoog/app.bsky.feed.generator/aaahe25fq3iao,suggested_labelerexp,6,at://did:plc:rrhaghll5t3rgqqudyi2jll3/app.bsky.feed.post/3mfgm2v2ft226,bafyreih6bpiodi62dcraicpt5nr3bcgqdrnm5uxqtqmyi6awa752m22jcm,did:plc:rrhaghll5t3rgqqudyi2jll3,javstar.bsky.social,,
e8a3d8ee3ef447c79b63dd49b78ce454,2026-02-22T08:00:00Z,2026-02-22T08:09:52Z,auth,auth_enUS_labelerexp,at://did:plc:kogkquurpi7vd6ck2tndcoog/app.bsky.feed.generator/aaahe25fq3iao,suggested_labelerexp,7,at://did:plc:rrhaghll5t3rgqqudyi2jll3/app.bsky.feed.post/3mfgla7q42s2s,bafyreiatdmfoz44kcnq2xl72clg5c7ujf5mavsffnzvf6nu2z2ov22rpa4,did:plc:rrhaghll5t3rgqqudyi2jll3,javstar.bsky.social,,
e8a3d8ee3ef447c79b63dd49b78ce454,2026-02-22T08:00:00Z,2026-02-22T08:09:52Z,auth,auth_enUS_labelerexp,at://did:plc:kogkquurpi7vd6ck2tndcoog/app.bsky.feed.generator/aaahe25fq3iao,suggested_labelerexp,8,at://did:plc:zg2f7er35myckqolprwsqvg6/app.bsky.feed.post/3mfgkqhtxmk23,bafyreicxykthigbpn5wxalbtem6zumazs6umddbh6bp3yglptajy22zdji,did:plc:zg2f7er35myckqolprwsqvg6,karaedens.bsky.social,,
e8a3d8ee3ef447c79b63dd49b78ce454,2026-02-22T08:00:00Z,2026-02-22T08:09:52Z,auth,auth_enUS_labelerexp,at://did:plc:kogkquurpi7vd6ck2tndcoog/app.bsky.feed.generator/aaahe25fq3iao,suggested_labelerexp,9,at://did:plc:7pirvy4egeh3itzgzft3zbcb/app.bsky.feed.post/3mfghoaepic2l,bafyreiaxlnweekuf2v3sn5pfv6ybqytovffdud2mtcxlsrnk7izcqijngi,did:plc:7pirvy4egeh3itzgzft3zbcb,tritikochan.bsky.social,,
e8a3d8ee3ef447c79b63dd49b78ce454,2026-02-22T08:00:00Z,2026-02-22T08:09:52Z,auth,auth_enUS_labelerexp,at://did:plc:kogkquurpi7vd6ck2tndcoog/app.bsky.feed.generator/aaahe25fq3iao,suggested_labelerexp,10,at://did:plc:rrhaghll5t3rgqqudyi2jll3/app.bsky.feed.post/3mfghbs2xa22s,bafyreigznzj5rmr7hvlnix34naw5q6fch5msslashfayl2nqpsvsvv4u4q,did:plc:rrhaghll5t3rgqqudyi2jll3,javstar.bsky.social,,
e8a3d8ee3ef447c79b63dd49b78ce454,2026-02-22T08:00:00Z,2026-02-22T08:09:52Z,auth,auth_enUS_labelerexp,at://did:plc:kogkquurpi7vd6ck2tndcoog/app.bsky.feed.generator/aaahe25fq3iao,suggested_labelerexp,11,at://did:plc:rrhaghll5t3rgqqudyi2jll3/app.bsky.feed.post/3mfgg4qwgbc27,bafyreifik6edez5gjcaagarmrjbgzksvdrt6cfcd44qpm4uqazdqhiub6a,did:plc:rrhaghll5t3rgqqudyi2jll3,javstar.bsky.social,,
e8a3d8ee3ef447c79b63dd49b78ce454,2026-02-22T08:00:00Z,2026-02-22T08:09:52Z,auth,auth_enUS_labelerexp,at://did:plc:kogkquurpi7vd6ck2tndcoog/app.bsky.feed.generator/aaahe25fq3iao,suggested_labelerexp,12,at://did:plc:mcb6n67plnrlx4lg35natk2b/app.bsky.feed.post/3mfgftxel2725,bafyreic6gccplhpya5mxfp32u2ybbqm6nm467b5t35w3tu2ta7fmbsyjoi,did:plc:mcb6n67plnrlx4lg35natk2b,nowbreezing.ntw.app,,
e8a3d8ee3ef447c79b63dd49b78ce454,2026-02-22T08:00:00Z,2026-02-22T08:09:52Z,auth,auth_enUS_labelerexp,at://did:plc:kogkquurpi7vd6ck2tndcoog/app.bsky.feed.generator/aaahe25fq3iao,suggested_labelerexp,13,at://did:plc:ma2yxfqurgelki7thbgsmzgu/app.bsky.feed.post/3mfgfsqcms225,bafyreiezggft6nnawvmla4y65wvrzwxy3nwz457f45hxojcfm6m5ijqqym,did:plc:ma2yxfqurgelki7thbgsmzgu,evafemboy.bsky.social,,
e8a3d8ee3ef447c79b63dd49b78ce454,2026-02-22T08:00:00Z,2026-02-22T08:09:52Z,auth,auth_enUS_labelerexp,at://did:plc:kogkquurpi7vd6ck2tndcoog/app.bsky.feed.generator/aaahe25fq3iao,suggested_labelerexp,14,at://did:plc:rrhaghll5t3rgqqudyi2jll3/app.bsky.feed.post/3mfgfgvzy5s2e,bafyreihcwc6li565ipafyylllyv2vqyt4mkwrepw6veousfvmimuuclteu,did:plc:rrhaghll5t3rgqqudyi2jll3,javstar.bsky.social,,
e8a3d8ee3ef447c79b63dd49b78ce454,2026-02-22T08:00:00Z,2026-02-22T08:09:52Z,auth,auth_enUS_labelerexp,at://did:plc:kogkquurpi7vd6ck2tndcoog/app.bsky.feed.generator/aaahe25fq3iao,suggested_labelerexp,15,at://did:plc:vmapg4cdx4ctngrde5lwyx2z/app.bsky.feed.post/3mfgf5rx5kc22,bafyreichgphnsuajuk35p6ew3tjevaz3kk2kw36kzo3igh6nazobkwg2dm,did:plc:vmapg4cdx4ctngrde5lwyx2z,ariifrostt.bsky.social,,
e8a3d8ee3ef447c79b63dd49b78ce454,2026-02-22T08:00:00Z,2026-02-22T08:09:52Z,auth,auth_enUS_labelerexp,at://did:plc:kogkquurpi7vd6ck2tndcoog/app.bsky.feed.generator/aaahe25fq3iao,suggested_labelerexp,16,at://did:plc:re6leatmpjf4wfv4m2wci3sr/app.bsky.feed.post/3mfgcridcrk2f,bafyreibfge7tundv6noo7wmcmbcae4s2q2z2md7pfbur7pkwn5pyph22vi,did:plc:re6leatmpjf4wfv4m2wci3sr,hollyalisabeth.bsky.social,,
e8a3d8ee3ef447c79b63dd49b78ce454,2026-02-22T08:00:00Z,2026-02-22T08:09:52Z,auth,auth_enUS_labelerexp,at://did:plc:kogkquurpi7vd6ck2tndcoog/app.bsky.feed.generator/aaahe25fq3iao,suggested_labelerexp,17,at://did:plc:vmapg4cdx4ctngrde5lwyx2z/app.bsky.feed.post/3mfg6j56alk2c,bafyreihfjdjc2xginysnpcxcqsp3pe5ouefvuzbhhbv5bjczdkdoiyrxsi,did:plc:vmapg4cdx4ctngrde5lwyx2z,ariifrostt.bsky.social,,
e8a3d8ee3ef447c79b63dd49b78ce454,2026-02-22T08:00:00Z,2026-02-22T08:09:52Z,auth,auth_enUS_labelerexp,at://did:plc:kogkquurpi7vd6ck2tndcoog/app.bsky.feed.generator/aaahe25fq3iao,suggested_labelerexp,18,at://did:plc:vmapg4cdx4ctngrde5lwyx2z/app.bsky.feed.post/3mfg5kvgz362u,bafyreigbm4k3c3v7dvwb5adxgpt4rk6vylyeavg5ohdjx2lkvepxa36c5a,did:plc:vmapg4cdx4ctngrde5lwyx2z,ariifrostt.bsky.social,,
e8a3d8ee3ef447c79b63dd49b78ce454,2026-02-22T08:00:00Z,2026-02-22T08:09:52Z,auth,auth_enUS_labelerexp,at://did:plc:kogkquurpi7vd6ck2tndcoog/app.bsky.feed.generator/aaahe25fq3iao,suggested_labelerexp,19,at://did:plc:237y3doubcdhnys6yrajtxyx/app.bsky.feed.post/3mffxzm4q522f,bafyreigoex637o57q32nc2vw2fqakcs3lshtagudsrdl5nr5wlfmhql5ae,did:plc:237y3doubcdhnys6yrajtxyx,lolamary.bsky.social,,
e8a3d8ee3ef447c79b63dd49b78ce454,2026-02-22T08:00:00Z,2026-02-22T08:09:52Z,auth,auth_enUS_labelerexp,at://did:plc:kogkquurpi7vd6ck2tndcoog/app.bsky.feed.generator/aaahe25fq3iao,suggested_labelerexp,20,at://did:plc:n2ubo2ueq62l4vm4dnx2evte/app.bsky.feed.post/3mffwvym4x22j,bafyreihti4cuyv74y7ipdt2fltxth4qt46mcxx26ipnrevzyqupp3tegq4,did:plc:n2ubo2ueq62l4vm4dnx2evte,cum4fawn.bsky.social,,
e8a3d8ee3ef447c79b63dd49b78ce454,2026-02-22T08:00:00Z,2026-02-22T08:09:52Z,auth,auth_enUS_labelerexp,at://did:plc:kogkquurpi7vd6ck2tndcoog/app.bsky.feed.generator/aaahe25fq3iao,suggested_labelerexp,21,at://did:plc:vu7toajxwlfu45oavr3jlwm7/app.bsky.feed.post/3mffvphhcu22b,bafyreihmfsoe54ergwmcyf5regv4xib7772wrwn2prjcr273prxy6ldolu,did:plc:vu7toajxwlfu45oavr3jlwm7,rooieboo90.bsky.social,,
e8a3d8ee3ef447c79b63dd49b78ce454,2026-02-22T08:00:00Z,2026-02-22T08:09:52Z,auth,auth_enUS_labelerexp,at://did:plc:kogkquurpi7vd6ck2tndcoog/app.bsky.feed.generator/aaahe25fq3iao,suggested_labelerexp,22,at://did:plc:afsnhwptx77ehk7udfx5mcsa/app.bsky.feed.post/3mffvm77rkc2o,bafyreiai2f4sthrxvrsaup4zj6qqykoqshng5szvgzfsnws4rrt7mkvy7a,did:plc:afsnhwptx77ehk7udfx5mcsa,calderbennett.bsky.social,,
e8a3d8ee3ef447c79b63dd49b78ce454,2026-02-22T08:00:00Z,2026-02-22T08:09:52Z,auth,auth_enUS_labelerexp,at://did:plc:kogkquurpi7vd6ck2tndcoog/app.bsky.feed.generator/aaahe25fq3iao,suggested_labelerexp,23,at://did:plc:4eiokjs7nfwlgblqmu67k6t6/app.bsky.feed.post/3mffux46kuz2e,bafyreifwknxs2txhwbkcgof3ujgmcqnpgolp6l5msj6re4py72yzbgqsyy,did:plc:4eiokjs7nfwlgblqmu67k6t6,mirandamariemn.bsky.social,,
e8a3d8ee3ef447c79b63dd49b78ce454,2026-02-22T08:00:00Z,2026-02-22T08:09:52Z,auth,auth_enUS_labelerexp,at://did:plc:kogkquurpi7vd6ck2tndcoog/app.bsky.feed.generator/aaahe25fq3iao,suggested_labelerexp,24,at://did:plc:vmapg4cdx4ctngrde5lwyx2z/app.bsky.feed.post/3mffucmw2ea2u,bafyreihv4nci57ft6iotenyobvx7mr2q6dhk2bke526enlqxqzhyopmbva,did:plc:vmapg4cdx4ctngrde5lwyx2z,ariifrostt.bsky.social,,
e8a3d8ee3ef447c79b63dd49b78ce454,2026-02-22T08:00:00Z,2026-02-22T08:09:52Z,auth,auth_enUS_labelerexp,at://did:plc:kogkquurpi7vd6ck2tndcoog/app.bsky.feed.generator/aaahe25fq3iao,suggested_labelerexp,25,at://did:plc:vmapg4cdx4ctngrde5lwyx2z/app.bsky.feed.post/3mfftyntaij2n,bafyreibr3kq3o37u4branfhycezebfdvy5yrt4b454jbrur6s6uwkgzcry,did:plc:vmapg4cdx4ctngrde5lwyx2z,ariifrostt.bsky.social,,
e8a3d8ee3ef447c79b63dd49b78ce454,2026-02-22T08:00:00Z,2026-02-22T08:09:52Z,auth,auth_enUS_labelerexp,at://did:plc:kogkquurpi7vd6ck2tndcoog/app.bsky.feed.generator/aaahe25fq3iao,suggested_labelerexp,26,at://did:plc:mcb6n67plnrlx4lg35natk2b/app.bsky.feed.post/3mfftfulz7r2l,bafyreidawj2hzpdsndqiuc7bxjbi7mvzxcos742b6axbvysmmfoe3eekru,did:plc:mcb6n67plnrlx4lg35natk2b,nowbreezing.ntw.app,,
e8a3d8ee3ef447c79b63dd49b78ce454,2026-02-22T08:00:00Z,2026-02-22T08:09:52Z,auth,auth_enUS_labelerexp,at://did:plc:kogkquurpi7vd6ck2tndcoog/app.bsky.feed.generator/aaahe25fq3iao,suggested_labelerexp,27,at://did:plc:edqprsxm63q3k745r7txilh5/app.bsky.feed.post/3mfft4dpiq225,bafyreidkyzg2pmyo3fdliy5yzjyvny2xbd6bds3yf22i6vjhph73lg4xmi,did:plc:edqprsxm63q3k745r7txilh5,wofsluts.bsky.social,,
e8a3d8ee3ef447c79b63dd49b78ce454,2026-02-22T08:00:00Z,2026-02-22T08:09:52Z,auth,auth_enUS_labelerexp,at://did:plc:kogkquurpi7vd6ck2tndcoog/app.bsky.feed.generator/aaahe25fq3iao,suggested_labelerexp,28,at://did:plc:edqprsxm63q3k745r7txilh5/app.bsky.feed.post/3mfft264zns25,bafyreib2b32s7uadk3agcjdnzx5dwx4r2ckaikthqfz7s3bjvsmq3kjn4y,did:plc:edqprsxm63q3k745r7txilh5,wofsluts.bsky.social,,
e8a3d8ee3ef447c79b63dd49b78ce454,2026-02-22T08:00:00Z,2026-02-22T08:09:52Z,auth,auth_enUS_labelerexp,at://did:plc:kogkquurpi7vd6ck2tndcoog/app.bsky.feed.generator/aaahe25fq3iao,suggested_labelerexp,29,at://did:plc:c33x4vjoxeplbu3ktpnu3ahl/app.bsky.feed.post/3mffsw63ubs26,bafyreiaqveypryazb4oe55onyaulzicfbnoddato4b5twgjm4rzzpwhiyi,did:plc:c33x4vjoxeplbu3ktpnu3ahl,paroxysmnsfw.bsky.social,,
e8a3d8ee3ef447c79b63dd49b78ce454,2026-02-22T08:00:00Z,2026-02-22T08:09:52Z,auth,auth_enUS_labelerexp,at://did:plc:kogkquurpi7vd6ck2tndcoog/app.bsky.feed.generator/aaahe25fq3iao,suggested_labelerexp,30,at://did:plc:2qlbivzvdt6hp6dwrd2sx4sf/app.bsky.feed.post/3mffsvpcmq22t,bafyreibxia4elkzkvwgqfeirsdtwjvh4s5ra2tzhmspqyaufjm2qxrvgnu,did:plc:2qlbivzvdt6hp6dwrd2sx4sf,mayawest.online,,
e8a3d8ee3ef447c79b63dd49b78ce454,2026-02-22T08:00:00Z,2026-02-22T08:09:52Z,auth,auth_enUS_labelerexp,at://did:plc:kogkquurpi7vd6ck2tndcoog/app.bsky.feed.generator/aaahe25fq3iao,suggested_labelerexp,31,at://did:plc:edqprsxm63q3k745r7txilh5/app.bsky.feed.post/3mffss22lcc25,bafyreice5klxgqkzynyiaiah4aczs7ewckgehu5p66mrdnwqyulwwdoub4,did:plc:edqprsxm63q3k745r7txilh5,wofsluts.bsky.social,,
e8a3d8ee3ef447c79b63dd49b78ce454,2026-02-22T08:00:00Z,2026-02-22T08:09:52Z,auth,auth_enUS_labelerexp,at://did:plc:kogkquurpi7vd6ck2tndcoog/app.bsky.feed.generator/aaahe25fq3iao,suggested_labelerexp,32,at://did:plc:jlcflvygw7jnttso3bpisnc7/app.bsky.feed.post/3mffskgpqjm2u,bafyreihj2oet3v3yidv7p5luvuygefx7lbwkfjuidewk2nnxmqbezquwai,did:plc:jlcflvygw7jnttso3bpisnc7,dc-comics-porn.bsky.social,,
e8a3d8ee3ef447c79b63dd49b78ce454,2026-02-22T08:00:00Z,2026-02-22T08:09:52Z,auth,auth_enUS_labelerexp,at://did:plc:kogkquurpi7vd6ck2tndcoog/app.bsky.feed.generator/aaahe25fq3iao,suggested_labelerexp,33,at://did:plc:k7pa7fkl64y5zt5g77tf4xxx/app.bsky.feed.post/3mffs63cpjb2a,bafyreif7rtg7uftkptsjxririn67aryc667hhbvqe2gvifhbmukmgl4mum,did:plc:k7pa7fkl64y5zt5g77tf4xxx,flirtydeals.com,,
e8a3d8ee3ef447c79b63dd49b78ce454,2026-02-22T08:00:00Z,2026-02-22T08:09:52Z,auth,auth_enUS_labelerexp,at://did:plc:kogkquurpi7vd6ck2tndcoog/app.bsky.feed.generator/aaahe25fq3iao,suggested_labelerexp,34,at://did:plc:mcb6n67plnrlx4lg35natk2b/app.bsky.feed.post/3mffrqijmec2q,bafyreicfdzvkiqpkzg6jqtush3znq6jfrl6gttgc7oq5mfbzzek5xg3gxa,did:plc:mcb6n67plnrlx4lg35natk2b,nowbreezing.ntw.app,,
e8a3d8ee3ef447c79b63dd49b78ce454,2026-02-22T08:00:00Z,2026-02-22T08:09:52Z,auth,auth_enUS_labelerexp,at://did:plc:kogkquurpi7vd6ck2tndcoog/app.bsky.feed.generator/aaahe25fq3iao,suggested_labelerexp,35,at://did:plc:lvaedgjxjopyrlfbq2fc25cz/app.bsky.feed.post/3mffrfmf6ac2f,bafyreifjfgjmjxfy4cjjafnweqojx65b65eok5sqyhbjjgrdnl7tlrxlwq,did:plc:lvaedgjxjopyrlfbq2fc25cz,bbcgangbangcrew.bsky.social,,
e8a3d8ee3ef447c79b63dd49b78ce454,2026-02-22T08:00:00Z,2026-02-22T08:09:52Z,auth,auth_enUS_labelerexp,at://did:plc:kogkquurpi7vd6ck2tndcoog/app.bsky.feed.generator/aaahe25fq3iao,suggested_labelerexp,36,at://did:plc:re6leatmpjf4wfv4m2wci3sr/app.bsky.feed.post/3mffrdqzbec2f,bafyreihw35lengcizordihodbcmrflyeeayitjh3ucy75jv2ry52pchpxq,did:plc:re6leatmpjf4wfv4m2wci3sr,hollyalisabeth.bsky.social,,
e8a3d8ee3ef447c79b63dd49b78ce454,2026-02-22T08:00:00Z,2026-02-22T08:09:52Z,auth,auth_enUS_labelerexp,at://did:plc:kogkquurpi7vd6ck2tndcoog/app.bsky.feed.generator/aaahe25fq3iao,suggested_labelerexp,37,at://did:plc:q2bvornhrcvznhvqk27rwgfj/app.bsky.feed.post/3mffqz4ui422q,bafyreiagz2cy3c6yc5riq53o6opwhkqkv6cmdhyncazd42qjzvkufhmphq,did:plc:q2bvornhrcvznhvqk27rwgfj,emo-porn.bsky.social,,
e8a3d8ee3ef447c79b63dd49b78ce454,2026-02-22T08:00:00Z,2026-02-22T08:09:52Z,auth,auth_enUS_labelerexp,at://did:plc:kogkquurpi7vd6ck2tndcoog/app.bsky.feed.generator/aaahe25fq3iao,suggested_labelerexp,38,at://did:plc:nr4su5f4jncsjz5p7onprxsq/app.bsky.feed.post/3mffqw3frhg2l,bafyreihjlvji5rou6ze6p46n4yfnqpy3w2qyhxej5zb2vic6gpi7ghjucu,did:plc:nr4su5f4jncsjz5p7onprxsq,petite-porn.bsky.social,,
e8a3d8ee3ef447c79b63dd49b78ce454,2026-02-22T08:00:00Z,2026-02-22T08:09:52Z,auth,auth_enUS_labelerexp,at://did:plc:kogkquurpi7vd6ck2tndcoog/app.bsky.feed.generator/aaahe25fq3iao,suggested_labelerexp,39,at://did:plc:237y3doubcdhnys6yrajtxyx/app.bsky.feed.post/3mffqo65h622n,bafyreihedrendg2ky7fugkpw7io63hyrdbeh4wdeclwqdgq74uh7xlgiji,did:plc:237y3doubcdhnys6yrajtxyx,lolamary.bsky.social,,
e8a3d8ee3ef447c79b63dd49b78ce454,2026-02-22T08:00:00Z,2026-02-22T08:09:52Z,auth,auth_enUS_labelerexp,at://did:plc:kogkquurpi7vd6ck2tndcoog/app.bsky.feed.generator/aaahe25fq3iao,suggested_labelerexp,40,at://did:plc:c32cq3nfgavklsp444cyanwl/app.bsky.feed.post/3mffq5wys6m2t,bafyreibdxy25fth5kwxidsm5kxwumddbedrbwnxcgbpgle66jtjyia2a34,did:plc:c32cq3nfgavklsp444cyanwl,big-ass-porn.bsky.social,,
e8a3d8ee3ef447c79b63dd49b78ce454,2026-02-22T08:00:00Z,2026-02-22T08:09:52Z,auth,auth_enUS_labelerexp,at://did:plc:kogkquurpi7vd6ck2tndcoog/app.bsky.feed.generator/aaahe25fq3iao,suggested_labelerexp,41,at://did:plc:mcb6n67plnrlx4lg35natk2b/app.bsky.feed.post/3mffpipohvk2g,bafyreihodt4yu4gmqyvcreyj74shnu5zeyuj3p5q7bym6z3qwd6xrtl2zq,did:plc:mcb6n67plnrlx4lg35natk2b,nowbreezing.ntw.app,,
e8a3d8ee3ef447c79b63dd49b78ce454,2026-02-22T08:00:00Z,2026-02-22T08:09:52Z,auth,auth_enUS_labelerexp,at://did:plc:kogkquurpi7vd6ck2tndcoog/app.bsky.feed.generator/aaahe25fq3iao,suggested_labelerexp,42,at://did:plc:237y3doubcdhnys6yrajtxyx/app.bsky.feed.post/3mffp7wk3wk2v,bafyreifa55gi57iscdykettoff46kbndpt3k6fb7672zhrmmmzt3jm2quu,did:plc:237y3doubcdhnys6yrajtxyx,lolamary.bsky.social,,
e8a3d8ee3ef447c79b63dd49b78ce454,2026-02-22T08:00:00Z,2026-02-22T08:09:52Z,auth,auth_enUS_labelerexp,at://did:plc:kogkquurpi7vd6ck2tndcoog/app.bsky.feed.generator/aaahe25fq3iao,suggested_labelerexp,43,at://did:plc:nr4su5f4jncsjz5p7onprxsq/app.bsky.feed.post/3mffp7ngnk423,bafyreia3r34i6q7smjxop5hq5imdutcghuffyjyycf4llqbi6btbzhyppy,did:plc:nr4su5f4jncsjz5p7onprxsq,petite-porn.bsky.social,,
e8a3d8ee3ef447c79b63dd49b78ce454,2026-02-22T08:00:00Z,2026-02-22T08:09:52Z,auth,auth_enUS_labelerexp,at://did:plc:kogkquurpi7vd6ck2tndcoog/app.bsky.feed.generator/aaahe25fq3iao,suggested_labelerexp,44,at://did:plc:r5l354ahi4j565yb77nt3y26/app.bsky.feed.post/3mffp5hv53h2i,bafyreidixnwpgnxaittn3vm3ho3zhtpgrqe6uez53vah3yahpcahds3h24,did:plc:r5l354ahi4j565yb77nt3y26,marvel-rivals-porn.bsky.social,,
e8a3d8ee3ef447c79b63dd49b78ce454,2026-02-22T08:00:00Z,2026-02-22T08:09:52Z,auth,auth_enUS_labelerexp,at://did:plc:kogkquurpi7vd6ck2tndcoog/app.bsky.feed.generator/aaahe25fq3iao,suggested_labelerexp,45,at://did:plc:mcb6n67plnrlx4lg35natk2b/app.bsky.feed.post/3mffox5ohhs2x,bafyreifvqiseesegf23z2r4rd6sdkqrtkifimufnor2qjnfnn2k7imlocq,did:plc:mcb6n67plnrlx4lg35natk2b,nowbreezing.ntw.app,,
e8a3d8ee3ef447c79b63dd49b78ce454,2026-02-22T08:00:00Z,2026-02-22T08:09:52Z,auth,auth_enUS_labelerexp,at://did:plc:kogkquurpi7vd6ck2tndcoog/app.bsky.feed.generator/aaahe25fq3iao,suggested_labelerexp,46,at://did:plc:4h7zaghpkwuw5tr2rxy7imb4/app.bsky.feed.post/3mffosvedxi2y,bafyreiemrprnwjbolx3wpetbzpoyhmb6blz6urzjnpf6qmqtvxqzlgtu5i,did:plc:4h7zaghpkwuw5tr2rxy7imb4,iiwii11bbc.bsky.social,,
e8a3d8ee3ef447c79b63dd49b78ce454,2026-02-22T08:00:00Z,2026-02-22T08:09:52Z,auth,auth_enUS_labelerexp,at://did:plc:kogkquurpi7vd6ck2tndcoog/app.bsky.feed.generator/aaahe25fq3iao,suggested_labelerexp,47,at://did:plc:3hwdcko2xqgrj2sromkhwyvk/app.bsky.feed.post/3mfforqvhbj2q,bafyreicvtsnlsnibqlv7eh26jam7t22qxjqj4whsowpirfv32v2p6lh3ji,did:plc:3hwdcko2xqgrj2sromkhwyvk,gym-porn.bsky.social,,
e8a3d8ee3ef447c79b63dd49b78ce454,2026-02-22T08:00:00Z,2026-02-22T08:09:52Z,auth,auth_enUS_labelerexp,at://did:plc:kogkquurpi7vd6ck2tndcoog/app.bsky.feed.generator/aaahe25fq3iao,suggested_labelerexp,48,at://did:plc:vmapg4cdx4ctngrde5lwyx2z/app.bsky.feed.post/3mffo535qc622,bafyreig4y7tmc3vivi53xg77tz2lq45tklb3a7vqlesyzh6577kus2rp2a,did:plc:vmapg4cdx4ctngrde5lwyx2z,ariifrostt.bsky.social,,
e8a3d8ee3ef447c79b63dd49b78ce454,2026-02-22T08:00:00Z,2026-02-22T08:09:52Z,auth,auth_enUS_labelerexp,at://did:plc:kogkquurpi7vd6ck2tndcoog/app.bsky.feed.generator/aaahe25fq3iao,suggested_labelerexp,49,at://did:plc:nr4su5f4jncsjz5p7onprxsq/app.bsky.feed.post/3mffnjunt6v2j,bafyreifaf3vin3be5mch5adlg6ugzi5q2d5rtyvh3gpsza4perl5p6nxlq,did:plc:nr4su5f4jncsjz5p7onprxsq,petite-porn.bsky.social,,
e8a3d8ee3ef447c79b63dd49b78ce454,2026-02-22T08:00:00Z,2026-02-22T08:09:52Z,auth,auth_enUS_labelerexp,at://did:plc:kogkquurpi7vd6ck2tndcoog/app.bsky.feed.generator/aaahe25fq3iao,suggested_labelerexp,50,at://did:plc:r5l354ahi4j565yb77nt3y26/app.bsky.feed.post/3mffnjjdks72j,bafyreibcmywro7krcicbhiqcmweobgmzigtb5mv2sklbt4ht5s45otwbqu,did:plc:r5l354ahi4j565yb77nt3y26,marvel-rivals-porn.bsky.social,,
e8a3d8ee3ef447c79b63dd49b78ce454,2026-02-22T08:00:00Z,2026-02-22T08:09:52Z,auth,auth_enUS_labelerexp,at://did:plc:lcytlkvzs3wslcgbk7i3ygak/app.bsky.feed.generator/aaaezvwrdjuoy,suggested_labelerexp,1,at://did:plc:25vdlm3e334isjw3mdeqnhuv/app.bsky.feed.post/3mfeqbm7lh225,bafyreifpjtifkezn7j7blvvgkwu54rmwdrlpliscit2pubos6wciz25mce,did:plc:25vdlm3e334isjw3mdeqnhuv,blackice397.bsky.social,,
e8a3d8ee3ef447c79b63dd49b78ce454,2026-02-22T08:00:00Z,2026-02-22T08:09:52Z,auth,auth_enUS_labelerexp,at://did:plc:lcytlkvzs3wslcgbk7i3ygak/app.bsky.feed.generator/aaaezvwrdjuoy,suggested_labelerexp,2,at://did:plc:yuclna7gwe65jlbd2vzkh2dh/app.bsky.feed.post/3mffrj4r7i22l,bafyreieu3ph2o5wngbjlmxgogpmoqp7xf36zk72t7a2bxfljxuqh465tya,did:plc:yuclna7gwe65jlbd2vzkh2dh,bristlebeard.bsky.social,,
e8a3d8ee3ef447c79b63dd49b78ce454,2026-02-22T08:00:00Z,2026-02-22T08:09:52Z,auth,auth_enUS_labelerexp,at://did:plc:lcytlkvzs3wslcgbk7i3ygak/app.bsky.feed.generator/aaaezvwrdjuoy,suggested_labelerexp,3,at://did:plc:mthktzniljcvhf7hnohptifs/app.bsky.feed.post/3mfgjtwhiuc2z,bafyreig6bt4t3vruhh6zrnsi6wvkjqa6zgcfutob67r5nejnppstb4wrkq,did:plc:mthktzniljcvhf7hnohptifs,shad0.bsky.social,,
e8a3d8ee3ef447c79b63dd49b78ce454,2026-02-22T08:00:00Z,2026-02-22T08:09:52Z,auth,auth_enUS_labelerexp,at://did:plc:lcytlkvzs3wslcgbk7i3ygak/app.bsky.feed.generator/aaaezvwrdjuoy,suggested_labelerexp,4,at://did:plc:yuclna7gwe65jlbd2vzkh2dh/app.bsky.feed.post/3mffrrjpvk22l,bafyreictkxkmniaqvdblr3qbvifbvohoeeifcqupgj3mopw32rxo3edt4e,did:plc:yuclna7gwe65jlbd2vzkh2dh,bristlebeard.bsky.social,,
e8a3d8ee3ef447c79b63dd49b78ce454,2026-02-22T08:00:00Z,2026-02-22T08:09:52Z,auth,auth_enUS_labelerexp,at://did:plc:lcytlkvzs3wslcgbk7i3ygak/app.bsky.feed.generator/aaaezvwrdjuoy,suggested_labelerexp,5,at://did:plc:ndlwms7q2smmrbsbnv6zq4oz/app.bsky.feed.post/3mffy4azcsc2n,bafyreiat3he5eyixqjo3aeicmd5kqnsdmywnisqnknl7mveliohwzstwsq,did:plc:ndlwms7q2smmrbsbnv6zq4oz,melitee.bsky.social,,
e8a3d8ee3ef447c79b63dd49b78ce454,2026-02-22T08:00:00Z,2026-02-22T08:09:52Z,auth,auth_enUS_labelerexp,at://did:plc:lcytlkvzs3wslcgbk7i3ygak/app.bsky.feed.generator/aaaezvwrdjuoy,suggested_labelerexp,6,at://did:plc:ih6plnez4i5o6dnx5zp3qh4p/app.bsky.feed.post/3mfgjaelt4k2f,bafyreigl6jed7ebzhmfsvd7u4ozzn6ky2b4qfrhsh5z3zrxnmoq2k4crfm,did:plc:ih6plnez4i5o6dnx5zp3qh4p,toadly1.bsky.social,,
e8a3d8ee3ef447c79b63dd49b78ce454,2026-02-22T08:00:00Z,2026-02-22T08:09:52Z,auth,auth_enUS_labelerexp,at://did:plc:lcytlkvzs3wslcgbk7i3ygak/app.bsky.feed.generator/aaaezvwrdjuoy,suggested_labelerexp,7,at://did:plc:vod7bk7pkmtu5sqnuh2pxjji/app.bsky.feed.post/3mfg4ljwou22t,bafyreifjiaqiqq36znkqmghq3zhoca6ii2g7z3co5wiwwmn35f6shpkhpy,did:plc:vod7bk7pkmtu5sqnuh2pxjji,ddwardiswriting.bsky.social,,
e8a3d8ee3ef447c79b63dd49b78ce454,2026-02-22T08:00:00Z,2026-02-22T08:09:52Z,auth,auth_enUS_labelerexp,at://did:plc:lcytlkvzs3wslcgbk7i3ygak/app.bsky.feed.generator/aaaezvwrdjuoy,suggested_labelerexp,8,at://did:plc:j537lrkrbtn3zghanve46ny4/app.bsky.feed.post/3mfeyh4yt3s24,bafyreidsgyrm3oy32kzhkxliiwqpg2xegmquywvvjtj6tqv4rcqrubxmlq,did:plc:j537lrkrbtn3zghanve46ny4,kittz.cool,,
e8a3d8ee3ef447c79b63dd49b78ce454,2026-02-22T08:00:00Z,2026-02-22T08:09:52Z,auth,auth_enUS_labelerexp,at://did:plc:lcytlkvzs3wslcgbk7i3ygak/app.bsky.feed.generator/aaaezvwrdjuoy,suggested_labelerexp,9,at://did:plc:wg64qr67ipxwhj4rrhge4kql/app.bsky.feed.post/3mfgd6dqb3s2l,bafyreifeir4t3e5a3o5ddv2auzlewf3wes2qpslhhtqn3xf5wid7ucwrti,did:plc:wg64qr67ipxwhj4rrhge4kql,reploidhunter.bsky.social,,
e8a3d8ee3ef447c79b63dd49b78ce454,2026-02-22T08:00:00Z,2026-02-22T08:09:52Z,auth,auth_enUS_labelerexp,at://did:plc:lcytlkvzs3wslcgbk7i3ygak/app.bsky.feed.generator/aaaezvwrdjuoy,suggested_labelerexp,10,at://did:plc:ih6plnez4i5o6dnx5zp3qh4p/app.bsky.feed.post/3mfgjg4rrks2f,bafyreicqkqqme4nii23mwildvfuig45w3ogla7o6nkyuef7x6kzadq3riy,did:plc:ih6plnez4i5o6dnx5zp3qh4p,toadly1.bsky.social,,
e8a3d8ee3ef447c79b63dd49b78ce454,2026-02-22T08:00:00Z,2026-02-22T08:09:52Z,auth,auth_enUS_labelerexp,at://did:plc:lcytlkvzs3wslcgbk7i3ygak/app.bsky.feed.generator/aaaezvwrdjuoy,suggested_labelerexp,11,at://did:plc:ak3lxjznz5ujwsmylthx32m5/app.bsky.feed.post/3mfgaug5om22b,bafyreiavmj2nwwod4hpix2d4qgjvnsy3pq2kobmrzizoorsovlmi5mmiyi,did:plc:ak3lxjznz5ujwsmylthx32m5,swervestarex.bsky.social,,
e8a3d8ee3ef447c79b63dd49b78ce454,2026-02-22T08:00:00Z,2026-02-22T08:09:52Z,auth,auth_enUS_labelerexp,at://did:plc:lcytlkvzs3wslcgbk7i3ygak/app.bsky.feed.generator/aaaezvwrdjuoy,suggested_labelerexp,12,at://did:plc:5zqekb2wx3oss3zgim6blrl4/app.bsky.feed.post/3mffa7ygtnc2n,bafyreiejrpv7npa7srsytv3toic23ztgsircjeyg4nnuzcz4rz5h5zkd2m,did:plc:5zqekb2wx3oss3zgim6blrl4,artbynyssad.bsky.social,,
e8a3d8ee3ef447c79b63dd49b78ce454,2026-02-22T08:00:00Z,2026-02-22T08:09:52Z,auth,auth_enUS_labelerexp,at://did:plc:lcytlkvzs3wslcgbk7i3ygak/app.bsky.feed.generator/aaaezvwrdjuoy,suggested_labelerexp,13,at://did:plc:r4je7xy7thpqkabddoic6pgn/app.bsky.feed.post/3mff3sfqnxc2y,bafyreib3bvtvkzqh76y6cuduoomkj6w5grq6lnseaqjoef5o3uqv76hq4a,did:plc:r4je7xy7thpqkabddoic6pgn,doopu.shop,,
e8a3d8ee3ef447c79b63dd49b78ce454,2026-02-22T08:00:00Z,2026-02-22T08:09:52Z,auth,auth_enUS_labelerexp,at://did:plc:lcytlkvzs3wslcgbk7i3ygak/app.bsky.feed.generator/aaaezvwrdjuoy,suggested_labelerexp,14,at://did:plc:qwvpsun5ndjnotiardaugsnc/app.bsky.feed.post/3mfe7zpur3s2n,bafyreic6ktereoek7wpjj572y3zvr6urbl6kgfjxr5uu34ffadnmscls3u,did:plc:qwvpsun5ndjnotiardaugsnc,flyingleviathan.bsky.social,,
e8a3d8ee3ef447c79b63dd49b78ce454,2026-02-22T08:00:00Z,2026-02-22T08:09:52Z,auth,auth_enUS_labelerexp,at://did:plc:lcytlkvzs3wslcgbk7i3ygak/app.bsky.feed.generator/aaaezvwrdjuoy,suggested_labelerexp,15,at://did:plc:uwxzj3wcos2qxzcwbfrva7xs/app.bsky.feed.post/3mfgbbid2pc2n,bafyreiacym7klsqfvperzfboihaj5wu3tpcp6slopbty6bihrdtaya2hl4,did:plc:uwxzj3wcos2qxzcwbfrva7xs,greatestgames.substack.com,,
e8a3d8ee3ef447c79b63dd49b78ce454,2026-02-22T08:00:00Z,2026-02-22T08:09:52Z,auth,auth_enUS_labelerexp,at://did:plc:lcytlkvzs3wslcgbk7i3ygak/app.bsky.feed.generator/aaaezvwrdjuoy,suggested_labelerexp,16,at://did:plc:eg4jiefof4j2elgyikhwra65/app.bsky.feed.post/3mffpyqzftc2i,bafyreiftf7ovktyu6us2vtufgsmpmbzihsoiyoakkqcgoats5zpk2pqmvy,did:plc:eg4jiefof4j2elgyikhwra65,aelyaengoblin.bsky.social,,
e8a3d8ee3ef447c79b63dd49b78ce454,2026-02-22T08:00:00Z,2026-02-22T08:09:52Z,auth,auth_enUS_labelerexp,at://did:plc:lcytlkvzs3wslcgbk7i3ygak/app.bsky.feed.generator/aaaezvwrdjuoy,suggested_labelerexp,17,at://did:plc:btl6qtucdiosblhfkry6n5i4/app.bsky.feed.post/3mfgbba2vlc2h,bafyreidxe4mvfiz3gyxubrdck7lcbyfdyz4pqccyfpxkoy3sofz2h2kmjm,did:plc:btl6qtucdiosblhfkry6n5i4,qospress.bsky.social,,
e8a3d8ee3ef447c79b63dd49b78ce454,2026-02-22T08:00:00Z,2026-02-22T08:09:52Z,auth,auth_enUS_labelerexp,at://did:plc:lcytlkvzs3wslcgbk7i3ygak/app.bsky.feed.generator/aaaezvwrdjuoy,suggested_labelerexp,18,at://did:plc:dx4nnkuffjhtddwwwydkkwo6/app.bsky.feed.post/3mff7ql7xv22o,bafyreigpjmml77kjhbu3umsbmwof5bpq67rhlaor7qqgucglaxp5cm6kxq,did:plc:dx4nnkuffjhtddwwwydkkwo6,neonmedusa.bsky.social,,
e8a3d8ee3ef447c79b63dd49b78ce454,2026-02-22T08:00:00Z,2026-02-22T08:09:52Z,auth,auth_enUS_labelerexp,at://did:plc:lcytlkvzs3wslcgbk7i3ygak/app.bsky.feed.generator/aaaezvwrdjuoy,suggested_labelerexp,19,at://did:plc:yihy2rcoxx3e7jhlqlpksubl/app.bsky.feed.post/3mfgjbnqxkk2f,bafyreihiuvp5ydcar4t4xo2oy5tm3ydtjxvcgcaionb73m32m7ihltoq3a,did:plc:yihy2rcoxx3e7jhlqlpksubl,1strangeland.bsky.social,,
e8a3d8ee3ef447c79b63dd49b78ce454,2026-02-22T08:00:00Z,2026-02-22T08:09:52Z,auth,auth_enUS_labelerexp,at://did:plc:lcytlkvzs3wslcgbk7i3ygak/app.bsky.feed.generator/aaaezvwrdjuoy,suggested_labelerexp,20,at://did:plc:uul7457uzikozjpt6ufpjnzj/app.bsky.feed.post/3mffyjyfjkk24,bafyreibwjqkxb3hzly6t7wulztqysnob63oei2jhq37nfopxeguzav7el4,did:plc:uul7457uzikozjpt6ufpjnzj,battlerapst.bsky.social,,
e8a3d8ee3ef447c79b63dd49b78ce454,2026-02-22T08:00:00Z,2026-02-22T08:09:52Z,auth,auth_enUS_labelerexp,at://did:plc:lcytlkvzs3wslcgbk7i3ygak/app.bsky.feed.generator/aaaezvwrdjuoy,suggested_labelerexp,21,at://did:plc:2bvxz7qsbzi5d6ztgovci5um/app.bsky.feed.post/3mffhxaeyqk26,bafyreia3ekvj5bjekzwif54ifpetxls6i6catmjkljtpukzsxa4m22pdd4,did:plc:2bvxz7qsbzi5d6ztgovci5um,wtfbear.bsky.social,,
e8a3d8ee3ef447c79b63dd49b78ce454,2026-02-22T08:00:00Z,2026-02-22T08:09:52Z,auth,auth_enUS_labelerexp,at://did:plc:lcytlkvzs3wslcgbk7i3ygak/app.bsky.feed.generator/aaaezvwrdjuoy,suggested_labelerexp,22,at://did:plc:rsowp7cv32s6g7tpfhrhkavt/app.bsky.feed.post/3mfebakf73c2v,bafyreigcussizpiwyh7ntjz75vdsylbrcmo4tumq7ikw43sywvnfghdrsi,did:plc:rsowp7cv32s6g7tpfhrhkavt,vibetime4.bsky.social,,
e8a3d8ee3ef447c79b63dd49b78ce454,2026-02-22T08:00:00Z,2026-02-22T08:09:52Z,auth,auth_enUS_labelerexp,at://did:plc:lcytlkvzs3wslcgbk7i3ygak/app.bsky.feed.generator/aaaezvwrdjuoy,suggested_labelerexp,23,at://did:plc:25vdlm3e334isjw3mdeqnhuv/app.bsky.feed.post/3mffltgtjks2t,bafyreibfgobkskcxt6cpk6f67jsadtrskcx22lvhhng53ohf7626b5qyca,did:plc:25vdlm3e334isjw3mdeqnhuv,blackice397.bsky.social,,
e8a3d8ee3ef447c79b63dd49b78ce454,2026-02-22T08:00:00Z,2026-02-22T08:09:52Z,auth,auth_enUS_labelerexp,at://did:plc:lcytlkvzs3wslcgbk7i3ygak/app.bsky.feed.generator/aaaezvwrdjuoy,suggested_labelerexp,24,at://did:plc:3jirzejbkaandr7w6w7t4vqx/app.bsky.feed.post/3mffnwvgrrc2v,bafyreiejx2d5tlkyshg4skns5vkjzzudtbjrv74zahbyk67et4oecfnuza,did:plc:3jirzejbkaandr7w6w7t4vqx,leannareneehieber.bsky.social,,
e8a3d8ee3ef447c79b63dd49b78ce454,2026-02-22T08:00:00Z,2026-02-22T08:09:52Z,auth,auth_enUS_labelerexp,at://did:plc:lcytlkvzs3wslcgbk7i3ygak/app.bsky.feed.generator/aaaezvwrdjuoy,suggested_labelerexp,25,at://did:plc:qtapiembzpxlzsiagnc7eyy3/app.bsky.feed.post/3mff72hnk5j2j,bafyreibnlch6oiqadisrznlpqphb7fsrvy7u3qnojjuofqvrhizd7iejiq,did:plc:qtapiembzpxlzsiagnc7eyy3,babesky.com,,
e8a3d8ee3ef447c79b63dd49b78ce454,2026-02-22T08:00:00Z,2026-02-22T08:09:52Z,auth,auth_enUS_labelerexp,at://did:plc:lcytlkvzs3wslcgbk7i3ygak/app.bsky.feed.generator/aaaezvwrdjuoy,suggested_labelerexp,26,at://did:plc:mmgti3aluvnszzhgu3vmy6cd/app.bsky.feed.post/3mfgbzzsknc2v,bafyreidtwgimadj5ptjvs2xcvnmjwb376yd5n24j6dmsyjkmtezrhm3wre,did:plc:mmgti3aluvnszzhgu3vmy6cd,voidbus-slimeboi.bsky.social,,
e8a3d8ee3ef447c79b63dd49b78ce454,2026-02-22T08:00:00Z,2026-02-22T08:09:52Z,auth,auth_enUS_labelerexp,at://did:plc:lcytlkvzs3wslcgbk7i3ygak/app.bsky.feed.generator/aaaezvwrdjuoy,suggested_labelerexp,27,at://did:plc:pwi4fynrowhdjrmexmk5c36k/app.bsky.feed.post/3mffog4emvs2d,bafyreibswgb7lacmztacf2i7dt657at7jqdzskaidwyl4jupuiogzdkycq,did:plc:pwi4fynrowhdjrmexmk5c36k,roarkfineart.bsky.social,,
e8a3d8ee3ef447c79b63dd49b78ce454,2026-02-22T08:00:00Z,2026-02-22T08:09:52Z,auth,auth_enUS_labelerexp,at://did:plc:lcytlkvzs3wslcgbk7i3ygak/app.bsky.feed.generator/aaaezvwrdjuoy,suggested_labelerexp,28,at://did:plc:l2nmplnqqy6kql6hhwczhm5t/app.bsky.feed.post/3mfeyuqd4ms2p,bafyreidqhdxms4lts7vwo2wrzgxzy3wpjlgk2iutkh63huo666utj5le4m,did:plc:l2nmplnqqy6kql6hhwczhm5t,benwurgaft.bsky.social,,
e8a3d8ee3ef447c79b63dd49b78ce454,2026-02-22T08:00:00Z,2026-02-22T08:09:52Z,auth,auth_enUS_labelerexp,at://did:plc:lcytlkvzs3wslcgbk7i3ygak/app.bsky.feed.generator/aaaezvwrdjuoy,suggested_labelerexp,29,at://did:plc:m725qtnfq7kllhbttj76fsuy/app.bsky.feed.post/3mfexaotnkc2z,bafyreiba4frdjshdcf6vukonnzlo5nffy7dtddmdyuaba7cns3f6mxlgv4,did:plc:m725qtnfq7kllhbttj76fsuy,thegregoryblair.bsky.social,,
e8a3d8ee3ef447c79b63dd49b78ce454,2026-02-22T08:00:00Z,2026-02-22T08:09:52Z,auth,auth_enUS_labelerexp,at://did:plc:lcytlkvzs3wslcgbk7i3ygak/app.bsky.feed.generator/aaaezvwrdjuoy,suggested_labelerexp,30,at://did:plc:cmlyh4w75y4yvkobcmewj3uj/app.bsky.feed.post/3mfg7okaqek2d,bafyreicakesvoni5nm6d3ohaykm4nml4233kh47yuwirnlhzzvzzpbgrsu,did:plc:cmlyh4w75y4yvkobcmewj3uj,kanegraves.bsky.social,,
e8a3d8ee3ef447c79b63dd49b78ce454,2026-02-22T08:00:00Z,2026-02-22T08:09:52Z,auth,auth_enUS_labelerexp,at://did:plc:lcytlkvzs3wslcgbk7i3ygak/app.bsky.feed.generator/aaaezvwrdjuoy,suggested_labelerexp,31,at://did:plc:rsowp7cv32s6g7tpfhrhkavt/app.bsky.feed.post/3mffh3y4cos2a,bafyreih4f4pqqjhmf4xqi7pzbtl7663s4tyvjzlwwmrsq6llzrgf54qy7e,did:plc:rsowp7cv32s6g7tpfhrhkavt,vibetime4.bsky.social,,
e8a3d8ee3ef447c79b63dd49b78ce454,2026-02-22T08:00:00Z,2026-02-22T08:09:52Z,auth,auth_enUS_labelerexp,at://did:plc:lcytlkvzs3wslcgbk7i3ygak/app.bsky.feed.generator/aaaezvwrdjuoy,suggested_labelerexp,32,at://did:plc:k4g4g2phhxm6espitdi4ldb4/app.bsky.feed.post/3mfeik4mcchc2,bafyreigjh2et2chwwhmvfe2hezcn2j2422ffh5ov354e7mgwobgh2aiml4,did:plc:k4g4g2phhxm6espitdi4ldb4,coopcloud.social.coop.ap.brid.gy,,
e8a3d8ee3ef447c79b63dd49b78ce454,2026-02-22T08:00:00Z,2026-02-22T08:09:52Z,auth,auth_enUS_labelerexp,at://did:plc:lcytlkvzs3wslcgbk7i3ygak/app.bsky.feed.generator/aaaezvwrdjuoy,suggested_labelerexp,33,at://did:plc:kmgtwmwsj3b7r4xcgpctsl6q/app.bsky.feed.post/3mfe7up25os2d,bafyreic4nqlcxfe4wg7xeap3jbdq54wczgwevhlibk2zcels6hxjwk7fnm,did:plc:kmgtwmwsj3b7r4xcgpctsl6q,badcoyote.bsky.social,,
e8a3d8ee3ef447c79b63dd49b78ce454,2026-02-22T08:00:00Z,2026-02-22T08:09:52Z,auth,auth_enUS_labelerexp,at://did:plc:lcytlkvzs3wslcgbk7i3ygak/app.bsky.feed.generator/aaaezvwrdjuoy,suggested_labelerexp,34,at://did:plc:ih6plnez4i5o6dnx5zp3qh4p/app.bsky.feed.post/3mfgiyoo33k2f,bafyreiaayhtk7uygeepajydmn2pwxpv75dcfggwbaraz55f5rzb7ghsaje,did:plc:ih6plnez4i5o6dnx5zp3qh4p,toadly1.bsky.social,,
e8a3d8ee3ef447c79b63dd49b78ce454,2026-02-22T08:00:00Z,2026-02-22T08:09:52Z,auth,auth_enUS_labelerexp,at://did:plc:lcytlkvzs3wslcgbk7i3ygak/app.bsky.feed.generator/aaaezvwrdjuoy,suggested_labelerexp,35,at://did:plc:q7tfaralmlyxznz4jxlmwlc6/app.bsky.feed.post/3mfg45kyiwk2d,bafyreibj6hvv7ghplferw2qebrybx3jsmymtzbzdrmeidl4oivaq4v7n3e,did:plc:q7tfaralmlyxznz4jxlmwlc6,psychoalpastor.bsky.social,,
e8a3d8ee3ef447c79b63dd49b78ce454,2026-02-22T08:00:00Z,2026-02-22T08:09:52Z,auth,auth_enUS_labelerexp,at://did:plc:lcytlkvzs3wslcgbk7i3ygak/app.bsky.feed.generator/aaaezvwrdjuoy,suggested_labelerexp,36,at://did:plc:4ebhh7ylkpupkin4ailwp5cz/app.bsky.feed.post/3mfgeyqnauc2p,bafyreieyfhd42xtnaadxmcncmoczqsgugol4eqqv7kfkjaxab3o6pbgsq4,did:plc:4ebhh7ylkpupkin4ailwp5cz,therealajay.bsky.social,,
e8a3d8ee3ef447c79b63dd49b78ce454,2026-02-22T08:00:00Z,2026-02-22T08:09:52Z,auth,auth_enUS_labelerexp,at://did:plc:lcytlkvzs3wslcgbk7i3ygak/app.bsky.feed.generator/aaaezvwrdjuoy,suggested_labelerexp,37,at://did:plc:mmgti3aluvnszzhgu3vmy6cd/app.bsky.feed.post/3mfftrgwtcc2z,bafyreiha76lmmhsv4nkcw7pebrsf5mlht5qqpjxx5iiexw6l7asovfwf7e,did:plc:mmgti3aluvnszzhgu3vmy6cd,voidbus-slimeboi.bsky.social,,
e8a3d8ee3ef447c79b63dd49b78ce454,2026-02-22T08:00:00Z,2026-02-22T08:09:52Z,auth,auth_enUS_labelerexp,at://did:plc:lcytlkvzs3wslcgbk7i3ygak/app.bsky.feed.generator/aaaezvwrdjuoy,suggested_labelerexp,38,at://did:plc:e3bqpkhavej6fowynfyqhdf7/app.bsky.feed.post/3mfflnazkxs2j,bafyreidruilwo7rv3vr4bi3wjuvpp2el2tverzbhofg2uyw6qmfixps5gq,did:plc:e3bqpkhavej6fowynfyqhdf7,jaavftv.bsky.social,,
e8a3d8ee3ef447c79b63dd49b78ce454,2026-02-22T08:00:00Z,2026-02-22T08:09:52Z,auth,auth_enUS_labelerexp,at://did:plc:lcytlkvzs3wslcgbk7i3ygak/app.bsky.feed.generator/aaaezvwrdjuoy,suggested_labelerexp,39,at://did:plc:tmj3hj2dgx6orcarxgi33w6b/app.bsky.feed.post/3mffdeu2fuc2x,bafyreicdpdg25vvccikwa2fwfer3rarrqqmy6lxwc4qx2qzgnwxs4ynq6e,did:plc:tmj3hj2dgx6orcarxgi33w6b,unrealist.bsky.social,,
e8a3d8ee3ef447c79b63dd49b78ce454,2026-02-22T08:00:00Z,2026-02-22T08:09:52Z,auth,auth_enUS_labelerexp,at://did:plc:lcytlkvzs3wslcgbk7i3ygak/app.bsky.feed.generator/aaaezvwrdjuoy,suggested_labelerexp,40,at://did:plc:e3bqpkhavej6fowynfyqhdf7/app.bsky.feed.post/3mfflnkpb4s2j,bafyreigv4lx5xv7liakyi4njnc6g63p5erzq3pynysgdcbjunvpkchqp5m,did:plc:e3bqpkhavej6fowynfyqhdf7,jaavftv.bsky.social,,
e8a3d8ee3ef447c79b63dd49b78ce454,2026-02-22T08:00:00Z,2026-02-22T08:09:52Z,auth,auth_enUS_labelerexp,at://did:plc:lcytlkvzs3wslcgbk7i3ygak/app.bsky.feed.generator/aaaezvwrdjuoy,suggested_labelerexp,41,at://did:plc:jgnhnpmi3m2cmjbkmmknxnc6/app.bsky.feed.post/3mffjvndsfc2t,bafyreifrjptodwziez35toptn4dipt4bca5ms4ehhc2srtkc37x3v6aimu,did:plc:jgnhnpmi3m2cmjbkmmknxnc6,stephrabig.bsky.social,,
e8a3d8ee3ef447c79b63dd49b78ce454,2026-02-22T08:00:00Z,2026-02-22T08:09:52Z,auth,auth_enUS_labelerexp,at://did:plc:lcytlkvzs3wslcgbk7i3ygak/app.bsky.feed.generator/aaaezvwrdjuoy,suggested_labelerexp,42,at://did:plc:a62adf5z2f6kqna2eagrud67/app.bsky.feed.post/3mffixfshp226,bafyreih6vloprhhwbvsdmajb4n6nk7it3mwljuvonuzmtczzjulxi2vgsi,did:plc:a62adf5z2f6kqna2eagrud67,b0bgv.bsky.social,,
e8a3d8ee3ef447c79b63dd49b78ce454,2026-02-22T08:00:00Z,2026-02-22T08:09:52Z,auth,auth_enUS_labelerexp,at://did:plc:lcytlkvzs3wslcgbk7i3ygak/app.bsky.feed.generator/aaaezvwrdjuoy,suggested_labelerexp,43,at://did:plc:pwi4fynrowhdjrmexmk5c36k/app.bsky.feed.post/3mffog4emvs2d,bafyreibswgb7lacmztacf2i7dt657at7jqdzskaidwyl4jupuiogzdkycq,did:plc:pwi4fynrowhdjrmexmk5c36k,roarkfineart.bsky.social,,
e8a3d8ee3ef447c79b63dd49b78ce454,2026-02-22T08:00:00Z,2026-02-22T08:09:52Z,auth,auth_enUS_labelerexp,at://did:plc:lcytlkvzs3wslcgbk7i3ygak/app.bsky.feed.generator/aaaezvwrdjuoy,suggested_labelerexp,44,at://did:plc:rsowp7cv32s6g7tpfhrhkavt/app.bsky.feed.post/3mfebolwswc26,bafyreiftczc64jlq7y2xbjczz3kzhfxsmnpv75u5idbiwihajlt273mczu,did:plc:rsowp7cv32s6g7tpfhrhkavt,vibetime4.bsky.social,,
e8a3d8ee3ef447c79b63dd49b78ce454,2026-02-22T08:00:00Z,2026-02-22T08:09:52Z,auth,auth_enUS_labelerexp,at://did:plc:lcytlkvzs3wslcgbk7i3ygak/app.bsky.feed.generator/aaaezvwrdjuoy,suggested_labelerexp,45,at://did:plc:ak3lxjznz5ujwsmylthx32m5/app.bsky.feed.post/3mfgaug5om22b,bafyreiavmj2nwwod4hpix2d4qgjvnsy3pq2kobmrzizoorsovlmi5mmiyi,did:plc:ak3lxjznz5ujwsmylthx32m5,swervestarex.bsky.social,,
e8a3d8ee3ef447c79b63dd49b78ce454,2026-02-22T08:00:00Z,2026-02-22T08:09:52Z,auth,auth_enUS_labelerexp,at://did:plc:lcytlkvzs3wslcgbk7i3ygak/app.bsky.feed.generator/aaaezvwrdjuoy,suggested_labelerexp,46,at://did:plc:lcytlkvzs3wslcgbk7i3ygak/app.bsky.feed.post/3lxpqdxecgs2v,bafyreicrisg6qwxyxo3cdvv4xbigvets5a2fkrmiagq5vbggf2rp5jgjri,did:plc:lcytlkvzs3wslcgbk7i3ygak,sweetbee.vip,,
e8a3d8ee3ef447c79b63dd49b78ce454,2026-02-22T08:00:00Z,2026-02-22T08:09:52Z,auth,auth_enUS_labelerexp,at://did:plc:lcytlkvzs3wslcgbk7i3ygak/app.bsky.feed.generator/aaaezvwrdjuoy,suggested_labelerexp,47,at://did:plc:flg64eze4ob3qwkupfxfbwcj/app.bsky.feed.post/3mffihraqcs25,bafyreicu7v6uoj7a53eavurh4opobmk2eidgkwh4ewzvksvkoh6qi74kaa,did:plc:flg64eze4ob3qwkupfxfbwcj,alsvid.bsky.social,,
e8a3d8ee3ef447c79b63dd49b78ce454,2026-02-22T08:00:00Z,2026-02-22T08:09:52Z,auth,auth_enUS_labelerexp,at://did:plc:lcytlkvzs3wslcgbk7i3ygak/app.bsky.feed.generator/aaaezvwrdjuoy,suggested_labelerexp,48,at://did:plc:c6fafebmjx7fz2vr7o3vehjs/app.bsky.feed.post/3mffl3ss44c2g,bafyreif3rn4xer7bzvl633ttitffehqzifaw7rzbq5dog5l7dwfb2ew6p4,did:plc:c6fafebmjx7fz2vr7o3vehjs,sweynforkbeard.bsky.social,,
e8a3d8ee3ef447c79b63dd49b78ce454,2026-02-22T08:00:00Z,2026-02-22T08:09:52Z,auth,auth_enUS_labelerexp,at://did:plc:lcytlkvzs3wslcgbk7i3ygak/app.bsky.feed.generator/aaaezvwrdjuoy,suggested_labelerexp,49,at://did:plc:eg4jiefof4j2elgyikhwra65/app.bsky.feed.post/3mffpyqzftc2i,bafyreiftf7ovktyu6us2vtufgsmpmbzihsoiyoakkqcgoats5zpk2pqmvy,did:plc:eg4jiefof4j2elgyikhwra65,aelyaengoblin.bsky.social,,
e8a3d8ee3ef447c79b63dd49b78ce454,2026-02-22T08:00:00Z,2026-02-22T08:09:52Z,auth,auth_enUS_labelerexp,at://did:plc:lcytlkvzs3wslcgbk7i3ygak/app.bsky.feed.generator/aaaezvwrdjuoy,suggested_labelerexp,50,at://did:plc:j3hiqh5g6il7vmphiyldeklv/app.bsky.feed.post/3mfep3sawes26,bafyreieykvg3jqppx2nxog52cuvglwpd6s2klly22ylovsmpfaujo5gwrq,did:plc:j3hiqh5g6il7vmphiyldeklv,mkirschenbaum.bsky.social,,
e8a3d8ee3ef447c79b63dd49b78ce454,2026-02-22T08:00:00Z,2026-02-22T08:09:54Z,auth,auth_enUS_labelerexp,at://did:plc:nylio5rpw7u3wtven3vcriam/app.bsky.feed.generator/aaai4amp77qp6,suggested_labelerexp,1,at://did:plc:kp3y5ge2cplyeambatyhd6um/app.bsky.feed.post/3mffj4x2y7c2v,bafyreig72lfu3ura23o637266wnhcv5plik6uapqc2svwzejcqfllxgksy,did:plc:kp3y5ge2cplyeambatyhd6um,ellem111.bsky.social,,
e8a3d8ee3ef447c79b63dd49b78ce454,2026-02-22T08:00:00Z,2026-02-22T08:09:54Z,auth,auth_enUS_labelerexp,at://did:plc:nylio5rpw7u3wtven3vcriam/app.bsky.feed.generator/aaai4amp77qp6,suggested_labelerexp,2,at://did:plc:2rrp75cclmgiunpprtx4baqe/app.bsky.feed.post/3mff44e4hwv2e,bafyreicbe6l3tqxkdbhpphxqnihzkstgmutndz2jd3vspc3fctwzbttj5a,did:plc:2rrp75cclmgiunpprtx4baqe,mujeresde.bsky.social,,
e8a3d8ee3ef447c79b63dd49b78ce454,2026-02-22T08:00:00Z,2026-02-22T08:09:54Z,auth,auth_enUS_labelerexp,at://did:plc:nylio5rpw7u3wtven3vcriam/app.bsky.feed.generator/aaai4amp77qp6,suggested_labelerexp,3,at://did:plc:55sfr6zvajitaapuasbqo7wl/app.bsky.feed.post/3mfefoou2hz2s,bafyreicrfjdzca6dvgf2narrg663gq6pdc76vk36zytfkgihuvtswozs2u,did:plc:55sfr6zvajitaapuasbqo7wl,digimarktplatz.bsky.social,,
e8a3d8ee3ef447c79b63dd49b78ce454,2026-02-22T08:00:00Z,2026-02-22T08:09:54Z,auth,auth_enUS_labelerexp,at://did:plc:nylio5rpw7u3wtven3vcriam/app.bsky.feed.generator/aaai4amp77qp6,suggested_labelerexp,4,at://did:plc:yiij6nmpvtfdpwmya2vuh3xs/app.bsky.feed.post/3mfd7x7zwl22h,bafyreic4oyerytsitmbrdqb6imldhf7iitbl4mmojlyzjvlvex5fetf7rm,did:plc:yiij6nmpvtfdpwmya2vuh3xs,nataliepeluso.com,,
e8a3d8ee3ef447c79b63dd49b78ce454,2026-02-22T08:00:00Z,2026-02-22T08:09:54Z,auth,auth_enUS_labelerexp,at://did:plc:nylio5rpw7u3wtven3vcriam/app.bsky.feed.generator/aaai4amp77qp6,suggested_labelerexp,5,at://did:plc:hntzfv7uiuk3zoeoonqvo3tu/app.bsky.feed.post/3mfd2s3b3ak2b,bafyreiafvus5puv3lrbktens2aerwfxy75bogtcufvxuijb4r4ulfdqpsq,did:plc:hntzfv7uiuk3zoeoonqvo3tu,sankoreschriften.bsky.social,,
e8a3d8ee3ef447c79b63dd49b78ce454,2026-02-22T08:00:00Z,2026-02-22T08:09:54Z,auth,auth_enUS_labelerexp,at://did:plc:nylio5rpw7u3wtven3vcriam/app.bsky.feed.generator/aaai4amp77qp6,suggested_labelerexp,6,at://did:plc:73uwondbkeafoi6xzbyagzyq/app.bsky.feed.post/3mfcx33j2jk2u,bafyreidu5cjuyw6oecshkwwaunno2iz36fjec7tcy6nsmfutavlh4shnym,did:plc:73uwondbkeafoi6xzbyagzyq,thetransmitter.bsky.social,,
e8a3d8ee3ef447c79b63dd49b78ce454,2026-02-22T08:00:00Z,2026-02-22T08:09:54Z,auth,auth_enUS_labelerexp,at://did:plc:nylio5rpw7u3wtven3vcriam/app.bsky.feed.generator/aaai4amp77qp6,suggested_labelerexp,7,at://did:plc:hyak6lnqu2iwbiiz62m5d5ok/app.bsky.feed.post/3mfcpzkdbx22n,bafyreib7kj7zei4kraeeededmympuinzm4w5nzmhsvxx67ipm3qbskag7a,did:plc:hyak6lnqu2iwbiiz62m5d5ok,phaueis.bsky.social,,
e8a3d8ee3ef447c79b63dd49b78ce454,2026-02-22T08:00:00Z,2026-02-22T08:09:54Z,auth,auth_enUS_labelerexp,at://did:plc:nylio5rpw7u3wtven3vcriam/app.bsky.feed.generator/aaai4amp77qp6,suggested_labelerexp,8,at://did:plc:goucgvtb37dvzftgcejg7mon/app.bsky.feed.post/3mfcpcj57522g,bafyreieej6dxmi6bqeqatdjpicf47fmyufaqbzu364wuu27i2zwovjwfi4,did:plc:goucgvtb37dvzftgcejg7mon,leadcoalition.bsky.social,,
e8a3d8ee3ef447c79b63dd49b78ce454,2026-02-22T08:00:00Z,2026-02-22T08:09:54Z,auth,auth_enUS_labelerexp,at://did:plc:nylio5rpw7u3wtven3vcriam/app.bsky.feed.generator/aaai4amp77qp6,suggested_labelerexp,9,at://did:plc:73uwondbkeafoi6xzbyagzyq/app.bsky.feed.post/3mfcoz3fhqc2r,bafyreig6hz47s2u4m2v52pv7bhu2gmj4bdk5f65apkyftyq5bqquddstxi,did:plc:73uwondbkeafoi6xzbyagzyq,thetransmitter.bsky.social,,
e8a3d8ee3ef447c79b63dd49b78ce454,2026-02-22T08:00:00Z,2026-02-22T08:09:54Z,auth,auth_enUS_labelerexp,at://did:plc:nylio5rpw7u3wtven3vcriam/app.bsky.feed.generator/aaai4amp77qp6,suggested_labelerexp,10,at://did:plc:u7aacg3jzkowyhjkk5kiivkj/app.bsky.feed.post/3mfclqii3ls2z,bafyreigrdttlzhxol3i4hmqntd6g5lys7gtsuy3wjg4dn4e5juzxdpnjyq,did:plc:u7aacg3jzkowyhjkk5kiivkj,pushalt88.bsky.social,,
e8a3d8ee3ef447c79b63dd49b78ce454,2026-02-22T08:00:00Z,2026-02-22T08:09:54Z,auth,auth_enUS_labelerexp,at://did:plc:nylio5rpw7u3wtven3vcriam/app.bsky.feed.generator/aaai4amp77qp6,suggested_labelerexp,11,at://did:plc:roxhjcv6twbvmwm3enlt4jyl/app.bsky.feed.post/3mfclixo2cj2q,bafyreiej3lfbyejvldarma2qy5ssxhtav47zjllwmsvfokm6ia5cgyjlwy,did:plc:roxhjcv6twbvmwm3enlt4jyl,sfn.org,,
e8a3d8ee3ef447c79b63dd49b78ce454,2026-02-22T08:00:00Z,2026-02-22T08:09:54Z,auth,auth_enUS_labelerexp,at://did:plc:nylio5rpw7u3wtven3vcriam/app.bsky.feed.generator/aaai4amp77qp6,suggested_labelerexp,12,at://did:plc:tyeiq4uk36yu2sadx3r7igod/app.bsky.feed.post/3mfcdvsslant2,bafyreienyt7j3pge2ue3kxjxl5znhf2uijj27xmpchfhxb6m5jjclnrvkq,did:plc:tyeiq4uk36yu2sadx3r7igod,niksirbi.neuromatch.social.ap.brid.gy,,
e8a3d8ee3ef447c79b63dd49b78ce454,2026-02-22T08:00:00Z,2026-02-22T08:09:54Z,auth,auth_enUS_labelerexp,at://did:plc:nylio5rpw7u3wtven3vcriam/app.bsky.feed.generator/aaai4amp77qp6,suggested_labelerexp,13,at://did:plc:f6l7qj7tafodmoj6zn4lcbcg/app.bsky.feed.post/3mfcdlmqwb22g,bafyreifioryjrr2q7sgjs5oxg4lxpxcjlwzcn53fxfmzpa6ypknuk7a6mm,did:plc:f6l7qj7tafodmoj6zn4lcbcg,nikosirmpilatze.com,,
e8a3d8ee3ef447c79b63dd49b78ce454,2026-02-22T08:00:00Z,2026-02-22T08:09:54Z,auth,auth_enUS_labelerexp,at://did:plc:nylio5rpw7u3wtven3vcriam/app.bsky.feed.generator/aaai4amp77qp6,suggested_labelerexp,14,at://did:plc:73uwondbkeafoi6xzbyagzyq/app.bsky.feed.post/3mfcaksigac2d,bafyreiari4pkxcm6yf2scnkvss7nddg4oykm7ivtoavjm4xrg7klubdjia,did:plc:73uwondbkeafoi6xzbyagzyq,thetransmitter.bsky.social,,
e8a3d8ee3ef447c79b63dd49b78ce454,2026-02-22T08:00:00Z,2026-02-22T08:09:54Z,auth,auth_enUS_labelerexp,at://did:plc:nylio5rpw7u3wtven3vcriam/app.bsky.feed.generator/aaai4amp77qp6,suggested_labelerexp,15,at://did:plc:6fjjz6ewcpzvnaiwsjiktvoz/app.bsky.feed.post/3mfbyrxrix22r,bafyreibzglicozagpovicl5d4lkw3qozwdofh42gvowps4d5gwqev4fcay,did:plc:6fjjz6ewcpzvnaiwsjiktvoz,seanfw.bsky.social,,
e8a3d8ee3ef447c79b63dd49b78ce454,2026-02-22T08:00:00Z,2026-02-22T08:09:54Z,auth,auth_enUS_labelerexp,at://did:plc:nylio5rpw7u3wtven3vcriam/app.bsky.feed.generator/aaai4amp77qp6,suggested_labelerexp,16,at://did:plc:6fjjz6ewcpzvnaiwsjiktvoz/app.bsky.feed.post/3mfbyrxrhxs2r,bafyreidveslzupjcxrwlympeyamqti2sgszczuronta6ogc6m4vcwwsz2u,did:plc:6fjjz6ewcpzvnaiwsjiktvoz,seanfw.bsky.social,,
e8a3d8ee3ef447c79b63dd49b78ce454,2026-02-22T08:00:00Z,2026-02-22T08:09:54Z,auth,auth_enUS_labelerexp,at://did:plc:nylio5rpw7u3wtven3vcriam/app.bsky.feed.generator/aaai4amp77qp6,suggested_labelerexp,17,at://did:plc:6fjjz6ewcpzvnaiwsjiktvoz/app.bsky.feed.post/3mfbyrxrgyk2r,bafyreig2rozodoyl4rrrwdjlzpajxjulaxogyibasnrmoy2o65nbewdlvm,did:plc:6fjjz6ewcpzvnaiwsjiktvoz,seanfw.bsky.social,,
e8a3d8ee3ef447c79b63dd49b78ce454,2026-02-22T08:00:00Z,2026-02-22T08:09:54Z,auth,auth_enUS_labelerexp,at://did:plc:nylio5rpw7u3wtven3vcriam/app.bsky.feed.generator/aaai4amp77qp6,suggested_labelerexp,18,at://did:plc:6fjjz6ewcpzvnaiwsjiktvoz/app.bsky.feed.post/3mfbyrxaqss2r,bafyreiguhh3fyv5tsolcizlf3isjntqu6m5v2dr6b6n3ioclcgh6cgu4oe,did:plc:6fjjz6ewcpzvnaiwsjiktvoz,seanfw.bsky.social,,
e8a3d8ee3ef447c79b63dd49b78ce454,2026-02-22T08:00:00Z,2026-02-22T08:09:54Z,auth,auth_enUS_labelerexp,at://did:plc:nylio5rpw7u3wtven3vcriam/app.bsky.feed.generator/aaai4amp77qp6,suggested_labelerexp,19,at://did:plc:nziirtsiooif77emnfdrlrnv/app.bsky.feed.post/3mfbxsbishc2n,bafyreier65mypy6wgdqpt7mt5waxaimwhserumvcvng2urhc4kd3a3nyry,did:plc:nziirtsiooif77emnfdrlrnv,gribblelab.org,,
e8a3d8ee3ef447c79b63dd49b78ce454,2026-02-22T08:00:00Z,2026-02-22T08:09:54Z,auth,auth_enUS_labelerexp,at://did:plc:nylio5rpw7u3wtven3vcriam/app.bsky.feed.generator/aaai4amp77qp6,suggested_labelerexp,20,at://did:plc:3sahiizbvvtt2gwgtpay6oo5/app.bsky.feed.post/3mfavq33k7k2q,bafyreifgtvk5ejadgz2azn2afhjxfkgqjcxphiyedeeibamz3yjhywwtle,did:plc:3sahiizbvvtt2gwgtpay6oo5,mikegreicius.bsky.social,,
e8a3d8ee3ef447c79b63dd49b78ce454,2026-02-22T08:00:00Z,2026-02-22T08:09:54Z,auth,auth_enUS_labelerexp,at://did:plc:nylio5rpw7u3wtven3vcriam/app.bsky.feed.generator/aaai4amp77qp6,suggested_labelerexp,21,at://did:plc:obzgiyh5vnhtwrtewot77mi4/app.bsky.feed.post/3mfaue5sw4k2o,bafyreiepq2jtjrgwbhuzum2pz4rhci2zl7jzn6y6geut2emoc6ahqjuchi,did:plc:obzgiyh5vnhtwrtewot77mi4,pkpd-babe.bsky.social,,
e8a3d8ee3ef447c79b63dd49b78ce454,2026-02-22T08:00:00Z,2026-02-22T08:09:54Z,auth,auth_enUS_labelerexp,at://did:plc:nylio5rpw7u3wtven3vcriam/app.bsky.feed.generator/aaai4amp77qp6,suggested_labelerexp,22,at://did:plc:yiij6nmpvtfdpwmya2vuh3xs/app.bsky.feed.post/3mfahek4pfk2w,bafyreid3744jfnhooacbsomfixaz4t7wx6feyz5pj6ntlefn2tr5otnws4,did:plc:yiij6nmpvtfdpwmya2vuh3xs,nataliepeluso.com,,
e8a3d8ee3ef447c79b63dd49b78ce454,2026-02-22T08:00:00Z,2026-02-22T08:09:54Z,auth,auth_enUS_labelerexp,at://did:plc:nylio5rpw7u3wtven3vcriam/app.bsky.feed.generator/aaai4amp77qp6,suggested_labelerexp,23,at://did:plc:73uwondbkeafoi6xzbyagzyq/app.bsky.feed.post/3mfa3ahjjvc2d,bafyreiexu73ykzgx5zg7ho5x6fzccmd2ozhjktzx5z33kgxvmkfvjxt4km,did:plc:73uwondbkeafoi6xzbyagzyq,thetransmitter.bsky.social,,
e8a3d8ee3ef447c79b63dd49b78ce454,2026-02-22T08:00:00Z,2026-02-22T08:09:54Z,auth,auth_enUS_labelerexp,at://did:plc:nylio5rpw7u3wtven3vcriam/app.bsky.feed.generator/aaai4amp77qp6,suggested_labelerexp,24,at://did:plc:u7aacg3jzkowyhjkk5kiivkj/app.bsky.feed.post/3mfa2j3e3w224,bafyreiddhqveevgnwipqpvwqrehxyhwlffqtatlq55nv72f6wug6qd6qf4,did:plc:u7aacg3jzkowyhjkk5kiivkj,pushalt88.bsky.social,,
e8a3d8ee3ef447c79b63dd49b78ce454,2026-02-22T08:00:00Z,2026-02-22T08:09:54Z,auth,auth_enUS_labelerexp,at://did:plc:nylio5rpw7u3wtven3vcriam/app.bsky.feed.generator/aaai4amp77qp6,suggested_labelerexp,25,at://did:plc:ymymfg34ijox4tttpokmb7dt/app.bsky.feed.post/3mf7owzbfxs24,bafyreidwabqed4urfef2hhv7z2mga2dzzqe66rrxr4pd7xevurejsuv4em,did:plc:ymymfg34ijox4tttpokmb7dt,jaxeducation.bsky.social,,
e8a3d8ee3ef447c79b63dd49b78ce454,2026-02-22T08:00:00Z,2026-02-22T08:09:54Z,auth,auth_enUS_labelerexp,at://did:plc:nylio5rpw7u3wtven3vcriam/app.bsky.feed.generator/aaai4amp77qp6,suggested_labelerexp,26,at://did:plc:u26ohbxvoetqtzkublpgvjed/app.bsky.feed.post/3mf7bc66oxk2b,bafyreiaoc7mh3iew3c5gvhignotjvlscy65h6h47epbce2pbf6nm7wbiqe,did:plc:u26ohbxvoetqtzkublpgvjed,loraiproject.bsky.social,,
e8a3d8ee3ef447c79b63dd49b78ce454,2026-02-22T08:00:00Z,2026-02-22T08:09:54Z,auth,auth_enUS_labelerexp,at://did:plc:nylio5rpw7u3wtven3vcriam/app.bsky.feed.generator/aaai4amp77qp6,suggested_labelerexp,27,at://did:plc:fyijd7ann76brv4oevvlfpyk/app.bsky.feed.post/3mf6zvr5q5c2e,bafyreigmabureiu2lr7x7t6qm4wg22vgyb2jajsmoq6zgunrm2gx5cebpq,did:plc:fyijd7ann76brv4oevvlfpyk,neurospeech.bsky.social,,
e8a3d8ee3ef447c79b63dd49b78ce454,2026-02-22T08:00:00Z,2026-02-22T08:09:54Z,auth,auth_enUS_labelerexp,at://did:plc:nylio5rpw7u3wtven3vcriam/app.bsky.feed.generator/aaai4amp77qp6,suggested_labelerexp,28,at://did:plc:azx46tqpzrlo2y5p67c3mgvp/app.bsky.feed.post/3mf6eawuoys2n,bafyreiahq4ho4dmcinmz7gs726hmmzchf6oicmlgnel54vbaay4n6sgjwa,did:plc:azx46tqpzrlo2y5p67c3mgvp,cerebellumcenter.bsky.social,,
e8a3d8ee3ef447c79b63dd49b78ce454,2026-02-22T08:00:00Z,2026-02-22T08:09:54Z,auth,auth_enUS_labelerexp,at://did:plc:nylio5rpw7u3wtven3vcriam/app.bsky.feed.generator/aaai4amp77qp6,suggested_labelerexp,29,at://did:plc:73uwondbkeafoi6xzbyagzyq/app.bsky.feed.post/3mf63iejd2s2d,bafyreiagg6z52in4dfn7wdx5gfy7agifj7a655rnjzux5bcjk2i2pyv3ty,did:plc:73uwondbkeafoi6xzbyagzyq,thetransmitter.bsky.social,,
e8a3d8ee3ef447c79b63dd49b78ce454,2026-02-22T08:00:00Z,2026-02-22T08:09:54Z,auth,auth_enUS_labelerexp,at://did:plc:nylio5rpw7u3wtven3vcriam/app.bsky.feed.generator/aaai4amp77qp6,suggested_labelerexp,30,at://did:plc:73uwondbkeafoi6xzbyagzyq/app.bsky.feed.post/3mf5rwb5wq22d,bafyreid26sozopg2ufxllggauncqwwfx7stzmasaxqjvj2owkewqdfnixy,did:plc:73uwondbkeafoi6xzbyagzyq,thetransmitter.bsky.social,,
e8a3d8ee3ef447c79b63dd49b78ce454,2026-02-22T08:00:00Z,2026-02-22T08:09:54Z,auth,auth_enUS_labelerexp,at://did:plc:nylio5rpw7u3wtven3vcriam/app.bsky.feed.generator/aaai4amp77qp6,suggested_labelerexp,31,at://did:plc:zq5iz4hfj6x4w6a4kjofv3rn/app.bsky.feed.post/3mf5r5vuufk2n,bafyreighcpindr6amu6ntwypjodvnkb2uu3w2cfkcjhy57pwdol3u4if6e,did:plc:zq5iz4hfj6x4w6a4kjofv3rn,asnrehab.bsky.social,,
e8a3d8ee3ef447c79b63dd49b78ce454,2026-02-22T08:00:00Z,2026-02-22T08:09:54Z,auth,auth_enUS_labelerexp,at://did:plc:nylio5rpw7u3wtven3vcriam/app.bsky.feed.generator/aaai4amp77qp6,suggested_labelerexp,32,at://did:plc:u7aacg3jzkowyhjkk5kiivkj/app.bsky.feed.post/3mf5ou47xfc2d,bafyreihl4l2wzq5f2zmmotglaogsve6w4rx264ijz2k75hnfqw5umagc7y,did:plc:u7aacg3jzkowyhjkk5kiivkj,pushalt88.bsky.social,,
e8a3d8ee3ef447c79b63dd49b78ce454,2026-02-22T08:00:00Z,2026-02-22T08:09:54Z,auth,auth_enUS_labelerexp,at://did:plc:nylio5rpw7u3wtven3vcriam/app.bsky.feed.generator/aaai4amp77qp6,suggested_labelerexp,33,at://did:plc:257mlmai5nguufse56vjeqmr/app.bsky.feed.post/3mf5ncq5vi22s,bafyreifgx43aapq2elpwxb3dxz5kdsnmlh7y2llmsknjposiyzolbepb6u,did:plc:257mlmai5nguufse56vjeqmr,alleninstitute.org,,
e8a3d8ee3ef447c79b63dd49b78ce454,2026-02-22T08:00:00Z,2026-02-22T08:09:54Z,auth,auth_enUS_labelerexp,at://did:plc:nylio5rpw7u3wtven3vcriam/app.bsky.feed.generator/aaai4amp77qp6,suggested_labelerexp,34,at://did:plc:eip2ux2joizj5ek5nqtrmnym/app.bsky.feed.post/3mf5jhy75mk2j,bafyreichxukyzc5bsoi6ncqqxz6uvelbkbbbx2ypueq7ipgsg4wo2zdqum,did:plc:eip2ux2joizj5ek5nqtrmnym,pessoabrain.bsky.social,,
e8a3d8ee3ef447c79b63dd49b78ce454,2026-02-22T08:00:00Z,2026-02-22T08:09:54Z,auth,auth_enUS_labelerexp,at://did:plc:nylio5rpw7u3wtven3vcriam/app.bsky.feed.generator/aaai4amp77qp6,suggested_labelerexp,35,at://did:plc:wpdnxu3e7buaxffdxvkds6h6/app.bsky.feed.post/3mf5ijpf5622d,bafyreihj5fgminruf5y3mi2cbikeexv3eecmlvzttc4l6wlqr2a5f7646m,did:plc:wpdnxu3e7buaxffdxvkds6h6,maclab-brain.bsky.social,,
e8a3d8ee3ef447c79b63dd49b78ce454,2026-02-22T08:00:00Z,2026-02-22T08:09:54Z,auth,auth_enUS_labelerexp,at://did:plc:nylio5rpw7u3wtven3vcriam/app.bsky.feed.generator/aaai4amp77qp6,suggested_labelerexp,36,at://did:plc:73uwondbkeafoi6xzbyagzyq/app.bsky.feed.post/3mf5hmtkfe22d,bafyreie4uvw736l5l3jt7gbsyu6ur5o6chqwvvvfntsum5pofdsbkfap3q,did:plc:73uwondbkeafoi6xzbyagzyq,thetransmitter.bsky.social,,
e8a3d8ee3ef447c79b63dd49b78ce454,2026-02-22T08:00:00Z,2026-02-22T08:09:54Z,auth,auth_enUS_labelerexp,at://did:plc:nylio5rpw7u3wtven3vcriam/app.bsky.feed.generator/aaai4amp77qp6,suggested_labelerexp,37,at://did:plc:65sqvh7nevxlufvvl3omsm33/app.bsky.feed.post/3mf5ejr2iic2w,bafyreifchdbyb2qq75wtxjljo2ooh2m55m2qybvyktdofk4kpgi5kb2hbi,did:plc:65sqvh7nevxlufvvl3omsm33,hearingshef.bsky.social,,
e8a3d8ee3ef447c79b63dd49b78ce454,2026-02-22T08:00:00Z,2026-02-22T08:09:54Z,auth,auth_enUS_labelerexp,at://did:plc:nylio5rpw7u3wtven3vcriam/app.bsky.feed.generator/aaai4amp77qp6,suggested_labelerexp,38,at://did:plc:73uwondbkeafoi6xzbyagzyq/app.bsky.feed.post/3mf5dibpmq22d,bafyreiexv5ha57elzyxrokgxj3xrjahcevfzvhxipnlsjvb5o2efarvq6q,did:plc:73uwondbkeafoi6xzbyagzyq,thetransmitter.bsky.social,,
e8a3d8ee3ef447c79b63dd49b78ce454,2026-02-22T08:00:00Z,2026-02-22T08:09:54Z,auth,auth_enUS_labelerexp,at://did:plc:nylio5rpw7u3wtven3vcriam/app.bsky.feed.generator/aaai4amp77qp6,suggested_labelerexp,39,at://did:plc:roxhjcv6twbvmwm3enlt4jyl/app.bsky.feed.post/3mf5ahai3bs2w,bafyreiguzr6yk3eg7uogmdmjy2jjrufbxbozlwlvv2ual6eupcf5svaobe,did:plc:roxhjcv6twbvmwm3enlt4jyl,sfn.org,,
e8a3d8ee3ef447c79b63dd49b78ce454,2026-02-22T08:00:00Z,2026-02-22T08:09:54Z,auth,auth_enUS_labelerexp,at://did:plc:nylio5rpw7u3wtven3vcriam/app.bsky.feed.generator/aaai4amp77qp6,suggested_labelerexp,40,at://did:plc:x5rv6tsxd5x3zyugh4v6rd5z/app.bsky.feed.post/3mf57ymxnrz2w,bafyreicxdu65o2ejqhacbfgk6vcjvlc77fsuflybzudwwgh64gdihsfmna,did:plc:x5rv6tsxd5x3zyugh4v6rd5z,knzw783.bsky.social,,
e8a3d8ee3ef447c79b63dd49b78ce454,2026-02-22T08:00:00Z,2026-02-22T08:09:54Z,auth,auth_enUS_labelerexp,at://did:plc:nylio5rpw7u3wtven3vcriam/app.bsky.feed.generator/aaai4amp77qp6,suggested_labelerexp,41,at://did:plc:b5qrfu6vuxipdnbo77gmvu6s/app.bsky.feed.post/3mf4yyoutqq2q,bafyreig3zvyg7tywpotq3t5qaf3yzls4pjebpqkkyf6pad7x25n77mh3bi,did:plc:b5qrfu6vuxipdnbo77gmvu6s,escotronics.bsky.social,,
e8a3d8ee3ef447c79b63dd49b78ce454,2026-02-22T08:00:00Z,2026-02-22T08:09:55Z,auth,auth_enUS_labelerexp,at://did:plc:odqmsar3ikz5ubokya4sempk/app.bsky.feed.generator/aaahudddd6mww,suggested_labelerexp,1,at://did:plc:5fovtdkfpqfu7eyiml5tfeb5/app.bsky.feed.post/3mfgolbur4c2r,bafyreiflomvoj3hxjn2msa4zqpnm7jp2pfqan4skmvnaboxitq3nwnohsa,did:plc:5fovtdkfpqfu7eyiml5tfeb5,vincentsnowart.bsky.social,,
e8a3d8ee3ef447c79b63dd49b78ce454,2026-02-22T08:00:00Z,2026-02-22T08:09:55Z,auth,auth_enUS_labelerexp,at://did:plc:odqmsar3ikz5ubokya4sempk/app.bsky.feed.generator/aaahudddd6mww,suggested_labelerexp,2,at://did:plc:hc7tndm7gduompba65aps75k/app.bsky.feed.post/3mfgod4yz6k24,bafyreics7imtwh3wx2lw2kicxpw7fln7bjhxxst7on3kj3x5pvf6f54lem,did:plc:hc7tndm7gduompba65aps75k,misskitty.art,,
e8a3d8ee3ef447c79b63dd49b78ce454,2026-02-22T08:00:00Z,2026-02-22T08:09:55Z,auth,auth_enUS_labelerexp,at://did:plc:odqmsar3ikz5ubokya4sempk/app.bsky.feed.generator/aaahudddd6mww,suggested_labelerexp,3,at://did:plc:hc7tndm7gduompba65aps75k/app.bsky.feed.post/3mfgocjc7n224,bafyreibpeu4tjogaxn3biugm4556xvck3jrrgp3sdob4ktvqrspa7pg4km,did:plc:hc7tndm7gduompba65aps75k,misskitty.art,,
e8a3d8ee3ef447c79b63dd49b78ce454,2026-02-22T08:00:00Z,2026-02-22T08:09:55Z,auth,auth_enUS_labelerexp,at://did:plc:odqmsar3ikz5ubokya4sempk/app.bsky.feed.generator/aaahudddd6mww,suggested_labelerexp,4,at://did:plc:hc7tndm7gduompba65aps75k/app.bsky.feed.post/3mfgobyxf6224,bafyreibdf2gft3rbnlqy25kttef3lwjnrkoy4zhojbtngla7zpfllp5onm,did:plc:hc7tndm7gduompba65aps75k,misskitty.art,,
e8a3d8ee3ef447c79b63dd49b78ce454,2026-02-22T08:00:00Z,2026-02-22T08:09:55Z,auth,auth_enUS_labelerexp,at://did:plc:odqmsar3ikz5ubokya4sempk/app.bsky.feed.generator/aaahudddd6mww,suggested_labelerexp,5,at://did:plc:hc7tndm7gduompba65aps75k/app.bsky.feed.post/3mfgobi4izk24,bafyreidfjtdncz7dylf5tfuhd74umllks4bakp3ixbix2p7rqvtqryzgnu,did:plc:hc7tndm7gduompba65aps75k,misskitty.art,,
e8a3d8ee3ef447c79b63dd49b78ce454,2026-02-22T08:00:00Z,2026-02-22T08:09:55Z,auth,auth_enUS_labelerexp,at://did:plc:odqmsar3ikz5ubokya4sempk/app.bsky.feed.generator/aaahudddd6mww,suggested_labelerexp,6,at://did:plc:hc7tndm7gduompba65aps75k/app.bsky.feed.post/3mfgoaw4nc224,bafyreifcd7co7zgk6s5pq3mhr7jetbznm5ndq3xfnrwd72vpss6chmlobm,did:plc:hc7tndm7gduompba65aps75k,misskitty.art,,
e8a3d8ee3ef447c79b63dd49b78ce454,2026-02-22T08:00:00Z,2026-02-22T08:09:55Z,auth,auth_enUS_labelerexp,at://did:plc:odqmsar3ikz5ubokya4sempk/app.bsky.feed.generator/aaahudddd6mww,suggested_labelerexp,7,at://did:plc:hc7tndm7gduompba65aps75k/app.bsky.feed.post/3mfgoad2czc24,bafyreidlgn6pp4oh6a4dccrolhgdno6by5sht2b6err7tnxxdg3r7qdq3a,did:plc:hc7tndm7gduompba65aps75k,misskitty.art,,
e8a3d8ee3ef447c79b63dd49b78ce454,2026-02-22T08:00:00Z,2026-02-22T08:09:55Z,auth,auth_enUS_labelerexp,at://did:plc:odqmsar3ikz5ubokya4sempk/app.bsky.feed.generator/aaahudddd6mww,suggested_labelerexp,8,at://did:plc:hc7tndm7gduompba65aps75k/app.bsky.feed.post/3mfgo7qxog224,bafyreiablqk67emg2hekae3qkndxwsubz2pb3msl7hnwozupbgasxxrvpi,did:plc:hc7tndm7gduompba65aps75k,misskitty.art,,
e8a3d8ee3ef447c79b63dd49b78ce454,2026-02-22T08:00:00Z,2026-02-22T08:09:55Z,auth,auth_enUS_labelerexp,at://did:plc:odqmsar3ikz5ubokya4sempk/app.bsky.feed.generator/aaahudddd6mww,suggested_labelerexp,9,at://did:plc:hc7tndm7gduompba65aps75k/app.bsky.feed.post/3mfgo74sltk24,bafyreibfxqyifwgvivu5k3jldwgas6cralk54mrbwrpkb6gz533ent2q2e,did:plc:hc7tndm7gduompba65aps75k,misskitty.art,,
e8a3d8ee3ef447c79b63dd49b78ce454,2026-02-22T08:00:00Z,2026-02-22T08:09:55Z,auth,auth_enUS_labelerexp,at://did:plc:odqmsar3ikz5ubokya4sempk/app.bsky.feed.generator/aaahudddd6mww,suggested_labelerexp,10,at://did:plc:2phsnszikg53wuo72spia7fd/app.bsky.feed.post/3mfgnibxzps2y,bafyreicx24zt6lvt3mnrtyot4ddkgagkilnj6iutzcznjohgtgsxww3v6q,did:plc:2phsnszikg53wuo72spia7fd,sourdictionarist.bsky.social,,
e8a3d8ee3ef447c79b63dd49b78ce454,2026-02-22T08:00:00Z,2026-02-22T08:09:55Z,auth,auth_enUS_labelerexp,at://did:plc:odqmsar3ikz5ubokya4sempk/app.bsky.feed.generator/aaahudddd6mww,suggested_labelerexp,11,at://did:plc:3arspwkq7y6qqwur2kgbdo4k/app.bsky.feed.post/3mfgn3snmk22u,bafyreiemjkp53fnv6twxytm4c2b2hd3opib3mcsgajdyhmaozizv7giavy,did:plc:3arspwkq7y6qqwur2kgbdo4k,poppyhusky.bsky.social,,
e8a3d8ee3ef447c79b63dd49b78ce454,2026-02-22T08:00:00Z,2026-02-22T08:09:55Z,auth,auth_enUS_labelerexp,at://did:plc:odqmsar3ikz5ubokya4sempk/app.bsky.feed.generator/aaahudddd6mww,suggested_labelerexp,12,at://did:plc:hc7tndm7gduompba65aps75k/app.bsky.feed.post/3mfgmq7eztc2a,bafyreihslegq5ye3rqa2xzxdbttsr7fqlrzxz4lju6p3jjvaonadwztbtm,did:plc:hc7tndm7gduompba65aps75k,misskitty.art,,
e8a3d8ee3ef447c79b63dd49b78ce454,2026-02-22T08:00:00Z,2026-02-22T08:09:55Z,auth,auth_enUS_labelerexp,at://did:plc:odqmsar3ikz5ubokya4sempk/app.bsky.feed.generator/aaahudddd6mww,suggested_labelerexp,13,at://did:plc:hc7tndm7gduompba65aps75k/app.bsky.feed.post/3mfgmp3rc5k25,bafyreig5rj4qm6mdfxb6xxu4xlcbimh245oga6ed6fyuxoak4fcmc5v4hm,did:plc:hc7tndm7gduompba65aps75k,misskitty.art,,
e8a3d8ee3ef447c79b63dd49b78ce454,2026-02-22T08:00:00Z,2026-02-22T08:09:55Z,auth,auth_enUS_labelerexp,at://did:plc:odqmsar3ikz5ubokya4sempk/app.bsky.feed.generator/aaahudddd6mww,suggested_labelerexp,14,at://did:plc:hc7tndm7gduompba65aps75k/app.bsky.feed.post/3mfgmm2kcfc27,bafyreifwzylp24yyp47scpfexc4hlawykkog3bmkhp2kecgrgboqldedyu,did:plc:hc7tndm7gduompba65aps75k,misskitty.art,,
e8a3d8ee3ef447c79b63dd49b78ce454,2026-02-22T08:00:00Z,2026-02-22T08:09:55Z,auth,auth_enUS_labelerexp,at://did:plc:odqmsar3ikz5ubokya4sempk/app.bsky.feed.generator/aaahudddd6mww,suggested_labelerexp,15,at://did:plc:hc7tndm7gduompba65aps75k/app.bsky.feed.post/3mfgmkwluw227,bafyreigdzs3ws7bpqcuvfauykdgaxg5cyl3hp2nsrg3ipb6iqie4xqy7xq,did:plc:hc7tndm7gduompba65aps75k,misskitty.art,,
e8a3d8ee3ef447c79b63dd49b78ce454,2026-02-22T08:00:00Z,2026-02-22T08:09:55Z,auth,auth_enUS_labelerexp,at://did:plc:odqmsar3ikz5ubokya4sempk/app.bsky.feed.generator/aaahudddd6mww,suggested_labelerexp,16,at://did:plc:hc7tndm7gduompba65aps75k/app.bsky.feed.post/3mfgmhh2ddc27,bafyreigrg35av5cazadmezob2yxvfrdhlr4qhtxzs6hnvsmdshmzhssnj4,did:plc:hc7tndm7gduompba65aps75k,misskitty.art,,
e8a3d8ee3ef447c79b63dd49b78ce454,2026-02-22T08:00:00Z,2026-02-22T08:09:55Z,auth,auth_enUS_labelerexp,at://did:plc:odqmsar3ikz5ubokya4sempk/app.bsky.feed.generator/aaahudddd6mww,suggested_labelerexp,17,at://did:plc:edzlnzvoztauuygch4z5fvl3/app.bsky.feed.post/3mfgm7p25d22t,bafyreig54aen5ierlcuexlbkppurw3vshonxzpyupjbispphnfdmnxpjje,did:plc:edzlnzvoztauuygch4z5fvl3,2gd4.me,,
e8a3d8ee3ef447c79b63dd49b78ce454,2026-02-22T08:00:00Z,2026-02-22T08:09:55Z,auth,auth_enUS_labelerexp,at://did:plc:odqmsar3ikz5ubokya4sempk/app.bsky.feed.generator/aaahudddd6mww,suggested_labelerexp,18,at://did:plc:y7x67mbdimxdw7pnuu4jwwth/app.bsky.feed.post/3mfglqbqbuc2j,bafyreiaiuzqnmqm6zb5mzcxdmvuby7jfz45x5qtk5g4xt57yuid2xa5dma,did:plc:y7x67mbdimxdw7pnuu4jwwth,ayeshasnart.bsky.social,,
e8a3d8ee3ef447c79b63dd49b78ce454,2026-02-22T08:00:00Z,2026-02-22T08:09:55Z,auth,auth_enUS_labelerexp,at://did:plc:odqmsar3ikz5ubokya4sempk/app.bsky.feed.generator/aaahudddd6mww,suggested_labelerexp,19,at://did:plc:dm5lnfwdihaka4qmmtjyj3oq/app.bsky.feed.post/3mfglknaml22x,bafyreifk3itotlqwkhjz2cdywawwlzk4rk57qvmw2qeqxizqsigu5kbxji,did:plc:dm5lnfwdihaka4qmmtjyj3oq,kiwiflorauna.bsky.social,,
e8a3d8ee3ef447c79b63dd49b78ce454,2026-02-22T08:00:00Z,2026-02-22T08:09:55Z,auth,auth_enUS_labelerexp,at://did:plc:odqmsar3ikz5ubokya4sempk/app.bsky.feed.generator/aaahudddd6mww,suggested_labelerexp,20,at://did:plc:p3l4oa3vdc2cjrrpsfco5zuy/app.bsky.feed.post/3mfgl3zjvys2e,bafyreibm533mipy74aevyh5fpwm42i2ob33pbwhhqipk2f7y7gdpnege3a,did:plc:p3l4oa3vdc2cjrrpsfco5zuy,arcticmoonie.bsky.social,,
e8a3d8ee3ef447c79b63dd49b78ce454,2026-02-22T08:00:00Z,2026-02-22T08:09:55Z,auth,auth_enUS_labelerexp,at://did:plc:odqmsar3ikz5ubokya4sempk/app.bsky.feed.generator/aaahudddd6mww,suggested_labelerexp,21,at://did:plc:7ukwtd2thvtyedmrezcitsfb/app.bsky.feed.post/3mfgkqkncrs2w,bafyreibaz6rfcd5uatjyqsryvud75vevrih3x2mneygmphcf5cz4zidmjy,did:plc:7ukwtd2thvtyedmrezcitsfb,tropcycart.bsky.social,,
e8a3d8ee3ef447c79b63dd49b78ce454,2026-02-22T08:00:00Z,2026-02-22T08:09:55Z,auth,auth_enUS_labelerexp,at://did:plc:odqmsar3ikz5ubokya4sempk/app.bsky.feed.generator/aaahudddd6mww,suggested_labelerexp,22,at://did:plc:fxll6xtx2ghvmfegexh34tud/app.bsky.feed.post/3mfgkp7guis2q,bafyreidrwvazqh4x2so3gg2p23epnn6nwmtxuddyms3notbgryayaklv7q,did:plc:fxll6xtx2ghvmfegexh34tud,a-rlecchino.bsky.social,,
e8a3d8ee3ef447c79b63dd49b78ce454,2026-02-22T08:00:00Z,2026-02-22T08:09:55Z,auth,auth_enUS_labelerexp,at://did:plc:odqmsar3ikz5ubokya4sempk/app.bsky.feed.generator/aaahudddd6mww,suggested_labelerexp,23,at://did:plc:6hpntnyt44etfnrwvxikq6w5/app.bsky.feed.post/3mfgja7vkjk2k,bafyreibtm73afrvkiin74carvmkxc67ak57ijnczv7qedfv5fkvloeak3y,did:plc:6hpntnyt44etfnrwvxikq6w5,mrfulero.bsky.social,,
e8a3d8ee3ef447c79b63dd49b78ce454,2026-02-22T08:00:00Z,2026-02-22T08:09:55Z,auth,auth_enUS_labelerexp,at://did:plc:odqmsar3ikz5ubokya4sempk/app.bsky.feed.generator/aaahudddd6mww,suggested_labelerexp,24,at://did:plc:drqsyoywa47jiw33pztd54no/app.bsky.feed.post/3mfgiyh2m322g,bafyreifdedo4ublbu5zito4yb6r673dh3d5fbt3m7dfonl3tkmebhyvgpy,did:plc:drqsyoywa47jiw33pztd54no,shannythepotoroo.bsky.social,,
e8a3d8ee3ef447c79b63dd49b78ce454,2026-02-22T08:00:00Z,2026-02-22T08:09:55Z,auth,auth_enUS_labelerexp,at://did:plc:odqmsar3ikz5ubokya4sempk/app.bsky.feed.generator/aaahudddd6mww,suggested_labelerexp,25,at://did:plc:eovaj542tis57wds3bj3f74m/app.bsky.feed.post/3mfgfv3rzr22b,bafyreid3wlkv4eqschz23a4swuy375qzxmcnzoqucvwmtr5z456o2udfdi,did:plc:eovaj542tis57wds3bj3f74m,jellyjellyy.bsky.social,,
e8a3d8ee3ef447c79b63dd49b78ce454,2026-02-22T08:00:00Z,2026-02-22T08:09:55Z,auth,auth_enUS_labelerexp,at://did:plc:odqmsar3ikz5ubokya4sempk/app.bsky.feed.generator/aaahudddd6mww,suggested_labelerexp,26,at://did:plc:6htpb26fgjkp6tb3furti6gn/app.bsky.feed.post/3mfgfjcakdk2i,bafyreibjvkvcmewliqt2bxdsqv72wcdh5gvfiqe24oamnaibud5k7xhdzy,did:plc:6htpb26fgjkp6tb3furti6gn,angelpeens.bsky.social,,
e8a3d8ee3ef447c79b63dd49b78ce454,2026-02-22T08:00:00Z,2026-02-22T08:09:55Z,auth,auth_enUS_labelerexp,at://did:plc:odqmsar3ikz5ubokya4sempk/app.bsky.feed.generator/aaahudddd6mww,suggested_labelerexp,27,at://did:plc:p4uaxjek3jkgul4m2pfswt2u/app.bsky.feed.post/3mfgff56ijk2y,bafyreih4vzvoc6alfc4esv57nuum5jh26uyq55xyjtcf3u7u664yfbn76m,did:plc:p4uaxjek3jkgul4m2pfswt2u,ragewolfarts.bsky.social,,
e8a3d8ee3ef447c79b63dd49b78ce454,2026-02-22T08:00:00Z,2026-02-22T08:09:55Z,auth,auth_enUS_labelerexp,at://did:plc:odqmsar3ikz5ubokya4sempk/app.bsky.feed.generator/aaahudddd6mww,suggested_labelerexp,28,at://did:plc:lhnz5jn4w7i3mqrkiqtmxnzv/app.bsky.feed.post/3mfgfa336f22s,bafyreifhaunrhzxoamu7emepujv7wsjgldzxynjcv6dddalurysyn6yhcy,did:plc:lhnz5jn4w7i3mqrkiqtmxnzv,0dayhx.bsky.social,,
e8a3d8ee3ef447c79b63dd49b78ce454,2026-02-22T08:00:00Z,2026-02-22T08:09:55Z,auth,auth_enUS_labelerexp,at://did:plc:odqmsar3ikz5ubokya4sempk/app.bsky.feed.generator/aaahudddd6mww,suggested_labelerexp,29,at://did:plc:mjjxx455zkw4tpj3ktfrpaiv/app.bsky.feed.post/3mfgf5fktv22g,bafyreicbtatfc6quywhps3uhqzmui3wzlmrzdf3pgfejulpuc7xwlhalpa,did:plc:mjjxx455zkw4tpj3ktfrpaiv,rosesartistry.bsky.social,,
e8a3d8ee3ef447c79b63dd49b78ce454,2026-02-22T08:00:00Z,2026-02-22T08:09:55Z,auth,auth_enUS_labelerexp,at://did:plc:odqmsar3ikz5ubokya4sempk/app.bsky.feed.generator/aaahudddd6mww,suggested_labelerexp,30,at://did:plc:mjjxx455zkw4tpj3ktfrpaiv/app.bsky.feed.post/3mfgf2qwgws2g,bafyreidbngillgq6hr42i26rxqxmashfvrtgtlzmyat4dke3jlhwatqc5y,did:plc:mjjxx455zkw4tpj3ktfrpaiv,rosesartistry.bsky.social,,
e8a3d8ee3ef447c79b63dd49b78ce454,2026-02-22T08:00:00Z,2026-02-22T08:09:55Z,auth,auth_enUS_labelerexp,at://did:plc:odqmsar3ikz5ubokya4sempk/app.bsky.feed.generator/aaahudddd6mww,suggested_labelerexp,31,at://did:plc:uhmgeelsahzydlyhq56dc4ql/app.bsky.feed.post/3mfgestmjc22u,bafyreift6477rzex3dzgcseirfe7f5xk3hwzh2pe6egmtegp3smn46mcym,did:plc:uhmgeelsahzydlyhq56dc4ql,echoaxo.bsky.social,,
e8a3d8ee3ef447c79b63dd49b78ce454,2026-02-22T08:00:00Z,2026-02-22T08:09:55Z,auth,auth_enUS_labelerexp,at://did:plc:odqmsar3ikz5ubokya4sempk/app.bsky.feed.generator/aaahudddd6mww,suggested_labelerexp,32,at://did:plc:222bwnpbskmd7unvsozaevrd/app.bsky.feed.post/3mfgeo3upkc2t,bafyreiglzf44vxiyobynlatomhcjclxfcpywqwf7wglfe4w364hd47oh3q,did:plc:222bwnpbskmd7unvsozaevrd,minttpocky.bsky.social,,
e8a3d8ee3ef447c79b63dd49b78ce454,2026-02-22T08:00:00Z,2026-02-22T08:09:55Z,auth,auth_enUS_labelerexp,at://did:plc:odqmsar3ikz5ubokya4sempk/app.bsky.feed.generator/aaahudddd6mww,suggested_labelerexp,33,at://did:plc:d23fxpazdaqcg4gnpld3h5ym/app.bsky.feed.post/3mfgengyzdk2u,bafyreihkew3cy22ah7byw45whcx6zimqzstwkxpotzkf6547bp3mn3a6h4,did:plc:d23fxpazdaqcg4gnpld3h5ym,batcatisavampire.bsky.social,,
e8a3d8ee3ef447c79b63dd49b78ce454,2026-02-22T08:00:00Z,2026-02-22T08:09:55Z,auth,auth_enUS_labelerexp,at://did:plc:odqmsar3ikz5ubokya4sempk/app.bsky.feed.generator/aaahudddd6mww,suggested_labelerexp,34,at://did:plc:isoghgk26wdxax5pi6adwe5o/app.bsky.feed.post/3mfgempbllc2m,bafyreielulxgnedcsn7nljtl5s3pcxzgbxyf5mst24lmxsq5gwgdvfduba,did:plc:isoghgk26wdxax5pi6adwe5o,sanji-chwan.bsky.social,,
e8a3d8ee3ef447c79b63dd49b78ce454,2026-02-22T08:00:00Z,2026-02-22T08:09:55Z,auth,auth_enUS_labelerexp,at://did:plc:odqmsar3ikz5ubokya4sempk/app.bsky.feed.generator/aaahudddd6mww,suggested_labelerexp,35,at://did:plc:uo2gveozoar4myiq3e2ekeu4/app.bsky.feed.post/3mfgeadwsf22v,bafyreicf6fxoxsnsrvk6nryy6g4iueiptl6rlxghdlbjvdwee44dxjepkm,did:plc:uo2gveozoar4myiq3e2ekeu4,nuggetbrainart.bsky.social,,
e8a3d8ee3ef447c79b63dd49b78ce454,2026-02-22T08:00:00Z,2026-02-22T08:09:55Z,auth,auth_enUS_labelerexp,at://did:plc:odqmsar3ikz5ubokya4sempk/app.bsky.feed.generator/aaahudddd6mww,suggested_labelerexp,36,at://did:plc:n5vzh5cfhgganolwwbclsaxr/app.bsky.feed.post/3mfge7x2b7k2x,bafyreif2vajp4azny2p2hu4lhij26rkuhoaj47cuculqgz2jptia7uvkum,did:plc:n5vzh5cfhgganolwwbclsaxr,peawbu.bsky.social,,
e8a3d8ee3ef447c79b63dd49b78ce454,2026-02-22T08:00:00Z,2026-02-22T08:09:55Z,auth,auth_enUS_labelerexp,at://did:plc:odqmsar3ikz5ubokya4sempk/app.bsky.feed.generator/aaahudddd6mww,suggested_labelerexp,37,at://did:plc:prpee4itcvt5r65vk6iighh5/app.bsky.feed.post/3mfge5m73pc2d,bafyreifrkyvco7q4afrpuhy6zqfknjholxsfpcsseoo6i35e52tmdasmwu,did:plc:prpee4itcvt5r65vk6iighh5,strawhatdraco.bsky.social,,
e8a3d8ee3ef447c79b63dd49b78ce454,2026-02-22T08:00:00Z,2026-02-22T08:09:55Z,auth,auth_enUS_labelerexp,at://did:plc:odqmsar3ikz5ubokya4sempk/app.bsky.feed.generator/aaahudddd6mww,suggested_labelerexp,38,at://did:plc:l737rtxc6tsucoo3kkrjxwrb/app.bsky.feed.post/3mfgdx6vj5c2y,bafyreig33i4nmojr6lc7p5x3hffrtdfr7x4k3frsfpmh2kyfwgnafphjqu,did:plc:l737rtxc6tsucoo3kkrjxwrb,nikko0211.bsky.social,,
e8a3d8ee3ef447c79b63dd49b78ce454,2026-02-22T08:00:00Z,2026-02-22T08:09:55Z,auth,auth_enUS_labelerexp,at://did:plc:odqmsar3ikz5ubokya4sempk/app.bsky.feed.generator/aaahudddd6mww,suggested_labelerexp,39,at://did:plc:27afhn4qnhkatmutvzd2uelw/app.bsky.feed.post/3mfgd2rxm4k2l,bafyreiaguk7lkqpcqjyqckdetham67e5k6lzpdzhel4mqjyagyda4gbdxq,did:plc:27afhn4qnhkatmutvzd2uelw,coyotepetalarts.bsky.social,,
e8a3d8ee3ef447c79b63dd49b78ce454,2026-02-22T08:00:00Z,2026-02-22T08:09:55Z,auth,auth_enUS_labelerexp,at://did:plc:odqmsar3ikz5ubokya4sempk/app.bsky.feed.generator/aaahudddd6mww,suggested_labelerexp,40,at://did:plc:at2irh365bi7mgeif5etgxzc/app.bsky.feed.post/3mfgd26jivc23,bafyreiesdnlsvguepomkld6dkvyx6cd2zkvq24pkrdmeow6n6o76727cra,did:plc:at2irh365bi7mgeif5etgxzc,snow-fredel.bsky.social,,
e8a3d8ee3ef447c79b63dd49b78ce454,2026-02-22T08:00:00Z,2026-02-22T08:09:55Z,auth,auth_enUS_labelerexp,at://did:plc:odqmsar3ikz5ubokya4sempk/app.bsky.feed.generator/aaahudddd6mww,suggested_labelerexp,41,at://did:plc:ljmeu7m4buagrfmdj5zif2mt/app.bsky.feed.post/3mfgbvqqmzs2c,bafyreihwx75gdfsqyjbqc3bhlrzzyihdw7v3oevjdtesj5fdy64nwgkszy,did:plc:ljmeu7m4buagrfmdj5zif2mt,furthings.art,,
e8a3d8ee3ef447c79b63dd49b78ce454,2026-02-22T08:00:00Z,2026-02-22T08:09:55Z,auth,auth_enUS_labelerexp,at://did:plc:odqmsar3ikz5ubokya4sempk/app.bsky.feed.generator/aaahudddd6mww,suggested_labelerexp,42,at://did:plc:oybk5kpgfzyvlsqjnl7qywhq/app.bsky.feed.post/3mfgbtokcvk22,bafyreiahnlgkf36qfjbshosqy5dqllphn2jydtzlqoglal2qqtimt73k6i,did:plc:oybk5kpgfzyvlsqjnl7qywhq,notheresir.bsky.social,,
e8a3d8ee3ef447c79b63dd49b78ce454,2026-02-22T08:00:00Z,2026-02-22T08:09:55Z,auth,auth_enUS_labelerexp,at://did:plc:odqmsar3ikz5ubokya4sempk/app.bsky.feed.generator/aaahudddd6mww,suggested_labelerexp,43,at://did:plc:mawpl5q2ktzxoeuuikzb5axp/app.bsky.feed.post/3mfgbt4bjz22e,bafyreia7khdyppjyp4hmvkpeo5uoohwwf3lyd4iyjgqltwznrg6dbmz3ri,did:plc:mawpl5q2ktzxoeuuikzb5axp,vstickers.bsky.social,,
e8a3d8ee3ef447c79b63dd49b78ce454,2026-02-22T08:00:00Z,2026-02-22T08:09:55Z,auth,auth_enUS_labelerexp,at://did:plc:odqmsar3ikz5ubokya4sempk/app.bsky.feed.generator/aaahudddd6mww,suggested_labelerexp,44,at://did:plc:5jdgh6p2pecucbhg4xbcdjth/app.bsky.feed.post/3mfgay56v5224,bafyreifchrajubvfhhjit6u5u3n3agke3ji67zhd7ol6tygflxe5ccqcdi,did:plc:5jdgh6p2pecucbhg4xbcdjth,mtgcritical.bsky.social,,
e8a3d8ee3ef447c79b63dd49b78ce454,2026-02-22T08:00:00Z,2026-02-22T08:09:55Z,auth,auth_enUS_labelerexp,at://did:plc:odqmsar3ikz5ubokya4sempk/app.bsky.feed.generator/aaahudddd6mww,suggested_labelerexp,45,at://did:plc:nvz6mktpxgj4z5yizmgqyfuw/app.bsky.feed.post/3mfgaqeh4ak23,bafyreibvwsrnpni43hkbgbj2ifxy7xqbnll35mcoedspaocpcb4jo3swi4,did:plc:nvz6mktpxgj4z5yizmgqyfuw,plipplopart.bsky.social,,
e8a3d8ee3ef447c79b63dd49b78ce454,2026-02-22T08:00:00Z,2026-02-22T08:09:55Z,auth,auth_enUS_labelerexp,at://did:plc:odqmsar3ikz5ubokya4sempk/app.bsky.feed.generator/aaahudddd6mww,suggested_labelerexp,46,at://did:plc:6vrz72m4qi3c5ngblktmhmxg/app.bsky.feed.post/3mfg77tbwqk27,bafyreidklx5j56nskal6e5fapc2ohebgtox5srfkxe5whb3gxe5db2gtn4,did:plc:6vrz72m4qi3c5ngblktmhmxg,artangel-gabbi.bsky.social,,
e8a3d8ee3ef447c79b63dd49b78ce454,2026-02-22T08:00:00Z,2026-02-22T08:09:55Z,auth,auth_enUS_labelerexp,at://did:plc:odqmsar3ikz5ubokya4sempk/app.bsky.feed.generator/aaahudddd6mww,suggested_labelerexp,47,at://did:plc:wmfh544ipetgaabsf34akray/app.bsky.feed.post/3mfg76nirf22w,bafyreibyvkt55x27nchz2ocb7r5ttdeuwqqdqcd3fuglznx3643ichyfti,did:plc:wmfh544ipetgaabsf34akray,dodomango.bsky.social,,
e8a3d8ee3ef447c79b63dd49b78ce454,2026-02-22T08:00:00Z,2026-02-22T08:09:55Z,auth,auth_enUS_labelerexp,at://did:plc:odqmsar3ikz5ubokya4sempk/app.bsky.feed.generator/aaahudddd6mww,suggested_labelerexp,48,at://did:plc:hc7tndm7gduompba65aps75k/app.bsky.feed.post/3mfg76gvpi22s,bafyreic3tywqrmxat4wf3jd5zrwhp47rulnk2xv3sm2fqzuoqzt22rr2ly,did:plc:hc7tndm7gduompba65aps75k,misskitty.art,,
e8a3d8ee3ef447c79b63dd49b78ce454,2026-02-22T08:00:00Z,2026-02-22T08:09:55Z,auth,auth_enUS_labelerexp,at://did:plc:odqmsar3ikz5ubokya4sempk/app.bsky.feed.generator/aaahudddd6mww,suggested_labelerexp,49,at://did:plc:hc7tndm7gduompba65aps75k/app.bsky.feed.post/3mfg75ynfw22s,bafyreichgia5zoyzc6lnduwzzi6nkhmyheombupkfcwztnwzgf42mh6vqu,did:plc:hc7tndm7gduompba65aps75k,misskitty.art,,
e8a3d8ee3ef447c79b63dd49b78ce454,2026-02-22T08:00:00Z,2026-02-22T08:09:55Z,auth,auth_enUS_labelerexp,at://did:plc:odqmsar3ikz5ubokya4sempk/app.bsky.feed.generator/aaahudddd6mww,suggested_labelerexp,50,at://did:plc:hc7tndm7gduompba65aps75k/app.bsky.feed.post/3mfg75l627c2s,bafyreia44x3hizwy6gzotnxzr3xcpxd35p55nbazrxk4yrds7folyitbza,did:plc:hc7tndm7gduompba65aps75k,misskitty.art,,
e8a3d8ee3ef447c79b63dd49b78ce454,2026-02-22T08:00:00Z,2026-02-22T08:09:56Z,auth,auth_enUS_labelerexp,at://did:plc:p2hhevq3w2kxgw3csyailya3/app.bsky.feed.generator/aaafrn54usbj6,suggested_labelerexp,1,at://did:plc:45qzd2uoeuixtc64wuv6objq/app.bsky.feed.post/3mfgjogcy7mi2,bafyreifwd3xvustcwgektb5agttovxd4g3l4b5k5afgni64sxszw2fxhqy,did:plc:45qzd2uoeuixtc64wuv6objq,helloworld.stefanbohacek.online.ap.brid.gy,,
e8a3d8ee3ef447c79b63dd49b78ce454,2026-02-22T08:00:00Z,2026-02-22T08:09:56Z,auth,auth_enUS_labelerexp,at://did:plc:p2hhevq3w2kxgw3csyailya3/app.bsky.feed.generator/aaafrn54usbj6,suggested_labelerexp,2,at://did:plc:5ty4wshj6nqaypom3y55qu4m/app.bsky.feed.post/3mfgjjawoie2f,bafyreifvmweirkdu45j6rpvjdn3pvcfuefdqhzqjen7blqgohgja66jjoq,did:plc:5ty4wshj6nqaypom3y55qu4m,sloeful.bsky.social,,
e8a3d8ee3ef447c79b63dd49b78ce454,2026-02-22T08:00:00Z,2026-02-22T08:09:56Z,auth,auth_enUS_labelerexp,at://did:plc:p2hhevq3w2kxgw3csyailya3/app.bsky.feed.generator/aaafrn54usbj6,suggested_labelerexp,3,at://did:plc:gy7yilnydusx5hy2z3dltynp/app.bsky.feed.post/3mfgbfrq6iqi2,bafyreiclnhj4rndf57ivx4nfwv63ur3vdlkwtgaaz7o7zx4t4pxf6mzpze,did:plc:gy7yilnydusx5hy2z3dltynp,vzvzvz.stefanbohacek.online.ap.brid.gy,,
e8a3d8ee3ef447c79b63dd49b78ce454,2026-02-22T08:00:00Z,2026-02-22T08:09:56Z,auth,auth_enUS_labelerexp,at://did:plc:p2hhevq3w2kxgw3csyailya3/app.bsky.feed.generator/aaafrn54usbj6,suggested_labelerexp,4,at://did:plc:c4zoikx7cbw4rl32ljhvbfdk/app.bsky.feed.post/3mfg5y657d222,bafyreietccvkeyra4cwi5vi6skr25k2j2gdu36m4bpl64r5rwrrplaj5um,did:plc:c4zoikx7cbw4rl32ljhvbfdk,oneapianevada.bsky.social,,
e8a3d8ee3ef447c79b63dd49b78ce454,2026-02-22T08:00:00Z,2026-02-22T08:09:56Z,auth,auth_enUS_labelerexp,at://did:plc:p2hhevq3w2kxgw3csyailya3/app.bsky.feed.generator/aaafrn54usbj6,suggested_labelerexp,5,at://did:plc:hxl4q3r6ogssbhz7txqsl4b5/app.bsky.feed.post/3mfg5xhexmc2x,bafyreifvhgijlzpdnnkauq5jiosln732z5rlkx6nul7l5ueh3335huy7gq,did:plc:hxl4q3r6ogssbhz7txqsl4b5,xena.bsky.social,,
e8a3d8ee3ef447c79b63dd49b78ce454,2026-02-22T08:00:00Z,2026-02-22T08:09:56Z,auth,auth_enUS_labelerexp,at://did:plc:p2hhevq3w2kxgw3csyailya3/app.bsky.feed.generator/aaafrn54usbj6,suggested_labelerexp,6,at://did:plc:oc34lskn5grotvoypxehlavc/app.bsky.feed.post/3mfg4szxjxk22,bafyreias6ys6gfxz5d2wbr4mph46tdozfgjtpsvyn7mwloojoyokujjgnq,did:plc:oc34lskn5grotvoypxehlavc,ohboyaleksei.bsky.social,,
e8a3d8ee3ef447c79b63dd49b78ce454,2026-02-22T08:00:00Z,2026-02-22T08:09:56Z,auth,auth_enUS_labelerexp,at://did:plc:p2hhevq3w2kxgw3csyailya3/app.bsky.feed.generator/aaafrn54usbj6,suggested_labelerexp,7,at://did:plc:7do666wck4jijte2xofvwobl/app.bsky.feed.post/3mffwpfn4ps2m,bafyreic5qfnbu4xagqazoogtt42x7mympkvecvaud5twnfr62h5usx5vzy,did:plc:7do666wck4jijte2xofvwobl,hatulimyafim.bsky.social,,
e8a3d8ee3ef447c79b63dd49b78ce454,2026-02-22T08:00:00Z,2026-02-22T08:09:56Z,auth,auth_enUS_labelerexp,at://did:plc:p2hhevq3w2kxgw3csyailya3/app.bsky.feed.generator/aaafrn54usbj6,suggested_labelerexp,8,at://did:plc:45qzd2uoeuixtc64wuv6objq/app.bsky.feed.post/3mffw4ndq2j32,bafyreigbjqo7eufdzxpgrbcmmdjhmxvo5dghlgroege77eirp7cd34ko4y,did:plc:45qzd2uoeuixtc64wuv6objq,helloworld.stefanbohacek.online.ap.brid.gy,,
e8a3d8ee3ef447c79b63dd49b78ce454,2026-02-22T08:00:00Z,2026-02-22T08:09:56Z,auth,auth_enUS_labelerexp,at://did:plc:p2hhevq3w2kxgw3csyailya3/app.bsky.feed.generator/aaafrn54usbj6,suggested_labelerexp,9,at://did:plc:g26g7jdfdutgisaxjwstvmsj/app.bsky.feed.post/3mffvxl7i4c2s,bafyreiaoetaplxo5jqibyjhijzvoq6upji3kztcvvr6fnkocczpeqxe3jy,did:plc:g26g7jdfdutgisaxjwstvmsj,kwertzy.bsky.social,,
e8a3d8ee3ef447c79b63dd49b78ce454,2026-02-22T08:00:00Z,2026-02-22T08:09:56Z,auth,auth_enUS_labelerexp,at://did:plc:p2hhevq3w2kxgw3csyailya3/app.bsky.feed.generator/aaafrn54usbj6,suggested_labelerexp,10,at://did:plc:6t7hke2mcqxp2p6bsyydcng7/app.bsky.feed.post/3mffuosugp22j,bafyreicwmrugs4sqy5euygdy5jlsegeumdxmc3rzi4pbhpzvie3ucivuby,did:plc:6t7hke2mcqxp2p6bsyydcng7,apihtawikosisan.bsky.social,,
e8a3d8ee3ef447c79b63dd49b78ce454,2026-02-22T08:00:00Z,2026-02-22T08:09:56Z,auth,auth_enUS_labelerexp,at://did:plc:p2hhevq3w2kxgw3csyailya3/app.bsky.feed.generator/aaafrn54usbj6,suggested_labelerexp,11,at://did:plc:446dqy6jluq5enmivqhb4y42/app.bsky.feed.post/3mffu6refis2o,bafyreiabfexpdiadzzpl6nnzhgg6q3q6iroszunfooohr23z3qoj6vaire,did:plc:446dqy6jluq5enmivqhb4y42,rdene915.bsky.social,,
e8a3d8ee3ef447c79b63dd49b78ce454,2026-02-22T08:00:00Z,2026-02-22T08:09:56Z,auth,auth_enUS_labelerexp,at://did:plc:p2hhevq3w2kxgw3csyailya3/app.bsky.feed.generator/aaafrn54usbj6,suggested_labelerexp,12,at://did:plc:gy7yilnydusx5hy2z3dltynp/app.bsky.feed.post/3mffu2gfk2vi2,bafyreihbacczigga7nhk4xtmhxyyo7faxypfyf6ftmltyf6f2d7ri6i7wu,did:plc:gy7yilnydusx5hy2z3dltynp,vzvzvz.stefanbohacek.online.ap.brid.gy,,
e8a3d8ee3ef447c79b63dd49b78ce454,2026-02-22T08:00:00Z,2026-02-22T08:09:56Z,auth,auth_enUS_labelerexp,at://did:plc:p2hhevq3w2kxgw3csyailya3/app.bsky.feed.generator/aaafrn54usbj6,suggested_labelerexp,13,at://did:plc:2jdkw7old7xean2hj4j7h66p/app.bsky.feed.post/3mfftr2hb622w,bafyreiak2wtpddfbgum4sr5izbvsxg5ykk3syhhozizb5zre77e3pxkdne,did:plc:2jdkw7old7xean2hj4j7h66p,reihnhardt.bsky.social,,
e8a3d8ee3ef447c79b63dd49b78ce454,2026-02-22T08:00:00Z,2026-02-22T08:09:56Z,auth,auth_enUS_labelerexp,at://did:plc:p2hhevq3w2kxgw3csyailya3/app.bsky.feed.generator/aaafrn54usbj6,suggested_labelerexp,14,at://did:plc:dtzajbfu6cmivm3edo4bhyl6/app.bsky.feed.post/3mfftjjslhr22,bafyreic66hs4czkuxgjr643nphyajcbchit4bka5wwnaipclwrm6z42ylm,did:plc:dtzajbfu6cmivm3edo4bhyl6,getmeos.com,,
e8a3d8ee3ef447c79b63dd49b78ce454,2026-02-22T08:00:00Z,2026-02-22T08:09:56Z,auth,auth_enUS_labelerexp,at://did:plc:p2hhevq3w2kxgw3csyailya3/app.bsky.feed.generator/aaafrn54usbj6,suggested_labelerexp,15,at://did:plc:fxorhakw7pnvt3jmk24dr7bd/app.bsky.feed.post/3mffsmgzwvc24,bafyreiefwva43jyg3ozl6bqognavsqrrezllrqyhbkrpu2co44xyeof7x4,did:plc:fxorhakw7pnvt3jmk24dr7bd,logcabinmuseum.bsky.social,,
e8a3d8ee3ef447c79b63dd49b78ce454,2026-02-22T08:00:00Z,2026-02-22T08:09:56Z,auth,auth_enUS_labelerexp,at://did:plc:p2hhevq3w2kxgw3csyailya3/app.bsky.feed.generator/aaafrn54usbj6,suggested_labelerexp,16,at://did:plc:2khndv2hbyuzwt66zona4gk5/app.bsky.feed.post/3mffs2lcwhk2j,bafyreigser5ywg3neavtub3sl7z6lphiswlqtz5rapg3awvwtswg3d3gqq,did:plc:2khndv2hbyuzwt66zona4gk5,cyberstalin.bsky.social,,
e8a3d8ee3ef447c79b63dd49b78ce454,2026-02-22T08:00:00Z,2026-02-22T08:09:56Z,auth,auth_enUS_labelerexp,at://did:plc:p2hhevq3w2kxgw3csyailya3/app.bsky.feed.generator/aaafrn54usbj6,suggested_labelerexp,17,at://did:plc:wn5cimjinzajhddisbrrvbkl/app.bsky.feed.post/3mffrrpw4pmm2,bafyreibb56l2ps5ns5trdvwldmik3kxdbkmvuwgl5ydgrowbkknsdflmku,did:plc:wn5cimjinzajhddisbrrvbkl,xenotar.mastodon.social.ap.brid.gy,,
e8a3d8ee3ef447c79b63dd49b78ce454,2026-02-22T08:00:00Z,2026-02-22T08:09:56Z,auth,auth_enUS_labelerexp,at://did:plc:p2hhevq3w2kxgw3csyailya3/app.bsky.feed.generator/aaafrn54usbj6,suggested_labelerexp,18,at://did:plc:xdb43jfz7uboq3kxcedlp7ur/app.bsky.feed.post/3mffqqz35jc2v,bafyreigjzuxfe5vvx652nl2k3yooeq44obbclfex3i7qeaiqtgntbovbva,did:plc:xdb43jfz7uboq3kxcedlp7ur,almostconverge.kozterulethasznalatienge.day,,
e8a3d8ee3ef447c79b63dd49b78ce454,2026-02-22T08:00:00Z,2026-02-22T08:09:56Z,auth,auth_enUS_labelerexp,at://did:plc:p2hhevq3w2kxgw3csyailya3/app.bsky.feed.generator/aaafrn54usbj6,suggested_labelerexp,19,at://did:plc:ghefzzs3znkivd27ztmekxdf/app.bsky.feed.post/3mffq2zrc7b27,bafyreifl645g76gjattbiqpkjfa7nbwom4ywmeijfdq3ru7jya7mcaouha,did:plc:ghefzzs3znkivd27ztmekxdf,iccdinstitute.bsky.social,,
e8a3d8ee3ef447c79b63dd49b78ce454,2026-02-22T08:00:00Z,2026-02-22T08:09:56Z,auth,auth_enUS_labelerexp,at://did:plc:p2hhevq3w2kxgw3csyailya3/app.bsky.feed.generator/aaafrn54usbj6,suggested_labelerexp,20,at://did:plc:us2idxoftgykufibcnxzybh6/app.bsky.feed.post/3mffpzte5yc22,bafyreibggdcd2p66pljr77ebqxi72k4fopvddl7y26gk3753psmchs23xm,did:plc:us2idxoftgykufibcnxzybh6,drayfrjg.bsky.social,,
e8a3d8ee3ef447c79b63dd49b78ce454,2026-02-22T08:00:00Z,2026-02-22T08:09:56Z,auth,auth_enUS_labelerexp,at://did:plc:p2hhevq3w2kxgw3csyailya3/app.bsky.feed.generator/aaafrn54usbj6,suggested_labelerexp,21,at://did:plc:hevgvsufpmc4yewhw2bkrot2/app.bsky.feed.post/3mffpq6co4k27,bafyreigxlhygpyqmmlcvb4prcoxlkn7dx24wq3ffeux7alihqmloosikxy,did:plc:hevgvsufpmc4yewhw2bkrot2,orion64.bsky.social,,
e8a3d8ee3ef447c79b63dd49b78ce454,2026-02-22T08:00:00Z,2026-02-22T08:09:56Z,auth,auth_enUS_labelerexp,at://did:plc:p2hhevq3w2kxgw3csyailya3/app.bsky.feed.generator/aaafrn54usbj6,suggested_labelerexp,22,at://did:plc:ekhm7pkvqbehpzamvd7vbcxm/app.bsky.feed.post/3mffppkej7s2f,bafyreigg7n57nev4dynklrb7mxkc3desn4u4rrvu6z7avr5hfvd2dl64l4,did:plc:ekhm7pkvqbehpzamvd7vbcxm,nikisharma.bsky.social,,
e8a3d8ee3ef447c79b63dd49b78ce454,2026-02-22T08:00:00Z,2026-02-22T08:09:56Z,auth,auth_enUS_labelerexp,at://did:plc:p2hhevq3w2kxgw3csyailya3/app.bsky.feed.generator/aaafrn54usbj6,suggested_labelerexp,23,at://did:plc:z75za4gxm26tsv6wjdavmk4o/app.bsky.feed.post/3mffp22gup226,bafyreiau2dyytylujeg7moqgvzgzxtxmpcn7yif5veqlkjlczuogbqlhoq,did:plc:z75za4gxm26tsv6wjdavmk4o,captured-oddities.bsky.social,,
e8a3d8ee3ef447c79b63dd49b78ce454,2026-02-22T08:00:00Z,2026-02-22T08:09:56Z,auth,auth_enUS_labelerexp,at://did:plc:p2hhevq3w2kxgw3csyailya3/app.bsky.feed.generator/aaafrn54usbj6,suggested_labelerexp,24,at://did:plc:q6ltvp6yc4sldyv5nnpvqmin/app.bsky.feed.post/3mffkx5vvz223,bafyreidgt2rszheuw4hjiymstltqll4q6h3zt4ec53igwtibcgwko5rz3i,did:plc:q6ltvp6yc4sldyv5nnpvqmin,wordsbysimona.bsky.social,,
e8a3d8ee3ef447c79b63dd49b78ce454,2026-02-22T08:00:00Z,2026-02-22T08:09:56Z,auth,auth_enUS_labelerexp,at://did:plc:p2hhevq3w2kxgw3csyailya3/app.bsky.feed.generator/aaafrn54usbj6,suggested_labelerexp,25,at://did:plc:mrh6k3d4kvngvc6shjnsnm3e/app.bsky.feed.post/3mffjddm3ry2z,bafyreifwgyxmy56y3i4ksyasx475jiumxi5ogw4nodikveh63i2zwjr5pq,did:plc:mrh6k3d4kvngvc6shjnsnm3e,onthisdaybot.bsky.social,,
e8a3d8ee3ef447c79b63dd49b78ce454,2026-02-22T08:00:00Z,2026-02-22T08:09:56Z,auth,auth_enUS_labelerexp,at://did:plc:p2hhevq3w2kxgw3csyailya3/app.bsky.feed.generator/aaafrn54usbj6,suggested_labelerexp,26,at://did:plc:kb3hzw3g5abobjm6ulbwjduc/app.bsky.feed.post/3mffjbhmayk2w,bafyreic7ux4yxgwhyq4zdihziqsxodbxchnmn37ufivhi4xsc2mbmqseiq,did:plc:kb3hzw3g5abobjm6ulbwjduc,bambooshooti.bsky.social,,
e8a3d8ee3ef447c79b63dd49b78ce454,2026-02-22T08:00:00Z,2026-02-22T08:09:56Z,auth,auth_enUS_labelerexp,at://did:plc:p2hhevq3w2kxgw3csyailya3/app.bsky.feed.generator/aaafrn54usbj6,suggested_labelerexp,27,at://did:plc:kb3hzw3g5abobjm6ulbwjduc/app.bsky.feed.post/3mffjbfp2yc2w,bafyreiecqmexjuvymgzsxeni7zq3le3mxlzdjjn7g3a4jgofvul4b6dmgm,did:plc:kb3hzw3g5abobjm6ulbwjduc,bambooshooti.bsky.social,,
e8a3d8ee3ef447c79b63dd49b78ce454,2026-02-22T08:00:00Z,2026-02-22T08:09:56Z,auth,auth_enUS_labelerexp,at://did:plc:p2hhevq3w2kxgw3csyailya3/app.bsky.feed.generator/aaafrn54usbj6,suggested_labelerexp,28,at://did:plc:3uvf42hcwswhxfevopqfibvf/app.bsky.feed.post/3mffhzaud4c2t,bafyreicekel3yn55j6q4pblpbgdam3srthennks45x5myfdw5l7xjybnce,did:plc:3uvf42hcwswhxfevopqfibvf,busterjustis.bsky.social,,
e8a3d8ee3ef447c79b63dd49b78ce454,2026-02-22T08:00:00Z,2026-02-22T08:09:56Z,auth,auth_enUS_labelerexp,at://did:plc:p2hhevq3w2kxgw3csyailya3/app.bsky.feed.generator/aaafrn54usbj6,suggested_labelerexp,29,at://did:plc:7yfndyftbhd2phupw7zczghg/app.bsky.feed.post/3mffh5httkc2m,bafyreiblzioj4r5jbd2e4fg5i6qsh4ppuv7rfca35q44pvik37ddqoplde,did:plc:7yfndyftbhd2phupw7zczghg,ratanvaswani.bsky.social,,
e8a3d8ee3ef447c79b63dd49b78ce454,2026-02-22T08:00:00Z,2026-02-22T08:09:56Z,auth,auth_enUS_labelerexp,at://did:plc:p2hhevq3w2kxgw3csyailya3/app.bsky.feed.generator/aaafrn54usbj6,suggested_labelerexp,30,at://did:plc:gy7yilnydusx5hy2z3dltynp/app.bsky.feed.post/3mffgp3vjzah2,bafyreigrbzybsbisbhlcexzrbfp7gkjumquvrdv67i6yw2jibt6ko2nexe,did:plc:gy7yilnydusx5hy2z3dltynp,vzvzvz.stefanbohacek.online.ap.brid.gy,,
e8a3d8ee3ef447c79b63dd49b78ce454,2026-02-22T08:00:00Z,2026-02-22T08:09:56Z,auth,auth_enUS_labelerexp,at://did:plc:p2hhevq3w2kxgw3csyailya3/app.bsky.feed.generator/aaafrn54usbj6,suggested_labelerexp,31,at://did:plc:zzkyrnsy2s2qfmfh2mldj2e7/app.bsky.feed.post/3mffgf2jcik2c,bafyreiec44gtpegwkpfzys2uvnlchei5lbcma4kf6veilymhj4ryflbz44,did:plc:zzkyrnsy2s2qfmfh2mldj2e7,toskarin.bsky.social,,
e8a3d8ee3ef447c79b63dd49b78ce454,2026-02-22T08:00:00Z,2026-02-22T08:09:56Z,auth,auth_enUS_labelerexp,at://did:plc:p2hhevq3w2kxgw3csyailya3/app.bsky.feed.generator/aaafrn54usbj6,suggested_labelerexp,32,at://did:plc:bdfwmrpqezy3hr3yd77lqwes/app.bsky.feed.post/3mffgauh3fi2f,bafyreibcnh7xvej4b4b76s5no64fuoyqg4gzzyqh3p7rm2q67nb7zj5xia,did:plc:bdfwmrpqezy3hr3yd77lqwes,geopoliticalguy.bsky.social,,
e8a3d8ee3ef447c79b63dd49b78ce454,2026-02-22T08:00:00Z,2026-02-22T08:09:56Z,auth,auth_enUS_labelerexp,at://did:plc:p2hhevq3w2kxgw3csyailya3/app.bsky.feed.generator/aaafrn54usbj6,suggested_labelerexp,33,at://did:plc:ntmpg3z4qglw76m5qafn46lr/app.bsky.feed.post/3mfffywhlck25,bafyreihhyufyp5dumxin4d2p42n4v5ocazpykbwoj4lqbxumj72df7qwv4,did:plc:ntmpg3z4qglw76m5qafn46lr,rubynightthedragon.bsky.social,,
e8a3d8ee3ef447c79b63dd49b78ce454,2026-02-22T08:00:00Z,2026-02-22T08:09:56Z,auth,auth_enUS_labelerexp,at://did:plc:p2hhevq3w2kxgw3csyailya3/app.bsky.feed.generator/aaafrn54usbj6,suggested_labelerexp,34,at://did:plc:suaypzlihvrv43attsbbcnlj/app.bsky.feed.post/3mffffmokvs2j,bafyreiedvlmfv3gejfhm3cojwnnqndge72gy6mwpccqw36e3auvw6maiaa,did:plc:suaypzlihvrv43attsbbcnlj,thepolyglotfox.bsky.social,,
e8a3d8ee3ef447c79b63dd49b78ce454,2026-02-22T08:00:00Z,2026-02-22T08:09:56Z,auth,auth_enUS_labelerexp,at://did:plc:p2hhevq3w2kxgw3csyailya3/app.bsky.feed.generator/aaafrn54usbj6,suggested_labelerexp,35,at://did:plc:hu4wm2xcxyzqorifcr54sk2m/app.bsky.feed.post/3mffff3hm2c24,bafyreibodz5f4h3ro5eo7hjwghtxnavngnr2goue3rdrdesze24fv6i6am,did:plc:hu4wm2xcxyzqorifcr54sk2m,thestrangehouse.bsky.social,,
e8a3d8ee3ef447c79b63dd49b78ce454,2026-02-22T08:00:00Z,2026-02-22T08:09:56Z,auth,auth_enUS_labelerexp,at://did:plc:p2hhevq3w2kxgw3csyailya3/app.bsky.feed.generator/aaafrn54usbj6,suggested_labelerexp,36,at://did:plc:ky75pngiz47rcf25mcpwo53w/app.bsky.feed.post/3mfff727qb22y,bafyreicgmxktfhmsfwkxbrhcscxxq7k7qkoigueujwnmqp2ymg7boowi3e,did:plc:ky75pngiz47rcf25mcpwo53w,wampumrecords.bsky.social,,
e8a3d8ee3ef447c79b63dd49b78ce454,2026-02-22T08:00:00Z,2026-02-22T08:09:56Z,auth,auth_enUS_labelerexp,at://did:plc:p2hhevq3w2kxgw3csyailya3/app.bsky.feed.generator/aaafrn54usbj6,suggested_labelerexp,37,at://did:plc:5fclc5cdghffprp7m2mallal/app.bsky.feed.post/3mffcmt6s2w2s,bafyreic4dyksode2gwnolxu43eqr2n52xqdxb6zhpmzenp6hporqfopopu,did:plc:5fclc5cdghffprp7m2mallal,liamomaraiv.bsky.social,,
e8a3d8ee3ef447c79b63dd49b78ce454,2026-02-22T08:00:00Z,2026-02-22T08:09:56Z,auth,auth_enUS_labelerexp,at://did:plc:p2hhevq3w2kxgw3csyailya3/app.bsky.feed.generator/aaafrn54usbj6,suggested_labelerexp,38,at://did:plc:45qzd2uoeuixtc64wuv6objq/app.bsky.feed.post/3mffbx4elc2h2,bafyreiblamaafnmdbpflger2gihnj4gs2it4cfuoiq2up3p7ec5mhpsqka,did:plc:45qzd2uoeuixtc64wuv6objq,helloworld.stefanbohacek.online.ap.brid.gy,,
e8a3d8ee3ef447c79b63dd49b78ce454,2026-02-22T08:00:00Z,2026-02-22T08:09:56Z,auth,auth_enUS_labelerexp,at://did:plc:p2hhevq3w2kxgw3csyailya3/app.bsky.feed.generator/aaafrn54usbj6,suggested_labelerexp,39,at://did:plc:mrdypvspcvwrbvox75ssxoio/app.bsky.feed.post/3mffb4mg3m22k,bafyreiakqjyfxejunioxyrcxmywcioywmimvqt6ox2evmvpcu6ffcuhmai,did:plc:mrdypvspcvwrbvox75ssxoio,mjhinton.bsky.social,,
e8a3d8ee3ef447c79b63dd49b78ce454,2026-02-22T08:00:00Z,2026-02-22T08:09:56Z,auth,auth_enUS_labelerexp,at://did:plc:p2hhevq3w2kxgw3csyailya3/app.bsky.feed.generator/aaafrn54usbj6,suggested_labelerexp,40,at://did:plc:gaq3z2t2wwovnd6cyldkuf6h/app.bsky.feed.post/3mffastvj2c27,bafyreid5moipwuflr72klmljoe2p5uqxwtt4g4c7b2m7lgm6a7bbcpeb7m,did:plc:gaq3z2t2wwovnd6cyldkuf6h,sschauer.bsky.social,,
e8a3d8ee3ef447c79b63dd49b78ce454,2026-02-22T08:00:00Z,2026-02-22T08:09:56Z,auth,auth_enUS_labelerexp,at://did:plc:p2hhevq3w2kxgw3csyailya3/app.bsky.feed.generator/aaafrn54usbj6,suggested_labelerexp,41,at://did:plc:tdiqrdyba5dpscbohvhzy2hq/app.bsky.feed.post/3mffa7dxe2k2l,bafyreidjrzabjgqt3gu74fjkixf6qacd6fhre6zp522qpyzylfiy5qx36a,did:plc:tdiqrdyba5dpscbohvhzy2hq,realmissyalice.com,,
e8a3d8ee3ef447c79b63dd49b78ce454,2026-02-22T08:00:00Z,2026-02-22T08:09:56Z,auth,auth_enUS_labelerexp,at://did:plc:p2hhevq3w2kxgw3csyailya3/app.bsky.feed.generator/aaafrn54usbj6,suggested_labelerexp,42,at://did:plc:wnfcmxlejyjtr57h7pup7vu5/app.bsky.feed.post/3mffa3agod22i,bafyreid6sjgtbb6bea3vrtcc7cl4jf5t2ucpsb44o7hz6w4ewaudljsylu,did:plc:wnfcmxlejyjtr57h7pup7vu5,vickyloras.bsky.social,,
e8a3d8ee3ef447c79b63dd49b78ce454,2026-02-22T08:00:00Z,2026-02-22T08:09:56Z,auth,auth_enUS_labelerexp,at://did:plc:p2hhevq3w2kxgw3csyailya3/app.bsky.feed.generator/aaafrn54usbj6,suggested_labelerexp,43,at://did:plc:7do666wck4jijte2xofvwobl/app.bsky.feed.post/3mff7ralmtk2m,bafyreifbdcgzngodr4rmv7gwnvk3nfltumlgw35mc6igtgi6a64rvxp46a,did:plc:7do666wck4jijte2xofvwobl,hatulimyafim.bsky.social,,
e8a3d8ee3ef447c79b63dd49b78ce454,2026-02-22T08:00:00Z,2026-02-22T08:09:56Z,auth,auth_enUS_labelerexp,at://did:plc:p2hhevq3w2kxgw3csyailya3/app.bsky.feed.generator/aaafrn54usbj6,suggested_labelerexp,44,at://did:plc:3y4deyn6kw7aehox6e52gt7l/app.bsky.feed.post/3mff4eoftcs24,bafyreiawqbjx54ckjwfilceagyjhhcyoy6njksrpqwqsime3enfq3v2r74,did:plc:3y4deyn6kw7aehox6e52gt7l,democracymatters.bsky.social,,
e8a3d8ee3ef447c79b63dd49b78ce454,2026-02-22T08:00:00Z,2026-02-22T08:09:56Z,auth,auth_enUS_labelerexp,at://did:plc:p2hhevq3w2kxgw3csyailya3/app.bsky.feed.generator/aaafrn54usbj6,suggested_labelerexp,45,at://did:plc:b3qel3lxiz5eb6tx62vzkptu/app.bsky.feed.post/3mff4ekelcay2,bafyreifdehxizu4qyvpusxmn5cgzvukwxvzoz2ghffxeg42hyglb36vwfi,did:plc:b3qel3lxiz5eb6tx62vzkptu,democracymattersalot.mstdn.social.ap.brid.gy,,
e8a3d8ee3ef447c79b63dd49b78ce454,2026-02-22T08:00:00Z,2026-02-22T08:09:56Z,auth,auth_enUS_labelerexp,at://did:plc:p2hhevq3w2kxgw3csyailya3/app.bsky.feed.generator/aaafrn54usbj6,suggested_labelerexp,46,at://did:plc:6fi66zf3lndfxnzluajjymdz/app.bsky.feed.post/3mff45dqg5x2k,bafyreif7cy3jbhdmhrpskad5l4b7iqdyde7umyoyc67co6wxz5fef3lqxm,did:plc:6fi66zf3lndfxnzluajjymdz,ymhc.ngo,,
e8a3d8ee3ef447c79b63dd49b78ce454,2026-02-22T08:00:00Z,2026-02-22T08:09:56Z,auth,auth_enUS_labelerexp,at://did:plc:p2hhevq3w2kxgw3csyailya3/app.bsky.feed.generator/aaafrn54usbj6,suggested_labelerexp,47,at://did:plc:hbdc3q6k5lforao5vyuarvsp/app.bsky.feed.post/3mff3wsn6c52i,bafyreif5ddvvocksjomqi4i525qqvphy36kr5tnpsfbowkq3hncsu5ibom,did:plc:hbdc3q6k5lforao5vyuarvsp,restofworld.org,,
e8a3d8ee3ef447c79b63dd49b78ce454,2026-02-22T08:00:00Z,2026-02-22T08:09:56Z,auth,auth_enUS_labelerexp,at://did:plc:p2hhevq3w2kxgw3csyailya3/app.bsky.feed.generator/aaafrn54usbj6,suggested_labelerexp,48,at://did:plc:5ty4wshj6nqaypom3y55qu4m/app.bsky.feed.post/3mff2lb5byn2c,bafyreiee7fb4gsibzc7unuv2d2gn7imfttlr4wr44lrd5i3upyrehqi7d4,did:plc:5ty4wshj6nqaypom3y55qu4m,sloeful.bsky.social,,
e8a3d8ee3ef447c79b63dd49b78ce454,2026-02-22T08:00:00Z,2026-02-22T08:09:56Z,auth,auth_enUS_labelerexp,at://did:plc:p2hhevq3w2kxgw3csyailya3/app.bsky.feed.generator/aaafrn54usbj6,suggested_labelerexp,49,at://did:plc:fkhmobcaptvlmkwnoogalhex/app.bsky.feed.post/3mfezyolay22g,bafyreiftabutqp773f2crf67pwtuc72fqxb7ob5o6h5bsuw76zbm7y7rbq,did:plc:fkhmobcaptvlmkwnoogalhex,kleanzaconsulting.bsky.social,,
e8a3d8ee3ef447c79b63dd49b78ce454,2026-02-22T08:00:00Z,2026-02-22T08:09:56Z,auth,auth_enUS_labelerexp,at://did:plc:p2hhevq3w2kxgw3csyailya3/app.bsky.feed.generator/aaafrn54usbj6,suggested_labelerexp,50,at://did:plc:fthjx7o3jicrjmebbyuwn6i3/app.bsky.feed.post/3mfezjlvs3s2u,bafyreib7mczejqxtmw3descgi53i5omgqvu4dlbs432zmocaj6anlgvfye,did:plc:fthjx7o3jicrjmebbyuwn6i3,ajaanmark.bsky.social,,
e8a3d8ee3ef447c79b63dd49b78ce454,2026-02-22T08:00:00Z,2026-02-22T08:09:56Z,auth,auth_enUS_labelerexp,at://did:plc:qgy7vt74xmouisyslwm3fgfj/app.bsky.feed.generator/aaaapknzigxfi,suggested_labelerexp,1,at://did:plc:d62vi7uzfjd7i4cu4gsgvzyn/app.bsky.feed.post/3mfgmce6mw22j,bafyreiemcfehzpukqsyqlskxw4rcvhxle6yq5tly2agnkkp4o2cvr3d3ja,did:plc:d62vi7uzfjd7i4cu4gsgvzyn,pangeaua.bsky.social,,
e8a3d8ee3ef447c79b63dd49b78ce454,2026-02-22T08:00:00Z,2026-02-22T08:09:56Z,auth,auth_enUS_labelerexp,at://did:plc:qgy7vt74xmouisyslwm3fgfj/app.bsky.feed.generator/aaaapknzigxfi,suggested_labelerexp,2,at://did:plc:4vgsl5xbfxzr4lp2szjwdo35/app.bsky.feed.post/3mfgku7j4422u,bafyreigniakj3yy32rcg77iu5kbgdesjuipmdatug637irahnsdhbhlg6q,did:plc:4vgsl5xbfxzr4lp2szjwdo35,donate1024.org,,
e8a3d8ee3ef447c79b63dd49b78ce454,2026-02-22T08:00:00Z,2026-02-22T08:09:56Z,auth,auth_enUS_labelerexp,at://did:plc:qgy7vt74xmouisyslwm3fgfj/app.bsky.feed.generator/aaaapknzigxfi,suggested_labelerexp,3,at://did:plc:xqlb77y3ht2laltvzs7oso6w/app.bsky.feed.post/3mfgiuwrnia2d,bafyreiab5o7rtnopsczszt666asds5yldbcnidnjz2s7sot6ogrm6lu2hy,did:plc:xqlb77y3ht2laltvzs7oso6w,monitor.bsky.social,,
e8a3d8ee3ef447c79b63dd49b78ce454,2026-02-22T08:00:00Z,2026-02-22T08:09:56Z,auth,auth_enUS_labelerexp,at://did:plc:qgy7vt74xmouisyslwm3fgfj/app.bsky.feed.generator/aaaapknzigxfi,suggested_labelerexp,4,at://did:plc:mkbtimara5yrxs5a47qw6hvd/app.bsky.feed.post/3mffx5vydtk2q,bafyreiagz3ejowzpzmvvhybca2wbqcmkyoxzaesw2btho3r4uo7wndp72u,did:plc:mkbtimara5yrxs5a47qw6hvd,tootswoot.bsky.social,,
e8a3d8ee3ef447c79b63dd49b78ce454,2026-02-22T08:00:00Z,2026-02-22T08:09:56Z,auth,auth_enUS_labelerexp,at://did:plc:qgy7vt74xmouisyslwm3fgfj/app.bsky.feed.generator/aaaapknzigxfi,suggested_labelerexp,5,at://did:plc:g4xpehdi2ju26tyaodu6wn3q/app.bsky.feed.post/3mffwlujgnc27,bafyreiegsq6bncpziwuzwue2p6ljkbksnrxn3b4slcbw3ryeqeu2qiooeq,did:plc:g4xpehdi2ju26tyaodu6wn3q,loisacelane.bsky.social,,
e8a3d8ee3ef447c79b63dd49b78ce454,2026-02-22T08:00:00Z,2026-02-22T08:09:56Z,auth,auth_enUS_labelerexp,at://did:plc:qgy7vt74xmouisyslwm3fgfj/app.bsky.feed.generator/aaaapknzigxfi,suggested_labelerexp,6,at://did:plc:g4xpehdi2ju26tyaodu6wn3q/app.bsky.feed.post/3mffwgsonws27,bafyreigpujwtr7xnhfopjlvs2lmju7nw75uqcpdbohhcskrhm7hr53h57m,did:plc:g4xpehdi2ju26tyaodu6wn3q,loisacelane.bsky.social,,
e8a3d8ee3ef447c79b63dd49b78ce454,2026-02-22T08:00:00Z,2026-02-22T08:09:56Z,auth,auth_enUS_labelerexp,at://did:plc:qgy7vt74xmouisyslwm3fgfj/app.bsky.feed.generator/aaaapknzigxfi,suggested_labelerexp,7,at://did:plc:g4xpehdi2ju26tyaodu6wn3q/app.bsky.feed.post/3mffwdcgzd227,bafyreieno7rsb3sq62eqpu6s4zbg5uyt67rxbzwmury3nmdp3zlsl6izra,did:plc:g4xpehdi2ju26tyaodu6wn3q,loisacelane.bsky.social,,
e8a3d8ee3ef447c79b63dd49b78ce454,2026-02-22T08:00:00Z,2026-02-22T08:09:56Z,auth,auth_enUS_labelerexp,at://did:plc:qgy7vt74xmouisyslwm3fgfj/app.bsky.feed.generator/aaaapknzigxfi,suggested_labelerexp,8,at://did:plc:mkbtimara5yrxs5a47qw6hvd/app.bsky.feed.post/3mfftf5ja4c2q,bafyreiadbqkh4w5oysuhy2k3eczkzpch5hfvcl6a56nwyg67n3vywog4k4,did:plc:mkbtimara5yrxs5a47qw6hvd,tootswoot.bsky.social,,
e8a3d8ee3ef447c79b63dd49b78ce454,2026-02-22T08:00:00Z,2026-02-22T08:09:56Z,auth,auth_enUS_labelerexp,at://did:plc:qgy7vt74xmouisyslwm3fgfj/app.bsky.feed.generator/aaaapknzigxfi,suggested_labelerexp,9,at://did:plc:qouz6smplczwlwizp272xomz/app.bsky.feed.post/3mffqs5s6422c,bafyreiemhwzxe4hc3wzjnpuxemgc3i424hc4xodouz57frzvs4u3pfqj4a,did:plc:qouz6smplczwlwizp272xomz,cameliaab.bsky.social,,
e8a3d8ee3ef447c79b63dd49b78ce454,2026-02-22T08:00:00Z,2026-02-22T08:09:56Z,auth,auth_enUS_labelerexp,at://did:plc:qgy7vt74xmouisyslwm3fgfj/app.bsky.feed.generator/aaaapknzigxfi,suggested_labelerexp,10,at://did:plc:tsix4scvgfvre3vr62xyj4v2/app.bsky.feed.post/3mffqhvugcc2o,bafyreie35xvfvk3gaczoge2o5cujuk2bruwwphr7czvw4zjnrzswmysgny,did:plc:tsix4scvgfvre3vr62xyj4v2,teamyuri.bsky.social,,
e8a3d8ee3ef447c79b63dd49b78ce454,2026-02-22T08:00:00Z,2026-02-22T08:09:56Z,auth,auth_enUS_labelerexp,at://did:plc:qgy7vt74xmouisyslwm3fgfj/app.bsky.feed.generator/aaaapknzigxfi,suggested_labelerexp,11,at://did:plc:f2jpyuvyw4wvhz46tstl66be/app.bsky.feed.post/3mffqhu32ec2m,bafyreiglkh7425wmexmtfenk7nc3kckzdsm3qutfxa7mtpygv4aikmsuhy,did:plc:f2jpyuvyw4wvhz46tstl66be,moxiepassion.bsky.social,,
e8a3d8ee3ef447c79b63dd49b78ce454,2026-02-22T08:00:00Z,2026-02-22T08:09:56Z,auth,auth_enUS_labelerexp,at://did:plc:qgy7vt74xmouisyslwm3fgfj/app.bsky.feed.generator/aaaapknzigxfi,suggested_labelerexp,12,at://did:plc:f2jpyuvyw4wvhz46tstl66be/app.bsky.feed.post/3mffqanm6bc2m,bafyreicrtvlteihoic2cqrtn5q6hp4mwxtljplofxtl4b2bj4y6igijuze,did:plc:f2jpyuvyw4wvhz46tstl66be,moxiepassion.bsky.social,,
e8a3d8ee3ef447c79b63dd49b78ce454,2026-02-22T08:00:00Z,2026-02-22T08:09:56Z,auth,auth_enUS_labelerexp,at://did:plc:qgy7vt74xmouisyslwm3fgfj/app.bsky.feed.generator/aaaapknzigxfi,suggested_labelerexp,13,at://did:plc:g4xpehdi2ju26tyaodu6wn3q/app.bsky.feed.post/3mffp6hbcqs2u,bafyreibytzitcbc47rnadvs6ohcytu2uocepsfqyrpjhifadfauw5xxboy,did:plc:g4xpehdi2ju26tyaodu6wn3q,loisacelane.bsky.social,,
e8a3d8ee3ef447c79b63dd49b78ce454,2026-02-22T08:00:00Z,2026-02-22T08:09:56Z,auth,auth_enUS_labelerexp,at://did:plc:qgy7vt74xmouisyslwm3fgfj/app.bsky.feed.generator/aaaapknzigxfi,suggested_labelerexp,14,at://did:plc:g4xpehdi2ju26tyaodu6wn3q/app.bsky.feed.post/3mffp2g2gds2u,bafyreibemigvcpaka742m4huzg5q45ja75xgq7rnfgdc62mupclkmvz5mi,did:plc:g4xpehdi2ju26tyaodu6wn3q,loisacelane.bsky.social,,
e8a3d8ee3ef447c79b63dd49b78ce454,2026-02-22T08:00:00Z,2026-02-22T08:09:56Z,auth,auth_enUS_labelerexp,at://did:plc:qgy7vt74xmouisyslwm3fgfj/app.bsky.feed.generator/aaaapknzigxfi,suggested_labelerexp,15,at://did:plc:g4xpehdi2ju26tyaodu6wn3q/app.bsky.feed.post/3mffoykdhxc2u,bafyreid6h4xh7kv2xalgncmkyjhm56oxc5ksfu4wqpntv4veqna6kgwu4u,did:plc:g4xpehdi2ju26tyaodu6wn3q,loisacelane.bsky.social,,
e8a3d8ee3ef447c79b63dd49b78ce454,2026-02-22T08:00:00Z,2026-02-22T08:09:56Z,auth,auth_enUS_labelerexp,at://did:plc:qgy7vt74xmouisyslwm3fgfj/app.bsky.feed.generator/aaaapknzigxfi,suggested_labelerexp,16,at://did:plc:ayk46j3mkly72xolsxzotqtg/app.bsky.feed.post/3mffner7rac2p,bafyreihfq6ty3w7tluv3t3qjofmjziphcdqakrlob5bs26nr4r4s2l4o2e,did:plc:ayk46j3mkly72xolsxzotqtg,lowsound17.bsky.social,,
e8a3d8ee3ef447c79b63dd49b78ce454,2026-02-22T08:00:00Z,2026-02-22T08:09:56Z,auth,auth_enUS_labelerexp,at://did:plc:qgy7vt74xmouisyslwm3fgfj/app.bsky.feed.generator/aaaapknzigxfi,suggested_labelerexp,17,at://did:plc:mgyb3ygtsa2aiz46ujcl6umh/app.bsky.feed.post/3mfflcko5q22t,bafyreifr6d25pam275ayb5iohox3yl5wrue2surzmgv2nn27x2wd5wbdhi,did:plc:mgyb3ygtsa2aiz46ujcl6umh,anhelina.bsky.social,,
e8a3d8ee3ef447c79b63dd49b78ce454,2026-02-22T08:00:00Z,2026-02-22T08:09:56Z,auth,auth_enUS_labelerexp,at://did:plc:qgy7vt74xmouisyslwm3fgfj/app.bsky.feed.generator/aaaapknzigxfi,suggested_labelerexp,18,at://did:plc:7t5tqm34c7sh6h5m2lewufeo/app.bsky.feed.post/3mffjjgn3i22f,bafyreifzqxvaffs6v537l52hqgw3lfijugyyyvdnam6zabwknwx3kci5hi,did:plc:7t5tqm34c7sh6h5m2lewufeo,yourcalmness.bsky.social,,
e8a3d8ee3ef447c79b63dd49b78ce454,2026-02-22T08:00:00Z,2026-02-22T08:09:56Z,auth,auth_enUS_labelerexp,at://did:plc:qgy7vt74xmouisyslwm3fgfj/app.bsky.feed.generator/aaaapknzigxfi,suggested_labelerexp,19,at://did:plc:hlluibac2baczfx2uwkymcpk/app.bsky.feed.post/3mffjfatjpk2z,bafyreidhltxjnhqs4gejwepnhd7gnmpq7nhdescobhzu5jbhnihgdqknyu,did:plc:hlluibac2baczfx2uwkymcpk,wolfytoine.bsky.social,,
e8a3d8ee3ef447c79b63dd49b78ce454,2026-02-22T08:00:00Z,2026-02-22T08:09:56Z,auth,auth_enUS_labelerexp,at://did:plc:qgy7vt74xmouisyslwm3fgfj/app.bsky.feed.generator/aaaapknzigxfi,suggested_labelerexp,20,at://did:plc:xj527xk2osg6nu3hbrawfptz/app.bsky.feed.post/3mffj2366qc2y,bafyreibbe5wupcekjfl7ix3pwk3gda6erc57qmbauruqceddhqf6xvyjou,did:plc:xj527xk2osg6nu3hbrawfptz,50states-4-ukraine.bsky.social,,
e8a3d8ee3ef447c79b63dd49b78ce454,2026-02-22T08:00:00Z,2026-02-22T08:09:56Z,auth,auth_enUS_labelerexp,at://did:plc:qgy7vt74xmouisyslwm3fgfj/app.bsky.feed.generator/aaaapknzigxfi,suggested_labelerexp,21,at://did:plc:mkbtimara5yrxs5a47qw6hvd/app.bsky.feed.post/3mffffhvpck2g,bafyreiad4svuvij2koygcdvhp3bfgjs7db2qb4ttqek627c3w6iazipdte,did:plc:mkbtimara5yrxs5a47qw6hvd,tootswoot.bsky.social,,
e8a3d8ee3ef447c79b63dd49b78ce454,2026-02-22T08:00:00Z,2026-02-22T08:09:56Z,auth,auth_enUS_labelerexp,at://did:plc:qgy7vt74xmouisyslwm3fgfj/app.bsky.feed.generator/aaaapknzigxfi,suggested_labelerexp,22,at://did:plc:mkbtimara5yrxs5a47qw6hvd/app.bsky.feed.post/3mffenl2cg22g,bafyreigz4abba5yc5ouwo6ubex5myogsal34sebu6zyj322pntrkob5bci,did:plc:mkbtimara5yrxs5a47qw6hvd,tootswoot.bsky.social,,
e8a3d8ee3ef447c79b63dd49b78ce454,2026-02-22T08:00:00Z,2026-02-22T08:09:56Z,auth,auth_enUS_labelerexp,at://did:plc:qgy7vt74xmouisyslwm3fgfj/app.bsky.feed.generator/aaaapknzigxfi,suggested_labelerexp,23,at://did:plc:g4xpehdi2ju26tyaodu6wn3q/app.bsky.feed.post/3mffcjk2q222f,bafyreigblvkxs4pyq43k5ihpjaizhvlnhwan7ie2terrtl7alhofq3m6yy,did:plc:g4xpehdi2ju26tyaodu6wn3q,loisacelane.bsky.social,,
e8a3d8ee3ef447c79b63dd49b78ce454,2026-02-22T08:00:00Z,2026-02-22T08:09:56Z,auth,auth_enUS_labelerexp,at://did:plc:qgy7vt74xmouisyslwm3fgfj/app.bsky.feed.generator/aaaapknzigxfi,suggested_labelerexp,24,at://did:plc:g4xpehdi2ju26tyaodu6wn3q/app.bsky.feed.post/3mffcgmwfwc2f,bafyreidgjy5ic6ftbmknqmbcsjvmdaf6oc3yzxz6ct6xr33iiwzxd5a2ya,did:plc:g4xpehdi2ju26tyaodu6wn3q,loisacelane.bsky.social,,
e8a3d8ee3ef447c79b63dd49b78ce454,2026-02-22T08:00:00Z,2026-02-22T08:09:56Z,auth,auth_enUS_labelerexp,at://did:plc:qgy7vt74xmouisyslwm3fgfj/app.bsky.feed.generator/aaaapknzigxfi,suggested_labelerexp,25,at://did:plc:tnj3jgp7incytukydchorvs3/app.bsky.feed.post/3mffc2j3ij22l,bafyreiaznnwouvfkxic4iqnc6u33i7vs7nwyrxz3oaptonpuqdqswp7bh4,did:plc:tnj3jgp7incytukydchorvs3,elllilili.bsky.social,,
e8a3d8ee3ef447c79b63dd49b78ce454,2026-02-22T08:00:00Z,2026-02-22T08:09:56Z,auth,auth_enUS_labelerexp,at://did:plc:qgy7vt74xmouisyslwm3fgfj/app.bsky.feed.generator/aaaapknzigxfi,suggested_labelerexp,26,at://did:plc:grdwwfscb3mdzzhvah7yfanq/app.bsky.feed.post/3mffbxm44ls2q,bafyreibgmymioyjremfwmmpc2ilatxst4qcamhbyqr6zwep3npt3e3ihzy,did:plc:grdwwfscb3mdzzhvah7yfanq,ponadusemkua.bsky.social,,
e8a3d8ee3ef447c79b63dd49b78ce454,2026-02-22T08:00:00Z,2026-02-22T08:09:56Z,auth,auth_enUS_labelerexp,at://did:plc:qgy7vt74xmouisyslwm3fgfj/app.bsky.feed.generator/aaaapknzigxfi,suggested_labelerexp,27,at://did:plc:kyvkxl7gsxor2oj3gjfnv4ns/app.bsky.feed.post/3mffa6bxofc2e,bafyreiawndvtokfqfql3hithqweoy2jyrcvexatbu6vqpjkbonq2tuewuy,did:plc:kyvkxl7gsxor2oj3gjfnv4ns,oksii33.ukr.monster,,
e8a3d8ee3ef447c79b63dd49b78ce454,2026-02-22T08:00:00Z,2026-02-22T08:09:56Z,auth,auth_enUS_labelerexp,at://did:plc:qgy7vt74xmouisyslwm3fgfj/app.bsky.feed.generator/aaaapknzigxfi,suggested_labelerexp,28,at://did:plc:g4xpehdi2ju26tyaodu6wn3q/app.bsky.feed.post/3mff6dxdcts2f,bafyreiggqnfs7kvgzknqb6fsdklddd3iyou4syr4v6tgq7cubdamfmnfaq,did:plc:g4xpehdi2ju26tyaodu6wn3q,loisacelane.bsky.social,,
e8a3d8ee3ef447c79b63dd49b78ce454,2026-02-22T08:00:00Z,2026-02-22T08:09:56Z,auth,auth_enUS_labelerexp,at://did:plc:qgy7vt74xmouisyslwm3fgfj/app.bsky.feed.generator/aaaapknzigxfi,suggested_labelerexp,29,at://did:plc:g4xpehdi2ju26tyaodu6wn3q/app.bsky.feed.post/3mff67fiylc2f,bafyreieazzzljqpc3ouuismymtpzuogioxdlev3mujkzyeozgpeu6sceou,did:plc:g4xpehdi2ju26tyaodu6wn3q,loisacelane.bsky.social,,
e8a3d8ee3ef447c79b63dd49b78ce454,2026-02-22T08:00:00Z,2026-02-22T08:09:56Z,auth,auth_enUS_labelerexp,at://did:plc:qgy7vt74xmouisyslwm3fgfj/app.bsky.feed.generator/aaaapknzigxfi,suggested_labelerexp,30,at://did:plc:zd7igq4lvvrssqc6ua76jyza/app.bsky.feed.post/3mff5wwivqk2l,bafyreifobjtbiriaxodd7jwsxz7sarxfhlxo32nkjha6jlsk75yr75edom,did:plc:zd7igq4lvvrssqc6ua76jyza,nicknafo.bsky.social,,
e8a3d8ee3ef447c79b63dd49b78ce454,2026-02-22T08:00:00Z,2026-02-22T08:09:56Z,auth,auth_enUS_labelerexp,at://did:plc:qgy7vt74xmouisyslwm3fgfj/app.bsky.feed.generator/aaaapknzigxfi,suggested_labelerexp,31,at://did:plc:grdwwfscb3mdzzhvah7yfanq/app.bsky.feed.post/3mff5grtv422f,bafyreid42ch72n5g5icxkh3eej7lxo7ffkdeduplwzv3ksjzzkgf66rj74,did:plc:grdwwfscb3mdzzhvah7yfanq,ponadusemkua.bsky.social,,
e8a3d8ee3ef447c79b63dd49b78ce454,2026-02-22T08:00:00Z,2026-02-22T08:09:56Z,auth,auth_enUS_labelerexp,at://did:plc:qgy7vt74xmouisyslwm3fgfj/app.bsky.feed.generator/aaaapknzigxfi,suggested_labelerexp,32,at://did:plc:g4xpehdi2ju26tyaodu6wn3q/app.bsky.feed.post/3mff35dl2ic2y,bafyreigmktdlyxd3laskjv6c2ul7cv4dthfboglljt3hjvvlesvq2oyxhy,did:plc:g4xpehdi2ju26tyaodu6wn3q,loisacelane.bsky.social,,
e8a3d8ee3ef447c79b63dd49b78ce454,2026-02-22T08:00:00Z,2026-02-22T08:09:56Z,auth,auth_enUS_labelerexp,at://did:plc:qgy7vt74xmouisyslwm3fgfj/app.bsky.feed.generator/aaaapknzigxfi,suggested_labelerexp,33,at://did:plc:ofm6qv5ocvwe6szn2mnq7yg4/app.bsky.feed.post/3mff2dcifdk2c,bafyreihuff7rtji3yglpplwco2gy3zfnboyexxyhjors3tdqnbou5dzn7q,did:plc:ofm6qv5ocvwe6szn2mnq7yg4,maksymeristavi.com,,
e8a3d8ee3ef447c79b63dd49b78ce454,2026-02-22T08:00:00Z,2026-02-22T08:09:56Z,auth,auth_enUS_labelerexp,at://did:plc:qgy7vt74xmouisyslwm3fgfj/app.bsky.feed.generator/aaaapknzigxfi,suggested_labelerexp,34,at://did:plc:uurbqolmugmtepoblpmfdphz/app.bsky.feed.post/3mfextvh7u22n,bafyreie4ptvzdafo6jea7siiqbvhhvnznpcvlbk4yjq725yyd7vd22tn2e,did:plc:uurbqolmugmtepoblpmfdphz,4ukr.bsky.social,,
e8a3d8ee3ef447c79b63dd49b78ce454,2026-02-22T08:00:00Z,2026-02-22T08:09:56Z,auth,auth_enUS_labelerexp,at://did:plc:qgy7vt74xmouisyslwm3fgfj/app.bsky.feed.generator/aaaapknzigxfi,suggested_labelerexp,35,at://did:plc:qouz6smplczwlwizp272xomz/app.bsky.feed.post/3mfewbk6w622e,bafyreiaqkd3h6nhid7wdpdhlrvqaqwhoibw5fcs5ztexwmxbetcm3jqwba,did:plc:qouz6smplczwlwizp272xomz,cameliaab.bsky.social,,
e8a3d8ee3ef447c79b63dd49b78ce454,2026-02-22T08:00:00Z,2026-02-22T08:09:56Z,auth,auth_enUS_labelerexp,at://did:plc:qgy7vt74xmouisyslwm3fgfj/app.bsky.feed.generator/aaaapknzigxfi,suggested_labelerexp,36,at://did:plc:grdwwfscb3mdzzhvah7yfanq/app.bsky.feed.post/3mfew5js7nk2y,bafyreiftiekkp4vsjbakifgyz5v63ou26r6o5ybceoza64tdoiobcecbm4,did:plc:grdwwfscb3mdzzhvah7yfanq,ponadusemkua.bsky.social,,
e8a3d8ee3ef447c79b63dd49b78ce454,2026-02-22T08:00:00Z,2026-02-22T08:09:56Z,auth,auth_enUS_labelerexp,at://did:plc:qgy7vt74xmouisyslwm3fgfj/app.bsky.feed.generator/aaaapknzigxfi,suggested_labelerexp,37,at://did:plc:ebd7xjl2vvln3p722hzd2ve4/app.bsky.feed.post/3mfevfx7r4s24,bafyreiar22fravd6iqisentqqdwqv2fhcw3lctkaj4e4y63zg5dtoggc5i,did:plc:ebd7xjl2vvln3p722hzd2ve4,olgapatluyk.bsky.social,,
e8a3d8ee3ef447c79b63dd49b78ce454,2026-02-22T08:00:00Z,2026-02-22T08:09:56Z,auth,auth_enUS_labelerexp,at://did:plc:qgy7vt74xmouisyslwm3fgfj/app.bsky.feed.generator/aaaapknzigxfi,suggested_labelerexp,38,at://did:plc:tnj3jgp7incytukydchorvs3/app.bsky.feed.post/3mferzki5t22h,bafyreieykk6tzwoabxrmldz46df72xfkzw3gmnw3aklzjizd77sbebanlq,did:plc:tnj3jgp7incytukydchorvs3,elllilili.bsky.social,,
e8a3d8ee3ef447c79b63dd49b78ce454,2026-02-22T08:00:00Z,2026-02-22T08:09:56Z,auth,auth_enUS_labelerexp,at://did:plc:qgy7vt74xmouisyslwm3fgfj/app.bsky.feed.generator/aaaapknzigxfi,suggested_labelerexp,39,at://did:plc:ayk46j3mkly72xolsxzotqtg/app.bsky.feed.post/3mferyv427s2x,bafyreihtpaz6pcsn77k2yigzjqwsflyy5xnizyl6q5wpblxj7ig3ympjlq,did:plc:ayk46j3mkly72xolsxzotqtg,lowsound17.bsky.social,,
e8a3d8ee3ef447c79b63dd49b78ce454,2026-02-22T08:00:00Z,2026-02-22T08:09:56Z,auth,auth_enUS_labelerexp,at://did:plc:qgy7vt74xmouisyslwm3fgfj/app.bsky.feed.generator/aaaapknzigxfi,suggested_labelerexp,40,at://did:plc:d65o5iyazufqpwij6uoknzst/app.bsky.feed.post/3mfemkt3ylc2n,bafyreidwtivpdvq7p4fwplfjctwxjozcehkpfpeo5epti37oircmaz5gne,did:plc:d65o5iyazufqpwij6uoknzst,elfinvee.bsky.social,,
e8a3d8ee3ef447c79b63dd49b78ce454,2026-02-22T08:00:00Z,2026-02-22T08:09:56Z,auth,auth_enUS_labelerexp,at://did:plc:qgy7vt74xmouisyslwm3fgfj/app.bsky.feed.generator/aaaapknzigxfi,suggested_labelerexp,41,at://did:plc:tsix4scvgfvre3vr62xyj4v2/app.bsky.feed.post/3mfel3bnqmk2k,bafyreienqu4gghxyo7a4g5zai7keb2wyy5nlgd7oizjv6aau4fzks5ah6e,did:plc:tsix4scvgfvre3vr62xyj4v2,teamyuri.bsky.social,,
e8a3d8ee3ef447c79b63dd49b78ce454,2026-02-22T08:00:00Z,2026-02-22T08:09:56Z,auth,auth_enUS_labelerexp,at://did:plc:qgy7vt74xmouisyslwm3fgfj/app.bsky.feed.generator/aaaapknzigxfi,suggested_labelerexp,42,at://did:plc:shlbgs7b5bgmtxrj4cjh3rq4/app.bsky.feed.post/3mfekthbvpk2x,bafyreih3nwxvgaird2eicdto6oummq6d3c7orf2xertbno3h7pbky42dj4,did:plc:shlbgs7b5bgmtxrj4cjh3rq4,mahnfinger.bsky.social,,
e8a3d8ee3ef447c79b63dd49b78ce454,2026-02-22T08:00:00Z,2026-02-22T08:09:56Z,auth,auth_enUS_labelerexp,at://did:plc:qgy7vt74xmouisyslwm3fgfj/app.bsky.feed.generator/aaaapknzigxfi,suggested_labelerexp,43,at://did:plc:ayk46j3mkly72xolsxzotqtg/app.bsky.feed.post/3mfejxi4ifc25,bafyreid2rrwm7jajde4hx6qphaj6acm5myj5pzvbntnlrkmh2tk3wyrlcy,did:plc:ayk46j3mkly72xolsxzotqtg,lowsound17.bsky.social,,
e8a3d8ee3ef447c79b63dd49b78ce454,2026-02-22T08:00:00Z,2026-02-22T08:09:56Z,auth,auth_enUS_labelerexp,at://did:plc:qgy7vt74xmouisyslwm3fgfj/app.bsky.feed.generator/aaaapknzigxfi,suggested_labelerexp,44,at://did:plc:ohwl234w6iwuo3egddq3v2mu/app.bsky.feed.post/3mfegvj5p7s2y,bafyreibg3rl4pu4oazn32c7zjnvdfqrok42obwl3gw72asp4pnrvxndc3e,did:plc:ohwl234w6iwuo3egddq3v2mu,j-hrum.bsky.social,,
e8a3d8ee3ef447c79b63dd49b78ce454,2026-02-22T08:00:00Z,2026-02-22T08:09:56Z,auth,auth_enUS_labelerexp,at://did:plc:qgy7vt74xmouisyslwm3fgfj/app.bsky.feed.generator/aaaapknzigxfi,suggested_labelerexp,45,at://did:plc:hdzmjn6zmro67pfjcilz5uhn/app.bsky.feed.post/3mfegk3ikp22h,bafyreidxbypf6g5owkfw6c3uopzysxtr7urebsxjod5vh6kojekahd47mq,did:plc:hdzmjn6zmro67pfjcilz5uhn,mangua.bsky.social,,
e8a3d8ee3ef447c79b63dd49b78ce454,2026-02-22T08:00:00Z,2026-02-22T08:09:56Z,auth,auth_enUS_labelerexp,at://did:plc:qgy7vt74xmouisyslwm3fgfj/app.bsky.feed.generator/aaaapknzigxfi,suggested_labelerexp,46,at://did:plc:xc6l26an4tbqizr4fdnygs5d/app.bsky.feed.post/3mfeev5qeh22q,bafyreigdnhm67mjfeu4i2v7s7h7vfvyl2zwg76nlhwbmm4vff7tphvb56i,did:plc:xc6l26an4tbqizr4fdnygs5d,ayder.bsky.social,,
e8a3d8ee3ef447c79b63dd49b78ce454,2026-02-22T08:00:00Z,2026-02-22T08:09:56Z,auth,auth_enUS_labelerexp,at://did:plc:qgy7vt74xmouisyslwm3fgfj/app.bsky.feed.generator/aaaapknzigxfi,suggested_labelerexp,47,at://did:plc:ehfrxh5oafz4xiqekfya3ha2/app.bsky.feed.post/3mfedv43ulk2a,bafyreigy7m754jzgysuagflcfamy3ibxzmtiwrlwnecvvc24d2rzf4k6x4,did:plc:ehfrxh5oafz4xiqekfya3ha2,petrenkoandryi.bsky.social,,
e8a3d8ee3ef447c79b63dd49b78ce454,2026-02-22T08:00:00Z,2026-02-22T08:09:56Z,auth,auth_enUS_labelerexp,at://did:plc:qgy7vt74xmouisyslwm3fgfj/app.bsky.feed.generator/aaaapknzigxfi,suggested_labelerexp,48,at://did:plc:47u2uyclcumfzk5ofix5sehj/app.bsky.feed.post/3mfed7rffoc23,bafyreidav4w2qk2lgsu37fgds7mk3lve2tqoexm5venqc47icmiqeaqbfy,did:plc:47u2uyclcumfzk5ofix5sehj,sbk1301.bsky.social,,
e8a3d8ee3ef447c79b63dd49b78ce454,2026-02-22T08:00:00Z,2026-02-22T08:09:56Z,auth,auth_enUS_labelerexp,at://did:plc:qgy7vt74xmouisyslwm3fgfj/app.bsky.feed.generator/aaaapknzigxfi,suggested_labelerexp,49,at://did:plc:tnj3jgp7incytukydchorvs3/app.bsky.feed.post/3mfeb4jk7js2u,bafyreicgnzgygywkmh5x66t6zf5l43r3de3kjklnqj6mcuxpjz65jhwdsi,did:plc:tnj3jgp7incytukydchorvs3,elllilili.bsky.social,,
e8a3d8ee3ef447c79b63dd49b78ce454,2026-02-22T08:00:00Z,2026-02-22T08:09:56Z,auth,auth_enUS_labelerexp,at://did:plc:qgy7vt74xmouisyslwm3fgfj/app.bsky.feed.generator/aaaapknzigxfi,suggested_labelerexp,50,at://did:plc:4vgsl5xbfxzr4lp2szjwdo35/app.bsky.feed.post/3mfe2fbxwxc22,bafyreic3q4isvvynjpxun7nzauckrltlf664ixzpfspnc7j3owwvj5b734,did:plc:4vgsl5xbfxzr4lp2szjwdo35,donate1024.org,,
e8a3d8ee3ef447c79b63dd49b78ce454,2026-02-22T08:00:00Z,2026-02-22T08:09:57Z,auth,auth_enUS_labelerexp,at://did:plc:tenurhgjptubkk5zf5qhi3og/app.bsky.feed.generator/catch-up,suggested_labelerexp,1,at://did:plc:ov6zd7risdplxvivxmpsu5eu/app.bsky.feed.post/3mffpzjwnkc2d,bafyreig6tvxw7uulrb3tpzjlvoxkgaswsytm5563v5lsqjqtnhi5ss3wde,did:plc:ov6zd7risdplxvivxmpsu5eu,logicallyjc.bsky.social,,
e8a3d8ee3ef447c79b63dd49b78ce454,2026-02-22T08:00:00Z,2026-02-22T08:09:57Z,auth,auth_enUS_labelerexp,at://did:plc:tenurhgjptubkk5zf5qhi3og/app.bsky.feed.generator/catch-up,suggested_labelerexp,2,at://did:plc:x4g4laxkmsrczwvnvbbgsm7g/app.bsky.feed.post/3mffgfzxxf22n,bafyreifyv62jefwh73ankutcazkluuqmedjn4qjuujuoppbsdgbjigob2m,did:plc:x4g4laxkmsrczwvnvbbgsm7g,muellershewrote.com,,
e8a3d8ee3ef447c79b63dd49b78ce454,2026-02-22T08:00:00Z,2026-02-22T08:09:57Z,auth,auth_enUS_labelerexp,at://did:plc:tenurhgjptubkk5zf5qhi3og/app.bsky.feed.generator/catch-up,suggested_labelerexp,3,at://did:plc:222rnvnta2lbl364bog2plxw/app.bsky.feed.post/3mfftq3mymk26,bafyreidhsgimg2xv2zo5qt5m6npijfgnffutt575ozvnpqkldrmhrvpjem,did:plc:222rnvnta2lbl364bog2plxw,maxberger.bsky.social,,
e8a3d8ee3ef447c79b63dd49b78ce454,2026-02-22T08:00:00Z,2026-02-22T08:09:57Z,auth,auth_enUS_labelerexp,at://did:plc:tenurhgjptubkk5zf5qhi3og/app.bsky.feed.generator/catch-up,suggested_labelerexp,4,at://did:plc:4lx6nur5wstwoc4wtgj56kyu/app.bsky.feed.post/3mfenik23bk2x,bafyreiajxitoqixjlwksmiqa3dirfdbhon2vhqk7yt7vs5bebvo326q35m,did:plc:4lx6nur5wstwoc4wtgj56kyu,gtconway.bsky.social,,
e8a3d8ee3ef447c79b63dd49b78ce454,2026-02-22T08:00:00Z,2026-02-22T08:09:57Z,auth,auth_enUS_labelerexp,at://did:plc:tenurhgjptubkk5zf5qhi3og/app.bsky.feed.generator/catch-up,suggested_labelerexp,5,at://did:plc:vocg5apjrlm7dfptvy6qbrfy/app.bsky.feed.post/3mff6h7szuk2r,bafyreidgmum52tnpnoufkr3bkwlgwftv6tmdjxj3yhqm7zpwncx74mwtwe,did:plc:vocg5apjrlm7dfptvy6qbrfy,briantylercohen.bsky.social,,
e8a3d8ee3ef447c79b63dd49b78ce454,2026-02-22T08:00:00Z,2026-02-22T08:09:57Z,auth,auth_enUS_labelerexp,at://did:plc:tenurhgjptubkk5zf5qhi3og/app.bsky.feed.generator/catch-up,suggested_labelerexp,6,at://did:plc:c7ozmxoc5b2ky4iam2o36uic/app.bsky.feed.post/3mffmmxf5ys24,bafyreihpajr3l6kchkkzd57q5yaz75mddmvsmg5xlwz7kv25nv4zpo7t2a,did:plc:c7ozmxoc5b2ky4iam2o36uic,radleybalko.bsky.social,,
e8a3d8ee3ef447c79b63dd49b78ce454,2026-02-22T08:00:00Z,2026-02-22T08:09:57Z,auth,auth_enUS_labelerexp,at://did:plc:tenurhgjptubkk5zf5qhi3og/app.bsky.feed.generator/catch-up,suggested_labelerexp,7,at://did:plc:t6ubj2wlhc34awzcymh3qpur/app.bsky.feed.post/3mfevu54h622r,bafyreigzhvmqxktlpefiqj6v4jctt7h6lclfoj5yz3cxwenxbamd6ih3hm,did:plc:t6ubj2wlhc34awzcymh3qpur,ronfilipkowski.bsky.social,,
e8a3d8ee3ef447c79b63dd49b78ce454,2026-02-22T08:00:00Z,2026-02-22T08:09:57Z,auth,auth_enUS_labelerexp,at://did:plc:tenurhgjptubkk5zf5qhi3og/app.bsky.feed.generator/catch-up,suggested_labelerexp,8,at://did:plc:ats4shmeia7i7ildqm3denmd/app.bsky.feed.post/3mfeyy6knic2z,bafyreica5zp2nhkkqdckqjrslmvsazqko5uyl3le7tt2pkt7ovocp6e6va,did:plc:ats4shmeia7i7ildqm3denmd,katmabu.bsky.social,,
e8a3d8ee3ef447c79b63dd49b78ce454,2026-02-22T08:00:00Z,2026-02-22T08:09:57Z,auth,auth_enUS_labelerexp,at://did:plc:tenurhgjptubkk5zf5qhi3og/app.bsky.feed.generator/catch-up,suggested_labelerexp,9,at://did:plc:pqrgfqc7wwxpctf7djyjijbo/app.bsky.feed.post/3mff2dwnnrk24,bafyreia62zg55ama2g2ctw7hg5f6r2desanzpkpwbpryvdnwtbn7zovdum,did:plc:pqrgfqc7wwxpctf7djyjijbo,ajcampbellma.bsky.social,,
e8a3d8ee3ef447c79b63dd49b78ce454,2026-02-22T08:00:00Z,2026-02-22T08:09:57Z,auth,auth_enUS_labelerexp,at://did:plc:tenurhgjptubkk5zf5qhi3og/app.bsky.feed.generator/catch-up,suggested_labelerexp,10,at://did:plc:ootghan7ela2drpvhnzs2bdl/app.bsky.feed.post/3mff2wsjc7s2d,bafyreiadvmgrtatfanjcg5jbrtufgbvqmbeflrmgeauvakb775unnlb7fu,did:plc:ootghan7ela2drpvhnzs2bdl,andyoregon.bsky.social,,
e8a3d8ee3ef447c79b63dd49b78ce454,2026-02-22T08:00:00Z,2026-02-22T08:09:57Z,auth,auth_enUS_labelerexp,at://did:plc:tenurhgjptubkk5zf5qhi3og/app.bsky.feed.generator/catch-up,suggested_labelerexp,11,at://did:plc:tsksqpjisdvtusxq6ide5tzj/app.bsky.feed.post/3mffpv2vmpc2o,bafyreiamdjsx4sn5x57wrujeyqbywf4cgeejgvxej57xyvwc2olkgsl4ay,did:plc:tsksqpjisdvtusxq6ide5tzj,adamkinzinger.substack.com,,
e8a3d8ee3ef447c79b63dd49b78ce454,2026-02-22T08:00:00Z,2026-02-22T08:09:57Z,auth,auth_enUS_labelerexp,at://did:plc:tenurhgjptubkk5zf5qhi3og/app.bsky.feed.generator/catch-up,suggested_labelerexp,12,at://did:plc:xyddpg6usmgh2t2jgf4e37yk/app.bsky.feed.post/3mffgvzqvv22o,bafyreiduhrzib2shwuodgmkimcmsa5pcdtkih25p73v4krr4ty7s2zah4m,did:plc:xyddpg6usmgh2t2jgf4e37yk,markhamillofficial.bsky.social,,
e8a3d8ee3ef447c79b63dd49b78ce454,2026-02-22T08:00:00Z,2026-02-22T08:09:57Z,auth,auth_enUS_labelerexp,at://did:plc:tenurhgjptubkk5zf5qhi3og/app.bsky.feed.generator/catch-up,suggested_labelerexp,13,at://did:plc:4kshoaytrzhgsziro6ywozul/app.bsky.feed.post/3mff6jka42z2n,bafyreicable7sfsaf6qymfkchoni3deth7kvac6cplf5gdkftkyn7nbzhq,did:plc:4kshoaytrzhgsziro6ywozul,justinwolfers.bsky.social,,
e8a3d8ee3ef447c79b63dd49b78ce454,2026-02-22T08:00:00Z,2026-02-22T08:09:57Z,auth,auth_enUS_labelerexp,at://did:plc:tenurhgjptubkk5zf5qhi3og/app.bsky.feed.generator/catch-up,suggested_labelerexp,14,at://did:plc:x4g4laxkmsrczwvnvbbgsm7g/app.bsky.feed.post/3mffk23i6ak2o,bafyreicufhmnb7iwwctzlo5zxwuxui656swjpo6h2a6xr3oco6gb4eemtu,did:plc:x4g4laxkmsrczwvnvbbgsm7g,muellershewrote.com,,
e8a3d8ee3ef447c79b63dd49b78ce454,2026-02-22T08:00:00Z,2026-02-22T08:09:57Z,auth,auth_enUS_labelerexp,at://did:plc:tenurhgjptubkk5zf5qhi3og/app.bsky.feed.generator/catch-up,suggested_labelerexp,15,at://did:plc:of56nmyuqzvjta7qlf7gwht6/app.bsky.feed.post/3mff2lcnc4k2h,bafyreiedwho2wyolmdc3fkxu2jrirjkiruyojj2dhwc7mzghfb3sjd7g4i,did:plc:of56nmyuqzvjta7qlf7gwht6,brendelbored.bsky.social,,
e8a3d8ee3ef447c79b63dd49b78ce454,2026-02-22T08:00:00Z,2026-02-22T08:09:57Z,auth,auth_enUS_labelerexp,at://did:plc:tenurhgjptubkk5zf5qhi3og/app.bsky.feed.generator/catch-up,suggested_labelerexp,16,at://did:plc:23uh6llyahtj2jvj6b254psb/app.bsky.feed.post/3mfevilsiec26,bafyreiasrqnpt3l6xpwugkfjqtghpy3ic7h7vbz3c3ihn4sq4dr4ra3rya,did:plc:23uh6llyahtj2jvj6b254psb,kennedyhrc.bsky.social,,
e8a3d8ee3ef447c79b63dd49b78ce454,2026-02-22T08:00:00Z,2026-02-22T08:09:57Z,auth,auth_enUS_labelerexp,at://did:plc:tenurhgjptubkk5zf5qhi3og/app.bsky.feed.generator/catch-up,suggested_labelerexp,17,at://did:plc:d4d74fx2qbsfmmkxca24w76p/app.bsky.feed.post/3mfflijhdws2p,bafyreicuvxbti6f35ovkyhff64nrn653nm6eyo4hg746emzi6k7spdgw6u,did:plc:d4d74fx2qbsfmmkxca24w76p,rj-palmer.com,,
e8a3d8ee3ef447c79b63dd49b78ce454,2026-02-22T08:00:00Z,2026-02-22T08:09:57Z,auth,auth_enUS_labelerexp,at://did:plc:tenurhgjptubkk5zf5qhi3og/app.bsky.feed.generator/catch-up,suggested_labelerexp,18,at://did:plc:6efcnh6vyakphqeims6sqjbm/app.bsky.feed.post/3mffckxoc3s2p,bafyreibcq6rz2ayg4txobdx4z63ip6dhtnq6i4q23mimzby2gubwfrfi5m,did:plc:6efcnh6vyakphqeims6sqjbm,captmarkkelly.bsky.social,,
e8a3d8ee3ef447c79b63dd49b78ce454,2026-02-22T08:00:00Z,2026-02-22T08:09:57Z,auth,auth_enUS_labelerexp,at://did:plc:tenurhgjptubkk5zf5qhi3og/app.bsky.feed.generator/catch-up,suggested_labelerexp,19,at://did:plc:ks3gpa6ftoyaq7hmf6c4qx4c/app.bsky.feed.post/3mffcoboexs2y,bafyreieefc4uksxwzz6n43dfnp4xd7kpmag2ljkooph7hxpcxr4gdbdpem,did:plc:ks3gpa6ftoyaq7hmf6c4qx4c,dieworkwear.bsky.social,,
e8a3d8ee3ef447c79b63dd49b78ce454,2026-02-22T08:00:00Z,2026-02-22T08:09:57Z,auth,auth_enUS_labelerexp,at://did:plc:tenurhgjptubkk5zf5qhi3og/app.bsky.feed.generator/catch-up,suggested_labelerexp,20,at://did:plc:of56nmyuqzvjta7qlf7gwht6/app.bsky.feed.post/3mfeqi6gl4k2h,bafyreifhvdxzeszb5imd2mffxvtzk6ppr7pe6flzbxf5baeyrcvfrxiulq,did:plc:of56nmyuqzvjta7qlf7gwht6,brendelbored.bsky.social,,
e8a3d8ee3ef447c79b63dd49b78ce454,2026-02-22T08:00:00Z,2026-02-22T08:09:57Z,auth,auth_enUS_labelerexp,at://did:plc:tenurhgjptubkk5zf5qhi3og/app.bsky.feed.generator/catch-up,suggested_labelerexp,21,at://did:plc:cxbrpkkancmwlt25ngi7zmh4/app.bsky.feed.post/3mfe7bsnffc2v,bafyreihzjiw57hfljmbmvdg6ytre32bvtwsvmx73jytfefyyx56kgjpcny,did:plc:cxbrpkkancmwlt25ngi7zmh4,heyheymomo.bsky.social,,
e8a3d8ee3ef447c79b63dd49b78ce454,2026-02-22T08:00:00Z,2026-02-22T08:09:57Z,auth,auth_enUS_labelerexp,at://did:plc:tenurhgjptubkk5zf5qhi3og/app.bsky.feed.generator/catch-up,suggested_labelerexp,22,at://did:plc:2ylgbet7hkz6ntdh6eljnsri/app.bsky.feed.post/3mffdat6vpk26,bafyreiejo2nz76phvbwvnlaej4mr4zvqfzmqlbw3pv3dhpprlauwmfhxjq,did:plc:2ylgbet7hkz6ntdh6eljnsri,ositanwanevu.com,,
e8a3d8ee3ef447c79b63dd49b78ce454,2026-02-22T08:00:00Z,2026-02-22T08:09:57Z,auth,auth_enUS_labelerexp,at://did:plc:tenurhgjptubkk5zf5qhi3og/app.bsky.feed.generator/catch-up,suggested_labelerexp,23,at://did:plc:2p7nmxleeftldgo3bmdaexgd/app.bsky.feed.post/3mfflolyaa22k,bafyreiddi6ywniqdj5xxqlgyya36sztdyca5lbrttnvc5isj4tzo6j6vza,did:plc:2p7nmxleeftldgo3bmdaexgd,drdvus.bsky.social,,
e8a3d8ee3ef447c79b63dd49b78ce454,2026-02-22T08:00:00Z,2026-02-22T08:09:57Z,auth,auth_enUS_labelerexp,at://did:plc:tenurhgjptubkk5zf5qhi3og/app.bsky.feed.generator/catch-up,suggested_labelerexp,24,at://did:plc:4lx6nur5wstwoc4wtgj56kyu/app.bsky.feed.post/3mfebb6cphs2p,bafyreiesggzfsj7vchr6q3a3te2zjrdxujmpjm6h343f6bb4tj4orwnii4,did:plc:4lx6nur5wstwoc4wtgj56kyu,gtconway.bsky.social,,
e8a3d8ee3ef447c79b63dd49b78ce454,2026-02-22T08:00:00Z,2026-02-22T08:09:57Z,auth,auth_enUS_labelerexp,at://did:plc:tenurhgjptubkk5zf5qhi3og/app.bsky.feed.generator/catch-up,suggested_labelerexp,25,at://did:plc:sk6jryjhuavqchpa53jlcsyu/app.bsky.feed.post/3mffhenzxek2f,bafyreia2vrql4nc44vc2kl5lpaajkpwodzh57tx3bcnkvnkbpba66xqljy,did:plc:sk6jryjhuavqchpa53jlcsyu,nothoodlum.bsky.social,,
e8a3d8ee3ef447c79b63dd49b78ce454,2026-02-22T08:00:00Z,2026-02-22T08:09:57Z,auth,auth_enUS_labelerexp,at://did:plc:tenurhgjptubkk5zf5qhi3og/app.bsky.feed.generator/catch-up,suggested_labelerexp,26,at://did:plc:2rrp7amblhg3xoly5n5huiqv/app.bsky.feed.post/3mfg2o32yk22e,bafyreiaidbgeb5trqkclowvvox5zbinr6f2kyzurybm4raoncp4hzqx6ty,did:plc:2rrp7amblhg3xoly5n5huiqv,donmoyn.bsky.social,,
e8a3d8ee3ef447c79b63dd49b78ce454,2026-02-22T08:00:00Z,2026-02-22T08:09:57Z,auth,auth_enUS_labelerexp,at://did:plc:tenurhgjptubkk5zf5qhi3og/app.bsky.feed.generator/catch-up,suggested_labelerexp,27,at://did:plc:5otgp2li6cj3d6a4tnjev732/app.bsky.feed.post/3mffopbvk5k2h,bafyreibu654e2l27sdwlaadb435gulndnnokv6tftfrbcfwyz647qohtpm,did:plc:5otgp2li6cj3d6a4tnjev732,orionjack.bsky.social,,
e8a3d8ee3ef447c79b63dd49b78ce454,2026-02-22T08:00:00Z,2026-02-22T08:09:57Z,auth,auth_enUS_labelerexp,at://did:plc:tenurhgjptubkk5zf5qhi3og/app.bsky.feed.generator/catch-up,suggested_labelerexp,28,at://did:plc:5o6k7jvowuyaquloafzn3cfw/app.bsky.feed.post/3mfeu7vnrwc2g,bafyreia3ba2jwfikcgedmxyq47btopp7pqjnyugkefbnk6yrbjjdbjhrdu,did:plc:5o6k7jvowuyaquloafzn3cfw,thetnholler.bsky.social,,
e8a3d8ee3ef447c79b63dd49b78ce454,2026-02-22T08:00:00Z,2026-02-22T08:09:57Z,auth,auth_enUS_labelerexp,at://did:plc:tenurhgjptubkk5zf5qhi3og/app.bsky.feed.generator/catch-up,suggested_labelerexp,29,at://did:plc:4lx6nur5wstwoc4wtgj56kyu/app.bsky.feed.post/3mfenvbumhk2x,bafyreif3jbzsdwgpeygxe254xrr6httdbdhsjesfwfhssvxrmvwdym6rhq,did:plc:4lx6nur5wstwoc4wtgj56kyu,gtconway.bsky.social,,
e8a3d8ee3ef447c79b63dd49b78ce454,2026-02-22T08:00:00Z,2026-02-22T08:09:57Z,auth,auth_enUS_labelerexp,at://did:plc:tenurhgjptubkk5zf5qhi3og/app.bsky.feed.generator/catch-up,suggested_labelerexp,30,at://did:plc:hf7ezrajxadu7v3tzcyij424/app.bsky.feed.post/3mfeyjga2ik26,bafyreiatt7i6ficm36i2xkkd2h4xpdfl5ydkjq5xysdbjph2ioge3xysfq,did:plc:hf7ezrajxadu7v3tzcyij424,parkermolloy.com,,
e8a3d8ee3ef447c79b63dd49b78ce454,2026-02-22T08:00:00Z,2026-02-22T08:09:57Z,auth,auth_enUS_labelerexp,at://did:plc:tenurhgjptubkk5zf5qhi3og/app.bsky.feed.generator/catch-up,suggested_labelerexp,31,at://did:plc:rrfwruhud4ovela3oe6isre5/app.bsky.feed.post/3mfg2iuql5s2e,bafyreifitb3trwnct5ti66vqmvy4pfkeikufeavtkdrm3ycgsa3astzuie,did:plc:rrfwruhud4ovela3oe6isre5,indivisible.org,,
e8a3d8ee3ef447c79b63dd49b78ce454,2026-02-22T08:00:00Z,2026-02-22T08:09:57Z,auth,auth_enUS_labelerexp,at://did:plc:tenurhgjptubkk5zf5qhi3og/app.bsky.feed.generator/catch-up,suggested_labelerexp,32,at://did:plc:7qqkq2zdwq4j5jingukgtuky/app.bsky.feed.post/3mff6ctnnnc2c,bafyreidtj57lldirf7ujthfo7jxabk3iqqxjjrrbsuz5hesjwvl2esumzu,did:plc:7qqkq2zdwq4j5jingukgtuky,joncooper-us.bsky.social,,
e8a3d8ee3ef447c79b63dd49b78ce454,2026-02-22T08:00:00Z,2026-02-22T08:09:57Z,auth,auth_enUS_labelerexp,at://did:plc:tenurhgjptubkk5zf5qhi3og/app.bsky.feed.generator/catch-up,suggested_labelerexp,33,at://did:plc:226emmaran4fqn5jvhfkp2zu/app.bsky.feed.post/3mfevyut3sc25,bafyreia5nmgdufnsg4d5htj7zmap2uw2zrkytfdqxhgf73laavf343d4qa,did:plc:226emmaran4fqn5jvhfkp2zu,hollyolsonbcpa.bsky.social,,
e8a3d8ee3ef447c79b63dd49b78ce454,2026-02-22T08:00:00Z,2026-02-22T08:09:57Z,auth,auth_enUS_labelerexp,at://did:plc:tenurhgjptubkk5zf5qhi3og/app.bsky.feed.generator/catch-up,suggested_labelerexp,34,at://did:plc:hzq5qho453nicnm3mxbqmgld/app.bsky.feed.post/3mffsacxzts2o,bafyreifc62mexp67an6nre2c3s3yye52nojypowkvhxuuj7pxltqvdj3ne,did:plc:hzq5qho453nicnm3mxbqmgld,govpressoffice.gov.ca.gov,,
e8a3d8ee3ef447c79b63dd49b78ce454,2026-02-22T08:00:00Z,2026-02-22T08:09:57Z,auth,auth_enUS_labelerexp,at://did:plc:tenurhgjptubkk5zf5qhi3og/app.bsky.feed.generator/catch-up,suggested_labelerexp,35,at://did:plc:szlahpjb2ctuqsn3tmm4si4h/app.bsky.feed.post/3mffosxfpds2v,bafyreig32dnponk7j64iuflpnsbvrwyus4b5la6z3hvizn2psp4urmmwye,did:plc:szlahpjb2ctuqsn3tmm4si4h,bevsi.bsky.social,,
e8a3d8ee3ef447c79b63dd49b78ce454,2026-02-22T08:00:00Z,2026-02-22T08:09:57Z,auth,auth_enUS_labelerexp,at://did:plc:tenurhgjptubkk5zf5qhi3og/app.bsky.feed.generator/catch-up,suggested_labelerexp,36,at://did:plc:4lx6nur5wstwoc4wtgj56kyu/app.bsky.feed.post/3mffvgeyvxc2x,bafyreienscfejg5m2bmyuzmdvd62rgqbtrus4qnoym6ow2kxz4iwlk4f3a,did:plc:4lx6nur5wstwoc4wtgj56kyu,gtconway.bsky.social,,
e8a3d8ee3ef447c79b63dd49b78ce454,2026-02-22T08:00:00Z,2026-02-22T08:09:57Z,auth,auth_enUS_labelerexp,at://did:plc:tenurhgjptubkk5zf5qhi3og/app.bsky.feed.generator/catch-up,suggested_labelerexp,37,at://did:plc:6qwew4woo7kldtjk6ubbfuut/app.bsky.feed.post/3mfffmemxps2q,bafyreib35d6l6ybyeo2lo5oscct6xldvhyugbsqa6cwxp44shdkn35bauu,did:plc:6qwew4woo7kldtjk6ubbfuut,kimmasters.bsky.social,,
e8a3d8ee3ef447c79b63dd49b78ce454,2026-02-22T08:00:00Z,2026-02-22T08:09:57Z,auth,auth_enUS_labelerexp,at://did:plc:tenurhgjptubkk5zf5qhi3og/app.bsky.feed.generator/catch-up,suggested_labelerexp,38,at://did:plc:wimmq45p3goeigsr2xq6gwzc/app.bsky.feed.post/3mfeypw46ns26,bafyreidukennsxbwt3gd7zlyc5dlxq3ye2ppzdhgk4j2xmvx4i75dxcmmu,did:plc:wimmq45p3goeigsr2xq6gwzc,vltmn.itch.io,,
e8a3d8ee3ef447c79b63dd49b78ce454,2026-02-22T08:00:00Z,2026-02-22T08:09:57Z,auth,auth_enUS_labelerexp,at://did:plc:tenurhgjptubkk5zf5qhi3og/app.bsky.feed.generator/catch-up,suggested_labelerexp,39,at://did:plc:4liampbfwxqb5qmk4u7bx7zg/app.bsky.feed.post/3mfexsuu4x22r,bafyreihnyxhiwxuyjm5cj7uubvownawhhnewbtkkaq2bqdaai4rbijugqe,did:plc:4liampbfwxqb5qmk4u7bx7zg,dem8z.bsky.social,,
e8a3d8ee3ef447c79b63dd49b78ce454,2026-02-22T08:00:00Z,2026-02-22T08:09:57Z,auth,auth_enUS_labelerexp,at://did:plc:tenurhgjptubkk5zf5qhi3og/app.bsky.feed.generator/catch-up,suggested_labelerexp,40,at://did:plc:pb7gp4lz3cslvw4oha36b4fa/app.bsky.feed.post/3mffpatt4ck2g,bafyreie6bwt3bz237yjubmox35257zvxx7bl25babajpsdvng2bywehso4,did:plc:pb7gp4lz3cslvw4oha36b4fa,aidenr0.bsky.social,,
e8a3d8ee3ef447c79b63dd49b78ce454,2026-02-22T08:00:00Z,2026-02-22T08:09:57Z,auth,auth_enUS_labelerexp,at://did:plc:tenurhgjptubkk5zf5qhi3og/app.bsky.feed.generator/catch-up,suggested_labelerexp,41,at://did:plc:ss57ywhxcvh62qbdbfc4c252/app.bsky.feed.post/3mffcegaxpk2f,bafyreid6bauskhb6kbfikpgmoeelr7xdpw7xhxhvhuc4evghssyqr74ycy,did:plc:ss57ywhxcvh62qbdbfc4c252,governorwalz.mn.gov,,
e8a3d8ee3ef447c79b63dd49b78ce454,2026-02-22T08:00:00Z,2026-02-22T08:09:57Z,auth,auth_enUS_labelerexp,at://did:plc:tenurhgjptubkk5zf5qhi3og/app.bsky.feed.generator/catch-up,suggested_labelerexp,42,at://did:plc:l47arrlma2d55fiyhne67ti7/app.bsky.feed.post/3mffhi2vb6s2q,bafyreicq7c74av7lt5a3tb5o4t7gpww2sski2kfshcetwghuispckktehq,did:plc:l47arrlma2d55fiyhne67ti7,paladin42.bsky.social,,
e8a3d8ee3ef447c79b63dd49b78ce454,2026-02-22T08:00:00Z,2026-02-22T08:09:57Z,auth,auth_enUS_labelerexp,at://did:plc:tenurhgjptubkk5zf5qhi3og/app.bsky.feed.generator/catch-up,suggested_labelerexp,43,at://did:plc:q4kdx6fcdk4jllhog2lhjxwe/app.bsky.feed.post/3mff5pmtldc2z,bafyreiftjjld5idhbxlbw7mdmszkvwwwr4c3au4mt2lujsy3csdko7lypa,did:plc:q4kdx6fcdk4jllhog2lhjxwe,fullslack.bsky.social,,
e8a3d8ee3ef447c79b63dd49b78ce454,2026-02-22T08:00:00Z,2026-02-22T08:09:57Z,auth,auth_enUS_labelerexp,at://did:plc:tenurhgjptubkk5zf5qhi3og/app.bsky.feed.generator/catch-up,suggested_labelerexp,44,at://did:plc:7d7hkphd43rwukszjzxya3yh/app.bsky.feed.post/3mfflyf43xs2v,bafyreiadzvsf7amrjpy5y2zqddhx7yy6kbhdqvzxzermutmtcxebb6d644,did:plc:7d7hkphd43rwukszjzxya3yh,jtp.bsky.social,,
e8a3d8ee3ef447c79b63dd49b78ce454,2026-02-22T08:00:00Z,2026-02-22T08:09:57Z,auth,auth_enUS_labelerexp,at://did:plc:tenurhgjptubkk5zf5qhi3og/app.bsky.feed.generator/catch-up,suggested_labelerexp,45,at://did:plc:uo2fna47c4v6zcnklxfhcvjb/app.bsky.feed.post/3mff6qroqvk2y,bafyreifs6p3gsfetpmc6z3quzzeekslwlgvmehyoc7dypd2um7izeb5utq,did:plc:uo2fna47c4v6zcnklxfhcvjb,cwebbonline.com,,
e8a3d8ee3ef447c79b63dd49b78ce454,2026-02-22T08:00:00Z,2026-02-22T08:09:57Z,auth,auth_enUS_labelerexp,at://did:plc:tenurhgjptubkk5zf5qhi3og/app.bsky.feed.generator/catch-up,suggested_labelerexp,46,at://did:plc:5o6k7jvowuyaquloafzn3cfw/app.bsky.feed.post/3mfflm6f2cs23,bafyreihbuwb6mnb6n665egi3li2fiq6nansiuzn4tzzz3ao4cgqgvs6wi4,did:plc:5o6k7jvowuyaquloafzn3cfw,thetnholler.bsky.social,,
e8a3d8ee3ef447c79b63dd49b78ce454,2026-02-22T08:00:00Z,2026-02-22T08:09:57Z,auth,auth_enUS_labelerexp,at://did:plc:tenurhgjptubkk5zf5qhi3og/app.bsky.feed.generator/catch-up,suggested_labelerexp,47,at://did:plc:uo2fna47c4v6zcnklxfhcvjb/app.bsky.feed.post/3mfex2wrfbc2y,bafyreienmurqnpkq4atlgeum3nrdvqc2bckt5wfwmdleywxhstibl3qqey,did:plc:uo2fna47c4v6zcnklxfhcvjb,cwebbonline.com,,
e8a3d8ee3ef447c79b63dd49b78ce454,2026-02-22T08:00:00Z,2026-02-22T08:09:57Z,auth,auth_enUS_labelerexp,at://did:plc:tenurhgjptubkk5zf5qhi3og/app.bsky.feed.generator/catch-up,suggested_labelerexp,48,at://did:plc:wk7ktvs3sld47pgfndy43gyp/app.bsky.feed.post/3mfevweupn224,bafyreihh5hhqgsstpryea3w3fqgcs6fpvdhbbn2erzo3gmqtmmyndfer7i,did:plc:wk7ktvs3sld47pgfndy43gyp,geneljumalon.bsky.social,,
e8a3d8ee3ef447c79b63dd49b78ce454,2026-02-22T08:00:00Z,2026-02-22T08:09:57Z,auth,auth_enUS_labelerexp,at://did:plc:tenurhgjptubkk5zf5qhi3og/app.bsky.feed.generator/catch-up,suggested_labelerexp,49,at://did:plc:5lojtupjz6dg37ovkbhx5oaa/app.bsky.feed.post/3mffc7mqmfk2p,bafyreibnreeigy5unthlx5hglh5gr6gsw6vp7ylduesnfl7prskaojl7l4,did:plc:5lojtupjz6dg37ovkbhx5oaa,kinofabino.bsky.social,,
e8a3d8ee3ef447c79b63dd49b78ce454,2026-02-22T08:00:00Z,2026-02-22T08:09:57Z,auth,auth_enUS_labelerexp,at://did:plc:tenurhgjptubkk5zf5qhi3og/app.bsky.feed.generator/catch-up,suggested_labelerexp,50,at://did:plc:p7gxyfr5vii5ntpwo7f6dhe2/app.bsky.feed.post/3mff5aypky22x,bafyreiarws43554zbuqrhp533i4w5sghng6ovmwncn6isl564kj6p4l53e,did:plc:p7gxyfr5vii5ntpwo7f6dhe2,aoc.bsky.social,,
e8a3d8ee3ef447c79b63dd49b78ce454,2026-02-22T08:00:00Z,2026-02-22T08:10:03Z,auth,auth_enUS_labelerexp,at://did:plc:x3cya3wkt4n6u4ihmvpsc5if/app.bsky.feed.generator/aaacynbxwimok,suggested_labelerexp,1,at://did:plc:wwzax3g4dwws3xklv7jo2b4l/app.bsky.feed.post/3mfgnhq4rh22k,bafyreigagnion3h475u4ws6vhrf63wcobviq3whpg5cdaxpwqxa7d6ckbi,did:plc:wwzax3g4dwws3xklv7jo2b4l,fraggenstein.bsky.social,,
e8a3d8ee3ef447c79b63dd49b78ce454,2026-02-22T08:00:00Z,2026-02-22T08:10:03Z,auth,auth_enUS_labelerexp,at://did:plc:x3cya3wkt4n6u4ihmvpsc5if/app.bsky.feed.generator/aaacynbxwimok,suggested_labelerexp,2,at://did:plc:5mb2erasymciqu74opoxjcro/app.bsky.feed.post/3mfgmscivbk24,bafyreibk6sb6lyjmrts2r75ikl2fhwt5ihnytfrosyr6bkxhdgj6dwigza,did:plc:5mb2erasymciqu74opoxjcro,ianpaulsieren.bsky.social,,
e8a3d8ee3ef447c79b63dd49b78ce454,2026-02-22T08:00:00Z,2026-02-22T08:10:03Z,auth,auth_enUS_labelerexp,at://did:plc:x3cya3wkt4n6u4ihmvpsc5if/app.bsky.feed.generator/aaacynbxwimok,suggested_labelerexp,3,at://did:plc:5mb2erasymciqu74opoxjcro/app.bsky.feed.post/3mfgm6hkvik24,bafyreihhjsongroujfbmmysetk5zdwq5d6d3hl7vaoey3n5b55gze4xnhi,did:plc:5mb2erasymciqu74opoxjcro,ianpaulsieren.bsky.social,,
e8a3d8ee3ef447c79b63dd49b78ce454,2026-02-22T08:00:00Z,2026-02-22T08:10:03Z,auth,auth_enUS_labelerexp,at://did:plc:x3cya3wkt4n6u4ihmvpsc5if/app.bsky.feed.generator/aaacynbxwimok,suggested_labelerexp,4,at://did:plc:5mb2erasymciqu74opoxjcro/app.bsky.feed.post/3mfgm3bih4s24,bafyreiayvrv3udxrp6m322djf7gau5jhoraqlv4x4gwtgthye4wknrwvhq,did:plc:5mb2erasymciqu74opoxjcro,ianpaulsieren.bsky.social,,
e8a3d8ee3ef447c79b63dd49b78ce454,2026-02-22T08:00:00Z,2026-02-22T08:10:03Z,auth,auth_enUS_labelerexp,at://did:plc:x3cya3wkt4n6u4ihmvpsc5if/app.bsky.feed.generator/aaacynbxwimok,suggested_labelerexp,5,at://did:plc:gbludi3cwtaghkzjmudcw4sx/app.bsky.feed.post/3mfglldq4yc24,bafyreiblgiru5d2olhynhkgvubihgxz4xov3i4n7ybf67niyc4khykxrja,did:plc:gbludi3cwtaghkzjmudcw4sx,distanceofio.bsky.social,,
e8a3d8ee3ef447c79b63dd49b78ce454,2026-02-22T08:00:00Z,2026-02-22T08:10:03Z,auth,auth_enUS_labelerexp,at://did:plc:x3cya3wkt4n6u4ihmvpsc5if/app.bsky.feed.generator/aaacynbxwimok,suggested_labelerexp,6,at://did:plc:mauawo7inbyjl7svaxqjyn56/app.bsky.feed.post/3mfgl6pqw3k2g,bafyreiffg3x7d3gfyqildsoxkmfhzkboh2oeak2evqwrvl437nwg7tpwuq,did:plc:mauawo7inbyjl7svaxqjyn56,slay-belles.bsky.social,,
e8a3d8ee3ef447c79b63dd49b78ce454,2026-02-22T08:00:00Z,2026-02-22T08:10:03Z,auth,auth_enUS_labelerexp,at://did:plc:x3cya3wkt4n6u4ihmvpsc5if/app.bsky.feed.generator/aaacynbxwimok,suggested_labelerexp,7,at://did:plc:hsjwzrqnjdcuauy765zc64q7/app.bsky.feed.post/3mfgfl5rcic2f,bafyreickwrir7lrtbryi2vh7xjign7if2w5bn6mafdt55yym6my2jr2fp4,did:plc:hsjwzrqnjdcuauy765zc64q7,tonofwillywillies.bsky.social,,
e8a3d8ee3ef447c79b63dd49b78ce454,2026-02-22T08:00:00Z,2026-02-22T08:10:03Z,auth,auth_enUS_labelerexp,at://did:plc:x3cya3wkt4n6u4ihmvpsc5if/app.bsky.feed.generator/aaacynbxwimok,suggested_labelerexp,8,at://did:plc:5mb2erasymciqu74opoxjcro/app.bsky.feed.post/3mfge3bq3ts24,bafyreideyanmhk3vrx3lznntxb3tzifv3uzi7jmssdynwqvpikrazix3uy,did:plc:5mb2erasymciqu74opoxjcro,ianpaulsieren.bsky.social,,
e8a3d8ee3ef447c79b63dd49b78ce454,2026-02-22T08:00:00Z,2026-02-22T08:10:03Z,auth,auth_enUS_labelerexp,at://did:plc:x3cya3wkt4n6u4ihmvpsc5if/app.bsky.feed.generator/aaacynbxwimok,suggested_labelerexp,9,at://did:plc:twu4iqyasazfles5q5ci2dz3/app.bsky.feed.post/3mfgbchndjt2a,bafyreibnxy44sq5zkwr6nyvf2yqoi3lbzpdt36wowcorxrmhu7vrdwjfby,did:plc:twu4iqyasazfles5q5ci2dz3,mikemelton.bsky.social,,
e8a3d8ee3ef447c79b63dd49b78ce454,2026-02-22T08:00:00Z,2026-02-22T08:10:03Z,auth,auth_enUS_labelerexp,at://did:plc:x3cya3wkt4n6u4ihmvpsc5if/app.bsky.feed.generator/aaacynbxwimok,suggested_labelerexp,10,at://did:plc:qqukrrhmm3dvdx3cqceefjfl/app.bsky.feed.post/3mfg76r4w6k2b,bafyreidtescz2vddh5ohkcfgg5xu7wz7zpd25hwb7xt7govfuy2rypkbva,did:plc:qqukrrhmm3dvdx3cqceefjfl,whitepaaws.bsky.social,,
e8a3d8ee3ef447c79b63dd49b78ce454,2026-02-22T08:00:00Z,2026-02-22T08:10:03Z,auth,auth_enUS_labelerexp,at://did:plc:x3cya3wkt4n6u4ihmvpsc5if/app.bsky.feed.generator/aaacynbxwimok,suggested_labelerexp,11,at://did:plc:gwfz5t24htmorkqop4ywepkl/app.bsky.feed.post/3mfg4swmj5s2m,bafyreihar36kesentc4zcoo7iptqircyb2j7eeyxcobjwmxmj2wy6c6aka,did:plc:gwfz5t24htmorkqop4ywepkl,gravelife.com,,
e8a3d8ee3ef447c79b63dd49b78ce454,2026-02-22T08:00:00Z,2026-02-22T08:10:03Z,auth,auth_enUS_labelerexp,at://did:plc:x3cya3wkt4n6u4ihmvpsc5if/app.bsky.feed.generator/aaacynbxwimok,suggested_labelerexp,12,at://did:plc:mio32r5zambfpytk6rtsyuft/app.bsky.feed.post/3mfg45hubvk2f,bafyreia62eflcp4dapabzvirtd27tptd2byv2h3x2fhjkbo37ip63y4hje,did:plc:mio32r5zambfpytk6rtsyuft,molecularbubbles.bsky.social,,
e8a3d8ee3ef447c79b63dd49b78ce454,2026-02-22T08:00:00Z,2026-02-22T08:10:03Z,auth,auth_enUS_labelerexp,at://did:plc:x3cya3wkt4n6u4ihmvpsc5if/app.bsky.feed.generator/aaacynbxwimok,suggested_labelerexp,13,at://did:plc:i3vmei3es2asxmif67kprpbf/app.bsky.feed.post/3mffzywyitc2y,bafyreiezo527xno7klz6mvis54vgycc2rd3qlzuleb2csniqd76hrdj75m,did:plc:i3vmei3es2asxmif67kprpbf,denalilobito.bsky.social,,
e8a3d8ee3ef447c79b63dd49b78ce454,2026-02-22T08:00:00Z,2026-02-22T08:10:03Z,auth,auth_enUS_labelerexp,at://did:plc:x3cya3wkt4n6u4ihmvpsc5if/app.bsky.feed.generator/aaacynbxwimok,suggested_labelerexp,14,at://did:plc:4lldw2nzktbfayiktxuq5yto/app.bsky.feed.post/3mffy46pfks2e,bafyreih2oelfnunbw6cyj6grqjx6yworobahp4zqdd7wvt7ixvgc6a6pey,did:plc:4lldw2nzktbfayiktxuq5yto,diplopodracer.bsky.social,,
e8a3d8ee3ef447c79b63dd49b78ce454,2026-02-22T08:00:00Z,2026-02-22T08:10:03Z,auth,auth_enUS_labelerexp,at://did:plc:x3cya3wkt4n6u4ihmvpsc5if/app.bsky.feed.generator/aaacynbxwimok,suggested_labelerexp,15,at://did:plc:coexbqosfz2dv6lv7ppx5jue/app.bsky.feed.post/3mffuzcarbc2w,bafyreihuj773vspjbdv24e22jsxq5co4icvnrpnmn3lu4uxp73kyxsznbe,did:plc:coexbqosfz2dv6lv7ppx5jue,isingtherforeiam.bsky.social,,
e8a3d8ee3ef447c79b63dd49b78ce454,2026-02-22T08:00:00Z,2026-02-22T08:10:03Z,auth,auth_enUS_labelerexp,at://did:plc:x3cya3wkt4n6u4ihmvpsc5if/app.bsky.feed.generator/aaacynbxwimok,suggested_labelerexp,16,at://did:plc:mendjvlo6dpyijzphaoaymsl/app.bsky.feed.post/3mffsgrwhss2z,bafyreidjjmet5hki6fvkofmq3kgorbp3lhauvgjjwmeyc3o6ruwi5vfl34,did:plc:mendjvlo6dpyijzphaoaymsl,sundaycreature.bsky.social,,
e8a3d8ee3ef447c79b63dd49b78ce454,2026-02-22T08:00:00Z,2026-02-22T08:10:03Z,auth,auth_enUS_labelerexp,at://did:plc:x3cya3wkt4n6u4ihmvpsc5if/app.bsky.feed.generator/aaacynbxwimok,suggested_labelerexp,17,at://did:plc:65z32iohnr7dfpclgvace5h5/app.bsky.feed.post/3mffscne4wk2t,bafyreiawg7fcp3yf56tsnazx4ioci2vyeoqoeyytoypwzgnfyhhachnpry,did:plc:65z32iohnr7dfpclgvace5h5,phetch.bsky.social,,
e8a3d8ee3ef447c79b63dd49b78ce454,2026-02-22T08:00:00Z,2026-02-22T08:10:03Z,auth,auth_enUS_labelerexp,at://did:plc:x3cya3wkt4n6u4ihmvpsc5if/app.bsky.feed.generator/aaacynbxwimok,suggested_labelerexp,18,at://did:plc:s7rd6mfwkeqi4gjwz2ie3vgd/app.bsky.feed.post/3mfgeyqv6sz2q,bafyreihpbymxvdzb6cfldhlhx5djxeokf2a46xiavlg725nwluv2iyy5ue,did:plc:s7rd6mfwkeqi4gjwz2ie3vgd,thelikeforest.bsky.social,,
e8a3d8ee3ef447c79b63dd49b78ce454,2026-02-22T08:00:00Z,2026-02-22T08:10:03Z,auth,auth_enUS_labelerexp,at://did:plc:x3cya3wkt4n6u4ihmvpsc5if/app.bsky.feed.generator/aaacynbxwimok,suggested_labelerexp,19,at://did:plc:xt55kf7jm37v4nvvvtnbatbt/app.bsky.feed.post/3mffqu76vus24,bafyreiae3a53du5fgn3zb7ctaehmse6narhjdsgskdfht6k2kv4k5gokqm,did:plc:xt55kf7jm37v4nvvvtnbatbt,tstran316.bsky.social,,
e8a3d8ee3ef447c79b63dd49b78ce454,2026-02-22T08:00:00Z,2026-02-22T08:10:03Z,auth,auth_enUS_labelerexp,at://did:plc:x3cya3wkt4n6u4ihmvpsc5if/app.bsky.feed.generator/aaacynbxwimok,suggested_labelerexp,20,at://did:plc:3goskmhkhob22uo2rpmglzd5/app.bsky.feed.post/3mffp7z5nr22m,bafyreibxcqtxqpwc7rx7mua7l33zlaa32tl35bddpjdiac52juhqefxeka,did:plc:3goskmhkhob22uo2rpmglzd5,florascythe.bsky.social,,
e8a3d8ee3ef447c79b63dd49b78ce454,2026-02-22T08:00:00Z,2026-02-22T08:10:03Z,auth,auth_enUS_labelerexp,at://did:plc:x3cya3wkt4n6u4ihmvpsc5if/app.bsky.feed.generator/aaacynbxwimok,suggested_labelerexp,21,at://did:plc:tjzttelnorwlmi6ohj5zdenh/app.bsky.feed.post/3mffo5ty2ms2b,bafyreidhhu2aifrlbzbx7x7ham46hbe4z34qvj64kgwesucrjkt5xkvmmq,did:plc:tjzttelnorwlmi6ohj5zdenh,wholereality.bsky.social,,
e8a3d8ee3ef447c79b63dd49b78ce454,2026-02-22T08:00:00Z,2026-02-22T08:10:03Z,auth,auth_enUS_labelerexp,at://did:plc:x3cya3wkt4n6u4ihmvpsc5if/app.bsky.feed.generator/aaacynbxwimok,suggested_labelerexp,22,at://did:plc:n4ywrcufplhok2kfo3ksgrcg/app.bsky.feed.post/3mffmtfqxc22b,bafyreibhzwdndidqcjsltpcsvzdb5hjnkc6q4btamq3wf3a2snkijrdofm,did:plc:n4ywrcufplhok2kfo3ksgrcg,lipotidae.bsky.social,,
e8a3d8ee3ef447c79b63dd49b78ce454,2026-02-22T08:00:00Z,2026-02-22T08:10:03Z,auth,auth_enUS_labelerexp,at://did:plc:x3cya3wkt4n6u4ihmvpsc5if/app.bsky.feed.generator/aaacynbxwimok,suggested_labelerexp,23,at://did:plc:s7rd6mfwkeqi4gjwz2ie3vgd/app.bsky.feed.post/3mfg75cxsng2q,bafyreibgc2xiaeuktzh3hmj4gn3wwwsxl7m7handci2tus3gbalm7lgbmq,did:plc:s7rd6mfwkeqi4gjwz2ie3vgd,thelikeforest.bsky.social,,
e8a3d8ee3ef447c79b63dd49b78ce454,2026-02-22T08:00:00Z,2026-02-22T08:10:03Z,auth,auth_enUS_labelerexp,at://did:plc:x3cya3wkt4n6u4ihmvpsc5if/app.bsky.feed.generator/aaacynbxwimok,suggested_labelerexp,24,at://did:plc:2mnmbc22xdi6rim567jjnmfg/app.bsky.feed.post/3mffjjq5ycs27,bafyreiatmv56rfgt6kj6nqwfxwsvbqrgmbco7lubhrhpyi6mm4egbsgwby,did:plc:2mnmbc22xdi6rim567jjnmfg,reggiemidnight.bsky.social,,
e8a3d8ee3ef447c79b63dd49b78ce454,2026-02-22T08:00:00Z,2026-02-22T08:10:03Z,auth,auth_enUS_labelerexp,at://did:plc:x3cya3wkt4n6u4ihmvpsc5if/app.bsky.feed.generator/aaacynbxwimok,suggested_labelerexp,25,at://did:plc:rv275ipmizqual4lbdklcmp3/app.bsky.feed.post/3mffiicihlk2m,bafyreicswn32j2mxsiaj5kulbvts5gp2a3l7djsant7mk7u7eiwbrz3qyu,did:plc:rv275ipmizqual4lbdklcmp3,positivelycurious.bsky.social,,
e8a3d8ee3ef447c79b63dd49b78ce454,2026-02-22T08:00:00Z,2026-02-22T08:10:03Z,auth,auth_enUS_labelerexp,at://did:plc:x3cya3wkt4n6u4ihmvpsc5if/app.bsky.feed.generator/aaacynbxwimok,suggested_labelerexp,26,at://did:plc:nqvezkttrcinwbevwqpjulnv/app.bsky.feed.post/3mffgzjjjzs2n,bafyreia5onhcebionz3zcrptwbudz7qkkkl6dpapx7iztyc66f7g244wzq,did:plc:nqvezkttrcinwbevwqpjulnv,artwells.com,,
e8a3d8ee3ef447c79b63dd49b78ce454,2026-02-22T08:00:00Z,2026-02-22T08:10:03Z,auth,auth_enUS_labelerexp,at://did:plc:x3cya3wkt4n6u4ihmvpsc5if/app.bsky.feed.generator/aaacynbxwimok,suggested_labelerexp,27,at://did:plc:d65okiyhvgzl3m6pfnvxumbu/app.bsky.feed.post/3mffgqfabds2r,bafyreihf7i32t76pa3itzchxr3o7tb5chxn7wcyy77pdekoutl6qdg65aa,did:plc:d65okiyhvgzl3m6pfnvxumbu,spacenerd19.bsky.social,,
e8a3d8ee3ef447c79b63dd49b78ce454,2026-02-22T08:00:00Z,2026-02-22T08:10:03Z,auth,auth_enUS_labelerexp,at://did:plc:x3cya3wkt4n6u4ihmvpsc5if/app.bsky.feed.generator/aaacynbxwimok,suggested_labelerexp,28,at://did:plc:v33thooeharyavwdskbnka3x/app.bsky.feed.post/3mffgjeiklc22,bafyreiaeza5x5wc6guooaglrows2jc253mmepkzrawoqr3deejrbiaueom,did:plc:v33thooeharyavwdskbnka3x,anhedonicdict.bsky.social,,
e8a3d8ee3ef447c79b63dd49b78ce454,2026-02-22T08:00:00Z,2026-02-22T08:10:03Z,auth,auth_enUS_labelerexp,at://did:plc:x3cya3wkt4n6u4ihmvpsc5if/app.bsky.feed.generator/aaacynbxwimok,suggested_labelerexp,29,at://did:plc:r7zdwragctxdwsqahsyhbdth/app.bsky.feed.post/3mfffau5y722m,bafyreiemxke53qynol4ej66oi2udkqrskqdbl2ug4gyqcr44pm65mdh2iy,did:plc:r7zdwragctxdwsqahsyhbdth,hunterje.bsky.social,,
e8a3d8ee3ef447c79b63dd49b78ce454,2026-02-22T08:00:00Z,2026-02-22T08:10:03Z,auth,auth_enUS_labelerexp,at://did:plc:x3cya3wkt4n6u4ihmvpsc5if/app.bsky.feed.generator/aaacynbxwimok,suggested_labelerexp,30,at://did:plc:jv3z2glvpiy6yobkgcrtzjol/app.bsky.feed.post/3mfff6hkhxc2f,bafyreiej5i3eak25zapnw62etjndvqst7miokemknktgnjidylvvjodpsy,did:plc:jv3z2glvpiy6yobkgcrtzjol,leafcrafters.us,,
e8a3d8ee3ef447c79b63dd49b78ce454,2026-02-22T08:00:00Z,2026-02-22T08:10:03Z,auth,auth_enUS_labelerexp,at://did:plc:x3cya3wkt4n6u4ihmvpsc5if/app.bsky.feed.generator/aaacynbxwimok,suggested_labelerexp,31,at://did:plc:lnfy7m6iv7lvbujjmj3bqdon/app.bsky.feed.post/3mffcrbvl5k2u,bafyreictm7awvedpzrq5apktsdixggewccwmxepeclmfpbad64huyzvu3m,did:plc:lnfy7m6iv7lvbujjmj3bqdon,gabbydp.bsky.social,,
e8a3d8ee3ef447c79b63dd49b78ce454,2026-02-22T08:00:00Z,2026-02-22T08:10:03Z,auth,auth_enUS_labelerexp,at://did:plc:x3cya3wkt4n6u4ihmvpsc5if/app.bsky.feed.generator/aaacynbxwimok,suggested_labelerexp,32,at://did:plc:ummyxumpzpurmctthoqtkivx/app.bsky.feed.post/3mffco7mkjk2x,bafyreiazn4sr7zdbglvbcvoisnzg3vmx7n64cbldztgwyw3v3vhlqwobye,did:plc:ummyxumpzpurmctthoqtkivx,mmejans.bsky.social,,
e8a3d8ee3ef447c79b63dd49b78ce454,2026-02-22T08:00:00Z,2026-02-22T08:10:03Z,auth,auth_enUS_labelerexp,at://did:plc:x3cya3wkt4n6u4ihmvpsc5if/app.bsky.feed.generator/aaacynbxwimok,suggested_labelerexp,33,at://did:plc:e7raaurycfv4kbmi6sbjvi2b/app.bsky.feed.post/3mffbblsfks2v,bafyreibmorpk2seo7ggviwi3tvywxad2mzpw5dzlug4mxgsh26qlrnpos4,did:plc:e7raaurycfv4kbmi6sbjvi2b,sqliebert.bsky.social,,
e8a3d8ee3ef447c79b63dd49b78ce454,2026-02-22T08:00:00Z,2026-02-22T08:10:03Z,auth,auth_enUS_labelerexp,at://did:plc:x3cya3wkt4n6u4ihmvpsc5if/app.bsky.feed.generator/aaacynbxwimok,suggested_labelerexp,34,at://did:plc:mq23n5sb5ghcgrrcdyuxwima/app.bsky.feed.post/3mff7qq3me22j,bafyreicqt2b33jfhhtikuwyi566plmb6mpezslet3ng3mrbxduc44cumia,did:plc:mq23n5sb5ghcgrrcdyuxwima,skidarstudios.bsky.social,,
e8a3d8ee3ef447c79b63dd49b78ce454,2026-02-22T08:00:00Z,2026-02-22T08:10:03Z,auth,auth_enUS_labelerexp,at://did:plc:x3cya3wkt4n6u4ihmvpsc5if/app.bsky.feed.generator/aaacynbxwimok,suggested_labelerexp,35,at://did:plc:goyrbufkwzvscm42hbewlj76/app.bsky.feed.post/3mff7gzwzgs27,bafyreidu76erblvddfr73ic2vmcn7dlxgq3m2x6tz7bwimvejlfjtn3zoy,did:plc:goyrbufkwzvscm42hbewlj76,boblivion.bsky.social,,
e8a3d8ee3ef447c79b63dd49b78ce454,2026-02-22T08:00:00Z,2026-02-22T08:10:03Z,auth,auth_enUS_labelerexp,at://did:plc:x3cya3wkt4n6u4ihmvpsc5if/app.bsky.feed.generator/aaacynbxwimok,suggested_labelerexp,36,at://did:plc:w4vsjmek67d7picjohdoj6qj/app.bsky.feed.post/3mff6vjx3ws2l,bafyreidpkh5wv2ddnopyqpt7y5a5ekxq6e2i2zfwmhohceamuzuvw5i6aq,did:plc:w4vsjmek67d7picjohdoj6qj,spicynoodlez11.bsky.social,,
e8a3d8ee3ef447c79b63dd49b78ce454,2026-02-22T08:00:00Z,2026-02-22T08:10:03Z,auth,auth_enUS_labelerexp,at://did:plc:x3cya3wkt4n6u4ihmvpsc5if/app.bsky.feed.generator/aaacynbxwimok,suggested_labelerexp,37,at://did:plc:lhgiehn6x3rge23r2mbddbh7/app.bsky.feed.post/3mff6ph4f7227,bafyreicjpy62echxrrzp7mgaox2cdwpcgifffwrjmvske44ccfzuqxfgle,did:plc:lhgiehn6x3rge23r2mbddbh7,justoldjohn.bsky.social,,
e8a3d8ee3ef447c79b63dd49b78ce454,2026-02-22T08:00:00Z,2026-02-22T08:10:03Z,auth,auth_enUS_labelerexp,at://did:plc:x3cya3wkt4n6u4ihmvpsc5if/app.bsky.feed.generator/aaacynbxwimok,suggested_labelerexp,38,at://did:plc:krmpsrjtpau5n5uxvs5mcq7k/app.bsky.feed.post/3mff6ikumus2r,bafyreiec36ps63mgx7nlw5gmvudorswrh6gpnterhjgkweyxiuazkwiyga,did:plc:krmpsrjtpau5n5uxvs5mcq7k,simonjones.bsky.social,,
e8a3d8ee3ef447c79b63dd49b78ce454,2026-02-22T08:00:00Z,2026-02-22T08:10:03Z,auth,auth_enUS_labelerexp,at://did:plc:x3cya3wkt4n6u4ihmvpsc5if/app.bsky.feed.generator/aaacynbxwimok,suggested_labelerexp,39,at://did:plc:dgobw62et7tetwi74n7cpzcb/app.bsky.feed.post/3mff6gz3fi22w,bafyreicc2ldpas67wey4zba5bvavczzpgqi5e7uzrdcdl5etgq76tvj3ae,did:plc:dgobw62et7tetwi74n7cpzcb,docrus.bsky.social,,
e8a3d8ee3ef447c79b63dd49b78ce454,2026-02-22T08:00:00Z,2026-02-22T08:10:03Z,auth,auth_enUS_labelerexp,at://did:plc:x3cya3wkt4n6u4ihmvpsc5if/app.bsky.feed.generator/aaacynbxwimok,suggested_labelerexp,40,at://did:plc:qs4sinbyz6zotiuxjax6tpa5/app.bsky.feed.post/3mff6gnszas27,bafyreiejr5a33437lshlao74w5scux7zjjse55zq7awbmovjezrl5da4gi,did:plc:qs4sinbyz6zotiuxjax6tpa5,ishmaelcallme.bsky.social,,
e8a3d8ee3ef447c79b63dd49b78ce454,2026-02-22T08:00:00Z,2026-02-22T08:10:03Z,auth,auth_enUS_labelerexp,at://did:plc:x3cya3wkt4n6u4ihmvpsc5if/app.bsky.feed.generator/aaacynbxwimok,suggested_labelerexp,41,at://did:plc:3fn5b2b7p3dz7xt7wzh674f2/app.bsky.feed.post/3mff65eehis2b,bafyreianp4xfsc4d6gyrqilqfpw5n4nl73oytaf3dqc2npdmyja3pfo5li,did:plc:3fn5b2b7p3dz7xt7wzh674f2,lifemother.bsky.social,,
e8a3d8ee3ef447c79b63dd49b78ce454,2026-02-22T08:00:00Z,2026-02-22T08:10:03Z,auth,auth_enUS_labelerexp,at://did:plc:x3cya3wkt4n6u4ihmvpsc5if/app.bsky.feed.generator/aaacynbxwimok,suggested_labelerexp,42,at://did:plc:wsdcu5le5birr37kohts2aqa/app.bsky.feed.post/3mff5x3conc2y,bafyreidclhgyhluez4gczlfb2x3ajl2xljv2y4luynarejennv37fwfg44,did:plc:wsdcu5le5birr37kohts2aqa,couragebonnemort.bsky.social,,
e8a3d8ee3ef447c79b63dd49b78ce454,2026-02-22T08:00:00Z,2026-02-22T08:10:03Z,auth,auth_enUS_labelerexp,at://did:plc:x3cya3wkt4n6u4ihmvpsc5if/app.bsky.feed.generator/aaacynbxwimok,suggested_labelerexp,43,at://did:plc:ggu64s4w6emdhvfl6drvoiaa/app.bsky.feed.post/3mff5wvkacc2e,bafyreicrsovks2bq2guy2ckaeczrdbxlq6f2dmqbuad72qunbveltgbg6a,did:plc:ggu64s4w6emdhvfl6drvoiaa,pirjosundqvist.bsky.social,,
e8a3d8ee3ef447c79b63dd49b78ce454,2026-02-22T08:00:00Z,2026-02-22T08:10:03Z,auth,auth_enUS_labelerexp,at://did:plc:x3cya3wkt4n6u4ihmvpsc5if/app.bsky.feed.generator/aaacynbxwimok,suggested_labelerexp,44,at://did:plc:cnqmntdsrjcr5zrmtuz2gdev/app.bsky.feed.post/3mff5kcskzk2e,bafyreid3q7rfckyzwnbqptyzpyphcf7kdsgsmnchrsoyww5oagzxqaxk54,did:plc:cnqmntdsrjcr5zrmtuz2gdev,helenintgarden.bsky.social,,
e8a3d8ee3ef447c79b63dd49b78ce454,2026-02-22T08:00:00Z,2026-02-22T08:10:03Z,auth,auth_enUS_labelerexp,at://did:plc:x3cya3wkt4n6u4ihmvpsc5if/app.bsky.feed.generator/aaacynbxwimok,suggested_labelerexp,45,at://did:plc:v7dxy233g6eehatmpstykfsj/app.bsky.feed.post/3mff3lq4yqk2m,bafyreig4fwmkwvnlwmpig57tdrtux67vd55bch3oam4h2uajg3i67okoom,did:plc:v7dxy233g6eehatmpstykfsj,jiphi.bsky.social,,
e8a3d8ee3ef447c79b63dd49b78ce454,2026-02-22T08:00:00Z,2026-02-22T08:10:03Z,auth,auth_enUS_labelerexp,at://did:plc:x3cya3wkt4n6u4ihmvpsc5if/app.bsky.feed.generator/aaacynbxwimok,suggested_labelerexp,46,at://did:plc:tfaosxw6cnp67lgcxfgs52l4/app.bsky.feed.post/3mff2sfyql22q,bafyreihkgr4umsfyzylquelqgmrxwuzjofedd22sxcymcb76xxe75gzzr4,did:plc:tfaosxw6cnp67lgcxfgs52l4,mjlinde.bsky.social,,
e8a3d8ee3ef447c79b63dd49b78ce454,2026-02-22T08:00:00Z,2026-02-22T08:10:03Z,auth,auth_enUS_labelerexp,at://did:plc:x3cya3wkt4n6u4ihmvpsc5if/app.bsky.feed.generator/aaacynbxwimok,suggested_labelerexp,47,at://did:plc:emthgo4uowz543ndgt44lj22/app.bsky.feed.post/3mfezvfcgak2x,bafyreicvr24dx7tqrvoe36gkjwptuvmwcnmbnlc26l6udefso3o5ordx4y,did:plc:emthgo4uowz543ndgt44lj22,norwichgiant.bsky.social,,
e8a3d8ee3ef447c79b63dd49b78ce454,2026-02-22T08:00:00Z,2026-02-22T08:10:03Z,auth,auth_enUS_labelerexp,at://did:plc:x3cya3wkt4n6u4ihmvpsc5if/app.bsky.feed.generator/aaacynbxwimok,suggested_labelerexp,48,at://did:plc:vdusnt5iagpjuy4xoahhyxd4/app.bsky.feed.post/3mfew2wubuk2m,bafyreiee3gmpy3ilmbs5qbk7qnztk2b6xj5mvkqbw3hj2nlwdvzfoc2oau,did:plc:vdusnt5iagpjuy4xoahhyxd4,renerow.bsky.social,,
e8a3d8ee3ef447c79b63dd49b78ce454,2026-02-22T08:00:00Z,2026-02-22T08:10:03Z,auth,auth_enUS_labelerexp,at://did:plc:x3cya3wkt4n6u4ihmvpsc5if/app.bsky.feed.generator/aaacynbxwimok,suggested_labelerexp,49,at://did:plc:hwl6yovspqh3ieprkhepoi2j/app.bsky.feed.post/3mfevyhiamk2n,bafyreif5k25ayiglal47nhj35wmwf2hpbe3z23kbdugmh6h3gpocncvcge,did:plc:hwl6yovspqh3ieprkhepoi2j,llamalens.bsky.social,,
e8a3d8ee3ef447c79b63dd49b78ce454,2026-02-22T08:00:00Z,2026-02-22T08:10:03Z,auth,auth_enUS_labelerexp,at://did:plc:x3cya3wkt4n6u4ihmvpsc5if/app.bsky.feed.generator/aaacynbxwimok,suggested_labelerexp,50,at://did:plc:p5yeo4d35olo65jtkhfnijpx/app.bsky.feed.post/3mfevri7eus2m,bafyreidgs2ewzrrgorvvi4v2p2p755lmdrkbzcmsgdymus4de4k36bvd7u,did:plc:p5yeo4d35olo65jtkhfnijpx,ajrimberg.bsky.social,,
