run_id,snapshot_hour_utc,captured_at_utc,viewer_mode,vantage_id,feed_uri,bucket,rank,post_uri,post_cid,author_did,author_handle,reason_type,reason_actor_did
83fd3da1571945f78ee1ec3456c3980a,2026-02-27T20:00:00Z,2026-02-27T20:17:07Z,auth,auth_enUS_labelerexp,at://did:plc:3yre25vmyrxl5ukvds223gha/app.bsky.feed.generator/aaacxwl2iuuj6,suggested_labelerexp,1,at://did:plc:3yre25vmyrxl5ukvds223gha/app.bsky.feed.post/3lkav4r627k2j,bafyreig4xgwitfp4sjhfvziqik6ziujcxzoxaldicfflsktvpucnrd6zli,did:plc:3yre25vmyrxl5ukvds223gha,pixiegirlcam.bsky.social,,
83fd3da1571945f78ee1ec3456c3980a,2026-02-27T20:00:00Z,2026-02-27T20:17:07Z,auth,auth_enUS_labelerexp,at://did:plc:3yre25vmyrxl5ukvds223gha/app.bsky.feed.generator/aaacxwl2iuuj6,suggested_labelerexp,2,at://did:plc:tp7ppz6a3eyduaw4z6kp3k2k/app.bsky.feed.post/3mfu66arnps2y,bafyreigzpk3yq7yxbwta3zbmragzelnsfa5jmn5lgauvhngdltfenthacu,did:plc:tp7ppz6a3eyduaw4z6kp3k2k,scoobsboobs.bsky.social,,
83fd3da1571945f78ee1ec3456c3980a,2026-02-27T20:00:00Z,2026-02-27T20:17:07Z,auth,auth_enUS_labelerexp,at://did:plc:3yre25vmyrxl5ukvds223gha/app.bsky.feed.generator/aaacxwl2iuuj6,suggested_labelerexp,3,at://did:plc:hrfvga7ts2u6kdtwwdfcxrok/app.bsky.feed.post/3mfu3cqltpk2i,bafyreidcfebt3lddaaonfzciplpuueg3fixthtjuit4xdub2emlxljw2sq,did:plc:hrfvga7ts2u6kdtwwdfcxrok,xoxoaliaquinn.bsky.social,,
83fd3da1571945f78ee1ec3456c3980a,2026-02-27T20:00:00Z,2026-02-27T20:17:07Z,auth,auth_enUS_labelerexp,at://did:plc:3yre25vmyrxl5ukvds223gha/app.bsky.feed.generator/aaacxwl2iuuj6,suggested_labelerexp,4,at://did:plc:2fbsro4w5in7l3yg6wf5ccd6/app.bsky.feed.post/3mftjwovcrs2m,bafyreieyd3sikw7coa76vsicwhmn52nudlzczc6ithgpkmzam6gumu6kwq,did:plc:2fbsro4w5in7l3yg6wf5ccd6,pinkbaby244.bsky.social,,
83fd3da1571945f78ee1ec3456c3980a,2026-02-27T20:00:00Z,2026-02-27T20:17:07Z,auth,auth_enUS_labelerexp,at://did:plc:3yre25vmyrxl5ukvds223gha/app.bsky.feed.generator/aaacxwl2iuuj6,suggested_labelerexp,5,at://did:plc:lg5ubh3ryod4w2mwlnxumfk3/app.bsky.feed.post/3mftju6uojy23,bafyreifxpobn7tgfp3qv77tszx6t7ccksyiu6jv7kr3djokjrrlj7hhlai,did:plc:lg5ubh3ryod4w2mwlnxumfk3,alexalouise.bsky.social,,
83fd3da1571945f78ee1ec3456c3980a,2026-02-27T20:00:00Z,2026-02-27T20:17:07Z,auth,auth_enUS_labelerexp,at://did:plc:3yre25vmyrxl5ukvds223gha/app.bsky.feed.generator/aaacxwl2iuuj6,suggested_labelerexp,6,at://did:plc:p73seh4ghgthjacaumcdl7za/app.bsky.feed.post/3mfs7na2fys2d,bafyreiglcicserabzs4ece7o6mhw5qbz7dt5hccfcnd6qbspeby7lytjle,did:plc:p73seh4ghgthjacaumcdl7za,killermask.bsky.social,,
83fd3da1571945f78ee1ec3456c3980a,2026-02-27T20:00:00Z,2026-02-27T20:17:07Z,auth,auth_enUS_labelerexp,at://did:plc:3yre25vmyrxl5ukvds223gha/app.bsky.feed.generator/aaacxwl2iuuj6,suggested_labelerexp,7,at://did:plc:lg5ubh3ryod4w2mwlnxumfk3/app.bsky.feed.post/3mfrvrislon2k,bafyreigpxyagfgjykkj7wrh372d5smjlbpn7ntdt3mvgyt4ztnq3vuqefa,did:plc:lg5ubh3ryod4w2mwlnxumfk3,alexalouise.bsky.social,,
83fd3da1571945f78ee1ec3456c3980a,2026-02-27T20:00:00Z,2026-02-27T20:17:07Z,auth,auth_enUS_labelerexp,at://did:plc:3yre25vmyrxl5ukvds223gha/app.bsky.feed.generator/aaacxwl2iuuj6,suggested_labelerexp,8,at://did:plc:p73seh4ghgthjacaumcdl7za/app.bsky.feed.post/3mfrhdi4nrc2b,bafyreic7ct6icr4wtt2tvifasu5ta3d5xsb4ytwtdnumyzqw6crxg2g72a,did:plc:p73seh4ghgthjacaumcdl7za,killermask.bsky.social,,
83fd3da1571945f78ee1ec3456c3980a,2026-02-27T20:00:00Z,2026-02-27T20:17:07Z,auth,auth_enUS_labelerexp,at://did:plc:3yre25vmyrxl5ukvds223gha/app.bsky.feed.generator/aaacxwl2iuuj6,suggested_labelerexp,9,at://did:plc:p73seh4ghgthjacaumcdl7za/app.bsky.feed.post/3mfqgcnt67s2r,bafyreiaeko3amtciq5z77fj3msh3lv2o3nopqnkifo4htc5kuw4ys7otbu,did:plc:p73seh4ghgthjacaumcdl7za,killermask.bsky.social,,
83fd3da1571945f78ee1ec3456c3980a,2026-02-27T20:00:00Z,2026-02-27T20:17:07Z,auth,auth_enUS_labelerexp,at://did:plc:3yre25vmyrxl5ukvds223gha/app.bsky.feed.generator/aaacxwl2iuuj6,suggested_labelerexp,10,at://did:plc:ofbx4soloz7675o7dfy7cije/app.bsky.feed.post/3mfpomdhbl22o,bafyreie65znjtm4dcyll6p3h5wuteysh5djyrapcerhwx4xbo4viodhwze,did:plc:ofbx4soloz7675o7dfy7cije,kittyvonbyte.bsky.social,,
83fd3da1571945f78ee1ec3456c3980a,2026-02-27T20:00:00Z,2026-02-27T20:17:07Z,auth,auth_enUS_labelerexp,at://did:plc:3yre25vmyrxl5ukvds223gha/app.bsky.feed.generator/aaacxwl2iuuj6,suggested_labelerexp,11,at://did:plc:aqf2ely6wd2pdrmth62fny7q/app.bsky.feed.post/3mfpf3a2yik2b,bafyreig7g2fvv6eflf4t3wppybzwqelc7lqaz53xnitx6p3hzkhxneimoq,did:plc:aqf2ely6wd2pdrmth62fny7q,gloriahole420.bsky.social,,
83fd3da1571945f78ee1ec3456c3980a,2026-02-27T20:00:00Z,2026-02-27T20:17:07Z,auth,auth_enUS_labelerexp,at://did:plc:3yre25vmyrxl5ukvds223gha/app.bsky.feed.generator/aaacxwl2iuuj6,suggested_labelerexp,12,at://did:plc:4d6zyon4dbtttvh5wfwgcbww/app.bsky.feed.post/3mfpdfkeeu22k,bafyreibt6wqkenra4isdgulr64kdjzjhswrhkeftdtqm2f4uqyidhf6rbe,did:plc:4d6zyon4dbtttvh5wfwgcbww,queenpinky.bsky.social,,
83fd3da1571945f78ee1ec3456c3980a,2026-02-27T20:00:00Z,2026-02-27T20:17:07Z,auth,auth_enUS_labelerexp,at://did:plc:3yre25vmyrxl5ukvds223gha/app.bsky.feed.generator/aaacxwl2iuuj6,suggested_labelerexp,13,at://did:plc:4d6zyon4dbtttvh5wfwgcbww/app.bsky.feed.post/3mfpd7to3sc2k,bafyreih2eastbtbycaq2zc2usbkxmccvsenxvsd5da35jhmbdt2fhkw3ne,did:plc:4d6zyon4dbtttvh5wfwgcbww,queenpinky.bsky.social,,
83fd3da1571945f78ee1ec3456c3980a,2026-02-27T20:00:00Z,2026-02-27T20:17:07Z,auth,auth_enUS_labelerexp,at://did:plc:3yre25vmyrxl5ukvds223gha/app.bsky.feed.generator/aaacxwl2iuuj6,suggested_labelerexp,14,at://did:plc:lg5ubh3ryod4w2mwlnxumfk3/app.bsky.feed.post/3mfoesksth32q,bafyreideahia7gacrnpvofnk35pokppacjllkdnhlsneuig2cul62cabue,did:plc:lg5ubh3ryod4w2mwlnxumfk3,alexalouise.bsky.social,,
83fd3da1571945f78ee1ec3456c3980a,2026-02-27T20:00:00Z,2026-02-27T20:17:07Z,auth,auth_enUS_labelerexp,at://did:plc:3yre25vmyrxl5ukvds223gha/app.bsky.feed.generator/aaacxwl2iuuj6,suggested_labelerexp,15,at://did:plc:ofbx4soloz7675o7dfy7cije/app.bsky.feed.post/3mfmlm2d6i22x,bafyreigj4pfpbmedckm4lxiat3tk63s7csji5wo3jki2bwjlh24yn6ep2i,did:plc:ofbx4soloz7675o7dfy7cije,kittyvonbyte.bsky.social,,
83fd3da1571945f78ee1ec3456c3980a,2026-02-27T20:00:00Z,2026-02-27T20:17:07Z,auth,auth_enUS_labelerexp,at://did:plc:3yre25vmyrxl5ukvds223gha/app.bsky.feed.generator/aaacxwl2iuuj6,suggested_labelerexp,16,at://did:plc:syijvilo5leepzzuy7d3bdkr/app.bsky.feed.post/3mfmks4pqvk2c,bafyreihxfuryhwwxbo7nzldloea4445dtznc2auklm4s3lbqy6lw7r5gym,did:plc:syijvilo5leepzzuy7d3bdkr,collaredclown.bsky.social,,
83fd3da1571945f78ee1ec3456c3980a,2026-02-27T20:00:00Z,2026-02-27T20:17:07Z,auth,auth_enUS_labelerexp,at://did:plc:3yre25vmyrxl5ukvds223gha/app.bsky.feed.generator/aaacxwl2iuuj6,suggested_labelerexp,17,at://did:plc:hrfvga7ts2u6kdtwwdfcxrok/app.bsky.feed.post/3mfmhoxc3zs2f,bafyreidvkznkfnqz7pozorw6defbkiwa5olgjgzfbul6ajyxveerwvc6ni,did:plc:hrfvga7ts2u6kdtwwdfcxrok,xoxoaliaquinn.bsky.social,,
83fd3da1571945f78ee1ec3456c3980a,2026-02-27T20:00:00Z,2026-02-27T20:17:07Z,auth,auth_enUS_labelerexp,at://did:plc:3yre25vmyrxl5ukvds223gha/app.bsky.feed.generator/aaacxwl2iuuj6,suggested_labelerexp,18,at://did:plc:lg5ubh3ryod4w2mwlnxumfk3/app.bsky.feed.post/3mflwva3l4o2k,bafyreigohqro7ogxnsghqufdubtflh52lypskgjix6nnnwz5e3b6obnyaq,did:plc:lg5ubh3ryod4w2mwlnxumfk3,alexalouise.bsky.social,,
83fd3da1571945f78ee1ec3456c3980a,2026-02-27T20:00:00Z,2026-02-27T20:17:07Z,auth,auth_enUS_labelerexp,at://did:plc:3yre25vmyrxl5ukvds223gha/app.bsky.feed.generator/aaacxwl2iuuj6,suggested_labelerexp,19,at://did:plc:p73seh4ghgthjacaumcdl7za/app.bsky.feed.post/3mfjwvbms7k2t,bafyreieeuneszldapnsz35jp34gxf5gl5idbgj6tkz6juee3f4bjuhdl4a,did:plc:p73seh4ghgthjacaumcdl7za,killermask.bsky.social,,
83fd3da1571945f78ee1ec3456c3980a,2026-02-27T20:00:00Z,2026-02-27T20:17:07Z,auth,auth_enUS_labelerexp,at://did:plc:3yre25vmyrxl5ukvds223gha/app.bsky.feed.generator/aaacxwl2iuuj6,suggested_labelerexp,20,at://did:plc:va2ddwup34vunnoajlnoxjgz/app.bsky.feed.post/3mfjvo2vr7c24,bafyreiatpg2lqsvpdrkjlomzh3e7roamg7kajvxp36tvei6mfwjhbw4qq4,did:plc:va2ddwup34vunnoajlnoxjgz,tatianavex.bsky.social,,
83fd3da1571945f78ee1ec3456c3980a,2026-02-27T20:00:00Z,2026-02-27T20:17:07Z,auth,auth_enUS_labelerexp,at://did:plc:3yre25vmyrxl5ukvds223gha/app.bsky.feed.generator/aaacxwl2iuuj6,suggested_labelerexp,21,at://did:plc:lg5ubh3ryod4w2mwlnxumfk3/app.bsky.feed.post/3mfjicuwrtz2y,bafyreianzt3smogcioyscjddrj2ylirp3kgpns7ubers726esfk6dcbfja,did:plc:lg5ubh3ryod4w2mwlnxumfk3,alexalouise.bsky.social,,
83fd3da1571945f78ee1ec3456c3980a,2026-02-27T20:00:00Z,2026-02-27T20:17:07Z,auth,auth_enUS_labelerexp,at://did:plc:3yre25vmyrxl5ukvds223gha/app.bsky.feed.generator/aaacxwl2iuuj6,suggested_labelerexp,22,at://did:plc:gw4m4yvv6tqx3v5wvyttgkpt/app.bsky.feed.post/3mfhzscakga2u,bafyreidapgjbyidbr7o7kjtxpm7rkrnspa52q6kxrht4bv5ijb7bcovfci,did:plc:gw4m4yvv6tqx3v5wvyttgkpt,kyliekayy.bsky.social,,
83fd3da1571945f78ee1ec3456c3980a,2026-02-27T20:00:00Z,2026-02-27T20:17:07Z,auth,auth_enUS_labelerexp,at://did:plc:3yre25vmyrxl5ukvds223gha/app.bsky.feed.generator/aaacxwl2iuuj6,suggested_labelerexp,23,at://did:plc:lg5ubh3ryod4w2mwlnxumfk3/app.bsky.feed.post/3mfhk2nvrev2l,bafyreidqpyouxtmurs4fjr3wrv3c54yd53cypkiikugxx5xaftrefwfeiu,did:plc:lg5ubh3ryod4w2mwlnxumfk3,alexalouise.bsky.social,,
83fd3da1571945f78ee1ec3456c3980a,2026-02-27T20:00:00Z,2026-02-27T20:17:07Z,auth,auth_enUS_labelerexp,at://did:plc:3yre25vmyrxl5ukvds223gha/app.bsky.feed.generator/aaacxwl2iuuj6,suggested_labelerexp,24,at://did:plc:cixnk5tla2bsgt5oiuh7h5qs/app.bsky.feed.post/3mfgcqlfgts2d,bafyreiesnwukiom7uqzmwyomotvscb562um3io7bj35uqonzg6a3hrku74,did:plc:cixnk5tla2bsgt5oiuh7h5qs,exitritual.bsky.social,,
83fd3da1571945f78ee1ec3456c3980a,2026-02-27T20:00:00Z,2026-02-27T20:17:07Z,auth,auth_enUS_labelerexp,at://did:plc:3yre25vmyrxl5ukvds223gha/app.bsky.feed.generator/aaacxwl2iuuj6,suggested_labelerexp,25,at://did:plc:syijvilo5leepzzuy7d3bdkr/app.bsky.feed.post/3mffuv7i43k2u,bafyreicxgbycgyrbx74dtwdjn6ccdj54pufdwrz6wof7uucsnugmxnvrai,did:plc:syijvilo5leepzzuy7d3bdkr,collaredclown.bsky.social,,
83fd3da1571945f78ee1ec3456c3980a,2026-02-27T20:00:00Z,2026-02-27T20:17:07Z,auth,auth_enUS_labelerexp,at://did:plc:3yre25vmyrxl5ukvds223gha/app.bsky.feed.generator/aaacxwl2iuuj6,suggested_labelerexp,26,at://did:plc:lg5ubh3ryod4w2mwlnxumfk3/app.bsky.feed.post/3mff5qfbvy42c,bafyreibifgqitbny7r2sa4i7as34bp4h7tsvgdztfyqg2pamiuosobfiw4,did:plc:lg5ubh3ryod4w2mwlnxumfk3,alexalouise.bsky.social,,
83fd3da1571945f78ee1ec3456c3980a,2026-02-27T20:00:00Z,2026-02-27T20:17:07Z,auth,auth_enUS_labelerexp,at://did:plc:3yre25vmyrxl5ukvds223gha/app.bsky.feed.generator/aaacxwl2iuuj6,suggested_labelerexp,27,at://did:plc:lg5ubh3ryod4w2mwlnxumfk3/app.bsky.feed.post/3mfcmuww5ka24,bafyreido66cqxrgstw66zjz5k3kc4oluwff3d4dtwuxqdfnmfq3w3hxi6y,did:plc:lg5ubh3ryod4w2mwlnxumfk3,alexalouise.bsky.social,,
83fd3da1571945f78ee1ec3456c3980a,2026-02-27T20:00:00Z,2026-02-27T20:17:07Z,auth,auth_enUS_labelerexp,at://did:plc:3yre25vmyrxl5ukvds223gha/app.bsky.feed.generator/aaacxwl2iuuj6,suggested_labelerexp,28,at://did:plc:jjgtmzm7o7gqazajpxde6gxt/app.bsky.feed.post/3mfbgrxkpyc2b,bafyreiegvob2xbwliuu6flhmlhje4tagnpijseyobpbkvm3vgk5a2lesoe,did:plc:jjgtmzm7o7gqazajpxde6gxt,pottedherb.bsky.social,,
83fd3da1571945f78ee1ec3456c3980a,2026-02-27T20:00:00Z,2026-02-27T20:17:07Z,auth,auth_enUS_labelerexp,at://did:plc:3yre25vmyrxl5ukvds223gha/app.bsky.feed.generator/aaacxwl2iuuj6,suggested_labelerexp,29,at://did:plc:s5i4rltqbwgogplu2j6blniu/app.bsky.feed.post/3mfau7gzizs2c,bafyreifgsds5qsh4mub25imvww2ylkpkqkn3kzvap3ofc4tnv5acpaqnpu,did:plc:s5i4rltqbwgogplu2j6blniu,luciddream-exe.bsky.social,,
83fd3da1571945f78ee1ec3456c3980a,2026-02-27T20:00:00Z,2026-02-27T20:17:07Z,auth,auth_enUS_labelerexp,at://did:plc:3yre25vmyrxl5ukvds223gha/app.bsky.feed.generator/aaacxwl2iuuj6,suggested_labelerexp,30,at://did:plc:gw4m4yvv6tqx3v5wvyttgkpt/app.bsky.feed.post/3mfaifjzpd52n,bafyreihikjated26bhehlo4ota4tnga7kgihzrqbstzs3dqg44tmhtx7kq,did:plc:gw4m4yvv6tqx3v5wvyttgkpt,kyliekayy.bsky.social,,
83fd3da1571945f78ee1ec3456c3980a,2026-02-27T20:00:00Z,2026-02-27T20:17:07Z,auth,auth_enUS_labelerexp,at://did:plc:3yre25vmyrxl5ukvds223gha/app.bsky.feed.generator/aaacxwl2iuuj6,suggested_labelerexp,31,at://did:plc:syijvilo5leepzzuy7d3bdkr/app.bsky.feed.post/3mfa2xilhps2g,bafyreihczdudmbkk2k7wdfhy7xtv26n2hpjmckqhxp4mpm5qrvqcpxpd7a,did:plc:syijvilo5leepzzuy7d3bdkr,collaredclown.bsky.social,,
83fd3da1571945f78ee1ec3456c3980a,2026-02-27T20:00:00Z,2026-02-27T20:17:07Z,auth,auth_enUS_labelerexp,at://did:plc:3yre25vmyrxl5ukvds223gha/app.bsky.feed.generator/aaacxwl2iuuj6,suggested_labelerexp,32,at://did:plc:hrfvga7ts2u6kdtwwdfcxrok/app.bsky.feed.post/3mf7saj7bzk2j,bafyreibhifjwo3asu6nebbi3gfrd7esnmkquxq25xmfwqmiscz6gi2gswa,did:plc:hrfvga7ts2u6kdtwwdfcxrok,xoxoaliaquinn.bsky.social,,
83fd3da1571945f78ee1ec3456c3980a,2026-02-27T20:00:00Z,2026-02-27T20:17:07Z,auth,auth_enUS_labelerexp,at://did:plc:3yre25vmyrxl5ukvds223gha/app.bsky.feed.generator/aaacxwl2iuuj6,suggested_labelerexp,33,at://did:plc:va2ddwup34vunnoajlnoxjgz/app.bsky.feed.post/3mf7nlekrg523,bafyreidmrsn7dnauowjpttvxbdhve63e6iovvgvntnuwb4hkp7jsqokkrm,did:plc:va2ddwup34vunnoajlnoxjgz,tatianavex.bsky.social,,
83fd3da1571945f78ee1ec3456c3980a,2026-02-27T20:00:00Z,2026-02-27T20:17:07Z,auth,auth_enUS_labelerexp,at://did:plc:3yre25vmyrxl5ukvds223gha/app.bsky.feed.generator/aaacxwl2iuuj6,suggested_labelerexp,34,at://did:plc:uvnrxnb4fvrxwf5u7mccjxao/app.bsky.feed.post/3mf6slcz5sk2b,bafyreicjl2zrxpwnetqvfhtwd3unz62n473u5xz2eejiowlvr32sk3ve7i,did:plc:uvnrxnb4fvrxwf5u7mccjxao,bunniiboi.bsky.social,,
83fd3da1571945f78ee1ec3456c3980a,2026-02-27T20:00:00Z,2026-02-27T20:17:07Z,auth,auth_enUS_labelerexp,at://did:plc:3yre25vmyrxl5ukvds223gha/app.bsky.feed.generator/aaacxwl2iuuj6,suggested_labelerexp,35,at://did:plc:va2ddwup34vunnoajlnoxjgz/app.bsky.feed.post/3mf66nqghqd2r,bafyreicm4al2mfbxfibygdi3dax6a3r7idk7hxuwmlup4l4rbp2txakcmq,did:plc:va2ddwup34vunnoajlnoxjgz,tatianavex.bsky.social,,
83fd3da1571945f78ee1ec3456c3980a,2026-02-27T20:00:00Z,2026-02-27T20:17:07Z,auth,auth_enUS_labelerexp,at://did:plc:3yre25vmyrxl5ukvds223gha/app.bsky.feed.generator/aaacxwl2iuuj6,suggested_labelerexp,36,at://did:plc:va2ddwup34vunnoajlnoxjgz/app.bsky.feed.post/3mf5kmab3l22p,bafyreie2n2x4qjxsry6ycixjnoxj4mq6g7e4kthip23rs5wlgp2ododtfm,did:plc:va2ddwup34vunnoajlnoxjgz,tatianavex.bsky.social,,
83fd3da1571945f78ee1ec3456c3980a,2026-02-27T20:00:00Z,2026-02-27T20:17:07Z,auth,auth_enUS_labelerexp,at://did:plc:3yre25vmyrxl5ukvds223gha/app.bsky.feed.generator/aaacxwl2iuuj6,suggested_labelerexp,37,at://did:plc:hrfvga7ts2u6kdtwwdfcxrok/app.bsky.feed.post/3mf5forf7bk24,bafyreidfdy3imx45u4e3oh4f233wdamvmgn3myrq4qmkslhvau5rxfmwwu,did:plc:hrfvga7ts2u6kdtwwdfcxrok,xoxoaliaquinn.bsky.social,,
83fd3da1571945f78ee1ec3456c3980a,2026-02-27T20:00:00Z,2026-02-27T20:17:07Z,auth,auth_enUS_labelerexp,at://did:plc:3yre25vmyrxl5ukvds223gha/app.bsky.feed.generator/aaacxwl2iuuj6,suggested_labelerexp,38,at://did:plc:p73seh4ghgthjacaumcdl7za/app.bsky.feed.post/3mf5amapg7c2d,bafyreiafz5qe6pelwyff2sjxpwcauyinpf6swgri54q2q6p4rfuetip66u,did:plc:p73seh4ghgthjacaumcdl7za,killermask.bsky.social,,
83fd3da1571945f78ee1ec3456c3980a,2026-02-27T20:00:00Z,2026-02-27T20:17:07Z,auth,auth_enUS_labelerexp,at://did:plc:3yre25vmyrxl5ukvds223gha/app.bsky.feed.generator/aaacxwl2iuuj6,suggested_labelerexp,39,at://did:plc:va2ddwup34vunnoajlnoxjgz/app.bsky.feed.post/3mf557c7nti2r,bafyreigb3wcb6l2342s5rnt5h7achchbt6hskyz7r57dfrtxnmxe5qykme,did:plc:va2ddwup34vunnoajlnoxjgz,tatianavex.bsky.social,,
83fd3da1571945f78ee1ec3456c3980a,2026-02-27T20:00:00Z,2026-02-27T20:17:07Z,auth,auth_enUS_labelerexp,at://did:plc:3yre25vmyrxl5ukvds223gha/app.bsky.feed.generator/aaacxwl2iuuj6,suggested_labelerexp,40,at://did:plc:7t4go4q7n62hm5fmfgkmfl3n/app.bsky.feed.post/3mf3w5gf4qk2h,bafyreiantthfksx2vnu3tsug6kxfzznzofinbzqj5axudcvjkjvxz2dnri,did:plc:7t4go4q7n62hm5fmfgkmfl3n,jaylynnstarke.bsky.social,,
83fd3da1571945f78ee1ec3456c3980a,2026-02-27T20:00:00Z,2026-02-27T20:17:07Z,auth,auth_enUS_labelerexp,at://did:plc:3yre25vmyrxl5ukvds223gha/app.bsky.feed.generator/aaacxwl2iuuj6,suggested_labelerexp,41,at://did:plc:jjgtmzm7o7gqazajpxde6gxt/app.bsky.feed.post/3mf3gmqyygk2n,bafyreifjqpo4wgwhhxxq5yxjfxmtwxvgmnare2633joq5y4h2gzad7ls2q,did:plc:jjgtmzm7o7gqazajpxde6gxt,pottedherb.bsky.social,,
83fd3da1571945f78ee1ec3456c3980a,2026-02-27T20:00:00Z,2026-02-27T20:17:07Z,auth,auth_enUS_labelerexp,at://did:plc:3yre25vmyrxl5ukvds223gha/app.bsky.feed.generator/aaacxwl2iuuj6,suggested_labelerexp,42,at://did:plc:syijvilo5leepzzuy7d3bdkr/app.bsky.feed.post/3mf37exir3k2w,bafyreia77dqwwdbuyk4cytghzyikgawiivw5h2qd7pljg63oomoprd6qhi,did:plc:syijvilo5leepzzuy7d3bdkr,collaredclown.bsky.social,,
83fd3da1571945f78ee1ec3456c3980a,2026-02-27T20:00:00Z,2026-02-27T20:17:07Z,auth,auth_enUS_labelerexp,at://did:plc:3yre25vmyrxl5ukvds223gha/app.bsky.feed.generator/aaacxwl2iuuj6,suggested_labelerexp,43,at://did:plc:syijvilo5leepzzuy7d3bdkr/app.bsky.feed.post/3mf34q7sthk2j,bafyreibiiihh7qnf4wbczas5fg2q3nuplr6m4sngdytbsta6f5pbm3yyki,did:plc:syijvilo5leepzzuy7d3bdkr,collaredclown.bsky.social,,
83fd3da1571945f78ee1ec3456c3980a,2026-02-27T20:00:00Z,2026-02-27T20:17:07Z,auth,auth_enUS_labelerexp,at://did:plc:3yre25vmyrxl5ukvds223gha/app.bsky.feed.generator/aaacxwl2iuuj6,suggested_labelerexp,44,at://did:plc:va2ddwup34vunnoajlnoxjgz/app.bsky.feed.post/3mf325gtih62j,bafyreiceb6idmo5jmsww7tia4bniupzr6lav2fu7ciq3uwysmxcpv77o3i,did:plc:va2ddwup34vunnoajlnoxjgz,tatianavex.bsky.social,,
83fd3da1571945f78ee1ec3456c3980a,2026-02-27T20:00:00Z,2026-02-27T20:17:07Z,auth,auth_enUS_labelerexp,at://did:plc:3yre25vmyrxl5ukvds223gha/app.bsky.feed.generator/aaacxwl2iuuj6,suggested_labelerexp,45,at://did:plc:hrfvga7ts2u6kdtwwdfcxrok/app.bsky.feed.post/3mf2yolzvc22u,bafyreidw55mpxg6noxkjqb5zci5h6b25zyh6vt43zo23ip4szfc53f2dgm,did:plc:hrfvga7ts2u6kdtwwdfcxrok,xoxoaliaquinn.bsky.social,,
83fd3da1571945f78ee1ec3456c3980a,2026-02-27T20:00:00Z,2026-02-27T20:17:07Z,auth,auth_enUS_labelerexp,at://did:plc:3yre25vmyrxl5ukvds223gha/app.bsky.feed.generator/aaacxwl2iuuj6,suggested_labelerexp,46,at://did:plc:p73seh4ghgthjacaumcdl7za/app.bsky.feed.post/3mf2xbyajps2i,bafyreihhimmolsgqywdn7vdfvbynkhttybfs6wttm5s6gzvpwiuu5e65ni,did:plc:p73seh4ghgthjacaumcdl7za,killermask.bsky.social,,
83fd3da1571945f78ee1ec3456c3980a,2026-02-27T20:00:00Z,2026-02-27T20:17:07Z,auth,auth_enUS_labelerexp,at://did:plc:3yre25vmyrxl5ukvds223gha/app.bsky.feed.generator/aaacxwl2iuuj6,suggested_labelerexp,47,at://did:plc:gw4m4yvv6tqx3v5wvyttgkpt/app.bsky.feed.post/3meywyzlwhc2c,bafyreihnu23xsy2f7jx5ipyj5kejlk7gu2nmxjzcowbmpl5vma2zgp2nne,did:plc:gw4m4yvv6tqx3v5wvyttgkpt,kyliekayy.bsky.social,,
83fd3da1571945f78ee1ec3456c3980a,2026-02-27T20:00:00Z,2026-02-27T20:17:07Z,auth,auth_enUS_labelerexp,at://did:plc:3yre25vmyrxl5ukvds223gha/app.bsky.feed.generator/aaacxwl2iuuj6,suggested_labelerexp,48,at://did:plc:va2ddwup34vunnoajlnoxjgz/app.bsky.feed.post/3meyjojno2n2g,bafyreih2acggduzsxlz52v4y3s22ysw7ezte3xoh6ncgsb64ytj4x4lsx4,did:plc:va2ddwup34vunnoajlnoxjgz,tatianavex.bsky.social,,
83fd3da1571945f78ee1ec3456c3980a,2026-02-27T20:00:00Z,2026-02-27T20:17:07Z,auth,auth_enUS_labelerexp,at://did:plc:3yre25vmyrxl5ukvds223gha/app.bsky.feed.generator/aaacxwl2iuuj6,suggested_labelerexp,49,at://did:plc:urgnc7sej2uw227nyb7yfxtl/app.bsky.feed.post/3meyh32lf6c2y,bafyreieg3j473nmbknu3lsca2r4dqnfuq57ftqqojmsrwqcqhok2sexwp4,did:plc:urgnc7sej2uw227nyb7yfxtl,manicmothowo.bsky.social,,
83fd3da1571945f78ee1ec3456c3980a,2026-02-27T20:00:00Z,2026-02-27T20:17:07Z,auth,auth_enUS_labelerexp,at://did:plc:3yre25vmyrxl5ukvds223gha/app.bsky.feed.generator/aaacxwl2iuuj6,suggested_labelerexp,50,at://did:plc:va2ddwup34vunnoajlnoxjgz/app.bsky.feed.post/3mey4beiq5x2v,bafyreiddkynzt4t3qch7rbsz6qikqsp7hzvvd5bbi2krrmtzj3leqmcm64,did:plc:va2ddwup34vunnoajlnoxjgz,tatianavex.bsky.social,,
83fd3da1571945f78ee1ec3456c3980a,2026-02-27T20:00:00Z,2026-02-27T20:17:10Z,auth,auth_enUS_labelerexp,at://did:plc:7tessqxe6pssegenvcehnu6t/app.bsky.feed.generator/aaapo66fyrrga,suggested_labelerexp,1,at://did:plc:nrh7ngbqmdfdxowtxn6dazec/app.bsky.feed.post/3mfujdsb4t22u,bafyreigvvcoariskn2utfhgfvz2m5pyaalu4myadyjflwwc3pdxtlzmxhy,did:plc:nrh7ngbqmdfdxowtxn6dazec,docseuss.bsky.social,,
83fd3da1571945f78ee1ec3456c3980a,2026-02-27T20:00:00Z,2026-02-27T20:17:10Z,auth,auth_enUS_labelerexp,at://did:plc:7tessqxe6pssegenvcehnu6t/app.bsky.feed.generator/aaapo66fyrrga,suggested_labelerexp,2,at://did:plc:3ndls44ookped7wtrvt2qozy/app.bsky.feed.post/3mfujce3ho22w,bafyreicakbjjqza22xsw6zh6uavdmtkuahxnvlrtivih7k25k2y6imflm4,did:plc:3ndls44ookped7wtrvt2qozy,mcoorlim.com,,
83fd3da1571945f78ee1ec3456c3980a,2026-02-27T20:00:00Z,2026-02-27T20:17:10Z,auth,auth_enUS_labelerexp,at://did:plc:7tessqxe6pssegenvcehnu6t/app.bsky.feed.generator/aaapo66fyrrga,suggested_labelerexp,3,at://did:plc:n65yjf645l3npbk7uejyxsyi/app.bsky.feed.post/3mfuiya4nf22q,bafyreihjid4ustwpo3m7oqqdvea2t47gkbeanvmbgmrdffwzyv5uuadeta,did:plc:n65yjf645l3npbk7uejyxsyi,cameronsuey.com,,
83fd3da1571945f78ee1ec3456c3980a,2026-02-27T20:00:00Z,2026-02-27T20:17:10Z,auth,auth_enUS_labelerexp,at://did:plc:7tessqxe6pssegenvcehnu6t/app.bsky.feed.generator/aaapo66fyrrga,suggested_labelerexp,4,at://did:plc:76sg5wnmqnrotk4d3xpmbtmd/app.bsky.feed.post/3mfuhzaqdnk2g,bafyreihl5y3qi3y65ljlbsefhzda6ga2s6qsnltmch7rliabsmjuvbhyc4,did:plc:76sg5wnmqnrotk4d3xpmbtmd,joshscherr.bsky.social,,
83fd3da1571945f78ee1ec3456c3980a,2026-02-27T20:00:00Z,2026-02-27T20:17:10Z,auth,auth_enUS_labelerexp,at://did:plc:7tessqxe6pssegenvcehnu6t/app.bsky.feed.generator/aaapo66fyrrga,suggested_labelerexp,5,at://did:plc:5wmwbibbyym6nmkmz7b6yyoj/app.bsky.feed.post/3mfuglpamx22u,bafyreidlsg65bs27j5dfxwwskuwi7qtp3e5pb4gwuj6t7k4uetzqnapzbe,did:plc:5wmwbibbyym6nmkmz7b6yyoj,jessnevins.bsky.social,,
83fd3da1571945f78ee1ec3456c3980a,2026-02-27T20:00:00Z,2026-02-27T20:17:10Z,auth,auth_enUS_labelerexp,at://did:plc:7tessqxe6pssegenvcehnu6t/app.bsky.feed.generator/aaapo66fyrrga,suggested_labelerexp,6,at://did:plc:n7xsqoc7ztdsmfuvfmtndp52/app.bsky.feed.post/3mfufsadqyc2l,bafyreihml53pmm5vf6y63o3yz3yuoe3ekifre6c4gp6ccqlmbzuz27jv3m,did:plc:n7xsqoc7ztdsmfuvfmtndp52,catacalypto.bsky.social,,
83fd3da1571945f78ee1ec3456c3980a,2026-02-27T20:00:00Z,2026-02-27T20:17:10Z,auth,auth_enUS_labelerexp,at://did:plc:7tessqxe6pssegenvcehnu6t/app.bsky.feed.generator/aaapo66fyrrga,suggested_labelerexp,7,at://did:plc:7s3nrh2nc7h3j6d5xhmeqwuf/app.bsky.feed.post/3mfufhpbukc2b,bafyreifwvxkrnm3sepuvc3nhihl4metslve3nahchy24q22olp6j4nqiau,did:plc:7s3nrh2nc7h3j6d5xhmeqwuf,markwoman.bsky.social,,
83fd3da1571945f78ee1ec3456c3980a,2026-02-27T20:00:00Z,2026-02-27T20:17:10Z,auth,auth_enUS_labelerexp,at://did:plc:7tessqxe6pssegenvcehnu6t/app.bsky.feed.generator/aaapo66fyrrga,suggested_labelerexp,8,at://did:plc:5wmwbibbyym6nmkmz7b6yyoj/app.bsky.feed.post/3mfudompbm225,bafyreifwpibonikkp2nu5lnd5rhx2x55mw47qlqgrbtrrjslrxt5x733my,did:plc:5wmwbibbyym6nmkmz7b6yyoj,jessnevins.bsky.social,,
83fd3da1571945f78ee1ec3456c3980a,2026-02-27T20:00:00Z,2026-02-27T20:17:10Z,auth,auth_enUS_labelerexp,at://did:plc:7tessqxe6pssegenvcehnu6t/app.bsky.feed.generator/aaapo66fyrrga,suggested_labelerexp,9,at://did:plc:5wmwbibbyym6nmkmz7b6yyoj/app.bsky.feed.post/3mfucs2sdpk2r,bafyreia5yilfdhdwjdsz2kgwun77e2efq6xfnytvgwshb2vglgnsqlbsqy,did:plc:5wmwbibbyym6nmkmz7b6yyoj,jessnevins.bsky.social,,
83fd3da1571945f78ee1ec3456c3980a,2026-02-27T20:00:00Z,2026-02-27T20:17:10Z,auth,auth_enUS_labelerexp,at://did:plc:7tessqxe6pssegenvcehnu6t/app.bsky.feed.generator/aaapo66fyrrga,suggested_labelerexp,10,at://did:plc:nrh7ngbqmdfdxowtxn6dazec/app.bsky.feed.post/3mfuc3ucpoc22,bafyreic7tjdjtphvrfis3locni36aybq2wixwujmo2fvbd6tvriyhqbzra,did:plc:nrh7ngbqmdfdxowtxn6dazec,docseuss.bsky.social,,
83fd3da1571945f78ee1ec3456c3980a,2026-02-27T20:00:00Z,2026-02-27T20:17:10Z,auth,auth_enUS_labelerexp,at://did:plc:7tessqxe6pssegenvcehnu6t/app.bsky.feed.generator/aaapo66fyrrga,suggested_labelerexp,11,at://did:plc:pwp5anxneq7ejwvzdncwodvt/app.bsky.feed.post/3mfuazjodrc2c,bafyreidtlw6avsxc7rlswangujjyl5djv4m6ec6krzfcvlh6zx7ih5bbfm,did:plc:pwp5anxneq7ejwvzdncwodvt,alasdairstuart.com,,
83fd3da1571945f78ee1ec3456c3980a,2026-02-27T20:00:00Z,2026-02-27T20:17:10Z,auth,auth_enUS_labelerexp,at://did:plc:7tessqxe6pssegenvcehnu6t/app.bsky.feed.generator/aaapo66fyrrga,suggested_labelerexp,12,at://did:plc:gnlyxexo7tg446kglieyvwit/app.bsky.feed.post/3mfuawpk3uk2m,bafyreigcpvdmug7zjozygoopaalip2xo4jenk3o7m3w2mmoo6by6lhf7pi,did:plc:gnlyxexo7tg446kglieyvwit,annacwebs.bsky.social,,
83fd3da1571945f78ee1ec3456c3980a,2026-02-27T20:00:00Z,2026-02-27T20:17:10Z,auth,auth_enUS_labelerexp,at://did:plc:7tessqxe6pssegenvcehnu6t/app.bsky.feed.generator/aaapo66fyrrga,suggested_labelerexp,13,at://did:plc:7aoiozersqfka23jmo4w73mz/app.bsky.feed.post/3mfuagswpek2r,bafyreie2zdwdz7s5cexi7sxe35wb5bzptlorozkbexn6du6iqsxkfhmrem,did:plc:7aoiozersqfka23jmo4w73mz,englishscribe.bsky.social,,
83fd3da1571945f78ee1ec3456c3980a,2026-02-27T20:00:00Z,2026-02-27T20:17:10Z,auth,auth_enUS_labelerexp,at://did:plc:7tessqxe6pssegenvcehnu6t/app.bsky.feed.generator/aaapo66fyrrga,suggested_labelerexp,14,at://did:plc:3ndls44ookped7wtrvt2qozy/app.bsky.feed.post/3mfua46dixc2x,bafyreiczmmuzpr3arsvowfkeqqzuunx2zssti2hatbdh4tn35h3nehoemi,did:plc:3ndls44ookped7wtrvt2qozy,mcoorlim.com,,
83fd3da1571945f78ee1ec3456c3980a,2026-02-27T20:00:00Z,2026-02-27T20:17:10Z,auth,auth_enUS_labelerexp,at://did:plc:7tessqxe6pssegenvcehnu6t/app.bsky.feed.generator/aaapo66fyrrga,suggested_labelerexp,15,at://did:plc:uemns7yqb62n5kpwe34wgdhs/app.bsky.feed.post/3mfu7uhsipk2e,bafyreifhv5pjl7pplo6uetiih42e7czyec7di72vh7zm3khot277uyo6va,did:plc:uemns7yqb62n5kpwe34wgdhs,brunodias.bsky.social,,
83fd3da1571945f78ee1ec3456c3980a,2026-02-27T20:00:00Z,2026-02-27T20:17:10Z,auth,auth_enUS_labelerexp,at://did:plc:7tessqxe6pssegenvcehnu6t/app.bsky.feed.generator/aaapo66fyrrga,suggested_labelerexp,16,at://did:plc:zxibxm45uwdgi5ghatux6gyb/app.bsky.feed.post/3mfu74desvc2u,bafyreihztvrjkrwciqc5ejwventan7p4itj372mjscqzbmwu6trjmzcc7u,did:plc:zxibxm45uwdgi5ghatux6gyb,bryantfrancis.me,,
83fd3da1571945f78ee1ec3456c3980a,2026-02-27T20:00:00Z,2026-02-27T20:17:10Z,auth,auth_enUS_labelerexp,at://did:plc:7tessqxe6pssegenvcehnu6t/app.bsky.feed.generator/aaapo66fyrrga,suggested_labelerexp,17,at://did:plc:k4tizly6gwnzvjss3i4bzl7l/app.bsky.feed.post/3mfu6bpyfm22b,bafyreiecjmgegq5g37tmx6rtdzkfgskc5lv3uonx7hinj3qvu5phj7gpai,did:plc:k4tizly6gwnzvjss3i4bzl7l,danwhitehead.net,,
83fd3da1571945f78ee1ec3456c3980a,2026-02-27T20:00:00Z,2026-02-27T20:17:10Z,auth,auth_enUS_labelerexp,at://did:plc:7tessqxe6pssegenvcehnu6t/app.bsky.feed.generator/aaapo66fyrrga,suggested_labelerexp,18,at://did:plc:hz5skvphzjjqyzkicp7ll2ex/app.bsky.feed.post/3mfu64rsg7c2l,bafyreih2pfb6zjh3yxluacl2qxxjkz7kguekqqovkxz246p6swgaz3uc7q,did:plc:hz5skvphzjjqyzkicp7ll2ex,jigu.com.br,,
83fd3da1571945f78ee1ec3456c3980a,2026-02-27T20:00:00Z,2026-02-27T20:17:10Z,auth,auth_enUS_labelerexp,at://did:plc:7tessqxe6pssegenvcehnu6t/app.bsky.feed.generator/aaapo66fyrrga,suggested_labelerexp,19,at://did:plc:pwp5anxneq7ejwvzdncwodvt/app.bsky.feed.post/3mfu63maic22z,bafyreic6y7enor67pe47bx4f6zo7hit5a7f7f63o66jipvyfcmsxhsd2si,did:plc:pwp5anxneq7ejwvzdncwodvt,alasdairstuart.com,,
83fd3da1571945f78ee1ec3456c3980a,2026-02-27T20:00:00Z,2026-02-27T20:17:10Z,auth,auth_enUS_labelerexp,at://did:plc:7tessqxe6pssegenvcehnu6t/app.bsky.feed.generator/aaapo66fyrrga,suggested_labelerexp,20,at://did:plc:xzritgbz45miucms4cvshqd6/app.bsky.feed.post/3mfu5v7ehd22g,bafyreib7lkqe3eyikjyim5vi35jckcrph4uv45lu45lggbm6rrwsubuzme,did:plc:xzritgbz45miucms4cvshqd6,amazonchique.bsky.social,,
83fd3da1571945f78ee1ec3456c3980a,2026-02-27T20:00:00Z,2026-02-27T20:17:10Z,auth,auth_enUS_labelerexp,at://did:plc:7tessqxe6pssegenvcehnu6t/app.bsky.feed.generator/aaapo66fyrrga,suggested_labelerexp,21,at://did:plc:solgnmuspi5aejgujhf5mtjv/app.bsky.feed.post/3mfu35pf4mc2m,bafyreibg4nkrvmqr25wzgc5jm4dmxzvbycj26absmorqvkqoumujv6xkgy,did:plc:solgnmuspi5aejgujhf5mtjv,louanders.bsky.social,,
83fd3da1571945f78ee1ec3456c3980a,2026-02-27T20:00:00Z,2026-02-27T20:17:10Z,auth,auth_enUS_labelerexp,at://did:plc:7tessqxe6pssegenvcehnu6t/app.bsky.feed.generator/aaapo66fyrrga,suggested_labelerexp,22,at://did:plc:vv34jkothkoesv75i227u23l/app.bsky.feed.post/3mftzlq7c4c2o,bafyreib5uiyxjvxy3aaeixnglmzspa5xmqwk3giyw47ukyqn5kww5xey5q,did:plc:vv34jkothkoesv75i227u23l,bobbybees.bsky.social,,
83fd3da1571945f78ee1ec3456c3980a,2026-02-27T20:00:00Z,2026-02-27T20:17:10Z,auth,auth_enUS_labelerexp,at://did:plc:7tessqxe6pssegenvcehnu6t/app.bsky.feed.generator/aaapo66fyrrga,suggested_labelerexp,23,at://did:plc:2ovcejhmoo6lkdutu4rlgtax/app.bsky.feed.post/3mftyodxcok2w,bafyreiau2r5znwgh4fy5mbajxuroa2jf7fxhtwmbn2nf72osdpczcymfni,did:plc:2ovcejhmoo6lkdutu4rlgtax,petestewart.bsky.social,,
83fd3da1571945f78ee1ec3456c3980a,2026-02-27T20:00:00Z,2026-02-27T20:17:10Z,auth,auth_enUS_labelerexp,at://did:plc:7tessqxe6pssegenvcehnu6t/app.bsky.feed.generator/aaapo66fyrrga,suggested_labelerexp,24,at://did:plc:2ovcejhmoo6lkdutu4rlgtax/app.bsky.feed.post/3mftyhnzszc2w,bafyreigj55goyr4jkxc434ez7ln3sluwr66zla5ysa3u2cagcqc46lagsq,did:plc:2ovcejhmoo6lkdutu4rlgtax,petestewart.bsky.social,,
83fd3da1571945f78ee1ec3456c3980a,2026-02-27T20:00:00Z,2026-02-27T20:17:10Z,auth,auth_enUS_labelerexp,at://did:plc:7tessqxe6pssegenvcehnu6t/app.bsky.feed.generator/aaapo66fyrrga,suggested_labelerexp,25,at://did:plc:5oe5abkdpfipztz64dkfjby7/app.bsky.feed.post/3mftygh7l2s2o,bafyreideozvpnblxp4vfmwuzt733erzrzw56qtjj6tdk2luz3bnkmndqoq,did:plc:5oe5abkdpfipztz64dkfjby7,hownottodraw.bsky.social,,
83fd3da1571945f78ee1ec3456c3980a,2026-02-27T20:00:00Z,2026-02-27T20:17:10Z,auth,auth_enUS_labelerexp,at://did:plc:7tessqxe6pssegenvcehnu6t/app.bsky.feed.generator/aaapo66fyrrga,suggested_labelerexp,26,at://did:plc:7aoiozersqfka23jmo4w73mz/app.bsky.feed.post/3mftxppuzvs2r,bafyreicvqpnnd5cfdfsafsjmzhrjok5j6fqx7jpdisfa6mzemojcwjkuqm,did:plc:7aoiozersqfka23jmo4w73mz,englishscribe.bsky.social,,
83fd3da1571945f78ee1ec3456c3980a,2026-02-27T20:00:00Z,2026-02-27T20:17:10Z,auth,auth_enUS_labelerexp,at://did:plc:7tessqxe6pssegenvcehnu6t/app.bsky.feed.generator/aaapo66fyrrga,suggested_labelerexp,27,at://did:plc:5oe5abkdpfipztz64dkfjby7/app.bsky.feed.post/3mftx72hlas25,bafyreiduwodgfh6enpgpou36jum72g56brhqhro22tlw34jyhsglpwheyi,did:plc:5oe5abkdpfipztz64dkfjby7,hownottodraw.bsky.social,,
83fd3da1571945f78ee1ec3456c3980a,2026-02-27T20:00:00Z,2026-02-27T20:17:10Z,auth,auth_enUS_labelerexp,at://did:plc:7tessqxe6pssegenvcehnu6t/app.bsky.feed.generator/aaapo66fyrrga,suggested_labelerexp,28,at://did:plc:c3pa7lzzwzr4h4sbcpdsrfxt/app.bsky.feed.post/3mftx64fj4k23,bafyreifzdglwuvjtrfzjs7wabjbyfxytimebpcorf7vv6eotahnqr4dquy,did:plc:c3pa7lzzwzr4h4sbcpdsrfxt,annamegill.com,,
83fd3da1571945f78ee1ec3456c3980a,2026-02-27T20:00:00Z,2026-02-27T20:17:10Z,auth,auth_enUS_labelerexp,at://did:plc:7tessqxe6pssegenvcehnu6t/app.bsky.feed.generator/aaapo66fyrrga,suggested_labelerexp,29,at://did:plc:3ndls44ookped7wtrvt2qozy/app.bsky.feed.post/3mftwhwtcic2f,bafyreihyymgk5toqm6pfxdcsou3zxxuooskfzbnuokvisygu7mkdntvw74,did:plc:3ndls44ookped7wtrvt2qozy,mcoorlim.com,,
83fd3da1571945f78ee1ec3456c3980a,2026-02-27T20:00:00Z,2026-02-27T20:17:10Z,auth,auth_enUS_labelerexp,at://did:plc:7tessqxe6pssegenvcehnu6t/app.bsky.feed.generator/aaapo66fyrrga,suggested_labelerexp,30,at://did:plc:k4tizly6gwnzvjss3i4bzl7l/app.bsky.feed.post/3mftvsks2gk2f,bafyreibl2dyt7v4ckcntnrqxvejov35dp3rn7prayxbeuuyn5tmoyrpozq,did:plc:k4tizly6gwnzvjss3i4bzl7l,danwhitehead.net,,
83fd3da1571945f78ee1ec3456c3980a,2026-02-27T20:00:00Z,2026-02-27T20:17:10Z,auth,auth_enUS_labelerexp,at://did:plc:7tessqxe6pssegenvcehnu6t/app.bsky.feed.generator/aaapo66fyrrga,suggested_labelerexp,31,at://did:plc:hs6uqvhujmevzachdm7fwevj/app.bsky.feed.post/3mftvfnnygs2q,bafyreiazhjxpmnbmsocgjt45rzghcp6u3ee3amx7x4vpdj6axbhpjlpsu4,did:plc:hs6uqvhujmevzachdm7fwevj,fiddlecub.bsky.social,,
83fd3da1571945f78ee1ec3456c3980a,2026-02-27T20:00:00Z,2026-02-27T20:17:10Z,auth,auth_enUS_labelerexp,at://did:plc:7tessqxe6pssegenvcehnu6t/app.bsky.feed.generator/aaapo66fyrrga,suggested_labelerexp,32,at://did:plc:dmpfxdbuk5y7mofilm6qoxn7/app.bsky.feed.post/3mftv6f7k6226,bafyreicyqq5nrpvxcybwahzmxvcdpoklisbdaxelexfgym7dcz42lfvrja,did:plc:dmpfxdbuk5y7mofilm6qoxn7,rikgodwin.bsky.social,,
83fd3da1571945f78ee1ec3456c3980a,2026-02-27T20:00:00Z,2026-02-27T20:17:10Z,auth,auth_enUS_labelerexp,at://did:plc:7tessqxe6pssegenvcehnu6t/app.bsky.feed.generator/aaapo66fyrrga,suggested_labelerexp,33,at://did:plc:dmpfxdbuk5y7mofilm6qoxn7/app.bsky.feed.post/3mftv2yosac26,bafyreies7cudfmefcdmbpy56nk6zdd3yvjhwcabwnrfp6pzdyppvwa6c4u,did:plc:dmpfxdbuk5y7mofilm6qoxn7,rikgodwin.bsky.social,,
83fd3da1571945f78ee1ec3456c3980a,2026-02-27T20:00:00Z,2026-02-27T20:17:10Z,auth,auth_enUS_labelerexp,at://did:plc:7tessqxe6pssegenvcehnu6t/app.bsky.feed.generator/aaapo66fyrrga,suggested_labelerexp,34,at://did:plc:ixv7rfiiomxrz2mp5cytrkd6/app.bsky.feed.post/3mftuniymeb2i,bafyreibfuwqdezdyblhyd7tfdkfm4egizoq4k3nfqcg5pr7e6p4qu7lyxy,did:plc:ixv7rfiiomxrz2mp5cytrkd6,kylescarselli.bsky.social,,
83fd3da1571945f78ee1ec3456c3980a,2026-02-27T20:00:00Z,2026-02-27T20:17:10Z,auth,auth_enUS_labelerexp,at://did:plc:7tessqxe6pssegenvcehnu6t/app.bsky.feed.generator/aaapo66fyrrga,suggested_labelerexp,35,at://did:plc:yvvofwz4m2rdrwa73fn64csu/app.bsky.feed.post/3mfttvnsavk26,bafyreidwceq6iooh7imb37wj2fe4wc4yzydodeue7l5ggdd7b2grbjl7ga,did:plc:yvvofwz4m2rdrwa73fn64csu,cypheroftyr.bsky.social,,
83fd3da1571945f78ee1ec3456c3980a,2026-02-27T20:00:00Z,2026-02-27T20:17:10Z,auth,auth_enUS_labelerexp,at://did:plc:7tessqxe6pssegenvcehnu6t/app.bsky.feed.generator/aaapo66fyrrga,suggested_labelerexp,36,at://did:plc:tcvxntd65wcvuevepgx5ywzb/app.bsky.feed.post/3mfttq4ru5s23,bafyreie76p5ckxs7i25c2oll44vraj3gtctufp3setlmbezgzftali5tt4,did:plc:tcvxntd65wcvuevepgx5ywzb,iamleyeti.bsky.social,,
83fd3da1571945f78ee1ec3456c3980a,2026-02-27T20:00:00Z,2026-02-27T20:17:10Z,auth,auth_enUS_labelerexp,at://did:plc:7tessqxe6pssegenvcehnu6t/app.bsky.feed.generator/aaapo66fyrrga,suggested_labelerexp,37,at://did:plc:7tessqxe6pssegenvcehnu6t/app.bsky.feed.post/3mftszduynk2u,bafyreiaadxxokivnicsns4wwbqjgls7csl7qxtucr7vhlrphszovgkdwlm,did:plc:7tessqxe6pssegenvcehnu6t,gregbuchananwriter.com,,
83fd3da1571945f78ee1ec3456c3980a,2026-02-27T20:00:00Z,2026-02-27T20:17:10Z,auth,auth_enUS_labelerexp,at://did:plc:7tessqxe6pssegenvcehnu6t/app.bsky.feed.generator/aaapo66fyrrga,suggested_labelerexp,38,at://did:plc:7tessqxe6pssegenvcehnu6t/app.bsky.feed.post/3mftsy2ks422u,bafyreifwooylppritaszl6ht6atqjsxkwsjcfamfdr2cztqnwv4ufvubd4,did:plc:7tessqxe6pssegenvcehnu6t,gregbuchananwriter.com,,
83fd3da1571945f78ee1ec3456c3980a,2026-02-27T20:00:00Z,2026-02-27T20:17:10Z,auth,auth_enUS_labelerexp,at://did:plc:7tessqxe6pssegenvcehnu6t/app.bsky.feed.generator/aaapo66fyrrga,suggested_labelerexp,39,at://did:plc:7tessqxe6pssegenvcehnu6t/app.bsky.feed.post/3mftsvwwkak2u,bafyreifqfz5oj5ofoycgwf7sozu5mapu46n7chsgwjp675vbzvhemql4pi,did:plc:7tessqxe6pssegenvcehnu6t,gregbuchananwriter.com,,
83fd3da1571945f78ee1ec3456c3980a,2026-02-27T20:00:00Z,2026-02-27T20:17:10Z,auth,auth_enUS_labelerexp,at://did:plc:7tessqxe6pssegenvcehnu6t/app.bsky.feed.generator/aaapo66fyrrga,suggested_labelerexp,40,at://did:plc:p57yxovp3a2tn6t2k4dof7nl/app.bsky.feed.post/3mftsomucqk2f,bafyreiak7wagtguyduljrn3gjh3wybgf3d5bimjlz5h2gyswfxaqtetgbe,did:plc:p57yxovp3a2tn6t2k4dof7nl,baroness.bsky.social,,
83fd3da1571945f78ee1ec3456c3980a,2026-02-27T20:00:00Z,2026-02-27T20:17:10Z,auth,auth_enUS_labelerexp,at://did:plc:7tessqxe6pssegenvcehnu6t/app.bsky.feed.generator/aaapo66fyrrga,suggested_labelerexp,41,at://did:plc:pwp5anxneq7ejwvzdncwodvt/app.bsky.feed.post/3mfts2ptuyc2v,bafyreihmqiki64lbbyqxq3y3vwznu67wb5jsmkyc724zyfbyk7cq6fhwwe,did:plc:pwp5anxneq7ejwvzdncwodvt,alasdairstuart.com,,
83fd3da1571945f78ee1ec3456c3980a,2026-02-27T20:00:00Z,2026-02-27T20:17:10Z,auth,auth_enUS_labelerexp,at://did:plc:7tessqxe6pssegenvcehnu6t/app.bsky.feed.generator/aaapo66fyrrga,suggested_labelerexp,42,at://did:plc:ahwfpsgsdhmenrh6lgho24f2/app.bsky.feed.post/3mftoqebp3c2f,bafyreib7wxx3yonttwxuo3rtkqixjkgveuo33uqmpr2qjfqxrws5cay2qi,did:plc:ahwfpsgsdhmenrh6lgho24f2,keano.bsky.social,,
83fd3da1571945f78ee1ec3456c3980a,2026-02-27T20:00:00Z,2026-02-27T20:17:10Z,auth,auth_enUS_labelerexp,at://did:plc:7tessqxe6pssegenvcehnu6t/app.bsky.feed.generator/aaapo66fyrrga,suggested_labelerexp,43,at://did:plc:5c6xsduqi3rogy55c6dnqosh/app.bsky.feed.post/3mftn77njzs2w,bafyreifisffst52ycfr2lipl3rb6q4jeyxm2rap63uycbxwam5eybbvfsm,did:plc:5c6xsduqi3rogy55c6dnqosh,ptrtlrwrts.bsky.social,,
83fd3da1571945f78ee1ec3456c3980a,2026-02-27T20:00:00Z,2026-02-27T20:17:10Z,auth,auth_enUS_labelerexp,at://did:plc:7tessqxe6pssegenvcehnu6t/app.bsky.feed.generator/aaapo66fyrrga,suggested_labelerexp,44,at://did:plc:pwp5anxneq7ejwvzdncwodvt/app.bsky.feed.post/3mftn4krtos2c,bafyreig2seh7hffmpaoofqtog33ounvqnegpbpxn477trcnapyixjn4j24,did:plc:pwp5anxneq7ejwvzdncwodvt,alasdairstuart.com,,
83fd3da1571945f78ee1ec3456c3980a,2026-02-27T20:00:00Z,2026-02-27T20:17:10Z,auth,auth_enUS_labelerexp,at://did:plc:7tessqxe6pssegenvcehnu6t/app.bsky.feed.generator/aaapo66fyrrga,suggested_labelerexp,45,at://did:plc:pwp5anxneq7ejwvzdncwodvt/app.bsky.feed.post/3mftn43b74c2c,bafyreiapqh7tdrf3qpq4zjja5y67decn3wckvs46r3fiea6klxvxnprjiy,did:plc:pwp5anxneq7ejwvzdncwodvt,alasdairstuart.com,,
83fd3da1571945f78ee1ec3456c3980a,2026-02-27T20:00:00Z,2026-02-27T20:17:10Z,auth,auth_enUS_labelerexp,at://did:plc:7tessqxe6pssegenvcehnu6t/app.bsky.feed.generator/aaapo66fyrrga,suggested_labelerexp,46,at://did:plc:5c6xsduqi3rogy55c6dnqosh/app.bsky.feed.post/3mftkuwxaq22w,bafyreiaso33s7ik27tv43wnrwg3z3xm4tqlddjgjo422zvnn7662vsmwfm,did:plc:5c6xsduqi3rogy55c6dnqosh,ptrtlrwrts.bsky.social,,
83fd3da1571945f78ee1ec3456c3980a,2026-02-27T20:00:00Z,2026-02-27T20:17:10Z,auth,auth_enUS_labelerexp,at://did:plc:7tessqxe6pssegenvcehnu6t/app.bsky.feed.generator/aaapo66fyrrga,suggested_labelerexp,47,at://did:plc:pwp5anxneq7ejwvzdncwodvt/app.bsky.feed.post/3mftkmvwo7c2c,bafyreihpcicvugpbzhrznz6ufnwnhoniduxnqdqegutw3wgmu4khhfcdbi,did:plc:pwp5anxneq7ejwvzdncwodvt,alasdairstuart.com,,
83fd3da1571945f78ee1ec3456c3980a,2026-02-27T20:00:00Z,2026-02-27T20:17:10Z,auth,auth_enUS_labelerexp,at://did:plc:7tessqxe6pssegenvcehnu6t/app.bsky.feed.generator/aaapo66fyrrga,suggested_labelerexp,48,at://did:plc:pwp5anxneq7ejwvzdncwodvt/app.bsky.feed.post/3mftjxir4zc2c,bafyreibjwabri52wo63qsdt72kx5yhwngrrzshydpih2v5c4arwifhtdgy,did:plc:pwp5anxneq7ejwvzdncwodvt,alasdairstuart.com,,
83fd3da1571945f78ee1ec3456c3980a,2026-02-27T20:00:00Z,2026-02-27T20:17:10Z,auth,auth_enUS_labelerexp,at://did:plc:7tessqxe6pssegenvcehnu6t/app.bsky.feed.generator/aaapo66fyrrga,suggested_labelerexp,49,at://did:plc:n7xsqoc7ztdsmfuvfmtndp52/app.bsky.feed.post/3mftingona22r,bafyreigdzdxethz5ccxzl2lc34llcwvtbx23njczhmp6wn4xaverelqrsu,did:plc:n7xsqoc7ztdsmfuvfmtndp52,catacalypto.bsky.social,,
83fd3da1571945f78ee1ec3456c3980a,2026-02-27T20:00:00Z,2026-02-27T20:17:10Z,auth,auth_enUS_labelerexp,at://did:plc:7tessqxe6pssegenvcehnu6t/app.bsky.feed.generator/aaapo66fyrrga,suggested_labelerexp,50,at://did:plc:nrh7ngbqmdfdxowtxn6dazec/app.bsky.feed.post/3mftieefm7c2u,bafyreicew2e3t2r7xvyzpw3rrdzjy6l2wppgz6cuqausecayrtp23mqoxy,did:plc:nrh7ngbqmdfdxowtxn6dazec,docseuss.bsky.social,,
83fd3da1571945f78ee1ec3456c3980a,2026-02-27T20:00:00Z,2026-02-27T20:17:10Z,auth,auth_enUS_labelerexp,at://did:plc:cgl62jlhroosxyjkaffidnon/app.bsky.feed.generator/aaaiilkz7knte,suggested_labelerexp,1,at://did:plc:cgl62jlhroosxyjkaffidnon/app.bsky.feed.post/3kkd3dg5fa72f,bafyreifihmimtm5bm6agficxtydpmh2c74ril5yttd2mwyysd2cbvcu4zq,did:plc:cgl62jlhroosxyjkaffidnon,wangdora.jp,,
83fd3da1571945f78ee1ec3456c3980a,2026-02-27T20:00:00Z,2026-02-27T20:17:10Z,auth,auth_enUS_labelerexp,at://did:plc:cgl62jlhroosxyjkaffidnon/app.bsky.feed.generator/aaaiilkz7knte,suggested_labelerexp,2,at://did:plc:cgl62jlhroosxyjkaffidnon/app.bsky.feed.post/3kipk7jkzic27,bafyreifrk5mmwzm2pkabp3iot5uzlqswan2digcbhcd4bxsm4z6ggnm6te,did:plc:cgl62jlhroosxyjkaffidnon,wangdora.jp,,
83fd3da1571945f78ee1ec3456c3980a,2026-02-27T20:00:00Z,2026-02-27T20:17:10Z,auth,auth_enUS_labelerexp,at://did:plc:cgl62jlhroosxyjkaffidnon/app.bsky.feed.generator/aaaiilkz7knte,suggested_labelerexp,3,at://did:plc:cgl62jlhroosxyjkaffidnon/app.bsky.feed.post/3katefllfi22u,bafyreihuqranjjk72yiaeltbexydv3lv2duu6t6fenklwyx3h2xoql5pxm,did:plc:cgl62jlhroosxyjkaffidnon,wangdora.jp,,
83fd3da1571945f78ee1ec3456c3980a,2026-02-27T20:00:00Z,2026-02-27T20:17:10Z,auth,auth_enUS_labelerexp,at://did:plc:cgl62jlhroosxyjkaffidnon/app.bsky.feed.generator/aaaiilkz7knte,suggested_labelerexp,4,at://did:plc:cgl62jlhroosxyjkaffidnon/app.bsky.feed.post/3kately2tzg2y,bafyreibrtlrjttupntctxedohjctw6nvdaptppeg4o3nxuigatmonamo4m,did:plc:cgl62jlhroosxyjkaffidnon,wangdora.jp,,
83fd3da1571945f78ee1ec3456c3980a,2026-02-27T20:00:00Z,2026-02-27T20:17:10Z,auth,auth_enUS_labelerexp,at://did:plc:cgl62jlhroosxyjkaffidnon/app.bsky.feed.generator/aaaiilkz7knte,suggested_labelerexp,5,at://did:plc:cgl62jlhroosxyjkaffidnon/app.bsky.feed.post/3katenz73642z,bafyreiggzrs7tdhvcopsozxnwsg2xjnbg5jkhbrmlqar6e77sobxwwozxy,did:plc:cgl62jlhroosxyjkaffidnon,wangdora.jp,,
83fd3da1571945f78ee1ec3456c3980a,2026-02-27T20:00:00Z,2026-02-27T20:17:10Z,auth,auth_enUS_labelerexp,at://did:plc:cgl62jlhroosxyjkaffidnon/app.bsky.feed.generator/aaaiilkz7knte,suggested_labelerexp,6,at://did:plc:cgl62jlhroosxyjkaffidnon/app.bsky.feed.post/3katerseelg2p,bafyreihkaivsnd4im54avtsa2j7xji7s5scxd2ke6d2feilxsuq4mqksmu,did:plc:cgl62jlhroosxyjkaffidnon,wangdora.jp,,
83fd3da1571945f78ee1ec3456c3980a,2026-02-27T20:00:00Z,2026-02-27T20:17:10Z,auth,auth_enUS_labelerexp,at://did:plc:cgl62jlhroosxyjkaffidnon/app.bsky.feed.generator/aaaiilkz7knte,suggested_labelerexp,7,at://did:plc:cgl62jlhroosxyjkaffidnon/app.bsky.feed.post/3kkt2yhwxt52e,bafyreigrhrfr4m3cwuvzapmv4fqkoufqdrizhr5wb2iwd7vhpdvscga4zq,did:plc:cgl62jlhroosxyjkaffidnon,wangdora.jp,,
83fd3da1571945f78ee1ec3456c3980a,2026-02-27T20:00:00Z,2026-02-27T20:17:10Z,auth,auth_enUS_labelerexp,at://did:plc:cgl62jlhroosxyjkaffidnon/app.bsky.feed.generator/aaaiilkz7knte,suggested_labelerexp,8,at://did:plc:hsf6h23omw3jphz27kfeqqy2/app.bsky.feed.post/3lijusnvc7s2l,bafyreift3npgyjncr3gp4gqc4ehjoqau6ghqn7hga7l7ctvymx43ghakb4,did:plc:hsf6h23omw3jphz27kfeqqy2,navi.1yen.jp,,
83fd3da1571945f78ee1ec3456c3980a,2026-02-27T20:00:00Z,2026-02-27T20:17:10Z,auth,auth_enUS_labelerexp,at://did:plc:cgl62jlhroosxyjkaffidnon/app.bsky.feed.generator/aaaiilkz7knte,suggested_labelerexp,9,at://did:plc:cgl62jlhroosxyjkaffidnon/app.bsky.feed.post/3kkd3pouuec25,bafyreibndu6rwm55cmuffv4pkinazryqh3uorpbr76jovvs2eqjmizecyu,did:plc:cgl62jlhroosxyjkaffidnon,wangdora.jp,,
83fd3da1571945f78ee1ec3456c3980a,2026-02-27T20:00:00Z,2026-02-27T20:17:10Z,auth,auth_enUS_labelerexp,at://did:plc:cgl62jlhroosxyjkaffidnon/app.bsky.feed.generator/aaaiilkz7knte,suggested_labelerexp,10,at://did:plc:cgl62jlhroosxyjkaffidnon/app.bsky.feed.post/3kkd3t4igks2g,bafyreiak4hyfru7ujnmjdccti5svijwwzvtn6ddb3ktr4cklu25xdszvoe,did:plc:cgl62jlhroosxyjkaffidnon,wangdora.jp,,
83fd3da1571945f78ee1ec3456c3980a,2026-02-27T20:00:00Z,2026-02-27T20:17:10Z,auth,auth_enUS_labelerexp,at://did:plc:cgl62jlhroosxyjkaffidnon/app.bsky.feed.generator/aaaiilkz7knte,suggested_labelerexp,11,at://did:plc:cgl62jlhroosxyjkaffidnon/app.bsky.feed.post/3kkd3vch3cd2l,bafyreifzc3hrjvadjct6wb5cxb5o45tdyqprtt4ca3migimv2rq7k2jehy,did:plc:cgl62jlhroosxyjkaffidnon,wangdora.jp,,
83fd3da1571945f78ee1ec3456c3980a,2026-02-27T20:00:00Z,2026-02-27T20:17:10Z,auth,auth_enUS_labelerexp,at://did:plc:cgl62jlhroosxyjkaffidnon/app.bsky.feed.generator/aaaiilkz7knte,suggested_labelerexp,12,at://did:plc:cgl62jlhroosxyjkaffidnon/app.bsky.feed.post/3kkd3y6wcmz2u,bafyreifxvfugclardivbnejpahjqu36gqxzzhszzjldutuagfb52erjjiy,did:plc:cgl62jlhroosxyjkaffidnon,wangdora.jp,,
83fd3da1571945f78ee1ec3456c3980a,2026-02-27T20:00:00Z,2026-02-27T20:17:10Z,auth,auth_enUS_labelerexp,at://did:plc:cgl62jlhroosxyjkaffidnon/app.bsky.feed.generator/aaaiilkz7knte,suggested_labelerexp,13,at://did:plc:cgl62jlhroosxyjkaffidnon/app.bsky.feed.post/3kkd43u7cc22w,bafyreierwelryubpha2f7nafjp5wclz76k6algdfgu2lgougjrqzcov6ey,did:plc:cgl62jlhroosxyjkaffidnon,wangdora.jp,,
83fd3da1571945f78ee1ec3456c3980a,2026-02-27T20:00:00Z,2026-02-27T20:17:10Z,auth,auth_enUS_labelerexp,at://did:plc:cgl62jlhroosxyjkaffidnon/app.bsky.feed.generator/aaaiilkz7knte,suggested_labelerexp,14,at://did:plc:cgl62jlhroosxyjkaffidnon/app.bsky.feed.post/3kkd467bbl22w,bafyreihpe43uu7seozli3icwk5xrivsxv3vppuu5b7zwtb2r43mueczc6q,did:plc:cgl62jlhroosxyjkaffidnon,wangdora.jp,,
83fd3da1571945f78ee1ec3456c3980a,2026-02-27T20:00:00Z,2026-02-27T20:17:10Z,auth,auth_enUS_labelerexp,at://did:plc:cgl62jlhroosxyjkaffidnon/app.bsky.feed.generator/aaaiilkz7knte,suggested_labelerexp,15,at://did:plc:cgl62jlhroosxyjkaffidnon/app.bsky.feed.post/3kn3i3id3ys2q,bafyreihcfflklcts3k4h4vwdu5xko3apesz4ogcttpdjpdquxged2cbf6u,did:plc:cgl62jlhroosxyjkaffidnon,wangdora.jp,,
83fd3da1571945f78ee1ec3456c3980a,2026-02-27T20:00:00Z,2026-02-27T20:17:10Z,auth,auth_enUS_labelerexp,at://did:plc:cgl62jlhroosxyjkaffidnon/app.bsky.feed.generator/aaaiilkz7knte,suggested_labelerexp,16,at://did:plc:cgl62jlhroosxyjkaffidnon/app.bsky.feed.post/3kkd47vewnu2r,bafyreibt4ah7gurvrw7aqknuzakv535n3qb3n2jejoe253yrsbm3ksh5py,did:plc:cgl62jlhroosxyjkaffidnon,wangdora.jp,,
83fd3da1571945f78ee1ec3456c3980a,2026-02-27T20:00:00Z,2026-02-27T20:17:10Z,auth,auth_enUS_labelerexp,at://did:plc:cgl62jlhroosxyjkaffidnon/app.bsky.feed.generator/aaaiilkz7knte,suggested_labelerexp,17,at://did:plc:cgl62jlhroosxyjkaffidnon/app.bsky.feed.post/3katfho3n3k22,bafyreigzh3iz5uarlfynmxhknzkunscre3evtmabs3fwajrvkdbasab6j4,did:plc:cgl62jlhroosxyjkaffidnon,wangdora.jp,,
83fd3da1571945f78ee1ec3456c3980a,2026-02-27T20:00:00Z,2026-02-27T20:17:10Z,auth,auth_enUS_labelerexp,at://did:plc:cgl62jlhroosxyjkaffidnon/app.bsky.feed.generator/aaaiilkz7knte,suggested_labelerexp,18,at://did:plc:cgl62jlhroosxyjkaffidnon/app.bsky.feed.post/3khp6xc2w7t2j,bafyreia7aoon7jkjfkzh5xydd3ykgtoblrsouf3v5b2gulqpx6zfaak7ha,did:plc:cgl62jlhroosxyjkaffidnon,wangdora.jp,,
83fd3da1571945f78ee1ec3456c3980a,2026-02-27T20:00:00Z,2026-02-27T20:17:10Z,auth,auth_enUS_labelerexp,at://did:plc:cgl62jlhroosxyjkaffidnon/app.bsky.feed.generator/aaaiilkz7knte,suggested_labelerexp,19,at://did:plc:cgl62jlhroosxyjkaffidnon/app.bsky.feed.post/3kmmy4x4zzp2o,bafyreihuuugv7xtefky7zwixu7wzh2avpnri2ar4khtlzjodel7fek74nu,did:plc:cgl62jlhroosxyjkaffidnon,wangdora.jp,,
83fd3da1571945f78ee1ec3456c3980a,2026-02-27T20:00:00Z,2026-02-27T20:17:10Z,auth,auth_enUS_labelerexp,at://did:plc:cgl62jlhroosxyjkaffidnon/app.bsky.feed.generator/aaaiilkz7knte,suggested_labelerexp,20,at://did:plc:cgl62jlhroosxyjkaffidnon/app.bsky.feed.post/3knsjggyves2h,bafyreifrbkqkuwuwtt4rctplju5aaqt7ymyjtcacxr6ocpf6e3zw3ftky4,did:plc:cgl62jlhroosxyjkaffidnon,wangdora.jp,,
83fd3da1571945f78ee1ec3456c3980a,2026-02-27T20:00:00Z,2026-02-27T20:17:10Z,auth,auth_enUS_labelerexp,at://did:plc:cgl62jlhroosxyjkaffidnon/app.bsky.feed.generator/aaaiilkz7knte,suggested_labelerexp,21,at://did:plc:cgl62jlhroosxyjkaffidnon/app.bsky.feed.post/3kn5k6avkqw25,bafyreifaakvxdhl2cfsjffxctzu3xahuclkn47ipdfturghwwo63t6hqgq,did:plc:cgl62jlhroosxyjkaffidnon,wangdora.jp,,
83fd3da1571945f78ee1ec3456c3980a,2026-02-27T20:00:00Z,2026-02-27T20:17:10Z,auth,auth_enUS_labelerexp,at://did:plc:cgl62jlhroosxyjkaffidnon/app.bsky.feed.generator/aaaiilkz7knte,suggested_labelerexp,22,at://did:plc:cgl62jlhroosxyjkaffidnon/app.bsky.feed.post/3kj3avps2wz2a,bafyreigl3hdik6p2r6pa2su67ctkevfht37gy4tpaktsht6weyzb62og4a,did:plc:cgl62jlhroosxyjkaffidnon,wangdora.jp,,
83fd3da1571945f78ee1ec3456c3980a,2026-02-27T20:00:00Z,2026-02-27T20:17:10Z,auth,auth_enUS_labelerexp,at://did:plc:cgl62jlhroosxyjkaffidnon/app.bsky.feed.generator/aaaiilkz7knte,suggested_labelerexp,23,at://did:plc:cgl62jlhroosxyjkaffidnon/app.bsky.feed.post/3katfu7fkhx2s,bafyreihucjbl6ptounubnjdsnivxccok65vcoiuy45fnzflq7twor4ubge,did:plc:cgl62jlhroosxyjkaffidnon,wangdora.jp,,
83fd3da1571945f78ee1ec3456c3980a,2026-02-27T20:00:00Z,2026-02-27T20:17:10Z,auth,auth_enUS_labelerexp,at://did:plc:cgl62jlhroosxyjkaffidnon/app.bsky.feed.generator/aaaiilkz7knte,suggested_labelerexp,24,at://did:plc:cgl62jlhroosxyjkaffidnon/app.bsky.feed.post/3kbwbi42qnq26,bafyreigg62onhianuvojjdvwq4vijsla2tm4uar7ez6w47ejbfal75b65e,did:plc:cgl62jlhroosxyjkaffidnon,wangdora.jp,,
83fd3da1571945f78ee1ec3456c3980a,2026-02-27T20:00:00Z,2026-02-27T20:17:10Z,auth,auth_enUS_labelerexp,at://did:plc:cgl62jlhroosxyjkaffidnon/app.bsky.feed.generator/aaaiilkz7knte,suggested_labelerexp,25,at://did:plc:cgl62jlhroosxyjkaffidnon/app.bsky.feed.post/3katfvy7k732d,bafyreigq36vbmfsrnpzlxbo4ontmmkhvkwr4273g2l5c2fbp3fypcorp4a,did:plc:cgl62jlhroosxyjkaffidnon,wangdora.jp,,
83fd3da1571945f78ee1ec3456c3980a,2026-02-27T20:00:00Z,2026-02-27T20:17:10Z,auth,auth_enUS_labelerexp,at://did:plc:cgl62jlhroosxyjkaffidnon/app.bsky.feed.generator/aaaiilkz7knte,suggested_labelerexp,26,at://did:plc:cgl62jlhroosxyjkaffidnon/app.bsky.feed.post/3k6mhl2kx7e2b,bafyreidzqvoki454j4xgwzfv4kj37twa3hhxsbkygjdx3obqdry6i662le,did:plc:cgl62jlhroosxyjkaffidnon,wangdora.jp,,
83fd3da1571945f78ee1ec3456c3980a,2026-02-27T20:00:00Z,2026-02-27T20:17:11Z,auth,auth_enUS_labelerexp,at://did:plc:dvgliotey33vix3wlltybgkd/app.bsky.feed.generator/all,suggested_labelerexp,1,at://did:plc:hbbroqymgiipikzbwj2hj5h2/app.bsky.feed.post/3mfujpcbar22s,bafyreifxoxrdmlv4ahm4jsm7gjmfimnxekqsdpbgutlu6u2uxe6tsv5x4e,did:plc:hbbroqymgiipikzbwj2hj5h2,blackjessy.bsky.social,,
83fd3da1571945f78ee1ec3456c3980a,2026-02-27T20:00:00Z,2026-02-27T20:17:11Z,auth,auth_enUS_labelerexp,at://did:plc:dvgliotey33vix3wlltybgkd/app.bsky.feed.generator/all,suggested_labelerexp,2,at://did:plc:2jpvrd4oqzx5phzfbchzpe4k/app.bsky.feed.post/3mfujnxrovk2v,bafyreie76e3kxxcmt2ijt5go2zqbptnk5vvbbbv5bztrmua7ypeqkqxoqi,did:plc:2jpvrd4oqzx5phzfbchzpe4k,kris-or-jora.bsky.social,,
83fd3da1571945f78ee1ec3456c3980a,2026-02-27T20:00:00Z,2026-02-27T20:17:11Z,auth,auth_enUS_labelerexp,at://did:plc:dvgliotey33vix3wlltybgkd/app.bsky.feed.generator/all,suggested_labelerexp,3,at://did:plc:rfyqxca2cp6wvevckdlz6m3i/app.bsky.feed.post/3mfujo6sxv22g,bafyreigqe4mww6kakjuizttjcdpzmfeqez6rdgk2nibbonqma3ucrl2v6m,did:plc:rfyqxca2cp6wvevckdlz6m3i,sutulapsyka.bsky.social,,
83fd3da1571945f78ee1ec3456c3980a,2026-02-27T20:00:00Z,2026-02-27T20:17:11Z,auth,auth_enUS_labelerexp,at://did:plc:dvgliotey33vix3wlltybgkd/app.bsky.feed.generator/all,suggested_labelerexp,4,at://did:plc:46nm2ifoczqsliu2cb7d56e5/app.bsky.feed.post/3mfujknxoec2o,bafyreifqeba5ilskwaez2vudeq5qk24cymi4xe7qua2ncjukonxvy45yom,did:plc:46nm2ifoczqsliu2cb7d56e5,blyamb.bsky.social,,
83fd3da1571945f78ee1ec3456c3980a,2026-02-27T20:00:00Z,2026-02-27T20:17:11Z,auth,auth_enUS_labelerexp,at://did:plc:dvgliotey33vix3wlltybgkd/app.bsky.feed.generator/all,suggested_labelerexp,5,at://did:plc:hszyy42ce33nwqx3apoh3k2v/app.bsky.feed.post/3mfujg7cnck2k,bafyreiftpr6ojhwkcsgducpl6ggfdy75pjguv26w63mobw5ukuxg7raoly,did:plc:hszyy42ce33nwqx3apoh3k2v,freebird7363.bsky.social,,
83fd3da1571945f78ee1ec3456c3980a,2026-02-27T20:00:00Z,2026-02-27T20:17:11Z,auth,auth_enUS_labelerexp,at://did:plc:dvgliotey33vix3wlltybgkd/app.bsky.feed.generator/all,suggested_labelerexp,6,at://did:plc:cgqvtqlipm7z7cb6zfo5egzi/app.bsky.feed.post/3mfujg5f3lc2w,bafyreiadge36u236h3yxutw276dnebbp4nqismtkdaahvitkuwumubxx6u,did:plc:cgqvtqlipm7z7cb6zfo5egzi,neverthelessever.bsky.social,,
83fd3da1571945f78ee1ec3456c3980a,2026-02-27T20:00:00Z,2026-02-27T20:17:11Z,auth,auth_enUS_labelerexp,at://did:plc:dvgliotey33vix3wlltybgkd/app.bsky.feed.generator/all,suggested_labelerexp,7,at://did:plc:4bbfw6qffvwlkraf2xy76w4j/app.bsky.feed.post/3mfujf3k6b224,bafyreiflovdhcz5bf6qp3ejsojchpx7l5y3yqumce6yzzwey2mjjfhcvje,did:plc:4bbfw6qffvwlkraf2xy76w4j,ange1dusttt.bsky.social,,
83fd3da1571945f78ee1ec3456c3980a,2026-02-27T20:00:00Z,2026-02-27T20:17:11Z,auth,auth_enUS_labelerexp,at://did:plc:dvgliotey33vix3wlltybgkd/app.bsky.feed.generator/all,suggested_labelerexp,8,at://did:plc:47xpqnieovrxmhxmqq7azhgr/app.bsky.feed.post/3mfujbt4rhc2o,bafyreiapyfc564p5tog3z7um27vnuxchm44wwl65hitbud7nltgtux2ieu,did:plc:47xpqnieovrxmhxmqq7azhgr,coxtoshonel.bsky.social,,
83fd3da1571945f78ee1ec3456c3980a,2026-02-27T20:00:00Z,2026-02-27T20:17:11Z,auth,auth_enUS_labelerexp,at://did:plc:dvgliotey33vix3wlltybgkd/app.bsky.feed.generator/all,suggested_labelerexp,9,at://did:plc:b4jhohz77o4ucanjuuuzjypy/app.bsky.feed.post/3mfuj6zmdds2a,bafyreic36pen5qqqq54223mum5iuto5nhdvp3wtit7yrpwn7e6mqtqybxa,did:plc:b4jhohz77o4ucanjuuuzjypy,morevayuliia.ukr.monster,,
83fd3da1571945f78ee1ec3456c3980a,2026-02-27T20:00:00Z,2026-02-27T20:17:11Z,auth,auth_enUS_labelerexp,at://did:plc:dvgliotey33vix3wlltybgkd/app.bsky.feed.generator/all,suggested_labelerexp,10,at://did:plc:ffmeeq3ak4dpcz656tly3rsd/app.bsky.feed.post/3mfuj5ldlkk2y,bafyreieuvfs6yqhc6chg242i3scwixomilvyp72kp7p2b276ssw3of7niy,did:plc:ffmeeq3ak4dpcz656tly3rsd,bonbalaur.bsky.social,,
83fd3da1571945f78ee1ec3456c3980a,2026-02-27T20:00:00Z,2026-02-27T20:17:11Z,auth,auth_enUS_labelerexp,at://did:plc:dvgliotey33vix3wlltybgkd/app.bsky.feed.generator/all,suggested_labelerexp,11,at://did:plc:hbbroqymgiipikzbwj2hj5h2/app.bsky.feed.post/3mfuj5nfzjs2s,bafyreigfbuffrqudpsmb7bxu7twmpio5mmc2xgbxpav4lnneu42qmfu4w4,did:plc:hbbroqymgiipikzbwj2hj5h2,blackjessy.bsky.social,,
83fd3da1571945f78ee1ec3456c3980a,2026-02-27T20:00:00Z,2026-02-27T20:17:11Z,auth,auth_enUS_labelerexp,at://did:plc:dvgliotey33vix3wlltybgkd/app.bsky.feed.generator/all,suggested_labelerexp,12,at://did:plc:hvr4x5rxa6j7csyxmmi745ab/app.bsky.feed.post/3mfuj54yk422b,bafyreieerkymm6r7hmdngdgy2bertdj2kcczuyxtktuamxw5722uqi6i6i,did:plc:hvr4x5rxa6j7csyxmmi745ab,lordsovorn.bsky.social,,
83fd3da1571945f78ee1ec3456c3980a,2026-02-27T20:00:00Z,2026-02-27T20:17:11Z,auth,auth_enUS_labelerexp,at://did:plc:dvgliotey33vix3wlltybgkd/app.bsky.feed.generator/all,suggested_labelerexp,13,at://did:plc:yds662lhlukg3u6wtl3xx4oh/app.bsky.feed.post/3mfuj4upzb22j,bafyreidubk3fvkqr5iwbyjuynno4okx7dysiqmgujfxvhg73oia3kf4w2q,did:plc:yds662lhlukg3u6wtl3xx4oh,lithra.bsky.social,,
83fd3da1571945f78ee1ec3456c3980a,2026-02-27T20:00:00Z,2026-02-27T20:17:11Z,auth,auth_enUS_labelerexp,at://did:plc:dvgliotey33vix3wlltybgkd/app.bsky.feed.generator/all,suggested_labelerexp,14,at://did:plc:ks7dimmqi266xyi4ouacethp/app.bsky.feed.post/3mfuj4ahn7k23,bafyreib6tqtvggj36xe44e352wucm4cbvhequ6kljrlhy6fjmga23myq7e,did:plc:ks7dimmqi266xyi4ouacethp,giray.qirim.land,,
83fd3da1571945f78ee1ec3456c3980a,2026-02-27T20:00:00Z,2026-02-27T20:17:11Z,auth,auth_enUS_labelerexp,at://did:plc:dvgliotey33vix3wlltybgkd/app.bsky.feed.generator/all,suggested_labelerexp,15,at://did:plc:khcz3n4k6brbyaxyvm52vvpi/app.bsky.feed.post/3mfuj2ymemk22,bafyreibtpzm4cmuhcelhmd4ltk76pagl3d6wrmz2xxzshpoy4qp55rjd7y,did:plc:khcz3n4k6brbyaxyvm52vvpi,flumy.bsky.social,,
83fd3da1571945f78ee1ec3456c3980a,2026-02-27T20:00:00Z,2026-02-27T20:17:11Z,auth,auth_enUS_labelerexp,at://did:plc:dvgliotey33vix3wlltybgkd/app.bsky.feed.generator/all,suggested_labelerexp,16,at://did:plc:blzcuspxhjsvg64sqdurm47h/app.bsky.feed.post/3mfuj2rpuxc22,bafyreiblvpibqh72ltjhtupy7i2a363rup6f4k4ibahtn7kddi2je3p2va,did:plc:blzcuspxhjsvg64sqdurm47h,zabanene.bsky.social,,
83fd3da1571945f78ee1ec3456c3980a,2026-02-27T20:00:00Z,2026-02-27T20:17:11Z,auth,auth_enUS_labelerexp,at://did:plc:dvgliotey33vix3wlltybgkd/app.bsky.feed.generator/all,suggested_labelerexp,17,at://did:plc:vnzi34ytj26hwlfhyq75c5vv/app.bsky.feed.post/3mfuj3774r22t,bafyreiai3lknn5uperwwkzi5b3tnnnwbelhp5blkznwo4zv5wshk5r3rya,did:plc:vnzi34ytj26hwlfhyq75c5vv,koxau.bsky.social,,
83fd3da1571945f78ee1ec3456c3980a,2026-02-27T20:00:00Z,2026-02-27T20:17:11Z,auth,auth_enUS_labelerexp,at://did:plc:dvgliotey33vix3wlltybgkd/app.bsky.feed.generator/all,suggested_labelerexp,18,at://did:plc:knmxkx5k5j75vn2a2zvexxzr/app.bsky.feed.post/3mfuizdwwzk22,bafyreicw7byqwwavtam6bptb3icfjwtqa6tybeby7gaad5wvmvczkvxdga,did:plc:knmxkx5k5j75vn2a2zvexxzr,kod16.bsky.social,,
83fd3da1571945f78ee1ec3456c3980a,2026-02-27T20:00:00Z,2026-02-27T20:17:11Z,auth,auth_enUS_labelerexp,at://did:plc:dvgliotey33vix3wlltybgkd/app.bsky.feed.generator/all,suggested_labelerexp,19,at://did:plc:jwrvqnzg3jv4kphkgwqnojjn/app.bsky.feed.post/3mfuiyqt5us2d,bafyreihhqdl2kyibr3u6ufoze36ciydga46grva6hy3kuhp3zrqzpr3jfa,did:plc:jwrvqnzg3jv4kphkgwqnojjn,goodkraft.bsky.social,,
83fd3da1571945f78ee1ec3456c3980a,2026-02-27T20:00:00Z,2026-02-27T20:17:11Z,auth,auth_enUS_labelerexp,at://did:plc:dvgliotey33vix3wlltybgkd/app.bsky.feed.generator/all,suggested_labelerexp,20,at://did:plc:yn3lggz4vcabiny6l3kdkofn/app.bsky.feed.post/3mfuixx6ads24,bafyreibt5rjfhpxcpvse6oorcz4ixx22cbckdtuudutdx2wogmrzd2deee,did:plc:yn3lggz4vcabiny6l3kdkofn,sprouts.bsky.social,,
83fd3da1571945f78ee1ec3456c3980a,2026-02-27T20:00:00Z,2026-02-27T20:17:11Z,auth,auth_enUS_labelerexp,at://did:plc:dvgliotey33vix3wlltybgkd/app.bsky.feed.generator/all,suggested_labelerexp,21,at://did:plc:kyy7eu3u7cbrx54uc3ykgeml/app.bsky.feed.post/3mfuiw5ibzs24,bafyreifrnnrs25a6y4smlqdiiupxvb2tjiwteremqtwqtq5lmlk7oq7wv4,did:plc:kyy7eu3u7cbrx54uc3ykgeml,riraru.bsky.social,,
83fd3da1571945f78ee1ec3456c3980a,2026-02-27T20:00:00Z,2026-02-27T20:17:11Z,auth,auth_enUS_labelerexp,at://did:plc:dvgliotey33vix3wlltybgkd/app.bsky.feed.generator/all,suggested_labelerexp,22,at://did:plc:5qie5jljhkwyw3miyr4xbxjp/app.bsky.feed.post/3mfuivlggt22v,bafyreiffzfp4r33ghiptiwzwk5avpnwsxjql2i5w2cprmavzvttz3zp4ry,did:plc:5qie5jljhkwyw3miyr4xbxjp,researcherstream.bsky.social,,
83fd3da1571945f78ee1ec3456c3980a,2026-02-27T20:00:00Z,2026-02-27T20:17:11Z,auth,auth_enUS_labelerexp,at://did:plc:dvgliotey33vix3wlltybgkd/app.bsky.feed.generator/all,suggested_labelerexp,23,at://did:plc:efzlqpx4mvox2knj7eo2mxji/app.bsky.feed.post/3mfuiuz453j2n,bafyreich3fzvmwzwzemh26vwttwxsdq52ccen7ougscnkoytx6fjvbbi3u,did:plc:efzlqpx4mvox2knj7eo2mxji,uageek.bsky.social,,
83fd3da1571945f78ee1ec3456c3980a,2026-02-27T20:00:00Z,2026-02-27T20:17:11Z,auth,auth_enUS_labelerexp,at://did:plc:dvgliotey33vix3wlltybgkd/app.bsky.feed.generator/all,suggested_labelerexp,24,at://did:plc:doxuebhqup5cht6re7n23vkl/app.bsky.feed.post/3mfuitl62522d,bafyreic4ljcakwdp22woyp2zsv7ji5ntjakvufccnkm7cbhatb5jnwspay,did:plc:doxuebhqup5cht6re7n23vkl,tovaryshdaha.bsky.social,,
83fd3da1571945f78ee1ec3456c3980a,2026-02-27T20:00:00Z,2026-02-27T20:17:11Z,auth,auth_enUS_labelerexp,at://did:plc:dvgliotey33vix3wlltybgkd/app.bsky.feed.generator/all,suggested_labelerexp,25,at://did:plc:dkadsnauv5ieyafb7jdn4fjw/app.bsky.feed.post/3mfuiptuxnk2p,bafyreie4x6lzl6w6khz2fnrrdgdmsc6bjnyrk7p7p74s52snypmwyjiziy,did:plc:dkadsnauv5ieyafb7jdn4fjw,danaspirit.bsky.social,,
83fd3da1571945f78ee1ec3456c3980a,2026-02-27T20:00:00Z,2026-02-27T20:17:11Z,auth,auth_enUS_labelerexp,at://did:plc:dvgliotey33vix3wlltybgkd/app.bsky.feed.generator/all,suggested_labelerexp,26,at://did:plc:va4lablqalaocvjehvvdbq65/app.bsky.feed.post/3mfuioo6n4c2d,bafyreihl2f4ovu7rex7olx3pxpwj6mhg3kukbj4t22k7ah7id5flkoa454,did:plc:va4lablqalaocvjehvvdbq65,wacabi.bsky.social,,
83fd3da1571945f78ee1ec3456c3980a,2026-02-27T20:00:00Z,2026-02-27T20:17:11Z,auth,auth_enUS_labelerexp,at://did:plc:dvgliotey33vix3wlltybgkd/app.bsky.feed.generator/all,suggested_labelerexp,27,at://did:plc:ug7yhfgypnv5l2edew7nbqo6/app.bsky.feed.post/3mfuisxomw22t,bafyreihkqbl2vckuum5ew7cj7jks5u5gi7xokp4zzq33eil73ru2bc2fqy,did:plc:ug7yhfgypnv5l2edew7nbqo6,lostphosphor.bsky.social,,
83fd3da1571945f78ee1ec3456c3980a,2026-02-27T20:00:00Z,2026-02-27T20:17:11Z,auth,auth_enUS_labelerexp,at://did:plc:dvgliotey33vix3wlltybgkd/app.bsky.feed.generator/all,suggested_labelerexp,28,at://did:plc:zh5g3esp6jkk4zqywkrjnht2/app.bsky.feed.post/3mfuijyxjfk2x,bafyreid4ucy2tuhheh255dp3i3slhzeugtmyo324tcp5x46ac7dfvjhunu,did:plc:zh5g3esp6jkk4zqywkrjnht2,rubacmk.bsky.social,,
83fd3da1571945f78ee1ec3456c3980a,2026-02-27T20:00:00Z,2026-02-27T20:17:11Z,auth,auth_enUS_labelerexp,at://did:plc:dvgliotey33vix3wlltybgkd/app.bsky.feed.generator/all,suggested_labelerexp,29,at://did:plc:lqw5xfezlqms3qr2q4sbyk5k/app.bsky.feed.post/3mfuik3yqq22v,bafyreihopv6pqvnx2x2uwgj4pj6h3l2o3l7bityurfyvokyl2cblglxkku,did:plc:lqw5xfezlqms3qr2q4sbyk5k,freadoom.bsky.social,,
83fd3da1571945f78ee1ec3456c3980a,2026-02-27T20:00:00Z,2026-02-27T20:17:11Z,auth,auth_enUS_labelerexp,at://did:plc:dvgliotey33vix3wlltybgkd/app.bsky.feed.generator/all,suggested_labelerexp,30,at://did:plc:3nnwwpngxa7ox2ebk6t64dbd/app.bsky.feed.post/3mfuik5xfmc24,bafyreie4a6omh637mmuwrvfuhewbqpcxwxve4mgejk7z5gy4yay7exn2pq,did:plc:3nnwwpngxa7ox2ebk6t64dbd,aprosdoketon.bsky.social,,
83fd3da1571945f78ee1ec3456c3980a,2026-02-27T20:00:00Z,2026-02-27T20:17:11Z,auth,auth_enUS_labelerexp,at://did:plc:dvgliotey33vix3wlltybgkd/app.bsky.feed.generator/all,suggested_labelerexp,31,at://did:plc:mxrmmnodelhu4jz3f7jcquoa/app.bsky.feed.post/3mfuihso6v22k,bafyreid3dcwjqwlp7arn32wikkln4ewicppj2cixb3rvvexbbqt65e27km,did:plc:mxrmmnodelhu4jz3f7jcquoa,mysteryofobscurity.bsky.social,,
83fd3da1571945f78ee1ec3456c3980a,2026-02-27T20:00:00Z,2026-02-27T20:17:11Z,auth,auth_enUS_labelerexp,at://did:plc:dvgliotey33vix3wlltybgkd/app.bsky.feed.generator/all,suggested_labelerexp,32,at://did:plc:tt34x4tbqkbqqesmfqf3q3rf/app.bsky.feed.post/3mfuievgbjs2u,bafyreibkmdu6x24we2h6yqpspaj2a5lfuvb4xrjsgyt3zqlr445bndprum,did:plc:tt34x4tbqkbqqesmfqf3q3rf,kittypie.bsky.social,,
83fd3da1571945f78ee1ec3456c3980a,2026-02-27T20:00:00Z,2026-02-27T20:17:11Z,auth,auth_enUS_labelerexp,at://did:plc:dvgliotey33vix3wlltybgkd/app.bsky.feed.generator/all,suggested_labelerexp,33,at://did:plc:c6j2lzfwudiq6tf5bwtaf4ff/app.bsky.feed.post/3mfuichnhwk2r,bafyreihxumhqhnidf2znehwaexg2eut76fpvmzlq2f42sj6b46xdyxxe6u,did:plc:c6j2lzfwudiq6tf5bwtaf4ff,glitter-moon.bsky.social,,
83fd3da1571945f78ee1ec3456c3980a,2026-02-27T20:00:00Z,2026-02-27T20:17:11Z,auth,auth_enUS_labelerexp,at://did:plc:dvgliotey33vix3wlltybgkd/app.bsky.feed.generator/all,suggested_labelerexp,34,at://did:plc:zrqipx2pgmwzsyi43jzoszf3/app.bsky.feed.post/3mfui7nlicc2r,bafyreifzh2fdsxc72zopsumqvzaa3k2cnljy6stbw4skki7x3ab2helz4q,did:plc:zrqipx2pgmwzsyi43jzoszf3,alexlutece.bsky.social,,
83fd3da1571945f78ee1ec3456c3980a,2026-02-27T20:00:00Z,2026-02-27T20:17:11Z,auth,auth_enUS_labelerexp,at://did:plc:dvgliotey33vix3wlltybgkd/app.bsky.feed.generator/all,suggested_labelerexp,35,at://did:plc:vnzi34ytj26hwlfhyq75c5vv/app.bsky.feed.post/3mfui5gbb2c2b,bafyreie7odjosif2cezqv6vbm7vm5hu5xocgfmmffarspxadmva5vdk6dm,did:plc:vnzi34ytj26hwlfhyq75c5vv,koxau.bsky.social,,
83fd3da1571945f78ee1ec3456c3980a,2026-02-27T20:00:00Z,2026-02-27T20:17:11Z,auth,auth_enUS_labelerexp,at://did:plc:dvgliotey33vix3wlltybgkd/app.bsky.feed.generator/all,suggested_labelerexp,36,at://did:plc:46nm2ifoczqsliu2cb7d56e5/app.bsky.feed.post/3mfui4bc7ms2o,bafyreieq7gl4r3qafvkqsiwznz6m3ruezqlwjrea2mdvw2hu6gsytblcea,did:plc:46nm2ifoczqsliu2cb7d56e5,blyamb.bsky.social,,
83fd3da1571945f78ee1ec3456c3980a,2026-02-27T20:00:00Z,2026-02-27T20:17:11Z,auth,auth_enUS_labelerexp,at://did:plc:dvgliotey33vix3wlltybgkd/app.bsky.feed.generator/all,suggested_labelerexp,37,at://did:plc:2ussfjkhsbrzch2ap7mrvrnq/app.bsky.feed.post/3mfui33r24s2b,bafyreihunpy4xnlkuamjyrj5gw3zjfh54p3ab5ls75y5rslaxscq2ddmpm,did:plc:2ussfjkhsbrzch2ap7mrvrnq,mrsheo.bsky.social,,
83fd3da1571945f78ee1ec3456c3980a,2026-02-27T20:00:00Z,2026-02-27T20:17:11Z,auth,auth_enUS_labelerexp,at://did:plc:dvgliotey33vix3wlltybgkd/app.bsky.feed.generator/all,suggested_labelerexp,38,at://did:plc:blzcuspxhjsvg64sqdurm47h/app.bsky.feed.post/3mfui22f7a222,bafyreifyu6mqnuzalfsxyoglogx5vsqsqi4vwgx3egupgz6k2rs3xgttei,did:plc:blzcuspxhjsvg64sqdurm47h,zabanene.bsky.social,,
83fd3da1571945f78ee1ec3456c3980a,2026-02-27T20:00:00Z,2026-02-27T20:17:11Z,auth,auth_enUS_labelerexp,at://did:plc:dvgliotey33vix3wlltybgkd/app.bsky.feed.generator/all,suggested_labelerexp,39,at://did:plc:fqqif6ovzkleem3oplvcvza5/app.bsky.feed.post/3mfuhxy2x4k2r,bafyreifiu7s3ulyymaxn5kccmzj7rh6knhuxhrvs5ennj3mgnluavlohsa,did:plc:fqqif6ovzkleem3oplvcvza5,yayurii.bsky.social,,
83fd3da1571945f78ee1ec3456c3980a,2026-02-27T20:00:00Z,2026-02-27T20:17:11Z,auth,auth_enUS_labelerexp,at://did:plc:dvgliotey33vix3wlltybgkd/app.bsky.feed.generator/all,suggested_labelerexp,40,at://did:plc:xbkhisyqurppc43irepjhtzp/app.bsky.feed.post/3mfuhxfr23s2a,bafyreico7ka5sbaovsgo3robqwqxrfgajpv7bzdrxkp5rmuhlkelqbsedu,did:plc:xbkhisyqurppc43irepjhtzp,by-enot-paws.bsky.social,,
83fd3da1571945f78ee1ec3456c3980a,2026-02-27T20:00:00Z,2026-02-27T20:17:11Z,auth,auth_enUS_labelerexp,at://did:plc:dvgliotey33vix3wlltybgkd/app.bsky.feed.generator/all,suggested_labelerexp,41,at://did:plc:3nnwwpngxa7ox2ebk6t64dbd/app.bsky.feed.post/3mfuhwbokqc2u,bafyreihzljkcqt24am4u4p5dsweoyxa3j7gibwhi3q2tibyc7uesig6zvm,did:plc:3nnwwpngxa7ox2ebk6t64dbd,aprosdoketon.bsky.social,,
83fd3da1571945f78ee1ec3456c3980a,2026-02-27T20:00:00Z,2026-02-27T20:17:11Z,auth,auth_enUS_labelerexp,at://did:plc:dvgliotey33vix3wlltybgkd/app.bsky.feed.generator/all,suggested_labelerexp,42,at://did:plc:fspmlg7kehltgybrhxgyp3rw/app.bsky.feed.post/3mfuhvxtydc2l,bafyreihjnccwwgsrlzkbjlh7crygsutdsin3wiw5fstsgq5c5hbuagdwt4,did:plc:fspmlg7kehltgybrhxgyp3rw,twink.pink,,
83fd3da1571945f78ee1ec3456c3980a,2026-02-27T20:00:00Z,2026-02-27T20:17:11Z,auth,auth_enUS_labelerexp,at://did:plc:dvgliotey33vix3wlltybgkd/app.bsky.feed.generator/all,suggested_labelerexp,43,at://did:plc:mfxl7vpeau53gqrare3nz6tg/app.bsky.feed.post/3mfuhufu23k26,bafyreid3bw4li2rozucivqswiggytp2zabvntqb2gshba3h4naugszltce,did:plc:mfxl7vpeau53gqrare3nz6tg,vvictory.bsky.social,,
83fd3da1571945f78ee1ec3456c3980a,2026-02-27T20:00:00Z,2026-02-27T20:17:11Z,auth,auth_enUS_labelerexp,at://did:plc:dvgliotey33vix3wlltybgkd/app.bsky.feed.generator/all,suggested_labelerexp,44,at://did:plc:jbgxuhhtfni6mux7hp3kzuax/app.bsky.feed.post/3mfuhtgquf22c,bafyreiebdfnmjuhrdvymzqesrjnofmznsftcv2gkn7nltjlup36aiynr2m,did:plc:jbgxuhhtfni6mux7hp3kzuax,u24.gov.ua,,
83fd3da1571945f78ee1ec3456c3980a,2026-02-27T20:00:00Z,2026-02-27T20:17:11Z,auth,auth_enUS_labelerexp,at://did:plc:dvgliotey33vix3wlltybgkd/app.bsky.feed.generator/all,suggested_labelerexp,45,at://did:plc:2yforempe4yllpywadmyf5nl/app.bsky.feed.post/3mfuhrpge522c,bafyreiby454v4zzqenysmadd5eu4dg4wqvjqjjbd3csb6qcrq3bvfk2el4,did:plc:2yforempe4yllpywadmyf5nl,shalenstwo.bsky.social,,
83fd3da1571945f78ee1ec3456c3980a,2026-02-27T20:00:00Z,2026-02-27T20:17:11Z,auth,auth_enUS_labelerexp,at://did:plc:dvgliotey33vix3wlltybgkd/app.bsky.feed.generator/all,suggested_labelerexp,46,at://did:plc:eytwtrd2ur4flu5vcshbsv6f/app.bsky.feed.post/3mfuhrelijk2a,bafyreigc2l6ol4tvda3uqeuzgeydem5pt7g25lpn4bvlogg24tc2guejxm,did:plc:eytwtrd2ur4flu5vcshbsv6f,cytrynka24.bsky.social,,
83fd3da1571945f78ee1ec3456c3980a,2026-02-27T20:00:00Z,2026-02-27T20:17:11Z,auth,auth_enUS_labelerexp,at://did:plc:dvgliotey33vix3wlltybgkd/app.bsky.feed.generator/all,suggested_labelerexp,47,at://did:plc:ljwev2kc2u3yuftnt2ymbsnd/app.bsky.feed.post/3mfuhr726p22e,bafyreibtcj4zybefqgewqbmyvqta6iskibs6fgwqabencecxcheztfo5he,did:plc:ljwev2kc2u3yuftnt2ymbsnd,thisisyou.bsky.social,,
83fd3da1571945f78ee1ec3456c3980a,2026-02-27T20:00:00Z,2026-02-27T20:17:11Z,auth,auth_enUS_labelerexp,at://did:plc:dvgliotey33vix3wlltybgkd/app.bsky.feed.generator/all,suggested_labelerexp,48,at://did:plc:v3bkfge7g7ef35ggdokbe52k/app.bsky.feed.post/3mfuhqbjryk2d,bafyreicpog5gwga4xq4g4glbpby726mlmdsstodwvfqvevsbpa4wslhdae,did:plc:v3bkfge7g7ef35ggdokbe52k,gn-arp.bsky.social,,
83fd3da1571945f78ee1ec3456c3980a,2026-02-27T20:00:00Z,2026-02-27T20:17:11Z,auth,auth_enUS_labelerexp,at://did:plc:dvgliotey33vix3wlltybgkd/app.bsky.feed.generator/all,suggested_labelerexp,49,at://did:plc:oagao53fcys6w6pfaxgxgmg6/app.bsky.feed.post/3mfuhpohes222,bafyreif6vhgei5jbev3faw7jpknivpyayrwej5uz5pkp3z2hbfqhupo2iy,did:plc:oagao53fcys6w6pfaxgxgmg6,voronaarts.bsky.social,,
83fd3da1571945f78ee1ec3456c3980a,2026-02-27T20:00:00Z,2026-02-27T20:17:11Z,auth,auth_enUS_labelerexp,at://did:plc:dvgliotey33vix3wlltybgkd/app.bsky.feed.generator/all,suggested_labelerexp,50,at://did:plc:yn3lggz4vcabiny6l3kdkofn/app.bsky.feed.post/3mfuhoprb2k2u,bafyreig5shzmvn4uf4y7dwbs7od35ofnriixlq2rb4tmfbl4aelhkzxxi4,did:plc:yn3lggz4vcabiny6l3kdkofn,sprouts.bsky.social,,
83fd3da1571945f78ee1ec3456c3980a,2026-02-27T20:00:00Z,2026-02-27T20:17:13Z,auth,auth_enUS_labelerexp,at://did:plc:geoqe3qls5mwezckxxsewys2/app.bsky.feed.generator/aaabrbjcg4hmk,suggested_labelerexp,1,at://did:plc:so5qaxrby4lta7ltcll3hzzr/app.bsky.feed.post/3lr2kxgm5o227,bafyreiancolrhsmkxixgd4jzedoo5elfnu7vrh3hjqsilhxxbznqrqav2y,did:plc:so5qaxrby4lta7ltcll3hzzr,booksky.club,,
83fd3da1571945f78ee1ec3456c3980a,2026-02-27T20:00:00Z,2026-02-27T20:17:13Z,auth,auth_enUS_labelerexp,at://did:plc:geoqe3qls5mwezckxxsewys2/app.bsky.feed.generator/aaabrbjcg4hmk,suggested_labelerexp,2,at://did:plc:3ib4rejpl5qzhiiazztln3qv/app.bsky.feed.post/3mfujn6xwnv2p,bafyreibrmxd2iksvkhvdcrqipvex4fknmwxylyqc2ixbf6s6p2pva4wfjy,did:plc:3ib4rejpl5qzhiiazztln3qv,antiquebookart.bsky.social,,
83fd3da1571945f78ee1ec3456c3980a,2026-02-27T20:00:00Z,2026-02-27T20:17:13Z,auth,auth_enUS_labelerexp,at://did:plc:geoqe3qls5mwezckxxsewys2/app.bsky.feed.generator/aaabrbjcg4hmk,suggested_labelerexp,3,at://did:plc:6a6c2wj5d64mszbmkppeuqnv/app.bsky.feed.post/3mfujkgwq4k2z,bafyreiah5yalrsumgb7z65k77fvhs55hlpayvx6klivj5q2jaujaf3texu,did:plc:6a6c2wj5d64mszbmkppeuqnv,robertocapocristi.bsky.social,,
83fd3da1571945f78ee1ec3456c3980a,2026-02-27T20:00:00Z,2026-02-27T20:17:13Z,auth,auth_enUS_labelerexp,at://did:plc:geoqe3qls5mwezckxxsewys2/app.bsky.feed.generator/aaabrbjcg4hmk,suggested_labelerexp,4,at://did:plc:myg37p3g5j36u7javtdd5cut/app.bsky.feed.post/3mfujk56dzk2e,bafyreifyfwmvddezyqlvgsxbsruvjhecmbkx5e2xzqyavxsir3zguqho7q,did:plc:myg37p3g5j36u7javtdd5cut,sarahjane1077.bsky.social,,
83fd3da1571945f78ee1ec3456c3980a,2026-02-27T20:00:00Z,2026-02-27T20:17:13Z,auth,auth_enUS_labelerexp,at://did:plc:geoqe3qls5mwezckxxsewys2/app.bsky.feed.generator/aaabrbjcg4hmk,suggested_labelerexp,5,at://did:plc:r46sxwck4z5ek6c5fgvifobr/app.bsky.feed.post/3mfujk2ae7k2k,bafyreifinhcupjkqw5lls67em4r23jhxidwdfbzn6xsmfyiunlfwgkt6sy,did:plc:r46sxwck4z5ek6c5fgvifobr,fire-projectsmedia.bsky.social,,
83fd3da1571945f78ee1ec3456c3980a,2026-02-27T20:00:00Z,2026-02-27T20:17:13Z,auth,auth_enUS_labelerexp,at://did:plc:geoqe3qls5mwezckxxsewys2/app.bsky.feed.generator/aaabrbjcg4hmk,suggested_labelerexp,6,at://did:plc:6xaaikeeonh3ffmcusmxmlix/app.bsky.feed.post/3mfujjg6l422c,bafyreietrrg7gro675ppnybxzrnuvgveqooijbm6j5f2p3f3k236v7v4bm,did:plc:6xaaikeeonh3ffmcusmxmlix,jwachob.bsky.social,,
83fd3da1571945f78ee1ec3456c3980a,2026-02-27T20:00:00Z,2026-02-27T20:17:13Z,auth,auth_enUS_labelerexp,at://did:plc:geoqe3qls5mwezckxxsewys2/app.bsky.feed.generator/aaabrbjcg4hmk,suggested_labelerexp,7,at://did:plc:tgyvgesoiybhdca5g5wgklnj/app.bsky.feed.post/3mfujiqqrs22u,bafyreifjwnlma5ryox7ugrat4dgrz2yafga3oxf7ktlbzj4555vumzbaea,did:plc:tgyvgesoiybhdca5g5wgklnj,indiehorrorchapter.bsky.social,,
83fd3da1571945f78ee1ec3456c3980a,2026-02-27T20:00:00Z,2026-02-27T20:17:13Z,auth,auth_enUS_labelerexp,at://did:plc:geoqe3qls5mwezckxxsewys2/app.bsky.feed.generator/aaabrbjcg4hmk,suggested_labelerexp,8,at://did:plc:4lpq4ji2lpefepytmgntkr47/app.bsky.feed.post/3mfujhl2m522n,bafyreiccxkwrdnpbrkvdixmls2pc65tqgz4wkzbpdow7mdn4ndmd7eu45q,did:plc:4lpq4ji2lpefepytmgntkr47,smartreads.bsky.social,,
83fd3da1571945f78ee1ec3456c3980a,2026-02-27T20:00:00Z,2026-02-27T20:17:13Z,auth,auth_enUS_labelerexp,at://did:plc:geoqe3qls5mwezckxxsewys2/app.bsky.feed.generator/aaabrbjcg4hmk,suggested_labelerexp,9,at://did:plc:xu7uky7gpiul3yrhi2ftblzv/app.bsky.feed.post/3mfujh25dt22s,bafyreih4tsy7em6dkwgxdjriwipspaspscsvpsgauoiwjskpxenvqtorbu,did:plc:xu7uky7gpiul3yrhi2ftblzv,clacksee.bsky.social,,
83fd3da1571945f78ee1ec3456c3980a,2026-02-27T20:00:00Z,2026-02-27T20:17:13Z,auth,auth_enUS_labelerexp,at://did:plc:geoqe3qls5mwezckxxsewys2/app.bsky.feed.generator/aaabrbjcg4hmk,suggested_labelerexp,10,at://did:plc:gpe5k4zgb5hpdtlbmtixwf4n/app.bsky.feed.post/3mfujet7h4224,bafyreibldbbnrnmgekorl72k255dz4zcrwgqddykibu7dcbb4se2vsvtee,did:plc:gpe5k4zgb5hpdtlbmtixwf4n,stealingfromwizards.com,,
83fd3da1571945f78ee1ec3456c3980a,2026-02-27T20:00:00Z,2026-02-27T20:17:13Z,auth,auth_enUS_labelerexp,at://did:plc:geoqe3qls5mwezckxxsewys2/app.bsky.feed.generator/aaabrbjcg4hmk,suggested_labelerexp,11,at://did:plc:wjqxhozl6rxise4zcgno2523/app.bsky.feed.post/3mfuj7kmgi22p,bafyreigxdvduvhmqlwhf7yc5byd5fmplx2pf5xot6o3tlqfosjmgb4e5iu,did:plc:wjqxhozl6rxise4zcgno2523,sophiethirteen.bsky.social,,
83fd3da1571945f78ee1ec3456c3980a,2026-02-27T20:00:00Z,2026-02-27T20:17:13Z,auth,auth_enUS_labelerexp,at://did:plc:geoqe3qls5mwezckxxsewys2/app.bsky.feed.generator/aaabrbjcg4hmk,suggested_labelerexp,12,at://did:plc:jd77nejekvpez2wcgmaofrpk/app.bsky.feed.post/3mfuj6jbqos2g,bafyreicwqilprbdgzhxdu6vdib4xs422xezmerl7emxmfggysm7cpircwi,did:plc:jd77nejekvpez2wcgmaofrpk,nicholasballou.com,,
83fd3da1571945f78ee1ec3456c3980a,2026-02-27T20:00:00Z,2026-02-27T20:17:13Z,auth,auth_enUS_labelerexp,at://did:plc:geoqe3qls5mwezckxxsewys2/app.bsky.feed.generator/aaabrbjcg4hmk,suggested_labelerexp,13,at://did:plc:wduis6dxe3kpxcxmu7hc5s2j/app.bsky.feed.post/3mfuj5ot4vc23,bafyreiaz65ityajfgu6jrid4yaebw5zvmdeks3hc36fewuqk4hpsc23jju,did:plc:wduis6dxe3kpxcxmu7hc5s2j,mrpsmissives.bsky.social,,
83fd3da1571945f78ee1ec3456c3980a,2026-02-27T20:00:00Z,2026-02-27T20:17:13Z,auth,auth_enUS_labelerexp,at://did:plc:geoqe3qls5mwezckxxsewys2/app.bsky.feed.generator/aaabrbjcg4hmk,suggested_labelerexp,14,at://did:plc:goyrbufkwzvscm42hbewlj76/app.bsky.feed.post/3mfuiyv47mk2v,bafyreiaxe7xk6kzggvoomxmjbqqgaltrbxouoeahl3ho4behp5lkjcaar4,did:plc:goyrbufkwzvscm42hbewlj76,boblivion.bsky.social,,
83fd3da1571945f78ee1ec3456c3980a,2026-02-27T20:00:00Z,2026-02-27T20:17:13Z,auth,auth_enUS_labelerexp,at://did:plc:geoqe3qls5mwezckxxsewys2/app.bsky.feed.generator/aaabrbjcg4hmk,suggested_labelerexp,15,at://did:plc:h3lffduqppkpbfpsm2ksfg2g/app.bsky.feed.post/3mfuiyjlrrg2k,bafyreidwe6vdfh6byst7rmz4mfa266bs4lvlntdnzgit2thn2jkpskelym,did:plc:h3lffduqppkpbfpsm2ksfg2g,thaisameyka.bsky.social,,
83fd3da1571945f78ee1ec3456c3980a,2026-02-27T20:00:00Z,2026-02-27T20:17:13Z,auth,auth_enUS_labelerexp,at://did:plc:geoqe3qls5mwezckxxsewys2/app.bsky.feed.generator/aaabrbjcg4hmk,suggested_labelerexp,16,at://did:plc:i2ufqt4gpz4hrn5jmmmf3ppf/app.bsky.feed.post/3mfuivsgyek2n,bafyreiabi6fb4j2w5eeim7a5lox6le3dn6gsbqj3k6dzmj6cbrfpjbzaea,did:plc:i2ufqt4gpz4hrn5jmmmf3ppf,openborderspress.bsky.social,,
83fd3da1571945f78ee1ec3456c3980a,2026-02-27T20:00:00Z,2026-02-27T20:17:13Z,auth,auth_enUS_labelerexp,at://did:plc:geoqe3qls5mwezckxxsewys2/app.bsky.feed.generator/aaabrbjcg4hmk,suggested_labelerexp,17,at://did:plc:wfup4ykedneyse5pmtkpdk4e/app.bsky.feed.post/3mfuive6rmg2m,bafyreieqkbsbvsovclydbmn5vp42gvyafus4m7bpx4pgwvye4zii7zsofu,did:plc:wfup4ykedneyse5pmtkpdk4e,marianneplasse.bsky.social,,
83fd3da1571945f78ee1ec3456c3980a,2026-02-27T20:00:00Z,2026-02-27T20:17:13Z,auth,auth_enUS_labelerexp,at://did:plc:geoqe3qls5mwezckxxsewys2/app.bsky.feed.generator/aaabrbjcg4hmk,suggested_labelerexp,18,at://did:plc:ddxjlgoe7p6t2bhatmxh6fgv/app.bsky.feed.post/3mfuitmuhea2v,bafyreia3vrdq74htnifiarudhpznw3oog5p4nycvio2sccl5hjuo2z4g2y,did:plc:ddxjlgoe7p6t2bhatmxh6fgv,marciaclayton.bsky.social,,
83fd3da1571945f78ee1ec3456c3980a,2026-02-27T20:00:00Z,2026-02-27T20:17:13Z,auth,auth_enUS_labelerexp,at://did:plc:geoqe3qls5mwezckxxsewys2/app.bsky.feed.generator/aaabrbjcg4hmk,suggested_labelerexp,19,at://did:plc:ob6t2jjdola5qpbaml2cu2bv/app.bsky.feed.post/3mfuin72fgs2i,bafyreiayqjc5v5kb6zwvcw2z2w4j5a2r567omragpuaj3e27lfkbx733pq,did:plc:ob6t2jjdola5qpbaml2cu2bv,jademcstar.bsky.social,,
83fd3da1571945f78ee1ec3456c3980a,2026-02-27T20:00:00Z,2026-02-27T20:17:13Z,auth,auth_enUS_labelerexp,at://did:plc:geoqe3qls5mwezckxxsewys2/app.bsky.feed.generator/aaabrbjcg4hmk,suggested_labelerexp,20,at://did:plc:5gn7wxq5a7dbctdftq32dr57/app.bsky.feed.post/3mfuim7ysjc2u,bafyreid3k6kduoakcnukbejoum36isuk67nz2xvtgbo44xrpyucnra7vby,did:plc:5gn7wxq5a7dbctdftq32dr57,thenewquarterly.bsky.social,,
83fd3da1571945f78ee1ec3456c3980a,2026-02-27T20:00:00Z,2026-02-27T20:17:13Z,auth,auth_enUS_labelerexp,at://did:plc:geoqe3qls5mwezckxxsewys2/app.bsky.feed.generator/aaabrbjcg4hmk,suggested_labelerexp,21,at://did:plc:ez22b2zew4qmalruoakz3ofz/app.bsky.feed.post/3mfuikomo2s2e,bafyreiabxasfmiayttcfao7f2haywdxaewnnj6ztfebaaxshmbwpwr7xdm,did:plc:ez22b2zew4qmalruoakz3ofz,zbcy.bsky.social,,
83fd3da1571945f78ee1ec3456c3980a,2026-02-27T20:00:00Z,2026-02-27T20:17:13Z,auth,auth_enUS_labelerexp,at://did:plc:geoqe3qls5mwezckxxsewys2/app.bsky.feed.generator/aaabrbjcg4hmk,suggested_labelerexp,22,at://did:plc:mfl376sgl5e4atkl3ioc56nd/app.bsky.feed.post/3mfuijasg5c2e,bafyreiba3yfvq4yyjdb33p3fhpwycue3uik3yzycciwii4liwkhsiku7qq,did:plc:mfl376sgl5e4atkl3ioc56nd,nsiabblog.bsky.social,,
83fd3da1571945f78ee1ec3456c3980a,2026-02-27T20:00:00Z,2026-02-27T20:17:13Z,auth,auth_enUS_labelerexp,at://did:plc:geoqe3qls5mwezckxxsewys2/app.bsky.feed.generator/aaabrbjcg4hmk,suggested_labelerexp,23,at://did:plc:ml4govp2pblkduw3tg2li4jd/app.bsky.feed.post/3mfuihlfeos2b,bafyreiarb6jgrsndlzbg32fqvclizqeninyjf4boqm3rljab4bldx7pbzy,did:plc:ml4govp2pblkduw3tg2li4jd,kristyisreading.bsky.social,,
83fd3da1571945f78ee1ec3456c3980a,2026-02-27T20:00:00Z,2026-02-27T20:17:13Z,auth,auth_enUS_labelerexp,at://did:plc:geoqe3qls5mwezckxxsewys2/app.bsky.feed.generator/aaabrbjcg4hmk,suggested_labelerexp,24,at://did:plc:aj5gmi7c2sa66x7as32jhmsg/app.bsky.feed.post/3mfuigw6gzx2f,bafyreicmdkoix7ku622ion77yz2jjz27zinnu2mbz7duu54fuxsikmilba,did:plc:aj5gmi7c2sa66x7as32jhmsg,lunarstdy.bsky.social,,
83fd3da1571945f78ee1ec3456c3980a,2026-02-27T20:00:00Z,2026-02-27T20:17:13Z,auth,auth_enUS_labelerexp,at://did:plc:geoqe3qls5mwezckxxsewys2/app.bsky.feed.generator/aaabrbjcg4hmk,suggested_labelerexp,25,at://did:plc:43erq23xuu3pdbhufvkqentv/app.bsky.feed.post/3mfuifx4nds2h,bafyreicpygvekkbcfxjxlz3a2fmjrsmyaujg4yduafulbcgf2twmdffzsa,did:plc:43erq23xuu3pdbhufvkqentv,milliebot.bsky.social,,
83fd3da1571945f78ee1ec3456c3980a,2026-02-27T20:00:00Z,2026-02-27T20:17:13Z,auth,auth_enUS_labelerexp,at://did:plc:geoqe3qls5mwezckxxsewys2/app.bsky.feed.generator/aaabrbjcg4hmk,suggested_labelerexp,26,at://did:plc:lbdayk6fayjstnv4uzb3fwdl/app.bsky.feed.post/3mfuid36gxc2b,bafyreibdbvs34szlmxkyk4xplmedpwhpv5hks6yvgnoymefavyo2qsjnlq,did:plc:lbdayk6fayjstnv4uzb3fwdl,austengoals.bsky.social,,
83fd3da1571945f78ee1ec3456c3980a,2026-02-27T20:00:00Z,2026-02-27T20:17:13Z,auth,auth_enUS_labelerexp,at://did:plc:geoqe3qls5mwezckxxsewys2/app.bsky.feed.generator/aaabrbjcg4hmk,suggested_labelerexp,27,at://did:plc:74obizo6bc3yfyx4sjhvldey/app.bsky.feed.post/3mfuicoeysn27,bafyreif2j53exzwpuf5jzivxesjxqhcmbpyo3hqv2cobkd2tylyhkgresm,did:plc:74obizo6bc3yfyx4sjhvldey,palimpsestebot.bsky.social,,
83fd3da1571945f78ee1ec3456c3980a,2026-02-27T20:00:00Z,2026-02-27T20:17:13Z,auth,auth_enUS_labelerexp,at://did:plc:geoqe3qls5mwezckxxsewys2/app.bsky.feed.generator/aaabrbjcg4hmk,suggested_labelerexp,28,at://did:plc:j75r5xzdq45no4vxs6fjjvwl/app.bsky.feed.post/3mfuicjylas2o,bafyreidgosy7vfoqh2pujqdgyln2xyevrcn3akib7gfzzcmtbjlklnbr5e,did:plc:j75r5xzdq45no4vxs6fjjvwl,kncbooks.bsky.social,,
83fd3da1571945f78ee1ec3456c3980a,2026-02-27T20:00:00Z,2026-02-27T20:17:13Z,auth,auth_enUS_labelerexp,at://did:plc:geoqe3qls5mwezckxxsewys2/app.bsky.feed.generator/aaabrbjcg4hmk,suggested_labelerexp,29,at://did:plc:4f4yc7csoewvyvdyyr55qfir/app.bsky.feed.post/3mfuicisfl22c,bafyreid6m3ogczk23yusycz3zaqy3sw377ou7ftwdxrgyhm5twutzel3ea,did:plc:4f4yc7csoewvyvdyyr55qfir,kathleenlyons.bsky.social,,
83fd3da1571945f78ee1ec3456c3980a,2026-02-27T20:00:00Z,2026-02-27T20:17:13Z,auth,auth_enUS_labelerexp,at://did:plc:geoqe3qls5mwezckxxsewys2/app.bsky.feed.generator/aaabrbjcg4hmk,suggested_labelerexp,30,at://did:plc:tt6hghuwna5boh7hnmgxck27/app.bsky.feed.post/3mfuibvxpgs2l,bafyreihn573bjzspi7bdesfpd6oft2vdarnfz2jfagfnhpzijqmpicapwi,did:plc:tt6hghuwna5boh7hnmgxck27,alexellermann.bsky.social,,
83fd3da1571945f78ee1ec3456c3980a,2026-02-27T20:00:00Z,2026-02-27T20:17:13Z,auth,auth_enUS_labelerexp,at://did:plc:geoqe3qls5mwezckxxsewys2/app.bsky.feed.generator/aaabrbjcg4hmk,suggested_labelerexp,31,at://did:plc:2ikbfjl63asw25gzhmlziz6q/app.bsky.feed.post/3mfuib7haqs2t,bafyreib7pi3qe46euyeyiqotg6w2bu57vd7com4lr5dt4rpe2xgl72euse,did:plc:2ikbfjl63asw25gzhmlziz6q,racheyreads.bsky.social,,
83fd3da1571945f78ee1ec3456c3980a,2026-02-27T20:00:00Z,2026-02-27T20:17:13Z,auth,auth_enUS_labelerexp,at://did:plc:geoqe3qls5mwezckxxsewys2/app.bsky.feed.generator/aaabrbjcg4hmk,suggested_labelerexp,32,at://did:plc:a35ppipav3fqj3xovwryzx3n/app.bsky.feed.post/3mfuiaucols2e,bafyreie3sdysk7o3zhncp6yyndruoyhksynx5roqlx7j5gv4das2ldlb2e,did:plc:a35ppipav3fqj3xovwryzx3n,chickiewu.bsky.social,,
83fd3da1571945f78ee1ec3456c3980a,2026-02-27T20:00:00Z,2026-02-27T20:17:13Z,auth,auth_enUS_labelerexp,at://did:plc:geoqe3qls5mwezckxxsewys2/app.bsky.feed.generator/aaabrbjcg4hmk,suggested_labelerexp,33,at://did:plc:rj4ytlv3ecybfl4rnxu26og4/app.bsky.feed.post/3mfui7wktmc2u,bafyreiayho6u77ge6muahlycckmqr7ozq6itrzfhhx7y2hr4wkb47dsku4,did:plc:rj4ytlv3ecybfl4rnxu26og4,lisacowanpineo.bsky.social,,
83fd3da1571945f78ee1ec3456c3980a,2026-02-27T20:00:00Z,2026-02-27T20:17:13Z,auth,auth_enUS_labelerexp,at://did:plc:geoqe3qls5mwezckxxsewys2/app.bsky.feed.generator/aaabrbjcg4hmk,suggested_labelerexp,34,at://did:plc:74obizo6bc3yfyx4sjhvldey/app.bsky.feed.post/3mfui6nu7hj2r,bafyreidnwpsvr5jwcqj4vbzu7kbmyizxgdcx77xo62mryyarzpuvq6gnmq,did:plc:74obizo6bc3yfyx4sjhvldey,palimpsestebot.bsky.social,,
83fd3da1571945f78ee1ec3456c3980a,2026-02-27T20:00:00Z,2026-02-27T20:17:13Z,auth,auth_enUS_labelerexp,at://did:plc:geoqe3qls5mwezckxxsewys2/app.bsky.feed.generator/aaabrbjcg4hmk,suggested_labelerexp,35,at://did:plc:xtkqyuujmfffg3ntpvwqfbqp/app.bsky.feed.post/3mfui5n5ltc26,bafyreigidafbpt276hz6py2omqago7fd7hjxsqkspohyfu7n2lknleb4cq,did:plc:xtkqyuujmfffg3ntpvwqfbqp,frankwaylor.bsky.social,,
83fd3da1571945f78ee1ec3456c3980a,2026-02-27T20:00:00Z,2026-02-27T20:17:13Z,auth,auth_enUS_labelerexp,at://did:plc:geoqe3qls5mwezckxxsewys2/app.bsky.feed.generator/aaabrbjcg4hmk,suggested_labelerexp,36,at://did:plc:vilm5cllz374bz5sbvdqm2db/app.bsky.feed.post/3mfui2txwh227,bafyreiargh7kpaj7y2k2oiqm6nzivqie7djylsgcifmt72hxnre26a4j6q,did:plc:vilm5cllz374bz5sbvdqm2db,kathrynhills.bsky.social,,
83fd3da1571945f78ee1ec3456c3980a,2026-02-27T20:00:00Z,2026-02-27T20:17:13Z,auth,auth_enUS_labelerexp,at://did:plc:geoqe3qls5mwezckxxsewys2/app.bsky.feed.generator/aaabrbjcg4hmk,suggested_labelerexp,37,at://did:plc:n2e2gj2s7rhc6ldg2jufqvxb/app.bsky.feed.post/3mfui2nitik2o,bafyreickuyc6pvplon23uuydhrzkjqtns65lkuhwgkaf7y37e6zeyoaf7i,did:plc:n2e2gj2s7rhc6ldg2jufqvxb,collinarmstrong.bsky.social,,
83fd3da1571945f78ee1ec3456c3980a,2026-02-27T20:00:00Z,2026-02-27T20:17:13Z,auth,auth_enUS_labelerexp,at://did:plc:geoqe3qls5mwezckxxsewys2/app.bsky.feed.generator/aaabrbjcg4hmk,suggested_labelerexp,38,at://did:plc:i6y3jdklpvkjvynvsrnqfdoq/app.bsky.feed.post/3maeuez3ifc2q,bafyreibszljdobxba5f7zzzbou65sitpedpp5rcey2k2yfoynfu464tiya,did:plc:i6y3jdklpvkjvynvsrnqfdoq,graze.social,,
83fd3da1571945f78ee1ec3456c3980a,2026-02-27T20:00:00Z,2026-02-27T20:17:13Z,auth,auth_enUS_labelerexp,at://did:plc:geoqe3qls5mwezckxxsewys2/app.bsky.feed.generator/aaabrbjcg4hmk,suggested_labelerexp,39,at://did:plc:4yonufpbsh4mtdupbha53tpd/app.bsky.feed.post/3mfuhys3yds2t,bafyreia2efqjzuashxxkk6vzrjpjgblrupq4ozfivkkguuiypq72dpf7eu,did:plc:4yonufpbsh4mtdupbha53tpd,bbh74.bsky.social,,
83fd3da1571945f78ee1ec3456c3980a,2026-02-27T20:00:00Z,2026-02-27T20:17:13Z,auth,auth_enUS_labelerexp,at://did:plc:geoqe3qls5mwezckxxsewys2/app.bsky.feed.generator/aaabrbjcg4hmk,suggested_labelerexp,40,at://did:plc:kuhzmyhmnw5sfbygjmzdiomd/app.bsky.feed.post/3mfuhyqdmn224,bafyreieyg6bbb7joagnuptcqhx4uxhpcf6mlglaizt7kl556y7qyhqx7rm,did:plc:kuhzmyhmnw5sfbygjmzdiomd,hmclarkeauthor.bsky.social,,
83fd3da1571945f78ee1ec3456c3980a,2026-02-27T20:00:00Z,2026-02-27T20:17:13Z,auth,auth_enUS_labelerexp,at://did:plc:geoqe3qls5mwezckxxsewys2/app.bsky.feed.generator/aaabrbjcg4hmk,suggested_labelerexp,41,at://did:plc:caihvmjeolwbgpfitd2xlxxf/app.bsky.feed.post/3mfuhtito3c2m,bafyreiaytww32v5j424xfzru3nxgurqb6bom2tnpej657v5fu2tubheviu,did:plc:caihvmjeolwbgpfitd2xlxxf,mrbronn.bsky.social,,
83fd3da1571945f78ee1ec3456c3980a,2026-02-27T20:00:00Z,2026-02-27T20:17:13Z,auth,auth_enUS_labelerexp,at://did:plc:geoqe3qls5mwezckxxsewys2/app.bsky.feed.generator/aaabrbjcg4hmk,suggested_labelerexp,42,at://did:plc:y4g3f73k2ca746w7yl2e2yl2/app.bsky.feed.post/3mfuhs42sjc23,bafyreie2mhqcjawshyhdrv45zqa55v3o6aa5vgj7g22to54jiio7i2xd3e,did:plc:y4g3f73k2ca746w7yl2e2yl2,macwomble.bsky.social,,
83fd3da1571945f78ee1ec3456c3980a,2026-02-27T20:00:00Z,2026-02-27T20:17:13Z,auth,auth_enUS_labelerexp,at://did:plc:geoqe3qls5mwezckxxsewys2/app.bsky.feed.generator/aaabrbjcg4hmk,suggested_labelerexp,43,at://did:plc:uzrxb4k7h4n7sqolep27b6wt/app.bsky.feed.post/3mfuhrvlye22q,bafyreie5lxhoz6jtxlijkitfmjpkrmo3e6kx3umle33k66xhsaxeyjpkga,did:plc:uzrxb4k7h4n7sqolep27b6wt,bonobochick.bsky.social,,
83fd3da1571945f78ee1ec3456c3980a,2026-02-27T20:00:00Z,2026-02-27T20:17:13Z,auth,auth_enUS_labelerexp,at://did:plc:geoqe3qls5mwezckxxsewys2/app.bsky.feed.generator/aaabrbjcg4hmk,suggested_labelerexp,44,at://did:plc:svg6uktunzvrvsh6xmnalxp2/app.bsky.feed.post/3mfuhqvdhdk2b,bafyreiesca2fzm72jbco3ommzqyr2d5tsmcrx4ogcb34z6xb4tr7w4ekd4,did:plc:svg6uktunzvrvsh6xmnalxp2,iamkaymichelle.bsky.social,,
83fd3da1571945f78ee1ec3456c3980a,2026-02-27T20:00:00Z,2026-02-27T20:17:13Z,auth,auth_enUS_labelerexp,at://did:plc:geoqe3qls5mwezckxxsewys2/app.bsky.feed.generator/aaabrbjcg4hmk,suggested_labelerexp,45,at://did:plc:uchaqne6urbc3w5fgukhuzja/app.bsky.feed.post/3mfuhqstcv22m,bafyreie555dsl5gsr2gmi4pgef2zfri3izdyz2tjwekuufs527us5z22dq,did:plc:uchaqne6urbc3w5fgukhuzja,gutsey.bsky.social,,
83fd3da1571945f78ee1ec3456c3980a,2026-02-27T20:00:00Z,2026-02-27T20:17:13Z,auth,auth_enUS_labelerexp,at://did:plc:geoqe3qls5mwezckxxsewys2/app.bsky.feed.generator/aaabrbjcg4hmk,suggested_labelerexp,46,at://did:plc:trkbaw7mi7o3h3utgiycfunc/app.bsky.feed.post/3mfuhp7nvgc27,bafyreig4iq7yx7p652e3yzsuta6dvzuvzior4jier4xb7asaalu5b3rtym,did:plc:trkbaw7mi7o3h3utgiycfunc,artsofexistence.bsky.social,,
83fd3da1571945f78ee1ec3456c3980a,2026-02-27T20:00:00Z,2026-02-27T20:17:13Z,auth,auth_enUS_labelerexp,at://did:plc:geoqe3qls5mwezckxxsewys2/app.bsky.feed.generator/aaabrbjcg4hmk,suggested_labelerexp,47,at://did:plc:i6a2jgbvozv63eojootkbsd4/app.bsky.feed.post/3mfuho67ffd2n,bafyreiaxz72qtldhutlkkxfbdxbzvdmlgw3sojgmh3fuxs67z5wiy3t3ha,did:plc:i6a2jgbvozv63eojootkbsd4,kate-scifi-author.bsky.social,,
83fd3da1571945f78ee1ec3456c3980a,2026-02-27T20:00:00Z,2026-02-27T20:17:13Z,auth,auth_enUS_labelerexp,at://did:plc:geoqe3qls5mwezckxxsewys2/app.bsky.feed.generator/aaabrbjcg4hmk,suggested_labelerexp,48,at://did:plc:3lvhabdtec5imtcvfgw2bhmh/app.bsky.feed.post/3mfuhnrytjc27,bafyreidzo2axaoomz76kn3vnravwvkxvw42rho3korsvbosrcflslmavxi,did:plc:3lvhabdtec5imtcvfgw2bhmh,themmefatale.northsky.social,,
83fd3da1571945f78ee1ec3456c3980a,2026-02-27T20:00:00Z,2026-02-27T20:17:13Z,auth,auth_enUS_labelerexp,at://did:plc:geoqe3qls5mwezckxxsewys2/app.bsky.feed.generator/aaabrbjcg4hmk,suggested_labelerexp,49,at://did:plc:so5qaxrby4lta7ltcll3hzzr/app.bsky.feed.post/3lstkciim232m,bafyreihxugotpekxvlvhmwx72fanwnyzefepfhblh22k5mplk6hucopieq,did:plc:so5qaxrby4lta7ltcll3hzzr,booksky.club,,
83fd3da1571945f78ee1ec3456c3980a,2026-02-27T20:00:00Z,2026-02-27T20:17:13Z,auth,auth_enUS_labelerexp,at://did:plc:geoqe3qls5mwezckxxsewys2/app.bsky.feed.generator/aaabrbjcg4hmk,suggested_labelerexp,50,at://did:plc:wlva433zzuwcwa2rjbfmbgpi/app.bsky.feed.post/3mfuhnn4ci427,bafyreicvxl7ag25t2immbzkdut7on4m5u3pstkji5hbxcfewuzl2ypjwxy,did:plc:wlva433zzuwcwa2rjbfmbgpi,poetisatorturada.bsky.social,,
83fd3da1571945f78ee1ec3456c3980a,2026-02-27T20:00:00Z,2026-02-27T20:17:14Z,auth,auth_enUS_labelerexp,at://did:plc:hf7ezrajxadu7v3tzcyij424/app.bsky.feed.generator/aaap7dpu57ve6,suggested_labelerexp,1,at://did:plc:hew2wmghmlzbeeqfwjfidv7j/app.bsky.feed.post/3mfug7xjris2s,bafyreihix7d4cnp7pedxm33zx6wdodlhk4y3shjmie6ves6x3voncpz2fu,did:plc:hew2wmghmlzbeeqfwjfidv7j,insidemlbnews.bsky.social,,
83fd3da1571945f78ee1ec3456c3980a,2026-02-27T20:00:00Z,2026-02-27T20:17:14Z,auth,auth_enUS_labelerexp,at://did:plc:hf7ezrajxadu7v3tzcyij424/app.bsky.feed.generator/aaap7dpu57ve6,suggested_labelerexp,2,at://did:plc:dhdsezfk323sykc2l37vcyhp/app.bsky.feed.post/3mfugosqbvk2n,bafyreigetu3j3nhtnc7ohzt5r7n7meesncuva5qdlx44trdvl7zshi46ky,did:plc:dhdsezfk323sykc2l37vcyhp,baseballgifs.bsky.social,,
83fd3da1571945f78ee1ec3456c3980a,2026-02-27T20:00:00Z,2026-02-27T20:17:14Z,auth,auth_enUS_labelerexp,at://did:plc:hf7ezrajxadu7v3tzcyij424/app.bsky.feed.generator/aaap7dpu57ve6,suggested_labelerexp,3,at://did:plc:cybwepzejr4idmukdkfe574b/app.bsky.feed.post/3mfufna7cks2j,bafyreigylowl3vfjooqyiyvbbrczr26huztnfavac5gtv332etuvbxc74e,did:plc:cybwepzejr4idmukdkfe574b,jmjones.bsky.social,,
83fd3da1571945f78ee1ec3456c3980a,2026-02-27T20:00:00Z,2026-02-27T20:17:14Z,auth,auth_enUS_labelerexp,at://did:plc:hf7ezrajxadu7v3tzcyij424/app.bsky.feed.generator/aaap7dpu57ve6,suggested_labelerexp,4,at://did:plc:dhdsezfk323sykc2l37vcyhp/app.bsky.feed.post/3mfuhg4vn3s2n,bafyreihsdvfb4maln4s7l4vpzfykqus2z26fno3ixtr3ngu7m6zmtol2cu,did:plc:dhdsezfk323sykc2l37vcyhp,baseballgifs.bsky.social,,
83fd3da1571945f78ee1ec3456c3980a,2026-02-27T20:00:00Z,2026-02-27T20:17:14Z,auth,auth_enUS_labelerexp,at://did:plc:hf7ezrajxadu7v3tzcyij424/app.bsky.feed.generator/aaap7dpu57ve6,suggested_labelerexp,5,at://did:plc:y6wlalgocai5u5pwin56z5yn/app.bsky.feed.post/3mfuitvssgk2x,bafyreih5gurlyvcy2oia42l2ld55fgjkbyiaer6zs7dyhcjao4m6uneqge,did:plc:y6wlalgocai5u5pwin56z5yn,jakerill.bsky.social,,
83fd3da1571945f78ee1ec3456c3980a,2026-02-27T20:00:00Z,2026-02-27T20:17:14Z,auth,auth_enUS_labelerexp,at://did:plc:hf7ezrajxadu7v3tzcyij424/app.bsky.feed.generator/aaap7dpu57ve6,suggested_labelerexp,6,at://did:plc:krtgzfixmfafx4ndpywlfmsm/app.bsky.feed.post/3mfuhpoocxw2h,bafyreigfswchwydsygtphhj2htfzwurkqsyjkl6f3a3gnghg4ek3mhbwwy,did:plc:krtgzfixmfafx4ndpywlfmsm,mlbtraderumors.bsky.social,,
83fd3da1571945f78ee1ec3456c3980a,2026-02-27T20:00:00Z,2026-02-27T20:17:14Z,auth,auth_enUS_labelerexp,at://did:plc:hf7ezrajxadu7v3tzcyij424/app.bsky.feed.generator/aaap7dpu57ve6,suggested_labelerexp,7,at://did:plc:exevy737ms5eexmfsuxpq6xx/app.bsky.feed.post/3mfuhxrehtk2n,bafyreifjszojliwh5txbsewifnfpbcfqlqqkk2zhxgsj2cbpixwr4twq6u,did:plc:exevy737ms5eexmfsuxpq6xx,outofthevines.bsky.social,,
83fd3da1571945f78ee1ec3456c3980a,2026-02-27T20:00:00Z,2026-02-27T20:17:14Z,auth,auth_enUS_labelerexp,at://did:plc:hf7ezrajxadu7v3tzcyij424/app.bsky.feed.generator/aaap7dpu57ve6,suggested_labelerexp,8,at://did:plc:77fe4qxc74zyjnugs5pdtcyq/app.bsky.feed.post/3mfuf5lexs225,bafyreibc6hgxuxo4ikkrqp3mtbqm5ckffj7noz6mbfjoh73h74qlbxhiuu,did:plc:77fe4qxc74zyjnugs5pdtcyq,codifybaseball.bsky.social,,
83fd3da1571945f78ee1ec3456c3980a,2026-02-27T20:00:00Z,2026-02-27T20:17:14Z,auth,auth_enUS_labelerexp,at://did:plc:hf7ezrajxadu7v3tzcyij424/app.bsky.feed.generator/aaap7dpu57ve6,suggested_labelerexp,9,at://did:plc:bzdhz7pkz6zbp2b5zus32hoy/app.bsky.feed.post/3mfued5ez2k2z,bafyreiba5lv5o5gf7s74xfmgepuwbh4gnsiisacwobyjx6gkvvlgnugxo4,did:plc:bzdhz7pkz6zbp2b5zus32hoy,bwd.bsky.social,,
83fd3da1571945f78ee1ec3456c3980a,2026-02-27T20:00:00Z,2026-02-27T20:17:14Z,auth,auth_enUS_labelerexp,at://did:plc:hf7ezrajxadu7v3tzcyij424/app.bsky.feed.generator/aaap7dpu57ve6,suggested_labelerexp,10,at://did:plc:dhdsezfk323sykc2l37vcyhp/app.bsky.feed.post/3mfuetajuok2n,bafyreigzp7zs3xck3s2lclux53wx2m3vcruz6rwntobekkq44xy7jjolq4,did:plc:dhdsezfk323sykc2l37vcyhp,baseballgifs.bsky.social,,
83fd3da1571945f78ee1ec3456c3980a,2026-02-27T20:00:00Z,2026-02-27T20:17:14Z,auth,auth_enUS_labelerexp,at://did:plc:hf7ezrajxadu7v3tzcyij424/app.bsky.feed.generator/aaap7dpu57ve6,suggested_labelerexp,11,at://did:plc:dhdsezfk323sykc2l37vcyhp/app.bsky.feed.post/3mfuftwkshs2n,bafyreid56xyn3uzy423xat7cevdlnfj3urbpmm5kxchmwqjre32edjehwe,did:plc:dhdsezfk323sykc2l37vcyhp,baseballgifs.bsky.social,,
83fd3da1571945f78ee1ec3456c3980a,2026-02-27T20:00:00Z,2026-02-27T20:17:14Z,auth,auth_enUS_labelerexp,at://did:plc:hf7ezrajxadu7v3tzcyij424/app.bsky.feed.generator/aaap7dpu57ve6,suggested_labelerexp,12,at://did:plc:dmht6n3frexsulkabk4vtrdm/app.bsky.feed.post/3mfud7tfogc22,bafyreidkxqk54q66uf3kehc5wogtbhlltaqmnljvha6ot6ux4ri5esbtqa,did:plc:dmht6n3frexsulkabk4vtrdm,kibblesmith.com,,
83fd3da1571945f78ee1ec3456c3980a,2026-02-27T20:00:00Z,2026-02-27T20:17:14Z,auth,auth_enUS_labelerexp,at://did:plc:hf7ezrajxadu7v3tzcyij424/app.bsky.feed.generator/aaap7dpu57ve6,suggested_labelerexp,13,at://did:plc:bllg7xzd2zi56rnphkwg7qv4/app.bsky.feed.post/3mfuepwnmu22d,bafyreibmvk22kg53cy5rvfgml26d7znumpsjayrcpj3gbifcxxx23wgkzy,did:plc:bllg7xzd2zi56rnphkwg7qv4,nicknelson.bsky.social,,
83fd3da1571945f78ee1ec3456c3980a,2026-02-27T20:00:00Z,2026-02-27T20:17:14Z,auth,auth_enUS_labelerexp,at://did:plc:hf7ezrajxadu7v3tzcyij424/app.bsky.feed.generator/aaap7dpu57ve6,suggested_labelerexp,14,at://did:plc:hew2wmghmlzbeeqfwjfidv7j/app.bsky.feed.post/3mfufajnusk2s,bafyreihkrofb4qulxjxw4m2mruldifyws7i5xjxdl4oenexnuklft7sgzu,did:plc:hew2wmghmlzbeeqfwjfidv7j,insidemlbnews.bsky.social,,
83fd3da1571945f78ee1ec3456c3980a,2026-02-27T20:00:00Z,2026-02-27T20:17:14Z,auth,auth_enUS_labelerexp,at://did:plc:hf7ezrajxadu7v3tzcyij424/app.bsky.feed.generator/aaap7dpu57ve6,suggested_labelerexp,15,at://did:plc:hew2wmghmlzbeeqfwjfidv7j/app.bsky.feed.post/3mfuhvfkd4k2n,bafyreid3ke3njhmrhcxmtnhxru6df2tjxi66zw6guoe6lbotvzcj3iiite,did:plc:hew2wmghmlzbeeqfwjfidv7j,insidemlbnews.bsky.social,,
83fd3da1571945f78ee1ec3456c3980a,2026-02-27T20:00:00Z,2026-02-27T20:17:14Z,auth,auth_enUS_labelerexp,at://did:plc:hf7ezrajxadu7v3tzcyij424/app.bsky.feed.generator/aaap7dpu57ve6,suggested_labelerexp,16,at://did:plc:lbwg6oe47u3havj6gjnlny5j/app.bsky.feed.post/3mfuaz224wp2h,bafyreicd66miunefucxzpnqwwcnwnxl3v5qarqfvx6f2rjgbjcqfrhpao4,did:plc:lbwg6oe47u3havj6gjnlny5j,baseball-reference.com,,
83fd3da1571945f78ee1ec3456c3980a,2026-02-27T20:00:00Z,2026-02-27T20:17:14Z,auth,auth_enUS_labelerexp,at://did:plc:hf7ezrajxadu7v3tzcyij424/app.bsky.feed.generator/aaap7dpu57ve6,suggested_labelerexp,17,at://did:plc:sopo5gky656cqg4vnhvqqtgr/app.bsky.feed.post/3mfuicshcrb2c,bafyreicxwx6frjczgialumzi5tojfehx3hhg342yqzrv4gjwgxjkgwbj4e,did:plc:sopo5gky656cqg4vnhvqqtgr,bleachernation.bsky.social,,
83fd3da1571945f78ee1ec3456c3980a,2026-02-27T20:00:00Z,2026-02-27T20:17:14Z,auth,auth_enUS_labelerexp,at://did:plc:hf7ezrajxadu7v3tzcyij424/app.bsky.feed.generator/aaap7dpu57ve6,suggested_labelerexp,18,at://did:plc:dhdsezfk323sykc2l37vcyhp/app.bsky.feed.post/3mfueiquj2c2n,bafyreicvuf6r2xtemkikkie7cljibqfhiiwk77es3qkqbvorhity2dk7by,did:plc:dhdsezfk323sykc2l37vcyhp,baseballgifs.bsky.social,,
83fd3da1571945f78ee1ec3456c3980a,2026-02-27T20:00:00Z,2026-02-27T20:17:14Z,auth,auth_enUS_labelerexp,at://did:plc:hf7ezrajxadu7v3tzcyij424/app.bsky.feed.generator/aaap7dpu57ve6,suggested_labelerexp,19,at://did:plc:rafuudgy4wrxvb4h4bsqox4t/app.bsky.feed.post/3mfuf4jyobn2y,bafyreibwmfvrrxjo7mh5e7p4jrui2xaha5ygdky4ebkcck4vfahkpqlvxi,did:plc:rafuudgy4wrxvb4h4bsqox4t,yayroger.bsky.social,,
83fd3da1571945f78ee1ec3456c3980a,2026-02-27T20:00:00Z,2026-02-27T20:17:14Z,auth,auth_enUS_labelerexp,at://did:plc:hf7ezrajxadu7v3tzcyij424/app.bsky.feed.generator/aaap7dpu57ve6,suggested_labelerexp,20,at://did:plc:o4e7b2fcb6os35bwnlcmnzah/app.bsky.feed.post/3mfu4evk5h22g,bafyreiggjzgyc225acfqovclxoxcfvdzg6ebagwuudifeanjw2p2es4qji,did:plc:o4e7b2fcb6os35bwnlcmnzah,wychstreet.bsky.social,,
83fd3da1571945f78ee1ec3456c3980a,2026-02-27T20:00:00Z,2026-02-27T20:17:14Z,auth,auth_enUS_labelerexp,at://did:plc:hf7ezrajxadu7v3tzcyij424/app.bsky.feed.generator/aaap7dpu57ve6,suggested_labelerexp,21,at://did:plc:luuzpk7xzpkm6exbnbza46or/app.bsky.feed.post/3mfuitcr6fz2z,bafyreidevoq4frx44uklu5jboxtfj27chyj6uugl4ebyeeo4xqw6fcb2jy,did:plc:luuzpk7xzpkm6exbnbza46or,giantbot.bsky.social,,
83fd3da1571945f78ee1ec3456c3980a,2026-02-27T20:00:00Z,2026-02-27T20:17:14Z,auth,auth_enUS_labelerexp,at://did:plc:hf7ezrajxadu7v3tzcyij424/app.bsky.feed.generator/aaap7dpu57ve6,suggested_labelerexp,22,at://did:plc:77fe4qxc74zyjnugs5pdtcyq/app.bsky.feed.post/3mfu5vqnqfk2a,bafyreib3ujal4vzdqgnmizvsh6ow56j7hdarf3isada3rgct4byix5vyzi,did:plc:77fe4qxc74zyjnugs5pdtcyq,codifybaseball.bsky.social,,
83fd3da1571945f78ee1ec3456c3980a,2026-02-27T20:00:00Z,2026-02-27T20:17:14Z,auth,auth_enUS_labelerexp,at://did:plc:hf7ezrajxadu7v3tzcyij424/app.bsky.feed.generator/aaap7dpu57ve6,suggested_labelerexp,23,at://did:plc:hdzy4ozmubi7djk5qlyjav5g/app.bsky.feed.post/3mfuilbcd2s27,bafyreifv6ut62ezwpaxeglasae5epxkh3r5gyvv2p4cio57bfat76cgile,did:plc:hdzy4ozmubi7djk5qlyjav5g,caseydrottar.bsky.social,,
83fd3da1571945f78ee1ec3456c3980a,2026-02-27T20:00:00Z,2026-02-27T20:17:14Z,auth,auth_enUS_labelerexp,at://did:plc:hf7ezrajxadu7v3tzcyij424/app.bsky.feed.generator/aaap7dpu57ve6,suggested_labelerexp,24,at://did:plc:hew2wmghmlzbeeqfwjfidv7j/app.bsky.feed.post/3mfufadkiu22s,bafyreiadbb2yovzhlpf4fm4mfpgoxyxvxgenf4viono6raoh5blnheeigm,did:plc:hew2wmghmlzbeeqfwjfidv7j,insidemlbnews.bsky.social,,
83fd3da1571945f78ee1ec3456c3980a,2026-02-27T20:00:00Z,2026-02-27T20:17:14Z,auth,auth_enUS_labelerexp,at://did:plc:hf7ezrajxadu7v3tzcyij424/app.bsky.feed.generator/aaap7dpu57ve6,suggested_labelerexp,25,at://did:plc:dhdsezfk323sykc2l37vcyhp/app.bsky.feed.post/3mfucaw5cjc2n,bafyreib3i3t4pdjwmnn6h5wymf47x6m2dzp2tb6zaxh4hoiilcucva3edm,did:plc:dhdsezfk323sykc2l37vcyhp,baseballgifs.bsky.social,,
83fd3da1571945f78ee1ec3456c3980a,2026-02-27T20:00:00Z,2026-02-27T20:17:14Z,auth,auth_enUS_labelerexp,at://did:plc:hf7ezrajxadu7v3tzcyij424/app.bsky.feed.generator/aaap7dpu57ve6,suggested_labelerexp,26,at://did:plc:lvsdrsttdoga3hbe46z5tsrw/app.bsky.feed.post/3mfubince6s2n,bafyreie2i74evsbekya2m7bjytjke5u4s7wsxtpslwpq52kuibbt226mfe,did:plc:lvsdrsttdoga3hbe46z5tsrw,chloesposts.bsky.social,,
83fd3da1571945f78ee1ec3456c3980a,2026-02-27T20:00:00Z,2026-02-27T20:17:14Z,auth,auth_enUS_labelerexp,at://did:plc:hf7ezrajxadu7v3tzcyij424/app.bsky.feed.generator/aaap7dpu57ve6,suggested_labelerexp,27,at://did:plc:brgzzc3whw24y5w7wl3hcfhn/app.bsky.feed.post/3mfugtupp222h,bafyreifbxid6zngyn62sh567pqgr5svveveo7iofsrhftz732di6nawqki,did:plc:brgzzc3whw24y5w7wl3hcfhn,cptowers.bsky.social,,
83fd3da1571945f78ee1ec3456c3980a,2026-02-27T20:00:00Z,2026-02-27T20:17:14Z,auth,auth_enUS_labelerexp,at://did:plc:hf7ezrajxadu7v3tzcyij424/app.bsky.feed.generator/aaap7dpu57ve6,suggested_labelerexp,28,at://did:plc:hew2wmghmlzbeeqfwjfidv7j/app.bsky.feed.post/3mfugtzhras2s,bafyreie2e7j767j44j3jlc3ydgvvcdcjodx6vj273hbv2nsvktraa3kbde,did:plc:hew2wmghmlzbeeqfwjfidv7j,insidemlbnews.bsky.social,,
83fd3da1571945f78ee1ec3456c3980a,2026-02-27T20:00:00Z,2026-02-27T20:17:14Z,auth,auth_enUS_labelerexp,at://did:plc:hf7ezrajxadu7v3tzcyij424/app.bsky.feed.generator/aaap7dpu57ve6,suggested_labelerexp,29,at://did:plc:taqx3ceua2krzmbtglqydp3g/app.bsky.feed.post/3mfuidx4egc2y,bafyreibtyqwr5qv2gufmkgcfi33y5rjnyybjhgpje42vmbkkqzhqf7dk6m,did:plc:taqx3ceua2krzmbtglqydp3g,louisesmist.bsky.social,,
83fd3da1571945f78ee1ec3456c3980a,2026-02-27T20:00:00Z,2026-02-27T20:17:14Z,auth,auth_enUS_labelerexp,at://did:plc:hf7ezrajxadu7v3tzcyij424/app.bsky.feed.generator/aaap7dpu57ve6,suggested_labelerexp,30,at://did:plc:lbwg6oe47u3havj6gjnlny5j/app.bsky.feed.post/3mfuayxrz7j2l,bafyreicd66miunefucxzpnqwwcnwnxl3v5qarqfvx6f2rjgbjcqfrhpao4,did:plc:lbwg6oe47u3havj6gjnlny5j,baseball-reference.com,,
83fd3da1571945f78ee1ec3456c3980a,2026-02-27T20:00:00Z,2026-02-27T20:17:14Z,auth,auth_enUS_labelerexp,at://did:plc:hf7ezrajxadu7v3tzcyij424/app.bsky.feed.generator/aaap7dpu57ve6,suggested_labelerexp,31,at://did:plc:krtgzfixmfafx4ndpywlfmsm/app.bsky.feed.post/3mfuewiuhhx2f,bafyreigdkafkyaeewzqghbkdq2u5i25ipdcnkc35ohb75et3zgqoyygsdu,did:plc:krtgzfixmfafx4ndpywlfmsm,mlbtraderumors.bsky.social,,
83fd3da1571945f78ee1ec3456c3980a,2026-02-27T20:00:00Z,2026-02-27T20:17:14Z,auth,auth_enUS_labelerexp,at://did:plc:hf7ezrajxadu7v3tzcyij424/app.bsky.feed.generator/aaap7dpu57ve6,suggested_labelerexp,32,at://did:plc:hew2wmghmlzbeeqfwjfidv7j/app.bsky.feed.post/3mfugqmcruc2s,bafyreigbaylftii5avcalhl7kaqnq2owl2c5ayomtsl7rxxk2bpsjhltz4,did:plc:hew2wmghmlzbeeqfwjfidv7j,insidemlbnews.bsky.social,,
83fd3da1571945f78ee1ec3456c3980a,2026-02-27T20:00:00Z,2026-02-27T20:17:14Z,auth,auth_enUS_labelerexp,at://did:plc:hf7ezrajxadu7v3tzcyij424/app.bsky.feed.generator/aaap7dpu57ve6,suggested_labelerexp,33,at://did:plc:drlsyfwlhkqoqpxi4df62w7q/app.bsky.feed.post/3mfui7oohgs2h,bafyreibq2wk4zpe6g5hlotucr4au3epsn6zc33kbtgbe5dxtqoy6hoc4fm,did:plc:drlsyfwlhkqoqpxi4df62w7q,kylethemann.bsky.social,,
83fd3da1571945f78ee1ec3456c3980a,2026-02-27T20:00:00Z,2026-02-27T20:17:14Z,auth,auth_enUS_labelerexp,at://did:plc:hf7ezrajxadu7v3tzcyij424/app.bsky.feed.generator/aaap7dpu57ve6,suggested_labelerexp,34,at://did:plc:2x5bs276hs2ibqgwzhnx2jae/app.bsky.feed.post/3mftzb3z7mk23,bafyreibjkxdhp52aitebdajjdlvobiwcdehobeevhvnsxsgqttp57lviji,did:plc:2x5bs276hs2ibqgwzhnx2jae,slangsonsports.bsky.social,,
83fd3da1571945f78ee1ec3456c3980a,2026-02-27T20:00:00Z,2026-02-27T20:17:14Z,auth,auth_enUS_labelerexp,at://did:plc:hf7ezrajxadu7v3tzcyij424/app.bsky.feed.generator/aaap7dpu57ve6,suggested_labelerexp,35,at://did:plc:d7afxuq2iotwqbykuhr4dtdk/app.bsky.feed.post/3mfuhjg5epr2o,bafyreihljf2p763q4s45sdtufi33zczn3k4qva2b2cp2aqy6a7i25hyteu,did:plc:d7afxuq2iotwqbykuhr4dtdk,talkinbaseballbot.bsky.social,,
83fd3da1571945f78ee1ec3456c3980a,2026-02-27T20:00:00Z,2026-02-27T20:17:14Z,auth,auth_enUS_labelerexp,at://did:plc:hf7ezrajxadu7v3tzcyij424/app.bsky.feed.generator/aaap7dpu57ve6,suggested_labelerexp,36,at://did:plc:vt4lf3bfckvwjyo3umf6k7r2/app.bsky.feed.post/3mfucv7jxxk2p,bafyreighwklukckrrmwhlnykuekmfvxo5bssdqkjmuoyrl4qr5527mldgu,did:plc:vt4lf3bfckvwjyo3umf6k7r2,matthewhleach.bsky.social,,
83fd3da1571945f78ee1ec3456c3980a,2026-02-27T20:00:00Z,2026-02-27T20:17:14Z,auth,auth_enUS_labelerexp,at://did:plc:hf7ezrajxadu7v3tzcyij424/app.bsky.feed.generator/aaap7dpu57ve6,suggested_labelerexp,37,at://did:plc:zisu5jp7rxopnokek522u6xx/app.bsky.feed.post/3mfuhtsqomc25,bafyreiao2fjmq2a453wqjwgsnv25lbi3ohpuxzhy4csslr3tjoeunoimhm,did:plc:zisu5jp7rxopnokek522u6xx,davidlaurila.bsky.social,,
83fd3da1571945f78ee1ec3456c3980a,2026-02-27T20:00:00Z,2026-02-27T20:17:14Z,auth,auth_enUS_labelerexp,at://did:plc:hf7ezrajxadu7v3tzcyij424/app.bsky.feed.generator/aaap7dpu57ve6,suggested_labelerexp,38,at://did:plc:idooavtb3a4mlluqclqzel5p/app.bsky.feed.post/3mfuay7f5z22c,bafyreigys5f67vcfqepg4qlgdtiy3462xhl4b5vajtsnpcmh7oye6azjyy,did:plc:idooavtb3a4mlluqclqzel5p,adammccalvy.bsky.social,,
83fd3da1571945f78ee1ec3456c3980a,2026-02-27T20:00:00Z,2026-02-27T20:17:14Z,auth,auth_enUS_labelerexp,at://did:plc:hf7ezrajxadu7v3tzcyij424/app.bsky.feed.generator/aaap7dpu57ve6,suggested_labelerexp,39,at://did:plc:luuzpk7xzpkm6exbnbza46or/app.bsky.feed.post/3mfuhq4zcnz2t,bafyreicbaebmc5yy5akxrgylgbfjnaqgmu2yutugzu6tk2zz6tcahno6vm,did:plc:luuzpk7xzpkm6exbnbza46or,giantbot.bsky.social,,
83fd3da1571945f78ee1ec3456c3980a,2026-02-27T20:00:00Z,2026-02-27T20:17:14Z,auth,auth_enUS_labelerexp,at://did:plc:hf7ezrajxadu7v3tzcyij424/app.bsky.feed.generator/aaap7dpu57ve6,suggested_labelerexp,40,at://did:plc:pyd6h3ypiq5iyjknd2jr5on7/app.bsky.feed.post/3mfuj7kl2ue2q,bafyreifeaqwjaf7pnsleroobjjnv44m664z473t3emtfunmuyw64uc63xm,did:plc:pyd6h3ypiq5iyjknd2jr5on7,bravesbot.bsky.social,,
83fd3da1571945f78ee1ec3456c3980a,2026-02-27T20:00:00Z,2026-02-27T20:17:14Z,auth,auth_enUS_labelerexp,at://did:plc:hf7ezrajxadu7v3tzcyij424/app.bsky.feed.generator/aaap7dpu57ve6,suggested_labelerexp,41,at://did:plc:2vsyogoj77zilcaozwb6qrah/app.bsky.feed.post/3mfuhkhbqzm25,bafyreibs2f2dmvtjc54yby5dbnxqwjrcbyx3its7jrqeew3iv3axilwczm,did:plc:2vsyogoj77zilcaozwb6qrah,twinsdaily.com,,
83fd3da1571945f78ee1ec3456c3980a,2026-02-27T20:00:00Z,2026-02-27T20:17:14Z,auth,auth_enUS_labelerexp,at://did:plc:hf7ezrajxadu7v3tzcyij424/app.bsky.feed.generator/aaap7dpu57ve6,suggested_labelerexp,42,at://did:plc:bydm24ka5phd7jxqp4lrnno2/app.bsky.feed.post/3mfuautpp4s2g,bafyreiabmjcwi2pqurt6o47bpfoc6hgfjcvfajvu63qdi7mqay7dut6kd4,did:plc:bydm24ka5phd7jxqp4lrnno2,dszymborski.fangraphs.com,,
83fd3da1571945f78ee1ec3456c3980a,2026-02-27T20:00:00Z,2026-02-27T20:17:14Z,auth,auth_enUS_labelerexp,at://did:plc:hf7ezrajxadu7v3tzcyij424/app.bsky.feed.generator/aaap7dpu57ve6,suggested_labelerexp,43,at://did:plc:sopo5gky656cqg4vnhvqqtgr/app.bsky.feed.post/3mfuc53px2627,bafyreibkur4gtffm4djpcpcgve5uramlv3nim63ljtfkx5sr2vfzpxwqvu,did:plc:sopo5gky656cqg4vnhvqqtgr,bleachernation.bsky.social,,
83fd3da1571945f78ee1ec3456c3980a,2026-02-27T20:00:00Z,2026-02-27T20:17:14Z,auth,auth_enUS_labelerexp,at://did:plc:hf7ezrajxadu7v3tzcyij424/app.bsky.feed.generator/aaap7dpu57ve6,suggested_labelerexp,44,at://did:plc:qe3j6kvg5zcjknneph5y5xxt/app.bsky.feed.post/3mfugxxkqvd2d,bafyreidmj6jatnbtoj5h6ibwgdktln3pbl2wuehruei2pfv7bidl55rafe,did:plc:qe3j6kvg5zcjknneph5y5xxt,rotowiremlb.bsky.social,,
83fd3da1571945f78ee1ec3456c3980a,2026-02-27T20:00:00Z,2026-02-27T20:17:14Z,auth,auth_enUS_labelerexp,at://did:plc:hf7ezrajxadu7v3tzcyij424/app.bsky.feed.generator/aaap7dpu57ve6,suggested_labelerexp,45,at://did:plc:bsqlbaoo2rzkjfnjj5o3i7rd/app.bsky.feed.post/3mfudnjmkts24,bafyreierm5tak4ilxwuhjkbtyr2yjjkdhmj734hamg6pmhy4rcpcm6zj4y,did:plc:bsqlbaoo2rzkjfnjj5o3i7rd,djgloverepair.bsky.social,,
83fd3da1571945f78ee1ec3456c3980a,2026-02-27T20:00:00Z,2026-02-27T20:17:14Z,auth,auth_enUS_labelerexp,at://did:plc:hf7ezrajxadu7v3tzcyij424/app.bsky.feed.generator/aaap7dpu57ve6,suggested_labelerexp,46,at://did:plc:a5yrzxyiufeqxf24sda5sebx/app.bsky.feed.post/3mfuhitwot42p,bafyreiftrvdi3fiqd2lfxowsoqflpsfujxzwlgt3utigq7wtdervohkk2m,did:plc:a5yrzxyiufeqxf24sda5sebx,mlbbot.bsky.social,,
83fd3da1571945f78ee1ec3456c3980a,2026-02-27T20:00:00Z,2026-02-27T20:17:14Z,auth,auth_enUS_labelerexp,at://did:plc:hf7ezrajxadu7v3tzcyij424/app.bsky.feed.generator/aaap7dpu57ve6,suggested_labelerexp,47,at://did:plc:y6wlalgocai5u5pwin56z5yn/app.bsky.feed.post/3mfudgf6nu22x,bafyreieyuxueqytw7h3bjlkbbbcsznikkvrw73ls6calijgl36cf25dkta,did:plc:y6wlalgocai5u5pwin56z5yn,jakerill.bsky.social,,
83fd3da1571945f78ee1ec3456c3980a,2026-02-27T20:00:00Z,2026-02-27T20:17:14Z,auth,auth_enUS_labelerexp,at://did:plc:hf7ezrajxadu7v3tzcyij424/app.bsky.feed.generator/aaap7dpu57ve6,suggested_labelerexp,48,at://did:plc:rynds6tzvo5ve3ah4yrhjztn/app.bsky.feed.post/3mfu6ommbzc2y,bafyreiglt7nps6bs23hnpnt5xqr4lni2y672su3xkeh7d5chgltbhboqcy,did:plc:rynds6tzvo5ve3ah4yrhjztn,toddzolecki.bsky.social,,
83fd3da1571945f78ee1ec3456c3980a,2026-02-27T20:00:00Z,2026-02-27T20:17:14Z,auth,auth_enUS_labelerexp,at://did:plc:hf7ezrajxadu7v3tzcyij424/app.bsky.feed.generator/aaap7dpu57ve6,suggested_labelerexp,49,at://did:plc:a5yrzxyiufeqxf24sda5sebx/app.bsky.feed.post/3mfu74m5tt72e,bafyreihj3era4onoz4buy266jyxro7qhktvvsynttvudtzhtzy5hlj7jwm,did:plc:a5yrzxyiufeqxf24sda5sebx,mlbbot.bsky.social,,
83fd3da1571945f78ee1ec3456c3980a,2026-02-27T20:00:00Z,2026-02-27T20:17:14Z,auth,auth_enUS_labelerexp,at://did:plc:hf7ezrajxadu7v3tzcyij424/app.bsky.feed.generator/aaap7dpu57ve6,suggested_labelerexp,50,at://did:plc:a5yrzxyiufeqxf24sda5sebx/app.bsky.feed.post/3mfuftfvml72z,bafyreignzdmj44dahn4ruzanmkgzqps4gfxpgbxb4hppuulvfvz2jtai2i,did:plc:a5yrzxyiufeqxf24sda5sebx,mlbbot.bsky.social,,
83fd3da1571945f78ee1ec3456c3980a,2026-02-27T20:00:00Z,2026-02-27T20:17:15Z,auth,auth_enUS_labelerexp,at://did:plc:jdkvwye2lf4mingzk7qdebzc/app.bsky.feed.generator/furry-hot,suggested_labelerexp,1,at://did:plc:vnr3zqbtgxkyupnztfhnox6x/app.bsky.feed.post/3mfucun7lcs2d,bafyreidvhtk3642l34hjnxflr46ryelmains3nxldqzzkjvtmzg5w5mt6i,did:plc:vnr3zqbtgxkyupnztfhnox6x,saltmalk.in,,
83fd3da1571945f78ee1ec3456c3980a,2026-02-27T20:00:00Z,2026-02-27T20:17:15Z,auth,auth_enUS_labelerexp,at://did:plc:jdkvwye2lf4mingzk7qdebzc/app.bsky.feed.generator/furry-hot,suggested_labelerexp,2,at://did:plc:j56t4ln4wujnhqykee2n76vk/app.bsky.feed.post/3mfuiw7yams2y,bafyreihjpqaaj6szjjk6fd6cl2wsa4jk7ek6jmrqhg4zo6whqxtvyjyouq,did:plc:j56t4ln4wujnhqykee2n76vk,heresvix.bsky.social,,
83fd3da1571945f78ee1ec3456c3980a,2026-02-27T20:00:00Z,2026-02-27T20:17:15Z,auth,auth_enUS_labelerexp,at://did:plc:jdkvwye2lf4mingzk7qdebzc/app.bsky.feed.generator/furry-hot,suggested_labelerexp,3,at://did:plc:pzxawy4ezi5j3dwbq34x763f/app.bsky.feed.post/3mftvxi2w6s2c,bafyreigurhhzahn3tnsi3j3cja2tk6pgw6yqsmkqev66mq3ubrabbptwce,did:plc:pzxawy4ezi5j3dwbq34x763f,borkthunder.bsky.social,,
83fd3da1571945f78ee1ec3456c3980a,2026-02-27T20:00:00Z,2026-02-27T20:17:15Z,auth,auth_enUS_labelerexp,at://did:plc:jdkvwye2lf4mingzk7qdebzc/app.bsky.feed.generator/furry-hot,suggested_labelerexp,4,at://did:plc:mdvsppieod7cnsxnqxyxwaoc/app.bsky.feed.post/3mfuhrsxl6k2t,bafyreih7v5peubpkywlg4sqgg6pqq47sfkmbba5rlf4fo55cgxuf5abt44,did:plc:mdvsppieod7cnsxnqxyxwaoc,takaalive.bsky.social,,
83fd3da1571945f78ee1ec3456c3980a,2026-02-27T20:00:00Z,2026-02-27T20:17:15Z,auth,auth_enUS_labelerexp,at://did:plc:jdkvwye2lf4mingzk7qdebzc/app.bsky.feed.generator/furry-hot,suggested_labelerexp,5,at://did:plc:hfzsy33kyumoo4sqrti3vgew/app.bsky.feed.post/3mfu6pyft4a2w,bafyreibobbjqzfuitfytqxfjsxkvoncnecwy4khnb65fv3vliplmwlbtou,did:plc:hfzsy33kyumoo4sqrti3vgew,zephyxus.bsky.social,,
83fd3da1571945f78ee1ec3456c3980a,2026-02-27T20:00:00Z,2026-02-27T20:17:15Z,auth,auth_enUS_labelerexp,at://did:plc:jdkvwye2lf4mingzk7qdebzc/app.bsky.feed.generator/furry-hot,suggested_labelerexp,6,at://did:plc:2hbj625jol5pfwsjv357ndsl/app.bsky.feed.post/3mfudgwziyv23,bafyreieaaeedzaehnw53f3v7hvtvvpxwmzxefokh6zvdvg347f3t3mufhy,did:plc:2hbj625jol5pfwsjv357ndsl,tuskito.bsky.social,,
83fd3da1571945f78ee1ec3456c3980a,2026-02-27T20:00:00Z,2026-02-27T20:17:15Z,auth,auth_enUS_labelerexp,at://did:plc:jdkvwye2lf4mingzk7qdebzc/app.bsky.feed.generator/furry-hot,suggested_labelerexp,7,at://did:plc:xoh5mkqnm7lquvig7p7brjvk/app.bsky.feed.post/3mfu2a66uq22o,bafyreifv4kctcqsbwmmkjth7l5l5zenrrp3s7kj654o5kfql3bfstg6gii,did:plc:xoh5mkqnm7lquvig7p7brjvk,kasedog.bsky.social,,
83fd3da1571945f78ee1ec3456c3980a,2026-02-27T20:00:00Z,2026-02-27T20:17:15Z,auth,auth_enUS_labelerexp,at://did:plc:jdkvwye2lf4mingzk7qdebzc/app.bsky.feed.generator/furry-hot,suggested_labelerexp,8,at://did:plc:r5jpesjfj3gauqxbeqanaixl/app.bsky.feed.post/3mfublmj4bs2w,bafyreibk7mfw7impothswdzlzun2rgzbmq46dwbdo6wbtt4knp3aptnhwa,did:plc:r5jpesjfj3gauqxbeqanaixl,squidinu.bsky.social,,
83fd3da1571945f78ee1ec3456c3980a,2026-02-27T20:00:00Z,2026-02-27T20:17:15Z,auth,auth_enUS_labelerexp,at://did:plc:jdkvwye2lf4mingzk7qdebzc/app.bsky.feed.generator/furry-hot,suggested_labelerexp,9,at://did:plc:tgmbwh3vfuh3s23i5uf63h5k/app.bsky.feed.post/3mfufblndn22s,bafyreifq5dkujijuabvlb3lfnnzw344lhjkd2nagemot2xeb6tmj7yt6le,did:plc:tgmbwh3vfuh3s23i5uf63h5k,redicnomad.bsky.social,,
83fd3da1571945f78ee1ec3456c3980a,2026-02-27T20:00:00Z,2026-02-27T20:17:15Z,auth,auth_enUS_labelerexp,at://did:plc:jdkvwye2lf4mingzk7qdebzc/app.bsky.feed.generator/furry-hot,suggested_labelerexp,10,at://did:plc:sdnly3suhwec4pqy74sw2v7u/app.bsky.feed.post/3mfu574f7xk2i,bafyreidv3s7afd3jy2ij6e7h262msbqlnyomhqgcq2cybg42c4qyja27w4,did:plc:sdnly3suhwec4pqy74sw2v7u,sinibunnn.bsky.social,,
83fd3da1571945f78ee1ec3456c3980a,2026-02-27T20:00:00Z,2026-02-27T20:17:15Z,auth,auth_enUS_labelerexp,at://did:plc:jdkvwye2lf4mingzk7qdebzc/app.bsky.feed.generator/furry-hot,suggested_labelerexp,11,at://did:plc:ncori7cbp4poycs7xng233je/app.bsky.feed.post/3mfu5aez3o225,bafyreigf3vjgrjgrz5tofao2qkdjtx6akjravewrd4r5ubmhotoqlezqmi,did:plc:ncori7cbp4poycs7xng233je,raburigaron.bsky.social,,
83fd3da1571945f78ee1ec3456c3980a,2026-02-27T20:00:00Z,2026-02-27T20:17:15Z,auth,auth_enUS_labelerexp,at://did:plc:jdkvwye2lf4mingzk7qdebzc/app.bsky.feed.generator/furry-hot,suggested_labelerexp,12,at://did:plc:iiwsne5lbrs3eojv2jmehoe4/app.bsky.feed.post/3mfuaexu7bk2z,bafyreie5vkuxfctkxffpghj3hyoh6hjlslj56dusroefhp5agb7r4ywuga,did:plc:iiwsne5lbrs3eojv2jmehoe4,dksidediscovery.bsky.social,,
83fd3da1571945f78ee1ec3456c3980a,2026-02-27T20:00:00Z,2026-02-27T20:17:15Z,auth,auth_enUS_labelerexp,at://did:plc:jdkvwye2lf4mingzk7qdebzc/app.bsky.feed.generator/furry-hot,suggested_labelerexp,13,at://did:plc:m6nojgm7tlzjhi4bq4i5ydco/app.bsky.feed.post/3mfufup2br22q,bafyreiguazzgeabqtznirxw5hkui6u34l7n5yeueav2jvuddyiiedpulnq,did:plc:m6nojgm7tlzjhi4bq4i5ydco,awd.bsky.social,,
83fd3da1571945f78ee1ec3456c3980a,2026-02-27T20:00:00Z,2026-02-27T20:17:15Z,auth,auth_enUS_labelerexp,at://did:plc:jdkvwye2lf4mingzk7qdebzc/app.bsky.feed.generator/furry-hot,suggested_labelerexp,14,at://did:plc:emzk4gfkuc2q7p57fizgz3yj/app.bsky.feed.post/3mfuchueg6k2b,bafyreiae332u6ru6bn2l7s5opzqzlk4jvjxgmd22gwahkfznyg5odzndea,did:plc:emzk4gfkuc2q7p57fizgz3yj,hearthfox.bsky.social,,
83fd3da1571945f78ee1ec3456c3980a,2026-02-27T20:00:00Z,2026-02-27T20:17:15Z,auth,auth_enUS_labelerexp,at://did:plc:jdkvwye2lf4mingzk7qdebzc/app.bsky.feed.generator/furry-hot,suggested_labelerexp,15,at://did:plc:cvq52fzagzh52sgjyfa62w5j/app.bsky.feed.post/3mfudihr2pc2k,bafyreibdu6of3nn6qyifyhas5ygh2l5r3y4vioazaa2zsa6m37jdmk3jge,did:plc:cvq52fzagzh52sgjyfa62w5j,razzper.bsky.social,,
83fd3da1571945f78ee1ec3456c3980a,2026-02-27T20:00:00Z,2026-02-27T20:17:15Z,auth,auth_enUS_labelerexp,at://did:plc:jdkvwye2lf4mingzk7qdebzc/app.bsky.feed.generator/furry-hot,suggested_labelerexp,16,at://did:plc:5uaxbacxpctwxnufdtxxzx6l/app.bsky.feed.post/3mfujcbx73s2f,bafyreihq2kctasi732v2adjpcv5s4xhf5e7p2huic4v3ryumumbyo3egvm,did:plc:5uaxbacxpctwxnufdtxxzx6l,tinydeerguy.bsky.social,,
83fd3da1571945f78ee1ec3456c3980a,2026-02-27T20:00:00Z,2026-02-27T20:17:15Z,auth,auth_enUS_labelerexp,at://did:plc:jdkvwye2lf4mingzk7qdebzc/app.bsky.feed.generator/furry-hot,suggested_labelerexp,17,at://did:plc:5eitvb2zebny4s72wiekrevd/app.bsky.feed.post/3mfu6lrjogs2d,bafyreifskzxui3wr5gwe6sbrmxajge3l3evpewkpwikte3r2ngczov2wbu,did:plc:5eitvb2zebny4s72wiekrevd,puppyywife.bsky.social,,
83fd3da1571945f78ee1ec3456c3980a,2026-02-27T20:00:00Z,2026-02-27T20:17:15Z,auth,auth_enUS_labelerexp,at://did:plc:jdkvwye2lf4mingzk7qdebzc/app.bsky.feed.generator/furry-hot,suggested_labelerexp,18,at://did:plc:syrbaogvw7o42kuv3doca37r/app.bsky.feed.post/3mfsxonx2cs2o,bafyreihrcvecyixrvggb4v4egy7fdgg3txmpwyjceflhtb6bigbctv5oxq,did:plc:syrbaogvw7o42kuv3doca37r,outsidewolves.bsky.social,,
83fd3da1571945f78ee1ec3456c3980a,2026-02-27T20:00:00Z,2026-02-27T20:17:15Z,auth,auth_enUS_labelerexp,at://did:plc:jdkvwye2lf4mingzk7qdebzc/app.bsky.feed.generator/furry-hot,suggested_labelerexp,19,at://did:plc:z7ir47vsdx4ytt2jxmhg6wqc/app.bsky.feed.post/3mfugrjepoc2j,bafyreiblyfyxzx754hpttqu53xovjpciarng2p3y3t24fqfmgpc6sd7lnq,did:plc:z7ir47vsdx4ytt2jxmhg6wqc,zaaru.cat,,
83fd3da1571945f78ee1ec3456c3980a,2026-02-27T20:00:00Z,2026-02-27T20:17:15Z,auth,auth_enUS_labelerexp,at://did:plc:jdkvwye2lf4mingzk7qdebzc/app.bsky.feed.generator/furry-hot,suggested_labelerexp,20,at://did:plc:m6nojgm7tlzjhi4bq4i5ydco/app.bsky.feed.post/3mfucez6dbk2g,bafyreie77oyrlkuu2x7ns6cj6j3ecyagn7wvwb2ty3twjg7upatkieqznm,did:plc:m6nojgm7tlzjhi4bq4i5ydco,awd.bsky.social,,
83fd3da1571945f78ee1ec3456c3980a,2026-02-27T20:00:00Z,2026-02-27T20:17:15Z,auth,auth_enUS_labelerexp,at://did:plc:jdkvwye2lf4mingzk7qdebzc/app.bsky.feed.generator/furry-hot,suggested_labelerexp,21,at://did:plc:wez4mmcvrydqoscx35yymnhx/app.bsky.feed.post/3mfu6aasqz222,bafyreifv4zza6wg5jlbtm4zfntb5uapi3to4fg3a7ot6ksp4umdrmnz5jy,did:plc:wez4mmcvrydqoscx35yymnhx,ljesak.bsky.social,,
83fd3da1571945f78ee1ec3456c3980a,2026-02-27T20:00:00Z,2026-02-27T20:17:15Z,auth,auth_enUS_labelerexp,at://did:plc:jdkvwye2lf4mingzk7qdebzc/app.bsky.feed.generator/furry-hot,suggested_labelerexp,22,at://did:plc:k4veowwmz6cyoee62naphkfu/app.bsky.feed.post/3mfugpbc54s22,bafyreihwrhjn2p74gqvvpngefakgk52kvbhwb4uohp4h2hxzwhtclrli4m,did:plc:k4veowwmz6cyoee62naphkfu,rorycorgi.bsky.social,,
83fd3da1571945f78ee1ec3456c3980a,2026-02-27T20:00:00Z,2026-02-27T20:17:15Z,auth,auth_enUS_labelerexp,at://did:plc:jdkvwye2lf4mingzk7qdebzc/app.bsky.feed.generator/furry-hot,suggested_labelerexp,23,at://did:plc:omgxlicdrno7gryueloy2fvn/app.bsky.feed.post/3mfui5mibj22x,bafyreif3ocz3cf3uq74hojncuaavc272m6ljuimdpk4ypmweapjgp4icd4,did:plc:omgxlicdrno7gryueloy2fvn,wilddogworks.com,,
83fd3da1571945f78ee1ec3456c3980a,2026-02-27T20:00:00Z,2026-02-27T20:17:15Z,auth,auth_enUS_labelerexp,at://did:plc:jdkvwye2lf4mingzk7qdebzc/app.bsky.feed.generator/furry-hot,suggested_labelerexp,24,at://did:plc:nuki3oo5ayr64zzbpev7uf24/app.bsky.feed.post/3mfuex54xls2h,bafyreic66s7vcp2ygwrq25vnocsd2ebehpdc6qtsdm4yq4vvt46eao7l3i,did:plc:nuki3oo5ayr64zzbpev7uf24,mxxvous.bsky.social,,
83fd3da1571945f78ee1ec3456c3980a,2026-02-27T20:00:00Z,2026-02-27T20:17:15Z,auth,auth_enUS_labelerexp,at://did:plc:jdkvwye2lf4mingzk7qdebzc/app.bsky.feed.generator/furry-hot,suggested_labelerexp,25,at://did:plc:ch74ukldf33utoukvclfb75j/app.bsky.feed.post/3mfuigs3fqk2g,bafyreigjpk4tisueizqpznwzznejglecy4t6omxco6cikfvwejsdcly4vy,did:plc:ch74ukldf33utoukvclfb75j,knives4cats.bsky.social,,
83fd3da1571945f78ee1ec3456c3980a,2026-02-27T20:00:00Z,2026-02-27T20:17:15Z,auth,auth_enUS_labelerexp,at://did:plc:jdkvwye2lf4mingzk7qdebzc/app.bsky.feed.generator/furry-hot,suggested_labelerexp,26,at://did:plc:fduogmfihjyepqouxi7r7qlr/app.bsky.feed.post/3mfudpbtahk2c,bafyreibn3oti4tplnctkwjbcccno6vxmd7fttbidzwahzplapgplxhlqbu,did:plc:fduogmfihjyepqouxi7r7qlr,7b7a2f.bsky.social,,
83fd3da1571945f78ee1ec3456c3980a,2026-02-27T20:00:00Z,2026-02-27T20:17:15Z,auth,auth_enUS_labelerexp,at://did:plc:jdkvwye2lf4mingzk7qdebzc/app.bsky.feed.generator/furry-hot,suggested_labelerexp,27,at://did:plc:zumgxkpyaiqxm2fbxz2cmvsb/app.bsky.feed.post/3mfubksm3xk2c,bafyreidoskdrygpewarqsplzilp2npdoi3wdgfh7pfqetwzg4obg3tgiwy,did:plc:zumgxkpyaiqxm2fbxz2cmvsb,finnthepanther.com,,
83fd3da1571945f78ee1ec3456c3980a,2026-02-27T20:00:00Z,2026-02-27T20:17:15Z,auth,auth_enUS_labelerexp,at://did:plc:jdkvwye2lf4mingzk7qdebzc/app.bsky.feed.generator/furry-hot,suggested_labelerexp,28,at://did:plc:44yfbwp3ffsrqcdpxkeyvdbf/app.bsky.feed.post/3mfudh2btd224,bafyreidl6zhra6qcas5a777punjknpypipleo7rsls6qlycwb65y42i5xe,did:plc:44yfbwp3ffsrqcdpxkeyvdbf,brukajones.com,,
83fd3da1571945f78ee1ec3456c3980a,2026-02-27T20:00:00Z,2026-02-27T20:17:15Z,auth,auth_enUS_labelerexp,at://did:plc:jdkvwye2lf4mingzk7qdebzc/app.bsky.feed.generator/furry-hot,suggested_labelerexp,29,at://did:plc:zo3ylq3umqe2hfnszn7tmsi4/app.bsky.feed.post/3mfugnqiihs2d,bafyreiexn24kh7pfip3nzxok3e53vzbirae4ppfaf3cv36t7l6fuivrgau,did:plc:zo3ylq3umqe2hfnszn7tmsi4,tansy.bsky.social,,
83fd3da1571945f78ee1ec3456c3980a,2026-02-27T20:00:00Z,2026-02-27T20:17:15Z,auth,auth_enUS_labelerexp,at://did:plc:jdkvwye2lf4mingzk7qdebzc/app.bsky.feed.generator/furry-hot,suggested_labelerexp,30,at://did:plc:sce6lzczq4zzaksijfilxglv/app.bsky.feed.post/3mfud7czqy32x,bafyreie7overlms2zpo7syp3ghm67gdurtgl26zenugdsgksxhitpmdd24,did:plc:sce6lzczq4zzaksijfilxglv,zyyph.bsky.social,,
83fd3da1571945f78ee1ec3456c3980a,2026-02-27T20:00:00Z,2026-02-27T20:17:15Z,auth,auth_enUS_labelerexp,at://did:plc:jdkvwye2lf4mingzk7qdebzc/app.bsky.feed.generator/furry-hot,suggested_labelerexp,31,at://did:plc:wly57tgt7riwts4z76vqqeqt/app.bsky.feed.post/3mfuffl5zo22a,bafyreiap4kvyor7yrarzpmtc56y5kgn2rvdgywdp3hekim26edj2p3czwe,did:plc:wly57tgt7riwts4z76vqqeqt,neonslushie.com,,
83fd3da1571945f78ee1ec3456c3980a,2026-02-27T20:00:00Z,2026-02-27T20:17:15Z,auth,auth_enUS_labelerexp,at://did:plc:jdkvwye2lf4mingzk7qdebzc/app.bsky.feed.generator/furry-hot,suggested_labelerexp,32,at://did:plc:sfkenhs7cks34wadrk4pt3mg/app.bsky.feed.post/3mfui5wru3k2e,bafyreifa5b2baordyqjvkftmz4bduu5qa6gtyjm73gx572k6jjyybqp2ue,did:plc:sfkenhs7cks34wadrk4pt3mg,pjfoxes.bsky.social,,
83fd3da1571945f78ee1ec3456c3980a,2026-02-27T20:00:00Z,2026-02-27T20:17:15Z,auth,auth_enUS_labelerexp,at://did:plc:jdkvwye2lf4mingzk7qdebzc/app.bsky.feed.generator/furry-hot,suggested_labelerexp,33,at://did:plc:qixfuvpejk5g4tc25ny7cz64/app.bsky.feed.post/3mfuhacgwjk2q,bafyreih7q5mw4tjczabfmr3jfubwaxaer22ltrz3akz2gqa7wgpupuurhq,did:plc:qixfuvpejk5g4tc25ny7cz64,srbilyon.stormynights.games,,
83fd3da1571945f78ee1ec3456c3980a,2026-02-27T20:00:00Z,2026-02-27T20:17:15Z,auth,auth_enUS_labelerexp,at://did:plc:jdkvwye2lf4mingzk7qdebzc/app.bsky.feed.generator/furry-hot,suggested_labelerexp,34,at://did:plc:7sftkb5tuolgo7rkoxndff43/app.bsky.feed.post/3mfuecejd5c2s,bafyreihakecgb275bheeaqze3642ij63szt4favsvq36rghvoq7tqeuqfa,did:plc:7sftkb5tuolgo7rkoxndff43,rumwik.bsky.social,,
83fd3da1571945f78ee1ec3456c3980a,2026-02-27T20:00:00Z,2026-02-27T20:17:15Z,auth,auth_enUS_labelerexp,at://did:plc:jdkvwye2lf4mingzk7qdebzc/app.bsky.feed.generator/furry-hot,suggested_labelerexp,35,at://did:plc:pvrtdpjrnk67z7mehywacmze/app.bsky.feed.post/3mfug3tmdks2a,bafyreidvjtv53zncamhcfovr6drrwsbombd745qt75u6tx6i5sajr2caj4,did:plc:pvrtdpjrnk67z7mehywacmze,leonspottydog.bsky.social,,
83fd3da1571945f78ee1ec3456c3980a,2026-02-27T20:00:00Z,2026-02-27T20:17:15Z,auth,auth_enUS_labelerexp,at://did:plc:jdkvwye2lf4mingzk7qdebzc/app.bsky.feed.generator/furry-hot,suggested_labelerexp,36,at://did:plc:rdgxx5znlw5nchko5rbw7kvh/app.bsky.feed.post/3mfuggfct6k23,bafyreieh3rvzhy33i6babnkesjfincrlm7qr575rv5husaopk64wc3brnm,did:plc:rdgxx5znlw5nchko5rbw7kvh,lukst98.bsky.social,,
83fd3da1571945f78ee1ec3456c3980a,2026-02-27T20:00:00Z,2026-02-27T20:17:15Z,auth,auth_enUS_labelerexp,at://did:plc:jdkvwye2lf4mingzk7qdebzc/app.bsky.feed.generator/furry-hot,suggested_labelerexp,37,at://did:plc:2xxqtlhgpcdqwgnpvrx44sof/app.bsky.feed.post/3mfucjc2p5k2x,bafyreiaqysmolcdokkrutdnlo2qos7n4qzik3rifqcxg4gvl52db46jlxy,did:plc:2xxqtlhgpcdqwgnpvrx44sof,siplick.art,,
83fd3da1571945f78ee1ec3456c3980a,2026-02-27T20:00:00Z,2026-02-27T20:17:15Z,auth,auth_enUS_labelerexp,at://did:plc:jdkvwye2lf4mingzk7qdebzc/app.bsky.feed.generator/furry-hot,suggested_labelerexp,38,at://did:plc:oy7ptvh3rvemke7ou2mq37kj/app.bsky.feed.post/3mfudq4s5qk2z,bafyreifdjjzlpnyazatb5ffhvtaa52swyayyy3wms4clp57i43w7d4k6vq,did:plc:oy7ptvh3rvemke7ou2mq37kj,solardog.bsky.social,,
83fd3da1571945f78ee1ec3456c3980a,2026-02-27T20:00:00Z,2026-02-27T20:17:15Z,auth,auth_enUS_labelerexp,at://did:plc:jdkvwye2lf4mingzk7qdebzc/app.bsky.feed.generator/furry-hot,suggested_labelerexp,39,at://did:plc:5jahqc3sj4edxge55j5uaxbi/app.bsky.feed.post/3mfub53fnrk2s,bafyreiaubfl2qahagv66eynit7zxxlreteple4wud56lfbhujt2nvbinrm,did:plc:5jahqc3sj4edxge55j5uaxbi,hackfurs.com,,
83fd3da1571945f78ee1ec3456c3980a,2026-02-27T20:00:00Z,2026-02-27T20:17:15Z,auth,auth_enUS_labelerexp,at://did:plc:jdkvwye2lf4mingzk7qdebzc/app.bsky.feed.generator/furry-hot,suggested_labelerexp,40,at://did:plc:i63andemyk4z7xv6x7yi4a6l/app.bsky.feed.post/3mfuc6fcycm2w,bafyreie2y2gtnh6dyfhpwgljsh4zaobmjavu62ml4bi24fosgb42hw6xom,did:plc:i63andemyk4z7xv6x7yi4a6l,thekoboldking.bsky.social,,
83fd3da1571945f78ee1ec3456c3980a,2026-02-27T20:00:00Z,2026-02-27T20:17:15Z,auth,auth_enUS_labelerexp,at://did:plc:jdkvwye2lf4mingzk7qdebzc/app.bsky.feed.generator/furry-hot,suggested_labelerexp,41,at://did:plc:mqpk2po3jmcytcu7cqssaxiy/app.bsky.feed.post/3mfugayijhc2l,bafyreibsckr4civgj6udowxcvix2z3idterz5ef4tm3rz3iaqqoiqvcxwm,did:plc:mqpk2po3jmcytcu7cqssaxiy,batnoise.com,,
83fd3da1571945f78ee1ec3456c3980a,2026-02-27T20:00:00Z,2026-02-27T20:17:15Z,auth,auth_enUS_labelerexp,at://did:plc:jdkvwye2lf4mingzk7qdebzc/app.bsky.feed.generator/furry-hot,suggested_labelerexp,42,at://did:plc:rkigp3a2dfrhon46jqamsh64/app.bsky.feed.post/3mftwnyd74c2b,bafyreibdmmajrnfsrufave2afg3lmtuwl3hhanp2oir4liblwp5qjj6mca,did:plc:rkigp3a2dfrhon46jqamsh64,fuckmelikea.dog,,
83fd3da1571945f78ee1ec3456c3980a,2026-02-27T20:00:00Z,2026-02-27T20:17:15Z,auth,auth_enUS_labelerexp,at://did:plc:jdkvwye2lf4mingzk7qdebzc/app.bsky.feed.generator/furry-hot,suggested_labelerexp,43,at://did:plc:dbcasv6kxv2yny2idtldzjma/app.bsky.feed.post/3mfu5moq5lk2y,bafyreiaeguabj2hxndni72oj4yncjxvunhxm7qmehbbqbi62sq6vacaxy4,did:plc:dbcasv6kxv2yny2idtldzjma,galacticmichi.bsky.social,,
83fd3da1571945f78ee1ec3456c3980a,2026-02-27T20:00:00Z,2026-02-27T20:17:15Z,auth,auth_enUS_labelerexp,at://did:plc:jdkvwye2lf4mingzk7qdebzc/app.bsky.feed.generator/furry-hot,suggested_labelerexp,44,at://did:plc:px7buha6moytfj2dvs5hjfcx/app.bsky.feed.post/3mfufmymizs22,bafyreihluhpobbeiw7s3nm63f2yf3r25twc2355zoxgjcczj4sfrfqywje,did:plc:px7buha6moytfj2dvs5hjfcx,sioteru.com,,
83fd3da1571945f78ee1ec3456c3980a,2026-02-27T20:00:00Z,2026-02-27T20:17:15Z,auth,auth_enUS_labelerexp,at://did:plc:jdkvwye2lf4mingzk7qdebzc/app.bsky.feed.generator/furry-hot,suggested_labelerexp,45,at://did:plc:xwmkkvrfresrawavqskpkfut/app.bsky.feed.post/3mfubxcscs22v,bafyreihzbvnlvgiet6mablwkxst7s3v47xf3v5ldqhwdyjuaup5qf4bpra,did:plc:xwmkkvrfresrawavqskpkfut,terribleanimal.com,,
83fd3da1571945f78ee1ec3456c3980a,2026-02-27T20:00:00Z,2026-02-27T20:17:15Z,auth,auth_enUS_labelerexp,at://did:plc:jdkvwye2lf4mingzk7qdebzc/app.bsky.feed.generator/furry-hot,suggested_labelerexp,46,at://did:plc:neppu3lovomnalk72csjsh7v/app.bsky.feed.post/3mfujjxkzqk2d,bafyreialx4il3x65fofihbqk4kzfwmsskttmenelk4al2q34tac7gpthga,did:plc:neppu3lovomnalk72csjsh7v,azeldraws.bsky.social,,
83fd3da1571945f78ee1ec3456c3980a,2026-02-27T20:00:00Z,2026-02-27T20:17:15Z,auth,auth_enUS_labelerexp,at://did:plc:jdkvwye2lf4mingzk7qdebzc/app.bsky.feed.generator/furry-hot,suggested_labelerexp,47,at://did:plc:czevwy4p7isdasexpkgxivzb/app.bsky.feed.post/3mfui7tcduc2f,bafyreihn2pszcybhqsgz52oxoh4nqnlp7f7yqj6fnd4wrulqngxyhtcx2e,did:plc:czevwy4p7isdasexpkgxivzb,pulsarbird.bsky.social,,
83fd3da1571945f78ee1ec3456c3980a,2026-02-27T20:00:00Z,2026-02-27T20:17:15Z,auth,auth_enUS_labelerexp,at://did:plc:jdkvwye2lf4mingzk7qdebzc/app.bsky.feed.generator/furry-hot,suggested_labelerexp,48,at://did:plc:twb6dbibwdkjyu54w3ln4tfj/app.bsky.feed.post/3mftwwjiqm22x,bafyreidigs3akjw6vh45xde253v2vkhqqywiscbdrbnrjbb2njx6v2uera,did:plc:twb6dbibwdkjyu54w3ln4tfj,yoshiyamamoto.bsky.social,,
83fd3da1571945f78ee1ec3456c3980a,2026-02-27T20:00:00Z,2026-02-27T20:17:15Z,auth,auth_enUS_labelerexp,at://did:plc:jdkvwye2lf4mingzk7qdebzc/app.bsky.feed.generator/furry-hot,suggested_labelerexp,49,at://did:plc:4ncr6fetsynommd3mbydnqsu/app.bsky.feed.post/3mfuc3lowi22c,bafyreifsthrvwttv5aiamfban5z4cz57i5pblw4lgl2dvxwa3uqwm4arpi,did:plc:4ncr6fetsynommd3mbydnqsu,rayka.bsky.social,,
83fd3da1571945f78ee1ec3456c3980a,2026-02-27T20:00:00Z,2026-02-27T20:17:15Z,auth,auth_enUS_labelerexp,at://did:plc:jdkvwye2lf4mingzk7qdebzc/app.bsky.feed.generator/furry-hot,suggested_labelerexp,50,at://did:plc:7n4272gzxs4qfr5xfjtdqnda/app.bsky.feed.post/3mfufeznk4k2f,bafyreih2nm7t7zl4crlgfwss23tdy3q4lmxeeswwet3563eiwiasmnlpna,did:plc:7n4272gzxs4qfr5xfjtdqnda,thenameisradio.bsky.social,,
83fd3da1571945f78ee1ec3456c3980a,2026-02-27T20:00:00Z,2026-02-27T20:17:15Z,auth,auth_enUS_labelerexp,at://did:plc:kogkquurpi7vd6ck2tndcoog/app.bsky.feed.generator/aaahe25fq3iao,suggested_labelerexp,1,at://did:plc:kogkquurpi7vd6ck2tndcoog/app.bsky.feed.post/3kbhzuqmlqy2y,bafyreiacimx33e54yn24dbckkhbupis37dqdf73s45ldyckv2mxbthgp2a,did:plc:kogkquurpi7vd6ck2tndcoog,skyhub.bsky.social,,
83fd3da1571945f78ee1ec3456c3980a,2026-02-27T20:00:00Z,2026-02-27T20:17:15Z,auth,auth_enUS_labelerexp,at://did:plc:kogkquurpi7vd6ck2tndcoog/app.bsky.feed.generator/aaahe25fq3iao,suggested_labelerexp,2,at://did:plc:vmapg4cdx4ctngrde5lwyx2z/app.bsky.feed.post/3mfuh46lqf62c,bafyreibsvu5i3ggcklawc4edtcddtpfsmtk3kwhhuxgjf5syvu7vvadrt4,did:plc:vmapg4cdx4ctngrde5lwyx2z,ariifrostt.bsky.social,,
83fd3da1571945f78ee1ec3456c3980a,2026-02-27T20:00:00Z,2026-02-27T20:17:15Z,auth,auth_enUS_labelerexp,at://did:plc:kogkquurpi7vd6ck2tndcoog/app.bsky.feed.generator/aaahe25fq3iao,suggested_labelerexp,3,at://did:plc:qwmiudq7svopdrugi4nmfj2x/app.bsky.feed.post/3mfugda4sxs2i,bafyreichekp6zh4j4k7l2grevcmwxlxomimwxzwidgl3giv67fo4cdtuma,did:plc:qwmiudq7svopdrugi4nmfj2x,greydesire.com,,
83fd3da1571945f78ee1ec3456c3980a,2026-02-27T20:00:00Z,2026-02-27T20:17:15Z,auth,auth_enUS_labelerexp,at://did:plc:kogkquurpi7vd6ck2tndcoog/app.bsky.feed.generator/aaahe25fq3iao,suggested_labelerexp,4,at://did:plc:anjkk3q4bayzovfddzctvy4i/app.bsky.feed.post/3mfufrccgc22d,bafyreia2h4m3spdih3dzn2rtramx6webpgovv7ck5mkz4icvab6f5mgh2m,did:plc:anjkk3q4bayzovfddzctvy4i,miluette.com,,
83fd3da1571945f78ee1ec3456c3980a,2026-02-27T20:00:00Z,2026-02-27T20:17:15Z,auth,auth_enUS_labelerexp,at://did:plc:kogkquurpi7vd6ck2tndcoog/app.bsky.feed.generator/aaahe25fq3iao,suggested_labelerexp,5,at://did:plc:476k2djpoi35txb7w6jcyav5/app.bsky.feed.post/3mfufioauhk27,bafyreibzo3tg6vcov6eench5mldnaoiz3vxzyzu45qxrz4z6xdr5dnoryi,did:plc:476k2djpoi35txb7w6jcyav5,1912exiles.com,,
83fd3da1571945f78ee1ec3456c3980a,2026-02-27T20:00:00Z,2026-02-27T20:17:15Z,auth,auth_enUS_labelerexp,at://did:plc:kogkquurpi7vd6ck2tndcoog/app.bsky.feed.generator/aaahe25fq3iao,suggested_labelerexp,6,at://did:plc:5eqnbh73ion6hvunlh7kccpu/app.bsky.feed.post/3mfuef2qj3k2q,bafyreidy7lp7axsf74x3azurltevcnhy366iehqbjctatidnu6kbvootmq,did:plc:5eqnbh73ion6hvunlh7kccpu,rileyreign.bsky.social,,
83fd3da1571945f78ee1ec3456c3980a,2026-02-27T20:00:00Z,2026-02-27T20:17:15Z,auth,auth_enUS_labelerexp,at://did:plc:kogkquurpi7vd6ck2tndcoog/app.bsky.feed.generator/aaahe25fq3iao,suggested_labelerexp,7,at://did:plc:sv2qxknjx22li63ocinc7mqi/app.bsky.feed.post/3mfueavj2gc2z,bafyreiag45vebu6vlertyk3qp5wzqmb7hnoe2bxmvzsoodmlycqzpwjkva,did:plc:sv2qxknjx22li63ocinc7mqi,pleasureparagonart.bsky.social,,
83fd3da1571945f78ee1ec3456c3980a,2026-02-27T20:00:00Z,2026-02-27T20:17:15Z,auth,auth_enUS_labelerexp,at://did:plc:kogkquurpi7vd6ck2tndcoog/app.bsky.feed.generator/aaahe25fq3iao,suggested_labelerexp,8,at://did:plc:vmapg4cdx4ctngrde5lwyx2z/app.bsky.feed.post/3mfudgs4kz32e,bafyreieqjylttq3ccwsxtt7nq2pjvn3e4uoecqo4thtvjq6xrhdmq6pvw4,did:plc:vmapg4cdx4ctngrde5lwyx2z,ariifrostt.bsky.social,,
83fd3da1571945f78ee1ec3456c3980a,2026-02-27T20:00:00Z,2026-02-27T20:17:15Z,auth,auth_enUS_labelerexp,at://did:plc:kogkquurpi7vd6ck2tndcoog/app.bsky.feed.generator/aaahe25fq3iao,suggested_labelerexp,9,at://did:plc:sj2c2swgcmo7xk4iagli36hv/app.bsky.feed.post/3mfud6bikys2v,bafyreicr6qxlgv73gwp2akrhbyd3gljkczl35m5dklwlg6wmrquol2cfqa,did:plc:sj2c2swgcmo7xk4iagli36hv,katttheclownn.bsky.social,,
83fd3da1571945f78ee1ec3456c3980a,2026-02-27T20:00:00Z,2026-02-27T20:17:15Z,auth,auth_enUS_labelerexp,at://did:plc:kogkquurpi7vd6ck2tndcoog/app.bsky.feed.generator/aaahe25fq3iao,suggested_labelerexp,10,at://did:plc:re6leatmpjf4wfv4m2wci3sr/app.bsky.feed.post/3mfucojqqzc2b,bafyreig5gjbpcbnifv4f64gkjcwlwwnjengq3fodjz6demck2ycq26mgou,did:plc:re6leatmpjf4wfv4m2wci3sr,hollyalisabeth.bsky.social,,
83fd3da1571945f78ee1ec3456c3980a,2026-02-27T20:00:00Z,2026-02-27T20:17:15Z,auth,auth_enUS_labelerexp,at://did:plc:kogkquurpi7vd6ck2tndcoog/app.bsky.feed.generator/aaahe25fq3iao,suggested_labelerexp,11,at://did:plc:mcb6n67plnrlx4lg35natk2b/app.bsky.feed.post/3mfuag7tnmq2y,bafyreigpq2xvnwp6yw6sehuwulxkgk4cezcollxd6hpdu6ylgyyyundudu,did:plc:mcb6n67plnrlx4lg35natk2b,nowbreezing.ntw.app,,
83fd3da1571945f78ee1ec3456c3980a,2026-02-27T20:00:00Z,2026-02-27T20:17:15Z,auth,auth_enUS_labelerexp,at://did:plc:kogkquurpi7vd6ck2tndcoog/app.bsky.feed.generator/aaahe25fq3iao,suggested_labelerexp,12,at://did:plc:ljdllzwlvgwtr7cjn63c3fpy/app.bsky.feed.post/3mfua4dv4kc2j,bafyreiaf4tuntqknuicg7wclezin6ho7keypjqwb7ovk3in7xukg2dogpm,did:plc:ljdllzwlvgwtr7cjn63c3fpy,novadesi.bsky.social,,
83fd3da1571945f78ee1ec3456c3980a,2026-02-27T20:00:00Z,2026-02-27T20:17:15Z,auth,auth_enUS_labelerexp,at://did:plc:kogkquurpi7vd6ck2tndcoog/app.bsky.feed.generator/aaahe25fq3iao,suggested_labelerexp,13,at://did:plc:vmapg4cdx4ctngrde5lwyx2z/app.bsky.feed.post/3mfu7yi2ptk2w,bafyreig6dxhfbcjhbfi7qir2fsrtxlmjakrptyjq2b64oc6v2okupzkh2a,did:plc:vmapg4cdx4ctngrde5lwyx2z,ariifrostt.bsky.social,,
83fd3da1571945f78ee1ec3456c3980a,2026-02-27T20:00:00Z,2026-02-27T20:17:15Z,auth,auth_enUS_labelerexp,at://did:plc:kogkquurpi7vd6ck2tndcoog/app.bsky.feed.generator/aaahe25fq3iao,suggested_labelerexp,14,at://did:plc:eycccsprmur65xl45zxps3cn/app.bsky.feed.post/3mfu6prddtr2s,bafyreiebum4myxylmu3gf4eys4om2eqachqsbe2hyladrigk3bnsen66d4,did:plc:eycccsprmur65xl45zxps3cn,azpornstar.com,,
83fd3da1571945f78ee1ec3456c3980a,2026-02-27T20:00:00Z,2026-02-27T20:17:15Z,auth,auth_enUS_labelerexp,at://did:plc:kogkquurpi7vd6ck2tndcoog/app.bsky.feed.generator/aaahe25fq3iao,suggested_labelerexp,15,at://did:plc:xq7cjrxnwifocn67jjjxbdgc/app.bsky.feed.post/3mfu63asr622v,bafyreignzlkidcrp73uuojlkihmuldkpda2tltz7mosw2ndjgfmzn73zg4,did:plc:xq7cjrxnwifocn67jjjxbdgc,mserinireland.bsky.social,,
83fd3da1571945f78ee1ec3456c3980a,2026-02-27T20:00:00Z,2026-02-27T20:17:15Z,auth,auth_enUS_labelerexp,at://did:plc:kogkquurpi7vd6ck2tndcoog/app.bsky.feed.generator/aaahe25fq3iao,suggested_labelerexp,16,at://did:plc:2qlbivzvdt6hp6dwrd2sx4sf/app.bsky.feed.post/3mfu5r27vgk2q,bafyreiew2vmpganhmrirq34fnzigumgwjbx6gastgki2ibvpnx44e3bdym,did:plc:2qlbivzvdt6hp6dwrd2sx4sf,mayawest.online,,
83fd3da1571945f78ee1ec3456c3980a,2026-02-27T20:00:00Z,2026-02-27T20:17:15Z,auth,auth_enUS_labelerexp,at://did:plc:kogkquurpi7vd6ck2tndcoog/app.bsky.feed.generator/aaahe25fq3iao,suggested_labelerexp,17,at://did:plc:o37jqabtkpbbc2d6lu7vp366/app.bsky.feed.post/3mfu5ljddqc2n,bafyreihddfgsqrsjd4lyjhcgtji26rm3fg2rewa647tt6s5f5zof4if4qa,did:plc:o37jqabtkpbbc2d6lu7vp366,hailsalem666.bsky.social,,
83fd3da1571945f78ee1ec3456c3980a,2026-02-27T20:00:00Z,2026-02-27T20:17:15Z,auth,auth_enUS_labelerexp,at://did:plc:kogkquurpi7vd6ck2tndcoog/app.bsky.feed.generator/aaahe25fq3iao,suggested_labelerexp,18,at://did:plc:sbfx6rejeam2hoy4kfzmt7q4/app.bsky.feed.post/3mfu5ht7rh22j,bafyreid557hgdwcekzupcgkl44rx2ormtq5djd5oxyhljo37vylibhlbpu,did:plc:sbfx6rejeam2hoy4kfzmt7q4,sattycat.bsky.social,,
83fd3da1571945f78ee1ec3456c3980a,2026-02-27T20:00:00Z,2026-02-27T20:17:15Z,auth,auth_enUS_labelerexp,at://did:plc:kogkquurpi7vd6ck2tndcoog/app.bsky.feed.generator/aaahe25fq3iao,suggested_labelerexp,19,at://did:plc:sanwiysljbgh3opgwv3lhnhg/app.bsky.feed.post/3mfu4qdmwik2d,bafyreigriu36d2psmho7sfyk5kz6s2i3wnw7dscgfxbclhbvddo73wv4ri,did:plc:sanwiysljbgh3opgwv3lhnhg,scribsports.bsky.social,,
83fd3da1571945f78ee1ec3456c3980a,2026-02-27T20:00:00Z,2026-02-27T20:17:15Z,auth,auth_enUS_labelerexp,at://did:plc:kogkquurpi7vd6ck2tndcoog/app.bsky.feed.generator/aaahe25fq3iao,suggested_labelerexp,20,at://did:plc:476k2djpoi35txb7w6jcyav5/app.bsky.feed.post/3mfu3zpgm7523,bafyreifm77qv4xxoyxa6kwarakjqqbyvvp547o3fsyssnr23e3225v3tjm,did:plc:476k2djpoi35txb7w6jcyav5,1912exiles.com,,
83fd3da1571945f78ee1ec3456c3980a,2026-02-27T20:00:00Z,2026-02-27T20:17:15Z,auth,auth_enUS_labelerexp,at://did:plc:kogkquurpi7vd6ck2tndcoog/app.bsky.feed.generator/aaahe25fq3iao,suggested_labelerexp,21,at://did:plc:tp7ppz6a3eyduaw4z6kp3k2k/app.bsky.feed.post/3mfu3ndzgqd2i,bafyreicnvt443gc2aulhtibzzqzf3rs6ih5elbhv3hbvpmigmv4xpiby2u,did:plc:tp7ppz6a3eyduaw4z6kp3k2k,scoobsboobs.bsky.social,,
83fd3da1571945f78ee1ec3456c3980a,2026-02-27T20:00:00Z,2026-02-27T20:17:15Z,auth,auth_enUS_labelerexp,at://did:plc:kogkquurpi7vd6ck2tndcoog/app.bsky.feed.generator/aaahe25fq3iao,suggested_labelerexp,22,at://did:plc:vmapg4cdx4ctngrde5lwyx2z/app.bsky.feed.post/3mftz4kk5ht2m,bafyreihgy7l7h6din2qjdiya7c3xsbv4iz4d4wedjxcyftvxlhhj25zkze,did:plc:vmapg4cdx4ctngrde5lwyx2z,ariifrostt.bsky.social,,
83fd3da1571945f78ee1ec3456c3980a,2026-02-27T20:00:00Z,2026-02-27T20:17:15Z,auth,auth_enUS_labelerexp,at://did:plc:kogkquurpi7vd6ck2tndcoog/app.bsky.feed.generator/aaahe25fq3iao,suggested_labelerexp,23,at://did:plc:l7z6uiyijext657436ypfofe/app.bsky.feed.post/3mftyp6e6ss2k,bafyreia4g6ofxi2cep6m6ijmbz3i2aseqs7onbdheuzx5btc6nit4dm7zy,did:plc:l7z6uiyijext657436ypfofe,calistamelissa.bsky.social,,
83fd3da1571945f78ee1ec3456c3980a,2026-02-27T20:00:00Z,2026-02-27T20:17:15Z,auth,auth_enUS_labelerexp,at://did:plc:kogkquurpi7vd6ck2tndcoog/app.bsky.feed.generator/aaahe25fq3iao,suggested_labelerexp,24,at://did:plc:vmspcg7folrxjpi4rd4k2b54/app.bsky.feed.post/3mftyhuptnk2b,bafyreibdynzlbeg3anqd6nhrdq2hsn6nwehmqo6vwucgf2aw5il4bakxtq,did:plc:vmspcg7folrxjpi4rd4k2b54,bad-bunny62391.bsky.social,,
83fd3da1571945f78ee1ec3456c3980a,2026-02-27T20:00:00Z,2026-02-27T20:17:15Z,auth,auth_enUS_labelerexp,at://did:plc:kogkquurpi7vd6ck2tndcoog/app.bsky.feed.generator/aaahe25fq3iao,suggested_labelerexp,25,at://did:plc:mcb6n67plnrlx4lg35natk2b/app.bsky.feed.post/3mfty2arvwc2x,bafyreicq2dkbyckzqhtuxnf77k5rrp43so5qwgwkj45qtvpz3zf5adtbo4,did:plc:mcb6n67plnrlx4lg35natk2b,nowbreezing.ntw.app,,
83fd3da1571945f78ee1ec3456c3980a,2026-02-27T20:00:00Z,2026-02-27T20:17:15Z,auth,auth_enUS_labelerexp,at://did:plc:kogkquurpi7vd6ck2tndcoog/app.bsky.feed.generator/aaahe25fq3iao,suggested_labelerexp,26,at://did:plc:vmapg4cdx4ctngrde5lwyx2z/app.bsky.feed.post/3mftxu7mqem25,bafyreidfmvyhp66urlheebwb7l6efomradn2qhtjm67v7qzfjjgnqdrbiu,did:plc:vmapg4cdx4ctngrde5lwyx2z,ariifrostt.bsky.social,,
83fd3da1571945f78ee1ec3456c3980a,2026-02-27T20:00:00Z,2026-02-27T20:17:15Z,auth,auth_enUS_labelerexp,at://did:plc:kogkquurpi7vd6ck2tndcoog/app.bsky.feed.generator/aaahe25fq3iao,suggested_labelerexp,27,at://did:plc:t4mslayy3opkct6ry35lcwbt/app.bsky.feed.post/3mftxsseres2x,bafyreic3g2gctk4bo6sgscqyhdrvd3tdajcywrwbxzwsxjsl7442a7cxum,did:plc:t4mslayy3opkct6ry35lcwbt,snowfeatherx.bsky.social,,
83fd3da1571945f78ee1ec3456c3980a,2026-02-27T20:00:00Z,2026-02-27T20:17:15Z,auth,auth_enUS_labelerexp,at://did:plc:kogkquurpi7vd6ck2tndcoog/app.bsky.feed.generator/aaahe25fq3iao,suggested_labelerexp,28,at://did:plc:edqprsxm63q3k745r7txilh5/app.bsky.feed.post/3mftxirfpkc26,bafyreihy2ci3ff3jjzxg7gef3cjucsry3cdvy27esolcapfvqkcjlaj5zy,did:plc:edqprsxm63q3k745r7txilh5,wofsluts.bsky.social,,
83fd3da1571945f78ee1ec3456c3980a,2026-02-27T20:00:00Z,2026-02-27T20:17:15Z,auth,auth_enUS_labelerexp,at://did:plc:kogkquurpi7vd6ck2tndcoog/app.bsky.feed.generator/aaahe25fq3iao,suggested_labelerexp,29,at://did:plc:edqprsxm63q3k745r7txilh5/app.bsky.feed.post/3mftxfwseas26,bafyreihrnlzv4apihu7hoxwb6etmorg2ickkceu6zsh3lqxnjatzn44dja,did:plc:edqprsxm63q3k745r7txilh5,wofsluts.bsky.social,,
83fd3da1571945f78ee1ec3456c3980a,2026-02-27T20:00:00Z,2026-02-27T20:17:15Z,auth,auth_enUS_labelerexp,at://did:plc:kogkquurpi7vd6ck2tndcoog/app.bsky.feed.generator/aaahe25fq3iao,suggested_labelerexp,30,at://did:plc:edqprsxm63q3k745r7txilh5/app.bsky.feed.post/3mftxetk6os26,bafyreib6onkvhgvfcvnr5rxux2uumzugc42cwz6lvztipgjckutam45lbe,did:plc:edqprsxm63q3k745r7txilh5,wofsluts.bsky.social,,
83fd3da1571945f78ee1ec3456c3980a,2026-02-27T20:00:00Z,2026-02-27T20:17:15Z,auth,auth_enUS_labelerexp,at://did:plc:kogkquurpi7vd6ck2tndcoog/app.bsky.feed.generator/aaahe25fq3iao,suggested_labelerexp,31,at://did:plc:mcb6n67plnrlx4lg35natk2b/app.bsky.feed.post/3mftwekmowt2q,bafyreibmoptlpx3w23j762daqjzb7vbtseff5q6aldxqo6ujvtjx4gux7y,did:plc:mcb6n67plnrlx4lg35natk2b,nowbreezing.ntw.app,,
83fd3da1571945f78ee1ec3456c3980a,2026-02-27T20:00:00Z,2026-02-27T20:17:15Z,auth,auth_enUS_labelerexp,at://did:plc:kogkquurpi7vd6ck2tndcoog/app.bsky.feed.generator/aaahe25fq3iao,suggested_labelerexp,32,at://did:plc:27ne33sghinyz3mduuq53tga/app.bsky.feed.post/3mftvwrboas23,bafyreihojixtktzeiufyqx7aecq3cnlrx26zqcpvpn6abadx7u24b7qj5q,did:plc:27ne33sghinyz3mduuq53tga,maxdeep.bsky.social,,
83fd3da1571945f78ee1ec3456c3980a,2026-02-27T20:00:00Z,2026-02-27T20:17:15Z,auth,auth_enUS_labelerexp,at://did:plc:kogkquurpi7vd6ck2tndcoog/app.bsky.feed.generator/aaahe25fq3iao,suggested_labelerexp,33,at://did:plc:vg7t6ubcm5xi5ia7g4lyvnxd/app.bsky.feed.post/3mftvrze7ts2q,bafyreiafq3a3orfbmsbuc62f5sdrayb2qni6hk7ou5tely74bovfyvijny,did:plc:vg7t6ubcm5xi5ia7g4lyvnxd,raineryder.co.uk,,
83fd3da1571945f78ee1ec3456c3980a,2026-02-27T20:00:00Z,2026-02-27T20:17:15Z,auth,auth_enUS_labelerexp,at://did:plc:kogkquurpi7vd6ck2tndcoog/app.bsky.feed.generator/aaahe25fq3iao,suggested_labelerexp,34,at://did:plc:4h7zaghpkwuw5tr2rxy7imb4/app.bsky.feed.post/3mftvdr3m762c,bafyreiabymrhojgsoggoym63lzn4dptiwfdrb4kyik2gkhptchuf4zzqe4,did:plc:4h7zaghpkwuw5tr2rxy7imb4,iiwii11bbc.bsky.social,,
83fd3da1571945f78ee1ec3456c3980a,2026-02-27T20:00:00Z,2026-02-27T20:17:15Z,auth,auth_enUS_labelerexp,at://did:plc:kogkquurpi7vd6ck2tndcoog/app.bsky.feed.generator/aaahe25fq3iao,suggested_labelerexp,35,at://did:plc:ywja3hgl4zrce3dcocr4nagc/app.bsky.feed.post/3mftvantatf2o,bafyreihelw4jkkhnchagx5nyjr54dz47ycn46o7eomdz3erwagrrhd4cli,did:plc:ywja3hgl4zrce3dcocr4nagc,summernaustin.bsky.social,,
83fd3da1571945f78ee1ec3456c3980a,2026-02-27T20:00:00Z,2026-02-27T20:17:15Z,auth,auth_enUS_labelerexp,at://did:plc:kogkquurpi7vd6ck2tndcoog/app.bsky.feed.generator/aaahe25fq3iao,suggested_labelerexp,36,at://did:plc:ylzlvo7ibxdhmtr7fsjybzjr/app.bsky.feed.post/3mftul2ygls26,bafyreiawwg2tzfurwytec4yzxtp73q2vqtismawx2nw57azj55s2dr2ymy,did:plc:ylzlvo7ibxdhmtr7fsjybzjr,stilettojane.bsky.social,,
83fd3da1571945f78ee1ec3456c3980a,2026-02-27T20:00:00Z,2026-02-27T20:17:15Z,auth,auth_enUS_labelerexp,at://did:plc:kogkquurpi7vd6ck2tndcoog/app.bsky.feed.generator/aaahe25fq3iao,suggested_labelerexp,37,at://did:plc:skvr3z2drulysxcjyfxgxoi7/app.bsky.feed.post/3mftt3p37oc23,bafyreicnullzrvbjfoyscdm5qop57twkiaeie5gmj77vdva5lq6olxjpyi,did:plc:skvr3z2drulysxcjyfxgxoi7,fieldwavesteven.bsky.social,,
83fd3da1571945f78ee1ec3456c3980a,2026-02-27T20:00:00Z,2026-02-27T20:17:15Z,auth,auth_enUS_labelerexp,at://did:plc:kogkquurpi7vd6ck2tndcoog/app.bsky.feed.generator/aaahe25fq3iao,suggested_labelerexp,38,at://did:plc:cdvy75bpcratrj7vbt3my4ul/app.bsky.feed.post/3mftsyedspc2y,bafyreifo7qq4fmobu2fvpy5hej5vk7auet3trvfjm26nm45la4z5ekzioi,did:plc:cdvy75bpcratrj7vbt3my4ul,barefootmamamn.bsky.social,,
83fd3da1571945f78ee1ec3456c3980a,2026-02-27T20:00:00Z,2026-02-27T20:17:15Z,auth,auth_enUS_labelerexp,at://did:plc:kogkquurpi7vd6ck2tndcoog/app.bsky.feed.generator/aaahe25fq3iao,suggested_labelerexp,39,at://did:plc:uqof4upv4gmleo3i4yvhxci2/app.bsky.feed.post/3mftsnpr2ws2q,bafyreiaqtmvyvq2ppgreiyvzxrsojxkn7anisue7drpflmrpa52y65pkta,did:plc:uqof4upv4gmleo3i4yvhxci2,melailurophile.bsky.social,,
83fd3da1571945f78ee1ec3456c3980a,2026-02-27T20:00:00Z,2026-02-27T20:17:15Z,auth,auth_enUS_labelerexp,at://did:plc:kogkquurpi7vd6ck2tndcoog/app.bsky.feed.generator/aaahe25fq3iao,suggested_labelerexp,40,at://did:plc:476k2djpoi35txb7w6jcyav5/app.bsky.feed.post/3mftrz2b7ts2t,bafyreifs33a6657mzwgrt6u27npzb32ntezppo6si3uakbbgoewd5q5nva,did:plc:476k2djpoi35txb7w6jcyav5,1912exiles.com,,
83fd3da1571945f78ee1ec3456c3980a,2026-02-27T20:00:00Z,2026-02-27T20:17:15Z,auth,auth_enUS_labelerexp,at://did:plc:kogkquurpi7vd6ck2tndcoog/app.bsky.feed.generator/aaahe25fq3iao,suggested_labelerexp,41,at://did:plc:qwmiudq7svopdrugi4nmfj2x/app.bsky.feed.post/3mftr7a6zcs2n,bafyreihbcrh62ekvyliugdujcbkjdt3her3is4ewi6ztylnp5d4i4x7tba,did:plc:qwmiudq7svopdrugi4nmfj2x,greydesire.com,,
83fd3da1571945f78ee1ec3456c3980a,2026-02-27T20:00:00Z,2026-02-27T20:17:15Z,auth,auth_enUS_labelerexp,at://did:plc:kogkquurpi7vd6ck2tndcoog/app.bsky.feed.generator/aaahe25fq3iao,suggested_labelerexp,42,at://did:plc:qn5rrcrpcl34dn3mhojgfdzf/app.bsky.feed.post/3mftqnv2gjc2z,bafyreic7kdekmxl4zi35u7fb7pg7ag3dzsnigwbvmv2yy4fbxhxrqp4wyq,did:plc:qn5rrcrpcl34dn3mhojgfdzf,alexislayne.bsky.social,,
83fd3da1571945f78ee1ec3456c3980a,2026-02-27T20:00:00Z,2026-02-27T20:17:15Z,auth,auth_enUS_labelerexp,at://did:plc:kogkquurpi7vd6ck2tndcoog/app.bsky.feed.generator/aaahe25fq3iao,suggested_labelerexp,43,at://did:plc:7pirvy4egeh3itzgzft3zbcb/app.bsky.feed.post/3mftqmtyouc2x,bafyreigm7p5du7i77rhrwolgarre3ny3ttxoxb6krmjjkleqf6sxym2peu,did:plc:7pirvy4egeh3itzgzft3zbcb,tritikochan.bsky.social,,
83fd3da1571945f78ee1ec3456c3980a,2026-02-27T20:00:00Z,2026-02-27T20:17:15Z,auth,auth_enUS_labelerexp,at://did:plc:kogkquurpi7vd6ck2tndcoog/app.bsky.feed.generator/aaahe25fq3iao,suggested_labelerexp,44,at://did:plc:476k2djpoi35txb7w6jcyav5/app.bsky.feed.post/3mftokwgjxw2e,bafyreifdls2yse7fpotnbu5aulxm6c7jzryubeofwey3vk2hkway6u232u,did:plc:476k2djpoi35txb7w6jcyav5,1912exiles.com,,
83fd3da1571945f78ee1ec3456c3980a,2026-02-27T20:00:00Z,2026-02-27T20:17:15Z,auth,auth_enUS_labelerexp,at://did:plc:kogkquurpi7vd6ck2tndcoog/app.bsky.feed.generator/aaahe25fq3iao,suggested_labelerexp,45,at://did:plc:6x3xasjqmqim5zr326m3jlxj/app.bsky.feed.post/3mfto3m2ca22p,bafyreidt7657t63lbggzgt4jlvvu6iaxwcomnm5scwgcdk4wohzzzssu3i,did:plc:6x3xasjqmqim5zr326m3jlxj,sixfoottall69.bsky.social,,
83fd3da1571945f78ee1ec3456c3980a,2026-02-27T20:00:00Z,2026-02-27T20:17:15Z,auth,auth_enUS_labelerexp,at://did:plc:kogkquurpi7vd6ck2tndcoog/app.bsky.feed.generator/aaahe25fq3iao,suggested_labelerexp,46,at://did:plc:j4pzx2ixwykz6xemebst5ujd/app.bsky.feed.post/3mftmsrezss2u,bafyreibep2c5tzg4o3sz3cq4vageuppy4h222nafatxvn7mijsx2bhea2i,did:plc:j4pzx2ixwykz6xemebst5ujd,realdinwiesel.bsky.social,,
83fd3da1571945f78ee1ec3456c3980a,2026-02-27T20:00:00Z,2026-02-27T20:17:15Z,auth,auth_enUS_labelerexp,at://did:plc:kogkquurpi7vd6ck2tndcoog/app.bsky.feed.generator/aaahe25fq3iao,suggested_labelerexp,47,at://did:plc:adxjucrc54pzgnzfz5js4nxb/app.bsky.feed.post/3mftkqk2k6e2i,bafyreibqnkf5inrn7dbm2sksw5k4tyzdso5xjhkrdekhszt4yxsrvri6vy,did:plc:adxjucrc54pzgnzfz5js4nxb,wrenndivine.bsky.social,,
83fd3da1571945f78ee1ec3456c3980a,2026-02-27T20:00:00Z,2026-02-27T20:17:15Z,auth,auth_enUS_labelerexp,at://did:plc:kogkquurpi7vd6ck2tndcoog/app.bsky.feed.generator/aaahe25fq3iao,suggested_labelerexp,48,at://did:plc:kojtvbmvinxp7iy27jpzmxyx/app.bsky.feed.post/3mftil4rfq22f,bafyreicizm557lpban4rvmtvntqs6eqpdaligvcfsdd6etqeewafrqesb4,did:plc:kojtvbmvinxp7iy27jpzmxyx,babygirlwitass.bsky.social,,
83fd3da1571945f78ee1ec3456c3980a,2026-02-27T20:00:00Z,2026-02-27T20:17:15Z,auth,auth_enUS_labelerexp,at://did:plc:kogkquurpi7vd6ck2tndcoog/app.bsky.feed.generator/aaahe25fq3iao,suggested_labelerexp,49,at://did:plc:pctquvzhseoud3mdbfzkzplu/app.bsky.feed.post/3mftihwbjoc22,bafyreid5jhylzlvti5hecmvoqishumnbmjrdl6hdxk7uefe3phrosmrx54,did:plc:pctquvzhseoud3mdbfzkzplu,duoofdesire.bsky.social,,
83fd3da1571945f78ee1ec3456c3980a,2026-02-27T20:00:00Z,2026-02-27T20:17:15Z,auth,auth_enUS_labelerexp,at://did:plc:kogkquurpi7vd6ck2tndcoog/app.bsky.feed.generator/aaahe25fq3iao,suggested_labelerexp,50,at://did:plc:mcb6n67plnrlx4lg35natk2b/app.bsky.feed.post/3mftgpmqrrc25,bafyreiad5gaz5gatobyiluuuuuohh3i6j62wec27tw66cb6uggo6fe6twu,did:plc:mcb6n67plnrlx4lg35natk2b,nowbreezing.ntw.app,,
83fd3da1571945f78ee1ec3456c3980a,2026-02-27T20:00:00Z,2026-02-27T20:17:16Z,auth,auth_enUS_labelerexp,at://did:plc:lpl45lei6abqpvmet5htdbtb/app.bsky.feed.generator/aaakc72k5sgcs,suggested_labelerexp,1,at://did:plc:peaoldbabwit6utzwks2efqp/app.bsky.feed.post/3mfuhyg4tm22d,bafyreihag2tujnoh75zqfxjecvdtovktbsco22xdyj2slbnaudorzdvjpm,did:plc:peaoldbabwit6utzwks2efqp,deepseadawn.bsky.social,,
83fd3da1571945f78ee1ec3456c3980a,2026-02-27T20:00:00Z,2026-02-27T20:17:16Z,auth,auth_enUS_labelerexp,at://did:plc:lpl45lei6abqpvmet5htdbtb/app.bsky.feed.generator/aaakc72k5sgcs,suggested_labelerexp,2,at://did:plc:7xvfrsh5mxugjntzqgnszwaz/app.bsky.feed.post/3mfuhu67vlk2v,bafyreih7kqri7ezrhldpkrs2dyerco6vckc5wefui4lddt5yfl7oovdnc4,did:plc:7xvfrsh5mxugjntzqgnszwaz,phoebefossil.bsky.social,,
83fd3da1571945f78ee1ec3456c3980a,2026-02-27T20:00:00Z,2026-02-27T20:17:16Z,auth,auth_enUS_labelerexp,at://did:plc:lpl45lei6abqpvmet5htdbtb/app.bsky.feed.generator/aaakc72k5sgcs,suggested_labelerexp,3,at://did:plc:ys4of6tshyfdkfh64midtaj4/app.bsky.feed.post/3mfuh5gxhet2l,bafyreicyql74b6hxdsscxezt7vyehk2kytmvxcuez46erfzbrqymo6oz5i,did:plc:ys4of6tshyfdkfh64midtaj4,geofon.bsky.social,,
83fd3da1571945f78ee1ec3456c3980a,2026-02-27T20:00:00Z,2026-02-27T20:17:16Z,auth,auth_enUS_labelerexp,at://did:plc:lpl45lei6abqpvmet5htdbtb/app.bsky.feed.generator/aaakc72k5sgcs,suggested_labelerexp,4,at://did:plc:jsywypxxs4ffjo6wq3tqhhip/app.bsky.feed.post/3mfufwtcs2k2t,bafyreiey7isqbcdrgrijjgsm7n3wpsx3fowhsb24j4ft6mcibnyhn4ov6a,did:plc:jsywypxxs4ffjo6wq3tqhhip,aguadvances.bsky.social,,
83fd3da1571945f78ee1ec3456c3980a,2026-02-27T20:00:00Z,2026-02-27T20:17:16Z,auth,auth_enUS_labelerexp,at://did:plc:lpl45lei6abqpvmet5htdbtb/app.bsky.feed.generator/aaakc72k5sgcs,suggested_labelerexp,5,at://did:plc:jsywypxxs4ffjo6wq3tqhhip/app.bsky.feed.post/3mfufwrqct22t,bafyreieamwreyopm5eovubusg5uiuqx7yykzxandhaern22l5j6z5lwgem,did:plc:jsywypxxs4ffjo6wq3tqhhip,aguadvances.bsky.social,,
83fd3da1571945f78ee1ec3456c3980a,2026-02-27T20:00:00Z,2026-02-27T20:17:16Z,auth,auth_enUS_labelerexp,at://did:plc:lpl45lei6abqpvmet5htdbtb/app.bsky.feed.generator/aaakc72k5sgcs,suggested_labelerexp,6,at://did:plc:ys4of6tshyfdkfh64midtaj4/app.bsky.feed.post/3mfuehm2cqn25,bafyreicn5f4pwozpcdnqtdzvw5w234tbotlyq2texum2fodi7hgerna2ni,did:plc:ys4of6tshyfdkfh64midtaj4,geofon.bsky.social,,
83fd3da1571945f78ee1ec3456c3980a,2026-02-27T20:00:00Z,2026-02-27T20:17:16Z,auth,auth_enUS_labelerexp,at://did:plc:lpl45lei6abqpvmet5htdbtb/app.bsky.feed.generator/aaakc72k5sgcs,suggested_labelerexp,7,at://did:plc:aurmefxl2s4lglfindwdlpy5/app.bsky.feed.post/3mfuegf2bfk22,bafyreic2iew52kv22aykuewtjzfsbslfchvvbxpucq7jj7iulb6qce5b7e,did:plc:aurmefxl2s4lglfindwdlpy5,gspeng.bsky.social,,
83fd3da1571945f78ee1ec3456c3980a,2026-02-27T20:00:00Z,2026-02-27T20:17:16Z,auth,auth_enUS_labelerexp,at://did:plc:lpl45lei6abqpvmet5htdbtb/app.bsky.feed.generator/aaakc72k5sgcs,suggested_labelerexp,8,at://did:plc:kyw6geqldhybvk7innpg7lae/app.bsky.feed.post/3mfudnsu7rs2v,bafyreihloclwpemb4lb7rxw7homtkgaa7dy74wfux4wd7xwg26wrpaz2gq,did:plc:kyw6geqldhybvk7innpg7lae,callanbentley.bsky.social,,
83fd3da1571945f78ee1ec3456c3980a,2026-02-27T20:00:00Z,2026-02-27T20:17:16Z,auth,auth_enUS_labelerexp,at://did:plc:lpl45lei6abqpvmet5htdbtb/app.bsky.feed.generator/aaakc72k5sgcs,suggested_labelerexp,9,at://did:plc:cwlkznb3nuoyyqpgporgfbjc/app.bsky.feed.post/3mfud25m4cs2j,bafyreibdmbjp7slarghbhrrrswjf5q2gj5uityu6gxfe6yvhigydoxv2n4,did:plc:cwlkznb3nuoyyqpgporgfbjc,lithospheric.jorgegines.com,,
83fd3da1571945f78ee1ec3456c3980a,2026-02-27T20:00:00Z,2026-02-27T20:17:16Z,auth,auth_enUS_labelerexp,at://did:plc:lpl45lei6abqpvmet5htdbtb/app.bsky.feed.generator/aaakc72k5sgcs,suggested_labelerexp,10,at://did:plc:aobka6qeawk6vcumybjiqldu/app.bsky.feed.post/3mfucqdptz32u,bafyreidwj74xws4jxiojkt5ncvqas6chhca6ckz27vpn72zdcish24ehvu,did:plc:aobka6qeawk6vcumybjiqldu,scrippsocean.bsky.social,,
83fd3da1571945f78ee1ec3456c3980a,2026-02-27T20:00:00Z,2026-02-27T20:17:16Z,auth,auth_enUS_labelerexp,at://did:plc:lpl45lei6abqpvmet5htdbtb/app.bsky.feed.generator/aaakc72k5sgcs,suggested_labelerexp,11,at://did:plc:lhkldxnkyy5vjbzwbsmfa4k5/app.bsky.feed.post/3mfuc4ifiw42q,bafyreiarhbwxkski5zqkikezw6iptkay5ritefjbweii4cvms25iracrj4,did:plc:lhkldxnkyy5vjbzwbsmfa4k5,caltechseismo.bsky.social,,
83fd3da1571945f78ee1ec3456c3980a,2026-02-27T20:00:00Z,2026-02-27T20:17:16Z,auth,auth_enUS_labelerexp,at://did:plc:lpl45lei6abqpvmet5htdbtb/app.bsky.feed.generator/aaakc72k5sgcs,suggested_labelerexp,12,at://did:plc:7bdmgpqw34weescgqbcnda7e/app.bsky.feed.post/3mfuc3uizt22i,bafyreifclfw723tllazfzwlszvb2xbabfvzqfdb72lclixrfu5ajar46s4,did:plc:7bdmgpqw34weescgqbcnda7e,dmcediacaran.bsky.social,,
83fd3da1571945f78ee1ec3456c3980a,2026-02-27T20:00:00Z,2026-02-27T20:17:16Z,auth,auth_enUS_labelerexp,at://did:plc:lpl45lei6abqpvmet5htdbtb/app.bsky.feed.generator/aaakc72k5sgcs,suggested_labelerexp,13,at://did:plc:g6mn67api7jj5l6wp6duelm6/app.bsky.feed.post/3mfubzl57ws2w,bafyreiffuxwhputg3752pvszplodffz53rlvv3cf2vajpddlw3rcqhkjwi,did:plc:g6mn67api7jj5l6wp6duelm6,mudswoman.bsky.social,,
83fd3da1571945f78ee1ec3456c3980a,2026-02-27T20:00:00Z,2026-02-27T20:17:16Z,auth,auth_enUS_labelerexp,at://did:plc:lpl45lei6abqpvmet5htdbtb/app.bsky.feed.generator/aaakc72k5sgcs,suggested_labelerexp,14,at://did:plc:xnqkhmlakhl2b6rfuxf62f6n/app.bsky.feed.post/3mfubqnfzvs2f,bafyreiewchdfp2gm2vvslvhjrawudjbegnf4vbpyooikavbi5rb3pd2px4,did:plc:xnqkhmlakhl2b6rfuxf62f6n,colinmacpherson.bsky.social,,
83fd3da1571945f78ee1ec3456c3980a,2026-02-27T20:00:00Z,2026-02-27T20:17:16Z,auth,auth_enUS_labelerexp,at://did:plc:lpl45lei6abqpvmet5htdbtb/app.bsky.feed.generator/aaakc72k5sgcs,suggested_labelerexp,15,at://did:plc:6hpos2szojcsikkzdyur5xy6/app.bsky.feed.post/3mfubpwfil22a,bafyreibdalarzrsowtfoh2ofq5rtmq7nr2o3cfmggrx3yfdzfqwphkuede,did:plc:6hpos2szojcsikkzdyur5xy6,astrobiology.bsky.social,,
83fd3da1571945f78ee1ec3456c3980a,2026-02-27T20:00:00Z,2026-02-27T20:17:16Z,auth,auth_enUS_labelerexp,at://did:plc:lpl45lei6abqpvmet5htdbtb/app.bsky.feed.generator/aaakc72k5sgcs,suggested_labelerexp,16,at://did:plc:6hpos2szojcsikkzdyur5xy6/app.bsky.feed.post/3mfubpnwric2a,bafyreifgtfin3zq3uqq3fk2il4rpzo7v3fxtzyx3bplwjxosecf3lumpgq,did:plc:6hpos2szojcsikkzdyur5xy6,astrobiology.bsky.social,,
83fd3da1571945f78ee1ec3456c3980a,2026-02-27T20:00:00Z,2026-02-27T20:17:16Z,auth,auth_enUS_labelerexp,at://did:plc:lpl45lei6abqpvmet5htdbtb/app.bsky.feed.generator/aaakc72k5sgcs,suggested_labelerexp,17,at://did:plc:6hpos2szojcsikkzdyur5xy6/app.bsky.feed.post/3mfubonpdms2a,bafyreig5g7dzzs6tjyfsp35jariwjo5hjog3shuzcrmeahrmv4okums3ly,did:plc:6hpos2szojcsikkzdyur5xy6,astrobiology.bsky.social,,
83fd3da1571945f78ee1ec3456c3980a,2026-02-27T20:00:00Z,2026-02-27T20:17:16Z,auth,auth_enUS_labelerexp,at://did:plc:lpl45lei6abqpvmet5htdbtb/app.bsky.feed.generator/aaakc72k5sgcs,suggested_labelerexp,18,at://did:plc:j4f25bf4otmaiq5nwjlimx3e/app.bsky.feed.post/3mfub6lkyzc2y,bafyreiayk52nmnjpml7fiiak73ynt7iby7r5vis5kglibm2y4xuvtbymq4,did:plc:j4f25bf4otmaiq5nwjlimx3e,usclivar.bsky.social,,
83fd3da1571945f78ee1ec3456c3980a,2026-02-27T20:00:00Z,2026-02-27T20:17:16Z,auth,auth_enUS_labelerexp,at://did:plc:lpl45lei6abqpvmet5htdbtb/app.bsky.feed.generator/aaakc72k5sgcs,suggested_labelerexp,19,at://did:plc:ifg75jgej6jmqi3oreeswp4b/app.bsky.feed.post/3mfuajwr52c2a,bafyreifgugxpfow3krkcrbntahrl7t53ufv7vvhhrngapcohe4lysqfesa,did:plc:ifg75jgej6jmqi3oreeswp4b,paulmac.bsky.social,,
83fd3da1571945f78ee1ec3456c3980a,2026-02-27T20:00:00Z,2026-02-27T20:17:16Z,auth,auth_enUS_labelerexp,at://did:plc:lpl45lei6abqpvmet5htdbtb/app.bsky.feed.generator/aaakc72k5sgcs,suggested_labelerexp,20,at://did:plc:5wgnytg43yddk5iwbtdjpiuc/app.bsky.feed.post/3mfuab5pwt22g,bafyreieueveuow3mpcvfh3yzl3hvtxaxpog6lgla4midfnmdsezxvccp5y,did:plc:5wgnytg43yddk5iwbtdjpiuc,biographic.bsky.social,,
83fd3da1571945f78ee1ec3456c3980a,2026-02-27T20:00:00Z,2026-02-27T20:17:16Z,auth,auth_enUS_labelerexp,at://did:plc:lpl45lei6abqpvmet5htdbtb/app.bsky.feed.generator/aaakc72k5sgcs,suggested_labelerexp,21,at://did:plc:ifg75jgej6jmqi3oreeswp4b/app.bsky.feed.post/3mfu7ylqgbk2m,bafyreibmz4a7zvcx2ujdvgrmeigpibaf254sfz77reyzj75nlvdmhhwaxa,did:plc:ifg75jgej6jmqi3oreeswp4b,paulmac.bsky.social,,
83fd3da1571945f78ee1ec3456c3980a,2026-02-27T20:00:00Z,2026-02-27T20:17:16Z,auth,auth_enUS_labelerexp,at://did:plc:lpl45lei6abqpvmet5htdbtb/app.bsky.feed.generator/aaakc72k5sgcs,suggested_labelerexp,22,at://did:plc:balaywoyeme4fxfhadomznwc/app.bsky.feed.post/3mfu7xsmios24,bafyreibyrhjropsv63qwrxhs3ly3jvf27tdiqrikgkmilxf3uyrctkxebu,did:plc:balaywoyeme4fxfhadomznwc,geologyjohnson.bsky.social,,
83fd3da1571945f78ee1ec3456c3980a,2026-02-27T20:00:00Z,2026-02-27T20:17:16Z,auth,auth_enUS_labelerexp,at://did:plc:lpl45lei6abqpvmet5htdbtb/app.bsky.feed.generator/aaakc72k5sgcs,suggested_labelerexp,23,at://did:plc:ys4of6tshyfdkfh64midtaj4/app.bsky.feed.post/3mfu7lglz4425,bafyreigx6aeheoskpvtwfnpbj7ia3um4w7avrpefzorilig5tr2ihx3zfm,did:plc:ys4of6tshyfdkfh64midtaj4,geofon.bsky.social,,
83fd3da1571945f78ee1ec3456c3980a,2026-02-27T20:00:00Z,2026-02-27T20:17:16Z,auth,auth_enUS_labelerexp,at://did:plc:lpl45lei6abqpvmet5htdbtb/app.bsky.feed.generator/aaakc72k5sgcs,suggested_labelerexp,24,at://did:plc:ifg75jgej6jmqi3oreeswp4b/app.bsky.feed.post/3mfu7k6qcvc2k,bafyreidp2eq2f6pws623firvpqukvcs7frie6akaqrpb7qqzrdyu4yhmum,did:plc:ifg75jgej6jmqi3oreeswp4b,paulmac.bsky.social,,
83fd3da1571945f78ee1ec3456c3980a,2026-02-27T20:00:00Z,2026-02-27T20:17:16Z,auth,auth_enUS_labelerexp,at://did:plc:lpl45lei6abqpvmet5htdbtb/app.bsky.feed.generator/aaakc72k5sgcs,suggested_labelerexp,25,at://did:plc:kifd2paoxvt7qkgfvwmg6cog/app.bsky.feed.post/3mfu7gidfrk26,bafyreidnavccl7zlxywnqvxokyy4nz66pb3wsn4s22wka3fawxgzlt4oum,did:plc:kifd2paoxvt7qkgfvwmg6cog,aussiastronomer.bsky.social,,
83fd3da1571945f78ee1ec3456c3980a,2026-02-27T20:00:00Z,2026-02-27T20:17:16Z,auth,auth_enUS_labelerexp,at://did:plc:lpl45lei6abqpvmet5htdbtb/app.bsky.feed.generator/aaakc72k5sgcs,suggested_labelerexp,26,at://did:plc:ifg75jgej6jmqi3oreeswp4b/app.bsky.feed.post/3mfu6wkaeuc2x,bafyreifnqwt5vioije2rzi4d5p4ldwakf4gtfh6n5djishngtzpdatpwqa,did:plc:ifg75jgej6jmqi3oreeswp4b,paulmac.bsky.social,,
83fd3da1571945f78ee1ec3456c3980a,2026-02-27T20:00:00Z,2026-02-27T20:17:16Z,auth,auth_enUS_labelerexp,at://did:plc:lpl45lei6abqpvmet5htdbtb/app.bsky.feed.generator/aaakc72k5sgcs,suggested_labelerexp,27,at://did:plc:scby54ck3bhtzvgapiozabmt/app.bsky.feed.post/3mfu6tejbuy2z,bafyreigah4tpztom7dey6s2kdrp3num6pn4umcuwo7vsqb5thfqki762he,did:plc:scby54ck3bhtzvgapiozabmt,cintylee.bsky.social,,
83fd3da1571945f78ee1ec3456c3980a,2026-02-27T20:00:00Z,2026-02-27T20:17:16Z,auth,auth_enUS_labelerexp,at://did:plc:lpl45lei6abqpvmet5htdbtb/app.bsky.feed.generator/aaakc72k5sgcs,suggested_labelerexp,28,at://did:plc:ifg75jgej6jmqi3oreeswp4b/app.bsky.feed.post/3mfu5wqnm322p,bafyreicvbcw7p3vzb3olrjrrkopqtwealptnul4i2ysj2vyi7jbbx25b4q,did:plc:ifg75jgej6jmqi3oreeswp4b,paulmac.bsky.social,,
83fd3da1571945f78ee1ec3456c3980a,2026-02-27T20:00:00Z,2026-02-27T20:17:16Z,auth,auth_enUS_labelerexp,at://did:plc:lpl45lei6abqpvmet5htdbtb/app.bsky.feed.generator/aaakc72k5sgcs,suggested_labelerexp,29,at://did:plc:ys4of6tshyfdkfh64midtaj4/app.bsky.feed.post/3mfu5ptc2o52l,bafyreiboatcbb4xtr2sryixeq3hjrd2pwk3vpgzb76yyk3sllxxio5kt3i,did:plc:ys4of6tshyfdkfh64midtaj4,geofon.bsky.social,,
83fd3da1571945f78ee1ec3456c3980a,2026-02-27T20:00:00Z,2026-02-27T20:17:16Z,auth,auth_enUS_labelerexp,at://did:plc:lpl45lei6abqpvmet5htdbtb/app.bsky.feed.generator/aaakc72k5sgcs,suggested_labelerexp,30,at://did:plc:ifg75jgej6jmqi3oreeswp4b/app.bsky.feed.post/3mfu5kjcays27,bafyreihcnvdtpcjakg6573eyprm22qvzn6eyjahxemsxgvhjcvwairhnea,did:plc:ifg75jgej6jmqi3oreeswp4b,paulmac.bsky.social,,
83fd3da1571945f78ee1ec3456c3980a,2026-02-27T20:00:00Z,2026-02-27T20:17:16Z,auth,auth_enUS_labelerexp,at://did:plc:lpl45lei6abqpvmet5htdbtb/app.bsky.feed.generator/aaakc72k5sgcs,suggested_labelerexp,31,at://did:plc:ys4of6tshyfdkfh64midtaj4/app.bsky.feed.post/3mfu5dvrazm2l,bafyreibhb3nel4nogwmeneq77cj6k7fjzh6eqx42pfjzvslk6pccgdmdfi,did:plc:ys4of6tshyfdkfh64midtaj4,geofon.bsky.social,,
83fd3da1571945f78ee1ec3456c3980a,2026-02-27T20:00:00Z,2026-02-27T20:17:16Z,auth,auth_enUS_labelerexp,at://did:plc:lpl45lei6abqpvmet5htdbtb/app.bsky.feed.generator/aaakc72k5sgcs,suggested_labelerexp,32,at://did:plc:ifg75jgej6jmqi3oreeswp4b/app.bsky.feed.post/3mfu55jnvoc2h,bafyreibgqidlvjs2pxvrqaximpaxt5nhbrzcpjp6j673w3ylhnaofcjus4,did:plc:ifg75jgej6jmqi3oreeswp4b,paulmac.bsky.social,,
83fd3da1571945f78ee1ec3456c3980a,2026-02-27T20:00:00Z,2026-02-27T20:17:16Z,auth,auth_enUS_labelerexp,at://did:plc:lpl45lei6abqpvmet5htdbtb/app.bsky.feed.generator/aaakc72k5sgcs,suggested_labelerexp,33,at://did:plc:ifg75jgej6jmqi3oreeswp4b/app.bsky.feed.post/3mfu4vnnm2k2w,bafyreibndzqbvpg7rhu6uwiyseaphswqn634fn2amfrpln6zrhsqtokxoq,did:plc:ifg75jgej6jmqi3oreeswp4b,paulmac.bsky.social,,
83fd3da1571945f78ee1ec3456c3980a,2026-02-27T20:00:00Z,2026-02-27T20:17:16Z,auth,auth_enUS_labelerexp,at://did:plc:lpl45lei6abqpvmet5htdbtb/app.bsky.feed.generator/aaakc72k5sgcs,suggested_labelerexp,34,at://did:plc:b7prcjiah2l6qjvyonv7vb5g/app.bsky.feed.post/3mfu4r7r45s2w,bafyreidfhyngpww44cixyldi3woj3zakgzcyfusahdd56maknx6nww4m2m,did:plc:b7prcjiah2l6qjvyonv7vb5g,earthsciweek.bsky.social,,
83fd3da1571945f78ee1ec3456c3980a,2026-02-27T20:00:00Z,2026-02-27T20:17:16Z,auth,auth_enUS_labelerexp,at://did:plc:lpl45lei6abqpvmet5htdbtb/app.bsky.feed.generator/aaakc72k5sgcs,suggested_labelerexp,35,at://did:plc:ifg75jgej6jmqi3oreeswp4b/app.bsky.feed.post/3mfu3owygfs25,bafyreifylgpbsjlj5weysflmzztwwpnyb7bpbbpkqnf7vkx7fbastw4vga,did:plc:ifg75jgej6jmqi3oreeswp4b,paulmac.bsky.social,,
83fd3da1571945f78ee1ec3456c3980a,2026-02-27T20:00:00Z,2026-02-27T20:17:16Z,auth,auth_enUS_labelerexp,at://did:plc:lpl45lei6abqpvmet5htdbtb/app.bsky.feed.generator/aaakc72k5sgcs,suggested_labelerexp,36,at://did:plc:yfaliaicwgludjxc4ipkkyj5/app.bsky.feed.post/3mfu3nu22d22x,bafyreihvj5vugfuk6tx2fbysfxg2d64zjpp2yb634eetm6dzwg5qjs7eoa,did:plc:yfaliaicwgludjxc4ipkkyj5,mikekling9.bsky.social,,
83fd3da1571945f78ee1ec3456c3980a,2026-02-27T20:00:00Z,2026-02-27T20:17:16Z,auth,auth_enUS_labelerexp,at://did:plc:lpl45lei6abqpvmet5htdbtb/app.bsky.feed.generator/aaakc72k5sgcs,suggested_labelerexp,37,at://did:plc:6qvtv2wobv7bnpsc3p2y2kgx/app.bsky.feed.post/3mfu3i4g5ys2w,bafyreiaabtww2pez5m2f3k6lombt3rjpn4gmlkgb6at4upickcjudd7w7q,did:plc:6qvtv2wobv7bnpsc3p2y2kgx,ferwen.bsky.social,,
83fd3da1571945f78ee1ec3456c3980a,2026-02-27T20:00:00Z,2026-02-27T20:17:16Z,auth,auth_enUS_labelerexp,at://did:plc:lpl45lei6abqpvmet5htdbtb/app.bsky.feed.generator/aaakc72k5sgcs,suggested_labelerexp,38,at://did:plc:kahyzbnoef4xfuoldtd4eork/app.bsky.feed.post/3mfu3h5qvmc2r,bafyreigggg7itrxdxu5azd3atmqswmpuzfqm5ktzg3z47ienh5uff36t3y,did:plc:kahyzbnoef4xfuoldtd4eork,julieelliott.bsky.social,,
83fd3da1571945f78ee1ec3456c3980a,2026-02-27T20:00:00Z,2026-02-27T20:17:16Z,auth,auth_enUS_labelerexp,at://did:plc:lpl45lei6abqpvmet5htdbtb/app.bsky.feed.generator/aaakc72k5sgcs,suggested_labelerexp,39,at://did:plc:egpjeq4etdp6pkxqutll5wsd/app.bsky.feed.post/3mfu3gmdlpv2c,bafyreihwv7jwzdtzdoayilv75fibahc7dvrgwiino2lr6oo3t4wnlbvwfq,did:plc:egpjeq4etdp6pkxqutll5wsd,setiinstitute.bsky.social,,
83fd3da1571945f78ee1ec3456c3980a,2026-02-27T20:00:00Z,2026-02-27T20:17:16Z,auth,auth_enUS_labelerexp,at://did:plc:lpl45lei6abqpvmet5htdbtb/app.bsky.feed.generator/aaakc72k5sgcs,suggested_labelerexp,40,at://did:plc:egpjeq4etdp6pkxqutll5wsd/app.bsky.feed.post/3mfu3glt3a226,bafyreigjd3a7hjxclkx64thbhmwanimejve5t6cbb53elqdddohv3shec4,did:plc:egpjeq4etdp6pkxqutll5wsd,setiinstitute.bsky.social,,
83fd3da1571945f78ee1ec3456c3980a,2026-02-27T20:00:00Z,2026-02-27T20:17:16Z,auth,auth_enUS_labelerexp,at://did:plc:lpl45lei6abqpvmet5htdbtb/app.bsky.feed.generator/aaakc72k5sgcs,suggested_labelerexp,41,at://did:plc:whciqqnfgulo7bqlyfukyi37/app.bsky.feed.post/3mfu3gaumnj2j,bafyreieoibz5ccpeuqqkfvb6qap7lb7rycbpmcdgx63bxouolsiiz3nbwu,did:plc:whciqqnfgulo7bqlyfukyi37,seismosocam.bsky.social,,
83fd3da1571945f78ee1ec3456c3980a,2026-02-27T20:00:00Z,2026-02-27T20:17:16Z,auth,auth_enUS_labelerexp,at://did:plc:lpl45lei6abqpvmet5htdbtb/app.bsky.feed.generator/aaakc72k5sgcs,suggested_labelerexp,42,at://did:plc:w6tfkgfuabjb6632rsna7kr2/app.bsky.feed.post/3mfu3ej6f7k2j,bafyreihjfljzi6ddngwcygsaf75gqp2aicgstki3fvho7zn52vy3xlc6qi,did:plc:w6tfkgfuabjb6632rsna7kr2,natgeosci.nature.com,,
83fd3da1571945f78ee1ec3456c3980a,2026-02-27T20:00:00Z,2026-02-27T20:17:16Z,auth,auth_enUS_labelerexp,at://did:plc:lpl45lei6abqpvmet5htdbtb/app.bsky.feed.generator/aaakc72k5sgcs,suggested_labelerexp,43,at://did:plc:yty4vdmopr67ohvv5x2upxlw/app.bsky.feed.post/3mfu3ccx35k2g,bafyreia7tricmupxd43to64c6hfme6ulzgrn27ritisuv724gf5axvcn6m,did:plc:yty4vdmopr67ohvv5x2upxlw,seabedhabitats.bsky.social,,
83fd3da1571945f78ee1ec3456c3980a,2026-02-27T20:00:00Z,2026-02-27T20:17:16Z,auth,auth_enUS_labelerexp,at://did:plc:lpl45lei6abqpvmet5htdbtb/app.bsky.feed.generator/aaakc72k5sgcs,suggested_labelerexp,44,at://did:plc:ufufhaxc74cfl7fpjccykkyh/app.bsky.feed.post/3mfu37la6tk2g,bafyreiheuptp5tz5jomry2hdu4n4qedxgoq77tylhm4wcrs2tqslgq4e34,did:plc:ufufhaxc74cfl7fpjccykkyh,watershedlab.bsky.social,,
83fd3da1571945f78ee1ec3456c3980a,2026-02-27T20:00:00Z,2026-02-27T20:17:16Z,auth,auth_enUS_labelerexp,at://did:plc:lpl45lei6abqpvmet5htdbtb/app.bsky.feed.generator/aaakc72k5sgcs,suggested_labelerexp,45,at://did:plc:ifg75jgej6jmqi3oreeswp4b/app.bsky.feed.post/3mfu2z72ipk2l,bafyreif3lc5p7eg6ojj7zjreid3ihv7zegubtjzimdoqgxhmst7rmd22xi,did:plc:ifg75jgej6jmqi3oreeswp4b,paulmac.bsky.social,,
83fd3da1571945f78ee1ec3456c3980a,2026-02-27T20:00:00Z,2026-02-27T20:17:16Z,auth,auth_enUS_labelerexp,at://did:plc:lpl45lei6abqpvmet5htdbtb/app.bsky.feed.generator/aaakc72k5sgcs,suggested_labelerexp,46,at://did:plc:ifg75jgej6jmqi3oreeswp4b/app.bsky.feed.post/3mfu2eletwc2g,bafyreibgv4egr2m5tdrb7ctmbwf642dc5eratniinjmp6x3zg66fjmabou,did:plc:ifg75jgej6jmqi3oreeswp4b,paulmac.bsky.social,,
83fd3da1571945f78ee1ec3456c3980a,2026-02-27T20:00:00Z,2026-02-27T20:17:16Z,auth,auth_enUS_labelerexp,at://did:plc:lpl45lei6abqpvmet5htdbtb/app.bsky.feed.generator/aaakc72k5sgcs,suggested_labelerexp,47,at://did:plc:ifg75jgej6jmqi3oreeswp4b/app.bsky.feed.post/3mfu23xbao22i,bafyreihda5e3oz7jbkrxqgdsswym272lftqgmxaapcwe7v77vwoi3owqjq,did:plc:ifg75jgej6jmqi3oreeswp4b,paulmac.bsky.social,,
83fd3da1571945f78ee1ec3456c3980a,2026-02-27T20:00:00Z,2026-02-27T20:17:16Z,auth,auth_enUS_labelerexp,at://did:plc:lpl45lei6abqpvmet5htdbtb/app.bsky.feed.generator/aaakc72k5sgcs,suggested_labelerexp,48,at://did:plc:mdfwmxmpcyzyo2vvjwhdzmeo/app.bsky.feed.post/3mftzu7b7k22d,bafyreief2opb7c7rjfym3dairsjzqmkvmo7ln4g4k57mdjptxb4lj6uaua,did:plc:mdfwmxmpcyzyo2vvjwhdzmeo,ladynaturalist.bsky.social,,
83fd3da1571945f78ee1ec3456c3980a,2026-02-27T20:00:00Z,2026-02-27T20:17:16Z,auth,auth_enUS_labelerexp,at://did:plc:lpl45lei6abqpvmet5htdbtb/app.bsky.feed.generator/aaakc72k5sgcs,suggested_labelerexp,49,at://did:plc:ywwbhwuq4sszjve7kdshnahd/app.bsky.feed.post/3mftztwfz222k,bafyreigc3b3c2lj5jetvvq72vgny336ybflmcp4dcjbarkc2sequgwhrm4,did:plc:ywwbhwuq4sszjve7kdshnahd,obialik.bsky.social,,
83fd3da1571945f78ee1ec3456c3980a,2026-02-27T20:00:00Z,2026-02-27T20:17:16Z,auth,auth_enUS_labelerexp,at://did:plc:lpl45lei6abqpvmet5htdbtb/app.bsky.feed.generator/aaakc72k5sgcs,suggested_labelerexp,50,at://did:plc:ywwbhwuq4sszjve7kdshnahd/app.bsky.feed.post/3mftztt6y622k,bafyreic2dtgqwn6vaq2z4j3x4u6cyfgmqj3yelubpeglurvzf5c4gfjnzy,did:plc:ywwbhwuq4sszjve7kdshnahd,obialik.bsky.social,,
83fd3da1571945f78ee1ec3456c3980a,2026-02-27T20:00:00Z,2026-02-27T20:17:17Z,auth,auth_enUS_labelerexp,at://did:plc:mlq4aycufcuolr7ax6sezpc4/app.bsky.feed.generator/aaad2auzj4ana,suggested_labelerexp,1,at://did:plc:kssexgfjoqhscgsxaq2wbutr/app.bsky.feed.post/3mfudnfivxc2z,bafyreia55oaqcwkoeb2f3w5wvg23cgfczyzbptl33apq4ys4bmdxocyylu,did:plc:kssexgfjoqhscgsxaq2wbutr,direbecca.bsky.social,,
83fd3da1571945f78ee1ec3456c3980a,2026-02-27T20:00:00Z,2026-02-27T20:17:17Z,auth,auth_enUS_labelerexp,at://did:plc:mlq4aycufcuolr7ax6sezpc4/app.bsky.feed.generator/aaad2auzj4ana,suggested_labelerexp,2,at://did:plc:gmmq4h2v67dhjfla3wz63o66/app.bsky.feed.post/3mfua6w26gk23,bafyreifbio5tdsdztuzgvgfncm3nfdoza5fgyqnjbnwrfotco5w7ooxf44,did:plc:gmmq4h2v67dhjfla3wz63o66,secondnaturemb.bsky.social,,
83fd3da1571945f78ee1ec3456c3980a,2026-02-27T20:00:00Z,2026-02-27T20:17:17Z,auth,auth_enUS_labelerexp,at://did:plc:mlq4aycufcuolr7ax6sezpc4/app.bsky.feed.generator/aaad2auzj4ana,suggested_labelerexp,3,at://did:plc:2pzh6omi4v7vqar6qs6ris6z/app.bsky.feed.post/3mfu6utk24k27,bafyreiekogjxd3zcid6ajbncyzew3pvpgrmcsoaip3uownpvme7fjdzzlq,did:plc:2pzh6omi4v7vqar6qs6ris6z,toxicoradica.bsky.social,,
83fd3da1571945f78ee1ec3456c3980a,2026-02-27T20:00:00Z,2026-02-27T20:17:17Z,auth,auth_enUS_labelerexp,at://did:plc:mlq4aycufcuolr7ax6sezpc4/app.bsky.feed.generator/aaad2auzj4ana,suggested_labelerexp,4,at://did:plc:3vqwfcvzsmfyel6uuj66c2as/app.bsky.feed.post/3mfu44owjgk2x,bafyreiekg3be4x23ew76wjvtp5umjutkfen3c7p3vnao5ybawpnxueayqi,did:plc:3vqwfcvzsmfyel6uuj66c2as,frwildflowers.bsky.social,,
83fd3da1571945f78ee1ec3456c3980a,2026-02-27T20:00:00Z,2026-02-27T20:17:17Z,auth,auth_enUS_labelerexp,at://did:plc:mlq4aycufcuolr7ax6sezpc4/app.bsky.feed.generator/aaad2auzj4ana,suggested_labelerexp,5,at://did:plc:3vqwfcvzsmfyel6uuj66c2as/app.bsky.feed.post/3mftxptgftk2i,bafyreicheucd4olhwnolomyw2rrurpeicg74j3ctxrggsyjikv5buln64m,did:plc:3vqwfcvzsmfyel6uuj66c2as,frwildflowers.bsky.social,,
83fd3da1571945f78ee1ec3456c3980a,2026-02-27T20:00:00Z,2026-02-27T20:17:17Z,auth,auth_enUS_labelerexp,at://did:plc:mlq4aycufcuolr7ax6sezpc4/app.bsky.feed.generator/aaad2auzj4ana,suggested_labelerexp,6,at://did:plc:3vqwfcvzsmfyel6uuj66c2as/app.bsky.feed.post/3mftxn3xpak2i,bafyreiej6inj4brmyldrca6ywt6v6qyq5kfsvvmhts6dxho5iw6mcpyipm,did:plc:3vqwfcvzsmfyel6uuj66c2as,frwildflowers.bsky.social,,
83fd3da1571945f78ee1ec3456c3980a,2026-02-27T20:00:00Z,2026-02-27T20:17:17Z,auth,auth_enUS_labelerexp,at://did:plc:mlq4aycufcuolr7ax6sezpc4/app.bsky.feed.generator/aaad2auzj4ana,suggested_labelerexp,7,at://did:plc:ylvjkvcjyosjqhn7lsoxbf3x/app.bsky.feed.post/3mftpjlnpz22c,bafyreie2xe7pebrhtgjex4ao3hjqao4cbfybiocxmjveqg56qca5qcs6zi,did:plc:ylvjkvcjyosjqhn7lsoxbf3x,gettoknownature.bsky.social,,
83fd3da1571945f78ee1ec3456c3980a,2026-02-27T20:00:00Z,2026-02-27T20:17:17Z,auth,auth_enUS_labelerexp,at://did:plc:mlq4aycufcuolr7ax6sezpc4/app.bsky.feed.generator/aaad2auzj4ana,suggested_labelerexp,8,at://did:plc:ylvjkvcjyosjqhn7lsoxbf3x/app.bsky.feed.post/3mfsthzycqs2z,bafyreif6bgz5tzuxnuzmos3jjxgb5idi3zjged252ygjxts3l23th3wucy,did:plc:ylvjkvcjyosjqhn7lsoxbf3x,gettoknownature.bsky.social,,
83fd3da1571945f78ee1ec3456c3980a,2026-02-27T20:00:00Z,2026-02-27T20:17:17Z,auth,auth_enUS_labelerexp,at://did:plc:mlq4aycufcuolr7ax6sezpc4/app.bsky.feed.generator/aaad2auzj4ana,suggested_labelerexp,9,at://did:plc:3vqwfcvzsmfyel6uuj66c2as/app.bsky.feed.post/3mfsoruln622n,bafyreiahikluztjcre7anroxll6pkv4sbwk6hjlkp7ntttj4brz2fvgj5u,did:plc:3vqwfcvzsmfyel6uuj66c2as,frwildflowers.bsky.social,,
83fd3da1571945f78ee1ec3456c3980a,2026-02-27T20:00:00Z,2026-02-27T20:17:17Z,auth,auth_enUS_labelerexp,at://did:plc:mlq4aycufcuolr7ax6sezpc4/app.bsky.feed.generator/aaad2auzj4ana,suggested_labelerexp,10,at://did:plc:wyndbgnty3qf6npsajttrucx/app.bsky.feed.post/3mfsgqi5muc2o,bafyreidudumovant5o4tim2xphnlz6desssilutkwpd7kwe6gqloetssqq,did:plc:wyndbgnty3qf6npsajttrucx,simonhco.bsky.social,,
83fd3da1571945f78ee1ec3456c3980a,2026-02-27T20:00:00Z,2026-02-27T20:17:17Z,auth,auth_enUS_labelerexp,at://did:plc:mlq4aycufcuolr7ax6sezpc4/app.bsky.feed.generator/aaad2auzj4ana,suggested_labelerexp,11,at://did:plc:wyndbgnty3qf6npsajttrucx/app.bsky.feed.post/3mfscg34dx22o,bafyreihjwinuunm4nfltminqxrqg5adszs2bk6k5nrw2krocghusrkujtm,did:plc:wyndbgnty3qf6npsajttrucx,simonhco.bsky.social,,
83fd3da1571945f78ee1ec3456c3980a,2026-02-27T20:00:00Z,2026-02-27T20:17:17Z,auth,auth_enUS_labelerexp,at://did:plc:mlq4aycufcuolr7ax6sezpc4/app.bsky.feed.generator/aaad2auzj4ana,suggested_labelerexp,12,at://did:plc:u2mosg3rpudwmobbyxt46buk/app.bsky.feed.post/3mfsafndh7c2e,bafyreiaqi3bynnf5qjqfyavxobxlgvbihzk7csuixg4w5wbjbtlz3cutki,did:plc:u2mosg3rpudwmobbyxt46buk,hellabarnes.bsky.social,,
83fd3da1571945f78ee1ec3456c3980a,2026-02-27T20:00:00Z,2026-02-27T20:17:17Z,auth,auth_enUS_labelerexp,at://did:plc:mlq4aycufcuolr7ax6sezpc4/app.bsky.feed.generator/aaad2auzj4ana,suggested_labelerexp,13,at://did:plc:kssexgfjoqhscgsxaq2wbutr/app.bsky.feed.post/3mfrstzic2s27,bafyreiehjd2h5svr6xx7gdqniloq5petamg5jpufpwcurp5bc5gz7a47za,did:plc:kssexgfjoqhscgsxaq2wbutr,direbecca.bsky.social,,
83fd3da1571945f78ee1ec3456c3980a,2026-02-27T20:00:00Z,2026-02-27T20:17:17Z,auth,auth_enUS_labelerexp,at://did:plc:mlq4aycufcuolr7ax6sezpc4/app.bsky.feed.generator/aaad2auzj4ana,suggested_labelerexp,14,at://did:plc:gmmq4h2v67dhjfla3wz63o66/app.bsky.feed.post/3mfrls6of522l,bafyreihymbxt4vusmg6qwrljpe7zkxuxmjhgid2npzw3sfe57gijgu7bwi,did:plc:gmmq4h2v67dhjfla3wz63o66,secondnaturemb.bsky.social,,
83fd3da1571945f78ee1ec3456c3980a,2026-02-27T20:00:00Z,2026-02-27T20:17:17Z,auth,auth_enUS_labelerexp,at://did:plc:mlq4aycufcuolr7ax6sezpc4/app.bsky.feed.generator/aaad2auzj4ana,suggested_labelerexp,15,at://did:plc:3vqwfcvzsmfyel6uuj66c2as/app.bsky.feed.post/3mfrirsnhac2t,bafyreiarw75aq2jlvczsg2663gzejaatft22h3xcfaghhcmrglneozslqy,did:plc:3vqwfcvzsmfyel6uuj66c2as,frwildflowers.bsky.social,,
83fd3da1571945f78ee1ec3456c3980a,2026-02-27T20:00:00Z,2026-02-27T20:17:17Z,auth,auth_enUS_labelerexp,at://did:plc:mlq4aycufcuolr7ax6sezpc4/app.bsky.feed.generator/aaad2auzj4ana,suggested_labelerexp,16,at://did:plc:3vqwfcvzsmfyel6uuj66c2as/app.bsky.feed.post/3mfrijcehsk2t,bafyreiflay4i754jwix34t3lqdvf3na63o3ytkdsbiv22wfmucvbtn2vhq,did:plc:3vqwfcvzsmfyel6uuj66c2as,frwildflowers.bsky.social,,
83fd3da1571945f78ee1ec3456c3980a,2026-02-27T20:00:00Z,2026-02-27T20:17:17Z,auth,auth_enUS_labelerexp,at://did:plc:mlq4aycufcuolr7ax6sezpc4/app.bsky.feed.generator/aaad2auzj4ana,suggested_labelerexp,17,at://did:plc:3vqwfcvzsmfyel6uuj66c2as/app.bsky.feed.post/3mfri7iy4lc2t,bafyreia7jiukyni2jh6v22fhg6ug653bdjfzh4jamc5wsv3aj2vitah27y,did:plc:3vqwfcvzsmfyel6uuj66c2as,frwildflowers.bsky.social,,
83fd3da1571945f78ee1ec3456c3980a,2026-02-27T20:00:00Z,2026-02-27T20:17:17Z,auth,auth_enUS_labelerexp,at://did:plc:mlq4aycufcuolr7ax6sezpc4/app.bsky.feed.generator/aaad2auzj4ana,suggested_labelerexp,18,at://did:plc:3vqwfcvzsmfyel6uuj66c2as/app.bsky.feed.post/3mfri3tdtkc2t,bafyreiggwevzwhj7w27sb4gr34ub3ftswmx7pibqbhsyyggjuroqfbztm4,did:plc:3vqwfcvzsmfyel6uuj66c2as,frwildflowers.bsky.social,,
83fd3da1571945f78ee1ec3456c3980a,2026-02-27T20:00:00Z,2026-02-27T20:17:17Z,auth,auth_enUS_labelerexp,at://did:plc:mlq4aycufcuolr7ax6sezpc4/app.bsky.feed.generator/aaad2auzj4ana,suggested_labelerexp,19,at://did:plc:3vqwfcvzsmfyel6uuj66c2as/app.bsky.feed.post/3mfrhvdi6z22t,bafyreietsetr7h2xxdrdkxapig5tr6ga5vy7azhjhhuadfgkeyaiujce7q,did:plc:3vqwfcvzsmfyel6uuj66c2as,frwildflowers.bsky.social,,
83fd3da1571945f78ee1ec3456c3980a,2026-02-27T20:00:00Z,2026-02-27T20:17:17Z,auth,auth_enUS_labelerexp,at://did:plc:mlq4aycufcuolr7ax6sezpc4/app.bsky.feed.generator/aaad2auzj4ana,suggested_labelerexp,20,at://did:plc:3vqwfcvzsmfyel6uuj66c2as/app.bsky.feed.post/3mfrhal2mvc2t,bafyreigmlr4u32qdplk242pb6rwknc4zejzkdouiryauc74ksneizaud2q,did:plc:3vqwfcvzsmfyel6uuj66c2as,frwildflowers.bsky.social,,
83fd3da1571945f78ee1ec3456c3980a,2026-02-27T20:00:00Z,2026-02-27T20:17:17Z,auth,auth_enUS_labelerexp,at://did:plc:mlq4aycufcuolr7ax6sezpc4/app.bsky.feed.generator/aaad2auzj4ana,suggested_labelerexp,21,at://did:plc:3vqwfcvzsmfyel6uuj66c2as/app.bsky.feed.post/3mfrgqnrh4s2t,bafyreia75ogcz76gmoud2i4fqx6v3uh3qghjgokxhxjoe7ecmhxqo7tlla,did:plc:3vqwfcvzsmfyel6uuj66c2as,frwildflowers.bsky.social,,
83fd3da1571945f78ee1ec3456c3980a,2026-02-27T20:00:00Z,2026-02-27T20:17:17Z,auth,auth_enUS_labelerexp,at://did:plc:mlq4aycufcuolr7ax6sezpc4/app.bsky.feed.generator/aaad2auzj4ana,suggested_labelerexp,22,at://did:plc:ylvjkvcjyosjqhn7lsoxbf3x/app.bsky.feed.post/3mfrc7wb35s2i,bafyreif6fuy6ay2m6jizhl5fimdtqon63pepp2fc2rbeg7zgu6z5xwwvsy,did:plc:ylvjkvcjyosjqhn7lsoxbf3x,gettoknownature.bsky.social,,
83fd3da1571945f78ee1ec3456c3980a,2026-02-27T20:00:00Z,2026-02-27T20:17:17Z,auth,auth_enUS_labelerexp,at://did:plc:mlq4aycufcuolr7ax6sezpc4/app.bsky.feed.generator/aaad2auzj4ana,suggested_labelerexp,23,at://did:plc:3vqwfcvzsmfyel6uuj66c2as/app.bsky.feed.post/3mfpq5h6cy22a,bafyreiftwqhpnvkqqxx7jzgeyup4545kmbafibvoq4q763wvtgfonlysda,did:plc:3vqwfcvzsmfyel6uuj66c2as,frwildflowers.bsky.social,,
83fd3da1571945f78ee1ec3456c3980a,2026-02-27T20:00:00Z,2026-02-27T20:17:17Z,auth,auth_enUS_labelerexp,at://did:plc:mlq4aycufcuolr7ax6sezpc4/app.bsky.feed.generator/aaad2auzj4ana,suggested_labelerexp,24,at://did:plc:3vqwfcvzsmfyel6uuj66c2as/app.bsky.feed.post/3mfpj4hxvjs2y,bafyreib7t6zfrmslxloesfyy7epbbjlfz5vqmr2rhi5inf75j7jgveowtu,did:plc:3vqwfcvzsmfyel6uuj66c2as,frwildflowers.bsky.social,,
83fd3da1571945f78ee1ec3456c3980a,2026-02-27T20:00:00Z,2026-02-27T20:17:17Z,auth,auth_enUS_labelerexp,at://did:plc:mlq4aycufcuolr7ax6sezpc4/app.bsky.feed.generator/aaad2auzj4ana,suggested_labelerexp,25,at://did:plc:ylvjkvcjyosjqhn7lsoxbf3x/app.bsky.feed.post/3mfpgv3z46s2l,bafyreihiqfop5ui3l6joxoyu7s2swh63wir4ezy3c56ops4yhdez2smgne,did:plc:ylvjkvcjyosjqhn7lsoxbf3x,gettoknownature.bsky.social,,
83fd3da1571945f78ee1ec3456c3980a,2026-02-27T20:00:00Z,2026-02-27T20:17:17Z,auth,auth_enUS_labelerexp,at://did:plc:mlq4aycufcuolr7ax6sezpc4/app.bsky.feed.generator/aaad2auzj4ana,suggested_labelerexp,26,at://did:plc:kssexgfjoqhscgsxaq2wbutr/app.bsky.feed.post/3mfpgo5gakc27,bafyreihwe6sjuqrkxxam53k25llumjy7ucjs4mxziv2ru7cxu63coke2oe,did:plc:kssexgfjoqhscgsxaq2wbutr,direbecca.bsky.social,,
83fd3da1571945f78ee1ec3456c3980a,2026-02-27T20:00:00Z,2026-02-27T20:17:17Z,auth,auth_enUS_labelerexp,at://did:plc:mlq4aycufcuolr7ax6sezpc4/app.bsky.feed.generator/aaad2auzj4ana,suggested_labelerexp,27,at://did:plc:wki3situznt4nlpxsecad2sv/app.bsky.feed.post/3mfpeixxdok24,bafyreie3j3jqej56szu7brfd4tlgfdyj23xju5canab2ypes7djocnxtjm,did:plc:wki3situznt4nlpxsecad2sv,amylawscigeek.bsky.social,,
83fd3da1571945f78ee1ec3456c3980a,2026-02-27T20:00:00Z,2026-02-27T20:17:17Z,auth,auth_enUS_labelerexp,at://did:plc:mlq4aycufcuolr7ax6sezpc4/app.bsky.feed.generator/aaad2auzj4ana,suggested_labelerexp,28,at://did:plc:mx6xg27lzd3ozjdypvtict77/app.bsky.feed.post/3mfp7er4xas2t,bafyreicachs2p7zhmlm3ajmofbrypfrbxajw6ajchtvv7zi55dv2lqjdh4,did:plc:mx6xg27lzd3ozjdypvtict77,lhcrt.org.uk,,
83fd3da1571945f78ee1ec3456c3980a,2026-02-27T20:00:00Z,2026-02-27T20:17:17Z,auth,auth_enUS_labelerexp,at://did:plc:mlq4aycufcuolr7ax6sezpc4/app.bsky.feed.generator/aaad2auzj4ana,suggested_labelerexp,29,at://did:plc:2ptqgg335yb5negavlhu6g6s/app.bsky.feed.post/3mfp5nhezl22u,bafyreiaxi6h4kqzykaskdz3rhurntolshb2r67eujewrkeqesb3afhj44m,did:plc:2ptqgg335yb5negavlhu6g6s,jfmclaughlin92.bsky.social,,
83fd3da1571945f78ee1ec3456c3980a,2026-02-27T20:00:00Z,2026-02-27T20:17:17Z,auth,auth_enUS_labelerexp,at://did:plc:mlq4aycufcuolr7ax6sezpc4/app.bsky.feed.generator/aaad2auzj4ana,suggested_labelerexp,30,at://did:plc:3vqwfcvzsmfyel6uuj66c2as/app.bsky.feed.post/3mfozqn6nys2a,bafyreihqbs5jz3n6zerx3p2jdhzkckongemlrxv3jlwyinrgfvujpxsnme,did:plc:3vqwfcvzsmfyel6uuj66c2as,frwildflowers.bsky.social,,
83fd3da1571945f78ee1ec3456c3980a,2026-02-27T20:00:00Z,2026-02-27T20:17:17Z,auth,auth_enUS_labelerexp,at://did:plc:mlq4aycufcuolr7ax6sezpc4/app.bsky.feed.generator/aaad2auzj4ana,suggested_labelerexp,31,at://did:plc:3vqwfcvzsmfyel6uuj66c2as/app.bsky.feed.post/3mfnqeoutek2d,bafyreiddm7jclxtl7mksokmqd75eodms66jthc36y7covtcwa6z6kjgcxa,did:plc:3vqwfcvzsmfyel6uuj66c2as,frwildflowers.bsky.social,,
83fd3da1571945f78ee1ec3456c3980a,2026-02-27T20:00:00Z,2026-02-27T20:17:17Z,auth,auth_enUS_labelerexp,at://did:plc:mlq4aycufcuolr7ax6sezpc4/app.bsky.feed.generator/aaad2auzj4ana,suggested_labelerexp,32,at://did:plc:66x6tziyavg3nmt3x46xu2bw/app.bsky.feed.post/3mfnobpurrk2d,bafyreifcksw6kkqd3ltrjb5ah2tnric26qwkpqowsjmz62acfsqblx5xmm,did:plc:66x6tziyavg3nmt3x46xu2bw,wearegonnafindout.bsky.social,,
83fd3da1571945f78ee1ec3456c3980a,2026-02-27T20:00:00Z,2026-02-27T20:17:17Z,auth,auth_enUS_labelerexp,at://did:plc:mlq4aycufcuolr7ax6sezpc4/app.bsky.feed.generator/aaad2auzj4ana,suggested_labelerexp,33,at://did:plc:3vqwfcvzsmfyel6uuj66c2as/app.bsky.feed.post/3mfnlvaxoz22z,bafyreihl6zwvcvfpnhifkn5ijwf7qszo4fax5lmpoxoc3xgbsugs4hxwjm,did:plc:3vqwfcvzsmfyel6uuj66c2as,frwildflowers.bsky.social,,
83fd3da1571945f78ee1ec3456c3980a,2026-02-27T20:00:00Z,2026-02-27T20:17:17Z,auth,auth_enUS_labelerexp,at://did:plc:mlq4aycufcuolr7ax6sezpc4/app.bsky.feed.generator/aaad2auzj4ana,suggested_labelerexp,34,at://did:plc:vxnpq3p6zwcbc7db2nalh7z6/app.bsky.feed.post/3mfnl6l7uvk2p,bafyreicd7uyvlb6qxjgowr7rth6yvebqt5an2q7iml42ozx34qv4aajvim,did:plc:vxnpq3p6zwcbc7db2nalh7z6,saugepsarahb.bsky.social,,
83fd3da1571945f78ee1ec3456c3980a,2026-02-27T20:00:00Z,2026-02-27T20:17:17Z,auth,auth_enUS_labelerexp,at://did:plc:mlq4aycufcuolr7ax6sezpc4/app.bsky.feed.generator/aaad2auzj4ana,suggested_labelerexp,35,at://did:plc:3vqwfcvzsmfyel6uuj66c2as/app.bsky.feed.post/3mfnl2g5cic2y,bafyreiccxuo6qzefuf2gtxqepie5pk4g6rob5m44qoow24hpdafbj7nd4i,did:plc:3vqwfcvzsmfyel6uuj66c2as,frwildflowers.bsky.social,,
83fd3da1571945f78ee1ec3456c3980a,2026-02-27T20:00:00Z,2026-02-27T20:17:17Z,auth,auth_enUS_labelerexp,at://did:plc:mlq4aycufcuolr7ax6sezpc4/app.bsky.feed.generator/aaad2auzj4ana,suggested_labelerexp,36,at://did:plc:3vqwfcvzsmfyel6uuj66c2as/app.bsky.feed.post/3mfnkkxnbds2y,bafyreiazcapasaor2edxn7sscp24yt2moeom65lzrb3gnq5oygvypkgtdy,did:plc:3vqwfcvzsmfyel6uuj66c2as,frwildflowers.bsky.social,,
83fd3da1571945f78ee1ec3456c3980a,2026-02-27T20:00:00Z,2026-02-27T20:17:17Z,auth,auth_enUS_labelerexp,at://did:plc:mlq4aycufcuolr7ax6sezpc4/app.bsky.feed.generator/aaad2auzj4ana,suggested_labelerexp,37,at://did:plc:3vqwfcvzsmfyel6uuj66c2as/app.bsky.feed.post/3mfnjyckwys2y,bafyreiekmwowcqw4ouaasugda5noeqiycsg537dfmpgcahyputej5islnm,did:plc:3vqwfcvzsmfyel6uuj66c2as,frwildflowers.bsky.social,,
83fd3da1571945f78ee1ec3456c3980a,2026-02-27T20:00:00Z,2026-02-27T20:17:17Z,auth,auth_enUS_labelerexp,at://did:plc:mlq4aycufcuolr7ax6sezpc4/app.bsky.feed.generator/aaad2auzj4ana,suggested_labelerexp,38,at://did:plc:ylvjkvcjyosjqhn7lsoxbf3x/app.bsky.feed.post/3mfndwlmocc2j,bafyreihtl36kqxrtt27kol6zgecmzuh73edb57qcyirnwfpykaym3dfeea,did:plc:ylvjkvcjyosjqhn7lsoxbf3x,gettoknownature.bsky.social,,
83fd3da1571945f78ee1ec3456c3980a,2026-02-27T20:00:00Z,2026-02-27T20:17:17Z,auth,auth_enUS_labelerexp,at://did:plc:mlq4aycufcuolr7ax6sezpc4/app.bsky.feed.generator/aaad2auzj4ana,suggested_labelerexp,39,at://did:plc:3vqwfcvzsmfyel6uuj66c2as/app.bsky.feed.post/3mfn2hxpsuk2e,bafyreig5tbwdtmn4pdq6q2boukpyq2wpgf6oocgm6x7fgaxu2y4m6wfjpm,did:plc:3vqwfcvzsmfyel6uuj66c2as,frwildflowers.bsky.social,,
83fd3da1571945f78ee1ec3456c3980a,2026-02-27T20:00:00Z,2026-02-27T20:17:17Z,auth,auth_enUS_labelerexp,at://did:plc:mlq4aycufcuolr7ax6sezpc4/app.bsky.feed.generator/aaad2auzj4ana,suggested_labelerexp,40,at://did:plc:3vqwfcvzsmfyel6uuj66c2as/app.bsky.feed.post/3mfmzprklpc2e,bafyreihfq7bkixnd4nk577xlhhrjj45jylwvn3xe4g7mvqzdqyvcm7tgpi,did:plc:3vqwfcvzsmfyel6uuj66c2as,frwildflowers.bsky.social,,
83fd3da1571945f78ee1ec3456c3980a,2026-02-27T20:00:00Z,2026-02-27T20:17:17Z,auth,auth_enUS_labelerexp,at://did:plc:mlq4aycufcuolr7ax6sezpc4/app.bsky.feed.generator/aaad2auzj4ana,suggested_labelerexp,41,at://did:plc:3vqwfcvzsmfyel6uuj66c2as/app.bsky.feed.post/3mfmzj4h7y22e,bafyreigs6gol6z6t2utny2xf5unv56e2ifczvajgtsm65sxad2jz75a2fq,did:plc:3vqwfcvzsmfyel6uuj66c2as,frwildflowers.bsky.social,,
83fd3da1571945f78ee1ec3456c3980a,2026-02-27T20:00:00Z,2026-02-27T20:17:17Z,auth,auth_enUS_labelerexp,at://did:plc:mlq4aycufcuolr7ax6sezpc4/app.bsky.feed.generator/aaad2auzj4ana,suggested_labelerexp,42,at://did:plc:3vqwfcvzsmfyel6uuj66c2as/app.bsky.feed.post/3mfmzanox5c2e,bafyreigvhw7w7taqbso2hb2xxn5flcnxij2daendf7egbd4j5z5olr7w34,did:plc:3vqwfcvzsmfyel6uuj66c2as,frwildflowers.bsky.social,,
83fd3da1571945f78ee1ec3456c3980a,2026-02-27T20:00:00Z,2026-02-27T20:17:17Z,auth,auth_enUS_labelerexp,at://did:plc:mlq4aycufcuolr7ax6sezpc4/app.bsky.feed.generator/aaad2auzj4ana,suggested_labelerexp,43,at://did:plc:3vqwfcvzsmfyel6uuj66c2as/app.bsky.feed.post/3mfmz4y76nc2e,bafyreibbt5ig5glgusw6ljhej6yidveruvj7vve5zl27ogjer4nv7a35lu,did:plc:3vqwfcvzsmfyel6uuj66c2as,frwildflowers.bsky.social,,
83fd3da1571945f78ee1ec3456c3980a,2026-02-27T20:00:00Z,2026-02-27T20:17:17Z,auth,auth_enUS_labelerexp,at://did:plc:mlq4aycufcuolr7ax6sezpc4/app.bsky.feed.generator/aaad2auzj4ana,suggested_labelerexp,44,at://did:plc:lve6t3ylxfuqge7iqtacaq7t/app.bsky.feed.post/3mfmt2puhcc2v,bafyreich7zc3c5qbsr7sphluf5gi6by5ucsh2s7qr2vnbuh5dptyzekydm,did:plc:lve6t3ylxfuqge7iqtacaq7t,tjalamont.bsky.social,,
83fd3da1571945f78ee1ec3456c3980a,2026-02-27T20:00:00Z,2026-02-27T20:17:17Z,auth,auth_enUS_labelerexp,at://did:plc:mlq4aycufcuolr7ax6sezpc4/app.bsky.feed.generator/aaad2auzj4ana,suggested_labelerexp,45,at://did:plc:kssexgfjoqhscgsxaq2wbutr/app.bsky.feed.post/3mfmpxvmcuc2f,bafyreifhxgddcq5vkt323ewxwqzmurvn6sfxspqz3oilbiiyucr6manqpy,did:plc:kssexgfjoqhscgsxaq2wbutr,direbecca.bsky.social,,
83fd3da1571945f78ee1ec3456c3980a,2026-02-27T20:00:00Z,2026-02-27T20:17:17Z,auth,auth_enUS_labelerexp,at://did:plc:mlq4aycufcuolr7ax6sezpc4/app.bsky.feed.generator/aaad2auzj4ana,suggested_labelerexp,46,at://did:plc:pmz3kjyqwck3fl2nk4sqbgil/app.bsky.feed.post/3mfmm622t4k2o,bafyreidtxce4mrableldwnpheyisjytuumscrua2mxx3ruyvzpbvq4mgva,did:plc:pmz3kjyqwck3fl2nk4sqbgil,hawaiianimages.bsky.social,,
83fd3da1571945f78ee1ec3456c3980a,2026-02-27T20:00:00Z,2026-02-27T20:17:17Z,auth,auth_enUS_labelerexp,at://did:plc:mlq4aycufcuolr7ax6sezpc4/app.bsky.feed.generator/aaad2auzj4ana,suggested_labelerexp,47,at://did:plc:kssexgfjoqhscgsxaq2wbutr/app.bsky.feed.post/3mfmlyfchj22f,bafyreidhvico7h7622bfuyrf6kazbqtti6kvsqpjhs6ridrao5dp6bva3a,did:plc:kssexgfjoqhscgsxaq2wbutr,direbecca.bsky.social,,
83fd3da1571945f78ee1ec3456c3980a,2026-02-27T20:00:00Z,2026-02-27T20:17:17Z,auth,auth_enUS_labelerexp,at://did:plc:mlq4aycufcuolr7ax6sezpc4/app.bsky.feed.generator/aaad2auzj4ana,suggested_labelerexp,48,at://did:plc:6k5cuwrftfbvhzfuslqrhf32/app.bsky.feed.post/3mfmlew2lfs2i,bafyreia4liglfj3bsihcpncvfhyqodjfvpanvqngqtaiuclzx3ac7cid6m,did:plc:6k5cuwrftfbvhzfuslqrhf32,azgibsonz.bsky.social,,
83fd3da1571945f78ee1ec3456c3980a,2026-02-27T20:00:00Z,2026-02-27T20:17:17Z,auth,auth_enUS_labelerexp,at://did:plc:mlq4aycufcuolr7ax6sezpc4/app.bsky.feed.generator/aaad2auzj4ana,suggested_labelerexp,49,at://did:plc:ylvjkvcjyosjqhn7lsoxbf3x/app.bsky.feed.post/3mfmdrgkr6c2j,bafyreicfn44f53zyhxjpfs7ygdagldjtrhou2e54hceuik36ou3lqalnne,did:plc:ylvjkvcjyosjqhn7lsoxbf3x,gettoknownature.bsky.social,,
83fd3da1571945f78ee1ec3456c3980a,2026-02-27T20:00:00Z,2026-02-27T20:17:17Z,auth,auth_enUS_labelerexp,at://did:plc:mlq4aycufcuolr7ax6sezpc4/app.bsky.feed.generator/aaad2auzj4ana,suggested_labelerexp,50,at://did:plc:ylvjkvcjyosjqhn7lsoxbf3x/app.bsky.feed.post/3mfmcvorjhs2j,bafyreihnbejtkjbhic5vxeps6s5fcy4exkqeu64mto7h7i7ctnihuntece,did:plc:ylvjkvcjyosjqhn7lsoxbf3x,gettoknownature.bsky.social,,
83fd3da1571945f78ee1ec3456c3980a,2026-02-27T20:00:00Z,2026-02-27T20:17:18Z,auth,auth_enUS_labelerexp,at://did:plc:nmm26ltnxjx4oskwzdue4xvq/app.bsky.feed.generator/aaacoviie4ygo,suggested_labelerexp,1,at://did:plc:plkct7me6inljknhjyrphjcl/app.bsky.feed.post/3mfuiwz53j225,bafyreibmqxveekujubzxunkow2gxh6gwhaf47f5ud6ux5zpohecj6pnbqm,did:plc:plkct7me6inljknhjyrphjcl,stevewillshan.bsky.social,,
83fd3da1571945f78ee1ec3456c3980a,2026-02-27T20:00:00Z,2026-02-27T20:17:18Z,auth,auth_enUS_labelerexp,at://did:plc:nmm26ltnxjx4oskwzdue4xvq/app.bsky.feed.generator/aaacoviie4ygo,suggested_labelerexp,2,at://did:plc:plkct7me6inljknhjyrphjcl/app.bsky.feed.post/3mfuiwz53j225,bafyreibmqxveekujubzxunkow2gxh6gwhaf47f5ud6ux5zpohecj6pnbqm,did:plc:plkct7me6inljknhjyrphjcl,stevewillshan.bsky.social,,
83fd3da1571945f78ee1ec3456c3980a,2026-02-27T20:00:00Z,2026-02-27T20:17:18Z,auth,auth_enUS_labelerexp,at://did:plc:nmm26ltnxjx4oskwzdue4xvq/app.bsky.feed.generator/aaacoviie4ygo,suggested_labelerexp,3,at://did:plc:acn3n33jvewwo7uaw66gjtsb/app.bsky.feed.post/3mfugfjxnd22v,bafyreieg24di5lsos7d4ddtna2vehix4ec4oemctkdvjcyeynwi2pdb37a,did:plc:acn3n33jvewwo7uaw66gjtsb,spottnik.bsky.social,,
83fd3da1571945f78ee1ec3456c3980a,2026-02-27T20:00:00Z,2026-02-27T20:17:18Z,auth,auth_enUS_labelerexp,at://did:plc:nmm26ltnxjx4oskwzdue4xvq/app.bsky.feed.generator/aaacoviie4ygo,suggested_labelerexp,4,at://did:plc:acn3n33jvewwo7uaw66gjtsb/app.bsky.feed.post/3mfugfjxnd22v,bafyreieg24di5lsos7d4ddtna2vehix4ec4oemctkdvjcyeynwi2pdb37a,did:plc:acn3n33jvewwo7uaw66gjtsb,spottnik.bsky.social,,
83fd3da1571945f78ee1ec3456c3980a,2026-02-27T20:00:00Z,2026-02-27T20:17:18Z,auth,auth_enUS_labelerexp,at://did:plc:nmm26ltnxjx4oskwzdue4xvq/app.bsky.feed.generator/aaacoviie4ygo,suggested_labelerexp,5,at://did:plc:itod66nc3cxj3nrxqx7v66y6/app.bsky.feed.post/3mfugbmi76k2w,bafyreiezzurtebq6kccrrxdmd4c7viq36m4pctnqihx7gzbaypog2tf2x4,did:plc:itod66nc3cxj3nrxqx7v66y6,thevillageua.bsky.social,,
83fd3da1571945f78ee1ec3456c3980a,2026-02-27T20:00:00Z,2026-02-27T20:17:18Z,auth,auth_enUS_labelerexp,at://did:plc:nmm26ltnxjx4oskwzdue4xvq/app.bsky.feed.generator/aaacoviie4ygo,suggested_labelerexp,6,at://did:plc:itod66nc3cxj3nrxqx7v66y6/app.bsky.feed.post/3mfugbmi76k2w,bafyreiezzurtebq6kccrrxdmd4c7viq36m4pctnqihx7gzbaypog2tf2x4,did:plc:itod66nc3cxj3nrxqx7v66y6,thevillageua.bsky.social,,
83fd3da1571945f78ee1ec3456c3980a,2026-02-27T20:00:00Z,2026-02-27T20:17:18Z,auth,auth_enUS_labelerexp,at://did:plc:nmm26ltnxjx4oskwzdue4xvq/app.bsky.feed.generator/aaacoviie4ygo,suggested_labelerexp,7,at://did:plc:bsunng2gkdvuu5f6akheopwr/app.bsky.feed.post/3mfufij2l6c2g,bafyreigmuyj34pv6ffxxp7qnq3yirpdqlrhyhfvr72zasrwth242pnjnou,did:plc:bsunng2gkdvuu5f6akheopwr,sayj.bsky.social,,
83fd3da1571945f78ee1ec3456c3980a,2026-02-27T20:00:00Z,2026-02-27T20:17:18Z,auth,auth_enUS_labelerexp,at://did:plc:nmm26ltnxjx4oskwzdue4xvq/app.bsky.feed.generator/aaacoviie4ygo,suggested_labelerexp,8,at://did:plc:bsunng2gkdvuu5f6akheopwr/app.bsky.feed.post/3mfufij2l6c2g,bafyreigmuyj34pv6ffxxp7qnq3yirpdqlrhyhfvr72zasrwth242pnjnou,did:plc:bsunng2gkdvuu5f6akheopwr,sayj.bsky.social,,
83fd3da1571945f78ee1ec3456c3980a,2026-02-27T20:00:00Z,2026-02-27T20:17:18Z,auth,auth_enUS_labelerexp,at://did:plc:nmm26ltnxjx4oskwzdue4xvq/app.bsky.feed.generator/aaacoviie4ygo,suggested_labelerexp,9,at://did:plc:yaettsaqp23zav54kbovumw4/app.bsky.feed.post/3mfufadvqa22c,bafyreidj66smpnt4w6pdb5p3fwjcxo6j3y3ukndojtqw2xwza3vqdhyqta,did:plc:yaettsaqp23zav54kbovumw4,daysonaplate.bsky.social,,
83fd3da1571945f78ee1ec3456c3980a,2026-02-27T20:00:00Z,2026-02-27T20:17:18Z,auth,auth_enUS_labelerexp,at://did:plc:nmm26ltnxjx4oskwzdue4xvq/app.bsky.feed.generator/aaacoviie4ygo,suggested_labelerexp,10,at://did:plc:bpvfzhin5tc3seyhyegi5pgp/app.bsky.feed.post/3mfufag2fik2e,bafyreiaevgri75g7x2yuvqcfjqgj5tkeumiqui36djt26uyk5b564u3rle,did:plc:bpvfzhin5tc3seyhyegi5pgp,werkoderko.bsky.social,,
83fd3da1571945f78ee1ec3456c3980a,2026-02-27T20:00:00Z,2026-02-27T20:17:18Z,auth,auth_enUS_labelerexp,at://did:plc:nmm26ltnxjx4oskwzdue4xvq/app.bsky.feed.generator/aaacoviie4ygo,suggested_labelerexp,11,at://did:plc:yaettsaqp23zav54kbovumw4/app.bsky.feed.post/3mfufadvqa22c,bafyreidj66smpnt4w6pdb5p3fwjcxo6j3y3ukndojtqw2xwza3vqdhyqta,did:plc:yaettsaqp23zav54kbovumw4,daysonaplate.bsky.social,,
83fd3da1571945f78ee1ec3456c3980a,2026-02-27T20:00:00Z,2026-02-27T20:17:18Z,auth,auth_enUS_labelerexp,at://did:plc:nmm26ltnxjx4oskwzdue4xvq/app.bsky.feed.generator/aaacoviie4ygo,suggested_labelerexp,12,at://did:plc:bpvfzhin5tc3seyhyegi5pgp/app.bsky.feed.post/3mfufag2fik2e,bafyreiaevgri75g7x2yuvqcfjqgj5tkeumiqui36djt26uyk5b564u3rle,did:plc:bpvfzhin5tc3seyhyegi5pgp,werkoderko.bsky.social,,
83fd3da1571945f78ee1ec3456c3980a,2026-02-27T20:00:00Z,2026-02-27T20:17:18Z,auth,auth_enUS_labelerexp,at://did:plc:nmm26ltnxjx4oskwzdue4xvq/app.bsky.feed.generator/aaacoviie4ygo,suggested_labelerexp,13,at://did:plc:hgkssmm36sjjjhwgdweiogwx/app.bsky.feed.post/3mfueki7vmk2l,bafyreiegksppn3vyhrawzustavu7fxeongmllxvyflfuv46vfzrmi3pt6y,did:plc:hgkssmm36sjjjhwgdweiogwx,chefhoss.bsky.social,,
83fd3da1571945f78ee1ec3456c3980a,2026-02-27T20:00:00Z,2026-02-27T20:17:18Z,auth,auth_enUS_labelerexp,at://did:plc:nmm26ltnxjx4oskwzdue4xvq/app.bsky.feed.generator/aaacoviie4ygo,suggested_labelerexp,14,at://did:plc:hgkssmm36sjjjhwgdweiogwx/app.bsky.feed.post/3mfueki7vmk2l,bafyreiegksppn3vyhrawzustavu7fxeongmllxvyflfuv46vfzrmi3pt6y,did:plc:hgkssmm36sjjjhwgdweiogwx,chefhoss.bsky.social,,
83fd3da1571945f78ee1ec3456c3980a,2026-02-27T20:00:00Z,2026-02-27T20:17:18Z,auth,auth_enUS_labelerexp,at://did:plc:nmm26ltnxjx4oskwzdue4xvq/app.bsky.feed.generator/aaacoviie4ygo,suggested_labelerexp,15,at://did:plc:wkzvzrcoa7vtn566jw36abcy/app.bsky.feed.post/3mfueidinnc22,bafyreiffq4grb56yl2veupvwsuc6sr34l5c7dj7fy7sfcx72gv7uhjckem,did:plc:wkzvzrcoa7vtn566jw36abcy,princesskonass.bsky.social,,
83fd3da1571945f78ee1ec3456c3980a,2026-02-27T20:00:00Z,2026-02-27T20:17:18Z,auth,auth_enUS_labelerexp,at://did:plc:nmm26ltnxjx4oskwzdue4xvq/app.bsky.feed.generator/aaacoviie4ygo,suggested_labelerexp,16,at://did:plc:wkzvzrcoa7vtn566jw36abcy/app.bsky.feed.post/3mfueidinnc22,bafyreiffq4grb56yl2veupvwsuc6sr34l5c7dj7fy7sfcx72gv7uhjckem,did:plc:wkzvzrcoa7vtn566jw36abcy,princesskonass.bsky.social,,
83fd3da1571945f78ee1ec3456c3980a,2026-02-27T20:00:00Z,2026-02-27T20:17:18Z,auth,auth_enUS_labelerexp,at://did:plc:nmm26ltnxjx4oskwzdue4xvq/app.bsky.feed.generator/aaacoviie4ygo,suggested_labelerexp,17,at://did:plc:mcb6n67plnrlx4lg35natk2b/app.bsky.feed.post/3mfuedkgkq72f,bafyreigygjyk65trlfdhv3nqriwxvxbgyynus6ngbmxjgczz33qoxlpfva,did:plc:mcb6n67plnrlx4lg35natk2b,nowbreezing.ntw.app,,
83fd3da1571945f78ee1ec3456c3980a,2026-02-27T20:00:00Z,2026-02-27T20:17:18Z,auth,auth_enUS_labelerexp,at://did:plc:nmm26ltnxjx4oskwzdue4xvq/app.bsky.feed.generator/aaacoviie4ygo,suggested_labelerexp,18,at://did:plc:mcb6n67plnrlx4lg35natk2b/app.bsky.feed.post/3mfuedkgkq72f,bafyreigygjyk65trlfdhv3nqriwxvxbgyynus6ngbmxjgczz33qoxlpfva,did:plc:mcb6n67plnrlx4lg35natk2b,nowbreezing.ntw.app,,
83fd3da1571945f78ee1ec3456c3980a,2026-02-27T20:00:00Z,2026-02-27T20:17:18Z,auth,auth_enUS_labelerexp,at://did:plc:nmm26ltnxjx4oskwzdue4xvq/app.bsky.feed.generator/aaacoviie4ygo,suggested_labelerexp,19,at://did:plc:revcwe6tclzek53zj5izzjob/app.bsky.feed.post/3mfuecibbz22s,bafyreictiyn73xmjoyhxivarni7firhnmdk4aeuk3bc2hdx3ruxysx55su,did:plc:revcwe6tclzek53zj5izzjob,entertaingels.bsky.social,,
83fd3da1571945f78ee1ec3456c3980a,2026-02-27T20:00:00Z,2026-02-27T20:17:18Z,auth,auth_enUS_labelerexp,at://did:plc:nmm26ltnxjx4oskwzdue4xvq/app.bsky.feed.generator/aaacoviie4ygo,suggested_labelerexp,20,at://did:plc:revcwe6tclzek53zj5izzjob/app.bsky.feed.post/3mfuecibbz22s,bafyreictiyn73xmjoyhxivarni7firhnmdk4aeuk3bc2hdx3ruxysx55su,did:plc:revcwe6tclzek53zj5izzjob,entertaingels.bsky.social,,
83fd3da1571945f78ee1ec3456c3980a,2026-02-27T20:00:00Z,2026-02-27T20:17:18Z,auth,auth_enUS_labelerexp,at://did:plc:nmm26ltnxjx4oskwzdue4xvq/app.bsky.feed.generator/aaacoviie4ygo,suggested_labelerexp,21,at://did:plc:xgbjovqhzysjnbvelyivfow7/app.bsky.feed.post/3mfue4ii4ec2e,bafyreiadfwg37o6j3lgx6ijj2tgwhgpdnohtm3whpwuyc2wcdppl3uwynu,did:plc:xgbjovqhzysjnbvelyivfow7,itsspring.bsky.social,,
83fd3da1571945f78ee1ec3456c3980a,2026-02-27T20:00:00Z,2026-02-27T20:17:18Z,auth,auth_enUS_labelerexp,at://did:plc:nmm26ltnxjx4oskwzdue4xvq/app.bsky.feed.generator/aaacoviie4ygo,suggested_labelerexp,22,at://did:plc:xgbjovqhzysjnbvelyivfow7/app.bsky.feed.post/3mfue4ii4ec2e,bafyreiadfwg37o6j3lgx6ijj2tgwhgpdnohtm3whpwuyc2wcdppl3uwynu,did:plc:xgbjovqhzysjnbvelyivfow7,itsspring.bsky.social,,
83fd3da1571945f78ee1ec3456c3980a,2026-02-27T20:00:00Z,2026-02-27T20:17:18Z,auth,auth_enUS_labelerexp,at://did:plc:nmm26ltnxjx4oskwzdue4xvq/app.bsky.feed.generator/aaacoviie4ygo,suggested_labelerexp,23,at://did:plc:wkzvzrcoa7vtn566jw36abcy/app.bsky.feed.post/3mfudvhpm7c22,bafyreicyhwmvt3jzptn35h6wdzkboam4zn667xuc7h6mfcgb236ovcg7te,did:plc:wkzvzrcoa7vtn566jw36abcy,princesskonass.bsky.social,,
83fd3da1571945f78ee1ec3456c3980a,2026-02-27T20:00:00Z,2026-02-27T20:17:18Z,auth,auth_enUS_labelerexp,at://did:plc:nmm26ltnxjx4oskwzdue4xvq/app.bsky.feed.generator/aaacoviie4ygo,suggested_labelerexp,24,at://did:plc:wkzvzrcoa7vtn566jw36abcy/app.bsky.feed.post/3mfudvhpm7c22,bafyreicyhwmvt3jzptn35h6wdzkboam4zn667xuc7h6mfcgb236ovcg7te,did:plc:wkzvzrcoa7vtn566jw36abcy,princesskonass.bsky.social,,
83fd3da1571945f78ee1ec3456c3980a,2026-02-27T20:00:00Z,2026-02-27T20:17:18Z,auth,auth_enUS_labelerexp,at://did:plc:nmm26ltnxjx4oskwzdue4xvq/app.bsky.feed.generator/aaacoviie4ygo,suggested_labelerexp,25,at://did:plc:qt3jp2dt2prkja7tragumvou/app.bsky.feed.post/3mfudnscq7k2j,bafyreidedzedwpdcyodk67tphb3lxl35oha7uwq2ihrri5sycldt2t4lme,did:plc:qt3jp2dt2prkja7tragumvou,asovij.bsky.social,,
83fd3da1571945f78ee1ec3456c3980a,2026-02-27T20:00:00Z,2026-02-27T20:17:18Z,auth,auth_enUS_labelerexp,at://did:plc:nmm26ltnxjx4oskwzdue4xvq/app.bsky.feed.generator/aaacoviie4ygo,suggested_labelerexp,26,at://did:plc:qt3jp2dt2prkja7tragumvou/app.bsky.feed.post/3mfudnscq7k2j,bafyreidedzedwpdcyodk67tphb3lxl35oha7uwq2ihrri5sycldt2t4lme,did:plc:qt3jp2dt2prkja7tragumvou,asovij.bsky.social,,
83fd3da1571945f78ee1ec3456c3980a,2026-02-27T20:00:00Z,2026-02-27T20:17:18Z,auth,auth_enUS_labelerexp,at://did:plc:nmm26ltnxjx4oskwzdue4xvq/app.bsky.feed.generator/aaacoviie4ygo,suggested_labelerexp,27,at://did:plc:moirhpa4whrrbivywga4hfjn/app.bsky.feed.post/3mfudc6obxo2x,bafyreiaammuintml2g2k4yrpoq24pbgzgcytiwripd2u5rthkyglsz5yji,did:plc:moirhpa4whrrbivywga4hfjn,shenmuedojo.com,,
83fd3da1571945f78ee1ec3456c3980a,2026-02-27T20:00:00Z,2026-02-27T20:17:18Z,auth,auth_enUS_labelerexp,at://did:plc:nmm26ltnxjx4oskwzdue4xvq/app.bsky.feed.generator/aaacoviie4ygo,suggested_labelerexp,28,at://did:plc:moirhpa4whrrbivywga4hfjn/app.bsky.feed.post/3mfudc6obxo2x,bafyreiaammuintml2g2k4yrpoq24pbgzgcytiwripd2u5rthkyglsz5yji,did:plc:moirhpa4whrrbivywga4hfjn,shenmuedojo.com,,
83fd3da1571945f78ee1ec3456c3980a,2026-02-27T20:00:00Z,2026-02-27T20:17:18Z,auth,auth_enUS_labelerexp,at://did:plc:nmm26ltnxjx4oskwzdue4xvq/app.bsky.feed.generator/aaacoviie4ygo,suggested_labelerexp,29,at://did:plc:k43ha6nlknmdw4owymqnvcat/app.bsky.feed.post/3mfucabt45j2q,bafyreicknxyzw2chztbhq6a3x5qj5ceif4k2ptajkwbb2hhdridxkhglxy,did:plc:k43ha6nlknmdw4owymqnvcat,hourlybreezing.ntw.app,,
83fd3da1571945f78ee1ec3456c3980a,2026-02-27T20:00:00Z,2026-02-27T20:17:18Z,auth,auth_enUS_labelerexp,at://did:plc:nmm26ltnxjx4oskwzdue4xvq/app.bsky.feed.generator/aaacoviie4ygo,suggested_labelerexp,30,at://did:plc:k43ha6nlknmdw4owymqnvcat/app.bsky.feed.post/3mfucabt45j2q,bafyreicknxyzw2chztbhq6a3x5qj5ceif4k2ptajkwbb2hhdridxkhglxy,did:plc:k43ha6nlknmdw4owymqnvcat,hourlybreezing.ntw.app,,
83fd3da1571945f78ee1ec3456c3980a,2026-02-27T20:00:00Z,2026-02-27T20:17:18Z,auth,auth_enUS_labelerexp,at://did:plc:nmm26ltnxjx4oskwzdue4xvq/app.bsky.feed.generator/aaacoviie4ygo,suggested_labelerexp,31,at://did:plc:wjwkq2ahvcyyiupittqi654f/app.bsky.feed.post/3mfubxritw22w,bafyreih4kiouucr4l5tvhebls6jtghxam6hj4c3jkctdildehvatunkswq,did:plc:wjwkq2ahvcyyiupittqi654f,drinksopa.bsky.social,,
83fd3da1571945f78ee1ec3456c3980a,2026-02-27T20:00:00Z,2026-02-27T20:17:18Z,auth,auth_enUS_labelerexp,at://did:plc:nmm26ltnxjx4oskwzdue4xvq/app.bsky.feed.generator/aaacoviie4ygo,suggested_labelerexp,32,at://did:plc:wjwkq2ahvcyyiupittqi654f/app.bsky.feed.post/3mfubxtiar32i,bafyreiehfbcsujswrxhh3ggyghhbqqg2igx44hv452e2julndvhbnlgxly,did:plc:wjwkq2ahvcyyiupittqi654f,drinksopa.bsky.social,,
83fd3da1571945f78ee1ec3456c3980a,2026-02-27T20:00:00Z,2026-02-27T20:17:18Z,auth,auth_enUS_labelerexp,at://did:plc:nmm26ltnxjx4oskwzdue4xvq/app.bsky.feed.generator/aaacoviie4ygo,suggested_labelerexp,33,at://did:plc:wjwkq2ahvcyyiupittqi654f/app.bsky.feed.post/3mfubxtiar32i,bafyreiehfbcsujswrxhh3ggyghhbqqg2igx44hv452e2julndvhbnlgxly,did:plc:wjwkq2ahvcyyiupittqi654f,drinksopa.bsky.social,,
83fd3da1571945f78ee1ec3456c3980a,2026-02-27T20:00:00Z,2026-02-27T20:17:18Z,auth,auth_enUS_labelerexp,at://did:plc:nmm26ltnxjx4oskwzdue4xvq/app.bsky.feed.generator/aaacoviie4ygo,suggested_labelerexp,34,at://did:plc:wjwkq2ahvcyyiupittqi654f/app.bsky.feed.post/3mfubxritw22w,bafyreih4kiouucr4l5tvhebls6jtghxam6hj4c3jkctdildehvatunkswq,did:plc:wjwkq2ahvcyyiupittqi654f,drinksopa.bsky.social,,
83fd3da1571945f78ee1ec3456c3980a,2026-02-27T20:00:00Z,2026-02-27T20:17:18Z,auth,auth_enUS_labelerexp,at://did:plc:nmm26ltnxjx4oskwzdue4xvq/app.bsky.feed.generator/aaacoviie4ygo,suggested_labelerexp,35,at://did:plc:wkzvzrcoa7vtn566jw36abcy/app.bsky.feed.post/3mfubpqf3ds22,bafyreifwx36o6k6rekv6j4bjau4zu37v3p3ugovsq5pl3d36bwi5lro3qe,did:plc:wkzvzrcoa7vtn566jw36abcy,princesskonass.bsky.social,,
83fd3da1571945f78ee1ec3456c3980a,2026-02-27T20:00:00Z,2026-02-27T20:17:18Z,auth,auth_enUS_labelerexp,at://did:plc:nmm26ltnxjx4oskwzdue4xvq/app.bsky.feed.generator/aaacoviie4ygo,suggested_labelerexp,36,at://did:plc:wkzvzrcoa7vtn566jw36abcy/app.bsky.feed.post/3mfubpqf3ds22,bafyreifwx36o6k6rekv6j4bjau4zu37v3p3ugovsq5pl3d36bwi5lro3qe,did:plc:wkzvzrcoa7vtn566jw36abcy,princesskonass.bsky.social,,
83fd3da1571945f78ee1ec3456c3980a,2026-02-27T20:00:00Z,2026-02-27T20:17:18Z,auth,auth_enUS_labelerexp,at://did:plc:nmm26ltnxjx4oskwzdue4xvq/app.bsky.feed.generator/aaacoviie4ygo,suggested_labelerexp,37,at://did:plc:wkzvzrcoa7vtn566jw36abcy/app.bsky.feed.post/3mfubad5i5k22,bafyreif5ju5cdndghisesnxwp65spv6v2bxkgkdzua4y2zxnk7rlxg2fle,did:plc:wkzvzrcoa7vtn566jw36abcy,princesskonass.bsky.social,,
83fd3da1571945f78ee1ec3456c3980a,2026-02-27T20:00:00Z,2026-02-27T20:17:18Z,auth,auth_enUS_labelerexp,at://did:plc:nmm26ltnxjx4oskwzdue4xvq/app.bsky.feed.generator/aaacoviie4ygo,suggested_labelerexp,38,at://did:plc:wkzvzrcoa7vtn566jw36abcy/app.bsky.feed.post/3mfubad5i5k22,bafyreif5ju5cdndghisesnxwp65spv6v2bxkgkdzua4y2zxnk7rlxg2fle,did:plc:wkzvzrcoa7vtn566jw36abcy,princesskonass.bsky.social,,
83fd3da1571945f78ee1ec3456c3980a,2026-02-27T20:00:00Z,2026-02-27T20:17:18Z,auth,auth_enUS_labelerexp,at://did:plc:nmm26ltnxjx4oskwzdue4xvq/app.bsky.feed.generator/aaacoviie4ygo,suggested_labelerexp,39,at://did:plc:f73js6fsdkqhysyzuq5z55l3/app.bsky.feed.post/3mfuam5e45s2y,bafyreiattmj5uct67i76c3rcs7v32zg4fmxl65ctu4xepdhcwe6irr3hhi,did:plc:f73js6fsdkqhysyzuq5z55l3,dvergil28.bsky.social,,
83fd3da1571945f78ee1ec3456c3980a,2026-02-27T20:00:00Z,2026-02-27T20:17:18Z,auth,auth_enUS_labelerexp,at://did:plc:nmm26ltnxjx4oskwzdue4xvq/app.bsky.feed.generator/aaacoviie4ygo,suggested_labelerexp,40,at://did:plc:f73js6fsdkqhysyzuq5z55l3/app.bsky.feed.post/3mfuam5e45s2y,bafyreiattmj5uct67i76c3rcs7v32zg4fmxl65ctu4xepdhcwe6irr3hhi,did:plc:f73js6fsdkqhysyzuq5z55l3,dvergil28.bsky.social,,
83fd3da1571945f78ee1ec3456c3980a,2026-02-27T20:00:00Z,2026-02-27T20:17:18Z,auth,auth_enUS_labelerexp,at://did:plc:nmm26ltnxjx4oskwzdue4xvq/app.bsky.feed.generator/aaacoviie4ygo,suggested_labelerexp,41,at://did:plc:ksmzswa3mmubtdxndbtcbkqz/app.bsky.feed.post/3mfualkol2s2w,bafyreiclc3fncqi3zojndm3lazvmhnt5y2lfy2xuaglfn3ilqqkkub6qxq,did:plc:ksmzswa3mmubtdxndbtcbkqz,kimchimancer.bsky.social,,
83fd3da1571945f78ee1ec3456c3980a,2026-02-27T20:00:00Z,2026-02-27T20:17:18Z,auth,auth_enUS_labelerexp,at://did:plc:nmm26ltnxjx4oskwzdue4xvq/app.bsky.feed.generator/aaacoviie4ygo,suggested_labelerexp,42,at://did:plc:ksmzswa3mmubtdxndbtcbkqz/app.bsky.feed.post/3mfualkol2s2w,bafyreiclc3fncqi3zojndm3lazvmhnt5y2lfy2xuaglfn3ilqqkkub6qxq,did:plc:ksmzswa3mmubtdxndbtcbkqz,kimchimancer.bsky.social,,
83fd3da1571945f78ee1ec3456c3980a,2026-02-27T20:00:00Z,2026-02-27T20:17:18Z,auth,auth_enUS_labelerexp,at://did:plc:nmm26ltnxjx4oskwzdue4xvq/app.bsky.feed.generator/aaacoviie4ygo,suggested_labelerexp,43,at://did:plc:5qyrrke3xylqiddywjsjxb6j/app.bsky.feed.post/3mfu7zrk2bs2m,bafyreiaam3rc6isg6g7r4igvpq4l7wv63iyfv5bhqehezl6zdkix7fmnq4,did:plc:5qyrrke3xylqiddywjsjxb6j,dracononite.bsky.social,,
83fd3da1571945f78ee1ec3456c3980a,2026-02-27T20:00:00Z,2026-02-27T20:17:18Z,auth,auth_enUS_labelerexp,at://did:plc:nmm26ltnxjx4oskwzdue4xvq/app.bsky.feed.generator/aaacoviie4ygo,suggested_labelerexp,44,at://did:plc:5txl2ip7nv5xkdv2zybwumro/app.bsky.feed.post/3mfu7yncfv22l,bafyreiavx6ddtbvlgwytpi2yufjfpuipuvhvqcfklclrch3ybkfbowysdm,did:plc:5txl2ip7nv5xkdv2zybwumro,lexkrasny.bsky.social,,
83fd3da1571945f78ee1ec3456c3980a,2026-02-27T20:00:00Z,2026-02-27T20:17:18Z,auth,auth_enUS_labelerexp,at://did:plc:nmm26ltnxjx4oskwzdue4xvq/app.bsky.feed.generator/aaacoviie4ygo,suggested_labelerexp,45,at://did:plc:5qyrrke3xylqiddywjsjxb6j/app.bsky.feed.post/3mfu7zrk2bs2m,bafyreiaam3rc6isg6g7r4igvpq4l7wv63iyfv5bhqehezl6zdkix7fmnq4,did:plc:5qyrrke3xylqiddywjsjxb6j,dracononite.bsky.social,,
83fd3da1571945f78ee1ec3456c3980a,2026-02-27T20:00:00Z,2026-02-27T20:17:18Z,auth,auth_enUS_labelerexp,at://did:plc:nmm26ltnxjx4oskwzdue4xvq/app.bsky.feed.generator/aaacoviie4ygo,suggested_labelerexp,46,at://did:plc:5txl2ip7nv5xkdv2zybwumro/app.bsky.feed.post/3mfu7yncfv22l,bafyreiavx6ddtbvlgwytpi2yufjfpuipuvhvqcfklclrch3ybkfbowysdm,did:plc:5txl2ip7nv5xkdv2zybwumro,lexkrasny.bsky.social,,
83fd3da1571945f78ee1ec3456c3980a,2026-02-27T20:00:00Z,2026-02-27T20:17:18Z,auth,auth_enUS_labelerexp,at://did:plc:nmm26ltnxjx4oskwzdue4xvq/app.bsky.feed.generator/aaacoviie4ygo,suggested_labelerexp,47,at://did:plc:mcb6n67plnrlx4lg35natk2b/app.bsky.feed.post/3mfu7uiv4cw2u,bafyreicofsgnotsnjlxkvqhuvr6wcl2w5u5tkzesa5vhfje4ubgkragcb4,did:plc:mcb6n67plnrlx4lg35natk2b,nowbreezing.ntw.app,,
83fd3da1571945f78ee1ec3456c3980a,2026-02-27T20:00:00Z,2026-02-27T20:17:18Z,auth,auth_enUS_labelerexp,at://did:plc:nmm26ltnxjx4oskwzdue4xvq/app.bsky.feed.generator/aaacoviie4ygo,suggested_labelerexp,48,at://did:plc:mcb6n67plnrlx4lg35natk2b/app.bsky.feed.post/3mfu7uiv4cw2u,bafyreicofsgnotsnjlxkvqhuvr6wcl2w5u5tkzesa5vhfje4ubgkragcb4,did:plc:mcb6n67plnrlx4lg35natk2b,nowbreezing.ntw.app,,
83fd3da1571945f78ee1ec3456c3980a,2026-02-27T20:00:00Z,2026-02-27T20:17:18Z,auth,auth_enUS_labelerexp,at://did:plc:nmm26ltnxjx4oskwzdue4xvq/app.bsky.feed.generator/aaacoviie4ygo,suggested_labelerexp,49,at://did:plc:s44oq6r4ki4ymxbwue2mqqh2/app.bsky.feed.post/3mfu7syxyks25,bafyreibj3hksgknhw4xnrfe7mmf555ydzdosdkd6tir534lpfckpny3ojq,did:plc:s44oq6r4ki4ymxbwue2mqqh2,chistery1.bsky.social,,
83fd3da1571945f78ee1ec3456c3980a,2026-02-27T20:00:00Z,2026-02-27T20:17:18Z,auth,auth_enUS_labelerexp,at://did:plc:nmm26ltnxjx4oskwzdue4xvq/app.bsky.feed.generator/aaacoviie4ygo,suggested_labelerexp,50,at://did:plc:s44oq6r4ki4ymxbwue2mqqh2/app.bsky.feed.post/3mfu7syxyks25,bafyreibj3hksgknhw4xnrfe7mmf555ydzdosdkd6tir534lpfckpny3ojq,did:plc:s44oq6r4ki4ymxbwue2mqqh2,chistery1.bsky.social,,
83fd3da1571945f78ee1ec3456c3980a,2026-02-27T20:00:00Z,2026-02-27T20:17:20Z,auth,auth_enUS_labelerexp,at://did:plc:qgy7vt74xmouisyslwm3fgfj/app.bsky.feed.generator/aaaapknzigxfi,suggested_labelerexp,1,at://did:plc:mkbtimara5yrxs5a47qw6hvd/app.bsky.feed.post/3mfuiityqrc2p,bafyreibematmdg7icjshjmeqya6grmek4e4eqhl7eujq5xoxhfo4jvnddy,did:plc:mkbtimara5yrxs5a47qw6hvd,tootswoot.bsky.social,,
83fd3da1571945f78ee1ec3456c3980a,2026-02-27T20:00:00Z,2026-02-27T20:17:20Z,auth,auth_enUS_labelerexp,at://did:plc:qgy7vt74xmouisyslwm3fgfj/app.bsky.feed.generator/aaaapknzigxfi,suggested_labelerexp,2,at://did:plc:nrfxi3d5kgmsrmlnxg7epyyw/app.bsky.feed.post/3mfuieuhbds2s,bafyreiflj6ixwb573yaqv2hp7mz5bbg6nroibgk3espookm6wzg5id5go4,did:plc:nrfxi3d5kgmsrmlnxg7epyyw,yokozephyr.bsky.social,,
83fd3da1571945f78ee1ec3456c3980a,2026-02-27T20:00:00Z,2026-02-27T20:17:20Z,auth,auth_enUS_labelerexp,at://did:plc:qgy7vt74xmouisyslwm3fgfj/app.bsky.feed.generator/aaaapknzigxfi,suggested_labelerexp,3,at://did:plc:mkbtimara5yrxs5a47qw6hvd/app.bsky.feed.post/3mfuhvsevs22s,bafyreiekptxfxykcenparqvo2johhfhtamwviqgka2bukk63gciqxp6xeu,did:plc:mkbtimara5yrxs5a47qw6hvd,tootswoot.bsky.social,,
83fd3da1571945f78ee1ec3456c3980a,2026-02-27T20:00:00Z,2026-02-27T20:17:20Z,auth,auth_enUS_labelerexp,at://did:plc:qgy7vt74xmouisyslwm3fgfj/app.bsky.feed.generator/aaaapknzigxfi,suggested_labelerexp,4,at://did:plc:mkbtimara5yrxs5a47qw6hvd/app.bsky.feed.post/3mfugmlna5c2o,bafyreieu4rbatdr7kznbr22u7jcmiv36swjupnr27smfmfn5gsoe5jgbby,did:plc:mkbtimara5yrxs5a47qw6hvd,tootswoot.bsky.social,,
83fd3da1571945f78ee1ec3456c3980a,2026-02-27T20:00:00Z,2026-02-27T20:17:20Z,auth,auth_enUS_labelerexp,at://did:plc:qgy7vt74xmouisyslwm3fgfj/app.bsky.feed.generator/aaaapknzigxfi,suggested_labelerexp,5,at://did:plc:tsix4scvgfvre3vr62xyj4v2/app.bsky.feed.post/3mfugcjep622f,bafyreifws5azvhd73k3lf5vnvgqzozanpwysxkmlvphk2fzf5qzgtag75q,did:plc:tsix4scvgfvre3vr62xyj4v2,teamyuri.bsky.social,,
83fd3da1571945f78ee1ec3456c3980a,2026-02-27T20:00:00Z,2026-02-27T20:17:20Z,auth,auth_enUS_labelerexp,at://did:plc:qgy7vt74xmouisyslwm3fgfj/app.bsky.feed.generator/aaaapknzigxfi,suggested_labelerexp,6,at://did:plc:47u2uyclcumfzk5ofix5sehj/app.bsky.feed.post/3mfudpwshxc2f,bafyreihrg6drirxibjwaozfda4ukerbvkgkwfvthwuxfetnfnemrxtdmvu,did:plc:47u2uyclcumfzk5ofix5sehj,sbk1301.bsky.social,,
83fd3da1571945f78ee1ec3456c3980a,2026-02-27T20:00:00Z,2026-02-27T20:17:20Z,auth,auth_enUS_labelerexp,at://did:plc:qgy7vt74xmouisyslwm3fgfj/app.bsky.feed.generator/aaaapknzigxfi,suggested_labelerexp,7,at://did:plc:47u2uyclcumfzk5ofix5sehj/app.bsky.feed.post/3mfud3mb5ns2o,bafyreidldkg5hdp425lzz2mpgdfw7vfr4k4miug2r6qlvndds25t7zpzim,did:plc:47u2uyclcumfzk5ofix5sehj,sbk1301.bsky.social,,
83fd3da1571945f78ee1ec3456c3980a,2026-02-27T20:00:00Z,2026-02-27T20:17:20Z,auth,auth_enUS_labelerexp,at://did:plc:qgy7vt74xmouisyslwm3fgfj/app.bsky.feed.generator/aaaapknzigxfi,suggested_labelerexp,8,at://did:plc:47u2uyclcumfzk5ofix5sehj/app.bsky.feed.post/3mfuczljycs2o,bafyreidni77hhzoh36svn3vosvdvumcxtqzhj37qfkt3bpfvg5hqrvsjhm,did:plc:47u2uyclcumfzk5ofix5sehj,sbk1301.bsky.social,,
83fd3da1571945f78ee1ec3456c3980a,2026-02-27T20:00:00Z,2026-02-27T20:17:20Z,auth,auth_enUS_labelerexp,at://did:plc:qgy7vt74xmouisyslwm3fgfj/app.bsky.feed.generator/aaaapknzigxfi,suggested_labelerexp,9,at://did:plc:mkbtimara5yrxs5a47qw6hvd/app.bsky.feed.post/3mfucckvg2c2o,bafyreihwjblshaifcib2p575z3sfyfdytjhgzmohdfvrsqd6c5qmvdgwpm,did:plc:mkbtimara5yrxs5a47qw6hvd,tootswoot.bsky.social,,
83fd3da1571945f78ee1ec3456c3980a,2026-02-27T20:00:00Z,2026-02-27T20:17:20Z,auth,auth_enUS_labelerexp,at://did:plc:qgy7vt74xmouisyslwm3fgfj/app.bsky.feed.generator/aaaapknzigxfi,suggested_labelerexp,10,at://did:plc:mkbtimara5yrxs5a47qw6hvd/app.bsky.feed.post/3mfubsfazis2o,bafyreigb3q3jl2hfsaaexjk5nhfevhtrpwqbn6zfpoxm7ckmmmyv7bw5ya,did:plc:mkbtimara5yrxs5a47qw6hvd,tootswoot.bsky.social,,
83fd3da1571945f78ee1ec3456c3980a,2026-02-27T20:00:00Z,2026-02-27T20:17:20Z,auth,auth_enUS_labelerexp,at://did:plc:qgy7vt74xmouisyslwm3fgfj/app.bsky.feed.generator/aaaapknzigxfi,suggested_labelerexp,11,at://did:plc:ehfrxh5oafz4xiqekfya3ha2/app.bsky.feed.post/3mfub3wkp7k2z,bafyreibwbnnayuzblfpb2bve7fvrnegvumvli3ghc5x2tzrsyrwty57ewi,did:plc:ehfrxh5oafz4xiqekfya3ha2,petrenkoandryi.bsky.social,,
83fd3da1571945f78ee1ec3456c3980a,2026-02-27T20:00:00Z,2026-02-27T20:17:20Z,auth,auth_enUS_labelerexp,at://did:plc:qgy7vt74xmouisyslwm3fgfj/app.bsky.feed.generator/aaaapknzigxfi,suggested_labelerexp,12,at://did:plc:mkbtimara5yrxs5a47qw6hvd/app.bsky.feed.post/3mfua63nj522w,bafyreib6hxlw7fu7mc4ii77u4ca3isnsyxcv5g7iyzlls3xbvhuysxyjhe,did:plc:mkbtimara5yrxs5a47qw6hvd,tootswoot.bsky.social,,
83fd3da1571945f78ee1ec3456c3980a,2026-02-27T20:00:00Z,2026-02-27T20:17:20Z,auth,auth_enUS_labelerexp,at://did:plc:qgy7vt74xmouisyslwm3fgfj/app.bsky.feed.generator/aaaapknzigxfi,suggested_labelerexp,13,at://did:plc:ehfrxh5oafz4xiqekfya3ha2/app.bsky.feed.post/3mfu7isbxbc2z,bafyreiclabmvneqszgwxwok7aklsd3oa6iwklx2qta6d2aidiiopmkwjsi,did:plc:ehfrxh5oafz4xiqekfya3ha2,petrenkoandryi.bsky.social,,
83fd3da1571945f78ee1ec3456c3980a,2026-02-27T20:00:00Z,2026-02-27T20:17:20Z,auth,auth_enUS_labelerexp,at://did:plc:qgy7vt74xmouisyslwm3fgfj/app.bsky.feed.generator/aaaapknzigxfi,suggested_labelerexp,14,at://did:plc:fdvbqzbrm4oqwc4ugy6xspdr/app.bsky.feed.post/3mfu47ukorc2y,bafyreigbje7bambrbq74uc3p7oh2wrwpuz6qgrr6cwq2tqgrmhtayl4o7e,did:plc:fdvbqzbrm4oqwc4ugy6xspdr,cydsinc.bsky.social,,
83fd3da1571945f78ee1ec3456c3980a,2026-02-27T20:00:00Z,2026-02-27T20:17:20Z,auth,auth_enUS_labelerexp,at://did:plc:qgy7vt74xmouisyslwm3fgfj/app.bsky.feed.generator/aaaapknzigxfi,suggested_labelerexp,15,at://did:plc:qouz6smplczwlwizp272xomz/app.bsky.feed.post/3mfu3j4ppak2q,bafyreihu3bpias3diqkdlxi7hf24eqvi754i7js2hw2qexxoidhj7qtqum,did:plc:qouz6smplczwlwizp272xomz,cameliaab.bsky.social,,
83fd3da1571945f78ee1ec3456c3980a,2026-02-27T20:00:00Z,2026-02-27T20:17:20Z,auth,auth_enUS_labelerexp,at://did:plc:qgy7vt74xmouisyslwm3fgfj/app.bsky.feed.generator/aaaapknzigxfi,suggested_labelerexp,16,at://did:plc:g4xpehdi2ju26tyaodu6wn3q/app.bsky.feed.post/3mfu3izyed22r,bafyreicib672pxgrxqsdwxwqxuudx4pgzugsqgmvprz4reibvdyagkoccy,did:plc:g4xpehdi2ju26tyaodu6wn3q,loisacelane.bsky.social,,
83fd3da1571945f78ee1ec3456c3980a,2026-02-27T20:00:00Z,2026-02-27T20:17:20Z,auth,auth_enUS_labelerexp,at://did:plc:qgy7vt74xmouisyslwm3fgfj/app.bsky.feed.generator/aaaapknzigxfi,suggested_labelerexp,17,at://did:plc:g4xpehdi2ju26tyaodu6wn3q/app.bsky.feed.post/3mfu3gzsaus2r,bafyreie53vwljwbf4ue3atbjqyzmctp3lf23pcactwa6cyhhm2n6akl57e,did:plc:g4xpehdi2ju26tyaodu6wn3q,loisacelane.bsky.social,,
83fd3da1571945f78ee1ec3456c3980a,2026-02-27T20:00:00Z,2026-02-27T20:17:20Z,auth,auth_enUS_labelerexp,at://did:plc:qgy7vt74xmouisyslwm3fgfj/app.bsky.feed.generator/aaaapknzigxfi,suggested_labelerexp,18,at://did:plc:g4xpehdi2ju26tyaodu6wn3q/app.bsky.feed.post/3mfu3cc37kc2r,bafyreifyqsk5kf6ernuzblmo2cktjrxibfy7wojah2uwknxthdblr56ra4,did:plc:g4xpehdi2ju26tyaodu6wn3q,loisacelane.bsky.social,,
83fd3da1571945f78ee1ec3456c3980a,2026-02-27T20:00:00Z,2026-02-27T20:17:20Z,auth,auth_enUS_labelerexp,at://did:plc:qgy7vt74xmouisyslwm3fgfj/app.bsky.feed.generator/aaaapknzigxfi,suggested_labelerexp,19,at://did:plc:ohwl234w6iwuo3egddq3v2mu/app.bsky.feed.post/3mftztzieis2m,bafyreielog7djramajlwttvvxhbmzeon3cs6d4m4pbpbh5pfgbyp426lay,did:plc:ohwl234w6iwuo3egddq3v2mu,j-hrum.bsky.social,,
83fd3da1571945f78ee1ec3456c3980a,2026-02-27T20:00:00Z,2026-02-27T20:17:20Z,auth,auth_enUS_labelerexp,at://did:plc:qgy7vt74xmouisyslwm3fgfj/app.bsky.feed.generator/aaaapknzigxfi,suggested_labelerexp,20,at://did:plc:hdzmjn6zmro67pfjcilz5uhn/app.bsky.feed.post/3mfto4mims222,bafyreihc4jtgfovncedmzghqlkwu5227vgrjlf3zl4zexnlaiz5nz2ho24,did:plc:hdzmjn6zmro67pfjcilz5uhn,mangua.bsky.social,,
83fd3da1571945f78ee1ec3456c3980a,2026-02-27T20:00:00Z,2026-02-27T20:17:20Z,auth,auth_enUS_labelerexp,at://did:plc:qgy7vt74xmouisyslwm3fgfj/app.bsky.feed.generator/aaaapknzigxfi,suggested_labelerexp,21,at://did:plc:ehfrxh5oafz4xiqekfya3ha2/app.bsky.feed.post/3mftmk5fpbk27,bafyreichhscitjqj4mvti5tjcco743ov5vbpkple3ilaruz4cepfr4pfvi,did:plc:ehfrxh5oafz4xiqekfya3ha2,petrenkoandryi.bsky.social,,
83fd3da1571945f78ee1ec3456c3980a,2026-02-27T20:00:00Z,2026-02-27T20:17:20Z,auth,auth_enUS_labelerexp,at://did:plc:qgy7vt74xmouisyslwm3fgfj/app.bsky.feed.generator/aaaapknzigxfi,suggested_labelerexp,22,at://did:plc:grdwwfscb3mdzzhvah7yfanq/app.bsky.feed.post/3mftmbkwsk22m,bafyreiabjkfbdtfbfpgoiuknoeyghdeu3jsnxizxzwoexljpytvzlpmhx4,did:plc:grdwwfscb3mdzzhvah7yfanq,ponadusemkua.bsky.social,,
83fd3da1571945f78ee1ec3456c3980a,2026-02-27T20:00:00Z,2026-02-27T20:17:20Z,auth,auth_enUS_labelerexp,at://did:plc:qgy7vt74xmouisyslwm3fgfj/app.bsky.feed.generator/aaaapknzigxfi,suggested_labelerexp,23,at://did:plc:qouz6smplczwlwizp272xomz/app.bsky.feed.post/3mftlgj2apk2g,bafyreife5k7pncpdg4gvtbfwnundkif4dwtxwxdlfg4mq3ksxjou5irzxa,did:plc:qouz6smplczwlwizp272xomz,cameliaab.bsky.social,,
83fd3da1571945f78ee1ec3456c3980a,2026-02-27T20:00:00Z,2026-02-27T20:17:20Z,auth,auth_enUS_labelerexp,at://did:plc:qgy7vt74xmouisyslwm3fgfj/app.bsky.feed.generator/aaaapknzigxfi,suggested_labelerexp,24,at://did:plc:day6vvnxlkw55dtqfvluxbf2/app.bsky.feed.post/3mftj6i64gc2i,bafyreihror3pzzh3476duv7dgt2vzgdibzuemtmmr6srsyvqcgcof3gdjm,did:plc:day6vvnxlkw55dtqfvluxbf2,ninaselina.bsky.social,,
83fd3da1571945f78ee1ec3456c3980a,2026-02-27T20:00:00Z,2026-02-27T20:17:20Z,auth,auth_enUS_labelerexp,at://did:plc:qgy7vt74xmouisyslwm3fgfj/app.bsky.feed.generator/aaaapknzigxfi,suggested_labelerexp,25,at://did:plc:ayk46j3mkly72xolsxzotqtg/app.bsky.feed.post/3mftifczllc2v,bafyreiflqklg7dc57xzadeelcvfha6nwqifcmwbfhzxanmavwe5gq3nyoq,did:plc:ayk46j3mkly72xolsxzotqtg,lowsound17.bsky.social,,
83fd3da1571945f78ee1ec3456c3980a,2026-02-27T20:00:00Z,2026-02-27T20:17:20Z,auth,auth_enUS_labelerexp,at://did:plc:qgy7vt74xmouisyslwm3fgfj/app.bsky.feed.generator/aaaapknzigxfi,suggested_labelerexp,26,at://did:plc:qbhaw7upz2jxj27hueahdrco/app.bsky.feed.post/3mftgbmi3n22z,bafyreibjwzcc42r2ktp2c5tglil2z4b2yfd6jcd2n6kpbbgvsogahl4om4,did:plc:qbhaw7upz2jxj27hueahdrco,tdmytro.bsky.social,,
83fd3da1571945f78ee1ec3456c3980a,2026-02-27T20:00:00Z,2026-02-27T20:17:20Z,auth,auth_enUS_labelerexp,at://did:plc:qgy7vt74xmouisyslwm3fgfj/app.bsky.feed.generator/aaaapknzigxfi,suggested_labelerexp,27,at://did:plc:tnj3jgp7incytukydchorvs3/app.bsky.feed.post/3mftfu4xbsc2p,bafyreiak6bcfpswqur26aneu6bwty64i7jbcarnuw7k3i3wpdismiu7hea,did:plc:tnj3jgp7incytukydchorvs3,elllilili.bsky.social,,
83fd3da1571945f78ee1ec3456c3980a,2026-02-27T20:00:00Z,2026-02-27T20:17:20Z,auth,auth_enUS_labelerexp,at://did:plc:qgy7vt74xmouisyslwm3fgfj/app.bsky.feed.generator/aaaapknzigxfi,suggested_labelerexp,28,at://did:plc:47u2uyclcumfzk5ofix5sehj/app.bsky.feed.post/3mfteem7mik2w,bafyreicom376pvijkj66i3nz66lalafmovbvuz2wn73fmrpohix6bm5ocy,did:plc:47u2uyclcumfzk5ofix5sehj,sbk1301.bsky.social,,
83fd3da1571945f78ee1ec3456c3980a,2026-02-27T20:00:00Z,2026-02-27T20:17:20Z,auth,auth_enUS_labelerexp,at://did:plc:qgy7vt74xmouisyslwm3fgfj/app.bsky.feed.generator/aaaapknzigxfi,suggested_labelerexp,29,at://did:plc:ohwl234w6iwuo3egddq3v2mu/app.bsky.feed.post/3mftccpb26k2n,bafyreibbcmzuctszfe24p6jmgdx4bsn6jgxpdvmrlr2cigkbywj2sajhva,did:plc:ohwl234w6iwuo3egddq3v2mu,j-hrum.bsky.social,,
83fd3da1571945f78ee1ec3456c3980a,2026-02-27T20:00:00Z,2026-02-27T20:17:20Z,auth,auth_enUS_labelerexp,at://did:plc:qgy7vt74xmouisyslwm3fgfj/app.bsky.feed.generator/aaaapknzigxfi,suggested_labelerexp,30,at://did:plc:qouz6smplczwlwizp272xomz/app.bsky.feed.post/3mftbghq6bc2c,bafyreih4ter6to2xljfcdf3cbjbnccwwigi6ih2rcb534jumepg34iejca,did:plc:qouz6smplczwlwizp272xomz,cameliaab.bsky.social,,
83fd3da1571945f78ee1ec3456c3980a,2026-02-27T20:00:00Z,2026-02-27T20:17:20Z,auth,auth_enUS_labelerexp,at://did:plc:qgy7vt74xmouisyslwm3fgfj/app.bsky.feed.generator/aaaapknzigxfi,suggested_labelerexp,31,at://did:plc:fj2qadi2gz3buo3z2nmodrhh/app.bsky.feed.post/3mft7u2qbbs2k,bafyreidnds76fzpnpyvkovpl2amsioyytqlbaf76cncvloieilnhspsolm,did:plc:fj2qadi2gz3buo3z2nmodrhh,agentosbb.bsky.social,,
83fd3da1571945f78ee1ec3456c3980a,2026-02-27T20:00:00Z,2026-02-27T20:17:20Z,auth,auth_enUS_labelerexp,at://did:plc:qgy7vt74xmouisyslwm3fgfj/app.bsky.feed.generator/aaaapknzigxfi,suggested_labelerexp,32,at://did:plc:ehfrxh5oafz4xiqekfya3ha2/app.bsky.feed.post/3mft7fousqs2t,bafyreidede63j7yjfjmzc4e7qt6sisrknetosc5trnq6uhbka3ekg3mazy,did:plc:ehfrxh5oafz4xiqekfya3ha2,petrenkoandryi.bsky.social,,
83fd3da1571945f78ee1ec3456c3980a,2026-02-27T20:00:00Z,2026-02-27T20:17:20Z,auth,auth_enUS_labelerexp,at://did:plc:qgy7vt74xmouisyslwm3fgfj/app.bsky.feed.generator/aaaapknzigxfi,suggested_labelerexp,33,at://did:plc:4vgsl5xbfxzr4lp2szjwdo35/app.bsky.feed.post/3mft56swzcu2h,bafyreibfsgnttokl6t7zz5a6vz4wce44662idpvyttpre4xwwxrkul6hjm,did:plc:4vgsl5xbfxzr4lp2szjwdo35,donate1024.org,,
83fd3da1571945f78ee1ec3456c3980a,2026-02-27T20:00:00Z,2026-02-27T20:17:20Z,auth,auth_enUS_labelerexp,at://did:plc:qgy7vt74xmouisyslwm3fgfj/app.bsky.feed.generator/aaaapknzigxfi,suggested_labelerexp,34,at://did:plc:mkbtimara5yrxs5a47qw6hvd/app.bsky.feed.post/3mfso2ptmts2b,bafyreiff767zpk3mvajz6lhjomnmsqphesc5gujnlfhsnkhfk3bdqzs2i4,did:plc:mkbtimara5yrxs5a47qw6hvd,tootswoot.bsky.social,,
83fd3da1571945f78ee1ec3456c3980a,2026-02-27T20:00:00Z,2026-02-27T20:17:20Z,auth,auth_enUS_labelerexp,at://did:plc:qgy7vt74xmouisyslwm3fgfj/app.bsky.feed.generator/aaaapknzigxfi,suggested_labelerexp,35,at://did:plc:mkbtimara5yrxs5a47qw6hvd/app.bsky.feed.post/3mfsgptv7tk2i,bafyreib6k6ytktgsgprvdunsszrvu5wyfntieah6mf2c6n2df3qmztzcbq,did:plc:mkbtimara5yrxs5a47qw6hvd,tootswoot.bsky.social,,
83fd3da1571945f78ee1ec3456c3980a,2026-02-27T20:00:00Z,2026-02-27T20:17:20Z,auth,auth_enUS_labelerexp,at://did:plc:qgy7vt74xmouisyslwm3fgfj/app.bsky.feed.generator/aaaapknzigxfi,suggested_labelerexp,36,at://did:plc:mkbtimara5yrxs5a47qw6hvd/app.bsky.feed.post/3mfsfrkvaxc2i,bafyreibu4zxenzjvah5ob5umjwswlkcy76r5v3watshs7453smnsyce43q,did:plc:mkbtimara5yrxs5a47qw6hvd,tootswoot.bsky.social,,
83fd3da1571945f78ee1ec3456c3980a,2026-02-27T20:00:00Z,2026-02-27T20:17:20Z,auth,auth_enUS_labelerexp,at://did:plc:qgy7vt74xmouisyslwm3fgfj/app.bsky.feed.generator/aaaapknzigxfi,suggested_labelerexp,37,at://did:plc:uurbqolmugmtepoblpmfdphz/app.bsky.feed.post/3mfsewy7l7c23,bafyreifs6g2hpwhm7da3b6g25jgnh2j4q4zhd2w3znkwvc6yfz5clz3f24,did:plc:uurbqolmugmtepoblpmfdphz,4ukr.bsky.social,,
83fd3da1571945f78ee1ec3456c3980a,2026-02-27T20:00:00Z,2026-02-27T20:17:20Z,auth,auth_enUS_labelerexp,at://did:plc:qgy7vt74xmouisyslwm3fgfj/app.bsky.feed.generator/aaaapknzigxfi,suggested_labelerexp,38,at://did:plc:g4xpehdi2ju26tyaodu6wn3q/app.bsky.feed.post/3mfschsudtk2b,bafyreicpmkp4dixlfyvhbx24eq7vpnjs4luz6ttaep7nu52dko4vdpqx3i,did:plc:g4xpehdi2ju26tyaodu6wn3q,loisacelane.bsky.social,,
83fd3da1571945f78ee1ec3456c3980a,2026-02-27T20:00:00Z,2026-02-27T20:17:20Z,auth,auth_enUS_labelerexp,at://did:plc:qgy7vt74xmouisyslwm3fgfj/app.bsky.feed.generator/aaaapknzigxfi,suggested_labelerexp,39,at://did:plc:g4xpehdi2ju26tyaodu6wn3q/app.bsky.feed.post/3mfscd4pa622b,bafyreihvkillck3llsjkr4hslt4exvr5gzgodsmyuzey4xm3lofwiwzirq,did:plc:g4xpehdi2ju26tyaodu6wn3q,loisacelane.bsky.social,,
83fd3da1571945f78ee1ec3456c3980a,2026-02-27T20:00:00Z,2026-02-27T20:17:20Z,auth,auth_enUS_labelerexp,at://did:plc:qgy7vt74xmouisyslwm3fgfj/app.bsky.feed.generator/aaaapknzigxfi,suggested_labelerexp,40,at://did:plc:qouz6smplczwlwizp272xomz/app.bsky.feed.post/3mfs7z6fgj226,bafyreid2dfmnga2iy6ur5lyu4k5mchmt4vmsujw6wazjvprylvz6eblmhq,did:plc:qouz6smplczwlwizp272xomz,cameliaab.bsky.social,,
83fd3da1571945f78ee1ec3456c3980a,2026-02-27T20:00:00Z,2026-02-27T20:17:20Z,auth,auth_enUS_labelerexp,at://did:plc:qgy7vt74xmouisyslwm3fgfj/app.bsky.feed.generator/aaaapknzigxfi,suggested_labelerexp,41,at://did:plc:g4xpehdi2ju26tyaodu6wn3q/app.bsky.feed.post/3mfs7sqc2qs2b,bafyreihtgvycs7vqvaywjdgptarrppomqeipndhexyewfwwzhhq2wbw4om,did:plc:g4xpehdi2ju26tyaodu6wn3q,loisacelane.bsky.social,,
83fd3da1571945f78ee1ec3456c3980a,2026-02-27T20:00:00Z,2026-02-27T20:17:20Z,auth,auth_enUS_labelerexp,at://did:plc:qgy7vt74xmouisyslwm3fgfj/app.bsky.feed.generator/aaaapknzigxfi,suggested_labelerexp,42,at://did:plc:tsix4scvgfvre3vr62xyj4v2/app.bsky.feed.post/3mfs52euv7s2w,bafyreif2fx7znakypp5vwrhna6cugxk5t5tzquwxzulkfxnsmmgob56fpm,did:plc:tsix4scvgfvre3vr62xyj4v2,teamyuri.bsky.social,,
83fd3da1571945f78ee1ec3456c3980a,2026-02-27T20:00:00Z,2026-02-27T20:17:20Z,auth,auth_enUS_labelerexp,at://did:plc:qgy7vt74xmouisyslwm3fgfj/app.bsky.feed.generator/aaaapknzigxfi,suggested_labelerexp,43,at://did:plc:hlluibac2baczfx2uwkymcpk/app.bsky.feed.post/3mfs2erb3422d,bafyreiaixwiq6vsej4yx6n7tw3qyzrl4zvamjf7do6ypwmudgbv5w7gjlu,did:plc:hlluibac2baczfx2uwkymcpk,wolfytoine.bsky.social,,
83fd3da1571945f78ee1ec3456c3980a,2026-02-27T20:00:00Z,2026-02-27T20:17:20Z,auth,auth_enUS_labelerexp,at://did:plc:qgy7vt74xmouisyslwm3fgfj/app.bsky.feed.generator/aaaapknzigxfi,suggested_labelerexp,44,at://did:plc:xpyb6adjnpkml7ik5nocbjtb/app.bsky.feed.post/3mfrwwyyxas2b,bafyreifytww6x3puetlafaoyilizcn6sgau3zfjedbenuckwumlfwwhc2e,did:plc:xpyb6adjnpkml7ik5nocbjtb,lacerantplainer.bsky.social,,
83fd3da1571945f78ee1ec3456c3980a,2026-02-27T20:00:00Z,2026-02-27T20:17:20Z,auth,auth_enUS_labelerexp,at://did:plc:qgy7vt74xmouisyslwm3fgfj/app.bsky.feed.generator/aaaapknzigxfi,suggested_labelerexp,45,at://did:plc:tnj3jgp7incytukydchorvs3/app.bsky.feed.post/3mfrruh5suk2d,bafyreigymmrmbykiuwfrau5igooar5w65hmeoj2qvmetlmfnexkzxad6cq,did:plc:tnj3jgp7incytukydchorvs3,elllilili.bsky.social,,
83fd3da1571945f78ee1ec3456c3980a,2026-02-27T20:00:00Z,2026-02-27T20:17:20Z,auth,auth_enUS_labelerexp,at://did:plc:qgy7vt74xmouisyslwm3fgfj/app.bsky.feed.generator/aaaapknzigxfi,suggested_labelerexp,46,at://did:plc:mkbtimara5yrxs5a47qw6hvd/app.bsky.feed.post/3mfrqo2us4s2e,bafyreidowcncvrzowlqldh3g3bw5fv4hopg7juiztjihojzqoabdkss3fy,did:plc:mkbtimara5yrxs5a47qw6hvd,tootswoot.bsky.social,,
83fd3da1571945f78ee1ec3456c3980a,2026-02-27T20:00:00Z,2026-02-27T20:17:20Z,auth,auth_enUS_labelerexp,at://did:plc:qgy7vt74xmouisyslwm3fgfj/app.bsky.feed.generator/aaaapknzigxfi,suggested_labelerexp,47,at://did:plc:mkbtimara5yrxs5a47qw6hvd/app.bsky.feed.post/3mfrqfxvpm22v,bafyreiheeo6fc4tygiotjotx7oxjdjp46uapftdvv676injxmksx2y2cfi,did:plc:mkbtimara5yrxs5a47qw6hvd,tootswoot.bsky.social,,
83fd3da1571945f78ee1ec3456c3980a,2026-02-27T20:00:00Z,2026-02-27T20:17:20Z,auth,auth_enUS_labelerexp,at://did:plc:qgy7vt74xmouisyslwm3fgfj/app.bsky.feed.generator/aaaapknzigxfi,suggested_labelerexp,48,at://did:plc:ehfrxh5oafz4xiqekfya3ha2/app.bsky.feed.post/3mfrpcx4pw22j,bafyreigunrvuviec4d7uvvcr7nwurozjzdy6ny743oa5ogw5mglg3vix74,did:plc:ehfrxh5oafz4xiqekfya3ha2,petrenkoandryi.bsky.social,,
83fd3da1571945f78ee1ec3456c3980a,2026-02-27T20:00:00Z,2026-02-27T20:17:20Z,auth,auth_enUS_labelerexp,at://did:plc:qgy7vt74xmouisyslwm3fgfj/app.bsky.feed.generator/aaaapknzigxfi,suggested_labelerexp,49,at://did:plc:mkbtimara5yrxs5a47qw6hvd/app.bsky.feed.post/3mfrp4m3bx22t,bafyreidgzuvrm3am6liv47rb7zrosx7xl2kbv5umpkxxhrcj7cynq2xcbe,did:plc:mkbtimara5yrxs5a47qw6hvd,tootswoot.bsky.social,,
83fd3da1571945f78ee1ec3456c3980a,2026-02-27T20:00:00Z,2026-02-27T20:17:20Z,auth,auth_enUS_labelerexp,at://did:plc:qgy7vt74xmouisyslwm3fgfj/app.bsky.feed.generator/aaaapknzigxfi,suggested_labelerexp,50,at://did:plc:grdwwfscb3mdzzhvah7yfanq/app.bsky.feed.post/3mfrngsbqu22v,bafyreicd2z4lftnz3pkblakg4vut63ecnlu7kylq7ilh3fnhitg6mjdj4y,did:plc:grdwwfscb3mdzzhvah7yfanq,ponadusemkua.bsky.social,,
83fd3da1571945f78ee1ec3456c3980a,2026-02-27T20:00:00Z,2026-02-27T20:17:21Z,auth,auth_enUS_labelerexp,at://did:plc:qywyjbhivdo4b333ilkf2zsh/app.bsky.feed.generator/aaadbjz6gsg6c,suggested_labelerexp,1,at://did:plc:kv2zk5wwx2jiiisxgfxr3szq/app.bsky.feed.post/3mfujbpawks2b,bafyreidipniuafgbozdqvxh3ntoelgewcimxkkqx52ie7phf3rjpfmcn7a,did:plc:kv2zk5wwx2jiiisxgfxr3szq,sadirastone.bsky.social,,
83fd3da1571945f78ee1ec3456c3980a,2026-02-27T20:00:00Z,2026-02-27T20:17:21Z,auth,auth_enUS_labelerexp,at://did:plc:qywyjbhivdo4b333ilkf2zsh/app.bsky.feed.generator/aaadbjz6gsg6c,suggested_labelerexp,2,at://did:plc:pql3gvizehmgp3moaqflri7m/app.bsky.feed.post/3mfuiu2i5r323,bafyreih6c47fx7terjzgzct5j34ggqmdyiydy7cw5qdqrz4ld2s3dqwn6q,did:plc:pql3gvizehmgp3moaqflri7m,lynnmichaels.bsky.social,,
83fd3da1571945f78ee1ec3456c3980a,2026-02-27T20:00:00Z,2026-02-27T20:17:21Z,auth,auth_enUS_labelerexp,at://did:plc:qywyjbhivdo4b333ilkf2zsh/app.bsky.feed.generator/aaadbjz6gsg6c,suggested_labelerexp,3,at://did:plc:uzrxb4k7h4n7sqolep27b6wt/app.bsky.feed.post/3mfuhrvlye22q,bafyreie5lxhoz6jtxlijkitfmjpkrmo3e6kx3umle33k66xhsaxeyjpkga,did:plc:uzrxb4k7h4n7sqolep27b6wt,bonobochick.bsky.social,,
83fd3da1571945f78ee1ec3456c3980a,2026-02-27T20:00:00Z,2026-02-27T20:17:21Z,auth,auth_enUS_labelerexp,at://did:plc:qywyjbhivdo4b333ilkf2zsh/app.bsky.feed.generator/aaadbjz6gsg6c,suggested_labelerexp,4,at://did:plc:ggk5iorblekim65knokejdgx/app.bsky.feed.post/3mfuhfotsks2y,bafyreicmxmunpxadcnxm3h25yl62aadbv7vkre732e2zu7ersyhejsddfa,did:plc:ggk5iorblekim65knokejdgx,ashthestampede.bsky.social,,
83fd3da1571945f78ee1ec3456c3980a,2026-02-27T20:00:00Z,2026-02-27T20:17:21Z,auth,auth_enUS_labelerexp,at://did:plc:qywyjbhivdo4b333ilkf2zsh/app.bsky.feed.generator/aaadbjz6gsg6c,suggested_labelerexp,5,at://did:plc:6pheq2dcosnemiofswdtda5o/app.bsky.feed.post/3mfugb4kszs2v,bafyreigmtqmq5buyp3e5ddrnmc3ioyxbqjws75mwfkn2rifvqkngxldszi,did:plc:6pheq2dcosnemiofswdtda5o,ingloriousgigi.bsky.social,,
83fd3da1571945f78ee1ec3456c3980a,2026-02-27T20:00:00Z,2026-02-27T20:17:21Z,auth,auth_enUS_labelerexp,at://did:plc:qywyjbhivdo4b333ilkf2zsh/app.bsky.feed.generator/aaadbjz6gsg6c,suggested_labelerexp,6,at://did:plc:ikceylxgc7ddzaozxm6433q3/app.bsky.feed.post/3mfufz6sgtk2b,bafyreigzo5gtvvrqej6n4bgkify3dttlprqhxnt4agdshoaodpeus3pokm,did:plc:ikceylxgc7ddzaozxm6433q3,saddletramp1956.bsky.social,,
83fd3da1571945f78ee1ec3456c3980a,2026-02-27T20:00:00Z,2026-02-27T20:17:21Z,auth,auth_enUS_labelerexp,at://did:plc:qywyjbhivdo4b333ilkf2zsh/app.bsky.feed.generator/aaadbjz6gsg6c,suggested_labelerexp,7,at://did:plc:53oowya7yj2bkqsh3xvpoibu/app.bsky.feed.post/3mfuferyeoq2x,bafyreiaan45bwexb7ucfe4meyjghx4svzaxhetjapzg5fzvmbuxgxsxyai,did:plc:53oowya7yj2bkqsh3xvpoibu,tl-ryan.bsky.social,,
83fd3da1571945f78ee1ec3456c3980a,2026-02-27T20:00:00Z,2026-02-27T20:17:21Z,auth,auth_enUS_labelerexp,at://did:plc:qywyjbhivdo4b333ilkf2zsh/app.bsky.feed.generator/aaadbjz6gsg6c,suggested_labelerexp,8,at://did:plc:fdywya2w6tt4a2cjnju27sk2/app.bsky.feed.post/3mfuf36dzuc2e,bafyreid2nfvj25lqscjkfo2jtjyqjhg3m2jjsu64f2vmbwncugmaw2hnpe,did:plc:fdywya2w6tt4a2cjnju27sk2,cassandrableigh.bsky.social,,
83fd3da1571945f78ee1ec3456c3980a,2026-02-27T20:00:00Z,2026-02-27T20:17:21Z,auth,auth_enUS_labelerexp,at://did:plc:qywyjbhivdo4b333ilkf2zsh/app.bsky.feed.generator/aaadbjz6gsg6c,suggested_labelerexp,9,at://did:plc:ikceylxgc7ddzaozxm6433q3/app.bsky.feed.post/3mfueoxj2a22b,bafyreiggtiwbht65dxd3by76hm7e3ouwjp2xolw4cgu2iho24myh6xnvom,did:plc:ikceylxgc7ddzaozxm6433q3,saddletramp1956.bsky.social,,
83fd3da1571945f78ee1ec3456c3980a,2026-02-27T20:00:00Z,2026-02-27T20:17:21Z,auth,auth_enUS_labelerexp,at://did:plc:qywyjbhivdo4b333ilkf2zsh/app.bsky.feed.generator/aaadbjz6gsg6c,suggested_labelerexp,10,at://did:plc:35ugharc7o2n7fhsaefdu6nc/app.bsky.feed.post/3mfucwzavjk2f,bafyreicmewqdfp6v6evdwme5dd2chskcwlzklkjsdxwqt467f45u7j5h4q,did:plc:35ugharc7o2n7fhsaefdu6nc,miriamgershow.bsky.social,,
83fd3da1571945f78ee1ec3456c3980a,2026-02-27T20:00:00Z,2026-02-27T20:17:21Z,auth,auth_enUS_labelerexp,at://did:plc:qywyjbhivdo4b333ilkf2zsh/app.bsky.feed.generator/aaadbjz6gsg6c,suggested_labelerexp,11,at://did:plc:rvez4nurfhmymhjziokl3kyv/app.bsky.feed.post/3mfucl6ccqk2l,bafyreig3t346vcoo7vio4zciktjmyvavasdofosephanlzfvbpr52ulsge,did:plc:rvez4nurfhmymhjziokl3kyv,saracrown.bsky.social,,
83fd3da1571945f78ee1ec3456c3980a,2026-02-27T20:00:00Z,2026-02-27T20:17:21Z,auth,auth_enUS_labelerexp,at://did:plc:qywyjbhivdo4b333ilkf2zsh/app.bsky.feed.generator/aaadbjz6gsg6c,suggested_labelerexp,12,at://did:plc:wqf6c7rlaszimix55baknc47/app.bsky.feed.post/3mfuc4i7iqp2u,bafyreidrtlxzgpsbjkgjhyi4sbqehqb66e2mbtsboncxjik3bqsuxrrkc4,did:plc:wqf6c7rlaszimix55baknc47,heavingbosoms.com,,
83fd3da1571945f78ee1ec3456c3980a,2026-02-27T20:00:00Z,2026-02-27T20:17:21Z,auth,auth_enUS_labelerexp,at://did:plc:qywyjbhivdo4b333ilkf2zsh/app.bsky.feed.generator/aaadbjz6gsg6c,suggested_labelerexp,13,at://did:plc:wgf2omogiwfvdei7bchh5s7r/app.bsky.feed.post/3mfuc3tksl62w,bafyreihm7ziy6mcedzwwgmphj5ykg7cyiz3okdy37ozdn6b3rkaau4k7ty,did:plc:wgf2omogiwfvdei7bchh5s7r,emilyrookstruelust.bsky.social,,
83fd3da1571945f78ee1ec3456c3980a,2026-02-27T20:00:00Z,2026-02-27T20:17:21Z,auth,auth_enUS_labelerexp,at://did:plc:qywyjbhivdo4b333ilkf2zsh/app.bsky.feed.generator/aaadbjz6gsg6c,suggested_labelerexp,14,at://did:plc:634ttii4juaofqwdqkm6hhht/app.bsky.feed.post/3mfuax5gmpk23,bafyreid27iuc5w2bkgbmagwhouupueu5qffwdgznwcoc2y7fqx5x72rv7a,did:plc:634ttii4juaofqwdqkm6hhht,elinwyn.bsky.social,,
83fd3da1571945f78ee1ec3456c3980a,2026-02-27T20:00:00Z,2026-02-27T20:17:21Z,auth,auth_enUS_labelerexp,at://did:plc:qywyjbhivdo4b333ilkf2zsh/app.bsky.feed.generator/aaadbjz6gsg6c,suggested_labelerexp,15,at://did:plc:cuhm5jzjf4hopukmiqezjbnb/app.bsky.feed.post/3mfu7ejl35m2v,bafyreigiqr74mabhwln2ifc3e3t7bo6rgz27cbgi2oetlxe5ivj4go23ya,did:plc:cuhm5jzjf4hopukmiqezjbnb,blakerwolfe.bsky.social,,
83fd3da1571945f78ee1ec3456c3980a,2026-02-27T20:00:00Z,2026-02-27T20:17:21Z,auth,auth_enUS_labelerexp,at://did:plc:qywyjbhivdo4b333ilkf2zsh/app.bsky.feed.generator/aaadbjz6gsg6c,suggested_labelerexp,16,at://did:plc:y24urhffyc52dajy5pi6ygp3/app.bsky.feed.post/3mfu6znqebf2q,bafyreibw7avfvkcll5owrtpsdavw4kfbp4ztgi7unrzk6ygigz2q23dewq,did:plc:y24urhffyc52dajy5pi6ygp3,lydiamichaels.bsky.social,,
83fd3da1571945f78ee1ec3456c3980a,2026-02-27T20:00:00Z,2026-02-27T20:17:21Z,auth,auth_enUS_labelerexp,at://did:plc:qywyjbhivdo4b333ilkf2zsh/app.bsky.feed.generator/aaadbjz6gsg6c,suggested_labelerexp,17,at://did:plc:ybiw3n6suz32lhwciuoi5mdy/app.bsky.feed.post/3mfu6wus24u26,bafyreibitx3tnv6ywxjys2cvspwfwgdo7flcjaquc5r3xfxrwjm4w4rvna,did:plc:ybiw3n6suz32lhwciuoi5mdy,p4ppodcast.bsky.social,,
83fd3da1571945f78ee1ec3456c3980a,2026-02-27T20:00:00Z,2026-02-27T20:17:21Z,auth,auth_enUS_labelerexp,at://did:plc:qywyjbhivdo4b333ilkf2zsh/app.bsky.feed.generator/aaadbjz6gsg6c,suggested_labelerexp,18,at://did:plc:56wwhpdhpmk44untnrq4w5wl/app.bsky.feed.post/3mfu6rl2nnv2n,bafyreighrb54asalh4j3pqofbjqrfn2hk2262tpbtt6nmnm5mcqckgg2wa,did:plc:56wwhpdhpmk44untnrq4w5wl,alliemccormackk.bsky.social,,
83fd3da1571945f78ee1ec3456c3980a,2026-02-27T20:00:00Z,2026-02-27T20:17:21Z,auth,auth_enUS_labelerexp,at://did:plc:qywyjbhivdo4b333ilkf2zsh/app.bsky.feed.generator/aaadbjz6gsg6c,suggested_labelerexp,19,at://did:plc:xe5p5lxambjzlfxi7qfi765a/app.bsky.feed.post/3mfu6qvea5s2e,bafyreibskxyowshww6lotfi3v2uab5ckq2xcnwgbazgpo4jyb2reukxiwa,did:plc:xe5p5lxambjzlfxi7qfi765a,sophiajanehayden.link,,
83fd3da1571945f78ee1ec3456c3980a,2026-02-27T20:00:00Z,2026-02-27T20:17:21Z,auth,auth_enUS_labelerexp,at://did:plc:qywyjbhivdo4b333ilkf2zsh/app.bsky.feed.generator/aaadbjz6gsg6c,suggested_labelerexp,20,at://did:plc:wgf2omogiwfvdei7bchh5s7r/app.bsky.feed.post/3mfu6pmgejk2i,bafyreigt6u7sbwb6z2kl2gqtr3r7pcbolnavrqcxzz6pkbqlv6b4hkdkyi,did:plc:wgf2omogiwfvdei7bchh5s7r,emilyrookstruelust.bsky.social,,
83fd3da1571945f78ee1ec3456c3980a,2026-02-27T20:00:00Z,2026-02-27T20:17:21Z,auth,auth_enUS_labelerexp,at://did:plc:qywyjbhivdo4b333ilkf2zsh/app.bsky.feed.generator/aaadbjz6gsg6c,suggested_labelerexp,21,at://did:plc:rmjconpldkourhtggdcnweqf/app.bsky.feed.post/3mfu6ezo3hs2s,bafyreihzvldupk7veeyrevxifxgftz25urwxi7lds3uluxxobnxrgfhoia,did:plc:rmjconpldkourhtggdcnweqf,stephanieburgis.bsky.social,,
83fd3da1571945f78ee1ec3456c3980a,2026-02-27T20:00:00Z,2026-02-27T20:17:21Z,auth,auth_enUS_labelerexp,at://did:plc:qywyjbhivdo4b333ilkf2zsh/app.bsky.feed.generator/aaadbjz6gsg6c,suggested_labelerexp,22,at://did:plc:acri5giytvnrhcnbeg7air5f/app.bsky.feed.post/3mfu67gj2gs2k,bafyreihwpuekta3ubmdigz6q3lfbrpscss4cwhkxrycrwvkhj3owiv5pui,did:plc:acri5giytvnrhcnbeg7air5f,suleikhasnyder.bsky.social,,
83fd3da1571945f78ee1ec3456c3980a,2026-02-27T20:00:00Z,2026-02-27T20:17:21Z,auth,auth_enUS_labelerexp,at://did:plc:qywyjbhivdo4b333ilkf2zsh/app.bsky.feed.generator/aaadbjz6gsg6c,suggested_labelerexp,23,at://did:plc:iszb46dchfmpgue6mdzfpqsa/app.bsky.feed.post/3mfu676oqoc25,bafyreidlz3vvobbts6i6t5d2jcplqvjrdcsizxtm63w22sa472e67bvste,did:plc:iszb46dchfmpgue6mdzfpqsa,romanticread.bsky.social,,
83fd3da1571945f78ee1ec3456c3980a,2026-02-27T20:00:00Z,2026-02-27T20:17:21Z,auth,auth_enUS_labelerexp,at://did:plc:qywyjbhivdo4b333ilkf2zsh/app.bsky.feed.generator/aaadbjz6gsg6c,suggested_labelerexp,24,at://did:plc:vimtirijcbrfnkm6oomtgwze/app.bsky.feed.post/3mfu5vijfds2a,bafyreih7w2eang7lofvgyi2uytggxfc7czaieo2wo6gyp3ynsdyx7ynpwq,did:plc:vimtirijcbrfnkm6oomtgwze,wendyannliving1.bsky.social,,
83fd3da1571945f78ee1ec3456c3980a,2026-02-27T20:00:00Z,2026-02-27T20:17:21Z,auth,auth_enUS_labelerexp,at://did:plc:qywyjbhivdo4b333ilkf2zsh/app.bsky.feed.generator/aaadbjz6gsg6c,suggested_labelerexp,25,at://did:plc:3tkjiwujd7mvvvik6ytlxxux/app.bsky.feed.post/3mfu5dignlz23,bafyreig42dz4dug6vpbfvuywkcbwn4ueehfp4ta3md3ohmcl3ncrknvyzy,did:plc:3tkjiwujd7mvvvik6ytlxxux,ajmurphywrites.bsky.social,,
83fd3da1571945f78ee1ec3456c3980a,2026-02-27T20:00:00Z,2026-02-27T20:17:21Z,auth,auth_enUS_labelerexp,at://did:plc:qywyjbhivdo4b333ilkf2zsh/app.bsky.feed.generator/aaadbjz6gsg6c,suggested_labelerexp,26,at://did:plc:bnvfnzjpzwt6otkxnosgm6ih/app.bsky.feed.post/3mfu4zzmyvh25,bafyreigpnqjs3uefehfumkhtpd362ledkiygewqcvbmjqpybpdthdap4te,did:plc:bnvfnzjpzwt6otkxnosgm6ih,jessiemihalik.com,,
83fd3da1571945f78ee1ec3456c3980a,2026-02-27T20:00:00Z,2026-02-27T20:17:21Z,auth,auth_enUS_labelerexp,at://did:plc:qywyjbhivdo4b333ilkf2zsh/app.bsky.feed.generator/aaadbjz6gsg6c,suggested_labelerexp,27,at://did:plc:gya7qk7r6pi5ip3wjnupidg6/app.bsky.feed.post/3mfu4ccsdxc2c,bafyreihhsus44tq3rozj42cqfb25e3slq3k4bfpwjmswvpaj5tyxbjy4qy,did:plc:gya7qk7r6pi5ip3wjnupidg6,didireads.bsky.social,,
83fd3da1571945f78ee1ec3456c3980a,2026-02-27T20:00:00Z,2026-02-27T20:17:21Z,auth,auth_enUS_labelerexp,at://did:plc:qywyjbhivdo4b333ilkf2zsh/app.bsky.feed.generator/aaadbjz6gsg6c,suggested_labelerexp,28,at://did:plc:ivcio3xww6qor6zq7pzotvog/app.bsky.feed.post/3mfu4azznxc2a,bafyreie4tpdjg7hksjlo37bczrkpm7zo4wq2skywct7gsldqouzzj2q3mi,did:plc:ivcio3xww6qor6zq7pzotvog,suzannewinslow.bsky.social,,
83fd3da1571945f78ee1ec3456c3980a,2026-02-27T20:00:00Z,2026-02-27T20:17:21Z,auth,auth_enUS_labelerexp,at://did:plc:qywyjbhivdo4b333ilkf2zsh/app.bsky.feed.generator/aaadbjz6gsg6c,suggested_labelerexp,29,at://did:plc:quxjulijqt5r2xdlznhbfxdf/app.bsky.feed.post/3mfu3ty6lwk27,bafyreieuflp4jpyucsdhudupgculmrgn7th5rpuzipmxx57zv27vuf3n6u,did:plc:quxjulijqt5r2xdlznhbfxdf,michellehazen.bsky.social,,
83fd3da1571945f78ee1ec3456c3980a,2026-02-27T20:00:00Z,2026-02-27T20:17:21Z,auth,auth_enUS_labelerexp,at://did:plc:qywyjbhivdo4b333ilkf2zsh/app.bsky.feed.generator/aaadbjz6gsg6c,suggested_labelerexp,30,at://did:plc:gya7qk7r6pi5ip3wjnupidg6/app.bsky.feed.post/3mfu3fe2oj225,bafyreigarwwyuddogwelbdyrqept4p5jnssguaymutpn5tl6cz63q45b3q,did:plc:gya7qk7r6pi5ip3wjnupidg6,didireads.bsky.social,,
83fd3da1571945f78ee1ec3456c3980a,2026-02-27T20:00:00Z,2026-02-27T20:17:21Z,auth,auth_enUS_labelerexp,at://did:plc:qywyjbhivdo4b333ilkf2zsh/app.bsky.feed.generator/aaadbjz6gsg6c,suggested_labelerexp,31,at://did:plc:wgf2omogiwfvdei7bchh5s7r/app.bsky.feed.post/3mfu3edh2gm2w,bafyreih2tktllccx5pshum2q7tk3sksz547cw2okyxwbuvmkivfn5iziia,did:plc:wgf2omogiwfvdei7bchh5s7r,emilyrookstruelust.bsky.social,,
83fd3da1571945f78ee1ec3456c3980a,2026-02-27T20:00:00Z,2026-02-27T20:17:21Z,auth,auth_enUS_labelerexp,at://did:plc:qywyjbhivdo4b333ilkf2zsh/app.bsky.feed.generator/aaadbjz6gsg6c,suggested_labelerexp,32,at://did:plc:errgw4hsbmc7bqr2ryjw32ma/app.bsky.feed.post/3mfu36pqz2c23,bafyreidyki6zejmfnai656x3tq3btzrpjmzpdxrepnvrkpiubhzs52hpl4,did:plc:errgw4hsbmc7bqr2ryjw32ma,caffeinatedpr.com,,
83fd3da1571945f78ee1ec3456c3980a,2026-02-27T20:00:00Z,2026-02-27T20:17:21Z,auth,auth_enUS_labelerexp,at://did:plc:qywyjbhivdo4b333ilkf2zsh/app.bsky.feed.generator/aaadbjz6gsg6c,suggested_labelerexp,33,at://did:plc:jwmvzhxldhqzfxntgcyqtdr6/app.bsky.feed.post/3mfu2htrzvc2h,bafyreifiho22nkn4r475x62zzgbv5d4iqdrp3rznhhjeq25qlra4jdygoa,did:plc:jwmvzhxldhqzfxntgcyqtdr6,editsbykristi.bsky.social,,
83fd3da1571945f78ee1ec3456c3980a,2026-02-27T20:00:00Z,2026-02-27T20:17:21Z,auth,auth_enUS_labelerexp,at://did:plc:qywyjbhivdo4b333ilkf2zsh/app.bsky.feed.generator/aaadbjz6gsg6c,suggested_labelerexp,34,at://did:plc:mk6ovyp4u6jh4vqxx4r6v6oj/app.bsky.feed.post/3mftzq5rltk2s,bafyreibsqs6pkrxybylkvbi675mbsbvyxr7ybt36tbu4p5w3pzfpetrla4,did:plc:mk6ovyp4u6jh4vqxx4r6v6oj,angelswithattitude.bsky.social,,
83fd3da1571945f78ee1ec3456c3980a,2026-02-27T20:00:00Z,2026-02-27T20:17:21Z,auth,auth_enUS_labelerexp,at://did:plc:qywyjbhivdo4b333ilkf2zsh/app.bsky.feed.generator/aaadbjz6gsg6c,suggested_labelerexp,35,at://did:plc:cuhm5jzjf4hopukmiqezjbnb/app.bsky.feed.post/3mftze5q5y42v,bafyreianx4yrqqpmfkqi35byuf2j2cpmbrgerpwtb7gpktd7qv5lclcete,did:plc:cuhm5jzjf4hopukmiqezjbnb,blakerwolfe.bsky.social,,
83fd3da1571945f78ee1ec3456c3980a,2026-02-27T20:00:00Z,2026-02-27T20:17:21Z,auth,auth_enUS_labelerexp,at://did:plc:qywyjbhivdo4b333ilkf2zsh/app.bsky.feed.generator/aaadbjz6gsg6c,suggested_labelerexp,36,at://did:plc:p6gsbwtjrlkgewl53hthivmd/app.bsky.feed.post/3mftz7hnnjc2e,bafyreidsbyxo2pzemvpt7pzmpj43wyv3w37vsq25qiqre3bgd377gfb63m,did:plc:p6gsbwtjrlkgewl53hthivmd,selenaillyria.bsky.social,,
83fd3da1571945f78ee1ec3456c3980a,2026-02-27T20:00:00Z,2026-02-27T20:17:21Z,auth,auth_enUS_labelerexp,at://did:plc:qywyjbhivdo4b333ilkf2zsh/app.bsky.feed.generator/aaadbjz6gsg6c,suggested_labelerexp,37,at://did:plc:p6gsbwtjrlkgewl53hthivmd/app.bsky.feed.post/3mftz424bnc2e,bafyreia3q7xubpbjaeewih3ogxdagpchxenxjidbxzjir4sexwz6s4y45y,did:plc:p6gsbwtjrlkgewl53hthivmd,selenaillyria.bsky.social,,
83fd3da1571945f78ee1ec3456c3980a,2026-02-27T20:00:00Z,2026-02-27T20:17:21Z,auth,auth_enUS_labelerexp,at://did:plc:qywyjbhivdo4b333ilkf2zsh/app.bsky.feed.generator/aaadbjz6gsg6c,suggested_labelerexp,38,at://did:plc:p6gsbwtjrlkgewl53hthivmd/app.bsky.feed.post/3mftz3allfd27,bafyreigggeuwbrali4yiqe6ndi2w5afxdzqo5lvfuritl657etnshko45m,did:plc:p6gsbwtjrlkgewl53hthivmd,selenaillyria.bsky.social,,
83fd3da1571945f78ee1ec3456c3980a,2026-02-27T20:00:00Z,2026-02-27T20:17:21Z,auth,auth_enUS_labelerexp,at://did:plc:qywyjbhivdo4b333ilkf2zsh/app.bsky.feed.generator/aaadbjz6gsg6c,suggested_labelerexp,39,at://did:plc:p6gsbwtjrlkgewl53hthivmd/app.bsky.feed.post/3mftyzwdjnd2y,bafyreidqdnhaf6eojipdvsqrpsbdn3woespcx7v3gfxneh3bwexagxjydm,did:plc:p6gsbwtjrlkgewl53hthivmd,selenaillyria.bsky.social,,
83fd3da1571945f78ee1ec3456c3980a,2026-02-27T20:00:00Z,2026-02-27T20:17:21Z,auth,auth_enUS_labelerexp,at://did:plc:qywyjbhivdo4b333ilkf2zsh/app.bsky.feed.generator/aaadbjz6gsg6c,suggested_labelerexp,40,at://did:plc:p6gsbwtjrlkgewl53hthivmd/app.bsky.feed.post/3mftyyczcpn24,bafyreif6uouw2sujqokwv3jniolepjdhi7j2zehsakydhplv6qvkitjpdq,did:plc:p6gsbwtjrlkgewl53hthivmd,selenaillyria.bsky.social,,
83fd3da1571945f78ee1ec3456c3980a,2026-02-27T20:00:00Z,2026-02-27T20:17:21Z,auth,auth_enUS_labelerexp,at://did:plc:qywyjbhivdo4b333ilkf2zsh/app.bsky.feed.generator/aaadbjz6gsg6c,suggested_labelerexp,41,at://did:plc:4ga2wt3lgsraw5hpw5x4q4lh/app.bsky.feed.post/3mftyiyohxk2u,bafyreigblqvqtifpikqgbjf3aphwih2d4mlq2nzk5symoejvweodzfxrrq,did:plc:4ga2wt3lgsraw5hpw5x4q4lh,elizabethbarone.com,,
83fd3da1571945f78ee1ec3456c3980a,2026-02-27T20:00:00Z,2026-02-27T20:17:21Z,auth,auth_enUS_labelerexp,at://did:plc:qywyjbhivdo4b333ilkf2zsh/app.bsky.feed.generator/aaadbjz6gsg6c,suggested_labelerexp,42,at://did:plc:mk6ovyp4u6jh4vqxx4r6v6oj/app.bsky.feed.post/3mftygdhp4s2s,bafyreic26pu424dlhfjua76e6q6ebhjhirsjlzfgd5aw44upvapf6lidl4,did:plc:mk6ovyp4u6jh4vqxx4r6v6oj,angelswithattitude.bsky.social,,
83fd3da1571945f78ee1ec3456c3980a,2026-02-27T20:00:00Z,2026-02-27T20:17:21Z,auth,auth_enUS_labelerexp,at://did:plc:qywyjbhivdo4b333ilkf2zsh/app.bsky.feed.generator/aaadbjz6gsg6c,suggested_labelerexp,43,at://did:plc:24agl6flbmuuaaoe75br3qdn/app.bsky.feed.post/3mftxxqg5cs24,bafyreibj4iy2fc4dnwddlxuhs3lmezjwlaycankwb6etq6mr2jyfft4jxu,did:plc:24agl6flbmuuaaoe75br3qdn,valentinewriting.bsky.social,,
83fd3da1571945f78ee1ec3456c3980a,2026-02-27T20:00:00Z,2026-02-27T20:17:21Z,auth,auth_enUS_labelerexp,at://did:plc:qywyjbhivdo4b333ilkf2zsh/app.bsky.feed.generator/aaadbjz6gsg6c,suggested_labelerexp,44,at://did:plc:2tsjnh4nbwnmi7hxfat4zeyq/app.bsky.feed.post/3mftxwwg2ec25,bafyreiasj6wwzxhnc7mze5dtucdg5uuvvw3y2znucmznyick4ov7zt5vii,did:plc:2tsjnh4nbwnmi7hxfat4zeyq,ashe-green.bsky.social,,
83fd3da1571945f78ee1ec3456c3980a,2026-02-27T20:00:00Z,2026-02-27T20:17:21Z,auth,auth_enUS_labelerexp,at://did:plc:qywyjbhivdo4b333ilkf2zsh/app.bsky.feed.generator/aaadbjz6gsg6c,suggested_labelerexp,45,at://did:plc:dd7nzyqh4i6pek4cfrcvjulq/app.bsky.feed.post/3mftxpl7qks2n,bafyreibbph3ipuruyitdidyq7g476h7ecsahb4zgs5jjotlszyvyjesr5e,did:plc:dd7nzyqh4i6pek4cfrcvjulq,joyffree.bsky.social,,
83fd3da1571945f78ee1ec3456c3980a,2026-02-27T20:00:00Z,2026-02-27T20:17:21Z,auth,auth_enUS_labelerexp,at://did:plc:qywyjbhivdo4b333ilkf2zsh/app.bsky.feed.generator/aaadbjz6gsg6c,suggested_labelerexp,46,at://did:plc:ikceylxgc7ddzaozxm6433q3/app.bsky.feed.post/3mftxeq4ykc25,bafyreigo7l2u33rmkztc7t3jdtbrh2gzngrwi36yteduk3ob3kb2a6r7bi,did:plc:ikceylxgc7ddzaozxm6433q3,saddletramp1956.bsky.social,,
83fd3da1571945f78ee1ec3456c3980a,2026-02-27T20:00:00Z,2026-02-27T20:17:21Z,auth,auth_enUS_labelerexp,at://did:plc:qywyjbhivdo4b333ilkf2zsh/app.bsky.feed.generator/aaadbjz6gsg6c,suggested_labelerexp,47,at://did:plc:65c3nz3u3pthf32p52rper6j/app.bsky.feed.post/3mftx4dpyvc2v,bafyreib3skorgxepdecrrhqs6a6cweor2ikpl3e4vtgpv6mpq42hgoyyxy,did:plc:65c3nz3u3pthf32p52rper6j,authorkelsierae.bsky.social,,
83fd3da1571945f78ee1ec3456c3980a,2026-02-27T20:00:00Z,2026-02-27T20:17:21Z,auth,auth_enUS_labelerexp,at://did:plc:qywyjbhivdo4b333ilkf2zsh/app.bsky.feed.generator/aaadbjz6gsg6c,suggested_labelerexp,48,at://did:plc:cc5h3j2ehs4prif7mnsfoqqe/app.bsky.feed.post/3mftvdoq2pt2g,bafyreib6elms3whql3cifnvfsu2hrvbwipmm6mhyekxqafxsyen5sk3wqq,did:plc:cc5h3j2ehs4prif7mnsfoqqe,lucyfelthouse.bsky.social,,
83fd3da1571945f78ee1ec3456c3980a,2026-02-27T20:00:00Z,2026-02-27T20:17:21Z,auth,auth_enUS_labelerexp,at://did:plc:qywyjbhivdo4b333ilkf2zsh/app.bsky.feed.generator/aaadbjz6gsg6c,suggested_labelerexp,49,at://did:plc:yxxh7hwp7owwsxs7r6hy63kb/app.bsky.feed.post/3mftv6h2ktk2k,bafyreifbimu3hfd5j63ia2jkan6nv2krtuskskj7zz7vyfvp32wmgv3zhu,did:plc:yxxh7hwp7owwsxs7r6hy63kb,tiffanyeauthor.bsky.social,,
83fd3da1571945f78ee1ec3456c3980a,2026-02-27T20:00:00Z,2026-02-27T20:17:21Z,auth,auth_enUS_labelerexp,at://did:plc:qywyjbhivdo4b333ilkf2zsh/app.bsky.feed.generator/aaadbjz6gsg6c,suggested_labelerexp,50,at://did:plc:arg6cb5x7haucuqyhwhfe5k7/app.bsky.feed.post/3mftv5oyty22r,bafyreie5qg6tlshhmrff7ijirszy2mwu76wejkjaiekl4zo2yxl4s3idpq,did:plc:arg6cb5x7haucuqyhwhfe5k7,octaviaatlas.bsky.social,,
83fd3da1571945f78ee1ec3456c3980a,2026-02-27T20:00:00Z,2026-02-27T20:17:23Z,auth,auth_enUS_labelerexp,at://did:plc:vjyot2w7zeomrslomwpfxirl/app.bsky.feed.generator/aaabucto6sdf6,suggested_labelerexp,1,at://did:plc:6hit5rjdbmlnscmuk4bbtmuc/app.bsky.feed.post/3k2qvqalifm22,bafyreig53k6lo5tfvtiwxtp65anbafvcu4wq7rt3bmb2r64ora6tf5mg34,did:plc:6hit5rjdbmlnscmuk4bbtmuc,rincewind.run,,
83fd3da1571945f78ee1ec3456c3980a,2026-02-27T20:00:00Z,2026-02-27T20:17:23Z,auth,auth_enUS_labelerexp,at://did:plc:vjyot2w7zeomrslomwpfxirl/app.bsky.feed.generator/aaabucto6sdf6,suggested_labelerexp,2,at://did:plc:selsekqxn4n6hgtgn2mo4gqy/app.bsky.feed.post/3mfuijvryes2r,bafyreia524az54aspr7pa3kvb2fc3yhu4mjpuyyc2355kbl4udoqvljoza,did:plc:selsekqxn4n6hgtgn2mo4gqy,sandraduffy.bsky.social,,
83fd3da1571945f78ee1ec3456c3980a,2026-02-27T20:00:00Z,2026-02-27T20:17:23Z,auth,auth_enUS_labelerexp,at://did:plc:vjyot2w7zeomrslomwpfxirl/app.bsky.feed.generator/aaabucto6sdf6,suggested_labelerexp,3,at://did:plc:nvlpn7eh5pguohnla5k35wzc/app.bsky.feed.post/3mfuhd77tfs2g,bafyreifpxdrbqtuslxgu7felt3gnqfg4vcvnarvb6ntp44hfuotiluvxjy,did:plc:nvlpn7eh5pguohnla5k35wzc,waspbox.bsky.social,,
83fd3da1571945f78ee1ec3456c3980a,2026-02-27T20:00:00Z,2026-02-27T20:17:23Z,auth,auth_enUS_labelerexp,at://did:plc:vjyot2w7zeomrslomwpfxirl/app.bsky.feed.generator/aaabucto6sdf6,suggested_labelerexp,4,at://did:plc:shmn5ii6evoen6sc4f7c7yes/app.bsky.feed.post/3mfuhbr5ctk22,bafyreihu4bhkfqdbqjoy2dsunt7huzoinvln5cgu5hzcttvx3rpvti5niu,did:plc:shmn5ii6evoen6sc4f7c7yes,stabiloffc.bsky.social,,
83fd3da1571945f78ee1ec3456c3980a,2026-02-27T20:00:00Z,2026-02-27T20:17:23Z,auth,auth_enUS_labelerexp,at://did:plc:vjyot2w7zeomrslomwpfxirl/app.bsky.feed.generator/aaabucto6sdf6,suggested_labelerexp,5,at://did:plc:vdz2vuany7vmbwllh7vdw3ia/app.bsky.feed.post/3mfuh74x2zc2g,bafyreibxrffwlkz34wnsvlp2gp5jireawvh3czq3djuc254xtyrkvs5pbu,did:plc:vdz2vuany7vmbwllh7vdw3ia,trance.bsky.social,,
83fd3da1571945f78ee1ec3456c3980a,2026-02-27T20:00:00Z,2026-02-27T20:17:23Z,auth,auth_enUS_labelerexp,at://did:plc:vjyot2w7zeomrslomwpfxirl/app.bsky.feed.generator/aaabucto6sdf6,suggested_labelerexp,6,at://did:plc:ucymjgimxs7f6ay7jwfppuz6/app.bsky.feed.post/3mfufb7ttkk2l,bafyreielxz7kr2wbdx7twc22jkcp767th3g7petqzvwgcurd3ftkr35wry,did:plc:ucymjgimxs7f6ay7jwfppuz6,celestecreations.bsky.social,,
83fd3da1571945f78ee1ec3456c3980a,2026-02-27T20:00:00Z,2026-02-27T20:17:23Z,auth,auth_enUS_labelerexp,at://did:plc:vjyot2w7zeomrslomwpfxirl/app.bsky.feed.generator/aaabucto6sdf6,suggested_labelerexp,7,at://did:plc:mzr65ritc2beadxqji3fzjtz/app.bsky.feed.post/3mfudbzmmrc2y,bafyreihso5odu25mug2f4x3j6ks3hs3lxfoh6raekuqlapxkqoz5heel5i,did:plc:mzr65ritc2beadxqji3fzjtz,dansutcliffe.bsky.social,,
83fd3da1571945f78ee1ec3456c3980a,2026-02-27T20:00:00Z,2026-02-27T20:17:23Z,auth,auth_enUS_labelerexp,at://did:plc:vjyot2w7zeomrslomwpfxirl/app.bsky.feed.generator/aaabucto6sdf6,suggested_labelerexp,8,at://did:plc:kt2gl3viiiyhuckpgziucdg2/app.bsky.feed.post/3mfucwngvt22r,bafyreigmdux6tnqxjigufhdpyyfw6yggx7xll43pzxd6jexymbbxuonrd4,did:plc:kt2gl3viiiyhuckpgziucdg2,lhoandbehold.bsky.social,,
83fd3da1571945f78ee1ec3456c3980a,2026-02-27T20:00:00Z,2026-02-27T20:17:23Z,auth,auth_enUS_labelerexp,at://did:plc:vjyot2w7zeomrslomwpfxirl/app.bsky.feed.generator/aaabucto6sdf6,suggested_labelerexp,9,at://did:plc:5oxasiif2gywksxd2ipsurdy/app.bsky.feed.post/3mfucrnn5722y,bafyreifylmwjqkqgbda3jektl5i5oz27y74jqpx4dt4bdpv42pmd6622by,did:plc:5oxasiif2gywksxd2ipsurdy,stonerainguy.bsky.social,,
83fd3da1571945f78ee1ec3456c3980a,2026-02-27T20:00:00Z,2026-02-27T20:17:23Z,auth,auth_enUS_labelerexp,at://did:plc:vjyot2w7zeomrslomwpfxirl/app.bsky.feed.generator/aaabucto6sdf6,suggested_labelerexp,10,at://did:plc:cdty3k6kpjwvkl25eofttg4d/app.bsky.feed.post/3mfuc7yfkhk2o,bafyreiaa7gbpvfgvhhheityuj4cvpfh3ddo437plhmqwutwz2byn2jcvme,did:plc:cdty3k6kpjwvkl25eofttg4d,purplyorange.bsky.social,,
83fd3da1571945f78ee1ec3456c3980a,2026-02-27T20:00:00Z,2026-02-27T20:17:23Z,auth,auth_enUS_labelerexp,at://did:plc:vjyot2w7zeomrslomwpfxirl/app.bsky.feed.generator/aaabucto6sdf6,suggested_labelerexp,11,at://did:plc:lm6zrbmg3uqy3mrlg5tvwwct/app.bsky.feed.post/3mfuc6u7pok2n,bafyreia4gwaruppqid4zzbzoqtf5xtrrvhsmt66pqukrtro7w6hxf3hieu,did:plc:lm6zrbmg3uqy3mrlg5tvwwct,odarygh.bsky.social,,
83fd3da1571945f78ee1ec3456c3980a,2026-02-27T20:00:00Z,2026-02-27T20:17:23Z,auth,auth_enUS_labelerexp,at://did:plc:vjyot2w7zeomrslomwpfxirl/app.bsky.feed.generator/aaabucto6sdf6,suggested_labelerexp,12,at://did:plc:z6mkcz3pm4z7wtnatk6h45m7/app.bsky.feed.post/3mfuc4ojwfy2f,bafyreifgrrbk2qcvuq4xmhspxx4ytbynk5pt7noa4ikjbf2frhtehsnrye,did:plc:z6mkcz3pm4z7wtnatk6h45m7,humblebooks.com,,
83fd3da1571945f78ee1ec3456c3980a,2026-02-27T20:00:00Z,2026-02-27T20:17:23Z,auth,auth_enUS_labelerexp,at://did:plc:vjyot2w7zeomrslomwpfxirl/app.bsky.feed.generator/aaabucto6sdf6,suggested_labelerexp,13,at://did:plc:fumw2rqmu2b6vzhalaptov3h/app.bsky.feed.post/3mfuc4oai3z2k,bafyreicfufip24forvrwa3rwkop6k3jwn4jr3orxexnkz3bx6qhkc7kveu,did:plc:fumw2rqmu2b6vzhalaptov3h,humblebundle.com,,
83fd3da1571945f78ee1ec3456c3980a,2026-02-27T20:00:00Z,2026-02-27T20:17:23Z,auth,auth_enUS_labelerexp,at://did:plc:vjyot2w7zeomrslomwpfxirl/app.bsky.feed.generator/aaabucto6sdf6,suggested_labelerexp,14,at://did:plc:odxutqbojuw7fjmt5jxxqztb/app.bsky.feed.post/3mfuc3xxmv22u,bafyreid7obphas7fhim5geu24fsipd26cnftzmfqn2enn6sixrjyyqqn3a,did:plc:odxutqbojuw7fjmt5jxxqztb,hazelebaumgartner.bsky.social,,
83fd3da1571945f78ee1ec3456c3980a,2026-02-27T20:00:00Z,2026-02-27T20:17:23Z,auth,auth_enUS_labelerexp,at://did:plc:vjyot2w7zeomrslomwpfxirl/app.bsky.feed.generator/aaabucto6sdf6,suggested_labelerexp,15,at://did:plc:bpq6ej7s2xedax6f65itwdp2/app.bsky.feed.post/3mfubzcrpfc24,bafyreicykmdiz6sujqhp7yejrt2cugukvoxynmgno45j4wepzyharmjac4,did:plc:bpq6ej7s2xedax6f65itwdp2,thorsepus.bsky.social,,
83fd3da1571945f78ee1ec3456c3980a,2026-02-27T20:00:00Z,2026-02-27T20:17:23Z,auth,auth_enUS_labelerexp,at://did:plc:vjyot2w7zeomrslomwpfxirl/app.bsky.feed.generator/aaabucto6sdf6,suggested_labelerexp,16,at://did:plc:bypozlmixipm2pls3ifwjry7/app.bsky.feed.post/3mfubx4b6fs2k,bafyreig4rzkzvejuwsyd65lyu5nzamq253katezb7xi47usryiqbbkqagy,did:plc:bypozlmixipm2pls3ifwjry7,caladria.bsky.social,,
83fd3da1571945f78ee1ec3456c3980a,2026-02-27T20:00:00Z,2026-02-27T20:17:23Z,auth,auth_enUS_labelerexp,at://did:plc:vjyot2w7zeomrslomwpfxirl/app.bsky.feed.generator/aaabucto6sdf6,suggested_labelerexp,17,at://did:plc:g2onvg6ufpz7ionjpieaoaoz/app.bsky.feed.post/3mfub3cx3a22p,bafyreidstqxzz2dfy6odrygvmahaubxqbtrk6bhugtr76jcgb6talqvkqa,did:plc:g2onvg6ufpz7ionjpieaoaoz,parttimedogfish.bsky.social,,
83fd3da1571945f78ee1ec3456c3980a,2026-02-27T20:00:00Z,2026-02-27T20:17:23Z,auth,auth_enUS_labelerexp,at://did:plc:vjyot2w7zeomrslomwpfxirl/app.bsky.feed.generator/aaabucto6sdf6,suggested_labelerexp,18,at://did:plc:uzd666lta7yu2dqegq7eet37/app.bsky.feed.post/3mfuat5poas2i,bafyreiantfqaoyo7sdqdafsnsygm5shxgulhadcyqpx6zjpsby4l5uwbf4,did:plc:uzd666lta7yu2dqegq7eet37,wolframdonat.com,,
83fd3da1571945f78ee1ec3456c3980a,2026-02-27T20:00:00Z,2026-02-27T20:17:23Z,auth,auth_enUS_labelerexp,at://did:plc:vjyot2w7zeomrslomwpfxirl/app.bsky.feed.generator/aaabucto6sdf6,suggested_labelerexp,19,at://did:plc:xwdrsh3tdprt55pusx244d6w/app.bsky.feed.post/3mfu747wjls2y,bafyreihsqfif4rywna7phq6icqbflevjy3vf6rviqdopzioq6nmvuszm6a,did:plc:xwdrsh3tdprt55pusx244d6w,adamrb.bsky.social,,
83fd3da1571945f78ee1ec3456c3980a,2026-02-27T20:00:00Z,2026-02-27T20:17:23Z,auth,auth_enUS_labelerexp,at://did:plc:vjyot2w7zeomrslomwpfxirl/app.bsky.feed.generator/aaabucto6sdf6,suggested_labelerexp,20,at://did:plc:wxf2a7md2bugezb6eyw66q2x/app.bsky.feed.post/3mfu6tn24v62s,bafyreic6c6zuaiesx62vvsaiqrrxg2ggxgp3nap6yuzjuol2plhbrs5f54,did:plc:wxf2a7md2bugezb6eyw66q2x,peternoster.bsky.social,,
83fd3da1571945f78ee1ec3456c3980a,2026-02-27T20:00:00Z,2026-02-27T20:17:23Z,auth,auth_enUS_labelerexp,at://did:plc:vjyot2w7zeomrslomwpfxirl/app.bsky.feed.generator/aaabucto6sdf6,suggested_labelerexp,21,at://did:plc:gp6agmnbuebhoo52krct46kr/app.bsky.feed.post/3mfu6kfzlks2f,bafyreih7flipyxqmpsunsrowkqsytfifdfhjt2bghya4xgjgmxndhfoebe,did:plc:gp6agmnbuebhoo52krct46kr,artildawn.bsky.social,,
83fd3da1571945f78ee1ec3456c3980a,2026-02-27T20:00:00Z,2026-02-27T20:17:23Z,auth,auth_enUS_labelerexp,at://did:plc:vjyot2w7zeomrslomwpfxirl/app.bsky.feed.generator/aaabucto6sdf6,suggested_labelerexp,22,at://did:plc:nxnvulbtjpmwt2j5hbepbm66/app.bsky.feed.post/3mfu5ztgv7c24,bafyreibfxo42q7snlww7qkymnsabdji5cm34pe3dof6ofwcth3pguvewxm,did:plc:nxnvulbtjpmwt2j5hbepbm66,caspoof.bsky.social,,
83fd3da1571945f78ee1ec3456c3980a,2026-02-27T20:00:00Z,2026-02-27T20:17:23Z,auth,auth_enUS_labelerexp,at://did:plc:vjyot2w7zeomrslomwpfxirl/app.bsky.feed.generator/aaabucto6sdf6,suggested_labelerexp,23,at://did:plc:wnvmqb7ivl5lmewvu4a6e7xe/app.bsky.feed.post/3mfu5ybgjc225,bafyreiglrw5tawudodo4kl6hioppodzzqs3zeah7f4e6ohuuc2ocqhfwkq,did:plc:wnvmqb7ivl5lmewvu4a6e7xe,skybrush.bsky.social,,
83fd3da1571945f78ee1ec3456c3980a,2026-02-27T20:00:00Z,2026-02-27T20:17:23Z,auth,auth_enUS_labelerexp,at://did:plc:vjyot2w7zeomrslomwpfxirl/app.bsky.feed.generator/aaabucto6sdf6,suggested_labelerexp,24,at://did:plc:klvxqltti65uhegpc2wshar3/app.bsky.feed.post/3mfu4zuy3as2h,bafyreidigvbe75msjmfvvxqp2yp6w6ivslryywyqekyv77bu5c3o3udfbq,did:plc:klvxqltti65uhegpc2wshar3,joqatana.bsky.social,,
83fd3da1571945f78ee1ec3456c3980a,2026-02-27T20:00:00Z,2026-02-27T20:17:23Z,auth,auth_enUS_labelerexp,at://did:plc:vjyot2w7zeomrslomwpfxirl/app.bsky.feed.generator/aaabucto6sdf6,suggested_labelerexp,25,at://did:plc:6ag3d7tcyksepngn4aj2zggm/app.bsky.feed.post/3mfu4kb4bzc2v,bafyreibstolkqh4yoochw7xiwlprftk5kpouci6lllrztvhg3qrruhv5xi,did:plc:6ag3d7tcyksepngn4aj2zggm,jarrak.bsky.social,,
83fd3da1571945f78ee1ec3456c3980a,2026-02-27T20:00:00Z,2026-02-27T20:17:23Z,auth,auth_enUS_labelerexp,at://did:plc:vjyot2w7zeomrslomwpfxirl/app.bsky.feed.generator/aaabucto6sdf6,suggested_labelerexp,26,at://did:plc:br46znjppcoqfvgncfewe5rs/app.bsky.feed.post/3mfu3zfkl3k2k,bafyreib2se3xlbxriqfj5lb3n2l3cindsiuqs5cze7yupypouipkr6nsfe,did:plc:br46znjppcoqfvgncfewe5rs,samoliba.bsky.social,,
83fd3da1571945f78ee1ec3456c3980a,2026-02-27T20:00:00Z,2026-02-27T20:17:23Z,auth,auth_enUS_labelerexp,at://did:plc:vjyot2w7zeomrslomwpfxirl/app.bsky.feed.generator/aaabucto6sdf6,suggested_labelerexp,27,at://did:plc:4d6amjgzogbhpw4qmbsellp5/app.bsky.feed.post/3mfu3oaqn2s2i,bafyreieacelsdanfox4gf5wfqywkiabwmek4h4ot2zqqljy4q4e5w6wk4a,did:plc:4d6amjgzogbhpw4qmbsellp5,gmgray.bsky.social,,
83fd3da1571945f78ee1ec3456c3980a,2026-02-27T20:00:00Z,2026-02-27T20:17:23Z,auth,auth_enUS_labelerexp,at://did:plc:vjyot2w7zeomrslomwpfxirl/app.bsky.feed.generator/aaabucto6sdf6,suggested_labelerexp,28,at://did:plc:zs5x7cevcjn2wxttoo674gr3/app.bsky.feed.post/3mfu2nf5qws26,bafyreidcaflrzxtjf4wngdm2oeem34tgw36zq5cxysjgywgpx4qrqtrnwa,did:plc:zs5x7cevcjn2wxttoo674gr3,ohheydanny.bsky.social,,
83fd3da1571945f78ee1ec3456c3980a,2026-02-27T20:00:00Z,2026-02-27T20:17:23Z,auth,auth_enUS_labelerexp,at://did:plc:vjyot2w7zeomrslomwpfxirl/app.bsky.feed.generator/aaabucto6sdf6,suggested_labelerexp,29,at://did:plc:ntr55oz2xvoj7blxvlxktuxt/app.bsky.feed.post/3mfu2kilkvk2x,bafyreig3aavzwykhnu6p2i2gaglqllc4anbz46pk7ul2jqeu2frkcq7dci,did:plc:ntr55oz2xvoj7blxvlxktuxt,linkman1.bsky.social,,
83fd3da1571945f78ee1ec3456c3980a,2026-02-27T20:00:00Z,2026-02-27T20:17:23Z,auth,auth_enUS_labelerexp,at://did:plc:vjyot2w7zeomrslomwpfxirl/app.bsky.feed.generator/aaabucto6sdf6,suggested_labelerexp,30,at://did:plc:gwrmnz7i3afow6skx6tlskwj/app.bsky.feed.post/3mfu2idq5522x,bafyreidlehp57ks6ipozra5jboizju42i5wmfskrwqmoqz2yvzwjtl4wv4,did:plc:gwrmnz7i3afow6skx6tlskwj,crowkids.bsky.social,,
83fd3da1571945f78ee1ec3456c3980a,2026-02-27T20:00:00Z,2026-02-27T20:17:23Z,auth,auth_enUS_labelerexp,at://did:plc:vjyot2w7zeomrslomwpfxirl/app.bsky.feed.generator/aaabucto6sdf6,suggested_labelerexp,31,at://did:plc:6igxsacoa6azysyvd7yce27w/app.bsky.feed.post/3mftzimh7ms2p,bafyreihhmp3ghytintomlpoak25yvlcc2mwwdog66xijlzl5das2yng5ie,did:plc:6igxsacoa6azysyvd7yce27w,basti24.de,,
83fd3da1571945f78ee1ec3456c3980a,2026-02-27T20:00:00Z,2026-02-27T20:17:23Z,auth,auth_enUS_labelerexp,at://did:plc:vjyot2w7zeomrslomwpfxirl/app.bsky.feed.generator/aaabucto6sdf6,suggested_labelerexp,32,at://did:plc:owapfj22desj2dloifhw7uy5/app.bsky.feed.post/3mftzaxbcc22z,bafyreice4lgbok2nedpqrqk7gdcw7hkpopa3md65forrfupbxp2m3bpkua,did:plc:owapfj22desj2dloifhw7uy5,melthemartian.bsky.social,,
83fd3da1571945f78ee1ec3456c3980a,2026-02-27T20:00:00Z,2026-02-27T20:17:23Z,auth,auth_enUS_labelerexp,at://did:plc:vjyot2w7zeomrslomwpfxirl/app.bsky.feed.generator/aaabucto6sdf6,suggested_labelerexp,33,at://did:plc:vpettpfuf3lsvzrnmzpnvg3j/app.bsky.feed.post/3mftyhhkcfc2w,bafyreihgwlznz6ffgk3yckjogzqa4iz4alg3qeam6gyyitsxc2bvozmfou,did:plc:vpettpfuf3lsvzrnmzpnvg3j,nolessthanagod.bsky.social,,
83fd3da1571945f78ee1ec3456c3980a,2026-02-27T20:00:00Z,2026-02-27T20:17:23Z,auth,auth_enUS_labelerexp,at://did:plc:vjyot2w7zeomrslomwpfxirl/app.bsky.feed.generator/aaabucto6sdf6,suggested_labelerexp,34,at://did:plc:d2qu4c4xrxhpifl5pp5mkroy/app.bsky.feed.post/3mfty6byrmk2p,bafyreic6usqkbrjwybtefk5eiltqjuvtbiegukqds2b3eoqvjbnbob3sq4,did:plc:d2qu4c4xrxhpifl5pp5mkroy,protojman.com,,
83fd3da1571945f78ee1ec3456c3980a,2026-02-27T20:00:00Z,2026-02-27T20:17:23Z,auth,auth_enUS_labelerexp,at://did:plc:vjyot2w7zeomrslomwpfxirl/app.bsky.feed.generator/aaabucto6sdf6,suggested_labelerexp,35,at://did:plc:2g4c2j43lfczkcu5w3lpjbmy/app.bsky.feed.post/3mftwl5pxps2y,bafyreigjh2cue6ubzab2ypluvlxdy62zw2eop2n47h64gtvehxvcdxngkm,did:plc:2g4c2j43lfczkcu5w3lpjbmy,jinshei.bsky.social,,
83fd3da1571945f78ee1ec3456c3980a,2026-02-27T20:00:00Z,2026-02-27T20:17:23Z,auth,auth_enUS_labelerexp,at://did:plc:vjyot2w7zeomrslomwpfxirl/app.bsky.feed.generator/aaabucto6sdf6,suggested_labelerexp,36,at://did:plc:hnbgr6d2kpfqbhxrivqdb2mw/app.bsky.feed.post/3mfttnqgbt22i,bafyreiewtwss7w6cc3mwioe6rcojlk5ctxlm25reu6aq636cadn553xtxi,did:plc:hnbgr6d2kpfqbhxrivqdb2mw,davem3393.bsky.social,,
83fd3da1571945f78ee1ec3456c3980a,2026-02-27T20:00:00Z,2026-02-27T20:17:23Z,auth,auth_enUS_labelerexp,at://did:plc:vjyot2w7zeomrslomwpfxirl/app.bsky.feed.generator/aaabucto6sdf6,suggested_labelerexp,37,at://did:plc:6sgjdmq5jixxx4ohu2yb5s5o/app.bsky.feed.post/3mfttl7qeq22y,bafyreigdcw4hdsfsfuqsrsackfu4bilr6chc5mfdmhqstrrwsifgwfpdu4,did:plc:6sgjdmq5jixxx4ohu2yb5s5o,adorkablesmile.bsky.social,,
83fd3da1571945f78ee1ec3456c3980a,2026-02-27T20:00:00Z,2026-02-27T20:17:23Z,auth,auth_enUS_labelerexp,at://did:plc:vjyot2w7zeomrslomwpfxirl/app.bsky.feed.generator/aaabucto6sdf6,suggested_labelerexp,38,at://did:plc:czzzagfyzoabffqn6oces3gn/app.bsky.feed.post/3mftse3vprk2i,bafyreidtixi7d5ucqswert4hjlclk5nfmwkov2jnmnddk4p6vhk2bg3cpe,did:plc:czzzagfyzoabffqn6oces3gn,griml0cked.bsky.social,,
83fd3da1571945f78ee1ec3456c3980a,2026-02-27T20:00:00Z,2026-02-27T20:17:23Z,auth,auth_enUS_labelerexp,at://did:plc:vjyot2w7zeomrslomwpfxirl/app.bsky.feed.generator/aaabucto6sdf6,suggested_labelerexp,39,at://did:plc:5ysyaasdoqsbf6cxc72f3y7i/app.bsky.feed.post/3mfts252wjc2n,bafyreif26ltrqelvlewwxmnwdcldknf5lzwmnzblgbp67r7xy5e5m2snva,did:plc:5ysyaasdoqsbf6cxc72f3y7i,jannakrone.bsky.social,,
83fd3da1571945f78ee1ec3456c3980a,2026-02-27T20:00:00Z,2026-02-27T20:17:23Z,auth,auth_enUS_labelerexp,at://did:plc:vjyot2w7zeomrslomwpfxirl/app.bsky.feed.generator/aaabucto6sdf6,suggested_labelerexp,40,at://did:plc:fzkointcrhnjscvsi2euxglg/app.bsky.feed.post/3mftqd4c3ec2l,bafyreifsyxqaj4yj2rv7wdjtgea2zywonibhm7ytf6ea3tgnfjmy3ssdpm,did:plc:fzkointcrhnjscvsi2euxglg,borameer.bsky.social,,
83fd3da1571945f78ee1ec3456c3980a,2026-02-27T20:00:00Z,2026-02-27T20:17:23Z,auth,auth_enUS_labelerexp,at://did:plc:vjyot2w7zeomrslomwpfxirl/app.bsky.feed.generator/aaabucto6sdf6,suggested_labelerexp,41,at://did:plc:ujenk7j2qgindgnlz4pi2trz/app.bsky.feed.post/3mftppfm35c2u,bafyreifbq664nytaiyspa5wdhz5k34syoocasqph2bz74va4i32r6vc6gi,did:plc:ujenk7j2qgindgnlz4pi2trz,shannonfallon.com,,
83fd3da1571945f78ee1ec3456c3980a,2026-02-27T20:00:00Z,2026-02-27T20:17:23Z,auth,auth_enUS_labelerexp,at://did:plc:vjyot2w7zeomrslomwpfxirl/app.bsky.feed.generator/aaabucto6sdf6,suggested_labelerexp,42,at://did:plc:flpfwd36ahipuslvlnnfciep/app.bsky.feed.post/3mftp4mhdx226,bafyreif4n5utfcmszgjscqh5z3o3jv4ezwfxu5ewwj6lmzkaftmv6vroy4,did:plc:flpfwd36ahipuslvlnnfciep,akivamcohen.bsky.social,,
83fd3da1571945f78ee1ec3456c3980a,2026-02-27T20:00:00Z,2026-02-27T20:17:23Z,auth,auth_enUS_labelerexp,at://did:plc:vjyot2w7zeomrslomwpfxirl/app.bsky.feed.generator/aaabucto6sdf6,suggested_labelerexp,43,at://did:plc:vmzty32mjfhximqvpnmj3g5t/app.bsky.feed.post/3mftocnn55s25,bafyreibjxlbxdkckfekf5ou4q4kpd7kiatz7tndo4phuu52lzw5astnp4e,did:plc:vmzty32mjfhximqvpnmj3g5t,deremhestraven.bsky.social,,
83fd3da1571945f78ee1ec3456c3980a,2026-02-27T20:00:00Z,2026-02-27T20:17:23Z,auth,auth_enUS_labelerexp,at://did:plc:vjyot2w7zeomrslomwpfxirl/app.bsky.feed.generator/aaabucto6sdf6,suggested_labelerexp,44,at://did:plc:rfenfgehvx2cuyu7memmmaio/app.bsky.feed.post/3mftluharsc26,bafyreiemanus433vtxsv66cz4vhaywdym6h6n5xhauv7wd57gt7uesuodq,did:plc:rfenfgehvx2cuyu7memmmaio,dosnoe.bsky.social,,
83fd3da1571945f78ee1ec3456c3980a,2026-02-27T20:00:00Z,2026-02-27T20:17:23Z,auth,auth_enUS_labelerexp,at://did:plc:vjyot2w7zeomrslomwpfxirl/app.bsky.feed.generator/aaabucto6sdf6,suggested_labelerexp,45,at://did:plc:madb6aud32pem27pmchrfq5u/app.bsky.feed.post/3mftka2l5rs24,bafyreicblzxo56ccleivqqjdvmmuom7yq7orzn2roj2clkby5heviv7ope,did:plc:madb6aud32pem27pmchrfq5u,halpin.bsky.social,,
83fd3da1571945f78ee1ec3456c3980a,2026-02-27T20:00:00Z,2026-02-27T20:17:23Z,auth,auth_enUS_labelerexp,at://did:plc:vjyot2w7zeomrslomwpfxirl/app.bsky.feed.generator/aaabucto6sdf6,suggested_labelerexp,46,at://did:plc:otipmsygb6ynup3thodkezvo/app.bsky.feed.post/3mftk5tyt6k2a,bafyreigzk2t4nopbewcvuqu2qgptmwmgtqi7v2ehgum46qbhsyvzpvyo6u,did:plc:otipmsygb6ynup3thodkezvo,daelf.bsky.social,,
83fd3da1571945f78ee1ec3456c3980a,2026-02-27T20:00:00Z,2026-02-27T20:17:23Z,auth,auth_enUS_labelerexp,at://did:plc:vjyot2w7zeomrslomwpfxirl/app.bsky.feed.generator/aaabucto6sdf6,suggested_labelerexp,47,at://did:plc:yhjcukxlt45awk3ww7pm5r36/app.bsky.feed.post/3mftjlnl5vs2c,bafyreicc3gkhlh3p5odmlv7uh3xiou3goliuxs3sqap2ebgpmrettu327m,did:plc:yhjcukxlt45awk3ww7pm5r36,bretonjustine.bsky.social,,
83fd3da1571945f78ee1ec3456c3980a,2026-02-27T20:00:00Z,2026-02-27T20:17:23Z,auth,auth_enUS_labelerexp,at://did:plc:vjyot2w7zeomrslomwpfxirl/app.bsky.feed.generator/aaabucto6sdf6,suggested_labelerexp,48,at://did:plc:rptdqj3hgfc3jdmbxvporyym/app.bsky.feed.post/3mftg3k3ovk2o,bafyreibxa5o5ra3yw6siiczpytv5n6ddzvaarni425uj45ksuceqtspblq,did:plc:rptdqj3hgfc3jdmbxvporyym,launcelot14.bsky.social,,
83fd3da1571945f78ee1ec3456c3980a,2026-02-27T20:00:00Z,2026-02-27T20:17:23Z,auth,auth_enUS_labelerexp,at://did:plc:vjyot2w7zeomrslomwpfxirl/app.bsky.feed.generator/aaabucto6sdf6,suggested_labelerexp,49,at://did:plc:4prdi55toppp7fte6hs5nghn/app.bsky.feed.post/3mftcynbpd22i,bafyreidk72up4ojbmtvfp3av5luab5gncyalnamkvi6i4hwfqdbixydsva,did:plc:4prdi55toppp7fte6hs5nghn,phyphor.one-dash.org,,
83fd3da1571945f78ee1ec3456c3980a,2026-02-27T20:00:00Z,2026-02-27T20:17:23Z,auth,auth_enUS_labelerexp,at://did:plc:vjyot2w7zeomrslomwpfxirl/app.bsky.feed.generator/aaabucto6sdf6,suggested_labelerexp,50,at://did:plc:3gizqgxq6crzhe6zzm3scfju/app.bsky.feed.post/3mftagv6ljs2k,bafyreictald43szt743he4a7yhn53kajyrpoxi5sokbuc6qa2z2j7wd4vy,did:plc:3gizqgxq6crzhe6zzm3scfju,corky68.bsky.social,,
83fd3da1571945f78ee1ec3456c3980a,2026-02-27T20:00:00Z,2026-02-27T20:17:29Z,auth,auth_enUS_labelerexp,at://did:plc:z72i7hdynmk6r22z27h6tvur/app.bsky.feed.generator/bsky-team,suggested_labelerexp,1,at://did:plc:z72i7hdynmk6r22z27h6tvur/app.bsky.feed.post/3mfl45k3q6s2l,bafyreia3o227oth3caxgnl4jct4czzlg7dwjk2fgvs7x2gj5oqqyjqkhh4,did:plc:z72i7hdynmk6r22z27h6tvur,bsky.app,,
83fd3da1571945f78ee1ec3456c3980a,2026-02-27T20:00:00Z,2026-02-27T20:17:29Z,auth,auth_enUS_labelerexp,at://did:plc:z72i7hdynmk6r22z27h6tvur/app.bsky.feed.generator/bsky-team,suggested_labelerexp,2,at://did:plc:z72i7hdynmk6r22z27h6tvur/app.bsky.feed.post/3mfkhetnvdk2p,bafyreigvolkagzyeapwfi753otqonvnwvrm5shmg73chstkvkle2ax5twi,did:plc:z72i7hdynmk6r22z27h6tvur,bsky.app,,
83fd3da1571945f78ee1ec3456c3980a,2026-02-27T20:00:00Z,2026-02-27T20:17:29Z,auth,auth_enUS_labelerexp,at://did:plc:z72i7hdynmk6r22z27h6tvur/app.bsky.feed.generator/bsky-team,suggested_labelerexp,3,at://did:plc:ewvi7nxzyoun6zhxrhs64oiz/app.bsky.feed.post/3mf5pgwprik2b,bafyreibbkolgdqczpx2vy277ntiogrmxac6hyedh5prgqtgbhlihws25zu,did:plc:ewvi7nxzyoun6zhxrhs64oiz,atproto.com,,
83fd3da1571945f78ee1ec3456c3980a,2026-02-27T20:00:00Z,2026-02-27T20:17:29Z,auth,auth_enUS_labelerexp,at://did:plc:z72i7hdynmk6r22z27h6tvur/app.bsky.feed.generator/bsky-team,suggested_labelerexp,4,at://did:plc:z72i7hdynmk6r22z27h6tvur/app.bsky.feed.post/3mf32ydgqn223,bafyreidp7pvhsr33fpdyuzpmlnac3eweucurdyq7urr2omygzi26du2yqa,did:plc:z72i7hdynmk6r22z27h6tvur,bsky.app,,
83fd3da1571945f78ee1ec3456c3980a,2026-02-27T20:00:00Z,2026-02-27T20:17:29Z,auth,auth_enUS_labelerexp,at://did:plc:z72i7hdynmk6r22z27h6tvur/app.bsky.feed.generator/bsky-team,suggested_labelerexp,5,at://did:plc:ewvi7nxzyoun6zhxrhs64oiz/app.bsky.feed.post/3mf2y35apvc2i,bafyreifbqmtzrs5ghefh2iuc32w3w4dwh6x2usbqyaux7x3jbeylcwaypi,did:plc:ewvi7nxzyoun6zhxrhs64oiz,atproto.com,,
83fd3da1571945f78ee1ec3456c3980a,2026-02-27T20:00:00Z,2026-02-27T20:17:29Z,auth,auth_enUS_labelerexp,at://did:plc:z72i7hdynmk6r22z27h6tvur/app.bsky.feed.generator/bsky-team,suggested_labelerexp,6,at://did:plc:eon2iu7v3x2ukgxkqaf7e5np/app.bsky.feed.post/3mepvqwqlqs23,bafyreihu3otq4zk3u2bxdkcjwywyargp3lgevryrqzqetaxqepvokwfjmi,did:plc:eon2iu7v3x2ukgxkqaf7e5np,safety.bsky.app,,
83fd3da1571945f78ee1ec3456c3980a,2026-02-27T20:00:00Z,2026-02-27T20:17:29Z,auth,auth_enUS_labelerexp,at://did:plc:z72i7hdynmk6r22z27h6tvur/app.bsky.feed.generator/bsky-team,suggested_labelerexp,7,at://did:plc:eon2iu7v3x2ukgxkqaf7e5np/app.bsky.feed.post/3men5vapkl22y,bafyreiesfecq2l22bk5vgisdwaz6ljcn62akxkxw22e5kklbqxbf3gotzm,did:plc:eon2iu7v3x2ukgxkqaf7e5np,safety.bsky.app,,
83fd3da1571945f78ee1ec3456c3980a,2026-02-27T20:00:00Z,2026-02-27T20:17:29Z,auth,auth_enUS_labelerexp,at://did:plc:z72i7hdynmk6r22z27h6tvur/app.bsky.feed.generator/bsky-team,suggested_labelerexp,8,at://did:plc:z72i7hdynmk6r22z27h6tvur/app.bsky.feed.post/3mehkcsk62c2u,bafyreidt32ylvtpfjdspzg2yorbyite4ob3x4dx5pxj7f3lx5yxjrkyfyi,did:plc:z72i7hdynmk6r22z27h6tvur,bsky.app,,
83fd3da1571945f78ee1ec3456c3980a,2026-02-27T20:00:00Z,2026-02-27T20:17:29Z,auth,auth_enUS_labelerexp,at://did:plc:z72i7hdynmk6r22z27h6tvur/app.bsky.feed.generator/bsky-team,suggested_labelerexp,9,at://did:plc:z72i7hdynmk6r22z27h6tvur/app.bsky.feed.post/3mehbtjykb22n,bafyreicwiprywwzrpb3bpecodh2sw6hd7xzdeq4nylf66kuix65jevzuku,did:plc:z72i7hdynmk6r22z27h6tvur,bsky.app,,
83fd3da1571945f78ee1ec3456c3980a,2026-02-27T20:00:00Z,2026-02-27T20:17:29Z,auth,auth_enUS_labelerexp,at://did:plc:z72i7hdynmk6r22z27h6tvur/app.bsky.feed.generator/bsky-team,suggested_labelerexp,10,at://did:plc:z72i7hdynmk6r22z27h6tvur/app.bsky.feed.post/3mehblstckk2e,bafyreifq6u7lljh462yxkbl3aivqvw5v7gavk5lwr2mrfnnzzvbtplwwli,did:plc:z72i7hdynmk6r22z27h6tvur,bsky.app,,
83fd3da1571945f78ee1ec3456c3980a,2026-02-27T20:00:00Z,2026-02-27T20:17:29Z,auth,auth_enUS_labelerexp,at://did:plc:z72i7hdynmk6r22z27h6tvur/app.bsky.feed.generator/bsky-team,suggested_labelerexp,11,at://did:plc:z72i7hdynmk6r22z27h6tvur/app.bsky.feed.post/3mdni342e422l,bafyreicb2hko3q64i2lmsaqplzgephkugadpgis7sgae4wxzvy3fa4psdi,did:plc:z72i7hdynmk6r22z27h6tvur,bsky.app,,
83fd3da1571945f78ee1ec3456c3980a,2026-02-27T20:00:00Z,2026-02-27T20:17:29Z,auth,auth_enUS_labelerexp,at://did:plc:z72i7hdynmk6r22z27h6tvur/app.bsky.feed.generator/bsky-team,suggested_labelerexp,12,at://did:plc:z72i7hdynmk6r22z27h6tvur/app.bsky.feed.post/3mdjcrkcav22j,bafyreifkbrm3vp6pwkkzag2vhraskxaxkysqspgtihdgjo2kms7fbup4li,did:plc:z72i7hdynmk6r22z27h6tvur,bsky.app,,
83fd3da1571945f78ee1ec3456c3980a,2026-02-27T20:00:00Z,2026-02-27T20:17:29Z,auth,auth_enUS_labelerexp,at://did:plc:z72i7hdynmk6r22z27h6tvur/app.bsky.feed.generator/bsky-team,suggested_labelerexp,13,at://did:plc:z72i7hdynmk6r22z27h6tvur/app.bsky.feed.post/3mdjby5ifhc2e,bafyreiabygqmvofwg5gex3cypzhewarm43jbb6ub4uznkfh23zs6annl2a,did:plc:z72i7hdynmk6r22z27h6tvur,bsky.app,,
