run_id,snapshot_hour_utc,captured_at_utc,viewer_mode,vantage_id,feed_uri,bucket,rank,post_uri,post_cid,author_did,author_handle,reason_type,reason_actor_did
14b7e0b51dbf463887d2bc771009fde5,2026-02-24T04:00:00Z,2026-02-24T04:12:06Z,auth,auth_enUS_labelerexp,at://did:plc:3sn6bogankaicebzdb7liro3/app.bsky.feed.generator/aaaclmwsj24p6,suggested_labelerexp,1,at://did:plc:3sn6bogankaicebzdb7liro3/app.bsky.feed.post/3lcccbsl2mc2k,bafyreiezu3eftkprwsks7dwhcssgwlkbvjnwzldxal4o3xfqjrtotjm7gm,did:plc:3sn6bogankaicebzdb7liro3,allyann.bsky.social,,
14b7e0b51dbf463887d2bc771009fde5,2026-02-24T04:00:00Z,2026-02-24T04:12:06Z,auth,auth_enUS_labelerexp,at://did:plc:3sn6bogankaicebzdb7liro3/app.bsky.feed.generator/aaaclmwsj24p6,suggested_labelerexp,2,at://did:plc:4nvhyajje2ztjqikayonvnhc/app.bsky.feed.post/3mflblegh4n24,bafyreihoil5mgser7zin7iwywj5ym4gozoocwknwv76lqxbaplpmsvtsaq,did:plc:4nvhyajje2ztjqikayonvnhc,mastroify.bsky.social,,
14b7e0b51dbf463887d2bc771009fde5,2026-02-24T04:00:00Z,2026-02-24T04:12:06Z,auth,auth_enUS_labelerexp,at://did:plc:3sn6bogankaicebzdb7liro3/app.bsky.feed.generator/aaaclmwsj24p6,suggested_labelerexp,3,at://did:plc:namifrcorf6hzy45phd4shvt/app.bsky.feed.post/3mflbg2e77f2u,bafyreiavihvjebhpsiytrqln4wbblppimnzviw3qny62ft6lbln54dpkq4,did:plc:namifrcorf6hzy45phd4shvt,newsanalysis.com,,
14b7e0b51dbf463887d2bc771009fde5,2026-02-24T04:00:00Z,2026-02-24T04:12:06Z,auth,auth_enUS_labelerexp,at://did:plc:3sn6bogankaicebzdb7liro3/app.bsky.feed.generator/aaaclmwsj24p6,suggested_labelerexp,4,at://did:plc:yfsdrpwenzyh7dvh252dcwzk/app.bsky.feed.post/3mflaq76pq22r,bafyreiaaszixv7mu6uvnbvqfwnm4udryfo46oissu5tyoj2w5kubv2ofv4,did:plc:yfsdrpwenzyh7dvh252dcwzk,brainloving.bsky.social,,
14b7e0b51dbf463887d2bc771009fde5,2026-02-24T04:00:00Z,2026-02-24T04:12:06Z,auth,auth_enUS_labelerexp,at://did:plc:3sn6bogankaicebzdb7liro3/app.bsky.feed.generator/aaaclmwsj24p6,suggested_labelerexp,5,at://did:plc:lezrmthukooehcgcdkwvygpq/app.bsky.feed.post/3mfla7xb4fs2u,bafyreid2uwnqfufvqfoqqhyoeymemvo7evkxwhqlglvd7biwmfabo6d5g4,did:plc:lezrmthukooehcgcdkwvygpq,menzies-research.bsky.social,,
14b7e0b51dbf463887d2bc771009fde5,2026-02-24T04:00:00Z,2026-02-24T04:12:06Z,auth,auth_enUS_labelerexp,at://did:plc:3sn6bogankaicebzdb7liro3/app.bsky.feed.generator/aaaclmwsj24p6,suggested_labelerexp,6,at://did:plc:2mmzmeumx7xzopxajzgxejn2/app.bsky.feed.post/3mfla3iyscr2w,bafyreidalk5qyqhlsehbf4mfdpiecneatpr3tdxm4hr5fb6nuvexjzdwie,did:plc:2mmzmeumx7xzopxajzgxejn2,gdany57.bsky.social,,
14b7e0b51dbf463887d2bc771009fde5,2026-02-24T04:00:00Z,2026-02-24T04:12:06Z,auth,auth_enUS_labelerexp,at://did:plc:3sn6bogankaicebzdb7liro3/app.bsky.feed.generator/aaaclmwsj24p6,suggested_labelerexp,7,at://did:plc:j5nyyhnhpimx3rdqdml44fva/app.bsky.feed.post/3mfl7uhgr2222,bafyreidxe3cnr37ksmjygcjt4ilazuof2pbhv7qve5a4r42vz4jnp7h4g4,did:plc:j5nyyhnhpimx3rdqdml44fva,desiraemessenger.bsky.social,,
14b7e0b51dbf463887d2bc771009fde5,2026-02-24T04:00:00Z,2026-02-24T04:12:06Z,auth,auth_enUS_labelerexp,at://did:plc:3sn6bogankaicebzdb7liro3/app.bsky.feed.generator/aaaclmwsj24p6,suggested_labelerexp,8,at://did:plc:bj3upncgmq7z7xr2eboj6zm7/app.bsky.feed.post/3mfl75dsrmd2y,bafyreicglgao7p22wulatlhrs2kwlpnpgi75jo4d2dq7hwpruc774bv2ry,did:plc:bj3upncgmq7z7xr2eboj6zm7,laronskigeek.bsky.social,,
14b7e0b51dbf463887d2bc771009fde5,2026-02-24T04:00:00Z,2026-02-24T04:12:06Z,auth,auth_enUS_labelerexp,at://did:plc:3sn6bogankaicebzdb7liro3/app.bsky.feed.generator/aaaclmwsj24p6,suggested_labelerexp,9,at://did:plc:ki6ho5o5wnhd2wjf222mt4w3/app.bsky.feed.post/3mfl6qzdsik2e,bafyreihdeyrv6zm7dtze5uqdwx6q5u3zyquphdcyo22llriiwj2zcmx6wy,did:plc:ki6ho5o5wnhd2wjf222mt4w3,sandrawoodsmtl.bsky.social,,
14b7e0b51dbf463887d2bc771009fde5,2026-02-24T04:00:00Z,2026-02-24T04:12:06Z,auth,auth_enUS_labelerexp,at://did:plc:3sn6bogankaicebzdb7liro3/app.bsky.feed.generator/aaaclmwsj24p6,suggested_labelerexp,10,at://did:plc:n3zal2cc7ewxikmxggwifd6b/app.bsky.feed.post/3mfl6f7sj3r2t,bafyreibsmoi633rumg7uv7ykk4fqti74fic33mviyefhgk22ilnsaeuzvi,did:plc:n3zal2cc7ewxikmxggwifd6b,dorjegurung.bsky.social,,
14b7e0b51dbf463887d2bc771009fde5,2026-02-24T04:00:00Z,2026-02-24T04:12:06Z,auth,auth_enUS_labelerexp,at://did:plc:3sn6bogankaicebzdb7liro3/app.bsky.feed.generator/aaaclmwsj24p6,suggested_labelerexp,11,at://did:plc:igjp25d76stpedv6rsvzcawb/app.bsky.feed.post/3mfl5j6hi3224,bafyreid4omenkyffsfva6ma2tm3nkspty5oqnz2pi2arrpnmglphpcdhhi,did:plc:igjp25d76stpedv6rsvzcawb,flyawayrage.bsky.social,,
14b7e0b51dbf463887d2bc771009fde5,2026-02-24T04:00:00Z,2026-02-24T04:12:06Z,auth,auth_enUS_labelerexp,at://did:plc:3sn6bogankaicebzdb7liro3/app.bsky.feed.generator/aaaclmwsj24p6,suggested_labelerexp,12,at://did:plc:dl75itwl5cul6ot7k56xhb45/app.bsky.feed.post/3mfl4p47cq22z,bafyreienv4laz6nnmc5oie5s56sa7x7pbd7brvot7dlzxhhpcvd6mdnf3i,did:plc:dl75itwl5cul6ot7k56xhb45,b2daitch.bsky.social,,
14b7e0b51dbf463887d2bc771009fde5,2026-02-24T04:00:00Z,2026-02-24T04:12:06Z,auth,auth_enUS_labelerexp,at://did:plc:3sn6bogankaicebzdb7liro3/app.bsky.feed.generator/aaaclmwsj24p6,suggested_labelerexp,13,at://did:plc:ptqbnzqvblvezfga4zpqocu4/app.bsky.feed.post/3mfl3iuj4a22t,bafyreiggb52ja2zluvz2jqwck4lznbkjzxwucxnsdo3ssnb2wxrokx4pdy,did:plc:ptqbnzqvblvezfga4zpqocu4,viralpersistence.bsky.social,,
14b7e0b51dbf463887d2bc771009fde5,2026-02-24T04:00:00Z,2026-02-24T04:12:06Z,auth,auth_enUS_labelerexp,at://did:plc:3sn6bogankaicebzdb7liro3/app.bsky.feed.generator/aaaclmwsj24p6,suggested_labelerexp,14,at://did:plc:xgi4wdbblt7qamxfhpdsbpfx/app.bsky.feed.post/3mfl3guppz22m,bafyreiaa7xw46lgrylhnlmonxz5ph2wfvp235xc4cke4ql3a4mpo76kere,did:plc:xgi4wdbblt7qamxfhpdsbpfx,chronicloaf.bsky.social,,
14b7e0b51dbf463887d2bc771009fde5,2026-02-24T04:00:00Z,2026-02-24T04:12:06Z,auth,auth_enUS_labelerexp,at://did:plc:3sn6bogankaicebzdb7liro3/app.bsky.feed.generator/aaaclmwsj24p6,suggested_labelerexp,15,at://did:plc:qnfqz3jendu7hopdiq3w6hi6/app.bsky.feed.post/3mfl35ouctc2t,bafyreicpf6nazc243rw4sxbuqq3cj253h75s6ehge2ehwuuuojduot5wha,did:plc:qnfqz3jendu7hopdiq3w6hi6,differentbrains.bsky.social,,
14b7e0b51dbf463887d2bc771009fde5,2026-02-24T04:00:00Z,2026-02-24T04:12:06Z,auth,auth_enUS_labelerexp,at://did:plc:3sn6bogankaicebzdb7liro3/app.bsky.feed.generator/aaaclmwsj24p6,suggested_labelerexp,16,at://did:plc:43rudsv62fuwsmnk7oppgtdy/app.bsky.feed.post/3mfl2xyl5p22f,bafyreieo3vesn7l2r4o6bw6jltmfq2lc47xbirrfsnoxfmgepv6eldmmby,did:plc:43rudsv62fuwsmnk7oppgtdy,tomkindlon.bsky.social,,
14b7e0b51dbf463887d2bc771009fde5,2026-02-24T04:00:00Z,2026-02-24T04:12:06Z,auth,auth_enUS_labelerexp,at://did:plc:3sn6bogankaicebzdb7liro3/app.bsky.feed.generator/aaaclmwsj24p6,suggested_labelerexp,17,at://did:plc:q66uqtffessjejevqtr4z6vb/app.bsky.feed.post/3mfl2qu2guc2o,bafyreibqmlh6l2xkvvgdevkrhz5avy6sqf2rgmvbkjnkcsxqzlxq7reh4e,did:plc:q66uqtffessjejevqtr4z6vb,chelseyblair.bsky.social,,
14b7e0b51dbf463887d2bc771009fde5,2026-02-24T04:00:00Z,2026-02-24T04:12:06Z,auth,auth_enUS_labelerexp,at://did:plc:3sn6bogankaicebzdb7liro3/app.bsky.feed.generator/aaaclmwsj24p6,suggested_labelerexp,18,at://did:plc:k7dbfvslwrrmfpbz4pz2p6hr/app.bsky.feed.post/3mfl2nxskvk25,bafyreielff72bq3avzllnjr5uhqg22vo5phfyfatd2pfp3mmozt2lzzwea,did:plc:k7dbfvslwrrmfpbz4pz2p6hr,softgritspoonie.bsky.social,,
14b7e0b51dbf463887d2bc771009fde5,2026-02-24T04:00:00Z,2026-02-24T04:12:06Z,auth,auth_enUS_labelerexp,at://did:plc:3sn6bogankaicebzdb7liro3/app.bsky.feed.generator/aaaclmwsj24p6,suggested_labelerexp,19,at://did:plc:43rudsv62fuwsmnk7oppgtdy/app.bsky.feed.post/3mfl2f6p3gk2f,bafyreidd5dl4iggepbeiomrvbpfp2kjup6amxjla3edgslid7p4avm7xye,did:plc:43rudsv62fuwsmnk7oppgtdy,tomkindlon.bsky.social,,
14b7e0b51dbf463887d2bc771009fde5,2026-02-24T04:00:00Z,2026-02-24T04:12:06Z,auth,auth_enUS_labelerexp,at://did:plc:3sn6bogankaicebzdb7liro3/app.bsky.feed.generator/aaaclmwsj24p6,suggested_labelerexp,20,at://did:plc:j3qupqfv2us76eqbyt2o5gx2/app.bsky.feed.post/3mfl22cwl4s2y,bafyreibdcxjquhgi62wzruaoo6r5rtf2rdquq6muhda5bkkgpirfq6k2li,did:plc:j3qupqfv2us76eqbyt2o5gx2,lfisky.bsky.social,,
14b7e0b51dbf463887d2bc771009fde5,2026-02-24T04:00:00Z,2026-02-24T04:12:06Z,auth,auth_enUS_labelerexp,at://did:plc:3sn6bogankaicebzdb7liro3/app.bsky.feed.generator/aaaclmwsj24p6,suggested_labelerexp,21,at://did:plc:2l52zb3hz5lkuajh3jtuxdjo/app.bsky.feed.post/3mfkznmhwac2f,bafyreibbqpgief6x7qgvxzftbos6flpqrtgztpo5tdrq5tffk7xjhvcpsi,did:plc:2l52zb3hz5lkuajh3jtuxdjo,spooniethreads.bsky.social,,
14b7e0b51dbf463887d2bc771009fde5,2026-02-24T04:00:00Z,2026-02-24T04:12:06Z,auth,auth_enUS_labelerexp,at://did:plc:3sn6bogankaicebzdb7liro3/app.bsky.feed.generator/aaaclmwsj24p6,suggested_labelerexp,22,at://did:plc:43rudsv62fuwsmnk7oppgtdy/app.bsky.feed.post/3mfkzh6slp22f,bafyreibyprlrkn3h5kmjwmm7kcooqjbasvlmpqxpokyzdfr3eiq7homode,did:plc:43rudsv62fuwsmnk7oppgtdy,tomkindlon.bsky.social,,
14b7e0b51dbf463887d2bc771009fde5,2026-02-24T04:00:00Z,2026-02-24T04:12:06Z,auth,auth_enUS_labelerexp,at://did:plc:3sn6bogankaicebzdb7liro3/app.bsky.feed.generator/aaaclmwsj24p6,suggested_labelerexp,23,at://did:plc:5wfokeh5d343ew3x576tdv7f/app.bsky.feed.post/3mfkzdyeyjy2q,bafyreiafq4g43d3slhnj3ljiv22unobhd73ecydmyuyfnuv6uzyedjamci,did:plc:5wfokeh5d343ew3x576tdv7f,lipodystrophyunite.bsky.social,,
14b7e0b51dbf463887d2bc771009fde5,2026-02-24T04:00:00Z,2026-02-24T04:12:06Z,auth,auth_enUS_labelerexp,at://did:plc:3sn6bogankaicebzdb7liro3/app.bsky.feed.generator/aaaclmwsj24p6,suggested_labelerexp,24,at://did:plc:zyl46z3m34ocr573yylztfcz/app.bsky.feed.post/3mfkz4rslj22p,bafyreiaphxepsqhqirydbyqtfsgmagjodee47jyore5cofwd6fm7nomeyu,did:plc:zyl46z3m34ocr573yylztfcz,healthylabyrinth.bsky.social,,
14b7e0b51dbf463887d2bc771009fde5,2026-02-24T04:00:00Z,2026-02-24T04:12:06Z,auth,auth_enUS_labelerexp,at://did:plc:3sn6bogankaicebzdb7liro3/app.bsky.feed.generator/aaaclmwsj24p6,suggested_labelerexp,25,at://did:plc:dp4m7icfsgwp6uoqijzes4bu/app.bsky.feed.post/3mfkyy3446c26,bafyreifofx42y7xrvxlhsaklysoi75sczc5n4prdpc2fzvecbee6ou6uw4,did:plc:dp4m7icfsgwp6uoqijzes4bu,nowyouknowit.bsky.social,,
14b7e0b51dbf463887d2bc771009fde5,2026-02-24T04:00:00Z,2026-02-24T04:12:06Z,auth,auth_enUS_labelerexp,at://did:plc:3sn6bogankaicebzdb7liro3/app.bsky.feed.generator/aaaclmwsj24p6,suggested_labelerexp,26,at://did:plc:5ucnzszleglvd6ewchbua3rc/app.bsky.feed.post/3mfkytxthbk2c,bafyreigue27bm3ubgsspdljju3mpffp5esp4ilaui5b6umu7ve47zh3jly,did:plc:5ucnzszleglvd6ewchbua3rc,ewingt-phd.bsky.social,,
14b7e0b51dbf463887d2bc771009fde5,2026-02-24T04:00:00Z,2026-02-24T04:12:06Z,auth,auth_enUS_labelerexp,at://did:plc:3sn6bogankaicebzdb7liro3/app.bsky.feed.generator/aaaclmwsj24p6,suggested_labelerexp,27,at://did:plc:mpxxtnpjqnxoysnpxvc7cbgi/app.bsky.feed.post/3mfkymj4c5k2w,bafyreihwlhh2vcqjen4lnadhypmkxsph56fv5bgilmewsmimhwfx4ulctu,did:plc:mpxxtnpjqnxoysnpxvc7cbgi,kevjbyrne.bsky.social,,
14b7e0b51dbf463887d2bc771009fde5,2026-02-24T04:00:00Z,2026-02-24T04:12:06Z,auth,auth_enUS_labelerexp,at://did:plc:3sn6bogankaicebzdb7liro3/app.bsky.feed.generator/aaaclmwsj24p6,suggested_labelerexp,28,at://did:plc:ni37zaj2d32de2bkfwxpqic3/app.bsky.feed.post/3mfkyki2xmc2j,bafyreigme4iodw732yheinjl5t7tbfg54qrnvm76clwzcuo2wredfssyhm,did:plc:ni37zaj2d32de2bkfwxpqic3,kweenytodd.monsterden.xyz,,
14b7e0b51dbf463887d2bc771009fde5,2026-02-24T04:00:00Z,2026-02-24T04:12:06Z,auth,auth_enUS_labelerexp,at://did:plc:3sn6bogankaicebzdb7liro3/app.bsky.feed.generator/aaaclmwsj24p6,suggested_labelerexp,29,at://did:plc:exkglwhtw7o6h444ameffxib/app.bsky.feed.post/3mfky6bqxw42n,bafyreiefs6heiizlwim2hioxfm4l7sont5iwr2uoynnddog37hhsnmrjrq,did:plc:exkglwhtw7o6h444ameffxib,2heartswellness.bsky.social,,
14b7e0b51dbf463887d2bc771009fde5,2026-02-24T04:00:00Z,2026-02-24T04:12:06Z,auth,auth_enUS_labelerexp,at://did:plc:3sn6bogankaicebzdb7liro3/app.bsky.feed.generator/aaaclmwsj24p6,suggested_labelerexp,30,at://did:plc:br7iwmmmrgn3qj2e2mjnjqvf/app.bsky.feed.post/3mfkxt7ibj22n,bafyreid2oretmlmyagzpzpnxkojb3k4yydcx2le7zzo7alg6tcxrfeeagm,did:plc:br7iwmmmrgn3qj2e2mjnjqvf,corry.us,,
14b7e0b51dbf463887d2bc771009fde5,2026-02-24T04:00:00Z,2026-02-24T04:12:06Z,auth,auth_enUS_labelerexp,at://did:plc:3sn6bogankaicebzdb7liro3/app.bsky.feed.generator/aaaclmwsj24p6,suggested_labelerexp,31,at://did:plc:3kykifaw3guzsnoi2nrlo5he/app.bsky.feed.post/3mfkxmu4aoc27,bafyreia56gvvkjvctciwkfznunddyy75vhjv2dqsklbyduekrkjxl7slmy,did:plc:3kykifaw3guzsnoi2nrlo5he,xakana.bsky.social,,
14b7e0b51dbf463887d2bc771009fde5,2026-02-24T04:00:00Z,2026-02-24T04:12:06Z,auth,auth_enUS_labelerexp,at://did:plc:3sn6bogankaicebzdb7liro3/app.bsky.feed.generator/aaaclmwsj24p6,suggested_labelerexp,32,at://did:plc:5zfcmbupaqsvkiweknzwbt3x/app.bsky.feed.post/3mfkxhp3gds2z,bafyreigmlxennnnsycwyqk3vdh576bpyozimzwypu5tc4vlxlsydxdtdmy,did:plc:5zfcmbupaqsvkiweknzwbt3x,fallonturing.bsky.social,,
14b7e0b51dbf463887d2bc771009fde5,2026-02-24T04:00:00Z,2026-02-24T04:12:06Z,auth,auth_enUS_labelerexp,at://did:plc:3sn6bogankaicebzdb7liro3/app.bsky.feed.generator/aaaclmwsj24p6,suggested_labelerexp,33,at://did:plc:54zal37ogigvtg5c6fvsapgg/app.bsky.feed.post/3mfkxcn3hyu2l,bafyreiek26co5nvudz3rjvdzjc6cxb6ei3hkyr2eyc24g3d4aqibvkwasi,did:plc:54zal37ogigvtg5c6fvsapgg,withemilykate.bsky.social,,
14b7e0b51dbf463887d2bc771009fde5,2026-02-24T04:00:00Z,2026-02-24T04:12:06Z,auth,auth_enUS_labelerexp,at://did:plc:3sn6bogankaicebzdb7liro3/app.bsky.feed.generator/aaaclmwsj24p6,suggested_labelerexp,34,at://did:plc:pl44utaze45iam2p5ynpfak5/app.bsky.feed.post/3mfkws4ru522q,bafyreihuc6427e7b25hazgwlv2afmtdrdnhnbjsyo65xm6dollv354mwsm,did:plc:pl44utaze45iam2p5ynpfak5,darthfoo.bsky.social,,
14b7e0b51dbf463887d2bc771009fde5,2026-02-24T04:00:00Z,2026-02-24T04:12:06Z,auth,auth_enUS_labelerexp,at://did:plc:3sn6bogankaicebzdb7liro3/app.bsky.feed.generator/aaaclmwsj24p6,suggested_labelerexp,35,at://did:plc:gu74awbzyfvmnptbocdxrjkn/app.bsky.feed.post/3mfkw2zoyb22v,bafyreicnos7bynzj7fz3r77rkco3btbctsrht7blzrt6lo4752owgxkcoe,did:plc:gu74awbzyfvmnptbocdxrjkn,angioedemanews.bsky.social,,
14b7e0b51dbf463887d2bc771009fde5,2026-02-24T04:00:00Z,2026-02-24T04:12:06Z,auth,auth_enUS_labelerexp,at://did:plc:3sn6bogankaicebzdb7liro3/app.bsky.feed.generator/aaaclmwsj24p6,suggested_labelerexp,36,at://did:plc:2l52zb3hz5lkuajh3jtuxdjo/app.bsky.feed.post/3mfkvuaj7gk2f,bafyreien6hmcjav7nebdxttqgpyeaouxzbdnsnmrk6laxvwg4om7qjmlby,did:plc:2l52zb3hz5lkuajh3jtuxdjo,spooniethreads.bsky.social,,
14b7e0b51dbf463887d2bc771009fde5,2026-02-24T04:00:00Z,2026-02-24T04:12:06Z,auth,auth_enUS_labelerexp,at://did:plc:3sn6bogankaicebzdb7liro3/app.bsky.feed.generator/aaaclmwsj24p6,suggested_labelerexp,37,at://did:plc:vfpcbnczjwvbyr2pa4stp3pj/app.bsky.feed.post/3mfkv76fboc2j,bafyreif6kprqaoyfdalkc4zqpidgpvcw2dwsehntwpm54tmhfj3azo6zvy,did:plc:vfpcbnczjwvbyr2pa4stp3pj,teachrprecarity.bsky.social,,
14b7e0b51dbf463887d2bc771009fde5,2026-02-24T04:00:00Z,2026-02-24T04:12:06Z,auth,auth_enUS_labelerexp,at://did:plc:3sn6bogankaicebzdb7liro3/app.bsky.feed.generator/aaaclmwsj24p6,suggested_labelerexp,38,at://did:plc:zbtqjhcboshrvbnjfy65yf66/app.bsky.feed.post/3mfkuh6ltnh2m,bafyreiaafrspj7czegbxxzhjo5bbghllyboblinsdnkvlohoo3bh27wfwi,did:plc:zbtqjhcboshrvbnjfy65yf66,smanewstoday.bsky.social,,
14b7e0b51dbf463887d2bc771009fde5,2026-02-24T04:00:00Z,2026-02-24T04:12:06Z,auth,auth_enUS_labelerexp,at://did:plc:3sn6bogankaicebzdb7liro3/app.bsky.feed.generator/aaaclmwsj24p6,suggested_labelerexp,39,at://did:plc:xpdbc4ra6kwbv7srxklv6vqu/app.bsky.feed.post/3mfkudefn2223,bafyreiejdkswn46nwov5px6we5ytpowy4mrbpwruxbur7c4drrbory7qs4,did:plc:xpdbc4ra6kwbv7srxklv6vqu,pumpkinstars.bsky.social,,
14b7e0b51dbf463887d2bc771009fde5,2026-02-24T04:00:00Z,2026-02-24T04:12:06Z,auth,auth_enUS_labelerexp,at://did:plc:3sn6bogankaicebzdb7liro3/app.bsky.feed.generator/aaaclmwsj24p6,suggested_labelerexp,40,at://did:plc:h347dhdmbjvy24w7sznfl4im/app.bsky.feed.post/3mfktxxe4h22v,bafyreifgilabgas2uuivjk2ruxku63dpor72nkrygkb54rp6epidr5phfa,did:plc:h347dhdmbjvy24w7sznfl4im,maryruberry.bsky.social,,
14b7e0b51dbf463887d2bc771009fde5,2026-02-24T04:00:00Z,2026-02-24T04:12:06Z,auth,auth_enUS_labelerexp,at://did:plc:3sn6bogankaicebzdb7liro3/app.bsky.feed.generator/aaaclmwsj24p6,suggested_labelerexp,41,at://did:plc:my7d7simtuvzfztwqfo6wtii/app.bsky.feed.post/3mfktoms5v22y,bafyreiauoyqymxcookxtximjbkc3ltgxbpctyikyyeh655iuzkf64lnoue,did:plc:my7d7simtuvzfztwqfo6wtii,healthday.bsky.social,,
14b7e0b51dbf463887d2bc771009fde5,2026-02-24T04:00:00Z,2026-02-24T04:12:06Z,auth,auth_enUS_labelerexp,at://did:plc:3sn6bogankaicebzdb7liro3/app.bsky.feed.generator/aaaclmwsj24p6,suggested_labelerexp,42,at://did:plc:ymfqois3qa6fr3utlup4nxs6/app.bsky.feed.post/3mfktjwimmc26,bafyreiaaahd2rju7or7goitjx4id6tcbnf52745qneutw5xsn2fanzwea4,did:plc:ymfqois3qa6fr3utlup4nxs6,ciaraarmstrong.bsky.social,,
14b7e0b51dbf463887d2bc771009fde5,2026-02-24T04:00:00Z,2026-02-24T04:12:06Z,auth,auth_enUS_labelerexp,at://did:plc:3sn6bogankaicebzdb7liro3/app.bsky.feed.generator/aaaclmwsj24p6,suggested_labelerexp,43,at://did:plc:k7wqmgyyhl46wtvourx3tphj/app.bsky.feed.post/3mfkt3icjfs2g,bafyreihqht7wylkuja6hxgbicike3jze3zhazf4wx5dmuaqczaznylj2cm,did:plc:k7wqmgyyhl46wtvourx3tphj,bluesguu.bsky.social,,
14b7e0b51dbf463887d2bc771009fde5,2026-02-24T04:00:00Z,2026-02-24T04:12:06Z,auth,auth_enUS_labelerexp,at://did:plc:3sn6bogankaicebzdb7liro3/app.bsky.feed.generator/aaaclmwsj24p6,suggested_labelerexp,44,at://did:plc:ymfqois3qa6fr3utlup4nxs6/app.bsky.feed.post/3mfksvi3eik26,bafyreidbn7rswsnvtatepvaqtgr7pqo6rxkkqmro5fapjzr44vrzqyy6wq,did:plc:ymfqois3qa6fr3utlup4nxs6,ciaraarmstrong.bsky.social,,
14b7e0b51dbf463887d2bc771009fde5,2026-02-24T04:00:00Z,2026-02-24T04:12:06Z,auth,auth_enUS_labelerexp,at://did:plc:3sn6bogankaicebzdb7liro3/app.bsky.feed.generator/aaaclmwsj24p6,suggested_labelerexp,45,at://did:plc:kmd3ofxk56mmj53nyark2jg3/app.bsky.feed.post/3mfksnjyub22f,bafyreiampmoeiwimu2yiizxhwgmfcxj542s4vfgkond6faniuh6mnwxg5y,did:plc:kmd3ofxk56mmj53nyark2jg3,achronicvoice.com,,
14b7e0b51dbf463887d2bc771009fde5,2026-02-24T04:00:00Z,2026-02-24T04:12:06Z,auth,auth_enUS_labelerexp,at://did:plc:3sn6bogankaicebzdb7liro3/app.bsky.feed.generator/aaaclmwsj24p6,suggested_labelerexp,46,at://did:plc:k5qilurhme36jaylaeigbm66/app.bsky.feed.post/3mfkrvyoi4f2c,bafyreihyik3vjr55u3z5vcdy37iithqm5qhwp2c2bcxt667iofpuxb7zyi,did:plc:k5qilurhme36jaylaeigbm66,breastcancerorg.bsky.social,,
14b7e0b51dbf463887d2bc771009fde5,2026-02-24T04:00:00Z,2026-02-24T04:12:06Z,auth,auth_enUS_labelerexp,at://did:plc:3sn6bogankaicebzdb7liro3/app.bsky.feed.generator/aaaclmwsj24p6,suggested_labelerexp,47,at://did:plc:ytqqafnqbba327ktwzehqklt/app.bsky.feed.post/3mfkr6my4uc2w,bafyreie35xje6dohk6jwxauvdjtvtcj7i2jjwcuckkiaxnpua6yl2lbuem,did:plc:ytqqafnqbba327ktwzehqklt,mollyandthecat.bsky.social,,
14b7e0b51dbf463887d2bc771009fde5,2026-02-24T04:00:00Z,2026-02-24T04:12:06Z,auth,auth_enUS_labelerexp,at://did:plc:3sn6bogankaicebzdb7liro3/app.bsky.feed.generator/aaaclmwsj24p6,suggested_labelerexp,48,at://did:plc:iuctmsyfluxw55kswi72zh2q/app.bsky.feed.post/3mfkqzr2oqs2h,bafyreiafp6mdyonqe4xf4injvpy2tc4drqj56jzgnpp253jljmoeyblawy,did:plc:iuctmsyfluxw55kswi72zh2q,lilith-grimshadow.bsky.social,,
14b7e0b51dbf463887d2bc771009fde5,2026-02-24T04:00:00Z,2026-02-24T04:12:06Z,auth,auth_enUS_labelerexp,at://did:plc:3sn6bogankaicebzdb7liro3/app.bsky.feed.generator/aaaclmwsj24p6,suggested_labelerexp,49,at://did:plc:zyl46z3m34ocr573yylztfcz/app.bsky.feed.post/3mfkqz5udl22f,bafyreif3axa5fmnxsszhmowswx5qjdgr5dnw2s3jbjm7kzblbkftfk3z6q,did:plc:zyl46z3m34ocr573yylztfcz,healthylabyrinth.bsky.social,,
14b7e0b51dbf463887d2bc771009fde5,2026-02-24T04:00:00Z,2026-02-24T04:12:06Z,auth,auth_enUS_labelerexp,at://did:plc:3sn6bogankaicebzdb7liro3/app.bsky.feed.generator/aaaclmwsj24p6,suggested_labelerexp,50,at://did:plc:ysri5ochiffe2j6eeleviacd/app.bsky.feed.post/3mfkqyy4ton2z,bafyreiaeekmpker2e647dg24k5ghbj2y6rcqjh7ea7fqztz7wpfdcprpem,did:plc:ysri5ochiffe2j6eeleviacd,csquarent.bsky.social,,
14b7e0b51dbf463887d2bc771009fde5,2026-02-24T04:00:00Z,2026-02-24T04:12:08Z,auth,auth_enUS_labelerexp,at://did:plc:65yo7ynzcyp4kpwsienyukrz/app.bsky.feed.generator/aaadfjfgt73ls,suggested_labelerexp,1,at://did:plc:5ey6osxb3vhtjq7rugeejqgs/app.bsky.feed.post/3mflbdmyn4s25,bafyreifngf7y6noad7zgehwlizz6riebkwsvfmcyyend3ut3o2ivlxgrke,did:plc:5ey6osxb3vhtjq7rugeejqgs,petehusky.bsky.social,,
14b7e0b51dbf463887d2bc771009fde5,2026-02-24T04:00:00Z,2026-02-24T04:12:08Z,auth,auth_enUS_labelerexp,at://did:plc:65yo7ynzcyp4kpwsienyukrz/app.bsky.feed.generator/aaadfjfgt73ls,suggested_labelerexp,2,at://did:plc:k4n42z2ucdgmpgdkj43boboy/app.bsky.feed.post/3mflbd6jmew2i,bafyreihdkw6hm7z57owu2n5eg3jgoztbqghcqq2hl63cwxdcpoliasbj4q,did:plc:k4n42z2ucdgmpgdkj43boboy,global-news-2024.bsky.social,,
14b7e0b51dbf463887d2bc771009fde5,2026-02-24T04:00:00Z,2026-02-24T04:12:08Z,auth,auth_enUS_labelerexp,at://did:plc:65yo7ynzcyp4kpwsienyukrz/app.bsky.feed.generator/aaadfjfgt73ls,suggested_labelerexp,3,at://did:plc:yz3mevhw47d6mkipfl2fhelz/app.bsky.feed.post/3mflb6c4pg42q,bafyreiantgg3fypgt2k6snxibsi27zbnfocfoaortdg7mhfevjovxdqkte,did:plc:yz3mevhw47d6mkipfl2fhelz,rnzrss.bsky.social,,
14b7e0b51dbf463887d2bc771009fde5,2026-02-24T04:00:00Z,2026-02-24T04:12:08Z,auth,auth_enUS_labelerexp,at://did:plc:65yo7ynzcyp4kpwsienyukrz/app.bsky.feed.generator/aaadfjfgt73ls,suggested_labelerexp,4,at://did:plc:wzivcrwogr3ffhgu4phpuh5u/app.bsky.feed.post/3mflb4qjcmk2w,bafyreigi2mqtfkrzs2j7mtl476fg57flf55v3wlp2eansxepnhaywlu5am,did:plc:wzivcrwogr3ffhgu4phpuh5u,linklink6966.bsky.social,,
14b7e0b51dbf463887d2bc771009fde5,2026-02-24T04:00:00Z,2026-02-24T04:12:08Z,auth,auth_enUS_labelerexp,at://did:plc:65yo7ynzcyp4kpwsienyukrz/app.bsky.feed.generator/aaadfjfgt73ls,suggested_labelerexp,5,at://did:plc:txrx4vyt77pod2wyuo5n7bqb/app.bsky.feed.post/3mflb4dney224,bafyreidnvspxomofujpovuctrssz6jmzimxz7eaav7xq4my65luaalxvpy,did:plc:txrx4vyt77pod2wyuo5n7bqb,eli-aotearoa.bsky.social,,
14b7e0b51dbf463887d2bc771009fde5,2026-02-24T04:00:00Z,2026-02-24T04:12:08Z,auth,auth_enUS_labelerexp,at://did:plc:65yo7ynzcyp4kpwsienyukrz/app.bsky.feed.generator/aaadfjfgt73ls,suggested_labelerexp,6,at://did:plc:i5jfuhpjwrtaoxnaupkaeqmd/app.bsky.feed.post/3mflb2p63oc2l,bafyreigtzmchnjycuyrxivctqff4grs6rx2rzrbsshbrx7mzjhly2mmir4,did:plc:i5jfuhpjwrtaoxnaupkaeqmd,ceceintheshire.bsky.social,,
14b7e0b51dbf463887d2bc771009fde5,2026-02-24T04:00:00Z,2026-02-24T04:12:08Z,auth,auth_enUS_labelerexp,at://did:plc:65yo7ynzcyp4kpwsienyukrz/app.bsky.feed.generator/aaadfjfgt73ls,suggested_labelerexp,7,at://did:plc:a6u64kyji2ydhf2txw2ukwjy/app.bsky.feed.post/3mflb2ddkfc2n,bafyreifbmllqlfnvpckmzz3kpm7bjcx3xcji4gjoccgrbd7iogitorf6rm,did:plc:a6u64kyji2ydhf2txw2ukwjy,cneotago.bsky.social,,
14b7e0b51dbf463887d2bc771009fde5,2026-02-24T04:00:00Z,2026-02-24T04:12:08Z,auth,auth_enUS_labelerexp,at://did:plc:65yo7ynzcyp4kpwsienyukrz/app.bsky.feed.generator/aaadfjfgt73ls,suggested_labelerexp,8,at://did:plc:e35cwveb25ji3x5gm3hzwyhb/app.bsky.feed.post/3mflaynowqs2m,bafyreigb4ztq3fbzj6lrdnaprzskwmgrxcfepmggn5gsvcsw3n43t6s4bi,did:plc:e35cwveb25ji3x5gm3hzwyhb,ahawkins.bsky.social,,
14b7e0b51dbf463887d2bc771009fde5,2026-02-24T04:00:00Z,2026-02-24T04:12:08Z,auth,auth_enUS_labelerexp,at://did:plc:65yo7ynzcyp4kpwsienyukrz/app.bsky.feed.generator/aaadfjfgt73ls,suggested_labelerexp,9,at://did:plc:msian4dqa2rqalf3biilnf3m/app.bsky.feed.post/3mflawxokhq22,bafyreigeuipxu6ymcrgkm2nk255sausn7lbmwk64nltca4hvk25mozewre,did:plc:msian4dqa2rqalf3biilnf3m,europesays.bsky.social,,
14b7e0b51dbf463887d2bc771009fde5,2026-02-24T04:00:00Z,2026-02-24T04:12:08Z,auth,auth_enUS_labelerexp,at://did:plc:65yo7ynzcyp4kpwsienyukrz/app.bsky.feed.generator/aaadfjfgt73ls,suggested_labelerexp,10,at://did:plc:cvhzp4oqk57twhhjji5o2b3t/app.bsky.feed.post/3mflaw3kyis2j,bafyreidwkjf4pynqsd25lefygodzpeptewyux4rupivrsl3uxekjblluge,did:plc:cvhzp4oqk57twhhjji5o2b3t,nz-nb.bsky.social,,
14b7e0b51dbf463887d2bc771009fde5,2026-02-24T04:00:00Z,2026-02-24T04:12:08Z,auth,auth_enUS_labelerexp,at://did:plc:65yo7ynzcyp4kpwsienyukrz/app.bsky.feed.generator/aaadfjfgt73ls,suggested_labelerexp,11,at://did:plc:cvhzp4oqk57twhhjji5o2b3t/app.bsky.feed.post/3mflavwf4pb2t,bafyreifc7oq2fj4hldqp2st4zobhuboyytucvzhuqwapp5xqnfo67goqa4,did:plc:cvhzp4oqk57twhhjji5o2b3t,nz-nb.bsky.social,,
14b7e0b51dbf463887d2bc771009fde5,2026-02-24T04:00:00Z,2026-02-24T04:12:08Z,auth,auth_enUS_labelerexp,at://did:plc:65yo7ynzcyp4kpwsienyukrz/app.bsky.feed.generator/aaadfjfgt73ls,suggested_labelerexp,12,at://did:plc:cvhzp4oqk57twhhjji5o2b3t/app.bsky.feed.post/3mflavrxqtl2h,bafyreidijcj6xelom77uxz3hbkkle54keqfrcb5mjyrihceellf4oum7z4,did:plc:cvhzp4oqk57twhhjji5o2b3t,nz-nb.bsky.social,,
14b7e0b51dbf463887d2bc771009fde5,2026-02-24T04:00:00Z,2026-02-24T04:12:08Z,auth,auth_enUS_labelerexp,at://did:plc:65yo7ynzcyp4kpwsienyukrz/app.bsky.feed.generator/aaadfjfgt73ls,suggested_labelerexp,13,at://did:plc:cvhzp4oqk57twhhjji5o2b3t/app.bsky.feed.post/3mflavn2ozx27,bafyreibwuemfr5voqstioxgcvbrlaovw7qa6h6tkopzngvpihqb3klut2e,did:plc:cvhzp4oqk57twhhjji5o2b3t,nz-nb.bsky.social,,
14b7e0b51dbf463887d2bc771009fde5,2026-02-24T04:00:00Z,2026-02-24T04:12:08Z,auth,auth_enUS_labelerexp,at://did:plc:65yo7ynzcyp4kpwsienyukrz/app.bsky.feed.generator/aaadfjfgt73ls,suggested_labelerexp,14,at://did:plc:cvhzp4oqk57twhhjji5o2b3t/app.bsky.feed.post/3mflavim2xy2u,bafyreiagznzc6l2qtdvgp3bx5w5hiqzz6xq5nzudn4czg4uf6hwc4m7x3e,did:plc:cvhzp4oqk57twhhjji5o2b3t,nz-nb.bsky.social,,
14b7e0b51dbf463887d2bc771009fde5,2026-02-24T04:00:00Z,2026-02-24T04:12:08Z,auth,auth_enUS_labelerexp,at://did:plc:65yo7ynzcyp4kpwsienyukrz/app.bsky.feed.generator/aaadfjfgt73ls,suggested_labelerexp,15,at://did:plc:cvhzp4oqk57twhhjji5o2b3t/app.bsky.feed.post/3mflavdx3fi2u,bafyreif3qx2wmbxc7venchibyyohfoig4elxctqzvcpu2ymlkrp27zxlqi,did:plc:cvhzp4oqk57twhhjji5o2b3t,nz-nb.bsky.social,,
14b7e0b51dbf463887d2bc771009fde5,2026-02-24T04:00:00Z,2026-02-24T04:12:08Z,auth,auth_enUS_labelerexp,at://did:plc:65yo7ynzcyp4kpwsienyukrz/app.bsky.feed.generator/aaadfjfgt73ls,suggested_labelerexp,16,at://did:plc:d57t2r3nszl7xvg5c6zmf3gs/app.bsky.feed.post/3mflav34a7o27,bafyreibxizwc2r53fbppcsq35noc5z3zst2txl3fhubcn2f6c4vqeryf7u,did:plc:d57t2r3nszl7xvg5c6zmf3gs,presspoint.bsky.social,,
14b7e0b51dbf463887d2bc771009fde5,2026-02-24T04:00:00Z,2026-02-24T04:12:08Z,auth,auth_enUS_labelerexp,at://did:plc:65yo7ynzcyp4kpwsienyukrz/app.bsky.feed.generator/aaadfjfgt73ls,suggested_labelerexp,17,at://did:plc:uuwajahxmrlajxka7v6rgrcf/app.bsky.feed.post/3mflauyihsi2h,bafyreif45juab7wthdjqy6sups6btmijwgayrq76iibsmj5fq63hx4o5zy,did:plc:uuwajahxmrlajxka7v6rgrcf,frontiertimes.bsky.social,,
14b7e0b51dbf463887d2bc771009fde5,2026-02-24T04:00:00Z,2026-02-24T04:12:08Z,auth,auth_enUS_labelerexp,at://did:plc:65yo7ynzcyp4kpwsienyukrz/app.bsky.feed.generator/aaadfjfgt73ls,suggested_labelerexp,18,at://did:plc:r437wxkjht3cfogkzjqkskbg/app.bsky.feed.post/3mflauvrx3i2q,bafyreia4b5x6gozbxyehbzge3e6aukkgnl5mevguyet4efbryjf5a4spgy,did:plc:r437wxkjht3cfogkzjqkskbg,primebulletin.bsky.social,,
14b7e0b51dbf463887d2bc771009fde5,2026-02-24T04:00:00Z,2026-02-24T04:12:08Z,auth,auth_enUS_labelerexp,at://did:plc:65yo7ynzcyp4kpwsienyukrz/app.bsky.feed.generator/aaadfjfgt73ls,suggested_labelerexp,19,at://did:plc:qanab5ih3pud2qbckbkpftym/app.bsky.feed.post/3mflaut2fda2q,bafyreibn37hkv7muqcch2etkaol6n5uo4lvfqta2fq4etoirchzavkrrxi,did:plc:qanab5ih3pud2qbckbkpftym,worldnewstribune.bsky.social,,
14b7e0b51dbf463887d2bc771009fde5,2026-02-24T04:00:00Z,2026-02-24T04:12:08Z,auth,auth_enUS_labelerexp,at://did:plc:65yo7ynzcyp4kpwsienyukrz/app.bsky.feed.generator/aaadfjfgt73ls,suggested_labelerexp,20,at://did:plc:ci2qws4rp6446ijdpjzndhf6/app.bsky.feed.post/3mflauqb5yu2h,bafyreibo7oepu4hb2oa3nset2ybwwhcwsk4tvidc4lc53zvijyocgz75iq,did:plc:ci2qws4rp6446ijdpjzndhf6,gibnnetwork.bsky.social,,
14b7e0b51dbf463887d2bc771009fde5,2026-02-24T04:00:00Z,2026-02-24T04:12:08Z,auth,auth_enUS_labelerexp,at://did:plc:65yo7ynzcyp4kpwsienyukrz/app.bsky.feed.generator/aaadfjfgt73ls,suggested_labelerexp,21,at://did:plc:fturarkcbp6lwmtilz76ijni/app.bsky.feed.post/3mflaunqbxt2g,bafyreig6zkwfe3apetxevhrjk5rrlzqw6e4w22icqnpziz4asijhrcnmhe,did:plc:fturarkcbp6lwmtilz76ijni,trendera.bsky.social,,
14b7e0b51dbf463887d2bc771009fde5,2026-02-24T04:00:00Z,2026-02-24T04:12:08Z,auth,auth_enUS_labelerexp,at://did:plc:65yo7ynzcyp4kpwsienyukrz/app.bsky.feed.generator/aaadfjfgt73ls,suggested_labelerexp,22,at://did:plc:mjn4xzbgd6ce5vifcq245e4x/app.bsky.feed.post/3mflaul7dry2m,bafyreigimhmbswvzy47ibotdfmhwpr7qhg6fh3ex5575zfnvnrn2gg3f3u,did:plc:mjn4xzbgd6ce5vifcq245e4x,newsonemedia.bsky.social,,
14b7e0b51dbf463887d2bc771009fde5,2026-02-24T04:00:00Z,2026-02-24T04:12:08Z,auth,auth_enUS_labelerexp,at://did:plc:65yo7ynzcyp4kpwsienyukrz/app.bsky.feed.generator/aaadfjfgt73ls,suggested_labelerexp,23,at://did:plc:x7lgfnjsasmvhblhgnevbbrd/app.bsky.feed.post/3mflauijqj22d,bafyreiezgweefyctmvwtfwl2jwg43ymiume7dpgio3bcn4ru3djlrdgix4,did:plc:x7lgfnjsasmvhblhgnevbbrd,newstimes.bsky.social,,
14b7e0b51dbf463887d2bc771009fde5,2026-02-24T04:00:00Z,2026-02-24T04:12:08Z,auth,auth_enUS_labelerexp,at://did:plc:65yo7ynzcyp4kpwsienyukrz/app.bsky.feed.generator/aaadfjfgt73ls,suggested_labelerexp,24,at://did:plc:bvt3nggtidhoc4xr2hmfk72r/app.bsky.feed.post/3mflaszhl3k2n,bafyreiaogmmq2wexdhxy2linntqjk33qckvquqrextsg7jz472kygv73hm,did:plc:bvt3nggtidhoc4xr2hmfk72r,n-u-i.bsky.social,,
14b7e0b51dbf463887d2bc771009fde5,2026-02-24T04:00:00Z,2026-02-24T04:12:08Z,auth,auth_enUS_labelerexp,at://did:plc:65yo7ynzcyp4kpwsienyukrz/app.bsky.feed.generator/aaadfjfgt73ls,suggested_labelerexp,25,at://did:plc:q7ltugqtcpeldvid3aya6tya/app.bsky.feed.post/3mflasbxpoo23,bafyreiapdpn7ahe5fwbubclscljl2ubxnfd5by5jd25noznewaghrtrjpq,did:plc:q7ltugqtcpeldvid3aya6tya,nz-quakes.bsky.social,,
14b7e0b51dbf463887d2bc771009fde5,2026-02-24T04:00:00Z,2026-02-24T04:12:08Z,auth,auth_enUS_labelerexp,at://did:plc:65yo7ynzcyp4kpwsienyukrz/app.bsky.feed.generator/aaadfjfgt73ls,suggested_labelerexp,26,at://did:plc:4wrl3jg22usnpdr7cvbrkgzg/app.bsky.feed.post/3mflas272oiz2,bafyreidbk3t7nrbbmal2xpvg54wbbo4ts2r5duzmaetgvoj2qvokbb6u2m,did:plc:4wrl3jg22usnpdr7cvbrkgzg,davemosk.mastodon.nz.ap.brid.gy,,
14b7e0b51dbf463887d2bc771009fde5,2026-02-24T04:00:00Z,2026-02-24T04:12:08Z,auth,auth_enUS_labelerexp,at://did:plc:65yo7ynzcyp4kpwsienyukrz/app.bsky.feed.generator/aaadfjfgt73ls,suggested_labelerexp,27,at://did:plc:2gp3m6bnzqynpqq4nlwto5ar/app.bsky.feed.post/3mflamktzdn2y,bafyreia45hxg3rfcecmwla3temwpwi3fnw3anzchpqyirmqamnlqyr6vei,did:plc:2gp3m6bnzqynpqq4nlwto5ar,ca-nb.bsky.social,,
14b7e0b51dbf463887d2bc771009fde5,2026-02-24T04:00:00Z,2026-02-24T04:12:08Z,auth,auth_enUS_labelerexp,at://did:plc:65yo7ynzcyp4kpwsienyukrz/app.bsky.feed.generator/aaadfjfgt73ls,suggested_labelerexp,28,at://did:plc:efqammnaok4m5j7ldsyjbrlh/app.bsky.feed.post/3mflamgne7wp2,bafyreicaprv6d2hqdafd3qqyvelokgwbvig4klaktfrcunrjmd74ezuhga,did:plc:efqammnaok4m5j7ldsyjbrlh,edtech.mastodon.xyz.ap.brid.gy,,
14b7e0b51dbf463887d2bc771009fde5,2026-02-24T04:00:00Z,2026-02-24T04:12:08Z,auth,auth_enUS_labelerexp,at://did:plc:65yo7ynzcyp4kpwsienyukrz/app.bsky.feed.generator/aaadfjfgt73ls,suggested_labelerexp,29,at://did:plc:7t5rrgry5egs47u3a7gepllh/app.bsky.feed.post/3mflamaqsjj2l,bafyreifnmvde3myo425fpnx6ultwppucfvwavshrzzprt7ekkwpto3fc7m,did:plc:7t5rrgry5egs47u3a7gepllh,ormakal.bsky.social,,
14b7e0b51dbf463887d2bc771009fde5,2026-02-24T04:00:00Z,2026-02-24T04:12:08Z,auth,auth_enUS_labelerexp,at://did:plc:65yo7ynzcyp4kpwsienyukrz/app.bsky.feed.generator/aaadfjfgt73ls,suggested_labelerexp,30,at://did:plc:wglaho5urtvy62xzihqmppaw/app.bsky.feed.post/3mflakuu7pk2f,bafyreiay7kjaltz5wpvjugzj7f4j7h7c2cgrmpuo3nioal36nm44ww2i6m,did:plc:wglaho5urtvy62xzihqmppaw,tvpodguy.bsky.social,,
14b7e0b51dbf463887d2bc771009fde5,2026-02-24T04:00:00Z,2026-02-24T04:12:08Z,auth,auth_enUS_labelerexp,at://did:plc:65yo7ynzcyp4kpwsienyukrz/app.bsky.feed.generator/aaadfjfgt73ls,suggested_labelerexp,31,at://did:plc:bxgt7fnnr4s3rc7aeglq3gwg/app.bsky.feed.post/3mflajia6372u,bafyreietzbwcqatwlthwtkecqveqawbuqmn4umfrcldgve4sbiyr6zfshm,did:plc:bxgt7fnnr4s3rc7aeglq3gwg,dailyheadlinez.bsky.social,,
14b7e0b51dbf463887d2bc771009fde5,2026-02-24T04:00:00Z,2026-02-24T04:12:08Z,auth,auth_enUS_labelerexp,at://did:plc:65yo7ynzcyp4kpwsienyukrz/app.bsky.feed.generator/aaadfjfgt73ls,suggested_labelerexp,32,at://did:plc:rctbkifwfc66ghixujenkxaa/app.bsky.feed.post/3mflaimbkjc2d,bafyreiaecnikezfx6utqjgfm7yrwvc63jgpoe7hul2joc4rhbdfmnevdby,did:plc:rctbkifwfc66ghixujenkxaa,lisapatrevans.bsky.social,,
14b7e0b51dbf463887d2bc771009fde5,2026-02-24T04:00:00Z,2026-02-24T04:12:08Z,auth,auth_enUS_labelerexp,at://did:plc:65yo7ynzcyp4kpwsienyukrz/app.bsky.feed.generator/aaadfjfgt73ls,suggested_labelerexp,33,at://did:plc:kxzgtt4wn5nn2x7gs5bnc6q6/app.bsky.feed.post/3mflahajyf22m,bafyreiax7xeg3rl6qdhgcl2oabnf2u5efuqliah7gdp534mzdmptgqnje4,did:plc:kxzgtt4wn5nn2x7gs5bnc6q6,ichaber.bsky.social,,
14b7e0b51dbf463887d2bc771009fde5,2026-02-24T04:00:00Z,2026-02-24T04:12:08Z,auth,auth_enUS_labelerexp,at://did:plc:65yo7ynzcyp4kpwsienyukrz/app.bsky.feed.generator/aaadfjfgt73ls,suggested_labelerexp,34,at://did:plc:4w6hbwdyhxje6znfhnsbwjj2/app.bsky.feed.post/3mflagychrc2i,bafyreie45sypgblnfkvckufmqj37zcklxorxur2ir67727wgt6o77qnheu,did:plc:4w6hbwdyhxje6znfhnsbwjj2,cgnzl.bsky.social,,
14b7e0b51dbf463887d2bc771009fde5,2026-02-24T04:00:00Z,2026-02-24T04:12:08Z,auth,auth_enUS_labelerexp,at://did:plc:65yo7ynzcyp4kpwsienyukrz/app.bsky.feed.generator/aaadfjfgt73ls,suggested_labelerexp,35,at://did:plc:zp4uoivsc64vjk4g5dgn3xfg/app.bsky.feed.post/3mflagxld24v2,bafyreiaxcpzo2cqk6cid3uoddywkjooauh4ydv3yaxyhc7inztukepidpq,did:plc:zp4uoivsc64vjk4g5dgn3xfg,futuresprog.mastodon.nzoss.nz.ap.brid.gy,,
14b7e0b51dbf463887d2bc771009fde5,2026-02-24T04:00:00Z,2026-02-24T04:12:08Z,auth,auth_enUS_labelerexp,at://did:plc:65yo7ynzcyp4kpwsienyukrz/app.bsky.feed.generator/aaadfjfgt73ls,suggested_labelerexp,36,at://did:plc:yz3mevhw47d6mkipfl2fhelz/app.bsky.feed.post/3mfladie5vm2q,bafyreie3o5ahw5weetnkimuwzibdxbacg2k4x7alpj37munzlmuw5vljau,did:plc:yz3mevhw47d6mkipfl2fhelz,rnzrss.bsky.social,,
14b7e0b51dbf463887d2bc771009fde5,2026-02-24T04:00:00Z,2026-02-24T04:12:08Z,auth,auth_enUS_labelerexp,at://did:plc:65yo7ynzcyp4kpwsienyukrz/app.bsky.feed.generator/aaadfjfgt73ls,suggested_labelerexp,37,at://did:plc:b2h46kysagttnlvnygxuwvgn/app.bsky.feed.post/3mflad3as2k2l,bafyreifyb2kv7f54yq2it7evkehm7jbyoh7t76eqptqjmiqez6dkdmcqam,did:plc:b2h46kysagttnlvnygxuwvgn,modernmoneylab.bsky.social,,
14b7e0b51dbf463887d2bc771009fde5,2026-02-24T04:00:00Z,2026-02-24T04:12:08Z,auth,auth_enUS_labelerexp,at://did:plc:65yo7ynzcyp4kpwsienyukrz/app.bsky.feed.generator/aaadfjfgt73ls,suggested_labelerexp,38,at://did:plc:b2h46kysagttnlvnygxuwvgn/app.bsky.feed.post/3mflac5gxls2l,bafyreidi6aiuppzuhnqlizyc7lukdwcveobgg6l2bwm52373fdbwf27uhi,did:plc:b2h46kysagttnlvnygxuwvgn,modernmoneylab.bsky.social,,
14b7e0b51dbf463887d2bc771009fde5,2026-02-24T04:00:00Z,2026-02-24T04:12:08Z,auth,auth_enUS_labelerexp,at://did:plc:65yo7ynzcyp4kpwsienyukrz/app.bsky.feed.generator/aaadfjfgt73ls,suggested_labelerexp,39,at://did:plc:ypnvm7b35gshmr5wnihqb6gh/app.bsky.feed.post/3mflab73rhs2a,bafyreibsnns6hnquan4a7d4tjlabea7pwnr6ita47bvix5rspimazuhda4,did:plc:ypnvm7b35gshmr5wnihqb6gh,kasiazoe.bsky.social,,
14b7e0b51dbf463887d2bc771009fde5,2026-02-24T04:00:00Z,2026-02-24T04:12:08Z,auth,auth_enUS_labelerexp,at://did:plc:65yo7ynzcyp4kpwsienyukrz/app.bsky.feed.generator/aaadfjfgt73ls,suggested_labelerexp,40,at://did:plc:b2h46kysagttnlvnygxuwvgn/app.bsky.feed.post/3mflaat3ils2l,bafyreigzvdqovdohqcaeqbvwywdbbxnk6dyridgjglmbfmlisdaxdhsm3m,did:plc:b2h46kysagttnlvnygxuwvgn,modernmoneylab.bsky.social,,
14b7e0b51dbf463887d2bc771009fde5,2026-02-24T04:00:00Z,2026-02-24T04:12:08Z,auth,auth_enUS_labelerexp,at://did:plc:65yo7ynzcyp4kpwsienyukrz/app.bsky.feed.generator/aaadfjfgt73ls,suggested_labelerexp,41,at://did:plc:hbcckt2tvzhnbcehiqftgta7/app.bsky.feed.post/3mfla7klzjc2g,bafyreidrvepmuastsy7fqvo2sdrkb3mkaked2scpkiuops4iz2osd32toq,did:plc:hbcckt2tvzhnbcehiqftgta7,mvskoke-neb.bsky.social,,
14b7e0b51dbf463887d2bc771009fde5,2026-02-24T04:00:00Z,2026-02-24T04:12:08Z,auth,auth_enUS_labelerexp,at://did:plc:65yo7ynzcyp4kpwsienyukrz/app.bsky.feed.generator/aaadfjfgt73ls,suggested_labelerexp,42,at://did:plc:htxesmibfctbeku53koxmtqn/app.bsky.feed.post/3mfla6qchgd24,bafyreibxkwlujqozfmo3i6e2kig6yurkscsolcuwpgsnunosm4gibuwt2u,did:plc:htxesmibfctbeku53koxmtqn,newsroom.co.nz,,
14b7e0b51dbf463887d2bc771009fde5,2026-02-24T04:00:00Z,2026-02-24T04:12:08Z,auth,auth_enUS_labelerexp,at://did:plc:65yo7ynzcyp4kpwsienyukrz/app.bsky.feed.generator/aaadfjfgt73ls,suggested_labelerexp,43,at://did:plc:b2h46kysagttnlvnygxuwvgn/app.bsky.feed.post/3mfla6ahvuk2l,bafyreiazhsxqmt6v3mjqt6fpthquepptthbcu7g6d6qn3xxbuiwqih7h6u,did:plc:b2h46kysagttnlvnygxuwvgn,modernmoneylab.bsky.social,,
14b7e0b51dbf463887d2bc771009fde5,2026-02-24T04:00:00Z,2026-02-24T04:12:08Z,auth,auth_enUS_labelerexp,at://did:plc:65yo7ynzcyp4kpwsienyukrz/app.bsky.feed.generator/aaadfjfgt73ls,suggested_labelerexp,44,at://did:plc:a74lubeqynxhchnbhm4hdegb/app.bsky.feed.post/3mfla64zdrs2n,bafyreigttghlehm74hdsev2burty7p233edtjjdciceeflhj4rclrxh6wq,did:plc:a74lubeqynxhchnbhm4hdegb,annahchi.bsky.social,,
14b7e0b51dbf463887d2bc771009fde5,2026-02-24T04:00:00Z,2026-02-24T04:12:08Z,auth,auth_enUS_labelerexp,at://did:plc:65yo7ynzcyp4kpwsienyukrz/app.bsky.feed.generator/aaadfjfgt73ls,suggested_labelerexp,45,at://did:plc:b2h46kysagttnlvnygxuwvgn/app.bsky.feed.post/3mfla5ldehc2l,bafyreicuyccxw5qtfgabfp7hz45zondatfvpo2agayzasogw4a3x5kwepq,did:plc:b2h46kysagttnlvnygxuwvgn,modernmoneylab.bsky.social,,
14b7e0b51dbf463887d2bc771009fde5,2026-02-24T04:00:00Z,2026-02-24T04:12:08Z,auth,auth_enUS_labelerexp,at://did:plc:65yo7ynzcyp4kpwsienyukrz/app.bsky.feed.generator/aaadfjfgt73ls,suggested_labelerexp,46,at://did:plc:kjh3kbcy2vmgaiajfof6bz6x/app.bsky.feed.post/3mflailzomr2f,bafyreiak6ui6scx2yghndhoywor7mbcpqdqha7m25hwvtxrfr2mbnbmyfm,did:plc:kjh3kbcy2vmgaiajfof6bz6x,news-flows-uk.bsky.social,,
14b7e0b51dbf463887d2bc771009fde5,2026-02-24T04:00:00Z,2026-02-24T04:12:08Z,auth,auth_enUS_labelerexp,at://did:plc:65yo7ynzcyp4kpwsienyukrz/app.bsky.feed.generator/aaadfjfgt73ls,suggested_labelerexp,47,at://did:plc:we2jw4ked2rt3iayqlqqark7/app.bsky.feed.post/3mfla546cxs2v,bafyreide3bgpmekiztoj5ilgqpv4s57w32wzfvewpf3msbpmjwla2pvpk4,did:plc:we2jw4ked2rt3iayqlqqark7,amybowie.bsky.social,,
14b7e0b51dbf463887d2bc771009fde5,2026-02-24T04:00:00Z,2026-02-24T04:12:08Z,auth,auth_enUS_labelerexp,at://did:plc:65yo7ynzcyp4kpwsienyukrz/app.bsky.feed.generator/aaadfjfgt73ls,suggested_labelerexp,48,at://did:plc:ythj6f7sdbf53xokqs37epkc/app.bsky.feed.post/3mfla4xi5ck24,bafyreih4fljgctyu53eqhfzltym25x36s5pmd6rxliq3jyld6r7cnsifle,did:plc:ythj6f7sdbf53xokqs37epkc,kev-lucky.bsky.social,,
14b7e0b51dbf463887d2bc771009fde5,2026-02-24T04:00:00Z,2026-02-24T04:12:08Z,auth,auth_enUS_labelerexp,at://did:plc:65yo7ynzcyp4kpwsienyukrz/app.bsky.feed.generator/aaadfjfgt73ls,suggested_labelerexp,49,at://did:plc:b2h46kysagttnlvnygxuwvgn/app.bsky.feed.post/3mfla4cww2k2l,bafyreiev7iytsmyv6tbaztx7hw3gmvk5hy63ynaxlftlusodz2sk2accxa,did:plc:b2h46kysagttnlvnygxuwvgn,modernmoneylab.bsky.social,,
14b7e0b51dbf463887d2bc771009fde5,2026-02-24T04:00:00Z,2026-02-24T04:12:08Z,auth,auth_enUS_labelerexp,at://did:plc:65yo7ynzcyp4kpwsienyukrz/app.bsky.feed.generator/aaadfjfgt73ls,suggested_labelerexp,50,at://did:plc:nd65ai3hiz5lfh3yebxzkrll/app.bsky.feed.post/3mfla45bjor2w,bafyreidxksibdckjbbooafsepsnjwtylvfp2xqu3ls672epmlnmsk7peq4,did:plc:nd65ai3hiz5lfh3yebxzkrll,nzparlypartiesnews.bsky.social,,
14b7e0b51dbf463887d2bc771009fde5,2026-02-24T04:00:00Z,2026-02-24T04:12:08Z,auth,auth_enUS_labelerexp,at://did:plc:7opjnfmb6gtbgjrsr3777ujx/app.bsky.feed.generator/aaagz4bmp5o3c,suggested_labelerexp,1,at://did:plc:u2vqbvnng24nx2yrzfycf6ew/app.bsky.feed.post/3mflcaie6mc2y,bafyreice5pzg6suqrgsvynppy4tyyqytxdi4fe5wmzzxdjd44vmaopl7k4,did:plc:u2vqbvnng24nx2yrzfycf6ew,shiseptiana.bsky.social,,
14b7e0b51dbf463887d2bc771009fde5,2026-02-24T04:00:00Z,2026-02-24T04:12:08Z,auth,auth_enUS_labelerexp,at://did:plc:7opjnfmb6gtbgjrsr3777ujx/app.bsky.feed.generator/aaagz4bmp5o3c,suggested_labelerexp,2,at://did:plc:retcqod3ot6bt4mywfyf6os5/app.bsky.feed.post/3mflbxlzjqy2y,bafyreih5wuynuw5irwqw3sln7ytuekqutcqujmw3yofq5kelzr4miyf7ku,did:plc:retcqod3ot6bt4mywfyf6os5,kompas.id,,
14b7e0b51dbf463887d2bc771009fde5,2026-02-24T04:00:00Z,2026-02-24T04:12:08Z,auth,auth_enUS_labelerexp,at://did:plc:7opjnfmb6gtbgjrsr3777ujx/app.bsky.feed.generator/aaagz4bmp5o3c,suggested_labelerexp,3,at://did:plc:hulegx7uainxpulv5w4lpcmx/app.bsky.feed.post/3mflbmfa7222s,bafyreifjj4fr4cuznfzq6eqaykafgryxzllir5yablsdoro3sckanzepzm,did:plc:hulegx7uainxpulv5w4lpcmx,otaku-anime.bsky.social,,
14b7e0b51dbf463887d2bc771009fde5,2026-02-24T04:00:00Z,2026-02-24T04:12:08Z,auth,auth_enUS_labelerexp,at://did:plc:7opjnfmb6gtbgjrsr3777ujx/app.bsky.feed.generator/aaagz4bmp5o3c,suggested_labelerexp,4,at://did:plc:yrgol7bklap7sl7yyk2krhlk/app.bsky.feed.post/3mflblju7s22o,bafyreiaeewlngx6fsnarxydgmhzqlq2xwyqlxndbk2q4sqf7o4yetkw6xm,did:plc:yrgol7bklap7sl7yyk2krhlk,attailahpetir.com,,
14b7e0b51dbf463887d2bc771009fde5,2026-02-24T04:00:00Z,2026-02-24T04:12:08Z,auth,auth_enUS_labelerexp,at://did:plc:7opjnfmb6gtbgjrsr3777ujx/app.bsky.feed.generator/aaagz4bmp5o3c,suggested_labelerexp,5,at://did:plc:pag7hdp6sz5wodz25ulwdfpa/app.bsky.feed.post/3mflbf3kjv22d,bafyreih2knkzyd4wmoccpsywuq6ijzxqci25wwmxz3ww5f2qf33vqlr3iy,did:plc:pag7hdp6sz5wodz25ulwdfpa,mymountains.bsky.social,,
14b7e0b51dbf463887d2bc771009fde5,2026-02-24T04:00:00Z,2026-02-24T04:12:08Z,auth,auth_enUS_labelerexp,at://did:plc:7opjnfmb6gtbgjrsr3777ujx/app.bsky.feed.generator/aaagz4bmp5o3c,suggested_labelerexp,6,at://did:plc:2ckflmdtcispcdk6ufxzhxls/app.bsky.feed.post/3mflbdhjgok2h,bafyreifnjqulh3mkyqzaqk3vxextilq65xj7hg7syic4n6tdjkbenzo4y4,did:plc:2ckflmdtcispcdk6ufxzhxls,herry.5ntoro.com,,
14b7e0b51dbf463887d2bc771009fde5,2026-02-24T04:00:00Z,2026-02-24T04:12:08Z,auth,auth_enUS_labelerexp,at://did:plc:7opjnfmb6gtbgjrsr3777ujx/app.bsky.feed.generator/aaagz4bmp5o3c,suggested_labelerexp,7,at://did:plc:z35letziwxnivmgthka5yhem/app.bsky.feed.post/3mflbcbslk22f,bafyreifslb4wasvdxsccwphxuhcg5xpxt4l7ytcjlycquhvgkkteq3nq4q,did:plc:z35letziwxnivmgthka5yhem,sushiikanlele.bsky.social,,
14b7e0b51dbf463887d2bc771009fde5,2026-02-24T04:00:00Z,2026-02-24T04:12:08Z,auth,auth_enUS_labelerexp,at://did:plc:7opjnfmb6gtbgjrsr3777ujx/app.bsky.feed.generator/aaagz4bmp5o3c,suggested_labelerexp,8,at://did:plc:non3rbheid2f2hocghtdebyg/app.bsky.feed.post/3mflb4p5o522m,bafyreibkjnusjj45kj5e4u3ttoivcaqi467hbmgv6irsraem5wxqcwrnmu,did:plc:non3rbheid2f2hocghtdebyg,kittenball.bsky.social,,
14b7e0b51dbf463887d2bc771009fde5,2026-02-24T04:00:00Z,2026-02-24T04:12:08Z,auth,auth_enUS_labelerexp,at://did:plc:7opjnfmb6gtbgjrsr3777ujx/app.bsky.feed.generator/aaagz4bmp5o3c,suggested_labelerexp,9,at://did:plc:yr5coii7qrxfals27ukhejwh/app.bsky.feed.post/3mflamp2gjl26,bafyreia4ebdo3tej7oo34d5kxdo3xukpzxc7lmlbyhhhkt7qx6mmub3hqq,did:plc:yr5coii7qrxfals27ukhejwh,infogempa.bsky.social,,
14b7e0b51dbf463887d2bc771009fde5,2026-02-24T04:00:00Z,2026-02-24T04:12:08Z,auth,auth_enUS_labelerexp,at://did:plc:7opjnfmb6gtbgjrsr3777ujx/app.bsky.feed.generator/aaagz4bmp5o3c,suggested_labelerexp,10,at://did:plc:ftvle4guabxcffknvupgsoxh/app.bsky.feed.post/3mfl6mnznec2b,bafyreifll2om6vyenf7grjivyl6vxua3atcsts3fm6jsfto64qpzs6qscq,did:plc:ftvle4guabxcffknvupgsoxh,saibacity.bsky.social,,
14b7e0b51dbf463887d2bc771009fde5,2026-02-24T04:00:00Z,2026-02-24T04:12:08Z,auth,auth_enUS_labelerexp,at://did:plc:7opjnfmb6gtbgjrsr3777ujx/app.bsky.feed.generator/aaagz4bmp5o3c,suggested_labelerexp,11,at://did:plc:hulegx7uainxpulv5w4lpcmx/app.bsky.feed.post/3mfl5t622322s,bafyreicrx7f74mj2stay55avzvg3eo5dt5224rd5a7kfsa3bq6wni4xtuq,did:plc:hulegx7uainxpulv5w4lpcmx,otaku-anime.bsky.social,,
14b7e0b51dbf463887d2bc771009fde5,2026-02-24T04:00:00Z,2026-02-24T04:12:08Z,auth,auth_enUS_labelerexp,at://did:plc:7opjnfmb6gtbgjrsr3777ujx/app.bsky.feed.generator/aaagz4bmp5o3c,suggested_labelerexp,12,at://did:plc:c7jfqhtnqocabucczwtbxwez/app.bsky.feed.post/3mfl5or3v4e2j,bafyreief32elkmvdopts42ohywlr3h26nqaibvfafqzn7bh6iowznx2epu,did:plc:c7jfqhtnqocabucczwtbxwez,cumanbisamage.bsky.social,,
14b7e0b51dbf463887d2bc771009fde5,2026-02-24T04:00:00Z,2026-02-24T04:12:08Z,auth,auth_enUS_labelerexp,at://did:plc:7opjnfmb6gtbgjrsr3777ujx/app.bsky.feed.generator/aaagz4bmp5o3c,suggested_labelerexp,13,at://did:plc:tg6plzqgu7xmpkcs4rslr2h4/app.bsky.feed.post/3mfl5nofhoc2n,bafyreievtsqcdkm44mf7eljdhcmfqwurheb3e4t7ojokqpscikw6fvt65a,did:plc:tg6plzqgu7xmpkcs4rslr2h4,arifgum.researchers.blue,,
14b7e0b51dbf463887d2bc771009fde5,2026-02-24T04:00:00Z,2026-02-24T04:12:08Z,auth,auth_enUS_labelerexp,at://did:plc:7opjnfmb6gtbgjrsr3777ujx/app.bsky.feed.generator/aaagz4bmp5o3c,suggested_labelerexp,14,at://did:plc:tg6plzqgu7xmpkcs4rslr2h4/app.bsky.feed.post/3mfl5htb3qk2n,bafyreigv4qtis3355hxuhkmrxb4ovxmwnui3odoziyu75qd7ifprv36rvy,did:plc:tg6plzqgu7xmpkcs4rslr2h4,arifgum.researchers.blue,,
14b7e0b51dbf463887d2bc771009fde5,2026-02-24T04:00:00Z,2026-02-24T04:12:08Z,auth,auth_enUS_labelerexp,at://did:plc:7opjnfmb6gtbgjrsr3777ujx/app.bsky.feed.generator/aaagz4bmp5o3c,suggested_labelerexp,15,at://did:plc:cxf5p2duzfntgzjl5hq6mkeg/app.bsky.feed.post/3mfl5domucs2m,bafyreid6gd7k7wghsroqfjqtm56txdmy7qazjghmvnfgqtbt3kkn4b7lqe,did:plc:cxf5p2duzfntgzjl5hq6mkeg,honeyreikko.bsky.social,,
14b7e0b51dbf463887d2bc771009fde5,2026-02-24T04:00:00Z,2026-02-24T04:12:08Z,auth,auth_enUS_labelerexp,at://did:plc:7opjnfmb6gtbgjrsr3777ujx/app.bsky.feed.generator/aaagz4bmp5o3c,suggested_labelerexp,16,at://did:plc:wtnnktlfif2jtvqkrqwd4pef/app.bsky.feed.post/3mfl5dakha22c,bafyreigt6h6pbapjervtlg2ra2h2isndovv5io3g2g7ebmqsz6nnewc72e,did:plc:wtnnktlfif2jtvqkrqwd4pef,socozy.being.cat,,
14b7e0b51dbf463887d2bc771009fde5,2026-02-24T04:00:00Z,2026-02-24T04:12:08Z,auth,auth_enUS_labelerexp,at://did:plc:7opjnfmb6gtbgjrsr3777ujx/app.bsky.feed.generator/aaagz4bmp5o3c,suggested_labelerexp,17,at://did:plc:ftvle4guabxcffknvupgsoxh/app.bsky.feed.post/3mfl4j74sjc2j,bafyreihxbxdemfd6jxylj36akaf2spxbldbsu5i77rthu2vgiofbkkaodm,did:plc:ftvle4guabxcffknvupgsoxh,saibacity.bsky.social,,
14b7e0b51dbf463887d2bc771009fde5,2026-02-24T04:00:00Z,2026-02-24T04:12:08Z,auth,auth_enUS_labelerexp,at://did:plc:7opjnfmb6gtbgjrsr3777ujx/app.bsky.feed.generator/aaagz4bmp5o3c,suggested_labelerexp,18,at://did:plc:k6ywamibhdrhz4qpzzokbbua/app.bsky.feed.post/3mfl42nuti22l,bafyreigirxukybf6cqybq4m5vcgaqrwp3iu3c4j3b2jeratc3nuxzlakbe,did:plc:k6ywamibhdrhz4qpzzokbbua,iceyeahce.bsky.social,,
14b7e0b51dbf463887d2bc771009fde5,2026-02-24T04:00:00Z,2026-02-24T04:12:08Z,auth,auth_enUS_labelerexp,at://did:plc:7opjnfmb6gtbgjrsr3777ujx/app.bsky.feed.generator/aaagz4bmp5o3c,suggested_labelerexp,19,at://did:plc:qtldbingyhs4bfyaxdhatmzw/app.bsky.feed.post/3mfl3ttv3ts2a,bafyreiejy47uk2mpmtjwube7zvtgnmzbvscj5lc42kamspbdomfhmxwici,did:plc:qtldbingyhs4bfyaxdhatmzw,colox.bsky.social,,
14b7e0b51dbf463887d2bc771009fde5,2026-02-24T04:00:00Z,2026-02-24T04:12:08Z,auth,auth_enUS_labelerexp,at://did:plc:7opjnfmb6gtbgjrsr3777ujx/app.bsky.feed.generator/aaagz4bmp5o3c,suggested_labelerexp,20,at://did:plc:ftvle4guabxcffknvupgsoxh/app.bsky.feed.post/3mfl3sew7322a,bafyreic75omussxckajs75irq7dvrv2ajwhekstp6foh7rxu4hmeo4mlz4,did:plc:ftvle4guabxcffknvupgsoxh,saibacity.bsky.social,,
14b7e0b51dbf463887d2bc771009fde5,2026-02-24T04:00:00Z,2026-02-24T04:12:08Z,auth,auth_enUS_labelerexp,at://did:plc:7opjnfmb6gtbgjrsr3777ujx/app.bsky.feed.generator/aaagz4bmp5o3c,suggested_labelerexp,21,at://did:plc:5k2mbnswxfwwe43m6e54jaq2/app.bsky.feed.post/3mfl3np37mk2m,bafyreibayzwojdirympkbzaxvcvqn6m3v3lfagyoqj4co46ifdxslw55n4,did:plc:5k2mbnswxfwwe43m6e54jaq2,melekmedia.org,,
14b7e0b51dbf463887d2bc771009fde5,2026-02-24T04:00:00Z,2026-02-24T04:12:08Z,auth,auth_enUS_labelerexp,at://did:plc:7opjnfmb6gtbgjrsr3777ujx/app.bsky.feed.generator/aaagz4bmp5o3c,suggested_labelerexp,22,at://did:plc:6j57jdjx6jdjly3jh43pod2q/app.bsky.feed.post/3mfl3jzd4jc2x,bafyreifoxr4owxyhrdm223gpofffobwykotrlvjt65g2swzgkzfmudolta,did:plc:6j57jdjx6jdjly3jh43pod2q,cutiepiesieupi.bsky.social,,
14b7e0b51dbf463887d2bc771009fde5,2026-02-24T04:00:00Z,2026-02-24T04:12:08Z,auth,auth_enUS_labelerexp,at://did:plc:7opjnfmb6gtbgjrsr3777ujx/app.bsky.feed.generator/aaagz4bmp5o3c,suggested_labelerexp,23,at://did:plc:6j57jdjx6jdjly3jh43pod2q/app.bsky.feed.post/3mfl3iybdv22x,bafyreigefpz5wafbdmhdqkxk4ea24kufcbu2hxpwa5sw7qyuidljx2edei,did:plc:6j57jdjx6jdjly3jh43pod2q,cutiepiesieupi.bsky.social,,
14b7e0b51dbf463887d2bc771009fde5,2026-02-24T04:00:00Z,2026-02-24T04:12:08Z,auth,auth_enUS_labelerexp,at://did:plc:7opjnfmb6gtbgjrsr3777ujx/app.bsky.feed.generator/aaagz4bmp5o3c,suggested_labelerexp,24,at://did:plc:5k2mbnswxfwwe43m6e54jaq2/app.bsky.feed.post/3mfl3efi6cs2f,bafyreibhi34jdobrjhuh2rxbn4veoh36bwwgb4iil5gea64alrhzfsxzsy,did:plc:5k2mbnswxfwwe43m6e54jaq2,melekmedia.org,,
14b7e0b51dbf463887d2bc771009fde5,2026-02-24T04:00:00Z,2026-02-24T04:12:08Z,auth,auth_enUS_labelerexp,at://did:plc:7opjnfmb6gtbgjrsr3777ujx/app.bsky.feed.generator/aaagz4bmp5o3c,suggested_labelerexp,25,at://did:plc:u2vqbvnng24nx2yrzfycf6ew/app.bsky.feed.post/3mfl2zipugk27,bafyreifrsst5wjlfz6la53kcppfnskwrdi67hifkirrbzj7uwm4vwh4f7u,did:plc:u2vqbvnng24nx2yrzfycf6ew,shiseptiana.bsky.social,,
14b7e0b51dbf463887d2bc771009fde5,2026-02-24T04:00:00Z,2026-02-24T04:12:08Z,auth,auth_enUS_labelerexp,at://did:plc:7opjnfmb6gtbgjrsr3777ujx/app.bsky.feed.generator/aaagz4bmp5o3c,suggested_labelerexp,26,at://did:plc:wtnnktlfif2jtvqkrqwd4pef/app.bsky.feed.post/3mfl2qmszlk2c,bafyreic7andhgsnvewfwkvhrq5ejv4nds43ydfc5eq73zrf37ktogmktnu,did:plc:wtnnktlfif2jtvqkrqwd4pef,socozy.being.cat,,
14b7e0b51dbf463887d2bc771009fde5,2026-02-24T04:00:00Z,2026-02-24T04:12:08Z,auth,auth_enUS_labelerexp,at://did:plc:7opjnfmb6gtbgjrsr3777ujx/app.bsky.feed.generator/aaagz4bmp5o3c,suggested_labelerexp,27,at://did:plc:u2vqbvnng24nx2yrzfycf6ew/app.bsky.feed.post/3mfl2loamq227,bafyreies7lnkhq4ojb5klvtccnjauq2bhmu72f5skixzn262mgjgnbyxny,did:plc:u2vqbvnng24nx2yrzfycf6ew,shiseptiana.bsky.social,,
14b7e0b51dbf463887d2bc771009fde5,2026-02-24T04:00:00Z,2026-02-24T04:12:08Z,auth,auth_enUS_labelerexp,at://did:plc:7opjnfmb6gtbgjrsr3777ujx/app.bsky.feed.generator/aaagz4bmp5o3c,suggested_labelerexp,28,at://did:plc:rb7zmpjpwjea6lh42a2eo6is/app.bsky.feed.post/3mfl2bqaungk2,bafyreihta4ommyt4q6tggvog6ptlnyids4pxvp4qjvd3ovpzjoorjtywju,did:plc:rb7zmpjpwjea6lh42a2eo6is,far1925.misskey.id.ap.brid.gy,,
14b7e0b51dbf463887d2bc771009fde5,2026-02-24T04:00:00Z,2026-02-24T04:12:08Z,auth,auth_enUS_labelerexp,at://did:plc:7opjnfmb6gtbgjrsr3777ujx/app.bsky.feed.generator/aaagz4bmp5o3c,suggested_labelerexp,29,at://did:plc:hulegx7uainxpulv5w4lpcmx/app.bsky.feed.post/3mfl23ylijs2s,bafyreic3vfvorm2nh6juqqud4kkkzg2m5dfq4tpuovdq7jvkyqwz574u6i,did:plc:hulegx7uainxpulv5w4lpcmx,otaku-anime.bsky.social,,
14b7e0b51dbf463887d2bc771009fde5,2026-02-24T04:00:00Z,2026-02-24T04:12:08Z,auth,auth_enUS_labelerexp,at://did:plc:7opjnfmb6gtbgjrsr3777ujx/app.bsky.feed.generator/aaagz4bmp5o3c,suggested_labelerexp,30,at://did:plc:pmwzdwic7rrkb5ylh7lpcxvd/app.bsky.feed.post/3mfkzwepwje2k,bafyreib2sfapeggwuugj6xp4qiphszlkimovrjhza4irbuuup3ibpulu54,did:plc:pmwzdwic7rrkb5ylh7lpcxvd,didik.id,,
14b7e0b51dbf463887d2bc771009fde5,2026-02-24T04:00:00Z,2026-02-24T04:12:08Z,auth,auth_enUS_labelerexp,at://did:plc:7opjnfmb6gtbgjrsr3777ujx/app.bsky.feed.generator/aaagz4bmp5o3c,suggested_labelerexp,31,at://did:plc:isnifhnsvnjt5xc7ym2q5pom/app.bsky.feed.post/3mfkznxu2lc2y,bafyreicx6mzziwiufi2efkqim7jq2iknjdvf6ukgj5t7xtpnsp3yjtpb2m,did:plc:isnifhnsvnjt5xc7ym2q5pom,miomee.bsky.social,,
14b7e0b51dbf463887d2bc771009fde5,2026-02-24T04:00:00Z,2026-02-24T04:12:08Z,auth,auth_enUS_labelerexp,at://did:plc:7opjnfmb6gtbgjrsr3777ujx/app.bsky.feed.generator/aaagz4bmp5o3c,suggested_labelerexp,32,at://did:plc:qwm574tbwokllugklkmkjvba/app.bsky.feed.post/3mfkzndn4qt22,bafyreiah3vwyfnqhhhcvcal2bd7nuimizfj4csjj2r7s75ylvwucddoqlq,did:plc:qwm574tbwokllugklkmkjvba,kulineria.bluesky.bot,,
14b7e0b51dbf463887d2bc771009fde5,2026-02-24T04:00:00Z,2026-02-24T04:12:08Z,auth,auth_enUS_labelerexp,at://did:plc:7opjnfmb6gtbgjrsr3777ujx/app.bsky.feed.generator/aaagz4bmp5o3c,suggested_labelerexp,33,at://did:plc:a62wsje3kcpkjgkyuebtfsym/app.bsky.feed.post/3mfkzaisb7k26,bafyreief32go2ouivfaalj7inuyyrfkzz4bd655oymqz4dfjdi6cgv7sve,did:plc:a62wsje3kcpkjgkyuebtfsym,yern.bsky.social,,
14b7e0b51dbf463887d2bc771009fde5,2026-02-24T04:00:00Z,2026-02-24T04:12:08Z,auth,auth_enUS_labelerexp,at://did:plc:7opjnfmb6gtbgjrsr3777ujx/app.bsky.feed.generator/aaagz4bmp5o3c,suggested_labelerexp,34,at://did:plc:b5uscsx5h6awos2ii6qa4xas/app.bsky.feed.post/3mfkywrpii222,bafyreiarihyj6vokt5habtbnbsmrtvyk2ofeitg63yjq2jtcmfiayqq4de,did:plc:b5uscsx5h6awos2ii6qa4xas,danangpriabada.bsky.social,,
14b7e0b51dbf463887d2bc771009fde5,2026-02-24T04:00:00Z,2026-02-24T04:12:08Z,auth,auth_enUS_labelerexp,at://did:plc:7opjnfmb6gtbgjrsr3777ujx/app.bsky.feed.generator/aaagz4bmp5o3c,suggested_labelerexp,35,at://did:plc:pag7hdp6sz5wodz25ulwdfpa/app.bsky.feed.post/3mfkyvjfafc2j,bafyreig2igm4rnwgbor6upvoxccty3slvzx2kgaw6wjyq77tjx3jv4pgoq,did:plc:pag7hdp6sz5wodz25ulwdfpa,mymountains.bsky.social,,
14b7e0b51dbf463887d2bc771009fde5,2026-02-24T04:00:00Z,2026-02-24T04:12:08Z,auth,auth_enUS_labelerexp,at://did:plc:7opjnfmb6gtbgjrsr3777ujx/app.bsky.feed.generator/aaagz4bmp5o3c,suggested_labelerexp,36,at://did:plc:7opjnfmb6gtbgjrsr3777ujx/app.bsky.feed.post/3mbomnhzfzk2w,bafyreidsr2wk73is33kv2uktgb3uir4mkwbopzpofoknlja4zhb3wwbmoe,did:plc:7opjnfmb6gtbgjrsr3777ujx,oops.wtf,,
14b7e0b51dbf463887d2bc771009fde5,2026-02-24T04:00:00Z,2026-02-24T04:12:08Z,auth,auth_enUS_labelerexp,at://did:plc:7opjnfmb6gtbgjrsr3777ujx/app.bsky.feed.generator/aaagz4bmp5o3c,suggested_labelerexp,37,at://did:plc:u2vqbvnng24nx2yrzfycf6ew/app.bsky.feed.post/3mfkyptd2vc2v,bafyreice6lgxyfxey5lx3cjqcge6z2m27qp5qyf6qthk3v26ceejvity5e,did:plc:u2vqbvnng24nx2yrzfycf6ew,shiseptiana.bsky.social,,
14b7e0b51dbf463887d2bc771009fde5,2026-02-24T04:00:00Z,2026-02-24T04:12:08Z,auth,auth_enUS_labelerexp,at://did:plc:7opjnfmb6gtbgjrsr3777ujx/app.bsky.feed.generator/aaagz4bmp5o3c,suggested_labelerexp,38,at://did:plc:tg6plzqgu7xmpkcs4rslr2h4/app.bsky.feed.post/3mfkyo2oosc2n,bafyreieoygk6qarwlnvc7r3unj6icb5la2agwcnwvyia6gwiwjnlqjbcne,did:plc:tg6plzqgu7xmpkcs4rslr2h4,arifgum.researchers.blue,,
14b7e0b51dbf463887d2bc771009fde5,2026-02-24T04:00:00Z,2026-02-24T04:12:08Z,auth,auth_enUS_labelerexp,at://did:plc:7opjnfmb6gtbgjrsr3777ujx/app.bsky.feed.generator/aaagz4bmp5o3c,suggested_labelerexp,39,at://did:plc:qih6fwpcuq6y6kf5fmazwjub/app.bsky.feed.post/3mfkybv67jc2s,bafyreidambpjidjuzz77x7djawm2aqtsfu53vstgmwy5pwsge5uinyqiam,did:plc:qih6fwpcuq6y6kf5fmazwjub,adnanbayu.bsky.social,,
14b7e0b51dbf463887d2bc771009fde5,2026-02-24T04:00:00Z,2026-02-24T04:12:08Z,auth,auth_enUS_labelerexp,at://did:plc:7opjnfmb6gtbgjrsr3777ujx/app.bsky.feed.generator/aaagz4bmp5o3c,suggested_labelerexp,40,at://did:plc:retcqod3ot6bt4mywfyf6os5/app.bsky.feed.post/3mfky5jvmz52h,bafyreih6wkoyenojpkf6mpd5xonl2m3e2opr37c6wwskjuv4f2unjcifmq,did:plc:retcqod3ot6bt4mywfyf6os5,kompas.id,,
14b7e0b51dbf463887d2bc771009fde5,2026-02-24T04:00:00Z,2026-02-24T04:12:08Z,auth,auth_enUS_labelerexp,at://did:plc:7opjnfmb6gtbgjrsr3777ujx/app.bsky.feed.generator/aaagz4bmp5o3c,suggested_labelerexp,41,at://did:plc:6j57jdjx6jdjly3jh43pod2q/app.bsky.feed.post/3mfky5bkegk2r,bafyreif43vnulknyt36z7wgrng5c6vqmlqoxstlq2vndong5k57zemkure,did:plc:6j57jdjx6jdjly3jh43pod2q,cutiepiesieupi.bsky.social,,
14b7e0b51dbf463887d2bc771009fde5,2026-02-24T04:00:00Z,2026-02-24T04:12:08Z,auth,auth_enUS_labelerexp,at://did:plc:7opjnfmb6gtbgjrsr3777ujx/app.bsky.feed.generator/aaagz4bmp5o3c,suggested_labelerexp,42,at://did:plc:tt5xu3fsb45u42yoq5qzfns7/app.bsky.feed.post/3mfky523vl226,bafyreidohv4v3x37eig6fipp2ytajotfxreajnt7lcropnqnm7eljsstti,did:plc:tt5xu3fsb45u42yoq5qzfns7,syafiqinsomnia.bsky.social,,
14b7e0b51dbf463887d2bc771009fde5,2026-02-24T04:00:00Z,2026-02-24T04:12:08Z,auth,auth_enUS_labelerexp,at://did:plc:7opjnfmb6gtbgjrsr3777ujx/app.bsky.feed.generator/aaagz4bmp5o3c,suggested_labelerexp,43,at://did:plc:6j57jdjx6jdjly3jh43pod2q/app.bsky.feed.post/3mfky4ojuqs2r,bafyreiaqcqjxaqd5rfnswwgirpxlmkyezkrvqwpedbancc33olmehcacxe,did:plc:6j57jdjx6jdjly3jh43pod2q,cutiepiesieupi.bsky.social,,
14b7e0b51dbf463887d2bc771009fde5,2026-02-24T04:00:00Z,2026-02-24T04:12:08Z,auth,auth_enUS_labelerexp,at://did:plc:7opjnfmb6gtbgjrsr3777ujx/app.bsky.feed.generator/aaagz4bmp5o3c,suggested_labelerexp,44,at://did:plc:pag7hdp6sz5wodz25ulwdfpa/app.bsky.feed.post/3mfkxx42d7s24,bafyreigokxlx7e4nbyujuolpoegobmj4gjv76pz3o33strnm5myvyyfpbm,did:plc:pag7hdp6sz5wodz25ulwdfpa,mymountains.bsky.social,,
14b7e0b51dbf463887d2bc771009fde5,2026-02-24T04:00:00Z,2026-02-24T04:12:08Z,auth,auth_enUS_labelerexp,at://did:plc:7opjnfmb6gtbgjrsr3777ujx/app.bsky.feed.generator/aaagz4bmp5o3c,suggested_labelerexp,45,at://did:plc:q5b37trglgbd5xw7as4o4seq/app.bsky.feed.post/3mfkwbwsouc2j,bafyreihnooevyhxtu3lc3bzw22l5czxecmdlmdmd3nckancajzp34gjhwa,did:plc:q5b37trglgbd5xw7as4o4seq,kei-jepang.bsky.social,,
14b7e0b51dbf463887d2bc771009fde5,2026-02-24T04:00:00Z,2026-02-24T04:12:08Z,auth,auth_enUS_labelerexp,at://did:plc:7opjnfmb6gtbgjrsr3777ujx/app.bsky.feed.generator/aaagz4bmp5o3c,suggested_labelerexp,46,at://did:plc:2rifkrgvdf6sljyv7buqxzmh/app.bsky.feed.post/3mfkvmpqgp22z,bafyreigovhtf4ucugtmyg3yui7og4ufd3enzv72clxw645rfeeourua7ey,did:plc:2rifkrgvdf6sljyv7buqxzmh,707mjanes.bsky.social,,
14b7e0b51dbf463887d2bc771009fde5,2026-02-24T04:00:00Z,2026-02-24T04:12:08Z,auth,auth_enUS_labelerexp,at://did:plc:7opjnfmb6gtbgjrsr3777ujx/app.bsky.feed.generator/aaagz4bmp5o3c,suggested_labelerexp,47,at://did:plc:fsq3sjpobkzpehvdheny5gph/app.bsky.feed.post/3mfkv4c4v4c2w,bafyreifhogpo3xku36faxspbwfhzdkpnbu45nifcanbuo5lpfso4uxg7nu,did:plc:fsq3sjpobkzpehvdheny5gph,unclericotnt.bsky.social,,
14b7e0b51dbf463887d2bc771009fde5,2026-02-24T04:00:00Z,2026-02-24T04:12:08Z,auth,auth_enUS_labelerexp,at://did:plc:7opjnfmb6gtbgjrsr3777ujx/app.bsky.feed.generator/aaagz4bmp5o3c,suggested_labelerexp,48,at://did:plc:6j57jdjx6jdjly3jh43pod2q/app.bsky.feed.post/3mfktnm75vs2g,bafyreibxntpgkit7p7svqveo5bpq55ywhrihhx3lwdlykfrij666j7wkaa,did:plc:6j57jdjx6jdjly3jh43pod2q,cutiepiesieupi.bsky.social,,
14b7e0b51dbf463887d2bc771009fde5,2026-02-24T04:00:00Z,2026-02-24T04:12:08Z,auth,auth_enUS_labelerexp,at://did:plc:7opjnfmb6gtbgjrsr3777ujx/app.bsky.feed.generator/aaagz4bmp5o3c,suggested_labelerexp,49,at://did:plc:tt5xu3fsb45u42yoq5qzfns7/app.bsky.feed.post/3mfksetngms2s,bafyreidduhfrq2ayubohshajdal4asx65q2fl54xz6klazcix75eiqf754,did:plc:tt5xu3fsb45u42yoq5qzfns7,syafiqinsomnia.bsky.social,,
14b7e0b51dbf463887d2bc771009fde5,2026-02-24T04:00:00Z,2026-02-24T04:12:08Z,auth,auth_enUS_labelerexp,at://did:plc:7opjnfmb6gtbgjrsr3777ujx/app.bsky.feed.generator/aaagz4bmp5o3c,suggested_labelerexp,50,at://did:plc:znfl25resa6ex73ftv2afbkk/app.bsky.feed.post/3mfks2ynwok2d,bafyreihudkugaacxn72qrc6luctnfthb2qkhaezns5wvwbgzawbqsnvyvm,did:plc:znfl25resa6ex73ftv2afbkk,kaitzunema23.bsky.social,,
14b7e0b51dbf463887d2bc771009fde5,2026-02-24T04:00:00Z,2026-02-24T04:12:10Z,auth,auth_enUS_labelerexp,at://did:plc:dvgliotey33vix3wlltybgkd/app.bsky.feed.generator/art,suggested_labelerexp,1,at://did:plc:mrfno7ipwulhds2wloxccvdg/app.bsky.feed.post/3mflb25iqu22z,bafyreigviwky3uuksavvtzr4jdpzuj3lrbl5kadz7zhqh2manyfllfb7hy,did:plc:mrfno7ipwulhds2wloxccvdg,lucadriel.bsky.social,,
14b7e0b51dbf463887d2bc771009fde5,2026-02-24T04:00:00Z,2026-02-24T04:12:10Z,auth,auth_enUS_labelerexp,at://did:plc:dvgliotey33vix3wlltybgkd/app.bsky.feed.generator/art,suggested_labelerexp,2,at://did:plc:pfwtsb35x6djrgqoussa3lp6/app.bsky.feed.post/3mfl26a2zpc24,bafyreieakya67pbi7nh7mwcx6u73svjj73mgivvhcactq3eoqavxpkieqy,did:plc:pfwtsb35x6djrgqoussa3lp6,murmeruem.bsky.social,,
14b7e0b51dbf463887d2bc771009fde5,2026-02-24T04:00:00Z,2026-02-24T04:12:10Z,auth,auth_enUS_labelerexp,at://did:plc:dvgliotey33vix3wlltybgkd/app.bsky.feed.generator/art,suggested_labelerexp,3,at://did:plc:diz4gmxo6zrg6gfsusqyp2pp/app.bsky.feed.post/3mfkxaarurc2c,bafyreicfjyxjq23yexb2zg4e6vs7ea37zcd7lzvh6vw76ztfos6deobeym,did:plc:diz4gmxo6zrg6gfsusqyp2pp,shchuratism.bsky.social,,
14b7e0b51dbf463887d2bc771009fde5,2026-02-24T04:00:00Z,2026-02-24T04:12:10Z,auth,auth_enUS_labelerexp,at://did:plc:dvgliotey33vix3wlltybgkd/app.bsky.feed.generator/art,suggested_labelerexp,4,at://did:plc:o2ynlqvtdrenys5iav6m6uld/app.bsky.feed.post/3mfkx5batl22c,bafyreif6tbp6oapwmpvix6me3b7p5xpf2qptsxgxnyy2nw5iyt6yz75v3m,did:plc:o2ynlqvtdrenys5iav6m6uld,hazarezot.bsky.social,,
14b7e0b51dbf463887d2bc771009fde5,2026-02-24T04:00:00Z,2026-02-24T04:12:10Z,auth,auth_enUS_labelerexp,at://did:plc:dvgliotey33vix3wlltybgkd/app.bsky.feed.generator/art,suggested_labelerexp,5,at://did:plc:u4grfjeujty6ftjxi3bdgqgt/app.bsky.feed.post/3mfkr4ovjl22v,bafyreihm7mlxmtkzf7y5cspuzyisvzzjqxbewb3jlzlyxohla6lmeoegce,did:plc:u4grfjeujty6ftjxi3bdgqgt,luerron.bsky.social,,
14b7e0b51dbf463887d2bc771009fde5,2026-02-24T04:00:00Z,2026-02-24T04:12:10Z,auth,auth_enUS_labelerexp,at://did:plc:dvgliotey33vix3wlltybgkd/app.bsky.feed.generator/art,suggested_labelerexp,6,at://did:plc:kij4xm2ijgrguo4dbqxvxszc/app.bsky.feed.post/3mfkqckem422w,bafyreidcax55v7k36usqyofo7aolyu5x7icecefxx6rm5iv5o6a7a44pua,did:plc:kij4xm2ijgrguo4dbqxvxszc,vojit.bsky.social,,
14b7e0b51dbf463887d2bc771009fde5,2026-02-24T04:00:00Z,2026-02-24T04:12:10Z,auth,auth_enUS_labelerexp,at://did:plc:dvgliotey33vix3wlltybgkd/app.bsky.feed.generator/art,suggested_labelerexp,7,at://did:plc:pppas6qg6tafw3z3c7jn5gmg/app.bsky.feed.post/3mfklijizsk26,bafyreiemksg77saibvaastjevxcjl7d6myroluaurl2avjvpdp5qy5xumy,did:plc:pppas6qg6tafw3z3c7jn5gmg,rier.bsky.social,,
14b7e0b51dbf463887d2bc771009fde5,2026-02-24T04:00:00Z,2026-02-24T04:12:10Z,auth,auth_enUS_labelerexp,at://did:plc:dvgliotey33vix3wlltybgkd/app.bsky.feed.generator/art,suggested_labelerexp,8,at://did:plc:mrfno7ipwulhds2wloxccvdg/app.bsky.feed.post/3mfkgfxhfg22d,bafyreihcjc6ucvwqgtlx33cwk6uknioiagupf53m3gjgovwkycpslly5lm,did:plc:mrfno7ipwulhds2wloxccvdg,lucadriel.bsky.social,,
14b7e0b51dbf463887d2bc771009fde5,2026-02-24T04:00:00Z,2026-02-24T04:12:10Z,auth,auth_enUS_labelerexp,at://did:plc:dvgliotey33vix3wlltybgkd/app.bsky.feed.generator/art,suggested_labelerexp,9,at://did:plc:kzfaihnviw4gsrs3yubhccxo/app.bsky.feed.post/3mfkgfd4s3c2q,bafyreic2kacz5dq2ix7rjz2kzlklyst4tkclhdlumzont7ruq2elyd5dqe,did:plc:kzfaihnviw4gsrs3yubhccxo,denkikart.bsky.social,,
14b7e0b51dbf463887d2bc771009fde5,2026-02-24T04:00:00Z,2026-02-24T04:12:10Z,auth,auth_enUS_labelerexp,at://did:plc:dvgliotey33vix3wlltybgkd/app.bsky.feed.generator/art,suggested_labelerexp,10,at://did:plc:kzfaihnviw4gsrs3yubhccxo/app.bsky.feed.post/3mfkgaap7ss2q,bafyreihonbasteh7sc2gvtn3sore5nihny6t65yuavbqfgo66hu6odjg2i,did:plc:kzfaihnviw4gsrs3yubhccxo,denkikart.bsky.social,,
14b7e0b51dbf463887d2bc771009fde5,2026-02-24T04:00:00Z,2026-02-24T04:12:10Z,auth,auth_enUS_labelerexp,at://did:plc:dvgliotey33vix3wlltybgkd/app.bsky.feed.generator/art,suggested_labelerexp,11,at://did:plc:jt5ecvgz43mwl6ojd3rdqknr/app.bsky.feed.post/3mfkfsaif4c2a,bafyreid4bhkc3qerzmtxvacvb5v7qjrod3ktd2vuoj5lmmypekvthgoale,did:plc:jt5ecvgz43mwl6ojd3rdqknr,grushovepole.bsky.social,,
14b7e0b51dbf463887d2bc771009fde5,2026-02-24T04:00:00Z,2026-02-24T04:12:10Z,auth,auth_enUS_labelerexp,at://did:plc:dvgliotey33vix3wlltybgkd/app.bsky.feed.generator/art,suggested_labelerexp,12,at://did:plc:oagao53fcys6w6pfaxgxgmg6/app.bsky.feed.post/3mfkfhhfd6k2u,bafyreidx2xatipu6bxgdwkw7vjbm2pamjodlk7rjejsnfb5mo3eeiwohsa,did:plc:oagao53fcys6w6pfaxgxgmg6,voronaarts.bsky.social,,
14b7e0b51dbf463887d2bc771009fde5,2026-02-24T04:00:00Z,2026-02-24T04:12:10Z,auth,auth_enUS_labelerexp,at://did:plc:dvgliotey33vix3wlltybgkd/app.bsky.feed.generator/art,suggested_labelerexp,13,at://did:plc:lobq244yi23df4vd7ucs4ynp/app.bsky.feed.post/3mfkfeeq2xc2k,bafyreif2fqnxglyw2m47oprfzxpzsqoyxkqm6hso4h25uvpkc6v5zidvi4,did:plc:lobq244yi23df4vd7ucs4ynp,pani-mouse.bsky.social,,
14b7e0b51dbf463887d2bc771009fde5,2026-02-24T04:00:00Z,2026-02-24T04:12:10Z,auth,auth_enUS_labelerexp,at://did:plc:dvgliotey33vix3wlltybgkd/app.bsky.feed.generator/art,suggested_labelerexp,14,at://did:plc:kzfaihnviw4gsrs3yubhccxo/app.bsky.feed.post/3mfkduegssc2p,bafyreic44jius7py6vxmeodrhhee4bucuzq3gyryin234sdct7nljtgx6u,did:plc:kzfaihnviw4gsrs3yubhccxo,denkikart.bsky.social,,
14b7e0b51dbf463887d2bc771009fde5,2026-02-24T04:00:00Z,2026-02-24T04:12:10Z,auth,auth_enUS_labelerexp,at://did:plc:dvgliotey33vix3wlltybgkd/app.bsky.feed.generator/art,suggested_labelerexp,15,at://did:plc:hhknjukhozrgndyoaaolsqka/app.bsky.feed.post/3mfkdqhd2ok2d,bafyreidn3jyjj4qcpyo5ukioviifq2mzcbj3xoakdvcztdct6cxsny7cb4,did:plc:hhknjukhozrgndyoaaolsqka,glitchyanim.bsky.social,,
14b7e0b51dbf463887d2bc771009fde5,2026-02-24T04:00:00Z,2026-02-24T04:12:10Z,auth,auth_enUS_labelerexp,at://did:plc:dvgliotey33vix3wlltybgkd/app.bsky.feed.generator/art,suggested_labelerexp,16,at://did:plc:c4obnsrsfytm6ej6nfojdoqn/app.bsky.feed.post/3mfkc5jo43c2d,bafyreic76lkonl3pjbvtxxqd6mremgclw2bdcheb4pzragjxole3ubntuu,did:plc:c4obnsrsfytm6ej6nfojdoqn,justcurrie.bsky.social,,
14b7e0b51dbf463887d2bc771009fde5,2026-02-24T04:00:00Z,2026-02-24T04:12:10Z,auth,auth_enUS_labelerexp,at://did:plc:dvgliotey33vix3wlltybgkd/app.bsky.feed.generator/art,suggested_labelerexp,17,at://did:plc:hhknjukhozrgndyoaaolsqka/app.bsky.feed.post/3mfkbk443mc2m,bafyreidxqyxbg4ixrti57sbqfmypqbchtfatlfqot44tq4rf5z4vpnesje,did:plc:hhknjukhozrgndyoaaolsqka,glitchyanim.bsky.social,,
14b7e0b51dbf463887d2bc771009fde5,2026-02-24T04:00:00Z,2026-02-24T04:12:10Z,auth,auth_enUS_labelerexp,at://did:plc:dvgliotey33vix3wlltybgkd/app.bsky.feed.generator/art,suggested_labelerexp,18,at://did:plc:auiskaxcun6jjbgtuhhfqcg5/app.bsky.feed.post/3mfkbbqrvac2d,bafyreiew5itbfg4avffdn2saojj2mvbaxnkn72gxc3tsqz3o2huywgr7oi,did:plc:auiskaxcun6jjbgtuhhfqcg5,samuilart.bsky.social,,
14b7e0b51dbf463887d2bc771009fde5,2026-02-24T04:00:00Z,2026-02-24T04:12:10Z,auth,auth_enUS_labelerexp,at://did:plc:dvgliotey33vix3wlltybgkd/app.bsky.feed.generator/art,suggested_labelerexp,19,at://did:plc:ncncyk3qaqq6wlo5hvnuxmzd/app.bsky.feed.post/3mfkb6sol7r2y,bafyreihyow74buoatf6e3iuvec3nrf37szx6d2i7bxmulwnmjs6mtu7jbe,did:plc:ncncyk3qaqq6wlo5hvnuxmzd,saint-rook.bsky.social,,
14b7e0b51dbf463887d2bc771009fde5,2026-02-24T04:00:00Z,2026-02-24T04:12:10Z,auth,auth_enUS_labelerexp,at://did:plc:dvgliotey33vix3wlltybgkd/app.bsky.feed.generator/art,suggested_labelerexp,20,at://did:plc:lrd37aaadollmsoy3yxb7mo2/app.bsky.feed.post/3mfka5645ts2e,bafyreiaeehb5xwuharge4pvlvaltoodlfcpdmiydsr4gtctd5hgf4fussy,did:plc:lrd37aaadollmsoy3yxb7mo2,marokkind.bsky.social,,
14b7e0b51dbf463887d2bc771009fde5,2026-02-24T04:00:00Z,2026-02-24T04:12:10Z,auth,auth_enUS_labelerexp,at://did:plc:dvgliotey33vix3wlltybgkd/app.bsky.feed.generator/art,suggested_labelerexp,21,at://did:plc:2ussfjkhsbrzch2ap7mrvrnq/app.bsky.feed.post/3mfk7rcb3wk2l,bafyreid5oo3dw3uoo4u5jutyxv6ntcoa5hotmtlcjpjmo5flyoggq5htou,did:plc:2ussfjkhsbrzch2ap7mrvrnq,mrsheo.bsky.social,,
14b7e0b51dbf463887d2bc771009fde5,2026-02-24T04:00:00Z,2026-02-24T04:12:10Z,auth,auth_enUS_labelerexp,at://did:plc:dvgliotey33vix3wlltybgkd/app.bsky.feed.generator/art,suggested_labelerexp,22,at://did:plc:p6gxmp7zordvt4gvdr6l2dwy/app.bsky.feed.post/3mfk6wphrxs2r,bafyreifgg43rvokybki6p7vq7lw3euov3dpzkxzy6wkq4oadx3zz63aq2y,did:plc:p6gxmp7zordvt4gvdr6l2dwy,sunni.bsky.social,,
14b7e0b51dbf463887d2bc771009fde5,2026-02-24T04:00:00Z,2026-02-24T04:12:10Z,auth,auth_enUS_labelerexp,at://did:plc:dvgliotey33vix3wlltybgkd/app.bsky.feed.generator/art,suggested_labelerexp,23,at://did:plc:q6xtmz6bvmiixulty6joslnl/app.bsky.feed.post/3mfk6hnbnd222,bafyreidpwoekegypj4f5ltpyz57ylnhuwbok2jcsn4mjer6czi3ev2vfeq,did:plc:q6xtmz6bvmiixulty6joslnl,fififcfc.bsky.social,,
14b7e0b51dbf463887d2bc771009fde5,2026-02-24T04:00:00Z,2026-02-24T04:12:10Z,auth,auth_enUS_labelerexp,at://did:plc:dvgliotey33vix3wlltybgkd/app.bsky.feed.generator/art,suggested_labelerexp,24,at://did:plc:d3prhxh3kltubrmhbjhhhzr2/app.bsky.feed.post/3mfk4qeri4224,bafyreidwgr6cwmllzwqlgkymug2ugjxoadzz5nbmzlg4pcfi6ezhi3zidy,did:plc:d3prhxh3kltubrmhbjhhhzr2,nekigreenart.bsky.social,,
14b7e0b51dbf463887d2bc771009fde5,2026-02-24T04:00:00Z,2026-02-24T04:12:10Z,auth,auth_enUS_labelerexp,at://did:plc:dvgliotey33vix3wlltybgkd/app.bsky.feed.generator/art,suggested_labelerexp,25,at://did:plc:2qsvdt3f2hzbs7hkngp7l4ib/app.bsky.feed.post/3mfjznxtr6c2k,bafyreiaqgtiumdcjpyf2hdbylcqvrq3scgdpvs6h6pkmzgtrmoxwbkmbfe,did:plc:2qsvdt3f2hzbs7hkngp7l4ib,lunavisua.bsky.social,,
14b7e0b51dbf463887d2bc771009fde5,2026-02-24T04:00:00Z,2026-02-24T04:12:10Z,auth,auth_enUS_labelerexp,at://did:plc:dvgliotey33vix3wlltybgkd/app.bsky.feed.generator/art,suggested_labelerexp,26,at://did:plc:kkien23hhunlch3kypyrsmas/app.bsky.feed.post/3mfjz4na7cc2q,bafyreig7wa2gjezgicg2dekv3heclkymoxutdesqqrytbtfa3wfn6e5xtm,did:plc:kkien23hhunlch3kypyrsmas,kefirchik7.bsky.social,,
14b7e0b51dbf463887d2bc771009fde5,2026-02-24T04:00:00Z,2026-02-24T04:12:10Z,auth,auth_enUS_labelerexp,at://did:plc:dvgliotey33vix3wlltybgkd/app.bsky.feed.generator/art,suggested_labelerexp,27,at://did:plc:jpv3gjngzxbk55o4qx34i4di/app.bsky.feed.post/3mfjvntdtyk2r,bafyreigqynnh7tb4mae3yw44bkfa63gztnjq6laetcemhimp5ssvuoqbya,did:plc:jpv3gjngzxbk55o4qx34i4di,yournormalminimum.bsky.social,,
14b7e0b51dbf463887d2bc771009fde5,2026-02-24T04:00:00Z,2026-02-24T04:12:10Z,auth,auth_enUS_labelerexp,at://did:plc:dvgliotey33vix3wlltybgkd/app.bsky.feed.generator/art,suggested_labelerexp,28,at://did:plc:dvn57irdwvhoxqwiqcfth4rn/app.bsky.feed.post/3mfjuszlyws2i,bafyreifr3aospx56pwvva77o7phyylpog7jdfo7zysfu36vhx4hfz64vfi,did:plc:dvn57irdwvhoxqwiqcfth4rn,dikotma.bsky.social,,
14b7e0b51dbf463887d2bc771009fde5,2026-02-24T04:00:00Z,2026-02-24T04:12:10Z,auth,auth_enUS_labelerexp,at://did:plc:dvgliotey33vix3wlltybgkd/app.bsky.feed.generator/art,suggested_labelerexp,29,at://did:plc:rzpooam4ilcnrjqg2vnav6ut/app.bsky.feed.post/3mfjuarlthc2r,bafyreifxwfts5hbtwwmd324yd52p6nkxdj6lntkuzd5t74j52ffvmgbtv4,did:plc:rzpooam4ilcnrjqg2vnav6ut,gniv.bsky.social,,
14b7e0b51dbf463887d2bc771009fde5,2026-02-24T04:00:00Z,2026-02-24T04:12:10Z,auth,auth_enUS_labelerexp,at://did:plc:dvgliotey33vix3wlltybgkd/app.bsky.feed.generator/art,suggested_labelerexp,30,at://did:plc:wxzdr6faookbbs43dqgbrgeo/app.bsky.feed.post/3mfjsw4qpws2o,bafyreiarqey2kmm7oqeudbc5epq7uvszjvn5va4mmh76v5lwqmnmpyn6py,did:plc:wxzdr6faookbbs43dqgbrgeo,viireedus.bsky.social,,
14b7e0b51dbf463887d2bc771009fde5,2026-02-24T04:00:00Z,2026-02-24T04:12:10Z,auth,auth_enUS_labelerexp,at://did:plc:dvgliotey33vix3wlltybgkd/app.bsky.feed.generator/art,suggested_labelerexp,31,at://did:plc:ghen7ik2izrdqwshxrpjwd3f/app.bsky.feed.post/3mfjsin44z22u,bafyreihlvxls5v2c37tis3eiy3pzwrvyvos76s2zqjczx52uai6ine2ehy,did:plc:ghen7ik2izrdqwshxrpjwd3f,wishgone.bsky.social,,
14b7e0b51dbf463887d2bc771009fde5,2026-02-24T04:00:00Z,2026-02-24T04:12:10Z,auth,auth_enUS_labelerexp,at://did:plc:dvgliotey33vix3wlltybgkd/app.bsky.feed.generator/art,suggested_labelerexp,32,at://did:plc:wxzdr6faookbbs43dqgbrgeo/app.bsky.feed.post/3mfjpvtkjec2h,bafyreiaa5fib2n3vvfj52356xg42ti3yfzcg6u6oqavkzfxdafvduoxb2e,did:plc:wxzdr6faookbbs43dqgbrgeo,viireedus.bsky.social,,
14b7e0b51dbf463887d2bc771009fde5,2026-02-24T04:00:00Z,2026-02-24T04:12:10Z,auth,auth_enUS_labelerexp,at://did:plc:dvgliotey33vix3wlltybgkd/app.bsky.feed.generator/art,suggested_labelerexp,33,at://did:plc:zojgyn6s33btkh344yvpwmzr/app.bsky.feed.post/3mfjoyncmg225,bafyreidm53k2kd2jdkjlec7xzeqysc75zylfalhazsedwof2vyjov7hdjy,did:plc:zojgyn6s33btkh344yvpwmzr,hydeandseek.bsky.social,,
14b7e0b51dbf463887d2bc771009fde5,2026-02-24T04:00:00Z,2026-02-24T04:12:10Z,auth,auth_enUS_labelerexp,at://did:plc:dvgliotey33vix3wlltybgkd/app.bsky.feed.generator/art,suggested_labelerexp,34,at://did:plc:va2rsfeastwmb255txaudej3/app.bsky.feed.post/3mfjok74k6s2i,bafyreifssrgthdjq4cjyi5fox4kmdpiasoqtcutxbp3o73roev3n5i3na4,did:plc:va2rsfeastwmb255txaudej3,tokuriart.bsky.social,,
14b7e0b51dbf463887d2bc771009fde5,2026-02-24T04:00:00Z,2026-02-24T04:12:10Z,auth,auth_enUS_labelerexp,at://did:plc:dvgliotey33vix3wlltybgkd/app.bsky.feed.generator/art,suggested_labelerexp,35,at://did:plc:wxzdr6faookbbs43dqgbrgeo/app.bsky.feed.post/3mfjmuegsqs25,bafyreigj6pyjjjkulfztuvmpv6qwu76wfztcogt2rz5sgl32jqt2p3fo24,did:plc:wxzdr6faookbbs43dqgbrgeo,viireedus.bsky.social,,
14b7e0b51dbf463887d2bc771009fde5,2026-02-24T04:00:00Z,2026-02-24T04:12:10Z,auth,auth_enUS_labelerexp,at://did:plc:dvgliotey33vix3wlltybgkd/app.bsky.feed.generator/art,suggested_labelerexp,36,at://did:plc:ojxok6v6scwg26nuxahp2c3d/app.bsky.feed.post/3mfjktxkf5c2a,bafyreibjl4arzdyr3dqskassliwcen2xeugf6dquuw3y2kj2u7krky7oxq,did:plc:ojxok6v6scwg26nuxahp2c3d,vilha-alder.bsky.social,,
14b7e0b51dbf463887d2bc771009fde5,2026-02-24T04:00:00Z,2026-02-24T04:12:10Z,auth,auth_enUS_labelerexp,at://did:plc:dvgliotey33vix3wlltybgkd/app.bsky.feed.generator/art,suggested_labelerexp,37,at://did:plc:q4uytyqc24liaqm63rmveedd/app.bsky.feed.post/3mfjjbj3dek2e,bafyreicjd6mx4t2pb7pzp6nfzzn5nsmcw5whnfbd6ae2d4xtzrcwn56rni,did:plc:q4uytyqc24liaqm63rmveedd,lunaorinart.bsky.social,,
14b7e0b51dbf463887d2bc771009fde5,2026-02-24T04:00:00Z,2026-02-24T04:12:10Z,auth,auth_enUS_labelerexp,at://did:plc:dvgliotey33vix3wlltybgkd/app.bsky.feed.generator/art,suggested_labelerexp,38,at://did:plc:q4uytyqc24liaqm63rmveedd/app.bsky.feed.post/3mfjj5skcg22e,bafyreihzdvqhrjl25xjlyzchrkwtaewboe4yee5eo2o6zkux4qs2a2qwyi,did:plc:q4uytyqc24liaqm63rmveedd,lunaorinart.bsky.social,,
14b7e0b51dbf463887d2bc771009fde5,2026-02-24T04:00:00Z,2026-02-24T04:12:10Z,auth,auth_enUS_labelerexp,at://did:plc:dvgliotey33vix3wlltybgkd/app.bsky.feed.generator/art,suggested_labelerexp,39,at://did:plc:lrd37aaadollmsoy3yxb7mo2/app.bsky.feed.post/3mfjj4dag3c2w,bafyreickwsayaogitfb7dqrqry5npsgl5a7oemaib66peyllo5fdmk3un4,did:plc:lrd37aaadollmsoy3yxb7mo2,marokkind.bsky.social,,
14b7e0b51dbf463887d2bc771009fde5,2026-02-24T04:00:00Z,2026-02-24T04:12:10Z,auth,auth_enUS_labelerexp,at://did:plc:dvgliotey33vix3wlltybgkd/app.bsky.feed.generator/art,suggested_labelerexp,40,at://did:plc:q4uytyqc24liaqm63rmveedd/app.bsky.feed.post/3mfjiz7pl222e,bafyreifwnzgb2s7xq53p26zryvx7nje2biwansv3wfg44tbe6ghaqz3klu,did:plc:q4uytyqc24liaqm63rmveedd,lunaorinart.bsky.social,,
14b7e0b51dbf463887d2bc771009fde5,2026-02-24T04:00:00Z,2026-02-24T04:12:10Z,auth,auth_enUS_labelerexp,at://did:plc:dvgliotey33vix3wlltybgkd/app.bsky.feed.generator/art,suggested_labelerexp,41,at://did:plc:3pb7egkfpxc5ukt5vtaql4ws/app.bsky.feed.post/3mfjiyxuexc2b,bafyreifdpajejpb5tr6sutksq5fnntjd5iwgty5g6pa24asnxps4ttm6qi,did:plc:3pb7egkfpxc5ukt5vtaql4ws,yantarrr.bsky.social,,
14b7e0b51dbf463887d2bc771009fde5,2026-02-24T04:00:00Z,2026-02-24T04:12:10Z,auth,auth_enUS_labelerexp,at://did:plc:dvgliotey33vix3wlltybgkd/app.bsky.feed.generator/art,suggested_labelerexp,42,at://did:plc:3pb7egkfpxc5ukt5vtaql4ws/app.bsky.feed.post/3mfjiwihxyc2b,bafyreias4afhmibhrgwntokfnp3lf34d2hwa6uvcgq6xkt23sutujoopwm,did:plc:3pb7egkfpxc5ukt5vtaql4ws,yantarrr.bsky.social,,
14b7e0b51dbf463887d2bc771009fde5,2026-02-24T04:00:00Z,2026-02-24T04:12:10Z,auth,auth_enUS_labelerexp,at://did:plc:dvgliotey33vix3wlltybgkd/app.bsky.feed.generator/art,suggested_labelerexp,43,at://did:plc:ojxok6v6scwg26nuxahp2c3d/app.bsky.feed.post/3mfjh7t62zc2s,bafyreifzrwk6o4roh7s3udgbjbyyg5rbadl5b2mf5ee3g4hyi7tg6elywa,did:plc:ojxok6v6scwg26nuxahp2c3d,vilha-alder.bsky.social,,
14b7e0b51dbf463887d2bc771009fde5,2026-02-24T04:00:00Z,2026-02-24T04:12:10Z,auth,auth_enUS_labelerexp,at://did:plc:dvgliotey33vix3wlltybgkd/app.bsky.feed.generator/art,suggested_labelerexp,44,at://did:plc:mxwhco26z6yovdquhsdjzluf/app.bsky.feed.post/3mfjgqvnels2y,bafyreiajnohwk5hawjdr75t6d7o4vr6bmpqnvw2sjdqdei4wcdbifyrmwi,did:plc:mxwhco26z6yovdquhsdjzluf,helosova.neocities.org,,
14b7e0b51dbf463887d2bc771009fde5,2026-02-24T04:00:00Z,2026-02-24T04:12:10Z,auth,auth_enUS_labelerexp,at://did:plc:dvgliotey33vix3wlltybgkd/app.bsky.feed.generator/art,suggested_labelerexp,45,at://did:plc:awknjtoajez3cragrwgqrxir/app.bsky.feed.post/3mfjgiutsok2r,bafyreig6eo6kywfd5yjn3dlcxcuq2qumiyxkn3ondv5ukjqzsyumpqvoda,did:plc:awknjtoajez3cragrwgqrxir,napisrealll.bsky.social,,
14b7e0b51dbf463887d2bc771009fde5,2026-02-24T04:00:00Z,2026-02-24T04:12:10Z,auth,auth_enUS_labelerexp,at://did:plc:dvgliotey33vix3wlltybgkd/app.bsky.feed.generator/art,suggested_labelerexp,46,at://did:plc:zisze27mosiwfqnw33ua7fz5/app.bsky.feed.post/3mfjcnmc5y224,bafyreie5wsg5acnx7rs3h5nypydizxz37ikxvpjugzbn2woh3b4f54gele,did:plc:zisze27mosiwfqnw33ua7fz5,hrts4h3vybrdn.bsky.social,,
14b7e0b51dbf463887d2bc771009fde5,2026-02-24T04:00:00Z,2026-02-24T04:12:10Z,auth,auth_enUS_labelerexp,at://did:plc:dvgliotey33vix3wlltybgkd/app.bsky.feed.generator/art,suggested_labelerexp,47,at://did:plc:gf6u7eeya7t737w5jrv72xwu/app.bsky.feed.post/3mfjbbkqdb226,bafyreiex6jhjp2wd4y2wdaoutbtbw4olrjbzcdmm3j47qfgfncnztalb7u,did:plc:gf6u7eeya7t737w5jrv72xwu,steastorch.bsky.social,,
14b7e0b51dbf463887d2bc771009fde5,2026-02-24T04:00:00Z,2026-02-24T04:12:10Z,auth,auth_enUS_labelerexp,at://did:plc:dvgliotey33vix3wlltybgkd/app.bsky.feed.generator/art,suggested_labelerexp,48,at://did:plc:pppas6qg6tafw3z3c7jn5gmg/app.bsky.feed.post/3mfj6t5fyf22r,bafyreigfo6hntk56vskce2xzbdoreyhq2lc27njhrkmejyi54kx7xs2yui,did:plc:pppas6qg6tafw3z3c7jn5gmg,rier.bsky.social,,
14b7e0b51dbf463887d2bc771009fde5,2026-02-24T04:00:00Z,2026-02-24T04:12:10Z,auth,auth_enUS_labelerexp,at://did:plc:dvgliotey33vix3wlltybgkd/app.bsky.feed.generator/art,suggested_labelerexp,49,at://did:plc:pppas6qg6tafw3z3c7jn5gmg/app.bsky.feed.post/3mfj6oro3sc27,bafyreidro3gslrs5u4u7eizlkbmxqrx2pipq7ievohfxwypzcjwqxporwe,did:plc:pppas6qg6tafw3z3c7jn5gmg,rier.bsky.social,,
14b7e0b51dbf463887d2bc771009fde5,2026-02-24T04:00:00Z,2026-02-24T04:12:10Z,auth,auth_enUS_labelerexp,at://did:plc:dvgliotey33vix3wlltybgkd/app.bsky.feed.generator/art,suggested_labelerexp,50,at://did:plc:5eyychrfgqfszcpkb3fbukek/app.bsky.feed.post/3mfj43624wk2m,bafyreidef26xephmcq5zz7aldcokejil5b2vpxdskjkmh74nd3aptcdigi,did:plc:5eyychrfgqfszcpkb3fbukek,dzhfaer.bsky.social,,
14b7e0b51dbf463887d2bc771009fde5,2026-02-24T04:00:00Z,2026-02-24T04:12:11Z,auth,auth_enUS_labelerexp,at://did:plc:ffkgesg3jsv2j7aagkzrtcvt/app.bsky.feed.generator/aaaiq5xkfj2ec,suggested_labelerexp,1,at://did:plc:ffkgesg3jsv2j7aagkzrtcvt/app.bsky.feed.post/3lbe7ox4vis25,bafyreicddjxdchm2dmxvk5u6gn4ljzlnjhsoohsh2f4zrfy2uoj4j7iebi,did:plc:ffkgesg3jsv2j7aagkzrtcvt,daryllmarie.bsky.social,,
14b7e0b51dbf463887d2bc771009fde5,2026-02-24T04:00:00Z,2026-02-24T04:12:11Z,auth,auth_enUS_labelerexp,at://did:plc:ffkgesg3jsv2j7aagkzrtcvt/app.bsky.feed.generator/aaaiq5xkfj2ec,suggested_labelerexp,2,at://did:plc:htw4iq4bsse6rmqee73w6xqr/app.bsky.feed.post/3mflbdujzqc2m,bafyreibyv2jqp4y2erxvacykzyajzocm4s3ubx7qesjihszzoc35gmaqwa,did:plc:htw4iq4bsse6rmqee73w6xqr,jooday2.bsky.social,,
14b7e0b51dbf463887d2bc771009fde5,2026-02-24T04:00:00Z,2026-02-24T04:12:11Z,auth,auth_enUS_labelerexp,at://did:plc:ffkgesg3jsv2j7aagkzrtcvt/app.bsky.feed.generator/aaaiq5xkfj2ec,suggested_labelerexp,3,at://did:plc:xnqacdalk63lx5rbf5q6nvc3/app.bsky.feed.post/3mfkuzyzvhc26,bafyreie4r53gopfqzp2u4wyn6r47mby5m6wbt6qkooikqfv6j3qdivfv3a,did:plc:xnqacdalk63lx5rbf5q6nvc3,mphiuma.bsky.social,,
14b7e0b51dbf463887d2bc771009fde5,2026-02-24T04:00:00Z,2026-02-24T04:12:11Z,auth,auth_enUS_labelerexp,at://did:plc:ffkgesg3jsv2j7aagkzrtcvt/app.bsky.feed.generator/aaaiq5xkfj2ec,suggested_labelerexp,4,at://did:plc:ylvjkvcjyosjqhn7lsoxbf3x/app.bsky.feed.post/3mfkru5dewk27,bafyreibeysg2pqtnnxs7ku4k6buva6vuxijxeeoglpeitvcbq546m3jxya,did:plc:ylvjkvcjyosjqhn7lsoxbf3x,gettoknownature.bsky.social,,
14b7e0b51dbf463887d2bc771009fde5,2026-02-24T04:00:00Z,2026-02-24T04:12:11Z,auth,auth_enUS_labelerexp,at://did:plc:ffkgesg3jsv2j7aagkzrtcvt/app.bsky.feed.generator/aaaiq5xkfj2ec,suggested_labelerexp,5,at://did:plc:jfo3v6msw7csotoqpkrmg554/app.bsky.feed.post/3mfkqxvn44d2q,bafyreihrgx3gd4txwwukhni6zknj7cvvryar75jlnsz3vhxukobis25izu,did:plc:jfo3v6msw7csotoqpkrmg554,gonefroggin.bsky.social,,
14b7e0b51dbf463887d2bc771009fde5,2026-02-24T04:00:00Z,2026-02-24T04:12:11Z,auth,auth_enUS_labelerexp,at://did:plc:ffkgesg3jsv2j7aagkzrtcvt/app.bsky.feed.generator/aaaiq5xkfj2ec,suggested_labelerexp,6,at://did:plc:db2lox7kcdrxvz564ya62upe/app.bsky.feed.post/3mfkqngnrmc23,bafyreiaq2gkg7t2bs23kjyxc43g3erhwilyurd7b5c5pshr3i4r5q7bwn4,did:plc:db2lox7kcdrxvz564ya62upe,intelectconfig.wtf,,
14b7e0b51dbf463887d2bc771009fde5,2026-02-24T04:00:00Z,2026-02-24T04:12:11Z,auth,auth_enUS_labelerexp,at://did:plc:ffkgesg3jsv2j7aagkzrtcvt/app.bsky.feed.generator/aaaiq5xkfj2ec,suggested_labelerexp,7,at://did:plc:dll4jdlzywxeda2xsc6q67vg/app.bsky.feed.post/3mfkl3okjfk2u,bafyreigp2uofufiu4js6bzdpahdo26gltcrm3rx6aqu6nsbum44tv2ddpy,did:plc:dll4jdlzywxeda2xsc6q67vg,plesnercph.bsky.social,,
14b7e0b51dbf463887d2bc771009fde5,2026-02-24T04:00:00Z,2026-02-24T04:12:11Z,auth,auth_enUS_labelerexp,at://did:plc:ffkgesg3jsv2j7aagkzrtcvt/app.bsky.feed.generator/aaaiq5xkfj2ec,suggested_labelerexp,8,at://did:plc:xwmsntf4wr55vr64uxgh4cii/app.bsky.feed.post/3mfkgdzswbk24,bafyreibzgc3l4ufn7tuh7h4v3zc6qk3j7cgtics22qen2kveubuqbti4hq,did:plc:xwmsntf4wr55vr64uxgh4cii,wolfdragon164.bsky.social,,
14b7e0b51dbf463887d2bc771009fde5,2026-02-24T04:00:00Z,2026-02-24T04:12:11Z,auth,auth_enUS_labelerexp,at://did:plc:ffkgesg3jsv2j7aagkzrtcvt/app.bsky.feed.generator/aaaiq5xkfj2ec,suggested_labelerexp,9,at://did:plc:w7bnkvrxhlpdb5hxgxjdtvnq/app.bsky.feed.post/3mfkfizrg3s2o,bafyreibsabb5e6k6nvmydcc5nphfcyj2w7u2a65x7qokzli4kbzegietyy,did:plc:w7bnkvrxhlpdb5hxgxjdtvnq,norfolkbea.bsky.social,,
14b7e0b51dbf463887d2bc771009fde5,2026-02-24T04:00:00Z,2026-02-24T04:12:11Z,auth,auth_enUS_labelerexp,at://did:plc:ffkgesg3jsv2j7aagkzrtcvt/app.bsky.feed.generator/aaaiq5xkfj2ec,suggested_labelerexp,10,at://did:plc:hc5xpnu5b2vuvdztg4tmyfu6/app.bsky.feed.post/3mfkdudo3rs2j,bafyreiej2rdg7sqbgps5w2bpdmbvufqvowba62osdt7ihz7aw2wkbfxeju,did:plc:hc5xpnu5b2vuvdztg4tmyfu6,adree.bsky.social,,
14b7e0b51dbf463887d2bc771009fde5,2026-02-24T04:00:00Z,2026-02-24T04:12:11Z,auth,auth_enUS_labelerexp,at://did:plc:ffkgesg3jsv2j7aagkzrtcvt/app.bsky.feed.generator/aaaiq5xkfj2ec,suggested_labelerexp,11,at://did:plc:xwmsntf4wr55vr64uxgh4cii/app.bsky.feed.post/3mfk6jrt5pc2k,bafyreidota7yq5iwirhxagqlrl37sgpw2emzuidgsxewow3weefqxldtnq,did:plc:xwmsntf4wr55vr64uxgh4cii,wolfdragon164.bsky.social,,
14b7e0b51dbf463887d2bc771009fde5,2026-02-24T04:00:00Z,2026-02-24T04:12:11Z,auth,auth_enUS_labelerexp,at://did:plc:ffkgesg3jsv2j7aagkzrtcvt/app.bsky.feed.generator/aaaiq5xkfj2ec,suggested_labelerexp,12,at://did:plc:5rn5jqr2obzbmrulm35yzv2r/app.bsky.feed.post/3mfk4fc337k2w,bafyreihmfiwjx6kml6qgy6jvjgu2pwkdfqfojoybzngk53twugdgb26nca,did:plc:5rn5jqr2obzbmrulm35yzv2r,kirkie.bsky.social,,
14b7e0b51dbf463887d2bc771009fde5,2026-02-24T04:00:00Z,2026-02-24T04:12:11Z,auth,auth_enUS_labelerexp,at://did:plc:ffkgesg3jsv2j7aagkzrtcvt/app.bsky.feed.generator/aaaiq5xkfj2ec,suggested_labelerexp,13,at://did:plc:qq5sasonliyyxjnbi3uwtujn/app.bsky.feed.post/3mfjxk3puak2r,bafyreif7yzxhdnr2am67jw5sht43mk7kofhwmtg4fkpuw7yx5mtstgjkge,did:plc:qq5sasonliyyxjnbi3uwtujn,rivianrudolf.bsky.social,,
14b7e0b51dbf463887d2bc771009fde5,2026-02-24T04:00:00Z,2026-02-24T04:12:11Z,auth,auth_enUS_labelerexp,at://did:plc:ffkgesg3jsv2j7aagkzrtcvt/app.bsky.feed.generator/aaaiq5xkfj2ec,suggested_labelerexp,14,at://did:plc:hnpy64agiwwtuzyo32p4fjsm/app.bsky.feed.post/3mfjulbl6gc2y,bafyreiaiekutcea6rjtvijosuyo46kki2coaqmu4d2lotvcjp2hqle64hy,did:plc:hnpy64agiwwtuzyo32p4fjsm,friendlyevalley.bsky.social,,
14b7e0b51dbf463887d2bc771009fde5,2026-02-24T04:00:00Z,2026-02-24T04:12:11Z,auth,auth_enUS_labelerexp,at://did:plc:ffkgesg3jsv2j7aagkzrtcvt/app.bsky.feed.generator/aaaiq5xkfj2ec,suggested_labelerexp,15,at://did:plc:ozr4235hdpjvznm2oc2iwic7/app.bsky.feed.post/3mfjsuw7ric2q,bafyreihjpatz2zezucumia5zt74qb7m77ogakahkrq7a6tx52nrell7obu,did:plc:ozr4235hdpjvznm2oc2iwic7,oriannesociety.bsky.social,,
14b7e0b51dbf463887d2bc771009fde5,2026-02-24T04:00:00Z,2026-02-24T04:12:11Z,auth,auth_enUS_labelerexp,at://did:plc:ffkgesg3jsv2j7aagkzrtcvt/app.bsky.feed.generator/aaaiq5xkfj2ec,suggested_labelerexp,16,at://did:plc:5rn5jqr2obzbmrulm35yzv2r/app.bsky.feed.post/3mfjloeamw22c,bafyreidmot23ijozlruz6hfymr47xhhhnedvx3pkcyfak7qji7btqxu6sq,did:plc:5rn5jqr2obzbmrulm35yzv2r,kirkie.bsky.social,,
14b7e0b51dbf463887d2bc771009fde5,2026-02-24T04:00:00Z,2026-02-24T04:12:11Z,auth,auth_enUS_labelerexp,at://did:plc:ffkgesg3jsv2j7aagkzrtcvt/app.bsky.feed.generator/aaaiq5xkfj2ec,suggested_labelerexp,17,at://did:plc:ikog4kcdm3ywcgln7slf4adf/app.bsky.feed.post/3mfiyrrbqwc26,bafyreibyxptmthcknmphseu75w46h7hs4glkuvrfxnwsktqdhgnmhmiecu,did:plc:ikog4kcdm3ywcgln7slf4adf,cathhodsman.bsky.social,,
14b7e0b51dbf463887d2bc771009fde5,2026-02-24T04:00:00Z,2026-02-24T04:12:11Z,auth,auth_enUS_labelerexp,at://did:plc:ffkgesg3jsv2j7aagkzrtcvt/app.bsky.feed.generator/aaaiq5xkfj2ec,suggested_labelerexp,18,at://did:plc:mfxp7mm2sjotfxomkydfssbb/app.bsky.feed.post/3mfivmomlxc2c,bafyreihlfbg2qld2ywmiyqmghd4vf5rmc5eefxsqjhyiqkrrhkbjg7owxy,did:plc:mfxp7mm2sjotfxomkydfssbb,betta0.bsky.social,,
14b7e0b51dbf463887d2bc771009fde5,2026-02-24T04:00:00Z,2026-02-24T04:12:11Z,auth,auth_enUS_labelerexp,at://did:plc:ffkgesg3jsv2j7aagkzrtcvt/app.bsky.feed.generator/aaaiq5xkfj2ec,suggested_labelerexp,19,at://did:plc:mfxp7mm2sjotfxomkydfssbb/app.bsky.feed.post/3mfitu7xjfk2c,bafyreicio5rc5e4lm3wv473mtggkyxrpuckaqt6zuss4btzfht45fkaqjy,did:plc:mfxp7mm2sjotfxomkydfssbb,betta0.bsky.social,,
14b7e0b51dbf463887d2bc771009fde5,2026-02-24T04:00:00Z,2026-02-24T04:12:11Z,auth,auth_enUS_labelerexp,at://did:plc:ffkgesg3jsv2j7aagkzrtcvt/app.bsky.feed.generator/aaaiq5xkfj2ec,suggested_labelerexp,20,at://did:plc:ndzyst4lw7xhkrtg76vhnrgq/app.bsky.feed.post/3mfisgjhdwk2u,bafyreidcnozhocfx6xv4wmf2vtgkahz2nllrrubb2d7pk2c4zlb2xssv2q,did:plc:ndzyst4lw7xhkrtg76vhnrgq,herpsocsg.bsky.social,,
14b7e0b51dbf463887d2bc771009fde5,2026-02-24T04:00:00Z,2026-02-24T04:12:11Z,auth,auth_enUS_labelerexp,at://did:plc:ffkgesg3jsv2j7aagkzrtcvt/app.bsky.feed.generator/aaaiq5xkfj2ec,suggested_labelerexp,21,at://did:plc:eyxe3kye7ceiqqg5allx5rhe/app.bsky.feed.post/3mfiogvbujk24,bafyreifgvaubmz3zo7m5oxuqcd453z7a2wng3mib7vvkpuhvgxfcn6xviu,did:plc:eyxe3kye7ceiqqg5allx5rhe,craniatology.bsky.social,,
14b7e0b51dbf463887d2bc771009fde5,2026-02-24T04:00:00Z,2026-02-24T04:12:11Z,auth,auth_enUS_labelerexp,at://did:plc:ffkgesg3jsv2j7aagkzrtcvt/app.bsky.feed.generator/aaaiq5xkfj2ec,suggested_labelerexp,22,at://did:plc:qv7km5t73gzc6yj5jyslmyey/app.bsky.feed.post/3mfibvhgp4c2m,bafyreieof24dhkgi7wjqyueztld7lzbtiiifwsc77ahvo2kgmztpl3fcum,did:plc:qv7km5t73gzc6yj5jyslmyey,nimblenewt.bsky.social,,
14b7e0b51dbf463887d2bc771009fde5,2026-02-24T04:00:00Z,2026-02-24T04:12:11Z,auth,auth_enUS_labelerexp,at://did:plc:ffkgesg3jsv2j7aagkzrtcvt/app.bsky.feed.generator/aaaiq5xkfj2ec,suggested_labelerexp,23,at://did:plc:duk4yqqfapynkzsy3nxrc2a7/app.bsky.feed.post/3mfiax3of3c2m,bafyreif3vtkckhowk5fk5wng43g6fdded3s543y6xu3lzdctodkcy56wta,did:plc:duk4yqqfapynkzsy3nxrc2a7,ehekkala.bsky.social,,
14b7e0b51dbf463887d2bc771009fde5,2026-02-24T04:00:00Z,2026-02-24T04:12:11Z,auth,auth_enUS_labelerexp,at://did:plc:ffkgesg3jsv2j7aagkzrtcvt/app.bsky.feed.generator/aaaiq5xkfj2ec,suggested_labelerexp,24,at://did:plc:bp7vdn5hn3by325cxcw7e44p/app.bsky.feed.post/3mfiaqemoac2v,bafyreibn2zvsxmocve36foykaolwz6rbv3cy3ruxro6rnda3aqrzx4iuai,did:plc:bp7vdn5hn3by325cxcw7e44p,lamontaturner.bsky.social,,
14b7e0b51dbf463887d2bc771009fde5,2026-02-24T04:00:00Z,2026-02-24T04:12:11Z,auth,auth_enUS_labelerexp,at://did:plc:ffkgesg3jsv2j7aagkzrtcvt/app.bsky.feed.generator/aaaiq5xkfj2ec,suggested_labelerexp,25,at://did:plc:6qw3nx6yxdmvpjtxbi6vrhqm/app.bsky.feed.post/3mfhrsyax7k22,bafyreialfwtlt6pv6vijohvfjku42jg5xg3bxrhmtpuifdyvmhdk474rj4,did:plc:6qw3nx6yxdmvpjtxbi6vrhqm,markscherz.bsky.social,,
14b7e0b51dbf463887d2bc771009fde5,2026-02-24T04:00:00Z,2026-02-24T04:12:11Z,auth,auth_enUS_labelerexp,at://did:plc:ffkgesg3jsv2j7aagkzrtcvt/app.bsky.feed.generator/aaaiq5xkfj2ec,suggested_labelerexp,26,at://did:plc:xnqacdalk63lx5rbf5q6nvc3/app.bsky.feed.post/3mfhrbjpd5s2t,bafyreierpcg2lwrlnpaxf25nyrw2xuqrbkn3bbc4ln7al5nsgyvsd5jlpm,did:plc:xnqacdalk63lx5rbf5q6nvc3,mphiuma.bsky.social,,
14b7e0b51dbf463887d2bc771009fde5,2026-02-24T04:00:00Z,2026-02-24T04:12:11Z,auth,auth_enUS_labelerexp,at://did:plc:ffkgesg3jsv2j7aagkzrtcvt/app.bsky.feed.generator/aaaiq5xkfj2ec,suggested_labelerexp,27,at://did:plc:6qw3nx6yxdmvpjtxbi6vrhqm/app.bsky.feed.post/3mfhq6eswfc22,bafyreiffmmntelsxwof6ckjo4qi26uqadjjxpvsa6xcnw7gmsg633qwbj4,did:plc:6qw3nx6yxdmvpjtxbi6vrhqm,markscherz.bsky.social,,
14b7e0b51dbf463887d2bc771009fde5,2026-02-24T04:00:00Z,2026-02-24T04:12:11Z,auth,auth_enUS_labelerexp,at://did:plc:ffkgesg3jsv2j7aagkzrtcvt/app.bsky.feed.generator/aaaiq5xkfj2ec,suggested_labelerexp,28,at://did:plc:6qw3nx6yxdmvpjtxbi6vrhqm/app.bsky.feed.post/3mfhpq7yjz222,bafyreibheaebtjlakaxdiegqsfkmhz3lgy33o7munxrfes6vzsmyslnhcm,did:plc:6qw3nx6yxdmvpjtxbi6vrhqm,markscherz.bsky.social,,
14b7e0b51dbf463887d2bc771009fde5,2026-02-24T04:00:00Z,2026-02-24T04:12:11Z,auth,auth_enUS_labelerexp,at://did:plc:ffkgesg3jsv2j7aagkzrtcvt/app.bsky.feed.generator/aaaiq5xkfj2ec,suggested_labelerexp,29,at://did:plc:6qw3nx6yxdmvpjtxbi6vrhqm/app.bsky.feed.post/3mfhowmteps22,bafyreiflyp4pozo5d5bon5rsbpxobwpz3ktj7f7uyrnx52peysfifv3pje,did:plc:6qw3nx6yxdmvpjtxbi6vrhqm,markscherz.bsky.social,,
14b7e0b51dbf463887d2bc771009fde5,2026-02-24T04:00:00Z,2026-02-24T04:12:11Z,auth,auth_enUS_labelerexp,at://did:plc:ffkgesg3jsv2j7aagkzrtcvt/app.bsky.feed.generator/aaaiq5xkfj2ec,suggested_labelerexp,30,at://did:plc:6qw3nx6yxdmvpjtxbi6vrhqm/app.bsky.feed.post/3mfhoprmxrs22,bafyreidnaeumiqief2aeq6gsts4fzpsb7tj7fp2kxqlhl4wvzuuhgasobu,did:plc:6qw3nx6yxdmvpjtxbi6vrhqm,markscherz.bsky.social,,
14b7e0b51dbf463887d2bc771009fde5,2026-02-24T04:00:00Z,2026-02-24T04:12:11Z,auth,auth_enUS_labelerexp,at://did:plc:ffkgesg3jsv2j7aagkzrtcvt/app.bsky.feed.generator/aaaiq5xkfj2ec,suggested_labelerexp,31,at://did:plc:ajj3xa4fvggjfecaaxniz42g/app.bsky.feed.post/3mfhoiykxd224,bafyreielv54dolav5ssaynck5xdzf2dxmie5m7foo6z2nerdklwsqrfs4u,did:plc:ajj3xa4fvggjfecaaxniz42g,watchinthesky.bsky.social,,
14b7e0b51dbf463887d2bc771009fde5,2026-02-24T04:00:00Z,2026-02-24T04:12:11Z,auth,auth_enUS_labelerexp,at://did:plc:ffkgesg3jsv2j7aagkzrtcvt/app.bsky.feed.generator/aaaiq5xkfj2ec,suggested_labelerexp,32,at://did:plc:6qw3nx6yxdmvpjtxbi6vrhqm/app.bsky.feed.post/3mfhnwefoo222,bafyreidbk6b3koxdoh3gr3hat2zca22p4kzzkwszdxe67extm7dmtlyhty,did:plc:6qw3nx6yxdmvpjtxbi6vrhqm,markscherz.bsky.social,,
14b7e0b51dbf463887d2bc771009fde5,2026-02-24T04:00:00Z,2026-02-24T04:12:11Z,auth,auth_enUS_labelerexp,at://did:plc:ffkgesg3jsv2j7aagkzrtcvt/app.bsky.feed.generator/aaaiq5xkfj2ec,suggested_labelerexp,33,at://did:plc:sayeevaewowlo5wcdinp2mqy/app.bsky.feed.post/3mfhg5o64c22t,bafyreifluegerhl5qc5rgrciq7z3dxuukbch5ds7xmxb6zdcmc6zghspn4,did:plc:sayeevaewowlo5wcdinp2mqy,conniemenefee.bsky.social,,
14b7e0b51dbf463887d2bc771009fde5,2026-02-24T04:00:00Z,2026-02-24T04:12:11Z,auth,auth_enUS_labelerexp,at://did:plc:ffkgesg3jsv2j7aagkzrtcvt/app.bsky.feed.generator/aaaiq5xkfj2ec,suggested_labelerexp,34,at://did:plc:h4piuk6qyq5leaeshqz7p3lp/app.bsky.feed.post/3mfhec4dg3223,bafyreibhzhuhin6hbj6s2g3jezifqycs3umizq4u3iogyfl3a37awmvz4e,did:plc:h4piuk6qyq5leaeshqz7p3lp,theonetruekat.bsky.social,,
14b7e0b51dbf463887d2bc771009fde5,2026-02-24T04:00:00Z,2026-02-24T04:12:11Z,auth,auth_enUS_labelerexp,at://did:plc:ffkgesg3jsv2j7aagkzrtcvt/app.bsky.feed.generator/aaaiq5xkfj2ec,suggested_labelerexp,35,at://did:plc:mfxp7mm2sjotfxomkydfssbb/app.bsky.feed.post/3mfglue4tds2h,bafyreiheny5b5zmhweq22pipqktnweb7viusio3fylhf77wqn73yn2akxy,did:plc:mfxp7mm2sjotfxomkydfssbb,betta0.bsky.social,,
14b7e0b51dbf463887d2bc771009fde5,2026-02-24T04:00:00Z,2026-02-24T04:12:11Z,auth,auth_enUS_labelerexp,at://did:plc:ffkgesg3jsv2j7aagkzrtcvt/app.bsky.feed.generator/aaaiq5xkfj2ec,suggested_labelerexp,36,at://did:plc:qqukrrhmm3dvdx3cqceefjfl/app.bsky.feed.post/3mfg76r4w6k2b,bafyreidtescz2vddh5ohkcfgg5xu7wz7zpd25hwb7xt7govfuy2rypkbva,did:plc:qqukrrhmm3dvdx3cqceefjfl,whitepaaws.bsky.social,,
14b7e0b51dbf463887d2bc771009fde5,2026-02-24T04:00:00Z,2026-02-24T04:12:11Z,auth,auth_enUS_labelerexp,at://did:plc:ffkgesg3jsv2j7aagkzrtcvt/app.bsky.feed.generator/aaaiq5xkfj2ec,suggested_labelerexp,37,at://did:plc:5igvlzaw5upxf5ghalqkbf74/app.bsky.feed.post/3mffy5ilkdc26,bafyreicupzd77kuxtmzdxjroddj2g6xhpislnbfhw4z2ysd6244zospxfy,did:plc:5igvlzaw5upxf5ghalqkbf74,urbanponds.bsky.social,,
14b7e0b51dbf463887d2bc771009fde5,2026-02-24T04:00:00Z,2026-02-24T04:12:11Z,auth,auth_enUS_labelerexp,at://did:plc:ffkgesg3jsv2j7aagkzrtcvt/app.bsky.feed.generator/aaaiq5xkfj2ec,suggested_labelerexp,38,at://did:plc:3hhtt6jegzjqacb5ogfxfh3o/app.bsky.feed.post/3mffvwub44c25,bafyreih555ytl7cu6qjxo4xe2fjhu2cpluyjrjgvqlpdwey665zjkznzkq,did:plc:3hhtt6jegzjqacb5ogfxfh3o,emilymayo.bsky.social,,
14b7e0b51dbf463887d2bc771009fde5,2026-02-24T04:00:00Z,2026-02-24T04:12:11Z,auth,auth_enUS_labelerexp,at://did:plc:ffkgesg3jsv2j7aagkzrtcvt/app.bsky.feed.generator/aaaiq5xkfj2ec,suggested_labelerexp,39,at://did:plc:h4wxe5vtfbthqedl2si5wehd/app.bsky.feed.post/3mffp26mf5s2t,bafyreif4qfb6m46ncfdzuismdxd6f6nrbwylfny5fbd5pke7yqghzan2hq,did:plc:h4wxe5vtfbthqedl2si5wehd,bushbark.bsky.social,,
14b7e0b51dbf463887d2bc771009fde5,2026-02-24T04:00:00Z,2026-02-24T04:12:11Z,auth,auth_enUS_labelerexp,at://did:plc:ffkgesg3jsv2j7aagkzrtcvt/app.bsky.feed.generator/aaaiq5xkfj2ec,suggested_labelerexp,40,at://did:plc:dll4jdlzywxeda2xsc6q67vg/app.bsky.feed.post/3mffmegoqv224,bafyreihijr45o2dpifvu24z4afufu3m3vfjcvftdmwxf6f66ng32i4rhl4,did:plc:dll4jdlzywxeda2xsc6q67vg,plesnercph.bsky.social,,
14b7e0b51dbf463887d2bc771009fde5,2026-02-24T04:00:00Z,2026-02-24T04:12:11Z,auth,auth_enUS_labelerexp,at://did:plc:ffkgesg3jsv2j7aagkzrtcvt/app.bsky.feed.generator/aaaiq5xkfj2ec,suggested_labelerexp,41,at://did:plc:vrfopnvn5yql2ep7g6hnsbgg/app.bsky.feed.post/3mffhlxk4qk2i,bafyreibh6sdzhbdya6n6ovxxfw5wjat2uii74uyhzb4rpxuqj2beuqqebm,did:plc:vrfopnvn5yql2ep7g6hnsbgg,spidermax3000.bsky.social,,
14b7e0b51dbf463887d2bc771009fde5,2026-02-24T04:00:00Z,2026-02-24T04:12:11Z,auth,auth_enUS_labelerexp,at://did:plc:ffkgesg3jsv2j7aagkzrtcvt/app.bsky.feed.generator/aaaiq5xkfj2ec,suggested_labelerexp,42,at://did:plc:dm3caw33qeuchbocpxqmtmyb/app.bsky.feed.post/3mffheytb6c2w,bafyreibo75qpm57qu7u66ceapdrqjfm3wfrtrcrhmaez2xlva5oxwg52im,did:plc:dm3caw33qeuchbocpxqmtmyb,montythetoad.bsky.social,,
14b7e0b51dbf463887d2bc771009fde5,2026-02-24T04:00:00Z,2026-02-24T04:12:11Z,auth,auth_enUS_labelerexp,at://did:plc:ffkgesg3jsv2j7aagkzrtcvt/app.bsky.feed.generator/aaaiq5xkfj2ec,suggested_labelerexp,43,at://did:plc:6qw3nx6yxdmvpjtxbi6vrhqm/app.bsky.feed.post/3mffgjl7v7c2i,bafyreib3wrxbeiwwkjhslhkv2stjc7vqknslb3lv544vwlv5oc7ch7kzl4,did:plc:6qw3nx6yxdmvpjtxbi6vrhqm,markscherz.bsky.social,,
14b7e0b51dbf463887d2bc771009fde5,2026-02-24T04:00:00Z,2026-02-24T04:12:11Z,auth,auth_enUS_labelerexp,at://did:plc:ffkgesg3jsv2j7aagkzrtcvt/app.bsky.feed.generator/aaaiq5xkfj2ec,suggested_labelerexp,44,at://did:plc:jfo3v6msw7csotoqpkrmg554/app.bsky.feed.post/3mff3w6mjgt2i,bafyreib3pooelgpmtkjuoxp6czlbq7dzrpr2o3ajvpm7kwbj4jtorft4l4,did:plc:jfo3v6msw7csotoqpkrmg554,gonefroggin.bsky.social,,
14b7e0b51dbf463887d2bc771009fde5,2026-02-24T04:00:00Z,2026-02-24T04:12:11Z,auth,auth_enUS_labelerexp,at://did:plc:ffkgesg3jsv2j7aagkzrtcvt/app.bsky.feed.generator/aaaiq5xkfj2ec,suggested_labelerexp,45,at://did:plc:sayeevaewowlo5wcdinp2mqy/app.bsky.feed.post/3mff2ax7yy223,bafyreicbau3rbmt3tmcc6kihfwofp6zbiquup5pihp3y5yn6cwvzejjmxm,did:plc:sayeevaewowlo5wcdinp2mqy,conniemenefee.bsky.social,,
14b7e0b51dbf463887d2bc771009fde5,2026-02-24T04:00:00Z,2026-02-24T04:12:11Z,auth,auth_enUS_labelerexp,at://did:plc:ffkgesg3jsv2j7aagkzrtcvt/app.bsky.feed.generator/aaaiq5xkfj2ec,suggested_labelerexp,46,at://did:plc:dbooorrpzrxadnmhnqruygnc/app.bsky.feed.post/3mfeyyubrms2b,bafyreif53j6sirrnb5gm5f6ax6qf52gvk77rpmhhedymdwxj5iabo2n4xu,did:plc:dbooorrpzrxadnmhnqruygnc,thejefe.bsky.social,,
14b7e0b51dbf463887d2bc771009fde5,2026-02-24T04:00:00Z,2026-02-24T04:12:11Z,auth,auth_enUS_labelerexp,at://did:plc:ffkgesg3jsv2j7aagkzrtcvt/app.bsky.feed.generator/aaaiq5xkfj2ec,suggested_labelerexp,47,at://did:plc:ncslcy7lhcu6acreyeer5utl/app.bsky.feed.post/3mfev6qrogc2n,bafyreie6223vfqaqd54eigjx243udc54g5uiuy424fc7efmutjmxmg2iwm,did:plc:ncslcy7lhcu6acreyeer5utl,lingenhoehl.bsky.social,,
14b7e0b51dbf463887d2bc771009fde5,2026-02-24T04:00:00Z,2026-02-24T04:12:11Z,auth,auth_enUS_labelerexp,at://did:plc:ffkgesg3jsv2j7aagkzrtcvt/app.bsky.feed.generator/aaaiq5xkfj2ec,suggested_labelerexp,48,at://did:plc:ozr4235hdpjvznm2oc2iwic7/app.bsky.feed.post/3mfesp5l6ra2z,bafyreic5cqkmpp6xhfpk3k37gwzrkyim373fcvozuz6pamkcyupbj7355u,did:plc:ozr4235hdpjvznm2oc2iwic7,oriannesociety.bsky.social,,
14b7e0b51dbf463887d2bc771009fde5,2026-02-24T04:00:00Z,2026-02-24T04:12:11Z,auth,auth_enUS_labelerexp,at://did:plc:ffkgesg3jsv2j7aagkzrtcvt/app.bsky.feed.generator/aaaiq5xkfj2ec,suggested_labelerexp,49,at://did:plc:xwmsntf4wr55vr64uxgh4cii/app.bsky.feed.post/3mfes6nwgxk2o,bafyreigtc75soeg4cg5vltsrrefqeca3ybyz7vap44e57kg2gcfpfzotvu,did:plc:xwmsntf4wr55vr64uxgh4cii,wolfdragon164.bsky.social,,
14b7e0b51dbf463887d2bc771009fde5,2026-02-24T04:00:00Z,2026-02-24T04:12:11Z,auth,auth_enUS_labelerexp,at://did:plc:ffkgesg3jsv2j7aagkzrtcvt/app.bsky.feed.generator/aaaiq5xkfj2ec,suggested_labelerexp,50,at://did:plc:fgg73erlhkthcabpjgaieykp/app.bsky.feed.post/3mfentqwhbk2a,bafyreidubgavscxynj3tgtbslipvlkizsuzkszsqpilo2obenvrkm6gatu,did:plc:fgg73erlhkthcabpjgaieykp,bittelmethis.bsky.social,,
14b7e0b51dbf463887d2bc771009fde5,2026-02-24T04:00:00Z,2026-02-24T04:12:13Z,auth,auth_enUS_labelerexp,at://did:plc:gyegckbmyj7r4vih65j7s5sf/app.bsky.feed.generator/aaace7qaoxhye,suggested_labelerexp,1,at://did:plc:4zxvvwpwdaikqiw72vgicucq/app.bsky.feed.post/3mflcbapyq426,bafyreieypyuzq4sgxynv3ar74dqttmg7luxx4dlqfch2eau2w5f26gwjkm,did:plc:4zxvvwpwdaikqiw72vgicucq,nerdist.bsky.social,,
14b7e0b51dbf463887d2bc771009fde5,2026-02-24T04:00:00Z,2026-02-24T04:12:13Z,auth,auth_enUS_labelerexp,at://did:plc:gyegckbmyj7r4vih65j7s5sf/app.bsky.feed.generator/aaace7qaoxhye,suggested_labelerexp,2,at://did:plc:rbi4jasthdyqm3773afzndxa/app.bsky.feed.post/3mflc7ttd3c2o,bafyreidpdmux56bqom5sgg4el24l6uirqls4gbsoyl7lutbfnqrem4sjzq,did:plc:rbi4jasthdyqm3773afzndxa,aaronfrizzle.bsky.social,,
14b7e0b51dbf463887d2bc771009fde5,2026-02-24T04:00:00Z,2026-02-24T04:12:13Z,auth,auth_enUS_labelerexp,at://did:plc:gyegckbmyj7r4vih65j7s5sf/app.bsky.feed.generator/aaace7qaoxhye,suggested_labelerexp,3,at://did:plc:3pcnghkif2l2bf3g3hx5spsu/app.bsky.feed.post/3mflc4hncvk23,bafyreibubhz4kgonj4ac77ig5apeujv7v3p7e5p7sk46j4ojz6tmilx2ee,did:plc:3pcnghkif2l2bf3g3hx5spsu,babyshoes4cash.com,,
14b7e0b51dbf463887d2bc771009fde5,2026-02-24T04:00:00Z,2026-02-24T04:12:13Z,auth,auth_enUS_labelerexp,at://did:plc:gyegckbmyj7r4vih65j7s5sf/app.bsky.feed.generator/aaace7qaoxhye,suggested_labelerexp,4,at://did:plc:vxk7kusvrko6uzku4d6ct2p6/app.bsky.feed.post/3mflc2kypsx2h,bafyreih7mxxsykkgfeazpb7zmzaea4bo4wbje4a5qqn7jbpklivxtfj6iy,did:plc:vxk7kusvrko6uzku4d6ct2p6,looperhq.bsky.social,,
14b7e0b51dbf463887d2bc771009fde5,2026-02-24T04:00:00Z,2026-02-24T04:12:13Z,auth,auth_enUS_labelerexp,at://did:plc:gyegckbmyj7r4vih65j7s5sf/app.bsky.feed.generator/aaace7qaoxhye,suggested_labelerexp,5,at://did:plc:5jer5hs2zpes3cbjyedsv3nx/app.bsky.feed.post/3mflc2cikck2e,bafyreidfivzsmn6u5tptrs4545wn6hmrlryxvkour7dvmapsqowjgyfwqu,did:plc:5jer5hs2zpes3cbjyedsv3nx,zorifoxbun.bsky.social,,
14b7e0b51dbf463887d2bc771009fde5,2026-02-24T04:00:00Z,2026-02-24T04:12:13Z,auth,auth_enUS_labelerexp,at://did:plc:gyegckbmyj7r4vih65j7s5sf/app.bsky.feed.generator/aaace7qaoxhye,suggested_labelerexp,6,at://did:plc:o5doff7xc3t4y72hziactode/app.bsky.feed.post/3mflbvmspvc2n,bafyreigidefjgseg7hry4fm6p7gqlcqda2xclvhpv2lcs5lejai6ahtszu,did:plc:o5doff7xc3t4y72hziactode,kq5.bsky.social,,
14b7e0b51dbf463887d2bc771009fde5,2026-02-24T04:00:00Z,2026-02-24T04:12:13Z,auth,auth_enUS_labelerexp,at://did:plc:gyegckbmyj7r4vih65j7s5sf/app.bsky.feed.generator/aaace7qaoxhye,suggested_labelerexp,7,at://did:plc:c2e6k57ybcw27otiwma2bhwi/app.bsky.feed.post/3mflbup4too2w,bafyreihu4pun2hfi7elkiwzml6w7o4m6ln6lk7gmciogxgl7g2cvdb7hyq,did:plc:c2e6k57ybcw27otiwma2bhwi,b24061.bsky.social,,
14b7e0b51dbf463887d2bc771009fde5,2026-02-24T04:00:00Z,2026-02-24T04:12:13Z,auth,auth_enUS_labelerexp,at://did:plc:gyegckbmyj7r4vih65j7s5sf/app.bsky.feed.generator/aaace7qaoxhye,suggested_labelerexp,8,at://did:plc:ijibpvamqdfeatibtn6ahmaw/app.bsky.feed.post/3mflbufy2bc2k,bafyreig6p4sbsjpmnwu4xz4y6gvc3k3ieb5hvc2wbxcuiudborvnpncnz4,did:plc:ijibpvamqdfeatibtn6ahmaw,ez-baked-lovinoven.bsky.social,,
14b7e0b51dbf463887d2bc771009fde5,2026-02-24T04:00:00Z,2026-02-24T04:12:13Z,auth,auth_enUS_labelerexp,at://did:plc:gyegckbmyj7r4vih65j7s5sf/app.bsky.feed.generator/aaace7qaoxhye,suggested_labelerexp,9,at://did:plc:nutfckfjfp2jkjean3m22ebr/app.bsky.feed.post/3mflbt67fns2t,bafyreid5pbk36ix343jijk7ww6q4gzwfayflunoq66dxv7zkwtsnd3bgku,did:plc:nutfckfjfp2jkjean3m22ebr,beastpuncher.bsky.social,,
14b7e0b51dbf463887d2bc771009fde5,2026-02-24T04:00:00Z,2026-02-24T04:12:13Z,auth,auth_enUS_labelerexp,at://did:plc:gyegckbmyj7r4vih65j7s5sf/app.bsky.feed.generator/aaace7qaoxhye,suggested_labelerexp,10,at://did:plc:hgxzj4uhsoge3qt2gnpbo7mo/app.bsky.feed.post/3mflbrycdcc2y,bafyreiby3ddjfffivb25rawgaxptu4psfaxyxy5nqeud3d62n4ktfaaoj4,did:plc:hgxzj4uhsoge3qt2gnpbo7mo,zell1819.bsky.social,,
14b7e0b51dbf463887d2bc771009fde5,2026-02-24T04:00:00Z,2026-02-24T04:12:13Z,auth,auth_enUS_labelerexp,at://did:plc:gyegckbmyj7r4vih65j7s5sf/app.bsky.feed.generator/aaace7qaoxhye,suggested_labelerexp,11,at://did:plc:rbi4jasthdyqm3773afzndxa/app.bsky.feed.post/3mflbreo5qc2o,bafyreidnwhjhptme6x67mgysrolvfwf2smi4mzt7i7tbulmyntsxkwmhzi,did:plc:rbi4jasthdyqm3773afzndxa,aaronfrizzle.bsky.social,,
14b7e0b51dbf463887d2bc771009fde5,2026-02-24T04:00:00Z,2026-02-24T04:12:13Z,auth,auth_enUS_labelerexp,at://did:plc:gyegckbmyj7r4vih65j7s5sf/app.bsky.feed.generator/aaace7qaoxhye,suggested_labelerexp,12,at://did:plc:4pb3y2xl7mrh62nhpgmepnrb/app.bsky.feed.post/3mflbrbarqc23,bafyreifyhfyxsrp2owzlbo6kwwasplwmzv66dcxucswkffwbr2cixezela,did:plc:4pb3y2xl7mrh62nhpgmepnrb,thecinemascene.bsky.social,,
14b7e0b51dbf463887d2bc771009fde5,2026-02-24T04:00:00Z,2026-02-24T04:12:13Z,auth,auth_enUS_labelerexp,at://did:plc:gyegckbmyj7r4vih65j7s5sf/app.bsky.feed.generator/aaace7qaoxhye,suggested_labelerexp,13,at://did:plc:ck2tb4rvsiuwwoyimvmejmml/app.bsky.feed.post/3mflbqmzb4b2w,bafyreigvrnscq4nvbqoad7bs4y4kxxyjbl7cywo6rb4houn66v4qokd6k4,did:plc:ck2tb4rvsiuwwoyimvmejmml,bringatrailer.bsky.social,,
14b7e0b51dbf463887d2bc771009fde5,2026-02-24T04:00:00Z,2026-02-24T04:12:13Z,auth,auth_enUS_labelerexp,at://did:plc:gyegckbmyj7r4vih65j7s5sf/app.bsky.feed.generator/aaace7qaoxhye,suggested_labelerexp,14,at://did:plc:k2kddw5oxbyibxxir7entdfb/app.bsky.feed.post/3mflbq35tus2i,bafyreib55cz7o75632xuu5vtms5zrqocsoeq4orfsakmvzxw3tvynhsu2e,did:plc:k2kddw5oxbyibxxir7entdfb,aaronsmith377.bsky.social,,
14b7e0b51dbf463887d2bc771009fde5,2026-02-24T04:00:00Z,2026-02-24T04:12:13Z,auth,auth_enUS_labelerexp,at://did:plc:gyegckbmyj7r4vih65j7s5sf/app.bsky.feed.generator/aaace7qaoxhye,suggested_labelerexp,15,at://did:plc:4tcf7m572mf6ibgrf6bku5bs/app.bsky.feed.post/3mflbp4oe2k2i,bafyreigkweugpqpjmno2wnyd5fjafk5hvtor4x3jk5pslf4tzrb72ix74q,did:plc:4tcf7m572mf6ibgrf6bku5bs,jedimasterdaniel96.bsky.social,,
14b7e0b51dbf463887d2bc771009fde5,2026-02-24T04:00:00Z,2026-02-24T04:12:13Z,auth,auth_enUS_labelerexp,at://did:plc:gyegckbmyj7r4vih65j7s5sf/app.bsky.feed.generator/aaace7qaoxhye,suggested_labelerexp,16,at://did:plc:lcysmxwobpvrztx4nlmyk7ov/app.bsky.feed.post/3mflbnm7e7s2u,bafyreifqpve3ery4h2nwd67eqos5xpcjhhavqsbffd6iadr3thotbz52le,did:plc:lcysmxwobpvrztx4nlmyk7ov,skulldaughter.exportaud.io,,
14b7e0b51dbf463887d2bc771009fde5,2026-02-24T04:00:00Z,2026-02-24T04:12:13Z,auth,auth_enUS_labelerexp,at://did:plc:gyegckbmyj7r4vih65j7s5sf/app.bsky.feed.generator/aaace7qaoxhye,suggested_labelerexp,17,at://did:plc:xfazfzmjr4gu36l22lwlxz5b/app.bsky.feed.post/3mflblp6c6c2u,bafyreihorrbgi74rces6ix7gv3raznc4d55bqqmzxyi66nwmqdqpc5bvh4,did:plc:xfazfzmjr4gu36l22lwlxz5b,michael307lucas.bsky.social,,
14b7e0b51dbf463887d2bc771009fde5,2026-02-24T04:00:00Z,2026-02-24T04:12:13Z,auth,auth_enUS_labelerexp,at://did:plc:gyegckbmyj7r4vih65j7s5sf/app.bsky.feed.generator/aaace7qaoxhye,suggested_labelerexp,18,at://did:plc:gfl7xtk3tvt5iafnabojw4n5/app.bsky.feed.post/3mflbjcbow22y,bafyreibg6ce6glpqwhzl5gtqnu3gix7wkuvnawmirskqtz4y4zm6batvme,did:plc:gfl7xtk3tvt5iafnabojw4n5,prettytiired.bsky.social,,
14b7e0b51dbf463887d2bc771009fde5,2026-02-24T04:00:00Z,2026-02-24T04:12:13Z,auth,auth_enUS_labelerexp,at://did:plc:gyegckbmyj7r4vih65j7s5sf/app.bsky.feed.generator/aaace7qaoxhye,suggested_labelerexp,19,at://did:plc:rsh3s7tsru3cse2zkvoomint/app.bsky.feed.post/3mflbj66qic22,bafyreifjng2dk7oyblvlb5gu7xakpl6hxt5fmo7ccx54set7ghmhmmqdau,did:plc:rsh3s7tsru3cse2zkvoomint,corbie.bsky.social,,
14b7e0b51dbf463887d2bc771009fde5,2026-02-24T04:00:00Z,2026-02-24T04:12:13Z,auth,auth_enUS_labelerexp,at://did:plc:gyegckbmyj7r4vih65j7s5sf/app.bsky.feed.generator/aaace7qaoxhye,suggested_labelerexp,20,at://did:plc:vwet3t4yfqk76t5tcg6taw2v/app.bsky.feed.post/3mflbflz4em24,bafyreiawzb35ujxr3mrhrkzzvtqakpooceacygdsagf6n2go3c53daaoqu,did:plc:vwet3t4yfqk76t5tcg6taw2v,movieandtvnews.bsky.social,,
14b7e0b51dbf463887d2bc771009fde5,2026-02-24T04:00:00Z,2026-02-24T04:12:13Z,auth,auth_enUS_labelerexp,at://did:plc:gyegckbmyj7r4vih65j7s5sf/app.bsky.feed.generator/aaace7qaoxhye,suggested_labelerexp,21,at://did:plc:qq35seuibsvyyne5y5pcoawt/app.bsky.feed.post/3mflbfihhqs2h,bafyreigltels2lebt6fnj2on3mth5dwho3xxveubb2xhdt5zowx5vtnzhu,did:plc:qq35seuibsvyyne5y5pcoawt,doubledsworth.teamlh.social,,
14b7e0b51dbf463887d2bc771009fde5,2026-02-24T04:00:00Z,2026-02-24T04:12:13Z,auth,auth_enUS_labelerexp,at://did:plc:gyegckbmyj7r4vih65j7s5sf/app.bsky.feed.generator/aaace7qaoxhye,suggested_labelerexp,22,at://did:plc:fv4tpxg3qlobtyzco6frnepu/app.bsky.feed.post/3mflbethhts2n,bafyreiakmjwtvzfk4ia7z36chn3lpmc3q5r7nfcby36zfqvunsir2s37bq,did:plc:fv4tpxg3qlobtyzco6frnepu,tccoyote.bsky.social,,
14b7e0b51dbf463887d2bc771009fde5,2026-02-24T04:00:00Z,2026-02-24T04:12:13Z,auth,auth_enUS_labelerexp,at://did:plc:gyegckbmyj7r4vih65j7s5sf/app.bsky.feed.generator/aaace7qaoxhye,suggested_labelerexp,23,at://did:plc:7r275krwpwdeb7jxpnaanfl7/app.bsky.feed.post/3mflbeag2uk2p,bafyreietoifiiotnxaz7d3vbec6y3jootg5t6cfvqsnrpoyqtjyh2gft5q,did:plc:7r275krwpwdeb7jxpnaanfl7,random-alex.bsky.social,,
14b7e0b51dbf463887d2bc771009fde5,2026-02-24T04:00:00Z,2026-02-24T04:12:13Z,auth,auth_enUS_labelerexp,at://did:plc:gyegckbmyj7r4vih65j7s5sf/app.bsky.feed.generator/aaace7qaoxhye,suggested_labelerexp,24,at://did:plc:ptrldookcoxgc3jozekp34jn/app.bsky.feed.post/3mflb7t4igs22,bafyreiggkykrapyudnxrya5xndfqebohvdub3pxvogcq3ehqodpumkvday,did:plc:ptrldookcoxgc3jozekp34jn,emperorotn.bsky.social,,
14b7e0b51dbf463887d2bc771009fde5,2026-02-24T04:00:00Z,2026-02-24T04:12:13Z,auth,auth_enUS_labelerexp,at://did:plc:gyegckbmyj7r4vih65j7s5sf/app.bsky.feed.generator/aaace7qaoxhye,suggested_labelerexp,25,at://did:plc:b422mismuecjymy3alqjxh7v/app.bsky.feed.post/3mflb6ycwrd2w,bafyreihe6movokjo4rlxkqw4kp4mncvmzpfiaxgeafjggxykspctt3qjny,did:plc:b422mismuecjymy3alqjxh7v,randostartrek.bsky.social,,
14b7e0b51dbf463887d2bc771009fde5,2026-02-24T04:00:00Z,2026-02-24T04:12:13Z,auth,auth_enUS_labelerexp,at://did:plc:gyegckbmyj7r4vih65j7s5sf/app.bsky.feed.generator/aaace7qaoxhye,suggested_labelerexp,26,at://did:plc:hgxzj4uhsoge3qt2gnpbo7mo/app.bsky.feed.post/3mflb5chqhc2y,bafyreib6jc5s7eo257qqcuaduunovvmugmuzjilyontoc45ikfdkmq5i2y,did:plc:hgxzj4uhsoge3qt2gnpbo7mo,zell1819.bsky.social,,
14b7e0b51dbf463887d2bc771009fde5,2026-02-24T04:00:00Z,2026-02-24T04:12:13Z,auth,auth_enUS_labelerexp,at://did:plc:gyegckbmyj7r4vih65j7s5sf/app.bsky.feed.generator/aaace7qaoxhye,suggested_labelerexp,27,at://did:plc:tnogkk3u6mammh7eih5zh6xy/app.bsky.feed.post/3mflb4pol5k2u,bafyreicjblf4liocgd77qkzmsd4gct4lkbtjepinka7htnyyf4yoe6i2gq,did:plc:tnogkk3u6mammh7eih5zh6xy,claynferno.bsky.social,,
14b7e0b51dbf463887d2bc771009fde5,2026-02-24T04:00:00Z,2026-02-24T04:12:13Z,auth,auth_enUS_labelerexp,at://did:plc:gyegckbmyj7r4vih65j7s5sf/app.bsky.feed.generator/aaace7qaoxhye,suggested_labelerexp,28,at://did:plc:an45oyd2d3t6gdt6nzdstdqv/app.bsky.feed.post/3mflb4d4vn22d,bafyreifsaiu6o46u7fjokguy4jxd2feomz5ykw5qz3avwj6no466xtmcsq,did:plc:an45oyd2d3t6gdt6nzdstdqv,stoadmiralaaron.bsky.social,,
14b7e0b51dbf463887d2bc771009fde5,2026-02-24T04:00:00Z,2026-02-24T04:12:13Z,auth,auth_enUS_labelerexp,at://did:plc:gyegckbmyj7r4vih65j7s5sf/app.bsky.feed.generator/aaace7qaoxhye,suggested_labelerexp,29,at://did:plc:4aywshbw4gs7okyjfpore27q/app.bsky.feed.post/3mflaz7j5t22h,bafyreih6ngq6eeqvmpljlmgdixm3bmktkqbpxhrwvnchpnx5tevaic5fii,did:plc:4aywshbw4gs7okyjfpore27q,mikebranom.com,,
14b7e0b51dbf463887d2bc771009fde5,2026-02-24T04:00:00Z,2026-02-24T04:12:13Z,auth,auth_enUS_labelerexp,at://did:plc:gyegckbmyj7r4vih65j7s5sf/app.bsky.feed.generator/aaace7qaoxhye,suggested_labelerexp,30,at://did:plc:ivdkix2skw2djfb7jjvgbaw6/app.bsky.feed.post/3mflaxaixbc2i,bafyreidmwlkhk6lbxoyo7jtxa2kvdmgpbb7uxptdj4ozlic7kdyxky4foi,did:plc:ivdkix2skw2djfb7jjvgbaw6,begemot.bsky.social,,
14b7e0b51dbf463887d2bc771009fde5,2026-02-24T04:00:00Z,2026-02-24T04:12:13Z,auth,auth_enUS_labelerexp,at://did:plc:gyegckbmyj7r4vih65j7s5sf/app.bsky.feed.generator/aaace7qaoxhye,suggested_labelerexp,31,at://did:plc:ujafzee4rojvbuf2xugdgcqh/app.bsky.feed.post/3mflax7avzc2l,bafyreigbxlavqhu2vrximjexxsb32pduskxt6732zd2got323jrxqjmgmm,did:plc:ujafzee4rojvbuf2xugdgcqh,gaylord.pink,,
14b7e0b51dbf463887d2bc771009fde5,2026-02-24T04:00:00Z,2026-02-24T04:12:13Z,auth,auth_enUS_labelerexp,at://did:plc:gyegckbmyj7r4vih65j7s5sf/app.bsky.feed.generator/aaace7qaoxhye,suggested_labelerexp,32,at://did:plc:fqgsfdjimevykyfa5s6sj6dk/app.bsky.feed.post/3mflawxnuoc2i,bafyreib7leqilmtimk2vgvpd3zwqjygmnlibqr237rlmmctzpld2ppsl2q,did:plc:fqgsfdjimevykyfa5s6sj6dk,bolianblue.bsky.social,,
14b7e0b51dbf463887d2bc771009fde5,2026-02-24T04:00:00Z,2026-02-24T04:12:13Z,auth,auth_enUS_labelerexp,at://did:plc:gyegckbmyj7r4vih65j7s5sf/app.bsky.feed.generator/aaace7qaoxhye,suggested_labelerexp,33,at://did:plc:o7resn4ug7cdrv5lo7gz3teh/app.bsky.feed.post/3mflawewhz22d,bafyreibgll6ndqshk36vpcunb3yzw32qu4cn6onwesenrgkljv54rr2uzy,did:plc:o7resn4ug7cdrv5lo7gz3teh,micchiato.bsky.social,,
14b7e0b51dbf463887d2bc771009fde5,2026-02-24T04:00:00Z,2026-02-24T04:12:13Z,auth,auth_enUS_labelerexp,at://did:plc:gyegckbmyj7r4vih65j7s5sf/app.bsky.feed.generator/aaace7qaoxhye,suggested_labelerexp,34,at://did:plc:3knea27esd3jzrollakfyjxj/app.bsky.feed.post/3mflavig2qk2u,bafyreiddhnegswh2lyrg6ym3chkw532hl5ae4ncwbut73g74xhok4tood4,did:plc:3knea27esd3jzrollakfyjxj,captainsquadrant.bsky.social,,
14b7e0b51dbf463887d2bc771009fde5,2026-02-24T04:00:00Z,2026-02-24T04:12:13Z,auth,auth_enUS_labelerexp,at://did:plc:gyegckbmyj7r4vih65j7s5sf/app.bsky.feed.generator/aaace7qaoxhye,suggested_labelerexp,35,at://did:plc:ywuyznle2xcduec5m37a6eh7/app.bsky.feed.post/3mflauv2jkc2v,bafyreidz4joxnkstv46mkio42bkjshapjogyveeu4fi4vwspgldscjlgdi,did:plc:ywuyznle2xcduec5m37a6eh7,mn-tbone.bsky.social,,
14b7e0b51dbf463887d2bc771009fde5,2026-02-24T04:00:00Z,2026-02-24T04:12:13Z,auth,auth_enUS_labelerexp,at://did:plc:gyegckbmyj7r4vih65j7s5sf/app.bsky.feed.generator/aaace7qaoxhye,suggested_labelerexp,36,at://did:plc:wayktwpwbnkekwrsnrotyflw/app.bsky.feed.post/3mflasydbxc2v,bafyreidkkkde343t2tkwqeyingmhb6w2culpmdn6mxeox7pr6xwddyj3ne,did:plc:wayktwpwbnkekwrsnrotyflw,sarahnemy.bsky.social,,
14b7e0b51dbf463887d2bc771009fde5,2026-02-24T04:00:00Z,2026-02-24T04:12:13Z,auth,auth_enUS_labelerexp,at://did:plc:gyegckbmyj7r4vih65j7s5sf/app.bsky.feed.generator/aaace7qaoxhye,suggested_labelerexp,37,at://did:plc:fqgsfdjimevykyfa5s6sj6dk/app.bsky.feed.post/3mflasmgobc2i,bafyreig2l4ixnldhdm7ywpuex6gvrzsr2z7rcqnlm5z64wypbpjlwmxaje,did:plc:fqgsfdjimevykyfa5s6sj6dk,bolianblue.bsky.social,,
14b7e0b51dbf463887d2bc771009fde5,2026-02-24T04:00:00Z,2026-02-24T04:12:13Z,auth,auth_enUS_labelerexp,at://did:plc:gyegckbmyj7r4vih65j7s5sf/app.bsky.feed.generator/aaace7qaoxhye,suggested_labelerexp,38,at://did:plc:hghygy3ewaffngg6gfqpdh2n/app.bsky.feed.post/3mflarrqjb22c,bafyreierbuixj3c7zfxp2bvhnqvplvbeurqhylncseztvekcqyy6ppgx4q,did:plc:hghygy3ewaffngg6gfqpdh2n,tweedle.bsky.social,,
14b7e0b51dbf463887d2bc771009fde5,2026-02-24T04:00:00Z,2026-02-24T04:12:13Z,auth,auth_enUS_labelerexp,at://did:plc:gyegckbmyj7r4vih65j7s5sf/app.bsky.feed.generator/aaace7qaoxhye,suggested_labelerexp,39,at://did:plc:i4undpn72obwb3pgpgxefmxr/app.bsky.feed.post/3mflajxbdvs23,bafyreiabpdfbbh3qf7lnr76i35trhipcvlsqcxfpw45x3uwuvtvkbe4zxu,did:plc:i4undpn72obwb3pgpgxefmxr,learnbaseball.bsky.social,,
14b7e0b51dbf463887d2bc771009fde5,2026-02-24T04:00:00Z,2026-02-24T04:12:13Z,auth,auth_enUS_labelerexp,at://did:plc:gyegckbmyj7r4vih65j7s5sf/app.bsky.feed.generator/aaace7qaoxhye,suggested_labelerexp,40,at://did:plc:ml52mc3r3dgof77qc76xj5ol/app.bsky.feed.post/3mflaixr2bs2x,bafyreifbhhpfik5hyjtoxbbjdzi6jvie2qyr4wl2gfbt7v4owx7ek3ffva,did:plc:ml52mc3r3dgof77qc76xj5ol,mmysbathotw.bsky.social,,
14b7e0b51dbf463887d2bc771009fde5,2026-02-24T04:00:00Z,2026-02-24T04:12:13Z,auth,auth_enUS_labelerexp,at://did:plc:gyegckbmyj7r4vih65j7s5sf/app.bsky.feed.generator/aaace7qaoxhye,suggested_labelerexp,41,at://did:plc:sxwsgna7mmjowb2ezwta4dgt/app.bsky.feed.post/3mflaigdv6k2n,bafyreicpj5fo6n5psjmkfa3e3sfbugvjuqgmzxaj63r32xa7rvflzznz6y,did:plc:sxwsgna7mmjowb2ezwta4dgt,jt-retiredmedic.bsky.social,,
14b7e0b51dbf463887d2bc771009fde5,2026-02-24T04:00:00Z,2026-02-24T04:12:13Z,auth,auth_enUS_labelerexp,at://did:plc:gyegckbmyj7r4vih65j7s5sf/app.bsky.feed.generator/aaace7qaoxhye,suggested_labelerexp,42,at://did:plc:ipfgec67g5muxuv2b7h4mjfr/app.bsky.feed.post/3mflaazuzjs2w,bafyreidzregz7g4kdxp2yakeja2o32rz7leaoplnziub7fhx2yho6zamna,did:plc:ipfgec67g5muxuv2b7h4mjfr,granades.com,,
14b7e0b51dbf463887d2bc771009fde5,2026-02-24T04:00:00Z,2026-02-24T04:12:13Z,auth,auth_enUS_labelerexp,at://did:plc:gyegckbmyj7r4vih65j7s5sf/app.bsky.feed.generator/aaace7qaoxhye,suggested_labelerexp,43,at://did:plc:7ex7jt6hu5qcl33qcjhbsuu3/app.bsky.feed.post/3mfla6z5gjc2l,bafyreiauyrvx43wccu26jndihljlif2qdumya3fuok3mzzgf7xf7aolmjy,did:plc:7ex7jt6hu5qcl33qcjhbsuu3,thedaxsymbiont.bsky.social,,
14b7e0b51dbf463887d2bc771009fde5,2026-02-24T04:00:00Z,2026-02-24T04:12:13Z,auth,auth_enUS_labelerexp,at://did:plc:gyegckbmyj7r4vih65j7s5sf/app.bsky.feed.generator/aaace7qaoxhye,suggested_labelerexp,44,at://did:plc:4envdxfkj5so27pdjfl6vohx/app.bsky.feed.post/3mfla6dhdlc2f,bafyreidyypvn3lwzgxlmesyxcpps732zhsfhmikficgx7yh5a45km5osia,did:plc:4envdxfkj5so27pdjfl6vohx,chappelltracker.bsky.social,,
14b7e0b51dbf463887d2bc771009fde5,2026-02-24T04:00:00Z,2026-02-24T04:12:13Z,auth,auth_enUS_labelerexp,at://did:plc:gyegckbmyj7r4vih65j7s5sf/app.bsky.feed.generator/aaace7qaoxhye,suggested_labelerexp,45,at://did:plc:jx5qdqcuhpnkns5bk4e2y3ao/app.bsky.feed.post/3mfla5v7drs2l,bafyreicjs4cnd2zpvq5tdn6u27y4qm5nwvhzviuuuk3i7qxlmjfdrfp2vm,did:plc:jx5qdqcuhpnkns5bk4e2y3ao,metalsocks.bsky.social,,
14b7e0b51dbf463887d2bc771009fde5,2026-02-24T04:00:00Z,2026-02-24T04:12:13Z,auth,auth_enUS_labelerexp,at://did:plc:gyegckbmyj7r4vih65j7s5sf/app.bsky.feed.generator/aaace7qaoxhye,suggested_labelerexp,46,at://did:plc:htbg55o4eixemiqhgrcesr6u/app.bsky.feed.post/3mfla34fkbs2w,bafyreifg25tido65ienhzzweiy5dybga2gneim2npqhbkatmhfoqhrat2i,did:plc:htbg55o4eixemiqhgrcesr6u,membrane.hellstar.plus,,
14b7e0b51dbf463887d2bc771009fde5,2026-02-24T04:00:00Z,2026-02-24T04:12:13Z,auth,auth_enUS_labelerexp,at://did:plc:gyegckbmyj7r4vih65j7s5sf/app.bsky.feed.generator/aaace7qaoxhye,suggested_labelerexp,47,at://did:plc:y5r6wdl7bxvbypqukxlaw4kh/app.bsky.feed.post/3mfl7vqyox62d,bafyreif32rimwlmj6ziguxdj63jwknhjmjfk6ajmoyvg7ogmnxmjfrzdx4,did:plc:y5r6wdl7bxvbypqukxlaw4kh,davidgrayless.bsky.social,,
14b7e0b51dbf463887d2bc771009fde5,2026-02-24T04:00:00Z,2026-02-24T04:12:13Z,auth,auth_enUS_labelerexp,at://did:plc:gyegckbmyj7r4vih65j7s5sf/app.bsky.feed.generator/aaace7qaoxhye,suggested_labelerexp,48,at://did:plc:fzf6d4lj4e3ks3z6g26d576x/app.bsky.feed.post/3mfl7trxex22g,bafyreih3hrqt7vhxkgu6jjviuz7cd5jsztqsxjah7mvgahq7x3bmlumvsu,did:plc:fzf6d4lj4e3ks3z6g26d576x,mirrormudd.bsky.social,,
14b7e0b51dbf463887d2bc771009fde5,2026-02-24T04:00:00Z,2026-02-24T04:12:13Z,auth,auth_enUS_labelerexp,at://did:plc:gyegckbmyj7r4vih65j7s5sf/app.bsky.feed.generator/aaace7qaoxhye,suggested_labelerexp,49,at://did:plc:ivpm72alcdbw7hbkcwy4xqok/app.bsky.feed.post/3mfl7tgqmi22r,bafyreickuedwnkfccybltf72xtgzkgi5gomvosfpsjyvypnsaejv646gba,did:plc:ivpm72alcdbw7hbkcwy4xqok,durassisterspod.bsky.social,,
14b7e0b51dbf463887d2bc771009fde5,2026-02-24T04:00:00Z,2026-02-24T04:12:13Z,auth,auth_enUS_labelerexp,at://did:plc:gyegckbmyj7r4vih65j7s5sf/app.bsky.feed.generator/aaace7qaoxhye,suggested_labelerexp,50,at://did:plc:37amxsot6blamw7czn7arkrj/app.bsky.feed.post/3mfl7td6l2s2b,bafyreihnqaqubeouxoauszuuysf23g2ad3vgcvaw6lytyb53axj6zgx4dm,did:plc:37amxsot6blamw7czn7arkrj,evelynecks.bsky.social,,
14b7e0b51dbf463887d2bc771009fde5,2026-02-24T04:00:00Z,2026-02-24T04:12:14Z,auth,auth_enUS_labelerexp,at://did:plc:jdkvwye2lf4mingzk7qdebzc/app.bsky.feed.generator/art-clean,suggested_labelerexp,1,at://did:plc:r5zrtxysziot4dub2kjb3iw6/app.bsky.feed.post/3mflcdqtspc2i,bafyreihwxnfp6heu2dfvmsa2u73uiwgzencho7uq5lnhijapefwswxplnu,did:plc:r5zrtxysziot4dub2kjb3iw6,noithecat.dev,,
14b7e0b51dbf463887d2bc771009fde5,2026-02-24T04:00:00Z,2026-02-24T04:12:14Z,auth,auth_enUS_labelerexp,at://did:plc:jdkvwye2lf4mingzk7qdebzc/app.bsky.feed.generator/art-clean,suggested_labelerexp,2,at://did:plc:x7akxprmi4kkhfkbualavt5k/app.bsky.feed.post/3mflc4rkjc22t,bafyreictrdaqgssnqc7okpurcplxh5banb76yldfkestmfa22pyan2liwi,did:plc:x7akxprmi4kkhfkbualavt5k,terryfrost.bsky.social,,
14b7e0b51dbf463887d2bc771009fde5,2026-02-24T04:00:00Z,2026-02-24T04:12:14Z,auth,auth_enUS_labelerexp,at://did:plc:jdkvwye2lf4mingzk7qdebzc/app.bsky.feed.generator/art-clean,suggested_labelerexp,3,at://did:plc:cjmu37hwmddwejb335lichqh/app.bsky.feed.post/3mflbxzjklc2t,bafyreiebcz3466bakfaifza5mlbrp6rdlcy2i5cc5wwtqbgdxaop7p5da4,did:plc:cjmu37hwmddwejb335lichqh,pigeonmaybe.bsky.social,,
14b7e0b51dbf463887d2bc771009fde5,2026-02-24T04:00:00Z,2026-02-24T04:12:14Z,auth,auth_enUS_labelerexp,at://did:plc:jdkvwye2lf4mingzk7qdebzc/app.bsky.feed.generator/art-clean,suggested_labelerexp,4,at://did:plc:vb4v4j6sv3j6yix4e5zb5pcp/app.bsky.feed.post/3mflbxrxjhk2c,bafyreicducuowwhyleh3p5iw3wpl6lqepfzd6bfxwctu5qdyjbbbtoktci,did:plc:vb4v4j6sv3j6yix4e5zb5pcp,brickzed.bsky.social,,
14b7e0b51dbf463887d2bc771009fde5,2026-02-24T04:00:00Z,2026-02-24T04:12:14Z,auth,auth_enUS_labelerexp,at://did:plc:jdkvwye2lf4mingzk7qdebzc/app.bsky.feed.generator/art-clean,suggested_labelerexp,5,at://did:plc:aiktpzke4atlcoalgpp63wnu/app.bsky.feed.post/3mflbtvfsik26,bafyreifdwttalmmuwn4kilfc5fza6wb7skg6gipv75wer4uitva2deo53u,did:plc:aiktpzke4atlcoalgpp63wnu,elinery2005.bsky.social,,
14b7e0b51dbf463887d2bc771009fde5,2026-02-24T04:00:00Z,2026-02-24T04:12:14Z,auth,auth_enUS_labelerexp,at://did:plc:jdkvwye2lf4mingzk7qdebzc/app.bsky.feed.generator/art-clean,suggested_labelerexp,6,at://did:plc:b3uipxnzaqrdh25nops6nung/app.bsky.feed.post/3mflbtujbfs2w,bafyreigup4sn7aqk6x7bhhwh723ky7qlypiokgfs5ywhlkp7herg3crdsa,did:plc:b3uipxnzaqrdh25nops6nung,l1ams.bsky.social,,
14b7e0b51dbf463887d2bc771009fde5,2026-02-24T04:00:00Z,2026-02-24T04:12:14Z,auth,auth_enUS_labelerexp,at://did:plc:jdkvwye2lf4mingzk7qdebzc/app.bsky.feed.generator/art-clean,suggested_labelerexp,7,at://did:plc:m5dpborrczaxroygvmc6m2zv/app.bsky.feed.post/3mflb5usvjc22,bafyreicidzujqhl7rcev2wvldb3qubuah6j3le3xw7oyor4lbugluxfw6a,did:plc:m5dpborrczaxroygvmc6m2zv,babsiwuff.bsky.social,,
14b7e0b51dbf463887d2bc771009fde5,2026-02-24T04:00:00Z,2026-02-24T04:12:14Z,auth,auth_enUS_labelerexp,at://did:plc:jdkvwye2lf4mingzk7qdebzc/app.bsky.feed.generator/art-clean,suggested_labelerexp,8,at://did:plc:6ljhyqb7ytrfsjlwmek2cco5/app.bsky.feed.post/3mflavdgaic2p,bafyreigg5y5oaivks2kpbet2d6i7iankpn3j3pbh4eyqk3tjqu3zsmhblm,did:plc:6ljhyqb7ytrfsjlwmek2cco5,groundbyte.bsky.social,,
14b7e0b51dbf463887d2bc771009fde5,2026-02-24T04:00:00Z,2026-02-24T04:12:14Z,auth,auth_enUS_labelerexp,at://did:plc:jdkvwye2lf4mingzk7qdebzc/app.bsky.feed.generator/art-clean,suggested_labelerexp,9,at://did:plc:lq5rarvigoibekqcsvpf5j33/app.bsky.feed.post/3mflaspqnuk2s,bafyreiclbytki5ahhp7aanqpnsymkz5lxeownwqgzsyvkfxj6ouxojmygi,did:plc:lq5rarvigoibekqcsvpf5j33,pandafoxtoons.bsky.social,,
14b7e0b51dbf463887d2bc771009fde5,2026-02-24T04:00:00Z,2026-02-24T04:12:14Z,auth,auth_enUS_labelerexp,at://did:plc:jdkvwye2lf4mingzk7qdebzc/app.bsky.feed.generator/art-clean,suggested_labelerexp,10,at://did:plc:o6pmesuvphmv6mmiy33x6mq2/app.bsky.feed.post/3mflaqbv7ck2e,bafyreics4md5hzuykqbbzxtjhnk5sckcuhfjs7slrp5vdhsodvtqvcaqia,did:plc:o6pmesuvphmv6mmiy33x6mq2,junicanart.bsky.social,,
14b7e0b51dbf463887d2bc771009fde5,2026-02-24T04:00:00Z,2026-02-24T04:12:14Z,auth,auth_enUS_labelerexp,at://did:plc:jdkvwye2lf4mingzk7qdebzc/app.bsky.feed.generator/art-clean,suggested_labelerexp,11,at://did:plc:iwiosnf7jkp2bxvmdvjp47gp/app.bsky.feed.post/3mflaq5vv3k2t,bafyreifi677mfabveg6jfrhz5c4dn4ulc5u2oos3vt4w7l5nyuzexoknbq,did:plc:iwiosnf7jkp2bxvmdvjp47gp,syrupsss.bsky.social,,
14b7e0b51dbf463887d2bc771009fde5,2026-02-24T04:00:00Z,2026-02-24T04:12:14Z,auth,auth_enUS_labelerexp,at://did:plc:jdkvwye2lf4mingzk7qdebzc/app.bsky.feed.generator/art-clean,suggested_labelerexp,12,at://did:plc:q54pnzcdy6633t3ds2ena4s3/app.bsky.feed.post/3mflalygkhs2x,bafyreihajuazvkpsc26tdvkctamv6v2gi6slp54lkrwntze7detp2t3ssy,did:plc:q54pnzcdy6633t3ds2ena4s3,punkdogthing.bsky.social,,
14b7e0b51dbf463887d2bc771009fde5,2026-02-24T04:00:00Z,2026-02-24T04:12:14Z,auth,auth_enUS_labelerexp,at://did:plc:jdkvwye2lf4mingzk7qdebzc/app.bsky.feed.generator/art-clean,suggested_labelerexp,13,at://did:plc:4tdvxpvshdakwinyi2cyurpk/app.bsky.feed.post/3mflahmiimk2c,bafyreiau3wpt2ta3ey5u2wgybrdyed74gq5c3ftl2n3apd6k3kn3ogwo4i,did:plc:4tdvxpvshdakwinyi2cyurpk,poppypeets.bsky.social,,
14b7e0b51dbf463887d2bc771009fde5,2026-02-24T04:00:00Z,2026-02-24T04:12:14Z,auth,auth_enUS_labelerexp,at://did:plc:jdkvwye2lf4mingzk7qdebzc/app.bsky.feed.generator/art-clean,suggested_labelerexp,14,at://did:plc:bil4krnussfkhmkjgu6dwvmc/app.bsky.feed.post/3mfl7scwxds2h,bafyreiavasdj54c2vbijt7jtqf3zbhvoayl3rutfi2b4skm6ng7emqt7ge,did:plc:bil4krnussfkhmkjgu6dwvmc,timelessriver.bsky.social,,
14b7e0b51dbf463887d2bc771009fde5,2026-02-24T04:00:00Z,2026-02-24T04:12:14Z,auth,auth_enUS_labelerexp,at://did:plc:jdkvwye2lf4mingzk7qdebzc/app.bsky.feed.generator/art-clean,suggested_labelerexp,15,at://did:plc:pmrjljl42mwzsi2oyerivlvx/app.bsky.feed.post/3mfl7r26ebk26,bafyreicycfvvrq2auqxh7prh7aztfa7ap3puronkiiceop3pjqlk2pbqyy,did:plc:pmrjljl42mwzsi2oyerivlvx,luciangreyfold7.bsky.social,,
14b7e0b51dbf463887d2bc771009fde5,2026-02-24T04:00:00Z,2026-02-24T04:12:14Z,auth,auth_enUS_labelerexp,at://did:plc:jdkvwye2lf4mingzk7qdebzc/app.bsky.feed.generator/art-clean,suggested_labelerexp,16,at://did:plc:h4jadwesl7zaau2niybo5hv4/app.bsky.feed.post/3mfl7nlizz224,bafyreif64rcx4c3434asz5k6fzhsf5w5kb7n5sykfj22edzr6dksgcvdmi,did:plc:h4jadwesl7zaau2niybo5hv4,vontigerarts.bsky.social,,
14b7e0b51dbf463887d2bc771009fde5,2026-02-24T04:00:00Z,2026-02-24T04:12:14Z,auth,auth_enUS_labelerexp,at://did:plc:jdkvwye2lf4mingzk7qdebzc/app.bsky.feed.generator/art-clean,suggested_labelerexp,17,at://did:plc:yeyaxhlxe57awyri4yxlbovn/app.bsky.feed.post/3mfl7bjeqnc25,bafyreifys5be6wefzlraxnywjjxtzax3jxwdy4mjsm52rzrox6og3htnla,did:plc:yeyaxhlxe57awyri4yxlbovn,matchasuki.bsky.social,,
14b7e0b51dbf463887d2bc771009fde5,2026-02-24T04:00:00Z,2026-02-24T04:12:14Z,auth,auth_enUS_labelerexp,at://did:plc:jdkvwye2lf4mingzk7qdebzc/app.bsky.feed.generator/art-clean,suggested_labelerexp,18,at://did:plc:n3pcjehd2idceochp7bjtyvu/app.bsky.feed.post/3mfl74y6d3s2l,bafyreigrnsu3jo4czti5clvnewhlqeywkdm6al6nw2cctkm7hlwk2k4kku,did:plc:n3pcjehd2idceochp7bjtyvu,roadkillunic0rn.bsky.social,,
14b7e0b51dbf463887d2bc771009fde5,2026-02-24T04:00:00Z,2026-02-24T04:12:14Z,auth,auth_enUS_labelerexp,at://did:plc:jdkvwye2lf4mingzk7qdebzc/app.bsky.feed.generator/art-clean,suggested_labelerexp,19,at://did:plc:kjvdljj7ehbr3ub5ecgbgdpc/app.bsky.feed.post/3mfl72xjxls2v,bafyreibaa4gdzesynp64wbrzh4o4g3xkr2satddt5axx5zhjxbh62fd7li,did:plc:kjvdljj7ehbr3ub5ecgbgdpc,reallyfinley.bsky.social,,
14b7e0b51dbf463887d2bc771009fde5,2026-02-24T04:00:00Z,2026-02-24T04:12:14Z,auth,auth_enUS_labelerexp,at://did:plc:jdkvwye2lf4mingzk7qdebzc/app.bsky.feed.generator/art-clean,suggested_labelerexp,20,at://did:plc:5uvqfidfezlqoxr5at5ttk3o/app.bsky.feed.post/3mfl6xesbhc2g,bafyreidygyj3lznofzf5gk4hfgyhshaoiqij43amh3c5z7cxb6qaul4him,did:plc:5uvqfidfezlqoxr5at5ttk3o,yeenlust.bsky.social,,
14b7e0b51dbf463887d2bc771009fde5,2026-02-24T04:00:00Z,2026-02-24T04:12:14Z,auth,auth_enUS_labelerexp,at://did:plc:jdkvwye2lf4mingzk7qdebzc/app.bsky.feed.generator/art-clean,suggested_labelerexp,21,at://did:plc:gdqozihwoy6lkmekjlta2fks/app.bsky.feed.post/3mfl6udea4c2i,bafyreihmwuoxvolf4jcrh5blt7tkd3yubotbn2pdjj2kvtmotpoafmksk4,did:plc:gdqozihwoy6lkmekjlta2fks,shinthederg.bsky.social,,
14b7e0b51dbf463887d2bc771009fde5,2026-02-24T04:00:00Z,2026-02-24T04:12:14Z,auth,auth_enUS_labelerexp,at://did:plc:jdkvwye2lf4mingzk7qdebzc/app.bsky.feed.generator/art-clean,suggested_labelerexp,22,at://did:plc:wrxiimr6pi22dxff7dbvts4t/app.bsky.feed.post/3mfl6odfaw22t,bafyreibxxfa7lfq7spbxsublpmcwvfkyacayhwzjchzo7idc6dlnd3c2c4,did:plc:wrxiimr6pi22dxff7dbvts4t,blueheart.us,,
14b7e0b51dbf463887d2bc771009fde5,2026-02-24T04:00:00Z,2026-02-24T04:12:14Z,auth,auth_enUS_labelerexp,at://did:plc:jdkvwye2lf4mingzk7qdebzc/app.bsky.feed.generator/art-clean,suggested_labelerexp,23,at://did:plc:3tn7gksgsevbmzs4jhm3pjcn/app.bsky.feed.post/3mfl6id7pr22x,bafyreif6edtkil3xbk5bzio3ls3a36oz57444a752jixh3ls3enc7g7vxi,did:plc:3tn7gksgsevbmzs4jhm3pjcn,suburbancreature.bsky.social,,
14b7e0b51dbf463887d2bc771009fde5,2026-02-24T04:00:00Z,2026-02-24T04:12:14Z,auth,auth_enUS_labelerexp,at://did:plc:jdkvwye2lf4mingzk7qdebzc/app.bsky.feed.generator/art-clean,suggested_labelerexp,24,at://did:plc:vxekzjbb7g2cxfprpqxlcrjd/app.bsky.feed.post/3mfl5yi5dmk2i,bafyreicnnhvaot5latq7wpeuqomkqvtsnkzqqruxbtmnuiwxmt5njumgpm,did:plc:vxekzjbb7g2cxfprpqxlcrjd,kitsunekoast.bsky.social,,
14b7e0b51dbf463887d2bc771009fde5,2026-02-24T04:00:00Z,2026-02-24T04:12:14Z,auth,auth_enUS_labelerexp,at://did:plc:jdkvwye2lf4mingzk7qdebzc/app.bsky.feed.generator/art-clean,suggested_labelerexp,25,at://did:plc:fwmo5ugajk53kuegutu5te56/app.bsky.feed.post/3mfl5xonysc2j,bafyreidg72sel6u6oyn6vljyho22sd3grkopiiglmxiauwvpzght7f4joy,did:plc:fwmo5ugajk53kuegutu5te56,gatito.bsky.social,,
14b7e0b51dbf463887d2bc771009fde5,2026-02-24T04:00:00Z,2026-02-24T04:12:14Z,auth,auth_enUS_labelerexp,at://did:plc:jdkvwye2lf4mingzk7qdebzc/app.bsky.feed.generator/art-clean,suggested_labelerexp,26,at://did:plc:f3clxcdvd3hadoxvyd644cbl/app.bsky.feed.post/3mfl5w3o34k2e,bafyreicokeg6xlcgc4lklyoty43o7yz7jpuatmkzuajlaezw4paeaebi4m,did:plc:f3clxcdvd3hadoxvyd644cbl,tragicallyham.bsky.social,,
14b7e0b51dbf463887d2bc771009fde5,2026-02-24T04:00:00Z,2026-02-24T04:12:14Z,auth,auth_enUS_labelerexp,at://did:plc:jdkvwye2lf4mingzk7qdebzc/app.bsky.feed.generator/art-clean,suggested_labelerexp,27,at://did:plc:oo3xcjjwmjms6s25wzj6slbw/app.bsky.feed.post/3mfl4mtn37c2t,bafyreie46o52ck42wz2u476pqii7uthygqupr6l2mpuo6r2k3kci53tfui,did:plc:oo3xcjjwmjms6s25wzj6slbw,deadsugar.bsky.social,,
14b7e0b51dbf463887d2bc771009fde5,2026-02-24T04:00:00Z,2026-02-24T04:12:14Z,auth,auth_enUS_labelerexp,at://did:plc:jdkvwye2lf4mingzk7qdebzc/app.bsky.feed.generator/art-clean,suggested_labelerexp,28,at://did:plc:a4lnfs6mlyyhecfsnblj4zww/app.bsky.feed.post/3mfl4lkcspc2o,bafyreicejehmbjyz6ihura66nj4uwm42zn7i3iekkkkjf4eg2jrlojcbxq,did:plc:a4lnfs6mlyyhecfsnblj4zww,lizarr.bsky.social,,
14b7e0b51dbf463887d2bc771009fde5,2026-02-24T04:00:00Z,2026-02-24T04:12:14Z,auth,auth_enUS_labelerexp,at://did:plc:jdkvwye2lf4mingzk7qdebzc/app.bsky.feed.generator/art-clean,suggested_labelerexp,29,at://did:plc:pgefmqy6uyqzmep5fswzm4ge/app.bsky.feed.post/3mfl4g2uoec23,bafyreibrc2pjebubahhnskxwotilhk4qbkzdwnidyk66l3b35sbqlysw5i,did:plc:pgefmqy6uyqzmep5fswzm4ge,pinestar.bsky.social,,
14b7e0b51dbf463887d2bc771009fde5,2026-02-24T04:00:00Z,2026-02-24T04:12:14Z,auth,auth_enUS_labelerexp,at://did:plc:jdkvwye2lf4mingzk7qdebzc/app.bsky.feed.generator/art-clean,suggested_labelerexp,30,at://did:plc:yfys2qdocyrk3sr42jodtz6u/app.bsky.feed.post/3mfl4bdyghc22,bafyreiadlywberf2z7pfx7qnkyfju6idfvh6bbvfubvwympd7avub5dkte,did:plc:yfys2qdocyrk3sr42jodtz6u,timmothyarts.bsky.social,,
14b7e0b51dbf463887d2bc771009fde5,2026-02-24T04:00:00Z,2026-02-24T04:12:14Z,auth,auth_enUS_labelerexp,at://did:plc:jdkvwye2lf4mingzk7qdebzc/app.bsky.feed.generator/art-clean,suggested_labelerexp,31,at://did:plc:2ffkjewxmqpxhemfflv6zz27/app.bsky.feed.post/3mfl46y22xs2r,bafyreibobwfpuq4r5g7ni5ypzzmwtfvxrkpfjqrwsif7hbsujpwekuiqje,did:plc:2ffkjewxmqpxhemfflv6zz27,vapour-furry.bsky.social,,
14b7e0b51dbf463887d2bc771009fde5,2026-02-24T04:00:00Z,2026-02-24T04:12:14Z,auth,auth_enUS_labelerexp,at://did:plc:jdkvwye2lf4mingzk7qdebzc/app.bsky.feed.generator/art-clean,suggested_labelerexp,32,at://did:plc:w7w775lsnh5hj3kt3yhi2ghh/app.bsky.feed.post/3mfl3zvwb7c2k,bafyreicwojebcwjunezt4b62hzvqlxowkuyvnpqi23vzh2aokhqe4jokzm,did:plc:w7w775lsnh5hj3kt3yhi2ghh,pizzafaceopossum.bsky.social,,
14b7e0b51dbf463887d2bc771009fde5,2026-02-24T04:00:00Z,2026-02-24T04:12:14Z,auth,auth_enUS_labelerexp,at://did:plc:jdkvwye2lf4mingzk7qdebzc/app.bsky.feed.generator/art-clean,suggested_labelerexp,33,at://did:plc:ygfhl5r5qbbehwitzvfuyoec/app.bsky.feed.post/3mfl3ypwc3223,bafyreicr4jo4lbgwdglk55m3th5r4lhj4hx6z5tmpzr3pmwamfjew5mb74,did:plc:ygfhl5r5qbbehwitzvfuyoec,takomishadow.bsky.social,,
14b7e0b51dbf463887d2bc771009fde5,2026-02-24T04:00:00Z,2026-02-24T04:12:14Z,auth,auth_enUS_labelerexp,at://did:plc:jdkvwye2lf4mingzk7qdebzc/app.bsky.feed.generator/art-clean,suggested_labelerexp,34,at://did:plc:2ffkjewxmqpxhemfflv6zz27/app.bsky.feed.post/3mfl3tm54cc2r,bafyreifgmmdssy6evr3iilsq7sytfztr3bgqj7xjxx2wzqkaa7m4roj3r4,did:plc:2ffkjewxmqpxhemfflv6zz27,vapour-furry.bsky.social,,
14b7e0b51dbf463887d2bc771009fde5,2026-02-24T04:00:00Z,2026-02-24T04:12:14Z,auth,auth_enUS_labelerexp,at://did:plc:jdkvwye2lf4mingzk7qdebzc/app.bsky.feed.generator/art-clean,suggested_labelerexp,35,at://did:plc:upun2rhorlbkhkncxpmyxdar/app.bsky.feed.post/3mfl3qnetjh2o,bafyreicgj23vbvf4sx2pgb7grm3mhohfua56ii5tvntdau43rj73zvpmxe,did:plc:upun2rhorlbkhkncxpmyxdar,harikuran.bsky.social,,
14b7e0b51dbf463887d2bc771009fde5,2026-02-24T04:00:00Z,2026-02-24T04:12:14Z,auth,auth_enUS_labelerexp,at://did:plc:jdkvwye2lf4mingzk7qdebzc/app.bsky.feed.generator/art-clean,suggested_labelerexp,36,at://did:plc:arl73rfwed5h5bwgj5pzp4lw/app.bsky.feed.post/3mfl3pkxpqk2i,bafyreihriluvt3vtpolkpq75g6h3thynrwbfts3tq4dns7humxszzijgr4,did:plc:arl73rfwed5h5bwgj5pzp4lw,kazarrr.bsky.social,,
14b7e0b51dbf463887d2bc771009fde5,2026-02-24T04:00:00Z,2026-02-24T04:12:14Z,auth,auth_enUS_labelerexp,at://did:plc:jdkvwye2lf4mingzk7qdebzc/app.bsky.feed.generator/art-clean,suggested_labelerexp,37,at://did:plc:c4rnddlaekrclcx4rcz43ngp/app.bsky.feed.post/3mfl2lyhbu227,bafyreiebjvcqdjn7buwqpv5qg6wnlfegkohm3ycoofvg2ojw6ngfcprkeu,did:plc:c4rnddlaekrclcx4rcz43ngp,sillyvladek.bsky.social,,
14b7e0b51dbf463887d2bc771009fde5,2026-02-24T04:00:00Z,2026-02-24T04:12:14Z,auth,auth_enUS_labelerexp,at://did:plc:jdkvwye2lf4mingzk7qdebzc/app.bsky.feed.generator/art-clean,suggested_labelerexp,38,at://did:plc:rrrmlfkash7p26efcdmu7d2z/app.bsky.feed.post/3mfl2g2h5fk2o,bafyreicijoysq6ngumq2yub2vxpe4x4i5bdx75ojvhuxgb57bvmifg2eyy,did:plc:rrrmlfkash7p26efcdmu7d2z,rabbitnosebleed.bsky.social,,
14b7e0b51dbf463887d2bc771009fde5,2026-02-24T04:00:00Z,2026-02-24T04:12:14Z,auth,auth_enUS_labelerexp,at://did:plc:jdkvwye2lf4mingzk7qdebzc/app.bsky.feed.generator/art-clean,suggested_labelerexp,39,at://did:plc:ps3yubkad3qqxgjg6fyrb2ka/app.bsky.feed.post/3mfl2dtcbzk2j,bafyreiaoiyzkewgezndzqyfkqxd3fxfbh4lrb37a2uzuehglhsox7tdvwu,did:plc:ps3yubkad3qqxgjg6fyrb2ka,aeloryastar.bsky.social,,
14b7e0b51dbf463887d2bc771009fde5,2026-02-24T04:00:00Z,2026-02-24T04:12:14Z,auth,auth_enUS_labelerexp,at://did:plc:jdkvwye2lf4mingzk7qdebzc/app.bsky.feed.generator/art-clean,suggested_labelerexp,40,at://did:plc:pfwtsb35x6djrgqoussa3lp6/app.bsky.feed.post/3mfl26a2zpc24,bafyreieakya67pbi7nh7mwcx6u73svjj73mgivvhcactq3eoqavxpkieqy,did:plc:pfwtsb35x6djrgqoussa3lp6,murmeruem.bsky.social,,
14b7e0b51dbf463887d2bc771009fde5,2026-02-24T04:00:00Z,2026-02-24T04:12:14Z,auth,auth_enUS_labelerexp,at://did:plc:jdkvwye2lf4mingzk7qdebzc/app.bsky.feed.generator/art-clean,suggested_labelerexp,41,at://did:plc:ujwf7ajgbjw7umqlylurp55u/app.bsky.feed.post/3mfl25issbk2j,bafyreibpuinndhnq7bdnr3lkxjbj5vfjo4xdftgb5qpfc736nuzm7cpsiy,did:plc:ujwf7ajgbjw7umqlylurp55u,gobdad.bsky.social,,
14b7e0b51dbf463887d2bc771009fde5,2026-02-24T04:00:00Z,2026-02-24T04:12:14Z,auth,auth_enUS_labelerexp,at://did:plc:jdkvwye2lf4mingzk7qdebzc/app.bsky.feed.generator/art-clean,suggested_labelerexp,42,at://did:plc:gzh4giqxxp7rr4mptx52rtk2/app.bsky.feed.post/3mfl254ewtc2d,bafyreigkypetg2jdhbp4gpl3fkea6x2uov5kai66m7fqxoejpsruvsfxlm,did:plc:gzh4giqxxp7rr4mptx52rtk2,bardy.bsky.social,,
14b7e0b51dbf463887d2bc771009fde5,2026-02-24T04:00:00Z,2026-02-24T04:12:14Z,auth,auth_enUS_labelerexp,at://did:plc:jdkvwye2lf4mingzk7qdebzc/app.bsky.feed.generator/art-clean,suggested_labelerexp,43,at://did:plc:v66xclgttkga577dojtqemhe/app.bsky.feed.post/3mfkznp4m7227,bafyreidqdcqsrcafvuhzcryr27y4j6kc6mamrheapafaf6mvfazn63l2xu,did:plc:v66xclgttkga577dojtqemhe,seraphsigil.bsky.social,,
14b7e0b51dbf463887d2bc771009fde5,2026-02-24T04:00:00Z,2026-02-24T04:12:14Z,auth,auth_enUS_labelerexp,at://did:plc:jdkvwye2lf4mingzk7qdebzc/app.bsky.feed.generator/art-clean,suggested_labelerexp,44,at://did:plc:yejxxnjkq27wqychj3yueuo3/app.bsky.feed.post/3mfkzldpne22w,bafyreig4jqqlas7cnhdt7nb7rcyrmz75o3cpu7eelgcvoq3bmep3pbor6m,did:plc:yejxxnjkq27wqychj3yueuo3,artmab.bsky.social,,
14b7e0b51dbf463887d2bc771009fde5,2026-02-24T04:00:00Z,2026-02-24T04:12:14Z,auth,auth_enUS_labelerexp,at://did:plc:jdkvwye2lf4mingzk7qdebzc/app.bsky.feed.generator/art-clean,suggested_labelerexp,45,at://did:plc:hitg26qge2th2gouj3p76hed/app.bsky.feed.post/3mfkzffgkrc2c,bafyreibnnz6ksio2ndziunjxgegrdxlbfehcumoepkdbet5dxdpmhywtsu,did:plc:hitg26qge2th2gouj3p76hed,therougecat.bsky.social,,
14b7e0b51dbf463887d2bc771009fde5,2026-02-24T04:00:00Z,2026-02-24T04:12:14Z,auth,auth_enUS_labelerexp,at://did:plc:jdkvwye2lf4mingzk7qdebzc/app.bsky.feed.generator/art-clean,suggested_labelerexp,46,at://did:plc:pudsejk34cel5szfra6j5jns/app.bsky.feed.post/3mfkzci6fm22n,bafyreicdnz353uo5t43l6o6npiyxdy7pqcxjpsqxcspkjsj5c6wbb53uey,did:plc:pudsejk34cel5szfra6j5jns,wanderingphysicist.bsky.social,,
14b7e0b51dbf463887d2bc771009fde5,2026-02-24T04:00:00Z,2026-02-24T04:12:14Z,auth,auth_enUS_labelerexp,at://did:plc:jdkvwye2lf4mingzk7qdebzc/app.bsky.feed.generator/art-clean,suggested_labelerexp,47,at://did:plc:7roolb3kjcllqfdacau2ojqz/app.bsky.feed.post/3mfkyysm6lc2z,bafyreigvi44ezcexkqjoalq3n64q5g6a3cugga6zt2w7v2meh6euoh3uxm,did:plc:7roolb3kjcllqfdacau2ojqz,drakonejo.bsky.social,,
14b7e0b51dbf463887d2bc771009fde5,2026-02-24T04:00:00Z,2026-02-24T04:12:14Z,auth,auth_enUS_labelerexp,at://did:plc:jdkvwye2lf4mingzk7qdebzc/app.bsky.feed.generator/art-clean,suggested_labelerexp,48,at://did:plc:453fgdbkavfjciuqpb6z7ge4/app.bsky.feed.post/3mfkyw6wlxk2w,bafyreidohkyyl7vaynych2k5snzf33hk4uovipxtpdclqnd43jupdn5chm,did:plc:453fgdbkavfjciuqpb6z7ge4,nerozumim.bsky.social,,
14b7e0b51dbf463887d2bc771009fde5,2026-02-24T04:00:00Z,2026-02-24T04:12:14Z,auth,auth_enUS_labelerexp,at://did:plc:jdkvwye2lf4mingzk7qdebzc/app.bsky.feed.generator/art-clean,suggested_labelerexp,49,at://did:plc:nblzmw5osklbx5rlxnldtxdi/app.bsky.feed.post/3mfkyvfrm722k,bafyreiarr5iwtikjgyqqhrmsi3ljggvy664teh27vw72jztxi7meotrkqi,did:plc:nblzmw5osklbx5rlxnldtxdi,nu-m00n.bsky.social,,
14b7e0b51dbf463887d2bc771009fde5,2026-02-24T04:00:00Z,2026-02-24T04:12:14Z,auth,auth_enUS_labelerexp,at://did:plc:jdkvwye2lf4mingzk7qdebzc/app.bsky.feed.generator/art-clean,suggested_labelerexp,50,at://did:plc:lje4o6zmkl2blvrcqwx2ksij/app.bsky.feed.post/3mfkyu7i3fk27,bafyreiha3brrpwowqadoceqabayxojc2356tzp3rbyngrvwquuksykkciu,did:plc:lje4o6zmkl2blvrcqwx2ksij,dumpstershark0.bsky.social,,
14b7e0b51dbf463887d2bc771009fde5,2026-02-24T04:00:00Z,2026-02-24T04:12:15Z,auth,auth_enUS_labelerexp,at://did:plc:kkf4naxqmweop7dv4l2iqqf5/app.bsky.feed.generator/verified-news,suggested_labelerexp,1,at://did:plc:kkf4naxqmweop7dv4l2iqqf5/app.bsky.feed.post/3lgh27w2ngc2b,bafyreiewnkkuksaehip672szl2o5lqny4y7zevibplphnd5byyhdy5un4e,did:plc:kkf4naxqmweop7dv4l2iqqf5,aendra.com,,
14b7e0b51dbf463887d2bc771009fde5,2026-02-24T04:00:00Z,2026-02-24T04:12:15Z,auth,auth_enUS_labelerexp,at://did:plc:kkf4naxqmweop7dv4l2iqqf5/app.bsky.feed.generator/verified-news,suggested_labelerexp,2,at://did:plc:u5zknu245yjfruwdddtzhcax/app.bsky.feed.post/3mflcdvpq7i2k,bafyreibuevx2jvtp4isbseuzwxpyiamaateftrjtkajgtvz7ru65pw5fqa,did:plc:u5zknu245yjfruwdddtzhcax,myfox8.com,,
14b7e0b51dbf463887d2bc771009fde5,2026-02-24T04:00:00Z,2026-02-24T04:12:15Z,auth,auth_enUS_labelerexp,at://did:plc:kkf4naxqmweop7dv4l2iqqf5/app.bsky.feed.generator/verified-news,suggested_labelerexp,3,at://did:plc:jbvnehrrdqoulco4rf5gxg5r/app.bsky.feed.post/3mflccaifa42b,bafyreifem6iq4ykchjlmt5fstffrgg77unorctwzmhzwnvrmoaryofohha,did:plc:jbvnehrrdqoulco4rf5gxg5r,reuters.com,,
14b7e0b51dbf463887d2bc771009fde5,2026-02-24T04:00:00Z,2026-02-24T04:12:15Z,auth,auth_enUS_labelerexp,at://did:plc:kkf4naxqmweop7dv4l2iqqf5/app.bsky.feed.generator/verified-news,suggested_labelerexp,4,at://did:plc:u5zknu245yjfruwdddtzhcax/app.bsky.feed.post/3mflcc4ht222q,bafyreihsynm2osqofwi7q2xwk4hexmd3tb44of5hswnmkbikhisf4ysmgm,did:plc:u5zknu245yjfruwdddtzhcax,myfox8.com,,
14b7e0b51dbf463887d2bc771009fde5,2026-02-24T04:00:00Z,2026-02-24T04:12:15Z,auth,auth_enUS_labelerexp,at://did:plc:kkf4naxqmweop7dv4l2iqqf5/app.bsky.feed.generator/verified-news,suggested_labelerexp,5,at://did:plc:rynn5fx4dkz3xi6tujek5tt6/app.bsky.feed.post/3mflca6fesr2z,bafyreiga3r2smcv7k23rlwf6op5msuwxgcshl6ur647eaoluaxfu3num4m,did:plc:rynn5fx4dkz3xi6tujek5tt6,atlantanewsfirst.com,,
14b7e0b51dbf463887d2bc771009fde5,2026-02-24T04:00:00Z,2026-02-24T04:12:15Z,auth,auth_enUS_labelerexp,at://did:plc:kkf4naxqmweop7dv4l2iqqf5/app.bsky.feed.generator/verified-news,suggested_labelerexp,6,at://did:plc:4d3enxq3fk4ukwwupihczbjg/app.bsky.feed.post/3mflc63jzlw2e,bafyreigvyaidjiczwc3zjr42kc6jl45avv2yff2n2tzw5o5kle7ydkkgru,did:plc:4d3enxq3fk4ukwwupihczbjg,thenationalnews.com,,
14b7e0b51dbf463887d2bc771009fde5,2026-02-24T04:00:00Z,2026-02-24T04:12:15Z,auth,auth_enUS_labelerexp,at://did:plc:kkf4naxqmweop7dv4l2iqqf5/app.bsky.feed.generator/verified-news,suggested_labelerexp,7,at://did:plc:3jtbuucatknfylg5mazffvyq/app.bsky.feed.post/3mflc3vwbj72d,bafyreieejulnyue7ka4dvr5uk3no6exdw2vbh7qxh3hgysobvbl77mvkz4,did:plc:3jtbuucatknfylg5mazffvyq,ksl.com,,
14b7e0b51dbf463887d2bc771009fde5,2026-02-24T04:00:00Z,2026-02-24T04:12:15Z,auth,auth_enUS_labelerexp,at://did:plc:kkf4naxqmweop7dv4l2iqqf5/app.bsky.feed.generator/verified-news,suggested_labelerexp,8,at://did:plc:nl32untxngcg74dl3w7scd74/app.bsky.feed.post/3mflc2q5oct2b,bafyreicv2itx7ne2hnujxajoqxbafoaqi7edt7v5vspkfzhxo444bmqcgm,did:plc:nl32untxngcg74dl3w7scd74,us.theguardian.com,,
14b7e0b51dbf463887d2bc771009fde5,2026-02-24T04:00:00Z,2026-02-24T04:12:15Z,auth,auth_enUS_labelerexp,at://did:plc:kkf4naxqmweop7dv4l2iqqf5/app.bsky.feed.generator/verified-news,suggested_labelerexp,9,at://did:plc:i6y3jdklpvkjvynvsrnqfdoq/app.bsky.feed.post/3maeuez3ifc2q,bafyreibszljdobxba5f7zzzbou65sitpedpp5rcey2k2yfoynfu464tiya,did:plc:i6y3jdklpvkjvynvsrnqfdoq,graze.social,,
14b7e0b51dbf463887d2bc771009fde5,2026-02-24T04:00:00Z,2026-02-24T04:12:15Z,auth,auth_enUS_labelerexp,at://did:plc:kkf4naxqmweop7dv4l2iqqf5/app.bsky.feed.generator/verified-news,suggested_labelerexp,10,at://did:plc:7zw6euiay4tdf7mphq2opnks/app.bsky.feed.post/3mflbwanfbv2u,bafyreih3wtr5e6eisivkjb7imrqntl2iqzp2e2w6znleoo6sk7e7shlqhe,did:plc:7zw6euiay4tdf7mphq2opnks,20minutos.es,,
14b7e0b51dbf463887d2bc771009fde5,2026-02-24T04:00:00Z,2026-02-24T04:12:15Z,auth,auth_enUS_labelerexp,at://did:plc:kkf4naxqmweop7dv4l2iqqf5/app.bsky.feed.generator/verified-news,suggested_labelerexp,11,at://did:plc:uo4didwt5qe4onrscbmqwvwm/app.bsky.feed.post/3mflbuhkx252p,bafyreifqwxldscbpn4dbbrj666vv7t7hinm35nzdhu3pao676ai4x42xv4,did:plc:uo4didwt5qe4onrscbmqwvwm,liberation.fr,,
14b7e0b51dbf463887d2bc771009fde5,2026-02-24T04:00:00Z,2026-02-24T04:12:15Z,auth,auth_enUS_labelerexp,at://did:plc:kkf4naxqmweop7dv4l2iqqf5/app.bsky.feed.generator/verified-news,suggested_labelerexp,12,at://did:plc:aduoxavv4nlceto54tgu3fjr/app.bsky.feed.post/3mflbtpibqn2i,bafyreiabu6422l55ctzmkrrowu55w4penjkbignlwfqpvgxlru6xu2tmyi,did:plc:aduoxavv4nlceto54tgu3fjr,folha.com,,
14b7e0b51dbf463887d2bc771009fde5,2026-02-24T04:00:00Z,2026-02-24T04:12:15Z,auth,auth_enUS_labelerexp,at://did:plc:kkf4naxqmweop7dv4l2iqqf5/app.bsky.feed.generator/verified-news,suggested_labelerexp,13,at://did:plc:l4edfel22exejp7mewt6f3ky/app.bsky.feed.post/3mflbsgfgh62k,bafyreig2fgxdhd7vs5axuymyk3yq73czdta2rlytjbodc4bacif2ld4osa,did:plc:l4edfel22exejp7mewt6f3ky,techdirt.com,,
14b7e0b51dbf463887d2bc771009fde5,2026-02-24T04:00:00Z,2026-02-24T04:12:15Z,auth,auth_enUS_labelerexp,at://did:plc:kkf4naxqmweop7dv4l2iqqf5/app.bsky.feed.generator/verified-news,suggested_labelerexp,14,at://did:plc:jbvnehrrdqoulco4rf5gxg5r/app.bsky.feed.post/3mflbrrqxuj2t,bafyreicjsn73exviu6k473axxkctz2fwspjmtmqvetbqmwijhzfjywulla,did:plc:jbvnehrrdqoulco4rf5gxg5r,reuters.com,,
14b7e0b51dbf463887d2bc771009fde5,2026-02-24T04:00:00Z,2026-02-24T04:12:15Z,auth,auth_enUS_labelerexp,at://did:plc:kkf4naxqmweop7dv4l2iqqf5/app.bsky.feed.generator/verified-news,suggested_labelerexp,15,at://did:plc:t2dfq4ktezmwjdnjjaygw4bl/app.bsky.feed.post/3mflbrbj4hh2a,bafyreicqs4hv2g6edh2x45ppvolw55jsjscnm6r76j2g2rotseholsxlti,did:plc:t2dfq4ktezmwjdnjjaygw4bl,newyorker.com,,
14b7e0b51dbf463887d2bc771009fde5,2026-02-24T04:00:00Z,2026-02-24T04:12:15Z,auth,auth_enUS_labelerexp,at://did:plc:kkf4naxqmweop7dv4l2iqqf5/app.bsky.feed.generator/verified-news,suggested_labelerexp,16,at://did:plc:744dvgvh6xoxnvzzd3dhpkrx/app.bsky.feed.post/3mflbrciclv2n,bafyreiczhbp6gybwczsgbb3moxgtsbrtiduscmhcsjnbft4szgxxgfswiq,did:plc:744dvgvh6xoxnvzzd3dhpkrx,wired.it,,
14b7e0b51dbf463887d2bc771009fde5,2026-02-24T04:00:00Z,2026-02-24T04:12:15Z,auth,auth_enUS_labelerexp,at://did:plc:kkf4naxqmweop7dv4l2iqqf5/app.bsky.feed.generator/verified-news,suggested_labelerexp,17,at://did:plc:mhzk3blh4pfxo3fqh2meowbb/app.bsky.feed.post/3mflbqoh2vo2g,bafyreigchhfwtempfat6wzh6pmw32esvkalpmmx62735nkbxuw4ewzkdte,did:plc:mhzk3blh4pfxo3fqh2meowbb,economist.com,,
14b7e0b51dbf463887d2bc771009fde5,2026-02-24T04:00:00Z,2026-02-24T04:12:15Z,auth,auth_enUS_labelerexp,at://did:plc:kkf4naxqmweop7dv4l2iqqf5/app.bsky.feed.generator/verified-news,suggested_labelerexp,18,at://did:plc:uewxgchsjy4kmtu7dcxa77us/app.bsky.feed.post/3mflbqohrqa2h,bafyreidcozu6q4v5w2ifzltv2ry354ujeqv4mmtlldkiauxsttycsa4xse,did:plc:uewxgchsjy4kmtu7dcxa77us,bloomberg.com,,
14b7e0b51dbf463887d2bc771009fde5,2026-02-24T04:00:00Z,2026-02-24T04:12:15Z,auth,auth_enUS_labelerexp,at://did:plc:kkf4naxqmweop7dv4l2iqqf5/app.bsky.feed.generator/verified-news,suggested_labelerexp,19,at://did:plc:4fjlxgdpuqxfqnzvvbj56q5f/app.bsky.feed.post/3mflbqmdt5x2r,bafyreigtqzefcvyoabi6inv3lak4hfvtv4ghbmzqti7xrunn5haeq6nqfe,did:plc:4fjlxgdpuqxfqnzvvbj56q5f,rawstory.com,,
14b7e0b51dbf463887d2bc771009fde5,2026-02-24T04:00:00Z,2026-02-24T04:12:15Z,auth,auth_enUS_labelerexp,at://did:plc:kkf4naxqmweop7dv4l2iqqf5/app.bsky.feed.generator/verified-news,suggested_labelerexp,20,at://did:plc:m7ks2xhfuku7errrtfjux2lg/app.bsky.feed.post/3mflbqj4hmd25,bafyreifpn43zs3ko6xvqb7o7ckpxoiilu373bwdwkvna4yunukmksyotwe,did:plc:m7ks2xhfuku7errrtfjux2lg,cnbc.com,,
14b7e0b51dbf463887d2bc771009fde5,2026-02-24T04:00:00Z,2026-02-24T04:12:15Z,auth,auth_enUS_labelerexp,at://did:plc:kkf4naxqmweop7dv4l2iqqf5/app.bsky.feed.generator/verified-news,suggested_labelerexp,21,at://did:plc:dtwphuxvtvimwtra5yh4ujt4/app.bsky.feed.post/3mflbqcu4aq2v,bafyreigxsnvzj3fmhbsjlima34zqj2zcfsfuu6yw4omzr3fnudhgwfc62e,did:plc:dtwphuxvtvimwtra5yh4ujt4,pbsnews.org,,
14b7e0b51dbf463887d2bc771009fde5,2026-02-24T04:00:00Z,2026-02-24T04:12:15Z,auth,auth_enUS_labelerexp,at://did:plc:kkf4naxqmweop7dv4l2iqqf5/app.bsky.feed.generator/verified-news,suggested_labelerexp,22,at://did:plc:k5nskatzhyxersjilvtnz4lh/app.bsky.feed.post/3mflbqc62ey2x,bafyreidrkfqt3wteqzrb6ttkshmtn32m4jn5zfqtng2ylvev2le46oav6u,did:plc:k5nskatzhyxersjilvtnz4lh,washingtonpost.com,,
14b7e0b51dbf463887d2bc771009fde5,2026-02-24T04:00:00Z,2026-02-24T04:12:15Z,auth,auth_enUS_labelerexp,at://did:plc:kkf4naxqmweop7dv4l2iqqf5/app.bsky.feed.generator/verified-news,suggested_labelerexp,23,at://did:plc:k4jt6heuiamymgi46yeuxtpt/app.bsky.feed.post/3mflbqaqqem2g,bafyreiclzyzbztwrvr5mylvkxyvyxbfbxyawvhzundltfpckpnl2pact3i,did:plc:k4jt6heuiamymgi46yeuxtpt,propublica.org,,
14b7e0b51dbf463887d2bc771009fde5,2026-02-24T04:00:00Z,2026-02-24T04:12:15Z,auth,auth_enUS_labelerexp,at://did:plc:kkf4naxqmweop7dv4l2iqqf5/app.bsky.feed.generator/verified-news,suggested_labelerexp,24,at://did:plc:jszy2fvtipwprnjhe7pxytfv/app.bsky.feed.post/3mflbq6w7os2s,bafyreidioo7pfhp77tax3ezmunxmo3iroxmlw2yqac425lo4luh6v6msoy,did:plc:jszy2fvtipwprnjhe7pxytfv,chicagotribune.com,,
14b7e0b51dbf463887d2bc771009fde5,2026-02-24T04:00:00Z,2026-02-24T04:12:15Z,auth,auth_enUS_labelerexp,at://did:plc:kkf4naxqmweop7dv4l2iqqf5/app.bsky.feed.generator/verified-news,suggested_labelerexp,25,at://did:plc:a67zdrt4nl2tv2qojpngogbq/app.bsky.feed.post/3mflbq5r2j32l,bafyreibbcmzo4lsrmyegovfdf5tzh5yyjrpau4q5wuzt7m37peh7l5ax6e,did:plc:a67zdrt4nl2tv2qojpngogbq,apnews.com,,
14b7e0b51dbf463887d2bc771009fde5,2026-02-24T04:00:00Z,2026-02-24T04:12:15Z,auth,auth_enUS_labelerexp,at://did:plc:kkf4naxqmweop7dv4l2iqqf5/app.bsky.feed.generator/verified-news,suggested_labelerexp,26,at://did:plc:qobvnkudcv3zlaklxxjduqoi/app.bsky.feed.post/3mflbq7ippp2u,bafyreid6ybpoq2u3klcrzmtpp4uxq5vxuffv6j5dxg6pmfs7p7xb6aben4,did:plc:qobvnkudcv3zlaklxxjduqoi,motherjones.com,,
14b7e0b51dbf463887d2bc771009fde5,2026-02-24T04:00:00Z,2026-02-24T04:12:15Z,auth,auth_enUS_labelerexp,at://did:plc:kkf4naxqmweop7dv4l2iqqf5/app.bsky.feed.generator/verified-news,suggested_labelerexp,27,at://did:plc:tshrll7hb5scyeg4m6nitxtr/app.bsky.feed.post/3mflbq6qjdo2s,bafyreibrsurlnwcdgeonalxr3i3b6rkjid7za5lcomifkh3ug6fehjt7pa,did:plc:tshrll7hb5scyeg4m6nitxtr,news.sky.com,,
14b7e0b51dbf463887d2bc771009fde5,2026-02-24T04:00:00Z,2026-02-24T04:12:15Z,auth,auth_enUS_labelerexp,at://did:plc:kkf4naxqmweop7dv4l2iqqf5/app.bsky.feed.generator/verified-news,suggested_labelerexp,28,at://did:plc:2lofqead276vtc5647ye7sl2/app.bsky.feed.post/3mflbq4sxey2r,bafyreiccchyirgj6bzuvm6pnqpymuu4dim7m7cqmvbd523yq53agftvtei,did:plc:2lofqead276vtc5647ye7sl2,aljazeera.com,,
14b7e0b51dbf463887d2bc771009fde5,2026-02-24T04:00:00Z,2026-02-24T04:12:15Z,auth,auth_enUS_labelerexp,at://did:plc:kkf4naxqmweop7dv4l2iqqf5/app.bsky.feed.generator/verified-news,suggested_labelerexp,29,at://did:plc:pkypwfeznavoxxfhabonvy6v/app.bsky.feed.post/3mflbq4dp6b2v,bafyreicgnvxgryck4qrehxro5ytdbeg2fv2rqupk3jiukm3rkemda2dysq,did:plc:pkypwfeznavoxxfhabonvy6v,nikkei.com,,
14b7e0b51dbf463887d2bc771009fde5,2026-02-24T04:00:00Z,2026-02-24T04:12:15Z,auth,auth_enUS_labelerexp,at://did:plc:kkf4naxqmweop7dv4l2iqqf5/app.bsky.feed.generator/verified-news,suggested_labelerexp,30,at://did:plc:5u54z2qgkq43dh2nzwzdbbhb/app.bsky.feed.post/3mflbp45zmb26,bafyreib5qnmwkmk25gsewpzth4gywuy2on45sdhqc2tccggvkjadmzhyea,did:plc:5u54z2qgkq43dh2nzwzdbbhb,financialtimes.com,,
14b7e0b51dbf463887d2bc771009fde5,2026-02-24T04:00:00Z,2026-02-24T04:12:15Z,auth,auth_enUS_labelerexp,at://did:plc:kkf4naxqmweop7dv4l2iqqf5/app.bsky.feed.generator/verified-news,suggested_labelerexp,31,at://did:plc:vrz2ryxawsorzgs4zb4tndar/app.bsky.feed.post/3mflbnj4h2e2h,bafyreiby222tvmce7cb2qvjyfw4wyl7vtlwpmxobo2fdurjsjt3df3phta,did:plc:vrz2ryxawsorzgs4zb4tndar,elcomercio.pe,,
14b7e0b51dbf463887d2bc771009fde5,2026-02-24T04:00:00Z,2026-02-24T04:12:15Z,auth,auth_enUS_labelerexp,at://did:plc:kkf4naxqmweop7dv4l2iqqf5/app.bsky.feed.generator/verified-news,suggested_labelerexp,32,at://did:plc:yvqeynrczqvphzcrjh24s5zf/app.bsky.feed.post/3mflbkqog7c2q,bafyreiapbeemt2s34o6hajodfkkkysmsafucoobmz5rfmgsgwvvoqqqmau,did:plc:yvqeynrczqvphzcrjh24s5zf,1011now.com,,
14b7e0b51dbf463887d2bc771009fde5,2026-02-24T04:00:00Z,2026-02-24T04:12:15Z,auth,auth_enUS_labelerexp,at://did:plc:kkf4naxqmweop7dv4l2iqqf5/app.bsky.feed.generator/verified-news,suggested_labelerexp,33,at://did:plc:rddeinqb45gzem3n3zyma7im/app.bsky.feed.post/3mflbjygzvw2o,bafyreib5vlmpnfatlajaefsu45nwgxvag5lppwlzbqr3pkqokwbommfnge,did:plc:rddeinqb45gzem3n3zyma7im,japantimes.co.jp,,
14b7e0b51dbf463887d2bc771009fde5,2026-02-24T04:00:00Z,2026-02-24T04:12:15Z,auth,auth_enUS_labelerexp,at://did:plc:kkf4naxqmweop7dv4l2iqqf5/app.bsky.feed.generator/verified-news,suggested_labelerexp,34,at://did:plc:i3fhjvvkbmirhyu4aeihhrnv/app.bsky.feed.post/3mflbij54zi2t,bafyreihfrpfuonapjkceqvcao7247tpgu7o6qwepcpn7omkvspguforny4,did:plc:i3fhjvvkbmirhyu4aeihhrnv,wsj.com,,
14b7e0b51dbf463887d2bc771009fde5,2026-02-24T04:00:00Z,2026-02-24T04:12:15Z,auth,auth_enUS_labelerexp,at://did:plc:kkf4naxqmweop7dv4l2iqqf5/app.bsky.feed.generator/verified-news,suggested_labelerexp,35,at://did:plc:d2jith367s6ybc3ldsusgdae/app.bsky.feed.post/3mflbh6dqx72f,bafyreicjr77erkineh35e36m3tsr5ybls7fgmblkg4437h26k4vcd5unu4,did:plc:d2jith367s6ybc3ldsusgdae,latimes.com,,
14b7e0b51dbf463887d2bc771009fde5,2026-02-24T04:00:00Z,2026-02-24T04:12:15Z,auth,auth_enUS_labelerexp,at://did:plc:kkf4naxqmweop7dv4l2iqqf5/app.bsky.feed.generator/verified-news,suggested_labelerexp,36,at://did:plc:aduoxavv4nlceto54tgu3fjr/app.bsky.feed.post/3mflbdlg6by25,bafyreia5vlftveuvczxhqvnpazblcqo5ohv7hsowdj42ecatve7tabll4e,did:plc:aduoxavv4nlceto54tgu3fjr,folha.com,,
14b7e0b51dbf463887d2bc771009fde5,2026-02-24T04:00:00Z,2026-02-24T04:12:15Z,auth,auth_enUS_labelerexp,at://did:plc:kkf4naxqmweop7dv4l2iqqf5/app.bsky.feed.generator/verified-news,suggested_labelerexp,37,at://did:plc:pru765sx5kjcjtujgfm3stcm/app.bsky.feed.post/3mflba7upyb26,bafyreic6kdxf3l3u54tuwgjdjooflu3vhzhefq65hhto44ovqrjalt4zru,did:plc:pru765sx5kjcjtujgfm3stcm,finans.dk,,
14b7e0b51dbf463887d2bc771009fde5,2026-02-24T04:00:00Z,2026-02-24T04:12:15Z,auth,auth_enUS_labelerexp,at://did:plc:kkf4naxqmweop7dv4l2iqqf5/app.bsky.feed.generator/verified-news,suggested_labelerexp,38,at://did:plc:jbvnehrrdqoulco4rf5gxg5r/app.bsky.feed.post/3mflb6kfhar2w,bafyreidhu75l455z5hwaun7m2jlpiqeft5vtvd764p6km2vmakkoye6qzu,did:plc:jbvnehrrdqoulco4rf5gxg5r,reuters.com,,
14b7e0b51dbf463887d2bc771009fde5,2026-02-24T04:00:00Z,2026-02-24T04:12:15Z,auth,auth_enUS_labelerexp,at://did:plc:kkf4naxqmweop7dv4l2iqqf5/app.bsky.feed.generator/verified-news,suggested_labelerexp,39,at://did:plc:xnmkjaouspdzqv4hzvvcf3j3/app.bsky.feed.post/3mflb2in4ci2c,bafyreiagvahnhr56vqetbzn3366kzcwp5maq2bt22jzakrxrhkokv6edsq,did:plc:xnmkjaouspdzqv4hzvvcf3j3,euobserver.com,,
14b7e0b51dbf463887d2bc771009fde5,2026-02-24T04:00:00Z,2026-02-24T04:12:15Z,auth,auth_enUS_labelerexp,at://did:plc:kkf4naxqmweop7dv4l2iqqf5/app.bsky.feed.generator/verified-news,suggested_labelerexp,40,at://did:plc:nl32untxngcg74dl3w7scd74/app.bsky.feed.post/3mflazmqrtm2v,bafyreics43sfhpxemy4fqc5uhyw4nm4xsmurr5fng6xjeqifq2dwpx3dry,did:plc:nl32untxngcg74dl3w7scd74,us.theguardian.com,,
14b7e0b51dbf463887d2bc771009fde5,2026-02-24T04:00:00Z,2026-02-24T04:12:15Z,auth,auth_enUS_labelerexp,at://did:plc:kkf4naxqmweop7dv4l2iqqf5/app.bsky.feed.generator/verified-news,suggested_labelerexp,41,at://did:plc:4d3enxq3fk4ukwwupihczbjg/app.bsky.feed.post/3mflazlsvkb2u,bafyreif62xpzp4xubmx6otlzz3m5c2xc6zvqtdns34f34qrvl35pe4cjle,did:plc:4d3enxq3fk4ukwwupihczbjg,thenationalnews.com,,
14b7e0b51dbf463887d2bc771009fde5,2026-02-24T04:00:00Z,2026-02-24T04:12:15Z,auth,auth_enUS_labelerexp,at://did:plc:kkf4naxqmweop7dv4l2iqqf5/app.bsky.feed.generator/verified-news,suggested_labelerexp,42,at://did:plc:rddeinqb45gzem3n3zyma7im/app.bsky.feed.post/3mflaw53xar2c,bafyreiggyn536fj4qdmg3ymsnu4wtvd4jyhm2ps2vyqho7pe3amkdy2gtu,did:plc:rddeinqb45gzem3n3zyma7im,japantimes.co.jp,,
14b7e0b51dbf463887d2bc771009fde5,2026-02-24T04:00:00Z,2026-02-24T04:12:15Z,auth,auth_enUS_labelerexp,at://did:plc:kkf4naxqmweop7dv4l2iqqf5/app.bsky.feed.generator/verified-news,suggested_labelerexp,43,at://did:plc:vovinwhtulbsx4mwfw26r5ni/app.bsky.feed.post/3mflavkegcw2p,bafyreib4fzogfvzpkg6en6hjxfllwpk47n4ysp32oic7c3lqgbg5fior6m,did:plc:vovinwhtulbsx4mwfw26r5ni,theguardian.com,,
14b7e0b51dbf463887d2bc771009fde5,2026-02-24T04:00:00Z,2026-02-24T04:12:15Z,auth,auth_enUS_labelerexp,at://did:plc:kkf4naxqmweop7dv4l2iqqf5/app.bsky.feed.generator/verified-news,suggested_labelerexp,44,at://did:plc:iqoyar2mdkpg6mskhmri3nr6/app.bsky.feed.post/3mflas4fbsk2s,bafyreigsqoyky2zrc5pehz54767n64r25izmjdijlltoppfmzfqc3l2mwq,did:plc:iqoyar2mdkpg6mskhmri3nr6,decrypt.co,,
14b7e0b51dbf463887d2bc771009fde5,2026-02-24T04:00:00Z,2026-02-24T04:12:15Z,auth,auth_enUS_labelerexp,at://did:plc:kkf4naxqmweop7dv4l2iqqf5/app.bsky.feed.generator/verified-news,suggested_labelerexp,45,at://did:plc:m7ks2xhfuku7errrtfjux2lg/app.bsky.feed.post/3mflarmopld2c,bafyreibxu5bwpitzq3ifn3mdsrxjdmv3bztchzlecqmg4uqnbva4kivac4,did:plc:m7ks2xhfuku7errrtfjux2lg,cnbc.com,,
14b7e0b51dbf463887d2bc771009fde5,2026-02-24T04:00:00Z,2026-02-24T04:12:15Z,auth,auth_enUS_labelerexp,at://did:plc:kkf4naxqmweop7dv4l2iqqf5/app.bsky.feed.generator/verified-news,suggested_labelerexp,46,at://did:plc:yvqeynrczqvphzcrjh24s5zf/app.bsky.feed.post/3mflaq6x7462u,bafyreig57gobsa2qciz2oax56ltmxdf4jwkisgatrb2muxqyapbz5e4mra,did:plc:yvqeynrczqvphzcrjh24s5zf,1011now.com,,
14b7e0b51dbf463887d2bc771009fde5,2026-02-24T04:00:00Z,2026-02-24T04:12:15Z,auth,auth_enUS_labelerexp,at://did:plc:kkf4naxqmweop7dv4l2iqqf5/app.bsky.feed.generator/verified-news,suggested_labelerexp,47,at://did:plc:ho6ennaeew77vqyctbviu573/app.bsky.feed.post/3mflaptq2732n,bafyreieglxohzj5gs4kyi4x6h7azunums63jn42n7wvft2xeak7glqticm,did:plc:ho6ennaeew77vqyctbviu573,popheist.com,,
14b7e0b51dbf463887d2bc771009fde5,2026-02-24T04:00:00Z,2026-02-24T04:12:15Z,auth,auth_enUS_labelerexp,at://did:plc:kkf4naxqmweop7dv4l2iqqf5/app.bsky.feed.generator/verified-news,suggested_labelerexp,48,at://did:plc:yazbevg3wkzp5llnzb44tqgh/app.bsky.feed.post/3mflapkguks2o,bafyreihjyauhjppwvgzzuthc7grs6kjgf7fbqsc4obpkxwzmt5whih3y6m,did:plc:yazbevg3wkzp5llnzb44tqgh,kyivindependent.com,,
14b7e0b51dbf463887d2bc771009fde5,2026-02-24T04:00:00Z,2026-02-24T04:12:15Z,auth,auth_enUS_labelerexp,at://did:plc:kkf4naxqmweop7dv4l2iqqf5/app.bsky.feed.generator/verified-news,suggested_labelerexp,49,at://did:plc:aonrplpou355iyrtvtimbj2q/app.bsky.feed.post/3mflapgxjww23,bafyreiabcycelnsexvu5eprebe6prtfubj6u5ol23fkrvqpttwacowu2im,did:plc:aonrplpou355iyrtvtimbj2q,newsweek.com,,
14b7e0b51dbf463887d2bc771009fde5,2026-02-24T04:00:00Z,2026-02-24T04:12:15Z,auth,auth_enUS_labelerexp,at://did:plc:kkf4naxqmweop7dv4l2iqqf5/app.bsky.feed.generator/verified-news,suggested_labelerexp,50,at://did:plc:jbvnehrrdqoulco4rf5gxg5r/app.bsky.feed.post/3mflamq6eyp2w,bafyreicypcytxpo2oiyxedkmymxrtdlr5x2adnbujzivl25b4jzhxaomfi,did:plc:jbvnehrrdqoulco4rf5gxg5r,reuters.com,,
14b7e0b51dbf463887d2bc771009fde5,2026-02-24T04:00:00Z,2026-02-24T04:12:16Z,auth,auth_enUS_labelerexp,at://did:plc:lpl45lei6abqpvmet5htdbtb/app.bsky.feed.generator/aaakc72k5sgcs,suggested_labelerexp,1,at://did:plc:efs523olver6h4eait3togjq/app.bsky.feed.post/3mflav5sdnk2o,bafyreideb2d3mop76dbqdvnwoyhtj7su3jopixeql6jdl75nqhu2vfnp2i,did:plc:efs523olver6h4eait3togjq,cbdawson.bsky.social,,
14b7e0b51dbf463887d2bc771009fde5,2026-02-24T04:00:00Z,2026-02-24T04:12:16Z,auth,auth_enUS_labelerexp,at://did:plc:lpl45lei6abqpvmet5htdbtb/app.bsky.feed.generator/aaakc72k5sgcs,suggested_labelerexp,2,at://did:plc:7ctbnqyhy2mttt6b3xh252mx/app.bsky.feed.post/3mfl7hm5wkk2h,bafyreigfulpoggcixc3s3a7b4y4pf3c6wbwiaruji6gltjopdgtmgee2ra,did:plc:7ctbnqyhy2mttt6b3xh252mx,oceanhelen.bsky.social,,
14b7e0b51dbf463887d2bc771009fde5,2026-02-24T04:00:00Z,2026-02-24T04:12:16Z,auth,auth_enUS_labelerexp,at://did:plc:lpl45lei6abqpvmet5htdbtb/app.bsky.feed.generator/aaakc72k5sgcs,suggested_labelerexp,3,at://did:plc:wcoyo6v6krk6wyfcany4zmic/app.bsky.feed.post/3mfl7673whs22,bafyreiaufgpazcvd73vhokjh6nzvmzgwhzj3lmaf34onrpoiuocw7dbzuq,did:plc:wcoyo6v6krk6wyfcany4zmic,hlee.bsky.social,,
14b7e0b51dbf463887d2bc771009fde5,2026-02-24T04:00:00Z,2026-02-24T04:12:16Z,auth,auth_enUS_labelerexp,at://did:plc:lpl45lei6abqpvmet5htdbtb/app.bsky.feed.generator/aaakc72k5sgcs,suggested_labelerexp,4,at://did:plc:acm2yz57z6weqbdbw5lpluu3/app.bsky.feed.post/3mfl74z75us2o,bafyreibkwrdo6dqwsub4mv5dj4xlg4g7jftkp3kmsfphlzdkhhidgrtp4u,did:plc:acm2yz57z6weqbdbw5lpluu3,spahn711.bsky.social,,
14b7e0b51dbf463887d2bc771009fde5,2026-02-24T04:00:00Z,2026-02-24T04:12:16Z,auth,auth_enUS_labelerexp,at://did:plc:lpl45lei6abqpvmet5htdbtb/app.bsky.feed.generator/aaakc72k5sgcs,suggested_labelerexp,5,at://did:plc:whciqqnfgulo7bqlyfukyi37/app.bsky.feed.post/3mfl6gen5ao2s,bafyreiavovgx72rbikwmx676ctnl35yi5bysddltbbpapgndnd5tcltn7a,did:plc:whciqqnfgulo7bqlyfukyi37,seismosocam.bsky.social,,
14b7e0b51dbf463887d2bc771009fde5,2026-02-24T04:00:00Z,2026-02-24T04:12:16Z,auth,auth_enUS_labelerexp,at://did:plc:lpl45lei6abqpvmet5htdbtb/app.bsky.feed.generator/aaakc72k5sgcs,suggested_labelerexp,6,at://did:plc:6styobqnjkrow5ganamyf4qu/app.bsky.feed.post/3mfl3pb66v225,bafyreiatoqg5tlzoypoq4ewugjcxghg22k5nxi3nnw6yyhy5u3q3wfkdra,did:plc:6styobqnjkrow5ganamyf4qu,lastquake.emsc.eu,,
14b7e0b51dbf463887d2bc771009fde5,2026-02-24T04:00:00Z,2026-02-24T04:12:16Z,auth,auth_enUS_labelerexp,at://did:plc:lpl45lei6abqpvmet5htdbtb/app.bsky.feed.generator/aaakc72k5sgcs,suggested_labelerexp,7,at://did:plc:6styobqnjkrow5ganamyf4qu/app.bsky.feed.post/3mfl35fsx4e2z,bafyreihcfeybb36qcsqmdxcvndwr7a7p6pg5finf7pojl76ttsdtzyvtia,did:plc:6styobqnjkrow5ganamyf4qu,lastquake.emsc.eu,,
14b7e0b51dbf463887d2bc771009fde5,2026-02-24T04:00:00Z,2026-02-24T04:12:16Z,auth,auth_enUS_labelerexp,at://did:plc:lpl45lei6abqpvmet5htdbtb/app.bsky.feed.generator/aaakc72k5sgcs,suggested_labelerexp,8,at://did:plc:6styobqnjkrow5ganamyf4qu/app.bsky.feed.post/3mfl35d3txm2w,bafyreihd5e4wujjazj4qiqc2aa3tru55kwucarybpsih7rxiqtlqz2g5ru,did:plc:6styobqnjkrow5ganamyf4qu,lastquake.emsc.eu,,
14b7e0b51dbf463887d2bc771009fde5,2026-02-24T04:00:00Z,2026-02-24T04:12:16Z,auth,auth_enUS_labelerexp,at://did:plc:lpl45lei6abqpvmet5htdbtb/app.bsky.feed.generator/aaakc72k5sgcs,suggested_labelerexp,9,at://did:plc:jpc3uw62esecuq3zdqwv7vxt/app.bsky.feed.post/3mfl2qj7c352w,bafyreidi7pio7jj6vje3nmytzeexpyrypf2ejyfyfubscc7sidsiy6sq2i,did:plc:jpc3uw62esecuq3zdqwv7vxt,earthquakebotsf.bsky.social,,
14b7e0b51dbf463887d2bc771009fde5,2026-02-24T04:00:00Z,2026-02-24T04:12:16Z,auth,auth_enUS_labelerexp,at://did:plc:lpl45lei6abqpvmet5htdbtb/app.bsky.feed.generator/aaakc72k5sgcs,suggested_labelerexp,10,at://did:plc:mkyjjkt5uwobjstft6x4tfy4/app.bsky.feed.post/3mfkyug4vx22e,bafyreiajmmumfddtntqegs2hx4joegpwltjbngtpnbj5iwkx6rx2ets2g4,did:plc:mkyjjkt5uwobjstft6x4tfy4,tessafisher.bsky.social,,
14b7e0b51dbf463887d2bc771009fde5,2026-02-24T04:00:00Z,2026-02-24T04:12:16Z,auth,auth_enUS_labelerexp,at://did:plc:lpl45lei6abqpvmet5htdbtb/app.bsky.feed.generator/aaakc72k5sgcs,suggested_labelerexp,11,at://did:plc:dfkgwugpb72ncnoggwqxuhyv/app.bsky.feed.post/3mfkyabqpbc2w,bafyreihpkuzjof7n4sf6wd3tjd3p3letc43ptbbvtsi46nbo4wn34rli6m,did:plc:dfkgwugpb72ncnoggwqxuhyv,drwendyrocks.bsky.social,,
14b7e0b51dbf463887d2bc771009fde5,2026-02-24T04:00:00Z,2026-02-24T04:12:16Z,auth,auth_enUS_labelerexp,at://did:plc:lpl45lei6abqpvmet5htdbtb/app.bsky.feed.generator/aaakc72k5sgcs,suggested_labelerexp,12,at://did:plc:dfkgwugpb72ncnoggwqxuhyv/app.bsky.feed.post/3mfkyabpysk2w,bafyreie245hlxw4vpm5ctgwhj7btyoelvel2otnyee2kgdffcuiydy5qgm,did:plc:dfkgwugpb72ncnoggwqxuhyv,drwendyrocks.bsky.social,,
14b7e0b51dbf463887d2bc771009fde5,2026-02-24T04:00:00Z,2026-02-24T04:12:16Z,auth,auth_enUS_labelerexp,at://did:plc:lpl45lei6abqpvmet5htdbtb/app.bsky.feed.generator/aaakc72k5sgcs,suggested_labelerexp,13,at://did:plc:jpc3uw62esecuq3zdqwv7vxt/app.bsky.feed.post/3mfkvigigv42s,bafyreiairhyms2r4gyw7okeij4mdt4n4hgqjzfu4ir2dxrandtu5jwolzm,did:plc:jpc3uw62esecuq3zdqwv7vxt,earthquakebotsf.bsky.social,,
14b7e0b51dbf463887d2bc771009fde5,2026-02-24T04:00:00Z,2026-02-24T04:12:16Z,auth,auth_enUS_labelerexp,at://did:plc:lpl45lei6abqpvmet5htdbtb/app.bsky.feed.generator/aaakc72k5sgcs,suggested_labelerexp,14,at://did:plc:jpc3uw62esecuq3zdqwv7vxt/app.bsky.feed.post/3mfkvbbhip42c,bafyreif3wokiwxcgjkl6fk2ykpcolepu5q4dcw3u3xhulbbcz5e3bvn7ei,did:plc:jpc3uw62esecuq3zdqwv7vxt,earthquakebotsf.bsky.social,,
14b7e0b51dbf463887d2bc771009fde5,2026-02-24T04:00:00Z,2026-02-24T04:12:16Z,auth,auth_enUS_labelerexp,at://did:plc:lpl45lei6abqpvmet5htdbtb/app.bsky.feed.generator/aaakc72k5sgcs,suggested_labelerexp,15,at://did:plc:jpc3uw62esecuq3zdqwv7vxt/app.bsky.feed.post/3mfkv5oxclu2i,bafyreiafzzmqta5xblqhi3y7puritkpu6szr22czxgiwdzxew6d377dtl4,did:plc:jpc3uw62esecuq3zdqwv7vxt,earthquakebotsf.bsky.social,,
14b7e0b51dbf463887d2bc771009fde5,2026-02-24T04:00:00Z,2026-02-24T04:12:16Z,auth,auth_enUS_labelerexp,at://did:plc:lpl45lei6abqpvmet5htdbtb/app.bsky.feed.generator/aaakc72k5sgcs,suggested_labelerexp,16,at://did:plc:cvhduyk4ukre2drmboh2z3mi/app.bsky.feed.post/3mfkue3ya2e2w,bafyreid57qqy7kt6nbuzx2hi2pa7s4rhdo3fbcmefcybokizbpxivuykb4,did:plc:cvhduyk4ukre2drmboh2z3mi,pnas.org,,
14b7e0b51dbf463887d2bc771009fde5,2026-02-24T04:00:00Z,2026-02-24T04:12:16Z,auth,auth_enUS_labelerexp,at://did:plc:lpl45lei6abqpvmet5htdbtb/app.bsky.feed.generator/aaakc72k5sgcs,suggested_labelerexp,17,at://did:plc:whciqqnfgulo7bqlyfukyi37/app.bsky.feed.post/3mfkudeuqrk2r,bafyreihamlsfl7aitza7suu54zggwywciyacmxb52pib5j6y2itt2lgep4,did:plc:whciqqnfgulo7bqlyfukyi37,seismosocam.bsky.social,,
14b7e0b51dbf463887d2bc771009fde5,2026-02-24T04:00:00Z,2026-02-24T04:12:16Z,auth,auth_enUS_labelerexp,at://did:plc:lpl45lei6abqpvmet5htdbtb/app.bsky.feed.generator/aaakc72k5sgcs,suggested_labelerexp,18,at://did:plc:i5ssu7arerisbhkaxbd6gjtc/app.bsky.feed.post/3mfktn3rqgk2y,bafyreihdggjnkvstro4h3oddwxhu3zladqimkalc4jvuyhrfp5t3zu33b4,did:plc:i5ssu7arerisbhkaxbd6gjtc,agu-near-surface.bsky.social,,
14b7e0b51dbf463887d2bc771009fde5,2026-02-24T04:00:00Z,2026-02-24T04:12:16Z,auth,auth_enUS_labelerexp,at://did:plc:lpl45lei6abqpvmet5htdbtb/app.bsky.feed.generator/aaakc72k5sgcs,suggested_labelerexp,19,at://did:plc:ys4of6tshyfdkfh64midtaj4/app.bsky.feed.post/3mfkrnfbfgs2a,bafyreihcqaef7pbqbva4ves7qrnxlkwo6oil3xpamol2rzmtbf4k4vtu3m,did:plc:ys4of6tshyfdkfh64midtaj4,geofon.bsky.social,,
14b7e0b51dbf463887d2bc771009fde5,2026-02-24T04:00:00Z,2026-02-24T04:12:16Z,auth,auth_enUS_labelerexp,at://did:plc:lpl45lei6abqpvmet5htdbtb/app.bsky.feed.generator/aaakc72k5sgcs,suggested_labelerexp,20,at://did:plc:ys4of6tshyfdkfh64midtaj4/app.bsky.feed.post/3mfkqbbzsfi2z,bafyreievi3362pdtshwjqmx7gx2afxytll6naxs3rxu3bv4tqtkzchk7jm,did:plc:ys4of6tshyfdkfh64midtaj4,geofon.bsky.social,,
14b7e0b51dbf463887d2bc771009fde5,2026-02-24T04:00:00Z,2026-02-24T04:12:16Z,auth,auth_enUS_labelerexp,at://did:plc:lpl45lei6abqpvmet5htdbtb/app.bsky.feed.generator/aaakc72k5sgcs,suggested_labelerexp,21,at://did:plc:c4ebcbrscoifaty6blqeugao/app.bsky.feed.post/3mfkp4ijjv22k,bafyreibsegub5kowkxmrkqaarr7bjq36rsyasmia62m5cen4u3bpsp7vjm,did:plc:c4ebcbrscoifaty6blqeugao,gsjphd.bsky.social,,
14b7e0b51dbf463887d2bc771009fde5,2026-02-24T04:00:00Z,2026-02-24T04:12:16Z,auth,auth_enUS_labelerexp,at://did:plc:lpl45lei6abqpvmet5htdbtb/app.bsky.feed.generator/aaakc72k5sgcs,suggested_labelerexp,22,at://did:plc:v4dpm7icom54y366e76xy3mj/app.bsky.feed.post/3mfkootcnus26,bafyreibeyd5xy7ucqefwhft6u6gmymft7tcnndnig3iermnehk35wp3vl4,did:plc:v4dpm7icom54y366e76xy3mj,nhm.org,,
14b7e0b51dbf463887d2bc771009fde5,2026-02-24T04:00:00Z,2026-02-24T04:12:16Z,auth,auth_enUS_labelerexp,at://did:plc:lpl45lei6abqpvmet5htdbtb/app.bsky.feed.generator/aaakc72k5sgcs,suggested_labelerexp,23,at://did:plc:gqlwkffokaebvbqwx62oyitt/app.bsky.feed.post/3mfkomfxpn22c,bafyreidqam4z23myonr745ce64cslfr2njzp43qrbqaxchog6dpqagyubi,did:plc:gqlwkffokaebvbqwx62oyitt,bdglaciers.bsky.social,,
14b7e0b51dbf463887d2bc771009fde5,2026-02-24T04:00:00Z,2026-02-24T04:12:16Z,auth,auth_enUS_labelerexp,at://did:plc:lpl45lei6abqpvmet5htdbtb/app.bsky.feed.generator/aaakc72k5sgcs,suggested_labelerexp,24,at://did:plc:sryhnyyiwokaozfd2zqknzm6/app.bsky.feed.post/3mfko5hucld2z,bafyreiexegvjnjr6keycgb2ichppmn4fohmxzrqfwaxzhk6isw2xljxmuq,did:plc:sryhnyyiwokaozfd2zqknzm6,miguelmahecha.bsky.social,,
14b7e0b51dbf463887d2bc771009fde5,2026-02-24T04:00:00Z,2026-02-24T04:12:16Z,auth,auth_enUS_labelerexp,at://did:plc:lpl45lei6abqpvmet5htdbtb/app.bsky.feed.generator/aaakc72k5sgcs,suggested_labelerexp,25,at://did:plc:whciqqnfgulo7bqlyfukyi37/app.bsky.feed.post/3mfknnzqw6m2j,bafyreigmmdfdwiszua5z7lth6hoolqprmjoxnkftp4xonmfuwfdshlzuwq,did:plc:whciqqnfgulo7bqlyfukyi37,seismosocam.bsky.social,,
14b7e0b51dbf463887d2bc771009fde5,2026-02-24T04:00:00Z,2026-02-24T04:12:16Z,auth,auth_enUS_labelerexp,at://did:plc:lpl45lei6abqpvmet5htdbtb/app.bsky.feed.generator/aaakc72k5sgcs,suggested_labelerexp,26,at://did:plc:6styobqnjkrow5ganamyf4qu/app.bsky.feed.post/3mfknnscelz2u,bafyreieopkujda6wnnvtfq5n5ek6ddcvvl3mylhcymiuxouxljpr5ps72e,did:plc:6styobqnjkrow5ganamyf4qu,lastquake.emsc.eu,,
14b7e0b51dbf463887d2bc771009fde5,2026-02-24T04:00:00Z,2026-02-24T04:12:16Z,auth,auth_enUS_labelerexp,at://did:plc:lpl45lei6abqpvmet5htdbtb/app.bsky.feed.generator/aaakc72k5sgcs,suggested_labelerexp,27,at://did:plc:yn7wsa2yeb7rd46ywjvtbenj/app.bsky.feed.post/3mfknavmwpc27,bafyreic5u5fnjh7grdbtxueajzmzkqxj5xnvctubjlw5wte2bszvrok2um,did:plc:yn7wsa2yeb7rd46ywjvtbenj,mit-cs3.bsky.social,,
14b7e0b51dbf463887d2bc771009fde5,2026-02-24T04:00:00Z,2026-02-24T04:12:16Z,auth,auth_enUS_labelerexp,at://did:plc:lpl45lei6abqpvmet5htdbtb/app.bsky.feed.generator/aaakc72k5sgcs,suggested_labelerexp,28,at://did:plc:6styobqnjkrow5ganamyf4qu/app.bsky.feed.post/3mfkmvq3iaj2i,bafyreignhdktn4w7ktkikwyhy6uaefcwwlkgjaydy3fnxwgqyrqkxp5xh4,did:plc:6styobqnjkrow5ganamyf4qu,lastquake.emsc.eu,,
14b7e0b51dbf463887d2bc771009fde5,2026-02-24T04:00:00Z,2026-02-24T04:12:16Z,auth,auth_enUS_labelerexp,at://did:plc:lpl45lei6abqpvmet5htdbtb/app.bsky.feed.generator/aaakc72k5sgcs,suggested_labelerexp,29,at://did:plc:6styobqnjkrow5ganamyf4qu/app.bsky.feed.post/3mfkmswgzmt2w,bafyreihpqo6l22qoehl5oeg7isefqdff7mtu7hh2cxzo5ncbc3aopvhlru,did:plc:6styobqnjkrow5ganamyf4qu,lastquake.emsc.eu,,
14b7e0b51dbf463887d2bc771009fde5,2026-02-24T04:00:00Z,2026-02-24T04:12:16Z,auth,auth_enUS_labelerexp,at://did:plc:lpl45lei6abqpvmet5htdbtb/app.bsky.feed.generator/aaakc72k5sgcs,suggested_labelerexp,30,at://did:plc:6hpos2szojcsikkzdyur5xy6/app.bsky.feed.post/3mfkms5noyk26,bafyreidpddytkrnymfci6s2hdvasotpwj2rx6rft7dwpblmfl6eh5wjvqa,did:plc:6hpos2szojcsikkzdyur5xy6,astrobiology.bsky.social,,
14b7e0b51dbf463887d2bc771009fde5,2026-02-24T04:00:00Z,2026-02-24T04:12:16Z,auth,auth_enUS_labelerexp,at://did:plc:lpl45lei6abqpvmet5htdbtb/app.bsky.feed.generator/aaakc72k5sgcs,suggested_labelerexp,31,at://did:plc:6hpos2szojcsikkzdyur5xy6/app.bsky.feed.post/3mfkmrmryic26,bafyreibli74q2ehwbptpydgm4jir5vmoan4dflkoppfi3revj2p5z6wd5a,did:plc:6hpos2szojcsikkzdyur5xy6,astrobiology.bsky.social,,
14b7e0b51dbf463887d2bc771009fde5,2026-02-24T04:00:00Z,2026-02-24T04:12:16Z,auth,auth_enUS_labelerexp,at://did:plc:lpl45lei6abqpvmet5htdbtb/app.bsky.feed.generator/aaakc72k5sgcs,suggested_labelerexp,32,at://did:plc:6hpos2szojcsikkzdyur5xy6/app.bsky.feed.post/3mfkmrenli226,bafyreidsodtbcgbqjd3qqbloxg55xoicw2xsknkz5tru63wsdiwbn664de,did:plc:6hpos2szojcsikkzdyur5xy6,astrobiology.bsky.social,,
14b7e0b51dbf463887d2bc771009fde5,2026-02-24T04:00:00Z,2026-02-24T04:12:16Z,auth,auth_enUS_labelerexp,at://did:plc:lpl45lei6abqpvmet5htdbtb/app.bsky.feed.generator/aaakc72k5sgcs,suggested_labelerexp,33,at://did:plc:6hpos2szojcsikkzdyur5xy6/app.bsky.feed.post/3mfkmqvvizs26,bafyreid6segopsaq4e4k27e5sxcoru2fc3twj4siuc7ambdc5v6cfww2am,did:plc:6hpos2szojcsikkzdyur5xy6,astrobiology.bsky.social,,
14b7e0b51dbf463887d2bc771009fde5,2026-02-24T04:00:00Z,2026-02-24T04:12:16Z,auth,auth_enUS_labelerexp,at://did:plc:lpl45lei6abqpvmet5htdbtb/app.bsky.feed.generator/aaakc72k5sgcs,suggested_labelerexp,34,at://did:plc:of5hsofqk25sxjlwcf5ynazr/app.bsky.feed.post/3mfkmnxm5ek26,bafyreibbg24g7aoa6uyx4zcn7iyc3umqthzjuuu5t5wnhiqu4ud4ye6tci,did:plc:of5hsofqk25sxjlwcf5ynazr,hydrocycler.bsky.social,,
14b7e0b51dbf463887d2bc771009fde5,2026-02-24T04:00:00Z,2026-02-24T04:12:16Z,auth,auth_enUS_labelerexp,at://did:plc:lpl45lei6abqpvmet5htdbtb/app.bsky.feed.generator/aaakc72k5sgcs,suggested_labelerexp,35,at://did:plc:f5yt7bsjzk2u5h7euxancvl6/app.bsky.feed.post/3mfkmkbp33k2n,bafyreibnoj4f5gyhflqt6psyaz53dild3oyljvy6oksic67vk5wrxeke3m,did:plc:f5yt7bsjzk2u5h7euxancvl6,cageosurvey.bsky.social,,
14b7e0b51dbf463887d2bc771009fde5,2026-02-24T04:00:00Z,2026-02-24T04:12:16Z,auth,auth_enUS_labelerexp,at://did:plc:lpl45lei6abqpvmet5htdbtb/app.bsky.feed.generator/aaakc72k5sgcs,suggested_labelerexp,36,at://did:plc:f5yt7bsjzk2u5h7euxancvl6/app.bsky.feed.post/3mfkmivmhgs2n,bafyreih4mipkagxqbiyj3cfusvpxwowh2ycwzlc2irpdbppgeitqg3gexq,did:plc:f5yt7bsjzk2u5h7euxancvl6,cageosurvey.bsky.social,,
14b7e0b51dbf463887d2bc771009fde5,2026-02-24T04:00:00Z,2026-02-24T04:12:16Z,auth,auth_enUS_labelerexp,at://did:plc:lpl45lei6abqpvmet5htdbtb/app.bsky.feed.generator/aaakc72k5sgcs,suggested_labelerexp,37,at://did:plc:xc7d5i5l7jfuycwlmthmiwwo/app.bsky.feed.post/3mfklq2ssic22,bafyreiejloglm55zqmhffc6lpyxmoowj4athfztj6mwzxek3ma2ynxp6m4,did:plc:xc7d5i5l7jfuycwlmthmiwwo,doktrock.bsky.social,,
14b7e0b51dbf463887d2bc771009fde5,2026-02-24T04:00:00Z,2026-02-24T04:12:16Z,auth,auth_enUS_labelerexp,at://did:plc:lpl45lei6abqpvmet5htdbtb/app.bsky.feed.generator/aaakc72k5sgcs,suggested_labelerexp,38,at://did:plc:whciqqnfgulo7bqlyfukyi37/app.bsky.feed.post/3mfkkgcrifo2k,bafyreic6mo5dlhypyu6pkf4ylgpnotzoqza2legojifxmmexk2oshiv6au,did:plc:whciqqnfgulo7bqlyfukyi37,seismosocam.bsky.social,,
14b7e0b51dbf463887d2bc771009fde5,2026-02-24T04:00:00Z,2026-02-24T04:12:16Z,auth,auth_enUS_labelerexp,at://did:plc:lpl45lei6abqpvmet5htdbtb/app.bsky.feed.generator/aaakc72k5sgcs,suggested_labelerexp,39,at://did:plc:n63se73uov6hkfx2ugbfbjne/app.bsky.feed.post/3mfkkcf6dvx2n,bafyreih5jjhsksvaocftsvmcf7wggdfal4o75h4gp6xrncqi4owe75i7bm,did:plc:n63se73uov6hkfx2ugbfbjne,nationalacademies.org,,
14b7e0b51dbf463887d2bc771009fde5,2026-02-24T04:00:00Z,2026-02-24T04:12:16Z,auth,auth_enUS_labelerexp,at://did:plc:lpl45lei6abqpvmet5htdbtb/app.bsky.feed.generator/aaakc72k5sgcs,suggested_labelerexp,40,at://did:plc:6styobqnjkrow5ganamyf4qu/app.bsky.feed.post/3mfkjaetsxp2i,bafyreihlzs4anquwrfjorzrj2hyqfxjhdstngins5yc5lx5q4oiizpeati,did:plc:6styobqnjkrow5ganamyf4qu,lastquake.emsc.eu,,
14b7e0b51dbf463887d2bc771009fde5,2026-02-24T04:00:00Z,2026-02-24T04:12:16Z,auth,auth_enUS_labelerexp,at://did:plc:lpl45lei6abqpvmet5htdbtb/app.bsky.feed.generator/aaakc72k5sgcs,suggested_labelerexp,41,at://did:plc:6styobqnjkrow5ganamyf4qu/app.bsky.feed.post/3mfki3gn2xh2i,bafyreid3iwzmabs2oipbyqup236oni77j56qj5mhjaolfeko23m3eqqsku,did:plc:6styobqnjkrow5ganamyf4qu,lastquake.emsc.eu,,
14b7e0b51dbf463887d2bc771009fde5,2026-02-24T04:00:00Z,2026-02-24T04:12:16Z,auth,auth_enUS_labelerexp,at://did:plc:lpl45lei6abqpvmet5htdbtb/app.bsky.feed.generator/aaakc72k5sgcs,suggested_labelerexp,42,at://did:plc:6styobqnjkrow5ganamyf4qu/app.bsky.feed.post/3mfki3f3mwh2i,bafyreie5wzxgepmgdqmph427kdhw5h2inusfyh6bhxzvgbolhfg3xnb7by,did:plc:6styobqnjkrow5ganamyf4qu,lastquake.emsc.eu,,
14b7e0b51dbf463887d2bc771009fde5,2026-02-24T04:00:00Z,2026-02-24T04:12:16Z,auth,auth_enUS_labelerexp,at://did:plc:lpl45lei6abqpvmet5htdbtb/app.bsky.feed.generator/aaakc72k5sgcs,suggested_labelerexp,43,at://did:plc:i2dmfuqk3wklvyvl77cc66cx/app.bsky.feed.post/3mfkhuawzec2t,bafyreihhvbca25qfzyuvdvxcsmcd6hly24hihwbjgn3monz6o6xs7vc3zy,did:plc:i2dmfuqk3wklvyvl77cc66cx,jamesdinneen.bsky.social,,
14b7e0b51dbf463887d2bc771009fde5,2026-02-24T04:00:00Z,2026-02-24T04:12:16Z,auth,auth_enUS_labelerexp,at://did:plc:lpl45lei6abqpvmet5htdbtb/app.bsky.feed.generator/aaakc72k5sgcs,suggested_labelerexp,44,at://did:plc:6styobqnjkrow5ganamyf4qu/app.bsky.feed.post/3mfkhjhyqn42k,bafyreibf3yv5inhd22wvlsfcxse3tbq4rfws6hg3vsaqyks7bq7d7achoi,did:plc:6styobqnjkrow5ganamyf4qu,lastquake.emsc.eu,,
14b7e0b51dbf463887d2bc771009fde5,2026-02-24T04:00:00Z,2026-02-24T04:12:16Z,auth,auth_enUS_labelerexp,at://did:plc:lpl45lei6abqpvmet5htdbtb/app.bsky.feed.generator/aaakc72k5sgcs,suggested_labelerexp,45,at://did:plc:6styobqnjkrow5ganamyf4qu/app.bsky.feed.post/3mfkh6ofoya2k,bafyreihztsbqbchfdrh57srmurp7w3pk7qslxy5dyqt7mmzrg6onzgpzmi,did:plc:6styobqnjkrow5ganamyf4qu,lastquake.emsc.eu,,
14b7e0b51dbf463887d2bc771009fde5,2026-02-24T04:00:00Z,2026-02-24T04:12:16Z,auth,auth_enUS_labelerexp,at://did:plc:lpl45lei6abqpvmet5htdbtb/app.bsky.feed.generator/aaakc72k5sgcs,suggested_labelerexp,46,at://did:plc:6styobqnjkrow5ganamyf4qu/app.bsky.feed.post/3mfkh5nwp4r2w,bafyreiel36e4crf6hwq35r6zkhknfqugdtaempbr3otrsyazxivvyn66ny,did:plc:6styobqnjkrow5ganamyf4qu,lastquake.emsc.eu,,
14b7e0b51dbf463887d2bc771009fde5,2026-02-24T04:00:00Z,2026-02-24T04:12:16Z,auth,auth_enUS_labelerexp,at://did:plc:lpl45lei6abqpvmet5htdbtb/app.bsky.feed.generator/aaakc72k5sgcs,suggested_labelerexp,47,at://did:plc:l66gzyklq6exgomlioe5yrdr/app.bsky.feed.post/3mfkgxcy4kw23,bafyreibaxfwlqjynxhmynhzthppjoirdox6xvu754zv3cmyehb7mamnose,did:plc:l66gzyklq6exgomlioe5yrdr,geosociety.bsky.social,,
14b7e0b51dbf463887d2bc771009fde5,2026-02-24T04:00:00Z,2026-02-24T04:12:16Z,auth,auth_enUS_labelerexp,at://did:plc:lpl45lei6abqpvmet5htdbtb/app.bsky.feed.generator/aaakc72k5sgcs,suggested_labelerexp,48,at://did:plc:7c3wn5rzzurxcu7ufow7revt/app.bsky.feed.post/3mfkgvjtwwk2w,bafyreidymgr2xh2urr3jbd6ty7iuursbi337kqz7ozy44kop7fz3nni3uy,did:plc:7c3wn5rzzurxcu7ufow7revt,timholtwilson.bsky.social,,
14b7e0b51dbf463887d2bc771009fde5,2026-02-24T04:00:00Z,2026-02-24T04:12:16Z,auth,auth_enUS_labelerexp,at://did:plc:lpl45lei6abqpvmet5htdbtb/app.bsky.feed.generator/aaakc72k5sgcs,suggested_labelerexp,49,at://did:plc:3xk4su4izk7lzk3vdzdzuch7/app.bsky.feed.post/3mfkgv7xuoc2r,bafyreidx6gx5zsymgzqunpso3kenu2nfyujxymrom234mlx4wijw2wvkme,did:plc:3xk4su4izk7lzk3vdzdzuch7,ahrensscience.bsky.social,,
14b7e0b51dbf463887d2bc771009fde5,2026-02-24T04:00:00Z,2026-02-24T04:12:16Z,auth,auth_enUS_labelerexp,at://did:plc:lpl45lei6abqpvmet5htdbtb/app.bsky.feed.generator/aaakc72k5sgcs,suggested_labelerexp,50,at://did:plc:6styobqnjkrow5ganamyf4qu/app.bsky.feed.post/3mfkgboufe225,bafyreihjghm4x7h2z4zwgp6mdc5hlrewti5x3ichzpsdtatkmkere7d4oq,did:plc:6styobqnjkrow5ganamyf4qu,lastquake.emsc.eu,,
14b7e0b51dbf463887d2bc771009fde5,2026-02-24T04:00:00Z,2026-02-24T04:12:17Z,auth,auth_enUS_labelerexp,at://did:plc:nylio5rpw7u3wtven3vcriam/app.bsky.feed.generator/aaai4amp77qp6,suggested_labelerexp,1,at://did:plc:257mlmai5nguufse56vjeqmr/app.bsky.feed.post/3mfkut3i4mt23,bafyreiarmfwiu2mj3z4x5s47hxowxgwc3cakfs23zjfjbczkkxrq2km7sa,did:plc:257mlmai5nguufse56vjeqmr,alleninstitute.org,,
14b7e0b51dbf463887d2bc771009fde5,2026-02-24T04:00:00Z,2026-02-24T04:12:17Z,auth,auth_enUS_labelerexp,at://did:plc:nylio5rpw7u3wtven3vcriam/app.bsky.feed.generator/aaai4amp77qp6,suggested_labelerexp,2,at://did:plc:gfvjxniv5ylppk263f44p3zs/app.bsky.feed.post/3mfktmbmra22a,bafyreiagt44av7yaxcaw3hjipmvpfhibjz5qb6kfdsyf7dan74rys7el4i,did:plc:gfvjxniv5ylppk263f44p3zs,evoneuro.bsky.social,,
14b7e0b51dbf463887d2bc771009fde5,2026-02-24T04:00:00Z,2026-02-24T04:12:17Z,auth,auth_enUS_labelerexp,at://did:plc:nylio5rpw7u3wtven3vcriam/app.bsky.feed.generator/aaai4amp77qp6,suggested_labelerexp,3,at://did:plc:6c5zm4cue4xbdoktsq23bmf7/app.bsky.feed.post/3mfkludffuc2k,bafyreie2zaisl3uqyhff634vy77utq57umuxrmoi5z5ycv22ut3zu52y7y,did:plc:6c5zm4cue4xbdoktsq23bmf7,thehandlab.bsky.social,,
14b7e0b51dbf463887d2bc771009fde5,2026-02-24T04:00:00Z,2026-02-24T04:12:17Z,auth,auth_enUS_labelerexp,at://did:plc:nylio5rpw7u3wtven3vcriam/app.bsky.feed.generator/aaai4amp77qp6,suggested_labelerexp,4,at://did:plc:nylio5rpw7u3wtven3vcriam/app.bsky.feed.post/3mfkbnfv4vk2z,bafyreigcjidns57qqvpxorzh53wbq3cyzbq3gahpyxaolzocuxp5xugt4e,did:plc:nylio5rpw7u3wtven3vcriam,micahgallen.com,,
14b7e0b51dbf463887d2bc771009fde5,2026-02-24T04:00:00Z,2026-02-24T04:12:17Z,auth,auth_enUS_labelerexp,at://did:plc:nylio5rpw7u3wtven3vcriam/app.bsky.feed.generator/aaai4amp77qp6,suggested_labelerexp,5,at://did:plc:n2akdbwkitrwki3gc6a7accl/app.bsky.feed.post/3mfk4m535ys2c,bafyreiflngpvif266tymihqiepj34kezhlbjwdg5c5srrb3tptljoxb5uy,did:plc:n2akdbwkitrwki3gc6a7accl,osidesystems.bsky.social,,
14b7e0b51dbf463887d2bc771009fde5,2026-02-24T04:00:00Z,2026-02-24T04:12:17Z,auth,auth_enUS_labelerexp,at://did:plc:nylio5rpw7u3wtven3vcriam/app.bsky.feed.generator/aaai4amp77qp6,suggested_labelerexp,6,at://did:plc:65sqvh7nevxlufvvl3omsm33/app.bsky.feed.post/3mfk2ogykzc22,bafyreiayiikgf7pwwk7wjmcmws7b7logn4renisljg2lgytgysgjqqiwqe,did:plc:65sqvh7nevxlufvvl3omsm33,hearingshef.bsky.social,,
14b7e0b51dbf463887d2bc771009fde5,2026-02-24T04:00:00Z,2026-02-24T04:12:17Z,auth,auth_enUS_labelerexp,at://did:plc:nylio5rpw7u3wtven3vcriam/app.bsky.feed.generator/aaai4amp77qp6,suggested_labelerexp,7,at://did:plc:goucgvtb37dvzftgcejg7mon/app.bsky.feed.post/3mfjysfhgoc26,bafyreibae2xszgue6ksk74kqnzoescgzk2fd5cx6qesekvqbdfpgu3fe5u,did:plc:goucgvtb37dvzftgcejg7mon,leadcoalition.bsky.social,,
14b7e0b51dbf463887d2bc771009fde5,2026-02-24T04:00:00Z,2026-02-24T04:12:17Z,auth,auth_enUS_labelerexp,at://did:plc:nylio5rpw7u3wtven3vcriam/app.bsky.feed.generator/aaai4amp77qp6,suggested_labelerexp,8,at://did:plc:73uwondbkeafoi6xzbyagzyq/app.bsky.feed.post/3mfjvbcwrgs2u,bafyreiaqgbxoitdfv2imjnzlviqlrcawngxbt7kb5zkafdwkalpgejykki,did:plc:73uwondbkeafoi6xzbyagzyq,thetransmitter.bsky.social,,
14b7e0b51dbf463887d2bc771009fde5,2026-02-24T04:00:00Z,2026-02-24T04:12:17Z,auth,auth_enUS_labelerexp,at://did:plc:nylio5rpw7u3wtven3vcriam/app.bsky.feed.generator/aaai4amp77qp6,suggested_labelerexp,9,at://did:plc:fsfi7snxwpvoram7tb3fbgkx/app.bsky.feed.post/3mfjtghixgz2h,bafyreidc6xve4762cp4pjhsb3x4bx5w3c4b5j3dfefcutxhhy3fvm6cxsi,did:plc:fsfi7snxwpvoram7tb3fbgkx,pardomocoroa.bsky.social,,
14b7e0b51dbf463887d2bc771009fde5,2026-02-24T04:00:00Z,2026-02-24T04:12:17Z,auth,auth_enUS_labelerexp,at://did:plc:nylio5rpw7u3wtven3vcriam/app.bsky.feed.generator/aaai4amp77qp6,suggested_labelerexp,10,at://did:plc:goucgvtb37dvzftgcejg7mon/app.bsky.feed.post/3mfjtdg7xgs2p,bafyreidiywdvgyklphytzmlk2b7zvnlhq4zzyanxvga54i6madmvekiv3y,did:plc:goucgvtb37dvzftgcejg7mon,leadcoalition.bsky.social,,
14b7e0b51dbf463887d2bc771009fde5,2026-02-24T04:00:00Z,2026-02-24T04:12:17Z,auth,auth_enUS_labelerexp,at://did:plc:nylio5rpw7u3wtven3vcriam/app.bsky.feed.generator/aaai4amp77qp6,suggested_labelerexp,11,at://did:plc:flz2yiimdujdskvqtseolv5e/app.bsky.feed.post/3mfjqgvqo5c23,bafyreib44lprlmb6bbnysg3n7mu7mmehaf222nawqwkih46pu3kwg5bwau,did:plc:flz2yiimdujdskvqtseolv5e,dgn-ev.bsky.social,,
14b7e0b51dbf463887d2bc771009fde5,2026-02-24T04:00:00Z,2026-02-24T04:12:17Z,auth,auth_enUS_labelerexp,at://did:plc:nylio5rpw7u3wtven3vcriam/app.bsky.feed.generator/aaai4amp77qp6,suggested_labelerexp,12,at://did:plc:txtmvvwynxal5bstf7e5s2de/app.bsky.feed.post/3mfjgjxzoys24,bafyreia57yqnbj7f2kvlu2guwpzpolgrbetltytvzumylzfp5mmpisyk4q,did:plc:txtmvvwynxal5bstf7e5s2de,gkmurray.bsky.social,,
14b7e0b51dbf463887d2bc771009fde5,2026-02-24T04:00:00Z,2026-02-24T04:12:17Z,auth,auth_enUS_labelerexp,at://did:plc:nylio5rpw7u3wtven3vcriam/app.bsky.feed.generator/aaai4amp77qp6,suggested_labelerexp,13,at://did:plc:jyctnrcv5dznuu67bkjjlf3t/app.bsky.feed.post/3mfinadch7o2x,bafyreicnqnwodytzkxpefcoqg3qb6ffajlwsdbpswko4on6vshah2nhxby,did:plc:jyctnrcv5dznuu67bkjjlf3t,natureportfolio.nature.com,,
14b7e0b51dbf463887d2bc771009fde5,2026-02-24T04:00:00Z,2026-02-24T04:12:17Z,auth,auth_enUS_labelerexp,at://did:plc:nylio5rpw7u3wtven3vcriam/app.bsky.feed.generator/aaai4amp77qp6,suggested_labelerexp,14,at://did:plc:yiij6nmpvtfdpwmya2vuh3xs/app.bsky.feed.post/3mfi6euppjc2q,bafyreid53k2alrefnelks2yanwt3jbjdehekkqb6kd43uoeurgt6vlksyu,did:plc:yiij6nmpvtfdpwmya2vuh3xs,nataliepeluso.com,,
14b7e0b51dbf463887d2bc771009fde5,2026-02-24T04:00:00Z,2026-02-24T04:12:17Z,auth,auth_enUS_labelerexp,at://did:plc:nylio5rpw7u3wtven3vcriam/app.bsky.feed.generator/aaai4amp77qp6,suggested_labelerexp,15,at://did:plc:yiij6nmpvtfdpwmya2vuh3xs/app.bsky.feed.post/3mfi5nxebj22q,bafyreifujepkki5ewzt6kvezx27pluonw2f36c7vp53isgqaeiifquzc2u,did:plc:yiij6nmpvtfdpwmya2vuh3xs,nataliepeluso.com,,
14b7e0b51dbf463887d2bc771009fde5,2026-02-24T04:00:00Z,2026-02-24T04:12:17Z,auth,auth_enUS_labelerexp,at://did:plc:nylio5rpw7u3wtven3vcriam/app.bsky.feed.generator/aaai4amp77qp6,suggested_labelerexp,16,at://did:plc:eip2ux2joizj5ek5nqtrmnym/app.bsky.feed.post/3mfhnwsncqk2f,bafyreibfqgrxjbej6nabdvcoeamoi55jd2da3u5m4atyd7othamnu3qht4,did:plc:eip2ux2joizj5ek5nqtrmnym,pessoabrain.bsky.social,,
14b7e0b51dbf463887d2bc771009fde5,2026-02-24T04:00:00Z,2026-02-24T04:12:17Z,auth,auth_enUS_labelerexp,at://did:plc:nylio5rpw7u3wtven3vcriam/app.bsky.feed.generator/aaai4amp77qp6,suggested_labelerexp,17,at://did:plc:2rrp75cclmgiunpprtx4baqe/app.bsky.feed.post/3mfhbvibb432e,bafyreibcjollllcewabk2wfzpf2uyo5jlygav44s7fukuasejduvocsoue,did:plc:2rrp75cclmgiunpprtx4baqe,mujeresde.bsky.social,,
14b7e0b51dbf463887d2bc771009fde5,2026-02-24T04:00:00Z,2026-02-24T04:12:17Z,auth,auth_enUS_labelerexp,at://did:plc:nylio5rpw7u3wtven3vcriam/app.bsky.feed.generator/aaai4amp77qp6,suggested_labelerexp,18,at://did:plc:m5r55m65o36vwhvkniw453e3/app.bsky.feed.post/3mfhakooov22t,bafyreic7pdo2mhgyak7w2ttbw25otm5z7bycpak4oyllagarjr6opowqle,did:plc:m5r55m65o36vwhvkniw453e3,arielframe.bsky.social,,
14b7e0b51dbf463887d2bc771009fde5,2026-02-24T04:00:00Z,2026-02-24T04:12:17Z,auth,auth_enUS_labelerexp,at://did:plc:nylio5rpw7u3wtven3vcriam/app.bsky.feed.generator/aaai4amp77qp6,suggested_labelerexp,19,at://did:plc:kp3y5ge2cplyeambatyhd6um/app.bsky.feed.post/3mffj4x2y7c2v,bafyreig72lfu3ura23o637266wnhcv5plik6uapqc2svwzejcqfllxgksy,did:plc:kp3y5ge2cplyeambatyhd6um,ellem111.bsky.social,,
14b7e0b51dbf463887d2bc771009fde5,2026-02-24T04:00:00Z,2026-02-24T04:12:17Z,auth,auth_enUS_labelerexp,at://did:plc:nylio5rpw7u3wtven3vcriam/app.bsky.feed.generator/aaai4amp77qp6,suggested_labelerexp,20,at://did:plc:2rrp75cclmgiunpprtx4baqe/app.bsky.feed.post/3mff44e4hwv2e,bafyreicbe6l3tqxkdbhpphxqnihzkstgmutndz2jd3vspc3fctwzbttj5a,did:plc:2rrp75cclmgiunpprtx4baqe,mujeresde.bsky.social,,
14b7e0b51dbf463887d2bc771009fde5,2026-02-24T04:00:00Z,2026-02-24T04:12:17Z,auth,auth_enUS_labelerexp,at://did:plc:nylio5rpw7u3wtven3vcriam/app.bsky.feed.generator/aaai4amp77qp6,suggested_labelerexp,21,at://did:plc:55sfr6zvajitaapuasbqo7wl/app.bsky.feed.post/3mfefoou2hz2s,bafyreicrfjdzca6dvgf2narrg663gq6pdc76vk36zytfkgihuvtswozs2u,did:plc:55sfr6zvajitaapuasbqo7wl,digimarktplatz.bsky.social,,
14b7e0b51dbf463887d2bc771009fde5,2026-02-24T04:00:00Z,2026-02-24T04:12:17Z,auth,auth_enUS_labelerexp,at://did:plc:nylio5rpw7u3wtven3vcriam/app.bsky.feed.generator/aaai4amp77qp6,suggested_labelerexp,22,at://did:plc:yiij6nmpvtfdpwmya2vuh3xs/app.bsky.feed.post/3mfd7x7zwl22h,bafyreic4oyerytsitmbrdqb6imldhf7iitbl4mmojlyzjvlvex5fetf7rm,did:plc:yiij6nmpvtfdpwmya2vuh3xs,nataliepeluso.com,,
14b7e0b51dbf463887d2bc771009fde5,2026-02-24T04:00:00Z,2026-02-24T04:12:17Z,auth,auth_enUS_labelerexp,at://did:plc:nylio5rpw7u3wtven3vcriam/app.bsky.feed.generator/aaai4amp77qp6,suggested_labelerexp,23,at://did:plc:hntzfv7uiuk3zoeoonqvo3tu/app.bsky.feed.post/3mfd2s3b3ak2b,bafyreiafvus5puv3lrbktens2aerwfxy75bogtcufvxuijb4r4ulfdqpsq,did:plc:hntzfv7uiuk3zoeoonqvo3tu,sankoreschriften.bsky.social,,
14b7e0b51dbf463887d2bc771009fde5,2026-02-24T04:00:00Z,2026-02-24T04:12:17Z,auth,auth_enUS_labelerexp,at://did:plc:nylio5rpw7u3wtven3vcriam/app.bsky.feed.generator/aaai4amp77qp6,suggested_labelerexp,24,at://did:plc:73uwondbkeafoi6xzbyagzyq/app.bsky.feed.post/3mfcx33j2jk2u,bafyreidu5cjuyw6oecshkwwaunno2iz36fjec7tcy6nsmfutavlh4shnym,did:plc:73uwondbkeafoi6xzbyagzyq,thetransmitter.bsky.social,,
14b7e0b51dbf463887d2bc771009fde5,2026-02-24T04:00:00Z,2026-02-24T04:12:18Z,auth,auth_enUS_labelerexp,at://did:plc:odqmsar3ikz5ubokya4sempk/app.bsky.feed.generator/aaahu6g4bonog,suggested_labelerexp,1,at://did:plc:65b3kbil47einb4qjb232cot/app.bsky.feed.post/3mfl33okhbc24,bafyreicd6fmyal3vfhek4tbxdppcnhts2h5rofdwhe2dxllukosq53v3om,did:plc:65b3kbil47einb4qjb232cot,illustration-jobs.com,,
14b7e0b51dbf463887d2bc771009fde5,2026-02-24T04:00:00Z,2026-02-24T04:12:18Z,auth,auth_enUS_labelerexp,at://did:plc:odqmsar3ikz5ubokya4sempk/app.bsky.feed.generator/aaahu6g4bonog,suggested_labelerexp,2,at://did:plc:65b3kbil47einb4qjb232cot/app.bsky.feed.post/3mfl33dx7sc24,bafyreihvvodo7trsdxbzcclfcs4qzq6nglrtbdztfhcejgv36r3r3w2wc4,did:plc:65b3kbil47einb4qjb232cot,illustration-jobs.com,,
14b7e0b51dbf463887d2bc771009fde5,2026-02-24T04:00:00Z,2026-02-24T04:12:18Z,auth,auth_enUS_labelerexp,at://did:plc:odqmsar3ikz5ubokya4sempk/app.bsky.feed.generator/aaahu6g4bonog,suggested_labelerexp,3,at://did:plc:65b3kbil47einb4qjb232cot/app.bsky.feed.post/3mfl332kduk24,bafyreihhqcb37vo2vz7p3k5ps55z4mdzbh5w2oxj2dydtllwxhhdxaafzq,did:plc:65b3kbil47einb4qjb232cot,illustration-jobs.com,,
14b7e0b51dbf463887d2bc771009fde5,2026-02-24T04:00:00Z,2026-02-24T04:12:18Z,auth,auth_enUS_labelerexp,at://did:plc:odqmsar3ikz5ubokya4sempk/app.bsky.feed.generator/aaahu6g4bonog,suggested_labelerexp,4,at://did:plc:65b3kbil47einb4qjb232cot/app.bsky.feed.post/3mfl32phyys24,bafyreic5zdgfogm7ueuqbys337qmjd4m3vskr7nrwadeyourzzn6w6fwhi,did:plc:65b3kbil47einb4qjb232cot,illustration-jobs.com,,
14b7e0b51dbf463887d2bc771009fde5,2026-02-24T04:00:00Z,2026-02-24T04:12:18Z,auth,auth_enUS_labelerexp,at://did:plc:odqmsar3ikz5ubokya4sempk/app.bsky.feed.generator/aaahu6g4bonog,suggested_labelerexp,5,at://did:plc:65b3kbil47einb4qjb232cot/app.bsky.feed.post/3mfl32brqlk24,bafyreiehovpxjajfbsunu3nn3h5a4ghwm7sgpveu5mucpjuwwiibrjrm44,did:plc:65b3kbil47einb4qjb232cot,illustration-jobs.com,,
14b7e0b51dbf463887d2bc771009fde5,2026-02-24T04:00:00Z,2026-02-24T04:12:18Z,auth,auth_enUS_labelerexp,at://did:plc:odqmsar3ikz5ubokya4sempk/app.bsky.feed.generator/aaahu6g4bonog,suggested_labelerexp,6,at://did:plc:65b3kbil47einb4qjb232cot/app.bsky.feed.post/3mfl2zvzngk24,bafyreie2guh7yjmlm7orpj2gk33mg2bfvye4wjacrpven2bvomv5jxpcxm,did:plc:65b3kbil47einb4qjb232cot,illustration-jobs.com,,
14b7e0b51dbf463887d2bc771009fde5,2026-02-24T04:00:00Z,2026-02-24T04:12:18Z,auth,auth_enUS_labelerexp,at://did:plc:odqmsar3ikz5ubokya4sempk/app.bsky.feed.generator/aaahu6g4bonog,suggested_labelerexp,7,at://did:plc:6ntdebolqjiyjble7hlqaynz/app.bsky.feed.post/3mfkhbduhsc27,bafyreicfolucnrzqv4ux4myz7n6ubbx6qs26vfh6qkun6rokllvmmc7wh4,did:plc:6ntdebolqjiyjble7hlqaynz,remotegamejobs.com,,
14b7e0b51dbf463887d2bc771009fde5,2026-02-24T04:00:00Z,2026-02-24T04:12:18Z,auth,auth_enUS_labelerexp,at://did:plc:odqmsar3ikz5ubokya4sempk/app.bsky.feed.generator/aaahu6g4bonog,suggested_labelerexp,8,at://did:plc:xrscs5cgdj7mn6oio7ebxfmh/app.bsky.feed.post/3mfkfh7v6fc2i,bafyreidu6eqb6bny64j6bjwjafmusexbxneyapvmsgrmxw2bzs5lsb6gum,did:plc:xrscs5cgdj7mn6oio7ebxfmh,workwithindies.com,,
14b7e0b51dbf463887d2bc771009fde5,2026-02-24T04:00:00Z,2026-02-24T04:12:18Z,auth,auth_enUS_labelerexp,at://did:plc:odqmsar3ikz5ubokya4sempk/app.bsky.feed.generator/aaahu6g4bonog,suggested_labelerexp,9,at://did:plc:v6laejjz4r6n44nneiw3mupt/app.bsky.feed.post/3mfjp7zgiis2k,bafyreiby623cedgxhq2b7lm3rzghfhhfs4ivqslphl5ewszk4nyki2345y,did:plc:v6laejjz4r6n44nneiw3mupt,culturele-vacatures.nl,,
14b7e0b51dbf463887d2bc771009fde5,2026-02-24T04:00:00Z,2026-02-24T04:12:18Z,auth,auth_enUS_labelerexp,at://did:plc:odqmsar3ikz5ubokya4sempk/app.bsky.feed.generator/aaahu6g4bonog,suggested_labelerexp,10,at://did:plc:v6laejjz4r6n44nneiw3mupt/app.bsky.feed.post/3mfjgwv6zz22v,bafyreicvmsbra7c7op5rll5nftit3vvjgybgf5olrlkwdtdt6hiknttudq,did:plc:v6laejjz4r6n44nneiw3mupt,culturele-vacatures.nl,,
14b7e0b51dbf463887d2bc771009fde5,2026-02-24T04:00:00Z,2026-02-24T04:12:18Z,auth,auth_enUS_labelerexp,at://did:plc:odqmsar3ikz5ubokya4sempk/app.bsky.feed.generator/aaahu6g4bonog,suggested_labelerexp,11,at://did:plc:v6laejjz4r6n44nneiw3mupt/app.bsky.feed.post/3mfjgszs2t22v,bafyreicv3dt7wlvsknpaco3gh3qjszga4e33ybskonkavmqr2tcm5marjy,did:plc:v6laejjz4r6n44nneiw3mupt,culturele-vacatures.nl,,
14b7e0b51dbf463887d2bc771009fde5,2026-02-24T04:00:00Z,2026-02-24T04:12:18Z,auth,auth_enUS_labelerexp,at://did:plc:odqmsar3ikz5ubokya4sempk/app.bsky.feed.generator/aaahu6g4bonog,suggested_labelerexp,12,at://did:plc:hglpexceczfis6pkymjjbwly/app.bsky.feed.post/3mfivbdep4c2w,bafyreihsjr76edsjda75sc264763cth3ntvurgdlno7vlb3rousk3b7doi,did:plc:hglpexceczfis6pkymjjbwly,on-sunika.bsky.social,,
14b7e0b51dbf463887d2bc771009fde5,2026-02-24T04:00:00Z,2026-02-24T04:12:18Z,auth,auth_enUS_labelerexp,at://did:plc:odqmsar3ikz5ubokya4sempk/app.bsky.feed.generator/aaahu6g4bonog,suggested_labelerexp,13,at://did:plc:pnziu7licyhm4gm5unkqp5yg/app.bsky.feed.post/3mfipayj6ps25,bafyreieh3k4xia4atlbzvy42v6f7rfvbsd4hd2qdvae3duozmrngm5ndmm,did:plc:pnziu7licyhm4gm5unkqp5yg,cartoonrecruit.com,,
14b7e0b51dbf463887d2bc771009fde5,2026-02-24T04:00:00Z,2026-02-24T04:12:18Z,auth,auth_enUS_labelerexp,at://did:plc:odqmsar3ikz5ubokya4sempk/app.bsky.feed.generator/aaahu6g4bonog,suggested_labelerexp,14,at://did:plc:pnziu7licyhm4gm5unkqp5yg/app.bsky.feed.post/3mfip7bncls22,bafyreig4cm4ofeburdkehq5xguovg2bc56btgm6g5s43w33uoztvaivhay,did:plc:pnziu7licyhm4gm5unkqp5yg,cartoonrecruit.com,,
14b7e0b51dbf463887d2bc771009fde5,2026-02-24T04:00:00Z,2026-02-24T04:12:18Z,auth,auth_enUS_labelerexp,at://did:plc:odqmsar3ikz5ubokya4sempk/app.bsky.feed.generator/aaahu6g4bonog,suggested_labelerexp,15,at://did:plc:pnziu7licyhm4gm5unkqp5yg/app.bsky.feed.post/3mfip5hkvuv2n,bafyreidw5sgibockok56z7zppddh7e4uvihqknufrmc5sfzgv36lbzc2l4,did:plc:pnziu7licyhm4gm5unkqp5yg,cartoonrecruit.com,,
14b7e0b51dbf463887d2bc771009fde5,2026-02-24T04:00:00Z,2026-02-24T04:12:18Z,auth,auth_enUS_labelerexp,at://did:plc:odqmsar3ikz5ubokya4sempk/app.bsky.feed.generator/aaahu6g4bonog,suggested_labelerexp,16,at://did:plc:65b3kbil47einb4qjb232cot/app.bsky.feed.post/3mfioxquqks2c,bafyreicxm7k5qcdn53uq4p7p73jfwm6yffp7jqtaceifzc6vble7tvqnje,did:plc:65b3kbil47einb4qjb232cot,illustration-jobs.com,,
14b7e0b51dbf463887d2bc771009fde5,2026-02-24T04:00:00Z,2026-02-24T04:12:18Z,auth,auth_enUS_labelerexp,at://did:plc:odqmsar3ikz5ubokya4sempk/app.bsky.feed.generator/aaahu6g4bonog,suggested_labelerexp,17,at://did:plc:65b3kbil47einb4qjb232cot/app.bsky.feed.post/3mfioxdecoc2c,bafyreia366t2hg7bcpwfrq5rcewebvoq7tdn5wl532a4f65o4w5azun7iy,did:plc:65b3kbil47einb4qjb232cot,illustration-jobs.com,,
14b7e0b51dbf463887d2bc771009fde5,2026-02-24T04:00:00Z,2026-02-24T04:12:18Z,auth,auth_enUS_labelerexp,at://did:plc:odqmsar3ikz5ubokya4sempk/app.bsky.feed.generator/aaahu6g4bonog,suggested_labelerexp,18,at://did:plc:65b3kbil47einb4qjb232cot/app.bsky.feed.post/3mfiowxlyok2c,bafyreih3f73dzwslwcaiekfnkwfxr6pv325o4erjudrkkoxyea6zq4wjmm,did:plc:65b3kbil47einb4qjb232cot,illustration-jobs.com,,
14b7e0b51dbf463887d2bc771009fde5,2026-02-24T04:00:00Z,2026-02-24T04:12:18Z,auth,auth_enUS_labelerexp,at://did:plc:odqmsar3ikz5ubokya4sempk/app.bsky.feed.generator/aaahu6g4bonog,suggested_labelerexp,19,at://did:plc:65b3kbil47einb4qjb232cot/app.bsky.feed.post/3mfiowkchik2c,bafyreidik3bootwdwkiwwz5wu5pi4zjzkwqholjola6nu6m26kmjyacp5i,did:plc:65b3kbil47einb4qjb232cot,illustration-jobs.com,,
14b7e0b51dbf463887d2bc771009fde5,2026-02-24T04:00:00Z,2026-02-24T04:12:18Z,auth,auth_enUS_labelerexp,at://did:plc:odqmsar3ikz5ubokya4sempk/app.bsky.feed.generator/aaahu6g4bonog,suggested_labelerexp,20,at://did:plc:65b3kbil47einb4qjb232cot/app.bsky.feed.post/3mfiow6nykc2c,bafyreiagblc6wt7mdh6o3onuyyhepx7l3m254obzalaskkjwrkcf323dde,did:plc:65b3kbil47einb4qjb232cot,illustration-jobs.com,,
14b7e0b51dbf463887d2bc771009fde5,2026-02-24T04:00:00Z,2026-02-24T04:12:18Z,auth,auth_enUS_labelerexp,at://did:plc:odqmsar3ikz5ubokya4sempk/app.bsky.feed.generator/aaahu6g4bonog,suggested_labelerexp,21,at://did:plc:65b3kbil47einb4qjb232cot/app.bsky.feed.post/3mfiovu7ek22c,bafyreihd6lcezj7qlk4ars5hcubqd6dh3kejlncjr2kwsdjregwacillie,did:plc:65b3kbil47einb4qjb232cot,illustration-jobs.com,,
14b7e0b51dbf463887d2bc771009fde5,2026-02-24T04:00:00Z,2026-02-24T04:12:18Z,auth,auth_enUS_labelerexp,at://did:plc:odqmsar3ikz5ubokya4sempk/app.bsky.feed.generator/aaahu6g4bonog,suggested_labelerexp,22,at://did:plc:65b3kbil47einb4qjb232cot/app.bsky.feed.post/3mfiovkecj22c,bafyreibfk65cipy5gndl2qd7brgkwacxovgkv57ld474vrgmgklfrkamf4,did:plc:65b3kbil47einb4qjb232cot,illustration-jobs.com,,
14b7e0b51dbf463887d2bc771009fde5,2026-02-24T04:00:00Z,2026-02-24T04:12:18Z,auth,auth_enUS_labelerexp,at://did:plc:odqmsar3ikz5ubokya4sempk/app.bsky.feed.generator/aaahu6g4bonog,suggested_labelerexp,23,at://did:plc:65b3kbil47einb4qjb232cot/app.bsky.feed.post/3mfiov7bsr22c,bafyreiazk7rbwkycporbtklthblikmikynprkpjdh4dsvia4d5fzyxyi3u,did:plc:65b3kbil47einb4qjb232cot,illustration-jobs.com,,
14b7e0b51dbf463887d2bc771009fde5,2026-02-24T04:00:00Z,2026-02-24T04:12:18Z,auth,auth_enUS_labelerexp,at://did:plc:odqmsar3ikz5ubokya4sempk/app.bsky.feed.generator/aaahu6g4bonog,suggested_labelerexp,24,at://did:plc:65b3kbil47einb4qjb232cot/app.bsky.feed.post/3mfiousxni22c,bafyreicnyzyc2khbaw5jz3h3fz3ph6sppy2fc6xy5dblfw5vuysfhfpbmq,did:plc:65b3kbil47einb4qjb232cot,illustration-jobs.com,,
14b7e0b51dbf463887d2bc771009fde5,2026-02-24T04:00:00Z,2026-02-24T04:12:18Z,auth,auth_enUS_labelerexp,at://did:plc:odqmsar3ikz5ubokya4sempk/app.bsky.feed.generator/aaahu6g4bonog,suggested_labelerexp,25,at://did:plc:pnziu7licyhm4gm5unkqp5yg/app.bsky.feed.post/3mfiospvy7r2a,bafyreia5azxecuej7wl4oro5parcauig2v63ivr6vntqgg3bfdpmltjuce,did:plc:pnziu7licyhm4gm5unkqp5yg,cartoonrecruit.com,,
14b7e0b51dbf463887d2bc771009fde5,2026-02-24T04:00:00Z,2026-02-24T04:12:18Z,auth,auth_enUS_labelerexp,at://did:plc:odqmsar3ikz5ubokya4sempk/app.bsky.feed.generator/aaahu6g4bonog,suggested_labelerexp,26,at://did:plc:pnziu7licyhm4gm5unkqp5yg/app.bsky.feed.post/3mfioqxgnhc2e,bafyreicrgoriqac4l7oc6jdm5s73j7t4j4w6uyoii7bkqxqrapqfztqyqa,did:plc:pnziu7licyhm4gm5unkqp5yg,cartoonrecruit.com,,
14b7e0b51dbf463887d2bc771009fde5,2026-02-24T04:00:00Z,2026-02-24T04:12:18Z,auth,auth_enUS_labelerexp,at://did:plc:odqmsar3ikz5ubokya4sempk/app.bsky.feed.generator/aaahu6g4bonog,suggested_labelerexp,27,at://did:plc:pnziu7licyhm4gm5unkqp5yg/app.bsky.feed.post/3mfiop6337k2r,bafyreifjwugg7ugeu2gn6yib5hnkllneilp2smufqmco4yzcf72fdoa3dq,did:plc:pnziu7licyhm4gm5unkqp5yg,cartoonrecruit.com,,
14b7e0b51dbf463887d2bc771009fde5,2026-02-24T04:00:00Z,2026-02-24T04:12:18Z,auth,auth_enUS_labelerexp,at://did:plc:odqmsar3ikz5ubokya4sempk/app.bsky.feed.generator/aaahu6g4bonog,suggested_labelerexp,28,at://did:plc:pnziu7licyhm4gm5unkqp5yg/app.bsky.feed.post/3mfiollg5vi2t,bafyreica6wuxzbnpykf7iracrwsd7tnglhfpvoyeokecglwq32dddgszdu,did:plc:pnziu7licyhm4gm5unkqp5yg,cartoonrecruit.com,,
14b7e0b51dbf463887d2bc771009fde5,2026-02-24T04:00:00Z,2026-02-24T04:12:18Z,auth,auth_enUS_labelerexp,at://did:plc:odqmsar3ikz5ubokya4sempk/app.bsky.feed.generator/aaahu6g4bonog,suggested_labelerexp,29,at://did:plc:pnziu7licyhm4gm5unkqp5yg/app.bsky.feed.post/3mfioep7rlj22,bafyreifpmvw7acov3xwmcsyjndszmxobftyxljvqzrz6wncyapdui4gqpq,did:plc:pnziu7licyhm4gm5unkqp5yg,cartoonrecruit.com,,
14b7e0b51dbf463887d2bc771009fde5,2026-02-24T04:00:00Z,2026-02-24T04:12:18Z,auth,auth_enUS_labelerexp,at://did:plc:odqmsar3ikz5ubokya4sempk/app.bsky.feed.generator/aaahu6g4bonog,suggested_labelerexp,30,at://did:plc:6ntdebolqjiyjble7hlqaynz/app.bsky.feed.post/3mfhqsim2ps2m,bafyreifvvnqohcvew3cqsr3w3nycdvta56ekpmbbyt63oscxytnne36txq,did:plc:6ntdebolqjiyjble7hlqaynz,remotegamejobs.com,,
14b7e0b51dbf463887d2bc771009fde5,2026-02-24T04:00:00Z,2026-02-24T04:12:18Z,auth,auth_enUS_labelerexp,at://did:plc:odqmsar3ikz5ubokya4sempk/app.bsky.feed.generator/aaahu6g4bonog,suggested_labelerexp,31,at://did:plc:6ntdebolqjiyjble7hlqaynz/app.bsky.feed.post/3mfflh74dlk2o,bafyreieow5towiqxoz4xaykgz7speqrsynxly2x5a2btrhk3lsqtqmp64e,did:plc:6ntdebolqjiyjble7hlqaynz,remotegamejobs.com,,
14b7e0b51dbf463887d2bc771009fde5,2026-02-24T04:00:00Z,2026-02-24T04:12:18Z,auth,auth_enUS_labelerexp,at://did:plc:odqmsar3ikz5ubokya4sempk/app.bsky.feed.generator/aaahu6g4bonog,suggested_labelerexp,32,at://did:plc:rbuhr54lypfqzl4dru2mpljy/app.bsky.feed.post/3mfeumy464c2p,bafyreicdpy5ejcpua7e2qieux3ijjlj6cfffgyotyxzqm2f2noafk2ltvm,did:plc:rbuhr54lypfqzl4dru2mpljy,greynola.bsky.social,,
14b7e0b51dbf463887d2bc771009fde5,2026-02-24T04:00:00Z,2026-02-24T04:12:18Z,auth,auth_enUS_labelerexp,at://did:plc:odqmsar3ikz5ubokya4sempk/app.bsky.feed.generator/aaahu6g4bonog,suggested_labelerexp,33,at://did:plc:6ntdebolqjiyjble7hlqaynz/app.bsky.feed.post/3mfd5ngu2z22b,bafyreiadr46qe44mq3fhoxkz4owewcoftftbuqg3cdketamwh6boezfaym,did:plc:6ntdebolqjiyjble7hlqaynz,remotegamejobs.com,,
14b7e0b51dbf463887d2bc771009fde5,2026-02-24T04:00:00Z,2026-02-24T04:12:18Z,auth,auth_enUS_labelerexp,at://did:plc:odqmsar3ikz5ubokya4sempk/app.bsky.feed.generator/aaahu6g4bonog,suggested_labelerexp,34,at://did:plc:6ntdebolqjiyjble7hlqaynz/app.bsky.feed.post/3mfd5ndz5tc2b,bafyreihfaamo457ughcov27ov3gvjgfeao6l2okgrkhppwhl4bhhhufpby,did:plc:6ntdebolqjiyjble7hlqaynz,remotegamejobs.com,,
14b7e0b51dbf463887d2bc771009fde5,2026-02-24T04:00:00Z,2026-02-24T04:12:18Z,auth,auth_enUS_labelerexp,at://did:plc:odqmsar3ikz5ubokya4sempk/app.bsky.feed.generator/aaahu6g4bonog,suggested_labelerexp,35,at://did:plc:65b3kbil47einb4qjb232cot/app.bsky.feed.post/3mfb4wkczhs2d,bafyreigeebtsix6wyarezlozlexn4xklslxv5aor4ecpjmouzk5eku4d5a,did:plc:65b3kbil47einb4qjb232cot,illustration-jobs.com,,
14b7e0b51dbf463887d2bc771009fde5,2026-02-24T04:00:00Z,2026-02-24T04:12:18Z,auth,auth_enUS_labelerexp,at://did:plc:odqmsar3ikz5ubokya4sempk/app.bsky.feed.generator/aaahu6g4bonog,suggested_labelerexp,36,at://did:plc:65b3kbil47einb4qjb232cot/app.bsky.feed.post/3mfb4w4it3c2d,bafyreifdvtwi6ix62rkofabw3dasdemnylqhlvbyvaz5rddbicbbnm44ji,did:plc:65b3kbil47einb4qjb232cot,illustration-jobs.com,,
14b7e0b51dbf463887d2bc771009fde5,2026-02-24T04:00:00Z,2026-02-24T04:12:18Z,auth,auth_enUS_labelerexp,at://did:plc:odqmsar3ikz5ubokya4sempk/app.bsky.feed.generator/aaahu6g4bonog,suggested_labelerexp,37,at://did:plc:65b3kbil47einb4qjb232cot/app.bsky.feed.post/3mfb4viko6k2d,bafyreihwdunvgx5jg63rrekign37v7nbkmtoi26soorout4xzptmgwueky,did:plc:65b3kbil47einb4qjb232cot,illustration-jobs.com,,
14b7e0b51dbf463887d2bc771009fde5,2026-02-24T04:00:00Z,2026-02-24T04:12:18Z,auth,auth_enUS_labelerexp,at://did:plc:odqmsar3ikz5ubokya4sempk/app.bsky.feed.generator/aaahu6g4bonog,suggested_labelerexp,38,at://did:plc:65b3kbil47einb4qjb232cot/app.bsky.feed.post/3mfb4ughzs22d,bafyreigow4eqt4vkqgc2b6rjcwxulrhhjtte7xy3ntf3jqbehjpxkjzk6m,did:plc:65b3kbil47einb4qjb232cot,illustration-jobs.com,,
14b7e0b51dbf463887d2bc771009fde5,2026-02-24T04:00:00Z,2026-02-24T04:12:18Z,auth,auth_enUS_labelerexp,at://did:plc:odqmsar3ikz5ubokya4sempk/app.bsky.feed.generator/aaahu6g4bonog,suggested_labelerexp,39,at://did:plc:odqmsar3ikz5ubokya4sempk/app.bsky.feed.post/3luit4xmgnk24,bafyreigb7j7sckzrovnaydehyvcdhgluovcuzmpvtgtlnidv5jdgtsgyry,did:plc:odqmsar3ikz5ubokya4sempk,wanderlingworld.bsky.social,,
14b7e0b51dbf463887d2bc771009fde5,2026-02-24T04:00:00Z,2026-02-24T04:12:18Z,auth,auth_enUS_labelerexp,at://did:plc:odqmsar3ikz5ubokya4sempk/app.bsky.feed.generator/aaahu6g4bonog,suggested_labelerexp,40,at://did:plc:65b3kbil47einb4qjb232cot/app.bsky.feed.post/3mfb4tbk5i22d,bafyreig22nbf32wy5m6dnobvoug5rv6qm3hg62vv3b7dwzhaqntwvgb3tu,did:plc:65b3kbil47einb4qjb232cot,illustration-jobs.com,,
14b7e0b51dbf463887d2bc771009fde5,2026-02-24T04:00:00Z,2026-02-24T04:12:18Z,auth,auth_enUS_labelerexp,at://did:plc:odqmsar3ikz5ubokya4sempk/app.bsky.feed.generator/aaahu6g4bonog,suggested_labelerexp,41,at://did:plc:6ntdebolqjiyjble7hlqaynz/app.bsky.feed.post/3mfajninad22v,bafyreicauhumthy73oixemig7qo23cdrsvk4jckqnserbgl6cihjacafru,did:plc:6ntdebolqjiyjble7hlqaynz,remotegamejobs.com,,
14b7e0b51dbf463887d2bc771009fde5,2026-02-24T04:00:00Z,2026-02-24T04:12:18Z,auth,auth_enUS_labelerexp,at://did:plc:odqmsar3ikz5ubokya4sempk/app.bsky.feed.generator/aaahu6g4bonog,suggested_labelerexp,42,at://did:plc:65b3kbil47einb4qjb232cot/app.bsky.feed.post/3mf6hnrnkbs2h,bafyreibaeh4vt2kw5jjsinjq6bolytex3ua35vbza7xy24dvjvbpmu2zqy,did:plc:65b3kbil47einb4qjb232cot,illustration-jobs.com,,
14b7e0b51dbf463887d2bc771009fde5,2026-02-24T04:00:00Z,2026-02-24T04:12:18Z,auth,auth_enUS_labelerexp,at://did:plc:odqmsar3ikz5ubokya4sempk/app.bsky.feed.generator/aaahu6g4bonog,suggested_labelerexp,43,at://did:plc:65b3kbil47einb4qjb232cot/app.bsky.feed.post/3mf6hmvokn22h,bafyreibk6f7qqluswwzklacts2srtl5d63vioh5qkwlmsz47xrmdsmy4fu,did:plc:65b3kbil47einb4qjb232cot,illustration-jobs.com,,
14b7e0b51dbf463887d2bc771009fde5,2026-02-24T04:00:00Z,2026-02-24T04:12:18Z,auth,auth_enUS_labelerexp,at://did:plc:odqmsar3ikz5ubokya4sempk/app.bsky.feed.generator/aaahu6g4bonog,suggested_labelerexp,44,at://did:plc:65b3kbil47einb4qjb232cot/app.bsky.feed.post/3mf6hm4po6k2h,bafyreiadm4fjqrisy4yo7ciavagthashmwpiryezp2kur5jdw5dwheauyi,did:plc:65b3kbil47einb4qjb232cot,illustration-jobs.com,,
14b7e0b51dbf463887d2bc771009fde5,2026-02-24T04:00:00Z,2026-02-24T04:12:18Z,auth,auth_enUS_labelerexp,at://did:plc:odqmsar3ikz5ubokya4sempk/app.bsky.feed.generator/aaahu6g4bonog,suggested_labelerexp,45,at://did:plc:65b3kbil47einb4qjb232cot/app.bsky.feed.post/3mf6hicvf2s2h,bafyreihcjqj2dkp7yanv2l4mxquz3mh57bvwu4wde26rbtkvk2cmjv5wlm,did:plc:65b3kbil47einb4qjb232cot,illustration-jobs.com,,
14b7e0b51dbf463887d2bc771009fde5,2026-02-24T04:00:00Z,2026-02-24T04:12:18Z,auth,auth_enUS_labelerexp,at://did:plc:odqmsar3ikz5ubokya4sempk/app.bsky.feed.generator/aaahu6g4bonog,suggested_labelerexp,46,at://did:plc:65b3kbil47einb4qjb232cot/app.bsky.feed.post/3mf6hg7dpac2p,bafyreifngn7bmyfsh2umy3dc6xbjkzw7tdbt4rg7gbimbb2fbw3csfejge,did:plc:65b3kbil47einb4qjb232cot,illustration-jobs.com,,
14b7e0b51dbf463887d2bc771009fde5,2026-02-24T04:00:00Z,2026-02-24T04:12:18Z,auth,auth_enUS_labelerexp,at://did:plc:odqmsar3ikz5ubokya4sempk/app.bsky.feed.generator/aaahu6g4bonog,suggested_labelerexp,47,at://did:plc:65b3kbil47einb4qjb232cot/app.bsky.feed.post/3mf6hfmj32k2p,bafyreiaxesvu6te3w26gwwyt5jt7zrcreebyfzuahvo5dw2myg43dhlpbi,did:plc:65b3kbil47einb4qjb232cot,illustration-jobs.com,,
14b7e0b51dbf463887d2bc771009fde5,2026-02-24T04:00:00Z,2026-02-24T04:12:18Z,auth,auth_enUS_labelerexp,at://did:plc:odqmsar3ikz5ubokya4sempk/app.bsky.feed.generator/aaahu6g4bonog,suggested_labelerexp,48,at://did:plc:65b3kbil47einb4qjb232cot/app.bsky.feed.post/3mf6hf4gztk2p,bafyreih2wdmqx6vmderexioneiwtmtxqbc5bvqx47rjqrugk2xa766izsa,did:plc:65b3kbil47einb4qjb232cot,illustration-jobs.com,,
14b7e0b51dbf463887d2bc771009fde5,2026-02-24T04:00:00Z,2026-02-24T04:12:18Z,auth,auth_enUS_labelerexp,at://did:plc:odqmsar3ikz5ubokya4sempk/app.bsky.feed.generator/aaahu6g4bonog,suggested_labelerexp,49,at://did:plc:v6laejjz4r6n44nneiw3mupt/app.bsky.feed.post/3mf4rwtshxc2j,bafyreickhcjvspha5deemo5tvc3orqik4ikuizozgjfq2ywn37lzjxy35m,did:plc:v6laejjz4r6n44nneiw3mupt,culturele-vacatures.nl,,
14b7e0b51dbf463887d2bc771009fde5,2026-02-24T04:00:00Z,2026-02-24T04:12:18Z,auth,auth_enUS_labelerexp,at://did:plc:odqmsar3ikz5ubokya4sempk/app.bsky.feed.generator/aaahu6g4bonog,suggested_labelerexp,50,at://did:plc:v6laejjz4r6n44nneiw3mupt/app.bsky.feed.post/3mf4o7t5w5k2j,bafyreih5qdkixfeodfbusxuc7msffnjyecyusubii2batzbuu3p7whxluu,did:plc:v6laejjz4r6n44nneiw3mupt,culturele-vacatures.nl,,
14b7e0b51dbf463887d2bc771009fde5,2026-02-24T04:00:00Z,2026-02-24T04:12:19Z,auth,auth_enUS_labelerexp,at://did:plc:ojisdwhv5b7tzitkipo3yx3f/app.bsky.feed.generator/aaao3rw3oxwku,suggested_labelerexp,1,at://did:plc:6peocq3khtp2vtj5seapfzgg/app.bsky.feed.post/3mflc2kdrek27,bafyreignzwfx6zv22tdav3xof3c3u7unkpkzgkhhpk4ryejiz5nmnnxcci,did:plc:6peocq3khtp2vtj5seapfzgg,kenpuco.bsky.social,,
14b7e0b51dbf463887d2bc771009fde5,2026-02-24T04:00:00Z,2026-02-24T04:12:19Z,auth,auth_enUS_labelerexp,at://did:plc:ojisdwhv5b7tzitkipo3yx3f/app.bsky.feed.generator/aaao3rw3oxwku,suggested_labelerexp,2,at://did:plc:f6zdydaxb7zhvxup5hu47gnk/app.bsky.feed.post/3mflc2fxvrs2b,bafyreieb7caxdghtw4cygxmzgksltd5spaxu336xmbazedukexj5ai4mma,did:plc:f6zdydaxb7zhvxup5hu47gnk,pathswaves.bsky.social,,
14b7e0b51dbf463887d2bc771009fde5,2026-02-24T04:00:00Z,2026-02-24T04:12:19Z,auth,auth_enUS_labelerexp,at://did:plc:ojisdwhv5b7tzitkipo3yx3f/app.bsky.feed.generator/aaao3rw3oxwku,suggested_labelerexp,3,at://did:plc:bs46pnhkm4vd4ff6d2rl6ulk/app.bsky.feed.post/3mflbz2zapc2w,bafyreicgbexpldiqkavrlimeze3hykp3x6mlvghjdivpbzyxisxmhk5p3q,did:plc:bs46pnhkm4vd4ff6d2rl6ulk,stylelib.org,,
14b7e0b51dbf463887d2bc771009fde5,2026-02-24T04:00:00Z,2026-02-24T04:12:19Z,auth,auth_enUS_labelerexp,at://did:plc:ojisdwhv5b7tzitkipo3yx3f/app.bsky.feed.generator/aaao3rw3oxwku,suggested_labelerexp,4,at://did:plc:7uljvgrbqd4islanhfefw7ke/app.bsky.feed.post/3mflbxtusfk2m,bafyreibvvkzcmch7bk4m62fpymp6o64ifxztpnxjgtx3enpwot2uq6svka,did:plc:7uljvgrbqd4islanhfefw7ke,freddyb-aviation.bsky.social,,
14b7e0b51dbf463887d2bc771009fde5,2026-02-24T04:00:00Z,2026-02-24T04:12:19Z,auth,auth_enUS_labelerexp,at://did:plc:ojisdwhv5b7tzitkipo3yx3f/app.bsky.feed.generator/aaao3rw3oxwku,suggested_labelerexp,5,at://did:plc:sny2itlok4zcymadyekuolih/app.bsky.feed.post/3mflbxsguoc2w,bafyreiemnlo3x5rl65uhpskiysq5ul2djsov4usbdlgxcaejw3ebw5zk64,did:plc:sny2itlok4zcymadyekuolih,greylupine71017.bsky.social,,
14b7e0b51dbf463887d2bc771009fde5,2026-02-24T04:00:00Z,2026-02-24T04:12:19Z,auth,auth_enUS_labelerexp,at://did:plc:ojisdwhv5b7tzitkipo3yx3f/app.bsky.feed.generator/aaao3rw3oxwku,suggested_labelerexp,6,at://did:plc:rlls5altdehpxxfsuub54ubj/app.bsky.feed.post/3mflbxbs7qs26,bafyreife7o6sxhu327g4nucjzponneef4uu6iom5kjfpst4ebss4ic276y,did:plc:rlls5altdehpxxfsuub54ubj,bleuintense.bsky.social,,
14b7e0b51dbf463887d2bc771009fde5,2026-02-24T04:00:00Z,2026-02-24T04:12:19Z,auth,auth_enUS_labelerexp,at://did:plc:ojisdwhv5b7tzitkipo3yx3f/app.bsky.feed.generator/aaao3rw3oxwku,suggested_labelerexp,7,at://did:plc:tcqceqt75n35f25an5jlwvbc/app.bsky.feed.post/3mflbxksdlgk2,bafyreigupjwl6dxi27puh4i4pgbkm4uppuja7ylvdd3spdy3yngn75j2d4,did:plc:tcqceqt75n35f25an5jlwvbc,kokurya.mastodon.social.ap.brid.gy,,
14b7e0b51dbf463887d2bc771009fde5,2026-02-24T04:00:00Z,2026-02-24T04:12:19Z,auth,auth_enUS_labelerexp,at://did:plc:ojisdwhv5b7tzitkipo3yx3f/app.bsky.feed.generator/aaao3rw3oxwku,suggested_labelerexp,8,at://did:plc:as6ahsqja4cpx4qi3tktqkjj/app.bsky.feed.post/3mflbvwxx4k2u,bafyreigr6wgikgu6zqr66jzpllbczxp5z5xvucd2xxzjvrknsmq6ldhexu,did:plc:as6ahsqja4cpx4qi3tktqkjj,egbeckwith.bsky.social,,
14b7e0b51dbf463887d2bc771009fde5,2026-02-24T04:00:00Z,2026-02-24T04:12:19Z,auth,auth_enUS_labelerexp,at://did:plc:ojisdwhv5b7tzitkipo3yx3f/app.bsky.feed.generator/aaao3rw3oxwku,suggested_labelerexp,9,at://did:plc:zxekoceinhfb65ng2s3x4vxs/app.bsky.feed.post/3mflbvjhq2s2j,bafyreiht6qqbxzmtzmcsdmyvercbumewxqdkrsxt4amhsf4eavzxdtgo6i,did:plc:zxekoceinhfb65ng2s3x4vxs,koichitrsm.bsky.social,,
14b7e0b51dbf463887d2bc771009fde5,2026-02-24T04:00:00Z,2026-02-24T04:12:19Z,auth,auth_enUS_labelerexp,at://did:plc:ojisdwhv5b7tzitkipo3yx3f/app.bsky.feed.generator/aaao3rw3oxwku,suggested_labelerexp,10,at://did:plc:7uljvgrbqd4islanhfefw7ke/app.bsky.feed.post/3mflbuw7jcs2m,bafyreihgjvqsj2lfwvq77og3wraujijyo7hezdhmjgv6rlhoxkot3saioe,did:plc:7uljvgrbqd4islanhfefw7ke,freddyb-aviation.bsky.social,,
14b7e0b51dbf463887d2bc771009fde5,2026-02-24T04:00:00Z,2026-02-24T04:12:19Z,auth,auth_enUS_labelerexp,at://did:plc:ojisdwhv5b7tzitkipo3yx3f/app.bsky.feed.generator/aaao3rw3oxwku,suggested_labelerexp,11,at://did:plc:i4azllkb2bnkgnkqybvcgb4w/app.bsky.feed.post/3mflbtzntz22k,bafyreicitsnmj5nozh3nfqrxxtiaofuuijbgfolvcoq6eubrcey6nlge7i,did:plc:i4azllkb2bnkgnkqybvcgb4w,phh5.bsky.social,,
14b7e0b51dbf463887d2bc771009fde5,2026-02-24T04:00:00Z,2026-02-24T04:12:19Z,auth,auth_enUS_labelerexp,at://did:plc:ojisdwhv5b7tzitkipo3yx3f/app.bsky.feed.generator/aaao3rw3oxwku,suggested_labelerexp,12,at://did:plc:rlls5altdehpxxfsuub54ubj/app.bsky.feed.post/3mflbtpnf4s26,bafyreib2x72xnj6njtb3dtsvxj7x6lzegbirig4t2km5voij47c57t6xci,did:plc:rlls5altdehpxxfsuub54ubj,bleuintense.bsky.social,,
14b7e0b51dbf463887d2bc771009fde5,2026-02-24T04:00:00Z,2026-02-24T04:12:19Z,auth,auth_enUS_labelerexp,at://did:plc:ojisdwhv5b7tzitkipo3yx3f/app.bsky.feed.generator/aaao3rw3oxwku,suggested_labelerexp,13,at://did:plc:ip24vxmeajvfhozkuokeeer4/app.bsky.feed.post/3mflbsvna7s2a,bafyreiaj7mjbevyx5r27a5z5fwa4ffdrdf24sy5qlms4bqws5cwsqjhfe4,did:plc:ip24vxmeajvfhozkuokeeer4,travnvx.bsky.social,,
14b7e0b51dbf463887d2bc771009fde5,2026-02-24T04:00:00Z,2026-02-24T04:12:19Z,auth,auth_enUS_labelerexp,at://did:plc:ojisdwhv5b7tzitkipo3yx3f/app.bsky.feed.generator/aaao3rw3oxwku,suggested_labelerexp,14,at://did:plc:as6ahsqja4cpx4qi3tktqkjj/app.bsky.feed.post/3mflbsqcr5c2u,bafyreie4yp3jhkhlypfruvacp5utecgdktlqcoojmutj2p5krvrrerzde4,did:plc:as6ahsqja4cpx4qi3tktqkjj,egbeckwith.bsky.social,,
14b7e0b51dbf463887d2bc771009fde5,2026-02-24T04:00:00Z,2026-02-24T04:12:19Z,auth,auth_enUS_labelerexp,at://did:plc:ojisdwhv5b7tzitkipo3yx3f/app.bsky.feed.generator/aaao3rw3oxwku,suggested_labelerexp,15,at://did:plc:hb5dmrq2iha2fvgiw3zenoxp/app.bsky.feed.post/3mflbr6grgw2h,bafyreicpuegpivr4dkoo7ci7ugbfw2dku6y4wlg3gjsao2teinfnshtdwy,did:plc:hb5dmrq2iha2fvgiw3zenoxp,southernminnesotaguy.com,,
14b7e0b51dbf463887d2bc771009fde5,2026-02-24T04:00:00Z,2026-02-24T04:12:19Z,auth,auth_enUS_labelerexp,at://did:plc:ojisdwhv5b7tzitkipo3yx3f/app.bsky.feed.generator/aaao3rw3oxwku,suggested_labelerexp,16,at://did:plc:ruprwqoyb7sqb4qv54mv7f7k/app.bsky.feed.post/3mflbr5recppu,bafyreiaxxig4jfjmi7mazgkxil2jti6ckq5mc3kr6g6v2ys7ywi73vv3wy,did:plc:ruprwqoyb7sqb4qv54mv7f7k,shuklinandrey.bsky.social,,
14b7e0b51dbf463887d2bc771009fde5,2026-02-24T04:00:00Z,2026-02-24T04:12:19Z,auth,auth_enUS_labelerexp,at://did:plc:ojisdwhv5b7tzitkipo3yx3f/app.bsky.feed.generator/aaao3rw3oxwku,suggested_labelerexp,17,at://did:plc:ruprwqoyb7sqb4qv54mv7f7k/app.bsky.feed.post/3mflbqbf5pkfq,bafyreih4zqqxhclhtqzk7af5gnnienlwkoqhkqvdvmnj6ixxucfl5elefy,did:plc:ruprwqoyb7sqb4qv54mv7f7k,shuklinandrey.bsky.social,,
14b7e0b51dbf463887d2bc771009fde5,2026-02-24T04:00:00Z,2026-02-24T04:12:19Z,auth,auth_enUS_labelerexp,at://did:plc:ojisdwhv5b7tzitkipo3yx3f/app.bsky.feed.generator/aaao3rw3oxwku,suggested_labelerexp,18,at://did:plc:mhac2om4etvkq7bw53ohoo2x/app.bsky.feed.post/3mflbqayjae2j,bafyreiay5jssvncmqzf5oxlufopy7pfyamauy5iywleihjkel4nht543su,did:plc:mhac2om4etvkq7bw53ohoo2x,framerart.bsky.social,,
14b7e0b51dbf463887d2bc771009fde5,2026-02-24T04:00:00Z,2026-02-24T04:12:19Z,auth,auth_enUS_labelerexp,at://did:plc:ojisdwhv5b7tzitkipo3yx3f/app.bsky.feed.generator/aaao3rw3oxwku,suggested_labelerexp,19,at://did:plc:nvposgi5l2si5dgts4ublqvl/app.bsky.feed.post/3mflbpzwf6k2l,bafyreid5vl2zvpviigrk4a3ckx6kdfei6v4ezi43wncq4y6hsmnwnhrmia,did:plc:nvposgi5l2si5dgts4ublqvl,oto2.bsky.social,,
14b7e0b51dbf463887d2bc771009fde5,2026-02-24T04:00:00Z,2026-02-24T04:12:19Z,auth,auth_enUS_labelerexp,at://did:plc:ojisdwhv5b7tzitkipo3yx3f/app.bsky.feed.generator/aaao3rw3oxwku,suggested_labelerexp,20,at://did:plc:kluugpp3hvugaznikyig5xbh/app.bsky.feed.post/3mflbpqbt5s24,bafyreia2ingjysx56baijdv22ixfilragjmj2rgi5uq34z4447ukuqpk6q,did:plc:kluugpp3hvugaznikyig5xbh,lorichirp.bsky.social,,
14b7e0b51dbf463887d2bc771009fde5,2026-02-24T04:00:00Z,2026-02-24T04:12:19Z,auth,auth_enUS_labelerexp,at://did:plc:ojisdwhv5b7tzitkipo3yx3f/app.bsky.feed.generator/aaao3rw3oxwku,suggested_labelerexp,21,at://did:plc:3obua6kob67xhyjngnkrzux4/app.bsky.feed.post/3mflbpequjc2w,bafyreidf7qt53cy7quzkba6qhqk3zterppqvfa765lqwdq3iktl7vn7t74,did:plc:3obua6kob67xhyjngnkrzux4,krista-joan-art.bsky.social,,
14b7e0b51dbf463887d2bc771009fde5,2026-02-24T04:00:00Z,2026-02-24T04:12:19Z,auth,auth_enUS_labelerexp,at://did:plc:ojisdwhv5b7tzitkipo3yx3f/app.bsky.feed.generator/aaao3rw3oxwku,suggested_labelerexp,22,at://did:plc:rlls5altdehpxxfsuub54ubj/app.bsky.feed.post/3mflblihl3c26,bafyreiffzniksafxntse2x43eqswwlgpctn7vzx5bnufrkuuolpbddopku,did:plc:rlls5altdehpxxfsuub54ubj,bleuintense.bsky.social,,
14b7e0b51dbf463887d2bc771009fde5,2026-02-24T04:00:00Z,2026-02-24T04:12:19Z,auth,auth_enUS_labelerexp,at://did:plc:ojisdwhv5b7tzitkipo3yx3f/app.bsky.feed.generator/aaao3rw3oxwku,suggested_labelerexp,23,at://did:plc:imv7bwvylm2hanhmsu3r3lin/app.bsky.feed.post/3mflbkjqtss25,bafyreibzsiorqf2lqenuci5f24ut5ed6qvkeqgz7y4bj2uwb3nzi4vqlm4,did:plc:imv7bwvylm2hanhmsu3r3lin,pressingstories.bsky.social,,
14b7e0b51dbf463887d2bc771009fde5,2026-02-24T04:00:00Z,2026-02-24T04:12:19Z,auth,auth_enUS_labelerexp,at://did:plc:ojisdwhv5b7tzitkipo3yx3f/app.bsky.feed.generator/aaao3rw3oxwku,suggested_labelerexp,24,at://did:plc:o74hljd445bbmz5n6gvv2non/app.bsky.feed.post/3mflbizop4c24,bafyreia6szsrdy45dtsodpfjfnovw5nyxu6pagpjudg7m6gblybzdw5g7m,did:plc:o74hljd445bbmz5n6gvv2non,glorijean.bsky.social,,
14b7e0b51dbf463887d2bc771009fde5,2026-02-24T04:00:00Z,2026-02-24T04:12:19Z,auth,auth_enUS_labelerexp,at://did:plc:ojisdwhv5b7tzitkipo3yx3f/app.bsky.feed.generator/aaao3rw3oxwku,suggested_labelerexp,25,at://did:plc:4db6amgegbxhflxyuliapzud/app.bsky.feed.post/3mflbipqiik27,bafyreie33q5p3puysmfexd4sgwqmaoskukl3nhmeineq4hjfp4uhgpo6n4,did:plc:4db6amgegbxhflxyuliapzud,vivivi7.bsky.social,,
14b7e0b51dbf463887d2bc771009fde5,2026-02-24T04:00:00Z,2026-02-24T04:12:19Z,auth,auth_enUS_labelerexp,at://did:plc:ojisdwhv5b7tzitkipo3yx3f/app.bsky.feed.generator/aaao3rw3oxwku,suggested_labelerexp,26,at://did:plc:adaess2ninamuhuhfyabsz7h/app.bsky.feed.post/3mflbinc66f72,bafyreid3e55aka4zwtes4kalfvrrfie4jrufytxmj3kaqnfrbxohn2izxy,did:plc:adaess2ninamuhuhfyabsz7h,whitejack.mastodon.social.ap.brid.gy,,
14b7e0b51dbf463887d2bc771009fde5,2026-02-24T04:00:00Z,2026-02-24T04:12:19Z,auth,auth_enUS_labelerexp,at://did:plc:ojisdwhv5b7tzitkipo3yx3f/app.bsky.feed.generator/aaao3rw3oxwku,suggested_labelerexp,27,at://did:plc:uqngf5bhhjgbii5syvs75swk/app.bsky.feed.post/3mflbi3gufs2w,bafyreihkd45u7r6cbu4aq3jaq4blp7inexkgz4ywitadv76snij554brpy,did:plc:uqngf5bhhjgbii5syvs75swk,seanmarier.bsky.social,,
14b7e0b51dbf463887d2bc771009fde5,2026-02-24T04:00:00Z,2026-02-24T04:12:19Z,auth,auth_enUS_labelerexp,at://did:plc:ojisdwhv5b7tzitkipo3yx3f/app.bsky.feed.generator/aaao3rw3oxwku,suggested_labelerexp,28,at://did:plc:22efjb6u4ngkabfxnxvzrp5p/app.bsky.feed.post/3mflbhpdhwc2j,bafyreiarcas2a7j2jxnbi2k4dlkridtcdn5e4asnl2dqhpd333xxes6mfe,did:plc:22efjb6u4ngkabfxnxvzrp5p,markrmeyer.bsky.social,,
14b7e0b51dbf463887d2bc771009fde5,2026-02-24T04:00:00Z,2026-02-24T04:12:19Z,auth,auth_enUS_labelerexp,at://did:plc:ojisdwhv5b7tzitkipo3yx3f/app.bsky.feed.generator/aaao3rw3oxwku,suggested_labelerexp,29,at://did:plc:zz75yatdauq45e3njdbn5ua5/app.bsky.feed.post/3mflbhkpcpk2v,bafyreidxeyumamhzpbdnsv54rmuvz2oha5iujbz2ro2u2wanoccwefncgi,did:plc:zz75yatdauq45e3njdbn5ua5,oseidwomohnotx.bsky.social,,
14b7e0b51dbf463887d2bc771009fde5,2026-02-24T04:00:00Z,2026-02-24T04:12:19Z,auth,auth_enUS_labelerexp,at://did:plc:ojisdwhv5b7tzitkipo3yx3f/app.bsky.feed.generator/aaao3rw3oxwku,suggested_labelerexp,30,at://did:plc:ptcdgegxl272cjghwwfasbyy/app.bsky.feed.post/3mflbhi3nme2h,bafyreidxc2fpzttgk3cdlpvexfstlez6eilhsx4ycrpocpvztx4aakkaya,did:plc:ptcdgegxl272cjghwwfasbyy,artlimited.net,,
14b7e0b51dbf463887d2bc771009fde5,2026-02-24T04:00:00Z,2026-02-24T04:12:19Z,auth,auth_enUS_labelerexp,at://did:plc:ojisdwhv5b7tzitkipo3yx3f/app.bsky.feed.generator/aaao3rw3oxwku,suggested_labelerexp,31,at://did:plc:cvol2hulctq4asvohnun6nus/app.bsky.feed.post/3mflbgcni5s2z,bafyreiet6bdwrnntux4ptgvzrptev6f4zwcgdsbpevoloztcis6xxnfh3u,did:plc:cvol2hulctq4asvohnun6nus,travertin.bsky.social,,
14b7e0b51dbf463887d2bc771009fde5,2026-02-24T04:00:00Z,2026-02-24T04:12:19Z,auth,auth_enUS_labelerexp,at://did:plc:ojisdwhv5b7tzitkipo3yx3f/app.bsky.feed.generator/aaao3rw3oxwku,suggested_labelerexp,32,at://did:plc:ndaqfzywmw433brdrt5cccee/app.bsky.feed.post/3mflbg2dfj226,bafyreictgv5xhhnnsurmtrkepiwihivoverg5gnmeo6d4z4y5yyavqf2x4,did:plc:ndaqfzywmw433brdrt5cccee,lajfun.bsky.social,,
14b7e0b51dbf463887d2bc771009fde5,2026-02-24T04:00:00Z,2026-02-24T04:12:19Z,auth,auth_enUS_labelerexp,at://did:plc:ojisdwhv5b7tzitkipo3yx3f/app.bsky.feed.generator/aaao3rw3oxwku,suggested_labelerexp,33,at://did:plc:cgoq6r7xnpfm2oh3s73ctla4/app.bsky.feed.post/3mflbfe5vfs2x,bafyreibzk3qqnluqsdszgghurq4s4nywohedfqub7pxp62ab44kcriq65u,did:plc:cgoq6r7xnpfm2oh3s73ctla4,slycooperstown.bsky.social,,
14b7e0b51dbf463887d2bc771009fde5,2026-02-24T04:00:00Z,2026-02-24T04:12:19Z,auth,auth_enUS_labelerexp,at://did:plc:ojisdwhv5b7tzitkipo3yx3f/app.bsky.feed.generator/aaao3rw3oxwku,suggested_labelerexp,34,at://did:plc:fnldr35iiyxgdsa6o4cpjy5n/app.bsky.feed.post/3mflbe5kpzc26,bafyreigjm27xsfoxvysreaj3ausud7uuv53tcqgvdzdct2iusxrryg5hjy,did:plc:fnldr35iiyxgdsa6o4cpjy5n,doctornurse.bsky.social,,
14b7e0b51dbf463887d2bc771009fde5,2026-02-24T04:00:00Z,2026-02-24T04:12:19Z,auth,auth_enUS_labelerexp,at://did:plc:ojisdwhv5b7tzitkipo3yx3f/app.bsky.feed.generator/aaao3rw3oxwku,suggested_labelerexp,35,at://did:plc:rreojyiszvylhd4emnu7iapc/app.bsky.feed.post/3mflbdnhdtc2s,bafyreiecjtwijeh2brwffrn33opntr24sipv2wqfllgd23szfxxzffxyhm,did:plc:rreojyiszvylhd4emnu7iapc,ruoksilas.bsky.social,,
14b7e0b51dbf463887d2bc771009fde5,2026-02-24T04:00:00Z,2026-02-24T04:12:19Z,auth,auth_enUS_labelerexp,at://did:plc:ojisdwhv5b7tzitkipo3yx3f/app.bsky.feed.generator/aaao3rw3oxwku,suggested_labelerexp,36,at://did:plc:drmvarkcddspjeylx2rung2q/app.bsky.feed.post/3mflb7ydcdc2p,bafyreigsgotif4tsk3plro7gywoh5fb2tclzo6qfgykpzb7yczj45pj46a,did:plc:drmvarkcddspjeylx2rung2q,bluesky.moe2.org,,
14b7e0b51dbf463887d2bc771009fde5,2026-02-24T04:00:00Z,2026-02-24T04:12:19Z,auth,auth_enUS_labelerexp,at://did:plc:ojisdwhv5b7tzitkipo3yx3f/app.bsky.feed.generator/aaao3rw3oxwku,suggested_labelerexp,37,at://did:plc:imv7bwvylm2hanhmsu3r3lin/app.bsky.feed.post/3mflb3m43j225,bafyreia7dzuyhqs2uag5ockdsgaxna6vvanvlsm5it3fyjmcd4jcdsm7x4,did:plc:imv7bwvylm2hanhmsu3r3lin,pressingstories.bsky.social,,
14b7e0b51dbf463887d2bc771009fde5,2026-02-24T04:00:00Z,2026-02-24T04:12:19Z,auth,auth_enUS_labelerexp,at://did:plc:ojisdwhv5b7tzitkipo3yx3f/app.bsky.feed.generator/aaao3rw3oxwku,suggested_labelerexp,38,at://did:plc:apvmt6yguw4czh3vwxjhuxho/app.bsky.feed.post/3mflb22yqck2q,bafyreidwslunbb5fgri3pnn5dzbmgnser7tbpvhqalkqzbhw2wl4iawqui,did:plc:apvmt6yguw4czh3vwxjhuxho,robertmojicahonig.bsky.social,,
14b7e0b51dbf463887d2bc771009fde5,2026-02-24T04:00:00Z,2026-02-24T04:12:19Z,auth,auth_enUS_labelerexp,at://did:plc:ojisdwhv5b7tzitkipo3yx3f/app.bsky.feed.generator/aaao3rw3oxwku,suggested_labelerexp,39,at://did:plc:apvmt6yguw4czh3vwxjhuxho/app.bsky.feed.post/3mflaypln522q,bafyreiejpebrcjetgi5gf4mdvnxrwnsqllfla6r46lmlrgb3tliwogfz74,did:plc:apvmt6yguw4czh3vwxjhuxho,robertmojicahonig.bsky.social,,
14b7e0b51dbf463887d2bc771009fde5,2026-02-24T04:00:00Z,2026-02-24T04:12:19Z,auth,auth_enUS_labelerexp,at://did:plc:ojisdwhv5b7tzitkipo3yx3f/app.bsky.feed.generator/aaao3rw3oxwku,suggested_labelerexp,40,at://did:plc:scckqcni3s2oj5ouphtng4nd/app.bsky.feed.post/3mflax3cdac2c,bafyreidhbttp3zg6xidlaky6r7f34b3z7xvojjg62j6lhstacoahsvdv7e,did:plc:scckqcni3s2oj5ouphtng4nd,martini8m.bsky.social,,
14b7e0b51dbf463887d2bc771009fde5,2026-02-24T04:00:00Z,2026-02-24T04:12:19Z,auth,auth_enUS_labelerexp,at://did:plc:ojisdwhv5b7tzitkipo3yx3f/app.bsky.feed.generator/aaao3rw3oxwku,suggested_labelerexp,41,at://did:plc:p6jli3irudcbrtu3atlwglz6/app.bsky.feed.post/3mflavtnjoc2a,bafyreiftji2hzpo5qfyhlu6pzdx35xwlas75dj3z3pyu7jjlwkphqdst3y,did:plc:p6jli3irudcbrtu3atlwglz6,mardawntin.bsky.social,,
14b7e0b51dbf463887d2bc771009fde5,2026-02-24T04:00:00Z,2026-02-24T04:12:19Z,auth,auth_enUS_labelerexp,at://did:plc:ojisdwhv5b7tzitkipo3yx3f/app.bsky.feed.generator/aaao3rw3oxwku,suggested_labelerexp,42,at://did:plc:mh7qrikulvp6vjzd3imatfc7/app.bsky.feed.post/3mflavdjxms2h,bafyreigsds4ms3vjwyzoa5txg7rmjryhjeobeor4xqrcrq6e357fkr7f5y,did:plc:mh7qrikulvp6vjzd3imatfc7,fuzyjoe.bsky.social,,
14b7e0b51dbf463887d2bc771009fde5,2026-02-24T04:00:00Z,2026-02-24T04:12:19Z,auth,auth_enUS_labelerexp,at://did:plc:ojisdwhv5b7tzitkipo3yx3f/app.bsky.feed.generator/aaao3rw3oxwku,suggested_labelerexp,43,at://did:plc:swwh3xexqtwrlyfns7ckd62z/app.bsky.feed.post/3mflauvspxk2f,bafyreian2gm4anm2fejhh6vw6wbdy4yi5udkz7ztzr4ikencx57dcwswpq,did:plc:swwh3xexqtwrlyfns7ckd62z,kxswanson.bsky.social,,
14b7e0b51dbf463887d2bc771009fde5,2026-02-24T04:00:00Z,2026-02-24T04:12:19Z,auth,auth_enUS_labelerexp,at://did:plc:ojisdwhv5b7tzitkipo3yx3f/app.bsky.feed.generator/aaao3rw3oxwku,suggested_labelerexp,44,at://did:plc:5nfidzpehq2filpwv53h7jzo/app.bsky.feed.post/3mflasuxyec23,bafyreihy2vqhmw3ozbwsjunh3ppzltjzh6kvjg5vphbf66netvu5xr66vm,did:plc:5nfidzpehq2filpwv53h7jzo,e2dutch.bsky.social,,
14b7e0b51dbf463887d2bc771009fde5,2026-02-24T04:00:00Z,2026-02-24T04:12:19Z,auth,auth_enUS_labelerexp,at://did:plc:ojisdwhv5b7tzitkipo3yx3f/app.bsky.feed.generator/aaao3rw3oxwku,suggested_labelerexp,45,at://did:plc:6dtanx5g7blpsrfwmmyxd5ox/app.bsky.feed.post/3mflaryzbis2e,bafyreidn6pmcgtwv4momii5mpzekghrtqprql5cjizwkvntrmy76beqb7y,did:plc:6dtanx5g7blpsrfwmmyxd5ox,sleepycoweyes.bsky.social,,
14b7e0b51dbf463887d2bc771009fde5,2026-02-24T04:00:00Z,2026-02-24T04:12:19Z,auth,auth_enUS_labelerexp,at://did:plc:ojisdwhv5b7tzitkipo3yx3f/app.bsky.feed.generator/aaao3rw3oxwku,suggested_labelerexp,46,at://did:plc:43bnnsmi6zpkohwdqzrugusa/app.bsky.feed.post/3mflarc5yri2e,bafyreidnlboxo4w6icleqhz5v6xvcbj6epehrvkbbq3bs7iqnneamufrbi,did:plc:43bnnsmi6zpkohwdqzrugusa,surferrule.bsky.social,,
14b7e0b51dbf463887d2bc771009fde5,2026-02-24T04:00:00Z,2026-02-24T04:12:19Z,auth,auth_enUS_labelerexp,at://did:plc:ojisdwhv5b7tzitkipo3yx3f/app.bsky.feed.generator/aaao3rw3oxwku,suggested_labelerexp,47,at://did:plc:d7dji4lyk744gd4uobfx4w3d/app.bsky.feed.post/3mflapm2ns22q,bafyreihwqhc7xu74vda5nxwm7vgyhquqf5jalfxnxg4qk6s5zi22mkhei4,did:plc:d7dji4lyk744gd4uobfx4w3d,samuraiglobal.bsky.social,,
14b7e0b51dbf463887d2bc771009fde5,2026-02-24T04:00:00Z,2026-02-24T04:12:19Z,auth,auth_enUS_labelerexp,at://did:plc:ojisdwhv5b7tzitkipo3yx3f/app.bsky.feed.generator/aaao3rw3oxwku,suggested_labelerexp,48,at://did:plc:rzkacs6cqbcghh5qcf5rz7jq/app.bsky.feed.post/3mflaoybf5c2h,bafyreifofkntjb7cliijod3bqvimr5cnheoiixgeouaksnjq4eh3xsqb4q,did:plc:rzkacs6cqbcghh5qcf5rz7jq,mknb.bsky.social,,
14b7e0b51dbf463887d2bc771009fde5,2026-02-24T04:00:00Z,2026-02-24T04:12:19Z,auth,auth_enUS_labelerexp,at://did:plc:ojisdwhv5b7tzitkipo3yx3f/app.bsky.feed.generator/aaao3rw3oxwku,suggested_labelerexp,49,at://did:plc:vg4zzavpnzsihn6zyud5zwja/app.bsky.feed.post/3mflaolomhs26,bafyreic4v2c4z6x3dps4uacdcuz3ocavpk4ktwabuxg2asayk5ngstmgsy,did:plc:vg4zzavpnzsihn6zyud5zwja,riveraphotography.bsky.social,,
14b7e0b51dbf463887d2bc771009fde5,2026-02-24T04:00:00Z,2026-02-24T04:12:19Z,auth,auth_enUS_labelerexp,at://did:plc:ojisdwhv5b7tzitkipo3yx3f/app.bsky.feed.generator/aaao3rw3oxwku,suggested_labelerexp,50,at://did:plc:kwaigaq65itizoa6t4ui6avu/app.bsky.feed.post/3mflanv6z4s2c,bafyreiep4jefqau5wm7qxa26s4umxgtskocr4e4yrjprbleucr2etvauka,did:plc:kwaigaq65itizoa6t4ui6avu,crpnd.bsky.social,,
14b7e0b51dbf463887d2bc771009fde5,2026-02-24T04:00:00Z,2026-02-24T04:12:24Z,auth,auth_enUS_labelerexp,at://did:plc:vjyot2w7zeomrslomwpfxirl/app.bsky.feed.generator/aaabucto6sdf6,suggested_labelerexp,1,at://did:plc:6hit5rjdbmlnscmuk4bbtmuc/app.bsky.feed.post/3k2qvqalifm22,bafyreig53k6lo5tfvtiwxtp65anbafvcu4wq7rt3bmb2r64ora6tf5mg34,did:plc:6hit5rjdbmlnscmuk4bbtmuc,rincewind.run,,
14b7e0b51dbf463887d2bc771009fde5,2026-02-24T04:00:00Z,2026-02-24T04:12:24Z,auth,auth_enUS_labelerexp,at://did:plc:vjyot2w7zeomrslomwpfxirl/app.bsky.feed.generator/aaabucto6sdf6,suggested_labelerexp,2,at://did:plc:lcnrh2plboj2yhzk6ndxc6dc/app.bsky.feed.post/3mflb2ifvpc27,bafyreiamnnq2oabj42rrc4rpf3zpnz66kdq6nbgxd5w4hocxcno2o46gay,did:plc:lcnrh2plboj2yhzk6ndxc6dc,amyuncut.bsky.social,,
14b7e0b51dbf463887d2bc771009fde5,2026-02-24T04:00:00Z,2026-02-24T04:12:24Z,auth,auth_enUS_labelerexp,at://did:plc:vjyot2w7zeomrslomwpfxirl/app.bsky.feed.generator/aaabucto6sdf6,suggested_labelerexp,3,at://did:plc:y4t2tq7y3gturso3eoboi6na/app.bsky.feed.post/3mflauodtgk2f,bafyreicx2ja4tj6triffnbl5xa7brjeb3u7rf7qqccaptps2ftzy4feizm,did:plc:y4t2tq7y3gturso3eoboi6na,bleutheshark.bsky.social,,
14b7e0b51dbf463887d2bc771009fde5,2026-02-24T04:00:00Z,2026-02-24T04:12:24Z,auth,auth_enUS_labelerexp,at://did:plc:vjyot2w7zeomrslomwpfxirl/app.bsky.feed.generator/aaabucto6sdf6,suggested_labelerexp,4,at://did:plc:okxarxzxonhmbsap572qpomb/app.bsky.feed.post/3mfl7j2udts2m,bafyreicv23s4rczcuafzpxrlq5rwpxmhdrilzn422ihgefijwm4xsfvhca,did:plc:okxarxzxonhmbsap572qpomb,ratherforky.bsky.social,,
14b7e0b51dbf463887d2bc771009fde5,2026-02-24T04:00:00Z,2026-02-24T04:12:24Z,auth,auth_enUS_labelerexp,at://did:plc:vjyot2w7zeomrslomwpfxirl/app.bsky.feed.generator/aaabucto6sdf6,suggested_labelerexp,5,at://did:plc:x3t7pj6l27ivjojfingom2hd/app.bsky.feed.post/3mfl5ciijjs24,bafyreifzdnbjkihqxwqata5bn5ogt2aajdoiekvtaujpelydomxdhw7hv4,did:plc:x3t7pj6l27ivjojfingom2hd,toddinsnellvegas.bsky.social,,
14b7e0b51dbf463887d2bc771009fde5,2026-02-24T04:00:00Z,2026-02-24T04:12:24Z,auth,auth_enUS_labelerexp,at://did:plc:vjyot2w7zeomrslomwpfxirl/app.bsky.feed.generator/aaabucto6sdf6,suggested_labelerexp,6,at://did:plc:7nujwilvpluklyxwgml55hy7/app.bsky.feed.post/3mfl4titkk22b,bafyreibomafosxnyma7y4fwlx6nvjtbh2nlpcsl3x4slsmrtncagwzavbm,did:plc:7nujwilvpluklyxwgml55hy7,cherryflavoredrhi.bsky.social,,
14b7e0b51dbf463887d2bc771009fde5,2026-02-24T04:00:00Z,2026-02-24T04:12:24Z,auth,auth_enUS_labelerexp,at://did:plc:vjyot2w7zeomrslomwpfxirl/app.bsky.feed.generator/aaabucto6sdf6,suggested_labelerexp,7,at://did:plc:ne5ub6pgzqoikjnn4uzi7jd3/app.bsky.feed.post/3mfl4cwvq5k2d,bafyreifu7g5f5iomvjufp6t7vxm2jh3xfovevyc62ivn6pdxmfom6yeomq,did:plc:ne5ub6pgzqoikjnn4uzi7jd3,sparrowgg.bsky.social,,
14b7e0b51dbf463887d2bc771009fde5,2026-02-24T04:00:00Z,2026-02-24T04:12:24Z,auth,auth_enUS_labelerexp,at://did:plc:vjyot2w7zeomrslomwpfxirl/app.bsky.feed.generator/aaabucto6sdf6,suggested_labelerexp,8,at://did:plc:e5q6wkgimzwnvwejuyjxgvyr/app.bsky.feed.post/3mfl43wt2ac2u,bafyreid5ufbwzofbuos7prmzr7sunwddyrlwaphksbei23b5uzk2k7hns4,did:plc:e5q6wkgimzwnvwejuyjxgvyr,sweetnawful.bsky.social,,
14b7e0b51dbf463887d2bc771009fde5,2026-02-24T04:00:00Z,2026-02-24T04:12:24Z,auth,auth_enUS_labelerexp,at://did:plc:vjyot2w7zeomrslomwpfxirl/app.bsky.feed.generator/aaabucto6sdf6,suggested_labelerexp,9,at://did:plc:mdf4pief7diqdaij42slvoyd/app.bsky.feed.post/3mfl2cmq2vs2d,bafyreifb5zjfgdt2iidluuoiee6hurhqv3y6qzyswwjbnt45jacooa72se,did:plc:mdf4pief7diqdaij42slvoyd,westegg.bsky.social,,
14b7e0b51dbf463887d2bc771009fde5,2026-02-24T04:00:00Z,2026-02-24T04:12:24Z,auth,auth_enUS_labelerexp,at://did:plc:vjyot2w7zeomrslomwpfxirl/app.bsky.feed.generator/aaabucto6sdf6,suggested_labelerexp,10,at://did:plc:f254pqaqvvzgd63bqjvkbef7/app.bsky.feed.post/3mfkwmvmrac2y,bafyreibmtreh6n5n3o7w357r7oylynsjr4stfcnjuxyz43bcjglc4iwrre,did:plc:f254pqaqvvzgd63bqjvkbef7,ragamuffin.bsky.social,,
14b7e0b51dbf463887d2bc771009fde5,2026-02-24T04:00:00Z,2026-02-24T04:12:24Z,auth,auth_enUS_labelerexp,at://did:plc:vjyot2w7zeomrslomwpfxirl/app.bsky.feed.generator/aaabucto6sdf6,suggested_labelerexp,11,at://did:plc:o6npvltcj7nb6ubxxs6suozb/app.bsky.feed.post/3mfkvqkuqk223,bafyreigg4frvebaoztvblv54ivnbkkptemucnkd5ehcpoiku7lyrircqhu,did:plc:o6npvltcj7nb6ubxxs6suozb,specktor.bsky.social,,
14b7e0b51dbf463887d2bc771009fde5,2026-02-24T04:00:00Z,2026-02-24T04:12:24Z,auth,auth_enUS_labelerexp,at://did:plc:vjyot2w7zeomrslomwpfxirl/app.bsky.feed.generator/aaabucto6sdf6,suggested_labelerexp,12,at://did:plc:zyutabalkzvw4rquvs25hf3q/app.bsky.feed.post/3mfkvjoe23k2x,bafyreihsu2oxs6ghap4ypacayepabid2d5v6z4i7murhxfonf67gd7vage,did:plc:zyutabalkzvw4rquvs25hf3q,windrake.bsky.social,,
14b7e0b51dbf463887d2bc771009fde5,2026-02-24T04:00:00Z,2026-02-24T04:12:24Z,auth,auth_enUS_labelerexp,at://did:plc:vjyot2w7zeomrslomwpfxirl/app.bsky.feed.generator/aaabucto6sdf6,suggested_labelerexp,13,at://did:plc:ircojvmjd7xljfzl67tfxzoz/app.bsky.feed.post/3mfkurinfps2s,bafyreiaopbhc7r3o2huiv7lyxse6tskhwcwejkcqn665qjznv2zl4c4fe4,did:plc:ircojvmjd7xljfzl67tfxzoz,calvinrestov.bsky.social,,
14b7e0b51dbf463887d2bc771009fde5,2026-02-24T04:00:00Z,2026-02-24T04:12:24Z,auth,auth_enUS_labelerexp,at://did:plc:vjyot2w7zeomrslomwpfxirl/app.bsky.feed.generator/aaabucto6sdf6,suggested_labelerexp,14,at://did:plc:vprbq2ibpeuvvb5bk3hwu7kk/app.bsky.feed.post/3mfkuamuzvk2r,bafyreihsoic2ly3fhcg2f4xe2uekzlu4ruoazxtdlk3t6x5sayh4oiaarm,did:plc:vprbq2ibpeuvvb5bk3hwu7kk,nerdictranslator.com,,
14b7e0b51dbf463887d2bc771009fde5,2026-02-24T04:00:00Z,2026-02-24T04:12:24Z,auth,auth_enUS_labelerexp,at://did:plc:vjyot2w7zeomrslomwpfxirl/app.bsky.feed.generator/aaabucto6sdf6,suggested_labelerexp,15,at://did:plc:zimgqqggpa7b4fpghzt7ohac/app.bsky.feed.post/3mfku45nyoc2i,bafyreif5mduxh7zt7w4ya5w6rlrlvq7bdvnrvae4vdzmrxnorz5rqdzku4,did:plc:zimgqqggpa7b4fpghzt7ohac,saintlovecraft.bsky.social,,
14b7e0b51dbf463887d2bc771009fde5,2026-02-24T04:00:00Z,2026-02-24T04:12:24Z,auth,auth_enUS_labelerexp,at://did:plc:vjyot2w7zeomrslomwpfxirl/app.bsky.feed.generator/aaabucto6sdf6,suggested_labelerexp,16,at://did:plc:m6iptwa55bnijh7uv74bzjrh/app.bsky.feed.post/3mfktpfcapc2i,bafyreibhddgxkyjk3pcriefwmucfvyxffieigxzucv54kifu4uqarifxhi,did:plc:m6iptwa55bnijh7uv74bzjrh,derekthepurple.bsky.social,,
14b7e0b51dbf463887d2bc771009fde5,2026-02-24T04:00:00Z,2026-02-24T04:12:24Z,auth,auth_enUS_labelerexp,at://did:plc:vjyot2w7zeomrslomwpfxirl/app.bsky.feed.generator/aaabucto6sdf6,suggested_labelerexp,17,at://did:plc:6hit5rjdbmlnscmuk4bbtmuc/app.bsky.feed.post/3mfktmjp5rs2z,bafyreihoc4j6tvsiule3gxfvxp5rzv3rltuvdvhq5ocb2zgxvykg6gajua,did:plc:6hit5rjdbmlnscmuk4bbtmuc,rincewind.run,,
14b7e0b51dbf463887d2bc771009fde5,2026-02-24T04:00:00Z,2026-02-24T04:12:24Z,auth,auth_enUS_labelerexp,at://did:plc:vjyot2w7zeomrslomwpfxirl/app.bsky.feed.generator/aaabucto6sdf6,suggested_labelerexp,18,at://did:plc:odq65e7wibxldyaqwe6ycv2v/app.bsky.feed.post/3mfksnhoqnc2j,bafyreiftizgoknhj5rhau2pjhhqqrfx4qxgv3nw4u4ze2w23xugsojlkoy,did:plc:odq65e7wibxldyaqwe6ycv2v,flutterkit.bsky.social,,
14b7e0b51dbf463887d2bc771009fde5,2026-02-24T04:00:00Z,2026-02-24T04:12:24Z,auth,auth_enUS_labelerexp,at://did:plc:vjyot2w7zeomrslomwpfxirl/app.bsky.feed.generator/aaabucto6sdf6,suggested_labelerexp,19,at://did:plc:3gmddi4rqvz5odxxd3wybc35/app.bsky.feed.post/3mfksirwk2k2l,bafyreifuawqdog2gupeiiaa42m6pw5dtvgkbpf22l472x55ygoatmudami,did:plc:3gmddi4rqvz5odxxd3wybc35,canalcryptid.bsky.social,,
14b7e0b51dbf463887d2bc771009fde5,2026-02-24T04:00:00Z,2026-02-24T04:12:24Z,auth,auth_enUS_labelerexp,at://did:plc:vjyot2w7zeomrslomwpfxirl/app.bsky.feed.generator/aaabucto6sdf6,suggested_labelerexp,20,at://did:plc:q6qtgvxn6incmdtf2hisy272/app.bsky.feed.post/3mfkrqoqev22x,bafyreihznfqq4c6ivwevwnhaysloy4iuajj4ycjwstscrmfgy6x3zl4g6i,did:plc:q6qtgvxn6incmdtf2hisy272,sweepsmccool.bsky.social,,
14b7e0b51dbf463887d2bc771009fde5,2026-02-24T04:00:00Z,2026-02-24T04:12:24Z,auth,auth_enUS_labelerexp,at://did:plc:vjyot2w7zeomrslomwpfxirl/app.bsky.feed.generator/aaabucto6sdf6,suggested_labelerexp,21,at://did:plc:fumw2rqmu2b6vzhalaptov3h/app.bsky.feed.post/3mfkqzgjpgv2l,bafyreibhctyanownlg4fbcszx7s6jwzddpgkxlmkqgaokuk23rnl6qe5rq,did:plc:fumw2rqmu2b6vzhalaptov3h,humblebundle.com,,
14b7e0b51dbf463887d2bc771009fde5,2026-02-24T04:00:00Z,2026-02-24T04:12:24Z,auth,auth_enUS_labelerexp,at://did:plc:vjyot2w7zeomrslomwpfxirl/app.bsky.feed.generator/aaabucto6sdf6,suggested_labelerexp,22,at://did:plc:iw6baony4smnjgraewtwtdd2/app.bsky.feed.post/3mfkqhrnlys2t,bafyreig3spqvtp5ljr5jwj7zxqwcx5miic62fi7aml65rbnyrwj5xnf5uu,did:plc:iw6baony4smnjgraewtwtdd2,simonm223.bsky.social,,
14b7e0b51dbf463887d2bc771009fde5,2026-02-24T04:00:00Z,2026-02-24T04:12:24Z,auth,auth_enUS_labelerexp,at://did:plc:vjyot2w7zeomrslomwpfxirl/app.bsky.feed.generator/aaabucto6sdf6,suggested_labelerexp,23,at://did:plc:jtir3tfw5lgp34t7akdbwgkl/app.bsky.feed.post/3mfkqgacgsc2m,bafyreifwpjoubuaiy7i3fio6qfzkjnf56h5f36ivlceqzxuwxtzkauv4xq,did:plc:jtir3tfw5lgp34t7akdbwgkl,kithrup.bsky.social,,
14b7e0b51dbf463887d2bc771009fde5,2026-02-24T04:00:00Z,2026-02-24T04:12:24Z,auth,auth_enUS_labelerexp,at://did:plc:vjyot2w7zeomrslomwpfxirl/app.bsky.feed.generator/aaabucto6sdf6,suggested_labelerexp,24,at://did:plc:7zljil2vaxzhd42wigi7hwhe/app.bsky.feed.post/3mfkp5zqhds2i,bafyreigjxtyjgaobcqu7sn643dadexegag57dwwaxcqc4c3lebt6vsrgrm,did:plc:7zljil2vaxzhd42wigi7hwhe,noonemuch.bsky.social,,
14b7e0b51dbf463887d2bc771009fde5,2026-02-24T04:00:00Z,2026-02-24T04:12:24Z,auth,auth_enUS_labelerexp,at://did:plc:vjyot2w7zeomrslomwpfxirl/app.bsky.feed.generator/aaabucto6sdf6,suggested_labelerexp,25,at://did:plc:6kt5l5qeqikvz3x2csklk2mf/app.bsky.feed.post/3mfko6ix7ds2m,bafyreid73eps673za4sztta4ukl44eq5hi3tqlyizuar4py5iafofuhvna,did:plc:6kt5l5qeqikvz3x2csklk2mf,tanukitsune-x3.bsky.social,,
14b7e0b51dbf463887d2bc771009fde5,2026-02-24T04:00:00Z,2026-02-24T04:12:24Z,auth,auth_enUS_labelerexp,at://did:plc:vjyot2w7zeomrslomwpfxirl/app.bsky.feed.generator/aaabucto6sdf6,suggested_labelerexp,26,at://did:plc:vhcpycrepu564u4bd6o2tfsy/app.bsky.feed.post/3mfknln367c2f,bafyreieui6wxvfz45okmp4fooblt7xbfg6sos46j6bxdrlmv4l5lrnqlzm,did:plc:vhcpycrepu564u4bd6o2tfsy,blumagaincurios.bsky.social,,
14b7e0b51dbf463887d2bc771009fde5,2026-02-24T04:00:00Z,2026-02-24T04:12:24Z,auth,auth_enUS_labelerexp,at://did:plc:vjyot2w7zeomrslomwpfxirl/app.bsky.feed.generator/aaabucto6sdf6,suggested_labelerexp,27,at://did:plc:ieej45xp7cknzklxr5ianmef/app.bsky.feed.post/3mfkngss3us2c,bafyreia6ep7wwnwkz4hwg3u2uyr7sojyaj6lz3hiitzxokizclbjb5hn44,did:plc:ieej45xp7cknzklxr5ianmef,maddambeltaine.bsky.social,,
14b7e0b51dbf463887d2bc771009fde5,2026-02-24T04:00:00Z,2026-02-24T04:12:24Z,auth,auth_enUS_labelerexp,at://did:plc:vjyot2w7zeomrslomwpfxirl/app.bsky.feed.generator/aaabucto6sdf6,suggested_labelerexp,28,at://did:plc:3zan6vgqnvkkjm7qgvq6pxku/app.bsky.feed.post/3mfkmvotihc2g,bafyreickibvdui7t5qv42omya4otskwv2737bago5yenk5y4mqftt3wvwe,did:plc:3zan6vgqnvkkjm7qgvq6pxku,stinaleicht.bsky.social,,
14b7e0b51dbf463887d2bc771009fde5,2026-02-24T04:00:00Z,2026-02-24T04:12:24Z,auth,auth_enUS_labelerexp,at://did:plc:vjyot2w7zeomrslomwpfxirl/app.bsky.feed.generator/aaabucto6sdf6,suggested_labelerexp,29,at://did:plc:w6usufe2rntiw54klr64pens/app.bsky.feed.post/3mfkm4cfivs2i,bafyreihoq5ml24ivpv64smrktiersdqfvif5blhy7vconl63yn4t5pdxiy,did:plc:w6usufe2rntiw54klr64pens,carnivorousmoogle.bsky.social,,
14b7e0b51dbf463887d2bc771009fde5,2026-02-24T04:00:00Z,2026-02-24T04:12:24Z,auth,auth_enUS_labelerexp,at://did:plc:vjyot2w7zeomrslomwpfxirl/app.bsky.feed.generator/aaabucto6sdf6,suggested_labelerexp,30,at://did:plc:d7nsedzqz2qad2wicj4l5d4e/app.bsky.feed.post/3mfklx3vvj22s,bafyreieiliqnewh7xxcxffah3cei2ucidb2v5wibu2bjscgbasizvp22xa,did:plc:d7nsedzqz2qad2wicj4l5d4e,boco-t.bsky.social,,
14b7e0b51dbf463887d2bc771009fde5,2026-02-24T04:00:00Z,2026-02-24T04:12:24Z,auth,auth_enUS_labelerexp,at://did:plc:vjyot2w7zeomrslomwpfxirl/app.bsky.feed.generator/aaabucto6sdf6,suggested_labelerexp,31,at://did:plc:n7wyjtucccm45nihwezfpava/app.bsky.feed.post/3mfklutpqpc2q,bafyreibasgrpsjjepaxdxdhgtb5tcsmzickgljkpwxn6smrhw53heqxxai,did:plc:n7wyjtucccm45nihwezfpava,racheltranslates.bsky.social,,
14b7e0b51dbf463887d2bc771009fde5,2026-02-24T04:00:00Z,2026-02-24T04:12:24Z,auth,auth_enUS_labelerexp,at://did:plc:vjyot2w7zeomrslomwpfxirl/app.bsky.feed.generator/aaabucto6sdf6,suggested_labelerexp,32,at://did:plc:zezuyoerz4pdwk57kojxtmhz/app.bsky.feed.post/3mfkldtlbic2j,bafyreibgyfofmssojpirbf4xrdvz575pzfauiarwotglstvcmoqeflkupi,did:plc:zezuyoerz4pdwk57kojxtmhz,skeiththeterror.bsky.social,,
14b7e0b51dbf463887d2bc771009fde5,2026-02-24T04:00:00Z,2026-02-24T04:12:24Z,auth,auth_enUS_labelerexp,at://did:plc:vjyot2w7zeomrslomwpfxirl/app.bsky.feed.generator/aaabucto6sdf6,suggested_labelerexp,33,at://did:plc:m3creh67r4kjeargrjgdxue6/app.bsky.feed.post/3mfkld7wjek2i,bafyreiec4vq7n2pl535vr22wmk4c5bdwqaeygjp24ll5pkyfbh5sx3l6du,did:plc:m3creh67r4kjeargrjgdxue6,patrick75l.bsky.social,,
14b7e0b51dbf463887d2bc771009fde5,2026-02-24T04:00:00Z,2026-02-24T04:12:24Z,auth,auth_enUS_labelerexp,at://did:plc:vjyot2w7zeomrslomwpfxirl/app.bsky.feed.generator/aaabucto6sdf6,suggested_labelerexp,34,at://did:plc:m3creh67r4kjeargrjgdxue6/app.bsky.feed.post/3mfkl66734c2i,bafyreig7zryh7icou3bxy4trrw6x7u6zip4trdc3tvoqpzgq6jdmlgn7n4,did:plc:m3creh67r4kjeargrjgdxue6,patrick75l.bsky.social,,
14b7e0b51dbf463887d2bc771009fde5,2026-02-24T04:00:00Z,2026-02-24T04:12:24Z,auth,auth_enUS_labelerexp,at://did:plc:vjyot2w7zeomrslomwpfxirl/app.bsky.feed.generator/aaabucto6sdf6,suggested_labelerexp,35,at://did:plc:q6uyhnomqxyxctwukdl3jtee/app.bsky.feed.post/3mfkl5zeguk2a,bafyreidynxgx3yap3nvc2csvn7rtpkltanbn2zsoygg3sfjwqijki5bs5y,did:plc:q6uyhnomqxyxctwukdl3jtee,macroben.bsky.social,,
14b7e0b51dbf463887d2bc771009fde5,2026-02-24T04:00:00Z,2026-02-24T04:12:24Z,auth,auth_enUS_labelerexp,at://did:plc:vjyot2w7zeomrslomwpfxirl/app.bsky.feed.generator/aaabucto6sdf6,suggested_labelerexp,36,at://did:plc:csa4jgccg2oemsdvuefgi3zq/app.bsky.feed.post/3mfkkp62wrc2u,bafyreib73ztfruofiqovoxrj52sgnfoaynhzo4e22fcb6bgnmwm5uqdopm,did:plc:csa4jgccg2oemsdvuefgi3zq,italapas.bsky.social,,
14b7e0b51dbf463887d2bc771009fde5,2026-02-24T04:00:00Z,2026-02-24T04:12:24Z,auth,auth_enUS_labelerexp,at://did:plc:vjyot2w7zeomrslomwpfxirl/app.bsky.feed.generator/aaabucto6sdf6,suggested_labelerexp,37,at://did:plc:w2zhy6kj7h7stkkrgu3yidss/app.bsky.feed.post/3mfkkggwwkc2d,bafyreie754is5p5d6ne7o4sszuffed625ofyyztpu6g24so2umpfm3uvqa,did:plc:w2zhy6kj7h7stkkrgu3yidss,bonesrambles.bsky.social,,
14b7e0b51dbf463887d2bc771009fde5,2026-02-24T04:00:00Z,2026-02-24T04:12:24Z,auth,auth_enUS_labelerexp,at://did:plc:vjyot2w7zeomrslomwpfxirl/app.bsky.feed.generator/aaabucto6sdf6,suggested_labelerexp,38,at://did:plc:rdachy3knsyfwset3pg66i53/app.bsky.feed.post/3mfkkdrkxp222,bafyreih2e3annzhq6xgwwvfkwrys5kungnrpddcu6t3jk6u5yu3carcw3q,did:plc:rdachy3knsyfwset3pg66i53,fifthivory.bsky.social,,
14b7e0b51dbf463887d2bc771009fde5,2026-02-24T04:00:00Z,2026-02-24T04:12:24Z,auth,auth_enUS_labelerexp,at://did:plc:vjyot2w7zeomrslomwpfxirl/app.bsky.feed.generator/aaabucto6sdf6,suggested_labelerexp,39,at://did:plc:evq25aj6fh3ak2ubrfx2gz6c/app.bsky.feed.post/3mfkjvumsm22k,bafyreifez34lwuvwhc5cimegy7mwfa6uyhckdjuxa5aru2hocnalcuwcyi,did:plc:evq25aj6fh3ak2ubrfx2gz6c,aiextravaganza.bsky.social,,
14b7e0b51dbf463887d2bc771009fde5,2026-02-24T04:00:00Z,2026-02-24T04:12:24Z,auth,auth_enUS_labelerexp,at://did:plc:vjyot2w7zeomrslomwpfxirl/app.bsky.feed.generator/aaabucto6sdf6,suggested_labelerexp,40,at://did:plc:snymojzemjav7sfkmohq7wed/app.bsky.feed.post/3mfkjvdvugs2z,bafyreiefhlfputl33y7ukzq5kr6qtuoubbtzjr6v3f4ja5fdhmpwagud7a,did:plc:snymojzemjav7sfkmohq7wed,brin.size.place,,
14b7e0b51dbf463887d2bc771009fde5,2026-02-24T04:00:00Z,2026-02-24T04:12:24Z,auth,auth_enUS_labelerexp,at://did:plc:vjyot2w7zeomrslomwpfxirl/app.bsky.feed.generator/aaabucto6sdf6,suggested_labelerexp,41,at://did:plc:thq7fye4rlokdcibjfsdifq7/app.bsky.feed.post/3mfkjb5pjfs2f,bafyreiesfetczb6wnjddxul4bsh5dxjvmquzbr7xy6xl73xp6bhudzoi4u,did:plc:thq7fye4rlokdcibjfsdifq7,allkins.bsky.social,,
14b7e0b51dbf463887d2bc771009fde5,2026-02-24T04:00:00Z,2026-02-24T04:12:24Z,auth,auth_enUS_labelerexp,at://did:plc:vjyot2w7zeomrslomwpfxirl/app.bsky.feed.generator/aaabucto6sdf6,suggested_labelerexp,42,at://did:plc:q244pe3ifdjhgp4vbhjx7cmq/app.bsky.feed.post/3mfkitimles2i,bafyreidt7h6y2nafmkqwnvqzyy4cjslwvdokkyqddl3g3gtpmeuduquiii,did:plc:q244pe3ifdjhgp4vbhjx7cmq,paulseesequasis.bsky.social,,
14b7e0b51dbf463887d2bc771009fde5,2026-02-24T04:00:00Z,2026-02-24T04:12:24Z,auth,auth_enUS_labelerexp,at://did:plc:vjyot2w7zeomrslomwpfxirl/app.bsky.feed.generator/aaabucto6sdf6,suggested_labelerexp,43,at://did:plc:3l7ku4kfniu3ej4fbvlqa3z7/app.bsky.feed.post/3mfkig4i2f22k,bafyreigckmnmqb7jyywmdczpfatg5x6edy3v6krw254z7p7ru4cnxbyobm,did:plc:3l7ku4kfniu3ej4fbvlqa3z7,donkeidick.bsky.social,,
14b7e0b51dbf463887d2bc771009fde5,2026-02-24T04:00:00Z,2026-02-24T04:12:24Z,auth,auth_enUS_labelerexp,at://did:plc:vjyot2w7zeomrslomwpfxirl/app.bsky.feed.generator/aaabucto6sdf6,suggested_labelerexp,44,at://did:plc:2x332vtgjtfeddr3ulktdxrs/app.bsky.feed.post/3mfkglpyaik2h,bafyreih3cf7rwmyxznwwiw57prqiyztxafsyvrhjiis55py7h635bwkzie,did:plc:2x332vtgjtfeddr3ulktdxrs,antonius007.bsky.social,,
14b7e0b51dbf463887d2bc771009fde5,2026-02-24T04:00:00Z,2026-02-24T04:12:24Z,auth,auth_enUS_labelerexp,at://did:plc:vjyot2w7zeomrslomwpfxirl/app.bsky.feed.generator/aaabucto6sdf6,suggested_labelerexp,45,at://did:plc:wnwfuk6rlvmbe6crex7ulmb2/app.bsky.feed.post/3mfkgl5qdwc27,bafyreial66vfyklc56dbmc5sb7aske533gtjlyyediha5tecoiaynwxna4,did:plc:wnwfuk6rlvmbe6crex7ulmb2,eisraeldavis.bsky.social,,
14b7e0b51dbf463887d2bc771009fde5,2026-02-24T04:00:00Z,2026-02-24T04:12:24Z,auth,auth_enUS_labelerexp,at://did:plc:vjyot2w7zeomrslomwpfxirl/app.bsky.feed.generator/aaabucto6sdf6,suggested_labelerexp,46,at://did:plc:qforf5may4252cdvr7te36tp/app.bsky.feed.post/3mfkfyxhb5227,bafyreihrmk6kdulnqpke5r5fyhjq4d6qjnl23mcywvzsqau7eotcokd4em,did:plc:qforf5may4252cdvr7te36tp,buddhaakame.bsky.social,,
14b7e0b51dbf463887d2bc771009fde5,2026-02-24T04:00:00Z,2026-02-24T04:12:24Z,auth,auth_enUS_labelerexp,at://did:plc:vjyot2w7zeomrslomwpfxirl/app.bsky.feed.generator/aaabucto6sdf6,suggested_labelerexp,47,at://did:plc:6hit5rjdbmlnscmuk4bbtmuc/app.bsky.feed.post/3mfkfdily7s2x,bafyreigfspnhqkgcvu2ej2logcd7gezj3dk2gyb3g2g35i2slf7k7y5dt4,did:plc:6hit5rjdbmlnscmuk4bbtmuc,rincewind.run,,
14b7e0b51dbf463887d2bc771009fde5,2026-02-24T04:00:00Z,2026-02-24T04:12:24Z,auth,auth_enUS_labelerexp,at://did:plc:vjyot2w7zeomrslomwpfxirl/app.bsky.feed.generator/aaabucto6sdf6,suggested_labelerexp,48,at://did:plc:xgmcleoj6rkzzjir3qxnanpn/app.bsky.feed.post/3mfkf6k5jdk2n,bafyreigipdr4gxaualdbkoxqcyzk37435ghaqyugfdwyqbofh6w4o657ze,did:plc:xgmcleoj6rkzzjir3qxnanpn,airbagmoments.bsky.social,,
14b7e0b51dbf463887d2bc771009fde5,2026-02-24T04:00:00Z,2026-02-24T04:12:24Z,auth,auth_enUS_labelerexp,at://did:plc:vjyot2w7zeomrslomwpfxirl/app.bsky.feed.generator/aaabucto6sdf6,suggested_labelerexp,49,at://did:plc:amamlcboteqqpy5qdnev5bc6/app.bsky.feed.post/3mfkf5a4jcc25,bafyreibiv4lam23pgayjqy6bqmykmyt57en66bpcbnuriwfbbhkxsmogh4,did:plc:amamlcboteqqpy5qdnev5bc6,vriccithode.bsky.social,,
14b7e0b51dbf463887d2bc771009fde5,2026-02-24T04:00:00Z,2026-02-24T04:12:24Z,auth,auth_enUS_labelerexp,at://did:plc:vjyot2w7zeomrslomwpfxirl/app.bsky.feed.generator/aaabucto6sdf6,suggested_labelerexp,50,at://did:plc:cmiyw62jxjyuwgf6yzubmdvd/app.bsky.feed.post/3mfkf3m7ylc2u,bafyreialwchedokf4s24233m4fzrpeghrgo4jzi5oenuseh7pjqcd3abue,did:plc:cmiyw62jxjyuwgf6yzubmdvd,reicheerde.bsky.social,,
14b7e0b51dbf463887d2bc771009fde5,2026-02-24T04:00:00Z,2026-02-24T04:12:29Z,auth,auth_enUS_labelerexp,at://did:plc:w4xbfzo7kqfes5zb7r6qv3rw/app.bsky.feed.generator/blacksky,suggested_labelerexp,1,at://did:plc:trpav6zs6p4epl4pvdgfrjh4/app.bsky.feed.post/3mflcgdj35c2d,bafyreigcdj67eh4oo3wno5ootxwofoabeby5fdd4i7nrk53nal5hm3vupm,did:plc:trpav6zs6p4epl4pvdgfrjh4,carnegro.bsky.social,,
14b7e0b51dbf463887d2bc771009fde5,2026-02-24T04:00:00Z,2026-02-24T04:12:29Z,auth,auth_enUS_labelerexp,at://did:plc:w4xbfzo7kqfes5zb7r6qv3rw/app.bsky.feed.generator/blacksky,suggested_labelerexp,2,at://did:plc:mulxmkkrr3ar7vfhiikzzy7q/app.bsky.feed.post/3mflcgd26lc22,bafyreibvxaqgckdoeuxo4wbbha2tf2jpyfuwkiasaq6srjq25yc5f5u5xq,did:plc:mulxmkkrr3ar7vfhiikzzy7q,loreoflexicon.bsky.social,,
14b7e0b51dbf463887d2bc771009fde5,2026-02-24T04:00:00Z,2026-02-24T04:12:29Z,auth,auth_enUS_labelerexp,at://did:plc:w4xbfzo7kqfes5zb7r6qv3rw/app.bsky.feed.generator/blacksky,suggested_labelerexp,3,at://did:plc:vqui3gmag2lsq45dm3yr5r33/app.bsky.feed.post/3mflcga3t2c2t,bafyreifzu32sbqnlinpwzdgkwspdjvko7xalra2vefn44nhvwx4ruadh3m,did:plc:vqui3gmag2lsq45dm3yr5r33,mzyogi7.blacksky.app,,
14b7e0b51dbf463887d2bc771009fde5,2026-02-24T04:00:00Z,2026-02-24T04:12:29Z,auth,auth_enUS_labelerexp,at://did:plc:w4xbfzo7kqfes5zb7r6qv3rw/app.bsky.feed.generator/blacksky,suggested_labelerexp,4,at://did:plc:26t2me6brgrdzuvb7drcoil5/app.bsky.feed.post/3mflcg37lzk2l,bafyreidmkiuntxm4ykjtjbys36boayp3mcf4aihjvy3grol4jvmxk7ttky,did:plc:26t2me6brgrdzuvb7drcoil5,blackapostate.blacksky.app,,
14b7e0b51dbf463887d2bc771009fde5,2026-02-24T04:00:00Z,2026-02-24T04:12:29Z,auth,auth_enUS_labelerexp,at://did:plc:w4xbfzo7kqfes5zb7r6qv3rw/app.bsky.feed.generator/blacksky,suggested_labelerexp,5,at://did:plc:acwwt6hitm2ll7xzwz6onpg6/app.bsky.feed.post/3mflcg2fwqc2e,bafyreibf4nlf4lgs4ajasi36nlwyyez3uh2xjkzokt54wdzolbbw37mo6e,did:plc:acwwt6hitm2ll7xzwz6onpg6,lfuller1117.bsky.social,,
14b7e0b51dbf463887d2bc771009fde5,2026-02-24T04:00:00Z,2026-02-24T04:12:29Z,auth,auth_enUS_labelerexp,at://did:plc:w4xbfzo7kqfes5zb7r6qv3rw/app.bsky.feed.generator/blacksky,suggested_labelerexp,6,at://did:plc:mynkwt5qwd3y3xg3eihfqpn5/app.bsky.feed.post/3mflcfynowk2u,bafyreig6l6sfl23itrupa5csxit4g75uczbjerhls4qz2xft3llbp3qwym,did:plc:mynkwt5qwd3y3xg3eihfqpn5,itsjust-j.bsky.social,,
14b7e0b51dbf463887d2bc771009fde5,2026-02-24T04:00:00Z,2026-02-24T04:12:29Z,auth,auth_enUS_labelerexp,at://did:plc:w4xbfzo7kqfes5zb7r6qv3rw/app.bsky.feed.generator/blacksky,suggested_labelerexp,7,at://did:plc:hapxr6a5xzrb52um6z45i3l5/app.bsky.feed.post/3mflcfut6z227,bafyreiem53nbce3rbj7ks762jcieownizlo6zhkqscolvcm5rn5lrtvwqy,did:plc:hapxr6a5xzrb52um6z45i3l5,iusuallydont.bsky.social,,
14b7e0b51dbf463887d2bc771009fde5,2026-02-24T04:00:00Z,2026-02-24T04:12:29Z,auth,auth_enUS_labelerexp,at://did:plc:w4xbfzo7kqfes5zb7r6qv3rw/app.bsky.feed.generator/blacksky,suggested_labelerexp,8,at://did:plc:7mjbn64fshkrr6fr5uzeqzrs/app.bsky.feed.post/3mflcfl47tk2n,bafyreifhjl5mkhdbsxlbfhkkm7yszfsocfazsevhm3b4vmkkivp2chbu2e,did:plc:7mjbn64fshkrr6fr5uzeqzrs,tranniehathaway.bsky.social,,
14b7e0b51dbf463887d2bc771009fde5,2026-02-24T04:00:00Z,2026-02-24T04:12:29Z,auth,auth_enUS_labelerexp,at://did:plc:w4xbfzo7kqfes5zb7r6qv3rw/app.bsky.feed.generator/blacksky,suggested_labelerexp,9,at://did:plc:hapxr6a5xzrb52um6z45i3l5/app.bsky.feed.post/3mflcfasj2k27,bafyreigqlwseajl7g2eyj634ouzoorrjjueqkccdwufeqdderqyhy6arsi,did:plc:hapxr6a5xzrb52um6z45i3l5,iusuallydont.bsky.social,,
14b7e0b51dbf463887d2bc771009fde5,2026-02-24T04:00:00Z,2026-02-24T04:12:29Z,auth,auth_enUS_labelerexp,at://did:plc:w4xbfzo7kqfes5zb7r6qv3rw/app.bsky.feed.generator/blacksky,suggested_labelerexp,10,at://did:plc:kriqkh4qvl3wekn5qag747vi/app.bsky.feed.post/3mflcf42fuk27,bafyreie75kh627uzpxrcxq6xiw3ge5p4kzxjmiql2paap62hdbjkqczcsq,did:plc:kriqkh4qvl3wekn5qag747vi,bipolarpisces35.blacksky.app,,
14b7e0b51dbf463887d2bc771009fde5,2026-02-24T04:00:00Z,2026-02-24T04:12:29Z,auth,auth_enUS_labelerexp,at://did:plc:w4xbfzo7kqfes5zb7r6qv3rw/app.bsky.feed.generator/blacksky,suggested_labelerexp,11,at://did:plc:gclyubi7n7pjxz5hi4jctqol/app.bsky.feed.post/3mflcf3pm6225,bafyreif4zdlhquukr7nbxq2dx32rroue4rezc5uvol7dfzw2a237gaho4a,did:plc:gclyubi7n7pjxz5hi4jctqol,tatispumati.bsky.social,,
14b7e0b51dbf463887d2bc771009fde5,2026-02-24T04:00:00Z,2026-02-24T04:12:29Z,auth,auth_enUS_labelerexp,at://did:plc:w4xbfzo7kqfes5zb7r6qv3rw/app.bsky.feed.generator/blacksky,suggested_labelerexp,12,at://did:plc:cvne4fdbpqyu6qced7whinxn/app.bsky.feed.post/3mflcethsr224,bafyreihb3u2sldveecoqge4jy76in7idmwtugnfcrmjmaue6s3mjk6h7lu,did:plc:cvne4fdbpqyu6qced7whinxn,chadstanton.blacksky.app,,
14b7e0b51dbf463887d2bc771009fde5,2026-02-24T04:00:00Z,2026-02-24T04:12:29Z,auth,auth_enUS_labelerexp,at://did:plc:w4xbfzo7kqfes5zb7r6qv3rw/app.bsky.feed.generator/blacksky,suggested_labelerexp,13,at://did:plc:eilnfoh7gk5rcuguvlubklwa/app.bsky.feed.post/3mflceqzwl22i,bafyreigbgxwt64v6ygokq7ftmn7sqrqses4ni2l7qg22r7h3epfhm6in4u,did:plc:eilnfoh7gk5rcuguvlubklwa,heyitscocoa.bsky.social,,
14b7e0b51dbf463887d2bc771009fde5,2026-02-24T04:00:00Z,2026-02-24T04:12:29Z,auth,auth_enUS_labelerexp,at://did:plc:w4xbfzo7kqfes5zb7r6qv3rw/app.bsky.feed.generator/blacksky,suggested_labelerexp,14,at://did:plc:feg3vkiuvs54g5a7xxkl4n5c/app.bsky.feed.post/3mflceedavk2i,bafyreifmbkaxk3yqlau7mi63ndj7yobk2wofksm4bdzk6kzyyi54lvf7vq,did:plc:feg3vkiuvs54g5a7xxkl4n5c,itssxjae.blacksky.app,,
14b7e0b51dbf463887d2bc771009fde5,2026-02-24T04:00:00Z,2026-02-24T04:12:29Z,auth,auth_enUS_labelerexp,at://did:plc:w4xbfzo7kqfes5zb7r6qv3rw/app.bsky.feed.generator/blacksky,suggested_labelerexp,15,at://did:plc:xe23hvx4s6mhbychis27mjpd/app.bsky.feed.post/3mflcedvsac2j,bafyreieh6s63i5jab7hoc3zgdtysmw3zw2dkr37qpr6zp24gzpi6deksga,did:plc:xe23hvx4s6mhbychis27mjpd,kmjeezy.bsky.social,,
14b7e0b51dbf463887d2bc771009fde5,2026-02-24T04:00:00Z,2026-02-24T04:12:29Z,auth,auth_enUS_labelerexp,at://did:plc:w4xbfzo7kqfes5zb7r6qv3rw/app.bsky.feed.generator/blacksky,suggested_labelerexp,16,at://did:plc:ly454vqckjqn2crmmqzmjeva/app.bsky.feed.post/3mflcecxx5s2u,bafyreigcuqimoal5vx7k2nxu2e34jqtaazcgzv6pk7qgvoylue4rcduei4,did:plc:ly454vqckjqn2crmmqzmjeva,theb3atskeet.blacksky.app,,
14b7e0b51dbf463887d2bc771009fde5,2026-02-24T04:00:00Z,2026-02-24T04:12:29Z,auth,auth_enUS_labelerexp,at://did:plc:w4xbfzo7kqfes5zb7r6qv3rw/app.bsky.feed.generator/blacksky,suggested_labelerexp,17,at://did:plc:3l6xjxyridfa7bj3wsramugy/app.bsky.feed.post/3mflcedrhks2x,bafyreidoaod6wxpykevyfcdjpoaj2ixe43jkthnpijg2k23ugtez4oxru4,did:plc:3l6xjxyridfa7bj3wsramugy,pleasantlytwstd.blacksky.app,,
14b7e0b51dbf463887d2bc771009fde5,2026-02-24T04:00:00Z,2026-02-24T04:12:29Z,auth,auth_enUS_labelerexp,at://did:plc:w4xbfzo7kqfes5zb7r6qv3rw/app.bsky.feed.generator/blacksky,suggested_labelerexp,18,at://did:plc:cqr46rnnoxhjw743lurj3rte/app.bsky.feed.post/3mflce6jnh22l,bafyreiberckyhjmrjbtbxk74cwammk6vyiginr4h7cjsc7cgvcwfgufxny,did:plc:cqr46rnnoxhjw743lurj3rte,ozmosiss.bsky.social,,
14b7e0b51dbf463887d2bc771009fde5,2026-02-24T04:00:00Z,2026-02-24T04:12:29Z,auth,auth_enUS_labelerexp,at://did:plc:w4xbfzo7kqfes5zb7r6qv3rw/app.bsky.feed.generator/blacksky,suggested_labelerexp,19,at://did:plc:rd7uo67tyvx56fg4crsgg23l/app.bsky.feed.post/3mflcdvrpgs2a,bafyreihs7lxtawjpf2v26d6bjx47j5xpbz3kjhpzcdtsr37pmxfyna43u4,did:plc:rd7uo67tyvx56fg4crsgg23l,marquetta.bsky.social,,
14b7e0b51dbf463887d2bc771009fde5,2026-02-24T04:00:00Z,2026-02-24T04:12:29Z,auth,auth_enUS_labelerexp,at://did:plc:w4xbfzo7kqfes5zb7r6qv3rw/app.bsky.feed.generator/blacksky,suggested_labelerexp,20,at://did:plc:hg4r2hqqwrjlhjnsvqifbs7v/app.bsky.feed.post/3mflcdvmjgc2t,bafyreicnhuopudiqdj7redx6f4xqxwoebzdmc6olps75u3j7epx3cwv5nq,did:plc:hg4r2hqqwrjlhjnsvqifbs7v,acloudinthesky.bsky.social,,
14b7e0b51dbf463887d2bc771009fde5,2026-02-24T04:00:00Z,2026-02-24T04:12:29Z,auth,auth_enUS_labelerexp,at://did:plc:w4xbfzo7kqfes5zb7r6qv3rw/app.bsky.feed.generator/blacksky,suggested_labelerexp,21,at://did:plc:6xwecxh3pzgzngyon3yrtra7/app.bsky.feed.post/3mflcdt73v22q,bafyreig6a6jndvhjadw5sz4egpk25iksfgaibyiis3ywttemibsddxgoei,did:plc:6xwecxh3pzgzngyon3yrtra7,neonflag.bsky.social,,
14b7e0b51dbf463887d2bc771009fde5,2026-02-24T04:00:00Z,2026-02-24T04:12:29Z,auth,auth_enUS_labelerexp,at://did:plc:w4xbfzo7kqfes5zb7r6qv3rw/app.bsky.feed.generator/blacksky,suggested_labelerexp,22,at://did:plc:z3bbwg5u2dv6zq62egvng4pj/app.bsky.feed.post/3mflcda5nwk2q,bafyreielatgjkasd7edfismravcrbdtvy4q4ky4nrhcduvxagwjuhlj3um,did:plc:z3bbwg5u2dv6zq62egvng4pj,wafflehausa.bsky.social,,
14b7e0b51dbf463887d2bc771009fde5,2026-02-24T04:00:00Z,2026-02-24T04:12:29Z,auth,auth_enUS_labelerexp,at://did:plc:w4xbfzo7kqfes5zb7r6qv3rw/app.bsky.feed.generator/blacksky,suggested_labelerexp,23,at://did:plc:64ulvxuttqxk4iyef253bg42/app.bsky.feed.post/3mflcd4cgl22s,bafyreib57uanrcuhttelndreolhsxe5i4tmrdu2v552f6o7gsxx6smu23m,did:plc:64ulvxuttqxk4iyef253bg42,blackgirl3000.bsky.social,,
14b7e0b51dbf463887d2bc771009fde5,2026-02-24T04:00:00Z,2026-02-24T04:12:29Z,auth,auth_enUS_labelerexp,at://did:plc:w4xbfzo7kqfes5zb7r6qv3rw/app.bsky.feed.generator/blacksky,suggested_labelerexp,24,at://did:plc:ouuw6jywrkwr2x3mtlbi6vxd/app.bsky.feed.post/3mflcd3heec27,bafyreicbvydjlufxqpu55nysp3hdeeyq4syyvst2ze6i3tciux3d5rhylm,did:plc:ouuw6jywrkwr2x3mtlbi6vxd,ondemanned216.bsky.social,,
14b7e0b51dbf463887d2bc771009fde5,2026-02-24T04:00:00Z,2026-02-24T04:12:29Z,auth,auth_enUS_labelerexp,at://did:plc:w4xbfzo7kqfes5zb7r6qv3rw/app.bsky.feed.generator/blacksky,suggested_labelerexp,25,at://did:plc:sbjdfmn6ttcskoxwrn2yc45f/app.bsky.feed.post/3mflccuho5s2c,bafyreifj3ubehgt2ba7ind7byy42imb6tntr7uofiisrv4iszirpsk3foi,did:plc:sbjdfmn6ttcskoxwrn2yc45f,ur-fav-syrup.bsky.social,,
14b7e0b51dbf463887d2bc771009fde5,2026-02-24T04:00:00Z,2026-02-24T04:12:29Z,auth,auth_enUS_labelerexp,at://did:plc:w4xbfzo7kqfes5zb7r6qv3rw/app.bsky.feed.generator/blacksky,suggested_labelerexp,26,at://did:plc:lh3sblgmdc7ucf6ilbvmao2m/app.bsky.feed.post/3mflccmpplk2w,bafyreifplavweupnr3g5z5sjvoqsjrpewb6qowp2ckw2bzxyhakphmct6e,did:plc:lh3sblgmdc7ucf6ilbvmao2m,mzdeedei.bsky.social,,
14b7e0b51dbf463887d2bc771009fde5,2026-02-24T04:00:00Z,2026-02-24T04:12:29Z,auth,auth_enUS_labelerexp,at://did:plc:w4xbfzo7kqfes5zb7r6qv3rw/app.bsky.feed.generator/blacksky,suggested_labelerexp,27,at://did:plc:hapxr6a5xzrb52um6z45i3l5/app.bsky.feed.post/3mflccip2fk27,bafyreibelocivrmepllzjwzmgpfoh5llwxdatw5c3xsbe7bmwuksgunrpa,did:plc:hapxr6a5xzrb52um6z45i3l5,iusuallydont.bsky.social,,
14b7e0b51dbf463887d2bc771009fde5,2026-02-24T04:00:00Z,2026-02-24T04:12:29Z,auth,auth_enUS_labelerexp,at://did:plc:w4xbfzo7kqfes5zb7r6qv3rw/app.bsky.feed.generator/blacksky,suggested_labelerexp,28,at://did:plc:qwqxs5sd2qm5gznhtkzcoijo/app.bsky.feed.post/3mflcchkhis2b,bafyreigdq5mnmgj7xr7g5cfbxhsf6mkzcdzynmxbxxvhk5uki72hv5l4be,did:plc:qwqxs5sd2qm5gznhtkzcoijo,lonababy.blacksky.app,,
14b7e0b51dbf463887d2bc771009fde5,2026-02-24T04:00:00Z,2026-02-24T04:12:29Z,auth,auth_enUS_labelerexp,at://did:plc:w4xbfzo7kqfes5zb7r6qv3rw/app.bsky.feed.generator/blacksky,suggested_labelerexp,29,at://did:plc:lydxxesjjmqdibq5xacb6smk/app.bsky.feed.post/3mflcbzs4ok2o,bafyreid5b26nspzbgfehny5slnptgze7u4b3c7tpqrclq5ewgfiu5qt5f4,did:plc:lydxxesjjmqdibq5xacb6smk,elementaleucology.com,,
14b7e0b51dbf463887d2bc771009fde5,2026-02-24T04:00:00Z,2026-02-24T04:12:29Z,auth,auth_enUS_labelerexp,at://did:plc:w4xbfzo7kqfes5zb7r6qv3rw/app.bsky.feed.generator/blacksky,suggested_labelerexp,30,at://did:plc:belsjyeugeapredzdqmjp2q2/app.bsky.feed.post/3mflcbya43s2m,bafyreicwiirhsmjba4wv6kywjpjxbzmh7gzslbdrxrboopkmfgduy25xre,did:plc:belsjyeugeapredzdqmjp2q2,tclarkusa.bsky.social,,
14b7e0b51dbf463887d2bc771009fde5,2026-02-24T04:00:00Z,2026-02-24T04:12:29Z,auth,auth_enUS_labelerexp,at://did:plc:w4xbfzo7kqfes5zb7r6qv3rw/app.bsky.feed.generator/blacksky,suggested_labelerexp,31,at://did:plc:53zduugwg5jkbcddzgkebway/app.bsky.feed.post/3mflcbvvzy222,bafyreigkikspxk4alrjsv3t6knrwt3mip4fuhsf7tyvwnsrrtj5wecvxtu,did:plc:53zduugwg5jkbcddzgkebway,darksharkk.blacksky.app,,
14b7e0b51dbf463887d2bc771009fde5,2026-02-24T04:00:00Z,2026-02-24T04:12:29Z,auth,auth_enUS_labelerexp,at://did:plc:w4xbfzo7kqfes5zb7r6qv3rw/app.bsky.feed.generator/blacksky,suggested_labelerexp,32,at://did:plc:trpav6zs6p4epl4pvdgfrjh4/app.bsky.feed.post/3mflcbop2es2d,bafyreibswicf2zxgdfjjltjg7txjcccd222pvp6e7u4zn374ngyyfdf7pq,did:plc:trpav6zs6p4epl4pvdgfrjh4,carnegro.bsky.social,,
14b7e0b51dbf463887d2bc771009fde5,2026-02-24T04:00:00Z,2026-02-24T04:12:29Z,auth,auth_enUS_labelerexp,at://did:plc:w4xbfzo7kqfes5zb7r6qv3rw/app.bsky.feed.generator/blacksky,suggested_labelerexp,33,at://did:plc:ozma3timm5c32fa7bimb4zaj/app.bsky.feed.post/3mflcbdrewc2b,bafyreib5aob2zzfevvzxn45hp2o36q7rimx72iyx7yughga7rkxv3umrcu,did:plc:ozma3timm5c32fa7bimb4zaj,bakerdphd.bsky.social,,
14b7e0b51dbf463887d2bc771009fde5,2026-02-24T04:00:00Z,2026-02-24T04:12:29Z,auth,auth_enUS_labelerexp,at://did:plc:w4xbfzo7kqfes5zb7r6qv3rw/app.bsky.feed.generator/blacksky,suggested_labelerexp,34,at://did:plc:3dso5wdcbem6ex2xygrn2tle/app.bsky.feed.post/3mflcbd3grk2a,bafyreidokdfm5wguruyy7wttgbpl5zbe3psfdesfqummjwpa6tnuxrclxm,did:plc:3dso5wdcbem6ex2xygrn2tle,immaculateice.bsky.social,,
14b7e0b51dbf463887d2bc771009fde5,2026-02-24T04:00:00Z,2026-02-24T04:12:29Z,auth,auth_enUS_labelerexp,at://did:plc:w4xbfzo7kqfes5zb7r6qv3rw/app.bsky.feed.generator/blacksky,suggested_labelerexp,35,at://did:plc:uclh33bhoczrqtebw3ipclf4/app.bsky.feed.post/3mflcbary6s22,bafyreigwwjyrv232kod6b5ultxzi5h2isk4egizk6eftg6fmr3r6wqcexm,did:plc:uclh33bhoczrqtebw3ipclf4,straore.com,,
14b7e0b51dbf463887d2bc771009fde5,2026-02-24T04:00:00Z,2026-02-24T04:12:29Z,auth,auth_enUS_labelerexp,at://did:plc:w4xbfzo7kqfes5zb7r6qv3rw/app.bsky.feed.generator/blacksky,suggested_labelerexp,36,at://did:plc:2yvljglawapznogfoezmxxmf/app.bsky.feed.post/3mflcbaowjs2u,bafyreihnjkvkiye4ltifpoebkbv5pbhn57njzl4kiuft7v2ivh2zygwcle,did:plc:2yvljglawapznogfoezmxxmf,oriondblack.bsky.social,,
14b7e0b51dbf463887d2bc771009fde5,2026-02-24T04:00:00Z,2026-02-24T04:12:29Z,auth,auth_enUS_labelerexp,at://did:plc:w4xbfzo7kqfes5zb7r6qv3rw/app.bsky.feed.generator/blacksky,suggested_labelerexp,37,at://did:plc:fgnhiov54tlpjtgbbamvh7tg/app.bsky.feed.post/3mflcb5m2hs2l,bafyreiga4c6fxkp7ti7h7gqgo5b3zoipyhzcyqlydddbu7tq5drq5jsake,did:plc:fgnhiov54tlpjtgbbamvh7tg,chelsisright.bsky.social,,
14b7e0b51dbf463887d2bc771009fde5,2026-02-24T04:00:00Z,2026-02-24T04:12:29Z,auth,auth_enUS_labelerexp,at://did:plc:w4xbfzo7kqfes5zb7r6qv3rw/app.bsky.feed.generator/blacksky,suggested_labelerexp,38,at://did:plc:fgzpbi5j4d7yua3zewwzy27g/app.bsky.feed.post/3mflcaifya224,bafyreid6ejzcjxxrz735jxmphdl6mqpchhqfyrlyxkue6fe6xcv33olhse,did:plc:fgzpbi5j4d7yua3zewwzy27g,iamwlaw.bsky.social,,
14b7e0b51dbf463887d2bc771009fde5,2026-02-24T04:00:00Z,2026-02-24T04:12:29Z,auth,auth_enUS_labelerexp,at://did:plc:w4xbfzo7kqfes5zb7r6qv3rw/app.bsky.feed.generator/blacksky,suggested_labelerexp,39,at://did:plc:pyzjfczadreagqxtpfn52ury/app.bsky.feed.post/3mflcahlgmk26,bafyreigfssiohuq27bnpbwi5jkelxgil7pqvcqmqyrzd4kmxk7goxtx33u,did:plc:pyzjfczadreagqxtpfn52ury,deraincollier.blacksky.app,,
14b7e0b51dbf463887d2bc771009fde5,2026-02-24T04:00:00Z,2026-02-24T04:12:29Z,auth,auth_enUS_labelerexp,at://did:plc:w4xbfzo7kqfes5zb7r6qv3rw/app.bsky.feed.generator/blacksky,suggested_labelerexp,40,at://did:plc:d7wwwi4bapfvhpni4pvlnpqq/app.bsky.feed.post/3mflcaftlj22d,bafyreiateuz4ua634y3xkolzhov5hqct4pva4etypgmsmydfsx66bxajeu,did:plc:d7wwwi4bapfvhpni4pvlnpqq,jackiebrownnow.bsky.social,,
14b7e0b51dbf463887d2bc771009fde5,2026-02-24T04:00:00Z,2026-02-24T04:12:29Z,auth,auth_enUS_labelerexp,at://did:plc:w4xbfzo7kqfes5zb7r6qv3rw/app.bsky.feed.generator/blacksky,suggested_labelerexp,41,at://did:plc:itllzm67jpmszypfplxbchtl/app.bsky.feed.post/3mflcacmqik2k,bafyreih6df4zqdjhg5svuknr6jgm6rdytbykvugatclcmcd7kpgynf6mka,did:plc:itllzm67jpmszypfplxbchtl,alyssafromcali.bsky.social,,
14b7e0b51dbf463887d2bc771009fde5,2026-02-24T04:00:00Z,2026-02-24T04:12:29Z,auth,auth_enUS_labelerexp,at://did:plc:w4xbfzo7kqfes5zb7r6qv3rw/app.bsky.feed.generator/blacksky,suggested_labelerexp,42,at://did:plc:fgnhiov54tlpjtgbbamvh7tg/app.bsky.feed.post/3mflc7wdboc2l,bafyreiakc7khzaooehnnzjwuy3nntvqefafuloog6k46llmkizmu2td3ja,did:plc:fgnhiov54tlpjtgbbamvh7tg,chelsisright.bsky.social,,
14b7e0b51dbf463887d2bc771009fde5,2026-02-24T04:00:00Z,2026-02-24T04:12:29Z,auth,auth_enUS_labelerexp,at://did:plc:w4xbfzo7kqfes5zb7r6qv3rw/app.bsky.feed.generator/blacksky,suggested_labelerexp,43,at://did:plc:mynkwt5qwd3y3xg3eihfqpn5/app.bsky.feed.post/3mflc7u2x7s2u,bafyreicykyiy4xk4otb4riojcoa3usk5kasx7nj6vmlre2jyzynshdwzbe,did:plc:mynkwt5qwd3y3xg3eihfqpn5,itsjust-j.bsky.social,,
14b7e0b51dbf463887d2bc771009fde5,2026-02-24T04:00:00Z,2026-02-24T04:12:29Z,auth,auth_enUS_labelerexp,at://did:plc:w4xbfzo7kqfes5zb7r6qv3rw/app.bsky.feed.generator/blacksky,suggested_labelerexp,44,at://did:plc:hg4r2hqqwrjlhjnsvqifbs7v/app.bsky.feed.post/3mflc7qojik2t,bafyreiawvmeksb723k2kc2ibwkspkg7flpxnee2wlm2sbnu3iem4ebzzdu,did:plc:hg4r2hqqwrjlhjnsvqifbs7v,acloudinthesky.bsky.social,,
14b7e0b51dbf463887d2bc771009fde5,2026-02-24T04:00:00Z,2026-02-24T04:12:29Z,auth,auth_enUS_labelerexp,at://did:plc:w4xbfzo7kqfes5zb7r6qv3rw/app.bsky.feed.generator/blacksky,suggested_labelerexp,45,at://did:plc:56khnxcakdnk4l23hprsxp2r/app.bsky.feed.post/3mflc7lshe22i,bafyreiahjfvwfpgvnv6tshdoeokz7ivtnzgjkhmjqlgmlzjpjwoa54lwjq,did:plc:56khnxcakdnk4l23hprsxp2r,cnesjay.bsky.social,,
14b7e0b51dbf463887d2bc771009fde5,2026-02-24T04:00:00Z,2026-02-24T04:12:29Z,auth,auth_enUS_labelerexp,at://did:plc:w4xbfzo7kqfes5zb7r6qv3rw/app.bsky.feed.generator/blacksky,suggested_labelerexp,46,at://did:plc:3froctrbpbpod52pzaq42wyk/app.bsky.feed.post/3mflc7k7jhs25,bafyreiarizjeq2k72pf4gu2fxje3z4mssgdukwcme5s6bzsguohgshxyau,did:plc:3froctrbpbpod52pzaq42wyk,livsexynj.blacksky.app,,
14b7e0b51dbf463887d2bc771009fde5,2026-02-24T04:00:00Z,2026-02-24T04:12:29Z,auth,auth_enUS_labelerexp,at://did:plc:w4xbfzo7kqfes5zb7r6qv3rw/app.bsky.feed.generator/blacksky,suggested_labelerexp,47,at://did:plc:zmbnkzrl4hpfahxtt24ykpdj/app.bsky.feed.post/3mflc7ig7ic24,bafyreidv5bgoeklqbr4acidb62nmrxzrxu4frds7yvs2kwquibrcfeoec4,did:plc:zmbnkzrl4hpfahxtt24ykpdj,deztiara.bsky.social,,
14b7e0b51dbf463887d2bc771009fde5,2026-02-24T04:00:00Z,2026-02-24T04:12:29Z,auth,auth_enUS_labelerexp,at://did:plc:w4xbfzo7kqfes5zb7r6qv3rw/app.bsky.feed.generator/blacksky,suggested_labelerexp,48,at://did:plc:4djtudsuwyy32opqpgvpc4tb/app.bsky.feed.post/3mflc7gi2a22e,bafyreigyblv5igwatfhhev3wmvuvcionxdss6xjc3jujpx5spalepsxqtq,did:plc:4djtudsuwyy32opqpgvpc4tb,msash-renee.bsky.social,,
14b7e0b51dbf463887d2bc771009fde5,2026-02-24T04:00:00Z,2026-02-24T04:12:29Z,auth,auth_enUS_labelerexp,at://did:plc:w4xbfzo7kqfes5zb7r6qv3rw/app.bsky.feed.generator/blacksky,suggested_labelerexp,49,at://did:plc:z2vmhf6ol25qcsmmpo7fmlwf/app.bsky.feed.post/3mflc7gcnlu25,bafyreifoqfiesvjcd7nsrcje2cscygqfo3q664br3ptmegpxuvk4zmmv64,did:plc:z2vmhf6ol25qcsmmpo7fmlwf,debbiecakes.blacksky.app,,
14b7e0b51dbf463887d2bc771009fde5,2026-02-24T04:00:00Z,2026-02-24T04:12:29Z,auth,auth_enUS_labelerexp,at://did:plc:w4xbfzo7kqfes5zb7r6qv3rw/app.bsky.feed.generator/blacksky,suggested_labelerexp,50,at://did:plc:hapxr6a5xzrb52um6z45i3l5/app.bsky.feed.post/3mflc75fhfk27,bafyreia5mbefkbpxqwe3utlrpnqs2mv2mvch4uitmmtctwnzk3k574b5ae,did:plc:hapxr6a5xzrb52um6z45i3l5,iusuallydont.bsky.social,,
14b7e0b51dbf463887d2bc771009fde5,2026-02-24T04:00:00Z,2026-02-24T04:12:31Z,auth,auth_enUS_labelerexp,at://did:plc:z72i7hdynmk6r22z27h6tvur/app.bsky.feed.generator/best-of-follows,suggested_labelerexp,1,at://did:plc:z72i7hdynmk6r22z27h6tvur/app.bsky.feed.post/3mfl45k3q6s2l,bafyreia3o227oth3caxgnl4jct4czzlg7dwjk2fgvs7x2gj5oqqyjqkhh4,did:plc:z72i7hdynmk6r22z27h6tvur,bsky.app,,
14b7e0b51dbf463887d2bc771009fde5,2026-02-24T04:00:00Z,2026-02-24T04:12:31Z,auth,auth_enUS_labelerexp,at://did:plc:z72i7hdynmk6r22z27h6tvur/app.bsky.feed.generator/best-of-follows,suggested_labelerexp,2,at://did:plc:z72i7hdynmk6r22z27h6tvur/app.bsky.feed.post/3mfkhetnvdk2p,bafyreigvolkagzyeapwfi753otqonvnwvrm5shmg73chstkvkle2ax5twi,did:plc:z72i7hdynmk6r22z27h6tvur,bsky.app,,
14b7e0b51dbf463887d2bc771009fde5,2026-02-24T04:00:00Z,2026-02-24T04:12:31Z,auth,auth_enUS_labelerexp,at://did:plc:z72i7hdynmk6r22z27h6tvur/app.bsky.feed.generator/best-of-follows,suggested_labelerexp,3,at://did:plc:z72i7hdynmk6r22z27h6tvur/app.bsky.feed.post/3mfl45k3q6s2l,bafyreia3o227oth3caxgnl4jct4czzlg7dwjk2fgvs7x2gj5oqqyjqkhh4,did:plc:z72i7hdynmk6r22z27h6tvur,bsky.app,,
14b7e0b51dbf463887d2bc771009fde5,2026-02-24T04:00:00Z,2026-02-24T04:12:31Z,auth,auth_enUS_labelerexp,at://did:plc:z72i7hdynmk6r22z27h6tvur/app.bsky.feed.generator/best-of-follows,suggested_labelerexp,4,at://did:plc:z72i7hdynmk6r22z27h6tvur/app.bsky.feed.post/3mfkhetnvdk2p,bafyreigvolkagzyeapwfi753otqonvnwvrm5shmg73chstkvkle2ax5twi,did:plc:z72i7hdynmk6r22z27h6tvur,bsky.app,,
