run_id,snapshot_hour_utc,captured_at_utc,viewer_mode,vantage_id,post_uri,post_cid,label_src,label_val,label_neg,label_uri,label_cts
14b7e0b51dbf463887d2bc771009fde5,2026-02-24T04:00:00Z,2026-02-24T04:12:06Z,auth,auth_enUS_labelerexp,at://did:plc:jipcqdf3d36yhk3dzvjbkh6y/app.bsky.feed.post/3mfkxtxmme22y,bafyreickzsoz5c4jcupksqpf22dcl2zbn6tcqtflcnoznmumvci5zqygpm,did:plc:jipcqdf3d36yhk3dzvjbkh6y,!no-unauthenticated,,at://did:plc:jipcqdf3d36yhk3dzvjbkh6y/app.bsky.actor.profile/self,1970-01-01T00:00:00.000Z
14b7e0b51dbf463887d2bc771009fde5,2026-02-24T04:00:00Z,2026-02-24T04:12:06Z,auth,auth_enUS_labelerexp,at://did:plc:an3a4vlhk7ykq35mp6upxb3p/app.bsky.feed.post/3mfkizhhq3k24,bafyreigqjzdiawqrtqzosceq6j26foxlk7luelwgfc6wrat3tgeejvxyt4,did:plc:an3a4vlhk7ykq35mp6upxb3p,!no-unauthenticated,,at://did:plc:an3a4vlhk7ykq35mp6upxb3p/app.bsky.actor.profile/self,1970-01-01T00:00:00.000Z
14b7e0b51dbf463887d2bc771009fde5,2026-02-24T04:00:00Z,2026-02-24T04:12:06Z,auth,auth_enUS_labelerexp,at://did:plc:ry3xvnk74hvxkfywwzfxrnuk/app.bsky.feed.post/3mfjq2e3cjk2r,bafyreicmux24n5v2wp27nkqttdrvfu77mxswzx4exa5ygb7dplo62kul6m,did:plc:uac6er53o2pvr5y2qmvaf7hw,meta-link,,at://did:plc:ry3xvnk74hvxkfywwzfxrnuk/app.bsky.feed.post/3mfjq2e3cjk2r,2026-02-23T13:11:07.755Z
14b7e0b51dbf463887d2bc771009fde5,2026-02-24T04:00:00Z,2026-02-24T04:12:06Z,auth,auth_enUS_labelerexp,at://did:plc:isilfykuihrx73bb66iwinak/app.bsky.feed.post/3mfjikqvrxc2j,bafyreidumxmbfnaj2gw6w5u3fbvrqc5kumfc3vavwmjqjyuulkmzsle4ri,did:plc:isilfykuihrx73bb66iwinak,!no-unauthenticated,,at://did:plc:isilfykuihrx73bb66iwinak/app.bsky.actor.profile/self,1970-01-01T00:00:00.000Z
14b7e0b51dbf463887d2bc771009fde5,2026-02-24T04:00:00Z,2026-02-24T04:12:07Z,auth,auth_enUS_labelerexp,at://did:plc:a2l2g2aayooutafqhhasdscs/app.bsky.feed.post/3mflcaqvipc2z,bafyreic2bh6xxzujleap4xw4p7q4yk2t4yaqaihiehxcxufs5kofelompq,did:plc:a2l2g2aayooutafqhhasdscs,!no-unauthenticated,,at://did:plc:a2l2g2aayooutafqhhasdscs/app.bsky.actor.profile/self,1970-01-01T00:00:00.000Z
14b7e0b51dbf463887d2bc771009fde5,2026-02-24T04:00:00Z,2026-02-24T04:12:07Z,auth,auth_enUS_labelerexp,at://did:plc:65iwwswpuem4shkniw22kpem/app.bsky.feed.post/3mflbwpeues2j,bafyreig5j57kijmrce3nuspxd7v4cnyln6gh2sjjz3qdzho4vhiqj7jt3a,did:plc:65iwwswpuem4shkniw22kpem,!no-unauthenticated,,at://did:plc:65iwwswpuem4shkniw22kpem/app.bsky.actor.profile/self,2024-12-22T16:10:39.081Z
14b7e0b51dbf463887d2bc771009fde5,2026-02-24T04:00:00Z,2026-02-24T04:12:07Z,auth,auth_enUS_labelerexp,at://did:plc:a6urpmm6e6l2cdercytzamqf/app.bsky.feed.post/3mflbt4g5ms2j,bafyreics6xicxgx7wtpgzhtpcqilzlhiwksrwnl7v3ulmjgsegjdayjn2q,did:plc:uac6er53o2pvr5y2qmvaf7hw,meta-link,,at://did:plc:a6urpmm6e6l2cdercytzamqf/app.bsky.feed.post/3mflbt4g5ms2j,2026-02-24T04:01:47.244Z
14b7e0b51dbf463887d2bc771009fde5,2026-02-24T04:00:00Z,2026-02-24T04:12:07Z,auth,auth_enUS_labelerexp,at://did:plc:wtpwmydqul7duhn2p2mzohqn/app.bsky.feed.post/3mflblvciik2p,bafyreicb6lzr2j6h6wffihlmviufizgee6nt5kpgzsqikvvekzfvbovyhq,did:plc:wtpwmydqul7duhn2p2mzohqn,!no-unauthenticated,,at://did:plc:wtpwmydqul7duhn2p2mzohqn/app.bsky.actor.profile/self,2024-10-20T03:38:59.598Z
14b7e0b51dbf463887d2bc771009fde5,2026-02-24T04:00:00Z,2026-02-24T04:12:07Z,auth,auth_enUS_labelerexp,at://did:plc:rudyyjfigok2vym2pdfmqql4/app.bsky.feed.post/3mflai4ciqs2x,bafyreicmnzn4pcubonrs53c6dzd5njmm2rjmlpvkrm47pbluxfbpx3lcfm,did:plc:rudyyjfigok2vym2pdfmqql4,!no-unauthenticated,,at://did:plc:rudyyjfigok2vym2pdfmqql4/app.bsky.actor.profile/self,1970-01-01T00:00:00.000Z
14b7e0b51dbf463887d2bc771009fde5,2026-02-24T04:00:00Z,2026-02-24T04:12:08Z,auth,auth_enUS_labelerexp,at://did:plc:vmoud74ae7f5ctkcm2vqiroz/app.bsky.feed.post/3mflbplwnzs2f,bafyreiguszwpp54vzqjnpptye7ewzwvccz65csd6yojtqr23v4y55kdooa,did:plc:l624mewisyr6hymexmrjkprc,l-justvtuber,,did:plc:vmoud74ae7f5ctkcm2vqiroz,2024-10-25T16:54:08.156Z
14b7e0b51dbf463887d2bc771009fde5,2026-02-24T04:00:00Z,2026-02-24T04:12:08Z,auth,auth_enUS_labelerexp,at://did:plc:vmoud74ae7f5ctkcm2vqiroz/app.bsky.feed.post/3mflbplwnzs2f,bafyreiguszwpp54vzqjnpptye7ewzwvccz65csd6yojtqr23v4y55kdooa,did:plc:l624mewisyr6hymexmrjkprc,streamer,,did:plc:vmoud74ae7f5ctkcm2vqiroz,2024-10-25T23:53:44.186Z
14b7e0b51dbf463887d2bc771009fde5,2026-02-24T04:00:00Z,2026-02-24T04:12:08Z,auth,auth_enUS_labelerexp,at://did:plc:vmoud74ae7f5ctkcm2vqiroz/app.bsky.feed.post/3mflbplwnzs2f,bafyreiguszwpp54vzqjnpptye7ewzwvccz65csd6yojtqr23v4y55kdooa,did:plc:l624mewisyr6hymexmrjkprc,vstreamer,,did:plc:vmoud74ae7f5ctkcm2vqiroz,2024-10-25T23:53:48.761Z
14b7e0b51dbf463887d2bc771009fde5,2026-02-24T04:00:00Z,2026-02-24T04:12:08Z,auth,auth_enUS_labelerexp,at://did:plc:vmoud74ae7f5ctkcm2vqiroz/app.bsky.feed.post/3mflbplwnzs2f,bafyreiguszwpp54vzqjnpptye7ewzwvccz65csd6yojtqr23v4y55kdooa,did:plc:vmoud74ae7f5ctkcm2vqiroz,!no-unauthenticated,,at://did:plc:vmoud74ae7f5ctkcm2vqiroz/app.bsky.actor.profile/self,1970-01-01T00:00:00.000Z
14b7e0b51dbf463887d2bc771009fde5,2026-02-24T04:00:00Z,2026-02-24T04:12:08Z,auth,auth_enUS_labelerexp,at://did:plc:ucxdvfbbqywbiensna4ooftf/app.bsky.feed.post/3mflbp2lfi22h,bafyreiacwy3vooynlbqwo65anam7z3m5md5ffwicefiwwzlrum5avitina,did:plc:uac6er53o2pvr5y2qmvaf7hw,x-link,,at://did:plc:ucxdvfbbqywbiensna4ooftf/app.bsky.feed.post/3mflbp2lfi22h,2026-02-24T03:59:36.811Z
14b7e0b51dbf463887d2bc771009fde5,2026-02-24T04:00:00Z,2026-02-24T04:12:08Z,auth,auth_enUS_labelerexp,at://did:plc:pyqcdzsphiz7zuxjynocclds/app.bsky.feed.post/3mflbozkduc2f,bafyreidicifxj4ohpg7tw634aehi5rzyskr3bkotcebtfdyazatwnr3luq,did:plc:l624mewisyr6hymexmrjkprc,l-justvtuber,,did:plc:pyqcdzsphiz7zuxjynocclds,2024-11-13T03:52:22.279Z
14b7e0b51dbf463887d2bc771009fde5,2026-02-24T04:00:00Z,2026-02-24T04:12:08Z,auth,auth_enUS_labelerexp,at://did:plc:pyqcdzsphiz7zuxjynocclds/app.bsky.feed.post/3mflbozkduc2f,bafyreidicifxj4ohpg7tw634aehi5rzyskr3bkotcebtfdyazatwnr3luq,did:plc:l624mewisyr6hymexmrjkprc,musician,,did:plc:pyqcdzsphiz7zuxjynocclds,2024-11-13T03:52:07.357Z
14b7e0b51dbf463887d2bc771009fde5,2026-02-24T04:00:00Z,2026-02-24T04:12:08Z,auth,auth_enUS_labelerexp,at://did:plc:pyqcdzsphiz7zuxjynocclds/app.bsky.feed.post/3mflbozkduc2f,bafyreidicifxj4ohpg7tw634aehi5rzyskr3bkotcebtfdyazatwnr3luq,did:plc:l624mewisyr6hymexmrjkprc,singer,,did:plc:pyqcdzsphiz7zuxjynocclds,2024-11-13T03:52:11.861Z
14b7e0b51dbf463887d2bc771009fde5,2026-02-24T04:00:00Z,2026-02-24T04:12:08Z,auth,auth_enUS_labelerexp,at://did:plc:pyqcdzsphiz7zuxjynocclds/app.bsky.feed.post/3mflbozkduc2f,bafyreidicifxj4ohpg7tw634aehi5rzyskr3bkotcebtfdyazatwnr3luq,did:plc:l624mewisyr6hymexmrjkprc,streamer,,did:plc:pyqcdzsphiz7zuxjynocclds,2024-11-13T03:52:12.167Z
14b7e0b51dbf463887d2bc771009fde5,2026-02-24T04:00:00Z,2026-02-24T04:12:08Z,auth,auth_enUS_labelerexp,at://did:plc:pyqcdzsphiz7zuxjynocclds/app.bsky.feed.post/3mflbozkduc2f,bafyreidicifxj4ohpg7tw634aehi5rzyskr3bkotcebtfdyazatwnr3luq,did:plc:l624mewisyr6hymexmrjkprc,vstreamer,,did:plc:pyqcdzsphiz7zuxjynocclds,2024-11-13T03:52:21.929Z
14b7e0b51dbf463887d2bc771009fde5,2026-02-24T04:00:00Z,2026-02-24T04:12:08Z,auth,auth_enUS_labelerexp,at://did:plc:pyqcdzsphiz7zuxjynocclds/app.bsky.feed.post/3mflbozkduc2f,bafyreidicifxj4ohpg7tw634aehi5rzyskr3bkotcebtfdyazatwnr3luq,did:plc:l624mewisyr6hymexmrjkprc,vtuber,,did:plc:pyqcdzsphiz7zuxjynocclds,2024-11-13T03:52:21.796Z
14b7e0b51dbf463887d2bc771009fde5,2026-02-24T04:00:00Z,2026-02-24T04:12:08Z,auth,auth_enUS_labelerexp,at://did:plc:pyqcdzsphiz7zuxjynocclds/app.bsky.feed.post/3mflbozkduc2f,bafyreidicifxj4ohpg7tw634aehi5rzyskr3bkotcebtfdyazatwnr3luq,did:plc:l624mewisyr6hymexmrjkprc,youtaite,,did:plc:pyqcdzsphiz7zuxjynocclds,2024-11-13T03:52:26.876Z
14b7e0b51dbf463887d2bc771009fde5,2026-02-24T04:00:00Z,2026-02-24T04:12:08Z,auth,auth_enUS_labelerexp,at://did:plc:5jkbjodwsdee2ozyb54ukxv6/app.bsky.feed.post/3mflbltnbek2d,bafyreiay5xlqkjgapgcakeayaclboib2e3c3h3mfnnkpuypcavd3pqnldi,did:plc:l624mewisyr6hymexmrjkprc,artistdesigner,,did:plc:5jkbjodwsdee2ozyb54ukxv6,2024-10-20T07:29:21.506Z
14b7e0b51dbf463887d2bc771009fde5,2026-02-24T04:00:00Z,2026-02-24T04:12:08Z,auth,auth_enUS_labelerexp,at://did:plc:5jkbjodwsdee2ozyb54ukxv6/app.bsky.feed.post/3mflbltnbek2d,bafyreiay5xlqkjgapgcakeayaclboib2e3c3h3mfnnkpuypcavd3pqnldi,did:plc:l624mewisyr6hymexmrjkprc,l-game-reviewer,,did:plc:5jkbjodwsdee2ozyb54ukxv6,2024-10-20T07:29:21.501Z
14b7e0b51dbf463887d2bc771009fde5,2026-02-24T04:00:00Z,2026-02-24T04:12:08Z,auth,auth_enUS_labelerexp,at://did:plc:5jkbjodwsdee2ozyb54ukxv6/app.bsky.feed.post/3mflbltnbek2d,bafyreiay5xlqkjgapgcakeayaclboib2e3c3h3mfnnkpuypcavd3pqnldi,did:plc:l624mewisyr6hymexmrjkprc,l-justvtuber,,did:plc:5jkbjodwsdee2ozyb54ukxv6,2024-10-20T07:29:31.453Z
14b7e0b51dbf463887d2bc771009fde5,2026-02-24T04:00:00Z,2026-02-24T04:12:08Z,auth,auth_enUS_labelerexp,at://did:plc:5jkbjodwsdee2ozyb54ukxv6/app.bsky.feed.post/3mflbltnbek2d,bafyreiay5xlqkjgapgcakeayaclboib2e3c3h3mfnnkpuypcavd3pqnldi,did:plc:l624mewisyr6hymexmrjkprc,label-educator,,did:plc:5jkbjodwsdee2ozyb54ukxv6,2024-10-20T07:29:21.513Z
14b7e0b51dbf463887d2bc771009fde5,2026-02-24T04:00:00Z,2026-02-24T04:12:08Z,auth,auth_enUS_labelerexp,at://did:plc:5jkbjodwsdee2ozyb54ukxv6/app.bsky.feed.post/3mflbltnbek2d,bafyreiay5xlqkjgapgcakeayaclboib2e3c3h3mfnnkpuypcavd3pqnldi,did:plc:l624mewisyr6hymexmrjkprc,streamer,,did:plc:5jkbjodwsdee2ozyb54ukxv6,2024-10-20T07:29:25.751Z
14b7e0b51dbf463887d2bc771009fde5,2026-02-24T04:00:00Z,2026-02-24T04:12:08Z,auth,auth_enUS_labelerexp,at://did:plc:5jkbjodwsdee2ozyb54ukxv6/app.bsky.feed.post/3mflbltnbek2d,bafyreiay5xlqkjgapgcakeayaclboib2e3c3h3mfnnkpuypcavd3pqnldi,did:plc:l624mewisyr6hymexmrjkprc,vstreamer,,did:plc:5jkbjodwsdee2ozyb54ukxv6,2024-10-20T07:29:31.459Z
14b7e0b51dbf463887d2bc771009fde5,2026-02-24T04:00:00Z,2026-02-24T04:12:08Z,auth,auth_enUS_labelerexp,at://did:plc:g53vhqd4sq666y62zoc5364r/app.bsky.feed.post/3mflbj3lx322r,bafyreihd4bxqfpanbf4bb7nfxodf3qwobkzar5uymqphtpvzc4dganniky,did:plc:l624mewisyr6hymexmrjkprc,artistdesigner,,did:plc:g53vhqd4sq666y62zoc5364r,2024-10-20T20:23:10.237Z
14b7e0b51dbf463887d2bc771009fde5,2026-02-24T04:00:00Z,2026-02-24T04:12:08Z,auth,auth_enUS_labelerexp,at://did:plc:zqlfhhqskmygte6cgi55lhdl/app.bsky.feed.post/3mflbekjrbc2v,bafyreiff3ivo7yidcmyb5uqfcdm6gyeykbh4qpgrvnjqbwcu35uw7hqsoa,did:plc:l624mewisyr6hymexmrjkprc,musician,,did:plc:zqlfhhqskmygte6cgi55lhdl,2024-10-25T08:35:00.526Z
14b7e0b51dbf463887d2bc771009fde5,2026-02-24T04:00:00Z,2026-02-24T04:12:08Z,auth,auth_enUS_labelerexp,at://did:plc:zqlfhhqskmygte6cgi55lhdl/app.bsky.feed.post/3mflbekjrbc2v,bafyreiff3ivo7yidcmyb5uqfcdm6gyeykbh4qpgrvnjqbwcu35uw7hqsoa,did:plc:l624mewisyr6hymexmrjkprc,vstreamer,,did:plc:zqlfhhqskmygte6cgi55lhdl,2024-10-25T08:33:10.378Z
14b7e0b51dbf463887d2bc771009fde5,2026-02-24T04:00:00Z,2026-02-24T04:12:08Z,auth,auth_enUS_labelerexp,at://did:plc:zqlfhhqskmygte6cgi55lhdl/app.bsky.feed.post/3mflbekjrbc2v,bafyreiff3ivo7yidcmyb5uqfcdm6gyeykbh4qpgrvnjqbwcu35uw7hqsoa,did:plc:l624mewisyr6hymexmrjkprc,vtuber,,did:plc:zqlfhhqskmygte6cgi55lhdl,2024-10-25T08:31:26.214Z
14b7e0b51dbf463887d2bc771009fde5,2026-02-24T04:00:00Z,2026-02-24T04:12:08Z,auth,auth_enUS_labelerexp,at://did:plc:chj4rlrapsy3bfllmz4y352h/app.bsky.feed.post/3mflbbgbn4c2h,bafyreiblxd7hgeovnbplp7jhtojf7xwjnqlrhlkqzevqwwa7nfi5gq4lyy,did:plc:chj4rlrapsy3bfllmz4y352h,!no-unauthenticated,,at://did:plc:chj4rlrapsy3bfllmz4y352h/app.bsky.actor.profile/self,2024-10-21T21:04:11.691Z
14b7e0b51dbf463887d2bc771009fde5,2026-02-24T04:00:00Z,2026-02-24T04:12:08Z,auth,auth_enUS_labelerexp,at://did:plc:ptv4hkumq7fxfuw7az3rjzn5/app.bsky.feed.post/3mflb7yet5s2a,bafyreihlmv4t356h4ol7t7d2mso4tcek4wlfjbh5qkmg5ci6ccye42rgma,did:plc:l624mewisyr6hymexmrjkprc,artistdesigner,,did:plc:ptv4hkumq7fxfuw7az3rjzn5,2024-10-22T00:13:50.203Z
14b7e0b51dbf463887d2bc771009fde5,2026-02-24T04:00:00Z,2026-02-24T04:12:08Z,auth,auth_enUS_labelerexp,at://did:plc:ptv4hkumq7fxfuw7az3rjzn5/app.bsky.feed.post/3mflb7yet5s2a,bafyreihlmv4t356h4ol7t7d2mso4tcek4wlfjbh5qkmg5ci6ccye42rgma,did:plc:l624mewisyr6hymexmrjkprc,l-justvtuber,,did:plc:ptv4hkumq7fxfuw7az3rjzn5,2024-10-22T00:13:36.523Z
14b7e0b51dbf463887d2bc771009fde5,2026-02-24T04:00:00Z,2026-02-24T04:12:08Z,auth,auth_enUS_labelerexp,at://did:plc:ptv4hkumq7fxfuw7az3rjzn5/app.bsky.feed.post/3mflb7yet5s2a,bafyreihlmv4t356h4ol7t7d2mso4tcek4wlfjbh5qkmg5ci6ccye42rgma,did:plc:l624mewisyr6hymexmrjkprc,l-threedimensional-artist,,did:plc:ptv4hkumq7fxfuw7az3rjzn5,2024-10-22T00:13:45.298Z
14b7e0b51dbf463887d2bc771009fde5,2026-02-24T04:00:00Z,2026-02-24T04:12:08Z,auth,auth_enUS_labelerexp,at://did:plc:vr3vpqftl6ab3autundpdgfy/app.bsky.feed.post/3mflb6le3nc2y,bafyreidlobzhy3xsbfonuviksyza2do4ehqthomcqw2d4rboooko5prbcy,did:plc:l624mewisyr6hymexmrjkprc,l-game-reviewer,,did:plc:vr3vpqftl6ab3autundpdgfy,2024-10-27T17:56:56.279Z
14b7e0b51dbf463887d2bc771009fde5,2026-02-24T04:00:00Z,2026-02-24T04:12:08Z,auth,auth_enUS_labelerexp,at://did:plc:vr3vpqftl6ab3autundpdgfy/app.bsky.feed.post/3mflb6le3nc2y,bafyreidlobzhy3xsbfonuviksyza2do4ehqthomcqw2d4rboooko5prbcy,did:plc:l624mewisyr6hymexmrjkprc,l-justvtuber,,did:plc:vr3vpqftl6ab3autundpdgfy,2024-10-22T03:59:06.028Z
14b7e0b51dbf463887d2bc771009fde5,2026-02-24T04:00:00Z,2026-02-24T04:12:08Z,auth,auth_enUS_labelerexp,at://did:plc:vr3vpqftl6ab3autundpdgfy/app.bsky.feed.post/3mflb6le3nc2y,bafyreidlobzhy3xsbfonuviksyza2do4ehqthomcqw2d4rboooko5prbcy,did:plc:l624mewisyr6hymexmrjkprc,l-videoeditor,,did:plc:vr3vpqftl6ab3autundpdgfy,2024-10-22T03:59:20.536Z
14b7e0b51dbf463887d2bc771009fde5,2026-02-24T04:00:00Z,2026-02-24T04:12:08Z,auth,auth_enUS_labelerexp,at://did:plc:vr3vpqftl6ab3autundpdgfy/app.bsky.feed.post/3mflb6le3nc2y,bafyreidlobzhy3xsbfonuviksyza2do4ehqthomcqw2d4rboooko5prbcy,did:plc:l624mewisyr6hymexmrjkprc,streamer,,did:plc:vr3vpqftl6ab3autundpdgfy,2024-10-22T03:59:00.535Z
14b7e0b51dbf463887d2bc771009fde5,2026-02-24T04:00:00Z,2026-02-24T04:12:08Z,auth,auth_enUS_labelerexp,at://did:plc:pl7xs6bib3tecwpaborngsxr/app.bsky.feed.post/3mflb5ubxjk2m,bafyreic2axzphljszd2u74uv4x7f3ib2reiahl46qxsrisdofdjgftdeie,did:plc:pl7xs6bib3tecwpaborngsxr,sexual,,at://did:plc:pl7xs6bib3tecwpaborngsxr/app.bsky.feed.post/3mflb5ubxjk2m,2026-02-24T03:49:52.278Z
14b7e0b51dbf463887d2bc771009fde5,2026-02-24T04:00:00Z,2026-02-24T04:12:08Z,auth,auth_enUS_labelerexp,at://did:plc:vr3vpqftl6ab3autundpdgfy/app.bsky.feed.post/3mflb3ujas22y,bafyreibmhbjtvcrggsaxt6jfjy5b275rcwgvay2hccjsofvdkbjie4ojoq,did:plc:l624mewisyr6hymexmrjkprc,l-game-reviewer,,did:plc:vr3vpqftl6ab3autundpdgfy,2024-10-27T17:56:56.279Z
14b7e0b51dbf463887d2bc771009fde5,2026-02-24T04:00:00Z,2026-02-24T04:12:08Z,auth,auth_enUS_labelerexp,at://did:plc:vr3vpqftl6ab3autundpdgfy/app.bsky.feed.post/3mflb3ujas22y,bafyreibmhbjtvcrggsaxt6jfjy5b275rcwgvay2hccjsofvdkbjie4ojoq,did:plc:l624mewisyr6hymexmrjkprc,l-justvtuber,,did:plc:vr3vpqftl6ab3autundpdgfy,2024-10-22T03:59:06.028Z
14b7e0b51dbf463887d2bc771009fde5,2026-02-24T04:00:00Z,2026-02-24T04:12:08Z,auth,auth_enUS_labelerexp,at://did:plc:vr3vpqftl6ab3autundpdgfy/app.bsky.feed.post/3mflb3ujas22y,bafyreibmhbjtvcrggsaxt6jfjy5b275rcwgvay2hccjsofvdkbjie4ojoq,did:plc:l624mewisyr6hymexmrjkprc,l-videoeditor,,did:plc:vr3vpqftl6ab3autundpdgfy,2024-10-22T03:59:20.536Z
14b7e0b51dbf463887d2bc771009fde5,2026-02-24T04:00:00Z,2026-02-24T04:12:08Z,auth,auth_enUS_labelerexp,at://did:plc:vr3vpqftl6ab3autundpdgfy/app.bsky.feed.post/3mflb3ujas22y,bafyreibmhbjtvcrggsaxt6jfjy5b275rcwgvay2hccjsofvdkbjie4ojoq,did:plc:l624mewisyr6hymexmrjkprc,streamer,,did:plc:vr3vpqftl6ab3autundpdgfy,2024-10-22T03:59:00.535Z
14b7e0b51dbf463887d2bc771009fde5,2026-02-24T04:00:00Z,2026-02-24T04:12:08Z,auth,auth_enUS_labelerexp,at://did:plc:2vtdql6xjzzsmjhqrgkuhgx5/app.bsky.feed.post/3mflaxdk5mk2e,bafyreigzsonbggz4jynbbirbgcxv2is2qalfdxmifibtphpfbnmlsczxz4,did:plc:2vtdql6xjzzsmjhqrgkuhgx5,!no-unauthenticated,,at://did:plc:2vtdql6xjzzsmjhqrgkuhgx5/app.bsky.actor.profile/self,2024-10-17T04:11:32.869Z
14b7e0b51dbf463887d2bc771009fde5,2026-02-24T04:00:00Z,2026-02-24T04:12:08Z,auth,auth_enUS_labelerexp,at://did:plc:okrpoiiqaudmxqajyimrkujb/app.bsky.feed.post/3mflarl2jm22s,bafyreiduopk7zwgbmqatax6okpim7judeh52bmkkzvixpghfrsoewzaohq,did:plc:okrpoiiqaudmxqajyimrkujb,!no-unauthenticated,,at://did:plc:okrpoiiqaudmxqajyimrkujb/app.bsky.actor.profile/self,1970-01-01T00:00:00.000Z
14b7e0b51dbf463887d2bc771009fde5,2026-02-24T04:00:00Z,2026-02-24T04:12:08Z,auth,auth_enUS_labelerexp,at://did:plc:kostr6vvyx325hltj6w7uni4/app.bsky.feed.post/3mflamiygjk2o,bafyreico46yftsasyos7touktmg7iyouqmgc2yfqkhifmel3fexxmo53qi,did:plc:kostr6vvyx325hltj6w7uni4,!no-unauthenticated,,at://did:plc:kostr6vvyx325hltj6w7uni4/app.bsky.actor.profile/self,1970-01-01T00:00:00.000Z
14b7e0b51dbf463887d2bc771009fde5,2026-02-24T04:00:00Z,2026-02-24T04:12:08Z,auth,auth_enUS_labelerexp,at://did:plc:3iwtd4pjbdao65wdc63o7lat/app.bsky.feed.post/3mflakyw7uk2b,bafyreicxnfjkib34c4iu6prjdygnhvx3iqmmwl4nojjw2aw5fju6gff2zu,did:plc:l624mewisyr6hymexmrjkprc,artistdesigner,,did:plc:3iwtd4pjbdao65wdc63o7lat,2024-11-15T04:26:18.270Z
14b7e0b51dbf463887d2bc771009fde5,2026-02-24T04:00:00Z,2026-02-24T04:12:08Z,auth,auth_enUS_labelerexp,at://did:plc:3iwtd4pjbdao65wdc63o7lat/app.bsky.feed.post/3mflakyw7uk2b,bafyreicxnfjkib34c4iu6prjdygnhvx3iqmmwl4nojjw2aw5fju6gff2zu,did:plc:l624mewisyr6hymexmrjkprc,l-justvtuber,,did:plc:3iwtd4pjbdao65wdc63o7lat,2024-11-15T04:26:27.626Z
14b7e0b51dbf463887d2bc771009fde5,2026-02-24T04:00:00Z,2026-02-24T04:12:08Z,auth,auth_enUS_labelerexp,at://did:plc:3iwtd4pjbdao65wdc63o7lat/app.bsky.feed.post/3mflakyw7uk2b,bafyreicxnfjkib34c4iu6prjdygnhvx3iqmmwl4nojjw2aw5fju6gff2zu,did:plc:l624mewisyr6hymexmrjkprc,streamer,,did:plc:3iwtd4pjbdao65wdc63o7lat,2024-11-15T04:26:23.115Z
14b7e0b51dbf463887d2bc771009fde5,2026-02-24T04:00:00Z,2026-02-24T04:12:08Z,auth,auth_enUS_labelerexp,at://did:plc:3iwtd4pjbdao65wdc63o7lat/app.bsky.feed.post/3mflakyw7uk2b,bafyreicxnfjkib34c4iu6prjdygnhvx3iqmmwl4nojjw2aw5fju6gff2zu,did:plc:l624mewisyr6hymexmrjkprc,writer,,did:plc:3iwtd4pjbdao65wdc63o7lat,2024-11-15T04:26:28.149Z
14b7e0b51dbf463887d2bc771009fde5,2026-02-24T04:00:00Z,2026-02-24T04:12:08Z,auth,auth_enUS_labelerexp,at://did:plc:3iwtd4pjbdao65wdc63o7lat/app.bsky.feed.post/3mflakyw7uk2b,bafyreicxnfjkib34c4iu6prjdygnhvx3iqmmwl4nojjw2aw5fju6gff2zu,did:plc:3iwtd4pjbdao65wdc63o7lat,!no-unauthenticated,,at://did:plc:3iwtd4pjbdao65wdc63o7lat/app.bsky.actor.profile/self,1970-01-01T00:00:00.000Z
14b7e0b51dbf463887d2bc771009fde5,2026-02-24T04:00:00Z,2026-02-24T04:12:08Z,auth,auth_enUS_labelerexp,at://did:plc:oqjkhy66i7k3gyclknm5nntm/app.bsky.feed.post/3mflajjw6xk22,bafyreifulopzq7lubpub7khxzrecp2b4hk6y7t2jyjm55fke2zvur747tm,did:plc:l624mewisyr6hymexmrjkprc,l-justvtuber,,did:plc:oqjkhy66i7k3gyclknm5nntm,2024-10-20T08:03:51.050Z
14b7e0b51dbf463887d2bc771009fde5,2026-02-24T04:00:00Z,2026-02-24T04:12:08Z,auth,auth_enUS_labelerexp,at://did:plc:oqjkhy66i7k3gyclknm5nntm/app.bsky.feed.post/3mflajjw6xk22,bafyreifulopzq7lubpub7khxzrecp2b4hk6y7t2jyjm55fke2zvur747tm,did:plc:l624mewisyr6hymexmrjkprc,label-educator,,did:plc:oqjkhy66i7k3gyclknm5nntm,2024-10-20T08:04:00.994Z
14b7e0b51dbf463887d2bc771009fde5,2026-02-24T04:00:00Z,2026-02-24T04:12:08Z,auth,auth_enUS_labelerexp,at://did:plc:oqjkhy66i7k3gyclknm5nntm/app.bsky.feed.post/3mflajjw6xk22,bafyreifulopzq7lubpub7khxzrecp2b4hk6y7t2jyjm55fke2zvur747tm,did:plc:l624mewisyr6hymexmrjkprc,streamer,,did:plc:oqjkhy66i7k3gyclknm5nntm,2024-10-20T08:03:46.618Z
14b7e0b51dbf463887d2bc771009fde5,2026-02-24T04:00:00Z,2026-02-24T04:12:08Z,auth,auth_enUS_labelerexp,at://did:plc:oqjkhy66i7k3gyclknm5nntm/app.bsky.feed.post/3mflajjw6xk22,bafyreifulopzq7lubpub7khxzrecp2b4hk6y7t2jyjm55fke2zvur747tm,did:plc:l624mewisyr6hymexmrjkprc,voiceactor,,did:plc:oqjkhy66i7k3gyclknm5nntm,2024-10-20T08:03:51.368Z
14b7e0b51dbf463887d2bc771009fde5,2026-02-24T04:00:00Z,2026-02-24T04:12:08Z,auth,auth_enUS_labelerexp,at://did:plc:oqjkhy66i7k3gyclknm5nntm/app.bsky.feed.post/3mflajjw6xk22,bafyreifulopzq7lubpub7khxzrecp2b4hk6y7t2jyjm55fke2zvur747tm,did:plc:l624mewisyr6hymexmrjkprc,writer,,did:plc:oqjkhy66i7k3gyclknm5nntm,2024-10-20T08:03:56.740Z
14b7e0b51dbf463887d2bc771009fde5,2026-02-24T04:00:00Z,2026-02-24T04:12:08Z,auth,auth_enUS_labelerexp,at://did:plc:skjok4xkbootc7f7krklq4tk/app.bsky.feed.post/3mflafz36a22m,bafyreicrzy57d43pjiqpzzqwdycfk3ozg4762z6ctsa2qqbfhfcpnoksxq,did:plc:skjok4xkbootc7f7krklq4tk,!no-unauthenticated,,at://did:plc:skjok4xkbootc7f7krklq4tk/app.bsky.actor.profile/self,2024-10-17T14:37:04.059Z
14b7e0b51dbf463887d2bc771009fde5,2026-02-24T04:00:00Z,2026-02-24T04:12:08Z,auth,auth_enUS_labelerexp,at://did:plc:tbadd326yuksxz6dajrt2vtc/app.bsky.feed.post/3mflaftqejt2t,bafyreiaii5twgvo5wbov6pcoc5csdccg5grvkerfdstvlougdlupag5qsu,did:plc:l624mewisyr6hymexmrjkprc,l-justvtuber,,did:plc:tbadd326yuksxz6dajrt2vtc,2024-10-20T17:15:48.953Z
14b7e0b51dbf463887d2bc771009fde5,2026-02-24T04:00:00Z,2026-02-24T04:12:08Z,auth,auth_enUS_labelerexp,at://did:plc:tbadd326yuksxz6dajrt2vtc/app.bsky.feed.post/3mflaftqejt2t,bafyreiaii5twgvo5wbov6pcoc5csdccg5grvkerfdstvlougdlupag5qsu,did:plc:l624mewisyr6hymexmrjkprc,singer,,did:plc:tbadd326yuksxz6dajrt2vtc,2024-10-20T17:12:33.235Z
14b7e0b51dbf463887d2bc771009fde5,2026-02-24T04:00:00Z,2026-02-24T04:12:08Z,auth,auth_enUS_labelerexp,at://did:plc:tbadd326yuksxz6dajrt2vtc/app.bsky.feed.post/3mflaftqejt2t,bafyreiaii5twgvo5wbov6pcoc5csdccg5grvkerfdstvlougdlupag5qsu,did:plc:l624mewisyr6hymexmrjkprc,vstreamer,,did:plc:tbadd326yuksxz6dajrt2vtc,2024-10-20T17:12:38.353Z
14b7e0b51dbf463887d2bc771009fde5,2026-02-24T04:00:00Z,2026-02-24T04:12:08Z,auth,auth_enUS_labelerexp,at://did:plc:tbadd326yuksxz6dajrt2vtc/app.bsky.feed.post/3mflaftqejt2t,bafyreiaii5twgvo5wbov6pcoc5csdccg5grvkerfdstvlougdlupag5qsu,did:plc:l624mewisyr6hymexmrjkprc,vtuber,,did:plc:tbadd326yuksxz6dajrt2vtc,2024-10-20T17:12:38.247Z
14b7e0b51dbf463887d2bc771009fde5,2026-02-24T04:00:00Z,2026-02-24T04:12:09Z,auth,auth_enUS_labelerexp,at://did:plc:zicfhoxikjaqdrdecx3dieml/app.bsky.feed.post/3mflb5hltkdb2,bafyreia65y2g6mlhspqcuhysusujypuzinv6vgqb4kaq6cndc747zlzljy,did:plc:zicfhoxikjaqdrdecx3dieml,bridged-from-bridgy-fed-activitypub,,at://did:plc:zicfhoxikjaqdrdecx3dieml/app.bsky.actor.profile/self,1970-01-01T00:00:00.000Z
14b7e0b51dbf463887d2bc771009fde5,2026-02-24T04:00:00Z,2026-02-24T04:12:09Z,auth,auth_enUS_labelerexp,at://did:plc:hzjcio4lli5xqtksag2sncdx/app.bsky.feed.post/3mflb3zdegk2o,bafyreigprkwodsox7qnk56fqd2fp2gxgmpqvcwbra7cwvrore2qzxddpye,did:plc:hzjcio4lli5xqtksag2sncdx,!no-unauthenticated,,at://did:plc:hzjcio4lli5xqtksag2sncdx/app.bsky.actor.profile/self,2025-06-22T04:02:05.234Z
14b7e0b51dbf463887d2bc771009fde5,2026-02-24T04:00:00Z,2026-02-24T04:12:09Z,auth,auth_enUS_labelerexp,at://did:plc:hzjcio4lli5xqtksag2sncdx/app.bsky.feed.post/3mflatjv6gc2o,bafyreiavxxb7qtq5qjpdt7fy46btxcw2le6odtwekjlk5zl6xzv37v45x4,did:plc:hzjcio4lli5xqtksag2sncdx,!no-unauthenticated,,at://did:plc:hzjcio4lli5xqtksag2sncdx/app.bsky.actor.profile/self,2025-06-22T04:02:05.234Z
14b7e0b51dbf463887d2bc771009fde5,2026-02-24T04:00:00Z,2026-02-24T04:12:09Z,auth,auth_enUS_labelerexp,at://did:plc:sxbbdelp7nca2anp3dgtut7q/app.bsky.feed.post/3mfl7awwxdok2,bafyreifuudxxoc72s45lokxbvcy4d4gw3a4na2joxszhh5bccgvos5dsaa,did:plc:sxbbdelp7nca2anp3dgtut7q,bridged-from-bridgy-fed-activitypub,,at://did:plc:sxbbdelp7nca2anp3dgtut7q/app.bsky.actor.profile/self,1970-01-01T00:00:00.000Z
14b7e0b51dbf463887d2bc771009fde5,2026-02-24T04:00:00Z,2026-02-24T04:12:10Z,auth,auth_enUS_labelerexp,at://did:plc:oz2tkm7k2ni5vh6dy4p3u33u/app.bsky.feed.post/3mfkbxfo3y22a,bafyreibp7sezef4qhfdwfry4zfjtv75uoo3m4auvlb6ukn4oouu54qthui,did:plc:oz2tkm7k2ni5vh6dy4p3u33u,!no-unauthenticated,,at://did:plc:oz2tkm7k2ni5vh6dy4p3u33u/app.bsky.actor.profile/self,1970-01-01T00:00:00.000Z
14b7e0b51dbf463887d2bc771009fde5,2026-02-24T04:00:00Z,2026-02-24T04:12:10Z,auth,auth_enUS_labelerexp,at://did:plc:lzwflbs7ahbl5cipnhlcsdsp/app.bsky.feed.post/3mfiph6ghy224,bafyreievc7lwvxwohcnkdq3qq2duzzmejda6fhsnnxuykkpbu2chvf25ja,did:plc:lzwflbs7ahbl5cipnhlcsdsp,!no-unauthenticated,,at://did:plc:lzwflbs7ahbl5cipnhlcsdsp/app.bsky.actor.profile/self,1970-01-01T00:00:00.000Z
14b7e0b51dbf463887d2bc771009fde5,2026-02-24T04:00:00Z,2026-02-24T04:12:10Z,auth,auth_enUS_labelerexp,at://did:plc:oz2tkm7k2ni5vh6dy4p3u33u/app.bsky.feed.post/3mfhsrjpkas26,bafyreidu7jbbtzypyar6v545iilor3bjzxt6epsgaei4h5uhjftjbgaida,did:plc:oz2tkm7k2ni5vh6dy4p3u33u,!no-unauthenticated,,at://did:plc:oz2tkm7k2ni5vh6dy4p3u33u/app.bsky.actor.profile/self,1970-01-01T00:00:00.000Z
14b7e0b51dbf463887d2bc771009fde5,2026-02-24T04:00:00Z,2026-02-24T04:12:10Z,auth,auth_enUS_labelerexp,at://did:plc:said43x7t43of6aktvzczwg2/app.bsky.feed.post/3mfhsbmnrs22r,bafyreidsjzikcisgjrsqkfm5uwd3h7usx5w5czsjkrl26zoari5aopgfuy,did:plc:uac6er53o2pvr5y2qmvaf7hw,meta-link,,at://did:plc:said43x7t43of6aktvzczwg2/app.bsky.actor.profile/self,2025-12-29T05:28:16.838Z
14b7e0b51dbf463887d2bc771009fde5,2026-02-24T04:00:00Z,2026-02-24T04:12:10Z,auth,auth_enUS_labelerexp,at://did:plc:iql72o4jcrlztbrn2f2l4w7v/app.bsky.feed.post/3mfgmhilcpk2v,bafyreiejy7q2efjhnnjvqqvi4kcl5mdefrmgzh52pw2zslt2b4gkiryq4q,did:plc:uac6er53o2pvr5y2qmvaf7hw,x-link,,at://did:plc:iql72o4jcrlztbrn2f2l4w7v/app.bsky.actor.profile/self,2026-01-01T00:11:37.104Z
14b7e0b51dbf463887d2bc771009fde5,2026-02-24T04:00:00Z,2026-02-24T04:12:10Z,auth,auth_enUS_labelerexp,at://did:plc:said43x7t43of6aktvzczwg2/app.bsky.feed.post/3mfggj5fhmk2r,bafyreidlbeejksttqujjtj3vjn37mr7c7z3cdstmtwczipkscw37u7k4wq,did:plc:uac6er53o2pvr5y2qmvaf7hw,meta-link,,at://did:plc:said43x7t43of6aktvzczwg2/app.bsky.actor.profile/self,2025-12-29T05:28:16.838Z
14b7e0b51dbf463887d2bc771009fde5,2026-02-24T04:00:00Z,2026-02-24T04:12:10Z,auth,auth_enUS_labelerexp,at://did:plc:oz2tkm7k2ni5vh6dy4p3u33u/app.bsky.feed.post/3mfgaxbvxk22q,bafyreihjimrybw6fayqvjf7ojse5z6tqy4izx2qmxbi7uw7zpe4zjfesgy,did:plc:oz2tkm7k2ni5vh6dy4p3u33u,!no-unauthenticated,,at://did:plc:oz2tkm7k2ni5vh6dy4p3u33u/app.bsky.actor.profile/self,1970-01-01T00:00:00.000Z
14b7e0b51dbf463887d2bc771009fde5,2026-02-24T04:00:00Z,2026-02-24T04:12:10Z,auth,auth_enUS_labelerexp,at://did:plc:ru5zioxqfv6fctxyl45qqcj7/app.bsky.feed.post/3mffu3bsq4wka,bafyreiaudwes4cpr64gsarxxz76boarocbcz4leubttel33utoljodmlny,did:plc:ru5zioxqfv6fctxyl45qqcj7,!no-unauthenticated,,at://did:plc:ru5zioxqfv6fctxyl45qqcj7/app.bsky.actor.profile/self,1970-01-01T00:00:00.000Z
14b7e0b51dbf463887d2bc771009fde5,2026-02-24T04:00:00Z,2026-02-24T04:12:10Z,auth,auth_enUS_labelerexp,at://did:plc:oz2tkm7k2ni5vh6dy4p3u33u/app.bsky.feed.post/3mfftcy26g22g,bafyreifvnmgm2f6cxs26a2ecprvsjp3rxf7lcs74dnnr4jgsdnk333zzzy,did:plc:oz2tkm7k2ni5vh6dy4p3u33u,!no-unauthenticated,,at://did:plc:oz2tkm7k2ni5vh6dy4p3u33u/app.bsky.actor.profile/self,1970-01-01T00:00:00.000Z
14b7e0b51dbf463887d2bc771009fde5,2026-02-24T04:00:00Z,2026-02-24T04:12:10Z,auth,auth_enUS_labelerexp,at://did:plc:nudyhuwjlfzwghbdoyo5dipg/app.bsky.feed.post/3mffnboaav22d,bafyreigejqcovqj732772nahpgrlphoyctuekpn3l45vqsc33fttkzxmoe,did:plc:nudyhuwjlfzwghbdoyo5dipg,!no-unauthenticated,,at://did:plc:nudyhuwjlfzwghbdoyo5dipg/app.bsky.actor.profile/self,1970-01-01T00:00:00.000Z
14b7e0b51dbf463887d2bc771009fde5,2026-02-24T04:00:00Z,2026-02-24T04:12:11Z,auth,auth_enUS_labelerexp,at://did:plc:f5xkhushrnb4snbxuohamy4k/app.bsky.feed.post/3mfk767gsic27,bafyreibj26d4hragvtniobrwwkwdvnjbh4el5u7a4acueulc3bmtbctpee,did:plc:uac6er53o2pvr5y2qmvaf7hw,abusive,,did:plc:f5xkhushrnb4snbxuohamy4k,2025-09-12T19:09:37.427Z
14b7e0b51dbf463887d2bc771009fde5,2026-02-24T04:00:00Z,2026-02-24T04:12:11Z,auth,auth_enUS_labelerexp,at://did:plc:f5xkhushrnb4snbxuohamy4k/app.bsky.feed.post/3mfk767gsic27,bafyreibj26d4hragvtniobrwwkwdvnjbh4el5u7a4acueulc3bmtbctpee,did:plc:uac6er53o2pvr5y2qmvaf7hw,disruptive,,did:plc:f5xkhushrnb4snbxuohamy4k,2025-03-05T18:04:30.805Z
14b7e0b51dbf463887d2bc771009fde5,2026-02-24T04:00:00Z,2026-02-24T04:12:11Z,auth,auth_enUS_labelerexp,at://did:plc:f5xkhushrnb4snbxuohamy4k/app.bsky.feed.post/3mfk767gsic27,bafyreibj26d4hragvtniobrwwkwdvnjbh4el5u7a4acueulc3bmtbctpee,did:plc:uac6er53o2pvr5y2qmvaf7hw,misinformation,,did:plc:f5xkhushrnb4snbxuohamy4k,2025-03-05T18:04:30.805Z
14b7e0b51dbf463887d2bc771009fde5,2026-02-24T04:00:00Z,2026-02-24T04:12:11Z,auth,auth_enUS_labelerexp,at://did:plc:f5xkhushrnb4snbxuohamy4k/app.bsky.feed.post/3mfk767gsic27,bafyreibj26d4hragvtniobrwwkwdvnjbh4el5u7a4acueulc3bmtbctpee,did:plc:f5xkhushrnb4snbxuohamy4k,!no-unauthenticated,,at://did:plc:f5xkhushrnb4snbxuohamy4k/app.bsky.actor.profile/self,1970-01-01T00:00:00.000Z
14b7e0b51dbf463887d2bc771009fde5,2026-02-24T04:00:00Z,2026-02-24T04:12:11Z,auth,auth_enUS_labelerexp,at://did:plc:f5xkhushrnb4snbxuohamy4k/app.bsky.feed.post/3mffugmftss2i,bafyreibqbghrrl4vwkibktfubkty5jrkrhp7ulurtv74fezl7yanncz2lm,did:plc:uac6er53o2pvr5y2qmvaf7hw,abusive,,did:plc:f5xkhushrnb4snbxuohamy4k,2025-09-12T19:09:37.427Z
14b7e0b51dbf463887d2bc771009fde5,2026-02-24T04:00:00Z,2026-02-24T04:12:11Z,auth,auth_enUS_labelerexp,at://did:plc:f5xkhushrnb4snbxuohamy4k/app.bsky.feed.post/3mffugmftss2i,bafyreibqbghrrl4vwkibktfubkty5jrkrhp7ulurtv74fezl7yanncz2lm,did:plc:uac6er53o2pvr5y2qmvaf7hw,disruptive,,did:plc:f5xkhushrnb4snbxuohamy4k,2025-03-05T18:04:30.805Z
14b7e0b51dbf463887d2bc771009fde5,2026-02-24T04:00:00Z,2026-02-24T04:12:11Z,auth,auth_enUS_labelerexp,at://did:plc:f5xkhushrnb4snbxuohamy4k/app.bsky.feed.post/3mffugmftss2i,bafyreibqbghrrl4vwkibktfubkty5jrkrhp7ulurtv74fezl7yanncz2lm,did:plc:uac6er53o2pvr5y2qmvaf7hw,misinformation,,did:plc:f5xkhushrnb4snbxuohamy4k,2025-03-05T18:04:30.805Z
14b7e0b51dbf463887d2bc771009fde5,2026-02-24T04:00:00Z,2026-02-24T04:12:11Z,auth,auth_enUS_labelerexp,at://did:plc:f5xkhushrnb4snbxuohamy4k/app.bsky.feed.post/3mffugmftss2i,bafyreibqbghrrl4vwkibktfubkty5jrkrhp7ulurtv74fezl7yanncz2lm,did:plc:f5xkhushrnb4snbxuohamy4k,!no-unauthenticated,,at://did:plc:f5xkhushrnb4snbxuohamy4k/app.bsky.actor.profile/self,1970-01-01T00:00:00.000Z
14b7e0b51dbf463887d2bc771009fde5,2026-02-24T04:00:00Z,2026-02-24T04:12:11Z,auth,auth_enUS_labelerexp,at://did:plc:f5xkhushrnb4snbxuohamy4k/app.bsky.feed.post/3mf3p3qxhjs22,bafyreib5ze7jzyutv3yj754jccn2esavz3e5zhgfuvbvtbvfvkhuibevia,did:plc:uac6er53o2pvr5y2qmvaf7hw,abusive,,did:plc:f5xkhushrnb4snbxuohamy4k,2025-09-12T19:09:37.427Z
14b7e0b51dbf463887d2bc771009fde5,2026-02-24T04:00:00Z,2026-02-24T04:12:11Z,auth,auth_enUS_labelerexp,at://did:plc:f5xkhushrnb4snbxuohamy4k/app.bsky.feed.post/3mf3p3qxhjs22,bafyreib5ze7jzyutv3yj754jccn2esavz3e5zhgfuvbvtbvfvkhuibevia,did:plc:uac6er53o2pvr5y2qmvaf7hw,disruptive,,did:plc:f5xkhushrnb4snbxuohamy4k,2025-03-05T18:04:30.805Z
14b7e0b51dbf463887d2bc771009fde5,2026-02-24T04:00:00Z,2026-02-24T04:12:11Z,auth,auth_enUS_labelerexp,at://did:plc:f5xkhushrnb4snbxuohamy4k/app.bsky.feed.post/3mf3p3qxhjs22,bafyreib5ze7jzyutv3yj754jccn2esavz3e5zhgfuvbvtbvfvkhuibevia,did:plc:uac6er53o2pvr5y2qmvaf7hw,misinformation,,did:plc:f5xkhushrnb4snbxuohamy4k,2025-03-05T18:04:30.805Z
14b7e0b51dbf463887d2bc771009fde5,2026-02-24T04:00:00Z,2026-02-24T04:12:11Z,auth,auth_enUS_labelerexp,at://did:plc:f5xkhushrnb4snbxuohamy4k/app.bsky.feed.post/3mf3p3qxhjs22,bafyreib5ze7jzyutv3yj754jccn2esavz3e5zhgfuvbvtbvfvkhuibevia,did:plc:f5xkhushrnb4snbxuohamy4k,!no-unauthenticated,,at://did:plc:f5xkhushrnb4snbxuohamy4k/app.bsky.actor.profile/self,1970-01-01T00:00:00.000Z
14b7e0b51dbf463887d2bc771009fde5,2026-02-24T04:00:00Z,2026-02-24T04:12:11Z,auth,auth_enUS_labelerexp,at://did:plc:f5xkhushrnb4snbxuohamy4k/app.bsky.feed.post/3mez5poou7s2w,bafyreihjfp7fy7peizxmmu2vghajxlbw5zz2gjtoxclrdoejs6urkfc2ka,did:plc:uac6er53o2pvr5y2qmvaf7hw,abusive,,did:plc:f5xkhushrnb4snbxuohamy4k,2025-09-12T19:09:37.427Z
14b7e0b51dbf463887d2bc771009fde5,2026-02-24T04:00:00Z,2026-02-24T04:12:11Z,auth,auth_enUS_labelerexp,at://did:plc:f5xkhushrnb4snbxuohamy4k/app.bsky.feed.post/3mez5poou7s2w,bafyreihjfp7fy7peizxmmu2vghajxlbw5zz2gjtoxclrdoejs6urkfc2ka,did:plc:uac6er53o2pvr5y2qmvaf7hw,disruptive,,did:plc:f5xkhushrnb4snbxuohamy4k,2025-03-05T18:04:30.805Z
14b7e0b51dbf463887d2bc771009fde5,2026-02-24T04:00:00Z,2026-02-24T04:12:11Z,auth,auth_enUS_labelerexp,at://did:plc:f5xkhushrnb4snbxuohamy4k/app.bsky.feed.post/3mez5poou7s2w,bafyreihjfp7fy7peizxmmu2vghajxlbw5zz2gjtoxclrdoejs6urkfc2ka,did:plc:uac6er53o2pvr5y2qmvaf7hw,misinformation,,did:plc:f5xkhushrnb4snbxuohamy4k,2025-03-05T18:04:30.805Z
14b7e0b51dbf463887d2bc771009fde5,2026-02-24T04:00:00Z,2026-02-24T04:12:11Z,auth,auth_enUS_labelerexp,at://did:plc:f5xkhushrnb4snbxuohamy4k/app.bsky.feed.post/3mez5poou7s2w,bafyreihjfp7fy7peizxmmu2vghajxlbw5zz2gjtoxclrdoejs6urkfc2ka,did:plc:f5xkhushrnb4snbxuohamy4k,!no-unauthenticated,,at://did:plc:f5xkhushrnb4snbxuohamy4k/app.bsky.actor.profile/self,1970-01-01T00:00:00.000Z
14b7e0b51dbf463887d2bc771009fde5,2026-02-24T04:00:00Z,2026-02-24T04:12:11Z,auth,auth_enUS_labelerexp,at://did:plc:kyvkxl7gsxor2oj3gjfnv4ns/app.bsky.feed.post/3mevjkb6b7222,bafyreifztb7yapafjux3deib4yljyx6kbndxrerbrmgg3xposcgkcjzi34,did:plc:uac6er53o2pvr5y2qmvaf7hw,telegram-link,,at://did:plc:kyvkxl7gsxor2oj3gjfnv4ns/app.bsky.actor.profile/self,2025-10-30T20:47:34.774Z
14b7e0b51dbf463887d2bc771009fde5,2026-02-24T04:00:00Z,2026-02-24T04:12:11Z,auth,auth_enUS_labelerexp,at://did:plc:kyvkxl7gsxor2oj3gjfnv4ns/app.bsky.feed.post/3mevjkb6b7222,bafyreifztb7yapafjux3deib4yljyx6kbndxrerbrmgg3xposcgkcjzi34,did:plc:uac6er53o2pvr5y2qmvaf7hw,meta-link,,at://did:plc:kyvkxl7gsxor2oj3gjfnv4ns/app.bsky.actor.profile/self,2026-01-25T22:02:27.534Z
14b7e0b51dbf463887d2bc771009fde5,2026-02-24T04:00:00Z,2026-02-24T04:12:12Z,auth,auth_enUS_labelerexp,at://did:plc:en722jgcbop7mxw5nuu7v2so/app.bsky.feed.post/3mfjawryhq22f,bafyreibwagsucvdi7aaxwpom6bb5fwefdr6sxldxprnlzonnp7ubg2usce,did:plc:ar7c4by46qjdydhdevvrndac,porn,,at://did:plc:en722jgcbop7mxw5nuu7v2so/app.bsky.feed.post/3mfjawryhq22f,2026-02-23T08:40:39.867Z
14b7e0b51dbf463887d2bc771009fde5,2026-02-24T04:00:00Z,2026-02-24T04:12:12Z,auth,auth_enUS_labelerexp,at://did:plc:eog54nyoh4hq42lzvqknnxr4/app.bsky.feed.post/3mfkvqnvhbc2y,bafyreigzznku6stcw7ot6tmdg43u4ztb3ejf4e5ialiv4jgmsjlceklvbi,did:plc:ar7c4by46qjdydhdevvrndac,porn,,at://did:plc:eog54nyoh4hq42lzvqknnxr4/app.bsky.feed.post/3mfkvqnvhbc2y,2026-02-24T00:25:43.952Z
14b7e0b51dbf463887d2bc771009fde5,2026-02-24T04:00:00Z,2026-02-24T04:12:12Z,auth,auth_enUS_labelerexp,at://did:plc:eog54nyoh4hq42lzvqknnxr4/app.bsky.feed.post/3mfkvqnvhbc2y,bafyreigzznku6stcw7ot6tmdg43u4ztb3ejf4e5ialiv4jgmsjlceklvbi,did:plc:eog54nyoh4hq42lzvqknnxr4,nudity,,at://did:plc:eog54nyoh4hq42lzvqknnxr4/app.bsky.feed.post/3mfkvqnvhbc2y,2026-02-24T00:25:38.206Z
14b7e0b51dbf463887d2bc771009fde5,2026-02-24T04:00:00Z,2026-02-24T04:12:12Z,auth,auth_enUS_labelerexp,at://did:plc:eog54nyoh4hq42lzvqknnxr4/app.bsky.feed.post/3mfkvqnvhbc2y,bafyreigzznku6stcw7ot6tmdg43u4ztb3ejf4e5ialiv4jgmsjlceklvbi,did:plc:ar7c4by46qjdydhdevvrndac,nudity,,at://did:plc:eog54nyoh4hq42lzvqknnxr4/app.bsky.actor.profile/self,2024-11-11T00:07:31.676Z
14b7e0b51dbf463887d2bc771009fde5,2026-02-24T04:00:00Z,2026-02-24T04:12:12Z,auth,auth_enUS_labelerexp,at://did:plc:i72xyt6h6wrdd2dynoeyotsy/app.bsky.feed.post/3mfklrgcrhc2t,bafyreieiknrgvuv64cpzkzitrrevsvtex64svzr2bpzh6w4j6cqbxa45b4,did:plc:ar7c4by46qjdydhdevvrndac,porn,,at://did:plc:i72xyt6h6wrdd2dynoeyotsy/app.bsky.feed.post/3mfklrgcrhc2t,2026-02-23T21:27:08.754Z
14b7e0b51dbf463887d2bc771009fde5,2026-02-24T04:00:00Z,2026-02-24T04:12:12Z,auth,auth_enUS_labelerexp,at://did:plc:i72xyt6h6wrdd2dynoeyotsy/app.bsky.feed.post/3mfklrgcrhc2t,bafyreieiknrgvuv64cpzkzitrrevsvtex64svzr2bpzh6w4j6cqbxa45b4,did:plc:i72xyt6h6wrdd2dynoeyotsy,!no-unauthenticated,,at://did:plc:i72xyt6h6wrdd2dynoeyotsy/app.bsky.actor.profile/self,2024-11-14T14:44:35.612Z
14b7e0b51dbf463887d2bc771009fde5,2026-02-24T04:00:00Z,2026-02-24T04:12:12Z,auth,auth_enUS_labelerexp,at://did:plc:i72xyt6h6wrdd2dynoeyotsy/app.bsky.feed.post/3mfkltwe5d22t,bafyreie6t7tnaqv7vsau3754iqyc6cap7p2bclt6cpqgmwvgcnyp4hbsl4,did:plc:i72xyt6h6wrdd2dynoeyotsy,!no-unauthenticated,,at://did:plc:i72xyt6h6wrdd2dynoeyotsy/app.bsky.actor.profile/self,2024-11-14T14:44:35.612Z
14b7e0b51dbf463887d2bc771009fde5,2026-02-24T04:00:00Z,2026-02-24T04:12:12Z,auth,auth_enUS_labelerexp,at://did:plc:xfkxcdz5l7j2u4vt5axt2cdm/app.bsky.feed.post/3mfknfynpa22l,bafyreihtpzuet5vg6tcbfcsen4llqzlp6ntphnpsjtgwmjwa7s76jisrou,did:plc:xfkxcdz5l7j2u4vt5axt2cdm,porn,,at://did:plc:xfkxcdz5l7j2u4vt5axt2cdm/app.bsky.feed.post/3mfknfynpa22l,2026-02-23T21:56:30.456Z
14b7e0b51dbf463887d2bc771009fde5,2026-02-24T04:00:00Z,2026-02-24T04:12:12Z,auth,auth_enUS_labelerexp,at://did:plc:xfkxcdz5l7j2u4vt5axt2cdm/app.bsky.feed.post/3mfknfynpa22l,bafyreihtpzuet5vg6tcbfcsen4llqzlp6ntphnpsjtgwmjwa7s76jisrou,did:plc:xfkxcdz5l7j2u4vt5axt2cdm,!no-unauthenticated,,at://did:plc:xfkxcdz5l7j2u4vt5axt2cdm/app.bsky.actor.profile/self,1970-01-01T00:00:00.000Z
14b7e0b51dbf463887d2bc771009fde5,2026-02-24T04:00:00Z,2026-02-24T04:12:12Z,auth,auth_enUS_labelerexp,at://did:plc:mrv3i3p2ndptcijmvavqyrmn/app.bsky.feed.post/3mfkipcqsd22y,bafyreid4oycrm3325mh3loofhxee7vyhx6fngltwaqvxzd234gwkgpwc24,did:plc:ar7c4by46qjdydhdevvrndac,sexual,,at://did:plc:mrv3i3p2ndptcijmvavqyrmn/app.bsky.feed.post/3mfkipcqsd22y,2026-02-23T20:32:16.919Z
14b7e0b51dbf463887d2bc771009fde5,2026-02-24T04:00:00Z,2026-02-24T04:12:12Z,auth,auth_enUS_labelerexp,at://did:plc:3jwixjkk5srluzmdh4kaio2b/app.bsky.feed.post/3mfkas7bvrs2m,bafyreigks2bmzxonwug5ouqzrzdzdz57t3dhgxkjon2ljc7ztfqkbhdxji,did:plc:ar7c4by46qjdydhdevvrndac,porn,,at://did:plc:3jwixjkk5srluzmdh4kaio2b/app.bsky.feed.post/3mfkas7bvrs2m,2026-02-23T18:10:45.380Z
14b7e0b51dbf463887d2bc771009fde5,2026-02-24T04:00:00Z,2026-02-24T04:12:12Z,auth,auth_enUS_labelerexp,at://did:plc:3jwixjkk5srluzmdh4kaio2b/app.bsky.feed.post/3mfkas7bvrs2m,bafyreigks2bmzxonwug5ouqzrzdzdz57t3dhgxkjon2ljc7ztfqkbhdxji,did:plc:ar7c4by46qjdydhdevvrndac,porn,,at://did:plc:3jwixjkk5srluzmdh4kaio2b/app.bsky.actor.profile/self,2026-02-04T03:04:24.894Z
14b7e0b51dbf463887d2bc771009fde5,2026-02-24T04:00:00Z,2026-02-24T04:12:12Z,auth,auth_enUS_labelerexp,at://did:plc:3jwixjkk5srluzmdh4kaio2b/app.bsky.feed.post/3mfkas7bvrs2m,bafyreigks2bmzxonwug5ouqzrzdzdz57t3dhgxkjon2ljc7ztfqkbhdxji,did:plc:ar7c4by46qjdydhdevvrndac,nudity,,at://did:plc:3jwixjkk5srluzmdh4kaio2b/app.bsky.actor.profile/self,2025-11-25T02:46:08.948Z
14b7e0b51dbf463887d2bc771009fde5,2026-02-24T04:00:00Z,2026-02-24T04:12:12Z,auth,auth_enUS_labelerexp,at://did:plc:tp7ppz6a3eyduaw4z6kp3k2k/app.bsky.feed.post/3mfkxmzhk6s2f,bafyreib75go6mil5kyriqku6jkvhocruukm22qqvo5lzw5c2zshqvgca6i,did:plc:uac6er53o2pvr5y2qmvaf7hw,high-hashtag-count,,at://did:plc:tp7ppz6a3eyduaw4z6kp3k2k/app.bsky.feed.post/3mfkxmzhk6s2f,2026-02-24T00:59:24.834Z
14b7e0b51dbf463887d2bc771009fde5,2026-02-24T04:00:00Z,2026-02-24T04:12:12Z,auth,auth_enUS_labelerexp,at://did:plc:tp7ppz6a3eyduaw4z6kp3k2k/app.bsky.feed.post/3mfkxmzhk6s2f,bafyreib75go6mil5kyriqku6jkvhocruukm22qqvo5lzw5c2zshqvgca6i,did:plc:uac6er53o2pvr5y2qmvaf7hw,high-total-facet-count,,at://did:plc:tp7ppz6a3eyduaw4z6kp3k2k/app.bsky.feed.post/3mfkxmzhk6s2f,2026-02-24T00:59:24.841Z
14b7e0b51dbf463887d2bc771009fde5,2026-02-24T04:00:00Z,2026-02-24T04:12:12Z,auth,auth_enUS_labelerexp,at://did:plc:tp7ppz6a3eyduaw4z6kp3k2k/app.bsky.feed.post/3mfkxmzhk6s2f,bafyreib75go6mil5kyriqku6jkvhocruukm22qqvo5lzw5c2zshqvgca6i,did:plc:ar7c4by46qjdydhdevvrndac,porn,,at://did:plc:tp7ppz6a3eyduaw4z6kp3k2k/app.bsky.feed.post/3mfkxmzhk6s2f,2026-02-24T00:59:26.236Z
14b7e0b51dbf463887d2bc771009fde5,2026-02-24T04:00:00Z,2026-02-24T04:12:12Z,auth,auth_enUS_labelerexp,at://did:plc:tp7ppz6a3eyduaw4z6kp3k2k/app.bsky.feed.post/3mfkxmzhk6s2f,bafyreib75go6mil5kyriqku6jkvhocruukm22qqvo5lzw5c2zshqvgca6i,did:plc:uac6er53o2pvr5y2qmvaf7hw,telegram-link,,at://did:plc:tp7ppz6a3eyduaw4z6kp3k2k/app.bsky.actor.profile/self,2026-02-15T21:42:24.527Z
14b7e0b51dbf463887d2bc771009fde5,2026-02-24T04:00:00Z,2026-02-24T04:12:12Z,auth,auth_enUS_labelerexp,at://did:plc:vz4mdqugirykagm5nymjwkwi/app.bsky.feed.post/3mfkkuvqisc2j,bafyreidbqhsgc47zz2l5ygoy2kasnwh2xisa5qzhy4gt2shxudxnp74gra,did:plc:vz4mdqugirykagm5nymjwkwi,porn,,at://did:plc:vz4mdqugirykagm5nymjwkwi/app.bsky.feed.post/3mfkkuvqisc2j,2026-02-23T21:11:09.491Z
14b7e0b51dbf463887d2bc771009fde5,2026-02-24T04:00:00Z,2026-02-24T04:12:12Z,auth,auth_enUS_labelerexp,at://did:plc:e7svknnzsrpteqytgj3v2i35/app.bsky.feed.post/3mfkfy2xggc2t,bafyreibyzqpft737gki7xeex5jwqw63sljirfz3fwl4zdgffu462kjlzvm,did:plc:uac6er53o2pvr5y2qmvaf7hw,high-hashtag-count,,at://did:plc:e7svknnzsrpteqytgj3v2i35/app.bsky.feed.post/3mfkfy2xggc2t,2026-02-23T19:43:45.624Z
14b7e0b51dbf463887d2bc771009fde5,2026-02-24T04:00:00Z,2026-02-24T04:12:12Z,auth,auth_enUS_labelerexp,at://did:plc:e7svknnzsrpteqytgj3v2i35/app.bsky.feed.post/3mfkfy2xggc2t,bafyreibyzqpft737gki7xeex5jwqw63sljirfz3fwl4zdgffu462kjlzvm,did:plc:uac6er53o2pvr5y2qmvaf7hw,high-total-facet-count,,at://did:plc:e7svknnzsrpteqytgj3v2i35/app.bsky.feed.post/3mfkfy2xggc2t,2026-02-23T19:43:45.630Z
14b7e0b51dbf463887d2bc771009fde5,2026-02-24T04:00:00Z,2026-02-24T04:12:12Z,auth,auth_enUS_labelerexp,at://did:plc:e7svknnzsrpteqytgj3v2i35/app.bsky.feed.post/3mfkfy2xggc2t,bafyreibyzqpft737gki7xeex5jwqw63sljirfz3fwl4zdgffu462kjlzvm,did:plc:ar7c4by46qjdydhdevvrndac,sexual,,at://did:plc:e7svknnzsrpteqytgj3v2i35/app.bsky.feed.post/3mfkfy2xggc2t,2026-02-23T19:43:47.506Z
14b7e0b51dbf463887d2bc771009fde5,2026-02-24T04:00:00Z,2026-02-24T04:12:12Z,auth,auth_enUS_labelerexp,at://did:plc:e7svknnzsrpteqytgj3v2i35/app.bsky.feed.post/3mfkfy2xggc2t,bafyreibyzqpft737gki7xeex5jwqw63sljirfz3fwl4zdgffu462kjlzvm,did:plc:ar7c4by46qjdydhdevvrndac,porn,,at://did:plc:e7svknnzsrpteqytgj3v2i35/app.bsky.actor.profile/self,2025-06-19T14:06:43.497Z
14b7e0b51dbf463887d2bc771009fde5,2026-02-24T04:00:00Z,2026-02-24T04:12:12Z,auth,auth_enUS_labelerexp,at://did:plc:edabi54wnyh7uxhwxtr3gago/app.bsky.feed.post/3mfkihodqv22u,bafyreiedg3xj4hn6jfp3elqv6ddzvcp5sqbhgydaudj45zxolhyhnajgei,did:plc:ar7c4by46qjdydhdevvrndac,sexual,,at://did:plc:edabi54wnyh7uxhwxtr3gago/app.bsky.feed.post/3mfkihodqv22u,2026-02-23T20:28:04.087Z
14b7e0b51dbf463887d2bc771009fde5,2026-02-24T04:00:00Z,2026-02-24T04:12:12Z,auth,auth_enUS_labelerexp,at://did:plc:edabi54wnyh7uxhwxtr3gago/app.bsky.feed.post/3mfkihodqv22u,bafyreiedg3xj4hn6jfp3elqv6ddzvcp5sqbhgydaudj45zxolhyhnajgei,did:plc:ar7c4by46qjdydhdevvrndac,porn,,at://did:plc:edabi54wnyh7uxhwxtr3gago/app.bsky.actor.profile/self,2026-02-22T06:10:12.276Z
14b7e0b51dbf463887d2bc771009fde5,2026-02-24T04:00:00Z,2026-02-24T04:12:12Z,auth,auth_enUS_labelerexp,at://did:plc:z732wi7dnab4qmh5du4gtgmx/app.bsky.feed.post/3mfiumhi2gk2t,bafyreigaqkzxk7kztudpyvqafv5yvwszsqk46syoregdyvd4sbkjkz5bdy,did:plc:ar7c4by46qjdydhdevvrndac,porn,,at://did:plc:z732wi7dnab4qmh5du4gtgmx/app.bsky.feed.post/3mfiumhi2gk2t,2026-02-23T05:00:06.233Z
14b7e0b51dbf463887d2bc771009fde5,2026-02-24T04:00:00Z,2026-02-24T04:12:12Z,auth,auth_enUS_labelerexp,at://did:plc:z732wi7dnab4qmh5du4gtgmx/app.bsky.feed.post/3mfiumhi2gk2t,bafyreigaqkzxk7kztudpyvqafv5yvwszsqk46syoregdyvd4sbkjkz5bdy,did:plc:z732wi7dnab4qmh5du4gtgmx,nudity,,at://did:plc:z732wi7dnab4qmh5du4gtgmx/app.bsky.feed.post/3mfiumhi2gk2t,2026-02-23T05:00:04.027Z
14b7e0b51dbf463887d2bc771009fde5,2026-02-24T04:00:00Z,2026-02-24T04:12:12Z,auth,auth_enUS_labelerexp,at://did:plc:2rq5nnnts5vr3kr4t5hcexxs/app.bsky.feed.post/3mfjsrsorw22j,bafyreibubfmkz2wxzrjjnpoi2plnjv2kefyckxj7fzmjm3bujfp3pfxawa,did:plc:ar7c4by46qjdydhdevvrndac,porn,,at://did:plc:2rq5nnnts5vr3kr4t5hcexxs/app.bsky.feed.post/3mfjsrsorw22j,2026-02-23T14:00:00.782Z
14b7e0b51dbf463887d2bc771009fde5,2026-02-24T04:00:00Z,2026-02-24T04:12:12Z,auth,auth_enUS_labelerexp,at://did:plc:2rq5nnnts5vr3kr4t5hcexxs/app.bsky.feed.post/3mfjsrsorw22j,bafyreibubfmkz2wxzrjjnpoi2plnjv2kefyckxj7fzmjm3bujfp3pfxawa,did:plc:ar7c4by46qjdydhdevvrndac,sexual,,at://did:plc:2rq5nnnts5vr3kr4t5hcexxs/app.bsky.feed.post/3mfjsrsorw22j,2026-02-23T14:00:00.782Z
14b7e0b51dbf463887d2bc771009fde5,2026-02-24T04:00:00Z,2026-02-24T04:12:12Z,auth,auth_enUS_labelerexp,at://did:plc:2rq5nnnts5vr3kr4t5hcexxs/app.bsky.feed.post/3mfjsrsorw22j,bafyreibubfmkz2wxzrjjnpoi2plnjv2kefyckxj7fzmjm3bujfp3pfxawa,did:plc:ar7c4by46qjdydhdevvrndac,sexual,,did:plc:2rq5nnnts5vr3kr4t5hcexxs,2025-02-14T04:18:10.191Z
14b7e0b51dbf463887d2bc771009fde5,2026-02-24T04:00:00Z,2026-02-24T04:12:12Z,auth,auth_enUS_labelerexp,at://did:plc:2rq5nnnts5vr3kr4t5hcexxs/app.bsky.feed.post/3mfjsrsorw22j,bafyreibubfmkz2wxzrjjnpoi2plnjv2kefyckxj7fzmjm3bujfp3pfxawa,did:plc:ar7c4by46qjdydhdevvrndac,nudity,,at://did:plc:2rq5nnnts5vr3kr4t5hcexxs/app.bsky.actor.profile/self,2024-11-18T00:10:41.440Z
14b7e0b51dbf463887d2bc771009fde5,2026-02-24T04:00:00Z,2026-02-24T04:12:12Z,auth,auth_enUS_labelerexp,at://did:plc:pehqi33pmi7dggibpjwfq55x/app.bsky.feed.post/3mfkjp5z5xc22,bafyreidnicodmqmriwlbkfs3gj3tftb2debtgorw7kmqtdg2z3vkdkhzdq,did:plc:ar7c4by46qjdydhdevvrndac,sexual,,at://did:plc:pehqi33pmi7dggibpjwfq55x/app.bsky.feed.post/3mfkjp5z5xc22,2026-02-23T20:50:10.351Z
14b7e0b51dbf463887d2bc771009fde5,2026-02-24T04:00:00Z,2026-02-24T04:12:12Z,auth,auth_enUS_labelerexp,at://did:plc:7b6wl6ttpdaynkosouvgsp3l/app.bsky.feed.post/3mfhuxmrlpk2i,bafyreifxi5nyc5rwhfpykfy56z6zrfbd3tuphgabeoq46hg2b2siwdl6u4,did:plc:ar7c4by46qjdydhdevvrndac,porn,,at://did:plc:7b6wl6ttpdaynkosouvgsp3l/app.bsky.feed.post/3mfhuxmrlpk2i,2026-02-22T19:33:40.692Z
14b7e0b51dbf463887d2bc771009fde5,2026-02-24T04:00:00Z,2026-02-24T04:12:12Z,auth,auth_enUS_labelerexp,at://did:plc:eog54nyoh4hq42lzvqknnxr4/app.bsky.feed.post/3mfih3bch4k2i,bafyreigjicnfwgcvot7ybyfsnvgkp2ondwabb3v7ji2yifppbenvrg4ryi,did:plc:ar7c4by46qjdydhdevvrndac,porn,,at://did:plc:eog54nyoh4hq42lzvqknnxr4/app.bsky.feed.post/3mfih3bch4k2i,2026-02-23T00:57:50.113Z
14b7e0b51dbf463887d2bc771009fde5,2026-02-24T04:00:00Z,2026-02-24T04:12:12Z,auth,auth_enUS_labelerexp,at://did:plc:eog54nyoh4hq42lzvqknnxr4/app.bsky.feed.post/3mfih3bch4k2i,bafyreigjicnfwgcvot7ybyfsnvgkp2ondwabb3v7ji2yifppbenvrg4ryi,did:plc:eog54nyoh4hq42lzvqknnxr4,porn,,at://did:plc:eog54nyoh4hq42lzvqknnxr4/app.bsky.feed.post/3mfih3bch4k2i,2026-02-23T00:57:48.498Z
14b7e0b51dbf463887d2bc771009fde5,2026-02-24T04:00:00Z,2026-02-24T04:12:12Z,auth,auth_enUS_labelerexp,at://did:plc:eog54nyoh4hq42lzvqknnxr4/app.bsky.feed.post/3mfih3bch4k2i,bafyreigjicnfwgcvot7ybyfsnvgkp2ondwabb3v7ji2yifppbenvrg4ryi,did:plc:ar7c4by46qjdydhdevvrndac,nudity,,at://did:plc:eog54nyoh4hq42lzvqknnxr4/app.bsky.actor.profile/self,2024-11-11T00:07:31.676Z
14b7e0b51dbf463887d2bc771009fde5,2026-02-24T04:00:00Z,2026-02-24T04:12:12Z,auth,auth_enUS_labelerexp,at://did:plc:7b6wl6ttpdaynkosouvgsp3l/app.bsky.feed.post/3mfhrwwfads2i,bafyreiag4fw74w7ujszykmitqj2k5unvizxg7ez5ctn3xjoy33o4pjtwia,did:plc:ar7c4by46qjdydhdevvrndac,porn,,at://did:plc:7b6wl6ttpdaynkosouvgsp3l/app.bsky.feed.post/3mfhrwwfads2i,2026-02-22T18:39:41.392Z
14b7e0b51dbf463887d2bc771009fde5,2026-02-24T04:00:00Z,2026-02-24T04:12:12Z,auth,auth_enUS_labelerexp,at://did:plc:mz4thov532c27lxhwpekxhrq/app.bsky.feed.post/3mfj42ty2c22q,bafyreif3luaq7wmyrok6sjbqct5r5bsozw5subkct4bqebvae3amrkwmrq,did:plc:ar7c4by46qjdydhdevvrndac,porn,,at://did:plc:mz4thov532c27lxhwpekxhrq/app.bsky.feed.post/3mfj42ty2c22q,2026-02-23T07:13:31.968Z
14b7e0b51dbf463887d2bc771009fde5,2026-02-24T04:00:00Z,2026-02-24T04:12:12Z,auth,auth_enUS_labelerexp,at://did:plc:eog54nyoh4hq42lzvqknnxr4/app.bsky.feed.post/3mffvkpcvs226,bafyreidr2mpowg6srpsxdsrvuf5kimimnyuylrvzb7vgrqwqva2ysxm2pm,did:plc:ar7c4by46qjdydhdevvrndac,porn,,at://did:plc:eog54nyoh4hq42lzvqknnxr4/app.bsky.feed.post/3mffvkpcvs226,2026-02-22T00:39:01.455Z
14b7e0b51dbf463887d2bc771009fde5,2026-02-24T04:00:00Z,2026-02-24T04:12:12Z,auth,auth_enUS_labelerexp,at://did:plc:eog54nyoh4hq42lzvqknnxr4/app.bsky.feed.post/3mffvkpcvs226,bafyreidr2mpowg6srpsxdsrvuf5kimimnyuylrvzb7vgrqwqva2ysxm2pm,did:plc:eog54nyoh4hq42lzvqknnxr4,porn,,at://did:plc:eog54nyoh4hq42lzvqknnxr4/app.bsky.feed.post/3mffvkpcvs226,2026-02-22T00:38:59.680Z
14b7e0b51dbf463887d2bc771009fde5,2026-02-24T04:00:00Z,2026-02-24T04:12:12Z,auth,auth_enUS_labelerexp,at://did:plc:eog54nyoh4hq42lzvqknnxr4/app.bsky.feed.post/3mffvkpcvs226,bafyreidr2mpowg6srpsxdsrvuf5kimimnyuylrvzb7vgrqwqva2ysxm2pm,did:plc:ar7c4by46qjdydhdevvrndac,nudity,,at://did:plc:eog54nyoh4hq42lzvqknnxr4/app.bsky.actor.profile/self,2024-11-11T00:07:31.676Z
14b7e0b51dbf463887d2bc771009fde5,2026-02-24T04:00:00Z,2026-02-24T04:12:12Z,auth,auth_enUS_labelerexp,at://did:plc:akwf3vnjjtkrsqqcmg36mfsy/app.bsky.feed.post/3mfj346lg2c2w,bafyreih54ebezcrn72xig6yt2jrcoo6z4lhqgreh6wnxxryn3ns7dkmdu4,did:plc:ar7c4by46qjdydhdevvrndac,sexual,,at://did:plc:akwf3vnjjtkrsqqcmg36mfsy/app.bsky.feed.post/3mfj346lg2c2w,2026-02-23T06:56:21.952Z
14b7e0b51dbf463887d2bc771009fde5,2026-02-24T04:00:00Z,2026-02-24T04:12:12Z,auth,auth_enUS_labelerexp,at://did:plc:akwf3vnjjtkrsqqcmg36mfsy/app.bsky.feed.post/3mfj346lg2c2w,bafyreih54ebezcrn72xig6yt2jrcoo6z4lhqgreh6wnxxryn3ns7dkmdu4,did:plc:ar7c4by46qjdydhdevvrndac,sexual,,at://did:plc:akwf3vnjjtkrsqqcmg36mfsy/app.bsky.actor.profile/self,2024-06-07T20:05:57.447Z
14b7e0b51dbf463887d2bc771009fde5,2026-02-24T04:00:00Z,2026-02-24T04:12:12Z,auth,auth_enUS_labelerexp,at://did:plc:kpkklw7xquafbywvbhpze74r/app.bsky.feed.post/3mfhugwrnb225,bafyreigz2lw34y6poez2moj6g326gaeiihijs74bijmw7443ezd7wkqfxq,did:plc:uac6er53o2pvr5y2qmvaf7hw,high-hashtag-count,,at://did:plc:kpkklw7xquafbywvbhpze74r/app.bsky.feed.post/3mfhugwrnb225,2026-02-22T19:24:23.881Z
14b7e0b51dbf463887d2bc771009fde5,2026-02-24T04:00:00Z,2026-02-24T04:12:12Z,auth,auth_enUS_labelerexp,at://did:plc:kpkklw7xquafbywvbhpze74r/app.bsky.feed.post/3mfhugwrnb225,bafyreigz2lw34y6poez2moj6g326gaeiihijs74bijmw7443ezd7wkqfxq,did:plc:uac6er53o2pvr5y2qmvaf7hw,high-total-facet-count,,at://did:plc:kpkklw7xquafbywvbhpze74r/app.bsky.feed.post/3mfhugwrnb225,2026-02-22T19:24:23.876Z
14b7e0b51dbf463887d2bc771009fde5,2026-02-24T04:00:00Z,2026-02-24T04:12:12Z,auth,auth_enUS_labelerexp,at://did:plc:kpkklw7xquafbywvbhpze74r/app.bsky.feed.post/3mfhugwrnb225,bafyreigz2lw34y6poez2moj6g326gaeiihijs74bijmw7443ezd7wkqfxq,did:plc:ar7c4by46qjdydhdevvrndac,porn,,at://did:plc:kpkklw7xquafbywvbhpze74r/app.bsky.feed.post/3mfhugwrnb225,2026-02-22T19:24:25.601Z
14b7e0b51dbf463887d2bc771009fde5,2026-02-24T04:00:00Z,2026-02-24T04:12:12Z,auth,auth_enUS_labelerexp,at://did:plc:kpkklw7xquafbywvbhpze74r/app.bsky.feed.post/3mfhugwrnb225,bafyreigz2lw34y6poez2moj6g326gaeiihijs74bijmw7443ezd7wkqfxq,did:plc:ar7c4by46qjdydhdevvrndac,porn,,at://did:plc:kpkklw7xquafbywvbhpze74r/app.bsky.actor.profile/self,2025-12-25T03:22:27.664Z
14b7e0b51dbf463887d2bc771009fde5,2026-02-24T04:00:00Z,2026-02-24T04:12:12Z,auth,auth_enUS_labelerexp,at://did:plc:z732wi7dnab4qmh5du4gtgmx/app.bsky.feed.post/3mffpzsmg6d25,bafyreid4diygcj2dvssrjdjqaczu4p4jivgqisbi5sqy5blgchwb7ljhnu,did:plc:ar7c4by46qjdydhdevvrndac,porn,,at://did:plc:z732wi7dnab4qmh5du4gtgmx/app.bsky.feed.post/3mffpzsmg6d25,2026-02-21T23:00:06.495Z
14b7e0b51dbf463887d2bc771009fde5,2026-02-24T04:00:00Z,2026-02-24T04:12:12Z,auth,auth_enUS_labelerexp,at://did:plc:z732wi7dnab4qmh5du4gtgmx/app.bsky.feed.post/3mffpzsmg6d25,bafyreid4diygcj2dvssrjdjqaczu4p4jivgqisbi5sqy5blgchwb7ljhnu,did:plc:z732wi7dnab4qmh5du4gtgmx,nudity,,at://did:plc:z732wi7dnab4qmh5du4gtgmx/app.bsky.feed.post/3mffpzsmg6d25,2026-02-21T23:00:03.992Z
14b7e0b51dbf463887d2bc771009fde5,2026-02-24T04:00:00Z,2026-02-24T04:12:12Z,auth,auth_enUS_labelerexp,at://did:plc:uvnrxnb4fvrxwf5u7mccjxao/app.bsky.feed.post/3mfiwad7vfs2t,bafyreib2ipauxsk45yszrey7vde5bezw2rr7vzj7i6tdqsvqhuotiwx4iu,did:plc:ar7c4by46qjdydhdevvrndac,sexual,,at://did:plc:uvnrxnb4fvrxwf5u7mccjxao/app.bsky.feed.post/3mfiwad7vfs2t,2026-02-23T05:29:10.141Z
14b7e0b51dbf463887d2bc771009fde5,2026-02-24T04:00:00Z,2026-02-24T04:12:12Z,auth,auth_enUS_labelerexp,at://did:plc:uvnrxnb4fvrxwf5u7mccjxao/app.bsky.feed.post/3mfiwad7vfs2t,bafyreib2ipauxsk45yszrey7vde5bezw2rr7vzj7i6tdqsvqhuotiwx4iu,did:plc:ar7c4by46qjdydhdevvrndac,porn,,at://did:plc:uvnrxnb4fvrxwf5u7mccjxao/app.bsky.actor.profile/self,2025-07-24T14:31:59.336Z
14b7e0b51dbf463887d2bc771009fde5,2026-02-24T04:00:00Z,2026-02-24T04:12:12Z,auth,auth_enUS_labelerexp,at://did:plc:uvnrxnb4fvrxwf5u7mccjxao/app.bsky.feed.post/3mfiwad7vfs2t,bafyreib2ipauxsk45yszrey7vde5bezw2rr7vzj7i6tdqsvqhuotiwx4iu,did:plc:uvnrxnb4fvrxwf5u7mccjxao,!no-unauthenticated,,at://did:plc:uvnrxnb4fvrxwf5u7mccjxao/app.bsky.actor.profile/self,2025-01-19T20:56:44.956Z
14b7e0b51dbf463887d2bc771009fde5,2026-02-24T04:00:00Z,2026-02-24T04:12:12Z,auth,auth_enUS_labelerexp,at://did:plc:ils2ugqftwvm7vkwu545ey3p/app.bsky.feed.post/3mfij4ival22s,bafyreifzjjnrfxcoeizrz3glztcy6uq6gefqvasw36z66pmqsa222e2vru,did:plc:ils2ugqftwvm7vkwu545ey3p,porn,,at://did:plc:ils2ugqftwvm7vkwu545ey3p/app.bsky.feed.post/3mfij4ival22s,2026-02-23T01:34:17.473Z
14b7e0b51dbf463887d2bc771009fde5,2026-02-24T04:00:00Z,2026-02-24T04:12:12Z,auth,auth_enUS_labelerexp,at://did:plc:rjw4th5sup2pg7cz2b2ranmt/app.bsky.feed.post/3mfjyapekvc2l,bafyreiemeiynfgrwcdvduwouwww52cpujg6wdkowuruuxfd3jz7qwke6zy,did:plc:ar7c4by46qjdydhdevvrndac,porn,,at://did:plc:rjw4th5sup2pg7cz2b2ranmt/app.bsky.feed.post/3mfjyapekvc2l,2026-02-23T15:37:50.751Z
14b7e0b51dbf463887d2bc771009fde5,2026-02-24T04:00:00Z,2026-02-24T04:12:12Z,auth,auth_enUS_labelerexp,at://did:plc:rjw4th5sup2pg7cz2b2ranmt/app.bsky.feed.post/3mfjyapekvc2l,bafyreiemeiynfgrwcdvduwouwww52cpujg6wdkowuruuxfd3jz7qwke6zy,did:plc:rjw4th5sup2pg7cz2b2ranmt,nudity,,at://did:plc:rjw4th5sup2pg7cz2b2ranmt/app.bsky.feed.post/3mfjyapekvc2l,2026-02-23T15:37:44.366Z
14b7e0b51dbf463887d2bc771009fde5,2026-02-24T04:00:00Z,2026-02-24T04:12:12Z,auth,auth_enUS_labelerexp,at://did:plc:rjw4th5sup2pg7cz2b2ranmt/app.bsky.feed.post/3mfjyapekvc2l,bafyreiemeiynfgrwcdvduwouwww52cpujg6wdkowuruuxfd3jz7qwke6zy,did:plc:ar7c4by46qjdydhdevvrndac,porn,,at://did:plc:rjw4th5sup2pg7cz2b2ranmt/app.bsky.actor.profile/self,2025-12-06T23:23:37.692Z
14b7e0b51dbf463887d2bc771009fde5,2026-02-24T04:00:00Z,2026-02-24T04:12:12Z,auth,auth_enUS_labelerexp,at://did:plc:rjw4th5sup2pg7cz2b2ranmt/app.bsky.feed.post/3mfjyapekvc2l,bafyreiemeiynfgrwcdvduwouwww52cpujg6wdkowuruuxfd3jz7qwke6zy,did:plc:rjw4th5sup2pg7cz2b2ranmt,!no-unauthenticated,,at://did:plc:rjw4th5sup2pg7cz2b2ranmt/app.bsky.actor.profile/self,2024-11-18T03:28:44.335Z
14b7e0b51dbf463887d2bc771009fde5,2026-02-24T04:00:00Z,2026-02-24T04:12:12Z,auth,auth_enUS_labelerexp,at://did:plc:tp7ppz6a3eyduaw4z6kp3k2k/app.bsky.feed.post/3mfhyvmurrc2f,bafyreigubntsn34ijpvxpc2gmpv6nb6ixfekjddkinoetwkunlf3phegiq,did:plc:uac6er53o2pvr5y2qmvaf7hw,high-total-facet-count,,at://did:plc:tp7ppz6a3eyduaw4z6kp3k2k/app.bsky.feed.post/3mfhyvmurrc2f,2026-02-22T20:44:08.088Z
14b7e0b51dbf463887d2bc771009fde5,2026-02-24T04:00:00Z,2026-02-24T04:12:12Z,auth,auth_enUS_labelerexp,at://did:plc:tp7ppz6a3eyduaw4z6kp3k2k/app.bsky.feed.post/3mfhyvmurrc2f,bafyreigubntsn34ijpvxpc2gmpv6nb6ixfekjddkinoetwkunlf3phegiq,did:plc:ar7c4by46qjdydhdevvrndac,porn,,at://did:plc:tp7ppz6a3eyduaw4z6kp3k2k/app.bsky.feed.post/3mfhyvmurrc2f,2026-02-22T20:44:08.953Z
14b7e0b51dbf463887d2bc771009fde5,2026-02-24T04:00:00Z,2026-02-24T04:12:12Z,auth,auth_enUS_labelerexp,at://did:plc:tp7ppz6a3eyduaw4z6kp3k2k/app.bsky.feed.post/3mfhyvmurrc2f,bafyreigubntsn34ijpvxpc2gmpv6nb6ixfekjddkinoetwkunlf3phegiq,did:plc:uac6er53o2pvr5y2qmvaf7hw,telegram-link,,at://did:plc:tp7ppz6a3eyduaw4z6kp3k2k/app.bsky.actor.profile/self,2026-02-15T21:42:24.527Z
14b7e0b51dbf463887d2bc771009fde5,2026-02-24T04:00:00Z,2026-02-24T04:12:12Z,auth,auth_enUS_labelerexp,at://did:plc:gkprbncw53ytjivktrgicdf2/app.bsky.feed.post/3mfhzhimkoc2t,bafyreienirccjupfehzjk3qeipu3o6jq6bf5fmiykvvu6tznil2de25b3q,did:plc:ar7c4by46qjdydhdevvrndac,sexual,,at://did:plc:gkprbncw53ytjivktrgicdf2/app.bsky.feed.post/3mfhzhimkoc2t,2026-02-22T20:54:08.310Z
14b7e0b51dbf463887d2bc771009fde5,2026-02-24T04:00:00Z,2026-02-24T04:12:12Z,auth,auth_enUS_labelerexp,at://did:plc:7b6wl6ttpdaynkosouvgsp3l/app.bsky.feed.post/3mfh3jfb42k2b,bafyreiac225d6a7ynjqvor7pfoo5a5ew5hkzxqwcn55q7zvavbgojcwkuq,did:plc:7b6wl6ttpdaynkosouvgsp3l,sexual,,at://did:plc:7b6wl6ttpdaynkosouvgsp3l/app.bsky.feed.post/3mfh3jfb42k2b,2026-02-22T11:58:17.757Z
14b7e0b51dbf463887d2bc771009fde5,2026-02-24T04:00:00Z,2026-02-24T04:12:12Z,auth,auth_enUS_labelerexp,at://did:plc:tp7ppz6a3eyduaw4z6kp3k2k/app.bsky.feed.post/3mfh6zehn4v2q,bafyreifpaowy5oqninmfesanffqcbzpjds7uvxsxgmnss57jp2tntswx3y,did:plc:uac6er53o2pvr5y2qmvaf7hw,high-hashtag-count,,at://did:plc:tp7ppz6a3eyduaw4z6kp3k2k/app.bsky.feed.post/3mfh6zehn4v2q,2026-02-22T13:00:56.429Z
14b7e0b51dbf463887d2bc771009fde5,2026-02-24T04:00:00Z,2026-02-24T04:12:12Z,auth,auth_enUS_labelerexp,at://did:plc:tp7ppz6a3eyduaw4z6kp3k2k/app.bsky.feed.post/3mfh6zehn4v2q,bafyreifpaowy5oqninmfesanffqcbzpjds7uvxsxgmnss57jp2tntswx3y,did:plc:uac6er53o2pvr5y2qmvaf7hw,high-total-facet-count,,at://did:plc:tp7ppz6a3eyduaw4z6kp3k2k/app.bsky.feed.post/3mfh6zehn4v2q,2026-02-22T13:00:56.423Z
14b7e0b51dbf463887d2bc771009fde5,2026-02-24T04:00:00Z,2026-02-24T04:12:12Z,auth,auth_enUS_labelerexp,at://did:plc:tp7ppz6a3eyduaw4z6kp3k2k/app.bsky.feed.post/3mfh6zehn4v2q,bafyreifpaowy5oqninmfesanffqcbzpjds7uvxsxgmnss57jp2tntswx3y,did:plc:ar7c4by46qjdydhdevvrndac,porn,,at://did:plc:tp7ppz6a3eyduaw4z6kp3k2k/app.bsky.feed.post/3mfh6zehn4v2q,2026-02-22T13:00:56.832Z
14b7e0b51dbf463887d2bc771009fde5,2026-02-24T04:00:00Z,2026-02-24T04:12:12Z,auth,auth_enUS_labelerexp,at://did:plc:tp7ppz6a3eyduaw4z6kp3k2k/app.bsky.feed.post/3mfh6zehn4v2q,bafyreifpaowy5oqninmfesanffqcbzpjds7uvxsxgmnss57jp2tntswx3y,did:plc:uac6er53o2pvr5y2qmvaf7hw,telegram-link,,at://did:plc:tp7ppz6a3eyduaw4z6kp3k2k/app.bsky.actor.profile/self,2026-02-15T21:42:24.527Z
14b7e0b51dbf463887d2bc771009fde5,2026-02-24T04:00:00Z,2026-02-24T04:12:12Z,auth,auth_enUS_labelerexp,at://did:plc:pq4cdu3tjsja7mahlbelshkx/app.bsky.feed.post/3mfi2uxdztg24,bafyreidzl5t5bdj5sq3l2iodlwup732w5pestsqk67qapu7v7mcxqnfdzu,did:plc:uac6er53o2pvr5y2qmvaf7hw,high-hashtag-count,,at://did:plc:pq4cdu3tjsja7mahlbelshkx/app.bsky.feed.post/3mfi2uxdztg24,2026-02-22T21:19:33.474Z
14b7e0b51dbf463887d2bc771009fde5,2026-02-24T04:00:00Z,2026-02-24T04:12:12Z,auth,auth_enUS_labelerexp,at://did:plc:pq4cdu3tjsja7mahlbelshkx/app.bsky.feed.post/3mfi2uxdztg24,bafyreidzl5t5bdj5sq3l2iodlwup732w5pestsqk67qapu7v7mcxqnfdzu,did:plc:uac6er53o2pvr5y2qmvaf7hw,high-total-facet-count,,at://did:plc:pq4cdu3tjsja7mahlbelshkx/app.bsky.feed.post/3mfi2uxdztg24,2026-02-22T21:19:33.480Z
14b7e0b51dbf463887d2bc771009fde5,2026-02-24T04:00:00Z,2026-02-24T04:12:12Z,auth,auth_enUS_labelerexp,at://did:plc:pq4cdu3tjsja7mahlbelshkx/app.bsky.feed.post/3mfi2uxdztg24,bafyreidzl5t5bdj5sq3l2iodlwup732w5pestsqk67qapu7v7mcxqnfdzu,did:plc:ar7c4by46qjdydhdevvrndac,nudity,,at://did:plc:pq4cdu3tjsja7mahlbelshkx/app.bsky.feed.post/3mfi2uxdztg24,2026-02-22T21:19:34.505Z
14b7e0b51dbf463887d2bc771009fde5,2026-02-24T04:00:00Z,2026-02-24T04:12:12Z,auth,auth_enUS_labelerexp,at://did:plc:pq4cdu3tjsja7mahlbelshkx/app.bsky.feed.post/3mfi2uxdztg24,bafyreidzl5t5bdj5sq3l2iodlwup732w5pestsqk67qapu7v7mcxqnfdzu,did:plc:uac6er53o2pvr5y2qmvaf7hw,telegram-link,,at://did:plc:pq4cdu3tjsja7mahlbelshkx/app.bsky.actor.profile/self,2026-02-15T21:43:32.039Z
14b7e0b51dbf463887d2bc771009fde5,2026-02-24T04:00:00Z,2026-02-24T04:12:12Z,auth,auth_enUS_labelerexp,at://did:plc:edabi54wnyh7uxhwxtr3gago/app.bsky.feed.post/3mfg7gwwp2c2t,bafyreihl7yc6ffg5kv3nucpnjduu764p6imnk2tpcdkhb7zj7pf3ym75mi,did:plc:ar7c4by46qjdydhdevvrndac,porn,,at://did:plc:edabi54wnyh7uxhwxtr3gago/app.bsky.feed.post/3mfg7gwwp2c2t,2026-02-22T03:35:56.442Z
14b7e0b51dbf463887d2bc771009fde5,2026-02-24T04:00:00Z,2026-02-24T04:12:12Z,auth,auth_enUS_labelerexp,at://did:plc:edabi54wnyh7uxhwxtr3gago/app.bsky.feed.post/3mfg7gwwp2c2t,bafyreihl7yc6ffg5kv3nucpnjduu764p6imnk2tpcdkhb7zj7pf3ym75mi,did:plc:ar7c4by46qjdydhdevvrndac,porn,,at://did:plc:edabi54wnyh7uxhwxtr3gago/app.bsky.actor.profile/self,2026-02-22T06:10:12.276Z
14b7e0b51dbf463887d2bc771009fde5,2026-02-24T04:00:00Z,2026-02-24T04:12:12Z,auth,auth_enUS_labelerexp,at://did:plc:whptxgyyhlvbbgtoa4h5dcnb/app.bsky.feed.post/3mf4dyvcjps2k,bafyreigc3q53r4ari3av5rxpcfuenesdesn7tbyiln2vcibpyj2xdjjjg4,did:plc:whptxgyyhlvbbgtoa4h5dcnb,porn,,at://did:plc:whptxgyyhlvbbgtoa4h5dcnb/app.bsky.feed.post/3mf4dyvcjps2k,2026-02-18T05:30:50.695Z
14b7e0b51dbf463887d2bc771009fde5,2026-02-24T04:00:00Z,2026-02-24T04:12:12Z,auth,auth_enUS_labelerexp,at://did:plc:whptxgyyhlvbbgtoa4h5dcnb/app.bsky.feed.post/3mf4dyvcjps2k,bafyreigc3q53r4ari3av5rxpcfuenesdesn7tbyiln2vcibpyj2xdjjjg4,did:plc:ar7c4by46qjdydhdevvrndac,sexual,,at://did:plc:whptxgyyhlvbbgtoa4h5dcnb/app.bsky.actor.profile/self,2025-12-03T09:00:04.179Z
14b7e0b51dbf463887d2bc771009fde5,2026-02-24T04:00:00Z,2026-02-24T04:12:12Z,auth,auth_enUS_labelerexp,at://did:plc:kpkklw7xquafbywvbhpze74r/app.bsky.feed.post/3mfb3lpaoxc2g,bafyreigbqllhxiwwpsn3wyrthy6cndpjy2oen5mkxzmc3hsxkv5ti4ptbq,did:plc:ar7c4by46qjdydhdevvrndac,porn,,at://did:plc:kpkklw7xquafbywvbhpze74r/app.bsky.feed.post/3mfb3lpaoxc2g,2026-02-20T02:43:39.543Z
14b7e0b51dbf463887d2bc771009fde5,2026-02-24T04:00:00Z,2026-02-24T04:12:12Z,auth,auth_enUS_labelerexp,at://did:plc:kpkklw7xquafbywvbhpze74r/app.bsky.feed.post/3mfb3lpaoxc2g,bafyreigbqllhxiwwpsn3wyrthy6cndpjy2oen5mkxzmc3hsxkv5ti4ptbq,did:plc:ar7c4by46qjdydhdevvrndac,sexual,,at://did:plc:kpkklw7xquafbywvbhpze74r/app.bsky.feed.post/3mfb3lpaoxc2g,2026-02-20T02:43:39.543Z
14b7e0b51dbf463887d2bc771009fde5,2026-02-24T04:00:00Z,2026-02-24T04:12:12Z,auth,auth_enUS_labelerexp,at://did:plc:kpkklw7xquafbywvbhpze74r/app.bsky.feed.post/3mfb3lpaoxc2g,bafyreigbqllhxiwwpsn3wyrthy6cndpjy2oen5mkxzmc3hsxkv5ti4ptbq,did:plc:ar7c4by46qjdydhdevvrndac,porn,,at://did:plc:kpkklw7xquafbywvbhpze74r/app.bsky.actor.profile/self,2025-12-25T03:22:27.664Z
14b7e0b51dbf463887d2bc771009fde5,2026-02-24T04:00:00Z,2026-02-24T04:12:12Z,auth,auth_enUS_labelerexp,at://did:plc:l5lvh4utf6cti6ukkgxardqo/app.bsky.feed.post/3mf42sqve5k2r,bafyreifbewq3as5i7ukuleku6634namdsqk27lvc2wdgcuhbeqswllm2xy,did:plc:ar7c4by46qjdydhdevvrndac,porn,,at://did:plc:l5lvh4utf6cti6ukkgxardqo/app.bsky.feed.post/3mf42sqve5k2r,2026-02-18T02:46:25.755Z
14b7e0b51dbf463887d2bc771009fde5,2026-02-24T04:00:00Z,2026-02-24T04:12:12Z,auth,auth_enUS_labelerexp,at://did:plc:7b6wl6ttpdaynkosouvgsp3l/app.bsky.feed.post/3mffhiqrv4c2i,bafyreia4ya4qwdvqqkbg7blwfpd4dmy5ch77fjucwstehqcb4hufdord2m,did:plc:7b6wl6ttpdaynkosouvgsp3l,porn,,at://did:plc:7b6wl6ttpdaynkosouvgsp3l/app.bsky.feed.post/3mffhiqrv4c2i,2026-02-21T20:27:21.715Z
14b7e0b51dbf463887d2bc771009fde5,2026-02-24T04:00:00Z,2026-02-24T04:12:12Z,auth,auth_enUS_labelerexp,at://did:plc:z732wi7dnab4qmh5du4gtgmx/app.bsky.feed.post/3mfaigr2cuy2f,bafyreigz2hvpspxjwan3lprm24lh6xbhipmpfwk2xjqv2bl4klapgt52sa,did:plc:ar7c4by46qjdydhdevvrndac,porn,,at://did:plc:z732wi7dnab4qmh5du4gtgmx/app.bsky.feed.post/3mfaigr2cuy2f,2026-02-19T21:00:52.149Z
14b7e0b51dbf463887d2bc771009fde5,2026-02-24T04:00:00Z,2026-02-24T04:12:12Z,auth,auth_enUS_labelerexp,at://did:plc:z732wi7dnab4qmh5du4gtgmx/app.bsky.feed.post/3mfaigr2cuy2f,bafyreigz2hvpspxjwan3lprm24lh6xbhipmpfwk2xjqv2bl4klapgt52sa,did:plc:z732wi7dnab4qmh5du4gtgmx,nudity,,at://did:plc:z732wi7dnab4qmh5du4gtgmx/app.bsky.feed.post/3mfaigr2cuy2f,2026-02-19T21:00:49.932Z
14b7e0b51dbf463887d2bc771009fde5,2026-02-24T04:00:00Z,2026-02-24T04:12:12Z,auth,auth_enUS_labelerexp,at://did:plc:edabi54wnyh7uxhwxtr3gago/app.bsky.feed.post/3mfdb4bkvxs2v,bafyreigugkwbslm2wrm6n3swp7hf6mtjzpd6uxrrw4vig3gp72hhpwud7a,did:plc:ar7c4by46qjdydhdevvrndac,nudity,,at://did:plc:edabi54wnyh7uxhwxtr3gago/app.bsky.feed.post/3mfdb4bkvxs2v,2026-02-20T23:34:43.481Z
14b7e0b51dbf463887d2bc771009fde5,2026-02-24T04:00:00Z,2026-02-24T04:12:12Z,auth,auth_enUS_labelerexp,at://did:plc:edabi54wnyh7uxhwxtr3gago/app.bsky.feed.post/3mfdb4bkvxs2v,bafyreigugkwbslm2wrm6n3swp7hf6mtjzpd6uxrrw4vig3gp72hhpwud7a,did:plc:ar7c4by46qjdydhdevvrndac,porn,,at://did:plc:edabi54wnyh7uxhwxtr3gago/app.bsky.actor.profile/self,2026-02-22T06:10:12.276Z
14b7e0b51dbf463887d2bc771009fde5,2026-02-24T04:00:00Z,2026-02-24T04:12:12Z,auth,auth_enUS_labelerexp,at://did:plc:vz4mdqugirykagm5nymjwkwi/app.bsky.feed.post/3mfcpnlydfc2a,bafyreiederqsxpgeoz7qpubb72odcne6vx4k63cf3g3spkfn3rh7natl5y,did:plc:vz4mdqugirykagm5nymjwkwi,porn,,at://did:plc:vz4mdqugirykagm5nymjwkwi/app.bsky.feed.post/3mfcpnlydfc2a,2026-02-20T18:15:15.182Z
14b7e0b51dbf463887d2bc771009fde5,2026-02-24T04:00:00Z,2026-02-24T04:12:12Z,auth,auth_enUS_labelerexp,at://did:plc:eog54nyoh4hq42lzvqknnxr4/app.bsky.feed.post/3mfdfbc7pk22k,bafyreidfoadcos3kf2xvk47b7apqg7nsyxqmnjrmhtvvozvy5z6basgpde,did:plc:eog54nyoh4hq42lzvqknnxr4,sexual,,at://did:plc:eog54nyoh4hq42lzvqknnxr4/app.bsky.feed.post/3mfdfbc7pk22k,2026-02-21T00:42:04.604Z
14b7e0b51dbf463887d2bc771009fde5,2026-02-24T04:00:00Z,2026-02-24T04:12:12Z,auth,auth_enUS_labelerexp,at://did:plc:eog54nyoh4hq42lzvqknnxr4/app.bsky.feed.post/3mfdfbc7pk22k,bafyreidfoadcos3kf2xvk47b7apqg7nsyxqmnjrmhtvvozvy5z6basgpde,did:plc:ar7c4by46qjdydhdevvrndac,nudity,,at://did:plc:eog54nyoh4hq42lzvqknnxr4/app.bsky.actor.profile/self,2024-11-11T00:07:31.676Z
14b7e0b51dbf463887d2bc771009fde5,2026-02-24T04:00:00Z,2026-02-24T04:12:12Z,auth,auth_enUS_labelerexp,at://did:plc:hzx6lszy26t5j3hx2lx67hd7/app.bsky.feed.post/3mff5uygchc26,bafyreic5gfl7l677mpozcrw4vmwkfs6kypdurvaf3di4acj345ib7i2rhq,did:plc:uac6er53o2pvr5y2qmvaf7hw,high-total-facet-count,,at://did:plc:hzx6lszy26t5j3hx2lx67hd7/app.bsky.feed.post/3mff5uygchc26,2026-02-21T17:35:29.326Z
14b7e0b51dbf463887d2bc771009fde5,2026-02-24T04:00:00Z,2026-02-24T04:12:12Z,auth,auth_enUS_labelerexp,at://did:plc:hzx6lszy26t5j3hx2lx67hd7/app.bsky.feed.post/3mff5uygchc26,bafyreic5gfl7l677mpozcrw4vmwkfs6kypdurvaf3di4acj345ib7i2rhq,did:plc:ar7c4by46qjdydhdevvrndac,porn,,at://did:plc:hzx6lszy26t5j3hx2lx67hd7/app.bsky.feed.post/3mff5uygchc26,2026-02-21T17:35:31.405Z
14b7e0b51dbf463887d2bc771009fde5,2026-02-24T04:00:00Z,2026-02-24T04:12:12Z,auth,auth_enUS_labelerexp,at://did:plc:7b6wl6ttpdaynkosouvgsp3l/app.bsky.feed.post/3mfbmthogkc2v,bafyreicqlbv7rrxpqqdoppeizbr5a5s4wmye6tkcpgbs43unxoqxwzvfeq,did:plc:ar7c4by46qjdydhdevvrndac,porn,,at://did:plc:7b6wl6ttpdaynkosouvgsp3l/app.bsky.feed.post/3mfbmthogkc2v,2026-02-20T07:52:18.668Z
14b7e0b51dbf463887d2bc771009fde5,2026-02-24T04:00:00Z,2026-02-24T04:12:12Z,auth,auth_enUS_labelerexp,at://did:plc:zg2f7er35myckqolprwsqvg6/app.bsky.feed.post/3mfgkqhtxmk23,bafyreicxykthigbpn5wxalbtem6zumazs6umddbh6bp3yglptajy22zdji,did:plc:ar7c4by46qjdydhdevvrndac,sexual,,at://did:plc:zg2f7er35myckqolprwsqvg6/app.bsky.feed.post/3mfgkqhtxmk23,2026-02-22T06:58:05.168Z
14b7e0b51dbf463887d2bc771009fde5,2026-02-24T04:00:00Z,2026-02-24T04:12:12Z,auth,auth_enUS_labelerexp,at://did:plc:edabi54wnyh7uxhwxtr3gago/app.bsky.feed.post/3mfiij5j5fs2q,bafyreigzi5kg67lhx7kkcnj3uxvnitqu3sbwxh66nit7zq3omgwqdlwlhi,did:plc:ar7c4by46qjdydhdevvrndac,porn,,at://did:plc:edabi54wnyh7uxhwxtr3gago/app.bsky.feed.post/3mfiij5j5fs2q,2026-02-23T01:23:35.229Z
14b7e0b51dbf463887d2bc771009fde5,2026-02-24T04:00:00Z,2026-02-24T04:12:12Z,auth,auth_enUS_labelerexp,at://did:plc:edabi54wnyh7uxhwxtr3gago/app.bsky.feed.post/3mfiij5j5fs2q,bafyreigzi5kg67lhx7kkcnj3uxvnitqu3sbwxh66nit7zq3omgwqdlwlhi,did:plc:ar7c4by46qjdydhdevvrndac,porn,,at://did:plc:edabi54wnyh7uxhwxtr3gago/app.bsky.actor.profile/self,2026-02-22T06:10:12.276Z
14b7e0b51dbf463887d2bc771009fde5,2026-02-24T04:00:00Z,2026-02-24T04:12:12Z,auth,auth_enUS_labelerexp,at://did:plc:tp7ppz6a3eyduaw4z6kp3k2k/app.bsky.feed.post/3mffakgyrar2v,bafyreido2hknmksh3btx2mp4ndwm3umr274bn5o6dr6jlf7lf2exoj5u5e,did:plc:uac6er53o2pvr5y2qmvaf7hw,high-total-facet-count,,at://did:plc:tp7ppz6a3eyduaw4z6kp3k2k/app.bsky.feed.post/3mffakgyrar2v,2026-02-21T18:23:03.748Z
14b7e0b51dbf463887d2bc771009fde5,2026-02-24T04:00:00Z,2026-02-24T04:12:12Z,auth,auth_enUS_labelerexp,at://did:plc:tp7ppz6a3eyduaw4z6kp3k2k/app.bsky.feed.post/3mffakgyrar2v,bafyreido2hknmksh3btx2mp4ndwm3umr274bn5o6dr6jlf7lf2exoj5u5e,did:plc:ar7c4by46qjdydhdevvrndac,porn,,at://did:plc:tp7ppz6a3eyduaw4z6kp3k2k/app.bsky.feed.post/3mffakgyrar2v,2026-02-21T18:23:05.172Z
14b7e0b51dbf463887d2bc771009fde5,2026-02-24T04:00:00Z,2026-02-24T04:12:12Z,auth,auth_enUS_labelerexp,at://did:plc:tp7ppz6a3eyduaw4z6kp3k2k/app.bsky.feed.post/3mffakgyrar2v,bafyreido2hknmksh3btx2mp4ndwm3umr274bn5o6dr6jlf7lf2exoj5u5e,did:plc:uac6er53o2pvr5y2qmvaf7hw,telegram-link,,at://did:plc:tp7ppz6a3eyduaw4z6kp3k2k/app.bsky.actor.profile/self,2026-02-15T21:42:24.527Z
14b7e0b51dbf463887d2bc771009fde5,2026-02-24T04:00:00Z,2026-02-24T04:12:12Z,auth,auth_enUS_labelerexp,at://did:plc:whptxgyyhlvbbgtoa4h5dcnb/app.bsky.feed.post/3mf3wix3sec2x,bafyreic5mczd2fznpxjdicwyequyqxv3xib6aljbptnhovapufqgq3o4ku,did:plc:ar7c4by46qjdydhdevvrndac,nudity,,at://did:plc:whptxgyyhlvbbgtoa4h5dcnb/app.bsky.feed.post/3mf3wix3sec2x,2026-02-18T01:29:20.476Z
14b7e0b51dbf463887d2bc771009fde5,2026-02-24T04:00:00Z,2026-02-24T04:12:12Z,auth,auth_enUS_labelerexp,at://did:plc:whptxgyyhlvbbgtoa4h5dcnb/app.bsky.feed.post/3mf3wix3sec2x,bafyreic5mczd2fznpxjdicwyequyqxv3xib6aljbptnhovapufqgq3o4ku,did:plc:ar7c4by46qjdydhdevvrndac,porn,,at://did:plc:whptxgyyhlvbbgtoa4h5dcnb/app.bsky.feed.post/3mf3wix3sec2x,2026-02-18T01:29:20.476Z
14b7e0b51dbf463887d2bc771009fde5,2026-02-24T04:00:00Z,2026-02-24T04:12:12Z,auth,auth_enUS_labelerexp,at://did:plc:whptxgyyhlvbbgtoa4h5dcnb/app.bsky.feed.post/3mf3wix3sec2x,bafyreic5mczd2fznpxjdicwyequyqxv3xib6aljbptnhovapufqgq3o4ku,did:plc:whptxgyyhlvbbgtoa4h5dcnb,porn,,at://did:plc:whptxgyyhlvbbgtoa4h5dcnb/app.bsky.feed.post/3mf3wix3sec2x,2026-02-18T01:29:17.085Z
14b7e0b51dbf463887d2bc771009fde5,2026-02-24T04:00:00Z,2026-02-24T04:12:12Z,auth,auth_enUS_labelerexp,at://did:plc:whptxgyyhlvbbgtoa4h5dcnb/app.bsky.feed.post/3mf3wix3sec2x,bafyreic5mczd2fznpxjdicwyequyqxv3xib6aljbptnhovapufqgq3o4ku,did:plc:ar7c4by46qjdydhdevvrndac,sexual,,at://did:plc:whptxgyyhlvbbgtoa4h5dcnb/app.bsky.actor.profile/self,2025-12-03T09:00:04.179Z
14b7e0b51dbf463887d2bc771009fde5,2026-02-24T04:00:00Z,2026-02-24T04:12:13Z,auth,auth_enUS_labelerexp,at://did:plc:y5zrpzm7st75zfhtua2hu7bt/app.bsky.feed.post/3mflboglxks2x,bafyreiarijyfwkwh6ujccodrnbg7r6hnjqzo7nqgylb5a2xgomfbqmubd4,did:plc:y5zrpzm7st75zfhtua2hu7bt,!no-unauthenticated,,at://did:plc:y5zrpzm7st75zfhtua2hu7bt/app.bsky.actor.profile/self,1970-01-01T00:00:00.000Z
14b7e0b51dbf463887d2bc771009fde5,2026-02-24T04:00:00Z,2026-02-24T04:12:13Z,auth,auth_enUS_labelerexp,at://did:plc:gft4omwk2w4fzpazuav6ck7j/app.bsky.feed.post/3mfkzfz74xc2t,bafyreiei3zop2rryitz5vl7geg4o6vygjkustehaxqocxf5saedwgow44a,did:plc:gft4omwk2w4fzpazuav6ck7j,!no-unauthenticated,,at://did:plc:gft4omwk2w4fzpazuav6ck7j/app.bsky.actor.profile/self,1970-01-01T00:00:00.000Z
14b7e0b51dbf463887d2bc771009fde5,2026-02-24T04:00:00Z,2026-02-24T04:12:13Z,auth,auth_enUS_labelerexp,at://did:plc:jsyvlelqdcugzjw3qhbrsu3x/app.bsky.feed.post/3mfkxrfedwk2d,bafyreicv6rsf2degnr6ugndsb4kw4yxsu2zf22im4fuqfxeu76uumbunj4,did:plc:jsyvlelqdcugzjw3qhbrsu3x,!no-unauthenticated,,at://did:plc:jsyvlelqdcugzjw3qhbrsu3x/app.bsky.actor.profile/self,1970-01-01T00:00:00.000Z
14b7e0b51dbf463887d2bc771009fde5,2026-02-24T04:00:00Z,2026-02-24T04:12:13Z,auth,auth_enUS_labelerexp,at://did:plc:xuqpmvomthpsz4mtw4vek6s4/app.bsky.feed.post/3mfkm2xfmlk2c,bafyreieyq3iph2236phc3gg3v7nmo4f7vteg22ikglqzjecgxfq3llwl7a,did:plc:xuqpmvomthpsz4mtw4vek6s4,!no-unauthenticated,,at://did:plc:xuqpmvomthpsz4mtw4vek6s4/app.bsky.actor.profile/self,1970-01-01T00:00:00.000Z
14b7e0b51dbf463887d2bc771009fde5,2026-02-24T04:00:00Z,2026-02-24T04:12:13Z,auth,auth_enUS_labelerexp,at://did:plc:yqdzx7lewuux7oehegd3hen7/app.bsky.feed.post/3mfkhoe6y4c2n,bafyreib6lsfizmh3jzhpcgukrgvlbninwzrungq3khmbkvbcanomkfempe,did:plc:uac6er53o2pvr5y2qmvaf7hw,meta-link,,at://did:plc:yqdzx7lewuux7oehegd3hen7/app.bsky.actor.profile/self,2025-07-06T02:42:27.416Z
14b7e0b51dbf463887d2bc771009fde5,2026-02-24T04:00:00Z,2026-02-24T04:12:13Z,auth,auth_enUS_labelerexp,at://did:plc:yqdzx7lewuux7oehegd3hen7/app.bsky.feed.post/3mfkhoe6y4c2n,bafyreib6lsfizmh3jzhpcgukrgvlbninwzrungq3khmbkvbcanomkfempe,did:plc:yqdzx7lewuux7oehegd3hen7,!no-unauthenticated,,at://did:plc:yqdzx7lewuux7oehegd3hen7/app.bsky.actor.profile/self,2024-11-13T22:53:05.353Z
14b7e0b51dbf463887d2bc771009fde5,2026-02-24T04:00:00Z,2026-02-24T04:12:13Z,auth,auth_enUS_labelerexp,at://did:plc:ildabiyd7kugea4pdxe6k7si/app.bsky.feed.post/3mfkc4wzn622c,bafyreiet5uuaql55kxcmulk3joinc435sl55vsbvhelkv2tqowmcsxfygi,did:plc:ildabiyd7kugea4pdxe6k7si,!no-unauthenticated,,at://did:plc:ildabiyd7kugea4pdxe6k7si/app.bsky.actor.profile/self,1970-01-01T00:00:00.000Z
14b7e0b51dbf463887d2bc771009fde5,2026-02-24T04:00:00Z,2026-02-24T04:12:13Z,auth,auth_enUS_labelerexp,at://did:plc:gcnrnyiufrle5ib3fomv3o35/app.bsky.feed.post/3mfjzj2lrch2p,bafyreih6643kfgloxz7wgu765ytjhgqui4hpffk3mbjjkledvnlkrvx3vy,did:plc:l624mewisyr6hymexmrjkprc,writer,,did:plc:gcnrnyiufrle5ib3fomv3o35,2024-11-23T00:08:01.217Z
14b7e0b51dbf463887d2bc771009fde5,2026-02-24T04:00:00Z,2026-02-24T04:12:13Z,auth,auth_enUS_labelerexp,at://did:plc:gcnrnyiufrle5ib3fomv3o35/app.bsky.feed.post/3mfjzj2lrch2p,bafyreih6643kfgloxz7wgu765ytjhgqui4hpffk3mbjjkledvnlkrvx3vy,did:plc:gcnrnyiufrle5ib3fomv3o35,!no-unauthenticated,,at://did:plc:gcnrnyiufrle5ib3fomv3o35/app.bsky.actor.profile/self,2024-02-15T16:48:27.808Z
14b7e0b51dbf463887d2bc771009fde5,2026-02-24T04:00:00Z,2026-02-24T04:12:13Z,auth,auth_enUS_labelerexp,at://did:plc:dbk23kfjikzh52l4kjn4punr/app.bsky.feed.post/3mfjuqhiulc26,bafyreifrhmbga3ohoekfikl4rwdzgk3ywno7mms42fqpeu553hoatvtwii,did:plc:dbk23kfjikzh52l4kjn4punr,!no-unauthenticated,,at://did:plc:dbk23kfjikzh52l4kjn4punr/app.bsky.actor.profile/self,1970-01-01T00:00:00.000Z
14b7e0b51dbf463887d2bc771009fde5,2026-02-24T04:00:00Z,2026-02-24T04:12:13Z,auth,auth_enUS_labelerexp,at://did:plc:gcnrnyiufrle5ib3fomv3o35/app.bsky.feed.post/3mfjuhpux4a2k,bafyreihh4xgvuzkq3jthar3wb2nycuqgornfdahqw7gjadijuegjzk3isu,did:plc:l624mewisyr6hymexmrjkprc,writer,,did:plc:gcnrnyiufrle5ib3fomv3o35,2024-11-23T00:08:01.217Z
14b7e0b51dbf463887d2bc771009fde5,2026-02-24T04:00:00Z,2026-02-24T04:12:13Z,auth,auth_enUS_labelerexp,at://did:plc:gcnrnyiufrle5ib3fomv3o35/app.bsky.feed.post/3mfjuhpux4a2k,bafyreihh4xgvuzkq3jthar3wb2nycuqgornfdahqw7gjadijuegjzk3isu,did:plc:gcnrnyiufrle5ib3fomv3o35,!no-unauthenticated,,at://did:plc:gcnrnyiufrle5ib3fomv3o35/app.bsky.actor.profile/self,2024-02-15T16:48:27.808Z
14b7e0b51dbf463887d2bc771009fde5,2026-02-24T04:00:00Z,2026-02-24T04:12:13Z,auth,auth_enUS_labelerexp,at://did:plc:xcbnex4tdl2fa3bjopeviia2/app.bsky.feed.post/3mfjmcxlkwk2k,bafyreibouo3rhsz45tf567z4riqfh2en2idlxvl6sllkoqqkwmmfierpb4,did:plc:xcbnex4tdl2fa3bjopeviia2,!no-unauthenticated,,at://did:plc:xcbnex4tdl2fa3bjopeviia2/app.bsky.actor.profile/self,1970-01-01T00:00:00.000Z
14b7e0b51dbf463887d2bc771009fde5,2026-02-24T04:00:00Z,2026-02-24T04:12:13Z,auth,auth_enUS_labelerexp,at://did:plc:7oslqf554gyvd5523tkdzy3c/app.bsky.feed.post/3mfiuouxsts2g,bafyreicpjdamkexdz5bcweqeqehtqfo4fq7e7hlufdcdxpbqfcojtocfte,did:plc:7oslqf554gyvd5523tkdzy3c,!no-unauthenticated,,at://did:plc:7oslqf554gyvd5523tkdzy3c/app.bsky.actor.profile/self,1970-01-01T00:00:00.000Z
14b7e0b51dbf463887d2bc771009fde5,2026-02-24T04:00:00Z,2026-02-24T04:12:13Z,auth,auth_enUS_labelerexp,at://did:plc:vxmvvejnqpw7lajld3oez3nc/app.bsky.feed.post/3mfisym6zss22,bafyreihzpgugw3w6z5jnwdxzqjn577br4eamgat26gbdxxeimpxd7c6t3y,did:plc:vxmvvejnqpw7lajld3oez3nc,!no-unauthenticated,,at://did:plc:vxmvvejnqpw7lajld3oez3nc/app.bsky.actor.profile/self,1970-01-01T00:00:00.000Z
14b7e0b51dbf463887d2bc771009fde5,2026-02-24T04:00:00Z,2026-02-24T04:12:13Z,auth,auth_enUS_labelerexp,at://did:plc:gsbglydb3xnq3x36den2dc34/app.bsky.feed.post/3mfirm5eahk2m,bafyreih5h3cqng6g5ersyne2kfkxotrpmsm5pepiazy3aqslisa2asicgq,did:plc:gsbglydb3xnq3x36den2dc34,!no-unauthenticated,,at://did:plc:gsbglydb3xnq3x36den2dc34/app.bsky.actor.profile/self,1970-01-01T00:00:00.000Z
14b7e0b51dbf463887d2bc771009fde5,2026-02-24T04:00:00Z,2026-02-24T04:12:13Z,auth,auth_enUS_labelerexp,at://did:plc:gft4omwk2w4fzpazuav6ck7j/app.bsky.feed.post/3mfipcicqas2y,bafyreifhpv7ieuogu23ofrfmapiqb5lv6tp3osuey5w3po2dn5tqzibtla,did:plc:gft4omwk2w4fzpazuav6ck7j,!no-unauthenticated,,at://did:plc:gft4omwk2w4fzpazuav6ck7j/app.bsky.actor.profile/self,1970-01-01T00:00:00.000Z
14b7e0b51dbf463887d2bc771009fde5,2026-02-24T04:00:00Z,2026-02-24T04:12:13Z,auth,auth_enUS_labelerexp,at://did:plc:rkyktfd5iilxviccnhftzew7/app.bsky.feed.post/3mfidt76m5k23,bafyreihd4jdv75h2kshmuti6lsnuwtjopdwwngmkvwtz44735rm5k22tqy,did:plc:rkyktfd5iilxviccnhftzew7,!no-unauthenticated,,at://did:plc:rkyktfd5iilxviccnhftzew7/app.bsky.actor.profile/self,1970-01-01T00:00:00.000Z
14b7e0b51dbf463887d2bc771009fde5,2026-02-24T04:00:00Z,2026-02-24T04:12:13Z,auth,auth_enUS_labelerexp,at://did:plc:jsyvlelqdcugzjw3qhbrsu3x/app.bsky.feed.post/3mfidaqekyc2d,bafyreiggnnj3rw2it34bopimnoxbuibckrkqhbhoiihoaamtq3wzbmrpei,did:plc:jsyvlelqdcugzjw3qhbrsu3x,!no-unauthenticated,,at://did:plc:jsyvlelqdcugzjw3qhbrsu3x/app.bsky.actor.profile/self,1970-01-01T00:00:00.000Z
14b7e0b51dbf463887d2bc771009fde5,2026-02-24T04:00:00Z,2026-02-24T04:12:13Z,auth,auth_enUS_labelerexp,at://did:plc:36bg4f3a7mhvxismjpdu3k5x/app.bsky.feed.post/3mfi6dkjv6k24,bafyreifsmb3sz3nck47c65ruc6qhlgpne7r6oiumkpnyiz6t37mv4nkkju,did:plc:ar7c4by46qjdydhdevvrndac,rude,,did:plc:36bg4f3a7mhvxismjpdu3k5x,2025-08-29T14:08:16.506Z
14b7e0b51dbf463887d2bc771009fde5,2026-02-24T04:00:00Z,2026-02-24T04:12:13Z,auth,auth_enUS_labelerexp,at://did:plc:36bg4f3a7mhvxismjpdu3k5x/app.bsky.feed.post/3mfi6dkjv6k24,bafyreifsmb3sz3nck47c65ruc6qhlgpne7r6oiumkpnyiz6t37mv4nkkju,did:plc:36bg4f3a7mhvxismjpdu3k5x,!no-unauthenticated,,at://did:plc:36bg4f3a7mhvxismjpdu3k5x/app.bsky.actor.profile/self,1970-01-01T00:00:00.000Z
14b7e0b51dbf463887d2bc771009fde5,2026-02-24T04:00:00Z,2026-02-24T04:12:13Z,auth,auth_enUS_labelerexp,at://did:plc:rkyktfd5iilxviccnhftzew7/app.bsky.feed.post/3mfi4yenu6223,bafyreih2woedlu57sq5ai6jv475qayq72regmrbrwxp73ckeg6zjj7xms4,did:plc:rkyktfd5iilxviccnhftzew7,!no-unauthenticated,,at://did:plc:rkyktfd5iilxviccnhftzew7/app.bsky.actor.profile/self,1970-01-01T00:00:00.000Z
14b7e0b51dbf463887d2bc771009fde5,2026-02-24T04:00:00Z,2026-02-24T04:12:13Z,auth,auth_enUS_labelerexp,at://did:plc:jsyvlelqdcugzjw3qhbrsu3x/app.bsky.feed.post/3mfi32x4lbk2u,bafyreidj3tzussquxerz5qax7bqesmvmulzn3ct2kpe75zl6w23rnravlm,did:plc:jsyvlelqdcugzjw3qhbrsu3x,!no-unauthenticated,,at://did:plc:jsyvlelqdcugzjw3qhbrsu3x/app.bsky.actor.profile/self,1970-01-01T00:00:00.000Z
14b7e0b51dbf463887d2bc771009fde5,2026-02-24T04:00:00Z,2026-02-24T04:12:14Z,auth,auth_enUS_labelerexp,at://did:plc:3x3ihclekohmwhaf25gilu5z/app.bsky.feed.post/3mflbd7ggls2n,bafyreih3jwbjkqbguo23rolloc6dgjms7ja6j4etdhvcnt4l42egmksnge,did:plc:uac6er53o2pvr5y2qmvaf7hw,abusive,,at://did:plc:3x3ihclekohmwhaf25gilu5z/app.bsky.actor.profile/self,2025-06-17T23:52:47.675Z
14b7e0b51dbf463887d2bc771009fde5,2026-02-24T04:00:00Z,2026-02-24T04:12:14Z,auth,auth_enUS_labelerexp,at://did:plc:kmhzggjievaeql2mbaglzptf/app.bsky.feed.post/3mflb25nn4225,bafyreiczu6lu7qnhrt3ytcx5rfcrve3itdyzrzsex6qdxqc7lualqzarsi,did:plc:kmhzggjievaeql2mbaglzptf,!no-unauthenticated,,at://did:plc:kmhzggjievaeql2mbaglzptf/app.bsky.actor.profile/self,1970-01-01T00:00:00.000Z
14b7e0b51dbf463887d2bc771009fde5,2026-02-24T04:00:00Z,2026-02-24T04:12:14Z,auth,auth_enUS_labelerexp,at://did:plc:lu653utq3npxx5j6nwujxcu2/app.bsky.feed.post/3mflahk56hk2g,bafyreieurvjshi3ngu2dta2t72glnf6r2wpgzalg7mpnja7ycvawmy2x6a,did:plc:lu653utq3npxx5j6nwujxcu2,!no-unauthenticated,,at://did:plc:lu653utq3npxx5j6nwujxcu2/app.bsky.actor.profile/self,1970-01-01T00:00:00.000Z
14b7e0b51dbf463887d2bc771009fde5,2026-02-24T04:00:00Z,2026-02-24T04:12:14Z,auth,auth_enUS_labelerexp,at://did:plc:eqfkkowon5oc23fu33xxgdlh/app.bsky.feed.post/3mfla55syjc24,bafyreibgkabv2ielkm4ir7wzynkjoyptmcqrtpg7ekjidcqrqnvqk3wcrm,did:plc:eqfkkowon5oc23fu33xxgdlh,!no-unauthenticated,,at://did:plc:eqfkkowon5oc23fu33xxgdlh/app.bsky.actor.profile/self,1970-01-01T00:00:00.000Z
14b7e0b51dbf463887d2bc771009fde5,2026-02-24T04:00:00Z,2026-02-24T04:12:14Z,auth,auth_enUS_labelerexp,at://did:plc:u4mjjpfysrvyc3txj76byiqz/app.bsky.feed.post/3mfl7pgsjqc2a,bafyreid257euhmth7gbfiyxkjr5y22rwxdytdju272wbijvlk6bjbc4bqq,did:plc:u4mjjpfysrvyc3txj76byiqz,!no-unauthenticated,,at://did:plc:u4mjjpfysrvyc3txj76byiqz/app.bsky.actor.profile/self,2025-01-21T22:59:58.182Z
14b7e0b51dbf463887d2bc771009fde5,2026-02-24T04:00:00Z,2026-02-24T04:12:14Z,auth,auth_enUS_labelerexp,at://did:plc:yboojvlmzjykbuhoiy4g4i5c/app.bsky.feed.post/3mfl7oyhvxc2c,bafyreifrznkeujwmuvh64ytyda2dmpsnmn5fizbg2nyigl3m7ljwforx2m,did:plc:l624mewisyr6hymexmrjkprc,artistdesigner,,did:plc:yboojvlmzjykbuhoiy4g4i5c,2024-10-24T17:19:33.095Z
14b7e0b51dbf463887d2bc771009fde5,2026-02-24T04:00:00Z,2026-02-24T04:12:14Z,auth,auth_enUS_labelerexp,at://did:plc:yboojvlmzjykbuhoiy4g4i5c/app.bsky.feed.post/3mfl7oyhvxc2c,bafyreifrznkeujwmuvh64ytyda2dmpsnmn5fizbg2nyigl3m7ljwforx2m,did:plc:l624mewisyr6hymexmrjkprc,writer,,did:plc:yboojvlmzjykbuhoiy4g4i5c,2024-10-24T17:19:42.300Z
14b7e0b51dbf463887d2bc771009fde5,2026-02-24T04:00:00Z,2026-02-24T04:12:14Z,auth,auth_enUS_labelerexp,at://did:plc:pjkh5qzjfr4eamsvhikbu7gx/app.bsky.feed.post/3mfl7ayovn22x,bafyreibvpi7rvmkx5adazz6oigk7xy2qazizcrpkvk5xdvatqbwzthrcgu,did:plc:pjkh5qzjfr4eamsvhikbu7gx,!no-unauthenticated,,at://did:plc:pjkh5qzjfr4eamsvhikbu7gx/app.bsky.actor.profile/self,1970-01-01T00:00:00.000Z
14b7e0b51dbf463887d2bc771009fde5,2026-02-24T04:00:00Z,2026-02-24T04:12:14Z,auth,auth_enUS_labelerexp,at://did:plc:wl572mx6wggmz4ppeitecay3/app.bsky.feed.post/3mfl745v6422z,bafyreignlalcmjn2kimmnk77jn2hxpntkoxiobf32dhhcifafav4a2cbia,did:plc:wl572mx6wggmz4ppeitecay3,porn,,at://did:plc:wl572mx6wggmz4ppeitecay3/app.bsky.feed.post/3mfl745v6422z,2026-02-24T03:13:07.734Z
14b7e0b51dbf463887d2bc771009fde5,2026-02-24T04:00:00Z,2026-02-24T04:12:14Z,auth,auth_enUS_labelerexp,at://did:plc:wl572mx6wggmz4ppeitecay3/app.bsky.feed.post/3mfl745v6422z,bafyreignlalcmjn2kimmnk77jn2hxpntkoxiobf32dhhcifafav4a2cbia,did:plc:uac6er53o2pvr5y2qmvaf7hw,x-link,,at://did:plc:wl572mx6wggmz4ppeitecay3/app.bsky.actor.profile/self,2026-01-14T16:32:17.785Z
14b7e0b51dbf463887d2bc771009fde5,2026-02-24T04:00:00Z,2026-02-24T04:12:14Z,auth,auth_enUS_labelerexp,at://did:plc:xt43okvrn5paeaox6ejjoydl/app.bsky.feed.post/3mfl6jopdyc2r,bafyreihoudpyzhlpnthkm4mu3f4h373275oxb4nazc6pnj5proihtmexhe,did:plc:uac6er53o2pvr5y2qmvaf7hw,meta-link,,at://did:plc:xt43okvrn5paeaox6ejjoydl/app.bsky.actor.profile/self,2025-06-18T17:31:51.044Z
14b7e0b51dbf463887d2bc771009fde5,2026-02-24T04:00:00Z,2026-02-24T04:12:15Z,auth,auth_enUS_labelerexp,at://did:plc:l72uci4styb4jucsgcrrj5ap/app.bsky.feed.post/3mfkwsc2udk26,bafyreifeuqbfpn65chvwr5ohxq3tjrrcxkzwaouu4mgrvng7f3hwajc56m,did:plc:l72uci4styb4jucsgcrrj5ap,!no-unauthenticated,,at://did:plc:l72uci4styb4jucsgcrrj5ap/app.bsky.actor.profile/self,1970-01-01T00:00:00.000Z
14b7e0b51dbf463887d2bc771009fde5,2026-02-24T04:00:00Z,2026-02-24T04:12:15Z,auth,auth_enUS_labelerexp,at://did:plc:lhix3ly5xfvgtksrifgyji5q/app.bsky.feed.post/3mfkszdu2ok2d,bafyreifsafxfy6xzidr2a34d5tfbofsukjlqv4f2weulg5a5j6onshw7t4,did:plc:lhix3ly5xfvgtksrifgyji5q,!no-unauthenticated,,at://did:plc:lhix3ly5xfvgtksrifgyji5q/app.bsky.actor.profile/self,1970-01-01T00:00:00.000Z
14b7e0b51dbf463887d2bc771009fde5,2026-02-24T04:00:00Z,2026-02-24T04:12:15Z,auth,auth_enUS_labelerexp,at://did:plc:2vhm7n4xooo65tehcbomhoks/app.bsky.feed.post/3mfkrkctpt22q,bafyreie2eltiks7jxkifv4ufgbsxnm2bdp4tdtcpajzbpnzkq2fqdnguyu,did:plc:2vhm7n4xooo65tehcbomhoks,!no-unauthenticated,,at://did:plc:2vhm7n4xooo65tehcbomhoks/app.bsky.actor.profile/self,1970-01-01T00:00:00.000Z
14b7e0b51dbf463887d2bc771009fde5,2026-02-24T04:00:00Z,2026-02-24T04:12:15Z,auth,auth_enUS_labelerexp,at://did:plc:wa3p5bmxajjaech3jrfi4hvx/app.bsky.feed.post/3mfkk6uty7m2u,bafyreigmgdzztgsbatjmxesvo7qplopitsdg5gemqylh5nhp2dzm6s5bgi,did:plc:wa3p5bmxajjaech3jrfi4hvx,!no-unauthenticated,,at://did:plc:wa3p5bmxajjaech3jrfi4hvx/app.bsky.actor.profile/self,2024-11-19T15:47:23.014Z
14b7e0b51dbf463887d2bc771009fde5,2026-02-24T04:00:00Z,2026-02-24T04:12:15Z,auth,auth_enUS_labelerexp,at://did:plc:wa3p5bmxajjaech3jrfi4hvx/app.bsky.feed.post/3mfkj4xvnus2u,bafyreian3mlkulyxlludlk22x7lvxahkgjxpmfkscz6rwhn3a5agnhmlai,did:plc:wa3p5bmxajjaech3jrfi4hvx,!no-unauthenticated,,at://did:plc:wa3p5bmxajjaech3jrfi4hvx/app.bsky.actor.profile/self,2024-11-19T15:47:23.014Z
14b7e0b51dbf463887d2bc771009fde5,2026-02-24T04:00:00Z,2026-02-24T04:12:15Z,auth,auth_enUS_labelerexp,at://did:plc:rpuir5wphl6wml4rpvq4mjsu/app.bsky.feed.post/3mfkhdycmgg2o,bafyreiga5niohjkf5oria22sw25k7mmg7puar52i2fmorbvdv344eluomq,did:plc:rpuir5wphl6wml4rpvq4mjsu,!no-unauthenticated,,at://did:plc:rpuir5wphl6wml4rpvq4mjsu/app.bsky.actor.profile/self,2024-11-10T13:55:44.804Z
14b7e0b51dbf463887d2bc771009fde5,2026-02-24T04:00:00Z,2026-02-24T04:12:15Z,auth,auth_enUS_labelerexp,at://did:plc:tlcyunghi6t4z7bxnxpddz6d/app.bsky.feed.post/3mfkbvcm77g2q,bafyreichxhwkbo5rvuix2jvsnxu4jle4jsztdokmpa4r3abzu7f33dsvya,did:plc:tlcyunghi6t4z7bxnxpddz6d,!no-unauthenticated,,at://did:plc:tlcyunghi6t4z7bxnxpddz6d/app.bsky.actor.profile/self,2024-11-16T02:36:35.783Z
14b7e0b51dbf463887d2bc771009fde5,2026-02-24T04:00:00Z,2026-02-24T04:12:16Z,auth,auth_enUS_labelerexp,at://did:plc:xsvfhbvi6jsvcdfztqptt7kg/app.bsky.feed.post/3mfjybagxbc2b,bafyreihy3wjawn6a6eeuy3r5igobng3xkv5zlnflcilkxyudt4uhcxa56i,did:plc:xsvfhbvi6jsvcdfztqptt7kg,!no-unauthenticated,,at://did:plc:xsvfhbvi6jsvcdfztqptt7kg/app.bsky.actor.profile/self,1970-01-01T00:00:00.000Z
14b7e0b51dbf463887d2bc771009fde5,2026-02-24T04:00:00Z,2026-02-24T04:12:16Z,auth,auth_enUS_labelerexp,at://did:plc:mgd5zc4n6kc7gjypqxikbsuu/app.bsky.feed.post/3mfdghu4q2c2j,bafyreiageuqhgenehgnl7ctntj4ggzi4qgmds5mlclvnbu6p35uq6ukbri,did:plc:mgd5zc4n6kc7gjypqxikbsuu,!no-unauthenticated,,at://did:plc:mgd5zc4n6kc7gjypqxikbsuu/app.bsky.actor.profile/self,1970-01-01T00:00:00.000Z
14b7e0b51dbf463887d2bc771009fde5,2026-02-24T04:00:00Z,2026-02-24T04:12:16Z,auth,auth_enUS_labelerexp,at://did:plc:mgd5zc4n6kc7gjypqxikbsuu/app.bsky.feed.post/3mfb3g5nnjs2o,bafyreifg4oourff33gchzobb6xxloeqwbhlo5f3dgx2ief735l7mtrkg3u,did:plc:mgd5zc4n6kc7gjypqxikbsuu,!no-unauthenticated,,at://did:plc:mgd5zc4n6kc7gjypqxikbsuu/app.bsky.actor.profile/self,1970-01-01T00:00:00.000Z
14b7e0b51dbf463887d2bc771009fde5,2026-02-24T04:00:00Z,2026-02-24T04:12:16Z,auth,auth_enUS_labelerexp,at://did:plc:mgd5zc4n6kc7gjypqxikbsuu/app.bsky.feed.post/3mfafmag26k25,bafyreig5glh7omm3znzzb3754d2dcdhi6cvfz5que77rt4rhd57yp3brym,did:plc:mgd5zc4n6kc7gjypqxikbsuu,!no-unauthenticated,,at://did:plc:mgd5zc4n6kc7gjypqxikbsuu/app.bsky.actor.profile/self,1970-01-01T00:00:00.000Z
14b7e0b51dbf463887d2bc771009fde5,2026-02-24T04:00:00Z,2026-02-24T04:12:16Z,auth,auth_enUS_labelerexp,at://did:plc:iriqg3r7ztl6rxsryw4khz7v/app.bsky.feed.post/3mez7kznan223,bafyreidraly6d7xsfiz3gj5cvo4zpla5khsopitbtgojgl7gezmpsy3ile,did:plc:iriqg3r7ztl6rxsryw4khz7v,!no-unauthenticated,,at://did:plc:iriqg3r7ztl6rxsryw4khz7v/app.bsky.actor.profile/self,1970-01-01T00:00:00.000Z
14b7e0b51dbf463887d2bc771009fde5,2026-02-24T04:00:00Z,2026-02-24T04:12:16Z,auth,auth_enUS_labelerexp,at://did:plc:qd3nkzfr6a4sq2cul5e3y5dn/app.bsky.feed.post/3meqc5acrjs2f,bafyreigmwun2jvimau7pmqzl2wvsmqzdz5xftgvycozj4plqisk4w2fyqe,did:plc:qd3nkzfr6a4sq2cul5e3y5dn,!no-unauthenticated,,at://did:plc:qd3nkzfr6a4sq2cul5e3y5dn/app.bsky.actor.profile/self,2024-09-24T07:11:02.277Z
14b7e0b51dbf463887d2bc771009fde5,2026-02-24T04:00:00Z,2026-02-24T04:12:18Z,auth,auth_enUS_labelerexp,at://did:plc:oenp7isehvr65elhknbdju2b/app.bsky.feed.post/3lbgjkiwfcs2k,bafyreifmafafrnvqurxninlaqzxfhkksundsv7fogpega6lhuec6ec3rwa,did:plc:oenp7isehvr65elhknbdju2b,!no-unauthenticated,,at://did:plc:oenp7isehvr65elhknbdju2b/app.bsky.actor.profile/self,1970-01-01T00:00:00.000Z
14b7e0b51dbf463887d2bc771009fde5,2026-02-24T04:00:00Z,2026-02-24T04:12:18Z,auth,auth_enUS_labelerexp,at://did:plc:bfqzv3xauiyuua6esfbhfmto/app.bsky.feed.post/3mflc577ctc2v,bafyreiap3omevq2xnmlnh3yiux4uyetbxwwjc6nkawizj7qbd5jurekktm,did:plc:bfqzv3xauiyuua6esfbhfmto,!no-unauthenticated,,at://did:plc:bfqzv3xauiyuua6esfbhfmto/app.bsky.actor.profile/self,1970-01-01T00:00:00.000Z
14b7e0b51dbf463887d2bc771009fde5,2026-02-24T04:00:00Z,2026-02-24T04:12:18Z,auth,auth_enUS_labelerexp,at://did:plc:gsg6lzsdkl237vwwolnagnvd/app.bsky.feed.post/3mflblfxpg22f,bafyreihukznw5p6taaeyvltmb26k7bjt4kemwb64r7oc6zqg4rfktjnoum,did:plc:gsg6lzsdkl237vwwolnagnvd,!no-unauthenticated,,at://did:plc:gsg6lzsdkl237vwwolnagnvd/app.bsky.actor.profile/self,2024-10-22T01:38:06.329Z
14b7e0b51dbf463887d2bc771009fde5,2026-02-24T04:00:00Z,2026-02-24T04:12:18Z,auth,auth_enUS_labelerexp,at://did:plc:fwmsu2bnu5an363lvv5kfhuv/app.bsky.feed.post/3mflb4vglt22b,bafyreigptc4moqldoxl2vjqjhf27tp2hbywddotndryxcruaxiude2tvxu,did:plc:ar7c4by46qjdydhdevvrndac,sexual,,at://did:plc:fwmsu2bnu5an363lvv5kfhuv/app.bsky.actor.profile/self,2024-04-08T08:55:11.579Z
14b7e0b51dbf463887d2bc771009fde5,2026-02-24T04:00:00Z,2026-02-24T04:12:18Z,auth,auth_enUS_labelerexp,at://did:plc:wu3febn4wiyklnp4mejaqqip/app.bsky.feed.post/3mflay5upjs2p,bafyreifogm3plbayzfrokhopk3oahrhcu4nnyswqochysjl4pxh45yvj64,did:plc:wu3febn4wiyklnp4mejaqqip,sexual,,at://did:plc:wu3febn4wiyklnp4mejaqqip/app.bsky.feed.post/3mflay5upjs2p,2026-02-24T03:46:40.998Z
14b7e0b51dbf463887d2bc771009fde5,2026-02-24T04:00:00Z,2026-02-24T04:12:18Z,auth,auth_enUS_labelerexp,at://did:plc:3f6jqrm2l6gstyovdvzljsky/app.bsky.feed.post/3mfl7fthwpc23,bafyreiep45mhvpvkkvqrxntykctvk4ohbsw5kcnvf7rwglgcvyvq4rc224,did:plc:3f6jqrm2l6gstyovdvzljsky,!no-unauthenticated,,at://did:plc:3f6jqrm2l6gstyovdvzljsky/app.bsky.actor.profile/self,1970-01-01T00:00:00.000Z
14b7e0b51dbf463887d2bc771009fde5,2026-02-24T04:00:00Z,2026-02-24T04:12:18Z,auth,auth_enUS_labelerexp,at://did:plc:f37533c744hx3iitc5jdqq4p/app.bsky.feed.post/3mfl76amebk2n,bafyreifrlulqsytjz73u4gi6d5ew3drqhdrenhpnornup7756eh4jdwbsu,did:plc:f37533c744hx3iitc5jdqq4p,!no-unauthenticated,,at://did:plc:f37533c744hx3iitc5jdqq4p/app.bsky.actor.profile/self,2024-10-28T17:14:50.051Z
14b7e0b51dbf463887d2bc771009fde5,2026-02-24T04:00:00Z,2026-02-24T04:12:18Z,auth,auth_enUS_labelerexp,at://did:plc:vknv6jt442kcpychtoor5bai/app.bsky.feed.post/3mfl6fuzjh22v,bafyreiapyx6npwurdv4osordw3e527fqqrgfbe6lls573jyxtunfmzuz7e,did:plc:vknv6jt442kcpychtoor5bai,!no-unauthenticated,,at://did:plc:vknv6jt442kcpychtoor5bai/app.bsky.actor.profile/self,2024-11-13T18:43:35.978Z
14b7e0b51dbf463887d2bc771009fde5,2026-02-24T04:00:00Z,2026-02-24T04:12:18Z,auth,auth_enUS_labelerexp,at://did:plc:35mrmehc4xgurw4vrd3jtukk/app.bsky.feed.post/3mfl6ezjgec26,bafyreibxdyi6wzbtzmelriiigfqqmxy2triv6s5rmqfvpnl6zap43lluhe,did:plc:35mrmehc4xgurw4vrd3jtukk,!no-unauthenticated,,at://did:plc:35mrmehc4xgurw4vrd3jtukk/app.bsky.actor.profile/self,2024-08-10T20:32:51.462Z
14b7e0b51dbf463887d2bc771009fde5,2026-02-24T04:00:00Z,2026-02-24T04:12:18Z,auth,auth_enUS_labelerexp,at://did:plc:b7yv7l7fhaxfriokryvmqg64/app.bsky.feed.post/3mfl6blalj22c,bafyreie44j2ipmpcyo7z4kshnv7y4lvbnp5dgjitb7beupxdh6pkaugjfy,did:plc:uac6er53o2pvr5y2qmvaf7hw,meta-link,,at://did:plc:b7yv7l7fhaxfriokryvmqg64/app.bsky.actor.profile/self,2025-09-25T17:18:51.628Z
14b7e0b51dbf463887d2bc771009fde5,2026-02-24T04:00:00Z,2026-02-24T04:12:18Z,auth,auth_enUS_labelerexp,at://did:plc:nwhz3fkzpxu4fs3nilsqsp5u/app.bsky.feed.post/3mfl63hg73s2m,bafyreichh3qjgxepzhke4lvqleze5r3axa2xeyd56cdda75yrqqf2yvh4a,did:plc:nwhz3fkzpxu4fs3nilsqsp5u,!no-unauthenticated,,at://did:plc:nwhz3fkzpxu4fs3nilsqsp5u/app.bsky.actor.profile/self,1970-01-01T00:00:00.000Z
14b7e0b51dbf463887d2bc771009fde5,2026-02-24T04:00:00Z,2026-02-24T04:12:19Z,auth,auth_enUS_labelerexp,at://did:plc:stu4unkwieyt5suhyfl6u5e4/app.bsky.feed.post/3mflc3cdjq22g,bafyreibvto3kdyti6clb3e2qf23fipxlyywsdmpfouork7b6h3iscripw4,did:plc:uac6er53o2pvr5y2qmvaf7hw,abusive,,did:plc:stu4unkwieyt5suhyfl6u5e4,2024-12-11T15:00:44.700Z
14b7e0b51dbf463887d2bc771009fde5,2026-02-24T04:00:00Z,2026-02-24T04:12:19Z,auth,auth_enUS_labelerexp,at://did:plc:stu4unkwieyt5suhyfl6u5e4/app.bsky.feed.post/3mflc3cdjq22g,bafyreibvto3kdyti6clb3e2qf23fipxlyywsdmpfouork7b6h3iscripw4,did:plc:uac6er53o2pvr5y2qmvaf7hw,hate-symbol,,did:plc:stu4unkwieyt5suhyfl6u5e4,2025-11-03T05:33:12.622Z
14b7e0b51dbf463887d2bc771009fde5,2026-02-24T04:00:00Z,2026-02-24T04:12:19Z,auth,auth_enUS_labelerexp,at://did:plc:stu4unkwieyt5suhyfl6u5e4/app.bsky.feed.post/3mflc3cdjq22g,bafyreibvto3kdyti6clb3e2qf23fipxlyywsdmpfouork7b6h3iscripw4,did:plc:uac6er53o2pvr5y2qmvaf7hw,violent,,did:plc:stu4unkwieyt5suhyfl6u5e4,2025-03-07T03:40:50.630Z
14b7e0b51dbf463887d2bc771009fde5,2026-02-24T04:00:00Z,2026-02-24T04:12:19Z,auth,auth_enUS_labelerexp,at://did:plc:stu4unkwieyt5suhyfl6u5e4/app.bsky.feed.post/3mflc3cdjq22g,bafyreibvto3kdyti6clb3e2qf23fipxlyywsdmpfouork7b6h3iscripw4,did:plc:stu4unkwieyt5suhyfl6u5e4,!no-unauthenticated,,at://did:plc:stu4unkwieyt5suhyfl6u5e4/app.bsky.actor.profile/self,1970-01-01T00:00:00.000Z
14b7e0b51dbf463887d2bc771009fde5,2026-02-24T04:00:00Z,2026-02-24T04:12:19Z,auth,auth_enUS_labelerexp,at://did:plc:eb6efohvlacy5k4t5lnve6cb/app.bsky.feed.post/3mflbswzces2p,bafyreiev4bodguydna44azcptb74ozjwrqjiniclbsk3cnz5zymugrmv7a,did:plc:eb6efohvlacy5k4t5lnve6cb,!no-unauthenticated,,at://did:plc:eb6efohvlacy5k4t5lnve6cb/app.bsky.actor.profile/self,1970-01-01T00:00:00.000Z
14b7e0b51dbf463887d2bc771009fde5,2026-02-24T04:00:00Z,2026-02-24T04:12:19Z,auth,auth_enUS_labelerexp,at://did:plc:bfritgsvvcmhks3enpsrn7uj/app.bsky.feed.post/3mflbsekvsc2k,bafyreicrklgoafotlyfa6aubzxsq2ywjs5sv64xipotrlidzhc5esa7qdu,did:plc:bfritgsvvcmhks3enpsrn7uj,!no-unauthenticated,,at://did:plc:bfritgsvvcmhks3enpsrn7uj/app.bsky.actor.profile/self,2024-11-08T02:59:42.000Z
14b7e0b51dbf463887d2bc771009fde5,2026-02-24T04:00:00Z,2026-02-24T04:12:19Z,auth,auth_enUS_labelerexp,at://did:plc:nj4oultc3uumppnndep44m5c/app.bsky.feed.post/3mflbfmbrss2o,bafyreiea4ielbsfg66nkv3veeg2t5vmbkbristf5mzqvkrtbxkfok2dsje,did:plc:nj4oultc3uumppnndep44m5c,!no-unauthenticated,,at://did:plc:nj4oultc3uumppnndep44m5c/app.bsky.actor.profile/self,1970-01-01T00:00:00.000Z
14b7e0b51dbf463887d2bc771009fde5,2026-02-24T04:00:00Z,2026-02-24T04:12:19Z,auth,auth_enUS_labelerexp,at://did:plc:2uufde7u55z4it3u55jotobs/app.bsky.feed.post/3mflb52ayas2e,bafyreih3aq3kcbwrpjkbr76zrkdnxovnkp22eae4mbia22b2q7pk27giem,did:plc:2uufde7u55z4it3u55jotobs,!no-unauthenticated,,at://did:plc:2uufde7u55z4it3u55jotobs/app.bsky.actor.profile/self,1970-01-01T00:00:00.000Z
14b7e0b51dbf463887d2bc771009fde5,2026-02-24T04:00:00Z,2026-02-24T04:12:19Z,auth,auth_enUS_labelerexp,at://did:plc:pqc5wcwi3sosarnpgnizrvk2/app.bsky.feed.post/3mflapyj6ps2n,bafyreifjpdkkzaq3pxxfnfpzqjc6behudqon5qewpxvxexkvrnpqqafhxm,did:plc:pqc5wcwi3sosarnpgnizrvk2,!no-unauthenticated,,at://did:plc:pqc5wcwi3sosarnpgnizrvk2/app.bsky.actor.profile/self,1970-01-01T00:00:00.000Z
14b7e0b51dbf463887d2bc771009fde5,2026-02-24T04:00:00Z,2026-02-24T04:12:19Z,auth,auth_enUS_labelerexp,at://did:plc:lvlagy4y2rwcnodknm6h7r3g/app.bsky.feed.post/3mfla7j2og22o,bafyreidss7ie4z7um5gifuxd6uz4v3kex4uzgfqc4zrihj7xxpilzm2ohm,did:plc:lvlagy4y2rwcnodknm6h7r3g,!no-unauthenticated,,at://did:plc:lvlagy4y2rwcnodknm6h7r3g/app.bsky.actor.profile/self,1970-01-01T00:00:00.000Z
14b7e0b51dbf463887d2bc771009fde5,2026-02-24T04:00:00Z,2026-02-24T04:12:19Z,auth,auth_enUS_labelerexp,at://did:plc:stu4unkwieyt5suhyfl6u5e4/app.bsky.feed.post/3mfla73nync2g,bafyreibgtdmlwgvo6apyqvzjktknfqsc2rs6pfxsd64wwnrpb6lxg7bsmm,did:plc:uac6er53o2pvr5y2qmvaf7hw,abusive,,did:plc:stu4unkwieyt5suhyfl6u5e4,2024-12-11T15:00:44.700Z
14b7e0b51dbf463887d2bc771009fde5,2026-02-24T04:00:00Z,2026-02-24T04:12:19Z,auth,auth_enUS_labelerexp,at://did:plc:stu4unkwieyt5suhyfl6u5e4/app.bsky.feed.post/3mfla73nync2g,bafyreibgtdmlwgvo6apyqvzjktknfqsc2rs6pfxsd64wwnrpb6lxg7bsmm,did:plc:uac6er53o2pvr5y2qmvaf7hw,hate-symbol,,did:plc:stu4unkwieyt5suhyfl6u5e4,2025-11-03T05:33:12.622Z
14b7e0b51dbf463887d2bc771009fde5,2026-02-24T04:00:00Z,2026-02-24T04:12:19Z,auth,auth_enUS_labelerexp,at://did:plc:stu4unkwieyt5suhyfl6u5e4/app.bsky.feed.post/3mfla73nync2g,bafyreibgtdmlwgvo6apyqvzjktknfqsc2rs6pfxsd64wwnrpb6lxg7bsmm,did:plc:uac6er53o2pvr5y2qmvaf7hw,violent,,did:plc:stu4unkwieyt5suhyfl6u5e4,2025-03-07T03:40:50.630Z
14b7e0b51dbf463887d2bc771009fde5,2026-02-24T04:00:00Z,2026-02-24T04:12:19Z,auth,auth_enUS_labelerexp,at://did:plc:stu4unkwieyt5suhyfl6u5e4/app.bsky.feed.post/3mfla73nync2g,bafyreibgtdmlwgvo6apyqvzjktknfqsc2rs6pfxsd64wwnrpb6lxg7bsmm,did:plc:stu4unkwieyt5suhyfl6u5e4,!no-unauthenticated,,at://did:plc:stu4unkwieyt5suhyfl6u5e4/app.bsky.actor.profile/self,1970-01-01T00:00:00.000Z
14b7e0b51dbf463887d2bc771009fde5,2026-02-24T04:00:00Z,2026-02-24T04:12:19Z,auth,auth_enUS_labelerexp,at://did:plc:cdavsxoaczcknqb72vuf6w5k/app.bsky.feed.post/3mfla3tc4o22x,bafyreibli7xqiankp2gh4wyvtyp2g7k344jpporxrrzsr2geqcvvythlt4,did:plc:cdavsxoaczcknqb72vuf6w5k,!no-unauthenticated,,at://did:plc:cdavsxoaczcknqb72vuf6w5k/app.bsky.actor.profile/self,2024-10-17T18:20:01.933Z
14b7e0b51dbf463887d2bc771009fde5,2026-02-24T04:00:00Z,2026-02-24T04:12:19Z,auth,auth_enUS_labelerexp,at://did:plc:lsj36ivj3sg6sb6omxhzadvu/app.bsky.feed.post/3mfla3anppc2e,bafyreib42rf3vmtpknn5z675ifrb3o4ekihklwrovoqo5gvtab25ug27ue,did:plc:lsj36ivj3sg6sb6omxhzadvu,!no-unauthenticated,,at://did:plc:lsj36ivj3sg6sb6omxhzadvu/app.bsky.actor.profile/self,1970-01-01T00:00:00.000Z
14b7e0b51dbf463887d2bc771009fde5,2026-02-24T04:00:00Z,2026-02-24T04:12:19Z,auth,auth_enUS_labelerexp,at://did:plc:72xjk7r365xvyxliue75qsdk/app.bsky.feed.post/3mfl7xffb2c2i,bafyreigqkgc5umi2pdnp45pc7tdy7ejpeywzhpacbq6nytmnydsbklnyiy,did:plc:72xjk7r365xvyxliue75qsdk,!no-unauthenticated,,at://did:plc:72xjk7r365xvyxliue75qsdk/app.bsky.actor.profile/self,1970-01-01T00:00:00.000Z
14b7e0b51dbf463887d2bc771009fde5,2026-02-24T04:00:00Z,2026-02-24T04:12:19Z,auth,auth_enUS_labelerexp,at://did:plc:jccmcbclujzvliok43lhiajk/app.bsky.feed.post/3mfl7rb6h6c2g,bafyreihntg6hut77lqk26fivops4ywiw5sg5uef5bxapxfoaakmmuvl2nm,did:plc:uac6er53o2pvr5y2qmvaf7hw,violent,,did:plc:jccmcbclujzvliok43lhiajk,2025-06-16T11:45:18.575Z
14b7e0b51dbf463887d2bc771009fde5,2026-02-24T04:00:00Z,2026-02-24T04:12:19Z,auth,auth_enUS_labelerexp,at://did:plc:pxslkuul3wwr4fedt7xrlzix/app.bsky.feed.post/3mfl7m3ldv227,bafyreiaou37spwn3w4esozv7mfvu35he6c57h6gfamle25f6aasjejhoe4,did:plc:pxslkuul3wwr4fedt7xrlzix,!no-unauthenticated,,at://did:plc:pxslkuul3wwr4fedt7xrlzix/app.bsky.actor.profile/self,1970-01-01T00:00:00.000Z
14b7e0b51dbf463887d2bc771009fde5,2026-02-24T04:00:00Z,2026-02-24T04:12:19Z,auth,auth_enUS_labelerexp,at://did:plc:ni5wscizsa3s65lodycxzg4q/app.bsky.feed.post/3mfl77w52w22m,bafyreiempt5qt3k4pnoynpo6wwtm6fv4jc7vm3dts3w7qqvbayeqt6h2eu,did:plc:uac6er53o2pvr5y2qmvaf7hw,blocks,,did:plc:ni5wscizsa3s65lodycxzg4q,2025-02-11T12:27:54.090Z
14b7e0b51dbf463887d2bc771009fde5,2026-02-24T04:00:00Z,2026-02-24T04:12:19Z,auth,auth_enUS_labelerexp,at://did:plc:ni5wscizsa3s65lodycxzg4q/app.bsky.feed.post/3mfl77w52w22m,bafyreiempt5qt3k4pnoynpo6wwtm6fv4jc7vm3dts3w7qqvbayeqt6h2eu,did:plc:ni5wscizsa3s65lodycxzg4q,!no-unauthenticated,,at://did:plc:ni5wscizsa3s65lodycxzg4q/app.bsky.actor.profile/self,1970-01-01T00:00:00.000Z
14b7e0b51dbf463887d2bc771009fde5,2026-02-24T04:00:00Z,2026-02-24T04:12:19Z,auth,auth_enUS_labelerexp,at://did:plc:bmk56abuwqy72wfzoeotrpdv/app.bsky.feed.post/3mfl73mmog22j,bafyreifzz6wrh2dy7gsasoiyxrsoe3ycukfxx3icraqkfdqu5slu255lui,did:plc:bmk56abuwqy72wfzoeotrpdv,!no-unauthenticated,,at://did:plc:bmk56abuwqy72wfzoeotrpdv/app.bsky.actor.profile/self,1970-01-01T00:00:00.000Z
14b7e0b51dbf463887d2bc771009fde5,2026-02-24T04:00:00Z,2026-02-24T04:12:19Z,auth,auth_enUS_labelerexp,at://did:plc:q4ah2xfoxvilyjask6fuue3z/app.bsky.feed.post/3mfl6uyoutk2s,bafyreigc2hhnwn22ug4n37bbj5f2p4m5wbkupqbbbwraee3n2z5rsfwbie,did:plc:ar7c4by46qjdydhdevvrndac,sexual,,at://did:plc:q4ah2xfoxvilyjask6fuue3z/app.bsky.feed.post/3mfl6uyoutk2s,2026-02-24T03:09:15.384Z
14b7e0b51dbf463887d2bc771009fde5,2026-02-24T04:00:00Z,2026-02-24T04:12:19Z,auth,auth_enUS_labelerexp,at://did:plc:q4ah2xfoxvilyjask6fuue3z/app.bsky.feed.post/3mfl6uyoutk2s,bafyreigc2hhnwn22ug4n37bbj5f2p4m5wbkupqbbbwraee3n2z5rsfwbie,did:plc:q4ah2xfoxvilyjask6fuue3z,!no-unauthenticated,,at://did:plc:q4ah2xfoxvilyjask6fuue3z/app.bsky.actor.profile/self,2025-06-17T04:13:08.390Z
14b7e0b51dbf463887d2bc771009fde5,2026-02-24T04:00:00Z,2026-02-24T04:12:19Z,auth,auth_enUS_labelerexp,at://did:plc:pxslkuul3wwr4fedt7xrlzix/app.bsky.feed.post/3mfl5taqnkk27,bafyreictmp6ppob3da4sbo2feg4m2q5fceusqhpkxunvppivgrgfmr226y,did:plc:pxslkuul3wwr4fedt7xrlzix,!no-unauthenticated,,at://did:plc:pxslkuul3wwr4fedt7xrlzix/app.bsky.actor.profile/self,1970-01-01T00:00:00.000Z
14b7e0b51dbf463887d2bc771009fde5,2026-02-24T04:00:00Z,2026-02-24T04:12:19Z,auth,auth_enUS_labelerexp,at://did:plc:jccmcbclujzvliok43lhiajk/app.bsky.feed.post/3mfl5rsnfkc2g,bafyreib3euao6vgkgbm5uofis5ivqzjdyxd2wiwkw72pz5yw3ygqvxffti,did:plc:uac6er53o2pvr5y2qmvaf7hw,violent,,did:plc:jccmcbclujzvliok43lhiajk,2025-06-16T11:45:18.575Z
14b7e0b51dbf463887d2bc771009fde5,2026-02-24T04:00:00Z,2026-02-24T04:12:19Z,auth,auth_enUS_labelerexp,at://did:plc:stu4unkwieyt5suhyfl6u5e4/app.bsky.feed.post/3mfl5prked22g,bafyreiemxa2m2uc2mt7tjw4ttksuolnpvdxjdqo2nbt7d453rthomc3yei,did:plc:uac6er53o2pvr5y2qmvaf7hw,abusive,,did:plc:stu4unkwieyt5suhyfl6u5e4,2024-12-11T15:00:44.700Z
14b7e0b51dbf463887d2bc771009fde5,2026-02-24T04:00:00Z,2026-02-24T04:12:19Z,auth,auth_enUS_labelerexp,at://did:plc:stu4unkwieyt5suhyfl6u5e4/app.bsky.feed.post/3mfl5prked22g,bafyreiemxa2m2uc2mt7tjw4ttksuolnpvdxjdqo2nbt7d453rthomc3yei,did:plc:uac6er53o2pvr5y2qmvaf7hw,hate-symbol,,did:plc:stu4unkwieyt5suhyfl6u5e4,2025-11-03T05:33:12.622Z
14b7e0b51dbf463887d2bc771009fde5,2026-02-24T04:00:00Z,2026-02-24T04:12:19Z,auth,auth_enUS_labelerexp,at://did:plc:stu4unkwieyt5suhyfl6u5e4/app.bsky.feed.post/3mfl5prked22g,bafyreiemxa2m2uc2mt7tjw4ttksuolnpvdxjdqo2nbt7d453rthomc3yei,did:plc:uac6er53o2pvr5y2qmvaf7hw,violent,,did:plc:stu4unkwieyt5suhyfl6u5e4,2025-03-07T03:40:50.630Z
14b7e0b51dbf463887d2bc771009fde5,2026-02-24T04:00:00Z,2026-02-24T04:12:19Z,auth,auth_enUS_labelerexp,at://did:plc:stu4unkwieyt5suhyfl6u5e4/app.bsky.feed.post/3mfl5prked22g,bafyreiemxa2m2uc2mt7tjw4ttksuolnpvdxjdqo2nbt7d453rthomc3yei,did:plc:stu4unkwieyt5suhyfl6u5e4,!no-unauthenticated,,at://did:plc:stu4unkwieyt5suhyfl6u5e4/app.bsky.actor.profile/self,1970-01-01T00:00:00.000Z
14b7e0b51dbf463887d2bc771009fde5,2026-02-24T04:00:00Z,2026-02-24T04:12:19Z,auth,auth_enUS_labelerexp,at://did:plc:stu4unkwieyt5suhyfl6u5e4/app.bsky.feed.post/3mfl5ipcen22g,bafyreicjj2a55xcwnvkget3fm2k2htymkruovv32mn43ywg4ndamg3dw2i,did:plc:uac6er53o2pvr5y2qmvaf7hw,abusive,,did:plc:stu4unkwieyt5suhyfl6u5e4,2024-12-11T15:00:44.700Z
14b7e0b51dbf463887d2bc771009fde5,2026-02-24T04:00:00Z,2026-02-24T04:12:19Z,auth,auth_enUS_labelerexp,at://did:plc:stu4unkwieyt5suhyfl6u5e4/app.bsky.feed.post/3mfl5ipcen22g,bafyreicjj2a55xcwnvkget3fm2k2htymkruovv32mn43ywg4ndamg3dw2i,did:plc:uac6er53o2pvr5y2qmvaf7hw,hate-symbol,,did:plc:stu4unkwieyt5suhyfl6u5e4,2025-11-03T05:33:12.622Z
14b7e0b51dbf463887d2bc771009fde5,2026-02-24T04:00:00Z,2026-02-24T04:12:19Z,auth,auth_enUS_labelerexp,at://did:plc:stu4unkwieyt5suhyfl6u5e4/app.bsky.feed.post/3mfl5ipcen22g,bafyreicjj2a55xcwnvkget3fm2k2htymkruovv32mn43ywg4ndamg3dw2i,did:plc:uac6er53o2pvr5y2qmvaf7hw,violent,,did:plc:stu4unkwieyt5suhyfl6u5e4,2025-03-07T03:40:50.630Z
14b7e0b51dbf463887d2bc771009fde5,2026-02-24T04:00:00Z,2026-02-24T04:12:19Z,auth,auth_enUS_labelerexp,at://did:plc:stu4unkwieyt5suhyfl6u5e4/app.bsky.feed.post/3mfl5ipcen22g,bafyreicjj2a55xcwnvkget3fm2k2htymkruovv32mn43ywg4ndamg3dw2i,did:plc:stu4unkwieyt5suhyfl6u5e4,!no-unauthenticated,,at://did:plc:stu4unkwieyt5suhyfl6u5e4/app.bsky.actor.profile/self,1970-01-01T00:00:00.000Z
14b7e0b51dbf463887d2bc771009fde5,2026-02-24T04:00:00Z,2026-02-24T04:12:19Z,auth,auth_enUS_labelerexp,at://did:plc:ymcvifscs4nwob37bwexycqa/app.bsky.feed.post/3mfl5brje5c24,bafyreignjztxoic37puoj42noozefl4owx6grrxddyqf6txemjjqtvjk6m,did:plc:ymcvifscs4nwob37bwexycqa,!no-unauthenticated,,at://did:plc:ymcvifscs4nwob37bwexycqa/app.bsky.actor.profile/self,1970-01-01T00:00:00.000Z
14b7e0b51dbf463887d2bc771009fde5,2026-02-24T04:00:00Z,2026-02-24T04:12:19Z,auth,auth_enUS_labelerexp,at://did:plc:bqmu4xw2xvb6co5p4abu5iwd/app.bsky.feed.post/3mfl5b3osms2g,bafyreicewttnglyzbzxpdwca3rmnttftzceuracfvav2gy4xjiwbtqwcq4,did:plc:ar7c4by46qjdydhdevvrndac,porn,,at://did:plc:bqmu4xw2xvb6co5p4abu5iwd/app.bsky.feed.post/3mfl5b3osms2g,2026-02-24T02:40:13.326Z
14b7e0b51dbf463887d2bc771009fde5,2026-02-24T04:00:00Z,2026-02-24T04:12:19Z,auth,auth_enUS_labelerexp,at://did:plc:bqmu4xw2xvb6co5p4abu5iwd/app.bsky.feed.post/3mfl5b3osms2g,bafyreicewttnglyzbzxpdwca3rmnttftzceuracfvav2gy4xjiwbtqwcq4,did:plc:ar7c4by46qjdydhdevvrndac,porn,,at://did:plc:bqmu4xw2xvb6co5p4abu5iwd/app.bsky.actor.profile/self,2024-12-12T04:22:51.134Z
14b7e0b51dbf463887d2bc771009fde5,2026-02-24T04:00:00Z,2026-02-24T04:12:19Z,auth,auth_enUS_labelerexp,at://did:plc:bqmu4xw2xvb6co5p4abu5iwd/app.bsky.feed.post/3mfl5b3osms2g,bafyreicewttnglyzbzxpdwca3rmnttftzceuracfvav2gy4xjiwbtqwcq4,did:plc:bqmu4xw2xvb6co5p4abu5iwd,!no-unauthenticated,,at://did:plc:bqmu4xw2xvb6co5p4abu5iwd/app.bsky.actor.profile/self,1970-01-01T00:00:00.000Z
14b7e0b51dbf463887d2bc771009fde5,2026-02-24T04:00:00Z,2026-02-24T04:12:19Z,auth,auth_enUS_labelerexp,at://did:plc:2csufnfoxiz44wv4u73b37sk/app.bsky.feed.post/3mfl56elo5k2e,bafyreidaaje6eapevfkopu2dlsvyn2dvb22vt6iuvxwb44q5wbw55gpxii,did:plc:2csufnfoxiz44wv4u73b37sk,porn,,at://did:plc:2csufnfoxiz44wv4u73b37sk/app.bsky.feed.post/3mfl56elo5k2e,2026-02-24T02:38:34.392Z
14b7e0b51dbf463887d2bc771009fde5,2026-02-24T04:00:00Z,2026-02-24T04:12:19Z,auth,auth_enUS_labelerexp,at://did:plc:2csufnfoxiz44wv4u73b37sk/app.bsky.feed.post/3mfl56elo5k2e,bafyreidaaje6eapevfkopu2dlsvyn2dvb22vt6iuvxwb44q5wbw55gpxii,did:plc:2csufnfoxiz44wv4u73b37sk,!no-unauthenticated,,at://did:plc:2csufnfoxiz44wv4u73b37sk/app.bsky.actor.profile/self,1970-01-01T00:00:00.000Z
14b7e0b51dbf463887d2bc771009fde5,2026-02-24T04:00:00Z,2026-02-24T04:12:19Z,auth,auth_enUS_labelerexp,at://did:plc:stu4unkwieyt5suhyfl6u5e4/app.bsky.feed.post/3mfl4twzb3s2g,bafyreigisygcbawro6nvxfs5c3dkcmsz2jdmj3bphacpmgxmkmenlgyue4,did:plc:uac6er53o2pvr5y2qmvaf7hw,abusive,,did:plc:stu4unkwieyt5suhyfl6u5e4,2024-12-11T15:00:44.700Z
14b7e0b51dbf463887d2bc771009fde5,2026-02-24T04:00:00Z,2026-02-24T04:12:19Z,auth,auth_enUS_labelerexp,at://did:plc:stu4unkwieyt5suhyfl6u5e4/app.bsky.feed.post/3mfl4twzb3s2g,bafyreigisygcbawro6nvxfs5c3dkcmsz2jdmj3bphacpmgxmkmenlgyue4,did:plc:uac6er53o2pvr5y2qmvaf7hw,hate-symbol,,did:plc:stu4unkwieyt5suhyfl6u5e4,2025-11-03T05:33:12.622Z
14b7e0b51dbf463887d2bc771009fde5,2026-02-24T04:00:00Z,2026-02-24T04:12:19Z,auth,auth_enUS_labelerexp,at://did:plc:stu4unkwieyt5suhyfl6u5e4/app.bsky.feed.post/3mfl4twzb3s2g,bafyreigisygcbawro6nvxfs5c3dkcmsz2jdmj3bphacpmgxmkmenlgyue4,did:plc:uac6er53o2pvr5y2qmvaf7hw,violent,,did:plc:stu4unkwieyt5suhyfl6u5e4,2025-03-07T03:40:50.630Z
14b7e0b51dbf463887d2bc771009fde5,2026-02-24T04:00:00Z,2026-02-24T04:12:19Z,auth,auth_enUS_labelerexp,at://did:plc:stu4unkwieyt5suhyfl6u5e4/app.bsky.feed.post/3mfl4twzb3s2g,bafyreigisygcbawro6nvxfs5c3dkcmsz2jdmj3bphacpmgxmkmenlgyue4,did:plc:stu4unkwieyt5suhyfl6u5e4,!no-unauthenticated,,at://did:plc:stu4unkwieyt5suhyfl6u5e4/app.bsky.actor.profile/self,1970-01-01T00:00:00.000Z
14b7e0b51dbf463887d2bc771009fde5,2026-02-24T04:00:00Z,2026-02-24T04:12:19Z,auth,auth_enUS_labelerexp,at://did:plc:azjs26xeob5q3fh6qcusj3es/app.bsky.feed.post/3mfl4qxbquk2f,bafyreicv7xf5xd5hmnrxowfhmssmziaavn6a44xstovuk2jrnn2ywxbdfu,did:plc:ar7c4by46qjdydhdevvrndac,porn,,at://did:plc:azjs26xeob5q3fh6qcusj3es/app.bsky.actor.profile/self,2026-02-18T13:33:17.910Z
14b7e0b51dbf463887d2bc771009fde5,2026-02-24T04:00:00Z,2026-02-24T04:12:19Z,auth,auth_enUS_labelerexp,at://did:plc:stu4unkwieyt5suhyfl6u5e4/app.bsky.feed.post/3mfl4ksknj22g,bafyreie7rrsn3q4cu3ny6bassrzqahlkrlhtebi654urxogedbxjje3sja,did:plc:uac6er53o2pvr5y2qmvaf7hw,abusive,,did:plc:stu4unkwieyt5suhyfl6u5e4,2024-12-11T15:00:44.700Z
14b7e0b51dbf463887d2bc771009fde5,2026-02-24T04:00:00Z,2026-02-24T04:12:19Z,auth,auth_enUS_labelerexp,at://did:plc:stu4unkwieyt5suhyfl6u5e4/app.bsky.feed.post/3mfl4ksknj22g,bafyreie7rrsn3q4cu3ny6bassrzqahlkrlhtebi654urxogedbxjje3sja,did:plc:uac6er53o2pvr5y2qmvaf7hw,hate-symbol,,did:plc:stu4unkwieyt5suhyfl6u5e4,2025-11-03T05:33:12.622Z
14b7e0b51dbf463887d2bc771009fde5,2026-02-24T04:00:00Z,2026-02-24T04:12:19Z,auth,auth_enUS_labelerexp,at://did:plc:stu4unkwieyt5suhyfl6u5e4/app.bsky.feed.post/3mfl4ksknj22g,bafyreie7rrsn3q4cu3ny6bassrzqahlkrlhtebi654urxogedbxjje3sja,did:plc:uac6er53o2pvr5y2qmvaf7hw,violent,,did:plc:stu4unkwieyt5suhyfl6u5e4,2025-03-07T03:40:50.630Z
14b7e0b51dbf463887d2bc771009fde5,2026-02-24T04:00:00Z,2026-02-24T04:12:19Z,auth,auth_enUS_labelerexp,at://did:plc:stu4unkwieyt5suhyfl6u5e4/app.bsky.feed.post/3mfl4ksknj22g,bafyreie7rrsn3q4cu3ny6bassrzqahlkrlhtebi654urxogedbxjje3sja,did:plc:stu4unkwieyt5suhyfl6u5e4,!no-unauthenticated,,at://did:plc:stu4unkwieyt5suhyfl6u5e4/app.bsky.actor.profile/self,1970-01-01T00:00:00.000Z
14b7e0b51dbf463887d2bc771009fde5,2026-02-24T04:00:00Z,2026-02-24T04:12:19Z,auth,auth_enUS_labelerexp,at://did:plc:xc7auw24mibzlals63ni7332/app.bsky.feed.post/3mfl4k4ybpk2h,bafyreiffkvvvsc4wtm7ov6nycj43lv3lzdjbjenjofwu6adv5yhrtvjeqq,did:plc:xc7auw24mibzlals63ni7332,!no-unauthenticated,,at://did:plc:xc7auw24mibzlals63ni7332/app.bsky.actor.profile/self,1970-01-01T00:00:00.000Z
14b7e0b51dbf463887d2bc771009fde5,2026-02-24T04:00:00Z,2026-02-24T04:12:19Z,auth,auth_enUS_labelerexp,at://did:plc:stu4unkwieyt5suhyfl6u5e4/app.bsky.feed.post/3mfl43ev5y22g,bafyreid66arw3b3dbtp2tw2qmr5hyvytvmjsg4ds3efqsm3ffiiwxuatca,did:plc:uac6er53o2pvr5y2qmvaf7hw,abusive,,did:plc:stu4unkwieyt5suhyfl6u5e4,2024-12-11T15:00:44.700Z
14b7e0b51dbf463887d2bc771009fde5,2026-02-24T04:00:00Z,2026-02-24T04:12:19Z,auth,auth_enUS_labelerexp,at://did:plc:stu4unkwieyt5suhyfl6u5e4/app.bsky.feed.post/3mfl43ev5y22g,bafyreid66arw3b3dbtp2tw2qmr5hyvytvmjsg4ds3efqsm3ffiiwxuatca,did:plc:uac6er53o2pvr5y2qmvaf7hw,hate-symbol,,did:plc:stu4unkwieyt5suhyfl6u5e4,2025-11-03T05:33:12.622Z
14b7e0b51dbf463887d2bc771009fde5,2026-02-24T04:00:00Z,2026-02-24T04:12:19Z,auth,auth_enUS_labelerexp,at://did:plc:stu4unkwieyt5suhyfl6u5e4/app.bsky.feed.post/3mfl43ev5y22g,bafyreid66arw3b3dbtp2tw2qmr5hyvytvmjsg4ds3efqsm3ffiiwxuatca,did:plc:uac6er53o2pvr5y2qmvaf7hw,violent,,did:plc:stu4unkwieyt5suhyfl6u5e4,2025-03-07T03:40:50.630Z
14b7e0b51dbf463887d2bc771009fde5,2026-02-24T04:00:00Z,2026-02-24T04:12:19Z,auth,auth_enUS_labelerexp,at://did:plc:stu4unkwieyt5suhyfl6u5e4/app.bsky.feed.post/3mfl43ev5y22g,bafyreid66arw3b3dbtp2tw2qmr5hyvytvmjsg4ds3efqsm3ffiiwxuatca,did:plc:stu4unkwieyt5suhyfl6u5e4,!no-unauthenticated,,at://did:plc:stu4unkwieyt5suhyfl6u5e4/app.bsky.actor.profile/self,1970-01-01T00:00:00.000Z
14b7e0b51dbf463887d2bc771009fde5,2026-02-24T04:00:00Z,2026-02-24T04:12:19Z,auth,auth_enUS_labelerexp,at://did:plc:cdavsxoaczcknqb72vuf6w5k/app.bsky.feed.post/3mfl3z3vaxc2b,bafyreialpoqe3dpar2fkjotzg2bbzqzgurawa3cwehaojckk7khmolkr5a,did:plc:cdavsxoaczcknqb72vuf6w5k,!no-unauthenticated,,at://did:plc:cdavsxoaczcknqb72vuf6w5k/app.bsky.actor.profile/self,2024-10-17T18:20:01.933Z
14b7e0b51dbf463887d2bc771009fde5,2026-02-24T04:00:00Z,2026-02-24T04:12:19Z,auth,auth_enUS_labelerexp,at://did:plc:bfritgsvvcmhks3enpsrn7uj/app.bsky.feed.post/3mfl3vmdjj22l,bafyreiaonbmgvbgxhbagqyfvcq3jl4xuznqng7264bz5tg4k5jpdcgmpmy,did:plc:bfritgsvvcmhks3enpsrn7uj,!no-unauthenticated,,at://did:plc:bfritgsvvcmhks3enpsrn7uj/app.bsky.actor.profile/self,2024-11-08T02:59:42.000Z
14b7e0b51dbf463887d2bc771009fde5,2026-02-24T04:00:00Z,2026-02-24T04:12:19Z,auth,auth_enUS_labelerexp,at://did:plc:37637gryoiwqmbrtgsttsx3z/app.bsky.feed.post/3mfkzuod4qk2a,bafyreia73ezesmqr5cjob4tusf4dyujwdz3btokly4j2yeweuugoomjnvi,did:plc:uac6er53o2pvr5y2qmvaf7hw,telegram-link,,at://did:plc:37637gryoiwqmbrtgsttsx3z/app.bsky.actor.profile/self,2025-05-30T23:53:06.198Z
14b7e0b51dbf463887d2bc771009fde5,2026-02-24T04:00:00Z,2026-02-24T04:12:19Z,auth,auth_enUS_labelerexp,at://did:plc:37637gryoiwqmbrtgsttsx3z/app.bsky.feed.post/3mfkzuod4qk2a,bafyreia73ezesmqr5cjob4tusf4dyujwdz3btokly4j2yeweuugoomjnvi,did:plc:37637gryoiwqmbrtgsttsx3z,!no-unauthenticated,,at://did:plc:37637gryoiwqmbrtgsttsx3z/app.bsky.actor.profile/self,1970-01-01T00:00:00.000Z
14b7e0b51dbf463887d2bc771009fde5,2026-02-24T04:00:00Z,2026-02-24T04:12:19Z,auth,auth_enUS_labelerexp,at://did:plc:cdavsxoaczcknqb72vuf6w5k/app.bsky.feed.post/3mfkzufvcxc2b,bafyreigt5j2d3bfunw6yy6kwuf5x7cf7wxhfci3odpaqnhk76o3k53htce,did:plc:cdavsxoaczcknqb72vuf6w5k,!no-unauthenticated,,at://did:plc:cdavsxoaczcknqb72vuf6w5k/app.bsky.actor.profile/self,2024-10-17T18:20:01.933Z
14b7e0b51dbf463887d2bc771009fde5,2026-02-24T04:00:00Z,2026-02-24T04:12:19Z,auth,auth_enUS_labelerexp,at://did:plc:ptql2djmb7v4diujhbd27cn7/app.bsky.feed.post/3mfkzt3xii22r,bafyreifzgkwjzmduxgzm6et6tq7442vzcwl3fzuhjtbcvwmprljlhbhnly,did:plc:ptql2djmb7v4diujhbd27cn7,!no-unauthenticated,,at://did:plc:ptql2djmb7v4diujhbd27cn7/app.bsky.actor.profile/self,1970-01-01T00:00:00.000Z
14b7e0b51dbf463887d2bc771009fde5,2026-02-24T04:00:00Z,2026-02-24T04:12:19Z,auth,auth_enUS_labelerexp,at://did:plc:ymcvifscs4nwob37bwexycqa/app.bsky.feed.post/3mfkzkcs3ic2d,bafyreif5c7jsi53inmat5nkgsf5a3upaovkxzcrvyeq4xvyrgqxcfitpzy,did:plc:ymcvifscs4nwob37bwexycqa,!no-unauthenticated,,at://did:plc:ymcvifscs4nwob37bwexycqa/app.bsky.actor.profile/self,1970-01-01T00:00:00.000Z
14b7e0b51dbf463887d2bc771009fde5,2026-02-24T04:00:00Z,2026-02-24T04:12:19Z,auth,auth_enUS_labelerexp,at://did:plc:ptql2djmb7v4diujhbd27cn7/app.bsky.feed.post/3mfkzixwiuc2z,bafyreie6m3onbojsong7onm4remtbnjwvotyyifacghj7z2w5ewjnk7ewe,did:plc:ptql2djmb7v4diujhbd27cn7,!no-unauthenticated,,at://did:plc:ptql2djmb7v4diujhbd27cn7/app.bsky.actor.profile/self,1970-01-01T00:00:00.000Z
14b7e0b51dbf463887d2bc771009fde5,2026-02-24T04:00:00Z,2026-02-24T04:12:19Z,auth,auth_enUS_labelerexp,at://did:plc:xc7auw24mibzlals63ni7332/app.bsky.feed.post/3mfkzgtczy22w,bafyreid4wtdsfw6hnriwfrfkix4kzenmivt6t4ybeqerpnqsdxdfshhwlm,did:plc:ar7c4by46qjdydhdevvrndac,porn,,at://did:plc:xc7auw24mibzlals63ni7332/app.bsky.feed.post/3mfkzgtczy22w,2026-02-24T01:31:48.959Z
14b7e0b51dbf463887d2bc771009fde5,2026-02-24T04:00:00Z,2026-02-24T04:12:19Z,auth,auth_enUS_labelerexp,at://did:plc:xc7auw24mibzlals63ni7332/app.bsky.feed.post/3mfkzgtczy22w,bafyreid4wtdsfw6hnriwfrfkix4kzenmivt6t4ybeqerpnqsdxdfshhwlm,did:plc:xc7auw24mibzlals63ni7332,!no-unauthenticated,,at://did:plc:xc7auw24mibzlals63ni7332/app.bsky.actor.profile/self,1970-01-01T00:00:00.000Z
14b7e0b51dbf463887d2bc771009fde5,2026-02-24T04:00:00Z,2026-02-24T04:12:21Z,auth,auth_enUS_labelerexp,at://did:plc:x5jyiv56xmrv3yhehsossrrg/app.bsky.feed.post/3mfla5o7ug22o,bafyreihdbnkukz5puiruqqlsjfrhmis75ajkiae5ynilj4wvyyk64f66ia,did:plc:x5jyiv56xmrv3yhehsossrrg,!no-unauthenticated,,at://did:plc:x5jyiv56xmrv3yhehsossrrg/app.bsky.actor.profile/self,2025-01-08T03:54:52.068Z
14b7e0b51dbf463887d2bc771009fde5,2026-02-24T04:00:00Z,2026-02-24T04:12:21Z,auth,auth_enUS_labelerexp,at://did:plc:bsstz7zc5qmvb4ju56ulw65x/app.bsky.feed.post/3mfl7v77noc2n,bafyreidwdz2rkpijdhuuio7elhvzdnrlx2mohsf335e3mqgmuraa4wguzm,did:plc:uac6er53o2pvr5y2qmvaf7hw,high-hashtag-count,,at://did:plc:bsstz7zc5qmvb4ju56ulw65x/app.bsky.feed.post/3mfl7v77noc2n,2026-02-24T03:27:09.137Z
14b7e0b51dbf463887d2bc771009fde5,2026-02-24T04:00:00Z,2026-02-24T04:12:21Z,auth,auth_enUS_labelerexp,at://did:plc:bsstz7zc5qmvb4ju56ulw65x/app.bsky.feed.post/3mfl7v77noc2n,bafyreidwdz2rkpijdhuuio7elhvzdnrlx2mohsf335e3mqgmuraa4wguzm,did:plc:uac6er53o2pvr5y2qmvaf7hw,high-total-facet-count,,at://did:plc:bsstz7zc5qmvb4ju56ulw65x/app.bsky.feed.post/3mfl7v77noc2n,2026-02-24T03:27:09.149Z
14b7e0b51dbf463887d2bc771009fde5,2026-02-24T04:00:00Z,2026-02-24T04:12:21Z,auth,auth_enUS_labelerexp,at://did:plc:a63tw2vheqkvk7i4got6s2z7/app.bsky.feed.post/3mfl7nskmr225,bafyreicypbz4wfqqgaakuadjo3ta7gacwoefdi4qbadk3ge7utle7zmluu,did:plc:a63tw2vheqkvk7i4got6s2z7,!no-unauthenticated,,at://did:plc:a63tw2vheqkvk7i4got6s2z7/app.bsky.actor.profile/self,1970-01-01T00:00:00.000Z
14b7e0b51dbf463887d2bc771009fde5,2026-02-24T04:00:00Z,2026-02-24T04:12:21Z,auth,auth_enUS_labelerexp,at://did:plc:ywadxlt7mmnwljf56eafhhbu/app.bsky.feed.post/3mfl7lsgvxp2p,bafyreicyjpchlngnovmjeqm4pb35vhvzulktipu3v5vx662d2v4ojuwnoq,did:plc:uac6er53o2pvr5y2qmvaf7hw,x-link,,at://did:plc:ywadxlt7mmnwljf56eafhhbu/app.bsky.feed.post/3mfl7lsgvxp2p,2026-02-24T03:21:54.696Z
14b7e0b51dbf463887d2bc771009fde5,2026-02-24T04:00:00Z,2026-02-24T04:12:21Z,auth,auth_enUS_labelerexp,at://did:plc:ywadxlt7mmnwljf56eafhhbu/app.bsky.feed.post/3mfl7lsgvxp2p,bafyreicyjpchlngnovmjeqm4pb35vhvzulktipu3v5vx662d2v4ojuwnoq,did:plc:uac6er53o2pvr5y2qmvaf7hw,x-link,,at://did:plc:ywadxlt7mmnwljf56eafhhbu/app.bsky.actor.profile/self,2025-04-07T10:15:39.784Z
14b7e0b51dbf463887d2bc771009fde5,2026-02-24T04:00:00Z,2026-02-24T04:12:21Z,auth,auth_enUS_labelerexp,at://did:plc:bqxugaf53nq44zbi227sclcw/app.bsky.feed.post/3mfl7gvz7ts2c,bafyreibpe7wrrisjqwx242wsgcci3chugu7eqn2ufmb53g5yrohdbsrexu,did:plc:bqxugaf53nq44zbi227sclcw,!no-unauthenticated,,at://did:plc:bqxugaf53nq44zbi227sclcw/app.bsky.actor.profile/self,1970-01-01T00:00:00.000Z
14b7e0b51dbf463887d2bc771009fde5,2026-02-24T04:00:00Z,2026-02-24T04:12:21Z,auth,auth_enUS_labelerexp,at://did:plc:tny2ap6g63fnugfbavten6b7/app.bsky.feed.post/3mfl5kfzxg22t,bafyreidvjys2pmk53uerswnlx5da7pnw63ktfq5apaqhxpxqsemzogwaki,did:plc:tny2ap6g63fnugfbavten6b7,!no-unauthenticated,,at://did:plc:tny2ap6g63fnugfbavten6b7/app.bsky.actor.profile/self,1970-01-01T00:00:00.000Z
14b7e0b51dbf463887d2bc771009fde5,2026-02-24T04:00:00Z,2026-02-24T04:12:30Z,auth,auth_enUS_labelerexp,at://did:plc:jgelc4dixuohajpeworn3cth/app.bsky.feed.post/3mfl62euuy22g,bafyreifdbl4v5px7ouk4jkvaliscjf6xltr6v255ggm2za5yth2h46ymny,did:plc:ar7c4by46qjdydhdevvrndac,porn,,at://did:plc:jgelc4dixuohajpeworn3cth/app.bsky.actor.profile/self,2026-02-11T05:53:41.738Z
14b7e0b51dbf463887d2bc771009fde5,2026-02-24T04:00:00Z,2026-02-24T04:12:30Z,auth,auth_enUS_labelerexp,at://did:plc:jgelc4dixuohajpeworn3cth/app.bsky.feed.post/3mfl62euuy22g,bafyreifdbl4v5px7ouk4jkvaliscjf6xltr6v255ggm2za5yth2h46ymny,did:plc:ar7c4by46qjdydhdevvrndac,nudity,,at://did:plc:jgelc4dixuohajpeworn3cth/app.bsky.actor.profile/self,2026-01-23T06:27:58.524Z
14b7e0b51dbf463887d2bc771009fde5,2026-02-24T04:00:00Z,2026-02-24T04:12:30Z,auth,auth_enUS_labelerexp,at://did:plc:7ayr6nqks7dmtenqyuogl2ay/app.bsky.feed.post/3mfl5vfoqbs2j,bafyreiarxyzhx5oz725ewbmw6qeghn3nk2snxe5dxvm4gd2td7kirmfz2q,did:plc:7ayr6nqks7dmtenqyuogl2ay,!no-unauthenticated,,at://did:plc:7ayr6nqks7dmtenqyuogl2ay/app.bsky.actor.profile/self,2024-11-23T20:05:51.015Z
14b7e0b51dbf463887d2bc771009fde5,2026-02-24T04:00:00Z,2026-02-24T04:12:30Z,auth,auth_enUS_labelerexp,at://did:plc:ypi2ypcmwvve2wdskgyewg33/app.bsky.feed.post/3mfknutmjjs2d,bafyreif5bib53f656lhxo7n5blahj2g7nla3mwdp4przhgbnwr7c4ji3dq,did:plc:ypi2ypcmwvve2wdskgyewg33,!no-unauthenticated,,at://did:plc:ypi2ypcmwvve2wdskgyewg33/app.bsky.actor.profile/self,1970-01-01T00:00:00.000Z
14b7e0b51dbf463887d2bc771009fde5,2026-02-24T04:00:00Z,2026-02-24T04:12:30Z,auth,auth_enUS_labelerexp,at://did:plc:k6a2sfntzyg4y6zo5mhtm76t/app.bsky.feed.post/3mfkndc6pbs2c,bafyreiblqrgxia5o2xqi7xelbdqwx37zc3ucpy4fcqtmtab5d2zmiudmaq,did:plc:k6a2sfntzyg4y6zo5mhtm76t,!no-unauthenticated,,at://did:plc:k6a2sfntzyg4y6zo5mhtm76t/app.bsky.actor.profile/self,2025-01-12T05:51:34.781Z
14b7e0b51dbf463887d2bc771009fde5,2026-02-24T04:00:00Z,2026-02-24T04:12:30Z,auth,auth_enUS_labelerexp,at://did:plc:h52nyfiwl2qyhoary7n2hx76/app.bsky.feed.post/3mfkcykslfk2x,bafyreid6htvmjbvidg4ahmbqfobcxfnbqy7hqdfewre23dgnzsa6caqizi,did:plc:h52nyfiwl2qyhoary7n2hx76,!no-unauthenticated,,at://did:plc:h52nyfiwl2qyhoary7n2hx76/app.bsky.actor.profile/self,2024-11-14T14:29:47.460Z
14b7e0b51dbf463887d2bc771009fde5,2026-02-24T04:00:00Z,2026-02-24T04:12:30Z,auth,auth_enUS_labelerexp,at://did:plc:igspguisqjetprbqa47wu4di/app.bsky.feed.post/3mfk4jzdnnk2f,bafyreihtxt2tvdwbrikxxntqzexyo5mb4g73blzpgfag6n7svanbkapc6e,did:plc:igspguisqjetprbqa47wu4di,!no-unauthenticated,,at://did:plc:igspguisqjetprbqa47wu4di/app.bsky.actor.profile/self,2024-11-13T20:56:35.623Z
14b7e0b51dbf463887d2bc771009fde5,2026-02-24T04:00:00Z,2026-02-24T04:12:30Z,auth,auth_enUS_labelerexp,at://did:plc:v6kuofvr64dzpb5q3qfaaohq/app.bsky.feed.post/3mfjmfuzbtc2o,bafyreibau6kgo57bpcvzlotv3th5iyr3paag7hrstrloxnowa7b7oii2ke,did:plc:ar7c4by46qjdydhdevvrndac,porn,,at://did:plc:v6kuofvr64dzpb5q3qfaaohq/app.bsky.feed.post/3mfjmfuzbtc2o,2026-02-23T12:05:57.070Z
14b7e0b51dbf463887d2bc771009fde5,2026-02-24T04:00:00Z,2026-02-24T04:12:30Z,auth,auth_enUS_labelerexp,at://did:plc:67imxgg4b2mzujiyki3apc3y/app.bsky.feed.post/3mfji7vlqk22r,bafyreidlr2covpofdfwr7hhhexmsczxuoyy5u3pyfew5h76fqv2cmjdss4,did:plc:67imxgg4b2mzujiyki3apc3y,!no-unauthenticated,,at://did:plc:67imxgg4b2mzujiyki3apc3y/app.bsky.actor.profile/self,1970-01-01T00:00:00.000Z
