run_id,snapshot_hour_utc,captured_at_utc,viewer_mode,vantage_id,feed_uri,bucket,rank,post_uri,post_cid,author_did,author_handle,reason_type,reason_actor_did
8edf3ec41a3c49abae8d9a28fae25d6f,2026-02-28T08:00:00Z,2026-02-28T08:18:05Z,auth,auth_enUS_labelerexp,at://did:plc:2gx2noukxzwmj6dkxbmh3qt5/app.bsky.feed.generator/aaahcxau33dt4,suggested_labelerexp,1,at://did:plc:2gx2noukxzwmj6dkxbmh3qt5/app.bsky.feed.post/3k6y544xn6w2f,bafyreigclmrjo7o4xyerzxc6lttpd5jgz4jhsoiwyhjrseplx42ffvce5a,did:plc:2gx2noukxzwmj6dkxbmh3qt5,davis.social,,
8edf3ec41a3c49abae8d9a28fae25d6f,2026-02-28T08:00:00Z,2026-02-28T08:18:05Z,auth,auth_enUS_labelerexp,at://did:plc:2gx2noukxzwmj6dkxbmh3qt5/app.bsky.feed.generator/aaahcxau33dt4,suggested_labelerexp,2,at://did:plc:2gx2noukxzwmj6dkxbmh3qt5/app.bsky.feed.post/3k6y5543bah2i,bafyreigvnl2x2zumcs6zuj5yyfdocwmbmxashcji2wsow3jesfqx5s7anu,did:plc:2gx2noukxzwmj6dkxbmh3qt5,davis.social,,
8edf3ec41a3c49abae8d9a28fae25d6f,2026-02-28T08:00:00Z,2026-02-28T08:18:05Z,auth,auth_enUS_labelerexp,at://did:plc:2gx2noukxzwmj6dkxbmh3qt5/app.bsky.feed.generator/aaahcxau33dt4,suggested_labelerexp,3,at://did:plc:ja342nendyry5qvmqvgjhsuf/app.bsky.feed.post/3mfsyy6tub22w,bafyreiauae6sp4u5lh633obnaaplm4ytykx4t3u3pczgthttxqzjyeqvz4,did:plc:ja342nendyry5qvmqvgjhsuf,artisticgargoyle.bsky.social,,
8edf3ec41a3c49abae8d9a28fae25d6f,2026-02-28T08:00:00Z,2026-02-28T08:18:05Z,auth,auth_enUS_labelerexp,at://did:plc:2gx2noukxzwmj6dkxbmh3qt5/app.bsky.feed.generator/aaahcxau33dt4,suggested_labelerexp,4,at://did:plc:fesinvtghkf5qdrgk7ra2nls/app.bsky.feed.post/3mfpjgx5ees2f,bafyreidfc2yqrygf5qvznlnuhvshkpiiyxkmmkcivpiasixn3osztmrtda,did:plc:fesinvtghkf5qdrgk7ra2nls,xxdietaubexx.bsky.social,,
8edf3ec41a3c49abae8d9a28fae25d6f,2026-02-28T08:00:00Z,2026-02-28T08:18:05Z,auth,auth_enUS_labelerexp,at://did:plc:2gx2noukxzwmj6dkxbmh3qt5/app.bsky.feed.generator/aaahcxau33dt4,suggested_labelerexp,5,at://did:plc:obe4hmpbpma7kt7vayqzkujl/app.bsky.feed.post/3mfrxe64vps2f,bafyreid27ukca5pn2df3ozro5n257jjwvxalnilxe4iwb5o2vv26qfzbkq,did:plc:obe4hmpbpma7kt7vayqzkujl,torroto64.bsky.social,,
8edf3ec41a3c49abae8d9a28fae25d6f,2026-02-28T08:00:00Z,2026-02-28T08:18:05Z,auth,auth_enUS_labelerexp,at://did:plc:2gx2noukxzwmj6dkxbmh3qt5/app.bsky.feed.generator/aaahcxau33dt4,suggested_labelerexp,6,at://did:plc:klqxcr3luqusnyoeoe75sbgc/app.bsky.feed.post/3mft3dbt6nk23,bafyreiemrdwnte337pwc3a22j23zunyfwapanx3j3l46r7z7yeewtuij6e,did:plc:klqxcr3luqusnyoeoe75sbgc,valorieravenchild.bsky.social,,
8edf3ec41a3c49abae8d9a28fae25d6f,2026-02-28T08:00:00Z,2026-02-28T08:18:05Z,auth,auth_enUS_labelerexp,at://did:plc:2gx2noukxzwmj6dkxbmh3qt5/app.bsky.feed.generator/aaahcxau33dt4,suggested_labelerexp,7,at://did:plc:bzgytejjditrp4v7plk56yce/app.bsky.feed.post/3mfrzerwpcs2e,bafyreihfa72p27zctah5kw3tjwrcc4f7o2cevbtqknpv4ynrv4l2wls6tq,did:plc:bzgytejjditrp4v7plk56yce,jwjango.bsky.social,,
8edf3ec41a3c49abae8d9a28fae25d6f,2026-02-28T08:00:00Z,2026-02-28T08:18:05Z,auth,auth_enUS_labelerexp,at://did:plc:2gx2noukxzwmj6dkxbmh3qt5/app.bsky.feed.generator/aaahcxau33dt4,suggested_labelerexp,8,at://did:plc:2pc452t75ws4fbrh72k25nqm/app.bsky.feed.post/3mfu2gyuy6k2e,bafyreieifb3gjpj5iyi42vqewlwbrridiypzv5eu2rb2bqqi2gly7wjoga,did:plc:2pc452t75ws4fbrh72k25nqm,anrini.bsky.social,,
8edf3ec41a3c49abae8d9a28fae25d6f,2026-02-28T08:00:00Z,2026-02-28T08:18:05Z,auth,auth_enUS_labelerexp,at://did:plc:2gx2noukxzwmj6dkxbmh3qt5/app.bsky.feed.generator/aaahcxau33dt4,suggested_labelerexp,9,at://did:plc:dru345hcmui7twvpp7klcuub/app.bsky.feed.post/3mfq2chkn4k26,bafyreihqldq4nzjmdyov2bumjutjiehzujpjd5bhzpgteaa7htbw7bemum,did:plc:dru345hcmui7twvpp7klcuub,centauriarts.bsky.social,,
8edf3ec41a3c49abae8d9a28fae25d6f,2026-02-28T08:00:00Z,2026-02-28T08:18:05Z,auth,auth_enUS_labelerexp,at://did:plc:2gx2noukxzwmj6dkxbmh3qt5/app.bsky.feed.generator/aaahcxau33dt4,suggested_labelerexp,10,at://did:plc:ewfjvpoyb4uvogjh4ursf4kg/app.bsky.feed.post/3mfurtttgok2j,bafyreihftpusaybs3u5bq6k35g4ocg2suspgccjfttoz4fpeos46b5jlju,did:plc:ewfjvpoyb4uvogjh4ursf4kg,docglasgow.bsky.social,,
8edf3ec41a3c49abae8d9a28fae25d6f,2026-02-28T08:00:00Z,2026-02-28T08:18:05Z,auth,auth_enUS_labelerexp,at://did:plc:2gx2noukxzwmj6dkxbmh3qt5/app.bsky.feed.generator/aaahcxau33dt4,suggested_labelerexp,11,at://did:plc:7cnr6t5tcmi3lkkhsb5wt2jp/app.bsky.feed.post/3mfut42imoc2x,bafyreibydlavrcffkyvwezspfwheg4m4yxk4ucvarnvk5jtnuue5oz57cq,did:plc:7cnr6t5tcmi3lkkhsb5wt2jp,turkasein.bsky.social,,
8edf3ec41a3c49abae8d9a28fae25d6f,2026-02-28T08:00:00Z,2026-02-28T08:18:05Z,auth,auth_enUS_labelerexp,at://did:plc:2gx2noukxzwmj6dkxbmh3qt5/app.bsky.feed.generator/aaahcxau33dt4,suggested_labelerexp,12,at://did:plc:7pzgwfpn7hvh4u3jwnxrnm3b/app.bsky.feed.post/3mfpktfjnuc2s,bafyreigcq2mjpwef5bhibiew2454vawatr3473o5zn6uds7pfbvw7qyr74,did:plc:7pzgwfpn7hvh4u3jwnxrnm3b,nakshthefoxx.bsky.social,,
8edf3ec41a3c49abae8d9a28fae25d6f,2026-02-28T08:00:00Z,2026-02-28T08:18:05Z,auth,auth_enUS_labelerexp,at://did:plc:2gx2noukxzwmj6dkxbmh3qt5/app.bsky.feed.generator/aaahcxau33dt4,suggested_labelerexp,13,at://did:plc:fgp66utltqhcs4p6xmynnu7q/app.bsky.feed.post/3mfup2ylfgc2z,bafyreidwzlch4kmjpz5ldxwnifdco55rw7kg5qgkk2bl5um3p5m2ydr6v4,did:plc:fgp66utltqhcs4p6xmynnu7q,jwifos.bsky.social,,
8edf3ec41a3c49abae8d9a28fae25d6f,2026-02-28T08:00:00Z,2026-02-28T08:18:05Z,auth,auth_enUS_labelerexp,at://did:plc:2gx2noukxzwmj6dkxbmh3qt5/app.bsky.feed.generator/aaahcxau33dt4,suggested_labelerexp,14,at://did:plc:kq76dyyo5emkv7d44wthhsqu/app.bsky.feed.post/3mfpo4yglvs2e,bafyreibwo646ea24kko7dwq5oqkew3tixebcnulanvks77kwvqkqjlxrbu,did:plc:kq76dyyo5emkv7d44wthhsqu,hedgyhedgeworth99.bsky.social,,
8edf3ec41a3c49abae8d9a28fae25d6f,2026-02-28T08:00:00Z,2026-02-28T08:18:05Z,auth,auth_enUS_labelerexp,at://did:plc:2gx2noukxzwmj6dkxbmh3qt5/app.bsky.feed.generator/aaahcxau33dt4,suggested_labelerexp,15,at://did:plc:r2oqgxnckv3wiwufmwse4s6s/app.bsky.feed.post/3mfryhfjumc2z,bafyreibrue6uml462bnno7xnfpwyzxw7nbowlpjsijagjcxzh3tmswqnca,did:plc:r2oqgxnckv3wiwufmwse4s6s,astrollacium.bsky.social,,
8edf3ec41a3c49abae8d9a28fae25d6f,2026-02-28T08:00:00Z,2026-02-28T08:18:05Z,auth,auth_enUS_labelerexp,at://did:plc:2gx2noukxzwmj6dkxbmh3qt5/app.bsky.feed.generator/aaahcxau33dt4,suggested_labelerexp,16,at://did:plc:dxizic42rdlwqle7yoe5ssuf/app.bsky.feed.post/3mfsvr4pyuk2v,bafyreibsbkmk4uzfqp6lu2yqqone7wda2tg6yxtc7daaufxaupcmwmbut4,did:plc:dxizic42rdlwqle7yoe5ssuf,bridgetchan.bsky.social,,
8edf3ec41a3c49abae8d9a28fae25d6f,2026-02-28T08:00:00Z,2026-02-28T08:18:05Z,auth,auth_enUS_labelerexp,at://did:plc:2gx2noukxzwmj6dkxbmh3qt5/app.bsky.feed.generator/aaahcxau33dt4,suggested_labelerexp,17,at://did:plc:kfvxlnbbphrstxjwhme4up4b/app.bsky.feed.post/3mfrowulbnk2p,bafyreif3tv7bsq7upvn7xfjhoasjeq7i2tyrqmq4q2so62xtgaqreuhtda,did:plc:kfvxlnbbphrstxjwhme4up4b,rubyrose888.bsky.social,,
8edf3ec41a3c49abae8d9a28fae25d6f,2026-02-28T08:00:00Z,2026-02-28T08:18:05Z,auth,auth_enUS_labelerexp,at://did:plc:2gx2noukxzwmj6dkxbmh3qt5/app.bsky.feed.generator/aaahcxau33dt4,suggested_labelerexp,18,at://did:plc:wlk2lcib72ddqovc53briyeq/app.bsky.feed.post/3mfskeclhlc2i,bafyreidk5sm3iusgn5jo2wbmrmdyvcxld47j2bhbi6p2dj4lodfcjrqeim,did:plc:wlk2lcib72ddqovc53briyeq,luanfantasy.bsky.social,,
8edf3ec41a3c49abae8d9a28fae25d6f,2026-02-28T08:00:00Z,2026-02-28T08:18:05Z,auth,auth_enUS_labelerexp,at://did:plc:2gx2noukxzwmj6dkxbmh3qt5/app.bsky.feed.generator/aaahcxau33dt4,suggested_labelerexp,19,at://did:plc:7njobtgvew5ei6sfb3t7c4qc/app.bsky.feed.post/3mfrywnb3bk2f,bafyreibujafmrw4mncksaszizgn5iw47pxqijx2m4e66pg6foepoj7vrei,did:plc:7njobtgvew5ei6sfb3t7c4qc,goichimonji.bsky.social,,
8edf3ec41a3c49abae8d9a28fae25d6f,2026-02-28T08:00:00Z,2026-02-28T08:18:05Z,auth,auth_enUS_labelerexp,at://did:plc:2gx2noukxzwmj6dkxbmh3qt5/app.bsky.feed.generator/aaahcxau33dt4,suggested_labelerexp,20,at://did:plc:u2lai4boz7web324xezhzvcu/app.bsky.feed.post/3mfqgtugy7c2f,bafyreiavbdd7ogizo7xavjzjg25l5xggr2lwnx7huipnj7tev2hofxjdzq,did:plc:u2lai4boz7web324xezhzvcu,strider49m.bsky.social,,
8edf3ec41a3c49abae8d9a28fae25d6f,2026-02-28T08:00:00Z,2026-02-28T08:18:05Z,auth,auth_enUS_labelerexp,at://did:plc:2gx2noukxzwmj6dkxbmh3qt5/app.bsky.feed.generator/aaahcxau33dt4,suggested_labelerexp,21,at://did:plc:zruzgudfujszi3hzxqarnzsm/app.bsky.feed.post/3mfulrnm6jc27,bafyreievelijzoyjzxq4dstbimkifg2lrzbhluxzl3acjkekw5unurqfya,did:plc:zruzgudfujszi3hzxqarnzsm,lemonorangee.bsky.social,,
8edf3ec41a3c49abae8d9a28fae25d6f,2026-02-28T08:00:00Z,2026-02-28T08:18:05Z,auth,auth_enUS_labelerexp,at://did:plc:2gx2noukxzwmj6dkxbmh3qt5/app.bsky.feed.generator/aaahcxau33dt4,suggested_labelerexp,22,at://did:plc:isemlh5lkdhl7c474w5ieplx/app.bsky.feed.post/3mfrq46lawc2q,bafyreie7kms2uzrrdi6zztlzho6u3swuofef6snlt3mqmvdirglzbru4sq,did:plc:isemlh5lkdhl7c474w5ieplx,tiramisui.bsky.social,,
8edf3ec41a3c49abae8d9a28fae25d6f,2026-02-28T08:00:00Z,2026-02-28T08:18:05Z,auth,auth_enUS_labelerexp,at://did:plc:2gx2noukxzwmj6dkxbmh3qt5/app.bsky.feed.generator/aaahcxau33dt4,suggested_labelerexp,23,at://did:plc:khbkf245qp3kvnrv7fqomsaq/app.bsky.feed.post/3mfqhm3iqhc2j,bafyreifyn2573iuduwmyvyttx72jiu3klcma3bydzfkws2ke6cgqutax4y,did:plc:khbkf245qp3kvnrv7fqomsaq,samsarafoxstudio.bsky.social,,
8edf3ec41a3c49abae8d9a28fae25d6f,2026-02-28T08:00:00Z,2026-02-28T08:18:05Z,auth,auth_enUS_labelerexp,at://did:plc:2gx2noukxzwmj6dkxbmh3qt5/app.bsky.feed.generator/aaahcxau33dt4,suggested_labelerexp,24,at://did:plc:kj6owxzrz7ceuhuby6wxzv5j/app.bsky.feed.post/3mfqiy4lplk2z,bafyreibiqjq7puaptcafywho4dhrtfxzf4zhpydhc2fecfcna7qamvey4a,did:plc:kj6owxzrz7ceuhuby6wxzv5j,piichykeen.bsky.social,,
8edf3ec41a3c49abae8d9a28fae25d6f,2026-02-28T08:00:00Z,2026-02-28T08:18:05Z,auth,auth_enUS_labelerexp,at://did:plc:2gx2noukxzwmj6dkxbmh3qt5/app.bsky.feed.generator/aaahcxau33dt4,suggested_labelerexp,25,at://did:plc:5qz6l5xfo5kqwbnks7vig3dy/app.bsky.feed.post/3mfrktai56c2n,bafyreihcclxz7f5jb5vbs2ngucmwce27kz7zzme2drnhdfjz4rlobr5z7y,did:plc:5qz6l5xfo5kqwbnks7vig3dy,foggy8.bsky.social,,
8edf3ec41a3c49abae8d9a28fae25d6f,2026-02-28T08:00:00Z,2026-02-28T08:18:05Z,auth,auth_enUS_labelerexp,at://did:plc:2gx2noukxzwmj6dkxbmh3qt5/app.bsky.feed.generator/aaahcxau33dt4,suggested_labelerexp,26,at://did:plc:hcna5ngafyx3bmh4ky27nj6h/app.bsky.feed.post/3mfryn5d5rs2u,bafyreihr3kxlbskmfrrngf2ymynyi57jafb36zln7bpps4ciuzeqzexwky,did:plc:hcna5ngafyx3bmh4ky27nj6h,ethyricalartist.bsky.social,,
8edf3ec41a3c49abae8d9a28fae25d6f,2026-02-28T08:00:00Z,2026-02-28T08:18:05Z,auth,auth_enUS_labelerexp,at://did:plc:2gx2noukxzwmj6dkxbmh3qt5/app.bsky.feed.generator/aaahcxau33dt4,suggested_labelerexp,27,at://did:plc:kumnmla3i2jufcvwfiatnuo4/app.bsky.feed.post/3mfrida4utm2x,bafyreice34oediialilkglwyfocgv6b7izjsfacaug2klgrlllab6duyuy,did:plc:kumnmla3i2jufcvwfiatnuo4,kitterz8.bsky.social,,
8edf3ec41a3c49abae8d9a28fae25d6f,2026-02-28T08:00:00Z,2026-02-28T08:18:05Z,auth,auth_enUS_labelerexp,at://did:plc:2gx2noukxzwmj6dkxbmh3qt5/app.bsky.feed.generator/aaahcxau33dt4,suggested_labelerexp,28,at://did:plc:au5v2nxpex2ayx3auafmcu4k/app.bsky.feed.post/3mfungn5umc2n,bafyreibw4iei5hz77ems4zyj353apk5ifsl5dld76dh52ubzfaspmikvhy,did:plc:au5v2nxpex2ayx3auafmcu4k,towtow-123.bsky.social,,
8edf3ec41a3c49abae8d9a28fae25d6f,2026-02-28T08:00:00Z,2026-02-28T08:18:05Z,auth,auth_enUS_labelerexp,at://did:plc:2gx2noukxzwmj6dkxbmh3qt5/app.bsky.feed.generator/aaahcxau33dt4,suggested_labelerexp,29,at://did:plc:hed3n3zcnlnuqkibmxnapq72/app.bsky.feed.post/3mfpopxbzrs2w,bafyreihym7ykzykmgbugp5hw2h7fg4t3c4ph2n7dumuhtl5oehx7g62o7e,did:plc:hed3n3zcnlnuqkibmxnapq72,m-cherie.bsky.social,,
8edf3ec41a3c49abae8d9a28fae25d6f,2026-02-28T08:00:00Z,2026-02-28T08:18:05Z,auth,auth_enUS_labelerexp,at://did:plc:2gx2noukxzwmj6dkxbmh3qt5/app.bsky.feed.generator/aaahcxau33dt4,suggested_labelerexp,30,at://did:plc:igbsmajzn3em3r6hh5zgcsye/app.bsky.feed.post/3mfr27x3w522f,bafyreid2pppf2fzvubqokcpl26ro3ca2h2fuv7ol7ri6hcjnmlz6a7fmde,did:plc:igbsmajzn3em3r6hh5zgcsye,barleyvvv.bsky.social,,
8edf3ec41a3c49abae8d9a28fae25d6f,2026-02-28T08:00:00Z,2026-02-28T08:18:05Z,auth,auth_enUS_labelerexp,at://did:plc:2gx2noukxzwmj6dkxbmh3qt5/app.bsky.feed.generator/aaahcxau33dt4,suggested_labelerexp,31,at://did:plc:lf5zpuck6qoysyddpk5uxapq/app.bsky.feed.post/3mfun35pvq223,bafyreicd4z27tn2apkiqnj3v6icedr6cra5zda7ehtyg34otslbnhqlt24,did:plc:lf5zpuck6qoysyddpk5uxapq,degi07.bsky.social,,
8edf3ec41a3c49abae8d9a28fae25d6f,2026-02-28T08:00:00Z,2026-02-28T08:18:05Z,auth,auth_enUS_labelerexp,at://did:plc:2gx2noukxzwmj6dkxbmh3qt5/app.bsky.feed.generator/aaahcxau33dt4,suggested_labelerexp,32,at://did:plc:zxo4xio77cevm5fndkivpvnv/app.bsky.feed.post/3mfs44ttwbs2x,bafyreie4tqybnje4cqp5g2noont2j66b43cteqoof44ut3djr5lpoc26lu,did:plc:zxo4xio77cevm5fndkivpvnv,yukiart.bsky.social,,
8edf3ec41a3c49abae8d9a28fae25d6f,2026-02-28T08:00:00Z,2026-02-28T08:18:05Z,auth,auth_enUS_labelerexp,at://did:plc:2gx2noukxzwmj6dkxbmh3qt5/app.bsky.feed.generator/aaahcxau33dt4,suggested_labelerexp,33,at://did:plc:7roolb3kjcllqfdacau2ojqz/app.bsky.feed.post/3mfulcceuws2k,bafyreidqoadami24qrquowwjf5thl5tijl42mksdujlra6wbriy3ajqajm,did:plc:7roolb3kjcllqfdacau2ojqz,drakonejo.bsky.social,,
8edf3ec41a3c49abae8d9a28fae25d6f,2026-02-28T08:00:00Z,2026-02-28T08:18:05Z,auth,auth_enUS_labelerexp,at://did:plc:2gx2noukxzwmj6dkxbmh3qt5/app.bsky.feed.generator/aaahcxau33dt4,suggested_labelerexp,34,at://did:plc:bu3wlskru54i2aypslgha2eh/app.bsky.feed.post/3mfq4hjkfds2i,bafyreicss7vc7iqxtmrjvt7ushb3itnyk4e4ad5cl6vkaaapdfhurgapni,did:plc:bu3wlskru54i2aypslgha2eh,kalls.bsky.social,,
8edf3ec41a3c49abae8d9a28fae25d6f,2026-02-28T08:00:00Z,2026-02-28T08:18:05Z,auth,auth_enUS_labelerexp,at://did:plc:2gx2noukxzwmj6dkxbmh3qt5/app.bsky.feed.generator/aaahcxau33dt4,suggested_labelerexp,35,at://did:plc:skypdw5fvzyztvqwe7fttu2j/app.bsky.feed.post/3mfuohqqhe222,bafyreidjumf4ygrghfsh3xxo263dg566fn5vesq3smqpskm6oi3ztzlara,did:plc:skypdw5fvzyztvqwe7fttu2j,pechiecessie.bsky.social,,
8edf3ec41a3c49abae8d9a28fae25d6f,2026-02-28T08:00:00Z,2026-02-28T08:18:05Z,auth,auth_enUS_labelerexp,at://did:plc:2gx2noukxzwmj6dkxbmh3qt5/app.bsky.feed.generator/aaahcxau33dt4,suggested_labelerexp,36,at://did:plc:ce4kb6736au4yobp6754q5j7/app.bsky.feed.post/3mfuyofhxws2t,bafyreidhldnhwwdrmqiamatpeg3fgfacmp4ygatm2er33jy2tf4lqrnfnq,did:plc:ce4kb6736au4yobp6754q5j7,airy-clefairy.bsky.social,,
8edf3ec41a3c49abae8d9a28fae25d6f,2026-02-28T08:00:00Z,2026-02-28T08:18:05Z,auth,auth_enUS_labelerexp,at://did:plc:2gx2noukxzwmj6dkxbmh3qt5/app.bsky.feed.generator/aaahcxau33dt4,suggested_labelerexp,37,at://did:plc:plnpmvilmztxf47hchvawipw/app.bsky.feed.post/3mfqqojoufs2t,bafyreigax3em52wh66xlofcmvmhpzyuvjlg2kdnsroqepx2oquhrlt2o4e,did:plc:plnpmvilmztxf47hchvawipw,simplydog.bsky.social,,
8edf3ec41a3c49abae8d9a28fae25d6f,2026-02-28T08:00:00Z,2026-02-28T08:18:05Z,auth,auth_enUS_labelerexp,at://did:plc:2gx2noukxzwmj6dkxbmh3qt5/app.bsky.feed.generator/aaahcxau33dt4,suggested_labelerexp,38,at://did:plc:qs7gzgphpp5azv7zip452jbs/app.bsky.feed.post/3mfpjsx6idc2p,bafyreidynixc6y6hniq7taj3g66pglw6wmqclqrzfycz6k4agcq6mmd2nq,did:plc:qs7gzgphpp5azv7zip452jbs,caninegray.bsky.social,,
8edf3ec41a3c49abae8d9a28fae25d6f,2026-02-28T08:00:00Z,2026-02-28T08:18:05Z,auth,auth_enUS_labelerexp,at://did:plc:2gx2noukxzwmj6dkxbmh3qt5/app.bsky.feed.generator/aaahcxau33dt4,suggested_labelerexp,39,at://did:plc:r3wqq6rx7phjnx7y54mpcufj/app.bsky.feed.post/3mfrirvhcac2o,bafyreicvexl4sa36jmyvsvcio7p5n5aavhonofluycb62kb3arny2v3wpm,did:plc:r3wqq6rx7phjnx7y54mpcufj,penguisantos-92.bsky.social,,
8edf3ec41a3c49abae8d9a28fae25d6f,2026-02-28T08:00:00Z,2026-02-28T08:18:05Z,auth,auth_enUS_labelerexp,at://did:plc:2gx2noukxzwmj6dkxbmh3qt5/app.bsky.feed.generator/aaahcxau33dt4,suggested_labelerexp,40,at://did:plc:27nn67fmw7gqpyl733ydynrc/app.bsky.feed.post/3mftgcs5ktc2b,bafyreifeku2bexwd5uygtki5zousmqbwbubvryy422l2nut2m4obgbzkj4,did:plc:27nn67fmw7gqpyl733ydynrc,anavaneetharan.bsky.social,,
8edf3ec41a3c49abae8d9a28fae25d6f,2026-02-28T08:00:00Z,2026-02-28T08:18:05Z,auth,auth_enUS_labelerexp,at://did:plc:2gx2noukxzwmj6dkxbmh3qt5/app.bsky.feed.generator/aaahcxau33dt4,suggested_labelerexp,41,at://did:plc:q4xuux3adv4wscai5mi7s2hi/app.bsky.feed.post/3mfv6h5he4223,bafyreif4bvakci3kmpolhd5sg7favfv55wgca5nnbpdkil52lw2zcx3ip4,did:plc:q4xuux3adv4wscai5mi7s2hi,astralliss.bsky.social,,
8edf3ec41a3c49abae8d9a28fae25d6f,2026-02-28T08:00:00Z,2026-02-28T08:18:05Z,auth,auth_enUS_labelerexp,at://did:plc:2gx2noukxzwmj6dkxbmh3qt5/app.bsky.feed.generator/aaahcxau33dt4,suggested_labelerexp,42,at://did:plc:qv7ekj4vtlw6zdyouzmuu4ll/app.bsky.feed.post/3mfv64llxb22p,bafyreig3q5jj3l5loaw57ubricp6qkhylx4wriogzaytrstdcxv4vy5uda,did:plc:qv7ekj4vtlw6zdyouzmuu4ll,tiramika.bsky.social,,
8edf3ec41a3c49abae8d9a28fae25d6f,2026-02-28T08:00:00Z,2026-02-28T08:18:05Z,auth,auth_enUS_labelerexp,at://did:plc:2gx2noukxzwmj6dkxbmh3qt5/app.bsky.feed.generator/aaahcxau33dt4,suggested_labelerexp,43,at://did:plc:q7m5fxslgw2p7vseohlesgb7/app.bsky.feed.post/3mfqfsfk2qc2m,bafyreieiessblii3y7hm2julmmxn7y6y5mbc4otxzsjtjcwwzjxp5rz2bm,did:plc:q7m5fxslgw2p7vseohlesgb7,celestehart.bsky.social,,
8edf3ec41a3c49abae8d9a28fae25d6f,2026-02-28T08:00:00Z,2026-02-28T08:18:05Z,auth,auth_enUS_labelerexp,at://did:plc:2gx2noukxzwmj6dkxbmh3qt5/app.bsky.feed.generator/aaahcxau33dt4,suggested_labelerexp,44,at://did:plc:t2mgvsykbayok3g3xs67okdb/app.bsky.feed.post/3mfu7dlhsxc2f,bafyreibnqtwmwm7xvorgghpqb7cpsj65p2z7ehwhufgzws5rdpng435hli,did:plc:t2mgvsykbayok3g3xs67okdb,ikabod.bsky.social,,
8edf3ec41a3c49abae8d9a28fae25d6f,2026-02-28T08:00:00Z,2026-02-28T08:18:05Z,auth,auth_enUS_labelerexp,at://did:plc:2gx2noukxzwmj6dkxbmh3qt5/app.bsky.feed.generator/aaahcxau33dt4,suggested_labelerexp,45,at://did:plc:6ylva6gyx5axlntnqiw4ze2x/app.bsky.feed.post/3mfs5voj6rs2p,bafyreiavpysuofsnmpw6aptfqpgd7f2zvyqmu2tsjjmsl4o3rwvy6mngxi,did:plc:6ylva6gyx5axlntnqiw4ze2x,neocoon.bsky.social,,
8edf3ec41a3c49abae8d9a28fae25d6f,2026-02-28T08:00:00Z,2026-02-28T08:18:05Z,auth,auth_enUS_labelerexp,at://did:plc:2gx2noukxzwmj6dkxbmh3qt5/app.bsky.feed.generator/aaahcxau33dt4,suggested_labelerexp,46,at://did:plc:n5fk43mmexe35y35d3szxgli/app.bsky.feed.post/3mfrut2hro22c,bafyreifnd7hgm3rkfxdvczpts6kemppwkd6chpvf7p6j4mhmnn3a5ggb6e,did:plc:n5fk43mmexe35y35d3szxgli,0nyx-blaze.bsky.social,,
8edf3ec41a3c49abae8d9a28fae25d6f,2026-02-28T08:00:00Z,2026-02-28T08:18:05Z,auth,auth_enUS_labelerexp,at://did:plc:2gx2noukxzwmj6dkxbmh3qt5/app.bsky.feed.generator/aaahcxau33dt4,suggested_labelerexp,47,at://did:plc:huin3l5q4qvcsjwnsw3il66y/app.bsky.feed.post/3mfrls6hoc22e,bafyreid6gsvzmfvjksgkbvazq6pzr6erugv3jwewy6tljux6etxnk6bkdm,did:plc:huin3l5q4qvcsjwnsw3il66y,missaria.bsky.social,,
8edf3ec41a3c49abae8d9a28fae25d6f,2026-02-28T08:00:00Z,2026-02-28T08:18:05Z,auth,auth_enUS_labelerexp,at://did:plc:2gx2noukxzwmj6dkxbmh3qt5/app.bsky.feed.generator/aaahcxau33dt4,suggested_labelerexp,48,at://did:plc:46kicslrnr6dgnibtmwpghuy/app.bsky.feed.post/3mfsf4tbu5s2t,bafyreign4oksesicty6iee3vdub4qtvtwjne44jztrwryygw4fe645lzde,did:plc:46kicslrnr6dgnibtmwpghuy,immychan.bsky.social,,
8edf3ec41a3c49abae8d9a28fae25d6f,2026-02-28T08:00:00Z,2026-02-28T08:18:05Z,auth,auth_enUS_labelerexp,at://did:plc:2gx2noukxzwmj6dkxbmh3qt5/app.bsky.feed.generator/aaahcxau33dt4,suggested_labelerexp,49,at://did:plc:d5r44eh32dvlwlpul22noe7q/app.bsky.feed.post/3mfsqqpb3wc23,bafyreicpfqjpyo74mdougjnc6yimh5bh35tyihfzit6mduca26tael6nwq,did:plc:d5r44eh32dvlwlpul22noe7q,grimkitty.bsky.social,,
8edf3ec41a3c49abae8d9a28fae25d6f,2026-02-28T08:00:00Z,2026-02-28T08:18:05Z,auth,auth_enUS_labelerexp,at://did:plc:2gx2noukxzwmj6dkxbmh3qt5/app.bsky.feed.generator/aaahcxau33dt4,suggested_labelerexp,50,at://did:plc:y5hvwmafwclbmrsbwzewvijf/app.bsky.feed.post/3mftmrd6xxk2w,bafyreidhd76lghv32u23al4egw6267myu6nzi3fxoskmk5qv5op75dae2i,did:plc:y5hvwmafwclbmrsbwzewvijf,aassttrraa.bsky.social,,
8edf3ec41a3c49abae8d9a28fae25d6f,2026-02-28T08:00:00Z,2026-02-28T08:18:06Z,auth,auth_enUS_labelerexp,at://did:plc:56fa7nq34sp444dlr5a7tqmu/app.bsky.feed.generator/aaacylrsrrkji,suggested_labelerexp,1,at://did:plc:6lj55lp7ildpnn5jmtfaejzg/app.bsky.feed.post/3mfvrsb2szc2f,bafyreiaxlqwj4oafksb67r4oggya4ehvqjizl32malg44yaxwgzhc4jnp4,did:plc:6lj55lp7ildpnn5jmtfaejzg,mothicalbeast.bsky.social,,
8edf3ec41a3c49abae8d9a28fae25d6f,2026-02-28T08:00:00Z,2026-02-28T08:18:06Z,auth,auth_enUS_labelerexp,at://did:plc:56fa7nq34sp444dlr5a7tqmu/app.bsky.feed.generator/aaacylrsrrkji,suggested_labelerexp,2,at://did:plc:3tnu5gfoy6vizfphb4ltzuom/app.bsky.feed.post/3mfvrld6bak22,bafyreifkorbztpqtnulhcl4x3zy4beooueuywvicag5mfg4biqzzdfubxa,did:plc:3tnu5gfoy6vizfphb4ltzuom,caztastrophe.bsky.social,,
8edf3ec41a3c49abae8d9a28fae25d6f,2026-02-28T08:00:00Z,2026-02-28T08:18:06Z,auth,auth_enUS_labelerexp,at://did:plc:56fa7nq34sp444dlr5a7tqmu/app.bsky.feed.generator/aaacylrsrrkji,suggested_labelerexp,3,at://did:plc:6lj55lp7ildpnn5jmtfaejzg/app.bsky.feed.post/3mfvrf3q7ns2f,bafyreifmagwy5fuwr6q3zabtb5nk6ukedsjs2l5jworjlqtvkzuavrheom,did:plc:6lj55lp7ildpnn5jmtfaejzg,mothicalbeast.bsky.social,,
8edf3ec41a3c49abae8d9a28fae25d6f,2026-02-28T08:00:00Z,2026-02-28T08:18:06Z,auth,auth_enUS_labelerexp,at://did:plc:56fa7nq34sp444dlr5a7tqmu/app.bsky.feed.generator/aaacylrsrrkji,suggested_labelerexp,4,at://did:plc:5yfujwgz3nkynik4yesx6um5/app.bsky.feed.post/3mfvre5bo4c2n,bafyreiaqw6w437cdvkpb234rkakmsugzsh4pbfdsn2ngqd3rlsyfbhq544,did:plc:5yfujwgz3nkynik4yesx6um5,luxastarte.bsky.social,,
8edf3ec41a3c49abae8d9a28fae25d6f,2026-02-28T08:00:00Z,2026-02-28T08:18:06Z,auth,auth_enUS_labelerexp,at://did:plc:56fa7nq34sp444dlr5a7tqmu/app.bsky.feed.generator/aaacylrsrrkji,suggested_labelerexp,5,at://did:plc:qh5huv2a67tsehvwppm6iwif/app.bsky.feed.post/3mfvps7l6b22r,bafyreiguikjqb4ywkypxozhr7ziz5ehdk7cpc7ed3fgdl2525byaaxc35q,did:plc:qh5huv2a67tsehvwppm6iwif,spherewolf.bsky.social,,
8edf3ec41a3c49abae8d9a28fae25d6f,2026-02-28T08:00:00Z,2026-02-28T08:18:06Z,auth,auth_enUS_labelerexp,at://did:plc:56fa7nq34sp444dlr5a7tqmu/app.bsky.feed.generator/aaacylrsrrkji,suggested_labelerexp,6,at://did:plc:dhsrnkbeowgiu7flwwavc2mv/app.bsky.feed.post/3mfvpccndrk2g,bafyreibdjw6663hn5jfewt7mcf4etjgzdbtpifvzi7iuxqeklmndecvzcq,did:plc:dhsrnkbeowgiu7flwwavc2mv,manticorn.bsky.social,,
8edf3ec41a3c49abae8d9a28fae25d6f,2026-02-28T08:00:00Z,2026-02-28T08:18:06Z,auth,auth_enUS_labelerexp,at://did:plc:56fa7nq34sp444dlr5a7tqmu/app.bsky.feed.generator/aaacylrsrrkji,suggested_labelerexp,7,at://did:plc:kgx74mvf4cdechxvorxlidee/app.bsky.feed.post/3mfvod4eamc2o,bafyreihhunrqll5qfag736modqlyymtt7vnfc5adpwoc6tz6cp7a7hmjey,did:plc:kgx74mvf4cdechxvorxlidee,collectivelycass.bsky.social,,
8edf3ec41a3c49abae8d9a28fae25d6f,2026-02-28T08:00:00Z,2026-02-28T08:18:06Z,auth,auth_enUS_labelerexp,at://did:plc:56fa7nq34sp444dlr5a7tqmu/app.bsky.feed.generator/aaacylrsrrkji,suggested_labelerexp,8,at://did:plc:3tnu5gfoy6vizfphb4ltzuom/app.bsky.feed.post/3mfvnjs3ey222,bafyreiacoqbis4m7ddoniitz2wmfkor563stxpxyiotynvouajxrzfh2uu,did:plc:3tnu5gfoy6vizfphb4ltzuom,caztastrophe.bsky.social,,
8edf3ec41a3c49abae8d9a28fae25d6f,2026-02-28T08:00:00Z,2026-02-28T08:18:06Z,auth,auth_enUS_labelerexp,at://did:plc:56fa7nq34sp444dlr5a7tqmu/app.bsky.feed.generator/aaacylrsrrkji,suggested_labelerexp,9,at://did:plc:47qviy5p44nc73elkae5turh/app.bsky.feed.post/3mfvmxugst22q,bafyreifqxserqu46l2viglipjlbin5gdjuiopmqplgn4nnnycrpphdkkeu,did:plc:47qviy5p44nc73elkae5turh,cytricacid.art,,
8edf3ec41a3c49abae8d9a28fae25d6f,2026-02-28T08:00:00Z,2026-02-28T08:18:06Z,auth,auth_enUS_labelerexp,at://did:plc:56fa7nq34sp444dlr5a7tqmu/app.bsky.feed.generator/aaacylrsrrkji,suggested_labelerexp,10,at://did:plc:rsofqxrro3zp7shaslw7aq3a/app.bsky.feed.post/3mfvlq27zu22e,bafyreickg723cdbaulb33rflwze5237jmjofghl6yfhfworgxumsgbmfzu,did:plc:rsofqxrro3zp7shaslw7aq3a,bran-bal.bsky.social,,
8edf3ec41a3c49abae8d9a28fae25d6f,2026-02-28T08:00:00Z,2026-02-28T08:18:06Z,auth,auth_enUS_labelerexp,at://did:plc:56fa7nq34sp444dlr5a7tqmu/app.bsky.feed.generator/aaacylrsrrkji,suggested_labelerexp,11,at://did:plc:pjolfwskc4vdoceztvmmbfm4/app.bsky.feed.post/3mfvlbpje3c2a,bafyreibd3txnjwkfjlwzomkkgifd4yiw3jkdr4lmbtt2xxzxkisimhb7ie,did:plc:pjolfwskc4vdoceztvmmbfm4,bongfurby.org,,
8edf3ec41a3c49abae8d9a28fae25d6f,2026-02-28T08:00:00Z,2026-02-28T08:18:06Z,auth,auth_enUS_labelerexp,at://did:plc:56fa7nq34sp444dlr5a7tqmu/app.bsky.feed.generator/aaacylrsrrkji,suggested_labelerexp,12,at://did:plc:y3ud7lx6ksjrgwpu2mmblzc4/app.bsky.feed.post/3mfvke2j5u22o,bafyreigdvoorrzflphc3vnbpuop7cbttxkbkcf4j3ugrpmaqiys7jbpojy,did:plc:y3ud7lx6ksjrgwpu2mmblzc4,alixwzl.bsky.social,,
8edf3ec41a3c49abae8d9a28fae25d6f,2026-02-28T08:00:00Z,2026-02-28T08:18:06Z,auth,auth_enUS_labelerexp,at://did:plc:56fa7nq34sp444dlr5a7tqmu/app.bsky.feed.generator/aaacylrsrrkji,suggested_labelerexp,13,at://did:plc:mqoqowt6lzhujnlgjv3kixa3/app.bsky.feed.post/3mfvkdahf6s2w,bafyreihcztzbe5d35mijmdijlhmc5ym53djilckpj74apsf4jsbmj2z524,did:plc:mqoqowt6lzhujnlgjv3kixa3,johniarty.bsky.social,,
8edf3ec41a3c49abae8d9a28fae25d6f,2026-02-28T08:00:00Z,2026-02-28T08:18:06Z,auth,auth_enUS_labelerexp,at://did:plc:56fa7nq34sp444dlr5a7tqmu/app.bsky.feed.generator/aaacylrsrrkji,suggested_labelerexp,14,at://did:plc:y3ud7lx6ksjrgwpu2mmblzc4/app.bsky.feed.post/3mfvj7rf4os2o,bafyreid5wazi4ry2s3hp5n5hqaxd4ggtmfjzzqghurr3k43ueua3vsonhi,did:plc:y3ud7lx6ksjrgwpu2mmblzc4,alixwzl.bsky.social,,
8edf3ec41a3c49abae8d9a28fae25d6f,2026-02-28T08:00:00Z,2026-02-28T08:18:06Z,auth,auth_enUS_labelerexp,at://did:plc:56fa7nq34sp444dlr5a7tqmu/app.bsky.feed.generator/aaacylrsrrkji,suggested_labelerexp,15,at://did:plc:ldqrgp3mkt2xsclylt4qlsgf/app.bsky.feed.post/3mfvj2vsq3s26,bafyreibnzgjtyv42m6egfs7de7k2cjkdc2wkvn63j3wmcmzpvaqz5zyyni,did:plc:ldqrgp3mkt2xsclylt4qlsgf,feraldeer.bsky.social,,
8edf3ec41a3c49abae8d9a28fae25d6f,2026-02-28T08:00:00Z,2026-02-28T08:18:06Z,auth,auth_enUS_labelerexp,at://did:plc:56fa7nq34sp444dlr5a7tqmu/app.bsky.feed.generator/aaacylrsrrkji,suggested_labelerexp,16,at://did:plc:zvewiyekn45lm4ntrjgsrpll/app.bsky.feed.post/3mfvio7t2p22x,bafyreifmlprekfeg2u3w7nofw2x7m2qsucjllx3tfjdtlz2maonge7n7z4,did:plc:zvewiyekn45lm4ntrjgsrpll,shrekromancer.gay,,
8edf3ec41a3c49abae8d9a28fae25d6f,2026-02-28T08:00:00Z,2026-02-28T08:18:06Z,auth,auth_enUS_labelerexp,at://did:plc:56fa7nq34sp444dlr5a7tqmu/app.bsky.feed.generator/aaacylrsrrkji,suggested_labelerexp,17,at://did:plc:nuxsc6m3aonu64bgjfmej6lr/app.bsky.feed.post/3mfvicl5bp222,bafyreifhu32g575gg3k2uojgpwv2m7yf3sdbp2ptmghacrmq5hciavuyhm,did:plc:nuxsc6m3aonu64bgjfmej6lr,challahchic.bsky.social,,
8edf3ec41a3c49abae8d9a28fae25d6f,2026-02-28T08:00:00Z,2026-02-28T08:18:06Z,auth,auth_enUS_labelerexp,at://did:plc:56fa7nq34sp444dlr5a7tqmu/app.bsky.feed.generator/aaacylrsrrkji,suggested_labelerexp,18,at://did:plc:klriafv6rdha63hefisn5een/app.bsky.feed.post/3mfvhvmv6f22r,bafyreiftswktbjcgof6emhthcz4udktu3w47usyzhaa3um4mzucpcquzei,did:plc:klriafv6rdha63hefisn5een,dilfkink.kindboys.online,,
8edf3ec41a3c49abae8d9a28fae25d6f,2026-02-28T08:00:00Z,2026-02-28T08:18:06Z,auth,auth_enUS_labelerexp,at://did:plc:56fa7nq34sp444dlr5a7tqmu/app.bsky.feed.generator/aaacylrsrrkji,suggested_labelerexp,19,at://did:plc:2bvxz7qsbzi5d6ztgovci5um/app.bsky.feed.post/3mfvhtegf7k2b,bafyreic6cke6uwxfbxrlhuii7kcfkg7e7vruguz2pkjcw6nhyxsz5spmca,did:plc:2bvxz7qsbzi5d6ztgovci5um,wtfbear.bsky.social,,
8edf3ec41a3c49abae8d9a28fae25d6f,2026-02-28T08:00:00Z,2026-02-28T08:18:06Z,auth,auth_enUS_labelerexp,at://did:plc:56fa7nq34sp444dlr5a7tqmu/app.bsky.feed.generator/aaacylrsrrkji,suggested_labelerexp,20,at://did:plc:fh5475jrysspmrbdf7g4mstt/app.bsky.feed.post/3mfvheb65qk2z,bafyreibrxwsdgamjhykcbgt74dt27zfldzy7fiir3yuqlwvo2fvfs4nigi,did:plc:fh5475jrysspmrbdf7g4mstt,wcforager.bsky.social,,
8edf3ec41a3c49abae8d9a28fae25d6f,2026-02-28T08:00:00Z,2026-02-28T08:18:06Z,auth,auth_enUS_labelerexp,at://did:plc:56fa7nq34sp444dlr5a7tqmu/app.bsky.feed.generator/aaacylrsrrkji,suggested_labelerexp,21,at://did:plc:frjzboysria3z3t4xqh637io/app.bsky.feed.post/3mfvhd3udls2o,bafyreiavpqnccbxsyxgv53u7y5gf2pw36w774tmafoai4xlgetytrk3r3i,did:plc:frjzboysria3z3t4xqh637io,thematzohballsoup.bsky.social,,
8edf3ec41a3c49abae8d9a28fae25d6f,2026-02-28T08:00:00Z,2026-02-28T08:18:06Z,auth,auth_enUS_labelerexp,at://did:plc:56fa7nq34sp444dlr5a7tqmu/app.bsky.feed.generator/aaacylrsrrkji,suggested_labelerexp,22,at://did:plc:47qviy5p44nc73elkae5turh/app.bsky.feed.post/3mfvhcsgam22p,bafyreiccbgcc6flaxqgw4f7pn63fjd7ricfrwsbwjh43m42fh4qdx52tfy,did:plc:47qviy5p44nc73elkae5turh,cytricacid.art,,
8edf3ec41a3c49abae8d9a28fae25d6f,2026-02-28T08:00:00Z,2026-02-28T08:18:06Z,auth,auth_enUS_labelerexp,at://did:plc:56fa7nq34sp444dlr5a7tqmu/app.bsky.feed.generator/aaacylrsrrkji,suggested_labelerexp,23,at://did:plc:pjolfwskc4vdoceztvmmbfm4/app.bsky.feed.post/3mfvgufcg3c2a,bafyreiexhem3w2nfc725tq6jv2oqirw5gk3q3tex3cnmoiy52kondwyj3i,did:plc:pjolfwskc4vdoceztvmmbfm4,bongfurby.org,,
8edf3ec41a3c49abae8d9a28fae25d6f,2026-02-28T08:00:00Z,2026-02-28T08:18:06Z,auth,auth_enUS_labelerexp,at://did:plc:56fa7nq34sp444dlr5a7tqmu/app.bsky.feed.generator/aaacylrsrrkji,suggested_labelerexp,24,at://did:plc:hjykhrtsznz76d4qllrdbywq/app.bsky.feed.post/3mfvgchsu3c22,bafyreifqbklajjrrtnidpwdpolxpcxyvug72zqoojer72oynjgg5kx7zv4,did:plc:hjykhrtsznz76d4qllrdbywq,gpike.bsky.social,,
8edf3ec41a3c49abae8d9a28fae25d6f,2026-02-28T08:00:00Z,2026-02-28T08:18:06Z,auth,auth_enUS_labelerexp,at://did:plc:56fa7nq34sp444dlr5a7tqmu/app.bsky.feed.generator/aaacylrsrrkji,suggested_labelerexp,25,at://did:plc:5yxwvwhl2lsnbwmxc2jdt7cl/app.bsky.feed.post/3mfvg4ahzz22z,bafyreiaiq6zeuicoc2jfvdg2btbqb6hbtynryvkqvhc5veljpkwgipwnju,did:plc:5yxwvwhl2lsnbwmxc2jdt7cl,shadovvlurking.bsky.social,,
8edf3ec41a3c49abae8d9a28fae25d6f,2026-02-28T08:00:00Z,2026-02-28T08:18:06Z,auth,auth_enUS_labelerexp,at://did:plc:56fa7nq34sp444dlr5a7tqmu/app.bsky.feed.generator/aaacylrsrrkji,suggested_labelerexp,26,at://did:plc:3y6ahepp3vvz4wl3z4d5mady/app.bsky.feed.post/3mfvfsxhw6c2h,bafyreihm4bpsvsfqoiugi6t4n7a75ektnj7lj3w3vk7nu7nrkcxydobjjm,did:plc:3y6ahepp3vvz4wl3z4d5mady,wreckingball4good.bsky.social,,
8edf3ec41a3c49abae8d9a28fae25d6f,2026-02-28T08:00:00Z,2026-02-28T08:18:06Z,auth,auth_enUS_labelerexp,at://did:plc:56fa7nq34sp444dlr5a7tqmu/app.bsky.feed.generator/aaacylrsrrkji,suggested_labelerexp,27,at://did:plc:dhsrnkbeowgiu7flwwavc2mv/app.bsky.feed.post/3mfvf7oaahk22,bafyreifjk7mysya62vvrv4qqlickz36vgnaelpdrgkg4jfulibvbtdfi2e,did:plc:dhsrnkbeowgiu7flwwavc2mv,manticorn.bsky.social,,
8edf3ec41a3c49abae8d9a28fae25d6f,2026-02-28T08:00:00Z,2026-02-28T08:18:06Z,auth,auth_enUS_labelerexp,at://did:plc:56fa7nq34sp444dlr5a7tqmu/app.bsky.feed.generator/aaacylrsrrkji,suggested_labelerexp,28,at://did:plc:klriafv6rdha63hefisn5een/app.bsky.feed.post/3mfvezje3xs2v,bafyreihmmzlvmxf6zqx3sgjgq4tct6mggeacycusfgzpi3c3liwkbldtgu,did:plc:klriafv6rdha63hefisn5een,dilfkink.kindboys.online,,
8edf3ec41a3c49abae8d9a28fae25d6f,2026-02-28T08:00:00Z,2026-02-28T08:18:06Z,auth,auth_enUS_labelerexp,at://did:plc:56fa7nq34sp444dlr5a7tqmu/app.bsky.feed.generator/aaacylrsrrkji,suggested_labelerexp,29,at://did:plc:klriafv6rdha63hefisn5een/app.bsky.feed.post/3mfveuq5pyk2v,bafyreiecddh5rs3kq4apmpuw4krffnxaolxvhz4xthyi6l5h2fp4gkc3xi,did:plc:klriafv6rdha63hefisn5een,dilfkink.kindboys.online,,
8edf3ec41a3c49abae8d9a28fae25d6f,2026-02-28T08:00:00Z,2026-02-28T08:18:06Z,auth,auth_enUS_labelerexp,at://did:plc:56fa7nq34sp444dlr5a7tqmu/app.bsky.feed.generator/aaacylrsrrkji,suggested_labelerexp,30,at://did:plc:5zfcmbupaqsvkiweknzwbt3x/app.bsky.feed.post/3mfvehnmg2k2y,bafyreia5znnhjnw5gwjfrad7eazv5x2raf6wic6sa7xnkatw2xlryuf6vy,did:plc:5zfcmbupaqsvkiweknzwbt3x,fallonturing.bsky.social,,
8edf3ec41a3c49abae8d9a28fae25d6f,2026-02-28T08:00:00Z,2026-02-28T08:18:06Z,auth,auth_enUS_labelerexp,at://did:plc:56fa7nq34sp444dlr5a7tqmu/app.bsky.feed.generator/aaacylrsrrkji,suggested_labelerexp,31,at://did:plc:ughxkj333ki7nkwxhbjwsmnp/app.bsky.feed.post/3mfvehcdp3k2w,bafyreib7poa6otz4iv2xuifz7kbrqlvwfev6qekllucibnoc4id2ciwpsu,did:plc:ughxkj333ki7nkwxhbjwsmnp,nedlazaruswolfe.bsky.social,,
8edf3ec41a3c49abae8d9a28fae25d6f,2026-02-28T08:00:00Z,2026-02-28T08:18:06Z,auth,auth_enUS_labelerexp,at://did:plc:56fa7nq34sp444dlr5a7tqmu/app.bsky.feed.generator/aaacylrsrrkji,suggested_labelerexp,32,at://did:plc:7fvkbsnrihrr4gudjhtulbnu/app.bsky.feed.post/3mfvefhp7ac2y,bafyreiblpieovfpt4l5v7tpbjp4jou2r3cw5hdkrvf3mkugqyqygvi22sq,did:plc:7fvkbsnrihrr4gudjhtulbnu,coldbrewcat.bsky.social,,
8edf3ec41a3c49abae8d9a28fae25d6f,2026-02-28T08:00:00Z,2026-02-28T08:18:06Z,auth,auth_enUS_labelerexp,at://did:plc:56fa7nq34sp444dlr5a7tqmu/app.bsky.feed.generator/aaacylrsrrkji,suggested_labelerexp,33,at://did:plc:ua4y7ly7p2scvftkutgpusyx/app.bsky.feed.post/3mfve6ii26k2f,bafyreibktbgimozhw5ejr2bptt4buduvl7yfiv47n6hfgqbmxpgjltkh7q,did:plc:ua4y7ly7p2scvftkutgpusyx,majima.club,,
8edf3ec41a3c49abae8d9a28fae25d6f,2026-02-28T08:00:00Z,2026-02-28T08:18:06Z,auth,auth_enUS_labelerexp,at://did:plc:56fa7nq34sp444dlr5a7tqmu/app.bsky.feed.generator/aaacylrsrrkji,suggested_labelerexp,34,at://did:plc:5zfcmbupaqsvkiweknzwbt3x/app.bsky.feed.post/3mfve4h5qjs2y,bafyreift6qs73eylmzbvftg7qoxpd2y2svg3byqsmusvvhdf5yf6r3i6je,did:plc:5zfcmbupaqsvkiweknzwbt3x,fallonturing.bsky.social,,
8edf3ec41a3c49abae8d9a28fae25d6f,2026-02-28T08:00:00Z,2026-02-28T08:18:06Z,auth,auth_enUS_labelerexp,at://did:plc:56fa7nq34sp444dlr5a7tqmu/app.bsky.feed.generator/aaacylrsrrkji,suggested_labelerexp,35,at://did:plc:2bvxz7qsbzi5d6ztgovci5um/app.bsky.feed.post/3mfvdy54e3k2b,bafyreidjl3gypw5xtkngq33pxgx7rzz5ercmis4p6dfglkcxhhfgdzt5c4,did:plc:2bvxz7qsbzi5d6ztgovci5um,wtfbear.bsky.social,,
8edf3ec41a3c49abae8d9a28fae25d6f,2026-02-28T08:00:00Z,2026-02-28T08:18:06Z,auth,auth_enUS_labelerexp,at://did:plc:56fa7nq34sp444dlr5a7tqmu/app.bsky.feed.generator/aaacylrsrrkji,suggested_labelerexp,36,at://did:plc:kgx74mvf4cdechxvorxlidee/app.bsky.feed.post/3mfvdt7aums2z,bafyreibvpqjvvqf7vb653ujfj3mqhgni4z5qjvl5yofwtjsmmnay66vz5a,did:plc:kgx74mvf4cdechxvorxlidee,collectivelycass.bsky.social,,
8edf3ec41a3c49abae8d9a28fae25d6f,2026-02-28T08:00:00Z,2026-02-28T08:18:06Z,auth,auth_enUS_labelerexp,at://did:plc:56fa7nq34sp444dlr5a7tqmu/app.bsky.feed.generator/aaacylrsrrkji,suggested_labelerexp,37,at://did:plc:7fvkbsnrihrr4gudjhtulbnu/app.bsky.feed.post/3mfvdnfptbk2y,bafyreifociwrhuwm5w676hhzpjqofricw4uxaij2majyx5jykoqqcsdr7q,did:plc:7fvkbsnrihrr4gudjhtulbnu,coldbrewcat.bsky.social,,
8edf3ec41a3c49abae8d9a28fae25d6f,2026-02-28T08:00:00Z,2026-02-28T08:18:06Z,auth,auth_enUS_labelerexp,at://did:plc:56fa7nq34sp444dlr5a7tqmu/app.bsky.feed.generator/aaacylrsrrkji,suggested_labelerexp,38,at://did:plc:ua4y7ly7p2scvftkutgpusyx/app.bsky.feed.post/3mfvdgofj222f,bafyreib5h6d2b24r7whwbckwcg7gdtmtrxrhu4sfoanmugjrlmdhjcxbk4,did:plc:ua4y7ly7p2scvftkutgpusyx,majima.club,,
8edf3ec41a3c49abae8d9a28fae25d6f,2026-02-28T08:00:00Z,2026-02-28T08:18:06Z,auth,auth_enUS_labelerexp,at://did:plc:56fa7nq34sp444dlr5a7tqmu/app.bsky.feed.generator/aaacylrsrrkji,suggested_labelerexp,39,at://did:plc:ldqrgp3mkt2xsclylt4qlsgf/app.bsky.feed.post/3mfvd333kf22u,bafyreie4uc4nfydsjfmtvxf3jsftpdmfqgtzwijqs3pg26kthl5tuw2u2u,did:plc:ldqrgp3mkt2xsclylt4qlsgf,feraldeer.bsky.social,,
8edf3ec41a3c49abae8d9a28fae25d6f,2026-02-28T08:00:00Z,2026-02-28T08:18:06Z,auth,auth_enUS_labelerexp,at://did:plc:56fa7nq34sp444dlr5a7tqmu/app.bsky.feed.generator/aaacylrsrrkji,suggested_labelerexp,40,at://did:plc:kgx74mvf4cdechxvorxlidee/app.bsky.feed.post/3mfvcvx4das2z,bafyreigvbxsvqzphaqzvuhuiphrg5tfvf67lrou5bkbig27aivx7cnspcu,did:plc:kgx74mvf4cdechxvorxlidee,collectivelycass.bsky.social,,
8edf3ec41a3c49abae8d9a28fae25d6f,2026-02-28T08:00:00Z,2026-02-28T08:18:06Z,auth,auth_enUS_labelerexp,at://did:plc:56fa7nq34sp444dlr5a7tqmu/app.bsky.feed.generator/aaacylrsrrkji,suggested_labelerexp,41,at://did:plc:ldqrgp3mkt2xsclylt4qlsgf/app.bsky.feed.post/3mfvcj5ofjs2u,bafyreickhmsizhxc7g4b2npperd7eg5l5b6s7yiznwxkencdavah5oc6xq,did:plc:ldqrgp3mkt2xsclylt4qlsgf,feraldeer.bsky.social,,
8edf3ec41a3c49abae8d9a28fae25d6f,2026-02-28T08:00:00Z,2026-02-28T08:18:06Z,auth,auth_enUS_labelerexp,at://did:plc:56fa7nq34sp444dlr5a7tqmu/app.bsky.feed.generator/aaacylrsrrkji,suggested_labelerexp,42,at://did:plc:rnc43dvm6svkeucqrblzchof/app.bsky.feed.post/3mfvcd4gvhk23,bafyreihehorosks7rxv6qhh4kr7fpmccirc72mwoa2kcmjvaicvtu2ssfy,did:plc:rnc43dvm6svkeucqrblzchof,foxfux.gay,,
8edf3ec41a3c49abae8d9a28fae25d6f,2026-02-28T08:00:00Z,2026-02-28T08:18:06Z,auth,auth_enUS_labelerexp,at://did:plc:56fa7nq34sp444dlr5a7tqmu/app.bsky.feed.generator/aaacylrsrrkji,suggested_labelerexp,43,at://did:plc:6et34toeqd6tpsibfd7kz2fq/app.bsky.feed.post/3mfvbtstjyk2s,bafyreids4lsafwdstizo2rkhpjs5b4pc7xq25g57mvvpcvlisfqzpxu4k4,did:plc:6et34toeqd6tpsibfd7kz2fq,beaztvibe.bsky.social,,
8edf3ec41a3c49abae8d9a28fae25d6f,2026-02-28T08:00:00Z,2026-02-28T08:18:06Z,auth,auth_enUS_labelerexp,at://did:plc:56fa7nq34sp444dlr5a7tqmu/app.bsky.feed.generator/aaacylrsrrkji,suggested_labelerexp,44,at://did:plc:pjolfwskc4vdoceztvmmbfm4/app.bsky.feed.post/3mfvbrzkvhk2a,bafyreiflh7lrclvtvabdov7q3amwcnlvy5a63v5ymvozolkuayqvdtrgea,did:plc:pjolfwskc4vdoceztvmmbfm4,bongfurby.org,,
8edf3ec41a3c49abae8d9a28fae25d6f,2026-02-28T08:00:00Z,2026-02-28T08:18:06Z,auth,auth_enUS_labelerexp,at://did:plc:56fa7nq34sp444dlr5a7tqmu/app.bsky.feed.generator/aaacylrsrrkji,suggested_labelerexp,45,at://did:plc:dhsrnkbeowgiu7flwwavc2mv/app.bsky.feed.post/3mfvbp6djk22b,bafyreibmbon3s6tfj4bvkuofuso65lmjygsdpkxziny4g2p5pjmfmrgkw4,did:plc:dhsrnkbeowgiu7flwwavc2mv,manticorn.bsky.social,,
8edf3ec41a3c49abae8d9a28fae25d6f,2026-02-28T08:00:00Z,2026-02-28T08:18:06Z,auth,auth_enUS_labelerexp,at://did:plc:56fa7nq34sp444dlr5a7tqmu/app.bsky.feed.generator/aaacylrsrrkji,suggested_labelerexp,46,at://did:plc:dhsrnkbeowgiu7flwwavc2mv/app.bsky.feed.post/3mfvazxuhn22b,bafyreihhpwhzy56jd3rlwfsqo5fxgoiyhakhdhkyre5663m5vy6gpk46im,did:plc:dhsrnkbeowgiu7flwwavc2mv,manticorn.bsky.social,,
8edf3ec41a3c49abae8d9a28fae25d6f,2026-02-28T08:00:00Z,2026-02-28T08:18:06Z,auth,auth_enUS_labelerexp,at://did:plc:56fa7nq34sp444dlr5a7tqmu/app.bsky.feed.generator/aaacylrsrrkji,suggested_labelerexp,47,at://did:plc:klriafv6rdha63hefisn5een/app.bsky.feed.post/3mfvaza32fk22,bafyreih6unosr74ubvkvt6yy7i32giw5a37qpwlkcxcjbe3up4uraxjpdu,did:plc:klriafv6rdha63hefisn5een,dilfkink.kindboys.online,,
8edf3ec41a3c49abae8d9a28fae25d6f,2026-02-28T08:00:00Z,2026-02-28T08:18:06Z,auth,auth_enUS_labelerexp,at://did:plc:56fa7nq34sp444dlr5a7tqmu/app.bsky.feed.generator/aaacylrsrrkji,suggested_labelerexp,48,at://did:plc:2bexj3sn47budsrkwndlcraj/app.bsky.feed.post/3mfvawn4k2s2d,bafyreicma37zshzzxplobm7ltc6nwpqh2h4mb2ynyi6lo4or3eu5hzl7dy,did:plc:2bexj3sn47budsrkwndlcraj,wodnesse.bsky.social,,
8edf3ec41a3c49abae8d9a28fae25d6f,2026-02-28T08:00:00Z,2026-02-28T08:18:06Z,auth,auth_enUS_labelerexp,at://did:plc:56fa7nq34sp444dlr5a7tqmu/app.bsky.feed.generator/aaacylrsrrkji,suggested_labelerexp,49,at://did:plc:klriafv6rdha63hefisn5een/app.bsky.feed.post/3mfva6whlr222,bafyreiawfkqy37g2x6dohu26asw7zpgoogdbvi3hraeswcbfsi5kmkl6ku,did:plc:klriafv6rdha63hefisn5een,dilfkink.kindboys.online,,
8edf3ec41a3c49abae8d9a28fae25d6f,2026-02-28T08:00:00Z,2026-02-28T08:18:06Z,auth,auth_enUS_labelerexp,at://did:plc:56fa7nq34sp444dlr5a7tqmu/app.bsky.feed.generator/aaacylrsrrkji,suggested_labelerexp,50,at://did:plc:2bvxz7qsbzi5d6ztgovci5um/app.bsky.feed.post/3mfv7yjtnlc2b,bafyreigrfwtuo2ikm2xeduvbrkjgmmybogkn6oktbyxidojz2dukyl7tbe,did:plc:2bvxz7qsbzi5d6ztgovci5um,wtfbear.bsky.social,,
8edf3ec41a3c49abae8d9a28fae25d6f,2026-02-28T08:00:00Z,2026-02-28T08:18:07Z,auth,auth_enUS_labelerexp,at://did:plc:65yo7ynzcyp4kpwsienyukrz/app.bsky.feed.generator/aaadfjfgt73ls,suggested_labelerexp,1,at://did:plc:csrkpbouhh76ruogzko7gmch/app.bsky.feed.post/3mfvr3rhf3k2g,bafyreidputg7yh4i3ocncavasogvz2lfbxdpoputcoep45cdjxuh7utpye,did:plc:csrkpbouhh76ruogzko7gmch,intrepidrandom.bsky.social,,
8edf3ec41a3c49abae8d9a28fae25d6f,2026-02-28T08:00:00Z,2026-02-28T08:18:07Z,auth,auth_enUS_labelerexp,at://did:plc:65yo7ynzcyp4kpwsienyukrz/app.bsky.feed.generator/aaadfjfgt73ls,suggested_labelerexp,2,at://did:plc:7clqhrqskocstjymvqowikhb/app.bsky.feed.post/3mfvr2antec2l,bafyreibj4nxppprz7b5rdwtie2ybm33slzlnxcjsqclgxwj73cgzjx7mzq,did:plc:7clqhrqskocstjymvqowikhb,roundballaus.bsky.social,,
8edf3ec41a3c49abae8d9a28fae25d6f,2026-02-28T08:00:00Z,2026-02-28T08:18:07Z,auth,auth_enUS_labelerexp,at://did:plc:65yo7ynzcyp4kpwsienyukrz/app.bsky.feed.generator/aaadfjfgt73ls,suggested_labelerexp,3,at://did:plc:cvhzp4oqk57twhhjji5o2b3t/app.bsky.feed.post/3mfvqzswddh2v,bafyreihy6aa3a3ai5vrylhh5gntrluezdktj4cer7jz3oxcttha65ja3bu,did:plc:cvhzp4oqk57twhhjji5o2b3t,nz-nb.bsky.social,,
8edf3ec41a3c49abae8d9a28fae25d6f,2026-02-28T08:00:00Z,2026-02-28T08:18:07Z,auth,auth_enUS_labelerexp,at://did:plc:65yo7ynzcyp4kpwsienyukrz/app.bsky.feed.generator/aaadfjfgt73ls,suggested_labelerexp,4,at://did:plc:cvhzp4oqk57twhhjji5o2b3t/app.bsky.feed.post/3mfvqzodany2l,bafyreihhnqnsh43rauyow7nidk2m4d2az7mvarllavx6c46zfqmipg4w7e,did:plc:cvhzp4oqk57twhhjji5o2b3t,nz-nb.bsky.social,,
8edf3ec41a3c49abae8d9a28fae25d6f,2026-02-28T08:00:00Z,2026-02-28T08:18:07Z,auth,auth_enUS_labelerexp,at://did:plc:65yo7ynzcyp4kpwsienyukrz/app.bsky.feed.generator/aaadfjfgt73ls,suggested_labelerexp,5,at://did:plc:cvhzp4oqk57twhhjji5o2b3t/app.bsky.feed.post/3mfvqzjmzrm2t,bafyreiahuw7bihmnia7tktwb2kbdl4e2lvg3m72hg37t7px7jzg7wii4tm,did:plc:cvhzp4oqk57twhhjji5o2b3t,nz-nb.bsky.social,,
8edf3ec41a3c49abae8d9a28fae25d6f,2026-02-28T08:00:00Z,2026-02-28T08:18:07Z,auth,auth_enUS_labelerexp,at://did:plc:65yo7ynzcyp4kpwsienyukrz/app.bsky.feed.generator/aaadfjfgt73ls,suggested_labelerexp,6,at://did:plc:aygprvkguw7iehmwsiteqh5z/app.bsky.feed.post/3mfvqzdx2xs2f,bafyreia3dac4vilkbcb55fzhjxhnitlxwb6nm2n3k26tzehmf2pknh24ta,did:plc:aygprvkguw7iehmwsiteqh5z,legendaryprizes.bsky.social,,
8edf3ec41a3c49abae8d9a28fae25d6f,2026-02-28T08:00:00Z,2026-02-28T08:18:07Z,auth,auth_enUS_labelerexp,at://did:plc:65yo7ynzcyp4kpwsienyukrz/app.bsky.feed.generator/aaadfjfgt73ls,suggested_labelerexp,7,at://did:plc:cvhzp4oqk57twhhjji5o2b3t/app.bsky.feed.post/3mfvqzfduns2y,bafyreifveowdddcoun3ibwzyiagltvsdu6vli3dii22pg3t4d2u7gzynja,did:plc:cvhzp4oqk57twhhjji5o2b3t,nz-nb.bsky.social,,
8edf3ec41a3c49abae8d9a28fae25d6f,2026-02-28T08:00:00Z,2026-02-28T08:18:07Z,auth,auth_enUS_labelerexp,at://did:plc:65yo7ynzcyp4kpwsienyukrz/app.bsky.feed.generator/aaadfjfgt73ls,suggested_labelerexp,8,at://did:plc:cvhzp4oqk57twhhjji5o2b3t/app.bsky.feed.post/3mfvqzaocne2j,bafyreigzros6ygrl7mlt6giy3xogtm66autqrjqvenlyqz2jkqttxjedae,did:plc:cvhzp4oqk57twhhjji5o2b3t,nz-nb.bsky.social,,
8edf3ec41a3c49abae8d9a28fae25d6f,2026-02-28T08:00:00Z,2026-02-28T08:18:07Z,auth,auth_enUS_labelerexp,at://did:plc:65yo7ynzcyp4kpwsienyukrz/app.bsky.feed.generator/aaadfjfgt73ls,suggested_labelerexp,9,at://did:plc:cvhzp4oqk57twhhjji5o2b3t/app.bsky.feed.post/3mfvqz45u562g,bafyreiatag3r7w4neiseucefw54khjuiheeztitg3xnqzs6yqdd2hoeuka,did:plc:cvhzp4oqk57twhhjji5o2b3t,nz-nb.bsky.social,,
8edf3ec41a3c49abae8d9a28fae25d6f,2026-02-28T08:00:00Z,2026-02-28T08:18:07Z,auth,auth_enUS_labelerexp,at://did:plc:65yo7ynzcyp4kpwsienyukrz/app.bsky.feed.generator/aaadfjfgt73ls,suggested_labelerexp,10,at://did:plc:mgje6ae5gyrpnjf4axk2sdtr/app.bsky.feed.post/3mfvqwhfx4c2h,bafyreidooamirmfedhaey5jh24kzioqtqbsae5zfwkinnght44abhcfpvm,did:plc:mgje6ae5gyrpnjf4axk2sdtr,yshrkwhr.bsky.social,,
8edf3ec41a3c49abae8d9a28fae25d6f,2026-02-28T08:00:00Z,2026-02-28T08:18:07Z,auth,auth_enUS_labelerexp,at://did:plc:65yo7ynzcyp4kpwsienyukrz/app.bsky.feed.generator/aaadfjfgt73ls,suggested_labelerexp,11,at://did:plc:u4lfvlv3msykqsi6rjkbv624/app.bsky.feed.post/3mfvqq6mgvk25,bafyreiemqtolmant6ekcn7btjsznqoegjrel25kk3asbyk7zudh6u5kxte,did:plc:u4lfvlv3msykqsi6rjkbv624,nataliehb.bsky.social,,
8edf3ec41a3c49abae8d9a28fae25d6f,2026-02-28T08:00:00Z,2026-02-28T08:18:07Z,auth,auth_enUS_labelerexp,at://did:plc:65yo7ynzcyp4kpwsienyukrz/app.bsky.feed.generator/aaadfjfgt73ls,suggested_labelerexp,12,at://did:plc:4mb67jttis5yviivac7kvjim/app.bsky.feed.post/3mfvqmuh33c2i,bafyreiajulxnra72ishb6hk4cc3vaucov3q4z2ruc2apaowfglgujobrla,did:plc:4mb67jttis5yviivac7kvjim,preserver.archivistorder.com,,
8edf3ec41a3c49abae8d9a28fae25d6f,2026-02-28T08:00:00Z,2026-02-28T08:18:07Z,auth,auth_enUS_labelerexp,at://did:plc:65yo7ynzcyp4kpwsienyukrz/app.bsky.feed.generator/aaadfjfgt73ls,suggested_labelerexp,13,at://did:plc:rqsyfyi66zrxl2hwe2k5aoyi/app.bsky.feed.post/3mfvqmlfx4s2h,bafyreiaurhioz3w7ozb36siwxuo4fjtshtmevr3of4tceawkvou7rknmhu,did:plc:rqsyfyi66zrxl2hwe2k5aoyi,brislen.nz,,
8edf3ec41a3c49abae8d9a28fae25d6f,2026-02-28T08:00:00Z,2026-02-28T08:18:07Z,auth,auth_enUS_labelerexp,at://did:plc:65yo7ynzcyp4kpwsienyukrz/app.bsky.feed.generator/aaadfjfgt73ls,suggested_labelerexp,14,at://did:plc:uftfptmc5ugvwqldt6lbbf2h/app.bsky.feed.post/3mfvqmkfpus2l,bafyreifuiqb7xhzplcirbjxej2vhdziblvp5gm2zdwr7pnbqafefuf6h5m,did:plc:uftfptmc5ugvwqldt6lbbf2h,writagal.bsky.social,,
8edf3ec41a3c49abae8d9a28fae25d6f,2026-02-28T08:00:00Z,2026-02-28T08:18:07Z,auth,auth_enUS_labelerexp,at://did:plc:65yo7ynzcyp4kpwsienyukrz/app.bsky.feed.generator/aaadfjfgt73ls,suggested_labelerexp,15,at://did:plc:vheshc4uyzkiaeg76ithz73x/app.bsky.feed.post/3mfvqfwnxns2r,bafyreic5vepcthy43bpdigoxs6q5fndlazpikuup4fcvyzzvywxtgc6oxu,did:plc:vheshc4uyzkiaeg76ithz73x,sirbant.bsky.social,,
8edf3ec41a3c49abae8d9a28fae25d6f,2026-02-28T08:00:00Z,2026-02-28T08:18:07Z,auth,auth_enUS_labelerexp,at://did:plc:65yo7ynzcyp4kpwsienyukrz/app.bsky.feed.generator/aaadfjfgt73ls,suggested_labelerexp,16,at://did:plc:4w6hbwdyhxje6znfhnsbwjj2/app.bsky.feed.post/3mfvqf3eu7c2o,bafyreicfejotlsfmhaki2p63kk2dq7nrkjvw6kvs2g6oeaw7nbcrsr2bo4,did:plc:4w6hbwdyhxje6znfhnsbwjj2,cgnzl.bsky.social,,
8edf3ec41a3c49abae8d9a28fae25d6f,2026-02-28T08:00:00Z,2026-02-28T08:18:07Z,auth,auth_enUS_labelerexp,at://did:plc:65yo7ynzcyp4kpwsienyukrz/app.bsky.feed.generator/aaadfjfgt73ls,suggested_labelerexp,17,at://did:plc:fqebh4pu7coe7g6rsmjjndf5/app.bsky.feed.post/3mfvqbdilhk2w,bafyreiai5zwlrw6duaegwfil4qrecgdf5yxv4qokunam4dimxfuuopfejm,did:plc:fqebh4pu7coe7g6rsmjjndf5,alinasu33.bsky.social,,
8edf3ec41a3c49abae8d9a28fae25d6f,2026-02-28T08:00:00Z,2026-02-28T08:18:07Z,auth,auth_enUS_labelerexp,at://did:plc:65yo7ynzcyp4kpwsienyukrz/app.bsky.feed.generator/aaadfjfgt73ls,suggested_labelerexp,18,at://did:plc:ttlo47nsxjsrcoph5rzsejc5/app.bsky.feed.post/3mfvqassdr22t,bafyreifm5or75dxzckgh555iuhpcagqfwdabloc55c6o5a5ilbysxcnpga,did:plc:ttlo47nsxjsrcoph5rzsejc5,jasonaw.bsky.social,,
8edf3ec41a3c49abae8d9a28fae25d6f,2026-02-28T08:00:00Z,2026-02-28T08:18:07Z,auth,auth_enUS_labelerexp,at://did:plc:65yo7ynzcyp4kpwsienyukrz/app.bsky.feed.generator/aaadfjfgt73ls,suggested_labelerexp,19,at://did:plc:6tmop7rnerqkwnd22jverhsz/app.bsky.feed.post/3mfvqa7at5s2n,bafyreiekt3pjlyiqhnwmfkplidqonicmjyz2zq6wankhets6s76dsc3tri,did:plc:6tmop7rnerqkwnd22jverhsz,sgowsmith1988.bsky.social,,
8edf3ec41a3c49abae8d9a28fae25d6f,2026-02-28T08:00:00Z,2026-02-28T08:18:07Z,auth,auth_enUS_labelerexp,at://did:plc:65yo7ynzcyp4kpwsienyukrz/app.bsky.feed.generator/aaadfjfgt73ls,suggested_labelerexp,20,at://did:plc:cvhzp4oqk57twhhjji5o2b3t/app.bsky.feed.post/3mfvq7hjhku2j,bafyreicynzgzuyyrft3jtw5itdkspzloiuf6sg2m3wil633bs2o6y2zxde,did:plc:cvhzp4oqk57twhhjji5o2b3t,nz-nb.bsky.social,,
8edf3ec41a3c49abae8d9a28fae25d6f,2026-02-28T08:00:00Z,2026-02-28T08:18:07Z,auth,auth_enUS_labelerexp,at://did:plc:65yo7ynzcyp4kpwsienyukrz/app.bsky.feed.generator/aaadfjfgt73ls,suggested_labelerexp,21,at://did:plc:cvhzp4oqk57twhhjji5o2b3t/app.bsky.feed.post/3mfvq7czpcm2t,bafyreigvn44o6ucu2x5s377mrmh6ngxucgreddvcvzkq5a7zfwgapapb7e,did:plc:cvhzp4oqk57twhhjji5o2b3t,nz-nb.bsky.social,,
8edf3ec41a3c49abae8d9a28fae25d6f,2026-02-28T08:00:00Z,2026-02-28T08:18:07Z,auth,auth_enUS_labelerexp,at://did:plc:65yo7ynzcyp4kpwsienyukrz/app.bsky.feed.generator/aaadfjfgt73ls,suggested_labelerexp,22,at://did:plc:cvhzp4oqk57twhhjji5o2b3t/app.bsky.feed.post/3mfvq76p3dq2t,bafyreifti4u3zp5cknmr7edd4c4ii54glc74tsdtgr3uvfvnvafamhw4jq,did:plc:cvhzp4oqk57twhhjji5o2b3t,nz-nb.bsky.social,,
8edf3ec41a3c49abae8d9a28fae25d6f,2026-02-28T08:00:00Z,2026-02-28T08:18:07Z,auth,auth_enUS_labelerexp,at://did:plc:65yo7ynzcyp4kpwsienyukrz/app.bsky.feed.generator/aaadfjfgt73ls,suggested_labelerexp,23,at://did:plc:cvhzp4oqk57twhhjji5o2b3t/app.bsky.feed.post/3mfvq6zwwtf2g,bafyreifpeugmnt7pytnhj7n45pk25tluypehutpyewpqhuemjctedqwfb4,did:plc:cvhzp4oqk57twhhjji5o2b3t,nz-nb.bsky.social,,
8edf3ec41a3c49abae8d9a28fae25d6f,2026-02-28T08:00:00Z,2026-02-28T08:18:07Z,auth,auth_enUS_labelerexp,at://did:plc:65yo7ynzcyp4kpwsienyukrz/app.bsky.feed.generator/aaadfjfgt73ls,suggested_labelerexp,24,at://did:plc:4mb67jttis5yviivac7kvjim/app.bsky.feed.post/3mfvq6t5mxc2i,bafyreicdbn4pkbxvs3g3e3ciwe7qj7b2emjdovijmfwdljl5pscnfvhxqe,did:plc:4mb67jttis5yviivac7kvjim,preserver.archivistorder.com,,
8edf3ec41a3c49abae8d9a28fae25d6f,2026-02-28T08:00:00Z,2026-02-28T08:18:07Z,auth,auth_enUS_labelerexp,at://did:plc:65yo7ynzcyp4kpwsienyukrz/app.bsky.feed.generator/aaadfjfgt73ls,suggested_labelerexp,25,at://did:plc:cvhzp4oqk57twhhjji5o2b3t/app.bsky.feed.post/3mfvq6vkguq2g,bafyreigynkvtnhz6ul2fnrcssdjiskyv5eicvzkfjmy57emsqiucggx3rq,did:plc:cvhzp4oqk57twhhjji5o2b3t,nz-nb.bsky.social,,
8edf3ec41a3c49abae8d9a28fae25d6f,2026-02-28T08:00:00Z,2026-02-28T08:18:07Z,auth,auth_enUS_labelerexp,at://did:plc:65yo7ynzcyp4kpwsienyukrz/app.bsky.feed.generator/aaadfjfgt73ls,suggested_labelerexp,26,at://did:plc:cvhzp4oqk57twhhjji5o2b3t/app.bsky.feed.post/3mfvq6qvndg2y,bafyreidkz5zjvp6pam674q6s3clm54iyzwpkeyxupgvkylfl6qaqbighc4,did:plc:cvhzp4oqk57twhhjji5o2b3t,nz-nb.bsky.social,,
8edf3ec41a3c49abae8d9a28fae25d6f,2026-02-28T08:00:00Z,2026-02-28T08:18:07Z,auth,auth_enUS_labelerexp,at://did:plc:65yo7ynzcyp4kpwsienyukrz/app.bsky.feed.generator/aaadfjfgt73ls,suggested_labelerexp,27,at://did:plc:cvhzp4oqk57twhhjji5o2b3t/app.bsky.feed.post/3mfvq6mj7yi2g,bafyreibbe4nrb76liap3jkafd6hx5hxpblwy7bbbod5coqaciqyteowdqu,did:plc:cvhzp4oqk57twhhjji5o2b3t,nz-nb.bsky.social,,
8edf3ec41a3c49abae8d9a28fae25d6f,2026-02-28T08:00:00Z,2026-02-28T08:18:07Z,auth,auth_enUS_labelerexp,at://did:plc:65yo7ynzcyp4kpwsienyukrz/app.bsky.feed.generator/aaadfjfgt73ls,suggested_labelerexp,28,at://did:plc:cvhzp4oqk57twhhjji5o2b3t/app.bsky.feed.post/3mfvq6i4hqz2h,bafyreihowdclzkcr7lnzj4f6ko7srjjhr5s4x6fttmarpzldtxvgmekngu,did:plc:cvhzp4oqk57twhhjji5o2b3t,nz-nb.bsky.social,,
8edf3ec41a3c49abae8d9a28fae25d6f,2026-02-28T08:00:00Z,2026-02-28T08:18:07Z,auth,auth_enUS_labelerexp,at://did:plc:65yo7ynzcyp4kpwsienyukrz/app.bsky.feed.generator/aaadfjfgt73ls,suggested_labelerexp,29,at://did:plc:cvhzp4oqk57twhhjji5o2b3t/app.bsky.feed.post/3mfvq6dvfon2g,bafyreichukad66jl2s5bkabrgvubtp57wqsd7capohiv5botxsbzrb2efe,did:plc:cvhzp4oqk57twhhjji5o2b3t,nz-nb.bsky.social,,
8edf3ec41a3c49abae8d9a28fae25d6f,2026-02-28T08:00:00Z,2026-02-28T08:18:07Z,auth,auth_enUS_labelerexp,at://did:plc:65yo7ynzcyp4kpwsienyukrz/app.bsky.feed.generator/aaadfjfgt73ls,suggested_labelerexp,30,at://did:plc:cvhzp4oqk57twhhjji5o2b3t/app.bsky.feed.post/3mfvq67fubq2t,bafyreib6lrmcpa7wdxplv5tpvhkq7k3qg2sethfrbooxb4n25n4lllksl4,did:plc:cvhzp4oqk57twhhjji5o2b3t,nz-nb.bsky.social,,
8edf3ec41a3c49abae8d9a28fae25d6f,2026-02-28T08:00:00Z,2026-02-28T08:18:07Z,auth,auth_enUS_labelerexp,at://did:plc:65yo7ynzcyp4kpwsienyukrz/app.bsky.feed.generator/aaadfjfgt73ls,suggested_labelerexp,31,at://did:plc:ruhlgmw3cqitlwtaa4ygnyic/app.bsky.feed.post/3mfvq5t3gien2,bafyreigfdde26xxjsez7eidl4o5tidxmbto3t7iyw3z2stscrdhhqbne64,did:plc:ruhlgmw3cqitlwtaa4ygnyic,xauriel.mastodon.nz.ap.brid.gy,,
8edf3ec41a3c49abae8d9a28fae25d6f,2026-02-28T08:00:00Z,2026-02-28T08:18:07Z,auth,auth_enUS_labelerexp,at://did:plc:65yo7ynzcyp4kpwsienyukrz/app.bsky.feed.generator/aaadfjfgt73ls,suggested_labelerexp,32,at://did:plc:vzk47g5zsdf4ppbh44sorfct/app.bsky.feed.post/3mfvq4x3m322p,bafyreidnyjuhv55jzfqyuwbslbbcqbgbyjpzk6r4yajhrol4gqp7vjniz4,did:plc:vzk47g5zsdf4ppbh44sorfct,steveperlstein.bsky.social,,
8edf3ec41a3c49abae8d9a28fae25d6f,2026-02-28T08:00:00Z,2026-02-28T08:18:07Z,auth,auth_enUS_labelerexp,at://did:plc:65yo7ynzcyp4kpwsienyukrz/app.bsky.feed.generator/aaadfjfgt73ls,suggested_labelerexp,33,at://did:plc:4mb67jttis5yviivac7kvjim/app.bsky.feed.post/3mfvq24rerc2i,bafyreihst75efxjrif344tewr435suyob62ok6s45kjsj7cgzcfge2fgfu,did:plc:4mb67jttis5yviivac7kvjim,preserver.archivistorder.com,,
8edf3ec41a3c49abae8d9a28fae25d6f,2026-02-28T08:00:00Z,2026-02-28T08:18:07Z,auth,auth_enUS_labelerexp,at://did:plc:65yo7ynzcyp4kpwsienyukrz/app.bsky.feed.generator/aaadfjfgt73ls,suggested_labelerexp,34,at://did:plc:4mb67jttis5yviivac7kvjim/app.bsky.feed.post/3mfvptax43k2i,bafyreig44barpb6amh4nozmryccfomvajnxz5xluyklicsus54mvngocry,did:plc:4mb67jttis5yviivac7kvjim,preserver.archivistorder.com,,
8edf3ec41a3c49abae8d9a28fae25d6f,2026-02-28T08:00:00Z,2026-02-28T08:18:07Z,auth,auth_enUS_labelerexp,at://did:plc:65yo7ynzcyp4kpwsienyukrz/app.bsky.feed.generator/aaadfjfgt73ls,suggested_labelerexp,35,at://did:plc:ybqkf2mtfbwx3qhga63mttja/app.bsky.feed.post/3mfvprt6rb326,bafyreih7j3vifw5nnxwlxr7o2s66yq5hoqojmzlvhosokhy5xbfnvwzvpq,did:plc:ybqkf2mtfbwx3qhga63mttja,ufofeed.bsky.social,,
8edf3ec41a3c49abae8d9a28fae25d6f,2026-02-28T08:00:00Z,2026-02-28T08:18:07Z,auth,auth_enUS_labelerexp,at://did:plc:65yo7ynzcyp4kpwsienyukrz/app.bsky.feed.generator/aaadfjfgt73ls,suggested_labelerexp,36,at://did:plc:4mb67jttis5yviivac7kvjim/app.bsky.feed.post/3mfvpn5xqvs2i,bafyreigkrotrwrqszalxtzpn3yyjz2rks3ggpbodddge4nnj4ap2xnjsdq,did:plc:4mb67jttis5yviivac7kvjim,preserver.archivistorder.com,,
8edf3ec41a3c49abae8d9a28fae25d6f,2026-02-28T08:00:00Z,2026-02-28T08:18:07Z,auth,auth_enUS_labelerexp,at://did:plc:65yo7ynzcyp4kpwsienyukrz/app.bsky.feed.generator/aaadfjfgt73ls,suggested_labelerexp,37,at://did:plc:4mb67jttis5yviivac7kvjim/app.bsky.feed.post/3mfvphb3hw22i,bafyreidzl22blcvnn6fbifdq5zgcqbqvdxxvhhwyor7cb77ccv42ytxbcm,did:plc:4mb67jttis5yviivac7kvjim,preserver.archivistorder.com,,
8edf3ec41a3c49abae8d9a28fae25d6f,2026-02-28T08:00:00Z,2026-02-28T08:18:07Z,auth,auth_enUS_labelerexp,at://did:plc:65yo7ynzcyp4kpwsienyukrz/app.bsky.feed.generator/aaadfjfgt73ls,suggested_labelerexp,38,at://did:plc:uayuqvjm5kx773n5sdmytmzq/app.bsky.feed.post/3mfvpf5zqtc25,bafyreifzmbyuot5otoxxeaxhg25pkwb3kd3qumvcdhxzttc4odmmdjnlyi,did:plc:uayuqvjm5kx773n5sdmytmzq,periaptgames.bsky.social,,
8edf3ec41a3c49abae8d9a28fae25d6f,2026-02-28T08:00:00Z,2026-02-28T08:18:07Z,auth,auth_enUS_labelerexp,at://did:plc:65yo7ynzcyp4kpwsienyukrz/app.bsky.feed.generator/aaadfjfgt73ls,suggested_labelerexp,39,at://did:plc:bcmgsy5zrnmqlrkt4tu4uzbr/app.bsky.feed.post/3mfvpdrnx4c2t,bafyreidpzuhjxrajoezooinkhwga5vqtuyrezab5fswyyptdywbha2ykva,did:plc:bcmgsy5zrnmqlrkt4tu4uzbr,fogolf.bsky.social,,
8edf3ec41a3c49abae8d9a28fae25d6f,2026-02-28T08:00:00Z,2026-02-28T08:18:07Z,auth,auth_enUS_labelerexp,at://did:plc:65yo7ynzcyp4kpwsienyukrz/app.bsky.feed.generator/aaadfjfgt73ls,suggested_labelerexp,40,at://did:plc:yz3mevhw47d6mkipfl2fhelz/app.bsky.feed.post/3mfvpdf4w5w2h,bafyreie56o6afovlny4xrnqdg6o6fpse6rn6ruvdfq4auxys6pi2wupjkm,did:plc:yz3mevhw47d6mkipfl2fhelz,rnzrss.bsky.social,,
8edf3ec41a3c49abae8d9a28fae25d6f,2026-02-28T08:00:00Z,2026-02-28T08:18:07Z,auth,auth_enUS_labelerexp,at://did:plc:65yo7ynzcyp4kpwsienyukrz/app.bsky.feed.generator/aaadfjfgt73ls,suggested_labelerexp,41,at://did:plc:o4veytf3kscp27265tlabqbx/app.bsky.feed.post/3mfvpdbfxfd24,bafyreic4xyj5ijwyo3tjz2dlnedeaekjclgbnivnzicdyt5u7xclr7ug64,did:plc:o4veytf3kscp27265tlabqbx,globalcricinfo.bsky.social,,
8edf3ec41a3c49abae8d9a28fae25d6f,2026-02-28T08:00:00Z,2026-02-28T08:18:07Z,auth,auth_enUS_labelerexp,at://did:plc:65yo7ynzcyp4kpwsienyukrz/app.bsky.feed.generator/aaadfjfgt73ls,suggested_labelerexp,42,at://did:plc:lx6wzubdxwhp42lwwld4ct5c/app.bsky.feed.post/3mfvpacqag226,bafyreibfptjarrusr3oxf4qw7ci5mqv7oubkeadoxprlfkvqki3dme7gnq,did:plc:lx6wzubdxwhp42lwwld4ct5c,nichhills.bsky.social,,
8edf3ec41a3c49abae8d9a28fae25d6f,2026-02-28T08:00:00Z,2026-02-28T08:18:07Z,auth,auth_enUS_labelerexp,at://did:plc:65yo7ynzcyp4kpwsienyukrz/app.bsky.feed.generator/aaadfjfgt73ls,suggested_labelerexp,43,at://did:plc:mdjh4xede52dvl4k6wd26tdm/app.bsky.feed.post/3mfvpaaqbk22s,bafyreiebfcxdk4kedjduh7sntusmi776uflbv5zvkfnobq76a3kwz3stzi,did:plc:mdjh4xede52dvl4k6wd26tdm,beckyaizen.bsky.social,,
8edf3ec41a3c49abae8d9a28fae25d6f,2026-02-28T08:00:00Z,2026-02-28T08:18:07Z,auth,auth_enUS_labelerexp,at://did:plc:65yo7ynzcyp4kpwsienyukrz/app.bsky.feed.generator/aaadfjfgt73ls,suggested_labelerexp,44,at://did:plc:momzer3mjdvx2migfii4hl5u/app.bsky.feed.post/3mfvp55c2yj2n,bafyreigwfkvx5pcxmcd2rmzx7sk4qjhboerjlw2xuykz7yg62cx5vkl23e,did:plc:momzer3mjdvx2migfii4hl5u,christchurch.solar.v.cx,,
8edf3ec41a3c49abae8d9a28fae25d6f,2026-02-28T08:00:00Z,2026-02-28T08:18:07Z,auth,auth_enUS_labelerexp,at://did:plc:65yo7ynzcyp4kpwsienyukrz/app.bsky.feed.generator/aaadfjfgt73ls,suggested_labelerexp,45,at://did:plc:kcxlxtd7tx2knqu2dnqdloz2/app.bsky.feed.post/3mfvp2vqqrl2z,bafyreigqhw53uedrh75glzyjcxtwbyf2iculdx4lzequ7zr4nexrvtcbu4,did:plc:kcxlxtd7tx2knqu2dnqdloz2,buzzreporter.bsky.social,,
8edf3ec41a3c49abae8d9a28fae25d6f,2026-02-28T08:00:00Z,2026-02-28T08:18:07Z,auth,auth_enUS_labelerexp,at://did:plc:65yo7ynzcyp4kpwsienyukrz/app.bsky.feed.generator/aaadfjfgt73ls,suggested_labelerexp,46,at://did:plc:welfrk7c5azdglzqaaerp6cc/app.bsky.feed.post/3mfvoznkw6s2n,bafyreif2gabd65fsxiubv5pgihdztvgf3yfsptaphndx3o5l7cgdt3m6le,did:plc:welfrk7c5azdglzqaaerp6cc,mjelarsen.bsky.social,,
8edf3ec41a3c49abae8d9a28fae25d6f,2026-02-28T08:00:00Z,2026-02-28T08:18:07Z,auth,auth_enUS_labelerexp,at://did:plc:65yo7ynzcyp4kpwsienyukrz/app.bsky.feed.generator/aaadfjfgt73ls,suggested_labelerexp,47,at://did:plc:duv5pxqwocymm7xvk62po2vd/app.bsky.feed.post/3mfvowl2ah22h,bafyreibpthgmxfn2x6gjxantbadvbvwau5uvngswgtbmdb6nsp2gozblsu,did:plc:duv5pxqwocymm7xvk62po2vd,flicksfan.bsky.social,,
8edf3ec41a3c49abae8d9a28fae25d6f,2026-02-28T08:00:00Z,2026-02-28T08:18:07Z,auth,auth_enUS_labelerexp,at://did:plc:65yo7ynzcyp4kpwsienyukrz/app.bsky.feed.generator/aaadfjfgt73ls,suggested_labelerexp,48,at://did:plc:gnimtxjntnmlbm4m3px7somh/app.bsky.feed.post/3mfvorkjqbs2v,bafyreichmssq36udnbc535zv4yvtdwzxdnwoht3wk5szoc4rqdezostcim,did:plc:gnimtxjntnmlbm4m3px7somh,jamesnokise.bsky.social,,
8edf3ec41a3c49abae8d9a28fae25d6f,2026-02-28T08:00:00Z,2026-02-28T08:18:07Z,auth,auth_enUS_labelerexp,at://did:plc:65yo7ynzcyp4kpwsienyukrz/app.bsky.feed.generator/aaadfjfgt73ls,suggested_labelerexp,49,at://did:plc:noip2mnj36qtkmsulke7tv3b/app.bsky.feed.post/3mfvoqmgh3k2z,bafyreidepgdvg5cb33ym77rzqk7w5sncepqoboesq6d3wnnatufunmc7q4,did:plc:noip2mnj36qtkmsulke7tv3b,apocalypseelf.bsky.social,,
8edf3ec41a3c49abae8d9a28fae25d6f,2026-02-28T08:00:00Z,2026-02-28T08:18:07Z,auth,auth_enUS_labelerexp,at://did:plc:65yo7ynzcyp4kpwsienyukrz/app.bsky.feed.generator/aaadfjfgt73ls,suggested_labelerexp,50,at://did:plc:x4vz54roq3sczm227gyhm3mo/app.bsky.feed.post/3mfvomfd5vx27,bafyreid5h6z2j5oerybzshkgqau6sgn3vyqaicenyhzvtkgntlvjfwx63e,did:plc:x4vz54roq3sczm227gyhm3mo,raetlomi.bsky.social,,
8edf3ec41a3c49abae8d9a28fae25d6f,2026-02-28T08:00:00Z,2026-02-28T08:18:08Z,auth,auth_enUS_labelerexp,at://did:plc:7opjnfmb6gtbgjrsr3777ujx/app.bsky.feed.generator/aaagz4bmp5o3c,suggested_labelerexp,1,at://did:plc:w6zue44aizuz3zrnwmsbw2ug/app.bsky.feed.post/3mfvrvknp222o,bafyreieydaaxa7utdvyukiihu7wa4cg2zpexnkzfz532qqikxqcpza6u2a,did:plc:w6zue44aizuz3zrnwmsbw2ug,hnedri.bsky.social,,
8edf3ec41a3c49abae8d9a28fae25d6f,2026-02-28T08:00:00Z,2026-02-28T08:18:08Z,auth,auth_enUS_labelerexp,at://did:plc:7opjnfmb6gtbgjrsr3777ujx/app.bsky.feed.generator/aaagz4bmp5o3c,suggested_labelerexp,2,at://did:plc:6j57jdjx6jdjly3jh43pod2q/app.bsky.feed.post/3mfvrdjobws2j,bafyreicxrqefljtovomc42uu75nzstnh36x5otqk72aypn7ccseh2abzky,did:plc:6j57jdjx6jdjly3jh43pod2q,cutiepiesieupi.bsky.social,,
8edf3ec41a3c49abae8d9a28fae25d6f,2026-02-28T08:00:00Z,2026-02-28T08:18:08Z,auth,auth_enUS_labelerexp,at://did:plc:7opjnfmb6gtbgjrsr3777ujx/app.bsky.feed.generator/aaagz4bmp5o3c,suggested_labelerexp,3,at://did:plc:6j57jdjx6jdjly3jh43pod2q/app.bsky.feed.post/3mfvrd2ydu22j,bafyreih4334lzwowh6tcl7paavpmzipu5qlb4ce4b25zvprxo62tbvs3pu,did:plc:6j57jdjx6jdjly3jh43pod2q,cutiepiesieupi.bsky.social,,
8edf3ec41a3c49abae8d9a28fae25d6f,2026-02-28T08:00:00Z,2026-02-28T08:18:08Z,auth,auth_enUS_labelerexp,at://did:plc:7opjnfmb6gtbgjrsr3777ujx/app.bsky.feed.generator/aaagz4bmp5o3c,suggested_labelerexp,4,at://did:plc:6j57jdjx6jdjly3jh43pod2q/app.bsky.feed.post/3mfvrcqugmk2j,bafyreidpbqis34pp2yuqhejp3p3flvqkihq7qxqy7nsvigm36qjofcw5zm,did:plc:6j57jdjx6jdjly3jh43pod2q,cutiepiesieupi.bsky.social,,
8edf3ec41a3c49abae8d9a28fae25d6f,2026-02-28T08:00:00Z,2026-02-28T08:18:08Z,auth,auth_enUS_labelerexp,at://did:plc:7opjnfmb6gtbgjrsr3777ujx/app.bsky.feed.generator/aaagz4bmp5o3c,suggested_labelerexp,5,at://did:plc:m2b5dwu3yti5cccsxan5fs3a/app.bsky.feed.post/3mfvrcbrw762r,bafyreih7qfubsbhvw5gcrfjru55wu76mh2zqu6f54z6nlvcp232aqsnare,did:plc:m2b5dwu3yti5cccsxan5fs3a,halobcabisnis.bsky.social,,
8edf3ec41a3c49abae8d9a28fae25d6f,2026-02-28T08:00:00Z,2026-02-28T08:18:08Z,auth,auth_enUS_labelerexp,at://did:plc:7opjnfmb6gtbgjrsr3777ujx/app.bsky.feed.generator/aaagz4bmp5o3c,suggested_labelerexp,6,at://did:plc:3kukbbx4olo6vxeet5w2mzx7/app.bsky.feed.post/3mfvqzsqhfs2h,bafyreiecbdj5f6y4cbp65lwlkc5pjloamnrbpkmfpji7alo4ezqapc2gg4,did:plc:3kukbbx4olo6vxeet5w2mzx7,verymuach.bsky.social,,
8edf3ec41a3c49abae8d9a28fae25d6f,2026-02-28T08:00:00Z,2026-02-28T08:18:08Z,auth,auth_enUS_labelerexp,at://did:plc:7opjnfmb6gtbgjrsr3777ujx/app.bsky.feed.generator/aaagz4bmp5o3c,suggested_labelerexp,7,at://did:plc:hulegx7uainxpulv5w4lpcmx/app.bsky.feed.post/3mfvqif6f4k2s,bafyreidhh4zu5wnzpjdr4sy44ivozkvzddvpcn2raykops4tycakfhhce4,did:plc:hulegx7uainxpulv5w4lpcmx,otaku-anime.bsky.social,,
8edf3ec41a3c49abae8d9a28fae25d6f,2026-02-28T08:00:00Z,2026-02-28T08:18:08Z,auth,auth_enUS_labelerexp,at://did:plc:7opjnfmb6gtbgjrsr3777ujx/app.bsky.feed.generator/aaagz4bmp5o3c,suggested_labelerexp,8,at://did:plc:rlrosb3xvfiylgnm3goyvzib/app.bsky.feed.post/3mfvqf4ddyjq2,bafyreieu4sdvg4qqawn5hmwlkmwhmorw5hecq4yz2a32x2byc5qatrz4pe,did:plc:rlrosb3xvfiylgnm3goyvzib,nawanp.fe.disroot.org.ap.brid.gy,,
8edf3ec41a3c49abae8d9a28fae25d6f,2026-02-28T08:00:00Z,2026-02-28T08:18:08Z,auth,auth_enUS_labelerexp,at://did:plc:7opjnfmb6gtbgjrsr3777ujx/app.bsky.feed.generator/aaagz4bmp5o3c,suggested_labelerexp,9,at://did:plc:677or7q26tjbf76djbbihzqj/app.bsky.feed.post/3mfvptqe3i22b,bafyreibphgv62pnddhfojyqwh7jmsdpow4v6gx3c75meoiwqfz3vj3lyze,did:plc:677or7q26tjbf76djbbihzqj,crymson98.bsky.social,,
8edf3ec41a3c49abae8d9a28fae25d6f,2026-02-28T08:00:00Z,2026-02-28T08:18:08Z,auth,auth_enUS_labelerexp,at://did:plc:7opjnfmb6gtbgjrsr3777ujx/app.bsky.feed.generator/aaagz4bmp5o3c,suggested_labelerexp,10,at://did:plc:yr5coii7qrxfals27ukhejwh/app.bsky.feed.post/3mfvp4iu5ls2k,bafyreieiyeickuzwae3wjkgkqdv7lrqxym76xtj52q2uxk7bokzxzaqkfa,did:plc:yr5coii7qrxfals27ukhejwh,infogempa.bsky.social,,
8edf3ec41a3c49abae8d9a28fae25d6f,2026-02-28T08:00:00Z,2026-02-28T08:18:08Z,auth,auth_enUS_labelerexp,at://did:plc:7opjnfmb6gtbgjrsr3777ujx/app.bsky.feed.generator/aaagz4bmp5o3c,suggested_labelerexp,11,at://did:plc:oerqmoazlrpzdrn75fjllhpx/app.bsky.feed.post/3mfvp2iz5pc24,bafyreiadysmqdjtuuok5ezduwnhikhtovyem64avgyqok23ily77ho6qq4,did:plc:oerqmoazlrpzdrn75fjllhpx,blueranko.bsky.social,,
8edf3ec41a3c49abae8d9a28fae25d6f,2026-02-28T08:00:00Z,2026-02-28T08:18:08Z,auth,auth_enUS_labelerexp,at://did:plc:7opjnfmb6gtbgjrsr3777ujx/app.bsky.feed.generator/aaagz4bmp5o3c,suggested_labelerexp,12,at://did:plc:nlpuhfxio2pa7low76q6do5b/app.bsky.feed.post/3mfvot6dsus2r,bafyreierke2jli4clguln66jjjjm2idvetf43erlentlcxh5tzxaxefghi,did:plc:nlpuhfxio2pa7low76q6do5b,artherra-anael.shy.cat,,
8edf3ec41a3c49abae8d9a28fae25d6f,2026-02-28T08:00:00Z,2026-02-28T08:18:08Z,auth,auth_enUS_labelerexp,at://did:plc:7opjnfmb6gtbgjrsr3777ujx/app.bsky.feed.generator/aaagz4bmp5o3c,suggested_labelerexp,13,at://did:plc:yr5coii7qrxfals27ukhejwh/app.bsky.feed.post/3mfvogzuqsk2y,bafyreibg3exjcuzsmgp2fvps6fulv5bwc66sgzrk4dwxf5bj5uwovvdujm,did:plc:yr5coii7qrxfals27ukhejwh,infogempa.bsky.social,,
8edf3ec41a3c49abae8d9a28fae25d6f,2026-02-28T08:00:00Z,2026-02-28T08:18:08Z,auth,auth_enUS_labelerexp,at://did:plc:7opjnfmb6gtbgjrsr3777ujx/app.bsky.feed.generator/aaagz4bmp5o3c,suggested_labelerexp,14,at://did:plc:vg2h5bqsi33u5iotg5tsurzu/app.bsky.feed.post/3mfvnwz4a2ie2,bafyreia7inypl6sigql5kyi56yaz5nxowoa5d4qjdrnmlgnplnu3ks33la,did:plc:vg2h5bqsi33u5iotg5tsurzu,llenn08.hiradai.space.ap.brid.gy,,
8edf3ec41a3c49abae8d9a28fae25d6f,2026-02-28T08:00:00Z,2026-02-28T08:18:08Z,auth,auth_enUS_labelerexp,at://did:plc:7opjnfmb6gtbgjrsr3777ujx/app.bsky.feed.generator/aaagz4bmp5o3c,suggested_labelerexp,15,at://did:plc:yr5coii7qrxfals27ukhejwh/app.bsky.feed.post/3mfvngu5jrn25,bafyreiadwuqp5x4zwwtoat2rzvf3jyndpr4u42pevqtjklbiinlo5rn3s4,did:plc:yr5coii7qrxfals27ukhejwh,infogempa.bsky.social,,
8edf3ec41a3c49abae8d9a28fae25d6f,2026-02-28T08:00:00Z,2026-02-28T08:18:08Z,auth,auth_enUS_labelerexp,at://did:plc:7opjnfmb6gtbgjrsr3777ujx/app.bsky.feed.generator/aaagz4bmp5o3c,suggested_labelerexp,16,at://did:plc:ur22kjtl55bvzpcbua2ch5xr/app.bsky.feed.post/3mfvndkd6722j,bafyreichv2up4xmyzeqjig5dxqit6lp7wbo52j5mmerip3xqxx6spcbd5u,did:plc:ur22kjtl55bvzpcbua2ch5xr,treslebew.bsky.social,,
8edf3ec41a3c49abae8d9a28fae25d6f,2026-02-28T08:00:00Z,2026-02-28T08:18:08Z,auth,auth_enUS_labelerexp,at://did:plc:7opjnfmb6gtbgjrsr3777ujx/app.bsky.feed.generator/aaagz4bmp5o3c,suggested_labelerexp,17,at://did:plc:il6av24vrgx5p52llmsebysv/app.bsky.feed.post/3mfvn4hgyys2v,bafyreidarq4chsanc4o2dtz5z35bnlfyws7qpanllzbvidluq2qkh3joje,did:plc:il6av24vrgx5p52llmsebysv,floweryy.bsky.social,,
8edf3ec41a3c49abae8d9a28fae25d6f,2026-02-28T08:00:00Z,2026-02-28T08:18:08Z,auth,auth_enUS_labelerexp,at://did:plc:7opjnfmb6gtbgjrsr3777ujx/app.bsky.feed.generator/aaagz4bmp5o3c,suggested_labelerexp,18,at://did:plc:e6bwm67so46yqphervouo6ui/app.bsky.feed.post/3mfvm5vejak2m,bafyreicwaukpymdo7cnqxemykldsope7qh23ly7djpbtpt3zaqvvjpsvui,did:plc:e6bwm67so46yqphervouo6ui,yamine.co,,
8edf3ec41a3c49abae8d9a28fae25d6f,2026-02-28T08:00:00Z,2026-02-28T08:18:08Z,auth,auth_enUS_labelerexp,at://did:plc:7opjnfmb6gtbgjrsr3777ujx/app.bsky.feed.generator/aaagz4bmp5o3c,suggested_labelerexp,19,at://did:plc:c3upwzlq3nq5iuc4bilif7x4/app.bsky.feed.post/3mfvlxmzgx222,bafyreihyqprt25hzrsk7ppvphcmm24uzzdrqwwy4qyigzd6em64xndrzda,did:plc:c3upwzlq3nq5iuc4bilif7x4,wildanuwil.bsky.social,,
8edf3ec41a3c49abae8d9a28fae25d6f,2026-02-28T08:00:00Z,2026-02-28T08:18:08Z,auth,auth_enUS_labelerexp,at://did:plc:7opjnfmb6gtbgjrsr3777ujx/app.bsky.feed.generator/aaagz4bmp5o3c,suggested_labelerexp,20,at://did:plc:vg2h5bqsi33u5iotg5tsurzu/app.bsky.feed.post/3mfvlwoiwvof2,bafyreienezacdcmynneggndxh3gaig2ukavx3e5cpsiexn7whj4bolvk7e,did:plc:vg2h5bqsi33u5iotg5tsurzu,llenn08.hiradai.space.ap.brid.gy,,
8edf3ec41a3c49abae8d9a28fae25d6f,2026-02-28T08:00:00Z,2026-02-28T08:18:08Z,auth,auth_enUS_labelerexp,at://did:plc:7opjnfmb6gtbgjrsr3777ujx/app.bsky.feed.generator/aaagz4bmp5o3c,suggested_labelerexp,21,at://did:plc:uczqa4waqp47p32kf5zsvups/app.bsky.feed.post/3mfvltf3avc2m,bafyreibrqjhljvv7zdrcauky4vuxegvmyt4spuj4juhvudyive4avbygty,did:plc:uczqa4waqp47p32kf5zsvups,dumdumtaktakk.bsky.social,,
8edf3ec41a3c49abae8d9a28fae25d6f,2026-02-28T08:00:00Z,2026-02-28T08:18:08Z,auth,auth_enUS_labelerexp,at://did:plc:7opjnfmb6gtbgjrsr3777ujx/app.bsky.feed.generator/aaagz4bmp5o3c,suggested_labelerexp,22,at://did:plc:uczqa4waqp47p32kf5zsvups/app.bsky.feed.post/3mfvlp6dr4k2m,bafyreicved62grflwjbpp6o42hkpnonenvkkata5lmrhyr44rjmdyd7mci,did:plc:uczqa4waqp47p32kf5zsvups,dumdumtaktakk.bsky.social,,
8edf3ec41a3c49abae8d9a28fae25d6f,2026-02-28T08:00:00Z,2026-02-28T08:18:08Z,auth,auth_enUS_labelerexp,at://did:plc:7opjnfmb6gtbgjrsr3777ujx/app.bsky.feed.generator/aaagz4bmp5o3c,suggested_labelerexp,23,at://did:plc:hulegx7uainxpulv5w4lpcmx/app.bsky.feed.post/3mfvl62wbkc2s,bafyreihyknrilnjepcnaand3yfjzr2ascoc6guyak3px52vy5u2cur6a5i,did:plc:hulegx7uainxpulv5w4lpcmx,otaku-anime.bsky.social,,
8edf3ec41a3c49abae8d9a28fae25d6f,2026-02-28T08:00:00Z,2026-02-28T08:18:08Z,auth,auth_enUS_labelerexp,at://did:plc:7opjnfmb6gtbgjrsr3777ujx/app.bsky.feed.generator/aaagz4bmp5o3c,suggested_labelerexp,24,at://did:plc:vg2h5bqsi33u5iotg5tsurzu/app.bsky.feed.post/3mfvl5iertmj2,bafyreifle4leujdvn7eukkkywngm6prgfhzyrtedr2llqru4md2k4al3be,did:plc:vg2h5bqsi33u5iotg5tsurzu,llenn08.hiradai.space.ap.brid.gy,,
8edf3ec41a3c49abae8d9a28fae25d6f,2026-02-28T08:00:00Z,2026-02-28T08:18:08Z,auth,auth_enUS_labelerexp,at://did:plc:7opjnfmb6gtbgjrsr3777ujx/app.bsky.feed.generator/aaagz4bmp5o3c,suggested_labelerexp,25,at://did:plc:tg6plzqgu7xmpkcs4rslr2h4/app.bsky.feed.post/3mfvk4hfdqs2d,bafyreihpsotc3ge34kn5g62f45f7xbtliq45qra4mbs32obphog346bb6u,did:plc:tg6plzqgu7xmpkcs4rslr2h4,arifgum.researchers.blue,,
8edf3ec41a3c49abae8d9a28fae25d6f,2026-02-28T08:00:00Z,2026-02-28T08:18:08Z,auth,auth_enUS_labelerexp,at://did:plc:7opjnfmb6gtbgjrsr3777ujx/app.bsky.feed.generator/aaagz4bmp5o3c,suggested_labelerexp,26,at://did:plc:tg6plzqgu7xmpkcs4rslr2h4/app.bsky.feed.post/3mfvjxcpxn22d,bafyreihmxx57t5kbn7oqpojqtmxky7nvxxma3mvi5jowlk4vk4ph2q2npm,did:plc:tg6plzqgu7xmpkcs4rslr2h4,arifgum.researchers.blue,,
8edf3ec41a3c49abae8d9a28fae25d6f,2026-02-28T08:00:00Z,2026-02-28T08:18:08Z,auth,auth_enUS_labelerexp,at://did:plc:7opjnfmb6gtbgjrsr3777ujx/app.bsky.feed.generator/aaagz4bmp5o3c,suggested_labelerexp,27,at://did:plc:3kukbbx4olo6vxeet5w2mzx7/app.bsky.feed.post/3mfvj7b3s3222,bafyreib774qucxiybxvltysm622i6zz72yjau7puclhmuidkxrnbx2fphi,did:plc:3kukbbx4olo6vxeet5w2mzx7,verymuach.bsky.social,,
8edf3ec41a3c49abae8d9a28fae25d6f,2026-02-28T08:00:00Z,2026-02-28T08:18:08Z,auth,auth_enUS_labelerexp,at://did:plc:7opjnfmb6gtbgjrsr3777ujx/app.bsky.feed.generator/aaagz4bmp5o3c,suggested_labelerexp,28,at://did:plc:3kukbbx4olo6vxeet5w2mzx7/app.bsky.feed.post/3mfvipqseyk2b,bafyreigiiedbbrtcispfsdtrsj4n2mtuj2js2lqhwln6kyabi6q2y4li6a,did:plc:3kukbbx4olo6vxeet5w2mzx7,verymuach.bsky.social,,
8edf3ec41a3c49abae8d9a28fae25d6f,2026-02-28T08:00:00Z,2026-02-28T08:18:08Z,auth,auth_enUS_labelerexp,at://did:plc:7opjnfmb6gtbgjrsr3777ujx/app.bsky.feed.generator/aaagz4bmp5o3c,suggested_labelerexp,29,at://did:plc:qwm574tbwokllugklkmkjvba/app.bsky.feed.post/3mfviphbxkl2c,bafyreigeiuzs6a2ynnqvc7pz5pe5iwhhn75hn5kxbgo63tepoevjpdywfu,did:plc:qwm574tbwokllugklkmkjvba,kulineria.bluesky.bot,,
8edf3ec41a3c49abae8d9a28fae25d6f,2026-02-28T08:00:00Z,2026-02-28T08:18:08Z,auth,auth_enUS_labelerexp,at://did:plc:7opjnfmb6gtbgjrsr3777ujx/app.bsky.feed.generator/aaagz4bmp5o3c,suggested_labelerexp,30,at://did:plc:3kukbbx4olo6vxeet5w2mzx7/app.bsky.feed.post/3mfvhxbxowc2v,bafyreiglj6hhy4psh26b45ovehmnf7x6heehzclrf5sos2fq2c6nzlkrha,did:plc:3kukbbx4olo6vxeet5w2mzx7,verymuach.bsky.social,,
8edf3ec41a3c49abae8d9a28fae25d6f,2026-02-28T08:00:00Z,2026-02-28T08:18:08Z,auth,auth_enUS_labelerexp,at://did:plc:7opjnfmb6gtbgjrsr3777ujx/app.bsky.feed.generator/aaagz4bmp5o3c,suggested_labelerexp,31,at://did:plc:zbz6opzivdt6z6wcuz4nuavm/app.bsky.feed.post/3mfvhs7p7qk2o,bafyreieixbe2cratj7xtrqedkk4edjbhphuieyqcmqmk4jywyjkn4irlzq,did:plc:zbz6opzivdt6z6wcuz4nuavm,timeofourhappi.bsky.social,,
8edf3ec41a3c49abae8d9a28fae25d6f,2026-02-28T08:00:00Z,2026-02-28T08:18:08Z,auth,auth_enUS_labelerexp,at://did:plc:7opjnfmb6gtbgjrsr3777ujx/app.bsky.feed.generator/aaagz4bmp5o3c,suggested_labelerexp,32,at://did:plc:3kukbbx4olo6vxeet5w2mzx7/app.bsky.feed.post/3mfvhrobnx22v,bafyreic6pavu7slbmimyk3qycsb2tsqi2mxh724doadf2ljrjbyy5k2aha,did:plc:3kukbbx4olo6vxeet5w2mzx7,verymuach.bsky.social,,
8edf3ec41a3c49abae8d9a28fae25d6f,2026-02-28T08:00:00Z,2026-02-28T08:18:08Z,auth,auth_enUS_labelerexp,at://did:plc:7opjnfmb6gtbgjrsr3777ujx/app.bsky.feed.generator/aaagz4bmp5o3c,suggested_labelerexp,33,at://did:plc:5latde4ghy2ie6tgqnw25fp7/app.bsky.feed.post/3mfvhiexqn22l,bafyreihqalgjuv3wqrnuclkvlcbe5inr43vwn2kejxidfmegezpgrerluu,did:plc:5latde4ghy2ie6tgqnw25fp7,vantnam.bsky.social,,
8edf3ec41a3c49abae8d9a28fae25d6f,2026-02-28T08:00:00Z,2026-02-28T08:18:08Z,auth,auth_enUS_labelerexp,at://did:plc:7opjnfmb6gtbgjrsr3777ujx/app.bsky.feed.generator/aaagz4bmp5o3c,suggested_labelerexp,34,at://did:plc:retcqod3ot6bt4mywfyf6os5/app.bsky.feed.post/3mfvhe2oxwx2y,bafyreifmqwrrsfzhdmv3jhrrfxpigtsjvnyq2u2bbuxfydsmkn6sn4rbty,did:plc:retcqod3ot6bt4mywfyf6os5,kompas.id,,
8edf3ec41a3c49abae8d9a28fae25d6f,2026-02-28T08:00:00Z,2026-02-28T08:18:08Z,auth,auth_enUS_labelerexp,at://did:plc:7opjnfmb6gtbgjrsr3777ujx/app.bsky.feed.generator/aaagz4bmp5o3c,suggested_labelerexp,35,at://did:plc:wxyay4yqfeuka7drkeirwnhj/app.bsky.feed.post/3mfvhcydo4s2z,bafyreihcpn56laitnk23qxjigbguivhlofpghrsiwusx2ypavl2eypfkce,did:plc:wxyay4yqfeuka7drkeirwnhj,nasikopi.bsky.social,,
8edf3ec41a3c49abae8d9a28fae25d6f,2026-02-28T08:00:00Z,2026-02-28T08:18:08Z,auth,auth_enUS_labelerexp,at://did:plc:7opjnfmb6gtbgjrsr3777ujx/app.bsky.feed.generator/aaagz4bmp5o3c,suggested_labelerexp,36,at://did:plc:rlrosb3xvfiylgnm3goyvzib/app.bsky.feed.post/3mfvhcbw3uf42,bafyreignjrkivlttdip2l3ni355bvchl44bxons5kqp3bbpo3ccritlbyi,did:plc:rlrosb3xvfiylgnm3goyvzib,nawanp.fe.disroot.org.ap.brid.gy,,
8edf3ec41a3c49abae8d9a28fae25d6f,2026-02-28T08:00:00Z,2026-02-28T08:18:08Z,auth,auth_enUS_labelerexp,at://did:plc:7opjnfmb6gtbgjrsr3777ujx/app.bsky.feed.generator/aaagz4bmp5o3c,suggested_labelerexp,37,at://did:plc:hulegx7uainxpulv5w4lpcmx/app.bsky.feed.post/3mfvgxetvwc2s,bafyreihuaedaa4smyz7udgz6g2nicmu62bocq53sykqzjozf4zw6sobq5a,did:plc:hulegx7uainxpulv5w4lpcmx,otaku-anime.bsky.social,,
8edf3ec41a3c49abae8d9a28fae25d6f,2026-02-28T08:00:00Z,2026-02-28T08:18:08Z,auth,auth_enUS_labelerexp,at://did:plc:7opjnfmb6gtbgjrsr3777ujx/app.bsky.feed.generator/aaagz4bmp5o3c,suggested_labelerexp,38,at://did:plc:u2vqbvnng24nx2yrzfycf6ew/app.bsky.feed.post/3mfve2dcpus2k,bafyreih2fmjsa5vqrvdh7vi32oz47wxjz72wew7l7li4ww5e6pnl25thx4,did:plc:u2vqbvnng24nx2yrzfycf6ew,shiseptiana.bsky.social,,
8edf3ec41a3c49abae8d9a28fae25d6f,2026-02-28T08:00:00Z,2026-02-28T08:18:08Z,auth,auth_enUS_labelerexp,at://did:plc:7opjnfmb6gtbgjrsr3777ujx/app.bsky.feed.generator/aaagz4bmp5o3c,suggested_labelerexp,39,at://did:plc:dilkc3i5q2cat5r2sayre2fx/app.bsky.feed.post/3mfvdiiymx226,bafyreidcl2qcr4envzibz3kf7cncjszocbad2bniuv7lefmjiakzqunpci,did:plc:dilkc3i5q2cat5r2sayre2fx,d3nnisrk.bsky.social,,
8edf3ec41a3c49abae8d9a28fae25d6f,2026-02-28T08:00:00Z,2026-02-28T08:18:08Z,auth,auth_enUS_labelerexp,at://did:plc:7opjnfmb6gtbgjrsr3777ujx/app.bsky.feed.generator/aaagz4bmp5o3c,suggested_labelerexp,40,at://did:plc:e546idyqsu2kvyuzldbuhd6l/app.bsky.feed.post/3mfvdfnboy22z,bafyreiagakh3u5d2hiskrgwpgwwn4usdsj73jauwsm6xtgdraizds3kzjy,did:plc:e546idyqsu2kvyuzldbuhd6l,ylge.bsky.social,,
8edf3ec41a3c49abae8d9a28fae25d6f,2026-02-28T08:00:00Z,2026-02-28T08:18:08Z,auth,auth_enUS_labelerexp,at://did:plc:7opjnfmb6gtbgjrsr3777ujx/app.bsky.feed.generator/aaagz4bmp5o3c,suggested_labelerexp,41,at://did:plc:hulegx7uainxpulv5w4lpcmx/app.bsky.feed.post/3mfvd2luy322s,bafyreif2iqz4oov2ymimb5uivcoeao5ntbp5zu46ppg4ymn6dkbserm47a,did:plc:hulegx7uainxpulv5w4lpcmx,otaku-anime.bsky.social,,
8edf3ec41a3c49abae8d9a28fae25d6f,2026-02-28T08:00:00Z,2026-02-28T08:18:08Z,auth,auth_enUS_labelerexp,at://did:plc:7opjnfmb6gtbgjrsr3777ujx/app.bsky.feed.generator/aaagz4bmp5o3c,suggested_labelerexp,42,at://did:plc:coghixcntoz2yroai7zabrzk/app.bsky.feed.post/3mfvd2bt7722c,bafyreiegwz3fzu5l7coherp7n6use37j3gyr7nthhzxiue46cym7bpgbg4,did:plc:coghixcntoz2yroai7zabrzk,buttermello.bsky.social,,
8edf3ec41a3c49abae8d9a28fae25d6f,2026-02-28T08:00:00Z,2026-02-28T08:18:08Z,auth,auth_enUS_labelerexp,at://did:plc:7opjnfmb6gtbgjrsr3777ujx/app.bsky.feed.generator/aaagz4bmp5o3c,suggested_labelerexp,43,at://did:plc:tg6plzqgu7xmpkcs4rslr2h4/app.bsky.feed.post/3mfvcmznpn22p,bafyreifprwu4sblgbfz6sxdmonyoljonoa3cenpehll6qkefws4iomznpa,did:plc:tg6plzqgu7xmpkcs4rslr2h4,arifgum.researchers.blue,,
8edf3ec41a3c49abae8d9a28fae25d6f,2026-02-28T08:00:00Z,2026-02-28T08:18:08Z,auth,auth_enUS_labelerexp,at://did:plc:7opjnfmb6gtbgjrsr3777ujx/app.bsky.feed.generator/aaagz4bmp5o3c,suggested_labelerexp,44,at://did:plc:lirjddqlz23qfrdjrqzq5xeq/app.bsky.feed.post/3mfvcbvjqqc2s,bafyreicckn7tqbzx3n4325lq2wo64tffu37q4g6j6wycucnzuvrywcicji,did:plc:lirjddqlz23qfrdjrqzq5xeq,kikyyy.bsky.social,,
8edf3ec41a3c49abae8d9a28fae25d6f,2026-02-28T08:00:00Z,2026-02-28T08:18:08Z,auth,auth_enUS_labelerexp,at://did:plc:7opjnfmb6gtbgjrsr3777ujx/app.bsky.feed.generator/aaagz4bmp5o3c,suggested_labelerexp,45,at://did:plc:wxyay4yqfeuka7drkeirwnhj/app.bsky.feed.post/3mfvc77faq22j,bafyreifhglckw7zy2q6oamd6c4ff3u6dp2aivy7gyzvokddhzbzfdktpze,did:plc:wxyay4yqfeuka7drkeirwnhj,nasikopi.bsky.social,,
8edf3ec41a3c49abae8d9a28fae25d6f,2026-02-28T08:00:00Z,2026-02-28T08:18:08Z,auth,auth_enUS_labelerexp,at://did:plc:7opjnfmb6gtbgjrsr3777ujx/app.bsky.feed.generator/aaagz4bmp5o3c,suggested_labelerexp,46,at://did:plc:7opjnfmb6gtbgjrsr3777ujx/app.bsky.feed.post/3mbomnhzfzk2w,bafyreidsr2wk73is33kv2uktgb3uir4mkwbopzpofoknlja4zhb3wwbmoe,did:plc:7opjnfmb6gtbgjrsr3777ujx,oops.wtf,,
8edf3ec41a3c49abae8d9a28fae25d6f,2026-02-28T08:00:00Z,2026-02-28T08:18:08Z,auth,auth_enUS_labelerexp,at://did:plc:7opjnfmb6gtbgjrsr3777ujx/app.bsky.feed.generator/aaagz4bmp5o3c,suggested_labelerexp,47,at://did:plc:ncgwvdewpns5jb62nqvefwzy/app.bsky.feed.post/3mfvc2vmg6l2k,bafyreifafmngr4qw3gd4rl33ndl74dsiqc34enqrzp56jxcf2shtsuxp6a,did:plc:ncgwvdewpns5jb62nqvefwzy,chocoaddict.bsky.social,,
8edf3ec41a3c49abae8d9a28fae25d6f,2026-02-28T08:00:00Z,2026-02-28T08:18:08Z,auth,auth_enUS_labelerexp,at://did:plc:7opjnfmb6gtbgjrsr3777ujx/app.bsky.feed.generator/aaagz4bmp5o3c,suggested_labelerexp,48,at://did:plc:xusnp6uhi2xmq25mkmh2caeo/app.bsky.feed.post/3mfvb5v3vw227,bafyreifgs3dxgqkv2zglidrxprzannhk2siwxa4yaleoefov2gbdwq3iou,did:plc:xusnp6uhi2xmq25mkmh2caeo,ohstania.bsky.social,,
8edf3ec41a3c49abae8d9a28fae25d6f,2026-02-28T08:00:00Z,2026-02-28T08:18:08Z,auth,auth_enUS_labelerexp,at://did:plc:7opjnfmb6gtbgjrsr3777ujx/app.bsky.feed.generator/aaagz4bmp5o3c,suggested_labelerexp,49,at://did:plc:frv7b43xgjwyehaxlpon3hql/app.bsky.feed.post/3mfvb2oyt222d,bafyreifyfqokkgh7ugieiqmcdn5f76p7l5dsu3owhri4ydzmwwz7c753fa,did:plc:frv7b43xgjwyehaxlpon3hql,blawongblondo1.bsky.social,,
8edf3ec41a3c49abae8d9a28fae25d6f,2026-02-28T08:00:00Z,2026-02-28T08:18:08Z,auth,auth_enUS_labelerexp,at://did:plc:7opjnfmb6gtbgjrsr3777ujx/app.bsky.feed.generator/aaagz4bmp5o3c,suggested_labelerexp,50,at://did:plc:xusnp6uhi2xmq25mkmh2caeo/app.bsky.feed.post/3mfvaxh6z6s27,bafyreifnerz6zwhfqrhxsbi76bh6pubmdl4cr7pr54cx6wjwhaiafabxom,did:plc:xusnp6uhi2xmq25mkmh2caeo,ohstania.bsky.social,,
8edf3ec41a3c49abae8d9a28fae25d6f,2026-02-28T08:00:00Z,2026-02-28T08:18:11Z,auth,auth_enUS_labelerexp,at://did:plc:ffkgesg3jsv2j7aagkzrtcvt/app.bsky.feed.generator/aaacjerk7gwek,suggested_labelerexp,1,at://did:plc:ffkgesg3jsv2j7aagkzrtcvt/app.bsky.feed.post/3lbg7mqja6s26,bafyreigdu2rpgjybtf33q7ora3xnbsyrrzldhovpraoybrsa2fxeykeoim,did:plc:ffkgesg3jsv2j7aagkzrtcvt,daryllmarie.bsky.social,,
8edf3ec41a3c49abae8d9a28fae25d6f,2026-02-28T08:00:00Z,2026-02-28T08:18:11Z,auth,auth_enUS_labelerexp,at://did:plc:ffkgesg3jsv2j7aagkzrtcvt/app.bsky.feed.generator/aaacjerk7gwek,suggested_labelerexp,2,at://did:plc:azfdsivt6dx5yuknpr5bzjrp/app.bsky.feed.post/3mfvlzg5zls2v,bafyreicuyhs6o4sdszj5bpubz3covf7isxsbplbyddpsnbd7kzhkp33rki,did:plc:azfdsivt6dx5yuknpr5bzjrp,menestune.bsky.social,,
8edf3ec41a3c49abae8d9a28fae25d6f,2026-02-28T08:00:00Z,2026-02-28T08:18:11Z,auth,auth_enUS_labelerexp,at://did:plc:ffkgesg3jsv2j7aagkzrtcvt/app.bsky.feed.generator/aaacjerk7gwek,suggested_labelerexp,3,at://did:plc:36h6ttx2g23zqr4accilbvo7/app.bsky.feed.post/3mfvhleuxi22t,bafyreicfcpyh4tchaeop6r6d64bsq5pqjk5hondsnsezrshwkaqg3sn7dm,did:plc:36h6ttx2g23zqr4accilbvo7,lucidillusions.in,,
8edf3ec41a3c49abae8d9a28fae25d6f,2026-02-28T08:00:00Z,2026-02-28T08:18:11Z,auth,auth_enUS_labelerexp,at://did:plc:ffkgesg3jsv2j7aagkzrtcvt/app.bsky.feed.generator/aaacjerk7gwek,suggested_labelerexp,4,at://did:plc:mavdoxle737brhy24qj2xo2j/app.bsky.feed.post/3mfvckqxvu22f,bafyreie5jw2gmcei3i4alafmo63nuwyikxegihdzwgixjmhtjdy3qjwjpq,did:plc:mavdoxle737brhy24qj2xo2j,kakanikatija.bsky.social,,
8edf3ec41a3c49abae8d9a28fae25d6f,2026-02-28T08:00:00Z,2026-02-28T08:18:11Z,auth,auth_enUS_labelerexp,at://did:plc:ffkgesg3jsv2j7aagkzrtcvt/app.bsky.feed.generator/aaacjerk7gwek,suggested_labelerexp,5,at://did:plc:k2ojas5zzclc2gewlrcgwv7y/app.bsky.feed.post/3mfv4v4sr342q,bafyreiedtdrg25szlvqteiotbqafh6x25ng6nhb7lmkeezwno4r5kmfxhy,did:plc:k2ojas5zzclc2gewlrcgwv7y,terumbudivers.com,,
8edf3ec41a3c49abae8d9a28fae25d6f,2026-02-28T08:00:00Z,2026-02-28T08:18:11Z,auth,auth_enUS_labelerexp,at://did:plc:ffkgesg3jsv2j7aagkzrtcvt/app.bsky.feed.generator/aaacjerk7gwek,suggested_labelerexp,6,at://did:plc:3zan7eovx6mm3ieu2tco2zqg/app.bsky.feed.post/3mfuy2r5pkc2y,bafyreiaki4xykbitliix3qngmd6ky2byuqndor5zpja4agdbyq2qxclq7i,did:plc:3zan7eovx6mm3ieu2tco2zqg,ellaonearth.bsky.social,,
8edf3ec41a3c49abae8d9a28fae25d6f,2026-02-28T08:00:00Z,2026-02-28T08:18:11Z,auth,auth_enUS_labelerexp,at://did:plc:ffkgesg3jsv2j7aagkzrtcvt/app.bsky.feed.generator/aaacjerk7gwek,suggested_labelerexp,7,at://did:plc:36mxxuosy6yzegffe4mohgxr/app.bsky.feed.post/3mfuulftkn22u,bafyreiekmuy7vtetzhitwnqesjaaj3ni3byku7tno5nyqcm3rpgj6gxbyy,did:plc:36mxxuosy6yzegffe4mohgxr,joeymaier.bsky.social,,
8edf3ec41a3c49abae8d9a28fae25d6f,2026-02-28T08:00:00Z,2026-02-28T08:18:11Z,auth,auth_enUS_labelerexp,at://did:plc:ffkgesg3jsv2j7aagkzrtcvt/app.bsky.feed.generator/aaacjerk7gwek,suggested_labelerexp,8,at://did:plc:peaoldbabwit6utzwks2efqp/app.bsky.feed.post/3mfutaizgxk2y,bafyreiczu2mht76a2myblsxwlffd6hhwff3jgzwg5ggcsdqqhtgtnokfz4,did:plc:peaoldbabwit6utzwks2efqp,deepseadawn.bsky.social,,
8edf3ec41a3c49abae8d9a28fae25d6f,2026-02-28T08:00:00Z,2026-02-28T08:18:11Z,auth,auth_enUS_labelerexp,at://did:plc:ffkgesg3jsv2j7aagkzrtcvt/app.bsky.feed.generator/aaacjerk7gwek,suggested_labelerexp,9,at://did:plc:k2ojas5zzclc2gewlrcgwv7y/app.bsky.feed.post/3mfurt5iaws26,bafyreidk2muzrq7thwsa2uimdqoexk5voycpx2dyvmfjgird4du5rp3qgu,did:plc:k2ojas5zzclc2gewlrcgwv7y,terumbudivers.com,,
8edf3ec41a3c49abae8d9a28fae25d6f,2026-02-28T08:00:00Z,2026-02-28T08:18:11Z,auth,auth_enUS_labelerexp,at://did:plc:ffkgesg3jsv2j7aagkzrtcvt/app.bsky.feed.generator/aaacjerk7gwek,suggested_labelerexp,10,at://did:plc:2a6fautlitwr4jgoje6yf76n/app.bsky.feed.post/3mfurjsc7sc2a,bafyreiaqeclotrsehqkwj6i53l6ltz7imnyv7jncvzsbhn6tlpokykr6im,did:plc:2a6fautlitwr4jgoje6yf76n,uaf-oarc-alaska.bsky.social,,
8edf3ec41a3c49abae8d9a28fae25d6f,2026-02-28T08:00:00Z,2026-02-28T08:18:11Z,auth,auth_enUS_labelerexp,at://did:plc:ffkgesg3jsv2j7aagkzrtcvt/app.bsky.feed.generator/aaacjerk7gwek,suggested_labelerexp,11,at://did:plc:nd7oohgvlz6rapsoge3rg2n2/app.bsky.feed.post/3mfupflhbdc2u,bafyreiefu2uplcgqgakwexpzok63cqrroyyyu6vlwbghkutq7emiap43d4,did:plc:nd7oohgvlz6rapsoge3rg2n2,coralcitycamera.bsky.social,,
8edf3ec41a3c49abae8d9a28fae25d6f,2026-02-28T08:00:00Z,2026-02-28T08:18:11Z,auth,auth_enUS_labelerexp,at://did:plc:ffkgesg3jsv2j7aagkzrtcvt/app.bsky.feed.generator/aaacjerk7gwek,suggested_labelerexp,12,at://did:plc:siod5edzckvqvfwdos6tifxt/app.bsky.feed.post/3mfun5bahgc2f,bafyreifrwys4kynl7kpkb5g46jkfz4xiwftnyhqxg5vtopw6k5tyra5rue,did:plc:siod5edzckvqvfwdos6tifxt,montereybayaquarium.org,,
8edf3ec41a3c49abae8d9a28fae25d6f,2026-02-28T08:00:00Z,2026-02-28T08:18:11Z,auth,auth_enUS_labelerexp,at://did:plc:ffkgesg3jsv2j7aagkzrtcvt/app.bsky.feed.generator/aaacjerk7gwek,suggested_labelerexp,13,at://did:plc:vhok36zor7yyoawimkjc6jjr/app.bsky.feed.post/3mfum3zrl5c2r,bafyreibcfxy5q2cfuhziioblxu5rnmet7c64wxdhaic5uaffom3cdwnojm,did:plc:vhok36zor7yyoawimkjc6jjr,nhseagrant.bsky.social,,
8edf3ec41a3c49abae8d9a28fae25d6f,2026-02-28T08:00:00Z,2026-02-28T08:18:11Z,auth,auth_enUS_labelerexp,at://did:plc:ffkgesg3jsv2j7aagkzrtcvt/app.bsky.feed.generator/aaacjerk7gwek,suggested_labelerexp,14,at://did:plc:k2ojas5zzclc2gewlrcgwv7y/app.bsky.feed.post/3mfultxdm7d2g,bafyreieahbzk73bggukzdwe7pdg7aesqr6s4djz4dptbxyszow6sokydqm,did:plc:k2ojas5zzclc2gewlrcgwv7y,terumbudivers.com,,
8edf3ec41a3c49abae8d9a28fae25d6f,2026-02-28T08:00:00Z,2026-02-28T08:18:11Z,auth,auth_enUS_labelerexp,at://did:plc:ffkgesg3jsv2j7aagkzrtcvt/app.bsky.feed.generator/aaacjerk7gwek,suggested_labelerexp,15,at://did:plc:wpxaqfmhbluwab5nl3zqzc57/app.bsky.feed.post/3mfugymfjck2f,bafyreia2plzsd34y6qw3irmketrmhubbcet26bvmxybd6rlvd4c52cdnwi,did:plc:wpxaqfmhbluwab5nl3zqzc57,mbarinews.bsky.social,,
8edf3ec41a3c49abae8d9a28fae25d6f,2026-02-28T08:00:00Z,2026-02-28T08:18:11Z,auth,auth_enUS_labelerexp,at://did:plc:ffkgesg3jsv2j7aagkzrtcvt/app.bsky.feed.generator/aaacjerk7gwek,suggested_labelerexp,16,at://did:plc:fjsuhjqam3lnnjzyb2mlamxv/app.bsky.feed.post/3mfugsv4es726,bafyreihwn6qdbuwrqtedo5nqby5das6twifa3xi7jj635s4hxoe5c3wlrm,did:plc:fjsuhjqam3lnnjzyb2mlamxv,whaletalesorg.bsky.social,,
8edf3ec41a3c49abae8d9a28fae25d6f,2026-02-28T08:00:00Z,2026-02-28T08:18:11Z,auth,auth_enUS_labelerexp,at://did:plc:ffkgesg3jsv2j7aagkzrtcvt/app.bsky.feed.generator/aaacjerk7gwek,suggested_labelerexp,17,at://did:plc:x3uuuan4azhva3ikahf7yndt/app.bsky.feed.post/3mfueyrbsw22m,bafyreicgf2mqa37nkjtolnoguvi2gzllymj7eqcrnbadaijgkuuu2rr3hq,did:plc:x3uuuan4azhva3ikahf7yndt,seaaroundus.org,,
8edf3ec41a3c49abae8d9a28fae25d6f,2026-02-28T08:00:00Z,2026-02-28T08:18:11Z,auth,auth_enUS_labelerexp,at://did:plc:ffkgesg3jsv2j7aagkzrtcvt/app.bsky.feed.generator/aaacjerk7gwek,suggested_labelerexp,18,at://did:plc:r27vxjigzd7bny45fwsccdba/app.bsky.feed.post/3mfudqf5w422y,bafyreieglcuba7lsown7cbyjazlauookpfjs72mqdb6aifrp62tuc3zj44,did:plc:r27vxjigzd7bny45fwsccdba,ubcoceans.bsky.social,,
8edf3ec41a3c49abae8d9a28fae25d6f,2026-02-28T08:00:00Z,2026-02-28T08:18:11Z,auth,auth_enUS_labelerexp,at://did:plc:ffkgesg3jsv2j7aagkzrtcvt/app.bsky.feed.generator/aaacjerk7gwek,suggested_labelerexp,19,at://did:plc:mrstnlppagem2e6dhfjjcczk/app.bsky.feed.post/3mfudekbdrk2u,bafyreiepj5ud7okaqjwyyqlqscvjqgssd2jgbocsrgw6q6xdhedwvuneoi,did:plc:mrstnlppagem2e6dhfjjcczk,elakhaalliance.bsky.social,,
8edf3ec41a3c49abae8d9a28fae25d6f,2026-02-28T08:00:00Z,2026-02-28T08:18:11Z,auth,auth_enUS_labelerexp,at://did:plc:ffkgesg3jsv2j7aagkzrtcvt/app.bsky.feed.generator/aaacjerk7gwek,suggested_labelerexp,20,at://did:plc:k2ojas5zzclc2gewlrcgwv7y/app.bsky.feed.post/3mfudcrqgwl2l,bafyreifcaavklnuenijoiepx6zegc3la34sqskdfk6i2f54aw6yveyctxm,did:plc:k2ojas5zzclc2gewlrcgwv7y,terumbudivers.com,,
8edf3ec41a3c49abae8d9a28fae25d6f,2026-02-28T08:00:00Z,2026-02-28T08:18:11Z,auth,auth_enUS_labelerexp,at://did:plc:ffkgesg3jsv2j7aagkzrtcvt/app.bsky.feed.generator/aaacjerk7gwek,suggested_labelerexp,21,at://did:plc:5vsgipq2kgsktvu5h7cfe5cq/app.bsky.feed.post/3mfudbqhroc22,bafyreiavupee52t6svgvtmkx5zsy2inuyohxtsyfyej5k7jpf6lcgonnxa,did:plc:5vsgipq2kgsktvu5h7cfe5cq,orcabehaviorinstitute.org,,
8edf3ec41a3c49abae8d9a28fae25d6f,2026-02-28T08:00:00Z,2026-02-28T08:18:11Z,auth,auth_enUS_labelerexp,at://did:plc:ffkgesg3jsv2j7aagkzrtcvt/app.bsky.feed.generator/aaacjerk7gwek,suggested_labelerexp,22,at://did:plc:sqvckpqgluzqq7p3253ikjw5/app.bsky.feed.post/3mfuctxumt22d,bafyreidm55sb5dpnarzve7p5xzvibbxj2cxlusbhjjw6msmqbk65zihg4i,did:plc:sqvckpqgluzqq7p3253ikjw5,marfund.bsky.social,,
8edf3ec41a3c49abae8d9a28fae25d6f,2026-02-28T08:00:00Z,2026-02-28T08:18:11Z,auth,auth_enUS_labelerexp,at://did:plc:ffkgesg3jsv2j7aagkzrtcvt/app.bsky.feed.generator/aaacjerk7gwek,suggested_labelerexp,23,at://did:plc:aobka6qeawk6vcumybjiqldu/app.bsky.feed.post/3mfucqdptz32u,bafyreidwj74xws4jxiojkt5ncvqas6chhca6ckz27vpn72zdcish24ehvu,did:plc:aobka6qeawk6vcumybjiqldu,scrippsocean.bsky.social,,
8edf3ec41a3c49abae8d9a28fae25d6f,2026-02-28T08:00:00Z,2026-02-28T08:18:11Z,auth,auth_enUS_labelerexp,at://did:plc:ffkgesg3jsv2j7aagkzrtcvt/app.bsky.feed.generator/aaacjerk7gwek,suggested_labelerexp,24,at://did:plc:r27vxjigzd7bny45fwsccdba/app.bsky.feed.post/3mfubxwyv7s2s,bafyreicuub6bzo3p3vjmlyorx5qbun4lyogd6vzj252xr6y7dneknxiobu,did:plc:r27vxjigzd7bny45fwsccdba,ubcoceans.bsky.social,,
8edf3ec41a3c49abae8d9a28fae25d6f,2026-02-28T08:00:00Z,2026-02-28T08:18:11Z,auth,auth_enUS_labelerexp,at://did:plc:ffkgesg3jsv2j7aagkzrtcvt/app.bsky.feed.generator/aaacjerk7gwek,suggested_labelerexp,25,at://did:plc:r27vxjigzd7bny45fwsccdba/app.bsky.feed.post/3mfubq6n53s2s,bafyreifeft7r3xhoy5w7flderq4cyptn3lxy6sfjggjrpavyp3m2a3yrze,did:plc:r27vxjigzd7bny45fwsccdba,ubcoceans.bsky.social,,
8edf3ec41a3c49abae8d9a28fae25d6f,2026-02-28T08:00:00Z,2026-02-28T08:18:11Z,auth,auth_enUS_labelerexp,at://did:plc:ffkgesg3jsv2j7aagkzrtcvt/app.bsky.feed.generator/aaacjerk7gwek,suggested_labelerexp,26,at://did:plc:hhvkb7rma4umjudsoxhwuwhk/app.bsky.feed.post/3mfub4x7kr222,bafyreihsyspkcct4omafzf43jr3ibpfrnymx6t3bflrdqzbjmrez4cakke,did:plc:hhvkb7rma4umjudsoxhwuwhk,lrendell.bsky.social,,
8edf3ec41a3c49abae8d9a28fae25d6f,2026-02-28T08:00:00Z,2026-02-28T08:18:11Z,auth,auth_enUS_labelerexp,at://did:plc:ffkgesg3jsv2j7aagkzrtcvt/app.bsky.feed.generator/aaacjerk7gwek,suggested_labelerexp,27,at://did:plc:r27vxjigzd7bny45fwsccdba/app.bsky.feed.post/3mfub4lwznk2y,bafyreiac6bedgp5sbahmpc4lqc6vkhw4kevvfeehkcnsuyipiexc6bvxwu,did:plc:r27vxjigzd7bny45fwsccdba,ubcoceans.bsky.social,,
8edf3ec41a3c49abae8d9a28fae25d6f,2026-02-28T08:00:00Z,2026-02-28T08:18:11Z,auth,auth_enUS_labelerexp,at://did:plc:ffkgesg3jsv2j7aagkzrtcvt/app.bsky.feed.generator/aaacjerk7gwek,suggested_labelerexp,28,at://did:plc:r27vxjigzd7bny45fwsccdba/app.bsky.feed.post/3mfub325jhk2p,bafyreibcsqmuwyr6uqock52qhf3lzyf7mhgak6gzxoinpwoaorkibbcwda,did:plc:r27vxjigzd7bny45fwsccdba,ubcoceans.bsky.social,,
8edf3ec41a3c49abae8d9a28fae25d6f,2026-02-28T08:00:00Z,2026-02-28T08:18:11Z,auth,auth_enUS_labelerexp,at://did:plc:ffkgesg3jsv2j7aagkzrtcvt/app.bsky.feed.generator/aaacjerk7gwek,suggested_labelerexp,29,at://did:plc:cr43jd5l44wdsfoykxm3rjfw/app.bsky.feed.post/3mfuangphss26,bafyreih4dip3lifce7y44fy2o5qu4t3wb2rdq7j4rwaba3lites2rmuwse,did:plc:cr43jd5l44wdsfoykxm3rjfw,troydeclan.bsky.social,,
8edf3ec41a3c49abae8d9a28fae25d6f,2026-02-28T08:00:00Z,2026-02-28T08:18:11Z,auth,auth_enUS_labelerexp,at://did:plc:ffkgesg3jsv2j7aagkzrtcvt/app.bsky.feed.generator/aaacjerk7gwek,suggested_labelerexp,30,at://did:plc:fjsuhjqam3lnnjzyb2mlamxv/app.bsky.feed.post/3mfuagspqol2z,bafyreifdzupd4pjf5ccyfcesr2m4yhrxivtwq6fvzvlmggiyfi7f44rctm,did:plc:fjsuhjqam3lnnjzyb2mlamxv,whaletalesorg.bsky.social,,
8edf3ec41a3c49abae8d9a28fae25d6f,2026-02-28T08:00:00Z,2026-02-28T08:18:11Z,auth,auth_enUS_labelerexp,at://did:plc:ffkgesg3jsv2j7aagkzrtcvt/app.bsky.feed.generator/aaacjerk7gwek,suggested_labelerexp,31,at://did:plc:r27vxjigzd7bny45fwsccdba/app.bsky.feed.post/3mfuaa2d4t22f,bafyreighivpudpc4di5extkncrcjy3rxfsyosmnjpib4p3lipzfwhboqum,did:plc:r27vxjigzd7bny45fwsccdba,ubcoceans.bsky.social,,
8edf3ec41a3c49abae8d9a28fae25d6f,2026-02-28T08:00:00Z,2026-02-28T08:18:11Z,auth,auth_enUS_labelerexp,at://did:plc:ffkgesg3jsv2j7aagkzrtcvt/app.bsky.feed.generator/aaacjerk7gwek,suggested_labelerexp,32,at://did:plc:r27vxjigzd7bny45fwsccdba/app.bsky.feed.post/3mfua44nkfc2f,bafyreiblxxmyjv5dk3t42rsryyz4x2hibpisth6tw3p5plrfwuqxdjwhji,did:plc:r27vxjigzd7bny45fwsccdba,ubcoceans.bsky.social,,
8edf3ec41a3c49abae8d9a28fae25d6f,2026-02-28T08:00:00Z,2026-02-28T08:18:11Z,auth,auth_enUS_labelerexp,at://did:plc:ffkgesg3jsv2j7aagkzrtcvt/app.bsky.feed.generator/aaacjerk7gwek,suggested_labelerexp,33,at://did:plc:r27vxjigzd7bny45fwsccdba/app.bsky.feed.post/3mfua2o6s7s2f,bafyreifnsnulanpcdegukoh2y5wch3j7qd2qgdvo7j3mx3ilvxvboraoba,did:plc:r27vxjigzd7bny45fwsccdba,ubcoceans.bsky.social,,
8edf3ec41a3c49abae8d9a28fae25d6f,2026-02-28T08:00:00Z,2026-02-28T08:18:11Z,auth,auth_enUS_labelerexp,at://did:plc:ffkgesg3jsv2j7aagkzrtcvt/app.bsky.feed.generator/aaacjerk7gwek,suggested_labelerexp,34,at://did:plc:mavdoxle737brhy24qj2xo2j/app.bsky.feed.post/3mfu7mq6u322p,bafyreiaz5sqvoaq2v4tl3httjclorncgqcqeiqkwdj5e54jz5jzsd5ptbq,did:plc:mavdoxle737brhy24qj2xo2j,kakanikatija.bsky.social,,
8edf3ec41a3c49abae8d9a28fae25d6f,2026-02-28T08:00:00Z,2026-02-28T08:18:11Z,auth,auth_enUS_labelerexp,at://did:plc:ffkgesg3jsv2j7aagkzrtcvt/app.bsky.feed.generator/aaacjerk7gwek,suggested_labelerexp,35,at://did:plc:skflng2ne4nyrsvnjht3pjtb/app.bsky.feed.post/3mfu6v4f4pk2s,bafyreiba5acbg747cdac7rlikzd4cbo3gnis5mj2luggcbm6a4xccczvey,did:plc:skflng2ne4nyrsvnjht3pjtb,marinemammalogy.bsky.social,,
8edf3ec41a3c49abae8d9a28fae25d6f,2026-02-28T08:00:00Z,2026-02-28T08:18:11Z,auth,auth_enUS_labelerexp,at://did:plc:ffkgesg3jsv2j7aagkzrtcvt/app.bsky.feed.generator/aaacjerk7gwek,suggested_labelerexp,36,at://did:plc:7zs4frmepmt2yi3tfyv33a7d/app.bsky.feed.post/3mfu6ogblos2g,bafyreihhgxzdfxy2a2s7h2m4vhjn73nlqtm2ywpxnisy4jftnomhfcn2ga,did:plc:7zs4frmepmt2yi3tfyv33a7d,thalassalib.bsky.social,,
8edf3ec41a3c49abae8d9a28fae25d6f,2026-02-28T08:00:00Z,2026-02-28T08:18:11Z,auth,auth_enUS_labelerexp,at://did:plc:ffkgesg3jsv2j7aagkzrtcvt/app.bsky.feed.generator/aaacjerk7gwek,suggested_labelerexp,37,at://did:plc:udg3goxywxdzvl3o3vco5qit/app.bsky.feed.post/3mfu5zqw2c22e,bafyreiaw7kh4q56xbgmdf3fd4pzgffq3k232vpv4vznnpfeud7mdzgojde,did:plc:udg3goxywxdzvl3o3vco5qit,livingoceans.bsky.social,,
8edf3ec41a3c49abae8d9a28fae25d6f,2026-02-28T08:00:00Z,2026-02-28T08:18:11Z,auth,auth_enUS_labelerexp,at://did:plc:ffkgesg3jsv2j7aagkzrtcvt/app.bsky.feed.generator/aaacjerk7gwek,suggested_labelerexp,38,at://did:plc:x3uuuan4azhva3ikahf7yndt/app.bsky.feed.post/3mfu5pnxbfk2k,bafyreigxnax2i63z6k7ymkrkmcxtlnjj2iu3admp2wnn5otnjolvc23nrq,did:plc:x3uuuan4azhva3ikahf7yndt,seaaroundus.org,,
8edf3ec41a3c49abae8d9a28fae25d6f,2026-02-28T08:00:00Z,2026-02-28T08:18:11Z,auth,auth_enUS_labelerexp,at://did:plc:ffkgesg3jsv2j7aagkzrtcvt/app.bsky.feed.generator/aaacjerk7gwek,suggested_labelerexp,39,at://did:plc:nbey7oft4xj55yshj34og3nh/app.bsky.feed.post/3mfu5is3dyc2l,bafyreiddtosexu26fvqsvxdxailwtszzmfr644wjkb2rpt52pjegbtbj5a,did:plc:nbey7oft4xj55yshj34og3nh,ncseagrant.bsky.social,,
8edf3ec41a3c49abae8d9a28fae25d6f,2026-02-28T08:00:00Z,2026-02-28T08:18:11Z,auth,auth_enUS_labelerexp,at://did:plc:ffkgesg3jsv2j7aagkzrtcvt/app.bsky.feed.generator/aaacjerk7gwek,suggested_labelerexp,40,at://did:plc:mhp7fbqabpfqf6q6d24shgok/app.bsky.feed.post/3mfu5gelhmv2q,bafyreigk7dchc6iyg2tq6ofpwvylz5vbhwnzr4hd6yoknghijgnjhgydvi,did:plc:mhp7fbqabpfqf6q6d24shgok,fiti-global.bsky.social,,
8edf3ec41a3c49abae8d9a28fae25d6f,2026-02-28T08:00:00Z,2026-02-28T08:18:11Z,auth,auth_enUS_labelerexp,at://did:plc:ffkgesg3jsv2j7aagkzrtcvt/app.bsky.feed.generator/aaacjerk7gwek,suggested_labelerexp,41,at://did:plc:y2ttrkditetbrytgxtqn5fzb/app.bsky.feed.post/3mfu4b7kads2t,bafyreihn3q3goeljazxi7qlkrhetvenuexwebrp62a5lrkxspb3kyo2ycu,did:plc:y2ttrkditetbrytgxtqn5fzb,joegarrity.bsky.social,,
8edf3ec41a3c49abae8d9a28fae25d6f,2026-02-28T08:00:00Z,2026-02-28T08:18:11Z,auth,auth_enUS_labelerexp,at://did:plc:ffkgesg3jsv2j7aagkzrtcvt/app.bsky.feed.generator/aaacjerk7gwek,suggested_labelerexp,42,at://did:plc:k2ojas5zzclc2gewlrcgwv7y/app.bsky.feed.post/3mfu2xhjhqg2f,bafyreifc3e7aufpdxiggirbvqk4qkq6by5mvc5d6grym4wom5k4ucrjxie,did:plc:k2ojas5zzclc2gewlrcgwv7y,terumbudivers.com,,
8edf3ec41a3c49abae8d9a28fae25d6f,2026-02-28T08:00:00Z,2026-02-28T08:18:11Z,auth,auth_enUS_labelerexp,at://did:plc:ffkgesg3jsv2j7aagkzrtcvt/app.bsky.feed.generator/aaacjerk7gwek,suggested_labelerexp,43,at://did:plc:b5ly66nko7iijwy2lktt3ctq/app.bsky.feed.post/3mfu2vxbk3m2q,bafyreiebojp7mykhocsxd6c4gnex4fmri6rgwa247o2nrblydgcvteplwa,did:plc:b5ly66nko7iijwy2lktt3ctq,whysharksmatter.bsky.social,,
8edf3ec41a3c49abae8d9a28fae25d6f,2026-02-28T08:00:00Z,2026-02-28T08:18:11Z,auth,auth_enUS_labelerexp,at://did:plc:ffkgesg3jsv2j7aagkzrtcvt/app.bsky.feed.generator/aaacjerk7gwek,suggested_labelerexp,44,at://did:plc:3ldtsy6hhr52dqbvfp6wtgc5/app.bsky.feed.post/3mfu2um2xzc22,bafyreicnnzebambq32nw36n42ynnuz2b5oisbgdwmfdwr5njjwnoivkcse,did:plc:3ldtsy6hhr52dqbvfp6wtgc5,pugetsoundwhales.bsky.social,,
8edf3ec41a3c49abae8d9a28fae25d6f,2026-02-28T08:00:00Z,2026-02-28T08:18:11Z,auth,auth_enUS_labelerexp,at://did:plc:ffkgesg3jsv2j7aagkzrtcvt/app.bsky.feed.generator/aaacjerk7gwek,suggested_labelerexp,45,at://did:plc:lcj7abm3eusn24xrvjvdq7c5/app.bsky.feed.post/3mfu2e62nas2e,bafyreia2e6hbu73eaviwo2rbeitbuue2vctmif6xvcfwub36ssdy6fkgfe,did:plc:lcj7abm3eusn24xrvjvdq7c5,dannastaaf.bsky.social,,
8edf3ec41a3c49abae8d9a28fae25d6f,2026-02-28T08:00:00Z,2026-02-28T08:18:11Z,auth,auth_enUS_labelerexp,at://did:plc:ffkgesg3jsv2j7aagkzrtcvt/app.bsky.feed.generator/aaacjerk7gwek,suggested_labelerexp,46,at://did:plc:5dco2yqc2p5yeatbhfvtuzft/app.bsky.feed.post/3mftzz7gzvs2n,bafyreifm6jlbuoiqwu6kbpwk32a4n5islqtr2tspgomo47mkhjgpyuf5hu,did:plc:5dco2yqc2p5yeatbhfvtuzft,kelleywelley.bsky.social,,
8edf3ec41a3c49abae8d9a28fae25d6f,2026-02-28T08:00:00Z,2026-02-28T08:18:11Z,auth,auth_enUS_labelerexp,at://did:plc:ffkgesg3jsv2j7aagkzrtcvt/app.bsky.feed.generator/aaacjerk7gwek,suggested_labelerexp,47,at://did:plc:lcj7abm3eusn24xrvjvdq7c5/app.bsky.feed.post/3mftz4fylis2e,bafyreie5lzelu6kb33s4fsadjhp4cd4rgee2dybgo224cgk4njrws456cy,did:plc:lcj7abm3eusn24xrvjvdq7c5,dannastaaf.bsky.social,,
8edf3ec41a3c49abae8d9a28fae25d6f,2026-02-28T08:00:00Z,2026-02-28T08:18:11Z,auth,auth_enUS_labelerexp,at://did:plc:ffkgesg3jsv2j7aagkzrtcvt/app.bsky.feed.generator/aaacjerk7gwek,suggested_labelerexp,48,at://did:plc:lj6vcnlomdmjochsfhfyenhp/app.bsky.feed.post/3mftxuc345k2h,bafyreihe625q5ahrj6a2s5x6o7alj63tzrzqdnkgpm7k37cdstl7pco4pq,did:plc:lj6vcnlomdmjochsfhfyenhp,ev0lemi.bsky.social,,
8edf3ec41a3c49abae8d9a28fae25d6f,2026-02-28T08:00:00Z,2026-02-28T08:18:11Z,auth,auth_enUS_labelerexp,at://did:plc:ffkgesg3jsv2j7aagkzrtcvt/app.bsky.feed.generator/aaacjerk7gwek,suggested_labelerexp,49,at://did:plc:v4m42nivlnhv5x5cycoqodra/app.bsky.feed.post/3mftvxkagsc25,bafyreiaggl2eabwba4vryag3zc37kq6biygkeauxgn3mbq6zp4kyc7df3e,did:plc:v4m42nivlnhv5x5cycoqodra,paddyboomsticks.bsky.social,,
8edf3ec41a3c49abae8d9a28fae25d6f,2026-02-28T08:00:00Z,2026-02-28T08:18:11Z,auth,auth_enUS_labelerexp,at://did:plc:ffkgesg3jsv2j7aagkzrtcvt/app.bsky.feed.generator/aaacjerk7gwek,suggested_labelerexp,50,at://did:plc:b5ly66nko7iijwy2lktt3ctq/app.bsky.feed.post/3mftvevyudw23,bafyreihktncki7fpige4yajfbzfv3ud6hlom2hwudrceqdfrtgd7ed4y4a,did:plc:b5ly66nko7iijwy2lktt3ctq,whysharksmatter.bsky.social,,
8edf3ec41a3c49abae8d9a28fae25d6f,2026-02-28T08:00:00Z,2026-02-28T08:18:13Z,auth,auth_enUS_labelerexp,at://did:plc:gpklcf7ek667c2vpjzb6bc5p/app.bsky.feed.generator/aaair4y7siwjo,suggested_labelerexp,1,at://did:plc:h2vsmhmdieezezt3bzub3imj/app.bsky.feed.post/3mfvrpgah4c2x,bafyreicv5adncmq3nvu55fj3xl54txqf356f5usxrfm5csm6wmfex34ure,did:plc:h2vsmhmdieezezt3bzub3imj,stuartlindenrhodes.bsky.social,,
8edf3ec41a3c49abae8d9a28fae25d6f,2026-02-28T08:00:00Z,2026-02-28T08:18:13Z,auth,auth_enUS_labelerexp,at://did:plc:gpklcf7ek667c2vpjzb6bc5p/app.bsky.feed.generator/aaair4y7siwjo,suggested_labelerexp,2,at://did:plc:rh72auqofosi66tmgdmfjx6r/app.bsky.feed.post/3mfvpms4cdc2k,bafyreifr3y4ldlclw5cslgncd3xrj7yv5l5fkhy5bheossjtcn7tqt6qay,did:plc:rh72auqofosi66tmgdmfjx6r,sergioasereger.bsky.social,,
8edf3ec41a3c49abae8d9a28fae25d6f,2026-02-28T08:00:00Z,2026-02-28T08:18:13Z,auth,auth_enUS_labelerexp,at://did:plc:gpklcf7ek667c2vpjzb6bc5p/app.bsky.feed.generator/aaair4y7siwjo,suggested_labelerexp,3,at://did:plc:l4xsetiqikazofprzgufuimk/app.bsky.feed.post/3mfvkxcs64k2e,bafyreih5eklbclxew4yr27odfegk4t46uk3mler2ibt43sdz4nyrtrnqqy,did:plc:l4xsetiqikazofprzgufuimk,zanypanda.bsky.social,,
8edf3ec41a3c49abae8d9a28fae25d6f,2026-02-28T08:00:00Z,2026-02-28T08:18:13Z,auth,auth_enUS_labelerexp,at://did:plc:gpklcf7ek667c2vpjzb6bc5p/app.bsky.feed.generator/aaair4y7siwjo,suggested_labelerexp,4,at://did:plc:ecbf3b3wotowom3do5hzethp/app.bsky.feed.post/3mfvhzrcad22h,bafyreif4iss67lvwmfeldcjq2sn3tfgaishnrfyfhesfqtcaqb2wehwozq,did:plc:ecbf3b3wotowom3do5hzethp,cornydoc4.bsky.social,,
8edf3ec41a3c49abae8d9a28fae25d6f,2026-02-28T08:00:00Z,2026-02-28T08:18:13Z,auth,auth_enUS_labelerexp,at://did:plc:gpklcf7ek667c2vpjzb6bc5p/app.bsky.feed.generator/aaair4y7siwjo,suggested_labelerexp,5,at://did:plc:kkt5lmyzidmn77jteytjcuu6/app.bsky.feed.post/3mfvgst3sdf2h,bafyreie6wsmqszflog4bv2vuqt54ntj3codzcoadhbtnk4yat6md3rmtmm,did:plc:kkt5lmyzidmn77jteytjcuu6,octoberjoe.bsky.social,,
8edf3ec41a3c49abae8d9a28fae25d6f,2026-02-28T08:00:00Z,2026-02-28T08:18:13Z,auth,auth_enUS_labelerexp,at://did:plc:gpklcf7ek667c2vpjzb6bc5p/app.bsky.feed.generator/aaair4y7siwjo,suggested_labelerexp,6,at://did:plc:glrh52tfribrlimdkq5nklsk/app.bsky.feed.post/3mfvgdm6eis24,bafyreigacmih42xk5qa43dbk5mk5qd4fut5v3cilnwfnbfhjcxzqkkqlbq,did:plc:glrh52tfribrlimdkq5nklsk,allisonanne.com,,
8edf3ec41a3c49abae8d9a28fae25d6f,2026-02-28T08:00:00Z,2026-02-28T08:18:13Z,auth,auth_enUS_labelerexp,at://did:plc:gpklcf7ek667c2vpjzb6bc5p/app.bsky.feed.generator/aaair4y7siwjo,suggested_labelerexp,7,at://did:plc:gwuioiavos7geza5vna6bvtg/app.bsky.feed.post/3mfvcwklpik2w,bafyreiesus55pl6hsfiv7acod2u7q3wldnr7t2bvo4kkqp3zt4ficl67jq,did:plc:gwuioiavos7geza5vna6bvtg,ohmyguy.bsky.social,,
8edf3ec41a3c49abae8d9a28fae25d6f,2026-02-28T08:00:00Z,2026-02-28T08:18:13Z,auth,auth_enUS_labelerexp,at://did:plc:gpklcf7ek667c2vpjzb6bc5p/app.bsky.feed.generator/aaair4y7siwjo,suggested_labelerexp,8,at://did:plc:gwuioiavos7geza5vna6bvtg/app.bsky.feed.post/3mfvcvue6ws2w,bafyreihs3jwrbmqznj26qr55v27emb7fs6c6mf5mywt2heuvn3hkpo3lyi,did:plc:gwuioiavos7geza5vna6bvtg,ohmyguy.bsky.social,,
8edf3ec41a3c49abae8d9a28fae25d6f,2026-02-28T08:00:00Z,2026-02-28T08:18:13Z,auth,auth_enUS_labelerexp,at://did:plc:gpklcf7ek667c2vpjzb6bc5p/app.bsky.feed.generator/aaair4y7siwjo,suggested_labelerexp,9,at://did:plc:qropmz2a4q5q4h7drdmg4n2r/app.bsky.feed.post/3mfv6a574hc2v,bafyreicqxa6jxl3lypx33prytvbrmvkz2expugwhqsp2snmgb3ib5n3dc4,did:plc:qropmz2a4q5q4h7drdmg4n2r,eshcetera.bsky.social,,
8edf3ec41a3c49abae8d9a28fae25d6f,2026-02-28T08:00:00Z,2026-02-28T08:18:13Z,auth,auth_enUS_labelerexp,at://did:plc:gpklcf7ek667c2vpjzb6bc5p/app.bsky.feed.generator/aaair4y7siwjo,suggested_labelerexp,10,at://did:plc:wz4vs7y52a3kdxaujhp4isi3/app.bsky.feed.post/3mfv5bch7qk24,bafyreifuk5jun5efihvhhlvlxac7obk6jujgistcbdmvfpoxrcabrjov2m,did:plc:wz4vs7y52a3kdxaujhp4isi3,charcoalsdestiny.bsky.social,,
8edf3ec41a3c49abae8d9a28fae25d6f,2026-02-28T08:00:00Z,2026-02-28T08:18:13Z,auth,auth_enUS_labelerexp,at://did:plc:gpklcf7ek667c2vpjzb6bc5p/app.bsky.feed.generator/aaair4y7siwjo,suggested_labelerexp,11,at://did:plc:htmqbmmvmzjvktvkgh4rxzmx/app.bsky.feed.post/3mfv4vw66d62m,bafyreiadm42f6faffnbsl5kc7tpmeg5a3by5s2f2mtwmconlg2gi4mvqxi,did:plc:htmqbmmvmzjvktvkgh4rxzmx,burlybottomdesigns.bsky.social,,
8edf3ec41a3c49abae8d9a28fae25d6f,2026-02-28T08:00:00Z,2026-02-28T08:18:13Z,auth,auth_enUS_labelerexp,at://did:plc:gpklcf7ek667c2vpjzb6bc5p/app.bsky.feed.generator/aaair4y7siwjo,suggested_labelerexp,12,at://did:plc:7avy3juyuitgnrmapgpnzi5j/app.bsky.feed.post/3mfuylezp342k,bafyreibsbwniiwbptmugy6ekzg2dhg2e4432f4e4nyc7i46thp3pgr4h2u,did:plc:7avy3juyuitgnrmapgpnzi5j,piloulepou.bsky.social,,
8edf3ec41a3c49abae8d9a28fae25d6f,2026-02-28T08:00:00Z,2026-02-28T08:18:13Z,auth,auth_enUS_labelerexp,at://did:plc:gpklcf7ek667c2vpjzb6bc5p/app.bsky.feed.generator/aaair4y7siwjo,suggested_labelerexp,13,at://did:plc:rjatuvzooseduznoh3yomopd/app.bsky.feed.post/3mfuvhznvek2p,bafyreifu3ap77oz7ph3q6zxl4lqlnnmdhhwn3yunsz3f4ib2alpydaqxxq,did:plc:rjatuvzooseduznoh3yomopd,sugarshaker.bsky.social,,
8edf3ec41a3c49abae8d9a28fae25d6f,2026-02-28T08:00:00Z,2026-02-28T08:18:13Z,auth,auth_enUS_labelerexp,at://did:plc:gpklcf7ek667c2vpjzb6bc5p/app.bsky.feed.generator/aaair4y7siwjo,suggested_labelerexp,14,at://did:plc:o2izf26wxhu6kxgicqahao4g/app.bsky.feed.post/3mfuuzgfygk2l,bafyreicw3ekxwywnsldvdb2twyw7spwjia622rixzioqtktmtapyi4l72e,did:plc:o2izf26wxhu6kxgicqahao4g,erostakles.bsky.social,,
8edf3ec41a3c49abae8d9a28fae25d6f,2026-02-28T08:00:00Z,2026-02-28T08:18:13Z,auth,auth_enUS_labelerexp,at://did:plc:gpklcf7ek667c2vpjzb6bc5p/app.bsky.feed.generator/aaair4y7siwjo,suggested_labelerexp,15,at://did:plc:oafs6shmda3du42ebjtttshg/app.bsky.feed.post/3mfuucxvcsk2s,bafyreih7iqd34nzegv54ebtsmvwuqsisppdvx53ip5fdgodaaqmgcgc2di,did:plc:oafs6shmda3du42ebjtttshg,foottheory.bsky.social,,
8edf3ec41a3c49abae8d9a28fae25d6f,2026-02-28T08:00:00Z,2026-02-28T08:18:13Z,auth,auth_enUS_labelerexp,at://did:plc:gpklcf7ek667c2vpjzb6bc5p/app.bsky.feed.generator/aaair4y7siwjo,suggested_labelerexp,16,at://did:plc:oafs6shmda3du42ebjtttshg/app.bsky.feed.post/3mfuubsrwpk2s,bafyreifrotc5f3hbkq2heekyi7sxyydlx7swfbwxwpw2f7lucrbatftwfe,did:plc:oafs6shmda3du42ebjtttshg,foottheory.bsky.social,,
8edf3ec41a3c49abae8d9a28fae25d6f,2026-02-28T08:00:00Z,2026-02-28T08:18:13Z,auth,auth_enUS_labelerexp,at://did:plc:gpklcf7ek667c2vpjzb6bc5p/app.bsky.feed.generator/aaair4y7siwjo,suggested_labelerexp,17,at://did:plc:oafs6shmda3du42ebjtttshg/app.bsky.feed.post/3mfuu55esmk2s,bafyreianuflimli3tjiyoplyydu4ryi2mqfqvayag5cr22p2czgiqqg45u,did:plc:oafs6shmda3du42ebjtttshg,foottheory.bsky.social,,
8edf3ec41a3c49abae8d9a28fae25d6f,2026-02-28T08:00:00Z,2026-02-28T08:18:13Z,auth,auth_enUS_labelerexp,at://did:plc:gpklcf7ek667c2vpjzb6bc5p/app.bsky.feed.generator/aaair4y7siwjo,suggested_labelerexp,18,at://did:plc:onalq6surmeqzejt3lqbekwz/app.bsky.feed.post/3mfussog7dc24,bafyreidjdgtnv7koqudgwpbuxhntlitpuwvtabuzrfuasehhkpk5gfa3hm,did:plc:onalq6surmeqzejt3lqbekwz,ruslanshulga.bsky.social,,
8edf3ec41a3c49abae8d9a28fae25d6f,2026-02-28T08:00:00Z,2026-02-28T08:18:13Z,auth,auth_enUS_labelerexp,at://did:plc:gpklcf7ek667c2vpjzb6bc5p/app.bsky.feed.generator/aaair4y7siwjo,suggested_labelerexp,19,at://did:plc:dniofazt4motexua47f6axz5/app.bsky.feed.post/3mfurropx422y,bafyreia44jmm4cdlni6kxakeorfaohzsxn5n6ubwwltdqgus35wv5n2rqy,did:plc:dniofazt4motexua47f6axz5,weirdosauce.bsky.social,,
8edf3ec41a3c49abae8d9a28fae25d6f,2026-02-28T08:00:00Z,2026-02-28T08:18:13Z,auth,auth_enUS_labelerexp,at://did:plc:gpklcf7ek667c2vpjzb6bc5p/app.bsky.feed.generator/aaair4y7siwjo,suggested_labelerexp,20,at://did:plc:5vvriw4zkuwlls4kb2bjslye/app.bsky.feed.post/3mfuqy3434c2n,bafyreiedvcr2udw6vcjbgebk35fd22h7y23dk6xxcwvkkmz576vff6ij4i,did:plc:5vvriw4zkuwlls4kb2bjslye,braemoss.bsky.social,,
8edf3ec41a3c49abae8d9a28fae25d6f,2026-02-28T08:00:00Z,2026-02-28T08:18:13Z,auth,auth_enUS_labelerexp,at://did:plc:gpklcf7ek667c2vpjzb6bc5p/app.bsky.feed.generator/aaair4y7siwjo,suggested_labelerexp,21,at://did:plc:fcwml4egxm7lxyzd5xw6nq7n/app.bsky.feed.post/3mfupcq66ps2c,bafyreifth66b7dsxipvarr65pijo5j6so63lyrfh6tf4hu43pxgqjyzzoq,did:plc:fcwml4egxm7lxyzd5xw6nq7n,ejmillerlarson.bsky.social,,
8edf3ec41a3c49abae8d9a28fae25d6f,2026-02-28T08:00:00Z,2026-02-28T08:18:13Z,auth,auth_enUS_labelerexp,at://did:plc:gpklcf7ek667c2vpjzb6bc5p/app.bsky.feed.generator/aaair4y7siwjo,suggested_labelerexp,22,at://did:plc:2shbk5lpp7tk3phsmvr26mdg/app.bsky.feed.post/3mfuongibsc2i,bafyreiavxoecgb7npzb45cckirzvuc5fe4p5g63afr7g5p4wi4qxvgk6gm,did:plc:2shbk5lpp7tk3phsmvr26mdg,paddywolfe.bsky.social,,
8edf3ec41a3c49abae8d9a28fae25d6f,2026-02-28T08:00:00Z,2026-02-28T08:18:13Z,auth,auth_enUS_labelerexp,at://did:plc:gpklcf7ek667c2vpjzb6bc5p/app.bsky.feed.generator/aaair4y7siwjo,suggested_labelerexp,23,at://did:plc:mcb6n67plnrlx4lg35natk2b/app.bsky.feed.post/3mfuofbpxee2h,bafyreibb7hwxehexjbig2b3coi2komuutcnbty27igmswuey4qjsqnrhwq,did:plc:mcb6n67plnrlx4lg35natk2b,nowbreezing.ntw.app,,
8edf3ec41a3c49abae8d9a28fae25d6f,2026-02-28T08:00:00Z,2026-02-28T08:18:13Z,auth,auth_enUS_labelerexp,at://did:plc:gpklcf7ek667c2vpjzb6bc5p/app.bsky.feed.generator/aaair4y7siwjo,suggested_labelerexp,24,at://did:plc:rh72auqofosi66tmgdmfjx6r/app.bsky.feed.post/3mfuo4gpvcc2k,bafyreidmymusvcqs2guke4attabefvvwvttgbwxml7kyh3nmlabg3ahtli,did:plc:rh72auqofosi66tmgdmfjx6r,sergioasereger.bsky.social,,
8edf3ec41a3c49abae8d9a28fae25d6f,2026-02-28T08:00:00Z,2026-02-28T08:18:13Z,auth,auth_enUS_labelerexp,at://did:plc:gpklcf7ek667c2vpjzb6bc5p/app.bsky.feed.generator/aaair4y7siwjo,suggested_labelerexp,25,at://did:plc:4splf55eagpekci2oznnvxyc/app.bsky.feed.post/3mfunvek7tc2e,bafyreiaok7p2izipgeqnbhsv52wxqitebuwtz57v5qr7zkhkuzt7sjwucm,did:plc:4splf55eagpekci2oznnvxyc,soundartist.bsky.social,,
8edf3ec41a3c49abae8d9a28fae25d6f,2026-02-28T08:00:00Z,2026-02-28T08:18:13Z,auth,auth_enUS_labelerexp,at://did:plc:gpklcf7ek667c2vpjzb6bc5p/app.bsky.feed.generator/aaair4y7siwjo,suggested_labelerexp,26,at://did:plc:o6tvrytmdbhwguqldgajyo6z/app.bsky.feed.post/3mfulwksiak2f,bafyreia6c7nxjfcsxfox3td4asskmu6gsvycxjuvf3mqm25meybtejjwrm,did:plc:o6tvrytmdbhwguqldgajyo6z,gayviecrocket.bsky.social,,
8edf3ec41a3c49abae8d9a28fae25d6f,2026-02-28T08:00:00Z,2026-02-28T08:18:13Z,auth,auth_enUS_labelerexp,at://did:plc:gpklcf7ek667c2vpjzb6bc5p/app.bsky.feed.generator/aaair4y7siwjo,suggested_labelerexp,27,at://did:plc:c4krei6pmtlcdjlz7bstrxph/app.bsky.feed.post/3mfuilwvvwc2f,bafyreieckqgvjzo4m2wi6sx2lqws7vpewm4ebeugcaf6hkrgrgc4kq7gei,did:plc:c4krei6pmtlcdjlz7bstrxph,the-haunted-d-nsfw.bsky.social,,
8edf3ec41a3c49abae8d9a28fae25d6f,2026-02-28T08:00:00Z,2026-02-28T08:18:13Z,auth,auth_enUS_labelerexp,at://did:plc:gpklcf7ek667c2vpjzb6bc5p/app.bsky.feed.generator/aaair4y7siwjo,suggested_labelerexp,28,at://did:plc:uyt4xzghqbgjca3pb77j2h7o/app.bsky.feed.post/3mfufp4fo4k23,bafyreiediic6mweytee5aauyktdyw5jae2zfsygeeqzz725lhpjk73iyse,did:plc:uyt4xzghqbgjca3pb77j2h7o,galleryofpictures.bsky.social,,
8edf3ec41a3c49abae8d9a28fae25d6f,2026-02-28T08:00:00Z,2026-02-28T08:18:13Z,auth,auth_enUS_labelerexp,at://did:plc:gpklcf7ek667c2vpjzb6bc5p/app.bsky.feed.generator/aaair4y7siwjo,suggested_labelerexp,29,at://did:plc:ermhzgcmuzzx2ip7u33cyuhe/app.bsky.feed.post/3mfuew4ux6k2r,bafyreidg2ngox772t5wd6ymzoi2uzzlzsogdml6y3cw5ratu27wkbulptu,did:plc:ermhzgcmuzzx2ip7u33cyuhe,seductivetees.bsky.social,,
8edf3ec41a3c49abae8d9a28fae25d6f,2026-02-28T08:00:00Z,2026-02-28T08:18:13Z,auth,auth_enUS_labelerexp,at://did:plc:gpklcf7ek667c2vpjzb6bc5p/app.bsky.feed.generator/aaair4y7siwjo,suggested_labelerexp,30,at://did:plc:2shbk5lpp7tk3phsmvr26mdg/app.bsky.feed.post/3mfue5onwyk2k,bafyreicvqptkzljg7mjlvgrwy3hptmza3brrrqlpureyl5vzajqwebmqqq,did:plc:2shbk5lpp7tk3phsmvr26mdg,paddywolfe.bsky.social,,
8edf3ec41a3c49abae8d9a28fae25d6f,2026-02-28T08:00:00Z,2026-02-28T08:18:13Z,auth,auth_enUS_labelerexp,at://did:plc:gpklcf7ek667c2vpjzb6bc5p/app.bsky.feed.generator/aaair4y7siwjo,suggested_labelerexp,31,at://did:plc:uf4evkqm3xrl2thwor5lzhv4/app.bsky.feed.post/3mfuc42epok2k,bafyreigeso2jbeu46d54emqj3q4jx5rfxiwk6punfoqczkhmkxux5twy7y,did:plc:uf4evkqm3xrl2thwor5lzhv4,cairosteele.com,,
8edf3ec41a3c49abae8d9a28fae25d6f,2026-02-28T08:00:00Z,2026-02-28T08:18:13Z,auth,auth_enUS_labelerexp,at://did:plc:gpklcf7ek667c2vpjzb6bc5p/app.bsky.feed.generator/aaair4y7siwjo,suggested_labelerexp,32,at://did:plc:mcb6n67plnrlx4lg35natk2b/app.bsky.feed.post/3mfuc3tf3dp2l,bafyreic6ba5p2ckkj2nv4ztbmseyvvcljb26fs6msasobjvomeqlxg3di4,did:plc:mcb6n67plnrlx4lg35natk2b,nowbreezing.ntw.app,,
8edf3ec41a3c49abae8d9a28fae25d6f,2026-02-28T08:00:00Z,2026-02-28T08:18:13Z,auth,auth_enUS_labelerexp,at://did:plc:gpklcf7ek667c2vpjzb6bc5p/app.bsky.feed.generator/aaair4y7siwjo,suggested_labelerexp,33,at://did:plc:gavyqdejgwular6b57vk5csf/app.bsky.feed.post/3mfubzcxfz22f,bafyreihxtb2zxa65fsw5piawcsaycd6dnmwnhycht7lnzcjcd3ca3f6yfm,did:plc:gavyqdejgwular6b57vk5csf,brooks-laurence.bsky.social,,
8edf3ec41a3c49abae8d9a28fae25d6f,2026-02-28T08:00:00Z,2026-02-28T08:18:13Z,auth,auth_enUS_labelerexp,at://did:plc:gpklcf7ek667c2vpjzb6bc5p/app.bsky.feed.generator/aaair4y7siwjo,suggested_labelerexp,34,at://did:plc:4mrajihrpnjykrrgnqk5g2km/app.bsky.feed.post/3mfubnpbngc2f,bafyreihmq77grigyhucojwbpttokpvnql3kobwsgapi5adc4mfhno6vtji,did:plc:4mrajihrpnjykrrgnqk5g2km,drawingdan13.bsky.social,,
8edf3ec41a3c49abae8d9a28fae25d6f,2026-02-28T08:00:00Z,2026-02-28T08:18:13Z,auth,auth_enUS_labelerexp,at://did:plc:gpklcf7ek667c2vpjzb6bc5p/app.bsky.feed.generator/aaair4y7siwjo,suggested_labelerexp,35,at://did:plc:mcb6n67plnrlx4lg35natk2b/app.bsky.feed.post/3mfu7uiv4cw2u,bafyreicofsgnotsnjlxkvqhuvr6wcl2w5u5tkzesa5vhfje4ubgkragcb4,did:plc:mcb6n67plnrlx4lg35natk2b,nowbreezing.ntw.app,,
8edf3ec41a3c49abae8d9a28fae25d6f,2026-02-28T08:00:00Z,2026-02-28T08:18:13Z,auth,auth_enUS_labelerexp,at://did:plc:gpklcf7ek667c2vpjzb6bc5p/app.bsky.feed.generator/aaair4y7siwjo,suggested_labelerexp,36,at://did:plc:yfi3rekhuy6ij6bm56ccs32n/app.bsky.feed.post/3mfu7o6qkxs2g,bafyreibujbj6nx4pvlgxvyvbsuqe2kmhziqla42d7zfrpakygdkcph43ze,did:plc:yfi3rekhuy6ij6bm56ccs32n,finnan73.bsky.social,,
8edf3ec41a3c49abae8d9a28fae25d6f,2026-02-28T08:00:00Z,2026-02-28T08:18:13Z,auth,auth_enUS_labelerexp,at://did:plc:gpklcf7ek667c2vpjzb6bc5p/app.bsky.feed.generator/aaair4y7siwjo,suggested_labelerexp,37,at://did:plc:lkelvk4eyvyjz5iq5clrvfw6/app.bsky.feed.post/3mfu7lyxd4226,bafyreig4xlvnznoivcnygofqmysydwnmszwjqols5ndlhkncldmil2cyvy,did:plc:lkelvk4eyvyjz5iq5clrvfw6,dezthemerpup.bsky.social,,
8edf3ec41a3c49abae8d9a28fae25d6f,2026-02-28T08:00:00Z,2026-02-28T08:18:13Z,auth,auth_enUS_labelerexp,at://did:plc:gpklcf7ek667c2vpjzb6bc5p/app.bsky.feed.generator/aaair4y7siwjo,suggested_labelerexp,38,at://did:plc:yfi3rekhuy6ij6bm56ccs32n/app.bsky.feed.post/3mfu7lvoz7k2g,bafyreid3a7pt42et33wsz7bmaqmrrw3j5f7chb6vsiryekullon2su25a4,did:plc:yfi3rekhuy6ij6bm56ccs32n,finnan73.bsky.social,,
8edf3ec41a3c49abae8d9a28fae25d6f,2026-02-28T08:00:00Z,2026-02-28T08:18:13Z,auth,auth_enUS_labelerexp,at://did:plc:gpklcf7ek667c2vpjzb6bc5p/app.bsky.feed.generator/aaair4y7siwjo,suggested_labelerexp,39,at://did:plc:3tb76ritkkbdz3wmtoeqo524/app.bsky.feed.post/3mfu7dfs2kc2o,bafyreig3nxsu4q5ahlxzaxqu4lhj6mqrumsewzyqnf4kt4jylwxcpwpqyu,did:plc:3tb76ritkkbdz3wmtoeqo524,marshall-mann.bsky.social,,
8edf3ec41a3c49abae8d9a28fae25d6f,2026-02-28T08:00:00Z,2026-02-28T08:18:13Z,auth,auth_enUS_labelerexp,at://did:plc:gpklcf7ek667c2vpjzb6bc5p/app.bsky.feed.generator/aaair4y7siwjo,suggested_labelerexp,40,at://did:plc:yk3wcrlj4g7xgehqoezcrml5/app.bsky.feed.post/3mfu6vvdp2z2t,bafyreia5ds7wdh2zg2cnc7lupsz3qg5kz3yobu5arvhgvphmnrb6un4gki,did:plc:yk3wcrlj4g7xgehqoezcrml5,neofly82.bsky.social,,
8edf3ec41a3c49abae8d9a28fae25d6f,2026-02-28T08:00:00Z,2026-02-28T08:18:13Z,auth,auth_enUS_labelerexp,at://did:plc:gpklcf7ek667c2vpjzb6bc5p/app.bsky.feed.generator/aaair4y7siwjo,suggested_labelerexp,41,at://did:plc:iga24pebkdn7ku44cihi7vwz/app.bsky.feed.post/3mfu3udufts2e,bafyreifnia5oy5phcf55oujpctdslcpnkz7y34ya6u56xeppuh7xpb3l7i,did:plc:iga24pebkdn7ku44cihi7vwz,satyrmagos.bsky.social,,
8edf3ec41a3c49abae8d9a28fae25d6f,2026-02-28T08:00:00Z,2026-02-28T08:18:13Z,auth,auth_enUS_labelerexp,at://did:plc:gpklcf7ek667c2vpjzb6bc5p/app.bsky.feed.generator/aaair4y7siwjo,suggested_labelerexp,42,at://did:plc:lxaqbnagc6p72k545e364ntk/app.bsky.feed.post/3mfu3r7m7qc2r,bafyreidgfsa66czgxlwlenzr25rnebdgzfbjo7ui6hogeetrvyircnnnju,did:plc:lxaqbnagc6p72k545e364ntk,lisondraws.bsky.social,,
8edf3ec41a3c49abae8d9a28fae25d6f,2026-02-28T08:00:00Z,2026-02-28T08:18:13Z,auth,auth_enUS_labelerexp,at://did:plc:gpklcf7ek667c2vpjzb6bc5p/app.bsky.feed.generator/aaair4y7siwjo,suggested_labelerexp,43,at://did:plc:o2izf26wxhu6kxgicqahao4g/app.bsky.feed.post/3mfu3ms3cwk2v,bafyreiesoskj3v5qnavg4rf3nuo6ix4rgworqzdgzhr5c7zsw6fvrzbipm,did:plc:o2izf26wxhu6kxgicqahao4g,erostakles.bsky.social,,
8edf3ec41a3c49abae8d9a28fae25d6f,2026-02-28T08:00:00Z,2026-02-28T08:18:13Z,auth,auth_enUS_labelerexp,at://did:plc:gpklcf7ek667c2vpjzb6bc5p/app.bsky.feed.generator/aaair4y7siwjo,suggested_labelerexp,44,at://did:plc:2shbk5lpp7tk3phsmvr26mdg/app.bsky.feed.post/3mfu36cufwc2k,bafyreie4q2okkfhxib5qorxosbeq6jixwytdn5agqatx36qi7pg7zoyj7e,did:plc:2shbk5lpp7tk3phsmvr26mdg,paddywolfe.bsky.social,,
8edf3ec41a3c49abae8d9a28fae25d6f,2026-02-28T08:00:00Z,2026-02-28T08:18:13Z,auth,auth_enUS_labelerexp,at://did:plc:gpklcf7ek667c2vpjzb6bc5p/app.bsky.feed.generator/aaair4y7siwjo,suggested_labelerexp,45,at://did:plc:bboyycog42ozk5r3vow5orhf/app.bsky.feed.post/3mfu2ds6bes27,bafyreia5ggmnh33w2sspvkk37f2dnlr3yemlm5naxzozigssd36vnhiitu,did:plc:bboyycog42ozk5r3vow5orhf,danielwgreenart.bsky.social,,
8edf3ec41a3c49abae8d9a28fae25d6f,2026-02-28T08:00:00Z,2026-02-28T08:18:13Z,auth,auth_enUS_labelerexp,at://did:plc:gpklcf7ek667c2vpjzb6bc5p/app.bsky.feed.generator/aaair4y7siwjo,suggested_labelerexp,46,at://did:plc:2nuloaa7bvmb4cpnsmlm7an7/app.bsky.feed.post/3mfu25v3lck2d,bafyreiby6hhgdtarbac7nylxpf2vblqel26hjeccx5ax2v3ycb7ytgfaq4,did:plc:2nuloaa7bvmb4cpnsmlm7an7,ifranksart.bsky.social,,
8edf3ec41a3c49abae8d9a28fae25d6f,2026-02-28T08:00:00Z,2026-02-28T08:18:13Z,auth,auth_enUS_labelerexp,at://did:plc:gpklcf7ek667c2vpjzb6bc5p/app.bsky.feed.generator/aaair4y7siwjo,suggested_labelerexp,47,at://did:plc:r6ipku2w5jijkzsaley4wrlg/app.bsky.feed.post/3mftzx4vq7k2h,bafyreidvd36llacngulmqv4bs2hlp7gy66edx4e5ddyaw6m4splnzpb7pq,did:plc:r6ipku2w5jijkzsaley4wrlg,adrianandshane.bsky.social,,
8edf3ec41a3c49abae8d9a28fae25d6f,2026-02-28T08:00:00Z,2026-02-28T08:18:13Z,auth,auth_enUS_labelerexp,at://did:plc:gpklcf7ek667c2vpjzb6bc5p/app.bsky.feed.generator/aaair4y7siwjo,suggested_labelerexp,48,at://did:plc:2tmjjdhzdjjxlhe3dcypx56a/app.bsky.feed.post/3mftyirivbs24,bafyreifidhczn6vo5tclinl75p6h54svw5tlk4guh5deayy5jalk7c2wea,did:plc:2tmjjdhzdjjxlhe3dcypx56a,theartturdal.bsky.social,,
8edf3ec41a3c49abae8d9a28fae25d6f,2026-02-28T08:00:00Z,2026-02-28T08:18:13Z,auth,auth_enUS_labelerexp,at://did:plc:gpklcf7ek667c2vpjzb6bc5p/app.bsky.feed.generator/aaair4y7siwjo,suggested_labelerexp,49,at://did:plc:7vwuwxnyre5wgntjjzjvxion/app.bsky.feed.post/3mftyfy6z5222,bafyreiajhjljie4rhvtpijzr6svdgvhaiz7geve24optti66b6i27p5sne,did:plc:7vwuwxnyre5wgntjjzjvxion,laceoni.bsky.social,,
8edf3ec41a3c49abae8d9a28fae25d6f,2026-02-28T08:00:00Z,2026-02-28T08:18:13Z,auth,auth_enUS_labelerexp,at://did:plc:gpklcf7ek667c2vpjzb6bc5p/app.bsky.feed.generator/aaair4y7siwjo,suggested_labelerexp,50,at://did:plc:wtmtre6y6ndggh7gpizjskub/app.bsky.feed.post/3mftxuju2x227,bafyreih5l4wmsm5be2pnwkleknk47rzkylxjaxhg4bu3wigloypy4cqmgu,did:plc:wtmtre6y6ndggh7gpizjskub,anturius-art.bsky.social,,
8edf3ec41a3c49abae8d9a28fae25d6f,2026-02-28T08:00:00Z,2026-02-28T08:18:14Z,auth,auth_enUS_labelerexp,at://did:plc:jcoy7v3a2t4rcfdh6i4kza25/app.bsky.feed.generator/astro,suggested_labelerexp,1,at://did:plc:xy2zorw2ys47poflotxthlzg/app.bsky.feed.post/3lu35ltq7tx2q,bafyreicdy4nwl2jqzqoqusp5nyhdrxvd5rjjfabqvxyvvb3tbi4cng2oni,did:plc:xy2zorw2ys47poflotxthlzg,astrosky.eco,,
8edf3ec41a3c49abae8d9a28fae25d6f,2026-02-28T08:00:00Z,2026-02-28T08:18:14Z,auth,auth_enUS_labelerexp,at://did:plc:jcoy7v3a2t4rcfdh6i4kza25/app.bsky.feed.generator/astro,suggested_labelerexp,2,at://did:plc:btzjjptgouva43ko4ip5pl67/app.bsky.feed.post/3mfvrlgojzc2w,bafyreibelw7xazt2risnilhnjw3w6a4dcibzarlhsaww54dp3g5srqooia,did:plc:btzjjptgouva43ko4ip5pl67,apod.shinyakato.dev,,
8edf3ec41a3c49abae8d9a28fae25d6f,2026-02-28T08:00:00Z,2026-02-28T08:18:14Z,auth,auth_enUS_labelerexp,at://did:plc:jcoy7v3a2t4rcfdh6i4kza25/app.bsky.feed.generator/astro,suggested_labelerexp,3,at://did:plc:atv6b2ztwk4o3mcagzoqzjmj/app.bsky.feed.post/3mfvqyf4xck2y,bafyreibz3fjhyny6tm2l7xrfa2rq2uk5h4g2lopjymlfdqknln6g6ruwpy,did:plc:atv6b2ztwk4o3mcagzoqzjmj,drksolsen.bsky.social,,
8edf3ec41a3c49abae8d9a28fae25d6f,2026-02-28T08:00:00Z,2026-02-28T08:18:14Z,auth,auth_enUS_labelerexp,at://did:plc:jcoy7v3a2t4rcfdh6i4kza25/app.bsky.feed.generator/astro,suggested_labelerexp,4,at://did:plc:xtzbeisud7tdsb7emyifnzhc/app.bsky.feed.post/3mfvq4tquzs2b,bafyreifufff2cyqrfkfe74o6finyhxo7dsbjqgoyyaz3xc3kcwrc3cfjxm,did:plc:xtzbeisud7tdsb7emyifnzhc,safastrofrance.bsky.social,,
8edf3ec41a3c49abae8d9a28fae25d6f,2026-02-28T08:00:00Z,2026-02-28T08:18:14Z,auth,auth_enUS_labelerexp,at://did:plc:jcoy7v3a2t4rcfdh6i4kza25/app.bsky.feed.generator/astro,suggested_labelerexp,5,at://did:plc:d33ov6qj5n2yhs27nyvpkpt2/app.bsky.feed.post/3mfvlrzfw2c2l,bafyreiepou6ufxnowmf2y6momcjgzqx5k4gw5led7swmuzoe4opzk7hlbi,did:plc:d33ov6qj5n2yhs27nyvpkpt2,drspacejunk.bsky.social,,
8edf3ec41a3c49abae8d9a28fae25d6f,2026-02-28T08:00:00Z,2026-02-28T08:18:14Z,auth,auth_enUS_labelerexp,at://did:plc:jcoy7v3a2t4rcfdh6i4kza25/app.bsky.feed.generator/astro,suggested_labelerexp,6,at://did:plc:xugrccgcsobrhtzvsmb3muyv/app.bsky.feed.post/3mfvf6m7brs2o,bafyreiet7eaztod5opswtcek5zkuwxzulus7q4wqxqdpsahge7g3k7be6i,did:plc:xugrccgcsobrhtzvsmb3muyv,palomarskies.bsky.social,,
8edf3ec41a3c49abae8d9a28fae25d6f,2026-02-28T08:00:00Z,2026-02-28T08:18:14Z,auth,auth_enUS_labelerexp,at://did:plc:jcoy7v3a2t4rcfdh6i4kza25/app.bsky.feed.generator/astro,suggested_labelerexp,7,at://did:plc:eqvrdx2sx5lukxv4h66yqinb/app.bsky.feed.post/3mfvdowcdg22h,bafyreigabyq2wevdmgzc7mgvcskt7lkfvgvv6lseprfbv47dyvsby7njyu,did:plc:eqvrdx2sx5lukxv4h66yqinb,smpritchard.bsky.social,,
8edf3ec41a3c49abae8d9a28fae25d6f,2026-02-28T08:00:00Z,2026-02-28T08:18:14Z,auth,auth_enUS_labelerexp,at://did:plc:jcoy7v3a2t4rcfdh6i4kza25/app.bsky.feed.generator/astro,suggested_labelerexp,8,at://did:plc:3onxpfju7s54whvncinjcywc/app.bsky.feed.post/3mfvc4wh2fc2l,bafyreibvpxiu6m5ihpl5ug2us466bzhbykrjgtxwhg6ksyb76jevukqitu,did:plc:3onxpfju7s54whvncinjcywc,naztronomy.com,,
8edf3ec41a3c49abae8d9a28fae25d6f,2026-02-28T08:00:00Z,2026-02-28T08:18:14Z,auth,auth_enUS_labelerexp,at://did:plc:jcoy7v3a2t4rcfdh6i4kza25/app.bsky.feed.generator/astro,suggested_labelerexp,9,at://did:plc:en5gquqf4vplqxxohlysrwq3/app.bsky.feed.post/3mfv7uycqnk2v,bafyreid5seje6hzkxzc2hts5sejkjvdhazinerjqr3janadrtn7v4shrdi,did:plc:en5gquqf4vplqxxohlysrwq3,yocum137.bsky.social,,
8edf3ec41a3c49abae8d9a28fae25d6f,2026-02-28T08:00:00Z,2026-02-28T08:18:14Z,auth,auth_enUS_labelerexp,at://did:plc:jcoy7v3a2t4rcfdh6i4kza25/app.bsky.feed.generator/astro,suggested_labelerexp,10,at://did:plc:eay5bbvyxip5w543ndsjrard/app.bsky.feed.post/3mfv7ixuyfk2h,bafyreicep6f4zyxv5fnv343gap2c23tj5eyywh7tsxgkd2es6mintzpyzq,did:plc:eay5bbvyxip5w543ndsjrard,profkelsey.bsky.social,,
8edf3ec41a3c49abae8d9a28fae25d6f,2026-02-28T08:00:00Z,2026-02-28T08:18:14Z,auth,auth_enUS_labelerexp,at://did:plc:jcoy7v3a2t4rcfdh6i4kza25/app.bsky.feed.generator/astro,suggested_labelerexp,11,at://did:plc:5pgjs7bkvnk7oaqvkdyct7we/app.bsky.feed.post/3mfv7fjmxw227,bafyreid6tycupvbzhyuwf4b6vruamy7yze33pkqeurkwoentkvr4dow7wu,did:plc:5pgjs7bkvnk7oaqvkdyct7we,astronomisty.bsky.social,,
8edf3ec41a3c49abae8d9a28fae25d6f,2026-02-28T08:00:00Z,2026-02-28T08:18:14Z,auth,auth_enUS_labelerexp,at://did:plc:jcoy7v3a2t4rcfdh6i4kza25/app.bsky.feed.generator/astro,suggested_labelerexp,12,at://did:plc:wxvj2eq7s3jh4pw6vjr55zdi/app.bsky.feed.post/3mfv5txstws26,bafyreihqlmsmzxfzlanxq27goiycqmzb7kmqjai7f3c2ivjr4fnchyx2my,did:plc:wxvj2eq7s3jh4pw6vjr55zdi,clayennisastro.bsky.social,,
8edf3ec41a3c49abae8d9a28fae25d6f,2026-02-28T08:00:00Z,2026-02-28T08:18:14Z,auth,auth_enUS_labelerexp,at://did:plc:jcoy7v3a2t4rcfdh6i4kza25/app.bsky.feed.generator/astro,suggested_labelerexp,13,at://did:plc:3onxpfju7s54whvncinjcywc/app.bsky.feed.post/3mfv53rc7k22p,bafyreidru2uuu44tqdj3ifr5co3ikjof43lc5etjag2qxr5sfw7fguo5ci,did:plc:3onxpfju7s54whvncinjcywc,naztronomy.com,,
8edf3ec41a3c49abae8d9a28fae25d6f,2026-02-28T08:00:00Z,2026-02-28T08:18:14Z,auth,auth_enUS_labelerexp,at://did:plc:jcoy7v3a2t4rcfdh6i4kza25/app.bsky.feed.generator/astro,suggested_labelerexp,14,at://did:plc:rofzwlbexilb7su5ido4crrp/app.bsky.feed.post/3mfv3nf4ydk27,bafyreibc4yzcg5ronahnond3rr44cxi4ojkou5bbbg7uogs6m6spzwov6y,did:plc:rofzwlbexilb7su5ido4crrp,bart22.bsky.social,,
8edf3ec41a3c49abae8d9a28fae25d6f,2026-02-28T08:00:00Z,2026-02-28T08:18:14Z,auth,auth_enUS_labelerexp,at://did:plc:jcoy7v3a2t4rcfdh6i4kza25/app.bsky.feed.generator/astro,suggested_labelerexp,15,at://did:plc:tl6licuadpt5a34zalfaao3p/app.bsky.feed.post/3mfuynauxbs2y,bafyreihriucpmdovhpzthulskspfvcf72ufa4hnvv54lxz5rda4jo3qm64,did:plc:tl6licuadpt5a34zalfaao3p,thisisnotanexit.bsky.social,,
8edf3ec41a3c49abae8d9a28fae25d6f,2026-02-28T08:00:00Z,2026-02-28T08:18:14Z,auth,auth_enUS_labelerexp,at://did:plc:jcoy7v3a2t4rcfdh6i4kza25/app.bsky.feed.generator/astro,suggested_labelerexp,16,at://did:plc:rofzwlbexilb7su5ido4crrp/app.bsky.feed.post/3mfuxqdyfgs2a,bafyreigf2stv6qy46iquidnbqaa4cw7ybh5gngwzwpflyyzlno22dfvcwm,did:plc:rofzwlbexilb7su5ido4crrp,bart22.bsky.social,,
8edf3ec41a3c49abae8d9a28fae25d6f,2026-02-28T08:00:00Z,2026-02-28T08:18:14Z,auth,auth_enUS_labelerexp,at://did:plc:jcoy7v3a2t4rcfdh6i4kza25/app.bsky.feed.generator/astro,suggested_labelerexp,17,at://did:plc:mspg53rhq553n65o5fa7gyrf/app.bsky.feed.post/3mfuwpdjvt22l,bafyreidakbnnngdf32s2vqwo4ebammlbhahb2wewgs3r3qqzydvc6ffmxe,did:plc:mspg53rhq553n65o5fa7gyrf,rami.spaceaustralia.com,,
8edf3ec41a3c49abae8d9a28fae25d6f,2026-02-28T08:00:00Z,2026-02-28T08:18:14Z,auth,auth_enUS_labelerexp,at://did:plc:jcoy7v3a2t4rcfdh6i4kza25/app.bsky.feed.generator/astro,suggested_labelerexp,18,at://did:plc:ckzsugl6w7zydjaxtwbdxaxn/app.bsky.feed.post/3mfuwjwhs3s2b,bafyreigb7o4lay7eyrrc2l7cmx6tyotfzyhz6lrqklxozpbofun6ze57nq,did:plc:ckzsugl6w7zydjaxtwbdxaxn,kevinkhu.bsky.social,,
8edf3ec41a3c49abae8d9a28fae25d6f,2026-02-28T08:00:00Z,2026-02-28T08:18:14Z,auth,auth_enUS_labelerexp,at://did:plc:jcoy7v3a2t4rcfdh6i4kza25/app.bsky.feed.generator/astro,suggested_labelerexp,19,at://did:plc:egpjeq4etdp6pkxqutll5wsd/app.bsky.feed.post/3mfuwagwqmj2u,bafyreiarmtr4tqfvfk7isiveya2zezqrwgvrxvnsrxdmdxpgdhlyc5g6b4,did:plc:egpjeq4etdp6pkxqutll5wsd,setiinstitute.bsky.social,,
8edf3ec41a3c49abae8d9a28fae25d6f,2026-02-28T08:00:00Z,2026-02-28T08:18:14Z,auth,auth_enUS_labelerexp,at://did:plc:jcoy7v3a2t4rcfdh6i4kza25/app.bsky.feed.generator/astro,suggested_labelerexp,20,at://did:plc:yiht2spe2sqm23m3iowdlhgz/app.bsky.feed.post/3mfuvw6ajpc25,bafyreielynksmcyqgxnbbx3i7iwtf2vwv7fkrxzhyaegzjfrf7ejbfm6fu,did:plc:yiht2spe2sqm23m3iowdlhgz,coreyspowell.bsky.social,,
8edf3ec41a3c49abae8d9a28fae25d6f,2026-02-28T08:00:00Z,2026-02-28T08:18:14Z,auth,auth_enUS_labelerexp,at://did:plc:jcoy7v3a2t4rcfdh6i4kza25/app.bsky.feed.generator/astro,suggested_labelerexp,21,at://did:plc:yiht2spe2sqm23m3iowdlhgz/app.bsky.feed.post/3mfuvq4wkjs25,bafyreidgt5woewpotcz4grb5phjrjnodypcryhjsjoqezgh6spc3esa6h4,did:plc:yiht2spe2sqm23m3iowdlhgz,coreyspowell.bsky.social,,
8edf3ec41a3c49abae8d9a28fae25d6f,2026-02-28T08:00:00Z,2026-02-28T08:18:14Z,auth,auth_enUS_labelerexp,at://did:plc:jcoy7v3a2t4rcfdh6i4kza25/app.bsky.feed.generator/astro,suggested_labelerexp,22,at://did:plc:ckzsugl6w7zydjaxtwbdxaxn/app.bsky.feed.post/3mfuvcua2zk2b,bafyreif3vqqkozb227pcjurq3vtsinkyiin3nkg55xri2ipnxvnbat73ni,did:plc:ckzsugl6w7zydjaxtwbdxaxn,kevinkhu.bsky.social,,
8edf3ec41a3c49abae8d9a28fae25d6f,2026-02-28T08:00:00Z,2026-02-28T08:18:14Z,auth,auth_enUS_labelerexp,at://did:plc:jcoy7v3a2t4rcfdh6i4kza25/app.bsky.feed.generator/astro,suggested_labelerexp,23,at://did:plc:q3l3pnciz5vm2h7o5gnkmowm/app.bsky.feed.post/3mfuufmrbws2m,bafyreih6a2n27ehvfyfno5invci7f237hnsyz2hkedghbtfl3kmxdnsgfy,did:plc:q3l3pnciz5vm2h7o5gnkmowm,mdverde.com,,
8edf3ec41a3c49abae8d9a28fae25d6f,2026-02-28T08:00:00Z,2026-02-28T08:18:14Z,auth,auth_enUS_labelerexp,at://did:plc:jcoy7v3a2t4rcfdh6i4kza25/app.bsky.feed.generator/astro,suggested_labelerexp,24,at://did:plc:d3dzhmjk6i4xvcblnmeywtdo/app.bsky.feed.post/3mfutjx5eyc23,bafyreicwsjkmxdivelstjblzipk7ya2ocvigkj4wvaqvszf24ol4yjnke4,did:plc:d3dzhmjk6i4xvcblnmeywtdo,cpl43uk.bsky.social,,
8edf3ec41a3c49abae8d9a28fae25d6f,2026-02-28T08:00:00Z,2026-02-28T08:18:14Z,auth,auth_enUS_labelerexp,at://did:plc:jcoy7v3a2t4rcfdh6i4kza25/app.bsky.feed.generator/astro,suggested_labelerexp,25,at://did:plc:7ode2hs2h43rv5kqnrp6d5c7/app.bsky.feed.post/3mfusd62vpc27,bafyreidcbgduwcd2wbi7kcxhmmc33lchvt4xujrfmbnr5uglxm7dhc2moi,did:plc:7ode2hs2h43rv5kqnrp6d5c7,amidthestarstours.com,,
8edf3ec41a3c49abae8d9a28fae25d6f,2026-02-28T08:00:00Z,2026-02-28T08:18:14Z,auth,auth_enUS_labelerexp,at://did:plc:jcoy7v3a2t4rcfdh6i4kza25/app.bsky.feed.generator/astro,suggested_labelerexp,26,at://did:plc:7ode2hs2h43rv5kqnrp6d5c7/app.bsky.feed.post/3mfusd62srk27,bafyreiax3ocmfoqf3dn2piy42iqxtlhxzivgpgpdhtgpmcdox3nph6u2sq,did:plc:7ode2hs2h43rv5kqnrp6d5c7,amidthestarstours.com,,
8edf3ec41a3c49abae8d9a28fae25d6f,2026-02-28T08:00:00Z,2026-02-28T08:18:14Z,auth,auth_enUS_labelerexp,at://did:plc:jcoy7v3a2t4rcfdh6i4kza25/app.bsky.feed.generator/astro,suggested_labelerexp,27,at://did:plc:7ode2hs2h43rv5kqnrp6d5c7/app.bsky.feed.post/3mfusd23tcc27,bafyreicpeenemmxnwwft2abgbc47bsu7cwa5xqlbh64kwb2dlts6p24py4,did:plc:7ode2hs2h43rv5kqnrp6d5c7,amidthestarstours.com,,
8edf3ec41a3c49abae8d9a28fae25d6f,2026-02-28T08:00:00Z,2026-02-28T08:18:14Z,auth,auth_enUS_labelerexp,at://did:plc:jcoy7v3a2t4rcfdh6i4kza25/app.bsky.feed.generator/astro,suggested_labelerexp,28,at://did:plc:h74llj4xian3vt76wgyf5bcs/app.bsky.feed.post/3mfurcvroa22g,bafyreic4dzms6jluexqs3j2k5rt3ofalzszfb5qjq2igtwhow5uypmujyq,did:plc:h74llj4xian3vt76wgyf5bcs,geoffreyjoe.bsky.social,,
8edf3ec41a3c49abae8d9a28fae25d6f,2026-02-28T08:00:00Z,2026-02-28T08:18:14Z,auth,auth_enUS_labelerexp,at://did:plc:jcoy7v3a2t4rcfdh6i4kza25/app.bsky.feed.generator/astro,suggested_labelerexp,29,at://did:plc:yh5kl53hwy7rhahgcsuyef5a/app.bsky.feed.post/3mfuqbdikts2t,bafyreiaf5hrx33wxl7y34wgceyhdluu7mck4lxmvlaffeqcp5uc2f3bf34,did:plc:yh5kl53hwy7rhahgcsuyef5a,davidbflower.bsky.social,,
8edf3ec41a3c49abae8d9a28fae25d6f,2026-02-28T08:00:00Z,2026-02-28T08:18:14Z,auth,auth_enUS_labelerexp,at://did:plc:jcoy7v3a2t4rcfdh6i4kza25/app.bsky.feed.generator/astro,suggested_labelerexp,30,at://did:plc:xugrccgcsobrhtzvsmb3muyv/app.bsky.feed.post/3mfupmycu7c2a,bafyreib27vxgvjtocyfl6vhoeablakqd53nvolfpnmoineerru7kc37hra,did:plc:xugrccgcsobrhtzvsmb3muyv,palomarskies.bsky.social,,
8edf3ec41a3c49abae8d9a28fae25d6f,2026-02-28T08:00:00Z,2026-02-28T08:18:14Z,auth,auth_enUS_labelerexp,at://did:plc:jcoy7v3a2t4rcfdh6i4kza25/app.bsky.feed.generator/astro,suggested_labelerexp,31,at://did:plc:auvzser6wejgefrfqxndwgwo/app.bsky.feed.post/3mfunlc3gns2n,bafyreifnfd7qxkltqx5evxzwphljcmeyezryke43wvd4cyfo6wy2n6zxcm,did:plc:auvzser6wejgefrfqxndwgwo,thebignic.bsky.social,,
8edf3ec41a3c49abae8d9a28fae25d6f,2026-02-28T08:00:00Z,2026-02-28T08:18:14Z,auth,auth_enUS_labelerexp,at://did:plc:jcoy7v3a2t4rcfdh6i4kza25/app.bsky.feed.generator/astro,suggested_labelerexp,32,at://did:plc:yh5kl53hwy7rhahgcsuyef5a/app.bsky.feed.post/3mfun4vidc22s,bafyreigsntadzvbyvznhl256jzdqybs4sovso74eqy3ebdj7n6ckmdrilq,did:plc:yh5kl53hwy7rhahgcsuyef5a,davidbflower.bsky.social,,
8edf3ec41a3c49abae8d9a28fae25d6f,2026-02-28T08:00:00Z,2026-02-28T08:18:14Z,auth,auth_enUS_labelerexp,at://did:plc:jcoy7v3a2t4rcfdh6i4kza25/app.bsky.feed.generator/astro,suggested_labelerexp,33,at://did:plc:pgpzd76ccimgtf2wwoaqxn46/app.bsky.feed.post/3mfumz5vs322u,bafyreiet45yi4ka7m3xwwin5zmacyb7ifba66daxr3zwbpwzan2hhqj2ye,did:plc:pgpzd76ccimgtf2wwoaqxn46,sjbastro.bsky.social,,
8edf3ec41a3c49abae8d9a28fae25d6f,2026-02-28T08:00:00Z,2026-02-28T08:18:14Z,auth,auth_enUS_labelerexp,at://did:plc:jcoy7v3a2t4rcfdh6i4kza25/app.bsky.feed.generator/astro,suggested_labelerexp,34,at://did:plc:yh5kl53hwy7rhahgcsuyef5a/app.bsky.feed.post/3mfumyzztbk2s,bafyreicsgwzbkrrunf7q37tidfvxv6slrwk77ete7rja2dz3ciyyjhic4m,did:plc:yh5kl53hwy7rhahgcsuyef5a,davidbflower.bsky.social,,
8edf3ec41a3c49abae8d9a28fae25d6f,2026-02-28T08:00:00Z,2026-02-28T08:18:14Z,auth,auth_enUS_labelerexp,at://did:plc:jcoy7v3a2t4rcfdh6i4kza25/app.bsky.feed.generator/astro,suggested_labelerexp,35,at://did:plc:uoqgkywdxyzj6x7m6itwo5q3/app.bsky.feed.post/3mfumwvwv6422,bafyreignv6bnbd6do2qlgifk3oupoehiwqq4dj7zrz3kezdovbb4dhvkly,did:plc:uoqgkywdxyzj6x7m6itwo5q3,merrdiff.bsky.social,,
8edf3ec41a3c49abae8d9a28fae25d6f,2026-02-28T08:00:00Z,2026-02-28T08:18:14Z,auth,auth_enUS_labelerexp,at://did:plc:jcoy7v3a2t4rcfdh6i4kza25/app.bsky.feed.generator/astro,suggested_labelerexp,36,at://did:plc:m3zkkgu2zrnpxuwt3tnyfl5l/app.bsky.feed.post/3mfulrnoiqc26,bafyreibtawukayhyjsnktva63vi7lxywqamrxabumoho4wrj7sf4fzvzsm,did:plc:m3zkkgu2zrnpxuwt3tnyfl5l,cheribliss.bsky.social,,
8edf3ec41a3c49abae8d9a28fae25d6f,2026-02-28T08:00:00Z,2026-02-28T08:18:14Z,auth,auth_enUS_labelerexp,at://did:plc:jcoy7v3a2t4rcfdh6i4kza25/app.bsky.feed.generator/astro,suggested_labelerexp,37,at://did:plc:mefv4ezxgpem6xzutccm5zu3/app.bsky.feed.post/3mfukyrfwsk26,bafyreid5luh2ny6xxiap3matumjv646mgvplzcfmnl4rd7pakqbiwfwpym,did:plc:mefv4ezxgpem6xzutccm5zu3,jimcase.bsky.social,,
8edf3ec41a3c49abae8d9a28fae25d6f,2026-02-28T08:00:00Z,2026-02-28T08:18:14Z,auth,auth_enUS_labelerexp,at://did:plc:jcoy7v3a2t4rcfdh6i4kza25/app.bsky.feed.generator/astro,suggested_labelerexp,38,at://did:plc:wv5ommxy4hw3f5u3i66mndnm/app.bsky.feed.post/3mfukwqpd222y,bafyreiaoanr4chqp6sn3x4nlkedfy6ckqpjib4gw6ywmjzw3whfgu23tu4,did:plc:wv5ommxy4hw3f5u3i66mndnm,thenrao.bsky.social,,
8edf3ec41a3c49abae8d9a28fae25d6f,2026-02-28T08:00:00Z,2026-02-28T08:18:14Z,auth,auth_enUS_labelerexp,at://did:plc:jcoy7v3a2t4rcfdh6i4kza25/app.bsky.feed.generator/astro,suggested_labelerexp,39,at://did:plc:sxsb57gacatcpmzcy3wjfr5l/app.bsky.feed.post/3mfukfz7bjk2f,bafyreic7ot6uddtb6zc43smfeoyqy7hrm5fge7wnp7ibecvsvcmuzg7jzm,did:plc:sxsb57gacatcpmzcy3wjfr5l,manuelhuss.bsky.social,,
8edf3ec41a3c49abae8d9a28fae25d6f,2026-02-28T08:00:00Z,2026-02-28T08:18:14Z,auth,auth_enUS_labelerexp,at://did:plc:jcoy7v3a2t4rcfdh6i4kza25/app.bsky.feed.generator/astro,suggested_labelerexp,40,at://did:plc:ennzd6hkofwk5plhapacj2hg/app.bsky.feed.post/3mfujk5ru2c2s,bafyreib2mpdjmwvcda2or3u4bbtizv5j2mgsbyta2fapln2pd66h5nji3q,did:plc:ennzd6hkofwk5plhapacj2hg,hbhammel.bsky.social,,
8edf3ec41a3c49abae8d9a28fae25d6f,2026-02-28T08:00:00Z,2026-02-28T08:18:14Z,auth,auth_enUS_labelerexp,at://did:plc:jcoy7v3a2t4rcfdh6i4kza25/app.bsky.feed.generator/astro,suggested_labelerexp,41,at://did:plc:egpjeq4etdp6pkxqutll5wsd/app.bsky.feed.post/3mfuisglpqu23,bafyreieh6h47ztf57b7b7mtdd3wi5wgd7vv6kwdeswappr2p2efdaqqf3e,did:plc:egpjeq4etdp6pkxqutll5wsd,setiinstitute.bsky.social,,
8edf3ec41a3c49abae8d9a28fae25d6f,2026-02-28T08:00:00Z,2026-02-28T08:18:14Z,auth,auth_enUS_labelerexp,at://did:plc:jcoy7v3a2t4rcfdh6i4kza25/app.bsky.feed.generator/astro,suggested_labelerexp,42,at://did:plc:oqamkk3l7cgdaheuclat2gyf/app.bsky.feed.post/3mfugy3gt3s2h,bafyreihtrctjvekhn653wx5gwmksxiwup2uladp5iv74gwfzetxrfxicee,did:plc:oqamkk3l7cgdaheuclat2gyf,andrealuck.bsky.social,,
8edf3ec41a3c49abae8d9a28fae25d6f,2026-02-28T08:00:00Z,2026-02-28T08:18:14Z,auth,auth_enUS_labelerexp,at://did:plc:jcoy7v3a2t4rcfdh6i4kza25/app.bsky.feed.generator/astro,suggested_labelerexp,43,at://did:plc:4ldqfqfi5klpgvkumynikqhv/app.bsky.feed.post/3mfugmyml5s27,bafyreiclm5t2xtl4j6fstbrda3kqpgemj5hx3yfzzijcpopkupzbjirjxe,did:plc:4ldqfqfi5klpgvkumynikqhv,monel76.bsky.social,,
8edf3ec41a3c49abae8d9a28fae25d6f,2026-02-28T08:00:00Z,2026-02-28T08:18:14Z,auth,auth_enUS_labelerexp,at://did:plc:jcoy7v3a2t4rcfdh6i4kza25/app.bsky.feed.generator/astro,suggested_labelerexp,44,at://did:plc:5xsbsgyyo3mlomihkomm4zl3/app.bsky.feed.post/3mfuglam6pk2b,bafyreihzdfrxu3xkitfrq3uykleyw6w6uvenhmiwl2z5g4uiayxpqaya3m,did:plc:5xsbsgyyo3mlomihkomm4zl3,astrolisa.bsky.social,,
8edf3ec41a3c49abae8d9a28fae25d6f,2026-02-28T08:00:00Z,2026-02-28T08:18:14Z,auth,auth_enUS_labelerexp,at://did:plc:jcoy7v3a2t4rcfdh6i4kza25/app.bsky.feed.generator/astro,suggested_labelerexp,45,at://did:plc:s47snnm74o7i5pmpkljfbjon/app.bsky.feed.post/3mfug7wlbw22m,bafyreibbod234qtd27hpvqorkyldp4esdhtftgqorrne6n6zthogvjw7wm,did:plc:s47snnm74o7i5pmpkljfbjon,colinstuartspace.bsky.social,,
8edf3ec41a3c49abae8d9a28fae25d6f,2026-02-28T08:00:00Z,2026-02-28T08:18:14Z,auth,auth_enUS_labelerexp,at://did:plc:jcoy7v3a2t4rcfdh6i4kza25/app.bsky.feed.generator/astro,suggested_labelerexp,46,at://did:plc:ypf46tvmlk77b2x4coe3ceir/app.bsky.feed.post/3mfufpdpfox2s,bafyreifr3cn2acj2qmd36a7oausapkb4qipmtilttwnycaz2kdtsy43ihq,did:plc:ypf46tvmlk77b2x4coe3ceir,usngo.bsky.social,,
8edf3ec41a3c49abae8d9a28fae25d6f,2026-02-28T08:00:00Z,2026-02-28T08:18:14Z,auth,auth_enUS_labelerexp,at://did:plc:jcoy7v3a2t4rcfdh6i4kza25/app.bsky.feed.generator/astro,suggested_labelerexp,47,at://did:plc:h4iukmrqttvbzrl7foeodyjq/app.bsky.feed.post/3mfufod6c6k2m,bafyreiaugx2bdnatzckxx4rhxepncoaal77nnagwzqy2722fnev34yodym,did:plc:h4iukmrqttvbzrl7foeodyjq,cosmicds.bsky.social,,
8edf3ec41a3c49abae8d9a28fae25d6f,2026-02-28T08:00:00Z,2026-02-28T08:18:14Z,auth,auth_enUS_labelerexp,at://did:plc:jcoy7v3a2t4rcfdh6i4kza25/app.bsky.feed.generator/astro,suggested_labelerexp,48,at://did:plc:yh5kl53hwy7rhahgcsuyef5a/app.bsky.feed.post/3mfufanhghc2b,bafyreifxttkyc2forwdq7obrpo5uqrk2dtnvehh6gxjqgnrbuvnorh53o4,did:plc:yh5kl53hwy7rhahgcsuyef5a,davidbflower.bsky.social,,
8edf3ec41a3c49abae8d9a28fae25d6f,2026-02-28T08:00:00Z,2026-02-28T08:18:14Z,auth,auth_enUS_labelerexp,at://did:plc:jcoy7v3a2t4rcfdh6i4kza25/app.bsky.feed.generator/astro,suggested_labelerexp,49,at://did:plc:uogsmtxne5xsgd237hzq3uo5/app.bsky.feed.post/3mfuf4ofcak2s,bafyreif34q6absds7vxat6e7v4quqocgcrnxonzgmsf2ngxwf5tkydcctu,did:plc:uogsmtxne5xsgd237hzq3uo5,comethunter.de,,
8edf3ec41a3c49abae8d9a28fae25d6f,2026-02-28T08:00:00Z,2026-02-28T08:18:14Z,auth,auth_enUS_labelerexp,at://did:plc:jcoy7v3a2t4rcfdh6i4kza25/app.bsky.feed.generator/astro,suggested_labelerexp,50,at://did:plc:3le7dvxqc2rhvyswiida2cgf/app.bsky.feed.post/3mfue5jov5k2j,bafyreiczb2eycf2jw7dio25j6ljvuv73qccfmmai4jkn4jlr5raqblvzba,did:plc:3le7dvxqc2rhvyswiida2cgf,chanda.blacksky.app,,
8edf3ec41a3c49abae8d9a28fae25d6f,2026-02-28T08:00:00Z,2026-02-28T08:18:15Z,auth,auth_enUS_labelerexp,at://did:plc:lcytlkvzs3wslcgbk7i3ygak/app.bsky.feed.generator/aaaezvwrdjuoy,suggested_labelerexp,1,at://did:plc:fbgpampfgokgfp3hmk7nf3lq/app.bsky.feed.post/3mftug23nu22b,bafyreidqjqlxrgwrwpyo53bwxqfritidtlfdlq4rgldmuayzsafrufjdku,did:plc:fbgpampfgokgfp3hmk7nf3lq,magikbeanshop.bsky.social,,
8edf3ec41a3c49abae8d9a28fae25d6f,2026-02-28T08:00:00Z,2026-02-28T08:18:15Z,auth,auth_enUS_labelerexp,at://did:plc:lcytlkvzs3wslcgbk7i3ygak/app.bsky.feed.generator/aaaezvwrdjuoy,suggested_labelerexp,2,at://did:plc:m725qtnfq7kllhbttj76fsuy/app.bsky.feed.post/3mfuxhbiycs2r,bafyreia3w2qeq4qqn6lfpp64qyfepurfwjnnno32ngktb6gt7h3ychkejy,did:plc:m725qtnfq7kllhbttj76fsuy,thegregoryblair.bsky.social,,
8edf3ec41a3c49abae8d9a28fae25d6f,2026-02-28T08:00:00Z,2026-02-28T08:18:15Z,auth,auth_enUS_labelerexp,at://did:plc:lcytlkvzs3wslcgbk7i3ygak/app.bsky.feed.generator/aaaezvwrdjuoy,suggested_labelerexp,3,at://did:plc:jkorunv3mxtkhuogme647kmy/app.bsky.feed.post/3mfupqngiz22z,bafyreibyxzpw37p74frckxjiudogp6hfe3ru3b4ujabkkmbm4yngkrgwle,did:plc:jkorunv3mxtkhuogme647kmy,kampferwolf.bsky.social,,
8edf3ec41a3c49abae8d9a28fae25d6f,2026-02-28T08:00:00Z,2026-02-28T08:18:15Z,auth,auth_enUS_labelerexp,at://did:plc:lcytlkvzs3wslcgbk7i3ygak/app.bsky.feed.generator/aaaezvwrdjuoy,suggested_labelerexp,4,at://did:plc:pwi4fynrowhdjrmexmk5c36k/app.bsky.feed.post/3mfvenw3zuc2f,bafyreihycq2w4zjzossjiasbcutnnyegnb5sw2f2axebkzzxjzj3u7yx7a,did:plc:pwi4fynrowhdjrmexmk5c36k,roarkfineart.bsky.social,,
8edf3ec41a3c49abae8d9a28fae25d6f,2026-02-28T08:00:00Z,2026-02-28T08:18:15Z,auth,auth_enUS_labelerexp,at://did:plc:lcytlkvzs3wslcgbk7i3ygak/app.bsky.feed.generator/aaaezvwrdjuoy,suggested_labelerexp,5,at://did:plc:l5y27a7exge5hb4c2iefetyy/app.bsky.feed.post/3mfv2f2xqfs2y,bafyreiadv6bi2ppjmfdbytzxkwdjsrver3grk5pgueblhlzbmfpj5d6xgq,did:plc:l5y27a7exge5hb4c2iefetyy,morbid-goat.bsky.social,,
8edf3ec41a3c49abae8d9a28fae25d6f,2026-02-28T08:00:00Z,2026-02-28T08:18:15Z,auth,auth_enUS_labelerexp,at://did:plc:lcytlkvzs3wslcgbk7i3ygak/app.bsky.feed.generator/aaaezvwrdjuoy,suggested_labelerexp,6,at://did:plc:yihy2rcoxx3e7jhlqlpksubl/app.bsky.feed.post/3mfud7jcfp22k,bafyreigd6f54dxvhynezrbp36esnuljg2bbrqbuywh334g2y4x7xh4myyy,did:plc:yihy2rcoxx3e7jhlqlpksubl,1strangeland.bsky.social,,
8edf3ec41a3c49abae8d9a28fae25d6f,2026-02-28T08:00:00Z,2026-02-28T08:18:15Z,auth,auth_enUS_labelerexp,at://did:plc:lcytlkvzs3wslcgbk7i3ygak/app.bsky.feed.generator/aaaezvwrdjuoy,suggested_labelerexp,7,at://did:plc:pgs2taru7s73eknqtgrqbyty/app.bsky.feed.post/3mfuqtuwsds2s,bafyreidmsfcpt747rcpxatbked6anriev4e66etslkh4vymmldaphpbt4q,did:plc:pgs2taru7s73eknqtgrqbyty,genghis.bsky.social,,
8edf3ec41a3c49abae8d9a28fae25d6f,2026-02-28T08:00:00Z,2026-02-28T08:18:15Z,auth,auth_enUS_labelerexp,at://did:plc:lcytlkvzs3wslcgbk7i3ygak/app.bsky.feed.generator/aaaezvwrdjuoy,suggested_labelerexp,8,at://did:plc:mmgti3aluvnszzhgu3vmy6cd/app.bsky.feed.post/3mfuronczvc25,bafyreibd5eubzpolzla7xsehf4gw5j4pc3ciheph5epfl7pdyybzdylike,did:plc:mmgti3aluvnszzhgu3vmy6cd,voidbus-slimeboi.bsky.social,,
8edf3ec41a3c49abae8d9a28fae25d6f,2026-02-28T08:00:00Z,2026-02-28T08:18:15Z,auth,auth_enUS_labelerexp,at://did:plc:lcytlkvzs3wslcgbk7i3ygak/app.bsky.feed.generator/aaaezvwrdjuoy,suggested_labelerexp,9,at://did:plc:6u6j6swz667ksxiej233kxzm/app.bsky.feed.post/3mfv327s4rc2i,bafyreiddpneqm6gpmvunnvg3zlwxiyvvesp3sslof2xellzpy75ahb2rtq,did:plc:6u6j6swz667ksxiej233kxzm,technicallypvp.bsky.social,,
8edf3ec41a3c49abae8d9a28fae25d6f,2026-02-28T08:00:00Z,2026-02-28T08:18:15Z,auth,auth_enUS_labelerexp,at://did:plc:lcytlkvzs3wslcgbk7i3ygak/app.bsky.feed.generator/aaaezvwrdjuoy,suggested_labelerexp,10,at://did:plc:mmgti3aluvnszzhgu3vmy6cd/app.bsky.feed.post/3mfurrn6bb225,bafyreifd7446or523gi5ymxf7ns4ntdy6yz5nsh45qy3ahy7rsehmzsfzi,did:plc:mmgti3aluvnszzhgu3vmy6cd,voidbus-slimeboi.bsky.social,,
8edf3ec41a3c49abae8d9a28fae25d6f,2026-02-28T08:00:00Z,2026-02-28T08:18:15Z,auth,auth_enUS_labelerexp,at://did:plc:lcytlkvzs3wslcgbk7i3ygak/app.bsky.feed.generator/aaaezvwrdjuoy,suggested_labelerexp,11,at://did:plc:mmgti3aluvnszzhgu3vmy6cd/app.bsky.feed.post/3mfurmshjgk25,bafyreiajja4tpshcienctgxebwgc4zdajvbxi3juxxqzb2jyn3livepvey,did:plc:mmgti3aluvnszzhgu3vmy6cd,voidbus-slimeboi.bsky.social,,
8edf3ec41a3c49abae8d9a28fae25d6f,2026-02-28T08:00:00Z,2026-02-28T08:18:15Z,auth,auth_enUS_labelerexp,at://did:plc:lcytlkvzs3wslcgbk7i3ygak/app.bsky.feed.generator/aaaezvwrdjuoy,suggested_labelerexp,12,at://did:plc:mjv5izi3iesgfsyjlexr5phy/app.bsky.feed.post/3mfvfji76g222,bafyreiavzdegragzxj6akpbib52tqqsgl64yay6a2jomgdc2kmaion4fpe,did:plc:mjv5izi3iesgfsyjlexr5phy,mobilesignalguru.bsky.social,,
8edf3ec41a3c49abae8d9a28fae25d6f,2026-02-28T08:00:00Z,2026-02-28T08:18:15Z,auth,auth_enUS_labelerexp,at://did:plc:lcytlkvzs3wslcgbk7i3ygak/app.bsky.feed.generator/aaaezvwrdjuoy,suggested_labelerexp,13,at://did:plc:5zrdrzpxlpvjejqmin5jcsji/app.bsky.feed.post/3mfv5gbadh22j,bafyreiawvetxdamgm3io4nqcc6i37zxbvcbteqicydgafdl5wabz3nyvhy,did:plc:5zrdrzpxlpvjejqmin5jcsji,dp-in-the-sky.bsky.social,,
8edf3ec41a3c49abae8d9a28fae25d6f,2026-02-28T08:00:00Z,2026-02-28T08:18:15Z,auth,auth_enUS_labelerexp,at://did:plc:lcytlkvzs3wslcgbk7i3ygak/app.bsky.feed.generator/aaaezvwrdjuoy,suggested_labelerexp,14,at://did:plc:pwi4fynrowhdjrmexmk5c36k/app.bsky.feed.post/3mfvd6riao22j,bafyreidprjxnmrfyupz6d2tkkcq7lzojf6ub7zkqiahj2vrktrmduayqei,did:plc:pwi4fynrowhdjrmexmk5c36k,roarkfineart.bsky.social,,
8edf3ec41a3c49abae8d9a28fae25d6f,2026-02-28T08:00:00Z,2026-02-28T08:18:15Z,auth,auth_enUS_labelerexp,at://did:plc:lcytlkvzs3wslcgbk7i3ygak/app.bsky.feed.generator/aaaezvwrdjuoy,suggested_labelerexp,15,at://did:plc:opv2cmqofn6hkpcasgb4kbfk/app.bsky.feed.post/3mfuf3bmphs2a,bafyreih52khfouar2keonzc6cst5l3try3og7pydzbae5ry7nptnqznhia,did:plc:opv2cmqofn6hkpcasgb4kbfk,dfedmpls.bsky.social,,
8edf3ec41a3c49abae8d9a28fae25d6f,2026-02-28T08:00:00Z,2026-02-28T08:18:15Z,auth,auth_enUS_labelerexp,at://did:plc:lcytlkvzs3wslcgbk7i3ygak/app.bsky.feed.generator/aaaezvwrdjuoy,suggested_labelerexp,16,at://did:plc:mmgti3aluvnszzhgu3vmy6cd/app.bsky.feed.post/3mfurnyilps25,bafyreibilv6pulgcj4axlw2px6licmrfyf2nmbzpjwa53qvuc3s7swa4vq,did:plc:mmgti3aluvnszzhgu3vmy6cd,voidbus-slimeboi.bsky.social,,
8edf3ec41a3c49abae8d9a28fae25d6f,2026-02-28T08:00:00Z,2026-02-28T08:18:15Z,auth,auth_enUS_labelerexp,at://did:plc:lcytlkvzs3wslcgbk7i3ygak/app.bsky.feed.generator/aaaezvwrdjuoy,suggested_labelerexp,17,at://did:plc:mmgti3aluvnszzhgu3vmy6cd/app.bsky.feed.post/3mfurpmae3s25,bafyreiec4iouz4b474m66bx4k4twlyrfgmckxmujssdkmbpjq375forha4,did:plc:mmgti3aluvnszzhgu3vmy6cd,voidbus-slimeboi.bsky.social,,
8edf3ec41a3c49abae8d9a28fae25d6f,2026-02-28T08:00:00Z,2026-02-28T08:18:15Z,auth,auth_enUS_labelerexp,at://did:plc:lcytlkvzs3wslcgbk7i3ygak/app.bsky.feed.generator/aaaezvwrdjuoy,suggested_labelerexp,18,at://did:plc:ahi2fumtsgrgg4oczkgkttxm/app.bsky.feed.post/3mfua3kwjuc25,bafyreigahwfpizv7ixb63ngfd2uscmcbr56ksgj26tzysskzsdpqg377ha,did:plc:ahi2fumtsgrgg4oczkgkttxm,zawehzaweh.bsky.social,,
8edf3ec41a3c49abae8d9a28fae25d6f,2026-02-28T08:00:00Z,2026-02-28T08:18:15Z,auth,auth_enUS_labelerexp,at://did:plc:lcytlkvzs3wslcgbk7i3ygak/app.bsky.feed.generator/aaaezvwrdjuoy,suggested_labelerexp,19,at://did:plc:qwvpsun5ndjnotiardaugsnc/app.bsky.feed.post/3mftkqa6wsc2y,bafyreib7lwzn326okzmyxp6a2xcywz36uumfcmbtcb63555d5bwi46c6oi,did:plc:qwvpsun5ndjnotiardaugsnc,flyingleviathan.bsky.social,,
8edf3ec41a3c49abae8d9a28fae25d6f,2026-02-28T08:00:00Z,2026-02-28T08:18:15Z,auth,auth_enUS_labelerexp,at://did:plc:lcytlkvzs3wslcgbk7i3ygak/app.bsky.feed.generator/aaaezvwrdjuoy,suggested_labelerexp,20,at://did:plc:e3bqpkhavej6fowynfyqhdf7/app.bsky.feed.post/3mfu2os6lf22o,bafyreig4n6j3pgkdp4lyfnqrnbwczfloodrndrxvia5g2nzg7nnrbafc4e,did:plc:e3bqpkhavej6fowynfyqhdf7,jaavftv.bsky.social,,
8edf3ec41a3c49abae8d9a28fae25d6f,2026-02-28T08:00:00Z,2026-02-28T08:18:15Z,auth,auth_enUS_labelerexp,at://did:plc:lcytlkvzs3wslcgbk7i3ygak/app.bsky.feed.generator/aaaezvwrdjuoy,suggested_labelerexp,21,at://did:plc:mmgti3aluvnszzhgu3vmy6cd/app.bsky.feed.post/3mfvht272m22a,bafyreieykf3tspzhpn7dltucjbuazzzgdvuw4vrfwstft2yeaonluawywa,did:plc:mmgti3aluvnszzhgu3vmy6cd,voidbus-slimeboi.bsky.social,,
8edf3ec41a3c49abae8d9a28fae25d6f,2026-02-28T08:00:00Z,2026-02-28T08:18:15Z,auth,auth_enUS_labelerexp,at://did:plc:lcytlkvzs3wslcgbk7i3ygak/app.bsky.feed.generator/aaaezvwrdjuoy,suggested_labelerexp,22,at://did:plc:mmgti3aluvnszzhgu3vmy6cd/app.bsky.feed.post/3mfus6rfuis2b,bafyreihcag3c5hgbbgjuvfdhvpfkiafuzrmkdjiv7br32znhqdbv67jaye,did:plc:mmgti3aluvnszzhgu3vmy6cd,voidbus-slimeboi.bsky.social,,
8edf3ec41a3c49abae8d9a28fae25d6f,2026-02-28T08:00:00Z,2026-02-28T08:18:15Z,auth,auth_enUS_labelerexp,at://did:plc:lcytlkvzs3wslcgbk7i3ygak/app.bsky.feed.generator/aaaezvwrdjuoy,suggested_labelerexp,23,at://did:plc:rsowp7cv32s6g7tpfhrhkavt/app.bsky.feed.post/3mfvowqbymc2b,bafyreiaiabs6gvd4itn5pmnqvbre6v7zrrn52ro7bxldmov6odsubwsgcy,did:plc:rsowp7cv32s6g7tpfhrhkavt,vibetime4.bsky.social,,
8edf3ec41a3c49abae8d9a28fae25d6f,2026-02-28T08:00:00Z,2026-02-28T08:18:15Z,auth,auth_enUS_labelerexp,at://did:plc:lcytlkvzs3wslcgbk7i3ygak/app.bsky.feed.generator/aaaezvwrdjuoy,suggested_labelerexp,24,at://did:plc:zbxikw7cds6nt4ku2mai36y5/app.bsky.feed.post/3mfvivpjmpc2g,bafyreib7y6vke3wx223wxaw237bl6qpfxuxamlrl7gqozkgvqrxms37ahe,did:plc:zbxikw7cds6nt4ku2mai36y5,halcyon.frompinkpony.club,,
8edf3ec41a3c49abae8d9a28fae25d6f,2026-02-28T08:00:00Z,2026-02-28T08:18:15Z,auth,auth_enUS_labelerexp,at://did:plc:lcytlkvzs3wslcgbk7i3ygak/app.bsky.feed.generator/aaaezvwrdjuoy,suggested_labelerexp,25,at://did:plc:ujwf7ajgbjw7umqlylurp55u/app.bsky.feed.post/3mftxvpndac2t,bafyreick34gsvjjsyrxpdjik4g6dr3nk5ct53r44iephp6kqpha6fxh4x4,did:plc:ujwf7ajgbjw7umqlylurp55u,gobdad.bsky.social,,
8edf3ec41a3c49abae8d9a28fae25d6f,2026-02-28T08:00:00Z,2026-02-28T08:18:15Z,auth,auth_enUS_labelerexp,at://did:plc:lcytlkvzs3wslcgbk7i3ygak/app.bsky.feed.generator/aaaezvwrdjuoy,suggested_labelerexp,26,at://did:plc:cvljonh42ajzpthp625jddol/app.bsky.feed.post/3mfuqmqvxd225,bafyreiedgsmmft3j6rlw3ppv2nr2p3ko4ozsio77ez56voj4bilp73iuoe,did:plc:cvljonh42ajzpthp625jddol,fictionaddict.bsky.social,,
8edf3ec41a3c49abae8d9a28fae25d6f,2026-02-28T08:00:00Z,2026-02-28T08:18:15Z,auth,auth_enUS_labelerexp,at://did:plc:lcytlkvzs3wslcgbk7i3ygak/app.bsky.feed.generator/aaaezvwrdjuoy,suggested_labelerexp,27,at://did:plc:2bvxz7qsbzi5d6ztgovci5um/app.bsky.feed.post/3mfuakf2gtk2o,bafyreihnmmnxb635cgepg3ktfis7ylbhoz2un3rztnptysjome4dxyuqd4,did:plc:2bvxz7qsbzi5d6ztgovci5um,wtfbear.bsky.social,,
8edf3ec41a3c49abae8d9a28fae25d6f,2026-02-28T08:00:00Z,2026-02-28T08:18:15Z,auth,auth_enUS_labelerexp,at://did:plc:lcytlkvzs3wslcgbk7i3ygak/app.bsky.feed.generator/aaaezvwrdjuoy,suggested_labelerexp,28,at://did:plc:isbg2v5wtp36ry7zg6rz7v2f/app.bsky.feed.post/3mfuunmobs22f,bafyreihgypq6lwlh4tgh5vvlmitr7a42bha6o662ja7unrjs5xmich74o4,did:plc:isbg2v5wtp36ry7zg6rz7v2f,tamikathompson.bsky.social,,
8edf3ec41a3c49abae8d9a28fae25d6f,2026-02-28T08:00:00Z,2026-02-28T08:18:15Z,auth,auth_enUS_labelerexp,at://did:plc:lcytlkvzs3wslcgbk7i3ygak/app.bsky.feed.generator/aaaezvwrdjuoy,suggested_labelerexp,29,at://did:plc:mmgti3aluvnszzhgu3vmy6cd/app.bsky.feed.post/3mfunm2ssus2s,bafyreialuvffy3folo7zk7adkw3xfg3lxtfm7zvxs6niscvt7o4ddnz5we,did:plc:mmgti3aluvnszzhgu3vmy6cd,voidbus-slimeboi.bsky.social,,
8edf3ec41a3c49abae8d9a28fae25d6f,2026-02-28T08:00:00Z,2026-02-28T08:18:15Z,auth,auth_enUS_labelerexp,at://did:plc:lcytlkvzs3wslcgbk7i3ygak/app.bsky.feed.generator/aaaezvwrdjuoy,suggested_labelerexp,30,at://did:plc:25vdlm3e334isjw3mdeqnhuv/app.bsky.feed.post/3mftvtz3ok22b,bafyreicstfdbpqxrufriy2pml5venxfkjchenxzbs2rawfbz444mnwltr4,did:plc:25vdlm3e334isjw3mdeqnhuv,blackice397.bsky.social,,
8edf3ec41a3c49abae8d9a28fae25d6f,2026-02-28T08:00:00Z,2026-02-28T08:18:15Z,auth,auth_enUS_labelerexp,at://did:plc:lcytlkvzs3wslcgbk7i3ygak/app.bsky.feed.generator/aaaezvwrdjuoy,suggested_labelerexp,31,at://did:plc:udyonhpicpvc5k6gxlaoc7ch/app.bsky.feed.post/3mftsq576qk2h,bafyreibfpsq7zbbblex2r3wortgjm7j2tts7j675zkqvfzzdfgjjltmvna,did:plc:udyonhpicpvc5k6gxlaoc7ch,timothybachstuff.bsky.social,,
8edf3ec41a3c49abae8d9a28fae25d6f,2026-02-28T08:00:00Z,2026-02-28T08:18:15Z,auth,auth_enUS_labelerexp,at://did:plc:lcytlkvzs3wslcgbk7i3ygak/app.bsky.feed.generator/aaaezvwrdjuoy,suggested_labelerexp,32,at://did:plc:yihy2rcoxx3e7jhlqlpksubl/app.bsky.feed.post/3mfvlbllyec2g,bafyreiabq7ovtepyxepqolp4mvk3b3odcd3wjhqvbhz4ffzy5eigzxtguq,did:plc:yihy2rcoxx3e7jhlqlpksubl,1strangeland.bsky.social,,
8edf3ec41a3c49abae8d9a28fae25d6f,2026-02-28T08:00:00Z,2026-02-28T08:18:15Z,auth,auth_enUS_labelerexp,at://did:plc:lcytlkvzs3wslcgbk7i3ygak/app.bsky.feed.generator/aaaezvwrdjuoy,suggested_labelerexp,33,at://did:plc:lcytlkvzs3wslcgbk7i3ygak/app.bsky.feed.post/3lxpqdxecgs2v,bafyreicrisg6qwxyxo3cdvv4xbigvets5a2fkrmiagq5vbggf2rp5jgjri,did:plc:lcytlkvzs3wslcgbk7i3ygak,sweetbee.vip,,
8edf3ec41a3c49abae8d9a28fae25d6f,2026-02-28T08:00:00Z,2026-02-28T08:18:15Z,auth,auth_enUS_labelerexp,at://did:plc:lcytlkvzs3wslcgbk7i3ygak/app.bsky.feed.generator/aaaezvwrdjuoy,suggested_labelerexp,34,at://did:plc:sn5ouio7y2yqpvktoz5idirc/app.bsky.feed.post/3mftppt325s2e,bafyreib66qh7tclwkahmktpor52xtizae47wney7bibxof4uxc6tvsgsxq,did:plc:sn5ouio7y2yqpvktoz5idirc,creativecadre.bsky.social,,
8edf3ec41a3c49abae8d9a28fae25d6f,2026-02-28T08:00:00Z,2026-02-28T08:18:15Z,auth,auth_enUS_labelerexp,at://did:plc:lcytlkvzs3wslcgbk7i3ygak/app.bsky.feed.generator/aaaezvwrdjuoy,suggested_labelerexp,35,at://did:plc:p5hvqihk2mvuap3hlplva34d/app.bsky.feed.post/3mfuujzi4r224,bafyreia5qxla2hwplvllkaj2z66vidwu6rffbniqiz55z4ulunlvmbxnwu,did:plc:p5hvqihk2mvuap3hlplva34d,laurabeltran2001.bsky.social,,
8edf3ec41a3c49abae8d9a28fae25d6f,2026-02-28T08:00:00Z,2026-02-28T08:18:15Z,auth,auth_enUS_labelerexp,at://did:plc:lcytlkvzs3wslcgbk7i3ygak/app.bsky.feed.generator/aaaezvwrdjuoy,suggested_labelerexp,36,at://did:plc:hpqpbnsztjwuiiw5rkrrfkwo/app.bsky.feed.post/3mfvcubrj3k2b,bafyreidccp6il5eb5zwyx4pewduyle3b3vpivehdku4um3lyj3s2p3osgm,did:plc:hpqpbnsztjwuiiw5rkrrfkwo,pvposeur.bsky.social,,
8edf3ec41a3c49abae8d9a28fae25d6f,2026-02-28T08:00:00Z,2026-02-28T08:18:15Z,auth,auth_enUS_labelerexp,at://did:plc:lcytlkvzs3wslcgbk7i3ygak/app.bsky.feed.generator/aaaezvwrdjuoy,suggested_labelerexp,37,at://did:plc:re6xivybrjy4u4k5v2s2olqu/app.bsky.feed.post/3mfuoozciuc24,bafyreihptkwywxg7xyryhsxgi6a6iuzerbbrhlcevlb3pg4u4zhpqkjcee,did:plc:re6xivybrjy4u4k5v2s2olqu,zoethesmuttress.bsky.social,,
8edf3ec41a3c49abae8d9a28fae25d6f,2026-02-28T08:00:00Z,2026-02-28T08:18:15Z,auth,auth_enUS_labelerexp,at://did:plc:lcytlkvzs3wslcgbk7i3ygak/app.bsky.feed.generator/aaaezvwrdjuoy,suggested_labelerexp,38,at://did:plc:cvljonh42ajzpthp625jddol/app.bsky.feed.post/3mftgxm73zs2y,bafyreid3gu2l3ge2shpgalinc6aelfwig2mox4e42wl4yekyxadqhndzmm,did:plc:cvljonh42ajzpthp625jddol,fictionaddict.bsky.social,,
8edf3ec41a3c49abae8d9a28fae25d6f,2026-02-28T08:00:00Z,2026-02-28T08:18:15Z,auth,auth_enUS_labelerexp,at://did:plc:lcytlkvzs3wslcgbk7i3ygak/app.bsky.feed.generator/aaaezvwrdjuoy,suggested_labelerexp,39,at://did:plc:jacahp6xotj3deuhokfvvsnm/app.bsky.feed.post/3mfuyutysec2a,bafyreib3cyhxfogxnfjprootva6p2czfki2yevdhpddsulqybojj26yp6i,did:plc:jacahp6xotj3deuhokfvvsnm,maicolourlife.bsky.social,,
8edf3ec41a3c49abae8d9a28fae25d6f,2026-02-28T08:00:00Z,2026-02-28T08:18:15Z,auth,auth_enUS_labelerexp,at://did:plc:lcytlkvzs3wslcgbk7i3ygak/app.bsky.feed.generator/aaaezvwrdjuoy,suggested_labelerexp,40,at://did:plc:w2ig64drpjq77ggw2quh4b7a/app.bsky.feed.post/3mftqlideyk2t,bafyreif5uwyut2pfvthvz5kyhrrdtddy45kvvucl737nbryd6ebo77eaxy,did:plc:w2ig64drpjq77ggw2quh4b7a,icefoxworks.bsky.social,,
8edf3ec41a3c49abae8d9a28fae25d6f,2026-02-28T08:00:00Z,2026-02-28T08:18:15Z,auth,auth_enUS_labelerexp,at://did:plc:lcytlkvzs3wslcgbk7i3ygak/app.bsky.feed.generator/aaaezvwrdjuoy,suggested_labelerexp,41,at://did:plc:u77gyutvsyoa36kmz2wj4cmw/app.bsky.feed.post/3mfuraxrlyk2s,bafyreibtszrdj57j42ldgxqztr6lwirszgfmv733oddkfn3tre4kvbrtva,did:plc:u77gyutvsyoa36kmz2wj4cmw,anthonybecker.bsky.social,,
8edf3ec41a3c49abae8d9a28fae25d6f,2026-02-28T08:00:00Z,2026-02-28T08:18:15Z,auth,auth_enUS_labelerexp,at://did:plc:lcytlkvzs3wslcgbk7i3ygak/app.bsky.feed.generator/aaaezvwrdjuoy,suggested_labelerexp,42,at://did:plc:jkorunv3mxtkhuogme647kmy/app.bsky.feed.post/3mfupqngiz22z,bafyreibyxzpw37p74frckxjiudogp6hfe3ru3b4ujabkkmbm4yngkrgwle,did:plc:jkorunv3mxtkhuogme647kmy,kampferwolf.bsky.social,,
8edf3ec41a3c49abae8d9a28fae25d6f,2026-02-28T08:00:00Z,2026-02-28T08:18:15Z,auth,auth_enUS_labelerexp,at://did:plc:lcytlkvzs3wslcgbk7i3ygak/app.bsky.feed.generator/aaaezvwrdjuoy,suggested_labelerexp,43,at://did:plc:cvljonh42ajzpthp625jddol/app.bsky.feed.post/3mfuqmqvxd225,bafyreiedgsmmft3j6rlw3ppv2nr2p3ko4ozsio77ez56voj4bilp73iuoe,did:plc:cvljonh42ajzpthp625jddol,fictionaddict.bsky.social,,
8edf3ec41a3c49abae8d9a28fae25d6f,2026-02-28T08:00:00Z,2026-02-28T08:18:15Z,auth,auth_enUS_labelerexp,at://did:plc:lcytlkvzs3wslcgbk7i3ygak/app.bsky.feed.generator/aaaezvwrdjuoy,suggested_labelerexp,44,at://did:plc:qlsqmyvcnh6xpj7zln2eoevd/app.bsky.feed.post/3mfu34ef3fs23,bafyreigytijgnhraueqecybxktf54sk6q2megxmhxpg6l5uljt37bxh334,did:plc:qlsqmyvcnh6xpj7zln2eoevd,lynnstrong.bsky.social,,
8edf3ec41a3c49abae8d9a28fae25d6f,2026-02-28T08:00:00Z,2026-02-28T08:18:15Z,auth,auth_enUS_labelerexp,at://did:plc:lcytlkvzs3wslcgbk7i3ygak/app.bsky.feed.generator/aaaezvwrdjuoy,suggested_labelerexp,45,at://did:plc:aptxop6us6pen2lhmotsczts/app.bsky.feed.post/3mfuircbdnk2o,bafyreicojcnoav5kedmgywbhckaupyugh7khrbvqx2b63rvxt6b3qzqzuy,did:plc:aptxop6us6pen2lhmotsczts,lauratsuki.bsky.social,,
8edf3ec41a3c49abae8d9a28fae25d6f,2026-02-28T08:00:00Z,2026-02-28T08:18:15Z,auth,auth_enUS_labelerexp,at://did:plc:lcytlkvzs3wslcgbk7i3ygak/app.bsky.feed.generator/aaaezvwrdjuoy,suggested_labelerexp,46,at://did:plc:vj4yisco7pryhagn3qz4p2vt/app.bsky.feed.post/3mfu7hzoss225,bafyreie3dsvx3gvz3oi4egfnay5r752xdjogow7rqyofaj4232nkmrf52u,did:plc:vj4yisco7pryhagn3qz4p2vt,aanpress.bsky.social,,
8edf3ec41a3c49abae8d9a28fae25d6f,2026-02-28T08:00:00Z,2026-02-28T08:18:15Z,auth,auth_enUS_labelerexp,at://did:plc:lcytlkvzs3wslcgbk7i3ygak/app.bsky.feed.generator/aaaezvwrdjuoy,suggested_labelerexp,47,at://did:plc:vzpquvsfpdudxegn75xjbf2z/app.bsky.feed.post/3mfty6q64hc2z,bafyreidhwzlrzlsrcvsyg3qcvvzg2jkujqvn6ung6pudzvuxlziszs4sna,did:plc:vzpquvsfpdudxegn75xjbf2z,teela.bsky.social,,
8edf3ec41a3c49abae8d9a28fae25d6f,2026-02-28T08:00:00Z,2026-02-28T08:18:15Z,auth,auth_enUS_labelerexp,at://did:plc:lcytlkvzs3wslcgbk7i3ygak/app.bsky.feed.generator/aaaezvwrdjuoy,suggested_labelerexp,48,at://did:plc:re6xivybrjy4u4k5v2s2olqu/app.bsky.feed.post/3mfuoozciuc24,bafyreihptkwywxg7xyryhsxgi6a6iuzerbbrhlcevlb3pg4u4zhpqkjcee,did:plc:re6xivybrjy4u4k5v2s2olqu,zoethesmuttress.bsky.social,,
8edf3ec41a3c49abae8d9a28fae25d6f,2026-02-28T08:00:00Z,2026-02-28T08:18:15Z,auth,auth_enUS_labelerexp,at://did:plc:lcytlkvzs3wslcgbk7i3ygak/app.bsky.feed.generator/aaaezvwrdjuoy,suggested_labelerexp,49,at://did:plc:zbxikw7cds6nt4ku2mai36y5/app.bsky.feed.post/3mfvivpjmpc2g,bafyreib7y6vke3wx223wxaw237bl6qpfxuxamlrl7gqozkgvqrxms37ahe,did:plc:zbxikw7cds6nt4ku2mai36y5,halcyon.frompinkpony.club,,
8edf3ec41a3c49abae8d9a28fae25d6f,2026-02-28T08:00:00Z,2026-02-28T08:18:19Z,auth,auth_enUS_labelerexp,at://did:plc:ojisdwhv5b7tzitkipo3yx3f/app.bsky.feed.generator/aaao3rw3oxwku,suggested_labelerexp,1,at://did:plc:uxbaokmkn25ai5ijk6yu33lm/app.bsky.feed.post/3mfvruzmuhs2s,bafyreies4mp2dpzucfacqvqar2weo5s2ivwpxw7yz7rirha2neszcjayhy,did:plc:uxbaokmkn25ai5ijk6yu33lm,h-kelvin.bsky.social,,
8edf3ec41a3c49abae8d9a28fae25d6f,2026-02-28T08:00:00Z,2026-02-28T08:18:19Z,auth,auth_enUS_labelerexp,at://did:plc:ojisdwhv5b7tzitkipo3yx3f/app.bsky.feed.generator/aaao3rw3oxwku,suggested_labelerexp,2,at://did:plc:hl4iqp4m4wdohnqljs6fwen6/app.bsky.feed.post/3mfvrurnhmk2s,bafyreifgtenzabxctnxecepmydfmku47ptrqgjorh4iv3qbzyxoevhhjbi,did:plc:hl4iqp4m4wdohnqljs6fwen6,mazette.bsky.social,,
8edf3ec41a3c49abae8d9a28fae25d6f,2026-02-28T08:00:00Z,2026-02-28T08:18:19Z,auth,auth_enUS_labelerexp,at://did:plc:ojisdwhv5b7tzitkipo3yx3f/app.bsky.feed.generator/aaao3rw3oxwku,suggested_labelerexp,3,at://did:plc:dpytysrsvwwqbyiokno4wsgn/app.bsky.feed.post/3mfvrupkaas2v,bafyreicpcsyhezwpycjnq44rjzn755sjkmlsyaqomzfuy4tqi74hvaeesu,did:plc:dpytysrsvwwqbyiokno4wsgn,pfi.bsky.social,,
8edf3ec41a3c49abae8d9a28fae25d6f,2026-02-28T08:00:00Z,2026-02-28T08:18:19Z,auth,auth_enUS_labelerexp,at://did:plc:ojisdwhv5b7tzitkipo3yx3f/app.bsky.feed.generator/aaao3rw3oxwku,suggested_labelerexp,4,at://did:plc:2lg7foppbnydibmvzx3gwi4e/app.bsky.feed.post/3mfvrumdeb22m,bafyreiakfk2dfomb3ibmz7fdlqpofci6aavqjqqovc3ekq77oc7qtdaybe,did:plc:2lg7foppbnydibmvzx3gwi4e,chopps.bsky.social,,
8edf3ec41a3c49abae8d9a28fae25d6f,2026-02-28T08:00:00Z,2026-02-28T08:18:19Z,auth,auth_enUS_labelerexp,at://did:plc:ojisdwhv5b7tzitkipo3yx3f/app.bsky.feed.generator/aaao3rw3oxwku,suggested_labelerexp,5,at://did:plc:6hggv55ui4my3o4abq6kfnou/app.bsky.feed.post/3mfvru3fckk2a,bafyreibr2djwr3scdpi2gecmkn5ap3o5o33gewxfkdosdpvrmolmasgjde,did:plc:6hggv55ui4my3o4abq6kfnou,ignorantfairy.bsky.social,,
8edf3ec41a3c49abae8d9a28fae25d6f,2026-02-28T08:00:00Z,2026-02-28T08:18:19Z,auth,auth_enUS_labelerexp,at://did:plc:ojisdwhv5b7tzitkipo3yx3f/app.bsky.feed.generator/aaao3rw3oxwku,suggested_labelerexp,6,at://did:plc:lfvbv7icffl6kcqdo7hazam5/app.bsky.feed.post/3mfvrtuk6tk2w,bafyreihr352bazlxjgeoovckcf6w7f5gxv53pu7vatttpubpkmffdbyy5y,did:plc:lfvbv7icffl6kcqdo7hazam5,dumnezilla.bsky.social,,
8edf3ec41a3c49abae8d9a28fae25d6f,2026-02-28T08:00:00Z,2026-02-28T08:18:19Z,auth,auth_enUS_labelerexp,at://did:plc:ojisdwhv5b7tzitkipo3yx3f/app.bsky.feed.generator/aaao3rw3oxwku,suggested_labelerexp,7,at://did:plc:7qem4qpponntjlc5cwdngzwe/app.bsky.feed.post/3mfvrtrvwkc2i,bafyreih3kdfv7cw4ufnpt3d7vfpmhfy7cc435sgducbk6cqfee6zko5eda,did:plc:7qem4qpponntjlc5cwdngzwe,dutchbsbllhngt.bsky.social,,
8edf3ec41a3c49abae8d9a28fae25d6f,2026-02-28T08:00:00Z,2026-02-28T08:18:19Z,auth,auth_enUS_labelerexp,at://did:plc:ojisdwhv5b7tzitkipo3yx3f/app.bsky.feed.generator/aaao3rw3oxwku,suggested_labelerexp,8,at://did:plc:2lg7foppbnydibmvzx3gwi4e/app.bsky.feed.post/3mfvrtnlulc2m,bafyreiadme4ebblnoh6u7oz4534yftwq2faycvtik2e3o3zcl3xtujmnei,did:plc:2lg7foppbnydibmvzx3gwi4e,chopps.bsky.social,,
8edf3ec41a3c49abae8d9a28fae25d6f,2026-02-28T08:00:00Z,2026-02-28T08:18:19Z,auth,auth_enUS_labelerexp,at://did:plc:ojisdwhv5b7tzitkipo3yx3f/app.bsky.feed.generator/aaao3rw3oxwku,suggested_labelerexp,9,at://did:plc:3ooo5fovfnjs5mhfxtl4gqud/app.bsky.feed.post/3mfvrtagecc2r,bafyreihmesvqknof6ui2xe3wfov4sycmja2g72xvca6p7m2b25xy6trjbe,did:plc:3ooo5fovfnjs5mhfxtl4gqud,linlins.bsky.social,,
8edf3ec41a3c49abae8d9a28fae25d6f,2026-02-28T08:00:00Z,2026-02-28T08:18:19Z,auth,auth_enUS_labelerexp,at://did:plc:ojisdwhv5b7tzitkipo3yx3f/app.bsky.feed.generator/aaao3rw3oxwku,suggested_labelerexp,10,at://did:plc:tets2pu6zgy4wv4wtw57hvw6/app.bsky.feed.post/3mfvrsx5aic2j,bafyreiasv2j4vp7yfetwzfi54r5q56wtzobbyk2um7wydaz7jw5h6bmife,did:plc:tets2pu6zgy4wv4wtw57hvw6,tglobe.bsky.social,,
8edf3ec41a3c49abae8d9a28fae25d6f,2026-02-28T08:00:00Z,2026-02-28T08:18:19Z,auth,auth_enUS_labelerexp,at://did:plc:ojisdwhv5b7tzitkipo3yx3f/app.bsky.feed.generator/aaao3rw3oxwku,suggested_labelerexp,11,at://did:plc:4oh7xt2p3jhu2w7qvmkrjdmc/app.bsky.feed.post/3mfvrsa2poc2u,bafyreictea2y7py257qj5pgulno3zpwfwf77sab4c373lubfh6zyufg2dq,did:plc:4oh7xt2p3jhu2w7qvmkrjdmc,hansvos.bsky.social,,
8edf3ec41a3c49abae8d9a28fae25d6f,2026-02-28T08:00:00Z,2026-02-28T08:18:19Z,auth,auth_enUS_labelerexp,at://did:plc:ojisdwhv5b7tzitkipo3yx3f/app.bsky.feed.generator/aaao3rw3oxwku,suggested_labelerexp,12,at://did:plc:6iczhvz4ci5d56mpvalgjua2/app.bsky.feed.post/3mfvrrtll7k2z,bafyreiea3e7aokfwgcigwjmbtp5udg5g3lypr2kedvvbqeci3i4ftmappi,did:plc:6iczhvz4ci5d56mpvalgjua2,blueberrysyrup.bsky.social,,
8edf3ec41a3c49abae8d9a28fae25d6f,2026-02-28T08:00:00Z,2026-02-28T08:18:19Z,auth,auth_enUS_labelerexp,at://did:plc:ojisdwhv5b7tzitkipo3yx3f/app.bsky.feed.generator/aaao3rw3oxwku,suggested_labelerexp,13,at://did:plc:u32nybzmefql5jjrl3n5fqnx/app.bsky.feed.post/3mfvrrdlbns2u,bafyreigynmix4kgjguxkpav53nzdtu7i2rgdx4qdqkkjtj7ypii6by4u2e,did:plc:u32nybzmefql5jjrl3n5fqnx,0ffkilter.bsky.social,,
8edf3ec41a3c49abae8d9a28fae25d6f,2026-02-28T08:00:00Z,2026-02-28T08:18:19Z,auth,auth_enUS_labelerexp,at://did:plc:ojisdwhv5b7tzitkipo3yx3f/app.bsky.feed.generator/aaao3rw3oxwku,suggested_labelerexp,14,at://did:plc:y33ecmcemrfz7yiqb7dzlkk7/app.bsky.feed.post/3mfvrqpzclf2s,bafyreiadvvjk56pvl4q2ltxk7j5apicbgzj64ebunohe5ewrshhajfxva4,did:plc:y33ecmcemrfz7yiqb7dzlkk7,respectfully.bsky.social,,
8edf3ec41a3c49abae8d9a28fae25d6f,2026-02-28T08:00:00Z,2026-02-28T08:18:19Z,auth,auth_enUS_labelerexp,at://did:plc:ojisdwhv5b7tzitkipo3yx3f/app.bsky.feed.generator/aaao3rw3oxwku,suggested_labelerexp,15,at://did:plc:34olpec4mpskj6kvq7rpimrg/app.bsky.feed.post/3mfvrqfpokk2i,bafyreieasviippvv4ke275waqoexfbl6snt5fyx37sqm764e2n7s22opk4,did:plc:34olpec4mpskj6kvq7rpimrg,troubledpaws.bsky.social,,
8edf3ec41a3c49abae8d9a28fae25d6f,2026-02-28T08:00:00Z,2026-02-28T08:18:19Z,auth,auth_enUS_labelerexp,at://did:plc:ojisdwhv5b7tzitkipo3yx3f/app.bsky.feed.generator/aaao3rw3oxwku,suggested_labelerexp,16,at://did:plc:hzxf2fxxaukyn5jwkhdm7bkx/app.bsky.feed.post/3mfvrpgw6gc2e,bafyreidwpfukbfcvq7a74tu2b4m3gdbqoilm3qznyu2lg326kygmbqrxpy,did:plc:hzxf2fxxaukyn5jwkhdm7bkx,brettezeleliquide.bsky.social,,
8edf3ec41a3c49abae8d9a28fae25d6f,2026-02-28T08:00:00Z,2026-02-28T08:18:19Z,auth,auth_enUS_labelerexp,at://did:plc:ojisdwhv5b7tzitkipo3yx3f/app.bsky.feed.generator/aaao3rw3oxwku,suggested_labelerexp,17,at://did:plc:h2vsmhmdieezezt3bzub3imj/app.bsky.feed.post/3mfvrpgah4c2x,bafyreicv5adncmq3nvu55fj3xl54txqf356f5usxrfm5csm6wmfex34ure,did:plc:h2vsmhmdieezezt3bzub3imj,stuartlindenrhodes.bsky.social,,
8edf3ec41a3c49abae8d9a28fae25d6f,2026-02-28T08:00:00Z,2026-02-28T08:18:19Z,auth,auth_enUS_labelerexp,at://did:plc:ojisdwhv5b7tzitkipo3yx3f/app.bsky.feed.generator/aaao3rw3oxwku,suggested_labelerexp,18,at://did:plc:lv7gxegiddyonyk5s6zih2hy/app.bsky.feed.post/3mfvrowfndk2d,bafyreifgmdbspxv23nm4ucfhe2dz7c4vbgqchh6mijay642ciscj2iad7i,did:plc:lv7gxegiddyonyk5s6zih2hy,positivdenken.bsky.social,,
8edf3ec41a3c49abae8d9a28fae25d6f,2026-02-28T08:00:00Z,2026-02-28T08:18:19Z,auth,auth_enUS_labelerexp,at://did:plc:ojisdwhv5b7tzitkipo3yx3f/app.bsky.feed.generator/aaao3rw3oxwku,suggested_labelerexp,19,at://did:plc:q7l2msplauz3gs52gxrwkunc/app.bsky.feed.post/3mfvrotvktk25,bafyreigukst5aj6t5thcvrsb7c6g5imeeyenifpuic42u5spkxgavrk7gm,did:plc:q7l2msplauz3gs52gxrwkunc,bergep.bsky.social,,
8edf3ec41a3c49abae8d9a28fae25d6f,2026-02-28T08:00:00Z,2026-02-28T08:18:19Z,auth,auth_enUS_labelerexp,at://did:plc:ojisdwhv5b7tzitkipo3yx3f/app.bsky.feed.generator/aaao3rw3oxwku,suggested_labelerexp,20,at://did:plc:n3szlmuslg5hdg5cgdvocuzl/app.bsky.feed.post/3mfvrnjpfr22e,bafyreia6h5ekh2clezydi6uo23ubsic4psiiitzyvwmpiujczeb5m327dy,did:plc:n3szlmuslg5hdg5cgdvocuzl,wortbegegnung.bsky.social,,
8edf3ec41a3c49abae8d9a28fae25d6f,2026-02-28T08:00:00Z,2026-02-28T08:18:19Z,auth,auth_enUS_labelerexp,at://did:plc:ojisdwhv5b7tzitkipo3yx3f/app.bsky.feed.generator/aaao3rw3oxwku,suggested_labelerexp,21,at://did:plc:5xpzpcbm3zbn2nkrsn6yaakl/app.bsky.feed.post/3mfvrnapwk226,bafyreiedg3zh5cpjyynn62c3g46sgcfko4vtm3ljlj2bwskxfiw564yiqy,did:plc:5xpzpcbm3zbn2nkrsn6yaakl,cvoila.bsky.social,,
8edf3ec41a3c49abae8d9a28fae25d6f,2026-02-28T08:00:00Z,2026-02-28T08:18:19Z,auth,auth_enUS_labelerexp,at://did:plc:ojisdwhv5b7tzitkipo3yx3f/app.bsky.feed.generator/aaao3rw3oxwku,suggested_labelerexp,22,at://did:plc:akct2oyphch4ys76ol6rnqte/app.bsky.feed.post/3mfvrmmdasc2s,bafyreiczlmw37smuy27ecsbkpjkxezz6haz3lzv3unfw2scp4pstmhbyqq,did:plc:akct2oyphch4ys76ol6rnqte,kenny-1.bsky.social,,
8edf3ec41a3c49abae8d9a28fae25d6f,2026-02-28T08:00:00Z,2026-02-28T08:18:19Z,auth,auth_enUS_labelerexp,at://did:plc:ojisdwhv5b7tzitkipo3yx3f/app.bsky.feed.generator/aaao3rw3oxwku,suggested_labelerexp,23,at://did:plc:ahxrga3uznqabioo3xpsdhu4/app.bsky.feed.post/3mfvrldutvk2q,bafyreiccwbvuefogsivg3qnwlzq4u4pcf6genbp7zl7mdy2frc76zmramm,did:plc:ahxrga3uznqabioo3xpsdhu4,morningabbey.bsky.social,,
8edf3ec41a3c49abae8d9a28fae25d6f,2026-02-28T08:00:00Z,2026-02-28T08:18:19Z,auth,auth_enUS_labelerexp,at://did:plc:ojisdwhv5b7tzitkipo3yx3f/app.bsky.feed.generator/aaao3rw3oxwku,suggested_labelerexp,24,at://did:plc:buh2zxjvdty7bcsmrhsg3mpp/app.bsky.feed.post/3mfvrldd4jc2e,bafyreidqbkoz77htfyu7zq57wq6nmznk6dt3xivosfyhipb5p2htxyimxm,did:plc:buh2zxjvdty7bcsmrhsg3mpp,rafaelporcari.bsky.social,,
8edf3ec41a3c49abae8d9a28fae25d6f,2026-02-28T08:00:00Z,2026-02-28T08:18:19Z,auth,auth_enUS_labelerexp,at://did:plc:ojisdwhv5b7tzitkipo3yx3f/app.bsky.feed.generator/aaao3rw3oxwku,suggested_labelerexp,25,at://did:plc:zqytq7yj654tb4ztw32sc7ae/app.bsky.feed.post/3mfvrlbhbi222,bafyreifamdpz7l2xjaef64ie2uwolcjufp4gb36yun3ip54zzdfnghl2le,did:plc:zqytq7yj654tb4ztw32sc7ae,pehyellow.bsky.social,,
8edf3ec41a3c49abae8d9a28fae25d6f,2026-02-28T08:00:00Z,2026-02-28T08:18:19Z,auth,auth_enUS_labelerexp,at://did:plc:ojisdwhv5b7tzitkipo3yx3f/app.bsky.feed.generator/aaao3rw3oxwku,suggested_labelerexp,26,at://did:plc:4oh7xt2p3jhu2w7qvmkrjdmc/app.bsky.feed.post/3mfvrjpfjmk2u,bafyreibh4h3w3ilqgog4ppsv2ryqrlf2sft77vxusfsvclblz3efzp7z6a,did:plc:4oh7xt2p3jhu2w7qvmkrjdmc,hansvos.bsky.social,,
8edf3ec41a3c49abae8d9a28fae25d6f,2026-02-28T08:00:00Z,2026-02-28T08:18:19Z,auth,auth_enUS_labelerexp,at://did:plc:ojisdwhv5b7tzitkipo3yx3f/app.bsky.feed.generator/aaao3rw3oxwku,suggested_labelerexp,27,at://did:plc:6s264fps3aucnsgc5j4o2x6l/app.bsky.feed.post/3mfvrjve2ksj2,bafyreiaixg7fdio364sz3rp442pzbn4agefyot6fhledzlg4pgfcd35oim,did:plc:6s264fps3aucnsgc5j4o2x6l,impfmilf.troet.cafe.ap.brid.gy,,
8edf3ec41a3c49abae8d9a28fae25d6f,2026-02-28T08:00:00Z,2026-02-28T08:18:19Z,auth,auth_enUS_labelerexp,at://did:plc:ojisdwhv5b7tzitkipo3yx3f/app.bsky.feed.generator/aaao3rw3oxwku,suggested_labelerexp,28,at://did:plc:6cxdn4wst5otyjzf2atwb6qk/app.bsky.feed.post/3mfvriznj5s2c,bafyreietbf5hmnbhoxgwbtwdbmdbjxsp75tgte6xiw5yjvtz5sg4p36arq,did:plc:6cxdn4wst5otyjzf2atwb6qk,christines1908.bsky.social,,
8edf3ec41a3c49abae8d9a28fae25d6f,2026-02-28T08:00:00Z,2026-02-28T08:18:19Z,auth,auth_enUS_labelerexp,at://did:plc:ojisdwhv5b7tzitkipo3yx3f/app.bsky.feed.generator/aaao3rw3oxwku,suggested_labelerexp,29,at://did:plc:ml4b7na6ccaqa42lpv2rl7w6/app.bsky.feed.post/3mfvriba2d22l,bafyreibdnw5lz5ox7jjyz3ovu6kkwi6sjh2wdxtvtyas3tn7kxmd2epjoi,did:plc:ml4b7na6ccaqa42lpv2rl7w6,birgitsch.bsky.social,,
8edf3ec41a3c49abae8d9a28fae25d6f,2026-02-28T08:00:00Z,2026-02-28T08:18:19Z,auth,auth_enUS_labelerexp,at://did:plc:ojisdwhv5b7tzitkipo3yx3f/app.bsky.feed.generator/aaao3rw3oxwku,suggested_labelerexp,30,at://did:plc:xdmak6ttuwtztlgk7gz4246w/app.bsky.feed.post/3mfvrhn7ka22g,bafyreidqkybkqky5eazqbqg4e4ue7ttsaszkdzm5fhm3cwdnz3d2he6cuq,did:plc:xdmak6ttuwtztlgk7gz4246w,fgnugn.bsky.social,,
8edf3ec41a3c49abae8d9a28fae25d6f,2026-02-28T08:00:00Z,2026-02-28T08:18:19Z,auth,auth_enUS_labelerexp,at://did:plc:ojisdwhv5b7tzitkipo3yx3f/app.bsky.feed.generator/aaao3rw3oxwku,suggested_labelerexp,31,at://did:plc:jqlcfx5gqeohjpdja2egw64h/app.bsky.feed.post/3mfvrh7olqc2g,bafyreiba6xnwtbtgai6qohjbii3ogyvaefcvyzs5nglzynnevxgfmdwlli,did:plc:jqlcfx5gqeohjpdja2egw64h,stephandaniel.bsky.social,,
8edf3ec41a3c49abae8d9a28fae25d6f,2026-02-28T08:00:00Z,2026-02-28T08:18:19Z,auth,auth_enUS_labelerexp,at://did:plc:ojisdwhv5b7tzitkipo3yx3f/app.bsky.feed.generator/aaao3rw3oxwku,suggested_labelerexp,32,at://did:plc:ncvktl64jga6nlyotxad3vw3/app.bsky.feed.post/3mfvrgqpbts2c,bafyreifnqdsy5twuebkrbem7346ifm2cbgrydi4pvzeadomyabx3eyyt3q,did:plc:ncvktl64jga6nlyotxad3vw3,nadiavandessel.bsky.social,,
8edf3ec41a3c49abae8d9a28fae25d6f,2026-02-28T08:00:00Z,2026-02-28T08:18:19Z,auth,auth_enUS_labelerexp,at://did:plc:ojisdwhv5b7tzitkipo3yx3f/app.bsky.feed.generator/aaao3rw3oxwku,suggested_labelerexp,33,at://did:plc:3mzuam7kabgtve6n2gijksmr/app.bsky.feed.post/3mfvrgpptyc2k,bafyreiai54las7jazjuxhviw5eqiolpfju3k57mqoyrg7v4jruakzpi664,did:plc:3mzuam7kabgtve6n2gijksmr,pixelsandalchemy.bsky.social,,
8edf3ec41a3c49abae8d9a28fae25d6f,2026-02-28T08:00:00Z,2026-02-28T08:18:19Z,auth,auth_enUS_labelerexp,at://did:plc:ojisdwhv5b7tzitkipo3yx3f/app.bsky.feed.generator/aaao3rw3oxwku,suggested_labelerexp,34,at://did:plc:te7haavv5c2ewwhdttj5t324/app.bsky.feed.post/3mfvrgfrv6k2c,bafyreierfwaweljqrocogp54g4fcjcjcgf5b4436mfi66er7t6wipr5txa,did:plc:te7haavv5c2ewwhdttj5t324,craigwolfie.bsky.social,,
8edf3ec41a3c49abae8d9a28fae25d6f,2026-02-28T08:00:00Z,2026-02-28T08:18:19Z,auth,auth_enUS_labelerexp,at://did:plc:ojisdwhv5b7tzitkipo3yx3f/app.bsky.feed.generator/aaao3rw3oxwku,suggested_labelerexp,35,at://did:plc:6iczhvz4ci5d56mpvalgjua2/app.bsky.feed.post/3mfvrgf3if22z,bafyreihno4tokvrjw6fdt7f3kk5ycrmn3opxw2jzq67znahox2zumxk2xy,did:plc:6iczhvz4ci5d56mpvalgjua2,blueberrysyrup.bsky.social,,
8edf3ec41a3c49abae8d9a28fae25d6f,2026-02-28T08:00:00Z,2026-02-28T08:18:19Z,auth,auth_enUS_labelerexp,at://did:plc:ojisdwhv5b7tzitkipo3yx3f/app.bsky.feed.generator/aaao3rw3oxwku,suggested_labelerexp,36,at://did:plc:wkmbz77ai6xz4l4pdnsfah4k/app.bsky.feed.post/3mfvrexozuk2o,bafyreicqrcionefm5pa46hotdd2l6nfj7wc5haxezi6d5a47hadqhacqq4,did:plc:wkmbz77ai6xz4l4pdnsfah4k,al-nomade.bsky.social,,
8edf3ec41a3c49abae8d9a28fae25d6f,2026-02-28T08:00:00Z,2026-02-28T08:18:19Z,auth,auth_enUS_labelerexp,at://did:plc:ojisdwhv5b7tzitkipo3yx3f/app.bsky.feed.generator/aaao3rw3oxwku,suggested_labelerexp,37,at://did:plc:xpgqplumcn6ckhmozutmak3u/app.bsky.feed.post/3mfvrepd44o27,bafyreihq4lfrf4q5hqnvzuxyvapfl2irgllywly7qt276ywqvcuumhfpr4,did:plc:xpgqplumcn6ckhmozutmak3u,gabrielbaciu.bsky.social,,
8edf3ec41a3c49abae8d9a28fae25d6f,2026-02-28T08:00:00Z,2026-02-28T08:18:19Z,auth,auth_enUS_labelerexp,at://did:plc:ojisdwhv5b7tzitkipo3yx3f/app.bsky.feed.generator/aaao3rw3oxwku,suggested_labelerexp,38,at://did:plc:ml4b7na6ccaqa42lpv2rl7w6/app.bsky.feed.post/3mfvrdy5m4c2l,bafyreicel2i6swyepso5cns6we644ublpuscqnlfm65fyjvactoljhjbmu,did:plc:ml4b7na6ccaqa42lpv2rl7w6,birgitsch.bsky.social,,
8edf3ec41a3c49abae8d9a28fae25d6f,2026-02-28T08:00:00Z,2026-02-28T08:18:19Z,auth,auth_enUS_labelerexp,at://did:plc:ojisdwhv5b7tzitkipo3yx3f/app.bsky.feed.generator/aaao3rw3oxwku,suggested_labelerexp,39,at://did:plc:qizxhb35tfz647nzvydn3jvn/app.bsky.feed.post/3mfvrcn5c4k2n,bafyreicqw5yd6aky4m4wwktdktnenbrlrqwqdt7o5zhip2pzwiml4b5ubu,did:plc:qizxhb35tfz647nzvydn3jvn,dasambigramm.bsky.social,,
8edf3ec41a3c49abae8d9a28fae25d6f,2026-02-28T08:00:00Z,2026-02-28T08:18:19Z,auth,auth_enUS_labelerexp,at://did:plc:ojisdwhv5b7tzitkipo3yx3f/app.bsky.feed.generator/aaao3rw3oxwku,suggested_labelerexp,40,at://did:plc:ebenh2s2jekhmhv37mqt52jx/app.bsky.feed.post/3mfvrciew5c2w,bafyreif4zmkjgtlbruwgjb7p4k6re7uwm4dagdfu27dbfhbbeh35vg6qoq,did:plc:ebenh2s2jekhmhv37mqt52jx,oakmeadow.bsky.social,,
8edf3ec41a3c49abae8d9a28fae25d6f,2026-02-28T08:00:00Z,2026-02-28T08:18:19Z,auth,auth_enUS_labelerexp,at://did:plc:ojisdwhv5b7tzitkipo3yx3f/app.bsky.feed.generator/aaao3rw3oxwku,suggested_labelerexp,41,at://did:plc:6qtlnf32ekcn6pxrzxryv7cd/app.bsky.feed.post/3mfvrby4vjc25,bafyreiehibs4ir6dvgwf6vzhubbtsjilxywyylp2p2rvgupj55wqegfcfi,did:plc:6qtlnf32ekcn6pxrzxryv7cd,riesenschritte.bsky.social,,
8edf3ec41a3c49abae8d9a28fae25d6f,2026-02-28T08:00:00Z,2026-02-28T08:18:19Z,auth,auth_enUS_labelerexp,at://did:plc:ojisdwhv5b7tzitkipo3yx3f/app.bsky.feed.generator/aaao3rw3oxwku,suggested_labelerexp,42,at://did:plc:iivtshvfhdddalilj2zquczy/app.bsky.feed.post/3mfvrbfxd622o,bafyreidsigz6n5lgophip6lb6xpqzfsjjvtjqgymashjqmohutjter2hia,did:plc:iivtshvfhdddalilj2zquczy,malibu-melli.bsky.social,,
8edf3ec41a3c49abae8d9a28fae25d6f,2026-02-28T08:00:00Z,2026-02-28T08:18:19Z,auth,auth_enUS_labelerexp,at://did:plc:ojisdwhv5b7tzitkipo3yx3f/app.bsky.feed.generator/aaao3rw3oxwku,suggested_labelerexp,43,at://did:plc:lfvbv7icffl6kcqdo7hazam5/app.bsky.feed.post/3mfvrb5en4s2w,bafyreibvqirypl35zkfrnghbsqj3pmuhofudux4fm4m347b62v6mnj6meq,did:plc:lfvbv7icffl6kcqdo7hazam5,dumnezilla.bsky.social,,
8edf3ec41a3c49abae8d9a28fae25d6f,2026-02-28T08:00:00Z,2026-02-28T08:18:19Z,auth,auth_enUS_labelerexp,at://did:plc:ojisdwhv5b7tzitkipo3yx3f/app.bsky.feed.generator/aaao3rw3oxwku,suggested_labelerexp,44,at://did:plc:vl4cqt6w3rirlcrjmqzuc4pn/app.bsky.feed.post/3mfvr77qlef22,bafyreif35fcljrjkddf4mabgrit3k2oscpjtqzfjkofxz37ffwn2ceixba,did:plc:vl4cqt6w3rirlcrjmqzuc4pn,effexplore.bsky.social,,
8edf3ec41a3c49abae8d9a28fae25d6f,2026-02-28T08:00:00Z,2026-02-28T08:18:19Z,auth,auth_enUS_labelerexp,at://did:plc:ojisdwhv5b7tzitkipo3yx3f/app.bsky.feed.generator/aaao3rw3oxwku,suggested_labelerexp,45,at://did:plc:jvpujcjjac6uuyysuxmxlpao/app.bsky.feed.post/3mfvr6xjthc2t,bafyreied7b5vb3uiw2c3lkgd7a4e5enyxl2bx65hey5y6ij2fte2lofccu,did:plc:jvpujcjjac6uuyysuxmxlpao,harlynine.bsky.social,,
8edf3ec41a3c49abae8d9a28fae25d6f,2026-02-28T08:00:00Z,2026-02-28T08:18:19Z,auth,auth_enUS_labelerexp,at://did:plc:ojisdwhv5b7tzitkipo3yx3f/app.bsky.feed.generator/aaao3rw3oxwku,suggested_labelerexp,46,at://did:plc:lfvbv7icffl6kcqdo7hazam5/app.bsky.feed.post/3mfvr6xk2c22w,bafyreigu6iihoaouuf65v6yi4du7orlhbtdyzcjerbraucigs2jgnapi24,did:plc:lfvbv7icffl6kcqdo7hazam5,dumnezilla.bsky.social,,
8edf3ec41a3c49abae8d9a28fae25d6f,2026-02-28T08:00:00Z,2026-02-28T08:18:19Z,auth,auth_enUS_labelerexp,at://did:plc:ojisdwhv5b7tzitkipo3yx3f/app.bsky.feed.generator/aaao3rw3oxwku,suggested_labelerexp,47,at://did:plc:w4a3dzwojs5dcd76bvukxokh/app.bsky.feed.post/3mfvr6uyb422z,bafyreico2sn3yhz2kuga3bymhvzeqhhj45zl5rmwcm4zeegkode2pav3ii,did:plc:w4a3dzwojs5dcd76bvukxokh,dagmarb.bsky.social,,
8edf3ec41a3c49abae8d9a28fae25d6f,2026-02-28T08:00:00Z,2026-02-28T08:18:19Z,auth,auth_enUS_labelerexp,at://did:plc:ojisdwhv5b7tzitkipo3yx3f/app.bsky.feed.generator/aaao3rw3oxwku,suggested_labelerexp,48,at://did:plc:2xv77rngrbyz3waeqsnebbi2/app.bsky.feed.post/3mfvr6jbyk22a,bafyreifarebaobebmtczwbyof3u3nmrdjwimaba6i6s5j7mzcrs2hditie,did:plc:2xv77rngrbyz3waeqsnebbi2,msfotografie.bsky.social,,
8edf3ec41a3c49abae8d9a28fae25d6f,2026-02-28T08:00:00Z,2026-02-28T08:18:19Z,auth,auth_enUS_labelerexp,at://did:plc:ojisdwhv5b7tzitkipo3yx3f/app.bsky.feed.generator/aaao3rw3oxwku,suggested_labelerexp,49,at://did:plc:lfvbv7icffl6kcqdo7hazam5/app.bsky.feed.post/3mfvr6ecss22w,bafyreibrp4qc3pvpoa2dmqrdpmxptg5jyyfs4ywu2jeyk5cuv652o2zzoa,did:plc:lfvbv7icffl6kcqdo7hazam5,dumnezilla.bsky.social,,
8edf3ec41a3c49abae8d9a28fae25d6f,2026-02-28T08:00:00Z,2026-02-28T08:18:19Z,auth,auth_enUS_labelerexp,at://did:plc:ojisdwhv5b7tzitkipo3yx3f/app.bsky.feed.generator/aaao3rw3oxwku,suggested_labelerexp,50,at://did:plc:iuyyiyk675ozunyki77sntbk/app.bsky.feed.post/3mfvr5xbhd22b,bafyreig6wejvvarsjfoeyeevi6a4ylbneiwxn3sujtvxrf6drq64plfnxi,did:plc:iuyyiyk675ozunyki77sntbk,rigolocations.bsky.social,,
8edf3ec41a3c49abae8d9a28fae25d6f,2026-02-28T08:00:00Z,2026-02-28T08:18:20Z,auth,auth_enUS_labelerexp,at://did:plc:qywyjbhivdo4b333ilkf2zsh/app.bsky.feed.generator/aaadbjz6gsg6c,suggested_labelerexp,1,at://did:plc:yhzcj75lnqkq6g65ku5q3hip/app.bsky.feed.post/3mfvr6vzm6p2h,bafyreiheymc554blwkrlpma54eba4gfubf7j7l6myyzoagsifmo3vyoezy,did:plc:yhzcj75lnqkq6g65ku5q3hip,mpbookreviews.bsky.social,,
8edf3ec41a3c49abae8d9a28fae25d6f,2026-02-28T08:00:00Z,2026-02-28T08:18:20Z,auth,auth_enUS_labelerexp,at://did:plc:qywyjbhivdo4b333ilkf2zsh/app.bsky.feed.generator/aaadbjz6gsg6c,suggested_labelerexp,2,at://did:plc:rjjqs4p2q42aytgbxcosivpk/app.bsky.feed.post/3mfvn2wvnxs2w,bafyreigouygwwfyst43fo2dl3ntvi2miu7mtaywvzvv5vr7pnyss6ivck4,did:plc:rjjqs4p2q42aytgbxcosivpk,yukismilkyway.bsky.social,,
8edf3ec41a3c49abae8d9a28fae25d6f,2026-02-28T08:00:00Z,2026-02-28T08:18:20Z,auth,auth_enUS_labelerexp,at://did:plc:qywyjbhivdo4b333ilkf2zsh/app.bsky.feed.generator/aaadbjz6gsg6c,suggested_labelerexp,3,at://did:plc:pbtndojtdxivgl46nzri6gpa/app.bsky.feed.post/3mfvmxxkahk2y,bafyreihniaq23rfsndguyreqxkfkulujjiryvcpmauxqacl2au7fzn4qfu,did:plc:pbtndojtdxivgl46nzri6gpa,lilafairchild.bsky.social,,
8edf3ec41a3c49abae8d9a28fae25d6f,2026-02-28T08:00:00Z,2026-02-28T08:18:20Z,auth,auth_enUS_labelerexp,at://did:plc:qywyjbhivdo4b333ilkf2zsh/app.bsky.feed.generator/aaadbjz6gsg6c,suggested_labelerexp,4,at://did:plc:pbtndojtdxivgl46nzri6gpa/app.bsky.feed.post/3mfvmuwemnk2y,bafyreigc5x5oim77r6e3oz6ndtb74tnhrxvdvdr52qktzlv6w2wxhoor4y,did:plc:pbtndojtdxivgl46nzri6gpa,lilafairchild.bsky.social,,
8edf3ec41a3c49abae8d9a28fae25d6f,2026-02-28T08:00:00Z,2026-02-28T08:18:20Z,auth,auth_enUS_labelerexp,at://did:plc:qywyjbhivdo4b333ilkf2zsh/app.bsky.feed.generator/aaadbjz6gsg6c,suggested_labelerexp,5,at://did:plc:rjjqs4p2q42aytgbxcosivpk/app.bsky.feed.post/3mfvmuo6ntk2w,bafyreia2tes4ncehhqprfvr4p7lzs4ot4uuupvth5ynof454zfb46omnbi,did:plc:rjjqs4p2q42aytgbxcosivpk,yukismilkyway.bsky.social,,
8edf3ec41a3c49abae8d9a28fae25d6f,2026-02-28T08:00:00Z,2026-02-28T08:18:20Z,auth,auth_enUS_labelerexp,at://did:plc:qywyjbhivdo4b333ilkf2zsh/app.bsky.feed.generator/aaadbjz6gsg6c,suggested_labelerexp,6,at://did:plc:yzozcvol6r7pijjkotqy6eq7/app.bsky.feed.post/3mfvj6yxkwc2a,bafyreicgol3p4y2zpuwidzghq3w32saqsho6cbipxre2udita7b2gy6lkm,did:plc:yzozcvol6r7pijjkotqy6eq7,nikkicummings.bsky.social,,
8edf3ec41a3c49abae8d9a28fae25d6f,2026-02-28T08:00:00Z,2026-02-28T08:18:20Z,auth,auth_enUS_labelerexp,at://did:plc:qywyjbhivdo4b333ilkf2zsh/app.bsky.feed.generator/aaadbjz6gsg6c,suggested_labelerexp,7,at://did:plc:uhyvm4exaxd6ihx42zroif27/app.bsky.feed.post/3mfvefy47222u,bafyreigaoy7g3n37l2lbsrpfeyr4f7hwqhd5vw3g2tprolo34tcrp4l7hi,did:plc:uhyvm4exaxd6ihx42zroif27,amystaufferpa.bsky.social,,
8edf3ec41a3c49abae8d9a28fae25d6f,2026-02-28T08:00:00Z,2026-02-28T08:18:20Z,auth,auth_enUS_labelerexp,at://did:plc:qywyjbhivdo4b333ilkf2zsh/app.bsky.feed.generator/aaadbjz6gsg6c,suggested_labelerexp,8,at://did:plc:l4tdnjqw35lytvze34bmmycp/app.bsky.feed.post/3mfve2vj3mk2t,bafyreihnsr4ecrl4fh7xfwlv6cakwh7uh7ehozlxr5dfrbn32jzknpkq3u,did:plc:l4tdnjqw35lytvze34bmmycp,authorgmacshane.bsky.social,,
8edf3ec41a3c49abae8d9a28fae25d6f,2026-02-28T08:00:00Z,2026-02-28T08:18:20Z,auth,auth_enUS_labelerexp,at://did:plc:qywyjbhivdo4b333ilkf2zsh/app.bsky.feed.generator/aaadbjz6gsg6c,suggested_labelerexp,9,at://did:plc:j5kweeqaeeg6eb53ikzch5ha/app.bsky.feed.post/3mfvde7d2gk2m,bafyreiccjup3av2i4bbjnvmkg32qbxu72ck26hx5ngddqi2j4qe2tzfitu,did:plc:j5kweeqaeeg6eb53ikzch5ha,sylvia-rose-books.bsky.social,,
8edf3ec41a3c49abae8d9a28fae25d6f,2026-02-28T08:00:00Z,2026-02-28T08:18:20Z,auth,auth_enUS_labelerexp,at://did:plc:qywyjbhivdo4b333ilkf2zsh/app.bsky.feed.generator/aaadbjz6gsg6c,suggested_labelerexp,10,at://did:plc:ikceylxgc7ddzaozxm6433q3/app.bsky.feed.post/3mfvbilmdcs2v,bafyreihucmmdyjemo6f3lt46kvokyrc5hsrnosuqy75i6bxkjpdwsi4ksu,did:plc:ikceylxgc7ddzaozxm6433q3,saddletramp1956.bsky.social,,
8edf3ec41a3c49abae8d9a28fae25d6f,2026-02-28T08:00:00Z,2026-02-28T08:18:20Z,auth,auth_enUS_labelerexp,at://did:plc:qywyjbhivdo4b333ilkf2zsh/app.bsky.feed.generator/aaadbjz6gsg6c,suggested_labelerexp,11,at://did:plc:booutjom7yfglzn3jzwj52yq/app.bsky.feed.post/3mfv7ndlqu22s,bafyreihph534clgjx7i4usqpfyo6sfqaovahwlsrxz77iwm6alxudfso6a,did:plc:booutjom7yfglzn3jzwj52yq,lavampiresa.bsky.social,,
8edf3ec41a3c49abae8d9a28fae25d6f,2026-02-28T08:00:00Z,2026-02-28T08:18:20Z,auth,auth_enUS_labelerexp,at://did:plc:qywyjbhivdo4b333ilkf2zsh/app.bsky.feed.generator/aaadbjz6gsg6c,suggested_labelerexp,12,at://did:plc:oxwittlri2hrvpek444iog4u/app.bsky.feed.post/3mfv7lxmwzj2o,bafyreidufou23xubcjgakp2rrqcwsf7tbnhacoocksij5einu6yrfbuude,did:plc:oxwittlri2hrvpek444iog4u,taupress.com,,
8edf3ec41a3c49abae8d9a28fae25d6f,2026-02-28T08:00:00Z,2026-02-28T08:18:20Z,auth,auth_enUS_labelerexp,at://did:plc:qywyjbhivdo4b333ilkf2zsh/app.bsky.feed.generator/aaadbjz6gsg6c,suggested_labelerexp,13,at://did:plc:ro3im6l5fxjflufc75gvuuyn/app.bsky.feed.post/3mfv5fkjwdc27,bafyreig5h3xu4g5rccffhr4usrgn4nsebqph2b2pabzd5kytuy7ukwksw4,did:plc:ro3im6l5fxjflufc75gvuuyn,shallelujah.bsky.social,,
8edf3ec41a3c49abae8d9a28fae25d6f,2026-02-28T08:00:00Z,2026-02-28T08:18:20Z,auth,auth_enUS_labelerexp,at://did:plc:qywyjbhivdo4b333ilkf2zsh/app.bsky.feed.generator/aaadbjz6gsg6c,suggested_labelerexp,14,at://did:plc:egtkuay72hkdcfk53vqumo5y/app.bsky.feed.post/3mfuzzkw6l22x,bafyreied5gionv2v6eu7pzxc54swe54xje2tk7q3i2kehetq7zwwrj5viu,did:plc:egtkuay72hkdcfk53vqumo5y,billie.bookstoreromanceday.org,,
8edf3ec41a3c49abae8d9a28fae25d6f,2026-02-28T08:00:00Z,2026-02-28T08:18:20Z,auth,auth_enUS_labelerexp,at://did:plc:qywyjbhivdo4b333ilkf2zsh/app.bsky.feed.generator/aaadbjz6gsg6c,suggested_labelerexp,15,at://did:plc:cuhm5jzjf4hopukmiqezjbnb/app.bsky.feed.post/3mfuzyqderj2h,bafyreiei5nzbb2t6futpkhip5leb6j5pr6xoqohruqutwr6blkreyf5gyy,did:plc:cuhm5jzjf4hopukmiqezjbnb,blakerwolfe.bsky.social,,
8edf3ec41a3c49abae8d9a28fae25d6f,2026-02-28T08:00:00Z,2026-02-28T08:18:20Z,auth,auth_enUS_labelerexp,at://did:plc:qywyjbhivdo4b333ilkf2zsh/app.bsky.feed.generator/aaadbjz6gsg6c,suggested_labelerexp,16,at://did:plc:oz4ulaifaxjzsch7pddl5ynv/app.bsky.feed.post/3mfuz7zbvqc2c,bafyreiaipjvmsr24sfqpunev42edtc3pw6srk3rpj46svhhpm57pstmnny,did:plc:oz4ulaifaxjzsch7pddl5ynv,themmromance.bsky.social,,
8edf3ec41a3c49abae8d9a28fae25d6f,2026-02-28T08:00:00Z,2026-02-28T08:18:20Z,auth,auth_enUS_labelerexp,at://did:plc:qywyjbhivdo4b333ilkf2zsh/app.bsky.feed.generator/aaadbjz6gsg6c,suggested_labelerexp,17,at://did:plc:ylo34y4tf7wj6ftyvlalsr2a/app.bsky.feed.post/3mfuxvrxhgw2t,bafyreievoqm3rcjkqhgozod52ucozvfrfra44yg5644wh7ihpniwahkizi,did:plc:ylo34y4tf7wj6ftyvlalsr2a,smutandsensibility.bsky.social,,
8edf3ec41a3c49abae8d9a28fae25d6f,2026-02-28T08:00:00Z,2026-02-28T08:18:20Z,auth,auth_enUS_labelerexp,at://did:plc:qywyjbhivdo4b333ilkf2zsh/app.bsky.feed.generator/aaadbjz6gsg6c,suggested_labelerexp,18,at://did:plc:tvifycwrv3njl6z3vj3ngwxv/app.bsky.feed.post/3mfuxjj6axy2o,bafyreihwfmpbpzc2xbyanz3ckvgb27eaks2xy7hn6he2y2eyti3w7ifzl4,did:plc:tvifycwrv3njl6z3vj3ngwxv,heathgraysonauthor.bsky.social,,
8edf3ec41a3c49abae8d9a28fae25d6f,2026-02-28T08:00:00Z,2026-02-28T08:18:20Z,auth,auth_enUS_labelerexp,at://did:plc:qywyjbhivdo4b333ilkf2zsh/app.bsky.feed.generator/aaadbjz6gsg6c,suggested_labelerexp,19,at://did:plc:rvez4nurfhmymhjziokl3kyv/app.bsky.feed.post/3mfuxbz2l5k2v,bafyreiaaty6b77bkldu7c5m22sr6rekzrgg2scz2nf6j7zfx2al4ohwhre,did:plc:rvez4nurfhmymhjziokl3kyv,saracrown.bsky.social,,
8edf3ec41a3c49abae8d9a28fae25d6f,2026-02-28T08:00:00Z,2026-02-28T08:18:20Z,auth,auth_enUS_labelerexp,at://did:plc:qywyjbhivdo4b333ilkf2zsh/app.bsky.feed.generator/aaadbjz6gsg6c,suggested_labelerexp,20,at://did:plc:dxtgzkmarhdgodiihq5i67sv/app.bsky.feed.post/3mfuweumzfc2d,bafyreih6m4q34yjbvgp2r7dwxqpidnmivykjgcorhzraezhfmdypzcgkxm,did:plc:dxtgzkmarhdgodiihq5i67sv,amberchristinemn.bsky.social,,
8edf3ec41a3c49abae8d9a28fae25d6f,2026-02-28T08:00:00Z,2026-02-28T08:18:20Z,auth,auth_enUS_labelerexp,at://did:plc:qywyjbhivdo4b333ilkf2zsh/app.bsky.feed.generator/aaadbjz6gsg6c,suggested_labelerexp,21,at://did:plc:xe5p5lxambjzlfxi7qfi765a/app.bsky.feed.post/3mfuwbkt5qc2z,bafyreihncjadlgxjtdkxqj57qoqfelpfhuxc6322isaxzruingcdcvhmii,did:plc:xe5p5lxambjzlfxi7qfi765a,sophiajanehayden.link,,
8edf3ec41a3c49abae8d9a28fae25d6f,2026-02-28T08:00:00Z,2026-02-28T08:18:20Z,auth,auth_enUS_labelerexp,at://did:plc:qywyjbhivdo4b333ilkf2zsh/app.bsky.feed.generator/aaadbjz6gsg6c,suggested_labelerexp,22,at://did:plc:ylo34y4tf7wj6ftyvlalsr2a/app.bsky.feed.post/3mfusuf2kom2h,bafyreiafyaxxpfytdkl4jfhf4tqgyanv3qpuvpt46urauz5jfrt22dn2ry,did:plc:ylo34y4tf7wj6ftyvlalsr2a,smutandsensibility.bsky.social,,
8edf3ec41a3c49abae8d9a28fae25d6f,2026-02-28T08:00:00Z,2026-02-28T08:18:20Z,auth,auth_enUS_labelerexp,at://did:plc:qywyjbhivdo4b333ilkf2zsh/app.bsky.feed.generator/aaadbjz6gsg6c,suggested_labelerexp,23,at://did:plc:lezntanbcp6opqqfugin3fi4/app.bsky.feed.post/3mfurdl7lh22t,bafyreiczr2ijztnlqqrjn2oywqpqk567vxc3hvbflod5ri6dugd2p6y3a4,did:plc:lezntanbcp6opqqfugin3fi4,lornapeel.bsky.social,,
8edf3ec41a3c49abae8d9a28fae25d6f,2026-02-28T08:00:00Z,2026-02-28T08:18:20Z,auth,auth_enUS_labelerexp,at://did:plc:qywyjbhivdo4b333ilkf2zsh/app.bsky.feed.generator/aaadbjz6gsg6c,suggested_labelerexp,24,at://did:plc:zflhrgcogah546amaqrdaifb/app.bsky.feed.post/3mfur6rumyc2f,bafyreicc7gkkvoqyxlbpkrwurux6gvn7byfzolwgxiw3yzmgkyfaw6r2fq,did:plc:zflhrgcogah546amaqrdaifb,readingromancehea.bsky.social,,
8edf3ec41a3c49abae8d9a28fae25d6f,2026-02-28T08:00:00Z,2026-02-28T08:18:20Z,auth,auth_enUS_labelerexp,at://did:plc:qywyjbhivdo4b333ilkf2zsh/app.bsky.feed.generator/aaadbjz6gsg6c,suggested_labelerexp,25,at://did:plc:e4xpjervhzp6rrdbjkl4wz5c/app.bsky.feed.post/3mfur4xckbs26,bafyreiaty4cuk6w4rz7qa76jn4vi3pzh4y2irrth5zrjwmrjnsemwsdjye,did:plc:e4xpjervhzp6rrdbjkl4wz5c,authordelilahblaze.bsky.social,,
8edf3ec41a3c49abae8d9a28fae25d6f,2026-02-28T08:00:00Z,2026-02-28T08:18:20Z,auth,auth_enUS_labelerexp,at://did:plc:qywyjbhivdo4b333ilkf2zsh/app.bsky.feed.generator/aaadbjz6gsg6c,suggested_labelerexp,26,at://did:plc:bqxugaf53nq44zbi227sclcw/app.bsky.feed.post/3mfuqvqdfok2x,bafyreibrmo4cdfnptgugfgamj5uftstftkadesklv7gmrym3vyispeylpu,did:plc:bqxugaf53nq44zbi227sclcw,sheenahigh.xyz,,
8edf3ec41a3c49abae8d9a28fae25d6f,2026-02-28T08:00:00Z,2026-02-28T08:18:20Z,auth,auth_enUS_labelerexp,at://did:plc:qywyjbhivdo4b333ilkf2zsh/app.bsky.feed.generator/aaadbjz6gsg6c,suggested_labelerexp,27,at://did:plc:i2lkt3ovljcz3el3x65gqr7k/app.bsky.feed.post/3mfuqhfyfwk2r,bafyreiamzepafpvkerjfsois3gesshdiy2jxx4okzkrcqhikixsm2twelm,did:plc:i2lkt3ovljcz3el3x65gqr7k,oliviatrentauthor.bsky.social,,
8edf3ec41a3c49abae8d9a28fae25d6f,2026-02-28T08:00:00Z,2026-02-28T08:18:20Z,auth,auth_enUS_labelerexp,at://did:plc:qywyjbhivdo4b333ilkf2zsh/app.bsky.feed.generator/aaadbjz6gsg6c,suggested_labelerexp,28,at://did:plc:tj4didvflqjms7lqj2lck3pe/app.bsky.feed.post/3mfuq5riy6s2w,bafyreihxcdhn3rvppmfvylkv4wpfuymt72xn5mmjs5mrsm6zw7rhzytzae,did:plc:tj4didvflqjms7lqj2lck3pe,littleauthorandie.bsky.social,,
8edf3ec41a3c49abae8d9a28fae25d6f,2026-02-28T08:00:00Z,2026-02-28T08:18:20Z,auth,auth_enUS_labelerexp,at://did:plc:qywyjbhivdo4b333ilkf2zsh/app.bsky.feed.generator/aaadbjz6gsg6c,suggested_labelerexp,29,at://did:plc:rvez4nurfhmymhjziokl3kyv/app.bsky.feed.post/3mfupx6v4fs2r,bafyreiekgliz3kq75eb6r5hes2ppevmommwjw5ipd26fwcs4ikyj7nwiim,did:plc:rvez4nurfhmymhjziokl3kyv,saracrown.bsky.social,,
8edf3ec41a3c49abae8d9a28fae25d6f,2026-02-28T08:00:00Z,2026-02-28T08:18:20Z,auth,auth_enUS_labelerexp,at://did:plc:qywyjbhivdo4b333ilkf2zsh/app.bsky.feed.generator/aaadbjz6gsg6c,suggested_labelerexp,30,at://did:plc:duwwih4hkydlj4lewkp65dwi/app.bsky.feed.post/3mfupuxuon22n,bafyreicitj57ax3lbftqy66tjvsmt6pgcidp7mwyrxbehzeukfduz6bqma,did:plc:duwwih4hkydlj4lewkp65dwi,kevinklehr.bsky.social,,
8edf3ec41a3c49abae8d9a28fae25d6f,2026-02-28T08:00:00Z,2026-02-28T08:18:20Z,auth,auth_enUS_labelerexp,at://did:plc:qywyjbhivdo4b333ilkf2zsh/app.bsky.feed.generator/aaadbjz6gsg6c,suggested_labelerexp,31,at://did:plc:v7xgmwh35322ctx244ypnm6m/app.bsky.feed.post/3mfupjsmy6k2v,bafyreib2pa6dar5riotwyvoumuz4b4u233uohk6xiaahtdb4qxfeoh4ru4,did:plc:v7xgmwh35322ctx244ypnm6m,authormkmorris.bsky.social,,
8edf3ec41a3c49abae8d9a28fae25d6f,2026-02-28T08:00:00Z,2026-02-28T08:18:20Z,auth,auth_enUS_labelerexp,at://did:plc:qywyjbhivdo4b333ilkf2zsh/app.bsky.feed.generator/aaadbjz6gsg6c,suggested_labelerexp,32,at://did:plc:cuhm5jzjf4hopukmiqezjbnb/app.bsky.feed.post/3mfunojy6ym2z,bafyreiggo623f62tn7rwn6gvn7umdpoatg5jq2umqda6efp4773kenob5q,did:plc:cuhm5jzjf4hopukmiqezjbnb,blakerwolfe.bsky.social,,
8edf3ec41a3c49abae8d9a28fae25d6f,2026-02-28T08:00:00Z,2026-02-28T08:18:20Z,auth,auth_enUS_labelerexp,at://did:plc:qywyjbhivdo4b333ilkf2zsh/app.bsky.feed.generator/aaadbjz6gsg6c,suggested_labelerexp,33,at://did:plc:xe5p5lxambjzlfxi7qfi765a/app.bsky.feed.post/3mfumzgqfzc2h,bafyreigrohfqxodkswvoxczex7sz4mnjhwx7wiwu5k5g2zfxddcqgxnwra,did:plc:xe5p5lxambjzlfxi7qfi765a,sophiajanehayden.link,,
8edf3ec41a3c49abae8d9a28fae25d6f,2026-02-28T08:00:00Z,2026-02-28T08:18:20Z,auth,auth_enUS_labelerexp,at://did:plc:qywyjbhivdo4b333ilkf2zsh/app.bsky.feed.generator/aaadbjz6gsg6c,suggested_labelerexp,34,at://did:plc:ipv4drgfcg3ir6emgmah7sj2/app.bsky.feed.post/3mfumx7suzc2h,bafyreievn67cek5yyhnwxtaytpl3k4hyn64lhqbcm34fwujc5eorxrp3hy,did:plc:ipv4drgfcg3ir6emgmah7sj2,snackswrites.bsky.social,,
8edf3ec41a3c49abae8d9a28fae25d6f,2026-02-28T08:00:00Z,2026-02-28T08:18:20Z,auth,auth_enUS_labelerexp,at://did:plc:qywyjbhivdo4b333ilkf2zsh/app.bsky.feed.generator/aaadbjz6gsg6c,suggested_labelerexp,35,at://did:plc:rjsllzqde4g2jgjvjkrp3ttg/app.bsky.feed.post/3mfumjtzp3k23,bafyreiewbelb6sre4dfaah3bbfzf77ko5npjpe6nebqishf5qx7mzjhceu,did:plc:rjsllzqde4g2jgjvjkrp3ttg,robinknight.bsky.social,,
8edf3ec41a3c49abae8d9a28fae25d6f,2026-02-28T08:00:00Z,2026-02-28T08:18:20Z,auth,auth_enUS_labelerexp,at://did:plc:qywyjbhivdo4b333ilkf2zsh/app.bsky.feed.generator/aaadbjz6gsg6c,suggested_labelerexp,36,at://did:plc:ejs7bir2kdltme23tmfviv3g/app.bsky.feed.post/3mful62hszc2m,bafyreig5k5jej4p7otqt546lypvwuedo7lsbeseerktgwwu4i677owp7ee,did:plc:ejs7bir2kdltme23tmfviv3g,cleadraw.bsky.social,,
8edf3ec41a3c49abae8d9a28fae25d6f,2026-02-28T08:00:00Z,2026-02-28T08:18:20Z,auth,auth_enUS_labelerexp,at://did:plc:qywyjbhivdo4b333ilkf2zsh/app.bsky.feed.generator/aaadbjz6gsg6c,suggested_labelerexp,37,at://did:plc:kmjpyfrlhw47fx5btbjj6rca/app.bsky.feed.post/3mfukqrzk7c2g,bafyreidirknkfigfjwaqku5ndwwlb5mujizchbvdbis5zjavq2sv5uvx7q,did:plc:kmjpyfrlhw47fx5btbjj6rca,kimolisamings.bsky.social,,
8edf3ec41a3c49abae8d9a28fae25d6f,2026-02-28T08:00:00Z,2026-02-28T08:18:20Z,auth,auth_enUS_labelerexp,at://did:plc:qywyjbhivdo4b333ilkf2zsh/app.bsky.feed.generator/aaadbjz6gsg6c,suggested_labelerexp,38,at://did:plc:pelkigadvu6nqzeeec5coctm/app.bsky.feed.post/3mfuko4cops2h,bafyreiat6l2cxagzkeuf6f7u5pip6vddzgygv75l3xwdvil27uezjttigu,did:plc:pelkigadvu6nqzeeec5coctm,akivaleewrites.bsky.social,,
8edf3ec41a3c49abae8d9a28fae25d6f,2026-02-28T08:00:00Z,2026-02-28T08:18:20Z,auth,auth_enUS_labelerexp,at://did:plc:qywyjbhivdo4b333ilkf2zsh/app.bsky.feed.generator/aaadbjz6gsg6c,suggested_labelerexp,39,at://did:plc:kmjpyfrlhw47fx5btbjj6rca/app.bsky.feed.post/3mfuknu5n7c2g,bafyreihgeeaz3kjyf7ym3p7acqph3fns3n5z7y4lesuzilpidrf2sefrgu,did:plc:kmjpyfrlhw47fx5btbjj6rca,kimolisamings.bsky.social,,
8edf3ec41a3c49abae8d9a28fae25d6f,2026-02-28T08:00:00Z,2026-02-28T08:18:20Z,auth,auth_enUS_labelerexp,at://did:plc:qywyjbhivdo4b333ilkf2zsh/app.bsky.feed.generator/aaadbjz6gsg6c,suggested_labelerexp,40,at://did:plc:ccaieejzmhh6kdwfdi75sdcs/app.bsky.feed.post/3mfukc4lqws27,bafyreicwzuz7y34vgs76najjwfb3a76obnwrgk4aygvsmjkjtilgmcaxc4,did:plc:ccaieejzmhh6kdwfdi75sdcs,cllambauthor.bsky.social,,
8edf3ec41a3c49abae8d9a28fae25d6f,2026-02-28T08:00:00Z,2026-02-28T08:18:20Z,auth,auth_enUS_labelerexp,at://did:plc:qywyjbhivdo4b333ilkf2zsh/app.bsky.feed.generator/aaadbjz6gsg6c,suggested_labelerexp,41,at://did:plc:2g5n6nwxrnffx3p7oqrt25wl/app.bsky.feed.post/3mfukbjekg225,bafyreiekf2cxfnfgu6zlkzi6hy5vult66maylwb6emt2g2cuckfoyc657e,did:plc:2g5n6nwxrnffx3p7oqrt25wl,sueghosh.bsky.social,,
8edf3ec41a3c49abae8d9a28fae25d6f,2026-02-28T08:00:00Z,2026-02-28T08:18:20Z,auth,auth_enUS_labelerexp,at://did:plc:qywyjbhivdo4b333ilkf2zsh/app.bsky.feed.generator/aaadbjz6gsg6c,suggested_labelerexp,42,at://did:plc:oikfbwcljt3xwztforluzqwx/app.bsky.feed.post/3mfujnkdzus2q,bafyreiek4clncdszwgvtio5pupihn4wbql5jsroj4fffzitf3d667ljkdu,did:plc:oikfbwcljt3xwztforluzqwx,kaylaperrin.bsky.social,,
8edf3ec41a3c49abae8d9a28fae25d6f,2026-02-28T08:00:00Z,2026-02-28T08:18:20Z,auth,auth_enUS_labelerexp,at://did:plc:qywyjbhivdo4b333ilkf2zsh/app.bsky.feed.generator/aaadbjz6gsg6c,suggested_labelerexp,43,at://did:plc:kv2zk5wwx2jiiisxgfxr3szq/app.bsky.feed.post/3mfujbpawks2b,bafyreidipniuafgbozdqvxh3ntoelgewcimxkkqx52ie7phf3rjpfmcn7a,did:plc:kv2zk5wwx2jiiisxgfxr3szq,sadirastone.bsky.social,,
8edf3ec41a3c49abae8d9a28fae25d6f,2026-02-28T08:00:00Z,2026-02-28T08:18:20Z,auth,auth_enUS_labelerexp,at://did:plc:qywyjbhivdo4b333ilkf2zsh/app.bsky.feed.generator/aaadbjz6gsg6c,suggested_labelerexp,44,at://did:plc:pql3gvizehmgp3moaqflri7m/app.bsky.feed.post/3mfuiu2i5r323,bafyreih6c47fx7terjzgzct5j34ggqmdyiydy7cw5qdqrz4ld2s3dqwn6q,did:plc:pql3gvizehmgp3moaqflri7m,lynnmichaels.bsky.social,,
8edf3ec41a3c49abae8d9a28fae25d6f,2026-02-28T08:00:00Z,2026-02-28T08:18:20Z,auth,auth_enUS_labelerexp,at://did:plc:qywyjbhivdo4b333ilkf2zsh/app.bsky.feed.generator/aaadbjz6gsg6c,suggested_labelerexp,45,at://did:plc:uzrxb4k7h4n7sqolep27b6wt/app.bsky.feed.post/3mfuhrvlye22q,bafyreie5lxhoz6jtxlijkitfmjpkrmo3e6kx3umle33k66xhsaxeyjpkga,did:plc:uzrxb4k7h4n7sqolep27b6wt,bonobochick.bsky.social,,
8edf3ec41a3c49abae8d9a28fae25d6f,2026-02-28T08:00:00Z,2026-02-28T08:18:20Z,auth,auth_enUS_labelerexp,at://did:plc:qywyjbhivdo4b333ilkf2zsh/app.bsky.feed.generator/aaadbjz6gsg6c,suggested_labelerexp,46,at://did:plc:ggk5iorblekim65knokejdgx/app.bsky.feed.post/3mfuhfotsks2y,bafyreicmxmunpxadcnxm3h25yl62aadbv7vkre732e2zu7ersyhejsddfa,did:plc:ggk5iorblekim65knokejdgx,ashthestampede.bsky.social,,
8edf3ec41a3c49abae8d9a28fae25d6f,2026-02-28T08:00:00Z,2026-02-28T08:18:20Z,auth,auth_enUS_labelerexp,at://did:plc:qywyjbhivdo4b333ilkf2zsh/app.bsky.feed.generator/aaadbjz6gsg6c,suggested_labelerexp,47,at://did:plc:6pheq2dcosnemiofswdtda5o/app.bsky.feed.post/3mfugb4kszs2v,bafyreigmtqmq5buyp3e5ddrnmc3ioyxbqjws75mwfkn2rifvqkngxldszi,did:plc:6pheq2dcosnemiofswdtda5o,ingloriousgigi.bsky.social,,
8edf3ec41a3c49abae8d9a28fae25d6f,2026-02-28T08:00:00Z,2026-02-28T08:18:20Z,auth,auth_enUS_labelerexp,at://did:plc:qywyjbhivdo4b333ilkf2zsh/app.bsky.feed.generator/aaadbjz6gsg6c,suggested_labelerexp,48,at://did:plc:ikceylxgc7ddzaozxm6433q3/app.bsky.feed.post/3mfufz6sgtk2b,bafyreigzo5gtvvrqej6n4bgkify3dttlprqhxnt4agdshoaodpeus3pokm,did:plc:ikceylxgc7ddzaozxm6433q3,saddletramp1956.bsky.social,,
8edf3ec41a3c49abae8d9a28fae25d6f,2026-02-28T08:00:00Z,2026-02-28T08:18:20Z,auth,auth_enUS_labelerexp,at://did:plc:qywyjbhivdo4b333ilkf2zsh/app.bsky.feed.generator/aaadbjz6gsg6c,suggested_labelerexp,49,at://did:plc:53oowya7yj2bkqsh3xvpoibu/app.bsky.feed.post/3mfuferyeoq2x,bafyreiaan45bwexb7ucfe4meyjghx4svzaxhetjapzg5fzvmbuxgxsxyai,did:plc:53oowya7yj2bkqsh3xvpoibu,tl-ryan.bsky.social,,
8edf3ec41a3c49abae8d9a28fae25d6f,2026-02-28T08:00:00Z,2026-02-28T08:18:20Z,auth,auth_enUS_labelerexp,at://did:plc:qywyjbhivdo4b333ilkf2zsh/app.bsky.feed.generator/aaadbjz6gsg6c,suggested_labelerexp,50,at://did:plc:fdywya2w6tt4a2cjnju27sk2/app.bsky.feed.post/3mfuf36dzuc2e,bafyreid2nfvj25lqscjkfo2jtjyqjhg3m2jjsu64f2vmbwncugmaw2hnpe,did:plc:fdywya2w6tt4a2cjnju27sk2,cassandrableigh.bsky.social,,
8edf3ec41a3c49abae8d9a28fae25d6f,2026-02-28T08:00:00Z,2026-02-28T08:18:22Z,auth,auth_enUS_labelerexp,at://did:plc:v336bgjhyj5suvc6ds5vkckg/app.bsky.feed.generator/aaabygc4ng36o,suggested_labelerexp,1,at://did:plc:v336bgjhyj5suvc6ds5vkckg/app.bsky.feed.post/3m7ivmwvxsk2c,bafyreiaqkeioi4veqknfdfvgxurwfjdrsdlof7ntczgf4jl24cwkq7wrhm,did:plc:v336bgjhyj5suvc6ds5vkckg,rabbitholer.bsky.social,,
8edf3ec41a3c49abae8d9a28fae25d6f,2026-02-28T08:00:00Z,2026-02-28T08:18:22Z,auth,auth_enUS_labelerexp,at://did:plc:v336bgjhyj5suvc6ds5vkckg/app.bsky.feed.generator/aaabygc4ng36o,suggested_labelerexp,2,at://did:plc:p4fgtxgagjuas4j2lkyhjcg5/app.bsky.feed.post/3mfvpd7qrni24,bafyreietiozfyl6qlvkodeaxa4jnyta7ipukqrb522exkvpbjll4oc4sxy,did:plc:p4fgtxgagjuas4j2lkyhjcg5,haemnet.bsky.social,,
8edf3ec41a3c49abae8d9a28fae25d6f,2026-02-28T08:00:00Z,2026-02-28T08:18:22Z,auth,auth_enUS_labelerexp,at://did:plc:v336bgjhyj5suvc6ds5vkckg/app.bsky.feed.generator/aaabygc4ng36o,suggested_labelerexp,3,at://did:plc:vpdmzymctty4jk2bidpfoogv/app.bsky.feed.post/3mfvngid3mq2w,bafyreig6r4prxlkoiqvek4drhkbivprdptdttoreuytalczkncpuoqhv6q,did:plc:vpdmzymctty4jk2bidpfoogv,medicine.stitches.today,,
8edf3ec41a3c49abae8d9a28fae25d6f,2026-02-28T08:00:00Z,2026-02-28T08:18:22Z,auth,auth_enUS_labelerexp,at://did:plc:v336bgjhyj5suvc6ds5vkckg/app.bsky.feed.generator/aaabygc4ng36o,suggested_labelerexp,4,at://did:plc:4naxrur5ud3q7inqiehueuxg/app.bsky.feed.post/3mfvkugrgoc2l,bafyreid7yqtych43lowpqurkeeivlc3ioreehkcfpdf3yacxf5xcl34b64,did:plc:4naxrur5ud3q7inqiehueuxg,atomicpopwi.bsky.social,,
8edf3ec41a3c49abae8d9a28fae25d6f,2026-02-28T08:00:00Z,2026-02-28T08:18:22Z,auth,auth_enUS_labelerexp,at://did:plc:v336bgjhyj5suvc6ds5vkckg/app.bsky.feed.generator/aaabygc4ng36o,suggested_labelerexp,5,at://did:plc:6f4nmmqkyhw2isl4ngubzjn5/app.bsky.feed.post/3mfvjafpk622w,bafyreidxknjnksq3mgqqa6aeyave254kpkklmmn6allrq7ybqgczjo5lhq,did:plc:6f4nmmqkyhw2isl4ngubzjn5,viewfromargus.bsky.social,,
8edf3ec41a3c49abae8d9a28fae25d6f,2026-02-28T08:00:00Z,2026-02-28T08:18:22Z,auth,auth_enUS_labelerexp,at://did:plc:v336bgjhyj5suvc6ds5vkckg/app.bsky.feed.generator/aaabygc4ng36o,suggested_labelerexp,6,at://did:plc:bp4q2w7xvjqxzrrglnx74nul/app.bsky.feed.post/3mfvhshmbfk2u,bafyreidcuum6z7gl4p5nrbhkx2zpayyqso443jcvfxi3hygyepbddh7fki,did:plc:bp4q2w7xvjqxzrrglnx74nul,lakitukl.bsky.social,,
8edf3ec41a3c49abae8d9a28fae25d6f,2026-02-28T08:00:00Z,2026-02-28T08:18:22Z,auth,auth_enUS_labelerexp,at://did:plc:v336bgjhyj5suvc6ds5vkckg/app.bsky.feed.generator/aaabygc4ng36o,suggested_labelerexp,7,at://did:plc:ep5l4ixikvwk6mqacxohricu/app.bsky.feed.post/3mfvfybfe7s2n,bafyreidusi2eao6fo7um3miqna3febbhau3rnx4sjvy3qnuktpbcadwguu,did:plc:ep5l4ixikvwk6mqacxohricu,cbarbermd.bsky.social,,
8edf3ec41a3c49abae8d9a28fae25d6f,2026-02-28T08:00:00Z,2026-02-28T08:18:22Z,auth,auth_enUS_labelerexp,at://did:plc:v336bgjhyj5suvc6ds5vkckg/app.bsky.feed.generator/aaabygc4ng36o,suggested_labelerexp,8,at://did:plc:jacahp6xotj3deuhokfvvsnm/app.bsky.feed.post/3mfvfkpopz22t,bafyreiepjwkkzqd4p37izi4fmkxhpbnmn7zzrqb6l2rwcglsfhtjpvihky,did:plc:jacahp6xotj3deuhokfvvsnm,maicolourlife.bsky.social,,
8edf3ec41a3c49abae8d9a28fae25d6f,2026-02-28T08:00:00Z,2026-02-28T08:18:22Z,auth,auth_enUS_labelerexp,at://did:plc:v336bgjhyj5suvc6ds5vkckg/app.bsky.feed.generator/aaabygc4ng36o,suggested_labelerexp,9,at://did:plc:5o6x3waq7nl7koptwwyhqmfu/app.bsky.feed.post/3mfverdw33c2v,bafyreihnyl2zxudmdj4jcdjlmshqixjsdqnnhbur3asd2mhqfdlouoghku,did:plc:5o6x3waq7nl7koptwwyhqmfu,serlingblair.bsky.social,,
8edf3ec41a3c49abae8d9a28fae25d6f,2026-02-28T08:00:00Z,2026-02-28T08:18:22Z,auth,auth_enUS_labelerexp,at://did:plc:v336bgjhyj5suvc6ds5vkckg/app.bsky.feed.generator/aaabygc4ng36o,suggested_labelerexp,10,at://did:plc:v3qidkwdgquq42eikzvtevlp/app.bsky.feed.post/3mfve3gurts2v,bafyreig56uddq46ftfqqn7psdlqnceikd7gjlna5k3w3w5cpqtsewiissm,did:plc:v3qidkwdgquq42eikzvtevlp,buchanan.today,,
8edf3ec41a3c49abae8d9a28fae25d6f,2026-02-28T08:00:00Z,2026-02-28T08:18:22Z,auth,auth_enUS_labelerexp,at://did:plc:v336bgjhyj5suvc6ds5vkckg/app.bsky.feed.generator/aaabygc4ng36o,suggested_labelerexp,11,at://did:plc:7rwqyrfmzkpb3qxchqtotyjw/app.bsky.feed.post/3mfvc5llnhg2w,bafyreiczvldibsgam22dp4bk3f33jycr2dkiqqjz3y7audiliano536goa,did:plc:7rwqyrfmzkpb3qxchqtotyjw,dan-munro.com,,
8edf3ec41a3c49abae8d9a28fae25d6f,2026-02-28T08:00:00Z,2026-02-28T08:18:22Z,auth,auth_enUS_labelerexp,at://did:plc:v336bgjhyj5suvc6ds5vkckg/app.bsky.feed.generator/aaabygc4ng36o,suggested_labelerexp,12,at://did:plc:lvopkyc5xdyjfx3odat3nqus/app.bsky.feed.post/3mfvb3y7t7k25,bafyreihy4jzl3kmoplervizzz5zrxalujohjwlq72ucnfeacwbs3ptakdu,did:plc:lvopkyc5xdyjfx3odat3nqus,amal-kafarrnaa3.myatproto.social,,
8edf3ec41a3c49abae8d9a28fae25d6f,2026-02-28T08:00:00Z,2026-02-28T08:18:22Z,auth,auth_enUS_labelerexp,at://did:plc:v336bgjhyj5suvc6ds5vkckg/app.bsky.feed.generator/aaabygc4ng36o,suggested_labelerexp,13,at://did:plc:sox6xar4qdc3ujhi5h4whtlh/app.bsky.feed.post/3mfv7jqjqn22h,bafyreie2wpunl3lphk2jq56kwf2vfpxlg4sofjpk7y67to7yyok322assy,did:plc:sox6xar4qdc3ujhi5h4whtlh,jcyaroch.bsky.social,,
8edf3ec41a3c49abae8d9a28fae25d6f,2026-02-28T08:00:00Z,2026-02-28T08:18:22Z,auth,auth_enUS_labelerexp,at://did:plc:v336bgjhyj5suvc6ds5vkckg/app.bsky.feed.generator/aaabygc4ng36o,suggested_labelerexp,14,at://did:plc:5dokrqnikwh5egun7yfivvi2/app.bsky.feed.post/3mfv7f6mwc22b,bafyreicmjwo3kh2vo55bf2hc6jprugurmihtlcuuie3jgi3vjysgy7i6ci,did:plc:5dokrqnikwh5egun7yfivvi2,tyrotcm.bsky.social,,
8edf3ec41a3c49abae8d9a28fae25d6f,2026-02-28T08:00:00Z,2026-02-28T08:18:22Z,auth,auth_enUS_labelerexp,at://did:plc:v336bgjhyj5suvc6ds5vkckg/app.bsky.feed.generator/aaabygc4ng36o,suggested_labelerexp,15,at://did:plc:pxkvwbfmltijbpjzk5srddcu/app.bsky.feed.post/3mfv7dz6hpc2s,bafyreia3e2tq7dgjp36pp5i63wsdjtakwuem3xs755ch7xgsbl2t6upcx4,did:plc:pxkvwbfmltijbpjzk5srddcu,nrrjournalofficial.bsky.social,,
8edf3ec41a3c49abae8d9a28fae25d6f,2026-02-28T08:00:00Z,2026-02-28T08:18:22Z,auth,auth_enUS_labelerexp,at://did:plc:v336bgjhyj5suvc6ds5vkckg/app.bsky.feed.generator/aaabygc4ng36o,suggested_labelerexp,16,at://did:plc:qdbjeqjdesxm5qcdsvufefqv/app.bsky.feed.post/3mfv6wniuas2g,bafyreibwfr2vazvit756wufd2s6w5ogddoz4vsdsmpwylsjq33x5weqeru,did:plc:qdbjeqjdesxm5qcdsvufefqv,covidchronicles.bsky.social,,
8edf3ec41a3c49abae8d9a28fae25d6f,2026-02-28T08:00:00Z,2026-02-28T08:18:22Z,auth,auth_enUS_labelerexp,at://did:plc:v336bgjhyj5suvc6ds5vkckg/app.bsky.feed.generator/aaabygc4ng36o,suggested_labelerexp,17,at://did:plc:qdbjeqjdesxm5qcdsvufefqv/app.bsky.feed.post/3mfv6wm3lz22g,bafyreibu6bbrttb2i6sdmls52dlenjmihmuup2sz6utremakuscvouqliq,did:plc:qdbjeqjdesxm5qcdsvufefqv,covidchronicles.bsky.social,,
8edf3ec41a3c49abae8d9a28fae25d6f,2026-02-28T08:00:00Z,2026-02-28T08:18:22Z,auth,auth_enUS_labelerexp,at://did:plc:v336bgjhyj5suvc6ds5vkckg/app.bsky.feed.generator/aaabygc4ng36o,suggested_labelerexp,18,at://did:plc:uxritivnuy2jyohfvxhcpvc2/app.bsky.feed.post/3mfv6id52522b,bafyreihrisbz6fjx3rli6cvpwgrmvaj5c233qasalx5c6x452t4cv3ustm,did:plc:uxritivnuy2jyohfvxhcpvc2,averagedoc.bsky.social,,
8edf3ec41a3c49abae8d9a28fae25d6f,2026-02-28T08:00:00Z,2026-02-28T08:18:22Z,auth,auth_enUS_labelerexp,at://did:plc:v336bgjhyj5suvc6ds5vkckg/app.bsky.feed.generator/aaabygc4ng36o,suggested_labelerexp,19,at://did:plc:pk3zrfj243yiew45yr2xdi2u/app.bsky.feed.post/3mfv4w427wk2j,bafyreihywoe5wdxtak7x3cqb7lcbg3pakzyqvmqqah7qtby2dyibmeckxu,did:plc:pk3zrfj243yiew45yr2xdi2u,fincaelsordo.bsky.social,,
8edf3ec41a3c49abae8d9a28fae25d6f,2026-02-28T08:00:00Z,2026-02-28T08:18:22Z,auth,auth_enUS_labelerexp,at://did:plc:v336bgjhyj5suvc6ds5vkckg/app.bsky.feed.generator/aaabygc4ng36o,suggested_labelerexp,20,at://did:plc:r3lbnwq7ec24jjunqg773mr2/app.bsky.feed.post/3mfv45tzcmc2r,bafyreigmbkmnaang57dp5cnhcrjvx5v4nfwwifc3iod7rjuvxhjxhk32ia,did:plc:r3lbnwq7ec24jjunqg773mr2,annalsats.bsky.social,,
8edf3ec41a3c49abae8d9a28fae25d6f,2026-02-28T08:00:00Z,2026-02-28T08:18:22Z,auth,auth_enUS_labelerexp,at://did:plc:v336bgjhyj5suvc6ds5vkckg/app.bsky.feed.generator/aaabygc4ng36o,suggested_labelerexp,21,at://did:plc:2q3k2poacwjt7fxei4wkv7sx/app.bsky.feed.post/3mfv424qsok2u,bafyreievh7k6tviocsh5xmhfsno6s3lv5npni6dcrosfc7ruarrefjbssu,did:plc:2q3k2poacwjt7fxei4wkv7sx,bellmore.bsky.social,,
8edf3ec41a3c49abae8d9a28fae25d6f,2026-02-28T08:00:00Z,2026-02-28T08:18:22Z,auth,auth_enUS_labelerexp,at://did:plc:v336bgjhyj5suvc6ds5vkckg/app.bsky.feed.generator/aaabygc4ng36o,suggested_labelerexp,22,at://did:plc:wov2eaw5ey2ilfkdn2l52hf7/app.bsky.feed.post/3mfv3wcunyk2r,bafyreie2kcjfx7em4w5bp3vpkv32bjn3hs2enwtryhfnkg73aqlerzh7ee,did:plc:wov2eaw5ey2ilfkdn2l52hf7,ajrcmb.bsky.social,,
8edf3ec41a3c49abae8d9a28fae25d6f,2026-02-28T08:00:00Z,2026-02-28T08:18:22Z,auth,auth_enUS_labelerexp,at://did:plc:v336bgjhyj5suvc6ds5vkckg/app.bsky.feed.generator/aaabygc4ng36o,suggested_labelerexp,23,at://did:plc:ulr5lckvhqjvtkcefnbsebfr/app.bsky.feed.post/3mfv3o2vx322r,bafyreigqw5a5j5tlb3uo4tgspncgqlrhkpcbjdtv3bd3m63uzmcuq7u6ju,did:plc:ulr5lckvhqjvtkcefnbsebfr,atsblueeditor.bsky.social,,
8edf3ec41a3c49abae8d9a28fae25d6f,2026-02-28T08:00:00Z,2026-02-28T08:18:22Z,auth,auth_enUS_labelerexp,at://did:plc:v336bgjhyj5suvc6ds5vkckg/app.bsky.feed.generator/aaabygc4ng36o,suggested_labelerexp,24,at://did:plc:ep5l4ixikvwk6mqacxohricu/app.bsky.feed.post/3mfuz4cplrc2a,bafyreihl4pvdkbrw6t7v7qsayuow4jtq2ayycrzrgj5jg7ixludhnx6rga,did:plc:ep5l4ixikvwk6mqacxohricu,cbarbermd.bsky.social,,
8edf3ec41a3c49abae8d9a28fae25d6f,2026-02-28T08:00:00Z,2026-02-28T08:18:22Z,auth,auth_enUS_labelerexp,at://did:plc:v336bgjhyj5suvc6ds5vkckg/app.bsky.feed.generator/aaabygc4ng36o,suggested_labelerexp,25,at://did:plc:psganydowl374ssfnjqxycvv/app.bsky.feed.post/3mfuyljzfkc2g,bafyreieoghyo5bqkmzvrdingyowtlfidh6sdddlsypk7bk3l6qiknymp7e,did:plc:psganydowl374ssfnjqxycvv,jasminemay.latinsky.social,,
8edf3ec41a3c49abae8d9a28fae25d6f,2026-02-28T08:00:00Z,2026-02-28T08:18:22Z,auth,auth_enUS_labelerexp,at://did:plc:v336bgjhyj5suvc6ds5vkckg/app.bsky.feed.generator/aaabygc4ng36o,suggested_labelerexp,26,at://did:plc:brydevdr22vgr4l5ohzsqsbf/app.bsky.feed.post/3mfuyj7ro4c2s,bafyreihcsfkk3vkics6tg6xw3tnk2yxhlxjnw2noj4iyco622wjqzaxcqe,did:plc:brydevdr22vgr4l5ohzsqsbf,maggiefox.bsky.social,,
8edf3ec41a3c49abae8d9a28fae25d6f,2026-02-28T08:00:00Z,2026-02-28T08:18:22Z,auth,auth_enUS_labelerexp,at://did:plc:v336bgjhyj5suvc6ds5vkckg/app.bsky.feed.generator/aaabygc4ng36o,suggested_labelerexp,27,at://did:plc:ep5l4ixikvwk6mqacxohricu/app.bsky.feed.post/3mfux7wruts2f,bafyreihra225j6h6bwolqytug5t5tbz6fh2jfrtmebcbpor3v5qcndmx4a,did:plc:ep5l4ixikvwk6mqacxohricu,cbarbermd.bsky.social,,
8edf3ec41a3c49abae8d9a28fae25d6f,2026-02-28T08:00:00Z,2026-02-28T08:18:22Z,auth,auth_enUS_labelerexp,at://did:plc:v336bgjhyj5suvc6ds5vkckg/app.bsky.feed.generator/aaabygc4ng36o,suggested_labelerexp,28,at://did:plc:jacahp6xotj3deuhokfvvsnm/app.bsky.feed.post/3mfuwilezy22g,bafyreihjuatrzpzrmfx4oj3hrgliugdijjerri75lctpocoupfywtmifci,did:plc:jacahp6xotj3deuhokfvvsnm,maicolourlife.bsky.social,,
8edf3ec41a3c49abae8d9a28fae25d6f,2026-02-28T08:00:00Z,2026-02-28T08:18:22Z,auth,auth_enUS_labelerexp,at://did:plc:v336bgjhyj5suvc6ds5vkckg/app.bsky.feed.generator/aaabygc4ng36o,suggested_labelerexp,29,at://did:plc:ep5l4ixikvwk6mqacxohricu/app.bsky.feed.post/3mfuw76xaes2f,bafyreigjuklu2anpfo5e3joxr7gadlhzx4ya2ldaxhjyo2m6hnudizzgxa,did:plc:ep5l4ixikvwk6mqacxohricu,cbarbermd.bsky.social,,
8edf3ec41a3c49abae8d9a28fae25d6f,2026-02-28T08:00:00Z,2026-02-28T08:18:22Z,auth,auth_enUS_labelerexp,at://did:plc:v336bgjhyj5suvc6ds5vkckg/app.bsky.feed.generator/aaabygc4ng36o,suggested_labelerexp,30,at://did:plc:kmd3ofxk56mmj53nyark2jg3/app.bsky.feed.post/3mfuuj5svcr2b,bafyreia5s35ct47o3c34ra3s75cj7hwknatm7z6xhdlewh7ngbfcoah2di,did:plc:kmd3ofxk56mmj53nyark2jg3,achronicvoice.com,,
8edf3ec41a3c49abae8d9a28fae25d6f,2026-02-28T08:00:00Z,2026-02-28T08:18:22Z,auth,auth_enUS_labelerexp,at://did:plc:v336bgjhyj5suvc6ds5vkckg/app.bsky.feed.generator/aaabygc4ng36o,suggested_labelerexp,31,at://did:plc:jbuz5q2dgf6ejmas56cgoodz/app.bsky.feed.post/3mfutlbqxqs2w,bafyreifuxnefdnakpryzewddnn3zz6pb5a4kxnqltnfumsflcits567fne,did:plc:jbuz5q2dgf6ejmas56cgoodz,aliciaault.bsky.social,,
8edf3ec41a3c49abae8d9a28fae25d6f,2026-02-28T08:00:00Z,2026-02-28T08:18:22Z,auth,auth_enUS_labelerexp,at://did:plc:v336bgjhyj5suvc6ds5vkckg/app.bsky.feed.generator/aaabygc4ng36o,suggested_labelerexp,32,at://did:plc:dztnobglcuywvvft7ldnyy6f/app.bsky.feed.post/3mfute7wnks26,bafyreihoaaxtzpx6x6tco6a5i7eb24nvpozcs6anj6ppmcmb655xul5kwm,did:plc:dztnobglcuywvvft7ldnyy6f,semireflection.bsky.social,,
8edf3ec41a3c49abae8d9a28fae25d6f,2026-02-28T08:00:00Z,2026-02-28T08:18:22Z,auth,auth_enUS_labelerexp,at://did:plc:v336bgjhyj5suvc6ds5vkckg/app.bsky.feed.generator/aaabygc4ng36o,suggested_labelerexp,33,at://did:plc:ulozjjf5jrge3s4yr7luulgu/app.bsky.feed.post/3mfuszxheac2d,bafyreiehx5ezyw3wxonmk3uz4uzzcxrugdoufyqpsozaygp7xmuer6ip3u,did:plc:ulozjjf5jrge3s4yr7luulgu,oncodaily.bsky.social,,
8edf3ec41a3c49abae8d9a28fae25d6f,2026-02-28T08:00:00Z,2026-02-28T08:18:22Z,auth,auth_enUS_labelerexp,at://did:plc:v336bgjhyj5suvc6ds5vkckg/app.bsky.feed.generator/aaabygc4ng36o,suggested_labelerexp,34,at://did:plc:hxbj3ctxzumo3xqqscuwznum/app.bsky.feed.post/3mfusor64k22i,bafyreib7fmr4k5egzgutwslu7n2sek4vtfhtvtbfulkntguq3s6pnj3sge,did:plc:hxbj3ctxzumo3xqqscuwznum,kirchoff.org,,
8edf3ec41a3c49abae8d9a28fae25d6f,2026-02-28T08:00:00Z,2026-02-28T08:18:22Z,auth,auth_enUS_labelerexp,at://did:plc:v336bgjhyj5suvc6ds5vkckg/app.bsky.feed.generator/aaabygc4ng36o,suggested_labelerexp,35,at://did:plc:5zl64ncagcya4kwj74hx3tug/app.bsky.feed.post/3mfurp4225s2w,bafyreihzxd637vqgdh3itql3ahfmzvzjyuzh27bmfc3ox5zo67bxvtvnyi,did:plc:5zl64ncagcya4kwj74hx3tug,henlopen.bsky.social,,
8edf3ec41a3c49abae8d9a28fae25d6f,2026-02-28T08:00:00Z,2026-02-28T08:18:22Z,auth,auth_enUS_labelerexp,at://did:plc:v336bgjhyj5suvc6ds5vkckg/app.bsky.feed.generator/aaabygc4ng36o,suggested_labelerexp,36,at://did:plc:d6hzqvwtysub54ojigevoqij/app.bsky.feed.post/3mfupssxbfc2o,bafyreiezat4inlk2maep3abxv2lj7tyturl5ybsihb4ck3x7lpgtohheee,did:plc:d6hzqvwtysub54ojigevoqij,alisonannyoung.bsky.social,,
8edf3ec41a3c49abae8d9a28fae25d6f,2026-02-28T08:00:00Z,2026-02-28T08:18:22Z,auth,auth_enUS_labelerexp,at://did:plc:v336bgjhyj5suvc6ds5vkckg/app.bsky.feed.generator/aaabygc4ng36o,suggested_labelerexp,37,at://did:plc:y6msusnvv26y7o3ldyvyo6ge/app.bsky.feed.post/3mfupim6i7c2c,bafyreibj5eolcfqsnfngbynsiw5rrake5oi3t5kfnaimcfmxajbmtx42la,did:plc:y6msusnvv26y7o3ldyvyo6ge,sejordt.bsky.social,,
8edf3ec41a3c49abae8d9a28fae25d6f,2026-02-28T08:00:00Z,2026-02-28T08:18:22Z,auth,auth_enUS_labelerexp,at://did:plc:v336bgjhyj5suvc6ds5vkckg/app.bsky.feed.generator/aaabygc4ng36o,suggested_labelerexp,38,at://did:plc:g323nwoy6rzvxylyjmn243qu/app.bsky.feed.post/3mfupdcira22n,bafyreihzcsin6kitoums74y5t3ewsqraielng3xouuqtpfz2s57qpcp32u,did:plc:g323nwoy6rzvxylyjmn243qu,electricbluesfan.bsky.social,,
8edf3ec41a3c49abae8d9a28fae25d6f,2026-02-28T08:00:00Z,2026-02-28T08:18:22Z,auth,auth_enUS_labelerexp,at://did:plc:v336bgjhyj5suvc6ds5vkckg/app.bsky.feed.generator/aaabygc4ng36o,suggested_labelerexp,39,at://did:plc:56e6q4awm6xz4l36bijkzcge/app.bsky.feed.post/3mfup6s535k2u,bafyreia6czprxcirqe36ns5cbciwc3q65yznyvop7qgasgw6d4h5ef23oq,did:plc:56e6q4awm6xz4l36bijkzcge,sargsyanz.bsky.social,,
8edf3ec41a3c49abae8d9a28fae25d6f,2026-02-28T08:00:00Z,2026-02-28T08:18:22Z,auth,auth_enUS_labelerexp,at://did:plc:v336bgjhyj5suvc6ds5vkckg/app.bsky.feed.generator/aaabygc4ng36o,suggested_labelerexp,40,at://did:plc:daxt3ss2s4pmm2ina5ifwatl/app.bsky.feed.post/3mfuoyo54ys26,bafyreiawk44srzvywq5vuamwzkczomia3ynk3abq44zwlp5peogj4gqgcm,did:plc:daxt3ss2s4pmm2ina5ifwatl,tonyjoyce.bsky.social,,
8edf3ec41a3c49abae8d9a28fae25d6f,2026-02-28T08:00:00Z,2026-02-28T08:18:22Z,auth,auth_enUS_labelerexp,at://did:plc:v336bgjhyj5suvc6ds5vkckg/app.bsky.feed.generator/aaabygc4ng36o,suggested_labelerexp,41,at://did:plc:y6msusnvv26y7o3ldyvyo6ge/app.bsky.feed.post/3mfuorizqj22c,bafyreihqeolzruk673ttmgwuw7mrzwprseao2dr6unbv5srwgffted4llq,did:plc:y6msusnvv26y7o3ldyvyo6ge,sejordt.bsky.social,,
8edf3ec41a3c49abae8d9a28fae25d6f,2026-02-28T08:00:00Z,2026-02-28T08:18:22Z,auth,auth_enUS_labelerexp,at://did:plc:v336bgjhyj5suvc6ds5vkckg/app.bsky.feed.generator/aaabygc4ng36o,suggested_labelerexp,42,at://did:plc:5dgztqvfof364loltjhvh6tw/app.bsky.feed.post/3mfuoaoblws2u,bafyreiev46giyr52coyk6nmk2o3cchwz726c2lboo4mb44t3o63vtjwyyu,did:plc:5dgztqvfof364loltjhvh6tw,tai-md.com,,
8edf3ec41a3c49abae8d9a28fae25d6f,2026-02-28T08:00:00Z,2026-02-28T08:18:22Z,auth,auth_enUS_labelerexp,at://did:plc:v336bgjhyj5suvc6ds5vkckg/app.bsky.feed.generator/aaabygc4ng36o,suggested_labelerexp,43,at://did:plc:24kiwvomeuxb3u2sixjgt7gd/app.bsky.feed.post/3mfunjcnzas2a,bafyreidpm3pt4nzh3k36jx2dbxanwrgbjinp2yjkpgr4yilvr3yxbv5xni,did:plc:24kiwvomeuxb3u2sixjgt7gd,ranaawdish.bsky.social,,
8edf3ec41a3c49abae8d9a28fae25d6f,2026-02-28T08:00:00Z,2026-02-28T08:18:22Z,auth,auth_enUS_labelerexp,at://did:plc:v336bgjhyj5suvc6ds5vkckg/app.bsky.feed.generator/aaabygc4ng36o,suggested_labelerexp,44,at://did:plc:mky2dldfiytbvh4ym2sdt4ji/app.bsky.feed.post/3mfunao4ves25,bafyreibhvtmehzve64h4gcfzmf3mmaksi4uvrxyu7gz2ojmkfhk3ytyljy,did:plc:mky2dldfiytbvh4ym2sdt4ji,neurohosp.bsky.social,,
8edf3ec41a3c49abae8d9a28fae25d6f,2026-02-28T08:00:00Z,2026-02-28T08:18:22Z,auth,auth_enUS_labelerexp,at://did:plc:v336bgjhyj5suvc6ds5vkckg/app.bsky.feed.generator/aaabygc4ng36o,suggested_labelerexp,45,at://did:plc:ll2t32wq6gvr5zv4xdkx7qeo/app.bsky.feed.post/3mfumopobz32n,bafyreied2m3w44ixap2l7ynruir7au7qw5yywja55675fanevxqa5envxm,did:plc:ll2t32wq6gvr5zv4xdkx7qeo,accintouch.bsky.social,,
8edf3ec41a3c49abae8d9a28fae25d6f,2026-02-28T08:00:00Z,2026-02-28T08:18:22Z,auth,auth_enUS_labelerexp,at://did:plc:v336bgjhyj5suvc6ds5vkckg/app.bsky.feed.generator/aaabygc4ng36o,suggested_labelerexp,46,at://did:plc:gjh4hswdpahgwosaktvp6tx7/app.bsky.feed.post/3mfum4ou6u427,bafyreidw6uxxfgo5pyqxhdtts52rhg7xebak5a47rllirnmtgqqrhijoii,did:plc:gjh4hswdpahgwosaktvp6tx7,bmc.springernature.com,,
8edf3ec41a3c49abae8d9a28fae25d6f,2026-02-28T08:00:00Z,2026-02-28T08:18:22Z,auth,auth_enUS_labelerexp,at://did:plc:v336bgjhyj5suvc6ds5vkckg/app.bsky.feed.generator/aaabygc4ng36o,suggested_labelerexp,47,at://did:plc:lw5vjl7bjvlnowca2hkknkez/app.bsky.feed.post/3mfulbcbpsc23,bafyreibj4r5zw5pdtwpj25ztt333sq2ilnpcd5dkrljcr7i3olgkydtp4q,did:plc:lw5vjl7bjvlnowca2hkknkez,awarenessfairy.bsky.social,,
8edf3ec41a3c49abae8d9a28fae25d6f,2026-02-28T08:00:00Z,2026-02-28T08:18:22Z,auth,auth_enUS_labelerexp,at://did:plc:v336bgjhyj5suvc6ds5vkckg/app.bsky.feed.generator/aaabygc4ng36o,suggested_labelerexp,48,at://did:plc:vpdmzymctty4jk2bidpfoogv/app.bsky.feed.post/3mfulawvast2m,bafyreids6cccel3tkhqngbj4gj4adtl5szffn5j7mqesibwz6lxaz2w7cq,did:plc:vpdmzymctty4jk2bidpfoogv,medicine.stitches.today,,
8edf3ec41a3c49abae8d9a28fae25d6f,2026-02-28T08:00:00Z,2026-02-28T08:18:22Z,auth,auth_enUS_labelerexp,at://did:plc:v336bgjhyj5suvc6ds5vkckg/app.bsky.feed.generator/aaabygc4ng36o,suggested_labelerexp,49,at://did:plc:s2p5cgrn5krjz5k27yynn746/app.bsky.feed.post/3mfukvd4ghs2h,bafyreidjlh6oh7oklrqpq5lblrwbb3iygpcyzorzak2f42nyivjmpmpxsi,did:plc:s2p5cgrn5krjz5k27yynn746,doublewhammied.bsky.social,,
8edf3ec41a3c49abae8d9a28fae25d6f,2026-02-28T08:00:00Z,2026-02-28T08:18:22Z,auth,auth_enUS_labelerexp,at://did:plc:v336bgjhyj5suvc6ds5vkckg/app.bsky.feed.generator/aaabygc4ng36o,suggested_labelerexp,50,at://did:plc:kmd3ofxk56mmj53nyark2jg3/app.bsky.feed.post/3mfukhjsadj2n,bafyreifgh6b4uslopbd3fyzfmvzaeuemoaxk7zmnto67kehhh3apnjq6ja,did:plc:kmd3ofxk56mmj53nyark2jg3,achronicvoice.com,,
8edf3ec41a3c49abae8d9a28fae25d6f,2026-02-28T08:00:00Z,2026-02-28T08:18:25Z,auth,auth_enUS_labelerexp,at://did:plc:vwzwgnygau7ed7b7wt5ux7y2/app.bsky.feed.generator/teams,suggested_labelerexp,1,at://did:plc:vwzwgnygau7ed7b7wt5ux7y2/app.bsky.feed.post/3l6qpkesdg22e,bafyreigbzr6hqewr6lsxheisoqhmwgefiri4zbut5s5qekp72jqxyop3ya,did:plc:vwzwgnygau7ed7b7wt5ux7y2,retr0.id,,
8edf3ec41a3c49abae8d9a28fae25d6f,2026-02-28T08:00:00Z,2026-02-28T08:18:28Z,auth,auth_enUS_labelerexp,at://did:plc:yw3qqfa7hrhmwbc6wyrq5u7f/app.bsky.feed.generator/aaabqfmu2zuck,suggested_labelerexp,1,at://did:plc:au2h75mougmx6kqblqbw24xd/app.bsky.feed.post/3mfvpg3r7je2t,bafyreiewq5chyhjqximanaxaxfedstatyyahrqirr75n2p2btal5kpe4ja,did:plc:au2h75mougmx6kqblqbw24xd,trending-finance.bsky.social,,
8edf3ec41a3c49abae8d9a28fae25d6f,2026-02-28T08:00:00Z,2026-02-28T08:18:28Z,auth,auth_enUS_labelerexp,at://did:plc:yw3qqfa7hrhmwbc6wyrq5u7f/app.bsky.feed.generator/aaabqfmu2zuck,suggested_labelerexp,2,at://did:plc:xyzlbocbcny36mjw53wuzxh4/app.bsky.feed.post/3mfvoqmjxfc26,bafyreihcpw4p57vafxqppotpn4howpdocuc4boku4md6tpnpaft57a5d7a,did:plc:xyzlbocbcny36mjw53wuzxh4,jonchevreau.bsky.social,,
8edf3ec41a3c49abae8d9a28fae25d6f,2026-02-28T08:00:00Z,2026-02-28T08:18:28Z,auth,auth_enUS_labelerexp,at://did:plc:yw3qqfa7hrhmwbc6wyrq5u7f/app.bsky.feed.generator/aaabqfmu2zuck,suggested_labelerexp,3,at://did:plc:jeui7hl5i5gkxyp3vkrjrvc7/app.bsky.feed.post/3mfvo7xp6fc2i,bafyreige3vjwnp3l3dzdtaiqhfwpuebpltjrbrqk5ngdwp6s4te5rixwle,did:plc:jeui7hl5i5gkxyp3vkrjrvc7,teresaelaine.bsky.social,,
8edf3ec41a3c49abae8d9a28fae25d6f,2026-02-28T08:00:00Z,2026-02-28T08:18:28Z,auth,auth_enUS_labelerexp,at://did:plc:yw3qqfa7hrhmwbc6wyrq5u7f/app.bsky.feed.generator/aaabqfmu2zuck,suggested_labelerexp,4,at://did:plc:ictimsxjku77vzngytrxbobv/app.bsky.feed.post/3mfvkn6me7c2n,bafyreic2inx3l4774hjvmxejvjkeddxl2eferbmfvwktimfdmgvntq2bg4,did:plc:ictimsxjku77vzngytrxbobv,johnmf.bsky.social,,
8edf3ec41a3c49abae8d9a28fae25d6f,2026-02-28T08:00:00Z,2026-02-28T08:18:28Z,auth,auth_enUS_labelerexp,at://did:plc:yw3qqfa7hrhmwbc6wyrq5u7f/app.bsky.feed.generator/aaabqfmu2zuck,suggested_labelerexp,5,at://did:plc:bjeepi4l623bakqz4vddj444/app.bsky.feed.post/3mfvjxy4c322l,bafyreidsjyhjiukdxw4czafv5tad5bozegykkehsgi3y7sith7gwet363i,did:plc:bjeepi4l623bakqz4vddj444,markgsheppard.com,,
8edf3ec41a3c49abae8d9a28fae25d6f,2026-02-28T08:00:00Z,2026-02-28T08:18:28Z,auth,auth_enUS_labelerexp,at://did:plc:yw3qqfa7hrhmwbc6wyrq5u7f/app.bsky.feed.generator/aaabqfmu2zuck,suggested_labelerexp,6,at://did:plc:nznms43b6lfaluzc5kmgaxja/app.bsky.feed.post/3mfvitqdip22h,bafyreibsj76xtw7rp3wkekgf7oasnols5ua7ynwwsjyioue5hyrogbxhom,did:plc:nznms43b6lfaluzc5kmgaxja,underworldneo.bsky.social,,
8edf3ec41a3c49abae8d9a28fae25d6f,2026-02-28T08:00:00Z,2026-02-28T08:18:28Z,auth,auth_enUS_labelerexp,at://did:plc:yw3qqfa7hrhmwbc6wyrq5u7f/app.bsky.feed.generator/aaabqfmu2zuck,suggested_labelerexp,7,at://did:plc:au2h75mougmx6kqblqbw24xd/app.bsky.feed.post/3mfvfvhtm652j,bafyreiea2n7fv6wtnu7d2vx52nemkt4ztxblhpgbnhmoe2svgya62dbtie,did:plc:au2h75mougmx6kqblqbw24xd,trending-finance.bsky.social,,
8edf3ec41a3c49abae8d9a28fae25d6f,2026-02-28T08:00:00Z,2026-02-28T08:18:28Z,auth,auth_enUS_labelerexp,at://did:plc:yw3qqfa7hrhmwbc6wyrq5u7f/app.bsky.feed.generator/aaabqfmu2zuck,suggested_labelerexp,8,at://did:plc:au2h75mougmx6kqblqbw24xd/app.bsky.feed.post/3mfvavgup352o,bafyreihqhc534x35j77rmwftnw5xut2hhlm6v2iyw3ut3o2o4g3wbbu52q,did:plc:au2h75mougmx6kqblqbw24xd,trending-finance.bsky.social,,
8edf3ec41a3c49abae8d9a28fae25d6f,2026-02-28T08:00:00Z,2026-02-28T08:18:28Z,auth,auth_enUS_labelerexp,at://did:plc:yw3qqfa7hrhmwbc6wyrq5u7f/app.bsky.feed.generator/aaabqfmu2zuck,suggested_labelerexp,9,at://did:plc:2k27drz6ks6t7zlkzdpobwyw/app.bsky.feed.post/3mfv7ok54ms2s,bafyreiezukqyyjcokdfcx6jljzweg3goqmmpqclriieorofwn65qjv7aoe,did:plc:2k27drz6ks6t7zlkzdpobwyw,china-biz-buzz.bsky.social,,
8edf3ec41a3c49abae8d9a28fae25d6f,2026-02-28T08:00:00Z,2026-02-28T08:18:28Z,auth,auth_enUS_labelerexp,at://did:plc:yw3qqfa7hrhmwbc6wyrq5u7f/app.bsky.feed.generator/aaabqfmu2zuck,suggested_labelerexp,10,at://did:plc:ljt6iatbqg4syhw3py5zuj56/app.bsky.feed.post/3mfv64h6b2c2h,bafyreig7uc4fjjowndplhzeie75pi7jjil3c6pjq6jh3akf3fl2ebsdjey,did:plc:ljt6iatbqg4syhw3py5zuj56,worldpeaceendgame.bsky.social,,
8edf3ec41a3c49abae8d9a28fae25d6f,2026-02-28T08:00:00Z,2026-02-28T08:18:28Z,auth,auth_enUS_labelerexp,at://did:plc:yw3qqfa7hrhmwbc6wyrq5u7f/app.bsky.feed.generator/aaabqfmu2zuck,suggested_labelerexp,11,at://did:plc:2k27drz6ks6t7zlkzdpobwyw/app.bsky.feed.post/3mfv4oiallk2h,bafyreidl64fkmvrempf5sb6t36g45sr4dku6qetuctt3p44gaj376vnbdu,did:plc:2k27drz6ks6t7zlkzdpobwyw,china-biz-buzz.bsky.social,,
8edf3ec41a3c49abae8d9a28fae25d6f,2026-02-28T08:00:00Z,2026-02-28T08:18:28Z,auth,auth_enUS_labelerexp,at://did:plc:yw3qqfa7hrhmwbc6wyrq5u7f/app.bsky.feed.generator/aaabqfmu2zuck,suggested_labelerexp,12,at://did:plc:au2h75mougmx6kqblqbw24xd/app.bsky.feed.post/3mfv3cj5vao2h,bafyreig6gnpmnmfu5s56xpjde4alrjofthrktsfvcshrd2qdzvkrdfxx4y,did:plc:au2h75mougmx6kqblqbw24xd,trending-finance.bsky.social,,
8edf3ec41a3c49abae8d9a28fae25d6f,2026-02-28T08:00:00Z,2026-02-28T08:18:28Z,auth,auth_enUS_labelerexp,at://did:plc:yw3qqfa7hrhmwbc6wyrq5u7f/app.bsky.feed.generator/aaabqfmu2zuck,suggested_labelerexp,13,at://did:plc:au2h75mougmx6kqblqbw24xd/app.bsky.feed.post/3mfv27nbdg62h,bafyreihzsuk3kxp6cp2reeizm2a3yxzvhpa4xfqffyu46bgq2jxq6mgcp4,did:plc:au2h75mougmx6kqblqbw24xd,trending-finance.bsky.social,,
8edf3ec41a3c49abae8d9a28fae25d6f,2026-02-28T08:00:00Z,2026-02-28T08:18:28Z,auth,auth_enUS_labelerexp,at://did:plc:yw3qqfa7hrhmwbc6wyrq5u7f/app.bsky.feed.generator/aaabqfmu2zuck,suggested_labelerexp,14,at://did:plc:rsfz3w3w5id4f5ptffu4pwwv/app.bsky.feed.post/3mfv26jdn7s2o,bafyreicmcbf53caz6cbaftgpdi4rbpz3qgpaggkpmbnjmulthl5zr5hrke,did:plc:rsfz3w3w5id4f5ptffu4pwwv,trending-stocks.bsky.social,,
8edf3ec41a3c49abae8d9a28fae25d6f,2026-02-28T08:00:00Z,2026-02-28T08:18:28Z,auth,auth_enUS_labelerexp,at://did:plc:yw3qqfa7hrhmwbc6wyrq5u7f/app.bsky.feed.generator/aaabqfmu2zuck,suggested_labelerexp,15,at://did:plc:rsfz3w3w5id4f5ptffu4pwwv/app.bsky.feed.post/3mfuz2uwk232v,bafyreig7lz2pkv7ug6jcaimkcqu5fp47odrc2i5d2eccrtpywpmp6bux6e,did:plc:rsfz3w3w5id4f5ptffu4pwwv,trending-stocks.bsky.social,,
8edf3ec41a3c49abae8d9a28fae25d6f,2026-02-28T08:00:00Z,2026-02-28T08:18:28Z,auth,auth_enUS_labelerexp,at://did:plc:yw3qqfa7hrhmwbc6wyrq5u7f/app.bsky.feed.generator/aaabqfmu2zuck,suggested_labelerexp,16,at://did:plc:au2h75mougmx6kqblqbw24xd/app.bsky.feed.post/3mfuyzwei5d2i,bafyreig4iuxfw5xnb4vfes7iae2p42yu5z33zk6fo56nywnwvbmm4ol4si,did:plc:au2h75mougmx6kqblqbw24xd,trending-finance.bsky.social,,
8edf3ec41a3c49abae8d9a28fae25d6f,2026-02-28T08:00:00Z,2026-02-28T08:18:28Z,auth,auth_enUS_labelerexp,at://did:plc:yw3qqfa7hrhmwbc6wyrq5u7f/app.bsky.feed.generator/aaabqfmu2zuck,suggested_labelerexp,17,at://did:plc:rsfz3w3w5id4f5ptffu4pwwv/app.bsky.feed.post/3mfuvq6ofqe2i,bafyreifu5jjqh55yhrztbvkpvlm3omoudjoxhwlkzkccqe2nd3thltfl7u,did:plc:rsfz3w3w5id4f5ptffu4pwwv,trending-stocks.bsky.social,,
8edf3ec41a3c49abae8d9a28fae25d6f,2026-02-28T08:00:00Z,2026-02-28T08:18:28Z,auth,auth_enUS_labelerexp,at://did:plc:yw3qqfa7hrhmwbc6wyrq5u7f/app.bsky.feed.generator/aaabqfmu2zuck,suggested_labelerexp,18,at://did:plc:rsfz3w3w5id4f5ptffu4pwwv/app.bsky.feed.post/3mfuvppk3k72j,bafyreicftnkq7hhohozs72f7clywieqgzzfpbyz7mceaicnziutlhm3uh4,did:plc:rsfz3w3w5id4f5ptffu4pwwv,trending-stocks.bsky.social,,
8edf3ec41a3c49abae8d9a28fae25d6f,2026-02-28T08:00:00Z,2026-02-28T08:18:28Z,auth,auth_enUS_labelerexp,at://did:plc:yw3qqfa7hrhmwbc6wyrq5u7f/app.bsky.feed.generator/aaabqfmu2zuck,suggested_labelerexp,19,at://did:plc:au2h75mougmx6kqblqbw24xd/app.bsky.feed.post/3mfuvpovw3q2i,bafyreicsch4sqpuwsfjarswx4m5c2r2cy7g6f3vm4soxbsr5hmade26q5a,did:plc:au2h75mougmx6kqblqbw24xd,trending-finance.bsky.social,,
8edf3ec41a3c49abae8d9a28fae25d6f,2026-02-28T08:00:00Z,2026-02-28T08:18:28Z,auth,auth_enUS_labelerexp,at://did:plc:yw3qqfa7hrhmwbc6wyrq5u7f/app.bsky.feed.generator/aaabqfmu2zuck,suggested_labelerexp,20,at://did:plc:lv4l5kwv4nau56cp5fjgzdq6/app.bsky.feed.post/3mfuvhs2mb62j,bafyreibie65opsiolis2tgqyde4jwgioobj6uxfmbcte74dzeh2hl2yq3e,did:plc:lv4l5kwv4nau56cp5fjgzdq6,thewhyexplained.bsky.social,,
8edf3ec41a3c49abae8d9a28fae25d6f,2026-02-28T08:00:00Z,2026-02-28T08:18:28Z,auth,auth_enUS_labelerexp,at://did:plc:yw3qqfa7hrhmwbc6wyrq5u7f/app.bsky.feed.generator/aaabqfmu2zuck,suggested_labelerexp,21,at://did:plc:rsfz3w3w5id4f5ptffu4pwwv/app.bsky.feed.post/3mfutzixcoo2a,bafyreigz24qmhtqil2sj2apqfazdqd6jyuac4htigb6p7j27cnb5tnnlhm,did:plc:rsfz3w3w5id4f5ptffu4pwwv,trending-stocks.bsky.social,,
8edf3ec41a3c49abae8d9a28fae25d6f,2026-02-28T08:00:00Z,2026-02-28T08:18:28Z,auth,auth_enUS_labelerexp,at://did:plc:yw3qqfa7hrhmwbc6wyrq5u7f/app.bsky.feed.generator/aaabqfmu2zuck,suggested_labelerexp,22,at://did:plc:au2h75mougmx6kqblqbw24xd/app.bsky.feed.post/3mfutzbngep2j,bafyreifsg5p44c5jf3wrfqa2rco6ijywryiek4fx5gww55ffevqj4wot6u,did:plc:au2h75mougmx6kqblqbw24xd,trending-finance.bsky.social,,
8edf3ec41a3c49abae8d9a28fae25d6f,2026-02-28T08:00:00Z,2026-02-28T08:18:28Z,auth,auth_enUS_labelerexp,at://did:plc:yw3qqfa7hrhmwbc6wyrq5u7f/app.bsky.feed.generator/aaabqfmu2zuck,suggested_labelerexp,23,at://did:plc:au2h75mougmx6kqblqbw24xd/app.bsky.feed.post/3mfuthvxs3t2t,bafyreib3kf5juuz6mvfersxoi2clg44qihdrgibhxm2mnp5xu74npismve,did:plc:au2h75mougmx6kqblqbw24xd,trending-finance.bsky.social,,
8edf3ec41a3c49abae8d9a28fae25d6f,2026-02-28T08:00:00Z,2026-02-28T08:18:28Z,auth,auth_enUS_labelerexp,at://did:plc:yw3qqfa7hrhmwbc6wyrq5u7f/app.bsky.feed.generator/aaabqfmu2zuck,suggested_labelerexp,24,at://did:plc:au2h75mougmx6kqblqbw24xd/app.bsky.feed.post/3mfusx2ceyt2t,bafyreigx56rz4l26ja43c7vx73j3pw6kzd6f5fgg4yxqz3rksxg5hagkpq,did:plc:au2h75mougmx6kqblqbw24xd,trending-finance.bsky.social,,
8edf3ec41a3c49abae8d9a28fae25d6f,2026-02-28T08:00:00Z,2026-02-28T08:18:28Z,auth,auth_enUS_labelerexp,at://did:plc:yw3qqfa7hrhmwbc6wyrq5u7f/app.bsky.feed.generator/aaabqfmu2zuck,suggested_labelerexp,25,at://did:plc:p6agxbsfg4c6sxlowhsrbqhn/app.bsky.feed.post/3mfurgyxaik2b,bafyreicmbzfgo2a4dbrgzriahkz4p2zbpy4obe5uycvvuqjr4e4tj2526i,did:plc:p6agxbsfg4c6sxlowhsrbqhn,balirand.bsky.social,,
8edf3ec41a3c49abae8d9a28fae25d6f,2026-02-28T08:00:00Z,2026-02-28T08:18:28Z,auth,auth_enUS_labelerexp,at://did:plc:yw3qqfa7hrhmwbc6wyrq5u7f/app.bsky.feed.generator/aaabqfmu2zuck,suggested_labelerexp,26,at://did:plc:au2h75mougmx6kqblqbw24xd/app.bsky.feed.post/3mfuqodonij2o,bafyreibfx5btlfgrohoaefuclu6awr3grlo7nzapn35yrapp3wwo4rnq44,did:plc:au2h75mougmx6kqblqbw24xd,trending-finance.bsky.social,,
8edf3ec41a3c49abae8d9a28fae25d6f,2026-02-28T08:00:00Z,2026-02-28T08:18:28Z,auth,auth_enUS_labelerexp,at://did:plc:yw3qqfa7hrhmwbc6wyrq5u7f/app.bsky.feed.generator/aaabqfmu2zuck,suggested_labelerexp,27,at://did:plc:p333q7ja5ltmdp2pjvi62uhp/app.bsky.feed.post/3mfuqip5ckk2v,bafyreicyraiwjgbrlfgz4laig6yu5hc4zhvjzfcsc72nrvkqkju4zj2vai,did:plc:p333q7ja5ltmdp2pjvi62uhp,sexyhusband.bsky.social,,
8edf3ec41a3c49abae8d9a28fae25d6f,2026-02-28T08:00:00Z,2026-02-28T08:18:28Z,auth,auth_enUS_labelerexp,at://did:plc:yw3qqfa7hrhmwbc6wyrq5u7f/app.bsky.feed.generator/aaabqfmu2zuck,suggested_labelerexp,28,at://did:plc:rsfz3w3w5id4f5ptffu4pwwv/app.bsky.feed.post/3mfuplp2be62j,bafyreia4ut6pef6mue7uegzplc3talt334z3xev45ihmbz624ruw2g3apu,did:plc:rsfz3w3w5id4f5ptffu4pwwv,trending-stocks.bsky.social,,
8edf3ec41a3c49abae8d9a28fae25d6f,2026-02-28T08:00:00Z,2026-02-28T08:18:28Z,auth,auth_enUS_labelerexp,at://did:plc:yw3qqfa7hrhmwbc6wyrq5u7f/app.bsky.feed.generator/aaabqfmu2zuck,suggested_labelerexp,29,at://did:plc:kizxn77jkp4p5vqzapbedvg2/app.bsky.feed.post/3mfup42nkoa22,bafyreicvs3trgt2ryxjous6sfbpkuekzdj6otexadrwizmhmlrx4nylipm,did:plc:kizxn77jkp4p5vqzapbedvg2,pmaier1971.bsky.social,,
8edf3ec41a3c49abae8d9a28fae25d6f,2026-02-28T08:00:00Z,2026-02-28T08:18:28Z,auth,auth_enUS_labelerexp,at://did:plc:yw3qqfa7hrhmwbc6wyrq5u7f/app.bsky.feed.generator/aaabqfmu2zuck,suggested_labelerexp,30,at://did:plc:kizxn77jkp4p5vqzapbedvg2/app.bsky.feed.post/3mfup3mjmpr2b,bafyreidwpvfgmejchfxlu45jnd4endoifofj53fhaxjsb6wvyfuw6276ki,did:plc:kizxn77jkp4p5vqzapbedvg2,pmaier1971.bsky.social,,
8edf3ec41a3c49abae8d9a28fae25d6f,2026-02-28T08:00:00Z,2026-02-28T08:18:28Z,auth,auth_enUS_labelerexp,at://did:plc:yw3qqfa7hrhmwbc6wyrq5u7f/app.bsky.feed.generator/aaabqfmu2zuck,suggested_labelerexp,31,at://did:plc:kizxn77jkp4p5vqzapbedvg2/app.bsky.feed.post/3mfup37xofz2b,bafyreigox3usckflh5n2ywzkcpfzxyg52nyu6yh7vuuhgqckxiw4rps4zy,did:plc:kizxn77jkp4p5vqzapbedvg2,pmaier1971.bsky.social,,
8edf3ec41a3c49abae8d9a28fae25d6f,2026-02-28T08:00:00Z,2026-02-28T08:18:28Z,auth,auth_enUS_labelerexp,at://did:plc:yw3qqfa7hrhmwbc6wyrq5u7f/app.bsky.feed.generator/aaabqfmu2zuck,suggested_labelerexp,32,at://did:plc:au2h75mougmx6kqblqbw24xd/app.bsky.feed.post/3mfuoyzevmz2o,bafyreigyukgymcweftwrzpnhblsxvp6cy3fecqxvh3pamolji2fepxid2a,did:plc:au2h75mougmx6kqblqbw24xd,trending-finance.bsky.social,,
8edf3ec41a3c49abae8d9a28fae25d6f,2026-02-28T08:00:00Z,2026-02-28T08:18:28Z,auth,auth_enUS_labelerexp,at://did:plc:yw3qqfa7hrhmwbc6wyrq5u7f/app.bsky.feed.generator/aaabqfmu2zuck,suggested_labelerexp,33,at://did:plc:uo7sa3xu5lgqmict6q43iz3x/app.bsky.feed.post/3mfuoixpoic2n,bafyreibofcbpvdk2m662sdfkajco6jpxjmqlzfpamykcs3spbtugkdymyi,did:plc:uo7sa3xu5lgqmict6q43iz3x,countbern.bsky.social,,
8edf3ec41a3c49abae8d9a28fae25d6f,2026-02-28T08:00:00Z,2026-02-28T08:18:28Z,auth,auth_enUS_labelerexp,at://did:plc:yw3qqfa7hrhmwbc6wyrq5u7f/app.bsky.feed.generator/aaabqfmu2zuck,suggested_labelerexp,34,at://did:plc:rsfz3w3w5id4f5ptffu4pwwv/app.bsky.feed.post/3mfuoh3jf2627,bafyreidn253hfr5xti56y33uuojxtx4frgcowwe2s23zc5hzvvxj7rxuxu,did:plc:rsfz3w3w5id4f5ptffu4pwwv,trending-stocks.bsky.social,,
8edf3ec41a3c49abae8d9a28fae25d6f,2026-02-28T08:00:00Z,2026-02-28T08:18:28Z,auth,auth_enUS_labelerexp,at://did:plc:yw3qqfa7hrhmwbc6wyrq5u7f/app.bsky.feed.generator/aaabqfmu2zuck,suggested_labelerexp,35,at://did:plc:rsfz3w3w5id4f5ptffu4pwwv/app.bsky.feed.post/3mfunedzi242h,bafyreidzu5shsjn7ofzdiex6spp5y6bra3d2se3slyqoiqivefz42c7r24,did:plc:rsfz3w3w5id4f5ptffu4pwwv,trending-stocks.bsky.social,,
8edf3ec41a3c49abae8d9a28fae25d6f,2026-02-28T08:00:00Z,2026-02-28T08:18:28Z,auth,auth_enUS_labelerexp,at://did:plc:yw3qqfa7hrhmwbc6wyrq5u7f/app.bsky.feed.generator/aaabqfmu2zuck,suggested_labelerexp,36,at://did:plc:au2h75mougmx6kqblqbw24xd/app.bsky.feed.post/3mfunczzyw32i,bafyreibbjbn5q6zpzfjiyn23xopximvs4jx2ojduswxiv674g44e3nufr4,did:plc:au2h75mougmx6kqblqbw24xd,trending-finance.bsky.social,,
8edf3ec41a3c49abae8d9a28fae25d6f,2026-02-28T08:00:00Z,2026-02-28T08:18:28Z,auth,auth_enUS_labelerexp,at://did:plc:yw3qqfa7hrhmwbc6wyrq5u7f/app.bsky.feed.generator/aaabqfmu2zuck,suggested_labelerexp,37,at://did:plc:rsfz3w3w5id4f5ptffu4pwwv/app.bsky.feed.post/3mful3j3lag27,bafyreif6u435lcdvsnhy722ftzffs74xq4ouwblstt4lilzpu4kza7l7oa,did:plc:rsfz3w3w5id4f5ptffu4pwwv,trending-stocks.bsky.social,,
8edf3ec41a3c49abae8d9a28fae25d6f,2026-02-28T08:00:00Z,2026-02-28T08:18:28Z,auth,auth_enUS_labelerexp,at://did:plc:yw3qqfa7hrhmwbc6wyrq5u7f/app.bsky.feed.generator/aaabqfmu2zuck,suggested_labelerexp,38,at://did:plc:au2h75mougmx6kqblqbw24xd/app.bsky.feed.post/3mful3hyppi2n,bafyreibclr3j2c7po4qfb4ihn373lbz35srboc5zgiqvaww22iuvpvj7nu,did:plc:au2h75mougmx6kqblqbw24xd,trending-finance.bsky.social,,
8edf3ec41a3c49abae8d9a28fae25d6f,2026-02-28T08:00:00Z,2026-02-28T08:18:28Z,auth,auth_enUS_labelerexp,at://did:plc:yw3qqfa7hrhmwbc6wyrq5u7f/app.bsky.feed.generator/aaabqfmu2zuck,suggested_labelerexp,39,at://did:plc:4cz5weomlvu4rlvrhk72ueqe/app.bsky.feed.post/3mfujznwkqc2t,bafyreia5bugipx2cgtskm4ps7ovwwablnymwjzpco2y5ubclm5qrjvobi4,did:plc:4cz5weomlvu4rlvrhk72ueqe,michaelrstrain.bsky.social,,
8edf3ec41a3c49abae8d9a28fae25d6f,2026-02-28T08:00:00Z,2026-02-28T08:18:28Z,auth,auth_enUS_labelerexp,at://did:plc:yw3qqfa7hrhmwbc6wyrq5u7f/app.bsky.feed.generator/aaabqfmu2zuck,suggested_labelerexp,40,at://did:plc:au2h75mougmx6kqblqbw24xd/app.bsky.feed.post/3mfujggmho52j,bafyreifv65np6xc5q6cddk5efsjmmueycva7u5lmzfw3xbbdr3dwkcs5ky,did:plc:au2h75mougmx6kqblqbw24xd,trending-finance.bsky.social,,
8edf3ec41a3c49abae8d9a28fae25d6f,2026-02-28T08:00:00Z,2026-02-28T08:18:28Z,auth,auth_enUS_labelerexp,at://did:plc:yw3qqfa7hrhmwbc6wyrq5u7f/app.bsky.feed.generator/aaabqfmu2zuck,suggested_labelerexp,41,at://did:plc:rsfz3w3w5id4f5ptffu4pwwv/app.bsky.feed.post/3mfujgctpi22h,bafyreieomhk7ymrwaappxa5m7pyvw4qowa3axnwscce4dv64psb2h36ddu,did:plc:rsfz3w3w5id4f5ptffu4pwwv,trending-stocks.bsky.social,,
8edf3ec41a3c49abae8d9a28fae25d6f,2026-02-28T08:00:00Z,2026-02-28T08:18:28Z,auth,auth_enUS_labelerexp,at://did:plc:yw3qqfa7hrhmwbc6wyrq5u7f/app.bsky.feed.generator/aaabqfmu2zuck,suggested_labelerexp,42,at://did:plc:msz7lcx4caslocywkftawkba/app.bsky.feed.post/3mfujdf4sms2d,bafyreicsepzun2xf4jhr3qxzil5z4phnyatmmznpcwoe4oiffo2jc25khi,did:plc:msz7lcx4caslocywkftawkba,caminosver.bsky.social,,
8edf3ec41a3c49abae8d9a28fae25d6f,2026-02-28T08:00:00Z,2026-02-28T08:18:28Z,auth,auth_enUS_labelerexp,at://did:plc:yw3qqfa7hrhmwbc6wyrq5u7f/app.bsky.feed.generator/aaabqfmu2zuck,suggested_labelerexp,43,at://did:plc:lqewfwp3uppfzoim2taumjwg/app.bsky.feed.post/3mfui2lnmxk24,bafyreiavfg6mbt3xzef4d3ry37jwzykovueulm257tq2sx555k7pqqvy4m,did:plc:lqewfwp3uppfzoim2taumjwg,capemaydave.bsky.social,,
8edf3ec41a3c49abae8d9a28fae25d6f,2026-02-28T08:00:00Z,2026-02-28T08:18:28Z,auth,auth_enUS_labelerexp,at://did:plc:yw3qqfa7hrhmwbc6wyrq5u7f/app.bsky.feed.generator/aaabqfmu2zuck,suggested_labelerexp,44,at://did:plc:rsfz3w3w5id4f5ptffu4pwwv/app.bsky.feed.post/3mfuh6lito52i,bafyreifizi6tcicmddlhnvghvqox7ghjluqwgpaz25yhg2vjetafbwxi6a,did:plc:rsfz3w3w5id4f5ptffu4pwwv,trending-stocks.bsky.social,,
8edf3ec41a3c49abae8d9a28fae25d6f,2026-02-28T08:00:00Z,2026-02-28T08:18:28Z,auth,auth_enUS_labelerexp,at://did:plc:yw3qqfa7hrhmwbc6wyrq5u7f/app.bsky.feed.generator/aaabqfmu2zuck,suggested_labelerexp,45,at://did:plc:2bow2fm4x3k7cqptdimb2lbk/app.bsky.feed.post/3mfuh63r7jk2s,bafyreibw5orpwjtdnbkiyed2syohoq77ylhmkbh2z6mroy72eifx3sbdai,did:plc:2bow2fm4x3k7cqptdimb2lbk,georgetowncew.bsky.social,,
8edf3ec41a3c49abae8d9a28fae25d6f,2026-02-28T08:00:00Z,2026-02-28T08:18:28Z,auth,auth_enUS_labelerexp,at://did:plc:yw3qqfa7hrhmwbc6wyrq5u7f/app.bsky.feed.generator/aaabqfmu2zuck,suggested_labelerexp,46,at://did:plc:2tnf5qxzfrblu2muydwlz75t/app.bsky.feed.post/3mfuenggy2223,bafyreieo2hihinxzbtpksejkhrjoveeeowqpymet25wqkrt3xlm22yfxci,did:plc:2tnf5qxzfrblu2muydwlz75t,juancangulo.bsky.social,,
8edf3ec41a3c49abae8d9a28fae25d6f,2026-02-28T08:00:00Z,2026-02-28T08:18:28Z,auth,auth_enUS_labelerexp,at://did:plc:yw3qqfa7hrhmwbc6wyrq5u7f/app.bsky.feed.generator/aaabqfmu2zuck,suggested_labelerexp,47,at://did:plc:a6yvj2ivgzy54mknowmm3mfa/app.bsky.feed.post/3mfued42kns2u,bafyreihdiunolq7gntqjsq2zqmqdvnb57zhqex23xf3zrjp2xqd36vy3ba,did:plc:a6yvj2ivgzy54mknowmm3mfa,bakiane.com,,
8edf3ec41a3c49abae8d9a28fae25d6f,2026-02-28T08:00:00Z,2026-02-28T08:18:28Z,auth,auth_enUS_labelerexp,at://did:plc:yw3qqfa7hrhmwbc6wyrq5u7f/app.bsky.feed.generator/aaabqfmu2zuck,suggested_labelerexp,48,at://did:plc:rsfz3w3w5id4f5ptffu4pwwv/app.bsky.feed.post/3mfudt7u2gs2x,bafyreigrclehbn2d4ysgkshmmgdqk6baxsyy52jl5p2iobnsh7q2rc4q2m,did:plc:rsfz3w3w5id4f5ptffu4pwwv,trending-stocks.bsky.social,,
8edf3ec41a3c49abae8d9a28fae25d6f,2026-02-28T08:00:00Z,2026-02-28T08:18:28Z,auth,auth_enUS_labelerexp,at://did:plc:yw3qqfa7hrhmwbc6wyrq5u7f/app.bsky.feed.generator/aaabqfmu2zuck,suggested_labelerexp,49,at://did:plc:au2h75mougmx6kqblqbw24xd/app.bsky.feed.post/3mfudsp3igo2i,bafyreig6wkbdilygfyrcc5g42cdvnz5jjr2fvbckfhjrg77mbx37t5kxce,did:plc:au2h75mougmx6kqblqbw24xd,trending-finance.bsky.social,,
8edf3ec41a3c49abae8d9a28fae25d6f,2026-02-28T08:00:00Z,2026-02-28T08:18:28Z,auth,auth_enUS_labelerexp,at://did:plc:yw3qqfa7hrhmwbc6wyrq5u7f/app.bsky.feed.generator/aaabqfmu2zuck,suggested_labelerexp,50,at://did:plc:2bow2fm4x3k7cqptdimb2lbk/app.bsky.feed.post/3mfudptdsws26,bafyreihc7znkwzja3bhmul6rvgndiig5lnai7ghy6wx3giatcwpnmi6vdi,did:plc:2bow2fm4x3k7cqptdimb2lbk,georgetowncew.bsky.social,,
