run_id,snapshot_hour_utc,captured_at_utc,viewer_mode,vantage_id,post_uri,post_cid,label_src,label_val,label_neg,label_uri,label_cts
9bd9b12e3a3d4b44a071124dbe0b97a0,2026-02-24T22:00:00Z,2026-02-24T22:13:05Z,auth,auth_enUS_labelerexp,at://did:plc:xyya7g76wtqdb3zidfamujpt/app.bsky.feed.post/3mfn6hghsjc2e,bafyreif5pao5hiwaap6dp54yxfubhrtenvjzw73lgsficygpfmvwgm5i3q,did:plc:xyya7g76wtqdb3zidfamujpt,!no-unauthenticated,,at://did:plc:xyya7g76wtqdb3zidfamujpt/app.bsky.actor.profile/self,2024-09-23T23:16:22.031Z
9bd9b12e3a3d4b44a071124dbe0b97a0,2026-02-24T22:00:00Z,2026-02-24T22:13:05Z,auth,auth_enUS_labelerexp,at://did:plc:d7fzjiup7x4qqopvfoflr3ia/app.bsky.feed.post/3mfn5tyca3222,bafyreih6utvt7mixzitgs64mn6zzhth36frirsorojsfv2yimvw2ionagy,did:plc:uac6er53o2pvr5y2qmvaf7hw,disinfo,,did:plc:d7fzjiup7x4qqopvfoflr3ia,2025-01-07T14:50:49.191Z
9bd9b12e3a3d4b44a071124dbe0b97a0,2026-02-24T22:00:00Z,2026-02-24T22:13:05Z,auth,auth_enUS_labelerexp,at://did:plc:d7fzjiup7x4qqopvfoflr3ia/app.bsky.feed.post/3mfn5tyca3222,bafyreih6utvt7mixzitgs64mn6zzhth36frirsorojsfv2yimvw2ionagy,did:plc:uac6er53o2pvr5y2qmvaf7hw,disruptive,,did:plc:d7fzjiup7x4qqopvfoflr3ia,2025-01-07T14:50:49.191Z
9bd9b12e3a3d4b44a071124dbe0b97a0,2026-02-24T22:00:00Z,2026-02-24T22:13:05Z,auth,auth_enUS_labelerexp,at://did:plc:d7fzjiup7x4qqopvfoflr3ia/app.bsky.feed.post/3mfn5tyca3222,bafyreih6utvt7mixzitgs64mn6zzhth36frirsorojsfv2yimvw2ionagy,did:plc:d7fzjiup7x4qqopvfoflr3ia,!no-unauthenticated,,at://did:plc:d7fzjiup7x4qqopvfoflr3ia/app.bsky.actor.profile/self,2024-11-14T18:05:21.029Z
9bd9b12e3a3d4b44a071124dbe0b97a0,2026-02-24T22:00:00Z,2026-02-24T22:13:05Z,auth,auth_enUS_labelerexp,at://did:plc:qobtnnfgjn34wqeqmkungyyr/app.bsky.feed.post/3mfn5cpdtek2o,bafyreibyhnkdjfv6akfqvmatdi5jqrwnhmnbc7fo6b5yxnvd6mvwa6ux7m,did:plc:qobtnnfgjn34wqeqmkungyyr,!no-unauthenticated,,at://did:plc:qobtnnfgjn34wqeqmkungyyr/app.bsky.actor.profile/self,2024-11-14T17:31:07.137Z
9bd9b12e3a3d4b44a071124dbe0b97a0,2026-02-24T22:00:00Z,2026-02-24T22:13:05Z,auth,auth_enUS_labelerexp,at://did:plc:dsphjyjfks655nydbyqkqbok/app.bsky.feed.post/3mfn4m76o2k2v,bafyreibpolb43jsjb6p3v4ccs6ui3g7aulhqthk35ogegocxq3dfgyvajy,did:plc:uac6er53o2pvr5y2qmvaf7hw,abusive,,did:plc:dsphjyjfks655nydbyqkqbok,2025-04-02T20:30:36.474Z
9bd9b12e3a3d4b44a071124dbe0b97a0,2026-02-24T22:00:00Z,2026-02-24T22:13:05Z,auth,auth_enUS_labelerexp,at://did:plc:dsphjyjfks655nydbyqkqbok/app.bsky.feed.post/3mfn4m76o2k2v,bafyreibpolb43jsjb6p3v4ccs6ui3g7aulhqthk35ogegocxq3dfgyvajy,did:plc:uac6er53o2pvr5y2qmvaf7hw,disinfo,,did:plc:dsphjyjfks655nydbyqkqbok,2025-04-02T20:30:36.474Z
9bd9b12e3a3d4b44a071124dbe0b97a0,2026-02-24T22:00:00Z,2026-02-24T22:13:05Z,auth,auth_enUS_labelerexp,at://did:plc:tr4txtl6ezg2z4neksyf3rdg/app.bsky.feed.post/3mfn45r3nic2y,bafyreiabz3t4a7fioznytfts6uepzheyrluvec45uspjavw7semyv3k5sy,did:plc:tr4txtl6ezg2z4neksyf3rdg,!no-unauthenticated,,at://did:plc:tr4txtl6ezg2z4neksyf3rdg/app.bsky.actor.profile/self,1970-01-01T00:00:00.000Z
9bd9b12e3a3d4b44a071124dbe0b97a0,2026-02-24T22:00:00Z,2026-02-24T22:13:05Z,auth,auth_enUS_labelerexp,at://did:plc:zfkavpxtxvlnlk2lsf3d6mpt/app.bsky.feed.post/3mfn42lpqsc2b,bafyreiagiwovvmrumos23qejhbdtfsixmj5c6ymg3qlfyrsifurwdizumy,did:plc:zfkavpxtxvlnlk2lsf3d6mpt,!no-unauthenticated,,at://did:plc:zfkavpxtxvlnlk2lsf3d6mpt/app.bsky.actor.profile/self,2024-11-21T20:00:25.903Z
9bd9b12e3a3d4b44a071124dbe0b97a0,2026-02-24T22:00:00Z,2026-02-24T22:13:05Z,auth,auth_enUS_labelerexp,at://did:plc:rl4iho6oiluxcu4hiht7isdf/app.bsky.feed.post/3mfn3tn2gzs2t,bafyreid6ckrzohn2rcpem2y7tlfamuj7a6mglh22teq7oulzuvhhnlli2m,did:plc:rl4iho6oiluxcu4hiht7isdf,!no-unauthenticated,,at://did:plc:rl4iho6oiluxcu4hiht7isdf/app.bsky.actor.profile/self,1970-01-01T00:00:00.000Z
9bd9b12e3a3d4b44a071124dbe0b97a0,2026-02-24T22:00:00Z,2026-02-24T22:13:05Z,auth,auth_enUS_labelerexp,at://did:plc:bo3doqfdxapdna7boactg3pn/app.bsky.feed.post/3mfn3sw4ipc26,bafyreidjwyjnjtqv7qmhq5cbhc3jlm3kfghstihewlbqml4k2uu7rdivse,did:plc:uac6er53o2pvr5y2qmvaf7hw,abusive,,did:plc:bo3doqfdxapdna7boactg3pn,2025-10-08T11:38:24.336Z
9bd9b12e3a3d4b44a071124dbe0b97a0,2026-02-24T22:00:00Z,2026-02-24T22:13:05Z,auth,auth_enUS_labelerexp,at://did:plc:bo3doqfdxapdna7boactg3pn/app.bsky.feed.post/3mfn3sw4ipc26,bafyreidjwyjnjtqv7qmhq5cbhc3jlm3kfghstihewlbqml4k2uu7rdivse,did:plc:bo3doqfdxapdna7boactg3pn,!no-unauthenticated,,at://did:plc:bo3doqfdxapdna7boactg3pn/app.bsky.actor.profile/self,2024-11-22T16:44:15.526Z
9bd9b12e3a3d4b44a071124dbe0b97a0,2026-02-24T22:00:00Z,2026-02-24T22:13:05Z,auth,auth_enUS_labelerexp,at://did:plc:iv5x7xljqsaizhdthdcomqfv/app.bsky.feed.post/3mfn37b3bws2n,bafyreidnvr7libsq72jl4aoapfxj4ms6v3yuazz4krer3s5huvzcl4e43i,did:plc:iv5x7xljqsaizhdthdcomqfv,!no-unauthenticated,,at://did:plc:iv5x7xljqsaizhdthdcomqfv/app.bsky.actor.profile/self,2025-01-06T21:41:40.271Z
9bd9b12e3a3d4b44a071124dbe0b97a0,2026-02-24T22:00:00Z,2026-02-24T22:13:05Z,auth,auth_enUS_labelerexp,at://did:plc:iv5x7xljqsaizhdthdcomqfv/app.bsky.feed.post/3mfn36hzol22j,bafyreicsb4if7irgchahdhtslsc2eha7y2dfleabtoo454ircoflemqsry,did:plc:iv5x7xljqsaizhdthdcomqfv,!no-unauthenticated,,at://did:plc:iv5x7xljqsaizhdthdcomqfv/app.bsky.actor.profile/self,2025-01-06T21:41:40.271Z
9bd9b12e3a3d4b44a071124dbe0b97a0,2026-02-24T22:00:00Z,2026-02-24T22:13:06Z,auth,auth_enUS_labelerexp,at://did:plc:qm5nvhuagszfkesjepgrcacc/app.bsky.feed.post/3mfn5vp66is2t,bafyreibbrmht35i2jtcndc4pxv2b2tvopklee5y3wtaw73cecxmxbg6l5y,did:plc:qm5nvhuagszfkesjepgrcacc,!no-unauthenticated,,at://did:plc:qm5nvhuagszfkesjepgrcacc/app.bsky.actor.profile/self,1970-01-01T00:00:00.000Z
9bd9b12e3a3d4b44a071124dbe0b97a0,2026-02-24T22:00:00Z,2026-02-24T22:13:06Z,auth,auth_enUS_labelerexp,at://did:plc:a5seiihdpl6tqv3ilzbaxwlj/app.bsky.feed.post/3mfn5tu7x4s2a,bafyreiho4ndpbm6ju757jezajdxvaqrpjhmpn3i7jkwe2kzxr263vydym4,did:plc:a5seiihdpl6tqv3ilzbaxwlj,!no-unauthenticated,,at://did:plc:a5seiihdpl6tqv3ilzbaxwlj/app.bsky.actor.profile/self,1970-01-01T00:00:00.000Z
9bd9b12e3a3d4b44a071124dbe0b97a0,2026-02-24T22:00:00Z,2026-02-24T22:13:06Z,auth,auth_enUS_labelerexp,at://did:plc:w73aah6qmpcy5pk4obxed5cj/app.bsky.feed.post/3mfn5pxbb4k2w,bafyreieeez72vp72b7yx2ib3fygilsvtylznu5nc4iwn56jpd3tko3mwoq,did:plc:w73aah6qmpcy5pk4obxed5cj,!no-unauthenticated,,at://did:plc:w73aah6qmpcy5pk4obxed5cj/app.bsky.actor.profile/self,1970-01-01T00:00:00.000Z
9bd9b12e3a3d4b44a071124dbe0b97a0,2026-02-24T22:00:00Z,2026-02-24T22:13:06Z,auth,auth_enUS_labelerexp,at://did:plc:4irbxtipbrerpw6g4q7wzwrb/app.bsky.feed.post/3mfn5etruedp2,bafyreib6q3bhaah6bqizufvungcbfzwyimkylkcn4u3ipmz4o3gmqvdbqy,did:plc:4irbxtipbrerpw6g4q7wzwrb,bridged-from-bridgy-fed-activitypub,,at://did:plc:4irbxtipbrerpw6g4q7wzwrb/app.bsky.actor.profile/self,1970-01-01T00:00:00.000Z
9bd9b12e3a3d4b44a071124dbe0b97a0,2026-02-24T22:00:00Z,2026-02-24T22:13:06Z,auth,auth_enUS_labelerexp,at://did:plc:qt3k6uhnwxmndxrfxpzgjrwl/app.bsky.feed.post/3mfn5dmbkg22a,bafyreiar2pwdyanfbxh6wpukktjrhvk2legm7nqwlzu7m5coa5v3vqjjb4,did:plc:qt3k6uhnwxmndxrfxpzgjrwl,!no-unauthenticated,,at://did:plc:qt3k6uhnwxmndxrfxpzgjrwl/app.bsky.actor.profile/self,1970-01-01T00:00:00.000Z
9bd9b12e3a3d4b44a071124dbe0b97a0,2026-02-24T22:00:00Z,2026-02-24T22:13:06Z,auth,auth_enUS_labelerexp,at://did:plc:gx2bpiwus4d7pdyl46rfxzoo/app.bsky.feed.post/3mfn57z6mfkp2,bafyreichj4luy263f3tfedbsptox6dqupd2jxipj34qti4b32kah7ubkim,did:plc:gx2bpiwus4d7pdyl46rfxzoo,bridged-from-bridgy-fed-activitypub,,at://did:plc:gx2bpiwus4d7pdyl46rfxzoo/app.bsky.actor.profile/self,1970-01-01T00:00:00.000Z
9bd9b12e3a3d4b44a071124dbe0b97a0,2026-02-24T22:00:00Z,2026-02-24T22:13:06Z,auth,auth_enUS_labelerexp,at://did:plc:vxdf4e7c6mq2b4lnt4sdqiab/app.bsky.feed.post/3mfn54ium4c2f,bafyreibmnzenubzer73lszbmnp5ovs22m52aoxedkl7rj7ymge4tb2qiou,did:plc:uac6er53o2pvr5y2qmvaf7hw,disinfo-link,,at://did:plc:vxdf4e7c6mq2b4lnt4sdqiab/app.bsky.feed.post/3mfn54ium4c2f,2026-02-24T21:42:56.465Z
9bd9b12e3a3d4b44a071124dbe0b97a0,2026-02-24T22:00:00Z,2026-02-24T22:13:06Z,auth,auth_enUS_labelerexp,at://did:plc:vxdf4e7c6mq2b4lnt4sdqiab/app.bsky.feed.post/3mfn54ium4c2f,bafyreibmnzenubzer73lszbmnp5ovs22m52aoxedkl7rj7ymge4tb2qiou,did:plc:vxdf4e7c6mq2b4lnt4sdqiab,!no-unauthenticated,,at://did:plc:vxdf4e7c6mq2b4lnt4sdqiab/app.bsky.actor.profile/self,1970-01-01T00:00:00.000Z
9bd9b12e3a3d4b44a071124dbe0b97a0,2026-02-24T22:00:00Z,2026-02-24T22:13:06Z,auth,auth_enUS_labelerexp,at://did:plc:b2hbr575tmv6ueqkszoqnn5b/app.bsky.feed.post/3mfn4zbuki224,bafyreihn2o32u3jhztzapnouwgaq62akhnpig66opkarutpzsz7n24va34,did:plc:b2hbr575tmv6ueqkszoqnn5b,!no-unauthenticated,,at://did:plc:b2hbr575tmv6ueqkszoqnn5b/app.bsky.actor.profile/self,1970-01-01T00:00:00.000Z
9bd9b12e3a3d4b44a071124dbe0b97a0,2026-02-24T22:00:00Z,2026-02-24T22:13:06Z,auth,auth_enUS_labelerexp,at://did:plc:up4ttgwowa4vd3ec4oebllv6/app.bsky.feed.post/3mfn46d4v622g,bafyreidn2gxusmlxcuuvilnn6z66zxkvqyfvoveeujvn24jmulqtsjezva,did:plc:up4ttgwowa4vd3ec4oebllv6,!no-unauthenticated,,at://did:plc:up4ttgwowa4vd3ec4oebllv6/app.bsky.actor.profile/self,2025-01-21T21:03:03.565Z
9bd9b12e3a3d4b44a071124dbe0b97a0,2026-02-24T22:00:00Z,2026-02-24T22:13:06Z,auth,auth_enUS_labelerexp,at://did:plc:tnac7of2vxaz4dkm6uf5fiux/app.bsky.feed.post/3mfn3xxkzsk2w,bafyreigvkx2lj7semz3wzyayey3mj6kjxmxgtra4ewvmya4jcd3kzaohb4,did:plc:tnac7of2vxaz4dkm6uf5fiux,!no-unauthenticated,,at://did:plc:tnac7of2vxaz4dkm6uf5fiux/app.bsky.actor.profile/self,2024-11-11T03:12:57.570Z
9bd9b12e3a3d4b44a071124dbe0b97a0,2026-02-24T22:00:00Z,2026-02-24T22:13:08Z,auth,auth_enUS_labelerexp,at://did:plc:ejyzgmorxsgqz7e7xafei4as/app.bsky.feed.post/3mfn5yycesc2x,bafyreicobop22vwihc56qje7y7oclfffvkejatyyjzfkocznz52grgg2o4,did:plc:ejyzgmorxsgqz7e7xafei4as,!no-unauthenticated,,at://did:plc:ejyzgmorxsgqz7e7xafei4as/app.bsky.actor.profile/self,2024-10-17T05:34:10.433Z
9bd9b12e3a3d4b44a071124dbe0b97a0,2026-02-24T22:00:00Z,2026-02-24T22:13:08Z,auth,auth_enUS_labelerexp,at://did:plc:ib2lax727hs736trzayg46ny/app.bsky.feed.post/3mfn5xhnu7c2c,bafyreifuuyykquytj2tnqgumth5bs6jemog3hi2wlhv4vhafpt352qfnzy,did:plc:ib2lax727hs736trzayg46ny,!no-unauthenticated,,at://did:plc:ib2lax727hs736trzayg46ny/app.bsky.actor.profile/self,1970-01-01T00:00:00.000Z
9bd9b12e3a3d4b44a071124dbe0b97a0,2026-02-24T22:00:00Z,2026-02-24T22:13:08Z,auth,auth_enUS_labelerexp,at://did:plc:gh254rimuujtpiuvrsk4vgyo/app.bsky.feed.post/3mfn5snfgf225,bafyreib5ornds26uqvdutig2kivqhd67av2sboatpuiqgu7eu4cirbsqd4,did:plc:gh254rimuujtpiuvrsk4vgyo,!no-unauthenticated,,at://did:plc:gh254rimuujtpiuvrsk4vgyo/app.bsky.actor.profile/self,1970-01-01T00:00:00.000Z
9bd9b12e3a3d4b44a071124dbe0b97a0,2026-02-24T22:00:00Z,2026-02-24T22:13:08Z,auth,auth_enUS_labelerexp,at://did:plc:ejyzgmorxsgqz7e7xafei4as/app.bsky.feed.post/3mfn5nbyxhc2x,bafyreifhozvpthbgn54m3bxfwkcekkdz5kvghgnka7ponaafcwqf2tmrse,did:plc:ejyzgmorxsgqz7e7xafei4as,!no-unauthenticated,,at://did:plc:ejyzgmorxsgqz7e7xafei4as/app.bsky.actor.profile/self,2024-10-17T05:34:10.433Z
9bd9b12e3a3d4b44a071124dbe0b97a0,2026-02-24T22:00:00Z,2026-02-24T22:13:08Z,auth,auth_enUS_labelerexp,at://did:plc:qzerbk3uqovwqtjpkz3pcuxd/app.bsky.feed.post/3mfn5btdiqs27,bafyreiamjdadqr5elmkivoy2q5stl7gdgzojz2p4srwbj7r4hxqlqdkity,did:plc:qzerbk3uqovwqtjpkz3pcuxd,!no-unauthenticated,,at://did:plc:qzerbk3uqovwqtjpkz3pcuxd/app.bsky.actor.profile/self,1970-01-01T00:00:00.000Z
9bd9b12e3a3d4b44a071124dbe0b97a0,2026-02-24T22:00:00Z,2026-02-24T22:13:08Z,auth,auth_enUS_labelerexp,at://did:plc:wctbmhnxt2b6wx3ymxsh6ieg/app.bsky.feed.post/3mfn53r7wak2q,bafyreie2v4oevlzotwk57grlke2zbjptslnm7kfp2gznnpilqbopqjthgi,did:plc:wctbmhnxt2b6wx3ymxsh6ieg,!no-unauthenticated,,at://did:plc:wctbmhnxt2b6wx3ymxsh6ieg/app.bsky.actor.profile/self,1970-01-01T00:00:00.000Z
9bd9b12e3a3d4b44a071124dbe0b97a0,2026-02-24T22:00:00Z,2026-02-24T22:13:08Z,auth,auth_enUS_labelerexp,at://did:plc:unnjqmel4ud3wy3pmfi57yqn/app.bsky.feed.post/3mfn4yhm6us2p,bafyreighno7p6k6qwj5d53vlg4bzj2yxpkhoyejgxvj3ck77h7ouon6l6m,did:plc:unnjqmel4ud3wy3pmfi57yqn,!no-unauthenticated,,at://did:plc:unnjqmel4ud3wy3pmfi57yqn/app.bsky.actor.profile/self,1970-01-01T00:00:00.000Z
9bd9b12e3a3d4b44a071124dbe0b97a0,2026-02-24T22:00:00Z,2026-02-24T22:13:08Z,auth,auth_enUS_labelerexp,at://did:plc:cxvhogecchy7plwda732qsqk/app.bsky.feed.post/3mfn4odg3722r,bafyreibqskj5cfrvsieme26k4c64rvnrhylh5meggbezphbow3aahvukqy,did:plc:cxvhogecchy7plwda732qsqk,!no-unauthenticated,,at://did:plc:cxvhogecchy7plwda732qsqk/app.bsky.actor.profile/self,2024-11-27T07:04:46.495Z
9bd9b12e3a3d4b44a071124dbe0b97a0,2026-02-24T22:00:00Z,2026-02-24T22:13:08Z,auth,auth_enUS_labelerexp,at://did:plc:lpnkas6w5d4gz3nvneg2m4jp/app.bsky.feed.post/3mfn4hgixbs2w,bafyreibxzuz7l76hvx5gyufhm7macp6c45naefhyh473jioy3spznawzg4,did:plc:lpnkas6w5d4gz3nvneg2m4jp,!no-unauthenticated,,at://did:plc:lpnkas6w5d4gz3nvneg2m4jp/app.bsky.actor.profile/self,2024-12-03T15:29:30.209Z
9bd9b12e3a3d4b44a071124dbe0b97a0,2026-02-24T22:00:00Z,2026-02-24T22:13:08Z,auth,auth_enUS_labelerexp,at://did:plc:5j6cqgersfkfvh4dugc3hsfo/app.bsky.feed.post/3mfn45oynwk2u,bafyreicj7oj4lzt4mscde4xlyadiee5gzb7dn4r5v5ho2eyqyn2rt6rbs4,did:plc:5j6cqgersfkfvh4dugc3hsfo,!no-unauthenticated,,at://did:plc:5j6cqgersfkfvh4dugc3hsfo/app.bsky.actor.profile/self,2024-03-06T21:24:46.250Z
9bd9b12e3a3d4b44a071124dbe0b97a0,2026-02-24T22:00:00Z,2026-02-24T22:13:10Z,auth,auth_enUS_labelerexp,at://did:plc:ounwaemtwlzvhqnqcquhusg6/app.bsky.feed.post/3mfn436dhcc2j,bafyreicwezszpmdvzd4q7ieljzc7v47swxe3t7ucegquauyve54wws4to4,did:plc:uac6er53o2pvr5y2qmvaf7hw,telegram-link,,at://did:plc:ounwaemtwlzvhqnqcquhusg6/app.bsky.actor.profile/self,2025-06-14T08:25:59.118Z
9bd9b12e3a3d4b44a071124dbe0b97a0,2026-02-24T22:00:00Z,2026-02-24T22:13:10Z,auth,auth_enUS_labelerexp,at://did:plc:mrfno7ipwulhds2wloxccvdg/app.bsky.feed.post/3mfn27dqwy225,bafyreih6kvm55q6en7daistuqvo5gnphy6gvzlt5ye2fzfhosw2hji3zai,did:plc:mrfno7ipwulhds2wloxccvdg,!no-unauthenticated,,at://did:plc:mrfno7ipwulhds2wloxccvdg/app.bsky.actor.profile/self,2025-06-26T08:18:36.849Z
9bd9b12e3a3d4b44a071124dbe0b97a0,2026-02-24T22:00:00Z,2026-02-24T22:13:10Z,auth,auth_enUS_labelerexp,at://did:plc:54sseirocbaiilspkdidaeg2/app.bsky.feed.post/3mfmtymywms25,bafyreiblzyav2omjt7p7wr7h5odupxiaw7cbfzerbrl3txhcz5gpoedbcq,did:plc:uac6er53o2pvr5y2qmvaf7hw,telegram-link,,at://did:plc:54sseirocbaiilspkdidaeg2/app.bsky.actor.profile/self,2026-01-08T18:26:16.956Z
9bd9b12e3a3d4b44a071124dbe0b97a0,2026-02-24T22:00:00Z,2026-02-24T22:13:10Z,auth,auth_enUS_labelerexp,at://did:plc:4d6ttv5ptp4q7vrfuqcaivno/app.bsky.feed.post/3mfmsfl3vjs22,bafyreibonfhuvthtcoo6akfurrqrhlzglina6txrpnz46kktudwaveee6e,did:plc:uac6er53o2pvr5y2qmvaf7hw,telegram-link,,at://did:plc:4d6ttv5ptp4q7vrfuqcaivno/app.bsky.actor.profile/self,2025-07-12T17:06:38.800Z
9bd9b12e3a3d4b44a071124dbe0b97a0,2026-02-24T22:00:00Z,2026-02-24T22:13:10Z,auth,auth_enUS_labelerexp,at://did:plc:g7xy3gqwe74uojg7z5ybu7rr/app.bsky.feed.post/3mfmp6cbc3224,bafyreifswmbi2hzc75rkkjr34z42oev4h2ghjdeckmriw3dxicmz2hryzq,did:plc:uac6er53o2pvr5y2qmvaf7hw,high-total-facet-count,,at://did:plc:g7xy3gqwe74uojg7z5ybu7rr/app.bsky.feed.post/3mfmp6cbc3224,2026-02-24T17:34:07.365Z
9bd9b12e3a3d4b44a071124dbe0b97a0,2026-02-24T22:00:00Z,2026-02-24T22:13:10Z,auth,auth_enUS_labelerexp,at://did:plc:n2p52gz3vlyntrgj6qy2xa3z/app.bsky.feed.post/3mfmp6csul227,bafyreibpn5avygmpeiwmuawosq5mpthwo5nkdk4fxqtkdzi5o6kcrdleyy,did:plc:l624mewisyr6hymexmrjkprc,artistdesigner,,did:plc:n2p52gz3vlyntrgj6qy2xa3z,2025-04-14T23:36:09.481Z
9bd9b12e3a3d4b44a071124dbe0b97a0,2026-02-24T22:00:00Z,2026-02-24T22:13:10Z,auth,auth_enUS_labelerexp,at://did:plc:n2p52gz3vlyntrgj6qy2xa3z/app.bsky.feed.post/3mfmp6csul227,bafyreibpn5avygmpeiwmuawosq5mpthwo5nkdk4fxqtkdzi5o6kcrdleyy,did:plc:n2p52gz3vlyntrgj6qy2xa3z,!no-unauthenticated,,at://did:plc:n2p52gz3vlyntrgj6qy2xa3z/app.bsky.actor.profile/self,1970-01-01T00:00:00.000Z
9bd9b12e3a3d4b44a071124dbe0b97a0,2026-02-24T22:00:00Z,2026-02-24T22:13:10Z,auth,auth_enUS_labelerexp,at://did:plc:4d6ttv5ptp4q7vrfuqcaivno/app.bsky.feed.post/3mfm6cgjawk2i,bafyreielnmho6pvkt62fy5nriydzpdnz5b2jy6fmlxx4tykl3beffrsxia,did:plc:uac6er53o2pvr5y2qmvaf7hw,telegram-link,,at://did:plc:4d6ttv5ptp4q7vrfuqcaivno/app.bsky.actor.profile/self,2025-07-12T17:06:38.800Z
9bd9b12e3a3d4b44a071124dbe0b97a0,2026-02-24T22:00:00Z,2026-02-24T22:13:10Z,auth,auth_enUS_labelerexp,at://did:plc:i57vx43gwsguitizh6l2sos5/app.bsky.feed.post/3mflxrgtwz227,bafyreiaoxtkhbmzxu7hezrwyc3vamo5fe4usvtjqe4odykcpui5jhqjykq,did:plc:i57vx43gwsguitizh6l2sos5,porn,,at://did:plc:i57vx43gwsguitizh6l2sos5/app.bsky.feed.post/3mflxrgtwz227,2026-02-24T10:34:31.504Z
9bd9b12e3a3d4b44a071124dbe0b97a0,2026-02-24T22:00:00Z,2026-02-24T22:13:10Z,auth,auth_enUS_labelerexp,at://did:plc:mrfno7ipwulhds2wloxccvdg/app.bsky.feed.post/3mflb25iqu22z,bafyreigviwky3uuksavvtzr4jdpzuj3lrbl5kadz7zhqh2manyfllfb7hy,did:plc:mrfno7ipwulhds2wloxccvdg,!no-unauthenticated,,at://did:plc:mrfno7ipwulhds2wloxccvdg/app.bsky.actor.profile/self,2025-06-26T08:18:36.849Z
9bd9b12e3a3d4b44a071124dbe0b97a0,2026-02-24T22:00:00Z,2026-02-24T22:13:10Z,auth,auth_enUS_labelerexp,at://did:plc:o2ynlqvtdrenys5iav6m6uld/app.bsky.feed.post/3mfkx5batl22c,bafyreif6tbp6oapwmpvix6me3b7p5xpf2qptsxgxnyy2nw5iyt6yz75v3m,did:plc:o2ynlqvtdrenys5iav6m6uld,!no-unauthenticated,,at://did:plc:o2ynlqvtdrenys5iav6m6uld/app.bsky.actor.profile/self,1970-01-01T00:00:00.000Z
9bd9b12e3a3d4b44a071124dbe0b97a0,2026-02-24T22:00:00Z,2026-02-24T22:13:10Z,auth,auth_enUS_labelerexp,at://did:plc:mrfno7ipwulhds2wloxccvdg/app.bsky.feed.post/3mfkgfxhfg22d,bafyreihcjc6ucvwqgtlx33cwk6uknioiagupf53m3gjgovwkycpslly5lm,did:plc:mrfno7ipwulhds2wloxccvdg,!no-unauthenticated,,at://did:plc:mrfno7ipwulhds2wloxccvdg/app.bsky.actor.profile/self,2025-06-26T08:18:36.849Z
9bd9b12e3a3d4b44a071124dbe0b97a0,2026-02-24T22:00:00Z,2026-02-24T22:13:11Z,auth,auth_enUS_labelerexp,at://did:plc:alvv6soej67nb6hebefx3dqa/app.bsky.feed.post/3mfmu7nlp6s2q,bafyreidss4243d4dada3mywavbhnwcyyw5vioyjyiiztheu6d7zby6sujy,did:plc:ar7c4by46qjdydhdevvrndac,sexual,,at://did:plc:alvv6soej67nb6hebefx3dqa/app.bsky.feed.post/3mfmu7nlp6s2q,2026-02-24T19:03:32.903Z
9bd9b12e3a3d4b44a071124dbe0b97a0,2026-02-24T22:00:00Z,2026-02-24T22:13:11Z,auth,auth_enUS_labelerexp,at://did:plc:grv57aswxdpu6t4pz27riv7o/app.bsky.feed.post/3mfmdxy5fi22z,bafyreifdbecquwlkhvyyqn5d3pv5pdlz2uwvv7b3ezdgtthoswl5i7t3zq,did:plc:uac6er53o2pvr5y2qmvaf7hw,x-link,,at://did:plc:grv57aswxdpu6t4pz27riv7o/app.bsky.actor.profile/self,2025-12-09T16:01:06.043Z
9bd9b12e3a3d4b44a071124dbe0b97a0,2026-02-24T22:00:00Z,2026-02-24T22:13:11Z,auth,auth_enUS_labelerexp,at://did:plc:g7xy3gqwe74uojg7z5ybu7rr/app.bsky.feed.post/3mfmp6cbc3224,bafyreifswmbi2hzc75rkkjr34z42oev4h2ghjdeckmriw3dxicmz2hryzq,did:plc:uac6er53o2pvr5y2qmvaf7hw,high-total-facet-count,,at://did:plc:g7xy3gqwe74uojg7z5ybu7rr/app.bsky.feed.post/3mfmp6cbc3224,2026-02-24T17:34:07.365Z
9bd9b12e3a3d4b44a071124dbe0b97a0,2026-02-24T22:00:00Z,2026-02-24T22:13:11Z,auth,auth_enUS_labelerexp,at://did:plc:gjrfxgj7hmolsemumdpvch23/app.bsky.feed.post/3mfmnuxl7is2y,bafyreibkotnq6rjy5qym77b27hmwbvj5ojoo7oidnftgpzndqlvylhihpu,did:plc:ar7c4by46qjdydhdevvrndac,sexual,,at://did:plc:gjrfxgj7hmolsemumdpvch23/app.bsky.feed.post/3mfmnuxl7is2y,2026-02-24T17:10:19.048Z
9bd9b12e3a3d4b44a071124dbe0b97a0,2026-02-24T22:00:00Z,2026-02-24T22:13:11Z,auth,auth_enUS_labelerexp,at://did:plc:4r5dujajoefolqi5kr7yliw3/app.bsky.feed.post/3mfmv67rdjs2s,bafyreihidmrjgobntcf3xibf5ufgq3tt3zz26gqmqo62d7jk3bicabty44,did:plc:4r5dujajoefolqi5kr7yliw3,porn,,at://did:plc:4r5dujajoefolqi5kr7yliw3/app.bsky.feed.post/3mfmv67rdjs2s,2026-02-24T19:20:38.879Z
9bd9b12e3a3d4b44a071124dbe0b97a0,2026-02-24T22:00:00Z,2026-02-24T22:13:11Z,auth,auth_enUS_labelerexp,at://did:plc:4r5dujajoefolqi5kr7yliw3/app.bsky.feed.post/3mfmv67rdjs2s,bafyreihidmrjgobntcf3xibf5ufgq3tt3zz26gqmqo62d7jk3bicabty44,did:plc:4r5dujajoefolqi5kr7yliw3,!no-unauthenticated,,at://did:plc:4r5dujajoefolqi5kr7yliw3/app.bsky.actor.profile/self,2025-01-25T10:54:13.376Z
9bd9b12e3a3d4b44a071124dbe0b97a0,2026-02-24T22:00:00Z,2026-02-24T22:13:11Z,auth,auth_enUS_labelerexp,at://did:plc:sijmwr4w5l5nadt6hpp72aky/app.bsky.feed.post/3mfmrh2n24k2w,bafyreiepqt4wqevkcwc7wmwwaw3bjs3qiohfwg74whob7xbltw6jz5aiom,did:plc:uac6er53o2pvr5y2qmvaf7hw,high-total-facet-count,,at://did:plc:sijmwr4w5l5nadt6hpp72aky/app.bsky.feed.post/3mfmrh2n24k2w,2026-02-24T18:14:04.701Z
9bd9b12e3a3d4b44a071124dbe0b97a0,2026-02-24T22:00:00Z,2026-02-24T22:13:11Z,auth,auth_enUS_labelerexp,at://did:plc:sijmwr4w5l5nadt6hpp72aky/app.bsky.feed.post/3mfmrh2n24k2w,bafyreiepqt4wqevkcwc7wmwwaw3bjs3qiohfwg74whob7xbltw6jz5aiom,did:plc:ar7c4by46qjdydhdevvrndac,porn,,at://did:plc:sijmwr4w5l5nadt6hpp72aky/app.bsky.feed.post/3mfmrh2n24k2w,2026-02-24T18:14:05.453Z
9bd9b12e3a3d4b44a071124dbe0b97a0,2026-02-24T22:00:00Z,2026-02-24T22:13:11Z,auth,auth_enUS_labelerexp,at://did:plc:sijmwr4w5l5nadt6hpp72aky/app.bsky.feed.post/3mfmrh2n24k2w,bafyreiepqt4wqevkcwc7wmwwaw3bjs3qiohfwg74whob7xbltw6jz5aiom,did:plc:ar7c4by46qjdydhdevvrndac,porn,,at://did:plc:sijmwr4w5l5nadt6hpp72aky/app.bsky.actor.profile/self,2024-11-18T21:06:12.980Z
9bd9b12e3a3d4b44a071124dbe0b97a0,2026-02-24T22:00:00Z,2026-02-24T22:13:11Z,auth,auth_enUS_labelerexp,at://did:plc:ki6nzewpdfnfrpc4vjrvthgv/app.bsky.feed.post/3mfm4kik7ra2u,bafyreidos2ckyhfrjncmvd7l5nkatdm6tpsn7xq4wv36zdcbufqneivtbu,did:plc:ar7c4by46qjdydhdevvrndac,porn,,at://did:plc:ki6nzewpdfnfrpc4vjrvthgv/app.bsky.feed.post/3mfm4kik7ra2u,2026-02-24T12:00:07.765Z
9bd9b12e3a3d4b44a071124dbe0b97a0,2026-02-24T22:00:00Z,2026-02-24T22:13:11Z,auth,auth_enUS_labelerexp,at://did:plc:ki6nzewpdfnfrpc4vjrvthgv/app.bsky.feed.post/3mfm4kik7ra2u,bafyreidos2ckyhfrjncmvd7l5nkatdm6tpsn7xq4wv36zdcbufqneivtbu,did:plc:ki6nzewpdfnfrpc4vjrvthgv,porn,,at://did:plc:ki6nzewpdfnfrpc4vjrvthgv/app.bsky.feed.post/3mfm4kik7ra2u,2026-02-24T12:00:07.188Z
9bd9b12e3a3d4b44a071124dbe0b97a0,2026-02-24T22:00:00Z,2026-02-24T22:13:11Z,auth,auth_enUS_labelerexp,at://did:plc:hzx6lszy26t5j3hx2lx67hd7/app.bsky.feed.post/3mfmp3uob2222,bafyreifzzax2axo7gelmf6co7gkqjm4sjmosyno5tanerq7pp76ct2rl7m,did:plc:uac6er53o2pvr5y2qmvaf7hw,high-total-facet-count,,at://did:plc:hzx6lszy26t5j3hx2lx67hd7/app.bsky.feed.post/3mfmp3uob2222,2026-02-24T17:32:14.573Z
9bd9b12e3a3d4b44a071124dbe0b97a0,2026-02-24T22:00:00Z,2026-02-24T22:13:11Z,auth,auth_enUS_labelerexp,at://did:plc:hzx6lszy26t5j3hx2lx67hd7/app.bsky.feed.post/3mfmp3uob2222,bafyreifzzax2axo7gelmf6co7gkqjm4sjmosyno5tanerq7pp76ct2rl7m,did:plc:ar7c4by46qjdydhdevvrndac,porn,,at://did:plc:hzx6lszy26t5j3hx2lx67hd7/app.bsky.feed.post/3mfmp3uob2222,2026-02-24T17:32:16.451Z
9bd9b12e3a3d4b44a071124dbe0b97a0,2026-02-24T22:00:00Z,2026-02-24T22:13:11Z,auth,auth_enUS_labelerexp,at://did:plc:g5i6owsyjz2q52fre2i35bqe/app.bsky.feed.post/3mflu7paa7k2r,bafyreigk56pmhfsizyqi6thvvsqatiq3ltkn6iwos457dc3fibekg6dhee,did:plc:g5i6owsyjz2q52fre2i35bqe,!no-unauthenticated,,at://did:plc:g5i6owsyjz2q52fre2i35bqe/app.bsky.actor.profile/self,1970-01-01T00:00:00.000Z
9bd9b12e3a3d4b44a071124dbe0b97a0,2026-02-24T22:00:00Z,2026-02-24T22:13:11Z,auth,auth_enUS_labelerexp,at://did:plc:uf2p75ajnwj4ypsrxnsyexze/app.bsky.feed.post/3mflwieekos2l,bafyreih6kfulds34ii2sj2pdnoldbrpmrkkhmlsbstvh333mdbzu5cvb4m,did:plc:uf2p75ajnwj4ypsrxnsyexze,!no-unauthenticated,,at://did:plc:uf2p75ajnwj4ypsrxnsyexze/app.bsky.actor.profile/self,2024-09-24T10:54:27.951Z
9bd9b12e3a3d4b44a071124dbe0b97a0,2026-02-24T22:00:00Z,2026-02-24T22:13:11Z,auth,auth_enUS_labelerexp,at://did:plc:5pas2vwk47bkllg4cyv5eg5f/app.bsky.feed.post/3mfm2nscuhs2m,bafyreifj22sguwy5vxgqqomewc57bqqvu6hwed2ytd775wd6ifgvajhkg4,did:plc:uac6er53o2pvr5y2qmvaf7hw,x-link,,at://did:plc:5pas2vwk47bkllg4cyv5eg5f/app.bsky.actor.profile/self,2026-01-19T05:26:38.381Z
9bd9b12e3a3d4b44a071124dbe0b97a0,2026-02-24T22:00:00Z,2026-02-24T22:13:11Z,auth,auth_enUS_labelerexp,at://did:plc:d4bmhmpvogqzb3mwtwbadte5/app.bsky.feed.post/3mfmd3444ok2i,bafyreienur4oghatwiprzr3a5ul72zit4m7m4yzsn2hhmmysmru5wvvw6y,did:plc:d4bmhmpvogqzb3mwtwbadte5,porn,,at://did:plc:d4bmhmpvogqzb3mwtwbadte5/app.bsky.feed.post/3mfmd3444ok2i,2026-02-24T13:56:47.002Z
9bd9b12e3a3d4b44a071124dbe0b97a0,2026-02-24T22:00:00Z,2026-02-24T22:13:11Z,auth,auth_enUS_labelerexp,at://did:plc:uf2p75ajnwj4ypsrxnsyexze/app.bsky.feed.post/3mflwkn35uc2l,bafyreidlzezz3e36yfuc7zejfsltpschwo5ezhoil3776hj6dlms3qi6oq,did:plc:uf2p75ajnwj4ypsrxnsyexze,!no-unauthenticated,,at://did:plc:uf2p75ajnwj4ypsrxnsyexze/app.bsky.actor.profile/self,2024-09-24T10:54:27.951Z
9bd9b12e3a3d4b44a071124dbe0b97a0,2026-02-24T22:00:00Z,2026-02-24T22:13:11Z,auth,auth_enUS_labelerexp,at://did:plc:nhsvgczsbknm4ae7s6espwxa/app.bsky.feed.post/3mfmc4oovc22g,bafyreia5yaw65tmqrzlueprqq4ty2zf7wb7rtd6m3cbgxn3bhckez66xda,did:plc:uac6er53o2pvr5y2qmvaf7hw,x-link,,at://did:plc:nhsvgczsbknm4ae7s6espwxa/app.bsky.actor.profile/self,2026-02-24T15:18:26.000Z
9bd9b12e3a3d4b44a071124dbe0b97a0,2026-02-24T22:00:00Z,2026-02-24T22:13:11Z,auth,auth_enUS_labelerexp,at://did:plc:nhsvgczsbknm4ae7s6espwxa/app.bsky.feed.post/3mfmc4oovc22g,bafyreia5yaw65tmqrzlueprqq4ty2zf7wb7rtd6m3cbgxn3bhckez66xda,did:plc:nhsvgczsbknm4ae7s6espwxa,!no-unauthenticated,,at://did:plc:nhsvgczsbknm4ae7s6espwxa/app.bsky.actor.profile/self,2026-01-04T12:25:17.203Z
9bd9b12e3a3d4b44a071124dbe0b97a0,2026-02-24T22:00:00Z,2026-02-24T22:13:11Z,auth,auth_enUS_labelerexp,at://did:plc:f2bifanbm4gims7icxslnol3/app.bsky.feed.post/3mfkizt3wak2t,bafyreiawix2rfedsihdgmld5rczha6hwuzxxf7gpxwkknxttad6zv2b4pq,did:plc:f2bifanbm4gims7icxslnol3,!no-unauthenticated,,at://did:plc:f2bifanbm4gims7icxslnol3/app.bsky.actor.profile/self,2024-10-17T00:06:16.857Z
9bd9b12e3a3d4b44a071124dbe0b97a0,2026-02-24T22:00:00Z,2026-02-24T22:13:11Z,auth,auth_enUS_labelerexp,at://did:plc:ffup4fg6h4sbuoebvehfmv6j/app.bsky.feed.post/3mfmdmeodqc2g,bafyreidss66fjqasooudjjeru6glldvmznobej2gnsldzxjbcen4jrufuq,did:plc:uac6er53o2pvr5y2qmvaf7hw,high-total-facet-count,,at://did:plc:ffup4fg6h4sbuoebvehfmv6j/app.bsky.feed.post/3mfmdmeodqc2g,2026-02-24T14:06:30.369Z
9bd9b12e3a3d4b44a071124dbe0b97a0,2026-02-24T22:00:00Z,2026-02-24T22:13:11Z,auth,auth_enUS_labelerexp,at://did:plc:ffup4fg6h4sbuoebvehfmv6j/app.bsky.feed.post/3mfmdmeodqc2g,bafyreidss66fjqasooudjjeru6glldvmznobej2gnsldzxjbcen4jrufuq,did:plc:ffup4fg6h4sbuoebvehfmv6j,sexual,,at://did:plc:ffup4fg6h4sbuoebvehfmv6j/app.bsky.feed.post/3mfmdmeodqc2g,2026-02-24T14:06:26.442Z
9bd9b12e3a3d4b44a071124dbe0b97a0,2026-02-24T22:00:00Z,2026-02-24T22:13:11Z,auth,auth_enUS_labelerexp,at://did:plc:6m4d3mhfgqlzvmej7yfn3qqq/app.bsky.feed.post/3mfmgvnubn22e,bafyreidw3l7ztkysmd55hs4w423n3s55lkhbd7l56bhzu4lgrcqezlbexu,did:plc:uac6er53o2pvr5y2qmvaf7hw,x-link,,at://did:plc:6m4d3mhfgqlzvmej7yfn3qqq/app.bsky.actor.profile/self,2025-05-08T02:26:53.325Z
9bd9b12e3a3d4b44a071124dbe0b97a0,2026-02-24T22:00:00Z,2026-02-24T22:13:11Z,auth,auth_enUS_labelerexp,at://did:plc:z3fy3vucmndzdhwwxcn7xeou/app.bsky.feed.post/3mfkx2k7gr22k,bafyreibaeis2ma3x7ktrs7me3whmskmifa43qmlizurqq3laof2hoplhp4,did:plc:cnn3jrtucivembf66xe6fdfs,anti,,did:plc:z3fy3vucmndzdhwwxcn7xeou,2024-05-03T16:54:36.761Z
9bd9b12e3a3d4b44a071124dbe0b97a0,2026-02-24T22:00:00Z,2026-02-24T22:13:11Z,auth,auth_enUS_labelerexp,at://did:plc:z3fy3vucmndzdhwwxcn7xeou/app.bsky.feed.post/3mfkx2k7gr22k,bafyreibaeis2ma3x7ktrs7me3whmskmifa43qmlizurqq3laof2hoplhp4,did:plc:cnn3jrtucivembf66xe6fdfs,dni,,did:plc:z3fy3vucmndzdhwwxcn7xeou,2024-05-03T16:48:54.446Z
9bd9b12e3a3d4b44a071124dbe0b97a0,2026-02-24T22:00:00Z,2026-02-24T22:13:11Z,auth,auth_enUS_labelerexp,at://did:plc:csipgdlbp5xjjzefsoo3hla2/app.bsky.feed.post/3mfmes566r22u,bafyreialluhvzdkdaqnaayhbckdj44ojq4vpslciriygw6mh673ihb4wpi,did:plc:uac6er53o2pvr5y2qmvaf7hw,telegram-link,,at://did:plc:csipgdlbp5xjjzefsoo3hla2/app.bsky.actor.profile/self,2025-09-27T09:19:59.186Z
9bd9b12e3a3d4b44a071124dbe0b97a0,2026-02-24T22:00:00Z,2026-02-24T22:13:11Z,auth,auth_enUS_labelerexp,at://did:plc:f3nqd67bhnsoaxxxdfzhihqi/app.bsky.feed.post/3mfgivdjbfs2r,bafyreigiihy7e2uqxort457g4trkoxhkp7shbzhgjtt2h2ezgq2ufnpf7u,did:plc:ar7c4by46qjdydhdevvrndac,sexual,,at://did:plc:f3nqd67bhnsoaxxxdfzhihqi/app.bsky.feed.post/3mfgivdjbfs2r,2026-02-24T17:53:03.375Z
9bd9b12e3a3d4b44a071124dbe0b97a0,2026-02-24T22:00:00Z,2026-02-24T22:13:12Z,auth,auth_enUS_labelerexp,at://did:plc:mcb6n67plnrlx4lg35natk2b/app.bsky.feed.post/3mfn5kqgqam2y,bafyreigl7bgcg6yw6difx4bwm73plw2aanuytb7dvf4atauipoqreugcpq,did:plc:uac6er53o2pvr5y2qmvaf7hw,high-offsite-link-count,,at://did:plc:mcb6n67plnrlx4lg35natk2b/app.bsky.feed.post/3mfn5kqgqam2y,2026-02-24T21:50:50.104Z
9bd9b12e3a3d4b44a071124dbe0b97a0,2026-02-24T22:00:00Z,2026-02-24T22:13:12Z,auth,auth_enUS_labelerexp,at://did:plc:mcb6n67plnrlx4lg35natk2b/app.bsky.feed.post/3mfn5kqgqam2y,bafyreigl7bgcg6yw6difx4bwm73plw2aanuytb7dvf4atauipoqreugcpq,did:plc:uac6er53o2pvr5y2qmvaf7hw,engagementfarmer,,did:plc:mcb6n67plnrlx4lg35natk2b,2024-12-10T14:25:58.920Z
9bd9b12e3a3d4b44a071124dbe0b97a0,2026-02-24T22:00:00Z,2026-02-24T22:13:12Z,auth,auth_enUS_labelerexp,at://did:plc:mcb6n67plnrlx4lg35natk2b/app.bsky.feed.post/3mfn5kqgqam2y,bafyreigl7bgcg6yw6difx4bwm73plw2aanuytb7dvf4atauipoqreugcpq,did:plc:uac6er53o2pvr5y2qmvaf7hw,high-offsite-link-count,,did:plc:mcb6n67plnrlx4lg35natk2b,2025-04-18T13:00:27.234Z
9bd9b12e3a3d4b44a071124dbe0b97a0,2026-02-24T22:00:00Z,2026-02-24T22:13:12Z,auth,auth_enUS_labelerexp,at://did:plc:mcb6n67plnrlx4lg35natk2b/app.bsky.feed.post/3mfn5kqgqam2y,bafyreigl7bgcg6yw6difx4bwm73plw2aanuytb7dvf4atauipoqreugcpq,did:plc:uac6er53o2pvr5y2qmvaf7hw,repetitive,,did:plc:mcb6n67plnrlx4lg35natk2b,2024-12-10T14:25:58.920Z
9bd9b12e3a3d4b44a071124dbe0b97a0,2026-02-24T22:00:00Z,2026-02-24T22:13:12Z,auth,auth_enUS_labelerexp,at://did:plc:mcb6n67plnrlx4lg35natk2b/app.bsky.feed.post/3mfn4ylwdd72l,bafyreicabbk3avfwjhfnmfiwlx4xfaelc4fheexcn7yiwywfo6izeqctsu,did:plc:uac6er53o2pvr5y2qmvaf7hw,high-offsite-link-count,,at://did:plc:mcb6n67plnrlx4lg35natk2b/app.bsky.feed.post/3mfn4ylwdd72l,2026-02-24T21:40:41.898Z
9bd9b12e3a3d4b44a071124dbe0b97a0,2026-02-24T22:00:00Z,2026-02-24T22:13:12Z,auth,auth_enUS_labelerexp,at://did:plc:mcb6n67plnrlx4lg35natk2b/app.bsky.feed.post/3mfn4ylwdd72l,bafyreicabbk3avfwjhfnmfiwlx4xfaelc4fheexcn7yiwywfo6izeqctsu,did:plc:uac6er53o2pvr5y2qmvaf7hw,engagementfarmer,,did:plc:mcb6n67plnrlx4lg35natk2b,2024-12-10T14:25:58.920Z
9bd9b12e3a3d4b44a071124dbe0b97a0,2026-02-24T22:00:00Z,2026-02-24T22:13:12Z,auth,auth_enUS_labelerexp,at://did:plc:mcb6n67plnrlx4lg35natk2b/app.bsky.feed.post/3mfn4ylwdd72l,bafyreicabbk3avfwjhfnmfiwlx4xfaelc4fheexcn7yiwywfo6izeqctsu,did:plc:uac6er53o2pvr5y2qmvaf7hw,high-offsite-link-count,,did:plc:mcb6n67plnrlx4lg35natk2b,2025-04-18T13:00:27.234Z
9bd9b12e3a3d4b44a071124dbe0b97a0,2026-02-24T22:00:00Z,2026-02-24T22:13:12Z,auth,auth_enUS_labelerexp,at://did:plc:mcb6n67plnrlx4lg35natk2b/app.bsky.feed.post/3mfn4ylwdd72l,bafyreicabbk3avfwjhfnmfiwlx4xfaelc4fheexcn7yiwywfo6izeqctsu,did:plc:uac6er53o2pvr5y2qmvaf7hw,repetitive,,did:plc:mcb6n67plnrlx4lg35natk2b,2024-12-10T14:25:58.920Z
9bd9b12e3a3d4b44a071124dbe0b97a0,2026-02-24T22:00:00Z,2026-02-24T22:13:12Z,auth,auth_enUS_labelerexp,at://did:plc:7vwuwxnyre5wgntjjzjvxion/app.bsky.feed.post/3mfn4xpxe4s25,bafyreid36lqcpbwhsajhs3v3tupbhn3fodq7gkuxbdpds6rmyu6fsmcyxi,did:plc:uac6er53o2pvr5y2qmvaf7hw,high-hashtag-count,,at://did:plc:7vwuwxnyre5wgntjjzjvxion/app.bsky.feed.post/3mfn4xpxe4s25,2026-02-24T21:40:15.922Z
9bd9b12e3a3d4b44a071124dbe0b97a0,2026-02-24T22:00:00Z,2026-02-24T22:13:12Z,auth,auth_enUS_labelerexp,at://did:plc:7vwuwxnyre5wgntjjzjvxion/app.bsky.feed.post/3mfn4xpxe4s25,bafyreid36lqcpbwhsajhs3v3tupbhn3fodq7gkuxbdpds6rmyu6fsmcyxi,did:plc:uac6er53o2pvr5y2qmvaf7hw,high-total-facet-count,,at://did:plc:7vwuwxnyre5wgntjjzjvxion/app.bsky.feed.post/3mfn4xpxe4s25,2026-02-24T21:40:15.927Z
9bd9b12e3a3d4b44a071124dbe0b97a0,2026-02-24T22:00:00Z,2026-02-24T22:13:12Z,auth,auth_enUS_labelerexp,at://did:plc:7vwuwxnyre5wgntjjzjvxion/app.bsky.feed.post/3mfn4xpxe4s25,bafyreid36lqcpbwhsajhs3v3tupbhn3fodq7gkuxbdpds6rmyu6fsmcyxi,did:plc:ar7c4by46qjdydhdevvrndac,sexual,,at://did:plc:7vwuwxnyre5wgntjjzjvxion/app.bsky.feed.post/3mfn4xpxe4s25,2026-02-24T21:40:17.096Z
9bd9b12e3a3d4b44a071124dbe0b97a0,2026-02-24T22:00:00Z,2026-02-24T22:13:12Z,auth,auth_enUS_labelerexp,at://did:plc:a3j6mogvgoydtbb2ptpx3pak/app.bsky.feed.post/3mfn4lrgoxc2x,bafyreifjb5agia2d6hoom3e7zmj33iyhjbfnpsnkdscypyxtqdsqraohoq,did:plc:ar7c4by46qjdydhdevvrndac,porn,,at://did:plc:a3j6mogvgoydtbb2ptpx3pak/app.bsky.feed.post/3mfn4lrgoxc2x,2026-02-24T21:33:40.292Z
9bd9b12e3a3d4b44a071124dbe0b97a0,2026-02-24T22:00:00Z,2026-02-24T22:13:12Z,auth,auth_enUS_labelerexp,at://did:plc:a3j6mogvgoydtbb2ptpx3pak/app.bsky.feed.post/3mfn4lrgoxc2x,bafyreifjb5agia2d6hoom3e7zmj33iyhjbfnpsnkdscypyxtqdsqraohoq,did:plc:ar7c4by46qjdydhdevvrndac,sexual,,at://did:plc:a3j6mogvgoydtbb2ptpx3pak/app.bsky.feed.post/3mfn4lrgoxc2x,2026-02-24T21:33:40.292Z
9bd9b12e3a3d4b44a071124dbe0b97a0,2026-02-24T22:00:00Z,2026-02-24T22:13:12Z,auth,auth_enUS_labelerexp,at://did:plc:a3j6mogvgoydtbb2ptpx3pak/app.bsky.feed.post/3mfn4lrgoxc2x,bafyreifjb5agia2d6hoom3e7zmj33iyhjbfnpsnkdscypyxtqdsqraohoq,did:plc:a3j6mogvgoydtbb2ptpx3pak,nudity,,at://did:plc:a3j6mogvgoydtbb2ptpx3pak/app.bsky.feed.post/3mfn4lrgoxc2x,2026-02-24T21:33:29.785Z
9bd9b12e3a3d4b44a071124dbe0b97a0,2026-02-24T22:00:00Z,2026-02-24T22:13:12Z,auth,auth_enUS_labelerexp,at://did:plc:qropmz2a4q5q4h7drdmg4n2r/app.bsky.feed.post/3mfn35lioqs2m,bafyreicoojzmib5gcrt3dquz6mjztyzolovgqqivky2d63wp6yzj3xxrve,did:plc:uac6er53o2pvr5y2qmvaf7hw,high-total-facet-count,,at://did:plc:qropmz2a4q5q4h7drdmg4n2r/app.bsky.feed.post/3mfn35lioqs2m,2026-02-24T21:07:50.332Z
9bd9b12e3a3d4b44a071124dbe0b97a0,2026-02-24T22:00:00Z,2026-02-24T22:13:12Z,auth,auth_enUS_labelerexp,at://did:plc:xibtmabrb5li5yiuqlegxjjh/app.bsky.feed.post/3mfmzadowvs2c,bafyreia75fapwucxccnzqioy7xm3xx66atvocv3alybnv5irk76sug6coy,did:plc:uac6er53o2pvr5y2qmvaf7hw,high-total-facet-count,,at://did:plc:xibtmabrb5li5yiuqlegxjjh/app.bsky.feed.post/3mfmzadowvs2c,2026-02-24T20:33:32.587Z
9bd9b12e3a3d4b44a071124dbe0b97a0,2026-02-24T22:00:00Z,2026-02-24T22:13:12Z,auth,auth_enUS_labelerexp,at://did:plc:xibtmabrb5li5yiuqlegxjjh/app.bsky.feed.post/3mfmzadowvs2c,bafyreia75fapwucxccnzqioy7xm3xx66atvocv3alybnv5irk76sug6coy,did:plc:ar7c4by46qjdydhdevvrndac,porn,,at://did:plc:xibtmabrb5li5yiuqlegxjjh/app.bsky.feed.post/3mfmzadowvs2c,2026-02-24T20:33:36.302Z
9bd9b12e3a3d4b44a071124dbe0b97a0,2026-02-24T22:00:00Z,2026-02-24T22:13:12Z,auth,auth_enUS_labelerexp,at://did:plc:xibtmabrb5li5yiuqlegxjjh/app.bsky.feed.post/3mfmzadowvs2c,bafyreia75fapwucxccnzqioy7xm3xx66atvocv3alybnv5irk76sug6coy,did:plc:ar7c4by46qjdydhdevvrndac,sexual,,at://did:plc:xibtmabrb5li5yiuqlegxjjh/app.bsky.feed.post/3mfmzadowvs2c,2026-02-24T20:33:36.302Z
9bd9b12e3a3d4b44a071124dbe0b97a0,2026-02-24T22:00:00Z,2026-02-24T22:13:12Z,auth,auth_enUS_labelerexp,at://did:plc:xibtmabrb5li5yiuqlegxjjh/app.bsky.feed.post/3mfmzadowvs2c,bafyreia75fapwucxccnzqioy7xm3xx66atvocv3alybnv5irk76sug6coy,did:plc:xibtmabrb5li5yiuqlegxjjh,nudity,,at://did:plc:xibtmabrb5li5yiuqlegxjjh/app.bsky.feed.post/3mfmzadowvs2c,2026-02-24T20:33:25.080Z
9bd9b12e3a3d4b44a071124dbe0b97a0,2026-02-24T22:00:00Z,2026-02-24T22:13:12Z,auth,auth_enUS_labelerexp,at://did:plc:xibtmabrb5li5yiuqlegxjjh/app.bsky.feed.post/3mfmzadowvs2c,bafyreia75fapwucxccnzqioy7xm3xx66atvocv3alybnv5irk76sug6coy,did:plc:xibtmabrb5li5yiuqlegxjjh,!no-unauthenticated,,at://did:plc:xibtmabrb5li5yiuqlegxjjh/app.bsky.actor.profile/self,2024-11-15T21:36:10.781Z
9bd9b12e3a3d4b44a071124dbe0b97a0,2026-02-24T22:00:00Z,2026-02-24T22:13:12Z,auth,auth_enUS_labelerexp,at://did:plc:pehodjg3hwhpmagtn4yvzphb/app.bsky.feed.post/3mfmyq4twz22l,bafyreieby7lyezdihaxphdcnsiosajhja2qjme3jzoug763wzlnqyxtbdq,did:plc:pehodjg3hwhpmagtn4yvzphb,porn,,at://did:plc:pehodjg3hwhpmagtn4yvzphb/app.bsky.feed.post/3mfmyq4twz22l,2026-02-24T20:24:21.028Z
9bd9b12e3a3d4b44a071124dbe0b97a0,2026-02-24T22:00:00Z,2026-02-24T22:13:12Z,auth,auth_enUS_labelerexp,at://did:plc:mcb6n67plnrlx4lg35natk2b/app.bsky.feed.post/3mfmyjg2b7n2x,bafyreieq6ioa2j3cygxso663tagr5cmjbeaqnjwimmoy7egbu45dek7sn4,did:plc:uac6er53o2pvr5y2qmvaf7hw,high-offsite-link-count,,at://did:plc:mcb6n67plnrlx4lg35natk2b/app.bsky.feed.post/3mfmyjg2b7n2x,2026-02-24T20:20:37.587Z
9bd9b12e3a3d4b44a071124dbe0b97a0,2026-02-24T22:00:00Z,2026-02-24T22:13:12Z,auth,auth_enUS_labelerexp,at://did:plc:mcb6n67plnrlx4lg35natk2b/app.bsky.feed.post/3mfmyjg2b7n2x,bafyreieq6ioa2j3cygxso663tagr5cmjbeaqnjwimmoy7egbu45dek7sn4,did:plc:uac6er53o2pvr5y2qmvaf7hw,engagementfarmer,,did:plc:mcb6n67plnrlx4lg35natk2b,2024-12-10T14:25:58.920Z
9bd9b12e3a3d4b44a071124dbe0b97a0,2026-02-24T22:00:00Z,2026-02-24T22:13:12Z,auth,auth_enUS_labelerexp,at://did:plc:mcb6n67plnrlx4lg35natk2b/app.bsky.feed.post/3mfmyjg2b7n2x,bafyreieq6ioa2j3cygxso663tagr5cmjbeaqnjwimmoy7egbu45dek7sn4,did:plc:uac6er53o2pvr5y2qmvaf7hw,high-offsite-link-count,,did:plc:mcb6n67plnrlx4lg35natk2b,2025-04-18T13:00:27.234Z
9bd9b12e3a3d4b44a071124dbe0b97a0,2026-02-24T22:00:00Z,2026-02-24T22:13:12Z,auth,auth_enUS_labelerexp,at://did:plc:mcb6n67plnrlx4lg35natk2b/app.bsky.feed.post/3mfmyjg2b7n2x,bafyreieq6ioa2j3cygxso663tagr5cmjbeaqnjwimmoy7egbu45dek7sn4,did:plc:uac6er53o2pvr5y2qmvaf7hw,repetitive,,did:plc:mcb6n67plnrlx4lg35natk2b,2024-12-10T14:25:58.920Z
9bd9b12e3a3d4b44a071124dbe0b97a0,2026-02-24T22:00:00Z,2026-02-24T22:13:12Z,auth,auth_enUS_labelerexp,at://did:plc:p6hzsnv3hwlk4cgocvnoaapk/app.bsky.feed.post/3mfmx7q6sv22v,bafyreifve54pjwa4zrn7cptzssh4pjbx6urn5dul4lnuzyoyzjy7jlfjcy,did:plc:ar7c4by46qjdydhdevvrndac,sexual,,at://did:plc:p6hzsnv3hwlk4cgocvnoaapk/app.bsky.feed.post/3mfmx7q6sv22v,2026-02-24T19:57:22.506Z
9bd9b12e3a3d4b44a071124dbe0b97a0,2026-02-24T22:00:00Z,2026-02-24T22:13:12Z,auth,auth_enUS_labelerexp,at://did:plc:p6hzsnv3hwlk4cgocvnoaapk/app.bsky.feed.post/3mfmx7q6sv22v,bafyreifve54pjwa4zrn7cptzssh4pjbx6urn5dul4lnuzyoyzjy7jlfjcy,did:plc:p6hzsnv3hwlk4cgocvnoaapk,porn,,at://did:plc:p6hzsnv3hwlk4cgocvnoaapk/app.bsky.feed.post/3mfmx7q6sv22v,2026-02-24T19:57:17.145Z
9bd9b12e3a3d4b44a071124dbe0b97a0,2026-02-24T22:00:00Z,2026-02-24T22:13:12Z,auth,auth_enUS_labelerexp,at://did:plc:p6hzsnv3hwlk4cgocvnoaapk/app.bsky.feed.post/3mfmx7q6sv22v,bafyreifve54pjwa4zrn7cptzssh4pjbx6urn5dul4lnuzyoyzjy7jlfjcy,did:plc:p6hzsnv3hwlk4cgocvnoaapk,!no-unauthenticated,,at://did:plc:p6hzsnv3hwlk4cgocvnoaapk/app.bsky.actor.profile/self,2025-07-29T17:04:08.854Z
9bd9b12e3a3d4b44a071124dbe0b97a0,2026-02-24T22:00:00Z,2026-02-24T22:13:12Z,auth,auth_enUS_labelerexp,at://did:plc:iga24pebkdn7ku44cihi7vwz/app.bsky.feed.post/3mfmwyrxbkc22,bafyreibqmkpgiarjkhqpvopm6p4y5pguect7vkcohgd4ttfypi32l74may,did:plc:l624mewisyr6hymexmrjkprc,artistdesigner,,did:plc:iga24pebkdn7ku44cihi7vwz,2024-10-24T16:59:20.736Z
9bd9b12e3a3d4b44a071124dbe0b97a0,2026-02-24T22:00:00Z,2026-02-24T22:13:12Z,auth,auth_enUS_labelerexp,at://did:plc:iga24pebkdn7ku44cihi7vwz/app.bsky.feed.post/3mfmwyrxbkc22,bafyreibqmkpgiarjkhqpvopm6p4y5pguect7vkcohgd4ttfypi32l74may,did:plc:l624mewisyr6hymexmrjkprc,photographers,,did:plc:iga24pebkdn7ku44cihi7vwz,2024-10-24T16:59:25.150Z
9bd9b12e3a3d4b44a071124dbe0b97a0,2026-02-24T22:00:00Z,2026-02-24T22:13:12Z,auth,auth_enUS_labelerexp,at://did:plc:iga24pebkdn7ku44cihi7vwz/app.bsky.feed.post/3mfmwyrxbkc22,bafyreibqmkpgiarjkhqpvopm6p4y5pguect7vkcohgd4ttfypi32l74may,did:plc:l624mewisyr6hymexmrjkprc,writer,,did:plc:iga24pebkdn7ku44cihi7vwz,2024-10-24T16:59:29.545Z
9bd9b12e3a3d4b44a071124dbe0b97a0,2026-02-24T22:00:00Z,2026-02-24T22:13:12Z,auth,auth_enUS_labelerexp,at://did:plc:iga24pebkdn7ku44cihi7vwz/app.bsky.feed.post/3mfmwsiisgs22,bafyreifmfj4ngnl2jytwbqwh34cgitu7umixswgilxpokgjavqc7mznmxy,did:plc:l624mewisyr6hymexmrjkprc,artistdesigner,,did:plc:iga24pebkdn7ku44cihi7vwz,2024-10-24T16:59:20.736Z
9bd9b12e3a3d4b44a071124dbe0b97a0,2026-02-24T22:00:00Z,2026-02-24T22:13:12Z,auth,auth_enUS_labelerexp,at://did:plc:iga24pebkdn7ku44cihi7vwz/app.bsky.feed.post/3mfmwsiisgs22,bafyreifmfj4ngnl2jytwbqwh34cgitu7umixswgilxpokgjavqc7mznmxy,did:plc:l624mewisyr6hymexmrjkprc,photographers,,did:plc:iga24pebkdn7ku44cihi7vwz,2024-10-24T16:59:25.150Z
9bd9b12e3a3d4b44a071124dbe0b97a0,2026-02-24T22:00:00Z,2026-02-24T22:13:12Z,auth,auth_enUS_labelerexp,at://did:plc:iga24pebkdn7ku44cihi7vwz/app.bsky.feed.post/3mfmwsiisgs22,bafyreifmfj4ngnl2jytwbqwh34cgitu7umixswgilxpokgjavqc7mznmxy,did:plc:l624mewisyr6hymexmrjkprc,writer,,did:plc:iga24pebkdn7ku44cihi7vwz,2024-10-24T16:59:29.545Z
9bd9b12e3a3d4b44a071124dbe0b97a0,2026-02-24T22:00:00Z,2026-02-24T22:13:12Z,auth,auth_enUS_labelerexp,at://did:plc:mcb6n67plnrlx4lg35natk2b/app.bsky.feed.post/3mfmwbtz4d72k,bafyreiam3tx7lz75vcrq2i3yfnmtec53rwp7ymlevtyci4jnx7ulxnlzlq,did:plc:uac6er53o2pvr5y2qmvaf7hw,high-offsite-link-count,,at://did:plc:mcb6n67plnrlx4lg35natk2b/app.bsky.feed.post/3mfmwbtz4d72k,2026-02-24T19:40:36.437Z
9bd9b12e3a3d4b44a071124dbe0b97a0,2026-02-24T22:00:00Z,2026-02-24T22:13:12Z,auth,auth_enUS_labelerexp,at://did:plc:mcb6n67plnrlx4lg35natk2b/app.bsky.feed.post/3mfmwbtz4d72k,bafyreiam3tx7lz75vcrq2i3yfnmtec53rwp7ymlevtyci4jnx7ulxnlzlq,did:plc:uac6er53o2pvr5y2qmvaf7hw,engagementfarmer,,did:plc:mcb6n67plnrlx4lg35natk2b,2024-12-10T14:25:58.920Z
9bd9b12e3a3d4b44a071124dbe0b97a0,2026-02-24T22:00:00Z,2026-02-24T22:13:12Z,auth,auth_enUS_labelerexp,at://did:plc:mcb6n67plnrlx4lg35natk2b/app.bsky.feed.post/3mfmwbtz4d72k,bafyreiam3tx7lz75vcrq2i3yfnmtec53rwp7ymlevtyci4jnx7ulxnlzlq,did:plc:uac6er53o2pvr5y2qmvaf7hw,high-offsite-link-count,,did:plc:mcb6n67plnrlx4lg35natk2b,2025-04-18T13:00:27.234Z
9bd9b12e3a3d4b44a071124dbe0b97a0,2026-02-24T22:00:00Z,2026-02-24T22:13:12Z,auth,auth_enUS_labelerexp,at://did:plc:mcb6n67plnrlx4lg35natk2b/app.bsky.feed.post/3mfmwbtz4d72k,bafyreiam3tx7lz75vcrq2i3yfnmtec53rwp7ymlevtyci4jnx7ulxnlzlq,did:plc:uac6er53o2pvr5y2qmvaf7hw,repetitive,,did:plc:mcb6n67plnrlx4lg35natk2b,2024-12-10T14:25:58.920Z
9bd9b12e3a3d4b44a071124dbe0b97a0,2026-02-24T22:00:00Z,2026-02-24T22:13:12Z,auth,auth_enUS_labelerexp,at://did:plc:mcb6n67plnrlx4lg35natk2b/app.bsky.feed.post/3mfmqpey37n2f,bafyreibffayzpl3hx4cgn36v7ovvvvoepkg4kr5gpss26ngklgxyb6p224,did:plc:uac6er53o2pvr5y2qmvaf7hw,high-offsite-link-count,,at://did:plc:mcb6n67plnrlx4lg35natk2b/app.bsky.feed.post/3mfmqpey37n2f,2026-02-24T18:00:47.416Z
9bd9b12e3a3d4b44a071124dbe0b97a0,2026-02-24T22:00:00Z,2026-02-24T22:13:12Z,auth,auth_enUS_labelerexp,at://did:plc:mcb6n67plnrlx4lg35natk2b/app.bsky.feed.post/3mfmqpey37n2f,bafyreibffayzpl3hx4cgn36v7ovvvvoepkg4kr5gpss26ngklgxyb6p224,did:plc:uac6er53o2pvr5y2qmvaf7hw,engagementfarmer,,did:plc:mcb6n67plnrlx4lg35natk2b,2024-12-10T14:25:58.920Z
9bd9b12e3a3d4b44a071124dbe0b97a0,2026-02-24T22:00:00Z,2026-02-24T22:13:12Z,auth,auth_enUS_labelerexp,at://did:plc:mcb6n67plnrlx4lg35natk2b/app.bsky.feed.post/3mfmqpey37n2f,bafyreibffayzpl3hx4cgn36v7ovvvvoepkg4kr5gpss26ngklgxyb6p224,did:plc:uac6er53o2pvr5y2qmvaf7hw,high-offsite-link-count,,did:plc:mcb6n67plnrlx4lg35natk2b,2025-04-18T13:00:27.234Z
9bd9b12e3a3d4b44a071124dbe0b97a0,2026-02-24T22:00:00Z,2026-02-24T22:13:12Z,auth,auth_enUS_labelerexp,at://did:plc:mcb6n67plnrlx4lg35natk2b/app.bsky.feed.post/3mfmqpey37n2f,bafyreibffayzpl3hx4cgn36v7ovvvvoepkg4kr5gpss26ngklgxyb6p224,did:plc:uac6er53o2pvr5y2qmvaf7hw,repetitive,,did:plc:mcb6n67plnrlx4lg35natk2b,2024-12-10T14:25:58.920Z
9bd9b12e3a3d4b44a071124dbe0b97a0,2026-02-24T22:00:00Z,2026-02-24T22:13:12Z,auth,auth_enUS_labelerexp,at://did:plc:fh3rcuxpwepjlv5iqf5wx74g/app.bsky.feed.post/3mfmq6lstlk2u,bafyreidyxg2olr73i622eq7kwj4bov65v2ev72ovjqicyy57nwl6ywob34,did:plc:ar7c4by46qjdydhdevvrndac,sexual,,at://did:plc:fh3rcuxpwepjlv5iqf5wx74g/app.bsky.feed.post/3mfmq6lstlk2u,2026-02-24T17:51:29.888Z
9bd9b12e3a3d4b44a071124dbe0b97a0,2026-02-24T22:00:00Z,2026-02-24T22:13:12Z,auth,auth_enUS_labelerexp,at://did:plc:wbg5345ugdn65oyhajntcpai/app.bsky.feed.post/3mfmq5potrs2n,bafyreicgurw2z5ylapgbkbjlqovxqjmuypr5cuard7aqwmydod7dnwao3u,did:plc:ar7c4by46qjdydhdevvrndac,porn,,at://did:plc:wbg5345ugdn65oyhajntcpai/app.bsky.feed.post/3mfmq5potrs2n,2026-02-24T17:50:59.212Z
9bd9b12e3a3d4b44a071124dbe0b97a0,2026-02-24T22:00:00Z,2026-02-24T22:13:12Z,auth,auth_enUS_labelerexp,at://did:plc:mcb6n67plnrlx4lg35natk2b/app.bsky.feed.post/3mfmpli62wt2c,bafyreigqkpckvfiqm2tuw5t5hzhvyp2jpnt2b7jnb34bsuinzodqpnq53e,did:plc:uac6er53o2pvr5y2qmvaf7hw,high-offsite-link-count,,at://did:plc:mcb6n67plnrlx4lg35natk2b/app.bsky.feed.post/3mfmpli62wt2c,2026-02-24T17:40:43.156Z
9bd9b12e3a3d4b44a071124dbe0b97a0,2026-02-24T22:00:00Z,2026-02-24T22:13:12Z,auth,auth_enUS_labelerexp,at://did:plc:mcb6n67plnrlx4lg35natk2b/app.bsky.feed.post/3mfmpli62wt2c,bafyreigqkpckvfiqm2tuw5t5hzhvyp2jpnt2b7jnb34bsuinzodqpnq53e,did:plc:uac6er53o2pvr5y2qmvaf7hw,engagementfarmer,,did:plc:mcb6n67plnrlx4lg35natk2b,2024-12-10T14:25:58.920Z
9bd9b12e3a3d4b44a071124dbe0b97a0,2026-02-24T22:00:00Z,2026-02-24T22:13:12Z,auth,auth_enUS_labelerexp,at://did:plc:mcb6n67plnrlx4lg35natk2b/app.bsky.feed.post/3mfmpli62wt2c,bafyreigqkpckvfiqm2tuw5t5hzhvyp2jpnt2b7jnb34bsuinzodqpnq53e,did:plc:uac6er53o2pvr5y2qmvaf7hw,high-offsite-link-count,,did:plc:mcb6n67plnrlx4lg35natk2b,2025-04-18T13:00:27.234Z
9bd9b12e3a3d4b44a071124dbe0b97a0,2026-02-24T22:00:00Z,2026-02-24T22:13:12Z,auth,auth_enUS_labelerexp,at://did:plc:mcb6n67plnrlx4lg35natk2b/app.bsky.feed.post/3mfmpli62wt2c,bafyreigqkpckvfiqm2tuw5t5hzhvyp2jpnt2b7jnb34bsuinzodqpnq53e,did:plc:uac6er53o2pvr5y2qmvaf7hw,repetitive,,did:plc:mcb6n67plnrlx4lg35natk2b,2024-12-10T14:25:58.920Z
9bd9b12e3a3d4b44a071124dbe0b97a0,2026-02-24T22:00:00Z,2026-02-24T22:13:12Z,auth,auth_enUS_labelerexp,at://did:plc:ecbf3b3wotowom3do5hzethp/app.bsky.feed.post/3mfmpctu25k2y,bafyreighbtx6qopd3qbnm7hvhbkoq4mvetfo6ulgvff34nbg4cpkqbcnmu,did:plc:ecbf3b3wotowom3do5hzethp,porn,,at://did:plc:ecbf3b3wotowom3do5hzethp/app.bsky.feed.post/3mfmpctu25k2y,2026-02-24T17:35:51.704Z
9bd9b12e3a3d4b44a071124dbe0b97a0,2026-02-24T22:00:00Z,2026-02-24T22:13:12Z,auth,auth_enUS_labelerexp,at://did:plc:c4krei6pmtlcdjlz7bstrxph/app.bsky.feed.post/3mfmnxkzthk2l,bafyreiezfpcipozgsqxedecxx5dcqebxj2mzmlxeravb6r3m5vh3vdsnbm,did:plc:ar7c4by46qjdydhdevvrndac,porn,,at://did:plc:c4krei6pmtlcdjlz7bstrxph/app.bsky.feed.post/3mfmnxkzthk2l,2026-02-24T17:11:46.490Z
9bd9b12e3a3d4b44a071124dbe0b97a0,2026-02-24T22:00:00Z,2026-02-24T22:13:12Z,auth,auth_enUS_labelerexp,at://did:plc:c4krei6pmtlcdjlz7bstrxph/app.bsky.feed.post/3mfmnxkzthk2l,bafyreiezfpcipozgsqxedecxx5dcqebxj2mzmlxeravb6r3m5vh3vdsnbm,did:plc:ar7c4by46qjdydhdevvrndac,sexual,,at://did:plc:c4krei6pmtlcdjlz7bstrxph/app.bsky.feed.post/3mfmnxkzthk2l,2026-02-24T17:11:46.490Z
9bd9b12e3a3d4b44a071124dbe0b97a0,2026-02-24T22:00:00Z,2026-02-24T22:13:12Z,auth,auth_enUS_labelerexp,at://did:plc:c4krei6pmtlcdjlz7bstrxph/app.bsky.feed.post/3mfmnxkzthk2l,bafyreiezfpcipozgsqxedecxx5dcqebxj2mzmlxeravb6r3m5vh3vdsnbm,did:plc:c4krei6pmtlcdjlz7bstrxph,nudity,,at://did:plc:c4krei6pmtlcdjlz7bstrxph/app.bsky.feed.post/3mfmnxkzthk2l,2026-02-24T17:11:39.628Z
9bd9b12e3a3d4b44a071124dbe0b97a0,2026-02-24T22:00:00Z,2026-02-24T22:13:12Z,auth,auth_enUS_labelerexp,at://did:plc:fenkpiaxii2m7rf5lu22uwyx/app.bsky.feed.post/3mfmldrkaos2u,bafyreigaj2lsso4fywgxlcl6boyngl6pxu6ckkjdx4i6vmavizlk622cdq,did:plc:fenkpiaxii2m7rf5lu22uwyx,!no-unauthenticated,,at://did:plc:fenkpiaxii2m7rf5lu22uwyx/app.bsky.actor.profile/self,2025-06-26T11:08:03.602Z
9bd9b12e3a3d4b44a071124dbe0b97a0,2026-02-24T22:00:00Z,2026-02-24T22:13:12Z,auth,auth_enUS_labelerexp,at://did:plc:r6ipku2w5jijkzsaley4wrlg/app.bsky.feed.post/3mfmkx7y5ks2i,bafyreie43dajcnohb4u2y5m3atrz2ecivtm7h6xpomj36lk5gztgamor6e,did:plc:uac6er53o2pvr5y2qmvaf7hw,meta-link,,at://did:plc:r6ipku2w5jijkzsaley4wrlg/app.bsky.feed.post/3mfmkx7y5ks2i,2026-02-24T16:17:54.595Z
9bd9b12e3a3d4b44a071124dbe0b97a0,2026-02-24T22:00:00Z,2026-02-24T22:13:12Z,auth,auth_enUS_labelerexp,at://did:plc:r6ipku2w5jijkzsaley4wrlg/app.bsky.feed.post/3mfmkx7y5ks2i,bafyreie43dajcnohb4u2y5m3atrz2ecivtm7h6xpomj36lk5gztgamor6e,did:plc:uac6er53o2pvr5y2qmvaf7hw,abusive,,did:plc:r6ipku2w5jijkzsaley4wrlg,2025-10-08T11:38:23.917Z
9bd9b12e3a3d4b44a071124dbe0b97a0,2026-02-24T22:00:00Z,2026-02-24T22:13:12Z,auth,auth_enUS_labelerexp,at://did:plc:qjtcbymjeozgqnbvbxqlcm65/app.bsky.feed.post/3mfmkr5pd3k2a,bafyreif7e5tmaowhghchua3z7u6zylk2q33anlumdjinpxpmjt75jd5pci,did:plc:ar7c4by46qjdydhdevvrndac,porn,,at://did:plc:qjtcbymjeozgqnbvbxqlcm65/app.bsky.feed.post/3mfmkr5pd3k2a,2026-02-24T16:14:28.475Z
9bd9b12e3a3d4b44a071124dbe0b97a0,2026-02-24T22:00:00Z,2026-02-24T22:13:12Z,auth,auth_enUS_labelerexp,at://did:plc:qjtcbymjeozgqnbvbxqlcm65/app.bsky.feed.post/3mfmkr5pd3k2a,bafyreif7e5tmaowhghchua3z7u6zylk2q33anlumdjinpxpmjt75jd5pci,did:plc:ar7c4by46qjdydhdevvrndac,sexual,,at://did:plc:qjtcbymjeozgqnbvbxqlcm65/app.bsky.feed.post/3mfmkr5pd3k2a,2026-02-24T16:14:28.475Z
9bd9b12e3a3d4b44a071124dbe0b97a0,2026-02-24T22:00:00Z,2026-02-24T22:13:12Z,auth,auth_enUS_labelerexp,at://did:plc:b4gf5qsu6khez6hjysdznalj/app.bsky.feed.post/3mfmknbxxuk24,bafyreibtb4uxwyorpeha7zox5dlnh64a2zpqk2zcaaajead6ocsgcmwjyu,did:plc:ar7c4by46qjdydhdevvrndac,sexual,,at://did:plc:b4gf5qsu6khez6hjysdznalj/app.bsky.feed.post/3mfmknbxxuk24,2026-02-24T16:12:20.914Z
9bd9b12e3a3d4b44a071124dbe0b97a0,2026-02-24T22:00:00Z,2026-02-24T22:13:12Z,auth,auth_enUS_labelerexp,at://did:plc:mcb6n67plnrlx4lg35natk2b/app.bsky.feed.post/3mfmjylhoqe2x,bafyreigursxonrxdemtdo2nivqc33f4lfy6cd2xbrztfmgicl25ursvz4a,did:plc:uac6er53o2pvr5y2qmvaf7hw,high-offsite-link-count,,at://did:plc:mcb6n67plnrlx4lg35natk2b/app.bsky.feed.post/3mfmjylhoqe2x,2026-02-24T16:00:40.097Z
9bd9b12e3a3d4b44a071124dbe0b97a0,2026-02-24T22:00:00Z,2026-02-24T22:13:12Z,auth,auth_enUS_labelerexp,at://did:plc:mcb6n67plnrlx4lg35natk2b/app.bsky.feed.post/3mfmjylhoqe2x,bafyreigursxonrxdemtdo2nivqc33f4lfy6cd2xbrztfmgicl25ursvz4a,did:plc:uac6er53o2pvr5y2qmvaf7hw,engagementfarmer,,did:plc:mcb6n67plnrlx4lg35natk2b,2024-12-10T14:25:58.920Z
9bd9b12e3a3d4b44a071124dbe0b97a0,2026-02-24T22:00:00Z,2026-02-24T22:13:12Z,auth,auth_enUS_labelerexp,at://did:plc:mcb6n67plnrlx4lg35natk2b/app.bsky.feed.post/3mfmjylhoqe2x,bafyreigursxonrxdemtdo2nivqc33f4lfy6cd2xbrztfmgicl25ursvz4a,did:plc:uac6er53o2pvr5y2qmvaf7hw,high-offsite-link-count,,did:plc:mcb6n67plnrlx4lg35natk2b,2025-04-18T13:00:27.234Z
9bd9b12e3a3d4b44a071124dbe0b97a0,2026-02-24T22:00:00Z,2026-02-24T22:13:12Z,auth,auth_enUS_labelerexp,at://did:plc:mcb6n67plnrlx4lg35natk2b/app.bsky.feed.post/3mfmjylhoqe2x,bafyreigursxonrxdemtdo2nivqc33f4lfy6cd2xbrztfmgicl25ursvz4a,did:plc:uac6er53o2pvr5y2qmvaf7hw,repetitive,,did:plc:mcb6n67plnrlx4lg35natk2b,2024-12-10T14:25:58.920Z
9bd9b12e3a3d4b44a071124dbe0b97a0,2026-02-24T22:00:00Z,2026-02-24T22:13:12Z,auth,auth_enUS_labelerexp,at://did:plc:uyt4xzghqbgjca3pb77j2h7o/app.bsky.feed.post/3mfmgmgesgs25,bafyreieu7pyooo4vpeumy553h6auaj5nbfmd4krnjn47hrxmzw2r5xxmzq,did:plc:ar7c4by46qjdydhdevvrndac,sexual,,at://did:plc:uyt4xzghqbgjca3pb77j2h7o/app.bsky.feed.post/3mfmgmgesgs25,2026-02-24T15:00:15.441Z
9bd9b12e3a3d4b44a071124dbe0b97a0,2026-02-24T22:00:00Z,2026-02-24T22:13:12Z,auth,auth_enUS_labelerexp,at://did:plc:gy6sh5n6fysyjvr54xczcrab/app.bsky.feed.post/3mfmemke7ak2s,bafyreigkhvnpcg6pe7er4yabhgymbczftzmns4f67z6sd4wstudbf3ax7m,did:plc:ar7c4by46qjdydhdevvrndac,porn,,at://did:plc:gy6sh5n6fysyjvr54xczcrab/app.bsky.feed.post/3mfmemke7ak2s,2026-02-24T14:24:31.094Z
9bd9b12e3a3d4b44a071124dbe0b97a0,2026-02-24T22:00:00Z,2026-02-24T22:13:12Z,auth,auth_enUS_labelerexp,at://did:plc:zl64ekfqaz7jheydv36sxm4i/app.bsky.feed.post/3mfm6tjd5kc2w,bafyreibmwp5y4sgatociko5cmtxkrx742l6y6bp3hih4e24yzlganckhbe,did:plc:ar7c4by46qjdydhdevvrndac,sexual,,at://did:plc:zl64ekfqaz7jheydv36sxm4i/app.bsky.feed.post/3mfm6tjd5kc2w,2026-02-24T12:41:07.389Z
9bd9b12e3a3d4b44a071124dbe0b97a0,2026-02-24T22:00:00Z,2026-02-24T22:13:12Z,auth,auth_enUS_labelerexp,at://did:plc:zl64ekfqaz7jheydv36sxm4i/app.bsky.feed.post/3mfm6tjd5kc2w,bafyreibmwp5y4sgatociko5cmtxkrx742l6y6bp3hih4e24yzlganckhbe,did:plc:zl64ekfqaz7jheydv36sxm4i,porn,,at://did:plc:zl64ekfqaz7jheydv36sxm4i/app.bsky.feed.post/3mfm6tjd5kc2w,2026-02-24T12:40:57.486Z
9bd9b12e3a3d4b44a071124dbe0b97a0,2026-02-24T22:00:00Z,2026-02-24T22:13:12Z,auth,auth_enUS_labelerexp,at://did:plc:zl64ekfqaz7jheydv36sxm4i/app.bsky.feed.post/3mfm6tjd5kc2w,bafyreibmwp5y4sgatociko5cmtxkrx742l6y6bp3hih4e24yzlganckhbe,did:plc:ar7c4by46qjdydhdevvrndac,porn,,at://did:plc:zl64ekfqaz7jheydv36sxm4i/app.bsky.actor.profile/self,2024-11-07T06:15:20.051Z
9bd9b12e3a3d4b44a071124dbe0b97a0,2026-02-24T22:00:00Z,2026-02-24T22:13:12Z,auth,auth_enUS_labelerexp,at://did:plc:zl64ekfqaz7jheydv36sxm4i/app.bsky.feed.post/3mfm6tjd5kc2w,bafyreibmwp5y4sgatociko5cmtxkrx742l6y6bp3hih4e24yzlganckhbe,did:plc:ar7c4by46qjdydhdevvrndac,nudity,,at://did:plc:zl64ekfqaz7jheydv36sxm4i/app.bsky.actor.profile/self,2024-11-12T20:34:17.865Z
9bd9b12e3a3d4b44a071124dbe0b97a0,2026-02-24T22:00:00Z,2026-02-24T22:13:12Z,auth,auth_enUS_labelerexp,at://did:plc:mcb6n67plnrlx4lg35natk2b/app.bsky.feed.post/3mfm6as4ktp2e,bafyreigknka55srau2aca53kbkgj6kokfmlttcgfk3pxnuz6od7ndy3oji,did:plc:uac6er53o2pvr5y2qmvaf7hw,high-offsite-link-count,,at://did:plc:mcb6n67plnrlx4lg35natk2b/app.bsky.feed.post/3mfm6as4ktp2e,2026-02-24T12:30:30.678Z
9bd9b12e3a3d4b44a071124dbe0b97a0,2026-02-24T22:00:00Z,2026-02-24T22:13:12Z,auth,auth_enUS_labelerexp,at://did:plc:mcb6n67plnrlx4lg35natk2b/app.bsky.feed.post/3mfm6as4ktp2e,bafyreigknka55srau2aca53kbkgj6kokfmlttcgfk3pxnuz6od7ndy3oji,did:plc:uac6er53o2pvr5y2qmvaf7hw,engagementfarmer,,did:plc:mcb6n67plnrlx4lg35natk2b,2024-12-10T14:25:58.920Z
9bd9b12e3a3d4b44a071124dbe0b97a0,2026-02-24T22:00:00Z,2026-02-24T22:13:12Z,auth,auth_enUS_labelerexp,at://did:plc:mcb6n67plnrlx4lg35natk2b/app.bsky.feed.post/3mfm6as4ktp2e,bafyreigknka55srau2aca53kbkgj6kokfmlttcgfk3pxnuz6od7ndy3oji,did:plc:uac6er53o2pvr5y2qmvaf7hw,high-offsite-link-count,,did:plc:mcb6n67plnrlx4lg35natk2b,2025-04-18T13:00:27.234Z
9bd9b12e3a3d4b44a071124dbe0b97a0,2026-02-24T22:00:00Z,2026-02-24T22:13:12Z,auth,auth_enUS_labelerexp,at://did:plc:mcb6n67plnrlx4lg35natk2b/app.bsky.feed.post/3mfm6as4ktp2e,bafyreigknka55srau2aca53kbkgj6kokfmlttcgfk3pxnuz6od7ndy3oji,did:plc:uac6er53o2pvr5y2qmvaf7hw,repetitive,,did:plc:mcb6n67plnrlx4lg35natk2b,2024-12-10T14:25:58.920Z
9bd9b12e3a3d4b44a071124dbe0b97a0,2026-02-24T22:00:00Z,2026-02-24T22:13:12Z,auth,auth_enUS_labelerexp,at://did:plc:b4gf5qsu6khez6hjysdznalj/app.bsky.feed.post/3mfm67chxjk24,bafyreih2hykuhallmkre47cskcycgchtotof4uw7cxodevedl4rnhz3kvy,did:plc:ar7c4by46qjdydhdevvrndac,sexual,,at://did:plc:b4gf5qsu6khez6hjysdznalj/app.bsky.feed.post/3mfm67chxjk24,2026-02-24T12:29:47.997Z
9bd9b12e3a3d4b44a071124dbe0b97a0,2026-02-24T22:00:00Z,2026-02-24T22:13:12Z,auth,auth_enUS_labelerexp,at://did:plc:b4gf5qsu6khez6hjysdznalj/app.bsky.feed.post/3mfm67chxjk24,bafyreih2hykuhallmkre47cskcycgchtotof4uw7cxodevedl4rnhz3kvy,did:plc:b4gf5qsu6khez6hjysdznalj,porn,,at://did:plc:b4gf5qsu6khez6hjysdznalj/app.bsky.feed.post/3mfm67chxjk24,2026-02-24T12:29:39.219Z
9bd9b12e3a3d4b44a071124dbe0b97a0,2026-02-24T22:00:00Z,2026-02-24T22:13:12Z,auth,auth_enUS_labelerexp,at://did:plc:r6ipku2w5jijkzsaley4wrlg/app.bsky.feed.post/3mfm5pph6kc2x,bafyreief2j32w3wk6dv7fcfwn73grlvyxviolwufpgyr42cfdyqkpvrj6q,did:plc:uac6er53o2pvr5y2qmvaf7hw,abusive,,did:plc:r6ipku2w5jijkzsaley4wrlg,2025-10-08T11:38:23.917Z
9bd9b12e3a3d4b44a071124dbe0b97a0,2026-02-24T22:00:00Z,2026-02-24T22:13:13Z,auth,auth_enUS_labelerexp,at://did:plc:2lgpw6jjg6da5hcrfptrpoy2/app.bsky.feed.post/3mfn6h6jjsc2q,bafyreihwbpcueys56x7qhuzqx4z637u6wmymhpzuy5mqwhefj4u63kxhjy,did:plc:2lgpw6jjg6da5hcrfptrpoy2,!no-unauthenticated,,at://did:plc:2lgpw6jjg6da5hcrfptrpoy2/app.bsky.actor.profile/self,1970-01-01T00:00:00.000Z
9bd9b12e3a3d4b44a071124dbe0b97a0,2026-02-24T22:00:00Z,2026-02-24T22:13:13Z,auth,auth_enUS_labelerexp,at://did:plc:whsmngt5et2ntso3mxmvpbax/app.bsky.feed.post/3mfn5zdh2uc2d,bafyreieshgvyplrz2clkkf5rkr7uckf6b2c65oluevjkqx7ro22kt3wipq,did:plc:uac6er53o2pvr5y2qmvaf7hw,meta-link,,at://did:plc:whsmngt5et2ntso3mxmvpbax/app.bsky.feed.post/3mfn5zdh2uc2d,2026-02-24T22:03:36.046Z
9bd9b12e3a3d4b44a071124dbe0b97a0,2026-02-24T22:00:00Z,2026-02-24T22:13:13Z,auth,auth_enUS_labelerexp,at://did:plc:wjkagp2pa5jiutzqn33zttci/app.bsky.feed.post/3mfn5v5v76s2i,bafyreigf6q3rcvr47wlwa7y7vd7zfmeso3o3upncxmotlzd6nfsf3mvsyy,did:plc:uac6er53o2pvr5y2qmvaf7hw,telegram-link,,at://did:plc:wjkagp2pa5jiutzqn33zttci/app.bsky.actor.profile/self,2025-06-20T18:21:52.571Z
9bd9b12e3a3d4b44a071124dbe0b97a0,2026-02-24T22:00:00Z,2026-02-24T22:13:13Z,auth,auth_enUS_labelerexp,at://did:plc:ez4kvkpk6hymcd5kqwucoh7k/app.bsky.feed.post/3mfn4y6o7j22b,bafyreid62tu67tbmtb43cu33noc26mn2olz4jpjpxnwg4kdm5j3gwowxti,did:plc:uac6er53o2pvr5y2qmvaf7hw,x-link,,at://did:plc:ez4kvkpk6hymcd5kqwucoh7k/app.bsky.feed.post/3mfn4y6o7j22b,2026-02-24T21:40:28.743Z
9bd9b12e3a3d4b44a071124dbe0b97a0,2026-02-24T22:00:00Z,2026-02-24T22:13:13Z,auth,auth_enUS_labelerexp,at://did:plc:ez4kvkpk6hymcd5kqwucoh7k/app.bsky.feed.post/3mfn4y6o7j22b,bafyreid62tu67tbmtb43cu33noc26mn2olz4jpjpxnwg4kdm5j3gwowxti,did:plc:uac6er53o2pvr5y2qmvaf7hw,x-link,,at://did:plc:ez4kvkpk6hymcd5kqwucoh7k/app.bsky.actor.profile/self,2025-09-09T15:47:21.503Z
9bd9b12e3a3d4b44a071124dbe0b97a0,2026-02-24T22:00:00Z,2026-02-24T22:13:13Z,auth,auth_enUS_labelerexp,at://did:plc:czewcswvcwwsp3rwvlzchcov/app.bsky.feed.post/3mfn4qmzzt22p,bafyreih4zygqh2kvvzaqzzjpmjvhl2q5fz2lviuo4ayy56euuhpebv2cla,did:plc:czewcswvcwwsp3rwvlzchcov,!no-unauthenticated,,at://did:plc:czewcswvcwwsp3rwvlzchcov/app.bsky.actor.profile/self,1970-01-01T00:00:00.000Z
9bd9b12e3a3d4b44a071124dbe0b97a0,2026-02-24T22:00:00Z,2026-02-24T22:13:13Z,auth,auth_enUS_labelerexp,at://did:plc:gtnacx4ozmcgzybjkf326oy4/app.bsky.feed.post/3mfn4mqrmpc2u,bafyreihnuqcbnfvjj7oc7iuiuxedldmycn2zck7qrebpe2ixmk3yowssqa,did:plc:gtnacx4ozmcgzybjkf326oy4,!no-unauthenticated,,at://did:plc:gtnacx4ozmcgzybjkf326oy4/app.bsky.actor.profile/self,2024-10-19T15:34:38.639Z
9bd9b12e3a3d4b44a071124dbe0b97a0,2026-02-24T22:00:00Z,2026-02-24T22:13:13Z,auth,auth_enUS_labelerexp,at://did:plc:3pbzyobkp724z5relk5d7fvz/app.bsky.feed.post/3mfn46rhuo22v,bafyreigyoxm452b7mnch777ishi5ysvp7jvqdyl7vopn2zek6nyqdbu4te,did:plc:3pbzyobkp724z5relk5d7fvz,!no-unauthenticated,,at://did:plc:3pbzyobkp724z5relk5d7fvz/app.bsky.actor.profile/self,1970-01-01T00:00:00.000Z
9bd9b12e3a3d4b44a071124dbe0b97a0,2026-02-24T22:00:00Z,2026-02-24T22:13:13Z,auth,auth_enUS_labelerexp,at://did:plc:i3znxncjh46pmd7xc5ior34w/app.bsky.feed.post/3mfn43ifuok26,bafyreifpqbyq3l2anl2q7ybbnqrnvrdgme7vq5j4ordg252qpvsg7fg6zq,did:plc:uac6er53o2pvr5y2qmvaf7hw,x-link,,at://did:plc:i3znxncjh46pmd7xc5ior34w/app.bsky.actor.profile/self,2025-04-28T20:41:35.635Z
9bd9b12e3a3d4b44a071124dbe0b97a0,2026-02-24T22:00:00Z,2026-02-24T22:13:13Z,auth,auth_enUS_labelerexp,at://did:plc:jxtpg646iichvhegshjt43gg/app.bsky.feed.post/3mfn3xsi3ws2s,bafyreigtvtkgegoecuspx2urug3pckbkqd3jif3qwe2mnh7yslmnuxz5ee,did:plc:uac6er53o2pvr5y2qmvaf7hw,telegram-link,,at://did:plc:jxtpg646iichvhegshjt43gg/app.bsky.actor.profile/self,2025-11-28T22:54:24.611Z
9bd9b12e3a3d4b44a071124dbe0b97a0,2026-02-24T22:00:00Z,2026-02-24T22:13:13Z,auth,auth_enUS_labelerexp,at://did:plc:m6wd7p6p37v33owxwuqosdee/app.bsky.feed.post/3mfn37cjw4s2x,bafyreih7sszx76wq6dlnququhxznealxq74dzh3gttuqow2m6r6oide5py,did:plc:uac6er53o2pvr5y2qmvaf7hw,telegram-link,,at://did:plc:m6wd7p6p37v33owxwuqosdee/app.bsky.actor.profile/self,2025-09-08T13:32:18.659Z
9bd9b12e3a3d4b44a071124dbe0b97a0,2026-02-24T22:00:00Z,2026-02-24T22:13:13Z,auth,auth_enUS_labelerexp,at://did:plc:n4wbuadolejjj27e5q2auc55/app.bsky.feed.post/3mfn2z26k2s2r,bafyreigxhmvdwii4w7jnlq65helt6npd5et233rvykktiorkp363zyvjoq,did:plc:uac6er53o2pvr5y2qmvaf7hw,x-link,,at://did:plc:n4wbuadolejjj27e5q2auc55/app.bsky.actor.profile/self,2026-01-19T14:50:39.043Z
9bd9b12e3a3d4b44a071124dbe0b97a0,2026-02-24T22:00:00Z,2026-02-24T22:13:13Z,auth,auth_enUS_labelerexp,at://did:plc:oixqc3gffns2bck2h4vfl67w/app.bsky.feed.post/3mfn2uwt2hw2g,bafyreif6jdtq6oilmvkczowvpohj2kcsk2este24s2e5xcqann6gmfwqsu,did:plc:oixqc3gffns2bck2h4vfl67w,!no-unauthenticated,,at://did:plc:oixqc3gffns2bck2h4vfl67w/app.bsky.actor.profile/self,1970-01-01T00:00:00.000Z
9bd9b12e3a3d4b44a071124dbe0b97a0,2026-02-24T22:00:00Z,2026-02-24T22:13:13Z,auth,auth_enUS_labelerexp,at://did:plc:742gjuezshk7bypfhqmrp5e5/app.bsky.feed.post/3mfn2sjvtkk2n,bafyreic23krxxuqvb3ec2z7dv3zwnykpylvbrp6ykp4444m5cnxuundy7u,did:plc:ar7c4by46qjdydhdevvrndac,porn,,at://did:plc:742gjuezshk7bypfhqmrp5e5/app.bsky.feed.post/3mfn2sjvtkk2n,2026-02-24T21:01:38.601Z
9bd9b12e3a3d4b44a071124dbe0b97a0,2026-02-24T22:00:00Z,2026-02-24T22:13:13Z,auth,auth_enUS_labelerexp,at://did:plc:u6gkss3d3txb33r4dkskorc3/app.bsky.feed.post/3mfmzx4ic4c2w,bafyreihjsr2rlmyvl5k6q42twhwnatdhnbik6cg3lil34wjaegscjp724m,did:plc:l624mewisyr6hymexmrjkprc,animator,,did:plc:u6gkss3d3txb33r4dkskorc3,2024-11-05T06:35:59.848Z
9bd9b12e3a3d4b44a071124dbe0b97a0,2026-02-24T22:00:00Z,2026-02-24T22:13:14Z,auth,auth_enUS_labelerexp,at://did:plc:rygp62vxjwmuyb4xin4uyt7z/app.bsky.feed.post/3mfn2qirffs2r,bafyreieztmfjdz557bqvc3mo2p4q2sxbrkod76h6hillguom6ycwn3kpce,did:plc:rygp62vxjwmuyb4xin4uyt7z,!no-unauthenticated,,at://did:plc:rygp62vxjwmuyb4xin4uyt7z/app.bsky.actor.profile/self,1970-01-01T00:00:00.000Z
9bd9b12e3a3d4b44a071124dbe0b97a0,2026-02-24T22:00:00Z,2026-02-24T22:13:14Z,auth,auth_enUS_labelerexp,at://did:plc:rygp62vxjwmuyb4xin4uyt7z/app.bsky.feed.post/3mfmz4j7nw22y,bafyreiebcpd4artbzkr7omcrytydy5fugd7onsifq5arapneszyjd6oujq,did:plc:rygp62vxjwmuyb4xin4uyt7z,!no-unauthenticated,,at://did:plc:rygp62vxjwmuyb4xin4uyt7z/app.bsky.actor.profile/self,1970-01-01T00:00:00.000Z
9bd9b12e3a3d4b44a071124dbe0b97a0,2026-02-24T22:00:00Z,2026-02-24T22:13:14Z,auth,auth_enUS_labelerexp,at://did:plc:rygp62vxjwmuyb4xin4uyt7z/app.bsky.feed.post/3mfmxpu5mlk2v,bafyreigtabohu534qpsb22qjlsugzh2gpcn7nf5jvbadsao3apt7rgrqhy,did:plc:rygp62vxjwmuyb4xin4uyt7z,!no-unauthenticated,,at://did:plc:rygp62vxjwmuyb4xin4uyt7z/app.bsky.actor.profile/self,1970-01-01T00:00:00.000Z
9bd9b12e3a3d4b44a071124dbe0b97a0,2026-02-24T22:00:00Z,2026-02-24T22:13:14Z,auth,auth_enUS_labelerexp,at://did:plc:rygp62vxjwmuyb4xin4uyt7z/app.bsky.feed.post/3mfmvpggw5s2i,bafyreic7q6xf2rummqpimlon6fcr7gakzguhf5iq47ciolkr5rb4lu7u4i,did:plc:rygp62vxjwmuyb4xin4uyt7z,!no-unauthenticated,,at://did:plc:rygp62vxjwmuyb4xin4uyt7z/app.bsky.actor.profile/self,1970-01-01T00:00:00.000Z
9bd9b12e3a3d4b44a071124dbe0b97a0,2026-02-24T22:00:00Z,2026-02-24T22:13:14Z,auth,auth_enUS_labelerexp,at://did:plc:rygp62vxjwmuyb4xin4uyt7z/app.bsky.feed.post/3mfmu5g5tq22v,bafyreib3ghsgxtvfhr3ajbfyylif3wkoz7ccmughduitmkn7dsenc62w6u,did:plc:rygp62vxjwmuyb4xin4uyt7z,!no-unauthenticated,,at://did:plc:rygp62vxjwmuyb4xin4uyt7z/app.bsky.actor.profile/self,1970-01-01T00:00:00.000Z
9bd9b12e3a3d4b44a071124dbe0b97a0,2026-02-24T22:00:00Z,2026-02-24T22:13:14Z,auth,auth_enUS_labelerexp,at://did:plc:rygp62vxjwmuyb4xin4uyt7z/app.bsky.feed.post/3mfmfb6xcg22w,bafyreieh3w6x5cvfq2pn3xl6baldrhxhi56p5a747eq5igzwzzioa7ovf4,did:plc:rygp62vxjwmuyb4xin4uyt7z,!no-unauthenticated,,at://did:plc:rygp62vxjwmuyb4xin4uyt7z/app.bsky.actor.profile/self,1970-01-01T00:00:00.000Z
9bd9b12e3a3d4b44a071124dbe0b97a0,2026-02-24T22:00:00Z,2026-02-24T22:13:14Z,auth,auth_enUS_labelerexp,at://did:plc:rygp62vxjwmuyb4xin4uyt7z/app.bsky.feed.post/3mfmexrem5k2w,bafyreihsgfgxvynvf6zkoiddukwpjnk2vjr76fkyqkjlud4won3u5omkh4,did:plc:rygp62vxjwmuyb4xin4uyt7z,!no-unauthenticated,,at://did:plc:rygp62vxjwmuyb4xin4uyt7z/app.bsky.actor.profile/self,1970-01-01T00:00:00.000Z
9bd9b12e3a3d4b44a071124dbe0b97a0,2026-02-24T22:00:00Z,2026-02-24T22:13:14Z,auth,auth_enUS_labelerexp,at://did:plc:rygp62vxjwmuyb4xin4uyt7z/app.bsky.feed.post/3mfmdd7lufs2w,bafyreidj4xn4czip5polaxbonezgoif2p7uxqaloes6l2hj3swlqmlomti,did:plc:rygp62vxjwmuyb4xin4uyt7z,!no-unauthenticated,,at://did:plc:rygp62vxjwmuyb4xin4uyt7z/app.bsky.actor.profile/self,1970-01-01T00:00:00.000Z
9bd9b12e3a3d4b44a071124dbe0b97a0,2026-02-24T22:00:00Z,2026-02-24T22:13:14Z,auth,auth_enUS_labelerexp,at://did:plc:jd2zvi5sodrkrooffbuaxzqf/app.bsky.feed.post/3mfmb5vdifs2k,bafyreibqu4hh3gcw6t6ckwvakb7ebfhimetm626vmlzqujkciyutltvzwe,did:plc:jd2zvi5sodrkrooffbuaxzqf,!no-unauthenticated,,at://did:plc:jd2zvi5sodrkrooffbuaxzqf/app.bsky.actor.profile/self,2024-10-17T05:20:36.980Z
9bd9b12e3a3d4b44a071124dbe0b97a0,2026-02-24T22:00:00Z,2026-02-24T22:13:14Z,auth,auth_enUS_labelerexp,at://did:plc:7zb3ucbraqzapmzcwcydjdfb/app.bsky.feed.post/3mfm7utg76s2r,bafyreih6flnhc4nbhtccqa5n5cdobxx2xqtmcz6yngdoebfjpuc6m735xu,did:plc:7zb3ucbraqzapmzcwcydjdfb,!no-unauthenticated,,at://did:plc:7zb3ucbraqzapmzcwcydjdfb/app.bsky.actor.profile/self,2024-11-16T10:52:45.808Z
9bd9b12e3a3d4b44a071124dbe0b97a0,2026-02-24T22:00:00Z,2026-02-24T22:13:14Z,auth,auth_enUS_labelerexp,at://did:plc:7fcw76yrahrnaehku3eastbb/app.bsky.feed.post/3mflyzrik5k2f,bafyreieorlgj7vtzzgxbg4n5fiyunnduntolzhtjtxezxleaxqd22g6uzi,did:plc:7fcw76yrahrnaehku3eastbb,!no-unauthenticated,,at://did:plc:7fcw76yrahrnaehku3eastbb/app.bsky.actor.profile/self,1970-01-01T00:00:00.000Z
9bd9b12e3a3d4b44a071124dbe0b97a0,2026-02-24T22:00:00Z,2026-02-24T22:13:14Z,auth,auth_enUS_labelerexp,at://did:plc:tazrhil6tkdhi3njz5tez2z3/app.bsky.feed.post/3mfly7mslkc2f,bafyreia3s53un6cxqmb3t2g6ruankvpeoj24b6vytr7hgfq4mdttbm26ua,did:plc:tazrhil6tkdhi3njz5tez2z3,!no-unauthenticated,,at://did:plc:tazrhil6tkdhi3njz5tez2z3/app.bsky.actor.profile/self,2024-10-19T11:47:07.175Z
9bd9b12e3a3d4b44a071124dbe0b97a0,2026-02-24T22:00:00Z,2026-02-24T22:13:16Z,auth,auth_enUS_labelerexp,at://did:plc:lve6t3ylxfuqge7iqtacaq7t/app.bsky.feed.post/3mfmt2puhcc2v,bafyreich7zc3c5qbsr7sphluf5gi6by5ucsh2s7qr2vnbuh5dptyzekydm,did:plc:lve6t3ylxfuqge7iqtacaq7t,!no-unauthenticated,,at://did:plc:lve6t3ylxfuqge7iqtacaq7t/app.bsky.actor.profile/self,1970-01-01T00:00:00.000Z
9bd9b12e3a3d4b44a071124dbe0b97a0,2026-02-24T22:00:00Z,2026-02-24T22:13:16Z,auth,auth_enUS_labelerexp,at://did:plc:kssexgfjoqhscgsxaq2wbutr/app.bsky.feed.post/3mfmpxvmcuc2f,bafyreifhxgddcq5vkt323ewxwqzmurvn6sfxspqz3oilbiiyucr6manqpy,did:plc:kssexgfjoqhscgsxaq2wbutr,!no-unauthenticated,,at://did:plc:kssexgfjoqhscgsxaq2wbutr/app.bsky.actor.profile/self,2024-04-19T15:11:29.251Z
9bd9b12e3a3d4b44a071124dbe0b97a0,2026-02-24T22:00:00Z,2026-02-24T22:13:16Z,auth,auth_enUS_labelerexp,at://did:plc:kssexgfjoqhscgsxaq2wbutr/app.bsky.feed.post/3mfmlyfchj22f,bafyreidhvico7h7622bfuyrf6kazbqtti6kvsqpjhs6ridrao5dp6bva3a,did:plc:kssexgfjoqhscgsxaq2wbutr,!no-unauthenticated,,at://did:plc:kssexgfjoqhscgsxaq2wbutr/app.bsky.actor.profile/self,2024-04-19T15:11:29.251Z
9bd9b12e3a3d4b44a071124dbe0b97a0,2026-02-24T22:00:00Z,2026-02-24T22:13:16Z,auth,auth_enUS_labelerexp,at://did:plc:5qli26hgfhayvez5ctyekw77/app.bsky.feed.post/3mfl4qpat6s2k,bafyreidt3gqhsbib3x2l2cffkgzbwky3rfukilpullglb6xbdxua2gwvgq,did:plc:5qli26hgfhayvez5ctyekw77,!no-unauthenticated,,at://did:plc:5qli26hgfhayvez5ctyekw77/app.bsky.actor.profile/self,1970-01-01T00:00:00.000Z
9bd9b12e3a3d4b44a071124dbe0b97a0,2026-02-24T22:00:00Z,2026-02-24T22:13:16Z,auth,auth_enUS_labelerexp,at://did:plc:ly35yzxvm6otrog22eu7xn6u/app.bsky.feed.post/3mfk6ycfkcs2n,bafyreicncpmrx5cda4fi6d73ndzhayjsaqwntxhjetsjynrutktvlk2zmi,did:plc:l624mewisyr6hymexmrjkprc,photographers,,did:plc:ly35yzxvm6otrog22eu7xn6u,2026-02-06T21:29:15.190Z
9bd9b12e3a3d4b44a071124dbe0b97a0,2026-02-24T22:00:00Z,2026-02-24T22:13:16Z,auth,auth_enUS_labelerexp,at://did:plc:ly35yzxvm6otrog22eu7xn6u/app.bsky.feed.post/3mfk6ycfkcs2n,bafyreicncpmrx5cda4fi6d73ndzhayjsaqwntxhjetsjynrutktvlk2zmi,did:plc:ly35yzxvm6otrog22eu7xn6u,!no-unauthenticated,,at://did:plc:ly35yzxvm6otrog22eu7xn6u/app.bsky.actor.profile/self,1970-01-01T00:00:00.000Z
9bd9b12e3a3d4b44a071124dbe0b97a0,2026-02-24T22:00:00Z,2026-02-24T22:13:16Z,auth,auth_enUS_labelerexp,at://did:plc:mixb7te6d2uechtqtjajzshs/app.bsky.feed.post/3mfn2zitumk2b,bafyreifaogsvxz7jca37zvmdvgg6gdtm3rgaces7ycs5shof3ok4lxmhz4,did:plc:mixb7te6d2uechtqtjajzshs,!no-unauthenticated,,at://did:plc:mixb7te6d2uechtqtjajzshs/app.bsky.actor.profile/self,2024-11-07T02:27:54.834Z
9bd9b12e3a3d4b44a071124dbe0b97a0,2026-02-24T22:00:00Z,2026-02-24T22:13:16Z,auth,auth_enUS_labelerexp,at://did:plc:amja6q3qdw6mfwxmqhlp3hnt/app.bsky.feed.post/3mfmwlytf4k2q,bafyreiatufbg2qw5q6wjcsqr7wuw3lywalr7nysnar4dw3oirfpfqqsray,did:plc:amja6q3qdw6mfwxmqhlp3hnt,!no-unauthenticated,,at://did:plc:amja6q3qdw6mfwxmqhlp3hnt/app.bsky.actor.profile/self,1970-01-01T00:00:00.000Z
9bd9b12e3a3d4b44a071124dbe0b97a0,2026-02-24T22:00:00Z,2026-02-24T22:13:16Z,auth,auth_enUS_labelerexp,at://did:plc:tqpm32mllmzbplpbuak4uvly/app.bsky.feed.post/3mfmw7loofs2d,bafyreiak4ax7uivbypl6rnoq3qkoxmrjaa7o4f7rhqf6flm2y4vikauy6e,did:plc:tqpm32mllmzbplpbuak4uvly,!no-unauthenticated,,at://did:plc:tqpm32mllmzbplpbuak4uvly/app.bsky.actor.profile/self,2025-01-10T03:05:02.541Z
9bd9b12e3a3d4b44a071124dbe0b97a0,2026-02-24T22:00:00Z,2026-02-24T22:13:16Z,auth,auth_enUS_labelerexp,at://did:plc:omkb4ov5w2bintbbbb47lile/app.bsky.feed.post/3mfmv26hck22s,bafyreidy743jcnb6cugtf4jng6kau4pe7fituzdttukzkrdk3lzmfk6rci,did:plc:omkb4ov5w2bintbbbb47lile,!no-unauthenticated,,at://did:plc:omkb4ov5w2bintbbbb47lile/app.bsky.actor.profile/self,1970-01-01T00:00:00.000Z
9bd9b12e3a3d4b44a071124dbe0b97a0,2026-02-24T22:00:00Z,2026-02-24T22:13:16Z,auth,auth_enUS_labelerexp,at://did:plc:omkb4ov5w2bintbbbb47lile/app.bsky.feed.post/3mfmoiy6qu22s,bafyreihjofdarrsqr6z3gnmwmprukdpb7xa2gna2adht3xhphwsviuggau,did:plc:omkb4ov5w2bintbbbb47lile,!no-unauthenticated,,at://did:plc:omkb4ov5w2bintbbbb47lile/app.bsky.actor.profile/self,1970-01-01T00:00:00.000Z
9bd9b12e3a3d4b44a071124dbe0b97a0,2026-02-24T22:00:00Z,2026-02-24T22:13:16Z,auth,auth_enUS_labelerexp,at://did:plc:ld324bs3zekxrjiv5hcowoct/app.bsky.feed.post/3mfmnaoy3gs2x,bafyreig4uvxqxo664okfxwpx67lsv6togf5xsnmxk4jvqyy2zyuj3c4z7m,did:plc:uac6er53o2pvr5y2qmvaf7hw,x-link,,at://did:plc:ld324bs3zekxrjiv5hcowoct/app.bsky.actor.profile/self,2025-10-31T16:30:06.490Z
9bd9b12e3a3d4b44a071124dbe0b97a0,2026-02-24T22:00:00Z,2026-02-24T22:13:16Z,auth,auth_enUS_labelerexp,at://did:plc:omkb4ov5w2bintbbbb47lile/app.bsky.feed.post/3mfmjxu3t2c2s,bafyreideh4unxztiyg3ippavutknmixojdbacgl5p2hqq7l7gwcf7k2u4q,did:plc:omkb4ov5w2bintbbbb47lile,!no-unauthenticated,,at://did:plc:omkb4ov5w2bintbbbb47lile/app.bsky.actor.profile/self,1970-01-01T00:00:00.000Z
9bd9b12e3a3d4b44a071124dbe0b97a0,2026-02-24T22:00:00Z,2026-02-24T22:13:16Z,auth,auth_enUS_labelerexp,at://did:plc:wvgbjnfgkkseawyp464tqpbj/app.bsky.feed.post/3mfmhmwwvis2l,bafyreickhdisgsplrmoud5oxzurvzy36ndajkjfxrqdmhs7wuawl54fg44,did:plc:wvgbjnfgkkseawyp464tqpbj,!no-unauthenticated,,at://did:plc:wvgbjnfgkkseawyp464tqpbj/app.bsky.actor.profile/self,1970-01-01T00:00:00.000Z
9bd9b12e3a3d4b44a071124dbe0b97a0,2026-02-24T22:00:00Z,2026-02-24T22:13:16Z,auth,auth_enUS_labelerexp,at://did:plc:iht2f2bb6kqiwltk27yls3m6/app.bsky.feed.post/3mfmgimhll22i,bafyreid3w3olutg4lqdhsotbeufbf4o65224roj5n6nnixkwaaipgfjneq,did:plc:iht2f2bb6kqiwltk27yls3m6,!no-unauthenticated,,at://did:plc:iht2f2bb6kqiwltk27yls3m6/app.bsky.actor.profile/self,1970-01-01T00:00:00.000Z
9bd9b12e3a3d4b44a071124dbe0b97a0,2026-02-24T22:00:00Z,2026-02-24T22:13:16Z,auth,auth_enUS_labelerexp,at://did:plc:7653lfguegkejpfzokyp7tu7/app.bsky.feed.post/3mfmf263whk27,bafyreihu5afa5jo4uedwbyi3ocew67emr2lyzr6lai5xvsqyu23ruc7k7e,did:plc:7653lfguegkejpfzokyp7tu7,!no-unauthenticated,,at://did:plc:7653lfguegkejpfzokyp7tu7/app.bsky.actor.profile/self,1970-01-01T00:00:00.000Z
9bd9b12e3a3d4b44a071124dbe0b97a0,2026-02-24T22:00:00Z,2026-02-24T22:13:16Z,auth,auth_enUS_labelerexp,at://did:plc:jzecgvd2uqubvckly7sf76rc/app.bsky.feed.post/3mfm4se3nbk2v,bafyreid7tz5bxqzngarxmknqbf3mwz76ro4b3usn2nof6hpki25xc25gmu,did:plc:jzecgvd2uqubvckly7sf76rc,!no-unauthenticated,,at://did:plc:jzecgvd2uqubvckly7sf76rc/app.bsky.actor.profile/self,2025-10-15T12:43:20.169Z
9bd9b12e3a3d4b44a071124dbe0b97a0,2026-02-24T22:00:00Z,2026-02-24T22:13:16Z,auth,auth_enUS_labelerexp,at://did:plc:jp2syvuq332gyvwmzgrf3pre/app.bsky.feed.post/3mflvwdndh4g2,bafyreift7xs6zbm5zxs2zjncsyuinrp7kf6shdwb4oocqcxcrxancpcs3e,did:plc:jp2syvuq332gyvwmzgrf3pre,bridged-from-bridgy-fed-activitypub,,at://did:plc:jp2syvuq332gyvwmzgrf3pre/app.bsky.actor.profile/self,1970-01-01T00:00:00.000Z
9bd9b12e3a3d4b44a071124dbe0b97a0,2026-02-24T22:00:00Z,2026-02-24T22:13:16Z,auth,auth_enUS_labelerexp,at://did:plc:sbtcyry7docyhpg7fgunmdqj/app.bsky.feed.post/3mflp55urdm2u,bafyreic26kn5oakzdd3mdn56n642ouwzzxeucx3jh34brgve7tbeklhxfu,did:plc:ar7c4by46qjdydhdevvrndac,sexual,,at://did:plc:sbtcyry7docyhpg7fgunmdqj/app.bsky.feed.post/3mflp55urdm2u,2026-02-24T08:00:02.692Z
9bd9b12e3a3d4b44a071124dbe0b97a0,2026-02-24T22:00:00Z,2026-02-24T22:13:16Z,auth,auth_enUS_labelerexp,at://did:plc:6xrjvdzyihk433y5oeyrmiag/app.bsky.feed.post/3mfln6l4hmc2d,bafyreibe3bno7mxvbhbzfifaomkumxvgfzwrq4oneqw4a7u7efvge34e5a,did:plc:uac6er53o2pvr5y2qmvaf7hw,meta-link,,at://did:plc:6xrjvdzyihk433y5oeyrmiag/app.bsky.actor.profile/self,2025-04-22T07:13:25.300Z
9bd9b12e3a3d4b44a071124dbe0b97a0,2026-02-24T22:00:00Z,2026-02-24T22:13:16Z,auth,auth_enUS_labelerexp,at://did:plc:laiha6g7jnflmhopfzthhi4e/app.bsky.feed.post/3mflkthyonc2z,bafyreigrrsgyyg7rgcquu27ovbbragjbrwhffxklarj2bumalsmtcqzl3e,did:plc:l624mewisyr6hymexmrjkprc,artistdesigner,,did:plc:laiha6g7jnflmhopfzthhi4e,2024-10-20T23:54:49.958Z
9bd9b12e3a3d4b44a071124dbe0b97a0,2026-02-24T22:00:00Z,2026-02-24T22:13:16Z,auth,auth_enUS_labelerexp,at://did:plc:c53omjn5mnzsfjyefv5yjhr4/app.bsky.feed.post/3mflkfpuqdy2c,bafyreic3zolrsvylkgqfml33f2zne3cdsho2pct2mizjflofywugcvp5im,did:plc:ar7c4by46qjdydhdevvrndac,needs-review,,did:plc:c53omjn5mnzsfjyefv5yjhr4,2026-02-24T06:57:51.253Z
9bd9b12e3a3d4b44a071124dbe0b97a0,2026-02-24T22:00:00Z,2026-02-24T22:13:17Z,auth,auth_enUS_labelerexp,at://did:plc:hc7tndm7gduompba65aps75k/app.bsky.feed.post/3mfn5qjnxyc2k,bafyreigqsmxzhs67sj3wf3ovehclim3daymht43oyhr67rvvvfvxzk3hhi,did:plc:ar7c4by46qjdydhdevvrndac,needs-review,,did:plc:hc7tndm7gduompba65aps75k,2026-02-20T23:58:14.414Z
9bd9b12e3a3d4b44a071124dbe0b97a0,2026-02-24T22:00:00Z,2026-02-24T22:13:17Z,auth,auth_enUS_labelerexp,at://did:plc:hc7tndm7gduompba65aps75k/app.bsky.feed.post/3mfn5qjnxyc2k,bafyreigqsmxzhs67sj3wf3ovehclim3daymht43oyhr67rvvvfvxzk3hhi,did:plc:uac6er53o2pvr5y2qmvaf7hw,meta-link,,at://did:plc:hc7tndm7gduompba65aps75k/app.bsky.actor.profile/self,2025-09-15T17:06:08.893Z
9bd9b12e3a3d4b44a071124dbe0b97a0,2026-02-24T22:00:00Z,2026-02-24T22:13:17Z,auth,auth_enUS_labelerexp,at://did:plc:hc7tndm7gduompba65aps75k/app.bsky.feed.post/3mfn5qjnxyc2k,bafyreigqsmxzhs67sj3wf3ovehclim3daymht43oyhr67rvvvfvxzk3hhi,did:plc:hc7tndm7gduompba65aps75k,!no-unauthenticated,,at://did:plc:hc7tndm7gduompba65aps75k/app.bsky.actor.profile/self,2025-08-08T16:36:36.962Z
9bd9b12e3a3d4b44a071124dbe0b97a0,2026-02-24T22:00:00Z,2026-02-24T22:13:17Z,auth,auth_enUS_labelerexp,at://did:plc:hc7tndm7gduompba65aps75k/app.bsky.feed.post/3mfn5oripc22k,bafyreiflmrzf5fnkbho46e3cosmcagg6ftodgpf5acvg6dp5pgiqbnvfqu,did:plc:ar7c4by46qjdydhdevvrndac,needs-review,,did:plc:hc7tndm7gduompba65aps75k,2026-02-20T23:58:14.414Z
9bd9b12e3a3d4b44a071124dbe0b97a0,2026-02-24T22:00:00Z,2026-02-24T22:13:17Z,auth,auth_enUS_labelerexp,at://did:plc:hc7tndm7gduompba65aps75k/app.bsky.feed.post/3mfn5oripc22k,bafyreiflmrzf5fnkbho46e3cosmcagg6ftodgpf5acvg6dp5pgiqbnvfqu,did:plc:uac6er53o2pvr5y2qmvaf7hw,meta-link,,at://did:plc:hc7tndm7gduompba65aps75k/app.bsky.actor.profile/self,2025-09-15T17:06:08.893Z
9bd9b12e3a3d4b44a071124dbe0b97a0,2026-02-24T22:00:00Z,2026-02-24T22:13:17Z,auth,auth_enUS_labelerexp,at://did:plc:hc7tndm7gduompba65aps75k/app.bsky.feed.post/3mfn5oripc22k,bafyreiflmrzf5fnkbho46e3cosmcagg6ftodgpf5acvg6dp5pgiqbnvfqu,did:plc:hc7tndm7gduompba65aps75k,!no-unauthenticated,,at://did:plc:hc7tndm7gduompba65aps75k/app.bsky.actor.profile/self,2025-08-08T16:36:36.962Z
9bd9b12e3a3d4b44a071124dbe0b97a0,2026-02-24T22:00:00Z,2026-02-24T22:13:17Z,auth,auth_enUS_labelerexp,at://did:plc:hc7tndm7gduompba65aps75k/app.bsky.feed.post/3mfn4zpkxrk2k,bafyreigttcpaenr7jit5q3wr5siwhb5zsfsstbfxuyu2goytyt6kqracp4,did:plc:ar7c4by46qjdydhdevvrndac,needs-review,,did:plc:hc7tndm7gduompba65aps75k,2026-02-20T23:58:14.414Z
9bd9b12e3a3d4b44a071124dbe0b97a0,2026-02-24T22:00:00Z,2026-02-24T22:13:17Z,auth,auth_enUS_labelerexp,at://did:plc:hc7tndm7gduompba65aps75k/app.bsky.feed.post/3mfn4zpkxrk2k,bafyreigttcpaenr7jit5q3wr5siwhb5zsfsstbfxuyu2goytyt6kqracp4,did:plc:uac6er53o2pvr5y2qmvaf7hw,meta-link,,at://did:plc:hc7tndm7gduompba65aps75k/app.bsky.actor.profile/self,2025-09-15T17:06:08.893Z
9bd9b12e3a3d4b44a071124dbe0b97a0,2026-02-24T22:00:00Z,2026-02-24T22:13:17Z,auth,auth_enUS_labelerexp,at://did:plc:hc7tndm7gduompba65aps75k/app.bsky.feed.post/3mfn4zpkxrk2k,bafyreigttcpaenr7jit5q3wr5siwhb5zsfsstbfxuyu2goytyt6kqracp4,did:plc:hc7tndm7gduompba65aps75k,!no-unauthenticated,,at://did:plc:hc7tndm7gduompba65aps75k/app.bsky.actor.profile/self,2025-08-08T16:36:36.962Z
9bd9b12e3a3d4b44a071124dbe0b97a0,2026-02-24T22:00:00Z,2026-02-24T22:13:17Z,auth,auth_enUS_labelerexp,at://did:plc:hc7tndm7gduompba65aps75k/app.bsky.feed.post/3mfn4z6kmtc2k,bafyreie26d3hx35uleyv4og4yqjcbz5ibqcnszmsnfizo62uwj5czbdphi,did:plc:ar7c4by46qjdydhdevvrndac,needs-review,,did:plc:hc7tndm7gduompba65aps75k,2026-02-20T23:58:14.414Z
9bd9b12e3a3d4b44a071124dbe0b97a0,2026-02-24T22:00:00Z,2026-02-24T22:13:17Z,auth,auth_enUS_labelerexp,at://did:plc:hc7tndm7gduompba65aps75k/app.bsky.feed.post/3mfn4z6kmtc2k,bafyreie26d3hx35uleyv4og4yqjcbz5ibqcnszmsnfizo62uwj5czbdphi,did:plc:uac6er53o2pvr5y2qmvaf7hw,meta-link,,at://did:plc:hc7tndm7gduompba65aps75k/app.bsky.actor.profile/self,2025-09-15T17:06:08.893Z
9bd9b12e3a3d4b44a071124dbe0b97a0,2026-02-24T22:00:00Z,2026-02-24T22:13:17Z,auth,auth_enUS_labelerexp,at://did:plc:hc7tndm7gduompba65aps75k/app.bsky.feed.post/3mfn4z6kmtc2k,bafyreie26d3hx35uleyv4og4yqjcbz5ibqcnszmsnfizo62uwj5czbdphi,did:plc:hc7tndm7gduompba65aps75k,!no-unauthenticated,,at://did:plc:hc7tndm7gduompba65aps75k/app.bsky.actor.profile/self,2025-08-08T16:36:36.962Z
9bd9b12e3a3d4b44a071124dbe0b97a0,2026-02-24T22:00:00Z,2026-02-24T22:13:17Z,auth,auth_enUS_labelerexp,at://did:plc:7xwtl75iu67yflq6bzpdrpwa/app.bsky.feed.post/3mfn4yrtlgs2f,bafyreigatgguk2o6d65drswdjiqi5yvwnuwt4kqsazsyoe73f6nimmmdku,did:plc:7xwtl75iu67yflq6bzpdrpwa,!no-unauthenticated,,at://did:plc:7xwtl75iu67yflq6bzpdrpwa/app.bsky.actor.profile/self,1970-01-01T00:00:00.000Z
9bd9b12e3a3d4b44a071124dbe0b97a0,2026-02-24T22:00:00Z,2026-02-24T22:13:17Z,auth,auth_enUS_labelerexp,at://did:plc:hc7tndm7gduompba65aps75k/app.bsky.feed.post/3mfn4ynrs4k2k,bafyreibbpcexqdavpebm43zdozpjg6cpxw7ceni25giqtiaru4q46uwywu,did:plc:ar7c4by46qjdydhdevvrndac,needs-review,,did:plc:hc7tndm7gduompba65aps75k,2026-02-20T23:58:14.414Z
9bd9b12e3a3d4b44a071124dbe0b97a0,2026-02-24T22:00:00Z,2026-02-24T22:13:17Z,auth,auth_enUS_labelerexp,at://did:plc:hc7tndm7gduompba65aps75k/app.bsky.feed.post/3mfn4ynrs4k2k,bafyreibbpcexqdavpebm43zdozpjg6cpxw7ceni25giqtiaru4q46uwywu,did:plc:uac6er53o2pvr5y2qmvaf7hw,meta-link,,at://did:plc:hc7tndm7gduompba65aps75k/app.bsky.actor.profile/self,2025-09-15T17:06:08.893Z
9bd9b12e3a3d4b44a071124dbe0b97a0,2026-02-24T22:00:00Z,2026-02-24T22:13:17Z,auth,auth_enUS_labelerexp,at://did:plc:hc7tndm7gduompba65aps75k/app.bsky.feed.post/3mfn4ynrs4k2k,bafyreibbpcexqdavpebm43zdozpjg6cpxw7ceni25giqtiaru4q46uwywu,did:plc:hc7tndm7gduompba65aps75k,!no-unauthenticated,,at://did:plc:hc7tndm7gduompba65aps75k/app.bsky.actor.profile/self,2025-08-08T16:36:36.962Z
9bd9b12e3a3d4b44a071124dbe0b97a0,2026-02-24T22:00:00Z,2026-02-24T22:13:17Z,auth,auth_enUS_labelerexp,at://did:plc:hc7tndm7gduompba65aps75k/app.bsky.feed.post/3mfn4xrpiys2k,bafyreid2oy5n747xx4ukg7lea4mfumarqqk4amoajkmb2bcimjje7pysee,did:plc:ar7c4by46qjdydhdevvrndac,needs-review,,did:plc:hc7tndm7gduompba65aps75k,2026-02-20T23:58:14.414Z
9bd9b12e3a3d4b44a071124dbe0b97a0,2026-02-24T22:00:00Z,2026-02-24T22:13:17Z,auth,auth_enUS_labelerexp,at://did:plc:hc7tndm7gduompba65aps75k/app.bsky.feed.post/3mfn4xrpiys2k,bafyreid2oy5n747xx4ukg7lea4mfumarqqk4amoajkmb2bcimjje7pysee,did:plc:uac6er53o2pvr5y2qmvaf7hw,meta-link,,at://did:plc:hc7tndm7gduompba65aps75k/app.bsky.actor.profile/self,2025-09-15T17:06:08.893Z
9bd9b12e3a3d4b44a071124dbe0b97a0,2026-02-24T22:00:00Z,2026-02-24T22:13:17Z,auth,auth_enUS_labelerexp,at://did:plc:hc7tndm7gduompba65aps75k/app.bsky.feed.post/3mfn4xrpiys2k,bafyreid2oy5n747xx4ukg7lea4mfumarqqk4amoajkmb2bcimjje7pysee,did:plc:hc7tndm7gduompba65aps75k,!no-unauthenticated,,at://did:plc:hc7tndm7gduompba65aps75k/app.bsky.actor.profile/self,2025-08-08T16:36:36.962Z
9bd9b12e3a3d4b44a071124dbe0b97a0,2026-02-24T22:00:00Z,2026-02-24T22:13:17Z,auth,auth_enUS_labelerexp,at://did:plc:czewcswvcwwsp3rwvlzchcov/app.bsky.feed.post/3mfn4qmzzt22p,bafyreih4zygqh2kvvzaqzzjpmjvhl2q5fz2lviuo4ayy56euuhpebv2cla,did:plc:czewcswvcwwsp3rwvlzchcov,!no-unauthenticated,,at://did:plc:czewcswvcwwsp3rwvlzchcov/app.bsky.actor.profile/self,1970-01-01T00:00:00.000Z
9bd9b12e3a3d4b44a071124dbe0b97a0,2026-02-24T22:00:00Z,2026-02-24T22:13:17Z,auth,auth_enUS_labelerexp,at://did:plc:mwahqnkv6vi6u3okk4czhb7r/app.bsky.feed.post/3mfn4po3kj22c,bafyreiabkvucruou73g72pdvxjndxe24orotdnpudqrnimffyoodzwwg4m,did:plc:uac6er53o2pvr5y2qmvaf7hw,high-total-facet-count,,at://did:plc:mwahqnkv6vi6u3okk4czhb7r/app.bsky.feed.post/3mfn4po3kj22c,2026-02-24T21:35:44.302Z
9bd9b12e3a3d4b44a071124dbe0b97a0,2026-02-24T22:00:00Z,2026-02-24T22:13:17Z,auth,auth_enUS_labelerexp,at://did:plc:zb42rni5kafz7e563hcv5zyd/app.bsky.feed.post/3mfn4dlywu22r,bafyreia5bdgs5hsrgkvjmfud2ttz2yytk6pmtqtt22u477mbuvvusxmsfy,did:plc:ar7c4by46qjdydhdevvrndac,sexual,,at://did:plc:zb42rni5kafz7e563hcv5zyd/app.bsky.feed.post/3mfn4dlywu22r,2026-02-24T21:29:21.081Z
9bd9b12e3a3d4b44a071124dbe0b97a0,2026-02-24T22:00:00Z,2026-02-24T22:13:17Z,auth,auth_enUS_labelerexp,at://did:plc:n2m56bx6txmsbs3rqa2v3cqm/app.bsky.feed.post/3mfn4ahwci22i,bafyreicspv2ypf7xly2aw5rr2g62k2nxousyn7uzpsk24ymt7iopltco2a,did:plc:l624mewisyr6hymexmrjkprc,artistdesigner,,did:plc:n2m56bx6txmsbs3rqa2v3cqm,2024-10-20T20:41:15.891Z
9bd9b12e3a3d4b44a071124dbe0b97a0,2026-02-24T22:00:00Z,2026-02-24T22:13:17Z,auth,auth_enUS_labelerexp,at://did:plc:n2m56bx6txmsbs3rqa2v3cqm/app.bsky.feed.post/3mfn4ahwci22i,bafyreicspv2ypf7xly2aw5rr2g62k2nxousyn7uzpsk24ymt7iopltco2a,did:plc:l624mewisyr6hymexmrjkprc,l-justvtuber,,did:plc:n2m56bx6txmsbs3rqa2v3cqm,2024-10-20T20:41:30.743Z
9bd9b12e3a3d4b44a071124dbe0b97a0,2026-02-24T22:00:00Z,2026-02-24T22:13:17Z,auth,auth_enUS_labelerexp,at://did:plc:n2m56bx6txmsbs3rqa2v3cqm/app.bsky.feed.post/3mfn4ahwci22i,bafyreicspv2ypf7xly2aw5rr2g62k2nxousyn7uzpsk24ymt7iopltco2a,did:plc:l624mewisyr6hymexmrjkprc,streamer,,did:plc:n2m56bx6txmsbs3rqa2v3cqm,2024-10-20T20:41:20.958Z
9bd9b12e3a3d4b44a071124dbe0b97a0,2026-02-24T22:00:00Z,2026-02-24T22:13:17Z,auth,auth_enUS_labelerexp,at://did:plc:n2m56bx6txmsbs3rqa2v3cqm/app.bsky.feed.post/3mfn4ahwci22i,bafyreicspv2ypf7xly2aw5rr2g62k2nxousyn7uzpsk24ymt7iopltco2a,did:plc:n2m56bx6txmsbs3rqa2v3cqm,!no-unauthenticated,,at://did:plc:n2m56bx6txmsbs3rqa2v3cqm/app.bsky.actor.profile/self,1970-01-01T00:00:00.000Z
9bd9b12e3a3d4b44a071124dbe0b97a0,2026-02-24T22:00:00Z,2026-02-24T22:13:17Z,auth,auth_enUS_labelerexp,at://did:plc:i3znxncjh46pmd7xc5ior34w/app.bsky.feed.post/3mfn43ifuok26,bafyreifpqbyq3l2anl2q7ybbnqrnvrdgme7vq5j4ordg252qpvsg7fg6zq,did:plc:uac6er53o2pvr5y2qmvaf7hw,x-link,,at://did:plc:i3znxncjh46pmd7xc5ior34w/app.bsky.actor.profile/self,2025-04-28T20:41:35.635Z
9bd9b12e3a3d4b44a071124dbe0b97a0,2026-02-24T22:00:00Z,2026-02-24T22:13:17Z,auth,auth_enUS_labelerexp,at://did:plc:5fovtdkfpqfu7eyiml5tfeb5/app.bsky.feed.post/3mfn2lx5gbc2q,bafyreiddipmmtimf52dlwd677odvltiggtmis2keyxvtjgm6gzzo3m2gju,did:plc:5fovtdkfpqfu7eyiml5tfeb5,!no-unauthenticated,,at://did:plc:5fovtdkfpqfu7eyiml5tfeb5/app.bsky.actor.profile/self,1970-01-01T00:00:00.000Z
9bd9b12e3a3d4b44a071124dbe0b97a0,2026-02-24T22:00:00Z,2026-02-24T22:13:17Z,auth,auth_enUS_labelerexp,at://did:plc:o7gryl33medmphpr2dbwtp45/app.bsky.feed.post/3mfn2ga3oys2k,bafyreiagbqghsikoejcnre4fsal3dcoidgfyfllj7cv5m24ijm6cqmlgee,did:plc:ar7c4by46qjdydhdevvrndac,sexual,,at://did:plc:o7gryl33medmphpr2dbwtp45/app.bsky.feed.post/3mfn2ga3oys2k,2026-02-24T20:54:49.321Z
9bd9b12e3a3d4b44a071124dbe0b97a0,2026-02-24T22:00:00Z,2026-02-24T22:13:17Z,auth,auth_enUS_labelerexp,at://did:plc:zxkf5kqm6qsx7pwiaieocb2t/app.bsky.feed.post/3mfmzxzg7yk2f,bafyreib3q6pp34eclz4psla7atmhuzbf3ztydbprfmefiywksl36aqndly,did:plc:zxkf5kqm6qsx7pwiaieocb2t,!no-unauthenticated,,at://did:plc:zxkf5kqm6qsx7pwiaieocb2t/app.bsky.actor.profile/self,1970-01-01T00:00:00.000Z
9bd9b12e3a3d4b44a071124dbe0b97a0,2026-02-24T22:00:00Z,2026-02-24T22:13:18Z,auth,auth_enUS_labelerexp,at://did:plc:6phse2aawxj75hhngbk7bfb2/app.bsky.feed.post/3mfn6su7pvs2l,bafyreicxgiaimp7a5ue62yarrkznaj7vvv7xf3lvepltboibykqcmcviii,did:plc:6phse2aawxj75hhngbk7bfb2,!no-unauthenticated,,at://did:plc:6phse2aawxj75hhngbk7bfb2/app.bsky.actor.profile/self,1970-01-01T00:00:00.000Z
9bd9b12e3a3d4b44a071124dbe0b97a0,2026-02-24T22:00:00Z,2026-02-24T22:13:18Z,auth,auth_enUS_labelerexp,at://did:plc:q2xkffiwtkwnmt3g3qiblwke/app.bsky.feed.post/3mfn6snved22h,bafyreihobmg7sitxujtgyugesvurke3g6rxn5yg25ckehkke5zpld3wrdu,did:plc:uac6er53o2pvr5y2qmvaf7hw,disinfo-link,,did:plc:q2xkffiwtkwnmt3g3qiblwke,2025-11-21T19:46:06.578Z
9bd9b12e3a3d4b44a071124dbe0b97a0,2026-02-24T22:00:00Z,2026-02-24T22:13:18Z,auth,auth_enUS_labelerexp,at://did:plc:q2xkffiwtkwnmt3g3qiblwke/app.bsky.feed.post/3mfn6snved22h,bafyreihobmg7sitxujtgyugesvurke3g6rxn5yg25ckehkke5zpld3wrdu,did:plc:uac6er53o2pvr5y2qmvaf7hw,hate-symbol,,did:plc:q2xkffiwtkwnmt3g3qiblwke,2025-11-21T19:46:06.578Z
9bd9b12e3a3d4b44a071124dbe0b97a0,2026-02-24T22:00:00Z,2026-02-24T22:13:18Z,auth,auth_enUS_labelerexp,at://did:plc:q2xkffiwtkwnmt3g3qiblwke/app.bsky.feed.post/3mfn6snved22h,bafyreihobmg7sitxujtgyugesvurke3g6rxn5yg25ckehkke5zpld3wrdu,did:plc:q2xkffiwtkwnmt3g3qiblwke,!no-unauthenticated,,at://did:plc:q2xkffiwtkwnmt3g3qiblwke/app.bsky.actor.profile/self,1970-01-01T00:00:00.000Z
9bd9b12e3a3d4b44a071124dbe0b97a0,2026-02-24T22:00:00Z,2026-02-24T22:13:18Z,auth,auth_enUS_labelerexp,at://did:plc:ocakzaba6tjbfny4fcwoa7p6/app.bsky.feed.post/3mfn6smivhs2e,bafyreibqma3muhxcqhg7j6jkbejjz7cxi4orrbvxywjzzuxdttbvb3ohbm,did:plc:ocakzaba6tjbfny4fcwoa7p6,!no-unauthenticated,,at://did:plc:ocakzaba6tjbfny4fcwoa7p6/app.bsky.actor.profile/self,1970-01-01T00:00:00.000Z
9bd9b12e3a3d4b44a071124dbe0b97a0,2026-02-24T22:00:00Z,2026-02-24T22:13:18Z,auth,auth_enUS_labelerexp,at://did:plc:u7rlne2yxuay2zfnyihj2u2b/app.bsky.feed.post/3mfn6skucu22l,bafyreiclhn4qdfrkupgjyfruailkuhvtck7oqmow6jxwoyp3kanob3iyvq,did:plc:uac6er53o2pvr5y2qmvaf7hw,blocks,,did:plc:u7rlne2yxuay2zfnyihj2u2b,2025-05-26T18:09:28.227Z
9bd9b12e3a3d4b44a071124dbe0b97a0,2026-02-24T22:00:00Z,2026-02-24T22:13:18Z,auth,auth_enUS_labelerexp,at://did:plc:u7rlne2yxuay2zfnyihj2u2b/app.bsky.feed.post/3mfn6skucu22l,bafyreiclhn4qdfrkupgjyfruailkuhvtck7oqmow6jxwoyp3kanob3iyvq,did:plc:u7rlne2yxuay2zfnyihj2u2b,!no-unauthenticated,,at://did:plc:u7rlne2yxuay2zfnyihj2u2b/app.bsky.actor.profile/self,1970-01-01T00:00:00.000Z
9bd9b12e3a3d4b44a071124dbe0b97a0,2026-02-24T22:00:00Z,2026-02-24T22:13:18Z,auth,auth_enUS_labelerexp,at://did:plc:iiq5nakzagyhorhp4lgbjgmx/app.bsky.feed.post/3mfn6sha25k2e,bafyreihrubn3seg7z54s6xi56jcsvqw66ephxh7wkqhzhrxfxocwgucydu,did:plc:iiq5nakzagyhorhp4lgbjgmx,!no-unauthenticated,,at://did:plc:iiq5nakzagyhorhp4lgbjgmx/app.bsky.actor.profile/self,1970-01-01T00:00:00.000Z
9bd9b12e3a3d4b44a071124dbe0b97a0,2026-02-24T22:00:00Z,2026-02-24T22:13:18Z,auth,auth_enUS_labelerexp,at://did:plc:2hewn2ualgx3fbjtvrq4hxdz/app.bsky.feed.post/3mfn6sdnea224,bafyreid2kywlgkrcb5dgizap6hmmlizsz525jt4nixwkml4iekyi4nt7ay,did:plc:2hewn2ualgx3fbjtvrq4hxdz,!no-unauthenticated,,at://did:plc:2hewn2ualgx3fbjtvrq4hxdz/app.bsky.actor.profile/self,1970-01-01T00:00:00.000Z
9bd9b12e3a3d4b44a071124dbe0b97a0,2026-02-24T22:00:00Z,2026-02-24T22:13:18Z,auth,auth_enUS_labelerexp,at://did:plc:dau562zpjjms4idad4wkibhc/app.bsky.feed.post/3mfn6s35g3k2c,bafyreienh5s7r2wajzgbzesvsfk3kpj5ahsu7picxfzeeivlcym3ls64iy,did:plc:uac6er53o2pvr5y2qmvaf7hw,abusive,,did:plc:dau562zpjjms4idad4wkibhc,2025-01-07T18:25:10.451Z
9bd9b12e3a3d4b44a071124dbe0b97a0,2026-02-24T22:00:00Z,2026-02-24T22:13:18Z,auth,auth_enUS_labelerexp,at://did:plc:dau562zpjjms4idad4wkibhc/app.bsky.feed.post/3mfn6s35g3k2c,bafyreienh5s7r2wajzgbzesvsfk3kpj5ahsu7picxfzeeivlcym3ls64iy,did:plc:uac6er53o2pvr5y2qmvaf7hw,repetitive,,did:plc:dau562zpjjms4idad4wkibhc,2025-01-07T18:25:10.451Z
9bd9b12e3a3d4b44a071124dbe0b97a0,2026-02-24T22:00:00Z,2026-02-24T22:13:18Z,auth,auth_enUS_labelerexp,at://did:plc:xwzxgbwvnnu2dntpty765y5j/app.bsky.feed.post/3mfn6rwptsk2a,bafyreidzhwjqjsjhdeazevm6vgmsxerrnjyyy45yifgnd6aiyu6atx6jdu,did:plc:cnn3jrtucivembf66xe6fdfs,anti,,did:plc:xwzxgbwvnnu2dntpty765y5j,2024-05-03T16:54:16.397Z
9bd9b12e3a3d4b44a071124dbe0b97a0,2026-02-24T22:00:00Z,2026-02-24T22:13:18Z,auth,auth_enUS_labelerexp,at://did:plc:xwzxgbwvnnu2dntpty765y5j/app.bsky.feed.post/3mfn6rwptsk2a,bafyreidzhwjqjsjhdeazevm6vgmsxerrnjyyy45yifgnd6aiyu6atx6jdu,did:plc:cnn3jrtucivembf66xe6fdfs,hostile,,did:plc:xwzxgbwvnnu2dntpty765y5j,2024-05-03T16:56:48.664Z
9bd9b12e3a3d4b44a071124dbe0b97a0,2026-02-24T22:00:00Z,2026-02-24T22:13:18Z,auth,auth_enUS_labelerexp,at://did:plc:xwzxgbwvnnu2dntpty765y5j/app.bsky.feed.post/3mfn6rwptsk2a,bafyreidzhwjqjsjhdeazevm6vgmsxerrnjyyy45yifgnd6aiyu6atx6jdu,did:plc:xwzxgbwvnnu2dntpty765y5j,!no-unauthenticated,,at://did:plc:xwzxgbwvnnu2dntpty765y5j/app.bsky.actor.profile/self,1970-01-01T00:00:00.000Z
9bd9b12e3a3d4b44a071124dbe0b97a0,2026-02-24T22:00:00Z,2026-02-24T22:13:18Z,auth,auth_enUS_labelerexp,at://did:plc:5t3z7zuo2rbw4xhzyre2wclw/app.bsky.feed.post/3mfn6rszknk27,bafyreigi3the2vacakijzkhffhlvabpnunji3ucdfoew6kjrigl7flr3mq,did:plc:5t3z7zuo2rbw4xhzyre2wclw,!no-unauthenticated,,at://did:plc:5t3z7zuo2rbw4xhzyre2wclw/app.bsky.actor.profile/self,1970-01-01T00:00:00.000Z
9bd9b12e3a3d4b44a071124dbe0b97a0,2026-02-24T22:00:00Z,2026-02-24T22:13:18Z,auth,auth_enUS_labelerexp,at://did:plc:wadzs3vsb4nzsl6kg67wlhag/app.bsky.feed.post/3mfn6rl7ric2v,bafyreiedjwm4h3gsksseovfpo46c4thzhagvdzjoehs6v7l7y7hxruy5jy,did:plc:wadzs3vsb4nzsl6kg67wlhag,!no-unauthenticated,,at://did:plc:wadzs3vsb4nzsl6kg67wlhag/app.bsky.actor.profile/self,1970-01-01T00:00:00.000Z
9bd9b12e3a3d4b44a071124dbe0b97a0,2026-02-24T22:00:00Z,2026-02-24T22:13:18Z,auth,auth_enUS_labelerexp,at://did:plc:7jmdeb6cy7padobqhsthimh2/app.bsky.feed.post/3mfn6r22p6c23,bafyreiejmyb62bwadyrj2w4kdqtnkxfjbakvcguxpsxkw4etcrdjsfr73e,did:plc:uac6er53o2pvr5y2qmvaf7hw,hate-symbol,,did:plc:7jmdeb6cy7padobqhsthimh2,2025-11-01T22:19:57.052Z
9bd9b12e3a3d4b44a071124dbe0b97a0,2026-02-24T22:00:00Z,2026-02-24T22:13:18Z,auth,auth_enUS_labelerexp,at://did:plc:7jmdeb6cy7padobqhsthimh2/app.bsky.feed.post/3mfn6r22p6c23,bafyreiejmyb62bwadyrj2w4kdqtnkxfjbakvcguxpsxkw4etcrdjsfr73e,did:plc:uac6er53o2pvr5y2qmvaf7hw,violent,,did:plc:7jmdeb6cy7padobqhsthimh2,2024-12-30T22:45:47.720Z
9bd9b12e3a3d4b44a071124dbe0b97a0,2026-02-24T22:00:00Z,2026-02-24T22:13:18Z,auth,auth_enUS_labelerexp,at://did:plc:qghwucs5bfiypvtupnj4u7o6/app.bsky.feed.post/3mfn6qrfd7223,bafyreiem54z37t3dg6zizdvvpmhan2zowlj7i7v73kpzqtes3ga4joz3de,did:plc:qghwucs5bfiypvtupnj4u7o6,!no-unauthenticated,,at://did:plc:qghwucs5bfiypvtupnj4u7o6/app.bsky.actor.profile/self,1970-01-01T00:00:00.000Z
9bd9b12e3a3d4b44a071124dbe0b97a0,2026-02-24T22:00:00Z,2026-02-24T22:13:18Z,auth,auth_enUS_labelerexp,at://did:plc:e3vxabntcpydh3smjdiofqh7/app.bsky.feed.post/3mfn6qlpcy22q,bafyreidd3w5xkscgskr43mj3xmcpyxhuhhfynqnpsvgmpkroiv3k7awrqu,did:plc:e3vxabntcpydh3smjdiofqh7,!no-unauthenticated,,at://did:plc:e3vxabntcpydh3smjdiofqh7/app.bsky.actor.profile/self,1970-01-01T00:00:00.000Z
9bd9b12e3a3d4b44a071124dbe0b97a0,2026-02-24T22:00:00Z,2026-02-24T22:13:18Z,auth,auth_enUS_labelerexp,at://did:plc:sqfneztmrppffi4jambf7i56/app.bsky.feed.post/3mfn6qje4q22i,bafyreig3giuypwkgyo5pgmdjytppvxusf4rz725bipxmfocfhxknbqxlte,did:plc:sqfneztmrppffi4jambf7i56,!no-unauthenticated,,at://did:plc:sqfneztmrppffi4jambf7i56/app.bsky.actor.profile/self,1970-01-01T00:00:00.000Z
9bd9b12e3a3d4b44a071124dbe0b97a0,2026-02-24T22:00:00Z,2026-02-24T22:13:18Z,auth,auth_enUS_labelerexp,at://did:plc:ubhmfseodx6zjexcdwiu3uzb/app.bsky.feed.post/3mfn6q4f6fs22,bafyreid7hgklzura4dl4bgpjqcsx4jo5q6hokbeqyw44g4uu5yfqsbwv3e,did:plc:ubhmfseodx6zjexcdwiu3uzb,!no-unauthenticated,,at://did:plc:ubhmfseodx6zjexcdwiu3uzb/app.bsky.actor.profile/self,1970-01-01T00:00:00.000Z
9bd9b12e3a3d4b44a071124dbe0b97a0,2026-02-24T22:00:00Z,2026-02-24T22:13:18Z,auth,auth_enUS_labelerexp,at://did:plc:dai2o5jnh2n7w62gxwpqodm6/app.bsky.feed.post/3mfn6pyg3ys2o,bafyreidtceroogmdlhtbf4o56fxopk4cle73y2ifikdz4cbyvwvbkoexty,did:plc:dai2o5jnh2n7w62gxwpqodm6,!no-unauthenticated,,at://did:plc:dai2o5jnh2n7w62gxwpqodm6/app.bsky.actor.profile/self,1970-01-01T00:00:00.000Z
9bd9b12e3a3d4b44a071124dbe0b97a0,2026-02-24T22:00:00Z,2026-02-24T22:13:18Z,auth,auth_enUS_labelerexp,at://did:plc:fqt7eatajorin5m7ippuns43/app.bsky.feed.post/3mfn6ozxkhc2w,bafyreib757ghh52afoksbdt23wfe7amoauvhsarhbuonk2dlbi7dhj4h5i,did:plc:fqt7eatajorin5m7ippuns43,!no-unauthenticated,,at://did:plc:fqt7eatajorin5m7ippuns43/app.bsky.actor.profile/self,1970-01-01T00:00:00.000Z
9bd9b12e3a3d4b44a071124dbe0b97a0,2026-02-24T22:00:00Z,2026-02-24T22:13:18Z,auth,auth_enUS_labelerexp,at://did:plc:mcb6n67plnrlx4lg35natk2b/app.bsky.feed.post/3mfn6o4lkpg2k,bafyreif3nwu2e7kywtr6algqz7bjcjihghkxytgldxahhcqkjhenxhewae,did:plc:uac6er53o2pvr5y2qmvaf7hw,high-offsite-link-count,,at://did:plc:mcb6n67plnrlx4lg35natk2b/app.bsky.feed.post/3mfn6o4lkpg2k,2026-02-24T22:10:37.191Z
9bd9b12e3a3d4b44a071124dbe0b97a0,2026-02-24T22:00:00Z,2026-02-24T22:13:18Z,auth,auth_enUS_labelerexp,at://did:plc:mcb6n67plnrlx4lg35natk2b/app.bsky.feed.post/3mfn6o4lkpg2k,bafyreif3nwu2e7kywtr6algqz7bjcjihghkxytgldxahhcqkjhenxhewae,did:plc:uac6er53o2pvr5y2qmvaf7hw,engagementfarmer,,did:plc:mcb6n67plnrlx4lg35natk2b,2024-12-10T14:25:58.920Z
9bd9b12e3a3d4b44a071124dbe0b97a0,2026-02-24T22:00:00Z,2026-02-24T22:13:18Z,auth,auth_enUS_labelerexp,at://did:plc:mcb6n67plnrlx4lg35natk2b/app.bsky.feed.post/3mfn6o4lkpg2k,bafyreif3nwu2e7kywtr6algqz7bjcjihghkxytgldxahhcqkjhenxhewae,did:plc:uac6er53o2pvr5y2qmvaf7hw,high-offsite-link-count,,did:plc:mcb6n67plnrlx4lg35natk2b,2025-04-18T13:00:27.234Z
9bd9b12e3a3d4b44a071124dbe0b97a0,2026-02-24T22:00:00Z,2026-02-24T22:13:18Z,auth,auth_enUS_labelerexp,at://did:plc:mcb6n67plnrlx4lg35natk2b/app.bsky.feed.post/3mfn6o4lkpg2k,bafyreif3nwu2e7kywtr6algqz7bjcjihghkxytgldxahhcqkjhenxhewae,did:plc:uac6er53o2pvr5y2qmvaf7hw,repetitive,,did:plc:mcb6n67plnrlx4lg35natk2b,2024-12-10T14:25:58.920Z
9bd9b12e3a3d4b44a071124dbe0b97a0,2026-02-24T22:00:00Z,2026-02-24T22:13:18Z,auth,auth_enUS_labelerexp,at://did:plc:d5kuwqnbeknmdzvnzly553qt/app.bsky.feed.post/3mfn6nzsmoc2a,bafyreiavzac3iqrszi5f47ybmhpdoym2574vv5qtnueki67kdsruptznzm,did:plc:uac6er53o2pvr5y2qmvaf7hw,abusive,,did:plc:d5kuwqnbeknmdzvnzly553qt,2025-10-08T11:38:27.325Z
9bd9b12e3a3d4b44a071124dbe0b97a0,2026-02-24T22:00:00Z,2026-02-24T22:13:18Z,auth,auth_enUS_labelerexp,at://did:plc:d5kuwqnbeknmdzvnzly553qt/app.bsky.feed.post/3mfn6nzsmoc2a,bafyreiavzac3iqrszi5f47ybmhpdoym2574vv5qtnueki67kdsruptznzm,did:plc:d5kuwqnbeknmdzvnzly553qt,!no-unauthenticated,,at://did:plc:d5kuwqnbeknmdzvnzly553qt/app.bsky.actor.profile/self,1970-01-01T00:00:00.000Z
9bd9b12e3a3d4b44a071124dbe0b97a0,2026-02-24T22:00:00Z,2026-02-24T22:13:18Z,auth,auth_enUS_labelerexp,at://did:plc:szt7bsinfspos7a22bcwlhk5/app.bsky.feed.post/3mfn6nkma7s2v,bafyreiejg5z3mrdtabk65vmrgn2qgzamjebnrgotyi7f4qj32a3wrlwhiq,did:plc:szt7bsinfspos7a22bcwlhk5,!no-unauthenticated,,at://did:plc:szt7bsinfspos7a22bcwlhk5/app.bsky.actor.profile/self,1970-01-01T00:00:00.000Z
9bd9b12e3a3d4b44a071124dbe0b97a0,2026-02-24T22:00:00Z,2026-02-24T22:13:19Z,auth,auth_enUS_labelerexp,at://did:plc:jmt7okpcbtrgyixus57usc45/app.bsky.feed.post/3mfn2qyo5ok2f,bafyreieppymeky5t244grgcx7n3pk2ilh7d75on2g7mllpl4zw7jo23rj4,did:plc:jmt7okpcbtrgyixus57usc45,!no-unauthenticated,,at://did:plc:jmt7okpcbtrgyixus57usc45/app.bsky.actor.profile/self,1970-01-01T00:00:00.000Z
9bd9b12e3a3d4b44a071124dbe0b97a0,2026-02-24T22:00:00Z,2026-02-24T22:13:19Z,auth,auth_enUS_labelerexp,at://did:plc:v7xgmwh35322ctx244ypnm6m/app.bsky.feed.post/3mfmz2rurx22q,bafyreiazcnpchi6zchqnyvnupq4fifqokz4g6o6gdy2x5ask5l5nsqvpei,did:plc:v7xgmwh35322ctx244ypnm6m,!no-unauthenticated,,at://did:plc:v7xgmwh35322ctx244ypnm6m/app.bsky.actor.profile/self,2024-12-02T01:47:19.238Z
9bd9b12e3a3d4b44a071124dbe0b97a0,2026-02-24T22:00:00Z,2026-02-24T22:13:19Z,auth,auth_enUS_labelerexp,at://did:plc:oxwittlri2hrvpek444iog4u/app.bsky.feed.post/3mfmukin2rq2j,bafyreihqonhjaz6gw7j3vqrq5hraee56ea6oz53logq6qfb5scd6dvwiuu,did:plc:oxwittlri2hrvpek444iog4u,!no-unauthenticated,,at://did:plc:oxwittlri2hrvpek444iog4u/app.bsky.actor.profile/self,2024-03-07T20:01:56.107Z
9bd9b12e3a3d4b44a071124dbe0b97a0,2026-02-24T22:00:00Z,2026-02-24T22:13:19Z,auth,auth_enUS_labelerexp,at://did:plc:bqxugaf53nq44zbi227sclcw/app.bsky.feed.post/3mfmlfz66ic2k,bafyreiah4lsrxk5tmb764q4226hhvlaipsgnvgwqessncpmoomzsbykhim,did:plc:bqxugaf53nq44zbi227sclcw,!no-unauthenticated,,at://did:plc:bqxugaf53nq44zbi227sclcw/app.bsky.actor.profile/self,1970-01-01T00:00:00.000Z
9bd9b12e3a3d4b44a071124dbe0b97a0,2026-02-24T22:00:00Z,2026-02-24T22:13:19Z,auth,auth_enUS_labelerexp,at://did:plc:wgf2omogiwfvdei7bchh5s7r/app.bsky.feed.post/3mfmjxlkax42c,bafyreihcxkpjbkktslszp7q7fgzor775khehzfgvj3m25kqob2ph3ymolu,did:plc:ar7c4by46qjdydhdevvrndac,sexual,,at://did:plc:wgf2omogiwfvdei7bchh5s7r/app.bsky.feed.post/3mfmjxlkax42c,2026-02-24T16:00:08.386Z
9bd9b12e3a3d4b44a071124dbe0b97a0,2026-02-24T22:00:00Z,2026-02-24T22:13:19Z,auth,auth_enUS_labelerexp,at://did:plc:3lxdxqsthgv563esm42lbknv/app.bsky.feed.post/3mfn6pvai2c2d,bafyreifzeprp7qxgg3ln5tq6bgbjpo5sqi7oqq2o4m2fc6j2vuqh72zude,did:plc:uac6er53o2pvr5y2qmvaf7hw,meta-link,,at://did:plc:3lxdxqsthgv563esm42lbknv/app.bsky.actor.profile/self,2025-05-12T23:19:30.550Z
9bd9b12e3a3d4b44a071124dbe0b97a0,2026-02-24T22:00:00Z,2026-02-24T22:13:19Z,auth,auth_enUS_labelerexp,at://did:plc:ljgfuxewpawrvn6wrhlozto6/app.bsky.feed.post/3mfn6kxiqpc24,bafyreibsfcdi7dhglba52vy5oqsxorfbeipae3wfqw3z2hiusbapa33cq4,did:plc:uac6er53o2pvr5y2qmvaf7hw,x-link,,at://did:plc:ljgfuxewpawrvn6wrhlozto6/app.bsky.actor.profile/self,2025-05-02T06:30:43.935Z
9bd9b12e3a3d4b44a071124dbe0b97a0,2026-02-24T22:00:00Z,2026-02-24T22:13:19Z,auth,auth_enUS_labelerexp,at://did:plc:a4qjbo2wcuu2bxte5wcne2h4/app.bsky.feed.post/3mfn6iizr5c2k,bafyreidtp34exicxhu7voxhiwzr4gaycm3qjkshtxgzjaluhh4gfk5ncy4,did:plc:uac6er53o2pvr5y2qmvaf7hw,telegram-link,,at://did:plc:a4qjbo2wcuu2bxte5wcne2h4/app.bsky.actor.profile/self,2025-05-26T23:42:37.839Z
9bd9b12e3a3d4b44a071124dbe0b97a0,2026-02-24T22:00:00Z,2026-02-24T22:13:19Z,auth,auth_enUS_labelerexp,at://did:plc:x2hk2yl64zbqqxpsgexudqvs/app.bsky.feed.post/3mfn6hbbztc2b,bafyreiankuyed5nfq3rbkaolmvv5fqs26vghd5kyhh4ymbhhvxc5ys3scq,did:plc:x2hk2yl64zbqqxpsgexudqvs,!no-unauthenticated,,at://did:plc:x2hk2yl64zbqqxpsgexudqvs/app.bsky.actor.profile/self,1970-01-01T00:00:00.000Z
9bd9b12e3a3d4b44a071124dbe0b97a0,2026-02-24T22:00:00Z,2026-02-24T22:13:19Z,auth,auth_enUS_labelerexp,at://did:plc:khzhsxyno2vbx7ty6r5wsg67/app.bsky.feed.post/3mfn6gmayps23,bafyreif6ngqytrzfvdufrb66h5qqiasxwrlju4ibfuexlomkzs57so5hda,did:plc:l624mewisyr6hymexmrjkprc,influencer,,did:plc:khzhsxyno2vbx7ty6r5wsg67,2024-10-20T17:45:30.586Z
9bd9b12e3a3d4b44a071124dbe0b97a0,2026-02-24T22:00:00Z,2026-02-24T22:13:19Z,auth,auth_enUS_labelerexp,at://did:plc:khzhsxyno2vbx7ty6r5wsg67/app.bsky.feed.post/3mfn6gmayps23,bafyreif6ngqytrzfvdufrb66h5qqiasxwrlju4ibfuexlomkzs57so5hda,did:plc:l624mewisyr6hymexmrjkprc,l-game-reviewer,,did:plc:khzhsxyno2vbx7ty6r5wsg67,2024-10-20T17:45:30.591Z
9bd9b12e3a3d4b44a071124dbe0b97a0,2026-02-24T22:00:00Z,2026-02-24T22:13:19Z,auth,auth_enUS_labelerexp,at://did:plc:aibahudekcj2b2y53645nmyi/app.bsky.feed.post/3mfn6glxqt226,bafyreic53yzo2ngeemqcmwyekmskcsyxkbelkrfroy4zwwaijl5fykgywq,did:plc:aibahudekcj2b2y53645nmyi,!no-unauthenticated,,at://did:plc:aibahudekcj2b2y53645nmyi/app.bsky.actor.profile/self,1970-01-01T00:00:00.000Z
9bd9b12e3a3d4b44a071124dbe0b97a0,2026-02-24T22:00:00Z,2026-02-24T22:13:19Z,auth,auth_enUS_labelerexp,at://did:plc:ocjw233k52wmflxfxlgjeaor/app.bsky.feed.post/3mfn6flib5k2h,bafyreiabdwv7e23ijr4a2bnt4dmhkrcgtxdko47yq4l7vbxvfhl72vtf7y,did:plc:uac6er53o2pvr5y2qmvaf7hw,high-total-facet-count,,at://did:plc:ocjw233k52wmflxfxlgjeaor/app.bsky.feed.post/3mfn6flib5k2h,2026-02-24T22:05:53.450Z
9bd9b12e3a3d4b44a071124dbe0b97a0,2026-02-24T22:00:00Z,2026-02-24T22:13:19Z,auth,auth_enUS_labelerexp,at://did:plc:ocjw233k52wmflxfxlgjeaor/app.bsky.feed.post/3mfn6flib5k2h,bafyreiabdwv7e23ijr4a2bnt4dmhkrcgtxdko47yq4l7vbxvfhl72vtf7y,did:plc:uac6er53o2pvr5y2qmvaf7hw,meta-link,,at://did:plc:ocjw233k52wmflxfxlgjeaor/app.bsky.actor.profile/self,2025-10-08T20:26:01.938Z
9bd9b12e3a3d4b44a071124dbe0b97a0,2026-02-24T22:00:00Z,2026-02-24T22:13:19Z,auth,auth_enUS_labelerexp,at://did:plc:m5dlq7dbfuvff6yr7aupgxhi/app.bsky.feed.post/3mfn6fbenok2v,bafyreiduzvhsjjqynsqfjmockzpiactrobyycbrye3cb7jo7m4paidd2li,did:plc:m5dlq7dbfuvff6yr7aupgxhi,!no-unauthenticated,,at://did:plc:m5dlq7dbfuvff6yr7aupgxhi/app.bsky.actor.profile/self,1970-01-01T00:00:00.000Z
9bd9b12e3a3d4b44a071124dbe0b97a0,2026-02-24T22:00:00Z,2026-02-24T22:13:19Z,auth,auth_enUS_labelerexp,at://did:plc:ivf2g6fn6iee3i4ndes2rjaj/app.bsky.feed.post/3mfn6eoirhk2e,bafyreibojpnasviw2cpshnkw34silwben5ksc6f6z7gfib3u2nyoe7aina,did:plc:ivf2g6fn6iee3i4ndes2rjaj,!no-unauthenticated,,at://did:plc:ivf2g6fn6iee3i4ndes2rjaj/app.bsky.actor.profile/self,1970-01-01T00:00:00.000Z
9bd9b12e3a3d4b44a071124dbe0b97a0,2026-02-24T22:00:00Z,2026-02-24T22:13:19Z,auth,auth_enUS_labelerexp,at://did:plc:54nnvxm2pilyzclz5k24otoq/app.bsky.feed.post/3mfn6c2js2s2w,bafyreifpnhbsfvblwueoqcqhhgikgzjzd3psq7kcgob2637unrf6c4pzzi,did:plc:l624mewisyr6hymexmrjkprc,streamer,,did:plc:54nnvxm2pilyzclz5k24otoq,2025-01-11T03:25:30.385Z
9bd9b12e3a3d4b44a071124dbe0b97a0,2026-02-24T22:00:00Z,2026-02-24T22:13:19Z,auth,auth_enUS_labelerexp,at://did:plc:54nnvxm2pilyzclz5k24otoq/app.bsky.feed.post/3mfn6c2js2s2w,bafyreifpnhbsfvblwueoqcqhhgikgzjzd3psq7kcgob2637unrf6c4pzzi,did:plc:l624mewisyr6hymexmrjkprc,voiceactor,,did:plc:54nnvxm2pilyzclz5k24otoq,2025-01-11T13:18:32.304Z
9bd9b12e3a3d4b44a071124dbe0b97a0,2026-02-24T22:00:00Z,2026-02-24T22:13:19Z,auth,auth_enUS_labelerexp,at://did:plc:5oxbv5qtfc6njclzvenkobne/app.bsky.feed.post/3mfn6a6bsqs2k,bafyreifgaezmp2ori4os3g3l7dqn5acwibv4vmj3sqjgughj5z6mghq76u,did:plc:l624mewisyr6hymexmrjkprc,artistdesigner,,did:plc:5oxbv5qtfc6njclzvenkobne,2024-10-21T03:42:29.167Z
9bd9b12e3a3d4b44a071124dbe0b97a0,2026-02-24T22:00:00Z,2026-02-24T22:13:19Z,auth,auth_enUS_labelerexp,at://did:plc:27avqzfjimmjvmka6pt53jmd/app.bsky.feed.post/3mfn65ger6c25,bafyreie2fg2xebbqbtgj5de7pt5f4xnm6pa7q57igvejdsitecijfwv4om,did:plc:27avqzfjimmjvmka6pt53jmd,!no-unauthenticated,,at://did:plc:27avqzfjimmjvmka6pt53jmd/app.bsky.actor.profile/self,1970-01-01T00:00:00.000Z
9bd9b12e3a3d4b44a071124dbe0b97a0,2026-02-24T22:00:00Z,2026-02-24T22:13:27Z,auth,auth_enUS_labelerexp,at://did:plc:7r5rpeizkv7g7bugww72hghb/app.bsky.feed.post/3mfn6szq6fc2u,bafyreihsrdaqzu4s7joh5qlfwmlud5c3mlaatv6cfr6kn4k6ry2b3hpzoe,did:plc:7r5rpeizkv7g7bugww72hghb,!no-unauthenticated,,at://did:plc:7r5rpeizkv7g7bugww72hghb/app.bsky.actor.profile/self,2024-11-22T04:05:36.351Z
9bd9b12e3a3d4b44a071124dbe0b97a0,2026-02-24T22:00:00Z,2026-02-24T22:13:27Z,auth,auth_enUS_labelerexp,at://did:plc:o3ur3sj7d2emvfhs54k2ifoi/app.bsky.feed.post/3mfn6sw7sos2a,bafyreiathkyed5rsb6ktbgl7xz254mdtkugquxgicbegcepykrlpvfmfxa,did:plc:o3ur3sj7d2emvfhs54k2ifoi,!no-unauthenticated,,at://did:plc:o3ur3sj7d2emvfhs54k2ifoi/app.bsky.actor.profile/self,2024-05-21T08:12:48.707Z
9bd9b12e3a3d4b44a071124dbe0b97a0,2026-02-24T22:00:00Z,2026-02-24T22:13:27Z,auth,auth_enUS_labelerexp,at://did:plc:a3ls5giu467zlydjiewkdew4/app.bsky.feed.post/3mfn6sqi7os2g,bafyreidossyg7jmhltnjdyfj262ih4zaj26gpyqaipnk5urzczudhj6dua,did:plc:a3ls5giu467zlydjiewkdew4,!no-unauthenticated,,at://did:plc:a3ls5giu467zlydjiewkdew4/app.bsky.actor.profile/self,1970-01-01T00:00:00.000Z
9bd9b12e3a3d4b44a071124dbe0b97a0,2026-02-24T22:00:00Z,2026-02-24T22:13:27Z,auth,auth_enUS_labelerexp,at://did:plc:62hkiencsyv36bgkrvk5eylz/app.bsky.feed.post/3mfn6sbxfo22k,bafyreidwoer7sdsaokushmcp3xlanpyq6wewpxmv2bqdr344qn3wlj24uy,did:plc:62hkiencsyv36bgkrvk5eylz,!no-unauthenticated,,at://did:plc:62hkiencsyv36bgkrvk5eylz/app.bsky.actor.profile/self,1970-01-01T00:00:00.000Z
9bd9b12e3a3d4b44a071124dbe0b97a0,2026-02-24T22:00:00Z,2026-02-24T22:13:27Z,auth,auth_enUS_labelerexp,at://did:plc:hsfzdq3icftr7vdp4d7krv4t/app.bsky.feed.post/3mfn6s66jis2h,bafyreid46vsw6gdzqmldesoep7uz5fy5ji635mevrdalc3g7qgi5fx2ek4,did:plc:hsfzdq3icftr7vdp4d7krv4t,!no-unauthenticated,,at://did:plc:hsfzdq3icftr7vdp4d7krv4t/app.bsky.actor.profile/self,1970-01-01T00:00:00.000Z
9bd9b12e3a3d4b44a071124dbe0b97a0,2026-02-24T22:00:00Z,2026-02-24T22:13:27Z,auth,auth_enUS_labelerexp,at://did:plc:uh4jwa2gfkxbkpxmt62kxrcz/app.bsky.feed.post/3mfn6s5xpq22z,bafyreihfecy7ufmpofczvo3hnw2byikj4kbctougvgkpghb26o6zxmpfze,did:plc:uh4jwa2gfkxbkpxmt62kxrcz,!no-unauthenticated,,at://did:plc:uh4jwa2gfkxbkpxmt62kxrcz/app.bsky.actor.profile/self,1970-01-01T00:00:00.000Z
9bd9b12e3a3d4b44a071124dbe0b97a0,2026-02-24T22:00:00Z,2026-02-24T22:13:27Z,auth,auth_enUS_labelerexp,at://did:plc:5t3z7zuo2rbw4xhzyre2wclw/app.bsky.feed.post/3mfn6rszknk27,bafyreigi3the2vacakijzkhffhlvabpnunji3ucdfoew6kjrigl7flr3mq,did:plc:5t3z7zuo2rbw4xhzyre2wclw,!no-unauthenticated,,at://did:plc:5t3z7zuo2rbw4xhzyre2wclw/app.bsky.actor.profile/self,1970-01-01T00:00:00.000Z
9bd9b12e3a3d4b44a071124dbe0b97a0,2026-02-24T22:00:00Z,2026-02-24T22:13:27Z,auth,auth_enUS_labelerexp,at://did:plc:mvxh7vxrntuwm4abiif6i3dj/app.bsky.feed.post/3mfn6rfezvk2a,bafyreicgu4ucpwh66ar67psz2sdyibquyn2qlcg2hm7p7pqpqto7kuhrdu,did:plc:mvxh7vxrntuwm4abiif6i3dj,!no-unauthenticated,,at://did:plc:mvxh7vxrntuwm4abiif6i3dj/app.bsky.actor.profile/self,2024-11-16T13:52:50.701Z
9bd9b12e3a3d4b44a071124dbe0b97a0,2026-02-24T22:00:00Z,2026-02-24T22:13:27Z,auth,auth_enUS_labelerexp,at://did:plc:h4jvnq3e4z4e6but5usjxa6h/app.bsky.feed.post/3mfn6qpgy3c2n,bafyreihr6ilnefpo4l2xt5r6gk3tobux4w6sjy7u7k7hzdhwnvmc4m5dbu,did:plc:h4jvnq3e4z4e6but5usjxa6h,!no-unauthenticated,,at://did:plc:h4jvnq3e4z4e6but5usjxa6h/app.bsky.actor.profile/self,2024-11-14T18:10:43.954Z
9bd9b12e3a3d4b44a071124dbe0b97a0,2026-02-24T22:00:00Z,2026-02-24T22:13:27Z,auth,auth_enUS_labelerexp,at://did:plc:tne4x6uotoief6t5cildh75l/app.bsky.feed.post/3mfn6qozmds2y,bafyreid2ajirji23iqdouvbbpsw6dmvddk2ymimkrge73szmvc7jg4xusm,did:plc:tne4x6uotoief6t5cildh75l,!no-unauthenticated,,at://did:plc:tne4x6uotoief6t5cildh75l/app.bsky.actor.profile/self,1970-01-01T00:00:00.000Z
9bd9b12e3a3d4b44a071124dbe0b97a0,2026-02-24T22:00:00Z,2026-02-24T22:13:27Z,auth,auth_enUS_labelerexp,at://did:plc:uh4jwa2gfkxbkpxmt62kxrcz/app.bsky.feed.post/3mfn6pzmbok2z,bafyreiavgkbwvdrax42x5ahq3l6vwyaeqzyt66u7ke5reri6gray5en6fq,did:plc:uh4jwa2gfkxbkpxmt62kxrcz,!no-unauthenticated,,at://did:plc:uh4jwa2gfkxbkpxmt62kxrcz/app.bsky.actor.profile/self,1970-01-01T00:00:00.000Z
9bd9b12e3a3d4b44a071124dbe0b97a0,2026-02-24T22:00:00Z,2026-02-24T22:13:27Z,auth,auth_enUS_labelerexp,at://did:plc:yg6fc6dynvteiik3a2ppvyl7/app.bsky.feed.post/3mfn6pkpjt22o,bafyreide3ufpi6nvj76pvt75pujik2bgebbth7slt5p4znjres4nbbvm5a,did:plc:ar7c4by46qjdydhdevvrndac,rude,,did:plc:yg6fc6dynvteiik3a2ppvyl7,2025-12-02T06:02:37.404Z
9bd9b12e3a3d4b44a071124dbe0b97a0,2026-02-24T22:00:00Z,2026-02-24T22:13:27Z,auth,auth_enUS_labelerexp,at://did:plc:keqptkxa4lyocrtiuasmkzlh/app.bsky.feed.post/3mfn6piz5lk23,bafyreiguckqsdjv7uvc2m3gjnwvm5jwmc5hzrgjh7qkkgkeyrqob6yuskm,did:plc:keqptkxa4lyocrtiuasmkzlh,!no-unauthenticated,,at://did:plc:keqptkxa4lyocrtiuasmkzlh/app.bsky.actor.profile/self,2024-11-07T04:13:16.900Z
9bd9b12e3a3d4b44a071124dbe0b97a0,2026-02-24T22:00:00Z,2026-02-24T22:13:27Z,auth,auth_enUS_labelerexp,at://did:plc:tmkxvhg7fsbe2hbmpawujhrr/app.bsky.feed.post/3mfn6ottizc2k,bafyreid25fxq7zu3bnmqixihmkhleqvoblxxrpgwdykd226sdrxpwpggbq,did:plc:tmkxvhg7fsbe2hbmpawujhrr,!no-unauthenticated,,at://did:plc:tmkxvhg7fsbe2hbmpawujhrr/app.bsky.actor.profile/self,2024-11-15T22:10:06.107Z
9bd9b12e3a3d4b44a071124dbe0b97a0,2026-02-24T22:00:00Z,2026-02-24T22:13:27Z,auth,auth_enUS_labelerexp,at://did:plc:nxj47c5vv5isxgndvdq2yfnm/app.bsky.feed.post/3mfn6ontw5s2p,bafyreifindofkyjcvn52ilx2rmuqlawhuvdhm5feo2ro24w5xmrffoucrq,did:plc:nxj47c5vv5isxgndvdq2yfnm,!no-unauthenticated,,at://did:plc:nxj47c5vv5isxgndvdq2yfnm/app.bsky.actor.profile/self,2024-11-09T09:40:04.152Z
9bd9b12e3a3d4b44a071124dbe0b97a0,2026-02-24T22:00:00Z,2026-02-24T22:13:27Z,auth,auth_enUS_labelerexp,at://did:plc:26t2me6brgrdzuvb7drcoil5/app.bsky.feed.post/3mfn6oiy7qc2y,bafyreidu6etq3q2vpzq2y3a6vki46qg3jtp2aaw5ve7eye3cg3p2tytjny,did:plc:26t2me6brgrdzuvb7drcoil5,!no-unauthenticated,,at://did:plc:26t2me6brgrdzuvb7drcoil5/app.bsky.actor.profile/self,1970-01-01T00:00:00.000Z
9bd9b12e3a3d4b44a071124dbe0b97a0,2026-02-24T22:00:00Z,2026-02-24T22:13:27Z,auth,auth_enUS_labelerexp,at://did:plc:ke4hki3el2vwoyrlgyaicr6c/app.bsky.feed.post/3mfn6oeww222g,bafyreicfa2qxr6hl4rnet6rgdyodfeiyevw2fj32xuy7iwuzziyl5bg46e,did:plc:uac6er53o2pvr5y2qmvaf7hw,violent,,did:plc:ke4hki3el2vwoyrlgyaicr6c,2024-12-30T22:46:00.215Z
9bd9b12e3a3d4b44a071124dbe0b97a0,2026-02-24T22:00:00Z,2026-02-24T22:13:27Z,auth,auth_enUS_labelerexp,at://did:plc:ke4hki3el2vwoyrlgyaicr6c/app.bsky.feed.post/3mfn6oeww222g,bafyreicfa2qxr6hl4rnet6rgdyodfeiyevw2fj32xuy7iwuzziyl5bg46e,did:plc:ke4hki3el2vwoyrlgyaicr6c,!no-unauthenticated,,at://did:plc:ke4hki3el2vwoyrlgyaicr6c/app.bsky.actor.profile/self,1970-01-01T00:00:00.000Z
9bd9b12e3a3d4b44a071124dbe0b97a0,2026-02-24T22:00:00Z,2026-02-24T22:13:27Z,auth,auth_enUS_labelerexp,at://did:plc:f5nm5ir4hmijoaajy5vrotko/app.bsky.feed.post/3mfn6odcad626,bafyreig2xowkl7qlcrk2mcivhygcgzw55ltd7tg7h2buo3rtof7ov5p52y,did:plc:l624mewisyr6hymexmrjkprc,artistdesigner,,did:plc:f5nm5ir4hmijoaajy5vrotko,2025-11-07T05:20:49.522Z
9bd9b12e3a3d4b44a071124dbe0b97a0,2026-02-24T22:00:00Z,2026-02-24T22:13:27Z,auth,auth_enUS_labelerexp,at://did:plc:4oc32xqdv2zvhjdxyagav4ij/app.bsky.feed.post/3mfn6nyn7fs2i,bafyreid2zroy35o345acmyafskqescq4z6w7ohgsenhcx4rtfjwwnazdd4,did:plc:4oc32xqdv2zvhjdxyagav4ij,!no-unauthenticated,,at://did:plc:4oc32xqdv2zvhjdxyagav4ij/app.bsky.actor.profile/self,2024-11-12T13:41:35.502Z
9bd9b12e3a3d4b44a071124dbe0b97a0,2026-02-24T22:00:00Z,2026-02-24T22:13:27Z,auth,auth_enUS_labelerexp,at://did:plc:dgr553q25lwvfjm44klq24f3/app.bsky.feed.post/3mfn6mxfyx22h,bafyreidwsz775noefwkw6udlpcf4selkpsqx4jcdl4ctrgyyk4oy3pbw5e,did:plc:uac6er53o2pvr5y2qmvaf7hw,abusive,,did:plc:dgr553q25lwvfjm44klq24f3,2025-03-14T12:39:24.978Z
9bd9b12e3a3d4b44a071124dbe0b97a0,2026-02-24T22:00:00Z,2026-02-24T22:13:27Z,auth,auth_enUS_labelerexp,at://did:plc:dgr553q25lwvfjm44klq24f3/app.bsky.feed.post/3mfn6mxfyx22h,bafyreidwsz775noefwkw6udlpcf4selkpsqx4jcdl4ctrgyyk4oy3pbw5e,did:plc:uac6er53o2pvr5y2qmvaf7hw,disruptive,,did:plc:dgr553q25lwvfjm44klq24f3,2025-03-14T12:39:24.978Z
9bd9b12e3a3d4b44a071124dbe0b97a0,2026-02-24T22:00:00Z,2026-02-24T22:13:27Z,auth,auth_enUS_labelerexp,at://did:plc:dgr553q25lwvfjm44klq24f3/app.bsky.feed.post/3mfn6mxfyx22h,bafyreidwsz775noefwkw6udlpcf4selkpsqx4jcdl4ctrgyyk4oy3pbw5e,did:plc:dgr553q25lwvfjm44klq24f3,!no-unauthenticated,,at://did:plc:dgr553q25lwvfjm44klq24f3/app.bsky.actor.profile/self,1970-01-01T00:00:00.000Z
9bd9b12e3a3d4b44a071124dbe0b97a0,2026-02-24T22:00:00Z,2026-02-24T22:13:27Z,auth,auth_enUS_labelerexp,at://did:plc:uh4jwa2gfkxbkpxmt62kxrcz/app.bsky.feed.post/3mfn6mju55s2z,bafyreiddwxsuqwi6ueyu2ukolx5jn2fpsergv36ylxhffh7a7iztmyesre,did:plc:uh4jwa2gfkxbkpxmt62kxrcz,!no-unauthenticated,,at://did:plc:uh4jwa2gfkxbkpxmt62kxrcz/app.bsky.actor.profile/self,1970-01-01T00:00:00.000Z
9bd9b12e3a3d4b44a071124dbe0b97a0,2026-02-24T22:00:00Z,2026-02-24T22:13:27Z,auth,auth_enUS_labelerexp,at://did:plc:3tgwsfqw54qqnwhwnrh4e6c2/app.bsky.feed.post/3mfn6m7pz3k22,bafyreie74o7fuetav5zlujghlricnvkhnjxvmed7q4whsy4uvfqvzfa2z4,did:plc:3tgwsfqw54qqnwhwnrh4e6c2,!no-unauthenticated,,at://did:plc:3tgwsfqw54qqnwhwnrh4e6c2/app.bsky.actor.profile/self,1970-01-01T00:00:00.000Z
9bd9b12e3a3d4b44a071124dbe0b97a0,2026-02-24T22:00:00Z,2026-02-24T22:13:29Z,auth,auth_enUS_labelerexp,at://did:plc:dssz4uoayjcte525oto6f7ai/app.bsky.feed.post/3mfmu46xxpc2w,bafyreiazb5hlrszn2dnqxw7ur6j6senjwfldrg6e2ym7sx7ratpvxwrkd4,did:plc:dssz4uoayjcte525oto6f7ai,!no-unauthenticated,,at://did:plc:dssz4uoayjcte525oto6f7ai/app.bsky.actor.profile/self,2024-11-20T16:05:27.778Z
9bd9b12e3a3d4b44a071124dbe0b97a0,2026-02-24T22:00:00Z,2026-02-24T22:13:29Z,auth,auth_enUS_labelerexp,at://did:plc:xyiq2dovrcbtuqitsxrb7xgh/app.bsky.feed.post/3mfmkl5xals2x,bafyreieqpirwohbqwbhli55jmg43plxfaf5wmbwigibiudcppxneab2die,did:plc:uac6er53o2pvr5y2qmvaf7hw,meta-link,,at://did:plc:xyiq2dovrcbtuqitsxrb7xgh/app.bsky.feed.post/3mfmkl5xals2x,2026-02-24T16:11:04.203Z
9bd9b12e3a3d4b44a071124dbe0b97a0,2026-02-24T22:00:00Z,2026-02-24T22:13:31Z,auth,auth_enUS_labelerexp,at://did:plc:22omqlewqq66fnzo6ltdgdpn/app.bsky.feed.post/3mfm5r4bmvc2b,bafyreict6gc3thlrmytth4lmmxkksk5yigylmz3cmuawz7shnt3m76ykae,did:plc:22omqlewqq66fnzo6ltdgdpn,!no-unauthenticated,,at://did:plc:22omqlewqq66fnzo6ltdgdpn/app.bsky.actor.profile/self,2025-01-23T16:06:24.261Z
9bd9b12e3a3d4b44a071124dbe0b97a0,2026-02-24T22:00:00Z,2026-02-24T22:13:31Z,auth,auth_enUS_labelerexp,at://did:plc:wtoczqhvztt6sfcsowigw75e/app.bsky.feed.post/3mfn3ynlwh22p,bafyreifezsbxdadlogs7flqdiopwwsmgoozg3ys3jo4dnr5yyahm3qy7n4,did:plc:wtoczqhvztt6sfcsowigw75e,!no-unauthenticated,,at://did:plc:wtoczqhvztt6sfcsowigw75e/app.bsky.actor.profile/self,1970-01-01T00:00:00.000Z
9bd9b12e3a3d4b44a071124dbe0b97a0,2026-02-24T22:00:00Z,2026-02-24T22:13:31Z,auth,auth_enUS_labelerexp,at://did:plc:22xtuu5faewtaogokkixewuj/app.bsky.feed.post/3mfmdqbim5c2m,bafyreicxhbwxs2tbicimgs3dyt6mjo2ryhgop6np6lprwk2rkw3cazooae,did:plc:22xtuu5faewtaogokkixewuj,!no-unauthenticated,,at://did:plc:22xtuu5faewtaogokkixewuj/app.bsky.actor.profile/self,1970-01-01T00:00:00.000Z
9bd9b12e3a3d4b44a071124dbe0b97a0,2026-02-24T22:00:00Z,2026-02-24T22:13:31Z,auth,auth_enUS_labelerexp,at://did:plc:24ifz3k2fj2akzmyzwbxmjsh/app.bsky.feed.post/3mfmksbxj2s2m,bafyreib6aftx5opqxs5a66ijbtjl3kn75e4fhbte7t2yxxzlcto5t7tsti,did:plc:24ifz3k2fj2akzmyzwbxmjsh,!no-unauthenticated,,at://did:plc:24ifz3k2fj2akzmyzwbxmjsh/app.bsky.actor.profile/self,1970-01-01T00:00:00.000Z
9bd9b12e3a3d4b44a071124dbe0b97a0,2026-02-24T22:00:00Z,2026-02-24T22:13:31Z,auth,auth_enUS_labelerexp,at://did:plc:23wjsvypl7adzladmsjzribh/app.bsky.feed.post/3mfn3byowqc2f,bafyreifafnj3f4rlhn34kqobnqici3apvsq3vrwqh6m4nlkqo3o7bg45ma,did:plc:23wjsvypl7adzladmsjzribh,!no-unauthenticated,,at://did:plc:23wjsvypl7adzladmsjzribh/app.bsky.actor.profile/self,1970-01-01T00:00:00.000Z
9bd9b12e3a3d4b44a071124dbe0b97a0,2026-02-24T22:00:00Z,2026-02-24T22:13:31Z,auth,auth_enUS_labelerexp,at://did:plc:233vxz7hv2et3d5iu6eh2iaw/app.bsky.feed.post/3mfk2sfbilk2d,bafyreicfh6griibwqq4jef7yovapfd3v5nopmmehrnhdhn2ptxbtisbxne,did:plc:233vxz7hv2et3d5iu6eh2iaw,!no-unauthenticated,,at://did:plc:233vxz7hv2et3d5iu6eh2iaw/app.bsky.actor.profile/self,2024-10-18T20:55:06.676Z
9bd9b12e3a3d4b44a071124dbe0b97a0,2026-02-24T22:00:00Z,2026-02-24T22:13:31Z,auth,auth_enUS_labelerexp,at://did:plc:c5dlnddtmwsod3atr5l7swjn/app.bsky.feed.post/3mfn2ibftrc2n,bafyreidw7ox3p7bnzi54lsslq4gdsrcltu2tyrzattcdmny4ilw5yejfci,did:plc:l624mewisyr6hymexmrjkprc,voiceactor,,did:plc:c5dlnddtmwsod3atr5l7swjn,2025-04-27T16:03:52.493Z
9bd9b12e3a3d4b44a071124dbe0b97a0,2026-02-24T22:00:00Z,2026-02-24T22:13:31Z,auth,auth_enUS_labelerexp,at://did:plc:22q23ofx54ekzug5tlns2v36/app.bsky.feed.post/3mfmlhxejvc2l,bafyreie45i7lrj4voiqwomgfpxpayjcynepdwmtloiq4zk3qwnmk2e3oxm,did:plc:22q23ofx54ekzug5tlns2v36,!no-unauthenticated,,at://did:plc:22q23ofx54ekzug5tlns2v36/app.bsky.actor.profile/self,1970-01-01T00:00:00.000Z
9bd9b12e3a3d4b44a071124dbe0b97a0,2026-02-24T22:00:00Z,2026-02-24T22:13:31Z,auth,auth_enUS_labelerexp,at://did:plc:bono5gae7m6r3qpfxomshwbd/app.bsky.feed.post/3mfmzdunto224,bafyreiahf45dp7at6o5jny7xnfwm7zwpxt3745mfzukfb4ykhf7ho5xxhi,did:plc:uac6er53o2pvr5y2qmvaf7hw,suspect-citation,,at://did:plc:bono5gae7m6r3qpfxomshwbd/app.bsky.feed.post/3mfmzdunto224,2026-02-24T20:35:24.781Z
9bd9b12e3a3d4b44a071124dbe0b97a0,2026-02-24T22:00:00Z,2026-02-24T22:13:31Z,auth,auth_enUS_labelerexp,at://did:plc:24dvnnvkldc55nsgtrmb7gkr/app.bsky.feed.post/3mfkwlfdg2s2k,bafyreicqpiqszwynguwg3slefh6igndr672rdeu2majzxnwynif44kzwma,did:plc:24dvnnvkldc55nsgtrmb7gkr,!no-unauthenticated,,at://did:plc:24dvnnvkldc55nsgtrmb7gkr/app.bsky.actor.profile/self,1970-01-01T00:00:00.000Z
9bd9b12e3a3d4b44a071124dbe0b97a0,2026-02-24T22:00:00Z,2026-02-24T22:13:31Z,auth,auth_enUS_labelerexp,at://did:plc:24pat5eit3v6ysfsy57h5sis/app.bsky.feed.post/3mfk7scyfm225,bafyreibeiedzzyzmwexxvtvea2wxko7x5eiijxdzqqhkrhq5yyqmy4wm24,did:plc:24pat5eit3v6ysfsy57h5sis,!no-unauthenticated,,at://did:plc:24pat5eit3v6ysfsy57h5sis/app.bsky.actor.profile/self,1970-01-01T00:00:00.000Z
9bd9b12e3a3d4b44a071124dbe0b97a0,2026-02-24T22:00:00Z,2026-02-24T22:13:31Z,auth,auth_enUS_labelerexp,at://did:plc:25twebikhpstayfnxu5crdif/app.bsky.feed.post/3mfmt7ntsrs2h,bafyreiebp5odt3lbjksf3a7hfvjaqny2tv2bmlu72vtcdnofqeddn3xlne,did:plc:25twebikhpstayfnxu5crdif,!no-unauthenticated,,at://did:plc:25twebikhpstayfnxu5crdif/app.bsky.actor.profile/self,1970-01-01T00:00:00.000Z
