run_id,snapshot_hour_utc,captured_at_utc,viewer_mode,vantage_id,feed_uri,bucket,post_uri,post_cid,author_did,author_handle,record_created_at,indexed_at,text
dea05c707d0b4dc0a8ab0934cbe123ec,2026-03-02T13:00:00Z,2026-03-02T13:21:48Z,auth,auth_enUS_labelerexp,at://did:plc:2hwwem55ce6djnk6bn62cstr/app.bsky.feed.generator/aaaotdzmoni2q,suggested_labelerexp,at://did:plc:pxhx4tpao66qf2xwup2zvgpi/app.bsky.feed.post/3mg3dqqmg2k2b,bafyreibumfdia6gb237pldvuejo4lsdhj7p6bumygoyoskj24jtvf3itn4,did:plc:pxhx4tpao66qf2xwup2zvgpi,karenblackpilled.bsky.social,2026-03-02T13:18:49.258Z,2026-03-02T13:18:49.757Z,"I did not know the SAG awards changed their name to the actor awards, which sounds like what they would have called the Oscars in the world of The Substance"
dea05c707d0b4dc0a8ab0934cbe123ec,2026-03-02T13:00:00Z,2026-03-02T13:21:48Z,auth,auth_enUS_labelerexp,at://did:plc:2hwwem55ce6djnk6bn62cstr/app.bsky.feed.generator/aaaotdzmoni2q,suggested_labelerexp,at://did:plc:negjpcmxdwpymtsigyalcy7w/app.bsky.feed.post/3mg3dpgyfzs2h,bafyreihxnkx23l44t6wbufjwlbqt4ztyrdz4rdvosyljeteumbfjt5hppu,did:plc:negjpcmxdwpymtsigyalcy7w,shawnvanhorn.bsky.social,2026-03-02T13:18:05.609Z,2026-03-02T13:18:06.062Z,"My latest feature for Collider. This killer wasn't Ghostface, he was something much scarier: a satire about Republicans.

#horrorsky #horror #filmsky"
dea05c707d0b4dc0a8ab0934cbe123ec,2026-03-02T13:00:00Z,2026-03-02T13:21:48Z,auth,auth_enUS_labelerexp,at://did:plc:2hwwem55ce6djnk6bn62cstr/app.bsky.feed.generator/aaaotdzmoni2q,suggested_labelerexp,at://did:plc:rgnalxjg5ctvup36davbkr24/app.bsky.feed.post/3mg3digqmzs2v,bafyreieoid2spta5wd5cqzujvqkefdxljdh7tfll4jazsyv5jg7ns4dz4m,did:plc:rgnalxjg5ctvup36davbkr24,elenasquareeyes.bsky.social,2026-03-02T13:14:10.473Z,2026-03-02T13:14:14.154Z,Following Dan’s lead and here’s 2014 films I’ve rated 3 stars and above. Can’t comment on if some hold up as looking at this list there’s a lot I have no recollection of lol
dea05c707d0b4dc0a8ab0934cbe123ec,2026-03-02T13:00:00Z,2026-03-02T13:21:48Z,auth,auth_enUS_labelerexp,at://did:plc:2hwwem55ce6djnk6bn62cstr/app.bsky.feed.generator/aaaotdzmoni2q,suggested_labelerexp,at://did:plc:a6wmgedgcxknd336izpee2cj/app.bsky.feed.post/3mg3dgur5gs2p,bafyreic5u746d536e2rewti4ici2vyuuisxtrrk6evacrluidpfhyc4fpu,did:plc:a6wmgedgcxknd336izpee2cj,mikeyreed.bsky.social,2026-03-02T13:13:18.063Z,2026-03-02T13:13:20.349Z,"Subject of the film Woman In Gold (2015) with Helen Mirren.
www.nytimes.com/interactive/..."
dea05c707d0b4dc0a8ab0934cbe123ec,2026-03-02T13:00:00Z,2026-03-02T13:21:48Z,auth,auth_enUS_labelerexp,at://did:plc:2hwwem55ce6djnk6bn62cstr/app.bsky.feed.generator/aaaotdzmoni2q,suggested_labelerexp,at://did:plc:k5xyfczkxehjofzivb7ijr6d/app.bsky.feed.post/3mg3dgf6w3c2c,bafyreic7y2g4zt7p2elp5p2gasvqi3jxqhw2hs622n5wnvmlyngprk76xa,did:plc:k5xyfczkxehjofzivb7ijr6d,geekster-be.bsky.social,2026-03-02T13:13:01.737Z,2026-03-02T13:13:05.054Z,"Het is weer bijna tijd voor de Oscars. Kijk en luister hoe onze filmredactie hun favorietjes voor dit jaar presenteert. Over twee weken weten we of ze gelijk hadden!
www.geekster.be/2026/03/02/g..."
dea05c707d0b4dc0a8ab0934cbe123ec,2026-03-02T13:00:00Z,2026-03-02T13:21:48Z,auth,auth_enUS_labelerexp,at://did:plc:2hwwem55ce6djnk6bn62cstr/app.bsky.feed.generator/aaaotdzmoni2q,suggested_labelerexp,at://did:plc:6w7425hsc4mjjkte2mbsxdhw/app.bsky.feed.post/3mg3deqxe3m2j,bafyreicqi6ywrkyjfyakmuynpmice734pyzbdpyp6bm6vyc5wo4qsa7ddu,did:plc:6w7425hsc4mjjkte2mbsxdhw,uk-nb.bsky.social,2026-03-02T13:12:03+00:00,2026-03-02T13:12:07.749Z,"Actor Awards: Sinners shakes up Oscars race as Jessie Buckley remains undefeated | Ents & Arts News

https://www.newsbeep.com/uk/453607/

Sinners triumphed at this year’s Actor Awards, with the vampire horror winning best ensemble and best actor for…"
dea05c707d0b4dc0a8ab0934cbe123ec,2026-03-02T13:00:00Z,2026-03-02T13:21:48Z,auth,auth_enUS_labelerexp,at://did:plc:2hwwem55ce6djnk6bn62cstr/app.bsky.feed.generator/aaaotdzmoni2q,suggested_labelerexp,at://did:plc:3nqy2yamprhlkiiiei55nibz/app.bsky.feed.post/3mg3d43ymgc2e,bafyreifuwelhdr4erxtpagye2xp4kktg43hqimxpancuqyx7fgr5q5uvny,did:plc:3nqy2yamprhlkiiiei55nibz,moongolfer.com,2026-03-02T13:07:16.550Z,2026-03-02T13:07:31.453Z,I watched ‘Ace In The Hole’ again and it’s still as great as ever. boxd.it/dlZzgt #amwatching #film
dea05c707d0b4dc0a8ab0934cbe123ec,2026-03-02T13:00:00Z,2026-03-02T13:21:48Z,auth,auth_enUS_labelerexp,at://did:plc:2hwwem55ce6djnk6bn62cstr/app.bsky.feed.generator/aaaotdzmoni2q,suggested_labelerexp,at://did:plc:6w7425hsc4mjjkte2mbsxdhw/app.bsky.feed.post/3mg3d3ddwwo2m,bafyreifu2o2calpbfbzqxbv4mldslsqtulw7psgprxax6p5ab7xygeloiy,did:plc:6w7425hsc4mjjkte2mbsxdhw,uk-nb.bsky.social,2026-03-02T13:06:47+00:00,2026-03-02T13:06:51.356Z,"The Highs, Lows, and Whoas of the 2026 Actor Awards – Vulture

https://www.newsbeep.com/uk/453582/

The Highs, Lows, and Whoas of the 2026 Actor Awards  VultureMichael B Jordan upends Oscars race as Sinners wins…"
dea05c707d0b4dc0a8ab0934cbe123ec,2026-03-02T13:00:00Z,2026-03-02T13:21:48Z,auth,auth_enUS_labelerexp,at://did:plc:2hwwem55ce6djnk6bn62cstr/app.bsky.feed.generator/aaaotdzmoni2q,suggested_labelerexp,at://did:plc:oikqhylu54ltgxc235fsam46/app.bsky.feed.post/3mg3d23bqts2b,bafyreifhm6643rw6fcrhppi4ckxgrmipth3fismmb2f57ev6jxma5dsvxi,did:plc:oikqhylu54ltgxc235fsam46,daveporteruk.bsky.social,2026-03-02T13:06:08.687Z,2026-03-02T13:06:12.660Z,"#OscarsMonth
#filmsky #moviesky

Day 1 - B

Oscars, 2002

Winner:
Best Picture - Brian Grazer, Ron Howard
Best Actress in a Supporting Role - Jennifer Connelly
Best Director - Ron Howard
Best Writing, Screenplay based on Material Previously Produced or Published - Akiva Goldsman"
dea05c707d0b4dc0a8ab0934cbe123ec,2026-03-02T13:00:00Z,2026-03-02T13:21:48Z,auth,auth_enUS_labelerexp,at://did:plc:2hwwem55ce6djnk6bn62cstr/app.bsky.feed.generator/aaaotdzmoni2q,suggested_labelerexp,at://did:plc:eaue63xuh7mv55p7f73ow7jb/app.bsky.feed.post/3mg3cxcxpas27,bafyreihjnknvsiq3ojzzmerbllh4gxcjqiaofuo2b26rnjivnipukaqr4q,did:plc:eaue63xuh7mv55p7f73ow7jb,mikeofchampions.bsky.social,2026-03-02T13:04:36.082Z,2026-03-02T13:04:41.252Z,"#filmsky #letterboxd #moviechallenge 

Theme - Food Titles

Mystic Pizza (1988)
Cloudy With A Chance of Meatballs (2009)
The Breakfast Club (1985)
My Dinner With Andre (1981)"
dea05c707d0b4dc0a8ab0934cbe123ec,2026-03-02T13:00:00Z,2026-03-02T13:21:48Z,auth,auth_enUS_labelerexp,at://did:plc:2hwwem55ce6djnk6bn62cstr/app.bsky.feed.generator/aaaotdzmoni2q,suggested_labelerexp,at://did:plc:gztbwaqjrz3auk5ec5ww5mov/app.bsky.feed.post/3mg3cunbbgs2e,bafyreienh47vmjgq3vio3xytigzw7wu23u3opw7w6pp46sds2t5iu6timy,did:plc:gztbwaqjrz3auk5ec5ww5mov,mobiusstrip8.bsky.social,2026-03-02T13:03:06.193Z,2026-03-02T13:03:04.254Z,"The Shrinking Man |2025
www.imdb.com/title/tt32642156
#NowWatching #filmsky #horrormovies
·faced with a inexplicable meteorological phenomenon, a man begins to shrink, without explanation. suddenly trapped in his own basement, he has to fight to survive in an environment that has become hostile·"
dea05c707d0b4dc0a8ab0934cbe123ec,2026-03-02T13:00:00Z,2026-03-02T13:21:48Z,auth,auth_enUS_labelerexp,at://did:plc:2hwwem55ce6djnk6bn62cstr/app.bsky.feed.generator/aaaotdzmoni2q,suggested_labelerexp,at://did:plc:q3dyfuolfiahtnyrbjhef5ca/app.bsky.feed.post/3mg3cpl6r2y2h,bafyreifsndwtn672ru4zo5gmkku5xbqr7rjyeuz6nwnpw4xalfi3pdzdre,did:plc:q3dyfuolfiahtnyrbjhef5ca,peliculas.bsky.social,2026-03-02T13:00:16.195555+00:00,2026-03-02T13:00:16.456Z,"📽️ Badlands  (1973)

Dir: Terrence Malick
"
dea05c707d0b4dc0a8ab0934cbe123ec,2026-03-02T13:00:00Z,2026-03-02T13:21:48Z,auth,auth_enUS_labelerexp,at://did:plc:2hwwem55ce6djnk6bn62cstr/app.bsky.feed.generator/aaaotdzmoni2q,suggested_labelerexp,at://did:plc:hhbek5rgvwb3m37kpau4nniw/app.bsky.feed.post/3mg3cjqpofk2g,bafyreiglhqmv2nz5pfxkxz6rzwi2rmtvgwrdwnpyosgyboq3wbun5kil3q,did:plc:hhbek5rgvwb3m37kpau4nniw,moviesofthe80s.bsky.social,2026-03-02T12:57:00.738Z,2026-03-02T12:57:05.856Z,"Forgotten Movies of the 80s Continental Divide John Belushi's Most Surprising Performance. 
open.substack.com/pub/moviesof...
#MovieSky #FilmSky"
dea05c707d0b4dc0a8ab0934cbe123ec,2026-03-02T13:00:00Z,2026-03-02T13:21:48Z,auth,auth_enUS_labelerexp,at://did:plc:2hwwem55ce6djnk6bn62cstr/app.bsky.feed.generator/aaaotdzmoni2q,suggested_labelerexp,at://did:plc:pk2albt3ks76u7trsq7guo2g/app.bsky.feed.post/3mg3cg5isvs2n,bafyreidlg7osd2gfrlzh4smvtjxqriloxdt7px4i4i6ib6qum55vr24vwu,did:plc:pk2albt3ks76u7trsq7guo2g,coughlinbrett.bsky.social,2026-03-02T12:54:59.930Z,2026-03-02T12:55:01.354Z,"Kurt Russel as Snake Plissken, 
Escape From New York (1981)
Director: John Carpenter

#Filmsky"
dea05c707d0b4dc0a8ab0934cbe123ec,2026-03-02T13:00:00Z,2026-03-02T13:21:48Z,auth,auth_enUS_labelerexp,at://did:plc:2hwwem55ce6djnk6bn62cstr/app.bsky.feed.generator/aaaotdzmoni2q,suggested_labelerexp,at://did:plc:7gjpertldcf752otuh4h2g4d/app.bsky.feed.post/3mg3cdzwrec23,bafyreif77lystzvzgfakx3tfpopzesh3grbkamfjwbdnj4uc2zvt3vq2hm,did:plc:7gjpertldcf752otuh4h2g4d,clairem402.bsky.social,2026-03-02T12:53:49.085Z,2026-03-02T12:53:50.759Z,"#MarchMovieChallenge
#Moviesky
#Filmsky

Day 2 - Movie set or filmed in Texas

Giant"
dea05c707d0b4dc0a8ab0934cbe123ec,2026-03-02T13:00:00Z,2026-03-02T13:21:48Z,auth,auth_enUS_labelerexp,at://did:plc:2hwwem55ce6djnk6bn62cstr/app.bsky.feed.generator/aaaotdzmoni2q,suggested_labelerexp,at://did:plc:vfg5ssj7vz2zfz6bkff5pzp5/app.bsky.feed.post/3mg3ca4dsw22j,bafyreihcyj2um4sbjmxx3flnosig5ubbqotmydbvvenklgkvsf5fgxorbm,did:plc:vfg5ssj7vz2zfz6bkff5pzp5,christierney.bsky.social,2026-03-02T12:51:37.392Z,2026-03-02T12:51:40.758Z,"Having just watched this, I agree!

www.theguardian.com/film/2026/ma..."
dea05c707d0b4dc0a8ab0934cbe123ec,2026-03-02T13:00:00Z,2026-03-02T13:21:48Z,auth,auth_enUS_labelerexp,at://did:plc:2hwwem55ce6djnk6bn62cstr/app.bsky.feed.generator/aaaotdzmoni2q,suggested_labelerexp,at://did:plc:jiducmlejdii4fhktgwlfva3/app.bsky.feed.post/3mg3c7dn6n422,bafyreie5gat55o7ckc5anwjripc6r3hwujkurbjw2nuopt7zvsj3n3en4e,did:plc:jiducmlejdii4fhktgwlfva3,h24newsfr.bsky.social,2026-03-02T12:50:58.000Z,2026-03-02T12:51:12.055Z,"Un vent de succès souffle sur « Sinners » aux Actor Awards ! 🎉 Vers les Oscars, tous les regards sont tournés vers ce triomphe.
👉 https://www.h24.news/uxE"
dea05c707d0b4dc0a8ab0934cbe123ec,2026-03-02T13:00:00Z,2026-03-02T13:21:48Z,auth,auth_enUS_labelerexp,at://did:plc:2hwwem55ce6djnk6bn62cstr/app.bsky.feed.generator/aaaotdzmoni2q,suggested_labelerexp,at://did:plc:7ozkci4vxxpdd2zs47yk5mop/app.bsky.feed.post/3mg3c4ffi352s,bafyreihjzbdlrjycwudrnnjjwcvijx25trm6rtxgynrdnr2tqy4kfiawwm,did:plc:7ozkci4vxxpdd2zs47yk5mop,tommyberesford.bsky.social,2026-03-02T12:49:31Z,2026-03-02T12:49:32.854Z,"Actor Awards 2025/2026: Vencedores

Os ganhadores do Actor Awards, antigo Screen Actors Guild Awards, foram anunciados em cerimônia que aconteceu em 01.03.2026: OUTSTANDING PERFORMANCE BY A CAST IN A MOTION PICTURE - Pecadores OUTSTANDING PERFORMANCE BY A MALE ACTOR IN A LEADING ROLE - Michael B.…"
dea05c707d0b4dc0a8ab0934cbe123ec,2026-03-02T13:00:00Z,2026-03-02T13:21:48Z,auth,auth_enUS_labelerexp,at://did:plc:2hwwem55ce6djnk6bn62cstr/app.bsky.feed.generator/aaaotdzmoni2q,suggested_labelerexp,at://did:plc:r2rzn5ngyih6tpq3e2lujxiy/app.bsky.feed.post/3mg3c3bjcxs2t,bafyreif2zkdcc3fxk6awxkqeji4dd4sbtjdmf2zjducmvmjjzlivxlbrlu,did:plc:r2rzn5ngyih6tpq3e2lujxiy,itsdrtbag.bsky.social,2026-03-02T12:48:55.043Z,2026-03-02T12:48:55.650Z,"Did we all see The Matrix 4 then just quietly agree to never talk about it ever again? No memes, no references, nothing. It wouldn't surprise me if the Letterboxd page for it had no reviews or cast & crew information, just a blank thumbnail."
dea05c707d0b4dc0a8ab0934cbe123ec,2026-03-02T13:00:00Z,2026-03-02T13:21:48Z,auth,auth_enUS_labelerexp,at://did:plc:2hwwem55ce6djnk6bn62cstr/app.bsky.feed.generator/aaaotdzmoni2q,suggested_labelerexp,at://did:plc:bxyrx3gczu2brhp7q5y7gtio/app.bsky.feed.post/3mg3c2qvyzc25,bafyreign34tbuxp7wfi6e5tbz3umwn6jzsetwq3c4pu63scmk33sv76rkq,did:plc:bxyrx3gczu2brhp7q5y7gtio,judedoyle.bsky.social,2026-03-02T12:48:37.633Z,2026-03-02T12:39:18.561Z,"Lots of ""Persepolis"" recs on the TL, so I'm throwing in a recommendation for the under-seen ""Under the Shadow,"" an Iranian haunted-house movie about how (1) losing your rights as your government tilts hard right sure sucks! and (2) being in a war zone sure doesn't help! www.imdb.com/title/tt4273..."
dea05c707d0b4dc0a8ab0934cbe123ec,2026-03-02T13:00:00Z,2026-03-02T13:21:48Z,auth,auth_enUS_labelerexp,at://did:plc:2hwwem55ce6djnk6bn62cstr/app.bsky.feed.generator/aaaotdzmoni2q,suggested_labelerexp,at://did:plc:eoxcthogj2fhzvhuo3prsau5/app.bsky.feed.post/3mg3c2kcmek2f,bafyreifjcod6djg4skv42z7fqu6tmgxx6alut5lkw3u6iyn6wdqiretfwy,did:plc:eoxcthogj2fhzvhuo3prsau5,deliaisnthappy.bsky.social,2026-03-02T12:48:30.705Z,2026-03-02T12:48:31.154Z,"Trader Horn - another one of Larry's ancient movie buff references. (I know there was a VERY CHEAP Rod Taylor remake in the 70s that I saw on TV long ago on TG4 but...)
God, Imagine his letterboxd."
dea05c707d0b4dc0a8ab0934cbe123ec,2026-03-02T13:00:00Z,2026-03-02T13:21:48Z,auth,auth_enUS_labelerexp,at://did:plc:2hwwem55ce6djnk6bn62cstr/app.bsky.feed.generator/aaaotdzmoni2q,suggested_labelerexp,at://did:plc:gudaflztwlufiqgolrp4jjab/app.bsky.feed.post/3mg3bvmmvi224,bafyreianxgwa5ovtnhnbp5b7qd2vi6l2lrllh6fgnvy4li2mtx3fcgq57a,did:plc:gudaflztwlufiqgolrp4jjab,natty4bumpo.bsky.social,2026-03-02T12:45:45.368Z,2026-03-02T12:45:46.250Z,www.theguardian.com/film/2026/ma...
dea05c707d0b4dc0a8ab0934cbe123ec,2026-03-02T13:00:00Z,2026-03-02T13:21:48Z,auth,auth_enUS_labelerexp,at://did:plc:2hwwem55ce6djnk6bn62cstr/app.bsky.feed.generator/aaaotdzmoni2q,suggested_labelerexp,at://did:plc:64mdicpo7sq4k5bx2z3m2jo6/app.bsky.feed.post/3mg3btbtasc2v,bafyreidfa4y4jcxswsu326celvcsutwmlccrcnx2ogrnlfh5yhmgy6bdyu,did:plc:64mdicpo7sq4k5bx2z3m2jo6,catbus.phd,2026-03-02T12:44:26.933Z,2026-03-02T12:44:28.858Z,"great film, do check it out imo
📽️"
dea05c707d0b4dc0a8ab0934cbe123ec,2026-03-02T13:00:00Z,2026-03-02T13:21:48Z,auth,auth_enUS_labelerexp,at://did:plc:2hwwem55ce6djnk6bn62cstr/app.bsky.feed.generator/aaaotdzmoni2q,suggested_labelerexp,at://did:plc:ybfggoc3ic7phprygfvetiym/app.bsky.feed.post/3mg3bresflk2k,bafyreic2fjsqmtxhptd6gv4yj3xo6vkxpzeq7camrrglh2dez2ugkofcqm,did:plc:ybfggoc3ic7phprygfvetiym,mundanepotatoes.bsky.social,2026-03-02T12:43:22.942Z,2026-03-02T12:43:23.757Z,"An anti-war film can be more than just a critique of war. It can also be a show of support for the oppressed by the viewers.

With that, my pick will be Taste of Cherry by the late Abbas Kiarostami.

Support Iranian filmakers!

boxd.it/1m8W"
dea05c707d0b4dc0a8ab0934cbe123ec,2026-03-02T13:00:00Z,2026-03-02T13:21:48Z,auth,auth_enUS_labelerexp,at://did:plc:2hwwem55ce6djnk6bn62cstr/app.bsky.feed.generator/aaaotdzmoni2q,suggested_labelerexp,at://did:plc:ey5zsw5iz7mrluoy4wi2i5ra/app.bsky.feed.post/3mg3bqndzuk23,bafyreid3zzsxsreltqpj36pw2kmmtz77s6r4tp2apvn7njkxwvqyjfvlfe,did:plc:ey5zsw5iz7mrluoy4wi2i5ra,oleboto.bsky.social,2026-03-02T12:42:58.355Z,2026-03-02T12:43:01.263Z,www.theguardian.com/film/2026/ma...
dea05c707d0b4dc0a8ab0934cbe123ec,2026-03-02T13:00:00Z,2026-03-02T13:21:48Z,auth,auth_enUS_labelerexp,at://did:plc:2hwwem55ce6djnk6bn62cstr/app.bsky.feed.generator/aaaotdzmoni2q,suggested_labelerexp,at://did:plc:tjaegk2pvmuqqogqapplzecv/app.bsky.feed.post/3mg3bomyeos2c,bafyreifji57j4idvcsmyrand4qdjum6zdovbablnjznvyv2p5sgepiebla,did:plc:tjaegk2pvmuqqogqapplzecv,elennemigo.bsky.social,2026-03-02T12:41:50.864Z,2026-03-02T12:41:58.153Z,"FEB 28: someone in church⛪
#FebruaryMovieChallenge
#FilmSky  #MovieSky 🎬

Doctor Strange in the multiverse of madness (2022)

END FEBRUARY THREAD! 🥳"
dea05c707d0b4dc0a8ab0934cbe123ec,2026-03-02T13:00:00Z,2026-03-02T13:21:48Z,auth,auth_enUS_labelerexp,at://did:plc:2hwwem55ce6djnk6bn62cstr/app.bsky.feed.generator/aaaotdzmoni2q,suggested_labelerexp,at://did:plc:m6sdeml7krkjv2gqk3dc2hwq/app.bsky.feed.post/3mg3bolfzec2r,bafyreibhocb5wjz7gulysoltake73fox42gbmmekr7wf2xhkqlg5ezxfda,did:plc:m6sdeml7krkjv2gqk3dc2hwq,goodnicehot.bsky.social,2026-03-02T12:41:49.214Z,2026-03-02T12:41:49.552Z,I remember a film critic arguing that movie trailers should be in the oscars and it still makes me mad.
dea05c707d0b4dc0a8ab0934cbe123ec,2026-03-02T13:00:00Z,2026-03-02T13:21:48Z,auth,auth_enUS_labelerexp,at://did:plc:2hwwem55ce6djnk6bn62cstr/app.bsky.feed.generator/aaaotdzmoni2q,suggested_labelerexp,at://did:plc:hzs7k44mrrfmfbi6opv5u2cw/app.bsky.feed.post/3mg3blw7tp22v,bafyreihetd4r7atjhgyisaocyqid3yjwig62wqvkj57ljzpn2rkkn3fdny,did:plc:hzs7k44mrrfmfbi6opv5u2cw,eu-entertainment.bsky.social,2026-03-02T12:40:18+00:00,2026-03-02T12:40:20.451Z,"Actor Awards: Sinners shakes up Oscars race as Jessie Buckley remains undefeated | Ents & Arts News

https://www.europesays.com/uk/798963/

Sinners triumphed at this year’s Actor Awards, with the vampire horror winning best ensemble and best actor for…"
dea05c707d0b4dc0a8ab0934cbe123ec,2026-03-02T13:00:00Z,2026-03-02T13:21:48Z,auth,auth_enUS_labelerexp,at://did:plc:2hwwem55ce6djnk6bn62cstr/app.bsky.feed.generator/aaaotdzmoni2q,suggested_labelerexp,at://did:plc:w4ttnqclqbtpt63lm2mz3evz/app.bsky.feed.post/3mg3bl73ybk2q,bafyreiheehdalk7joo6mzc2wfcbotfivlp6xe7sqdjcwqufq2plx2emxre,did:plc:w4ttnqclqbtpt63lm2mz3evz,halloweenisforever.bsky.social,2026-03-02T12:39:55.631Z,2026-03-02T12:39:58.654Z,"NEW featuring @gravetonepod.bsky.social we have 

the Larry FessFest 2026 Showdown with

NO TELLING(1991)
vs
THE DEAD DON'T DIE (2019)
vs
JAKOB'S WIFE (2021)

Find out which movie we think reigns supreme

🔗 in comments & bio
#horrorsky #filmsky #mutantfam"
dea05c707d0b4dc0a8ab0934cbe123ec,2026-03-02T13:00:00Z,2026-03-02T13:21:48Z,auth,auth_enUS_labelerexp,at://did:plc:2hwwem55ce6djnk6bn62cstr/app.bsky.feed.generator/aaaotdzmoni2q,suggested_labelerexp,at://did:plc:3a4cybdghykwftfnf76vvpz4/app.bsky.feed.post/3mg3bivbnkc2p,bafyreihnzpqtadmapnxyrcjel47sa46zz7kvxsyqevinmkepg4hsf6na5a,did:plc:3a4cybdghykwftfnf76vvpz4,changeist.bsky.social,2026-03-02T12:38:38.229Z,2026-03-02T12:38:41.453Z,"Yes. Almost too many spoliers here, but this is my film of the year as well. www.theguardian.com/film/2026/ma..."
dea05c707d0b4dc0a8ab0934cbe123ec,2026-03-02T13:00:00Z,2026-03-02T13:21:48Z,auth,auth_enUS_labelerexp,at://did:plc:2hwwem55ce6djnk6bn62cstr/app.bsky.feed.generator/aaaotdzmoni2q,suggested_labelerexp,at://did:plc:vjjiidurfgumg7bt32b6trma/app.bsky.feed.post/3mg3bgx5t7222,bafyreibaitwx6ngmjcevml23hyuo42ogdv6nftgonw5f7o2yyqpvttjgqy,did:plc:vjjiidurfgumg7bt32b6trma,ianmoody.bsky.social,2026-03-02T12:37:33.092Z,2026-03-02T12:37:35.554Z,"Actor awards 2026: Michael B Jordan, Jessie Buckley and Catherine O’Hara among big winners. The previously named Screen Actors Guild (Sag) awards also saw wins for the ensemble casts of Sinners and The Studio, while Harrison Ford took home lifetime achievement.
www.theguardian.com/film/2026/ma..."
dea05c707d0b4dc0a8ab0934cbe123ec,2026-03-02T13:00:00Z,2026-03-02T13:21:48Z,auth,auth_enUS_labelerexp,at://did:plc:2hwwem55ce6djnk6bn62cstr/app.bsky.feed.generator/aaaotdzmoni2q,suggested_labelerexp,at://did:plc:gfcs6bf6kugr2cx5gfqv6aoo/app.bsky.feed.post/3mg3bealevk2i,bafyreia5nqhjribfxhooj4stbtv7qqmppvvjihkaz47aweyw7s4f2nubxa,did:plc:gfcs6bf6kugr2cx5gfqv6aoo,cartinedeb.bsky.social,2026-03-02T12:36:02.309Z,2026-03-02T12:35:32.754Z,"""Pavel Talankin’s undercover film about his school’s indoctrination  drive won a Bafta and is tipped for an Oscar, but has left him in exile""
#Russia
www.theguardian.com/film/2026/ma..."
dea05c707d0b4dc0a8ab0934cbe123ec,2026-03-02T13:00:00Z,2026-03-02T13:21:48Z,auth,auth_enUS_labelerexp,at://did:plc:2hwwem55ce6djnk6bn62cstr/app.bsky.feed.generator/aaaotdzmoni2q,suggested_labelerexp,at://did:plc:p7ooci56q26lmdurdu7sf4nf/app.bsky.feed.post/3mg3bdlpoos2c,bafyreib7ttyqjsdp4xjunsdfzb5sxvpdtwz2o7uhelqfrxrylhznjzcxkm,did:plc:p7ooci56q26lmdurdu7sf4nf,anatorresa.bsky.social,2026-03-02T12:35:40.431Z,2026-03-02T12:35:40.656Z,"Today's film
www.imdb.com/title/tt1364..."
dea05c707d0b4dc0a8ab0934cbe123ec,2026-03-02T13:00:00Z,2026-03-02T13:21:48Z,auth,auth_enUS_labelerexp,at://did:plc:2hwwem55ce6djnk6bn62cstr/app.bsky.feed.generator/aaaotdzmoni2q,suggested_labelerexp,at://did:plc:6wlvur23lp5sna2wt5jarjhp/app.bsky.feed.post/3mg3bdhi3t22m,bafyreienxjgb7ui54ckq3auownetrfnmcsvr6pw4qpor7sedrcbfphczle,did:plc:6wlvur23lp5sna2wt5jarjhp,eyeforfilm.bsky.social,2026-03-02T12:35:35.984Z,2026-03-02T12:35:39.450Z,It's time for our weekly Stay-at-Home Seven round-up of films to catch at home www.eyeforfilm.co.uk/feature/2026... #StayAtHome7 #FilmSky🎬
dea05c707d0b4dc0a8ab0934cbe123ec,2026-03-02T13:00:00Z,2026-03-02T13:21:48Z,auth,auth_enUS_labelerexp,at://did:plc:2hwwem55ce6djnk6bn62cstr/app.bsky.feed.generator/aaaotdzmoni2q,suggested_labelerexp,at://did:plc:2nopfozeqkehbeopbik6ornh/app.bsky.feed.post/3mg3bd4ljjk2q,bafyreifxmfe54n4qkd7tdhutjsgzrx4cv7hgv6svwpft2l6s3wyv4mhgn4,did:plc:2nopfozeqkehbeopbik6ornh,jlalbi.bsky.social,2026-03-02T12:35:24.567Z,2026-03-02T12:35:27.161Z,My ★★★½ review of Ángulo muerto (2024) on @letterboxd.social : boxd.it/dmczkB #cortometraje #cine
dea05c707d0b4dc0a8ab0934cbe123ec,2026-03-02T13:00:00Z,2026-03-02T13:21:48Z,auth,auth_enUS_labelerexp,at://did:plc:2hwwem55ce6djnk6bn62cstr/app.bsky.feed.generator/aaaotdzmoni2q,suggested_labelerexp,at://did:plc:zfkavpxtxvlnlk2lsf3d6mpt/app.bsky.feed.post/3mg3b4ki3522z,bafyreiaxgwckjh6cudhppzd5lr6ahu423dcu52iw6jocxuzkzb3rwgjaji,did:plc:zfkavpxtxvlnlk2lsf3d6mpt,eclecticcollector.bsky.social,2026-03-02T12:31:44.225Z,2026-03-02T12:31:47.358Z,"I didn't hate it and ihas its moments. That's not much, but still a better review than I'd give to 90% of movies made since 2000...

#filmsky #horror #physicalmedia"
dea05c707d0b4dc0a8ab0934cbe123ec,2026-03-02T13:00:00Z,2026-03-02T13:21:48Z,auth,auth_enUS_labelerexp,at://did:plc:2hwwem55ce6djnk6bn62cstr/app.bsky.feed.generator/aaaotdzmoni2q,suggested_labelerexp,at://did:plc:2nopfozeqkehbeopbik6ornh/app.bsky.feed.post/3mg3b3f7i2c2q,bafyreiea3mka3pitqiu2duudpzm53fumavbzw4s5vhtr7zjs2tuy2y5cme,did:plc:2nopfozeqkehbeopbik6ornh,jlalbi.bsky.social,2026-03-02T12:31:05.173Z,2026-03-02T12:31:08.150Z,My ★★★ review of The Darjeeling Limited (2007) on @letterboxd: boxd.it/dlbS4h #wesanderson #cine
dea05c707d0b4dc0a8ab0934cbe123ec,2026-03-02T13:00:00Z,2026-03-02T13:21:48Z,auth,auth_enUS_labelerexp,at://did:plc:2hwwem55ce6djnk6bn62cstr/app.bsky.feed.generator/aaaotdzmoni2q,suggested_labelerexp,at://did:plc:5iqtxy23sz4rlyji5cmlr2id/app.bsky.feed.post/3mg3aztou2222,bafyreibtgdoplpudjsu3jfyludaebgqjub7zuctb7gyaboxesb3mryhuvi,did:plc:5iqtxy23sz4rlyji5cmlr2id,usaloficial.bsky.social,2026-03-02T12:30:13.247Z,2026-03-02T12:30:22.659Z,"📽️ Unidad de Igualdad y Colegio de Abogacía de Salamanca, con ocasión del Día Internacional de la Mujer, organizan una sesión de cine:

“No estás loca. La verdad sobre la violencia vicaria”

📆 #5DeMarzo
🕗 20:00
📍 Cines Van Dyck 

🎟️ Solicitar tu invitación en el correo 📩 igualdad@usal.es."
dea05c707d0b4dc0a8ab0934cbe123ec,2026-03-02T13:00:00Z,2026-03-02T13:21:48Z,auth,auth_enUS_labelerexp,at://did:plc:2hwwem55ce6djnk6bn62cstr/app.bsky.feed.generator/aaaotdzmoni2q,suggested_labelerexp,at://did:plc:ofqfsjrllxxgtykajzwqdl2q/app.bsky.feed.post/3mg3aubmr6c2l,bafyreie4vxkxlbef57i2dacpb24bctmvil2sp23ifwcem3g335u6ba74ea,did:plc:ofqfsjrllxxgtykajzwqdl2q,neckties-of-noir.bsky.social,2026-03-02T12:27:06.528Z,2026-03-02T12:27:10.358Z,"#filmsky #moviesky #thedude

Happy Monday"
dea05c707d0b4dc0a8ab0934cbe123ec,2026-03-02T13:00:00Z,2026-03-02T13:21:48Z,auth,auth_enUS_labelerexp,at://did:plc:2hwwem55ce6djnk6bn62cstr/app.bsky.feed.generator/aaaotdzmoni2q,suggested_labelerexp,at://did:plc:o5tmq5bcoh2rk7fjpmfxua5y/app.bsky.feed.post/3mg3apyq3js2b,bafyreihtkafytcxk3gs7va6eqxa6fhocycfiqb57xpngklej4penwkoth4,did:plc:o5tmq5bcoh2rk7fjpmfxua5y,kermodeandmayo.bsky.social,2026-03-02T12:24:42.986Z,2026-03-02T12:24:44.452Z,"🤔 Remember the first time you saw a Pixar film? 

Did it blow your mind? 🤯

Hear their animation secrets from Creative Director Pete Docter on this week's Take 🎬

+ Reviews & more 🍿🎞️📽️

🎧 Listen pod.fo/e/397c36

FULL SHOW ON YT 📺 www.youtube.com/kermodeandma..."
dea05c707d0b4dc0a8ab0934cbe123ec,2026-03-02T13:00:00Z,2026-03-02T13:21:48Z,auth,auth_enUS_labelerexp,at://did:plc:2hwwem55ce6djnk6bn62cstr/app.bsky.feed.generator/aaaotdzmoni2q,suggested_labelerexp,at://did:plc:tnmp6467ipf6zorn2ett5vhy/app.bsky.feed.post/3mg3aldmrvc2e,bafyreia5bixoiaztn3do7tp5xmnndamu5epyqhzn2kjkntxcvlqgifbub4,did:plc:tnmp6467ipf6zorn2ett5vhy,beckjoneshere.bsky.social,2026-03-02T12:22:06.639Z,2026-03-02T12:22:09.351Z,"The great humanist director Martin Ritt, #botd in 1914, made movies that meant something: The Spy Who Came in from the Cold, Norma Rae, Hud, Sounder, The Great White Hope, Cross Creek, The Front (yesterday's post), among others. Naturally he was blacklisted.
#movesky #filmsky"
dea05c707d0b4dc0a8ab0934cbe123ec,2026-03-02T13:00:00Z,2026-03-02T13:21:48Z,auth,auth_enUS_labelerexp,at://did:plc:2hwwem55ce6djnk6bn62cstr/app.bsky.feed.generator/aaaotdzmoni2q,suggested_labelerexp,at://did:plc:pegygotbj5omcbg6epzloqaa/app.bsky.feed.post/3mg3ajkp4wc2x,bafyreibcuhwauuaqvofwjnbigbwegiuvei6scptecdearhct3hl7h7a2ma,did:plc:pegygotbj5omcbg6epzloqaa,luduvicu.bsky.social,2026-03-02T12:21:06.949Z,2026-03-02T12:21:10.455Z,"""The Secret Agent is almost entirely non-political; really the only character pugnacious enough to offer a socialist opinion is the formidable Dona Sebastiana. Otherwise its dissidence expresses itself in mood, rhetoric and attitude.""

www.theguardian.com/film/2026/ma..."
dea05c707d0b4dc0a8ab0934cbe123ec,2026-03-02T13:00:00Z,2026-03-02T13:21:50Z,auth,auth_enUS_labelerexp,at://did:plc:66lbtw2porscqpmair6mir37/app.bsky.feed.generator/aaabkznpn5x2g,suggested_labelerexp,at://did:plc:dupirzvlby7azzkrbke3qtmm/app.bsky.feed.post/3mg3dqo4occ2m,bafyreihyu22govihmpixq4ikj4e3u5pe4kwp7amwl7vpnhpnwtlkjkbrha,did:plc:dupirzvlby7azzkrbke3qtmm,annieleymarie.bsky.social,2026-03-02T13:18:46.646Z,2026-03-02T13:18:46.853Z,"...""No democracy-building exercise, no politically correct wars. We fight to win and we don't waste time..."""
dea05c707d0b4dc0a8ab0934cbe123ec,2026-03-02T13:00:00Z,2026-03-02T13:21:50Z,auth,auth_enUS_labelerexp,at://did:plc:66lbtw2porscqpmair6mir37/app.bsky.feed.generator/aaabkznpn5x2g,suggested_labelerexp,at://did:plc:zl6cjd7jaiwcodcyqq5uf6dv/app.bsky.feed.post/3mg3diqtwqc22,bafyreielkvjc7lhjebhsw4x3jj5cajk7j73d5pnzbkz62qpn7ik7kay5vi,did:plc:zl6cjd7jaiwcodcyqq5uf6dv,petesikora.bsky.social,2026-03-02T13:14:21.069Z,2026-03-02T13:14:21.349Z,"On a side note: I cannot believe we’ve been forced to defend the extremely mediocre NY CLCPA. The CLCPA wasted years in process BS and analysis, which Hochul completely disregarded and is now ignoring even tho it was her people who did it. But finally groups sued and a court is ordering her to act."
dea05c707d0b4dc0a8ab0934cbe123ec,2026-03-02T13:00:00Z,2026-03-02T13:21:50Z,auth,auth_enUS_labelerexp,at://did:plc:66lbtw2porscqpmair6mir37/app.bsky.feed.generator/aaabkznpn5x2g,suggested_labelerexp,at://did:plc:xalxqffcayyidntafmptzhta/app.bsky.feed.post/3mg3diktw7c2a,bafyreiezlxlbm24ge7fmlq7zul4usxbisfaffc52qhjk7vjjbvrhvjkkh4,did:plc:xalxqffcayyidntafmptzhta,doctorvive.bsky.social,2026-03-02T13:14:14.773Z,2026-03-02T13:14:15.056Z,"this would be irreversible, so let’s not let it happen. let’s use our talents to push for the phaseout of fossil fuels."
dea05c707d0b4dc0a8ab0934cbe123ec,2026-03-02T13:00:00Z,2026-03-02T13:21:50Z,auth,auth_enUS_labelerexp,at://did:plc:66lbtw2porscqpmair6mir37/app.bsky.feed.generator/aaabkznpn5x2g,suggested_labelerexp,at://did:plc:wv2eqwenfuscr3hkf3fm2yun/app.bsky.feed.post/3mg3decuj3k2k,bafyreieqygyns4xaadanbc7xlos7qpz5snmnfqa2dketqtgabjmou6w5fy,did:plc:wv2eqwenfuscr3hkf3fm2yun,mrwom.bsky.social,2026-03-02T13:11:52.191Z,2026-03-02T13:11:53.950Z,"Deutsche Dubai Influenza sagt ""Alles cool und sicher am Golf"". Evakuierung daher nicht nötig. Zudem zahlen die Scheichs wohl die Hotels. 

Schadet ja auch nicht, mal live zu erleben, wohin der übermäßige Konsum fossiler Energie für Flug- und Schiffsreisen führt.

bsky.app/profile/info..."
dea05c707d0b4dc0a8ab0934cbe123ec,2026-03-02T13:00:00Z,2026-03-02T13:21:50Z,auth,auth_enUS_labelerexp,at://did:plc:66lbtw2porscqpmair6mir37/app.bsky.feed.generator/aaabkznpn5x2g,suggested_labelerexp,at://did:plc:zl6cjd7jaiwcodcyqq5uf6dv/app.bsky.feed.post/3mg3dcdignk22,bafyreibcgwnlpsuzfsd6v3nczmihtjrtuayustheikxa3ht3qa7deus6za,did:plc:zl6cjd7jaiwcodcyqq5uf6dv,petesikora.bsky.social,2026-03-02T13:10:45.734Z,2026-03-02T13:10:45.955Z,"Hochul’s push to gut the climate law comes even tho big new clean energy projects are being built now. 

They’re late, and Hochul’s sucked it, but its happening:

✅ CHPE (hydro power) connects in the spring
✅ Sunrise and Empire wind (big offshore) connect this year and next 
✅ new solar projects"
dea05c707d0b4dc0a8ab0934cbe123ec,2026-03-02T13:00:00Z,2026-03-02T13:21:50Z,auth,auth_enUS_labelerexp,at://did:plc:66lbtw2porscqpmair6mir37/app.bsky.feed.generator/aaabkznpn5x2g,suggested_labelerexp,at://did:plc:zo55hexle7q27yeakof7vm7f/app.bsky.feed.post/3mg3d3uivjk2l,bafyreidcgxozfs27st6mgwhxlxsh4jrzlqp7s6thzsjoj62rmqavnrwla4,did:plc:zo55hexle7q27yeakof7vm7f,bberwyn.bsky.social,2026-03-02T13:07:08.695Z,2026-03-02T13:07:11.658Z,"Timeline cleanse ...

Play-n-Watch: youtu.be/gIGZbHTqWpY?..."
dea05c707d0b4dc0a8ab0934cbe123ec,2026-03-02T13:00:00Z,2026-03-02T13:21:50Z,auth,auth_enUS_labelerexp,at://did:plc:66lbtw2porscqpmair6mir37/app.bsky.feed.generator/aaabkznpn5x2g,suggested_labelerexp,at://did:plc:smm2iyzevfawtar2oivsnwmb/app.bsky.feed.post/3mg3d2pnais2p,bafyreiguml3ayc2c65qixcxwau2peeo2n5tseabywn6zdhqwll6pqmxu2q,did:plc:smm2iyzevfawtar2oivsnwmb,robinwhitlock66.bsky.social,2026-03-02T13:06:30.039Z,2026-03-02T13:06:32.257Z,"Heat pump sales grew by 11 percent across 16 European countries in 2025 finds EHPA data
www.renewableenergymagazine.com/miscellaneou..."
dea05c707d0b4dc0a8ab0934cbe123ec,2026-03-02T13:00:00Z,2026-03-02T13:21:50Z,auth,auth_enUS_labelerexp,at://did:plc:66lbtw2porscqpmair6mir37/app.bsky.feed.generator/aaabkznpn5x2g,suggested_labelerexp,at://did:plc:ifg75jgej6jmqi3oreeswp4b/app.bsky.feed.post/3mg3czomlys22,bafyreifilx7hq7wwqh3kke23s3kp5iiyamfmpx5axpxh7thgwt3ywrcml4,did:plc:ifg75jgej6jmqi3oreeswp4b,paulmac.bsky.social,2026-03-02T13:05:55.415Z,2026-03-02T13:05:56.055Z,"CAUSED AND/OR AMPLIFIED/INTENSIFIED BY HUMANS BURNING FOSSIL FUELS

#Oil
#Coal
#Gas
#FossilFuelPollution

bsky.app/profile/extr...

#ExtremeHeat 
#RecordHeat 
#FossilFuelPollution
#AnthropogenicGlobalWarming"
dea05c707d0b4dc0a8ab0934cbe123ec,2026-03-02T13:00:00Z,2026-03-02T13:21:50Z,auth,auth_enUS_labelerexp,at://did:plc:66lbtw2porscqpmair6mir37/app.bsky.feed.generator/aaabkznpn5x2g,suggested_labelerexp,at://did:plc:m7khmjec7zg54pzezxbavzia/app.bsky.feed.post/3mg3cywbakc2u,bafyreigoweag3dyyai5ymnipujsijfqepo7vldvtsizqyrrsxwo3fkkrja,did:plc:m7khmjec7zg54pzezxbavzia,nickbreeze.genn.cc,2026-03-02T13:05:29.876Z,2026-03-02T13:05:34.452Z,"Out of all this evil, it might be revealed: renewables make us (+ people in the Middle east) safer, are more price stable & (side-benefit) denies successive US presidents excuses to blow-up a region trying to recover from previous efforts to blow them up. Grim watching.

www.ft.com/content/dac7..."
dea05c707d0b4dc0a8ab0934cbe123ec,2026-03-02T13:00:00Z,2026-03-02T13:21:50Z,auth,auth_enUS_labelerexp,at://did:plc:66lbtw2porscqpmair6mir37/app.bsky.feed.generator/aaabkznpn5x2g,suggested_labelerexp,at://did:plc:qnf33tdgs5ac6lhvx7c5t2mn/app.bsky.feed.post/3mg3cw7eccs2d,bafyreidnueiezzz5tew5jz7gmvh62mmkujdbep2q22h66zjmz2lfdg7m5a,did:plc:qnf33tdgs5ac6lhvx7c5t2mn,patrickgaley.bsky.social,2026-03-02T13:03:58.751Z,2026-03-02T13:03:59.856Z,All true. And I need everyone to stop acting like they weren't provided with a solution to this last Thursday in Gorton-and-Denton
dea05c707d0b4dc0a8ab0934cbe123ec,2026-03-02T13:00:00Z,2026-03-02T13:21:50Z,auth,auth_enUS_labelerexp,at://did:plc:66lbtw2porscqpmair6mir37/app.bsky.feed.generator/aaabkznpn5x2g,suggested_labelerexp,at://did:plc:2jwxoziacifmtqa5felhqms6/app.bsky.feed.post/3mg3ctmyzyu22,bafyreie773qvdowdtjytxon4xleoextdomhj6lwbrtmfxa5auskjui2gh4,did:plc:2jwxoziacifmtqa5felhqms6,semafor.com,2026-03-02T13:02:31.770Z,2026-03-02T13:02:32.957Z,"US, Israel strikes deepen Iran's leadership succession crisis

www.semafor.com/article/03/0..."
dea05c707d0b4dc0a8ab0934cbe123ec,2026-03-02T13:00:00Z,2026-03-02T13:21:50Z,auth,auth_enUS_labelerexp,at://did:plc:66lbtw2porscqpmair6mir37/app.bsky.feed.generator/aaabkznpn5x2g,suggested_labelerexp,at://did:plc:iprpqqgsl3aiabdguj2pnf6o/app.bsky.feed.post/3mg3cqk3ief2a,bafyreia3z2ntgfd7vxxvgwzoky6faryrkci5w5f3wonpg62x2ukwbz6paq,did:plc:iprpqqgsl3aiabdguj2pnf6o,angushervey.com,2026-03-02T13:00:48.651Z,2026-03-02T13:00:49.358Z,"Astrocytes. They sound like a sci-fi terror from outer space, but they're actually essential components of our brains. In fact a trio of new studies show that they can heal spinal injuries, clean out the “brain plaque” that leads to Alzheimer’s, and may create compulsive behaviours on misfire."
dea05c707d0b4dc0a8ab0934cbe123ec,2026-03-02T13:00:00Z,2026-03-02T13:21:50Z,auth,auth_enUS_labelerexp,at://did:plc:66lbtw2porscqpmair6mir37/app.bsky.feed.generator/aaabkznpn5x2g,suggested_labelerexp,at://did:plc:zgvmuehzj2jlhscwgtbwf6tf/app.bsky.feed.post/3mg3cpzukcl23,bafyreibnpcz7no7xio7azgvzisqryby4brydc2kwtqoxhgghjfb334b4du,did:plc:zgvmuehzj2jlhscwgtbwf6tf,enerdata.bsky.social,2026-03-02T13:00:30.684Z,2026-03-02T13:00:32.254Z,Saudi Arabia's Aramco launches two assets to boost sales gas 80% by 2030 #EnergySky
dea05c707d0b4dc0a8ab0934cbe123ec,2026-03-02T13:00:00Z,2026-03-02T13:21:50Z,auth,auth_enUS_labelerexp,at://did:plc:66lbtw2porscqpmair6mir37/app.bsky.feed.generator/aaabkznpn5x2g,suggested_labelerexp,at://did:plc:6hgzqawvo5nuwyn2gvow4e2o/app.bsky.feed.post/3mg3cplsx6c24,bafyreiatlhwdtqrblqe2vwg7ibxc54m67tpy3vblsmteny7472yx5scryi,did:plc:6hgzqawvo5nuwyn2gvow4e2o,solhog.bsky.social,2026-03-02T13:00:16.933Z,2026-03-02T13:00:17.649Z,"Let’s learn by nature

With respect:
”Mother Earth
     is a source of life,
                not a resource.”
 ~ Chief Arvol Looking Horse - 19th Generation Keeper of the Sacred White Buffalo Calf Pipe"
dea05c707d0b4dc0a8ab0934cbe123ec,2026-03-02T13:00:00Z,2026-03-02T13:21:50Z,auth,auth_enUS_labelerexp,at://did:plc:66lbtw2porscqpmair6mir37/app.bsky.feed.generator/aaabkznpn5x2g,suggested_labelerexp,at://did:plc:hs3bo3hbsop6im7mnkwsvcwt/app.bsky.feed.post/3mg3con6pyc2x,bafyreibmzy5g6gyrh72wofq5fv3wawvmkvy5cnosp6tbrjrjaovcs6gham,did:plc:hs3bo3hbsop6im7mnkwsvcwt,franklinsteves.bsky.social,2026-03-02T12:59:44.814Z,2026-03-02T12:59:45.255Z,"The front lawn of the National Maritime Museum, Greenwich."
dea05c707d0b4dc0a8ab0934cbe123ec,2026-03-02T13:00:00Z,2026-03-02T13:21:50Z,auth,auth_enUS_labelerexp,at://did:plc:66lbtw2porscqpmair6mir37/app.bsky.feed.generator/aaabkznpn5x2g,suggested_labelerexp,at://did:plc:gps4qwkggxgp7op7pm4bfeuz/app.bsky.feed.post/3mg3cjymcf22k,bafyreied54crihbtsvdkfhor37vjyoymjlsta4spchafykjpsscn6ig3xi,did:plc:gps4qwkggxgp7op7pm4bfeuz,johnsmillie42.bsky.social,2026-03-02T12:57:08.399Z,2026-03-02T12:57:10.871Z,"This technique will have to compete with advanced materials, like covalent organic frameworks, designed to efficiently soak up CO2 and release it at low temperature (60ºC). Low grade heat it easy to come by (heat pump or passive solar).

news.berkeley.edu/2024/10/23/c..."
dea05c707d0b4dc0a8ab0934cbe123ec,2026-03-02T13:00:00Z,2026-03-02T13:21:50Z,auth,auth_enUS_labelerexp,at://did:plc:66lbtw2porscqpmair6mir37/app.bsky.feed.generator/aaabkznpn5x2g,suggested_labelerexp,at://did:plc:gps4qwkggxgp7op7pm4bfeuz/app.bsky.feed.post/3mg3cjxzew22k,bafyreifftvvhmmlov6kiv4qmd6ct4pk7fjavb55mh5iq7nh6tcdtf7ybpy,did:plc:gps4qwkggxgp7op7pm4bfeuz,johnsmillie42.bsky.social,2026-03-02T12:57:08.398Z,2026-03-02T12:57:10.850Z,"techxplore.com/news/2026-02...

New electrified DAC technique using robust, abundant, and durable MnO2 can get energy requirements down to 4.1GJ per ton (1139 kWh), down from 6-10GJ/ton in other systems.

Versatile to different oxygen and humidity conditions."
dea05c707d0b4dc0a8ab0934cbe123ec,2026-03-02T13:00:00Z,2026-03-02T13:21:50Z,auth,auth_enUS_labelerexp,at://did:plc:66lbtw2porscqpmair6mir37/app.bsky.feed.generator/aaabkznpn5x2g,suggested_labelerexp,at://did:plc:xrqv5unlcevqwu34yxxcqxzn/app.bsky.feed.post/3mg3cjphibc2c,bafyreibjggvoioo3ttmnqmotptj7h74dhm2rprhhdta2b2excwpmckmiz4,did:plc:xrqv5unlcevqwu34yxxcqxzn,nickofnz.bsky.social,2026-03-02T12:56:59.426Z,2026-03-02T12:56:59.852Z,"Oil & Gas are about to get a lot more expensive.

That will increase the price of just about everything else that has to be transported.

It will be a painful reminder of how badly we need to get free of fossil fuel dependency and embrace renewable energy."
dea05c707d0b4dc0a8ab0934cbe123ec,2026-03-02T13:00:00Z,2026-03-02T13:21:50Z,auth,auth_enUS_labelerexp,at://did:plc:66lbtw2porscqpmair6mir37/app.bsky.feed.generator/aaabkznpn5x2g,suggested_labelerexp,at://did:plc:xrqv5unlcevqwu34yxxcqxzn/app.bsky.feed.post/3mg3cjphibc2c,bafyreibjggvoioo3ttmnqmotptj7h74dhm2rprhhdta2b2excwpmckmiz4,did:plc:xrqv5unlcevqwu34yxxcqxzn,nickofnz.bsky.social,2026-03-02T12:56:59.426Z,2026-03-02T12:56:59.852Z,"Oil & Gas are about to get a lot more expensive.

That will increase the price of just about everything else that has to be transported.

It will be a painful reminder of how badly we need to get free of fossil fuel dependency and embrace renewable energy."
dea05c707d0b4dc0a8ab0934cbe123ec,2026-03-02T13:00:00Z,2026-03-02T13:21:50Z,auth,auth_enUS_labelerexp,at://did:plc:66lbtw2porscqpmair6mir37/app.bsky.feed.generator/aaabkznpn5x2g,suggested_labelerexp,at://did:plc:qrw2fun5ahsqvx73k5geleme/app.bsky.feed.post/3mg3ch7lka22z,bafyreihdey73tmgbxyace2sn4ni6jq7uwonztt5kuy64pelwduiq77ekim,did:plc:qrw2fun5ahsqvx73k5geleme,climateofgavin.bsky.social,2026-03-02T12:55:35.672Z,2026-03-02T12:55:35.950Z,PS. the Heathrow express has been in operation for over 20 years. A tiny little extension to make it easier to go left instead of right should not take that long!
dea05c707d0b4dc0a8ab0934cbe123ec,2026-03-02T13:00:00Z,2026-03-02T13:21:50Z,auth,auth_enUS_labelerexp,at://did:plc:66lbtw2porscqpmair6mir37/app.bsky.feed.generator/aaabkznpn5x2g,suggested_labelerexp,at://did:plc:77lswp42lgjyw36ozuo7kt7e/app.bsky.feed.post/3mg3ce754m22l,bafyreideh7fyzef6puilvvkltkcgo6ggpf5sec6szwich3fhtnrcsys5du,did:plc:77lswp42lgjyw36ozuo7kt7e,davidho.bsky.social,2026-03-02T12:53:54.524Z,2026-03-02T12:53:57.059Z,"I blame the Norwegian Nobel Committee for Trump bombing Iran and everyone else.

www.ft.com/content/e990..."
dea05c707d0b4dc0a8ab0934cbe123ec,2026-03-02T13:00:00Z,2026-03-02T13:21:50Z,auth,auth_enUS_labelerexp,at://did:plc:66lbtw2porscqpmair6mir37/app.bsky.feed.generator/aaabkznpn5x2g,suggested_labelerexp,at://did:plc:77lswp42lgjyw36ozuo7kt7e/app.bsky.feed.post/3mg3c2amsck2l,bafyreihswth64zkbled3gunpkhe2ix2m4rdhhxv7snvucufxgijzmyhvyy,did:plc:77lswp42lgjyw36ozuo7kt7e,davidho.bsky.social,2026-03-02T12:48:20.554Z,2026-03-02T12:48:23.649Z,"The lack of demand and the need to build infrastructure, I assume. Lizzie line tracks from Reading and LHR meet at a point called Airport Junction (near Hayes & Harlington). For a train to go from Heathrow to Reading, it would have to reach the junction, stop, and then reverse direction to Reading."
dea05c707d0b4dc0a8ab0934cbe123ec,2026-03-02T13:00:00Z,2026-03-02T13:21:50Z,auth,auth_enUS_labelerexp,at://did:plc:66lbtw2porscqpmair6mir37/app.bsky.feed.generator/aaabkznpn5x2g,suggested_labelerexp,at://did:plc:rnik7lqr5ribors2c4lfqb3n/app.bsky.feed.post/3mg3bzgx2fs2j,bafyreie3whs5aber3bqmyfhibsc3pbby5h22d3dcl2zgaycrzdnf33awdu,did:plc:rnik7lqr5ribors2c4lfqb3n,eriknordman.bsky.social,2026-03-02T12:47:53.628Z,2026-03-02T12:47:53.051Z,"Renewable energy sources have no fuel. So, they can provide electricity at a consistent price. This can reduce utilities' exposure to volatile natural gas prices (which are about to become a lot more volatile)."
dea05c707d0b4dc0a8ab0934cbe123ec,2026-03-02T13:00:00Z,2026-03-02T13:21:50Z,auth,auth_enUS_labelerexp,at://did:plc:66lbtw2porscqpmair6mir37/app.bsky.feed.generator/aaabkznpn5x2g,suggested_labelerexp,at://did:plc:fud744biivsyptnmhfqrrwkx/app.bsky.feed.post/3mg3byoxb3227,bafyreig27nqt5o2agpkno32tyjaurdgqn3hw5yfm62q2zl5olxpra4zhzq,did:plc:fud744biivsyptnmhfqrrwkx,joeloclimate.bsky.social,2026-03-02T12:47:28.468Z,2026-03-02T12:47:31.862Z,"Fossil fuel firms win from spreading doubt about European SAF mandates, SAF investors say.

The CEOs of Total and Ryanair along those spreading doubt damaging investment case for SAF

www.climatechangenews.com/2026/02/27/d..."
dea05c707d0b4dc0a8ab0934cbe123ec,2026-03-02T13:00:00Z,2026-03-02T13:21:50Z,auth,auth_enUS_labelerexp,at://did:plc:66lbtw2porscqpmair6mir37/app.bsky.feed.generator/aaabkznpn5x2g,suggested_labelerexp,at://did:plc:wvyq44vfj3m3mkw3slpr4lrf/app.bsky.feed.post/3mg3buaawys2d,bafyreic53ntdayarzold5e2cmtslwff2hzt5gtj6v66otzxc227zpsq2fq,did:plc:wvyq44vfj3m3mkw3slpr4lrf,tkovach.bsky.social,2026-03-02T12:44:58.838Z,2026-03-02T12:44:58.755Z,"Assuming $2/watt, that could have provided solar power for ~25,000 households"
dea05c707d0b4dc0a8ab0934cbe123ec,2026-03-02T13:00:00Z,2026-03-02T13:21:50Z,auth,auth_enUS_labelerexp,at://did:plc:66lbtw2porscqpmair6mir37/app.bsky.feed.generator/aaabkznpn5x2g,suggested_labelerexp,at://did:plc:2zytqzub4mwqb5m7zvefdrpw/app.bsky.feed.post/3mg3bu2t5i22x,bafyreiajmt76d55ql5lixofeg5q7x2lkgcw4qjelzavunsyr6w2dmsqbju,did:plc:2zytqzub4mwqb5m7zvefdrpw,kevinjkircher.com,2026-03-02T12:44:53.145Z,2026-03-02T12:44:53.460Z,"If we still had 1970-2010-era O&G export policy, how would Trump's/Trumpist billionaires' incentives for (and windfall profits from) starting wars in oil/gas-rich regions change?"
dea05c707d0b4dc0a8ab0934cbe123ec,2026-03-02T13:00:00Z,2026-03-02T13:21:50Z,auth,auth_enUS_labelerexp,at://did:plc:66lbtw2porscqpmair6mir37/app.bsky.feed.generator/aaabkznpn5x2g,suggested_labelerexp,at://did:plc:fud744biivsyptnmhfqrrwkx/app.bsky.feed.post/3mg3btwnzpk27,bafyreif7oe3jpzia5fyogt4v4uwnpaseerkvvcw2ioasv4bb25eypy6fae,did:plc:fud744biivsyptnmhfqrrwkx,joeloclimate.bsky.social,2026-03-02T12:44:48.782Z,2026-03-02T12:44:51.458Z,Seven Pacific countries say that they’re not willing to compromise any further to get a green shipping deal. www.climatechangenews.com/2026/02/27/p...
dea05c707d0b4dc0a8ab0934cbe123ec,2026-03-02T13:00:00Z,2026-03-02T13:21:50Z,auth,auth_enUS_labelerexp,at://did:plc:66lbtw2porscqpmair6mir37/app.bsky.feed.generator/aaabkznpn5x2g,suggested_labelerexp,at://did:plc:2zytqzub4mwqb5m7zvefdrpw/app.bsky.feed.post/3mg3bqfzzlk2x,bafyreifsh2aoh2drykuanxywsucf5nfru4igmja4vlyjrftjs7oybx3c5u,did:plc:2zytqzub4mwqb5m7zvefdrpw,kevinjkircher.com,2026-03-02T12:42:50.686Z,2026-03-02T12:42:52.035Z,What effect would returning to 1970-2010 era O&G export policy have on domestic retail gas and electricity bills? How much new cheap electricity generation would we need to build to reduce retail elecrricity bills by that same amount?
dea05c707d0b4dc0a8ab0934cbe123ec,2026-03-02T13:00:00Z,2026-03-02T13:21:50Z,auth,auth_enUS_labelerexp,at://did:plc:66lbtw2porscqpmair6mir37/app.bsky.feed.generator/aaabkznpn5x2g,suggested_labelerexp,at://did:plc:i5jff2sikigjklnj3am7xvqf/app.bsky.feed.post/3mg3bopxvdc2d,bafyreihv2eins2rd2roercrrcksvclubei5nnwnhmg5zdr3uwfbzitwora,did:plc:i5jff2sikigjklnj3am7xvqf,sdinpraxis.bsky.social,2026-03-02T12:41:53.993Z,2026-03-02T12:41:54.160Z,"This is where Mahmood being hellbent on pursuing punitive changes to migration and asylum policy will hit the buffers. It's a political mess since slashing migration affects the economy, workforce, and NHS and care provision. It's an ageing population."
dea05c707d0b4dc0a8ab0934cbe123ec,2026-03-02T13:00:00Z,2026-03-02T13:21:50Z,auth,auth_enUS_labelerexp,at://did:plc:66lbtw2porscqpmair6mir37/app.bsky.feed.generator/aaabkznpn5x2g,suggested_labelerexp,at://did:plc:w2lvfvgooagydunsj2dpxtnj/app.bsky.feed.post/3mg3bkfs76s2k,bafyreiak2tvpv6xaz55speorfec3se47ajnjxrk52gylxoynqrtnewaz4i,did:plc:w2lvfvgooagydunsj2dpxtnj,malthusjohn.bsky.social,2026-03-02T12:39:29.103Z,2026-03-02T12:39:29.557Z,"FOLLOW THE MONEY

A few kidnappings, occasional ski boat, or hometown brown shirts shooting citizens is not enough.

They need to destroy a much bigger pile of targets with much more expensive weapons.

They need to shock the financial system so they can vacuum up the net-worths of everyone else."
dea05c707d0b4dc0a8ab0934cbe123ec,2026-03-02T13:00:00Z,2026-03-02T13:21:50Z,auth,auth_enUS_labelerexp,at://did:plc:66lbtw2porscqpmair6mir37/app.bsky.feed.generator/aaabkznpn5x2g,suggested_labelerexp,at://did:plc:uhg5hca7y57yncreaen663g7/app.bsky.feed.post/3mg3bkayedk2m,bafyreia32t6ib5ic33oy7m4dtrpe6uqwifiddagtf5hwbbhepo6e76r46y,did:plc:uhg5hca7y57yncreaen663g7,pjacobs.bsky.social,2026-03-02T12:39:24.061Z,2026-03-02T12:39:25.256Z,@brucettcalvert.bsky.social @climateofgavin.bsky.social @lenssen.bsky.social
dea05c707d0b4dc0a8ab0934cbe123ec,2026-03-02T13:00:00Z,2026-03-02T13:21:50Z,auth,auth_enUS_labelerexp,at://did:plc:66lbtw2porscqpmair6mir37/app.bsky.feed.generator/aaabkznpn5x2g,suggested_labelerexp,at://did:plc:i5jff2sikigjklnj3am7xvqf/app.bsky.feed.post/3mg3bijeq3s2d,bafyreighnppxgrpczn6xxp7uorcoua2absdudshyyrashcc7owtjq5ehyq,did:plc:i5jff2sikigjklnj3am7xvqf,sdinpraxis.bsky.social,2026-03-02T12:38:25.747Z,2026-03-02T12:38:27.058Z,"I see the latest polls up here put the salience of independence down to about 30%, edged out by the economy, expanding North Sea oil and gas (!) - and even migration. That's sickening (and yesterday I saw an entire estate in Falkirk decked out in flags). 

I STILL cannot see Labour doing well tho."
dea05c707d0b4dc0a8ab0934cbe123ec,2026-03-02T13:00:00Z,2026-03-02T13:21:50Z,auth,auth_enUS_labelerexp,at://did:plc:66lbtw2porscqpmair6mir37/app.bsky.feed.generator/aaabkznpn5x2g,suggested_labelerexp,at://did:plc:qnf33tdgs5ac6lhvx7c5t2mn/app.bsky.feed.post/3mg3bhk4p4k2d,bafyreidryp4ou6za3rlp4sishkgrbbew5n3hbkuntyycwm22nf2i4q3nom,did:plc:qnf33tdgs5ac6lhvx7c5t2mn,patrickgaley.bsky.social,2026-03-02T12:37:52.979Z,2026-03-02T12:37:56.062Z,"This is a very clear signal from US regional allies to put this genie back in the bottle. Qatar is the main provider of LNG to China, and it recently signed a string of EU supply deals (you know, to offset Russian LNG)

Remember 2022 energy prices? Yeah...
www.upstreamonline.com/safety/qatar..."
dea05c707d0b4dc0a8ab0934cbe123ec,2026-03-02T13:00:00Z,2026-03-02T13:21:50Z,auth,auth_enUS_labelerexp,at://did:plc:66lbtw2porscqpmair6mir37/app.bsky.feed.generator/aaabkznpn5x2g,suggested_labelerexp,at://did:plc:2zytqzub4mwqb5m7zvefdrpw/app.bsky.feed.post/3mg3bhhz5yc2x,bafyreibwdjnx2hq6y6lndhkihcaqfsjzbc5kqdkea2b2hdqut7wfmx2z2a,did:plc:2zytqzub4mwqb5m7zvefdrpw,kevinjkircher.com,2026-03-02T12:37:50.765Z,2026-03-02T12:37:51.154Z,"How/why do wholesale electricity prices depend on wholesale gas prices? When wholesale electricity prices spike, do monopoly electric utility shareholders face price risk, or do regulators let them pass it through to ratepayers? Are there differences in how this works on the electric side vs. gas?"
dea05c707d0b4dc0a8ab0934cbe123ec,2026-03-02T13:00:00Z,2026-03-02T13:21:50Z,auth,auth_enUS_labelerexp,at://did:plc:66lbtw2porscqpmair6mir37/app.bsky.feed.generator/aaabkznpn5x2g,suggested_labelerexp,at://did:plc:2zytqzub4mwqb5m7zvefdrpw/app.bsky.feed.post/3mg3baj2kek2x,bafyreigbgpwg53yjeuetdlb73yto3q6m4uxyokj4meya4n4svwk3dikjw4,did:plc:2zytqzub4mwqb5m7zvefdrpw,kevinjkircher.com,2026-03-02T12:33:56.978Z,2026-03-02T12:33:57.452Z,"Have domestic natural gas prices always fluctuated with global prices? If not, when did they start? Who made that decision, in what context, in exchange for what?"
dea05c707d0b4dc0a8ab0934cbe123ec,2026-03-02T13:00:00Z,2026-03-02T13:21:50Z,auth,auth_enUS_labelerexp,at://did:plc:66lbtw2porscqpmair6mir37/app.bsky.feed.generator/aaabkznpn5x2g,suggested_labelerexp,at://did:plc:sejfqtu7azw7zimeaqvwdl6o/app.bsky.feed.post/3mg3b7ou6qa2v,bafyreicrkpunylrlcp6mkla5fz4jesa7oblmqzupquslxer2jgqf5s3j44,did:plc:sejfqtu7azw7zimeaqvwdl6o,greencollective.io,2026-03-02T12:33:29.464Z,2026-03-02T12:33:30.153Z,"Wind set new a new record and was the largest source of electricity generation in February, with Cork and Kerry back as top wind producers following January's unprecedented upset by Offaly.

This and much more in the latest ""Irish Grid Monthly"", available now to all our newsletter subscribers!"
dea05c707d0b4dc0a8ab0934cbe123ec,2026-03-02T13:00:00Z,2026-03-02T13:21:50Z,auth,auth_enUS_labelerexp,at://did:plc:66lbtw2porscqpmair6mir37/app.bsky.feed.generator/aaabkznpn5x2g,suggested_labelerexp,at://did:plc:2zytqzub4mwqb5m7zvefdrpw/app.bsky.feed.post/3mg3awea7a22d,bafyreifv52hgwqyul7gybnypkwxrfddgefefhjal2qh6tispu36hcrugsq,did:plc:2zytqzub4mwqb5m7zvefdrpw,kevinjkircher.com,2026-03-02T12:28:16.375Z,2026-03-02T12:28:16.861Z,Energy pundits who've been focusing on affordability should be thinking seriously about the spikes in natural gas and electricity bills that retail customers are about to see as the illegal US/Israel war on Iran drives up global oil and gas prices - and the role & history of US O&G export policy.
dea05c707d0b4dc0a8ab0934cbe123ec,2026-03-02T13:00:00Z,2026-03-02T13:21:50Z,auth,auth_enUS_labelerexp,at://did:plc:66lbtw2porscqpmair6mir37/app.bsky.feed.generator/aaabkznpn5x2g,suggested_labelerexp,at://did:plc:jd55pogp7q5j2x5kvuolkjxh/app.bsky.feed.post/3mg3av2hzg22c,bafyreihkmfa7xk5zpk2kmu5lhvfge4wqlhh64me3b5htm4xjhf7zpwujie,did:plc:jd55pogp7q5j2x5kvuolkjxh,alexbhturnbull.bsky.social,2026-03-02T12:27:32.593Z,2026-03-02T12:27:33.850Z,Anyone with a battery on a grid with a decent amount of LNG-linked gas is going to make truly indecent sums the next few months. #EnergySky
dea05c707d0b4dc0a8ab0934cbe123ec,2026-03-02T13:00:00Z,2026-03-02T13:21:50Z,auth,auth_enUS_labelerexp,at://did:plc:66lbtw2porscqpmair6mir37/app.bsky.feed.generator/aaabkznpn5x2g,suggested_labelerexp,at://did:plc:rapttfpvzzpsz4v5fu2xdwmt/app.bsky.feed.post/3mg3aroh4d22s,bafyreidd7a2nnmrj3lbak3cmos3xdihqb2mtdvjbvllco7ud7llbjo77u4,did:plc:rapttfpvzzpsz4v5fu2xdwmt,richpuchalsky.bsky.social,2026-03-02T12:25:39.316Z,2026-03-02T12:25:39.750Z,"How are ""oil prices"" conceivably imposing pain on Trump?  The US exports oil.  Trump supports fossil fuels and their only chance for prices rising after supply has exceeded renewables-lessened demand is war."
dea05c707d0b4dc0a8ab0934cbe123ec,2026-03-02T13:00:00Z,2026-03-02T13:21:50Z,auth,auth_enUS_labelerexp,at://did:plc:66lbtw2porscqpmair6mir37/app.bsky.feed.generator/aaabkznpn5x2g,suggested_labelerexp,at://did:plc:i5jff2sikigjklnj3am7xvqf/app.bsky.feed.post/3mg3ailu7uk2d,bafyreifacvvefoulnjztmzdkdxzjmofeleq32f22l2jzole67c7bu35m5e,did:plc:i5jff2sikigjklnj3am7xvqf,sdinpraxis.bsky.social,2026-03-02T12:20:34.610Z,2026-03-02T12:20:36.954Z,"The greatest and most lethal military on earth, yes?

Three US warplanes shot down by (un)friendly fire over Kuwait."
dea05c707d0b4dc0a8ab0934cbe123ec,2026-03-02T13:00:00Z,2026-03-02T13:21:50Z,auth,auth_enUS_labelerexp,at://did:plc:66lbtw2porscqpmair6mir37/app.bsky.feed.generator/aaabkznpn5x2g,suggested_labelerexp,at://did:plc:yof6hvayg5n7ueist6ldtzvh/app.bsky.feed.post/3mg3acrzosk2n,bafyreihii34b54aiuvg5eb5caqeju5mjov73jpvxw3k2thnh5lzmla4kly,did:plc:yof6hvayg5n7ueist6ldtzvh,climatecentreuk.bsky.social,2026-03-02T12:17:19.754Z,2026-03-02T12:17:23.453Z,"Environmental values makes you sexier

Nearly three in four young daters say shared environmental values matter as much as physical attraction, with many ditching dates over littering, fast fashion or climate apathy. 

www.thetimes.com/article/2e83..."
dea05c707d0b4dc0a8ab0934cbe123ec,2026-03-02T13:00:00Z,2026-03-02T13:21:51Z,auth,auth_enUS_labelerexp,at://did:plc:7opjnfmb6gtbgjrsr3777ujx/app.bsky.feed.generator/aaagz4bmp5o3c,suggested_labelerexp,at://did:plc:ves44eydg4jdfr3otc4pn2sj/app.bsky.feed.post/3mg3def25m22f,bafyreiakx63vsh7ibqjjj6jx3asrqc623ybjkl3rmomfn6yx3ymgwyjzae,did:plc:ves44eydg4jdfr3otc4pn2sj,diasandesu.bsky.social,2026-03-02T13:11:54.473Z,2026-03-02T13:11:56.783Z,kelarin nonton bridgerton 😁
dea05c707d0b4dc0a8ab0934cbe123ec,2026-03-02T13:00:00Z,2026-03-02T13:21:51Z,auth,auth_enUS_labelerexp,at://did:plc:7opjnfmb6gtbgjrsr3777ujx/app.bsky.feed.generator/aaagz4bmp5o3c,suggested_labelerexp,at://did:plc:jpkmb3msfzbwxa7wiri5nj7q/app.bsky.feed.post/3mg3cy3v5sk2b,bafyreiaddmeppr22gt3ewrwn23fpxl3uvpnwjlunxbyxlbsmqkqv3bsxsm,did:plc:jpkmb3msfzbwxa7wiri5nj7q,naskeptun.bsky.social,2026-03-02T13:05:02.218Z,2026-03-02T13:05:03.461Z,ini twitter gangguan apa emang koneksi guenya
dea05c707d0b4dc0a8ab0934cbe123ec,2026-03-02T13:00:00Z,2026-03-02T13:21:51Z,auth,auth_enUS_labelerexp,at://did:plc:7opjnfmb6gtbgjrsr3777ujx/app.bsky.feed.generator/aaagz4bmp5o3c,suggested_labelerexp,at://did:plc:oerqmoazlrpzdrn75fjllhpx/app.bsky.feed.post/3mg3cxdkvj22b,bafyreighekrp7ormgtzf35ix75h4npggu3xuh4upg5n7l6vbpklga6ni3i,did:plc:oerqmoazlrpzdrn75fjllhpx,blueranko.bsky.social,2026-03-02T13:04:36.716Z,2026-03-02T13:04:38.753Z,apakah wtr akpy granit sm kr bisa maen lol bareng? kita tunggu episode berikutnya.... DITUNGGU ANJAY COLLABNYA
dea05c707d0b4dc0a8ab0934cbe123ec,2026-03-02T13:00:00Z,2026-03-02T13:21:51Z,auth,auth_enUS_labelerexp,at://did:plc:7opjnfmb6gtbgjrsr3777ujx/app.bsky.feed.generator/aaagz4bmp5o3c,suggested_labelerexp,at://did:plc:bekashmxte73d2fv6ln6omus/app.bsky.feed.post/3mg3ctestks2p,bafyreid3d5pza4yqkx5z5bjbh736wxawr5omgq6kdscslhtqltxoac6k6e,did:plc:bekashmxte73d2fv6ln6omus,t-boyaki.bsky.social,2026-03-02T13:02:23.808Z,2026-03-02T13:02:24.550Z,初星学園 「キミとセミブルー」Official Music Video (HATSUBOSHI GAKUEN - Kimi to Semi Blue) https://youtu.be/Z-LWjF5J6Mw?si=zOytrqaaxHg9ATHp @YouTubeより
dea05c707d0b4dc0a8ab0934cbe123ec,2026-03-02T13:00:00Z,2026-03-02T13:21:51Z,auth,auth_enUS_labelerexp,at://did:plc:7opjnfmb6gtbgjrsr3777ujx/app.bsky.feed.generator/aaagz4bmp5o3c,suggested_labelerexp,at://did:plc:24jcuokv3d2s3ljc6nssjuao/app.bsky.feed.post/3mg3cctkauc2f,bafyreiaf6n7f32exep6ofppp4wpqv7gwm2bepc4x7bl45fk3y6pj3dg2ha,did:plc:24jcuokv3d2s3ljc6nssjuao,aca.fairy.blue,2026-03-02T12:53:08.829Z,2026-03-02T12:53:10.654Z,hari ini berat banget ya Allah
dea05c707d0b4dc0a8ab0934cbe123ec,2026-03-02T13:00:00Z,2026-03-02T13:21:51Z,auth,auth_enUS_labelerexp,at://did:plc:7opjnfmb6gtbgjrsr3777ujx/app.bsky.feed.generator/aaagz4bmp5o3c,suggested_labelerexp,at://did:plc:c3upwzlq3nq5iuc4bilif7x4/app.bsky.feed.post/3mg3c6jacy22z,bafyreib5nrklyinic5a4atjdja53inqiq4shcsdwvfecr5zjpw5q4ix7sy,did:plc:c3upwzlq3nq5iuc4bilif7x4,wildanuwil.bsky.social,2026-03-02T12:50:43.801Z,2026-03-02T12:50:45.251Z,beres makan ku terus modol
dea05c707d0b4dc0a8ab0934cbe123ec,2026-03-02T13:00:00Z,2026-03-02T13:21:51Z,auth,auth_enUS_labelerexp,at://did:plc:7opjnfmb6gtbgjrsr3777ujx/app.bsky.feed.generator/aaagz4bmp5o3c,suggested_labelerexp,at://did:plc:pg3soqrl2c523wkqfxt6v2a6/app.bsky.feed.post/3mg3b65yn222k,bafyreibxcjvncdubtncpytcirzerqa7ucqabxkqmv4xowwu64qatyxnasq,did:plc:pg3soqrl2c523wkqfxt6v2a6,booqy.bsky.social,2026-03-02T12:32:38.271Z,2026-03-02T12:32:39.758Z,"if tani and taira have a child together, the child is me, and someone like miyu is like a lifesaver sent by God 😭 or that’s how i see all my friends 🫶🏻"
dea05c707d0b4dc0a8ab0934cbe123ec,2026-03-02T13:00:00Z,2026-03-02T13:21:51Z,auth,auth_enUS_labelerexp,at://did:plc:7opjnfmb6gtbgjrsr3777ujx/app.bsky.feed.generator/aaagz4bmp5o3c,suggested_labelerexp,at://did:plc:pvmsalsa7sxwkkn7aqphdpd4/app.bsky.feed.post/3mg3b4v5pqs2p,bafyreifcx5bunfcruzpe72bm6ylqf2fgf6gafrozrk7kc2dstte2jxtufy,did:plc:pvmsalsa7sxwkkn7aqphdpd4,gekikaracurryrice.bsky.social,2026-03-02T12:31:55.447Z,2026-03-02T12:31:57.160Z,"Sambung Kata...

Tapi musuh SELALU pakai akhiran X.
Resek banget dah kalau ketemu player kayak gini."
dea05c707d0b4dc0a8ab0934cbe123ec,2026-03-02T13:00:00Z,2026-03-02T13:21:51Z,auth,auth_enUS_labelerexp,at://did:plc:7opjnfmb6gtbgjrsr3777ujx/app.bsky.feed.generator/aaagz4bmp5o3c,suggested_labelerexp,at://did:plc:hulegx7uainxpulv5w4lpcmx/app.bsky.feed.post/3mg3apscbls2s,bafyreieqakfudg3p55mdinm5ce33cd6xuzocvpzmhxfwjg6srshbgbpthm,did:plc:hulegx7uainxpulv5w4lpcmx,otaku-anime.bsky.social,2026-03-02T12:24:36.236Z,2026-03-02T12:24:46.957Z,"Bukannya ikut premier One Piece Season 2 bersama para pemeran lain, Mackenyu malah nyasar ke toko kartu lokal dan ikut turnamen One Piece TCG dadakan!"
dea05c707d0b4dc0a8ab0934cbe123ec,2026-03-02T13:00:00Z,2026-03-02T13:21:55Z,auth,auth_enUS_labelerexp,at://did:plc:geoqe3qls5mwezckxxsewys2/app.bsky.feed.generator/aaai43yetqshu,suggested_labelerexp,at://did:plc:3ciofzdn6kxemhbroojhkndi/app.bsky.feed.post/3mg3drtevo222,bafyreihf2foyipxi65lgn4bqnmlvbvnlj63k3pin5ow6nim33toofmese4,did:plc:3ciofzdn6kxemhbroojhkndi,nanascookbooks.bsky.social,2026-03-02T13:19:25.704Z,2026-03-02T13:19:29.655Z,"I like the occasional Peanut Butter cookie, but these 1965 Peanut Macaroon. Well, I might need a little more often. Only 4 ingredients and we're just 15 minutes away from a nice, easy treat. Who's interested in one or 4? 🍽️ 🍜 #FoodSky #Cooking #Recipes #RecipeOfTheDay"
dea05c707d0b4dc0a8ab0934cbe123ec,2026-03-02T13:00:00Z,2026-03-02T13:21:56Z,auth,auth_enUS_labelerexp,at://did:plc:gpklcf7ek667c2vpjzb6bc5p/app.bsky.feed.generator/aaair4y7siwjo,suggested_labelerexp,at://did:plc:jnjcs5dd3xxvki6pdlmly23t/app.bsky.feed.post/3mg3dmavh2s2c,bafyreihqhczhxrtj3vmebucutvu33xxnzuav4sziv37s5t4hb4jsllxo4q,did:plc:jnjcs5dd3xxvki6pdlmly23t,libbycreates.com,2026-03-02T13:16:18.559Z,2026-03-02T13:16:21.855Z,"Good morning & happy Monday! 💚✨

Aromantic 0.2 | Celebrating #aromantic & #aspec pride eternally! Illustrated, animated, and optimized as a GIF by hand. View the gentle #kaleidoscope loop on #objkt: objkt.com/tokens/KT1Ux...

#symmetry #art #queerart #abstractart #tezos"
dea05c707d0b4dc0a8ab0934cbe123ec,2026-03-02T13:00:00Z,2026-03-02T13:21:56Z,auth,auth_enUS_labelerexp,at://did:plc:gpklcf7ek667c2vpjzb6bc5p/app.bsky.feed.generator/aaair4y7siwjo,suggested_labelerexp,at://did:plc:wzltxz6nmiszxln2uxlc6yhg/app.bsky.feed.post/3mg3c6yeadc2x,bafyreicarv35awny5ntvyemrhrh3jt7bxqh6m2lczcgooadnu6upq6cne4,did:plc:wzltxz6nmiszxln2uxlc6yhg,raphael-intime.bsky.social,2026-03-02T12:50:59.646Z,2026-03-02T12:51:07.852Z,"Mon petit amoureux, et ses formes qui ondulent élégamment...
#nudeportrait #malenude #gayboy #gayvibes #naked #queerartist #lgbtq #mademodel #nudemale #nudemodel #gaynaked"
dea05c707d0b4dc0a8ab0934cbe123ec,2026-03-02T13:00:00Z,2026-03-02T13:21:56Z,auth,auth_enUS_labelerexp,at://did:plc:gpklcf7ek667c2vpjzb6bc5p/app.bsky.feed.generator/aaair4y7siwjo,suggested_labelerexp,at://did:plc:7vwuwxnyre5wgntjjzjvxion/app.bsky.feed.post/3mg3c62vp7224,bafyreiet3ls2hb6zhmixat3gyahfoctk4obsg47xytr2bylawy2hcvuy74,did:plc:7vwuwxnyre5wgntjjzjvxion,laceoni.bsky.social,2026-03-02T12:50:28.770Z,2026-03-02T12:50:43.454Z,#gayart #gay #porn #gayporn #Art #bigdick #bigcock #pornaddict #bareback #hung #nsfw #butt #ass #balls #sex #mansex #nude #naked #gaysex #cock #dick #muscles #hugecock  #blowjob #suckcock #Homoerotic #GayEroticArt #QueerArt  #LGBTQArt #QueerArtists  #NSFWArt #CommissionsOpen
dea05c707d0b4dc0a8ab0934cbe123ec,2026-03-02T13:00:00Z,2026-03-02T13:21:56Z,auth,auth_enUS_labelerexp,at://did:plc:hsqwcidfez66lwm3gxhfv5in/app.bsky.feed.generator/aaaf2pqeodmpy,suggested_labelerexp,at://did:plc:btwjxcid7kcwyoyn5trms5mc/app.bsky.feed.post/3mg3dahegc22q,bafyreict3xxmvtpmrvbd6wfasuvnknvvdydicpxbjvognwwg4cbndenbsy,did:plc:btwjxcid7kcwyoyn5trms5mc,nuiipointer.bsky.social,2026-03-02T13:09:42.686Z,2026-03-02T13:09:47.757Z,"Curling birch bark and a tinder fungus. 
#naturephotography #fungifriends"
dea05c707d0b4dc0a8ab0934cbe123ec,2026-03-02T13:00:00Z,2026-03-02T13:21:56Z,auth,auth_enUS_labelerexp,at://did:plc:hsqwcidfez66lwm3gxhfv5in/app.bsky.feed.generator/aaaf2pqeodmpy,suggested_labelerexp,at://did:plc:retj4dvjw7lwtgkctckfk77z/app.bsky.feed.post/3mg3ao52e7c2z,bafyreietonzho6xv2t4mcosuowxxspzgpwg7c644qx2wbijfwrnqkbpm34,did:plc:retj4dvjw7lwtgkctckfk77z,wildlightglass.bsky.social,2026-03-02T12:23:40.404Z,2026-03-02T12:23:47.055Z,"Elf cup mushrooms spotted on a little weekend hike.❤️
#mushroommonday #fungifriends #mushroom #naturelover"
dea05c707d0b4dc0a8ab0934cbe123ec,2026-03-02T13:00:00Z,2026-03-02T13:22:01Z,auth,auth_enUS_labelerexp,at://did:plc:odqmsar3ikz5ubokya4sempk/app.bsky.feed.generator/aaahudddd6mww,suggested_labelerexp,at://did:plc:6hpntnyt44etfnrwvxikq6w5/app.bsky.feed.post/3mg3d3v5qjc2w,bafyreia7sazyij3c3cs2xbxnxdivsdfvwbgbbegzx2esaefgvx6ax7rh6m,did:plc:6hpntnyt44etfnrwvxikq6w5,mrfulero.bsky.social,2026-03-02T13:07:09.377Z,2026-03-02T13:07:12.357Z,"Still Open!

#reminder

#furry #furryart #art #couple #YCH #commission #commissions #CommsOpen"
dea05c707d0b4dc0a8ab0934cbe123ec,2026-03-02T13:00:00Z,2026-03-02T13:22:01Z,auth,auth_enUS_labelerexp,at://did:plc:odqmsar3ikz5ubokya4sempk/app.bsky.feed.generator/aaahudddd6mww,suggested_labelerexp,at://did:plc:lx4uh35rhl3halfqvw25lci5/app.bsky.feed.post/3mg3cm6kdl22r,bafyreicmludhpmpubsjcbudkj542u54qjxzbygen4zpf4gcxc3m4jz4j5a,did:plc:lx4uh35rhl3halfqvw25lci5,carmadaartist.bsky.social,2026-03-02T12:58:22.354Z,2026-03-02T12:58:31.558Z,"✨ANNOUCEMENT✨

Ello everyone! I've opened my VGen account for the first time! :D You can now follow and request commissions there! :3

Also, if you're wondering, I still accept DM comms as usual :3 

✨Link below✨
🔃RTs are appreciated!🔃
#VGen #VgenOpen #commissionopen #animeartist #commsopen"
dea05c707d0b4dc0a8ab0934cbe123ec,2026-03-02T13:00:00Z,2026-03-02T13:22:01Z,auth,auth_enUS_labelerexp,at://did:plc:odqmsar3ikz5ubokya4sempk/app.bsky.feed.generator/aaahudddd6mww,suggested_labelerexp,at://did:plc:7dt3uxl7i6hhagajwc5y4f3r/app.bsky.feed.post/3mg3bnu37vk2t,bafyreics72qenxnsdr4idfol6dqwpycr42ojq4poffyqleqa47ug2ijpnq,did:plc:7dt3uxl7i6hhagajwc5y4f3r,huephori3a.bsky.social,2026-03-02T12:41:24.741Z,2026-03-02T12:41:30.459Z,"MY Comm Slots are OPEN guys~ 3 slots OPEN!
Something that I have been working on~🎀💖✨
#artmoots #commissionsopen"
dea05c707d0b4dc0a8ab0934cbe123ec,2026-03-02T13:00:00Z,2026-03-02T13:22:02Z,auth,auth_enUS_labelerexp,at://did:plc:p2hhevq3w2kxgw3csyailya3/app.bsky.feed.generator/aaafrn54usbj6,suggested_labelerexp,at://did:plc:xb2mr6xztwpzzk44oq5wejty/app.bsky.feed.post/3mg3c6m4tw22t,bafyreigemgqbaxwcoijwfsr4kptlrusffevu2jdhok3g4wau2drox7wylq,did:plc:xb2mr6xztwpzzk44oq5wejty,smart-translate.bsky.social,2026-03-02T12:50:46.832Z,2026-03-02T12:50:52.561Z,"[Interactive] 1️⃣ #language became ½ the world's words: trace the journey of the Proto-Indo-European #language family from the Pontic-Caspian steppe to Sanskrit, Greek, Latin & English, through genetics, archaeology, #linguistics, & myth
indo-european-explorer.com"
dea05c707d0b4dc0a8ab0934cbe123ec,2026-03-02T13:00:00Z,2026-03-02T13:22:02Z,auth,auth_enUS_labelerexp,at://did:plc:p2hhevq3w2kxgw3csyailya3/app.bsky.feed.generator/aaafrn54usbj6,suggested_labelerexp,at://did:plc:7dci446b5huq4ilylostexyd/app.bsky.feed.post/3mg3c2ctb6s2c,bafyreih55jd6f6wnhpmdrf4cnlynjy7e77x3zacaccb6rjbvdgsn7ze73e,did:plc:7dci446b5huq4ilylostexyd,homosocialen.bsky.social,2026-03-02T12:48:22.864Z,2026-03-02T12:48:23.955Z,"Jag var inte svensk i Sverige, och inte turk i Turkiet (när vi var där på semester). Mellanförskap, eller third culture kid (TCK). Fast i Berlin... där var jag definitivt inte turk för jag aldrig bott där. Och jag hängde mest med svennar som såg mig som jämnlik, något som inte va lika vanligt här..."
dea05c707d0b4dc0a8ab0934cbe123ec,2026-03-02T13:00:00Z,2026-03-02T13:22:02Z,auth,auth_enUS_labelerexp,at://did:plc:p2hhevq3w2kxgw3csyailya3/app.bsky.feed.generator/aaafrn54usbj6,suggested_labelerexp,at://did:plc:puz4yhu5bqxqyea2wm3uoif2/app.bsky.feed.post/3mg3bymdckc2w,bafyreicjm42zm7m2bqomk6wnskurngyhdpkxvn2f5evz7hwx2jp7gca3g4,did:plc:puz4yhu5bqxqyea2wm3uoif2,sorensorensen.bsky.social,2026-03-02T12:47:25.717Z,2026-03-02T12:47:25.452Z,"Does anyone know any criticism of ""open-ended questions"" or discussions of their limitations (esp. in the context of police interviews)? #linguistics"
dea05c707d0b4dc0a8ab0934cbe123ec,2026-03-02T13:00:00Z,2026-03-02T13:22:02Z,auth,auth_enUS_labelerexp,at://did:plc:p2hhevq3w2kxgw3csyailya3/app.bsky.feed.generator/aaafrn54usbj6,suggested_labelerexp,at://did:plc:goniz2qgniwmwqpmshvxvv2s/app.bsky.feed.post/3mg3bmyenrs2w,bafyreigj5n4mqui6yrfbm747naajwxp3jqdtfm3rofgq2hmvsvngf4fhs4,did:plc:goniz2qgniwmwqpmshvxvv2s,wordorigins.bsky.social,2026-03-02T12:40:55.691Z,2026-03-02T12:40:58.861Z,"Turtle Island

#etymology #wordorigins #language"
dea05c707d0b4dc0a8ab0934cbe123ec,2026-03-02T13:00:00Z,2026-03-02T13:22:02Z,auth,auth_enUS_labelerexp,at://did:plc:p2hhevq3w2kxgw3csyailya3/app.bsky.feed.generator/aaafrn54usbj6,suggested_labelerexp,at://did:plc:fbwjjrmpku2fpvhr7hqwstnf/app.bsky.feed.post/3mg3bhehr3c2b,bafyreigj52lo5xpj655yzy2idtzgkngg3tdjcq4qk5mjpscreah6mnqdgy,did:plc:fbwjjrmpku2fpvhr7hqwstnf,verbingnouns.bsky.social,2026-03-02T12:37:47.048Z,2026-03-02T12:37:47.849Z,"Idk why I'm trying to defend this. I don't have any stake in the work. Maybe it's because I've been trying to inject sociolinguistics into my psycholinguistic work for as long as I've been a psycholinguist, and people are finally making it more standard to do so? But it's not new! It's just hard!"
dea05c707d0b4dc0a8ab0934cbe123ec,2026-03-02T13:00:00Z,2026-03-02T13:22:02Z,auth,auth_enUS_labelerexp,at://did:plc:p2hhevq3w2kxgw3csyailya3/app.bsky.feed.generator/aaafrn54usbj6,suggested_labelerexp,at://did:plc:zjgyxs6bqne7tua7rj6u3d5w/app.bsky.feed.post/3mg3berkgtc26,bafyreibi3jionvjodigun2etvkewsc3i7lyfueqx4oy2hntjn7j2trb4ry,did:plc:zjgyxs6bqne7tua7rj6u3d5w,thezeldapagan.bsky.social,2026-03-02T12:36:20.098Z,2026-03-02T12:36:21.353Z,"Hīe dydon eall þis in hiera lust to nimenne þā mihte grēate þe gyden bearg. Sēo miht þe hēo bearg wæs ānlīċ. Ġeboden fram godum ealdum tō þǣre gydenne, þēos miht ġeof þæt ġemet healderum to ġesċīeppenne wyrd.

#legendofzelda #oldenglish #translation #linguistics #skywardsword #triforce #hylia"
dea05c707d0b4dc0a8ab0934cbe123ec,2026-03-02T13:00:00Z,2026-03-02T13:22:02Z,auth,auth_enUS_labelerexp,at://did:plc:p2hhevq3w2kxgw3csyailya3/app.bsky.feed.generator/aaafrn54usbj6,suggested_labelerexp,at://did:plc:45qzd2uoeuixtc64wuv6objq/app.bsky.feed.post/3mg3asna3hxz2,bafyreiawmpnfkg6qvltouxde4ybdvy7vryjeamnhfiaxbgsu5fnjihseiq,did:plc:45qzd2uoeuixtc64wuv6objq,helloworld.stefanbohacek.online.ap.brid.gy,2026-03-02T12:26:08.000Z,2026-03-02T12:26:12.561Z,Hello from British Indian Ocean Territory! #HelloWorld #BritishIndianOceanTerritory #language #linguistics
dea05c707d0b4dc0a8ab0934cbe123ec,2026-03-02T13:00:00Z,2026-03-02T13:22:03Z,auth,auth_enUS_labelerexp,at://did:plc:tazrmeme4dzahimsykusrwrk/app.bsky.feed.generator/anime-en-new,suggested_labelerexp,at://did:plc:z66s7yupk4tkukvl6yjjo4fj/app.bsky.feed.post/3mg3dunt4vk2h,bafyreigt3n3pxsdomffwic2evvjgqfmt52dmjw2civtkpcm2agu2yyve6u,did:plc:z66s7yupk4tkukvl6yjjo4fj,goodharo.bsky.social,2026-03-02T13:21:00.551Z,2026-03-02T13:21:00.949Z,Anyway instead of shitty AI tl or typesetting someone should invest in automated OCR software to put manga scripts into spreadsheets for easy searching to match flashback text and shit like that
dea05c707d0b4dc0a8ab0934cbe123ec,2026-03-02T13:00:00Z,2026-03-02T13:22:03Z,auth,auth_enUS_labelerexp,at://did:plc:tazrmeme4dzahimsykusrwrk/app.bsky.feed.generator/anime-en-new,suggested_labelerexp,at://did:plc:eb46x4fr253kqenzwf47gwln/app.bsky.feed.post/3mg3dulgze226,bafyreida7glbgwpfiedmuw32kqvholdsht3mgqucie2cvmirs6wlvu6uk4,did:plc:eb46x4fr253kqenzwf47gwln,paulaedith.com,2026-03-02T13:20:58.046Z,2026-03-02T13:21:00.654Z,Share your art and nationality.
dea05c707d0b4dc0a8ab0934cbe123ec,2026-03-02T13:00:00Z,2026-03-02T13:22:03Z,auth,auth_enUS_labelerexp,at://did:plc:tazrmeme4dzahimsykusrwrk/app.bsky.feed.generator/anime-en-new,suggested_labelerexp,at://did:plc:6hefesmrepjedwti2wzf22th/app.bsky.feed.post/3mg3dubudus27,bafyreihsfasnyag7q37jxdeanrdvl3u6ocdqf2zkh6ilspqrqeylwnj2ra,did:plc:6hefesmrepjedwti2wzf22th,mrspiraphantom.bsky.social,2026-03-02T13:20:48.007Z,2026-03-02T13:20:57.251Z,"You're the first Vanitas fan I've seen around here and now I remember Case Study exists. Man, I think I haven't picked it up since volume 4? I'm so bad with ongoing series, zero patience in me😅

Happen to read other manga not on this short list?"
dea05c707d0b4dc0a8ab0934cbe123ec,2026-03-02T13:00:00Z,2026-03-02T13:22:03Z,auth,auth_enUS_labelerexp,at://did:plc:tazrmeme4dzahimsykusrwrk/app.bsky.feed.generator/anime-en-new,suggested_labelerexp,at://did:plc:u5bw5rpq7imwykprkhtyp6qa/app.bsky.feed.post/3mg3dtreibk2i,bafyreib5t6dcsifry4wc53ewpeo6bwnnm2b4i67daunvxupc6guxpczpui,did:plc:u5bw5rpq7imwykprkhtyp6qa,darylsurat.bsky.social,2026-03-02T13:20:30.710Z,2026-03-02T13:20:31.154Z,"Shogakukan and the Manga One Editorial Department revealed that Tatsuya Matsuki, the arrested & convicted writer of “Act-Age,” has been working for their series Seisou no Shinrishi (The Psychologist of the Stars) under the penname of Miki Yatsunami. It is now halted. www.shogakukan.co.jp/news/477332"
dea05c707d0b4dc0a8ab0934cbe123ec,2026-03-02T13:00:00Z,2026-03-02T13:22:03Z,auth,auth_enUS_labelerexp,at://did:plc:tazrmeme4dzahimsykusrwrk/app.bsky.feed.generator/anime-en-new,suggested_labelerexp,at://did:plc:ycdelb3tgx3ipbcbc3gjit5x/app.bsky.feed.post/3mg3dtp5bxc25,bafyreiaa6whvbs3nkfbqyqom43kgvcvspfb75bobznx3eqehkvjec24kvm,did:plc:ycdelb3tgx3ipbcbc3gjit5x,homata1.bsky.social,2026-03-02T13:20:28.375Z,2026-03-02T13:20:30.862Z,Most of the artist I saved have anime art style but your art style is quiet cartoonish but still definitely has aesthetics to it
dea05c707d0b4dc0a8ab0934cbe123ec,2026-03-02T13:00:00Z,2026-03-02T13:22:03Z,auth,auth_enUS_labelerexp,at://did:plc:tazrmeme4dzahimsykusrwrk/app.bsky.feed.generator/anime-en-new,suggested_labelerexp,at://did:plc:f6knt4s43flx33cnu27xy2ax/app.bsky.feed.post/3mg3dth7loj2g,bafyreihdwiciixckdun2v76xchflawdffp2o2py4kiildzkoszcd6ejvsy,did:plc:f6knt4s43flx33cnu27xy2ax,fandompost.com,2026-03-02T13:20:19Z,2026-03-02T13:20:20.255Z,Twenty Years Later: Eureka Seven Anime Series
dea05c707d0b4dc0a8ab0934cbe123ec,2026-03-02T13:00:00Z,2026-03-02T13:22:03Z,auth,auth_enUS_labelerexp,at://did:plc:tazrmeme4dzahimsykusrwrk/app.bsky.feed.generator/anime-en-new,suggested_labelerexp,at://did:plc:vrmfcndwvfoobjbexgicnqav/app.bsky.feed.post/3mg3dsgfxvk2a,bafyreigdx7n7hvbe7gv4sy7yhg5sfpyvegqc7skc73vxhhj5raczvllnve,did:plc:vrmfcndwvfoobjbexgicnqav,animachronicle.bsky.social,2026-03-02T13:19:45.670Z,2026-03-02T13:19:58.455Z,"📢【MAO】Starttermin steht fest! + Neues Visual & Trailer ✨️

📆 Starttermin 》4. April 2026
📺 Simulcast 》TBA
✨ Genre 》Mystery, Supernatural
🎬 Studio 》Sunrise
▶ Trailer 》
youtu.be/eVfpoS0rjw0?...

#アニメMAO #MAO #MAOanime #アニメ #Anime #AnimeNews"
dea05c707d0b4dc0a8ab0934cbe123ec,2026-03-02T13:00:00Z,2026-03-02T13:22:03Z,auth,auth_enUS_labelerexp,at://did:plc:tazrmeme4dzahimsykusrwrk/app.bsky.feed.generator/anime-en-new,suggested_labelerexp,at://did:plc:q3jopq5imjkocbqrnmxozm43/app.bsky.feed.post/3mg3drvpr6c26,bafyreihras7gx2msgwveqinzgfpxmsdzesh6njdumaomtkwvhufislmgjm,did:plc:q3jopq5imjkocbqrnmxozm43,sam-animeherald.bsky.social,2026-03-02T13:19:28.165Z,2026-03-02T13:19:28.156Z,"In all my years covering anime and manga, I never thought I'd watch in real-time as members of the greater industry explicitly worked to forget the lessons it learned in the first implosion as it explicitly tries to murder itself a second time, in the name of short-term profits."
dea05c707d0b4dc0a8ab0934cbe123ec,2026-03-02T13:00:00Z,2026-03-02T13:22:03Z,auth,auth_enUS_labelerexp,at://did:plc:tazrmeme4dzahimsykusrwrk/app.bsky.feed.generator/anime-en-new,suggested_labelerexp,at://did:plc:erqvxgmmg5fksn2tlfzltjjf/app.bsky.feed.post/3mg3dr33cu22m,bafyreiauhlq646w26swcumq7ks5knseehoppyvkyviai2xmjkmu3c5ppzy,did:plc:erqvxgmmg5fksn2tlfzltjjf,lycowolfbunny.bsky.social,2026-03-02T13:19:00.233Z,2026-03-02T13:19:05.666Z,"Oh no, I just got into anime and wanted to understand it without subtitles. I actually started playing Pokemon in Japanese from Pearl/Diamond!"
dea05c707d0b4dc0a8ab0934cbe123ec,2026-03-02T13:00:00Z,2026-03-02T13:22:03Z,auth,auth_enUS_labelerexp,at://did:plc:tazrmeme4dzahimsykusrwrk/app.bsky.feed.generator/anime-en-new,suggested_labelerexp,at://did:plc:zjrbnmnavjnyi7bwvzbnhu6a/app.bsky.feed.post/3mg3dqtozdc24,bafyreie6ertgjoco42kr5b3of2i4ki2c6agln5motrqd4azs3utatbmzoq,did:plc:zjrbnmnavjnyi7bwvzbnhu6a,redorangered.bsky.social,2026-03-02T13:18:52.480Z,2026-03-02T13:18:57.157Z,"Angel Youngs one piece Queen
#goonsky
#angelyoungs
#onepiece
#goddess"
dea05c707d0b4dc0a8ab0934cbe123ec,2026-03-02T13:00:00Z,2026-03-02T13:22:03Z,auth,auth_enUS_labelerexp,at://did:plc:tazrmeme4dzahimsykusrwrk/app.bsky.feed.generator/anime-en-new,suggested_labelerexp,at://did:plc:p25pzzszjm7j4mrgmvucrq3e/app.bsky.feed.post/3mg3dqeszv22t,bafyreiairlxe4ihdogwkxoowd5qxyekeii6in5ntwvrpoehthpskjtydx4,did:plc:p25pzzszjm7j4mrgmvucrq3e,geha714.bsky.social,2026-03-02T13:18:36.882Z,2026-03-02T13:18:40.754Z,www.youtube.com/watch?v=3XDu... Anime Tourism: A Discussion | #animetourism | Quest 042 by @questforthebestpod.bsky.social
dea05c707d0b4dc0a8ab0934cbe123ec,2026-03-02T13:00:00Z,2026-03-02T13:22:03Z,auth,auth_enUS_labelerexp,at://did:plc:tazrmeme4dzahimsykusrwrk/app.bsky.feed.generator/anime-en-new,suggested_labelerexp,at://did:plc:plp76p56mg5tffgb47lj4tof/app.bsky.feed.post/3mg3dpvcrys2w,bafyreidozxtj6fl4lf4r4ff5cqs3ux5mvaawl5i2b5smc4kdardnwpfrh4,did:plc:plp76p56mg5tffgb47lj4tof,torachi.bsky.social,2026-03-02T13:18:20.631Z,2026-03-02T13:18:20.953Z,"Also the 7S news is so heartbreaking. Their manga/novels are priced a lot higher than other publishers, they usually publish more obscure stuff and have a monopoly on the English danmei publishing industry.

I do not want AI at all!!!!"
dea05c707d0b4dc0a8ab0934cbe123ec,2026-03-02T13:00:00Z,2026-03-02T13:22:03Z,auth,auth_enUS_labelerexp,at://did:plc:tazrmeme4dzahimsykusrwrk/app.bsky.feed.generator/anime-en-new,suggested_labelerexp,at://did:plc:lftclwtosrtf5xhm2xgeblxx/app.bsky.feed.post/3mg3dpp6mns2r,bafyreibx4nokznweahmjj6qrfhqiabzt3fy5lu3qq3vhlci3l3f3jhopce,did:plc:lftclwtosrtf5xhm2xgeblxx,andariya.art,2026-03-02T13:18:14.202Z,2026-03-02T13:18:12.652Z,"Sometimes I wonder if making a light novel first and then making the manga is the right call. 

I'm like, should I just pick one instead? But I also enjoy writing prose and LNs and I already know a manga would take me forever. So making that first as a ""base"" to get people hooked feels right..."
dea05c707d0b4dc0a8ab0934cbe123ec,2026-03-02T13:00:00Z,2026-03-02T13:22:03Z,auth,auth_enUS_labelerexp,at://did:plc:tazrmeme4dzahimsykusrwrk/app.bsky.feed.generator/anime-en-new,suggested_labelerexp,at://did:plc:zbhrzaergnjf6u2xnau3zmag/app.bsky.feed.post/3mg3dpcfdy22q,bafyreiaqs2kr4fzxusfodwyahpnk2igwyze47f3v6sxbtvaxsemwe4tuma,did:plc:zbhrzaergnjf6u2xnau3zmag,gaogaichar.bsky.social,2026-03-02T13:18:00.793Z,2026-03-02T13:18:01.050Z,"got caught up with meitantei precure, incredible show"
dea05c707d0b4dc0a8ab0934cbe123ec,2026-03-02T13:00:00Z,2026-03-02T13:22:03Z,auth,auth_enUS_labelerexp,at://did:plc:tazrmeme4dzahimsykusrwrk/app.bsky.feed.generator/anime-en-new,suggested_labelerexp,at://did:plc:nmkyjbtirzrnvdupkvg4j7os/app.bsky.feed.post/3mg3doh7rsk2d,bafyreibxpty5czwjft7fp4da3uhdcz7h7cb4ktex6g2fyfa7rfrqtn64pi,did:plc:nmkyjbtirzrnvdupkvg4j7os,megaotakuhs.bsky.social,2026-03-02T13:17:32.297Z,2026-03-02T13:17:34.755Z,Good Monday Morning Otakus and Everyone. New School/Work Week Begins. But Its A Little Bit Of Snow Outside. Stay Safe + Have A Good Week. #Naruto
dea05c707d0b4dc0a8ab0934cbe123ec,2026-03-02T13:00:00Z,2026-03-02T13:22:03Z,auth,auth_enUS_labelerexp,at://did:plc:tazrmeme4dzahimsykusrwrk/app.bsky.feed.generator/anime-en-new,suggested_labelerexp,at://did:plc:6j5xvxd6hylaqrqv3kzuna7s/app.bsky.feed.post/3mg3dof5lnc2o,bafyreiebusflctpouk3sml5jdh4xdvjjqlnquepudo6g6evhjmpdc2hrj4,did:plc:6j5xvxd6hylaqrqv3kzuna7s,reichuyu.bsky.social,2026-03-02T13:17:30.130Z,2026-03-02T13:17:30.353Z,"Went to the first bookoff in Michigan and got overwhelmed

Way too many people, it smelt like anime convention, I tried to sell some figures and they were willing to give me $3 for each of them which is insane, and my crowd anxiety was not happy

I'll go back in like a month"
dea05c707d0b4dc0a8ab0934cbe123ec,2026-03-02T13:00:00Z,2026-03-02T13:22:03Z,auth,auth_enUS_labelerexp,at://did:plc:tazrmeme4dzahimsykusrwrk/app.bsky.feed.generator/anime-en-new,suggested_labelerexp,at://did:plc:nqjy6474x4huijcswgpufrws/app.bsky.feed.post/3mg3dnatxrc2a,bafyreieo2e6qeis2azddanqkv3bka63cpgpcyswrw4trkzkbfadczholh4,did:plc:nqjy6474x4huijcswgpufrws,madocactus.itch.io,2026-03-02T13:16:52.066Z,2026-03-02T13:16:52.553Z, can someone write another isekai manga about modern psychiatry. please.
dea05c707d0b4dc0a8ab0934cbe123ec,2026-03-02T13:00:00Z,2026-03-02T13:22:03Z,auth,auth_enUS_labelerexp,at://did:plc:tazrmeme4dzahimsykusrwrk/app.bsky.feed.generator/anime-en-new,suggested_labelerexp,at://did:plc:5fl25zminphhr2adrc6642ob/app.bsky.feed.post/3mg3dlyod5c2r,bafyreic4v24n5d7dao7s3fk7mzrchsa7tae7l7bwsm4e652t4s2lqiwp2y,did:plc:5fl25zminphhr2adrc6642ob,castleoff.bsky.social,2026-03-02T13:16:09.937Z,2026-03-02T13:16:10.150Z,"ive watched onepiece for one week and got addicted, watched everyday untill finished everything

then watched ALL of it again with 2 friends, love OP so much"
dea05c707d0b4dc0a8ab0934cbe123ec,2026-03-02T13:00:00Z,2026-03-02T13:22:03Z,auth,auth_enUS_labelerexp,at://did:plc:tazrmeme4dzahimsykusrwrk/app.bsky.feed.generator/anime-en-new,suggested_labelerexp,at://did:plc:4if3dmgsvw5s2753faltirmm/app.bsky.feed.post/3mg3dlnr3ec2o,bafyreieauw45m66di5yj7kn2lw5prjzlyuys2t3a5qzwosgyotmna3oeli,did:plc:4if3dmgsvw5s2753faltirmm,witchpunkleha.bsky.social,2026-03-02T13:15:58.493Z,2026-03-02T13:16:00.151Z,someday bandai's gonna make a GQ Garma manga spin off where we finally learned what the fuck his ass was doing this entire time
dea05c707d0b4dc0a8ab0934cbe123ec,2026-03-02T13:00:00Z,2026-03-02T13:22:03Z,auth,auth_enUS_labelerexp,at://did:plc:tazrmeme4dzahimsykusrwrk/app.bsky.feed.generator/anime-en-new,suggested_labelerexp,at://did:plc:4thzhuysumqmbfeg5i4i2vvn/app.bsky.feed.post/3mg3dl6s6622y,bafyreid35kmfwtxzrjref3r4jzofgjx7lxow7b2sri7ixj5m2ahudrhm3e,did:plc:4thzhuysumqmbfeg5i4i2vvn,venomraptor.bsky.social,2026-03-02T13:15:42.793Z,2026-03-02T13:15:48.451Z,"Powerbus.

#ChainsawMan #CSM #Power #SHF #SHFiguarts #SnailShell #anime #manga #ActionFigures #actionfigurephotography #toys
#toyphotography #toypics"
dea05c707d0b4dc0a8ab0934cbe123ec,2026-03-02T13:00:00Z,2026-03-02T13:22:03Z,auth,auth_enUS_labelerexp,at://did:plc:tazrmeme4dzahimsykusrwrk/app.bsky.feed.generator/anime-en-new,suggested_labelerexp,at://did:plc:54zp66xlzhmufbfhwcgexujg/app.bsky.feed.post/3mg3dk33qkc2t,bafyreiffhesnr45eck7637mldj4njfh3qdzekpie6kxcomiaaxy3zzxlhy,did:plc:54zp66xlzhmufbfhwcgexujg,ultimatemegax.bsky.social,2026-03-02T13:15:05.366Z,2026-03-02T13:15:06.350Z,"KyoAni's Hideaki Hatta passed away last month. May his soul rest in peace. Thank you for all the works you helped bring to life and all the lives you touched. Creating a wonderful studio that we all cherish is beyond any words I can give. I'll always remember you fondly.
ご冥福をお祈りします。"
dea05c707d0b4dc0a8ab0934cbe123ec,2026-03-02T13:00:00Z,2026-03-02T13:22:03Z,auth,auth_enUS_labelerexp,at://did:plc:tazrmeme4dzahimsykusrwrk/app.bsky.feed.generator/anime-en-new,suggested_labelerexp,at://did:plc:lxy2qcslv2mw5hlpwh7w5c2t/app.bsky.feed.post/3mg3djyoukc2e,bafyreiedpnx2khfairxklhmoz5u67ppkkyuohrwmjfknzoop55n6k5b7re,did:plc:lxy2qcslv2mw5hlpwh7w5c2t,animenewsnetwork.com,2026-03-02T13:15:01.432+00:00,2026-03-02T13:15:06.061Z,The Apothecary Diaries novel author Hyuganatsu will attend Anime Boston in April.
dea05c707d0b4dc0a8ab0934cbe123ec,2026-03-02T13:00:00Z,2026-03-02T13:22:03Z,auth,auth_enUS_labelerexp,at://did:plc:tazrmeme4dzahimsykusrwrk/app.bsky.feed.generator/anime-en-new,suggested_labelerexp,at://did:plc:36j7nrsbcnry3yfzkfnyrdg4/app.bsky.feed.post/3mg3dir7wjk2o,bafyreicnnf3qundrkv74moznam4dumuiki7zslec7rtmx622zfgczdm3rq,did:plc:36j7nrsbcnry3yfzkfnyrdg4,ncwl.bsky.social,2026-03-02T13:14:21.463Z,2026-03-02T13:14:23.255Z,debating watching detective conan as i am incapable of ever watching any short anime for some reason
dea05c707d0b4dc0a8ab0934cbe123ec,2026-03-02T13:00:00Z,2026-03-02T13:22:03Z,auth,auth_enUS_labelerexp,at://did:plc:tazrmeme4dzahimsykusrwrk/app.bsky.feed.generator/anime-en-new,suggested_labelerexp,at://did:plc:t5ljwggfcdxy6lm2fkv2cja6/app.bsky.feed.post/3mg3dhjfla22f,bafyreidwjmr7bvhtsyvdg7vfeurtzcjkpqgg2kasjgkcnv33guzn6n5a7e,did:plc:t5ljwggfcdxy6lm2fkv2cja6,simyunie.bsky.social,2026-03-02T13:13:38.541Z,2026-03-02T13:13:40.180Z,"anyway uh this show is so violent lmao who said anime's for kids, again??? 😭 even for adults this is too much"
dea05c707d0b4dc0a8ab0934cbe123ec,2026-03-02T13:00:00Z,2026-03-02T13:22:03Z,auth,auth_enUS_labelerexp,at://did:plc:tazrmeme4dzahimsykusrwrk/app.bsky.feed.generator/anime-en-new,suggested_labelerexp,at://did:plc:gwd5r7dbg3zv6dhv75hboa3f/app.bsky.feed.post/3mg3dguh54s2n,bafyreidtscsvmlqfcr22eodn24d4hqh6gl3efzkm2wd3za3xgrh6wpv2x4,did:plc:gwd5r7dbg3zv6dhv75hboa3f,mofu.run,2026-03-02T13:13:17.480Z,2026-03-02T13:13:17.884Z,seeing the comments of people complaining and doomposting after the recent fall of the main manga sites was infuriating
dea05c707d0b4dc0a8ab0934cbe123ec,2026-03-02T13:00:00Z,2026-03-02T13:22:03Z,auth,auth_enUS_labelerexp,at://did:plc:tazrmeme4dzahimsykusrwrk/app.bsky.feed.generator/anime-en-new,suggested_labelerexp,at://did:plc:htq5aiufs64p2movhi5opwxl/app.bsky.feed.post/3mg3dgbzb5k2k,bafyreibgj724d57ojla2napmo5fwnum37cadfmcnzuoplugrmexfxptkm4,did:plc:htq5aiufs64p2movhi5opwxl,hoshizoralone.bsky.social,2026-03-02T13:12:58.407Z,2026-03-02T13:12:59.151Z,Someone get this manga an official tl or a scanlation asap im so mad im missing out on delicious paranormasight bc its locked to the worst app in the world thats also only available in japan like i’ll GIVE YOU my money bro just say the word
dea05c707d0b4dc0a8ab0934cbe123ec,2026-03-02T13:00:00Z,2026-03-02T13:22:03Z,auth,auth_enUS_labelerexp,at://did:plc:tazrmeme4dzahimsykusrwrk/app.bsky.feed.generator/anime-en-new,suggested_labelerexp,at://did:plc:oe7xyv4wg5vuoqtn2vtif2ka/app.bsky.feed.post/3mg3df4yh3r23,bafyreid7koervs4mtmi2c6iny7hopudqngvifpairs65fsj4m7vc7b4eoy,did:plc:oe7xyv4wg5vuoqtn2vtif2ka,animesuggestion.bsky.social,2026-03-02T13:12:19.189Z,2026-03-02T13:12:20.158Z,"Shiunji-ke no Kodomotachi
The wealthy and esteemed Shiunji family consists of seven siblings: Banri, Seiha, Ouka, Arata, Shion, Minami, and Kotono. ...

Rating: PG-13 - Teens 13 or older

#Anime #AniSky #BlueskyBot ✨"
dea05c707d0b4dc0a8ab0934cbe123ec,2026-03-02T13:00:00Z,2026-03-02T13:22:03Z,auth,auth_enUS_labelerexp,at://did:plc:tazrmeme4dzahimsykusrwrk/app.bsky.feed.generator/anime-en-new,suggested_labelerexp,at://did:plc:wzoeqyjdhbxfrsldycf3jjyb/app.bsky.feed.post/3mg3denbxyc2h,bafyreiaalt2dehelz2sad6mrsvoufkkltgfpq33bys7bawa4vss2bezd64,did:plc:wzoeqyjdhbxfrsldycf3jjyb,tostonesxcomics.bsky.social,2026-03-02T13:12:03.114Z,2026-03-02T13:12:07.859Z,"Luffy (I realized I never made a post for some of my One Piece designs, even on my Instagram)

【　#Onepiece #Luffy #Anime    】"
dea05c707d0b4dc0a8ab0934cbe123ec,2026-03-02T13:00:00Z,2026-03-02T13:22:03Z,auth,auth_enUS_labelerexp,at://did:plc:tazrmeme4dzahimsykusrwrk/app.bsky.feed.generator/anime-en-new,suggested_labelerexp,at://did:plc:kowq24uwehe4yvaugw6zcrwu/app.bsky.feed.post/3mg3de6nkq223,bafyreihfx52hxu7s4xumvaa3wgcoekqjwzizgmefcbjvqkozzgmxnz6lme,did:plc:kowq24uwehe4yvaugw6zcrwu,kypepe.etheirys.social,2026-03-02T13:11:47.769Z,2026-03-02T13:11:47.953Z,if Red was a late 90s/2000s anime character he would've 100% been voiced by Dan Green
dea05c707d0b4dc0a8ab0934cbe123ec,2026-03-02T13:00:00Z,2026-03-02T13:22:03Z,auth,auth_enUS_labelerexp,at://did:plc:tazrmeme4dzahimsykusrwrk/app.bsky.feed.generator/anime-en-new,suggested_labelerexp,at://did:plc:htq5aiufs64p2movhi5opwxl/app.bsky.feed.post/3mg3ddvvooc2k,bafyreiabpl6g7kjrwlgzcrsqw5g3yvzwqfeuxv2qipaxkgunzjcaaojpj4,did:plc:htq5aiufs64p2movhi5opwxl,hoshizoralone.bsky.social,2026-03-02T13:11:38.592Z,2026-03-02T13:11:41.956Z,the picture circe took with mio mentioned in her character profile is in the latest chapter of the manga oh my godddd bro
dea05c707d0b4dc0a8ab0934cbe123ec,2026-03-02T13:00:00Z,2026-03-02T13:22:03Z,auth,auth_enUS_labelerexp,at://did:plc:tazrmeme4dzahimsykusrwrk/app.bsky.feed.generator/anime-en-new,suggested_labelerexp,at://did:plc:ohxlmugcqk7ku2urli5jfydh/app.bsky.feed.post/3mg3dcqkrpf2y,bafyreicpjad5azuy3jtjxcovygnztazerxh2ywcdh2bov5n6bdsko7j74q,did:plc:ohxlmugcqk7ku2urli5jfydh,videosgays.net,2026-03-02T13:10:59.027Z,2026-03-02T13:10:59.759Z,Hostel 01 Full Episode – Twink Wants to be Fucked by Mature Bear Daddy – Hentai Anime Yaoi Uncensore https://www.videosgays.net/165846/hostel-01-full-episode-twink-wants-to-be-fucked-by-mature-bear-daddy-hentai-anime-yaoi-uncensore/
dea05c707d0b4dc0a8ab0934cbe123ec,2026-03-02T13:00:00Z,2026-03-02T13:22:03Z,auth,auth_enUS_labelerexp,at://did:plc:tazrmeme4dzahimsykusrwrk/app.bsky.feed.generator/anime-en-new,suggested_labelerexp,at://did:plc:h2zcgmds5xq4tbhv7ldpnum4/app.bsky.feed.post/3mg3dbhvjps2n,bafyreid2iwf537d37p5i7iaohgekwks2q6iofnbvmoucyzi2ql4utc6iuu,did:plc:h2zcgmds5xq4tbhv7ldpnum4,emeraldxdreamer.bsky.social,2026-03-02T13:10:16.803Z,2026-03-02T13:10:17.159Z,"I don't want to ✨️only✨️ cosplay one piece, but at this point ig I should just accept it's going to be the series I do the most 😅"
dea05c707d0b4dc0a8ab0934cbe123ec,2026-03-02T13:00:00Z,2026-03-02T13:22:03Z,auth,auth_enUS_labelerexp,at://did:plc:tazrmeme4dzahimsykusrwrk/app.bsky.feed.generator/anime-en-new,suggested_labelerexp,at://did:plc:5j4ewltuyyslnnaleyjvx3b3/app.bsky.feed.post/3mg3dada3w222,bafyreidppss4x4djgq3remqv5abihkzcw4rb55mddvhr3r4qe5elcdxa54,did:plc:5j4ewltuyyslnnaleyjvx3b3,filletknife.bsky.social,2026-03-02T13:09:38.352Z,2026-03-02T13:09:38.954Z,Yuri manga keep getting cancelled and need fans to organize to keep it going and fuckers at shogakukan are hiring convicted sex offenders left and right.
dea05c707d0b4dc0a8ab0934cbe123ec,2026-03-02T13:00:00Z,2026-03-02T13:22:03Z,auth,auth_enUS_labelerexp,at://did:plc:tazrmeme4dzahimsykusrwrk/app.bsky.feed.generator/anime-en-new,suggested_labelerexp,at://did:plc:rdmb7sznqp36n7l4pmt7u3wy/app.bsky.feed.post/3mg3d77tcvc2m,bafyreidt2plhaoxn2dirumsuuoovu2ikat77ncd42356txvn2inzwzinwu,did:plc:rdmb7sznqp36n7l4pmt7u3wy,muthur3100xvxeno.bsky.social,2026-03-02T13:09:01.233Z,2026-03-02T13:09:00.460Z,"I own but haven't read the manga. I started to, and then got interrupted. As far as relating to or tolerating characters I think that I would agree with you, but I'm not sure if I'll prefer SAC's depictions completely. I really can see an argument for preferring what I would think is more realistic."
dea05c707d0b4dc0a8ab0934cbe123ec,2026-03-02T13:00:00Z,2026-03-02T13:22:03Z,auth,auth_enUS_labelerexp,at://did:plc:tazrmeme4dzahimsykusrwrk/app.bsky.feed.generator/anime-en-new,suggested_labelerexp,at://did:plc:nfzsusckcoqwqiq63jttpzos/app.bsky.feed.post/3mg3d63elwk23,bafyreicitlgrsjm6xkdqlsbj6cqljkeukjfseyqqzuexcrlzmtavz4lowi,did:plc:nfzsusckcoqwqiq63jttpzos,talrazmob.bsky.social,2026-03-02T13:08:23.003Z,2026-03-02T13:08:23.356Z,Are there any good anime that doesn't take 100 eps to get into? And World Market should spin off their food piece and literally just have a world market
dea05c707d0b4dc0a8ab0934cbe123ec,2026-03-02T13:00:00Z,2026-03-02T13:22:03Z,auth,auth_enUS_labelerexp,at://did:plc:tazrmeme4dzahimsykusrwrk/app.bsky.feed.generator/anime-en-new,suggested_labelerexp,at://did:plc:pxionwocuqv7xnazhkt6a5pg/app.bsky.feed.post/3mg3d4zz4qs27,bafyreihgamctt47kwtsqvcoc7vbp6mpib3qoagsr4va6po4jjsqusd3wgq,did:plc:pxionwocuqv7xnazhkt6a5pg,odareads.bsky.social,2026-03-02T13:07:48.007Z,2026-03-02T13:07:49.953Z,"Kinato's Magic #4 by Kento Amemiya

Personally, I'm not a big fan of sword girl now becoming a princess for MC instead of her knight for other women. It just kind of reduces her character. However, a big fan of the new guy reminds me of Magus from Black Clover.

#Manga #KinatosMagic"
dea05c707d0b4dc0a8ab0934cbe123ec,2026-03-02T13:00:00Z,2026-03-02T13:22:03Z,auth,auth_enUS_labelerexp,at://did:plc:tazrmeme4dzahimsykusrwrk/app.bsky.feed.generator/anime-en-new,suggested_labelerexp,at://did:plc:fxxvohzjmiqsyq3yf6g4j6ef/app.bsky.feed.post/3mg3d3nyeoc2t,bafyreih3nabpleumijlgonrascbdmdixhcgyziazl4yqcirvrnwxxvj22y,did:plc:fxxvohzjmiqsyq3yf6g4j6ef,oceanicbreak.bsky.social,2026-03-02T13:07:01.862Z,2026-03-02T13:07:20.752Z,"k-on is like your super grounded military sci-fi real robot. a patlabor. idolmaster is gundam. bocchi is like a mazinger z. girls band cry is like a daitarn or a gunbuster, a big showy super robot. and then ave musica is like. idk. demonbane. the demonbane of brain problems"
dea05c707d0b4dc0a8ab0934cbe123ec,2026-03-02T13:00:00Z,2026-03-02T13:22:03Z,auth,auth_enUS_labelerexp,at://did:plc:tazrmeme4dzahimsykusrwrk/app.bsky.feed.generator/anime-en-new,suggested_labelerexp,at://did:plc:xiqixkm6uckvksk4ob7kprmx/app.bsky.feed.post/3mg3d44xzck2a,bafyreiapxmaqcqoaxsrfpnffddjftnbo7hjvxtlmvwhzt75drzerxm652i,did:plc:xiqixkm6uckvksk4ob7kprmx,aureamachina.bsky.social,2026-03-02T13:07:17.578Z,2026-03-02T13:07:20.057Z,"✧˖° 🌱 hi im aurea! she/her • minors dni • taken 
#promosky

comm vgen.co/aureamachina

🕯️ interests • drawing, anime, skincare, writing, ocs, plushies, fantasy/dark romance books, scary movies, monster and size dif romances 

🦢 current games • genshin, kirby, expedition 33, pokemon

♡ + ↻ appreciated"
dea05c707d0b4dc0a8ab0934cbe123ec,2026-03-02T13:00:00Z,2026-03-02T13:22:03Z,auth,auth_enUS_labelerexp,at://did:plc:tazrmeme4dzahimsykusrwrk/app.bsky.feed.generator/anime-en-new,suggested_labelerexp,at://did:plc:zlmrjcjfcqgrhh3ws4zh44jh/app.bsky.feed.post/3mg3d3pqvbc2s,bafyreifcpttqy37mubnrp3mu2yfdrszu5ulpn5yrryqh72temi3p2zjvuy,did:plc:zlmrjcjfcqgrhh3ws4zh44jh,lustycomic.bsky.social,2026-03-02T13:07:03.714Z,2026-03-02T13:07:05.558Z,"leon skennedy posting selfies to r/bald

""hey guys, is it time?""

and then every reply is that meme with the anime dude with a big chin putting his hand on another guy's shoulder"
dea05c707d0b4dc0a8ab0934cbe123ec,2026-03-02T13:00:00Z,2026-03-02T13:22:03Z,auth,auth_enUS_labelerexp,at://did:plc:tazrmeme4dzahimsykusrwrk/app.bsky.feed.generator/anime-en-new,suggested_labelerexp,at://did:plc:doz4v24mtvkvqrs2qyhl6qbz/app.bsky.feed.post/3mg3d3jhc3s23,bafyreid4qp4eshs6kpdowoeg2f7pllgz643v5m7fynecptszjluqw7nzza,did:plc:doz4v24mtvkvqrs2qyhl6qbz,yeenpupbean.bsky.social,2026-03-02T13:06:57.107Z,2026-03-02T13:06:57.353Z,"To answer ahead of time, it's a ""Black Nerd Convention"", available to all but centered around creating a space for BIPOC to share and celebrate in anime, video games, and media. Also, it has an AD space to cater to adults that's 100% sold out. You love to see it.

blerdcon.org"
dea05c707d0b4dc0a8ab0934cbe123ec,2026-03-02T13:00:00Z,2026-03-02T13:22:03Z,auth,auth_enUS_labelerexp,at://did:plc:tazrmeme4dzahimsykusrwrk/app.bsky.feed.generator/anime-en-new,suggested_labelerexp,at://did:plc:hhft2gd33irtmsi6af2k4rdk/app.bsky.feed.post/3mg3d27ork32k,bafyreic4pwnuw4hqfgbanl7tampf35fpeffa4vy4xkdyzlj6dbtizimdne,did:plc:hhft2gd33irtmsi6af2k4rdk,piratesenex.bsky.social,2026-03-02T13:06:12.037Z,2026-03-02T13:06:14.473Z,"...telling her to ""shut up and get back in the kitchen."" www.macrossworld.com/mwf/topic/19...
Because... She dared question his ""wisdom"" to think an analytical discussion of #sexism in #anime could ""cause problems."" That this guy, 20+ years on, is still allowed to run the forum isn't random.
(6/12)"
dea05c707d0b4dc0a8ab0934cbe123ec,2026-03-02T13:00:00Z,2026-03-02T13:22:03Z,auth,auth_enUS_labelerexp,at://did:plc:tazrmeme4dzahimsykusrwrk/app.bsky.feed.generator/anime-en-new,suggested_labelerexp,at://did:plc:hhft2gd33irtmsi6af2k4rdk/app.bsky.feed.post/3mg3d27oqkt2k,bafyreige4dosla5wdfrzpvqa6mwdflojg6cle3shwxc2fbgc5j7prgb2sm,did:plc:hhft2gd33irtmsi6af2k4rdk,piratesenex.bsky.social,2026-03-02T13:06:12.036Z,2026-03-02T13:06:14.450Z,"This crap wasn't just a few ""bad guys"" on the forum. It was tolerated by the mods, esp. the ones nicknamed ""Roy Focker"" and ""Max Jenius"". ""Roy Focker"", who is still a mod there, was very active in trying to suppress feminist critique of anime on the forums. He even attacked a female member...
(5/12)"
dea05c707d0b4dc0a8ab0934cbe123ec,2026-03-02T13:00:00Z,2026-03-02T13:22:03Z,auth,auth_enUS_labelerexp,at://did:plc:tazrmeme4dzahimsykusrwrk/app.bsky.feed.generator/anime-en-new,suggested_labelerexp,at://did:plc:brv2crfk4br6o3ifugttyszb/app.bsky.feed.post/3mg3czmomee2j,bafyreicvhuuv5yb3rydwteymjcegpjjp4tst36qcyoe6qgkuat3jup5ila,did:plc:brv2crfk4br6o3ifugttyszb,rumorzoo.bsky.social,2026-03-02T13:05:51Z,2026-03-02T13:05:53.559Z,"One Piece: Heroines Teases Nami and Robin Visual, Confirms July 5 for Nami."
dea05c707d0b4dc0a8ab0934cbe123ec,2026-03-02T13:00:00Z,2026-03-02T13:22:03Z,auth,auth_enUS_labelerexp,at://did:plc:tazrmeme4dzahimsykusrwrk/app.bsky.feed.generator/anime-en-new,suggested_labelerexp,at://did:plc:s64qoj7trarkaic4uwhq6x7g/app.bsky.feed.post/3mg3cyjj3ys2o,bafyreieypaxs4oqwkszc4sc76gpq62hgzpj5wokqmhejt6sfcedlzhelqy,did:plc:s64qoj7trarkaic4uwhq6x7g,brentoonman.bsky.social,2026-03-02T13:05:16.503Z,2026-03-02T13:05:17.550Z,"The Twilight Zone
Blackadder
MGM cartoons
Fleischer Studios
Rocko's Modern Life
All four Amblin/WB cartoons
My Life as a Teenage Robot
Kim Possible
Hey Arnold
The Slayers
Yu Yu Hakusho
Fullmetal Alchemist
Little Witch Academia
Samurai Champloo
Dragon Ball/DBZ
Trigun
Outlaw Star
Black Lagoon"
dea05c707d0b4dc0a8ab0934cbe123ec,2026-03-02T13:00:00Z,2026-03-02T13:22:03Z,auth,auth_enUS_labelerexp,at://did:plc:tazrmeme4dzahimsykusrwrk/app.bsky.feed.generator/anime-en-new,suggested_labelerexp,at://did:plc:ug3wxttwcg6pvyd3rp76xeuy/app.bsky.feed.post/3mg3cyjgsr22p,bafyreidurci3sogdcsko3awcp4dtt4q46slfe4km5t3nls76piinomtzle,did:plc:ug3wxttwcg6pvyd3rp76xeuy,unemeimei.yuri.phd,2026-03-02T13:05:16.422Z,2026-03-02T13:05:05.554Z,"Cover for my yume one piece fic ""You belong to me""

[ #BoaHancock #Snowdrop #onepiece #oc #ocart #yuri #wlw #artmeimei ]"
dea05c707d0b4dc0a8ab0934cbe123ec,2026-03-02T13:00:00Z,2026-03-02T13:22:03Z,auth,auth_enUS_labelerexp,at://did:plc:tazrmeme4dzahimsykusrwrk/app.bsky.feed.generator/anime-en-new,suggested_labelerexp,at://did:plc:yzskc3witxqswbkfbbdduxmt/app.bsky.feed.post/3mg3cxxitl22p,bafyreigkqruohfingjqrruqwh6ul73n6fiuecpfh365laoopye7ikoynyq,did:plc:yzskc3witxqswbkfbbdduxmt,lottemakesstuff.pink,2026-03-02T13:04:57.621Z,2026-03-02T13:05:00.759Z,"【vol.3】yuri manga「Her kiss, my libido twinkles」
www.kickstarter.com/projects/yor...

Volume 3 is on kickstarter now!! Go get it! If you issued vol. 1-2 they are available as add ons!"
dea05c707d0b4dc0a8ab0934cbe123ec,2026-03-02T13:00:00Z,2026-03-02T13:22:03Z,auth,auth_enUS_labelerexp,at://did:plc:tazrmeme4dzahimsykusrwrk/app.bsky.feed.generator/anime-en-new,suggested_labelerexp,at://did:plc:pdbdf6rrncmsrlbyuik4sggd/app.bsky.feed.post/3mg3cxsk2jc2o,bafyreieq7kp55l74w3adhvluue4ftdlwvcxqrix6po3ac3o7ikcojmlf5y,did:plc:pdbdf6rrncmsrlbyuik4sggd,authorgenericus.bsky.social,2026-03-02T13:04:52.417Z,2026-03-02T13:04:53.756Z,"Every day I wonder if I’ll maintain my Beastars fixation once the anime is complete.

And every day I see a picture of Melon Beastars and I feel the series grip tighter around my soul."
dea05c707d0b4dc0a8ab0934cbe123ec,2026-03-02T13:00:00Z,2026-03-02T13:22:03Z,auth,auth_enUS_labelerexp,at://did:plc:tazrmeme4dzahimsykusrwrk/app.bsky.feed.generator/anime-en-new,suggested_labelerexp,at://did:plc:to3iujs56ofzch5pcbzzyj62/app.bsky.feed.post/3mg3cwxmpnm2q,bafyreift6oe5lfdqfmasndaqajv674uocysq7yrpvdajiwbnsxqlraqlcq,did:plc:to3iujs56ofzch5pcbzzyj62,xxmariatinaxx.bsky.social,2026-03-02T13:04:24.085588013+00:00,2026-03-02T13:04:24.255Z,🏷️ #youtaite #utaite #vsinger #vtuber #fanart #art #anime #manga #cover #music #vocalist #singer #csm #reze #deki #chainsawman #kenshiyonezu
dea05c707d0b4dc0a8ab0934cbe123ec,2026-03-02T13:00:00Z,2026-03-02T13:22:03Z,auth,auth_enUS_labelerexp,at://did:plc:tazrmeme4dzahimsykusrwrk/app.bsky.feed.generator/anime-en-new,suggested_labelerexp,at://did:plc:t2ww7zb3fvnwsqfvvgeouqnn/app.bsky.feed.post/3mg3cwttuxf2z,bafyreiaxdts3geygl3guqmcxyy3i5e2mcix5w4bj7jpqdvm2anzumiu5hu,did:plc:t2ww7zb3fvnwsqfvvgeouqnn,anizeen.bsky.social,2026-03-02T07:04:19Z,2026-03-02T13:04:20.754Z,"A brand-new trailer and key visual were released for the #anime adaptation of Rumiko Takahashi's MAO #manga today, revealing a continuous two-cour broadcast starting on April 4, 2026 at 23:45 JST .

The trailer also previews the dark fantasy series' opening and ending theme songs, which are ""HEARTLO"
dea05c707d0b4dc0a8ab0934cbe123ec,2026-03-02T13:00:00Z,2026-03-02T13:22:10Z,auth,auth_enUS_labelerexp,at://did:plc:yw3qqfa7hrhmwbc6wyrq5u7f/app.bsky.feed.generator/aaabqfmu2zuck,suggested_labelerexp,at://did:plc:kizxn77jkp4p5vqzapbedvg2/app.bsky.feed.post/3mg3dmso7pt2b,bafyreidle7xxzrmdc6yeyfgdsvky53lzx2bqfclwtdvsrzqqkeh3nahyvu,did:plc:kizxn77jkp4p5vqzapbedvg2,pmaier1971.bsky.social,2026-03-02T13:16:36.390573Z,2026-03-02T13:16:37.857Z,US #HouseholdDebt in Apr 2025 at 68.55%. This index measures the overall level of household #indebtedness (commonly related to consumer loans and mortgages) as a share of GDP. #econsky
dea05c707d0b4dc0a8ab0934cbe123ec,2026-03-02T13:00:00Z,2026-03-02T13:22:10Z,auth,auth_enUS_labelerexp,at://did:plc:yw3qqfa7hrhmwbc6wyrq5u7f/app.bsky.feed.generator/aaabqfmu2zuck,suggested_labelerexp,at://did:plc:kizxn77jkp4p5vqzapbedvg2/app.bsky.feed.post/3mg3dl4t5ok2w,bafyreicsnqbqyuv5lczn7jz2ugvh77ntysycv2764r5q6vcg5mglrmtidm,did:plc:kizxn77jkp4p5vqzapbedvg2,pmaier1971.bsky.social,2026-03-02T13:15:39.578756Z,2026-03-02T13:15:41.457Z,"Bitcoin at $66474.29; Ethereum at $1964.61. Bitcoin is about -15.6% down from a month ago, and about -23% down from a year ago. Ethereum is about -19.7% down from a month ago and about -11% down from a year ago. #crypto #econsky"
dea05c707d0b4dc0a8ab0934cbe123ec,2026-03-02T13:00:00Z,2026-03-02T13:22:10Z,auth,auth_enUS_labelerexp,at://did:plc:yw3qqfa7hrhmwbc6wyrq5u7f/app.bsky.feed.generator/aaabqfmu2zuck,suggested_labelerexp,at://did:plc:ouy2s55lmrthuh42xasinz74/app.bsky.feed.post/3mg3dchb7v22c,bafyreicapbx6ie3ylk3lbhh7xgm4n35c6wzkijlvpjujume7at4wrtha74,did:plc:ouy2s55lmrthuh42xasinz74,cepr.org,2026-03-02T13:10:49.691Z,2026-03-02T13:10:52.951Z,"📆 3 March @ 16:00 CET
The Spring 2026 VDEV/CEPR/BREAD seminars begin with Paula Bustos @upf.edu presenting ""Climate Change and Spatial Capital Reallocation""
Moderator: Nicolás de Roux
Register: ow.ly/aUH450X49HB
#EconSky"
dea05c707d0b4dc0a8ab0934cbe123ec,2026-03-02T13:00:00Z,2026-03-02T13:22:10Z,auth,auth_enUS_labelerexp,at://did:plc:yw3qqfa7hrhmwbc6wyrq5u7f/app.bsky.feed.generator/aaabqfmu2zuck,suggested_labelerexp,at://did:plc:m36itavysyee2dp7su4sreyx/app.bsky.feed.post/3mg3da5ogek2g,bafyreiayl7dainovg3hph53yiwv5phyehobqplsrpnxe2f4pdrdojquvtm,did:plc:m36itavysyee2dp7su4sreyx,kevansangster.bsky.social,2026-03-02T13:09:32.528Z,2026-03-02T13:09:37.154Z,"This from US ‘Secretary of War’ Pete #Hegseth just now..

“We didn’t start this war, but we will be ending it.” 

Not only clearly delusional, but talks like a 12 year old. 

God help us..

#Iran #uspoli #EconSky #WW3"
dea05c707d0b4dc0a8ab0934cbe123ec,2026-03-02T13:00:00Z,2026-03-02T13:22:10Z,auth,auth_enUS_labelerexp,at://did:plc:yw3qqfa7hrhmwbc6wyrq5u7f/app.bsky.feed.generator/aaabqfmu2zuck,suggested_labelerexp,at://did:plc:au2h75mougmx6kqblqbw24xd/app.bsky.feed.post/3mg3c6wfkpv2c,bafyreia7mzeeui2bvqq3aynreq42scinh4u2kbe7fi2w4ojpvmruvxbjfi,did:plc:au2h75mougmx6kqblqbw24xd,trending-finance.bsky.social,2026-03-02T12:50:57Z,2026-03-02T12:50:57.950Z,War turns off QatarEnergy LNG. #econsky
dea05c707d0b4dc0a8ab0934cbe123ec,2026-03-02T13:00:00Z,2026-03-02T13:22:10Z,auth,auth_enUS_labelerexp,at://did:plc:yw3qqfa7hrhmwbc6wyrq5u7f/app.bsky.feed.generator/aaabqfmu2zuck,suggested_labelerexp,at://did:plc:uo7sa3xu5lgqmict6q43iz3x/app.bsky.feed.post/3mg3bzb3mec2v,bafyreihwn36ipeje364yn7injxpo5rogc55r7lcx4gyxbu7jenahijqxmu,did:plc:uo7sa3xu5lgqmict6q43iz3x,countbern.bsky.social,2026-03-02T12:47:47.485Z,2026-03-02T12:47:50.453Z,"The IDF and those controlling US government started their invasion by bombing a school of little girls and named the invasion, Epic Fury, after the most notorious child molester of all time.  #gaza #econsky #epstein www.bbc.com/news/article..."
dea05c707d0b4dc0a8ab0934cbe123ec,2026-03-02T13:00:00Z,2026-03-02T13:22:10Z,auth,auth_enUS_labelerexp,at://did:plc:yw3qqfa7hrhmwbc6wyrq5u7f/app.bsky.feed.generator/aaabqfmu2zuck,suggested_labelerexp,at://did:plc:ouy2s55lmrthuh42xasinz74/app.bsky.feed.post/3mg3bu45rqc2c,bafyreigtn5wt6o3vb3alx573fugmrgetthzoccdpg54fzz2gddggoewz6i,did:plc:ouy2s55lmrthuh42xasinz74,cepr.org,2026-03-02T12:44:54.539Z,2026-03-02T12:44:57.054Z,"⌛Register for the report launch tomorrow in partnership with @wipo.int - Where Music Meets Finance: From Music Rights to Alternative Investment
📚The reports can be read here: www.wipo.int/publications...
www.wipo.int/publications...
#EconSky"
dea05c707d0b4dc0a8ab0934cbe123ec,2026-03-02T13:00:00Z,2026-03-02T13:22:10Z,auth,auth_enUS_labelerexp,at://did:plc:yw3qqfa7hrhmwbc6wyrq5u7f/app.bsky.feed.generator/aaabqfmu2zuck,suggested_labelerexp,at://did:plc:rsfz3w3w5id4f5ptffu4pwwv/app.bsky.feed.post/3mg3bod3inr2t,bafyreifuxky3kwdibuavhdpn3rsm4t6sx5c4cj62iup3n3daddavvcjeiy,did:plc:rsfz3w3w5id4f5ptffu4pwwv,trending-stocks.bsky.social,2026-03-02T12:41:40Z,2026-03-02T12:41:48.687Z,War halts QatarEnergy's LNG taps #econsky
dea05c707d0b4dc0a8ab0934cbe123ec,2026-03-02T13:00:00Z,2026-03-02T13:22:10Z,auth,auth_enUS_labelerexp,at://did:plc:yw3qqfa7hrhmwbc6wyrq5u7f/app.bsky.feed.generator/aaabqfmu2zuck,suggested_labelerexp,at://did:plc:rsfz3w3w5id4f5ptffu4pwwv/app.bsky.feed.post/3mg3b5voxqp2x,bafyreigqvdfqudu3yzneztrbgr3623kz3jfq5utqy5gtaafjsm2oi5kjmm,did:plc:rsfz3w3w5id4f5ptffu4pwwv,trending-stocks.bsky.social,2026-03-02T12:32:29Z,2026-03-02T12:32:30.051Z,War torpedoes high-profile debt deal #econsky
dea05c707d0b4dc0a8ab0934cbe123ec,2026-03-02T13:00:00Z,2026-03-02T13:22:10Z,auth,auth_enUS_labelerexp,at://did:plc:yw3qqfa7hrhmwbc6wyrq5u7f/app.bsky.feed.generator/aaabqfmu2zuck,suggested_labelerexp,at://did:plc:uhdqfiujxvvbnq33mudbraor/app.bsky.feed.post/3mg3b5ld4wc2t,bafyreigziouzppzihna2fmabori7la5v3dpzr6g77aiuqw2hbg36vuvpfm,did:plc:uhdqfiujxvvbnq33mudbraor,gothenburg-econ.bsky.social,2026-03-02T12:32:18.692Z,2026-03-02T12:32:21.252Z,"We are pleased to welcome Christian Møller Dahl, Professor of Economics at the University of Southern Denmark, as Malmsten Visiting Professor 2025/2026.
 
During his visit, he will collaborate with faculty and contribute to the department’s research and seminar activities.

#EconSky"
dea05c707d0b4dc0a8ab0934cbe123ec,2026-03-02T13:00:00Z,2026-03-02T13:22:10Z,auth,auth_enUS_labelerexp,at://did:plc:yw3qqfa7hrhmwbc6wyrq5u7f/app.bsky.feed.generator/aaabqfmu2zuck,suggested_labelerexp,at://did:plc:au2h75mougmx6kqblqbw24xd/app.bsky.feed.post/3mg3b5jqosj2l,bafyreiezrmdt6lxzsvt5v7lxexex5guocx7yjtg7wdbrzltnpr4oqkmbr4,did:plc:au2h75mougmx6kqblqbw24xd,trending-finance.bsky.social,2026-03-02T12:32:16Z,2026-03-02T12:32:17.255Z,War premium: +40¢ per gallon. #econsky
dea05c707d0b4dc0a8ab0934cbe123ec,2026-03-02T13:00:00Z,2026-03-02T13:22:13Z,auth,auth_enUS_labelerexp,at://did:plc:z72i7hdynmk6r22z27h6tvur/app.bsky.feed.generator/whats-hot,suggested_labelerexp,at://did:plc:2qg6wzw47pynczjia67fbxza/app.bsky.feed.post/3mfzlv2j76k23,bafyreibkecxwse2uutssq5luzrhvptl7fqykysn2qgb73npvbc4d73l5du,did:plc:2qg6wzw47pynczjia67fbxza,umarditta.bsky.social,2026-03-01T20:39:04.314Z,2026-03-01T20:39:05.461Z,We just booked our first holiday as a family of three for later on this year 😎
dea05c707d0b4dc0a8ab0934cbe123ec,2026-03-02T13:00:00Z,2026-03-02T13:22:13Z,auth,auth_enUS_labelerexp,at://did:plc:z72i7hdynmk6r22z27h6tvur/app.bsky.feed.generator/whats-hot,suggested_labelerexp,at://did:plc:le3snqzui22uenjjk7v4btfb/app.bsky.feed.post/3mg3b6tbqws2d,bafyreietuuqsjftgfzaohyme2oqx4rejwgcxbtjpdjihygnfq2puhwwoty,did:plc:le3snqzui22uenjjk7v4btfb,adambienkov.bsky.social,2026-03-02T12:33:00.590Z,2026-03-02T12:33:00.958Z,"Nigel Farage lied multiple times at his press conference today - including saying no-one who voted Green in Gorton and Denton has a job and he's ""certain"" Reform won most British born voters in the by-election, based on zero evidence, and yet not a single journalist there pushed back on them"
dea05c707d0b4dc0a8ab0934cbe123ec,2026-03-02T13:00:00Z,2026-03-02T13:22:13Z,auth,auth_enUS_labelerexp,at://did:plc:z72i7hdynmk6r22z27h6tvur/app.bsky.feed.generator/whats-hot,suggested_labelerexp,at://did:plc:qxwx3yb4m3dmjbu5luyyi7zm/app.bsky.feed.post/3mg3cf7qjbk2j,bafyreibwxb5swkhyjxt6kmou5hjtuwyxbjzxqcvo37w5e6sqjsqwmirjde,did:plc:qxwx3yb4m3dmjbu5luyyi7zm,krassenstein.bsky.social,2026-03-02T12:54:28.726Z,2026-03-02T12:54:28.958Z,"BREAKING: A 4th U.S. service member has been killed in the military operation with Iran. 

I want you all to remember that we had a way to stop iran from getting nuclear weapons. It was a nuclear agreement that the international community all agreed was working."
dea05c707d0b4dc0a8ab0934cbe123ec,2026-03-02T13:00:00Z,2026-03-02T13:22:13Z,auth,auth_enUS_labelerexp,at://did:plc:z72i7hdynmk6r22z27h6tvur/app.bsky.feed.generator/whats-hot,suggested_labelerexp,at://did:plc:4llrhdclvdlmmynkwsmg5tdc/app.bsky.feed.post/3mg3cu2yveh23,bafyreih5jrmmgu4jcr2bmifrpz5jkvvcezc3qtgj4pivuvo2oqnco24og4,did:plc:4llrhdclvdlmmynkwsmg5tdc,atrupar.com,2026-03-02T13:02:47.045Z,2026-03-02T13:02:48.849Z,"Jeffries: ""The American people want us to focus on making their life better & more affordable, not getting involved in another endless war in Middle East that's going to end in failure. This administration somehow found billions for bombs, but can't find money to bring down the high cost of living"""
dea05c707d0b4dc0a8ab0934cbe123ec,2026-03-02T13:00:00Z,2026-03-02T13:22:13Z,auth,auth_enUS_labelerexp,at://did:plc:z72i7hdynmk6r22z27h6tvur/app.bsky.feed.generator/whats-hot,suggested_labelerexp,at://did:plc:5o6k7jvowuyaquloafzn3cfw/app.bsky.feed.post/3mg3cmxe7uk2m,bafyreiewvojrns35drokodj7252qyjnozc7pukkrb4fpy5shhrdoqghrne,did:plc:5o6k7jvowuyaquloafzn3cfw,thetnholler.bsky.social,2026-03-02T12:58:48.371Z,2026-03-02T12:58:49.250Z,"CNN confirming the F-15 went down in Kuwait — CENTCOM says it was actually 3 of them, calling it “a friendly fire incident”

At ~$350,000,000 worth of planes that’s some expensive “friendly fire”"
dea05c707d0b4dc0a8ab0934cbe123ec,2026-03-02T13:00:00Z,2026-03-02T13:22:13Z,auth,auth_enUS_labelerexp,at://did:plc:z72i7hdynmk6r22z27h6tvur/app.bsky.feed.generator/whats-hot,suggested_labelerexp,at://did:plc:q3glmp5enr5gkuu2uaosjker/app.bsky.feed.post/3mg3cz3cvfk2y,bafyreidwitbkki3febykdukotayin2ktv2kpl6mjm6c4s6bdxrpfgckilm,did:plc:q3glmp5enr5gkuu2uaosjker,joycewhitevance.bsky.social,2026-03-02T13:05:35.174Z,2026-03-02T13:05:35.359Z,It’s not “the Department of War”
dea05c707d0b4dc0a8ab0934cbe123ec,2026-03-02T13:00:00Z,2026-03-02T13:22:13Z,auth,auth_enUS_labelerexp,at://did:plc:z72i7hdynmk6r22z27h6tvur/app.bsky.feed.generator/whats-hot,suggested_labelerexp,at://did:plc:t6ubj2wlhc34awzcymh3qpur/app.bsky.feed.post/3mg3czrxeyk2l,bafyreih5sxoyq7xss5ebl2bflcvpo7n4l5ohqolsedamj5nhdqwjqkyise,did:plc:t6ubj2wlhc34awzcymh3qpur,ronfilipkowski.bsky.social,2026-03-02T13:05:58.910Z,2026-03-02T13:06:03.559Z,Abbott posted then deleted a clip from a video game.
dea05c707d0b4dc0a8ab0934cbe123ec,2026-03-02T13:00:00Z,2026-03-02T13:22:13Z,auth,auth_enUS_labelerexp,at://did:plc:z72i7hdynmk6r22z27h6tvur/app.bsky.feed.generator/whats-hot,suggested_labelerexp,at://did:plc:z6rujpf4u56jfie7aqic2nfg/app.bsky.feed.post/3mg3c5xdpqc25,bafyreiekklesyzzeqoiihidglzugpndv5462vwlz4oibe5m5mfgi6wdw34,did:plc:z6rujpf4u56jfie7aqic2nfg,carlquintanilla.bsky.social,2026-03-02T12:50:25.036Z,2026-03-02T12:50:27.054Z,"RHODES: “.. This was a decision made by one man with no legal basis, little public support and no coherent explanation of an endgame.”

@nytopinion.nytimes.com 
www.nytimes.com/2026/03/02/o..."
dea05c707d0b4dc0a8ab0934cbe123ec,2026-03-02T13:00:00Z,2026-03-02T13:22:13Z,auth,auth_enUS_labelerexp,at://did:plc:z72i7hdynmk6r22z27h6tvur/app.bsky.feed.generator/whats-hot,suggested_labelerexp,at://did:plc:7qqkq2zdwq4j5jingukgtuky/app.bsky.feed.post/3mg3cvgscx22i,bafyreig5tryrlalpyd6oatvvljpgg2adp2gra2dqig4rgkxoihhbvybr6m,did:plc:7qqkq2zdwq4j5jingukgtuky,joncooper-us.bsky.social,2026-03-02T13:03:32.996Z,2026-03-02T13:03:34.852Z,Cartoon by @deadder.bsky.social.
dea05c707d0b4dc0a8ab0934cbe123ec,2026-03-02T13:00:00Z,2026-03-02T13:22:13Z,auth,auth_enUS_labelerexp,at://did:plc:z72i7hdynmk6r22z27h6tvur/app.bsky.feed.generator/whats-hot,suggested_labelerexp,at://did:plc:oqr5mp25r7z3vfr3igeerxbw/app.bsky.feed.post/3mg3asxlmas2i,bafyreigl5lp6pa2nq7xflidc55ijyfdjm4opqxgdwsc4akqtzyb7uxzt3a,did:plc:oqr5mp25r7z3vfr3igeerxbw,mollyjongfast.bsky.social,2026-03-02T12:26:22.455Z,2026-03-02T12:26:22.763Z,Starting a war so you could invoke emergency war powers
dea05c707d0b4dc0a8ab0934cbe123ec,2026-03-02T13:00:00Z,2026-03-02T13:22:13Z,auth,auth_enUS_labelerexp,at://did:plc:z72i7hdynmk6r22z27h6tvur/app.bsky.feed.generator/whats-hot,suggested_labelerexp,at://did:plc:otc7igtvnolh66cala5febcu/app.bsky.feed.post/3mg3badm2f22m,bafyreigtyed7bwpagl4jjdzmh6knyjls27xt53je7vgnx74plj7g67hpqe,did:plc:otc7igtvnolh66cala5febcu,foresttherotten.bsky.social,2026-03-02T12:33:51.260Z,2026-03-02T12:33:53.552Z,space cake
dea05c707d0b4dc0a8ab0934cbe123ec,2026-03-02T13:00:00Z,2026-03-02T13:22:13Z,auth,auth_enUS_labelerexp,at://did:plc:z72i7hdynmk6r22z27h6tvur/app.bsky.feed.generator/whats-hot,suggested_labelerexp,at://did:plc:3jcdkzvool4qu3gpceiivndx/app.bsky.feed.post/3mg2xi7ezuc2o,bafyreiggpno23iq2iutzuocx3vpal2b2nk2vvieskqiyo7uhejzoxzcofy,did:plc:3jcdkzvool4qu3gpceiivndx,nzpom.com,2026-03-02T09:39:17.854Z,2026-03-02T09:39:23.150Z,"Every country should boycott it, no fans should go.

It's not safe, and it's morally reprehensible in many ways
#boycottfifa"
dea05c707d0b4dc0a8ab0934cbe123ec,2026-03-02T13:00:00Z,2026-03-02T13:22:13Z,auth,auth_enUS_labelerexp,at://did:plc:z72i7hdynmk6r22z27h6tvur/app.bsky.feed.generator/whats-hot,suggested_labelerexp,at://did:plc:256qm23hkw774xk3mzkg4zhy/app.bsky.feed.post/3mg37fymclc26,bafyreie5qb3e6sidi664arfra2x7z6iwfmyou7xntpxxbn3ltdwsvtv4xu,did:plc:256qm23hkw774xk3mzkg4zhy,artanissnow.bsky.social,2026-03-02T12:01:13.575Z,2026-03-02T12:01:18.657Z,"Good morning! 🌞 Grinch the cat time!
He looks like he wants to have a serious chat about something 🤣"
dea05c707d0b4dc0a8ab0934cbe123ec,2026-03-02T13:00:00Z,2026-03-02T13:22:13Z,auth,auth_enUS_labelerexp,at://did:plc:z72i7hdynmk6r22z27h6tvur/app.bsky.feed.generator/whats-hot,suggested_labelerexp,at://did:plc:2uzgdjioktycfoqcklvknhk7/app.bsky.feed.post/3mg3bommzfs2o,bafyreifsgn3422ecrvd5drvksvbnyn4zjmieqlwdetqhreeusnvodfkxbq,did:plc:2uzgdjioktycfoqcklvknhk7,oldlundy.bsky.social,2026-03-02T12:41:50.489Z,2026-03-02T12:41:53.059Z,"Permanent face.
Passing shadows.

Musée d’Orsay, Paris.

#ClassicMono
#UrbanGaze
#Paris
#MuseeOrsay
#BlackAndWhitePhotography
#WhatsNext"
dea05c707d0b4dc0a8ab0934cbe123ec,2026-03-02T13:00:00Z,2026-03-02T13:22:13Z,auth,auth_enUS_labelerexp,at://did:plc:z72i7hdynmk6r22z27h6tvur/app.bsky.feed.generator/whats-hot,suggested_labelerexp,at://did:plc:pnx2fjuannbdpy3337ggthpp/app.bsky.feed.post/3mg37xjqces2z,bafyreien7yxdgxlseynczec55neqw6pdsfeyd7dlgnko4nvtcyqnuuodce,did:plc:pnx2fjuannbdpy3337ggthpp,peark.es,2026-03-02T12:11:01.959Z,2026-03-02T12:11:05.683Z,Attacking Iran looks like it will cost US consumers about 40 cents/gallon.
dea05c707d0b4dc0a8ab0934cbe123ec,2026-03-02T13:00:00Z,2026-03-02T13:22:13Z,auth,auth_enUS_labelerexp,at://did:plc:z72i7hdynmk6r22z27h6tvur/app.bsky.feed.generator/whats-hot,suggested_labelerexp,at://did:plc:lpehlcy6tccr5gwizwaxnvr6/app.bsky.feed.post/3mg3bobkrhs25,bafyreiecfh3h756657bavbicnc4tidae2mknqp47gnybm6qeqcijqiz4ei,did:plc:lpehlcy6tccr5gwizwaxnvr6,niallharbison.bsky.social,2026-03-02T12:41:38.882Z,2026-03-02T12:41:48.727Z,"We will never forgot beautiful Maria. 

We try to have little ways to remember all the dogs who spend time with us ❤️"
dea05c707d0b4dc0a8ab0934cbe123ec,2026-03-02T13:00:00Z,2026-03-02T13:22:13Z,auth,auth_enUS_labelerexp,at://did:plc:z72i7hdynmk6r22z27h6tvur/app.bsky.feed.generator/whats-hot,suggested_labelerexp,at://did:plc:33vyq3vspwgzrbgyzwdhlui4/app.bsky.feed.post/3mg3coqwvos27,bafyreieif24zi45nn4yrqjvun5pgyk7w2tkiwxty56ywo7o5c44tve53ye,did:plc:33vyq3vspwgzrbgyzwdhlui4,abzzzz.bsky.social,2026-03-02T12:59:48.694Z,2026-03-02T12:59:52.959Z,"""The tulips are too excitable, it is winter here."" Sylvia Plath
#MacroMonday 
#VT365 
#NaturePhotography
#Bloomscrolling 
#Poetry"
