run_id,snapshot_hour_utc,captured_at_utc,viewer_mode,vantage_id,post_uri,like_count,repost_count,reply_count,quote_count
7d35eb3039dd4d81a8fcf8178312380b,2026-02-23T07:00:00Z,2026-02-23T07:10:59Z,auth,auth_enUS_labelerexp,at://did:plc:3guzzweuqraryl3rdkimjamk/app.bsky.feed.post/3m7w4iou23223,2635,302,21,27
7d35eb3039dd4d81a8fcf8178312380b,2026-02-23T07:00:00Z,2026-02-23T07:11:00Z,auth,auth_enUS_labelerexp,at://did:plc:dhsrnkbeowgiu7flwwavc2mv/app.bsky.feed.post/3mfj2xrcqw22o,1,0,1,0
7d35eb3039dd4d81a8fcf8178312380b,2026-02-23T07:00:00Z,2026-02-23T07:11:00Z,auth,auth_enUS_labelerexp,at://did:plc:jdmylt72deismyafuzcnj6a6/app.bsky.feed.post/3mfj2a3pawc2d,3,0,1,0
7d35eb3039dd4d81a8fcf8178312380b,2026-02-23T07:00:00Z,2026-02-23T07:11:00Z,auth,auth_enUS_labelerexp,at://did:plc:5ncgzleq3qxzbjxa3c2pkmlm/app.bsky.feed.post/3mfj265ylhs2y,0,0,0,0
7d35eb3039dd4d81a8fcf8178312380b,2026-02-23T07:00:00Z,2026-02-23T07:11:00Z,auth,auth_enUS_labelerexp,at://did:plc:cgp2vvzve6axfz3mrtcn565y/app.bsky.feed.post/3mfj24zddjk2x,3,0,1,0
7d35eb3039dd4d81a8fcf8178312380b,2026-02-23T07:00:00Z,2026-02-23T07:11:00Z,auth,auth_enUS_labelerexp,at://did:plc:2gafdfhhfxlqhxdpy7cdjde5/app.bsky.feed.post/3mfj24xszms2m,3,0,1,0
7d35eb3039dd4d81a8fcf8178312380b,2026-02-23T07:00:00Z,2026-02-23T07:11:00Z,auth,auth_enUS_labelerexp,at://did:plc:dhsrnkbeowgiu7flwwavc2mv/app.bsky.feed.post/3mfizbtebw22o,1,0,1,0
7d35eb3039dd4d81a8fcf8178312380b,2026-02-23T07:00:00Z,2026-02-23T07:11:00Z,auth,auth_enUS_labelerexp,at://did:plc:rnc43dvm6svkeucqrblzchof/app.bsky.feed.post/3mfiyrmrris2h,1,1,0,0
7d35eb3039dd4d81a8fcf8178312380b,2026-02-23T07:00:00Z,2026-02-23T07:11:00Z,auth,auth_enUS_labelerexp,at://did:plc:rnc43dvm6svkeucqrblzchof/app.bsky.feed.post/3mfiym45jgk2h,1,1,0,0
7d35eb3039dd4d81a8fcf8178312380b,2026-02-23T07:00:00Z,2026-02-23T07:11:00Z,auth,auth_enUS_labelerexp,at://did:plc:ua4y7ly7p2scvftkutgpusyx/app.bsky.feed.post/3mfiyfb4w2225,2,0,0,0
7d35eb3039dd4d81a8fcf8178312380b,2026-02-23T07:00:00Z,2026-02-23T07:11:00Z,auth,auth_enUS_labelerexp,at://did:plc:5zfcmbupaqsvkiweknzwbt3x/app.bsky.feed.post/3mfiy6fruo223,3,0,1,0
7d35eb3039dd4d81a8fcf8178312380b,2026-02-23T07:00:00Z,2026-02-23T07:11:00Z,auth,auth_enUS_labelerexp,at://did:plc:2gafdfhhfxlqhxdpy7cdjde5/app.bsky.feed.post/3mfiy2cbnlc2l,2,0,0,0
7d35eb3039dd4d81a8fcf8178312380b,2026-02-23T07:00:00Z,2026-02-23T07:11:00Z,auth,auth_enUS_labelerexp,at://did:plc:viytu4mravqtlb7vdiyxvjxq/app.bsky.feed.post/3mfiy2bi74s27,1,0,0,0
7d35eb3039dd4d81a8fcf8178312380b,2026-02-23T07:00:00Z,2026-02-23T07:11:00Z,auth,auth_enUS_labelerexp,at://did:plc:47qviy5p44nc73elkae5turh/app.bsky.feed.post/3mfixumtesc2q,2,0,1,0
7d35eb3039dd4d81a8fcf8178312380b,2026-02-23T07:00:00Z,2026-02-23T07:11:00Z,auth,auth_enUS_labelerexp,at://did:plc:rnc43dvm6svkeucqrblzchof/app.bsky.feed.post/3mfixtrlx2k2h,0,1,0,0
7d35eb3039dd4d81a8fcf8178312380b,2026-02-23T07:00:00Z,2026-02-23T07:11:00Z,auth,auth_enUS_labelerexp,at://did:plc:rnc43dvm6svkeucqrblzchof/app.bsky.feed.post/3mfixr4ucls2h,1,1,0,0
7d35eb3039dd4d81a8fcf8178312380b,2026-02-23T07:00:00Z,2026-02-23T07:11:00Z,auth,auth_enUS_labelerexp,at://did:plc:rnc43dvm6svkeucqrblzchof/app.bsky.feed.post/3mfixqh3plc2h,7,9,1,1
7d35eb3039dd4d81a8fcf8178312380b,2026-02-23T07:00:00Z,2026-02-23T07:11:00Z,auth,auth_enUS_labelerexp,at://did:plc:ua4y7ly7p2scvftkutgpusyx/app.bsky.feed.post/3mfixhfcv4c25,4,0,0,0
7d35eb3039dd4d81a8fcf8178312380b,2026-02-23T07:00:00Z,2026-02-23T07:11:00Z,auth,auth_enUS_labelerexp,at://did:plc:ua4y7ly7p2scvftkutgpusyx/app.bsky.feed.post/3mfix6qbhqs25,2,0,0,0
7d35eb3039dd4d81a8fcf8178312380b,2026-02-23T07:00:00Z,2026-02-23T07:11:00Z,auth,auth_enUS_labelerexp,at://did:plc:cl37gznnibucnz6dnsqv2vpr/app.bsky.feed.post/3mfiwyddp4k2d,3,0,2,0
7d35eb3039dd4d81a8fcf8178312380b,2026-02-23T07:00:00Z,2026-02-23T07:11:00Z,auth,auth_enUS_labelerexp,at://did:plc:ua4y7ly7p2scvftkutgpusyx/app.bsky.feed.post/3mfiwualljc25,13,2,1,0
7d35eb3039dd4d81a8fcf8178312380b,2026-02-23T07:00:00Z,2026-02-23T07:11:00Z,auth,auth_enUS_labelerexp,at://did:plc:ua4y7ly7p2scvftkutgpusyx/app.bsky.feed.post/3mfiwrylmxc25,3,0,0,0
7d35eb3039dd4d81a8fcf8178312380b,2026-02-23T07:00:00Z,2026-02-23T07:11:00Z,auth,auth_enUS_labelerexp,at://did:plc:cgp2vvzve6axfz3mrtcn565y/app.bsky.feed.post/3mfiwqiekzk2j,2,0,1,0
7d35eb3039dd4d81a8fcf8178312380b,2026-02-23T07:00:00Z,2026-02-23T07:11:00Z,auth,auth_enUS_labelerexp,at://did:plc:5duxufunkq3f3gnr62iurcbi/app.bsky.feed.post/3mfiwozxlik24,1,0,0,0
7d35eb3039dd4d81a8fcf8178312380b,2026-02-23T07:00:00Z,2026-02-23T07:11:00Z,auth,auth_enUS_labelerexp,at://did:plc:ldqrgp3mkt2xsclylt4qlsgf/app.bsky.feed.post/3mfiworoqv227,2,0,1,0
7d35eb3039dd4d81a8fcf8178312380b,2026-02-23T07:00:00Z,2026-02-23T07:11:00Z,auth,auth_enUS_labelerexp,at://did:plc:7fvkbsnrihrr4gudjhtulbnu/app.bsky.feed.post/3mfiwkiyuzc2f,0,0,0,0
7d35eb3039dd4d81a8fcf8178312380b,2026-02-23T07:00:00Z,2026-02-23T07:11:00Z,auth,auth_enUS_labelerexp,at://did:plc:rnc43dvm6svkeucqrblzchof/app.bsky.feed.post/3mfivkhzrq22h,0,1,0,0
7d35eb3039dd4d81a8fcf8178312380b,2026-02-23T07:00:00Z,2026-02-23T07:11:00Z,auth,auth_enUS_labelerexp,at://did:plc:y3ud7lx6ksjrgwpu2mmblzc4/app.bsky.feed.post/3mfivdrgons26,2,0,0,0
7d35eb3039dd4d81a8fcf8178312380b,2026-02-23T07:00:00Z,2026-02-23T07:11:00Z,auth,auth_enUS_labelerexp,at://did:plc:ua4y7ly7p2scvftkutgpusyx/app.bsky.feed.post/3mfivcsox6225,7,1,0,0
7d35eb3039dd4d81a8fcf8178312380b,2026-02-23T07:00:00Z,2026-02-23T07:11:00Z,auth,auth_enUS_labelerexp,at://did:plc:ua4y7ly7p2scvftkutgpusyx/app.bsky.feed.post/3mfiv7hv43225,8,0,0,0
7d35eb3039dd4d81a8fcf8178312380b,2026-02-23T07:00:00Z,2026-02-23T07:11:00Z,auth,auth_enUS_labelerexp,at://did:plc:jg2lqx2spe4mqe7kw74xlhod/app.bsky.feed.post/3mfiv4ytlqc2o,0,0,0,0
7d35eb3039dd4d81a8fcf8178312380b,2026-02-23T07:00:00Z,2026-02-23T07:11:00Z,auth,auth_enUS_labelerexp,at://did:plc:ua4y7ly7p2scvftkutgpusyx/app.bsky.feed.post/3mfiupheti225,5,0,2,0
7d35eb3039dd4d81a8fcf8178312380b,2026-02-23T07:00:00Z,2026-02-23T07:11:00Z,auth,auth_enUS_labelerexp,at://did:plc:rnc43dvm6svkeucqrblzchof/app.bsky.feed.post/3mfiuely26c2n,2,1,1,0
7d35eb3039dd4d81a8fcf8178312380b,2026-02-23T07:00:00Z,2026-02-23T07:11:00Z,auth,auth_enUS_labelerexp,at://did:plc:dxgrmqh234ib7r6gdtfl43uy/app.bsky.feed.post/3mfiu44kufc2c,13,1,2,1
7d35eb3039dd4d81a8fcf8178312380b,2026-02-23T07:00:00Z,2026-02-23T07:11:00Z,auth,auth_enUS_labelerexp,at://did:plc:dxgrmqh234ib7r6gdtfl43uy/app.bsky.feed.post/3mfitwhdefs2c,5,0,0,0
7d35eb3039dd4d81a8fcf8178312380b,2026-02-23T07:00:00Z,2026-02-23T07:11:00Z,auth,auth_enUS_labelerexp,at://did:plc:dxgrmqh234ib7r6gdtfl43uy/app.bsky.feed.post/3mfitpiemv22c,15,0,1,1
7d35eb3039dd4d81a8fcf8178312380b,2026-02-23T07:00:00Z,2026-02-23T07:11:00Z,auth,auth_enUS_labelerexp,at://did:plc:rnc43dvm6svkeucqrblzchof/app.bsky.feed.post/3mfitc3eypc2n,1,1,0,0
7d35eb3039dd4d81a8fcf8178312380b,2026-02-23T07:00:00Z,2026-02-23T07:11:00Z,auth,auth_enUS_labelerexp,at://did:plc:kgx74mvf4cdechxvorxlidee/app.bsky.feed.post/3mfitc2xzo22v,1,0,0,0
7d35eb3039dd4d81a8fcf8178312380b,2026-02-23T07:00:00Z,2026-02-23T07:11:00Z,auth,auth_enUS_labelerexp,at://did:plc:ua4y7ly7p2scvftkutgpusyx/app.bsky.feed.post/3mfit5z7bxs25,1,0,0,0
7d35eb3039dd4d81a8fcf8178312380b,2026-02-23T07:00:00Z,2026-02-23T07:11:00Z,auth,auth_enUS_labelerexp,at://did:plc:rnc43dvm6svkeucqrblzchof/app.bsky.feed.post/3mfit4feun22n,2,2,0,0
7d35eb3039dd4d81a8fcf8178312380b,2026-02-23T07:00:00Z,2026-02-23T07:11:00Z,auth,auth_enUS_labelerexp,at://did:plc:jg2lqx2spe4mqe7kw74xlhod/app.bsky.feed.post/3mfisv4qa4k24,0,0,0,0
7d35eb3039dd4d81a8fcf8178312380b,2026-02-23T07:00:00Z,2026-02-23T07:11:00Z,auth,auth_enUS_labelerexp,at://did:plc:pjolfwskc4vdoceztvmmbfm4/app.bsky.feed.post/3mfisrtegns27,6,0,1,0
7d35eb3039dd4d81a8fcf8178312380b,2026-02-23T07:00:00Z,2026-02-23T07:11:00Z,auth,auth_enUS_labelerexp,at://did:plc:7wjt4mhnq3md4oml3u7ditqw/app.bsky.feed.post/3mfispjk3wk2a,3,0,0,0
7d35eb3039dd4d81a8fcf8178312380b,2026-02-23T07:00:00Z,2026-02-23T07:11:00Z,auth,auth_enUS_labelerexp,at://did:plc:jg2lqx2spe4mqe7kw74xlhod/app.bsky.feed.post/3mfispjbx6s24,0,0,0,0
7d35eb3039dd4d81a8fcf8178312380b,2026-02-23T07:00:00Z,2026-02-23T07:11:00Z,auth,auth_enUS_labelerexp,at://did:plc:4cfvzmlojyvjs7ydxmhxmd5p/app.bsky.feed.post/3mfisnep6rc2u,9,12,0,2
7d35eb3039dd4d81a8fcf8178312380b,2026-02-23T07:00:00Z,2026-02-23T07:11:00Z,auth,auth_enUS_labelerexp,at://did:plc:jg2lqx2spe4mqe7kw74xlhod/app.bsky.feed.post/3mfisjdg33224,0,0,0,0
7d35eb3039dd4d81a8fcf8178312380b,2026-02-23T07:00:00Z,2026-02-23T07:11:00Z,auth,auth_enUS_labelerexp,at://did:plc:jg2lqx2spe4mqe7kw74xlhod/app.bsky.feed.post/3mfisgag7y224,0,0,0,0
7d35eb3039dd4d81a8fcf8178312380b,2026-02-23T07:00:00Z,2026-02-23T07:11:00Z,auth,auth_enUS_labelerexp,at://did:plc:wlpa7l3bprdgnr34fujfz77q/app.bsky.feed.post/3mfiscqx5ik2v,1,0,2,0
7d35eb3039dd4d81a8fcf8178312380b,2026-02-23T07:00:00Z,2026-02-23T07:11:00Z,auth,auth_enUS_labelerexp,at://did:plc:56fa7nq34sp444dlr5a7tqmu/app.bsky.feed.post/3mfis2bmqlc23,34,0,2,0
7d35eb3039dd4d81a8fcf8178312380b,2026-02-23T07:00:00Z,2026-02-23T07:11:00Z,auth,auth_enUS_labelerexp,at://did:plc:jg2lqx2spe4mqe7kw74xlhod/app.bsky.feed.post/3mfirzbqvss24,0,0,0,0
7d35eb3039dd4d81a8fcf8178312380b,2026-02-23T07:00:00Z,2026-02-23T07:11:00Z,auth,auth_enUS_labelerexp,at://did:plc:jg2lqx2spe4mqe7kw74xlhod/app.bsky.feed.post/3mfirpwffuk24,0,0,1,0
7d35eb3039dd4d81a8fcf8178312380b,2026-02-23T07:00:00Z,2026-02-23T07:11:02Z,auth,auth_enUS_labelerexp,at://did:plc:76sg5wnmqnrotk4d3xpmbtmd/app.bsky.feed.post/3mfizpufu3k2z,14,0,0,0
7d35eb3039dd4d81a8fcf8178312380b,2026-02-23T07:00:00Z,2026-02-23T07:11:02Z,auth,auth_enUS_labelerexp,at://did:plc:szenup7icwlxf64zjfa22lru/app.bsky.feed.post/3mfitvzuma22r,79,5,8,2
7d35eb3039dd4d81a8fcf8178312380b,2026-02-23T07:00:00Z,2026-02-23T07:11:02Z,auth,auth_enUS_labelerexp,at://did:plc:nrh7ngbqmdfdxowtxn6dazec/app.bsky.feed.post/3mfit7dmphs2t,1,1,6,0
7d35eb3039dd4d81a8fcf8178312380b,2026-02-23T07:00:00Z,2026-02-23T07:11:02Z,auth,auth_enUS_labelerexp,at://did:plc:uemns7yqb62n5kpwe34wgdhs/app.bsky.feed.post/3mfirktajj22m,10,0,1,0
7d35eb3039dd4d81a8fcf8178312380b,2026-02-23T07:00:00Z,2026-02-23T07:11:02Z,auth,auth_enUS_labelerexp,at://did:plc:uemns7yqb62n5kpwe34wgdhs/app.bsky.feed.post/3mfirbwwskk2m,1,0,0,0
7d35eb3039dd4d81a8fcf8178312380b,2026-02-23T07:00:00Z,2026-02-23T07:11:02Z,auth,auth_enUS_labelerexp,at://did:plc:uemns7yqb62n5kpwe34wgdhs/app.bsky.feed.post/3mfiqeuxrik2m,5,0,0,0
7d35eb3039dd4d81a8fcf8178312380b,2026-02-23T07:00:00Z,2026-02-23T07:11:02Z,auth,auth_enUS_labelerexp,at://did:plc:uemns7yqb62n5kpwe34wgdhs/app.bsky.feed.post/3mfiq6nmeuk2m,9,0,2,0
7d35eb3039dd4d81a8fcf8178312380b,2026-02-23T07:00:00Z,2026-02-23T07:11:02Z,auth,auth_enUS_labelerexp,at://did:plc:uemns7yqb62n5kpwe34wgdhs/app.bsky.feed.post/3mfipp4nvxk2m,36,2,1,0
7d35eb3039dd4d81a8fcf8178312380b,2026-02-23T07:00:00Z,2026-02-23T07:11:02Z,auth,auth_enUS_labelerexp,at://did:plc:5oe5abkdpfipztz64dkfjby7/app.bsky.feed.post/3mfil36ozv22i,9,0,1,0
7d35eb3039dd4d81a8fcf8178312380b,2026-02-23T07:00:00Z,2026-02-23T07:11:02Z,auth,auth_enUS_labelerexp,at://did:plc:eqhz3s3gjleyzr3h7zzawak7/app.bsky.feed.post/3mfijlquyoc2f,26,0,0,0
7d35eb3039dd4d81a8fcf8178312380b,2026-02-23T07:00:00Z,2026-02-23T07:11:02Z,auth,auth_enUS_labelerexp,at://did:plc:zjnwwytpjf36b32hjmehac6p/app.bsky.feed.post/3mfij44tvjc2t,1,0,1,0
7d35eb3039dd4d81a8fcf8178312380b,2026-02-23T07:00:00Z,2026-02-23T07:11:02Z,auth,auth_enUS_labelerexp,at://did:plc:zefbtxpje3aosdrvhwszpqhr/app.bsky.feed.post/3mfihyh2p3k2e,3,0,1,0
7d35eb3039dd4d81a8fcf8178312380b,2026-02-23T07:00:00Z,2026-02-23T07:11:02Z,auth,auth_enUS_labelerexp,at://did:plc:zxibxm45uwdgi5ghatux6gyb/app.bsky.feed.post/3mfih4umi2227,3,0,1,0
7d35eb3039dd4d81a8fcf8178312380b,2026-02-23T07:00:00Z,2026-02-23T07:11:02Z,auth,auth_enUS_labelerexp,at://did:plc:uemns7yqb62n5kpwe34wgdhs/app.bsky.feed.post/3mfifydx2bc23,8,0,1,0
7d35eb3039dd4d81a8fcf8178312380b,2026-02-23T07:00:00Z,2026-02-23T07:11:02Z,auth,auth_enUS_labelerexp,at://did:plc:yvvofwz4m2rdrwa73fn64csu/app.bsky.feed.post/3mfibsbjlnc2t,23,14,0,0
7d35eb3039dd4d81a8fcf8178312380b,2026-02-23T07:00:00Z,2026-02-23T07:11:02Z,auth,auth_enUS_labelerexp,at://did:plc:uemns7yqb62n5kpwe34wgdhs/app.bsky.feed.post/3mfi7hmaaus2r,6,0,0,0
7d35eb3039dd4d81a8fcf8178312380b,2026-02-23T07:00:00Z,2026-02-23T07:11:02Z,auth,auth_enUS_labelerexp,at://did:plc:c3pa7lzzwzr4h4sbcpdsrfxt/app.bsky.feed.post/3mfi7gybt6s26,90,12,0,0
7d35eb3039dd4d81a8fcf8178312380b,2026-02-23T07:00:00Z,2026-02-23T07:11:02Z,auth,auth_enUS_labelerexp,at://did:plc:uemns7yqb62n5kpwe34wgdhs/app.bsky.feed.post/3mfi53wki3s2r,2,0,1,0
7d35eb3039dd4d81a8fcf8178312380b,2026-02-23T07:00:00Z,2026-02-23T07:11:02Z,auth,auth_enUS_labelerexp,at://did:plc:zjnwwytpjf36b32hjmehac6p/app.bsky.feed.post/3mfi4qbovkc2l,12,0,2,0
7d35eb3039dd4d81a8fcf8178312380b,2026-02-23T07:00:00Z,2026-02-23T07:11:02Z,auth,auth_enUS_labelerexp,at://did:plc:n7xsqoc7ztdsmfuvfmtndp52/app.bsky.feed.post/3mfi4pzytjk2e,4,0,0,0
7d35eb3039dd4d81a8fcf8178312380b,2026-02-23T07:00:00Z,2026-02-23T07:11:02Z,auth,auth_enUS_labelerexp,at://did:plc:jcarnd774vkmccw7avn56bi4/app.bsky.feed.post/3mfi366wizs2f,1,0,0,0
7d35eb3039dd4d81a8fcf8178312380b,2026-02-23T07:00:00Z,2026-02-23T07:11:02Z,auth,auth_enUS_labelerexp,at://did:plc:uemns7yqb62n5kpwe34wgdhs/app.bsky.feed.post/3mfi2ejdkic2r,36,3,4,0
7d35eb3039dd4d81a8fcf8178312380b,2026-02-23T07:00:00Z,2026-02-23T07:11:02Z,auth,auth_enUS_labelerexp,at://did:plc:xzritgbz45miucms4cvshqd6/app.bsky.feed.post/3mfi2a3hjac2k,6,0,1,0
7d35eb3039dd4d81a8fcf8178312380b,2026-02-23T07:00:00Z,2026-02-23T07:11:02Z,auth,auth_enUS_labelerexp,at://did:plc:nrh7ngbqmdfdxowtxn6dazec/app.bsky.feed.post/3mfi24jxdqk2t,9,0,0,0
7d35eb3039dd4d81a8fcf8178312380b,2026-02-23T07:00:00Z,2026-02-23T07:11:02Z,auth,auth_enUS_labelerexp,at://did:plc:xzritgbz45miucms4cvshqd6/app.bsky.feed.post/3mfhyno24mc2k,33,5,3,0
7d35eb3039dd4d81a8fcf8178312380b,2026-02-23T07:00:00Z,2026-02-23T07:11:02Z,auth,auth_enUS_labelerexp,at://did:plc:uemns7yqb62n5kpwe34wgdhs/app.bsky.feed.post/3mfhykagans2r,8,1,0,0
7d35eb3039dd4d81a8fcf8178312380b,2026-02-23T07:00:00Z,2026-02-23T07:11:02Z,auth,auth_enUS_labelerexp,at://did:plc:hs6uqvhujmevzachdm7fwevj/app.bsky.feed.post/3mfhyj7mcys2f,1,0,1,0
7d35eb3039dd4d81a8fcf8178312380b,2026-02-23T07:00:00Z,2026-02-23T07:11:02Z,auth,auth_enUS_labelerexp,at://did:plc:pzdzma3jvlylizorhltko2be/app.bsky.feed.post/3mfhxx3jty227,1,0,0,0
7d35eb3039dd4d81a8fcf8178312380b,2026-02-23T07:00:00Z,2026-02-23T07:11:02Z,auth,auth_enUS_labelerexp,at://did:plc:pzdzma3jvlylizorhltko2be/app.bsky.feed.post/3mfhxroifqc27,2,0,1,0
7d35eb3039dd4d81a8fcf8178312380b,2026-02-23T07:00:00Z,2026-02-23T07:11:02Z,auth,auth_enUS_labelerexp,at://did:plc:uemns7yqb62n5kpwe34wgdhs/app.bsky.feed.post/3mfhxpp4rx22r,15,0,0,0
7d35eb3039dd4d81a8fcf8178312380b,2026-02-23T07:00:00Z,2026-02-23T07:11:02Z,auth,auth_enUS_labelerexp,at://did:plc:gnlyxexo7tg446kglieyvwit/app.bsky.feed.post/3mfhxdrlyck2a,1,0,0,0
7d35eb3039dd4d81a8fcf8178312380b,2026-02-23T07:00:00Z,2026-02-23T07:11:02Z,auth,auth_enUS_labelerexp,at://did:plc:n7xsqoc7ztdsmfuvfmtndp52/app.bsky.feed.post/3mfhx2ogwsc2l,42,1,9,0
7d35eb3039dd4d81a8fcf8178312380b,2026-02-23T07:00:00Z,2026-02-23T07:11:02Z,auth,auth_enUS_labelerexp,at://did:plc:pzdzma3jvlylizorhltko2be/app.bsky.feed.post/3mfhwj4hyp227,2,0,1,0
7d35eb3039dd4d81a8fcf8178312380b,2026-02-23T07:00:00Z,2026-02-23T07:11:02Z,auth,auth_enUS_labelerexp,at://did:plc:pzdzma3jvlylizorhltko2be/app.bsky.feed.post/3mfhw7tfycs27,9,1,2,1
7d35eb3039dd4d81a8fcf8178312380b,2026-02-23T07:00:00Z,2026-02-23T07:11:02Z,auth,auth_enUS_labelerexp,at://did:plc:uemns7yqb62n5kpwe34wgdhs/app.bsky.feed.post/3mfhvzdd3e22r,3,0,0,0
7d35eb3039dd4d81a8fcf8178312380b,2026-02-23T07:00:00Z,2026-02-23T07:11:02Z,auth,auth_enUS_labelerexp,at://did:plc:qf7qiugfrrhbaywz4xe4fz52/app.bsky.feed.post/3mfhuewffjk2t,1,0,0,0
7d35eb3039dd4d81a8fcf8178312380b,2026-02-23T07:00:00Z,2026-02-23T07:11:02Z,auth,auth_enUS_labelerexp,at://did:plc:szenup7icwlxf64zjfa22lru/app.bsky.feed.post/3mfhubu4kr22r,6,0,0,0
7d35eb3039dd4d81a8fcf8178312380b,2026-02-23T07:00:00Z,2026-02-23T07:11:02Z,auth,auth_enUS_labelerexp,at://did:plc:yvvofwz4m2rdrwa73fn64csu/app.bsky.feed.post/3mfhskbcnrs2d,18,0,0,0
7d35eb3039dd4d81a8fcf8178312380b,2026-02-23T07:00:00Z,2026-02-23T07:11:02Z,auth,auth_enUS_labelerexp,at://did:plc:iu3f4tsc6tljax52cze4u5lj/app.bsky.feed.post/3mfhrrwdxic2e,4,0,2,0
7d35eb3039dd4d81a8fcf8178312380b,2026-02-23T07:00:00Z,2026-02-23T07:11:02Z,auth,auth_enUS_labelerexp,at://did:plc:k4tizly6gwnzvjss3i4bzl7l/app.bsky.feed.post/3mfhqpuq22c2j,1,0,1,0
7d35eb3039dd4d81a8fcf8178312380b,2026-02-23T07:00:00Z,2026-02-23T07:11:02Z,auth,auth_enUS_labelerexp,at://did:plc:k4tizly6gwnzvjss3i4bzl7l/app.bsky.feed.post/3mfhq7uqasc2j,1,0,1,0
7d35eb3039dd4d81a8fcf8178312380b,2026-02-23T07:00:00Z,2026-02-23T07:11:02Z,auth,auth_enUS_labelerexp,at://did:plc:p57yxovp3a2tn6t2k4dof7nl/app.bsky.feed.post/3mfhplo42fs2a,9,0,0,0
7d35eb3039dd4d81a8fcf8178312380b,2026-02-23T07:00:00Z,2026-02-23T07:11:02Z,auth,auth_enUS_labelerexp,at://did:plc:5c6xsduqi3rogy55c6dnqosh/app.bsky.feed.post/3mfhkjevz7k2x,2,0,1,0
7d35eb3039dd4d81a8fcf8178312380b,2026-02-23T07:00:00Z,2026-02-23T07:11:02Z,auth,auth_enUS_labelerexp,at://did:plc:zzififr6febsnsu754pidsxi/app.bsky.feed.post/3mfhiyo7tektz,29,2,3,0
7d35eb3039dd4d81a8fcf8178312380b,2026-02-23T07:00:00Z,2026-02-23T07:11:02Z,auth,auth_enUS_labelerexp,at://did:plc:zzififr6febsnsu754pidsxi/app.bsky.feed.post/3mfhikqgi2l5k,10,1,0,0
7d35eb3039dd4d81a8fcf8178312380b,2026-02-23T07:00:00Z,2026-02-23T07:11:02Z,auth,auth_enUS_labelerexp,at://did:plc:p57yxovp3a2tn6t2k4dof7nl/app.bsky.feed.post/3mfhi6o2xms2k,15,0,3,0
7d35eb3039dd4d81a8fcf8178312380b,2026-02-23T07:00:00Z,2026-02-23T07:11:02Z,auth,auth_enUS_labelerexp,at://did:plc:h7rhkj3l7rlvo6lf57tc7a64/app.bsky.feed.post/3mfhh5iea7s2k,3,1,0,0
7d35eb3039dd4d81a8fcf8178312380b,2026-02-23T07:00:00Z,2026-02-23T07:11:02Z,auth,auth_enUS_labelerexp,at://did:plc:3ndls44ookped7wtrvt2qozy/app.bsky.feed.post/3mfhgongd7k2k,1,0,0,0
7d35eb3039dd4d81a8fcf8178312380b,2026-02-23T07:00:00Z,2026-02-23T07:11:02Z,auth,auth_enUS_labelerexp,at://did:plc:3ndls44ookped7wtrvt2qozy/app.bsky.feed.post/3mfhgjdn7tk2k,3,0,0,0
7d35eb3039dd4d81a8fcf8178312380b,2026-02-23T07:00:00Z,2026-02-23T07:11:02Z,auth,auth_enUS_labelerexp,at://did:plc:zzififr6febsnsu754pidsxi/app.bsky.feed.post/3mfhfeipj3mna,33,2,1,0
7d35eb3039dd4d81a8fcf8178312380b,2026-02-23T07:00:00Z,2026-02-23T07:11:03Z,auth,auth_enUS_labelerexp,at://did:plc:cgl62jlhroosxyjkaffidnon/app.bsky.feed.post/3kkd3dg5fa72f,1683,1231,0,24
7d35eb3039dd4d81a8fcf8178312380b,2026-02-23T07:00:00Z,2026-02-23T07:11:03Z,auth,auth_enUS_labelerexp,at://did:plc:cgl62jlhroosxyjkaffidnon/app.bsky.feed.post/3kipk7jkzic27,213,210,0,11
7d35eb3039dd4d81a8fcf8178312380b,2026-02-23T07:00:00Z,2026-02-23T07:11:03Z,auth,auth_enUS_labelerexp,at://did:plc:cgl62jlhroosxyjkaffidnon/app.bsky.feed.post/3katefllfi22u,8,0,0,0
7d35eb3039dd4d81a8fcf8178312380b,2026-02-23T07:00:00Z,2026-02-23T07:11:03Z,auth,auth_enUS_labelerexp,at://did:plc:cgl62jlhroosxyjkaffidnon/app.bsky.feed.post/3kately2tzg2y,28,10,1,1
7d35eb3039dd4d81a8fcf8178312380b,2026-02-23T07:00:00Z,2026-02-23T07:11:03Z,auth,auth_enUS_labelerexp,at://did:plc:cgl62jlhroosxyjkaffidnon/app.bsky.feed.post/3katenz73642z,77,54,0,1
7d35eb3039dd4d81a8fcf8178312380b,2026-02-23T07:00:00Z,2026-02-23T07:11:03Z,auth,auth_enUS_labelerexp,at://did:plc:cgl62jlhroosxyjkaffidnon/app.bsky.feed.post/3katerseelg2p,52,43,0,0
7d35eb3039dd4d81a8fcf8178312380b,2026-02-23T07:00:00Z,2026-02-23T07:11:03Z,auth,auth_enUS_labelerexp,at://did:plc:cgl62jlhroosxyjkaffidnon/app.bsky.feed.post/3kkt2yhwxt52e,372,232,1,2
7d35eb3039dd4d81a8fcf8178312380b,2026-02-23T07:00:00Z,2026-02-23T07:11:03Z,auth,auth_enUS_labelerexp,at://did:plc:hsf6h23omw3jphz27kfeqqy2/app.bsky.feed.post/3lijusnvc7s2l,69,28,2,1
7d35eb3039dd4d81a8fcf8178312380b,2026-02-23T07:00:00Z,2026-02-23T07:11:03Z,auth,auth_enUS_labelerexp,at://did:plc:cgl62jlhroosxyjkaffidnon/app.bsky.feed.post/3kkd3pouuec25,31,16,0,4
7d35eb3039dd4d81a8fcf8178312380b,2026-02-23T07:00:00Z,2026-02-23T07:11:03Z,auth,auth_enUS_labelerexp,at://did:plc:cgl62jlhroosxyjkaffidnon/app.bsky.feed.post/3kkd3t4igks2g,51,42,0,1
7d35eb3039dd4d81a8fcf8178312380b,2026-02-23T07:00:00Z,2026-02-23T07:11:03Z,auth,auth_enUS_labelerexp,at://did:plc:cgl62jlhroosxyjkaffidnon/app.bsky.feed.post/3kkd3vch3cd2l,14,14,0,0
7d35eb3039dd4d81a8fcf8178312380b,2026-02-23T07:00:00Z,2026-02-23T07:11:03Z,auth,auth_enUS_labelerexp,at://did:plc:cgl62jlhroosxyjkaffidnon/app.bsky.feed.post/3kkd3y6wcmz2u,28,32,0,0
7d35eb3039dd4d81a8fcf8178312380b,2026-02-23T07:00:00Z,2026-02-23T07:11:03Z,auth,auth_enUS_labelerexp,at://did:plc:cgl62jlhroosxyjkaffidnon/app.bsky.feed.post/3kkd43u7cc22w,22,17,1,0
7d35eb3039dd4d81a8fcf8178312380b,2026-02-23T07:00:00Z,2026-02-23T07:11:03Z,auth,auth_enUS_labelerexp,at://did:plc:cgl62jlhroosxyjkaffidnon/app.bsky.feed.post/3kkd467bbl22w,241,241,0,3
7d35eb3039dd4d81a8fcf8178312380b,2026-02-23T07:00:00Z,2026-02-23T07:11:03Z,auth,auth_enUS_labelerexp,at://did:plc:cgl62jlhroosxyjkaffidnon/app.bsky.feed.post/3kn3i3id3ys2q,5,0,1,1
7d35eb3039dd4d81a8fcf8178312380b,2026-02-23T07:00:00Z,2026-02-23T07:11:03Z,auth,auth_enUS_labelerexp,at://did:plc:cgl62jlhroosxyjkaffidnon/app.bsky.feed.post/3kkd47vewnu2r,157,91,0,3
7d35eb3039dd4d81a8fcf8178312380b,2026-02-23T07:00:00Z,2026-02-23T07:11:03Z,auth,auth_enUS_labelerexp,at://did:plc:cgl62jlhroosxyjkaffidnon/app.bsky.feed.post/3katfho3n3k22,66,42,0,2
7d35eb3039dd4d81a8fcf8178312380b,2026-02-23T07:00:00Z,2026-02-23T07:11:03Z,auth,auth_enUS_labelerexp,at://did:plc:cgl62jlhroosxyjkaffidnon/app.bsky.feed.post/3khp6xc2w7t2j,83,40,1,5
7d35eb3039dd4d81a8fcf8178312380b,2026-02-23T07:00:00Z,2026-02-23T07:11:03Z,auth,auth_enUS_labelerexp,at://did:plc:cgl62jlhroosxyjkaffidnon/app.bsky.feed.post/3kmmy4x4zzp2o,9,2,0,0
7d35eb3039dd4d81a8fcf8178312380b,2026-02-23T07:00:00Z,2026-02-23T07:11:03Z,auth,auth_enUS_labelerexp,at://did:plc:cgl62jlhroosxyjkaffidnon/app.bsky.feed.post/3knsjggyves2h,10,0,0,0
7d35eb3039dd4d81a8fcf8178312380b,2026-02-23T07:00:00Z,2026-02-23T07:11:03Z,auth,auth_enUS_labelerexp,at://did:plc:cgl62jlhroosxyjkaffidnon/app.bsky.feed.post/3kn5k6avkqw25,6,0,0,1
7d35eb3039dd4d81a8fcf8178312380b,2026-02-23T07:00:00Z,2026-02-23T07:11:03Z,auth,auth_enUS_labelerexp,at://did:plc:cgl62jlhroosxyjkaffidnon/app.bsky.feed.post/3kj3avps2wz2a,56,25,0,0
7d35eb3039dd4d81a8fcf8178312380b,2026-02-23T07:00:00Z,2026-02-23T07:11:03Z,auth,auth_enUS_labelerexp,at://did:plc:cgl62jlhroosxyjkaffidnon/app.bsky.feed.post/3katfu7fkhx2s,34,20,0,1
7d35eb3039dd4d81a8fcf8178312380b,2026-02-23T07:00:00Z,2026-02-23T07:11:03Z,auth,auth_enUS_labelerexp,at://did:plc:cgl62jlhroosxyjkaffidnon/app.bsky.feed.post/3kbwbi42qnq26,8,0,0,0
7d35eb3039dd4d81a8fcf8178312380b,2026-02-23T07:00:00Z,2026-02-23T07:11:03Z,auth,auth_enUS_labelerexp,at://did:plc:cgl62jlhroosxyjkaffidnon/app.bsky.feed.post/3katfvy7k732d,18,5,0,1
7d35eb3039dd4d81a8fcf8178312380b,2026-02-23T07:00:00Z,2026-02-23T07:11:03Z,auth,auth_enUS_labelerexp,at://did:plc:cgl62jlhroosxyjkaffidnon/app.bsky.feed.post/3k6mhl2kx7e2b,44,38,1,7
7d35eb3039dd4d81a8fcf8178312380b,2026-02-23T07:00:00Z,2026-02-23T07:11:03Z,auth,auth_enUS_labelerexp,at://did:plc:yn3lggz4vcabiny6l3kdkofn/app.bsky.feed.post/3mfj3ummcwc2h,0,0,0,0
7d35eb3039dd4d81a8fcf8178312380b,2026-02-23T07:00:00Z,2026-02-23T07:11:03Z,auth,auth_enUS_labelerexp,at://did:plc:ixxxa4ptyanljfp276q65tj7/app.bsky.feed.post/3mfj3uethzs2f,0,0,0,0
7d35eb3039dd4d81a8fcf8178312380b,2026-02-23T07:00:00Z,2026-02-23T07:11:03Z,auth,auth_enUS_labelerexp,at://did:plc:mu3x6q4vc7xvrifos5635bmn/app.bsky.feed.post/3mfj3tiljzz2x,0,0,0,0
7d35eb3039dd4d81a8fcf8178312380b,2026-02-23T07:00:00Z,2026-02-23T07:11:03Z,auth,auth_enUS_labelerexp,at://did:plc:rz2wmcvf7z6qcnamygs5lgfx/app.bsky.feed.post/3mfj3stx5gs2g,0,0,0,0
7d35eb3039dd4d81a8fcf8178312380b,2026-02-23T07:00:00Z,2026-02-23T07:11:03Z,auth,auth_enUS_labelerexp,at://did:plc:khcz3n4k6brbyaxyvm52vvpi/app.bsky.feed.post/3mfj3rsi3ys2h,0,0,0,0
7d35eb3039dd4d81a8fcf8178312380b,2026-02-23T07:00:00Z,2026-02-23T07:11:03Z,auth,auth_enUS_labelerexp,at://did:plc:7rbcvg4prpiptt3zkxhzni2s/app.bsky.feed.post/3mfj3kdc77222,1,0,0,0
7d35eb3039dd4d81a8fcf8178312380b,2026-02-23T07:00:00Z,2026-02-23T07:11:03Z,auth,auth_enUS_labelerexp,at://did:plc:2d5gmfvbxuubkdxn633fmeqv/app.bsky.feed.post/3mfj3dmuxms2n,0,0,0,0
7d35eb3039dd4d81a8fcf8178312380b,2026-02-23T07:00:00Z,2026-02-23T07:11:03Z,auth,auth_enUS_labelerexp,at://did:plc:5555q7otoiw4oupep3efsseb/app.bsky.feed.post/3mfj3dlrpvm2i,0,0,0,0
7d35eb3039dd4d81a8fcf8178312380b,2026-02-23T07:00:00Z,2026-02-23T07:11:03Z,auth,auth_enUS_labelerexp,at://did:plc:s6fe5tag2nyftkxg66uhe3cx/app.bsky.feed.post/3mfj3bzbuo22c,1,0,0,0
7d35eb3039dd4d81a8fcf8178312380b,2026-02-23T07:00:00Z,2026-02-23T07:11:03Z,auth,auth_enUS_labelerexp,at://did:plc:nlmcsdhbwzq2hcr5nvbp4rsc/app.bsky.feed.post/3mfj35q3fkc2l,1,0,0,0
7d35eb3039dd4d81a8fcf8178312380b,2026-02-23T07:00:00Z,2026-02-23T07:11:03Z,auth,auth_enUS_labelerexp,at://did:plc:vir2cjmgfemthht3zv4jde4l/app.bsky.feed.post/3mfj34gznj22y,1,0,0,0
7d35eb3039dd4d81a8fcf8178312380b,2026-02-23T07:00:00Z,2026-02-23T07:11:03Z,auth,auth_enUS_labelerexp,at://did:plc:uaqrbgd3lq63dlwfffck4elv/app.bsky.feed.post/3mfj2stfiss2m,2,0,0,0
7d35eb3039dd4d81a8fcf8178312380b,2026-02-23T07:00:00Z,2026-02-23T07:11:03Z,auth,auth_enUS_labelerexp,at://did:plc:n2ryt6twk2yddhksfgscqaue/app.bsky.feed.post/3mfj2qchvms2b,2,0,1,0
7d35eb3039dd4d81a8fcf8178312380b,2026-02-23T07:00:00Z,2026-02-23T07:11:03Z,auth,auth_enUS_labelerexp,at://did:plc:jfe52t5wvxcr2ukvyectyprc/app.bsky.feed.post/3mfj2nxr4qk2f,0,0,0,0
7d35eb3039dd4d81a8fcf8178312380b,2026-02-23T07:00:00Z,2026-02-23T07:11:03Z,auth,auth_enUS_labelerexp,at://did:plc:3q2occm5yosajwstkkk6aly7/app.bsky.feed.post/3mfj2i6gt7k2z,5,0,0,0
7d35eb3039dd4d81a8fcf8178312380b,2026-02-23T07:00:00Z,2026-02-23T07:11:03Z,auth,auth_enUS_labelerexp,at://did:plc:kyvkxl7gsxor2oj3gjfnv4ns/app.bsky.feed.post/3mfj2i63wlc27,2,2,0,0
7d35eb3039dd4d81a8fcf8178312380b,2026-02-23T07:00:00Z,2026-02-23T07:11:03Z,auth,auth_enUS_labelerexp,at://did:plc:nu3fzyzlubjhhvck6znioopl/app.bsky.feed.post/3mfj2hu5xrk2y,0,0,0,0
7d35eb3039dd4d81a8fcf8178312380b,2026-02-23T07:00:00Z,2026-02-23T07:11:03Z,auth,auth_enUS_labelerexp,at://did:plc:flfltivmazdcsbgbjrec5jvn/app.bsky.feed.post/3mfj2hvtdrs22,0,0,0,0
7d35eb3039dd4d81a8fcf8178312380b,2026-02-23T07:00:00Z,2026-02-23T07:11:03Z,auth,auth_enUS_labelerexp,at://did:plc:v5qpff2cq75nohcp7vtvlyim/app.bsky.feed.post/3mfj2f5ahxk2h,2,0,0,0
7d35eb3039dd4d81a8fcf8178312380b,2026-02-23T07:00:00Z,2026-02-23T07:11:03Z,auth,auth_enUS_labelerexp,at://did:plc:x2h2xqvktoy6mmwmdbqtlz35/app.bsky.feed.post/3mfj2daz74c2p,5,1,0,0
7d35eb3039dd4d81a8fcf8178312380b,2026-02-23T07:00:00Z,2026-02-23T07:11:03Z,auth,auth_enUS_labelerexp,at://did:plc:yn3lggz4vcabiny6l3kdkofn/app.bsky.feed.post/3mfj2cfr3v22a,1,0,1,0
7d35eb3039dd4d81a8fcf8178312380b,2026-02-23T07:00:00Z,2026-02-23T07:11:03Z,auth,auth_enUS_labelerexp,at://did:plc:yn3lggz4vcabiny6l3kdkofn/app.bsky.feed.post/3mfj27tstrk2a,1,0,0,0
7d35eb3039dd4d81a8fcf8178312380b,2026-02-23T07:00:00Z,2026-02-23T07:11:03Z,auth,auth_enUS_labelerexp,at://did:plc:w746wt2nmgl76lzmy2atneom/app.bsky.feed.post/3mfizsrqv2c2h,1,0,0,0
7d35eb3039dd4d81a8fcf8178312380b,2026-02-23T07:00:00Z,2026-02-23T07:11:03Z,auth,auth_enUS_labelerexp,at://did:plc:rxweix2gjsrenbjl3lf4yoyw/app.bsky.feed.post/3mfizryb4kk2o,9,1,0,0
7d35eb3039dd4d81a8fcf8178312380b,2026-02-23T07:00:00Z,2026-02-23T07:11:03Z,auth,auth_enUS_labelerexp,at://did:plc:owkpxt5kmz3jaw2zeh24tqw7/app.bsky.feed.post/3mfiznjgnuj2z,0,0,1,0
7d35eb3039dd4d81a8fcf8178312380b,2026-02-23T07:00:00Z,2026-02-23T07:11:03Z,auth,auth_enUS_labelerexp,at://did:plc:qybohxdl3tw2tsnxqhxq4gnn/app.bsky.feed.post/3mfizgswo7k2x,5,0,0,0
7d35eb3039dd4d81a8fcf8178312380b,2026-02-23T07:00:00Z,2026-02-23T07:11:03Z,auth,auth_enUS_labelerexp,at://did:plc:vx5tar3fasbzbgf4r62x2kdn/app.bsky.feed.post/3mfiyynwdfk2z,6,0,0,0
7d35eb3039dd4d81a8fcf8178312380b,2026-02-23T07:00:00Z,2026-02-23T07:11:03Z,auth,auth_enUS_labelerexp,at://did:plc:hbbroqymgiipikzbwj2hj5h2/app.bsky.feed.post/3mfiywoxkqk2v,7,0,1,0
7d35eb3039dd4d81a8fcf8178312380b,2026-02-23T07:00:00Z,2026-02-23T07:11:03Z,auth,auth_enUS_labelerexp,at://did:plc:hbbroqymgiipikzbwj2hj5h2/app.bsky.feed.post/3mfiyvgogs22v,6,0,0,0
7d35eb3039dd4d81a8fcf8178312380b,2026-02-23T07:00:00Z,2026-02-23T07:11:03Z,auth,auth_enUS_labelerexp,at://did:plc:e65rm4s6qcrdwfcffnq4c646/app.bsky.feed.post/3mfiyssgcgc22,4,0,2,0
7d35eb3039dd4d81a8fcf8178312380b,2026-02-23T07:00:00Z,2026-02-23T07:11:03Z,auth,auth_enUS_labelerexp,at://did:plc:ofssporiucquiedpjk7nh2cx/app.bsky.feed.post/3mfiyqrusps2y,5,0,0,0
7d35eb3039dd4d81a8fcf8178312380b,2026-02-23T07:00:00Z,2026-02-23T07:11:03Z,auth,auth_enUS_labelerexp,at://did:plc:ibrzulais7posjh6dwwghjby/app.bsky.feed.post/3mfiyoui6kk24,9,0,1,0
7d35eb3039dd4d81a8fcf8178312380b,2026-02-23T07:00:00Z,2026-02-23T07:11:03Z,auth,auth_enUS_labelerexp,at://did:plc:3loo4eggng7s7njjox2qbdcv/app.bsky.feed.post/3mfiyhqeko22x,4,0,1,0
7d35eb3039dd4d81a8fcf8178312380b,2026-02-23T07:00:00Z,2026-02-23T07:11:03Z,auth,auth_enUS_labelerexp,at://did:plc:x2h2xqvktoy6mmwmdbqtlz35/app.bsky.feed.post/3mfiycmuwkk2r,13,0,1,0
7d35eb3039dd4d81a8fcf8178312380b,2026-02-23T07:00:00Z,2026-02-23T07:11:03Z,auth,auth_enUS_labelerexp,at://did:plc:yv4oqqwhkatfgiqexiy7dws3/app.bsky.feed.post/3mfiyab3la22a,1,0,1,0
7d35eb3039dd4d81a8fcf8178312380b,2026-02-23T07:00:00Z,2026-02-23T07:11:03Z,auth,auth_enUS_labelerexp,at://did:plc:usakq3xseoel2btzrw6pcuso/app.bsky.feed.post/3mfiy2h3r7s2a,0,0,0,0
7d35eb3039dd4d81a8fcf8178312380b,2026-02-23T07:00:00Z,2026-02-23T07:11:03Z,auth,auth_enUS_labelerexp,at://did:plc:c5nlujvorh2kh6jgp3tpfyum/app.bsky.feed.post/3mfixxylmyw26,0,0,0,0
7d35eb3039dd4d81a8fcf8178312380b,2026-02-23T07:00:00Z,2026-02-23T07:11:03Z,auth,auth_enUS_labelerexp,at://did:plc:d62vi7uzfjd7i4cu4gsgvzyn/app.bsky.feed.post/3mfixxe7u422x,7,1,0,0
7d35eb3039dd4d81a8fcf8178312380b,2026-02-23T07:00:00Z,2026-02-23T07:11:03Z,auth,auth_enUS_labelerexp,at://did:plc:3nnwwpngxa7ox2ebk6t64dbd/app.bsky.feed.post/3mfixsalsfc2j,0,0,0,0
7d35eb3039dd4d81a8fcf8178312380b,2026-02-23T07:00:00Z,2026-02-23T07:11:03Z,auth,auth_enUS_labelerexp,at://did:plc:32d3mrf6gogi5rmig5bpnrku/app.bsky.feed.post/3mfixchglvn2p,0,0,0,0
7d35eb3039dd4d81a8fcf8178312380b,2026-02-23T07:00:00Z,2026-02-23T07:11:03Z,auth,auth_enUS_labelerexp,at://did:plc:ct44vuzkgksyh2cexn3ifh6b/app.bsky.feed.post/3mfiww6ii6s2t,8,0,2,0
7d35eb3039dd4d81a8fcf8178312380b,2026-02-23T07:00:00Z,2026-02-23T07:11:03Z,auth,auth_enUS_labelerexp,at://did:plc:yn3lggz4vcabiny6l3kdkofn/app.bsky.feed.post/3mfiwvjfy7c23,3,0,1,0
7d35eb3039dd4d81a8fcf8178312380b,2026-02-23T07:00:00Z,2026-02-23T07:11:03Z,auth,auth_enUS_labelerexp,at://did:plc:yn3lggz4vcabiny6l3kdkofn/app.bsky.feed.post/3mfiwprmn3c23,2,0,0,0
7d35eb3039dd4d81a8fcf8178312380b,2026-02-23T07:00:00Z,2026-02-23T07:11:03Z,auth,auth_enUS_labelerexp,at://did:plc:b33mbtrhjol34dsp3hxexuii/app.bsky.feed.post/3mfiwoxrn7k23,6,0,0,0
7d35eb3039dd4d81a8fcf8178312380b,2026-02-23T07:00:00Z,2026-02-23T07:11:03Z,auth,auth_enUS_labelerexp,at://did:plc:yn3lggz4vcabiny6l3kdkofn/app.bsky.feed.post/3mfiwhhb45k23,6,1,0,0
7d35eb3039dd4d81a8fcf8178312380b,2026-02-23T07:00:00Z,2026-02-23T07:11:03Z,auth,auth_enUS_labelerexp,at://did:plc:a5mu4zve7wr5nzn3lxpmr6ec/app.bsky.feed.post/3mfivhzjm3c2g,1,0,0,0
7d35eb3039dd4d81a8fcf8178312380b,2026-02-23T07:00:00Z,2026-02-23T07:11:03Z,auth,auth_enUS_labelerexp,at://did:plc:utpwwgq4alxkwtwg4ojun7dp/app.bsky.feed.post/3mfivg3bnvc2g,7,0,0,0
7d35eb3039dd4d81a8fcf8178312380b,2026-02-23T07:00:00Z,2026-02-23T07:11:03Z,auth,auth_enUS_labelerexp,at://did:plc:ct44vuzkgksyh2cexn3ifh6b/app.bsky.feed.post/3mfiv7wpjpk2t,8,0,0,0
7d35eb3039dd4d81a8fcf8178312380b,2026-02-23T07:00:00Z,2026-02-23T07:11:03Z,auth,auth_enUS_labelerexp,at://did:plc:t4a36k5oiox3hn6jwnyxjeba/app.bsky.feed.post/3mfiv7u64ak2r,1,0,0,0
7d35eb3039dd4d81a8fcf8178312380b,2026-02-23T07:00:00Z,2026-02-23T07:11:03Z,auth,auth_enUS_labelerexp,at://did:plc:jvqcavutlw44ig6ydgpnbpgs/app.bsky.feed.post/3mfiupb5cpk2r,3,0,0,0
7d35eb3039dd4d81a8fcf8178312380b,2026-02-23T07:00:00Z,2026-02-23T07:11:08Z,auth,auth_enUS_labelerexp,at://did:plc:x6onsm4dk4oyxaktjuhshv4f/app.bsky.feed.post/3mfizlfv5pc22,0,0,0,0
7d35eb3039dd4d81a8fcf8178312380b,2026-02-23T07:00:00Z,2026-02-23T07:11:08Z,auth,auth_enUS_labelerexp,at://did:plc:qthsq5hi56brunzczkzgxcgw/app.bsky.feed.post/3mfiwrsstuk2t,11,2,0,0
7d35eb3039dd4d81a8fcf8178312380b,2026-02-23T07:00:00Z,2026-02-23T07:11:08Z,auth,auth_enUS_labelerexp,at://did:plc:yfi3rekhuy6ij6bm56ccs32n/app.bsky.feed.post/3mfivmh4jdk23,21,1,0,0
7d35eb3039dd4d81a8fcf8178312380b,2026-02-23T07:00:00Z,2026-02-23T07:11:08Z,auth,auth_enUS_labelerexp,at://did:plc:if7qxmpry4kekeqow4or7v65/app.bsky.feed.post/3mfiv5b5pec2w,9,1,0,0
7d35eb3039dd4d81a8fcf8178312380b,2026-02-23T07:00:00Z,2026-02-23T07:11:08Z,auth,auth_enUS_labelerexp,at://did:plc:z3z3ebswby6p4xw36cjnjmtf/app.bsky.feed.post/3mfio5j6c3223,5,0,0,0
7d35eb3039dd4d81a8fcf8178312380b,2026-02-23T07:00:00Z,2026-02-23T07:11:08Z,auth,auth_enUS_labelerexp,at://did:plc:p6hzsnv3hwlk4cgocvnoaapk/app.bsky.feed.post/3mfimymgous2f,18,1,1,0
7d35eb3039dd4d81a8fcf8178312380b,2026-02-23T07:00:00Z,2026-02-23T07:11:08Z,auth,auth_enUS_labelerexp,at://did:plc:jktlycq3vr3k5gjvflvwgsur/app.bsky.feed.post/3mfiigcit322d,0,0,0,0
7d35eb3039dd4d81a8fcf8178312380b,2026-02-23T07:00:00Z,2026-02-23T07:11:08Z,auth,auth_enUS_labelerexp,at://did:plc:mcb6n67plnrlx4lg35natk2b/app.bsky.feed.post/3mfiidw6msb2g,3,0,0,0
7d35eb3039dd4d81a8fcf8178312380b,2026-02-23T07:00:00Z,2026-02-23T07:11:08Z,auth,auth_enUS_labelerexp,at://did:plc:gxmb5dsogj5gpmrgfzszz4vj/app.bsky.feed.post/3mfihyjssgc26,2,1,0,0
7d35eb3039dd4d81a8fcf8178312380b,2026-02-23T07:00:00Z,2026-02-23T07:11:08Z,auth,auth_enUS_labelerexp,at://did:plc:gxmb5dsogj5gpmrgfzszz4vj/app.bsky.feed.post/3mfihw52mrc26,0,0,0,0
7d35eb3039dd4d81a8fcf8178312380b,2026-02-23T07:00:00Z,2026-02-23T07:11:08Z,auth,auth_enUS_labelerexp,at://did:plc:zuwmy3ccklggl4xjoeomnmce/app.bsky.feed.post/3mfihunaumk2z,1,0,0,0
7d35eb3039dd4d81a8fcf8178312380b,2026-02-23T07:00:00Z,2026-02-23T07:11:08Z,auth,auth_enUS_labelerexp,at://did:plc:l4xsetiqikazofprzgufuimk/app.bsky.feed.post/3mfifxx6b7k2d,4,0,0,0
7d35eb3039dd4d81a8fcf8178312380b,2026-02-23T07:00:00Z,2026-02-23T07:11:08Z,auth,auth_enUS_labelerexp,at://did:plc:gifvx6lxojnhukr3hvwoqdla/app.bsky.feed.post/3mfifo6wgwk26,4,0,0,0
7d35eb3039dd4d81a8fcf8178312380b,2026-02-23T07:00:00Z,2026-02-23T07:11:08Z,auth,auth_enUS_labelerexp,at://did:plc:imyq66varohafxatuukq7ihb/app.bsky.feed.post/3mfienhjiws2e,6,2,2,1
7d35eb3039dd4d81a8fcf8178312380b,2026-02-23T07:00:00Z,2026-02-23T07:11:08Z,auth,auth_enUS_labelerexp,at://did:plc:5kyhjibsysqkvoz7g5eyeqb2/app.bsky.feed.post/3mfidberrpp2w,5,0,1,0
7d35eb3039dd4d81a8fcf8178312380b,2026-02-23T07:00:00Z,2026-02-23T07:11:08Z,auth,auth_enUS_labelerexp,at://did:plc:vzj7ppf5ccsg5l7sdtkahjhe/app.bsky.feed.post/3mficjkmvxs2q,30,1,4,0
7d35eb3039dd4d81a8fcf8178312380b,2026-02-23T07:00:00Z,2026-02-23T07:11:08Z,auth,auth_enUS_labelerexp,at://did:plc:jcib2diceqq5zp5pu3np6mj5/app.bsky.feed.post/3mfic2p376c24,2,0,0,0
7d35eb3039dd4d81a8fcf8178312380b,2026-02-23T07:00:00Z,2026-02-23T07:11:08Z,auth,auth_enUS_labelerexp,at://did:plc:mcb6n67plnrlx4lg35natk2b/app.bsky.feed.post/3mfibnat3cb2u,1,0,1,0
7d35eb3039dd4d81a8fcf8178312380b,2026-02-23T07:00:00Z,2026-02-23T07:11:08Z,auth,auth_enUS_labelerexp,at://did:plc:kn43mupwe445cxhn24icyuqp/app.bsky.feed.post/3mfibilqtn22z,2,0,0,0
7d35eb3039dd4d81a8fcf8178312380b,2026-02-23T07:00:00Z,2026-02-23T07:11:08Z,auth,auth_enUS_labelerexp,at://did:plc:vfbfuhcodnp6q3k5tr3prre3/app.bsky.feed.post/3mfibeo7osk2c,3,0,1,0
7d35eb3039dd4d81a8fcf8178312380b,2026-02-23T07:00:00Z,2026-02-23T07:11:08Z,auth,auth_enUS_labelerexp,at://did:plc:pehodjg3hwhpmagtn4yvzphb/app.bsky.feed.post/3mfibcoiumk2l,3,0,1,0
7d35eb3039dd4d81a8fcf8178312380b,2026-02-23T07:00:00Z,2026-02-23T07:11:08Z,auth,auth_enUS_labelerexp,at://did:plc:pehodjg3hwhpmagtn4yvzphb/app.bsky.feed.post/3mfia5mcgp22l,3,0,0,0
7d35eb3039dd4d81a8fcf8178312380b,2026-02-23T07:00:00Z,2026-02-23T07:11:08Z,auth,auth_enUS_labelerexp,at://did:plc:mcb6n67plnrlx4lg35natk2b/app.bsky.feed.post/3mfi7xoqoeq2x,0,0,0,0
7d35eb3039dd4d81a8fcf8178312380b,2026-02-23T07:00:00Z,2026-02-23T07:11:08Z,auth,auth_enUS_labelerexp,at://did:plc:qropmz2a4q5q4h7drdmg4n2r/app.bsky.feed.post/3mfi6qy63ks2u,11,1,0,0
7d35eb3039dd4d81a8fcf8178312380b,2026-02-23T07:00:00Z,2026-02-23T07:11:08Z,auth,auth_enUS_labelerexp,at://did:plc:zqqxe2ce3xdlxazlrgbpmf45/app.bsky.feed.post/3mfi6jrqfkk2g,3,1,0,0
7d35eb3039dd4d81a8fcf8178312380b,2026-02-23T07:00:00Z,2026-02-23T07:11:08Z,auth,auth_enUS_labelerexp,at://did:plc:mcb6n67plnrlx4lg35natk2b/app.bsky.feed.post/3mfi6bzf6442c,0,0,0,0
7d35eb3039dd4d81a8fcf8178312380b,2026-02-23T07:00:00Z,2026-02-23T07:11:08Z,auth,auth_enUS_labelerexp,at://did:plc:r6ipku2w5jijkzsaley4wrlg/app.bsky.feed.post/3mfi64iir7s2t,54,2,1,0
7d35eb3039dd4d81a8fcf8178312380b,2026-02-23T07:00:00Z,2026-02-23T07:11:08Z,auth,auth_enUS_labelerexp,at://did:plc:wyrvb7rl2dqxi2zre6jlzxpx/app.bsky.feed.post/3mfi63dzwe223,9,1,0,0
7d35eb3039dd4d81a8fcf8178312380b,2026-02-23T07:00:00Z,2026-02-23T07:11:08Z,auth,auth_enUS_labelerexp,at://did:plc:c4krei6pmtlcdjlz7bstrxph/app.bsky.feed.post/3mfi5t4osf226,7,1,0,0
7d35eb3039dd4d81a8fcf8178312380b,2026-02-23T07:00:00Z,2026-02-23T07:11:08Z,auth,auth_enUS_labelerexp,at://did:plc:z3z3ebswby6p4xw36cjnjmtf/app.bsky.feed.post/3mfi4ydnjyc23,5,0,0,0
7d35eb3039dd4d81a8fcf8178312380b,2026-02-23T07:00:00Z,2026-02-23T07:11:08Z,auth,auth_enUS_labelerexp,at://did:plc:p6hzsnv3hwlk4cgocvnoaapk/app.bsky.feed.post/3mfi4kpfr3s2i,17,2,0,0
7d35eb3039dd4d81a8fcf8178312380b,2026-02-23T07:00:00Z,2026-02-23T07:11:08Z,auth,auth_enUS_labelerexp,at://did:plc:cwrmcyyjvavrhqr2od4b6niz/app.bsky.feed.post/3mfi34zpths2l,22,0,0,0
7d35eb3039dd4d81a8fcf8178312380b,2026-02-23T07:00:00Z,2026-02-23T07:11:08Z,auth,auth_enUS_labelerexp,at://did:plc:oapdxhsoryg76ge45hjnenyk/app.bsky.feed.post/3mfi2jnoqgk2e,6,1,0,0
7d35eb3039dd4d81a8fcf8178312380b,2026-02-23T07:00:00Z,2026-02-23T07:11:08Z,auth,auth_enUS_labelerexp,at://did:plc:mx47j6btfxtqnn57k3sqisjs/app.bsky.feed.post/3mfi2hp7its26,7,0,0,0
7d35eb3039dd4d81a8fcf8178312380b,2026-02-23T07:00:00Z,2026-02-23T07:11:08Z,auth,auth_enUS_labelerexp,at://did:plc:mcb6n67plnrlx4lg35natk2b/app.bsky.feed.post/3mfhzsxiu7i2u,0,0,0,0
7d35eb3039dd4d81a8fcf8178312380b,2026-02-23T07:00:00Z,2026-02-23T07:11:08Z,auth,auth_enUS_labelerexp,at://did:plc:x4so5zafyvx4ax5zdhcwk3o7/app.bsky.feed.post/3mfhzjbgx5k2h,1,0,0,0
7d35eb3039dd4d81a8fcf8178312380b,2026-02-23T07:00:00Z,2026-02-23T07:11:08Z,auth,auth_enUS_labelerexp,at://did:plc:bqbtbozzhrwufleuwq4nlrgo/app.bsky.feed.post/3mfhzf32tn22y,2,1,0,0
7d35eb3039dd4d81a8fcf8178312380b,2026-02-23T07:00:00Z,2026-02-23T07:11:08Z,auth,auth_enUS_labelerexp,at://did:plc:mcb6n67plnrlx4lg35natk2b/app.bsky.feed.post/3mfhxli57yc25,0,0,0,0
7d35eb3039dd4d81a8fcf8178312380b,2026-02-23T07:00:00Z,2026-02-23T07:11:08Z,auth,auth_enUS_labelerexp,at://did:plc:scimftsmk4utfqxyhoflulqk/app.bsky.feed.post/3mfhxgjroas2y,85,30,6,1
7d35eb3039dd4d81a8fcf8178312380b,2026-02-23T07:00:00Z,2026-02-23T07:11:08Z,auth,auth_enUS_labelerexp,at://did:plc:7avy3juyuitgnrmapgpnzi5j/app.bsky.feed.post/3mfhxbnn6zt2p,0,0,0,0
7d35eb3039dd4d81a8fcf8178312380b,2026-02-23T07:00:00Z,2026-02-23T07:11:08Z,auth,auth_enUS_labelerexp,at://did:plc:mcb6n67plnrlx4lg35natk2b/app.bsky.feed.post/3mfhwzn6cho2x,1,0,0,0
7d35eb3039dd4d81a8fcf8178312380b,2026-02-23T07:00:00Z,2026-02-23T07:11:08Z,auth,auth_enUS_labelerexp,at://did:plc:q5sahncn5htqnz6o5siubiar/app.bsky.feed.post/3mfhwnsganc2h,17,5,1,0
7d35eb3039dd4d81a8fcf8178312380b,2026-02-23T07:00:00Z,2026-02-23T07:11:08Z,auth,auth_enUS_labelerexp,at://did:plc:5xkfzxrlamybin3e5lcogvg2/app.bsky.feed.post/3mfhwiwscak2l,5,0,0,0
7d35eb3039dd4d81a8fcf8178312380b,2026-02-23T07:00:00Z,2026-02-23T07:11:08Z,auth,auth_enUS_labelerexp,at://did:plc:mcb6n67plnrlx4lg35natk2b/app.bsky.feed.post/3mfhvduhcox2e,1,0,0,0
7d35eb3039dd4d81a8fcf8178312380b,2026-02-23T07:00:00Z,2026-02-23T07:11:08Z,auth,auth_enUS_labelerexp,at://did:plc:kn43mupwe445cxhn24icyuqp/app.bsky.feed.post/3mfhva7xzes2u,2,0,0,0
7d35eb3039dd4d81a8fcf8178312380b,2026-02-23T07:00:00Z,2026-02-23T07:11:08Z,auth,auth_enUS_labelerexp,at://did:plc:bboyycog42ozk5r3vow5orhf/app.bsky.feed.post/3mfhv62cjms2d,34,7,0,0
7d35eb3039dd4d81a8fcf8178312380b,2026-02-23T07:00:00Z,2026-02-23T07:11:08Z,auth,auth_enUS_labelerexp,at://did:plc:ba56zkdvx3afthg3td547hcx/app.bsky.feed.post/3mfhtj4vons2m,1,0,0,0
7d35eb3039dd4d81a8fcf8178312380b,2026-02-23T07:00:00Z,2026-02-23T07:11:08Z,auth,auth_enUS_labelerexp,at://did:plc:2vasytkh6py3qqzro7l3vswf/app.bsky.feed.post/3mfhpevd7vc2d,4,0,0,0
7d35eb3039dd4d81a8fcf8178312380b,2026-02-23T07:00:00Z,2026-02-23T07:11:08Z,auth,auth_enUS_labelerexp,at://did:plc:gemnjaec65jpvu4yhnfpqc5u/app.bsky.feed.post/3mfhnsgrl4c2j,6,0,0,0
7d35eb3039dd4d81a8fcf8178312380b,2026-02-23T07:00:00Z,2026-02-23T07:11:08Z,auth,auth_enUS_labelerexp,at://did:plc:a3j6mogvgoydtbb2ptpx3pak/app.bsky.feed.post/3mfhmoq7no22m,6,2,1,0
7d35eb3039dd4d81a8fcf8178312380b,2026-02-23T07:00:00Z,2026-02-23T07:11:09Z,auth,auth_enUS_labelerexp,at://did:plc:hsqwcidfez66lwm3gxhfv5in/app.bsky.feed.post/3lhyyamhh622x,1201,31,43,3
7d35eb3039dd4d81a8fcf8178312380b,2026-02-23T07:00:00Z,2026-02-23T07:11:09Z,auth,auth_enUS_labelerexp,at://did:plc:33kqdhehjmmujujiuaigokbr/app.bsky.feed.post/3mfioh7t2ks23,86,4,0,0
7d35eb3039dd4d81a8fcf8178312380b,2026-02-23T07:00:00Z,2026-02-23T07:11:09Z,auth,auth_enUS_labelerexp,at://did:plc:xze25pfuahzmu2uwifdkejg6/app.bsky.feed.post/3mfiml65epk2j,7,0,0,0
7d35eb3039dd4d81a8fcf8178312380b,2026-02-23T07:00:00Z,2026-02-23T07:11:09Z,auth,auth_enUS_labelerexp,at://did:plc:xze25pfuahzmu2uwifdkejg6/app.bsky.feed.post/3mfijxly7vc2j,5,0,0,0
7d35eb3039dd4d81a8fcf8178312380b,2026-02-23T07:00:00Z,2026-02-23T07:11:09Z,auth,auth_enUS_labelerexp,at://did:plc:ujcb2wc5zufy3oikugvuu44m/app.bsky.feed.post/3mfiayeipss2b,11,0,0,0
7d35eb3039dd4d81a8fcf8178312380b,2026-02-23T07:00:00Z,2026-02-23T07:11:09Z,auth,auth_enUS_labelerexp,at://did:plc:2uxcsyzfhuwqhvrispwtdxlr/app.bsky.feed.post/3mfi3th7anc24,11,3,0,0
7d35eb3039dd4d81a8fcf8178312380b,2026-02-23T07:00:00Z,2026-02-23T07:11:09Z,auth,auth_enUS_labelerexp,at://did:plc:vro3kqzao6ksuogrjwfjbn3t/app.bsky.feed.post/3mfi242ceik2x,10,1,0,0
7d35eb3039dd4d81a8fcf8178312380b,2026-02-23T07:00:00Z,2026-02-23T07:11:09Z,auth,auth_enUS_labelerexp,at://did:plc:f77rbct3ej3fe777uufp4kug/app.bsky.feed.post/3mfhvdeumsk2p,25,1,0,0
7d35eb3039dd4d81a8fcf8178312380b,2026-02-23T07:00:00Z,2026-02-23T07:11:09Z,auth,auth_enUS_labelerexp,at://did:plc:g3ncxsitsol3o76ac5ses4c5/app.bsky.feed.post/3mfhokkoht22f,17,1,1,0
7d35eb3039dd4d81a8fcf8178312380b,2026-02-23T07:00:00Z,2026-02-23T07:11:09Z,auth,auth_enUS_labelerexp,at://did:plc:w4txslzvamszeku6dusqopxc/app.bsky.feed.post/3mfho4rx47c2x,15,3,0,0
7d35eb3039dd4d81a8fcf8178312380b,2026-02-23T07:00:00Z,2026-02-23T07:11:09Z,auth,auth_enUS_labelerexp,at://did:plc:24mhwbowdwbk6om25tbq2i66/app.bsky.feed.post/3mfhmycxvrs2z,1210,109,18,2
7d35eb3039dd4d81a8fcf8178312380b,2026-02-23T07:00:00Z,2026-02-23T07:11:09Z,auth,auth_enUS_labelerexp,at://did:plc:rbs6pvtczhqywnp733jlngzo/app.bsky.feed.post/3mfhlcy7cdk25,41,4,2,0
7d35eb3039dd4d81a8fcf8178312380b,2026-02-23T07:00:00Z,2026-02-23T07:11:09Z,auth,auth_enUS_labelerexp,at://did:plc:ikyvq3pjd5flszeqzmiuw2wu/app.bsky.feed.post/3mfhgk6wdc22z,15,0,0,0
7d35eb3039dd4d81a8fcf8178312380b,2026-02-23T07:00:00Z,2026-02-23T07:11:09Z,auth,auth_enUS_labelerexp,at://did:plc:eyu3xe6sjb7p2a3fce6g7qhd/app.bsky.feed.post/3mfhghpiw3s2y,113,16,1,1
7d35eb3039dd4d81a8fcf8178312380b,2026-02-23T07:00:00Z,2026-02-23T07:11:09Z,auth,auth_enUS_labelerexp,at://did:plc:gombag4zwctbiexvfvvqwqew/app.bsky.feed.post/3mfhdekt4vk2k,84,6,0,0
7d35eb3039dd4d81a8fcf8178312380b,2026-02-23T07:00:00Z,2026-02-23T07:11:09Z,auth,auth_enUS_labelerexp,at://did:plc:33kqdhehjmmujujiuaigokbr/app.bsky.feed.post/3mfhatbzpz22l,773,64,10,4
7d35eb3039dd4d81a8fcf8178312380b,2026-02-23T07:00:00Z,2026-02-23T07:11:09Z,auth,auth_enUS_labelerexp,at://did:plc:ikyvq3pjd5flszeqzmiuw2wu/app.bsky.feed.post/3mfha5kegok2z,5,0,0,0
7d35eb3039dd4d81a8fcf8178312380b,2026-02-23T07:00:00Z,2026-02-23T07:11:09Z,auth,auth_enUS_labelerexp,at://did:plc:ikyvq3pjd5flszeqzmiuw2wu/app.bsky.feed.post/3mfh7gcxwb22z,6,0,0,0
7d35eb3039dd4d81a8fcf8178312380b,2026-02-23T07:00:00Z,2026-02-23T07:11:09Z,auth,auth_enUS_labelerexp,at://did:plc:gyyzsesbzn76vlldjtogmbrg/app.bsky.feed.post/3mfh75eqfrc23,28,0,0,0
7d35eb3039dd4d81a8fcf8178312380b,2026-02-23T07:00:00Z,2026-02-23T07:11:09Z,auth,auth_enUS_labelerexp,at://did:plc:qpjn3f3hmuao24ha2cnmbgel/app.bsky.feed.post/3mfh52ysqfk23,4,0,1,0
7d35eb3039dd4d81a8fcf8178312380b,2026-02-23T07:00:00Z,2026-02-23T07:11:09Z,auth,auth_enUS_labelerexp,at://did:plc:ikyvq3pjd5flszeqzmiuw2wu/app.bsky.feed.post/3mfh52uzy5c2z,6,1,0,0
7d35eb3039dd4d81a8fcf8178312380b,2026-02-23T07:00:00Z,2026-02-23T07:11:09Z,auth,auth_enUS_labelerexp,at://did:plc:ikyvq3pjd5flszeqzmiuw2wu/app.bsky.feed.post/3mfh3k47qts2z,5,0,0,0
7d35eb3039dd4d81a8fcf8178312380b,2026-02-23T07:00:00Z,2026-02-23T07:11:09Z,auth,auth_enUS_labelerexp,at://did:plc:55hzsoxqkide6jznllfosxq2/app.bsky.feed.post/3mfh3jooeok2s,18,1,0,0
7d35eb3039dd4d81a8fcf8178312380b,2026-02-23T07:00:00Z,2026-02-23T07:11:09Z,auth,auth_enUS_labelerexp,at://did:plc:33kqdhehjmmujujiuaigokbr/app.bsky.feed.post/3mfh2jdwljs2i,163,21,1,0
7d35eb3039dd4d81a8fcf8178312380b,2026-02-23T07:00:00Z,2026-02-23T07:11:09Z,auth,auth_enUS_labelerexp,at://did:plc:ikyvq3pjd5flszeqzmiuw2wu/app.bsky.feed.post/3mfgzirgowk2f,6,0,2,0
7d35eb3039dd4d81a8fcf8178312380b,2026-02-23T07:00:00Z,2026-02-23T07:11:09Z,auth,auth_enUS_labelerexp,at://did:plc:2km7ju5fwi2ajea526y5drra/app.bsky.feed.post/3mfgxwcdyas23,638,58,13,1
7d35eb3039dd4d81a8fcf8178312380b,2026-02-23T07:00:00Z,2026-02-23T07:11:09Z,auth,auth_enUS_labelerexp,at://did:plc:4mnnk3nk6cfqxodwn7gfpckf/app.bsky.feed.post/3mfgw33h6d22w,13,0,1,0
7d35eb3039dd4d81a8fcf8178312380b,2026-02-23T07:00:00Z,2026-02-23T07:11:09Z,auth,auth_enUS_labelerexp,at://did:plc:ipbyy6vty2du6roao4k6ht3d/app.bsky.feed.post/3mfgupirqps2m,23,0,0,0
7d35eb3039dd4d81a8fcf8178312380b,2026-02-23T07:00:00Z,2026-02-23T07:11:09Z,auth,auth_enUS_labelerexp,at://did:plc:ebenh2s2jekhmhv37mqt52jx/app.bsky.feed.post/3mfgq5g63zs2t,18,1,0,0
7d35eb3039dd4d81a8fcf8178312380b,2026-02-23T07:00:00Z,2026-02-23T07:11:09Z,auth,auth_enUS_labelerexp,at://did:plc:ypcxeergrblw25lxumtcv75c/app.bsky.feed.post/3mfgmqstdvc2r,87,11,3,0
7d35eb3039dd4d81a8fcf8178312380b,2026-02-23T07:00:00Z,2026-02-23T07:11:09Z,auth,auth_enUS_labelerexp,at://did:plc:fhkrad57p4eim3xxolwdnalv/app.bsky.feed.post/3mfgm5ck7dk2z,40,0,1,0
7d35eb3039dd4d81a8fcf8178312380b,2026-02-23T07:00:00Z,2026-02-23T07:11:09Z,auth,auth_enUS_labelerexp,at://did:plc:s7f4ufic53a2cuh5zyescpjx/app.bsky.feed.post/3mfggxhybek23,18,0,1,0
7d35eb3039dd4d81a8fcf8178312380b,2026-02-23T07:00:00Z,2026-02-23T07:11:09Z,auth,auth_enUS_labelerexp,at://did:plc:s7f4ufic53a2cuh5zyescpjx/app.bsky.feed.post/3mfggtt6b5s23,13,0,0,0
7d35eb3039dd4d81a8fcf8178312380b,2026-02-23T07:00:00Z,2026-02-23T07:11:09Z,auth,auth_enUS_labelerexp,at://did:plc:s7f4ufic53a2cuh5zyescpjx/app.bsky.feed.post/3mfggopqrfs23,8,0,0,0
7d35eb3039dd4d81a8fcf8178312380b,2026-02-23T07:00:00Z,2026-02-23T07:11:09Z,auth,auth_enUS_labelerexp,at://did:plc:jnv2mjtataosvxrpkzem5g3w/app.bsky.feed.post/3mffvu3upd22c,64,2,1,0
7d35eb3039dd4d81a8fcf8178312380b,2026-02-23T07:00:00Z,2026-02-23T07:11:09Z,auth,auth_enUS_labelerexp,at://did:plc:mtafwxyidfgcynepxqf53ioy/app.bsky.feed.post/3mfficfzfh22z,49,5,0,0
7d35eb3039dd4d81a8fcf8178312380b,2026-02-23T07:00:00Z,2026-02-23T07:11:09Z,auth,auth_enUS_labelerexp,at://did:plc:ummyxumpzpurmctthoqtkivx/app.bsky.feed.post/3mffco7mkjk2x,88,24,3,0
7d35eb3039dd4d81a8fcf8178312380b,2026-02-23T07:00:00Z,2026-02-23T07:11:09Z,auth,auth_enUS_labelerexp,at://did:plc:bmkk4qu3xpq2j6zgi6zlz6sm/app.bsky.feed.post/3mfeztzjzqk2x,70,5,0,0
7d35eb3039dd4d81a8fcf8178312380b,2026-02-23T07:00:00Z,2026-02-23T07:11:09Z,auth,auth_enUS_labelerexp,at://did:plc:img6unufp67kxekhee3y5ag3/app.bsky.feed.post/3mfeywiqpwc2c,23,1,0,0
7d35eb3039dd4d81a8fcf8178312380b,2026-02-23T07:00:00Z,2026-02-23T07:11:09Z,auth,auth_enUS_labelerexp,at://did:plc:rbs6pvtczhqywnp733jlngzo/app.bsky.feed.post/3mfextzds6k2b,88,10,1,0
7d35eb3039dd4d81a8fcf8178312380b,2026-02-23T07:00:00Z,2026-02-23T07:11:09Z,auth,auth_enUS_labelerexp,at://did:plc:zp5kknudpzk4s5tnagwsdn4t/app.bsky.feed.post/3mfevbycozk2l,18,1,0,0
7d35eb3039dd4d81a8fcf8178312380b,2026-02-23T07:00:00Z,2026-02-23T07:11:09Z,auth,auth_enUS_labelerexp,at://did:plc:cihrfdfd7agczotxdxomldik/app.bsky.feed.post/3mfercj6omc2l,161,18,1,0
7d35eb3039dd4d81a8fcf8178312380b,2026-02-23T07:00:00Z,2026-02-23T07:11:09Z,auth,auth_enUS_labelerexp,at://did:plc:kjk5qbbb2rward4x5t3n3n5f/app.bsky.feed.post/3mfeqwhkoq22f,23,1,0,0
7d35eb3039dd4d81a8fcf8178312380b,2026-02-23T07:00:00Z,2026-02-23T07:11:09Z,auth,auth_enUS_labelerexp,at://did:plc:gyyzsesbzn76vlldjtogmbrg/app.bsky.feed.post/3mfepqgnwac26,65,3,1,0
7d35eb3039dd4d81a8fcf8178312380b,2026-02-23T07:00:00Z,2026-02-23T07:11:09Z,auth,auth_enUS_labelerexp,at://did:plc:cihrfdfd7agczotxdxomldik/app.bsky.feed.post/3mfen6cgdrs2g,23,3,1,0
7d35eb3039dd4d81a8fcf8178312380b,2026-02-23T07:00:00Z,2026-02-23T07:11:09Z,auth,auth_enUS_labelerexp,at://did:plc:ew4yk5fqr6nj5fhcoliyucad/app.bsky.feed.post/3mfelh2ke322d,114,17,1,0
7d35eb3039dd4d81a8fcf8178312380b,2026-02-23T07:00:00Z,2026-02-23T07:11:09Z,auth,auth_enUS_labelerexp,at://did:plc:strg76sdetuvla63d5mkmmdi/app.bsky.feed.post/3mfelck2vus24,42,4,0,0
7d35eb3039dd4d81a8fcf8178312380b,2026-02-23T07:00:00Z,2026-02-23T07:11:09Z,auth,auth_enUS_labelerexp,at://did:plc:5443zrcflypsigt67vxpogtx/app.bsky.feed.post/3mfekrjokpc2i,21,1,1,0
7d35eb3039dd4d81a8fcf8178312380b,2026-02-23T07:00:00Z,2026-02-23T07:11:09Z,auth,auth_enUS_labelerexp,at://did:plc:4rvgodksojayd3edjqcxplzh/app.bsky.feed.post/3mfejzmst322j,18,3,1,0
7d35eb3039dd4d81a8fcf8178312380b,2026-02-23T07:00:00Z,2026-02-23T07:11:09Z,auth,auth_enUS_labelerexp,at://did:plc:4rvgodksojayd3edjqcxplzh/app.bsky.feed.post/3mfejqgrams2j,167,8,6,0
7d35eb3039dd4d81a8fcf8178312380b,2026-02-23T07:00:00Z,2026-02-23T07:11:10Z,auth,auth_enUS_labelerexp,at://did:plc:bmarnzj3houwlhnm53avpqnq/app.bsky.feed.post/3lbf2rghjlk22,838,166,33,22
7d35eb3039dd4d81a8fcf8178312380b,2026-02-23T07:00:00Z,2026-02-23T07:11:10Z,auth,auth_enUS_labelerexp,at://did:plc:4g3en5askm7oey6uvei3daqm/app.bsky.feed.post/3mfj367nf3s22,0,0,0,0
7d35eb3039dd4d81a8fcf8178312380b,2026-02-23T07:00:00Z,2026-02-23T07:11:10Z,auth,auth_enUS_labelerexp,at://did:plc:yxhiiynhrd2oifqcazctiv5v/app.bsky.feed.post/3mfizgehsos2w,0,0,0,0
7d35eb3039dd4d81a8fcf8178312380b,2026-02-23T07:00:00Z,2026-02-23T07:11:10Z,auth,auth_enUS_labelerexp,at://did:plc:m4u6jbnqs3wmfjbsqnqvlurt/app.bsky.feed.post/3mfitjcerss2d,2,0,0,0
7d35eb3039dd4d81a8fcf8178312380b,2026-02-23T07:00:00Z,2026-02-23T07:11:10Z,auth,auth_enUS_labelerexp,at://did:plc:sdbsjrminwmtfvesvgxq33ai/app.bsky.feed.post/3mfilw5m3u42o,0,0,0,0
7d35eb3039dd4d81a8fcf8178312380b,2026-02-23T07:00:00Z,2026-02-23T07:11:10Z,auth,auth_enUS_labelerexp,at://did:plc:4zbgbug4ilc6e6erhwm7tlze/app.bsky.feed.post/3mfilod2sql2j,4,0,0,0
7d35eb3039dd4d81a8fcf8178312380b,2026-02-23T07:00:00Z,2026-02-23T07:11:10Z,auth,auth_enUS_labelerexp,at://did:plc:fq6xmznwa72hzcl2lfy5edqq/app.bsky.feed.post/3mfijhtcyis25,2,0,1,0
7d35eb3039dd4d81a8fcf8178312380b,2026-02-23T07:00:00Z,2026-02-23T07:11:10Z,auth,auth_enUS_labelerexp,at://did:plc:4zbgbug4ilc6e6erhwm7tlze/app.bsky.feed.post/3mfii7gmarj2k,6,1,0,0
7d35eb3039dd4d81a8fcf8178312380b,2026-02-23T07:00:00Z,2026-02-23T07:11:10Z,auth,auth_enUS_labelerexp,at://did:plc:7todl7soz4tspj73fyhjg2sc/app.bsky.feed.post/3mfify36cm32d,1,0,0,0
7d35eb3039dd4d81a8fcf8178312380b,2026-02-23T07:00:00Z,2026-02-23T07:11:10Z,auth,auth_enUS_labelerexp,at://did:plc:g22huywnb5v7rnrzrl7kchwj/app.bsky.feed.post/3mfifjwalhu23,2,0,1,0
7d35eb3039dd4d81a8fcf8178312380b,2026-02-23T07:00:00Z,2026-02-23T07:11:10Z,auth,auth_enUS_labelerexp,at://did:plc:j4evarkv2vqkstkarxkinry4/app.bsky.feed.post/3mfienmdpj22l,0,1,0,0
7d35eb3039dd4d81a8fcf8178312380b,2026-02-23T07:00:00Z,2026-02-23T07:11:10Z,auth,auth_enUS_labelerexp,at://did:plc:4o3pbsjh3xgwvkps622g3cao/app.bsky.feed.post/3mficsjd5622a,1,0,0,0
7d35eb3039dd4d81a8fcf8178312380b,2026-02-23T07:00:00Z,2026-02-23T07:11:10Z,auth,auth_enUS_labelerexp,at://did:plc:rqv277ihotxykvhnjt6deu5h/app.bsky.feed.post/3mfiankwaps2d,0,0,0,0
7d35eb3039dd4d81a8fcf8178312380b,2026-02-23T07:00:00Z,2026-02-23T07:11:10Z,auth,auth_enUS_labelerexp,at://did:plc:g22huywnb5v7rnrzrl7kchwj/app.bsky.feed.post/3mfiakhorqm2c,1,0,0,0
7d35eb3039dd4d81a8fcf8178312380b,2026-02-23T07:00:00Z,2026-02-23T07:11:10Z,auth,auth_enUS_labelerexp,at://did:plc:tf42fylciee5jerwdrj7hqyd/app.bsky.feed.post/3mfiaibswmc2r,1,0,0,0
7d35eb3039dd4d81a8fcf8178312380b,2026-02-23T07:00:00Z,2026-02-23T07:11:10Z,auth,auth_enUS_labelerexp,at://did:plc:g22huywnb5v7rnrzrl7kchwj/app.bsky.feed.post/3mfi6tera6h2f,4,0,0,0
7d35eb3039dd4d81a8fcf8178312380b,2026-02-23T07:00:00Z,2026-02-23T07:11:10Z,auth,auth_enUS_labelerexp,at://did:plc:oub43ymwccuuvy36hfdmv4ub/app.bsky.feed.post/3mfi5cttwnb2e,0,0,0,0
7d35eb3039dd4d81a8fcf8178312380b,2026-02-23T07:00:00Z,2026-02-23T07:11:10Z,auth,auth_enUS_labelerexp,at://did:plc:h32pbp3z3wb4kdxs3df6uei2/app.bsky.feed.post/3mfi5akn7oz2s,0,0,0,0
7d35eb3039dd4d81a8fcf8178312380b,2026-02-23T07:00:00Z,2026-02-23T07:11:10Z,auth,auth_enUS_labelerexp,at://did:plc:hck53gdnnjoefq53njxs4jku/app.bsky.feed.post/3mfi56ehc6z25,0,0,0,0
7d35eb3039dd4d81a8fcf8178312380b,2026-02-23T07:00:00Z,2026-02-23T07:11:10Z,auth,auth_enUS_labelerexp,at://did:plc:j4evarkv2vqkstkarxkinry4/app.bsky.feed.post/3mfi4qgauh22k,0,1,1,0
7d35eb3039dd4d81a8fcf8178312380b,2026-02-23T07:00:00Z,2026-02-23T07:11:10Z,auth,auth_enUS_labelerexp,at://did:plc:soid626vqmtnbpujcsw2l47g/app.bsky.feed.post/3mfi2xb5en22p,1,0,1,0
7d35eb3039dd4d81a8fcf8178312380b,2026-02-23T07:00:00Z,2026-02-23T07:11:10Z,auth,auth_enUS_labelerexp,at://did:plc:6nwrwt5xhupr6rqhjjzbyjr4/app.bsky.feed.post/3mfi26eblhs25,0,0,0,0
7d35eb3039dd4d81a8fcf8178312380b,2026-02-23T07:00:00Z,2026-02-23T07:11:10Z,auth,auth_enUS_labelerexp,at://did:plc:6nwrwt5xhupr6rqhjjzbyjr4/app.bsky.feed.post/3mfi25khltc25,2,0,0,0
7d35eb3039dd4d81a8fcf8178312380b,2026-02-23T07:00:00Z,2026-02-23T07:11:10Z,auth,auth_enUS_labelerexp,at://did:plc:z34a3n4mconzrlz3ezxbailx/app.bsky.feed.post/3mfi23bjkes2a,2,1,1,0
7d35eb3039dd4d81a8fcf8178312380b,2026-02-23T07:00:00Z,2026-02-23T07:11:10Z,auth,auth_enUS_labelerexp,at://did:plc:vglqjhfftx2psn4llojmeqxh/app.bsky.feed.post/3mfhzyjtvzo22,0,0,0,0
7d35eb3039dd4d81a8fcf8178312380b,2026-02-23T07:00:00Z,2026-02-23T07:11:10Z,auth,auth_enUS_labelerexp,at://did:plc:xlg3n6wnpwhirrtqm7e7gbpl/app.bsky.feed.post/3mfhzgmyin227,44,6,2,0
7d35eb3039dd4d81a8fcf8178312380b,2026-02-23T07:00:00Z,2026-02-23T07:11:10Z,auth,auth_enUS_labelerexp,at://did:plc:xlg3n6wnpwhirrtqm7e7gbpl/app.bsky.feed.post/3mfhzgmyin227,44,6,2,0
7d35eb3039dd4d81a8fcf8178312380b,2026-02-23T07:00:00Z,2026-02-23T07:11:10Z,auth,auth_enUS_labelerexp,at://did:plc:xlg3n6wnpwhirrtqm7e7gbpl/app.bsky.feed.post/3mfhzgmyin227,44,6,2,0
7d35eb3039dd4d81a8fcf8178312380b,2026-02-23T07:00:00Z,2026-02-23T07:11:10Z,auth,auth_enUS_labelerexp,at://did:plc:3xg2qsw6dcggxalo3pb5ykbq/app.bsky.feed.post/3mfhx3vldst22,0,0,0,0
7d35eb3039dd4d81a8fcf8178312380b,2026-02-23T07:00:00Z,2026-02-23T07:11:10Z,auth,auth_enUS_labelerexp,at://did:plc:koebjz6wvozdf5zeran77p46/app.bsky.feed.post/3mfhwfzquvk2d,21,1,3,0
7d35eb3039dd4d81a8fcf8178312380b,2026-02-23T07:00:00Z,2026-02-23T07:11:10Z,auth,auth_enUS_labelerexp,at://did:plc:4zbgbug4ilc6e6erhwm7tlze/app.bsky.feed.post/3mfhvd2kd4e2d,3,1,1,0
7d35eb3039dd4d81a8fcf8178312380b,2026-02-23T07:00:00Z,2026-02-23T07:11:10Z,auth,auth_enUS_labelerexp,at://did:plc:4zbgbug4ilc6e6erhwm7tlze/app.bsky.feed.post/3mfhrqm6z7y2l,2,0,0,0
7d35eb3039dd4d81a8fcf8178312380b,2026-02-23T07:00:00Z,2026-02-23T07:11:10Z,auth,auth_enUS_labelerexp,at://did:plc:gkgncnmhmnluxf3hd6bjuyf7/app.bsky.feed.post/3mfhrow6psk2a,6,0,0,0
7d35eb3039dd4d81a8fcf8178312380b,2026-02-23T07:00:00Z,2026-02-23T07:11:10Z,auth,auth_enUS_labelerexp,at://did:plc:ppufopziv6hni2tzitcv3uzk/app.bsky.feed.post/3mfhpxklfqc2i,1,1,0,0
7d35eb3039dd4d81a8fcf8178312380b,2026-02-23T07:00:00Z,2026-02-23T07:11:10Z,auth,auth_enUS_labelerexp,at://did:plc:5ulkrbo6aphlmeh7hlsuwz2a/app.bsky.feed.post/3mfhpk4x4gc2k,4,2,0,0
7d35eb3039dd4d81a8fcf8178312380b,2026-02-23T07:00:00Z,2026-02-23T07:11:10Z,auth,auth_enUS_labelerexp,at://did:plc:tp4t75rh47fptz3f2x5iep7r/app.bsky.feed.post/3mfhox6z2p32e,5,3,0,0
7d35eb3039dd4d81a8fcf8178312380b,2026-02-23T07:00:00Z,2026-02-23T07:11:10Z,auth,auth_enUS_labelerexp,at://did:plc:tp4t75rh47fptz3f2x5iep7r/app.bsky.feed.post/3mfhox6z2p32e,5,3,0,0
7d35eb3039dd4d81a8fcf8178312380b,2026-02-23T07:00:00Z,2026-02-23T07:11:10Z,auth,auth_enUS_labelerexp,at://did:plc:ucbdok5y54tssxa46mnw3uek/app.bsky.feed.post/3mfhoesasck25,0,0,0,0
7d35eb3039dd4d81a8fcf8178312380b,2026-02-23T07:00:00Z,2026-02-23T07:11:10Z,auth,auth_enUS_labelerexp,at://did:plc:m3t4x776mya3iyj5ksjaisir/app.bsky.feed.post/3mfhnxmzam22l,16,3,1,0
7d35eb3039dd4d81a8fcf8178312380b,2026-02-23T07:00:00Z,2026-02-23T07:11:10Z,auth,auth_enUS_labelerexp,at://did:plc:tkibsn4mohnshwkjq5d7bcyx/app.bsky.feed.post/3mfhndix46s2a,3,0,0,0
7d35eb3039dd4d81a8fcf8178312380b,2026-02-23T07:00:00Z,2026-02-23T07:11:10Z,auth,auth_enUS_labelerexp,at://did:plc:bxsrndkwkqq7wpc6wwrbu74b/app.bsky.feed.post/3mfhnbkcu532q,0,0,0,0
7d35eb3039dd4d81a8fcf8178312380b,2026-02-23T07:00:00Z,2026-02-23T07:11:10Z,auth,auth_enUS_labelerexp,at://did:plc:2xrlq5yq3vmdky7ulqrxcgjk/app.bsky.feed.post/3mfhmgwzygs2y,1,0,0,0
7d35eb3039dd4d81a8fcf8178312380b,2026-02-23T07:00:00Z,2026-02-23T07:11:10Z,auth,auth_enUS_labelerexp,at://did:plc:4zbgbug4ilc6e6erhwm7tlze/app.bsky.feed.post/3mfhmbewhd42l,2,0,0,0
7d35eb3039dd4d81a8fcf8178312380b,2026-02-23T07:00:00Z,2026-02-23T07:11:10Z,auth,auth_enUS_labelerexp,at://did:plc:766uglrpw65ppzm6hxyu7job/app.bsky.feed.post/3mfhlxojysk2f,3,0,0,0
7d35eb3039dd4d81a8fcf8178312380b,2026-02-23T07:00:00Z,2026-02-23T07:11:10Z,auth,auth_enUS_labelerexp,at://did:plc:ebl6gkgiekpctdgai3omtlmr/app.bsky.feed.post/3mfhk3pjwqu27,0,0,0,0
7d35eb3039dd4d81a8fcf8178312380b,2026-02-23T07:00:00Z,2026-02-23T07:11:10Z,auth,auth_enUS_labelerexp,at://did:plc:7ryknk43liipmic6tkuasc5r/app.bsky.feed.post/3mfhjxhuyzs2n,1,0,0,0
7d35eb3039dd4d81a8fcf8178312380b,2026-02-23T07:00:00Z,2026-02-23T07:11:10Z,auth,auth_enUS_labelerexp,at://did:plc:gfnrydwaoobtvsyvomxqonc6/app.bsky.feed.post/3mfhjvw4kzk2p,7,2,1,0
7d35eb3039dd4d81a8fcf8178312380b,2026-02-23T07:00:00Z,2026-02-23T07:11:10Z,auth,auth_enUS_labelerexp,at://did:plc:gkqyvbabw2lktfoeoehcyxye/app.bsky.feed.post/3mfhixujg5b2e,0,0,0,0
7d35eb3039dd4d81a8fcf8178312380b,2026-02-23T07:00:00Z,2026-02-23T07:11:10Z,auth,auth_enUS_labelerexp,at://did:plc:j4evarkv2vqkstkarxkinry4/app.bsky.feed.post/3mfhijylamc2k,0,0,0,0
7d35eb3039dd4d81a8fcf8178312380b,2026-02-23T07:00:00Z,2026-02-23T07:11:10Z,auth,auth_enUS_labelerexp,at://did:plc:f7nfvma4oivfdrrkru2no3fe/app.bsky.feed.post/3mfhgw76vjk2f,4,1,1,0
7d35eb3039dd4d81a8fcf8178312380b,2026-02-23T07:00:00Z,2026-02-23T07:11:12Z,auth,auth_enUS_labelerexp,at://did:plc:kyoyauvzgyj76migrbcgupeg/app.bsky.feed.post/3mfj3t3rebk2i,1,0,0,0
7d35eb3039dd4d81a8fcf8178312380b,2026-02-23T07:00:00Z,2026-02-23T07:11:12Z,auth,auth_enUS_labelerexp,at://did:plc:itwo4th4hethgquxbfg4woyk/app.bsky.feed.post/3mfj3nd4ef22j,0,0,0,0
7d35eb3039dd4d81a8fcf8178312380b,2026-02-23T07:00:00Z,2026-02-23T07:11:12Z,auth,auth_enUS_labelerexp,at://did:plc:i3raeyswwxo67ck2j72mr3vu/app.bsky.feed.post/3mfj34zxvvk24,0,0,1,0
7d35eb3039dd4d81a8fcf8178312380b,2026-02-23T07:00:00Z,2026-02-23T07:11:12Z,auth,auth_enUS_labelerexp,at://did:plc:qd5bfnttxabcuqougdl2vsvz/app.bsky.feed.post/3mfj2xsryn22g,0,0,0,0
7d35eb3039dd4d81a8fcf8178312380b,2026-02-23T07:00:00Z,2026-02-23T07:11:12Z,auth,auth_enUS_labelerexp,at://did:plc:6xgol7gf7rox6zkzhogu6cgi/app.bsky.feed.post/3mfj2vd2h7s2q,1,0,0,0
7d35eb3039dd4d81a8fcf8178312380b,2026-02-23T07:00:00Z,2026-02-23T07:11:12Z,auth,auth_enUS_labelerexp,at://did:plc:aiv6h2dniz7cnfzy4g4jqzpc/app.bsky.feed.post/3mfj2ooqlvk2k,9,3,0,0
7d35eb3039dd4d81a8fcf8178312380b,2026-02-23T07:00:00Z,2026-02-23T07:11:12Z,auth,auth_enUS_labelerexp,at://did:plc:vcc675njvhnkjbbqkg4t6eeo/app.bsky.feed.post/3mfj2nr3ujk2c,4,1,0,1
7d35eb3039dd4d81a8fcf8178312380b,2026-02-23T07:00:00Z,2026-02-23T07:11:12Z,auth,auth_enUS_labelerexp,at://did:plc:a62442nzvmwv4ipuglzyc2hh/app.bsky.feed.post/3mfj2fmiccs2r,2,1,1,0
7d35eb3039dd4d81a8fcf8178312380b,2026-02-23T07:00:00Z,2026-02-23T07:11:12Z,auth,auth_enUS_labelerexp,at://did:plc:rn52dlq7xk2cs6nzwd3u5xyn/app.bsky.feed.post/3mfj25cmchc22,2,0,0,0
7d35eb3039dd4d81a8fcf8178312380b,2026-02-23T07:00:00Z,2026-02-23T07:11:12Z,auth,auth_enUS_labelerexp,at://did:plc:h4oe5ydbclpkhkocdjnaaaww/app.bsky.feed.post/3mfizkpdz7i2d,28,9,1,0
7d35eb3039dd4d81a8fcf8178312380b,2026-02-23T07:00:00Z,2026-02-23T07:11:12Z,auth,auth_enUS_labelerexp,at://did:plc:q2m3q4mafqbnygjkhkkz4ech/app.bsky.feed.post/3mfiz7ziusc2x,1,0,0,0
7d35eb3039dd4d81a8fcf8178312380b,2026-02-23T07:00:00Z,2026-02-23T07:11:12Z,auth,auth_enUS_labelerexp,at://did:plc:snr2mcs7cip6unblacebnvqs/app.bsky.feed.post/3mfiyvrweek2b,2,0,0,0
7d35eb3039dd4d81a8fcf8178312380b,2026-02-23T07:00:00Z,2026-02-23T07:11:12Z,auth,auth_enUS_labelerexp,at://did:plc:h4oe5ydbclpkhkocdjnaaaww/app.bsky.feed.post/3mfiyqlhzqz2h,8,1,1,0
7d35eb3039dd4d81a8fcf8178312380b,2026-02-23T07:00:00Z,2026-02-23T07:11:12Z,auth,auth_enUS_labelerexp,at://did:plc:7jo6hldukzdysizjfehfjhbq/app.bsky.feed.post/3mfiyc2qci22f,0,0,0,0
7d35eb3039dd4d81a8fcf8178312380b,2026-02-23T07:00:00Z,2026-02-23T07:11:12Z,auth,auth_enUS_labelerexp,at://did:plc:snr2mcs7cip6unblacebnvqs/app.bsky.feed.post/3mfiy7dvrfc2i,3,2,0,0
7d35eb3039dd4d81a8fcf8178312380b,2026-02-23T07:00:00Z,2026-02-23T07:11:12Z,auth,auth_enUS_labelerexp,at://did:plc:lo4ibmfa5rdlumm4eau723zf/app.bsky.feed.post/3mfiy4hmtas24,4,2,2,0
7d35eb3039dd4d81a8fcf8178312380b,2026-02-23T07:00:00Z,2026-02-23T07:11:12Z,auth,auth_enUS_labelerexp,at://did:plc:7lqubzbkpvibbc6dwagji5ld/app.bsky.feed.post/3mfixxlxxkk2w,0,1,0,0
7d35eb3039dd4d81a8fcf8178312380b,2026-02-23T07:00:00Z,2026-02-23T07:11:12Z,auth,auth_enUS_labelerexp,at://did:plc:snr2mcs7cip6unblacebnvqs/app.bsky.feed.post/3mfixw34wxc2i,1,3,0,0
7d35eb3039dd4d81a8fcf8178312380b,2026-02-23T07:00:00Z,2026-02-23T07:11:12Z,auth,auth_enUS_labelerexp,at://did:plc:snr2mcs7cip6unblacebnvqs/app.bsky.feed.post/3mfixnagcrc2i,1,0,0,0
7d35eb3039dd4d81a8fcf8178312380b,2026-02-23T07:00:00Z,2026-02-23T07:11:12Z,auth,auth_enUS_labelerexp,at://did:plc:snr2mcs7cip6unblacebnvqs/app.bsky.feed.post/3mfiwnbdtvs23,1,1,0,0
7d35eb3039dd4d81a8fcf8178312380b,2026-02-23T07:00:00Z,2026-02-23T07:11:12Z,auth,auth_enUS_labelerexp,at://did:plc:snr2mcs7cip6unblacebnvqs/app.bsky.feed.post/3mfiw2hgsfc2c,1,0,1,0
7d35eb3039dd4d81a8fcf8178312380b,2026-02-23T07:00:00Z,2026-02-23T07:11:12Z,auth,auth_enUS_labelerexp,at://did:plc:465d4lgscpldr5diychvxbub/app.bsky.feed.post/3mfivuj7t6s2s,3,0,0,1
7d35eb3039dd4d81a8fcf8178312380b,2026-02-23T07:00:00Z,2026-02-23T07:11:12Z,auth,auth_enUS_labelerexp,at://did:plc:edpcow6dltkdwgtexkyzmrs6/app.bsky.feed.post/3mfivoinmr22h,1,2,0,0
7d35eb3039dd4d81a8fcf8178312380b,2026-02-23T07:00:00Z,2026-02-23T07:11:12Z,auth,auth_enUS_labelerexp,at://did:plc:zwzeagpke3zxqmkncacma3v5/app.bsky.feed.post/3mfiv3ens5c2g,12,6,1,0
7d35eb3039dd4d81a8fcf8178312380b,2026-02-23T07:00:00Z,2026-02-23T07:11:12Z,auth,auth_enUS_labelerexp,at://did:plc:43fdk46qa5gsokzygzildsaq/app.bsky.feed.post/3mfiusb5j2g2e,0,0,0,0
7d35eb3039dd4d81a8fcf8178312380b,2026-02-23T07:00:00Z,2026-02-23T07:11:12Z,auth,auth_enUS_labelerexp,at://did:plc:snr2mcs7cip6unblacebnvqs/app.bsky.feed.post/3mfiu7laejc2i,2,0,0,0
7d35eb3039dd4d81a8fcf8178312380b,2026-02-23T07:00:00Z,2026-02-23T07:11:12Z,auth,auth_enUS_labelerexp,at://did:plc:em757wzhqcbrha4ymtaj5all/app.bsky.feed.post/3mfitjgg6gs2v,2,0,0,1
7d35eb3039dd4d81a8fcf8178312380b,2026-02-23T07:00:00Z,2026-02-23T07:11:12Z,auth,auth_enUS_labelerexp,at://did:plc:snr2mcs7cip6unblacebnvqs/app.bsky.feed.post/3mfitfusuec2i,5,3,0,0
7d35eb3039dd4d81a8fcf8178312380b,2026-02-23T07:00:00Z,2026-02-23T07:11:12Z,auth,auth_enUS_labelerexp,at://did:plc:kjqzioa326ag4kb2xpu4bkif/app.bsky.feed.post/3mfitbos44s2f,3,0,0,0
7d35eb3039dd4d81a8fcf8178312380b,2026-02-23T07:00:00Z,2026-02-23T07:11:12Z,auth,auth_enUS_labelerexp,at://did:plc:5ueil43ubjzmohs4h2wizxfo/app.bsky.feed.post/3mfit6njlk22n,2,1,0,0
7d35eb3039dd4d81a8fcf8178312380b,2026-02-23T07:00:00Z,2026-02-23T07:11:12Z,auth,auth_enUS_labelerexp,at://did:plc:uuykykkdbtq2plsexeztdhpf/app.bsky.feed.post/3mfit4j26sx2w,0,0,0,0
7d35eb3039dd4d81a8fcf8178312380b,2026-02-23T07:00:00Z,2026-02-23T07:11:12Z,auth,auth_enUS_labelerexp,at://did:plc:rj6wlwto6xgiegowwiziv47v/app.bsky.feed.post/3mfit3rkqnc2f,1,1,0,0
7d35eb3039dd4d81a8fcf8178312380b,2026-02-23T07:00:00Z,2026-02-23T07:11:12Z,auth,auth_enUS_labelerexp,at://did:plc:6evgxon5xmxqb7nvdxsidz47/app.bsky.feed.post/3mfisejuav22r,0,0,0,0
7d35eb3039dd4d81a8fcf8178312380b,2026-02-23T07:00:00Z,2026-02-23T07:11:12Z,auth,auth_enUS_labelerexp,at://did:plc:74z5xnwb5zhpifhlud3wtuhh/app.bsky.feed.post/3mfiqer3os222,3,0,0,0
7d35eb3039dd4d81a8fcf8178312380b,2026-02-23T07:00:00Z,2026-02-23T07:11:12Z,auth,auth_enUS_labelerexp,at://did:plc:msian4dqa2rqalf3biilnf3m/app.bsky.feed.post/3mfipnrun2u2y,0,0,0,0
7d35eb3039dd4d81a8fcf8178312380b,2026-02-23T07:00:00Z,2026-02-23T07:11:12Z,auth,auth_enUS_labelerexp,at://did:plc:ofakr6aootedtya7kqexmj52/app.bsky.feed.post/3mfipl6lxzk2f,5,0,0,0
7d35eb3039dd4d81a8fcf8178312380b,2026-02-23T07:00:00Z,2026-02-23T07:11:12Z,auth,auth_enUS_labelerexp,at://did:plc:n7owkz5cgb5ktsse5iyknojv/app.bsky.feed.post/3mfior3sjx22o,0,0,1,0
7d35eb3039dd4d81a8fcf8178312380b,2026-02-23T07:00:00Z,2026-02-23T07:11:12Z,auth,auth_enUS_labelerexp,at://did:plc:2aoabmcvedrd7g3kii64aexq/app.bsky.feed.post/3mfinmijmcc23,0,0,0,0
7d35eb3039dd4d81a8fcf8178312380b,2026-02-23T07:00:00Z,2026-02-23T07:11:12Z,auth,auth_enUS_labelerexp,at://did:plc:xuemqxr2ddetamkekhpst3wg/app.bsky.feed.post/3mfinhpkom22b,14,14,1,1
7d35eb3039dd4d81a8fcf8178312380b,2026-02-23T07:00:00Z,2026-02-23T07:11:12Z,auth,auth_enUS_labelerexp,at://did:plc:hend44icb4rp2hipormzb4ya/app.bsky.feed.post/3mfimze4ktc2t,12,1,2,0
7d35eb3039dd4d81a8fcf8178312380b,2026-02-23T07:00:00Z,2026-02-23T07:11:12Z,auth,auth_enUS_labelerexp,at://did:plc:u5ixxx5gh6tb3hvbmfm2wizt/app.bsky.feed.post/3mfimrvsatk2y,0,1,1,0
7d35eb3039dd4d81a8fcf8178312380b,2026-02-23T07:00:00Z,2026-02-23T07:11:12Z,auth,auth_enUS_labelerexp,at://did:plc:n7gue6xovgizf7fn5hvp2k4x/app.bsky.feed.post/3mfilwhxmh22l,2,0,0,0
7d35eb3039dd4d81a8fcf8178312380b,2026-02-23T07:00:00Z,2026-02-23T07:11:12Z,auth,auth_enUS_labelerexp,at://did:plc:wkbtvs3qgz562auxtjwie5fm/app.bsky.feed.post/3mfilujryi22k,0,0,1,0
7d35eb3039dd4d81a8fcf8178312380b,2026-02-23T07:00:00Z,2026-02-23T07:11:12Z,auth,auth_enUS_labelerexp,at://did:plc:dkjlo7igx44hfprvlzqrknga/app.bsky.feed.post/3mfili5tkes2v,2,1,1,0
7d35eb3039dd4d81a8fcf8178312380b,2026-02-23T07:00:00Z,2026-02-23T07:11:12Z,auth,auth_enUS_labelerexp,at://did:plc:t4bafyxq5j6ht6sm35i6kmft/app.bsky.feed.post/3mfil6ljcis2h,0,0,0,0
7d35eb3039dd4d81a8fcf8178312380b,2026-02-23T07:00:00Z,2026-02-23T07:11:12Z,auth,auth_enUS_labelerexp,at://did:plc:tbw3ffryl3aliadnrw554n2o/app.bsky.feed.post/3mfikx3f4x226,1,0,1,0
7d35eb3039dd4d81a8fcf8178312380b,2026-02-23T07:00:00Z,2026-02-23T07:11:12Z,auth,auth_enUS_labelerexp,at://did:plc:ovdc7vkhgy2caibzlrrvuow7/app.bsky.feed.post/3mfiknp2gxc27,0,0,0,0
7d35eb3039dd4d81a8fcf8178312380b,2026-02-23T07:00:00Z,2026-02-23T07:11:12Z,auth,auth_enUS_labelerexp,at://did:plc:ovdc7vkhgy2caibzlrrvuow7/app.bsky.feed.post/3mfikm56qhc27,0,0,0,0
7d35eb3039dd4d81a8fcf8178312380b,2026-02-23T07:00:00Z,2026-02-23T07:11:12Z,auth,auth_enUS_labelerexp,at://did:plc:lsypwd5mb2mfyvkdpph2xesx/app.bsky.feed.post/3mfik67uybc2f,2,0,0,0
7d35eb3039dd4d81a8fcf8178312380b,2026-02-23T07:00:00Z,2026-02-23T07:11:12Z,auth,auth_enUS_labelerexp,at://did:plc:vizwdor43adw3277u2kkrssd/app.bsky.feed.post/3mfijyxah7m23,0,0,0,0
7d35eb3039dd4d81a8fcf8178312380b,2026-02-23T07:00:00Z,2026-02-23T07:11:14Z,auth,auth_enUS_labelerexp,at://did:plc:akoixe67edlpuiwn5q72i3f7/app.bsky.feed.post/3mfj3chrwbk2t,3,0,0,0
7d35eb3039dd4d81a8fcf8178312380b,2026-02-23T07:00:00Z,2026-02-23T07:11:14Z,auth,auth_enUS_labelerexp,at://did:plc:lfvbv7icffl6kcqdo7hazam5/app.bsky.feed.post/3mfj3c446cs2z,2,0,0,0
7d35eb3039dd4d81a8fcf8178312380b,2026-02-23T07:00:00Z,2026-02-23T07:11:14Z,auth,auth_enUS_labelerexp,at://did:plc:w4qkrfwher6zx4gdojj6rhft/app.bsky.feed.post/3mfj3bugwns2o,3,0,0,0
7d35eb3039dd4d81a8fcf8178312380b,2026-02-23T07:00:00Z,2026-02-23T07:11:14Z,auth,auth_enUS_labelerexp,at://did:plc:lfvbv7icffl6kcqdo7hazam5/app.bsky.feed.post/3mfj3a6bvms2z,2,0,0,0
7d35eb3039dd4d81a8fcf8178312380b,2026-02-23T07:00:00Z,2026-02-23T07:11:14Z,auth,auth_enUS_labelerexp,at://did:plc:s4ka2a4h7w6werktspvnlgpr/app.bsky.feed.post/3mfj37tfl5c2k,4,0,0,0
7d35eb3039dd4d81a8fcf8178312380b,2026-02-23T07:00:00Z,2026-02-23T07:11:14Z,auth,auth_enUS_labelerexp,at://did:plc:lfvbv7icffl6kcqdo7hazam5/app.bsky.feed.post/3mfj37a4nwk2z,1,0,0,0
7d35eb3039dd4d81a8fcf8178312380b,2026-02-23T07:00:00Z,2026-02-23T07:11:14Z,auth,auth_enUS_labelerexp,at://did:plc:lfvbv7icffl6kcqdo7hazam5/app.bsky.feed.post/3mfj36hujyk2z,0,0,0,0
7d35eb3039dd4d81a8fcf8178312380b,2026-02-23T07:00:00Z,2026-02-23T07:11:14Z,auth,auth_enUS_labelerexp,at://did:plc:tim2xt62jfbvburlv2pmltdm/app.bsky.feed.post/3mfj36dzelk2l,1,0,0,0
7d35eb3039dd4d81a8fcf8178312380b,2026-02-23T07:00:00Z,2026-02-23T07:11:14Z,auth,auth_enUS_labelerexp,at://did:plc:v4w3oaw2vol7lbppno5356lx/app.bsky.feed.post/3mfj35y4j3k2b,5,0,0,0
7d35eb3039dd4d81a8fcf8178312380b,2026-02-23T07:00:00Z,2026-02-23T07:11:14Z,auth,auth_enUS_labelerexp,at://did:plc:yeh3gaaqvewp2pyyhp6utere/app.bsky.feed.post/3mfj35t7hp22t,1,0,0,0
7d35eb3039dd4d81a8fcf8178312380b,2026-02-23T07:00:00Z,2026-02-23T07:11:14Z,auth,auth_enUS_labelerexp,at://did:plc:3r6qulliqkxe45k2oycnspxu/app.bsky.feed.post/3mfj35o2q7k2k,2,0,0,0
7d35eb3039dd4d81a8fcf8178312380b,2026-02-23T07:00:00Z,2026-02-23T07:11:14Z,auth,auth_enUS_labelerexp,at://did:plc:lfvbv7icffl6kcqdo7hazam5/app.bsky.feed.post/3mfj357adkc2z,1,0,0,0
7d35eb3039dd4d81a8fcf8178312380b,2026-02-23T07:00:00Z,2026-02-23T07:11:14Z,auth,auth_enUS_labelerexp,at://did:plc:lsmnya7voihh2t6jufi74znf/app.bsky.feed.post/3mfj3546fr22p,3,0,0,0
7d35eb3039dd4d81a8fcf8178312380b,2026-02-23T07:00:00Z,2026-02-23T07:11:14Z,auth,auth_enUS_labelerexp,at://did:plc:nobqigffq3abubyj7nalf4on/app.bsky.feed.post/3mfj35325m22y,2,0,0,0
7d35eb3039dd4d81a8fcf8178312380b,2026-02-23T07:00:00Z,2026-02-23T07:11:14Z,auth,auth_enUS_labelerexp,at://did:plc:ogwujp2mco5nmifzk4mcgetz/app.bsky.feed.post/3mfj34nb5cc2y,7,1,3,0
7d35eb3039dd4d81a8fcf8178312380b,2026-02-23T07:00:00Z,2026-02-23T07:11:14Z,auth,auth_enUS_labelerexp,at://did:plc:tim2xt62jfbvburlv2pmltdm/app.bsky.feed.post/3mfj34k7icc2l,0,0,0,0
7d35eb3039dd4d81a8fcf8178312380b,2026-02-23T07:00:00Z,2026-02-23T07:11:14Z,auth,auth_enUS_labelerexp,at://did:plc:aigjb3pt6fm6un3dpaflegft/app.bsky.feed.post/3mfj33qrx3s2p,2,0,0,0
7d35eb3039dd4d81a8fcf8178312380b,2026-02-23T07:00:00Z,2026-02-23T07:11:14Z,auth,auth_enUS_labelerexp,at://did:plc:rqlhwsbyyhdx57ydkyos767d/app.bsky.feed.post/3mfj32og7os2l,8,1,0,0
7d35eb3039dd4d81a8fcf8178312380b,2026-02-23T07:00:00Z,2026-02-23T07:11:14Z,auth,auth_enUS_labelerexp,at://did:plc:3xpvhvkearhzyqo2g44df57a/app.bsky.feed.post/3mfj32bifis27,7,0,1,0
7d35eb3039dd4d81a8fcf8178312380b,2026-02-23T07:00:00Z,2026-02-23T07:11:14Z,auth,auth_enUS_labelerexp,at://did:plc:lfvbv7icffl6kcqdo7hazam5/app.bsky.feed.post/3mfj324dsvk2z,3,0,0,0
7d35eb3039dd4d81a8fcf8178312380b,2026-02-23T07:00:00Z,2026-02-23T07:11:14Z,auth,auth_enUS_labelerexp,at://did:plc:zqytq7yj654tb4ztw32sc7ae/app.bsky.feed.post/3mfj2zic3qk2l,0,0,0,0
7d35eb3039dd4d81a8fcf8178312380b,2026-02-23T07:00:00Z,2026-02-23T07:11:14Z,auth,auth_enUS_labelerexp,at://did:plc:lfvbv7icffl6kcqdo7hazam5/app.bsky.feed.post/3mfj2yxwsms2z,0,0,0,0
7d35eb3039dd4d81a8fcf8178312380b,2026-02-23T07:00:00Z,2026-02-23T07:11:14Z,auth,auth_enUS_labelerexp,at://did:plc:p37cgp2h2d2yx7mgkbu5n2le/app.bsky.feed.post/3mfj2x6s5zk25,5,0,0,0
7d35eb3039dd4d81a8fcf8178312380b,2026-02-23T07:00:00Z,2026-02-23T07:11:14Z,auth,auth_enUS_labelerexp,at://did:plc:caxgnjtggjbejhhdqdf3gr7z/app.bsky.feed.post/3mfj2whukgs2j,7,0,0,0
7d35eb3039dd4d81a8fcf8178312380b,2026-02-23T07:00:00Z,2026-02-23T07:11:14Z,auth,auth_enUS_labelerexp,at://did:plc:ogpi4sv2asjvdxrzyneuohpj/app.bsky.feed.post/3mfj2w6dlnk22,4,0,2,0
7d35eb3039dd4d81a8fcf8178312380b,2026-02-23T07:00:00Z,2026-02-23T07:11:14Z,auth,auth_enUS_labelerexp,at://did:plc:lfvbv7icffl6kcqdo7hazam5/app.bsky.feed.post/3mfj2tmueyc2z,1,0,0,0
7d35eb3039dd4d81a8fcf8178312380b,2026-02-23T07:00:00Z,2026-02-23T07:11:14Z,auth,auth_enUS_labelerexp,at://did:plc:ogwujp2mco5nmifzk4mcgetz/app.bsky.feed.post/3mfj2t7yywc2k,16,2,0,0
7d35eb3039dd4d81a8fcf8178312380b,2026-02-23T07:00:00Z,2026-02-23T07:11:14Z,auth,auth_enUS_labelerexp,at://did:plc:gjsoejzm7at4syhrvzgizrev/app.bsky.feed.post/3mfj2t2b64c2t,8,1,0,0
7d35eb3039dd4d81a8fcf8178312380b,2026-02-23T07:00:00Z,2026-02-23T07:11:14Z,auth,auth_enUS_labelerexp,at://did:plc:y6p7u6dkojznsnd35ubpa2dw/app.bsky.feed.post/3mfj2rqy44oz2,1,0,0,0
7d35eb3039dd4d81a8fcf8178312380b,2026-02-23T07:00:00Z,2026-02-23T07:11:14Z,auth,auth_enUS_labelerexp,at://did:plc:whgpgz6w22esnbzlisp4an4i/app.bsky.feed.post/3mfj2rdxzak2b,2,0,0,0
7d35eb3039dd4d81a8fcf8178312380b,2026-02-23T07:00:00Z,2026-02-23T07:11:14Z,auth,auth_enUS_labelerexp,at://did:plc:q7l2msplauz3gs52gxrwkunc/app.bsky.feed.post/3mfj2qkfa322e,3,0,0,0
7d35eb3039dd4d81a8fcf8178312380b,2026-02-23T07:00:00Z,2026-02-23T07:11:14Z,auth,auth_enUS_labelerexp,at://did:plc:cstri453lrju7ldqinmry24k/app.bsky.feed.post/3mfj2objcy22t,1,0,0,0
7d35eb3039dd4d81a8fcf8178312380b,2026-02-23T07:00:00Z,2026-02-23T07:11:14Z,auth,auth_enUS_labelerexp,at://did:plc:caukjoyp4pvxd54p32pjrnx4/app.bsky.feed.post/3mfj2nsv2m224,0,0,1,0
7d35eb3039dd4d81a8fcf8178312380b,2026-02-23T07:00:00Z,2026-02-23T07:11:14Z,auth,auth_enUS_labelerexp,at://did:plc:tobupwut5bqe63hdanp2jwvk/app.bsky.feed.post/3mfj2lokvl22d,1,0,0,0
7d35eb3039dd4d81a8fcf8178312380b,2026-02-23T07:00:00Z,2026-02-23T07:11:14Z,auth,auth_enUS_labelerexp,at://did:plc:ailjyglmvuga627pttur5npz/app.bsky.feed.post/3mfj2ksj3422j,2,0,0,0
7d35eb3039dd4d81a8fcf8178312380b,2026-02-23T07:00:00Z,2026-02-23T07:11:14Z,auth,auth_enUS_labelerexp,at://did:plc:hlnlntqu4wu7z7vh6kclrmgj/app.bsky.feed.post/3mfj2jxwie22h,23,7,2,0
7d35eb3039dd4d81a8fcf8178312380b,2026-02-23T07:00:00Z,2026-02-23T07:11:14Z,auth,auth_enUS_labelerexp,at://did:plc:6ihmiskqww5bzgjrpkegpmfh/app.bsky.feed.post/3mfj2jdyvz22u,1,1,0,0
7d35eb3039dd4d81a8fcf8178312380b,2026-02-23T07:00:00Z,2026-02-23T07:11:14Z,auth,auth_enUS_labelerexp,at://did:plc:lfvbv7icffl6kcqdo7hazam5/app.bsky.feed.post/3mfj2jb72z22z,0,0,0,0
7d35eb3039dd4d81a8fcf8178312380b,2026-02-23T07:00:00Z,2026-02-23T07:11:14Z,auth,auth_enUS_labelerexp,at://did:plc:xcvmc3a6kuljvwiuy36i2amv/app.bsky.feed.post/3mfj2j2rey22m,0,0,0,0
7d35eb3039dd4d81a8fcf8178312380b,2026-02-23T07:00:00Z,2026-02-23T07:11:14Z,auth,auth_enUS_labelerexp,at://did:plc:lg7eas7ycvpzll6ylicabesm/app.bsky.feed.post/3mfj2iuya6c2r,2,0,0,0
7d35eb3039dd4d81a8fcf8178312380b,2026-02-23T07:00:00Z,2026-02-23T07:11:14Z,auth,auth_enUS_labelerexp,at://did:plc:v4w3oaw2vol7lbppno5356lx/app.bsky.feed.post/3mfj2iprrys2t,10,0,0,0
7d35eb3039dd4d81a8fcf8178312380b,2026-02-23T07:00:00Z,2026-02-23T07:11:14Z,auth,auth_enUS_labelerexp,at://did:plc:o7ehuktmbtsd2nblwz2ujyjk/app.bsky.feed.post/3mfj2if7jrs2t,0,0,0,0
7d35eb3039dd4d81a8fcf8178312380b,2026-02-23T07:00:00Z,2026-02-23T07:11:14Z,auth,auth_enUS_labelerexp,at://did:plc:4dfpsgyxayojg3iyihahjoln/app.bsky.feed.post/3mfj2i5pxrc2g,2,0,0,0
7d35eb3039dd4d81a8fcf8178312380b,2026-02-23T07:00:00Z,2026-02-23T07:11:14Z,auth,auth_enUS_labelerexp,at://did:plc:lxg75mryme2yyo3wbzciqqty/app.bsky.feed.post/3mfj2go5g3k2n,4,1,0,0
7d35eb3039dd4d81a8fcf8178312380b,2026-02-23T07:00:00Z,2026-02-23T07:11:14Z,auth,auth_enUS_labelerexp,at://did:plc:po3fyudsm6vbmpfdhwj75inm/app.bsky.feed.post/3mfj2g2kiks2l,1,0,0,0
7d35eb3039dd4d81a8fcf8178312380b,2026-02-23T07:00:00Z,2026-02-23T07:11:14Z,auth,auth_enUS_labelerexp,at://did:plc:lfvbv7icffl6kcqdo7hazam5/app.bsky.feed.post/3mfj2egqumk2z,1,0,0,0
7d35eb3039dd4d81a8fcf8178312380b,2026-02-23T07:00:00Z,2026-02-23T07:11:14Z,auth,auth_enUS_labelerexp,at://did:plc:7n5m3cdeudcq5opo4o2tyk4b/app.bsky.feed.post/3mfj2du5rnk25,4,0,0,0
7d35eb3039dd4d81a8fcf8178312380b,2026-02-23T07:00:00Z,2026-02-23T07:11:14Z,auth,auth_enUS_labelerexp,at://did:plc:kj4wbgxh4pwe2hjtkuu6cg53/app.bsky.feed.post/3mfj2cwgfcs2h,5,1,0,0
7d35eb3039dd4d81a8fcf8178312380b,2026-02-23T07:00:00Z,2026-02-23T07:11:14Z,auth,auth_enUS_labelerexp,at://did:plc:6sq6jcmnakfeeelmeno5kuzt/app.bsky.feed.post/3mfj2bo5k5k2o,3,0,0,0
7d35eb3039dd4d81a8fcf8178312380b,2026-02-23T07:00:00Z,2026-02-23T07:11:14Z,auth,auth_enUS_labelerexp,at://did:plc:5pg23j2334q5gcidzk6ps57c/app.bsky.feed.post/3mfj2asqrj22f,11,0,3,0
7d35eb3039dd4d81a8fcf8178312380b,2026-02-23T07:00:00Z,2026-02-23T07:11:14Z,auth,auth_enUS_labelerexp,at://did:plc:fpstbg56y5gy6shc24zb7st5/app.bsky.feed.post/3mfj3tyqsyc2y,0,0,0,0
7d35eb3039dd4d81a8fcf8178312380b,2026-02-23T07:00:00Z,2026-02-23T07:11:14Z,auth,auth_enUS_labelerexp,at://did:plc:b6uhtbejmvivnw72tcmvam4e/app.bsky.feed.post/3mfj3qbdir22e,1,0,0,0
7d35eb3039dd4d81a8fcf8178312380b,2026-02-23T07:00:00Z,2026-02-23T07:11:14Z,auth,auth_enUS_labelerexp,at://did:plc:fpstbg56y5gy6shc24zb7st5/app.bsky.feed.post/3mfj3hvxvhk2y,0,0,0,1
7d35eb3039dd4d81a8fcf8178312380b,2026-02-23T07:00:00Z,2026-02-23T07:11:14Z,auth,auth_enUS_labelerexp,at://did:plc:cw75wtgavkv2wfxjudspihsz/app.bsky.feed.post/3mfj2ysa6us2c,16,0,2,0
7d35eb3039dd4d81a8fcf8178312380b,2026-02-23T07:00:00Z,2026-02-23T07:11:14Z,auth,auth_enUS_labelerexp,at://did:plc:g4fyn6mfugcq7tyhiv3cwaal/app.bsky.feed.post/3mfj2gclzrk23,1,0,0,0
7d35eb3039dd4d81a8fcf8178312380b,2026-02-23T07:00:00Z,2026-02-23T07:11:14Z,auth,auth_enUS_labelerexp,at://did:plc:jccmcbclujzvliok43lhiajk/app.bsky.feed.post/3mfizimavjk2p,3,0,0,0
7d35eb3039dd4d81a8fcf8178312380b,2026-02-23T07:00:00Z,2026-02-23T07:11:14Z,auth,auth_enUS_labelerexp,at://did:plc:3efcfr56auqmdx66sgnxkcau/app.bsky.feed.post/3mfizagtpy227,7,0,0,0
7d35eb3039dd4d81a8fcf8178312380b,2026-02-23T07:00:00Z,2026-02-23T07:11:14Z,auth,auth_enUS_labelerexp,at://did:plc:jccmcbclujzvliok43lhiajk/app.bsky.feed.post/3mfiyvrewqs25,0,0,0,0
7d35eb3039dd4d81a8fcf8178312380b,2026-02-23T07:00:00Z,2026-02-23T07:11:14Z,auth,auth_enUS_labelerexp,at://did:plc:fpstbg56y5gy6shc24zb7st5/app.bsky.feed.post/3mfiyuq3iys2y,0,0,0,0
7d35eb3039dd4d81a8fcf8178312380b,2026-02-23T07:00:00Z,2026-02-23T07:11:14Z,auth,auth_enUS_labelerexp,at://did:plc:ptql2djmb7v4diujhbd27cn7/app.bsky.feed.post/3mfiypcuaac2q,3,0,0,0
7d35eb3039dd4d81a8fcf8178312380b,2026-02-23T07:00:00Z,2026-02-23T07:11:14Z,auth,auth_enUS_labelerexp,at://did:plc:ptql2djmb7v4diujhbd27cn7/app.bsky.feed.post/3mfiylbouns2q,3,0,0,0
7d35eb3039dd4d81a8fcf8178312380b,2026-02-23T07:00:00Z,2026-02-23T07:11:14Z,auth,auth_enUS_labelerexp,at://did:plc:ptql2djmb7v4diujhbd27cn7/app.bsky.feed.post/3mfixupe6qc2q,4,1,0,0
7d35eb3039dd4d81a8fcf8178312380b,2026-02-23T07:00:00Z,2026-02-23T07:11:14Z,auth,auth_enUS_labelerexp,at://did:plc:lsj36ivj3sg6sb6omxhzadvu/app.bsky.feed.post/3mfixjxl2m22b,7,0,0,0
7d35eb3039dd4d81a8fcf8178312380b,2026-02-23T07:00:00Z,2026-02-23T07:11:14Z,auth,auth_enUS_labelerexp,at://did:plc:og7h5fbps4ohqrk2fpps3mfd/app.bsky.feed.post/3mfiwtdb5ak2z,12,1,0,0
7d35eb3039dd4d81a8fcf8178312380b,2026-02-23T07:00:00Z,2026-02-23T07:11:14Z,auth,auth_enUS_labelerexp,at://did:plc:klmwtda4pftj2t2s7fllpnhm/app.bsky.feed.post/3mfiwsytiic2a,2,0,0,1
7d35eb3039dd4d81a8fcf8178312380b,2026-02-23T07:00:00Z,2026-02-23T07:11:14Z,auth,auth_enUS_labelerexp,at://did:plc:hhpkpg3qerseil4o6mucddfk/app.bsky.feed.post/3mfiwbpcg4s2z,23,0,3,0
7d35eb3039dd4d81a8fcf8178312380b,2026-02-23T07:00:00Z,2026-02-23T07:11:14Z,auth,auth_enUS_labelerexp,at://did:plc:stu4unkwieyt5suhyfl6u5e4/app.bsky.feed.post/3mfiw3etd322w,4,0,2,0
7d35eb3039dd4d81a8fcf8178312380b,2026-02-23T07:00:00Z,2026-02-23T07:11:14Z,auth,auth_enUS_labelerexp,at://did:plc:klmwtda4pftj2t2s7fllpnhm/app.bsky.feed.post/3mfiw34l3yk2a,0,0,0,0
7d35eb3039dd4d81a8fcf8178312380b,2026-02-23T07:00:00Z,2026-02-23T07:11:14Z,auth,auth_enUS_labelerexp,at://did:plc:stu4unkwieyt5suhyfl6u5e4/app.bsky.feed.post/3mfivt4kivs2w,6,0,1,0
7d35eb3039dd4d81a8fcf8178312380b,2026-02-23T07:00:00Z,2026-02-23T07:11:14Z,auth,auth_enUS_labelerexp,at://did:plc:jccmcbclujzvliok43lhiajk/app.bsky.feed.post/3mfivqxdd622p,3,0,0,0
7d35eb3039dd4d81a8fcf8178312380b,2026-02-23T07:00:00Z,2026-02-23T07:11:14Z,auth,auth_enUS_labelerexp,at://did:plc:4fcngvgdml57bbpkmmohxjlq/app.bsky.feed.post/3mfivok5ots2v,2,0,0,0
7d35eb3039dd4d81a8fcf8178312380b,2026-02-23T07:00:00Z,2026-02-23T07:11:14Z,auth,auth_enUS_labelerexp,at://did:plc:stu4unkwieyt5suhyfl6u5e4/app.bsky.feed.post/3mfivj3abns2w,7,0,1,0
7d35eb3039dd4d81a8fcf8178312380b,2026-02-23T07:00:00Z,2026-02-23T07:11:14Z,auth,auth_enUS_labelerexp,at://did:plc:nwu2rw7zffjl2b5nipie4wx4/app.bsky.feed.post/3mfiungh55k2r,3,0,0,0
7d35eb3039dd4d81a8fcf8178312380b,2026-02-23T07:00:00Z,2026-02-23T07:11:14Z,auth,auth_enUS_labelerexp,at://did:plc:jccmcbclujzvliok43lhiajk/app.bsky.feed.post/3mfium4kzec2p,4,0,1,0
7d35eb3039dd4d81a8fcf8178312380b,2026-02-23T07:00:00Z,2026-02-23T07:11:14Z,auth,auth_enUS_labelerexp,at://did:plc:f3hho2pwtaxwepprbcxqf5b3/app.bsky.feed.post/3mfiugellvk2w,14,0,0,0
7d35eb3039dd4d81a8fcf8178312380b,2026-02-23T07:00:00Z,2026-02-23T07:11:14Z,auth,auth_enUS_labelerexp,at://did:plc:stu4unkwieyt5suhyfl6u5e4/app.bsky.feed.post/3mfitxwq5jc2w,3,0,1,0
7d35eb3039dd4d81a8fcf8178312380b,2026-02-23T07:00:00Z,2026-02-23T07:11:14Z,auth,auth_enUS_labelerexp,at://did:plc:xif4eeza5r6otzkherqdgqdd/app.bsky.feed.post/3mfitq2y7i22x,8,0,0,0
7d35eb3039dd4d81a8fcf8178312380b,2026-02-23T07:00:00Z,2026-02-23T07:11:14Z,auth,auth_enUS_labelerexp,at://did:plc:xgwsglaeq3w5z4kb3cbl2udt/app.bsky.feed.post/3mfitcptpus2m,49,0,4,0
7d35eb3039dd4d81a8fcf8178312380b,2026-02-23T07:00:00Z,2026-02-23T07:11:14Z,auth,auth_enUS_labelerexp,at://did:plc:jccmcbclujzvliok43lhiajk/app.bsky.feed.post/3mfitcgl4o22r,3,0,0,0
7d35eb3039dd4d81a8fcf8178312380b,2026-02-23T07:00:00Z,2026-02-23T07:11:14Z,auth,auth_enUS_labelerexp,at://did:plc:wekvgmsdqybl7jza6dg7vvuv/app.bsky.feed.post/3mfitb6htac2w,1,0,0,0
7d35eb3039dd4d81a8fcf8178312380b,2026-02-23T07:00:00Z,2026-02-23T07:11:14Z,auth,auth_enUS_labelerexp,at://did:plc:kxiw2gqz3lukh3llbfwbrjbz/app.bsky.feed.post/3mfit6gbeus2d,5,0,0,0
7d35eb3039dd4d81a8fcf8178312380b,2026-02-23T07:00:00Z,2026-02-23T07:11:14Z,auth,auth_enUS_labelerexp,at://did:plc:jccmcbclujzvliok43lhiajk/app.bsky.feed.post/3mfit37c4n22r,4,0,0,0
7d35eb3039dd4d81a8fcf8178312380b,2026-02-23T07:00:00Z,2026-02-23T07:11:14Z,auth,auth_enUS_labelerexp,at://did:plc:37637gryoiwqmbrtgsttsx3z/app.bsky.feed.post/3mfisxjniuc2j,8,0,2,0
7d35eb3039dd4d81a8fcf8178312380b,2026-02-23T07:00:00Z,2026-02-23T07:11:14Z,auth,auth_enUS_labelerexp,at://did:plc:uxndeoird6wv2bkvoas4afu2/app.bsky.feed.post/3mfisuhvuus2v,1,0,0,0
7d35eb3039dd4d81a8fcf8178312380b,2026-02-23T07:00:00Z,2026-02-23T07:11:14Z,auth,auth_enUS_labelerexp,at://did:plc:xg3zpk6xq4zhyhejgznk45r6/app.bsky.feed.post/3mfispn2ph226,4,1,0,1
7d35eb3039dd4d81a8fcf8178312380b,2026-02-23T07:00:00Z,2026-02-23T07:11:14Z,auth,auth_enUS_labelerexp,at://did:plc:stu4unkwieyt5suhyfl6u5e4/app.bsky.feed.post/3mfisnozk2k2w,7,1,3,1
7d35eb3039dd4d81a8fcf8178312380b,2026-02-23T07:00:00Z,2026-02-23T07:11:14Z,auth,auth_enUS_labelerexp,at://did:plc:wekvgmsdqybl7jza6dg7vvuv/app.bsky.feed.post/3mfismzwy4k2w,5,0,0,1
7d35eb3039dd4d81a8fcf8178312380b,2026-02-23T07:00:00Z,2026-02-23T07:11:14Z,auth,auth_enUS_labelerexp,at://did:plc:cdavsxoaczcknqb72vuf6w5k/app.bsky.feed.post/3mfiskc3fg22g,0,0,0,0
7d35eb3039dd4d81a8fcf8178312380b,2026-02-23T07:00:00Z,2026-02-23T07:11:14Z,auth,auth_enUS_labelerexp,at://did:plc:kxiw2gqz3lukh3llbfwbrjbz/app.bsky.feed.post/3mfisck2c4c2d,13,2,1,0
7d35eb3039dd4d81a8fcf8178312380b,2026-02-23T07:00:00Z,2026-02-23T07:11:14Z,auth,auth_enUS_labelerexp,at://did:plc:stu4unkwieyt5suhyfl6u5e4/app.bsky.feed.post/3mfis7fp2ds2w,10,0,1,0
7d35eb3039dd4d81a8fcf8178312380b,2026-02-23T07:00:00Z,2026-02-23T07:11:14Z,auth,auth_enUS_labelerexp,at://did:plc:jccmcbclujzvliok43lhiajk/app.bsky.feed.post/3mfis72tm6k2r,5,0,0,0
7d35eb3039dd4d81a8fcf8178312380b,2026-02-23T07:00:00Z,2026-02-23T07:11:14Z,auth,auth_enUS_labelerexp,at://did:plc:56fa7nq34sp444dlr5a7tqmu/app.bsky.feed.post/3mfis2bmqlc23,34,0,2,0
7d35eb3039dd4d81a8fcf8178312380b,2026-02-23T07:00:00Z,2026-02-23T07:11:14Z,auth,auth_enUS_labelerexp,at://did:plc:yhzyxlmz4urahyao74jri2az/app.bsky.feed.post/3mfirtxztuk2d,12,1,2,0
7d35eb3039dd4d81a8fcf8178312380b,2026-02-23T07:00:00Z,2026-02-23T07:11:14Z,auth,auth_enUS_labelerexp,at://did:plc:72xjk7r365xvyxliue75qsdk/app.bsky.feed.post/3mfirp2th7k27,2,0,2,3
7d35eb3039dd4d81a8fcf8178312380b,2026-02-23T07:00:00Z,2026-02-23T07:11:14Z,auth,auth_enUS_labelerexp,at://did:plc:b6uhtbejmvivnw72tcmvam4e/app.bsky.feed.post/3mfirmovw3s2e,4,0,0,0
7d35eb3039dd4d81a8fcf8178312380b,2026-02-23T07:00:00Z,2026-02-23T07:11:14Z,auth,auth_enUS_labelerexp,at://did:plc:stu4unkwieyt5suhyfl6u5e4/app.bsky.feed.post/3mfirkzcvac2w,9,0,1,0
7d35eb3039dd4d81a8fcf8178312380b,2026-02-23T07:00:00Z,2026-02-23T07:11:14Z,auth,auth_enUS_labelerexp,at://did:plc:xg3zpk6xq4zhyhejgznk45r6/app.bsky.feed.post/3mfirf5q2g22l,5,0,1,0
7d35eb3039dd4d81a8fcf8178312380b,2026-02-23T07:00:00Z,2026-02-23T07:11:14Z,auth,auth_enUS_labelerexp,at://did:plc:stu4unkwieyt5suhyfl6u5e4/app.bsky.feed.post/3mfir3hc5nk2w,25,3,4,2
7d35eb3039dd4d81a8fcf8178312380b,2026-02-23T07:00:00Z,2026-02-23T07:11:14Z,auth,auth_enUS_labelerexp,at://did:plc:l2rwjpfd6w7prcht66yku2xw/app.bsky.feed.post/3mfiqqlkokc26,5,1,0,0
7d35eb3039dd4d81a8fcf8178312380b,2026-02-23T07:00:00Z,2026-02-23T07:11:14Z,auth,auth_enUS_labelerexp,at://did:plc:cdavsxoaczcknqb72vuf6w5k/app.bsky.feed.post/3mfiqq2yaw22g,3,0,0,0
7d35eb3039dd4d81a8fcf8178312380b,2026-02-23T07:00:00Z,2026-02-23T07:11:17Z,auth,auth_enUS_labelerexp,at://did:plc:jbe67uj6cqbop63fcqjg23eg/app.bsky.feed.post/3mfj32ujqjk2g,0,0,1,0
7d35eb3039dd4d81a8fcf8178312380b,2026-02-23T07:00:00Z,2026-02-23T07:11:17Z,auth,auth_enUS_labelerexp,at://did:plc:wmck3diml63ospobapl6n56e/app.bsky.feed.post/3mfj2wm6zbs27,0,0,0,0
7d35eb3039dd4d81a8fcf8178312380b,2026-02-23T07:00:00Z,2026-02-23T07:11:17Z,auth,auth_enUS_labelerexp,at://did:plc:6seo5ucbg2ged4cnf3cx6eki/app.bsky.feed.post/3mfj2thevqs2r,1,0,0,0
7d35eb3039dd4d81a8fcf8178312380b,2026-02-23T07:00:00Z,2026-02-23T07:11:17Z,auth,auth_enUS_labelerexp,at://did:plc:lmpsrhr4uqujljodp5ibb37g/app.bsky.feed.post/3mfj2pibh2c2n,0,0,0,0
7d35eb3039dd4d81a8fcf8178312380b,2026-02-23T07:00:00Z,2026-02-23T07:11:17Z,auth,auth_enUS_labelerexp,at://did:plc:6seo5ucbg2ged4cnf3cx6eki/app.bsky.feed.post/3mfj2o3dumk2r,1,0,0,0
7d35eb3039dd4d81a8fcf8178312380b,2026-02-23T07:00:00Z,2026-02-23T07:11:17Z,auth,auth_enUS_labelerexp,at://did:plc:4btwgxvf3esngow5xqwtoqx4/app.bsky.feed.post/3mfj2no6k2324,0,0,0,0
7d35eb3039dd4d81a8fcf8178312380b,2026-02-23T07:00:00Z,2026-02-23T07:11:17Z,auth,auth_enUS_labelerexp,at://did:plc:n5fbgc36gv4de6i36dcpjgox/app.bsky.feed.post/3mfj2lw3kqm2j,0,0,0,0
7d35eb3039dd4d81a8fcf8178312380b,2026-02-23T07:00:00Z,2026-02-23T07:11:17Z,auth,auth_enUS_labelerexp,at://did:plc:ynmjqdz42h4daah3rpxncyyi/app.bsky.feed.post/3mfj2k5ooox2w,0,0,0,0
7d35eb3039dd4d81a8fcf8178312380b,2026-02-23T07:00:00Z,2026-02-23T07:11:17Z,auth,auth_enUS_labelerexp,at://did:plc:snzdvc77vmcdmkoxklypggvo/app.bsky.feed.post/3mfj2e7r6g22v,0,0,0,0
7d35eb3039dd4d81a8fcf8178312380b,2026-02-23T07:00:00Z,2026-02-23T07:11:17Z,auth,auth_enUS_labelerexp,at://did:plc:wmck3diml63ospobapl6n56e/app.bsky.feed.post/3mfj2cxf5b52t,0,0,0,0
7d35eb3039dd4d81a8fcf8178312380b,2026-02-23T07:00:00Z,2026-02-23T07:11:17Z,auth,auth_enUS_labelerexp,at://did:plc:lmpsrhr4uqujljodp5ibb37g/app.bsky.feed.post/3mfj25p45nl2i,1,0,0,0
7d35eb3039dd4d81a8fcf8178312380b,2026-02-23T07:00:00Z,2026-02-23T07:11:17Z,auth,auth_enUS_labelerexp,at://did:plc:4btwgxvf3esngow5xqwtoqx4/app.bsky.feed.post/3mfizy7xh7r25,0,0,0,0
7d35eb3039dd4d81a8fcf8178312380b,2026-02-23T07:00:00Z,2026-02-23T07:11:17Z,auth,auth_enUS_labelerexp,at://did:plc:n5fbgc36gv4de6i36dcpjgox/app.bsky.feed.post/3mfizwhj3cx2w,0,0,0,0
7d35eb3039dd4d81a8fcf8178312380b,2026-02-23T07:00:00Z,2026-02-23T07:11:17Z,auth,auth_enUS_labelerexp,at://did:plc:pk5nq3gedpdb6xedfeobsm52/app.bsky.feed.post/3mfizuhaleu2k,0,0,0,0
7d35eb3039dd4d81a8fcf8178312380b,2026-02-23T07:00:00Z,2026-02-23T07:11:17Z,auth,auth_enUS_labelerexp,at://did:plc:wmck3diml63ospobapl6n56e/app.bsky.feed.post/3mfizsugq2y2u,0,0,0,0
7d35eb3039dd4d81a8fcf8178312380b,2026-02-23T07:00:00Z,2026-02-23T07:11:17Z,auth,auth_enUS_labelerexp,at://did:plc:ynmjqdz42h4daah3rpxncyyi/app.bsky.feed.post/3mfizpdpl7n2k,0,0,0,0
7d35eb3039dd4d81a8fcf8178312380b,2026-02-23T07:00:00Z,2026-02-23T07:11:17Z,auth,auth_enUS_labelerexp,at://did:plc:4y5lrt7hugazk3enf5p2mah4/app.bsky.feed.post/3mfiznlil4k2r,0,0,0,0
7d35eb3039dd4d81a8fcf8178312380b,2026-02-23T07:00:00Z,2026-02-23T07:11:17Z,auth,auth_enUS_labelerexp,at://did:plc:n5fbgc36gv4de6i36dcpjgox/app.bsky.feed.post/3mfizlprf3h2w,0,0,0,0
7d35eb3039dd4d81a8fcf8178312380b,2026-02-23T07:00:00Z,2026-02-23T07:11:17Z,auth,auth_enUS_labelerexp,at://did:plc:ynmjqdz42h4daah3rpxncyyi/app.bsky.feed.post/3mfizgf5ogd2c,0,0,0,0
7d35eb3039dd4d81a8fcf8178312380b,2026-02-23T07:00:00Z,2026-02-23T07:11:17Z,auth,auth_enUS_labelerexp,at://did:plc:lmpsrhr4uqujljodp5ibb37g/app.bsky.feed.post/3mfizgdfm2u25,0,0,0,0
7d35eb3039dd4d81a8fcf8178312380b,2026-02-23T07:00:00Z,2026-02-23T07:11:17Z,auth,auth_enUS_labelerexp,at://did:plc:kf6pjnmxz7heacbwfkc2jquh/app.bsky.feed.post/3mfizf2pmiy22,0,0,0,0
7d35eb3039dd4d81a8fcf8178312380b,2026-02-23T07:00:00Z,2026-02-23T07:11:17Z,auth,auth_enUS_labelerexp,at://did:plc:4btwgxvf3esngow5xqwtoqx4/app.bsky.feed.post/3mfizelce2t2q,0,0,0,0
7d35eb3039dd4d81a8fcf8178312380b,2026-02-23T07:00:00Z,2026-02-23T07:11:17Z,auth,auth_enUS_labelerexp,at://did:plc:kf6pjnmxz7heacbwfkc2jquh/app.bsky.feed.post/3mfiz457q5w25,0,0,0,0
7d35eb3039dd4d81a8fcf8178312380b,2026-02-23T07:00:00Z,2026-02-23T07:11:17Z,auth,auth_enUS_labelerexp,at://did:plc:wmck3diml63ospobapl6n56e/app.bsky.feed.post/3mfiz3lkcxl2b,0,0,0,0
7d35eb3039dd4d81a8fcf8178312380b,2026-02-23T07:00:00Z,2026-02-23T07:11:17Z,auth,auth_enUS_labelerexp,at://did:plc:4btwgxvf3esngow5xqwtoqx4/app.bsky.feed.post/3mfiyzueeah2n,0,0,0,0
7d35eb3039dd4d81a8fcf8178312380b,2026-02-23T07:00:00Z,2026-02-23T07:11:17Z,auth,auth_enUS_labelerexp,at://did:plc:pjy44evqbyz2kpv6l5whtggl/app.bsky.feed.post/3mfiyzp3pbc2o,0,0,0,0
7d35eb3039dd4d81a8fcf8178312380b,2026-02-23T07:00:00Z,2026-02-23T07:11:17Z,auth,auth_enUS_labelerexp,at://did:plc:n5fbgc36gv4de6i36dcpjgox/app.bsky.feed.post/3mfiyy2bnjh2a,0,0,0,0
7d35eb3039dd4d81a8fcf8178312380b,2026-02-23T07:00:00Z,2026-02-23T07:11:17Z,auth,auth_enUS_labelerexp,at://did:plc:ynmjqdz42h4daah3rpxncyyi/app.bsky.feed.post/3mfiysn4u5n2v,0,0,0,0
7d35eb3039dd4d81a8fcf8178312380b,2026-02-23T07:00:00Z,2026-02-23T07:11:17Z,auth,auth_enUS_labelerexp,at://did:plc:wvkue2udygbo2cs6bwsivr4z/app.bsky.feed.post/3mfiz3xnlon26,0,0,0,0
7d35eb3039dd4d81a8fcf8178312380b,2026-02-23T07:00:00Z,2026-02-23T07:11:17Z,auth,auth_enUS_labelerexp,at://did:plc:lmpsrhr4uqujljodp5ibb37g/app.bsky.feed.post/3mfiyqvhg242h,0,0,0,0
7d35eb3039dd4d81a8fcf8178312380b,2026-02-23T07:00:00Z,2026-02-23T07:11:17Z,auth,auth_enUS_labelerexp,at://did:plc:wmck3diml63ospobapl6n56e/app.bsky.feed.post/3mfiyqvheme2b,0,0,0,0
7d35eb3039dd4d81a8fcf8178312380b,2026-02-23T07:00:00Z,2026-02-23T07:11:17Z,auth,auth_enUS_labelerexp,at://did:plc:lmpsrhr4uqujljodp5ibb37g/app.bsky.feed.post/3mfiyhxfewl2r,0,0,0,0
7d35eb3039dd4d81a8fcf8178312380b,2026-02-23T07:00:00Z,2026-02-23T07:11:17Z,auth,auth_enUS_labelerexp,at://did:plc:eks6yx3qusq5o3iahdt754h3/app.bsky.feed.post/3mfiyfyablm2l,1,0,0,0
7d35eb3039dd4d81a8fcf8178312380b,2026-02-23T07:00:00Z,2026-02-23T07:11:17Z,auth,auth_enUS_labelerexp,at://did:plc:4btwgxvf3esngow5xqwtoqx4/app.bsky.feed.post/3mfiyefjjq623,0,0,0,0
7d35eb3039dd4d81a8fcf8178312380b,2026-02-23T07:00:00Z,2026-02-23T07:11:17Z,auth,auth_enUS_labelerexp,at://did:plc:n5fbgc36gv4de6i36dcpjgox/app.bsky.feed.post/3mfiyclsw2w2v,0,0,0,0
7d35eb3039dd4d81a8fcf8178312380b,2026-02-23T07:00:00Z,2026-02-23T07:11:17Z,auth,auth_enUS_labelerexp,at://did:plc:ynmjqdz42h4daah3rpxncyyi/app.bsky.feed.post/3mfiyartbtc2n,0,0,0,0
7d35eb3039dd4d81a8fcf8178312380b,2026-02-23T07:00:00Z,2026-02-23T07:11:17Z,auth,auth_enUS_labelerexp,at://did:plc:wmck3diml63ospobapl6n56e/app.bsky.feed.post/3mfixxuygsc2w,0,0,0,0
7d35eb3039dd4d81a8fcf8178312380b,2026-02-23T07:00:00Z,2026-02-23T07:11:17Z,auth,auth_enUS_labelerexp,at://did:plc:4y5lrt7hugazk3enf5p2mah4/app.bsky.feed.post/3mfixxvd5n623,0,0,0,0
7d35eb3039dd4d81a8fcf8178312380b,2026-02-23T07:00:00Z,2026-02-23T07:11:17Z,auth,auth_enUS_labelerexp,at://did:plc:ynmjqdz42h4daah3rpxncyyi/app.bsky.feed.post/3mfixw34gdr2w,0,0,0,0
7d35eb3039dd4d81a8fcf8178312380b,2026-02-23T07:00:00Z,2026-02-23T07:11:17Z,auth,auth_enUS_labelerexp,at://did:plc:n5fbgc36gv4de6i36dcpjgox/app.bsky.feed.post/3mfixuayfnk2w,0,0,0,0
7d35eb3039dd4d81a8fcf8178312380b,2026-02-23T07:00:00Z,2026-02-23T07:11:17Z,auth,auth_enUS_labelerexp,at://did:plc:4btwgxvf3esngow5xqwtoqx4/app.bsky.feed.post/3mfixsiianh2o,0,0,0,0
7d35eb3039dd4d81a8fcf8178312380b,2026-02-23T07:00:00Z,2026-02-23T07:11:17Z,auth,auth_enUS_labelerexp,at://did:plc:wmck3diml63ospobapl6n56e/app.bsky.feed.post/3mfixle5f4x2u,0,0,0,0
7d35eb3039dd4d81a8fcf8178312380b,2026-02-23T07:00:00Z,2026-02-23T07:11:17Z,auth,auth_enUS_labelerexp,at://did:plc:5hnhc5gto2qbhwfqumds23x4/app.bsky.feed.post/3mfixbvl64s2u,0,0,0,0
7d35eb3039dd4d81a8fcf8178312380b,2026-02-23T07:00:00Z,2026-02-23T07:11:17Z,auth,auth_enUS_labelerexp,at://did:plc:wmck3diml63ospobapl6n56e/app.bsky.feed.post/3mfixangagl2r,0,0,0,0
7d35eb3039dd4d81a8fcf8178312380b,2026-02-23T07:00:00Z,2026-02-23T07:11:17Z,auth,auth_enUS_labelerexp,at://did:plc:ynmjqdz42h4daah3rpxncyyi/app.bsky.feed.post/3mfixan4hbb2q,0,0,0,0
7d35eb3039dd4d81a8fcf8178312380b,2026-02-23T07:00:00Z,2026-02-23T07:11:17Z,auth,auth_enUS_labelerexp,at://did:plc:n5fbgc36gv4de6i36dcpjgox/app.bsky.feed.post/3mfix4yohd52a,0,0,0,0
7d35eb3039dd4d81a8fcf8178312380b,2026-02-23T07:00:00Z,2026-02-23T07:11:17Z,auth,auth_enUS_labelerexp,at://did:plc:wvkue2udygbo2cs6bwsivr4z/app.bsky.feed.post/3mfixg2neby23,0,0,0,0
7d35eb3039dd4d81a8fcf8178312380b,2026-02-23T07:00:00Z,2026-02-23T07:11:17Z,auth,auth_enUS_labelerexp,at://did:plc:4btwgxvf3esngow5xqwtoqx4/app.bsky.feed.post/3mfix37yaw72n,0,0,0,0
7d35eb3039dd4d81a8fcf8178312380b,2026-02-23T07:00:00Z,2026-02-23T07:11:17Z,auth,auth_enUS_labelerexp,at://did:plc:wvkue2udygbo2cs6bwsivr4z/app.bsky.feed.post/3mfixfxq6ym26,0,0,0,0
7d35eb3039dd4d81a8fcf8178312380b,2026-02-23T07:00:00Z,2026-02-23T07:11:17Z,auth,auth_enUS_labelerexp,at://did:plc:xlulqhjwqq6alvjkht57sbm5/app.bsky.feed.post/3mfiwvtdbie2a,0,0,0,0
7d35eb3039dd4d81a8fcf8178312380b,2026-02-23T07:00:00Z,2026-02-23T07:11:21Z,auth,auth_enUS_labelerexp,at://did:plc:vpkhqolt662uhesyj6nxm7ys/app.bsky.feed.post/3lbfifkwv522t,917,122,35,15
7d35eb3039dd4d81a8fcf8178312380b,2026-02-23T07:00:00Z,2026-02-23T07:11:24Z,auth,auth_enUS_labelerexp,at://did:plc:h2zgxldpuym5yyly5pcbp7ke/app.bsky.feed.post/3mfj3xamw3c25,0,0,0,0
7d35eb3039dd4d81a8fcf8178312380b,2026-02-23T07:00:00Z,2026-02-23T07:11:24Z,auth,auth_enUS_labelerexp,at://did:plc:2knixvykfu4nq7rsplgfelgw/app.bsky.feed.post/3mfj3x7aecc2s,0,0,0,0
7d35eb3039dd4d81a8fcf8178312380b,2026-02-23T07:00:00Z,2026-02-23T07:11:24Z,auth,auth_enUS_labelerexp,at://did:plc:brjuaifsmuqdthfrawkrsrde/app.bsky.feed.post/3mfj3x27jss2u,0,0,0,0
7d35eb3039dd4d81a8fcf8178312380b,2026-02-23T07:00:00Z,2026-02-23T07:11:24Z,auth,auth_enUS_labelerexp,at://did:plc:2knixvykfu4nq7rsplgfelgw/app.bsky.feed.post/3mfj3vw4hvk2s,0,0,0,0
7d35eb3039dd4d81a8fcf8178312380b,2026-02-23T07:00:00Z,2026-02-23T07:11:24Z,auth,auth_enUS_labelerexp,at://did:plc:e6kexpw4zupxvwhds22ifxxv/app.bsky.feed.post/3mfj3v7npvk26,0,0,0,0
7d35eb3039dd4d81a8fcf8178312380b,2026-02-23T07:00:00Z,2026-02-23T07:11:24Z,auth,auth_enUS_labelerexp,at://did:plc:c2zpaqyanai73uew7xhofjtl/app.bsky.feed.post/3mfj3u7toqs22,1,0,0,0
7d35eb3039dd4d81a8fcf8178312380b,2026-02-23T07:00:00Z,2026-02-23T07:11:24Z,auth,auth_enUS_labelerexp,at://did:plc:lgbpn2jbj2rqzvoty4txsnol/app.bsky.feed.post/3mfj3tq4gb225,0,0,0,0
7d35eb3039dd4d81a8fcf8178312380b,2026-02-23T07:00:00Z,2026-02-23T07:11:24Z,auth,auth_enUS_labelerexp,at://did:plc:o43k4gtv4cosxolnyowqugno/app.bsky.feed.post/3mfj3to36ek25,0,0,0,0
7d35eb3039dd4d81a8fcf8178312380b,2026-02-23T07:00:00Z,2026-02-23T07:11:24Z,auth,auth_enUS_labelerexp,at://did:plc:o6dwuzagn6is4iwfltft2iqd/app.bsky.feed.post/3mfj3tiisec2w,0,0,0,0
7d35eb3039dd4d81a8fcf8178312380b,2026-02-23T07:00:00Z,2026-02-23T07:11:24Z,auth,auth_enUS_labelerexp,at://did:plc:4lnxor2ydemuxcpldz6rzyn3/app.bsky.feed.post/3mfj3tbpib22v,0,0,0,0
7d35eb3039dd4d81a8fcf8178312380b,2026-02-23T07:00:00Z,2026-02-23T07:11:24Z,auth,auth_enUS_labelerexp,at://did:plc:2knixvykfu4nq7rsplgfelgw/app.bsky.feed.post/3mfj3t7v43s2s,0,0,0,0
7d35eb3039dd4d81a8fcf8178312380b,2026-02-23T07:00:00Z,2026-02-23T07:11:24Z,auth,auth_enUS_labelerexp,at://did:plc:7mtfp6ize2lg3mjar6t2lk3p/app.bsky.feed.post/3mfj3t7bzqk2m,1,1,0,0
7d35eb3039dd4d81a8fcf8178312380b,2026-02-23T07:00:00Z,2026-02-23T07:11:24Z,auth,auth_enUS_labelerexp,at://did:plc:bdqjqwx5ihea5vhdp4htrs7l/app.bsky.feed.post/3mfj3rdxhtk2v,0,0,0,0
7d35eb3039dd4d81a8fcf8178312380b,2026-02-23T07:00:00Z,2026-02-23T07:11:24Z,auth,auth_enUS_labelerexp,at://did:plc:qn3cmxkfisazt25du36o3txj/app.bsky.feed.post/3mfj3qykm2k2g,0,0,0,0
7d35eb3039dd4d81a8fcf8178312380b,2026-02-23T07:00:00Z,2026-02-23T07:11:24Z,auth,auth_enUS_labelerexp,at://did:plc:kl37cw7diwt4mfduwa35hj5a/app.bsky.feed.post/3mfj3qw66qk2t,0,0,0,0
7d35eb3039dd4d81a8fcf8178312380b,2026-02-23T07:00:00Z,2026-02-23T07:11:24Z,auth,auth_enUS_labelerexp,at://did:plc:pum3nk6m6xqwqw5e7v5wcbgu/app.bsky.feed.post/3mfj3qudqms2i,25,0,2,0
7d35eb3039dd4d81a8fcf8178312380b,2026-02-23T07:00:00Z,2026-02-23T07:11:24Z,auth,auth_enUS_labelerexp,at://did:plc:eoscnrxo6i7scrr4awwelq3d/app.bsky.feed.post/3mfj3qtptvs2z,0,0,1,0
7d35eb3039dd4d81a8fcf8178312380b,2026-02-23T07:00:00Z,2026-02-23T07:11:24Z,auth,auth_enUS_labelerexp,at://did:plc:2knixvykfu4nq7rsplgfelgw/app.bsky.feed.post/3mfj3q6xpxc2s,1,0,0,0
7d35eb3039dd4d81a8fcf8178312380b,2026-02-23T07:00:00Z,2026-02-23T07:11:24Z,auth,auth_enUS_labelerexp,at://did:plc:vduo63lqq2beqgq2mgyz3azw/app.bsky.feed.post/3mfj3q5nu4c2k,3,0,0,0
7d35eb3039dd4d81a8fcf8178312380b,2026-02-23T07:00:00Z,2026-02-23T07:11:24Z,auth,auth_enUS_labelerexp,at://did:plc:tnvzjql7m5m5cbcmcjhy6nuh/app.bsky.feed.post/3mfj3pu76ks2j,0,0,0,0
7d35eb3039dd4d81a8fcf8178312380b,2026-02-23T07:00:00Z,2026-02-23T07:11:24Z,auth,auth_enUS_labelerexp,at://did:plc:ivi23zcn3xw6kthcafykdlsf/app.bsky.feed.post/3mfj3prspcc2h,2,0,2,0
7d35eb3039dd4d81a8fcf8178312380b,2026-02-23T07:00:00Z,2026-02-23T07:11:24Z,auth,auth_enUS_labelerexp,at://did:plc:nkqvxnjplxu4mjimzb7so4r6/app.bsky.feed.post/3mfj3plzfmc25,1,1,1,0
7d35eb3039dd4d81a8fcf8178312380b,2026-02-23T07:00:00Z,2026-02-23T07:11:24Z,auth,auth_enUS_labelerexp,at://did:plc:xp75ut6pmy2nqrkgzt4g4uxy/app.bsky.feed.post/3mfj3oozags2j,1,0,0,0
7d35eb3039dd4d81a8fcf8178312380b,2026-02-23T07:00:00Z,2026-02-23T07:11:24Z,auth,auth_enUS_labelerexp,at://did:plc:vptklgdwvyujvu4ifb6kfjro/app.bsky.feed.post/3mfj3o4mohc2g,5,1,0,0
7d35eb3039dd4d81a8fcf8178312380b,2026-02-23T07:00:00Z,2026-02-23T07:11:24Z,auth,auth_enUS_labelerexp,at://did:plc:o6dwuzagn6is4iwfltft2iqd/app.bsky.feed.post/3mfj3nyn7e22w,0,0,0,0
7d35eb3039dd4d81a8fcf8178312380b,2026-02-23T07:00:00Z,2026-02-23T07:11:24Z,auth,auth_enUS_labelerexp,at://did:plc:2knixvykfu4nq7rsplgfelgw/app.bsky.feed.post/3mfj3nst6a22s,0,0,0,0
7d35eb3039dd4d81a8fcf8178312380b,2026-02-23T07:00:00Z,2026-02-23T07:11:24Z,auth,auth_enUS_labelerexp,at://did:plc:4lnxor2ydemuxcpldz6rzyn3/app.bsky.feed.post/3mfj3njdu6c2v,0,0,0,0
7d35eb3039dd4d81a8fcf8178312380b,2026-02-23T07:00:00Z,2026-02-23T07:11:24Z,auth,auth_enUS_labelerexp,at://did:plc:yookwmqi7bwcacj5whwukcds/app.bsky.feed.post/3mfj3n2kwf22e,1,0,1,0
7d35eb3039dd4d81a8fcf8178312380b,2026-02-23T07:00:00Z,2026-02-23T07:11:24Z,auth,auth_enUS_labelerexp,at://did:plc:e6kexpw4zupxvwhds22ifxxv/app.bsky.feed.post/3mfj3mv4ak22k,0,0,0,1
7d35eb3039dd4d81a8fcf8178312380b,2026-02-23T07:00:00Z,2026-02-23T07:11:24Z,auth,auth_enUS_labelerexp,at://did:plc:stda7clbjb34uxsscfnaxfnq/app.bsky.feed.post/3mfj3ltkebs2z,4,3,0,0
7d35eb3039dd4d81a8fcf8178312380b,2026-02-23T07:00:00Z,2026-02-23T07:11:24Z,auth,auth_enUS_labelerexp,at://did:plc:s73twkuhlwzlpg2u6qypt5rn/app.bsky.feed.post/3mfj3l4v3cc2j,0,0,0,0
7d35eb3039dd4d81a8fcf8178312380b,2026-02-23T07:00:00Z,2026-02-23T07:11:24Z,auth,auth_enUS_labelerexp,at://did:plc:xterjgtuilgeefqylc6kpw4e/app.bsky.feed.post/3mfj3kq6pfc2t,1,2,1,0
7d35eb3039dd4d81a8fcf8178312380b,2026-02-23T07:00:00Z,2026-02-23T07:11:24Z,auth,auth_enUS_labelerexp,at://did:plc:qn3cmxkfisazt25du36o3txj/app.bsky.feed.post/3mfj3jttnys2g,0,0,1,0
7d35eb3039dd4d81a8fcf8178312380b,2026-02-23T07:00:00Z,2026-02-23T07:11:24Z,auth,auth_enUS_labelerexp,at://did:plc:nkqvxnjplxu4mjimzb7so4r6/app.bsky.feed.post/3mfj3jskrfs25,0,0,0,0
7d35eb3039dd4d81a8fcf8178312380b,2026-02-23T07:00:00Z,2026-02-23T07:11:24Z,auth,auth_enUS_labelerexp,at://did:plc:kl37cw7diwt4mfduwa35hj5a/app.bsky.feed.post/3mfj3iue4s22t,1,0,1,0
7d35eb3039dd4d81a8fcf8178312380b,2026-02-23T07:00:00Z,2026-02-23T07:11:24Z,auth,auth_enUS_labelerexp,at://did:plc:jxrt3y6xbbtbus2lnatmhgnj/app.bsky.feed.post/3mfj3il2lck2k,0,1,0,0
7d35eb3039dd4d81a8fcf8178312380b,2026-02-23T07:00:00Z,2026-02-23T07:11:24Z,auth,auth_enUS_labelerexp,at://did:plc:2knixvykfu4nq7rsplgfelgw/app.bsky.feed.post/3mfj3iftfp22s,0,0,1,0
7d35eb3039dd4d81a8fcf8178312380b,2026-02-23T07:00:00Z,2026-02-23T07:11:24Z,auth,auth_enUS_labelerexp,at://did:plc:4lnxor2ydemuxcpldz6rzyn3/app.bsky.feed.post/3mfj3iegaf22v,0,0,0,0
7d35eb3039dd4d81a8fcf8178312380b,2026-02-23T07:00:00Z,2026-02-23T07:11:24Z,auth,auth_enUS_labelerexp,at://did:plc:brjuaifsmuqdthfrawkrsrde/app.bsky.feed.post/3mfj3hfpi5c2u,1,0,0,0
7d35eb3039dd4d81a8fcf8178312380b,2026-02-23T07:00:00Z,2026-02-23T07:11:24Z,auth,auth_enUS_labelerexp,at://did:plc:ml6w4fyavvlacbh2tq657cza/app.bsky.feed.post/3mfj3gquq7c2f,1,0,0,0
7d35eb3039dd4d81a8fcf8178312380b,2026-02-23T07:00:00Z,2026-02-23T07:11:24Z,auth,auth_enUS_labelerexp,at://did:plc:lgbpn2jbj2rqzvoty4txsnol/app.bsky.feed.post/3mfj3gmvyk225,1,0,0,0
7d35eb3039dd4d81a8fcf8178312380b,2026-02-23T07:00:00Z,2026-02-23T07:11:24Z,auth,auth_enUS_labelerexp,at://did:plc:cfgp7vuxbbaltrsql6l6ljt7/app.bsky.feed.post/3mfj3gfyink2r,0,0,0,0
7d35eb3039dd4d81a8fcf8178312380b,2026-02-23T07:00:00Z,2026-02-23T07:11:24Z,auth,auth_enUS_labelerexp,at://did:plc:valtjsk4lnwt2hzbmwior462/app.bsky.feed.post/3mfj3fmzxw22u,0,0,0,0
7d35eb3039dd4d81a8fcf8178312380b,2026-02-23T07:00:00Z,2026-02-23T07:11:24Z,auth,auth_enUS_labelerexp,at://did:plc:7mtfp6ize2lg3mjar6t2lk3p/app.bsky.feed.post/3mfj3fkfzfc2m,3,1,0,0
7d35eb3039dd4d81a8fcf8178312380b,2026-02-23T07:00:00Z,2026-02-23T07:11:24Z,auth,auth_enUS_labelerexp,at://did:plc:2knixvykfu4nq7rsplgfelgw/app.bsky.feed.post/3mfj3egazxc2s,0,0,0,0
7d35eb3039dd4d81a8fcf8178312380b,2026-02-23T07:00:00Z,2026-02-23T07:11:24Z,auth,auth_enUS_labelerexp,at://did:plc:brjuaifsmuqdthfrawkrsrde/app.bsky.feed.post/3mfj3e64g4c2u,0,0,0,0
7d35eb3039dd4d81a8fcf8178312380b,2026-02-23T07:00:00Z,2026-02-23T07:11:24Z,auth,auth_enUS_labelerexp,at://did:plc:ml6w4fyavvlacbh2tq657cza/app.bsky.feed.post/3mfj3djbzvc2f,0,0,0,0
7d35eb3039dd4d81a8fcf8178312380b,2026-02-23T07:00:00Z,2026-02-23T07:11:24Z,auth,auth_enUS_labelerexp,at://did:plc:nkqvxnjplxu4mjimzb7so4r6/app.bsky.feed.post/3mfj3d3ltgk25,0,0,0,0
7d35eb3039dd4d81a8fcf8178312380b,2026-02-23T07:00:00Z,2026-02-23T07:11:24Z,auth,auth_enUS_labelerexp,at://did:plc:urqi7upw7t52njhvevsk42qh/app.bsky.feed.post/3mfj3cfugis2u,1,1,1,0
7d35eb3039dd4d81a8fcf8178312380b,2026-02-23T07:00:00Z,2026-02-23T07:11:24Z,auth,auth_enUS_labelerexp,at://did:plc:brjuaifsmuqdthfrawkrsrde/app.bsky.feed.post/3mfj3c6xebs2u,1,0,0,1
7d35eb3039dd4d81a8fcf8178312380b,2026-02-23T07:00:00Z,2026-02-23T07:11:28Z,auth,auth_enUS_labelerexp,at://did:plc:22q23ofx54ekzug5tlns2v36/app.bsky.feed.post/3mfj3bte4fk2t,20,3,0,0
7d35eb3039dd4d81a8fcf8178312380b,2026-02-23T07:00:00Z,2026-02-23T07:11:28Z,auth,auth_enUS_labelerexp,at://did:plc:23sx7mqiuwdy337i6gf6k75r/app.bsky.feed.post/3mfhj4fz6nc2m,2992,296,205,23
7d35eb3039dd4d81a8fcf8178312380b,2026-02-23T07:00:00Z,2026-02-23T07:11:28Z,auth,auth_enUS_labelerexp,at://did:plc:25obhvylrfgouwjkl76wr6sz/app.bsky.feed.post/3mfhyfmu67k2t,2452,205,45,10
7d35eb3039dd4d81a8fcf8178312380b,2026-02-23T07:00:00Z,2026-02-23T07:11:28Z,auth,auth_enUS_labelerexp,at://did:plc:23ds7aikklwaj2sqmr6cjktc/app.bsky.feed.post/3mfhw533ab22y,512,18,27,2
7d35eb3039dd4d81a8fcf8178312380b,2026-02-23T07:00:00Z,2026-02-23T07:11:28Z,auth,auth_enUS_labelerexp,at://did:plc:x4qyokjtdzgl7gmqhsw4ajqj/app.bsky.feed.post/3mfimssk5ec2a,10583,1187,282,97
7d35eb3039dd4d81a8fcf8178312380b,2026-02-23T07:00:00Z,2026-02-23T07:11:28Z,auth,auth_enUS_labelerexp,at://did:plc:247gdcjchxzljmr6y2c65qvn/app.bsky.feed.post/3mfhkwntr5c2k,2958,299,223,47
7d35eb3039dd4d81a8fcf8178312380b,2026-02-23T07:00:00Z,2026-02-23T07:11:28Z,auth,auth_enUS_labelerexp,at://did:plc:t6ubj2wlhc34awzcymh3qpur/app.bsky.feed.post/3mfiehe2onc2f,16031,6392,4245,2628
7d35eb3039dd4d81a8fcf8178312380b,2026-02-23T07:00:00Z,2026-02-23T07:11:28Z,auth,auth_enUS_labelerexp,at://did:plc:mf5dzzqkp7fnmby6blfeljwj/app.bsky.feed.post/3mfiu6ngi422s,2139,201,64,12
7d35eb3039dd4d81a8fcf8178312380b,2026-02-23T07:00:00Z,2026-02-23T07:11:28Z,auth,auth_enUS_labelerexp,at://did:plc:5o6k7jvowuyaquloafzn3cfw/app.bsky.feed.post/3mfir6ekmlc2m,2951,794,227,70
7d35eb3039dd4d81a8fcf8178312380b,2026-02-23T07:00:00Z,2026-02-23T07:11:28Z,auth,auth_enUS_labelerexp,at://did:plc:23h2keu3gnhcbgeutpqrp5bd/app.bsky.feed.post/3mfhrlcuwks2f,57,7,2,0
7d35eb3039dd4d81a8fcf8178312380b,2026-02-23T07:00:00Z,2026-02-23T07:11:28Z,auth,auth_enUS_labelerexp,at://did:plc:m4tfl5huhd4plvaltqj7r33g/app.bsky.feed.post/3mfiuwgvfcs2c,1482,285,6,1
7d35eb3039dd4d81a8fcf8178312380b,2026-02-23T07:00:00Z,2026-02-23T07:11:28Z,auth,auth_enUS_labelerexp,at://did:plc:22tgdh6qvp3dvf5smkbutae7/app.bsky.feed.post/3mfi6kme5g22b,4282,285,13,0
7d35eb3039dd4d81a8fcf8178312380b,2026-02-23T07:00:00Z,2026-02-23T07:11:28Z,auth,auth_enUS_labelerexp,at://did:plc:misfludnlfvxi3yt6mdq4lbv/app.bsky.feed.post/3mfixrmxc3k2d,601,102,4,1
7d35eb3039dd4d81a8fcf8178312380b,2026-02-23T07:00:00Z,2026-02-23T07:11:28Z,auth,auth_enUS_labelerexp,at://did:plc:2a32mmudy42t5xcyh4ody32e/app.bsky.feed.post/3mfie35mrxc2u,764,42,38,1
7d35eb3039dd4d81a8fcf8178312380b,2026-02-23T07:00:00Z,2026-02-23T07:11:28Z,auth,auth_enUS_labelerexp,at://did:plc:2cpmoddrvtayhls7mdfrt4yf/app.bsky.feed.post/3mfhxtz6qx22d,1209,163,5,0
7d35eb3039dd4d81a8fcf8178312380b,2026-02-23T07:00:00Z,2026-02-23T07:11:28Z,auth,auth_enUS_labelerexp,at://did:plc:tsksqpjisdvtusxq6ide5tzj/app.bsky.feed.post/3mfirdouxpk2q,2123,442,444,69
7d35eb3039dd4d81a8fcf8178312380b,2026-02-23T07:00:00Z,2026-02-23T07:11:28Z,auth,auth_enUS_labelerexp,at://did:plc:5c6cw3veuqruljoy5ahzerfx/app.bsky.feed.post/3mfi5gfkm222z,13668,1804,258,92
7d35eb3039dd4d81a8fcf8178312380b,2026-02-23T07:00:00Z,2026-02-23T07:11:28Z,auth,auth_enUS_labelerexp,at://did:plc:shk3rptrsj34wkl34djcub4o/app.bsky.feed.post/3mfis4mdlg22e,1802,619,15,11
7d35eb3039dd4d81a8fcf8178312380b,2026-02-23T07:00:00Z,2026-02-23T07:11:28Z,auth,auth_enUS_labelerexp,at://did:plc:22xtuu5faewtaogokkixewuj/app.bsky.feed.post/3mffygyaavk2l,5899,1083,80,49
7d35eb3039dd4d81a8fcf8178312380b,2026-02-23T07:00:00Z,2026-02-23T07:11:28Z,auth,auth_enUS_labelerexp,at://did:plc:23oikfxvtcfpgyluf43gzpu4/app.bsky.feed.post/3mfgu3tmrtk2u,2378,91,117,15
7d35eb3039dd4d81a8fcf8178312380b,2026-02-23T07:00:00Z,2026-02-23T07:11:28Z,auth,auth_enUS_labelerexp,at://did:plc:7qqkq2zdwq4j5jingukgtuky/app.bsky.feed.post/3mfim5xrjus26,4724,1889,139,53
7d35eb3039dd4d81a8fcf8178312380b,2026-02-23T07:00:00Z,2026-02-23T07:11:28Z,auth,auth_enUS_labelerexp,at://did:plc:233luksta3siwhmstcbjl6ce/app.bsky.feed.post/3mfim6fl5pk24,2133,74,47,4
7d35eb3039dd4d81a8fcf8178312380b,2026-02-23T07:00:00Z,2026-02-23T07:11:28Z,auth,auth_enUS_labelerexp,at://did:plc:3dq2yyzn4vuzpyaezxr6vtnf/app.bsky.feed.post/3mfitpm2q6k2i,1073,393,60,17
7d35eb3039dd4d81a8fcf8178312380b,2026-02-23T07:00:00Z,2026-02-23T07:11:28Z,auth,auth_enUS_labelerexp,at://did:plc:ybkvn6ysnlwgbmamcgljoa5r/app.bsky.feed.post/3mfiu2dctfc2k,991,323,22,29
7d35eb3039dd4d81a8fcf8178312380b,2026-02-23T07:00:00Z,2026-02-23T07:11:28Z,auth,auth_enUS_labelerexp,at://did:plc:5o6k7jvowuyaquloafzn3cfw/app.bsky.feed.post/3mfinj2nnkk26,2911,1246,297,125
7d35eb3039dd4d81a8fcf8178312380b,2026-02-23T07:00:00Z,2026-02-23T07:11:28Z,auth,auth_enUS_labelerexp,at://did:plc:23uofpgtghr7zykdraahcdee/app.bsky.feed.post/3mfhn6ji6ak24,4360,229,150,17
7d35eb3039dd4d81a8fcf8178312380b,2026-02-23T07:00:00Z,2026-02-23T07:11:28Z,auth,auth_enUS_labelerexp,at://did:plc:23uwe5ziojmyopka6jykoh6g/app.bsky.feed.post/3mfikkaao4c2o,1407,109,29,6
7d35eb3039dd4d81a8fcf8178312380b,2026-02-23T07:00:00Z,2026-02-23T07:11:28Z,auth,auth_enUS_labelerexp,at://did:plc:246s7yeo7r3ivt76tdqitkrp/app.bsky.feed.post/3mfh2bwec3s2j,1678,131,39,3
7d35eb3039dd4d81a8fcf8178312380b,2026-02-23T07:00:00Z,2026-02-23T07:11:28Z,auth,auth_enUS_labelerexp,at://did:plc:kdphmaoqeaouax2kis27556e/app.bsky.feed.post/3mfixszz7os26,388,52,15,5
7d35eb3039dd4d81a8fcf8178312380b,2026-02-23T07:00:00Z,2026-02-23T07:11:28Z,auth,auth_enUS_labelerexp,at://did:plc:wf7nfy2us3h5gpa7zfettmzl/app.bsky.feed.post/3mfiu7lgevk2c,999,199,9,5
7d35eb3039dd4d81a8fcf8178312380b,2026-02-23T07:00:00Z,2026-02-23T07:11:28Z,auth,auth_enUS_labelerexp,at://did:plc:24u7fipdb7ovhluro3lg6ste/app.bsky.feed.post/3mfhkphq2hs2t,1542,212,61,21
7d35eb3039dd4d81a8fcf8178312380b,2026-02-23T07:00:00Z,2026-02-23T07:11:28Z,auth,auth_enUS_labelerexp,at://did:plc:2tqi5gjiyhqxidzx7h2kxzbj/app.bsky.feed.post/3mfijadvtbk22,6532,1773,109,76
7d35eb3039dd4d81a8fcf8178312380b,2026-02-23T07:00:00Z,2026-02-23T07:11:28Z,auth,auth_enUS_labelerexp,at://did:plc:2qhershy6nk2cs5gm5zbii2r/app.bsky.feed.post/3mfivamtf3c2s,596,143,57,12
7d35eb3039dd4d81a8fcf8178312380b,2026-02-23T07:00:00Z,2026-02-23T07:11:28Z,auth,auth_enUS_labelerexp,at://did:plc:24qqgdunxieaqbo3o3w242s4/app.bsky.feed.post/3mfgvztdc3f26,556,52,8,0
7d35eb3039dd4d81a8fcf8178312380b,2026-02-23T07:00:00Z,2026-02-23T07:11:28Z,auth,auth_enUS_labelerexp,at://did:plc:243axqtp74yyvaw4sviqknpg/app.bsky.feed.post/3mfhs5fyuzk2y,3001,175,97,13
7d35eb3039dd4d81a8fcf8178312380b,2026-02-23T07:00:00Z,2026-02-23T07:11:28Z,auth,auth_enUS_labelerexp,at://did:plc:24mnsbrqf2z3eois4q4yxenw/app.bsky.feed.post/3mfhhdglp2c27,2487,148,72,14
7d35eb3039dd4d81a8fcf8178312380b,2026-02-23T07:00:00Z,2026-02-23T07:11:28Z,auth,auth_enUS_labelerexp,at://did:plc:2bn7air6bda3jff4z4wz6vto/app.bsky.feed.post/3mfhkbjore22v,2370,221,74,11
7d35eb3039dd4d81a8fcf8178312380b,2026-02-23T07:00:00Z,2026-02-23T07:11:28Z,auth,auth_enUS_labelerexp,at://did:plc:ter3y6zmdwoumx32a4xuassd/app.bsky.feed.post/3mfijedtajs26,5595,653,137,72
7d35eb3039dd4d81a8fcf8178312380b,2026-02-23T07:00:00Z,2026-02-23T07:11:28Z,auth,auth_enUS_labelerexp,at://did:plc:2cs5d5gyukmc4oq4xhqait2g/app.bsky.feed.post/3mfhk4iwg7k2v,1901,156,91,24
7d35eb3039dd4d81a8fcf8178312380b,2026-02-23T07:00:00Z,2026-02-23T07:11:28Z,auth,auth_enUS_labelerexp,at://did:plc:t6ubj2wlhc34awzcymh3qpur/app.bsky.feed.post/3mfikxa4vfc2u,3346,417,227,35
7d35eb3039dd4d81a8fcf8178312380b,2026-02-23T07:00:00Z,2026-02-23T07:11:28Z,auth,auth_enUS_labelerexp,at://did:plc:24vva42nxim6zbcmnozegoef/app.bsky.feed.post/3mfi4agrbqs2f,809,20,2,1
7d35eb3039dd4d81a8fcf8178312380b,2026-02-23T07:00:00Z,2026-02-23T07:11:28Z,auth,auth_enUS_labelerexp,at://did:plc:qrllvid7s54k4hnwtqxwetrf/app.bsky.feed.post/3mfitarqg4s22,680,65,20,11
7d35eb3039dd4d81a8fcf8178312380b,2026-02-23T07:00:00Z,2026-02-23T07:11:28Z,auth,auth_enUS_labelerexp,at://did:plc:nvfposmpmhegtyvhbs75s3pw/app.bsky.feed.post/3mfiewzkork2v,7756,541,96,57
7d35eb3039dd4d81a8fcf8178312380b,2026-02-23T07:00:00Z,2026-02-23T07:11:28Z,auth,auth_enUS_labelerexp,at://did:plc:25npfbvwi3ane36nbp5ozajn/app.bsky.feed.post/3mfi6owfiv22z,397,25,7,2
7d35eb3039dd4d81a8fcf8178312380b,2026-02-23T07:00:00Z,2026-02-23T07:11:28Z,auth,auth_enUS_labelerexp,at://did:plc:2ae3i5lqa367zvp7nsgy75la/app.bsky.feed.post/3mfgnkmit7223,490,20,6,1
7d35eb3039dd4d81a8fcf8178312380b,2026-02-23T07:00:00Z,2026-02-23T07:11:28Z,auth,auth_enUS_labelerexp,at://did:plc:bono5gae7m6r3qpfxomshwbd/app.bsky.feed.post/3mfigkmwdts2r,2817,1672,97,61
7d35eb3039dd4d81a8fcf8178312380b,2026-02-23T07:00:00Z,2026-02-23T07:11:28Z,auth,auth_enUS_labelerexp,at://did:plc:26wns3ozvavf7wk2mwwvdz2y/app.bsky.feed.post/3mfiwlmhcrk2k,182,12,4,0
7d35eb3039dd4d81a8fcf8178312380b,2026-02-23T07:00:00Z,2026-02-23T07:11:28Z,auth,auth_enUS_labelerexp,at://did:plc:oqr5mp25r7z3vfr3igeerxbw/app.bsky.feed.post/3mfiff7dev22p,5071,1210,214,44
7d35eb3039dd4d81a8fcf8178312380b,2026-02-23T07:00:00Z,2026-02-23T07:11:28Z,auth,auth_enUS_labelerexp,at://did:plc:24y42qjfsont75jgie4ca2rw/app.bsky.feed.post/3mfhxf4wdlk2g,1265,78,5,2
7d35eb3039dd4d81a8fcf8178312380b,2026-02-23T07:00:00Z,2026-02-23T07:11:28Z,auth,auth_enUS_labelerexp,at://did:plc:jnwmkd5stpivqnw5ujnhdbpw/app.bsky.feed.post/3mfiwpjivkk25,433,86,4,0
