run_id,snapshot_hour_utc,captured_at_utc,viewer_mode,vantage_id,post_uri,like_count,repost_count,reply_count,quote_count
a4373d3f3b5244f6892d430622621f69,2026-02-25T09:00:00Z,2026-02-25T09:13:46Z,auth,auth_enUS_labelerexp,at://did:plc:2qlbivzvdt6hp6dwrd2sx4sf/app.bsky.feed.post/3lbbyl4mvks2i,1417,138,45,5
a4373d3f3b5244f6892d430622621f69,2026-02-25T09:00:00Z,2026-02-25T09:13:46Z,auth,auth_enUS_labelerexp,at://did:plc:2qlbivzvdt6hp6dwrd2sx4sf/app.bsky.feed.post/3lb45zzsim226,1163,101,53,2
a4373d3f3b5244f6892d430622621f69,2026-02-25T09:00:00Z,2026-02-25T09:13:46Z,auth,auth_enUS_labelerexp,at://did:plc:2qlbivzvdt6hp6dwrd2sx4sf/app.bsky.feed.post/3lh67gnmvxs24,1039,83,64,3
a4373d3f3b5244f6892d430622621f69,2026-02-25T09:00:00Z,2026-02-25T09:13:46Z,auth,auth_enUS_labelerexp,at://did:plc:2qlbivzvdt6hp6dwrd2sx4sf/app.bsky.feed.post/3l56w4t25v62i,982,101,40,2
a4373d3f3b5244f6892d430622621f69,2026-02-25T09:00:00Z,2026-02-25T09:13:46Z,auth,auth_enUS_labelerexp,at://did:plc:2qlbivzvdt6hp6dwrd2sx4sf/app.bsky.feed.post/3lc4ajkc6gs2s,787,70,30,6
a4373d3f3b5244f6892d430622621f69,2026-02-25T09:00:00Z,2026-02-25T09:13:46Z,auth,auth_enUS_labelerexp,at://did:plc:2qlbivzvdt6hp6dwrd2sx4sf/app.bsky.feed.post/3k4mmj4ucmy2l,692,70,60,3
a4373d3f3b5244f6892d430622621f69,2026-02-25T09:00:00Z,2026-02-25T09:13:46Z,auth,auth_enUS_labelerexp,at://did:plc:2qlbivzvdt6hp6dwrd2sx4sf/app.bsky.feed.post/3lak7zvog3e2j,636,78,31,4
a4373d3f3b5244f6892d430622621f69,2026-02-25T09:00:00Z,2026-02-25T09:13:46Z,auth,auth_enUS_labelerexp,at://did:plc:2qlbivzvdt6hp6dwrd2sx4sf/app.bsky.feed.post/3llgf2hbkds26,653,70,36,6
a4373d3f3b5244f6892d430622621f69,2026-02-25T09:00:00Z,2026-02-25T09:13:46Z,auth,auth_enUS_labelerexp,at://did:plc:2qlbivzvdt6hp6dwrd2sx4sf/app.bsky.feed.post/3ljlgaixgbc2o,615,88,25,2
a4373d3f3b5244f6892d430622621f69,2026-02-25T09:00:00Z,2026-02-25T09:13:46Z,auth,auth_enUS_labelerexp,at://did:plc:2qlbivzvdt6hp6dwrd2sx4sf/app.bsky.feed.post/3kgx2uiehsu26,582,59,25,8
a4373d3f3b5244f6892d430622621f69,2026-02-25T09:00:00Z,2026-02-25T09:13:46Z,auth,auth_enUS_labelerexp,at://did:plc:2qlbivzvdt6hp6dwrd2sx4sf/app.bsky.feed.post/3lbfg7b6p522h,571,48,20,0
a4373d3f3b5244f6892d430622621f69,2026-02-25T09:00:00Z,2026-02-25T09:13:46Z,auth,auth_enUS_labelerexp,at://did:plc:2qlbivzvdt6hp6dwrd2sx4sf/app.bsky.feed.post/3kds3pn33nd2o,537,86,32,3
a4373d3f3b5244f6892d430622621f69,2026-02-25T09:00:00Z,2026-02-25T09:13:46Z,auth,auth_enUS_labelerexp,at://did:plc:2qlbivzvdt6hp6dwrd2sx4sf/app.bsky.feed.post/3l6rqudxthn24,515,28,42,1
a4373d3f3b5244f6892d430622621f69,2026-02-25T09:00:00Z,2026-02-25T09:13:46Z,auth,auth_enUS_labelerexp,at://did:plc:2qlbivzvdt6hp6dwrd2sx4sf/app.bsky.feed.post/3kborhwj6272y,519,80,45,4
a4373d3f3b5244f6892d430622621f69,2026-02-25T09:00:00Z,2026-02-25T09:13:46Z,auth,auth_enUS_labelerexp,at://did:plc:2qlbivzvdt6hp6dwrd2sx4sf/app.bsky.feed.post/3kbe2qfpjqd2u,530,59,35,5
a4373d3f3b5244f6892d430622621f69,2026-02-25T09:00:00Z,2026-02-25T09:13:46Z,auth,auth_enUS_labelerexp,at://did:plc:2qlbivzvdt6hp6dwrd2sx4sf/app.bsky.feed.post/3kuctlhg77t2o,517,61,43,0
a4373d3f3b5244f6892d430622621f69,2026-02-25T09:00:00Z,2026-02-25T09:13:46Z,auth,auth_enUS_labelerexp,at://did:plc:2qlbivzvdt6hp6dwrd2sx4sf/app.bsky.feed.post/3lazg6njyfk2e,501,50,18,0
a4373d3f3b5244f6892d430622621f69,2026-02-25T09:00:00Z,2026-02-25T09:13:46Z,auth,auth_enUS_labelerexp,at://did:plc:2qlbivzvdt6hp6dwrd2sx4sf/app.bsky.feed.post/3llbb5m6tfc2i,495,59,29,1
a4373d3f3b5244f6892d430622621f69,2026-02-25T09:00:00Z,2026-02-25T09:13:46Z,auth,auth_enUS_labelerexp,at://did:plc:2qlbivzvdt6hp6dwrd2sx4sf/app.bsky.feed.post/3ktxw62lguk26,485,63,32,3
a4373d3f3b5244f6892d430622621f69,2026-02-25T09:00:00Z,2026-02-25T09:13:46Z,auth,auth_enUS_labelerexp,at://did:plc:2qlbivzvdt6hp6dwrd2sx4sf/app.bsky.feed.post/3ldzgnj5oe227,471,51,16,0
a4373d3f3b5244f6892d430622621f69,2026-02-25T09:00:00Z,2026-02-25T09:13:46Z,auth,auth_enUS_labelerexp,at://did:plc:2qlbivzvdt6hp6dwrd2sx4sf/app.bsky.feed.post/3lcfngjnni22n,460,46,18,0
a4373d3f3b5244f6892d430622621f69,2026-02-25T09:00:00Z,2026-02-25T09:13:46Z,auth,auth_enUS_labelerexp,at://did:plc:2qlbivzvdt6hp6dwrd2sx4sf/app.bsky.feed.post/3l5tyrvmxai2o,455,48,38,2
a4373d3f3b5244f6892d430622621f69,2026-02-25T09:00:00Z,2026-02-25T09:13:46Z,auth,auth_enUS_labelerexp,at://did:plc:2qlbivzvdt6hp6dwrd2sx4sf/app.bsky.feed.post/3ldusufwjis2k,441,39,32,2
a4373d3f3b5244f6892d430622621f69,2026-02-25T09:00:00Z,2026-02-25T09:13:46Z,auth,auth_enUS_labelerexp,at://did:plc:2qlbivzvdt6hp6dwrd2sx4sf/app.bsky.feed.post/3lkeprtjnkc2c,446,41,30,0
a4373d3f3b5244f6892d430622621f69,2026-02-25T09:00:00Z,2026-02-25T09:13:46Z,auth,auth_enUS_labelerexp,at://did:plc:2qlbivzvdt6hp6dwrd2sx4sf/app.bsky.feed.post/3l5qhh7nksz2q,431,40,18,2
a4373d3f3b5244f6892d430622621f69,2026-02-25T09:00:00Z,2026-02-25T09:13:46Z,auth,auth_enUS_labelerexp,at://did:plc:2qlbivzvdt6hp6dwrd2sx4sf/app.bsky.feed.post/3lfcnydmjs22r,420,37,25,0
a4373d3f3b5244f6892d430622621f69,2026-02-25T09:00:00Z,2026-02-25T09:13:46Z,auth,auth_enUS_labelerexp,at://did:plc:2qlbivzvdt6hp6dwrd2sx4sf/app.bsky.feed.post/3ltfgsq5r2224,432,70,19,1
a4373d3f3b5244f6892d430622621f69,2026-02-25T09:00:00Z,2026-02-25T09:13:46Z,auth,auth_enUS_labelerexp,at://did:plc:2qlbivzvdt6hp6dwrd2sx4sf/app.bsky.feed.post/3lfhxxdwtac2r,450,55,17,3
a4373d3f3b5244f6892d430622621f69,2026-02-25T09:00:00Z,2026-02-25T09:13:46Z,auth,auth_enUS_labelerexp,at://did:plc:2qlbivzvdt6hp6dwrd2sx4sf/app.bsky.feed.post/3lbqx3g6stk2y,384,26,33,1
a4373d3f3b5244f6892d430622621f69,2026-02-25T09:00:00Z,2026-02-25T09:13:46Z,auth,auth_enUS_labelerexp,at://did:plc:2qlbivzvdt6hp6dwrd2sx4sf/app.bsky.feed.post/3k5tjfwr4oq2x,394,23,39,1
a4373d3f3b5244f6892d430622621f69,2026-02-25T09:00:00Z,2026-02-25T09:13:46Z,auth,auth_enUS_labelerexp,at://did:plc:2qlbivzvdt6hp6dwrd2sx4sf/app.bsky.feed.post/3mcjx77y4oc2b,413,73,15,1
a4373d3f3b5244f6892d430622621f69,2026-02-25T09:00:00Z,2026-02-25T09:13:46Z,auth,auth_enUS_labelerexp,at://did:plc:2qlbivzvdt6hp6dwrd2sx4sf/app.bsky.feed.post/3lbtbawirtc26,360,26,31,1
a4373d3f3b5244f6892d430622621f69,2026-02-25T09:00:00Z,2026-02-25T09:13:46Z,auth,auth_enUS_labelerexp,at://did:plc:2qlbivzvdt6hp6dwrd2sx4sf/app.bsky.feed.post/3laivyzb7ls2w,356,49,8,1
a4373d3f3b5244f6892d430622621f69,2026-02-25T09:00:00Z,2026-02-25T09:13:46Z,auth,auth_enUS_labelerexp,at://did:plc:2qlbivzvdt6hp6dwrd2sx4sf/app.bsky.feed.post/3lcx2id36c22i,357,35,10,1
a4373d3f3b5244f6892d430622621f69,2026-02-25T09:00:00Z,2026-02-25T09:13:46Z,auth,auth_enUS_labelerexp,at://did:plc:2qlbivzvdt6hp6dwrd2sx4sf/app.bsky.feed.post/3ldpdntffsk2j,365,36,14,0
a4373d3f3b5244f6892d430622621f69,2026-02-25T09:00:00Z,2026-02-25T09:13:46Z,auth,auth_enUS_labelerexp,at://did:plc:2qlbivzvdt6hp6dwrd2sx4sf/app.bsky.feed.post/3llk5tikzsk24,364,40,14,2
a4373d3f3b5244f6892d430622621f69,2026-02-25T09:00:00Z,2026-02-25T09:13:46Z,auth,auth_enUS_labelerexp,at://did:plc:2qlbivzvdt6hp6dwrd2sx4sf/app.bsky.feed.post/3lhn4t7wouc2v,360,39,10,4
a4373d3f3b5244f6892d430622621f69,2026-02-25T09:00:00Z,2026-02-25T09:13:46Z,auth,auth_enUS_labelerexp,at://did:plc:2qlbivzvdt6hp6dwrd2sx4sf/app.bsky.feed.post/3k7fmxxzpvu2r,342,24,18,0
a4373d3f3b5244f6892d430622621f69,2026-02-25T09:00:00Z,2026-02-25T09:13:46Z,auth,auth_enUS_labelerexp,at://did:plc:2qlbivzvdt6hp6dwrd2sx4sf/app.bsky.feed.post/3kctvhdi35223,343,43,20,2
a4373d3f3b5244f6892d430622621f69,2026-02-25T09:00:00Z,2026-02-25T09:13:46Z,auth,auth_enUS_labelerexp,at://did:plc:2qlbivzvdt6hp6dwrd2sx4sf/app.bsky.feed.post/3lckdybqapk2t,353,80,15,3
a4373d3f3b5244f6892d430622621f69,2026-02-25T09:00:00Z,2026-02-25T09:13:46Z,auth,auth_enUS_labelerexp,at://did:plc:2qlbivzvdt6hp6dwrd2sx4sf/app.bsky.feed.post/3knaendknr72b,336,40,20,1
a4373d3f3b5244f6892d430622621f69,2026-02-25T09:00:00Z,2026-02-25T09:13:46Z,auth,auth_enUS_labelerexp,at://did:plc:2qlbivzvdt6hp6dwrd2sx4sf/app.bsky.feed.post/3la4tt6j3qu2f,327,43,8,0
a4373d3f3b5244f6892d430622621f69,2026-02-25T09:00:00Z,2026-02-25T09:13:46Z,auth,auth_enUS_labelerexp,at://did:plc:2qlbivzvdt6hp6dwrd2sx4sf/app.bsky.feed.post/3lbsrtbrcec2d,341,8,19,4
a4373d3f3b5244f6892d430622621f69,2026-02-25T09:00:00Z,2026-02-25T09:13:46Z,auth,auth_enUS_labelerexp,at://did:plc:2qlbivzvdt6hp6dwrd2sx4sf/app.bsky.feed.post/3lape557qas2r,323,23,17,0
a4373d3f3b5244f6892d430622621f69,2026-02-25T09:00:00Z,2026-02-25T09:13:46Z,auth,auth_enUS_labelerexp,at://did:plc:2qlbivzvdt6hp6dwrd2sx4sf/app.bsky.feed.post/3komm27s3rl2g,327,39,19,0
a4373d3f3b5244f6892d430622621f69,2026-02-25T09:00:00Z,2026-02-25T09:13:46Z,auth,auth_enUS_labelerexp,at://did:plc:2qlbivzvdt6hp6dwrd2sx4sf/app.bsky.feed.post/3lc5oz5q2hc2d,326,21,21,0
a4373d3f3b5244f6892d430622621f69,2026-02-25T09:00:00Z,2026-02-25T09:13:46Z,auth,auth_enUS_labelerexp,at://did:plc:2qlbivzvdt6hp6dwrd2sx4sf/app.bsky.feed.post/3lpt55kykec23,340,61,8,6
a4373d3f3b5244f6892d430622621f69,2026-02-25T09:00:00Z,2026-02-25T09:13:46Z,auth,auth_enUS_labelerexp,at://did:plc:2qlbivzvdt6hp6dwrd2sx4sf/app.bsky.feed.post/3l7hiy566qd2f,324,20,14,1
a4373d3f3b5244f6892d430622621f69,2026-02-25T09:00:00Z,2026-02-25T09:13:46Z,auth,auth_enUS_labelerexp,at://did:plc:2qlbivzvdt6hp6dwrd2sx4sf/app.bsky.feed.post/3lade3k7kpv2j,321,32,10,1
a4373d3f3b5244f6892d430622621f69,2026-02-25T09:00:00Z,2026-02-25T09:13:46Z,auth,auth_enUS_labelerexp,at://did:plc:2qlbivzvdt6hp6dwrd2sx4sf/app.bsky.feed.post/3lmkirrnwgc2a,337,43,13,1
a4373d3f3b5244f6892d430622621f69,2026-02-25T09:00:00Z,2026-02-25T09:13:47Z,auth,auth_enUS_labelerexp,at://did:plc:5h4xkycdhp2jd3fjepexau32/app.bsky.feed.post/3mfob3x7ken23,0,0,0,0
a4373d3f3b5244f6892d430622621f69,2026-02-25T09:00:00Z,2026-02-25T09:13:47Z,auth,auth_enUS_labelerexp,at://did:plc:5h4xkycdhp2jd3fjepexau32/app.bsky.feed.post/3mfob3x5npb2n,0,0,0,0
a4373d3f3b5244f6892d430622621f69,2026-02-25T09:00:00Z,2026-02-25T09:13:47Z,auth,auth_enUS_labelerexp,at://did:plc:5h4xkycdhp2jd3fjepexau32/app.bsky.feed.post/3mfob3wz2hz27,0,0,0,0
a4373d3f3b5244f6892d430622621f69,2026-02-25T09:00:00Z,2026-02-25T09:13:47Z,auth,auth_enUS_labelerexp,at://did:plc:5h4xkycdhp2jd3fjepexau32/app.bsky.feed.post/3mfob3wwzrz2n,0,0,0,0
a4373d3f3b5244f6892d430622621f69,2026-02-25T09:00:00Z,2026-02-25T09:13:47Z,auth,auth_enUS_labelerexp,at://did:plc:hqjph2n4xfmtixnxlev6bda6/app.bsky.feed.post/3mfo7zh3kf22s,0,0,1,0
a4373d3f3b5244f6892d430622621f69,2026-02-25T09:00:00Z,2026-02-25T09:13:47Z,auth,auth_enUS_labelerexp,at://did:plc:odb7oogqp7474dwkxuduaiqf/app.bsky.feed.post/3mfo7nvzgbf2x,2,1,1,0
a4373d3f3b5244f6892d430622621f69,2026-02-25T09:00:00Z,2026-02-25T09:13:47Z,auth,auth_enUS_labelerexp,at://did:plc:uutj7oco2oqudvw7h3p5iwms/app.bsky.feed.post/3mfo7hvhhws2s,0,0,0,0
a4373d3f3b5244f6892d430622621f69,2026-02-25T09:00:00Z,2026-02-25T09:13:47Z,auth,auth_enUS_labelerexp,at://did:plc:bazcpmyw3kcuy53b43m5xtfp/app.bsky.feed.post/3mfo72xvvzj2z,6,1,0,0
a4373d3f3b5244f6892d430622621f69,2026-02-25T09:00:00Z,2026-02-25T09:13:47Z,auth,auth_enUS_labelerexp,at://did:plc:aldfazztzbzzpcmhuqxpk4j5/app.bsky.feed.post/3mfo4atrjyj22,0,0,0,0
a4373d3f3b5244f6892d430622621f69,2026-02-25T09:00:00Z,2026-02-25T09:13:47Z,auth,auth_enUS_labelerexp,at://did:plc:sth7zsp2jy7trxoypntc5jwq/app.bsky.feed.post/3mfnwhubv7s2b,3,2,0,0
a4373d3f3b5244f6892d430622621f69,2026-02-25T09:00:00Z,2026-02-25T09:13:47Z,auth,auth_enUS_labelerexp,at://did:plc:lg7eas7ycvpzll6ylicabesm/app.bsky.feed.post/3mfnuetwrp22v,1,1,0,0
a4373d3f3b5244f6892d430622621f69,2026-02-25T09:00:00Z,2026-02-25T09:13:47Z,auth,auth_enUS_labelerexp,at://did:plc:xlg3n6wnpwhirrtqm7e7gbpl/app.bsky.feed.post/3mfnuamtuos2o,11,1,1,0
a4373d3f3b5244f6892d430622621f69,2026-02-25T09:00:00Z,2026-02-25T09:13:47Z,auth,auth_enUS_labelerexp,at://did:plc:py3wh4gpyubsrjqz6tesqm2c/app.bsky.feed.post/3mfns5to23c2i,5,1,0,0
a4373d3f3b5244f6892d430622621f69,2026-02-25T09:00:00Z,2026-02-25T09:13:47Z,auth,auth_enUS_labelerexp,at://did:plc:wtf24ly67clarljkjyjvv74h/app.bsky.feed.post/3mfnnhoxh7u2p,1,1,0,0
a4373d3f3b5244f6892d430622621f69,2026-02-25T09:00:00Z,2026-02-25T09:13:47Z,auth,auth_enUS_labelerexp,at://did:plc:ghi4ykrwtwgboqvie37ykip2/app.bsky.feed.post/3mfnm2sk6u22b,1,1,1,0
a4373d3f3b5244f6892d430622621f69,2026-02-25T09:00:00Z,2026-02-25T09:13:47Z,auth,auth_enUS_labelerexp,at://did:plc:sth7zsp2jy7trxoypntc5jwq/app.bsky.feed.post/3mfnl7mq2hs2b,3,1,0,0
a4373d3f3b5244f6892d430622621f69,2026-02-25T09:00:00Z,2026-02-25T09:13:47Z,auth,auth_enUS_labelerexp,at://did:plc:lpuowzuv6yf3dz5wyogx4irf/app.bsky.feed.post/3mfnihrehj22y,4,3,1,0
a4373d3f3b5244f6892d430622621f69,2026-02-25T09:00:00Z,2026-02-25T09:13:47Z,auth,auth_enUS_labelerexp,at://did:plc:jljrz63zsjwevsoc75r7pe5n/app.bsky.feed.post/3mfnho6clos2i,0,0,0,0
a4373d3f3b5244f6892d430622621f69,2026-02-25T09:00:00Z,2026-02-25T09:13:47Z,auth,auth_enUS_labelerexp,at://did:plc:tgukethqj2b5hackptywnnzr/app.bsky.feed.post/3mfnhhdsjls2g,2,0,1,0
a4373d3f3b5244f6892d430622621f69,2026-02-25T09:00:00Z,2026-02-25T09:13:47Z,auth,auth_enUS_labelerexp,at://did:plc:7dwdqog27tkazmurluji6nju/app.bsky.feed.post/3mfnh5mbzfs2i,1,0,1,0
a4373d3f3b5244f6892d430622621f69,2026-02-25T09:00:00Z,2026-02-25T09:13:47Z,auth,auth_enUS_labelerexp,at://did:plc:uhrjumdfcieuxoleubim53pz/app.bsky.feed.post/3mfnflsq2rc2a,0,0,0,0
a4373d3f3b5244f6892d430622621f69,2026-02-25T09:00:00Z,2026-02-25T09:13:47Z,auth,auth_enUS_labelerexp,at://did:plc:ndbsk56ysqsp6gecpcfhj64r/app.bsky.feed.post/3mfnf7dlda22h,1,0,0,0
a4373d3f3b5244f6892d430622621f69,2026-02-25T09:00:00Z,2026-02-25T09:13:47Z,auth,auth_enUS_labelerexp,at://did:plc:x6bajgevb6y6m5w6zplsbr35/app.bsky.feed.post/3mfndsqtso224,8,1,1,0
a4373d3f3b5244f6892d430622621f69,2026-02-25T09:00:00Z,2026-02-25T09:13:47Z,auth,auth_enUS_labelerexp,at://did:plc:p2cdncjoaq2kv6atli7m7yhv/app.bsky.feed.post/3mfndpk6mos22,6,4,0,0
a4373d3f3b5244f6892d430622621f69,2026-02-25T09:00:00Z,2026-02-25T09:13:47Z,auth,auth_enUS_labelerexp,at://did:plc:2hgj7joxygdjgt7fkislkqn7/app.bsky.feed.post/3mfnd2iumz225,1,0,0,0
a4373d3f3b5244f6892d430622621f69,2026-02-25T09:00:00Z,2026-02-25T09:13:47Z,auth,auth_enUS_labelerexp,at://did:plc:ulvjmhkc53soohuwo6owzgb5/app.bsky.feed.post/3mfncxj6xes2x,2,0,0,0
a4373d3f3b5244f6892d430622621f69,2026-02-25T09:00:00Z,2026-02-25T09:13:47Z,auth,auth_enUS_labelerexp,at://did:plc:umzr25gxar7o6ytyobvwf4lx/app.bsky.feed.post/3mfncq2rygc2m,7,1,0,0
a4373d3f3b5244f6892d430622621f69,2026-02-25T09:00:00Z,2026-02-25T09:13:47Z,auth,auth_enUS_labelerexp,at://did:plc:5gfwuskgqxerrj5yfwoewrdn/app.bsky.feed.post/3mfnb4nvib22y,0,0,0,0
a4373d3f3b5244f6892d430622621f69,2026-02-25T09:00:00Z,2026-02-25T09:13:47Z,auth,auth_enUS_labelerexp,at://did:plc:r52ch4ne2a7kryhyu56wfibz/app.bsky.feed.post/3mfn7r4n6yk2a,3,0,0,0
a4373d3f3b5244f6892d430622621f69,2026-02-25T09:00:00Z,2026-02-25T09:13:47Z,auth,auth_enUS_labelerexp,at://did:plc:yjnanyxp7ba2g6uhbzr64x6j/app.bsky.feed.post/3mfn7geco7s2e,10,9,1,0
a4373d3f3b5244f6892d430622621f69,2026-02-25T09:00:00Z,2026-02-25T09:13:47Z,auth,auth_enUS_labelerexp,at://did:plc:7nxnnnfse2f7adn4vjkbvcu4/app.bsky.feed.post/3mfn7btm3j226,2,0,0,0
a4373d3f3b5244f6892d430622621f69,2026-02-25T09:00:00Z,2026-02-25T09:13:47Z,auth,auth_enUS_labelerexp,at://did:plc:qrtn6ekutfvbwt5oarvj2kdi/app.bsky.feed.post/3mfn47cotjk22,3,4,0,0
a4373d3f3b5244f6892d430622621f69,2026-02-25T09:00:00Z,2026-02-25T09:13:47Z,auth,auth_enUS_labelerexp,at://did:plc:q5jyiiwq2phghraetyo2tkvt/app.bsky.feed.post/3mfn32otzap24,0,0,0,0
a4373d3f3b5244f6892d430622621f69,2026-02-25T09:00:00Z,2026-02-25T09:13:47Z,auth,auth_enUS_labelerexp,at://did:plc:3ycsilhyzfl3b4fpe6dq7bwa/app.bsky.feed.post/3mfn2hjtf6s2q,1,0,1,0
a4373d3f3b5244f6892d430622621f69,2026-02-25T09:00:00Z,2026-02-25T09:13:47Z,auth,auth_enUS_labelerexp,at://did:plc:ua6z7z7zgtsdijhiq6povx4d/app.bsky.feed.post/3mfn2agslkk2e,10,5,2,0
a4373d3f3b5244f6892d430622621f69,2026-02-25T09:00:00Z,2026-02-25T09:13:47Z,auth,auth_enUS_labelerexp,at://did:plc:hiqu623ldwwaylk6fcnxbb6x/app.bsky.feed.post/3mfn2ab6bzk2a,1,0,0,0
a4373d3f3b5244f6892d430622621f69,2026-02-25T09:00:00Z,2026-02-25T09:13:47Z,auth,auth_enUS_labelerexp,at://did:plc:upchcv6xktbinbc7phvr2yhq/app.bsky.feed.post/3mfmz75s2fs2c,0,0,0,0
a4373d3f3b5244f6892d430622621f69,2026-02-25T09:00:00Z,2026-02-25T09:13:47Z,auth,auth_enUS_labelerexp,at://did:plc:ghi4ykrwtwgboqvie37ykip2/app.bsky.feed.post/3mfmywchjis2q,7,0,0,0
a4373d3f3b5244f6892d430622621f69,2026-02-25T09:00:00Z,2026-02-25T09:13:47Z,auth,auth_enUS_labelerexp,at://did:plc:o7pwq77io66e34l5vrs6mdue/app.bsky.feed.post/3mfmytltcks2x,2,0,1,0
a4373d3f3b5244f6892d430622621f69,2026-02-25T09:00:00Z,2026-02-25T09:13:47Z,auth,auth_enUS_labelerexp,at://did:plc:pf7mbpqzjlzbprbdgnxkqgb2/app.bsky.feed.post/3mfmyplus5k2e,1,0,0,0
a4373d3f3b5244f6892d430622621f69,2026-02-25T09:00:00Z,2026-02-25T09:13:47Z,auth,auth_enUS_labelerexp,at://did:plc:q5jyiiwq2phghraetyo2tkvt/app.bsky.feed.post/3mfmxuq4iur2c,8,3,0,1
a4373d3f3b5244f6892d430622621f69,2026-02-25T09:00:00Z,2026-02-25T09:13:47Z,auth,auth_enUS_labelerexp,at://did:plc:ynz5is3r4h3fwjxwpai5agtu/app.bsky.feed.post/3mfmxpxp5fk2x,0,0,0,0
a4373d3f3b5244f6892d430622621f69,2026-02-25T09:00:00Z,2026-02-25T09:13:47Z,auth,auth_enUS_labelerexp,at://did:plc:2bow2fm4x3k7cqptdimb2lbk/app.bsky.feed.post/3mfmx5bqrls2y,4,2,0,0
a4373d3f3b5244f6892d430622621f69,2026-02-25T09:00:00Z,2026-02-25T09:13:47Z,auth,auth_enUS_labelerexp,at://did:plc:4h4komujfi37fhofdjwc4z2q/app.bsky.feed.post/3mfmwadg55c2q,2,2,0,0
a4373d3f3b5244f6892d430622621f69,2026-02-25T09:00:00Z,2026-02-25T09:13:47Z,auth,auth_enUS_labelerexp,at://did:plc:ijkoxtc2t66dinvi54vfimia/app.bsky.feed.post/3mfmvg47dms2a,5,1,0,0
a4373d3f3b5244f6892d430622621f69,2026-02-25T09:00:00Z,2026-02-25T09:13:47Z,auth,auth_enUS_labelerexp,at://did:plc:cpeb472mm33ei3sc33skhpx7/app.bsky.feed.post/3mfmvabmuws2o,9,4,1,0
a4373d3f3b5244f6892d430622621f69,2026-02-25T09:00:00Z,2026-02-25T09:13:47Z,auth,auth_enUS_labelerexp,at://did:plc:p2cdncjoaq2kv6atli7m7yhv/app.bsky.feed.post/3mfmudg7fwk2a,2,2,0,0
a4373d3f3b5244f6892d430622621f69,2026-02-25T09:00:00Z,2026-02-25T09:13:47Z,auth,auth_enUS_labelerexp,at://did:plc:xvg37a5blghdmjbefpugi35r/app.bsky.feed.post/3mfmucnmmcd2x,0,1,0,0
a4373d3f3b5244f6892d430622621f69,2026-02-25T09:00:00Z,2026-02-25T09:13:47Z,auth,auth_enUS_labelerexp,at://did:plc:mgd5zc4n6kc7gjypqxikbsuu/app.bsky.feed.post/3mfmubnpv4c2n,14,2,1,1
a4373d3f3b5244f6892d430622621f69,2026-02-25T09:00:00Z,2026-02-25T09:13:47Z,auth,auth_enUS_labelerexp,at://did:plc:xvg37a5blghdmjbefpugi35r/app.bsky.feed.post/3mfmu6ns55427,0,1,0,0
a4373d3f3b5244f6892d430622621f69,2026-02-25T09:00:00Z,2026-02-25T09:13:48Z,auth,auth_enUS_labelerexp,at://did:plc:xup2w7csci6khenh7lkfjrnh/app.bsky.feed.post/3mfoaugjres23,2,0,0,0
a4373d3f3b5244f6892d430622621f69,2026-02-25T09:00:00Z,2026-02-25T09:13:48Z,auth,auth_enUS_labelerexp,at://did:plc:oemiulhunxbmnbtjn2xlngqf/app.bsky.feed.post/3mfoadgylds2i,18,1,1,0
a4373d3f3b5244f6892d430622621f69,2026-02-25T09:00:00Z,2026-02-25T09:13:48Z,auth,auth_enUS_labelerexp,at://did:plc:7mpwyqkv2tdiho653oyczicd/app.bsky.feed.post/3mfnxecgijk2g,4,2,0,0
a4373d3f3b5244f6892d430622621f69,2026-02-25T09:00:00Z,2026-02-25T09:13:48Z,auth,auth_enUS_labelerexp,at://did:plc:r6qufngxstwyo6hirgajpmxg/app.bsky.feed.post/3mfnpj666nc2b,15,1,2,1
a4373d3f3b5244f6892d430622621f69,2026-02-25T09:00:00Z,2026-02-25T09:13:48Z,auth,auth_enUS_labelerexp,at://did:plc:dkg4cl3wzq7lmwrnuxe6n2cy/app.bsky.feed.post/3mfnniznr7c2s,5,3,0,0
a4373d3f3b5244f6892d430622621f69,2026-02-25T09:00:00Z,2026-02-25T09:13:48Z,auth,auth_enUS_labelerexp,at://did:plc:dkg4cl3wzq7lmwrnuxe6n2cy/app.bsky.feed.post/3mfnnc3petk2s,2,1,0,0
a4373d3f3b5244f6892d430622621f69,2026-02-25T09:00:00Z,2026-02-25T09:13:48Z,auth,auth_enUS_labelerexp,at://did:plc:dkg4cl3wzq7lmwrnuxe6n2cy/app.bsky.feed.post/3mfnmolgus22s,1,1,0,0
a4373d3f3b5244f6892d430622621f69,2026-02-25T09:00:00Z,2026-02-25T09:13:48Z,auth,auth_enUS_labelerexp,at://did:plc:dkg4cl3wzq7lmwrnuxe6n2cy/app.bsky.feed.post/3mfnkslfirc2u,5,2,0,0
a4373d3f3b5244f6892d430622621f69,2026-02-25T09:00:00Z,2026-02-25T09:13:48Z,auth,auth_enUS_labelerexp,at://did:plc:7mpwyqkv2tdiho653oyczicd/app.bsky.feed.post/3mfngugdepk2g,3,0,1,0
a4373d3f3b5244f6892d430622621f69,2026-02-25T09:00:00Z,2026-02-25T09:13:48Z,auth,auth_enUS_labelerexp,at://did:plc:qxokml77kmpzcqi7mob4t4zz/app.bsky.feed.post/3mfneqmrjr226,8,2,0,0
a4373d3f3b5244f6892d430622621f69,2026-02-25T09:00:00Z,2026-02-25T09:13:48Z,auth,auth_enUS_labelerexp,at://did:plc:qngifspz3kq6rj6uu7z33amf/app.bsky.feed.post/3mfn5npjeek2p,6,3,0,0
a4373d3f3b5244f6892d430622621f69,2026-02-25T09:00:00Z,2026-02-25T09:13:48Z,auth,auth_enUS_labelerexp,at://did:plc:7mpwyqkv2tdiho653oyczicd/app.bsky.feed.post/3mfn2kmuffc2g,9,2,0,0
a4373d3f3b5244f6892d430622621f69,2026-02-25T09:00:00Z,2026-02-25T09:13:48Z,auth,auth_enUS_labelerexp,at://did:plc:3su2agky7a67ufheiundm5oi/app.bsky.feed.post/3mfn2iqxuc22k,9,1,4,0
a4373d3f3b5244f6892d430622621f69,2026-02-25T09:00:00Z,2026-02-25T09:13:48Z,auth,auth_enUS_labelerexp,at://did:plc:7mpwyqkv2tdiho653oyczicd/app.bsky.feed.post/3mfmz4skkek2g,3,2,0,0
a4373d3f3b5244f6892d430622621f69,2026-02-25T09:00:00Z,2026-02-25T09:13:48Z,auth,auth_enUS_labelerexp,at://did:plc:6brknehpd7ecbvd56ko6mhlm/app.bsky.feed.post/3mfmxvpt4ek2m,31,12,1,0
a4373d3f3b5244f6892d430622621f69,2026-02-25T09:00:00Z,2026-02-25T09:13:48Z,auth,auth_enUS_labelerexp,at://did:plc:7mpwyqkv2tdiho653oyczicd/app.bsky.feed.post/3mfmx5krrnc2g,42,14,0,1
a4373d3f3b5244f6892d430622621f69,2026-02-25T09:00:00Z,2026-02-25T09:13:48Z,auth,auth_enUS_labelerexp,at://did:plc:3o5ar3sqlbsd6cbk3s2qxrfg/app.bsky.feed.post/3mfmvhh4f4s2g,4,1,0,0
a4373d3f3b5244f6892d430622621f69,2026-02-25T09:00:00Z,2026-02-25T09:13:48Z,auth,auth_enUS_labelerexp,at://did:plc:vtulckfwhlh3ndn4iqfcg3an/app.bsky.feed.post/3mfmnanrca22w,102,14,4,1
a4373d3f3b5244f6892d430622621f69,2026-02-25T09:00:00Z,2026-02-25T09:13:48Z,auth,auth_enUS_labelerexp,at://did:plc:xi3hkp5g53mhygzx666ijlz5/app.bsky.feed.post/3mfmmdjdwdc2p,9,5,0,0
a4373d3f3b5244f6892d430622621f69,2026-02-25T09:00:00Z,2026-02-25T09:13:48Z,auth,auth_enUS_labelerexp,at://did:plc:2twe2d52fx5uhmmjt7e7qgag/app.bsky.feed.post/3mfmmarprvs2j,8,6,1,0
a4373d3f3b5244f6892d430622621f69,2026-02-25T09:00:00Z,2026-02-25T09:13:48Z,auth,auth_enUS_labelerexp,at://did:plc:rv6q367suvhlxlwfjebo7qub/app.bsky.feed.post/3mfmki5btdk2b,24,4,0,1
a4373d3f3b5244f6892d430622621f69,2026-02-25T09:00:00Z,2026-02-25T09:13:48Z,auth,auth_enUS_labelerexp,at://did:plc:sizujj7y6vouiq7mh2rdvv6k/app.bsky.feed.post/3mfmki2jzrc2a,12,6,0,0
a4373d3f3b5244f6892d430622621f69,2026-02-25T09:00:00Z,2026-02-25T09:13:48Z,auth,auth_enUS_labelerexp,at://did:plc:npvlfew3pfnqbchfkcxltkla/app.bsky.feed.post/3mfmire6xbk2c,15,4,1,0
a4373d3f3b5244f6892d430622621f69,2026-02-25T09:00:00Z,2026-02-25T09:13:48Z,auth,auth_enUS_labelerexp,at://did:plc:sizujj7y6vouiq7mh2rdvv6k/app.bsky.feed.post/3mfmgnczpb22j,10,5,0,0
a4373d3f3b5244f6892d430622621f69,2026-02-25T09:00:00Z,2026-02-25T09:13:48Z,auth,auth_enUS_labelerexp,at://did:plc:pqts4mhog5473nqizbx2auf6/app.bsky.feed.post/3mfmeqcxzvc2t,5,3,1,0
a4373d3f3b5244f6892d430622621f69,2026-02-25T09:00:00Z,2026-02-25T09:13:48Z,auth,auth_enUS_labelerexp,at://did:plc:4dcmxujamxfshgfy7hhonjxl/app.bsky.feed.post/3mfmefb4bk22y,9,5,0,0
a4373d3f3b5244f6892d430622621f69,2026-02-25T09:00:00Z,2026-02-25T09:13:48Z,auth,auth_enUS_labelerexp,at://did:plc:sizujj7y6vouiq7mh2rdvv6k/app.bsky.feed.post/3mfmbv22u7s2c,104,47,15,10
a4373d3f3b5244f6892d430622621f69,2026-02-25T09:00:00Z,2026-02-25T09:13:48Z,auth,auth_enUS_labelerexp,at://did:plc:ae3qpxry2ajwd4gyazvdjqnv/app.bsky.feed.post/3mfm5my3rgc22,6,1,0,0
a4373d3f3b5244f6892d430622621f69,2026-02-25T09:00:00Z,2026-02-25T09:13:48Z,auth,auth_enUS_labelerexp,at://did:plc:en6gsoux3egrsyal2azbnu3h/app.bsky.feed.post/3mfltvd2jt22r,15,3,0,0
a4373d3f3b5244f6892d430622621f69,2026-02-25T09:00:00Z,2026-02-25T09:13:48Z,auth,auth_enUS_labelerexp,at://did:plc:eczyvsiw3e7ppq3lzlsvot23/app.bsky.feed.post/3mflsiy2mdd2l,104,49,2,3
a4373d3f3b5244f6892d430622621f69,2026-02-25T09:00:00Z,2026-02-25T09:13:48Z,auth,auth_enUS_labelerexp,at://did:plc:oemiulhunxbmnbtjn2xlngqf/app.bsky.feed.post/3mflqzkiqmk2g,55,7,1,0
a4373d3f3b5244f6892d430622621f69,2026-02-25T09:00:00Z,2026-02-25T09:13:48Z,auth,auth_enUS_labelerexp,at://did:plc:rv6q367suvhlxlwfjebo7qub/app.bsky.feed.post/3mflp5ez3h22a,17,5,0,0
a4373d3f3b5244f6892d430622621f69,2026-02-25T09:00:00Z,2026-02-25T09:13:48Z,auth,auth_enUS_labelerexp,at://did:plc:vxkp3oausam3x7r2f5vx6whw/app.bsky.feed.post/3mflm3uf3w22w,63,9,13,2
a4373d3f3b5244f6892d430622621f69,2026-02-25T09:00:00Z,2026-02-25T09:13:48Z,auth,auth_enUS_labelerexp,at://did:plc:zuaodd62jmzplb2jjxtqxvja/app.bsky.feed.post/3mflljpae7k2d,4,1,0,1
a4373d3f3b5244f6892d430622621f69,2026-02-25T09:00:00Z,2026-02-25T09:13:48Z,auth,auth_enUS_labelerexp,at://did:plc:3su2agky7a67ufheiundm5oi/app.bsky.feed.post/3mfl4pdv7uk2h,2,0,0,0
a4373d3f3b5244f6892d430622621f69,2026-02-25T09:00:00Z,2026-02-25T09:13:48Z,auth,auth_enUS_labelerexp,at://did:plc:jpwjr4xgi7s2umtpmtqstze7/app.bsky.feed.post/3mfkxmdcwdk2k,14,4,1,0
a4373d3f3b5244f6892d430622621f69,2026-02-25T09:00:00Z,2026-02-25T09:13:48Z,auth,auth_enUS_labelerexp,at://did:plc:x5l2x75jny3cocqmgprgdjy7/app.bsky.feed.post/3mfksn5ip2c2g,3,0,0,0
a4373d3f3b5244f6892d430622621f69,2026-02-25T09:00:00Z,2026-02-25T09:13:48Z,auth,auth_enUS_labelerexp,at://did:plc:x5l2x75jny3cocqmgprgdjy7/app.bsky.feed.post/3mfksin67zs2g,2,0,0,0
a4373d3f3b5244f6892d430622621f69,2026-02-25T09:00:00Z,2026-02-25T09:13:48Z,auth,auth_enUS_labelerexp,at://did:plc:2tgq3yneur5lzrd4vqnolxyp/app.bsky.feed.post/3mfkpxhs3ac2r,16,2,1,0
a4373d3f3b5244f6892d430622621f69,2026-02-25T09:00:00Z,2026-02-25T09:13:48Z,auth,auth_enUS_labelerexp,at://did:plc:ieon4w5flxb7ibiyh4inkfmv/app.bsky.feed.post/3mfknyekzls2i,7,1,0,0
a4373d3f3b5244f6892d430622621f69,2026-02-25T09:00:00Z,2026-02-25T09:13:48Z,auth,auth_enUS_labelerexp,at://did:plc:ae3qpxry2ajwd4gyazvdjqnv/app.bsky.feed.post/3mfkm4k27xk2t,11,1,0,1
a4373d3f3b5244f6892d430622621f69,2026-02-25T09:00:00Z,2026-02-25T09:13:48Z,auth,auth_enUS_labelerexp,at://did:plc:2twe2d52fx5uhmmjt7e7qgag/app.bsky.feed.post/3mfkga7sexk2d,17,6,0,0
a4373d3f3b5244f6892d430622621f69,2026-02-25T09:00:00Z,2026-02-25T09:13:48Z,auth,auth_enUS_labelerexp,at://did:plc:7mpwyqkv2tdiho653oyczicd/app.bsky.feed.post/3mfkg5dbqq22w,5,4,1,0
a4373d3f3b5244f6892d430622621f69,2026-02-25T09:00:00Z,2026-02-25T09:13:48Z,auth,auth_enUS_labelerexp,at://did:plc:o76kylij4cqjmpd23t36dcml/app.bsky.feed.post/3mfkezy22422d,6,4,0,2
a4373d3f3b5244f6892d430622621f69,2026-02-25T09:00:00Z,2026-02-25T09:13:48Z,auth,auth_enUS_labelerexp,at://did:plc:rnohd2vfuo6a4ccyvh7dchhn/app.bsky.feed.post/3mfkdaehpqk2d,3,1,0,0
a4373d3f3b5244f6892d430622621f69,2026-02-25T09:00:00Z,2026-02-25T09:13:48Z,auth,auth_enUS_labelerexp,at://did:plc:umuc4aiv7f6uglzv5hatamdl/app.bsky.feed.post/3mfk7cwjz2c2g,8,1,0,0
a4373d3f3b5244f6892d430622621f69,2026-02-25T09:00:00Z,2026-02-25T09:13:48Z,auth,auth_enUS_labelerexp,at://did:plc:vtulckfwhlh3ndn4iqfcg3an/app.bsky.feed.post/3mfk67jw3f22w,122,20,5,1
a4373d3f3b5244f6892d430622621f69,2026-02-25T09:00:00Z,2026-02-25T09:13:48Z,auth,auth_enUS_labelerexp,at://did:plc:2twe2d52fx5uhmmjt7e7qgag/app.bsky.feed.post/3mfjybhq56k2d,44,11,2,1
a4373d3f3b5244f6892d430622621f69,2026-02-25T09:00:00Z,2026-02-25T09:13:48Z,auth,auth_enUS_labelerexp,at://did:plc:ftj2bmay74kldpsbikim2lnu/app.bsky.feed.post/3mfjxrlkzpk25,20,1,1,1
a4373d3f3b5244f6892d430622621f69,2026-02-25T09:00:00Z,2026-02-25T09:13:48Z,auth,auth_enUS_labelerexp,at://did:plc:xljyfa5hxm6jxevv27gd4zxg/app.bsky.feed.post/3mfjxerchhc24,10,1,0,1
a4373d3f3b5244f6892d430622621f69,2026-02-25T09:00:00Z,2026-02-25T09:13:49Z,auth,auth_enUS_labelerexp,at://did:plc:b25s4auc2bqyh7zcmvmtc6uo/app.bsky.feed.post/3mfod4zl3oz2p,0,0,0,0
a4373d3f3b5244f6892d430622621f69,2026-02-25T09:00:00Z,2026-02-25T09:13:49Z,auth,auth_enUS_labelerexp,at://did:plc:axypcdo7faghym5srcqjjceo/app.bsky.feed.post/3mfod3tno7s26,0,0,0,0
a4373d3f3b5244f6892d430622621f69,2026-02-25T09:00:00Z,2026-02-25T09:13:49Z,auth,auth_enUS_labelerexp,at://did:plc:2g5autqwl6so7lo4mm2ibb2w/app.bsky.feed.post/3mfod2cnilc2f,0,0,1,0
a4373d3f3b5244f6892d430622621f69,2026-02-25T09:00:00Z,2026-02-25T09:13:49Z,auth,auth_enUS_labelerexp,at://did:plc:b25s4auc2bqyh7zcmvmtc6uo/app.bsky.feed.post/3mfocuhqqrm2j,0,0,0,0
a4373d3f3b5244f6892d430622621f69,2026-02-25T09:00:00Z,2026-02-25T09:13:49Z,auth,auth_enUS_labelerexp,at://did:plc:yvkmef4bytx7o5xgyypckgvc/app.bsky.feed.post/3mfoct7i3ic27,0,0,0,0
a4373d3f3b5244f6892d430622621f69,2026-02-25T09:00:00Z,2026-02-25T09:13:49Z,auth,auth_enUS_labelerexp,at://did:plc:ymoeshyun332j4y6qrwwbb4o/app.bsky.feed.post/3mfocrjj4s22p,2,1,1,0
a4373d3f3b5244f6892d430622621f69,2026-02-25T09:00:00Z,2026-02-25T09:13:49Z,auth,auth_enUS_labelerexp,at://did:plc:3mjslpqdhvkqp6phva6x6qor/app.bsky.feed.post/3mfocpkmogi26,0,0,1,0
a4373d3f3b5244f6892d430622621f69,2026-02-25T09:00:00Z,2026-02-25T09:13:49Z,auth,auth_enUS_labelerexp,at://did:plc:vnl4tsmsnmd5hyzai7ev6vkl/app.bsky.feed.post/3mfockbc4sc23,0,0,0,0
a4373d3f3b5244f6892d430622621f69,2026-02-25T09:00:00Z,2026-02-25T09:13:49Z,auth,auth_enUS_labelerexp,at://did:plc:juvr5lclggl2wowgea3zctxu/app.bsky.feed.post/3mfockamdry2b,0,0,0,0
a4373d3f3b5244f6892d430622621f69,2026-02-25T09:00:00Z,2026-02-25T09:13:49Z,auth,auth_enUS_labelerexp,at://did:plc:e2wvrsywv275yroljwhqpjzi/app.bsky.feed.post/3mfocjt3wmk2y,1,0,0,0
a4373d3f3b5244f6892d430622621f69,2026-02-25T09:00:00Z,2026-02-25T09:13:49Z,auth,auth_enUS_labelerexp,at://did:plc:zxivo66635d3gsihavi6dogc/app.bsky.feed.post/3mfocfe4z5s22,0,0,0,0
a4373d3f3b5244f6892d430622621f69,2026-02-25T09:00:00Z,2026-02-25T09:13:49Z,auth,auth_enUS_labelerexp,at://did:plc:7xli3mkfaxds5l4zd6kwsect/app.bsky.feed.post/3mfocbwo7cs2b,0,0,0,0
a4373d3f3b5244f6892d430622621f69,2026-02-25T09:00:00Z,2026-02-25T09:13:49Z,auth,auth_enUS_labelerexp,at://did:plc:rimy6xji2xqcszltbnmx74vl/app.bsky.feed.post/3mfoc4zvoyk25,3,1,0,0
a4373d3f3b5244f6892d430622621f69,2026-02-25T09:00:00Z,2026-02-25T09:13:49Z,auth,auth_enUS_labelerexp,at://did:plc:wo7vmifimb7acwqed4ahapvc/app.bsky.feed.post/3mfobyda6vs2z,1,0,0,1
a4373d3f3b5244f6892d430622621f69,2026-02-25T09:00:00Z,2026-02-25T09:13:49Z,auth,auth_enUS_labelerexp,at://did:plc:k5iexoze5cempqtmilvujclu/app.bsky.feed.post/3mfobw2hyrr2y,0,0,0,0
a4373d3f3b5244f6892d430622621f69,2026-02-25T09:00:00Z,2026-02-25T09:13:49Z,auth,auth_enUS_labelerexp,at://did:plc:c7lgtk5ybqpkp26s7lo2cis5/app.bsky.feed.post/3mfobtlyvic2u,1,0,1,0
a4373d3f3b5244f6892d430622621f69,2026-02-25T09:00:00Z,2026-02-25T09:13:49Z,auth,auth_enUS_labelerexp,at://did:plc:ibghu4kq5m3oii577xwwtj4k/app.bsky.feed.post/3mfobt4h7pc2v,0,0,0,0
a4373d3f3b5244f6892d430622621f69,2026-02-25T09:00:00Z,2026-02-25T09:13:49Z,auth,auth_enUS_labelerexp,at://did:plc:7sh6dozctub7exhjsauyvtok/app.bsky.feed.post/3mfobp4ywt22b,1,0,0,0
a4373d3f3b5244f6892d430622621f69,2026-02-25T09:00:00Z,2026-02-25T09:13:49Z,auth,auth_enUS_labelerexp,at://did:plc:uscy65m3nidujcx6la4v2z5z/app.bsky.feed.post/3mfobjxsmpk2r,0,0,0,0
a4373d3f3b5244f6892d430622621f69,2026-02-25T09:00:00Z,2026-02-25T09:13:49Z,auth,auth_enUS_labelerexp,at://did:plc:yxi4jt7b2nzstiqycvu456mz/app.bsky.feed.post/3mfobfvqwv22a,1,0,0,0
a4373d3f3b5244f6892d430622621f69,2026-02-25T09:00:00Z,2026-02-25T09:13:49Z,auth,auth_enUS_labelerexp,at://did:plc:kpksq5d6zkoom6eoj2w3p2tj/app.bsky.feed.post/3mfobf6yo722k,0,0,0,0
a4373d3f3b5244f6892d430622621f69,2026-02-25T09:00:00Z,2026-02-25T09:13:49Z,auth,auth_enUS_labelerexp,at://did:plc:esxv4cjw5s2dphpbe2diytvw/app.bsky.feed.post/3mfobdb6iuj2o,0,0,0,0
a4373d3f3b5244f6892d430622621f69,2026-02-25T09:00:00Z,2026-02-25T09:13:49Z,auth,auth_enUS_labelerexp,at://did:plc:rpqwk35h62lavgp2itxjws5f/app.bsky.feed.post/3mfob7eeook2c,4,1,0,0
a4373d3f3b5244f6892d430622621f69,2026-02-25T09:00:00Z,2026-02-25T09:13:49Z,auth,auth_enUS_labelerexp,at://did:plc:e5fxatorp2pspijr75p5bw2y/app.bsky.feed.post/3mfob6k3ugk25,1,0,0,0
a4373d3f3b5244f6892d430622621f69,2026-02-25T09:00:00Z,2026-02-25T09:13:49Z,auth,auth_enUS_labelerexp,at://did:plc:x42pzpjxreb2opn7ewrfsnv5/app.bsky.feed.post/3mfob37jvc22a,1,0,0,0
a4373d3f3b5244f6892d430622621f69,2026-02-25T09:00:00Z,2026-02-25T09:13:49Z,auth,auth_enUS_labelerexp,at://did:plc:dw3zigku735ligfepzlgcumj/app.bsky.feed.post/3mfoatlcy5c23,0,0,0,0
a4373d3f3b5244f6892d430622621f69,2026-02-25T09:00:00Z,2026-02-25T09:13:49Z,auth,auth_enUS_labelerexp,at://did:plc:73frudcsl7tfthgtbmcaqf5x/app.bsky.feed.post/3mfoapgmock2x,1,1,0,0
a4373d3f3b5244f6892d430622621f69,2026-02-25T09:00:00Z,2026-02-25T09:13:49Z,auth,auth_enUS_labelerexp,at://did:plc:i6c2ohzklgrrohgec4tfldaa/app.bsky.feed.post/3mfoao7wrys2s,2,1,0,0
a4373d3f3b5244f6892d430622621f69,2026-02-25T09:00:00Z,2026-02-25T09:13:49Z,auth,auth_enUS_labelerexp,at://did:plc:73frudcsl7tfthgtbmcaqf5x/app.bsky.feed.post/3mfoam22kgk2x,1,1,0,0
a4373d3f3b5244f6892d430622621f69,2026-02-25T09:00:00Z,2026-02-25T09:13:49Z,auth,auth_enUS_labelerexp,at://did:plc:boz3nz6lgn5b2k6zppmniivt/app.bsky.feed.post/3mfoaksgwxc2i,1,1,0,0
a4373d3f3b5244f6892d430622621f69,2026-02-25T09:00:00Z,2026-02-25T09:13:49Z,auth,auth_enUS_labelerexp,at://did:plc:hoibdgxd5bcbvvd6zxavpetp/app.bsky.feed.post/3mfoagbnt6s2v,2,1,0,0
a4373d3f3b5244f6892d430622621f69,2026-02-25T09:00:00Z,2026-02-25T09:13:49Z,auth,auth_enUS_labelerexp,at://did:plc:73frudcsl7tfthgtbmcaqf5x/app.bsky.feed.post/3mfoaegw4sc2x,1,1,0,0
a4373d3f3b5244f6892d430622621f69,2026-02-25T09:00:00Z,2026-02-25T09:13:49Z,auth,auth_enUS_labelerexp,at://did:plc:e5fxatorp2pspijr75p5bw2y/app.bsky.feed.post/3mfoaagqwjc25,2,1,0,0
a4373d3f3b5244f6892d430622621f69,2026-02-25T09:00:00Z,2026-02-25T09:13:49Z,auth,auth_enUS_labelerexp,at://did:plc:fpefgtsx4mlixml5hx2sj5sm/app.bsky.feed.post/3mfoa7qpmbn2u,2,1,0,0
a4373d3f3b5244f6892d430622621f69,2026-02-25T09:00:00Z,2026-02-25T09:13:49Z,auth,auth_enUS_labelerexp,at://did:plc:juvr5lclggl2wowgea3zctxu/app.bsky.feed.post/3mfo7qzabkx2i,1,0,0,0
a4373d3f3b5244f6892d430622621f69,2026-02-25T09:00:00Z,2026-02-25T09:13:49Z,auth,auth_enUS_labelerexp,at://did:plc:o337notdjdoeu7l6i67kt4tv/app.bsky.feed.post/3mfo7obx3vi2x,2,1,0,0
a4373d3f3b5244f6892d430622621f69,2026-02-25T09:00:00Z,2026-02-25T09:13:49Z,auth,auth_enUS_labelerexp,at://did:plc:cgx74jjbl6pimq42rpbkv4ub/app.bsky.feed.post/3mfo7n5scts2c,3,1,1,0
a4373d3f3b5244f6892d430622621f69,2026-02-25T09:00:00Z,2026-02-25T09:13:49Z,auth,auth_enUS_labelerexp,at://did:plc:5edgzgi2zbmxumxerpn2wbpn/app.bsky.feed.post/3mfo7m44epc26,2,1,1,0
a4373d3f3b5244f6892d430622621f69,2026-02-25T09:00:00Z,2026-02-25T09:13:49Z,auth,auth_enUS_labelerexp,at://did:plc:qpoxanwb6feown4k4ku66vqh/app.bsky.feed.post/3mfo7iewgsk2b,1,1,0,0
a4373d3f3b5244f6892d430622621f69,2026-02-25T09:00:00Z,2026-02-25T09:13:49Z,auth,auth_enUS_labelerexp,at://did:plc:3mjslpqdhvkqp6phva6x6qor/app.bsky.feed.post/3mfo7dc2sjj2t,1,1,1,0
a4373d3f3b5244f6892d430622621f69,2026-02-25T09:00:00Z,2026-02-25T09:13:49Z,auth,auth_enUS_labelerexp,at://did:plc:lpnz3vz3yvretadskxsjw4wd/app.bsky.feed.post/3mfo7axnk5k25,2,1,0,0
a4373d3f3b5244f6892d430622621f69,2026-02-25T09:00:00Z,2026-02-25T09:13:49Z,auth,auth_enUS_labelerexp,at://did:plc:lpnz3vz3yvretadskxsjw4wd/app.bsky.feed.post/3mfo75n2dx225,1,1,0,0
a4373d3f3b5244f6892d430622621f69,2026-02-25T09:00:00Z,2026-02-25T09:13:49Z,auth,auth_enUS_labelerexp,at://did:plc:6grkp5o6weu6lyyee3s7665y/app.bsky.feed.post/3mfo73p3on224,5,4,1,0
a4373d3f3b5244f6892d430622621f69,2026-02-25T09:00:00Z,2026-02-25T09:13:49Z,auth,auth_enUS_labelerexp,at://did:plc:lpnz3vz3yvretadskxsjw4wd/app.bsky.feed.post/3mfo726tmi225,0,0,0,0
a4373d3f3b5244f6892d430622621f69,2026-02-25T09:00:00Z,2026-02-25T09:13:49Z,auth,auth_enUS_labelerexp,at://did:plc:eftc4mpjou3lxkkvyxyknmst/app.bsky.feed.post/3mfo6swxk3s2v,4,4,0,0
a4373d3f3b5244f6892d430622621f69,2026-02-25T09:00:00Z,2026-02-25T09:13:49Z,auth,auth_enUS_labelerexp,at://did:plc:6zdkmq7nmcdkp444nno7xknv/app.bsky.feed.post/3mfo6s3jbm22v,2,1,0,0
a4373d3f3b5244f6892d430622621f69,2026-02-25T09:00:00Z,2026-02-25T09:13:49Z,auth,auth_enUS_labelerexp,at://did:plc:cvxwyixof665zai2fw7xn3s7/app.bsky.feed.post/3mfo6qlcnrdf2,2,2,0,0
a4373d3f3b5244f6892d430622621f69,2026-02-25T09:00:00Z,2026-02-25T09:13:49Z,auth,auth_enUS_labelerexp,at://did:plc:lmglfmg7ro47foznc2t4svty/app.bsky.feed.post/3mfo6qks7r52r,1,0,0,0
a4373d3f3b5244f6892d430622621f69,2026-02-25T09:00:00Z,2026-02-25T09:13:49Z,auth,auth_enUS_labelerexp,at://did:plc:bwea3oqhbujwofh6qwyq5zlm/app.bsky.feed.post/3mfo6pg7zo22f,2,1,1,0
a4373d3f3b5244f6892d430622621f69,2026-02-25T09:00:00Z,2026-02-25T09:13:49Z,auth,auth_enUS_labelerexp,at://did:plc:qdgrjpnn32nv6s6hun4cljt2/app.bsky.feed.post/3mfo6ndnhwk22,3,1,0,0
a4373d3f3b5244f6892d430622621f69,2026-02-25T09:00:00Z,2026-02-25T09:13:51Z,auth,auth_enUS_labelerexp,at://did:plc:lqw5xfezlqms3qr2q4sbyk5k/app.bsky.feed.post/3mfo75jjxbc2j,0,0,1,0
a4373d3f3b5244f6892d430622621f69,2026-02-25T09:00:00Z,2026-02-25T09:13:51Z,auth,auth_enUS_labelerexp,at://did:plc:opq5phhuquxppobexcp2cm4y/app.bsky.feed.post/3mfo73z4ce72g,28,8,0,0
a4373d3f3b5244f6892d430622621f69,2026-02-25T09:00:00Z,2026-02-25T09:13:51Z,auth,auth_enUS_labelerexp,at://did:plc:q3uicuvtcqzyos53xfhir45v/app.bsky.feed.post/3mfo6tqddn22d,3,3,0,0
a4373d3f3b5244f6892d430622621f69,2026-02-25T09:00:00Z,2026-02-25T09:13:51Z,auth,auth_enUS_labelerexp,at://did:plc:usakq3xseoel2btzrw6pcuso/app.bsky.feed.post/3mfo6sfiv5c2g,1,0,1,0
a4373d3f3b5244f6892d430622621f69,2026-02-25T09:00:00Z,2026-02-25T09:13:51Z,auth,auth_enUS_labelerexp,at://did:plc:xscilaos3qmdvfqrbljm5akj/app.bsky.feed.post/3mfo6puaias2g,3,0,0,0
a4373d3f3b5244f6892d430622621f69,2026-02-25T09:00:00Z,2026-02-25T09:13:51Z,auth,auth_enUS_labelerexp,at://did:plc:bcuhbpuhbfvj3klrajocr4d3/app.bsky.feed.post/3mfo6p2rg7s2k,8,0,2,0
a4373d3f3b5244f6892d430622621f69,2026-02-25T09:00:00Z,2026-02-25T09:13:51Z,auth,auth_enUS_labelerexp,at://did:plc:lrisiqjjl4m4vxzotjb4zlut/app.bsky.feed.post/3mfo6kl3y2k2x,1,0,0,1
a4373d3f3b5244f6892d430622621f69,2026-02-25T09:00:00Z,2026-02-25T09:13:51Z,auth,auth_enUS_labelerexp,at://did:plc:ryms7jw44hz2fbytx2dje5yi/app.bsky.feed.post/3mfo6jnn2a22t,5,0,1,0
a4373d3f3b5244f6892d430622621f69,2026-02-25T09:00:00Z,2026-02-25T09:13:51Z,auth,auth_enUS_labelerexp,at://did:plc:h4w44uk3oveftreaxjdfekzf/app.bsky.feed.post/3mfo6itczvc2j,4,0,1,0
a4373d3f3b5244f6892d430622621f69,2026-02-25T09:00:00Z,2026-02-25T09:13:51Z,auth,auth_enUS_labelerexp,at://did:plc:45wvh3nuigz7owgzbutyt5vf/app.bsky.feed.post/3mfo6iqkqp22j,0,0,0,0
a4373d3f3b5244f6892d430622621f69,2026-02-25T09:00:00Z,2026-02-25T09:13:51Z,auth,auth_enUS_labelerexp,at://did:plc:my2bglkosfv4ksolf6a7l7bv/app.bsky.feed.post/3mfo6gohl5k2d,3,1,0,0
a4373d3f3b5244f6892d430622621f69,2026-02-25T09:00:00Z,2026-02-25T09:13:51Z,auth,auth_enUS_labelerexp,at://did:plc:yn3lggz4vcabiny6l3kdkofn/app.bsky.feed.post/3mfo66xxp222x,3,0,0,0
a4373d3f3b5244f6892d430622621f69,2026-02-25T09:00:00Z,2026-02-25T09:13:51Z,auth,auth_enUS_labelerexp,at://did:plc:yn3lggz4vcabiny6l3kdkofn/app.bsky.feed.post/3mfo65qoar22x,2,0,0,0
a4373d3f3b5244f6892d430622621f69,2026-02-25T09:00:00Z,2026-02-25T09:13:51Z,auth,auth_enUS_labelerexp,at://did:plc:e5wtasmqcklmu2fkwfsr63kv/app.bsky.feed.post/3mfo62ueias2k,0,0,0,0
a4373d3f3b5244f6892d430622621f69,2026-02-25T09:00:00Z,2026-02-25T09:13:51Z,auth,auth_enUS_labelerexp,at://did:plc:obmbaz6resyaob3epuuylyqf/app.bsky.feed.post/3mfo5zfyt3e2i,0,0,0,0
a4373d3f3b5244f6892d430622621f69,2026-02-25T09:00:00Z,2026-02-25T09:13:51Z,auth,auth_enUS_labelerexp,at://did:plc:obmbaz6resyaob3epuuylyqf/app.bsky.feed.post/3mfo5z4wupd22,0,0,0,0
a4373d3f3b5244f6892d430622621f69,2026-02-25T09:00:00Z,2026-02-25T09:13:51Z,auth,auth_enUS_labelerexp,at://did:plc:obmbaz6resyaob3epuuylyqf/app.bsky.feed.post/3mfo5yttyso2s,0,0,0,0
a4373d3f3b5244f6892d430622621f69,2026-02-25T09:00:00Z,2026-02-25T09:13:51Z,auth,auth_enUS_labelerexp,at://did:plc:obmbaz6resyaob3epuuylyqf/app.bsky.feed.post/3mfo5yjoh5s2r,0,0,1,0
a4373d3f3b5244f6892d430622621f69,2026-02-25T09:00:00Z,2026-02-25T09:13:51Z,auth,auth_enUS_labelerexp,at://did:plc:p4le4ihlorgk6brrzkymopg2/app.bsky.feed.post/3mfo5xlvpis26,1,0,0,0
a4373d3f3b5244f6892d430622621f69,2026-02-25T09:00:00Z,2026-02-25T09:13:51Z,auth,auth_enUS_labelerexp,at://did:plc:nu3fzyzlubjhhvck6znioopl/app.bsky.feed.post/3mfo5xjyw6s2y,2,0,0,0
a4373d3f3b5244f6892d430622621f69,2026-02-25T09:00:00Z,2026-02-25T09:13:51Z,auth,auth_enUS_labelerexp,at://did:plc:owkpxt5kmz3jaw2zeh24tqw7/app.bsky.feed.post/3mfo5wnboo52d,3,0,0,0
a4373d3f3b5244f6892d430622621f69,2026-02-25T09:00:00Z,2026-02-25T09:13:51Z,auth,auth_enUS_labelerexp,at://did:plc:rz2wmcvf7z6qcnamygs5lgfx/app.bsky.feed.post/3mfo5w6xd6k2g,0,0,0,0
a4373d3f3b5244f6892d430622621f69,2026-02-25T09:00:00Z,2026-02-25T09:13:51Z,auth,auth_enUS_labelerexp,at://did:plc:ujo4vqwy5hm6fqh5a2dyujyt/app.bsky.feed.post/3mfo5sjnutc2z,7,0,1,0
a4373d3f3b5244f6892d430622621f69,2026-02-25T09:00:00Z,2026-02-25T09:13:51Z,auth,auth_enUS_labelerexp,at://did:plc:ibrzulais7posjh6dwwghjby/app.bsky.feed.post/3mfo5qc6ub226,9,0,0,0
a4373d3f3b5244f6892d430622621f69,2026-02-25T09:00:00Z,2026-02-25T09:13:51Z,auth,auth_enUS_labelerexp,at://did:plc:p4le4ihlorgk6brrzkymopg2/app.bsky.feed.post/3mfo5jnzrbs26,1,0,0,0
a4373d3f3b5244f6892d430622621f69,2026-02-25T09:00:00Z,2026-02-25T09:13:51Z,auth,auth_enUS_labelerexp,at://did:plc:nm5rcnhwy3xnw2hj4amysgzt/app.bsky.feed.post/3mfo5glj2ks23,7,0,1,0
a4373d3f3b5244f6892d430622621f69,2026-02-25T09:00:00Z,2026-02-25T09:13:51Z,auth,auth_enUS_labelerexp,at://did:plc:bii5noq6xprxvtfdbs4cmjyu/app.bsky.feed.post/3mfo5f7jtcs2h,0,0,0,0
a4373d3f3b5244f6892d430622621f69,2026-02-25T09:00:00Z,2026-02-25T09:13:51Z,auth,auth_enUS_labelerexp,at://did:plc:pnnsbvae544qgww45fgmnn4r/app.bsky.feed.post/3mfo5e7brwc2r,3,0,0,0
a4373d3f3b5244f6892d430622621f69,2026-02-25T09:00:00Z,2026-02-25T09:13:51Z,auth,auth_enUS_labelerexp,at://did:plc:vir2cjmgfemthht3zv4jde4l/app.bsky.feed.post/3mfo5c7u5ok2u,5,0,0,0
a4373d3f3b5244f6892d430622621f69,2026-02-25T09:00:00Z,2026-02-25T09:13:51Z,auth,auth_enUS_labelerexp,at://did:plc:otbhq5lmpmmfqwowy6uj665d/app.bsky.feed.post/3mfo57xo2tc27,1,0,0,0
a4373d3f3b5244f6892d430622621f69,2026-02-25T09:00:00Z,2026-02-25T09:13:51Z,auth,auth_enUS_labelerexp,at://did:plc:yv4oqqwhkatfgiqexiy7dws3/app.bsky.feed.post/3mfo56ivrxs2z,5,0,0,0
a4373d3f3b5244f6892d430622621f69,2026-02-25T09:00:00Z,2026-02-25T09:13:51Z,auth,auth_enUS_labelerexp,at://did:plc:sw5bcdco4zh7risq556hdr7x/app.bsky.feed.post/3mfo4xmm6m72y,1,0,0,0
a4373d3f3b5244f6892d430622621f69,2026-02-25T09:00:00Z,2026-02-25T09:13:51Z,auth,auth_enUS_labelerexp,at://did:plc:cfflfguarxrhuolm2tknniyb/app.bsky.feed.post/3mfo4t57qy22q,0,0,0,0
a4373d3f3b5244f6892d430622621f69,2026-02-25T09:00:00Z,2026-02-25T09:13:51Z,auth,auth_enUS_labelerexp,at://did:plc:pnnsbvae544qgww45fgmnn4r/app.bsky.feed.post/3mfo4s3zonk2d,3,0,0,0
a4373d3f3b5244f6892d430622621f69,2026-02-25T09:00:00Z,2026-02-25T09:13:51Z,auth,auth_enUS_labelerexp,at://did:plc:cfflfguarxrhuolm2tknniyb/app.bsky.feed.post/3mfo4rxw6nc2q,0,0,0,0
a4373d3f3b5244f6892d430622621f69,2026-02-25T09:00:00Z,2026-02-25T09:13:51Z,auth,auth_enUS_labelerexp,at://did:plc:sizchsjx46cb57fhbcwtjzfz/app.bsky.feed.post/3mfo4nws6z22g,32,0,0,0
a4373d3f3b5244f6892d430622621f69,2026-02-25T09:00:00Z,2026-02-25T09:13:51Z,auth,auth_enUS_labelerexp,at://did:plc:ffmeeq3ak4dpcz656tly3rsd/app.bsky.feed.post/3mfo4hwjai224,15,0,6,0
a4373d3f3b5244f6892d430622621f69,2026-02-25T09:00:00Z,2026-02-25T09:13:51Z,auth,auth_enUS_labelerexp,at://did:plc:wr2jndwnsddzn6yl4xfft5on/app.bsky.feed.post/3mfo4gbjsl224,5,0,1,0
a4373d3f3b5244f6892d430622621f69,2026-02-25T09:00:00Z,2026-02-25T09:13:51Z,auth,auth_enUS_labelerexp,at://did:plc:yn3lggz4vcabiny6l3kdkofn/app.bsky.feed.post/3mfo4dgu43c2t,3,0,0,0
a4373d3f3b5244f6892d430622621f69,2026-02-25T09:00:00Z,2026-02-25T09:13:51Z,auth,auth_enUS_labelerexp,at://did:plc:efzlqpx4mvox2knj7eo2mxji/app.bsky.feed.post/3mfo4bwnpla2l,2,0,0,0
a4373d3f3b5244f6892d430622621f69,2026-02-25T09:00:00Z,2026-02-25T09:13:51Z,auth,auth_enUS_labelerexp,at://did:plc:7unoadd7bw2lb43lbwoq3vay/app.bsky.feed.post/3mfo4bxsdj22n,3,0,1,0
a4373d3f3b5244f6892d430622621f69,2026-02-25T09:00:00Z,2026-02-25T09:13:51Z,auth,auth_enUS_labelerexp,at://did:plc:5555q7otoiw4oupep3efsseb/app.bsky.feed.post/3mfo4baoqvn2d,1,0,0,0
a4373d3f3b5244f6892d430622621f69,2026-02-25T09:00:00Z,2026-02-25T09:13:51Z,auth,auth_enUS_labelerexp,at://did:plc:qorxlxf32kpe75cbx5aweejf/app.bsky.feed.post/3mfo4az5whk2r,4,0,0,0
a4373d3f3b5244f6892d430622621f69,2026-02-25T09:00:00Z,2026-02-25T09:13:51Z,auth,auth_enUS_labelerexp,at://did:plc:v5qpff2cq75nohcp7vtvlyim/app.bsky.feed.post/3mfo4acazdk2n,10,0,0,0
a4373d3f3b5244f6892d430622621f69,2026-02-25T09:00:00Z,2026-02-25T09:13:51Z,auth,auth_enUS_labelerexp,at://did:plc:knjinwhpqp3dx76hn4yym5g2/app.bsky.feed.post/3mfo47am7dc2j,3,0,0,0
a4373d3f3b5244f6892d430622621f69,2026-02-25T09:00:00Z,2026-02-25T09:13:51Z,auth,auth_enUS_labelerexp,at://did:plc:yxr57oeaa4ns6rgt34boaasq/app.bsky.feed.post/3mfo44prrpc2i,1,0,1,0
a4373d3f3b5244f6892d430622621f69,2026-02-25T09:00:00Z,2026-02-25T09:13:51Z,auth,auth_enUS_labelerexp,at://did:plc:klvu5ufag62uz7otmg64fwju/app.bsky.feed.post/3mfo4326yns2m,14,0,1,0
a4373d3f3b5244f6892d430622621f69,2026-02-25T09:00:00Z,2026-02-25T09:13:51Z,auth,auth_enUS_labelerexp,at://did:plc:uaqrbgd3lq63dlwfffck4elv/app.bsky.feed.post/3mfo3vngubc2c,18,5,1,0
a4373d3f3b5244f6892d430622621f69,2026-02-25T09:00:00Z,2026-02-25T09:13:51Z,auth,auth_enUS_labelerexp,at://did:plc:ozqybxzak7nyqjwxql7e3hjc/app.bsky.feed.post/3mfo3sr6kn227,10,0,1,0
a4373d3f3b5244f6892d430622621f69,2026-02-25T09:00:00Z,2026-02-25T09:13:51Z,auth,auth_enUS_labelerexp,at://did:plc:7gz3kusqae2e5f7fzbz4q6bu/app.bsky.feed.post/3mfo3rlz63k2v,4,0,1,0
a4373d3f3b5244f6892d430622621f69,2026-02-25T09:00:00Z,2026-02-25T09:13:53Z,auth,auth_enUS_labelerexp,at://did:plc:geoqe3qls5mwezckxxsewys2/app.bsky.feed.post/3lfqhgvxbqc2q,988,127,4,21
a4373d3f3b5244f6892d430622621f69,2026-02-25T09:00:00Z,2026-02-25T09:13:53Z,auth,auth_enUS_labelerexp,at://did:plc:7oslqf554gyvd5523tkdzy3c/app.bsky.feed.post/3mfoafi63oc2n,2,0,0,0
a4373d3f3b5244f6892d430622621f69,2026-02-25T09:00:00Z,2026-02-25T09:13:53Z,auth,auth_enUS_labelerexp,at://did:plc:bt2tifw6y3ynitrbrm3ahvxd/app.bsky.feed.post/3mfnxyjcxks2k,6,0,0,0
a4373d3f3b5244f6892d430622621f69,2026-02-25T09:00:00Z,2026-02-25T09:13:53Z,auth,auth_enUS_labelerexp,at://did:plc:kyh7aam2xbolypwlqwb6af6h/app.bsky.feed.post/3mfnrecq6222t,15,1,0,0
a4373d3f3b5244f6892d430622621f69,2026-02-25T09:00:00Z,2026-02-25T09:13:53Z,auth,auth_enUS_labelerexp,at://did:plc:to23nv4ciucjgrf4a4kyrmzf/app.bsky.feed.post/3mfnn64l67s2v,15,2,1,1
a4373d3f3b5244f6892d430622621f69,2026-02-25T09:00:00Z,2026-02-25T09:13:53Z,auth,auth_enUS_labelerexp,at://did:plc:geoqe3qls5mwezckxxsewys2/app.bsky.feed.post/3lgm44pm5ss2m,45,6,1,0
a4373d3f3b5244f6892d430622621f69,2026-02-25T09:00:00Z,2026-02-25T09:13:53Z,auth,auth_enUS_labelerexp,at://did:plc:kck462ipzrvilv5hknlbdojm/app.bsky.feed.post/3mfnmpoyttc2a,14,1,1,0
a4373d3f3b5244f6892d430622621f69,2026-02-25T09:00:00Z,2026-02-25T09:13:53Z,auth,auth_enUS_labelerexp,at://did:plc:4pgigj2tzszcyqizkddxlqrh/app.bsky.feed.post/3mfniuzzm2c27,42,3,5,0
a4373d3f3b5244f6892d430622621f69,2026-02-25T09:00:00Z,2026-02-25T09:13:53Z,auth,auth_enUS_labelerexp,at://did:plc:xzyagfnmpoxle6n6lk6iq3bp/app.bsky.feed.post/3mfnibnpwls2r,23,2,0,0
a4373d3f3b5244f6892d430622621f69,2026-02-25T09:00:00Z,2026-02-25T09:13:53Z,auth,auth_enUS_labelerexp,at://did:plc:6bzpwjup4ywnzvy5llv7j6n3/app.bsky.feed.post/3mfnhn33q4k2y,23,1,1,0
a4373d3f3b5244f6892d430622621f69,2026-02-25T09:00:00Z,2026-02-25T09:13:53Z,auth,auth_enUS_labelerexp,at://did:plc:d2x34lnmoifsu6s3cbhua7fo/app.bsky.feed.post/3mfnh34hgdk2g,21,2,2,0
a4373d3f3b5244f6892d430622621f69,2026-02-25T09:00:00Z,2026-02-25T09:13:53Z,auth,auth_enUS_labelerexp,at://did:plc:jsyvlelqdcugzjw3qhbrsu3x/app.bsky.feed.post/3mfngyc2ttk2q,37,4,6,0
a4373d3f3b5244f6892d430622621f69,2026-02-25T09:00:00Z,2026-02-25T09:13:53Z,auth,auth_enUS_labelerexp,at://did:plc:xcbnex4tdl2fa3bjopeviia2/app.bsky.feed.post/3mfne2z4lu22r,59,1,2,0
a4373d3f3b5244f6892d430622621f69,2026-02-25T09:00:00Z,2026-02-25T09:13:53Z,auth,auth_enUS_labelerexp,at://did:plc:csd2w7hrsk37vpuxmsrk7sua/app.bsky.feed.post/3mfnaiggles22,11,1,0,0
a4373d3f3b5244f6892d430622621f69,2026-02-25T09:00:00Z,2026-02-25T09:13:53Z,auth,auth_enUS_labelerexp,at://did:plc:i3osk4m64s7y6ptucbvleupp/app.bsky.feed.post/3mfn5acoijs2d,17,0,1,0
a4373d3f3b5244f6892d430622621f69,2026-02-25T09:00:00Z,2026-02-25T09:13:53Z,auth,auth_enUS_labelerexp,at://did:plc:jhnrnmgfj3gj3g3handk75ns/app.bsky.feed.post/3mfn46nbkss2p,19,2,3,0
a4373d3f3b5244f6892d430622621f69,2026-02-25T09:00:00Z,2026-02-25T09:13:53Z,auth,auth_enUS_labelerexp,at://did:plc:vivdsh7kvkb4iqiwcjt4odvx/app.bsky.feed.post/3mfmzb5aaa22x,27,0,1,0
a4373d3f3b5244f6892d430622621f69,2026-02-25T09:00:00Z,2026-02-25T09:13:53Z,auth,auth_enUS_labelerexp,at://did:plc:5t5iwhhbfoggocteqyusnlg3/app.bsky.feed.post/3mfmwf6necs2r,11,1,3,0
a4373d3f3b5244f6892d430622621f69,2026-02-25T09:00:00Z,2026-02-25T09:13:53Z,auth,auth_enUS_labelerexp,at://did:plc:55qpdw6ezqi2cmehvuakn57e/app.bsky.feed.post/3mfmuhn5wcs2e,13,0,1,0
a4373d3f3b5244f6892d430622621f69,2026-02-25T09:00:00Z,2026-02-25T09:13:53Z,auth,auth_enUS_labelerexp,at://did:plc:qqfw2vv6eodtvpcbjkrtrp7d/app.bsky.feed.post/3mfmsc2rqtk2e,31,3,1,0
a4373d3f3b5244f6892d430622621f69,2026-02-25T09:00:00Z,2026-02-25T09:13:53Z,auth,auth_enUS_labelerexp,at://did:plc:lmmomempab464ondyiko2fsl/app.bsky.feed.post/3mfmpl5orxs2g,50,6,6,0
a4373d3f3b5244f6892d430622621f69,2026-02-25T09:00:00Z,2026-02-25T09:13:53Z,auth,auth_enUS_labelerexp,at://did:plc:32glt5uymutiopkwu753i6k2/app.bsky.feed.post/3mfmpjwd2h22s,21,1,0,0
a4373d3f3b5244f6892d430622621f69,2026-02-25T09:00:00Z,2026-02-25T09:13:53Z,auth,auth_enUS_labelerexp,at://did:plc:5t5iwhhbfoggocteqyusnlg3/app.bsky.feed.post/3mfmo2pwews2l,19,2,2,0
a4373d3f3b5244f6892d430622621f69,2026-02-25T09:00:00Z,2026-02-25T09:13:53Z,auth,auth_enUS_labelerexp,at://did:plc:6bzpwjup4ywnzvy5llv7j6n3/app.bsky.feed.post/3mfmnkvc7us2u,50,2,3,0
a4373d3f3b5244f6892d430622621f69,2026-02-25T09:00:00Z,2026-02-25T09:13:53Z,auth,auth_enUS_labelerexp,at://did:plc:t76tfuv5ytmhjejeuuos5mmd/app.bsky.feed.post/3mfmlvlgvwk2h,17,2,0,0
a4373d3f3b5244f6892d430622621f69,2026-02-25T09:00:00Z,2026-02-25T09:13:53Z,auth,auth_enUS_labelerexp,at://did:plc:5t5iwhhbfoggocteqyusnlg3/app.bsky.feed.post/3mfmkgl4cf22i,18,3,2,0
a4373d3f3b5244f6892d430622621f69,2026-02-25T09:00:00Z,2026-02-25T09:13:53Z,auth,auth_enUS_labelerexp,at://did:plc:gcnrnyiufrle5ib3fomv3o35/app.bsky.feed.post/3mfmivj2t4b2m,13,2,1,0
a4373d3f3b5244f6892d430622621f69,2026-02-25T09:00:00Z,2026-02-25T09:13:53Z,auth,auth_enUS_labelerexp,at://did:plc:cexmdeyf573ukvvbloc3nmud/app.bsky.feed.post/3mfmiqtgcgc2g,59,5,12,0
a4373d3f3b5244f6892d430622621f69,2026-02-25T09:00:00Z,2026-02-25T09:13:53Z,auth,auth_enUS_labelerexp,at://did:plc:ntzngpqzp545fligvy2tbobv/app.bsky.feed.post/3mfmgzicpbs23,10,0,0,0
a4373d3f3b5244f6892d430622621f69,2026-02-25T09:00:00Z,2026-02-25T09:13:53Z,auth,auth_enUS_labelerexp,at://did:plc:ksmzswa3mmubtdxndbtcbkqz/app.bsky.feed.post/3mfmamt5lgs22,6,0,0,0
a4373d3f3b5244f6892d430622621f69,2026-02-25T09:00:00Z,2026-02-25T09:13:53Z,auth,auth_enUS_labelerexp,at://did:plc:3ciofzdn6kxemhbroojhkndi/app.bsky.feed.post/3mfmabcxf622d,39,1,12,0
a4373d3f3b5244f6892d430622621f69,2026-02-25T09:00:00Z,2026-02-25T09:13:53Z,auth,auth_enUS_labelerexp,at://did:plc:gcnrnyiufrle5ib3fomv3o35/app.bsky.feed.post/3mfm35mnvru2p,19,3,0,0
a4373d3f3b5244f6892d430622621f69,2026-02-25T09:00:00Z,2026-02-25T09:13:53Z,auth,auth_enUS_labelerexp,at://did:plc:svnlo3ehm4lpabxlwaifnc64/app.bsky.feed.post/3mflr2blp422h,37,1,4,0
a4373d3f3b5244f6892d430622621f69,2026-02-25T09:00:00Z,2026-02-25T09:13:53Z,auth,auth_enUS_labelerexp,at://did:plc:7oslqf554gyvd5523tkdzy3c/app.bsky.feed.post/3mflppnfofc24,29,1,4,0
a4373d3f3b5244f6892d430622621f69,2026-02-25T09:00:00Z,2026-02-25T09:13:53Z,auth,auth_enUS_labelerexp,at://did:plc:oqdm6rj6rjcbsr557bxr2iea/app.bsky.feed.post/3mflkkojuuk2a,16,0,1,0
a4373d3f3b5244f6892d430622621f69,2026-02-25T09:00:00Z,2026-02-25T09:13:53Z,auth,auth_enUS_labelerexp,at://did:plc:xcbnex4tdl2fa3bjopeviia2/app.bsky.feed.post/3mflgkpflus2j,64,0,0,0
a4373d3f3b5244f6892d430622621f69,2026-02-25T09:00:00Z,2026-02-25T09:13:53Z,auth,auth_enUS_labelerexp,at://did:plc:y5zrpzm7st75zfhtua2hu7bt/app.bsky.feed.post/3mflboglxks2x,43,1,6,0
a4373d3f3b5244f6892d430622621f69,2026-02-25T09:00:00Z,2026-02-25T09:13:53Z,auth,auth_enUS_labelerexp,at://did:plc:d2x34lnmoifsu6s3cbhua7fo/app.bsky.feed.post/3mflb6p4aek2x,28,0,1,0
a4373d3f3b5244f6892d430622621f69,2026-02-25T09:00:00Z,2026-02-25T09:13:53Z,auth,auth_enUS_labelerexp,at://did:plc:kjcolfndogii5nv7gpapvit3/app.bsky.feed.post/3mfl5ljc3ys24,47,0,6,0
a4373d3f3b5244f6892d430622621f69,2026-02-25T09:00:00Z,2026-02-25T09:13:53Z,auth,auth_enUS_labelerexp,at://did:plc:4pgigj2tzszcyqizkddxlqrh/app.bsky.feed.post/3mfl4g5i5b224,27,1,1,0
a4373d3f3b5244f6892d430622621f69,2026-02-25T09:00:00Z,2026-02-25T09:13:53Z,auth,auth_enUS_labelerexp,at://did:plc:kjcolfndogii5nv7gpapvit3/app.bsky.feed.post/3mfl2ttit3s2c,41,0,2,1
a4373d3f3b5244f6892d430622621f69,2026-02-25T09:00:00Z,2026-02-25T09:13:53Z,auth,auth_enUS_labelerexp,at://did:plc:easf4ri5rfbtj4btigebd4by/app.bsky.feed.post/3mfl2izwqp22i,13,1,3,0
a4373d3f3b5244f6892d430622621f69,2026-02-25T09:00:00Z,2026-02-25T09:13:53Z,auth,auth_enUS_labelerexp,at://did:plc:easf4ri5rfbtj4btigebd4by/app.bsky.feed.post/3mfl2ggez4s2i,20,1,2,0
a4373d3f3b5244f6892d430622621f69,2026-02-25T09:00:00Z,2026-02-25T09:13:53Z,auth,auth_enUS_labelerexp,at://did:plc:vjbqg5sftm2jfxtnphhz52ua/app.bsky.feed.post/3mfl22h6rjk2l,33,0,4,0
a4373d3f3b5244f6892d430622621f69,2026-02-25T09:00:00Z,2026-02-25T09:13:53Z,auth,auth_enUS_labelerexp,at://did:plc:gft4omwk2w4fzpazuav6ck7j/app.bsky.feed.post/3mfkzfz74xc2t,20,1,4,0
a4373d3f3b5244f6892d430622621f69,2026-02-25T09:00:00Z,2026-02-25T09:13:53Z,auth,auth_enUS_labelerexp,at://did:plc:ecbny4wi64bpxywyjubp7jos/app.bsky.feed.post/3mfky4yvvqs2q,23,1,1,0
a4373d3f3b5244f6892d430622621f69,2026-02-25T09:00:00Z,2026-02-25T09:13:53Z,auth,auth_enUS_labelerexp,at://did:plc:jsyvlelqdcugzjw3qhbrsu3x/app.bsky.feed.post/3mfkxrfedwk2d,37,1,3,0
a4373d3f3b5244f6892d430622621f69,2026-02-25T09:00:00Z,2026-02-25T09:13:53Z,auth,auth_enUS_labelerexp,at://did:plc:d2x34lnmoifsu6s3cbhua7fo/app.bsky.feed.post/3mfkv6luzjk26,30,1,3,0
a4373d3f3b5244f6892d430622621f69,2026-02-25T09:00:00Z,2026-02-25T09:13:53Z,auth,auth_enUS_labelerexp,at://did:plc:vwatmhswztvhjf63v36gepvi/app.bsky.feed.post/3mfkrq65mj22p,8,0,1,0
a4373d3f3b5244f6892d430622621f69,2026-02-25T09:00:00Z,2026-02-25T09:13:53Z,auth,auth_enUS_labelerexp,at://did:plc:qqfw2vv6eodtvpcbjkrtrp7d/app.bsky.feed.post/3mfkrhmqlr22n,29,1,3,0
a4373d3f3b5244f6892d430622621f69,2026-02-25T09:00:00Z,2026-02-25T09:13:54Z,auth,auth_enUS_labelerexp,at://did:plc:xy2zorw2ys47poflotxthlzg/app.bsky.feed.post/3lu35ltq7tx2q,1693,239,55,37
a4373d3f3b5244f6892d430622621f69,2026-02-25T09:00:00Z,2026-02-25T09:13:54Z,auth,auth_enUS_labelerexp,at://did:plc:yh5kl53hwy7rhahgcsuyef5a/app.bsky.feed.post/3mfod6cnbz224,0,0,0,0
a4373d3f3b5244f6892d430622621f69,2026-02-25T09:00:00Z,2026-02-25T09:13:54Z,auth,auth_enUS_labelerexp,at://did:plc:jyvrkuonprdldhea57a2xftp/app.bsky.feed.post/3mfob4j6ksc2t,1,1,0,0
a4373d3f3b5244f6892d430622621f69,2026-02-25T09:00:00Z,2026-02-25T09:13:54Z,auth,auth_enUS_labelerexp,at://did:plc:aojax3kwq2vkw7gl7fwe6wqb/app.bsky.feed.post/3mfoajhsazs2u,15,1,0,1
a4373d3f3b5244f6892d430622621f69,2026-02-25T09:00:00Z,2026-02-25T09:13:54Z,auth,auth_enUS_labelerexp,at://did:plc:cdhcjy5vbqinqayd2cicdv73/app.bsky.feed.post/3mfoad4v2sk2q,4,0,0,0
a4373d3f3b5244f6892d430622621f69,2026-02-25T09:00:00Z,2026-02-25T09:13:54Z,auth,auth_enUS_labelerexp,at://did:plc:btzjjptgouva43ko4ip5pl67/app.bsky.feed.post/3mfoa6lrzns3s,26,4,0,1
a4373d3f3b5244f6892d430622621f69,2026-02-25T09:00:00Z,2026-02-25T09:13:54Z,auth,auth_enUS_labelerexp,at://did:plc:jcoy7v3a2t4rcfdh6i4kza25/app.bsky.feed.post/3mfoa3z5ues23,4,0,0,0
a4373d3f3b5244f6892d430622621f69,2026-02-25T09:00:00Z,2026-02-25T09:13:54Z,auth,auth_enUS_labelerexp,at://did:plc:yh5kl53hwy7rhahgcsuyef5a/app.bsky.feed.post/3mfo5iyufis2z,30,2,2,0
a4373d3f3b5244f6892d430622621f69,2026-02-25T09:00:00Z,2026-02-25T09:13:54Z,auth,auth_enUS_labelerexp,at://did:plc:bd6wchrwlzw4j24wfmrc6u3i/app.bsky.feed.post/3mfo54py5y223,8,1,0,0
a4373d3f3b5244f6892d430622621f69,2026-02-25T09:00:00Z,2026-02-25T09:13:54Z,auth,auth_enUS_labelerexp,at://did:plc:y7uboy4qx4vi6al2uoonqkb2/app.bsky.feed.post/3mfo2zgcetk2t,2,0,0,0
a4373d3f3b5244f6892d430622621f69,2026-02-25T09:00:00Z,2026-02-25T09:13:54Z,auth,auth_enUS_labelerexp,at://did:plc:3gacealyzasdazeahg47binn/app.bsky.feed.post/3mfnvuegh5c2b,99,9,0,0
a4373d3f3b5244f6892d430622621f69,2026-02-25T09:00:00Z,2026-02-25T09:13:54Z,auth,auth_enUS_labelerexp,at://did:plc:53ij6oh22zkhv6se52v2nm7r/app.bsky.feed.post/3mfnqdj54v227,4,0,0,0
a4373d3f3b5244f6892d430622621f69,2026-02-25T09:00:00Z,2026-02-25T09:13:54Z,auth,auth_enUS_labelerexp,at://did:plc:ypf46tvmlk77b2x4coe3ceir/app.bsky.feed.post/3mfnoam73ls2u,16,2,0,0
a4373d3f3b5244f6892d430622621f69,2026-02-25T09:00:00Z,2026-02-25T09:13:54Z,auth,auth_enUS_labelerexp,at://did:plc:3onxpfju7s54whvncinjcywc/app.bsky.feed.post/3mfnntrittk2y,3,0,0,0
a4373d3f3b5244f6892d430622621f69,2026-02-25T09:00:00Z,2026-02-25T09:13:54Z,auth,auth_enUS_labelerexp,at://did:plc:mguqwlw5rfnouktptbhypc44/app.bsky.feed.post/3mfnlan2lws23,20,4,0,0
a4373d3f3b5244f6892d430622621f69,2026-02-25T09:00:00Z,2026-02-25T09:13:54Z,auth,auth_enUS_labelerexp,at://did:plc:uoqgkywdxyzj6x7m6itwo5q3/app.bsky.feed.post/3mfnhxk2xmb2a,53,12,3,2
a4373d3f3b5244f6892d430622621f69,2026-02-25T09:00:00Z,2026-02-25T09:13:54Z,auth,auth_enUS_labelerexp,at://did:plc:ng5oirkcsk3g2nlaatz2bdkr/app.bsky.feed.post/3mfnhqmnt522b,16,8,1,0
a4373d3f3b5244f6892d430622621f69,2026-02-25T09:00:00Z,2026-02-25T09:13:54Z,auth,auth_enUS_labelerexp,at://did:plc:rthnhfegfzlhlreq6lsxyeia/app.bsky.feed.post/3mfnfnedqgk2x,6,1,0,0
a4373d3f3b5244f6892d430622621f69,2026-02-25T09:00:00Z,2026-02-25T09:13:54Z,auth,auth_enUS_labelerexp,at://did:plc:egpjeq4etdp6pkxqutll5wsd/app.bsky.feed.post/3mfnetmtr5b2f,23,4,1,0
a4373d3f3b5244f6892d430622621f69,2026-02-25T09:00:00Z,2026-02-25T09:13:54Z,auth,auth_enUS_labelerexp,at://did:plc:mspg53rhq553n65o5fa7gyrf/app.bsky.feed.post/3mfnedihs5s2q,41,7,3,1
a4373d3f3b5244f6892d430622621f69,2026-02-25T09:00:00Z,2026-02-25T09:13:54Z,auth,auth_enUS_labelerexp,at://did:plc:cdhcjy5vbqinqayd2cicdv73/app.bsky.feed.post/3mfndevsqnk2y,18,4,0,0
a4373d3f3b5244f6892d430622621f69,2026-02-25T09:00:00Z,2026-02-25T09:13:54Z,auth,auth_enUS_labelerexp,at://did:plc:rsmaszzytumzoqb2fgl6xzsf/app.bsky.feed.post/3mfnbipmvjc2d,8,0,0,0
a4373d3f3b5244f6892d430622621f69,2026-02-25T09:00:00Z,2026-02-25T09:13:54Z,auth,auth_enUS_labelerexp,at://did:plc:ennzd6hkofwk5plhapacj2hg/app.bsky.feed.post/3mfn4qrbgtc2n,34,11,0,0
a4373d3f3b5244f6892d430622621f69,2026-02-25T09:00:00Z,2026-02-25T09:13:54Z,auth,auth_enUS_labelerexp,at://did:plc:snaepaui3utn5jyqemxwzbdc/app.bsky.feed.post/3mfn4luglcs2v,9,0,0,0
a4373d3f3b5244f6892d430622621f69,2026-02-25T09:00:00Z,2026-02-25T09:13:54Z,auth,auth_enUS_labelerexp,at://did:plc:lpbwqz6vob2472iyra6usdm7/app.bsky.feed.post/3mfn3wkdbok2v,13,2,0,0
a4373d3f3b5244f6892d430622621f69,2026-02-25T09:00:00Z,2026-02-25T09:13:54Z,auth,auth_enUS_labelerexp,at://did:plc:tbo4hkau3p2itkar2vsnb3gp/app.bsky.feed.post/3mfn2vsbctk2p,41,10,2,0
a4373d3f3b5244f6892d430622621f69,2026-02-25T09:00:00Z,2026-02-25T09:13:54Z,auth,auth_enUS_labelerexp,at://did:plc:w5nopjifa4o4zoltlvszqjlm/app.bsky.feed.post/3mfn2l2ez5c2l,6,1,0,0
a4373d3f3b5244f6892d430622621f69,2026-02-25T09:00:00Z,2026-02-25T09:13:54Z,auth,auth_enUS_labelerexp,at://did:plc:aojax3kwq2vkw7gl7fwe6wqb/app.bsky.feed.post/3mfn2kicndc2b,169,12,1,0
a4373d3f3b5244f6892d430622621f69,2026-02-25T09:00:00Z,2026-02-25T09:13:54Z,auth,auth_enUS_labelerexp,at://did:plc:3kkxx4l2sjrjjc5odv4sxzqh/app.bsky.feed.post/3mfmz3tzmnk2b,307,88,14,12
a4373d3f3b5244f6892d430622621f69,2026-02-25T09:00:00Z,2026-02-25T09:13:54Z,auth,auth_enUS_labelerexp,at://did:plc:f2aptnilt6lrru5el7itmdhf/app.bsky.feed.post/3mfmyx3e3qc27,24,4,0,0
a4373d3f3b5244f6892d430622621f69,2026-02-25T09:00:00Z,2026-02-25T09:13:54Z,auth,auth_enUS_labelerexp,at://did:plc:tsftwuh54xxddusxk2esmxi7/app.bsky.feed.post/3mfmyozcpfs2l,10,6,0,0
a4373d3f3b5244f6892d430622621f69,2026-02-25T09:00:00Z,2026-02-25T09:13:54Z,auth,auth_enUS_labelerexp,at://did:plc:bw3uobs6k4rx5hbn6irgvkrr/app.bsky.feed.post/3mfmyeusdm22a,2,1,0,0
a4373d3f3b5244f6892d430622621f69,2026-02-25T09:00:00Z,2026-02-25T09:13:54Z,auth,auth_enUS_labelerexp,at://did:plc:uktnkxdf7unjttltqzliyjb2/app.bsky.feed.post/3mfmxpyzzhs22,0,0,0,0
a4373d3f3b5244f6892d430622621f69,2026-02-25T09:00:00Z,2026-02-25T09:13:54Z,auth,auth_enUS_labelerexp,at://did:plc:rld36yinm6e374mmkkbcdcl6/app.bsky.feed.post/3mfmxhxjzrs2h,6,0,1,0
a4373d3f3b5244f6892d430622621f69,2026-02-25T09:00:00Z,2026-02-25T09:13:54Z,auth,auth_enUS_labelerexp,at://did:plc:zn4zmffcjdoe3tuj77ksblwg/app.bsky.feed.post/3mfmwnqknl22h,13,0,0,0
a4373d3f3b5244f6892d430622621f69,2026-02-25T09:00:00Z,2026-02-25T09:13:54Z,auth,auth_enUS_labelerexp,at://did:plc:22hfdxqdph7lcjjsyowymwpb/app.bsky.feed.post/3mfmwh5zvfk2a,1,0,0,0
a4373d3f3b5244f6892d430622621f69,2026-02-25T09:00:00Z,2026-02-25T09:13:54Z,auth,auth_enUS_labelerexp,at://did:plc:22hfdxqdph7lcjjsyowymwpb/app.bsky.feed.post/3mfmvvpjxzs2r,6,0,0,0
a4373d3f3b5244f6892d430622621f69,2026-02-25T09:00:00Z,2026-02-25T09:13:54Z,auth,auth_enUS_labelerexp,at://did:plc:s47snnm74o7i5pmpkljfbjon/app.bsky.feed.post/3mfmvlhlrlc26,42,14,2,3
a4373d3f3b5244f6892d430622621f69,2026-02-25T09:00:00Z,2026-02-25T09:13:54Z,auth,auth_enUS_labelerexp,at://did:plc:uktnkxdf7unjttltqzliyjb2/app.bsky.feed.post/3mfmvkadckc22,3,1,1,0
a4373d3f3b5244f6892d430622621f69,2026-02-25T09:00:00Z,2026-02-25T09:13:54Z,auth,auth_enUS_labelerexp,at://did:plc:wxrvnfa4ikmtf4g3zgxyxjo2/app.bsky.feed.post/3mfmv524its2v,7,1,0,0
a4373d3f3b5244f6892d430622621f69,2026-02-25T09:00:00Z,2026-02-25T09:13:54Z,auth,auth_enUS_labelerexp,at://did:plc:uktnkxdf7unjttltqzliyjb2/app.bsky.feed.post/3mfmuzoi45c22,1,0,1,0
a4373d3f3b5244f6892d430622621f69,2026-02-25T09:00:00Z,2026-02-25T09:13:54Z,auth,auth_enUS_labelerexp,at://did:plc:uktnkxdf7unjttltqzliyjb2/app.bsky.feed.post/3mfmuwnibus22,1,0,1,0
a4373d3f3b5244f6892d430622621f69,2026-02-25T09:00:00Z,2026-02-25T09:13:54Z,auth,auth_enUS_labelerexp,at://did:plc:uktnkxdf7unjttltqzliyjb2/app.bsky.feed.post/3mfmuggtbf222,0,0,1,0
a4373d3f3b5244f6892d430622621f69,2026-02-25T09:00:00Z,2026-02-25T09:13:54Z,auth,auth_enUS_labelerexp,at://did:plc:ypf46tvmlk77b2x4coe3ceir/app.bsky.feed.post/3mfmucl3jvs2s,1,0,0,0
a4373d3f3b5244f6892d430622621f69,2026-02-25T09:00:00Z,2026-02-25T09:13:54Z,auth,auth_enUS_labelerexp,at://did:plc:43ku4dc2gtcryj3hdf465ang/app.bsky.feed.post/3mfmubnkr2d24,1,0,0,0
a4373d3f3b5244f6892d430622621f69,2026-02-25T09:00:00Z,2026-02-25T09:13:54Z,auth,auth_enUS_labelerexp,at://did:plc:arxp6nz7fpxvgarudt3zqdll/app.bsky.feed.post/3mfmtwpg2bc2f,2,0,0,0
a4373d3f3b5244f6892d430622621f69,2026-02-25T09:00:00Z,2026-02-25T09:13:54Z,auth,auth_enUS_labelerexp,at://did:plc:aojax3kwq2vkw7gl7fwe6wqb/app.bsky.feed.post/3mfmtvorgjs2b,25,5,0,0
a4373d3f3b5244f6892d430622621f69,2026-02-25T09:00:00Z,2026-02-25T09:13:54Z,auth,auth_enUS_labelerexp,at://did:plc:5odp2okktic3ychbdqiw3kxi/app.bsky.feed.post/3mfmtc7ehds2i,238,40,7,7
a4373d3f3b5244f6892d430622621f69,2026-02-25T09:00:00Z,2026-02-25T09:13:54Z,auth,auth_enUS_labelerexp,at://did:plc:yckf47lcsg74nvdrsbcqypst/app.bsky.feed.post/3mfmt3ksxv226,11,3,0,0
a4373d3f3b5244f6892d430622621f69,2026-02-25T09:00:00Z,2026-02-25T09:13:54Z,auth,auth_enUS_labelerexp,at://did:plc:kmz2drpglruwrvrtitthyw43/app.bsky.feed.post/3mfmsd3usic2q,5,1,0,0
a4373d3f3b5244f6892d430622621f69,2026-02-25T09:00:00Z,2026-02-25T09:13:56Z,auth,auth_enUS_labelerexp,at://did:plc:bmarnzj3houwlhnm53avpqnq/app.bsky.feed.post/3lbf2rghjlk22,838,166,33,22
a4373d3f3b5244f6892d430622621f69,2026-02-25T09:00:00Z,2026-02-25T09:13:56Z,auth,auth_enUS_labelerexp,at://did:plc:xvg37a5blghdmjbefpugi35r/app.bsky.feed.post/3mfodbclf6c2f,1,1,2,0
a4373d3f3b5244f6892d430622621f69,2026-02-25T09:00:00Z,2026-02-25T09:13:56Z,auth,auth_enUS_labelerexp,at://did:plc:5ogiyikxskd47dwfnr76euqf/app.bsky.feed.post/3mfocfffh4226,0,0,0,0
a4373d3f3b5244f6892d430622621f69,2026-02-25T09:00:00Z,2026-02-25T09:13:56Z,auth,auth_enUS_labelerexp,at://did:plc:vwtxm2wxat2a4p67ayuz75c7/app.bsky.feed.post/3mfoccr24vh2j,0,0,0,0
a4373d3f3b5244f6892d430622621f69,2026-02-25T09:00:00Z,2026-02-25T09:13:56Z,auth,auth_enUS_labelerexp,at://did:plc:vwtxm2wxat2a4p67ayuz75c7/app.bsky.feed.post/3mfoccr24vh2j,0,0,0,0
a4373d3f3b5244f6892d430622621f69,2026-02-25T09:00:00Z,2026-02-25T09:13:56Z,auth,auth_enUS_labelerexp,at://did:plc:vwtxm2wxat2a4p67ayuz75c7/app.bsky.feed.post/3mfoccr24vh2j,0,0,0,0
a4373d3f3b5244f6892d430622621f69,2026-02-25T09:00:00Z,2026-02-25T09:13:56Z,auth,auth_enUS_labelerexp,at://did:plc:hf7trvvl2b5cfavrceaczzzq/app.bsky.feed.post/3mfoc3qxytk2v,0,0,0,0
a4373d3f3b5244f6892d430622621f69,2026-02-25T09:00:00Z,2026-02-25T09:13:56Z,auth,auth_enUS_labelerexp,at://did:plc:tk2ribl7ehbd6gkvxjdd4ei2/app.bsky.feed.post/3mfobdpotss27,0,0,0,0
a4373d3f3b5244f6892d430622621f69,2026-02-25T09:00:00Z,2026-02-25T09:13:56Z,auth,auth_enUS_labelerexp,at://did:plc:xvg37a5blghdmjbefpugi35r/app.bsky.feed.post/3mfo7vdqdqm2y,4,1,0,0
a4373d3f3b5244f6892d430622621f69,2026-02-25T09:00:00Z,2026-02-25T09:13:56Z,auth,auth_enUS_labelerexp,at://did:plc:odb7oogqp7474dwkxuduaiqf/app.bsky.feed.post/3mfo7nvzgbf2x,2,1,1,0
a4373d3f3b5244f6892d430622621f69,2026-02-25T09:00:00Z,2026-02-25T09:13:56Z,auth,auth_enUS_labelerexp,at://did:plc:bt6zjvrxmzd6bh7pewnqupbk/app.bsky.feed.post/3mfo7mkage42n,0,0,0,0
a4373d3f3b5244f6892d430622621f69,2026-02-25T09:00:00Z,2026-02-25T09:13:56Z,auth,auth_enUS_labelerexp,at://did:plc:uutj7oco2oqudvw7h3p5iwms/app.bsky.feed.post/3mfo7hvhhws2s,0,0,0,0
a4373d3f3b5244f6892d430622621f69,2026-02-25T09:00:00Z,2026-02-25T09:13:56Z,auth,auth_enUS_labelerexp,at://did:plc:yxhiiynhrd2oifqcazctiv5v/app.bsky.feed.post/3mfo76lt3o22d,0,0,0,0
a4373d3f3b5244f6892d430622621f69,2026-02-25T09:00:00Z,2026-02-25T09:13:56Z,auth,auth_enUS_labelerexp,at://did:plc:63f2ihuegijfh5t2c6akktsr/app.bsky.feed.post/3mfnyyfzbaw2i,1,1,0,0
a4373d3f3b5244f6892d430622621f69,2026-02-25T09:00:00Z,2026-02-25T09:13:56Z,auth,auth_enUS_labelerexp,at://did:plc:hswlvhk4k2fhfwsblpvsictv/app.bsky.feed.post/3mfnue6v7yc2t,1,0,0,0
a4373d3f3b5244f6892d430622621f69,2026-02-25T09:00:00Z,2026-02-25T09:13:56Z,auth,auth_enUS_labelerexp,at://did:plc:xlg3n6wnpwhirrtqm7e7gbpl/app.bsky.feed.post/3mfnuamtuos2o,11,1,1,0
a4373d3f3b5244f6892d430622621f69,2026-02-25T09:00:00Z,2026-02-25T09:13:56Z,auth,auth_enUS_labelerexp,at://did:plc:xlg3n6wnpwhirrtqm7e7gbpl/app.bsky.feed.post/3mfnuamtuos2o,11,1,1,0
a4373d3f3b5244f6892d430622621f69,2026-02-25T09:00:00Z,2026-02-25T09:13:56Z,auth,auth_enUS_labelerexp,at://did:plc:xlg3n6wnpwhirrtqm7e7gbpl/app.bsky.feed.post/3mfnuamtuos2o,11,1,1,0
a4373d3f3b5244f6892d430622621f69,2026-02-25T09:00:00Z,2026-02-25T09:13:56Z,auth,auth_enUS_labelerexp,at://did:plc:argyqcxkdvct2nv4vy2a5kgp/app.bsky.feed.post/3mfntqy3prf2h,0,0,1,0
a4373d3f3b5244f6892d430622621f69,2026-02-25T09:00:00Z,2026-02-25T09:13:56Z,auth,auth_enUS_labelerexp,at://did:plc:x7bifaym3ayefa4o3fex7w7z/app.bsky.feed.post/3mfnq5q7bs22q,4,0,0,0
a4373d3f3b5244f6892d430622621f69,2026-02-25T09:00:00Z,2026-02-25T09:13:56Z,auth,auth_enUS_labelerexp,at://did:plc:y2zeylgc7pe47hogbjp7o7xj/app.bsky.feed.post/3mfnp4n74vc2k,2,0,0,0
a4373d3f3b5244f6892d430622621f69,2026-02-25T09:00:00Z,2026-02-25T09:13:56Z,auth,auth_enUS_labelerexp,at://did:plc:yqpkhvr77bfgn3iydlkiqlua/app.bsky.feed.post/3mfnnnrvko227,0,0,0,0
a4373d3f3b5244f6892d430622621f69,2026-02-25T09:00:00Z,2026-02-25T09:13:56Z,auth,auth_enUS_labelerexp,at://did:plc:4o3pbsjh3xgwvkps622g3cao/app.bsky.feed.post/3mfnnbte34s2d,1,0,0,0
a4373d3f3b5244f6892d430622621f69,2026-02-25T09:00:00Z,2026-02-25T09:13:56Z,auth,auth_enUS_labelerexp,at://did:plc:4zbgbug4ilc6e6erhwm7tlze/app.bsky.feed.post/3mfnmriwat32b,1,0,0,0
a4373d3f3b5244f6892d430622621f69,2026-02-25T09:00:00Z,2026-02-25T09:13:56Z,auth,auth_enUS_labelerexp,at://did:plc:4o3pbsjh3xgwvkps622g3cao/app.bsky.feed.post/3mfnmptbdyk2q,1,0,0,0
a4373d3f3b5244f6892d430622621f69,2026-02-25T09:00:00Z,2026-02-25T09:13:56Z,auth,auth_enUS_labelerexp,at://did:plc:s6b7lwq7tdha7rwylh5pcspr/app.bsky.feed.post/3mfnmi5msv22l,1,0,0,0
a4373d3f3b5244f6892d430622621f69,2026-02-25T09:00:00Z,2026-02-25T09:13:56Z,auth,auth_enUS_labelerexp,at://did:plc:slv3rjhdks23mcpoezx3rf5u/app.bsky.feed.post/3mfnm5mzjak2a,2,0,0,0
a4373d3f3b5244f6892d430622621f69,2026-02-25T09:00:00Z,2026-02-25T09:13:56Z,auth,auth_enUS_labelerexp,at://did:plc:4zbgbug4ilc6e6erhwm7tlze/app.bsky.feed.post/3mfnkjyc4xx2h,4,1,0,0
a4373d3f3b5244f6892d430622621f69,2026-02-25T09:00:00Z,2026-02-25T09:13:56Z,auth,auth_enUS_labelerexp,at://did:plc:gg46lzdmu2bejly5itvnrqnh/app.bsky.feed.post/3mfnjewpsut2k,5,3,0,0
a4373d3f3b5244f6892d430622621f69,2026-02-25T09:00:00Z,2026-02-25T09:13:56Z,auth,auth_enUS_labelerexp,at://did:plc:ebl6gkgiekpctdgai3omtlmr/app.bsky.feed.post/3mfni6zex5c2c,0,0,0,0
a4373d3f3b5244f6892d430622621f69,2026-02-25T09:00:00Z,2026-02-25T09:13:56Z,auth,auth_enUS_labelerexp,at://did:plc:j4evarkv2vqkstkarxkinry4/app.bsky.feed.post/3mfnhiwz55c2j,0,0,0,0
a4373d3f3b5244f6892d430622621f69,2026-02-25T09:00:00Z,2026-02-25T09:13:56Z,auth,auth_enUS_labelerexp,at://did:plc:tgukethqj2b5hackptywnnzr/app.bsky.feed.post/3mfnhhdsjls2g,2,0,1,0
a4373d3f3b5244f6892d430622621f69,2026-02-25T09:00:00Z,2026-02-25T09:13:56Z,auth,auth_enUS_labelerexp,at://did:plc:ebl6gkgiekpctdgai3omtlmr/app.bsky.feed.post/3mfngsc6dbw2a,0,0,0,0
a4373d3f3b5244f6892d430622621f69,2026-02-25T09:00:00Z,2026-02-25T09:13:56Z,auth,auth_enUS_labelerexp,at://did:plc:rvzi5axhrkb3gjxnhyuitxhq/app.bsky.feed.post/3mfngocdtb22f,1,0,0,0
a4373d3f3b5244f6892d430622621f69,2026-02-25T09:00:00Z,2026-02-25T09:13:56Z,auth,auth_enUS_labelerexp,at://did:plc:j5k6yu4vp7bddaw77gt4risx/app.bsky.feed.post/3mfnghuufgy2i,0,0,0,0
a4373d3f3b5244f6892d430622621f69,2026-02-25T09:00:00Z,2026-02-25T09:13:56Z,auth,auth_enUS_labelerexp,at://did:plc:y2zeylgc7pe47hogbjp7o7xj/app.bsky.feed.post/3mfnftxbfos2a,1,0,0,0
a4373d3f3b5244f6892d430622621f69,2026-02-25T09:00:00Z,2026-02-25T09:13:56Z,auth,auth_enUS_labelerexp,at://did:plc:xvg37a5blghdmjbefpugi35r/app.bsky.feed.post/3mfnfmxd5lq2z,0,0,0,0
a4373d3f3b5244f6892d430622621f69,2026-02-25T09:00:00Z,2026-02-25T09:13:56Z,auth,auth_enUS_labelerexp,at://did:plc:uhrjumdfcieuxoleubim53pz/app.bsky.feed.post/3mfnflsq2rc2a,0,0,0,0
a4373d3f3b5244f6892d430622621f69,2026-02-25T09:00:00Z,2026-02-25T09:13:56Z,auth,auth_enUS_labelerexp,at://did:plc:ktjnjvsgbdip3lluyue4ptmr/app.bsky.feed.post/3mfned34he22b,2,0,0,0
a4373d3f3b5244f6892d430622621f69,2026-02-25T09:00:00Z,2026-02-25T09:13:56Z,auth,auth_enUS_labelerexp,at://did:plc:k4i6qqij7v57vm34jmiwcx4g/app.bsky.feed.post/3mfne7ll4m224,9,0,0,0
a4373d3f3b5244f6892d430622621f69,2026-02-25T09:00:00Z,2026-02-25T09:13:56Z,auth,auth_enUS_labelerexp,at://did:plc:rqv277ihotxykvhnjt6deu5h/app.bsky.feed.post/3mfndsh76os2m,0,0,0,0
a4373d3f3b5244f6892d430622621f69,2026-02-25T09:00:00Z,2026-02-25T09:13:56Z,auth,auth_enUS_labelerexp,at://did:plc:6l2zeyt2lcjbzojov36uobve/app.bsky.feed.post/3mfndmwzfzy2a,0,0,0,0
a4373d3f3b5244f6892d430622621f69,2026-02-25T09:00:00Z,2026-02-25T09:13:56Z,auth,auth_enUS_labelerexp,at://did:plc:4zbgbug4ilc6e6erhwm7tlze/app.bsky.feed.post/3mfncwsvjf723,2,0,0,0
a4373d3f3b5244f6892d430622621f69,2026-02-25T09:00:00Z,2026-02-25T09:13:56Z,auth,auth_enUS_labelerexp,at://did:plc:gkqyvbabw2lktfoeoehcyxye/app.bsky.feed.post/3mfnbt4w7rw2o,0,0,0,0
a4373d3f3b5244f6892d430622621f69,2026-02-25T09:00:00Z,2026-02-25T09:13:56Z,auth,auth_enUS_labelerexp,at://did:plc:t77uhpwagn3wdg7ccww25tx7/app.bsky.feed.post/3mfnbmqpia22j,0,0,0,0
a4373d3f3b5244f6892d430622621f69,2026-02-25T09:00:00Z,2026-02-25T09:13:56Z,auth,auth_enUS_labelerexp,at://did:plc:g22huywnb5v7rnrzrl7kchwj/app.bsky.feed.post/3mfnbkfg7fv2z,1,0,0,0
a4373d3f3b5244f6892d430622621f69,2026-02-25T09:00:00Z,2026-02-25T09:13:56Z,auth,auth_enUS_labelerexp,at://did:plc:t77uhpwagn3wdg7ccww25tx7/app.bsky.feed.post/3mfnbju5puc2j,0,0,0,0
a4373d3f3b5244f6892d430622621f69,2026-02-25T09:00:00Z,2026-02-25T09:13:56Z,auth,auth_enUS_labelerexp,at://did:plc:6l2zeyt2lcjbzojov36uobve/app.bsky.feed.post/3mfnbj72hw72a,0,0,0,0
a4373d3f3b5244f6892d430622621f69,2026-02-25T09:00:00Z,2026-02-25T09:13:56Z,auth,auth_enUS_labelerexp,at://did:plc:t77uhpwagn3wdg7ccww25tx7/app.bsky.feed.post/3mfnbiwdipc2j,1,0,0,0
a4373d3f3b5244f6892d430622621f69,2026-02-25T09:00:00Z,2026-02-25T09:13:56Z,auth,auth_enUS_labelerexp,at://did:plc:t77uhpwagn3wdg7ccww25tx7/app.bsky.feed.post/3mfnbhktql22j,0,0,0,0
a4373d3f3b5244f6892d430622621f69,2026-02-25T09:00:00Z,2026-02-25T09:13:57Z,auth,auth_enUS_labelerexp,at://did:plc:pdg5xnkhcehu3x2vz5muqhjq/app.bsky.feed.post/3mfodnzw2scf2,0,0,0,0
a4373d3f3b5244f6892d430622621f69,2026-02-25T09:00:00Z,2026-02-25T09:13:57Z,auth,auth_enUS_labelerexp,at://did:plc:qlmjqaqo3ziwo45266annqpy/app.bsky.feed.post/3mfodli7rd22n,0,0,0,0
a4373d3f3b5244f6892d430622621f69,2026-02-25T09:00:00Z,2026-02-25T09:13:57Z,auth,auth_enUS_labelerexp,at://did:plc:2nlz6ge4fvmed2vbeh5lqemn/app.bsky.feed.post/3mfodlc65z22g,0,0,0,0
a4373d3f3b5244f6892d430622621f69,2026-02-25T09:00:00Z,2026-02-25T09:13:57Z,auth,auth_enUS_labelerexp,at://did:plc:od4ukq6up2dzkodbhoxd5jij/app.bsky.feed.post/3mfodjkrpb22r,2,0,1,0
a4373d3f3b5244f6892d430622621f69,2026-02-25T09:00:00Z,2026-02-25T09:13:57Z,auth,auth_enUS_labelerexp,at://did:plc:4brcaztuxyka6pszksh3775x/app.bsky.feed.post/3mfodhgz4q22r,0,0,0,0
a4373d3f3b5244f6892d430622621f69,2026-02-25T09:00:00Z,2026-02-25T09:13:57Z,auth,auth_enUS_labelerexp,at://did:plc:m73oefzjevdvkmxncnd4vhyy/app.bsky.feed.post/3mfodguzygk2p,0,0,0,0
a4373d3f3b5244f6892d430622621f69,2026-02-25T09:00:00Z,2026-02-25T09:13:57Z,auth,auth_enUS_labelerexp,at://did:plc:6vhx3twqn3m3dq6cablt4xww/app.bsky.feed.post/3mfodek7kec2b,6,1,0,0
a4373d3f3b5244f6892d430622621f69,2026-02-25T09:00:00Z,2026-02-25T09:13:57Z,auth,auth_enUS_labelerexp,at://did:plc:66ygqcbswcpae7goqheh5jan/app.bsky.feed.post/3mfod7bgbk222,2,1,0,0
a4373d3f3b5244f6892d430622621f69,2026-02-25T09:00:00Z,2026-02-25T09:13:57Z,auth,auth_enUS_labelerexp,at://did:plc:uskn7nitks4a4cigelmfelvj/app.bsky.feed.post/3mfod3qh2222i,0,0,1,0
a4373d3f3b5244f6892d430622621f69,2026-02-25T09:00:00Z,2026-02-25T09:13:57Z,auth,auth_enUS_labelerexp,at://did:plc:4pkvd6st3hffad47yirjvs5g/app.bsky.feed.post/3mfod3dg76c2s,0,0,1,0
a4373d3f3b5244f6892d430622621f69,2026-02-25T09:00:00Z,2026-02-25T09:13:57Z,auth,auth_enUS_labelerexp,at://did:plc:27oztulikqaiedjwyucpxtfp/app.bsky.feed.post/3mfoczp5ygk2o,10,4,0,0
a4373d3f3b5244f6892d430622621f69,2026-02-25T09:00:00Z,2026-02-25T09:13:57Z,auth,auth_enUS_labelerexp,at://did:plc:6jnuniiyd5wsqoolquezjswg/app.bsky.feed.post/3mfoczenqo224,1,0,0,0
a4373d3f3b5244f6892d430622621f69,2026-02-25T09:00:00Z,2026-02-25T09:13:57Z,auth,auth_enUS_labelerexp,at://did:plc:d5avtcurwejxi4p6zktlagb2/app.bsky.feed.post/3mfocwp6vzc26,0,0,0,0
a4373d3f3b5244f6892d430622621f69,2026-02-25T09:00:00Z,2026-02-25T09:13:57Z,auth,auth_enUS_labelerexp,at://did:plc:ff74cmbknqkxmoneif2hmp2x/app.bsky.feed.post/3mfocvywxs224,0,0,0,0
a4373d3f3b5244f6892d430622621f69,2026-02-25T09:00:00Z,2026-02-25T09:13:57Z,auth,auth_enUS_labelerexp,at://did:plc:d5avtcurwejxi4p6zktlagb2/app.bsky.feed.post/3mfocrssmd226,0,1,0,0
a4373d3f3b5244f6892d430622621f69,2026-02-25T09:00:00Z,2026-02-25T09:13:57Z,auth,auth_enUS_labelerexp,at://did:plc:ugm6dtjhtnabf6dqtmlbvyyh/app.bsky.feed.post/3mfocqjqre22x,0,0,0,0
a4373d3f3b5244f6892d430622621f69,2026-02-25T09:00:00Z,2026-02-25T09:13:57Z,auth,auth_enUS_labelerexp,at://did:plc:2ozolp7dn2wwg2x26bn7jmgl/app.bsky.feed.post/3mfocq7velc2i,19,11,0,0
a4373d3f3b5244f6892d430622621f69,2026-02-25T09:00:00Z,2026-02-25T09:13:57Z,auth,auth_enUS_labelerexp,at://did:plc:d5avtcurwejxi4p6zktlagb2/app.bsky.feed.post/3mfocq2z6js26,0,0,0,0
a4373d3f3b5244f6892d430622621f69,2026-02-25T09:00:00Z,2026-02-25T09:13:57Z,auth,auth_enUS_labelerexp,at://did:plc:z6axozx6vwnnp64rn4ebjaqk/app.bsky.feed.post/3mfocpalmw22z,12,7,0,0
a4373d3f3b5244f6892d430622621f69,2026-02-25T09:00:00Z,2026-02-25T09:13:57Z,auth,auth_enUS_labelerexp,at://did:plc:wlskrdtjrsmun7cflrqvzna3/app.bsky.feed.post/3mfocmtbssk2q,1,1,0,0
a4373d3f3b5244f6892d430622621f69,2026-02-25T09:00:00Z,2026-02-25T09:13:57Z,auth,auth_enUS_labelerexp,at://did:plc:66ha7i7qipeic326q7tcfjd5/app.bsky.feed.post/3mfoclaykpk23,13,0,0,0
a4373d3f3b5244f6892d430622621f69,2026-02-25T09:00:00Z,2026-02-25T09:13:57Z,auth,auth_enUS_labelerexp,at://did:plc:2wdycjdcklflcwjfu6g34pd4/app.bsky.feed.post/3mfockwueos2z,0,2,0,0
a4373d3f3b5244f6892d430622621f69,2026-02-25T09:00:00Z,2026-02-25T09:13:57Z,auth,auth_enUS_labelerexp,at://did:plc:b7gcukzuf4onpdx7rrbuqfii/app.bsky.feed.post/3mfockebenk22,4,1,0,0
a4373d3f3b5244f6892d430622621f69,2026-02-25T09:00:00Z,2026-02-25T09:13:57Z,auth,auth_enUS_labelerexp,at://did:plc:6vhx3twqn3m3dq6cablt4xww/app.bsky.feed.post/3mfoce3ofgc2z,7,2,0,0
a4373d3f3b5244f6892d430622621f69,2026-02-25T09:00:00Z,2026-02-25T09:13:57Z,auth,auth_enUS_labelerexp,at://did:plc:dw3eyng4lufu3xwr2pcef3xy/app.bsky.feed.post/3mfocbdq6qc2t,1,1,0,0
a4373d3f3b5244f6892d430622621f69,2026-02-25T09:00:00Z,2026-02-25T09:13:57Z,auth,auth_enUS_labelerexp,at://did:plc:hy2ythhrgyaqbm333gtz5cb5/app.bsky.feed.post/3mfocacsylk2o,0,0,0,0
a4373d3f3b5244f6892d430622621f69,2026-02-25T09:00:00Z,2026-02-25T09:13:57Z,auth,auth_enUS_labelerexp,at://did:plc:h4oe5ydbclpkhkocdjnaaaww/app.bsky.feed.post/3mfoc65mnnc2a,43,18,5,1
a4373d3f3b5244f6892d430622621f69,2026-02-25T09:00:00Z,2026-02-25T09:13:57Z,auth,auth_enUS_labelerexp,at://did:plc:vbrvsj57sbhqf5b6kzrqd6k7/app.bsky.feed.post/3mfoc5hq2bc2e,8,4,1,1
a4373d3f3b5244f6892d430622621f69,2026-02-25T09:00:00Z,2026-02-25T09:13:57Z,auth,auth_enUS_labelerexp,at://did:plc:w2he324hsgdxlcot2tzmk5rr/app.bsky.feed.post/3mfoc4n4vws2x,1,0,0,0
a4373d3f3b5244f6892d430622621f69,2026-02-25T09:00:00Z,2026-02-25T09:13:57Z,auth,auth_enUS_labelerexp,at://did:plc:u3efskiflbfwjbikj2gzzpsp/app.bsky.feed.post/3mfoc45oxcc2g,9,2,0,1
a4373d3f3b5244f6892d430622621f69,2026-02-25T09:00:00Z,2026-02-25T09:13:57Z,auth,auth_enUS_labelerexp,at://did:plc:pdg5xnkhcehu3x2vz5muqhjq/app.bsky.feed.post/3mfobxmxpykj2,0,1,0,0
a4373d3f3b5244f6892d430622621f69,2026-02-25T09:00:00Z,2026-02-25T09:13:57Z,auth,auth_enUS_labelerexp,at://did:plc:xgfwfhhhsvmbknde4klvoev6/app.bsky.feed.post/3mfobxim7ac2e,1,1,0,0
a4373d3f3b5244f6892d430622621f69,2026-02-25T09:00:00Z,2026-02-25T09:13:57Z,auth,auth_enUS_labelerexp,at://did:plc:n64iyes4mb2kgvedgagg4eoe/app.bsky.feed.post/3mfobvvqxx22d,1,1,1,0
a4373d3f3b5244f6892d430622621f69,2026-02-25T09:00:00Z,2026-02-25T09:13:57Z,auth,auth_enUS_labelerexp,at://did:plc:xhvmk4w6ooihon6jhr7kjm6q/app.bsky.feed.post/3mfobufn5js27,3,1,0,0
a4373d3f3b5244f6892d430622621f69,2026-02-25T09:00:00Z,2026-02-25T09:13:57Z,auth,auth_enUS_labelerexp,at://did:plc:7ooy3yqslvzsbn5q7fqtqbge/app.bsky.feed.post/3mfobu6h7522m,10,7,1,0
a4373d3f3b5244f6892d430622621f69,2026-02-25T09:00:00Z,2026-02-25T09:13:57Z,auth,auth_enUS_labelerexp,at://did:plc:5fgh35fswqcbdnyal4udgnbo/app.bsky.feed.post/3mfobtlizoc2z,1,2,0,0
a4373d3f3b5244f6892d430622621f69,2026-02-25T09:00:00Z,2026-02-25T09:13:57Z,auth,auth_enUS_labelerexp,at://did:plc:dv3xxcylzbw6vqmfuvi4gl5t/app.bsky.feed.post/3mfobolbnis2h,0,0,0,0
a4373d3f3b5244f6892d430622621f69,2026-02-25T09:00:00Z,2026-02-25T09:13:57Z,auth,auth_enUS_labelerexp,at://did:plc:qvzvhbpal7gcps6eootctn7u/app.bsky.feed.post/3mfobkr2cg22e,8,6,1,0
a4373d3f3b5244f6892d430622621f69,2026-02-25T09:00:00Z,2026-02-25T09:13:57Z,auth,auth_enUS_labelerexp,at://did:plc:bcgtpezwhu5ynanpiezkmfim/app.bsky.feed.post/3mfobar4i2s2z,57,11,0,1
a4373d3f3b5244f6892d430622621f69,2026-02-25T09:00:00Z,2026-02-25T09:13:57Z,auth,auth_enUS_labelerexp,at://did:plc:rg5ugsoxubqmwc3zpdehnxnp/app.bsky.feed.post/3mfob76iddk2m,0,0,0,0
a4373d3f3b5244f6892d430622621f69,2026-02-25T09:00:00Z,2026-02-25T09:13:57Z,auth,auth_enUS_labelerexp,at://did:plc:pwe2tlxmnyf2ji5rriqke62p/app.bsky.feed.post/3mfob755bfs2q,32,9,6,0
a4373d3f3b5244f6892d430622621f69,2026-02-25T09:00:00Z,2026-02-25T09:13:57Z,auth,auth_enUS_labelerexp,at://did:plc:jhfmpzahiiokj7procrj2cj3/app.bsky.feed.post/3mfob2q6nks2z,1,0,0,0
a4373d3f3b5244f6892d430622621f69,2026-02-25T09:00:00Z,2026-02-25T09:13:57Z,auth,auth_enUS_labelerexp,at://did:plc:wrbs5ya43jo2dv2qkusezt7r/app.bsky.feed.post/3mfoazuf2rc2a,0,1,0,0
a4373d3f3b5244f6892d430622621f69,2026-02-25T09:00:00Z,2026-02-25T09:13:57Z,auth,auth_enUS_labelerexp,at://did:plc:777hr6j2n7amk3cepw55d2k2/app.bsky.feed.post/3mfoaviehuc2m,4,2,0,0
a4373d3f3b5244f6892d430622621f69,2026-02-25T09:00:00Z,2026-02-25T09:13:57Z,auth,auth_enUS_labelerexp,at://did:plc:t4f2idydlhp4uvz2cee2tjrz/app.bsky.feed.post/3mfoaucpxw32x,0,0,0,0
a4373d3f3b5244f6892d430622621f69,2026-02-25T09:00:00Z,2026-02-25T09:13:57Z,auth,auth_enUS_labelerexp,at://did:plc:eexbzpji3jzzhkhszfbaqapa/app.bsky.feed.post/3mfoattumy22b,0,0,1,0
a4373d3f3b5244f6892d430622621f69,2026-02-25T09:00:00Z,2026-02-25T09:13:57Z,auth,auth_enUS_labelerexp,at://did:plc:kt7yvnhffrnvfpgk7qqp5m4y/app.bsky.feed.post/3mfoastqgn22a,44,20,3,0
a4373d3f3b5244f6892d430622621f69,2026-02-25T09:00:00Z,2026-02-25T09:13:57Z,auth,auth_enUS_labelerexp,at://did:plc:notdmlbmm3rjpctndlnjykbi/app.bsky.feed.post/3mfoas3wayc26,27,6,3,0
a4373d3f3b5244f6892d430622621f69,2026-02-25T09:00:00Z,2026-02-25T09:13:57Z,auth,auth_enUS_labelerexp,at://did:plc:gnghfueq233cmf2jxqn72aeq/app.bsky.feed.post/3mfoareyv7k2w,9,1,4,1
a4373d3f3b5244f6892d430622621f69,2026-02-25T09:00:00Z,2026-02-25T09:13:57Z,auth,auth_enUS_labelerexp,at://did:plc:y7z2oa67wtsmxcaso4pwaasv/app.bsky.feed.post/3mfoapymbas26,1,0,0,0
a4373d3f3b5244f6892d430622621f69,2026-02-25T09:00:00Z,2026-02-25T09:13:58Z,auth,auth_enUS_labelerexp,at://did:plc:pxkvwbfmltijbpjzk5srddcu/app.bsky.feed.post/3mfnpy6uqtc2x,0,0,0,0
a4373d3f3b5244f6892d430622621f69,2026-02-25T09:00:00Z,2026-02-25T09:13:58Z,auth,auth_enUS_labelerexp,at://did:plc:xnanzrmwkjvaj4sezphbdcgj/app.bsky.feed.post/3mfmwpdi54s23,14,5,0,2
a4373d3f3b5244f6892d430622621f69,2026-02-25T09:00:00Z,2026-02-25T09:13:58Z,auth,auth_enUS_labelerexp,at://did:plc:yiij6nmpvtfdpwmya2vuh3xs/app.bsky.feed.post/3mfmwczemrc2n,6,2,0,0
a4373d3f3b5244f6892d430622621f69,2026-02-25T09:00:00Z,2026-02-25T09:13:58Z,auth,auth_enUS_labelerexp,at://did:plc:yiij6nmpvtfdpwmya2vuh3xs/app.bsky.feed.post/3mfmvspm2q22n,3,1,1,0
a4373d3f3b5244f6892d430622621f69,2026-02-25T09:00:00Z,2026-02-25T09:13:58Z,auth,auth_enUS_labelerexp,at://did:plc:d57eial5goacffcqzpbcw33v/app.bsky.feed.post/3mfmt7xmdr22z,1,0,0,0
a4373d3f3b5244f6892d430622621f69,2026-02-25T09:00:00Z,2026-02-25T09:13:58Z,auth,auth_enUS_labelerexp,at://did:plc:zq5iz4hfj6x4w6a4kjofv3rn/app.bsky.feed.post/3mfmsz55uh22y,1,0,0,0
a4373d3f3b5244f6892d430622621f69,2026-02-25T09:00:00Z,2026-02-25T09:13:58Z,auth,auth_enUS_labelerexp,at://did:plc:woz4wy6m7mucpaugrmqbplbl/app.bsky.feed.post/3mfmqvu5yxi2z,2,1,0,0
a4373d3f3b5244f6892d430622621f69,2026-02-25T09:00:00Z,2026-02-25T09:13:58Z,auth,auth_enUS_labelerexp,at://did:plc:73uwondbkeafoi6xzbyagzyq/app.bsky.feed.post/3mfmo3ioqfs2u,27,17,0,0
a4373d3f3b5244f6892d430622621f69,2026-02-25T09:00:00Z,2026-02-25T09:13:58Z,auth,auth_enUS_labelerexp,at://did:plc:roxhjcv6twbvmwm3enlt4jyl/app.bsky.feed.post/3mfmnckh4c32r,5,2,0,0
a4373d3f3b5244f6892d430622621f69,2026-02-25T09:00:00Z,2026-02-25T09:13:58Z,auth,auth_enUS_labelerexp,at://did:plc:5ny4loagu5dpgvfemg5bgswr/app.bsky.feed.post/3mfmm7zulir2d,0,0,0,0
a4373d3f3b5244f6892d430622621f69,2026-02-25T09:00:00Z,2026-02-25T09:13:58Z,auth,auth_enUS_labelerexp,at://did:plc:wpdnxu3e7buaxffdxvkds6h6/app.bsky.feed.post/3mfmlpqum4s2k,0,2,0,0
a4373d3f3b5244f6892d430622621f69,2026-02-25T09:00:00Z,2026-02-25T09:13:58Z,auth,auth_enUS_labelerexp,at://did:plc:67vcwjfd26wgw4rimalbreoo/app.bsky.feed.post/3mfmkjy32kk2b,0,0,0,0
a4373d3f3b5244f6892d430622621f69,2026-02-25T09:00:00Z,2026-02-25T09:13:58Z,auth,auth_enUS_labelerexp,at://did:plc:73uwondbkeafoi6xzbyagzyq/app.bsky.feed.post/3mfmj4gvurc2u,0,0,0,0
a4373d3f3b5244f6892d430622621f69,2026-02-25T09:00:00Z,2026-02-25T09:13:58Z,auth,auth_enUS_labelerexp,at://did:plc:ciypdvxebeeujfieh5tup6xu/app.bsky.feed.post/3mfmhmiqjhk2t,5,8,1,0
a4373d3f3b5244f6892d430622621f69,2026-02-25T09:00:00Z,2026-02-25T09:13:58Z,auth,auth_enUS_labelerexp,at://did:plc:ktdt4j7ae7bbca2n3egwnoo3/app.bsky.feed.post/3mfme4vgsss2t,14,7,0,0
a4373d3f3b5244f6892d430622621f69,2026-02-25T09:00:00Z,2026-02-25T09:13:58Z,auth,auth_enUS_labelerexp,at://did:plc:tb6fpp2cacdfwghxijsjcdw2/app.bsky.feed.post/3mfm2iaplac2v,1,0,1,0
a4373d3f3b5244f6892d430622621f69,2026-02-25T09:00:00Z,2026-02-25T09:13:58Z,auth,auth_enUS_labelerexp,at://did:plc:5zvpvwdej77szyljx6wfshzg/app.bsky.feed.post/3mflv6sc7l22h,7,5,0,0
a4373d3f3b5244f6892d430622621f69,2026-02-25T09:00:00Z,2026-02-25T09:13:58Z,auth,auth_enUS_labelerexp,at://did:plc:mt3hcsij6cfikyz53lfmpsyq/app.bsky.feed.post/3mflkdntkzk2s,1,0,0,0
a4373d3f3b5244f6892d430622621f69,2026-02-25T09:00:00Z,2026-02-25T09:13:58Z,auth,auth_enUS_labelerexp,at://did:plc:pxkvwbfmltijbpjzk5srddcu/app.bsky.feed.post/3mflgiduryc23,2,1,0,0
a4373d3f3b5244f6892d430622621f69,2026-02-25T09:00:00Z,2026-02-25T09:13:58Z,auth,auth_enUS_labelerexp,at://did:plc:257mlmai5nguufse56vjeqmr/app.bsky.feed.post/3mfkut3i4mt23,12,3,0,0
a4373d3f3b5244f6892d430622621f69,2026-02-25T09:00:00Z,2026-02-25T09:13:58Z,auth,auth_enUS_labelerexp,at://did:plc:gfvjxniv5ylppk263f44p3zs/app.bsky.feed.post/3mfktmbmra22a,43,7,3,0
a4373d3f3b5244f6892d430622621f69,2026-02-25T09:00:00Z,2026-02-25T09:13:58Z,auth,auth_enUS_labelerexp,at://did:plc:6c5zm4cue4xbdoktsq23bmf7/app.bsky.feed.post/3mfkludffuc2k,12,0,2,0
a4373d3f3b5244f6892d430622621f69,2026-02-25T09:00:00Z,2026-02-25T09:13:58Z,auth,auth_enUS_labelerexp,at://did:plc:nylio5rpw7u3wtven3vcriam/app.bsky.feed.post/3mfkbnfv4vk2z,23,8,0,0
a4373d3f3b5244f6892d430622621f69,2026-02-25T09:00:00Z,2026-02-25T09:13:58Z,auth,auth_enUS_labelerexp,at://did:plc:n2akdbwkitrwki3gc6a7accl/app.bsky.feed.post/3mfk4m535ys2c,1,0,0,0
a4373d3f3b5244f6892d430622621f69,2026-02-25T09:00:00Z,2026-02-25T09:13:58Z,auth,auth_enUS_labelerexp,at://did:plc:65sqvh7nevxlufvvl3omsm33/app.bsky.feed.post/3mfk2ogykzc22,10,0,0,0
a4373d3f3b5244f6892d430622621f69,2026-02-25T09:00:00Z,2026-02-25T09:13:58Z,auth,auth_enUS_labelerexp,at://did:plc:goucgvtb37dvzftgcejg7mon/app.bsky.feed.post/3mfjysfhgoc26,34,20,2,0
a4373d3f3b5244f6892d430622621f69,2026-02-25T09:00:00Z,2026-02-25T09:13:58Z,auth,auth_enUS_labelerexp,at://did:plc:73uwondbkeafoi6xzbyagzyq/app.bsky.feed.post/3mfjvbcwrgs2u,6,2,0,0
a4373d3f3b5244f6892d430622621f69,2026-02-25T09:00:00Z,2026-02-25T09:13:58Z,auth,auth_enUS_labelerexp,at://did:plc:fsfi7snxwpvoram7tb3fbgkx/app.bsky.feed.post/3mfjtghixgz2h,0,0,0,0
a4373d3f3b5244f6892d430622621f69,2026-02-25T09:00:00Z,2026-02-25T09:13:58Z,auth,auth_enUS_labelerexp,at://did:plc:goucgvtb37dvzftgcejg7mon/app.bsky.feed.post/3mfjtdg7xgs2p,20,13,0,1
a4373d3f3b5244f6892d430622621f69,2026-02-25T09:00:00Z,2026-02-25T09:13:58Z,auth,auth_enUS_labelerexp,at://did:plc:flz2yiimdujdskvqtseolv5e/app.bsky.feed.post/3mfjqgvqo5c23,2,0,0,0
a4373d3f3b5244f6892d430622621f69,2026-02-25T09:00:00Z,2026-02-25T09:13:58Z,auth,auth_enUS_labelerexp,at://did:plc:txtmvvwynxal5bstf7e5s2de/app.bsky.feed.post/3mfjgjxzoys24,0,0,1,0
a4373d3f3b5244f6892d430622621f69,2026-02-25T09:00:00Z,2026-02-25T09:13:58Z,auth,auth_enUS_labelerexp,at://did:plc:jyctnrcv5dznuu67bkjjlf3t/app.bsky.feed.post/3mfinadch7o2x,22,7,0,2
a4373d3f3b5244f6892d430622621f69,2026-02-25T09:00:00Z,2026-02-25T09:13:58Z,auth,auth_enUS_labelerexp,at://did:plc:yiij6nmpvtfdpwmya2vuh3xs/app.bsky.feed.post/3mfi6euppjc2q,11,1,0,0
a4373d3f3b5244f6892d430622621f69,2026-02-25T09:00:00Z,2026-02-25T09:13:58Z,auth,auth_enUS_labelerexp,at://did:plc:yiij6nmpvtfdpwmya2vuh3xs/app.bsky.feed.post/3mfi5nxebj22q,9,1,1,0
a4373d3f3b5244f6892d430622621f69,2026-02-25T09:00:00Z,2026-02-25T09:13:58Z,auth,auth_enUS_labelerexp,at://did:plc:eip2ux2joizj5ek5nqtrmnym/app.bsky.feed.post/3mfhnwsncqk2f,24,2,0,0
a4373d3f3b5244f6892d430622621f69,2026-02-25T09:00:00Z,2026-02-25T09:13:58Z,auth,auth_enUS_labelerexp,at://did:plc:2rrp75cclmgiunpprtx4baqe/app.bsky.feed.post/3mfhbvibb432e,0,0,0,0
a4373d3f3b5244f6892d430622621f69,2026-02-25T09:00:00Z,2026-02-25T09:13:58Z,auth,auth_enUS_labelerexp,at://did:plc:m5r55m65o36vwhvkniw453e3/app.bsky.feed.post/3mfhakooov22t,25,9,0,0
a4373d3f3b5244f6892d430622621f69,2026-02-25T09:00:00Z,2026-02-25T09:13:59Z,auth,auth_enUS_labelerexp,at://did:plc:65b3kbil47einb4qjb232cot/app.bsky.feed.post/3mfnk4dw44s2v,6,2,0,0
a4373d3f3b5244f6892d430622621f69,2026-02-25T09:00:00Z,2026-02-25T09:13:59Z,auth,auth_enUS_labelerexp,at://did:plc:65b3kbil47einb4qjb232cot/app.bsky.feed.post/3mfnk3xqv2c2v,9,6,0,0
a4373d3f3b5244f6892d430622621f69,2026-02-25T09:00:00Z,2026-02-25T09:13:59Z,auth,auth_enUS_labelerexp,at://did:plc:65b3kbil47einb4qjb232cot/app.bsky.feed.post/3mfnk3my3ts2v,5,2,0,0
a4373d3f3b5244f6892d430622621f69,2026-02-25T09:00:00Z,2026-02-25T09:13:59Z,auth,auth_enUS_labelerexp,at://did:plc:65b3kbil47einb4qjb232cot/app.bsky.feed.post/3mfnk3bhxl22v,3,1,0,0
a4373d3f3b5244f6892d430622621f69,2026-02-25T09:00:00Z,2026-02-25T09:13:59Z,auth,auth_enUS_labelerexp,at://did:plc:65b3kbil47einb4qjb232cot/app.bsky.feed.post/3mfnk2x7oos2v,14,11,0,0
a4373d3f3b5244f6892d430622621f69,2026-02-25T09:00:00Z,2026-02-25T09:13:59Z,auth,auth_enUS_labelerexp,at://did:plc:65b3kbil47einb4qjb232cot/app.bsky.feed.post/3mfnk2m3vwc2v,2,1,0,0
a4373d3f3b5244f6892d430622621f69,2026-02-25T09:00:00Z,2026-02-25T09:13:59Z,auth,auth_enUS_labelerexp,at://did:plc:65b3kbil47einb4qjb232cot/app.bsky.feed.post/3mfnk24xf222v,6,4,0,0
a4373d3f3b5244f6892d430622621f69,2026-02-25T09:00:00Z,2026-02-25T09:13:59Z,auth,auth_enUS_labelerexp,at://did:plc:xrscs5cgdj7mn6oio7ebxfmh/app.bsky.feed.post/3mfmvw5gniz2d,7,3,0,0
a4373d3f3b5244f6892d430622621f69,2026-02-25T09:00:00Z,2026-02-25T09:13:59Z,auth,auth_enUS_labelerexp,at://did:plc:v6laejjz4r6n44nneiw3mupt/app.bsky.feed.post/3mfm7etoxes2r,2,0,0,0
a4373d3f3b5244f6892d430622621f69,2026-02-25T09:00:00Z,2026-02-25T09:13:59Z,auth,auth_enUS_labelerexp,at://did:plc:v6laejjz4r6n44nneiw3mupt/app.bsky.feed.post/3mfm72ez4js2r,2,0,0,0
a4373d3f3b5244f6892d430622621f69,2026-02-25T09:00:00Z,2026-02-25T09:13:59Z,auth,auth_enUS_labelerexp,at://did:plc:v6laejjz4r6n44nneiw3mupt/app.bsky.feed.post/3mflv4frdcs24,0,0,0,0
a4373d3f3b5244f6892d430622621f69,2026-02-25T09:00:00Z,2026-02-25T09:13:59Z,auth,auth_enUS_labelerexp,at://did:plc:65b3kbil47einb4qjb232cot/app.bsky.feed.post/3mfl33okhbc24,6,1,0,0
a4373d3f3b5244f6892d430622621f69,2026-02-25T09:00:00Z,2026-02-25T09:13:59Z,auth,auth_enUS_labelerexp,at://did:plc:65b3kbil47einb4qjb232cot/app.bsky.feed.post/3mfl33dx7sc24,1,0,0,0
a4373d3f3b5244f6892d430622621f69,2026-02-25T09:00:00Z,2026-02-25T09:13:59Z,auth,auth_enUS_labelerexp,at://did:plc:65b3kbil47einb4qjb232cot/app.bsky.feed.post/3mfl332kduk24,2,0,0,0
a4373d3f3b5244f6892d430622621f69,2026-02-25T09:00:00Z,2026-02-25T09:13:59Z,auth,auth_enUS_labelerexp,at://did:plc:65b3kbil47einb4qjb232cot/app.bsky.feed.post/3mfl32phyys24,6,2,0,1
a4373d3f3b5244f6892d430622621f69,2026-02-25T09:00:00Z,2026-02-25T09:13:59Z,auth,auth_enUS_labelerexp,at://did:plc:65b3kbil47einb4qjb232cot/app.bsky.feed.post/3mfl32brqlk24,2,0,0,0
a4373d3f3b5244f6892d430622621f69,2026-02-25T09:00:00Z,2026-02-25T09:13:59Z,auth,auth_enUS_labelerexp,at://did:plc:65b3kbil47einb4qjb232cot/app.bsky.feed.post/3mfl2zvzngk24,1,0,0,0
a4373d3f3b5244f6892d430622621f69,2026-02-25T09:00:00Z,2026-02-25T09:13:59Z,auth,auth_enUS_labelerexp,at://did:plc:6ntdebolqjiyjble7hlqaynz/app.bsky.feed.post/3mfkhbduhsc27,4,1,0,0
a4373d3f3b5244f6892d430622621f69,2026-02-25T09:00:00Z,2026-02-25T09:13:59Z,auth,auth_enUS_labelerexp,at://did:plc:xrscs5cgdj7mn6oio7ebxfmh/app.bsky.feed.post/3mfkfh7v6fc2i,10,7,0,0
a4373d3f3b5244f6892d430622621f69,2026-02-25T09:00:00Z,2026-02-25T09:13:59Z,auth,auth_enUS_labelerexp,at://did:plc:v6laejjz4r6n44nneiw3mupt/app.bsky.feed.post/3mfjp7zgiis2k,1,0,0,0
a4373d3f3b5244f6892d430622621f69,2026-02-25T09:00:00Z,2026-02-25T09:13:59Z,auth,auth_enUS_labelerexp,at://did:plc:v6laejjz4r6n44nneiw3mupt/app.bsky.feed.post/3mfjgwv6zz22v,0,0,0,0
a4373d3f3b5244f6892d430622621f69,2026-02-25T09:00:00Z,2026-02-25T09:13:59Z,auth,auth_enUS_labelerexp,at://did:plc:v6laejjz4r6n44nneiw3mupt/app.bsky.feed.post/3mfjgszs2t22v,0,0,0,0
a4373d3f3b5244f6892d430622621f69,2026-02-25T09:00:00Z,2026-02-25T09:13:59Z,auth,auth_enUS_labelerexp,at://did:plc:hglpexceczfis6pkymjjbwly/app.bsky.feed.post/3mfivbdep4c2w,3,0,0,0
a4373d3f3b5244f6892d430622621f69,2026-02-25T09:00:00Z,2026-02-25T09:13:59Z,auth,auth_enUS_labelerexp,at://did:plc:pnziu7licyhm4gm5unkqp5yg/app.bsky.feed.post/3mfipayj6ps25,9,6,1,1
a4373d3f3b5244f6892d430622621f69,2026-02-25T09:00:00Z,2026-02-25T09:13:59Z,auth,auth_enUS_labelerexp,at://did:plc:pnziu7licyhm4gm5unkqp5yg/app.bsky.feed.post/3mfip7bncls22,2,1,0,0
a4373d3f3b5244f6892d430622621f69,2026-02-25T09:00:00Z,2026-02-25T09:13:59Z,auth,auth_enUS_labelerexp,at://did:plc:pnziu7licyhm4gm5unkqp5yg/app.bsky.feed.post/3mfip5hkvuv2n,0,1,0,0
a4373d3f3b5244f6892d430622621f69,2026-02-25T09:00:00Z,2026-02-25T09:13:59Z,auth,auth_enUS_labelerexp,at://did:plc:65b3kbil47einb4qjb232cot/app.bsky.feed.post/3mfioxquqks2c,8,3,0,0
a4373d3f3b5244f6892d430622621f69,2026-02-25T09:00:00Z,2026-02-25T09:13:59Z,auth,auth_enUS_labelerexp,at://did:plc:65b3kbil47einb4qjb232cot/app.bsky.feed.post/3mfioxdecoc2c,10,5,0,0
a4373d3f3b5244f6892d430622621f69,2026-02-25T09:00:00Z,2026-02-25T09:13:59Z,auth,auth_enUS_labelerexp,at://did:plc:65b3kbil47einb4qjb232cot/app.bsky.feed.post/3mfiowxlyok2c,2,1,0,0
a4373d3f3b5244f6892d430622621f69,2026-02-25T09:00:00Z,2026-02-25T09:13:59Z,auth,auth_enUS_labelerexp,at://did:plc:65b3kbil47einb4qjb232cot/app.bsky.feed.post/3mfiowkchik2c,2,0,0,0
a4373d3f3b5244f6892d430622621f69,2026-02-25T09:00:00Z,2026-02-25T09:13:59Z,auth,auth_enUS_labelerexp,at://did:plc:65b3kbil47einb4qjb232cot/app.bsky.feed.post/3mfiow6nykc2c,2,1,0,0
a4373d3f3b5244f6892d430622621f69,2026-02-25T09:00:00Z,2026-02-25T09:13:59Z,auth,auth_enUS_labelerexp,at://did:plc:65b3kbil47einb4qjb232cot/app.bsky.feed.post/3mfiovu7ek22c,1,0,0,0
a4373d3f3b5244f6892d430622621f69,2026-02-25T09:00:00Z,2026-02-25T09:13:59Z,auth,auth_enUS_labelerexp,at://did:plc:65b3kbil47einb4qjb232cot/app.bsky.feed.post/3mfiovkecj22c,2,1,0,0
a4373d3f3b5244f6892d430622621f69,2026-02-25T09:00:00Z,2026-02-25T09:13:59Z,auth,auth_enUS_labelerexp,at://did:plc:odqmsar3ikz5ubokya4sempk/app.bsky.feed.post/3luit4xmgnk24,31,0,2,0
a4373d3f3b5244f6892d430622621f69,2026-02-25T09:00:00Z,2026-02-25T09:13:59Z,auth,auth_enUS_labelerexp,at://did:plc:65b3kbil47einb4qjb232cot/app.bsky.feed.post/3mfiov7bsr22c,1,0,0,0
a4373d3f3b5244f6892d430622621f69,2026-02-25T09:00:00Z,2026-02-25T09:13:59Z,auth,auth_enUS_labelerexp,at://did:plc:65b3kbil47einb4qjb232cot/app.bsky.feed.post/3mfiousxni22c,10,4,0,0
a4373d3f3b5244f6892d430622621f69,2026-02-25T09:00:00Z,2026-02-25T09:13:59Z,auth,auth_enUS_labelerexp,at://did:plc:pnziu7licyhm4gm5unkqp5yg/app.bsky.feed.post/3mfiospvy7r2a,0,0,0,0
a4373d3f3b5244f6892d430622621f69,2026-02-25T09:00:00Z,2026-02-25T09:13:59Z,auth,auth_enUS_labelerexp,at://did:plc:pnziu7licyhm4gm5unkqp5yg/app.bsky.feed.post/3mfioqxgnhc2e,0,0,0,0
a4373d3f3b5244f6892d430622621f69,2026-02-25T09:00:00Z,2026-02-25T09:13:59Z,auth,auth_enUS_labelerexp,at://did:plc:pnziu7licyhm4gm5unkqp5yg/app.bsky.feed.post/3mfiop6337k2r,0,0,0,0
a4373d3f3b5244f6892d430622621f69,2026-02-25T09:00:00Z,2026-02-25T09:13:59Z,auth,auth_enUS_labelerexp,at://did:plc:pnziu7licyhm4gm5unkqp5yg/app.bsky.feed.post/3mfiollg5vi2t,1,0,0,0
a4373d3f3b5244f6892d430622621f69,2026-02-25T09:00:00Z,2026-02-25T09:13:59Z,auth,auth_enUS_labelerexp,at://did:plc:pnziu7licyhm4gm5unkqp5yg/app.bsky.feed.post/3mfioep7rlj22,0,0,0,0
a4373d3f3b5244f6892d430622621f69,2026-02-25T09:00:00Z,2026-02-25T09:13:59Z,auth,auth_enUS_labelerexp,at://did:plc:6ntdebolqjiyjble7hlqaynz/app.bsky.feed.post/3mfhqsim2ps2m,1,0,0,0
a4373d3f3b5244f6892d430622621f69,2026-02-25T09:00:00Z,2026-02-25T09:13:59Z,auth,auth_enUS_labelerexp,at://did:plc:6ntdebolqjiyjble7hlqaynz/app.bsky.feed.post/3mfflh74dlk2o,8,2,1,0
a4373d3f3b5244f6892d430622621f69,2026-02-25T09:00:00Z,2026-02-25T09:13:59Z,auth,auth_enUS_labelerexp,at://did:plc:rbuhr54lypfqzl4dru2mpljy/app.bsky.feed.post/3mfeumy464c2p,0,0,0,0
a4373d3f3b5244f6892d430622621f69,2026-02-25T09:00:00Z,2026-02-25T09:13:59Z,auth,auth_enUS_labelerexp,at://did:plc:6ntdebolqjiyjble7hlqaynz/app.bsky.feed.post/3mfd5ngu2z22b,5,1,0,0
a4373d3f3b5244f6892d430622621f69,2026-02-25T09:00:00Z,2026-02-25T09:13:59Z,auth,auth_enUS_labelerexp,at://did:plc:6ntdebolqjiyjble7hlqaynz/app.bsky.feed.post/3mfd5ndz5tc2b,4,0,1,0
a4373d3f3b5244f6892d430622621f69,2026-02-25T09:00:00Z,2026-02-25T09:13:59Z,auth,auth_enUS_labelerexp,at://did:plc:65b3kbil47einb4qjb232cot/app.bsky.feed.post/3mfb4wkczhs2d,4,0,0,0
a4373d3f3b5244f6892d430622621f69,2026-02-25T09:00:00Z,2026-02-25T09:13:59Z,auth,auth_enUS_labelerexp,at://did:plc:65b3kbil47einb4qjb232cot/app.bsky.feed.post/3mfb4w4it3c2d,5,0,0,0
a4373d3f3b5244f6892d430622621f69,2026-02-25T09:00:00Z,2026-02-25T09:13:59Z,auth,auth_enUS_labelerexp,at://did:plc:65b3kbil47einb4qjb232cot/app.bsky.feed.post/3mfb4viko6k2d,3,0,0,0
a4373d3f3b5244f6892d430622621f69,2026-02-25T09:00:00Z,2026-02-25T09:13:59Z,auth,auth_enUS_labelerexp,at://did:plc:65b3kbil47einb4qjb232cot/app.bsky.feed.post/3mfb4ughzs22d,3,0,0,0
a4373d3f3b5244f6892d430622621f69,2026-02-25T09:00:00Z,2026-02-25T09:13:59Z,auth,auth_enUS_labelerexp,at://did:plc:idlz5lvvi5myulbvvkaalozx/app.bsky.feed.post/3mfoaiyqf4c2q,0,0,0,0
a4373d3f3b5244f6892d430622621f69,2026-02-25T09:00:00Z,2026-02-25T09:13:59Z,auth,auth_enUS_labelerexp,at://did:plc:orcpsjdibwyktnetx3vjjbgk/app.bsky.feed.post/3mfo6agtysk2j,0,0,0,0
a4373d3f3b5244f6892d430622621f69,2026-02-25T09:00:00Z,2026-02-25T09:13:59Z,auth,auth_enUS_labelerexp,at://did:plc:5ty4wshj6nqaypom3y55qu4m/app.bsky.feed.post/3mfo2w2qhwq2c,0,0,0,0
a4373d3f3b5244f6892d430622621f69,2026-02-25T09:00:00Z,2026-02-25T09:13:59Z,auth,auth_enUS_labelerexp,at://did:plc:45qzd2uoeuixtc64wuv6objq/app.bsky.feed.post/3mfo2q7y6px42,0,0,0,0
a4373d3f3b5244f6892d430622621f69,2026-02-25T09:00:00Z,2026-02-25T09:13:59Z,auth,auth_enUS_labelerexp,at://did:plc:u2c7nk5bwqujeq7vyohroc3g/app.bsky.feed.post/3mfnzilx2as2k,0,0,1,0
a4373d3f3b5244f6892d430622621f69,2026-02-25T09:00:00Z,2026-02-25T09:13:59Z,auth,auth_enUS_labelerexp,at://did:plc:u2c7nk5bwqujeq7vyohroc3g/app.bsky.feed.post/3mfnzikeru22k,0,0,1,0
a4373d3f3b5244f6892d430622621f69,2026-02-25T09:00:00Z,2026-02-25T09:13:59Z,auth,auth_enUS_labelerexp,at://did:plc:y4ffriapbk3ybnfhcukqbiuv/app.bsky.feed.post/3mfnvylfyq22j,3,0,1,0
a4373d3f3b5244f6892d430622621f69,2026-02-25T09:00:00Z,2026-02-25T09:13:59Z,auth,auth_enUS_labelerexp,at://did:plc:m67rkoj5rurjmwf7664f6gks/app.bsky.feed.post/3mfnvamgrw22l,0,0,0,0
a4373d3f3b5244f6892d430622621f69,2026-02-25T09:00:00Z,2026-02-25T09:13:59Z,auth,auth_enUS_labelerexp,at://did:plc:m67rkoj5rurjmwf7664f6gks/app.bsky.feed.post/3mfnv6g5aks2l,1,0,0,0
a4373d3f3b5244f6892d430622621f69,2026-02-25T09:00:00Z,2026-02-25T09:13:59Z,auth,auth_enUS_labelerexp,at://did:plc:lg7eas7ycvpzll6ylicabesm/app.bsky.feed.post/3mfnuetwrp22v,1,1,0,0
a4373d3f3b5244f6892d430622621f69,2026-02-25T09:00:00Z,2026-02-25T09:13:59Z,auth,auth_enUS_labelerexp,at://did:plc:7syxypo4yncgclyquko7aq2t/app.bsky.feed.post/3mfnu2v65rk2v,1,0,1,1
a4373d3f3b5244f6892d430622621f69,2026-02-25T09:00:00Z,2026-02-25T09:13:59Z,auth,auth_enUS_labelerexp,at://did:plc:jjwozxaapr5byl7mmm3sqscm/app.bsky.feed.post/3mfntcgirms2k,1,0,0,0
a4373d3f3b5244f6892d430622621f69,2026-02-25T09:00:00Z,2026-02-25T09:13:59Z,auth,auth_enUS_labelerexp,at://did:plc:gy7yilnydusx5hy2z3dltynp/app.bsky.feed.post/3mfnsmxl2rd72,0,0,0,0
a4373d3f3b5244f6892d430622621f69,2026-02-25T09:00:00Z,2026-02-25T09:13:59Z,auth,auth_enUS_labelerexp,at://did:plc:zegh2yrujlxyipokzzzojst5/app.bsky.feed.post/3mfnr524irk2o,1,0,1,0
a4373d3f3b5244f6892d430622621f69,2026-02-25T09:00:00Z,2026-02-25T09:13:59Z,auth,auth_enUS_labelerexp,at://did:plc:g7haboqb36jdxii4ifvvoy4m/app.bsky.feed.post/3mfnqwtyyje2t,2,0,0,0
a4373d3f3b5244f6892d430622621f69,2026-02-25T09:00:00Z,2026-02-25T09:13:59Z,auth,auth_enUS_labelerexp,at://did:plc:oplwjgmhw6ae2mlhc6bw76fw/app.bsky.feed.post/3mfnp6ctyds2k,5,2,0,0
a4373d3f3b5244f6892d430622621f69,2026-02-25T09:00:00Z,2026-02-25T09:13:59Z,auth,auth_enUS_labelerexp,at://did:plc:eyez4wtg76vf5fu3ykbpn7vr/app.bsky.feed.post/3mfnocofqhs2x,1,0,0,0
a4373d3f3b5244f6892d430622621f69,2026-02-25T09:00:00Z,2026-02-25T09:13:59Z,auth,auth_enUS_labelerexp,at://did:plc:cbhkiiuhopbhxiko7em2e2ut/app.bsky.feed.post/3mfnnqqc3vc2n,0,0,0,0
a4373d3f3b5244f6892d430622621f69,2026-02-25T09:00:00Z,2026-02-25T09:13:59Z,auth,auth_enUS_labelerexp,at://did:plc:45qzd2uoeuixtc64wuv6objq/app.bsky.feed.post/3mfnh4ac5ee42,0,0,0,0
a4373d3f3b5244f6892d430622621f69,2026-02-25T09:00:00Z,2026-02-25T09:13:59Z,auth,auth_enUS_labelerexp,at://did:plc:lrs6pcnhtpxwaznkmhjfqxzy/app.bsky.feed.post/3mfnghc3nks24,1,0,0,0
a4373d3f3b5244f6892d430622621f69,2026-02-25T09:00:00Z,2026-02-25T09:13:59Z,auth,auth_enUS_labelerexp,at://did:plc:gy7yilnydusx5hy2z3dltynp/app.bsky.feed.post/3mfnflzhmeb42,1,0,0,0
a4373d3f3b5244f6892d430622621f69,2026-02-25T09:00:00Z,2026-02-25T09:13:59Z,auth,auth_enUS_labelerexp,at://did:plc:uq6htor2igkti3xv7spn7ds4/app.bsky.feed.post/3mfncwecsq22r,2,1,1,0
a4373d3f3b5244f6892d430622621f69,2026-02-25T09:00:00Z,2026-02-25T09:13:59Z,auth,auth_enUS_labelerexp,at://did:plc:g6w3xcfe65m5mmnghsz22ygi/app.bsky.feed.post/3mfn4uhwdsk24,1,2,1,0
a4373d3f3b5244f6892d430622621f69,2026-02-25T09:00:00Z,2026-02-25T09:13:59Z,auth,auth_enUS_labelerexp,at://did:plc:e5rg24q5aqrvqpbltijihugi/app.bsky.feed.post/3mfn2nb62lk2x,3,1,1,0
a4373d3f3b5244f6892d430622621f69,2026-02-25T09:00:00Z,2026-02-25T09:13:59Z,auth,auth_enUS_labelerexp,at://did:plc:phin3nz2cfhllkss6ljxdgxn/app.bsky.feed.post/3mfn22d5lyk2w,0,0,0,0
a4373d3f3b5244f6892d430622621f69,2026-02-25T09:00:00Z,2026-02-25T09:13:59Z,auth,auth_enUS_labelerexp,at://did:plc:dzg7lzoakb3i4a5jbx5o7bfs/app.bsky.feed.post/3mfmzlov6zc25,3,0,0,0
a4373d3f3b5244f6892d430622621f69,2026-02-25T09:00:00Z,2026-02-25T09:13:59Z,auth,auth_enUS_labelerexp,at://did:plc:ges46mhwlox3bybfawq53rgm/app.bsky.feed.post/3mfmzgyml2227,1,0,1,0
a4373d3f3b5244f6892d430622621f69,2026-02-25T09:00:00Z,2026-02-25T09:13:59Z,auth,auth_enUS_labelerexp,at://did:plc:ftsamr3eosb7zduqablignef/app.bsky.feed.post/3mfmzadygmk2m,2,1,0,0
a4373d3f3b5244f6892d430622621f69,2026-02-25T09:00:00Z,2026-02-25T09:13:59Z,auth,auth_enUS_labelerexp,at://did:plc:gy7yilnydusx5hy2z3dltynp/app.bsky.feed.post/3mfmxqq67c632,0,0,0,0
a4373d3f3b5244f6892d430622621f69,2026-02-25T09:00:00Z,2026-02-25T09:13:59Z,auth,auth_enUS_labelerexp,at://did:plc:x23cpeisd3lerv5swby5jwx6/app.bsky.feed.post/3mfmxclgtcs2e,1,0,0,0
a4373d3f3b5244f6892d430622621f69,2026-02-25T09:00:00Z,2026-02-25T09:13:59Z,auth,auth_enUS_labelerexp,at://did:plc:uax67vh5253v2aszwz6xaj5t/app.bsky.feed.post/3mfmwg64tl22c,2,0,1,0
a4373d3f3b5244f6892d430622621f69,2026-02-25T09:00:00Z,2026-02-25T09:13:59Z,auth,auth_enUS_labelerexp,at://did:plc:m67rkoj5rurjmwf7664f6gks/app.bsky.feed.post/3mfmvwf53bc2g,1,0,0,0
a4373d3f3b5244f6892d430622621f69,2026-02-25T09:00:00Z,2026-02-25T09:13:59Z,auth,auth_enUS_labelerexp,at://did:plc:m67rkoj5rurjmwf7664f6gks/app.bsky.feed.post/3mfmvuxdyhc2g,0,0,0,0
a4373d3f3b5244f6892d430622621f69,2026-02-25T09:00:00Z,2026-02-25T09:13:59Z,auth,auth_enUS_labelerexp,at://did:plc:fmzl4etjpuu73xzydjc2am5v/app.bsky.feed.post/3mfmvtib4q22k,2,0,1,0
a4373d3f3b5244f6892d430622621f69,2026-02-25T09:00:00Z,2026-02-25T09:13:59Z,auth,auth_enUS_labelerexp,at://did:plc:xarzt5vfdiebzr3zhap4454r/app.bsky.feed.post/3mfmvbtn6vk2k,0,0,0,0
a4373d3f3b5244f6892d430622621f69,2026-02-25T09:00:00Z,2026-02-25T09:13:59Z,auth,auth_enUS_labelerexp,at://did:plc:gqilsbwmibvulpv7ipt5jffh/app.bsky.feed.post/3mfmutecx2f25,0,0,0,0
a4373d3f3b5244f6892d430622621f69,2026-02-25T09:00:00Z,2026-02-25T09:13:59Z,auth,auth_enUS_labelerexp,at://did:plc:5twcsj2xzzt3mrivacpwokvr/app.bsky.feed.post/3mfmurbmak42j,1,0,0,0
a4373d3f3b5244f6892d430622621f69,2026-02-25T09:00:00Z,2026-02-25T09:13:59Z,auth,auth_enUS_labelerexp,at://did:plc:hyxs6lxvurhud7yvllz2hbhy/app.bsky.feed.post/3mfmuivt2zs22,0,0,0,0
a4373d3f3b5244f6892d430622621f69,2026-02-25T09:00:00Z,2026-02-25T09:13:59Z,auth,auth_enUS_labelerexp,at://did:plc:dfffydq7eqa5yof4cfeh23vh/app.bsky.feed.post/3mfmu6dvksk2r,0,0,0,0
a4373d3f3b5244f6892d430622621f69,2026-02-25T09:00:00Z,2026-02-25T09:13:59Z,auth,auth_enUS_labelerexp,at://did:plc:45qzd2uoeuixtc64wuv6objq/app.bsky.feed.post/3mfmt5wq3rqv2,0,0,0,0
a4373d3f3b5244f6892d430622621f69,2026-02-25T09:00:00Z,2026-02-25T09:13:59Z,auth,auth_enUS_labelerexp,at://did:plc:u223gcj3sfizsgrhqvworwp7/app.bsky.feed.post/3mfmrra2mik2x,2,1,0,0
a4373d3f3b5244f6892d430622621f69,2026-02-25T09:00:00Z,2026-02-25T09:13:59Z,auth,auth_enUS_labelerexp,at://did:plc:rx7qwxbmt3vydry4zkpefrp4/app.bsky.feed.post/3mfmqvjx6hs2n,2,1,0,1
a4373d3f3b5244f6892d430622621f69,2026-02-25T09:00:00Z,2026-02-25T09:13:59Z,auth,auth_enUS_labelerexp,at://did:plc:l3dsmdv54klevxpm7vadnn2e/app.bsky.feed.post/3mfmq4yzgvc22,1,0,0,0
a4373d3f3b5244f6892d430622621f69,2026-02-25T09:00:00Z,2026-02-25T09:13:59Z,auth,auth_enUS_labelerexp,at://did:plc:ujf5s2vh3r6avj37yzrc3qwr/app.bsky.feed.post/3mfmozvfvqk2u,1,0,0,0
a4373d3f3b5244f6892d430622621f69,2026-02-25T09:00:00Z,2026-02-25T09:13:59Z,auth,auth_enUS_labelerexp,at://did:plc:v3tdzw2tgduhgc4r2zsqe35a/app.bsky.feed.post/3mfmmqrfzik2q,8,0,2,0
a4373d3f3b5244f6892d430622621f69,2026-02-25T09:00:00Z,2026-02-25T09:13:59Z,auth,auth_enUS_labelerexp,at://did:plc:vicmgcsmmq4wek446racwq4f/app.bsky.feed.post/3mfmmpd4p5n2r,0,1,0,0
a4373d3f3b5244f6892d430622621f69,2026-02-25T09:00:00Z,2026-02-25T09:13:59Z,auth,auth_enUS_labelerexp,at://did:plc:vicmgcsmmq4wek446racwq4f/app.bsky.feed.post/3mfmmpd4kbf2r,1,0,1,0
a4373d3f3b5244f6892d430622621f69,2026-02-25T09:00:00Z,2026-02-25T09:13:59Z,auth,auth_enUS_labelerexp,at://did:plc:vicmgcsmmq4wek446racwq4f/app.bsky.feed.post/3mfmmpd4icv2r,0,0,1,0
a4373d3f3b5244f6892d430622621f69,2026-02-25T09:00:00Z,2026-02-25T09:13:59Z,auth,auth_enUS_labelerexp,at://did:plc:vicmgcsmmq4wek446racwq4f/app.bsky.feed.post/3mfmmpd4ff52r,0,0,1,0
a4373d3f3b5244f6892d430622621f69,2026-02-25T09:00:00Z,2026-02-25T09:13:59Z,auth,auth_enUS_labelerexp,at://did:plc:vicmgcsmmq4wek446racwq4f/app.bsky.feed.post/3mfmmpd4chf2r,0,0,1,0
a4373d3f3b5244f6892d430622621f69,2026-02-25T09:00:00Z,2026-02-25T09:14:00Z,auth,auth_enUS_labelerexp,at://did:plc:hz3lh6f66ydjbueftqmrvnas/app.bsky.feed.post/3mfocvrf2lc2f,7,1,0,0
a4373d3f3b5244f6892d430622621f69,2026-02-25T09:00:00Z,2026-02-25T09:14:00Z,auth,auth_enUS_labelerexp,at://did:plc:5sjduugcbs2xigcmvb53hxlc/app.bsky.feed.post/3mfocowhopc2x,0,0,0,0
a4373d3f3b5244f6892d430622621f69,2026-02-25T09:00:00Z,2026-02-25T09:14:00Z,auth,auth_enUS_labelerexp,at://did:plc:tkla3pj6tawpleyk6vcpzosq/app.bsky.feed.post/3mfobtsebcc2i,1,0,0,0
a4373d3f3b5244f6892d430622621f69,2026-02-25T09:00:00Z,2026-02-25T09:14:00Z,auth,auth_enUS_labelerexp,at://did:plc:ydunclv7x3vng3hkof6dryc7/app.bsky.feed.post/3mfoa2f6zgs2i,25,0,4,0
a4373d3f3b5244f6892d430622621f69,2026-02-25T09:00:00Z,2026-02-25T09:14:00Z,auth,auth_enUS_labelerexp,at://did:plc:ydunclv7x3vng3hkof6dryc7/app.bsky.feed.post/3mfo5gaiwyc2q,20,0,2,0
a4373d3f3b5244f6892d430622621f69,2026-02-25T09:00:00Z,2026-02-25T09:14:00Z,auth,auth_enUS_labelerexp,at://did:plc:klghbdfxwbsmw45hvmnzm57l/app.bsky.feed.post/3mfo54t6fhk2b,58,3,2,0
a4373d3f3b5244f6892d430622621f69,2026-02-25T09:00:00Z,2026-02-25T09:14:00Z,auth,auth_enUS_labelerexp,at://did:plc:35dw4y7njzquujbvljcdofr5/app.bsky.feed.post/3mfo4k54hfk2k,79,5,4,0
a4373d3f3b5244f6892d430622621f69,2026-02-25T09:00:00Z,2026-02-25T09:14:00Z,auth,auth_enUS_labelerexp,at://did:plc:ea5ayfgijmslrss4adxcdbd5/app.bsky.feed.post/3mfo3sbcpns25,8,0,0,0
a4373d3f3b5244f6892d430622621f69,2026-02-25T09:00:00Z,2026-02-25T09:14:00Z,auth,auth_enUS_labelerexp,at://did:plc:h2wfqmki7bfyh7j6hjhrmpsi/app.bsky.feed.post/3mfo2e67sik2j,29,1,0,0
a4373d3f3b5244f6892d430622621f69,2026-02-25T09:00:00Z,2026-02-25T09:14:00Z,auth,auth_enUS_labelerexp,at://did:plc:2ap6afz5s2okrwolfrvbftvy/app.bsky.feed.post/3mfnzsa73o22a,24,0,3,0
a4373d3f3b5244f6892d430622621f69,2026-02-25T09:00:00Z,2026-02-25T09:14:00Z,auth,auth_enUS_labelerexp,at://did:plc:s3eiogysvdgtsvhsqre62qdv/app.bsky.feed.post/3mfnyrpy4322x,13,1,0,0
a4373d3f3b5244f6892d430622621f69,2026-02-25T09:00:00Z,2026-02-25T09:14:00Z,auth,auth_enUS_labelerexp,at://did:plc:y3uqbuirapeupta72fgbywlw/app.bsky.feed.post/3mfnypwfj6k24,53,8,3,0
a4373d3f3b5244f6892d430622621f69,2026-02-25T09:00:00Z,2026-02-25T09:14:00Z,auth,auth_enUS_labelerexp,at://did:plc:5cx4pzibzpvjfda4ekgprl3o/app.bsky.feed.post/3mfnxpubux22b,11,0,1,0
a4373d3f3b5244f6892d430622621f69,2026-02-25T09:00:00Z,2026-02-25T09:14:00Z,auth,auth_enUS_labelerexp,at://did:plc:3iqtdaryqr6zmtr24dsh7rga/app.bsky.feed.post/3mfnwphmcb223,0,0,0,0
a4373d3f3b5244f6892d430622621f69,2026-02-25T09:00:00Z,2026-02-25T09:14:00Z,auth,auth_enUS_labelerexp,at://did:plc:5xlp4ovgylgl55zdfw6z7byt/app.bsky.feed.post/3mfnwnbtyo224,20,1,0,0
a4373d3f3b5244f6892d430622621f69,2026-02-25T09:00:00Z,2026-02-25T09:14:00Z,auth,auth_enUS_labelerexp,at://did:plc:s4y5xv5grn7zrxv3v7v3efcr/app.bsky.feed.post/3mfnw6bd53s2h,31,6,1,1
a4373d3f3b5244f6892d430622621f69,2026-02-25T09:00:00Z,2026-02-25T09:14:00Z,auth,auth_enUS_labelerexp,at://did:plc:3iqtdaryqr6zmtr24dsh7rga/app.bsky.feed.post/3mfnvn4efe223,2,0,0,0
a4373d3f3b5244f6892d430622621f69,2026-02-25T09:00:00Z,2026-02-25T09:14:00Z,auth,auth_enUS_labelerexp,at://did:plc:gcotzajevxfgem2ct25garv6/app.bsky.feed.post/3mfnva2a2hc2t,3,0,0,0
a4373d3f3b5244f6892d430622621f69,2026-02-25T09:00:00Z,2026-02-25T09:14:00Z,auth,auth_enUS_labelerexp,at://did:plc:o3zeyekp7paedpigciujyiiw/app.bsky.feed.post/3mfnux7kih22q,34,2,1,0
a4373d3f3b5244f6892d430622621f69,2026-02-25T09:00:00Z,2026-02-25T09:14:00Z,auth,auth_enUS_labelerexp,at://did:plc:e3utejmu2d4suyquxdmoob4c/app.bsky.feed.post/3mfnt2zqrpo2c,111,6,3,0
a4373d3f3b5244f6892d430622621f69,2026-02-25T09:00:00Z,2026-02-25T09:14:00Z,auth,auth_enUS_labelerexp,at://did:plc:b6uhtbejmvivnw72tcmvam4e/app.bsky.feed.post/3mfnssy2adk2a,2,0,0,0
a4373d3f3b5244f6892d430622621f69,2026-02-25T09:00:00Z,2026-02-25T09:14:00Z,auth,auth_enUS_labelerexp,at://did:plc:zwejc5qyweyt6g23n35uqhjd/app.bsky.feed.post/3mfnspylnbc2n,7,0,1,0
a4373d3f3b5244f6892d430622621f69,2026-02-25T09:00:00Z,2026-02-25T09:14:00Z,auth,auth_enUS_labelerexp,at://did:plc:y2pldobhsb3ezn55onewmhiz/app.bsky.feed.post/3mfnsjhzyms2v,6,0,0,0
a4373d3f3b5244f6892d430622621f69,2026-02-25T09:00:00Z,2026-02-25T09:14:00Z,auth,auth_enUS_labelerexp,at://did:plc:uexb2mevo5rnzxoheqxc5pjo/app.bsky.feed.post/3mfnsfxzy5k2e,17,2,0,0
a4373d3f3b5244f6892d430622621f69,2026-02-25T09:00:00Z,2026-02-25T09:14:00Z,auth,auth_enUS_labelerexp,at://did:plc:5ibifpudryep35puihossddc/app.bsky.feed.post/3mfnsdzokn22o,0,0,0,0
a4373d3f3b5244f6892d430622621f69,2026-02-25T09:00:00Z,2026-02-25T09:14:00Z,auth,auth_enUS_labelerexp,at://did:plc:2uufde7u55z4it3u55jotobs/app.bsky.feed.post/3mfns5ipxwk23,4,0,1,2
a4373d3f3b5244f6892d430622621f69,2026-02-25T09:00:00Z,2026-02-25T09:14:00Z,auth,auth_enUS_labelerexp,at://did:plc:silkby3uap4lzghf5uuyg6fs/app.bsky.feed.post/3mfnruxtao223,8,2,1,0
a4373d3f3b5244f6892d430622621f69,2026-02-25T09:00:00Z,2026-02-25T09:14:00Z,auth,auth_enUS_labelerexp,at://did:plc:yckzlikroaiwt2f7ownqo35d/app.bsky.feed.post/3mfnrtlgevc25,4,0,2,0
a4373d3f3b5244f6892d430622621f69,2026-02-25T09:00:00Z,2026-02-25T09:14:00Z,auth,auth_enUS_labelerexp,at://did:plc:b4gmrx2w66jj4473uztyrkkb/app.bsky.feed.post/3mfnrfj2o3k2z,200,13,6,0
a4373d3f3b5244f6892d430622621f69,2026-02-25T09:00:00Z,2026-02-25T09:14:00Z,auth,auth_enUS_labelerexp,at://did:plc:zwejc5qyweyt6g23n35uqhjd/app.bsky.feed.post/3mfnr7yjhoc2p,18,1,0,0
a4373d3f3b5244f6892d430622621f69,2026-02-25T09:00:00Z,2026-02-25T09:14:00Z,auth,auth_enUS_labelerexp,at://did:plc:rnu2ttrx5zbthskq4frrcbsn/app.bsky.feed.post/3mfnqmaxe222u,11,0,9,2
a4373d3f3b5244f6892d430622621f69,2026-02-25T09:00:00Z,2026-02-25T09:14:00Z,auth,auth_enUS_labelerexp,at://did:plc:hz3lh6f66ydjbueftqmrvnas/app.bsky.feed.post/3mfnpxpisnc24,23,0,2,0
a4373d3f3b5244f6892d430622621f69,2026-02-25T09:00:00Z,2026-02-25T09:14:00Z,auth,auth_enUS_labelerexp,at://did:plc:qqz5wxknpilltv23het7l3cl/app.bsky.feed.post/3mfnphlhcys2u,275,8,4,0
a4373d3f3b5244f6892d430622621f69,2026-02-25T09:00:00Z,2026-02-25T09:14:00Z,auth,auth_enUS_labelerexp,at://did:plc:5cx4pzibzpvjfda4ekgprl3o/app.bsky.feed.post/3mfnp4bowo224,10,0,0,0
a4373d3f3b5244f6892d430622621f69,2026-02-25T09:00:00Z,2026-02-25T09:14:00Z,auth,auth_enUS_labelerexp,at://did:plc:r4jgdnjgb25lpobttxgwxhm7/app.bsky.feed.post/3mfnoxc3k5c2f,43,0,4,0
a4373d3f3b5244f6892d430622621f69,2026-02-25T09:00:00Z,2026-02-25T09:14:00Z,auth,auth_enUS_labelerexp,at://did:plc:b6uhtbejmvivnw72tcmvam4e/app.bsky.feed.post/3mfnoru2wtc2c,3,0,0,0
a4373d3f3b5244f6892d430622621f69,2026-02-25T09:00:00Z,2026-02-25T09:14:00Z,auth,auth_enUS_labelerexp,at://did:plc:dbroiabvt2ve2fusmbcafcmg/app.bsky.feed.post/3mfno2y4o522d,26,0,0,0
a4373d3f3b5244f6892d430622621f69,2026-02-25T09:00:00Z,2026-02-25T09:14:00Z,auth,auth_enUS_labelerexp,at://did:plc:5pyefojbnwbzgj6vnv7clqxn/app.bsky.feed.post/3mfnnxmrjdc2j,16,0,3,0
a4373d3f3b5244f6892d430622621f69,2026-02-25T09:00:00Z,2026-02-25T09:14:00Z,auth,auth_enUS_labelerexp,at://did:plc:vnbaa32t2i3coegntbp7ml7h/app.bsky.feed.post/3mfnnvkgcx22t,100,6,2,0
a4373d3f3b5244f6892d430622621f69,2026-02-25T09:00:00Z,2026-02-25T09:14:00Z,auth,auth_enUS_labelerexp,at://did:plc:4hxje4ldi5uvak4luvqvkzss/app.bsky.feed.post/3mfnnu76ess2x,8,0,0,0
a4373d3f3b5244f6892d430622621f69,2026-02-25T09:00:00Z,2026-02-25T09:14:00Z,auth,auth_enUS_labelerexp,at://did:plc:ksuwkbosp5n2gapynxwerupr/app.bsky.feed.post/3mfnnmnbhtc26,62,5,1,0
a4373d3f3b5244f6892d430622621f69,2026-02-25T09:00:00Z,2026-02-25T09:14:00Z,auth,auth_enUS_labelerexp,at://did:plc:ayztmjuezmwh3dgo3ladv7ly/app.bsky.feed.post/3mfnnkq4whc2i,8,1,1,0
a4373d3f3b5244f6892d430622621f69,2026-02-25T09:00:00Z,2026-02-25T09:14:00Z,auth,auth_enUS_labelerexp,at://did:plc:b6uhtbejmvivnw72tcmvam4e/app.bsky.feed.post/3mfnn6byh5c2c,6,0,0,0
a4373d3f3b5244f6892d430622621f69,2026-02-25T09:00:00Z,2026-02-25T09:14:00Z,auth,auth_enUS_labelerexp,at://did:plc:4hxje4ldi5uvak4luvqvkzss/app.bsky.feed.post/3mfnmwyv4vk2x,17,0,1,0
a4373d3f3b5244f6892d430622621f69,2026-02-25T09:00:00Z,2026-02-25T09:14:00Z,auth,auth_enUS_labelerexp,at://did:plc:zyfuet3pi2l5udunjczydlqm/app.bsky.feed.post/3mfnmsjfibs2i,10,1,0,0
a4373d3f3b5244f6892d430622621f69,2026-02-25T09:00:00Z,2026-02-25T09:14:00Z,auth,auth_enUS_labelerexp,at://did:plc:oeqkft3o5p6cyyun7cmlzd7q/app.bsky.feed.post/3mfnmhmvjy22b,6,0,0,4
a4373d3f3b5244f6892d430622621f69,2026-02-25T09:00:00Z,2026-02-25T09:14:00Z,auth,auth_enUS_labelerexp,at://did:plc:c2j7p7ywbw57meqxrxfisljc/app.bsky.feed.post/3mfnlyxnuys2n,34,1,1,0
a4373d3f3b5244f6892d430622621f69,2026-02-25T09:00:00Z,2026-02-25T09:14:00Z,auth,auth_enUS_labelerexp,at://did:plc:ayztmjuezmwh3dgo3ladv7ly/app.bsky.feed.post/3mfnlv7luo22i,14,2,1,0
a4373d3f3b5244f6892d430622621f69,2026-02-25T09:00:00Z,2026-02-25T09:14:00Z,auth,auth_enUS_labelerexp,at://did:plc:jd7473ze76zgm2weib25d3kq/app.bsky.feed.post/3mfnluianjs2p,10,0,0,0
a4373d3f3b5244f6892d430622621f69,2026-02-25T09:00:00Z,2026-02-25T09:14:00Z,auth,auth_enUS_labelerexp,at://did:plc:ayztmjuezmwh3dgo3ladv7ly/app.bsky.feed.post/3mfnluct6qs2i,15,1,0,1
