run_id,snapshot_hour_utc,captured_at_utc,viewer_mode,vantage_id,feed_uri,bucket,rank,post_uri,post_cid,author_did,author_handle,reason_type,reason_actor_did
11e4ab54e4cd4173b263bb7d770b47b6,2026-03-01T05:00:00Z,2026-03-01T05:19:18Z,auth,auth_enUS_labelerexp,at://did:plc:3yre25vmyrxl5ukvds223gha/app.bsky.feed.generator/aaacxwl2iuuj6,suggested_labelerexp,1,at://did:plc:3yre25vmyrxl5ukvds223gha/app.bsky.feed.post/3lkav4r627k2j,bafyreig4xgwitfp4sjhfvziqik6ziujcxzoxaldicfflsktvpucnrd6zli,did:plc:3yre25vmyrxl5ukvds223gha,pixiegirlcam.bsky.social,,
11e4ab54e4cd4173b263bb7d770b47b6,2026-03-01T05:00:00Z,2026-03-01T05:19:18Z,auth,auth_enUS_labelerexp,at://did:plc:3yre25vmyrxl5ukvds223gha/app.bsky.feed.generator/aaacxwl2iuuj6,suggested_labelerexp,2,at://did:plc:s5i4rltqbwgogplu2j6blniu/app.bsky.feed.post/3mfxgdd57tc2s,bafyreiakcpzechm4ve57rvrgmafkcabq4mvo7hjikfzbxtaus5mo3y2iwm,did:plc:s5i4rltqbwgogplu2j6blniu,luciddream-exe.bsky.social,,
11e4ab54e4cd4173b263bb7d770b47b6,2026-03-01T05:00:00Z,2026-03-01T05:19:18Z,auth,auth_enUS_labelerexp,at://did:plc:3yre25vmyrxl5ukvds223gha/app.bsky.feed.generator/aaacxwl2iuuj6,suggested_labelerexp,3,at://did:plc:gw4m4yvv6tqx3v5wvyttgkpt/app.bsky.feed.post/3mfx4lu4o3p2h,bafyreia46sheywrhs5zqg6nfccvhdpa7a5ycxz7huodlfindfuszoex574,did:plc:gw4m4yvv6tqx3v5wvyttgkpt,kyliekayy.bsky.social,,
11e4ab54e4cd4173b263bb7d770b47b6,2026-03-01T05:00:00Z,2026-03-01T05:19:18Z,auth,auth_enUS_labelerexp,at://did:plc:3yre25vmyrxl5ukvds223gha/app.bsky.feed.generator/aaacxwl2iuuj6,suggested_labelerexp,4,at://did:plc:va2ddwup34vunnoajlnoxjgz/app.bsky.feed.post/3mfwcmzp2ak2o,bafyreifoa2zxxbsnprmzvqm6dgfugwopr5de4n46l7wbelimsbfseeahui,did:plc:va2ddwup34vunnoajlnoxjgz,tatianavex.bsky.social,,
11e4ab54e4cd4173b263bb7d770b47b6,2026-03-01T05:00:00Z,2026-03-01T05:19:18Z,auth,auth_enUS_labelerexp,at://did:plc:3yre25vmyrxl5ukvds223gha/app.bsky.feed.generator/aaacxwl2iuuj6,suggested_labelerexp,5,at://did:plc:lg5ubh3ryod4w2mwlnxumfk3/app.bsky.feed.post/3mfw7shzajn2y,bafyreihi3gyuqlcvon7u7eiihbusuja2gvf4j7e7evepvnsjokv73ttyt4,did:plc:lg5ubh3ryod4w2mwlnxumfk3,alexalouise.bsky.social,,
11e4ab54e4cd4173b263bb7d770b47b6,2026-03-01T05:00:00Z,2026-03-01T05:19:18Z,auth,auth_enUS_labelerexp,at://did:plc:3yre25vmyrxl5ukvds223gha/app.bsky.feed.generator/aaacxwl2iuuj6,suggested_labelerexp,6,at://did:plc:27vn3rju6z4horii5vjpvzlb/app.bsky.feed.post/3mfv5rkyb522v,bafyreig3jnidqqtw6xm7t43iqbrauw6whdwh7ehotmlo3ihsjcjl3dzgbu,did:plc:27vn3rju6z4horii5vjpvzlb,bet-tylove.bsky.social,,
11e4ab54e4cd4173b263bb7d770b47b6,2026-03-01T05:00:00Z,2026-03-01T05:19:18Z,auth,auth_enUS_labelerexp,at://did:plc:3yre25vmyrxl5ukvds223gha/app.bsky.feed.generator/aaacxwl2iuuj6,suggested_labelerexp,7,at://did:plc:tp7ppz6a3eyduaw4z6kp3k2k/app.bsky.feed.post/3mfu66arnps2y,bafyreigzpk3yq7yxbwta3zbmragzelnsfa5jmn5lgauvhngdltfenthacu,did:plc:tp7ppz6a3eyduaw4z6kp3k2k,scoobsboobs.bsky.social,,
11e4ab54e4cd4173b263bb7d770b47b6,2026-03-01T05:00:00Z,2026-03-01T05:19:18Z,auth,auth_enUS_labelerexp,at://did:plc:3yre25vmyrxl5ukvds223gha/app.bsky.feed.generator/aaacxwl2iuuj6,suggested_labelerexp,8,at://did:plc:hrfvga7ts2u6kdtwwdfcxrok/app.bsky.feed.post/3mfu3cqltpk2i,bafyreidcfebt3lddaaonfzciplpuueg3fixthtjuit4xdub2emlxljw2sq,did:plc:hrfvga7ts2u6kdtwwdfcxrok,xoxoaliaquinn.bsky.social,,
11e4ab54e4cd4173b263bb7d770b47b6,2026-03-01T05:00:00Z,2026-03-01T05:19:18Z,auth,auth_enUS_labelerexp,at://did:plc:3yre25vmyrxl5ukvds223gha/app.bsky.feed.generator/aaacxwl2iuuj6,suggested_labelerexp,9,at://did:plc:2fbsro4w5in7l3yg6wf5ccd6/app.bsky.feed.post/3mftjwovcrs2m,bafyreieyd3sikw7coa76vsicwhmn52nudlzczc6ithgpkmzam6gumu6kwq,did:plc:2fbsro4w5in7l3yg6wf5ccd6,pinkbaby244.bsky.social,,
11e4ab54e4cd4173b263bb7d770b47b6,2026-03-01T05:00:00Z,2026-03-01T05:19:18Z,auth,auth_enUS_labelerexp,at://did:plc:3yre25vmyrxl5ukvds223gha/app.bsky.feed.generator/aaacxwl2iuuj6,suggested_labelerexp,10,at://did:plc:lg5ubh3ryod4w2mwlnxumfk3/app.bsky.feed.post/3mftju6uojy23,bafyreifxpobn7tgfp3qv77tszx6t7ccksyiu6jv7kr3djokjrrlj7hhlai,did:plc:lg5ubh3ryod4w2mwlnxumfk3,alexalouise.bsky.social,,
11e4ab54e4cd4173b263bb7d770b47b6,2026-03-01T05:00:00Z,2026-03-01T05:19:18Z,auth,auth_enUS_labelerexp,at://did:plc:3yre25vmyrxl5ukvds223gha/app.bsky.feed.generator/aaacxwl2iuuj6,suggested_labelerexp,11,at://did:plc:p73seh4ghgthjacaumcdl7za/app.bsky.feed.post/3mfs7na2fys2d,bafyreiglcicserabzs4ece7o6mhw5qbz7dt5hccfcnd6qbspeby7lytjle,did:plc:p73seh4ghgthjacaumcdl7za,killermask.bsky.social,,
11e4ab54e4cd4173b263bb7d770b47b6,2026-03-01T05:00:00Z,2026-03-01T05:19:18Z,auth,auth_enUS_labelerexp,at://did:plc:3yre25vmyrxl5ukvds223gha/app.bsky.feed.generator/aaacxwl2iuuj6,suggested_labelerexp,12,at://did:plc:lg5ubh3ryod4w2mwlnxumfk3/app.bsky.feed.post/3mfrvrislon2k,bafyreigpxyagfgjykkj7wrh372d5smjlbpn7ntdt3mvgyt4ztnq3vuqefa,did:plc:lg5ubh3ryod4w2mwlnxumfk3,alexalouise.bsky.social,,
11e4ab54e4cd4173b263bb7d770b47b6,2026-03-01T05:00:00Z,2026-03-01T05:19:18Z,auth,auth_enUS_labelerexp,at://did:plc:3yre25vmyrxl5ukvds223gha/app.bsky.feed.generator/aaacxwl2iuuj6,suggested_labelerexp,13,at://did:plc:p73seh4ghgthjacaumcdl7za/app.bsky.feed.post/3mfrhdi4nrc2b,bafyreic7ct6icr4wtt2tvifasu5ta3d5xsb4ytwtdnumyzqw6crxg2g72a,did:plc:p73seh4ghgthjacaumcdl7za,killermask.bsky.social,,
11e4ab54e4cd4173b263bb7d770b47b6,2026-03-01T05:00:00Z,2026-03-01T05:19:18Z,auth,auth_enUS_labelerexp,at://did:plc:3yre25vmyrxl5ukvds223gha/app.bsky.feed.generator/aaacxwl2iuuj6,suggested_labelerexp,14,at://did:plc:p73seh4ghgthjacaumcdl7za/app.bsky.feed.post/3mfqgcnt67s2r,bafyreiaeko3amtciq5z77fj3msh3lv2o3nopqnkifo4htc5kuw4ys7otbu,did:plc:p73seh4ghgthjacaumcdl7za,killermask.bsky.social,,
11e4ab54e4cd4173b263bb7d770b47b6,2026-03-01T05:00:00Z,2026-03-01T05:19:18Z,auth,auth_enUS_labelerexp,at://did:plc:3yre25vmyrxl5ukvds223gha/app.bsky.feed.generator/aaacxwl2iuuj6,suggested_labelerexp,15,at://did:plc:ofbx4soloz7675o7dfy7cije/app.bsky.feed.post/3mfpomdhbl22o,bafyreie65znjtm4dcyll6p3h5wuteysh5djyrapcerhwx4xbo4viodhwze,did:plc:ofbx4soloz7675o7dfy7cije,kittyvonbyte.bsky.social,,
11e4ab54e4cd4173b263bb7d770b47b6,2026-03-01T05:00:00Z,2026-03-01T05:19:18Z,auth,auth_enUS_labelerexp,at://did:plc:3yre25vmyrxl5ukvds223gha/app.bsky.feed.generator/aaacxwl2iuuj6,suggested_labelerexp,16,at://did:plc:aqf2ely6wd2pdrmth62fny7q/app.bsky.feed.post/3mfpf3a2yik2b,bafyreig7g2fvv6eflf4t3wppybzwqelc7lqaz53xnitx6p3hzkhxneimoq,did:plc:aqf2ely6wd2pdrmth62fny7q,gloriahole420.bsky.social,,
11e4ab54e4cd4173b263bb7d770b47b6,2026-03-01T05:00:00Z,2026-03-01T05:19:18Z,auth,auth_enUS_labelerexp,at://did:plc:3yre25vmyrxl5ukvds223gha/app.bsky.feed.generator/aaacxwl2iuuj6,suggested_labelerexp,17,at://did:plc:4d6zyon4dbtttvh5wfwgcbww/app.bsky.feed.post/3mfpdfkeeu22k,bafyreibt6wqkenra4isdgulr64kdjzjhswrhkeftdtqm2f4uqyidhf6rbe,did:plc:4d6zyon4dbtttvh5wfwgcbww,queenpinky.bsky.social,,
11e4ab54e4cd4173b263bb7d770b47b6,2026-03-01T05:00:00Z,2026-03-01T05:19:18Z,auth,auth_enUS_labelerexp,at://did:plc:3yre25vmyrxl5ukvds223gha/app.bsky.feed.generator/aaacxwl2iuuj6,suggested_labelerexp,18,at://did:plc:4d6zyon4dbtttvh5wfwgcbww/app.bsky.feed.post/3mfpd7to3sc2k,bafyreih2eastbtbycaq2zc2usbkxmccvsenxvsd5da35jhmbdt2fhkw3ne,did:plc:4d6zyon4dbtttvh5wfwgcbww,queenpinky.bsky.social,,
11e4ab54e4cd4173b263bb7d770b47b6,2026-03-01T05:00:00Z,2026-03-01T05:19:18Z,auth,auth_enUS_labelerexp,at://did:plc:3yre25vmyrxl5ukvds223gha/app.bsky.feed.generator/aaacxwl2iuuj6,suggested_labelerexp,19,at://did:plc:lg5ubh3ryod4w2mwlnxumfk3/app.bsky.feed.post/3mfoesksth32q,bafyreideahia7gacrnpvofnk35pokppacjllkdnhlsneuig2cul62cabue,did:plc:lg5ubh3ryod4w2mwlnxumfk3,alexalouise.bsky.social,,
11e4ab54e4cd4173b263bb7d770b47b6,2026-03-01T05:00:00Z,2026-03-01T05:19:18Z,auth,auth_enUS_labelerexp,at://did:plc:3yre25vmyrxl5ukvds223gha/app.bsky.feed.generator/aaacxwl2iuuj6,suggested_labelerexp,20,at://did:plc:ofbx4soloz7675o7dfy7cije/app.bsky.feed.post/3mfmlm2d6i22x,bafyreigj4pfpbmedckm4lxiat3tk63s7csji5wo3jki2bwjlh24yn6ep2i,did:plc:ofbx4soloz7675o7dfy7cije,kittyvonbyte.bsky.social,,
11e4ab54e4cd4173b263bb7d770b47b6,2026-03-01T05:00:00Z,2026-03-01T05:19:18Z,auth,auth_enUS_labelerexp,at://did:plc:3yre25vmyrxl5ukvds223gha/app.bsky.feed.generator/aaacxwl2iuuj6,suggested_labelerexp,21,at://did:plc:syijvilo5leepzzuy7d3bdkr/app.bsky.feed.post/3mfmks4pqvk2c,bafyreihxfuryhwwxbo7nzldloea4445dtznc2auklm4s3lbqy6lw7r5gym,did:plc:syijvilo5leepzzuy7d3bdkr,collaredclown.bsky.social,,
11e4ab54e4cd4173b263bb7d770b47b6,2026-03-01T05:00:00Z,2026-03-01T05:19:18Z,auth,auth_enUS_labelerexp,at://did:plc:3yre25vmyrxl5ukvds223gha/app.bsky.feed.generator/aaacxwl2iuuj6,suggested_labelerexp,22,at://did:plc:hrfvga7ts2u6kdtwwdfcxrok/app.bsky.feed.post/3mfmhoxc3zs2f,bafyreidvkznkfnqz7pozorw6defbkiwa5olgjgzfbul6ajyxveerwvc6ni,did:plc:hrfvga7ts2u6kdtwwdfcxrok,xoxoaliaquinn.bsky.social,,
11e4ab54e4cd4173b263bb7d770b47b6,2026-03-01T05:00:00Z,2026-03-01T05:19:18Z,auth,auth_enUS_labelerexp,at://did:plc:3yre25vmyrxl5ukvds223gha/app.bsky.feed.generator/aaacxwl2iuuj6,suggested_labelerexp,23,at://did:plc:lg5ubh3ryod4w2mwlnxumfk3/app.bsky.feed.post/3mflwva3l4o2k,bafyreigohqro7ogxnsghqufdubtflh52lypskgjix6nnnwz5e3b6obnyaq,did:plc:lg5ubh3ryod4w2mwlnxumfk3,alexalouise.bsky.social,,
11e4ab54e4cd4173b263bb7d770b47b6,2026-03-01T05:00:00Z,2026-03-01T05:19:18Z,auth,auth_enUS_labelerexp,at://did:plc:3yre25vmyrxl5ukvds223gha/app.bsky.feed.generator/aaacxwl2iuuj6,suggested_labelerexp,24,at://did:plc:p73seh4ghgthjacaumcdl7za/app.bsky.feed.post/3mfjwvbms7k2t,bafyreieeuneszldapnsz35jp34gxf5gl5idbgj6tkz6juee3f4bjuhdl4a,did:plc:p73seh4ghgthjacaumcdl7za,killermask.bsky.social,,
11e4ab54e4cd4173b263bb7d770b47b6,2026-03-01T05:00:00Z,2026-03-01T05:19:18Z,auth,auth_enUS_labelerexp,at://did:plc:3yre25vmyrxl5ukvds223gha/app.bsky.feed.generator/aaacxwl2iuuj6,suggested_labelerexp,25,at://did:plc:va2ddwup34vunnoajlnoxjgz/app.bsky.feed.post/3mfjvo2vr7c24,bafyreiatpg2lqsvpdrkjlomzh3e7roamg7kajvxp36tvei6mfwjhbw4qq4,did:plc:va2ddwup34vunnoajlnoxjgz,tatianavex.bsky.social,,
11e4ab54e4cd4173b263bb7d770b47b6,2026-03-01T05:00:00Z,2026-03-01T05:19:18Z,auth,auth_enUS_labelerexp,at://did:plc:3yre25vmyrxl5ukvds223gha/app.bsky.feed.generator/aaacxwl2iuuj6,suggested_labelerexp,26,at://did:plc:lg5ubh3ryod4w2mwlnxumfk3/app.bsky.feed.post/3mfjicuwrtz2y,bafyreianzt3smogcioyscjddrj2ylirp3kgpns7ubers726esfk6dcbfja,did:plc:lg5ubh3ryod4w2mwlnxumfk3,alexalouise.bsky.social,,
11e4ab54e4cd4173b263bb7d770b47b6,2026-03-01T05:00:00Z,2026-03-01T05:19:18Z,auth,auth_enUS_labelerexp,at://did:plc:3yre25vmyrxl5ukvds223gha/app.bsky.feed.generator/aaacxwl2iuuj6,suggested_labelerexp,27,at://did:plc:gw4m4yvv6tqx3v5wvyttgkpt/app.bsky.feed.post/3mfhzscakga2u,bafyreidapgjbyidbr7o7kjtxpm7rkrnspa52q6kxrht4bv5ijb7bcovfci,did:plc:gw4m4yvv6tqx3v5wvyttgkpt,kyliekayy.bsky.social,,
11e4ab54e4cd4173b263bb7d770b47b6,2026-03-01T05:00:00Z,2026-03-01T05:19:18Z,auth,auth_enUS_labelerexp,at://did:plc:3yre25vmyrxl5ukvds223gha/app.bsky.feed.generator/aaacxwl2iuuj6,suggested_labelerexp,28,at://did:plc:lg5ubh3ryod4w2mwlnxumfk3/app.bsky.feed.post/3mfhk2nvrev2l,bafyreidqpyouxtmurs4fjr3wrv3c54yd53cypkiikugxx5xaftrefwfeiu,did:plc:lg5ubh3ryod4w2mwlnxumfk3,alexalouise.bsky.social,,
11e4ab54e4cd4173b263bb7d770b47b6,2026-03-01T05:00:00Z,2026-03-01T05:19:18Z,auth,auth_enUS_labelerexp,at://did:plc:3yre25vmyrxl5ukvds223gha/app.bsky.feed.generator/aaacxwl2iuuj6,suggested_labelerexp,29,at://did:plc:cixnk5tla2bsgt5oiuh7h5qs/app.bsky.feed.post/3mfgcqlfgts2d,bafyreiesnwukiom7uqzmwyomotvscb562um3io7bj35uqonzg6a3hrku74,did:plc:cixnk5tla2bsgt5oiuh7h5qs,exitritual.bsky.social,,
11e4ab54e4cd4173b263bb7d770b47b6,2026-03-01T05:00:00Z,2026-03-01T05:19:18Z,auth,auth_enUS_labelerexp,at://did:plc:3yre25vmyrxl5ukvds223gha/app.bsky.feed.generator/aaacxwl2iuuj6,suggested_labelerexp,30,at://did:plc:syijvilo5leepzzuy7d3bdkr/app.bsky.feed.post/3mffuv7i43k2u,bafyreicxgbycgyrbx74dtwdjn6ccdj54pufdwrz6wof7uucsnugmxnvrai,did:plc:syijvilo5leepzzuy7d3bdkr,collaredclown.bsky.social,,
11e4ab54e4cd4173b263bb7d770b47b6,2026-03-01T05:00:00Z,2026-03-01T05:19:18Z,auth,auth_enUS_labelerexp,at://did:plc:3yre25vmyrxl5ukvds223gha/app.bsky.feed.generator/aaacxwl2iuuj6,suggested_labelerexp,31,at://did:plc:lg5ubh3ryod4w2mwlnxumfk3/app.bsky.feed.post/3mff5qfbvy42c,bafyreibifgqitbny7r2sa4i7as34bp4h7tsvgdztfyqg2pamiuosobfiw4,did:plc:lg5ubh3ryod4w2mwlnxumfk3,alexalouise.bsky.social,,
11e4ab54e4cd4173b263bb7d770b47b6,2026-03-01T05:00:00Z,2026-03-01T05:19:18Z,auth,auth_enUS_labelerexp,at://did:plc:3yre25vmyrxl5ukvds223gha/app.bsky.feed.generator/aaacxwl2iuuj6,suggested_labelerexp,32,at://did:plc:lg5ubh3ryod4w2mwlnxumfk3/app.bsky.feed.post/3mfcmuww5ka24,bafyreido66cqxrgstw66zjz5k3kc4oluwff3d4dtwuxqdfnmfq3w3hxi6y,did:plc:lg5ubh3ryod4w2mwlnxumfk3,alexalouise.bsky.social,,
11e4ab54e4cd4173b263bb7d770b47b6,2026-03-01T05:00:00Z,2026-03-01T05:19:18Z,auth,auth_enUS_labelerexp,at://did:plc:3yre25vmyrxl5ukvds223gha/app.bsky.feed.generator/aaacxwl2iuuj6,suggested_labelerexp,33,at://did:plc:jjgtmzm7o7gqazajpxde6gxt/app.bsky.feed.post/3mfbgrxkpyc2b,bafyreiegvob2xbwliuu6flhmlhje4tagnpijseyobpbkvm3vgk5a2lesoe,did:plc:jjgtmzm7o7gqazajpxde6gxt,pottedherb.bsky.social,,
11e4ab54e4cd4173b263bb7d770b47b6,2026-03-01T05:00:00Z,2026-03-01T05:19:18Z,auth,auth_enUS_labelerexp,at://did:plc:3yre25vmyrxl5ukvds223gha/app.bsky.feed.generator/aaacxwl2iuuj6,suggested_labelerexp,34,at://did:plc:s5i4rltqbwgogplu2j6blniu/app.bsky.feed.post/3mfau7gzizs2c,bafyreifgsds5qsh4mub25imvww2ylkpkqkn3kzvap3ofc4tnv5acpaqnpu,did:plc:s5i4rltqbwgogplu2j6blniu,luciddream-exe.bsky.social,,
11e4ab54e4cd4173b263bb7d770b47b6,2026-03-01T05:00:00Z,2026-03-01T05:19:18Z,auth,auth_enUS_labelerexp,at://did:plc:3yre25vmyrxl5ukvds223gha/app.bsky.feed.generator/aaacxwl2iuuj6,suggested_labelerexp,35,at://did:plc:gw4m4yvv6tqx3v5wvyttgkpt/app.bsky.feed.post/3mfaifjzpd52n,bafyreihikjated26bhehlo4ota4tnga7kgihzrqbstzs3dqg44tmhtx7kq,did:plc:gw4m4yvv6tqx3v5wvyttgkpt,kyliekayy.bsky.social,,
11e4ab54e4cd4173b263bb7d770b47b6,2026-03-01T05:00:00Z,2026-03-01T05:19:18Z,auth,auth_enUS_labelerexp,at://did:plc:3yre25vmyrxl5ukvds223gha/app.bsky.feed.generator/aaacxwl2iuuj6,suggested_labelerexp,36,at://did:plc:syijvilo5leepzzuy7d3bdkr/app.bsky.feed.post/3mfa2xilhps2g,bafyreihczdudmbkk2k7wdfhy7xtv26n2hpjmckqhxp4mpm5qrvqcpxpd7a,did:plc:syijvilo5leepzzuy7d3bdkr,collaredclown.bsky.social,,
11e4ab54e4cd4173b263bb7d770b47b6,2026-03-01T05:00:00Z,2026-03-01T05:19:18Z,auth,auth_enUS_labelerexp,at://did:plc:3yre25vmyrxl5ukvds223gha/app.bsky.feed.generator/aaacxwl2iuuj6,suggested_labelerexp,37,at://did:plc:hrfvga7ts2u6kdtwwdfcxrok/app.bsky.feed.post/3mf7saj7bzk2j,bafyreibhifjwo3asu6nebbi3gfrd7esnmkquxq25xmfwqmiscz6gi2gswa,did:plc:hrfvga7ts2u6kdtwwdfcxrok,xoxoaliaquinn.bsky.social,,
11e4ab54e4cd4173b263bb7d770b47b6,2026-03-01T05:00:00Z,2026-03-01T05:19:18Z,auth,auth_enUS_labelerexp,at://did:plc:3yre25vmyrxl5ukvds223gha/app.bsky.feed.generator/aaacxwl2iuuj6,suggested_labelerexp,38,at://did:plc:va2ddwup34vunnoajlnoxjgz/app.bsky.feed.post/3mf7nlekrg523,bafyreidmrsn7dnauowjpttvxbdhve63e6iovvgvntnuwb4hkp7jsqokkrm,did:plc:va2ddwup34vunnoajlnoxjgz,tatianavex.bsky.social,,
11e4ab54e4cd4173b263bb7d770b47b6,2026-03-01T05:00:00Z,2026-03-01T05:19:18Z,auth,auth_enUS_labelerexp,at://did:plc:3yre25vmyrxl5ukvds223gha/app.bsky.feed.generator/aaacxwl2iuuj6,suggested_labelerexp,39,at://did:plc:uvnrxnb4fvrxwf5u7mccjxao/app.bsky.feed.post/3mf6slcz5sk2b,bafyreicjl2zrxpwnetqvfhtwd3unz62n473u5xz2eejiowlvr32sk3ve7i,did:plc:uvnrxnb4fvrxwf5u7mccjxao,bunniiboi.bsky.social,,
11e4ab54e4cd4173b263bb7d770b47b6,2026-03-01T05:00:00Z,2026-03-01T05:19:18Z,auth,auth_enUS_labelerexp,at://did:plc:3yre25vmyrxl5ukvds223gha/app.bsky.feed.generator/aaacxwl2iuuj6,suggested_labelerexp,40,at://did:plc:va2ddwup34vunnoajlnoxjgz/app.bsky.feed.post/3mf66nqghqd2r,bafyreicm4al2mfbxfibygdi3dax6a3r7idk7hxuwmlup4l4rbp2txakcmq,did:plc:va2ddwup34vunnoajlnoxjgz,tatianavex.bsky.social,,
11e4ab54e4cd4173b263bb7d770b47b6,2026-03-01T05:00:00Z,2026-03-01T05:19:18Z,auth,auth_enUS_labelerexp,at://did:plc:3yre25vmyrxl5ukvds223gha/app.bsky.feed.generator/aaacxwl2iuuj6,suggested_labelerexp,41,at://did:plc:va2ddwup34vunnoajlnoxjgz/app.bsky.feed.post/3mf5kmab3l22p,bafyreie2n2x4qjxsry6ycixjnoxj4mq6g7e4kthip23rs5wlgp2ododtfm,did:plc:va2ddwup34vunnoajlnoxjgz,tatianavex.bsky.social,,
11e4ab54e4cd4173b263bb7d770b47b6,2026-03-01T05:00:00Z,2026-03-01T05:19:18Z,auth,auth_enUS_labelerexp,at://did:plc:3yre25vmyrxl5ukvds223gha/app.bsky.feed.generator/aaacxwl2iuuj6,suggested_labelerexp,42,at://did:plc:hrfvga7ts2u6kdtwwdfcxrok/app.bsky.feed.post/3mf5forf7bk24,bafyreidfdy3imx45u4e3oh4f233wdamvmgn3myrq4qmkslhvau5rxfmwwu,did:plc:hrfvga7ts2u6kdtwwdfcxrok,xoxoaliaquinn.bsky.social,,
11e4ab54e4cd4173b263bb7d770b47b6,2026-03-01T05:00:00Z,2026-03-01T05:19:18Z,auth,auth_enUS_labelerexp,at://did:plc:3yre25vmyrxl5ukvds223gha/app.bsky.feed.generator/aaacxwl2iuuj6,suggested_labelerexp,43,at://did:plc:p73seh4ghgthjacaumcdl7za/app.bsky.feed.post/3mf5amapg7c2d,bafyreiafz5qe6pelwyff2sjxpwcauyinpf6swgri54q2q6p4rfuetip66u,did:plc:p73seh4ghgthjacaumcdl7za,killermask.bsky.social,,
11e4ab54e4cd4173b263bb7d770b47b6,2026-03-01T05:00:00Z,2026-03-01T05:19:18Z,auth,auth_enUS_labelerexp,at://did:plc:3yre25vmyrxl5ukvds223gha/app.bsky.feed.generator/aaacxwl2iuuj6,suggested_labelerexp,44,at://did:plc:va2ddwup34vunnoajlnoxjgz/app.bsky.feed.post/3mf557c7nti2r,bafyreigb3wcb6l2342s5rnt5h7achchbt6hskyz7r57dfrtxnmxe5qykme,did:plc:va2ddwup34vunnoajlnoxjgz,tatianavex.bsky.social,,
11e4ab54e4cd4173b263bb7d770b47b6,2026-03-01T05:00:00Z,2026-03-01T05:19:18Z,auth,auth_enUS_labelerexp,at://did:plc:3yre25vmyrxl5ukvds223gha/app.bsky.feed.generator/aaacxwl2iuuj6,suggested_labelerexp,45,at://did:plc:7t4go4q7n62hm5fmfgkmfl3n/app.bsky.feed.post/3mf3w5gf4qk2h,bafyreiantthfksx2vnu3tsug6kxfzznzofinbzqj5axudcvjkjvxz2dnri,did:plc:7t4go4q7n62hm5fmfgkmfl3n,jaylynnstarke.bsky.social,,
11e4ab54e4cd4173b263bb7d770b47b6,2026-03-01T05:00:00Z,2026-03-01T05:19:18Z,auth,auth_enUS_labelerexp,at://did:plc:3yre25vmyrxl5ukvds223gha/app.bsky.feed.generator/aaacxwl2iuuj6,suggested_labelerexp,46,at://did:plc:jjgtmzm7o7gqazajpxde6gxt/app.bsky.feed.post/3mf3gmqyygk2n,bafyreifjqpo4wgwhhxxq5yxjfxmtwxvgmnare2633joq5y4h2gzad7ls2q,did:plc:jjgtmzm7o7gqazajpxde6gxt,pottedherb.bsky.social,,
11e4ab54e4cd4173b263bb7d770b47b6,2026-03-01T05:00:00Z,2026-03-01T05:19:18Z,auth,auth_enUS_labelerexp,at://did:plc:3yre25vmyrxl5ukvds223gha/app.bsky.feed.generator/aaacxwl2iuuj6,suggested_labelerexp,47,at://did:plc:syijvilo5leepzzuy7d3bdkr/app.bsky.feed.post/3mf37exir3k2w,bafyreia77dqwwdbuyk4cytghzyikgawiivw5h2qd7pljg63oomoprd6qhi,did:plc:syijvilo5leepzzuy7d3bdkr,collaredclown.bsky.social,,
11e4ab54e4cd4173b263bb7d770b47b6,2026-03-01T05:00:00Z,2026-03-01T05:19:18Z,auth,auth_enUS_labelerexp,at://did:plc:3yre25vmyrxl5ukvds223gha/app.bsky.feed.generator/aaacxwl2iuuj6,suggested_labelerexp,48,at://did:plc:syijvilo5leepzzuy7d3bdkr/app.bsky.feed.post/3mf34q7sthk2j,bafyreibiiihh7qnf4wbczas5fg2q3nuplr6m4sngdytbsta6f5pbm3yyki,did:plc:syijvilo5leepzzuy7d3bdkr,collaredclown.bsky.social,,
11e4ab54e4cd4173b263bb7d770b47b6,2026-03-01T05:00:00Z,2026-03-01T05:19:18Z,auth,auth_enUS_labelerexp,at://did:plc:3yre25vmyrxl5ukvds223gha/app.bsky.feed.generator/aaacxwl2iuuj6,suggested_labelerexp,49,at://did:plc:va2ddwup34vunnoajlnoxjgz/app.bsky.feed.post/3mf325gtih62j,bafyreiceb6idmo5jmsww7tia4bniupzr6lav2fu7ciq3uwysmxcpv77o3i,did:plc:va2ddwup34vunnoajlnoxjgz,tatianavex.bsky.social,,
11e4ab54e4cd4173b263bb7d770b47b6,2026-03-01T05:00:00Z,2026-03-01T05:19:18Z,auth,auth_enUS_labelerexp,at://did:plc:3yre25vmyrxl5ukvds223gha/app.bsky.feed.generator/aaacxwl2iuuj6,suggested_labelerexp,50,at://did:plc:hrfvga7ts2u6kdtwwdfcxrok/app.bsky.feed.post/3mf2yolzvc22u,bafyreidw55mpxg6noxkjqb5zci5h6b25zyh6vt43zo23ip4szfc53f2dgm,did:plc:hrfvga7ts2u6kdtwwdfcxrok,xoxoaliaquinn.bsky.social,,
11e4ab54e4cd4173b263bb7d770b47b6,2026-03-01T05:00:00Z,2026-03-01T05:19:20Z,auth,auth_enUS_labelerexp,at://did:plc:6brknehpd7ecbvd56ko6mhlm/app.bsky.feed.generator/aaaby3zazwhrq,suggested_labelerexp,1,at://did:plc:czvpclz3na64zvjoetmij3p2/app.bsky.feed.post/3mfx4iw3hd22g,bafyreicvc6daogfzxn7xqswa3y4chywmbgknvgigcuubw4bb5ntk6gnvne,did:plc:czvpclz3na64zvjoetmij3p2,worldhistory.bsky.social,,
11e4ab54e4cd4173b263bb7d770b47b6,2026-03-01T05:00:00Z,2026-03-01T05:19:20Z,auth,auth_enUS_labelerexp,at://did:plc:6brknehpd7ecbvd56ko6mhlm/app.bsky.feed.generator/aaaby3zazwhrq,suggested_labelerexp,2,at://did:plc:dmoess6jgti7b3khcl4dafsz/app.bsky.feed.post/3mfx4asokg22p,bafyreielqucy4q3ak7uzjty2363zd62rrjftoitnsaa662suaeptjysgce,did:plc:dmoess6jgti7b3khcl4dafsz,brendandavey.bsky.social,,
11e4ab54e4cd4173b263bb7d770b47b6,2026-03-01T05:00:00Z,2026-03-01T05:19:20Z,auth,auth_enUS_labelerexp,at://did:plc:6brknehpd7ecbvd56ko6mhlm/app.bsky.feed.generator/aaaby3zazwhrq,suggested_labelerexp,3,at://did:plc:npvlfew3pfnqbchfkcxltkla/app.bsky.feed.post/3mfx2rue3m22h,bafyreieg7r4gsee4wlhyc22dklakyxgzjou7gztxhhypamztzpw3rj3udi,did:plc:npvlfew3pfnqbchfkcxltkla,theresakaminski.bsky.social,,
11e4ab54e4cd4173b263bb7d770b47b6,2026-03-01T05:00:00Z,2026-03-01T05:19:20Z,auth,auth_enUS_labelerexp,at://did:plc:6brknehpd7ecbvd56ko6mhlm/app.bsky.feed.generator/aaaby3zazwhrq,suggested_labelerexp,4,at://did:plc:dkg4cl3wzq7lmwrnuxe6n2cy/app.bsky.feed.post/3mfx2qakat222,bafyreiemcittmgz7k4pzplvuikcjlzjsbvk54vk5u3eyh2kpdhtcmd23lq,did:plc:dkg4cl3wzq7lmwrnuxe6n2cy,cmcknichols.bsky.social,,
11e4ab54e4cd4173b263bb7d770b47b6,2026-03-01T05:00:00Z,2026-03-01T05:19:20Z,auth,auth_enUS_labelerexp,at://did:plc:6brknehpd7ecbvd56ko6mhlm/app.bsky.feed.generator/aaaby3zazwhrq,suggested_labelerexp,5,at://did:plc:dkg4cl3wzq7lmwrnuxe6n2cy/app.bsky.feed.post/3mfx2gebnh222,bafyreieacfvxokitafjjgrhzbaeg2apgoxgdtybnhvl6mlyrd6goslk4aq,did:plc:dkg4cl3wzq7lmwrnuxe6n2cy,cmcknichols.bsky.social,,
11e4ab54e4cd4173b263bb7d770b47b6,2026-03-01T05:00:00Z,2026-03-01T05:19:20Z,auth,auth_enUS_labelerexp,at://did:plc:6brknehpd7ecbvd56ko6mhlm/app.bsky.feed.generator/aaaby3zazwhrq,suggested_labelerexp,6,at://did:plc:dmb2az4b5xic3t2yngymqddq/app.bsky.feed.post/3mfx26sbuo22z,bafyreidgda7mvvxqlpnkbxoobupm5b5niilhekeyvwcczqeuxs2rtsmdre,did:plc:dmb2az4b5xic3t2yngymqddq,anita5446.bsky.social,,
11e4ab54e4cd4173b263bb7d770b47b6,2026-03-01T05:00:00Z,2026-03-01T05:19:20Z,auth,auth_enUS_labelerexp,at://did:plc:6brknehpd7ecbvd56ko6mhlm/app.bsky.feed.generator/aaaby3zazwhrq,suggested_labelerexp,7,at://did:plc:dkg4cl3wzq7lmwrnuxe6n2cy/app.bsky.feed.post/3mfwzjdj4sk22,bafyreifzyopzl2evlvu4awublwoql52wpoaub2i37nvqqbtxsgfcxvkw5m,did:plc:dkg4cl3wzq7lmwrnuxe6n2cy,cmcknichols.bsky.social,,
11e4ab54e4cd4173b263bb7d770b47b6,2026-03-01T05:00:00Z,2026-03-01T05:19:20Z,auth,auth_enUS_labelerexp,at://did:plc:6brknehpd7ecbvd56ko6mhlm/app.bsky.feed.generator/aaaby3zazwhrq,suggested_labelerexp,8,at://did:plc:ieon4w5flxb7ibiyh4inkfmv/app.bsky.feed.post/3mfwuergtrk2i,bafyreigxryreuhph22y2spqoqszuh4izrnp4kjtjnapqzorupoj5zjbi44,did:plc:ieon4w5flxb7ibiyh4inkfmv,americanstudier.bsky.social,,
11e4ab54e4cd4173b263bb7d770b47b6,2026-03-01T05:00:00Z,2026-03-01T05:19:20Z,auth,auth_enUS_labelerexp,at://did:plc:6brknehpd7ecbvd56ko6mhlm/app.bsky.feed.generator/aaaby3zazwhrq,suggested_labelerexp,9,at://did:plc:xljyfa5hxm6jxevv27gd4zxg/app.bsky.feed.post/3mfwqj5shj22j,bafyreie6nivugkwko3alt55wp4cgammbxwzqjudbjvlxqjnq3nzvenwg5m,did:plc:xljyfa5hxm6jxevv27gd4zxg,wadehistory.bsky.social,,
11e4ab54e4cd4173b263bb7d770b47b6,2026-03-01T05:00:00Z,2026-03-01T05:19:20Z,auth,auth_enUS_labelerexp,at://did:plc:6brknehpd7ecbvd56ko6mhlm/app.bsky.feed.generator/aaaby3zazwhrq,suggested_labelerexp,10,at://did:plc:2tgq3yneur5lzrd4vqnolxyp/app.bsky.feed.post/3mfwc7wdw522d,bafyreicvlpm6bq66scdvei2fnnc3zsv6mr3ehksr3mi4iwgufktlqq6pb4,did:plc:2tgq3yneur5lzrd4vqnolxyp,civilwarmemory.bsky.social,,
11e4ab54e4cd4173b263bb7d770b47b6,2026-03-01T05:00:00Z,2026-03-01T05:19:20Z,auth,auth_enUS_labelerexp,at://did:plc:6brknehpd7ecbvd56ko6mhlm/app.bsky.feed.generator/aaaby3zazwhrq,suggested_labelerexp,11,at://did:plc:rv6q367suvhlxlwfjebo7qub/app.bsky.feed.post/3mfwaganca22l,bafyreif337kghd3oe42v3kdmhuxwclkeqvmo2rx2k5pgulshcia4icfkwa,did:plc:rv6q367suvhlxlwfjebo7qub,ideasroadshow.bsky.social,,
11e4ab54e4cd4173b263bb7d770b47b6,2026-03-01T05:00:00Z,2026-03-01T05:19:20Z,auth,auth_enUS_labelerexp,at://did:plc:6brknehpd7ecbvd56ko6mhlm/app.bsky.feed.generator/aaaby3zazwhrq,suggested_labelerexp,12,at://did:plc:rv6q367suvhlxlwfjebo7qub/app.bsky.feed.post/3mfw3hxyst22g,bafyreifhvgf5hwmbrkrwu5xj7rhgitoj6ldxj4r5r5i5gu27hsij6634um,did:plc:rv6q367suvhlxlwfjebo7qub,ideasroadshow.bsky.social,,
11e4ab54e4cd4173b263bb7d770b47b6,2026-03-01T05:00:00Z,2026-03-01T05:19:20Z,auth,auth_enUS_labelerexp,at://did:plc:6brknehpd7ecbvd56ko6mhlm/app.bsky.feed.generator/aaaby3zazwhrq,suggested_labelerexp,13,at://did:plc:rv6q367suvhlxlwfjebo7qub/app.bsky.feed.post/3mfvuvpflvs2n,bafyreidgfqzaowxuvx6nhfnvvrl2nujt4ynocgdevpa5y4ahzdwambme4u,did:plc:rv6q367suvhlxlwfjebo7qub,ideasroadshow.bsky.social,,
11e4ab54e4cd4173b263bb7d770b47b6,2026-03-01T05:00:00Z,2026-03-01T05:19:20Z,auth,auth_enUS_labelerexp,at://did:plc:6brknehpd7ecbvd56ko6mhlm/app.bsky.feed.generator/aaaby3zazwhrq,suggested_labelerexp,14,at://did:plc:oemiulhunxbmnbtjn2xlngqf/app.bsky.feed.post/3mfvucze4ik2l,bafyreiai3s6swxthlci2nebglpicv2rajnzlcalj6jbnlxvhxhdgw3g4x4,did:plc:oemiulhunxbmnbtjn2xlngqf,thismanyyearsago.bsky.social,,
11e4ab54e4cd4173b263bb7d770b47b6,2026-03-01T05:00:00Z,2026-03-01T05:19:20Z,auth,auth_enUS_labelerexp,at://did:plc:6brknehpd7ecbvd56ko6mhlm/app.bsky.feed.generator/aaaby3zazwhrq,suggested_labelerexp,15,at://did:plc:zuaodd62jmzplb2jjxtqxvja/app.bsky.feed.post/3mfvrsx4e622p,bafyreigztydio3ltku5zzqv7ycj4vchprb6j5ygljjq2ikrhlvoupkz6pi,did:plc:zuaodd62jmzplb2jjxtqxvja,adrian53.bsky.social,,
11e4ab54e4cd4173b263bb7d770b47b6,2026-03-01T05:00:00Z,2026-03-01T05:19:20Z,auth,auth_enUS_labelerexp,at://did:plc:6brknehpd7ecbvd56ko6mhlm/app.bsky.feed.generator/aaaby3zazwhrq,suggested_labelerexp,16,at://did:plc:g4mxwt3xlp33aw2xjdzehcqs/app.bsky.feed.post/3mfv7yfidl22m,bafyreica4n7n4jm7uccka6sbcyoxjvk3mr5tjudjfybr2i33c6fdztx24i,did:plc:g4mxwt3xlp33aw2xjdzehcqs,drmendozan.bsky.social,,
11e4ab54e4cd4173b263bb7d770b47b6,2026-03-01T05:00:00Z,2026-03-01T05:19:20Z,auth,auth_enUS_labelerexp,at://did:plc:6brknehpd7ecbvd56ko6mhlm/app.bsky.feed.generator/aaaby3zazwhrq,suggested_labelerexp,17,at://did:plc:atqha7cmdeptuv7wjgwlvdbn/app.bsky.feed.post/3mfv2cgt4mz2v,bafyreifei2abb2ikzyjkhg2f6ep4lae2ocqdoxujjn7lscrxlktw5gpfve,did:plc:atqha7cmdeptuv7wjgwlvdbn,citizenwald.bsky.social,,
11e4ab54e4cd4173b263bb7d770b47b6,2026-03-01T05:00:00Z,2026-03-01T05:19:20Z,auth,auth_enUS_labelerexp,at://did:plc:6brknehpd7ecbvd56ko6mhlm/app.bsky.feed.generator/aaaby3zazwhrq,suggested_labelerexp,18,at://did:plc:ieon4w5flxb7ibiyh4inkfmv/app.bsky.feed.post/3mfuvlvm5c22g,bafyreidefdyewfxukii2e2rkxwcy4kehkwcajxo67jjavbvu4h7cevakcm,did:plc:ieon4w5flxb7ibiyh4inkfmv,americanstudier.bsky.social,,
11e4ab54e4cd4173b263bb7d770b47b6,2026-03-01T05:00:00Z,2026-03-01T05:19:20Z,auth,auth_enUS_labelerexp,at://did:plc:6brknehpd7ecbvd56ko6mhlm/app.bsky.feed.generator/aaaby3zazwhrq,suggested_labelerexp,19,at://did:plc:ae3qpxry2ajwd4gyazvdjqnv/app.bsky.feed.post/3mfuunnq6qs2b,bafyreidmawj5c4ea3ast2zmltjki7l3m7ufexpucl5hq3gm4qxth77ejbq,did:plc:ae3qpxry2ajwd4gyazvdjqnv,timgalsworthy.bsky.social,,
11e4ab54e4cd4173b263bb7d770b47b6,2026-03-01T05:00:00Z,2026-03-01T05:19:20Z,auth,auth_enUS_labelerexp,at://did:plc:6brknehpd7ecbvd56ko6mhlm/app.bsky.feed.generator/aaaby3zazwhrq,suggested_labelerexp,20,at://did:plc:23jbx3mbesh2ghfcecaxsk6p/app.bsky.feed.post/3mfuu7h6nps2r,bafyreiabditvnoeixhfreb5qm4zanlil3abi6qm6dem7hbfa3uh5p2h4r4,did:plc:23jbx3mbesh2ghfcecaxsk6p,juliarosekraut.bsky.social,,
11e4ab54e4cd4173b263bb7d770b47b6,2026-03-01T05:00:00Z,2026-03-01T05:19:20Z,auth,auth_enUS_labelerexp,at://did:plc:6brknehpd7ecbvd56ko6mhlm/app.bsky.feed.generator/aaaby3zazwhrq,suggested_labelerexp,21,at://did:plc:3su2agky7a67ufheiundm5oi/app.bsky.feed.post/3mfurtcxbjk2f,bafyreieesjzknm4sxomkvycrzl3jb343dsizncamls6hqls5oyhcmdgqey,did:plc:3su2agky7a67ufheiundm5oi,laprofmme.bsky.social,,
11e4ab54e4cd4173b263bb7d770b47b6,2026-03-01T05:00:00Z,2026-03-01T05:19:20Z,auth,auth_enUS_labelerexp,at://did:plc:6brknehpd7ecbvd56ko6mhlm/app.bsky.feed.generator/aaaby3zazwhrq,suggested_labelerexp,22,at://did:plc:rpabq6526qkmrlm72g7ustbk/app.bsky.feed.post/3mfuod5g7v22a,bafyreic5gjzwkasaetvgr3236ri6soxendlt2s5dlr3jorogw4jbw5yaxy,did:plc:rpabq6526qkmrlm72g7ustbk,drdan.bsky.social,,
11e4ab54e4cd4173b263bb7d770b47b6,2026-03-01T05:00:00Z,2026-03-01T05:19:20Z,auth,auth_enUS_labelerexp,at://did:plc:6brknehpd7ecbvd56ko6mhlm/app.bsky.feed.generator/aaaby3zazwhrq,suggested_labelerexp,23,at://did:plc:iqfqn3i7po3cvfadyo5i5wow/app.bsky.feed.post/3mfukvxskx22c,bafyreih6lbqsdenldlydtg2pbhhr47ew3ygbb4q743foyfsfpyqgpgip5q,did:plc:iqfqn3i7po3cvfadyo5i5wow,erhochman.bsky.social,,
11e4ab54e4cd4173b263bb7d770b47b6,2026-03-01T05:00:00Z,2026-03-01T05:19:20Z,auth,auth_enUS_labelerexp,at://did:plc:6brknehpd7ecbvd56ko6mhlm/app.bsky.feed.generator/aaaby3zazwhrq,suggested_labelerexp,24,at://did:plc:jpwjr4xgi7s2umtpmtqstze7/app.bsky.feed.post/3mfuktaaezk2c,bafyreick4felzr5xneqx7ux7zra6b5kbhpmw35h62qeivtsrpclb3ddojm,did:plc:jpwjr4xgi7s2umtpmtqstze7,renfro.bsky.social,,
11e4ab54e4cd4173b263bb7d770b47b6,2026-03-01T05:00:00Z,2026-03-01T05:19:20Z,auth,auth_enUS_labelerexp,at://did:plc:6brknehpd7ecbvd56ko6mhlm/app.bsky.feed.generator/aaaby3zazwhrq,suggested_labelerexp,25,at://did:plc:vx4pq4gbzatswfl4tu7tcwgq/app.bsky.feed.post/3mfuk5z6kzi2p,bafyreif3mcy5budpkfjtu3unavcijgscoukjvpzb4a6edjz6gfwpltuxae,did:plc:vx4pq4gbzatswfl4tu7tcwgq,hpsvanessa.bsky.social,,
11e4ab54e4cd4173b263bb7d770b47b6,2026-03-01T05:00:00Z,2026-03-01T05:19:20Z,auth,auth_enUS_labelerexp,at://did:plc:6brknehpd7ecbvd56ko6mhlm/app.bsky.feed.generator/aaaby3zazwhrq,suggested_labelerexp,26,at://did:plc:2twe2d52fx5uhmmjt7e7qgag/app.bsky.feed.post/3mfuecn63lk2d,bafyreihd7hcycmq5lwm4jl43cgwgybxidgrnw4gprm3qogb4jq7ltyiv4u,did:plc:2twe2d52fx5uhmmjt7e7qgag,historians.org,,
11e4ab54e4cd4173b263bb7d770b47b6,2026-03-01T05:00:00Z,2026-03-01T05:19:20Z,auth,auth_enUS_labelerexp,at://did:plc:6brknehpd7ecbvd56ko6mhlm/app.bsky.feed.generator/aaaby3zazwhrq,suggested_labelerexp,27,at://did:plc:ispc6wthfvub4hxo3p2i6xnv/app.bsky.feed.post/3mfubsbpctc23,bafyreifm3xnq6wy6sdfflff6ejsz75k2hwwbiezj72z7doeapd3m7l5cwq,did:plc:ispc6wthfvub4hxo3p2i6xnv,mattjord.bsky.social,,
11e4ab54e4cd4173b263bb7d770b47b6,2026-03-01T05:00:00Z,2026-03-01T05:19:20Z,auth,auth_enUS_labelerexp,at://did:plc:6brknehpd7ecbvd56ko6mhlm/app.bsky.feed.generator/aaaby3zazwhrq,suggested_labelerexp,28,at://did:plc:dmoess6jgti7b3khcl4dafsz/app.bsky.feed.post/3mfuazafnms2a,bafyreigoj7fdgwdwnwsdscpeigw2j5c63grl7buxrexkspoua7vfvlgem4,did:plc:dmoess6jgti7b3khcl4dafsz,brendandavey.bsky.social,,
11e4ab54e4cd4173b263bb7d770b47b6,2026-03-01T05:00:00Z,2026-03-01T05:19:20Z,auth,auth_enUS_labelerexp,at://did:plc:6brknehpd7ecbvd56ko6mhlm/app.bsky.feed.generator/aaaby3zazwhrq,suggested_labelerexp,29,at://did:plc:umuc4aiv7f6uglzv5hatamdl/app.bsky.feed.post/3mfua5fl4nc2t,bafyreibtdio4ngaxdiwandrmzab7v5lqis423vtki22hq4liowuewxhixm,did:plc:umuc4aiv7f6uglzv5hatamdl,joshrgreenberg.bsky.social,,
11e4ab54e4cd4173b263bb7d770b47b6,2026-03-01T05:00:00Z,2026-03-01T05:19:20Z,auth,auth_enUS_labelerexp,at://did:plc:6brknehpd7ecbvd56ko6mhlm/app.bsky.feed.generator/aaaby3zazwhrq,suggested_labelerexp,30,at://did:plc:2twe2d52fx5uhmmjt7e7qgag/app.bsky.feed.post/3mfu75fd3n22d,bafyreichkiljs2fh2p2gqopcpqbrbv2x427e553ynnnqnoi6igum7vomnm,did:plc:2twe2d52fx5uhmmjt7e7qgag,historians.org,,
11e4ab54e4cd4173b263bb7d770b47b6,2026-03-01T05:00:00Z,2026-03-01T05:19:20Z,auth,auth_enUS_labelerexp,at://did:plc:6brknehpd7ecbvd56ko6mhlm/app.bsky.feed.generator/aaaby3zazwhrq,suggested_labelerexp,31,at://did:plc:uusctyv7c5sfuk3c23ju3b4z/app.bsky.feed.post/3mfu3xx43pc2z,bafyreigm46fdanowhdwrybnaubqq3owkm4ggef23xbfqe4tkshrzk5q4ba,did:plc:uusctyv7c5sfuk3c23ju3b4z,kjeanveau.bsky.social,,
11e4ab54e4cd4173b263bb7d770b47b6,2026-03-01T05:00:00Z,2026-03-01T05:19:20Z,auth,auth_enUS_labelerexp,at://did:plc:6brknehpd7ecbvd56ko6mhlm/app.bsky.feed.generator/aaaby3zazwhrq,suggested_labelerexp,32,at://did:plc:jrrqurpmzlz3ei62r54ctukt/app.bsky.feed.post/3mftyxbe3pc2g,bafyreifotcxa3astjzlex3teq2zc6fr56bgf222kvpemqzuue5uehqzgim,did:plc:jrrqurpmzlz3ei62r54ctukt,historygirl.bsky.social,,
11e4ab54e4cd4173b263bb7d770b47b6,2026-03-01T05:00:00Z,2026-03-01T05:19:20Z,auth,auth_enUS_labelerexp,at://did:plc:6brknehpd7ecbvd56ko6mhlm/app.bsky.feed.generator/aaaby3zazwhrq,suggested_labelerexp,33,at://did:plc:vtulckfwhlh3ndn4iqfcg3an/app.bsky.feed.post/3mftyoqxrtc2j,bafyreicqmj6fuyrqgetnfzn6oc43wyiqvlvvjwmnvadljqaxsboda4eeoa,did:plc:vtulckfwhlh3ndn4iqfcg3an,greenleejw.bsky.social,,
11e4ab54e4cd4173b263bb7d770b47b6,2026-03-01T05:00:00Z,2026-03-01T05:19:20Z,auth,auth_enUS_labelerexp,at://did:plc:6brknehpd7ecbvd56ko6mhlm/app.bsky.feed.generator/aaaby3zazwhrq,suggested_labelerexp,34,at://did:plc:o76kylij4cqjmpd23t36dcml/app.bsky.feed.post/3mftxvfto4s2p,bafyreici2pnl4vm4inx4qvcm7o3go3nzeziasa5iejraum535mi5hna3oe,did:plc:o76kylij4cqjmpd23t36dcml,footnotesinhistory.bsky.social,,
11e4ab54e4cd4173b263bb7d770b47b6,2026-03-01T05:00:00Z,2026-03-01T05:19:20Z,auth,auth_enUS_labelerexp,at://did:plc:6brknehpd7ecbvd56ko6mhlm/app.bsky.feed.generator/aaaby3zazwhrq,suggested_labelerexp,35,at://did:plc:ftj2bmay74kldpsbikim2lnu/app.bsky.feed.post/3mftxpuwvls2o,bafyreie3leuglsirixdpmtrrbz5jpzg3edvt2grjd754ln3r75ak4ll4qy,did:plc:ftj2bmay74kldpsbikim2lnu,buddhasinthewest.bsky.social,,
11e4ab54e4cd4173b263bb7d770b47b6,2026-03-01T05:00:00Z,2026-03-01T05:19:20Z,auth,auth_enUS_labelerexp,at://did:plc:6brknehpd7ecbvd56ko6mhlm/app.bsky.feed.generator/aaaby3zazwhrq,suggested_labelerexp,36,at://did:plc:7uy4i5hwsvkdkjowll6kgusl/app.bsky.feed.post/3mftqh5slf22j,bafyreibsuz6svgftbvgabd6b223ayzovnlmvav3k2yeaglqtafzmk4dg5u,did:plc:7uy4i5hwsvkdkjowll6kgusl,davidrotenstein.bsky.social,,
11e4ab54e4cd4173b263bb7d770b47b6,2026-03-01T05:00:00Z,2026-03-01T05:19:20Z,auth,auth_enUS_labelerexp,at://did:plc:6brknehpd7ecbvd56ko6mhlm/app.bsky.feed.generator/aaaby3zazwhrq,suggested_labelerexp,37,at://did:plc:2umg3sdy6nm3fhmztfd3haka/app.bsky.feed.post/3mftgyqhfw22a,bafyreienpxuc5gg6o7i4gkkjvba2ibp3ufyxcknmntelcagbdc27wixau4,did:plc:2umg3sdy6nm3fhmztfd3haka,sarahfoxhistory.bsky.social,,
11e4ab54e4cd4173b263bb7d770b47b6,2026-03-01T05:00:00Z,2026-03-01T05:19:20Z,auth,auth_enUS_labelerexp,at://did:plc:6brknehpd7ecbvd56ko6mhlm/app.bsky.feed.generator/aaaby3zazwhrq,suggested_labelerexp,38,at://did:plc:vsmnpcql52mzmvkodyqunumu/app.bsky.feed.post/3mftgge64qc2y,bafyreid5re4qrjtrlbakq5t5r6q7j5ce7sscsprubobyripjboufwmgpf4,did:plc:vsmnpcql52mzmvkodyqunumu,clivehenry.bsky.social,,
11e4ab54e4cd4173b263bb7d770b47b6,2026-03-01T05:00:00Z,2026-03-01T05:19:20Z,auth,auth_enUS_labelerexp,at://did:plc:6brknehpd7ecbvd56ko6mhlm/app.bsky.feed.generator/aaaby3zazwhrq,suggested_labelerexp,39,at://did:plc:oemiulhunxbmnbtjn2xlngqf/app.bsky.feed.post/3mftdqdccb226,bafyreidslltqzm2x2nlhtcpuslnxacmp57rfuyd6ngyay6gdezms4okaei,did:plc:oemiulhunxbmnbtjn2xlngqf,thismanyyearsago.bsky.social,,
11e4ab54e4cd4173b263bb7d770b47b6,2026-03-01T05:00:00Z,2026-03-01T05:19:20Z,auth,auth_enUS_labelerexp,at://did:plc:6brknehpd7ecbvd56ko6mhlm/app.bsky.feed.generator/aaaby3zazwhrq,suggested_labelerexp,40,at://did:plc:vx4pq4gbzatswfl4tu7tcwgq/app.bsky.feed.post/3mftbiftjoe2s,bafyreih4ine5qi6v47d7f2xvqtndb5xppogufss5t3xgpvwbui4utdsgjy,did:plc:vx4pq4gbzatswfl4tu7tcwgq,hpsvanessa.bsky.social,,
11e4ab54e4cd4173b263bb7d770b47b6,2026-03-01T05:00:00Z,2026-03-01T05:19:20Z,auth,auth_enUS_labelerexp,at://did:plc:6brknehpd7ecbvd56ko6mhlm/app.bsky.feed.generator/aaaby3zazwhrq,suggested_labelerexp,41,at://did:plc:oikg2nwoa3cahdm3ez72ffxt/app.bsky.feed.post/3mfsz56edz224,bafyreih5vt55jhchno3clfj4fwk72kwf6zox33pyg6av63v3xfbgi3i5iy,did:plc:oikg2nwoa3cahdm3ez72ffxt,brionyneilson.bsky.social,,
11e4ab54e4cd4173b263bb7d770b47b6,2026-03-01T05:00:00Z,2026-03-01T05:19:20Z,auth,auth_enUS_labelerexp,at://did:plc:6brknehpd7ecbvd56ko6mhlm/app.bsky.feed.generator/aaaby3zazwhrq,suggested_labelerexp,42,at://did:plc:oikg2nwoa3cahdm3ez72ffxt/app.bsky.feed.post/3mfsxgug5pk2y,bafyreibwsf7aqvl7i2mve7ulukbpnybnkeael4l5kw7cdfwz67vj2lktsm,did:plc:oikg2nwoa3cahdm3ez72ffxt,brionyneilson.bsky.social,,
11e4ab54e4cd4173b263bb7d770b47b6,2026-03-01T05:00:00Z,2026-03-01T05:19:20Z,auth,auth_enUS_labelerexp,at://did:plc:6brknehpd7ecbvd56ko6mhlm/app.bsky.feed.generator/aaaby3zazwhrq,suggested_labelerexp,43,at://did:plc:dkg4cl3wzq7lmwrnuxe6n2cy/app.bsky.feed.post/3mfsjea52mk2t,bafyreihpp45swsyfxjc3fg2w4tlafmo6tphslsanb7lmklfinqt7ua6lau,did:plc:dkg4cl3wzq7lmwrnuxe6n2cy,cmcknichols.bsky.social,,
11e4ab54e4cd4173b263bb7d770b47b6,2026-03-01T05:00:00Z,2026-03-01T05:19:20Z,auth,auth_enUS_labelerexp,at://did:plc:6brknehpd7ecbvd56ko6mhlm/app.bsky.feed.generator/aaaby3zazwhrq,suggested_labelerexp,44,at://did:plc:ieon4w5flxb7ibiyh4inkfmv/app.bsky.feed.post/3mfsgk4qkt22c,bafyreiaurz5ayypb35myskiqluyj7lpvyndhs4qmwapcphmnhidtsqbe4y,did:plc:ieon4w5flxb7ibiyh4inkfmv,americanstudier.bsky.social,,
11e4ab54e4cd4173b263bb7d770b47b6,2026-03-01T05:00:00Z,2026-03-01T05:19:20Z,auth,auth_enUS_labelerexp,at://did:plc:6brknehpd7ecbvd56ko6mhlm/app.bsky.feed.generator/aaaby3zazwhrq,suggested_labelerexp,45,at://did:plc:rpabq6526qkmrlm72g7ustbk/app.bsky.feed.post/3mfscsicfms27,bafyreihagzmko7zafdjx4kazlt52v76jqlnlljiankm3s337gs5lbptt4i,did:plc:rpabq6526qkmrlm72g7ustbk,drdan.bsky.social,,
11e4ab54e4cd4173b263bb7d770b47b6,2026-03-01T05:00:00Z,2026-03-01T05:19:20Z,auth,auth_enUS_labelerexp,at://did:plc:6brknehpd7ecbvd56ko6mhlm/app.bsky.feed.generator/aaaby3zazwhrq,suggested_labelerexp,46,at://did:plc:23jbx3mbesh2ghfcecaxsk6p/app.bsky.feed.post/3mfs7apx3x225,bafyreibgrkungpm3tpdyfcoyew66oynylbfj2ddpxpcztj7yw7rcua44hi,did:plc:23jbx3mbesh2ghfcecaxsk6p,juliarosekraut.bsky.social,,
11e4ab54e4cd4173b263bb7d770b47b6,2026-03-01T05:00:00Z,2026-03-01T05:19:20Z,auth,auth_enUS_labelerexp,at://did:plc:6brknehpd7ecbvd56ko6mhlm/app.bsky.feed.generator/aaaby3zazwhrq,suggested_labelerexp,47,at://did:plc:hv2zuifcbx5xblr3xbzoeqco/app.bsky.feed.post/3mfs67cuknc25,bafyreiccrg4imgf55iwdqlzrup6dsund72272fahyfkqm7ayavsf26tm4u,did:plc:hv2zuifcbx5xblr3xbzoeqco,profjennyshaw.bsky.social,,
11e4ab54e4cd4173b263bb7d770b47b6,2026-03-01T05:00:00Z,2026-03-01T05:19:20Z,auth,auth_enUS_labelerexp,at://did:plc:6brknehpd7ecbvd56ko6mhlm/app.bsky.feed.generator/aaaby3zazwhrq,suggested_labelerexp,48,at://did:plc:bkc6qlrvshrtlh6pq2pbjeus/app.bsky.feed.post/3mfs63uc46c2u,bafyreiccdl7dug3mbt7eedxbk6s2rw5realojdqcnhx35p7t3mebper22u,did:plc:bkc6qlrvshrtlh6pq2pbjeus,iamshaeo.bsky.social,,
11e4ab54e4cd4173b263bb7d770b47b6,2026-03-01T05:00:00Z,2026-03-01T05:19:20Z,auth,auth_enUS_labelerexp,at://did:plc:6brknehpd7ecbvd56ko6mhlm/app.bsky.feed.generator/aaaby3zazwhrq,suggested_labelerexp,49,at://did:plc:ieon4w5flxb7ibiyh4inkfmv/app.bsky.feed.post/3mfs5pvent22y,bafyreiat3s64fss3wjokxtnukjcqoa252uogrcwhbj7x3uc5vy7tkdaxj4,did:plc:ieon4w5flxb7ibiyh4inkfmv,americanstudier.bsky.social,,
11e4ab54e4cd4173b263bb7d770b47b6,2026-03-01T05:00:00Z,2026-03-01T05:19:20Z,auth,auth_enUS_labelerexp,at://did:plc:6brknehpd7ecbvd56ko6mhlm/app.bsky.feed.generator/aaaby3zazwhrq,suggested_labelerexp,50,at://did:plc:xkqbrq7fpbaaqxivrk33eoq4/app.bsky.feed.post/3mfrygpbol22j,bafyreigg2v37j4cll2z5pkdk7u4jvyivv32cijbuj6wiltah4zqwc6ofsm,did:plc:xkqbrq7fpbaaqxivrk33eoq4,chriskempshall.bsky.social,,
11e4ab54e4cd4173b263bb7d770b47b6,2026-03-01T05:00:00Z,2026-03-01T05:19:21Z,auth,auth_enUS_labelerexp,at://did:plc:7opjnfmb6gtbgjrsr3777ujx/app.bsky.feed.generator/aaagz4bmp5o3c,suggested_labelerexp,1,at://did:plc:sr636wx3zgs2jtzzdfhqzyun/app.bsky.feed.post/3mfxydqgq7c2g,bafyreicidis27ku4ndhurbaak25awoxmh3mqcefsy36f5osqyuxrp6pm3a,did:plc:sr636wx3zgs2jtzzdfhqzyun,markusacian.com,,
11e4ab54e4cd4173b263bb7d770b47b6,2026-03-01T05:00:00Z,2026-03-01T05:19:21Z,auth,auth_enUS_labelerexp,at://did:plc:7opjnfmb6gtbgjrsr3777ujx/app.bsky.feed.generator/aaagz4bmp5o3c,suggested_labelerexp,2,at://did:plc:pr5zctjzmuhbdvabnu4q3kvk/app.bsky.feed.post/3mfxxwe6kys2j,bafyreiajp3jydhh6hs2gwieiwbq4fjepxmjg63u3lh6giordcyvbbz3bte,did:plc:pr5zctjzmuhbdvabnu4q3kvk,senjadini7.bsky.social,,
11e4ab54e4cd4173b263bb7d770b47b6,2026-03-01T05:00:00Z,2026-03-01T05:19:21Z,auth,auth_enUS_labelerexp,at://did:plc:7opjnfmb6gtbgjrsr3777ujx/app.bsky.feed.generator/aaagz4bmp5o3c,suggested_labelerexp,3,at://did:plc:fkiygcc35pieyqdrucgnms4u/app.bsky.feed.post/3mfxxven4bc2k,bafyreifctq2ztyqoua5p7zzkm7q64437yg5uma7gcstc3zywxm3ocrsgwm,did:plc:fkiygcc35pieyqdrucgnms4u,hyunraa.bsky.social,,
11e4ab54e4cd4173b263bb7d770b47b6,2026-03-01T05:00:00Z,2026-03-01T05:19:21Z,auth,auth_enUS_labelerexp,at://did:plc:7opjnfmb6gtbgjrsr3777ujx/app.bsky.feed.generator/aaagz4bmp5o3c,suggested_labelerexp,4,at://did:plc:wm56qab4svugt7r65eji2dii/app.bsky.feed.post/3mfxxty7yok2j,bafyreiflivbyyhcoeclef52ps5ihtoqtdtyx7yqzkccimx6g6nkm5hs2ue,did:plc:wm56qab4svugt7r65eji2dii,lukitokarya1.bsky.social,,
11e4ab54e4cd4173b263bb7d770b47b6,2026-03-01T05:00:00Z,2026-03-01T05:19:21Z,auth,auth_enUS_labelerexp,at://did:plc:7opjnfmb6gtbgjrsr3777ujx/app.bsky.feed.generator/aaagz4bmp5o3c,suggested_labelerexp,5,at://did:plc:p7eztvlrvkh6mi3o6qzisdxe/app.bsky.feed.post/3mfxxsazehc2j,bafyreigxecs5l5wvmyyebqztfmewfjalppyq2cyzjyiyt76ivsjtfx3ewu,did:plc:p7eztvlrvkh6mi3o6qzisdxe,aestheticinaku123.bsky.social,,
11e4ab54e4cd4173b263bb7d770b47b6,2026-03-01T05:00:00Z,2026-03-01T05:19:21Z,auth,auth_enUS_labelerexp,at://did:plc:7opjnfmb6gtbgjrsr3777ujx/app.bsky.feed.generator/aaagz4bmp5o3c,suggested_labelerexp,6,at://did:plc:xoic7v2bwpx2ed6ee76pl3nq/app.bsky.feed.post/3mfxxlmahos2l,bafyreifty3ortv5tlss23gpwnk5dkyn5ntkflh2r6dxo7vl2o25cenhmay,did:plc:xoic7v2bwpx2ed6ee76pl3nq,ichihachihachi.bsky.social,,
11e4ab54e4cd4173b263bb7d770b47b6,2026-03-01T05:00:00Z,2026-03-01T05:19:21Z,auth,auth_enUS_labelerexp,at://did:plc:7opjnfmb6gtbgjrsr3777ujx/app.bsky.feed.generator/aaagz4bmp5o3c,suggested_labelerexp,7,at://did:plc:e6bwm67so46yqphervouo6ui/app.bsky.feed.post/3mfxwxkz4kc2x,bafyreiazw5r7uou45dtuoehvw7fbuar7scym76jnosulf5vqjirnzlgaji,did:plc:e6bwm67so46yqphervouo6ui,yamine.co,,
11e4ab54e4cd4173b263bb7d770b47b6,2026-03-01T05:00:00Z,2026-03-01T05:19:21Z,auth,auth_enUS_labelerexp,at://did:plc:7opjnfmb6gtbgjrsr3777ujx/app.bsky.feed.generator/aaagz4bmp5o3c,suggested_labelerexp,8,at://did:plc:5ipp27pkrxqtmoovkfowa3vj/app.bsky.feed.post/3mfxveok6qk2u,bafyreif5yllobmh3ldtmsjjaq7zkts2ob7dugnkmsv5ykl5f3mdg2u4xcu,did:plc:5ipp27pkrxqtmoovkfowa3vj,blueskyangga.bsky.social,,
11e4ab54e4cd4173b263bb7d770b47b6,2026-03-01T05:00:00Z,2026-03-01T05:19:21Z,auth,auth_enUS_labelerexp,at://did:plc:7opjnfmb6gtbgjrsr3777ujx/app.bsky.feed.generator/aaagz4bmp5o3c,suggested_labelerexp,9,at://did:plc:rdzyx7oc3suqqur5zvkyhfr4/app.bsky.feed.post/3mfxv2svstc2i,bafyreifsfrbb7a4qcubwnyikflaw45bmbcrlzi7fd2ghj2dy7xgl4yjbae,did:plc:rdzyx7oc3suqqur5zvkyhfr4,ftbszazah.bsky.social,,
11e4ab54e4cd4173b263bb7d770b47b6,2026-03-01T05:00:00Z,2026-03-01T05:19:21Z,auth,auth_enUS_labelerexp,at://did:plc:7opjnfmb6gtbgjrsr3777ujx/app.bsky.feed.generator/aaagz4bmp5o3c,suggested_labelerexp,10,at://did:plc:uowmqt524xpxe3ran7xlzyby/app.bsky.feed.post/3mfxusfsxxc23,bafyreiatqzzgczn6ljyd3ezklkktzlrj6gm3yji7zjnz2zz24ymbb7pxiu,did:plc:uowmqt524xpxe3ran7xlzyby,laggy.com.br,,
11e4ab54e4cd4173b263bb7d770b47b6,2026-03-01T05:00:00Z,2026-03-01T05:19:21Z,auth,auth_enUS_labelerexp,at://did:plc:7opjnfmb6gtbgjrsr3777ujx/app.bsky.feed.generator/aaagz4bmp5o3c,suggested_labelerexp,11,at://did:plc:retcqod3ot6bt4mywfyf6os5/app.bsky.feed.post/3mfxuscayb42v,bafyreiausl767khop357tbi63lh7afzn3q3orhpcusecfu2ehxd56y37em,did:plc:retcqod3ot6bt4mywfyf6os5,kompas.id,,
11e4ab54e4cd4173b263bb7d770b47b6,2026-03-01T05:00:00Z,2026-03-01T05:19:21Z,auth,auth_enUS_labelerexp,at://did:plc:7opjnfmb6gtbgjrsr3777ujx/app.bsky.feed.generator/aaagz4bmp5o3c,suggested_labelerexp,12,at://did:plc:22ngihvilgkyg3yttmxesksx/app.bsky.feed.post/3mfxuqraxqc2d,bafyreibuir2cshlz34z5xwznuwhzfjucaxxypjkgtx6emytdcqj3monztu,did:plc:22ngihvilgkyg3yttmxesksx,ioonasheeki.bsky.social,,
11e4ab54e4cd4173b263bb7d770b47b6,2026-03-01T05:00:00Z,2026-03-01T05:19:21Z,auth,auth_enUS_labelerexp,at://did:plc:7opjnfmb6gtbgjrsr3777ujx/app.bsky.feed.generator/aaagz4bmp5o3c,suggested_labelerexp,13,at://did:plc:6styobqnjkrow5ganamyf4qu/app.bsky.feed.post/3mfxup7meqa2m,bafyreidhdv3ylcpmmx3zj2iljoqjboenc56vac5ngedihyvamsd5ivuxue,did:plc:6styobqnjkrow5ganamyf4qu,lastquake.emsc.eu,,
11e4ab54e4cd4173b263bb7d770b47b6,2026-03-01T05:00:00Z,2026-03-01T05:19:21Z,auth,auth_enUS_labelerexp,at://did:plc:7opjnfmb6gtbgjrsr3777ujx/app.bsky.feed.generator/aaagz4bmp5o3c,suggested_labelerexp,14,at://did:plc:kamfluec4xljmhqakfy7i24z/app.bsky.feed.post/3mfxunozmt22b,bafyreieadrx7wlexsotfkliwz7rhd7agtonro7raimpqzyy3enhcvfeesu,did:plc:kamfluec4xljmhqakfy7i24z,potatoos.bsky.social,,
11e4ab54e4cd4173b263bb7d770b47b6,2026-03-01T05:00:00Z,2026-03-01T05:19:21Z,auth,auth_enUS_labelerexp,at://did:plc:7opjnfmb6gtbgjrsr3777ujx/app.bsky.feed.generator/aaagz4bmp5o3c,suggested_labelerexp,15,at://did:plc:xusnp6uhi2xmq25mkmh2caeo/app.bsky.feed.post/3mfxtstaumk2x,bafyreiazm557j6nk4zewgszsbxxollnypiezynhkln4s7rmas3ce4kqat4,did:plc:xusnp6uhi2xmq25mkmh2caeo,ohstania.bsky.social,,
11e4ab54e4cd4173b263bb7d770b47b6,2026-03-01T05:00:00Z,2026-03-01T05:19:21Z,auth,auth_enUS_labelerexp,at://did:plc:7opjnfmb6gtbgjrsr3777ujx/app.bsky.feed.generator/aaagz4bmp5o3c,suggested_labelerexp,16,at://did:plc:yr5coii7qrxfals27ukhejwh/app.bsky.feed.post/3mfxtj5kvjp2x,bafyreidsev5yaakbozkxgltyuzzz5ipmwdjnjlfo3n2qbxe4l3hqp23q54,did:plc:yr5coii7qrxfals27ukhejwh,infogempa.bsky.social,,
11e4ab54e4cd4173b263bb7d770b47b6,2026-03-01T05:00:00Z,2026-03-01T05:19:21Z,auth,auth_enUS_labelerexp,at://did:plc:7opjnfmb6gtbgjrsr3777ujx/app.bsky.feed.generator/aaagz4bmp5o3c,suggested_labelerexp,17,at://did:plc:uigitodwpc47l7henza57zv6/app.bsky.feed.post/3mfxsr3nd552t,bafyreih3gtawgdwblfw4uevjpfeidvpjeafpxa3m4af2yrvzou6shzrnia,did:plc:uigitodwpc47l7henza57zv6,eka-nihongo.bsky.social,,
11e4ab54e4cd4173b263bb7d770b47b6,2026-03-01T05:00:00Z,2026-03-01T05:19:21Z,auth,auth_enUS_labelerexp,at://did:plc:7opjnfmb6gtbgjrsr3777ujx/app.bsky.feed.generator/aaagz4bmp5o3c,suggested_labelerexp,18,at://did:plc:hulegx7uainxpulv5w4lpcmx/app.bsky.feed.post/3mfxspfi57s2s,bafyreib47ozanlp3kt6l7xnnekywasgvs33365thuae7xqau5vtui6wwyu,did:plc:hulegx7uainxpulv5w4lpcmx,otaku-anime.bsky.social,,
11e4ab54e4cd4173b263bb7d770b47b6,2026-03-01T05:00:00Z,2026-03-01T05:19:21Z,auth,auth_enUS_labelerexp,at://did:plc:7opjnfmb6gtbgjrsr3777ujx/app.bsky.feed.generator/aaagz4bmp5o3c,suggested_labelerexp,19,at://did:plc:rb7zmpjpwjea6lh42a2eo6is/app.bsky.feed.post/3mfxrwujrkn72,bafyreibrubpdk7uq76zrncoiikrlebbxn2u5uotgcnfovk544p57ndpcfa,did:plc:rb7zmpjpwjea6lh42a2eo6is,far1925.misskey.id.ap.brid.gy,,
11e4ab54e4cd4173b263bb7d770b47b6,2026-03-01T05:00:00Z,2026-03-01T05:19:21Z,auth,auth_enUS_labelerexp,at://did:plc:7opjnfmb6gtbgjrsr3777ujx/app.bsky.feed.generator/aaagz4bmp5o3c,suggested_labelerexp,20,at://did:plc:qih6fwpcuq6y6kf5fmazwjub/app.bsky.feed.post/3mfxrk4bpdc2q,bafyreiat4pasjesajzfcmjbqcrplnsly6s645zunnonfbmpkdhg7qnhd7i,did:plc:qih6fwpcuq6y6kf5fmazwjub,adnanbayu.bsky.social,,
11e4ab54e4cd4173b263bb7d770b47b6,2026-03-01T05:00:00Z,2026-03-01T05:19:21Z,auth,auth_enUS_labelerexp,at://did:plc:7opjnfmb6gtbgjrsr3777ujx/app.bsky.feed.generator/aaagz4bmp5o3c,suggested_labelerexp,21,at://did:plc:5latde4ghy2ie6tgqnw25fp7/app.bsky.feed.post/3mfxrh3rwqc2f,bafyreiadzcuikfbxamtlimzwlszqhxgor2xmbszge5yiuvlwyqr3nxm47e,did:plc:5latde4ghy2ie6tgqnw25fp7,vantnam.bsky.social,,
11e4ab54e4cd4173b263bb7d770b47b6,2026-03-01T05:00:00Z,2026-03-01T05:19:21Z,auth,auth_enUS_labelerexp,at://did:plc:7opjnfmb6gtbgjrsr3777ujx/app.bsky.feed.generator/aaagz4bmp5o3c,suggested_labelerexp,22,at://did:plc:tg6plzqgu7xmpkcs4rslr2h4/app.bsky.feed.post/3mfxrapb64k2q,bafyreigvxtnnhii4m5lroretacixs6okxnsxonjfoqqnlvs7yxfxpibqiy,did:plc:tg6plzqgu7xmpkcs4rslr2h4,arifgum.researchers.blue,,
11e4ab54e4cd4173b263bb7d770b47b6,2026-03-01T05:00:00Z,2026-03-01T05:19:21Z,auth,auth_enUS_labelerexp,at://did:plc:7opjnfmb6gtbgjrsr3777ujx/app.bsky.feed.generator/aaagz4bmp5o3c,suggested_labelerexp,23,at://did:plc:5latde4ghy2ie6tgqnw25fp7/app.bsky.feed.post/3mfxr3magl22f,bafyreiapr7w27ygv5i5dfrlt4fsofzwvnj26hho5c3ikw5rlmqbrmke2t4,did:plc:5latde4ghy2ie6tgqnw25fp7,vantnam.bsky.social,,
11e4ab54e4cd4173b263bb7d770b47b6,2026-03-01T05:00:00Z,2026-03-01T05:19:21Z,auth,auth_enUS_labelerexp,at://did:plc:7opjnfmb6gtbgjrsr3777ujx/app.bsky.feed.generator/aaagz4bmp5o3c,suggested_labelerexp,24,at://did:plc:5vw6pcyxb7cxlojrtttiy5fd/app.bsky.feed.post/3mfxqt42ons2p,bafyreihjn2htagmsyxfxcru4vwbaxwpwsu77ficowkqoumtfjvbgmftoiq,did:plc:5vw6pcyxb7cxlojrtttiy5fd,bunaholic.bsky.social,,
11e4ab54e4cd4173b263bb7d770b47b6,2026-03-01T05:00:00Z,2026-03-01T05:19:21Z,auth,auth_enUS_labelerexp,at://did:plc:7opjnfmb6gtbgjrsr3777ujx/app.bsky.feed.generator/aaagz4bmp5o3c,suggested_labelerexp,25,at://did:plc:5vw6pcyxb7cxlojrtttiy5fd/app.bsky.feed.post/3mfxpsf7qtk2p,bafyreidv7hf26px6jsdv573fe4ynembzamx5lh2dacz5fuilmayu3sqpcu,did:plc:5vw6pcyxb7cxlojrtttiy5fd,bunaholic.bsky.social,,
11e4ab54e4cd4173b263bb7d770b47b6,2026-03-01T05:00:00Z,2026-03-01T05:19:21Z,auth,auth_enUS_labelerexp,at://did:plc:7opjnfmb6gtbgjrsr3777ujx/app.bsky.feed.generator/aaagz4bmp5o3c,suggested_labelerexp,26,at://did:plc:nelfwxubhkzeoijuqqwxndva/app.bsky.feed.post/3mfxpfudzjs2g,bafyreidppqoxhzutbjc3aporsdpwmjdlzq56uwwnt7sk6fcr3djlxsihnm,did:plc:nelfwxubhkzeoijuqqwxndva,riankurniawnn.bsky.social,,
11e4ab54e4cd4173b263bb7d770b47b6,2026-03-01T05:00:00Z,2026-03-01T05:19:21Z,auth,auth_enUS_labelerexp,at://did:plc:7opjnfmb6gtbgjrsr3777ujx/app.bsky.feed.generator/aaagz4bmp5o3c,suggested_labelerexp,27,at://did:plc:nnx7fn5fxyvehmjmugv3mwca/app.bsky.feed.post/3mfxp47rfas2h,bafyreidb6gehlssvoly323psk3atkt7pc4rw7etwrjobx742ixduidbk7m,did:plc:nnx7fn5fxyvehmjmugv3mwca,dik54.bsky.social,,
11e4ab54e4cd4173b263bb7d770b47b6,2026-03-01T05:00:00Z,2026-03-01T05:19:21Z,auth,auth_enUS_labelerexp,at://did:plc:7opjnfmb6gtbgjrsr3777ujx/app.bsky.feed.generator/aaagz4bmp5o3c,suggested_labelerexp,28,at://did:plc:vfmsvdwvqgdrjs34fsktnfaj/app.bsky.feed.post/3mfxoh2aj622p,bafyreifio6qdm7i64irn7k5bm6goiu7req3ixzuzkqe47u4je5nz67qjty,did:plc:vfmsvdwvqgdrjs34fsktnfaj,mandy795.bsky.social,,
11e4ab54e4cd4173b263bb7d770b47b6,2026-03-01T05:00:00Z,2026-03-01T05:19:21Z,auth,auth_enUS_labelerexp,at://did:plc:7opjnfmb6gtbgjrsr3777ujx/app.bsky.feed.generator/aaagz4bmp5o3c,suggested_labelerexp,29,at://did:plc:o3o5qrs6mirql5jga34bgjwb/app.bsky.feed.post/3mfxnbwf6uc2x,bafyreiha4qf4t7ootdzs4bjnoqvyteulbmmuz55b6fxbm5lsjivia3n5rm,did:plc:o3o5qrs6mirql5jga34bgjwb,monicaaaaaaaaaaa.bsky.social,,
11e4ab54e4cd4173b263bb7d770b47b6,2026-03-01T05:00:00Z,2026-03-01T05:19:21Z,auth,auth_enUS_labelerexp,at://did:plc:7opjnfmb6gtbgjrsr3777ujx/app.bsky.feed.generator/aaagz4bmp5o3c,suggested_labelerexp,30,at://did:plc:m74g6nmrkhqcq45x3ouojgv5/app.bsky.feed.post/3mfxn27lwx22y,bafyreidfyj6mzjm7q7pmb2cbnmcqsh5knn6lp32q5u5725zwrtvqym3pcq,did:plc:m74g6nmrkhqcq45x3ouojgv5,t4qt4q14.bsky.social,,
11e4ab54e4cd4173b263bb7d770b47b6,2026-03-01T05:00:00Z,2026-03-01T05:19:21Z,auth,auth_enUS_labelerexp,at://did:plc:7opjnfmb6gtbgjrsr3777ujx/app.bsky.feed.generator/aaagz4bmp5o3c,suggested_labelerexp,31,at://did:plc:o3o5qrs6mirql5jga34bgjwb/app.bsky.feed.post/3mfxmyvwd622x,bafyreibh5ynzfi4x7gzrtsrpgepmbgqw7akpq7xbj6bkka4c3ofsvss54y,did:plc:o3o5qrs6mirql5jga34bgjwb,monicaaaaaaaaaaa.bsky.social,,
11e4ab54e4cd4173b263bb7d770b47b6,2026-03-01T05:00:00Z,2026-03-01T05:19:21Z,auth,auth_enUS_labelerexp,at://did:plc:7opjnfmb6gtbgjrsr3777ujx/app.bsky.feed.generator/aaagz4bmp5o3c,suggested_labelerexp,32,at://did:plc:tg6plzqgu7xmpkcs4rslr2h4/app.bsky.feed.post/3mfxltnweps2p,bafyreigfbwo6qtipcyops2jyvteaw3asnz7fifij7timdp6qas74tvbjcy,did:plc:tg6plzqgu7xmpkcs4rslr2h4,arifgum.researchers.blue,,
11e4ab54e4cd4173b263bb7d770b47b6,2026-03-01T05:00:00Z,2026-03-01T05:19:21Z,auth,auth_enUS_labelerexp,at://did:plc:7opjnfmb6gtbgjrsr3777ujx/app.bsky.feed.generator/aaagz4bmp5o3c,suggested_labelerexp,33,at://did:plc:tybolum5wrmgapisdcaik2ia/app.bsky.feed.post/3mfxl7gg2p22d,bafyreifzhclyxpszgjvsuckw23damrv4b4iwlghcermu4gdbidygtudjbu,did:plc:tybolum5wrmgapisdcaik2ia,adenaufal.bsky.social,,
11e4ab54e4cd4173b263bb7d770b47b6,2026-03-01T05:00:00Z,2026-03-01T05:19:21Z,auth,auth_enUS_labelerexp,at://did:plc:7opjnfmb6gtbgjrsr3777ujx/app.bsky.feed.generator/aaagz4bmp5o3c,suggested_labelerexp,34,at://did:plc:retcqod3ot6bt4mywfyf6os5/app.bsky.feed.post/3mfxkxkz57y2r,bafyreicty5rfh5mkaqvgmw4mnu7lvbwgbj3ic6rtgd6wkymeghcfaviyou,did:plc:retcqod3ot6bt4mywfyf6os5,kompas.id,,
11e4ab54e4cd4173b263bb7d770b47b6,2026-03-01T05:00:00Z,2026-03-01T05:19:21Z,auth,auth_enUS_labelerexp,at://did:plc:7opjnfmb6gtbgjrsr3777ujx/app.bsky.feed.generator/aaagz4bmp5o3c,suggested_labelerexp,35,at://did:plc:yr5coii7qrxfals27ukhejwh/app.bsky.feed.post/3mfxkdx6i6i2t,bafyreihqlwfdfdxsqrv7beexg5rzkyiayjdd2cb6nurj5dilua6vzw7mnm,did:plc:yr5coii7qrxfals27ukhejwh,infogempa.bsky.social,,
11e4ab54e4cd4173b263bb7d770b47b6,2026-03-01T05:00:00Z,2026-03-01T05:19:21Z,auth,auth_enUS_labelerexp,at://did:plc:7opjnfmb6gtbgjrsr3777ujx/app.bsky.feed.generator/aaagz4bmp5o3c,suggested_labelerexp,36,at://did:plc:igmirsjrepwhw7j4w6gijm3h/app.bsky.feed.post/3mfxkbkeuik2m,bafyreidk22obzr5s22vr5v4gmc7xu663yassbwinaauazbvybxkcjiw76y,did:plc:igmirsjrepwhw7j4w6gijm3h,momookzz.bsky.social,,
11e4ab54e4cd4173b263bb7d770b47b6,2026-03-01T05:00:00Z,2026-03-01T05:19:21Z,auth,auth_enUS_labelerexp,at://did:plc:7opjnfmb6gtbgjrsr3777ujx/app.bsky.feed.generator/aaagz4bmp5o3c,suggested_labelerexp,37,at://did:plc:iifhoaldb4n2lrcgbfbdmfs3/app.bsky.feed.post/3mfxjuaufwk24,bafyreibhxrs3w2qx3obqvrvbrpngk4sscyaeeiwtivpspmcwmzdggctqay,did:plc:iifhoaldb4n2lrcgbfbdmfs3,ritanurday.bsky.social,,
11e4ab54e4cd4173b263bb7d770b47b6,2026-03-01T05:00:00Z,2026-03-01T05:19:21Z,auth,auth_enUS_labelerexp,at://did:plc:7opjnfmb6gtbgjrsr3777ujx/app.bsky.feed.generator/aaagz4bmp5o3c,suggested_labelerexp,38,at://did:plc:splxjvlu3omt6u62ochywsns/app.bsky.feed.post/3mfxjkctwhs2g,bafyreieb56momfhhysflz4hvtbyjmh6mtafmtwhgopzca3kzaifnmgcfhi,did:plc:splxjvlu3omt6u62ochywsns,taffyluck.bsky.social,,
11e4ab54e4cd4173b263bb7d770b47b6,2026-03-01T05:00:00Z,2026-03-01T05:19:21Z,auth,auth_enUS_labelerexp,at://did:plc:7opjnfmb6gtbgjrsr3777ujx/app.bsky.feed.generator/aaagz4bmp5o3c,suggested_labelerexp,39,at://did:plc:2xidmok6f7dfsfxvzwfg7up2/app.bsky.feed.post/3mfxhlfvyes2j,bafyreifkpq7vm2rxdbuee3rv46oa7baewu5qcalluvu76j6dxjw2vg74l4,did:plc:2xidmok6f7dfsfxvzwfg7up2,dzhye.bsky.social,,
11e4ab54e4cd4173b263bb7d770b47b6,2026-03-01T05:00:00Z,2026-03-01T05:19:21Z,auth,auth_enUS_labelerexp,at://did:plc:7opjnfmb6gtbgjrsr3777ujx/app.bsky.feed.generator/aaagz4bmp5o3c,suggested_labelerexp,40,at://did:plc:23lmkbpeexw2tyi2okdlbxgm/app.bsky.feed.post/3mfxhgcxcb22b,bafyreig5jjhlr6jueq2wfdmqvplwti2xvjjdfo2euwyylaivzzi4oyjh4q,did:plc:23lmkbpeexw2tyi2okdlbxgm,arumamelia.bsky.social,,
11e4ab54e4cd4173b263bb7d770b47b6,2026-03-01T05:00:00Z,2026-03-01T05:19:21Z,auth,auth_enUS_labelerexp,at://did:plc:7opjnfmb6gtbgjrsr3777ujx/app.bsky.feed.generator/aaagz4bmp5o3c,suggested_labelerexp,41,at://did:plc:no6qyertct6sjnofrhhssjnn/app.bsky.feed.post/3mfxguoaue22r,bafyreidch34kok4tpldgkmdaa3jqgyw6s223jduoa7oecukfopqxq63dom,did:plc:no6qyertct6sjnofrhhssjnn,arielheryanto.com,,
11e4ab54e4cd4173b263bb7d770b47b6,2026-03-01T05:00:00Z,2026-03-01T05:19:21Z,auth,auth_enUS_labelerexp,at://did:plc:7opjnfmb6gtbgjrsr3777ujx/app.bsky.feed.generator/aaagz4bmp5o3c,suggested_labelerexp,42,at://did:plc:go2bcmsadpur2xclphjbtspb/app.bsky.feed.post/3mfxgfcccn22n,bafyreigmbg6uz5dlrkg3ytjbbwq7ek4642nb3rwhzvzr2q2bhpy7w2sxfa,did:plc:go2bcmsadpur2xclphjbtspb,danni.id,,
11e4ab54e4cd4173b263bb7d770b47b6,2026-03-01T05:00:00Z,2026-03-01T05:19:21Z,auth,auth_enUS_labelerexp,at://did:plc:7opjnfmb6gtbgjrsr3777ujx/app.bsky.feed.generator/aaagz4bmp5o3c,suggested_labelerexp,43,at://did:plc:tg6plzqgu7xmpkcs4rslr2h4/app.bsky.feed.post/3mfxffm3wls2x,bafyreigv26odgx7glzzx5t53qjlnzpbeq5mdyyvuk42pdeqkworjwa5moe,did:plc:tg6plzqgu7xmpkcs4rslr2h4,arifgum.researchers.blue,,
11e4ab54e4cd4173b263bb7d770b47b6,2026-03-01T05:00:00Z,2026-03-01T05:19:21Z,auth,auth_enUS_labelerexp,at://did:plc:7opjnfmb6gtbgjrsr3777ujx/app.bsky.feed.generator/aaagz4bmp5o3c,suggested_labelerexp,44,at://did:plc:7opjnfmb6gtbgjrsr3777ujx/app.bsky.feed.post/3mbomnhzfzk2w,bafyreidsr2wk73is33kv2uktgb3uir4mkwbopzpofoknlja4zhb3wwbmoe,did:plc:7opjnfmb6gtbgjrsr3777ujx,oops.wtf,,
11e4ab54e4cd4173b263bb7d770b47b6,2026-03-01T05:00:00Z,2026-03-01T05:19:21Z,auth,auth_enUS_labelerexp,at://did:plc:7opjnfmb6gtbgjrsr3777ujx/app.bsky.feed.generator/aaagz4bmp5o3c,suggested_labelerexp,45,at://did:plc:odrfjkp4ildw2bgnpwvwfufo/app.bsky.feed.post/3mfxf3vc4xs2l,bafyreia2ky2ukkoekhpchklrijncqjqjvz2pqd62dkpzrtox7nagufpozq,did:plc:odrfjkp4ildw2bgnpwvwfufo,zeinlazine.bsky.social,,
11e4ab54e4cd4173b263bb7d770b47b6,2026-03-01T05:00:00Z,2026-03-01T05:19:21Z,auth,auth_enUS_labelerexp,at://did:plc:7opjnfmb6gtbgjrsr3777ujx/app.bsky.feed.generator/aaagz4bmp5o3c,suggested_labelerexp,46,at://did:plc:6phszg7mlex6rzqljrpx6soi/app.bsky.feed.post/3mfxewcawyc2w,bafyreig3rlkiyue2khc7drrhr6wt7puy4ec2o3ujf2b6up7hc3d3uxokwu,did:plc:6phszg7mlex6rzqljrpx6soi,sunciss1.bsky.social,,
11e4ab54e4cd4173b263bb7d770b47b6,2026-03-01T05:00:00Z,2026-03-01T05:19:21Z,auth,auth_enUS_labelerexp,at://did:plc:7opjnfmb6gtbgjrsr3777ujx/app.bsky.feed.generator/aaagz4bmp5o3c,suggested_labelerexp,47,at://did:plc:gzqptk6q674cemygu2qagpor/app.bsky.feed.post/3mfxermvmj22v,bafyreidwrmsye3exsftvyhtbnllqvfceruku6c4qjnryeomnxlf7rlrlsq,did:plc:gzqptk6q674cemygu2qagpor,ruslando81.bsky.social,,
11e4ab54e4cd4173b263bb7d770b47b6,2026-03-01T05:00:00Z,2026-03-01T05:19:21Z,auth,auth_enUS_labelerexp,at://did:plc:7opjnfmb6gtbgjrsr3777ujx/app.bsky.feed.generator/aaagz4bmp5o3c,suggested_labelerexp,48,at://did:plc:nk2vzj5zix47w5mcu5bpesei/app.bsky.feed.post/3mfxdz566jc2y,bafyreia2z5prpsergvp6giy7ixra5u6mscg4ticjldbsvjj7bswcodn7da,did:plc:nk2vzj5zix47w5mcu5bpesei,skngwr.bsky.social,,
11e4ab54e4cd4173b263bb7d770b47b6,2026-03-01T05:00:00Z,2026-03-01T05:19:21Z,auth,auth_enUS_labelerexp,at://did:plc:7opjnfmb6gtbgjrsr3777ujx/app.bsky.feed.generator/aaagz4bmp5o3c,suggested_labelerexp,49,at://did:plc:z35letziwxnivmgthka5yhem/app.bsky.feed.post/3mfxdr7g2rc2l,bafyreiaqbn6yl7za2ushkj3exmvkk4bwyjhlhwjbw4pco32jdfac2d6rqy,did:plc:z35letziwxnivmgthka5yhem,sushiikanlele.bsky.social,,
11e4ab54e4cd4173b263bb7d770b47b6,2026-03-01T05:00:00Z,2026-03-01T05:19:21Z,auth,auth_enUS_labelerexp,at://did:plc:7opjnfmb6gtbgjrsr3777ujx/app.bsky.feed.generator/aaagz4bmp5o3c,suggested_labelerexp,50,at://did:plc:a5wvj2dcgjtrxxekh3ogxs6c/app.bsky.feed.post/3mfxcnxaxg22v,bafyreifbhb6r3fqc7j33yjf72ns2kvwypuizae7alfy4vjpwa3bwzsrrim,did:plc:a5wvj2dcgjtrxxekh3ogxs6c,malayanmongoloid.bsky.social,,
11e4ab54e4cd4173b263bb7d770b47b6,2026-03-01T05:00:00Z,2026-03-01T05:19:24Z,auth,auth_enUS_labelerexp,at://did:plc:geoqe3qls5mwezckxxsewys2/app.bsky.feed.generator/aaab4fazlcktw,suggested_labelerexp,1,at://did:plc:geoqe3qls5mwezckxxsewys2/app.bsky.feed.post/3lbqadado2s2r,bafyreiaboznhdqnbfdypgl26awhzodpk2c4dr6bulapvmup54zqwhenfdm,did:plc:geoqe3qls5mwezckxxsewys2,clarabelle.xyz,,
11e4ab54e4cd4173b263bb7d770b47b6,2026-03-01T05:00:00Z,2026-03-01T05:19:24Z,auth,auth_enUS_labelerexp,at://did:plc:geoqe3qls5mwezckxxsewys2/app.bsky.feed.generator/aaab4fazlcktw,suggested_labelerexp,2,at://did:plc:l5lvh4utf6cti6ukkgxardqo/app.bsky.feed.post/3mfxhz3p5ds2g,bafyreie5xklrd2ojjoltipdymbugfvcptbou4attfatev6mtk74j27ir4u,did:plc:l5lvh4utf6cti6ukkgxardqo,magentaratgirl.bsky.social,,
11e4ab54e4cd4173b263bb7d770b47b6,2026-03-01T05:00:00Z,2026-03-01T05:19:24Z,auth,auth_enUS_labelerexp,at://did:plc:geoqe3qls5mwezckxxsewys2/app.bsky.feed.generator/aaab4fazlcktw,suggested_labelerexp,3,at://did:plc:fkyiqcmbomwslwxiygfnxn4h/app.bsky.feed.post/3mfxgnd7vhc2s,bafyreifvftaqnqa3woqancg36brac5quwguk7ogm34gcukecxx22pvy3qq,did:plc:fkyiqcmbomwslwxiygfnxn4h,boobrossxo.bsky.social,,
11e4ab54e4cd4173b263bb7d770b47b6,2026-03-01T05:00:00Z,2026-03-01T05:19:24Z,auth,auth_enUS_labelerexp,at://did:plc:geoqe3qls5mwezckxxsewys2/app.bsky.feed.generator/aaab4fazlcktw,suggested_labelerexp,4,at://did:plc:e7svknnzsrpteqytgj3v2i35/app.bsky.feed.post/3mfxoy76rbs25,bafyreie6kmscflsx3trli3dvbqvduozz2bqrjufki33ny2owa37xnkvlra,did:plc:e7svknnzsrpteqytgj3v2i35,kristycake.bsky.social,,
11e4ab54e4cd4173b263bb7d770b47b6,2026-03-01T05:00:00Z,2026-03-01T05:19:24Z,auth,auth_enUS_labelerexp,at://did:plc:geoqe3qls5mwezckxxsewys2/app.bsky.feed.generator/aaab4fazlcktw,suggested_labelerexp,5,at://did:plc:kfdtroqa5qqcslgr5aezqmed/app.bsky.feed.post/3mfwtmhydhs2p,bafyreibumfxtjwpzsyxxx4lrxlmaz3y267a5kqyyvx4kbsu3bnxwmo7mlu,did:plc:kfdtroqa5qqcslgr5aezqmed,alkalinesugar.bsky.social,,
11e4ab54e4cd4173b263bb7d770b47b6,2026-03-01T05:00:00Z,2026-03-01T05:19:24Z,auth,auth_enUS_labelerexp,at://did:plc:geoqe3qls5mwezckxxsewys2/app.bsky.feed.generator/aaab4fazlcktw,suggested_labelerexp,6,at://did:plc:uvnrxnb4fvrxwf5u7mccjxao/app.bsky.feed.post/3mfxqmpplok2c,bafyreigadfq3xuqo523zazxlvl4ehgzwi2cj4mpk5cptlj3qanutufrvpy,did:plc:uvnrxnb4fvrxwf5u7mccjxao,bunniiboi.bsky.social,,
11e4ab54e4cd4173b263bb7d770b47b6,2026-03-01T05:00:00Z,2026-03-01T05:19:24Z,auth,auth_enUS_labelerexp,at://did:plc:geoqe3qls5mwezckxxsewys2/app.bsky.feed.generator/aaab4fazlcktw,suggested_labelerexp,7,at://did:plc:cgwuaagxu7q5zrn5jrnmznkt/app.bsky.feed.post/3mfwuk73l7c2q,bafyreidyuzcocg3dcunoqjypzaqj7qtoogv22klz6mw4oslsbkx5hqqsla,did:plc:cgwuaagxu7q5zrn5jrnmznkt,mysteriousmays.bsky.social,,
11e4ab54e4cd4173b263bb7d770b47b6,2026-03-01T05:00:00Z,2026-03-01T05:19:24Z,auth,auth_enUS_labelerexp,at://did:plc:geoqe3qls5mwezckxxsewys2/app.bsky.feed.generator/aaab4fazlcktw,suggested_labelerexp,8,at://did:plc:gj34i3di3brtgzb4fpffq7fh/app.bsky.feed.post/3mfximvue5s25,bafyreiftr3rluf5jeqxiso27svdwsamjnvlippppa2qbug47rjkutopzlm,did:plc:gj34i3di3brtgzb4fpffq7fh,goddesscc.bsky.social,,
11e4ab54e4cd4173b263bb7d770b47b6,2026-03-01T05:00:00Z,2026-03-01T05:19:24Z,auth,auth_enUS_labelerexp,at://did:plc:geoqe3qls5mwezckxxsewys2/app.bsky.feed.generator/aaab4fazlcktw,suggested_labelerexp,9,at://did:plc:rjw4th5sup2pg7cz2b2ranmt/app.bsky.feed.post/3mfx67hxjnc27,bafyreigiyqftzfgnu5tycwd6ytp3i4kwp47apdvxfj34wejlktgxgizmpe,did:plc:rjw4th5sup2pg7cz2b2ranmt,thenikkinaughty.bsky.social,,
11e4ab54e4cd4173b263bb7d770b47b6,2026-03-01T05:00:00Z,2026-03-01T05:19:24Z,auth,auth_enUS_labelerexp,at://did:plc:geoqe3qls5mwezckxxsewys2/app.bsky.feed.generator/aaab4fazlcktw,suggested_labelerexp,10,at://did:plc:en722jgcbop7mxw5nuu7v2so/app.bsky.feed.post/3mftid3gh6c2y,bafyreidud6e45ldedcwtehyfigoggcl6gfnqkcyzd2iezqoanr3fmbjkfy,did:plc:en722jgcbop7mxw5nuu7v2so,anna-bianca.com,,
11e4ab54e4cd4173b263bb7d770b47b6,2026-03-01T05:00:00Z,2026-03-01T05:19:24Z,auth,auth_enUS_labelerexp,at://did:plc:geoqe3qls5mwezckxxsewys2/app.bsky.feed.generator/aaab4fazlcktw,suggested_labelerexp,11,at://did:plc:ils2ugqftwvm7vkwu545ey3p/app.bsky.feed.post/3mfx6zyxqhc2d,bafyreies37z4chon36c7dzyisglf4aet6dp2sb7m77of4yxhy6dsmnf53e,did:plc:ils2ugqftwvm7vkwu545ey3p,rawstrawberry.bsky.social,,
11e4ab54e4cd4173b263bb7d770b47b6,2026-03-01T05:00:00Z,2026-03-01T05:19:24Z,auth,auth_enUS_labelerexp,at://did:plc:geoqe3qls5mwezckxxsewys2/app.bsky.feed.generator/aaab4fazlcktw,suggested_labelerexp,12,at://did:plc:geoqe3qls5mwezckxxsewys2/app.bsky.feed.post/3ldvxefxdck2t,bafyreib7bd365m7rjads2cur5y7s4m2gdyahp4h5xm6stjhetyrzhg4nly,did:plc:geoqe3qls5mwezckxxsewys2,clarabelle.xyz,,
11e4ab54e4cd4173b263bb7d770b47b6,2026-03-01T05:00:00Z,2026-03-01T05:19:24Z,auth,auth_enUS_labelerexp,at://did:plc:geoqe3qls5mwezckxxsewys2/app.bsky.feed.generator/aaab4fazlcktw,suggested_labelerexp,13,at://did:plc:zg2f7er35myckqolprwsqvg6/app.bsky.feed.post/3mfwohclmk52n,bafyreibf7e5qkuv7ccgajl5lmslbeix4ftbimkl22japnrasa6xjx5juya,did:plc:zg2f7er35myckqolprwsqvg6,karaedens.bsky.social,,
11e4ab54e4cd4173b263bb7d770b47b6,2026-03-01T05:00:00Z,2026-03-01T05:19:24Z,auth,auth_enUS_labelerexp,at://did:plc:geoqe3qls5mwezckxxsewys2/app.bsky.feed.generator/aaab4fazlcktw,suggested_labelerexp,14,at://did:plc:mgyscoovtrthsjm6nqmpyfvh/app.bsky.feed.post/3mfuxuyznvo2k,bafyreidnuwn6c2rd5v2z5pkwi6lty7kbenv5zbqvvzu6mlxvz32ky564e4,did:plc:mgyscoovtrthsjm6nqmpyfvh,emily-mills1.bsky.social,,
11e4ab54e4cd4173b263bb7d770b47b6,2026-03-01T05:00:00Z,2026-03-01T05:19:24Z,auth,auth_enUS_labelerexp,at://did:plc:geoqe3qls5mwezckxxsewys2/app.bsky.feed.generator/aaab4fazlcktw,suggested_labelerexp,15,at://did:plc:eog54nyoh4hq42lzvqknnxr4/app.bsky.feed.post/3mfuzfzshgk2o,bafyreic4f675mnaflx5auhvtklbk5rjdyn7ub5bygp2quvwzybrigiqc3a,did:plc:eog54nyoh4hq42lzvqknnxr4,freya-hot.pink,,
11e4ab54e4cd4173b263bb7d770b47b6,2026-03-01T05:00:00Z,2026-03-01T05:19:24Z,auth,auth_enUS_labelerexp,at://did:plc:geoqe3qls5mwezckxxsewys2/app.bsky.feed.generator/aaab4fazlcktw,suggested_labelerexp,16,at://did:plc:qpbhtkbi2ium63l7j2fmusge/app.bsky.feed.post/3mfvm4hwunc2u,bafyreiflltl75hn6cxp4gp2fiuixujui6nfbfzv6an5lmb67dipku6jvzy,did:plc:qpbhtkbi2ium63l7j2fmusge,imronijames.com,,
11e4ab54e4cd4173b263bb7d770b47b6,2026-03-01T05:00:00Z,2026-03-01T05:19:24Z,auth,auth_enUS_labelerexp,at://did:plc:geoqe3qls5mwezckxxsewys2/app.bsky.feed.generator/aaab4fazlcktw,suggested_labelerexp,17,at://did:plc:tp7ppz6a3eyduaw4z6kp3k2k/app.bsky.feed.post/3mfwydov3mx2v,bafyreie4jmbnjqjhgkzx2abcoyyto4u6e5b6mrcm3pptk3olfijdvvyoje,did:plc:tp7ppz6a3eyduaw4z6kp3k2k,scoobsboobs.bsky.social,,
11e4ab54e4cd4173b263bb7d770b47b6,2026-03-01T05:00:00Z,2026-03-01T05:19:24Z,auth,auth_enUS_labelerexp,at://did:plc:geoqe3qls5mwezckxxsewys2/app.bsky.feed.generator/aaab4fazlcktw,suggested_labelerexp,18,at://did:plc:tp7ppz6a3eyduaw4z6kp3k2k/app.bsky.feed.post/3mfx5f56cwc26,bafyreihwiw6vw227jopg3rhmwc6sc3l7w44dkn5prekehelz7tiken3xrq,did:plc:tp7ppz6a3eyduaw4z6kp3k2k,scoobsboobs.bsky.social,,
11e4ab54e4cd4173b263bb7d770b47b6,2026-03-01T05:00:00Z,2026-03-01T05:19:24Z,auth,auth_enUS_labelerexp,at://did:plc:geoqe3qls5mwezckxxsewys2/app.bsky.feed.generator/aaab4fazlcktw,suggested_labelerexp,19,at://did:plc:3pksgj3wxoybaziaohtdvb3b/app.bsky.feed.post/3mfw4t4p3tc2k,bafyreifpj3r5iagend5tqyi3rlcfrwex5g6n4iixof3l66q2x7jlnqiitm,did:plc:3pksgj3wxoybaziaohtdvb3b,amillane.bsky.social,,
11e4ab54e4cd4173b263bb7d770b47b6,2026-03-01T05:00:00Z,2026-03-01T05:19:24Z,auth,auth_enUS_labelerexp,at://did:plc:geoqe3qls5mwezckxxsewys2/app.bsky.feed.generator/aaab4fazlcktw,suggested_labelerexp,20,at://did:plc:mgyscoovtrthsjm6nqmpyfvh/app.bsky.feed.post/3mfsfr7b3pu2o,bafyreicmpnb4prmkauvbgjgyujhzb4fnf2w7hoftwtovchwh5je5r47spm,did:plc:mgyscoovtrthsjm6nqmpyfvh,emily-mills1.bsky.social,,
11e4ab54e4cd4173b263bb7d770b47b6,2026-03-01T05:00:00Z,2026-03-01T05:19:24Z,auth,auth_enUS_labelerexp,at://did:plc:geoqe3qls5mwezckxxsewys2/app.bsky.feed.generator/aaab4fazlcktw,suggested_labelerexp,21,at://did:plc:76elmnpi42iyylpccqhb6svq/app.bsky.feed.post/3mfvq4cf4u22h,bafyreid76yzrwq7s3blw6n7nuwgyswmnqyxjhmj3vccmbqoqsjihkbezie,did:plc:76elmnpi42iyylpccqhb6svq,lyrikanoir.bsky.social,,
11e4ab54e4cd4173b263bb7d770b47b6,2026-03-01T05:00:00Z,2026-03-01T05:19:24Z,auth,auth_enUS_labelerexp,at://did:plc:geoqe3qls5mwezckxxsewys2/app.bsky.feed.generator/aaab4fazlcktw,suggested_labelerexp,22,at://did:plc:mgyscoovtrthsjm6nqmpyfvh/app.bsky.feed.post/3mfudtdcria2k,bafyreieufo2htpnlnafroziqsfqamez56l2mzospxvgdn363hrvuva54ty,did:plc:mgyscoovtrthsjm6nqmpyfvh,emily-mills1.bsky.social,,
11e4ab54e4cd4173b263bb7d770b47b6,2026-03-01T05:00:00Z,2026-03-01T05:19:24Z,auth,auth_enUS_labelerexp,at://did:plc:geoqe3qls5mwezckxxsewys2/app.bsky.feed.generator/aaab4fazlcktw,suggested_labelerexp,23,at://did:plc:krxw5pfkylqftdfrqivj6quh/app.bsky.feed.post/3mfuunnqlh22p,bafyreicrodgtax3v76wnawztusmjueysvd376x3z7weznov54ui54tq6qa,did:plc:krxw5pfkylqftdfrqivj6quh,kittferal.bsky.social,,
11e4ab54e4cd4173b263bb7d770b47b6,2026-03-01T05:00:00Z,2026-03-01T05:19:24Z,auth,auth_enUS_labelerexp,at://did:plc:geoqe3qls5mwezckxxsewys2/app.bsky.feed.generator/aaab4fazlcktw,suggested_labelerexp,24,at://did:plc:gkprbncw53ytjivktrgicdf2/app.bsky.feed.post/3mfsj2yzn622t,bafyreiebltdcrua2wbnabrnzkqgow7qsfowlv6kwlbhebgzahbyn26wi3y,did:plc:gkprbncw53ytjivktrgicdf2,goddessgoblin.bsky.social,,
11e4ab54e4cd4173b263bb7d770b47b6,2026-03-01T05:00:00Z,2026-03-01T05:19:24Z,auth,auth_enUS_labelerexp,at://did:plc:geoqe3qls5mwezckxxsewys2/app.bsky.feed.generator/aaab4fazlcktw,suggested_labelerexp,25,at://did:plc:7b6wl6ttpdaynkosouvgsp3l/app.bsky.feed.post/3mfvx3cwvuc2l,bafyreibgohs4d4hvwmqk3y2dskuyhgq47afpwwztpvcja4lsl45dtjv7vq,did:plc:7b6wl6ttpdaynkosouvgsp3l,msadaukta.bsky.social,,
11e4ab54e4cd4173b263bb7d770b47b6,2026-03-01T05:00:00Z,2026-03-01T05:19:24Z,auth,auth_enUS_labelerexp,at://did:plc:geoqe3qls5mwezckxxsewys2/app.bsky.feed.generator/aaab4fazlcktw,suggested_labelerexp,26,at://did:plc:mgyscoovtrthsjm6nqmpyfvh/app.bsky.feed.post/3mftuu6vdb32j,bafyreial4mld5aaepwgsunffktpubpntyzdsbutm6znohwobez2z6cr6a4,did:plc:mgyscoovtrthsjm6nqmpyfvh,emily-mills1.bsky.social,,
11e4ab54e4cd4173b263bb7d770b47b6,2026-03-01T05:00:00Z,2026-03-01T05:19:24Z,auth,auth_enUS_labelerexp,at://did:plc:geoqe3qls5mwezckxxsewys2/app.bsky.feed.generator/aaab4fazlcktw,suggested_labelerexp,27,at://did:plc:knkud3qm25oxhlwh6mlzthqw/app.bsky.feed.post/3mftpgbcfr22z,bafyreigyb7ackillmb342gi5t2ouzst5luxoxre54tljg5zyn374lokp3a,did:plc:knkud3qm25oxhlwh6mlzthqw,iammazin.bsky.social,,
11e4ab54e4cd4173b263bb7d770b47b6,2026-03-01T05:00:00Z,2026-03-01T05:19:24Z,auth,auth_enUS_labelerexp,at://did:plc:geoqe3qls5mwezckxxsewys2/app.bsky.feed.generator/aaab4fazlcktw,suggested_labelerexp,28,at://did:plc:56k2nezrmazpr5m7zae62wn6/app.bsky.feed.post/3mfwyimubd22a,bafyreibswrrrgeej5oks7ifxfnhi4yjcd6tfpvqtbsdi2uudoj62wxdmje,did:plc:56k2nezrmazpr5m7zae62wn6,dollaki.bsky.social,,
11e4ab54e4cd4173b263bb7d770b47b6,2026-03-01T05:00:00Z,2026-03-01T05:19:24Z,auth,auth_enUS_labelerexp,at://did:plc:geoqe3qls5mwezckxxsewys2/app.bsky.feed.generator/aaab4fazlcktw,suggested_labelerexp,29,at://did:plc:7b6wl6ttpdaynkosouvgsp3l/app.bsky.feed.post/3mfu6bq7wss2n,bafyreibcs2a3ser6cirdt7wc64fxvmkdms2qrzd3yghzkw2cgksr5pzj6q,did:plc:7b6wl6ttpdaynkosouvgsp3l,msadaukta.bsky.social,,
11e4ab54e4cd4173b263bb7d770b47b6,2026-03-01T05:00:00Z,2026-03-01T05:19:24Z,auth,auth_enUS_labelerexp,at://did:plc:geoqe3qls5mwezckxxsewys2/app.bsky.feed.generator/aaab4fazlcktw,suggested_labelerexp,30,at://did:plc:pq4cdu3tjsja7mahlbelshkx/app.bsky.feed.post/3mfwnjdh7j62u,bafyreig2ffn2r6q4n2bl335sgh3wrv63d7cji64yyknzmrg7nhycvkxuhi,did:plc:pq4cdu3tjsja7mahlbelshkx,scoobsboobsx.bsky.social,,
11e4ab54e4cd4173b263bb7d770b47b6,2026-03-01T05:00:00Z,2026-03-01T05:19:24Z,auth,auth_enUS_labelerexp,at://did:plc:geoqe3qls5mwezckxxsewys2/app.bsky.feed.generator/aaab4fazlcktw,suggested_labelerexp,31,at://did:plc:vfq4a4xdfre2coauvo7na7uh/app.bsky.feed.post/3mfvjo6kuqc2n,bafyreig3cnxkdophrrpabk7dhquxn7r6cs77znv66otevzpraxnnpolbzq,did:plc:vfq4a4xdfre2coauvo7na7uh,silverroyal219.bsky.social,,
11e4ab54e4cd4173b263bb7d770b47b6,2026-03-01T05:00:00Z,2026-03-01T05:19:24Z,auth,auth_enUS_labelerexp,at://did:plc:geoqe3qls5mwezckxxsewys2/app.bsky.feed.generator/aaab4fazlcktw,suggested_labelerexp,32,at://did:plc:w5piffuqepcuz3dxvs4wrxd5/app.bsky.feed.post/3mfn7alyqt222,bafyreiek4njmhrkuujuubt7rbpamdzdl7wpc243f5cklmrj52hswndodfm,did:plc:w5piffuqepcuz3dxvs4wrxd5,mrspjhaverstock.bsky.social,,
11e4ab54e4cd4173b263bb7d770b47b6,2026-03-01T05:00:00Z,2026-03-01T05:19:24Z,auth,auth_enUS_labelerexp,at://did:plc:geoqe3qls5mwezckxxsewys2/app.bsky.feed.generator/aaab4fazlcktw,suggested_labelerexp,33,at://did:plc:d7uvisqupt2veejhfgun3pgn/app.bsky.feed.post/3mfvtjc6uvy2o,bafyreiduiuyd7yczi7tdmczsmebh6p2mihrv6xtihhqvedqrb7q7ji4jce,did:plc:d7uvisqupt2veejhfgun3pgn,nimueallen.bsky.social,,
11e4ab54e4cd4173b263bb7d770b47b6,2026-03-01T05:00:00Z,2026-03-01T05:19:24Z,auth,auth_enUS_labelerexp,at://did:plc:geoqe3qls5mwezckxxsewys2/app.bsky.feed.generator/aaab4fazlcktw,suggested_labelerexp,34,at://did:plc:4nqil5vhndjdxzm4b2vrk5v2/app.bsky.feed.post/3mfskftmqes2h,bafyreiao4cjwvekxfft6s6uzjcimscq4q66s2ahxvuit6hoxji7ktv3j2a,did:plc:4nqil5vhndjdxzm4b2vrk5v2,rylandbabylove.bsky.social,,
11e4ab54e4cd4173b263bb7d770b47b6,2026-03-01T05:00:00Z,2026-03-01T05:19:24Z,auth,auth_enUS_labelerexp,at://did:plc:geoqe3qls5mwezckxxsewys2/app.bsky.feed.generator/aaab4fazlcktw,suggested_labelerexp,35,at://did:plc:kfdtroqa5qqcslgr5aezqmed/app.bsky.feed.post/3mfsjqgi7g224,bafyreidexqnruhiilljcxdrwxuhmvvpot4notlmezetu64ahyqm2h7rjqe,did:plc:kfdtroqa5qqcslgr5aezqmed,alkalinesugar.bsky.social,,
11e4ab54e4cd4173b263bb7d770b47b6,2026-03-01T05:00:00Z,2026-03-01T05:19:24Z,auth,auth_enUS_labelerexp,at://did:plc:geoqe3qls5mwezckxxsewys2/app.bsky.feed.generator/aaab4fazlcktw,suggested_labelerexp,36,at://did:plc:ezo3dbcm3xqwfcnjndbgdutr/app.bsky.feed.post/3mfscboniyc2t,bafyreicvu7fgunrvenif7uujlinqlg6stt477jcriadlodenbnh43r4qhu,did:plc:ezo3dbcm3xqwfcnjndbgdutr,innocentabby.bsky.social,,
11e4ab54e4cd4173b263bb7d770b47b6,2026-03-01T05:00:00Z,2026-03-01T05:19:24Z,auth,auth_enUS_labelerexp,at://did:plc:geoqe3qls5mwezckxxsewys2/app.bsky.feed.generator/aaab4fazlcktw,suggested_labelerexp,37,at://did:plc:zg2f7er35myckqolprwsqvg6/app.bsky.feed.post/3mft57ygpkx2s,bafyreicznxasyh3lanspmzhuca3ddlbckp6izak4vjhd4ckrba6cxrlhs4,did:plc:zg2f7er35myckqolprwsqvg6,karaedens.bsky.social,,
11e4ab54e4cd4173b263bb7d770b47b6,2026-03-01T05:00:00Z,2026-03-01T05:19:24Z,auth,auth_enUS_labelerexp,at://did:plc:geoqe3qls5mwezckxxsewys2/app.bsky.feed.generator/aaab4fazlcktw,suggested_labelerexp,38,at://did:plc:7b6wl6ttpdaynkosouvgsp3l/app.bsky.feed.post/3mfulcaysrs27,bafyreicqjcyu5w5oinjvxpdwk7agysg5ilgec4nmkwbxt2ubbiaigljyfu,did:plc:7b6wl6ttpdaynkosouvgsp3l,msadaukta.bsky.social,,
11e4ab54e4cd4173b263bb7d770b47b6,2026-03-01T05:00:00Z,2026-03-01T05:19:24Z,auth,auth_enUS_labelerexp,at://did:plc:geoqe3qls5mwezckxxsewys2/app.bsky.feed.generator/aaab4fazlcktw,suggested_labelerexp,39,at://did:plc:pq4cdu3tjsja7mahlbelshkx/app.bsky.feed.post/3mfrshknhro2h,bafyreiekacyd4nyjh6slrrohdnstsqacqkammidpibz4rwqv2mpqez7usq,did:plc:pq4cdu3tjsja7mahlbelshkx,scoobsboobsx.bsky.social,,
11e4ab54e4cd4173b263bb7d770b47b6,2026-03-01T05:00:00Z,2026-03-01T05:19:24Z,auth,auth_enUS_labelerexp,at://did:plc:geoqe3qls5mwezckxxsewys2/app.bsky.feed.generator/aaab4fazlcktw,suggested_labelerexp,40,at://did:plc:ils2ugqftwvm7vkwu545ey3p/app.bsky.feed.post/3mfqbecauuc2w,bafyreia3qgb3sy5v6x5mqsosham2un73x7nnekoimqiukmlsvgfe5k3i7y,did:plc:ils2ugqftwvm7vkwu545ey3p,rawstrawberry.bsky.social,,
11e4ab54e4cd4173b263bb7d770b47b6,2026-03-01T05:00:00Z,2026-03-01T05:19:24Z,auth,auth_enUS_labelerexp,at://did:plc:geoqe3qls5mwezckxxsewys2/app.bsky.feed.generator/aaab4fazlcktw,suggested_labelerexp,41,at://did:plc:zg6vij2hbv6jh3ilk3ow3vsj/app.bsky.feed.post/3mftt6wcnn22c,bafyreihbceoy722dlnx5xkhzmj6r3qrpp2rmaffuo7a2evgv2cmw7ibdle,did:plc:zg6vij2hbv6jh3ilk3ow3vsj,itsdollypop.bsky.social,,
11e4ab54e4cd4173b263bb7d770b47b6,2026-03-01T05:00:00Z,2026-03-01T05:19:24Z,auth,auth_enUS_labelerexp,at://did:plc:geoqe3qls5mwezckxxsewys2/app.bsky.feed.generator/aaab4fazlcktw,suggested_labelerexp,42,at://did:plc:ednm6fu723hx5hkmuy6j7qhs/app.bsky.feed.post/3mfuqhrygyk25,bafyreib4t3zoa3dy3trxliipyd5hvifxdh65xruaonnmugyn6wu7ijvxs4,did:plc:ednm6fu723hx5hkmuy6j7qhs,saturnmarz.bsky.social,,
11e4ab54e4cd4173b263bb7d770b47b6,2026-03-01T05:00:00Z,2026-03-01T05:19:24Z,auth,auth_enUS_labelerexp,at://did:plc:geoqe3qls5mwezckxxsewys2/app.bsky.feed.generator/aaab4fazlcktw,suggested_labelerexp,43,at://did:plc:7b6wl6ttpdaynkosouvgsp3l/app.bsky.feed.post/3mftx4uygms2n,bafyreicqwtepshn2caf6szqyi2nyc3nkugocsnxn5ikgkagb54cb4mgtfa,did:plc:7b6wl6ttpdaynkosouvgsp3l,msadaukta.bsky.social,,
11e4ab54e4cd4173b263bb7d770b47b6,2026-03-01T05:00:00Z,2026-03-01T05:19:24Z,auth,auth_enUS_labelerexp,at://did:plc:geoqe3qls5mwezckxxsewys2/app.bsky.feed.generator/aaab4fazlcktw,suggested_labelerexp,44,at://did:plc:z732wi7dnab4qmh5du4gtgmx/app.bsky.feed.post/3mfrhk4g4tj2s,bafyreid2wczufvmfvm4bs3llvo6johvtayt7syblzeeqp375jyjafvnyje,did:plc:z732wi7dnab4qmh5du4gtgmx,lustingafterlacey.bsky.social,,
11e4ab54e4cd4173b263bb7d770b47b6,2026-03-01T05:00:00Z,2026-03-01T05:19:24Z,auth,auth_enUS_labelerexp,at://did:plc:geoqe3qls5mwezckxxsewys2/app.bsky.feed.generator/aaab4fazlcktw,suggested_labelerexp,45,at://did:plc:s3iia424wxtxlz4fcdqavlc2/app.bsky.feed.post/3mfvwai2wkk27,bafyreihehrthymqivkkloye4jm5nfa7wpjgcva3zq4bcsj6zwgd4udo5au,did:plc:s3iia424wxtxlz4fcdqavlc2,mistyfknmorgan.bsky.social,,
11e4ab54e4cd4173b263bb7d770b47b6,2026-03-01T05:00:00Z,2026-03-01T05:19:24Z,auth,auth_enUS_labelerexp,at://did:plc:geoqe3qls5mwezckxxsewys2/app.bsky.feed.generator/aaab4fazlcktw,suggested_labelerexp,46,at://did:plc:mgyscoovtrthsjm6nqmpyfvh/app.bsky.feed.post/3mfrawejqui2o,bafyreif2fghbkazomeui5nsrpuoiiegzyvxetn7yor6etimm22x5hrgh2e,did:plc:mgyscoovtrthsjm6nqmpyfvh,emily-mills1.bsky.social,,
11e4ab54e4cd4173b263bb7d770b47b6,2026-03-01T05:00:00Z,2026-03-01T05:19:24Z,auth,auth_enUS_labelerexp,at://did:plc:geoqe3qls5mwezckxxsewys2/app.bsky.feed.generator/aaab4fazlcktw,suggested_labelerexp,47,at://did:plc:bdwvql3fkfqjg4hi4swymqwz/app.bsky.feed.post/3mfr3nzcpv22x,bafyreieguiruia2bduwpnow7awiry2nmxo6n4oo272irz6fvaavl6npzlm,did:plc:bdwvql3fkfqjg4hi4swymqwz,serrarae.bsky.social,,
11e4ab54e4cd4173b263bb7d770b47b6,2026-03-01T05:00:00Z,2026-03-01T05:19:24Z,auth,auth_enUS_labelerexp,at://did:plc:geoqe3qls5mwezckxxsewys2/app.bsky.feed.generator/aaab4fazlcktw,suggested_labelerexp,48,at://did:plc:mgyscoovtrthsjm6nqmpyfvh/app.bsky.feed.post/3mfq5oe23w426,bafyreiegwjcbgrfcxy3ul2om4ubfb42o5gucq6vggex3enkcmvw6zf7mwe,did:plc:mgyscoovtrthsjm6nqmpyfvh,emily-mills1.bsky.social,,
11e4ab54e4cd4173b263bb7d770b47b6,2026-03-01T05:00:00Z,2026-03-01T05:19:24Z,auth,auth_enUS_labelerexp,at://did:plc:geoqe3qls5mwezckxxsewys2/app.bsky.feed.generator/aaab4fazlcktw,suggested_labelerexp,49,at://did:plc:pq4cdu3tjsja7mahlbelshkx/app.bsky.feed.post/3mfovfsbnp42t,bafyreiet7yzlgkn5xuoky2g5hfhb3cmyyjnei464j7gofagyatlp5vjidi,did:plc:pq4cdu3tjsja7mahlbelshkx,scoobsboobsx.bsky.social,,
11e4ab54e4cd4173b263bb7d770b47b6,2026-03-01T05:00:00Z,2026-03-01T05:19:24Z,auth,auth_enUS_labelerexp,at://did:plc:geoqe3qls5mwezckxxsewys2/app.bsky.feed.generator/aaab4fazlcktw,suggested_labelerexp,50,at://did:plc:vfq4a4xdfre2coauvo7na7uh/app.bsky.feed.post/3mfug2wl56s2n,bafyreihy2qzs7zvahy6ytlopxopljwderxudd64hu7euyd4un3hjcshwty,did:plc:vfq4a4xdfre2coauvo7na7uh,silverroyal219.bsky.social,,
11e4ab54e4cd4173b263bb7d770b47b6,2026-03-01T05:00:00Z,2026-03-01T05:19:26Z,auth,auth_enUS_labelerexp,at://did:plc:gpklcf7ek667c2vpjzb6bc5p/app.bsky.feed.generator/aaair4y7siwjo,suggested_labelerexp,1,at://did:plc:mcb6n67plnrlx4lg35natk2b/app.bsky.feed.post/3mfxvr36qo32x,bafyreidqgzarkkyoc72y2f5vj4h2h4bakb424xeciogdwmr25gtgnuk5q4,did:plc:mcb6n67plnrlx4lg35natk2b,nowbreezing.ntw.app,,
11e4ab54e4cd4173b263bb7d770b47b6,2026-03-01T05:00:00Z,2026-03-01T05:19:26Z,auth,auth_enUS_labelerexp,at://did:plc:gpklcf7ek667c2vpjzb6bc5p/app.bsky.feed.generator/aaair4y7siwjo,suggested_labelerexp,2,at://did:plc:vbst4zb662i7zer5bgjbvdn3/app.bsky.feed.post/3mfxvpcymss22,bafyreic6kknhom72pyjqc65rg6rxphhfbh2iyfrot4sj6fpxambtv3h37a,did:plc:vbst4zb662i7zer5bgjbvdn3,rhaegar95.bsky.social,,
11e4ab54e4cd4173b263bb7d770b47b6,2026-03-01T05:00:00Z,2026-03-01T05:19:26Z,auth,auth_enUS_labelerexp,at://did:plc:gpklcf7ek667c2vpjzb6bc5p/app.bsky.feed.generator/aaair4y7siwjo,suggested_labelerexp,3,at://did:plc:yfi3rekhuy6ij6bm56ccs32n/app.bsky.feed.post/3mfxvgvdzlc2u,bafyreibvpk7qbe6amgncbzyv2fygrznxru3glzai3oq3iewiws4atg6hha,did:plc:yfi3rekhuy6ij6bm56ccs32n,finnan73.bsky.social,,
11e4ab54e4cd4173b263bb7d770b47b6,2026-03-01T05:00:00Z,2026-03-01T05:19:26Z,auth,auth_enUS_labelerexp,at://did:plc:gpklcf7ek667c2vpjzb6bc5p/app.bsky.feed.generator/aaair4y7siwjo,suggested_labelerexp,4,at://did:plc:u4dlz6zag3z2sy7e7s74btr4/app.bsky.feed.post/3mfxvax6dfc22,bafyreicttldt4dsoch3fucb4lxex5lyoxzoo4d3hesicqyruytodrudgru,did:plc:u4dlz6zag3z2sy7e7s74btr4,rustystarrz.bsky.social,,
11e4ab54e4cd4173b263bb7d770b47b6,2026-03-01T05:00:00Z,2026-03-01T05:19:26Z,auth,auth_enUS_labelerexp,at://did:plc:gpklcf7ek667c2vpjzb6bc5p/app.bsky.feed.generator/aaair4y7siwjo,suggested_labelerexp,5,at://did:plc:glrh52tfribrlimdkq5nklsk/app.bsky.feed.post/3mfxsydorfc2q,bafyreicukctlfkcfn6hz3ruuzxm4ozvrc27ckp2ac4ig3ffzqyldj6pyhi,did:plc:glrh52tfribrlimdkq5nklsk,allisonanne.com,,
11e4ab54e4cd4173b263bb7d770b47b6,2026-03-01T05:00:00Z,2026-03-01T05:19:26Z,auth,auth_enUS_labelerexp,at://did:plc:gpklcf7ek667c2vpjzb6bc5p/app.bsky.feed.generator/aaair4y7siwjo,suggested_labelerexp,6,at://did:plc:w4zpqbccgymbv5aymonxe27n/app.bsky.feed.post/3mfxg4kg5xc2f,bafyreigkj7wijp7e62jr4hy63t3xzsq6arwl2n5ywtdbckjbefancq2bca,did:plc:w4zpqbccgymbv5aymonxe27n,brysharlandart.bsky.social,,
11e4ab54e4cd4173b263bb7d770b47b6,2026-03-01T05:00:00Z,2026-03-01T05:19:26Z,auth,auth_enUS_labelerexp,at://did:plc:gpklcf7ek667c2vpjzb6bc5p/app.bsky.feed.generator/aaair4y7siwjo,suggested_labelerexp,7,at://did:plc:o2izf26wxhu6kxgicqahao4g/app.bsky.feed.post/3mfxfzpqfj22z,bafyreifblr2dglikxwcynr5hdbh5slp4ijmjfauturhk2xir7m24g72ori,did:plc:o2izf26wxhu6kxgicqahao4g,erostakles.bsky.social,,
11e4ab54e4cd4173b263bb7d770b47b6,2026-03-01T05:00:00Z,2026-03-01T05:19:26Z,auth,auth_enUS_labelerexp,at://did:plc:gpklcf7ek667c2vpjzb6bc5p/app.bsky.feed.generator/aaair4y7siwjo,suggested_labelerexp,8,at://did:plc:qi2z6r3e2pijnrctbotx6wtk/app.bsky.feed.post/3mfxf7jue5s24,bafyreigke77tkkuszs2zlickhsul6pm3bds6tq5qluj2prhthifimkphme,did:plc:qi2z6r3e2pijnrctbotx6wtk,misshalloween13.bsky.social,,
11e4ab54e4cd4173b263bb7d770b47b6,2026-03-01T05:00:00Z,2026-03-01T05:19:26Z,auth,auth_enUS_labelerexp,at://did:plc:gpklcf7ek667c2vpjzb6bc5p/app.bsky.feed.generator/aaair4y7siwjo,suggested_labelerexp,9,at://did:plc:jz37usz6hc6x5r4ph3qgq6nl/app.bsky.feed.post/3mfxcgytfp22h,bafyreif2rqrz4lioiom3ig5t6dgasat3d3fnuaapkm7qdplunnmrs5rpeu,did:plc:jz37usz6hc6x5r4ph3qgq6nl,sadbeetle.bsky.social,,
11e4ab54e4cd4173b263bb7d770b47b6,2026-03-01T05:00:00Z,2026-03-01T05:19:26Z,auth,auth_enUS_labelerexp,at://did:plc:gpklcf7ek667c2vpjzb6bc5p/app.bsky.feed.generator/aaair4y7siwjo,suggested_labelerexp,10,at://did:plc:rh72auqofosi66tmgdmfjx6r/app.bsky.feed.post/3mfxcey6go22r,bafyreibh3446udutt2th7mbp4ypftqqaaga3e5lzsomm4inthn57oewgk4,did:plc:rh72auqofosi66tmgdmfjx6r,sergioasereger.bsky.social,,
11e4ab54e4cd4173b263bb7d770b47b6,2026-03-01T05:00:00Z,2026-03-01T05:19:26Z,auth,auth_enUS_labelerexp,at://did:plc:gpklcf7ek667c2vpjzb6bc5p/app.bsky.feed.generator/aaair4y7siwjo,suggested_labelerexp,11,at://did:plc:uf4evkqm3xrl2thwor5lzhv4/app.bsky.feed.post/3mfxbdnmx4c2z,bafyreiahrpomsj2gkz47qtj6l2gafzubppxk23wzqx3o52lpnpn3bgi35y,did:plc:uf4evkqm3xrl2thwor5lzhv4,cairosteele.com,,
11e4ab54e4cd4173b263bb7d770b47b6,2026-03-01T05:00:00Z,2026-03-01T05:19:26Z,auth,auth_enUS_labelerexp,at://did:plc:gpklcf7ek667c2vpjzb6bc5p/app.bsky.feed.generator/aaair4y7siwjo,suggested_labelerexp,12,at://did:plc:en2g66plmtxkbhyro6dek3pi/app.bsky.feed.post/3mfx7gv5yds2h,bafyreihy6onpaibj4kiapx4vluxnmuzfqoq5s7mw5s3dsxyzgdt7hvlvaq,did:plc:en2g66plmtxkbhyro6dek3pi,gridrat.bsky.social,,
11e4ab54e4cd4173b263bb7d770b47b6,2026-03-01T05:00:00Z,2026-03-01T05:19:26Z,auth,auth_enUS_labelerexp,at://did:plc:gpklcf7ek667c2vpjzb6bc5p/app.bsky.feed.generator/aaair4y7siwjo,suggested_labelerexp,13,at://did:plc:t4idmlcbb4bccujupoy7647w/app.bsky.feed.post/3mfx5sgzvys2e,bafyreiggr6lphxe2nkuvqz2wosqumd3eaw35zbigyudjeryrqb2mg64sxy,did:plc:t4idmlcbb4bccujupoy7647w,romanohide.bsky.social,,
11e4ab54e4cd4173b263bb7d770b47b6,2026-03-01T05:00:00Z,2026-03-01T05:19:26Z,auth,auth_enUS_labelerexp,at://did:plc:gpklcf7ek667c2vpjzb6bc5p/app.bsky.feed.generator/aaair4y7siwjo,suggested_labelerexp,14,at://did:plc:7avy3juyuitgnrmapgpnzi5j/app.bsky.feed.post/3mfx236cr2e2v,bafyreidjlhniricf4l3ozikqwxvk2avwxk2m6vi6r3mallmqf6z6hgji6q,did:plc:7avy3juyuitgnrmapgpnzi5j,piloulepou.bsky.social,,
11e4ab54e4cd4173b263bb7d770b47b6,2026-03-01T05:00:00Z,2026-03-01T05:19:26Z,auth,auth_enUS_labelerexp,at://did:plc:gpklcf7ek667c2vpjzb6bc5p/app.bsky.feed.generator/aaair4y7siwjo,suggested_labelerexp,15,at://did:plc:bboyycog42ozk5r3vow5orhf/app.bsky.feed.post/3mfwzhssgus2d,bafyreihaof5xehpogiztjxpjk7kx3otxdfvyo2u7ytfek72wuzpft6zxvu,did:plc:bboyycog42ozk5r3vow5orhf,danielwgreenart.bsky.social,,
11e4ab54e4cd4173b263bb7d770b47b6,2026-03-01T05:00:00Z,2026-03-01T05:19:26Z,auth,auth_enUS_labelerexp,at://did:plc:gpklcf7ek667c2vpjzb6bc5p/app.bsky.feed.generator/aaair4y7siwjo,suggested_labelerexp,16,at://did:plc:bsuqts73ii6vqu54dq6ucc4h/app.bsky.feed.post/3mfwx3fe2as2x,bafyreibu6hjrnkblnromrg7zpcomlv7wvklyh6kdqjwlxvwp5skbamrkxq,did:plc:bsuqts73ii6vqu54dq6ucc4h,icarussarts.bsky.social,,
11e4ab54e4cd4173b263bb7d770b47b6,2026-03-01T05:00:00Z,2026-03-01T05:19:26Z,auth,auth_enUS_labelerexp,at://did:plc:gpklcf7ek667c2vpjzb6bc5p/app.bsky.feed.generator/aaair4y7siwjo,suggested_labelerexp,17,at://did:plc:yjm24ziml44ngatjwysatsjb/app.bsky.feed.post/3mfwwvroltc2i,bafyreig2c7vtbp3foslkdihtpnglueeecnd427ir4g7yoadph5mxr4lomq,did:plc:yjm24ziml44ngatjwysatsjb,notandreshakti.bsky.social,,
11e4ab54e4cd4173b263bb7d770b47b6,2026-03-01T05:00:00Z,2026-03-01T05:19:26Z,auth,auth_enUS_labelerexp,at://did:plc:gpklcf7ek667c2vpjzb6bc5p/app.bsky.feed.generator/aaair4y7siwjo,suggested_labelerexp,18,at://did:plc:zqqxe2ce3xdlxazlrgbpmf45/app.bsky.feed.post/3mfwwpdlsms2z,bafyreicytjwcdhzh6wgsruzhsoq2st5cjx5kx2e2o4wwlr45atks5zquzu,did:plc:zqqxe2ce3xdlxazlrgbpmf45,hopeamico.com,,
11e4ab54e4cd4173b263bb7d770b47b6,2026-03-01T05:00:00Z,2026-03-01T05:19:26Z,auth,auth_enUS_labelerexp,at://did:plc:gpklcf7ek667c2vpjzb6bc5p/app.bsky.feed.generator/aaair4y7siwjo,suggested_labelerexp,19,at://did:plc:74x73onolikw6bv7n2tptssa/app.bsky.feed.post/3mfwti2o7hk2d,bafyreidqrusqjdgrca5kc3ajkysihn6p4cn5hdbjgyz7b6u35hamqucq6y,did:plc:74x73onolikw6bv7n2tptssa,freakfur-funhouse.bsky.social,,
11e4ab54e4cd4173b263bb7d770b47b6,2026-03-01T05:00:00Z,2026-03-01T05:19:26Z,auth,auth_enUS_labelerexp,at://did:plc:gpklcf7ek667c2vpjzb6bc5p/app.bsky.feed.generator/aaair4y7siwjo,suggested_labelerexp,20,at://did:plc:uzjdk7cscigakbf5s6hqeud3/app.bsky.feed.post/3mfwqiyan3c2o,bafyreiap5prwj2jkyeuniem6xyghbxevsc6jgbbdmjzwd6id67lpg5fihq,did:plc:uzjdk7cscigakbf5s6hqeud3,corvidmoonofficial.bsky.social,,
11e4ab54e4cd4173b263bb7d770b47b6,2026-03-01T05:00:00Z,2026-03-01T05:19:26Z,auth,auth_enUS_labelerexp,at://did:plc:gpklcf7ek667c2vpjzb6bc5p/app.bsky.feed.generator/aaair4y7siwjo,suggested_labelerexp,21,at://did:plc:yfi3rekhuy6ij6bm56ccs32n/app.bsky.feed.post/3mfwnwvzeak2s,bafyreibrxyofajndivb3t67oky3n526awfq3ao6rkddije57j44jyxtztm,did:plc:yfi3rekhuy6ij6bm56ccs32n,finnan73.bsky.social,,
11e4ab54e4cd4173b263bb7d770b47b6,2026-03-01T05:00:00Z,2026-03-01T05:19:26Z,auth,auth_enUS_labelerexp,at://did:plc:gpklcf7ek667c2vpjzb6bc5p/app.bsky.feed.generator/aaair4y7siwjo,suggested_labelerexp,22,at://did:plc:yfi3rekhuy6ij6bm56ccs32n/app.bsky.feed.post/3mfwnuc36ac2s,bafyreic5opp2ysvg3q2oe4w7ymuazc5hfsh67qdmlasbkzopffab42bm3q,did:plc:yfi3rekhuy6ij6bm56ccs32n,finnan73.bsky.social,,
11e4ab54e4cd4173b263bb7d770b47b6,2026-03-01T05:00:00Z,2026-03-01T05:19:26Z,auth,auth_enUS_labelerexp,at://did:plc:gpklcf7ek667c2vpjzb6bc5p/app.bsky.feed.generator/aaair4y7siwjo,suggested_labelerexp,23,at://did:plc:uf4evkqm3xrl2thwor5lzhv4/app.bsky.feed.post/3mfwnbxf3q22n,bafyreietduxzkdkscwpj7sn3wbfy7enrux7gvbtjqrmfk3lmgunatr2lwi,did:plc:uf4evkqm3xrl2thwor5lzhv4,cairosteele.com,,
11e4ab54e4cd4173b263bb7d770b47b6,2026-03-01T05:00:00Z,2026-03-01T05:19:26Z,auth,auth_enUS_labelerexp,at://did:plc:gpklcf7ek667c2vpjzb6bc5p/app.bsky.feed.generator/aaair4y7siwjo,suggested_labelerexp,24,at://did:plc:7vwuwxnyre5wgntjjzjvxion/app.bsky.feed.post/3mfwmw7lalc2v,bafyreigubruq3aipp2r3dkhsgagdltwqayxqi346mfejiocvro6jatm6qm,did:plc:7vwuwxnyre5wgntjjzjvxion,laceoni.bsky.social,,
11e4ab54e4cd4173b263bb7d770b47b6,2026-03-01T05:00:00Z,2026-03-01T05:19:26Z,auth,auth_enUS_labelerexp,at://did:plc:gpklcf7ek667c2vpjzb6bc5p/app.bsky.feed.generator/aaair4y7siwjo,suggested_labelerexp,25,at://did:plc:qropmz2a4q5q4h7drdmg4n2r/app.bsky.feed.post/3mfwkfgyp7c2t,bafyreieiqoxqunph5cx3hueym3nxpk6afclyml6s5eyczpol65j3o45p7u,did:plc:qropmz2a4q5q4h7drdmg4n2r,eshcetera.bsky.social,,
11e4ab54e4cd4173b263bb7d770b47b6,2026-03-01T05:00:00Z,2026-03-01T05:19:26Z,auth,auth_enUS_labelerexp,at://did:plc:gpklcf7ek667c2vpjzb6bc5p/app.bsky.feed.generator/aaair4y7siwjo,suggested_labelerexp,26,at://did:plc:zikm7yoo7j4et6sl7yuuw7pa/app.bsky.feed.post/3mfwkcorx3c2v,bafyreiegej5xqk3sq7eozsk4yjj54pg2o4pthrprfubdafpjmspcbnrtf4,did:plc:zikm7yoo7j4et6sl7yuuw7pa,queerartcodex.eu,,
11e4ab54e4cd4173b263bb7d770b47b6,2026-03-01T05:00:00Z,2026-03-01T05:19:26Z,auth,auth_enUS_labelerexp,at://did:plc:gpklcf7ek667c2vpjzb6bc5p/app.bsky.feed.generator/aaair4y7siwjo,suggested_labelerexp,27,at://did:plc:w7gvs754ekxn7xrq2sf6yzd2/app.bsky.feed.post/3mfwjurto3c2n,bafyreihhpwxfwbs4gw2yahx4tbqojeqrx3a3pivxjd2onpgbdadmzbvzcq,did:plc:w7gvs754ekxn7xrq2sf6yzd2,middlenamed.bsky.social,,
11e4ab54e4cd4173b263bb7d770b47b6,2026-03-01T05:00:00Z,2026-03-01T05:19:26Z,auth,auth_enUS_labelerexp,at://did:plc:gpklcf7ek667c2vpjzb6bc5p/app.bsky.feed.generator/aaair4y7siwjo,suggested_labelerexp,28,at://did:plc:4splf55eagpekci2oznnvxyc/app.bsky.feed.post/3mfwjed5stk2i,bafyreihbow2is4d6c7ckgb3ib55r5dxyd2s25iiuaernpb3aj22f2ylkyi,did:plc:4splf55eagpekci2oznnvxyc,soundartist.bsky.social,,
11e4ab54e4cd4173b263bb7d770b47b6,2026-03-01T05:00:00Z,2026-03-01T05:19:26Z,auth,auth_enUS_labelerexp,at://did:plc:gpklcf7ek667c2vpjzb6bc5p/app.bsky.feed.generator/aaair4y7siwjo,suggested_labelerexp,29,at://did:plc:z3z3ebswby6p4xw36cjnjmtf/app.bsky.feed.post/3mfwj7y75uk2l,bafyreietzd37is6joujydqp6zxeiwagp5jnurgwsipsfrktpmp45n6vmxy,did:plc:z3z3ebswby6p4xw36cjnjmtf,samgrabow.bsky.social,,
11e4ab54e4cd4173b263bb7d770b47b6,2026-03-01T05:00:00Z,2026-03-01T05:19:26Z,auth,auth_enUS_labelerexp,at://did:plc:gpklcf7ek667c2vpjzb6bc5p/app.bsky.feed.generator/aaair4y7siwjo,suggested_labelerexp,30,at://did:plc:uyt4xzghqbgjca3pb77j2h7o/app.bsky.feed.post/3mfwiigxpd22j,bafyreigodhwztlohqsl2nm2eob6y3v5yahw2zs5rrqf4hwxvbwy55lxnbi,did:plc:uyt4xzghqbgjca3pb77j2h7o,galleryofpictures.bsky.social,,
11e4ab54e4cd4173b263bb7d770b47b6,2026-03-01T05:00:00Z,2026-03-01T05:19:26Z,auth,auth_enUS_labelerexp,at://did:plc:gpklcf7ek667c2vpjzb6bc5p/app.bsky.feed.generator/aaair4y7siwjo,suggested_labelerexp,31,at://did:plc:r6ipku2w5jijkzsaley4wrlg/app.bsky.feed.post/3mfwi5xmnrc2r,bafyreidnt2jojnfoxxozq4trjckms4uu66y24j6y4fhqrcg52m7vfvzhuu,did:plc:r6ipku2w5jijkzsaley4wrlg,adrianandshane.bsky.social,,
11e4ab54e4cd4173b263bb7d770b47b6,2026-03-01T05:00:00Z,2026-03-01T05:19:26Z,auth,auth_enUS_labelerexp,at://did:plc:gpklcf7ek667c2vpjzb6bc5p/app.bsky.feed.generator/aaair4y7siwjo,suggested_labelerexp,32,at://did:plc:7346gooimw453d47ywqpbw7y/app.bsky.feed.post/3mfwgy3wmac2k,bafyreigznxdezu5tmyyemumxgmglwtzup5pndow6gpulaewboik6eghjji,did:plc:7346gooimw453d47ywqpbw7y,lgbtqmusicchart.eu,,
11e4ab54e4cd4173b263bb7d770b47b6,2026-03-01T05:00:00Z,2026-03-01T05:19:26Z,auth,auth_enUS_labelerexp,at://did:plc:gpklcf7ek667c2vpjzb6bc5p/app.bsky.feed.generator/aaair4y7siwjo,suggested_labelerexp,33,at://did:plc:qkgo5b5slccrfgczcme3ppdr/app.bsky.feed.post/3mfwepxreo22q,bafyreid3kq2d7hb6bxskjsokyj2udsjhmsrfmosqhcbpl3zigddxuyhyke,did:plc:qkgo5b5slccrfgczcme3ppdr,queergeometry.eu,,
11e4ab54e4cd4173b263bb7d770b47b6,2026-03-01T05:00:00Z,2026-03-01T05:19:26Z,auth,auth_enUS_labelerexp,at://did:plc:gpklcf7ek667c2vpjzb6bc5p/app.bsky.feed.generator/aaair4y7siwjo,suggested_labelerexp,34,at://did:plc:muu2zsgnqebckxer65g4kv73/app.bsky.feed.post/3mfwcuepbpc2f,bafyreickixfvfyfqliz4il23soy6bsgncjlivhyhuebl55glklvgt72wk4,did:plc:muu2zsgnqebckxer65g4kv73,idffipff.bsky.social,,
11e4ab54e4cd4173b263bb7d770b47b6,2026-03-01T05:00:00Z,2026-03-01T05:19:26Z,auth,auth_enUS_labelerexp,at://did:plc:gpklcf7ek667c2vpjzb6bc5p/app.bsky.feed.generator/aaair4y7siwjo,suggested_labelerexp,35,at://did:plc:muu2zsgnqebckxer65g4kv73/app.bsky.feed.post/3mfwcsrmbfc2f,bafyreihnd4vmrsecjm2jbr6nascwv3zzbhixjefjwif46j4osygnmsr22i,did:plc:muu2zsgnqebckxer65g4kv73,idffipff.bsky.social,,
11e4ab54e4cd4173b263bb7d770b47b6,2026-03-01T05:00:00Z,2026-03-01T05:19:26Z,auth,auth_enUS_labelerexp,at://did:plc:gpklcf7ek667c2vpjzb6bc5p/app.bsky.feed.generator/aaair4y7siwjo,suggested_labelerexp,36,at://did:plc:ba56zkdvx3afthg3td547hcx/app.bsky.feed.post/3mfwcobtfu223,bafyreifcedt5gzfjfb6cmsh3omnm43v2dfyax3c4yegjfw2yocar4irbgu,did:plc:ba56zkdvx3afthg3td547hcx,seedsofshame.bsky.social,,
11e4ab54e4cd4173b263bb7d770b47b6,2026-03-01T05:00:00Z,2026-03-01T05:19:26Z,auth,auth_enUS_labelerexp,at://did:plc:gpklcf7ek667c2vpjzb6bc5p/app.bsky.feed.generator/aaair4y7siwjo,suggested_labelerexp,37,at://did:plc:lmoaxkv2sdjkcqtzstvelmrt/app.bsky.feed.post/3mfw7smvxck22,bafyreiehgomtbowevhpcwak3226tvbtezah6lxe5amj5zukd3yhe3osk4e,did:plc:lmoaxkv2sdjkcqtzstvelmrt,tehteddae.bsky.social,,
11e4ab54e4cd4173b263bb7d770b47b6,2026-03-01T05:00:00Z,2026-03-01T05:19:26Z,auth,auth_enUS_labelerexp,at://did:plc:gpklcf7ek667c2vpjzb6bc5p/app.bsky.feed.generator/aaair4y7siwjo,suggested_labelerexp,38,at://did:plc:mcb6n67plnrlx4lg35natk2b/app.bsky.feed.post/3mfw6gxiwxp2x,bafyreifo6b36btpnrqqxwnvah7b7frwi5jd2menbtwiaxcwa5hwmkdomha,did:plc:mcb6n67plnrlx4lg35natk2b,nowbreezing.ntw.app,,
11e4ab54e4cd4173b263bb7d770b47b6,2026-03-01T05:00:00Z,2026-03-01T05:19:26Z,auth,auth_enUS_labelerexp,at://did:plc:gpklcf7ek667c2vpjzb6bc5p/app.bsky.feed.generator/aaair4y7siwjo,suggested_labelerexp,39,at://did:plc:wnlxrrxfxxvgpf6hpf35g6we/app.bsky.feed.post/3mfw5zh2qpc2t,bafyreiateygimoslhvhiv4ppctqqpgfplp4x7tquhcv35u277fur7bkzmq,did:plc:wnlxrrxfxxvgpf6hpf35g6we,yottavi.bsky.social,,
11e4ab54e4cd4173b263bb7d770b47b6,2026-03-01T05:00:00Z,2026-03-01T05:19:26Z,auth,auth_enUS_labelerexp,at://did:plc:gpklcf7ek667c2vpjzb6bc5p/app.bsky.feed.generator/aaair4y7siwjo,suggested_labelerexp,40,at://did:plc:vfbfuhcodnp6q3k5tr3prre3/app.bsky.feed.post/3mfw5z6kjrc24,bafyreihkgkvjrdw6t7kjdunaj2kc7ax5buaaurcu6yztxefsd6sh2qdsum,did:plc:vfbfuhcodnp6q3k5tr3prre3,blkaltgvii.bsky.social,,
11e4ab54e4cd4173b263bb7d770b47b6,2026-03-01T05:00:00Z,2026-03-01T05:19:26Z,auth,auth_enUS_labelerexp,at://did:plc:gpklcf7ek667c2vpjzb6bc5p/app.bsky.feed.generator/aaair4y7siwjo,suggested_labelerexp,41,at://did:plc:ftv4zd2y62womqosgwl6ha3j/app.bsky.feed.post/3mfw2jlkwec2l,bafyreiaq7sp2e263dfsdjliyvmxiizysthbqaq4zei4v6pkutcgpalsela,did:plc:ftv4zd2y62womqosgwl6ha3j,body-painter.bsky.social,,
11e4ab54e4cd4173b263bb7d770b47b6,2026-03-01T05:00:00Z,2026-03-01T05:19:26Z,auth,auth_enUS_labelerexp,at://did:plc:gpklcf7ek667c2vpjzb6bc5p/app.bsky.feed.generator/aaair4y7siwjo,suggested_labelerexp,42,at://did:plc:ftv4zd2y62womqosgwl6ha3j/app.bsky.feed.post/3mfw24435q22l,bafyreid7dedxxl3nvx32htpod6d42ppsyvv76l6qwuew743o4oxvmix72m,did:plc:ftv4zd2y62womqosgwl6ha3j,body-painter.bsky.social,,
11e4ab54e4cd4173b263bb7d770b47b6,2026-03-01T05:00:00Z,2026-03-01T05:19:26Z,auth,auth_enUS_labelerexp,at://did:plc:gpklcf7ek667c2vpjzb6bc5p/app.bsky.feed.generator/aaair4y7siwjo,suggested_labelerexp,43,at://did:plc:i5qjllphonwvmlr7iijzeals/app.bsky.feed.post/3mfvzz2ccok2n,bafyreicw2ha7wb2cttpenhevygedncjamdutoc2w3324s2ubb4f5k5oiea,did:plc:i5qjllphonwvmlr7iijzeals,frandsgabriel.bsky.social,,
11e4ab54e4cd4173b263bb7d770b47b6,2026-03-01T05:00:00Z,2026-03-01T05:19:26Z,auth,auth_enUS_labelerexp,at://did:plc:gpklcf7ek667c2vpjzb6bc5p/app.bsky.feed.generator/aaair4y7siwjo,suggested_labelerexp,44,at://did:plc:z4qvsvzuzhjfrmhudtr3i27s/app.bsky.feed.post/3mfvwmcnmi22c,bafyreih6ak332ygtvna6nri5oegf3bpp763dtrnaexkacyi66k5yfgciha,did:plc:z4qvsvzuzhjfrmhudtr3i27s,sadfarts.bsky.social,,
11e4ab54e4cd4173b263bb7d770b47b6,2026-03-01T05:00:00Z,2026-03-01T05:19:26Z,auth,auth_enUS_labelerexp,at://did:plc:gpklcf7ek667c2vpjzb6bc5p/app.bsky.feed.generator/aaair4y7siwjo,suggested_labelerexp,45,at://did:plc:h2vsmhmdieezezt3bzub3imj/app.bsky.feed.post/3mfvrpgah4c2x,bafyreicv5adncmq3nvu55fj3xl54txqf356f5usxrfm5csm6wmfex34ure,did:plc:h2vsmhmdieezezt3bzub3imj,stuartlindenrhodes.bsky.social,,
11e4ab54e4cd4173b263bb7d770b47b6,2026-03-01T05:00:00Z,2026-03-01T05:19:26Z,auth,auth_enUS_labelerexp,at://did:plc:gpklcf7ek667c2vpjzb6bc5p/app.bsky.feed.generator/aaair4y7siwjo,suggested_labelerexp,46,at://did:plc:rh72auqofosi66tmgdmfjx6r/app.bsky.feed.post/3mfvpms4cdc2k,bafyreifr3y4ldlclw5cslgncd3xrj7yv5l5fkhy5bheossjtcn7tqt6qay,did:plc:rh72auqofosi66tmgdmfjx6r,sergioasereger.bsky.social,,
11e4ab54e4cd4173b263bb7d770b47b6,2026-03-01T05:00:00Z,2026-03-01T05:19:26Z,auth,auth_enUS_labelerexp,at://did:plc:gpklcf7ek667c2vpjzb6bc5p/app.bsky.feed.generator/aaair4y7siwjo,suggested_labelerexp,47,at://did:plc:l4xsetiqikazofprzgufuimk/app.bsky.feed.post/3mfvkxcs64k2e,bafyreih5eklbclxew4yr27odfegk4t46uk3mler2ibt43sdz4nyrtrnqqy,did:plc:l4xsetiqikazofprzgufuimk,zanypanda.bsky.social,,
11e4ab54e4cd4173b263bb7d770b47b6,2026-03-01T05:00:00Z,2026-03-01T05:19:26Z,auth,auth_enUS_labelerexp,at://did:plc:gpklcf7ek667c2vpjzb6bc5p/app.bsky.feed.generator/aaair4y7siwjo,suggested_labelerexp,48,at://did:plc:ecbf3b3wotowom3do5hzethp/app.bsky.feed.post/3mfvhzrcad22h,bafyreif4iss67lvwmfeldcjq2sn3tfgaishnrfyfhesfqtcaqb2wehwozq,did:plc:ecbf3b3wotowom3do5hzethp,cornydoc4.bsky.social,,
11e4ab54e4cd4173b263bb7d770b47b6,2026-03-01T05:00:00Z,2026-03-01T05:19:26Z,auth,auth_enUS_labelerexp,at://did:plc:gpklcf7ek667c2vpjzb6bc5p/app.bsky.feed.generator/aaair4y7siwjo,suggested_labelerexp,49,at://did:plc:kkt5lmyzidmn77jteytjcuu6/app.bsky.feed.post/3mfvgst3sdf2h,bafyreie6wsmqszflog4bv2vuqt54ntj3codzcoadhbtnk4yat6md3rmtmm,did:plc:kkt5lmyzidmn77jteytjcuu6,octoberjoe.bsky.social,,
11e4ab54e4cd4173b263bb7d770b47b6,2026-03-01T05:00:00Z,2026-03-01T05:19:26Z,auth,auth_enUS_labelerexp,at://did:plc:gpklcf7ek667c2vpjzb6bc5p/app.bsky.feed.generator/aaair4y7siwjo,suggested_labelerexp,50,at://did:plc:glrh52tfribrlimdkq5nklsk/app.bsky.feed.post/3mfvgdm6eis24,bafyreigacmih42xk5qa43dbk5mk5qd4fut5v3cilnwfnbfhjcxzqkkqlbq,did:plc:glrh52tfribrlimdkq5nklsk,allisonanne.com,,
11e4ab54e4cd4173b263bb7d770b47b6,2026-03-01T05:00:00Z,2026-03-01T05:19:27Z,auth,auth_enUS_labelerexp,at://did:plc:hsqwcidfez66lwm3gxhfv5in/app.bsky.feed.generator/aaaf2pqeodmpy,suggested_labelerexp,1,at://did:plc:hsqwcidfez66lwm3gxhfv5in/app.bsky.feed.post/3lhyyamhh622x,bafyreiheql2bihtb2rmloijfucctwmqtbw3hhlobrr6tgnczy4pjif2pgm,did:plc:hsqwcidfez66lwm3gxhfv5in,goose.art,,
11e4ab54e4cd4173b263bb7d770b47b6,2026-03-01T05:00:00Z,2026-03-01T05:19:27Z,auth,auth_enUS_labelerexp,at://did:plc:hsqwcidfez66lwm3gxhfv5in/app.bsky.feed.generator/aaaf2pqeodmpy,suggested_labelerexp,2,at://did:plc:33kqdhehjmmujujiuaigokbr/app.bsky.feed.post/3mfxsxnsxtk2w,bafyreicsgzdho2u4b2ke7re54ipimnrgoks55wvysqieoqbdo5angxuq2m,did:plc:33kqdhehjmmujujiuaigokbr,jeffontherock.bsky.social,,
11e4ab54e4cd4173b263bb7d770b47b6,2026-03-01T05:00:00Z,2026-03-01T05:19:27Z,auth,auth_enUS_labelerexp,at://did:plc:hsqwcidfez66lwm3gxhfv5in/app.bsky.feed.generator/aaaf2pqeodmpy,suggested_labelerexp,3,at://did:plc:gombag4zwctbiexvfvvqwqew/app.bsky.feed.post/3mfxe3dvyvk2g,bafyreiaob7ejukzz5kq6ceor4r3z57g2afr2jpn5jshjkh4syrr3wzbt2q,did:plc:gombag4zwctbiexvfvvqwqew,hairo-iroha.bsky.social,,
11e4ab54e4cd4173b263bb7d770b47b6,2026-03-01T05:00:00Z,2026-03-01T05:19:27Z,auth,auth_enUS_labelerexp,at://did:plc:hsqwcidfez66lwm3gxhfv5in/app.bsky.feed.generator/aaaf2pqeodmpy,suggested_labelerexp,4,at://did:plc:5t2tgxklespofo5cel6nxcw2/app.bsky.feed.post/3mfxcvnzlsc24,bafyreifmn4uotlucutghp5sulpnt4g6tyf4y557y7kj23l57iksart5foy,did:plc:5t2tgxklespofo5cel6nxcw2,out-grow.bsky.social,,
11e4ab54e4cd4173b263bb7d770b47b6,2026-03-01T05:00:00Z,2026-03-01T05:19:27Z,auth,auth_enUS_labelerexp,at://did:plc:hsqwcidfez66lwm3gxhfv5in/app.bsky.feed.generator/aaaf2pqeodmpy,suggested_labelerexp,5,at://did:plc:nfmdh6kxfgxj7ia5oyajvaqe/app.bsky.feed.post/3mfxaoa5aq22p,bafyreibik2dnqiffnyxjdvwrhp6afwmj4nigclxtlsbfa7jhptqxdivji4,did:plc:nfmdh6kxfgxj7ia5oyajvaqe,steveg61.bsky.social,,
11e4ab54e4cd4173b263bb7d770b47b6,2026-03-01T05:00:00Z,2026-03-01T05:19:27Z,auth,auth_enUS_labelerexp,at://did:plc:hsqwcidfez66lwm3gxhfv5in/app.bsky.feed.generator/aaaf2pqeodmpy,suggested_labelerexp,6,at://did:plc:it4jcmrtgfjrahizzbcy2oqy/app.bsky.feed.post/3mfx4swkcls26,bafyreie67qbi3t2yp26q6mbobn2pou5efhku77cmyc7pikm74okdpm6jm4,did:plc:it4jcmrtgfjrahizzbcy2oqy,tripupstairs.bsky.social,,
11e4ab54e4cd4173b263bb7d770b47b6,2026-03-01T05:00:00Z,2026-03-01T05:19:27Z,auth,auth_enUS_labelerexp,at://did:plc:hsqwcidfez66lwm3gxhfv5in/app.bsky.feed.generator/aaaf2pqeodmpy,suggested_labelerexp,7,at://did:plc:ydf7ujiej5slrhgqzk2u3haa/app.bsky.feed.post/3mfx3hovj6c2f,bafyreibn2rrrfv64nmux723fzxoprsuex6h5rehkwhy4bd5h3crb7ab3f4,did:plc:ydf7ujiej5slrhgqzk2u3haa,steakhousecher.bsky.social,,
11e4ab54e4cd4173b263bb7d770b47b6,2026-03-01T05:00:00Z,2026-03-01T05:19:27Z,auth,auth_enUS_labelerexp,at://did:plc:hsqwcidfez66lwm3gxhfv5in/app.bsky.feed.generator/aaaf2pqeodmpy,suggested_labelerexp,8,at://did:plc:ydf7ujiej5slrhgqzk2u3haa/app.bsky.feed.post/3mfx3cun3e22f,bafyreibvd2iguogk26j37rdqjcip2wwdukxiwhx3ety44t6pspbstuqkje,did:plc:ydf7ujiej5slrhgqzk2u3haa,steakhousecher.bsky.social,,
11e4ab54e4cd4173b263bb7d770b47b6,2026-03-01T05:00:00Z,2026-03-01T05:19:27Z,auth,auth_enUS_labelerexp,at://did:plc:hsqwcidfez66lwm3gxhfv5in/app.bsky.feed.generator/aaaf2pqeodmpy,suggested_labelerexp,9,at://did:plc:tbzxqsj5qnrrqurjmbulbgvw/app.bsky.feed.post/3mfx2rctj4s2y,bafyreihjlkfkc3qyg5gkp6sg4ebl3qdlibywfvv3zrfinig4zcwu5ua3me,did:plc:tbzxqsj5qnrrqurjmbulbgvw,piotrgasiorowski.bsky.social,,
11e4ab54e4cd4173b263bb7d770b47b6,2026-03-01T05:00:00Z,2026-03-01T05:19:27Z,auth,auth_enUS_labelerexp,at://did:plc:hsqwcidfez66lwm3gxhfv5in/app.bsky.feed.generator/aaaf2pqeodmpy,suggested_labelerexp,10,at://did:plc:tbzxqsj5qnrrqurjmbulbgvw/app.bsky.feed.post/3mfx2nlmbac2y,bafyreibbljoyamrn3ei5nigv2btqto2ccn5pgr3rfjldhdhnrgdlyilkdm,did:plc:tbzxqsj5qnrrqurjmbulbgvw,piotrgasiorowski.bsky.social,,
11e4ab54e4cd4173b263bb7d770b47b6,2026-03-01T05:00:00Z,2026-03-01T05:19:27Z,auth,auth_enUS_labelerexp,at://did:plc:hsqwcidfez66lwm3gxhfv5in/app.bsky.feed.generator/aaaf2pqeodmpy,suggested_labelerexp,11,at://did:plc:j5ipgz4oq62x42ijfmmhvjc4/app.bsky.feed.post/3mfwu3knark22,bafyreib26ub2rikyn24p6puknf7fdatpvuexs7lf3lxbx4hg2nk55n3w54,did:plc:j5ipgz4oq62x42ijfmmhvjc4,michaelwillis464.bsky.social,,
11e4ab54e4cd4173b263bb7d770b47b6,2026-03-01T05:00:00Z,2026-03-01T05:19:27Z,auth,auth_enUS_labelerexp,at://did:plc:hsqwcidfez66lwm3gxhfv5in/app.bsky.feed.generator/aaaf2pqeodmpy,suggested_labelerexp,12,at://did:plc:6ivfvohbft7ak5r7aczjvidn/app.bsky.feed.post/3mfwszhmjqk2c,bafyreicbodwv452tzjp5ptn435u34b5rpt756qq6eofjkzo7a463g4rhny,did:plc:6ivfvohbft7ak5r7aczjvidn,verdecape4.bsky.social,,
11e4ab54e4cd4173b263bb7d770b47b6,2026-03-01T05:00:00Z,2026-03-01T05:19:27Z,auth,auth_enUS_labelerexp,at://did:plc:hsqwcidfez66lwm3gxhfv5in/app.bsky.feed.generator/aaaf2pqeodmpy,suggested_labelerexp,13,at://did:plc:img6unufp67kxekhee3y5ag3/app.bsky.feed.post/3mfwrbp36nk25,bafyreiguvozrqjic7sbaypzjqwfertov37p3hio6aj63hsnokb4uimgkzy,did:plc:img6unufp67kxekhee3y5ag3,blynxart.bsky.social,,
11e4ab54e4cd4173b263bb7d770b47b6,2026-03-01T05:00:00Z,2026-03-01T05:19:27Z,auth,auth_enUS_labelerexp,at://did:plc:hsqwcidfez66lwm3gxhfv5in/app.bsky.feed.generator/aaaf2pqeodmpy,suggested_labelerexp,14,at://did:plc:g3ncxsitsol3o76ac5ses4c5/app.bsky.feed.post/3mfwq4rkolc2d,bafyreiaumnqeaj7tdv3oxpqhtuwfotjcka32pueu2sxcvipd37e6ojkud4,did:plc:g3ncxsitsol3o76ac5ses4c5,jeremybartlett.bsky.social,,
11e4ab54e4cd4173b263bb7d770b47b6,2026-03-01T05:00:00Z,2026-03-01T05:19:27Z,auth,auth_enUS_labelerexp,at://did:plc:hsqwcidfez66lwm3gxhfv5in/app.bsky.feed.generator/aaaf2pqeodmpy,suggested_labelerexp,15,at://did:plc:uwtttcuh7bhqmc4yfaic3itr/app.bsky.feed.post/3mfwon5ttes2w,bafyreiegde37i3hx76yhvxvr527egddwrfznlsujfwdaa7jkm7gpqp3pqu,did:plc:uwtttcuh7bhqmc4yfaic3itr,mmp-art.bsky.social,,
11e4ab54e4cd4173b263bb7d770b47b6,2026-03-01T05:00:00Z,2026-03-01T05:19:27Z,auth,auth_enUS_labelerexp,at://did:plc:hsqwcidfez66lwm3gxhfv5in/app.bsky.feed.generator/aaaf2pqeodmpy,suggested_labelerexp,16,at://did:plc:kjk5qbbb2rward4x5t3n3n5f/app.bsky.feed.post/3mfwolzyy5s2e,bafyreiap3vraqctunx32j3mtbzymsv7na7cxvql2trciv4xexmujgsq3ma,did:plc:kjk5qbbb2rward4x5t3n3n5f,lawrencelighthill.bsky.social,,
11e4ab54e4cd4173b263bb7d770b47b6,2026-03-01T05:00:00Z,2026-03-01T05:19:27Z,auth,auth_enUS_labelerexp,at://did:plc:hsqwcidfez66lwm3gxhfv5in/app.bsky.feed.generator/aaaf2pqeodmpy,suggested_labelerexp,17,at://did:plc:33kqdhehjmmujujiuaigokbr/app.bsky.feed.post/3mfwk43jcb22a,bafyreifltg6tk3afg5zmzyfu6qjqxdy2qnmf4h7rnjevxq774cfcac5yyu,did:plc:33kqdhehjmmujujiuaigokbr,jeffontherock.bsky.social,,
11e4ab54e4cd4173b263bb7d770b47b6,2026-03-01T05:00:00Z,2026-03-01T05:19:27Z,auth,auth_enUS_labelerexp,at://did:plc:hsqwcidfez66lwm3gxhfv5in/app.bsky.feed.generator/aaaf2pqeodmpy,suggested_labelerexp,18,at://did:plc:img6unufp67kxekhee3y5ag3/app.bsky.feed.post/3mfwino2g2c2x,bafyreickrkv6itqbmi56t2pfaaxjae2zo23ildfzn7fyzzzcis5xubgql4,did:plc:img6unufp67kxekhee3y5ag3,blynxart.bsky.social,,
11e4ab54e4cd4173b263bb7d770b47b6,2026-03-01T05:00:00Z,2026-03-01T05:19:27Z,auth,auth_enUS_labelerexp,at://did:plc:hsqwcidfez66lwm3gxhfv5in/app.bsky.feed.generator/aaaf2pqeodmpy,suggested_labelerexp,19,at://did:plc:eyu3xe6sjb7p2a3fce6g7qhd/app.bsky.feed.post/3mfwhclt4f22d,bafyreifkrtmzoupm73hc46ni7vdtepy5my73zdsenqqozl5gf3wxph2ldy,did:plc:eyu3xe6sjb7p2a3fce6g7qhd,mush-photos.bsky.social,,
11e4ab54e4cd4173b263bb7d770b47b6,2026-03-01T05:00:00Z,2026-03-01T05:19:27Z,auth,auth_enUS_labelerexp,at://did:plc:hsqwcidfez66lwm3gxhfv5in/app.bsky.feed.generator/aaaf2pqeodmpy,suggested_labelerexp,20,at://did:plc:55hzsoxqkide6jznllfosxq2/app.bsky.feed.post/3mfw7sv4gps2h,bafyreibwx6phv25qmfxxtmbjeh5ibihyejyzvw2zamdbii2wkqzy4unm6u,did:plc:55hzsoxqkide6jznllfosxq2,gothblond.bsky.social,,
11e4ab54e4cd4173b263bb7d770b47b6,2026-03-01T05:00:00Z,2026-03-01T05:19:27Z,auth,auth_enUS_labelerexp,at://did:plc:hsqwcidfez66lwm3gxhfv5in/app.bsky.feed.generator/aaaf2pqeodmpy,suggested_labelerexp,21,at://did:plc:kgfglb2d7l52li2jnbb3nebu/app.bsky.feed.post/3mfw7lxqbec2g,bafyreihnhfuomamy4mbkhowaviow6sv3ullnwbpq3eb562lu632zq2zw3i,did:plc:kgfglb2d7l52li2jnbb3nebu,wintersweetbou.bsky.social,,
11e4ab54e4cd4173b263bb7d770b47b6,2026-03-01T05:00:00Z,2026-03-01T05:19:27Z,auth,auth_enUS_labelerexp,at://did:plc:hsqwcidfez66lwm3gxhfv5in/app.bsky.feed.generator/aaaf2pqeodmpy,suggested_labelerexp,22,at://did:plc:pxawy7vj354peof3s55rtsbl/app.bsky.feed.post/3mfvxwdlt522f,bafyreiflm6kcbmnqfwseggvtfzznm6uitwtu4zqv3unja5phxfenjrot5m,did:plc:pxawy7vj354peof3s55rtsbl,lozwood.bsky.social,,
11e4ab54e4cd4173b263bb7d770b47b6,2026-03-01T05:00:00Z,2026-03-01T05:19:27Z,auth,auth_enUS_labelerexp,at://did:plc:hsqwcidfez66lwm3gxhfv5in/app.bsky.feed.generator/aaaf2pqeodmpy,suggested_labelerexp,23,at://did:plc:ikyvq3pjd5flszeqzmiuw2wu/app.bsky.feed.post/3mfvmctbmhk23,bafyreiaa25nmd6qlnlumgyfsp4uiwicnrt4skecr577icgitcqc4s5grw4,did:plc:ikyvq3pjd5flszeqzmiuw2wu,at384.bsky.social,,
11e4ab54e4cd4173b263bb7d770b47b6,2026-03-01T05:00:00Z,2026-03-01T05:19:27Z,auth,auth_enUS_labelerexp,at://did:plc:hsqwcidfez66lwm3gxhfv5in/app.bsky.feed.generator/aaaf2pqeodmpy,suggested_labelerexp,24,at://did:plc:pwo5xwf2xemmvwy7u2ezpmlh/app.bsky.feed.post/3mfvht3pt5k2z,bafyreicdjimtes2n4wojmubkwgf47yy3c47lvodrp3lfiwhbzmc4jeezuu,did:plc:pwo5xwf2xemmvwy7u2ezpmlh,alabamaed1.bsky.social,,
11e4ab54e4cd4173b263bb7d770b47b6,2026-03-01T05:00:00Z,2026-03-01T05:19:27Z,auth,auth_enUS_labelerexp,at://did:plc:hsqwcidfez66lwm3gxhfv5in/app.bsky.feed.generator/aaaf2pqeodmpy,suggested_labelerexp,25,at://did:plc:ikyvq3pjd5flszeqzmiuw2wu/app.bsky.feed.post/3mfvgr7gvfc2e,bafyreid4xldtk47gy54roaafl7uxqkdsa6xdaerkou3tl5s2xxjchd5jhi,did:plc:ikyvq3pjd5flszeqzmiuw2wu,at384.bsky.social,,
11e4ab54e4cd4173b263bb7d770b47b6,2026-03-01T05:00:00Z,2026-03-01T05:19:27Z,auth,auth_enUS_labelerexp,at://did:plc:hsqwcidfez66lwm3gxhfv5in/app.bsky.feed.generator/aaaf2pqeodmpy,suggested_labelerexp,26,at://did:plc:ikyvq3pjd5flszeqzmiuw2wu/app.bsky.feed.post/3mfvg4sdcbs2e,bafyreihimvnjgrueqwhkrzejjxjkyb23ebq3poffjy3gy4ynkfqqqhm73q,did:plc:ikyvq3pjd5flszeqzmiuw2wu,at384.bsky.social,,
11e4ab54e4cd4173b263bb7d770b47b6,2026-03-01T05:00:00Z,2026-03-01T05:19:27Z,auth,auth_enUS_labelerexp,at://did:plc:hsqwcidfez66lwm3gxhfv5in/app.bsky.feed.generator/aaaf2pqeodmpy,suggested_labelerexp,27,at://did:plc:v25wdnzsf544ll4aloi33gwf/app.bsky.feed.post/3mfvfduuqjs2t,bafyreihfiv6edirlms6fezkzotqgxa2xs4p2c5sfcgostlzil2t4cfkwiq,did:plc:v25wdnzsf544ll4aloi33gwf,livinginthewoods.bsky.social,,
11e4ab54e4cd4173b263bb7d770b47b6,2026-03-01T05:00:00Z,2026-03-01T05:19:27Z,auth,auth_enUS_labelerexp,at://did:plc:hsqwcidfez66lwm3gxhfv5in/app.bsky.feed.generator/aaaf2pqeodmpy,suggested_labelerexp,28,at://did:plc:oqq3szdc7jigsukk4vap2acl/app.bsky.feed.post/3mfvdkk4lhs2h,bafyreifzkqmb7iixoe7ujtr3pwyzhyxunc2tuntom32dj64rfi4irpdhnq,did:plc:oqq3szdc7jigsukk4vap2acl,dustymcdusterson.bsky.social,,
11e4ab54e4cd4173b263bb7d770b47b6,2026-03-01T05:00:00Z,2026-03-01T05:19:27Z,auth,auth_enUS_labelerexp,at://did:plc:hsqwcidfez66lwm3gxhfv5in/app.bsky.feed.generator/aaaf2pqeodmpy,suggested_labelerexp,29,at://did:plc:76idnaaupttbnv46sjxz32of/app.bsky.feed.post/3mfvae7e7ys2t,bafyreib376m6oqzy6ytinp3xsjboubcnqos3w2bjy2dwym35zqjfgsf7oa,did:plc:76idnaaupttbnv46sjxz32of,shiftkicker.bsky.social,,
11e4ab54e4cd4173b263bb7d770b47b6,2026-03-01T05:00:00Z,2026-03-01T05:19:27Z,auth,auth_enUS_labelerexp,at://did:plc:hsqwcidfez66lwm3gxhfv5in/app.bsky.feed.generator/aaaf2pqeodmpy,suggested_labelerexp,30,at://did:plc:ecdlb663ecf2v7ehpbqe3mcp/app.bsky.feed.post/3mfv7va62nc2b,bafyreiesrirdsnamqn7hby4r36pj3qq577pyzzdfm5f6sqoh2b6wp52fxe,did:plc:ecdlb663ecf2v7ehpbqe3mcp,tracysaverino.bsky.social,,
11e4ab54e4cd4173b263bb7d770b47b6,2026-03-01T05:00:00Z,2026-03-01T05:19:27Z,auth,auth_enUS_labelerexp,at://did:plc:hsqwcidfez66lwm3gxhfv5in/app.bsky.feed.generator/aaaf2pqeodmpy,suggested_labelerexp,31,at://did:plc:vuq4ikcstkjsygmyg3d7fcnq/app.bsky.feed.post/3mfv22h2adc25,bafyreia32pazqv7ybukhzexpmz5qacij6ikvg4vyhl5s7cvkn55bloap24,did:plc:vuq4ikcstkjsygmyg3d7fcnq,thesnarkyfarmer.bsky.social,,
11e4ab54e4cd4173b263bb7d770b47b6,2026-03-01T05:00:00Z,2026-03-01T05:19:27Z,auth,auth_enUS_labelerexp,at://did:plc:hsqwcidfez66lwm3gxhfv5in/app.bsky.feed.generator/aaaf2pqeodmpy,suggested_labelerexp,32,at://did:plc:vuq4ikcstkjsygmyg3d7fcnq/app.bsky.feed.post/3mfuzrfppuk25,bafyreig5mq6ldj2oxnd54xnfgo3dtkisghkq5lzil4i5barqviwiwaeruy,did:plc:vuq4ikcstkjsygmyg3d7fcnq,thesnarkyfarmer.bsky.social,,
11e4ab54e4cd4173b263bb7d770b47b6,2026-03-01T05:00:00Z,2026-03-01T05:19:27Z,auth,auth_enUS_labelerexp,at://did:plc:hsqwcidfez66lwm3gxhfv5in/app.bsky.feed.generator/aaaf2pqeodmpy,suggested_labelerexp,33,at://did:plc:bwffnnel6kmsx6qfrjt7h4vk/app.bsky.feed.post/3mfuxd6lgv22l,bafyreiaufu4tvs72quecyzv44etwszhhknldwkz3pmodpmc57isvqgfodq,did:plc:bwffnnel6kmsx6qfrjt7h4vk,dirtysubstrata.bsky.social,,
11e4ab54e4cd4173b263bb7d770b47b6,2026-03-01T05:00:00Z,2026-03-01T05:19:27Z,auth,auth_enUS_labelerexp,at://did:plc:hsqwcidfez66lwm3gxhfv5in/app.bsky.feed.generator/aaaf2pqeodmpy,suggested_labelerexp,34,at://did:plc:y7qgvjvgd7coc57zirtotbg5/app.bsky.feed.post/3mfuvoi4lgk2r,bafyreidakbzptkzqpirmsjq2z5mc7b4ajpkqih4udqcnqaceezwimbhkzm,did:plc:y7qgvjvgd7coc57zirtotbg5,seo-yeon400.bsky.social,,
11e4ab54e4cd4173b263bb7d770b47b6,2026-03-01T05:00:00Z,2026-03-01T05:19:27Z,auth,auth_enUS_labelerexp,at://did:plc:hsqwcidfez66lwm3gxhfv5in/app.bsky.feed.generator/aaaf2pqeodmpy,suggested_labelerexp,35,at://did:plc:oev4rwaytj4lhf6rjs3epvzt/app.bsky.feed.post/3mfuugteuys2c,bafyreicgsmu33vuioalnc26hykaaxffemi626lki37zqqifw4solzxomye,did:plc:oev4rwaytj4lhf6rjs3epvzt,twopipe.bsky.social,,
11e4ab54e4cd4173b263bb7d770b47b6,2026-03-01T05:00:00Z,2026-03-01T05:19:27Z,auth,auth_enUS_labelerexp,at://did:plc:hsqwcidfez66lwm3gxhfv5in/app.bsky.feed.generator/aaaf2pqeodmpy,suggested_labelerexp,36,at://did:plc:33kqdhehjmmujujiuaigokbr/app.bsky.feed.post/3mfus7xgg6s2e,bafyreiawx7ykmzci3x3zchkazlvicvocrmd2eqvvkdazreta7knxvy3coa,did:plc:33kqdhehjmmujujiuaigokbr,jeffontherock.bsky.social,,
11e4ab54e4cd4173b263bb7d770b47b6,2026-03-01T05:00:00Z,2026-03-01T05:19:27Z,auth,auth_enUS_labelerexp,at://did:plc:hsqwcidfez66lwm3gxhfv5in/app.bsky.feed.generator/aaaf2pqeodmpy,suggested_labelerexp,37,at://did:plc:gombag4zwctbiexvfvvqwqew/app.bsky.feed.post/3mfurfwegjk2r,bafyreidqeixppiktotsyrewmkmpqbea4pfuh7u54obn7h33yqeqmbzsxuy,did:plc:gombag4zwctbiexvfvvqwqew,hairo-iroha.bsky.social,,
11e4ab54e4cd4173b263bb7d770b47b6,2026-03-01T05:00:00Z,2026-03-01T05:19:27Z,auth,auth_enUS_labelerexp,at://did:plc:hsqwcidfez66lwm3gxhfv5in/app.bsky.feed.generator/aaaf2pqeodmpy,suggested_labelerexp,38,at://did:plc:f77rbct3ej3fe777uufp4kug/app.bsky.feed.post/3mfuqc665cc2t,bafyreidqcmc5w7fc64i7kgqav6242ivn3q5t7zfbo5pl4ptf6ttzu6ilum,did:plc:f77rbct3ej3fe777uufp4kug,trisha-colors.bsky.social,,
11e4ab54e4cd4173b263bb7d770b47b6,2026-03-01T05:00:00Z,2026-03-01T05:19:27Z,auth,auth_enUS_labelerexp,at://did:plc:hsqwcidfez66lwm3gxhfv5in/app.bsky.feed.generator/aaaf2pqeodmpy,suggested_labelerexp,39,at://did:plc:xgw34345yftdmcp2sv2rgkog/app.bsky.feed.post/3mfupocipjc2d,bafyreidevc3qm5o2yqrb5v6uyl5chdksntrddiutpfhfs46dp24rrbjy7e,did:plc:xgw34345yftdmcp2sv2rgkog,justagirl52.bsky.social,,
11e4ab54e4cd4173b263bb7d770b47b6,2026-03-01T05:00:00Z,2026-03-01T05:19:27Z,auth,auth_enUS_labelerexp,at://did:plc:hsqwcidfez66lwm3gxhfv5in/app.bsky.feed.generator/aaaf2pqeodmpy,suggested_labelerexp,40,at://did:plc:btwjxcid7kcwyoyn5trms5mc/app.bsky.feed.post/3mfuorwcfes2s,bafyreig5nbp52izss6sqwuex2yawcqwh2365ymtchlaq3yoyslvsgdhe5u,did:plc:btwjxcid7kcwyoyn5trms5mc,nuiipointer.bsky.social,,
11e4ab54e4cd4173b263bb7d770b47b6,2026-03-01T05:00:00Z,2026-03-01T05:19:27Z,auth,auth_enUS_labelerexp,at://did:plc:hsqwcidfez66lwm3gxhfv5in/app.bsky.feed.generator/aaaf2pqeodmpy,suggested_labelerexp,41,at://did:plc:f7ddtuzybliia4pv5ykbhjpa/app.bsky.feed.post/3mfuonkttmk2p,bafyreigos2hai2l4hkrsd7gfcbxobwzvszyyevfczeryn2i2jive2vvfe4,did:plc:f7ddtuzybliia4pv5ykbhjpa,gracepeace.bsky.social,,
11e4ab54e4cd4173b263bb7d770b47b6,2026-03-01T05:00:00Z,2026-03-01T05:19:27Z,auth,auth_enUS_labelerexp,at://did:plc:hsqwcidfez66lwm3gxhfv5in/app.bsky.feed.generator/aaaf2pqeodmpy,suggested_labelerexp,42,at://did:plc:pruncyux5jdliq7infm2l7mh/app.bsky.feed.post/3mfunxzb7rs2z,bafyreieluhcicww7q3bqni37nb3bvcfsyy5xsg6qqiabg67e2cjgouctwq,did:plc:pruncyux5jdliq7infm2l7mh,sprucemooseaaa.bsky.social,,
11e4ab54e4cd4173b263bb7d770b47b6,2026-03-01T05:00:00Z,2026-03-01T05:19:27Z,auth,auth_enUS_labelerexp,at://did:plc:hsqwcidfez66lwm3gxhfv5in/app.bsky.feed.generator/aaaf2pqeodmpy,suggested_labelerexp,43,at://did:plc:pxbwjz4hgu76rzu7llhuijpt/app.bsky.feed.post/3mfujojs56s2l,bafyreiamzpxvcm3hknnzjtqaa4tofazbz7fucj3siios6ooduhsadcjkm4,did:plc:pxbwjz4hgu76rzu7llhuijpt,madewithfire.bsky.social,,
11e4ab54e4cd4173b263bb7d770b47b6,2026-03-01T05:00:00Z,2026-03-01T05:19:27Z,auth,auth_enUS_labelerexp,at://did:plc:hsqwcidfez66lwm3gxhfv5in/app.bsky.feed.generator/aaaf2pqeodmpy,suggested_labelerexp,44,at://did:plc:img6unufp67kxekhee3y5ag3/app.bsky.feed.post/3mfujbbxbhs24,bafyreif265i7k5scj6ymqiny2x64d5vraxu3qsfu7dp6el7r7cix6d4hs4,did:plc:img6unufp67kxekhee3y5ag3,blynxart.bsky.social,,
11e4ab54e4cd4173b263bb7d770b47b6,2026-03-01T05:00:00Z,2026-03-01T05:19:27Z,auth,auth_enUS_labelerexp,at://did:plc:hsqwcidfez66lwm3gxhfv5in/app.bsky.feed.generator/aaaf2pqeodmpy,suggested_labelerexp,45,at://did:plc:fkgenhmf6tazvhnffukvcium/app.bsky.feed.post/3mfugrxps422a,bafyreieitu7a4weldak5cde2vajbqvi3qpumggs44of255jx52igen67o4,did:plc:fkgenhmf6tazvhnffukvcium,onidyl.bsky.social,,
11e4ab54e4cd4173b263bb7d770b47b6,2026-03-01T05:00:00Z,2026-03-01T05:19:27Z,auth,auth_enUS_labelerexp,at://did:plc:hsqwcidfez66lwm3gxhfv5in/app.bsky.feed.generator/aaaf2pqeodmpy,suggested_labelerexp,46,at://did:plc:7qpkr7gwf4ushapwwqrkqzsp/app.bsky.feed.post/3mfugn75jok2m,bafyreifkwknybbbqhkatlk5rshby5ot45ysxstcdaho3a4pszhrruvuc7i,did:plc:7qpkr7gwf4ushapwwqrkqzsp,createnewpaths.bsky.social,,
11e4ab54e4cd4173b263bb7d770b47b6,2026-03-01T05:00:00Z,2026-03-01T05:19:27Z,auth,auth_enUS_labelerexp,at://did:plc:hsqwcidfez66lwm3gxhfv5in/app.bsky.feed.generator/aaaf2pqeodmpy,suggested_labelerexp,47,at://did:plc:e2zkf4od7c5bocfjvogl6qcu/app.bsky.feed.post/3mfucql6vpk2z,bafyreidrb53ufv7ozdh2xzkne57ibe2owaecd25lknblvpon3bly6p52di,did:plc:e2zkf4od7c5bocfjvogl6qcu,mixaeljones.bsky.social,,
11e4ab54e4cd4173b263bb7d770b47b6,2026-03-01T05:00:00Z,2026-03-01T05:19:27Z,auth,auth_enUS_labelerexp,at://did:plc:hsqwcidfez66lwm3gxhfv5in/app.bsky.feed.generator/aaaf2pqeodmpy,suggested_labelerexp,48,at://did:plc:4rvgodksojayd3edjqcxplzh/app.bsky.feed.post/3mfuc66gdbk2h,bafyreidi3qfmudnysr5etpk3upqvc7rtro5rqbhxuaomqlkekhbvg3sak4,did:plc:4rvgodksojayd3edjqcxplzh,harlander-1.bsky.social,,
11e4ab54e4cd4173b263bb7d770b47b6,2026-03-01T05:00:00Z,2026-03-01T05:19:27Z,auth,auth_enUS_labelerexp,at://did:plc:hsqwcidfez66lwm3gxhfv5in/app.bsky.feed.generator/aaaf2pqeodmpy,suggested_labelerexp,49,at://did:plc:2zpenz52cwhmuirkgjgwfkeq/app.bsky.feed.post/3mfuc62glf22d,bafyreicdmcja7iy6c2ezxj666r6cs3gih6juvngodw5tvt62mlkn6ueaia,did:plc:2zpenz52cwhmuirkgjgwfkeq,bearu66.bsky.social,,
11e4ab54e4cd4173b263bb7d770b47b6,2026-03-01T05:00:00Z,2026-03-01T05:19:27Z,auth,auth_enUS_labelerexp,at://did:plc:hsqwcidfez66lwm3gxhfv5in/app.bsky.feed.generator/aaaf2pqeodmpy,suggested_labelerexp,50,at://did:plc:endxtrlv7alnsg75dpwcdgpl/app.bsky.feed.post/3mfubel4lis2b,bafyreibohzqdzdgqe34oww6yast6mtxufl5wcrnf5zexp5egkabb75xgcm,did:plc:endxtrlv7alnsg75dpwcdgpl,lukesmushrooms.bsky.social,,
11e4ab54e4cd4173b263bb7d770b47b6,2026-03-01T05:00:00Z,2026-03-01T05:19:28Z,auth,auth_enUS_labelerexp,at://did:plc:l72uci4styb4jucsgcrrj5ap/app.bsky.feed.generator/aaao5dzfm36u4,suggested_labelerexp,1,at://did:plc:bmarnzj3houwlhnm53avpqnq/app.bsky.feed.post/3lbf2rghjlk22,bafyreic6oljo6rikml4ycqsl55jon33mq3fjmjxlcqyzzunl4gskyh7mse,did:plc:bmarnzj3houwlhnm53avpqnq,eduskyteam.bsky.social,,
11e4ab54e4cd4173b263bb7d770b47b6,2026-03-01T05:00:00Z,2026-03-01T05:19:28Z,auth,auth_enUS_labelerexp,at://did:plc:l72uci4styb4jucsgcrrj5ap/app.bsky.feed.generator/aaao5dzfm36u4,suggested_labelerexp,2,at://did:plc:sdbsjrminwmtfvesvgxq33ai/app.bsky.feed.post/3mfxqfmju7i2h,bafyreidpmoomkpycoh5bae6h5mpsijwvzmyuwqdmvtzfnrhwzgrro6h4fm,did:plc:sdbsjrminwmtfvesvgxq33ai,coolcatteacher.bsky.social,,
11e4ab54e4cd4173b263bb7d770b47b6,2026-03-01T05:00:00Z,2026-03-01T05:19:28Z,auth,auth_enUS_labelerexp,at://did:plc:l72uci4styb4jucsgcrrj5ap/app.bsky.feed.generator/aaao5dzfm36u4,suggested_labelerexp,3,at://did:plc:4mcyywcrdt3kjyukh2dymb55/app.bsky.feed.post/3mfxpdbjcc22i,bafyreiduwuc4ddlg7diqenbjpsmtsgqh74oouvyhommh4pjh2mks43655a,did:plc:4mcyywcrdt3kjyukh2dymb55,readmeastoryink.bsky.social,,
11e4ab54e4cd4173b263bb7d770b47b6,2026-03-01T05:00:00Z,2026-03-01T05:19:28Z,auth,auth_enUS_labelerexp,at://did:plc:l72uci4styb4jucsgcrrj5ap/app.bsky.feed.generator/aaao5dzfm36u4,suggested_labelerexp,4,at://did:plc:j4evarkv2vqkstkarxkinry4/app.bsky.feed.post/3mfxoigh5ps2z,bafyreiagwqqdtnzqtovstrt5gxvstyk2mp6ucosmpelltppyyjmfjqa3uu,did:plc:j4evarkv2vqkstkarxkinry4,theworthyeducator.bsky.social,,
11e4ab54e4cd4173b263bb7d770b47b6,2026-03-01T05:00:00Z,2026-03-01T05:19:28Z,auth,auth_enUS_labelerexp,at://did:plc:l72uci4styb4jucsgcrrj5ap/app.bsky.feed.generator/aaao5dzfm36u4,suggested_labelerexp,5,at://did:plc:j4evarkv2vqkstkarxkinry4/app.bsky.feed.post/3mfxkapxiqc2z,bafyreihpm4otme5wamhetfvo4yh737wksckhb5t3nbv3vj2hbcgn5kalfq,did:plc:j4evarkv2vqkstkarxkinry4,theworthyeducator.bsky.social,,
11e4ab54e4cd4173b263bb7d770b47b6,2026-03-01T05:00:00Z,2026-03-01T05:19:28Z,auth,auth_enUS_labelerexp,at://did:plc:l72uci4styb4jucsgcrrj5ap/app.bsky.feed.generator/aaao5dzfm36u4,suggested_labelerexp,6,at://did:plc:4zbgbug4ilc6e6erhwm7tlze/app.bsky.feed.post/3mfxk7vt63f2c,bafyreiemgy52y3gajixzbq6nmrqai7ppum4groynoeseig5npmt7lp3wyy,did:plc:4zbgbug4ilc6e6erhwm7tlze,edutopia.org,,
11e4ab54e4cd4173b263bb7d770b47b6,2026-03-01T05:00:00Z,2026-03-01T05:19:28Z,auth,auth_enUS_labelerexp,at://did:plc:l72uci4styb4jucsgcrrj5ap/app.bsky.feed.generator/aaao5dzfm36u4,suggested_labelerexp,7,at://did:plc:mlimbtxuf4wyxwvtb2fm7yur/app.bsky.feed.post/3mfxgmx7nkk2w,bafyreigavnru47ywywf2dvl4s37bed47g7jvffs2yqomhalhfanisojmji,did:plc:mlimbtxuf4wyxwvtb2fm7yur,hellobonjour.bsky.social,,
11e4ab54e4cd4173b263bb7d770b47b6,2026-03-01T05:00:00Z,2026-03-01T05:19:28Z,auth,auth_enUS_labelerexp,at://did:plc:l72uci4styb4jucsgcrrj5ap/app.bsky.feed.generator/aaao5dzfm36u4,suggested_labelerexp,8,at://did:plc:bwtzxoq4bgxjhbcmlj6dtvl4/app.bsky.feed.post/3mfxfiylnd22b,bafyreid5zmp2nzycrakjjm2tntz2x7tfo4tzajbvykmmejlsdioyktf4ee,did:plc:bwtzxoq4bgxjhbcmlj6dtvl4,themathcollective.bsky.social,,
11e4ab54e4cd4173b263bb7d770b47b6,2026-03-01T05:00:00Z,2026-03-01T05:19:28Z,auth,auth_enUS_labelerexp,at://did:plc:l72uci4styb4jucsgcrrj5ap/app.bsky.feed.generator/aaao5dzfm36u4,suggested_labelerexp,9,at://did:plc:4zbgbug4ilc6e6erhwm7tlze/app.bsky.feed.post/3mfxelcwo5g2b,bafyreie5laojq2ltyxdmet7jgbc4yg4vce7vh3hq62zxd3wu3rla5adrj4,did:plc:4zbgbug4ilc6e6erhwm7tlze,edutopia.org,,
11e4ab54e4cd4173b263bb7d770b47b6,2026-03-01T05:00:00Z,2026-03-01T05:19:28Z,auth,auth_enUS_labelerexp,at://did:plc:l72uci4styb4jucsgcrrj5ap/app.bsky.feed.generator/aaao5dzfm36u4,suggested_labelerexp,10,at://did:plc:rqv277ihotxykvhnjt6deu5h/app.bsky.feed.post/3mfxduyy75c2a,bafyreidp7azvv2pzdel724225jcxncyr4amnwyv7dcetkgeedjn32oiv7y,did:plc:rqv277ihotxykvhnjt6deu5h,lisdtechtips.bsky.social,,
11e4ab54e4cd4173b263bb7d770b47b6,2026-03-01T05:00:00Z,2026-03-01T05:19:28Z,auth,auth_enUS_labelerexp,at://did:plc:l72uci4styb4jucsgcrrj5ap/app.bsky.feed.generator/aaao5dzfm36u4,suggested_labelerexp,11,at://did:plc:bxsrndkwkqq7wpc6wwrbu74b/app.bsky.feed.post/3mfxc6fbwn22j,bafyreihyujzwwuw3z4d6uw2mbbjmizjxltmh6zvs72heodh2qh2r4hlcca,did:plc:bxsrndkwkqq7wpc6wwrbu74b,auneeducation.bsky.social,,
11e4ab54e4cd4173b263bb7d770b47b6,2026-03-01T05:00:00Z,2026-03-01T05:19:28Z,auth,auth_enUS_labelerexp,at://did:plc:l72uci4styb4jucsgcrrj5ap/app.bsky.feed.generator/aaao5dzfm36u4,suggested_labelerexp,12,at://did:plc:g22huywnb5v7rnrzrl7kchwj/app.bsky.feed.post/3mfxbnpmlzy2z,bafyreidneqxopkuizsnu3k6w3qx5g3dngr2dqqeujvl2zq3ea5virxgisy,did:plc:g22huywnb5v7rnrzrl7kchwj,alicekeeler.com,,
11e4ab54e4cd4173b263bb7d770b47b6,2026-03-01T05:00:00Z,2026-03-01T05:19:28Z,auth,auth_enUS_labelerexp,at://did:plc:l72uci4styb4jucsgcrrj5ap/app.bsky.feed.generator/aaao5dzfm36u4,suggested_labelerexp,13,at://did:plc:xiuu2ngw4fsjw7uqcyk3dxez/app.bsky.feed.post/3mfxaswuodk2n,bafyreiaszhzhiad3po5pu32nagwejtbxsrrxqkquklpmpdovxehjoafznu,did:plc:xiuu2ngw4fsjw7uqcyk3dxez,earthforestskye.bsky.social,,
11e4ab54e4cd4173b263bb7d770b47b6,2026-03-01T05:00:00Z,2026-03-01T05:19:28Z,auth,auth_enUS_labelerexp,at://did:plc:l72uci4styb4jucsgcrrj5ap/app.bsky.feed.generator/aaao5dzfm36u4,suggested_labelerexp,14,at://did:plc:j4evarkv2vqkstkarxkinry4/app.bsky.feed.post/3mfx5eevrf22z,bafyreifbtjz56txkhlrim64aqx4gxl2gtdk4hhh3oeerbb4ryxv6oxfqxe,did:plc:j4evarkv2vqkstkarxkinry4,theworthyeducator.bsky.social,,
11e4ab54e4cd4173b263bb7d770b47b6,2026-03-01T05:00:00Z,2026-03-01T05:19:28Z,auth,auth_enUS_labelerexp,at://did:plc:l72uci4styb4jucsgcrrj5ap/app.bsky.feed.generator/aaao5dzfm36u4,suggested_labelerexp,15,at://did:plc:tp4t75rh47fptz3f2x5iep7r/app.bsky.feed.post/3mfx3sk6d5k2x,bafyreic6vtse3yf3pyv5ablfuif3q7dvmvtxripp2bfb4sxs4e6xi2fitm,did:plc:tp4t75rh47fptz3f2x5iep7r,academicabuse.com,,
11e4ab54e4cd4173b263bb7d770b47b6,2026-03-01T05:00:00Z,2026-03-01T05:19:28Z,auth,auth_enUS_labelerexp,at://did:plc:l72uci4styb4jucsgcrrj5ap/app.bsky.feed.generator/aaao5dzfm36u4,suggested_labelerexp,16,at://did:plc:tp4t75rh47fptz3f2x5iep7r/app.bsky.feed.post/3mfx3sk6d5k2x,bafyreic6vtse3yf3pyv5ablfuif3q7dvmvtxripp2bfb4sxs4e6xi2fitm,did:plc:tp4t75rh47fptz3f2x5iep7r,academicabuse.com,,
11e4ab54e4cd4173b263bb7d770b47b6,2026-03-01T05:00:00Z,2026-03-01T05:19:28Z,auth,auth_enUS_labelerexp,at://did:plc:l72uci4styb4jucsgcrrj5ap/app.bsky.feed.generator/aaao5dzfm36u4,suggested_labelerexp,17,at://did:plc:yy76zfdybuugy7mgxfwiwv4i/app.bsky.feed.post/3mfx2mepxu22u,bafyreihtdk4vvk3je3sg3gojxrexhrpkpn6thtosokkvy4dthaphe5okie,did:plc:yy76zfdybuugy7mgxfwiwv4i,heyacordeiro.bsky.social,,
11e4ab54e4cd4173b263bb7d770b47b6,2026-03-01T05:00:00Z,2026-03-01T05:19:28Z,auth,auth_enUS_labelerexp,at://did:plc:l72uci4styb4jucsgcrrj5ap/app.bsky.feed.generator/aaao5dzfm36u4,suggested_labelerexp,18,at://did:plc:3xg2qsw6dcggxalo3pb5ykbq/app.bsky.feed.post/3mfx2dn63i725,bafyreihchgpv74rlilzoa4i33j3rtzhdmhjejo32hjaq7phsdrxvjqs634,did:plc:3xg2qsw6dcggxalo3pb5ykbq,edumind.bsky.social,,
11e4ab54e4cd4173b263bb7d770b47b6,2026-03-01T05:00:00Z,2026-03-01T05:19:28Z,auth,auth_enUS_labelerexp,at://did:plc:l72uci4styb4jucsgcrrj5ap/app.bsky.feed.generator/aaao5dzfm36u4,suggested_labelerexp,19,at://did:plc:4zbgbug4ilc6e6erhwm7tlze/app.bsky.feed.post/3mfwyqa5bdk23,bafyreih3lviyfp54aclwipp3tsydt2ecmpzufdhdxrkyg3y46rwenh7aaq,did:plc:4zbgbug4ilc6e6erhwm7tlze,edutopia.org,,
11e4ab54e4cd4173b263bb7d770b47b6,2026-03-01T05:00:00Z,2026-03-01T05:19:28Z,auth,auth_enUS_labelerexp,at://did:plc:l72uci4styb4jucsgcrrj5ap/app.bsky.feed.generator/aaao5dzfm36u4,suggested_labelerexp,20,at://did:plc:rx6bxmgzarmji6ifkyihcwoq/app.bsky.feed.post/3mfwwdydlzc2d,bafyreiajkqf7mpakzzlhqwlwhumqqjs2mqllemtlx7nkl5spa5nvn7lpoq,did:plc:rx6bxmgzarmji6ifkyihcwoq,nhcte.bsky.social,,
11e4ab54e4cd4173b263bb7d770b47b6,2026-03-01T05:00:00Z,2026-03-01T05:19:28Z,auth,auth_enUS_labelerexp,at://did:plc:l72uci4styb4jucsgcrrj5ap/app.bsky.feed.generator/aaao5dzfm36u4,suggested_labelerexp,21,at://did:plc:rx6bxmgzarmji6ifkyihcwoq/app.bsky.feed.post/3mfww7bswa22d,bafyreihsukdxfsba5fmi3f5ipg2cvwx2zvpa5gs2vd3jfhoetzq4yequvy,did:plc:rx6bxmgzarmji6ifkyihcwoq,nhcte.bsky.social,,
11e4ab54e4cd4173b263bb7d770b47b6,2026-03-01T05:00:00Z,2026-03-01T05:19:28Z,auth,auth_enUS_labelerexp,at://did:plc:l72uci4styb4jucsgcrrj5ap/app.bsky.feed.generator/aaao5dzfm36u4,suggested_labelerexp,22,at://did:plc:rx6bxmgzarmji6ifkyihcwoq/app.bsky.feed.post/3mfww3sdhzk2d,bafyreih5hxvkv53ihzwiqxaadoyueespu5hit5dta2mq576mgrfhalar6i,did:plc:rx6bxmgzarmji6ifkyihcwoq,nhcte.bsky.social,,
11e4ab54e4cd4173b263bb7d770b47b6,2026-03-01T05:00:00Z,2026-03-01T05:19:28Z,auth,auth_enUS_labelerexp,at://did:plc:l72uci4styb4jucsgcrrj5ap/app.bsky.feed.generator/aaao5dzfm36u4,suggested_labelerexp,23,at://did:plc:bojmet4wbfkvvy5tnojvzlai/app.bsky.feed.post/3mfwvo6rt5c2c,bafyreibskq3zpzrnk5gcrzoq5h6jlwpywv2lya673tme6tedd7jwojivmm,did:plc:bojmet4wbfkvvy5tnojvzlai,ericcurts.bsky.social,,
11e4ab54e4cd4173b263bb7d770b47b6,2026-03-01T05:00:00Z,2026-03-01T05:19:28Z,auth,auth_enUS_labelerexp,at://did:plc:l72uci4styb4jucsgcrrj5ap/app.bsky.feed.generator/aaao5dzfm36u4,suggested_labelerexp,24,at://did:plc:slv3rjhdks23mcpoezx3rf5u/app.bsky.feed.post/3mfwv5txnvs2x,bafyreiekakxtyydgixxvee2swsst3z2gvjqd6jj2d35hkopyvckptmci3m,did:plc:slv3rjhdks23mcpoezx3rf5u,stephscythes.bsky.social,,
11e4ab54e4cd4173b263bb7d770b47b6,2026-03-01T05:00:00Z,2026-03-01T05:19:28Z,auth,auth_enUS_labelerexp,at://did:plc:l72uci4styb4jucsgcrrj5ap/app.bsky.feed.generator/aaao5dzfm36u4,suggested_labelerexp,25,at://did:plc:b3m7d4s53jveklaane4ftdml/app.bsky.feed.post/3mfwuywipss2r,bafyreig3e4hpnirumwayifrog3cmn75plr2b26nsah5lordbuovp4cf4de,did:plc:b3m7d4s53jveklaane4ftdml,teesharoo.bsky.social,,
11e4ab54e4cd4173b263bb7d770b47b6,2026-03-01T05:00:00Z,2026-03-01T05:19:28Z,auth,auth_enUS_labelerexp,at://did:plc:l72uci4styb4jucsgcrrj5ap/app.bsky.feed.generator/aaao5dzfm36u4,suggested_labelerexp,26,at://did:plc:u6hyweqdozws6uxewuf6ehtk/app.bsky.feed.post/3mfwqlucmks2s,bafyreie2h5rm74nlzbl3kyj5zajv57q3k7kxus4ocewvhu37yeorkubt4e,did:plc:u6hyweqdozws6uxewuf6ehtk,mtholfsen.bsky.social,,
11e4ab54e4cd4173b263bb7d770b47b6,2026-03-01T05:00:00Z,2026-03-01T05:19:28Z,auth,auth_enUS_labelerexp,at://did:plc:l72uci4styb4jucsgcrrj5ap/app.bsky.feed.generator/aaao5dzfm36u4,suggested_labelerexp,27,at://did:plc:bxsrndkwkqq7wpc6wwrbu74b/app.bsky.feed.post/3mfwq3376at2c,bafyreiayrkhwquflz2csgbl3zdnfwm5snxd3kcdzvonova7jqscyhl43au,did:plc:bxsrndkwkqq7wpc6wwrbu74b,auneeducation.bsky.social,,
11e4ab54e4cd4173b263bb7d770b47b6,2026-03-01T05:00:00Z,2026-03-01T05:19:28Z,auth,auth_enUS_labelerexp,at://did:plc:l72uci4styb4jucsgcrrj5ap/app.bsky.feed.generator/aaao5dzfm36u4,suggested_labelerexp,28,at://did:plc:5flh5343wiundn3k7m2k575d/app.bsky.feed.post/3mfwpphncwk2s,bafyreiaxnosjqxwlic77nc2ugsnwlmsbzatcmchnmgdxdyfcdil7s7oegu,did:plc:5flh5343wiundn3k7m2k575d,tkedmunds.bsky.social,,
11e4ab54e4cd4173b263bb7d770b47b6,2026-03-01T05:00:00Z,2026-03-01T05:19:28Z,auth,auth_enUS_labelerexp,at://did:plc:l72uci4styb4jucsgcrrj5ap/app.bsky.feed.generator/aaao5dzfm36u4,suggested_labelerexp,29,at://did:plc:ebl6gkgiekpctdgai3omtlmr/app.bsky.feed.post/3mfwo4qfsqv2i,bafyreiesmnhicf6jghilj3db7t7i4ih4yolfvxomieknoqyve2mhbwkmlm,did:plc:ebl6gkgiekpctdgai3omtlmr,shakeuplearning.bsky.social,,
11e4ab54e4cd4173b263bb7d770b47b6,2026-03-01T05:00:00Z,2026-03-01T05:19:28Z,auth,auth_enUS_labelerexp,at://did:plc:l72uci4styb4jucsgcrrj5ap/app.bsky.feed.generator/aaao5dzfm36u4,suggested_labelerexp,30,at://did:plc:czbeffc77u66xrpt2owl7dqs/app.bsky.feed.post/3mfwo36a4pk2y,bafyreighcjikdixol75dcwxzxcc5r5dn2ew3ripjudq5w2jfhzu7yx3wra,did:plc:czbeffc77u66xrpt2owl7dqs,andreamack.bsky.social,,
11e4ab54e4cd4173b263bb7d770b47b6,2026-03-01T05:00:00Z,2026-03-01T05:19:28Z,auth,auth_enUS_labelerexp,at://did:plc:l72uci4styb4jucsgcrrj5ap/app.bsky.feed.generator/aaao5dzfm36u4,suggested_labelerexp,31,at://did:plc:wqbeuqsit7z56jqoiqx6a67r/app.bsky.feed.post/3mfwnka2dwp2w,bafyreig65i7umsqy3rdw7bolhfpvq24o67f3rzkmibwvepqw2iznxk4bcu,did:plc:wqbeuqsit7z56jqoiqx6a67r,echamblet.bsky.social,,
11e4ab54e4cd4173b263bb7d770b47b6,2026-03-01T05:00:00Z,2026-03-01T05:19:28Z,auth,auth_enUS_labelerexp,at://did:plc:l72uci4styb4jucsgcrrj5ap/app.bsky.feed.generator/aaao5dzfm36u4,suggested_labelerexp,32,at://did:plc:ebl6gkgiekpctdgai3omtlmr/app.bsky.feed.post/3mfwmvfkcie2i,bafyreibh3df3fmaksus64h3tswppakvmb3bou6wpavk2uwmrx5coajvlra,did:plc:ebl6gkgiekpctdgai3omtlmr,shakeuplearning.bsky.social,,
11e4ab54e4cd4173b263bb7d770b47b6,2026-03-01T05:00:00Z,2026-03-01T05:19:28Z,auth,auth_enUS_labelerexp,at://did:plc:l72uci4styb4jucsgcrrj5ap/app.bsky.feed.generator/aaao5dzfm36u4,suggested_labelerexp,33,at://did:plc:5d4kqmlpxkdeerngwjqctaq4/app.bsky.feed.post/3mfwl7nv4os2r,bafyreihzymedx5xpd37a5edn3ysbdxaxnrs53edzzfc2wiljaq5pijbszq,did:plc:5d4kqmlpxkdeerngwjqctaq4,thesatcast.com,,
11e4ab54e4cd4173b263bb7d770b47b6,2026-03-01T05:00:00Z,2026-03-01T05:19:28Z,auth,auth_enUS_labelerexp,at://did:plc:l72uci4styb4jucsgcrrj5ap/app.bsky.feed.generator/aaao5dzfm36u4,suggested_labelerexp,34,at://did:plc:rvbfm7iuav3xewenrbaxjlsh/app.bsky.feed.post/3mfwkfojm6s2z,bafyreibap7ejxrmdro24vu5ncnsajj2timw6vimeuyuvc646g6qxkhoari,did:plc:rvbfm7iuav3xewenrbaxjlsh,yvonnec4788.bsky.social,,
11e4ab54e4cd4173b263bb7d770b47b6,2026-03-01T05:00:00Z,2026-03-01T05:19:28Z,auth,auth_enUS_labelerexp,at://did:plc:l72uci4styb4jucsgcrrj5ap/app.bsky.feed.generator/aaao5dzfm36u4,suggested_labelerexp,35,at://did:plc:ynq7heni7o4figgkgmw2mysi/app.bsky.feed.post/3mfwjzfncpk2g,bafyreigeo52xgesgj4xugtcncgbuwk2h7lt3jecbu3uv7kypuay2muhqdu,did:plc:ynq7heni7o4figgkgmw2mysi,kidlitcollective.bsky.social,,
11e4ab54e4cd4173b263bb7d770b47b6,2026-03-01T05:00:00Z,2026-03-01T05:19:28Z,auth,auth_enUS_labelerexp,at://did:plc:l72uci4styb4jucsgcrrj5ap/app.bsky.feed.generator/aaao5dzfm36u4,suggested_labelerexp,36,at://did:plc:s3gewuysj5vyffcvpxe2gpgb/app.bsky.feed.post/3mfwiz5yfms2e,bafyreider3sdw4kydyo77pzdhzve2wbck3hpqdwcifk34ixywflkywqc5i,did:plc:s3gewuysj5vyffcvpxe2gpgb,nenebal.bsky.social,,
11e4ab54e4cd4173b263bb7d770b47b6,2026-03-01T05:00:00Z,2026-03-01T05:19:28Z,auth,auth_enUS_labelerexp,at://did:plc:l72uci4styb4jucsgcrrj5ap/app.bsky.feed.generator/aaao5dzfm36u4,suggested_labelerexp,37,at://did:plc:tlcyunghi6t4z7bxnxpddz6d/app.bsky.feed.post/3mfwi3dtnwi2g,bafyreihr3pdv3pghvc6nkezph6vq7bdtsu7hfugm2uarftzfb2q46l25bi,did:plc:tlcyunghi6t4z7bxnxpddz6d,edumatch.bsky.social,,
11e4ab54e4cd4173b263bb7d770b47b6,2026-03-01T05:00:00Z,2026-03-01T05:19:28Z,auth,auth_enUS_labelerexp,at://did:plc:l72uci4styb4jucsgcrrj5ap/app.bsky.feed.generator/aaao5dzfm36u4,suggested_labelerexp,38,at://did:plc:4zbgbug4ilc6e6erhwm7tlze/app.bsky.feed.post/3mfwhji7lvt2h,bafyreieovm3ue2rfhqyfqazog37nb2swgmr37qn3cvy6qw7c2aha4a4pma,did:plc:4zbgbug4ilc6e6erhwm7tlze,edutopia.org,,
11e4ab54e4cd4173b263bb7d770b47b6,2026-03-01T05:00:00Z,2026-03-01T05:19:28Z,auth,auth_enUS_labelerexp,at://did:plc:l72uci4styb4jucsgcrrj5ap/app.bsky.feed.generator/aaao5dzfm36u4,suggested_labelerexp,39,at://did:plc:5bcduiswkhilco6g66tjo57y/app.bsky.feed.post/3mfwhhwmivu2z,bafyreifijsywsa67f75lboq3l7mv376q6aoszqcbygmyfhgdfl3lmhvcfq,did:plc:5bcduiswkhilco6g66tjo57y,keepinlearning.bsky.social,,
11e4ab54e4cd4173b263bb7d770b47b6,2026-03-01T05:00:00Z,2026-03-01T05:19:28Z,auth,auth_enUS_labelerexp,at://did:plc:l72uci4styb4jucsgcrrj5ap/app.bsky.feed.generator/aaao5dzfm36u4,suggested_labelerexp,40,at://did:plc:6nwrwt5xhupr6rqhjjzbyjr4/app.bsky.feed.post/3mfwgpmuc4c2o,bafyreih3ei6663cpcjg2ob5374z22niwpm6d3sgujxqyplt2xtm5mm4cnq,did:plc:6nwrwt5xhupr6rqhjjzbyjr4,clickteaching.bsky.social,,
11e4ab54e4cd4173b263bb7d770b47b6,2026-03-01T05:00:00Z,2026-03-01T05:19:28Z,auth,auth_enUS_labelerexp,at://did:plc:l72uci4styb4jucsgcrrj5ap/app.bsky.feed.generator/aaao5dzfm36u4,suggested_labelerexp,41,at://did:plc:6nwrwt5xhupr6rqhjjzbyjr4/app.bsky.feed.post/3mfwgo5at522o,bafyreiefscj3goieop7rvfta63wf3uwcrfe4xaairxdojdbh23zckjd6xi,did:plc:6nwrwt5xhupr6rqhjjzbyjr4,clickteaching.bsky.social,,
11e4ab54e4cd4173b263bb7d770b47b6,2026-03-01T05:00:00Z,2026-03-01T05:19:28Z,auth,auth_enUS_labelerexp,at://did:plc:l72uci4styb4jucsgcrrj5ap/app.bsky.feed.generator/aaao5dzfm36u4,suggested_labelerexp,42,at://did:plc:5rsby4h57omng3wumf7ks5bi/app.bsky.feed.post/3mfwgezhddc2w,bafyreieklb2ks75x42r7hsro6axzhe7hbvpzycxwpnb3rnz2tepwitomie,did:plc:5rsby4h57omng3wumf7ks5bi,markwestonphd.bsky.social,,
11e4ab54e4cd4173b263bb7d770b47b6,2026-03-01T05:00:00Z,2026-03-01T05:19:28Z,auth,auth_enUS_labelerexp,at://did:plc:l72uci4styb4jucsgcrrj5ap/app.bsky.feed.generator/aaao5dzfm36u4,suggested_labelerexp,43,at://did:plc:j4evarkv2vqkstkarxkinry4/app.bsky.feed.post/3mfwfwctm722u,bafyreihhk56u32qrgm5davqhew4hqc4rmel6jyloqeqi6zvjpf6fp6hepa,did:plc:j4evarkv2vqkstkarxkinry4,theworthyeducator.bsky.social,,
11e4ab54e4cd4173b263bb7d770b47b6,2026-03-01T05:00:00Z,2026-03-01T05:19:28Z,auth,auth_enUS_labelerexp,at://did:plc:l72uci4styb4jucsgcrrj5ap/app.bsky.feed.generator/aaao5dzfm36u4,suggested_labelerexp,44,at://did:plc:ruim3mdlpbpuswzl7bzj7lfq/app.bsky.feed.post/3mfwellqmus2z,bafyreicpfik44vdsaj63glt7dgdktjkkvacka652ctbraqvxa2ikme5goq,did:plc:ruim3mdlpbpuswzl7bzj7lfq,tagtiv8.bsky.social,,
11e4ab54e4cd4173b263bb7d770b47b6,2026-03-01T05:00:00Z,2026-03-01T05:19:28Z,auth,auth_enUS_labelerexp,at://did:plc:l72uci4styb4jucsgcrrj5ap/app.bsky.feed.generator/aaao5dzfm36u4,suggested_labelerexp,45,at://did:plc:6e2hsqzve2ewt4msq5rnrbbv/app.bsky.feed.post/3mfweazehvk2e,bafyreihtdb6cxrff7wtm3vmvj672eggq3ocuaswkylklpqanvgryyopdiq,did:plc:6e2hsqzve2ewt4msq5rnrbbv,msmgutsell.bsky.social,,
11e4ab54e4cd4173b263bb7d770b47b6,2026-03-01T05:00:00Z,2026-03-01T05:19:28Z,auth,auth_enUS_labelerexp,at://did:plc:l72uci4styb4jucsgcrrj5ap/app.bsky.feed.generator/aaao5dzfm36u4,suggested_labelerexp,46,at://did:plc:j4evarkv2vqkstkarxkinry4/app.bsky.feed.post/3mfwdk425zk2u,bafyreia7tx5lk2wszcbxiqhqlyffbdlesxvvwkx2kzovlgaki4ozjofqsi,did:plc:j4evarkv2vqkstkarxkinry4,theworthyeducator.bsky.social,,
11e4ab54e4cd4173b263bb7d770b47b6,2026-03-01T05:00:00Z,2026-03-01T05:19:28Z,auth,auth_enUS_labelerexp,at://did:plc:l72uci4styb4jucsgcrrj5ap/app.bsky.feed.generator/aaao5dzfm36u4,suggested_labelerexp,47,at://did:plc:766uglrpw65ppzm6hxyu7job/app.bsky.feed.post/3mfwd4dvznc2j,bafyreigerrtj3nglrq234kys63xfmhtcurejdgfpozqoffq55yvvf62zoi,did:plc:766uglrpw65ppzm6hxyu7job,tcadvancinglit.bsky.social,,
11e4ab54e4cd4173b263bb7d770b47b6,2026-03-01T05:00:00Z,2026-03-01T05:19:28Z,auth,auth_enUS_labelerexp,at://did:plc:l72uci4styb4jucsgcrrj5ap/app.bsky.feed.generator/aaao5dzfm36u4,suggested_labelerexp,48,at://did:plc:gkqyvbabw2lktfoeoehcyxye/app.bsky.feed.post/3mfwcpph2vo2n,bafyreiegzgbipzcsohifhfgs4t5o5roukoeujn2zrzfgl6sg35hdrdr23y,did:plc:gkqyvbabw2lktfoeoehcyxye,studenthandouts.bsky.social,,
11e4ab54e4cd4173b263bb7d770b47b6,2026-03-01T05:00:00Z,2026-03-01T05:19:28Z,auth,auth_enUS_labelerexp,at://did:plc:l72uci4styb4jucsgcrrj5ap/app.bsky.feed.generator/aaao5dzfm36u4,suggested_labelerexp,49,at://did:plc:f7nfvma4oivfdrrkru2no3fe/app.bsky.feed.post/3mfwc2ks5bs2c,bafyreie7lwtqmwk6oucmmpnwyfir5pnhn7onybipaa2y2ysm5xkys24dj4,did:plc:f7nfvma4oivfdrrkru2no3fe,markgoodrich.bsky.social,,
11e4ab54e4cd4173b263bb7d770b47b6,2026-03-01T05:00:00Z,2026-03-01T05:19:28Z,auth,auth_enUS_labelerexp,at://did:plc:l72uci4styb4jucsgcrrj5ap/app.bsky.feed.generator/aaao5dzfm36u4,suggested_labelerexp,50,at://did:plc:sylpou6sk4oxnvokdr2pccjo/app.bsky.feed.post/3mfwbth65fc24,bafyreie4noczsew6my4ge27m2mmrzjoroto6ctlmsj35yhx6fjx4jy7gci,did:plc:sylpou6sk4oxnvokdr2pccjo,practicaleducoach.bsky.social,,
11e4ab54e4cd4173b263bb7d770b47b6,2026-03-01T05:00:00Z,2026-03-01T05:19:29Z,auth,auth_enUS_labelerexp,at://did:plc:mlq4aycufcuolr7ax6sezpc4/app.bsky.feed.generator/aaad2auzj4ana,suggested_labelerexp,1,at://did:plc:ylvjkvcjyosjqhn7lsoxbf3x/app.bsky.feed.post/3mfxx3k2o7c2w,bafyreihgcgsmkdywbgqi2md2khghm5dwehflso5c4ctouvwlzsexgvmszu,did:plc:ylvjkvcjyosjqhn7lsoxbf3x,gettoknownature.bsky.social,,
11e4ab54e4cd4173b263bb7d770b47b6,2026-03-01T05:00:00Z,2026-03-01T05:19:29Z,auth,auth_enUS_labelerexp,at://did:plc:mlq4aycufcuolr7ax6sezpc4/app.bsky.feed.generator/aaad2auzj4ana,suggested_labelerexp,2,at://did:plc:gmmq4h2v67dhjfla3wz63o66/app.bsky.feed.post/3mfxtaieyks2g,bafyreicn5jcr3h3oj4yasnpz236m7ybwt7q4qf5ixp6e5wyb74dgzxovmm,did:plc:gmmq4h2v67dhjfla3wz63o66,secondnaturemb.bsky.social,,
11e4ab54e4cd4173b263bb7d770b47b6,2026-03-01T05:00:00Z,2026-03-01T05:19:29Z,auth,auth_enUS_labelerexp,at://did:plc:mlq4aycufcuolr7ax6sezpc4/app.bsky.feed.generator/aaad2auzj4ana,suggested_labelerexp,3,at://did:plc:wyndbgnty3qf6npsajttrucx/app.bsky.feed.post/3mfxptpv76c2g,bafyreifyazx2tj4xtuhuruy3b4kprnjqtmghdcwr3447assetuohnn6vuq,did:plc:wyndbgnty3qf6npsajttrucx,simonhco.bsky.social,,
11e4ab54e4cd4173b263bb7d770b47b6,2026-03-01T05:00:00Z,2026-03-01T05:19:29Z,auth,auth_enUS_labelerexp,at://did:plc:mlq4aycufcuolr7ax6sezpc4/app.bsky.feed.generator/aaad2auzj4ana,suggested_labelerexp,4,at://did:plc:wyndbgnty3qf6npsajttrucx/app.bsky.feed.post/3mfxk4ajmr22g,bafyreie4yxm5udrldmyjemukkle4bsiyhhubgj7fuszchdp3zmxdqauvji,did:plc:wyndbgnty3qf6npsajttrucx,simonhco.bsky.social,,
11e4ab54e4cd4173b263bb7d770b47b6,2026-03-01T05:00:00Z,2026-03-01T05:19:29Z,auth,auth_enUS_labelerexp,at://did:plc:mlq4aycufcuolr7ax6sezpc4/app.bsky.feed.generator/aaad2auzj4ana,suggested_labelerexp,5,at://did:plc:3vqwfcvzsmfyel6uuj66c2as/app.bsky.feed.post/3mfxethhwzk26,bafyreia6lbnl3y7amrgxrrzuyq6yzxywkzvvcteyabbnospi7kdcmbkswy,did:plc:3vqwfcvzsmfyel6uuj66c2as,frwildflowers.bsky.social,,
11e4ab54e4cd4173b263bb7d770b47b6,2026-03-01T05:00:00Z,2026-03-01T05:19:29Z,auth,auth_enUS_labelerexp,at://did:plc:mlq4aycufcuolr7ax6sezpc4/app.bsky.feed.generator/aaad2auzj4ana,suggested_labelerexp,6,at://did:plc:3vqwfcvzsmfyel6uuj66c2as/app.bsky.feed.post/3mfxerlnywk26,bafyreidbhnk67la7ywprampx23xj5kvizolvmv2kjvspnxlrjiizu4ydbe,did:plc:3vqwfcvzsmfyel6uuj66c2as,frwildflowers.bsky.social,,
11e4ab54e4cd4173b263bb7d770b47b6,2026-03-01T05:00:00Z,2026-03-01T05:19:29Z,auth,auth_enUS_labelerexp,at://did:plc:mlq4aycufcuolr7ax6sezpc4/app.bsky.feed.generator/aaad2auzj4ana,suggested_labelerexp,7,at://did:plc:3vqwfcvzsmfyel6uuj66c2as/app.bsky.feed.post/3mfxepn6kj226,bafyreifomqp6t5oji6sdqrnzn2aqihtb5dqw6gmfhhpbkalgz64tuexktu,did:plc:3vqwfcvzsmfyel6uuj66c2as,frwildflowers.bsky.social,,
11e4ab54e4cd4173b263bb7d770b47b6,2026-03-01T05:00:00Z,2026-03-01T05:19:29Z,auth,auth_enUS_labelerexp,at://did:plc:mlq4aycufcuolr7ax6sezpc4/app.bsky.feed.generator/aaad2auzj4ana,suggested_labelerexp,8,at://did:plc:3vqwfcvzsmfyel6uuj66c2as/app.bsky.feed.post/3mfxentjx6226,bafyreidif5bms2ulxira2lbxgfja5qspvue62vcsxlcczaw6ndonrtg4h4,did:plc:3vqwfcvzsmfyel6uuj66c2as,frwildflowers.bsky.social,,
11e4ab54e4cd4173b263bb7d770b47b6,2026-03-01T05:00:00Z,2026-03-01T05:19:29Z,auth,auth_enUS_labelerexp,at://did:plc:mlq4aycufcuolr7ax6sezpc4/app.bsky.feed.generator/aaad2auzj4ana,suggested_labelerexp,9,at://did:plc:3vqwfcvzsmfyel6uuj66c2as/app.bsky.feed.post/3mfxekvsloc26,bafyreiclc5fbqttnjrosqu4aji43k5v2aczsr4dycccayge2c3li2rhqsu,did:plc:3vqwfcvzsmfyel6uuj66c2as,frwildflowers.bsky.social,,
11e4ab54e4cd4173b263bb7d770b47b6,2026-03-01T05:00:00Z,2026-03-01T05:19:29Z,auth,auth_enUS_labelerexp,at://did:plc:mlq4aycufcuolr7ax6sezpc4/app.bsky.feed.generator/aaad2auzj4ana,suggested_labelerexp,10,at://did:plc:5qli26hgfhayvez5ctyekw77/app.bsky.feed.post/3mfxeeodyj22q,bafyreiblogi23ehdpvk4zylntvr6bpjs55asqpm4y4tpmbvmami3rp7d6m,did:plc:5qli26hgfhayvez5ctyekw77,saskajanet.bsky.social,,
11e4ab54e4cd4173b263bb7d770b47b6,2026-03-01T05:00:00Z,2026-03-01T05:19:29Z,auth,auth_enUS_labelerexp,at://did:plc:mlq4aycufcuolr7ax6sezpc4/app.bsky.feed.generator/aaad2auzj4ana,suggested_labelerexp,11,at://did:plc:ylvjkvcjyosjqhn7lsoxbf3x/app.bsky.feed.post/3mfxdt527622z,bafyreianycohabvbmtmcgs6gu32zz3fypnlamylju6uljx76wj3uoz247i,did:plc:ylvjkvcjyosjqhn7lsoxbf3x,gettoknownature.bsky.social,,
11e4ab54e4cd4173b263bb7d770b47b6,2026-03-01T05:00:00Z,2026-03-01T05:19:29Z,auth,auth_enUS_labelerexp,at://did:plc:mlq4aycufcuolr7ax6sezpc4/app.bsky.feed.generator/aaad2auzj4ana,suggested_labelerexp,12,at://did:plc:ffkgesg3jsv2j7aagkzrtcvt/app.bsky.feed.post/3mfxbj5265s2v,bafyreicq44q6xz7nhbszhcn44y42swrsvfo4cn7gamjhykdb3tz5vcwizy,did:plc:ffkgesg3jsv2j7aagkzrtcvt,daryllmarie.bsky.social,,
11e4ab54e4cd4173b263bb7d770b47b6,2026-03-01T05:00:00Z,2026-03-01T05:19:29Z,auth,auth_enUS_labelerexp,at://did:plc:mlq4aycufcuolr7ax6sezpc4/app.bsky.feed.generator/aaad2auzj4ana,suggested_labelerexp,13,at://did:plc:ly35yzxvm6otrog22eu7xn6u/app.bsky.feed.post/3mfx2i5t56k2x,bafyreidocjwddyn6q7snxhab3j4kgnevwcv6sku7oc4mqhujp2vv4x5dtm,did:plc:ly35yzxvm6otrog22eu7xn6u,fishsqueezer.bsky.social,,
11e4ab54e4cd4173b263bb7d770b47b6,2026-03-01T05:00:00Z,2026-03-01T05:19:29Z,auth,auth_enUS_labelerexp,at://did:plc:mlq4aycufcuolr7ax6sezpc4/app.bsky.feed.generator/aaad2auzj4ana,suggested_labelerexp,14,at://did:plc:ylvjkvcjyosjqhn7lsoxbf3x/app.bsky.feed.post/3mfwqhf7p6c2d,bafyreiavo746dgiufzqaockkalqq2us3db6t5upkjoczbr77nplxpbbpie,did:plc:ylvjkvcjyosjqhn7lsoxbf3x,gettoknownature.bsky.social,,
11e4ab54e4cd4173b263bb7d770b47b6,2026-03-01T05:00:00Z,2026-03-01T05:19:29Z,auth,auth_enUS_labelerexp,at://did:plc:mlq4aycufcuolr7ax6sezpc4/app.bsky.feed.generator/aaad2auzj4ana,suggested_labelerexp,15,at://did:plc:jwfjo7rcfgeco4uka26e536o/app.bsky.feed.post/3mfvnu3kxj223,bafyreidekst52jq6q44wemeslbhba3hgdvw5zwfc3fku2p5iu6ha4o6txi,did:plc:jwfjo7rcfgeco4uka26e536o,paulrfoth.bsky.social,,
11e4ab54e4cd4173b263bb7d770b47b6,2026-03-01T05:00:00Z,2026-03-01T05:19:29Z,auth,auth_enUS_labelerexp,at://did:plc:mlq4aycufcuolr7ax6sezpc4/app.bsky.feed.generator/aaad2auzj4ana,suggested_labelerexp,16,at://did:plc:vxnpq3p6zwcbc7db2nalh7z6/app.bsky.feed.post/3mfv6etagzs2u,bafyreierdpbwlhr55qtol6hvtjiubavshn63nfggm4vrxskgwh74lxnapa,did:plc:vxnpq3p6zwcbc7db2nalh7z6,saugepsarahb.bsky.social,,
11e4ab54e4cd4173b263bb7d770b47b6,2026-03-01T05:00:00Z,2026-03-01T05:19:29Z,auth,auth_enUS_labelerexp,at://did:plc:mlq4aycufcuolr7ax6sezpc4/app.bsky.feed.generator/aaad2auzj4ana,suggested_labelerexp,17,at://did:plc:ylvjkvcjyosjqhn7lsoxbf3x/app.bsky.feed.post/3mfv3rgqaas2v,bafyreia6cwh5rqwemyodnxwdxpakkz2prdeo5bgjooshdilmoanfsolzlu,did:plc:ylvjkvcjyosjqhn7lsoxbf3x,gettoknownature.bsky.social,,
11e4ab54e4cd4173b263bb7d770b47b6,2026-03-01T05:00:00Z,2026-03-01T05:19:29Z,auth,auth_enUS_labelerexp,at://did:plc:mlq4aycufcuolr7ax6sezpc4/app.bsky.feed.generator/aaad2auzj4ana,suggested_labelerexp,18,at://did:plc:cr6n4buatrdq7m4px7k67ux4/app.bsky.feed.post/3mfuwg5zuvk2e,bafyreieduusws4sleihakhsw4o4axjlwpcuujbvykjnibpjovi5publb7u,did:plc:cr6n4buatrdq7m4px7k67ux4,ddarv.bsky.social,,
11e4ab54e4cd4173b263bb7d770b47b6,2026-03-01T05:00:00Z,2026-03-01T05:19:29Z,auth,auth_enUS_labelerexp,at://did:plc:mlq4aycufcuolr7ax6sezpc4/app.bsky.feed.generator/aaad2auzj4ana,suggested_labelerexp,19,at://did:plc:ylvjkvcjyosjqhn7lsoxbf3x/app.bsky.feed.post/3mfurrhu2xs2v,bafyreictgi3olsytmawwpsxz2b75emzy44cazkmjbpnjedcmzqp6jffq4i,did:plc:ylvjkvcjyosjqhn7lsoxbf3x,gettoknownature.bsky.social,,
11e4ab54e4cd4173b263bb7d770b47b6,2026-03-01T05:00:00Z,2026-03-01T05:19:29Z,auth,auth_enUS_labelerexp,at://did:plc:mlq4aycufcuolr7ax6sezpc4/app.bsky.feed.generator/aaad2auzj4ana,suggested_labelerexp,20,at://did:plc:ylvjkvcjyosjqhn7lsoxbf3x/app.bsky.feed.post/3mfuk67mhfk2g,bafyreicms7sls6kccsyyvvjkpmmsz7srrei26n6d27koittovdg6wubwze,did:plc:ylvjkvcjyosjqhn7lsoxbf3x,gettoknownature.bsky.social,,
11e4ab54e4cd4173b263bb7d770b47b6,2026-03-01T05:00:00Z,2026-03-01T05:19:29Z,auth,auth_enUS_labelerexp,at://did:plc:mlq4aycufcuolr7ax6sezpc4/app.bsky.feed.generator/aaad2auzj4ana,suggested_labelerexp,21,at://did:plc:ylvjkvcjyosjqhn7lsoxbf3x/app.bsky.feed.post/3mfujyhnkk22g,bafyreihazqsjqcwm3latiylkfbknc4iz2ogjaxxze72g3cxxdk4obkowlu,did:plc:ylvjkvcjyosjqhn7lsoxbf3x,gettoknownature.bsky.social,,
11e4ab54e4cd4173b263bb7d770b47b6,2026-03-01T05:00:00Z,2026-03-01T05:19:29Z,auth,auth_enUS_labelerexp,at://did:plc:mlq4aycufcuolr7ax6sezpc4/app.bsky.feed.generator/aaad2auzj4ana,suggested_labelerexp,22,at://did:plc:kssexgfjoqhscgsxaq2wbutr/app.bsky.feed.post/3mfudnfivxc2z,bafyreia55oaqcwkoeb2f3w5wvg23cgfczyzbptl33apq4ys4bmdxocyylu,did:plc:kssexgfjoqhscgsxaq2wbutr,direbecca.bsky.social,,
11e4ab54e4cd4173b263bb7d770b47b6,2026-03-01T05:00:00Z,2026-03-01T05:19:29Z,auth,auth_enUS_labelerexp,at://did:plc:mlq4aycufcuolr7ax6sezpc4/app.bsky.feed.generator/aaad2auzj4ana,suggested_labelerexp,23,at://did:plc:gmmq4h2v67dhjfla3wz63o66/app.bsky.feed.post/3mfua6w26gk23,bafyreifbio5tdsdztuzgvgfncm3nfdoza5fgyqnjbnwrfotco5w7ooxf44,did:plc:gmmq4h2v67dhjfla3wz63o66,secondnaturemb.bsky.social,,
11e4ab54e4cd4173b263bb7d770b47b6,2026-03-01T05:00:00Z,2026-03-01T05:19:29Z,auth,auth_enUS_labelerexp,at://did:plc:mlq4aycufcuolr7ax6sezpc4/app.bsky.feed.generator/aaad2auzj4ana,suggested_labelerexp,24,at://did:plc:2pzh6omi4v7vqar6qs6ris6z/app.bsky.feed.post/3mfu6utk24k27,bafyreiekogjxd3zcid6ajbncyzew3pvpgrmcsoaip3uownpvme7fjdzzlq,did:plc:2pzh6omi4v7vqar6qs6ris6z,toxicoradica.bsky.social,,
11e4ab54e4cd4173b263bb7d770b47b6,2026-03-01T05:00:00Z,2026-03-01T05:19:29Z,auth,auth_enUS_labelerexp,at://did:plc:mlq4aycufcuolr7ax6sezpc4/app.bsky.feed.generator/aaad2auzj4ana,suggested_labelerexp,25,at://did:plc:3vqwfcvzsmfyel6uuj66c2as/app.bsky.feed.post/3mfu44owjgk2x,bafyreiekg3be4x23ew76wjvtp5umjutkfen3c7p3vnao5ybawpnxueayqi,did:plc:3vqwfcvzsmfyel6uuj66c2as,frwildflowers.bsky.social,,
11e4ab54e4cd4173b263bb7d770b47b6,2026-03-01T05:00:00Z,2026-03-01T05:19:29Z,auth,auth_enUS_labelerexp,at://did:plc:mlq4aycufcuolr7ax6sezpc4/app.bsky.feed.generator/aaad2auzj4ana,suggested_labelerexp,26,at://did:plc:3vqwfcvzsmfyel6uuj66c2as/app.bsky.feed.post/3mftxptgftk2i,bafyreicheucd4olhwnolomyw2rrurpeicg74j3ctxrggsyjikv5buln64m,did:plc:3vqwfcvzsmfyel6uuj66c2as,frwildflowers.bsky.social,,
11e4ab54e4cd4173b263bb7d770b47b6,2026-03-01T05:00:00Z,2026-03-01T05:19:29Z,auth,auth_enUS_labelerexp,at://did:plc:mlq4aycufcuolr7ax6sezpc4/app.bsky.feed.generator/aaad2auzj4ana,suggested_labelerexp,27,at://did:plc:3vqwfcvzsmfyel6uuj66c2as/app.bsky.feed.post/3mftxn3xpak2i,bafyreiej6inj4brmyldrca6ywt6v6qyq5kfsvvmhts6dxho5iw6mcpyipm,did:plc:3vqwfcvzsmfyel6uuj66c2as,frwildflowers.bsky.social,,
11e4ab54e4cd4173b263bb7d770b47b6,2026-03-01T05:00:00Z,2026-03-01T05:19:29Z,auth,auth_enUS_labelerexp,at://did:plc:mlq4aycufcuolr7ax6sezpc4/app.bsky.feed.generator/aaad2auzj4ana,suggested_labelerexp,28,at://did:plc:ylvjkvcjyosjqhn7lsoxbf3x/app.bsky.feed.post/3mftpjlnpz22c,bafyreie2xe7pebrhtgjex4ao3hjqao4cbfybiocxmjveqg56qca5qcs6zi,did:plc:ylvjkvcjyosjqhn7lsoxbf3x,gettoknownature.bsky.social,,
11e4ab54e4cd4173b263bb7d770b47b6,2026-03-01T05:00:00Z,2026-03-01T05:19:29Z,auth,auth_enUS_labelerexp,at://did:plc:mlq4aycufcuolr7ax6sezpc4/app.bsky.feed.generator/aaad2auzj4ana,suggested_labelerexp,29,at://did:plc:ylvjkvcjyosjqhn7lsoxbf3x/app.bsky.feed.post/3mfsthzycqs2z,bafyreif6bgz5tzuxnuzmos3jjxgb5idi3zjged252ygjxts3l23th3wucy,did:plc:ylvjkvcjyosjqhn7lsoxbf3x,gettoknownature.bsky.social,,
11e4ab54e4cd4173b263bb7d770b47b6,2026-03-01T05:00:00Z,2026-03-01T05:19:29Z,auth,auth_enUS_labelerexp,at://did:plc:mlq4aycufcuolr7ax6sezpc4/app.bsky.feed.generator/aaad2auzj4ana,suggested_labelerexp,30,at://did:plc:3vqwfcvzsmfyel6uuj66c2as/app.bsky.feed.post/3mfsoruln622n,bafyreiahikluztjcre7anroxll6pkv4sbwk6hjlkp7ntttj4brz2fvgj5u,did:plc:3vqwfcvzsmfyel6uuj66c2as,frwildflowers.bsky.social,,
11e4ab54e4cd4173b263bb7d770b47b6,2026-03-01T05:00:00Z,2026-03-01T05:19:29Z,auth,auth_enUS_labelerexp,at://did:plc:mlq4aycufcuolr7ax6sezpc4/app.bsky.feed.generator/aaad2auzj4ana,suggested_labelerexp,31,at://did:plc:6k5cuwrftfbvhzfuslqrhf32/app.bsky.feed.post/3mfsna6hzrk2t,bafyreifupzbqal63wa6tzc46dmd3luzhnmnsgkeuroe4vwtytkbdbxekz4,did:plc:6k5cuwrftfbvhzfuslqrhf32,azgibsonz.bsky.social,,
11e4ab54e4cd4173b263bb7d770b47b6,2026-03-01T05:00:00Z,2026-03-01T05:19:29Z,auth,auth_enUS_labelerexp,at://did:plc:mlq4aycufcuolr7ax6sezpc4/app.bsky.feed.generator/aaad2auzj4ana,suggested_labelerexp,32,at://did:plc:wyndbgnty3qf6npsajttrucx/app.bsky.feed.post/3mfsgqi5muc2o,bafyreidudumovant5o4tim2xphnlz6desssilutkwpd7kwe6gqloetssqq,did:plc:wyndbgnty3qf6npsajttrucx,simonhco.bsky.social,,
11e4ab54e4cd4173b263bb7d770b47b6,2026-03-01T05:00:00Z,2026-03-01T05:19:29Z,auth,auth_enUS_labelerexp,at://did:plc:mlq4aycufcuolr7ax6sezpc4/app.bsky.feed.generator/aaad2auzj4ana,suggested_labelerexp,33,at://did:plc:wyndbgnty3qf6npsajttrucx/app.bsky.feed.post/3mfscg34dx22o,bafyreihjwinuunm4nfltminqxrqg5adszs2bk6k5nrw2krocghusrkujtm,did:plc:wyndbgnty3qf6npsajttrucx,simonhco.bsky.social,,
11e4ab54e4cd4173b263bb7d770b47b6,2026-03-01T05:00:00Z,2026-03-01T05:19:29Z,auth,auth_enUS_labelerexp,at://did:plc:mlq4aycufcuolr7ax6sezpc4/app.bsky.feed.generator/aaad2auzj4ana,suggested_labelerexp,34,at://did:plc:u2mosg3rpudwmobbyxt46buk/app.bsky.feed.post/3mfsafndh7c2e,bafyreiaqi3bynnf5qjqfyavxobxlgvbihzk7csuixg4w5wbjbtlz3cutki,did:plc:u2mosg3rpudwmobbyxt46buk,hellabarnes.bsky.social,,
11e4ab54e4cd4173b263bb7d770b47b6,2026-03-01T05:00:00Z,2026-03-01T05:19:30Z,auth,auth_enUS_labelerexp,at://did:plc:nylio5rpw7u3wtven3vcriam/app.bsky.feed.generator/aaai4amp77qp6,suggested_labelerexp,1,at://did:plc:xob6eidcom7lu2piwmv7jjqo/app.bsky.feed.post/3mfwkaujxmk2v,bafyreiajis4ytotebiddhzawygvxhxyefmski7cnjnjfs3bxys5wcjpr4q,did:plc:xob6eidcom7lu2piwmv7jjqo,guest2u.bsky.social,,
11e4ab54e4cd4173b263bb7d770b47b6,2026-03-01T05:00:00Z,2026-03-01T05:19:30Z,auth,auth_enUS_labelerexp,at://did:plc:nylio5rpw7u3wtven3vcriam/app.bsky.feed.generator/aaai4amp77qp6,suggested_labelerexp,2,at://did:plc:cgnlch52z4hg7mtm4ck2ykgz/app.bsky.feed.post/3mfw2tklqy22u,bafyreie43jugbt7zltx3mj2inykjb3bzjfoyyasw2eskqq6kdowumsq2ha,did:plc:cgnlch52z4hg7mtm4ck2ykgz,nemeth.bsky.social,,
11e4ab54e4cd4173b263bb7d770b47b6,2026-03-01T05:00:00Z,2026-03-01T05:19:30Z,auth,auth_enUS_labelerexp,at://did:plc:nylio5rpw7u3wtven3vcriam/app.bsky.feed.generator/aaai4amp77qp6,suggested_labelerexp,3,at://did:plc:kx424cazteu6p3dy2tx6cuew/app.bsky.feed.post/3mfvn4sdehk2c,bafyreifhxrm6s2aivlnvmjdsqtvhbqkzgg5ve4lybndjx7fd26m23c5hy4,did:plc:kx424cazteu6p3dy2tx6cuew,atharvapatil06.bsky.social,,
11e4ab54e4cd4173b263bb7d770b47b6,2026-03-01T05:00:00Z,2026-03-01T05:19:30Z,auth,auth_enUS_labelerexp,at://did:plc:nylio5rpw7u3wtven3vcriam/app.bsky.feed.generator/aaai4amp77qp6,suggested_labelerexp,4,at://did:plc:pxkvwbfmltijbpjzk5srddcu/app.bsky.feed.post/3mfv7dz6hpc2s,bafyreia3e2tq7dgjp36pp5i63wsdjtakwuem3xs755ch7xgsbl2t6upcx4,did:plc:pxkvwbfmltijbpjzk5srddcu,nrrjournalofficial.bsky.social,,
11e4ab54e4cd4173b263bb7d770b47b6,2026-03-01T05:00:00Z,2026-03-01T05:19:30Z,auth,auth_enUS_labelerexp,at://did:plc:nylio5rpw7u3wtven3vcriam/app.bsky.feed.generator/aaai4amp77qp6,suggested_labelerexp,5,at://did:plc:y6msusnvv26y7o3ldyvyo6ge/app.bsky.feed.post/3mfuorizqj22c,bafyreihqeolzruk673ttmgwuw7mrzwprseao2dr6unbv5srwgffted4llq,did:plc:y6msusnvv26y7o3ldyvyo6ge,sejordt.bsky.social,,
11e4ab54e4cd4173b263bb7d770b47b6,2026-03-01T05:00:00Z,2026-03-01T05:19:30Z,auth,auth_enUS_labelerexp,at://did:plc:nylio5rpw7u3wtven3vcriam/app.bsky.feed.generator/aaai4amp77qp6,suggested_labelerexp,6,at://did:plc:qb4oplsgvdtu6xynnfiptom5/app.bsky.feed.post/3mfunlrb4nk2p,bafyreiauhl67icruxtrfg2xnnxzhj43mimtrmlwa5zbyqbrsspmxhahrpe,did:plc:qb4oplsgvdtu6xynnfiptom5,emmadragon.bsky.social,,
11e4ab54e4cd4173b263bb7d770b47b6,2026-03-01T05:00:00Z,2026-03-01T05:19:30Z,auth,auth_enUS_labelerexp,at://did:plc:nylio5rpw7u3wtven3vcriam/app.bsky.feed.generator/aaai4amp77qp6,suggested_labelerexp,7,at://did:plc:73uwondbkeafoi6xzbyagzyq/app.bsky.feed.post/3mfun35llzs24,bafyreibblr7yxql6xrmczjw4bpwjowxvvj2axbwscbvv5zyfyeb4ojk6mm,did:plc:73uwondbkeafoi6xzbyagzyq,thetransmitter.bsky.social,,
11e4ab54e4cd4173b263bb7d770b47b6,2026-03-01T05:00:00Z,2026-03-01T05:19:30Z,auth,auth_enUS_labelerexp,at://did:plc:nylio5rpw7u3wtven3vcriam/app.bsky.feed.generator/aaai4amp77qp6,suggested_labelerexp,8,at://did:plc:zq5iz4hfj6x4w6a4kjofv3rn/app.bsky.feed.post/3mfuf5owim22o,bafyreif6wdgu3cvwzco3hiymron7oo4acdccj26qth2kxhrwfyehrpioue,did:plc:zq5iz4hfj6x4w6a4kjofv3rn,asnrehab.bsky.social,,
11e4ab54e4cd4173b263bb7d770b47b6,2026-03-01T05:00:00Z,2026-03-01T05:19:30Z,auth,auth_enUS_labelerexp,at://did:plc:nylio5rpw7u3wtven3vcriam/app.bsky.feed.generator/aaai4amp77qp6,suggested_labelerexp,9,at://did:plc:x3yt3sdtbvlhizqx5jh3hwuf/app.bsky.feed.post/3mfueetpqpc23,bafyreibppq5c64abpgramwvotpmuenca54pffhc2l2opmglud67lgzzdeu,did:plc:x3yt3sdtbvlhizqx5jh3hwuf,axeghostgame.bsky.social,,
11e4ab54e4cd4173b263bb7d770b47b6,2026-03-01T05:00:00Z,2026-03-01T05:19:30Z,auth,auth_enUS_labelerexp,at://did:plc:nylio5rpw7u3wtven3vcriam/app.bsky.feed.generator/aaai4amp77qp6,suggested_labelerexp,10,at://did:plc:gxyd4jf3i45lewtmrerphuvx/app.bsky.feed.post/3mfua32iul22x,bafyreid52pv3yyknc5u3egb24buute4e3rwylazbd45gsgn24blql6d3wi,did:plc:gxyd4jf3i45lewtmrerphuvx,eeschenberg.bsky.social,,
11e4ab54e4cd4173b263bb7d770b47b6,2026-03-01T05:00:00Z,2026-03-01T05:19:30Z,auth,auth_enUS_labelerexp,at://did:plc:nylio5rpw7u3wtven3vcriam/app.bsky.feed.generator/aaai4amp77qp6,suggested_labelerexp,11,at://did:plc:73uwondbkeafoi6xzbyagzyq/app.bsky.feed.post/3mfu7fyg6u224,bafyreidu3nryunipdr3sx5gkdzlwszdqntrwciz2u2gzyeyblycakfu6tq,did:plc:73uwondbkeafoi6xzbyagzyq,thetransmitter.bsky.social,,
11e4ab54e4cd4173b263bb7d770b47b6,2026-03-01T05:00:00Z,2026-03-01T05:19:30Z,auth,auth_enUS_labelerexp,at://did:plc:nylio5rpw7u3wtven3vcriam/app.bsky.feed.generator/aaai4amp77qp6,suggested_labelerexp,12,at://did:plc:wxcwja56jpsa4yzbprvmtv74/app.bsky.feed.post/3mfu5rpy7ns2x,bafyreigwgjld4puo5m2hbbastyotxd3oljo7af5sftymcutdtumnaw3aj4,did:plc:wxcwja56jpsa4yzbprvmtv74,dariusliutas.bsky.social,,
11e4ab54e4cd4173b263bb7d770b47b6,2026-03-01T05:00:00Z,2026-03-01T05:19:30Z,auth,auth_enUS_labelerexp,at://did:plc:nylio5rpw7u3wtven3vcriam/app.bsky.feed.generator/aaai4amp77qp6,suggested_labelerexp,13,at://did:plc:s5gywrwrz5lnyi46jdi6ypuo/app.bsky.feed.post/3mfu3ql5nh22o,bafyreihi6d2lwtpli4ebvfjcx6nazs7yuz52arhqrst27vx4lgugdxy6pq,did:plc:s5gywrwrz5lnyi46jdi6ypuo,zvrlab.bsky.social,,
11e4ab54e4cd4173b263bb7d770b47b6,2026-03-01T05:00:00Z,2026-03-01T05:19:30Z,auth,auth_enUS_labelerexp,at://did:plc:nylio5rpw7u3wtven3vcriam/app.bsky.feed.generator/aaai4amp77qp6,suggested_labelerexp,14,at://did:plc:roxhjcv6twbvmwm3enlt4jyl/app.bsky.feed.post/3mftxz7zlyv2g,bafyreidnvcaplqjx4dbhbr4cghe5etk7jtutoek7dbhnqfoueumys3wuki,did:plc:roxhjcv6twbvmwm3enlt4jyl,sfn.org,,
11e4ab54e4cd4173b263bb7d770b47b6,2026-03-01T05:00:00Z,2026-03-01T05:19:30Z,auth,auth_enUS_labelerexp,at://did:plc:nylio5rpw7u3wtven3vcriam/app.bsky.feed.generator/aaai4amp77qp6,suggested_labelerexp,15,at://did:plc:73uwondbkeafoi6xzbyagzyq/app.bsky.feed.post/3mftwtzbl6s25,bafyreigjsofhicomplb3mw22jxg3b4snpb7nndpqdkxsatburtmjbhohui,did:plc:73uwondbkeafoi6xzbyagzyq,thetransmitter.bsky.social,,
11e4ab54e4cd4173b263bb7d770b47b6,2026-03-01T05:00:00Z,2026-03-01T05:19:30Z,auth,auth_enUS_labelerexp,at://did:plc:nylio5rpw7u3wtven3vcriam/app.bsky.feed.generator/aaai4amp77qp6,suggested_labelerexp,16,at://did:plc:vjtwffmynkkbm7lxkbcknom2/app.bsky.feed.post/3mftnyegcvk2b,bafyreieszhenojxvbvqrttwfp62xllh56osjnvtkiggbgcluqo6qz3jry4,did:plc:vjtwffmynkkbm7lxkbcknom2,dkaiserlab.bsky.social,,
11e4ab54e4cd4173b263bb7d770b47b6,2026-03-01T05:00:00Z,2026-03-01T05:19:30Z,auth,auth_enUS_labelerexp,at://did:plc:nylio5rpw7u3wtven3vcriam/app.bsky.feed.generator/aaai4amp77qp6,suggested_labelerexp,17,at://did:plc:nziirtsiooif77emnfdrlrnv/app.bsky.feed.post/3mftmwjuidf2o,bafyreifpftv2aad62mngp3sfdabbj5fchhil6tipvy2qyx3jlmw55ynmg4,did:plc:nziirtsiooif77emnfdrlrnv,gribblelab.org,,
11e4ab54e4cd4173b263bb7d770b47b6,2026-03-01T05:00:00Z,2026-03-01T05:19:30Z,auth,auth_enUS_labelerexp,at://did:plc:nylio5rpw7u3wtven3vcriam/app.bsky.feed.generator/aaai4amp77qp6,suggested_labelerexp,18,at://did:plc:wlckjxgox5w7gt3akputopnb/app.bsky.feed.post/3mftkddosis2n,bafyreihhs3c6mymejkpvn4seuaq6ycgnx3ctfckbpmrwm7m4qsfc53meza,did:plc:wlckjxgox5w7gt3akputopnb,mattwall.bsky.social,,
11e4ab54e4cd4173b263bb7d770b47b6,2026-03-01T05:00:00Z,2026-03-01T05:19:30Z,auth,auth_enUS_labelerexp,at://did:plc:nylio5rpw7u3wtven3vcriam/app.bsky.feed.generator/aaai4amp77qp6,suggested_labelerexp,19,at://did:plc:pxkvwbfmltijbpjzk5srddcu/app.bsky.feed.post/3mfsohcifds2u,bafyreiglhhaaz6i4wvekpf46fvve5azckzidrv5vybpd2sghq2lelw3ohm,did:plc:pxkvwbfmltijbpjzk5srddcu,nrrjournalofficial.bsky.social,,
11e4ab54e4cd4173b263bb7d770b47b6,2026-03-01T05:00:00Z,2026-03-01T05:19:30Z,auth,auth_enUS_labelerexp,at://did:plc:nylio5rpw7u3wtven3vcriam/app.bsky.feed.generator/aaai4amp77qp6,suggested_labelerexp,20,at://did:plc:73uwondbkeafoi6xzbyagzyq/app.bsky.feed.post/3mfs2ea637225,bafyreibfmcwajkbabpftvfdk3qxmjk6iplwe46sdkacmuae2njti2khyvi,did:plc:73uwondbkeafoi6xzbyagzyq,thetransmitter.bsky.social,,
11e4ab54e4cd4173b263bb7d770b47b6,2026-03-01T05:00:00Z,2026-03-01T05:19:30Z,auth,auth_enUS_labelerexp,at://did:plc:nylio5rpw7u3wtven3vcriam/app.bsky.feed.generator/aaai4amp77qp6,suggested_labelerexp,21,at://did:plc:d3jnfqtbehpfhdfezzg4pvss/app.bsky.feed.post/3mfrww5fcsd2u,bafyreiehwzlpobw2a2yujez7pvwhlvbstbqquot33o2nnsc43lvhftnlrq,did:plc:d3jnfqtbehpfhdfezzg4pvss,newscaletech.bsky.social,,
11e4ab54e4cd4173b263bb7d770b47b6,2026-03-01T05:00:00Z,2026-03-01T05:19:30Z,auth,auth_enUS_labelerexp,at://did:plc:nylio5rpw7u3wtven3vcriam/app.bsky.feed.generator/aaai4amp77qp6,suggested_labelerexp,22,at://did:plc:tkvnioglsp5dw44mvxjwcmmz/app.bsky.feed.post/3mfrw7nvn322z,bafyreien4emkysvytxobdg2kd6qj37jvd334twewc4uzxuycstdw7vhugq,did:plc:tkvnioglsp5dw44mvxjwcmmz,mgreenephd.bsky.social,,
11e4ab54e4cd4173b263bb7d770b47b6,2026-03-01T05:00:00Z,2026-03-01T05:19:30Z,auth,auth_enUS_labelerexp,at://did:plc:nylio5rpw7u3wtven3vcriam/app.bsky.feed.generator/aaai4amp77qp6,suggested_labelerexp,23,at://did:plc:xnanzrmwkjvaj4sezphbdcgj/app.bsky.feed.post/3mfrsrpapj224,bafyreif3cx4kuhmxjhg54b3l6bc5qms55hrvjsxo34zznq6afvnue7oq2q,did:plc:xnanzrmwkjvaj4sezphbdcgj,afeeney.bsky.social,,
11e4ab54e4cd4173b263bb7d770b47b6,2026-03-01T05:00:00Z,2026-03-01T05:19:30Z,auth,auth_enUS_labelerexp,at://did:plc:nylio5rpw7u3wtven3vcriam/app.bsky.feed.generator/aaai4amp77qp6,suggested_labelerexp,24,at://did:plc:d57eial5goacffcqzpbcw33v/app.bsky.feed.post/3mfrmovuwr22n,bafyreibysk43mb3wqjlvecuxjaoklbtlcnsuhwb4rbmup7yrszhzzqlfmy,did:plc:d57eial5goacffcqzpbcw33v,supercuriousphd.bsky.social,,
11e4ab54e4cd4173b263bb7d770b47b6,2026-03-01T05:00:00Z,2026-03-01T05:19:30Z,auth,auth_enUS_labelerexp,at://did:plc:nylio5rpw7u3wtven3vcriam/app.bsky.feed.generator/aaai4amp77qp6,suggested_labelerexp,25,at://did:plc:roxhjcv6twbvmwm3enlt4jyl/app.bsky.feed.post/3mfrhl7nmy52e,bafyreihnto3qb7r7licyjgq6vsac5qwqt7qa7d3enkd4spk6sdroqvcfbq,did:plc:roxhjcv6twbvmwm3enlt4jyl,sfn.org,,
11e4ab54e4cd4173b263bb7d770b47b6,2026-03-01T05:00:00Z,2026-03-01T05:19:30Z,auth,auth_enUS_labelerexp,at://did:plc:nylio5rpw7u3wtven3vcriam/app.bsky.feed.generator/aaai4amp77qp6,suggested_labelerexp,26,at://did:plc:gfgz6pcttlfuzb7bh6qqe3lf/app.bsky.feed.post/3mfqucztz4s23,bafyreiaxgt6hjag4wzrnh5pqvh3vyss7tksomtegkew632zjuczo7mnor4,did:plc:gfgz6pcttlfuzb7bh6qqe3lf,dameder.bsky.social,,
11e4ab54e4cd4173b263bb7d770b47b6,2026-03-01T05:00:00Z,2026-03-01T05:19:30Z,auth,auth_enUS_labelerexp,at://did:plc:nylio5rpw7u3wtven3vcriam/app.bsky.feed.generator/aaai4amp77qp6,suggested_labelerexp,27,at://did:plc:h3wy2y522kdaolgh5ajnpy66/app.bsky.feed.post/3mfqrn7xqx223,bafyreid2a57jqnnuqfgyghhvg5iamx3ygkayf2cqu6dhco4eypdob2wu4a,did:plc:h3wy2y522kdaolgh5ajnpy66,gutlin.bsky.social,,
11e4ab54e4cd4173b263bb7d770b47b6,2026-03-01T05:00:00Z,2026-03-01T05:19:30Z,auth,auth_enUS_labelerexp,at://did:plc:nylio5rpw7u3wtven3vcriam/app.bsky.feed.generator/aaai4amp77qp6,suggested_labelerexp,28,at://did:plc:pxkvwbfmltijbpjzk5srddcu/app.bsky.feed.post/3mfqb3fzyq223,bafyreidgzzc2yzcjupc3x6et4o3j4os6bm3cxe4at6zouphldjhylecdyy,did:plc:pxkvwbfmltijbpjzk5srddcu,nrrjournalofficial.bsky.social,,
11e4ab54e4cd4173b263bb7d770b47b6,2026-03-01T05:00:00Z,2026-03-01T05:19:30Z,auth,auth_enUS_labelerexp,at://did:plc:nylio5rpw7u3wtven3vcriam/app.bsky.feed.generator/aaai4amp77qp6,suggested_labelerexp,29,at://did:plc:73uwondbkeafoi6xzbyagzyq/app.bsky.feed.post/3mfplrev7m22j,bafyreid7laan35k7dxzqogv6hyr5uecpqxuiwlruokagjw3otilt2763oy,did:plc:73uwondbkeafoi6xzbyagzyq,thetransmitter.bsky.social,,
11e4ab54e4cd4173b263bb7d770b47b6,2026-03-01T05:00:00Z,2026-03-01T05:19:30Z,auth,auth_enUS_labelerexp,at://did:plc:nylio5rpw7u3wtven3vcriam/app.bsky.feed.generator/aaai4amp77qp6,suggested_labelerexp,30,at://did:plc:d57eial5goacffcqzpbcw33v/app.bsky.feed.post/3mfpkktluy22y,bafyreiebiyxkgrakalqlf2znetkui7zchcvsv5z2bhi3m6oxgo7g7aja3m,did:plc:d57eial5goacffcqzpbcw33v,supercuriousphd.bsky.social,,
11e4ab54e4cd4173b263bb7d770b47b6,2026-03-01T05:00:00Z,2026-03-01T05:19:30Z,auth,auth_enUS_labelerexp,at://did:plc:nylio5rpw7u3wtven3vcriam/app.bsky.feed.generator/aaai4amp77qp6,suggested_labelerexp,31,at://did:plc:lqfxxvkrxtfx4b7dxhv2lpdk/app.bsky.feed.post/3mfpdaeczj22f,bafyreifyvm5saqsdvim5h3rl2kzoypftebtqhh2fo5tzlts6iirmvbll3a,did:plc:lqfxxvkrxtfx4b7dxhv2lpdk,cshlnews.bsky.social,,
11e4ab54e4cd4173b263bb7d770b47b6,2026-03-01T05:00:00Z,2026-03-01T05:19:30Z,auth,auth_enUS_labelerexp,at://did:plc:nylio5rpw7u3wtven3vcriam/app.bsky.feed.generator/aaai4amp77qp6,suggested_labelerexp,32,at://did:plc:d57eial5goacffcqzpbcw33v/app.bsky.feed.post/3mfpbxcdf3s25,bafyreigz4orn2yjilzmro5pxhz7tp6gafefmiun576bpxiujdnkz6474gm,did:plc:d57eial5goacffcqzpbcw33v,supercuriousphd.bsky.social,,
11e4ab54e4cd4173b263bb7d770b47b6,2026-03-01T05:00:00Z,2026-03-01T05:19:30Z,auth,auth_enUS_labelerexp,at://did:plc:nylio5rpw7u3wtven3vcriam/app.bsky.feed.generator/aaai4amp77qp6,suggested_labelerexp,33,at://did:plc:jyctnrcv5dznuu67bkjjlf3t/app.bsky.feed.post/3mfp7xfetl32y,bafyreieyxcxcfeinuhtrdobpzphvau23xyevu7r2from5e5rw6ynhfjpnq,did:plc:jyctnrcv5dznuu67bkjjlf3t,natureportfolio.nature.com,,
11e4ab54e4cd4173b263bb7d770b47b6,2026-03-01T05:00:00Z,2026-03-01T05:19:30Z,auth,auth_enUS_labelerexp,at://did:plc:nylio5rpw7u3wtven3vcriam/app.bsky.feed.generator/aaai4amp77qp6,suggested_labelerexp,34,at://did:plc:eip2ux2joizj5ek5nqtrmnym/app.bsky.feed.post/3mfp64gah6k2x,bafyreied5cwn5njmwrdx22bqjhmghbjnqe6grofnolonlqzfvgdcir6eqe,did:plc:eip2ux2joizj5ek5nqtrmnym,pessoabrain.bsky.social,,
11e4ab54e4cd4173b263bb7d770b47b6,2026-03-01T05:00:00Z,2026-03-01T05:19:30Z,auth,auth_enUS_labelerexp,at://did:plc:nylio5rpw7u3wtven3vcriam/app.bsky.feed.generator/aaai4amp77qp6,suggested_labelerexp,35,at://did:plc:73uwondbkeafoi6xzbyagzyq/app.bsky.feed.post/3mfp3pd54q22v,bafyreihlzauzssvzwp56fuerwvxqakb4zhaq7jjjyttioyp7e5uicwniyy,did:plc:73uwondbkeafoi6xzbyagzyq,thetransmitter.bsky.social,,
11e4ab54e4cd4173b263bb7d770b47b6,2026-03-01T05:00:00Z,2026-03-01T05:19:30Z,auth,auth_enUS_labelerexp,at://did:plc:nylio5rpw7u3wtven3vcriam/app.bsky.feed.generator/aaai4amp77qp6,suggested_labelerexp,36,at://did:plc:xnanzrmwkjvaj4sezphbdcgj/app.bsky.feed.post/3mfovdlpoyc2q,bafyreih3h3mbiylrq5rodjw46utqu7gaw4iei33c6uncrywl34pp2kly74,did:plc:xnanzrmwkjvaj4sezphbdcgj,afeeney.bsky.social,,
11e4ab54e4cd4173b263bb7d770b47b6,2026-03-01T05:00:00Z,2026-03-01T05:19:30Z,auth,auth_enUS_labelerexp,at://did:plc:nylio5rpw7u3wtven3vcriam/app.bsky.feed.generator/aaai4amp77qp6,suggested_labelerexp,37,at://did:plc:h3wy2y522kdaolgh5ajnpy66/app.bsky.feed.post/3mfoeasjvpc2l,bafyreihg2r4d54xuers3njvhwnv4pgzvghdlpqx56jqh7omu3d2n7rasdq,did:plc:h3wy2y522kdaolgh5ajnpy66,gutlin.bsky.social,,
11e4ab54e4cd4173b263bb7d770b47b6,2026-03-01T05:00:00Z,2026-03-01T05:19:30Z,auth,auth_enUS_labelerexp,at://did:plc:nylio5rpw7u3wtven3vcriam/app.bsky.feed.generator/aaai4amp77qp6,suggested_labelerexp,38,at://did:plc:pxkvwbfmltijbpjzk5srddcu/app.bsky.feed.post/3mfnpy6uqtc2x,bafyreibwtrpjqcjurut55e6wuyo7nymeclocedvn5mxh6cdvrjk5p3nazy,did:plc:pxkvwbfmltijbpjzk5srddcu,nrrjournalofficial.bsky.social,,
11e4ab54e4cd4173b263bb7d770b47b6,2026-03-01T05:00:00Z,2026-03-01T05:19:31Z,auth,auth_enUS_labelerexp,at://did:plc:odqmsar3ikz5ubokya4sempk/app.bsky.feed.generator/aaahu6g4bonog,suggested_labelerexp,1,at://did:plc:v6laejjz4r6n44nneiw3mupt/app.bsky.feed.post/3mfvyhfkjn22a,bafyreigcvqjm564sps2l7zob5xtzqujxuff4bgsw6xldjgrmuyj752rvjq,did:plc:v6laejjz4r6n44nneiw3mupt,culturele-vacatures.nl,,
11e4ab54e4cd4173b263bb7d770b47b6,2026-03-01T05:00:00Z,2026-03-01T05:19:31Z,auth,auth_enUS_labelerexp,at://did:plc:odqmsar3ikz5ubokya4sempk/app.bsky.feed.generator/aaahu6g4bonog,suggested_labelerexp,2,at://did:plc:rduhwyoszcdowok5bxdbh6vp/app.bsky.feed.post/3mfuqwlsfmc2d,bafyreicuoqm3gwtu2xo47xjlfwl6xxsrbrgllp2f5sp6p36fpzhgphk3fq,did:plc:rduhwyoszcdowok5bxdbh6vp,fusionfragment.bsky.social,,
11e4ab54e4cd4173b263bb7d770b47b6,2026-03-01T05:00:00Z,2026-03-01T05:19:31Z,auth,auth_enUS_labelerexp,at://did:plc:odqmsar3ikz5ubokya4sempk/app.bsky.feed.generator/aaahu6g4bonog,suggested_labelerexp,3,at://did:plc:v6laejjz4r6n44nneiw3mupt/app.bsky.feed.post/3mftdmcnntk2x,bafyreifacrpngea3abzzx2uzg4udx7bbtylladgty6rnjhvpi3p643oroy,did:plc:v6laejjz4r6n44nneiw3mupt,culturele-vacatures.nl,,
11e4ab54e4cd4173b263bb7d770b47b6,2026-03-01T05:00:00Z,2026-03-01T05:19:31Z,auth,auth_enUS_labelerexp,at://did:plc:odqmsar3ikz5ubokya4sempk/app.bsky.feed.generator/aaahu6g4bonog,suggested_labelerexp,4,at://did:plc:65b3kbil47einb4qjb232cot/app.bsky.feed.post/3mfskdd6v3s2i,bafyreifo2wxvzlii52zvneefg2ol665eponpeva35dsjqsxz5uvspgq44y,did:plc:65b3kbil47einb4qjb232cot,illustration-jobs.com,,
11e4ab54e4cd4173b263bb7d770b47b6,2026-03-01T05:00:00Z,2026-03-01T05:19:31Z,auth,auth_enUS_labelerexp,at://did:plc:odqmsar3ikz5ubokya4sempk/app.bsky.feed.generator/aaahu6g4bonog,suggested_labelerexp,5,at://did:plc:65b3kbil47einb4qjb232cot/app.bsky.feed.post/3mfskcvz3zk2i,bafyreibslriwtxcryz4zlho67tnafwiteeifbecyppn5ugu76iwqjfv3ru,did:plc:65b3kbil47einb4qjb232cot,illustration-jobs.com,,
11e4ab54e4cd4173b263bb7d770b47b6,2026-03-01T05:00:00Z,2026-03-01T05:19:31Z,auth,auth_enUS_labelerexp,at://did:plc:odqmsar3ikz5ubokya4sempk/app.bsky.feed.generator/aaahu6g4bonog,suggested_labelerexp,6,at://did:plc:65b3kbil47einb4qjb232cot/app.bsky.feed.post/3mfskcmelxc2i,bafyreic5cc5thv6xcr7c7divhbypajcb5o457a255rg5tmtgwdtygag6n4,did:plc:65b3kbil47einb4qjb232cot,illustration-jobs.com,,
11e4ab54e4cd4173b263bb7d770b47b6,2026-03-01T05:00:00Z,2026-03-01T05:19:31Z,auth,auth_enUS_labelerexp,at://did:plc:odqmsar3ikz5ubokya4sempk/app.bsky.feed.generator/aaahu6g4bonog,suggested_labelerexp,7,at://did:plc:65b3kbil47einb4qjb232cot/app.bsky.feed.post/3mfskc7f6yc2i,bafyreid6vklfcbj7gyzue75d5whz4fkp4eojmwcsma554pdcrubgv7tt54,did:plc:65b3kbil47einb4qjb232cot,illustration-jobs.com,,
11e4ab54e4cd4173b263bb7d770b47b6,2026-03-01T05:00:00Z,2026-03-01T05:19:31Z,auth,auth_enUS_labelerexp,at://did:plc:odqmsar3ikz5ubokya4sempk/app.bsky.feed.generator/aaahu6g4bonog,suggested_labelerexp,8,at://did:plc:65b3kbil47einb4qjb232cot/app.bsky.feed.post/3mfskbsfq2s2i,bafyreietleu7buuvt4aacemvl62y72qf7zhycubodilxg2xljf5hlb2jwy,did:plc:65b3kbil47einb4qjb232cot,illustration-jobs.com,,
11e4ab54e4cd4173b263bb7d770b47b6,2026-03-01T05:00:00Z,2026-03-01T05:19:31Z,auth,auth_enUS_labelerexp,at://did:plc:odqmsar3ikz5ubokya4sempk/app.bsky.feed.generator/aaahu6g4bonog,suggested_labelerexp,9,at://did:plc:65b3kbil47einb4qjb232cot/app.bsky.feed.post/3mfskbhtvjc2i,bafyreicqtxo5q4ookgktvqpavimwdmgl2i2pik3uwfmcv6ggwldevuk6uu,did:plc:65b3kbil47einb4qjb232cot,illustration-jobs.com,,
11e4ab54e4cd4173b263bb7d770b47b6,2026-03-01T05:00:00Z,2026-03-01T05:19:31Z,auth,auth_enUS_labelerexp,at://did:plc:odqmsar3ikz5ubokya4sempk/app.bsky.feed.generator/aaahu6g4bonog,suggested_labelerexp,10,at://did:plc:65b3kbil47einb4qjb232cot/app.bsky.feed.post/3mfskb3qi2k2i,bafyreiel6pr7lb6elvaljml2c6admusjhoqum5zexduccho33desjijb7i,did:plc:65b3kbil47einb4qjb232cot,illustration-jobs.com,,
11e4ab54e4cd4173b263bb7d770b47b6,2026-03-01T05:00:00Z,2026-03-01T05:19:31Z,auth,auth_enUS_labelerexp,at://did:plc:odqmsar3ikz5ubokya4sempk/app.bsky.feed.generator/aaahu6g4bonog,suggested_labelerexp,11,at://did:plc:xrscs5cgdj7mn6oio7ebxfmh/app.bsky.feed.post/3mfrwtyienm2q,bafyreiasxng4o3h7opdsi2kkloed2b34sikjkslevlocbdrp66fwlvv6e4,did:plc:xrscs5cgdj7mn6oio7ebxfmh,workwithindies.com,,
11e4ab54e4cd4173b263bb7d770b47b6,2026-03-01T05:00:00Z,2026-03-01T05:19:31Z,auth,auth_enUS_labelerexp,at://did:plc:odqmsar3ikz5ubokya4sempk/app.bsky.feed.generator/aaahu6g4bonog,suggested_labelerexp,12,at://did:plc:ibrmn3ffauu3tkytiqqxsm2g/app.bsky.feed.post/3mfrjtrjwt22c,bafyreigdzjfsymxbodjnyfxzrs6l3livsk7kc24wq4xziempbxb4uom34u,did:plc:ibrmn3ffauu3tkytiqqxsm2g,artmonthly.bsky.social,,
11e4ab54e4cd4173b263bb7d770b47b6,2026-03-01T05:00:00Z,2026-03-01T05:19:31Z,auth,auth_enUS_labelerexp,at://did:plc:odqmsar3ikz5ubokya4sempk/app.bsky.feed.generator/aaahu6g4bonog,suggested_labelerexp,13,at://did:plc:v6laejjz4r6n44nneiw3mupt/app.bsky.feed.post/3mfreti7uu22s,bafyreiblk3reg46ax3guznefsp6f772ayt2x42jyqvdwyt77lufhc2goxi,did:plc:v6laejjz4r6n44nneiw3mupt,culturele-vacatures.nl,,
11e4ab54e4cd4173b263bb7d770b47b6,2026-03-01T05:00:00Z,2026-03-01T05:19:31Z,auth,auth_enUS_labelerexp,at://did:plc:odqmsar3ikz5ubokya4sempk/app.bsky.feed.generator/aaahu6g4bonog,suggested_labelerexp,14,at://did:plc:6ntdebolqjiyjble7hlqaynz/app.bsky.feed.post/3mfr4kcpay222,bafyreigar3ej4r2qbqxf7hdck3n3g7ha564h53dqghq3svjg5zqq7lxxs4,did:plc:6ntdebolqjiyjble7hlqaynz,remotegamejobs.com,,
11e4ab54e4cd4173b263bb7d770b47b6,2026-03-01T05:00:00Z,2026-03-01T05:19:31Z,auth,auth_enUS_labelerexp,at://did:plc:odqmsar3ikz5ubokya4sempk/app.bsky.feed.generator/aaahu6g4bonog,suggested_labelerexp,15,at://did:plc:6ntdebolqjiyjble7hlqaynz/app.bsky.feed.post/3mfr4kh4lgs22,bafyreihrvw7zbqvbzxqd7ncspjnguxvh34jyya5acoip7pdss7obobskxi,did:plc:6ntdebolqjiyjble7hlqaynz,remotegamejobs.com,,
11e4ab54e4cd4173b263bb7d770b47b6,2026-03-01T05:00:00Z,2026-03-01T05:19:31Z,auth,auth_enUS_labelerexp,at://did:plc:odqmsar3ikz5ubokya4sempk/app.bsky.feed.generator/aaahu6g4bonog,suggested_labelerexp,16,at://did:plc:v6laejjz4r6n44nneiw3mupt/app.bsky.feed.post/3mfqwga4o3c2t,bafyreia7ycusf2bydcdh7uja3ylldffv46o7aucvmd7h2zpuil2j6ph4rq,did:plc:v6laejjz4r6n44nneiw3mupt,culturele-vacatures.nl,,
11e4ab54e4cd4173b263bb7d770b47b6,2026-03-01T05:00:00Z,2026-03-01T05:19:31Z,auth,auth_enUS_labelerexp,at://did:plc:odqmsar3ikz5ubokya4sempk/app.bsky.feed.generator/aaahu6g4bonog,suggested_labelerexp,17,at://did:plc:z3pcr4ej5cm37v4f2wbme44p/app.bsky.feed.post/3mfqmfrajyc25,bafyreie52kl5ai5ocpuqakpsksrgi5q2tql6uyh67vvwsd7ae53lkyegay,did:plc:z3pcr4ej5cm37v4f2wbme44p,marimorichan.bsky.social,,
11e4ab54e4cd4173b263bb7d770b47b6,2026-03-01T05:00:00Z,2026-03-01T05:19:31Z,auth,auth_enUS_labelerexp,at://did:plc:odqmsar3ikz5ubokya4sempk/app.bsky.feed.generator/aaahu6g4bonog,suggested_labelerexp,18,at://did:plc:pnziu7licyhm4gm5unkqp5yg/app.bsky.feed.post/3mfqalxkclk2a,bafyreiaf3eopof4vcyq7k26woxs6gkwepjw7wy43fgfjrmv7kp4jvhq2me,did:plc:pnziu7licyhm4gm5unkqp5yg,cartoonrecruit.com,,
11e4ab54e4cd4173b263bb7d770b47b6,2026-03-01T05:00:00Z,2026-03-01T05:19:31Z,auth,auth_enUS_labelerexp,at://did:plc:odqmsar3ikz5ubokya4sempk/app.bsky.feed.generator/aaahu6g4bonog,suggested_labelerexp,19,at://did:plc:pnziu7licyhm4gm5unkqp5yg/app.bsky.feed.post/3mfqaglvjzr2a,bafyreihafcieconxrq5fq4gk4hvkmdkthlookv6inoyxb4fovc7yh45gre,did:plc:pnziu7licyhm4gm5unkqp5yg,cartoonrecruit.com,,
11e4ab54e4cd4173b263bb7d770b47b6,2026-03-01T05:00:00Z,2026-03-01T05:19:31Z,auth,auth_enUS_labelerexp,at://did:plc:odqmsar3ikz5ubokya4sempk/app.bsky.feed.generator/aaahu6g4bonog,suggested_labelerexp,20,at://did:plc:pnziu7licyhm4gm5unkqp5yg/app.bsky.feed.post/3mfqaevnvbp2t,bafyreif4bucddeibuwugio7j3ak6hozd737ga422vo5hs6crad5reqxf3q,did:plc:pnziu7licyhm4gm5unkqp5yg,cartoonrecruit.com,,
11e4ab54e4cd4173b263bb7d770b47b6,2026-03-01T05:00:00Z,2026-03-01T05:19:31Z,auth,auth_enUS_labelerexp,at://did:plc:odqmsar3ikz5ubokya4sempk/app.bsky.feed.generator/aaahu6g4bonog,suggested_labelerexp,21,at://did:plc:pnziu7licyhm4gm5unkqp5yg/app.bsky.feed.post/3mfqa7jn65w2w,bafyreiebo22ql7kjwddjrzbrjfhnyq3xce6vboe2xsrzpxk2bovro4nuyy,did:plc:pnziu7licyhm4gm5unkqp5yg,cartoonrecruit.com,,
11e4ab54e4cd4173b263bb7d770b47b6,2026-03-01T05:00:00Z,2026-03-01T05:19:31Z,auth,auth_enUS_labelerexp,at://did:plc:odqmsar3ikz5ubokya4sempk/app.bsky.feed.generator/aaahu6g4bonog,suggested_labelerexp,22,at://did:plc:pnziu7licyhm4gm5unkqp5yg/app.bsky.feed.post/3mfq6crmwhs2s,bafyreielnl2zuexdf33myv6szm6vhaxq2p2h4mz2r5nncm4fgqyusqh4qa,did:plc:pnziu7licyhm4gm5unkqp5yg,cartoonrecruit.com,,
11e4ab54e4cd4173b263bb7d770b47b6,2026-03-01T05:00:00Z,2026-03-01T05:19:31Z,auth,auth_enUS_labelerexp,at://did:plc:odqmsar3ikz5ubokya4sempk/app.bsky.feed.generator/aaahu6g4bonog,suggested_labelerexp,23,at://did:plc:pnziu7licyhm4gm5unkqp5yg/app.bsky.feed.post/3mfq6b4j3cp22,bafyreievl5a66uax5b4zwmepsayra7xon2icjauzvdwiguno7wnxbczhnu,did:plc:pnziu7licyhm4gm5unkqp5yg,cartoonrecruit.com,,
11e4ab54e4cd4173b263bb7d770b47b6,2026-03-01T05:00:00Z,2026-03-01T05:19:31Z,auth,auth_enUS_labelerexp,at://did:plc:odqmsar3ikz5ubokya4sempk/app.bsky.feed.generator/aaahu6g4bonog,suggested_labelerexp,24,at://did:plc:pnziu7licyhm4gm5unkqp5yg/app.bsky.feed.post/3mfpziymmnh2r,bafyreibijstanvcbihq6r44jyiftdxxzmywvcvjn4lkejfztwei74d3eou,did:plc:pnziu7licyhm4gm5unkqp5yg,cartoonrecruit.com,,
11e4ab54e4cd4173b263bb7d770b47b6,2026-03-01T05:00:00Z,2026-03-01T05:19:31Z,auth,auth_enUS_labelerexp,at://did:plc:odqmsar3ikz5ubokya4sempk/app.bsky.feed.generator/aaahu6g4bonog,suggested_labelerexp,25,at://did:plc:pnziu7licyhm4gm5unkqp5yg/app.bsky.feed.post/3mfpzh7iaiu2z,bafyreicvg3xhj3nsd7pg6aq27hrryqqlrsc3m6oi63loh2lraqewr3r754,did:plc:pnziu7licyhm4gm5unkqp5yg,cartoonrecruit.com,,
11e4ab54e4cd4173b263bb7d770b47b6,2026-03-01T05:00:00Z,2026-03-01T05:19:31Z,auth,auth_enUS_labelerexp,at://did:plc:odqmsar3ikz5ubokya4sempk/app.bsky.feed.generator/aaahu6g4bonog,suggested_labelerexp,26,at://did:plc:pnziu7licyhm4gm5unkqp5yg/app.bsky.feed.post/3mfpzdoiieu2t,bafyreickompmlvu7vs6zdifahto3hhqm7tsoll45kvi35jg2zx72sp2jga,did:plc:pnziu7licyhm4gm5unkqp5yg,cartoonrecruit.com,,
11e4ab54e4cd4173b263bb7d770b47b6,2026-03-01T05:00:00Z,2026-03-01T05:19:31Z,auth,auth_enUS_labelerexp,at://did:plc:odqmsar3ikz5ubokya4sempk/app.bsky.feed.generator/aaahu6g4bonog,suggested_labelerexp,27,at://did:plc:pnziu7licyhm4gm5unkqp5yg/app.bsky.feed.post/3mfpz4hvnho2v,bafyreicjchybevnqz4wmbalfx6ntc2fxsdfmp25fs7yecwbo7u3h5bnrcq,did:plc:pnziu7licyhm4gm5unkqp5yg,cartoonrecruit.com,,
11e4ab54e4cd4173b263bb7d770b47b6,2026-03-01T05:00:00Z,2026-03-01T05:19:31Z,auth,auth_enUS_labelerexp,at://did:plc:odqmsar3ikz5ubokya4sempk/app.bsky.feed.generator/aaahu6g4bonog,suggested_labelerexp,28,at://did:plc:pnziu7licyhm4gm5unkqp5yg/app.bsky.feed.post/3mfpz2sdonq2a,bafyreiaw2priypcpm37uf2xgezlimcwfpzqim26tgzf5etst263q2l5kjy,did:plc:pnziu7licyhm4gm5unkqp5yg,cartoonrecruit.com,,
11e4ab54e4cd4173b263bb7d770b47b6,2026-03-01T05:00:00Z,2026-03-01T05:19:31Z,auth,auth_enUS_labelerexp,at://did:plc:odqmsar3ikz5ubokya4sempk/app.bsky.feed.generator/aaahu6g4bonog,suggested_labelerexp,29,at://did:plc:65b3kbil47einb4qjb232cot/app.bsky.feed.post/3mfpyxmwwes2f,bafyreiff7mewdc75wgt46rqc2mlkd34chvy5xyk5r3r75lq6zoitpwpqeq,did:plc:65b3kbil47einb4qjb232cot,illustration-jobs.com,,
11e4ab54e4cd4173b263bb7d770b47b6,2026-03-01T05:00:00Z,2026-03-01T05:19:31Z,auth,auth_enUS_labelerexp,at://did:plc:odqmsar3ikz5ubokya4sempk/app.bsky.feed.generator/aaahu6g4bonog,suggested_labelerexp,30,at://did:plc:65b3kbil47einb4qjb232cot/app.bsky.feed.post/3mfpyx4knz22f,bafyreifpsrjshvdegtmtiuuxn3hvenb6qwo73ttg4fnmc7ryn75xhcrveq,did:plc:65b3kbil47einb4qjb232cot,illustration-jobs.com,,
11e4ab54e4cd4173b263bb7d770b47b6,2026-03-01T05:00:00Z,2026-03-01T05:19:31Z,auth,auth_enUS_labelerexp,at://did:plc:odqmsar3ikz5ubokya4sempk/app.bsky.feed.generator/aaahu6g4bonog,suggested_labelerexp,31,at://did:plc:pnziu7licyhm4gm5unkqp5yg/app.bsky.feed.post/3mfpyx3s5mf2w,bafyreieczq3ypfrewpvm2lsuiyut25vlloqz7kkkxf67nesbmnmpvxq3pm,did:plc:pnziu7licyhm4gm5unkqp5yg,cartoonrecruit.com,,
11e4ab54e4cd4173b263bb7d770b47b6,2026-03-01T05:00:00Z,2026-03-01T05:19:31Z,auth,auth_enUS_labelerexp,at://did:plc:odqmsar3ikz5ubokya4sempk/app.bsky.feed.generator/aaahu6g4bonog,suggested_labelerexp,32,at://did:plc:65b3kbil47einb4qjb232cot/app.bsky.feed.post/3mfpywqgnyk2f,bafyreibnhdxudk6luamwn7p4x3jbbvpun2gvxfx4bokw7fhkg4j65dwlza,did:plc:65b3kbil47einb4qjb232cot,illustration-jobs.com,,
11e4ab54e4cd4173b263bb7d770b47b6,2026-03-01T05:00:00Z,2026-03-01T05:19:31Z,auth,auth_enUS_labelerexp,at://did:plc:odqmsar3ikz5ubokya4sempk/app.bsky.feed.generator/aaahu6g4bonog,suggested_labelerexp,33,at://did:plc:65b3kbil47einb4qjb232cot/app.bsky.feed.post/3mfpywdeoyk2f,bafyreihkff4dacbmk6d6lxzttm6rar2zpndhwq7td7kanc4jo4fosjmwga,did:plc:65b3kbil47einb4qjb232cot,illustration-jobs.com,,
11e4ab54e4cd4173b263bb7d770b47b6,2026-03-01T05:00:00Z,2026-03-01T05:19:31Z,auth,auth_enUS_labelerexp,at://did:plc:odqmsar3ikz5ubokya4sempk/app.bsky.feed.generator/aaahu6g4bonog,suggested_labelerexp,34,at://did:plc:65b3kbil47einb4qjb232cot/app.bsky.feed.post/3mfpyvstx322f,bafyreig4ucyils7zvbdyb34jf3jmwf6nxn4bv6obctgwlgpvhwxhalkqaq,did:plc:65b3kbil47einb4qjb232cot,illustration-jobs.com,,
11e4ab54e4cd4173b263bb7d770b47b6,2026-03-01T05:00:00Z,2026-03-01T05:19:31Z,auth,auth_enUS_labelerexp,at://did:plc:odqmsar3ikz5ubokya4sempk/app.bsky.feed.generator/aaahu6g4bonog,suggested_labelerexp,35,at://did:plc:65b3kbil47einb4qjb232cot/app.bsky.feed.post/3mfpyvdzbmk2f,bafyreigxz4gowpi3gr6hgrm5xncylxrn5wpx3x3nupomzict2sre74p6wm,did:plc:65b3kbil47einb4qjb232cot,illustration-jobs.com,,
11e4ab54e4cd4173b263bb7d770b47b6,2026-03-01T05:00:00Z,2026-03-01T05:19:31Z,auth,auth_enUS_labelerexp,at://did:plc:odqmsar3ikz5ubokya4sempk/app.bsky.feed.generator/aaahu6g4bonog,suggested_labelerexp,36,at://did:plc:pnziu7licyhm4gm5unkqp5yg/app.bsky.feed.post/3mfpyvdlrgc2g,bafyreiedsmgeo2o5dx6o37nmvsrrt7hriznw2waqksi74qomwxr2t7wqai,did:plc:pnziu7licyhm4gm5unkqp5yg,cartoonrecruit.com,,
11e4ab54e4cd4173b263bb7d770b47b6,2026-03-01T05:00:00Z,2026-03-01T05:19:31Z,auth,auth_enUS_labelerexp,at://did:plc:odqmsar3ikz5ubokya4sempk/app.bsky.feed.generator/aaahu6g4bonog,suggested_labelerexp,37,at://did:plc:65b3kbil47einb4qjb232cot/app.bsky.feed.post/3mfpyuxoygk2f,bafyreidu7nnzwfoz23vyub7xyeahsclkysdvidiawgkx6epqsgit2cfugi,did:plc:65b3kbil47einb4qjb232cot,illustration-jobs.com,,
11e4ab54e4cd4173b263bb7d770b47b6,2026-03-01T05:00:00Z,2026-03-01T05:19:31Z,auth,auth_enUS_labelerexp,at://did:plc:odqmsar3ikz5ubokya4sempk/app.bsky.feed.generator/aaahu6g4bonog,suggested_labelerexp,38,at://did:plc:65b3kbil47einb4qjb232cot/app.bsky.feed.post/3mfpyulougs2f,bafyreibkcnjnt2odkp6epizrq4ibwodsvfjnkwgb64oaefpfksdbw4wyoy,did:plc:65b3kbil47einb4qjb232cot,illustration-jobs.com,,
11e4ab54e4cd4173b263bb7d770b47b6,2026-03-01T05:00:00Z,2026-03-01T05:19:31Z,auth,auth_enUS_labelerexp,at://did:plc:odqmsar3ikz5ubokya4sempk/app.bsky.feed.generator/aaahu6g4bonog,suggested_labelerexp,39,at://did:plc:65b3kbil47einb4qjb232cot/app.bsky.feed.post/3mfpyu3amls2f,bafyreieeksd3l5jlfu477rdp7vacnh7shpksclykz7rnwwql6uunccr5oy,did:plc:65b3kbil47einb4qjb232cot,illustration-jobs.com,,
11e4ab54e4cd4173b263bb7d770b47b6,2026-03-01T05:00:00Z,2026-03-01T05:19:31Z,auth,auth_enUS_labelerexp,at://did:plc:odqmsar3ikz5ubokya4sempk/app.bsky.feed.generator/aaahu6g4bonog,suggested_labelerexp,40,at://did:plc:65b3kbil47einb4qjb232cot/app.bsky.feed.post/3mfpytii4rk2f,bafyreieffwua5dk6tkltgqdnj4x6lk2xvqmrlhjihg6cu4b3ghtjccnoeq,did:plc:65b3kbil47einb4qjb232cot,illustration-jobs.com,,
11e4ab54e4cd4173b263bb7d770b47b6,2026-03-01T05:00:00Z,2026-03-01T05:19:31Z,auth,auth_enUS_labelerexp,at://did:plc:odqmsar3ikz5ubokya4sempk/app.bsky.feed.generator/aaahu6g4bonog,suggested_labelerexp,41,at://did:plc:pnziu7licyhm4gm5unkqp5yg/app.bsky.feed.post/3mfpyrwqjkk2g,bafyreidocmdbjxd6hw75sijchsvsl5x5ych6m3x74t6vbh6d54yfed53di,did:plc:pnziu7licyhm4gm5unkqp5yg,cartoonrecruit.com,,
11e4ab54e4cd4173b263bb7d770b47b6,2026-03-01T05:00:00Z,2026-03-01T05:19:31Z,auth,auth_enUS_labelerexp,at://did:plc:odqmsar3ikz5ubokya4sempk/app.bsky.feed.generator/aaahu6g4bonog,suggested_labelerexp,42,at://did:plc:puacmqyssucxfgdbhfkuqwcd/app.bsky.feed.post/3mfpovi4my22j,bafyreif4wwsjjhr75z2c2msqv63n2l6jr5czeeak6ibz6ghrn37uqkvwhe,did:plc:puacmqyssucxfgdbhfkuqwcd,leesimsmusic.bsky.social,,
11e4ab54e4cd4173b263bb7d770b47b6,2026-03-01T05:00:00Z,2026-03-01T05:19:31Z,auth,auth_enUS_labelerexp,at://did:plc:odqmsar3ikz5ubokya4sempk/app.bsky.feed.generator/aaahu6g4bonog,suggested_labelerexp,43,at://did:plc:xs67ew6u6yyl3slspw4us6wn/app.bsky.feed.post/3mfoyc5wuis2j,bafyreiau7wyyz63s6pgsg7co4n6geopdqupgxd64ohih7bahit5tom5y2u,did:plc:xs67ew6u6yyl3slspw4us6wn,misschroma.bsky.social,,
11e4ab54e4cd4173b263bb7d770b47b6,2026-03-01T05:00:00Z,2026-03-01T05:19:31Z,auth,auth_enUS_labelerexp,at://did:plc:odqmsar3ikz5ubokya4sempk/app.bsky.feed.generator/aaahu6g4bonog,suggested_labelerexp,44,at://did:plc:6ntdebolqjiyjble7hlqaynz/app.bsky.feed.post/3mfouvxipic2v,bafyreibszeipyhbeqzd6o5myu5qgilskoeft7ji5nin25ob2kudafsh3mu,did:plc:6ntdebolqjiyjble7hlqaynz,remotegamejobs.com,,
11e4ab54e4cd4173b263bb7d770b47b6,2026-03-01T05:00:00Z,2026-03-01T05:19:31Z,auth,auth_enUS_labelerexp,at://did:plc:odqmsar3ikz5ubokya4sempk/app.bsky.feed.generator/aaahu6g4bonog,suggested_labelerexp,45,at://did:plc:v6laejjz4r6n44nneiw3mupt/app.bsky.feed.post/3mfokfztgb22c,bafyreiaejiyminq4liogz3mwf2gffxbgh2uk4jfpjassxfvowcvv4664ym,did:plc:v6laejjz4r6n44nneiw3mupt,culturele-vacatures.nl,,
11e4ab54e4cd4173b263bb7d770b47b6,2026-03-01T05:00:00Z,2026-03-01T05:19:31Z,auth,auth_enUS_labelerexp,at://did:plc:odqmsar3ikz5ubokya4sempk/app.bsky.feed.generator/aaahu6g4bonog,suggested_labelerexp,46,at://did:plc:v6laejjz4r6n44nneiw3mupt/app.bsky.feed.post/3mfoen7y44s27,bafyreic7eo6l2scng55tgicalnfpreky6xvuhvuch2gv2rz4qeslsvux3y,did:plc:v6laejjz4r6n44nneiw3mupt,culturele-vacatures.nl,,
11e4ab54e4cd4173b263bb7d770b47b6,2026-03-01T05:00:00Z,2026-03-01T05:19:31Z,auth,auth_enUS_labelerexp,at://did:plc:odqmsar3ikz5ubokya4sempk/app.bsky.feed.generator/aaahu6g4bonog,suggested_labelerexp,47,at://did:plc:65b3kbil47einb4qjb232cot/app.bsky.feed.post/3mfnk4dw44s2v,bafyreia7mt3lewu6w4ocxxbgiua6caeh6jsmcgyokmud7xiddvghf62dmy,did:plc:65b3kbil47einb4qjb232cot,illustration-jobs.com,,
11e4ab54e4cd4173b263bb7d770b47b6,2026-03-01T05:00:00Z,2026-03-01T05:19:31Z,auth,auth_enUS_labelerexp,at://did:plc:odqmsar3ikz5ubokya4sempk/app.bsky.feed.generator/aaahu6g4bonog,suggested_labelerexp,48,at://did:plc:odqmsar3ikz5ubokya4sempk/app.bsky.feed.post/3luit4xmgnk24,bafyreigb7j7sckzrovnaydehyvcdhgluovcuzmpvtgtlnidv5jdgtsgyry,did:plc:odqmsar3ikz5ubokya4sempk,wanderlingworld.bsky.social,,
11e4ab54e4cd4173b263bb7d770b47b6,2026-03-01T05:00:00Z,2026-03-01T05:19:31Z,auth,auth_enUS_labelerexp,at://did:plc:odqmsar3ikz5ubokya4sempk/app.bsky.feed.generator/aaahu6g4bonog,suggested_labelerexp,49,at://did:plc:65b3kbil47einb4qjb232cot/app.bsky.feed.post/3mfnk3xqv2c2v,bafyreiex4lnbihfzusbmguxbzmhsm2azfix2faaetvnkpbp6h35oratloy,did:plc:65b3kbil47einb4qjb232cot,illustration-jobs.com,,
11e4ab54e4cd4173b263bb7d770b47b6,2026-03-01T05:00:00Z,2026-03-01T05:19:31Z,auth,auth_enUS_labelerexp,at://did:plc:odqmsar3ikz5ubokya4sempk/app.bsky.feed.generator/aaahu6g4bonog,suggested_labelerexp,50,at://did:plc:65b3kbil47einb4qjb232cot/app.bsky.feed.post/3mfnk3my3ts2v,bafyreifhf4r2zafqmiigruqvyfamtj5orqojigo5cfj6t7vs3zsolmcwym,did:plc:65b3kbil47einb4qjb232cot,illustration-jobs.com,,
11e4ab54e4cd4173b263bb7d770b47b6,2026-03-01T05:00:00Z,2026-03-01T05:19:32Z,auth,auth_enUS_labelerexp,at://did:plc:p2hhevq3w2kxgw3csyailya3/app.bsky.feed.generator/aaafrn54usbj6,suggested_labelerexp,1,at://did:plc:gy7yilnydusx5hy2z3dltynp/app.bsky.feed.post/3mfxu7bisxa72,bafyreiesvg4tt77eckdtsdwudqnfrg7nh7cxsvlb3ezw5hyphox4zq7opm,did:plc:gy7yilnydusx5hy2z3dltynp,vzvzvz.stefanbohacek.online.ap.brid.gy,,
11e4ab54e4cd4173b263bb7d770b47b6,2026-03-01T05:00:00Z,2026-03-01T05:19:32Z,auth,auth_enUS_labelerexp,at://did:plc:p2hhevq3w2kxgw3csyailya3/app.bsky.feed.generator/aaafrn54usbj6,suggested_labelerexp,2,at://did:plc:m67rkoj5rurjmwf7664f6gks/app.bsky.feed.post/3mfxtpjm7xc2b,bafyreiehlfixgonu6mkyrh34tcjdlftzmiaeq24opz5y6vzm4kvt4ne4se,did:plc:m67rkoj5rurjmwf7664f6gks,michaelmitchell.bsky.social,,
11e4ab54e4cd4173b263bb7d770b47b6,2026-03-01T05:00:00Z,2026-03-01T05:19:32Z,auth,auth_enUS_labelerexp,at://did:plc:p2hhevq3w2kxgw3csyailya3/app.bsky.feed.generator/aaafrn54usbj6,suggested_labelerexp,3,at://did:plc:ukczdc2gg5pt5w7k65ychgqc/app.bsky.feed.post/3mfxqjt5fnc22,bafyreidojwwwi4gbcuwfap7zatxlml3w7a6grcry77nckgdic4zmsle7ta,did:plc:ukczdc2gg5pt5w7k65ychgqc,hummelv.bsky.social,,
11e4ab54e4cd4173b263bb7d770b47b6,2026-03-01T05:00:00Z,2026-03-01T05:19:32Z,auth,auth_enUS_labelerexp,at://did:plc:p2hhevq3w2kxgw3csyailya3/app.bsky.feed.generator/aaafrn54usbj6,suggested_labelerexp,4,at://did:plc:6h647h3agk5rgj7qb7q7rzri/app.bsky.feed.post/3mfxoj4ybvc2w,bafyreic6dpuop2b2tnjfzn5ez57suhjfihyjlwxfhrp6sgvff4xsou2wce,did:plc:6h647h3agk5rgj7qb7q7rzri,allanolley.bsky.social,,
11e4ab54e4cd4173b263bb7d770b47b6,2026-03-01T05:00:00Z,2026-03-01T05:19:32Z,auth,auth_enUS_labelerexp,at://did:plc:p2hhevq3w2kxgw3csyailya3/app.bsky.feed.generator/aaafrn54usbj6,suggested_labelerexp,5,at://did:plc:4xht6mqz5yntmzbqitejyskc/app.bsky.feed.post/3mfxohmy7ls2c,bafyreiav5yobchfxemiea6hpbumkrl3daz657tatdafrj353nygxfcdclm,did:plc:4xht6mqz5yntmzbqitejyskc,dandonnelly.ca,,
11e4ab54e4cd4173b263bb7d770b47b6,2026-03-01T05:00:00Z,2026-03-01T05:19:32Z,auth,auth_enUS_labelerexp,at://did:plc:p2hhevq3w2kxgw3csyailya3/app.bsky.feed.generator/aaafrn54usbj6,suggested_labelerexp,6,at://did:plc:2jdkw7old7xean2hj4j7h66p/app.bsky.feed.post/3mfxibifujk2d,bafyreidtr3myhatc3bx4j6ih7pbtndrkw6r7okyw4t4btr47tg4dt2gdiq,did:plc:2jdkw7old7xean2hj4j7h66p,reihnhardt.bsky.social,,
11e4ab54e4cd4173b263bb7d770b47b6,2026-03-01T05:00:00Z,2026-03-01T05:19:32Z,auth,auth_enUS_labelerexp,at://did:plc:p2hhevq3w2kxgw3csyailya3/app.bsky.feed.generator/aaafrn54usbj6,suggested_labelerexp,7,at://did:plc:45qzd2uoeuixtc64wuv6objq/app.bsky.feed.post/3mfxi37lalzr2,bafyreidsb4mi4zebukh4bvzggva6qjbisdyu2qf4k3nrew7esqspmm4rvm,did:plc:45qzd2uoeuixtc64wuv6objq,helloworld.stefanbohacek.online.ap.brid.gy,,
11e4ab54e4cd4173b263bb7d770b47b6,2026-03-01T05:00:00Z,2026-03-01T05:19:32Z,auth,auth_enUS_labelerexp,at://did:plc:p2hhevq3w2kxgw3csyailya3/app.bsky.feed.generator/aaafrn54usbj6,suggested_labelerexp,8,at://did:plc:5mjjngnqyh4kqxae7vsxdu67/app.bsky.feed.post/3mfxe3vbtz22v,bafyreicqguyufwh555q7i3pfs3ptppzj5d34tnm5jqdzovjh2frggy5zwq,did:plc:5mjjngnqyh4kqxae7vsxdu67,langmag.bsky.social,,
11e4ab54e4cd4173b263bb7d770b47b6,2026-03-01T05:00:00Z,2026-03-01T05:19:32Z,auth,auth_enUS_labelerexp,at://did:plc:p2hhevq3w2kxgw3csyailya3/app.bsky.feed.generator/aaafrn54usbj6,suggested_labelerexp,9,at://did:plc:45p4adjjmpbjdk6xp4syzbjk/app.bsky.feed.post/3mfxd2kclzk2h,bafyreigv75oekrrllfihio4o6ss44ykrk3wcbv6adukagg4xbpehhcrwfq,did:plc:45p4adjjmpbjdk6xp4syzbjk,omni.channel,,
11e4ab54e4cd4173b263bb7d770b47b6,2026-03-01T05:00:00Z,2026-03-01T05:19:32Z,auth,auth_enUS_labelerexp,at://did:plc:p2hhevq3w2kxgw3csyailya3/app.bsky.feed.generator/aaafrn54usbj6,suggested_labelerexp,10,at://did:plc:jbtw3djzn4vyeg6afvtr3ba5/app.bsky.feed.post/3mfxb3scfrs2k,bafyreihxnbbyuitm6m62jgjinkmnenrii3ub7cfvngk5cbq6df7bj2j7ei,did:plc:jbtw3djzn4vyeg6afvtr3ba5,nikolaskozloff.bsky.social,,
11e4ab54e4cd4173b263bb7d770b47b6,2026-03-01T05:00:00Z,2026-03-01T05:19:32Z,auth,auth_enUS_labelerexp,at://did:plc:p2hhevq3w2kxgw3csyailya3/app.bsky.feed.generator/aaafrn54usbj6,suggested_labelerexp,11,at://did:plc:llh4aowduula7nlaulxjdkzv/app.bsky.feed.post/3mfxb2lp3j22n,bafyreicldd5z5ihbx6yekkuo655elbhkkqyx2qjao6d2cmvva6ncpdaeva,did:plc:llh4aowduula7nlaulxjdkzv,toxxy.neocities.org,,
11e4ab54e4cd4173b263bb7d770b47b6,2026-03-01T05:00:00Z,2026-03-01T05:19:32Z,auth,auth_enUS_labelerexp,at://did:plc:p2hhevq3w2kxgw3csyailya3/app.bsky.feed.generator/aaafrn54usbj6,suggested_labelerexp,12,at://did:plc:vfomwmd44y3fuuf3oq7f5vci/app.bsky.feed.post/3mfx6ktlk6k2r,bafyreia76nwd5q47tr5e5itoirywtcecxhbo5tijbzvcrzcynuq3ox6kma,did:plc:vfomwmd44y3fuuf3oq7f5vci,illandancient.bsky.social,,
11e4ab54e4cd4173b263bb7d770b47b6,2026-03-01T05:00:00Z,2026-03-01T05:19:32Z,auth,auth_enUS_labelerexp,at://did:plc:p2hhevq3w2kxgw3csyailya3/app.bsky.feed.generator/aaafrn54usbj6,suggested_labelerexp,13,at://did:plc:vfomwmd44y3fuuf3oq7f5vci/app.bsky.feed.post/3mfx6ktlgbk2r,bafyreid3qfa2lp7tlovkkfhvuibs6mvjs3ywxqvl6rdttbk6fxdzqwylla,did:plc:vfomwmd44y3fuuf3oq7f5vci,illandancient.bsky.social,,
11e4ab54e4cd4173b263bb7d770b47b6,2026-03-01T05:00:00Z,2026-03-01T05:19:32Z,auth,auth_enUS_labelerexp,at://did:plc:p2hhevq3w2kxgw3csyailya3/app.bsky.feed.generator/aaafrn54usbj6,suggested_labelerexp,14,at://did:plc:vfomwmd44y3fuuf3oq7f5vci/app.bsky.feed.post/3mfx6ktldds2r,bafyreido4kjbhm4vo5rplcb7cvefhyxbfcfntn4kskfdexyx6ebbxt7dty,did:plc:vfomwmd44y3fuuf3oq7f5vci,illandancient.bsky.social,,
11e4ab54e4cd4173b263bb7d770b47b6,2026-03-01T05:00:00Z,2026-03-01T05:19:32Z,auth,auth_enUS_labelerexp,at://did:plc:p2hhevq3w2kxgw3csyailya3/app.bsky.feed.generator/aaafrn54usbj6,suggested_labelerexp,15,at://did:plc:vfomwmd44y3fuuf3oq7f5vci/app.bsky.feed.post/3mfx6ktjze22r,bafyreigitw3rm7yxgfhe7v5whscw5wiwo6z3hlpxdji4bddrjcunynezg4,did:plc:vfomwmd44y3fuuf3oq7f5vci,illandancient.bsky.social,,
11e4ab54e4cd4173b263bb7d770b47b6,2026-03-01T05:00:00Z,2026-03-01T05:19:32Z,auth,auth_enUS_labelerexp,at://did:plc:p2hhevq3w2kxgw3csyailya3/app.bsky.feed.generator/aaafrn54usbj6,suggested_labelerexp,16,at://did:plc:e5rg24q5aqrvqpbltijihugi/app.bsky.feed.post/3mfx65rp47k2f,bafyreibsk4h5hdbsz7n3midqh7id6sd2africdghncad24w4eoumrmbtzu,did:plc:e5rg24q5aqrvqpbltijihugi,pnlcommunity.bsky.social,,
11e4ab54e4cd4173b263bb7d770b47b6,2026-03-01T05:00:00Z,2026-03-01T05:19:32Z,auth,auth_enUS_labelerexp,at://did:plc:p2hhevq3w2kxgw3csyailya3/app.bsky.feed.generator/aaafrn54usbj6,suggested_labelerexp,17,at://did:plc:tlxr4pbnr5aja34x3cnjma3r/app.bsky.feed.post/3mfx4jivxls2w,bafyreibk36mozxhj6ihqvtt2ponepjo73vuhp4leo7rr3c24u6gjdpdek4,did:plc:tlxr4pbnr5aja34x3cnjma3r,sovest555.bsky.social,,
11e4ab54e4cd4173b263bb7d770b47b6,2026-03-01T05:00:00Z,2026-03-01T05:19:32Z,auth,auth_enUS_labelerexp,at://did:plc:p2hhevq3w2kxgw3csyailya3/app.bsky.feed.generator/aaafrn54usbj6,suggested_labelerexp,18,at://did:plc:gy7yilnydusx5hy2z3dltynp/app.bsky.feed.post/3mfwzmeut3c32,bafyreigqugnx2fy3s3ua6bmflgky6kkw37xubzsgiiqxjibhzmg6f3xbdq,did:plc:gy7yilnydusx5hy2z3dltynp,vzvzvz.stefanbohacek.online.ap.brid.gy,,
11e4ab54e4cd4173b263bb7d770b47b6,2026-03-01T05:00:00Z,2026-03-01T05:19:32Z,auth,auth_enUS_labelerexp,at://did:plc:p2hhevq3w2kxgw3csyailya3/app.bsky.feed.generator/aaafrn54usbj6,suggested_labelerexp,19,at://did:plc:kgejqmuwqtnwhwzawqi2644r/app.bsky.feed.post/3mfwy2cutos2s,bafyreihr4qschet5lzhjzy43xea3lptfcjvmagwhrv5dqqltndyoqkcms4,did:plc:kgejqmuwqtnwhwzawqi2644r,professorfreddy.bsky.social,,
11e4ab54e4cd4173b263bb7d770b47b6,2026-03-01T05:00:00Z,2026-03-01T05:19:32Z,auth,auth_enUS_labelerexp,at://did:plc:p2hhevq3w2kxgw3csyailya3/app.bsky.feed.generator/aaafrn54usbj6,suggested_labelerexp,20,at://did:plc:45qzd2uoeuixtc64wuv6objq/app.bsky.feed.post/3mfwtzbdv2mj2,bafyreiglpabji2csm7f3ei7rk7jr7vf4icqhdp4dfqmw3q4rsdbwuvl6qe,did:plc:45qzd2uoeuixtc64wuv6objq,helloworld.stefanbohacek.online.ap.brid.gy,,
11e4ab54e4cd4173b263bb7d770b47b6,2026-03-01T05:00:00Z,2026-03-01T05:19:32Z,auth,auth_enUS_labelerexp,at://did:plc:p2hhevq3w2kxgw3csyailya3/app.bsky.feed.generator/aaafrn54usbj6,suggested_labelerexp,21,at://did:plc:5emzqotcahiulunfevxankea/app.bsky.feed.post/3mfwsmrj7i227,bafyreiben5vf33iytl5l4om3mdubbou6czm5oygdc7jyrrkoogcdgizgvu,did:plc:5emzqotcahiulunfevxankea,aboutlinguistics.bsky.social,,
11e4ab54e4cd4173b263bb7d770b47b6,2026-03-01T05:00:00Z,2026-03-01T05:19:32Z,auth,auth_enUS_labelerexp,at://did:plc:p2hhevq3w2kxgw3csyailya3/app.bsky.feed.generator/aaafrn54usbj6,suggested_labelerexp,22,at://did:plc:o6iwrshceygxmtl43o4ago6a/app.bsky.feed.post/3mfwp6y4ijf2d,bafyreib4phey7bomcxsod7yzoibgb4uhnjfllznkanjnpabgy2hgljmfvu,did:plc:o6iwrshceygxmtl43o4ago6a,cambup-linguistics.cambridge.org,,
11e4ab54e4cd4173b263bb7d770b47b6,2026-03-01T05:00:00Z,2026-03-01T05:19:32Z,auth,auth_enUS_labelerexp,at://did:plc:p2hhevq3w2kxgw3csyailya3/app.bsky.feed.generator/aaafrn54usbj6,suggested_labelerexp,23,at://did:plc:o6iwrshceygxmtl43o4ago6a/app.bsky.feed.post/3mfwp6y42ng2t,bafyreidmuej7oioveqk7kusdl75ouslrmkjxghx54web4nulspbcybfshy,did:plc:o6iwrshceygxmtl43o4ago6a,cambup-linguistics.cambridge.org,,
11e4ab54e4cd4173b263bb7d770b47b6,2026-03-01T05:00:00Z,2026-03-01T05:19:32Z,auth,auth_enUS_labelerexp,at://did:plc:p2hhevq3w2kxgw3csyailya3/app.bsky.feed.generator/aaafrn54usbj6,suggested_labelerexp,24,at://did:plc:5ty4wshj6nqaypom3y55qu4m/app.bsky.feed.post/3mfwntpfo2s2c,bafyreihk5szylq6uzufa4z4rknn6tpkjqdy4dfzvalbkkahbosgkn6abgy,did:plc:5ty4wshj6nqaypom3y55qu4m,sloeful.bsky.social,,
11e4ab54e4cd4173b263bb7d770b47b6,2026-03-01T05:00:00Z,2026-03-01T05:19:32Z,auth,auth_enUS_labelerexp,at://did:plc:p2hhevq3w2kxgw3csyailya3/app.bsky.feed.generator/aaafrn54usbj6,suggested_labelerexp,25,at://did:plc:hxl4q3r6ogssbhz7txqsl4b5/app.bsky.feed.post/3mfwmpaxgo22f,bafyreihcfq5qoa5jfcmahh2iuqfciziigp4otwszwcn75ctsoe6vifs6tu,did:plc:hxl4q3r6ogssbhz7txqsl4b5,xena.bsky.social,,
11e4ab54e4cd4173b263bb7d770b47b6,2026-03-01T05:00:00Z,2026-03-01T05:19:32Z,auth,auth_enUS_labelerexp,at://did:plc:p2hhevq3w2kxgw3csyailya3/app.bsky.feed.generator/aaafrn54usbj6,suggested_labelerexp,26,at://did:plc:gy7yilnydusx5hy2z3dltynp/app.bsky.feed.post/3mfwm6woms572,bafyreicmrau6tmjez7tfm7wuta4izgobjxkq7sz7dvumzla66ifcdgmrja,did:plc:gy7yilnydusx5hy2z3dltynp,vzvzvz.stefanbohacek.online.ap.brid.gy,,
11e4ab54e4cd4173b263bb7d770b47b6,2026-03-01T05:00:00Z,2026-03-01T05:19:32Z,auth,auth_enUS_labelerexp,at://did:plc:p2hhevq3w2kxgw3csyailya3/app.bsky.feed.generator/aaafrn54usbj6,suggested_labelerexp,27,at://did:plc:nrfqk6t446qme4kb7aiemqig/app.bsky.feed.post/3mfwlcbstxz2e,bafyreia5bpwwljjnsrtw7dfp7q3ahtbn6gqku2cz3kyxu7v5c35l2un2oi,did:plc:nrfqk6t446qme4kb7aiemqig,ai-firehose.column.social,,
11e4ab54e4cd4173b263bb7d770b47b6,2026-03-01T05:00:00Z,2026-03-01T05:19:32Z,auth,auth_enUS_labelerexp,at://did:plc:p2hhevq3w2kxgw3csyailya3/app.bsky.feed.generator/aaafrn54usbj6,suggested_labelerexp,28,at://did:plc:nih4qwhguxsjaytk7wdcoe5x/app.bsky.feed.post/3mfwidzxip22d,bafyreie7lkffdp53ocmnvpfkhoppmv6apljfsmlpezxhqvsid24odfjlzu,did:plc:nih4qwhguxsjaytk7wdcoe5x,cla-acl.ca,,
11e4ab54e4cd4173b263bb7d770b47b6,2026-03-01T05:00:00Z,2026-03-01T05:19:32Z,auth,auth_enUS_labelerexp,at://did:plc:p2hhevq3w2kxgw3csyailya3/app.bsky.feed.generator/aaafrn54usbj6,suggested_labelerexp,29,at://did:plc:jjwozxaapr5byl7mmm3sqscm/app.bsky.feed.post/3mfwfp3gidc2s,bafyreifri5balua4psd6p4kb2vyncgtsrabalakc2totp5r5o2hii7ueg4,did:plc:jjwozxaapr5byl7mmm3sqscm,andsome.bsky.social,,
11e4ab54e4cd4173b263bb7d770b47b6,2026-03-01T05:00:00Z,2026-03-01T05:19:32Z,auth,auth_enUS_labelerexp,at://did:plc:p2hhevq3w2kxgw3csyailya3/app.bsky.feed.generator/aaafrn54usbj6,suggested_labelerexp,30,at://did:plc:ijftm5s5wmqxp777c24222nc/app.bsky.feed.post/3mfwfl73afc2e,bafyreidsybmkjqevovz7mcz2rvxgejonlvdzcjvnekwlnq3w7ee7ewgltm,did:plc:ijftm5s5wmqxp777c24222nc,nicolaen.bsky.social,,
11e4ab54e4cd4173b263bb7d770b47b6,2026-03-01T05:00:00Z,2026-03-01T05:19:32Z,auth,auth_enUS_labelerexp,at://did:plc:p2hhevq3w2kxgw3csyailya3/app.bsky.feed.generator/aaafrn54usbj6,suggested_labelerexp,31,at://did:plc:6tn64pybvq3lstc3oeroxfp3/app.bsky.feed.post/3mfwfdsqvbk2k,bafyreifnfqbtwz3hpwhssqzrz6u3uickajwiww7pxxhyrc4spdkbpe24k4,did:plc:6tn64pybvq3lstc3oeroxfp3,phoomsewer.bsky.social,,
11e4ab54e4cd4173b263bb7d770b47b6,2026-03-01T05:00:00Z,2026-03-01T05:19:32Z,auth,auth_enUS_labelerexp,at://did:plc:p2hhevq3w2kxgw3csyailya3/app.bsky.feed.generator/aaafrn54usbj6,suggested_labelerexp,32,at://did:plc:ke5lhqdiqw4y7zrbnqavwqko/app.bsky.feed.post/3mfwdhhejsh2q,bafyreibtqc6iele77hoalh562d4sx4qkkfmtqrehr6l2r7jkeociw7cvmi,did:plc:ke5lhqdiqw4y7zrbnqavwqko,conlangery.com,,
11e4ab54e4cd4173b263bb7d770b47b6,2026-03-01T05:00:00Z,2026-03-01T05:19:32Z,auth,auth_enUS_labelerexp,at://did:plc:p2hhevq3w2kxgw3csyailya3/app.bsky.feed.generator/aaafrn54usbj6,suggested_labelerexp,33,at://did:plc:5q4dzv7vcoi4caeppsii5k5c/app.bsky.feed.post/3mfwcvc5lyv2s,bafyreif4dbfwru2wqq2l7yap5hswyrtmek4tqv6zqynmskwmovwhuw5yty,did:plc:5q4dzv7vcoi4caeppsii5k5c,joedale.bsky.social,,
11e4ab54e4cd4173b263bb7d770b47b6,2026-03-01T05:00:00Z,2026-03-01T05:19:32Z,auth,auth_enUS_labelerexp,at://did:plc:p2hhevq3w2kxgw3csyailya3/app.bsky.feed.generator/aaafrn54usbj6,suggested_labelerexp,34,at://did:plc:45qzd2uoeuixtc64wuv6objq/app.bsky.feed.post/3mfwajfuwoii2,bafyreiefvmbxonwxc5kzl62poff4d3d3dfqmax6pks6it6jam25qx7pplq,did:plc:45qzd2uoeuixtc64wuv6objq,helloworld.stefanbohacek.online.ap.brid.gy,,
11e4ab54e4cd4173b263bb7d770b47b6,2026-03-01T05:00:00Z,2026-03-01T05:19:32Z,auth,auth_enUS_labelerexp,at://did:plc:p2hhevq3w2kxgw3csyailya3/app.bsky.feed.generator/aaafrn54usbj6,suggested_labelerexp,35,at://did:plc:gy7yilnydusx5hy2z3dltynp/app.bsky.feed.post/3mfw74ftaqfd2,bafyreicoldrh553xy73m5ph47i4zvguozreisdw2oqzql2h2fu4cjsvs2e,did:plc:gy7yilnydusx5hy2z3dltynp,vzvzvz.stefanbohacek.online.ap.brid.gy,,
11e4ab54e4cd4173b263bb7d770b47b6,2026-03-01T05:00:00Z,2026-03-01T05:19:32Z,auth,auth_enUS_labelerexp,at://did:plc:p2hhevq3w2kxgw3csyailya3/app.bsky.feed.generator/aaafrn54usbj6,suggested_labelerexp,36,at://did:plc:vjyot2w7zeomrslomwpfxirl/app.bsky.feed.post/3mfw5vy5jj22q,bafyreihx7xqrq5auym4ozi5n3femersr5nuoyfmemuwcbhjzm4endcbtki,did:plc:vjyot2w7zeomrslomwpfxirl,jakei.bsky.social,,
11e4ab54e4cd4173b263bb7d770b47b6,2026-03-01T05:00:00Z,2026-03-01T05:19:32Z,auth,auth_enUS_labelerexp,at://did:plc:p2hhevq3w2kxgw3csyailya3/app.bsky.feed.generator/aaafrn54usbj6,suggested_labelerexp,37,at://did:plc:myrtyr2rsjiivzlp5m6qevv5/app.bsky.feed.post/3mfw5gsmxfp2c,bafyreiav6j6s3mdmsgcineqphzwbkci7ha7cpqigz43yvivyj3oucygquq,did:plc:myrtyr2rsjiivzlp5m6qevv5,connectobasan.com,,
11e4ab54e4cd4173b263bb7d770b47b6,2026-03-01T05:00:00Z,2026-03-01T05:19:32Z,auth,auth_enUS_labelerexp,at://did:plc:p2hhevq3w2kxgw3csyailya3/app.bsky.feed.generator/aaafrn54usbj6,suggested_labelerexp,38,at://did:plc:misg7izn43rmk44jl3atkusz/app.bsky.feed.post/3mfw2e5ani22z,bafyreiapkheslvcrccd455mh2s6dqlmhfhop3jdjege3v3lkpkosvsdfga,did:plc:misg7izn43rmk44jl3atkusz,mrt181.bsky.social,,
11e4ab54e4cd4173b263bb7d770b47b6,2026-03-01T05:00:00Z,2026-03-01T05:19:32Z,auth,auth_enUS_labelerexp,at://did:plc:p2hhevq3w2kxgw3csyailya3/app.bsky.feed.generator/aaafrn54usbj6,suggested_labelerexp,39,at://did:plc:jjwozxaapr5byl7mmm3sqscm/app.bsky.feed.post/3mfvzgf3lpk27,bafyreieizxeedfyu6sokcxdxlkpuiwrobxfp7f62unvkrpp6ezobxudjqm,did:plc:jjwozxaapr5byl7mmm3sqscm,andsome.bsky.social,,
11e4ab54e4cd4173b263bb7d770b47b6,2026-03-01T05:00:00Z,2026-03-01T05:19:32Z,auth,auth_enUS_labelerexp,at://did:plc:p2hhevq3w2kxgw3csyailya3/app.bsky.feed.generator/aaafrn54usbj6,suggested_labelerexp,40,at://did:plc:jmkxazofykgyo5nq7tutdq6p/app.bsky.feed.post/3mfvyo3ito22h,bafyreifdlq5loskyxrjdr3ttjpybq45zeppbrqznmydtaq4seiqc3hpwmi,did:plc:jmkxazofykgyo5nq7tutdq6p,medericgc.bsky.social,,
11e4ab54e4cd4173b263bb7d770b47b6,2026-03-01T05:00:00Z,2026-03-01T05:19:32Z,auth,auth_enUS_labelerexp,at://did:plc:p2hhevq3w2kxgw3csyailya3/app.bsky.feed.generator/aaafrn54usbj6,suggested_labelerexp,41,at://did:plc:5pjjoqct5pnr6ndg4aqwy5we/app.bsky.feed.post/3mfvy42kjps2n,bafyreifiegissxy5s36govg7gkqh55je6n4qurab64y4mneyamfk565j2u,did:plc:5pjjoqct5pnr6ndg4aqwy5we,justsmudge.bsky.social,,
11e4ab54e4cd4173b263bb7d770b47b6,2026-03-01T05:00:00Z,2026-03-01T05:19:32Z,auth,auth_enUS_labelerexp,at://did:plc:p2hhevq3w2kxgw3csyailya3/app.bsky.feed.generator/aaafrn54usbj6,suggested_labelerexp,42,at://did:plc:mcb6n67plnrlx4lg35natk2b/app.bsky.feed.post/3mfvx6l3eae2q,bafyreidarszfp62zy2mhyemsjnhztljzyampswd7rbq43vnqxpyl2ez76i,did:plc:mcb6n67plnrlx4lg35natk2b,nowbreezing.ntw.app,,
11e4ab54e4cd4173b263bb7d770b47b6,2026-03-01T05:00:00Z,2026-03-01T05:19:32Z,auth,auth_enUS_labelerexp,at://did:plc:p2hhevq3w2kxgw3csyailya3/app.bsky.feed.generator/aaafrn54usbj6,suggested_labelerexp,43,at://did:plc:m67rkoj5rurjmwf7664f6gks/app.bsky.feed.post/3mfvx36lvmk2b,bafyreidkxzcgqm6syv2dyrdwjfpvujnz6wk3omyk7pm7jgbijfa5qqcgcu,did:plc:m67rkoj5rurjmwf7664f6gks,michaelmitchell.bsky.social,,
11e4ab54e4cd4173b263bb7d770b47b6,2026-03-01T05:00:00Z,2026-03-01T05:19:32Z,auth,auth_enUS_labelerexp,at://did:plc:p2hhevq3w2kxgw3csyailya3/app.bsky.feed.generator/aaafrn54usbj6,suggested_labelerexp,44,at://did:plc:idlz5lvvi5myulbvvkaalozx/app.bsky.feed.post/3mfvwmejiik2t,bafyreihje3m63id5yjwonhjzldllhuzvug42ngr5glag4bhd2kdikgju3y,did:plc:idlz5lvvi5myulbvvkaalozx,me11.bsky.social,,
11e4ab54e4cd4173b263bb7d770b47b6,2026-03-01T05:00:00Z,2026-03-01T05:19:32Z,auth,auth_enUS_labelerexp,at://did:plc:p2hhevq3w2kxgw3csyailya3/app.bsky.feed.generator/aaafrn54usbj6,suggested_labelerexp,45,at://did:plc:hrkb2pala5kamlznq6asilla/app.bsky.feed.post/3mfvvruniuc2s,bafyreihw5h55yavvnpdvqewjsp2fcsr3ocaqmrnf6564u22uumryx6c2cm,did:plc:hrkb2pala5kamlznq6asilla,rainytowns.bsky.social,,
11e4ab54e4cd4173b263bb7d770b47b6,2026-03-01T05:00:00Z,2026-03-01T05:19:32Z,auth,auth_enUS_labelerexp,at://did:plc:p2hhevq3w2kxgw3csyailya3/app.bsky.feed.generator/aaafrn54usbj6,suggested_labelerexp,46,at://did:plc:2ehqkwy4qfvaunnapae2n2jy/app.bsky.feed.post/3mfvt7riiu223,bafyreiaoz45djz4rd5wda3z7646ojo2umfvu45gkqojdovboxwgbmdhr7m,did:plc:2ehqkwy4qfvaunnapae2n2jy,learngermangames.bsky.social,,
11e4ab54e4cd4173b263bb7d770b47b6,2026-03-01T05:00:00Z,2026-03-01T05:19:32Z,auth,auth_enUS_labelerexp,at://did:plc:p2hhevq3w2kxgw3csyailya3/app.bsky.feed.generator/aaafrn54usbj6,suggested_labelerexp,47,at://did:plc:uhzmicf6vnaz35mfixslajz4/app.bsky.feed.post/3mfvt6zrsjs2b,bafyreidg26w2xtga5z53ntc36vecvq5qoorkjk7qmdwcesep6dlmwaezvi,did:plc:uhzmicf6vnaz35mfixslajz4,rui-ming-mz.bsky.social,,
11e4ab54e4cd4173b263bb7d770b47b6,2026-03-01T05:00:00Z,2026-03-01T05:19:32Z,auth,auth_enUS_labelerexp,at://did:plc:p2hhevq3w2kxgw3csyailya3/app.bsky.feed.generator/aaafrn54usbj6,suggested_labelerexp,48,at://did:plc:wi4jfbq4d4khbmikgi2kgm7a/app.bsky.feed.post/3mfvs23ut4u22,bafyreiabk3zsyggbolxi37ubopgwgafhb5hsse2tsh4ibuaxzgn7yanrxi,did:plc:wi4jfbq4d4khbmikgi2kgm7a,0xabad1dea.infosec.exchange.ap.brid.gy,,
11e4ab54e4cd4173b263bb7d770b47b6,2026-03-01T05:00:00Z,2026-03-01T05:19:32Z,auth,auth_enUS_labelerexp,at://did:plc:p2hhevq3w2kxgw3csyailya3/app.bsky.feed.generator/aaafrn54usbj6,suggested_labelerexp,49,at://did:plc:4excazaoczxvheakhe5j7att/app.bsky.feed.post/3mfvrtzns6s2j,bafyreiaas54axvabfqjbluolyfz32xuu2bstx4shazwghpefalpwykhclu,did:plc:4excazaoczxvheakhe5j7att,raskolnick.bsky.social,,
11e4ab54e4cd4173b263bb7d770b47b6,2026-03-01T05:00:00Z,2026-03-01T05:19:32Z,auth,auth_enUS_labelerexp,at://did:plc:p2hhevq3w2kxgw3csyailya3/app.bsky.feed.generator/aaafrn54usbj6,suggested_labelerexp,50,at://did:plc:gy7yilnydusx5hy2z3dltynp/app.bsky.feed.post/3mfvrejuprdn2,bafyreidgwbucvte523gbirp4daeofwxzv6isx7atn7m6qtrvr7ggyun3qm,did:plc:gy7yilnydusx5hy2z3dltynp,vzvzvz.stefanbohacek.online.ap.brid.gy,,
11e4ab54e4cd4173b263bb7d770b47b6,2026-03-01T05:00:00Z,2026-03-01T05:19:33Z,auth,auth_enUS_labelerexp,at://did:plc:qywyjbhivdo4b333ilkf2zsh/app.bsky.feed.generator/aaadbjz6gsg6c,suggested_labelerexp,1,at://did:plc:ikceylxgc7ddzaozxm6433q3/app.bsky.feed.post/3mfxvj6cdt22y,bafyreiblrzrae2vhaxfya4tvsstrx3ka577qofrprxowuioeczjnm6koum,did:plc:ikceylxgc7ddzaozxm6433q3,saddletramp1956.bsky.social,,
11e4ab54e4cd4173b263bb7d770b47b6,2026-03-01T05:00:00Z,2026-03-01T05:19:33Z,auth,auth_enUS_labelerexp,at://did:plc:qywyjbhivdo4b333ilkf2zsh/app.bsky.feed.generator/aaadbjz6gsg6c,suggested_labelerexp,2,at://did:plc:cc5h3j2ehs4prif7mnsfoqqe/app.bsky.feed.post/3mfxuw6xeo62z,bafyreiesdlsemv5jg6l5gt6dhdragf2bl34lb4hwick6crxtyomy63rtxm,did:plc:cc5h3j2ehs4prif7mnsfoqqe,lucyfelthouse.bsky.social,,
11e4ab54e4cd4173b263bb7d770b47b6,2026-03-01T05:00:00Z,2026-03-01T05:19:33Z,auth,auth_enUS_labelerexp,at://did:plc:qywyjbhivdo4b333ilkf2zsh/app.bsky.feed.generator/aaadbjz6gsg6c,suggested_labelerexp,3,at://did:plc:cuhm5jzjf4hopukmiqezjbnb/app.bsky.feed.post/3mfxuhus7rz2v,bafyreichqks3yrr3x7p5t7uycqnupyxnrk5elhmxu6o5qwpbb344klf6fy,did:plc:cuhm5jzjf4hopukmiqezjbnb,blakerwolfe.bsky.social,,
11e4ab54e4cd4173b263bb7d770b47b6,2026-03-01T05:00:00Z,2026-03-01T05:19:33Z,auth,auth_enUS_labelerexp,at://did:plc:qywyjbhivdo4b333ilkf2zsh/app.bsky.feed.generator/aaadbjz6gsg6c,suggested_labelerexp,4,at://did:plc:zy2zu7xqzjr2bcimcmamjom6/app.bsky.feed.post/3mfxszap5fk2w,bafyreidruet4wd264pafgc5vu3qzxzfn3k3bzqb2galnj7lh3mckrinldi,did:plc:zy2zu7xqzjr2bcimcmamjom6,jbrydon.bsky.social,,
11e4ab54e4cd4173b263bb7d770b47b6,2026-03-01T05:00:00Z,2026-03-01T05:19:33Z,auth,auth_enUS_labelerexp,at://did:plc:qywyjbhivdo4b333ilkf2zsh/app.bsky.feed.generator/aaadbjz6gsg6c,suggested_labelerexp,5,at://did:plc:ou5xbcpobpfdyruqnta4syvz/app.bsky.feed.post/3mfxs5fvsis2n,bafyreid64llkqgbciebgwmry6ih6ppyv5dqhxdfycttylklpr6tyz5dzka,did:plc:ou5xbcpobpfdyruqnta4syvz,judithlynne.bsky.social,,
11e4ab54e4cd4173b263bb7d770b47b6,2026-03-01T05:00:00Z,2026-03-01T05:19:33Z,auth,auth_enUS_labelerexp,at://did:plc:qywyjbhivdo4b333ilkf2zsh/app.bsky.feed.generator/aaadbjz6gsg6c,suggested_labelerexp,6,at://did:plc:ikceylxgc7ddzaozxm6433q3/app.bsky.feed.post/3mfxrkph4ac22,bafyreigzika6fnbbwhc7x4qjgthxfeqth5r4kc6dcknfiv6mimzxkygume,did:plc:ikceylxgc7ddzaozxm6433q3,saddletramp1956.bsky.social,,
11e4ab54e4cd4173b263bb7d770b47b6,2026-03-01T05:00:00Z,2026-03-01T05:19:33Z,auth,auth_enUS_labelerexp,at://did:plc:qywyjbhivdo4b333ilkf2zsh/app.bsky.feed.generator/aaadbjz6gsg6c,suggested_labelerexp,7,at://did:plc:uhyvm4exaxd6ihx42zroif27/app.bsky.feed.post/3mfxpxptuhs2n,bafyreid7dx7uqb425etfqraoy5pwifuxwxvocz2c7cohlag4ay5n7mfusm,did:plc:uhyvm4exaxd6ihx42zroif27,amystaufferpa.bsky.social,,
11e4ab54e4cd4173b263bb7d770b47b6,2026-03-01T05:00:00Z,2026-03-01T05:19:33Z,auth,auth_enUS_labelerexp,at://did:plc:qywyjbhivdo4b333ilkf2zsh/app.bsky.feed.generator/aaadbjz6gsg6c,suggested_labelerexp,8,at://did:plc:uhyvm4exaxd6ihx42zroif27/app.bsky.feed.post/3mfxpxkl52k2n,bafyreicdy6zceklpu433tctlsnkn3x33m7huv3ewdjajrgtpwp6djc3twm,did:plc:uhyvm4exaxd6ihx42zroif27,amystaufferpa.bsky.social,,
11e4ab54e4cd4173b263bb7d770b47b6,2026-03-01T05:00:00Z,2026-03-01T05:19:33Z,auth,auth_enUS_labelerexp,at://did:plc:qywyjbhivdo4b333ilkf2zsh/app.bsky.feed.generator/aaadbjz6gsg6c,suggested_labelerexp,9,at://did:plc:uhyvm4exaxd6ihx42zroif27/app.bsky.feed.post/3mfxpxfxan22n,bafyreihnetowtqc5tmrspcas7n6woquayehbmksa7quykrlfjsd25urooe,did:plc:uhyvm4exaxd6ihx42zroif27,amystaufferpa.bsky.social,,
11e4ab54e4cd4173b263bb7d770b47b6,2026-03-01T05:00:00Z,2026-03-01T05:19:33Z,auth,auth_enUS_labelerexp,at://did:plc:qywyjbhivdo4b333ilkf2zsh/app.bsky.feed.generator/aaadbjz6gsg6c,suggested_labelerexp,10,at://did:plc:gwnduosczs2kch7nfdaalync/app.bsky.feed.post/3mfxppxgjks23,bafyreigvfx7w6du4nxqvnqd6oulnlvxlrwxsluuvjdcplerptq5juri6oa,did:plc:gwnduosczs2kch7nfdaalync,irisblobel.bsky.social,,
11e4ab54e4cd4173b263bb7d770b47b6,2026-03-01T05:00:00Z,2026-03-01T05:19:33Z,auth,auth_enUS_labelerexp,at://did:plc:qywyjbhivdo4b333ilkf2zsh/app.bsky.feed.generator/aaadbjz6gsg6c,suggested_labelerexp,11,at://did:plc:booutjom7yfglzn3jzwj52yq/app.bsky.feed.post/3mfxpmf4pr225,bafyreibajezp5lb6l4rydlzpkp72bpwgylaoxcrgz27delzln2re26fw2e,did:plc:booutjom7yfglzn3jzwj52yq,lavampiresa.bsky.social,,
11e4ab54e4cd4173b263bb7d770b47b6,2026-03-01T05:00:00Z,2026-03-01T05:19:33Z,auth,auth_enUS_labelerexp,at://did:plc:qywyjbhivdo4b333ilkf2zsh/app.bsky.feed.generator/aaadbjz6gsg6c,suggested_labelerexp,12,at://did:plc:qu6z2x4r2nvq2vatua4sn5nd/app.bsky.feed.post/3mfxomsqudl2c,bafyreig5k6h4c2f7nrkdby4o6siefpwvjaqzixrqhnybl74xmlvdi6fma4,did:plc:qu6z2x4r2nvq2vatua4sn5nd,rdotspoon.bsky.social,,
11e4ab54e4cd4173b263bb7d770b47b6,2026-03-01T05:00:00Z,2026-03-01T05:19:33Z,auth,auth_enUS_labelerexp,at://did:plc:qywyjbhivdo4b333ilkf2zsh/app.bsky.feed.generator/aaadbjz6gsg6c,suggested_labelerexp,13,at://did:plc:662tb34uemy6ok6h57skcrgn/app.bsky.feed.post/3mfxn7xqjh22d,bafyreic4guy65onaj7d77j4syz253vt2jn3444w64vca2dqupdni2pjr3q,did:plc:662tb34uemy6ok6h57skcrgn,steviealison.bsky.social,,
11e4ab54e4cd4173b263bb7d770b47b6,2026-03-01T05:00:00Z,2026-03-01T05:19:33Z,auth,auth_enUS_labelerexp,at://did:plc:qywyjbhivdo4b333ilkf2zsh/app.bsky.feed.generator/aaadbjz6gsg6c,suggested_labelerexp,14,at://did:plc:kv2zk5wwx2jiiisxgfxr3szq/app.bsky.feed.post/3mfxkgo7i622o,bafyreighrmxlzi2267ctrrfmrp2z4ffofxw36qroxrypz7jzgekt2dlhpa,did:plc:kv2zk5wwx2jiiisxgfxr3szq,sadirastone.bsky.social,,
11e4ab54e4cd4173b263bb7d770b47b6,2026-03-01T05:00:00Z,2026-03-01T05:19:33Z,auth,auth_enUS_labelerexp,at://did:plc:qywyjbhivdo4b333ilkf2zsh/app.bsky.feed.generator/aaadbjz6gsg6c,suggested_labelerexp,15,at://did:plc:oikfbwcljt3xwztforluzqwx/app.bsky.feed.post/3mfxi7ydb6c22,bafyreidyzgkdbx4pvsb5w2ve2o4lf237sfybmnyvodj4itjeykcll5j4fq,did:plc:oikfbwcljt3xwztforluzqwx,kaylaperrin.bsky.social,,
11e4ab54e4cd4173b263bb7d770b47b6,2026-03-01T05:00:00Z,2026-03-01T05:19:33Z,auth,auth_enUS_labelerexp,at://did:plc:qywyjbhivdo4b333ilkf2zsh/app.bsky.feed.generator/aaadbjz6gsg6c,suggested_labelerexp,16,at://did:plc:ftuvfxhcdlirqeltgkd53gr6/app.bsky.feed.post/3mfxfqtzf6s23,bafyreib6l25vuulnpij3jx2h3gazkei3jlsdbaklhy3rqanah7tfrcule4,did:plc:ftuvfxhcdlirqeltgkd53gr6,racheline.bsky.social,,
11e4ab54e4cd4173b263bb7d770b47b6,2026-03-01T05:00:00Z,2026-03-01T05:19:33Z,auth,auth_enUS_labelerexp,at://did:plc:qywyjbhivdo4b333ilkf2zsh/app.bsky.feed.generator/aaadbjz6gsg6c,suggested_labelerexp,17,at://did:plc:olmolmckoitl5x4rubn4v3ws/app.bsky.feed.post/3mfxfp2pwc222,bafyreiff4b42ttjwfnrw5mwvon4mtdu4hlpt5e4p5nsenim4ohpmii5atq,did:plc:olmolmckoitl5x4rubn4v3ws,superwendy.bsky.social,,
11e4ab54e4cd4173b263bb7d770b47b6,2026-03-01T05:00:00Z,2026-03-01T05:19:33Z,auth,auth_enUS_labelerexp,at://did:plc:qywyjbhivdo4b333ilkf2zsh/app.bsky.feed.generator/aaadbjz6gsg6c,suggested_labelerexp,18,at://did:plc:zflhrgcogah546amaqrdaifb/app.bsky.feed.post/3mfxeq5ryek2i,bafyreieizsqzswghkc5ccipdij52ludurcr6ak76nn5ux6yesgxlokx2ja,did:plc:zflhrgcogah546amaqrdaifb,readingromancehea.bsky.social,,
11e4ab54e4cd4173b263bb7d770b47b6,2026-03-01T05:00:00Z,2026-03-01T05:19:33Z,auth,auth_enUS_labelerexp,at://did:plc:qywyjbhivdo4b333ilkf2zsh/app.bsky.feed.generator/aaadbjz6gsg6c,suggested_labelerexp,19,at://did:plc:lezntanbcp6opqqfugin3fi4/app.bsky.feed.post/3mfxdb5ckjk2g,bafyreialvf2gxu2a6bfyc2epvfecnzwxjwfpwawb7jt4edq2sjmjdtwgpy,did:plc:lezntanbcp6opqqfugin3fi4,lornapeel.bsky.social,,
11e4ab54e4cd4173b263bb7d770b47b6,2026-03-01T05:00:00Z,2026-03-01T05:19:33Z,auth,auth_enUS_labelerexp,at://did:plc:qywyjbhivdo4b333ilkf2zsh/app.bsky.feed.generator/aaadbjz6gsg6c,suggested_labelerexp,20,at://did:plc:uzrxb4k7h4n7sqolep27b6wt/app.bsky.feed.post/3mfxcw5ykf22w,bafyreiabjlcxlphwi4rpednqeuzoqlqjyyladu44ckn5h6f2fic222t664,did:plc:uzrxb4k7h4n7sqolep27b6wt,bonobochick.bsky.social,,
11e4ab54e4cd4173b263bb7d770b47b6,2026-03-01T05:00:00Z,2026-03-01T05:19:33Z,auth,auth_enUS_labelerexp,at://did:plc:qywyjbhivdo4b333ilkf2zsh/app.bsky.feed.generator/aaadbjz6gsg6c,suggested_labelerexp,21,at://did:plc:dzoylk4k7rneavlss5pvpi4m/app.bsky.feed.post/3mfx7sntah22z,bafyreiahjtotz5rwtmyza52mv7ijhg36xsckircuwkucwpkxidsu5fd4p4,did:plc:dzoylk4k7rneavlss5pvpi4m,annahardingromance.bsky.social,,
11e4ab54e4cd4173b263bb7d770b47b6,2026-03-01T05:00:00Z,2026-03-01T05:19:33Z,auth,auth_enUS_labelerexp,at://did:plc:qywyjbhivdo4b333ilkf2zsh/app.bsky.feed.generator/aaadbjz6gsg6c,suggested_labelerexp,22,at://did:plc:ft4ay3c574ewzkct2j5zgkdu/app.bsky.feed.post/3mfx7f33hos2n,bafyreif6beyusa5qboi7l4mfu7schhly2hs7x3dhlaoubfnypygag5pxvq,did:plc:ft4ay3c574ewzkct2j5zgkdu,tdotrenae.blacksky.app,,
11e4ab54e4cd4173b263bb7d770b47b6,2026-03-01T05:00:00Z,2026-03-01T05:19:33Z,auth,auth_enUS_labelerexp,at://did:plc:qywyjbhivdo4b333ilkf2zsh/app.bsky.feed.generator/aaadbjz6gsg6c,suggested_labelerexp,23,at://did:plc:me57tcshza33odh5atc56w3g/app.bsky.feed.post/3mfx7bdab4s2g,bafyreicp4f2ncxgzggozheueuyslywnlhiio6jdvyihv7x4gv3pcw64734,did:plc:me57tcshza33odh5atc56w3g,reneegendron.bsky.social,,
11e4ab54e4cd4173b263bb7d770b47b6,2026-03-01T05:00:00Z,2026-03-01T05:19:33Z,auth,auth_enUS_labelerexp,at://did:plc:qywyjbhivdo4b333ilkf2zsh/app.bsky.feed.generator/aaadbjz6gsg6c,suggested_labelerexp,24,at://did:plc:fjd5rmoam57ucvki2lb5o3ds/app.bsky.feed.post/3mfx74m3eu22i,bafyreihjtk4f4yn3tbw6kuyugjnfcnm2ze7a3oyejcuqqi3jbw3uwuqmxy,did:plc:fjd5rmoam57ucvki2lb5o3ds,suzisteffen.bsky.social,,
11e4ab54e4cd4173b263bb7d770b47b6,2026-03-01T05:00:00Z,2026-03-01T05:19:33Z,auth,auth_enUS_labelerexp,at://did:plc:qywyjbhivdo4b333ilkf2zsh/app.bsky.feed.generator/aaadbjz6gsg6c,suggested_labelerexp,25,at://did:plc:uzrxb4k7h4n7sqolep27b6wt/app.bsky.feed.post/3mfx732lxvs2w,bafyreiaxdgwxjyr4lw3d4csvmrbhiyk5ao7nm7tsmhksu2sgwhomrueomu,did:plc:uzrxb4k7h4n7sqolep27b6wt,bonobochick.bsky.social,,
11e4ab54e4cd4173b263bb7d770b47b6,2026-03-01T05:00:00Z,2026-03-01T05:19:33Z,auth,auth_enUS_labelerexp,at://did:plc:qywyjbhivdo4b333ilkf2zsh/app.bsky.feed.generator/aaadbjz6gsg6c,suggested_labelerexp,26,at://did:plc:kmjpyfrlhw47fx5btbjj6rca/app.bsky.feed.post/3mfx6okblc22r,bafyreibecubtry4pxk7d42nazuokqo3iq2pdll745cixgvpculvquwcwy4,did:plc:kmjpyfrlhw47fx5btbjj6rca,kimolisamings.bsky.social,,
11e4ab54e4cd4173b263bb7d770b47b6,2026-03-01T05:00:00Z,2026-03-01T05:19:33Z,auth,auth_enUS_labelerexp,at://did:plc:qywyjbhivdo4b333ilkf2zsh/app.bsky.feed.generator/aaadbjz6gsg6c,suggested_labelerexp,27,at://did:plc:kmjpyfrlhw47fx5btbjj6rca/app.bsky.feed.post/3mfx6ifc6ck2r,bafyreicnpchxjpxyxaf5grkruunwz2xgrie7y4wlzydjxcya2ai7fd3c3i,did:plc:kmjpyfrlhw47fx5btbjj6rca,kimolisamings.bsky.social,,
11e4ab54e4cd4173b263bb7d770b47b6,2026-03-01T05:00:00Z,2026-03-01T05:19:33Z,auth,auth_enUS_labelerexp,at://did:plc:qywyjbhivdo4b333ilkf2zsh/app.bsky.feed.generator/aaadbjz6gsg6c,suggested_labelerexp,28,at://did:plc:kmjpyfrlhw47fx5btbjj6rca/app.bsky.feed.post/3mfx6eisuic2r,bafyreidpg3h3dhcxf6fhfrfvjybkiirhfthsygrurnsfaqw3konmfjr3l4,did:plc:kmjpyfrlhw47fx5btbjj6rca,kimolisamings.bsky.social,,
11e4ab54e4cd4173b263bb7d770b47b6,2026-03-01T05:00:00Z,2026-03-01T05:19:33Z,auth,auth_enUS_labelerexp,at://did:plc:qywyjbhivdo4b333ilkf2zsh/app.bsky.feed.generator/aaadbjz6gsg6c,suggested_labelerexp,29,at://did:plc:quk5tbl275etomsj5mswkg6c/app.bsky.feed.post/3mfx6bakvf52k,bafyreifdxn3iiesuemmcvnb5aavxpmlioushagiyho2suasbuhwacidjni,did:plc:quk5tbl275etomsj5mswkg6c,loveandromanceinto.bsky.social,,
11e4ab54e4cd4173b263bb7d770b47b6,2026-03-01T05:00:00Z,2026-03-01T05:19:33Z,auth,auth_enUS_labelerexp,at://did:plc:qywyjbhivdo4b333ilkf2zsh/app.bsky.feed.generator/aaadbjz6gsg6c,suggested_labelerexp,30,at://did:plc:c4kd4kqw7od5s4v4cim6jdij/app.bsky.feed.post/3mfx5x5td3n2m,bafyreigu2tf7bdrm2wd4xww3nymbdyayrgc6y23vcdmi2qndxtyuauux7u,did:plc:c4kd4kqw7od5s4v4cim6jdij,susanbethcole.bsky.social,,
11e4ab54e4cd4173b263bb7d770b47b6,2026-03-01T05:00:00Z,2026-03-01T05:19:33Z,auth,auth_enUS_labelerexp,at://did:plc:qywyjbhivdo4b333ilkf2zsh/app.bsky.feed.generator/aaadbjz6gsg6c,suggested_labelerexp,31,at://did:plc:rmkg7mnwiw446pb3pif5pjmc/app.bsky.feed.post/3mfx5gzwa3227,bafyreihw2sznhvzqek62yc6kgbwelfkitxs5jbw6ldvctwpuyl3wwuunyy,did:plc:rmkg7mnwiw446pb3pif5pjmc,melonreads.bsky.social,,
11e4ab54e4cd4173b263bb7d770b47b6,2026-03-01T05:00:00Z,2026-03-01T05:19:33Z,auth,auth_enUS_labelerexp,at://did:plc:qywyjbhivdo4b333ilkf2zsh/app.bsky.feed.generator/aaadbjz6gsg6c,suggested_labelerexp,32,at://did:plc:fvebtgw6suh77bpfuqjw56py/app.bsky.feed.post/3mfx5db3wfc2r,bafyreicrxco5gn6cvmuel4eu766ptkgheqp4pfb4yuxv2qrmoewj2gulgu,did:plc:fvebtgw6suh77bpfuqjw56py,fantasyaspec.bsky.social,,
11e4ab54e4cd4173b263bb7d770b47b6,2026-03-01T05:00:00Z,2026-03-01T05:19:33Z,auth,auth_enUS_labelerexp,at://did:plc:qywyjbhivdo4b333ilkf2zsh/app.bsky.feed.generator/aaadbjz6gsg6c,suggested_labelerexp,33,at://did:plc:acr53a36pirggv34jmozp34o/app.bsky.feed.post/3mfx4mc2q222h,bafyreibcbpbnaovcoy3pucib6kznkyzfytrojvuwanxmlxm6odgmp2qlky,did:plc:acr53a36pirggv34jmozp34o,sarasitwell.bsky.social,,
11e4ab54e4cd4173b263bb7d770b47b6,2026-03-01T05:00:00Z,2026-03-01T05:19:33Z,auth,auth_enUS_labelerexp,at://did:plc:qywyjbhivdo4b333ilkf2zsh/app.bsky.feed.generator/aaadbjz6gsg6c,suggested_labelerexp,34,at://did:plc:quk5tbl275etomsj5mswkg6c/app.bsky.feed.post/3mfx4lqjmj22m,bafyreihaok2u3ysi62wyrpl673fkckfyzmnmw4au3q4ihnzuyywipchxqe,did:plc:quk5tbl275etomsj5mswkg6c,loveandromanceinto.bsky.social,,
11e4ab54e4cd4173b263bb7d770b47b6,2026-03-01T05:00:00Z,2026-03-01T05:19:33Z,auth,auth_enUS_labelerexp,at://did:plc:qywyjbhivdo4b333ilkf2zsh/app.bsky.feed.generator/aaadbjz6gsg6c,suggested_labelerexp,35,at://did:plc:cc5h3j2ehs4prif7mnsfoqqe/app.bsky.feed.post/3mfx3a7cpvf2o,bafyreiffraf5muo53krhfr232yuuzxkurqsamxpvz35bdj2asu7gs3qofa,did:plc:cc5h3j2ehs4prif7mnsfoqqe,lucyfelthouse.bsky.social,,
11e4ab54e4cd4173b263bb7d770b47b6,2026-03-01T05:00:00Z,2026-03-01T05:19:33Z,auth,auth_enUS_labelerexp,at://did:plc:qywyjbhivdo4b333ilkf2zsh/app.bsky.feed.generator/aaadbjz6gsg6c,suggested_labelerexp,36,at://did:plc:bzwcnijt44rexz5tyatjze47/app.bsky.feed.post/3mfwzikztyq2e,bafyreidyy23o6qwxolojzcvxzvdvw3qx24r2bimumvfi732fyajf4fz35q,did:plc:bzwcnijt44rexz5tyatjze47,eviemitchellauthor.bsky.social,,
11e4ab54e4cd4173b263bb7d770b47b6,2026-03-01T05:00:00Z,2026-03-01T05:19:33Z,auth,auth_enUS_labelerexp,at://did:plc:qywyjbhivdo4b333ilkf2zsh/app.bsky.feed.generator/aaadbjz6gsg6c,suggested_labelerexp,37,at://did:plc:yhzcj75lnqkq6g65ku5q3hip/app.bsky.feed.post/3mfwz3ksduq2n,bafyreicl2bbwdrqun4b2x6tehlkzbsjxw3gfeefnvo7lbfg5vxkwfovziq,did:plc:yhzcj75lnqkq6g65ku5q3hip,mpbookreviews.bsky.social,,
11e4ab54e4cd4173b263bb7d770b47b6,2026-03-01T05:00:00Z,2026-03-01T05:19:33Z,auth,auth_enUS_labelerexp,at://did:plc:qywyjbhivdo4b333ilkf2zsh/app.bsky.feed.generator/aaadbjz6gsg6c,suggested_labelerexp,38,at://did:plc:tvu7list6kojwsmrwxafwo3a/app.bsky.feed.post/3mfwyeainus2j,bafyreicxev2ncnzqkrtgdzluspjzoz3tcbfnb5354sj7p63kov5hsbuvum,did:plc:tvu7list6kojwsmrwxafwo3a,thebookqueen.bsky.social,,
11e4ab54e4cd4173b263bb7d770b47b6,2026-03-01T05:00:00Z,2026-03-01T05:19:33Z,auth,auth_enUS_labelerexp,at://did:plc:qywyjbhivdo4b333ilkf2zsh/app.bsky.feed.generator/aaadbjz6gsg6c,suggested_labelerexp,39,at://did:plc:ywhchwobjrjvy3dgdv7cz6kt/app.bsky.feed.post/3mfwxtxskes2x,bafyreicjcfs6titjgvos3rxlpn7hjtleyw3iwotzr6y6mxyuelxw5bqwha,did:plc:ywhchwobjrjvy3dgdv7cz6kt,lucynka.bsky.social,,
11e4ab54e4cd4173b263bb7d770b47b6,2026-03-01T05:00:00Z,2026-03-01T05:19:33Z,auth,auth_enUS_labelerexp,at://did:plc:qywyjbhivdo4b333ilkf2zsh/app.bsky.feed.generator/aaadbjz6gsg6c,suggested_labelerexp,40,at://did:plc:la7kbxjdkr6f26pjo2yf5qhx/app.bsky.feed.post/3mfww2qjc5c2o,bafyreiekpgnau3txok576ykqcmym6f7xificq5tsu4nkrpisl4oz7d4lii,did:plc:la7kbxjdkr6f26pjo2yf5qhx,quinnreed.bsky.social,,
11e4ab54e4cd4173b263bb7d770b47b6,2026-03-01T05:00:00Z,2026-03-01T05:19:33Z,auth,auth_enUS_labelerexp,at://did:plc:qywyjbhivdo4b333ilkf2zsh/app.bsky.feed.generator/aaadbjz6gsg6c,suggested_labelerexp,41,at://did:plc:wgf2omogiwfvdei7bchh5s7r/app.bsky.feed.post/3mfwsmpgoxx22,bafyreievgtuy64ebyppx2mjupjgwdqwwbzdfjes5v7b7ewt6diholdbrpy,did:plc:wgf2omogiwfvdei7bchh5s7r,emilyrookstruelust.bsky.social,,
11e4ab54e4cd4173b263bb7d770b47b6,2026-03-01T05:00:00Z,2026-03-01T05:19:33Z,auth,auth_enUS_labelerexp,at://did:plc:qywyjbhivdo4b333ilkf2zsh/app.bsky.feed.generator/aaadbjz6gsg6c,suggested_labelerexp,42,at://did:plc:wqf6c7rlaszimix55baknc47/app.bsky.feed.post/3mfwsllhwi42o,bafyreid22jvqn2p5ujyblqnih7hvzra5h3un7h6uflorytotpgot2tt6qy,did:plc:wqf6c7rlaszimix55baknc47,heavingbosoms.com,,
11e4ab54e4cd4173b263bb7d770b47b6,2026-03-01T05:00:00Z,2026-03-01T05:19:33Z,auth,auth_enUS_labelerexp,at://did:plc:qywyjbhivdo4b333ilkf2zsh/app.bsky.feed.generator/aaadbjz6gsg6c,suggested_labelerexp,43,at://did:plc:5l5tnqd3qyjfc6embkkjkmer/app.bsky.feed.post/3mfwsbiy4n22a,bafyreidkgq6tda5hn4w7fyd52tahvh5xq2qskr6oq76wimuhmqt2zwyc4a,did:plc:5l5tnqd3qyjfc6embkkjkmer,alexandraisobel.bsky.social,,
11e4ab54e4cd4173b263bb7d770b47b6,2026-03-01T05:00:00Z,2026-03-01T05:19:33Z,auth,auth_enUS_labelerexp,at://did:plc:qywyjbhivdo4b333ilkf2zsh/app.bsky.feed.generator/aaadbjz6gsg6c,suggested_labelerexp,44,at://did:plc:5l5tnqd3qyjfc6embkkjkmer/app.bsky.feed.post/3mfws6b3nt22a,bafyreib4oeihh34hvujyne4f5yyl4mz72vvksi3glsjfta3o2a26ofrdya,did:plc:5l5tnqd3qyjfc6embkkjkmer,alexandraisobel.bsky.social,,
11e4ab54e4cd4173b263bb7d770b47b6,2026-03-01T05:00:00Z,2026-03-01T05:19:33Z,auth,auth_enUS_labelerexp,at://did:plc:qywyjbhivdo4b333ilkf2zsh/app.bsky.feed.generator/aaadbjz6gsg6c,suggested_labelerexp,45,at://did:plc:djvz2zfvrredpeecyup2vypf/app.bsky.feed.post/3mfwr6sopa225,bafyreidqlfp54zafs6lbovg5yoejdzokqbryirjn7bn65k2hrofsddiiku,did:plc:djvz2zfvrredpeecyup2vypf,vjallison1974.bsky.social,,
11e4ab54e4cd4173b263bb7d770b47b6,2026-03-01T05:00:00Z,2026-03-01T05:19:33Z,auth,auth_enUS_labelerexp,at://did:plc:qywyjbhivdo4b333ilkf2zsh/app.bsky.feed.generator/aaadbjz6gsg6c,suggested_labelerexp,46,at://did:plc:mtvlym72pulh7qaoy7qymnqh/app.bsky.feed.post/3mfwpwgy74s2w,bafyreidu3kdngi76coxijsgmozqmqxysrnxxn5yrfeqo7lrl56fglfb2zy,did:plc:mtvlym72pulh7qaoy7qymnqh,emorin.ca,,
11e4ab54e4cd4173b263bb7d770b47b6,2026-03-01T05:00:00Z,2026-03-01T05:19:33Z,auth,auth_enUS_labelerexp,at://did:plc:qywyjbhivdo4b333ilkf2zsh/app.bsky.feed.generator/aaadbjz6gsg6c,suggested_labelerexp,47,at://did:plc:rkcrvgnbburbj2rjsheukace/app.bsky.feed.post/3mfwpcupzxs2d,bafyreidw33l5hkmkn7j6dmvqddulilqriwcbc7dpxriilmmmdtpwtw7iou,did:plc:rkcrvgnbburbj2rjsheukace,brigidtfinn.bsky.social,,
11e4ab54e4cd4173b263bb7d770b47b6,2026-03-01T05:00:00Z,2026-03-01T05:19:33Z,auth,auth_enUS_labelerexp,at://did:plc:qywyjbhivdo4b333ilkf2zsh/app.bsky.feed.generator/aaadbjz6gsg6c,suggested_labelerexp,48,at://did:plc:56wwhpdhpmk44untnrq4w5wl/app.bsky.feed.post/3mfwpahsu672r,bafyreighcyzeh3r3tj3rtjipf4mkvehev7752owbvrci2jhyfm5zbkwgxi,did:plc:56wwhpdhpmk44untnrq4w5wl,alliemccormackk.bsky.social,,
11e4ab54e4cd4173b263bb7d770b47b6,2026-03-01T05:00:00Z,2026-03-01T05:19:33Z,auth,auth_enUS_labelerexp,at://did:plc:qywyjbhivdo4b333ilkf2zsh/app.bsky.feed.generator/aaadbjz6gsg6c,suggested_labelerexp,49,at://did:plc:bpzlyp7srrdmh23su2hyshij/app.bsky.feed.post/3mfwpa4gvoc2g,bafyreihrb7dbrqcn6wgihahir5hnhegczhafvrk3x6trf2g6xtfxl3pcr4,did:plc:bpzlyp7srrdmh23su2hyshij,veronicascott.bsky.social,,
11e4ab54e4cd4173b263bb7d770b47b6,2026-03-01T05:00:00Z,2026-03-01T05:19:33Z,auth,auth_enUS_labelerexp,at://did:plc:qywyjbhivdo4b333ilkf2zsh/app.bsky.feed.generator/aaadbjz6gsg6c,suggested_labelerexp,50,at://did:plc:vt7nejcgdig7rm2gjoz3gooy/app.bsky.feed.post/3mfwp4mhjpc2m,bafyreibmge6v532tloz4fbphggplvomsecffvygoj3wkqz23idvfsjn6vm,did:plc:vt7nejcgdig7rm2gjoz3gooy,kyonajiles-author.bsky.social,,
11e4ab54e4cd4173b263bb7d770b47b6,2026-03-01T05:00:00Z,2026-03-01T05:19:35Z,auth,auth_enUS_labelerexp,at://did:plc:vpkhqolt662uhesyj6nxm7ys/app.bsky.feed.generator/bestoffollows,suggested_labelerexp,1,at://did:plc:z72i7hdynmk6r22z27h6tvur/app.bsky.feed.post/3mfl45k3q6s2l,bafyreia3o227oth3caxgnl4jct4czzlg7dwjk2fgvs7x2gj5oqqyjqkhh4,did:plc:z72i7hdynmk6r22z27h6tvur,bsky.app,,
11e4ab54e4cd4173b263bb7d770b47b6,2026-03-01T05:00:00Z,2026-03-01T05:19:41Z,auth,auth_enUS_labelerexp,at://did:plc:z72i7hdynmk6r22z27h6tvur/app.bsky.feed.generator/bsky-team,suggested_labelerexp,1,at://did:plc:z72i7hdynmk6r22z27h6tvur/app.bsky.feed.post/3mfl45k3q6s2l,bafyreia3o227oth3caxgnl4jct4czzlg7dwjk2fgvs7x2gj5oqqyjqkhh4,did:plc:z72i7hdynmk6r22z27h6tvur,bsky.app,,
11e4ab54e4cd4173b263bb7d770b47b6,2026-03-01T05:00:00Z,2026-03-01T05:19:41Z,auth,auth_enUS_labelerexp,at://did:plc:z72i7hdynmk6r22z27h6tvur/app.bsky.feed.generator/bsky-team,suggested_labelerexp,2,at://did:plc:z72i7hdynmk6r22z27h6tvur/app.bsky.feed.post/3mfkhetnvdk2p,bafyreigvolkagzyeapwfi753otqonvnwvrm5shmg73chstkvkle2ax5twi,did:plc:z72i7hdynmk6r22z27h6tvur,bsky.app,,
11e4ab54e4cd4173b263bb7d770b47b6,2026-03-01T05:00:00Z,2026-03-01T05:19:41Z,auth,auth_enUS_labelerexp,at://did:plc:z72i7hdynmk6r22z27h6tvur/app.bsky.feed.generator/bsky-team,suggested_labelerexp,3,at://did:plc:ewvi7nxzyoun6zhxrhs64oiz/app.bsky.feed.post/3mf5pgwprik2b,bafyreibbkolgdqczpx2vy277ntiogrmxac6hyedh5prgqtgbhlihws25zu,did:plc:ewvi7nxzyoun6zhxrhs64oiz,atproto.com,,
11e4ab54e4cd4173b263bb7d770b47b6,2026-03-01T05:00:00Z,2026-03-01T05:19:41Z,auth,auth_enUS_labelerexp,at://did:plc:z72i7hdynmk6r22z27h6tvur/app.bsky.feed.generator/bsky-team,suggested_labelerexp,4,at://did:plc:z72i7hdynmk6r22z27h6tvur/app.bsky.feed.post/3mf32ydgqn223,bafyreidp7pvhsr33fpdyuzpmlnac3eweucurdyq7urr2omygzi26du2yqa,did:plc:z72i7hdynmk6r22z27h6tvur,bsky.app,,
11e4ab54e4cd4173b263bb7d770b47b6,2026-03-01T05:00:00Z,2026-03-01T05:19:41Z,auth,auth_enUS_labelerexp,at://did:plc:z72i7hdynmk6r22z27h6tvur/app.bsky.feed.generator/bsky-team,suggested_labelerexp,5,at://did:plc:ewvi7nxzyoun6zhxrhs64oiz/app.bsky.feed.post/3mf2y35apvc2i,bafyreifbqmtzrs5ghefh2iuc32w3w4dwh6x2usbqyaux7x3jbeylcwaypi,did:plc:ewvi7nxzyoun6zhxrhs64oiz,atproto.com,,
11e4ab54e4cd4173b263bb7d770b47b6,2026-03-01T05:00:00Z,2026-03-01T05:19:41Z,auth,auth_enUS_labelerexp,at://did:plc:z72i7hdynmk6r22z27h6tvur/app.bsky.feed.generator/bsky-team,suggested_labelerexp,6,at://did:plc:eon2iu7v3x2ukgxkqaf7e5np/app.bsky.feed.post/3mepvqwqlqs23,bafyreihu3otq4zk3u2bxdkcjwywyargp3lgevryrqzqetaxqepvokwfjmi,did:plc:eon2iu7v3x2ukgxkqaf7e5np,safety.bsky.app,,
11e4ab54e4cd4173b263bb7d770b47b6,2026-03-01T05:00:00Z,2026-03-01T05:19:41Z,auth,auth_enUS_labelerexp,at://did:plc:z72i7hdynmk6r22z27h6tvur/app.bsky.feed.generator/bsky-team,suggested_labelerexp,7,at://did:plc:eon2iu7v3x2ukgxkqaf7e5np/app.bsky.feed.post/3men5vapkl22y,bafyreiesfecq2l22bk5vgisdwaz6ljcn62akxkxw22e5kklbqxbf3gotzm,did:plc:eon2iu7v3x2ukgxkqaf7e5np,safety.bsky.app,,
11e4ab54e4cd4173b263bb7d770b47b6,2026-03-01T05:00:00Z,2026-03-01T05:19:41Z,auth,auth_enUS_labelerexp,at://did:plc:z72i7hdynmk6r22z27h6tvur/app.bsky.feed.generator/bsky-team,suggested_labelerexp,8,at://did:plc:z72i7hdynmk6r22z27h6tvur/app.bsky.feed.post/3mehkcsk62c2u,bafyreidt32ylvtpfjdspzg2yorbyite4ob3x4dx5pxj7f3lx5yxjrkyfyi,did:plc:z72i7hdynmk6r22z27h6tvur,bsky.app,,
11e4ab54e4cd4173b263bb7d770b47b6,2026-03-01T05:00:00Z,2026-03-01T05:19:41Z,auth,auth_enUS_labelerexp,at://did:plc:z72i7hdynmk6r22z27h6tvur/app.bsky.feed.generator/bsky-team,suggested_labelerexp,9,at://did:plc:z72i7hdynmk6r22z27h6tvur/app.bsky.feed.post/3mehbtjykb22n,bafyreicwiprywwzrpb3bpecodh2sw6hd7xzdeq4nylf66kuix65jevzuku,did:plc:z72i7hdynmk6r22z27h6tvur,bsky.app,,
11e4ab54e4cd4173b263bb7d770b47b6,2026-03-01T05:00:00Z,2026-03-01T05:19:41Z,auth,auth_enUS_labelerexp,at://did:plc:z72i7hdynmk6r22z27h6tvur/app.bsky.feed.generator/bsky-team,suggested_labelerexp,10,at://did:plc:z72i7hdynmk6r22z27h6tvur/app.bsky.feed.post/3mehblstckk2e,bafyreifq6u7lljh462yxkbl3aivqvw5v7gavk5lwr2mrfnnzzvbtplwwli,did:plc:z72i7hdynmk6r22z27h6tvur,bsky.app,,
11e4ab54e4cd4173b263bb7d770b47b6,2026-03-01T05:00:00Z,2026-03-01T05:19:41Z,auth,auth_enUS_labelerexp,at://did:plc:z72i7hdynmk6r22z27h6tvur/app.bsky.feed.generator/bsky-team,suggested_labelerexp,11,at://did:plc:z72i7hdynmk6r22z27h6tvur/app.bsky.feed.post/3mdni342e422l,bafyreicb2hko3q64i2lmsaqplzgephkugadpgis7sgae4wxzvy3fa4psdi,did:plc:z72i7hdynmk6r22z27h6tvur,bsky.app,,
