run_id,snapshot_hour_utc,captured_at_utc,viewer_mode,vantage_id,feed_uri,bucket,rank,post_uri,post_cid,author_did,author_handle,reason_type,reason_actor_did
5a4fbaa1726044bb8f8150f94d304608,2026-02-25T15:00:00Z,2026-02-25T15:14:09Z,auth,auth_enUS_labelerexp,at://did:plc:3sn6bogankaicebzdb7liro3/app.bsky.feed.generator/aaacjnrpfqxqg,suggested_labelerexp,1,at://did:plc:3sn6bogankaicebzdb7liro3/app.bsky.feed.post/3k3icg5ynmh2r,bafyreidwzmwwj2s4mhq64b7afyygzid4tqgauw2u3xnlndsldbupj4s3ne,did:plc:3sn6bogankaicebzdb7liro3,allyann.bsky.social,,
5a4fbaa1726044bb8f8150f94d304608,2026-02-25T15:00:00Z,2026-02-25T15:14:09Z,auth,auth_enUS_labelerexp,at://did:plc:3sn6bogankaicebzdb7liro3/app.bsky.feed.generator/aaacjnrpfqxqg,suggested_labelerexp,2,at://did:plc:cm2bohdzh4gplehfykbaebvs/app.bsky.feed.post/3mfowjw37xc24,bafyreifzds6jd42zgxchmpknqhy6emfc4v62uwwxdfn7jxrvsh4ia4onpe,did:plc:cm2bohdzh4gplehfykbaebvs,bluefuture.bsky.social,,
5a4fbaa1726044bb8f8150f94d304608,2026-02-25T15:00:00Z,2026-02-25T15:14:09Z,auth,auth_enUS_labelerexp,at://did:plc:3sn6bogankaicebzdb7liro3/app.bsky.feed.generator/aaacjnrpfqxqg,suggested_labelerexp,3,at://did:plc:44sbtatqqeqwv6jlnhkx7zkj/app.bsky.feed.post/3mfowjlxc2o26,bafyreihpo3mjoge32qmqjtj6cyjwyb4har3uitqkulycpkqrtoecf4pfre,did:plc:44sbtatqqeqwv6jlnhkx7zkj,alliance-org.bsky.social,,
5a4fbaa1726044bb8f8150f94d304608,2026-02-25T15:00:00Z,2026-02-25T15:14:09Z,auth,auth_enUS_labelerexp,at://did:plc:3sn6bogankaicebzdb7liro3/app.bsky.feed.generator/aaacjnrpfqxqg,suggested_labelerexp,4,at://did:plc:m36esphvquaegbt325hafvlo/app.bsky.feed.post/3mfowcxs2uc27,bafyreigwpdvirxyg5rzxotk5fghkofnawnoeufcgybae3kri52lx6rhkmy,did:plc:m36esphvquaegbt325hafvlo,kristina-twilt.bsky.social,,
5a4fbaa1726044bb8f8150f94d304608,2026-02-25T15:00:00Z,2026-02-25T15:14:09Z,auth,auth_enUS_labelerexp,at://did:plc:3sn6bogankaicebzdb7liro3/app.bsky.feed.generator/aaacjnrpfqxqg,suggested_labelerexp,5,at://did:plc:nbgbuqshwxwcvjb6znpveg2t/app.bsky.feed.post/3mfowcd2aoc2p,bafyreiae7w4x44yu4ukg43qibt6lonlvkxic5urufa3hogudf55saw2uz4,did:plc:nbgbuqshwxwcvjb6znpveg2t,theconnasseur.bsky.social,,
5a4fbaa1726044bb8f8150f94d304608,2026-02-25T15:00:00Z,2026-02-25T15:14:09Z,auth,auth_enUS_labelerexp,at://did:plc:3sn6bogankaicebzdb7liro3/app.bsky.feed.generator/aaacjnrpfqxqg,suggested_labelerexp,6,at://did:plc:uesvyhhnnx37umapl4mkwhul/app.bsky.feed.post/3mfowbyhlr22l,bafyreidfl3t7e2krbb7swbltyi5yjcmkuk6vd7gr4wulem5phnnynnfode,did:plc:uesvyhhnnx37umapl4mkwhul,brownedbutter.blacksky.app,,
5a4fbaa1726044bb8f8150f94d304608,2026-02-25T15:00:00Z,2026-02-25T15:14:09Z,auth,auth_enUS_labelerexp,at://did:plc:3sn6bogankaicebzdb7liro3/app.bsky.feed.generator/aaacjnrpfqxqg,suggested_labelerexp,7,at://did:plc:brq4dthiw4vxtyknmcjjj535/app.bsky.feed.post/3mfow4z4pp22y,bafyreicx3njjznytzk4m2yb6rfzagbrz44hzil5wkadlnxss4gowzu6bpi,did:plc:brq4dthiw4vxtyknmcjjj535,rustbeltrebel.bsky.social,,
5a4fbaa1726044bb8f8150f94d304608,2026-02-25T15:00:00Z,2026-02-25T15:14:09Z,auth,auth_enUS_labelerexp,at://did:plc:3sn6bogankaicebzdb7liro3/app.bsky.feed.generator/aaacjnrpfqxqg,suggested_labelerexp,8,at://did:plc:mgmhi3ezqbbzbsjv7rfsk2lv/app.bsky.feed.post/3mfow2dgdtk2l,bafyreib4bfzzyba55axvd4p2it52gyocp6xiu6cbhkuwyfmj7xcdnu2lce,did:plc:mgmhi3ezqbbzbsjv7rfsk2lv,dmvaugha.bsky.social,,
5a4fbaa1726044bb8f8150f94d304608,2026-02-25T15:00:00Z,2026-02-25T15:14:09Z,auth,auth_enUS_labelerexp,at://did:plc:3sn6bogankaicebzdb7liro3/app.bsky.feed.generator/aaacjnrpfqxqg,suggested_labelerexp,9,at://did:plc:stus27vr2osieznvyxdeojjg/app.bsky.feed.post/3mfovs7ni4k2c,bafyreign5hinnv3lzfdcn5i2zdxz7zlozemljjrzwknlifmbndqmaisiqa,did:plc:stus27vr2osieznvyxdeojjg,thetrans-parent.bsky.social,,
5a4fbaa1726044bb8f8150f94d304608,2026-02-25T15:00:00Z,2026-02-25T15:14:09Z,auth,auth_enUS_labelerexp,at://did:plc:3sn6bogankaicebzdb7liro3/app.bsky.feed.generator/aaacjnrpfqxqg,suggested_labelerexp,10,at://did:plc:qpiocwmk3qwy72mh325aktss/app.bsky.feed.post/3mfovpgzsvs2c,bafyreiexyxkpaimydich7fztc26necru6r3qob4ban4nlvjk2dmkhvlde4,did:plc:qpiocwmk3qwy72mh325aktss,shourailive.com,,
5a4fbaa1726044bb8f8150f94d304608,2026-02-25T15:00:00Z,2026-02-25T15:14:09Z,auth,auth_enUS_labelerexp,at://did:plc:3sn6bogankaicebzdb7liro3/app.bsky.feed.generator/aaacjnrpfqxqg,suggested_labelerexp,11,at://did:plc:bydv723peqxvialb44vrm455/app.bsky.feed.post/3mfovm5kt6n2v,bafyreifk7ecs7wldixud2jafamuvoa7zxh256jkdyapq2z6hchsbof22oe,did:plc:bydv723peqxvialb44vrm455,wedge.live,,
5a4fbaa1726044bb8f8150f94d304608,2026-02-25T15:00:00Z,2026-02-25T15:14:09Z,auth,auth_enUS_labelerexp,at://did:plc:3sn6bogankaicebzdb7liro3/app.bsky.feed.generator/aaacjnrpfqxqg,suggested_labelerexp,12,at://did:plc:ox5ghlxqrvrh6b6a3tihsagt/app.bsky.feed.post/3mfovjda7v22r,bafyreibr7eko57lzyhvysjxenvzxzlw4ra4hsl4lkl4gvp6no25jleeszi,did:plc:ox5ghlxqrvrh6b6a3tihsagt,deque.com,,
5a4fbaa1726044bb8f8150f94d304608,2026-02-25T15:00:00Z,2026-02-25T15:14:09Z,auth,auth_enUS_labelerexp,at://did:plc:3sn6bogankaicebzdb7liro3/app.bsky.feed.generator/aaacjnrpfqxqg,suggested_labelerexp,13,at://did:plc:aaanv5mnnkgskjnneywdvzwp/app.bsky.feed.post/3mfovipw4lk25,bafyreigfunhx43osjwsgaragev67bwn5x4xfjfsfspisybcki5knmlp5fm,did:plc:aaanv5mnnkgskjnneywdvzwp,panamajovi.blacksky.app,,
5a4fbaa1726044bb8f8150f94d304608,2026-02-25T15:00:00Z,2026-02-25T15:14:09Z,auth,auth_enUS_labelerexp,at://did:plc:3sn6bogankaicebzdb7liro3/app.bsky.feed.generator/aaacjnrpfqxqg,suggested_labelerexp,14,at://did:plc:kmd3ofxk56mmj53nyark2jg3/app.bsky.feed.post/3mfovhr5hhy2e,bafyreicrmbv4zogimawzqm7dlxg6fvmkpwhgr7atdplyug7t527j2oa2qy,did:plc:kmd3ofxk56mmj53nyark2jg3,achronicvoice.com,,
5a4fbaa1726044bb8f8150f94d304608,2026-02-25T15:00:00Z,2026-02-25T15:14:09Z,auth,auth_enUS_labelerexp,at://did:plc:3sn6bogankaicebzdb7liro3/app.bsky.feed.generator/aaacjnrpfqxqg,suggested_labelerexp,15,at://did:plc:wonrxml4kfrz7gnok6kciy6j/app.bsky.feed.post/3mfovfbqyus2z,bafyreicdq2q5xbal2pge2utmhc73uotgmzfgkhismhetnhicrjml7a6tge,did:plc:wonrxml4kfrz7gnok6kciy6j,xirclebox.com,,
5a4fbaa1726044bb8f8150f94d304608,2026-02-25T15:00:00Z,2026-02-25T15:14:09Z,auth,auth_enUS_labelerexp,at://did:plc:3sn6bogankaicebzdb7liro3/app.bsky.feed.generator/aaacjnrpfqxqg,suggested_labelerexp,16,at://did:plc:nbpbnkqsvr6rlilkxiheyelb/app.bsky.feed.post/3mfovdqh5o22i,bafyreicfb5hsjp6uvozek3ty5aieqj3h4a623sr6ocbov6rziji2xgw6e4,did:plc:nbpbnkqsvr6rlilkxiheyelb,tazziedaze.bsky.social,,
5a4fbaa1726044bb8f8150f94d304608,2026-02-25T15:00:00Z,2026-02-25T15:14:09Z,auth,auth_enUS_labelerexp,at://did:plc:3sn6bogankaicebzdb7liro3/app.bsky.feed.generator/aaacjnrpfqxqg,suggested_labelerexp,17,at://did:plc:7graidzxpu34ehsmirqguajb/app.bsky.feed.post/3mfovbpc4xk2z,bafyreidtsnv76f43criivicahuokmxlydsrxk6isn24el2lplsglqdxati,did:plc:7graidzxpu34ehsmirqguajb,danieloconnell.bsky.social,,
5a4fbaa1726044bb8f8150f94d304608,2026-02-25T15:00:00Z,2026-02-25T15:14:09Z,auth,auth_enUS_labelerexp,at://did:plc:3sn6bogankaicebzdb7liro3/app.bsky.feed.generator/aaacjnrpfqxqg,suggested_labelerexp,18,at://did:plc:udnikfhc2eg2gc3rncipsks6/app.bsky.feed.post/3mfovbfrun22u,bafyreigowji4liltk6xhkxs2prybbrcmobdmi6wbxp7ny7yollhvugsq2q,did:plc:udnikfhc2eg2gc3rncipsks6,alexanotherone.bsky.social,,
5a4fbaa1726044bb8f8150f94d304608,2026-02-25T15:00:00Z,2026-02-25T15:14:09Z,auth,auth_enUS_labelerexp,at://did:plc:3sn6bogankaicebzdb7liro3/app.bsky.feed.generator/aaacjnrpfqxqg,suggested_labelerexp,19,at://did:plc:ocnmqlttnckdg4i7rhpktntm/app.bsky.feed.post/3mfova35x4s2e,bafyreiddb6mmixgmuxgei7yj4brnq4ipcic66lylma7lmpuwzaxpgf4po4,did:plc:ocnmqlttnckdg4i7rhpktntm,dee-hunny.bsky.social,,
5a4fbaa1726044bb8f8150f94d304608,2026-02-25T15:00:00Z,2026-02-25T15:14:09Z,auth,auth_enUS_labelerexp,at://did:plc:3sn6bogankaicebzdb7liro3/app.bsky.feed.generator/aaacjnrpfqxqg,suggested_labelerexp,20,at://did:plc:no57tfbw3xchktz3y3vmjmdj/app.bsky.feed.post/3mfov5k4yjc2a,bafyreih5lsufkdpyjc5t6ydrqxf6bv6mdhtmzqnuado4nu35khgw3zmlgm,did:plc:no57tfbw3xchktz3y3vmjmdj,cottagecorecoward.bsky.social,,
5a4fbaa1726044bb8f8150f94d304608,2026-02-25T15:00:00Z,2026-02-25T15:14:09Z,auth,auth_enUS_labelerexp,at://did:plc:3sn6bogankaicebzdb7liro3/app.bsky.feed.generator/aaacjnrpfqxqg,suggested_labelerexp,21,at://did:plc:bixmj34gi7pnihnoi65vhfai/app.bsky.feed.post/3mfov37dcuc2y,bafyreigxsce3qhygplmfz4sv2a3z3louleeotjl6xajq6badsnzbygejkm,did:plc:bixmj34gi7pnihnoi65vhfai,rashidlrlcsb.bsky.social,,
5a4fbaa1726044bb8f8150f94d304608,2026-02-25T15:00:00Z,2026-02-25T15:14:09Z,auth,auth_enUS_labelerexp,at://did:plc:3sn6bogankaicebzdb7liro3/app.bsky.feed.generator/aaacjnrpfqxqg,suggested_labelerexp,22,at://did:plc:ethlqkxlg2nsfdtsh7rgrmq3/app.bsky.feed.post/3mfov2yaj2c23,bafyreidb76odhbvfniaaj7sfwpubiavoxhvmo5rxxbo22sdhpukh35raui,did:plc:ethlqkxlg2nsfdtsh7rgrmq3,tomilaffly.bsky.social,,
5a4fbaa1726044bb8f8150f94d304608,2026-02-25T15:00:00Z,2026-02-25T15:14:09Z,auth,auth_enUS_labelerexp,at://did:plc:3sn6bogankaicebzdb7liro3/app.bsky.feed.generator/aaacjnrpfqxqg,suggested_labelerexp,23,at://did:plc:kgqmlzpktggtkccktyhtjosv/app.bsky.feed.post/3mfov2pepyk2w,bafyreietoclqqshz3mctju3qhsxqape6e5rjjawpwbiebe5oumu5ekdk7y,did:plc:kgqmlzpktggtkccktyhtjosv,padempolicy.bsky.social,,
5a4fbaa1726044bb8f8150f94d304608,2026-02-25T15:00:00Z,2026-02-25T15:14:09Z,auth,auth_enUS_labelerexp,at://did:plc:3sn6bogankaicebzdb7liro3/app.bsky.feed.generator/aaacjnrpfqxqg,suggested_labelerexp,24,at://did:plc:jdfrwnxb4hyszns43llsgh6m/app.bsky.feed.post/3mfouuiwzks2p,bafyreiblguciyvrsrm4gz5ib4okejcivrikhqdekdf6ehceokddenk2k7e,did:plc:jdfrwnxb4hyszns43llsgh6m,jrdpa.bsky.social,,
5a4fbaa1726044bb8f8150f94d304608,2026-02-25T15:00:00Z,2026-02-25T15:14:09Z,auth,auth_enUS_labelerexp,at://did:plc:3sn6bogankaicebzdb7liro3/app.bsky.feed.generator/aaacjnrpfqxqg,suggested_labelerexp,25,at://did:plc:qpiocwmk3qwy72mh325aktss/app.bsky.feed.post/3mfoupvwinc2q,bafyreigxvm2o2b5ynstobbryu2qwwf4iaps5ygxyurar3kukldryt7zdkq,did:plc:qpiocwmk3qwy72mh325aktss,shourailive.com,,
5a4fbaa1726044bb8f8150f94d304608,2026-02-25T15:00:00Z,2026-02-25T15:14:09Z,auth,auth_enUS_labelerexp,at://did:plc:3sn6bogankaicebzdb7liro3/app.bsky.feed.generator/aaacjnrpfqxqg,suggested_labelerexp,26,at://did:plc:bzkx32ffqagy64mknvvd4t46/app.bsky.feed.post/3mfoupuh32s2c,bafyreidfwby7q5nuqlttbpdnxrjiucmj77jl2kqukdec2vxpj7wxxgmvee,did:plc:bzkx32ffqagy64mknvvd4t46,shortfem.bsky.social,,
5a4fbaa1726044bb8f8150f94d304608,2026-02-25T15:00:00Z,2026-02-25T15:14:09Z,auth,auth_enUS_labelerexp,at://did:plc:3sn6bogankaicebzdb7liro3/app.bsky.feed.generator/aaacjnrpfqxqg,suggested_labelerexp,27,at://did:plc:nyedqd7qhobtsxrwuecjxzz5/app.bsky.feed.post/3mfoujnyxws25,bafyreifrloucz6nv4wzs3bobln6vyxbph5dzh55vuubdrrh3rhdqqddwai,did:plc:nyedqd7qhobtsxrwuecjxzz5,desireewhite.bsky.social,,
5a4fbaa1726044bb8f8150f94d304608,2026-02-25T15:00:00Z,2026-02-25T15:14:09Z,auth,auth_enUS_labelerexp,at://did:plc:3sn6bogankaicebzdb7liro3/app.bsky.feed.generator/aaacjnrpfqxqg,suggested_labelerexp,28,at://did:plc:klkyqsrn5227ebeecr5q7qbt/app.bsky.feed.post/3mfouj5dhoc2g,bafyreihevbhebgzlrwuco3c6qzz2afeohujpgynwggyae374dmedzmo7y4,did:plc:klkyqsrn5227ebeecr5q7qbt,capucinep.bsky.social,,
5a4fbaa1726044bb8f8150f94d304608,2026-02-25T15:00:00Z,2026-02-25T15:14:09Z,auth,auth_enUS_labelerexp,at://did:plc:3sn6bogankaicebzdb7liro3/app.bsky.feed.generator/aaacjnrpfqxqg,suggested_labelerexp,29,at://did:plc:fiq6xbfayxidwidppw2jui3p/app.bsky.feed.post/3mfougzwvvs2i,bafyreib2yn2ulejkrzsrpmtwb4dys67uuzbqj2itn4aphwnbvqf4flhx7i,did:plc:fiq6xbfayxidwidppw2jui3p,nihildev.bsky.social,,
5a4fbaa1726044bb8f8150f94d304608,2026-02-25T15:00:00Z,2026-02-25T15:14:09Z,auth,auth_enUS_labelerexp,at://did:plc:3sn6bogankaicebzdb7liro3/app.bsky.feed.generator/aaacjnrpfqxqg,suggested_labelerexp,30,at://did:plc:vl6tdwpsa4hkksqje7flmplc/app.bsky.feed.post/3mfouabwnjk2g,bafyreiecqnuhaliuyvnekhmvir7bau6jzk72ioxlnzh2l3fkrrfp4ba2ci,did:plc:vl6tdwpsa4hkksqje7flmplc,homebodymedia.bsky.social,,
5a4fbaa1726044bb8f8150f94d304608,2026-02-25T15:00:00Z,2026-02-25T15:14:09Z,auth,auth_enUS_labelerexp,at://did:plc:3sn6bogankaicebzdb7liro3/app.bsky.feed.generator/aaacjnrpfqxqg,suggested_labelerexp,31,at://did:plc:2hnzhirecrohje2n4micsqsb/app.bsky.feed.post/3mfou3dp3ds2r,bafyreienigelr6izol6nal3lvkquz5k7hqu2fq7btdsvqp25psjynfmhoi,did:plc:2hnzhirecrohje2n4micsqsb,redeyedjedi.bsky.social,,
5a4fbaa1726044bb8f8150f94d304608,2026-02-25T15:00:00Z,2026-02-25T15:14:09Z,auth,auth_enUS_labelerexp,at://did:plc:3sn6bogankaicebzdb7liro3/app.bsky.feed.generator/aaacjnrpfqxqg,suggested_labelerexp,32,at://did:plc:smsp72fu544qtegqo7grja4k/app.bsky.feed.post/3mfou326aw22j,bafyreiahvqpdspm6gqtmznel3236icgxwrlkvowvt5h22ytskexz3utmt4,did:plc:smsp72fu544qtegqo7grja4k,golisanoddnursing.bsky.social,,
5a4fbaa1726044bb8f8150f94d304608,2026-02-25T15:00:00Z,2026-02-25T15:14:09Z,auth,auth_enUS_labelerexp,at://did:plc:3sn6bogankaicebzdb7liro3/app.bsky.feed.generator/aaacjnrpfqxqg,suggested_labelerexp,33,at://did:plc:iobvbvp53an2z2uvc5qgpdm4/app.bsky.feed.post/3mfotxxbv4l27,bafyreierzdbyb3kfohf5vrygmew3l6k4zz7xxynajhmre3whtcsz7ft5jq,did:plc:iobvbvp53an2z2uvc5qgpdm4,iaaporg.bsky.social,,
5a4fbaa1726044bb8f8150f94d304608,2026-02-25T15:00:00Z,2026-02-25T15:14:09Z,auth,auth_enUS_labelerexp,at://did:plc:3sn6bogankaicebzdb7liro3/app.bsky.feed.generator/aaacjnrpfqxqg,suggested_labelerexp,34,at://did:plc:cduos5cht5oxabzn7oma7a6q/app.bsky.feed.post/3mfotxp6dz22u,bafyreidkefoli2b7pfwdsy4bfdkpcd4eykpklurtu6nqxytdwimadjahfq,did:plc:cduos5cht5oxabzn7oma7a6q,teflonslinky.bsky.social,,
5a4fbaa1726044bb8f8150f94d304608,2026-02-25T15:00:00Z,2026-02-25T15:14:09Z,auth,auth_enUS_labelerexp,at://did:plc:3sn6bogankaicebzdb7liro3/app.bsky.feed.generator/aaacjnrpfqxqg,suggested_labelerexp,35,at://did:plc:7jt7vhyqasbys3kgnys4zfcu/app.bsky.feed.post/3mfotxhsn222g,bafyreidydo2zupskhhbogo4m4o2jv5aysqoo6bnut5w7yowh4lkphmw6oe,did:plc:7jt7vhyqasbys3kgnys4zfcu,grief-enduring.bsky.social,,
5a4fbaa1726044bb8f8150f94d304608,2026-02-25T15:00:00Z,2026-02-25T15:14:09Z,auth,auth_enUS_labelerexp,at://did:plc:3sn6bogankaicebzdb7liro3/app.bsky.feed.generator/aaacjnrpfqxqg,suggested_labelerexp,36,at://did:plc:fgvedrgmhpvzcsw3ts3uimgr/app.bsky.feed.post/3mfotvmrc2k2h,bafyreicocg7vdsnacvc7oriuhhsqhdqoifeoasdv2rvt3ezomcakks522q,did:plc:fgvedrgmhpvzcsw3ts3uimgr,lockheart.bsky.social,,
5a4fbaa1726044bb8f8150f94d304608,2026-02-25T15:00:00Z,2026-02-25T15:14:09Z,auth,auth_enUS_labelerexp,at://did:plc:3sn6bogankaicebzdb7liro3/app.bsky.feed.generator/aaacjnrpfqxqg,suggested_labelerexp,37,at://did:plc:6ev7fwcahm67n53gdjbxfrbf/app.bsky.feed.post/3mfotvdw4f22e,bafyreibz5urf57e2udsd6h7rw52n76fgcaj5vpaajhhfbu5bvzqslhrqhi,did:plc:6ev7fwcahm67n53gdjbxfrbf,a11ynews.bsky.social,,
5a4fbaa1726044bb8f8150f94d304608,2026-02-25T15:00:00Z,2026-02-25T15:14:09Z,auth,auth_enUS_labelerexp,at://did:plc:3sn6bogankaicebzdb7liro3/app.bsky.feed.generator/aaacjnrpfqxqg,suggested_labelerexp,38,at://did:plc:heelm6fiba7rqbmt3erppk54/app.bsky.feed.post/3mfotvcn6dx2v,bafyreidpp3ooddd7fc3e3fn4ze2bgev2lepprylojlxtiragkn5sp6g6xq,did:plc:heelm6fiba7rqbmt3erppk54,discojourno.bsky.social,,
5a4fbaa1726044bb8f8150f94d304608,2026-02-25T15:00:00Z,2026-02-25T15:14:09Z,auth,auth_enUS_labelerexp,at://did:plc:3sn6bogankaicebzdb7liro3/app.bsky.feed.generator/aaacjnrpfqxqg,suggested_labelerexp,39,at://did:plc:i6npy2ctoqgzs2lrwf63uotz/app.bsky.feed.post/3mfotuhu5xq2k,bafyreibgt2aywtbce3ddsfzs5lpi7i2d7amogg336jgnmfxuhbdf34lkna,did:plc:i6npy2ctoqgzs2lrwf63uotz,patriciadudek.bsky.social,,
5a4fbaa1726044bb8f8150f94d304608,2026-02-25T15:00:00Z,2026-02-25T15:14:09Z,auth,auth_enUS_labelerexp,at://did:plc:3sn6bogankaicebzdb7liro3/app.bsky.feed.generator/aaacjnrpfqxqg,suggested_labelerexp,40,at://did:plc:oxsah26zog3bsd77uvlacjlp/app.bsky.feed.post/3mfotu5o5pt27,bafyreihlw6zwy5ta75qr5i7vyvltpzuv2tcfzsyqwk7opx5kwuonm7rnxq,did:plc:oxsah26zog3bsd77uvlacjlp,deconspray.bsky.social,,
5a4fbaa1726044bb8f8150f94d304608,2026-02-25T15:00:00Z,2026-02-25T15:14:09Z,auth,auth_enUS_labelerexp,at://did:plc:3sn6bogankaicebzdb7liro3/app.bsky.feed.generator/aaacjnrpfqxqg,suggested_labelerexp,41,at://did:plc:vqoz7i6ke7vi3xfdhwouwjbw/app.bsky.feed.post/3mfotpzlpdy2s,bafyreihvwrtld3vyshcippcezwu3i27y736jk3a7wnbyrpwqiz3u7fywpe,did:plc:vqoz7i6ke7vi3xfdhwouwjbw,brickfield.bsky.social,,
5a4fbaa1726044bb8f8150f94d304608,2026-02-25T15:00:00Z,2026-02-25T15:14:09Z,auth,auth_enUS_labelerexp,at://did:plc:3sn6bogankaicebzdb7liro3/app.bsky.feed.generator/aaacjnrpfqxqg,suggested_labelerexp,42,at://did:plc:xqkxcugy4mdmzgdenh5w2gvd/app.bsky.feed.post/3mfotpswysk2z,bafyreigwucn7vkao57xxv2av25y27lck23ucisvj5vxcqsekzavr2wplwm,did:plc:xqkxcugy4mdmzgdenh5w2gvd,perpetualssence.bsky.social,,
5a4fbaa1726044bb8f8150f94d304608,2026-02-25T15:00:00Z,2026-02-25T15:14:09Z,auth,auth_enUS_labelerexp,at://did:plc:3sn6bogankaicebzdb7liro3/app.bsky.feed.generator/aaacjnrpfqxqg,suggested_labelerexp,43,at://did:plc:nyk35u4tbfv2jj5bkdc2rh2n/app.bsky.feed.post/3mfotmp63xc2x,bafyreifze4ypdw4qqnupgv45iegncuapoo26hxbdt7evl3ogmjl6s4b57m,did:plc:nyk35u4tbfv2jj5bkdc2rh2n,playoppidum.com,,
5a4fbaa1726044bb8f8150f94d304608,2026-02-25T15:00:00Z,2026-02-25T15:14:09Z,auth,auth_enUS_labelerexp,at://did:plc:3sn6bogankaicebzdb7liro3/app.bsky.feed.generator/aaacjnrpfqxqg,suggested_labelerexp,44,at://did:plc:jhdlkk6zxtpbm3lrlb3rk3dc/app.bsky.feed.post/3mfotdybtrs2x,bafyreigwmjt76qd6nkxnltllqpqsm3rj5otycjs2vsxxh3tebbiusmnch4,did:plc:jhdlkk6zxtpbm3lrlb3rk3dc,autisticventing.bsky.social,,
5a4fbaa1726044bb8f8150f94d304608,2026-02-25T15:00:00Z,2026-02-25T15:14:09Z,auth,auth_enUS_labelerexp,at://did:plc:3sn6bogankaicebzdb7liro3/app.bsky.feed.generator/aaacjnrpfqxqg,suggested_labelerexp,45,at://did:plc:cb5gk7tu5oiwrztbnmrpbpjc/app.bsky.feed.post/3mfotde4djs2j,bafyreiey37tlf4sy4ei4wh3luhpmvbtknrr276vju357kpcqpxi7udx72y,did:plc:cb5gk7tu5oiwrztbnmrpbpjc,yvetted16.bsky.social,,
5a4fbaa1726044bb8f8150f94d304608,2026-02-25T15:00:00Z,2026-02-25T15:14:09Z,auth,auth_enUS_labelerexp,at://did:plc:3sn6bogankaicebzdb7liro3/app.bsky.feed.generator/aaacjnrpfqxqg,suggested_labelerexp,46,at://did:plc:yz65t656umvvrkzgvc3gu7sp/app.bsky.feed.post/3mfot7n7qbp2e,bafyreids37dxxnojtuamhlrpqaf6trr2ispn5fddtqo2gjizr6rg5zlw3u,did:plc:yz65t656umvvrkzgvc3gu7sp,railadvent.bsky.social,,
5a4fbaa1726044bb8f8150f94d304608,2026-02-25T15:00:00Z,2026-02-25T15:14:09Z,auth,auth_enUS_labelerexp,at://did:plc:3sn6bogankaicebzdb7liro3/app.bsky.feed.generator/aaacjnrpfqxqg,suggested_labelerexp,47,at://did:plc:ln64ikjg6qe4wf2hcoykfgae/app.bsky.feed.post/3mfosycvm3m2z,bafyreie22cdzm6kh5cc33wj4v27tsspz42s6artc5ekscv2e6tnmyoffbq,did:plc:ln64ikjg6qe4wf2hcoykfgae,citizenptnewsca.bsky.social,,
5a4fbaa1726044bb8f8150f94d304608,2026-02-25T15:00:00Z,2026-02-25T15:14:09Z,auth,auth_enUS_labelerexp,at://did:plc:3sn6bogankaicebzdb7liro3/app.bsky.feed.generator/aaacjnrpfqxqg,suggested_labelerexp,48,at://did:plc:dwela3qelnc5jdh5qcx6iapx/app.bsky.feed.post/3mfosx6momk23,bafyreiatq4rybnit6vkn3rpezjw3kxtaug62lbafbvbjxh6t52bhpsgp7q,did:plc:dwela3qelnc5jdh5qcx6iapx,th3mav3rick.bsky.social,,
5a4fbaa1726044bb8f8150f94d304608,2026-02-25T15:00:00Z,2026-02-25T15:14:09Z,auth,auth_enUS_labelerexp,at://did:plc:3sn6bogankaicebzdb7liro3/app.bsky.feed.generator/aaacjnrpfqxqg,suggested_labelerexp,49,at://did:plc:v243in2e6hxzsan3ebmsom5g/app.bsky.feed.post/3mfoswwdbvb2k,bafyreidwazzpfwyrzbjn6n6ein5ozyzntvvsc4s3qwb27egvtclfvy56oi,did:plc:v243in2e6hxzsan3ebmsom5g,davengdesign.bsky.social,,
5a4fbaa1726044bb8f8150f94d304608,2026-02-25T15:00:00Z,2026-02-25T15:14:09Z,auth,auth_enUS_labelerexp,at://did:plc:3sn6bogankaicebzdb7liro3/app.bsky.feed.generator/aaacjnrpfqxqg,suggested_labelerexp,50,at://did:plc:nulnlaehugmuihhedekdiev4/app.bsky.feed.post/3mfosvesnh225,bafyreiewllqssvksuvk4dv7e337luhkhkrocyhf227dfcvfezc6ib2bks4,did:plc:nulnlaehugmuihhedekdiev4,sailorsoapbox.bsky.social,,
5a4fbaa1726044bb8f8150f94d304608,2026-02-25T15:00:00Z,2026-02-25T15:14:11Z,auth,auth_enUS_labelerexp,at://did:plc:4vjdrhro4bxoawbyjgixesij/app.bsky.feed.generator/aaadepeaxdboc,suggested_labelerexp,1,at://did:plc:4vjdrhro4bxoawbyjgixesij/app.bsky.feed.post/3mf44m475o22v,bafyreidoi4ymnh3mgt2ivwlacfvqfws2iv23bwqxqd7srpfruc3ahpvr4e,did:plc:4vjdrhro4bxoawbyjgixesij,flyingtrilobite.com,,
5a4fbaa1726044bb8f8150f94d304608,2026-02-25T15:00:00Z,2026-02-25T15:14:11Z,auth,auth_enUS_labelerexp,at://did:plc:4vjdrhro4bxoawbyjgixesij/app.bsky.feed.generator/aaadepeaxdboc,suggested_labelerexp,2,at://did:plc:dvmqpaw6qrrtmdi3evyvzbuc/app.bsky.feed.post/3mfoxth6jvs2x,bafyreidrfgukw6rczzadv3w2rrllpmwrytkwibpwhawrim74suldke3p5a,did:plc:dvmqpaw6qrrtmdi3evyvzbuc,tstld.bsky.social,,
5a4fbaa1726044bb8f8150f94d304608,2026-02-25T15:00:00Z,2026-02-25T15:14:11Z,auth,auth_enUS_labelerexp,at://did:plc:4vjdrhro4bxoawbyjgixesij/app.bsky.feed.generator/aaadepeaxdboc,suggested_labelerexp,3,at://did:plc:bcnz5cangvcqg3ylaq2gpwhk/app.bsky.feed.post/3mfox3zu7fe2h,bafyreianyf3vxmz6yscrrz64gv4zlti5apxxlhnaetdnv6kxnmzwukf34y,did:plc:bcnz5cangvcqg3ylaq2gpwhk,joyousjoyness.com,,
5a4fbaa1726044bb8f8150f94d304608,2026-02-25T15:00:00Z,2026-02-25T15:14:11Z,auth,auth_enUS_labelerexp,at://did:plc:4vjdrhro4bxoawbyjgixesij/app.bsky.feed.generator/aaadepeaxdboc,suggested_labelerexp,4,at://did:plc:zgfmkwqmb2zohvr3f46cfcwu/app.bsky.feed.post/3mfovjpx7d22q,bafyreihfee6bqjsd2u7iaj6udqs4r6cn3tmi5oep4iqyqb4ladtkzvjdpu,did:plc:zgfmkwqmb2zohvr3f46cfcwu,creatureweaver.bsky.social,,
5a4fbaa1726044bb8f8150f94d304608,2026-02-25T15:00:00Z,2026-02-25T15:14:11Z,auth,auth_enUS_labelerexp,at://did:plc:4vjdrhro4bxoawbyjgixesij/app.bsky.feed.generator/aaadepeaxdboc,suggested_labelerexp,5,at://did:plc:zqf4imnt5gmwrhmmbdzdexad/app.bsky.feed.post/3mfovbu3ozk27,bafyreibjqgzj7ftsorkr36sejotrrlql3tvhaebmkmpuvbhwcsbvveio54,did:plc:zqf4imnt5gmwrhmmbdzdexad,proteinimaging.bsky.social,,
5a4fbaa1726044bb8f8150f94d304608,2026-02-25T15:00:00Z,2026-02-25T15:14:11Z,auth,auth_enUS_labelerexp,at://did:plc:4vjdrhro4bxoawbyjgixesij/app.bsky.feed.generator/aaadepeaxdboc,suggested_labelerexp,6,at://did:plc:7jeeuig4bmwjze3htdj4tofv/app.bsky.feed.post/3mfouyoglyk2s,bafyreibykwsxs3aajukw34ekll2sqi2blwiv342davrpu2i7sgkykhjaqq,did:plc:7jeeuig4bmwjze3htdj4tofv,lazaroillustration.bsky.social,,
5a4fbaa1726044bb8f8150f94d304608,2026-02-25T15:00:00Z,2026-02-25T15:14:11Z,auth,auth_enUS_labelerexp,at://did:plc:4vjdrhro4bxoawbyjgixesij/app.bsky.feed.generator/aaadepeaxdboc,suggested_labelerexp,7,at://did:plc:7jeeuig4bmwjze3htdj4tofv/app.bsky.feed.post/3mfouygivtc2s,bafyreifsiips7wdm4cx4boam23zicx4hlvuuzzancxz3ul32ttpfjqovgq,did:plc:7jeeuig4bmwjze3htdj4tofv,lazaroillustration.bsky.social,,
5a4fbaa1726044bb8f8150f94d304608,2026-02-25T15:00:00Z,2026-02-25T15:14:11Z,auth,auth_enUS_labelerexp,at://did:plc:4vjdrhro4bxoawbyjgixesij/app.bsky.feed.generator/aaadepeaxdboc,suggested_labelerexp,8,at://did:plc:7jeeuig4bmwjze3htdj4tofv/app.bsky.feed.post/3mfouxxx6j22s,bafyreibommcerokholfdpdbwddslkjlssqbtwhoebe3orqu7ukdnsbonmu,did:plc:7jeeuig4bmwjze3htdj4tofv,lazaroillustration.bsky.social,,
5a4fbaa1726044bb8f8150f94d304608,2026-02-25T15:00:00Z,2026-02-25T15:14:11Z,auth,auth_enUS_labelerexp,at://did:plc:4vjdrhro4bxoawbyjgixesij/app.bsky.feed.generator/aaadepeaxdboc,suggested_labelerexp,9,at://did:plc:7jeeuig4bmwjze3htdj4tofv/app.bsky.feed.post/3mfouyechwc2s,bafyreid364jqjmvspdtzdiuwxcp6bbwnev4gq3ktm6axo5w7ec5ued6rme,did:plc:7jeeuig4bmwjze3htdj4tofv,lazaroillustration.bsky.social,,
5a4fbaa1726044bb8f8150f94d304608,2026-02-25T15:00:00Z,2026-02-25T15:14:11Z,auth,auth_enUS_labelerexp,at://did:plc:4vjdrhro4bxoawbyjgixesij/app.bsky.feed.generator/aaadepeaxdboc,suggested_labelerexp,10,at://did:plc:7jeeuig4bmwjze3htdj4tofv/app.bsky.feed.post/3mfouxgqclc2s,bafyreidvm4njn3zptnkfaizdes567vnmmlmm765ififdfughf4rz76vgre,did:plc:7jeeuig4bmwjze3htdj4tofv,lazaroillustration.bsky.social,,
5a4fbaa1726044bb8f8150f94d304608,2026-02-25T15:00:00Z,2026-02-25T15:14:11Z,auth,auth_enUS_labelerexp,at://did:plc:4vjdrhro4bxoawbyjgixesij/app.bsky.feed.generator/aaadepeaxdboc,suggested_labelerexp,11,at://did:plc:7jeeuig4bmwjze3htdj4tofv/app.bsky.feed.post/3mfouxzs5a22s,bafyreie2zd55c7e5mbemxrfol4pn5k66l7dypdnafvndrygdn2zqaish4i,did:plc:7jeeuig4bmwjze3htdj4tofv,lazaroillustration.bsky.social,,
5a4fbaa1726044bb8f8150f94d304608,2026-02-25T15:00:00Z,2026-02-25T15:14:11Z,auth,auth_enUS_labelerexp,at://did:plc:4vjdrhro4bxoawbyjgixesij/app.bsky.feed.generator/aaadepeaxdboc,suggested_labelerexp,12,at://did:plc:7jeeuig4bmwjze3htdj4tofv/app.bsky.feed.post/3mfouy47rm22s,bafyreif76aqej3sdmoen24jchdcvtxkb7p5ns563k53feilqii4h5bu4oy,did:plc:7jeeuig4bmwjze3htdj4tofv,lazaroillustration.bsky.social,,
5a4fbaa1726044bb8f8150f94d304608,2026-02-25T15:00:00Z,2026-02-25T15:14:11Z,auth,auth_enUS_labelerexp,at://did:plc:4vjdrhro4bxoawbyjgixesij/app.bsky.feed.generator/aaadepeaxdboc,suggested_labelerexp,13,at://did:plc:7jeeuig4bmwjze3htdj4tofv/app.bsky.feed.post/3mfouxq4vps2s,bafyreidielngihfoo6lbe42j5oy3zmibpdc6gxhddc2ci2j75oftlikleu,did:plc:7jeeuig4bmwjze3htdj4tofv,lazaroillustration.bsky.social,,
5a4fbaa1726044bb8f8150f94d304608,2026-02-25T15:00:00Z,2026-02-25T15:14:11Z,auth,auth_enUS_labelerexp,at://did:plc:4vjdrhro4bxoawbyjgixesij/app.bsky.feed.generator/aaadepeaxdboc,suggested_labelerexp,14,at://did:plc:7jeeuig4bmwjze3htdj4tofv/app.bsky.feed.post/3mfouxkrgg22s,bafyreicokiqugyid7cqzpegcls6ieb5y2jvcjyvmdlo5p3i5ucyjcs5mhy,did:plc:7jeeuig4bmwjze3htdj4tofv,lazaroillustration.bsky.social,,
5a4fbaa1726044bb8f8150f94d304608,2026-02-25T15:00:00Z,2026-02-25T15:14:11Z,auth,auth_enUS_labelerexp,at://did:plc:4vjdrhro4bxoawbyjgixesij/app.bsky.feed.generator/aaadepeaxdboc,suggested_labelerexp,15,at://did:plc:7jeeuig4bmwjze3htdj4tofv/app.bsky.feed.post/3mfouylgtk22s,bafyreib5cdoei5ak4ekgvxwmpabwzdwlept32qx577gpss4ipzbsp7puey,did:plc:7jeeuig4bmwjze3htdj4tofv,lazaroillustration.bsky.social,,
5a4fbaa1726044bb8f8150f94d304608,2026-02-25T15:00:00Z,2026-02-25T15:14:11Z,auth,auth_enUS_labelerexp,at://did:plc:4vjdrhro4bxoawbyjgixesij/app.bsky.feed.generator/aaadepeaxdboc,suggested_labelerexp,16,at://did:plc:7jeeuig4bmwjze3htdj4tofv/app.bsky.feed.post/3mfouyhxh3k2s,bafyreieblffuunnukiefi2h45h3hnpbmphuhzl6vado7kv3sacwahrjrea,did:plc:7jeeuig4bmwjze3htdj4tofv,lazaroillustration.bsky.social,,
5a4fbaa1726044bb8f8150f94d304608,2026-02-25T15:00:00Z,2026-02-25T15:14:11Z,auth,auth_enUS_labelerexp,at://did:plc:4vjdrhro4bxoawbyjgixesij/app.bsky.feed.generator/aaadepeaxdboc,suggested_labelerexp,17,at://did:plc:7jeeuig4bmwjze3htdj4tofv/app.bsky.feed.post/3mfouxnbhws2s,bafyreie7zb7bqkn76tgnxydwa2woqvfybo56c67jjxgcagugv43dxncqnu,did:plc:7jeeuig4bmwjze3htdj4tofv,lazaroillustration.bsky.social,,
5a4fbaa1726044bb8f8150f94d304608,2026-02-25T15:00:00Z,2026-02-25T15:14:11Z,auth,auth_enUS_labelerexp,at://did:plc:4vjdrhro4bxoawbyjgixesij/app.bsky.feed.generator/aaadepeaxdboc,suggested_labelerexp,18,at://did:plc:5dco2yqc2p5yeatbhfvtuzft/app.bsky.feed.post/3mfotlwnx6k2p,bafyreie4m4cyu57dd5zu2ynien6vsmw4w5ri7uwsmwisws4cfe4qmc2r7e,did:plc:5dco2yqc2p5yeatbhfvtuzft,kelleywelley.bsky.social,,
5a4fbaa1726044bb8f8150f94d304608,2026-02-25T15:00:00Z,2026-02-25T15:14:11Z,auth,auth_enUS_labelerexp,at://did:plc:4vjdrhro4bxoawbyjgixesij/app.bsky.feed.generator/aaadepeaxdboc,suggested_labelerexp,19,at://did:plc:i5etxnkmrkfnw6fsqf7fpqgm/app.bsky.feed.post/3mfotj46xjs2e,bafyreibrwll7rt2xqsgmczrkye4bazz5nlqhc2w4tz4qutidsyw4nlaqti,did:plc:i5etxnkmrkfnw6fsqf7fpqgm,alexries.com,,
5a4fbaa1726044bb8f8150f94d304608,2026-02-25T15:00:00Z,2026-02-25T15:14:11Z,auth,auth_enUS_labelerexp,at://did:plc:4vjdrhro4bxoawbyjgixesij/app.bsky.feed.generator/aaadepeaxdboc,suggested_labelerexp,20,at://did:plc:emgioutlyrb47ajvfme63tzg/app.bsky.feed.post/3mfosof465s2e,bafyreig7kn363z3wjleyfrxttnreywntsyk4wsdcc54yoijeycnxyarx7y,did:plc:emgioutlyrb47ajvfme63tzg,cosmicstudio.io,,
5a4fbaa1726044bb8f8150f94d304608,2026-02-25T15:00:00Z,2026-02-25T15:14:11Z,auth,auth_enUS_labelerexp,at://did:plc:4vjdrhro4bxoawbyjgixesij/app.bsky.feed.generator/aaadepeaxdboc,suggested_labelerexp,21,at://did:plc:tvugslvn7z7e2leq4ullt6dx/app.bsky.feed.post/3mfosoksbgb2g,bafyreih5dvou4a7c5k2iilc42to7hybadfpxprfydg2pq4no7jucvi3yau,did:plc:tvugslvn7z7e2leq4ullt6dx,axs-studio.com,,
5a4fbaa1726044bb8f8150f94d304608,2026-02-25T15:00:00Z,2026-02-25T15:14:11Z,auth,auth_enUS_labelerexp,at://did:plc:4vjdrhro4bxoawbyjgixesij/app.bsky.feed.generator/aaadepeaxdboc,suggested_labelerexp,22,at://did:plc:sayeevaewowlo5wcdinp2mqy/app.bsky.feed.post/3mfory3zjuk2w,bafyreifddr55rkwsyyiw3a6ovbjkf5toz2vb5df6lj5jsqenplb4r6ubcu,did:plc:sayeevaewowlo5wcdinp2mqy,conniemenefee.bsky.social,,
5a4fbaa1726044bb8f8150f94d304608,2026-02-25T15:00:00Z,2026-02-25T15:14:11Z,auth,auth_enUS_labelerexp,at://did:plc:4vjdrhro4bxoawbyjgixesij/app.bsky.feed.generator/aaadepeaxdboc,suggested_labelerexp,23,at://did:plc:4vjdrhro4bxoawbyjgixesij/app.bsky.feed.post/3mfora5dups26,bafyreifhxabjquvplvg5phtrwq7wklivqe554erng332u2modlnh6uqqpm,did:plc:4vjdrhro4bxoawbyjgixesij,flyingtrilobite.com,,
5a4fbaa1726044bb8f8150f94d304608,2026-02-25T15:00:00Z,2026-02-25T15:14:11Z,auth,auth_enUS_labelerexp,at://did:plc:4vjdrhro4bxoawbyjgixesij/app.bsky.feed.generator/aaadepeaxdboc,suggested_labelerexp,24,at://did:plc:ouy3nzsr33zwuo2xbufqyxab/app.bsky.feed.post/3mfor2g7kh223,bafyreibeygwsbz7rgblvfjil7gy3kmqebybw3yx5aburgu7hhcporj6gcq,did:plc:ouy3nzsr33zwuo2xbufqyxab,scicommstudios.bsky.social,,
5a4fbaa1726044bb8f8150f94d304608,2026-02-25T15:00:00Z,2026-02-25T15:14:11Z,auth,auth_enUS_labelerexp,at://did:plc:4vjdrhro4bxoawbyjgixesij/app.bsky.feed.generator/aaadepeaxdboc,suggested_labelerexp,25,at://did:plc:rnblkxxojjcppqmgfikf7stf/app.bsky.feed.post/3mfoqnoar3r2y,bafyreidootsmolbm3acimoxt4sz6uhz2qdnrx3bkgjkan6xio4y7a24huu,did:plc:rnblkxxojjcppqmgfikf7stf,beastieandbone.bsky.social,,
5a4fbaa1726044bb8f8150f94d304608,2026-02-25T15:00:00Z,2026-02-25T15:14:11Z,auth,auth_enUS_labelerexp,at://did:plc:4vjdrhro4bxoawbyjgixesij/app.bsky.feed.generator/aaadepeaxdboc,suggested_labelerexp,26,at://did:plc:rnblkxxojjcppqmgfikf7stf/app.bsky.feed.post/3mfoqnoar3r2y,bafyreidootsmolbm3acimoxt4sz6uhz2qdnrx3bkgjkan6xio4y7a24huu,did:plc:rnblkxxojjcppqmgfikf7stf,beastieandbone.bsky.social,,
5a4fbaa1726044bb8f8150f94d304608,2026-02-25T15:00:00Z,2026-02-25T15:14:11Z,auth,auth_enUS_labelerexp,at://did:plc:4vjdrhro4bxoawbyjgixesij/app.bsky.feed.generator/aaadepeaxdboc,suggested_labelerexp,27,at://did:plc:rnblkxxojjcppqmgfikf7stf/app.bsky.feed.post/3mfoqnoar3r2y,bafyreidootsmolbm3acimoxt4sz6uhz2qdnrx3bkgjkan6xio4y7a24huu,did:plc:rnblkxxojjcppqmgfikf7stf,beastieandbone.bsky.social,,
5a4fbaa1726044bb8f8150f94d304608,2026-02-25T15:00:00Z,2026-02-25T15:14:11Z,auth,auth_enUS_labelerexp,at://did:plc:4vjdrhro4bxoawbyjgixesij/app.bsky.feed.generator/aaadepeaxdboc,suggested_labelerexp,28,at://did:plc:gdigd7pexvdyb6xrsepcpyy5/app.bsky.feed.post/3mfoqgupwza2v,bafyreid5l7wx22ey2kkmic7cywpeiekdov4b44ccqiomxkefmnov23qava,did:plc:gdigd7pexvdyb6xrsepcpyy5,annieshaoart.bsky.social,,
5a4fbaa1726044bb8f8150f94d304608,2026-02-25T15:00:00Z,2026-02-25T15:14:11Z,auth,auth_enUS_labelerexp,at://did:plc:4vjdrhro4bxoawbyjgixesij/app.bsky.feed.generator/aaadepeaxdboc,suggested_labelerexp,29,at://did:plc:narxeyurvwub7q22cip7npjt/app.bsky.feed.post/3mfoplyjbvs2v,bafyreibnahb4qbfkam2w3rzcjguzsc65mbz5th3og4sfmcdeepwwfvlcje,did:plc:narxeyurvwub7q22cip7npjt,minouette.bsky.social,,
5a4fbaa1726044bb8f8150f94d304608,2026-02-25T15:00:00Z,2026-02-25T15:14:11Z,auth,auth_enUS_labelerexp,at://did:plc:4vjdrhro4bxoawbyjgixesij/app.bsky.feed.generator/aaadepeaxdboc,suggested_labelerexp,30,at://did:plc:czbwi5smfsyb5okk4h7fudoh/app.bsky.feed.post/3mfopdn7vvk2v,bafyreifv2cc3gzef63jui6qaalwwfa2skns27oim3pqntcwah6twypkmlq,did:plc:czbwi5smfsyb5okk4h7fudoh,casswart.bsky.social,,
5a4fbaa1726044bb8f8150f94d304608,2026-02-25T15:00:00Z,2026-02-25T15:14:11Z,auth,auth_enUS_labelerexp,at://did:plc:4vjdrhro4bxoawbyjgixesij/app.bsky.feed.generator/aaadepeaxdboc,suggested_labelerexp,31,at://did:plc:5uff3rsn2agtvggi2y2ahs7u/app.bsky.feed.post/3mfoonysonk24,bafyreicboyh7pw55ib3ugjc6qgcq56i62cter7narjjkceegqzutdbnnvy,did:plc:5uff3rsn2agtvggi2y2ahs7u,erujayy.bsky.social,,
5a4fbaa1726044bb8f8150f94d304608,2026-02-25T15:00:00Z,2026-02-25T15:14:11Z,auth,auth_enUS_labelerexp,at://did:plc:4vjdrhro4bxoawbyjgixesij/app.bsky.feed.generator/aaadepeaxdboc,suggested_labelerexp,32,at://did:plc:nir4547i63s5plxcz43l3kx4/app.bsky.feed.post/3mfonybto7k2u,bafyreids7fe2oomzqiqlkqffmtgspmlcdk4v2bthti24dnlwbqacwuvik4,did:plc:nir4547i63s5plxcz43l3kx4,colpizen.bsky.social,,
5a4fbaa1726044bb8f8150f94d304608,2026-02-25T15:00:00Z,2026-02-25T15:14:11Z,auth,auth_enUS_labelerexp,at://did:plc:4vjdrhro4bxoawbyjgixesij/app.bsky.feed.generator/aaadepeaxdboc,suggested_labelerexp,33,at://did:plc:nir4547i63s5plxcz43l3kx4/app.bsky.feed.post/3mfonssnomc2u,bafyreigkjh24yld273tg2cuaadmwbeqo6krgylzwllhqbunqpht2ascp6i,did:plc:nir4547i63s5plxcz43l3kx4,colpizen.bsky.social,,
5a4fbaa1726044bb8f8150f94d304608,2026-02-25T15:00:00Z,2026-02-25T15:14:11Z,auth,auth_enUS_labelerexp,at://did:plc:4vjdrhro4bxoawbyjgixesij/app.bsky.feed.generator/aaadepeaxdboc,suggested_labelerexp,34,at://did:plc:zn5tz5qcby2zfht7s42ettlm/app.bsky.feed.post/3mfoeelnl6s2v,bafyreihy23weirv723rkmyahco7rptnvsa5gdssokf6ewsrk32fkx5uvpu,did:plc:zn5tz5qcby2zfht7s42ettlm,graphicssci.bsky.social,,
5a4fbaa1726044bb8f8150f94d304608,2026-02-25T15:00:00Z,2026-02-25T15:14:11Z,auth,auth_enUS_labelerexp,at://did:plc:4vjdrhro4bxoawbyjgixesij/app.bsky.feed.generator/aaadepeaxdboc,suggested_labelerexp,35,at://did:plc:zn5tz5qcby2zfht7s42ettlm/app.bsky.feed.post/3mfoeelnl6s2v,bafyreihy23weirv723rkmyahco7rptnvsa5gdssokf6ewsrk32fkx5uvpu,did:plc:zn5tz5qcby2zfht7s42ettlm,graphicssci.bsky.social,,
5a4fbaa1726044bb8f8150f94d304608,2026-02-25T15:00:00Z,2026-02-25T15:14:11Z,auth,auth_enUS_labelerexp,at://did:plc:4vjdrhro4bxoawbyjgixesij/app.bsky.feed.generator/aaadepeaxdboc,suggested_labelerexp,36,at://did:plc:zn5tz5qcby2zfht7s42ettlm/app.bsky.feed.post/3mfoeelnl6s2v,bafyreihy23weirv723rkmyahco7rptnvsa5gdssokf6ewsrk32fkx5uvpu,did:plc:zn5tz5qcby2zfht7s42ettlm,graphicssci.bsky.social,,
5a4fbaa1726044bb8f8150f94d304608,2026-02-25T15:00:00Z,2026-02-25T15:14:11Z,auth,auth_enUS_labelerexp,at://did:plc:4vjdrhro4bxoawbyjgixesij/app.bsky.feed.generator/aaadepeaxdboc,suggested_labelerexp,37,at://did:plc:hhw3rwagclsilqucfoprmfoy/app.bsky.feed.post/3mfo6g3jxbc2r,bafyreidn7cvh2erliflbm2mq6isdbqe3tr2atr3t77p44th7dtmurlylvq,did:plc:hhw3rwagclsilqucfoprmfoy,younglandis.bsky.social,,
5a4fbaa1726044bb8f8150f94d304608,2026-02-25T15:00:00Z,2026-02-25T15:14:11Z,auth,auth_enUS_labelerexp,at://did:plc:4vjdrhro4bxoawbyjgixesij/app.bsky.feed.generator/aaadepeaxdboc,suggested_labelerexp,38,at://did:plc:hhw3rwagclsilqucfoprmfoy/app.bsky.feed.post/3mfo6g3jxbc2r,bafyreidn7cvh2erliflbm2mq6isdbqe3tr2atr3t77p44th7dtmurlylvq,did:plc:hhw3rwagclsilqucfoprmfoy,younglandis.bsky.social,,
5a4fbaa1726044bb8f8150f94d304608,2026-02-25T15:00:00Z,2026-02-25T15:14:11Z,auth,auth_enUS_labelerexp,at://did:plc:4vjdrhro4bxoawbyjgixesij/app.bsky.feed.generator/aaadepeaxdboc,suggested_labelerexp,39,at://did:plc:hhw3rwagclsilqucfoprmfoy/app.bsky.feed.post/3mfo6g3jxbc2r,bafyreidn7cvh2erliflbm2mq6isdbqe3tr2atr3t77p44th7dtmurlylvq,did:plc:hhw3rwagclsilqucfoprmfoy,younglandis.bsky.social,,
5a4fbaa1726044bb8f8150f94d304608,2026-02-25T15:00:00Z,2026-02-25T15:14:11Z,auth,auth_enUS_labelerexp,at://did:plc:4vjdrhro4bxoawbyjgixesij/app.bsky.feed.generator/aaadepeaxdboc,suggested_labelerexp,40,at://did:plc:6nmecn5cfht4l7tcpii6db7r/app.bsky.feed.post/3mfo5ogxwks2s,bafyreiaiqhowmtubnsvik37gfkydqyu5q55edc4iiavigq2lmnlwtegcxu,did:plc:6nmecn5cfht4l7tcpii6db7r,smartalyk.bsky.social,,
5a4fbaa1726044bb8f8150f94d304608,2026-02-25T15:00:00Z,2026-02-25T15:14:11Z,auth,auth_enUS_labelerexp,at://did:plc:4vjdrhro4bxoawbyjgixesij/app.bsky.feed.generator/aaadepeaxdboc,suggested_labelerexp,41,at://did:plc:yh5kl53hwy7rhahgcsuyef5a/app.bsky.feed.post/3mfo5iyufis2z,bafyreigeyxkebvji33nkxfqjfjeomft5s43djzm5g3rjqrvbyuwuatl3wy,did:plc:yh5kl53hwy7rhahgcsuyef5a,davidbflower.bsky.social,,
5a4fbaa1726044bb8f8150f94d304608,2026-02-25T15:00:00Z,2026-02-25T15:14:11Z,auth,auth_enUS_labelerexp,at://did:plc:4vjdrhro4bxoawbyjgixesij/app.bsky.feed.generator/aaadepeaxdboc,suggested_labelerexp,42,at://did:plc:yh5kl53hwy7rhahgcsuyef5a/app.bsky.feed.post/3mfo5iyufis2z,bafyreigeyxkebvji33nkxfqjfjeomft5s43djzm5g3rjqrvbyuwuatl3wy,did:plc:yh5kl53hwy7rhahgcsuyef5a,davidbflower.bsky.social,,
5a4fbaa1726044bb8f8150f94d304608,2026-02-25T15:00:00Z,2026-02-25T15:14:11Z,auth,auth_enUS_labelerexp,at://did:plc:4vjdrhro4bxoawbyjgixesij/app.bsky.feed.generator/aaadepeaxdboc,suggested_labelerexp,43,at://did:plc:yh5kl53hwy7rhahgcsuyef5a/app.bsky.feed.post/3mfo5iyufis2z,bafyreigeyxkebvji33nkxfqjfjeomft5s43djzm5g3rjqrvbyuwuatl3wy,did:plc:yh5kl53hwy7rhahgcsuyef5a,davidbflower.bsky.social,,
5a4fbaa1726044bb8f8150f94d304608,2026-02-25T15:00:00Z,2026-02-25T15:14:11Z,auth,auth_enUS_labelerexp,at://did:plc:4vjdrhro4bxoawbyjgixesij/app.bsky.feed.generator/aaadepeaxdboc,suggested_labelerexp,44,at://did:plc:igzcqk37qywrc7srv6myrv3u/app.bsky.feed.post/3mfnyvh3c3c2a,bafyreibkgkcatjqx4h574ns6jllmeoufurdzcck45fakoclfwijhfhdym4,did:plc:igzcqk37qywrc7srv6myrv3u,stanton.bsky.social,,
5a4fbaa1726044bb8f8150f94d304608,2026-02-25T15:00:00Z,2026-02-25T15:14:11Z,auth,auth_enUS_labelerexp,at://did:plc:4vjdrhro4bxoawbyjgixesij/app.bsky.feed.generator/aaadepeaxdboc,suggested_labelerexp,45,at://did:plc:igzcqk37qywrc7srv6myrv3u/app.bsky.feed.post/3mfnyvh3c3c2a,bafyreibkgkcatjqx4h574ns6jllmeoufurdzcck45fakoclfwijhfhdym4,did:plc:igzcqk37qywrc7srv6myrv3u,stanton.bsky.social,,
5a4fbaa1726044bb8f8150f94d304608,2026-02-25T15:00:00Z,2026-02-25T15:14:11Z,auth,auth_enUS_labelerexp,at://did:plc:4vjdrhro4bxoawbyjgixesij/app.bsky.feed.generator/aaadepeaxdboc,suggested_labelerexp,46,at://did:plc:igzcqk37qywrc7srv6myrv3u/app.bsky.feed.post/3mfnyvh3c3c2a,bafyreibkgkcatjqx4h574ns6jllmeoufurdzcck45fakoclfwijhfhdym4,did:plc:igzcqk37qywrc7srv6myrv3u,stanton.bsky.social,,
5a4fbaa1726044bb8f8150f94d304608,2026-02-25T15:00:00Z,2026-02-25T15:14:11Z,auth,auth_enUS_labelerexp,at://did:plc:4vjdrhro4bxoawbyjgixesij/app.bsky.feed.generator/aaadepeaxdboc,suggested_labelerexp,47,at://did:plc:igzcqk37qywrc7srv6myrv3u/app.bsky.feed.post/3mfnysnxl722a,bafyreie5achmzrmioywb35hfp7u3bh2vsbiu2255a6mll2o7gcvmnjrg5q,did:plc:igzcqk37qywrc7srv6myrv3u,stanton.bsky.social,,
5a4fbaa1726044bb8f8150f94d304608,2026-02-25T15:00:00Z,2026-02-25T15:14:11Z,auth,auth_enUS_labelerexp,at://did:plc:4vjdrhro4bxoawbyjgixesij/app.bsky.feed.generator/aaadepeaxdboc,suggested_labelerexp,48,at://did:plc:x2cfihxseuhi7cq54aufxix6/app.bsky.feed.post/3mfnrgplfe22o,bafyreiam2hty4n32gnfe566cakloxvtzvcztclyc53r4azksu3f74m4kyy,did:plc:x2cfihxseuhi7cq54aufxix6,samuelxl5.bsky.social,,
5a4fbaa1726044bb8f8150f94d304608,2026-02-25T15:00:00Z,2026-02-25T15:14:11Z,auth,auth_enUS_labelerexp,at://did:plc:4vjdrhro4bxoawbyjgixesij/app.bsky.feed.generator/aaadepeaxdboc,suggested_labelerexp,49,at://did:plc:s4xflhcrazrzgb5bcagcuage/app.bsky.feed.post/3mfnqoxjz6c27,bafyreida7ecgavfmsdarisyrbfswmbjkqb67o3wdbclyzjnx5e5iobi5ye,did:plc:s4xflhcrazrzgb5bcagcuage,stellerarts.com,,
5a4fbaa1726044bb8f8150f94d304608,2026-02-25T15:00:00Z,2026-02-25T15:14:11Z,auth,auth_enUS_labelerexp,at://did:plc:4vjdrhro4bxoawbyjgixesij/app.bsky.feed.generator/aaadepeaxdboc,suggested_labelerexp,50,at://did:plc:bcnz5cangvcqg3ylaq2gpwhk/app.bsky.feed.post/3mfnouix64t2e,bafyreihc2ycrycghr4pb5qmbh45niup7m4xfxp3bx4aaroz6lnx2l5fz6a,did:plc:bcnz5cangvcqg3ylaq2gpwhk,joyousjoyness.com,,
5a4fbaa1726044bb8f8150f94d304608,2026-02-25T15:00:00Z,2026-02-25T15:14:13Z,auth,auth_enUS_labelerexp,at://did:plc:cxuzwp5dzmxkrdr55qh25mgb/app.bsky.feed.generator/aaap2eo4gzzes,suggested_labelerexp,1,at://did:plc:cxuzwp5dzmxkrdr55qh25mgb/app.bsky.feed.post/3lcbjnnkq5s2i,bafyreihlfgoel7nwm4ojhtiuiedfllprgf2hktoemfdzznaerfjewc5zmq,did:plc:cxuzwp5dzmxkrdr55qh25mgb,zig.computer,,
5a4fbaa1726044bb8f8150f94d304608,2026-02-25T15:00:00Z,2026-02-25T15:14:13Z,auth,auth_enUS_labelerexp,at://did:plc:cxuzwp5dzmxkrdr55qh25mgb/app.bsky.feed.generator/aaap2eo4gzzes,suggested_labelerexp,2,at://did:plc:i2fbh7eapyca2mrf4l7hu3fv/app.bsky.feed.post/3mfox74nob224,bafyreihvhtwmhajmvkwadchz7csoe27nn6ymupceptgd7327bsmgdn2hne,did:plc:i2fbh7eapyca2mrf4l7hu3fv,rihawf.bsky.social,,
5a4fbaa1726044bb8f8150f94d304608,2026-02-25T15:00:00Z,2026-02-25T15:14:13Z,auth,auth_enUS_labelerexp,at://did:plc:cxuzwp5dzmxkrdr55qh25mgb/app.bsky.feed.generator/aaap2eo4gzzes,suggested_labelerexp,3,at://did:plc:xgwsglaeq3w5z4kb3cbl2udt/app.bsky.feed.post/3mfox6vn7nc2j,bafyreibh2qtvf7bbv3szl4ihpc67l47lrpcl53x52tmgnnzre3lmlylt5i,did:plc:xgwsglaeq3w5z4kb3cbl2udt,johnjohn.bsky.social,,
5a4fbaa1726044bb8f8150f94d304608,2026-02-25T15:00:00Z,2026-02-25T15:14:13Z,auth,auth_enUS_labelerexp,at://did:plc:cxuzwp5dzmxkrdr55qh25mgb/app.bsky.feed.generator/aaap2eo4gzzes,suggested_labelerexp,4,at://did:plc:aadfg6a6vxfqax5emb5ejred/app.bsky.feed.post/3mfox5x4gsk22,bafyreict72qtixek2r2kgypxsioz5j6irstjwfqtlxnx4cftonbl2hheuu,did:plc:aadfg6a6vxfqax5emb5ejred,weaselingaround.bsky.social,,
5a4fbaa1726044bb8f8150f94d304608,2026-02-25T15:00:00Z,2026-02-25T15:14:13Z,auth,auth_enUS_labelerexp,at://did:plc:cxuzwp5dzmxkrdr55qh25mgb/app.bsky.feed.generator/aaap2eo4gzzes,suggested_labelerexp,5,at://did:plc:ha4gmmdxg6h2prjjltwwcmds/app.bsky.feed.post/3mfox4c7rrc2b,bafyreibch3yrc42bmsx5z2fy2jsc6q2awcwmgszu65w75wm4ewsov3serm,did:plc:ha4gmmdxg6h2prjjltwwcmds,funkelly.bsky.social,,
5a4fbaa1726044bb8f8150f94d304608,2026-02-25T15:00:00Z,2026-02-25T15:14:13Z,auth,auth_enUS_labelerexp,at://did:plc:cxuzwp5dzmxkrdr55qh25mgb/app.bsky.feed.generator/aaap2eo4gzzes,suggested_labelerexp,6,at://did:plc:zpx5eyrclv4kqdbx5tfiadyd/app.bsky.feed.post/3mfowupxqdk2u,bafyreiacez2v53k72kt7cg43ipyifm3r4aluwiw5q2gyw5vhrmsl5sv53q,did:plc:zpx5eyrclv4kqdbx5tfiadyd,xxxdaddyg.bsky.social,,
5a4fbaa1726044bb8f8150f94d304608,2026-02-25T15:00:00Z,2026-02-25T15:14:13Z,auth,auth_enUS_labelerexp,at://did:plc:cxuzwp5dzmxkrdr55qh25mgb/app.bsky.feed.generator/aaap2eo4gzzes,suggested_labelerexp,7,at://did:plc:pjnc2avaqyzgzrhb52zext4m/app.bsky.feed.post/3mfowimd7ys25,bafyreifl7fdlkizxui3pg3sk4y54aoci7mbmewxnrseavbsxpxf7c3dwhu,did:plc:pjnc2avaqyzgzrhb52zext4m,irlhotperson.bsky.social,,
5a4fbaa1726044bb8f8150f94d304608,2026-02-25T15:00:00Z,2026-02-25T15:14:13Z,auth,auth_enUS_labelerexp,at://did:plc:cxuzwp5dzmxkrdr55qh25mgb/app.bsky.feed.generator/aaap2eo4gzzes,suggested_labelerexp,8,at://did:plc:6vxnusznkmbo3oeihjfbtbdw/app.bsky.feed.post/3mfowhn3ay22e,bafyreif4mov4v2ssuo4e256ktdfzf3hlrw35grfjrgjf5awc6oil25gnhm,did:plc:6vxnusznkmbo3oeihjfbtbdw,altoclarinet5.bsky.social,,
5a4fbaa1726044bb8f8150f94d304608,2026-02-25T15:00:00Z,2026-02-25T15:14:13Z,auth,auth_enUS_labelerexp,at://did:plc:cxuzwp5dzmxkrdr55qh25mgb/app.bsky.feed.generator/aaap2eo4gzzes,suggested_labelerexp,9,at://did:plc:euur44mkfugw2j6rblwano4g/app.bsky.feed.post/3mfowfdcssc2k,bafyreidzjx3wkewzng5ltmgljjsgja2khssztiby3wzrzxmrtsh7jfrc7y,did:plc:euur44mkfugw2j6rblwano4g,seuassis.bsky.social,,
5a4fbaa1726044bb8f8150f94d304608,2026-02-25T15:00:00Z,2026-02-25T15:14:13Z,auth,auth_enUS_labelerexp,at://did:plc:cxuzwp5dzmxkrdr55qh25mgb/app.bsky.feed.generator/aaap2eo4gzzes,suggested_labelerexp,10,at://did:plc:oennkeaa5vpgsvp2i3iqhyxs/app.bsky.feed.post/3mfowbixzec2y,bafyreidrdi35x2ldfgtjjbj2l5g2oqhdu2lnt4elag22jfwxketubgd2ea,did:plc:oennkeaa5vpgsvp2i3iqhyxs,fuzzerhop.bsky.social,,
5a4fbaa1726044bb8f8150f94d304608,2026-02-25T15:00:00Z,2026-02-25T15:14:13Z,auth,auth_enUS_labelerexp,at://did:plc:cxuzwp5dzmxkrdr55qh25mgb/app.bsky.feed.generator/aaap2eo4gzzes,suggested_labelerexp,11,at://did:plc:d2pndjuto5oztu563lk3hue2/app.bsky.feed.post/3mfow5rc2rc2d,bafyreie6ccryg7i4jtt27npzngxxsphbin6escwifnqzzajphsl7p2gzqe,did:plc:d2pndjuto5oztu563lk3hue2,duconl.bsky.social,,
5a4fbaa1726044bb8f8150f94d304608,2026-02-25T15:00:00Z,2026-02-25T15:14:13Z,auth,auth_enUS_labelerexp,at://did:plc:cxuzwp5dzmxkrdr55qh25mgb/app.bsky.feed.generator/aaap2eo4gzzes,suggested_labelerexp,12,at://did:plc:nyopkiwf5nvj2rf6g6tbnkmu/app.bsky.feed.post/3mfovuyvshk2k,bafyreifl2q6mntz64fnmjxabzonv3zvlcuagfipgtjyx3p2gybltj54oqe,did:plc:nyopkiwf5nvj2rf6g6tbnkmu,drantis82.bsky.social,,
5a4fbaa1726044bb8f8150f94d304608,2026-02-25T15:00:00Z,2026-02-25T15:14:13Z,auth,auth_enUS_labelerexp,at://did:plc:cxuzwp5dzmxkrdr55qh25mgb/app.bsky.feed.generator/aaap2eo4gzzes,suggested_labelerexp,13,at://did:plc:i2fbh7eapyca2mrf4l7hu3fv/app.bsky.feed.post/3mfovo3nnz22s,bafyreihr5mnogfxnyerg4mjggsal6vy7n3qesa3h32voipuii7kk6yew7q,did:plc:i2fbh7eapyca2mrf4l7hu3fv,rihawf.bsky.social,,
5a4fbaa1726044bb8f8150f94d304608,2026-02-25T15:00:00Z,2026-02-25T15:14:13Z,auth,auth_enUS_labelerexp,at://did:plc:cxuzwp5dzmxkrdr55qh25mgb/app.bsky.feed.generator/aaap2eo4gzzes,suggested_labelerexp,14,at://did:plc:w3qo7pv4lgynysbcb32g6ckr/app.bsky.feed.post/3mfovkdccts2e,bafyreihtc4qt63snz2vom7yehr5g5qngeu5msx7whzu74t7jmzql5mopse,did:plc:w3qo7pv4lgynysbcb32g6ckr,ikexpastel.bsky.social,,
5a4fbaa1726044bb8f8150f94d304608,2026-02-25T15:00:00Z,2026-02-25T15:14:13Z,auth,auth_enUS_labelerexp,at://did:plc:cxuzwp5dzmxkrdr55qh25mgb/app.bsky.feed.generator/aaap2eo4gzzes,suggested_labelerexp,15,at://did:plc:wut2mulkwgda7foe6snek6i3/app.bsky.feed.post/3mfovi3g4fk2w,bafyreib6kkge4elztnq3xzn5xtgvej7iqtjnej3oj2gyg2m4zl2bf2ysyy,did:plc:wut2mulkwgda7foe6snek6i3,travalanche.bsky.social,,
5a4fbaa1726044bb8f8150f94d304608,2026-02-25T15:00:00Z,2026-02-25T15:14:13Z,auth,auth_enUS_labelerexp,at://did:plc:cxuzwp5dzmxkrdr55qh25mgb/app.bsky.feed.generator/aaap2eo4gzzes,suggested_labelerexp,16,at://did:plc:y3lgfbokvfn3mhqbkj2ajys6/app.bsky.feed.post/3mfovgsylt22e,bafyreieqwdrqwds6amz6ghjxtehh3af2rao3ksoz7hmn7qndzidb5nyuiy,did:plc:y3lgfbokvfn3mhqbkj2ajys6,slayadderall.bsky.social,,
5a4fbaa1726044bb8f8150f94d304608,2026-02-25T15:00:00Z,2026-02-25T15:14:13Z,auth,auth_enUS_labelerexp,at://did:plc:cxuzwp5dzmxkrdr55qh25mgb/app.bsky.feed.generator/aaap2eo4gzzes,suggested_labelerexp,17,at://did:plc:q7spb7bqpr5xik7tngeei7pl/app.bsky.feed.post/3mfovfo27v22h,bafyreihml376vrqmmgonxinwoqiwt2jyjtpps5v5dfv4u65xxno3he6xb4,did:plc:q7spb7bqpr5xik7tngeei7pl,pupdaxter.bsky.social,,
5a4fbaa1726044bb8f8150f94d304608,2026-02-25T15:00:00Z,2026-02-25T15:14:13Z,auth,auth_enUS_labelerexp,at://did:plc:cxuzwp5dzmxkrdr55qh25mgb/app.bsky.feed.generator/aaap2eo4gzzes,suggested_labelerexp,18,at://did:plc:l55ju7wa7zssmbbtlklrqx7r/app.bsky.feed.post/3mfovedx5gs2g,bafyreiehpsej6yvrd4kr3zsmjtqy3an2rslxrafbvk3rtlmp44kcvwl3gy,did:plc:l55ju7wa7zssmbbtlklrqx7r,nixostorme.bsky.social,,
5a4fbaa1726044bb8f8150f94d304608,2026-02-25T15:00:00Z,2026-02-25T15:14:13Z,auth,auth_enUS_labelerexp,at://did:plc:cxuzwp5dzmxkrdr55qh25mgb/app.bsky.feed.generator/aaap2eo4gzzes,suggested_labelerexp,19,at://did:plc:7reilawk4uxpzeilzslhd5hu/app.bsky.feed.post/3mfovcuzugc2y,bafyreif7rztnetl5enfpktfih5mq5dkqpuyz6btvedh5562vaubhb5emje,did:plc:7reilawk4uxpzeilzslhd5hu,betarayben.bsky.social,,
5a4fbaa1726044bb8f8150f94d304608,2026-02-25T15:00:00Z,2026-02-25T15:14:13Z,auth,auth_enUS_labelerexp,at://did:plc:cxuzwp5dzmxkrdr55qh25mgb/app.bsky.feed.generator/aaap2eo4gzzes,suggested_labelerexp,20,at://did:plc:5e5sgse5l35dx4k4jbnshg2z/app.bsky.feed.post/3mfovbacidc2x,bafyreif7wla2qzgj4wdkepmapub3renpneebgi5vejebc4p5x3o6x6tzfa,did:plc:5e5sgse5l35dx4k4jbnshg2z,fuzzz.bsky.social,,
5a4fbaa1726044bb8f8150f94d304608,2026-02-25T15:00:00Z,2026-02-25T15:14:13Z,auth,auth_enUS_labelerexp,at://did:plc:cxuzwp5dzmxkrdr55qh25mgb/app.bsky.feed.generator/aaap2eo4gzzes,suggested_labelerexp,21,at://did:plc:7reilawk4uxpzeilzslhd5hu/app.bsky.feed.post/3mfov7jtc422y,bafyreic3sjj24dousmllbpg6hyxdhlrsqb7b5iacmpvmv3w6jrsgalerey,did:plc:7reilawk4uxpzeilzslhd5hu,betarayben.bsky.social,,
5a4fbaa1726044bb8f8150f94d304608,2026-02-25T15:00:00Z,2026-02-25T15:14:13Z,auth,auth_enUS_labelerexp,at://did:plc:cxuzwp5dzmxkrdr55qh25mgb/app.bsky.feed.generator/aaap2eo4gzzes,suggested_labelerexp,22,at://did:plc:65coz464qighgn55e5whx4j5/app.bsky.feed.post/3mfov6wifg22b,bafyreignlrnij3xd4frjgmlifnho3g74zhl5bq76xnsiqb3efayj5c2rnm,did:plc:65coz464qighgn55e5whx4j5,spiff.bsky.social,,
5a4fbaa1726044bb8f8150f94d304608,2026-02-25T15:00:00Z,2026-02-25T15:14:13Z,auth,auth_enUS_labelerexp,at://did:plc:cxuzwp5dzmxkrdr55qh25mgb/app.bsky.feed.generator/aaap2eo4gzzes,suggested_labelerexp,23,at://did:plc:ha4gmmdxg6h2prjjltwwcmds/app.bsky.feed.post/3mfov6plbak2z,bafyreibagfqvdle6quj6tnzvqzr43hfu622rvi255oa73d4f5odhgbyjmm,did:plc:ha4gmmdxg6h2prjjltwwcmds,funkelly.bsky.social,,
5a4fbaa1726044bb8f8150f94d304608,2026-02-25T15:00:00Z,2026-02-25T15:14:13Z,auth,auth_enUS_labelerexp,at://did:plc:cxuzwp5dzmxkrdr55qh25mgb/app.bsky.feed.generator/aaap2eo4gzzes,suggested_labelerexp,24,at://did:plc:jlzyrhhnfvfmiy3bntbxdiv7/app.bsky.feed.post/3mfouzzc6mk2u,bafyreieb7idi7msdwkhtmyhcdxb3jc2lssw7mzrb5dpq3yuo4yavttb2vq,did:plc:jlzyrhhnfvfmiy3bntbxdiv7,dominicontheweb.bsky.social,,
5a4fbaa1726044bb8f8150f94d304608,2026-02-25T15:00:00Z,2026-02-25T15:14:13Z,auth,auth_enUS_labelerexp,at://did:plc:cxuzwp5dzmxkrdr55qh25mgb/app.bsky.feed.generator/aaap2eo4gzzes,suggested_labelerexp,25,at://did:plc:fxzvfchikwxpf2lcm7ad2hph/app.bsky.feed.post/3mfouy7c7yk25,bafyreihrh4rtsonqrtcmlmyj67hwadpzhbq6nusz4a3buiifavzwuimtlu,did:plc:fxzvfchikwxpf2lcm7ad2hph,dickasster.bsky.social,,
5a4fbaa1726044bb8f8150f94d304608,2026-02-25T15:00:00Z,2026-02-25T15:14:13Z,auth,auth_enUS_labelerexp,at://did:plc:cxuzwp5dzmxkrdr55qh25mgb/app.bsky.feed.generator/aaap2eo4gzzes,suggested_labelerexp,26,at://did:plc:lrgtxvolgwtrwmtxolgkgtmt/app.bsky.feed.post/3mfourr7mnk26,bafyreifyeltklrkvj62rbjixeekji2b5l7wu3dkyt7ezd4mgfdbunhyno4,did:plc:lrgtxvolgwtrwmtxolgkgtmt,jygglypuffdaddy.bsky.social,,
5a4fbaa1726044bb8f8150f94d304608,2026-02-25T15:00:00Z,2026-02-25T15:14:13Z,auth,auth_enUS_labelerexp,at://did:plc:cxuzwp5dzmxkrdr55qh25mgb/app.bsky.feed.generator/aaap2eo4gzzes,suggested_labelerexp,27,at://did:plc:ibi3nvaarxuyuti25dtyrec4/app.bsky.feed.post/3mfouqqcu6c2y,bafyreieptxi32zahyjov5tgekez74pwptwehe35bybcigsjuo3khyabydi,did:plc:ibi3nvaarxuyuti25dtyrec4,visualc0mfort.bsky.social,,
5a4fbaa1726044bb8f8150f94d304608,2026-02-25T15:00:00Z,2026-02-25T15:14:13Z,auth,auth_enUS_labelerexp,at://did:plc:cxuzwp5dzmxkrdr55qh25mgb/app.bsky.feed.generator/aaap2eo4gzzes,suggested_labelerexp,28,at://did:plc:sho65umi6t4ohqyaijutbdcr/app.bsky.feed.post/3mfouozx2ds2u,bafyreih4jipgseah4w4rtwz3huk7j6s4zsitah3a2juncfd5e5cfv4tsue,did:plc:sho65umi6t4ohqyaijutbdcr,bobbylewis.bsky.social,,
5a4fbaa1726044bb8f8150f94d304608,2026-02-25T15:00:00Z,2026-02-25T15:14:13Z,auth,auth_enUS_labelerexp,at://did:plc:cxuzwp5dzmxkrdr55qh25mgb/app.bsky.feed.generator/aaap2eo4gzzes,suggested_labelerexp,29,at://did:plc:c2axmm24ryio3rbxwptljjym/app.bsky.feed.post/3mfouonoit22q,bafyreiaknjsrxh23ukvlw5gttcjwoyqerixplccdmvr45z6huhukkdqwuu,did:plc:c2axmm24ryio3rbxwptljjym,photohustler.bsky.social,,
5a4fbaa1726044bb8f8150f94d304608,2026-02-25T15:00:00Z,2026-02-25T15:14:13Z,auth,auth_enUS_labelerexp,at://did:plc:cxuzwp5dzmxkrdr55qh25mgb/app.bsky.feed.generator/aaap2eo4gzzes,suggested_labelerexp,30,at://did:plc:iccvhpewl74krdkgjywddejb/app.bsky.feed.post/3mfouodskhs2p,bafyreib3qon4xfkvplcgcq63swi6doxeh2pr7ybq42cu7y5yglyvoa3zkm,did:plc:iccvhpewl74krdkgjywddejb,farnaby.xyz,,
5a4fbaa1726044bb8f8150f94d304608,2026-02-25T15:00:00Z,2026-02-25T15:14:13Z,auth,auth_enUS_labelerexp,at://did:plc:cxuzwp5dzmxkrdr55qh25mgb/app.bsky.feed.generator/aaap2eo4gzzes,suggested_labelerexp,31,at://did:plc:wcni4ya5hpxuq7aehkhsw3zu/app.bsky.feed.post/3mfoulig4gs22,bafyreigl6wvr5c6lyfpbciofhv5to3g7z5knzxw6yt2vlqyk7cujf5osby,did:plc:wcni4ya5hpxuq7aehkhsw3zu,themoulin.bsky.social,,
5a4fbaa1726044bb8f8150f94d304608,2026-02-25T15:00:00Z,2026-02-25T15:14:13Z,auth,auth_enUS_labelerexp,at://did:plc:cxuzwp5dzmxkrdr55qh25mgb/app.bsky.feed.generator/aaap2eo4gzzes,suggested_labelerexp,32,at://did:plc:fgjrrizve2c2wfdbbmgtjh3v/app.bsky.feed.post/3mfoukreors2o,bafyreia23fgcj6widakk66foed6qugzzjzxruk4nfmzvp2wiehec2jlhta,did:plc:fgjrrizve2c2wfdbbmgtjh3v,supersweetlu.bsky.social,,
5a4fbaa1726044bb8f8150f94d304608,2026-02-25T15:00:00Z,2026-02-25T15:14:13Z,auth,auth_enUS_labelerexp,at://did:plc:cxuzwp5dzmxkrdr55qh25mgb/app.bsky.feed.generator/aaap2eo4gzzes,suggested_labelerexp,33,at://did:plc:skvzsz7gwszzz3ifttnz2e3s/app.bsky.feed.post/3mfouff4j5224,bafyreihx2jpbgc72qecyj6q4d6r7yttfqutk7egptvdrrefipgbpsrdz5i,did:plc:skvzsz7gwszzz3ifttnz2e3s,daneuntamed.bsky.social,,
5a4fbaa1726044bb8f8150f94d304608,2026-02-25T15:00:00Z,2026-02-25T15:14:13Z,auth,auth_enUS_labelerexp,at://did:plc:cxuzwp5dzmxkrdr55qh25mgb/app.bsky.feed.generator/aaap2eo4gzzes,suggested_labelerexp,34,at://did:plc:7reilawk4uxpzeilzslhd5hu/app.bsky.feed.post/3mfoudxecnc2y,bafyreicsdqitb277nn5z2nnb4blzs5qjbl3nndfeodtbhhtbinwfzob7um,did:plc:7reilawk4uxpzeilzslhd5hu,betarayben.bsky.social,,
5a4fbaa1726044bb8f8150f94d304608,2026-02-25T15:00:00Z,2026-02-25T15:14:13Z,auth,auth_enUS_labelerexp,at://did:plc:cxuzwp5dzmxkrdr55qh25mgb/app.bsky.feed.generator/aaap2eo4gzzes,suggested_labelerexp,35,at://did:plc:jdmylt72deismyafuzcnj6a6/app.bsky.feed.post/3mfoudhmnhc26,bafyreieyy7sf2mpo46xbh4ozdklpfeterxdzebcmsibaqdlxwdilqbexgi,did:plc:jdmylt72deismyafuzcnj6a6,genuscorvidae.bsky.social,,
5a4fbaa1726044bb8f8150f94d304608,2026-02-25T15:00:00Z,2026-02-25T15:14:13Z,auth,auth_enUS_labelerexp,at://did:plc:cxuzwp5dzmxkrdr55qh25mgb/app.bsky.feed.generator/aaap2eo4gzzes,suggested_labelerexp,36,at://did:plc:4piixkxo4avdjxsw5vibwms5/app.bsky.feed.post/3mfoubjpkwc2r,bafyreib7kxf5qwwth2qbxryz7kak4o5aug5pgmdeuz6dn2hsmiu77gzgwi,did:plc:4piixkxo4avdjxsw5vibwms5,gillbitts.bsky.social,,
5a4fbaa1726044bb8f8150f94d304608,2026-02-25T15:00:00Z,2026-02-25T15:14:13Z,auth,auth_enUS_labelerexp,at://did:plc:cxuzwp5dzmxkrdr55qh25mgb/app.bsky.feed.generator/aaap2eo4gzzes,suggested_labelerexp,37,at://did:plc:z32ojaih6ugsg73fhzlh3hdn/app.bsky.feed.post/3mfou6cmgns2a,bafyreidg5d7bdstwthuufyugrzh6zt7qoiickpyzdlaiadlts5frdgdbxy,did:plc:z32ojaih6ugsg73fhzlh3hdn,xodarlin.bsky.social,,
5a4fbaa1726044bb8f8150f94d304608,2026-02-25T15:00:00Z,2026-02-25T15:14:13Z,auth,auth_enUS_labelerexp,at://did:plc:cxuzwp5dzmxkrdr55qh25mgb/app.bsky.feed.generator/aaap2eo4gzzes,suggested_labelerexp,38,at://did:plc:4piixkxo4avdjxsw5vibwms5/app.bsky.feed.post/3mfou66st2k2r,bafyreics34zvdbmqon3t22czc24ykhtvxjm7efgzcfn7j2zjzamreh6dla,did:plc:4piixkxo4avdjxsw5vibwms5,gillbitts.bsky.social,,
5a4fbaa1726044bb8f8150f94d304608,2026-02-25T15:00:00Z,2026-02-25T15:14:13Z,auth,auth_enUS_labelerexp,at://did:plc:cxuzwp5dzmxkrdr55qh25mgb/app.bsky.feed.generator/aaap2eo4gzzes,suggested_labelerexp,39,at://did:plc:w24nasay2nop45ir7is3675u/app.bsky.feed.post/3mfou5iczu22y,bafyreifrtbuvz6vlypzk3xaqz6ytwr4r4i47f3u7mn6z7ghps7jkbvmvcq,did:plc:w24nasay2nop45ir7is3675u,grandmasterbgp.bsky.social,,
5a4fbaa1726044bb8f8150f94d304608,2026-02-25T15:00:00Z,2026-02-25T15:14:13Z,auth,auth_enUS_labelerexp,at://did:plc:cxuzwp5dzmxkrdr55qh25mgb/app.bsky.feed.generator/aaap2eo4gzzes,suggested_labelerexp,40,at://did:plc:aobkgz6khzavtdmd5ng3ilme/app.bsky.feed.post/3mfou4goklk2n,bafyreiabykmul4o2eroue7e2ijgc32hziwgyag7nrmawntj7zwae3msj6u,did:plc:aobkgz6khzavtdmd5ng3ilme,sleep.church,,
5a4fbaa1726044bb8f8150f94d304608,2026-02-25T15:00:00Z,2026-02-25T15:14:13Z,auth,auth_enUS_labelerexp,at://did:plc:cxuzwp5dzmxkrdr55qh25mgb/app.bsky.feed.generator/aaap2eo4gzzes,suggested_labelerexp,41,at://did:plc:e57u3jwaagv7zelssx4rwigl/app.bsky.feed.post/3mfotvueq3s2z,bafyreiepoqimvnaolt2ohpgbply5hqkk47mrromdzqpydmu7kxm2m4znoe,did:plc:e57u3jwaagv7zelssx4rwigl,myrskyvaris.bsky.social,,
5a4fbaa1726044bb8f8150f94d304608,2026-02-25T15:00:00Z,2026-02-25T15:14:13Z,auth,auth_enUS_labelerexp,at://did:plc:cxuzwp5dzmxkrdr55qh25mgb/app.bsky.feed.generator/aaap2eo4gzzes,suggested_labelerexp,42,at://did:plc:xgwsglaeq3w5z4kb3cbl2udt/app.bsky.feed.post/3mfottujs322s,bafyreiedgv2skfd5lkhq2cl7jg7jdho57n2xxd5q5e227uxrnzlglpzlnm,did:plc:xgwsglaeq3w5z4kb3cbl2udt,johnjohn.bsky.social,,
5a4fbaa1726044bb8f8150f94d304608,2026-02-25T15:00:00Z,2026-02-25T15:14:13Z,auth,auth_enUS_labelerexp,at://did:plc:cxuzwp5dzmxkrdr55qh25mgb/app.bsky.feed.generator/aaap2eo4gzzes,suggested_labelerexp,43,at://did:plc:oennkeaa5vpgsvp2i3iqhyxs/app.bsky.feed.post/3mfott5g54s2y,bafyreiccz7flcgj3dclektpa6t3atmdgntigmtp5hmwucubl4hn3agooaq,did:plc:oennkeaa5vpgsvp2i3iqhyxs,fuzzerhop.bsky.social,,
5a4fbaa1726044bb8f8150f94d304608,2026-02-25T15:00:00Z,2026-02-25T15:14:13Z,auth,auth_enUS_labelerexp,at://did:plc:cxuzwp5dzmxkrdr55qh25mgb/app.bsky.feed.generator/aaap2eo4gzzes,suggested_labelerexp,44,at://did:plc:usn5zjh7yiumpu272gk6k6lb/app.bsky.feed.post/3mfotr5qss22a,bafyreigzuigs3stqa5ne5binlz6njthbgmwrwuidm3ntrq74q33qdyjmqu,did:plc:usn5zjh7yiumpu272gk6k6lb,suchalando.bsky.social,,
5a4fbaa1726044bb8f8150f94d304608,2026-02-25T15:00:00Z,2026-02-25T15:14:13Z,auth,auth_enUS_labelerexp,at://did:plc:cxuzwp5dzmxkrdr55qh25mgb/app.bsky.feed.generator/aaap2eo4gzzes,suggested_labelerexp,45,at://did:plc:kcghdj3jfg7fx6jjhfhnljxv/app.bsky.feed.post/3mfotpzieys2u,bafyreibs7msxpibcqprjdjbede3ub7i4yaq7kdutwoxow7wwgodhebvhtq,did:plc:kcghdj3jfg7fx6jjhfhnljxv,hvvnter.bsky.social,,
5a4fbaa1726044bb8f8150f94d304608,2026-02-25T15:00:00Z,2026-02-25T15:14:13Z,auth,auth_enUS_labelerexp,at://did:plc:cxuzwp5dzmxkrdr55qh25mgb/app.bsky.feed.generator/aaap2eo4gzzes,suggested_labelerexp,46,at://did:plc:mb74tarhv2gbldpxudxrk7ca/app.bsky.feed.post/3mfotfqrw6k25,bafyreie4spa2ysqmxwtmgfxjgtk6ce256jzcfhwu2tibuy54javseqr5ea,did:plc:mb74tarhv2gbldpxudxrk7ca,therock1996fan.bsky.social,,
5a4fbaa1726044bb8f8150f94d304608,2026-02-25T15:00:00Z,2026-02-25T15:14:13Z,auth,auth_enUS_labelerexp,at://did:plc:cxuzwp5dzmxkrdr55qh25mgb/app.bsky.feed.generator/aaap2eo4gzzes,suggested_labelerexp,47,at://did:plc:fr7cv4kmksdjzna4dbltoemh/app.bsky.feed.post/3mfotbnsafc2a,bafyreibpkjckj2lmdxr2ycvabdonb7seit42z44vn7kvg2levaraa4rwlq,did:plc:fr7cv4kmksdjzna4dbltoemh,drwsplnd.com,,
5a4fbaa1726044bb8f8150f94d304608,2026-02-25T15:00:00Z,2026-02-25T15:14:13Z,auth,auth_enUS_labelerexp,at://did:plc:cxuzwp5dzmxkrdr55qh25mgb/app.bsky.feed.generator/aaap2eo4gzzes,suggested_labelerexp,48,at://did:plc:3xphejytpuo3ss6cejxsiv6t/app.bsky.feed.post/3mfot5nqt7c2u,bafyreigrq7bftb35ab3gk5xzeq2x6vk2dezd7sv74qxz4mhvmbjcqt4hxy,did:plc:3xphejytpuo3ss6cejxsiv6t,smd1983.bsky.social,,
5a4fbaa1726044bb8f8150f94d304608,2026-02-25T15:00:00Z,2026-02-25T15:14:13Z,auth,auth_enUS_labelerexp,at://did:plc:cxuzwp5dzmxkrdr55qh25mgb/app.bsky.feed.generator/aaap2eo4gzzes,suggested_labelerexp,49,at://did:plc:eptcjibuwd2u3fhr5fpogvmc/app.bsky.feed.post/3mfoszpy46s2c,bafyreiesc7ueen6alcibq42rd2s5vwerqf36xpfsxotx4tvpjxhi6u2mji,did:plc:eptcjibuwd2u3fhr5fpogvmc,secretagentm8.bsky.social,,
5a4fbaa1726044bb8f8150f94d304608,2026-02-25T15:00:00Z,2026-02-25T15:14:13Z,auth,auth_enUS_labelerexp,at://did:plc:cxuzwp5dzmxkrdr55qh25mgb/app.bsky.feed.generator/aaap2eo4gzzes,suggested_labelerexp,50,at://did:plc:7ssingpiouvbnyjlvtd4ivcn/app.bsky.feed.post/3mfosxopp3k26,bafyreighra3kqtap23tromwmkzvptms256kn3ivyn62xrcsofpcuydoc7i,did:plc:7ssingpiouvbnyjlvtd4ivcn,localswampgay.bsky.social,,
5a4fbaa1726044bb8f8150f94d304608,2026-02-25T15:00:00Z,2026-02-25T15:14:15Z,auth,auth_enUS_labelerexp,at://did:plc:ffkgesg3jsv2j7aagkzrtcvt/app.bsky.feed.generator/aaagllxbcbsje,suggested_labelerexp,1,at://did:plc:ffkgesg3jsv2j7aagkzrtcvt/app.bsky.feed.post/3lbg4r57yk22d,bafyreifmecz7ygej32noftqo5fhtpx62khw525fuqnkleeyqpw27dsuaiq,did:plc:ffkgesg3jsv2j7aagkzrtcvt,daryllmarie.bsky.social,,
5a4fbaa1726044bb8f8150f94d304608,2026-02-25T15:00:00Z,2026-02-25T15:14:15Z,auth,auth_enUS_labelerexp,at://did:plc:ffkgesg3jsv2j7aagkzrtcvt/app.bsky.feed.generator/aaagllxbcbsje,suggested_labelerexp,2,at://did:plc:dvmqpaw6qrrtmdi3evyvzbuc/app.bsky.feed.post/3mfoxth6jvs2x,bafyreidrfgukw6rczzadv3w2rrllpmwrytkwibpwhawrim74suldke3p5a,did:plc:dvmqpaw6qrrtmdi3evyvzbuc,tstld.bsky.social,,
5a4fbaa1726044bb8f8150f94d304608,2026-02-25T15:00:00Z,2026-02-25T15:14:15Z,auth,auth_enUS_labelerexp,at://did:plc:ffkgesg3jsv2j7aagkzrtcvt/app.bsky.feed.generator/aaagllxbcbsje,suggested_labelerexp,3,at://did:plc:pcps7efvzvu5r5yokgpwuijr/app.bsky.feed.post/3mfoxscbnt22h,bafyreigm5sbsaeio6o47bgreglrfvo27qp7nibnlbzgb3yuq45cddpgc2i,did:plc:pcps7efvzvu5r5yokgpwuijr,tamsphotography.bsky.social,,
5a4fbaa1726044bb8f8150f94d304608,2026-02-25T15:00:00Z,2026-02-25T15:14:15Z,auth,auth_enUS_labelerexp,at://did:plc:ffkgesg3jsv2j7aagkzrtcvt/app.bsky.feed.generator/aaagllxbcbsje,suggested_labelerexp,4,at://did:plc:x6ai3gz5wyvlmujfr6b5yhoy/app.bsky.feed.post/3mfoxp2pf6k22,bafyreicykjyj3cof62qlbmmtrtxuxpvhohtvippifom42x5fdz2f3m5yrq,did:plc:x6ai3gz5wyvlmujfr6b5yhoy,edinburghnature.bsky.social,,
5a4fbaa1726044bb8f8150f94d304608,2026-02-25T15:00:00Z,2026-02-25T15:14:15Z,auth,auth_enUS_labelerexp,at://did:plc:ffkgesg3jsv2j7aagkzrtcvt/app.bsky.feed.generator/aaagllxbcbsje,suggested_labelerexp,5,at://did:plc:yc24bugk4uj53jild4s36d2d/app.bsky.feed.post/3mfoxnmw3js2e,bafyreiefwtnhcnurh2x4wzdy7d4frt5khzdeq6h74ym3hxwawqqf56mxhm,did:plc:yc24bugk4uj53jild4s36d2d,jeanweller.bsky.social,,
5a4fbaa1726044bb8f8150f94d304608,2026-02-25T15:00:00Z,2026-02-25T15:14:15Z,auth,auth_enUS_labelerexp,at://did:plc:ffkgesg3jsv2j7aagkzrtcvt/app.bsky.feed.generator/aaagllxbcbsje,suggested_labelerexp,6,at://did:plc:wtpzcmhj4sglhd2lssnwpxzp/app.bsky.feed.post/3mfoxlwtgoc2x,bafyreifnsbzzhpjzjnh7j5x7y5v4pq6y6jlimapj6wqato2egdjadx6ami,did:plc:wtpzcmhj4sglhd2lssnwpxzp,krismgates.bsky.social,,
5a4fbaa1726044bb8f8150f94d304608,2026-02-25T15:00:00Z,2026-02-25T15:14:15Z,auth,auth_enUS_labelerexp,at://did:plc:ffkgesg3jsv2j7aagkzrtcvt/app.bsky.feed.generator/aaagllxbcbsje,suggested_labelerexp,7,at://did:plc:wtpzcmhj4sglhd2lssnwpxzp/app.bsky.feed.post/3mfoxlvhyzk2x,bafyreicovgjoao532p5zaxwbtceych6w4qhjhx3ezajted2b6azyioianm,did:plc:wtpzcmhj4sglhd2lssnwpxzp,krismgates.bsky.social,,
5a4fbaa1726044bb8f8150f94d304608,2026-02-25T15:00:00Z,2026-02-25T15:14:15Z,auth,auth_enUS_labelerexp,at://did:plc:ffkgesg3jsv2j7aagkzrtcvt/app.bsky.feed.generator/aaagllxbcbsje,suggested_labelerexp,8,at://did:plc:wtpzcmhj4sglhd2lssnwpxzp/app.bsky.feed.post/3mfoxlroie22x,bafyreihwvqmiiufhjgadmztk6k7tmntqfofxw5pp7fjrd3o6sglyhkk2b4,did:plc:wtpzcmhj4sglhd2lssnwpxzp,krismgates.bsky.social,,
5a4fbaa1726044bb8f8150f94d304608,2026-02-25T15:00:00Z,2026-02-25T15:14:15Z,auth,auth_enUS_labelerexp,at://did:plc:ffkgesg3jsv2j7aagkzrtcvt/app.bsky.feed.generator/aaagllxbcbsje,suggested_labelerexp,9,at://did:plc:wtpzcmhj4sglhd2lssnwpxzp/app.bsky.feed.post/3mfoxlkimv22x,bafyreihcbsqxlce366wnj3ysdvctcv34ii7kveargfqfhuax7riqqsxrpq,did:plc:wtpzcmhj4sglhd2lssnwpxzp,krismgates.bsky.social,,
5a4fbaa1726044bb8f8150f94d304608,2026-02-25T15:00:00Z,2026-02-25T15:14:15Z,auth,auth_enUS_labelerexp,at://did:plc:ffkgesg3jsv2j7aagkzrtcvt/app.bsky.feed.generator/aaagllxbcbsje,suggested_labelerexp,10,at://did:plc:wtpzcmhj4sglhd2lssnwpxzp/app.bsky.feed.post/3mfoxlnunw22x,bafyreicoisrxeiif76rcmfsgvq24bihi4emq3tg2o7ixowlcavtckssf6a,did:plc:wtpzcmhj4sglhd2lssnwpxzp,krismgates.bsky.social,,
5a4fbaa1726044bb8f8150f94d304608,2026-02-25T15:00:00Z,2026-02-25T15:14:15Z,auth,auth_enUS_labelerexp,at://did:plc:ffkgesg3jsv2j7aagkzrtcvt/app.bsky.feed.generator/aaagllxbcbsje,suggested_labelerexp,11,at://did:plc:rf3j5atvgtjhmevgzs4u4p3b/app.bsky.feed.post/3mfoxk2xxqs2q,bafyreidqnrdhjd37qo272adf5gj4h5o47fs3xcsa4exsn3mhkamkzbgyli,did:plc:rf3j5atvgtjhmevgzs4u4p3b,skyflyer81.bsky.social,,
5a4fbaa1726044bb8f8150f94d304608,2026-02-25T15:00:00Z,2026-02-25T15:14:15Z,auth,auth_enUS_labelerexp,at://did:plc:ffkgesg3jsv2j7aagkzrtcvt/app.bsky.feed.generator/aaagllxbcbsje,suggested_labelerexp,12,at://did:plc:gemaon4thdnrjwousuffbl73/app.bsky.feed.post/3mfoxk3its22a,bafyreicjgxnojxuklfrbf3gk3xu4nsjpzrtnbf27i544iemifnulrrhefi,did:plc:gemaon4thdnrjwousuffbl73,geertkb.bsky.social,,
5a4fbaa1726044bb8f8150f94d304608,2026-02-25T15:00:00Z,2026-02-25T15:14:15Z,auth,auth_enUS_labelerexp,at://did:plc:ffkgesg3jsv2j7aagkzrtcvt/app.bsky.feed.generator/aaagllxbcbsje,suggested_labelerexp,13,at://did:plc:74fusif3o3vfvqz22rd55d6x/app.bsky.feed.post/3mfoxjmb5ds2b,bafyreigf2xgqhlhbq6rm4ficehcg3hvxv2s2yttpvg72ik32ygfiv6xlne,did:plc:74fusif3o3vfvqz22rd55d6x,nucifraga.bsky.social,,
5a4fbaa1726044bb8f8150f94d304608,2026-02-25T15:00:00Z,2026-02-25T15:14:15Z,auth,auth_enUS_labelerexp,at://did:plc:ffkgesg3jsv2j7aagkzrtcvt/app.bsky.feed.generator/aaagllxbcbsje,suggested_labelerexp,14,at://did:plc:hox66gu2ekeejpk7zo2q7ifu/app.bsky.feed.post/3mfoxj3gsrs2u,bafyreiafkxpulbw6zm46kubedgorjzh4dpvur6ra5r3ed76e4a63zuz3uu,did:plc:hox66gu2ekeejpk7zo2q7ifu,paminnyc.bsky.social,,
5a4fbaa1726044bb8f8150f94d304608,2026-02-25T15:00:00Z,2026-02-25T15:14:15Z,auth,auth_enUS_labelerexp,at://did:plc:ffkgesg3jsv2j7aagkzrtcvt/app.bsky.feed.generator/aaagllxbcbsje,suggested_labelerexp,15,at://did:plc:4fztrvatava2oliiid3npz6p/app.bsky.feed.post/3mfoxi2j5yc2d,bafyreigz6rfuhf3qrik5o2vjfmqzuv7cdlpybjwuuldpraxn7tkkuzbjme,did:plc:4fztrvatava2oliiid3npz6p,hansbucht.bsky.social,,
5a4fbaa1726044bb8f8150f94d304608,2026-02-25T15:00:00Z,2026-02-25T15:14:15Z,auth,auth_enUS_labelerexp,at://did:plc:ffkgesg3jsv2j7aagkzrtcvt/app.bsky.feed.generator/aaagllxbcbsje,suggested_labelerexp,16,at://did:plc:4lldw2nzktbfayiktxuq5yto/app.bsky.feed.post/3mfoxehsnwk2m,bafyreigbb3vqg4r2uecljzi5cx4jtd6izxg7wlsgy5nuebk2lxsk52peby,did:plc:4lldw2nzktbfayiktxuq5yto,diplopodracer.bsky.social,,
5a4fbaa1726044bb8f8150f94d304608,2026-02-25T15:00:00Z,2026-02-25T15:14:15Z,auth,auth_enUS_labelerexp,at://did:plc:ffkgesg3jsv2j7aagkzrtcvt/app.bsky.feed.generator/aaagllxbcbsje,suggested_labelerexp,17,at://did:plc:tchbgwbychfzdxr7bdxk23b6/app.bsky.feed.post/3mfox7h4h5k2u,bafyreierhovrcxlxhvg25dnqbfk6553is2625qh2f7u5bgdxp57n7fduxq,did:plc:tchbgwbychfzdxr7bdxk23b6,rlpastore.bsky.social,,
5a4fbaa1726044bb8f8150f94d304608,2026-02-25T15:00:00Z,2026-02-25T15:14:15Z,auth,auth_enUS_labelerexp,at://did:plc:ffkgesg3jsv2j7aagkzrtcvt/app.bsky.feed.generator/aaagllxbcbsje,suggested_labelerexp,18,at://did:plc:gkoaejegpwaf4vfct7iinhho/app.bsky.feed.post/3mfox6lif4c2q,bafyreicngtuvmewevu5p25ixoy3pe3fn3vx7tshtwypsohaiknxzepdwqa,did:plc:gkoaejegpwaf4vfct7iinhho,jamesfalletti.bsky.social,,
5a4fbaa1726044bb8f8150f94d304608,2026-02-25T15:00:00Z,2026-02-25T15:14:15Z,auth,auth_enUS_labelerexp,at://did:plc:ffkgesg3jsv2j7aagkzrtcvt/app.bsky.feed.generator/aaagllxbcbsje,suggested_labelerexp,19,at://did:plc:rs2fy63p46b5jrezzqflmbif/app.bsky.feed.post/3mfox5bxqj22k,bafyreig2dya27w27t6uigwzfvzfqxqilb3ej64ogl5i74deaabxygzmyve,did:plc:rs2fy63p46b5jrezzqflmbif,albap93.bsky.social,,
5a4fbaa1726044bb8f8150f94d304608,2026-02-25T15:00:00Z,2026-02-25T15:14:15Z,auth,auth_enUS_labelerexp,at://did:plc:ffkgesg3jsv2j7aagkzrtcvt/app.bsky.feed.generator/aaagllxbcbsje,suggested_labelerexp,20,at://did:plc:diuigors6pu2ysemakuwj2lp/app.bsky.feed.post/3mfox5bwy3t2t,bafyreice3pi2lc3buea4tztct6nkwvw7m7vzdsyess5wnktvtt7rvsj544,did:plc:diuigors6pu2ysemakuwj2lp,krowbutt.bsky.social,,
5a4fbaa1726044bb8f8150f94d304608,2026-02-25T15:00:00Z,2026-02-25T15:14:15Z,auth,auth_enUS_labelerexp,at://did:plc:ffkgesg3jsv2j7aagkzrtcvt/app.bsky.feed.generator/aaagllxbcbsje,suggested_labelerexp,21,at://did:plc:wkqeqw7cqphqly76l5cd5l7m/app.bsky.feed.post/3mfox3b6gsk2o,bafyreidyytnac6hen7kmzwurzjxhtaqvlfgkjdiszm3qhholntqn7ruiaa,did:plc:wkqeqw7cqphqly76l5cd5l7m,thenaturalstone.bsky.social,,
5a4fbaa1726044bb8f8150f94d304608,2026-02-25T15:00:00Z,2026-02-25T15:14:15Z,auth,auth_enUS_labelerexp,at://did:plc:ffkgesg3jsv2j7aagkzrtcvt/app.bsky.feed.generator/aaagllxbcbsje,suggested_labelerexp,22,at://did:plc:eqmjv2klewnd75347s5lucui/app.bsky.feed.post/3mfowyz5lwc2t,bafyreigr7vtxwn5kvp5uwmwwxhuggvy73r6gulljdevqrq5hfyaliizbt4,did:plc:eqmjv2klewnd75347s5lucui,bbirds.bsky.social,,
5a4fbaa1726044bb8f8150f94d304608,2026-02-25T15:00:00Z,2026-02-25T15:14:15Z,auth,auth_enUS_labelerexp,at://did:plc:ffkgesg3jsv2j7aagkzrtcvt/app.bsky.feed.generator/aaagllxbcbsje,suggested_labelerexp,23,at://did:plc:xzzg6xskn2qfrtaly4q3vvix/app.bsky.feed.post/3mfowvc5vak2b,bafyreic2smmpodla7e5pq2j22b3a6bopxyb4ksjxrteo3ff4pr4ul2tzi4,did:plc:xzzg6xskn2qfrtaly4q3vvix,senorjefe.bsky.social,,
5a4fbaa1726044bb8f8150f94d304608,2026-02-25T15:00:00Z,2026-02-25T15:14:15Z,auth,auth_enUS_labelerexp,at://did:plc:ffkgesg3jsv2j7aagkzrtcvt/app.bsky.feed.generator/aaagllxbcbsje,suggested_labelerexp,24,at://did:plc:7igljqtyluz5uok65njjvqce/app.bsky.feed.post/3mfowubgjmk26,bafyreihe35rkxiqz4mybng2uwskmsuyneknywlxuka7opdiez7i3dl6nzm,did:plc:7igljqtyluz5uok65njjvqce,torbergen.bsky.social,,
5a4fbaa1726044bb8f8150f94d304608,2026-02-25T15:00:00Z,2026-02-25T15:14:15Z,auth,auth_enUS_labelerexp,at://did:plc:ffkgesg3jsv2j7aagkzrtcvt/app.bsky.feed.generator/aaagllxbcbsje,suggested_labelerexp,25,at://did:plc:2fbl6f2vqqmggphluulndnsd/app.bsky.feed.post/3mfowtycwks2s,bafyreihjevqtxqadoly7ickjhqclx5jrrcljeeqdzqdxnjflri4dliqhgm,did:plc:2fbl6f2vqqmggphluulndnsd,simonpatient1.bsky.social,,
5a4fbaa1726044bb8f8150f94d304608,2026-02-25T15:00:00Z,2026-02-25T15:14:15Z,auth,auth_enUS_labelerexp,at://did:plc:ffkgesg3jsv2j7aagkzrtcvt/app.bsky.feed.generator/aaagllxbcbsje,suggested_labelerexp,26,at://did:plc:5jmoylrtp2n7uhvhmmlqppsk/app.bsky.feed.post/3mfowp4sz322i,bafyreickkxynfoeh2jse77wsb3nwlbggswm7rmukigfhgeckx36gl4mvbu,did:plc:5jmoylrtp2n7uhvhmmlqppsk,onlyveesaz.bsky.social,,
5a4fbaa1726044bb8f8150f94d304608,2026-02-25T15:00:00Z,2026-02-25T15:14:15Z,auth,auth_enUS_labelerexp,at://did:plc:ffkgesg3jsv2j7aagkzrtcvt/app.bsky.feed.generator/aaagllxbcbsje,suggested_labelerexp,27,at://did:plc:uq73hz3mc7pk6z43j7d4asc6/app.bsky.feed.post/3mfowohcazs2y,bafyreigqzebnkruhyocexzu44xvlihhwjitptzdvfhsxktaaflkkzh5p7y,did:plc:uq73hz3mc7pk6z43j7d4asc6,crawlieswithcri.bsky.social,,
5a4fbaa1726044bb8f8150f94d304608,2026-02-25T15:00:00Z,2026-02-25T15:14:15Z,auth,auth_enUS_labelerexp,at://did:plc:ffkgesg3jsv2j7aagkzrtcvt/app.bsky.feed.generator/aaagllxbcbsje,suggested_labelerexp,28,at://did:plc:3xnmucmo6wa6vn7rsr5hi6tn/app.bsky.feed.post/3mfowo7gx222c,bafyreidx3bncg77yrv3wmfswb3tftufjkbykpg3t7d3ku6tkkln46j5kau,did:plc:3xnmucmo6wa6vn7rsr5hi6tn,thekristeno.bsky.social,,
5a4fbaa1726044bb8f8150f94d304608,2026-02-25T15:00:00Z,2026-02-25T15:14:15Z,auth,auth_enUS_labelerexp,at://did:plc:ffkgesg3jsv2j7aagkzrtcvt/app.bsky.feed.generator/aaagllxbcbsje,suggested_labelerexp,29,at://did:plc:7mlcx4t34nwy45qsiz3trijz/app.bsky.feed.post/3mfown4uyg222,bafyreiazhbxmpht5whcao46fr2xvoqfrstkfvyhnzjxwmsb3wlygobgu5e,did:plc:7mlcx4t34nwy45qsiz3trijz,fishburgler.bsky.social,,
5a4fbaa1726044bb8f8150f94d304608,2026-02-25T15:00:00Z,2026-02-25T15:14:15Z,auth,auth_enUS_labelerexp,at://did:plc:ffkgesg3jsv2j7aagkzrtcvt/app.bsky.feed.generator/aaagllxbcbsje,suggested_labelerexp,30,at://did:plc:fxuqnsqsrdmylfqo5uyqwiby/app.bsky.feed.post/3mfowlo22ls2l,bafyreibrs5flmshbxh3psutwdtn7snrwkx6jk6n2yhbupblorlygkiyctq,did:plc:fxuqnsqsrdmylfqo5uyqwiby,ag-rader.bsky.social,,
5a4fbaa1726044bb8f8150f94d304608,2026-02-25T15:00:00Z,2026-02-25T15:14:15Z,auth,auth_enUS_labelerexp,at://did:plc:ffkgesg3jsv2j7aagkzrtcvt/app.bsky.feed.generator/aaagllxbcbsje,suggested_labelerexp,31,at://did:plc:woi7wqec5v5e2hdun6j5nxoz/app.bsky.feed.post/3mfowlb77522y,bafyreifgyj2xqs67dhgxef6hqq7oyooowup4aotn7mepet5zwyoecpma3a,did:plc:woi7wqec5v5e2hdun6j5nxoz,reddfrogg.bsky.social,,
5a4fbaa1726044bb8f8150f94d304608,2026-02-25T15:00:00Z,2026-02-25T15:14:15Z,auth,auth_enUS_labelerexp,at://did:plc:ffkgesg3jsv2j7aagkzrtcvt/app.bsky.feed.generator/aaagllxbcbsje,suggested_labelerexp,32,at://did:plc:3xnmucmo6wa6vn7rsr5hi6tn/app.bsky.feed.post/3mfowkt225s2c,bafyreihnmofodgf6tlwu2pg4zhfuzi3b62hw7t54fv5zgwxkz55gm26stu,did:plc:3xnmucmo6wa6vn7rsr5hi6tn,thekristeno.bsky.social,,
5a4fbaa1726044bb8f8150f94d304608,2026-02-25T15:00:00Z,2026-02-25T15:14:15Z,auth,auth_enUS_labelerexp,at://did:plc:ffkgesg3jsv2j7aagkzrtcvt/app.bsky.feed.generator/aaagllxbcbsje,suggested_labelerexp,33,at://did:plc:dicigucodk2camo5hvtqhs3z/app.bsky.feed.post/3mfowkcazlk24,bafyreiatcwbbwtapmh4upewz27x7mwov4tu5qg5qxiarg73dppb2lkznh4,did:plc:dicigucodk2camo5hvtqhs3z,mmcstl.bsky.social,,
5a4fbaa1726044bb8f8150f94d304608,2026-02-25T15:00:00Z,2026-02-25T15:14:15Z,auth,auth_enUS_labelerexp,at://did:plc:ffkgesg3jsv2j7aagkzrtcvt/app.bsky.feed.generator/aaagllxbcbsje,suggested_labelerexp,34,at://did:plc:diuigors6pu2ysemakuwj2lp/app.bsky.feed.post/3mfowjm2cgc2t,bafyreibuoyatlufxsv4zq6o3zqrzmzmwafdr7qg7fum2g435elxwu5rhnq,did:plc:diuigors6pu2ysemakuwj2lp,krowbutt.bsky.social,,
5a4fbaa1726044bb8f8150f94d304608,2026-02-25T15:00:00Z,2026-02-25T15:14:15Z,auth,auth_enUS_labelerexp,at://did:plc:ffkgesg3jsv2j7aagkzrtcvt/app.bsky.feed.generator/aaagllxbcbsje,suggested_labelerexp,35,at://did:plc:5fhpuzayxpv2xwfqd7aewln2/app.bsky.feed.post/3mfowjuqkps2p,bafyreifkbiuttng34fsjo3ztxye2gz6lgp4dzpqsrgplr3pndl4uk6lltm,did:plc:5fhpuzayxpv2xwfqd7aewln2,marybooknerd.bsky.social,,
5a4fbaa1726044bb8f8150f94d304608,2026-02-25T15:00:00Z,2026-02-25T15:14:15Z,auth,auth_enUS_labelerexp,at://did:plc:ffkgesg3jsv2j7aagkzrtcvt/app.bsky.feed.generator/aaagllxbcbsje,suggested_labelerexp,36,at://did:plc:rs2fy63p46b5jrezzqflmbif/app.bsky.feed.post/3mfowimqwi22j,bafyreiesqo4oedx5k5ipfpvcxenbqn6zbs4bmd5trxe7nrd6j4p2jg2rja,did:plc:rs2fy63p46b5jrezzqflmbif,albap93.bsky.social,,
5a4fbaa1726044bb8f8150f94d304608,2026-02-25T15:00:00Z,2026-02-25T15:14:15Z,auth,auth_enUS_labelerexp,at://did:plc:ffkgesg3jsv2j7aagkzrtcvt/app.bsky.feed.generator/aaagllxbcbsje,suggested_labelerexp,37,at://did:plc:pcs5yth76l5cyki623vhh6ga/app.bsky.feed.post/3mfowirgbrk2w,bafyreifq255kmf4u7qa7ut6zez2gfxcnk5vzevbxoigjcre3lu56c22c2m,did:plc:pcs5yth76l5cyki623vhh6ga,boesephotography.bsky.social,,
5a4fbaa1726044bb8f8150f94d304608,2026-02-25T15:00:00Z,2026-02-25T15:14:15Z,auth,auth_enUS_labelerexp,at://did:plc:ffkgesg3jsv2j7aagkzrtcvt/app.bsky.feed.generator/aaagllxbcbsje,suggested_labelerexp,38,at://did:plc:35nezhhudhafnf7jmlo5yzby/app.bsky.feed.post/3mfowfnc7is2i,bafyreih4gkf6hfuj5zzrg6eyipbud5hbisl56fkxinugwjp2sfcvngkb4y,did:plc:35nezhhudhafnf7jmlo5yzby,kokopellidesign.bsky.social,,
5a4fbaa1726044bb8f8150f94d304608,2026-02-25T15:00:00Z,2026-02-25T15:14:15Z,auth,auth_enUS_labelerexp,at://did:plc:ffkgesg3jsv2j7aagkzrtcvt/app.bsky.feed.generator/aaagllxbcbsje,suggested_labelerexp,39,at://did:plc:uq73hz3mc7pk6z43j7d4asc6/app.bsky.feed.post/3mfowgc6m6c2y,bafyreigvi4lgy7p25gyt3wf4duprxl5woghj7et27nqw63kea4rlnwydsy,did:plc:uq73hz3mc7pk6z43j7d4asc6,crawlieswithcri.bsky.social,,
5a4fbaa1726044bb8f8150f94d304608,2026-02-25T15:00:00Z,2026-02-25T15:14:15Z,auth,auth_enUS_labelerexp,at://did:plc:ffkgesg3jsv2j7aagkzrtcvt/app.bsky.feed.generator/aaagllxbcbsje,suggested_labelerexp,40,at://did:plc:5gs67et3kwvhano5scungo26/app.bsky.feed.post/3mfowe5cezc22,bafyreif22s7k47lapwxxpge36bthjqkpkrnjsi4lc7njh2rs52p5giyesy,did:plc:5gs67et3kwvhano5scungo26,jenteo.bsky.social,,
5a4fbaa1726044bb8f8150f94d304608,2026-02-25T15:00:00Z,2026-02-25T15:14:15Z,auth,auth_enUS_labelerexp,at://did:plc:ffkgesg3jsv2j7aagkzrtcvt/app.bsky.feed.generator/aaagllxbcbsje,suggested_labelerexp,41,at://did:plc:ndjgcc46kzmdtqo4scyfe5sp/app.bsky.feed.post/3mfowanmm7i2n,bafyreicajld63bru7cyywropja3ycjconm34jzdlfnbtzhsh2fz6n5aghy,did:plc:ndjgcc46kzmdtqo4scyfe5sp,1184outdoors.bsky.social,,
5a4fbaa1726044bb8f8150f94d304608,2026-02-25T15:00:00Z,2026-02-25T15:14:15Z,auth,auth_enUS_labelerexp,at://did:plc:ffkgesg3jsv2j7aagkzrtcvt/app.bsky.feed.generator/aaagllxbcbsje,suggested_labelerexp,42,at://did:plc:jeqyd6ipr3djgn5ea32mxyoh/app.bsky.feed.post/3mfow76ot2c25,bafyreicehnkzrxk6a7nycsokjccsqeoz6wb53nn3nm54fuffwbqyle2zjq,did:plc:jeqyd6ipr3djgn5ea32mxyoh,albatrossity.bsky.social,,
5a4fbaa1726044bb8f8150f94d304608,2026-02-25T15:00:00Z,2026-02-25T15:14:15Z,auth,auth_enUS_labelerexp,at://did:plc:ffkgesg3jsv2j7aagkzrtcvt/app.bsky.feed.generator/aaagllxbcbsje,suggested_labelerexp,43,at://did:plc:kplgqg4fljkfa7bcd4nejydj/app.bsky.feed.post/3mfow6wyiac2p,bafyreibbxcwjxkbagmj5za5izde24zd4dytlx765eymocdxr2ktqbgztty,did:plc:kplgqg4fljkfa7bcd4nejydj,pkpics.bsky.social,,
5a4fbaa1726044bb8f8150f94d304608,2026-02-25T15:00:00Z,2026-02-25T15:14:15Z,auth,auth_enUS_labelerexp,at://did:plc:ffkgesg3jsv2j7aagkzrtcvt/app.bsky.feed.generator/aaagllxbcbsje,suggested_labelerexp,44,at://did:plc:gemaon4thdnrjwousuffbl73/app.bsky.feed.post/3mfow6s6bo22a,bafyreic47pbf54udk3mzrngcipzftg5szwfhsfgcoep65o2zgk4okelg2i,did:plc:gemaon4thdnrjwousuffbl73,geertkb.bsky.social,,
5a4fbaa1726044bb8f8150f94d304608,2026-02-25T15:00:00Z,2026-02-25T15:14:15Z,auth,auth_enUS_labelerexp,at://did:plc:ffkgesg3jsv2j7aagkzrtcvt/app.bsky.feed.generator/aaagllxbcbsje,suggested_labelerexp,45,at://did:plc:uq73hz3mc7pk6z43j7d4asc6/app.bsky.feed.post/3mfow5jduy22y,bafyreichmn5adhzdvkvic4mrvnjn5lmnmiar57jeoocgrv5u4m7dhkjtly,did:plc:uq73hz3mc7pk6z43j7d4asc6,crawlieswithcri.bsky.social,,
5a4fbaa1726044bb8f8150f94d304608,2026-02-25T15:00:00Z,2026-02-25T15:14:15Z,auth,auth_enUS_labelerexp,at://did:plc:ffkgesg3jsv2j7aagkzrtcvt/app.bsky.feed.generator/aaagllxbcbsje,suggested_labelerexp,46,at://did:plc:4vo5dzrho2o47cay5hi5l2zf/app.bsky.feed.post/3mfow2yfhgc2r,bafyreib5df4l6rcqz4ifnh5j4v5veixwzqin5ofmf4hajbso3szqaxctmu,did:plc:4vo5dzrho2o47cay5hi5l2zf,jay-shrike.bsky.social,,
5a4fbaa1726044bb8f8150f94d304608,2026-02-25T15:00:00Z,2026-02-25T15:14:15Z,auth,auth_enUS_labelerexp,at://did:plc:ffkgesg3jsv2j7aagkzrtcvt/app.bsky.feed.generator/aaagllxbcbsje,suggested_labelerexp,47,at://did:plc:6k5cuwrftfbvhzfuslqrhf32/app.bsky.feed.post/3mfovwm4ezs2f,bafyreigfm2irqa5civcghyyba45au6ynlmokai2c4kc5mffwgi37omv6za,did:plc:6k5cuwrftfbvhzfuslqrhf32,azgibsonz.bsky.social,,
5a4fbaa1726044bb8f8150f94d304608,2026-02-25T15:00:00Z,2026-02-25T15:14:15Z,auth,auth_enUS_labelerexp,at://did:plc:ffkgesg3jsv2j7aagkzrtcvt/app.bsky.feed.generator/aaagllxbcbsje,suggested_labelerexp,48,at://did:plc:sylrrxyk4mszvfcgk5lbz4qa/app.bsky.feed.post/3mfovvhg6ss2d,bafyreidsbnsdkxap2h2ml2wfmcd7s2bwdy43mswkyvcvso4ti5neyqhftq,did:plc:sylrrxyk4mszvfcgk5lbz4qa,wieldinglogic.com,,
5a4fbaa1726044bb8f8150f94d304608,2026-02-25T15:00:00Z,2026-02-25T15:14:15Z,auth,auth_enUS_labelerexp,at://did:plc:ffkgesg3jsv2j7aagkzrtcvt/app.bsky.feed.generator/aaagllxbcbsje,suggested_labelerexp,49,at://did:plc:jeqyd6ipr3djgn5ea32mxyoh/app.bsky.feed.post/3mfovnln7l225,bafyreia6xsvvarmqx5ot37z4kzuqdheeafhysodnkwbazxh7y4rjvgnd2m,did:plc:jeqyd6ipr3djgn5ea32mxyoh,albatrossity.bsky.social,,
5a4fbaa1726044bb8f8150f94d304608,2026-02-25T15:00:00Z,2026-02-25T15:14:15Z,auth,auth_enUS_labelerexp,at://did:plc:ffkgesg3jsv2j7aagkzrtcvt/app.bsky.feed.generator/aaagllxbcbsje,suggested_labelerexp,50,at://did:plc:rr7yfhtxygg7djiadwshqdas/app.bsky.feed.post/3mfovnimupa24,bafyreiei26wpu556dil6q5ihsvn75remjppilzcfw3trsqz6yf7e6c5ahq,did:plc:rr7yfhtxygg7djiadwshqdas,blindedbylife.bsky.social,,
5a4fbaa1726044bb8f8150f94d304608,2026-02-25T15:00:00Z,2026-02-25T15:14:17Z,auth,auth_enUS_labelerexp,at://did:plc:hf7ezrajxadu7v3tzcyij424/app.bsky.feed.generator/aaap7dpu57ve6,suggested_labelerexp,1,at://did:plc:elkgiaaat24uvrdfkbucqc4d/app.bsky.feed.post/3mfovyiwy2c2h,bafyreihxelskz7fhs34ufvp2t24fbonevkywz3svdbi2rmlyt7xn2dapsm,did:plc:elkgiaaat24uvrdfkbucqc4d,sabrbbcards.bsky.social,,
5a4fbaa1726044bb8f8150f94d304608,2026-02-25T15:00:00Z,2026-02-25T15:14:17Z,auth,auth_enUS_labelerexp,at://did:plc:hf7ezrajxadu7v3tzcyij424/app.bsky.feed.generator/aaap7dpu57ve6,suggested_labelerexp,2,at://did:plc:bah2azodkviszc4qrjdywqoi/app.bsky.feed.post/3mfotsxtehh2s,bafyreih6bxlwzrckcb2qef2y7ekedowptipo7ow5knmpbiktraruyqsvye,did:plc:bah2azodkviszc4qrjdywqoi,fangraphs.com,,
5a4fbaa1726044bb8f8150f94d304608,2026-02-25T15:00:00Z,2026-02-25T15:14:17Z,auth,auth_enUS_labelerexp,at://did:plc:hf7ezrajxadu7v3tzcyij424/app.bsky.feed.generator/aaap7dpu57ve6,suggested_labelerexp,3,at://did:plc:lbwg6oe47u3havj6gjnlny5j/app.bsky.feed.post/3mfoq54qkq32c,bafyreidio6sfacrl2ufjrkaoscoscrvilddpupokw5sgmhhibjg6ardt6a,did:plc:lbwg6oe47u3havj6gjnlny5j,baseball-reference.com,,
5a4fbaa1726044bb8f8150f94d304608,2026-02-25T15:00:00Z,2026-02-25T15:14:17Z,auth,auth_enUS_labelerexp,at://did:plc:hf7ezrajxadu7v3tzcyij424/app.bsky.feed.generator/aaap7dpu57ve6,suggested_labelerexp,4,at://did:plc:7f4vpvbsqyptuj73gqldy2zz/app.bsky.feed.post/3mfovoakre22x,bafyreieudhwygyfij5u2ny2xols6rgx2htyyyezu3fzml3fze3mrpfm6uu,did:plc:7f4vpvbsqyptuj73gqldy2zz,jimleeke.bsky.social,,
5a4fbaa1726044bb8f8150f94d304608,2026-02-25T15:00:00Z,2026-02-25T15:14:17Z,auth,auth_enUS_labelerexp,at://did:plc:hf7ezrajxadu7v3tzcyij424/app.bsky.feed.generator/aaap7dpu57ve6,suggested_labelerexp,5,at://did:plc:krtgzfixmfafx4ndpywlfmsm/app.bsky.feed.post/3mfowgpmpcc2j,bafyreic3jipnleck56pw4ooqf37mrkgsiyn4jhsz3mmuqvigcofsoarxle,did:plc:krtgzfixmfafx4ndpywlfmsm,mlbtraderumors.bsky.social,,
5a4fbaa1726044bb8f8150f94d304608,2026-02-25T15:00:00Z,2026-02-25T15:14:17Z,auth,auth_enUS_labelerexp,at://did:plc:hf7ezrajxadu7v3tzcyij424/app.bsky.feed.generator/aaap7dpu57ve6,suggested_labelerexp,6,at://did:plc:vok3j6g7yrv63grj4to7byio/app.bsky.feed.post/3mfor4hybz22e,bafyreiaggfbnbmmrxslhrqvt7b6hadxzhpo3fl2q4fhlrawsj52cvzomzq,did:plc:vok3j6g7yrv63grj4to7byio,bsmile.bsky.social,,
5a4fbaa1726044bb8f8150f94d304608,2026-02-25T15:00:00Z,2026-02-25T15:14:17Z,auth,auth_enUS_labelerexp,at://did:plc:hf7ezrajxadu7v3tzcyij424/app.bsky.feed.generator/aaap7dpu57ve6,suggested_labelerexp,7,at://did:plc:vok3j6g7yrv63grj4to7byio/app.bsky.feed.post/3mfor4hybz22e,bafyreiaggfbnbmmrxslhrqvt7b6hadxzhpo3fl2q4fhlrawsj52cvzomzq,did:plc:vok3j6g7yrv63grj4to7byio,bsmile.bsky.social,,
5a4fbaa1726044bb8f8150f94d304608,2026-02-25T15:00:00Z,2026-02-25T15:14:17Z,auth,auth_enUS_labelerexp,at://did:plc:hf7ezrajxadu7v3tzcyij424/app.bsky.feed.generator/aaap7dpu57ve6,suggested_labelerexp,8,at://did:plc:idooavtb3a4mlluqclqzel5p/app.bsky.feed.post/3mfou7r7gl22p,bafyreiav4b6huovcyeydqstc77rfjpt56yqxdjyvf6hkfmtfjzdtyj6qz4,did:plc:idooavtb3a4mlluqclqzel5p,adammccalvy.bsky.social,,
5a4fbaa1726044bb8f8150f94d304608,2026-02-25T15:00:00Z,2026-02-25T15:14:17Z,auth,auth_enUS_labelerexp,at://did:plc:hf7ezrajxadu7v3tzcyij424/app.bsky.feed.generator/aaap7dpu57ve6,suggested_labelerexp,9,at://did:plc:2qp3mjjik36rqjyibni3y6le/app.bsky.feed.post/3mfoscvq5rk2e,bafyreieah5xo55tssan3a5lbdrh42jny37rmdgplbxjury6rorkd67x55q,did:plc:2qp3mjjik36rqjyibni3y6le,jessymacedo.bsky.social,,
5a4fbaa1726044bb8f8150f94d304608,2026-02-25T15:00:00Z,2026-02-25T15:14:17Z,auth,auth_enUS_labelerexp,at://did:plc:hf7ezrajxadu7v3tzcyij424/app.bsky.feed.generator/aaap7dpu57ve6,suggested_labelerexp,10,at://did:plc:rpewvlhmoeqxjl4eljwj6kuk/app.bsky.feed.post/3mforut6lhs2r,bafyreiaf2u27a76rouy3b5qysnsksphm4abb66xz6chsn6gc4iflc3nevy,did:plc:rpewvlhmoeqxjl4eljwj6kuk,thirtyballparks.bsky.social,,
5a4fbaa1726044bb8f8150f94d304608,2026-02-25T15:00:00Z,2026-02-25T15:14:17Z,auth,auth_enUS_labelerexp,at://did:plc:hf7ezrajxadu7v3tzcyij424/app.bsky.feed.generator/aaap7dpu57ve6,suggested_labelerexp,11,at://did:plc:vok3j6g7yrv63grj4to7byio/app.bsky.feed.post/3mfoskxjl7s2e,bafyreih7ibt7hpx5qlg5immyil5d5cvzd55gayvrwjuenprzret7sxoqyq,did:plc:vok3j6g7yrv63grj4to7byio,bsmile.bsky.social,,
5a4fbaa1726044bb8f8150f94d304608,2026-02-25T15:00:00Z,2026-02-25T15:14:17Z,auth,auth_enUS_labelerexp,at://did:plc:hf7ezrajxadu7v3tzcyij424/app.bsky.feed.generator/aaap7dpu57ve6,suggested_labelerexp,12,at://did:plc:vok3j6g7yrv63grj4to7byio/app.bsky.feed.post/3mfoskxjl7s2e,bafyreih7ibt7hpx5qlg5immyil5d5cvzd55gayvrwjuenprzret7sxoqyq,did:plc:vok3j6g7yrv63grj4to7byio,bsmile.bsky.social,,
5a4fbaa1726044bb8f8150f94d304608,2026-02-25T15:00:00Z,2026-02-25T15:14:17Z,auth,auth_enUS_labelerexp,at://did:plc:hf7ezrajxadu7v3tzcyij424/app.bsky.feed.generator/aaap7dpu57ve6,suggested_labelerexp,13,at://did:plc:idooavtb3a4mlluqclqzel5p/app.bsky.feed.post/3mfotzpdpzc2p,bafyreif2pxcyk5f6dggazqdoidyg2iuruqrsykefr2kciikz46gojnbvtq,did:plc:idooavtb3a4mlluqclqzel5p,adammccalvy.bsky.social,,
5a4fbaa1726044bb8f8150f94d304608,2026-02-25T15:00:00Z,2026-02-25T15:14:17Z,auth,auth_enUS_labelerexp,at://did:plc:hf7ezrajxadu7v3tzcyij424/app.bsky.feed.generator/aaap7dpu57ve6,suggested_labelerexp,14,at://did:plc:gpzumzyrdogumlixcztwtaxq/app.bsky.feed.post/3mfowq4rtk22g,bafyreibwsqpg44iijggvh2jrtc36n35bsnt23vguuxvwid4bi67kwap5nq,did:plc:gpzumzyrdogumlixcztwtaxq,mattweiner19.bsky.social,,
5a4fbaa1726044bb8f8150f94d304608,2026-02-25T15:00:00Z,2026-02-25T15:14:17Z,auth,auth_enUS_labelerexp,at://did:plc:hf7ezrajxadu7v3tzcyij424/app.bsky.feed.generator/aaap7dpu57ve6,suggested_labelerexp,15,at://did:plc:vok3j6g7yrv63grj4to7byio/app.bsky.feed.post/3mfoqsddz7c2e,bafyreicxrdbegc63wekjt6cvipje6rl6glqh243n36bp65dxy3j3ycmxpm,did:plc:vok3j6g7yrv63grj4to7byio,bsmile.bsky.social,,
5a4fbaa1726044bb8f8150f94d304608,2026-02-25T15:00:00Z,2026-02-25T15:14:17Z,auth,auth_enUS_labelerexp,at://did:plc:hf7ezrajxadu7v3tzcyij424/app.bsky.feed.generator/aaap7dpu57ve6,suggested_labelerexp,16,at://did:plc:vok3j6g7yrv63grj4to7byio/app.bsky.feed.post/3mfoqsddz7c2e,bafyreicxrdbegc63wekjt6cvipje6rl6glqh243n36bp65dxy3j3ycmxpm,did:plc:vok3j6g7yrv63grj4to7byio,bsmile.bsky.social,,
5a4fbaa1726044bb8f8150f94d304608,2026-02-25T15:00:00Z,2026-02-25T15:14:17Z,auth,auth_enUS_labelerexp,at://did:plc:hf7ezrajxadu7v3tzcyij424/app.bsky.feed.generator/aaap7dpu57ve6,suggested_labelerexp,17,at://did:plc:2vsyogoj77zilcaozwb6qrah/app.bsky.feed.post/3mfouzis3tj2m,bafyreigfzqrcqpylxksa3steep2g44woatu5ef7k7um7usykiiiyqi6p2a,did:plc:2vsyogoj77zilcaozwb6qrah,twinsdaily.com,,
5a4fbaa1726044bb8f8150f94d304608,2026-02-25T15:00:00Z,2026-02-25T15:14:17Z,auth,auth_enUS_labelerexp,at://did:plc:hf7ezrajxadu7v3tzcyij424/app.bsky.feed.generator/aaap7dpu57ve6,suggested_labelerexp,18,at://did:plc:skdtaqm6rsfyzxkhm52annce/app.bsky.feed.post/3mfopy6csas2s,bafyreieqfzky2c6cjvsjkr2drpfjkzhfpascro6pfphclrw2zh6lar3cim,did:plc:skdtaqm6rsfyzxkhm52annce,adrew.dadguy.help,,
5a4fbaa1726044bb8f8150f94d304608,2026-02-25T15:00:00Z,2026-02-25T15:14:17Z,auth,auth_enUS_labelerexp,at://did:plc:hf7ezrajxadu7v3tzcyij424/app.bsky.feed.generator/aaap7dpu57ve6,suggested_labelerexp,19,at://did:plc:o33vfkyixpapf7asqubls2j5/app.bsky.feed.post/3mfonyv2ous2c,bafyreig4ifsd7fl57ogea2sfnenpo7276ceubve46ot2qtgejfj5o2nm3u,did:plc:o33vfkyixpapf7asqubls2j5,seventhquark.bsky.social,,
5a4fbaa1726044bb8f8150f94d304608,2026-02-25T15:00:00Z,2026-02-25T15:14:17Z,auth,auth_enUS_labelerexp,at://did:plc:hf7ezrajxadu7v3tzcyij424/app.bsky.feed.generator/aaap7dpu57ve6,suggested_labelerexp,20,at://did:plc:7mjbn64fshkrr6fr5uzeqzrs/app.bsky.feed.post/3mfouf2jfl22w,bafyreif3mdmi4cdotj7uhx4enidywlhbacf7p2wzn7ywzlns4ocf3lzgeq,did:plc:7mjbn64fshkrr6fr5uzeqzrs,tranniehathaway.bsky.social,,
5a4fbaa1726044bb8f8150f94d304608,2026-02-25T15:00:00Z,2026-02-25T15:14:17Z,auth,auth_enUS_labelerexp,at://did:plc:hf7ezrajxadu7v3tzcyij424/app.bsky.feed.generator/aaap7dpu57ve6,suggested_labelerexp,21,at://did:plc:vok3j6g7yrv63grj4to7byio/app.bsky.feed.post/3mfosgmmwpc2e,bafyreifhl3iyr6haroyropixhibpw43rrmpov63xcjusfpk6cl2se3mrze,did:plc:vok3j6g7yrv63grj4to7byio,bsmile.bsky.social,,
5a4fbaa1726044bb8f8150f94d304608,2026-02-25T15:00:00Z,2026-02-25T15:14:17Z,auth,auth_enUS_labelerexp,at://did:plc:hf7ezrajxadu7v3tzcyij424/app.bsky.feed.generator/aaap7dpu57ve6,suggested_labelerexp,22,at://did:plc:vok3j6g7yrv63grj4to7byio/app.bsky.feed.post/3mfosgmmwpc2e,bafyreifhl3iyr6haroyropixhibpw43rrmpov63xcjusfpk6cl2se3mrze,did:plc:vok3j6g7yrv63grj4to7byio,bsmile.bsky.social,,
5a4fbaa1726044bb8f8150f94d304608,2026-02-25T15:00:00Z,2026-02-25T15:14:17Z,auth,auth_enUS_labelerexp,at://did:plc:hf7ezrajxadu7v3tzcyij424/app.bsky.feed.generator/aaap7dpu57ve6,suggested_labelerexp,23,at://did:plc:5sqycqcxdfjkqymgetp5ggkt/app.bsky.feed.post/3mfovror35k23,bafyreifmy6y7qpz6pyknx47gziqfregjgwnbfnuxqfjkcndukwdpr543ue,did:plc:5sqycqcxdfjkqymgetp5ggkt,dailywalkoff.com,,
5a4fbaa1726044bb8f8150f94d304608,2026-02-25T15:00:00Z,2026-02-25T15:14:17Z,auth,auth_enUS_labelerexp,at://did:plc:hf7ezrajxadu7v3tzcyij424/app.bsky.feed.generator/aaap7dpu57ve6,suggested_labelerexp,24,at://did:plc:vok3j6g7yrv63grj4to7byio/app.bsky.feed.post/3mforrdwdqc2e,bafyreif6cpnt2j62hkmnv2i7ixfomnuripvydfcmz4zju72jlo4sdsssmi,did:plc:vok3j6g7yrv63grj4to7byio,bsmile.bsky.social,,
5a4fbaa1726044bb8f8150f94d304608,2026-02-25T15:00:00Z,2026-02-25T15:14:17Z,auth,auth_enUS_labelerexp,at://did:plc:hf7ezrajxadu7v3tzcyij424/app.bsky.feed.generator/aaap7dpu57ve6,suggested_labelerexp,25,at://did:plc:vok3j6g7yrv63grj4to7byio/app.bsky.feed.post/3mforrdwdqc2e,bafyreif6cpnt2j62hkmnv2i7ixfomnuripvydfcmz4zju72jlo4sdsssmi,did:plc:vok3j6g7yrv63grj4to7byio,bsmile.bsky.social,,
5a4fbaa1726044bb8f8150f94d304608,2026-02-25T15:00:00Z,2026-02-25T15:14:17Z,auth,auth_enUS_labelerexp,at://did:plc:hf7ezrajxadu7v3tzcyij424/app.bsky.feed.generator/aaap7dpu57ve6,suggested_labelerexp,26,at://did:plc:ls72dypg6ln4dwkrqojfkhzk/app.bsky.feed.post/3mfouvvhkfl2p,bafyreigt3sqrjc5mvpzdqpuwbzorqsq4xk367xr5zs6axdnz3l5sxpd6jq,did:plc:ls72dypg6ln4dwkrqojfkhzk,lovethemetsbot.bsky.social,,
5a4fbaa1726044bb8f8150f94d304608,2026-02-25T15:00:00Z,2026-02-25T15:14:17Z,auth,auth_enUS_labelerexp,at://did:plc:hf7ezrajxadu7v3tzcyij424/app.bsky.feed.generator/aaap7dpu57ve6,suggested_labelerexp,27,at://did:plc:vok3j6g7yrv63grj4to7byio/app.bsky.feed.post/3mfoqe5zvvc2e,bafyreiabezhxo55263kzbrm64s73cuy7d24rsobj3ec3o7fv5jzswvi7gu,did:plc:vok3j6g7yrv63grj4to7byio,bsmile.bsky.social,,
5a4fbaa1726044bb8f8150f94d304608,2026-02-25T15:00:00Z,2026-02-25T15:14:17Z,auth,auth_enUS_labelerexp,at://did:plc:hf7ezrajxadu7v3tzcyij424/app.bsky.feed.generator/aaap7dpu57ve6,suggested_labelerexp,28,at://did:plc:gtt6sqfv2lck4wxdxymmhrxk/app.bsky.feed.post/3mfoos5mpms2v,bafyreic6iqprx57kxswhhv3xq3k3iuzvwafdeoatusdud6toych6ekauc4,did:plc:gtt6sqfv2lck4wxdxymmhrxk,nightengalejr.bsky.social,,
5a4fbaa1726044bb8f8150f94d304608,2026-02-25T15:00:00Z,2026-02-25T15:14:17Z,auth,auth_enUS_labelerexp,at://did:plc:hf7ezrajxadu7v3tzcyij424/app.bsky.feed.generator/aaap7dpu57ve6,suggested_labelerexp,29,at://did:plc:licyksm72ljqiq4oxbwxu2mi/app.bsky.feed.post/3mfor4jhze22u,bafyreihzlxv7evtsa6h6poq6kook4whehjd7v3jsdvf5e3jd6z7xa5wycq,did:plc:licyksm72ljqiq4oxbwxu2mi,afkostka.bsky.social,,
5a4fbaa1726044bb8f8150f94d304608,2026-02-25T15:00:00Z,2026-02-25T15:14:17Z,auth,auth_enUS_labelerexp,at://did:plc:hf7ezrajxadu7v3tzcyij424/app.bsky.feed.generator/aaap7dpu57ve6,suggested_labelerexp,30,at://did:plc:vvgbfi5gkqdbdgponn77cdrw/app.bsky.feed.post/3mfojd247ms2d,bafyreiai36435o55zg2wamgiq4f2fs4rziwwan4oq2zbkbsxx7uzeqqm7q,did:plc:vvgbfi5gkqdbdgponn77cdrw,jazrignall.bsky.social,,
5a4fbaa1726044bb8f8150f94d304608,2026-02-25T15:00:00Z,2026-02-25T15:14:17Z,auth,auth_enUS_labelerexp,at://did:plc:hf7ezrajxadu7v3tzcyij424/app.bsky.feed.generator/aaap7dpu57ve6,suggested_labelerexp,31,at://did:plc:vok3j6g7yrv63grj4to7byio/app.bsky.feed.post/3mfopskj2522e,bafyreifofzmsrykl4hinhfrv3qot7u2klpm4cb7uawdiuntga7qi5xkwj4,did:plc:vok3j6g7yrv63grj4to7byio,bsmile.bsky.social,,
5a4fbaa1726044bb8f8150f94d304608,2026-02-25T15:00:00Z,2026-02-25T15:14:17Z,auth,auth_enUS_labelerexp,at://did:plc:hf7ezrajxadu7v3tzcyij424/app.bsky.feed.generator/aaap7dpu57ve6,suggested_labelerexp,32,at://did:plc:vok3j6g7yrv63grj4to7byio/app.bsky.feed.post/3mfopskj2522e,bafyreifofzmsrykl4hinhfrv3qot7u2klpm4cb7uawdiuntga7qi5xkwj4,did:plc:vok3j6g7yrv63grj4to7byio,bsmile.bsky.social,,
5a4fbaa1726044bb8f8150f94d304608,2026-02-25T15:00:00Z,2026-02-25T15:14:17Z,auth,auth_enUS_labelerexp,at://did:plc:hf7ezrajxadu7v3tzcyij424/app.bsky.feed.generator/aaap7dpu57ve6,suggested_labelerexp,33,at://did:plc:d5jtv5b7ezmpfg2ai65o2vi2/app.bsky.feed.post/3mfortae3mk2y,bafyreiaunvornanqwloah3axotdfquodvvsszxtlxwapn5hodifsvijjfi,did:plc:d5jtv5b7ezmpfg2ai65o2vi2,noahhiles.bsky.social,,
5a4fbaa1726044bb8f8150f94d304608,2026-02-25T15:00:00Z,2026-02-25T15:14:17Z,auth,auth_enUS_labelerexp,at://did:plc:hf7ezrajxadu7v3tzcyij424/app.bsky.feed.generator/aaap7dpu57ve6,suggested_labelerexp,34,at://did:plc:nnnhnt63b2qw4buwl722i7sv/app.bsky.feed.post/3mfotgnexgk2d,bafyreiat47xjh2rim4dhvmztiozrkht6umgng5imdm2yvqbqhk5w66ly2i,did:plc:nnnhnt63b2qw4buwl722i7sv,shlabotnik-rpt.bsky.social,,
5a4fbaa1726044bb8f8150f94d304608,2026-02-25T15:00:00Z,2026-02-25T15:14:17Z,auth,auth_enUS_labelerexp,at://did:plc:hf7ezrajxadu7v3tzcyij424/app.bsky.feed.generator/aaap7dpu57ve6,suggested_labelerexp,35,at://did:plc:htguljkxujej746dcydxys2a/app.bsky.feed.post/3mfopnqro7k2c,bafyreif35uilklicbn6dc3jqgjsr7yveyc7bbdz2llg5uxegi3almtp7eu,did:plc:htguljkxujej746dcydxys2a,cmccosky.bsky.social,,
5a4fbaa1726044bb8f8150f94d304608,2026-02-25T15:00:00Z,2026-02-25T15:14:17Z,auth,auth_enUS_labelerexp,at://did:plc:hf7ezrajxadu7v3tzcyij424/app.bsky.feed.generator/aaap7dpu57ve6,suggested_labelerexp,36,at://did:plc:5ob4s2llnhf6izbppxrajwsa/app.bsky.feed.post/3mfoss4loac2g,bafyreifb6r33b6kxzxbogr73cij5pchcltc4j2ygbapicy2fbmf6eqjida,did:plc:5ob4s2llnhf6izbppxrajwsa,iovdhi5fr3.bsky.social,,
5a4fbaa1726044bb8f8150f94d304608,2026-02-25T15:00:00Z,2026-02-25T15:14:17Z,auth,auth_enUS_labelerexp,at://did:plc:hf7ezrajxadu7v3tzcyij424/app.bsky.feed.generator/aaap7dpu57ve6,suggested_labelerexp,37,at://did:plc:5ob4s2llnhf6izbppxrajwsa/app.bsky.feed.post/3mforxchunr2j,bafyreiczmfbvfxj4effewhglqnkcg53nsyxujdtsseqarhg2lfigj3u6dy,did:plc:5ob4s2llnhf6izbppxrajwsa,iovdhi5fr3.bsky.social,,
5a4fbaa1726044bb8f8150f94d304608,2026-02-25T15:00:00Z,2026-02-25T15:14:17Z,auth,auth_enUS_labelerexp,at://did:plc:hf7ezrajxadu7v3tzcyij424/app.bsky.feed.generator/aaap7dpu57ve6,suggested_labelerexp,38,at://did:plc:fbgnrryrg33njr7ikuravzwv/app.bsky.feed.post/3mfoqzzrohd2k,bafyreigqu76ev7efecyitzky2lr6pd3n7icui6ldom7ra2nr4hhtqj6ppq,did:plc:fbgnrryrg33njr7ikuravzwv,bluejaysaggr.com,,
5a4fbaa1726044bb8f8150f94d304608,2026-02-25T15:00:00Z,2026-02-25T15:14:17Z,auth,auth_enUS_labelerexp,at://did:plc:hf7ezrajxadu7v3tzcyij424/app.bsky.feed.generator/aaap7dpu57ve6,suggested_labelerexp,39,at://did:plc:ffrqsihy3qxse4yrb44pyavl/app.bsky.feed.post/3mfoqvqdslc2h,bafyreigmjgakwr7ep6gp3qm7qmhkeqie4d57yjumus3xsus5dqof6xbcqe,did:plc:ffrqsihy3qxse4yrb44pyavl,crosbybaseball.bsky.social,,
5a4fbaa1726044bb8f8150f94d304608,2026-02-25T15:00:00Z,2026-02-25T15:14:17Z,auth,auth_enUS_labelerexp,at://did:plc:hf7ezrajxadu7v3tzcyij424/app.bsky.feed.generator/aaap7dpu57ve6,suggested_labelerexp,40,at://did:plc:5ob4s2llnhf6izbppxrajwsa/app.bsky.feed.post/3mfoqrenioy2e,bafyreief4cf5kcdrqcwnm45m5qxa7vrycpm7mzviisdwb7jw2fxg3z53va,did:plc:5ob4s2llnhf6izbppxrajwsa,iovdhi5fr3.bsky.social,,
5a4fbaa1726044bb8f8150f94d304608,2026-02-25T15:00:00Z,2026-02-25T15:14:17Z,auth,auth_enUS_labelerexp,at://did:plc:hf7ezrajxadu7v3tzcyij424/app.bsky.feed.generator/aaap7dpu57ve6,suggested_labelerexp,41,at://did:plc:sodv3w2wussu5l2nuhsekrww/app.bsky.feed.post/3mfomed6cyo22,bafyreiasz5h3snojjq66euezlb3xorpwm5am7djv2vhydy3sh6jjegcjfm,did:plc:sodv3w2wussu5l2nuhsekrww,fishonfirst.com,,
5a4fbaa1726044bb8f8150f94d304608,2026-02-25T15:00:00Z,2026-02-25T15:14:17Z,auth,auth_enUS_labelerexp,at://did:plc:hf7ezrajxadu7v3tzcyij424/app.bsky.feed.generator/aaap7dpu57ve6,suggested_labelerexp,42,at://did:plc:fg5ks6bevpbwkha6o3s2y27h/app.bsky.feed.post/3mfnvgr5z6k2o,bafyreihi74vyf5aolp3fnimy3i7jhspzy5qkgxtv2wisbxmacnyygztngm,did:plc:fg5ks6bevpbwkha6o3s2y27h,alexkirshner.com,,
5a4fbaa1726044bb8f8150f94d304608,2026-02-25T15:00:00Z,2026-02-25T15:14:17Z,auth,auth_enUS_labelerexp,at://did:plc:hf7ezrajxadu7v3tzcyij424/app.bsky.feed.generator/aaap7dpu57ve6,suggested_labelerexp,43,at://did:plc:htguljkxujej746dcydxys2a/app.bsky.feed.post/3mfopode4oc2c,bafyreieabuqqd3q2lxjeanpf3kx74qlz7md3s5ldlah3i36evpfq7aap24,did:plc:htguljkxujej746dcydxys2a,cmccosky.bsky.social,,
5a4fbaa1726044bb8f8150f94d304608,2026-02-25T15:00:00Z,2026-02-25T15:14:17Z,auth,auth_enUS_labelerexp,at://did:plc:hf7ezrajxadu7v3tzcyij424/app.bsky.feed.generator/aaap7dpu57ve6,suggested_labelerexp,44,at://did:plc:khndciug6clgfyztkt72qgnd/app.bsky.feed.post/3mfopi2nyuc2b,bafyreih3cdmhcuzsfjom3mlspxlngtc5m5m2fo5vmlztw5mtuteueds27y,did:plc:khndciug6clgfyztkt72qgnd,mlbdream.bsky.social,,
5a4fbaa1726044bb8f8150f94d304608,2026-02-25T15:00:00Z,2026-02-25T15:14:17Z,auth,auth_enUS_labelerexp,at://did:plc:hf7ezrajxadu7v3tzcyij424/app.bsky.feed.generator/aaap7dpu57ve6,suggested_labelerexp,45,at://did:plc:y4iisoblpgnamgrripzq6g7a/app.bsky.feed.post/3mfoorifo522w,bafyreifewoz4jjvh6ayhgln6ul2ki254o4fuvhqmf6viosojdpkoydxiyy,did:plc:y4iisoblpgnamgrripzq6g7a,drtcfergus.bsky.social,,
5a4fbaa1726044bb8f8150f94d304608,2026-02-25T15:00:00Z,2026-02-25T15:14:17Z,auth,auth_enUS_labelerexp,at://did:plc:hf7ezrajxadu7v3tzcyij424/app.bsky.feed.generator/aaap7dpu57ve6,suggested_labelerexp,46,at://did:plc:bah2azodkviszc4qrjdywqoi/app.bsky.feed.post/3mfonvpvu4h2v,bafyreidhvr3p7w6tjj7vv45tlgwgu5uos72cg35c5cozjiw2cmfxq5mrme,did:plc:bah2azodkviszc4qrjdywqoi,fangraphs.com,,
5a4fbaa1726044bb8f8150f94d304608,2026-02-25T15:00:00Z,2026-02-25T15:14:17Z,auth,auth_enUS_labelerexp,at://did:plc:hf7ezrajxadu7v3tzcyij424/app.bsky.feed.generator/aaap7dpu57ve6,suggested_labelerexp,47,at://did:plc:d4f34gx6jpoxpyq5ueuxilbh/app.bsky.feed.post/3mfonsz5iys2f,bafyreigcyphflpaiwc2e5wa734hhnqkwpv63efhynmiqgndzwblhrehoru,did:plc:d4f34gx6jpoxpyq5ueuxilbh,theaicampa.bsky.social,,
5a4fbaa1726044bb8f8150f94d304608,2026-02-25T15:00:00Z,2026-02-25T15:14:17Z,auth,auth_enUS_labelerexp,at://did:plc:hf7ezrajxadu7v3tzcyij424/app.bsky.feed.generator/aaap7dpu57ve6,suggested_labelerexp,48,at://did:plc:otgjzppmtv3nq36qqzpf4nou/app.bsky.feed.post/3mfnveuet3k2c,bafyreiejw2xpbx4yzkswvgjufpva5a2lisgxsycvyhfigtvoi4jpjjxd4y,did:plc:otgjzppmtv3nq36qqzpf4nou,brittneybush.bsky.social,,
5a4fbaa1726044bb8f8150f94d304608,2026-02-25T15:00:00Z,2026-02-25T15:14:17Z,auth,auth_enUS_labelerexp,at://did:plc:hf7ezrajxadu7v3tzcyij424/app.bsky.feed.generator/aaap7dpu57ve6,suggested_labelerexp,49,at://did:plc:eszia3ynuja6s7x3y3xnmkil/app.bsky.feed.post/3mfnjogkgg22n,bafyreibmtchg4u4gcdg2hiwrslj64laa6g6qamxgfy2lmyuxwsvvycbz5y,did:plc:eszia3ynuja6s7x3y3xnmkil,polyesterunis.com,,
5a4fbaa1726044bb8f8150f94d304608,2026-02-25T15:00:00Z,2026-02-25T15:14:17Z,auth,auth_enUS_labelerexp,at://did:plc:hf7ezrajxadu7v3tzcyij424/app.bsky.feed.generator/aaap7dpu57ve6,suggested_labelerexp,50,at://did:plc:a5yrzxyiufeqxf24sda5sebx/app.bsky.feed.post/3mfnslyok3s2g,bafyreiaxlhvtu2pex5gdxzgpzkhtemf73zocqiv5b6ne7zfxctmirvsoy4,did:plc:a5yrzxyiufeqxf24sda5sebx,mlbbot.bsky.social,,
5a4fbaa1726044bb8f8150f94d304608,2026-02-25T15:00:00Z,2026-02-25T15:14:19Z,auth,auth_enUS_labelerexp,at://did:plc:jvrpllofboqntf5oz23ozuyp/app.bsky.feed.generator/aaabjki7ewirq,suggested_labelerexp,1,at://did:plc:k6syqg577dr3nyrsevahuqmj/app.bsky.feed.post/3mfovfrusqc2j,bafyreif3tvgwtnwwvsy7mgtdjzrnrvnapxw447yt4zgf3whypg6n5som6y,did:plc:k6syqg577dr3nyrsevahuqmj,indrapramitdas.bsky.social,,
5a4fbaa1726044bb8f8150f94d304608,2026-02-25T15:00:00Z,2026-02-25T15:14:19Z,auth,auth_enUS_labelerexp,at://did:plc:jvrpllofboqntf5oz23ozuyp/app.bsky.feed.generator/aaabjki7ewirq,suggested_labelerexp,2,at://did:plc:l2ewbtbvpaqfto6t7yk6ea5u/app.bsky.feed.post/3mfovex7tss25,bafyreia25qpswspd5nfldpavbyi52qx2z5plcvzrrmobp5iscicnzaczua,did:plc:l2ewbtbvpaqfto6t7yk6ea5u,sdoanut.bsky.social,,
5a4fbaa1726044bb8f8150f94d304608,2026-02-25T15:00:00Z,2026-02-25T15:14:19Z,auth,auth_enUS_labelerexp,at://did:plc:jvrpllofboqntf5oz23ozuyp/app.bsky.feed.generator/aaabjki7ewirq,suggested_labelerexp,3,at://did:plc:k6syqg577dr3nyrsevahuqmj/app.bsky.feed.post/3mfovdimaek2j,bafyreif76prkmocwrfktzwxqierdookdha53myxgv4c6v5a6ie5fqweuxa,did:plc:k6syqg577dr3nyrsevahuqmj,indrapramitdas.bsky.social,,
5a4fbaa1726044bb8f8150f94d304608,2026-02-25T15:00:00Z,2026-02-25T15:14:19Z,auth,auth_enUS_labelerexp,at://did:plc:jvrpllofboqntf5oz23ozuyp/app.bsky.feed.generator/aaabjki7ewirq,suggested_labelerexp,4,at://did:plc:lsjjozoviqs3ovgrn6x6q5vn/app.bsky.feed.post/3mfovdgpuq22g,bafyreigbo3x5uvbtzj6ts4ihkotlq6v3jm2ycxvtc45x5ccvmmbqawt3vy,did:plc:lsjjozoviqs3ovgrn6x6q5vn,cornellwriter.bsky.social,,
5a4fbaa1726044bb8f8150f94d304608,2026-02-25T15:00:00Z,2026-02-25T15:14:19Z,auth,auth_enUS_labelerexp,at://did:plc:jvrpllofboqntf5oz23ozuyp/app.bsky.feed.generator/aaabjki7ewirq,suggested_labelerexp,5,at://did:plc:k6syqg577dr3nyrsevahuqmj/app.bsky.feed.post/3mfov4eorqk2j,bafyreicjo3yijjasp447zopfwclovz2em255jtmxdnyjhq4natsvx53thi,did:plc:k6syqg577dr3nyrsevahuqmj,indrapramitdas.bsky.social,,
5a4fbaa1726044bb8f8150f94d304608,2026-02-25T15:00:00Z,2026-02-25T15:14:19Z,auth,auth_enUS_labelerexp,at://did:plc:jvrpllofboqntf5oz23ozuyp/app.bsky.feed.generator/aaabjki7ewirq,suggested_labelerexp,6,at://did:plc:3s5wtzqrvrsvbxl6afiko2yw/app.bsky.feed.post/3mfov37p4s22a,bafyreicdrvij6gvkyp7nkpwxuxrjrojh3tnroa7rvymhnk72shnv5wrbiu,did:plc:3s5wtzqrvrsvbxl6afiko2yw,nameshiv.bsky.social,,
5a4fbaa1726044bb8f8150f94d304608,2026-02-25T15:00:00Z,2026-02-25T15:14:19Z,auth,auth_enUS_labelerexp,at://did:plc:jvrpllofboqntf5oz23ozuyp/app.bsky.feed.generator/aaabjki7ewirq,suggested_labelerexp,7,at://did:plc:lw2byg5l24zbk2li3oqza77q/app.bsky.feed.post/3mfov2u62an2e,bafyreih5og4qgmk7ga3kph2speecib545cazkruflfdprmca6mvethp6mu,did:plc:lw2byg5l24zbk2li3oqza77q,desdemonarose.bsky.social,,
5a4fbaa1726044bb8f8150f94d304608,2026-02-25T15:00:00Z,2026-02-25T15:14:19Z,auth,auth_enUS_labelerexp,at://did:plc:jvrpllofboqntf5oz23ozuyp/app.bsky.feed.generator/aaabjki7ewirq,suggested_labelerexp,8,at://did:plc:46jp6rf24q2clpjlbsw3u7cd/app.bsky.feed.post/3mfouwfjxhk2v,bafyreibe2yvgx7n5i2vpetxvopz4isxoxzom6pkd24xr3qzsncgmf3nuq4,did:plc:46jp6rf24q2clpjlbsw3u7cd,kadoore.com,,
5a4fbaa1726044bb8f8150f94d304608,2026-02-25T15:00:00Z,2026-02-25T15:14:19Z,auth,auth_enUS_labelerexp,at://did:plc:jvrpllofboqntf5oz23ozuyp/app.bsky.feed.generator/aaabjki7ewirq,suggested_labelerexp,9,at://did:plc:opze4n7rbhg3laikpexdkuri/app.bsky.feed.post/3mfouvzbulk24,bafyreiboypudxnk32itoy2jfjhjryybgxh5ljci3rszkrdy75d5gfe4al4,did:plc:opze4n7rbhg3laikpexdkuri,deecherrywriter.bsky.social,,
5a4fbaa1726044bb8f8150f94d304608,2026-02-25T15:00:00Z,2026-02-25T15:14:19Z,auth,auth_enUS_labelerexp,at://did:plc:jvrpllofboqntf5oz23ozuyp/app.bsky.feed.generator/aaabjki7ewirq,suggested_labelerexp,10,at://did:plc:cbpnccgokwurnlfdfbjbaslz/app.bsky.feed.post/3mfouvlrtfc2a,bafyreidkn2etjenyvevuzx3lyar446tcbeotpek5rhlgn3ayfyigwo7s54,did:plc:cbpnccgokwurnlfdfbjbaslz,atthisarts.com,,
5a4fbaa1726044bb8f8150f94d304608,2026-02-25T15:00:00Z,2026-02-25T15:14:19Z,auth,auth_enUS_labelerexp,at://did:plc:jvrpllofboqntf5oz23ozuyp/app.bsky.feed.generator/aaabjki7ewirq,suggested_labelerexp,11,at://did:plc:tphwva2cbijcvomqj4lz77sw/app.bsky.feed.post/3mfoutm3mqc24,bafyreibxzu65ewqsnn5cdlm75wvpxhhnnnifsw7joduex246if72grhnx4,did:plc:tphwva2cbijcvomqj4lz77sw,princejvstin.com,,
5a4fbaa1726044bb8f8150f94d304608,2026-02-25T15:00:00Z,2026-02-25T15:14:19Z,auth,auth_enUS_labelerexp,at://did:plc:jvrpllofboqntf5oz23ozuyp/app.bsky.feed.generator/aaabjki7ewirq,suggested_labelerexp,12,at://did:plc:pyy2yjh6mfl4iewri32e573s/app.bsky.feed.post/3mfoustagh22e,bafyreiackznbw5ra7y32f3y7uqdrc4idjg7aa72bgk76fzx3k3msimoxka,did:plc:pyy2yjh6mfl4iewri32e573s,gracielis.bsky.social,,
5a4fbaa1726044bb8f8150f94d304608,2026-02-25T15:00:00Z,2026-02-25T15:14:19Z,auth,auth_enUS_labelerexp,at://did:plc:jvrpllofboqntf5oz23ozuyp/app.bsky.feed.generator/aaabjki7ewirq,suggested_labelerexp,13,at://did:plc:46jp6rf24q2clpjlbsw3u7cd/app.bsky.feed.post/3mfouruyrm22v,bafyreibg6n6fwvwvbiltfb5hymgvo36x2m2rtbca26qd2rw2d4sb62mfr4,did:plc:46jp6rf24q2clpjlbsw3u7cd,kadoore.com,,
5a4fbaa1726044bb8f8150f94d304608,2026-02-25T15:00:00Z,2026-02-25T15:14:19Z,auth,auth_enUS_labelerexp,at://did:plc:jvrpllofboqntf5oz23ozuyp/app.bsky.feed.generator/aaabjki7ewirq,suggested_labelerexp,14,at://did:plc:gj3pfknobnkluz3iwksg4vob/app.bsky.feed.post/3mfourttyts2o,bafyreid3ispkejx24fvlml77cgljqcdlybvwsjpah5bkpywqzsywqyn4ba,did:plc:gj3pfknobnkluz3iwksg4vob,ladzwriting.bsky.social,,
5a4fbaa1726044bb8f8150f94d304608,2026-02-25T15:00:00Z,2026-02-25T15:14:19Z,auth,auth_enUS_labelerexp,at://did:plc:jvrpllofboqntf5oz23ozuyp/app.bsky.feed.generator/aaabjki7ewirq,suggested_labelerexp,15,at://did:plc:y7jhwh4bfi7dq5j6flh6wdrs/app.bsky.feed.post/3mfouqwnvak2v,bafyreiax62q5swingv7bjcnvtejgutdxkia3inuyrb6o3c4qy4t4hn7nqm,did:plc:y7jhwh4bfi7dq5j6flh6wdrs,angryrobotbooks.bsky.social,,
5a4fbaa1726044bb8f8150f94d304608,2026-02-25T15:00:00Z,2026-02-25T15:14:19Z,auth,auth_enUS_labelerexp,at://did:plc:jvrpllofboqntf5oz23ozuyp/app.bsky.feed.generator/aaabjki7ewirq,suggested_labelerexp,16,at://did:plc:rmjconpldkourhtggdcnweqf/app.bsky.feed.post/3mfouprhcmc2x,bafyreibvacd63hg4tew6zbjls5u75atiagfqeaqed3kygwn3par2jq663e,did:plc:rmjconpldkourhtggdcnweqf,stephanieburgis.bsky.social,,
5a4fbaa1726044bb8f8150f94d304608,2026-02-25T15:00:00Z,2026-02-25T15:14:19Z,auth,auth_enUS_labelerexp,at://did:plc:jvrpllofboqntf5oz23ozuyp/app.bsky.feed.generator/aaabjki7ewirq,suggested_labelerexp,17,at://did:plc:3s5wtzqrvrsvbxl6afiko2yw/app.bsky.feed.post/3mfouoalmjk2a,bafyreiglsnlaoyiobelnxas5u2wkmjmzp2ooti2arbm3tdkme4u2rh7vvq,did:plc:3s5wtzqrvrsvbxl6afiko2yw,nameshiv.bsky.social,,
5a4fbaa1726044bb8f8150f94d304608,2026-02-25T15:00:00Z,2026-02-25T15:14:19Z,auth,auth_enUS_labelerexp,at://did:plc:jvrpllofboqntf5oz23ozuyp/app.bsky.feed.generator/aaabjki7ewirq,suggested_labelerexp,18,at://did:plc:3s5wtzqrvrsvbxl6afiko2yw/app.bsky.feed.post/3mfoullm62s2a,bafyreic66wol2eelszmeehwmno6nhvlnb4mvzxa2fl2rxswkbjfrngdika,did:plc:3s5wtzqrvrsvbxl6afiko2yw,nameshiv.bsky.social,,
5a4fbaa1726044bb8f8150f94d304608,2026-02-25T15:00:00Z,2026-02-25T15:14:19Z,auth,auth_enUS_labelerexp,at://did:plc:jvrpllofboqntf5oz23ozuyp/app.bsky.feed.generator/aaabjki7ewirq,suggested_labelerexp,19,at://did:plc:ojachqjqpnngyp2j3fd4r4el/app.bsky.feed.post/3mfouky23v22j,bafyreigbls267vldcn5qomoizkyw7jsfroldpjamdjlbme6wjckp2z7vq4,did:plc:ojachqjqpnngyp2j3fd4r4el,rsagarcia.bsky.social,,
5a4fbaa1726044bb8f8150f94d304608,2026-02-25T15:00:00Z,2026-02-25T15:14:19Z,auth,auth_enUS_labelerexp,at://did:plc:jvrpllofboqntf5oz23ozuyp/app.bsky.feed.generator/aaabjki7ewirq,suggested_labelerexp,20,at://did:plc:5voaktufkbjc25hb62il4ctf/app.bsky.feed.post/3mfouixrxyc2w,bafyreid3ebcbg5iqyh6oy743zmlkifl4x2bobks55pkuobuckx7fevakxu,did:plc:5voaktufkbjc25hb62il4ctf,jenhallsmith.bsky.social,,
5a4fbaa1726044bb8f8150f94d304608,2026-02-25T15:00:00Z,2026-02-25T15:14:19Z,auth,auth_enUS_labelerexp,at://did:plc:jvrpllofboqntf5oz23ozuyp/app.bsky.feed.generator/aaabjki7ewirq,suggested_labelerexp,21,at://did:plc:qzavq7n6lz7t5hovq7nkjytr/app.bsky.feed.post/3mfouinarrr2f,bafyreifbdh5h6qba77gmapmqchblcp52pklac4awxn6mm4yfbr7yvpfynu,did:plc:qzavq7n6lz7t5hovq7nkjytr,leafr93.bsky.social,,
5a4fbaa1726044bb8f8150f94d304608,2026-02-25T15:00:00Z,2026-02-25T15:14:19Z,auth,auth_enUS_labelerexp,at://did:plc:jvrpllofboqntf5oz23ozuyp/app.bsky.feed.generator/aaabjki7ewirq,suggested_labelerexp,22,at://did:plc:emxksp66qmdau4fmhzqszojm/app.bsky.feed.post/3mfouhqanqs27,bafyreie7yilwyvu5jyrx7wgvple34rcyxcrnauk4wjnfldjwya2ebngsyi,did:plc:emxksp66qmdau4fmhzqszojm,azurebitch.bsky.social,,
5a4fbaa1726044bb8f8150f94d304608,2026-02-25T15:00:00Z,2026-02-25T15:14:19Z,auth,auth_enUS_labelerexp,at://did:plc:jvrpllofboqntf5oz23ozuyp/app.bsky.feed.generator/aaabjki7ewirq,suggested_labelerexp,23,at://did:plc:36h6ttx2g23zqr4accilbvo7/app.bsky.feed.post/3mfoufhh6rs2g,bafyreidshtjagoe6tqczqjwboczkjj2xfz5dt4nkbcm5y4qkleamytbc6a,did:plc:36h6ttx2g23zqr4accilbvo7,lucidillusions.in,,
5a4fbaa1726044bb8f8150f94d304608,2026-02-25T15:00:00Z,2026-02-25T15:14:19Z,auth,auth_enUS_labelerexp,at://did:plc:jvrpllofboqntf5oz23ozuyp/app.bsky.feed.generator/aaabjki7ewirq,suggested_labelerexp,24,at://did:plc:vv4xsmiqsnlenjru22bgfcp7/app.bsky.feed.post/3mfouentyw224,bafyreigv4l3ikn5pivwjmm3ximfp7nu2gdzsqiktw3wmy2inp23i6nijya,did:plc:vv4xsmiqsnlenjru22bgfcp7,mcflycahill90.bsky.social,,
5a4fbaa1726044bb8f8150f94d304608,2026-02-25T15:00:00Z,2026-02-25T15:14:19Z,auth,auth_enUS_labelerexp,at://did:plc:jvrpllofboqntf5oz23ozuyp/app.bsky.feed.generator/aaabjki7ewirq,suggested_labelerexp,25,at://did:plc:trjlrhkqfulro7teplcuza67/app.bsky.feed.post/3mfou7hhk4224,bafyreice7ssmtngtz7tc7qzwqvc4wdqinhwunebdhkjs4jlehg6432wdkm,did:plc:trjlrhkqfulro7teplcuza67,dreamforgemagazine.bsky.social,,
5a4fbaa1726044bb8f8150f94d304608,2026-02-25T15:00:00Z,2026-02-25T15:14:19Z,auth,auth_enUS_labelerexp,at://did:plc:jvrpllofboqntf5oz23ozuyp/app.bsky.feed.generator/aaabjki7ewirq,suggested_labelerexp,26,at://did:plc:tphwva2cbijcvomqj4lz77sw/app.bsky.feed.post/3mfou64k2wk24,bafyreiagmft7wnjyle2wno5kmdlmwtqmjkrtgkiztdyfdbm7j4q3jjpa4y,did:plc:tphwva2cbijcvomqj4lz77sw,princejvstin.com,,
5a4fbaa1726044bb8f8150f94d304608,2026-02-25T15:00:00Z,2026-02-25T15:14:19Z,auth,auth_enUS_labelerexp,at://did:plc:jvrpllofboqntf5oz23ozuyp/app.bsky.feed.generator/aaabjki7ewirq,suggested_labelerexp,27,at://did:plc:sdppbx3igekt7ufmai4tt5uk/app.bsky.feed.post/3mfou53e2kk2e,bafyreihudmpha7botao4wb3ndiuk35nwlp2dcvyrktp23ihuqrkqyhkrpi,did:plc:sdppbx3igekt7ufmai4tt5uk,bethkesh.bsky.social,,
5a4fbaa1726044bb8f8150f94d304608,2026-02-25T15:00:00Z,2026-02-25T15:14:19Z,auth,auth_enUS_labelerexp,at://did:plc:jvrpllofboqntf5oz23ozuyp/app.bsky.feed.generator/aaabjki7ewirq,suggested_labelerexp,28,at://did:plc:xmuqtfvvz62dezbglfzethmf/app.bsky.feed.post/3mfou4v4ays2o,bafyreicchqrjjftvwzvudpowmeeftkhgymt6srhn3vainhfqvror3jhyz4,did:plc:xmuqtfvvz62dezbglfzethmf,singdancesteal.bsky.social,,
5a4fbaa1726044bb8f8150f94d304608,2026-02-25T15:00:00Z,2026-02-25T15:14:19Z,auth,auth_enUS_labelerexp,at://did:plc:jvrpllofboqntf5oz23ozuyp/app.bsky.feed.generator/aaabjki7ewirq,suggested_labelerexp,29,at://did:plc:ojachqjqpnngyp2j3fd4r4el/app.bsky.feed.post/3mfou2v7w2k2j,bafyreiaqqddvdo6v427sef757xoxirg5jcgktcnspmd4lrvvmphjss3ppa,did:plc:ojachqjqpnngyp2j3fd4r4el,rsagarcia.bsky.social,,
5a4fbaa1726044bb8f8150f94d304608,2026-02-25T15:00:00Z,2026-02-25T15:14:19Z,auth,auth_enUS_labelerexp,at://did:plc:jvrpllofboqntf5oz23ozuyp/app.bsky.feed.generator/aaabjki7ewirq,suggested_labelerexp,30,at://did:plc:o5uf772sl2nrkx2drgxlbpib/app.bsky.feed.post/3mfou2gjegs2g,bafyreibt3jegz7tlnbgx56wnsra6hrekg47lmqkoge6c555lko7565n5yq,did:plc:o5uf772sl2nrkx2drgxlbpib,dennismmyers.bsky.social,,
5a4fbaa1726044bb8f8150f94d304608,2026-02-25T15:00:00Z,2026-02-25T15:14:19Z,auth,auth_enUS_labelerexp,at://did:plc:jvrpllofboqntf5oz23ozuyp/app.bsky.feed.generator/aaabjki7ewirq,suggested_labelerexp,31,at://did:plc:irb6w5thw5c6ivhb5efp7hrv/app.bsky.feed.post/3mfotxj2jfs2t,bafyreiav3sdpptabnhknc5sqw7otcc2dblz7gh2mudppk3fazkgqw3bx7q,did:plc:irb6w5thw5c6ivhb5efp7hrv,mostlybree.kitrocha.com,,
5a4fbaa1726044bb8f8150f94d304608,2026-02-25T15:00:00Z,2026-02-25T15:14:19Z,auth,auth_enUS_labelerexp,at://did:plc:jvrpllofboqntf5oz23ozuyp/app.bsky.feed.generator/aaabjki7ewirq,suggested_labelerexp,32,at://did:plc:ry77yg67bhrjsh4h5ptccng6/app.bsky.feed.post/3mfotxdbkhk27,bafyreih7hgvsi2j3hksbfonqms3aljuotefzuizh6g2n5ktfmfclixqmo4,did:plc:ry77yg67bhrjsh4h5ptccng6,eliaseells.bsky.social,,
5a4fbaa1726044bb8f8150f94d304608,2026-02-25T15:00:00Z,2026-02-25T15:14:19Z,auth,auth_enUS_labelerexp,at://did:plc:jvrpllofboqntf5oz23ozuyp/app.bsky.feed.generator/aaabjki7ewirq,suggested_labelerexp,33,at://did:plc:j34rqwhi67qlvpcl5cjyaa7v/app.bsky.feed.post/3mfotx2fvcs2a,bafyreiei2rpp47n2oek2maoj6m4egbpbdwr65wexjuitdbw7pydohltb2q,did:plc:j34rqwhi67qlvpcl5cjyaa7v,edebell.com,,
5a4fbaa1726044bb8f8150f94d304608,2026-02-25T15:00:00Z,2026-02-25T15:14:19Z,auth,auth_enUS_labelerexp,at://did:plc:jvrpllofboqntf5oz23ozuyp/app.bsky.feed.generator/aaabjki7ewirq,suggested_labelerexp,34,at://did:plc:lg2is3bh2qsvpcnou4uia3x2/app.bsky.feed.post/3mfotwsijvc2j,bafyreihepmkjatx6khidfylyxssziez6gpo6rjex7nkbdvamctulpjrxjm,did:plc:lg2is3bh2qsvpcnou4uia3x2,tadethompson.bsky.social,,
5a4fbaa1726044bb8f8150f94d304608,2026-02-25T15:00:00Z,2026-02-25T15:14:19Z,auth,auth_enUS_labelerexp,at://did:plc:jvrpllofboqntf5oz23ozuyp/app.bsky.feed.generator/aaabjki7ewirq,suggested_labelerexp,35,at://did:plc:sndje5732aeaidvt235kvbst/app.bsky.feed.post/3mfotvo6ajs27,bafyreiapcda4txyioyj2deghbqyf2f4hbdbttuib5k5exiul7vg5r5qbdi,did:plc:sndje5732aeaidvt235kvbst,mexicanity.bsky.social,,
5a4fbaa1726044bb8f8150f94d304608,2026-02-25T15:00:00Z,2026-02-25T15:14:19Z,auth,auth_enUS_labelerexp,at://did:plc:jvrpllofboqntf5oz23ozuyp/app.bsky.feed.generator/aaabjki7ewirq,suggested_labelerexp,36,at://did:plc:3s5wtzqrvrsvbxl6afiko2yw/app.bsky.feed.post/3mfotss5xqc2a,bafyreiewr2dxtlpwd6hsnlv6m7xqbychwv3i2szkcjadnz2fo4uzjtwlta,did:plc:3s5wtzqrvrsvbxl6afiko2yw,nameshiv.bsky.social,,
5a4fbaa1726044bb8f8150f94d304608,2026-02-25T15:00:00Z,2026-02-25T15:14:19Z,auth,auth_enUS_labelerexp,at://did:plc:jvrpllofboqntf5oz23ozuyp/app.bsky.feed.generator/aaabjki7ewirq,suggested_labelerexp,37,at://did:plc:i435yolpckxpozomgrr4ttdp/app.bsky.feed.post/3mfotqzw3fp2h,bafyreigthpeptdcqcq5hi6yvskdhthzkvat6dai3dh2pevjqm4e54r46ku,did:plc:i435yolpckxpozomgrr4ttdp,isaacthorne.com,,
5a4fbaa1726044bb8f8150f94d304608,2026-02-25T15:00:00Z,2026-02-25T15:14:19Z,auth,auth_enUS_labelerexp,at://did:plc:jvrpllofboqntf5oz23ozuyp/app.bsky.feed.generator/aaabjki7ewirq,suggested_labelerexp,38,at://did:plc:7kjc7zzv54jl6yxuyjkpdvbx/app.bsky.feed.post/3mfotou67522s,bafyreiatcsqlqn2ff446okany6knfd77gw7ai4tquxh63kiyaqlngnjjji,did:plc:7kjc7zzv54jl6yxuyjkpdvbx,jolantru.bsky.social,,
5a4fbaa1726044bb8f8150f94d304608,2026-02-25T15:00:00Z,2026-02-25T15:14:19Z,auth,auth_enUS_labelerexp,at://did:plc:jvrpllofboqntf5oz23ozuyp/app.bsky.feed.generator/aaabjki7ewirq,suggested_labelerexp,39,at://did:plc:trjlrhkqfulro7teplcuza67/app.bsky.feed.post/3mfotnk3nc224,bafyreibrpd7cfblytu7i35xzi2wje3sgxaknqe35kb3vzrtj3raersotju,did:plc:trjlrhkqfulro7teplcuza67,dreamforgemagazine.bsky.social,,
5a4fbaa1726044bb8f8150f94d304608,2026-02-25T15:00:00Z,2026-02-25T15:14:19Z,auth,auth_enUS_labelerexp,at://did:plc:jvrpllofboqntf5oz23ozuyp/app.bsky.feed.generator/aaabjki7ewirq,suggested_labelerexp,40,at://did:plc:7kjc7zzv54jl6yxuyjkpdvbx/app.bsky.feed.post/3mfotlqwabk2s,bafyreih2ea4fzrxsd43paj2fepkhrg7bck7v5y7jgutht3sqzyocjcofde,did:plc:7kjc7zzv54jl6yxuyjkpdvbx,jolantru.bsky.social,,
5a4fbaa1726044bb8f8150f94d304608,2026-02-25T15:00:00Z,2026-02-25T15:14:19Z,auth,auth_enUS_labelerexp,at://did:plc:jvrpllofboqntf5oz23ozuyp/app.bsky.feed.generator/aaabjki7ewirq,suggested_labelerexp,41,at://did:plc:wixv2inc435pakfp3jkitli2/app.bsky.feed.post/3mfotl7mli225,bafyreibe522cfqki5g2blduor6z4rukfn6z2ivaqglmft2hdrevqfh4jve,did:plc:wixv2inc435pakfp3jkitli2,keffy.bsky.social,,
5a4fbaa1726044bb8f8150f94d304608,2026-02-25T15:00:00Z,2026-02-25T15:14:19Z,auth,auth_enUS_labelerexp,at://did:plc:jvrpllofboqntf5oz23ozuyp/app.bsky.feed.generator/aaabjki7ewirq,suggested_labelerexp,42,at://did:plc:smmc7qgewrfeuc3fjf2d6j7y/app.bsky.feed.post/3mfotkly2722i,bafyreidjtuh22suennqawywxx46yxqcyxl2tn3u4dfznng6e7lejoc3wfi,did:plc:smmc7qgewrfeuc3fjf2d6j7y,seraph76.bsky.social,,
5a4fbaa1726044bb8f8150f94d304608,2026-02-25T15:00:00Z,2026-02-25T15:14:19Z,auth,auth_enUS_labelerexp,at://did:plc:jvrpllofboqntf5oz23ozuyp/app.bsky.feed.generator/aaabjki7ewirq,suggested_labelerexp,43,at://did:plc:j34rqwhi67qlvpcl5cjyaa7v/app.bsky.feed.post/3mfotjuaaps2a,bafyreiavu3kzclagu36ytaddyqpnzxp4xpaz3wwdmasqv2cznnseeauuia,did:plc:j34rqwhi67qlvpcl5cjyaa7v,edebell.com,,
5a4fbaa1726044bb8f8150f94d304608,2026-02-25T15:00:00Z,2026-02-25T15:14:19Z,auth,auth_enUS_labelerexp,at://did:plc:jvrpllofboqntf5oz23ozuyp/app.bsky.feed.generator/aaabjki7ewirq,suggested_labelerexp,44,at://did:plc:vco5auacy54duccco6kcp5jc/app.bsky.feed.post/3mfotirumak2t,bafyreifdlaamxvkmwsa2jk5jizd4v2qgq7ztyz6ykzgy2y5z5qv4mrvsku,did:plc:vco5auacy54duccco6kcp5jc,rainewilson.bsky.social,,
5a4fbaa1726044bb8f8150f94d304608,2026-02-25T15:00:00Z,2026-02-25T15:14:19Z,auth,auth_enUS_labelerexp,at://did:plc:jvrpllofboqntf5oz23ozuyp/app.bsky.feed.generator/aaabjki7ewirq,suggested_labelerexp,45,at://did:plc:rmjconpldkourhtggdcnweqf/app.bsky.feed.post/3mfotf6edxs22,bafyreifybfdhbn4m3ckp4cjlcmwneszlpjjgsxy2jy3twate7ze7hyalqy,did:plc:rmjconpldkourhtggdcnweqf,stephanieburgis.bsky.social,,
5a4fbaa1726044bb8f8150f94d304608,2026-02-25T15:00:00Z,2026-02-25T15:14:19Z,auth,auth_enUS_labelerexp,at://did:plc:jvrpllofboqntf5oz23ozuyp/app.bsky.feed.generator/aaabjki7ewirq,suggested_labelerexp,46,at://did:plc:zzza7zo2lho4etts27epjgpc/app.bsky.feed.post/3mfotevdsl22q,bafyreiepeadaprocoqxugisszedi5a4b52iqn37b72qdrko7k6twlv3iye,did:plc:zzza7zo2lho4etts27epjgpc,gnofhorror.com,,
5a4fbaa1726044bb8f8150f94d304608,2026-02-25T15:00:00Z,2026-02-25T15:14:19Z,auth,auth_enUS_labelerexp,at://did:plc:jvrpllofboqntf5oz23ozuyp/app.bsky.feed.generator/aaabjki7ewirq,suggested_labelerexp,47,at://did:plc:wj2llh7kukc74znxxxacaodo/app.bsky.feed.post/3mfotefebgk2z,bafyreieu2wt7r27fahfo2ostrp3ohea4nu2mr5ag7syx25fgmrztnecoxq,did:plc:wj2llh7kukc74znxxxacaodo,hamishsteele.bsky.social,,
5a4fbaa1726044bb8f8150f94d304608,2026-02-25T15:00:00Z,2026-02-25T15:14:19Z,auth,auth_enUS_labelerexp,at://did:plc:jvrpllofboqntf5oz23ozuyp/app.bsky.feed.generator/aaabjki7ewirq,suggested_labelerexp,48,at://did:plc:tphwva2cbijcvomqj4lz77sw/app.bsky.feed.post/3mfotdubnak24,bafyreif72rq4smnr4tzsdr2pblb4gwfvl3xbwqwng7grulkp552gtiuesy,did:plc:tphwva2cbijcvomqj4lz77sw,princejvstin.com,,
5a4fbaa1726044bb8f8150f94d304608,2026-02-25T15:00:00Z,2026-02-25T15:14:19Z,auth,auth_enUS_labelerexp,at://did:plc:jvrpllofboqntf5oz23ozuyp/app.bsky.feed.generator/aaabjki7ewirq,suggested_labelerexp,49,at://did:plc:3s5wtzqrvrsvbxl6afiko2yw/app.bsky.feed.post/3mfotdn2tis2a,bafyreidmbosbgpi7thg422wpfbo3rkifdpsijfnuumdlw3qz47awolo2om,did:plc:3s5wtzqrvrsvbxl6afiko2yw,nameshiv.bsky.social,,
5a4fbaa1726044bb8f8150f94d304608,2026-02-25T15:00:00Z,2026-02-25T15:14:19Z,auth,auth_enUS_labelerexp,at://did:plc:jvrpllofboqntf5oz23ozuyp/app.bsky.feed.generator/aaabjki7ewirq,suggested_labelerexp,50,at://did:plc:mrl3p6ed5pswq22lv4crnqzl/app.bsky.feed.post/3mfotc6yonk2w,bafyreig2vky4kgo4obzzyuu44mm6evipmegelutjsowe6j6dg6btkgjpui,did:plc:mrl3p6ed5pswq22lv4crnqzl,runwithskizzers.bsky.social,,
5a4fbaa1726044bb8f8150f94d304608,2026-02-25T15:00:00Z,2026-02-25T15:14:21Z,auth,auth_enUS_labelerexp,at://did:plc:nylio5rpw7u3wtven3vcriam/app.bsky.feed.generator/aaai4amp77qp6,suggested_labelerexp,1,at://did:plc:xnanzrmwkjvaj4sezphbdcgj/app.bsky.feed.post/3mfovdlpoyc2q,bafyreih3h3mbiylrq5rodjw46utqu7gaw4iei33c6uncrywl34pp2kly74,did:plc:xnanzrmwkjvaj4sezphbdcgj,afeeney.bsky.social,,
5a4fbaa1726044bb8f8150f94d304608,2026-02-25T15:00:00Z,2026-02-25T15:14:21Z,auth,auth_enUS_labelerexp,at://did:plc:nylio5rpw7u3wtven3vcriam/app.bsky.feed.generator/aaai4amp77qp6,suggested_labelerexp,2,at://did:plc:h3wy2y522kdaolgh5ajnpy66/app.bsky.feed.post/3mfoeasjvpc2l,bafyreihg2r4d54xuers3njvhwnv4pgzvghdlpqx56jqh7omu3d2n7rasdq,did:plc:h3wy2y522kdaolgh5ajnpy66,gutlin.bsky.social,,
5a4fbaa1726044bb8f8150f94d304608,2026-02-25T15:00:00Z,2026-02-25T15:14:21Z,auth,auth_enUS_labelerexp,at://did:plc:nylio5rpw7u3wtven3vcriam/app.bsky.feed.generator/aaai4amp77qp6,suggested_labelerexp,3,at://did:plc:pxkvwbfmltijbpjzk5srddcu/app.bsky.feed.post/3mfnpy6uqtc2x,bafyreibwtrpjqcjurut55e6wuyo7nymeclocedvn5mxh6cdvrjk5p3nazy,did:plc:pxkvwbfmltijbpjzk5srddcu,nrrjournalofficial.bsky.social,,
5a4fbaa1726044bb8f8150f94d304608,2026-02-25T15:00:00Z,2026-02-25T15:14:21Z,auth,auth_enUS_labelerexp,at://did:plc:nylio5rpw7u3wtven3vcriam/app.bsky.feed.generator/aaai4amp77qp6,suggested_labelerexp,4,at://did:plc:xnanzrmwkjvaj4sezphbdcgj/app.bsky.feed.post/3mfmwpdi54s23,bafyreig2io5pozhxcxz4uad4sjnngdwslifhtua6v2uok5njyonjkbbjlm,did:plc:xnanzrmwkjvaj4sezphbdcgj,afeeney.bsky.social,,
5a4fbaa1726044bb8f8150f94d304608,2026-02-25T15:00:00Z,2026-02-25T15:14:21Z,auth,auth_enUS_labelerexp,at://did:plc:nylio5rpw7u3wtven3vcriam/app.bsky.feed.generator/aaai4amp77qp6,suggested_labelerexp,5,at://did:plc:yiij6nmpvtfdpwmya2vuh3xs/app.bsky.feed.post/3mfmwczemrc2n,bafyreibut4pdvdgxrz4u6gpwrwfirgqk2q6wrrtpwo5mtst35qdglnhbvi,did:plc:yiij6nmpvtfdpwmya2vuh3xs,nataliepeluso.com,,
5a4fbaa1726044bb8f8150f94d304608,2026-02-25T15:00:00Z,2026-02-25T15:14:21Z,auth,auth_enUS_labelerexp,at://did:plc:nylio5rpw7u3wtven3vcriam/app.bsky.feed.generator/aaai4amp77qp6,suggested_labelerexp,6,at://did:plc:yiij6nmpvtfdpwmya2vuh3xs/app.bsky.feed.post/3mfmvspm2q22n,bafyreiaf7bh55m3zrx4ezdi3huch7rhlqugnne6tzryafoiltwj5ki4nvy,did:plc:yiij6nmpvtfdpwmya2vuh3xs,nataliepeluso.com,,
5a4fbaa1726044bb8f8150f94d304608,2026-02-25T15:00:00Z,2026-02-25T15:14:21Z,auth,auth_enUS_labelerexp,at://did:plc:nylio5rpw7u3wtven3vcriam/app.bsky.feed.generator/aaai4amp77qp6,suggested_labelerexp,7,at://did:plc:d57eial5goacffcqzpbcw33v/app.bsky.feed.post/3mfmt7xmdr22z,bafyreiawhshhhr6r577kznhbyftptizdqyedxq7eg4qanqgc2ss7xvjpny,did:plc:d57eial5goacffcqzpbcw33v,supercuriousphd.bsky.social,,
5a4fbaa1726044bb8f8150f94d304608,2026-02-25T15:00:00Z,2026-02-25T15:14:21Z,auth,auth_enUS_labelerexp,at://did:plc:nylio5rpw7u3wtven3vcriam/app.bsky.feed.generator/aaai4amp77qp6,suggested_labelerexp,8,at://did:plc:zq5iz4hfj6x4w6a4kjofv3rn/app.bsky.feed.post/3mfmsz55uh22y,bafyreicsq7qcwpitw2xkcrkqj6bgfk6rned7tmujcxbeaqemo2xjiz23ky,did:plc:zq5iz4hfj6x4w6a4kjofv3rn,asnrehab.bsky.social,,
5a4fbaa1726044bb8f8150f94d304608,2026-02-25T15:00:00Z,2026-02-25T15:14:21Z,auth,auth_enUS_labelerexp,at://did:plc:nylio5rpw7u3wtven3vcriam/app.bsky.feed.generator/aaai4amp77qp6,suggested_labelerexp,9,at://did:plc:woz4wy6m7mucpaugrmqbplbl/app.bsky.feed.post/3mfmqvu5yxi2z,bafyreifn5i2edmpj3ukifir2ernk6uhftjdwetnrljrm3qyndopy6oa7bm,did:plc:woz4wy6m7mucpaugrmqbplbl,repro4everyone.bsky.social,,
5a4fbaa1726044bb8f8150f94d304608,2026-02-25T15:00:00Z,2026-02-25T15:14:21Z,auth,auth_enUS_labelerexp,at://did:plc:nylio5rpw7u3wtven3vcriam/app.bsky.feed.generator/aaai4amp77qp6,suggested_labelerexp,10,at://did:plc:73uwondbkeafoi6xzbyagzyq/app.bsky.feed.post/3mfmo3ioqfs2u,bafyreigsdliwhzz6r25jpu2or6p3iyqlgi7yfqeyvxnrynuo7yu2gig2bq,did:plc:73uwondbkeafoi6xzbyagzyq,thetransmitter.bsky.social,,
5a4fbaa1726044bb8f8150f94d304608,2026-02-25T15:00:00Z,2026-02-25T15:14:21Z,auth,auth_enUS_labelerexp,at://did:plc:nylio5rpw7u3wtven3vcriam/app.bsky.feed.generator/aaai4amp77qp6,suggested_labelerexp,11,at://did:plc:roxhjcv6twbvmwm3enlt4jyl/app.bsky.feed.post/3mfmnckh4c32r,bafyreihe5wpyg2jjsnvxo3ugx4ssidgv7mpny55jt7wqnabehk3yxrczku,did:plc:roxhjcv6twbvmwm3enlt4jyl,sfn.org,,
5a4fbaa1726044bb8f8150f94d304608,2026-02-25T15:00:00Z,2026-02-25T15:14:21Z,auth,auth_enUS_labelerexp,at://did:plc:nylio5rpw7u3wtven3vcriam/app.bsky.feed.generator/aaai4amp77qp6,suggested_labelerexp,12,at://did:plc:5ny4loagu5dpgvfemg5bgswr/app.bsky.feed.post/3mfmm7zulir2d,bafyreibxz6n7gmb5j7o4k2brz7hyfyfkkayofhmk7qqwpwed2rbco57a3i,did:plc:5ny4loagu5dpgvfemg5bgswr,455783000007969895.bsky.social,,
5a4fbaa1726044bb8f8150f94d304608,2026-02-25T15:00:00Z,2026-02-25T15:14:21Z,auth,auth_enUS_labelerexp,at://did:plc:nylio5rpw7u3wtven3vcriam/app.bsky.feed.generator/aaai4amp77qp6,suggested_labelerexp,13,at://did:plc:wpdnxu3e7buaxffdxvkds6h6/app.bsky.feed.post/3mfmlpqum4s2k,bafyreiakae6cus2th2o5yu3d43jzfjhcsm5riq2lb53rk4ezz2xw2n4xqy,did:plc:wpdnxu3e7buaxffdxvkds6h6,maclab-brain.bsky.social,,
5a4fbaa1726044bb8f8150f94d304608,2026-02-25T15:00:00Z,2026-02-25T15:14:21Z,auth,auth_enUS_labelerexp,at://did:plc:nylio5rpw7u3wtven3vcriam/app.bsky.feed.generator/aaai4amp77qp6,suggested_labelerexp,14,at://did:plc:67vcwjfd26wgw4rimalbreoo/app.bsky.feed.post/3mfmkjy32kk2b,bafyreib75vcfk3acvdkx6f2uxxbzjx5g3pwo7bisyibs2r7mjso5dhyzwu,did:plc:67vcwjfd26wgw4rimalbreoo,neurobeat.co.uk,,
5a4fbaa1726044bb8f8150f94d304608,2026-02-25T15:00:00Z,2026-02-25T15:14:21Z,auth,auth_enUS_labelerexp,at://did:plc:nylio5rpw7u3wtven3vcriam/app.bsky.feed.generator/aaai4amp77qp6,suggested_labelerexp,15,at://did:plc:73uwondbkeafoi6xzbyagzyq/app.bsky.feed.post/3mfmj4gvurc2u,bafyreihp6r53biw6prm5shoisu55opvpzwerlr5voui3tshrz2gboesqgq,did:plc:73uwondbkeafoi6xzbyagzyq,thetransmitter.bsky.social,,
5a4fbaa1726044bb8f8150f94d304608,2026-02-25T15:00:00Z,2026-02-25T15:14:21Z,auth,auth_enUS_labelerexp,at://did:plc:nylio5rpw7u3wtven3vcriam/app.bsky.feed.generator/aaai4amp77qp6,suggested_labelerexp,16,at://did:plc:ciypdvxebeeujfieh5tup6xu/app.bsky.feed.post/3mfmhmiqjhk2t,bafyreiafw63jc4bwdqihqxersrqlajdtqfryiy3waq7lbilztq4srvq5di,did:plc:ciypdvxebeeujfieh5tup6xu,drsimonmcarthur.bsky.social,,
5a4fbaa1726044bb8f8150f94d304608,2026-02-25T15:00:00Z,2026-02-25T15:14:21Z,auth,auth_enUS_labelerexp,at://did:plc:nylio5rpw7u3wtven3vcriam/app.bsky.feed.generator/aaai4amp77qp6,suggested_labelerexp,17,at://did:plc:ktdt4j7ae7bbca2n3egwnoo3/app.bsky.feed.post/3mfme4vgsss2t,bafyreieyq33ua2mlotpobuld5sfe4v6arq4xlldf6ttyixrn2xysbtixom,did:plc:ktdt4j7ae7bbca2n3egwnoo3,pennneuroknow.bsky.social,,
5a4fbaa1726044bb8f8150f94d304608,2026-02-25T15:00:00Z,2026-02-25T15:14:21Z,auth,auth_enUS_labelerexp,at://did:plc:nylio5rpw7u3wtven3vcriam/app.bsky.feed.generator/aaai4amp77qp6,suggested_labelerexp,18,at://did:plc:zouwqz5tsegehfwfwwcda5ti/app.bsky.feed.post/3mfm6jczcus2f,bafyreih3ijdzwnoe52ztqrixtpmi363khcwjerun3xfw7cpzt754puj64y,did:plc:zouwqz5tsegehfwfwwcda5ti,levandyck.bsky.social,,
5a4fbaa1726044bb8f8150f94d304608,2026-02-25T15:00:00Z,2026-02-25T15:14:21Z,auth,auth_enUS_labelerexp,at://did:plc:nylio5rpw7u3wtven3vcriam/app.bsky.feed.generator/aaai4amp77qp6,suggested_labelerexp,19,at://did:plc:tb6fpp2cacdfwghxijsjcdw2/app.bsky.feed.post/3mfm2iaplac2v,bafyreihgid6lpzg2ruo4o5zxlsdfyv2gr47luoup2u3haiigqgyyfffx3q,did:plc:tb6fpp2cacdfwghxijsjcdw2,brisepsi.bsky.social,,
5a4fbaa1726044bb8f8150f94d304608,2026-02-25T15:00:00Z,2026-02-25T15:14:21Z,auth,auth_enUS_labelerexp,at://did:plc:nylio5rpw7u3wtven3vcriam/app.bsky.feed.generator/aaai4amp77qp6,suggested_labelerexp,20,at://did:plc:67vcwjfd26wgw4rimalbreoo/app.bsky.feed.post/3mflvjq4hfc2z,bafyreiahanve7ylv74wuvspmc5azyuymnsqkyszd5rgyhbheyorwzioet4,did:plc:67vcwjfd26wgw4rimalbreoo,neurobeat.co.uk,,
5a4fbaa1726044bb8f8150f94d304608,2026-02-25T15:00:00Z,2026-02-25T15:14:21Z,auth,auth_enUS_labelerexp,at://did:plc:nylio5rpw7u3wtven3vcriam/app.bsky.feed.generator/aaai4amp77qp6,suggested_labelerexp,21,at://did:plc:5zvpvwdej77szyljx6wfshzg/app.bsky.feed.post/3mflv6sc7l22h,bafyreic6a3oulaj7v2cdd6t2lse755rywnx5jdbdvgbcxlanuxacyvjtf4,did:plc:5zvpvwdej77szyljx6wfshzg,neuro-chlo.bsky.social,,
5a4fbaa1726044bb8f8150f94d304608,2026-02-25T15:00:00Z,2026-02-25T15:14:21Z,auth,auth_enUS_labelerexp,at://did:plc:nylio5rpw7u3wtven3vcriam/app.bsky.feed.generator/aaai4amp77qp6,suggested_labelerexp,22,at://did:plc:mt3hcsij6cfikyz53lfmpsyq/app.bsky.feed.post/3mflkdntkzk2s,bafyreig4sy77e3zgcf7advteawf4drsnafggej6wz6ds6uqpni5c62eljm,did:plc:mt3hcsij6cfikyz53lfmpsyq,dwaynegodwin.bsky.social,,
5a4fbaa1726044bb8f8150f94d304608,2026-02-25T15:00:00Z,2026-02-25T15:14:21Z,auth,auth_enUS_labelerexp,at://did:plc:nylio5rpw7u3wtven3vcriam/app.bsky.feed.generator/aaai4amp77qp6,suggested_labelerexp,23,at://did:plc:pxkvwbfmltijbpjzk5srddcu/app.bsky.feed.post/3mflgiduryc23,bafyreihg67x7n3qt3bnwzurb25ogbzd66n3n3evyfkrniwyuy5c3ktdvoq,did:plc:pxkvwbfmltijbpjzk5srddcu,nrrjournalofficial.bsky.social,,
5a4fbaa1726044bb8f8150f94d304608,2026-02-25T15:00:00Z,2026-02-25T15:14:21Z,auth,auth_enUS_labelerexp,at://did:plc:nylio5rpw7u3wtven3vcriam/app.bsky.feed.generator/aaai4amp77qp6,suggested_labelerexp,24,at://did:plc:257mlmai5nguufse56vjeqmr/app.bsky.feed.post/3mfkut3i4mt23,bafyreiarmfwiu2mj3z4x5s47hxowxgwc3cakfs23zjfjbczkkxrq2km7sa,did:plc:257mlmai5nguufse56vjeqmr,alleninstitute.org,,
5a4fbaa1726044bb8f8150f94d304608,2026-02-25T15:00:00Z,2026-02-25T15:14:21Z,auth,auth_enUS_labelerexp,at://did:plc:nylio5rpw7u3wtven3vcriam/app.bsky.feed.generator/aaai4amp77qp6,suggested_labelerexp,25,at://did:plc:gfvjxniv5ylppk263f44p3zs/app.bsky.feed.post/3mfktmbmra22a,bafyreiagt44av7yaxcaw3hjipmvpfhibjz5qb6kfdsyf7dan74rys7el4i,did:plc:gfvjxniv5ylppk263f44p3zs,evoneuro.bsky.social,,
5a4fbaa1726044bb8f8150f94d304608,2026-02-25T15:00:00Z,2026-02-25T15:14:21Z,auth,auth_enUS_labelerexp,at://did:plc:nylio5rpw7u3wtven3vcriam/app.bsky.feed.generator/aaai4amp77qp6,suggested_labelerexp,26,at://did:plc:6c5zm4cue4xbdoktsq23bmf7/app.bsky.feed.post/3mfkludffuc2k,bafyreie2zaisl3uqyhff634vy77utq57umuxrmoi5z5ycv22ut3zu52y7y,did:plc:6c5zm4cue4xbdoktsq23bmf7,thehandlab.bsky.social,,
5a4fbaa1726044bb8f8150f94d304608,2026-02-25T15:00:00Z,2026-02-25T15:14:21Z,auth,auth_enUS_labelerexp,at://did:plc:nylio5rpw7u3wtven3vcriam/app.bsky.feed.generator/aaai4amp77qp6,suggested_labelerexp,27,at://did:plc:nylio5rpw7u3wtven3vcriam/app.bsky.feed.post/3mfkbnfv4vk2z,bafyreigcjidns57qqvpxorzh53wbq3cyzbq3gahpyxaolzocuxp5xugt4e,did:plc:nylio5rpw7u3wtven3vcriam,micahgallen.com,,
5a4fbaa1726044bb8f8150f94d304608,2026-02-25T15:00:00Z,2026-02-25T15:14:21Z,auth,auth_enUS_labelerexp,at://did:plc:nylio5rpw7u3wtven3vcriam/app.bsky.feed.generator/aaai4amp77qp6,suggested_labelerexp,28,at://did:plc:n2akdbwkitrwki3gc6a7accl/app.bsky.feed.post/3mfk4m535ys2c,bafyreiflngpvif266tymihqiepj34kezhlbjwdg5c5srrb3tptljoxb5uy,did:plc:n2akdbwkitrwki3gc6a7accl,osidesystems.bsky.social,,
5a4fbaa1726044bb8f8150f94d304608,2026-02-25T15:00:00Z,2026-02-25T15:14:21Z,auth,auth_enUS_labelerexp,at://did:plc:nylio5rpw7u3wtven3vcriam/app.bsky.feed.generator/aaai4amp77qp6,suggested_labelerexp,29,at://did:plc:65sqvh7nevxlufvvl3omsm33/app.bsky.feed.post/3mfk2ogykzc22,bafyreiayiikgf7pwwk7wjmcmws7b7logn4renisljg2lgytgysgjqqiwqe,did:plc:65sqvh7nevxlufvvl3omsm33,hearingshef.bsky.social,,
5a4fbaa1726044bb8f8150f94d304608,2026-02-25T15:00:00Z,2026-02-25T15:14:21Z,auth,auth_enUS_labelerexp,at://did:plc:nylio5rpw7u3wtven3vcriam/app.bsky.feed.generator/aaai4amp77qp6,suggested_labelerexp,30,at://did:plc:goucgvtb37dvzftgcejg7mon/app.bsky.feed.post/3mfjysfhgoc26,bafyreibae2xszgue6ksk74kqnzoescgzk2fd5cx6qesekvqbdfpgu3fe5u,did:plc:goucgvtb37dvzftgcejg7mon,leadcoalition.bsky.social,,
5a4fbaa1726044bb8f8150f94d304608,2026-02-25T15:00:00Z,2026-02-25T15:14:21Z,auth,auth_enUS_labelerexp,at://did:plc:nylio5rpw7u3wtven3vcriam/app.bsky.feed.generator/aaai4amp77qp6,suggested_labelerexp,31,at://did:plc:73uwondbkeafoi6xzbyagzyq/app.bsky.feed.post/3mfjvbcwrgs2u,bafyreiaqgbxoitdfv2imjnzlviqlrcawngxbt7kb5zkafdwkalpgejykki,did:plc:73uwondbkeafoi6xzbyagzyq,thetransmitter.bsky.social,,
5a4fbaa1726044bb8f8150f94d304608,2026-02-25T15:00:00Z,2026-02-25T15:14:21Z,auth,auth_enUS_labelerexp,at://did:plc:nylio5rpw7u3wtven3vcriam/app.bsky.feed.generator/aaai4amp77qp6,suggested_labelerexp,32,at://did:plc:fsfi7snxwpvoram7tb3fbgkx/app.bsky.feed.post/3mfjtghixgz2h,bafyreidc6xve4762cp4pjhsb3x4bx5w3c4b5j3dfefcutxhhy3fvm6cxsi,did:plc:fsfi7snxwpvoram7tb3fbgkx,pardomocoroa.bsky.social,,
5a4fbaa1726044bb8f8150f94d304608,2026-02-25T15:00:00Z,2026-02-25T15:14:21Z,auth,auth_enUS_labelerexp,at://did:plc:nylio5rpw7u3wtven3vcriam/app.bsky.feed.generator/aaai4amp77qp6,suggested_labelerexp,33,at://did:plc:goucgvtb37dvzftgcejg7mon/app.bsky.feed.post/3mfjtdg7xgs2p,bafyreidiywdvgyklphytzmlk2b7zvnlhq4zzyanxvga54i6madmvekiv3y,did:plc:goucgvtb37dvzftgcejg7mon,leadcoalition.bsky.social,,
5a4fbaa1726044bb8f8150f94d304608,2026-02-25T15:00:00Z,2026-02-25T15:14:21Z,auth,auth_enUS_labelerexp,at://did:plc:nylio5rpw7u3wtven3vcriam/app.bsky.feed.generator/aaai4amp77qp6,suggested_labelerexp,34,at://did:plc:flz2yiimdujdskvqtseolv5e/app.bsky.feed.post/3mfjqgvqo5c23,bafyreib44lprlmb6bbnysg3n7mu7mmehaf222nawqwkih46pu3kwg5bwau,did:plc:flz2yiimdujdskvqtseolv5e,dgn-ev.bsky.social,,
5a4fbaa1726044bb8f8150f94d304608,2026-02-25T15:00:00Z,2026-02-25T15:14:21Z,auth,auth_enUS_labelerexp,at://did:plc:nylio5rpw7u3wtven3vcriam/app.bsky.feed.generator/aaai4amp77qp6,suggested_labelerexp,35,at://did:plc:txtmvvwynxal5bstf7e5s2de/app.bsky.feed.post/3mfjgjxzoys24,bafyreia57yqnbj7f2kvlu2guwpzpolgrbetltytvzumylzfp5mmpisyk4q,did:plc:txtmvvwynxal5bstf7e5s2de,gkmurray.bsky.social,,
5a4fbaa1726044bb8f8150f94d304608,2026-02-25T15:00:00Z,2026-02-25T15:14:21Z,auth,auth_enUS_labelerexp,at://did:plc:nylio5rpw7u3wtven3vcriam/app.bsky.feed.generator/aaai4amp77qp6,suggested_labelerexp,36,at://did:plc:jyctnrcv5dznuu67bkjjlf3t/app.bsky.feed.post/3mfinadch7o2x,bafyreicnqnwodytzkxpefcoqg3qb6ffajlwsdbpswko4on6vshah2nhxby,did:plc:jyctnrcv5dznuu67bkjjlf3t,natureportfolio.nature.com,,
5a4fbaa1726044bb8f8150f94d304608,2026-02-25T15:00:00Z,2026-02-25T15:14:21Z,auth,auth_enUS_labelerexp,at://did:plc:nylio5rpw7u3wtven3vcriam/app.bsky.feed.generator/aaai4amp77qp6,suggested_labelerexp,37,at://did:plc:yiij6nmpvtfdpwmya2vuh3xs/app.bsky.feed.post/3mfi6euppjc2q,bafyreid53k2alrefnelks2yanwt3jbjdehekkqb6kd43uoeurgt6vlksyu,did:plc:yiij6nmpvtfdpwmya2vuh3xs,nataliepeluso.com,,
5a4fbaa1726044bb8f8150f94d304608,2026-02-25T15:00:00Z,2026-02-25T15:14:21Z,auth,auth_enUS_labelerexp,at://did:plc:nylio5rpw7u3wtven3vcriam/app.bsky.feed.generator/aaai4amp77qp6,suggested_labelerexp,38,at://did:plc:yiij6nmpvtfdpwmya2vuh3xs/app.bsky.feed.post/3mfi5nxebj22q,bafyreifujepkki5ewzt6kvezx27pluonw2f36c7vp53isgqaeiifquzc2u,did:plc:yiij6nmpvtfdpwmya2vuh3xs,nataliepeluso.com,,
5a4fbaa1726044bb8f8150f94d304608,2026-02-25T15:00:00Z,2026-02-25T15:14:21Z,auth,auth_enUS_labelerexp,at://did:plc:nylio5rpw7u3wtven3vcriam/app.bsky.feed.generator/aaai4amp77qp6,suggested_labelerexp,39,at://did:plc:eip2ux2joizj5ek5nqtrmnym/app.bsky.feed.post/3mfhnwsncqk2f,bafyreibfqgrxjbej6nabdvcoeamoi55jd2da3u5m4atyd7othamnu3qht4,did:plc:eip2ux2joizj5ek5nqtrmnym,pessoabrain.bsky.social,,
5a4fbaa1726044bb8f8150f94d304608,2026-02-25T15:00:00Z,2026-02-25T15:14:21Z,auth,auth_enUS_labelerexp,at://did:plc:nylio5rpw7u3wtven3vcriam/app.bsky.feed.generator/aaai4amp77qp6,suggested_labelerexp,40,at://did:plc:2rrp75cclmgiunpprtx4baqe/app.bsky.feed.post/3mfhbvibb432e,bafyreibcjollllcewabk2wfzpf2uyo5jlygav44s7fukuasejduvocsoue,did:plc:2rrp75cclmgiunpprtx4baqe,mujeresde.bsky.social,,
5a4fbaa1726044bb8f8150f94d304608,2026-02-25T15:00:00Z,2026-02-25T15:14:21Z,auth,auth_enUS_labelerexp,at://did:plc:nylio5rpw7u3wtven3vcriam/app.bsky.feed.generator/aaai4amp77qp6,suggested_labelerexp,41,at://did:plc:m5r55m65o36vwhvkniw453e3/app.bsky.feed.post/3mfhakooov22t,bafyreic7pdo2mhgyak7w2ttbw25otm5z7bycpak4oyllagarjr6opowqle,did:plc:m5r55m65o36vwhvkniw453e3,arielframe.bsky.social,,
5a4fbaa1726044bb8f8150f94d304608,2026-02-25T15:00:00Z,2026-02-25T15:14:22Z,auth,auth_enUS_labelerexp,at://did:plc:odqmsar3ikz5ubokya4sempk/app.bsky.feed.generator/aaahudddd6mww,suggested_labelerexp,1,at://did:plc:pqjm2ljb5dg6rpedopfpk2xp/app.bsky.feed.post/3mfoxpif7wc2k,bafyreiblhx3nvxc7rv2dzk2r3cd4n6bfjsv2fbwisqgotvddb2l7ewvoq4,did:plc:pqjm2ljb5dg6rpedopfpk2xp,cozygh0st.bsky.social,,
5a4fbaa1726044bb8f8150f94d304608,2026-02-25T15:00:00Z,2026-02-25T15:14:22Z,auth,auth_enUS_labelerexp,at://did:plc:odqmsar3ikz5ubokya4sempk/app.bsky.feed.generator/aaahudddd6mww,suggested_labelerexp,2,at://did:plc:vei2akuxhzshaanfsno6ijws/app.bsky.feed.post/3mfoxoqblk223,bafyreibtypxfwisewrx3fsztrlff55gwvopx4etvdfzy6ymofv2fxuibfu,did:plc:vei2akuxhzshaanfsno6ijws,bagworms.bsky.social,,
5a4fbaa1726044bb8f8150f94d304608,2026-02-25T15:00:00Z,2026-02-25T15:14:22Z,auth,auth_enUS_labelerexp,at://did:plc:odqmsar3ikz5ubokya4sempk/app.bsky.feed.generator/aaahudddd6mww,suggested_labelerexp,3,at://did:plc:3uxffpguoba7dcd3s4luii5e/app.bsky.feed.post/3mfoxld3tqc23,bafyreihykuvgp6kqvr33klwdb3mz4l7ldhlcwextv5mvpvqfdatnko3the,did:plc:3uxffpguoba7dcd3s4luii5e,d3micl0wn.bsky.social,,
5a4fbaa1726044bb8f8150f94d304608,2026-02-25T15:00:00Z,2026-02-25T15:14:22Z,auth,auth_enUS_labelerexp,at://did:plc:odqmsar3ikz5ubokya4sempk/app.bsky.feed.generator/aaahudddd6mww,suggested_labelerexp,4,at://did:plc:f4pl3qehbmpj6uhclerfhkbm/app.bsky.feed.post/3mfoxjoxxo22w,bafyreibudiospdk755kxki4yfr6yv5eyloaiewbenf7vr45rahybdqcmdy,did:plc:f4pl3qehbmpj6uhclerfhkbm,lilymirai.cl,,
5a4fbaa1726044bb8f8150f94d304608,2026-02-25T15:00:00Z,2026-02-25T15:14:22Z,auth,auth_enUS_labelerexp,at://did:plc:odqmsar3ikz5ubokya4sempk/app.bsky.feed.generator/aaahudddd6mww,suggested_labelerexp,5,at://did:plc:xfdhyoi3btskvwfzvzzyqhf4/app.bsky.feed.post/3mfoxeamokk2g,bafyreicbitdjq3zf2wnn6le5xxprdwr3wd2jekf4h4wtez5gyxnwxftmje,did:plc:xfdhyoi3btskvwfzvzzyqhf4,furry-lover-owo.bsky.social,,
5a4fbaa1726044bb8f8150f94d304608,2026-02-25T15:00:00Z,2026-02-25T15:14:22Z,auth,auth_enUS_labelerexp,at://did:plc:odqmsar3ikz5ubokya4sempk/app.bsky.feed.generator/aaahudddd6mww,suggested_labelerexp,6,at://did:plc:ijo4aphmwiyke7xpqokqhk35/app.bsky.feed.post/3mfox3j4ycs2a,bafyreiesnbh5iwexoih6ekhvhdoom4objx5mmd5o2jmzvm6imohdpfjk5e,did:plc:ijo4aphmwiyke7xpqokqhk35,kitsuakari.bsky.social,,
5a4fbaa1726044bb8f8150f94d304608,2026-02-25T15:00:00Z,2026-02-25T15:14:22Z,auth,auth_enUS_labelerexp,at://did:plc:odqmsar3ikz5ubokya4sempk/app.bsky.feed.generator/aaahudddd6mww,suggested_labelerexp,7,at://did:plc:56kf4llkgj4o3n4ylvktnfnb/app.bsky.feed.post/3mfowl3ka4k2w,bafyreie7p6kjyavytxuib773idzppad3otu3oqasleestkxaqy75bowrre,did:plc:56kf4llkgj4o3n4ylvktnfnb,whitefoxdesigns.net,,
5a4fbaa1726044bb8f8150f94d304608,2026-02-25T15:00:00Z,2026-02-25T15:14:22Z,auth,auth_enUS_labelerexp,at://did:plc:odqmsar3ikz5ubokya4sempk/app.bsky.feed.generator/aaahudddd6mww,suggested_labelerexp,8,at://did:plc:idcbvrt5pmutsrnl5o7cusnt/app.bsky.feed.post/3mfowfampw225,bafyreihs6smm2632zctukptzkhzpflfssj6v5uh7nmcv3vb2hzqd6ldmui,did:plc:idcbvrt5pmutsrnl5o7cusnt,stinkyskunkdude.bsky.social,,
5a4fbaa1726044bb8f8150f94d304608,2026-02-25T15:00:00Z,2026-02-25T15:14:22Z,auth,auth_enUS_labelerexp,at://did:plc:odqmsar3ikz5ubokya4sempk/app.bsky.feed.generator/aaahudddd6mww,suggested_labelerexp,9,at://did:plc:uruuqy2hho5js7puzd2gmso7/app.bsky.feed.post/3mfow4yiqzk2l,bafyreia3btcxehkghdhzbjc6hmox5yk3l5fcdi2cua6ocikfvb3fbsfax4,did:plc:uruuqy2hho5js7puzd2gmso7,putridsaint666.bsky.social,,
5a4fbaa1726044bb8f8150f94d304608,2026-02-25T15:00:00Z,2026-02-25T15:14:22Z,auth,auth_enUS_labelerexp,at://did:plc:odqmsar3ikz5ubokya4sempk/app.bsky.feed.generator/aaahudddd6mww,suggested_labelerexp,10,at://did:plc:kx77yjvsg32vjwrlzmgeeaom/app.bsky.feed.post/3mfovz3vq2s2x,bafyreiagcbci4kwek6ek6vj3ic55gfdpkyh5iiiaywa4c4tkyiewjvh2de,did:plc:kx77yjvsg32vjwrlzmgeeaom,passerinka.bsky.social,,
5a4fbaa1726044bb8f8150f94d304608,2026-02-25T15:00:00Z,2026-02-25T15:14:22Z,auth,auth_enUS_labelerexp,at://did:plc:odqmsar3ikz5ubokya4sempk/app.bsky.feed.generator/aaahudddd6mww,suggested_labelerexp,11,at://did:plc:jlfauh73qigqryskvj6agzhy/app.bsky.feed.post/3mfovygsybc2a,bafyreifnntiwr73jhe2jxuwf2zqex74azeny3wkx555paumypg4t5zpodu,did:plc:jlfauh73qigqryskvj6agzhy,ticklishpeach.bsky.social,,
5a4fbaa1726044bb8f8150f94d304608,2026-02-25T15:00:00Z,2026-02-25T15:14:22Z,auth,auth_enUS_labelerexp,at://did:plc:odqmsar3ikz5ubokya4sempk/app.bsky.feed.generator/aaahudddd6mww,suggested_labelerexp,12,at://did:plc:nisdo75cvgee67rfxw4tz32x/app.bsky.feed.post/3mfovuah4ks2y,bafyreibxylyeacd5pwacoddeyldwgocgwi2owkubn7f6cy6bscqa5hr3ne,did:plc:nisdo75cvgee67rfxw4tz32x,indidere.vtubers.social,,
5a4fbaa1726044bb8f8150f94d304608,2026-02-25T15:00:00Z,2026-02-25T15:14:22Z,auth,auth_enUS_labelerexp,at://did:plc:odqmsar3ikz5ubokya4sempk/app.bsky.feed.generator/aaahudddd6mww,suggested_labelerexp,13,at://did:plc:y6c6ka2guyxenhdvl7e36xyh/app.bsky.feed.post/3mfovt5siy22s,bafyreidniglwt3x3j6mvpcdrqjf3mtko5mlee3c23nwhyvmg62vqlaybdi,did:plc:y6c6ka2guyxenhdvl7e36xyh,manoerys.bsky.social,,
5a4fbaa1726044bb8f8150f94d304608,2026-02-25T15:00:00Z,2026-02-25T15:14:22Z,auth,auth_enUS_labelerexp,at://did:plc:odqmsar3ikz5ubokya4sempk/app.bsky.feed.generator/aaahudddd6mww,suggested_labelerexp,14,at://did:plc:2n2dejikiq3y3rrg45gtw6si/app.bsky.feed.post/3mfovsevxps2e,bafyreiedahzdm6n2swizge45flk63usyq5irpnpcxk2gicxojgz6vrwaua,did:plc:2n2dejikiq3y3rrg45gtw6si,petalsketch.bsky.social,,
5a4fbaa1726044bb8f8150f94d304608,2026-02-25T15:00:00Z,2026-02-25T15:14:22Z,auth,auth_enUS_labelerexp,at://did:plc:odqmsar3ikz5ubokya4sempk/app.bsky.feed.generator/aaahudddd6mww,suggested_labelerexp,15,at://did:plc:64u7jfydixgujk7sh537qfet/app.bsky.feed.post/3mfovrqv2wk2s,bafyreidxsr5ck2mjedeyixcvcvxlmsgn27skcymcubfobzegmj2ec5mnwa,did:plc:64u7jfydixgujk7sh537qfet,noodleroosterart.bsky.social,,
5a4fbaa1726044bb8f8150f94d304608,2026-02-25T15:00:00Z,2026-02-25T15:14:22Z,auth,auth_enUS_labelerexp,at://did:plc:odqmsar3ikz5ubokya4sempk/app.bsky.feed.generator/aaahudddd6mww,suggested_labelerexp,16,at://did:plc:2j7yk3udvavcxkzaiprevyrm/app.bsky.feed.post/3mfovoum4s223,bafyreigrtqph25uvnpezbfgfcth4ndi5yfqhf42r2gacle7v76zscrdq6e,did:plc:2j7yk3udvavcxkzaiprevyrm,cassetteillust.bsky.social,,
5a4fbaa1726044bb8f8150f94d304608,2026-02-25T15:00:00Z,2026-02-25T15:14:22Z,auth,auth_enUS_labelerexp,at://did:plc:odqmsar3ikz5ubokya4sempk/app.bsky.feed.generator/aaahudddd6mww,suggested_labelerexp,17,at://did:plc:yoxjd3wnybe5uf77ipxm2jfy/app.bsky.feed.post/3mfoviavth22n,bafyreiam3vg3fcfteurzgnim34ri3wngb35sq5g6ktvh4jyy4ocktz5ppq,did:plc:yoxjd3wnybe5uf77ipxm2jfy,wormcoffin.bsky.social,,
5a4fbaa1726044bb8f8150f94d304608,2026-02-25T15:00:00Z,2026-02-25T15:14:22Z,auth,auth_enUS_labelerexp,at://did:plc:odqmsar3ikz5ubokya4sempk/app.bsky.feed.generator/aaahudddd6mww,suggested_labelerexp,18,at://did:plc:kagpqshu2sveephdlvao7oof/app.bsky.feed.post/3mfovgcmt3c2v,bafyreiggh7337jrxc4faycy63n2xtf25gdey64t3i3au6oejqu2rztnt6y,did:plc:kagpqshu2sveephdlvao7oof,jasperjellyartz.bsky.social,,
5a4fbaa1726044bb8f8150f94d304608,2026-02-25T15:00:00Z,2026-02-25T15:14:22Z,auth,auth_enUS_labelerexp,at://did:plc:odqmsar3ikz5ubokya4sempk/app.bsky.feed.generator/aaahudddd6mww,suggested_labelerexp,19,at://did:plc:sietpqdgzrdt6sp5x7byvuks/app.bsky.feed.post/3mfovfehbmk2f,bafyreiecjdxebmdwxgsdzp766iwja6zdzda5gsty7d77qqzshl7ygpzcd4,did:plc:sietpqdgzrdt6sp5x7byvuks,zwiezda.bsky.social,,
5a4fbaa1726044bb8f8150f94d304608,2026-02-25T15:00:00Z,2026-02-25T15:14:22Z,auth,auth_enUS_labelerexp,at://did:plc:odqmsar3ikz5ubokya4sempk/app.bsky.feed.generator/aaahudddd6mww,suggested_labelerexp,20,at://did:plc:flckvpue3nafwqsfyypsleuk/app.bsky.feed.post/3mfovapxmv22s,bafyreihiry6dtfaa6bmpskqvtqq32mndq6hc4jdz74n3n265vtvlsejubm,did:plc:flckvpue3nafwqsfyypsleuk,ninjascreations.bsky.social,,
5a4fbaa1726044bb8f8150f94d304608,2026-02-25T15:00:00Z,2026-02-25T15:14:22Z,auth,auth_enUS_labelerexp,at://did:plc:odqmsar3ikz5ubokya4sempk/app.bsky.feed.generator/aaahudddd6mww,suggested_labelerexp,21,at://did:plc:isoghgk26wdxax5pi6adwe5o/app.bsky.feed.post/3mfouzkl4fk22,bafyreiemnhocqyup3s3odoic6oaznjq42rwgzl4nvil4vtjm7je4hetmpu,did:plc:isoghgk26wdxax5pi6adwe5o,sanji-chwan.bsky.social,,
5a4fbaa1726044bb8f8150f94d304608,2026-02-25T15:00:00Z,2026-02-25T15:14:22Z,auth,auth_enUS_labelerexp,at://did:plc:odqmsar3ikz5ubokya4sempk/app.bsky.feed.generator/aaahudddd6mww,suggested_labelerexp,22,at://did:plc:hgmmoeorh7r7juxndl3idbtp/app.bsky.feed.post/3mfouq6orfc2k,bafyreihvq264a4tknufgsj7zix3xyw5cbpokbvt5pernazd3n3joao4oce,did:plc:hgmmoeorh7r7juxndl3idbtp,miloszart.bsky.social,,
5a4fbaa1726044bb8f8150f94d304608,2026-02-25T15:00:00Z,2026-02-25T15:14:22Z,auth,auth_enUS_labelerexp,at://did:plc:odqmsar3ikz5ubokya4sempk/app.bsky.feed.generator/aaahudddd6mww,suggested_labelerexp,23,at://did:plc:ril4gqvmfp2qm3gwxwum763z/app.bsky.feed.post/3mfouorwcjk2g,bafyreienshyekwoz4ct445mtbczyhkrwwzihe2vlcynewsj2weexhhf6si,did:plc:ril4gqvmfp2qm3gwxwum763z,ilostmys0ul.bsky.social,,
5a4fbaa1726044bb8f8150f94d304608,2026-02-25T15:00:00Z,2026-02-25T15:14:22Z,auth,auth_enUS_labelerexp,at://did:plc:odqmsar3ikz5ubokya4sempk/app.bsky.feed.generator/aaahudddd6mww,suggested_labelerexp,24,at://did:plc:dmm66tshcwxyutgnc4gdo4xd/app.bsky.feed.post/3mfoul3pkoc2z,bafyreiatbbbdyehf34b3vuoyekvhkbf54bw7itp4ps75ww6zkcrwnauuqm,did:plc:dmm66tshcwxyutgnc4gdo4xd,yiffiedoe.bsky.social,,
5a4fbaa1726044bb8f8150f94d304608,2026-02-25T15:00:00Z,2026-02-25T15:14:22Z,auth,auth_enUS_labelerexp,at://did:plc:odqmsar3ikz5ubokya4sempk/app.bsky.feed.generator/aaahudddd6mww,suggested_labelerexp,25,at://did:plc:hesuq3hbidoonqycdtoujgb7/app.bsky.feed.post/3mfouijcrps2m,bafyreic6wbxekruzhxhhrybm2yncalx2bfe3lvhnrbutxt7cy2unudvk5y,did:plc:hesuq3hbidoonqycdtoujgb7,renneoko.bsky.social,,
5a4fbaa1726044bb8f8150f94d304608,2026-02-25T15:00:00Z,2026-02-25T15:14:22Z,auth,auth_enUS_labelerexp,at://did:plc:odqmsar3ikz5ubokya4sempk/app.bsky.feed.generator/aaahudddd6mww,suggested_labelerexp,26,at://did:plc:svodf4nm2czogwuchfttkwz2/app.bsky.feed.post/3mfougmknsk2r,bafyreihz5e6viwe5imerqy7sbilvxjxd4g5au6mrlchrnbwcr5mlifdvbi,did:plc:svodf4nm2czogwuchfttkwz2,yeensandbeans.bsky.social,,
5a4fbaa1726044bb8f8150f94d304608,2026-02-25T15:00:00Z,2026-02-25T15:14:22Z,auth,auth_enUS_labelerexp,at://did:plc:odqmsar3ikz5ubokya4sempk/app.bsky.feed.generator/aaahudddd6mww,suggested_labelerexp,27,at://did:plc:d2s5hmitronbqvih32zak6gv/app.bsky.feed.post/3mfoubuoobk2m,bafyreihkjv6v3tz5uivk742mdy43tw6uyp7z7izprko4venic5npg6g3jy,did:plc:d2s5hmitronbqvih32zak6gv,yuudandandan.bsky.social,,
5a4fbaa1726044bb8f8150f94d304608,2026-02-25T15:00:00Z,2026-02-25T15:14:22Z,auth,auth_enUS_labelerexp,at://did:plc:odqmsar3ikz5ubokya4sempk/app.bsky.feed.generator/aaahudddd6mww,suggested_labelerexp,28,at://did:plc:lfneynmiwmovsg6b3ogdihg7/app.bsky.feed.post/3mfou6jmnhk2w,bafyreigjbqu2fbb2n2r46ahglalz6wfo6oq24t5x4iipfhpnvh5nogycza,did:plc:lfneynmiwmovsg6b3ogdihg7,vialofpink.bsky.social,,
5a4fbaa1726044bb8f8150f94d304608,2026-02-25T15:00:00Z,2026-02-25T15:14:22Z,auth,auth_enUS_labelerexp,at://did:plc:odqmsar3ikz5ubokya4sempk/app.bsky.feed.generator/aaahudddd6mww,suggested_labelerexp,29,at://did:plc:k7up7py4vqcontwi25mw363i/app.bsky.feed.post/3mfotvi643s2i,bafyreifl53zuyl6ztitz63krgst4jqtm54m7owjwl6gpgypdsyj3oxmuke,did:plc:k7up7py4vqcontwi25mw363i,vcraptorart.bsky.social,,
5a4fbaa1726044bb8f8150f94d304608,2026-02-25T15:00:00Z,2026-02-25T15:14:22Z,auth,auth_enUS_labelerexp,at://did:plc:odqmsar3ikz5ubokya4sempk/app.bsky.feed.generator/aaahudddd6mww,suggested_labelerexp,30,at://did:plc:2vbazvzyv4r5jcrtrnzmzz7w/app.bsky.feed.post/3mfotj3zwfk2r,bafyreigc7edpx4fcsodmi7twdaeyvkme5clmq54yg6ycrd37kgt5eqw73a,did:plc:2vbazvzyv4r5jcrtrnzmzz7w,fatallynsfw.bsky.social,,
5a4fbaa1726044bb8f8150f94d304608,2026-02-25T15:00:00Z,2026-02-25T15:14:22Z,auth,auth_enUS_labelerexp,at://did:plc:odqmsar3ikz5ubokya4sempk/app.bsky.feed.generator/aaahudddd6mww,suggested_labelerexp,31,at://did:plc:qzenl5inao4q4yalwz2mybuu/app.bsky.feed.post/3mfotfdgzzk2l,bafyreibuub5gvtckh5nr3thrpfibyg67qmdzvqoc7xz57wn5gjwtnm5eui,did:plc:qzenl5inao4q4yalwz2mybuu,williambabey.bsky.social,,
5a4fbaa1726044bb8f8150f94d304608,2026-02-25T15:00:00Z,2026-02-25T15:14:22Z,auth,auth_enUS_labelerexp,at://did:plc:odqmsar3ikz5ubokya4sempk/app.bsky.feed.generator/aaahudddd6mww,suggested_labelerexp,32,at://did:plc:57h5yi4wavpjytalc6wykld4/app.bsky.feed.post/3mfotetvrw22o,bafyreibz4s2kitpurm5aavfqvmaa7yksorzudcz5llrlkpmcou3bz5q7ay,did:plc:57h5yi4wavpjytalc6wykld4,miliniliart.bsky.social,,
5a4fbaa1726044bb8f8150f94d304608,2026-02-25T15:00:00Z,2026-02-25T15:14:22Z,auth,auth_enUS_labelerexp,at://did:plc:odqmsar3ikz5ubokya4sempk/app.bsky.feed.generator/aaahudddd6mww,suggested_labelerexp,33,at://did:plc:5235qnfp6l3zb2lmmxn6mffx/app.bsky.feed.post/3mfotafpkik2a,bafyreieapugtfdkolmu4kzzyupta45fgdwsc5evamj6oj6y5p7q6jl6t6a,did:plc:5235qnfp6l3zb2lmmxn6mffx,mochuchu.bsky.social,,
5a4fbaa1726044bb8f8150f94d304608,2026-02-25T15:00:00Z,2026-02-25T15:14:22Z,auth,auth_enUS_labelerexp,at://did:plc:odqmsar3ikz5ubokya4sempk/app.bsky.feed.generator/aaahudddd6mww,suggested_labelerexp,34,at://did:plc:553cnanbtyh3wrunm2je7smr/app.bsky.feed.post/3mfot5ol7wk2h,bafyreia4wdi7fcvy23esskbcfjsp35rdvvqdfmffhddpyxgekaacuaf35y,did:plc:553cnanbtyh3wrunm2je7smr,eliotdrawings.bsky.social,,
5a4fbaa1726044bb8f8150f94d304608,2026-02-25T15:00:00Z,2026-02-25T15:14:22Z,auth,auth_enUS_labelerexp,at://did:plc:odqmsar3ikz5ubokya4sempk/app.bsky.feed.generator/aaahudddd6mww,suggested_labelerexp,35,at://did:plc:mtcaxvs3mz47kjwpiy2ecjrp/app.bsky.feed.post/3mfosyzcnds2y,bafyreidnpa3l3hzomdle45vkrkbcwe3rnahyzckcma2wtkqgheeek3pxai,did:plc:mtcaxvs3mz47kjwpiy2ecjrp,anntiqua.bsky.social,,
5a4fbaa1726044bb8f8150f94d304608,2026-02-25T15:00:00Z,2026-02-25T15:14:22Z,auth,auth_enUS_labelerexp,at://did:plc:odqmsar3ikz5ubokya4sempk/app.bsky.feed.generator/aaahudddd6mww,suggested_labelerexp,36,at://did:plc:4y2zxrgjyjqyzrdy56xszvcq/app.bsky.feed.post/3mfosrkh3ls2d,bafyreicmo5ghh2wst5i7eb266yvi4wrjprhlkbvtzbhpxmilepg4bsp4r4,did:plc:4y2zxrgjyjqyzrdy56xszvcq,yimles.bsky.social,,
5a4fbaa1726044bb8f8150f94d304608,2026-02-25T15:00:00Z,2026-02-25T15:14:22Z,auth,auth_enUS_labelerexp,at://did:plc:odqmsar3ikz5ubokya4sempk/app.bsky.feed.generator/aaahudddd6mww,suggested_labelerexp,37,at://did:plc:zwtquivkiwrzv6ydrde4xfiy/app.bsky.feed.post/3mfosr33h6c2z,bafyreiexw4uagntwxbn6wdjybzxdvzsarobfrvgfoh26oci2efo77vieq4,did:plc:zwtquivkiwrzv6ydrde4xfiy,xarvax.bsky.social,,
5a4fbaa1726044bb8f8150f94d304608,2026-02-25T15:00:00Z,2026-02-25T15:14:22Z,auth,auth_enUS_labelerexp,at://did:plc:odqmsar3ikz5ubokya4sempk/app.bsky.feed.generator/aaahudddd6mww,suggested_labelerexp,38,at://did:plc:zwtquivkiwrzv6ydrde4xfiy/app.bsky.feed.post/3mfosr34bk22z,bafyreigyh7k374u6r6a4jn7h3ixdtowh6tt4c2h5tyzdsaajtbvrr6gdly,did:plc:zwtquivkiwrzv6ydrde4xfiy,xarvax.bsky.social,,
5a4fbaa1726044bb8f8150f94d304608,2026-02-25T15:00:00Z,2026-02-25T15:14:22Z,auth,auth_enUS_labelerexp,at://did:plc:odqmsar3ikz5ubokya4sempk/app.bsky.feed.generator/aaahudddd6mww,suggested_labelerexp,39,at://did:plc:kfju7j6ntox5a6qplrqofmet/app.bsky.feed.post/3mfosmntrc22a,bafyreif3erc7gqu67n4aj2wzr3kunjupcrnwqp62xzldbbkimmlnykqhpy,did:plc:kfju7j6ntox5a6qplrqofmet,squishiestneko.bsky.social,,
5a4fbaa1726044bb8f8150f94d304608,2026-02-25T15:00:00Z,2026-02-25T15:14:22Z,auth,auth_enUS_labelerexp,at://did:plc:odqmsar3ikz5ubokya4sempk/app.bsky.feed.generator/aaahudddd6mww,suggested_labelerexp,40,at://did:plc:zwtquivkiwrzv6ydrde4xfiy/app.bsky.feed.post/3mfosjq5lv22z,bafyreiakvj2skmhweuni7jyco5d26kcif65mwxo5rpbsg4dj3x6n6a3cti,did:plc:zwtquivkiwrzv6ydrde4xfiy,xarvax.bsky.social,,
5a4fbaa1726044bb8f8150f94d304608,2026-02-25T15:00:00Z,2026-02-25T15:14:22Z,auth,auth_enUS_labelerexp,at://did:plc:odqmsar3ikz5ubokya4sempk/app.bsky.feed.generator/aaahudddd6mww,suggested_labelerexp,41,at://did:plc:zwtquivkiwrzv6ydrde4xfiy/app.bsky.feed.post/3mfosjq6i7c2z,bafyreieely23jzotruf2cbykaj3fyn7ounzzntm5bkffhtnojmd6ilknwi,did:plc:zwtquivkiwrzv6ydrde4xfiy,xarvax.bsky.social,,
5a4fbaa1726044bb8f8150f94d304608,2026-02-25T15:00:00Z,2026-02-25T15:14:22Z,auth,auth_enUS_labelerexp,at://did:plc:odqmsar3ikz5ubokya4sempk/app.bsky.feed.generator/aaahudddd6mww,suggested_labelerexp,42,at://did:plc:uv2mlw5rz56jhifuipyf2ovg/app.bsky.feed.post/3mfoseuiwzk22,bafyreihji347l56k5wpy6uexqrip3rxwcruyo6v6s22zb2dv7bwj6pga6e,did:plc:uv2mlw5rz56jhifuipyf2ovg,riolikessofttacos.bsky.social,,
5a4fbaa1726044bb8f8150f94d304608,2026-02-25T15:00:00Z,2026-02-25T15:14:22Z,auth,auth_enUS_labelerexp,at://did:plc:odqmsar3ikz5ubokya4sempk/app.bsky.feed.generator/aaahudddd6mww,suggested_labelerexp,43,at://did:plc:5ptsjrcfpjf7k4xbeum52qhu/app.bsky.feed.post/3mfos7h26ys2z,bafyreiaeqbs4egtbxazfhvnbarnboajzzhkvoa7o3q2q56lyvbdii2q27e,did:plc:5ptsjrcfpjf7k4xbeum52qhu,buggutzz.bsky.social,,
5a4fbaa1726044bb8f8150f94d304608,2026-02-25T15:00:00Z,2026-02-25T15:14:22Z,auth,auth_enUS_labelerexp,at://did:plc:odqmsar3ikz5ubokya4sempk/app.bsky.feed.generator/aaahudddd6mww,suggested_labelerexp,44,at://did:plc:r2mbrelfe4g4ht6ybtf3ruee/app.bsky.feed.post/3mfoqyfyjpc2b,bafyreiczgbty2qmv5orlmsc6z4x5gtwvvkefm3hjcukiwk67y7q2ntmyzy,did:plc:r2mbrelfe4g4ht6ybtf3ruee,tokage88.bsky.social,,
5a4fbaa1726044bb8f8150f94d304608,2026-02-25T15:00:00Z,2026-02-25T15:14:22Z,auth,auth_enUS_labelerexp,at://did:plc:odqmsar3ikz5ubokya4sempk/app.bsky.feed.generator/aaahudddd6mww,suggested_labelerexp,45,at://did:plc:nxzpwiuaojzdehz2ulj3cttz/app.bsky.feed.post/3mfoqihmcm62o,bafyreic6ouoixpwzmd3zvz5dq52d5bqfb3lny7jmiftzfaiced66weiqda,did:plc:nxzpwiuaojzdehz2ulj3cttz,lilmeowmeowsenpai.bsky.social,,
5a4fbaa1726044bb8f8150f94d304608,2026-02-25T15:00:00Z,2026-02-25T15:14:22Z,auth,auth_enUS_labelerexp,at://did:plc:odqmsar3ikz5ubokya4sempk/app.bsky.feed.generator/aaahudddd6mww,suggested_labelerexp,46,at://did:plc:x3gk4bh6i5x2fgwznlp3e2gn/app.bsky.feed.post/3mfoq6j6goc2v,bafyreidznwhtjvksg6od3z7ndepotjp4rgseuitd6oidbupzyrlsr3hkfu,did:plc:x3gk4bh6i5x2fgwznlp3e2gn,linamik.bsky.social,,
5a4fbaa1726044bb8f8150f94d304608,2026-02-25T15:00:00Z,2026-02-25T15:14:22Z,auth,auth_enUS_labelerexp,at://did:plc:odqmsar3ikz5ubokya4sempk/app.bsky.feed.generator/aaahudddd6mww,suggested_labelerexp,47,at://did:plc:t4zkdrhxg4bz6ahjruhhbpbu/app.bsky.feed.post/3mfopwyxyu22a,bafyreidg2ija6rg6cyqudglmypej7pokmyo67bwvdqustalchbzgjgrvc4,did:plc:t4zkdrhxg4bz6ahjruhhbpbu,matio.bsky.social,,
5a4fbaa1726044bb8f8150f94d304608,2026-02-25T15:00:00Z,2026-02-25T15:14:22Z,auth,auth_enUS_labelerexp,at://did:plc:odqmsar3ikz5ubokya4sempk/app.bsky.feed.generator/aaahudddd6mww,suggested_labelerexp,48,at://did:plc:2mucahedin4xre7le6bd6mbq/app.bsky.feed.post/3mfopvjwstk2t,bafyreig4x6ypqctporng7uh37s3g57dib5oaihyghq5i6rxydbvgrpwps4,did:plc:2mucahedin4xre7le6bd6mbq,bonesonstring.bsky.social,,
5a4fbaa1726044bb8f8150f94d304608,2026-02-25T15:00:00Z,2026-02-25T15:14:22Z,auth,auth_enUS_labelerexp,at://did:plc:odqmsar3ikz5ubokya4sempk/app.bsky.feed.generator/aaahudddd6mww,suggested_labelerexp,49,at://did:plc:5tnfybas2tqn4j7pkkabsrbg/app.bsky.feed.post/3mfopujuvqc22,bafyreicuwjw5kjzumms5y4rwnynatkf5wqu5rsb6dtloqqr5fuuogewldm,did:plc:5tnfybas2tqn4j7pkkabsrbg,lecxi.bsky.social,,
5a4fbaa1726044bb8f8150f94d304608,2026-02-25T15:00:00Z,2026-02-25T15:14:22Z,auth,auth_enUS_labelerexp,at://did:plc:odqmsar3ikz5ubokya4sempk/app.bsky.feed.generator/aaahudddd6mww,suggested_labelerexp,50,at://did:plc:iio33zuecbgyh7qwlrvxqkms/app.bsky.feed.post/3mfoptvajvk2m,bafyreigdno4pv3lakujz5midqf7n3c7jrbfki6q54ooigphffpvmy3ge5a,did:plc:iio33zuecbgyh7qwlrvxqkms,urara.pl,,
5a4fbaa1726044bb8f8150f94d304608,2026-02-25T15:00:00Z,2026-02-25T15:14:22Z,auth,auth_enUS_labelerexp,at://did:plc:psjek76mfcjrfi7a3qu6cxlw/app.bsky.feed.generator/aaabxrboy7uvw,suggested_labelerexp,1,at://did:plc:jccmcbclujzvliok43lhiajk/app.bsky.feed.post/3mfoxatwons2v,bafyreigo2rr2a74l3i3grtgqzpokysawkaqbv7iuy7jlptbnuy34fkznpa,did:plc:jccmcbclujzvliok43lhiajk,pandaprime69.bsky.social,,
5a4fbaa1726044bb8f8150f94d304608,2026-02-25T15:00:00Z,2026-02-25T15:14:22Z,auth,auth_enUS_labelerexp,at://did:plc:psjek76mfcjrfi7a3qu6cxlw/app.bsky.feed.generator/aaabxrboy7uvw,suggested_labelerexp,2,at://did:plc:lvlagy4y2rwcnodknm6h7r3g/app.bsky.feed.post/3mfox7z3emc27,bafyreie4bnmfpw75xcmtgq2gdj5dljzlmn24sw33ipi63jkv5ze66knqpe,did:plc:lvlagy4y2rwcnodknm6h7r3g,eldermillenial.bsky.social,,
5a4fbaa1726044bb8f8150f94d304608,2026-02-25T15:00:00Z,2026-02-25T15:14:22Z,auth,auth_enUS_labelerexp,at://did:plc:psjek76mfcjrfi7a3qu6cxlw/app.bsky.feed.generator/aaabxrboy7uvw,suggested_labelerexp,3,at://did:plc:xgwsglaeq3w5z4kb3cbl2udt/app.bsky.feed.post/3mfox6vn7nc2j,bafyreibh2qtvf7bbv3szl4ihpc67l47lrpcl53x52tmgnnzre3lmlylt5i,did:plc:xgwsglaeq3w5z4kb3cbl2udt,johnjohn.bsky.social,,
5a4fbaa1726044bb8f8150f94d304608,2026-02-25T15:00:00Z,2026-02-25T15:14:22Z,auth,auth_enUS_labelerexp,at://did:plc:psjek76mfcjrfi7a3qu6cxlw/app.bsky.feed.generator/aaabxrboy7uvw,suggested_labelerexp,4,at://did:plc:em37rzaooq7se7zrs66tetc3/app.bsky.feed.post/3mfowywqm2k2w,bafyreiguheanrm7r6ya4u6gnufme6rf6at5rggho472j5z5dfvgn2r5ide,did:plc:em37rzaooq7se7zrs66tetc3,akilwilson.blacksky.app,,
5a4fbaa1726044bb8f8150f94d304608,2026-02-25T15:00:00Z,2026-02-25T15:14:22Z,auth,auth_enUS_labelerexp,at://did:plc:psjek76mfcjrfi7a3qu6cxlw/app.bsky.feed.generator/aaabxrboy7uvw,suggested_labelerexp,5,at://did:plc:mh53x3dyhggdbedwhy6uwb7q/app.bsky.feed.post/3mfowu2hzis2a,bafyreifb6n4i76pjheca2x46mh2oddttmj7g6wcw33bac5q4pome2ujipa,did:plc:mh53x3dyhggdbedwhy6uwb7q,s1gnalb3ast.bsky.social,,
5a4fbaa1726044bb8f8150f94d304608,2026-02-25T15:00:00Z,2026-02-25T15:14:22Z,auth,auth_enUS_labelerexp,at://did:plc:psjek76mfcjrfi7a3qu6cxlw/app.bsky.feed.generator/aaabxrboy7uvw,suggested_labelerexp,6,at://did:plc:xtd6a4d6ccgqxiusn5pyt7sg/app.bsky.feed.post/3mfowrbaikc2r,bafyreic7xngfio3ht3gfsojcys3sg6pbhkuiyob2vieub2imkft642jfqq,did:plc:xtd6a4d6ccgqxiusn5pyt7sg,justindifazzio.bsky.social,,
5a4fbaa1726044bb8f8150f94d304608,2026-02-25T15:00:00Z,2026-02-25T15:14:22Z,auth,auth_enUS_labelerexp,at://did:plc:psjek76mfcjrfi7a3qu6cxlw/app.bsky.feed.generator/aaabxrboy7uvw,suggested_labelerexp,7,at://did:plc:l2ktomvijz42t6hfqaxl7gq6/app.bsky.feed.post/3mfowqlqqqc2y,bafyreigcwrj4wjmmn2ifr2tvaotq6tl6jjk4vi6r4ugpbrjyl2rns26spa,did:plc:l2ktomvijz42t6hfqaxl7gq6,breen.myatproto.social,,
5a4fbaa1726044bb8f8150f94d304608,2026-02-25T15:00:00Z,2026-02-25T15:14:22Z,auth,auth_enUS_labelerexp,at://did:plc:psjek76mfcjrfi7a3qu6cxlw/app.bsky.feed.generator/aaabxrboy7uvw,suggested_labelerexp,8,at://did:plc:l2ktomvijz42t6hfqaxl7gq6/app.bsky.feed.post/3mfowatzegc2n,bafyreid3itk3ynqdqhaajyxqwzltmivrjyq5qca7vshifkdogyskn55ham,did:plc:l2ktomvijz42t6hfqaxl7gq6,breen.myatproto.social,,
5a4fbaa1726044bb8f8150f94d304608,2026-02-25T15:00:00Z,2026-02-25T15:14:22Z,auth,auth_enUS_labelerexp,at://did:plc:psjek76mfcjrfi7a3qu6cxlw/app.bsky.feed.generator/aaabxrboy7uvw,suggested_labelerexp,9,at://did:plc:jccmcbclujzvliok43lhiajk/app.bsky.feed.post/3mfow4je4ac2v,bafyreihzgchqs6thji45ja4dcuyvh5jcfsf6pahk3ok73bvdtz6fdxbkoa,did:plc:jccmcbclujzvliok43lhiajk,pandaprime69.bsky.social,,
5a4fbaa1726044bb8f8150f94d304608,2026-02-25T15:00:00Z,2026-02-25T15:14:22Z,auth,auth_enUS_labelerexp,at://did:plc:psjek76mfcjrfi7a3qu6cxlw/app.bsky.feed.generator/aaabxrboy7uvw,suggested_labelerexp,10,at://did:plc:w3qo7pv4lgynysbcb32g6ckr/app.bsky.feed.post/3mfovkdccts2e,bafyreihtc4qt63snz2vom7yehr5g5qngeu5msx7whzu74t7jmzql5mopse,did:plc:w3qo7pv4lgynysbcb32g6ckr,ikexpastel.bsky.social,,
5a4fbaa1726044bb8f8150f94d304608,2026-02-25T15:00:00Z,2026-02-25T15:14:22Z,auth,auth_enUS_labelerexp,at://did:plc:psjek76mfcjrfi7a3qu6cxlw/app.bsky.feed.generator/aaabxrboy7uvw,suggested_labelerexp,11,at://did:plc:rj67i3krvxugun7slgndbr37/app.bsky.feed.post/3mfovfehpc22c,bafyreiea764vxiyxbvl2z557vigqtcmnxfalbcx2jwwlwb76dipknusl3y,did:plc:rj67i3krvxugun7slgndbr37,yaibano59.bsky.social,,
5a4fbaa1726044bb8f8150f94d304608,2026-02-25T15:00:00Z,2026-02-25T15:14:22Z,auth,auth_enUS_labelerexp,at://did:plc:psjek76mfcjrfi7a3qu6cxlw/app.bsky.feed.generator/aaabxrboy7uvw,suggested_labelerexp,12,at://did:plc:l2ktomvijz42t6hfqaxl7gq6/app.bsky.feed.post/3mfov55bmhc2n,bafyreihyhfh4t6wnkvbzczdtr77e2yrhkw4pg7wssn5azhkp5wkritlzeu,did:plc:l2ktomvijz42t6hfqaxl7gq6,breen.myatproto.social,,
5a4fbaa1726044bb8f8150f94d304608,2026-02-25T15:00:00Z,2026-02-25T15:14:22Z,auth,auth_enUS_labelerexp,at://did:plc:psjek76mfcjrfi7a3qu6cxlw/app.bsky.feed.generator/aaabxrboy7uvw,suggested_labelerexp,13,at://did:plc:jlzyrhhnfvfmiy3bntbxdiv7/app.bsky.feed.post/3mfouzzc6mk2u,bafyreieb7idi7msdwkhtmyhcdxb3jc2lssw7mzrb5dpq3yuo4yavttb2vq,did:plc:jlzyrhhnfvfmiy3bntbxdiv7,dominicontheweb.bsky.social,,
5a4fbaa1726044bb8f8150f94d304608,2026-02-25T15:00:00Z,2026-02-25T15:14:22Z,auth,auth_enUS_labelerexp,at://did:plc:psjek76mfcjrfi7a3qu6cxlw/app.bsky.feed.generator/aaabxrboy7uvw,suggested_labelerexp,14,at://did:plc:b6uhtbejmvivnw72tcmvam4e/app.bsky.feed.post/3mfouuimfps2w,bafyreibnttgk7neog3kvoeetze5ubd7o6phdylsgpeugvwuhx3dh2ld6na,did:plc:b6uhtbejmvivnw72tcmvam4e,nafinstabs.bsky.social,,
5a4fbaa1726044bb8f8150f94d304608,2026-02-25T15:00:00Z,2026-02-25T15:14:22Z,auth,auth_enUS_labelerexp,at://did:plc:psjek76mfcjrfi7a3qu6cxlw/app.bsky.feed.generator/aaabxrboy7uvw,suggested_labelerexp,15,at://did:plc:b6uhtbejmvivnw72tcmvam4e/app.bsky.feed.post/3mfouc5mlos2w,bafyreihktytlvt7rbv7mz2pkv3jz7x5qitpij6vbkifabtgilig5go4k7m,did:plc:b6uhtbejmvivnw72tcmvam4e,nafinstabs.bsky.social,,
5a4fbaa1726044bb8f8150f94d304608,2026-02-25T15:00:00Z,2026-02-25T15:14:22Z,auth,auth_enUS_labelerexp,at://did:plc:psjek76mfcjrfi7a3qu6cxlw/app.bsky.feed.generator/aaabxrboy7uvw,suggested_labelerexp,16,at://did:plc:l2ktomvijz42t6hfqaxl7gq6/app.bsky.feed.post/3mfoubcdp322n,bafyreiews6dklckpvhwrhrkozi6oyc5thfxjwezhidaw5524baaiqmhoqy,did:plc:l2ktomvijz42t6hfqaxl7gq6,breen.myatproto.social,,
5a4fbaa1726044bb8f8150f94d304608,2026-02-25T15:00:00Z,2026-02-25T15:14:22Z,auth,auth_enUS_labelerexp,at://did:plc:psjek76mfcjrfi7a3qu6cxlw/app.bsky.feed.generator/aaabxrboy7uvw,suggested_labelerexp,17,at://did:plc:lplrth66g3tm5c3eklr7mcjw/app.bsky.feed.post/3mfou6egmxk2e,bafyreidynug3uxetlzyyammf2svwbpaphj5b5yofst6rso22rjnyhjz75q,did:plc:lplrth66g3tm5c3eklr7mcjw,kyriacos2u.bsky.social,,
5a4fbaa1726044bb8f8150f94d304608,2026-02-25T15:00:00Z,2026-02-25T15:14:22Z,auth,auth_enUS_labelerexp,at://did:plc:psjek76mfcjrfi7a3qu6cxlw/app.bsky.feed.generator/aaabxrboy7uvw,suggested_labelerexp,18,at://did:plc:72mcbg3xusnhg76e6dqeduov/app.bsky.feed.post/3mfou4ed2l22h,bafyreicssn3ecliy5ph7sm532qzmtygwtlgt7fq7xfvrpex7e7q5bmxsj4,did:plc:72mcbg3xusnhg76e6dqeduov,reality-lite.bsky.social,,
5a4fbaa1726044bb8f8150f94d304608,2026-02-25T15:00:00Z,2026-02-25T15:14:22Z,auth,auth_enUS_labelerexp,at://did:plc:psjek76mfcjrfi7a3qu6cxlw/app.bsky.feed.generator/aaabxrboy7uvw,suggested_labelerexp,19,at://did:plc:l2ktomvijz42t6hfqaxl7gq6/app.bsky.feed.post/3mfou2r3ft22n,bafyreibjrnqtazunxtmsxwtpskwpck7wz3dvqf6lhuxs2znkvqxkv7en3a,did:plc:l2ktomvijz42t6hfqaxl7gq6,breen.myatproto.social,,
5a4fbaa1726044bb8f8150f94d304608,2026-02-25T15:00:00Z,2026-02-25T15:14:22Z,auth,auth_enUS_labelerexp,at://did:plc:psjek76mfcjrfi7a3qu6cxlw/app.bsky.feed.generator/aaabxrboy7uvw,suggested_labelerexp,20,at://did:plc:xgwsglaeq3w5z4kb3cbl2udt/app.bsky.feed.post/3mfottujs322s,bafyreiedgv2skfd5lkhq2cl7jg7jdho57n2xxd5q5e227uxrnzlglpzlnm,did:plc:xgwsglaeq3w5z4kb3cbl2udt,johnjohn.bsky.social,,
5a4fbaa1726044bb8f8150f94d304608,2026-02-25T15:00:00Z,2026-02-25T15:14:22Z,auth,auth_enUS_labelerexp,at://did:plc:psjek76mfcjrfi7a3qu6cxlw/app.bsky.feed.generator/aaabxrboy7uvw,suggested_labelerexp,21,at://did:plc:xg3zpk6xq4zhyhejgznk45r6/app.bsky.feed.post/3mfotixb7ok2l,bafyreicgbpaa7sspf34tzsvfutz5bwx46zrslygxtb7ksl7lebeojor3fm,did:plc:xg3zpk6xq4zhyhejgznk45r6,damnek.blacksky.app,,
5a4fbaa1726044bb8f8150f94d304608,2026-02-25T15:00:00Z,2026-02-25T15:14:22Z,auth,auth_enUS_labelerexp,at://did:plc:psjek76mfcjrfi7a3qu6cxlw/app.bsky.feed.generator/aaabxrboy7uvw,suggested_labelerexp,22,at://did:plc:tkibsn4mohnshwkjq5d7bcyx/app.bsky.feed.post/3mfot2qnhec2p,bafyreiaxaolryeptqrxjzbpw3vdpwjvyn7qoa3mpjprxcfryipw5qsyety,did:plc:tkibsn4mohnshwkjq5d7bcyx,alienembryo.bsky.social,,
5a4fbaa1726044bb8f8150f94d304608,2026-02-25T15:00:00Z,2026-02-25T15:14:22Z,auth,auth_enUS_labelerexp,at://did:plc:psjek76mfcjrfi7a3qu6cxlw/app.bsky.feed.generator/aaabxrboy7uvw,suggested_labelerexp,23,at://did:plc:lvlagy4y2rwcnodknm6h7r3g/app.bsky.feed.post/3mfosjakysk2e,bafyreiengzu6iryvpap3qllmigrmde7452ioyptk35edlak2x5o6ryk3fu,did:plc:lvlagy4y2rwcnodknm6h7r3g,eldermillenial.bsky.social,,
5a4fbaa1726044bb8f8150f94d304608,2026-02-25T15:00:00Z,2026-02-25T15:14:22Z,auth,auth_enUS_labelerexp,at://did:plc:psjek76mfcjrfi7a3qu6cxlw/app.bsky.feed.generator/aaabxrboy7uvw,suggested_labelerexp,24,at://did:plc:eb6efohvlacy5k4t5lnve6cb/app.bsky.feed.post/3mfosh4wcxk2k,bafyreihnbpogcmzspocv2nvflwmnjv5z6zaowve47pzbymtta6mo2tfe64,did:plc:eb6efohvlacy5k4t5lnve6cb,queer.cool,,
5a4fbaa1726044bb8f8150f94d304608,2026-02-25T15:00:00Z,2026-02-25T15:14:22Z,auth,auth_enUS_labelerexp,at://did:plc:psjek76mfcjrfi7a3qu6cxlw/app.bsky.feed.generator/aaabxrboy7uvw,suggested_labelerexp,25,at://did:plc:x7wjsvkpon34sqnrysqdsuul/app.bsky.feed.post/3mforokuigc2b,bafyreidw5xysqujjf7k6davvwru4ayurnfme7ffbdvneb45mknl6cwubce,did:plc:x7wjsvkpon34sqnrysqdsuul,evan.dornbus.ch,,
5a4fbaa1726044bb8f8150f94d304608,2026-02-25T15:00:00Z,2026-02-25T15:14:22Z,auth,auth_enUS_labelerexp,at://did:plc:psjek76mfcjrfi7a3qu6cxlw/app.bsky.feed.generator/aaabxrboy7uvw,suggested_labelerexp,26,at://did:plc:l2ktomvijz42t6hfqaxl7gq6/app.bsky.feed.post/3mforfxrj4c2m,bafyreibkp3xw2352msnt5omtvrn6jcnaqq6xvr35a3ik2jwpr5dxjbdsju,did:plc:l2ktomvijz42t6hfqaxl7gq6,breen.myatproto.social,,
5a4fbaa1726044bb8f8150f94d304608,2026-02-25T15:00:00Z,2026-02-25T15:14:22Z,auth,auth_enUS_labelerexp,at://did:plc:psjek76mfcjrfi7a3qu6cxlw/app.bsky.feed.generator/aaabxrboy7uvw,suggested_labelerexp,27,at://did:plc:jt3ddjcvezuxlwce2sx74ia4/app.bsky.feed.post/3mforbushtc2y,bafyreihr4j42msygyo2nyskn2djsieou3wayidgjkkx6muso2dfnu5vjke,did:plc:jt3ddjcvezuxlwce2sx74ia4,s404064.bsky.social,,
5a4fbaa1726044bb8f8150f94d304608,2026-02-25T15:00:00Z,2026-02-25T15:14:22Z,auth,auth_enUS_labelerexp,at://did:plc:psjek76mfcjrfi7a3qu6cxlw/app.bsky.feed.generator/aaabxrboy7uvw,suggested_labelerexp,28,at://did:plc:l2ktomvijz42t6hfqaxl7gq6/app.bsky.feed.post/3mfor5dazqk2f,bafyreiazmtrvvy2774kgs2xuu2sonil6dj3ewrnkumxqfdij3ytkf2yqle,did:plc:l2ktomvijz42t6hfqaxl7gq6,breen.myatproto.social,,
5a4fbaa1726044bb8f8150f94d304608,2026-02-25T15:00:00Z,2026-02-25T15:14:22Z,auth,auth_enUS_labelerexp,at://did:plc:psjek76mfcjrfi7a3qu6cxlw/app.bsky.feed.generator/aaabxrboy7uvw,suggested_labelerexp,29,at://did:plc:gxbgf5igwxvavzqimpi2yavj/app.bsky.feed.post/3mfor2nuffs2q,bafyreifvqvkup5bmc4wmjvsmxjrnlub6rfvtqr5mdfjidhcf3s6ocbojle,did:plc:gxbgf5igwxvavzqimpi2yavj,fatgayfriend.bsky.social,,
5a4fbaa1726044bb8f8150f94d304608,2026-02-25T15:00:00Z,2026-02-25T15:14:22Z,auth,auth_enUS_labelerexp,at://did:plc:psjek76mfcjrfi7a3qu6cxlw/app.bsky.feed.generator/aaabxrboy7uvw,suggested_labelerexp,30,at://did:plc:jlzyrhhnfvfmiy3bntbxdiv7/app.bsky.feed.post/3mfoqp275gc2h,bafyreifloofjifk7gqvkpvmsxxrveg4joasxz3gltyjmp2dhkmc43ohjdy,did:plc:jlzyrhhnfvfmiy3bntbxdiv7,dominicontheweb.bsky.social,,
5a4fbaa1726044bb8f8150f94d304608,2026-02-25T15:00:00Z,2026-02-25T15:14:22Z,auth,auth_enUS_labelerexp,at://did:plc:psjek76mfcjrfi7a3qu6cxlw/app.bsky.feed.generator/aaabxrboy7uvw,suggested_labelerexp,31,at://did:plc:dwfje6gry35ee2cmkw66fbcg/app.bsky.feed.post/3mfoqfo4ww22m,bafyreiejby2xvx2oe7ei6c55pz65fpsqst2whcbegf42cvc4k2iimapopy,did:plc:dwfje6gry35ee2cmkw66fbcg,gintomish.bsky.social,,
5a4fbaa1726044bb8f8150f94d304608,2026-02-25T15:00:00Z,2026-02-25T15:14:22Z,auth,auth_enUS_labelerexp,at://did:plc:psjek76mfcjrfi7a3qu6cxlw/app.bsky.feed.generator/aaabxrboy7uvw,suggested_labelerexp,32,at://did:plc:fispcddew6l5x2snwzehoiws/app.bsky.feed.post/3mfoq5ey2cs2k,bafyreih6cqu4old3wlzo6ntqaesimt3d5o5ia37pm7if2rrsakjyiwgjki,did:plc:fispcddew6l5x2snwzehoiws,moohammer.bsky.social,,
5a4fbaa1726044bb8f8150f94d304608,2026-02-25T15:00:00Z,2026-02-25T15:14:22Z,auth,auth_enUS_labelerexp,at://did:plc:psjek76mfcjrfi7a3qu6cxlw/app.bsky.feed.generator/aaabxrboy7uvw,suggested_labelerexp,33,at://did:plc:q4ah2xfoxvilyjask6fuue3z/app.bsky.feed.post/3mfopzgdsgs2c,bafyreih6khhrv7aijtms4syou4qtqwdymu5aqntjhjm7tffsuyxep7gpom,did:plc:q4ah2xfoxvilyjask6fuue3z,hennessyhole.bsky.social,,
5a4fbaa1726044bb8f8150f94d304608,2026-02-25T15:00:00Z,2026-02-25T15:14:22Z,auth,auth_enUS_labelerexp,at://did:plc:psjek76mfcjrfi7a3qu6cxlw/app.bsky.feed.generator/aaabxrboy7uvw,suggested_labelerexp,34,at://did:plc:gxbgf5igwxvavzqimpi2yavj/app.bsky.feed.post/3mfopsrx5bk2v,bafyreiaqbvosayhqpa4evoycjog4mjnu3dcyb4l4suqrxpmik32ahawwui,did:plc:gxbgf5igwxvavzqimpi2yavj,fatgayfriend.bsky.social,,
5a4fbaa1726044bb8f8150f94d304608,2026-02-25T15:00:00Z,2026-02-25T15:14:22Z,auth,auth_enUS_labelerexp,at://did:plc:psjek76mfcjrfi7a3qu6cxlw/app.bsky.feed.generator/aaabxrboy7uvw,suggested_labelerexp,35,at://did:plc:72mcbg3xusnhg76e6dqeduov/app.bsky.feed.post/3mfoo5cxhks2h,bafyreigjoizlod74uybcaxtb5sn2gg7nabtdbe5e4jtnv72tjwybpe6tm4,did:plc:72mcbg3xusnhg76e6dqeduov,reality-lite.bsky.social,,
5a4fbaa1726044bb8f8150f94d304608,2026-02-25T15:00:00Z,2026-02-25T15:14:22Z,auth,auth_enUS_labelerexp,at://did:plc:psjek76mfcjrfi7a3qu6cxlw/app.bsky.feed.generator/aaabxrboy7uvw,suggested_labelerexp,36,at://did:plc:5cuydp35tb34ya2udkg645uz/app.bsky.feed.post/3mfonszhbis2j,bafyreibiaou33otcdi7icz7lypjs53wv5g3wh3gpihpxhpbp3feebse76i,did:plc:5cuydp35tb34ya2udkg645uz,cam-buster.bsky.social,,
5a4fbaa1726044bb8f8150f94d304608,2026-02-25T15:00:00Z,2026-02-25T15:14:22Z,auth,auth_enUS_labelerexp,at://did:plc:psjek76mfcjrfi7a3qu6cxlw/app.bsky.feed.generator/aaabxrboy7uvw,suggested_labelerexp,37,at://did:plc:pmlgw4rucepjg6wsgud2hg42/app.bsky.feed.post/3mfonllnvis2i,bafyreih4q4pbos4dopfuodcpodsf3k7kvom6iczcwdssinwpcfwbsn2xxq,did:plc:pmlgw4rucepjg6wsgud2hg42,phreedomnow.bsky.social,,
5a4fbaa1726044bb8f8150f94d304608,2026-02-25T15:00:00Z,2026-02-25T15:14:22Z,auth,auth_enUS_labelerexp,at://did:plc:psjek76mfcjrfi7a3qu6cxlw/app.bsky.feed.generator/aaabxrboy7uvw,suggested_labelerexp,38,at://did:plc:pxslkuul3wwr4fedt7xrlzix/app.bsky.feed.post/3mfomiqgfis2o,bafyreiguiwzvtvtz3skdufnstjbtflvzh7da4nlaivjawuevda2hr5affa,did:plc:pxslkuul3wwr4fedt7xrlzix,danifinnwrites.bsky.social,,
5a4fbaa1726044bb8f8150f94d304608,2026-02-25T15:00:00Z,2026-02-25T15:14:22Z,auth,auth_enUS_labelerexp,at://did:plc:psjek76mfcjrfi7a3qu6cxlw/app.bsky.feed.generator/aaabxrboy7uvw,suggested_labelerexp,39,at://did:plc:uxndeoird6wv2bkvoas4afu2/app.bsky.feed.post/3mfom3qi3ss2x,bafyreiflonmkbhr37hctlqlti5crftacxdckwmdgkqa3awfmh22iuu3l6u,did:plc:uxndeoird6wv2bkvoas4afu2,dlombardo15.bsky.social,,
5a4fbaa1726044bb8f8150f94d304608,2026-02-25T15:00:00Z,2026-02-25T15:14:22Z,auth,auth_enUS_labelerexp,at://did:plc:psjek76mfcjrfi7a3qu6cxlw/app.bsky.feed.generator/aaabxrboy7uvw,suggested_labelerexp,40,at://did:plc:rj67i3krvxugun7slgndbr37/app.bsky.feed.post/3mfokj3bsds2e,bafyreicw3bmkn5bptttby6dis3xry23tkluc4cqolav3h6i6r4bc3ro33u,did:plc:rj67i3krvxugun7slgndbr37,yaibano59.bsky.social,,
5a4fbaa1726044bb8f8150f94d304608,2026-02-25T15:00:00Z,2026-02-25T15:14:22Z,auth,auth_enUS_labelerexp,at://did:plc:psjek76mfcjrfi7a3qu6cxlw/app.bsky.feed.generator/aaabxrboy7uvw,suggested_labelerexp,41,at://did:plc:pxslkuul3wwr4fedt7xrlzix/app.bsky.feed.post/3mfok7ir4g22e,bafyreidt6yolq543ikmzgmlogahhrhb3apxhtsc7lcqp4xvkaver7am24q,did:plc:pxslkuul3wwr4fedt7xrlzix,danifinnwrites.bsky.social,,
5a4fbaa1726044bb8f8150f94d304608,2026-02-25T15:00:00Z,2026-02-25T15:14:22Z,auth,auth_enUS_labelerexp,at://did:plc:psjek76mfcjrfi7a3qu6cxlw/app.bsky.feed.generator/aaabxrboy7uvw,suggested_labelerexp,42,at://did:plc:vrbfjvktbaipqanidi5ybue5/app.bsky.feed.post/3mfogdcprhs2h,bafyreihcbh2i4p6lksksges445zdbvvcnymcuq7a5f3v27i3zc7mdjpf2e,did:plc:vrbfjvktbaipqanidi5ybue5,c3nric.bsky.social,,
5a4fbaa1726044bb8f8150f94d304608,2026-02-25T15:00:00Z,2026-02-25T15:14:22Z,auth,auth_enUS_labelerexp,at://did:plc:psjek76mfcjrfi7a3qu6cxlw/app.bsky.feed.generator/aaabxrboy7uvw,suggested_labelerexp,43,at://did:plc:zjt5ilmeu3c2q5lgph2bjpij/app.bsky.feed.post/3mfodviich22f,bafyreia5ors76bvunqqgfdo4il27hovdlb7rxbqona4qlwcp6rtqea6uli,did:plc:zjt5ilmeu3c2q5lgph2bjpij,veryjaymz.bsky.social,,
5a4fbaa1726044bb8f8150f94d304608,2026-02-25T15:00:00Z,2026-02-25T15:14:22Z,auth,auth_enUS_labelerexp,at://did:plc:psjek76mfcjrfi7a3qu6cxlw/app.bsky.feed.generator/aaabxrboy7uvw,suggested_labelerexp,44,at://did:plc:fpstbg56y5gy6shc24zb7st5/app.bsky.feed.post/3mfocvy2hok2y,bafyreiazn6yo32cl74yxitijvd4dok6ty2h2h6kw7i7cruuzcdfhr7gzxm,did:plc:fpstbg56y5gy6shc24zb7st5,lizardqueer.bsky.social,,
5a4fbaa1726044bb8f8150f94d304608,2026-02-25T15:00:00Z,2026-02-25T15:14:22Z,auth,auth_enUS_labelerexp,at://did:plc:psjek76mfcjrfi7a3qu6cxlw/app.bsky.feed.generator/aaabxrboy7uvw,suggested_labelerexp,45,at://did:plc:fpstbg56y5gy6shc24zb7st5/app.bsky.feed.post/3mfoarebpys2y,bafyreicsgy7sxdg7y2clojwxvuwy4yvwabd6nv7asbsy7e7q5saifuslpu,did:plc:fpstbg56y5gy6shc24zb7st5,lizardqueer.bsky.social,,
5a4fbaa1726044bb8f8150f94d304608,2026-02-25T15:00:00Z,2026-02-25T15:14:22Z,auth,auth_enUS_labelerexp,at://did:plc:psjek76mfcjrfi7a3qu6cxlw/app.bsky.feed.generator/aaabxrboy7uvw,suggested_labelerexp,46,at://did:plc:72mcbg3xusnhg76e6dqeduov/app.bsky.feed.post/3mfoa3jnnhs27,bafyreibzturidlwappthrgybwwnihguqi76l62bjeiut2aecs3pnbx5qmq,did:plc:72mcbg3xusnhg76e6dqeduov,reality-lite.bsky.social,,
5a4fbaa1726044bb8f8150f94d304608,2026-02-25T15:00:00Z,2026-02-25T15:14:22Z,auth,auth_enUS_labelerexp,at://did:plc:psjek76mfcjrfi7a3qu6cxlw/app.bsky.feed.generator/aaabxrboy7uvw,suggested_labelerexp,47,at://did:plc:fpstbg56y5gy6shc24zb7st5/app.bsky.feed.post/3mfo7aavvxs2y,bafyreia3lvtarslpi6ehgghm5ehpdxaj4uj7wturaz4f6ixkelmwlzhwzu,did:plc:fpstbg56y5gy6shc24zb7st5,lizardqueer.bsky.social,,
5a4fbaa1726044bb8f8150f94d304608,2026-02-25T15:00:00Z,2026-02-25T15:14:22Z,auth,auth_enUS_labelerexp,at://did:plc:psjek76mfcjrfi7a3qu6cxlw/app.bsky.feed.generator/aaabxrboy7uvw,suggested_labelerexp,48,at://did:plc:fpstbg56y5gy6shc24zb7st5/app.bsky.feed.post/3mfo735n7k22y,bafyreifi7vqstixri2ithrsol3iq46kaktkwznn6xlio7bnk3vlvqt2n2i,did:plc:fpstbg56y5gy6shc24zb7st5,lizardqueer.bsky.social,,
5a4fbaa1726044bb8f8150f94d304608,2026-02-25T15:00:00Z,2026-02-25T15:14:22Z,auth,auth_enUS_labelerexp,at://did:plc:psjek76mfcjrfi7a3qu6cxlw/app.bsky.feed.generator/aaabxrboy7uvw,suggested_labelerexp,49,at://did:plc:ptql2djmb7v4diujhbd27cn7/app.bsky.feed.post/3mfo4k5paxk2j,bafyreic4mfkqh2fmvmxlss5jhjknltnwxh6zzefup4tf7ulcixnu3lhdf4,did:plc:ptql2djmb7v4diujhbd27cn7,mal-content.bsky.social,,
5a4fbaa1726044bb8f8150f94d304608,2026-02-25T15:00:00Z,2026-02-25T15:14:22Z,auth,auth_enUS_labelerexp,at://did:plc:psjek76mfcjrfi7a3qu6cxlw/app.bsky.feed.generator/aaabxrboy7uvw,suggested_labelerexp,50,at://did:plc:ptql2djmb7v4diujhbd27cn7/app.bsky.feed.post/3mfo4jjwsok2j,bafyreidzvzi3syo74nh6uustlgvpkzwdsfadpgbw263o2hepvsg2j5unny,did:plc:ptql2djmb7v4diujhbd27cn7,mal-content.bsky.social,,
5a4fbaa1726044bb8f8150f94d304608,2026-02-25T15:00:00Z,2026-02-25T15:14:24Z,auth,auth_enUS_labelerexp,at://did:plc:stu4unkwieyt5suhyfl6u5e4/app.bsky.feed.generator/aaacjvrirvq2w,suggested_labelerexp,1,at://did:plc:xhkqygjsevkiw7n57k2xs7ya/app.bsky.feed.post/3mfoxngitfo2o,bafyreiayfaeg2dqlrfgeaondtkufmtpdh5tlcipowqivhsee3rpm4tofr4,did:plc:xhkqygjsevkiw7n57k2xs7ya,dataisport.bsky.social,,
5a4fbaa1726044bb8f8150f94d304608,2026-02-25T15:00:00Z,2026-02-25T15:14:24Z,auth,auth_enUS_labelerexp,at://did:plc:stu4unkwieyt5suhyfl6u5e4/app.bsky.feed.generator/aaacjvrirvq2w,suggested_labelerexp,2,at://did:plc:nzyc5pk6nnglcj2n5idsceyz/app.bsky.feed.post/3mfoxmrfcxk27,bafyreihcjdzreqd6rv6hoh6cwgrx2tm2rzpmf43wxqlsp72cwprtljybx4,did:plc:nzyc5pk6nnglcj2n5idsceyz,sonaur.app,,
5a4fbaa1726044bb8f8150f94d304608,2026-02-25T15:00:00Z,2026-02-25T15:14:24Z,auth,auth_enUS_labelerexp,at://did:plc:stu4unkwieyt5suhyfl6u5e4/app.bsky.feed.generator/aaacjvrirvq2w,suggested_labelerexp,3,at://did:plc:neogk6avjcb6mkmqoeke3adv/app.bsky.feed.post/3mfoxkyxukc2o,bafyreigd4qqvoolnki3hzmuyie6ix2cusi7ldvsbgxdeim7sndxt44gfwa,did:plc:neogk6avjcb6mkmqoeke3adv,alucardsquest.bsky.social,,
5a4fbaa1726044bb8f8150f94d304608,2026-02-25T15:00:00Z,2026-02-25T15:14:24Z,auth,auth_enUS_labelerexp,at://did:plc:stu4unkwieyt5suhyfl6u5e4/app.bsky.feed.generator/aaacjvrirvq2w,suggested_labelerexp,4,at://did:plc:nylvvqfakp3dvf5nqhxriqda/app.bsky.feed.post/3mfoxklxcbn2h,bafyreiaph2u7wguurcc2d3auwdpi5uaoejmuuysvehqxcruzie5gv6goga,did:plc:nylvvqfakp3dvf5nqhxriqda,audiospecials.bsky.social,,
5a4fbaa1726044bb8f8150f94d304608,2026-02-25T15:00:00Z,2026-02-25T15:14:24Z,auth,auth_enUS_labelerexp,at://did:plc:stu4unkwieyt5suhyfl6u5e4/app.bsky.feed.generator/aaacjvrirvq2w,suggested_labelerexp,5,at://did:plc:femjgokryyaady7meo4ppdhp/app.bsky.feed.post/3mfoxgstzf22m,bafyreifxl6tueekxuelp7l2yv5h6lwgf656gbvu3ghp34eawwsuxojanwa,did:plc:femjgokryyaady7meo4ppdhp,audioahorros.bsky.social,,
5a4fbaa1726044bb8f8150f94d304608,2026-02-25T15:00:00Z,2026-02-25T15:14:24Z,auth,auth_enUS_labelerexp,at://did:plc:stu4unkwieyt5suhyfl6u5e4/app.bsky.feed.generator/aaacjvrirvq2w,suggested_labelerexp,6,at://did:plc:srrunxmpkq44kxua3aff5ag5/app.bsky.feed.post/3mfoxgdgr762f,bafyreic33hjqgallzrnecvcxdbonw52y3zu6hygr2rf3u2dpn6vnr23k5y,did:plc:srrunxmpkq44kxua3aff5ag5,premisovidi.bsky.social,,
5a4fbaa1726044bb8f8150f94d304608,2026-02-25T15:00:00Z,2026-02-25T15:14:24Z,auth,auth_enUS_labelerexp,at://did:plc:stu4unkwieyt5suhyfl6u5e4/app.bsky.feed.generator/aaacjvrirvq2w,suggested_labelerexp,7,at://did:plc:osorm7e3jzpv3tky4vsfvv5i/app.bsky.feed.post/3mfoxf6tf4s2c,bafyreiavm3s2pnozf3ya74vwmwm6fbk3itcr7x5cx3teq54inbiwdasszu,did:plc:osorm7e3jzpv3tky4vsfvv5i,animalactiongreece.bsky.social,,
5a4fbaa1726044bb8f8150f94d304608,2026-02-25T15:00:00Z,2026-02-25T15:14:24Z,auth,auth_enUS_labelerexp,at://did:plc:stu4unkwieyt5suhyfl6u5e4/app.bsky.feed.generator/aaacjvrirvq2w,suggested_labelerexp,8,at://did:plc:rd7d5r5tehghrurraeggpn7d/app.bsky.feed.post/3mfoxc3hyvc25,bafyreihibuqpl3s3lovjp4k6ziqpb7sne5lytwvzbv744uq75rn5vanx2q,did:plc:rd7d5r5tehghrurraeggpn7d,quimiheisenberg.bsky.social,,
5a4fbaa1726044bb8f8150f94d304608,2026-02-25T15:00:00Z,2026-02-25T15:14:24Z,auth,auth_enUS_labelerexp,at://did:plc:stu4unkwieyt5suhyfl6u5e4/app.bsky.feed.generator/aaacjvrirvq2w,suggested_labelerexp,9,at://did:plc:uuv5ffalcjxergkdjgl4jo74/app.bsky.feed.post/3mfoxamporl2l,bafyreigdc2dp65u65b3clkvlevzvx5tykcmv4g6x47cmetoq5qdehtj63u,did:plc:uuv5ffalcjxergkdjgl4jo74,estadao.com.br,,
5a4fbaa1726044bb8f8150f94d304608,2026-02-25T15:00:00Z,2026-02-25T15:14:24Z,auth,auth_enUS_labelerexp,at://did:plc:stu4unkwieyt5suhyfl6u5e4/app.bsky.feed.generator/aaacjvrirvq2w,suggested_labelerexp,10,at://did:plc:cdz7hfmworjj5zy6j6qo2xnx/app.bsky.feed.post/3mfox6uuwcc2e,bafyreiaz24epxitbj3glhb4ap4y55krmampbymwjqwdyorqf6i7lyknfhu,did:plc:cdz7hfmworjj5zy6j6qo2xnx,ncrinna.bsky.social,,
5a4fbaa1726044bb8f8150f94d304608,2026-02-25T15:00:00Z,2026-02-25T15:14:24Z,auth,auth_enUS_labelerexp,at://did:plc:stu4unkwieyt5suhyfl6u5e4/app.bsky.feed.generator/aaacjvrirvq2w,suggested_labelerexp,11,at://did:plc:l473m4s6aeufauak5cegf6ma/app.bsky.feed.post/3mfox6bkqom25,bafyreiaqvgpwmp7flwyey2vv2b5zqqy4two7yugqik4nhas2xybfhzb3ly,did:plc:l473m4s6aeufauak5cegf6ma,annerenwick.bsky.social,,
5a4fbaa1726044bb8f8150f94d304608,2026-02-25T15:00:00Z,2026-02-25T15:14:24Z,auth,auth_enUS_labelerexp,at://did:plc:stu4unkwieyt5suhyfl6u5e4/app.bsky.feed.generator/aaacjvrirvq2w,suggested_labelerexp,12,at://did:plc:vwx6kgx2vzdfakl3ap656njy/app.bsky.feed.post/3mfox6apzlc2g,bafyreicettyaot25bv4s75kfe26znly425jcy7beoftvmnghbq4zqgmcie,did:plc:vwx6kgx2vzdfakl3ap656njy,musicandsoul.bsky.social,,
5a4fbaa1726044bb8f8150f94d304608,2026-02-25T15:00:00Z,2026-02-25T15:14:24Z,auth,auth_enUS_labelerexp,at://did:plc:stu4unkwieyt5suhyfl6u5e4/app.bsky.feed.generator/aaacjvrirvq2w,suggested_labelerexp,13,at://did:plc:wx3vtkzfhqp3kbv7kz3j6s3e/app.bsky.feed.post/3mfox4qw64z2n,bafyreigttwhrt3rnt6fbujh3uqrsiatqwx6xvzkeklspbkx6wm5tmnb5a4,did:plc:wx3vtkzfhqp3kbv7kz3j6s3e,over60sclub.bsky.social,,
5a4fbaa1726044bb8f8150f94d304608,2026-02-25T15:00:00Z,2026-02-25T15:14:24Z,auth,auth_enUS_labelerexp,at://did:plc:stu4unkwieyt5suhyfl6u5e4/app.bsky.feed.generator/aaacjvrirvq2w,suggested_labelerexp,14,at://did:plc:xy5vx5ggkvtjmgj5f3c2ykys/app.bsky.feed.post/3mfox3sngob22,bafyreiag5vc3mjytx43o6w6ovyhfyg6xr5ucej55hxqhbk436sd22rtu6m,did:plc:xy5vx5ggkvtjmgj5f3c2ykys,jointil.bsky.social,,
5a4fbaa1726044bb8f8150f94d304608,2026-02-25T15:00:00Z,2026-02-25T15:14:24Z,auth,auth_enUS_labelerexp,at://did:plc:stu4unkwieyt5suhyfl6u5e4/app.bsky.feed.generator/aaacjvrirvq2w,suggested_labelerexp,15,at://did:plc:5uj3lfl6r3wuvj4pvykynhx3/app.bsky.feed.post/3mfowzmcgbk2s,bafyreifh72z2fuunehjwy7qr5ddkxagnbvowa4nosyah7vfonrucf54qwm,did:plc:5uj3lfl6r3wuvj4pvykynhx3,stereoboard.com,,
5a4fbaa1726044bb8f8150f94d304608,2026-02-25T15:00:00Z,2026-02-25T15:14:24Z,auth,auth_enUS_labelerexp,at://did:plc:stu4unkwieyt5suhyfl6u5e4/app.bsky.feed.generator/aaacjvrirvq2w,suggested_labelerexp,16,at://did:plc:6wwppwev7vv7j6obqyi3hklw/app.bsky.feed.post/3mfowyphstk2z,bafyreibnyascrewjevnlga5oof7mwuzkgdyonsjctmypqtau5vta44iafy,did:plc:6wwppwev7vv7j6obqyi3hklw,civicusalliance.bsky.social,,
5a4fbaa1726044bb8f8150f94d304608,2026-02-25T15:00:00Z,2026-02-25T15:14:24Z,auth,auth_enUS_labelerexp,at://did:plc:stu4unkwieyt5suhyfl6u5e4/app.bsky.feed.generator/aaacjvrirvq2w,suggested_labelerexp,17,at://did:plc:yjvs47qexlinxs3gk6gawgyx/app.bsky.feed.post/3mfowq26vak22,bafyreiam7vsbvpizmgaran7m2v5sffrow5lhdbqqalqw6phmqi4hgbktmu,did:plc:yjvs47qexlinxs3gk6gawgyx,sl1ckrick36.bsky.social,,
5a4fbaa1726044bb8f8150f94d304608,2026-02-25T15:00:00Z,2026-02-25T15:14:24Z,auth,auth_enUS_labelerexp,at://did:plc:stu4unkwieyt5suhyfl6u5e4/app.bsky.feed.generator/aaacjvrirvq2w,suggested_labelerexp,18,at://did:plc:hsuiiv5czmuzcy7vzfou3aaf/app.bsky.feed.post/3mfowohnq7s2z,bafyreid4gkzokvwbwxsfq2x52w5fq6cpujvfc3afn4p3rv6iy5hltrgcey,did:plc:hsuiiv5czmuzcy7vzfou3aaf,ens-editions.bsky.social,,
5a4fbaa1726044bb8f8150f94d304608,2026-02-25T15:00:00Z,2026-02-25T15:14:24Z,auth,auth_enUS_labelerexp,at://did:plc:stu4unkwieyt5suhyfl6u5e4/app.bsky.feed.generator/aaacjvrirvq2w,suggested_labelerexp,19,at://did:plc:wx3vtkzfhqp3kbv7kz3j6s3e/app.bsky.feed.post/3mfowk7sdlq2h,bafyreigmawnubhjiw6wwflckay2mrxva5ag4qyk3mfy7fhtifcfvug5b7a,did:plc:wx3vtkzfhqp3kbv7kz3j6s3e,over60sclub.bsky.social,,
5a4fbaa1726044bb8f8150f94d304608,2026-02-25T15:00:00Z,2026-02-25T15:14:24Z,auth,auth_enUS_labelerexp,at://did:plc:stu4unkwieyt5suhyfl6u5e4/app.bsky.feed.generator/aaacjvrirvq2w,suggested_labelerexp,20,at://did:plc:bubb36fnosywb4veqdbtiwnb/app.bsky.feed.post/3mfowjap7oz2v,bafyreifxlru7xuyh52z2pdarnaxkvduy5xc7pqpsr5gb5ylmchbgahjxra,did:plc:bubb36fnosywb4veqdbtiwnb,atog.dev,,
5a4fbaa1726044bb8f8150f94d304608,2026-02-25T15:00:00Z,2026-02-25T15:14:24Z,auth,auth_enUS_labelerexp,at://did:plc:stu4unkwieyt5suhyfl6u5e4/app.bsky.feed.generator/aaacjvrirvq2w,suggested_labelerexp,21,at://did:plc:f5lg7tgaai4tqng73wxmautr/app.bsky.feed.post/3mfowfhrl5s2d,bafyreiaz5a6rwawwqb4tnb4yyl3xopjhsj5f4cvjod342tobo4rejdorde,did:plc:f5lg7tgaai4tqng73wxmautr,donnygallagher.bsky.social,,
5a4fbaa1726044bb8f8150f94d304608,2026-02-25T15:00:00Z,2026-02-25T15:14:24Z,auth,auth_enUS_labelerexp,at://did:plc:stu4unkwieyt5suhyfl6u5e4/app.bsky.feed.generator/aaacjvrirvq2w,suggested_labelerexp,22,at://did:plc:bljzoqu5uni62wt5fonclsd5/app.bsky.feed.post/3mfoweqzges2p,bafyreibagxanej4fe5wp4jvxfum47kos4ujohs6tmzx5fnikcd5ccuwbma,did:plc:bljzoqu5uni62wt5fonclsd5,beyondthecampfire.bsky.social,,
5a4fbaa1726044bb8f8150f94d304608,2026-02-25T15:00:00Z,2026-02-25T15:14:24Z,auth,auth_enUS_labelerexp,at://did:plc:stu4unkwieyt5suhyfl6u5e4/app.bsky.feed.generator/aaacjvrirvq2w,suggested_labelerexp,23,at://did:plc:iitrr7lwl6u4rmuctvyo6bbl/app.bsky.feed.post/3mfowdzy46w2w,bafyreicy3ezw5dzn57vb4bciutobr4xlg3cnjhj3mclrec2ypyhfd6q5ca,did:plc:iitrr7lwl6u4rmuctvyo6bbl,lesnumeriques.com,,
5a4fbaa1726044bb8f8150f94d304608,2026-02-25T15:00:00Z,2026-02-25T15:14:24Z,auth,auth_enUS_labelerexp,at://did:plc:stu4unkwieyt5suhyfl6u5e4/app.bsky.feed.generator/aaacjvrirvq2w,suggested_labelerexp,24,at://did:plc:53fk2ptnhjuu26r2oyitla3k/app.bsky.feed.post/3mfow34soxc2l,bafyreibkyluuou6orarzzolgexgjyyh5kljhffxb3dreovsf5gjqfq65a4,did:plc:53fk2ptnhjuu26r2oyitla3k,technoloki.de,,
5a4fbaa1726044bb8f8150f94d304608,2026-02-25T15:00:00Z,2026-02-25T15:14:24Z,auth,auth_enUS_labelerexp,at://did:plc:stu4unkwieyt5suhyfl6u5e4/app.bsky.feed.generator/aaacjvrirvq2w,suggested_labelerexp,25,at://did:plc:amx2sgnfq45srnqxxfpeqsir/app.bsky.feed.post/3mfovzmnils2r,bafyreickct6cmpinbgw2jsp7gegfubaxrbhmjpbtx5sjd56hu5uz52zxky,did:plc:amx2sgnfq45srnqxxfpeqsir,princesslum.bsky.social,,
5a4fbaa1726044bb8f8150f94d304608,2026-02-25T15:00:00Z,2026-02-25T15:14:24Z,auth,auth_enUS_labelerexp,at://did:plc:stu4unkwieyt5suhyfl6u5e4/app.bsky.feed.generator/aaacjvrirvq2w,suggested_labelerexp,26,at://did:plc:myclixtegvc32zifysnt4cbt/app.bsky.feed.post/3mfovw6y6tp2f,bafyreibw3cwsgclz63445vk6g3hkbgtpddjmjkvl5kovsrwnmezpqc6b4u,did:plc:myclixtegvc32zifysnt4cbt,ukhahsoc.bsky.social,,
5a4fbaa1726044bb8f8150f94d304608,2026-02-25T15:00:00Z,2026-02-25T15:14:24Z,auth,auth_enUS_labelerexp,at://did:plc:stu4unkwieyt5suhyfl6u5e4/app.bsky.feed.generator/aaacjvrirvq2w,suggested_labelerexp,27,at://did:plc:dy4mk6ej5d7hlqgfeqjft3hd/app.bsky.feed.post/3mfovtvwvrk2p,bafyreibpw2v74fxu7c3xmkxcserremx4n7fm6bmc2omloat3zzt3vf5odm,did:plc:dy4mk6ej5d7hlqgfeqjft3hd,anno1540.bsky.social,,
5a4fbaa1726044bb8f8150f94d304608,2026-02-25T15:00:00Z,2026-02-25T15:14:24Z,auth,auth_enUS_labelerexp,at://did:plc:stu4unkwieyt5suhyfl6u5e4/app.bsky.feed.generator/aaacjvrirvq2w,suggested_labelerexp,28,at://did:plc:wx3vtkzfhqp3kbv7kz3j6s3e/app.bsky.feed.post/3mfovppxq642c,bafyreibsxbcjtghut7o52d5hohyjoaov5knckaepd5lqvzyyevaha5ltnm,did:plc:wx3vtkzfhqp3kbv7kz3j6s3e,over60sclub.bsky.social,,
5a4fbaa1726044bb8f8150f94d304608,2026-02-25T15:00:00Z,2026-02-25T15:14:24Z,auth,auth_enUS_labelerexp,at://did:plc:stu4unkwieyt5suhyfl6u5e4/app.bsky.feed.generator/aaacjvrirvq2w,suggested_labelerexp,29,at://did:plc:sj4dqg346z2n6dndobveorqt/app.bsky.feed.post/3mfovozdmh22n,bafyreidgw5eq5him4o43e5okqd65xu2xkn7nvih55abyxz2eot4y4nql3y,did:plc:sj4dqg346z2n6dndobveorqt,pnwsteveh.bsky.social,,
5a4fbaa1726044bb8f8150f94d304608,2026-02-25T15:00:00Z,2026-02-25T15:14:24Z,auth,auth_enUS_labelerexp,at://did:plc:stu4unkwieyt5suhyfl6u5e4/app.bsky.feed.generator/aaacjvrirvq2w,suggested_labelerexp,30,at://did:plc:3emf35elofkfj24plf7zqqqa/app.bsky.feed.post/3mfovl75kuz25,bafyreiennxaxgdbr2225kh6ydj5q3pqwt2sdh67f5zpn3s35lji7clnb44,did:plc:3emf35elofkfj24plf7zqqqa,thehannahkay.bsky.social,,
5a4fbaa1726044bb8f8150f94d304608,2026-02-25T15:00:00Z,2026-02-25T15:14:24Z,auth,auth_enUS_labelerexp,at://did:plc:stu4unkwieyt5suhyfl6u5e4/app.bsky.feed.generator/aaacjvrirvq2w,suggested_labelerexp,31,at://did:plc:bl7mgx7ngf6n3esvakz73pnm/app.bsky.feed.post/3mfovl674tk2g,bafyreidpl77hh57lrvefkeg7awibejgauexr44w6i7gejiq6affweyameu,did:plc:bl7mgx7ngf6n3esvakz73pnm,kashboxcoaching.bsky.social,,
5a4fbaa1726044bb8f8150f94d304608,2026-02-25T15:00:00Z,2026-02-25T15:14:24Z,auth,auth_enUS_labelerexp,at://did:plc:stu4unkwieyt5suhyfl6u5e4/app.bsky.feed.generator/aaacjvrirvq2w,suggested_labelerexp,32,at://did:plc:omxgnlupkrkldix2hqpr56i2/app.bsky.feed.post/3mfovco5xcs26,bafyreifiml3jsgjbkdbwzr4rcnm6ynd3hfajynm5qyznnum6lcf5dhcq2q,did:plc:omxgnlupkrkldix2hqpr56i2,amiyajlo.bsky.social,,
5a4fbaa1726044bb8f8150f94d304608,2026-02-25T15:00:00Z,2026-02-25T15:14:24Z,auth,auth_enUS_labelerexp,at://did:plc:stu4unkwieyt5suhyfl6u5e4/app.bsky.feed.generator/aaacjvrirvq2w,suggested_labelerexp,33,at://did:plc:pmevgkqoa6z3zu4rxxlsyykr/app.bsky.feed.post/3mfovcgrhwk2b,bafyreihsodox6c5wxwkehguol7modsgzsvawganlxcduc2b7mdxptsxv3i,did:plc:pmevgkqoa6z3zu4rxxlsyykr,fplgeneral.bsky.social,,
5a4fbaa1726044bb8f8150f94d304608,2026-02-25T15:00:00Z,2026-02-25T15:14:24Z,auth,auth_enUS_labelerexp,at://did:plc:stu4unkwieyt5suhyfl6u5e4/app.bsky.feed.generator/aaacjvrirvq2w,suggested_labelerexp,34,at://did:plc:in7nl6ifcfrurht7otftmtsl/app.bsky.feed.post/3mfovc4vgnk2q,bafyreifzd2h56uxyyt2dm2zis4ne7exb2kqrcn3pchgbtzwyvjduafvw6m,did:plc:in7nl6ifcfrurht7otftmtsl,gottpot.bsky.social,,
5a4fbaa1726044bb8f8150f94d304608,2026-02-25T15:00:00Z,2026-02-25T15:14:24Z,auth,auth_enUS_labelerexp,at://did:plc:stu4unkwieyt5suhyfl6u5e4/app.bsky.feed.generator/aaacjvrirvq2w,suggested_labelerexp,35,at://did:plc:y4qnhfgxmtqwoodmaepvqubm/app.bsky.feed.post/3mfovbb3j4c2w,bafyreif424eaapb3nr2hphwix6bitvy523magtbypxgqybzkfyj4urfgue,did:plc:y4qnhfgxmtqwoodmaepvqubm,mischiefandfun.bsky.social,,
5a4fbaa1726044bb8f8150f94d304608,2026-02-25T15:00:00Z,2026-02-25T15:14:24Z,auth,auth_enUS_labelerexp,at://did:plc:stu4unkwieyt5suhyfl6u5e4/app.bsky.feed.generator/aaacjvrirvq2w,suggested_labelerexp,36,at://did:plc:h6pyl5e2cdtdlulmw6ubhc6c/app.bsky.feed.post/3mfov76pakc27,bafyreicx7r2c4yhxj5v7btpegte6rurbgldont42d6cwi6jzifxckhvdga,did:plc:h6pyl5e2cdtdlulmw6ubhc6c,arsenalvisionpodcast.com,,
5a4fbaa1726044bb8f8150f94d304608,2026-02-25T15:00:00Z,2026-02-25T15:14:24Z,auth,auth_enUS_labelerexp,at://did:plc:stu4unkwieyt5suhyfl6u5e4/app.bsky.feed.generator/aaacjvrirvq2w,suggested_labelerexp,37,at://did:plc:fnxmbomydemi3ybs6lfembhy/app.bsky.feed.post/3mfov6itniv2v,bafyreigm6nnhrfuattmue7otsobtowlbp7la74yvxeswtfiszgk5t6ok5i,did:plc:fnxmbomydemi3ybs6lfembhy,chilltraxsongbot.bsky.social,,
5a4fbaa1726044bb8f8150f94d304608,2026-02-25T15:00:00Z,2026-02-25T15:14:24Z,auth,auth_enUS_labelerexp,at://did:plc:stu4unkwieyt5suhyfl6u5e4/app.bsky.feed.generator/aaacjvrirvq2w,suggested_labelerexp,38,at://did:plc:fexulxdjk3qsmmx6ooks7xeu/app.bsky.feed.post/3mfov6ao3pk2e,bafyreihybascj5kefg2lhxxgbeeqo7vqw4n742u64zxmhgoldepbuhf4va,did:plc:fexulxdjk3qsmmx6ooks7xeu,pinio1970.bsky.social,,
5a4fbaa1726044bb8f8150f94d304608,2026-02-25T15:00:00Z,2026-02-25T15:14:24Z,auth,auth_enUS_labelerexp,at://did:plc:stu4unkwieyt5suhyfl6u5e4/app.bsky.feed.generator/aaacjvrirvq2w,suggested_labelerexp,39,at://did:plc:wx3vtkzfhqp3kbv7kz3j6s3e/app.bsky.feed.post/3mfov5jmxe62x,bafyreids2f3ey7xdxjpycfptaf62wmuabggg6bxnx74gco4uvfeqduujs4,did:plc:wx3vtkzfhqp3kbv7kz3j6s3e,over60sclub.bsky.social,,
5a4fbaa1726044bb8f8150f94d304608,2026-02-25T15:00:00Z,2026-02-25T15:14:24Z,auth,auth_enUS_labelerexp,at://did:plc:stu4unkwieyt5suhyfl6u5e4/app.bsky.feed.generator/aaacjvrirvq2w,suggested_labelerexp,40,at://did:plc:nwroasgy2ckh44rpbwjumcpb/app.bsky.feed.post/3mfov54ggdk2h,bafyreihidxojw2ku2nq2t332zezmuvj7o4qpdba76dtmaaohss4cm7y6w4,did:plc:nwroasgy2ckh44rpbwjumcpb,kvcpl.bsky.social,,
5a4fbaa1726044bb8f8150f94d304608,2026-02-25T15:00:00Z,2026-02-25T15:14:24Z,auth,auth_enUS_labelerexp,at://did:plc:stu4unkwieyt5suhyfl6u5e4/app.bsky.feed.generator/aaacjvrirvq2w,suggested_labelerexp,41,at://did:plc:2o4ganzjdricanz2kfpi4yj2/app.bsky.feed.post/3mfouyvbsnc2q,bafyreidd2q45aeaglrjhtce3wspzvxgvtf7dsoc7gbp2psgl5fvfsorxsy,did:plc:2o4ganzjdricanz2kfpi4yj2,toni7477.bsky.social,,
5a4fbaa1726044bb8f8150f94d304608,2026-02-25T15:00:00Z,2026-02-25T15:14:24Z,auth,auth_enUS_labelerexp,at://did:plc:stu4unkwieyt5suhyfl6u5e4/app.bsky.feed.generator/aaacjvrirvq2w,suggested_labelerexp,42,at://did:plc:cbwz6vclml2o633w6qy6pjz2/app.bsky.feed.post/3mfouypsfec2o,bafyreifujdwk53cs5jh64za4xcmfv7rllb7eietuleucmy3psga7iroafa,did:plc:cbwz6vclml2o633w6qy6pjz2,crustattack.bsky.social,,
5a4fbaa1726044bb8f8150f94d304608,2026-02-25T15:00:00Z,2026-02-25T15:14:24Z,auth,auth_enUS_labelerexp,at://did:plc:stu4unkwieyt5suhyfl6u5e4/app.bsky.feed.generator/aaacjvrirvq2w,suggested_labelerexp,43,at://did:plc:6t4lpyedj2trvysfal7uvhni/app.bsky.feed.post/3mfouyof63s2b,bafyreib4u6r66rymauf4epgjjqucp6vo643q4pmzj5dbr2576zjugwmawa,did:plc:6t4lpyedj2trvysfal7uvhni,theaudiobookreport.bsky.social,,
5a4fbaa1726044bb8f8150f94d304608,2026-02-25T15:00:00Z,2026-02-25T15:14:24Z,auth,auth_enUS_labelerexp,at://did:plc:stu4unkwieyt5suhyfl6u5e4/app.bsky.feed.generator/aaacjvrirvq2w,suggested_labelerexp,44,at://did:plc:ppdh6ualnqu4xymccz3gytuy/app.bsky.feed.post/3mfouwrlkdc2d,bafyreigddk2xnpzpg5n7qy5cr3lke52lalkiau7z5xfzkrdb3epbk4piza,did:plc:ppdh6ualnqu4xymccz3gytuy,eurochambres.bsky.social,,
5a4fbaa1726044bb8f8150f94d304608,2026-02-25T15:00:00Z,2026-02-25T15:14:24Z,auth,auth_enUS_labelerexp,at://did:plc:stu4unkwieyt5suhyfl6u5e4/app.bsky.feed.generator/aaacjvrirvq2w,suggested_labelerexp,45,at://did:plc:h2w7x3keoncdefrv23fwzuab/app.bsky.feed.post/3mfouvmyyxju2,bafyreidyi2642ijxs2lb7axbjhxiiu4tv4elk4l2ih3w4qlglgq4wrgzsa,did:plc:h2w7x3keoncdefrv23fwzuab,kameleonnn.mastodon.social.ap.brid.gy,,
5a4fbaa1726044bb8f8150f94d304608,2026-02-25T15:00:00Z,2026-02-25T15:14:24Z,auth,auth_enUS_labelerexp,at://did:plc:stu4unkwieyt5suhyfl6u5e4/app.bsky.feed.generator/aaacjvrirvq2w,suggested_labelerexp,46,at://did:plc:znkyjjouubcouonao3nt3wmt/app.bsky.feed.post/3mfoure5qlc2k,bafyreig3ckcn52yxuyq7wgxo6pceuykplxpnu7dejgvirjqjnkatjt5awi,did:plc:znkyjjouubcouonao3nt3wmt,dinoromanelli.bsky.social,,
5a4fbaa1726044bb8f8150f94d304608,2026-02-25T15:00:00Z,2026-02-25T15:14:24Z,auth,auth_enUS_labelerexp,at://did:plc:stu4unkwieyt5suhyfl6u5e4/app.bsky.feed.generator/aaacjvrirvq2w,suggested_labelerexp,47,at://did:plc:qczlskepau2wjdvu3udzoy5z/app.bsky.feed.post/3mfoupzpmmk2i,bafyreidmpcyqweb4juhoz2iahvkrgham4iwjzf2ikl7xeg6x7utsr3kf7i,did:plc:qczlskepau2wjdvu3udzoy5z,lightbeloved18db.bsky.social,,
5a4fbaa1726044bb8f8150f94d304608,2026-02-25T15:00:00Z,2026-02-25T15:14:24Z,auth,auth_enUS_labelerexp,at://did:plc:stu4unkwieyt5suhyfl6u5e4/app.bsky.feed.generator/aaacjvrirvq2w,suggested_labelerexp,48,at://did:plc:ai6aov3o6xql2rohuapzl4x7/app.bsky.feed.post/3mfoumamnls25,bafyreieyhsjro67seamnexmnca47ops7jh3zj3kwet2ia3znvr4nnxzdgm,did:plc:ai6aov3o6xql2rohuapzl4x7,baileyflower.bsky.social,,
5a4fbaa1726044bb8f8150f94d304608,2026-02-25T15:00:00Z,2026-02-25T15:14:24Z,auth,auth_enUS_labelerexp,at://did:plc:stu4unkwieyt5suhyfl6u5e4/app.bsky.feed.generator/aaacjvrirvq2w,suggested_labelerexp,49,at://did:plc:wx3vtkzfhqp3kbv7kz3j6s3e/app.bsky.feed.post/3mfouioeai225,bafyreicfrj3rmfmskxtizx3uqkphpthvk2wj7d2ry62wr6o6kaxlmpj7mu,did:plc:wx3vtkzfhqp3kbv7kz3j6s3e,over60sclub.bsky.social,,
5a4fbaa1726044bb8f8150f94d304608,2026-02-25T15:00:00Z,2026-02-25T15:14:24Z,auth,auth_enUS_labelerexp,at://did:plc:stu4unkwieyt5suhyfl6u5e4/app.bsky.feed.generator/aaacjvrirvq2w,suggested_labelerexp,50,at://did:plc:esytkyv5slmhrslqsmardpex/app.bsky.feed.post/3mfoudys5gs2u,bafyreiaf7qk64bwioy25fjza7i3ccbisfg7z3kr2hpexv7xuhzvbzmcl2u,did:plc:esytkyv5slmhrslqsmardpex,hudsonriverblue.com,,
