run_id,snapshot_hour_utc,captured_at_utc,viewer_mode,vantage_id,feed_uri,bucket,rank,post_uri,post_cid,author_did,author_handle,reason_type,reason_actor_did
da2d6d8a346749cda98bd51cb6d99a52,2026-02-28T11:00:00Z,2026-02-28T11:18:16Z,auth,auth_enUS_labelerexp,at://did:plc:3sn6bogankaicebzdb7liro3/app.bsky.feed.generator/aaaclmwsj24p6,suggested_labelerexp,1,at://did:plc:3sn6bogankaicebzdb7liro3/app.bsky.feed.post/3lcccbsl2mc2k,bafyreiezu3eftkprwsks7dwhcssgwlkbvjnwzldxal4o3xfqjrtotjm7gm,did:plc:3sn6bogankaicebzdb7liro3,allyann.bsky.social,,
da2d6d8a346749cda98bd51cb6d99a52,2026-02-28T11:00:00Z,2026-02-28T11:18:16Z,auth,auth_enUS_labelerexp,at://did:plc:3sn6bogankaicebzdb7liro3/app.bsky.feed.generator/aaaclmwsj24p6,suggested_labelerexp,2,at://did:plc:mnmhpesr7utzim6oluraj4tj/app.bsky.feed.post/3mfw3abbiee2z,bafyreiaudjx6o5yt3udskl76xrs5tts6uzwzc4yzeyoffqtfvdma4boffy,did:plc:mnmhpesr7utzim6oluraj4tj,lupuseurope.bsky.social,,
da2d6d8a346749cda98bd51cb6d99a52,2026-02-28T11:00:00Z,2026-02-28T11:18:16Z,auth,auth_enUS_labelerexp,at://did:plc:3sn6bogankaicebzdb7liro3/app.bsky.feed.generator/aaaclmwsj24p6,suggested_labelerexp,3,at://did:plc:jpraxwnyxdfls5afxakdfsj4/app.bsky.feed.post/3mfw37j7fu22m,bafyreieoiu2o77i5hnid54ag5kgkzfhurmkitiuv2d2bwrwnli7dno4khu,did:plc:jpraxwnyxdfls5afxakdfsj4,cybergeekgirl.bsky.social,,
da2d6d8a346749cda98bd51cb6d99a52,2026-02-28T11:00:00Z,2026-02-28T11:18:16Z,auth,auth_enUS_labelerexp,at://did:plc:3sn6bogankaicebzdb7liro3/app.bsky.feed.generator/aaaclmwsj24p6,suggested_labelerexp,4,at://did:plc:yldg37udw2dzwbhvceskdrvc/app.bsky.feed.post/3mfw37cpmgs2j,bafyreihhtkst2qbsx4pb7pzqladb67stoo57ukg7dtvyv5pxtq6d76gg6q,did:plc:yldg37udw2dzwbhvceskdrvc,nathanwpcantley.bsky.social,,
da2d6d8a346749cda98bd51cb6d99a52,2026-02-28T11:00:00Z,2026-02-28T11:18:16Z,auth,auth_enUS_labelerexp,at://did:plc:3sn6bogankaicebzdb7liro3/app.bsky.feed.generator/aaaclmwsj24p6,suggested_labelerexp,5,at://did:plc:34aj6limfc6akw3owidbrgi3/app.bsky.feed.post/3mfw366rkok25,bafyreid55c2xjvjbmrh3sasynilh3qnhwpygqp62ey5v6csrm7tafnhfzq,did:plc:34aj6limfc6akw3owidbrgi3,nelsonm1224.bsky.social,,
da2d6d8a346749cda98bd51cb6d99a52,2026-02-28T11:00:00Z,2026-02-28T11:18:16Z,auth,auth_enUS_labelerexp,at://did:plc:3sn6bogankaicebzdb7liro3/app.bsky.feed.generator/aaaclmwsj24p6,suggested_labelerexp,6,at://did:plc:ptw3zcuihgjqgibkiua4hprl/app.bsky.feed.post/3mfw34hmeoc26,bafyreia56fhmhex3vy262nzegqzatrhpu4sxnwqmfxoitee2gw56tdslm4,did:plc:ptw3zcuihgjqgibkiua4hprl,dm1steinert.bsky.social,,
da2d6d8a346749cda98bd51cb6d99a52,2026-02-28T11:00:00Z,2026-02-28T11:18:16Z,auth,auth_enUS_labelerexp,at://did:plc:3sn6bogankaicebzdb7liro3/app.bsky.feed.generator/aaaclmwsj24p6,suggested_labelerexp,7,at://did:plc:57jkfyvtwwyztivpdxcpizrw/app.bsky.feed.post/3mfw2zsw3tk2s,bafyreibmhn3m7bgaavrkvfkizxdqazonxycmsicec3gv52ms2pqd3yikam,did:plc:57jkfyvtwwyztivpdxcpizrw,lypftinvolve.bsky.social,,
da2d6d8a346749cda98bd51cb6d99a52,2026-02-28T11:00:00Z,2026-02-28T11:18:16Z,auth,auth_enUS_labelerexp,at://did:plc:3sn6bogankaicebzdb7liro3/app.bsky.feed.generator/aaaclmwsj24p6,suggested_labelerexp,8,at://did:plc:mn27gojkveo5bwu4kr6xmuqr/app.bsky.feed.post/3mfw2newsk22p,bafyreihyhxik6u4bcqmtzp2amegod4vuxiepkl3auriomavsgsgxgmbp5i,did:plc:mn27gojkveo5bwu4kr6xmuqr,pgonzalez.bsky.social,,
da2d6d8a346749cda98bd51cb6d99a52,2026-02-28T11:00:00Z,2026-02-28T11:18:16Z,auth,auth_enUS_labelerexp,at://did:plc:3sn6bogankaicebzdb7liro3/app.bsky.feed.generator/aaaclmwsj24p6,suggested_labelerexp,9,at://did:plc:2hus6hsbubtzuvdhe46c5ix6/app.bsky.feed.post/3mfw2mjzh2s2z,bafyreie4pff7yox6dpatk2r645iqbuxvfmcjzk3ou4zqtjlfaen65znrzu,did:plc:2hus6hsbubtzuvdhe46c5ix6,paedaiane.bsky.social,,
da2d6d8a346749cda98bd51cb6d99a52,2026-02-28T11:00:00Z,2026-02-28T11:18:16Z,auth,auth_enUS_labelerexp,at://did:plc:3sn6bogankaicebzdb7liro3/app.bsky.feed.generator/aaaclmwsj24p6,suggested_labelerexp,10,at://did:plc:lzw5a7y3msuzdfeksmfa5mts/app.bsky.feed.post/3mfw2w6fvykn2,bafyreihzaiq223ndzy5wayoji5cgvqdrbranmgnn3k7gvt77tda5yruxfu,did:plc:lzw5a7y3msuzdfeksmfa5mts,cancer-vaccine.activitypub.awakari.com.ap.brid.gy,,
da2d6d8a346749cda98bd51cb6d99a52,2026-02-28T11:00:00Z,2026-02-28T11:18:16Z,auth,auth_enUS_labelerexp,at://did:plc:3sn6bogankaicebzdb7liro3/app.bsky.feed.generator/aaaclmwsj24p6,suggested_labelerexp,11,at://did:plc:tfw2te4cb4gxbruorocin7ee/app.bsky.feed.post/3mfw2gnypvs24,bafyreic426sdhv2bvbfg2mjrdf4fz45ebjrj3trdhbfjcstwemv2xp7oum,did:plc:tfw2te4cb4gxbruorocin7ee,kerrytaylorsmith.bsky.social,,
da2d6d8a346749cda98bd51cb6d99a52,2026-02-28T11:00:00Z,2026-02-28T11:18:16Z,auth,auth_enUS_labelerexp,at://did:plc:3sn6bogankaicebzdb7liro3/app.bsky.feed.generator/aaaclmwsj24p6,suggested_labelerexp,12,at://did:plc:e7at4nq76k3csnsaojouduvb/app.bsky.feed.post/3mfw2enupts22,bafyreidarygxheh4b6ttgqlm7tpclrti7zzuicy2uit4f5ab6a6qb5fyay,did:plc:e7at4nq76k3csnsaojouduvb,mdpakistanorg.bsky.social,,
da2d6d8a346749cda98bd51cb6d99a52,2026-02-28T11:00:00Z,2026-02-28T11:18:16Z,auth,auth_enUS_labelerexp,at://did:plc:3sn6bogankaicebzdb7liro3/app.bsky.feed.generator/aaaclmwsj24p6,suggested_labelerexp,13,at://did:plc:fto5uhzaca2p7fffxnokpy2m/app.bsky.feed.post/3mfw26howds2s,bafyreigfgq6hcfmx6lnbcdhhrv5kyp4chiiohuonqwkf3pwvagtmtci2we,did:plc:fto5uhzaca2p7fffxnokpy2m,ericjh.bsky.social,,
da2d6d8a346749cda98bd51cb6d99a52,2026-02-28T11:00:00Z,2026-02-28T11:18:16Z,auth,auth_enUS_labelerexp,at://did:plc:3sn6bogankaicebzdb7liro3/app.bsky.feed.generator/aaaclmwsj24p6,suggested_labelerexp,14,at://did:plc:ga54w6ik7iyy4ozgugdgoj4c/app.bsky.feed.post/3mfvzza6wss2m,bafyreihmdprrk4rrexxjipguodwk4rnkfxjo3ndhit7igmiji7uhnxz5gm,did:plc:ga54w6ik7iyy4ozgugdgoj4c,sklifescience.bsky.social,,
da2d6d8a346749cda98bd51cb6d99a52,2026-02-28T11:00:00Z,2026-02-28T11:18:16Z,auth,auth_enUS_labelerexp,at://did:plc:3sn6bogankaicebzdb7liro3/app.bsky.feed.generator/aaaclmwsj24p6,suggested_labelerexp,15,at://did:plc:o75ktytkyafcwts27zxjs6bs/app.bsky.feed.post/3mfvzybv6lk2e,bafyreicyuiy6gceklv7aj2q32d4eof7jk2272w7unpgrrrxnh5qdzgj3ty,did:plc:o75ktytkyafcwts27zxjs6bs,na-advocacy.bsky.social,,
da2d6d8a346749cda98bd51cb6d99a52,2026-02-28T11:00:00Z,2026-02-28T11:18:16Z,auth,auth_enUS_labelerexp,at://did:plc:3sn6bogankaicebzdb7liro3/app.bsky.feed.generator/aaaclmwsj24p6,suggested_labelerexp,16,at://did:plc:ucmyihmfr6gyxmpmty3qr6kh/app.bsky.feed.post/3mfvzx5eadk2o,bafyreiepiz2shlg7k2c47cqnjvl7nwmn2tbranoh6kw366a7afif7jpkpy,did:plc:ucmyihmfr6gyxmpmty3qr6kh,neunistiva.bsky.social,,
da2d6d8a346749cda98bd51cb6d99a52,2026-02-28T11:00:00Z,2026-02-28T11:18:16Z,auth,auth_enUS_labelerexp,at://did:plc:3sn6bogankaicebzdb7liro3/app.bsky.feed.generator/aaaclmwsj24p6,suggested_labelerexp,17,at://did:plc:lmndrquzjoynsxgz7rcn5unj/app.bsky.feed.post/3mfvzqx6whk2o,bafyreihrrluaswqcdk3kxk6pacmyoqr5ytic33esm7gdvdouk4fikrwqim,did:plc:lmndrquzjoynsxgz7rcn5unj,zebrafishrock.bsky.social,,
da2d6d8a346749cda98bd51cb6d99a52,2026-02-28T11:00:00Z,2026-02-28T11:18:16Z,auth,auth_enUS_labelerexp,at://did:plc:3sn6bogankaicebzdb7liro3/app.bsky.feed.generator/aaaclmwsj24p6,suggested_labelerexp,18,at://did:plc:mmnh53kwhflpw3vsqraukjl3/app.bsky.feed.post/3mfvzqds2cc25,bafyreifbupqmabiykaxxhik4w5mr7t2rtjmzbfq2doqdgb66adriifmmny,did:plc:mmnh53kwhflpw3vsqraukjl3,danielabonk.bsky.social,,
da2d6d8a346749cda98bd51cb6d99a52,2026-02-28T11:00:00Z,2026-02-28T11:18:16Z,auth,auth_enUS_labelerexp,at://did:plc:3sn6bogankaicebzdb7liro3/app.bsky.feed.generator/aaaclmwsj24p6,suggested_labelerexp,19,at://did:plc:rytresiyakflx6guhalc3ngh/app.bsky.feed.post/3mfvzo3xnfy2i,bafyreiepvlnfkfpmp5jwqorqmu7oll64ahugfcczmmpae3udwcwync7kgq,did:plc:rytresiyakflx6guhalc3ngh,erdera.bsky.social,,
da2d6d8a346749cda98bd51cb6d99a52,2026-02-28T11:00:00Z,2026-02-28T11:18:16Z,auth,auth_enUS_labelerexp,at://did:plc:3sn6bogankaicebzdb7liro3/app.bsky.feed.generator/aaaclmwsj24p6,suggested_labelerexp,20,at://did:plc:umznodixeeud34nrm7rnmsoh/app.bsky.feed.post/3mfvzmmpayc2l,bafyreifkslwwum65ybgx3u7mhxxoxvhlht5cgkfmz2zqabbifzw654wrfe,did:plc:umznodixeeud34nrm7rnmsoh,eshgyoung.bsky.social,,
da2d6d8a346749cda98bd51cb6d99a52,2026-02-28T11:00:00Z,2026-02-28T11:18:16Z,auth,auth_enUS_labelerexp,at://did:plc:3sn6bogankaicebzdb7liro3/app.bsky.feed.generator/aaaclmwsj24p6,suggested_labelerexp,21,at://did:plc:pqhk5ugwg7jilfx7d22lvqqv/app.bsky.feed.post/3mfvzjolg3c26,bafyreiag4wokbcur2izv5x74qv6oqlbndv5d5hmaff7avjrtqxsh4m6n3a,did:plc:pqhk5ugwg7jilfx7d22lvqqv,ejhg-journal.bsky.social,,
da2d6d8a346749cda98bd51cb6d99a52,2026-02-28T11:00:00Z,2026-02-28T11:18:16Z,auth,auth_enUS_labelerexp,at://did:plc:3sn6bogankaicebzdb7liro3/app.bsky.feed.generator/aaaclmwsj24p6,suggested_labelerexp,22,at://did:plc:n2a5zbnuvq62xxvy37apjei6/app.bsky.feed.post/3mfvzh3nbhk2q,bafyreihuixgxuy2cuwj4yomxhxkfsam2tyqan7etusaeetcfofi6qsgya4,did:plc:n2a5zbnuvq62xxvy37apjei6,ouhospitals.bsky.social,,
da2d6d8a346749cda98bd51cb6d99a52,2026-02-28T11:00:00Z,2026-02-28T11:18:16Z,auth,auth_enUS_labelerexp,at://did:plc:3sn6bogankaicebzdb7liro3/app.bsky.feed.generator/aaaclmwsj24p6,suggested_labelerexp,23,at://did:plc:xf6qljili3m7n4ykcc6qknnq/app.bsky.feed.post/3mfvzgafwnk2k,bafyreie7qntebbsggxfabhi6vbtmspd727zh3mtwuhlvzhatdwyx2qcp4y,did:plc:xf6qljili3m7n4ykcc6qknnq,tezmilleroz.bsky.social,,
da2d6d8a346749cda98bd51cb6d99a52,2026-02-28T11:00:00Z,2026-02-28T11:18:16Z,auth,auth_enUS_labelerexp,at://did:plc:3sn6bogankaicebzdb7liro3/app.bsky.feed.generator/aaaclmwsj24p6,suggested_labelerexp,24,at://did:plc:omvnligncgkyunx76nzfrfyg/app.bsky.feed.post/3mfvzflkstd27,bafyreidcoh7mhvj4pzzdjxjilsmlcc6mj657uizfm5arpf5qwxerhh2xru,did:plc:omvnligncgkyunx76nzfrfyg,lumanity.bsky.social,,
da2d6d8a346749cda98bd51cb6d99a52,2026-02-28T11:00:00Z,2026-02-28T11:18:16Z,auth,auth_enUS_labelerexp,at://did:plc:3sn6bogankaicebzdb7liro3/app.bsky.feed.generator/aaaclmwsj24p6,suggested_labelerexp,25,at://did:plc:gn4riv34bycn5srenwj6oi7l/app.bsky.feed.post/3mfvzfch6f52t,bafyreieuivsvrbcu2omd3hvdowg5qts2sqye4tlanca6ttswmfyyxy62le,did:plc:gn4riv34bycn5srenwj6oi7l,digestivecancerseu.bsky.social,,
da2d6d8a346749cda98bd51cb6d99a52,2026-02-28T11:00:00Z,2026-02-28T11:18:16Z,auth,auth_enUS_labelerexp,at://did:plc:3sn6bogankaicebzdb7liro3/app.bsky.feed.generator/aaaclmwsj24p6,suggested_labelerexp,26,at://did:plc:ptw3zcuihgjqgibkiua4hprl/app.bsky.feed.post/3mfvzezzr7i26,bafyreiebbhds62e2i7nxicqlxfrac4vgnvlpvwsjzmmakdprcoohfszu5i,did:plc:ptw3zcuihgjqgibkiua4hprl,dm1steinert.bsky.social,,
da2d6d8a346749cda98bd51cb6d99a52,2026-02-28T11:00:00Z,2026-02-28T11:18:16Z,auth,auth_enUS_labelerexp,at://did:plc:3sn6bogankaicebzdb7liro3/app.bsky.feed.generator/aaaclmwsj24p6,suggested_labelerexp,27,at://did:plc:h5tzthn3rytwdarmxd5mycu4/app.bsky.feed.post/3mfvz7wzzl222,bafyreiclewezv2pnw4x74k2jeare2z3yqmgooexciymnnmtlnfiksm5mxi,did:plc:h5tzthn3rytwdarmxd5mycu4,geneticallianceuk.bsky.social,,
da2d6d8a346749cda98bd51cb6d99a52,2026-02-28T11:00:00Z,2026-02-28T11:18:16Z,auth,auth_enUS_labelerexp,at://did:plc:3sn6bogankaicebzdb7liro3/app.bsky.feed.generator/aaaclmwsj24p6,suggested_labelerexp,28,at://did:plc:oyyjqjqw6f5qfijh7bqkbk7g/app.bsky.feed.post/3mfvz4hjwp327,bafyreifwbpyoe3ttyogd5uhgcpi6uttcovatvimedhehto4qmqjj32dmra,did:plc:oyyjqjqw6f5qfijh7bqkbk7g,efna.net,,
da2d6d8a346749cda98bd51cb6d99a52,2026-02-28T11:00:00Z,2026-02-28T11:18:16Z,auth,auth_enUS_labelerexp,at://did:plc:3sn6bogankaicebzdb7liro3/app.bsky.feed.generator/aaaclmwsj24p6,suggested_labelerexp,29,at://did:plc:x4cjfeajz7pqabpyhkl3qan6/app.bsky.feed.post/3mfvyvawbiq2j,bafyreicfzeehoxwhk4h6q67t6x7dgyq7v7moxfy6zonvc7lwuy6wylgwwm,did:plc:x4cjfeajz7pqabpyhkl3qan6,themaxfoundation.org,,
da2d6d8a346749cda98bd51cb6d99a52,2026-02-28T11:00:00Z,2026-02-28T11:18:16Z,auth,auth_enUS_labelerexp,at://did:plc:3sn6bogankaicebzdb7liro3/app.bsky.feed.generator/aaaclmwsj24p6,suggested_labelerexp,30,at://did:plc:4w7jzkpdswrg7tf4azxu3gsc/app.bsky.feed.post/3mfvysls7fu2c,bafyreiewklzvzrapbmbkkgp4l7j243xzev7svvyvnraaqoxuurltdjjtmy,did:plc:4w7jzkpdswrg7tf4azxu3gsc,drtimos.bsky.social,,
da2d6d8a346749cda98bd51cb6d99a52,2026-02-28T11:00:00Z,2026-02-28T11:18:16Z,auth,auth_enUS_labelerexp,at://did:plc:3sn6bogankaicebzdb7liro3/app.bsky.feed.generator/aaaclmwsj24p6,suggested_labelerexp,31,at://did:plc:kmtipdnvorhyhxxybae5k6dp/app.bsky.feed.post/3mfvyp4n4es2c,bafyreihk7akdx3ymciynvx3htopyydzedfc35qciixg6yczx32epq7hqym,did:plc:kmtipdnvorhyhxxybae5k6dp,penguinguynz.bsky.social,,
da2d6d8a346749cda98bd51cb6d99a52,2026-02-28T11:00:00Z,2026-02-28T11:18:16Z,auth,auth_enUS_labelerexp,at://did:plc:3sn6bogankaicebzdb7liro3/app.bsky.feed.generator/aaaclmwsj24p6,suggested_labelerexp,32,at://did:plc:barkzuxsvjlkl6ctfy5jcjre/app.bsky.feed.post/3mfvyjoy73k2p,bafyreidji2eth3spb2v4drgegvpajktzbqpx7uoecnzhdqwzdtl7okwxdu,did:plc:barkzuxsvjlkl6ctfy5jcjre,mikeys-wish.bsky.social,,
da2d6d8a346749cda98bd51cb6d99a52,2026-02-28T11:00:00Z,2026-02-28T11:18:16Z,auth,auth_enUS_labelerexp,at://did:plc:3sn6bogankaicebzdb7liro3/app.bsky.feed.generator/aaaclmwsj24p6,suggested_labelerexp,33,at://did:plc:xw5u35mvc3jf2zl6qd2xzbdc/app.bsky.feed.post/3mfvyhh44kc2w,bafyreihcw2qmoxgs3tdjhlfilyvvsbnhr4nocp7io2izb2vvf237e2lska,did:plc:xw5u35mvc3jf2zl6qd2xzbdc,jclandoni.bsky.social,,
da2d6d8a346749cda98bd51cb6d99a52,2026-02-28T11:00:00Z,2026-02-28T11:18:16Z,auth,auth_enUS_labelerexp,at://did:plc:3sn6bogankaicebzdb7liro3/app.bsky.feed.generator/aaaclmwsj24p6,suggested_labelerexp,34,at://did:plc:kmtipdnvorhyhxxybae5k6dp/app.bsky.feed.post/3mfvyfclqcc2c,bafyreif7yoorsmikg6hdc4fdb264qtilspghpew4r2n5row77tzrxgzfiu,did:plc:kmtipdnvorhyhxxybae5k6dp,penguinguynz.bsky.social,,
da2d6d8a346749cda98bd51cb6d99a52,2026-02-28T11:00:00Z,2026-02-28T11:18:16Z,auth,auth_enUS_labelerexp,at://did:plc:3sn6bogankaicebzdb7liro3/app.bsky.feed.generator/aaaclmwsj24p6,suggested_labelerexp,35,at://did:plc:skvecbeel67a7trygw7blyd5/app.bsky.feed.post/3mfvyblpqr22u,bafyreicubtxex3zvoiyyc3jx6xyhhtysqnt4apwjuzp5dqgdfsdfo4jt3e,did:plc:skvecbeel67a7trygw7blyd5,umc-pv.bsky.social,,
da2d6d8a346749cda98bd51cb6d99a52,2026-02-28T11:00:00Z,2026-02-28T11:18:16Z,auth,auth_enUS_labelerexp,at://did:plc:3sn6bogankaicebzdb7liro3/app.bsky.feed.generator/aaaclmwsj24p6,suggested_labelerexp,36,at://did:plc:4elyn52dy2yavrkqw7j7ngoj/app.bsky.feed.post/3mfvyayqrvs2z,bafyreied5fii7oksrkdl47vwdqjtjyinrpssios6cpxntifjfaltasem5a,did:plc:4elyn52dy2yavrkqw7j7ngoj,eptri.bsky.social,,
da2d6d8a346749cda98bd51cb6d99a52,2026-02-28T11:00:00Z,2026-02-28T11:18:16Z,auth,auth_enUS_labelerexp,at://did:plc:3sn6bogankaicebzdb7liro3/app.bsky.feed.generator/aaaclmwsj24p6,suggested_labelerexp,37,at://did:plc:lhelkluxxexs4behq5cqzl35/app.bsky.feed.post/3mfvy7t6szc2y,bafyreibqifuwrez55aavvj6li5ck4rumiofmiyyo7m5fmn2has3xj55lea,did:plc:lhelkluxxexs4behq5cqzl35,sarettamandis86.bsky.social,,
da2d6d8a346749cda98bd51cb6d99a52,2026-02-28T11:00:00Z,2026-02-28T11:18:16Z,auth,auth_enUS_labelerexp,at://did:plc:3sn6bogankaicebzdb7liro3/app.bsky.feed.generator/aaaclmwsj24p6,suggested_labelerexp,38,at://did:plc:us5z5fnt3tcn5adxbfx7yioy/app.bsky.feed.post/3mfvxy6fzm22e,bafyreict6t2gbxowxtijgpfrzts4ppeau7bdo36vljsjrgwm742ffv354y,did:plc:us5z5fnt3tcn5adxbfx7yioy,sandrograca.bsky.social,,
da2d6d8a346749cda98bd51cb6d99a52,2026-02-28T11:00:00Z,2026-02-28T11:18:16Z,auth,auth_enUS_labelerexp,at://did:plc:3sn6bogankaicebzdb7liro3/app.bsky.feed.generator/aaaclmwsj24p6,suggested_labelerexp,39,at://did:plc:kmtipdnvorhyhxxybae5k6dp/app.bsky.feed.post/3mfvxxy7e6k2c,bafyreibtc32ugyw7sxbs5353cqxtjw62cqwnhpvlruwpvoladfanqgccva,did:plc:kmtipdnvorhyhxxybae5k6dp,penguinguynz.bsky.social,,
da2d6d8a346749cda98bd51cb6d99a52,2026-02-28T11:00:00Z,2026-02-28T11:18:16Z,auth,auth_enUS_labelerexp,at://did:plc:3sn6bogankaicebzdb7liro3/app.bsky.feed.generator/aaaclmwsj24p6,suggested_labelerexp,40,at://did:plc:brjcbnu2sk4yostkyob2sqo4/app.bsky.feed.post/3mfvxvnzais2l,bafyreigpztvvauhnlnbr2bupe5efozseptanqdijztew72b5edpcs2shtu,did:plc:brjcbnu2sk4yostkyob2sqo4,scribblerpen.bsky.social,,
da2d6d8a346749cda98bd51cb6d99a52,2026-02-28T11:00:00Z,2026-02-28T11:18:16Z,auth,auth_enUS_labelerexp,at://did:plc:3sn6bogankaicebzdb7liro3/app.bsky.feed.generator/aaaclmwsj24p6,suggested_labelerexp,41,at://did:plc:tqj2pwl7j52smqyzhkvd23rg/app.bsky.feed.post/3mfvxuk4yec2v,bafyreifvbmmlyxcwlgthgopexnglvufk35xzplsuv6ocjgkvy6pqvyojtq,did:plc:tqj2pwl7j52smqyzhkvd23rg,ansafiak.bsky.social,,
da2d6d8a346749cda98bd51cb6d99a52,2026-02-28T11:00:00Z,2026-02-28T11:18:16Z,auth,auth_enUS_labelerexp,at://did:plc:3sn6bogankaicebzdb7liro3/app.bsky.feed.generator/aaaclmwsj24p6,suggested_labelerexp,42,at://did:plc:kmtipdnvorhyhxxybae5k6dp/app.bsky.feed.post/3mfvxuj6hsc2c,bafyreia76cqwk6vkkg75jk52vbfxszgbsp4m6nyz54nt7ywdlxitehtmlq,did:plc:kmtipdnvorhyhxxybae5k6dp,penguinguynz.bsky.social,,
da2d6d8a346749cda98bd51cb6d99a52,2026-02-28T11:00:00Z,2026-02-28T11:18:16Z,auth,auth_enUS_labelerexp,at://did:plc:3sn6bogankaicebzdb7liro3/app.bsky.feed.generator/aaaclmwsj24p6,suggested_labelerexp,43,at://did:plc:yzuue6jp77ku4llks6oibiko/app.bsky.feed.post/3mfvxu5lzel2f,bafyreibhjoeh7v72uidmzhlnsads2zzac3fy7ubjyacztrvo557yondwmq,did:plc:yzuue6jp77ku4llks6oibiko,cancercoachusa.bsky.social,,
da2d6d8a346749cda98bd51cb6d99a52,2026-02-28T11:00:00Z,2026-02-28T11:18:16Z,auth,auth_enUS_labelerexp,at://did:plc:3sn6bogankaicebzdb7liro3/app.bsky.feed.generator/aaaclmwsj24p6,suggested_labelerexp,44,at://did:plc:rxvh5rpje65gtdszmdqjqmoi/app.bsky.feed.post/3mfvxtygd6325,bafyreid7dfg2hjeex7kde3awwqbbjcspvy6i2pbekn5mo3vbr3isstf6xu,did:plc:rxvh5rpje65gtdszmdqjqmoi,retinauk.bsky.social,,
da2d6d8a346749cda98bd51cb6d99a52,2026-02-28T11:00:00Z,2026-02-28T11:18:16Z,auth,auth_enUS_labelerexp,at://did:plc:3sn6bogankaicebzdb7liro3/app.bsky.feed.generator/aaaclmwsj24p6,suggested_labelerexp,45,at://did:plc:mun55dpkrrqc5lepielnmcgr/app.bsky.feed.post/3mfvxskaebh2c,bafyreietrnm4hthoes57vjpgtg33oksatoumtxya4y3csbjahs25jntsry,did:plc:mun55dpkrrqc5lepielnmcgr,britishlivertrust.bsky.social,,
da2d6d8a346749cda98bd51cb6d99a52,2026-02-28T11:00:00Z,2026-02-28T11:18:16Z,auth,auth_enUS_labelerexp,at://did:plc:3sn6bogankaicebzdb7liro3/app.bsky.feed.generator/aaaclmwsj24p6,suggested_labelerexp,46,at://did:plc:pgboocg42a4jmcwiyhjjjicr/app.bsky.feed.post/3mfvxrhohk62w,bafyreibacokj34ccpybjj4vkcjn2f3qq6psm352up4ep5vkgaln4qpuywu,did:plc:pgboocg42a4jmcwiyhjjjicr,phu-library.bsky.social,,
da2d6d8a346749cda98bd51cb6d99a52,2026-02-28T11:00:00Z,2026-02-28T11:18:16Z,auth,auth_enUS_labelerexp,at://did:plc:3sn6bogankaicebzdb7liro3/app.bsky.feed.generator/aaaclmwsj24p6,suggested_labelerexp,47,at://did:plc:ptw3zcuihgjqgibkiua4hprl/app.bsky.feed.post/3mfvxr6gscn25,bafyreiai5clcvskh53yhybdcttdikwqc7md6tfmi4zzvu4tvyfwpgxsyyu,did:plc:ptw3zcuihgjqgibkiua4hprl,dm1steinert.bsky.social,,
da2d6d8a346749cda98bd51cb6d99a52,2026-02-28T11:00:00Z,2026-02-28T11:18:16Z,auth,auth_enUS_labelerexp,at://did:plc:3sn6bogankaicebzdb7liro3/app.bsky.feed.generator/aaaclmwsj24p6,suggested_labelerexp,48,at://did:plc:ias7v6bqm4flcup2nggpb5it/app.bsky.feed.post/3mfvxqu3jvk2e,bafyreiehrclzct4gmdmh6eofit2qxuay5ki77hfvhveenuptes4ftskgfe,did:plc:ias7v6bqm4flcup2nggpb5it,alex-tlc.bsky.social,,
da2d6d8a346749cda98bd51cb6d99a52,2026-02-28T11:00:00Z,2026-02-28T11:18:16Z,auth,auth_enUS_labelerexp,at://did:plc:3sn6bogankaicebzdb7liro3/app.bsky.feed.generator/aaaclmwsj24p6,suggested_labelerexp,49,at://did:plc:oyyjqjqw6f5qfijh7bqkbk7g/app.bsky.feed.post/3mfvxq7yzrh2s,bafyreiarmc7oo6c6kuw7h43df4jklm7dgvxunoyt76ph2v43fdlln3vvxq,did:plc:oyyjqjqw6f5qfijh7bqkbk7g,efna.net,,
da2d6d8a346749cda98bd51cb6d99a52,2026-02-28T11:00:00Z,2026-02-28T11:18:16Z,auth,auth_enUS_labelerexp,at://did:plc:3sn6bogankaicebzdb7liro3/app.bsky.feed.generator/aaaclmwsj24p6,suggested_labelerexp,50,at://did:plc:zbtq3dzygdu6apbw7bkjdqab/app.bsky.feed.post/3mfvxq5mbzt2g,bafyreicsnpzbxxbperz2dhhcjygfch7dileopv6uwj4rm573qzihnoqbki,did:plc:zbtq3dzygdu6apbw7bkjdqab,chcharityuk.bsky.social,,
da2d6d8a346749cda98bd51cb6d99a52,2026-02-28T11:00:00Z,2026-02-28T11:18:18Z,auth,auth_enUS_labelerexp,at://did:plc:6brknehpd7ecbvd56ko6mhlm/app.bsky.feed.generator/aaaby3zazwhrq,suggested_labelerexp,1,at://did:plc:rv6q367suvhlxlwfjebo7qub/app.bsky.feed.post/3mfw3hxyst22g,bafyreifhvgf5hwmbrkrwu5xj7rhgitoj6ldxj4r5r5i5gu27hsij6634um,did:plc:rv6q367suvhlxlwfjebo7qub,ideasroadshow.bsky.social,,
da2d6d8a346749cda98bd51cb6d99a52,2026-02-28T11:00:00Z,2026-02-28T11:18:18Z,auth,auth_enUS_labelerexp,at://did:plc:6brknehpd7ecbvd56ko6mhlm/app.bsky.feed.generator/aaaby3zazwhrq,suggested_labelerexp,2,at://did:plc:rv6q367suvhlxlwfjebo7qub/app.bsky.feed.post/3mfvuvpflvs2n,bafyreidgfqzaowxuvx6nhfnvvrl2nujt4ynocgdevpa5y4ahzdwambme4u,did:plc:rv6q367suvhlxlwfjebo7qub,ideasroadshow.bsky.social,,
da2d6d8a346749cda98bd51cb6d99a52,2026-02-28T11:00:00Z,2026-02-28T11:18:18Z,auth,auth_enUS_labelerexp,at://did:plc:6brknehpd7ecbvd56ko6mhlm/app.bsky.feed.generator/aaaby3zazwhrq,suggested_labelerexp,3,at://did:plc:oemiulhunxbmnbtjn2xlngqf/app.bsky.feed.post/3mfvucze4ik2l,bafyreiai3s6swxthlci2nebglpicv2rajnzlcalj6jbnlxvhxhdgw3g4x4,did:plc:oemiulhunxbmnbtjn2xlngqf,thismanyyearsago.bsky.social,,
da2d6d8a346749cda98bd51cb6d99a52,2026-02-28T11:00:00Z,2026-02-28T11:18:18Z,auth,auth_enUS_labelerexp,at://did:plc:6brknehpd7ecbvd56ko6mhlm/app.bsky.feed.generator/aaaby3zazwhrq,suggested_labelerexp,4,at://did:plc:zuaodd62jmzplb2jjxtqxvja/app.bsky.feed.post/3mfvrsx4e622p,bafyreigztydio3ltku5zzqv7ycj4vchprb6j5ygljjq2ikrhlvoupkz6pi,did:plc:zuaodd62jmzplb2jjxtqxvja,adrian53.bsky.social,,
da2d6d8a346749cda98bd51cb6d99a52,2026-02-28T11:00:00Z,2026-02-28T11:18:18Z,auth,auth_enUS_labelerexp,at://did:plc:6brknehpd7ecbvd56ko6mhlm/app.bsky.feed.generator/aaaby3zazwhrq,suggested_labelerexp,5,at://did:plc:g4mxwt3xlp33aw2xjdzehcqs/app.bsky.feed.post/3mfv7yfidl22m,bafyreica4n7n4jm7uccka6sbcyoxjvk3mr5tjudjfybr2i33c6fdztx24i,did:plc:g4mxwt3xlp33aw2xjdzehcqs,drmendozan.bsky.social,,
da2d6d8a346749cda98bd51cb6d99a52,2026-02-28T11:00:00Z,2026-02-28T11:18:18Z,auth,auth_enUS_labelerexp,at://did:plc:6brknehpd7ecbvd56ko6mhlm/app.bsky.feed.generator/aaaby3zazwhrq,suggested_labelerexp,6,at://did:plc:atqha7cmdeptuv7wjgwlvdbn/app.bsky.feed.post/3mfv2cgt4mz2v,bafyreifei2abb2ikzyjkhg2f6ep4lae2ocqdoxujjn7lscrxlktw5gpfve,did:plc:atqha7cmdeptuv7wjgwlvdbn,citizenwald.bsky.social,,
da2d6d8a346749cda98bd51cb6d99a52,2026-02-28T11:00:00Z,2026-02-28T11:18:18Z,auth,auth_enUS_labelerexp,at://did:plc:6brknehpd7ecbvd56ko6mhlm/app.bsky.feed.generator/aaaby3zazwhrq,suggested_labelerexp,7,at://did:plc:ieon4w5flxb7ibiyh4inkfmv/app.bsky.feed.post/3mfuvlvm5c22g,bafyreidefdyewfxukii2e2rkxwcy4kehkwcajxo67jjavbvu4h7cevakcm,did:plc:ieon4w5flxb7ibiyh4inkfmv,americanstudier.bsky.social,,
da2d6d8a346749cda98bd51cb6d99a52,2026-02-28T11:00:00Z,2026-02-28T11:18:18Z,auth,auth_enUS_labelerexp,at://did:plc:6brknehpd7ecbvd56ko6mhlm/app.bsky.feed.generator/aaaby3zazwhrq,suggested_labelerexp,8,at://did:plc:ae3qpxry2ajwd4gyazvdjqnv/app.bsky.feed.post/3mfuunnq6qs2b,bafyreidmawj5c4ea3ast2zmltjki7l3m7ufexpucl5hq3gm4qxth77ejbq,did:plc:ae3qpxry2ajwd4gyazvdjqnv,timgalsworthy.bsky.social,,
da2d6d8a346749cda98bd51cb6d99a52,2026-02-28T11:00:00Z,2026-02-28T11:18:18Z,auth,auth_enUS_labelerexp,at://did:plc:6brknehpd7ecbvd56ko6mhlm/app.bsky.feed.generator/aaaby3zazwhrq,suggested_labelerexp,9,at://did:plc:23jbx3mbesh2ghfcecaxsk6p/app.bsky.feed.post/3mfuu7h6nps2r,bafyreiabditvnoeixhfreb5qm4zanlil3abi6qm6dem7hbfa3uh5p2h4r4,did:plc:23jbx3mbesh2ghfcecaxsk6p,juliarosekraut.bsky.social,,
da2d6d8a346749cda98bd51cb6d99a52,2026-02-28T11:00:00Z,2026-02-28T11:18:18Z,auth,auth_enUS_labelerexp,at://did:plc:6brknehpd7ecbvd56ko6mhlm/app.bsky.feed.generator/aaaby3zazwhrq,suggested_labelerexp,10,at://did:plc:3su2agky7a67ufheiundm5oi/app.bsky.feed.post/3mfurtcxbjk2f,bafyreieesjzknm4sxomkvycrzl3jb343dsizncamls6hqls5oyhcmdgqey,did:plc:3su2agky7a67ufheiundm5oi,laprofmme.bsky.social,,
da2d6d8a346749cda98bd51cb6d99a52,2026-02-28T11:00:00Z,2026-02-28T11:18:18Z,auth,auth_enUS_labelerexp,at://did:plc:6brknehpd7ecbvd56ko6mhlm/app.bsky.feed.generator/aaaby3zazwhrq,suggested_labelerexp,11,at://did:plc:rpabq6526qkmrlm72g7ustbk/app.bsky.feed.post/3mfuod5g7v22a,bafyreic5gjzwkasaetvgr3236ri6soxendlt2s5dlr3jorogw4jbw5yaxy,did:plc:rpabq6526qkmrlm72g7ustbk,drdan.bsky.social,,
da2d6d8a346749cda98bd51cb6d99a52,2026-02-28T11:00:00Z,2026-02-28T11:18:18Z,auth,auth_enUS_labelerexp,at://did:plc:6brknehpd7ecbvd56ko6mhlm/app.bsky.feed.generator/aaaby3zazwhrq,suggested_labelerexp,12,at://did:plc:iqfqn3i7po3cvfadyo5i5wow/app.bsky.feed.post/3mfukvxskx22c,bafyreih6lbqsdenldlydtg2pbhhr47ew3ygbb4q743foyfsfpyqgpgip5q,did:plc:iqfqn3i7po3cvfadyo5i5wow,erhochman.bsky.social,,
da2d6d8a346749cda98bd51cb6d99a52,2026-02-28T11:00:00Z,2026-02-28T11:18:18Z,auth,auth_enUS_labelerexp,at://did:plc:6brknehpd7ecbvd56ko6mhlm/app.bsky.feed.generator/aaaby3zazwhrq,suggested_labelerexp,13,at://did:plc:jpwjr4xgi7s2umtpmtqstze7/app.bsky.feed.post/3mfuktaaezk2c,bafyreick4felzr5xneqx7ux7zra6b5kbhpmw35h62qeivtsrpclb3ddojm,did:plc:jpwjr4xgi7s2umtpmtqstze7,renfro.bsky.social,,
da2d6d8a346749cda98bd51cb6d99a52,2026-02-28T11:00:00Z,2026-02-28T11:18:18Z,auth,auth_enUS_labelerexp,at://did:plc:6brknehpd7ecbvd56ko6mhlm/app.bsky.feed.generator/aaaby3zazwhrq,suggested_labelerexp,14,at://did:plc:vx4pq4gbzatswfl4tu7tcwgq/app.bsky.feed.post/3mfuk5z6kzi2p,bafyreif3mcy5budpkfjtu3unavcijgscoukjvpzb4a6edjz6gfwpltuxae,did:plc:vx4pq4gbzatswfl4tu7tcwgq,hpsvanessa.bsky.social,,
da2d6d8a346749cda98bd51cb6d99a52,2026-02-28T11:00:00Z,2026-02-28T11:18:18Z,auth,auth_enUS_labelerexp,at://did:plc:6brknehpd7ecbvd56ko6mhlm/app.bsky.feed.generator/aaaby3zazwhrq,suggested_labelerexp,15,at://did:plc:2twe2d52fx5uhmmjt7e7qgag/app.bsky.feed.post/3mfuecn63lk2d,bafyreihd7hcycmq5lwm4jl43cgwgybxidgrnw4gprm3qogb4jq7ltyiv4u,did:plc:2twe2d52fx5uhmmjt7e7qgag,historians.org,,
da2d6d8a346749cda98bd51cb6d99a52,2026-02-28T11:00:00Z,2026-02-28T11:18:18Z,auth,auth_enUS_labelerexp,at://did:plc:6brknehpd7ecbvd56ko6mhlm/app.bsky.feed.generator/aaaby3zazwhrq,suggested_labelerexp,16,at://did:plc:ispc6wthfvub4hxo3p2i6xnv/app.bsky.feed.post/3mfubsbpctc23,bafyreifm3xnq6wy6sdfflff6ejsz75k2hwwbiezj72z7doeapd3m7l5cwq,did:plc:ispc6wthfvub4hxo3p2i6xnv,mattjord.bsky.social,,
da2d6d8a346749cda98bd51cb6d99a52,2026-02-28T11:00:00Z,2026-02-28T11:18:18Z,auth,auth_enUS_labelerexp,at://did:plc:6brknehpd7ecbvd56ko6mhlm/app.bsky.feed.generator/aaaby3zazwhrq,suggested_labelerexp,17,at://did:plc:dmoess6jgti7b3khcl4dafsz/app.bsky.feed.post/3mfuazafnms2a,bafyreigoj7fdgwdwnwsdscpeigw2j5c63grl7buxrexkspoua7vfvlgem4,did:plc:dmoess6jgti7b3khcl4dafsz,brendandavey.bsky.social,,
da2d6d8a346749cda98bd51cb6d99a52,2026-02-28T11:00:00Z,2026-02-28T11:18:18Z,auth,auth_enUS_labelerexp,at://did:plc:6brknehpd7ecbvd56ko6mhlm/app.bsky.feed.generator/aaaby3zazwhrq,suggested_labelerexp,18,at://did:plc:umuc4aiv7f6uglzv5hatamdl/app.bsky.feed.post/3mfua5fl4nc2t,bafyreibtdio4ngaxdiwandrmzab7v5lqis423vtki22hq4liowuewxhixm,did:plc:umuc4aiv7f6uglzv5hatamdl,joshrgreenberg.bsky.social,,
da2d6d8a346749cda98bd51cb6d99a52,2026-02-28T11:00:00Z,2026-02-28T11:18:18Z,auth,auth_enUS_labelerexp,at://did:plc:6brknehpd7ecbvd56ko6mhlm/app.bsky.feed.generator/aaaby3zazwhrq,suggested_labelerexp,19,at://did:plc:2twe2d52fx5uhmmjt7e7qgag/app.bsky.feed.post/3mfu75fd3n22d,bafyreichkiljs2fh2p2gqopcpqbrbv2x427e553ynnnqnoi6igum7vomnm,did:plc:2twe2d52fx5uhmmjt7e7qgag,historians.org,,
da2d6d8a346749cda98bd51cb6d99a52,2026-02-28T11:00:00Z,2026-02-28T11:18:18Z,auth,auth_enUS_labelerexp,at://did:plc:6brknehpd7ecbvd56ko6mhlm/app.bsky.feed.generator/aaaby3zazwhrq,suggested_labelerexp,20,at://did:plc:uusctyv7c5sfuk3c23ju3b4z/app.bsky.feed.post/3mfu3xx43pc2z,bafyreigm46fdanowhdwrybnaubqq3owkm4ggef23xbfqe4tkshrzk5q4ba,did:plc:uusctyv7c5sfuk3c23ju3b4z,kjeanveau.bsky.social,,
da2d6d8a346749cda98bd51cb6d99a52,2026-02-28T11:00:00Z,2026-02-28T11:18:18Z,auth,auth_enUS_labelerexp,at://did:plc:6brknehpd7ecbvd56ko6mhlm/app.bsky.feed.generator/aaaby3zazwhrq,suggested_labelerexp,21,at://did:plc:jrrqurpmzlz3ei62r54ctukt/app.bsky.feed.post/3mftyxbe3pc2g,bafyreifotcxa3astjzlex3teq2zc6fr56bgf222kvpemqzuue5uehqzgim,did:plc:jrrqurpmzlz3ei62r54ctukt,historygirl.bsky.social,,
da2d6d8a346749cda98bd51cb6d99a52,2026-02-28T11:00:00Z,2026-02-28T11:18:18Z,auth,auth_enUS_labelerexp,at://did:plc:6brknehpd7ecbvd56ko6mhlm/app.bsky.feed.generator/aaaby3zazwhrq,suggested_labelerexp,22,at://did:plc:vtulckfwhlh3ndn4iqfcg3an/app.bsky.feed.post/3mftyoqxrtc2j,bafyreicqmj6fuyrqgetnfzn6oc43wyiqvlvvjwmnvadljqaxsboda4eeoa,did:plc:vtulckfwhlh3ndn4iqfcg3an,greenleejw.bsky.social,,
da2d6d8a346749cda98bd51cb6d99a52,2026-02-28T11:00:00Z,2026-02-28T11:18:18Z,auth,auth_enUS_labelerexp,at://did:plc:6brknehpd7ecbvd56ko6mhlm/app.bsky.feed.generator/aaaby3zazwhrq,suggested_labelerexp,23,at://did:plc:o76kylij4cqjmpd23t36dcml/app.bsky.feed.post/3mftxvfto4s2p,bafyreici2pnl4vm4inx4qvcm7o3go3nzeziasa5iejraum535mi5hna3oe,did:plc:o76kylij4cqjmpd23t36dcml,footnotesinhistory.bsky.social,,
da2d6d8a346749cda98bd51cb6d99a52,2026-02-28T11:00:00Z,2026-02-28T11:18:18Z,auth,auth_enUS_labelerexp,at://did:plc:6brknehpd7ecbvd56ko6mhlm/app.bsky.feed.generator/aaaby3zazwhrq,suggested_labelerexp,24,at://did:plc:ftj2bmay74kldpsbikim2lnu/app.bsky.feed.post/3mftxpuwvls2o,bafyreie3leuglsirixdpmtrrbz5jpzg3edvt2grjd754ln3r75ak4ll4qy,did:plc:ftj2bmay74kldpsbikim2lnu,buddhasinthewest.bsky.social,,
da2d6d8a346749cda98bd51cb6d99a52,2026-02-28T11:00:00Z,2026-02-28T11:18:18Z,auth,auth_enUS_labelerexp,at://did:plc:6brknehpd7ecbvd56ko6mhlm/app.bsky.feed.generator/aaaby3zazwhrq,suggested_labelerexp,25,at://did:plc:7uy4i5hwsvkdkjowll6kgusl/app.bsky.feed.post/3mftqh5slf22j,bafyreibsuz6svgftbvgabd6b223ayzovnlmvav3k2yeaglqtafzmk4dg5u,did:plc:7uy4i5hwsvkdkjowll6kgusl,davidrotenstein.bsky.social,,
da2d6d8a346749cda98bd51cb6d99a52,2026-02-28T11:00:00Z,2026-02-28T11:18:18Z,auth,auth_enUS_labelerexp,at://did:plc:6brknehpd7ecbvd56ko6mhlm/app.bsky.feed.generator/aaaby3zazwhrq,suggested_labelerexp,26,at://did:plc:2umg3sdy6nm3fhmztfd3haka/app.bsky.feed.post/3mftgyqhfw22a,bafyreienpxuc5gg6o7i4gkkjvba2ibp3ufyxcknmntelcagbdc27wixau4,did:plc:2umg3sdy6nm3fhmztfd3haka,sarahfoxhistory.bsky.social,,
da2d6d8a346749cda98bd51cb6d99a52,2026-02-28T11:00:00Z,2026-02-28T11:18:18Z,auth,auth_enUS_labelerexp,at://did:plc:6brknehpd7ecbvd56ko6mhlm/app.bsky.feed.generator/aaaby3zazwhrq,suggested_labelerexp,27,at://did:plc:vsmnpcql52mzmvkodyqunumu/app.bsky.feed.post/3mftgge64qc2y,bafyreid5re4qrjtrlbakq5t5r6q7j5ce7sscsprubobyripjboufwmgpf4,did:plc:vsmnpcql52mzmvkodyqunumu,clivehenry.bsky.social,,
da2d6d8a346749cda98bd51cb6d99a52,2026-02-28T11:00:00Z,2026-02-28T11:18:18Z,auth,auth_enUS_labelerexp,at://did:plc:6brknehpd7ecbvd56ko6mhlm/app.bsky.feed.generator/aaaby3zazwhrq,suggested_labelerexp,28,at://did:plc:oemiulhunxbmnbtjn2xlngqf/app.bsky.feed.post/3mftdqdccb226,bafyreidslltqzm2x2nlhtcpuslnxacmp57rfuyd6ngyay6gdezms4okaei,did:plc:oemiulhunxbmnbtjn2xlngqf,thismanyyearsago.bsky.social,,
da2d6d8a346749cda98bd51cb6d99a52,2026-02-28T11:00:00Z,2026-02-28T11:18:18Z,auth,auth_enUS_labelerexp,at://did:plc:6brknehpd7ecbvd56ko6mhlm/app.bsky.feed.generator/aaaby3zazwhrq,suggested_labelerexp,29,at://did:plc:vx4pq4gbzatswfl4tu7tcwgq/app.bsky.feed.post/3mftbiftjoe2s,bafyreih4ine5qi6v47d7f2xvqtndb5xppogufss5t3xgpvwbui4utdsgjy,did:plc:vx4pq4gbzatswfl4tu7tcwgq,hpsvanessa.bsky.social,,
da2d6d8a346749cda98bd51cb6d99a52,2026-02-28T11:00:00Z,2026-02-28T11:18:18Z,auth,auth_enUS_labelerexp,at://did:plc:6brknehpd7ecbvd56ko6mhlm/app.bsky.feed.generator/aaaby3zazwhrq,suggested_labelerexp,30,at://did:plc:oikg2nwoa3cahdm3ez72ffxt/app.bsky.feed.post/3mfsz56edz224,bafyreih5vt55jhchno3clfj4fwk72kwf6zox33pyg6av63v3xfbgi3i5iy,did:plc:oikg2nwoa3cahdm3ez72ffxt,brionyneilson.bsky.social,,
da2d6d8a346749cda98bd51cb6d99a52,2026-02-28T11:00:00Z,2026-02-28T11:18:18Z,auth,auth_enUS_labelerexp,at://did:plc:6brknehpd7ecbvd56ko6mhlm/app.bsky.feed.generator/aaaby3zazwhrq,suggested_labelerexp,31,at://did:plc:oikg2nwoa3cahdm3ez72ffxt/app.bsky.feed.post/3mfsxgug5pk2y,bafyreibwsf7aqvl7i2mve7ulukbpnybnkeael4l5kw7cdfwz67vj2lktsm,did:plc:oikg2nwoa3cahdm3ez72ffxt,brionyneilson.bsky.social,,
da2d6d8a346749cda98bd51cb6d99a52,2026-02-28T11:00:00Z,2026-02-28T11:18:18Z,auth,auth_enUS_labelerexp,at://did:plc:6brknehpd7ecbvd56ko6mhlm/app.bsky.feed.generator/aaaby3zazwhrq,suggested_labelerexp,32,at://did:plc:dkg4cl3wzq7lmwrnuxe6n2cy/app.bsky.feed.post/3mfsjea52mk2t,bafyreihpp45swsyfxjc3fg2w4tlafmo6tphslsanb7lmklfinqt7ua6lau,did:plc:dkg4cl3wzq7lmwrnuxe6n2cy,cmcknichols.bsky.social,,
da2d6d8a346749cda98bd51cb6d99a52,2026-02-28T11:00:00Z,2026-02-28T11:18:18Z,auth,auth_enUS_labelerexp,at://did:plc:6brknehpd7ecbvd56ko6mhlm/app.bsky.feed.generator/aaaby3zazwhrq,suggested_labelerexp,33,at://did:plc:ieon4w5flxb7ibiyh4inkfmv/app.bsky.feed.post/3mfsgk4qkt22c,bafyreiaurz5ayypb35myskiqluyj7lpvyndhs4qmwapcphmnhidtsqbe4y,did:plc:ieon4w5flxb7ibiyh4inkfmv,americanstudier.bsky.social,,
da2d6d8a346749cda98bd51cb6d99a52,2026-02-28T11:00:00Z,2026-02-28T11:18:18Z,auth,auth_enUS_labelerexp,at://did:plc:6brknehpd7ecbvd56ko6mhlm/app.bsky.feed.generator/aaaby3zazwhrq,suggested_labelerexp,34,at://did:plc:rpabq6526qkmrlm72g7ustbk/app.bsky.feed.post/3mfscsicfms27,bafyreihagzmko7zafdjx4kazlt52v76jqlnlljiankm3s337gs5lbptt4i,did:plc:rpabq6526qkmrlm72g7ustbk,drdan.bsky.social,,
da2d6d8a346749cda98bd51cb6d99a52,2026-02-28T11:00:00Z,2026-02-28T11:18:18Z,auth,auth_enUS_labelerexp,at://did:plc:6brknehpd7ecbvd56ko6mhlm/app.bsky.feed.generator/aaaby3zazwhrq,suggested_labelerexp,35,at://did:plc:23jbx3mbesh2ghfcecaxsk6p/app.bsky.feed.post/3mfs7apx3x225,bafyreibgrkungpm3tpdyfcoyew66oynylbfj2ddpxpcztj7yw7rcua44hi,did:plc:23jbx3mbesh2ghfcecaxsk6p,juliarosekraut.bsky.social,,
da2d6d8a346749cda98bd51cb6d99a52,2026-02-28T11:00:00Z,2026-02-28T11:18:18Z,auth,auth_enUS_labelerexp,at://did:plc:6brknehpd7ecbvd56ko6mhlm/app.bsky.feed.generator/aaaby3zazwhrq,suggested_labelerexp,36,at://did:plc:hv2zuifcbx5xblr3xbzoeqco/app.bsky.feed.post/3mfs67cuknc25,bafyreiccrg4imgf55iwdqlzrup6dsund72272fahyfkqm7ayavsf26tm4u,did:plc:hv2zuifcbx5xblr3xbzoeqco,profjennyshaw.bsky.social,,
da2d6d8a346749cda98bd51cb6d99a52,2026-02-28T11:00:00Z,2026-02-28T11:18:18Z,auth,auth_enUS_labelerexp,at://did:plc:6brknehpd7ecbvd56ko6mhlm/app.bsky.feed.generator/aaaby3zazwhrq,suggested_labelerexp,37,at://did:plc:bkc6qlrvshrtlh6pq2pbjeus/app.bsky.feed.post/3mfs63uc46c2u,bafyreiccdl7dug3mbt7eedxbk6s2rw5realojdqcnhx35p7t3mebper22u,did:plc:bkc6qlrvshrtlh6pq2pbjeus,iamshaeo.bsky.social,,
da2d6d8a346749cda98bd51cb6d99a52,2026-02-28T11:00:00Z,2026-02-28T11:18:18Z,auth,auth_enUS_labelerexp,at://did:plc:6brknehpd7ecbvd56ko6mhlm/app.bsky.feed.generator/aaaby3zazwhrq,suggested_labelerexp,38,at://did:plc:ieon4w5flxb7ibiyh4inkfmv/app.bsky.feed.post/3mfs5pvent22y,bafyreiat3s64fss3wjokxtnukjcqoa252uogrcwhbj7x3uc5vy7tkdaxj4,did:plc:ieon4w5flxb7ibiyh4inkfmv,americanstudier.bsky.social,,
da2d6d8a346749cda98bd51cb6d99a52,2026-02-28T11:00:00Z,2026-02-28T11:18:18Z,auth,auth_enUS_labelerexp,at://did:plc:6brknehpd7ecbvd56ko6mhlm/app.bsky.feed.generator/aaaby3zazwhrq,suggested_labelerexp,39,at://did:plc:xkqbrq7fpbaaqxivrk33eoq4/app.bsky.feed.post/3mfrygpbol22j,bafyreigg2v37j4cll2z5pkdk7u4jvyivv32cijbuj6wiltah4zqwc6ofsm,did:plc:xkqbrq7fpbaaqxivrk33eoq4,chriskempshall.bsky.social,,
da2d6d8a346749cda98bd51cb6d99a52,2026-02-28T11:00:00Z,2026-02-28T11:18:18Z,auth,auth_enUS_labelerexp,at://did:plc:6brknehpd7ecbvd56ko6mhlm/app.bsky.feed.generator/aaaby3zazwhrq,suggested_labelerexp,40,at://did:plc:vtulckfwhlh3ndn4iqfcg3an/app.bsky.feed.post/3mfrxn4odls2w,bafyreihufjzqdlyuqnvq76oiwo4loa3bn744ipetihu2vsbpn33p6knb6q,did:plc:vtulckfwhlh3ndn4iqfcg3an,greenleejw.bsky.social,,
da2d6d8a346749cda98bd51cb6d99a52,2026-02-28T11:00:00Z,2026-02-28T11:18:18Z,auth,auth_enUS_labelerexp,at://did:plc:6brknehpd7ecbvd56ko6mhlm/app.bsky.feed.generator/aaaby3zazwhrq,suggested_labelerexp,41,at://did:plc:jpwjr4xgi7s2umtpmtqstze7/app.bsky.feed.post/3mfrwqkzfks2k,bafyreiak6s7taajzkv7hbztdsaaghj5beip22kjvjd2u6t226iycommzvu,did:plc:jpwjr4xgi7s2umtpmtqstze7,renfro.bsky.social,,
da2d6d8a346749cda98bd51cb6d99a52,2026-02-28T11:00:00Z,2026-02-28T11:18:18Z,auth,auth_enUS_labelerexp,at://did:plc:6brknehpd7ecbvd56ko6mhlm/app.bsky.feed.generator/aaaby3zazwhrq,suggested_labelerexp,42,at://did:plc:2twe2d52fx5uhmmjt7e7qgag/app.bsky.feed.post/3mfru5q6sfc2d,bafyreibejeqriiyc2pplqzh3czaffh6lbzatjtgecwwnaffcue4tyngkli,did:plc:2twe2d52fx5uhmmjt7e7qgag,historians.org,,
da2d6d8a346749cda98bd51cb6d99a52,2026-02-28T11:00:00Z,2026-02-28T11:18:18Z,auth,auth_enUS_labelerexp,at://did:plc:6brknehpd7ecbvd56ko6mhlm/app.bsky.feed.generator/aaaby3zazwhrq,suggested_labelerexp,43,at://did:plc:umuc4aiv7f6uglzv5hatamdl/app.bsky.feed.post/3mfrs5aj5cs2t,bafyreiasxqxae66csudnmgkm3uh5a7pophbyhl7qr63h4l3tsivdotzfa4,did:plc:umuc4aiv7f6uglzv5hatamdl,joshrgreenberg.bsky.social,,
da2d6d8a346749cda98bd51cb6d99a52,2026-02-28T11:00:00Z,2026-02-28T11:18:18Z,auth,auth_enUS_labelerexp,at://did:plc:6brknehpd7ecbvd56ko6mhlm/app.bsky.feed.generator/aaaby3zazwhrq,suggested_labelerexp,44,at://did:plc:xup2w7csci6khenh7lkfjrnh/app.bsky.feed.post/3mfrpxdmk7k2y,bafyreih556hcbjeqvgfo5n26suwcaqeumkufq3clfzly6yld44girclige,did:plc:xup2w7csci6khenh7lkfjrnh,dirtysexyhistory.bsky.social,,
da2d6d8a346749cda98bd51cb6d99a52,2026-02-28T11:00:00Z,2026-02-28T11:18:18Z,auth,auth_enUS_labelerexp,at://did:plc:6brknehpd7ecbvd56ko6mhlm/app.bsky.feed.generator/aaaby3zazwhrq,suggested_labelerexp,45,at://did:plc:jpkqsgqyhueronwlqdhxawuu/app.bsky.feed.post/3mfrosuzv5s24,bafyreiees53gltybhszvlqrlu4bqbwovqqyjvqmmmbvv3jbsvi4oa427b4,did:plc:jpkqsgqyhueronwlqdhxawuu,avielroshwald.bsky.social,,
da2d6d8a346749cda98bd51cb6d99a52,2026-02-28T11:00:00Z,2026-02-28T11:18:18Z,auth,auth_enUS_labelerexp,at://did:plc:6brknehpd7ecbvd56ko6mhlm/app.bsky.feed.generator/aaaby3zazwhrq,suggested_labelerexp,46,at://did:plc:4dcmxujamxfshgfy7hhonjxl/app.bsky.feed.post/3mfrnczagks2u,bafyreib3zwcpy3kgzifx457iuebvqsv3s7qm4m226ong5armaz36qv4nuy,did:plc:4dcmxujamxfshgfy7hhonjxl,askhistorians.bsky.social,,
da2d6d8a346749cda98bd51cb6d99a52,2026-02-28T11:00:00Z,2026-02-28T11:18:18Z,auth,auth_enUS_labelerexp,at://did:plc:6brknehpd7ecbvd56ko6mhlm/app.bsky.feed.generator/aaaby3zazwhrq,suggested_labelerexp,47,at://did:plc:bzk4chfltc6am47efnu7hr3x/app.bsky.feed.post/3mfrmcg3bcc2l,bafyreie6usrgmicls4ynrgwq6xuv363r22j6qnpgvzf4iwxp53e7grqixi,did:plc:bzk4chfltc6am47efnu7hr3x,qiaoj.bsky.social,,
da2d6d8a346749cda98bd51cb6d99a52,2026-02-28T11:00:00Z,2026-02-28T11:18:18Z,auth,auth_enUS_labelerexp,at://did:plc:6brknehpd7ecbvd56ko6mhlm/app.bsky.feed.generator/aaaby3zazwhrq,suggested_labelerexp,48,at://did:plc:vx4pq4gbzatswfl4tu7tcwgq/app.bsky.feed.post/3mfrlwjicqc2u,bafyreib2ac3pxajrxwqj2hfnmkdvgs5a46rqbfhb5uonpxn7ntnvwiyhw4,did:plc:vx4pq4gbzatswfl4tu7tcwgq,hpsvanessa.bsky.social,,
da2d6d8a346749cda98bd51cb6d99a52,2026-02-28T11:00:00Z,2026-02-28T11:18:18Z,auth,auth_enUS_labelerexp,at://did:plc:6brknehpd7ecbvd56ko6mhlm/app.bsky.feed.generator/aaaby3zazwhrq,suggested_labelerexp,49,at://did:plc:yaparqzfaouqf3ht6xlxfrot/app.bsky.feed.post/3mfrl4n4ldq2g,bafyreia65kmvmmp3qnkxjkktr57gr4adxjy2lfw2hr3ljoozw6epjksyz4,did:plc:yaparqzfaouqf3ht6xlxfrot,pdtoler.bsky.social,,
da2d6d8a346749cda98bd51cb6d99a52,2026-02-28T11:00:00Z,2026-02-28T11:18:18Z,auth,auth_enUS_labelerexp,at://did:plc:6brknehpd7ecbvd56ko6mhlm/app.bsky.feed.generator/aaaby3zazwhrq,suggested_labelerexp,50,at://did:plc:ae3qpxry2ajwd4gyazvdjqnv/app.bsky.feed.post/3mfrktp2xnk2f,bafyreiey3v3tlddrizknw6h75mp7nvh5ossnz7yb5amt2h6yuxhow3rrqa,did:plc:ae3qpxry2ajwd4gyazvdjqnv,timgalsworthy.bsky.social,,
da2d6d8a346749cda98bd51cb6d99a52,2026-02-28T11:00:00Z,2026-02-28T11:18:19Z,auth,auth_enUS_labelerexp,at://did:plc:7opjnfmb6gtbgjrsr3777ujx/app.bsky.feed.generator/aaagz4bmp5o3c,suggested_labelerexp,1,at://did:plc:w73j55jqehnui4t4mzxlmtmr/app.bsky.feed.post/3mfw3yrmw322e,bafyreihvuqjizpdctlnsi4noqa73m4zdnyfmrs4o6uiknuomsnwjkx2uzy,did:plc:w73j55jqehnui4t4mzxlmtmr,khoirulfhmii.com,,
da2d6d8a346749cda98bd51cb6d99a52,2026-02-28T11:00:00Z,2026-02-28T11:18:19Z,auth,auth_enUS_labelerexp,at://did:plc:7opjnfmb6gtbgjrsr3777ujx/app.bsky.feed.generator/aaagz4bmp5o3c,suggested_labelerexp,2,at://did:plc:v33rdr7hkoysjien3wnaw2kg/app.bsky.feed.post/3mfw34rat3442,bafyreihjuwz5gabvo5cyclrmvt6fjxpviizfewxa237inhccz7xkgsm4t4,did:plc:v33rdr7hkoysjien3wnaw2kg,7adi.mastodon.social.ap.brid.gy,,
da2d6d8a346749cda98bd51cb6d99a52,2026-02-28T11:00:00Z,2026-02-28T11:18:19Z,auth,auth_enUS_labelerexp,at://did:plc:7opjnfmb6gtbgjrsr3777ujx/app.bsky.feed.generator/aaagz4bmp5o3c,suggested_labelerexp,3,at://did:plc:idykkqn6fcwjv5webhjslbts/app.bsky.feed.post/3mfw2wilc6s2f,bafyreifqj5pbrt2okjbb25viglezlmksutskqi7vc5wrvepkmcp45fnbbq,did:plc:idykkqn6fcwjv5webhjslbts,4ouharuu.bsky.social,,
da2d6d8a346749cda98bd51cb6d99a52,2026-02-28T11:00:00Z,2026-02-28T11:18:19Z,auth,auth_enUS_labelerexp,at://did:plc:7opjnfmb6gtbgjrsr3777ujx/app.bsky.feed.generator/aaagz4bmp5o3c,suggested_labelerexp,4,at://did:plc:brho4bpgjp6cwihsqyz5pnwj/app.bsky.feed.post/3mfw2ja6q2s2j,bafyreid3gz7jft3dmgiuso6a4zfvrh6qavuu6kljghojgwr5tkrviyrqva,did:plc:brho4bpgjp6cwihsqyz5pnwj,jmeee.bsky.social,,
da2d6d8a346749cda98bd51cb6d99a52,2026-02-28T11:00:00Z,2026-02-28T11:18:19Z,auth,auth_enUS_labelerexp,at://did:plc:7opjnfmb6gtbgjrsr3777ujx/app.bsky.feed.generator/aaagz4bmp5o3c,suggested_labelerexp,5,at://did:plc:yr5coii7qrxfals27ukhejwh/app.bsky.feed.post/3mfvzbuuaa52k,bafyreifhgf63rwotnaeziavxkgnv6strdpcoazezsqz55z4mncffkfxcyy,did:plc:yr5coii7qrxfals27ukhejwh,infogempa.bsky.social,,
da2d6d8a346749cda98bd51cb6d99a52,2026-02-28T11:00:00Z,2026-02-28T11:18:19Z,auth,auth_enUS_labelerexp,at://did:plc:7opjnfmb6gtbgjrsr3777ujx/app.bsky.feed.generator/aaagz4bmp5o3c,suggested_labelerexp,6,at://did:plc:bvwpqd4mggk6wnsyx3gnknsd/app.bsky.feed.post/3mfvyxfi2mk2h,bafyreiezockhvqixoxypxfuh677muiasqgs6ezg5qqxcboxgmxebnjanpa,did:plc:bvwpqd4mggk6wnsyx3gnknsd,stuckhomedraws.bsky.social,,
da2d6d8a346749cda98bd51cb6d99a52,2026-02-28T11:00:00Z,2026-02-28T11:18:19Z,auth,auth_enUS_labelerexp,at://did:plc:7opjnfmb6gtbgjrsr3777ujx/app.bsky.feed.generator/aaagz4bmp5o3c,suggested_labelerexp,7,at://did:plc:jrph6n53dgmumncgb747m5vr/app.bsky.feed.post/3mfvyvf3pxc2z,bafyreift7wue3f666ilp7tswyb7qdolvlz6bnqq4xpnlg6trzhlq7uqxni,did:plc:jrph6n53dgmumncgb747m5vr,thelandia.bsky.social,,
da2d6d8a346749cda98bd51cb6d99a52,2026-02-28T11:00:00Z,2026-02-28T11:18:19Z,auth,auth_enUS_labelerexp,at://did:plc:7opjnfmb6gtbgjrsr3777ujx/app.bsky.feed.generator/aaagz4bmp5o3c,suggested_labelerexp,8,at://did:plc:mct4lzrfmdgsj24s4kzsnmu7/app.bsky.feed.post/3mfvxtgvtys2t,bafyreidos6bhdlltfx5ld5xgt6zzq7u4bfuczu2xo7y5k4v474rjuaevry,did:plc:mct4lzrfmdgsj24s4kzsnmu7,takoyakisquid.bsky.social,,
da2d6d8a346749cda98bd51cb6d99a52,2026-02-28T11:00:00Z,2026-02-28T11:18:19Z,auth,auth_enUS_labelerexp,at://did:plc:7opjnfmb6gtbgjrsr3777ujx/app.bsky.feed.generator/aaagz4bmp5o3c,suggested_labelerexp,9,at://did:plc:wfj3wul5sgg3o75wnrlrnlsi/app.bsky.feed.post/3mfvxqx6qb22b,bafyreicdfcmon76a32yelcklei4mkh5jrl2hie3sahr64krgtzs62wkkxe,did:plc:wfj3wul5sgg3o75wnrlrnlsi,zeewording.bsky.social,,
da2d6d8a346749cda98bd51cb6d99a52,2026-02-28T11:00:00Z,2026-02-28T11:18:19Z,auth,auth_enUS_labelerexp,at://did:plc:7opjnfmb6gtbgjrsr3777ujx/app.bsky.feed.generator/aaagz4bmp5o3c,suggested_labelerexp,10,at://did:plc:6k6uwkzp7tm432lr5t7d26jz/app.bsky.feed.post/3mfvwy3guj22z,bafyreif74r2hplmjxppeplbyvrshyjxc6nbw3gia57qmwvx275lfe4gzpm,did:plc:6k6uwkzp7tm432lr5t7d26jz,shy-za.bsky.social,,
da2d6d8a346749cda98bd51cb6d99a52,2026-02-28T11:00:00Z,2026-02-28T11:18:19Z,auth,auth_enUS_labelerexp,at://did:plc:7opjnfmb6gtbgjrsr3777ujx/app.bsky.feed.generator/aaagz4bmp5o3c,suggested_labelerexp,11,at://did:plc:fmcwertxu3a7i2edc4i347o3/app.bsky.feed.post/3mfvwg2csxs2s,bafyreia3aajqgsiqguyf3lbny4mbnx24aageb672pqaeadnaeekxjjvc7i,did:plc:fmcwertxu3a7i2edc4i347o3,zaklnh.bsky.social,,
da2d6d8a346749cda98bd51cb6d99a52,2026-02-28T11:00:00Z,2026-02-28T11:18:19Z,auth,auth_enUS_labelerexp,at://did:plc:7opjnfmb6gtbgjrsr3777ujx/app.bsky.feed.generator/aaagz4bmp5o3c,suggested_labelerexp,12,at://did:plc:e6bwm67so46yqphervouo6ui/app.bsky.feed.post/3mfvwdnztnc2f,bafyreifknmj5g3xkni5uzbkijghx52jcverv6vccmhdoixaiatdiqsnqry,did:plc:e6bwm67so46yqphervouo6ui,yamine.co,,
da2d6d8a346749cda98bd51cb6d99a52,2026-02-28T11:00:00Z,2026-02-28T11:18:19Z,auth,auth_enUS_labelerexp,at://did:plc:7opjnfmb6gtbgjrsr3777ujx/app.bsky.feed.generator/aaagz4bmp5o3c,suggested_labelerexp,13,at://did:plc:tg6plzqgu7xmpkcs4rslr2h4/app.bsky.feed.post/3mfvw6wuolc2d,bafyreihp3tvdyz6ajh6iqfzubiuyl26xyv6zzdwzcmzyfdlxnssra7fsji,did:plc:tg6plzqgu7xmpkcs4rslr2h4,arifgum.researchers.blue,,
da2d6d8a346749cda98bd51cb6d99a52,2026-02-28T11:00:00Z,2026-02-28T11:18:19Z,auth,auth_enUS_labelerexp,at://did:plc:7opjnfmb6gtbgjrsr3777ujx/app.bsky.feed.generator/aaagz4bmp5o3c,suggested_labelerexp,14,at://did:plc:qwm574tbwokllugklkmkjvba/app.bsky.feed.post/3mfvw4ymor52p,bafyreicr6pyknjzzwxmdpz4skvrgyhdqekzn2sah3y4sfrctxcl4wraubi,did:plc:qwm574tbwokllugklkmkjvba,kulineria.bluesky.bot,,
da2d6d8a346749cda98bd51cb6d99a52,2026-02-28T11:00:00Z,2026-02-28T11:18:19Z,auth,auth_enUS_labelerexp,at://did:plc:7opjnfmb6gtbgjrsr3777ujx/app.bsky.feed.generator/aaagz4bmp5o3c,suggested_labelerexp,15,at://did:plc:a5wvj2dcgjtrxxekh3ogxs6c/app.bsky.feed.post/3mfvvrge3622m,bafyreids6oughy22jmcdlrodnuznmp6mzmgauns2mvi7o4q535zfg7bky4,did:plc:a5wvj2dcgjtrxxekh3ogxs6c,malayanmongoloid.bsky.social,,
da2d6d8a346749cda98bd51cb6d99a52,2026-02-28T11:00:00Z,2026-02-28T11:18:19Z,auth,auth_enUS_labelerexp,at://did:plc:7opjnfmb6gtbgjrsr3777ujx/app.bsky.feed.generator/aaagz4bmp5o3c,suggested_labelerexp,16,at://did:plc:no6qyertct6sjnofrhhssjnn/app.bsky.feed.post/3mfvvhawyg22h,bafyreiac36fwacu4rd7ctwywix267dnhx3emqbfwg2ipitdfzn7mynwxgu,did:plc:no6qyertct6sjnofrhhssjnn,arielheryanto.com,,
da2d6d8a346749cda98bd51cb6d99a52,2026-02-28T11:00:00Z,2026-02-28T11:18:19Z,auth,auth_enUS_labelerexp,at://did:plc:7opjnfmb6gtbgjrsr3777ujx/app.bsky.feed.generator/aaagz4bmp5o3c,suggested_labelerexp,17,at://did:plc:yr5coii7qrxfals27ukhejwh/app.bsky.feed.post/3mfvvepkufu2t,bafyreifolxzns724p22cicpo7fvbvzo4qathjifthcdtqknvsnh2mrrj2a,did:plc:yr5coii7qrxfals27ukhejwh,infogempa.bsky.social,,
da2d6d8a346749cda98bd51cb6d99a52,2026-02-28T11:00:00Z,2026-02-28T11:18:19Z,auth,auth_enUS_labelerexp,at://did:plc:7opjnfmb6gtbgjrsr3777ujx/app.bsky.feed.generator/aaagz4bmp5o3c,suggested_labelerexp,18,at://did:plc:m434leiypokehk4x2dyo2htw/app.bsky.feed.post/3mfvv7yjam22n,bafyreibuil5qhnd6c5wz5oy2tpzwf3hvtryc7su6fb65r4owg26s7l5eoi,did:plc:m434leiypokehk4x2dyo2htw,om9.bsky.social,,
da2d6d8a346749cda98bd51cb6d99a52,2026-02-28T11:00:00Z,2026-02-28T11:18:19Z,auth,auth_enUS_labelerexp,at://did:plc:7opjnfmb6gtbgjrsr3777ujx/app.bsky.feed.generator/aaagz4bmp5o3c,suggested_labelerexp,19,at://did:plc:tt5xu3fsb45u42yoq5qzfns7/app.bsky.feed.post/3mfvv6cnek227,bafyreid6vz757v5fksphlwyudp3nenvp4n7bp44idymhybdox6kebig7lq,did:plc:tt5xu3fsb45u42yoq5qzfns7,syafiqinsomnia.bsky.social,,
da2d6d8a346749cda98bd51cb6d99a52,2026-02-28T11:00:00Z,2026-02-28T11:18:19Z,auth,auth_enUS_labelerexp,at://did:plc:7opjnfmb6gtbgjrsr3777ujx/app.bsky.feed.generator/aaagz4bmp5o3c,suggested_labelerexp,20,at://did:plc:retcqod3ot6bt4mywfyf6os5/app.bsky.feed.post/3mfvv5ltyme2g,bafyreic7rf74rgwzypzp4ejzwqkit3edgnodko4le3je5ukgrp6x7e52ci,did:plc:retcqod3ot6bt4mywfyf6os5,kompas.id,,
da2d6d8a346749cda98bd51cb6d99a52,2026-02-28T11:00:00Z,2026-02-28T11:18:19Z,auth,auth_enUS_labelerexp,at://did:plc:7opjnfmb6gtbgjrsr3777ujx/app.bsky.feed.generator/aaagz4bmp5o3c,suggested_labelerexp,21,at://did:plc:xw5dimjqeehhqbq4vmjoc6eq/app.bsky.feed.post/3mfvuuhidtk23,bafyreig33va253ufa6o7qiqrsru5nadv5b24dg45sj5ucf47opell5cypa,did:plc:xw5dimjqeehhqbq4vmjoc6eq,alokhamil.bsky.social,,
da2d6d8a346749cda98bd51cb6d99a52,2026-02-28T11:00:00Z,2026-02-28T11:18:19Z,auth,auth_enUS_labelerexp,at://did:plc:7opjnfmb6gtbgjrsr3777ujx/app.bsky.feed.generator/aaagz4bmp5o3c,suggested_labelerexp,22,at://did:plc:hd7vyhbsy74jvgiaohbdcfus/app.bsky.feed.post/3mfvucqtls22i,bafyreig2suldnh5co4oakoqd677wh7eom4ylzjplyk54oldznhohzfetdi,did:plc:hd7vyhbsy74jvgiaohbdcfus,sotokuning.bsky.social,,
da2d6d8a346749cda98bd51cb6d99a52,2026-02-28T11:00:00Z,2026-02-28T11:18:19Z,auth,auth_enUS_labelerexp,at://did:plc:7opjnfmb6gtbgjrsr3777ujx/app.bsky.feed.generator/aaagz4bmp5o3c,suggested_labelerexp,23,at://did:plc:6kolyhlwhq2nvtxevdarkugy/app.bsky.feed.post/3mfvu7yznt22x,bafyreidurq5rx3ffok5u7ehax5hbisoqgrlteim2c6ggwcfiitkqrmx73y,did:plc:6kolyhlwhq2nvtxevdarkugy,yukifurosuto.bsky.social,,
da2d6d8a346749cda98bd51cb6d99a52,2026-02-28T11:00:00Z,2026-02-28T11:18:19Z,auth,auth_enUS_labelerexp,at://did:plc:7opjnfmb6gtbgjrsr3777ujx/app.bsky.feed.generator/aaagz4bmp5o3c,suggested_labelerexp,24,at://did:plc:hulegx7uainxpulv5w4lpcmx/app.bsky.feed.post/3mfvu5j3iik2s,bafyreidpgy6c7uk3mvrcfkrrfcl6umihqafwtq3sjg2t2autyb6useqzjm,did:plc:hulegx7uainxpulv5w4lpcmx,otaku-anime.bsky.social,,
da2d6d8a346749cda98bd51cb6d99a52,2026-02-28T11:00:00Z,2026-02-28T11:18:19Z,auth,auth_enUS_labelerexp,at://did:plc:7opjnfmb6gtbgjrsr3777ujx/app.bsky.feed.generator/aaagz4bmp5o3c,suggested_labelerexp,25,at://did:plc:esfls3hywe32vr2pyyuh7qwi/app.bsky.feed.post/3mfvu2whbb22s,bafyreig4asogwrcmu473ddnkdcbrx2rt4cimadag2wvzsaweuhlorg3ybu,did:plc:esfls3hywe32vr2pyyuh7qwi,candyscotton.bsky.social,,
da2d6d8a346749cda98bd51cb6d99a52,2026-02-28T11:00:00Z,2026-02-28T11:18:19Z,auth,auth_enUS_labelerexp,at://did:plc:7opjnfmb6gtbgjrsr3777ujx/app.bsky.feed.generator/aaagz4bmp5o3c,suggested_labelerexp,26,at://did:plc:tg6plzqgu7xmpkcs4rslr2h4/app.bsky.feed.post/3mfvtwwxijk2d,bafyreih4fux5auxm5ep4n5npbm4oov5lftzyskn3sqbodpko5moajs7ysm,did:plc:tg6plzqgu7xmpkcs4rslr2h4,arifgum.researchers.blue,,
da2d6d8a346749cda98bd51cb6d99a52,2026-02-28T11:00:00Z,2026-02-28T11:18:19Z,auth,auth_enUS_labelerexp,at://did:plc:7opjnfmb6gtbgjrsr3777ujx/app.bsky.feed.generator/aaagz4bmp5o3c,suggested_labelerexp,27,at://did:plc:2xidmok6f7dfsfxvzwfg7up2/app.bsky.feed.post/3mfvtuat4gc2e,bafyreihtcbc4ppek6ksie6uyh24rzh64bpzmoome4m3pswpz2kddvsu6oi,did:plc:2xidmok6f7dfsfxvzwfg7up2,dzhye.bsky.social,,
da2d6d8a346749cda98bd51cb6d99a52,2026-02-28T11:00:00Z,2026-02-28T11:18:19Z,auth,auth_enUS_labelerexp,at://did:plc:7opjnfmb6gtbgjrsr3777ujx/app.bsky.feed.generator/aaagz4bmp5o3c,suggested_labelerexp,28,at://did:plc:pmwzdwic7rrkb5ylh7lpcxvd/app.bsky.feed.post/3mfvtlprlyf2z,bafyreiaaps2cwqzv5swsdrp7cpboebmnudy2dql7dmu3tp2iwszvpdkk5u,did:plc:pmwzdwic7rrkb5ylh7lpcxvd,didik.id,,
da2d6d8a346749cda98bd51cb6d99a52,2026-02-28T11:00:00Z,2026-02-28T11:18:19Z,auth,auth_enUS_labelerexp,at://did:plc:7opjnfmb6gtbgjrsr3777ujx/app.bsky.feed.generator/aaagz4bmp5o3c,suggested_labelerexp,29,at://did:plc:2dqs6w4tf6v2xqai6bgsdscs/app.bsky.feed.post/3mfvtit2z6c2u,bafyreigjde3rw5x2c7wqqwseiolzdsq4tyzf7egowapjujrcy3p3vbywbq,did:plc:2dqs6w4tf6v2xqai6bgsdscs,migratingcroissant.bsky.social,,
da2d6d8a346749cda98bd51cb6d99a52,2026-02-28T11:00:00Z,2026-02-28T11:18:19Z,auth,auth_enUS_labelerexp,at://did:plc:7opjnfmb6gtbgjrsr3777ujx/app.bsky.feed.generator/aaagz4bmp5o3c,suggested_labelerexp,30,at://did:plc:tg6plzqgu7xmpkcs4rslr2h4/app.bsky.feed.post/3mfvtep75222d,bafyreifzxutzdo6ixc6alazxncz5tw4hbqfbp4shadohfdadwszusezohq,did:plc:tg6plzqgu7xmpkcs4rslr2h4,arifgum.researchers.blue,,
da2d6d8a346749cda98bd51cb6d99a52,2026-02-28T11:00:00Z,2026-02-28T11:18:19Z,auth,auth_enUS_labelerexp,at://did:plc:7opjnfmb6gtbgjrsr3777ujx/app.bsky.feed.generator/aaagz4bmp5o3c,suggested_labelerexp,31,at://did:plc:no6qyertct6sjnofrhhssjnn/app.bsky.feed.post/3mfvtcms7xs2w,bafyreihvax3qhml5mtc6hxjwfj673i54engxnichmqmz2izfaqlcvjlvr4,did:plc:no6qyertct6sjnofrhhssjnn,arielheryanto.com,,
da2d6d8a346749cda98bd51cb6d99a52,2026-02-28T11:00:00Z,2026-02-28T11:18:19Z,auth,auth_enUS_labelerexp,at://did:plc:7opjnfmb6gtbgjrsr3777ujx/app.bsky.feed.generator/aaagz4bmp5o3c,suggested_labelerexp,32,at://did:plc:vmevhputmjs2fmstj2yzf26i/app.bsky.feed.post/3mfvtbmop4c2f,bafyreihdabc3zni7ywsrgqu44puqdq5jlhupi7mou64m6j4oksi2doddxu,did:plc:vmevhputmjs2fmstj2yzf26i,decloudvox.bsky.social,,
da2d6d8a346749cda98bd51cb6d99a52,2026-02-28T11:00:00Z,2026-02-28T11:18:19Z,auth,auth_enUS_labelerexp,at://did:plc:7opjnfmb6gtbgjrsr3777ujx/app.bsky.feed.generator/aaagz4bmp5o3c,suggested_labelerexp,33,at://did:plc:qfd5rgrsr2qedvw2oedjy5k5/app.bsky.feed.post/3mfvt53lg5k2r,bafyreia6kdeigp2xbt66p2zsd7boe2afqtvcprn2kiffxy6hg4ydbpdsbu,did:plc:qfd5rgrsr2qedvw2oedjy5k5,oriiyaa.bsky.social,,
da2d6d8a346749cda98bd51cb6d99a52,2026-02-28T11:00:00Z,2026-02-28T11:18:19Z,auth,auth_enUS_labelerexp,at://did:plc:7opjnfmb6gtbgjrsr3777ujx/app.bsky.feed.generator/aaagz4bmp5o3c,suggested_labelerexp,34,at://did:plc:w6zue44aizuz3zrnwmsbw2ug/app.bsky.feed.post/3mfvrvknp222o,bafyreieydaaxa7utdvyukiihu7wa4cg2zpexnkzfz532qqikxqcpza6u2a,did:plc:w6zue44aizuz3zrnwmsbw2ug,hnedri.bsky.social,,
da2d6d8a346749cda98bd51cb6d99a52,2026-02-28T11:00:00Z,2026-02-28T11:18:19Z,auth,auth_enUS_labelerexp,at://did:plc:7opjnfmb6gtbgjrsr3777ujx/app.bsky.feed.generator/aaagz4bmp5o3c,suggested_labelerexp,35,at://did:plc:6j57jdjx6jdjly3jh43pod2q/app.bsky.feed.post/3mfvrdjobws2j,bafyreicxrqefljtovomc42uu75nzstnh36x5otqk72aypn7ccseh2abzky,did:plc:6j57jdjx6jdjly3jh43pod2q,cutiepiesieupi.bsky.social,,
da2d6d8a346749cda98bd51cb6d99a52,2026-02-28T11:00:00Z,2026-02-28T11:18:19Z,auth,auth_enUS_labelerexp,at://did:plc:7opjnfmb6gtbgjrsr3777ujx/app.bsky.feed.generator/aaagz4bmp5o3c,suggested_labelerexp,36,at://did:plc:6j57jdjx6jdjly3jh43pod2q/app.bsky.feed.post/3mfvrd2ydu22j,bafyreih4334lzwowh6tcl7paavpmzipu5qlb4ce4b25zvprxo62tbvs3pu,did:plc:6j57jdjx6jdjly3jh43pod2q,cutiepiesieupi.bsky.social,,
da2d6d8a346749cda98bd51cb6d99a52,2026-02-28T11:00:00Z,2026-02-28T11:18:19Z,auth,auth_enUS_labelerexp,at://did:plc:7opjnfmb6gtbgjrsr3777ujx/app.bsky.feed.generator/aaagz4bmp5o3c,suggested_labelerexp,37,at://did:plc:7opjnfmb6gtbgjrsr3777ujx/app.bsky.feed.post/3mbomnhzfzk2w,bafyreidsr2wk73is33kv2uktgb3uir4mkwbopzpofoknlja4zhb3wwbmoe,did:plc:7opjnfmb6gtbgjrsr3777ujx,oops.wtf,,
da2d6d8a346749cda98bd51cb6d99a52,2026-02-28T11:00:00Z,2026-02-28T11:18:19Z,auth,auth_enUS_labelerexp,at://did:plc:7opjnfmb6gtbgjrsr3777ujx/app.bsky.feed.generator/aaagz4bmp5o3c,suggested_labelerexp,38,at://did:plc:6j57jdjx6jdjly3jh43pod2q/app.bsky.feed.post/3mfvrcqugmk2j,bafyreidpbqis34pp2yuqhejp3p3flvqkihq7qxqy7nsvigm36qjofcw5zm,did:plc:6j57jdjx6jdjly3jh43pod2q,cutiepiesieupi.bsky.social,,
da2d6d8a346749cda98bd51cb6d99a52,2026-02-28T11:00:00Z,2026-02-28T11:18:19Z,auth,auth_enUS_labelerexp,at://did:plc:7opjnfmb6gtbgjrsr3777ujx/app.bsky.feed.generator/aaagz4bmp5o3c,suggested_labelerexp,39,at://did:plc:m2b5dwu3yti5cccsxan5fs3a/app.bsky.feed.post/3mfvrcbrw762r,bafyreih7qfubsbhvw5gcrfjru55wu76mh2zqu6f54z6nlvcp232aqsnare,did:plc:m2b5dwu3yti5cccsxan5fs3a,halobcabisnis.bsky.social,,
da2d6d8a346749cda98bd51cb6d99a52,2026-02-28T11:00:00Z,2026-02-28T11:18:19Z,auth,auth_enUS_labelerexp,at://did:plc:7opjnfmb6gtbgjrsr3777ujx/app.bsky.feed.generator/aaagz4bmp5o3c,suggested_labelerexp,40,at://did:plc:3kukbbx4olo6vxeet5w2mzx7/app.bsky.feed.post/3mfvqzsqhfs2h,bafyreiecbdj5f6y4cbp65lwlkc5pjloamnrbpkmfpji7alo4ezqapc2gg4,did:plc:3kukbbx4olo6vxeet5w2mzx7,verymuach.bsky.social,,
da2d6d8a346749cda98bd51cb6d99a52,2026-02-28T11:00:00Z,2026-02-28T11:18:19Z,auth,auth_enUS_labelerexp,at://did:plc:7opjnfmb6gtbgjrsr3777ujx/app.bsky.feed.generator/aaagz4bmp5o3c,suggested_labelerexp,41,at://did:plc:hulegx7uainxpulv5w4lpcmx/app.bsky.feed.post/3mfvqif6f4k2s,bafyreidhh4zu5wnzpjdr4sy44ivozkvzddvpcn2raykops4tycakfhhce4,did:plc:hulegx7uainxpulv5w4lpcmx,otaku-anime.bsky.social,,
da2d6d8a346749cda98bd51cb6d99a52,2026-02-28T11:00:00Z,2026-02-28T11:18:19Z,auth,auth_enUS_labelerexp,at://did:plc:7opjnfmb6gtbgjrsr3777ujx/app.bsky.feed.generator/aaagz4bmp5o3c,suggested_labelerexp,42,at://did:plc:rlrosb3xvfiylgnm3goyvzib/app.bsky.feed.post/3mfvqf4ddyjq2,bafyreieu4sdvg4qqawn5hmwlkmwhmorw5hecq4yz2a32x2byc5qatrz4pe,did:plc:rlrosb3xvfiylgnm3goyvzib,nawanp.fe.disroot.org.ap.brid.gy,,
da2d6d8a346749cda98bd51cb6d99a52,2026-02-28T11:00:00Z,2026-02-28T11:18:19Z,auth,auth_enUS_labelerexp,at://did:plc:7opjnfmb6gtbgjrsr3777ujx/app.bsky.feed.generator/aaagz4bmp5o3c,suggested_labelerexp,43,at://did:plc:677or7q26tjbf76djbbihzqj/app.bsky.feed.post/3mfvptqe3i22b,bafyreibphgv62pnddhfojyqwh7jmsdpow4v6gx3c75meoiwqfz3vj3lyze,did:plc:677or7q26tjbf76djbbihzqj,crymson98.bsky.social,,
da2d6d8a346749cda98bd51cb6d99a52,2026-02-28T11:00:00Z,2026-02-28T11:18:19Z,auth,auth_enUS_labelerexp,at://did:plc:7opjnfmb6gtbgjrsr3777ujx/app.bsky.feed.generator/aaagz4bmp5o3c,suggested_labelerexp,44,at://did:plc:yr5coii7qrxfals27ukhejwh/app.bsky.feed.post/3mfvp4iu5ls2k,bafyreieiyeickuzwae3wjkgkqdv7lrqxym76xtj52q2uxk7bokzxzaqkfa,did:plc:yr5coii7qrxfals27ukhejwh,infogempa.bsky.social,,
da2d6d8a346749cda98bd51cb6d99a52,2026-02-28T11:00:00Z,2026-02-28T11:18:19Z,auth,auth_enUS_labelerexp,at://did:plc:7opjnfmb6gtbgjrsr3777ujx/app.bsky.feed.generator/aaagz4bmp5o3c,suggested_labelerexp,45,at://did:plc:oerqmoazlrpzdrn75fjllhpx/app.bsky.feed.post/3mfvp2iz5pc24,bafyreiadysmqdjtuuok5ezduwnhikhtovyem64avgyqok23ily77ho6qq4,did:plc:oerqmoazlrpzdrn75fjllhpx,blueranko.bsky.social,,
da2d6d8a346749cda98bd51cb6d99a52,2026-02-28T11:00:00Z,2026-02-28T11:18:19Z,auth,auth_enUS_labelerexp,at://did:plc:7opjnfmb6gtbgjrsr3777ujx/app.bsky.feed.generator/aaagz4bmp5o3c,suggested_labelerexp,46,at://did:plc:nlpuhfxio2pa7low76q6do5b/app.bsky.feed.post/3mfvot6dsus2r,bafyreierke2jli4clguln66jjjjm2idvetf43erlentlcxh5tzxaxefghi,did:plc:nlpuhfxio2pa7low76q6do5b,artherra-anael.shy.cat,,
da2d6d8a346749cda98bd51cb6d99a52,2026-02-28T11:00:00Z,2026-02-28T11:18:19Z,auth,auth_enUS_labelerexp,at://did:plc:7opjnfmb6gtbgjrsr3777ujx/app.bsky.feed.generator/aaagz4bmp5o3c,suggested_labelerexp,47,at://did:plc:yr5coii7qrxfals27ukhejwh/app.bsky.feed.post/3mfvogzuqsk2y,bafyreibg3exjcuzsmgp2fvps6fulv5bwc66sgzrk4dwxf5bj5uwovvdujm,did:plc:yr5coii7qrxfals27ukhejwh,infogempa.bsky.social,,
da2d6d8a346749cda98bd51cb6d99a52,2026-02-28T11:00:00Z,2026-02-28T11:18:19Z,auth,auth_enUS_labelerexp,at://did:plc:7opjnfmb6gtbgjrsr3777ujx/app.bsky.feed.generator/aaagz4bmp5o3c,suggested_labelerexp,48,at://did:plc:yr5coii7qrxfals27ukhejwh/app.bsky.feed.post/3mfvngu5jrn25,bafyreiadwuqp5x4zwwtoat2rzvf3jyndpr4u42pevqtjklbiinlo5rn3s4,did:plc:yr5coii7qrxfals27ukhejwh,infogempa.bsky.social,,
da2d6d8a346749cda98bd51cb6d99a52,2026-02-28T11:00:00Z,2026-02-28T11:18:19Z,auth,auth_enUS_labelerexp,at://did:plc:7opjnfmb6gtbgjrsr3777ujx/app.bsky.feed.generator/aaagz4bmp5o3c,suggested_labelerexp,49,at://did:plc:ur22kjtl55bvzpcbua2ch5xr/app.bsky.feed.post/3mfvndkd6722j,bafyreichv2up4xmyzeqjig5dxqit6lp7wbo52j5mmerip3xqxx6spcbd5u,did:plc:ur22kjtl55bvzpcbua2ch5xr,treslebew.bsky.social,,
da2d6d8a346749cda98bd51cb6d99a52,2026-02-28T11:00:00Z,2026-02-28T11:18:19Z,auth,auth_enUS_labelerexp,at://did:plc:7opjnfmb6gtbgjrsr3777ujx/app.bsky.feed.generator/aaagz4bmp5o3c,suggested_labelerexp,50,at://did:plc:il6av24vrgx5p52llmsebysv/app.bsky.feed.post/3mfvn4hgyys2v,bafyreidarq4chsanc4o2dtz5z35bnlfyws7qpanllzbvidluq2qkh3joje,did:plc:il6av24vrgx5p52llmsebysv,floweryy.bsky.social,,
da2d6d8a346749cda98bd51cb6d99a52,2026-02-28T11:00:00Z,2026-02-28T11:18:22Z,auth,auth_enUS_labelerexp,at://did:plc:ffkgesg3jsv2j7aagkzrtcvt/app.bsky.feed.generator/aaacjerk7gwek,suggested_labelerexp,1,at://did:plc:ffkgesg3jsv2j7aagkzrtcvt/app.bsky.feed.post/3lbg7mqja6s26,bafyreigdu2rpgjybtf33q7ora3xnbsyrrzldhovpraoybrsa2fxeykeoim,did:plc:ffkgesg3jsv2j7aagkzrtcvt,daryllmarie.bsky.social,,
da2d6d8a346749cda98bd51cb6d99a52,2026-02-28T11:00:00Z,2026-02-28T11:18:22Z,auth,auth_enUS_labelerexp,at://did:plc:ffkgesg3jsv2j7aagkzrtcvt/app.bsky.feed.generator/aaacjerk7gwek,suggested_labelerexp,2,at://did:plc:p2ln2a3a5ev7spx7zc5c2bmn/app.bsky.feed.post/3mfvxpwmo3x2a,bafyreidvcvpmdlkekxd7rnk6txrlikgpgfyx4jbhf6mzagcuctsgri72nq,did:plc:p2ln2a3a5ev7spx7zc5c2bmn,blauwtipje.bsky.social,,
da2d6d8a346749cda98bd51cb6d99a52,2026-02-28T11:00:00Z,2026-02-28T11:18:22Z,auth,auth_enUS_labelerexp,at://did:plc:ffkgesg3jsv2j7aagkzrtcvt/app.bsky.feed.generator/aaacjerk7gwek,suggested_labelerexp,3,at://did:plc:azfdsivt6dx5yuknpr5bzjrp/app.bsky.feed.post/3mfvlzg5zls2v,bafyreicuyhs6o4sdszj5bpubz3covf7isxsbplbyddpsnbd7kzhkp33rki,did:plc:azfdsivt6dx5yuknpr5bzjrp,menestune.bsky.social,,
da2d6d8a346749cda98bd51cb6d99a52,2026-02-28T11:00:00Z,2026-02-28T11:18:22Z,auth,auth_enUS_labelerexp,at://did:plc:ffkgesg3jsv2j7aagkzrtcvt/app.bsky.feed.generator/aaacjerk7gwek,suggested_labelerexp,4,at://did:plc:36h6ttx2g23zqr4accilbvo7/app.bsky.feed.post/3mfvhleuxi22t,bafyreicfcpyh4tchaeop6r6d64bsq5pqjk5hondsnsezrshwkaqg3sn7dm,did:plc:36h6ttx2g23zqr4accilbvo7,lucidillusions.in,,
da2d6d8a346749cda98bd51cb6d99a52,2026-02-28T11:00:00Z,2026-02-28T11:18:22Z,auth,auth_enUS_labelerexp,at://did:plc:ffkgesg3jsv2j7aagkzrtcvt/app.bsky.feed.generator/aaacjerk7gwek,suggested_labelerexp,5,at://did:plc:mavdoxle737brhy24qj2xo2j/app.bsky.feed.post/3mfvckqxvu22f,bafyreie5jw2gmcei3i4alafmo63nuwyikxegihdzwgixjmhtjdy3qjwjpq,did:plc:mavdoxle737brhy24qj2xo2j,kakanikatija.bsky.social,,
da2d6d8a346749cda98bd51cb6d99a52,2026-02-28T11:00:00Z,2026-02-28T11:18:22Z,auth,auth_enUS_labelerexp,at://did:plc:ffkgesg3jsv2j7aagkzrtcvt/app.bsky.feed.generator/aaacjerk7gwek,suggested_labelerexp,6,at://did:plc:k2ojas5zzclc2gewlrcgwv7y/app.bsky.feed.post/3mfv4v4sr342q,bafyreiedtdrg25szlvqteiotbqafh6x25ng6nhb7lmkeezwno4r5kmfxhy,did:plc:k2ojas5zzclc2gewlrcgwv7y,terumbudivers.com,,
da2d6d8a346749cda98bd51cb6d99a52,2026-02-28T11:00:00Z,2026-02-28T11:18:22Z,auth,auth_enUS_labelerexp,at://did:plc:ffkgesg3jsv2j7aagkzrtcvt/app.bsky.feed.generator/aaacjerk7gwek,suggested_labelerexp,7,at://did:plc:3zan7eovx6mm3ieu2tco2zqg/app.bsky.feed.post/3mfuy2r5pkc2y,bafyreiaki4xykbitliix3qngmd6ky2byuqndor5zpja4agdbyq2qxclq7i,did:plc:3zan7eovx6mm3ieu2tco2zqg,ellaonearth.bsky.social,,
da2d6d8a346749cda98bd51cb6d99a52,2026-02-28T11:00:00Z,2026-02-28T11:18:22Z,auth,auth_enUS_labelerexp,at://did:plc:ffkgesg3jsv2j7aagkzrtcvt/app.bsky.feed.generator/aaacjerk7gwek,suggested_labelerexp,8,at://did:plc:36mxxuosy6yzegffe4mohgxr/app.bsky.feed.post/3mfuulftkn22u,bafyreiekmuy7vtetzhitwnqesjaaj3ni3byku7tno5nyqcm3rpgj6gxbyy,did:plc:36mxxuosy6yzegffe4mohgxr,joeymaier.bsky.social,,
da2d6d8a346749cda98bd51cb6d99a52,2026-02-28T11:00:00Z,2026-02-28T11:18:22Z,auth,auth_enUS_labelerexp,at://did:plc:ffkgesg3jsv2j7aagkzrtcvt/app.bsky.feed.generator/aaacjerk7gwek,suggested_labelerexp,9,at://did:plc:peaoldbabwit6utzwks2efqp/app.bsky.feed.post/3mfutaizgxk2y,bafyreiczu2mht76a2myblsxwlffd6hhwff3jgzwg5ggcsdqqhtgtnokfz4,did:plc:peaoldbabwit6utzwks2efqp,deepseadawn.bsky.social,,
da2d6d8a346749cda98bd51cb6d99a52,2026-02-28T11:00:00Z,2026-02-28T11:18:22Z,auth,auth_enUS_labelerexp,at://did:plc:ffkgesg3jsv2j7aagkzrtcvt/app.bsky.feed.generator/aaacjerk7gwek,suggested_labelerexp,10,at://did:plc:k2ojas5zzclc2gewlrcgwv7y/app.bsky.feed.post/3mfurt5iaws26,bafyreidk2muzrq7thwsa2uimdqoexk5voycpx2dyvmfjgird4du5rp3qgu,did:plc:k2ojas5zzclc2gewlrcgwv7y,terumbudivers.com,,
da2d6d8a346749cda98bd51cb6d99a52,2026-02-28T11:00:00Z,2026-02-28T11:18:22Z,auth,auth_enUS_labelerexp,at://did:plc:ffkgesg3jsv2j7aagkzrtcvt/app.bsky.feed.generator/aaacjerk7gwek,suggested_labelerexp,11,at://did:plc:2a6fautlitwr4jgoje6yf76n/app.bsky.feed.post/3mfurjsc7sc2a,bafyreiaqeclotrsehqkwj6i53l6ltz7imnyv7jncvzsbhn6tlpokykr6im,did:plc:2a6fautlitwr4jgoje6yf76n,uaf-oarc-alaska.bsky.social,,
da2d6d8a346749cda98bd51cb6d99a52,2026-02-28T11:00:00Z,2026-02-28T11:18:22Z,auth,auth_enUS_labelerexp,at://did:plc:ffkgesg3jsv2j7aagkzrtcvt/app.bsky.feed.generator/aaacjerk7gwek,suggested_labelerexp,12,at://did:plc:nd7oohgvlz6rapsoge3rg2n2/app.bsky.feed.post/3mfupflhbdc2u,bafyreiefu2uplcgqgakwexpzok63cqrroyyyu6vlwbghkutq7emiap43d4,did:plc:nd7oohgvlz6rapsoge3rg2n2,coralcitycamera.bsky.social,,
da2d6d8a346749cda98bd51cb6d99a52,2026-02-28T11:00:00Z,2026-02-28T11:18:22Z,auth,auth_enUS_labelerexp,at://did:plc:ffkgesg3jsv2j7aagkzrtcvt/app.bsky.feed.generator/aaacjerk7gwek,suggested_labelerexp,13,at://did:plc:siod5edzckvqvfwdos6tifxt/app.bsky.feed.post/3mfun5bahgc2f,bafyreifrwys4kynl7kpkb5g46jkfz4xiwftnyhqxg5vtopw6k5tyra5rue,did:plc:siod5edzckvqvfwdos6tifxt,montereybayaquarium.org,,
da2d6d8a346749cda98bd51cb6d99a52,2026-02-28T11:00:00Z,2026-02-28T11:18:22Z,auth,auth_enUS_labelerexp,at://did:plc:ffkgesg3jsv2j7aagkzrtcvt/app.bsky.feed.generator/aaacjerk7gwek,suggested_labelerexp,14,at://did:plc:vhok36zor7yyoawimkjc6jjr/app.bsky.feed.post/3mfum3zrl5c2r,bafyreibcfxy5q2cfuhziioblxu5rnmet7c64wxdhaic5uaffom3cdwnojm,did:plc:vhok36zor7yyoawimkjc6jjr,nhseagrant.bsky.social,,
da2d6d8a346749cda98bd51cb6d99a52,2026-02-28T11:00:00Z,2026-02-28T11:18:22Z,auth,auth_enUS_labelerexp,at://did:plc:ffkgesg3jsv2j7aagkzrtcvt/app.bsky.feed.generator/aaacjerk7gwek,suggested_labelerexp,15,at://did:plc:k2ojas5zzclc2gewlrcgwv7y/app.bsky.feed.post/3mfultxdm7d2g,bafyreieahbzk73bggukzdwe7pdg7aesqr6s4djz4dptbxyszow6sokydqm,did:plc:k2ojas5zzclc2gewlrcgwv7y,terumbudivers.com,,
da2d6d8a346749cda98bd51cb6d99a52,2026-02-28T11:00:00Z,2026-02-28T11:18:22Z,auth,auth_enUS_labelerexp,at://did:plc:ffkgesg3jsv2j7aagkzrtcvt/app.bsky.feed.generator/aaacjerk7gwek,suggested_labelerexp,16,at://did:plc:wpxaqfmhbluwab5nl3zqzc57/app.bsky.feed.post/3mfugymfjck2f,bafyreia2plzsd34y6qw3irmketrmhubbcet26bvmxybd6rlvd4c52cdnwi,did:plc:wpxaqfmhbluwab5nl3zqzc57,mbarinews.bsky.social,,
da2d6d8a346749cda98bd51cb6d99a52,2026-02-28T11:00:00Z,2026-02-28T11:18:22Z,auth,auth_enUS_labelerexp,at://did:plc:ffkgesg3jsv2j7aagkzrtcvt/app.bsky.feed.generator/aaacjerk7gwek,suggested_labelerexp,17,at://did:plc:fjsuhjqam3lnnjzyb2mlamxv/app.bsky.feed.post/3mfugsv4es726,bafyreihwn6qdbuwrqtedo5nqby5das6twifa3xi7jj635s4hxoe5c3wlrm,did:plc:fjsuhjqam3lnnjzyb2mlamxv,whaletalesorg.bsky.social,,
da2d6d8a346749cda98bd51cb6d99a52,2026-02-28T11:00:00Z,2026-02-28T11:18:22Z,auth,auth_enUS_labelerexp,at://did:plc:ffkgesg3jsv2j7aagkzrtcvt/app.bsky.feed.generator/aaacjerk7gwek,suggested_labelerexp,18,at://did:plc:x3uuuan4azhva3ikahf7yndt/app.bsky.feed.post/3mfueyrbsw22m,bafyreicgf2mqa37nkjtolnoguvi2gzllymj7eqcrnbadaijgkuuu2rr3hq,did:plc:x3uuuan4azhva3ikahf7yndt,seaaroundus.org,,
da2d6d8a346749cda98bd51cb6d99a52,2026-02-28T11:00:00Z,2026-02-28T11:18:22Z,auth,auth_enUS_labelerexp,at://did:plc:ffkgesg3jsv2j7aagkzrtcvt/app.bsky.feed.generator/aaacjerk7gwek,suggested_labelerexp,19,at://did:plc:r27vxjigzd7bny45fwsccdba/app.bsky.feed.post/3mfudqf5w422y,bafyreieglcuba7lsown7cbyjazlauookpfjs72mqdb6aifrp62tuc3zj44,did:plc:r27vxjigzd7bny45fwsccdba,ubcoceans.bsky.social,,
da2d6d8a346749cda98bd51cb6d99a52,2026-02-28T11:00:00Z,2026-02-28T11:18:22Z,auth,auth_enUS_labelerexp,at://did:plc:ffkgesg3jsv2j7aagkzrtcvt/app.bsky.feed.generator/aaacjerk7gwek,suggested_labelerexp,20,at://did:plc:mrstnlppagem2e6dhfjjcczk/app.bsky.feed.post/3mfudekbdrk2u,bafyreiepj5ud7okaqjwyyqlqscvjqgssd2jgbocsrgw6q6xdhedwvuneoi,did:plc:mrstnlppagem2e6dhfjjcczk,elakhaalliance.bsky.social,,
da2d6d8a346749cda98bd51cb6d99a52,2026-02-28T11:00:00Z,2026-02-28T11:18:22Z,auth,auth_enUS_labelerexp,at://did:plc:ffkgesg3jsv2j7aagkzrtcvt/app.bsky.feed.generator/aaacjerk7gwek,suggested_labelerexp,21,at://did:plc:k2ojas5zzclc2gewlrcgwv7y/app.bsky.feed.post/3mfudcrqgwl2l,bafyreifcaavklnuenijoiepx6zegc3la34sqskdfk6i2f54aw6yveyctxm,did:plc:k2ojas5zzclc2gewlrcgwv7y,terumbudivers.com,,
da2d6d8a346749cda98bd51cb6d99a52,2026-02-28T11:00:00Z,2026-02-28T11:18:22Z,auth,auth_enUS_labelerexp,at://did:plc:ffkgesg3jsv2j7aagkzrtcvt/app.bsky.feed.generator/aaacjerk7gwek,suggested_labelerexp,22,at://did:plc:5vsgipq2kgsktvu5h7cfe5cq/app.bsky.feed.post/3mfudbqhroc22,bafyreiavupee52t6svgvtmkx5zsy2inuyohxtsyfyej5k7jpf6lcgonnxa,did:plc:5vsgipq2kgsktvu5h7cfe5cq,orcabehaviorinstitute.org,,
da2d6d8a346749cda98bd51cb6d99a52,2026-02-28T11:00:00Z,2026-02-28T11:18:22Z,auth,auth_enUS_labelerexp,at://did:plc:ffkgesg3jsv2j7aagkzrtcvt/app.bsky.feed.generator/aaacjerk7gwek,suggested_labelerexp,23,at://did:plc:sqvckpqgluzqq7p3253ikjw5/app.bsky.feed.post/3mfuctxumt22d,bafyreidm55sb5dpnarzve7p5xzvibbxj2cxlusbhjjw6msmqbk65zihg4i,did:plc:sqvckpqgluzqq7p3253ikjw5,marfund.bsky.social,,
da2d6d8a346749cda98bd51cb6d99a52,2026-02-28T11:00:00Z,2026-02-28T11:18:22Z,auth,auth_enUS_labelerexp,at://did:plc:ffkgesg3jsv2j7aagkzrtcvt/app.bsky.feed.generator/aaacjerk7gwek,suggested_labelerexp,24,at://did:plc:aobka6qeawk6vcumybjiqldu/app.bsky.feed.post/3mfucqdptz32u,bafyreidwj74xws4jxiojkt5ncvqas6chhca6ckz27vpn72zdcish24ehvu,did:plc:aobka6qeawk6vcumybjiqldu,scrippsocean.bsky.social,,
da2d6d8a346749cda98bd51cb6d99a52,2026-02-28T11:00:00Z,2026-02-28T11:18:22Z,auth,auth_enUS_labelerexp,at://did:plc:ffkgesg3jsv2j7aagkzrtcvt/app.bsky.feed.generator/aaacjerk7gwek,suggested_labelerexp,25,at://did:plc:r27vxjigzd7bny45fwsccdba/app.bsky.feed.post/3mfubxwyv7s2s,bafyreicuub6bzo3p3vjmlyorx5qbun4lyogd6vzj252xr6y7dneknxiobu,did:plc:r27vxjigzd7bny45fwsccdba,ubcoceans.bsky.social,,
da2d6d8a346749cda98bd51cb6d99a52,2026-02-28T11:00:00Z,2026-02-28T11:18:22Z,auth,auth_enUS_labelerexp,at://did:plc:ffkgesg3jsv2j7aagkzrtcvt/app.bsky.feed.generator/aaacjerk7gwek,suggested_labelerexp,26,at://did:plc:r27vxjigzd7bny45fwsccdba/app.bsky.feed.post/3mfubq6n53s2s,bafyreifeft7r3xhoy5w7flderq4cyptn3lxy6sfjggjrpavyp3m2a3yrze,did:plc:r27vxjigzd7bny45fwsccdba,ubcoceans.bsky.social,,
da2d6d8a346749cda98bd51cb6d99a52,2026-02-28T11:00:00Z,2026-02-28T11:18:22Z,auth,auth_enUS_labelerexp,at://did:plc:ffkgesg3jsv2j7aagkzrtcvt/app.bsky.feed.generator/aaacjerk7gwek,suggested_labelerexp,27,at://did:plc:hhvkb7rma4umjudsoxhwuwhk/app.bsky.feed.post/3mfub4x7kr222,bafyreihsyspkcct4omafzf43jr3ibpfrnymx6t3bflrdqzbjmrez4cakke,did:plc:hhvkb7rma4umjudsoxhwuwhk,lrendell.bsky.social,,
da2d6d8a346749cda98bd51cb6d99a52,2026-02-28T11:00:00Z,2026-02-28T11:18:22Z,auth,auth_enUS_labelerexp,at://did:plc:ffkgesg3jsv2j7aagkzrtcvt/app.bsky.feed.generator/aaacjerk7gwek,suggested_labelerexp,28,at://did:plc:r27vxjigzd7bny45fwsccdba/app.bsky.feed.post/3mfub4lwznk2y,bafyreiac6bedgp5sbahmpc4lqc6vkhw4kevvfeehkcnsuyipiexc6bvxwu,did:plc:r27vxjigzd7bny45fwsccdba,ubcoceans.bsky.social,,
da2d6d8a346749cda98bd51cb6d99a52,2026-02-28T11:00:00Z,2026-02-28T11:18:22Z,auth,auth_enUS_labelerexp,at://did:plc:ffkgesg3jsv2j7aagkzrtcvt/app.bsky.feed.generator/aaacjerk7gwek,suggested_labelerexp,29,at://did:plc:r27vxjigzd7bny45fwsccdba/app.bsky.feed.post/3mfub325jhk2p,bafyreibcsqmuwyr6uqock52qhf3lzyf7mhgak6gzxoinpwoaorkibbcwda,did:plc:r27vxjigzd7bny45fwsccdba,ubcoceans.bsky.social,,
da2d6d8a346749cda98bd51cb6d99a52,2026-02-28T11:00:00Z,2026-02-28T11:18:22Z,auth,auth_enUS_labelerexp,at://did:plc:ffkgesg3jsv2j7aagkzrtcvt/app.bsky.feed.generator/aaacjerk7gwek,suggested_labelerexp,30,at://did:plc:cr43jd5l44wdsfoykxm3rjfw/app.bsky.feed.post/3mfuangphss26,bafyreih4dip3lifce7y44fy2o5qu4t3wb2rdq7j4rwaba3lites2rmuwse,did:plc:cr43jd5l44wdsfoykxm3rjfw,troydeclan.bsky.social,,
da2d6d8a346749cda98bd51cb6d99a52,2026-02-28T11:00:00Z,2026-02-28T11:18:22Z,auth,auth_enUS_labelerexp,at://did:plc:ffkgesg3jsv2j7aagkzrtcvt/app.bsky.feed.generator/aaacjerk7gwek,suggested_labelerexp,31,at://did:plc:fjsuhjqam3lnnjzyb2mlamxv/app.bsky.feed.post/3mfuagspqol2z,bafyreifdzupd4pjf5ccyfcesr2m4yhrxivtwq6fvzvlmggiyfi7f44rctm,did:plc:fjsuhjqam3lnnjzyb2mlamxv,whaletalesorg.bsky.social,,
da2d6d8a346749cda98bd51cb6d99a52,2026-02-28T11:00:00Z,2026-02-28T11:18:22Z,auth,auth_enUS_labelerexp,at://did:plc:ffkgesg3jsv2j7aagkzrtcvt/app.bsky.feed.generator/aaacjerk7gwek,suggested_labelerexp,32,at://did:plc:r27vxjigzd7bny45fwsccdba/app.bsky.feed.post/3mfuaa2d4t22f,bafyreighivpudpc4di5extkncrcjy3rxfsyosmnjpib4p3lipzfwhboqum,did:plc:r27vxjigzd7bny45fwsccdba,ubcoceans.bsky.social,,
da2d6d8a346749cda98bd51cb6d99a52,2026-02-28T11:00:00Z,2026-02-28T11:18:22Z,auth,auth_enUS_labelerexp,at://did:plc:ffkgesg3jsv2j7aagkzrtcvt/app.bsky.feed.generator/aaacjerk7gwek,suggested_labelerexp,33,at://did:plc:r27vxjigzd7bny45fwsccdba/app.bsky.feed.post/3mfua44nkfc2f,bafyreiblxxmyjv5dk3t42rsryyz4x2hibpisth6tw3p5plrfwuqxdjwhji,did:plc:r27vxjigzd7bny45fwsccdba,ubcoceans.bsky.social,,
da2d6d8a346749cda98bd51cb6d99a52,2026-02-28T11:00:00Z,2026-02-28T11:18:22Z,auth,auth_enUS_labelerexp,at://did:plc:ffkgesg3jsv2j7aagkzrtcvt/app.bsky.feed.generator/aaacjerk7gwek,suggested_labelerexp,34,at://did:plc:r27vxjigzd7bny45fwsccdba/app.bsky.feed.post/3mfua2o6s7s2f,bafyreifnsnulanpcdegukoh2y5wch3j7qd2qgdvo7j3mx3ilvxvboraoba,did:plc:r27vxjigzd7bny45fwsccdba,ubcoceans.bsky.social,,
da2d6d8a346749cda98bd51cb6d99a52,2026-02-28T11:00:00Z,2026-02-28T11:18:22Z,auth,auth_enUS_labelerexp,at://did:plc:ffkgesg3jsv2j7aagkzrtcvt/app.bsky.feed.generator/aaacjerk7gwek,suggested_labelerexp,35,at://did:plc:mavdoxle737brhy24qj2xo2j/app.bsky.feed.post/3mfu7mq6u322p,bafyreiaz5sqvoaq2v4tl3httjclorncgqcqeiqkwdj5e54jz5jzsd5ptbq,did:plc:mavdoxle737brhy24qj2xo2j,kakanikatija.bsky.social,,
da2d6d8a346749cda98bd51cb6d99a52,2026-02-28T11:00:00Z,2026-02-28T11:18:22Z,auth,auth_enUS_labelerexp,at://did:plc:ffkgesg3jsv2j7aagkzrtcvt/app.bsky.feed.generator/aaacjerk7gwek,suggested_labelerexp,36,at://did:plc:skflng2ne4nyrsvnjht3pjtb/app.bsky.feed.post/3mfu6v4f4pk2s,bafyreiba5acbg747cdac7rlikzd4cbo3gnis5mj2luggcbm6a4xccczvey,did:plc:skflng2ne4nyrsvnjht3pjtb,marinemammalogy.bsky.social,,
da2d6d8a346749cda98bd51cb6d99a52,2026-02-28T11:00:00Z,2026-02-28T11:18:22Z,auth,auth_enUS_labelerexp,at://did:plc:ffkgesg3jsv2j7aagkzrtcvt/app.bsky.feed.generator/aaacjerk7gwek,suggested_labelerexp,37,at://did:plc:7zs4frmepmt2yi3tfyv33a7d/app.bsky.feed.post/3mfu6ogblos2g,bafyreihhgxzdfxy2a2s7h2m4vhjn73nlqtm2ywpxnisy4jftnomhfcn2ga,did:plc:7zs4frmepmt2yi3tfyv33a7d,thalassalib.bsky.social,,
da2d6d8a346749cda98bd51cb6d99a52,2026-02-28T11:00:00Z,2026-02-28T11:18:22Z,auth,auth_enUS_labelerexp,at://did:plc:ffkgesg3jsv2j7aagkzrtcvt/app.bsky.feed.generator/aaacjerk7gwek,suggested_labelerexp,38,at://did:plc:udg3goxywxdzvl3o3vco5qit/app.bsky.feed.post/3mfu5zqw2c22e,bafyreiaw7kh4q56xbgmdf3fd4pzgffq3k232vpv4vznnpfeud7mdzgojde,did:plc:udg3goxywxdzvl3o3vco5qit,livingoceans.bsky.social,,
da2d6d8a346749cda98bd51cb6d99a52,2026-02-28T11:00:00Z,2026-02-28T11:18:22Z,auth,auth_enUS_labelerexp,at://did:plc:ffkgesg3jsv2j7aagkzrtcvt/app.bsky.feed.generator/aaacjerk7gwek,suggested_labelerexp,39,at://did:plc:x3uuuan4azhva3ikahf7yndt/app.bsky.feed.post/3mfu5pnxbfk2k,bafyreigxnax2i63z6k7ymkrkmcxtlnjj2iu3admp2wnn5otnjolvc23nrq,did:plc:x3uuuan4azhva3ikahf7yndt,seaaroundus.org,,
da2d6d8a346749cda98bd51cb6d99a52,2026-02-28T11:00:00Z,2026-02-28T11:18:22Z,auth,auth_enUS_labelerexp,at://did:plc:ffkgesg3jsv2j7aagkzrtcvt/app.bsky.feed.generator/aaacjerk7gwek,suggested_labelerexp,40,at://did:plc:nbey7oft4xj55yshj34og3nh/app.bsky.feed.post/3mfu5is3dyc2l,bafyreiddtosexu26fvqsvxdxailwtszzmfr644wjkb2rpt52pjegbtbj5a,did:plc:nbey7oft4xj55yshj34og3nh,ncseagrant.bsky.social,,
da2d6d8a346749cda98bd51cb6d99a52,2026-02-28T11:00:00Z,2026-02-28T11:18:22Z,auth,auth_enUS_labelerexp,at://did:plc:ffkgesg3jsv2j7aagkzrtcvt/app.bsky.feed.generator/aaacjerk7gwek,suggested_labelerexp,41,at://did:plc:mhp7fbqabpfqf6q6d24shgok/app.bsky.feed.post/3mfu5gelhmv2q,bafyreigk7dchc6iyg2tq6ofpwvylz5vbhwnzr4hd6yoknghijgnjhgydvi,did:plc:mhp7fbqabpfqf6q6d24shgok,fiti-global.bsky.social,,
da2d6d8a346749cda98bd51cb6d99a52,2026-02-28T11:00:00Z,2026-02-28T11:18:22Z,auth,auth_enUS_labelerexp,at://did:plc:ffkgesg3jsv2j7aagkzrtcvt/app.bsky.feed.generator/aaacjerk7gwek,suggested_labelerexp,42,at://did:plc:y2ttrkditetbrytgxtqn5fzb/app.bsky.feed.post/3mfu4b7kads2t,bafyreihn3q3goeljazxi7qlkrhetvenuexwebrp62a5lrkxspb3kyo2ycu,did:plc:y2ttrkditetbrytgxtqn5fzb,joegarrity.bsky.social,,
da2d6d8a346749cda98bd51cb6d99a52,2026-02-28T11:00:00Z,2026-02-28T11:18:22Z,auth,auth_enUS_labelerexp,at://did:plc:ffkgesg3jsv2j7aagkzrtcvt/app.bsky.feed.generator/aaacjerk7gwek,suggested_labelerexp,43,at://did:plc:k2ojas5zzclc2gewlrcgwv7y/app.bsky.feed.post/3mfu2xhjhqg2f,bafyreifc3e7aufpdxiggirbvqk4qkq6by5mvc5d6grym4wom5k4ucrjxie,did:plc:k2ojas5zzclc2gewlrcgwv7y,terumbudivers.com,,
da2d6d8a346749cda98bd51cb6d99a52,2026-02-28T11:00:00Z,2026-02-28T11:18:22Z,auth,auth_enUS_labelerexp,at://did:plc:ffkgesg3jsv2j7aagkzrtcvt/app.bsky.feed.generator/aaacjerk7gwek,suggested_labelerexp,44,at://did:plc:b5ly66nko7iijwy2lktt3ctq/app.bsky.feed.post/3mfu2vxbk3m2q,bafyreiebojp7mykhocsxd6c4gnex4fmri6rgwa247o2nrblydgcvteplwa,did:plc:b5ly66nko7iijwy2lktt3ctq,whysharksmatter.bsky.social,,
da2d6d8a346749cda98bd51cb6d99a52,2026-02-28T11:00:00Z,2026-02-28T11:18:22Z,auth,auth_enUS_labelerexp,at://did:plc:ffkgesg3jsv2j7aagkzrtcvt/app.bsky.feed.generator/aaacjerk7gwek,suggested_labelerexp,45,at://did:plc:3ldtsy6hhr52dqbvfp6wtgc5/app.bsky.feed.post/3mfu2um2xzc22,bafyreicnnzebambq32nw36n42ynnuz2b5oisbgdwmfdwr5njjwnoivkcse,did:plc:3ldtsy6hhr52dqbvfp6wtgc5,pugetsoundwhales.bsky.social,,
da2d6d8a346749cda98bd51cb6d99a52,2026-02-28T11:00:00Z,2026-02-28T11:18:22Z,auth,auth_enUS_labelerexp,at://did:plc:ffkgesg3jsv2j7aagkzrtcvt/app.bsky.feed.generator/aaacjerk7gwek,suggested_labelerexp,46,at://did:plc:lcj7abm3eusn24xrvjvdq7c5/app.bsky.feed.post/3mfu2e62nas2e,bafyreia2e6hbu73eaviwo2rbeitbuue2vctmif6xvcfwub36ssdy6fkgfe,did:plc:lcj7abm3eusn24xrvjvdq7c5,dannastaaf.bsky.social,,
da2d6d8a346749cda98bd51cb6d99a52,2026-02-28T11:00:00Z,2026-02-28T11:18:22Z,auth,auth_enUS_labelerexp,at://did:plc:ffkgesg3jsv2j7aagkzrtcvt/app.bsky.feed.generator/aaacjerk7gwek,suggested_labelerexp,47,at://did:plc:5dco2yqc2p5yeatbhfvtuzft/app.bsky.feed.post/3mftzz7gzvs2n,bafyreifm6jlbuoiqwu6kbpwk32a4n5islqtr2tspgomo47mkhjgpyuf5hu,did:plc:5dco2yqc2p5yeatbhfvtuzft,kelleywelley.bsky.social,,
da2d6d8a346749cda98bd51cb6d99a52,2026-02-28T11:00:00Z,2026-02-28T11:18:22Z,auth,auth_enUS_labelerexp,at://did:plc:ffkgesg3jsv2j7aagkzrtcvt/app.bsky.feed.generator/aaacjerk7gwek,suggested_labelerexp,48,at://did:plc:lcj7abm3eusn24xrvjvdq7c5/app.bsky.feed.post/3mftz4fylis2e,bafyreie5lzelu6kb33s4fsadjhp4cd4rgee2dybgo224cgk4njrws456cy,did:plc:lcj7abm3eusn24xrvjvdq7c5,dannastaaf.bsky.social,,
da2d6d8a346749cda98bd51cb6d99a52,2026-02-28T11:00:00Z,2026-02-28T11:18:22Z,auth,auth_enUS_labelerexp,at://did:plc:ffkgesg3jsv2j7aagkzrtcvt/app.bsky.feed.generator/aaacjerk7gwek,suggested_labelerexp,49,at://did:plc:lj6vcnlomdmjochsfhfyenhp/app.bsky.feed.post/3mftxuc345k2h,bafyreihe625q5ahrj6a2s5x6o7alj63tzrzqdnkgpm7k37cdstl7pco4pq,did:plc:lj6vcnlomdmjochsfhfyenhp,ev0lemi.bsky.social,,
da2d6d8a346749cda98bd51cb6d99a52,2026-02-28T11:00:00Z,2026-02-28T11:18:22Z,auth,auth_enUS_labelerexp,at://did:plc:ffkgesg3jsv2j7aagkzrtcvt/app.bsky.feed.generator/aaacjerk7gwek,suggested_labelerexp,50,at://did:plc:v4m42nivlnhv5x5cycoqodra/app.bsky.feed.post/3mftvxkagsc25,bafyreiaggl2eabwba4vryag3zc37kq6biygkeauxgn3mbq6zp4kyc7df3e,did:plc:v4m42nivlnhv5x5cycoqodra,paddyboomsticks.bsky.social,,
da2d6d8a346749cda98bd51cb6d99a52,2026-02-28T11:00:00Z,2026-02-28T11:18:24Z,auth,auth_enUS_labelerexp,at://did:plc:hf7ezrajxadu7v3tzcyij424/app.bsky.feed.generator/aaap7dpu57ve6,suggested_labelerexp,1,at://did:plc:46iknanxme7twalfss6ev2zs/app.bsky.feed.post/3mfvydjg5gc2t,bafyreibur7zrpb3s6zaqc3eekkpqkgr46anxwoewihd7iojz4hvjbcjgcm,did:plc:46iknanxme7twalfss6ev2zs,katewillowsart.bsky.social,,
da2d6d8a346749cda98bd51cb6d99a52,2026-02-28T11:00:00Z,2026-02-28T11:18:24Z,auth,auth_enUS_labelerexp,at://did:plc:hf7ezrajxadu7v3tzcyij424/app.bsky.feed.generator/aaap7dpu57ve6,suggested_labelerexp,2,at://did:plc:wcx6652365ludvk3cwsnnyv4/app.bsky.feed.post/3mfvr2xb2w22a,bafyreieqtll3krw5kajhhs6326gcjcv4tqqkzgrrnhcaufose2g3o47ouy,did:plc:wcx6652365ludvk3cwsnnyv4,antfarmer.bsky.social,,
da2d6d8a346749cda98bd51cb6d99a52,2026-02-28T11:00:00Z,2026-02-28T11:18:24Z,auth,auth_enUS_labelerexp,at://did:plc:hf7ezrajxadu7v3tzcyij424/app.bsky.feed.generator/aaap7dpu57ve6,suggested_labelerexp,3,at://did:plc:vxdyct2qkmd4gsjeyh3lx7st/app.bsky.feed.post/3mfvitqmaxs2r,bafyreihvqofgbdbo3jccltmvhfecwomrcpjiijs4erxkg2hjoia63cbaeu,did:plc:vxdyct2qkmd4gsjeyh3lx7st,kristiankiehling.bsky.social,,
da2d6d8a346749cda98bd51cb6d99a52,2026-02-28T11:00:00Z,2026-02-28T11:18:24Z,auth,auth_enUS_labelerexp,at://did:plc:hf7ezrajxadu7v3tzcyij424/app.bsky.feed.generator/aaap7dpu57ve6,suggested_labelerexp,4,at://did:plc:ssmjznvfdrjytvrktiedavrs/app.bsky.feed.post/3mfvvmabkpk2j,bafyreicopfwhihoqtyeixf4yjeji2b5xzth2esks56v43jgmeqguxxfej4,did:plc:ssmjznvfdrjytvrktiedavrs,san-diego4.bsky.social,,
da2d6d8a346749cda98bd51cb6d99a52,2026-02-28T11:00:00Z,2026-02-28T11:18:24Z,auth,auth_enUS_labelerexp,at://did:plc:hf7ezrajxadu7v3tzcyij424/app.bsky.feed.generator/aaap7dpu57ve6,suggested_labelerexp,5,at://did:plc:grb4v6p66olkw5k7xogxbj4a/app.bsky.feed.post/3mfvyfsut422i,bafyreib27okrydz5zfdk3fqg2wmdjpgvgg46myzoc2qu77uvtxrnird5eq,did:plc:grb4v6p66olkw5k7xogxbj4a,pilounettes.bsky.social,,
da2d6d8a346749cda98bd51cb6d99a52,2026-02-28T11:00:00Z,2026-02-28T11:18:24Z,auth,auth_enUS_labelerexp,at://did:plc:hf7ezrajxadu7v3tzcyij424/app.bsky.feed.generator/aaap7dpu57ve6,suggested_labelerexp,6,at://did:plc:2x5bs276hs2ibqgwzhnx2jae/app.bsky.feed.post/3mfvhhiwrj222,bafyreihdai6szwx3b6wzhhesnyec3nwbvrw45oewz3mfolk5aqfczpjtxm,did:plc:2x5bs276hs2ibqgwzhnx2jae,slangsonsports.bsky.social,,
da2d6d8a346749cda98bd51cb6d99a52,2026-02-28T11:00:00Z,2026-02-28T11:18:24Z,auth,auth_enUS_labelerexp,at://did:plc:hf7ezrajxadu7v3tzcyij424/app.bsky.feed.generator/aaap7dpu57ve6,suggested_labelerexp,7,at://did:plc:4zo5lekjm5tcnuqsz2vsency/app.bsky.feed.post/3mfvs3a3sws23,bafyreidhwcer6uap7zbcrk4gixqyld7qqw7fbsdb25ultowevr4mis3h6q,did:plc:4zo5lekjm5tcnuqsz2vsency,pittsburgh-pirates.bsky.social,,
da2d6d8a346749cda98bd51cb6d99a52,2026-02-28T11:00:00Z,2026-02-28T11:18:24Z,auth,auth_enUS_labelerexp,at://did:plc:hf7ezrajxadu7v3tzcyij424/app.bsky.feed.generator/aaap7dpu57ve6,suggested_labelerexp,8,at://did:plc:2pwml7uxsl4skd2kl5h23sjr/app.bsky.feed.post/3mfuwhcou2k24,bafyreiayujl2eqep6cuizrq7c4267jj33mloep6z5t35su5fsvadqiauau,did:plc:2pwml7uxsl4skd2kl5h23sjr,scabbyhabby.bsky.social,,
da2d6d8a346749cda98bd51cb6d99a52,2026-02-28T11:00:00Z,2026-02-28T11:18:24Z,auth,auth_enUS_labelerexp,at://did:plc:hf7ezrajxadu7v3tzcyij424/app.bsky.feed.generator/aaap7dpu57ve6,suggested_labelerexp,9,at://did:plc:djdo4q7sgxorpihubp7k6hq4/app.bsky.feed.post/3mfvuokf56223,bafyreicmqth6cdmr2qhh4jlv365zfpqmhxh7akypbk67jry2ozw3dvbebi,did:plc:djdo4q7sgxorpihubp7k6hq4,colorado-rockies9.bsky.social,,
da2d6d8a346749cda98bd51cb6d99a52,2026-02-28T11:00:00Z,2026-02-28T11:18:24Z,auth,auth_enUS_labelerexp,at://did:plc:hf7ezrajxadu7v3tzcyij424/app.bsky.feed.generator/aaap7dpu57ve6,suggested_labelerexp,10,at://did:plc:b2azzqfe7n5jfntj33mdnwjm/app.bsky.feed.post/3mfvhmufwes2p,bafyreibedyebpmluyeiedjroprnp6cuiixtbfn6nehc3edcxlupvt7ms7m,did:plc:b2azzqfe7n5jfntj33mdnwjm,ngtcollectibles.bsky.social,,
da2d6d8a346749cda98bd51cb6d99a52,2026-02-28T11:00:00Z,2026-02-28T11:18:24Z,auth,auth_enUS_labelerexp,at://did:plc:hf7ezrajxadu7v3tzcyij424/app.bsky.feed.generator/aaap7dpu57ve6,suggested_labelerexp,11,at://did:plc:eszia3ynuja6s7x3y3xnmkil/app.bsky.feed.post/3mfv5luppjs2a,bafyreih2xftphdnbamo4cmzzlhz3afoxdlrvd3zvh6vdrr5vho2wns3cje,did:plc:eszia3ynuja6s7x3y3xnmkil,polyesterunis.com,,
da2d6d8a346749cda98bd51cb6d99a52,2026-02-28T11:00:00Z,2026-02-28T11:18:24Z,auth,auth_enUS_labelerexp,at://did:plc:hf7ezrajxadu7v3tzcyij424/app.bsky.feed.generator/aaap7dpu57ve6,suggested_labelerexp,12,at://did:plc:ursn3unvdh4isjfns7vocd55/app.bsky.feed.post/3mfv6yome4s2s,bafyreieho6ekrse3orcarkswaohsbik5r4cw25pebtq4vbwuyyjkamb7um,did:plc:ursn3unvdh4isjfns7vocd55,nflmemewar.bsky.social,,
da2d6d8a346749cda98bd51cb6d99a52,2026-02-28T11:00:00Z,2026-02-28T11:18:24Z,auth,auth_enUS_labelerexp,at://did:plc:hf7ezrajxadu7v3tzcyij424/app.bsky.feed.generator/aaap7dpu57ve6,suggested_labelerexp,13,at://did:plc:77fe4qxc74zyjnugs5pdtcyq/app.bsky.feed.post/3mfuq2hgyrc27,bafyreidso7tx57poqw6y4mahj6u5xpv4jssuwdbbjb2uy6ux7bw2rxadky,did:plc:77fe4qxc74zyjnugs5pdtcyq,codifybaseball.bsky.social,,
da2d6d8a346749cda98bd51cb6d99a52,2026-02-28T11:00:00Z,2026-02-28T11:18:24Z,auth,auth_enUS_labelerexp,at://did:plc:hf7ezrajxadu7v3tzcyij424/app.bsky.feed.generator/aaap7dpu57ve6,suggested_labelerexp,14,at://did:plc:5tyosqktoztcdzuvgiishtxi/app.bsky.feed.post/3mfvrgiqi5o2k,bafyreiempypm3vig24fgf2njpbnj4v6s35b5m5kdwplsnltnyvapsre5yi,did:plc:5tyosqktoztcdzuvgiishtxi,collectingall.bsky.social,,
da2d6d8a346749cda98bd51cb6d99a52,2026-02-28T11:00:00Z,2026-02-28T11:18:24Z,auth,auth_enUS_labelerexp,at://did:plc:hf7ezrajxadu7v3tzcyij424/app.bsky.feed.generator/aaap7dpu57ve6,suggested_labelerexp,15,at://did:plc:lgxwokjfnegutejxknkdpqwj/app.bsky.feed.post/3mfvr34qffo2m,bafyreihxyj5jxsqinbv6movfuai57myhopixldvculu624vgeusinfkthq,did:plc:lgxwokjfnegutejxknkdpqwj,rawmlb.bsky.social,,
da2d6d8a346749cda98bd51cb6d99a52,2026-02-28T11:00:00Z,2026-02-28T11:18:24Z,auth,auth_enUS_labelerexp,at://did:plc:hf7ezrajxadu7v3tzcyij424/app.bsky.feed.generator/aaap7dpu57ve6,suggested_labelerexp,16,at://did:plc:vok3j6g7yrv63grj4to7byio/app.bsky.feed.post/3mfvbybpiq22u,bafyreigdvk2rrsbbmv27ylcwfsnit7i3mirlkvqrfyrsgweymxyvewtlfq,did:plc:vok3j6g7yrv63grj4to7byio,bsmile.bsky.social,,
da2d6d8a346749cda98bd51cb6d99a52,2026-02-28T11:00:00Z,2026-02-28T11:18:24Z,auth,auth_enUS_labelerexp,at://did:plc:hf7ezrajxadu7v3tzcyij424/app.bsky.feed.generator/aaap7dpu57ve6,suggested_labelerexp,17,at://did:plc:vok3j6g7yrv63grj4to7byio/app.bsky.feed.post/3mfvbybpiq22u,bafyreigdvk2rrsbbmv27ylcwfsnit7i3mirlkvqrfyrsgweymxyvewtlfq,did:plc:vok3j6g7yrv63grj4to7byio,bsmile.bsky.social,,
da2d6d8a346749cda98bd51cb6d99a52,2026-02-28T11:00:00Z,2026-02-28T11:18:24Z,auth,auth_enUS_labelerexp,at://did:plc:hf7ezrajxadu7v3tzcyij424/app.bsky.feed.generator/aaap7dpu57ve6,suggested_labelerexp,18,at://did:plc:krtgzfixmfafx4ndpywlfmsm/app.bsky.feed.post/3mfvfmeepg42f,bafyreigessu4v27vcaa6eeh53ukengii6b7sfdjzqsizhskiulujynhlua,did:plc:krtgzfixmfafx4ndpywlfmsm,mlbtraderumors.bsky.social,,
da2d6d8a346749cda98bd51cb6d99a52,2026-02-28T11:00:00Z,2026-02-28T11:18:24Z,auth,auth_enUS_labelerexp,at://did:plc:hf7ezrajxadu7v3tzcyij424/app.bsky.feed.generator/aaap7dpu57ve6,suggested_labelerexp,19,at://did:plc:vok3j6g7yrv63grj4to7byio/app.bsky.feed.post/3mfvbjg7dqc2i,bafyreifte36awb5drqqh2t4lbbj3shghslxol27u4kin6ap6vlrmrzlt54,did:plc:vok3j6g7yrv63grj4to7byio,bsmile.bsky.social,,
da2d6d8a346749cda98bd51cb6d99a52,2026-02-28T11:00:00Z,2026-02-28T11:18:24Z,auth,auth_enUS_labelerexp,at://did:plc:hf7ezrajxadu7v3tzcyij424/app.bsky.feed.generator/aaap7dpu57ve6,suggested_labelerexp,20,at://did:plc:vok3j6g7yrv63grj4to7byio/app.bsky.feed.post/3mfvbjg7dqc2i,bafyreifte36awb5drqqh2t4lbbj3shghslxol27u4kin6ap6vlrmrzlt54,did:plc:vok3j6g7yrv63grj4to7byio,bsmile.bsky.social,,
da2d6d8a346749cda98bd51cb6d99a52,2026-02-28T11:00:00Z,2026-02-28T11:18:24Z,auth,auth_enUS_labelerexp,at://did:plc:hf7ezrajxadu7v3tzcyij424/app.bsky.feed.generator/aaap7dpu57ve6,suggested_labelerexp,21,at://did:plc:hwtr46kwbzpg6jqzqlpolria/app.bsky.feed.post/3mfvlmu5jjs2n,bafyreiamhvy3yrjodgspsfme57vn3nbcbvyvfm4klart6pjuejeksb3ami,did:plc:hwtr46kwbzpg6jqzqlpolria,pkmonaghan.bsky.social,,
da2d6d8a346749cda98bd51cb6d99a52,2026-02-28T11:00:00Z,2026-02-28T11:18:24Z,auth,auth_enUS_labelerexp,at://did:plc:hf7ezrajxadu7v3tzcyij424/app.bsky.feed.generator/aaap7dpu57ve6,suggested_labelerexp,22,at://did:plc:b2azzqfe7n5jfntj33mdnwjm/app.bsky.feed.post/3mfvbexckn22p,bafyreifvrva7vogvjykxq7jhgosjqxg75z3og3bfiasmdimms6nmm53hd4,did:plc:b2azzqfe7n5jfntj33mdnwjm,ngtcollectibles.bsky.social,,
da2d6d8a346749cda98bd51cb6d99a52,2026-02-28T11:00:00Z,2026-02-28T11:18:24Z,auth,auth_enUS_labelerexp,at://did:plc:hf7ezrajxadu7v3tzcyij424/app.bsky.feed.generator/aaap7dpu57ve6,suggested_labelerexp,23,at://did:plc:krtgzfixmfafx4ndpywlfmsm/app.bsky.feed.post/3mfvbeiyxxk2u,bafyreihia74k7l4ywwdgga2e2emj3k2zevcdp7wd3jra3je3elji3ui5uq,did:plc:krtgzfixmfafx4ndpywlfmsm,mlbtraderumors.bsky.social,,
da2d6d8a346749cda98bd51cb6d99a52,2026-02-28T11:00:00Z,2026-02-28T11:18:24Z,auth,auth_enUS_labelerexp,at://did:plc:hf7ezrajxadu7v3tzcyij424/app.bsky.feed.generator/aaap7dpu57ve6,suggested_labelerexp,24,at://did:plc:go4qh564gu5lhbwhj3lg76bx/app.bsky.feed.post/3mfvoinm7wp2n,bafyreidngnha3beehpox43ih56kxpgw6dadbvcw7rwnohfqgfw77wo3nbu,did:plc:go4qh564gu5lhbwhj3lg76bx,hit-by-pitch.bsky.social,,
da2d6d8a346749cda98bd51cb6d99a52,2026-02-28T11:00:00Z,2026-02-28T11:18:24Z,auth,auth_enUS_labelerexp,at://did:plc:hf7ezrajxadu7v3tzcyij424/app.bsky.feed.generator/aaap7dpu57ve6,suggested_labelerexp,25,at://did:plc:4ecbxntdz7q7k45jpctts6mk/app.bsky.feed.post/3mfuu2slpjc2o,bafyreic2rqtgozfcgc3iqsqirvcevriyhtzrn75e2htzmllhvmfya23vyu,did:plc:4ecbxntdz7q7k45jpctts6mk,patrickdlyons.bsky.social,,
da2d6d8a346749cda98bd51cb6d99a52,2026-02-28T11:00:00Z,2026-02-28T11:18:24Z,auth,auth_enUS_labelerexp,at://did:plc:hf7ezrajxadu7v3tzcyij424/app.bsky.feed.generator/aaap7dpu57ve6,suggested_labelerexp,26,at://did:plc:wvkue2udygbo2cs6bwsivr4z/app.bsky.feed.post/3mfvo7kyebr2v,bafyreiftne6mkvcju5ieanxgpyr42rfhg2uzhzpfnflqtatex5up5q6jdu,did:plc:wvkue2udygbo2cs6bwsivr4z,news247planet.bsky.social,,
da2d6d8a346749cda98bd51cb6d99a52,2026-02-28T11:00:00Z,2026-02-28T11:18:24Z,auth,auth_enUS_labelerexp,at://did:plc:hf7ezrajxadu7v3tzcyij424/app.bsky.feed.generator/aaap7dpu57ve6,suggested_labelerexp,27,at://did:plc:ufrsoc2yj24bqlomu7ptclxb/app.bsky.feed.post/3mfv2bdbtrc2z,bafyreic2syjdxp6oaxmrfno4jw4xyrrfobfvr2b3dmjfihyz5ocekedkry,did:plc:ufrsoc2yj24bqlomu7ptclxb,joeveyera.bsky.social,,
da2d6d8a346749cda98bd51cb6d99a52,2026-02-28T11:00:00Z,2026-02-28T11:18:24Z,auth,auth_enUS_labelerexp,at://did:plc:hf7ezrajxadu7v3tzcyij424/app.bsky.feed.generator/aaap7dpu57ve6,suggested_labelerexp,28,at://did:plc:wnuw37lluxzgsdnwxl7sgjmr/app.bsky.feed.post/3mfv4cmokqc2a,bafyreidqmoqbwwtoyh7qtlv7esuparxj4pfrxycgc6g3lh7qob5lr5mxrq,did:plc:wnuw37lluxzgsdnwxl7sgjmr,seattlesports710.bsky.social,,
da2d6d8a346749cda98bd51cb6d99a52,2026-02-28T11:00:00Z,2026-02-28T11:18:24Z,auth,auth_enUS_labelerexp,at://did:plc:hf7ezrajxadu7v3tzcyij424/app.bsky.feed.generator/aaap7dpu57ve6,suggested_labelerexp,29,at://did:plc:bdb6mpkg3hpmaye3mtp4w56m/app.bsky.feed.post/3mfuxxerj4s23,bafyreihctwv6pwnoywfjniaoudegbpxnbtn36djc56utah6nc7czgl274y,did:plc:bdb6mpkg3hpmaye3mtp4w56m,professormusgrave.bsky.social,,
da2d6d8a346749cda98bd51cb6d99a52,2026-02-28T11:00:00Z,2026-02-28T11:18:24Z,auth,auth_enUS_labelerexp,at://did:plc:hf7ezrajxadu7v3tzcyij424/app.bsky.feed.generator/aaap7dpu57ve6,suggested_labelerexp,30,at://did:plc:vzsvsjiv5jir6ozv73xcutoq/app.bsky.feed.post/3mfviwdunpk2w,bafyreicgmrpnr7f5reaitdhbbabw3tobos2c6v5fw6lfy6zwzycgxm4bca,did:plc:vzsvsjiv5jir6ozv73xcutoq,exsk8pnk.bsky.social,,
da2d6d8a346749cda98bd51cb6d99a52,2026-02-28T11:00:00Z,2026-02-28T11:18:24Z,auth,auth_enUS_labelerexp,at://did:plc:hf7ezrajxadu7v3tzcyij424/app.bsky.feed.generator/aaap7dpu57ve6,suggested_labelerexp,31,at://did:plc:72gz5dygi74ou7lx3lb6ehml/app.bsky.feed.post/3mfuwd76lyk22,bafyreicwowwm4u2eh2rnypnbujnpvtvycpdh2gbsfwugdkvsqlip3ojsuy,did:plc:72gz5dygi74ou7lx3lb6ehml,nerdydodger.bsky.social,,
da2d6d8a346749cda98bd51cb6d99a52,2026-02-28T11:00:00Z,2026-02-28T11:18:24Z,auth,auth_enUS_labelerexp,at://did:plc:hf7ezrajxadu7v3tzcyij424/app.bsky.feed.generator/aaap7dpu57ve6,suggested_labelerexp,32,at://did:plc:bzdhz7pkz6zbp2b5zus32hoy/app.bsky.feed.post/3mfued5ez2k2z,bafyreiba5lv5o5gf7s74xfmgepuwbh4gnsiisacwobyjx6gkvvlgnugxo4,did:plc:bzdhz7pkz6zbp2b5zus32hoy,bwd.bsky.social,,
da2d6d8a346749cda98bd51cb6d99a52,2026-02-28T11:00:00Z,2026-02-28T11:18:24Z,auth,auth_enUS_labelerexp,at://did:plc:hf7ezrajxadu7v3tzcyij424/app.bsky.feed.generator/aaap7dpu57ve6,suggested_labelerexp,33,at://did:plc:wvkue2udygbo2cs6bwsivr4z/app.bsky.feed.post/3mfvmnppdun2l,bafyreiflqimhcsstww7mhlca6qawtgen4e6wceuxz6cu5ui5r24llgtyce,did:plc:wvkue2udygbo2cs6bwsivr4z,news247planet.bsky.social,,
da2d6d8a346749cda98bd51cb6d99a52,2026-02-28T11:00:00Z,2026-02-28T11:18:24Z,auth,auth_enUS_labelerexp,at://did:plc:hf7ezrajxadu7v3tzcyij424/app.bsky.feed.generator/aaap7dpu57ve6,suggested_labelerexp,34,at://did:plc:dhdsezfk323sykc2l37vcyhp/app.bsky.feed.post/3mfvbxngi6c2n,bafyreib325w6pjr3ur563ybphunr62njwdc2cwy5ullaif2fajv77jvleq,did:plc:dhdsezfk323sykc2l37vcyhp,baseballgifs.bsky.social,,
da2d6d8a346749cda98bd51cb6d99a52,2026-02-28T11:00:00Z,2026-02-28T11:18:24Z,auth,auth_enUS_labelerexp,at://did:plc:hf7ezrajxadu7v3tzcyij424/app.bsky.feed.generator/aaap7dpu57ve6,suggested_labelerexp,35,at://did:plc:ybxlo6kh6ysxvclz2vjz43rw/app.bsky.feed.post/3mfuw2ffi5c2y,bafyreibafuljglu6pdylgmvxca6f55gb4mi567ljtq3kwttjqezsrl4exe,did:plc:ybxlo6kh6ysxvclz2vjz43rw,bittergiantsfan.bsky.social,,
da2d6d8a346749cda98bd51cb6d99a52,2026-02-28T11:00:00Z,2026-02-28T11:18:24Z,auth,auth_enUS_labelerexp,at://did:plc:hf7ezrajxadu7v3tzcyij424/app.bsky.feed.generator/aaap7dpu57ve6,suggested_labelerexp,36,at://did:plc:2darfo36xds4oznvip7x2ux7/app.bsky.feed.post/3mfqaenr3vc24,bafyreihqcx4qysaycridg5ynjuqk54bus3kgul7f2voffqp224weijjh44,did:plc:2darfo36xds4oznvip7x2ux7,mollyknight.bsky.social,,
da2d6d8a346749cda98bd51cb6d99a52,2026-02-28T11:00:00Z,2026-02-28T11:18:24Z,auth,auth_enUS_labelerexp,at://did:plc:hf7ezrajxadu7v3tzcyij424/app.bsky.feed.generator/aaap7dpu57ve6,suggested_labelerexp,37,at://did:plc:a5yrzxyiufeqxf24sda5sebx/app.bsky.feed.post/3mfv3mkiwcj2g,bafyreihkdvtqof4fo7ephdiqhubhqhxsozgq4u2pnypuwwcltnynr2yp3q,did:plc:a5yrzxyiufeqxf24sda5sebx,mlbbot.bsky.social,,
da2d6d8a346749cda98bd51cb6d99a52,2026-02-28T11:00:00Z,2026-02-28T11:18:24Z,auth,auth_enUS_labelerexp,at://did:plc:hf7ezrajxadu7v3tzcyij424/app.bsky.feed.generator/aaap7dpu57ve6,suggested_labelerexp,38,at://did:plc:2x5bs276hs2ibqgwzhnx2jae/app.bsky.feed.post/3mftzb3z7mk23,bafyreibjkxdhp52aitebdajjdlvobiwcdehobeevhvnsxsgqttp57lviji,did:plc:2x5bs276hs2ibqgwzhnx2jae,slangsonsports.bsky.social,,
da2d6d8a346749cda98bd51cb6d99a52,2026-02-28T11:00:00Z,2026-02-28T11:18:24Z,auth,auth_enUS_labelerexp,at://did:plc:hf7ezrajxadu7v3tzcyij424/app.bsky.feed.generator/aaap7dpu57ve6,suggested_labelerexp,39,at://did:plc:77fe4qxc74zyjnugs5pdtcyq/app.bsky.feed.post/3mfuzzvnwl22h,bafyreib3qeknkzys4d27dxgunwvhd7fhyqasbwwnwhbkwnnekoxydfvetq,did:plc:77fe4qxc74zyjnugs5pdtcyq,codifybaseball.bsky.social,,
da2d6d8a346749cda98bd51cb6d99a52,2026-02-28T11:00:00Z,2026-02-28T11:18:24Z,auth,auth_enUS_labelerexp,at://did:plc:hf7ezrajxadu7v3tzcyij424/app.bsky.feed.generator/aaap7dpu57ve6,suggested_labelerexp,40,at://did:plc:hew2wmghmlzbeeqfwjfidv7j/app.bsky.feed.post/3mfug7xjris2s,bafyreihix7d4cnp7pedxm33zx6wdodlhk4y3shjmie6ves6x3voncpz2fu,did:plc:hew2wmghmlzbeeqfwjfidv7j,insidemlbnews.bsky.social,,
da2d6d8a346749cda98bd51cb6d99a52,2026-02-28T11:00:00Z,2026-02-28T11:18:24Z,auth,auth_enUS_labelerexp,at://did:plc:hf7ezrajxadu7v3tzcyij424/app.bsky.feed.generator/aaap7dpu57ve6,suggested_labelerexp,41,at://did:plc:sopo5gky656cqg4vnhvqqtgr/app.bsky.feed.post/3mfulqqy6jc2c,bafyreid6e3x4i6wxukur4y5xhenxxwmaork7t2u35lbppi65zkramwvjly,did:plc:sopo5gky656cqg4vnhvqqtgr,bleachernation.bsky.social,,
da2d6d8a346749cda98bd51cb6d99a52,2026-02-28T11:00:00Z,2026-02-28T11:18:24Z,auth,auth_enUS_labelerexp,at://did:plc:hf7ezrajxadu7v3tzcyij424/app.bsky.feed.generator/aaap7dpu57ve6,suggested_labelerexp,42,at://did:plc:vok3j6g7yrv63grj4to7byio/app.bsky.feed.post/3mfvbnspqis2i,bafyreicvdwgkht6lhjtcndgjmqkhlmjcuywya5ygz7fnfo7mrew7s22diy,did:plc:vok3j6g7yrv63grj4to7byio,bsmile.bsky.social,,
da2d6d8a346749cda98bd51cb6d99a52,2026-02-28T11:00:00Z,2026-02-28T11:18:24Z,auth,auth_enUS_labelerexp,at://did:plc:hf7ezrajxadu7v3tzcyij424/app.bsky.feed.generator/aaap7dpu57ve6,suggested_labelerexp,43,at://did:plc:vok3j6g7yrv63grj4to7byio/app.bsky.feed.post/3mfvbnspqis2i,bafyreicvdwgkht6lhjtcndgjmqkhlmjcuywya5ygz7fnfo7mrew7s22diy,did:plc:vok3j6g7yrv63grj4to7byio,bsmile.bsky.social,,
da2d6d8a346749cda98bd51cb6d99a52,2026-02-28T11:00:00Z,2026-02-28T11:18:24Z,auth,auth_enUS_labelerexp,at://did:plc:hf7ezrajxadu7v3tzcyij424/app.bsky.feed.generator/aaap7dpu57ve6,suggested_labelerexp,44,at://did:plc:vok3j6g7yrv63grj4to7byio/app.bsky.feed.post/3mfvbnspqis2i,bafyreicvdwgkht6lhjtcndgjmqkhlmjcuywya5ygz7fnfo7mrew7s22diy,did:plc:vok3j6g7yrv63grj4to7byio,bsmile.bsky.social,,
da2d6d8a346749cda98bd51cb6d99a52,2026-02-28T11:00:00Z,2026-02-28T11:18:24Z,auth,auth_enUS_labelerexp,at://did:plc:hf7ezrajxadu7v3tzcyij424/app.bsky.feed.generator/aaap7dpu57ve6,suggested_labelerexp,45,at://did:plc:vok3j6g7yrv63grj4to7byio/app.bsky.feed.post/3mfvbh7xyp22i,bafyreiflxiopzvhy2cweqdok4lfuiso3kafnuftarizyviihy5qqz3z5lq,did:plc:vok3j6g7yrv63grj4to7byio,bsmile.bsky.social,,
da2d6d8a346749cda98bd51cb6d99a52,2026-02-28T11:00:00Z,2026-02-28T11:18:24Z,auth,auth_enUS_labelerexp,at://did:plc:hf7ezrajxadu7v3tzcyij424/app.bsky.feed.generator/aaap7dpu57ve6,suggested_labelerexp,46,at://did:plc:vok3j6g7yrv63grj4to7byio/app.bsky.feed.post/3mfvbh7xyp22i,bafyreiflxiopzvhy2cweqdok4lfuiso3kafnuftarizyviihy5qqz3z5lq,did:plc:vok3j6g7yrv63grj4to7byio,bsmile.bsky.social,,
da2d6d8a346749cda98bd51cb6d99a52,2026-02-28T11:00:00Z,2026-02-28T11:18:24Z,auth,auth_enUS_labelerexp,at://did:plc:hf7ezrajxadu7v3tzcyij424/app.bsky.feed.generator/aaap7dpu57ve6,suggested_labelerexp,47,at://did:plc:eszia3ynuja6s7x3y3xnmkil/app.bsky.feed.post/3mfut7yi2js2g,bafyreig3negsc7vuxmxayh27zf35ciru5qh5tvef2qxc5c3csnkpvtb7ka,did:plc:eszia3ynuja6s7x3y3xnmkil,polyesterunis.com,,
da2d6d8a346749cda98bd51cb6d99a52,2026-02-28T11:00:00Z,2026-02-28T11:18:24Z,auth,auth_enUS_labelerexp,at://did:plc:hf7ezrajxadu7v3tzcyij424/app.bsky.feed.generator/aaap7dpu57ve6,suggested_labelerexp,48,at://did:plc:krtgzfixmfafx4ndpywlfmsm/app.bsky.feed.post/3mfv46auu5u2b,bafyreibfs6wraepyonljojvzyoewc72djyvyuxhq4r3fwg33mqyywe5bqi,did:plc:krtgzfixmfafx4ndpywlfmsm,mlbtraderumors.bsky.social,,
da2d6d8a346749cda98bd51cb6d99a52,2026-02-28T11:00:00Z,2026-02-28T11:18:24Z,auth,auth_enUS_labelerexp,at://did:plc:hf7ezrajxadu7v3tzcyij424/app.bsky.feed.generator/aaap7dpu57ve6,suggested_labelerexp,49,at://did:plc:o4e7b2fcb6os35bwnlcmnzah/app.bsky.feed.post/3mfu4evk5h22g,bafyreiggjzgyc225acfqovclxoxcfvdzg6ebagwuudifeanjw2p2es4qji,did:plc:o4e7b2fcb6os35bwnlcmnzah,wychstreet.bsky.social,,
da2d6d8a346749cda98bd51cb6d99a52,2026-02-28T11:00:00Z,2026-02-28T11:18:24Z,auth,auth_enUS_labelerexp,at://did:plc:hf7ezrajxadu7v3tzcyij424/app.bsky.feed.generator/aaap7dpu57ve6,suggested_labelerexp,50,at://did:plc:a5yrzxyiufeqxf24sda5sebx/app.bsky.feed.post/3mfvanipztr27,bafyreigjiinvqqhhaw3htdnecdh6y4ow533pfmbswa5jnx4wfevfpvc4oy,did:plc:a5yrzxyiufeqxf24sda5sebx,mlbbot.bsky.social,,
da2d6d8a346749cda98bd51cb6d99a52,2026-02-28T11:00:00Z,2026-02-28T11:18:25Z,auth,auth_enUS_labelerexp,at://did:plc:kogkquurpi7vd6ck2tndcoog/app.bsky.feed.generator/aaahe25fq3iao,suggested_labelerexp,1,at://did:plc:kogkquurpi7vd6ck2tndcoog/app.bsky.feed.post/3kbhzuqmlqy2y,bafyreiacimx33e54yn24dbckkhbupis37dqdf73s45ldyckv2mxbthgp2a,did:plc:kogkquurpi7vd6ck2tndcoog,skyhub.bsky.social,,
da2d6d8a346749cda98bd51cb6d99a52,2026-02-28T11:00:00Z,2026-02-28T11:18:25Z,auth,auth_enUS_labelerexp,at://did:plc:kogkquurpi7vd6ck2tndcoog/app.bsky.feed.generator/aaahe25fq3iao,suggested_labelerexp,2,at://did:plc:k7pa7fkl64y5zt5g77tf4xxx/app.bsky.feed.post/3mfw3jcm3y32f,bafyreih6m54skj3z66i37dq4pnsopfg27f4mpnkn3fvtd53inbjzgie26e,did:plc:k7pa7fkl64y5zt5g77tf4xxx,flirtydeals.com,,
da2d6d8a346749cda98bd51cb6d99a52,2026-02-28T11:00:00Z,2026-02-28T11:18:25Z,auth,auth_enUS_labelerexp,at://did:plc:kogkquurpi7vd6ck2tndcoog/app.bsky.feed.generator/aaahe25fq3iao,suggested_labelerexp,3,at://did:plc:adxjucrc54pzgnzfz5js4nxb/app.bsky.feed.post/3mfw353z7nd2t,bafyreidcpkxokdqtsbpdtzacdnherfpotmckmbxjrs77njxygftq24w4qm,did:plc:adxjucrc54pzgnzfz5js4nxb,wrenndivine.bsky.social,,
da2d6d8a346749cda98bd51cb6d99a52,2026-02-28T11:00:00Z,2026-02-28T11:18:25Z,auth,auth_enUS_labelerexp,at://did:plc:kogkquurpi7vd6ck2tndcoog/app.bsky.feed.generator/aaahe25fq3iao,suggested_labelerexp,4,at://did:plc:pctquvzhseoud3mdbfzkzplu/app.bsky.feed.post/3mfw2zc74p22p,bafyreicksoitwfh3iryizr3wmov7n345tvlrls7eqszaoa6ay654xsqkxu,did:plc:pctquvzhseoud3mdbfzkzplu,duoofdesire.bsky.social,,
da2d6d8a346749cda98bd51cb6d99a52,2026-02-28T11:00:00Z,2026-02-28T11:18:25Z,auth,auth_enUS_labelerexp,at://did:plc:kogkquurpi7vd6ck2tndcoog/app.bsky.feed.generator/aaahe25fq3iao,suggested_labelerexp,5,at://did:plc:rfyxoglhqh36kz274zlaq5qk/app.bsky.feed.post/3mfw2aialvs26,bafyreibyfuga5bu5nbnwqyy6pwl62rljhin5zdubpjbuff7m7djz2t3aeu,did:plc:rfyxoglhqh36kz274zlaq5qk,rollfizzlebeef.bsky.social,,
da2d6d8a346749cda98bd51cb6d99a52,2026-02-28T11:00:00Z,2026-02-28T11:18:25Z,auth,auth_enUS_labelerexp,at://did:plc:kogkquurpi7vd6ck2tndcoog/app.bsky.feed.generator/aaahe25fq3iao,suggested_labelerexp,6,at://did:plc:jlcflvygw7jnttso3bpisnc7/app.bsky.feed.post/3mfw2ah56542p,bafyreidfj6ylp7kpr4jiaql4ek76sv24nepcvfcllbrtakpiwcx4t5pmya,did:plc:jlcflvygw7jnttso3bpisnc7,dc-comics-porn.bsky.social,,
da2d6d8a346749cda98bd51cb6d99a52,2026-02-28T11:00:00Z,2026-02-28T11:18:25Z,auth,auth_enUS_labelerexp,at://did:plc:kogkquurpi7vd6ck2tndcoog/app.bsky.feed.generator/aaahe25fq3iao,suggested_labelerexp,7,at://did:plc:3hwdcko2xqgrj2sromkhwyvk/app.bsky.feed.post/3mfvzsf42ih2w,bafyreickq336vho46ydf2uqoaj73iwrmdhisnfftuzec27xogah727qddm,did:plc:3hwdcko2xqgrj2sromkhwyvk,gym-porn.bsky.social,,
da2d6d8a346749cda98bd51cb6d99a52,2026-02-28T11:00:00Z,2026-02-28T11:18:25Z,auth,auth_enUS_labelerexp,at://did:plc:kogkquurpi7vd6ck2tndcoog/app.bsky.feed.generator/aaahe25fq3iao,suggested_labelerexp,8,at://did:plc:jlcflvygw7jnttso3bpisnc7/app.bsky.feed.post/3mfvylvibxe2d,bafyreieyedaijp3s5m4cqlkua3okdmrpb2w6msy6ebwhhupxwztkqqmtcq,did:plc:jlcflvygw7jnttso3bpisnc7,dc-comics-porn.bsky.social,,
da2d6d8a346749cda98bd51cb6d99a52,2026-02-28T11:00:00Z,2026-02-28T11:18:25Z,auth,auth_enUS_labelerexp,at://did:plc:kogkquurpi7vd6ck2tndcoog/app.bsky.feed.generator/aaahe25fq3iao,suggested_labelerexp,9,at://did:plc:k7pa7fkl64y5zt5g77tf4xxx/app.bsky.feed.post/3mfvwixb6sh2o,bafyreihzcfbv43mtobyrcfv2ass6rgup4y3tixzuuk2xubgb3ivpqh6qqa,did:plc:k7pa7fkl64y5zt5g77tf4xxx,flirtydeals.com,,
da2d6d8a346749cda98bd51cb6d99a52,2026-02-28T11:00:00Z,2026-02-28T11:18:25Z,auth,auth_enUS_labelerexp,at://did:plc:kogkquurpi7vd6ck2tndcoog/app.bsky.feed.generator/aaahe25fq3iao,suggested_labelerexp,10,at://did:plc:476k2djpoi35txb7w6jcyav5/app.bsky.feed.post/3mfvwew7vws22,bafyreic4gsmabxdtwhnpl6e74avyiwsusuziazuol45h2upnm7w6cdeuvm,did:plc:476k2djpoi35txb7w6jcyav5,1912exiles.com,,
da2d6d8a346749cda98bd51cb6d99a52,2026-02-28T11:00:00Z,2026-02-28T11:18:25Z,auth,auth_enUS_labelerexp,at://did:plc:kogkquurpi7vd6ck2tndcoog/app.bsky.feed.generator/aaahe25fq3iao,suggested_labelerexp,11,at://did:plc:s3iia424wxtxlz4fcdqavlc2/app.bsky.feed.post/3mfvwai2wkk27,bafyreihehrthymqivkkloye4jm5nfa7wpjgcva3zq4bcsj6zwgd4udo5au,did:plc:s3iia424wxtxlz4fcdqavlc2,mistyfknmorgan.bsky.social,,
da2d6d8a346749cda98bd51cb6d99a52,2026-02-28T11:00:00Z,2026-02-28T11:18:25Z,auth,auth_enUS_labelerexp,at://did:plc:kogkquurpi7vd6ck2tndcoog/app.bsky.feed.generator/aaahe25fq3iao,suggested_labelerexp,12,at://did:plc:mcb6n67plnrlx4lg35natk2b/app.bsky.feed.post/3mfvviulx272g,bafyreibnxam5xqzwlqbsb5ln5jwpnxha6qdwvxonpr2xobaycwvx7zoccm,did:plc:mcb6n67plnrlx4lg35natk2b,nowbreezing.ntw.app,,
da2d6d8a346749cda98bd51cb6d99a52,2026-02-28T11:00:00Z,2026-02-28T11:18:25Z,auth,auth_enUS_labelerexp,at://did:plc:kogkquurpi7vd6ck2tndcoog/app.bsky.feed.generator/aaahe25fq3iao,suggested_labelerexp,13,at://did:plc:vmapg4cdx4ctngrde5lwyx2z/app.bsky.feed.post/3mfvvfddvrt2w,bafyreifhcwbn7awi7hsgy7mab7zu4hwmkdar5rg3rqygayskv6lwh2fyvy,did:plc:vmapg4cdx4ctngrde5lwyx2z,ariifrostt.bsky.social,,
da2d6d8a346749cda98bd51cb6d99a52,2026-02-28T11:00:00Z,2026-02-28T11:18:25Z,auth,auth_enUS_labelerexp,at://did:plc:kogkquurpi7vd6ck2tndcoog/app.bsky.feed.generator/aaahe25fq3iao,suggested_labelerexp,14,at://did:plc:jlcflvygw7jnttso3bpisnc7/app.bsky.feed.post/3mfvv7lnxyl2d,bafyreifktddn6kqc43si3pi65xkuqejoi3web4h67ym6hoq7stv224puoa,did:plc:jlcflvygw7jnttso3bpisnc7,dc-comics-porn.bsky.social,,
da2d6d8a346749cda98bd51cb6d99a52,2026-02-28T11:00:00Z,2026-02-28T11:18:25Z,auth,auth_enUS_labelerexp,at://did:plc:kogkquurpi7vd6ck2tndcoog/app.bsky.feed.generator/aaahe25fq3iao,suggested_labelerexp,15,at://did:plc:r5l354ahi4j565yb77nt3y26/app.bsky.feed.post/3mfvv5zi5qi27,bafyreicxmv2ara3r5v5pmvfc443emutcwuqx5dm5mmb4czbdbuvgjfbz24,did:plc:r5l354ahi4j565yb77nt3y26,marvel-rivals-porn.bsky.social,,
da2d6d8a346749cda98bd51cb6d99a52,2026-02-28T11:00:00Z,2026-02-28T11:18:25Z,auth,auth_enUS_labelerexp,at://did:plc:kogkquurpi7vd6ck2tndcoog/app.bsky.feed.generator/aaahe25fq3iao,suggested_labelerexp,16,at://did:plc:mcb6n67plnrlx4lg35natk2b/app.bsky.feed.post/3mfvuwwyieo2y,bafyreia3sncmyhpm5yjo7iohovwarxtyyuszusibnn6zssqdshtas6t5za,did:plc:mcb6n67plnrlx4lg35natk2b,nowbreezing.ntw.app,,
da2d6d8a346749cda98bd51cb6d99a52,2026-02-28T11:00:00Z,2026-02-28T11:18:25Z,auth,auth_enUS_labelerexp,at://did:plc:kogkquurpi7vd6ck2tndcoog/app.bsky.feed.generator/aaahe25fq3iao,suggested_labelerexp,17,at://did:plc:2gxxhjv6ioyatkjww3c7mrbk/app.bsky.feed.post/3mfvuwjtc7t2l,bafyreibym3lid2is2opsxzfhursbyf23veda6usixnvfoxredwk2rldddi,did:plc:2gxxhjv6ioyatkjww3c7mrbk,milf-porn.bsky.social,,
da2d6d8a346749cda98bd51cb6d99a52,2026-02-28T11:00:00Z,2026-02-28T11:18:25Z,auth,auth_enUS_labelerexp,at://did:plc:kogkquurpi7vd6ck2tndcoog/app.bsky.feed.generator/aaahe25fq3iao,suggested_labelerexp,18,at://did:plc:k7pa7fkl64y5zt5g77tf4xxx/app.bsky.feed.post/3mfvut755pj2x,bafyreia6v7ef77ytnd6yhfdlnd4s54mecexko2d2ij6c24bq2zqaygjxqe,did:plc:k7pa7fkl64y5zt5g77tf4xxx,flirtydeals.com,,
da2d6d8a346749cda98bd51cb6d99a52,2026-02-28T11:00:00Z,2026-02-28T11:18:25Z,auth,auth_enUS_labelerexp,at://did:plc:kogkquurpi7vd6ck2tndcoog/app.bsky.feed.generator/aaahe25fq3iao,suggested_labelerexp,19,at://did:plc:kyuuchj52ospysaw7j6te4z7/app.bsky.feed.post/3mfvuowsb6c2l,bafyreih27k3xh53ogofqeorzixnofddiawi2feqoiggljnbgwipp6qeb2i,did:plc:kyuuchj52ospysaw7j6te4z7,nicnacnoopixs.bsky.social,,
da2d6d8a346749cda98bd51cb6d99a52,2026-02-28T11:00:00Z,2026-02-28T11:18:25Z,auth,auth_enUS_labelerexp,at://did:plc:kogkquurpi7vd6ck2tndcoog/app.bsky.feed.generator/aaahe25fq3iao,suggested_labelerexp,20,at://did:plc:lwryqzohbf3jnt7albdzynlr/app.bsky.feed.post/3mfvuo72gps2z,bafyreibbzr7u2elzdhifxrlolsbh5z25wzbinfavi3tfvvbyqsrfuso4si,did:plc:lwryqzohbf3jnt7albdzynlr,pixiemistress.bsky.social,,
da2d6d8a346749cda98bd51cb6d99a52,2026-02-28T11:00:00Z,2026-02-28T11:18:25Z,auth,auth_enUS_labelerexp,at://did:plc:kogkquurpi7vd6ck2tndcoog/app.bsky.feed.generator/aaahe25fq3iao,suggested_labelerexp,21,at://did:plc:tmafg76mngsqrkcobn5ixw7o/app.bsky.feed.post/3mfvtuy5qys2u,bafyreigdgychutrafosyq4pbykmhk3uddfbmgdrmrbwwij64g47qhibrlm,did:plc:tmafg76mngsqrkcobn5ixw7o,karenarcher.bsky.social,,
da2d6d8a346749cda98bd51cb6d99a52,2026-02-28T11:00:00Z,2026-02-28T11:18:25Z,auth,auth_enUS_labelerexp,at://did:plc:kogkquurpi7vd6ck2tndcoog/app.bsky.feed.generator/aaahe25fq3iao,suggested_labelerexp,22,at://did:plc:6dobscjfzfkwm2tollzuiksb/app.bsky.feed.post/3mfvtm7yywk2d,bafyreifqevt3pf7o2szjg27neidajjjccsguqyyh4sf66ceia2x3fqlyvm,did:plc:6dobscjfzfkwm2tollzuiksb,frauinga.bsky.social,,
da2d6d8a346749cda98bd51cb6d99a52,2026-02-28T11:00:00Z,2026-02-28T11:18:25Z,auth,auth_enUS_labelerexp,at://did:plc:kogkquurpi7vd6ck2tndcoog/app.bsky.feed.generator/aaahe25fq3iao,suggested_labelerexp,23,at://did:plc:r5l354ahi4j565yb77nt3y26/app.bsky.feed.post/3mfvtiibbts23,bafyreidebc3w6vg7wzhonal7fzuhyuy3rgfear7j7h5ynceh3lim4wkewy,did:plc:r5l354ahi4j565yb77nt3y26,marvel-rivals-porn.bsky.social,,
da2d6d8a346749cda98bd51cb6d99a52,2026-02-28T11:00:00Z,2026-02-28T11:18:25Z,auth,auth_enUS_labelerexp,at://did:plc:kogkquurpi7vd6ck2tndcoog/app.bsky.feed.generator/aaahe25fq3iao,suggested_labelerexp,24,at://did:plc:3hwdcko2xqgrj2sromkhwyvk/app.bsky.feed.post/3mfvt3msahm2k,bafyreifljro6mblqhpblbfxuy2ciz4gix2u6cjzrqxvwsanox2ad2acgfu,did:plc:3hwdcko2xqgrj2sromkhwyvk,gym-porn.bsky.social,,
da2d6d8a346749cda98bd51cb6d99a52,2026-02-28T11:00:00Z,2026-02-28T11:18:25Z,auth,auth_enUS_labelerexp,at://did:plc:kogkquurpi7vd6ck2tndcoog/app.bsky.feed.generator/aaahe25fq3iao,suggested_labelerexp,25,at://did:plc:vmapg4cdx4ctngrde5lwyx2z/app.bsky.feed.post/3mfvs67iwou2w,bafyreifq65lae2fubsfostbef5h2p75cddjfmbv77fl7654vfwr3esurbq,did:plc:vmapg4cdx4ctngrde5lwyx2z,ariifrostt.bsky.social,,
da2d6d8a346749cda98bd51cb6d99a52,2026-02-28T11:00:00Z,2026-02-28T11:18:25Z,auth,auth_enUS_labelerexp,at://did:plc:kogkquurpi7vd6ck2tndcoog/app.bsky.feed.generator/aaahe25fq3iao,suggested_labelerexp,26,at://did:plc:k7pa7fkl64y5zt5g77tf4xxx/app.bsky.feed.post/3mfvrhp22xw22,bafyreibw3jy23b55yd3jer3tupkns6kfuy6hjx6dri2zarqf47u6zw7tdy,did:plc:k7pa7fkl64y5zt5g77tf4xxx,flirtydeals.com,,
da2d6d8a346749cda98bd51cb6d99a52,2026-02-28T11:00:00Z,2026-02-28T11:18:25Z,auth,auth_enUS_labelerexp,at://did:plc:kogkquurpi7vd6ck2tndcoog/app.bsky.feed.generator/aaahe25fq3iao,suggested_labelerexp,27,at://did:plc:2kq3om2pprqdkuzrendyxqz3/app.bsky.feed.post/3mfvrfvvuds2f,bafyreihxy4n3gwjfzf7jihoasxnldc5wu7lhkavinum7kv3fsgijkj4cne,did:plc:2kq3om2pprqdkuzrendyxqz3,f0x7r07yt.bsky.social,,
da2d6d8a346749cda98bd51cb6d99a52,2026-02-28T11:00:00Z,2026-02-28T11:18:25Z,auth,auth_enUS_labelerexp,at://did:plc:kogkquurpi7vd6ck2tndcoog/app.bsky.feed.generator/aaahe25fq3iao,suggested_labelerexp,28,at://did:plc:adxl5uzwn6huosqb7rdscx73/app.bsky.feed.post/3mfvqkq6oos2m,bafyreihec5odu4qtbdx66qtxps5e3x5uu5lngznoihr3gxtf2sjipsl2dm,did:plc:adxl5uzwn6huosqb7rdscx73,xxfloriane.bsky.social,,
da2d6d8a346749cda98bd51cb6d99a52,2026-02-28T11:00:00Z,2026-02-28T11:18:25Z,auth,auth_enUS_labelerexp,at://did:plc:kogkquurpi7vd6ck2tndcoog/app.bsky.feed.generator/aaahe25fq3iao,suggested_labelerexp,29,at://did:plc:mcb6n67plnrlx4lg35natk2b/app.bsky.feed.post/3mfvpw2wgj72x,bafyreifbwoczyk7hdhv65bxvven3ssqha62ojcqfjoruiqnmqs6bjpke6q,did:plc:mcb6n67plnrlx4lg35natk2b,nowbreezing.ntw.app,,
da2d6d8a346749cda98bd51cb6d99a52,2026-02-28T11:00:00Z,2026-02-28T11:18:25Z,auth,auth_enUS_labelerexp,at://did:plc:kogkquurpi7vd6ck2tndcoog/app.bsky.feed.generator/aaahe25fq3iao,suggested_labelerexp,30,at://did:plc:edqprsxm63q3k745r7txilh5/app.bsky.feed.post/3mfvptjtzbk2k,bafyreicznvwbxvwkwsnlzz6qsjutg2oahwguqodrpb72qphck2yifshejq,did:plc:edqprsxm63q3k745r7txilh5,wofsluts.bsky.social,,
da2d6d8a346749cda98bd51cb6d99a52,2026-02-28T11:00:00Z,2026-02-28T11:18:25Z,auth,auth_enUS_labelerexp,at://did:plc:kogkquurpi7vd6ck2tndcoog/app.bsky.feed.generator/aaahe25fq3iao,suggested_labelerexp,31,at://did:plc:lvaedgjxjopyrlfbq2fc25cz/app.bsky.feed.post/3mfvpskdjs224,bafyreifx2irfkwrfnh7iznvpiiutneynokbg4l5ouqnewr7jd7hpyfirha,did:plc:lvaedgjxjopyrlfbq2fc25cz,bbcgangbangcrew.bsky.social,,
da2d6d8a346749cda98bd51cb6d99a52,2026-02-28T11:00:00Z,2026-02-28T11:18:25Z,auth,auth_enUS_labelerexp,at://did:plc:kogkquurpi7vd6ck2tndcoog/app.bsky.feed.generator/aaahe25fq3iao,suggested_labelerexp,32,at://did:plc:edqprsxm63q3k745r7txilh5/app.bsky.feed.post/3mfvpf67zys2k,bafyreiehpm7y2ttn2gjzw7tkrp6vtwri2sqjurhdvc42oqzxa6hm7hrxte,did:plc:edqprsxm63q3k745r7txilh5,wofsluts.bsky.social,,
da2d6d8a346749cda98bd51cb6d99a52,2026-02-28T11:00:00Z,2026-02-28T11:18:25Z,auth,auth_enUS_labelerexp,at://did:plc:kogkquurpi7vd6ck2tndcoog/app.bsky.feed.generator/aaahe25fq3iao,suggested_labelerexp,33,at://did:plc:edqprsxm63q3k745r7txilh5/app.bsky.feed.post/3mfvp7rhvmc2k,bafyreihu2jcborfallywrbgw5okedoeq5ju4cwlhav7rn6if3cmjpknpl4,did:plc:edqprsxm63q3k745r7txilh5,wofsluts.bsky.social,,
da2d6d8a346749cda98bd51cb6d99a52,2026-02-28T11:00:00Z,2026-02-28T11:18:25Z,auth,auth_enUS_labelerexp,at://did:plc:kogkquurpi7vd6ck2tndcoog/app.bsky.feed.generator/aaahe25fq3iao,suggested_labelerexp,34,at://did:plc:7pirvy4egeh3itzgzft3zbcb/app.bsky.feed.post/3mfvo5adsak22,bafyreihoc75kyw62owscmg4fv6ukkxr2crylvdnd5pvhjbl4fmsclslha4,did:plc:7pirvy4egeh3itzgzft3zbcb,tritikochan.bsky.social,,
da2d6d8a346749cda98bd51cb6d99a52,2026-02-28T11:00:00Z,2026-02-28T11:18:25Z,auth,auth_enUS_labelerexp,at://did:plc:kogkquurpi7vd6ck2tndcoog/app.bsky.feed.generator/aaahe25fq3iao,suggested_labelerexp,35,at://did:plc:mcb6n67plnrlx4lg35natk2b/app.bsky.feed.post/3mfvn4hit2e25,bafyreidrcnjsxcifr5pc64iusbagsht2n4oqlx2cmuijxe5lzg4vzkjnpi,did:plc:mcb6n67plnrlx4lg35natk2b,nowbreezing.ntw.app,,
da2d6d8a346749cda98bd51cb6d99a52,2026-02-28T11:00:00Z,2026-02-28T11:18:25Z,auth,auth_enUS_labelerexp,at://did:plc:kogkquurpi7vd6ck2tndcoog/app.bsky.feed.generator/aaahe25fq3iao,suggested_labelerexp,36,at://did:plc:27ne33sghinyz3mduuq53tga/app.bsky.feed.post/3mfvmuoc37k22,bafyreielcleehrw3exubfyb6zgee3l26mgj24iys7r3cj6y5uphrwcndpa,did:plc:27ne33sghinyz3mduuq53tga,maxdeep.bsky.social,,
da2d6d8a346749cda98bd51cb6d99a52,2026-02-28T11:00:00Z,2026-02-28T11:18:25Z,auth,auth_enUS_labelerexp,at://did:plc:kogkquurpi7vd6ck2tndcoog/app.bsky.feed.generator/aaahe25fq3iao,suggested_labelerexp,37,at://did:plc:jz5quvbahkywbtiwbigrvrfg/app.bsky.feed.post/3mfvmpnnuv227,bafyreif2ub4cwlar3cz3k55ze3c7xu3vzhw6ytpge47d6eshknho3mcuti,did:plc:jz5quvbahkywbtiwbigrvrfg,joszon.bsky.social,,
da2d6d8a346749cda98bd51cb6d99a52,2026-02-28T11:00:00Z,2026-02-28T11:18:25Z,auth,auth_enUS_labelerexp,at://did:plc:kogkquurpi7vd6ck2tndcoog/app.bsky.feed.generator/aaahe25fq3iao,suggested_labelerexp,38,at://did:plc:vpmsy4e75xl5iglu6677semw/app.bsky.feed.post/3mfvlot3ayc2q,bafyreielslak6bj25mqbnx745sbve5t7nzxadi6zyftfnjtqkjjas2s56e,did:plc:vpmsy4e75xl5iglu6677semw,lithiumsucks.bsky.social,,
da2d6d8a346749cda98bd51cb6d99a52,2026-02-28T11:00:00Z,2026-02-28T11:18:25Z,auth,auth_enUS_labelerexp,at://did:plc:kogkquurpi7vd6ck2tndcoog/app.bsky.feed.generator/aaahe25fq3iao,suggested_labelerexp,39,at://did:plc:bfq2re4mbk6t6bj5k6p2vakd/app.bsky.feed.post/3mfvjitrrwc2l,bafyreigdpdu7c2hmpuu6ny527tg42i7dbx25wz2zqu5z7khdomqudppqyi,did:plc:bfq2re4mbk6t6bj5k6p2vakd,pixieped.bsky.social,,
da2d6d8a346749cda98bd51cb6d99a52,2026-02-28T11:00:00Z,2026-02-28T11:18:25Z,auth,auth_enUS_labelerexp,at://did:plc:kogkquurpi7vd6ck2tndcoog/app.bsky.feed.generator/aaahe25fq3iao,suggested_labelerexp,40,at://did:plc:mcb6n67plnrlx4lg35natk2b/app.bsky.feed.post/3mfvi3wjmfm2u,bafyreia2kmdknn5jv27xxcu3hg5pk7o725e4nr6y3f5ro73ojturpijzma,did:plc:mcb6n67plnrlx4lg35natk2b,nowbreezing.ntw.app,,
da2d6d8a346749cda98bd51cb6d99a52,2026-02-28T11:00:00Z,2026-02-28T11:18:25Z,auth,auth_enUS_labelerexp,at://did:plc:kogkquurpi7vd6ck2tndcoog/app.bsky.feed.generator/aaahe25fq3iao,suggested_labelerexp,41,at://did:plc:zgitowc3gyg6r5lo4nkyz6nb/app.bsky.feed.post/3mfvi3gsbi22n,bafyreig2uc4biwc2thqlvnd7nympppt77jzdozbz2jgbi4ffx3n6zwy6ci,did:plc:zgitowc3gyg6r5lo4nkyz6nb,sweets550.bsky.social,,
da2d6d8a346749cda98bd51cb6d99a52,2026-02-28T11:00:00Z,2026-02-28T11:18:25Z,auth,auth_enUS_labelerexp,at://did:plc:kogkquurpi7vd6ck2tndcoog/app.bsky.feed.generator/aaahe25fq3iao,suggested_labelerexp,42,at://did:plc:q2bvornhrcvznhvqk27rwgfj/app.bsky.feed.post/3mfvhwjv73v2k,bafyreid6ycesmisahtuq5dkw4gncc4olguveejenmzcbyat2hqzbyyoaty,did:plc:q2bvornhrcvznhvqk27rwgfj,emo-porn.bsky.social,,
da2d6d8a346749cda98bd51cb6d99a52,2026-02-28T11:00:00Z,2026-02-28T11:18:25Z,auth,auth_enUS_labelerexp,at://did:plc:kogkquurpi7vd6ck2tndcoog/app.bsky.feed.generator/aaahe25fq3iao,suggested_labelerexp,43,at://did:plc:vmapg4cdx4ctngrde5lwyx2z/app.bsky.feed.post/3mfvhj5axia2r,bafyreib5iitjz7je7do5qvemsftae64v3lbklv5zcldrukf43xp2vtmey4,did:plc:vmapg4cdx4ctngrde5lwyx2z,ariifrostt.bsky.social,,
da2d6d8a346749cda98bd51cb6d99a52,2026-02-28T11:00:00Z,2026-02-28T11:18:25Z,auth,auth_enUS_labelerexp,at://did:plc:kogkquurpi7vd6ck2tndcoog/app.bsky.feed.generator/aaahe25fq3iao,suggested_labelerexp,44,at://did:plc:mcb6n67plnrlx4lg35natk2b/app.bsky.feed.post/3mfvgfxhs5o23,bafyreia77khw5lew7k5cmxgopohh2vktkrv4teg3dxxylzez4bl4rbjcya,did:plc:mcb6n67plnrlx4lg35natk2b,nowbreezing.ntw.app,,
da2d6d8a346749cda98bd51cb6d99a52,2026-02-28T11:00:00Z,2026-02-28T11:18:25Z,auth,auth_enUS_labelerexp,at://did:plc:kogkquurpi7vd6ck2tndcoog/app.bsky.feed.generator/aaahe25fq3iao,suggested_labelerexp,45,at://did:plc:q2bvornhrcvznhvqk27rwgfj/app.bsky.feed.post/3mfvgaar6jv2n,bafyreid3lwevubiov7cxtxmuffo2rfkftmixuleuky4grtn3e7ktj3yquq,did:plc:q2bvornhrcvznhvqk27rwgfj,emo-porn.bsky.social,,
da2d6d8a346749cda98bd51cb6d99a52,2026-02-28T11:00:00Z,2026-02-28T11:18:25Z,auth,auth_enUS_labelerexp,at://did:plc:kogkquurpi7vd6ck2tndcoog/app.bsky.feed.generator/aaahe25fq3iao,suggested_labelerexp,46,at://did:plc:jlcflvygw7jnttso3bpisnc7/app.bsky.feed.post/3mfvg6hwp4c2e,bafyreicdrsdd5zjjc6uopmqsxm4xy5t23qon3cx5g5h4fqfmwp2cnk7eya,did:plc:jlcflvygw7jnttso3bpisnc7,dc-comics-porn.bsky.social,,
da2d6d8a346749cda98bd51cb6d99a52,2026-02-28T11:00:00Z,2026-02-28T11:18:25Z,auth,auth_enUS_labelerexp,at://did:plc:kogkquurpi7vd6ck2tndcoog/app.bsky.feed.generator/aaahe25fq3iao,suggested_labelerexp,47,at://did:plc:nr4su5f4jncsjz5p7onprxsq/app.bsky.feed.post/3mfvg4y3pqg2s,bafyreicob2b4annugcmdwvs4shdmsytl6mczau5l3er2civifnfsw7esvu,did:plc:nr4su5f4jncsjz5p7onprxsq,petite-porn.bsky.social,,
da2d6d8a346749cda98bd51cb6d99a52,2026-02-28T11:00:00Z,2026-02-28T11:18:25Z,auth,auth_enUS_labelerexp,at://did:plc:kogkquurpi7vd6ck2tndcoog/app.bsky.feed.generator/aaahe25fq3iao,suggested_labelerexp,48,at://did:plc:zcrkcob3ak4pyaefkbidgriq/app.bsky.feed.post/3mfvfwob2vc2w,bafyreidtcrru7t6zdh5vn2n66tw4et2xsyamd5mnyywndb77j355av7w2y,did:plc:zcrkcob3ak4pyaefkbidgriq,shellanfire.bsky.social,,
da2d6d8a346749cda98bd51cb6d99a52,2026-02-28T11:00:00Z,2026-02-28T11:18:25Z,auth,auth_enUS_labelerexp,at://did:plc:kogkquurpi7vd6ck2tndcoog/app.bsky.feed.generator/aaahe25fq3iao,suggested_labelerexp,49,at://did:plc:vvzkjjb565zjzfusta6ed43i/app.bsky.feed.post/3mfvf2cg7ws2g,bafyreialsgbiijw7etyi3urvz2zpqzhm6fowi5rz5srwzgcgwsahfyxsd4,did:plc:vvzkjjb565zjzfusta6ed43i,biteybitey.bsky.social,,
da2d6d8a346749cda98bd51cb6d99a52,2026-02-28T11:00:00Z,2026-02-28T11:18:25Z,auth,auth_enUS_labelerexp,at://did:plc:kogkquurpi7vd6ck2tndcoog/app.bsky.feed.generator/aaahe25fq3iao,suggested_labelerexp,50,at://did:plc:k7pa7fkl64y5zt5g77tf4xxx/app.bsky.feed.post/3mfve2qvfmh2v,bafyreiewjfnuei7v2s7rpvivwifdco25khb3visuralvo4i5ifjm5ijbum,did:plc:k7pa7fkl64y5zt5g77tf4xxx,flirtydeals.com,,
da2d6d8a346749cda98bd51cb6d99a52,2026-02-28T11:00:00Z,2026-02-28T11:18:27Z,auth,auth_enUS_labelerexp,at://did:plc:lyvh35oonxn4rkcdx7wsph4q/app.bsky.feed.generator/aaamsaqurkzls,suggested_labelerexp,1,at://did:plc:t7qo55cmpog5pu3f7n2t22vc/app.bsky.feed.post/3mfw3hdmrlk2p,bafyreiehoidevw4fbami3qodyas6y5q4lj3e5d3gut6l3ukidy2gx7q5zm,did:plc:t7qo55cmpog5pu3f7n2t22vc,chotaku.bsky.social,,
da2d6d8a346749cda98bd51cb6d99a52,2026-02-28T11:00:00Z,2026-02-28T11:18:27Z,auth,auth_enUS_labelerexp,at://did:plc:lyvh35oonxn4rkcdx7wsph4q/app.bsky.feed.generator/aaamsaqurkzls,suggested_labelerexp,2,at://did:plc:4pplvz2ojtb72vf5osm57hct/app.bsky.feed.post/3mfw3h5n5qs2s,bafyreigpvfedrk3ghyex7fjvsxo7zbyjmcjuf47pvqiwyjxr452lnft6f4,did:plc:4pplvz2ojtb72vf5osm57hct,efz-bg3.bsky.social,,
da2d6d8a346749cda98bd51cb6d99a52,2026-02-28T11:00:00Z,2026-02-28T11:18:27Z,auth,auth_enUS_labelerexp,at://did:plc:lyvh35oonxn4rkcdx7wsph4q/app.bsky.feed.generator/aaamsaqurkzls,suggested_labelerexp,3,at://did:plc:wqa7ygdl5uwn2tfb7jkybdxd/app.bsky.feed.post/3mfw3h5mdf22d,bafyreigbquy44ndx3iaht5obfyenscwcvmac7i7ejnq4swdyywr2vgi6qa,did:plc:wqa7ygdl5uwn2tfb7jkybdxd,allemeinebier.bsky.social,,
da2d6d8a346749cda98bd51cb6d99a52,2026-02-28T11:00:00Z,2026-02-28T11:18:27Z,auth,auth_enUS_labelerexp,at://did:plc:lyvh35oonxn4rkcdx7wsph4q/app.bsky.feed.generator/aaamsaqurkzls,suggested_labelerexp,4,at://did:plc:4z2yz5zfmyjfccg3kh4sg3rt/app.bsky.feed.post/3mfw3gzynac2k,bafyreifyk2pzv3srjdxdenz4c3l5wbkk7yfxarcvkpkzstm33itaos3b44,did:plc:4z2yz5zfmyjfccg3kh4sg3rt,samseon.bsky.social,,
da2d6d8a346749cda98bd51cb6d99a52,2026-02-28T11:00:00Z,2026-02-28T11:18:27Z,auth,auth_enUS_labelerexp,at://did:plc:lyvh35oonxn4rkcdx7wsph4q/app.bsky.feed.generator/aaamsaqurkzls,suggested_labelerexp,5,at://did:plc:a6qvfkbrohedqy3dt6k5mdv6/app.bsky.feed.post/3mfw3gycygs2l,bafyreidcqlle5763xv72esrhchebu75pzdhi45pa2jja6nijrloiof4yka,did:plc:a6qvfkbrohedqy3dt6k5mdv6,jejuorange.bsky.social,,
da2d6d8a346749cda98bd51cb6d99a52,2026-02-28T11:00:00Z,2026-02-28T11:18:27Z,auth,auth_enUS_labelerexp,at://did:plc:lyvh35oonxn4rkcdx7wsph4q/app.bsky.feed.generator/aaamsaqurkzls,suggested_labelerexp,6,at://did:plc:5eqbw5qqhamwnv7pswj7lt4r/app.bsky.feed.post/3mfw3gy57uk2c,bafyreidikumhlwreiusr365j2zvnnnnomoassm5de27u65sc7tzmxq4y34,did:plc:5eqbw5qqhamwnv7pswj7lt4r,filianore-aura.bsky.social,,
da2d6d8a346749cda98bd51cb6d99a52,2026-02-28T11:00:00Z,2026-02-28T11:18:27Z,auth,auth_enUS_labelerexp,at://did:plc:lyvh35oonxn4rkcdx7wsph4q/app.bsky.feed.generator/aaamsaqurkzls,suggested_labelerexp,7,at://did:plc:vxootftltdy5zcwkmz2l74f5/app.bsky.feed.post/3mfw3gwpwnk2i,bafyreiai3ji6r72fgfaud6fjvjrl7oy2l32rfpzyjwyw2uxr2w32agbdpq,did:plc:vxootftltdy5zcwkmz2l74f5,guarikun.bsky.social,,
da2d6d8a346749cda98bd51cb6d99a52,2026-02-28T11:00:00Z,2026-02-28T11:18:27Z,auth,auth_enUS_labelerexp,at://did:plc:lyvh35oonxn4rkcdx7wsph4q/app.bsky.feed.generator/aaamsaqurkzls,suggested_labelerexp,8,at://did:plc:4sikri2qp45ysbclvjx6sh5v/app.bsky.feed.post/3mfw3gud3o22t,bafyreigvzvjsjepb6i7yeezn33ntmjnb2rf2im3ojqx35h2hkufsweqedu,did:plc:4sikri2qp45ysbclvjx6sh5v,yoont-rpg.bsky.social,,
da2d6d8a346749cda98bd51cb6d99a52,2026-02-28T11:00:00Z,2026-02-28T11:18:27Z,auth,auth_enUS_labelerexp,at://did:plc:lyvh35oonxn4rkcdx7wsph4q/app.bsky.feed.generator/aaamsaqurkzls,suggested_labelerexp,9,at://did:plc:o7cljehe7ejr73xfkkvf5x5o/app.bsky.feed.post/3mfw3gtw3nk2r,bafyreidn5b7vbkgpzpit5wbxtzsn5ac7i7cpg5k63trzdd2vkbgj34anga,did:plc:o7cljehe7ejr73xfkkvf5x5o,ddai22.bsky.social,,
da2d6d8a346749cda98bd51cb6d99a52,2026-02-28T11:00:00Z,2026-02-28T11:18:27Z,auth,auth_enUS_labelerexp,at://did:plc:lyvh35oonxn4rkcdx7wsph4q/app.bsky.feed.generator/aaamsaqurkzls,suggested_labelerexp,10,at://did:plc:xi2xhaaltzrkqen2vxpz3o4e/app.bsky.feed.post/3mfw3gtp6x22c,bafyreidr3dn4usakipavh2ei5u2at76zoil6ewd3jvfrijn7yt7miubbw4,did:plc:xi2xhaaltzrkqen2vxpz3o4e,a-mode.bsky.social,,
da2d6d8a346749cda98bd51cb6d99a52,2026-02-28T11:00:00Z,2026-02-28T11:18:27Z,auth,auth_enUS_labelerexp,at://did:plc:lyvh35oonxn4rkcdx7wsph4q/app.bsky.feed.generator/aaamsaqurkzls,suggested_labelerexp,11,at://did:plc:7h22cu5owb5ef6euettatssf/app.bsky.feed.post/3mfw3gqymgs2c,bafyreid764r6fitxh4qgreml3g7rpz3du7a3qnzk5eysebm4kp55labcqi,did:plc:7h22cu5owb5ef6euettatssf,0w0np.bsky.social,,
da2d6d8a346749cda98bd51cb6d99a52,2026-02-28T11:00:00Z,2026-02-28T11:18:27Z,auth,auth_enUS_labelerexp,at://did:plc:lyvh35oonxn4rkcdx7wsph4q/app.bsky.feed.generator/aaamsaqurkzls,suggested_labelerexp,12,at://did:plc:vu2x7hqoqocvo4l3ps3ygosf/app.bsky.feed.post/3mfw3gppqt22e,bafyreidfydzkn7tbznzhsjq42fiflxggwec4bhuc6qtqjnqs5s5j7qj3oy,did:plc:vu2x7hqoqocvo4l3ps3ygosf,wankmanwilcox.bsky.social,,
da2d6d8a346749cda98bd51cb6d99a52,2026-02-28T11:00:00Z,2026-02-28T11:18:27Z,auth,auth_enUS_labelerexp,at://did:plc:lyvh35oonxn4rkcdx7wsph4q/app.bsky.feed.generator/aaamsaqurkzls,suggested_labelerexp,13,at://did:plc:obplmwfckwxdcb7khsxduiry/app.bsky.feed.post/3mfw3gpo7yk2h,bafyreifkjhyxamafzhe4usc7oeymptmfrckzbujf7qienute5uwf3wsafq,did:plc:obplmwfckwxdcb7khsxduiry,oggidomani.bsky.social,,
da2d6d8a346749cda98bd51cb6d99a52,2026-02-28T11:00:00Z,2026-02-28T11:18:27Z,auth,auth_enUS_labelerexp,at://did:plc:lyvh35oonxn4rkcdx7wsph4q/app.bsky.feed.generator/aaamsaqurkzls,suggested_labelerexp,14,at://did:plc:lid3pgecmrhyl5v7kgi5mypm/app.bsky.feed.post/3mfw3goswx227,bafyreid3s7ck2244iiec2jgmuyhjkhdtkfwvpq52j5peiwdfh7xzzsfzvu,did:plc:lid3pgecmrhyl5v7kgi5mypm,dyliyeong.bsky.social,,
da2d6d8a346749cda98bd51cb6d99a52,2026-02-28T11:00:00Z,2026-02-28T11:18:27Z,auth,auth_enUS_labelerexp,at://did:plc:lyvh35oonxn4rkcdx7wsph4q/app.bsky.feed.generator/aaamsaqurkzls,suggested_labelerexp,15,at://did:plc:n2hpdmnk6vyi77js7rtpixnc/app.bsky.feed.post/3mfw3gojyss2f,bafyreial3iain5cb37hejr5xsm747dynoiamkdehpafij2ijilsuzye64m,did:plc:n2hpdmnk6vyi77js7rtpixnc,delicate-00.bsky.social,,
da2d6d8a346749cda98bd51cb6d99a52,2026-02-28T11:00:00Z,2026-02-28T11:18:27Z,auth,auth_enUS_labelerexp,at://did:plc:lyvh35oonxn4rkcdx7wsph4q/app.bsky.feed.generator/aaamsaqurkzls,suggested_labelerexp,16,at://did:plc:ou2k537bmvlrqhuuugbt6z3r/app.bsky.feed.post/3mfw3gmntz22a,bafyreigheltdtzcxi6ywb7ukup5xvdowziyh4x3sdcx2esztgwgivxhjoa,did:plc:ou2k537bmvlrqhuuugbt6z3r,brishbright.bsky.social,,
da2d6d8a346749cda98bd51cb6d99a52,2026-02-28T11:00:00Z,2026-02-28T11:18:27Z,auth,auth_enUS_labelerexp,at://did:plc:lyvh35oonxn4rkcdx7wsph4q/app.bsky.feed.generator/aaamsaqurkzls,suggested_labelerexp,17,at://did:plc:o7cljehe7ejr73xfkkvf5x5o/app.bsky.feed.post/3mfw3gkthts2r,bafyreib6w35umjq3mj36bb5tregyiel3uzj4lwg6n7rjenr72jst7yruie,did:plc:o7cljehe7ejr73xfkkvf5x5o,ddai22.bsky.social,,
da2d6d8a346749cda98bd51cb6d99a52,2026-02-28T11:00:00Z,2026-02-28T11:18:27Z,auth,auth_enUS_labelerexp,at://did:plc:lyvh35oonxn4rkcdx7wsph4q/app.bsky.feed.generator/aaamsaqurkzls,suggested_labelerexp,18,at://did:plc:skw7wb26ccukmxgsprmcrkim/app.bsky.feed.post/3mfw3gk7ysc27,bafyreiccokicgdw57l2idy2tpqsmhys67zmq6x5w6far5d4e6peuvw6zxy,did:plc:skw7wb26ccukmxgsprmcrkim,lepre.bsky.social,,
da2d6d8a346749cda98bd51cb6d99a52,2026-02-28T11:00:00Z,2026-02-28T11:18:27Z,auth,auth_enUS_labelerexp,at://did:plc:lyvh35oonxn4rkcdx7wsph4q/app.bsky.feed.generator/aaamsaqurkzls,suggested_labelerexp,19,at://did:plc:dc6uonbetwchlqdjgkwuasdn/app.bsky.feed.post/3mfw3gikroc27,bafyreiaayfes2lwd6k2iqqdj3zlod7hh7n25d3d2e4fq22lmmbvfhog65m,did:plc:dc6uonbetwchlqdjgkwuasdn,monicaaaabbb.bsky.social,,
da2d6d8a346749cda98bd51cb6d99a52,2026-02-28T11:00:00Z,2026-02-28T11:18:27Z,auth,auth_enUS_labelerexp,at://did:plc:lyvh35oonxn4rkcdx7wsph4q/app.bsky.feed.generator/aaamsaqurkzls,suggested_labelerexp,20,at://did:plc:wkvoulznshweh2dmerecy6t4/app.bsky.feed.post/3mfw3ggglzs2a,bafyreiet6ygqpm66efpkajiurlqvinyrx6sdtm2pium2kgl52hn6cir6oa,did:plc:wkvoulznshweh2dmerecy6t4,warmuse.bsky.social,,
da2d6d8a346749cda98bd51cb6d99a52,2026-02-28T11:00:00Z,2026-02-28T11:18:27Z,auth,auth_enUS_labelerexp,at://did:plc:lyvh35oonxn4rkcdx7wsph4q/app.bsky.feed.generator/aaamsaqurkzls,suggested_labelerexp,21,at://did:plc:bbeign2sezk6ok745q2lt3va/app.bsky.feed.post/3mfw3ggenjs2u,bafyreifdjzb7c2fwk5ua5kcc3oazrizc4ixg4hypdnjykm7w37niq7qwb4,did:plc:bbeign2sezk6ok745q2lt3va,envy1210.bsky.social,,
da2d6d8a346749cda98bd51cb6d99a52,2026-02-28T11:00:00Z,2026-02-28T11:18:27Z,auth,auth_enUS_labelerexp,at://did:plc:lyvh35oonxn4rkcdx7wsph4q/app.bsky.feed.generator/aaamsaqurkzls,suggested_labelerexp,22,at://did:plc:tk65363ij66ju4n6sifvibpw/app.bsky.feed.post/3mfw3gegtyk2v,bafyreic4u4yz4nweeahagobnqe4tqvexkzyor6sqisu5fhkw4udassbwdy,did:plc:tk65363ij66ju4n6sifvibpw,qeedxvhy.bsky.social,,
da2d6d8a346749cda98bd51cb6d99a52,2026-02-28T11:00:00Z,2026-02-28T11:18:27Z,auth,auth_enUS_labelerexp,at://did:plc:lyvh35oonxn4rkcdx7wsph4q/app.bsky.feed.generator/aaamsaqurkzls,suggested_labelerexp,23,at://did:plc:t7qo55cmpog5pu3f7n2t22vc/app.bsky.feed.post/3mfw3gcyni22p,bafyreihaacfr32xtobnmbohdj4bzgehpdqw3ptxstyfp5rjgskmrdvzoia,did:plc:t7qo55cmpog5pu3f7n2t22vc,chotaku.bsky.social,,
da2d6d8a346749cda98bd51cb6d99a52,2026-02-28T11:00:00Z,2026-02-28T11:18:27Z,auth,auth_enUS_labelerexp,at://did:plc:lyvh35oonxn4rkcdx7wsph4q/app.bsky.feed.generator/aaamsaqurkzls,suggested_labelerexp,24,at://did:plc:pr5nxqa53krjurbw32r33geh/app.bsky.feed.post/3mfw3gcfm422j,bafyreibefcqygwujgncxolkilpg5ko42zsas3jwdlt5nyjldnulbikpwfi,did:plc:pr5nxqa53krjurbw32r33geh,jork.bsky.social,,
da2d6d8a346749cda98bd51cb6d99a52,2026-02-28T11:00:00Z,2026-02-28T11:18:27Z,auth,auth_enUS_labelerexp,at://did:plc:lyvh35oonxn4rkcdx7wsph4q/app.bsky.feed.generator/aaamsaqurkzls,suggested_labelerexp,25,at://did:plc:eemrbc7uiovzqdxq7d6sfcjp/app.bsky.feed.post/3mfw3gce5a22g,bafyreie6mxrjk4bmgjcmtylooch2fy2l5mz5ehskbhzhwy35xpcsohuaiy,did:plc:eemrbc7uiovzqdxq7d6sfcjp,abcd07m26d.bsky.social,,
da2d6d8a346749cda98bd51cb6d99a52,2026-02-28T11:00:00Z,2026-02-28T11:18:27Z,auth,auth_enUS_labelerexp,at://did:plc:lyvh35oonxn4rkcdx7wsph4q/app.bsky.feed.generator/aaamsaqurkzls,suggested_labelerexp,26,at://did:plc:4w2s5glg664fy2cb2tyw4ste/app.bsky.feed.post/3mfw3gabhgs23,bafyreig6tfyadda2kcgyydzxcotd3xj36rnfjmse4u2oqlslicp3pv2d4y,did:plc:4w2s5glg664fy2cb2tyw4ste,mmagnolia.bsky.social,,
da2d6d8a346749cda98bd51cb6d99a52,2026-02-28T11:00:00Z,2026-02-28T11:18:27Z,auth,auth_enUS_labelerexp,at://did:plc:lyvh35oonxn4rkcdx7wsph4q/app.bsky.feed.generator/aaamsaqurkzls,suggested_labelerexp,27,at://did:plc:7lhfk7nnrifnsuvon4uhy3tc/app.bsky.feed.post/3mfw3ga2rl22m,bafyreie7wndrwoti6pnsstnoqn4xzpcrrwu6afrrxnxmlb4u4kegj3wa7y,did:plc:7lhfk7nnrifnsuvon4uhy3tc,lacto52.bsky.social,,
da2d6d8a346749cda98bd51cb6d99a52,2026-02-28T11:00:00Z,2026-02-28T11:18:27Z,auth,auth_enUS_labelerexp,at://did:plc:lyvh35oonxn4rkcdx7wsph4q/app.bsky.feed.generator/aaamsaqurkzls,suggested_labelerexp,28,at://did:plc:skw7wb26ccukmxgsprmcrkim/app.bsky.feed.post/3mfw3g3todc27,bafyreicwtkyjr4ewxo4yqgoaqk7dllikrydx3gkug726b3xsy7lj4hwa7e,did:plc:skw7wb26ccukmxgsprmcrkim,lepre.bsky.social,,
da2d6d8a346749cda98bd51cb6d99a52,2026-02-28T11:00:00Z,2026-02-28T11:18:27Z,auth,auth_enUS_labelerexp,at://did:plc:lyvh35oonxn4rkcdx7wsph4q/app.bsky.feed.generator/aaamsaqurkzls,suggested_labelerexp,29,at://did:plc:glyd5e2lsrea3fppb6om2sbh/app.bsky.feed.post/3mfw3fykwrc2e,bafyreidljin3yq5cyxgg6fpdx5huqshvksitpvsmtqzeaq6z22xvrcw7hm,did:plc:glyd5e2lsrea3fppb6om2sbh,ingwg.bsky.social,,
da2d6d8a346749cda98bd51cb6d99a52,2026-02-28T11:00:00Z,2026-02-28T11:18:27Z,auth,auth_enUS_labelerexp,at://did:plc:lyvh35oonxn4rkcdx7wsph4q/app.bsky.feed.generator/aaamsaqurkzls,suggested_labelerexp,30,at://did:plc:uhcqnw4ngttdwxl6bstwlwo2/app.bsky.feed.post/3mfw3fy37tk2o,bafyreiebrpz5cv4b47l7bvkrq43i7vioysmsirbzpz46nqxir2u5vn5ciy,did:plc:uhcqnw4ngttdwxl6bstwlwo2,puyo99.bsky.social,,
da2d6d8a346749cda98bd51cb6d99a52,2026-02-28T11:00:00Z,2026-02-28T11:18:27Z,auth,auth_enUS_labelerexp,at://did:plc:lyvh35oonxn4rkcdx7wsph4q/app.bsky.feed.generator/aaamsaqurkzls,suggested_labelerexp,31,at://did:plc:qxcyli7gpnlro3yeg67zl2u5/app.bsky.feed.post/3mfw3fttowc2m,bafyreihns2bca4euqnokdbreiovcpwvkasilfa7b24duxjuises7szs3le,did:plc:qxcyli7gpnlro3yeg67zl2u5,lilybellstar.bsky.social,,
da2d6d8a346749cda98bd51cb6d99a52,2026-02-28T11:00:00Z,2026-02-28T11:18:27Z,auth,auth_enUS_labelerexp,at://did:plc:lyvh35oonxn4rkcdx7wsph4q/app.bsky.feed.generator/aaamsaqurkzls,suggested_labelerexp,32,at://did:plc:7h22cu5owb5ef6euettatssf/app.bsky.feed.post/3mfw3fsl6zk2b,bafyreifznevk7epck6tlzldnrjrgzrqyno43i37u3aaqq7efq7y2vihvom,did:plc:7h22cu5owb5ef6euettatssf,0w0np.bsky.social,,
da2d6d8a346749cda98bd51cb6d99a52,2026-02-28T11:00:00Z,2026-02-28T11:18:27Z,auth,auth_enUS_labelerexp,at://did:plc:lyvh35oonxn4rkcdx7wsph4q/app.bsky.feed.generator/aaamsaqurkzls,suggested_labelerexp,33,at://did:plc:6624w5kzqpkshdqzo46l43vb/app.bsky.feed.post/3mfw3frlnb22p,bafyreiafujyjxvqd3qqonnqv7rg43g3bgviwc4gfuz2t7hyan4nzst3hxu,did:plc:6624w5kzqpkshdqzo46l43vb,elg0430.bsky.social,,
da2d6d8a346749cda98bd51cb6d99a52,2026-02-28T11:00:00Z,2026-02-28T11:18:27Z,auth,auth_enUS_labelerexp,at://did:plc:lyvh35oonxn4rkcdx7wsph4q/app.bsky.feed.generator/aaamsaqurkzls,suggested_labelerexp,34,at://did:plc:cjlebbwfvaiajadapptgmckh/app.bsky.feed.post/3mfw3frihp22m,bafyreidigaanmp6tu63dxexk5pdv4ttqwlp2pa62hzsi4iuojhw2oel6ju,did:plc:cjlebbwfvaiajadapptgmckh,k9758898.bsky.social,,
da2d6d8a346749cda98bd51cb6d99a52,2026-02-28T11:00:00Z,2026-02-28T11:18:27Z,auth,auth_enUS_labelerexp,at://did:plc:lyvh35oonxn4rkcdx7wsph4q/app.bsky.feed.generator/aaamsaqurkzls,suggested_labelerexp,35,at://did:plc:zj7eb5vk2skwfuxwfjx356xr/app.bsky.feed.post/3mfw3frcl7s2z,bafyreigqqlxojl6cpxg6s2bcsl4d7hlqgraxoa6qy2ysz4cxszj7wqdiom,did:plc:zj7eb5vk2skwfuxwfjx356xr,gmvisorms.bsky.social,,
da2d6d8a346749cda98bd51cb6d99a52,2026-02-28T11:00:00Z,2026-02-28T11:18:27Z,auth,auth_enUS_labelerexp,at://did:plc:lyvh35oonxn4rkcdx7wsph4q/app.bsky.feed.generator/aaamsaqurkzls,suggested_labelerexp,36,at://did:plc:av7ct7pjkr3cecjjh4sfs7vc/app.bsky.feed.post/3mfw3fr4qp22q,bafyreiblxew23lx7svecd7s4fltrko3ceo3f7zra6sjij6ag6om5jwyij4,did:plc:av7ct7pjkr3cecjjh4sfs7vc,munbi.bsky.social,,
da2d6d8a346749cda98bd51cb6d99a52,2026-02-28T11:00:00Z,2026-02-28T11:18:27Z,auth,auth_enUS_labelerexp,at://did:plc:lyvh35oonxn4rkcdx7wsph4q/app.bsky.feed.generator/aaamsaqurkzls,suggested_labelerexp,37,at://did:plc:bderbwb2qtonm3pjfkm2jh5o/app.bsky.feed.post/3mfw3fpsoyk2b,bafyreigdtjggwlrb5j5szs3ogk3hrrjd22xaj4z32yp3uoejppabld2q5y,did:plc:bderbwb2qtonm3pjfkm2jh5o,c0ralsnake.bsky.social,,
da2d6d8a346749cda98bd51cb6d99a52,2026-02-28T11:00:00Z,2026-02-28T11:18:27Z,auth,auth_enUS_labelerexp,at://did:plc:lyvh35oonxn4rkcdx7wsph4q/app.bsky.feed.generator/aaamsaqurkzls,suggested_labelerexp,38,at://did:plc:bbeign2sezk6ok745q2lt3va/app.bsky.feed.post/3mfw3fp325s2u,bafyreiadacety2x4xw2kdk65s77jqyet7yv3immyhgtsaye3oxlk5gknrq,did:plc:bbeign2sezk6ok745q2lt3va,envy1210.bsky.social,,
da2d6d8a346749cda98bd51cb6d99a52,2026-02-28T11:00:00Z,2026-02-28T11:18:27Z,auth,auth_enUS_labelerexp,at://did:plc:lyvh35oonxn4rkcdx7wsph4q/app.bsky.feed.generator/aaamsaqurkzls,suggested_labelerexp,39,at://did:plc:kyogtc7pd76patztpqa2q32g/app.bsky.feed.post/3mfw3fovdk22b,bafyreiee5r6zalnlieggafwujdnnbrfg6hvkq3mwlwi5jmkls6f7lqafpe,did:plc:kyogtc7pd76patztpqa2q32g,footonfire.bsky.social,,
da2d6d8a346749cda98bd51cb6d99a52,2026-02-28T11:00:00Z,2026-02-28T11:18:27Z,auth,auth_enUS_labelerexp,at://did:plc:lyvh35oonxn4rkcdx7wsph4q/app.bsky.feed.generator/aaamsaqurkzls,suggested_labelerexp,40,at://did:plc:umyysixyo5jt5d3rhc4q7pei/app.bsky.feed.post/3mfw3fmod3c2t,bafyreifrdvo4my522fjqb2qo2ysahotk4ekfvvyxqwh6akatpzcjaw5t7u,did:plc:umyysixyo5jt5d3rhc4q7pei,milkbear95.bsky.social,,
da2d6d8a346749cda98bd51cb6d99a52,2026-02-28T11:00:00Z,2026-02-28T11:18:27Z,auth,auth_enUS_labelerexp,at://did:plc:lyvh35oonxn4rkcdx7wsph4q/app.bsky.feed.generator/aaamsaqurkzls,suggested_labelerexp,41,at://did:plc:dlnkd7ixsllzffpcxrekj3of/app.bsky.feed.post/3mfw3flqa6s23,bafyreib57qex3oaxthne7qurcii2rd65k7twf7tkgfyg6gqbvcaeqpdc7a,did:plc:dlnkd7ixsllzffpcxrekj3of,xxiixx.bsky.social,,
da2d6d8a346749cda98bd51cb6d99a52,2026-02-28T11:00:00Z,2026-02-28T11:18:27Z,auth,auth_enUS_labelerexp,at://did:plc:lyvh35oonxn4rkcdx7wsph4q/app.bsky.feed.generator/aaamsaqurkzls,suggested_labelerexp,42,at://did:plc:ix6273knng7nyn7vrs4j3fgx/app.bsky.feed.post/3mfw3fkgp3k22,bafyreifn6422y7auiee647g65r4p2t6y7tpbnsfk3lnbjkampdwhnerr6i,did:plc:ix6273knng7nyn7vrs4j3fgx,saladykkomkkom.bsky.social,,
da2d6d8a346749cda98bd51cb6d99a52,2026-02-28T11:00:00Z,2026-02-28T11:18:27Z,auth,auth_enUS_labelerexp,at://did:plc:lyvh35oonxn4rkcdx7wsph4q/app.bsky.feed.generator/aaamsaqurkzls,suggested_labelerexp,43,at://did:plc:xspaskk74df4dkne5xezbcjo/app.bsky.feed.post/3mfw3fghtjc2o,bafyreib2fyxl24sd3scq5i73lcmx6yr4tlu4xumimpa37dhwaucj5cwaxy,did:plc:xspaskk74df4dkne5xezbcjo,seowol.bsky.social,,
da2d6d8a346749cda98bd51cb6d99a52,2026-02-28T11:00:00Z,2026-02-28T11:18:27Z,auth,auth_enUS_labelerexp,at://did:plc:lyvh35oonxn4rkcdx7wsph4q/app.bsky.feed.generator/aaamsaqurkzls,suggested_labelerexp,44,at://did:plc:wslcdgpfethga7sjsknoeo7d/app.bsky.feed.post/3mfw3ffsso22t,bafyreidhlui4slq3wia7vtp3oxskc4urvnk23r3k7kwbiyjzwi6fuev3fm,did:plc:wslcdgpfethga7sjsknoeo7d,cocobb1004.bsky.social,,
da2d6d8a346749cda98bd51cb6d99a52,2026-02-28T11:00:00Z,2026-02-28T11:18:27Z,auth,auth_enUS_labelerexp,at://did:plc:lyvh35oonxn4rkcdx7wsph4q/app.bsky.feed.generator/aaamsaqurkzls,suggested_labelerexp,45,at://did:plc:hocxyat3auna32dj3wozgtv6/app.bsky.feed.post/3mfw3ffdoc22w,bafyreibgxwpoj7o54bnylqigluqjubcawvaecmdpaudhsap2vosldtphoa,did:plc:hocxyat3auna32dj3wozgtv6,eewtheotaku.bsky.social,,
da2d6d8a346749cda98bd51cb6d99a52,2026-02-28T11:00:00Z,2026-02-28T11:18:27Z,auth,auth_enUS_labelerexp,at://did:plc:lyvh35oonxn4rkcdx7wsph4q/app.bsky.feed.generator/aaamsaqurkzls,suggested_labelerexp,46,at://did:plc:brrsgn2cdowiye4pnfyxjovg/app.bsky.feed.post/3mfw3fe4ggk2d,bafyreie5tyqtzfjgnwprzkzbyao6y6pyv7z4t7atvvs56745cmdpjhabk4,did:plc:brrsgn2cdowiye4pnfyxjovg,auddus.bsky.social,,
da2d6d8a346749cda98bd51cb6d99a52,2026-02-28T11:00:00Z,2026-02-28T11:18:27Z,auth,auth_enUS_labelerexp,at://did:plc:lyvh35oonxn4rkcdx7wsph4q/app.bsky.feed.generator/aaamsaqurkzls,suggested_labelerexp,47,at://did:plc:ksl66fnr7j7qybzljcykt4nx/app.bsky.feed.post/3mfw3fbfj6k2k,bafyreia7webrojothkdfs4bktcdz5yrxav3i7sy3zwmf4tk5hwhuzp5eji,did:plc:ksl66fnr7j7qybzljcykt4nx,ojicom97.bsky.social,,
da2d6d8a346749cda98bd51cb6d99a52,2026-02-28T11:00:00Z,2026-02-28T11:18:27Z,auth,auth_enUS_labelerexp,at://did:plc:lyvh35oonxn4rkcdx7wsph4q/app.bsky.feed.generator/aaamsaqurkzls,suggested_labelerexp,48,at://did:plc:obinwbdyfi727ujfcgbcgqrp/app.bsky.feed.post/3mfw3faul6s2j,bafyreig74rknlayg6k3y4ofplkkuttpsdrmgk5tta4wfm23phdri3owcd4,did:plc:obinwbdyfi727ujfcgbcgqrp,pseudoperi.bsky.social,,
da2d6d8a346749cda98bd51cb6d99a52,2026-02-28T11:00:00Z,2026-02-28T11:18:27Z,auth,auth_enUS_labelerexp,at://did:plc:lyvh35oonxn4rkcdx7wsph4q/app.bsky.feed.generator/aaamsaqurkzls,suggested_labelerexp,49,at://did:plc:bk2dsxew3lh6qq5f3cjgulya/app.bsky.feed.post/3mfw3f6j27224,bafyreieehcubo6s56o2edilsunpdjvuiqnfpkpnt5nd7u55tha3e3j6p6a,did:plc:bk2dsxew3lh6qq5f3cjgulya,tapha1765.bsky.social,,
da2d6d8a346749cda98bd51cb6d99a52,2026-02-28T11:00:00Z,2026-02-28T11:18:27Z,auth,auth_enUS_labelerexp,at://did:plc:lyvh35oonxn4rkcdx7wsph4q/app.bsky.feed.generator/aaamsaqurkzls,suggested_labelerexp,50,at://did:plc:av7ct7pjkr3cecjjh4sfs7vc/app.bsky.feed.post/3mfw3f6f75k2q,bafyreietia25hiiqr4uvr3rrkrwmukpgjo4r6zzarenfpzrjhyjwcd3hv4,did:plc:av7ct7pjkr3cecjjh4sfs7vc,munbi.bsky.social,,
da2d6d8a346749cda98bd51cb6d99a52,2026-02-28T11:00:00Z,2026-02-28T11:18:27Z,auth,auth_enUS_labelerexp,at://did:plc:nylio5rpw7u3wtven3vcriam/app.bsky.feed.generator/aaai4amp77qp6,suggested_labelerexp,1,at://did:plc:cgnlch52z4hg7mtm4ck2ykgz/app.bsky.feed.post/3mfw2tklqy22u,bafyreie43jugbt7zltx3mj2inykjb3bzjfoyyasw2eskqq6kdowumsq2ha,did:plc:cgnlch52z4hg7mtm4ck2ykgz,nemeth.bsky.social,,
da2d6d8a346749cda98bd51cb6d99a52,2026-02-28T11:00:00Z,2026-02-28T11:18:27Z,auth,auth_enUS_labelerexp,at://did:plc:nylio5rpw7u3wtven3vcriam/app.bsky.feed.generator/aaai4amp77qp6,suggested_labelerexp,2,at://did:plc:kx424cazteu6p3dy2tx6cuew/app.bsky.feed.post/3mfvn4sdehk2c,bafyreifhxrm6s2aivlnvmjdsqtvhbqkzgg5ve4lybndjx7fd26m23c5hy4,did:plc:kx424cazteu6p3dy2tx6cuew,atharvapatil06.bsky.social,,
da2d6d8a346749cda98bd51cb6d99a52,2026-02-28T11:00:00Z,2026-02-28T11:18:27Z,auth,auth_enUS_labelerexp,at://did:plc:nylio5rpw7u3wtven3vcriam/app.bsky.feed.generator/aaai4amp77qp6,suggested_labelerexp,3,at://did:plc:pxkvwbfmltijbpjzk5srddcu/app.bsky.feed.post/3mfv7dz6hpc2s,bafyreia3e2tq7dgjp36pp5i63wsdjtakwuem3xs755ch7xgsbl2t6upcx4,did:plc:pxkvwbfmltijbpjzk5srddcu,nrrjournalofficial.bsky.social,,
da2d6d8a346749cda98bd51cb6d99a52,2026-02-28T11:00:00Z,2026-02-28T11:18:27Z,auth,auth_enUS_labelerexp,at://did:plc:nylio5rpw7u3wtven3vcriam/app.bsky.feed.generator/aaai4amp77qp6,suggested_labelerexp,4,at://did:plc:y6msusnvv26y7o3ldyvyo6ge/app.bsky.feed.post/3mfuorizqj22c,bafyreihqeolzruk673ttmgwuw7mrzwprseao2dr6unbv5srwgffted4llq,did:plc:y6msusnvv26y7o3ldyvyo6ge,sejordt.bsky.social,,
da2d6d8a346749cda98bd51cb6d99a52,2026-02-28T11:00:00Z,2026-02-28T11:18:27Z,auth,auth_enUS_labelerexp,at://did:plc:nylio5rpw7u3wtven3vcriam/app.bsky.feed.generator/aaai4amp77qp6,suggested_labelerexp,5,at://did:plc:qb4oplsgvdtu6xynnfiptom5/app.bsky.feed.post/3mfunlrb4nk2p,bafyreiauhl67icruxtrfg2xnnxzhj43mimtrmlwa5zbyqbrsspmxhahrpe,did:plc:qb4oplsgvdtu6xynnfiptom5,emmadragon.bsky.social,,
da2d6d8a346749cda98bd51cb6d99a52,2026-02-28T11:00:00Z,2026-02-28T11:18:27Z,auth,auth_enUS_labelerexp,at://did:plc:nylio5rpw7u3wtven3vcriam/app.bsky.feed.generator/aaai4amp77qp6,suggested_labelerexp,6,at://did:plc:73uwondbkeafoi6xzbyagzyq/app.bsky.feed.post/3mfun35llzs24,bafyreibblr7yxql6xrmczjw4bpwjowxvvj2axbwscbvv5zyfyeb4ojk6mm,did:plc:73uwondbkeafoi6xzbyagzyq,thetransmitter.bsky.social,,
da2d6d8a346749cda98bd51cb6d99a52,2026-02-28T11:00:00Z,2026-02-28T11:18:27Z,auth,auth_enUS_labelerexp,at://did:plc:nylio5rpw7u3wtven3vcriam/app.bsky.feed.generator/aaai4amp77qp6,suggested_labelerexp,7,at://did:plc:zq5iz4hfj6x4w6a4kjofv3rn/app.bsky.feed.post/3mfuf5owim22o,bafyreif6wdgu3cvwzco3hiymron7oo4acdccj26qth2kxhrwfyehrpioue,did:plc:zq5iz4hfj6x4w6a4kjofv3rn,asnrehab.bsky.social,,
da2d6d8a346749cda98bd51cb6d99a52,2026-02-28T11:00:00Z,2026-02-28T11:18:27Z,auth,auth_enUS_labelerexp,at://did:plc:nylio5rpw7u3wtven3vcriam/app.bsky.feed.generator/aaai4amp77qp6,suggested_labelerexp,8,at://did:plc:x3yt3sdtbvlhizqx5jh3hwuf/app.bsky.feed.post/3mfueetpqpc23,bafyreibppq5c64abpgramwvotpmuenca54pffhc2l2opmglud67lgzzdeu,did:plc:x3yt3sdtbvlhizqx5jh3hwuf,axeghostgame.bsky.social,,
da2d6d8a346749cda98bd51cb6d99a52,2026-02-28T11:00:00Z,2026-02-28T11:18:27Z,auth,auth_enUS_labelerexp,at://did:plc:nylio5rpw7u3wtven3vcriam/app.bsky.feed.generator/aaai4amp77qp6,suggested_labelerexp,9,at://did:plc:gxyd4jf3i45lewtmrerphuvx/app.bsky.feed.post/3mfua32iul22x,bafyreid52pv3yyknc5u3egb24buute4e3rwylazbd45gsgn24blql6d3wi,did:plc:gxyd4jf3i45lewtmrerphuvx,eeschenberg.bsky.social,,
da2d6d8a346749cda98bd51cb6d99a52,2026-02-28T11:00:00Z,2026-02-28T11:18:27Z,auth,auth_enUS_labelerexp,at://did:plc:nylio5rpw7u3wtven3vcriam/app.bsky.feed.generator/aaai4amp77qp6,suggested_labelerexp,10,at://did:plc:73uwondbkeafoi6xzbyagzyq/app.bsky.feed.post/3mfu7fyg6u224,bafyreidu3nryunipdr3sx5gkdzlwszdqntrwciz2u2gzyeyblycakfu6tq,did:plc:73uwondbkeafoi6xzbyagzyq,thetransmitter.bsky.social,,
da2d6d8a346749cda98bd51cb6d99a52,2026-02-28T11:00:00Z,2026-02-28T11:18:27Z,auth,auth_enUS_labelerexp,at://did:plc:nylio5rpw7u3wtven3vcriam/app.bsky.feed.generator/aaai4amp77qp6,suggested_labelerexp,11,at://did:plc:wxcwja56jpsa4yzbprvmtv74/app.bsky.feed.post/3mfu5rpy7ns2x,bafyreigwgjld4puo5m2hbbastyotxd3oljo7af5sftymcutdtumnaw3aj4,did:plc:wxcwja56jpsa4yzbprvmtv74,dariusliutas.bsky.social,,
da2d6d8a346749cda98bd51cb6d99a52,2026-02-28T11:00:00Z,2026-02-28T11:18:27Z,auth,auth_enUS_labelerexp,at://did:plc:nylio5rpw7u3wtven3vcriam/app.bsky.feed.generator/aaai4amp77qp6,suggested_labelerexp,12,at://did:plc:s5gywrwrz5lnyi46jdi6ypuo/app.bsky.feed.post/3mfu3ql5nh22o,bafyreihi6d2lwtpli4ebvfjcx6nazs7yuz52arhqrst27vx4lgugdxy6pq,did:plc:s5gywrwrz5lnyi46jdi6ypuo,zvrlab.bsky.social,,
da2d6d8a346749cda98bd51cb6d99a52,2026-02-28T11:00:00Z,2026-02-28T11:18:27Z,auth,auth_enUS_labelerexp,at://did:plc:nylio5rpw7u3wtven3vcriam/app.bsky.feed.generator/aaai4amp77qp6,suggested_labelerexp,13,at://did:plc:roxhjcv6twbvmwm3enlt4jyl/app.bsky.feed.post/3mftxz7zlyv2g,bafyreidnvcaplqjx4dbhbr4cghe5etk7jtutoek7dbhnqfoueumys3wuki,did:plc:roxhjcv6twbvmwm3enlt4jyl,sfn.org,,
da2d6d8a346749cda98bd51cb6d99a52,2026-02-28T11:00:00Z,2026-02-28T11:18:27Z,auth,auth_enUS_labelerexp,at://did:plc:nylio5rpw7u3wtven3vcriam/app.bsky.feed.generator/aaai4amp77qp6,suggested_labelerexp,14,at://did:plc:73uwondbkeafoi6xzbyagzyq/app.bsky.feed.post/3mftwtzbl6s25,bafyreigjsofhicomplb3mw22jxg3b4snpb7nndpqdkxsatburtmjbhohui,did:plc:73uwondbkeafoi6xzbyagzyq,thetransmitter.bsky.social,,
da2d6d8a346749cda98bd51cb6d99a52,2026-02-28T11:00:00Z,2026-02-28T11:18:27Z,auth,auth_enUS_labelerexp,at://did:plc:nylio5rpw7u3wtven3vcriam/app.bsky.feed.generator/aaai4amp77qp6,suggested_labelerexp,15,at://did:plc:vjtwffmynkkbm7lxkbcknom2/app.bsky.feed.post/3mftnyegcvk2b,bafyreieszhenojxvbvqrttwfp62xllh56osjnvtkiggbgcluqo6qz3jry4,did:plc:vjtwffmynkkbm7lxkbcknom2,dkaiserlab.bsky.social,,
da2d6d8a346749cda98bd51cb6d99a52,2026-02-28T11:00:00Z,2026-02-28T11:18:27Z,auth,auth_enUS_labelerexp,at://did:plc:nylio5rpw7u3wtven3vcriam/app.bsky.feed.generator/aaai4amp77qp6,suggested_labelerexp,16,at://did:plc:nziirtsiooif77emnfdrlrnv/app.bsky.feed.post/3mftmwjuidf2o,bafyreifpftv2aad62mngp3sfdabbj5fchhil6tipvy2qyx3jlmw55ynmg4,did:plc:nziirtsiooif77emnfdrlrnv,gribblelab.org,,
da2d6d8a346749cda98bd51cb6d99a52,2026-02-28T11:00:00Z,2026-02-28T11:18:27Z,auth,auth_enUS_labelerexp,at://did:plc:nylio5rpw7u3wtven3vcriam/app.bsky.feed.generator/aaai4amp77qp6,suggested_labelerexp,17,at://did:plc:wlckjxgox5w7gt3akputopnb/app.bsky.feed.post/3mftkddosis2n,bafyreihhs3c6mymejkpvn4seuaq6ycgnx3ctfckbpmrwm7m4qsfc53meza,did:plc:wlckjxgox5w7gt3akputopnb,mattwall.bsky.social,,
da2d6d8a346749cda98bd51cb6d99a52,2026-02-28T11:00:00Z,2026-02-28T11:18:27Z,auth,auth_enUS_labelerexp,at://did:plc:nylio5rpw7u3wtven3vcriam/app.bsky.feed.generator/aaai4amp77qp6,suggested_labelerexp,18,at://did:plc:pxkvwbfmltijbpjzk5srddcu/app.bsky.feed.post/3mfsohcifds2u,bafyreiglhhaaz6i4wvekpf46fvve5azckzidrv5vybpd2sghq2lelw3ohm,did:plc:pxkvwbfmltijbpjzk5srddcu,nrrjournalofficial.bsky.social,,
da2d6d8a346749cda98bd51cb6d99a52,2026-02-28T11:00:00Z,2026-02-28T11:18:27Z,auth,auth_enUS_labelerexp,at://did:plc:nylio5rpw7u3wtven3vcriam/app.bsky.feed.generator/aaai4amp77qp6,suggested_labelerexp,19,at://did:plc:73uwondbkeafoi6xzbyagzyq/app.bsky.feed.post/3mfs2ea637225,bafyreibfmcwajkbabpftvfdk3qxmjk6iplwe46sdkacmuae2njti2khyvi,did:plc:73uwondbkeafoi6xzbyagzyq,thetransmitter.bsky.social,,
da2d6d8a346749cda98bd51cb6d99a52,2026-02-28T11:00:00Z,2026-02-28T11:18:27Z,auth,auth_enUS_labelerexp,at://did:plc:nylio5rpw7u3wtven3vcriam/app.bsky.feed.generator/aaai4amp77qp6,suggested_labelerexp,20,at://did:plc:d3jnfqtbehpfhdfezzg4pvss/app.bsky.feed.post/3mfrww5fcsd2u,bafyreiehwzlpobw2a2yujez7pvwhlvbstbqquot33o2nnsc43lvhftnlrq,did:plc:d3jnfqtbehpfhdfezzg4pvss,newscaletech.bsky.social,,
da2d6d8a346749cda98bd51cb6d99a52,2026-02-28T11:00:00Z,2026-02-28T11:18:27Z,auth,auth_enUS_labelerexp,at://did:plc:nylio5rpw7u3wtven3vcriam/app.bsky.feed.generator/aaai4amp77qp6,suggested_labelerexp,21,at://did:plc:tkvnioglsp5dw44mvxjwcmmz/app.bsky.feed.post/3mfrw7nvn322z,bafyreien4emkysvytxobdg2kd6qj37jvd334twewc4uzxuycstdw7vhugq,did:plc:tkvnioglsp5dw44mvxjwcmmz,mgreenephd.bsky.social,,
da2d6d8a346749cda98bd51cb6d99a52,2026-02-28T11:00:00Z,2026-02-28T11:18:27Z,auth,auth_enUS_labelerexp,at://did:plc:nylio5rpw7u3wtven3vcriam/app.bsky.feed.generator/aaai4amp77qp6,suggested_labelerexp,22,at://did:plc:xnanzrmwkjvaj4sezphbdcgj/app.bsky.feed.post/3mfrsrpapj224,bafyreif3cx4kuhmxjhg54b3l6bc5qms55hrvjsxo34zznq6afvnue7oq2q,did:plc:xnanzrmwkjvaj4sezphbdcgj,afeeney.bsky.social,,
da2d6d8a346749cda98bd51cb6d99a52,2026-02-28T11:00:00Z,2026-02-28T11:18:27Z,auth,auth_enUS_labelerexp,at://did:plc:nylio5rpw7u3wtven3vcriam/app.bsky.feed.generator/aaai4amp77qp6,suggested_labelerexp,23,at://did:plc:d57eial5goacffcqzpbcw33v/app.bsky.feed.post/3mfrmovuwr22n,bafyreibysk43mb3wqjlvecuxjaoklbtlcnsuhwb4rbmup7yrszhzzqlfmy,did:plc:d57eial5goacffcqzpbcw33v,supercuriousphd.bsky.social,,
da2d6d8a346749cda98bd51cb6d99a52,2026-02-28T11:00:00Z,2026-02-28T11:18:27Z,auth,auth_enUS_labelerexp,at://did:plc:nylio5rpw7u3wtven3vcriam/app.bsky.feed.generator/aaai4amp77qp6,suggested_labelerexp,24,at://did:plc:roxhjcv6twbvmwm3enlt4jyl/app.bsky.feed.post/3mfrhl7nmy52e,bafyreihnto3qb7r7licyjgq6vsac5qwqt7qa7d3enkd4spk6sdroqvcfbq,did:plc:roxhjcv6twbvmwm3enlt4jyl,sfn.org,,
da2d6d8a346749cda98bd51cb6d99a52,2026-02-28T11:00:00Z,2026-02-28T11:18:27Z,auth,auth_enUS_labelerexp,at://did:plc:nylio5rpw7u3wtven3vcriam/app.bsky.feed.generator/aaai4amp77qp6,suggested_labelerexp,25,at://did:plc:gfgz6pcttlfuzb7bh6qqe3lf/app.bsky.feed.post/3mfqucztz4s23,bafyreiaxgt6hjag4wzrnh5pqvh3vyss7tksomtegkew632zjuczo7mnor4,did:plc:gfgz6pcttlfuzb7bh6qqe3lf,dameder.bsky.social,,
da2d6d8a346749cda98bd51cb6d99a52,2026-02-28T11:00:00Z,2026-02-28T11:18:27Z,auth,auth_enUS_labelerexp,at://did:plc:nylio5rpw7u3wtven3vcriam/app.bsky.feed.generator/aaai4amp77qp6,suggested_labelerexp,26,at://did:plc:h3wy2y522kdaolgh5ajnpy66/app.bsky.feed.post/3mfqrn7xqx223,bafyreid2a57jqnnuqfgyghhvg5iamx3ygkayf2cqu6dhco4eypdob2wu4a,did:plc:h3wy2y522kdaolgh5ajnpy66,gutlin.bsky.social,,
da2d6d8a346749cda98bd51cb6d99a52,2026-02-28T11:00:00Z,2026-02-28T11:18:27Z,auth,auth_enUS_labelerexp,at://did:plc:nylio5rpw7u3wtven3vcriam/app.bsky.feed.generator/aaai4amp77qp6,suggested_labelerexp,27,at://did:plc:pxkvwbfmltijbpjzk5srddcu/app.bsky.feed.post/3mfqb3fzyq223,bafyreidgzzc2yzcjupc3x6et4o3j4os6bm3cxe4at6zouphldjhylecdyy,did:plc:pxkvwbfmltijbpjzk5srddcu,nrrjournalofficial.bsky.social,,
da2d6d8a346749cda98bd51cb6d99a52,2026-02-28T11:00:00Z,2026-02-28T11:18:28Z,auth,auth_enUS_labelerexp,at://did:plc:odqmsar3ikz5ubokya4sempk/app.bsky.feed.generator/aaahu6g4bonog,suggested_labelerexp,1,at://did:plc:v6laejjz4r6n44nneiw3mupt/app.bsky.feed.post/3mfvyhfkjn22a,bafyreigcvqjm564sps2l7zob5xtzqujxuff4bgsw6xldjgrmuyj752rvjq,did:plc:v6laejjz4r6n44nneiw3mupt,culturele-vacatures.nl,,
da2d6d8a346749cda98bd51cb6d99a52,2026-02-28T11:00:00Z,2026-02-28T11:18:28Z,auth,auth_enUS_labelerexp,at://did:plc:odqmsar3ikz5ubokya4sempk/app.bsky.feed.generator/aaahu6g4bonog,suggested_labelerexp,2,at://did:plc:rduhwyoszcdowok5bxdbh6vp/app.bsky.feed.post/3mfuqwlsfmc2d,bafyreicuoqm3gwtu2xo47xjlfwl6xxsrbrgllp2f5sp6p36fpzhgphk3fq,did:plc:rduhwyoszcdowok5bxdbh6vp,fusionfragment.bsky.social,,
da2d6d8a346749cda98bd51cb6d99a52,2026-02-28T11:00:00Z,2026-02-28T11:18:28Z,auth,auth_enUS_labelerexp,at://did:plc:odqmsar3ikz5ubokya4sempk/app.bsky.feed.generator/aaahu6g4bonog,suggested_labelerexp,3,at://did:plc:v6laejjz4r6n44nneiw3mupt/app.bsky.feed.post/3mftdmcnntk2x,bafyreifacrpngea3abzzx2uzg4udx7bbtylladgty6rnjhvpi3p643oroy,did:plc:v6laejjz4r6n44nneiw3mupt,culturele-vacatures.nl,,
da2d6d8a346749cda98bd51cb6d99a52,2026-02-28T11:00:00Z,2026-02-28T11:18:28Z,auth,auth_enUS_labelerexp,at://did:plc:odqmsar3ikz5ubokya4sempk/app.bsky.feed.generator/aaahu6g4bonog,suggested_labelerexp,4,at://did:plc:65b3kbil47einb4qjb232cot/app.bsky.feed.post/3mfskdd6v3s2i,bafyreifo2wxvzlii52zvneefg2ol665eponpeva35dsjqsxz5uvspgq44y,did:plc:65b3kbil47einb4qjb232cot,illustration-jobs.com,,
da2d6d8a346749cda98bd51cb6d99a52,2026-02-28T11:00:00Z,2026-02-28T11:18:28Z,auth,auth_enUS_labelerexp,at://did:plc:odqmsar3ikz5ubokya4sempk/app.bsky.feed.generator/aaahu6g4bonog,suggested_labelerexp,5,at://did:plc:65b3kbil47einb4qjb232cot/app.bsky.feed.post/3mfskcvz3zk2i,bafyreibslriwtxcryz4zlho67tnafwiteeifbecyppn5ugu76iwqjfv3ru,did:plc:65b3kbil47einb4qjb232cot,illustration-jobs.com,,
da2d6d8a346749cda98bd51cb6d99a52,2026-02-28T11:00:00Z,2026-02-28T11:18:28Z,auth,auth_enUS_labelerexp,at://did:plc:odqmsar3ikz5ubokya4sempk/app.bsky.feed.generator/aaahu6g4bonog,suggested_labelerexp,6,at://did:plc:65b3kbil47einb4qjb232cot/app.bsky.feed.post/3mfskcmelxc2i,bafyreic5cc5thv6xcr7c7divhbypajcb5o457a255rg5tmtgwdtygag6n4,did:plc:65b3kbil47einb4qjb232cot,illustration-jobs.com,,
da2d6d8a346749cda98bd51cb6d99a52,2026-02-28T11:00:00Z,2026-02-28T11:18:28Z,auth,auth_enUS_labelerexp,at://did:plc:odqmsar3ikz5ubokya4sempk/app.bsky.feed.generator/aaahu6g4bonog,suggested_labelerexp,7,at://did:plc:65b3kbil47einb4qjb232cot/app.bsky.feed.post/3mfskc7f6yc2i,bafyreid6vklfcbj7gyzue75d5whz4fkp4eojmwcsma554pdcrubgv7tt54,did:plc:65b3kbil47einb4qjb232cot,illustration-jobs.com,,
da2d6d8a346749cda98bd51cb6d99a52,2026-02-28T11:00:00Z,2026-02-28T11:18:28Z,auth,auth_enUS_labelerexp,at://did:plc:odqmsar3ikz5ubokya4sempk/app.bsky.feed.generator/aaahu6g4bonog,suggested_labelerexp,8,at://did:plc:65b3kbil47einb4qjb232cot/app.bsky.feed.post/3mfskbsfq2s2i,bafyreietleu7buuvt4aacemvl62y72qf7zhycubodilxg2xljf5hlb2jwy,did:plc:65b3kbil47einb4qjb232cot,illustration-jobs.com,,
da2d6d8a346749cda98bd51cb6d99a52,2026-02-28T11:00:00Z,2026-02-28T11:18:28Z,auth,auth_enUS_labelerexp,at://did:plc:odqmsar3ikz5ubokya4sempk/app.bsky.feed.generator/aaahu6g4bonog,suggested_labelerexp,9,at://did:plc:65b3kbil47einb4qjb232cot/app.bsky.feed.post/3mfskbhtvjc2i,bafyreicqtxo5q4ookgktvqpavimwdmgl2i2pik3uwfmcv6ggwldevuk6uu,did:plc:65b3kbil47einb4qjb232cot,illustration-jobs.com,,
da2d6d8a346749cda98bd51cb6d99a52,2026-02-28T11:00:00Z,2026-02-28T11:18:28Z,auth,auth_enUS_labelerexp,at://did:plc:odqmsar3ikz5ubokya4sempk/app.bsky.feed.generator/aaahu6g4bonog,suggested_labelerexp,10,at://did:plc:odqmsar3ikz5ubokya4sempk/app.bsky.feed.post/3luit4xmgnk24,bafyreigb7j7sckzrovnaydehyvcdhgluovcuzmpvtgtlnidv5jdgtsgyry,did:plc:odqmsar3ikz5ubokya4sempk,wanderlingworld.bsky.social,,
da2d6d8a346749cda98bd51cb6d99a52,2026-02-28T11:00:00Z,2026-02-28T11:18:28Z,auth,auth_enUS_labelerexp,at://did:plc:odqmsar3ikz5ubokya4sempk/app.bsky.feed.generator/aaahu6g4bonog,suggested_labelerexp,11,at://did:plc:65b3kbil47einb4qjb232cot/app.bsky.feed.post/3mfskb3qi2k2i,bafyreiel6pr7lb6elvaljml2c6admusjhoqum5zexduccho33desjijb7i,did:plc:65b3kbil47einb4qjb232cot,illustration-jobs.com,,
da2d6d8a346749cda98bd51cb6d99a52,2026-02-28T11:00:00Z,2026-02-28T11:18:28Z,auth,auth_enUS_labelerexp,at://did:plc:odqmsar3ikz5ubokya4sempk/app.bsky.feed.generator/aaahu6g4bonog,suggested_labelerexp,12,at://did:plc:xrscs5cgdj7mn6oio7ebxfmh/app.bsky.feed.post/3mfrwtyienm2q,bafyreiasxng4o3h7opdsi2kkloed2b34sikjkslevlocbdrp66fwlvv6e4,did:plc:xrscs5cgdj7mn6oio7ebxfmh,workwithindies.com,,
da2d6d8a346749cda98bd51cb6d99a52,2026-02-28T11:00:00Z,2026-02-28T11:18:28Z,auth,auth_enUS_labelerexp,at://did:plc:odqmsar3ikz5ubokya4sempk/app.bsky.feed.generator/aaahu6g4bonog,suggested_labelerexp,13,at://did:plc:ibrmn3ffauu3tkytiqqxsm2g/app.bsky.feed.post/3mfrjtrjwt22c,bafyreigdzjfsymxbodjnyfxzrs6l3livsk7kc24wq4xziempbxb4uom34u,did:plc:ibrmn3ffauu3tkytiqqxsm2g,artmonthly.bsky.social,,
da2d6d8a346749cda98bd51cb6d99a52,2026-02-28T11:00:00Z,2026-02-28T11:18:28Z,auth,auth_enUS_labelerexp,at://did:plc:odqmsar3ikz5ubokya4sempk/app.bsky.feed.generator/aaahu6g4bonog,suggested_labelerexp,14,at://did:plc:v6laejjz4r6n44nneiw3mupt/app.bsky.feed.post/3mfreti7uu22s,bafyreiblk3reg46ax3guznefsp6f772ayt2x42jyqvdwyt77lufhc2goxi,did:plc:v6laejjz4r6n44nneiw3mupt,culturele-vacatures.nl,,
da2d6d8a346749cda98bd51cb6d99a52,2026-02-28T11:00:00Z,2026-02-28T11:18:28Z,auth,auth_enUS_labelerexp,at://did:plc:odqmsar3ikz5ubokya4sempk/app.bsky.feed.generator/aaahu6g4bonog,suggested_labelerexp,15,at://did:plc:6ntdebolqjiyjble7hlqaynz/app.bsky.feed.post/3mfr4kcpay222,bafyreigar3ej4r2qbqxf7hdck3n3g7ha564h53dqghq3svjg5zqq7lxxs4,did:plc:6ntdebolqjiyjble7hlqaynz,remotegamejobs.com,,
da2d6d8a346749cda98bd51cb6d99a52,2026-02-28T11:00:00Z,2026-02-28T11:18:28Z,auth,auth_enUS_labelerexp,at://did:plc:odqmsar3ikz5ubokya4sempk/app.bsky.feed.generator/aaahu6g4bonog,suggested_labelerexp,16,at://did:plc:6ntdebolqjiyjble7hlqaynz/app.bsky.feed.post/3mfr4kh4lgs22,bafyreihrvw7zbqvbzxqd7ncspjnguxvh34jyya5acoip7pdss7obobskxi,did:plc:6ntdebolqjiyjble7hlqaynz,remotegamejobs.com,,
da2d6d8a346749cda98bd51cb6d99a52,2026-02-28T11:00:00Z,2026-02-28T11:18:28Z,auth,auth_enUS_labelerexp,at://did:plc:odqmsar3ikz5ubokya4sempk/app.bsky.feed.generator/aaahu6g4bonog,suggested_labelerexp,17,at://did:plc:v6laejjz4r6n44nneiw3mupt/app.bsky.feed.post/3mfqwga4o3c2t,bafyreia7ycusf2bydcdh7uja3ylldffv46o7aucvmd7h2zpuil2j6ph4rq,did:plc:v6laejjz4r6n44nneiw3mupt,culturele-vacatures.nl,,
da2d6d8a346749cda98bd51cb6d99a52,2026-02-28T11:00:00Z,2026-02-28T11:18:28Z,auth,auth_enUS_labelerexp,at://did:plc:odqmsar3ikz5ubokya4sempk/app.bsky.feed.generator/aaahu6g4bonog,suggested_labelerexp,18,at://did:plc:z3pcr4ej5cm37v4f2wbme44p/app.bsky.feed.post/3mfqmfrajyc25,bafyreie52kl5ai5ocpuqakpsksrgi5q2tql6uyh67vvwsd7ae53lkyegay,did:plc:z3pcr4ej5cm37v4f2wbme44p,marimorichan.bsky.social,,
da2d6d8a346749cda98bd51cb6d99a52,2026-02-28T11:00:00Z,2026-02-28T11:18:28Z,auth,auth_enUS_labelerexp,at://did:plc:odqmsar3ikz5ubokya4sempk/app.bsky.feed.generator/aaahu6g4bonog,suggested_labelerexp,19,at://did:plc:pnziu7licyhm4gm5unkqp5yg/app.bsky.feed.post/3mfqalxkclk2a,bafyreiaf3eopof4vcyq7k26woxs6gkwepjw7wy43fgfjrmv7kp4jvhq2me,did:plc:pnziu7licyhm4gm5unkqp5yg,cartoonrecruit.com,,
da2d6d8a346749cda98bd51cb6d99a52,2026-02-28T11:00:00Z,2026-02-28T11:18:28Z,auth,auth_enUS_labelerexp,at://did:plc:odqmsar3ikz5ubokya4sempk/app.bsky.feed.generator/aaahu6g4bonog,suggested_labelerexp,20,at://did:plc:pnziu7licyhm4gm5unkqp5yg/app.bsky.feed.post/3mfqaglvjzr2a,bafyreihafcieconxrq5fq4gk4hvkmdkthlookv6inoyxb4fovc7yh45gre,did:plc:pnziu7licyhm4gm5unkqp5yg,cartoonrecruit.com,,
da2d6d8a346749cda98bd51cb6d99a52,2026-02-28T11:00:00Z,2026-02-28T11:18:28Z,auth,auth_enUS_labelerexp,at://did:plc:odqmsar3ikz5ubokya4sempk/app.bsky.feed.generator/aaahu6g4bonog,suggested_labelerexp,21,at://did:plc:pnziu7licyhm4gm5unkqp5yg/app.bsky.feed.post/3mfqaevnvbp2t,bafyreif4bucddeibuwugio7j3ak6hozd737ga422vo5hs6crad5reqxf3q,did:plc:pnziu7licyhm4gm5unkqp5yg,cartoonrecruit.com,,
da2d6d8a346749cda98bd51cb6d99a52,2026-02-28T11:00:00Z,2026-02-28T11:18:28Z,auth,auth_enUS_labelerexp,at://did:plc:odqmsar3ikz5ubokya4sempk/app.bsky.feed.generator/aaahu6g4bonog,suggested_labelerexp,22,at://did:plc:pnziu7licyhm4gm5unkqp5yg/app.bsky.feed.post/3mfqa7jn65w2w,bafyreiebo22ql7kjwddjrzbrjfhnyq3xce6vboe2xsrzpxk2bovro4nuyy,did:plc:pnziu7licyhm4gm5unkqp5yg,cartoonrecruit.com,,
da2d6d8a346749cda98bd51cb6d99a52,2026-02-28T11:00:00Z,2026-02-28T11:18:28Z,auth,auth_enUS_labelerexp,at://did:plc:odqmsar3ikz5ubokya4sempk/app.bsky.feed.generator/aaahu6g4bonog,suggested_labelerexp,23,at://did:plc:pnziu7licyhm4gm5unkqp5yg/app.bsky.feed.post/3mfq6crmwhs2s,bafyreielnl2zuexdf33myv6szm6vhaxq2p2h4mz2r5nncm4fgqyusqh4qa,did:plc:pnziu7licyhm4gm5unkqp5yg,cartoonrecruit.com,,
da2d6d8a346749cda98bd51cb6d99a52,2026-02-28T11:00:00Z,2026-02-28T11:18:28Z,auth,auth_enUS_labelerexp,at://did:plc:odqmsar3ikz5ubokya4sempk/app.bsky.feed.generator/aaahu6g4bonog,suggested_labelerexp,24,at://did:plc:pnziu7licyhm4gm5unkqp5yg/app.bsky.feed.post/3mfq6b4j3cp22,bafyreievl5a66uax5b4zwmepsayra7xon2icjauzvdwiguno7wnxbczhnu,did:plc:pnziu7licyhm4gm5unkqp5yg,cartoonrecruit.com,,
da2d6d8a346749cda98bd51cb6d99a52,2026-02-28T11:00:00Z,2026-02-28T11:18:28Z,auth,auth_enUS_labelerexp,at://did:plc:odqmsar3ikz5ubokya4sempk/app.bsky.feed.generator/aaahu6g4bonog,suggested_labelerexp,25,at://did:plc:pnziu7licyhm4gm5unkqp5yg/app.bsky.feed.post/3mfpziymmnh2r,bafyreibijstanvcbihq6r44jyiftdxxzmywvcvjn4lkejfztwei74d3eou,did:plc:pnziu7licyhm4gm5unkqp5yg,cartoonrecruit.com,,
da2d6d8a346749cda98bd51cb6d99a52,2026-02-28T11:00:00Z,2026-02-28T11:18:28Z,auth,auth_enUS_labelerexp,at://did:plc:odqmsar3ikz5ubokya4sempk/app.bsky.feed.generator/aaahu6g4bonog,suggested_labelerexp,26,at://did:plc:pnziu7licyhm4gm5unkqp5yg/app.bsky.feed.post/3mfpzh7iaiu2z,bafyreicvg3xhj3nsd7pg6aq27hrryqqlrsc3m6oi63loh2lraqewr3r754,did:plc:pnziu7licyhm4gm5unkqp5yg,cartoonrecruit.com,,
da2d6d8a346749cda98bd51cb6d99a52,2026-02-28T11:00:00Z,2026-02-28T11:18:28Z,auth,auth_enUS_labelerexp,at://did:plc:odqmsar3ikz5ubokya4sempk/app.bsky.feed.generator/aaahu6g4bonog,suggested_labelerexp,27,at://did:plc:pnziu7licyhm4gm5unkqp5yg/app.bsky.feed.post/3mfpzdoiieu2t,bafyreickompmlvu7vs6zdifahto3hhqm7tsoll45kvi35jg2zx72sp2jga,did:plc:pnziu7licyhm4gm5unkqp5yg,cartoonrecruit.com,,
da2d6d8a346749cda98bd51cb6d99a52,2026-02-28T11:00:00Z,2026-02-28T11:18:28Z,auth,auth_enUS_labelerexp,at://did:plc:odqmsar3ikz5ubokya4sempk/app.bsky.feed.generator/aaahu6g4bonog,suggested_labelerexp,28,at://did:plc:pnziu7licyhm4gm5unkqp5yg/app.bsky.feed.post/3mfpz4hvnho2v,bafyreicjchybevnqz4wmbalfx6ntc2fxsdfmp25fs7yecwbo7u3h5bnrcq,did:plc:pnziu7licyhm4gm5unkqp5yg,cartoonrecruit.com,,
da2d6d8a346749cda98bd51cb6d99a52,2026-02-28T11:00:00Z,2026-02-28T11:18:28Z,auth,auth_enUS_labelerexp,at://did:plc:odqmsar3ikz5ubokya4sempk/app.bsky.feed.generator/aaahu6g4bonog,suggested_labelerexp,29,at://did:plc:pnziu7licyhm4gm5unkqp5yg/app.bsky.feed.post/3mfpz2sdonq2a,bafyreiaw2priypcpm37uf2xgezlimcwfpzqim26tgzf5etst263q2l5kjy,did:plc:pnziu7licyhm4gm5unkqp5yg,cartoonrecruit.com,,
da2d6d8a346749cda98bd51cb6d99a52,2026-02-28T11:00:00Z,2026-02-28T11:18:28Z,auth,auth_enUS_labelerexp,at://did:plc:odqmsar3ikz5ubokya4sempk/app.bsky.feed.generator/aaahu6g4bonog,suggested_labelerexp,30,at://did:plc:65b3kbil47einb4qjb232cot/app.bsky.feed.post/3mfpyxmwwes2f,bafyreiff7mewdc75wgt46rqc2mlkd34chvy5xyk5r3r75lq6zoitpwpqeq,did:plc:65b3kbil47einb4qjb232cot,illustration-jobs.com,,
da2d6d8a346749cda98bd51cb6d99a52,2026-02-28T11:00:00Z,2026-02-28T11:18:28Z,auth,auth_enUS_labelerexp,at://did:plc:odqmsar3ikz5ubokya4sempk/app.bsky.feed.generator/aaahu6g4bonog,suggested_labelerexp,31,at://did:plc:65b3kbil47einb4qjb232cot/app.bsky.feed.post/3mfpyx4knz22f,bafyreifpsrjshvdegtmtiuuxn3hvenb6qwo73ttg4fnmc7ryn75xhcrveq,did:plc:65b3kbil47einb4qjb232cot,illustration-jobs.com,,
da2d6d8a346749cda98bd51cb6d99a52,2026-02-28T11:00:00Z,2026-02-28T11:18:28Z,auth,auth_enUS_labelerexp,at://did:plc:odqmsar3ikz5ubokya4sempk/app.bsky.feed.generator/aaahu6g4bonog,suggested_labelerexp,32,at://did:plc:pnziu7licyhm4gm5unkqp5yg/app.bsky.feed.post/3mfpyx3s5mf2w,bafyreieczq3ypfrewpvm2lsuiyut25vlloqz7kkkxf67nesbmnmpvxq3pm,did:plc:pnziu7licyhm4gm5unkqp5yg,cartoonrecruit.com,,
da2d6d8a346749cda98bd51cb6d99a52,2026-02-28T11:00:00Z,2026-02-28T11:18:28Z,auth,auth_enUS_labelerexp,at://did:plc:odqmsar3ikz5ubokya4sempk/app.bsky.feed.generator/aaahu6g4bonog,suggested_labelerexp,33,at://did:plc:65b3kbil47einb4qjb232cot/app.bsky.feed.post/3mfpywqgnyk2f,bafyreibnhdxudk6luamwn7p4x3jbbvpun2gvxfx4bokw7fhkg4j65dwlza,did:plc:65b3kbil47einb4qjb232cot,illustration-jobs.com,,
da2d6d8a346749cda98bd51cb6d99a52,2026-02-28T11:00:00Z,2026-02-28T11:18:28Z,auth,auth_enUS_labelerexp,at://did:plc:odqmsar3ikz5ubokya4sempk/app.bsky.feed.generator/aaahu6g4bonog,suggested_labelerexp,34,at://did:plc:65b3kbil47einb4qjb232cot/app.bsky.feed.post/3mfpywdeoyk2f,bafyreihkff4dacbmk6d6lxzttm6rar2zpndhwq7td7kanc4jo4fosjmwga,did:plc:65b3kbil47einb4qjb232cot,illustration-jobs.com,,
da2d6d8a346749cda98bd51cb6d99a52,2026-02-28T11:00:00Z,2026-02-28T11:18:28Z,auth,auth_enUS_labelerexp,at://did:plc:odqmsar3ikz5ubokya4sempk/app.bsky.feed.generator/aaahu6g4bonog,suggested_labelerexp,35,at://did:plc:65b3kbil47einb4qjb232cot/app.bsky.feed.post/3mfpyvstx322f,bafyreig4ucyils7zvbdyb34jf3jmwf6nxn4bv6obctgwlgpvhwxhalkqaq,did:plc:65b3kbil47einb4qjb232cot,illustration-jobs.com,,
da2d6d8a346749cda98bd51cb6d99a52,2026-02-28T11:00:00Z,2026-02-28T11:18:28Z,auth,auth_enUS_labelerexp,at://did:plc:odqmsar3ikz5ubokya4sempk/app.bsky.feed.generator/aaahu6g4bonog,suggested_labelerexp,36,at://did:plc:65b3kbil47einb4qjb232cot/app.bsky.feed.post/3mfpyvdzbmk2f,bafyreigxz4gowpi3gr6hgrm5xncylxrn5wpx3x3nupomzict2sre74p6wm,did:plc:65b3kbil47einb4qjb232cot,illustration-jobs.com,,
da2d6d8a346749cda98bd51cb6d99a52,2026-02-28T11:00:00Z,2026-02-28T11:18:28Z,auth,auth_enUS_labelerexp,at://did:plc:odqmsar3ikz5ubokya4sempk/app.bsky.feed.generator/aaahu6g4bonog,suggested_labelerexp,37,at://did:plc:pnziu7licyhm4gm5unkqp5yg/app.bsky.feed.post/3mfpyvdlrgc2g,bafyreiedsmgeo2o5dx6o37nmvsrrt7hriznw2waqksi74qomwxr2t7wqai,did:plc:pnziu7licyhm4gm5unkqp5yg,cartoonrecruit.com,,
da2d6d8a346749cda98bd51cb6d99a52,2026-02-28T11:00:00Z,2026-02-28T11:18:28Z,auth,auth_enUS_labelerexp,at://did:plc:odqmsar3ikz5ubokya4sempk/app.bsky.feed.generator/aaahu6g4bonog,suggested_labelerexp,38,at://did:plc:65b3kbil47einb4qjb232cot/app.bsky.feed.post/3mfpyuxoygk2f,bafyreidu7nnzwfoz23vyub7xyeahsclkysdvidiawgkx6epqsgit2cfugi,did:plc:65b3kbil47einb4qjb232cot,illustration-jobs.com,,
da2d6d8a346749cda98bd51cb6d99a52,2026-02-28T11:00:00Z,2026-02-28T11:18:28Z,auth,auth_enUS_labelerexp,at://did:plc:odqmsar3ikz5ubokya4sempk/app.bsky.feed.generator/aaahu6g4bonog,suggested_labelerexp,39,at://did:plc:65b3kbil47einb4qjb232cot/app.bsky.feed.post/3mfpyulougs2f,bafyreibkcnjnt2odkp6epizrq4ibwodsvfjnkwgb64oaefpfksdbw4wyoy,did:plc:65b3kbil47einb4qjb232cot,illustration-jobs.com,,
da2d6d8a346749cda98bd51cb6d99a52,2026-02-28T11:00:00Z,2026-02-28T11:18:28Z,auth,auth_enUS_labelerexp,at://did:plc:odqmsar3ikz5ubokya4sempk/app.bsky.feed.generator/aaahu6g4bonog,suggested_labelerexp,40,at://did:plc:65b3kbil47einb4qjb232cot/app.bsky.feed.post/3mfpyu3amls2f,bafyreieeksd3l5jlfu477rdp7vacnh7shpksclykz7rnwwql6uunccr5oy,did:plc:65b3kbil47einb4qjb232cot,illustration-jobs.com,,
da2d6d8a346749cda98bd51cb6d99a52,2026-02-28T11:00:00Z,2026-02-28T11:18:28Z,auth,auth_enUS_labelerexp,at://did:plc:odqmsar3ikz5ubokya4sempk/app.bsky.feed.generator/aaahu6g4bonog,suggested_labelerexp,41,at://did:plc:65b3kbil47einb4qjb232cot/app.bsky.feed.post/3mfpytii4rk2f,bafyreieffwua5dk6tkltgqdnj4x6lk2xvqmrlhjihg6cu4b3ghtjccnoeq,did:plc:65b3kbil47einb4qjb232cot,illustration-jobs.com,,
da2d6d8a346749cda98bd51cb6d99a52,2026-02-28T11:00:00Z,2026-02-28T11:18:28Z,auth,auth_enUS_labelerexp,at://did:plc:odqmsar3ikz5ubokya4sempk/app.bsky.feed.generator/aaahu6g4bonog,suggested_labelerexp,42,at://did:plc:pnziu7licyhm4gm5unkqp5yg/app.bsky.feed.post/3mfpyrwqjkk2g,bafyreidocmdbjxd6hw75sijchsvsl5x5ych6m3x74t6vbh6d54yfed53di,did:plc:pnziu7licyhm4gm5unkqp5yg,cartoonrecruit.com,,
da2d6d8a346749cda98bd51cb6d99a52,2026-02-28T11:00:00Z,2026-02-28T11:18:28Z,auth,auth_enUS_labelerexp,at://did:plc:odqmsar3ikz5ubokya4sempk/app.bsky.feed.generator/aaahu6g4bonog,suggested_labelerexp,43,at://did:plc:puacmqyssucxfgdbhfkuqwcd/app.bsky.feed.post/3mfpovi4my22j,bafyreif4wwsjjhr75z2c2msqv63n2l6jr5czeeak6ibz6ghrn37uqkvwhe,did:plc:puacmqyssucxfgdbhfkuqwcd,leesimsmusic.bsky.social,,
da2d6d8a346749cda98bd51cb6d99a52,2026-02-28T11:00:00Z,2026-02-28T11:18:28Z,auth,auth_enUS_labelerexp,at://did:plc:odqmsar3ikz5ubokya4sempk/app.bsky.feed.generator/aaahu6g4bonog,suggested_labelerexp,44,at://did:plc:xs67ew6u6yyl3slspw4us6wn/app.bsky.feed.post/3mfoyc5wuis2j,bafyreiau7wyyz63s6pgsg7co4n6geopdqupgxd64ohih7bahit5tom5y2u,did:plc:xs67ew6u6yyl3slspw4us6wn,misschroma.bsky.social,,
da2d6d8a346749cda98bd51cb6d99a52,2026-02-28T11:00:00Z,2026-02-28T11:18:28Z,auth,auth_enUS_labelerexp,at://did:plc:odqmsar3ikz5ubokya4sempk/app.bsky.feed.generator/aaahu6g4bonog,suggested_labelerexp,45,at://did:plc:6ntdebolqjiyjble7hlqaynz/app.bsky.feed.post/3mfouvxipic2v,bafyreibszeipyhbeqzd6o5myu5qgilskoeft7ji5nin25ob2kudafsh3mu,did:plc:6ntdebolqjiyjble7hlqaynz,remotegamejobs.com,,
da2d6d8a346749cda98bd51cb6d99a52,2026-02-28T11:00:00Z,2026-02-28T11:18:28Z,auth,auth_enUS_labelerexp,at://did:plc:odqmsar3ikz5ubokya4sempk/app.bsky.feed.generator/aaahu6g4bonog,suggested_labelerexp,46,at://did:plc:v6laejjz4r6n44nneiw3mupt/app.bsky.feed.post/3mfokfztgb22c,bafyreiaejiyminq4liogz3mwf2gffxbgh2uk4jfpjassxfvowcvv4664ym,did:plc:v6laejjz4r6n44nneiw3mupt,culturele-vacatures.nl,,
da2d6d8a346749cda98bd51cb6d99a52,2026-02-28T11:00:00Z,2026-02-28T11:18:28Z,auth,auth_enUS_labelerexp,at://did:plc:odqmsar3ikz5ubokya4sempk/app.bsky.feed.generator/aaahu6g4bonog,suggested_labelerexp,47,at://did:plc:v6laejjz4r6n44nneiw3mupt/app.bsky.feed.post/3mfoen7y44s27,bafyreic7eo6l2scng55tgicalnfpreky6xvuhvuch2gv2rz4qeslsvux3y,did:plc:v6laejjz4r6n44nneiw3mupt,culturele-vacatures.nl,,
da2d6d8a346749cda98bd51cb6d99a52,2026-02-28T11:00:00Z,2026-02-28T11:18:28Z,auth,auth_enUS_labelerexp,at://did:plc:odqmsar3ikz5ubokya4sempk/app.bsky.feed.generator/aaahu6g4bonog,suggested_labelerexp,48,at://did:plc:65b3kbil47einb4qjb232cot/app.bsky.feed.post/3mfnk4dw44s2v,bafyreia7mt3lewu6w4ocxxbgiua6caeh6jsmcgyokmud7xiddvghf62dmy,did:plc:65b3kbil47einb4qjb232cot,illustration-jobs.com,,
da2d6d8a346749cda98bd51cb6d99a52,2026-02-28T11:00:00Z,2026-02-28T11:18:28Z,auth,auth_enUS_labelerexp,at://did:plc:odqmsar3ikz5ubokya4sempk/app.bsky.feed.generator/aaahu6g4bonog,suggested_labelerexp,49,at://did:plc:65b3kbil47einb4qjb232cot/app.bsky.feed.post/3mfnk3xqv2c2v,bafyreiex4lnbihfzusbmguxbzmhsm2azfix2faaetvnkpbp6h35oratloy,did:plc:65b3kbil47einb4qjb232cot,illustration-jobs.com,,
da2d6d8a346749cda98bd51cb6d99a52,2026-02-28T11:00:00Z,2026-02-28T11:18:28Z,auth,auth_enUS_labelerexp,at://did:plc:odqmsar3ikz5ubokya4sempk/app.bsky.feed.generator/aaahu6g4bonog,suggested_labelerexp,50,at://did:plc:65b3kbil47einb4qjb232cot/app.bsky.feed.post/3mfnk3my3ts2v,bafyreifhf4r2zafqmiigruqvyfamtj5orqojigo5cfj6t7vs3zsolmcwym,did:plc:65b3kbil47einb4qjb232cot,illustration-jobs.com,,
da2d6d8a346749cda98bd51cb6d99a52,2026-02-28T11:00:00Z,2026-02-28T11:18:30Z,auth,auth_enUS_labelerexp,at://did:plc:p2hhevq3w2kxgw3csyailya3/app.bsky.feed.generator/aaafrn54usbj6,suggested_labelerexp,1,at://did:plc:misg7izn43rmk44jl3atkusz/app.bsky.feed.post/3mfw2e5ani22z,bafyreiapkheslvcrccd455mh2s6dqlmhfhop3jdjege3v3lkpkosvsdfga,did:plc:misg7izn43rmk44jl3atkusz,mrt181.bsky.social,,
da2d6d8a346749cda98bd51cb6d99a52,2026-02-28T11:00:00Z,2026-02-28T11:18:30Z,auth,auth_enUS_labelerexp,at://did:plc:p2hhevq3w2kxgw3csyailya3/app.bsky.feed.generator/aaafrn54usbj6,suggested_labelerexp,2,at://did:plc:jjwozxaapr5byl7mmm3sqscm/app.bsky.feed.post/3mfvzgf3lpk27,bafyreieizxeedfyu6sokcxdxlkpuiwrobxfp7f62unvkrpp6ezobxudjqm,did:plc:jjwozxaapr5byl7mmm3sqscm,andsome.bsky.social,,
da2d6d8a346749cda98bd51cb6d99a52,2026-02-28T11:00:00Z,2026-02-28T11:18:30Z,auth,auth_enUS_labelerexp,at://did:plc:p2hhevq3w2kxgw3csyailya3/app.bsky.feed.generator/aaafrn54usbj6,suggested_labelerexp,3,at://did:plc:jmkxazofykgyo5nq7tutdq6p/app.bsky.feed.post/3mfvyo3ito22h,bafyreifdlq5loskyxrjdr3ttjpybq45zeppbrqznmydtaq4seiqc3hpwmi,did:plc:jmkxazofykgyo5nq7tutdq6p,medericgc.bsky.social,,
da2d6d8a346749cda98bd51cb6d99a52,2026-02-28T11:00:00Z,2026-02-28T11:18:30Z,auth,auth_enUS_labelerexp,at://did:plc:p2hhevq3w2kxgw3csyailya3/app.bsky.feed.generator/aaafrn54usbj6,suggested_labelerexp,4,at://did:plc:5pjjoqct5pnr6ndg4aqwy5we/app.bsky.feed.post/3mfvy42kjps2n,bafyreifiegissxy5s36govg7gkqh55je6n4qurab64y4mneyamfk565j2u,did:plc:5pjjoqct5pnr6ndg4aqwy5we,justsmudge.bsky.social,,
da2d6d8a346749cda98bd51cb6d99a52,2026-02-28T11:00:00Z,2026-02-28T11:18:30Z,auth,auth_enUS_labelerexp,at://did:plc:p2hhevq3w2kxgw3csyailya3/app.bsky.feed.generator/aaafrn54usbj6,suggested_labelerexp,5,at://did:plc:mcb6n67plnrlx4lg35natk2b/app.bsky.feed.post/3mfvx6l3eae2q,bafyreidarszfp62zy2mhyemsjnhztljzyampswd7rbq43vnqxpyl2ez76i,did:plc:mcb6n67plnrlx4lg35natk2b,nowbreezing.ntw.app,,
da2d6d8a346749cda98bd51cb6d99a52,2026-02-28T11:00:00Z,2026-02-28T11:18:30Z,auth,auth_enUS_labelerexp,at://did:plc:p2hhevq3w2kxgw3csyailya3/app.bsky.feed.generator/aaafrn54usbj6,suggested_labelerexp,6,at://did:plc:m67rkoj5rurjmwf7664f6gks/app.bsky.feed.post/3mfvx36lvmk2b,bafyreidkxzcgqm6syv2dyrdwjfpvujnz6wk3omyk7pm7jgbijfa5qqcgcu,did:plc:m67rkoj5rurjmwf7664f6gks,michaelmitchell.bsky.social,,
da2d6d8a346749cda98bd51cb6d99a52,2026-02-28T11:00:00Z,2026-02-28T11:18:30Z,auth,auth_enUS_labelerexp,at://did:plc:p2hhevq3w2kxgw3csyailya3/app.bsky.feed.generator/aaafrn54usbj6,suggested_labelerexp,7,at://did:plc:idlz5lvvi5myulbvvkaalozx/app.bsky.feed.post/3mfvwmejiik2t,bafyreihje3m63id5yjwonhjzldllhuzvug42ngr5glag4bhd2kdikgju3y,did:plc:idlz5lvvi5myulbvvkaalozx,me11.bsky.social,,
da2d6d8a346749cda98bd51cb6d99a52,2026-02-28T11:00:00Z,2026-02-28T11:18:30Z,auth,auth_enUS_labelerexp,at://did:plc:p2hhevq3w2kxgw3csyailya3/app.bsky.feed.generator/aaafrn54usbj6,suggested_labelerexp,8,at://did:plc:hrkb2pala5kamlznq6asilla/app.bsky.feed.post/3mfvvruniuc2s,bafyreihw5h55yavvnpdvqewjsp2fcsr3ocaqmrnf6564u22uumryx6c2cm,did:plc:hrkb2pala5kamlznq6asilla,rainytowns.bsky.social,,
da2d6d8a346749cda98bd51cb6d99a52,2026-02-28T11:00:00Z,2026-02-28T11:18:30Z,auth,auth_enUS_labelerexp,at://did:plc:p2hhevq3w2kxgw3csyailya3/app.bsky.feed.generator/aaafrn54usbj6,suggested_labelerexp,9,at://did:plc:2ehqkwy4qfvaunnapae2n2jy/app.bsky.feed.post/3mfvt7riiu223,bafyreiaoz45djz4rd5wda3z7646ojo2umfvu45gkqojdovboxwgbmdhr7m,did:plc:2ehqkwy4qfvaunnapae2n2jy,learngermangames.bsky.social,,
da2d6d8a346749cda98bd51cb6d99a52,2026-02-28T11:00:00Z,2026-02-28T11:18:30Z,auth,auth_enUS_labelerexp,at://did:plc:p2hhevq3w2kxgw3csyailya3/app.bsky.feed.generator/aaafrn54usbj6,suggested_labelerexp,10,at://did:plc:uhzmicf6vnaz35mfixslajz4/app.bsky.feed.post/3mfvt6zrsjs2b,bafyreidg26w2xtga5z53ntc36vecvq5qoorkjk7qmdwcesep6dlmwaezvi,did:plc:uhzmicf6vnaz35mfixslajz4,rui-ming-mz.bsky.social,,
da2d6d8a346749cda98bd51cb6d99a52,2026-02-28T11:00:00Z,2026-02-28T11:18:30Z,auth,auth_enUS_labelerexp,at://did:plc:p2hhevq3w2kxgw3csyailya3/app.bsky.feed.generator/aaafrn54usbj6,suggested_labelerexp,11,at://did:plc:wi4jfbq4d4khbmikgi2kgm7a/app.bsky.feed.post/3mfvs23ut4u22,bafyreiabk3zsyggbolxi37ubopgwgafhb5hsse2tsh4ibuaxzgn7yanrxi,did:plc:wi4jfbq4d4khbmikgi2kgm7a,0xabad1dea.infosec.exchange.ap.brid.gy,,
da2d6d8a346749cda98bd51cb6d99a52,2026-02-28T11:00:00Z,2026-02-28T11:18:30Z,auth,auth_enUS_labelerexp,at://did:plc:p2hhevq3w2kxgw3csyailya3/app.bsky.feed.generator/aaafrn54usbj6,suggested_labelerexp,12,at://did:plc:4excazaoczxvheakhe5j7att/app.bsky.feed.post/3mfvrtzns6s2j,bafyreiaas54axvabfqjbluolyfz32xuu2bstx4shazwghpefalpwykhclu,did:plc:4excazaoczxvheakhe5j7att,raskolnick.bsky.social,,
da2d6d8a346749cda98bd51cb6d99a52,2026-02-28T11:00:00Z,2026-02-28T11:18:30Z,auth,auth_enUS_labelerexp,at://did:plc:p2hhevq3w2kxgw3csyailya3/app.bsky.feed.generator/aaafrn54usbj6,suggested_labelerexp,13,at://did:plc:gy7yilnydusx5hy2z3dltynp/app.bsky.feed.post/3mfvrejuprdn2,bafyreidgwbucvte523gbirp4daeofwxzv6isx7atn7m6qtrvr7ggyun3qm,did:plc:gy7yilnydusx5hy2z3dltynp,vzvzvz.stefanbohacek.online.ap.brid.gy,,
da2d6d8a346749cda98bd51cb6d99a52,2026-02-28T11:00:00Z,2026-02-28T11:18:30Z,auth,auth_enUS_labelerexp,at://did:plc:p2hhevq3w2kxgw3csyailya3/app.bsky.feed.generator/aaafrn54usbj6,suggested_labelerexp,14,at://did:plc:orcpsjdibwyktnetx3vjjbgk/app.bsky.feed.post/3mfvra7o54c25,bafyreicsiyimbkdm2i6n6ooo6lbhqgnpio456mp37xmky6g3q54s47wq5u,did:plc:orcpsjdibwyktnetx3vjjbgk,linguaomnia.bsky.social,,
da2d6d8a346749cda98bd51cb6d99a52,2026-02-28T11:00:00Z,2026-02-28T11:18:30Z,auth,auth_enUS_labelerexp,at://did:plc:p2hhevq3w2kxgw3csyailya3/app.bsky.feed.generator/aaafrn54usbj6,suggested_labelerexp,15,at://did:plc:tijtkbtlklhiiy7fnsdkoxnq/app.bsky.feed.post/3mfvox74n3k2l,bafyreievy2s3zr5hlrphuaae2t4l4u5c6jcymv55lrhq32uy7kr3gxiirm,did:plc:tijtkbtlklhiiy7fnsdkoxnq,iliacium.bsky.social,,
da2d6d8a346749cda98bd51cb6d99a52,2026-02-28T11:00:00Z,2026-02-28T11:18:30Z,auth,auth_enUS_labelerexp,at://did:plc:p2hhevq3w2kxgw3csyailya3/app.bsky.feed.generator/aaafrn54usbj6,suggested_labelerexp,16,at://did:plc:mil47usygijs2xwdehaopb2j/app.bsky.feed.post/3mfvmn3at5c2o,bafyreiacvceivwqvwmerqkenyf433i522666avviyacdils2jhwlzwrn7q,did:plc:mil47usygijs2xwdehaopb2j,davidstifter.bsky.social,,
da2d6d8a346749cda98bd51cb6d99a52,2026-02-28T11:00:00Z,2026-02-28T11:18:30Z,auth,auth_enUS_labelerexp,at://did:plc:p2hhevq3w2kxgw3csyailya3/app.bsky.feed.generator/aaafrn54usbj6,suggested_labelerexp,17,at://did:plc:45qzd2uoeuixtc64wuv6objq/app.bsky.feed.post/3mfvmhbdapv42,bafyreiaqsd2xxe34cpqorlpl3xgj4rkv2koczzb2rvwddzw6cudkianyqi,did:plc:45qzd2uoeuixtc64wuv6objq,helloworld.stefanbohacek.online.ap.brid.gy,,
da2d6d8a346749cda98bd51cb6d99a52,2026-02-28T11:00:00Z,2026-02-28T11:18:30Z,auth,auth_enUS_labelerexp,at://did:plc:p2hhevq3w2kxgw3csyailya3/app.bsky.feed.generator/aaafrn54usbj6,suggested_labelerexp,18,at://did:plc:5ty4wshj6nqaypom3y55qu4m/app.bsky.feed.post/3mfvmcrxp752c,bafyreif4geoyx3pk2hx4cb2tggl3oizqisf6zaa3lgh56hwrsn6qngjddy,did:plc:5ty4wshj6nqaypom3y55qu4m,sloeful.bsky.social,,
da2d6d8a346749cda98bd51cb6d99a52,2026-02-28T11:00:00Z,2026-02-28T11:18:30Z,auth,auth_enUS_labelerexp,at://did:plc:p2hhevq3w2kxgw3csyailya3/app.bsky.feed.generator/aaafrn54usbj6,suggested_labelerexp,19,at://did:plc:tiwzlgc7snbrvvavezxpgvby/app.bsky.feed.post/3mfvgfrymhf2p,bafyreibqd637hqpvemykkup4w2bwmsi6kp7ppjnlahnspbdduxzy22psv4,did:plc:tiwzlgc7snbrvvavezxpgvby,chen-yenhan.bsky.social,,
da2d6d8a346749cda98bd51cb6d99a52,2026-02-28T11:00:00Z,2026-02-28T11:18:30Z,auth,auth_enUS_labelerexp,at://did:plc:p2hhevq3w2kxgw3csyailya3/app.bsky.feed.generator/aaafrn54usbj6,suggested_labelerexp,20,at://did:plc:gy7yilnydusx5hy2z3dltynp/app.bsky.feed.post/3mfveacotz572,bafyreiecfp33txacsai2qmcmof4esez2cfr5aelpr5vnq77z2myirfdxra,did:plc:gy7yilnydusx5hy2z3dltynp,vzvzvz.stefanbohacek.online.ap.brid.gy,,
da2d6d8a346749cda98bd51cb6d99a52,2026-02-28T11:00:00Z,2026-02-28T11:18:30Z,auth,auth_enUS_labelerexp,at://did:plc:p2hhevq3w2kxgw3csyailya3/app.bsky.feed.generator/aaafrn54usbj6,suggested_labelerexp,21,at://did:plc:mcb6n67plnrlx4lg35natk2b/app.bsky.feed.post/3mfve6iuqhp2e,bafyreiflcknn7zgmw63seirh3jypb55djp52sf4aago7hu63k5wzdpohjm,did:plc:mcb6n67plnrlx4lg35natk2b,nowbreezing.ntw.app,,
da2d6d8a346749cda98bd51cb6d99a52,2026-02-28T11:00:00Z,2026-02-28T11:18:30Z,auth,auth_enUS_labelerexp,at://did:plc:p2hhevq3w2kxgw3csyailya3/app.bsky.feed.generator/aaafrn54usbj6,suggested_labelerexp,22,at://did:plc:tf42fylciee5jerwdrj7hqyd/app.bsky.feed.post/3mfvckdfw5s2i,bafyreidap6cavgttbd6yxqxleaews73mrljgtih6b44tmtlis62l3pby5y,did:plc:tf42fylciee5jerwdrj7hqyd,lawrenceschimel.bsky.social,,
da2d6d8a346749cda98bd51cb6d99a52,2026-02-28T11:00:00Z,2026-02-28T11:18:30Z,auth,auth_enUS_labelerexp,at://did:plc:p2hhevq3w2kxgw3csyailya3/app.bsky.feed.generator/aaafrn54usbj6,suggested_labelerexp,23,at://did:plc:o6dzby6e6m3224smftk63onr/app.bsky.feed.post/3mfvcfsmcrc2m,bafyreic4zoxwhk6lxa54vdvorz5n5qdqa57rxxhgh4qtb7wlgubph6csea,did:plc:o6dzby6e6m3224smftk63onr,pen-tlrc.bsky.social,,
da2d6d8a346749cda98bd51cb6d99a52,2026-02-28T11:00:00Z,2026-02-28T11:18:30Z,auth,auth_enUS_labelerexp,at://did:plc:p2hhevq3w2kxgw3csyailya3/app.bsky.feed.generator/aaafrn54usbj6,suggested_labelerexp,24,at://did:plc:45qzd2uoeuixtc64wuv6objq/app.bsky.feed.post/3mfuyrymucoj2,bafyreicogsepphwrerss6ajmx52gq3d7nifaj4s5r4zaasnj6dsknfyeyu,did:plc:45qzd2uoeuixtc64wuv6objq,helloworld.stefanbohacek.online.ap.brid.gy,,
da2d6d8a346749cda98bd51cb6d99a52,2026-02-28T11:00:00Z,2026-02-28T11:18:30Z,auth,auth_enUS_labelerexp,at://did:plc:p2hhevq3w2kxgw3csyailya3/app.bsky.feed.generator/aaafrn54usbj6,suggested_labelerexp,25,at://did:plc:gy7yilnydusx5hy2z3dltynp/app.bsky.feed.post/3mfux2dhvmtw2,bafyreiehetldpbuhi4smwov6pxlzkhshxevuzons2xopvd6xvvn7mnfvwu,did:plc:gy7yilnydusx5hy2z3dltynp,vzvzvz.stefanbohacek.online.ap.brid.gy,,
da2d6d8a346749cda98bd51cb6d99a52,2026-02-28T11:00:00Z,2026-02-28T11:18:30Z,auth,auth_enUS_labelerexp,at://did:plc:p2hhevq3w2kxgw3csyailya3/app.bsky.feed.generator/aaafrn54usbj6,suggested_labelerexp,26,at://did:plc:s7uivt7xkxnpx3345ma2cf7m/app.bsky.feed.post/3mfuv4f75xc2m,bafyreiaud4otkjhixvybftf6aw7hjimk42tkoc52qfotrofkujxy4v3vva,did:plc:s7uivt7xkxnpx3345ma2cf7m,marcothelinguist.bsky.social,,
da2d6d8a346749cda98bd51cb6d99a52,2026-02-28T11:00:00Z,2026-02-28T11:18:30Z,auth,auth_enUS_labelerexp,at://did:plc:p2hhevq3w2kxgw3csyailya3/app.bsky.feed.generator/aaafrn54usbj6,suggested_labelerexp,27,at://did:plc:es5h7cx6mg2o357x3v7oivfe/app.bsky.feed.post/3mfur453auc2b,bafyreiezu3h2lbito6qus5hp5ljozzxfsib6nzat5bsqnx4l7euv6gt46e,did:plc:es5h7cx6mg2o357x3v7oivfe,tusionni.bsky.social,,
da2d6d8a346749cda98bd51cb6d99a52,2026-02-28T11:00:00Z,2026-02-28T11:18:30Z,auth,auth_enUS_labelerexp,at://did:plc:p2hhevq3w2kxgw3csyailya3/app.bsky.feed.generator/aaafrn54usbj6,suggested_labelerexp,28,at://did:plc:3shco5ze2tes7nejibnht622/app.bsky.feed.post/3mfuqr6korq2x,bafyreierigmt7mk4wo6ytmpppxb2froa2fbunavs6k3dv3iw7pa3y3wgoy,did:plc:3shco5ze2tes7nejibnht622,innovirtuoso.bsky.social,,
da2d6d8a346749cda98bd51cb6d99a52,2026-02-28T11:00:00Z,2026-02-28T11:18:30Z,auth,auth_enUS_labelerexp,at://did:plc:p2hhevq3w2kxgw3csyailya3/app.bsky.feed.generator/aaafrn54usbj6,suggested_labelerexp,29,at://did:plc:l6524gwkguhr443476qzaj4o/app.bsky.feed.post/3mfupbmzx522s,bafyreibtjgpxzsbjwydptnjzf6taeoykwr3b5ej3yosdnlqgrzwh3qxehe,did:plc:l6524gwkguhr443476qzaj4o,thefred.bsky.social,,
da2d6d8a346749cda98bd51cb6d99a52,2026-02-28T11:00:00Z,2026-02-28T11:18:30Z,auth,auth_enUS_labelerexp,at://did:plc:p2hhevq3w2kxgw3csyailya3/app.bsky.feed.generator/aaafrn54usbj6,suggested_labelerexp,30,at://did:plc:p5f76b5hb76mgverr6ihynh7/app.bsky.feed.post/3mfuoufduqc2x,bafyreiaove37pojdj7s7u7r3luhnn5lw2nlmoostvldo2uluhx22rdhjwq,did:plc:p5f76b5hb76mgverr6ihynh7,quandtuniverse.bsky.social,,
da2d6d8a346749cda98bd51cb6d99a52,2026-02-28T11:00:00Z,2026-02-28T11:18:30Z,auth,auth_enUS_labelerexp,at://did:plc:p2hhevq3w2kxgw3csyailya3/app.bsky.feed.generator/aaafrn54usbj6,suggested_labelerexp,31,at://did:plc:wvk3sjvbawnkawuhgldkil5h/app.bsky.feed.post/3mfunkrz6m224,bafyreidxw3r7kirualgaklc7c7ny3qhb4egqizleawluvzs6pkfdtd5uym,did:plc:wvk3sjvbawnkawuhgldkil5h,alomorfe.bsky.social,,
da2d6d8a346749cda98bd51cb6d99a52,2026-02-28T11:00:00Z,2026-02-28T11:18:30Z,auth,auth_enUS_labelerexp,at://did:plc:p2hhevq3w2kxgw3csyailya3/app.bsky.feed.generator/aaafrn54usbj6,suggested_labelerexp,32,at://did:plc:qj3y4nfzkou3sillsgbnvod4/app.bsky.feed.post/3mfun3vu3os2y,bafyreiejlrfo6kqzfksdqertlm7bejthqdrtj7u27kbhv7zg7glj7bpsra,did:plc:qj3y4nfzkou3sillsgbnvod4,rogergrow.bsky.social,,
da2d6d8a346749cda98bd51cb6d99a52,2026-02-28T11:00:00Z,2026-02-28T11:18:30Z,auth,auth_enUS_labelerexp,at://did:plc:p2hhevq3w2kxgw3csyailya3/app.bsky.feed.generator/aaafrn54usbj6,suggested_labelerexp,33,at://did:plc:jjwozxaapr5byl7mmm3sqscm/app.bsky.feed.post/3mfulgu5flk2x,bafyreideri6dqsq4irvxlbl5jpnfwoirei6g3sfm6dlk5y3veoroncc2ra,did:plc:jjwozxaapr5byl7mmm3sqscm,andsome.bsky.social,,
da2d6d8a346749cda98bd51cb6d99a52,2026-02-28T11:00:00Z,2026-02-28T11:18:30Z,auth,auth_enUS_labelerexp,at://did:plc:p2hhevq3w2kxgw3csyailya3/app.bsky.feed.generator/aaafrn54usbj6,suggested_labelerexp,34,at://did:plc:zi25nwoaxeiedopwm7t54dg3/app.bsky.feed.post/3mfula5jrw22t,bafyreifzv453ddzndcj6xgake4wbwmeb27uha44ft4ronlb34h5rfiakxe,did:plc:zi25nwoaxeiedopwm7t54dg3,birdman100.bsky.social,,
da2d6d8a346749cda98bd51cb6d99a52,2026-02-28T11:00:00Z,2026-02-28T11:18:30Z,auth,auth_enUS_labelerexp,at://did:plc:p2hhevq3w2kxgw3csyailya3/app.bsky.feed.generator/aaafrn54usbj6,suggested_labelerexp,35,at://did:plc:b74dwb3oekco5zklfq5vbur4/app.bsky.feed.post/3mfuk6ax4n22g,bafyreig4tf6dwcgswtrzwezrllb7okzvp23fxhq76j7aegvpzmzwwjc3ky,did:plc:b74dwb3oekco5zklfq5vbur4,mrsoup.bsky.social,,
da2d6d8a346749cda98bd51cb6d99a52,2026-02-28T11:00:00Z,2026-02-28T11:18:30Z,auth,auth_enUS_labelerexp,at://did:plc:p2hhevq3w2kxgw3csyailya3/app.bsky.feed.generator/aaafrn54usbj6,suggested_labelerexp,36,at://did:plc:suaypzlihvrv43attsbbcnlj/app.bsky.feed.post/3mfujwcdb6s2m,bafyreibjfue6nhwqshykrtwfpnkezcc5yd2x47u4ukznm7m6rpjsesb3ua,did:plc:suaypzlihvrv43attsbbcnlj,thepolyglotfox.bsky.social,,
da2d6d8a346749cda98bd51cb6d99a52,2026-02-28T11:00:00Z,2026-02-28T11:18:30Z,auth,auth_enUS_labelerexp,at://did:plc:p2hhevq3w2kxgw3csyailya3/app.bsky.feed.generator/aaafrn54usbj6,suggested_labelerexp,37,at://did:plc:suaypzlihvrv43attsbbcnlj/app.bsky.feed.post/3mfujlgaql22m,bafyreiaiimtnkab4xcweix5ykbr5oqwtqrssgqsqlfpraxypo7zdebvpdq,did:plc:suaypzlihvrv43attsbbcnlj,thepolyglotfox.bsky.social,,
da2d6d8a346749cda98bd51cb6d99a52,2026-02-28T11:00:00Z,2026-02-28T11:18:30Z,auth,auth_enUS_labelerexp,at://did:plc:p2hhevq3w2kxgw3csyailya3/app.bsky.feed.generator/aaafrn54usbj6,suggested_labelerexp,38,at://did:plc:gy7yilnydusx5hy2z3dltynp/app.bsky.feed.post/3mfujjlkxbkr2,bafyreigdbjrums3ql2e5l3pl6z6f3ws2cukrr6icuuntqq36s23yfgb7va,did:plc:gy7yilnydusx5hy2z3dltynp,vzvzvz.stefanbohacek.online.ap.brid.gy,,
da2d6d8a346749cda98bd51cb6d99a52,2026-02-28T11:00:00Z,2026-02-28T11:18:30Z,auth,auth_enUS_labelerexp,at://did:plc:p2hhevq3w2kxgw3csyailya3/app.bsky.feed.generator/aaafrn54usbj6,suggested_labelerexp,39,at://did:plc:yruxqqu4zq3raofwecva2f3x/app.bsky.feed.post/3mfuiodt2r22j,bafyreib6bqljn53q4bdjrrr3p67iptc4b67ja2lfn2iomoxy6gzt6ypkhu,did:plc:yruxqqu4zq3raofwecva2f3x,tealmantis.bsky.social,,
da2d6d8a346749cda98bd51cb6d99a52,2026-02-28T11:00:00Z,2026-02-28T11:18:30Z,auth,auth_enUS_labelerexp,at://did:plc:p2hhevq3w2kxgw3csyailya3/app.bsky.feed.generator/aaafrn54usbj6,suggested_labelerexp,40,at://did:plc:2qeyv4avx56ml5qetbyoaxaa/app.bsky.feed.post/3mfuhbqhxak2h,bafyreiew5edyujclabbunn4skexg4c6j5zvy4oixcxlbwdhkl352b6hbna,did:plc:2qeyv4avx56ml5qetbyoaxaa,jamesdonegalirish.bsky.social,,
da2d6d8a346749cda98bd51cb6d99a52,2026-02-28T11:00:00Z,2026-02-28T11:18:30Z,auth,auth_enUS_labelerexp,at://did:plc:p2hhevq3w2kxgw3csyailya3/app.bsky.feed.generator/aaafrn54usbj6,suggested_labelerexp,41,at://did:plc:s7eizrixhsqvnshk4urr6zyt/app.bsky.feed.post/3mfughngr4l2j,bafyreihjp5ll525t3oc7w4gyeyw2br3ymoobf4lg5x5g7gftntucm74byu,did:plc:s7eizrixhsqvnshk4urr6zyt,mgrammar.bsky.social,,
da2d6d8a346749cda98bd51cb6d99a52,2026-02-28T11:00:00Z,2026-02-28T11:18:30Z,auth,auth_enUS_labelerexp,at://did:plc:p2hhevq3w2kxgw3csyailya3/app.bsky.feed.generator/aaafrn54usbj6,suggested_labelerexp,42,at://did:plc:sxttw4f3ket2uyrrtc5ou4n2/app.bsky.feed.post/3mfuedseu3c2l,bafyreiabxtr5vs3dtnvcsk5cvsll4bb5x3opqb77uxltkzywveax2ktsbe,did:plc:sxttw4f3ket2uyrrtc5ou4n2,gretchenmcculloch.com,,
da2d6d8a346749cda98bd51cb6d99a52,2026-02-28T11:00:00Z,2026-02-28T11:18:30Z,auth,auth_enUS_labelerexp,at://did:plc:p2hhevq3w2kxgw3csyailya3/app.bsky.feed.generator/aaafrn54usbj6,suggested_labelerexp,43,at://did:plc:5emzqotcahiulunfevxankea/app.bsky.feed.post/3mfudtdn4ns2u,bafyreig2z3wjcd6eafdqjrhxxr4z6u4mrz5gzr4fygvloujqvxij5bdpla,did:plc:5emzqotcahiulunfevxankea,aboutlinguistics.bsky.social,,
da2d6d8a346749cda98bd51cb6d99a52,2026-02-28T11:00:00Z,2026-02-28T11:18:30Z,auth,auth_enUS_labelerexp,at://did:plc:p2hhevq3w2kxgw3csyailya3/app.bsky.feed.generator/aaafrn54usbj6,suggested_labelerexp,44,at://did:plc:6i6n57nrkq6xavqbdo6bvkqr/app.bsky.feed.post/3mfudleicu22o,bafyreiemu2ceuikqui52i7egrau2fqjvrdhpmrvrepdtqurdll6f46a6oq,did:plc:6i6n57nrkq6xavqbdo6bvkqr,byarielm.fyi,,
da2d6d8a346749cda98bd51cb6d99a52,2026-02-28T11:00:00Z,2026-02-28T11:18:30Z,auth,auth_enUS_labelerexp,at://did:plc:p2hhevq3w2kxgw3csyailya3/app.bsky.feed.generator/aaafrn54usbj6,suggested_labelerexp,45,at://did:plc:p7zegswqy75m66yhvucp4b2x/app.bsky.feed.post/3mfuavaxvds2j,bafyreia2s4hxoqq4lrx3badrrwzm4rnnbtf27ak6zk5g656l2ovk4bpw74,did:plc:p7zegswqy75m66yhvucp4b2x,msipress.bsky.social,,
da2d6d8a346749cda98bd51cb6d99a52,2026-02-28T11:00:00Z,2026-02-28T11:18:30Z,auth,auth_enUS_labelerexp,at://did:plc:p2hhevq3w2kxgw3csyailya3/app.bsky.feed.generator/aaafrn54usbj6,suggested_labelerexp,46,at://did:plc:m67rkoj5rurjmwf7664f6gks/app.bsky.feed.post/3mfuauwtkgs2w,bafyreihituhjhpwqd3opdh6x5z5e2yu4dnbh3jm53yan5rhjvwmrvuax24,did:plc:m67rkoj5rurjmwf7664f6gks,michaelmitchell.bsky.social,,
da2d6d8a346749cda98bd51cb6d99a52,2026-02-28T11:00:00Z,2026-02-28T11:18:30Z,auth,auth_enUS_labelerexp,at://did:plc:p2hhevq3w2kxgw3csyailya3/app.bsky.feed.generator/aaafrn54usbj6,suggested_labelerexp,47,at://did:plc:syyidp6ggtqscfhwb4j76c2z/app.bsky.feed.post/3mfu6soeda724,bafyreidxflwc2tknwrcevv35uxwcioapx7lgzg7jxolvo7uvx4dz3irkf4,did:plc:syyidp6ggtqscfhwb4j76c2z,caslt-acpls.bsky.social,,
da2d6d8a346749cda98bd51cb6d99a52,2026-02-28T11:00:00Z,2026-02-28T11:18:30Z,auth,auth_enUS_labelerexp,at://did:plc:p2hhevq3w2kxgw3csyailya3/app.bsky.feed.generator/aaafrn54usbj6,suggested_labelerexp,48,at://did:plc:syyidp6ggtqscfhwb4j76c2z/app.bsky.feed.post/3mfu6shdmog2x,bafyreihkzygtmeq5jqvmkprel6jwregufehi5gdx5sahlt6elgrxdcll4i,did:plc:syyidp6ggtqscfhwb4j76c2z,caslt-acpls.bsky.social,,
da2d6d8a346749cda98bd51cb6d99a52,2026-02-28T11:00:00Z,2026-02-28T11:18:30Z,auth,auth_enUS_labelerexp,at://did:plc:p2hhevq3w2kxgw3csyailya3/app.bsky.feed.generator/aaafrn54usbj6,suggested_labelerexp,49,at://did:plc:v3tdzw2tgduhgc4r2zsqe35a/app.bsky.feed.post/3mfu6ktgg7s2z,bafyreibrryia4w5bfpipg6l5oofrmbkscca7aioabtctaf3w5cz7skjkdm,did:plc:v3tdzw2tgduhgc4r2zsqe35a,cdicanio.bsky.social,,
da2d6d8a346749cda98bd51cb6d99a52,2026-02-28T11:00:00Z,2026-02-28T11:18:30Z,auth,auth_enUS_labelerexp,at://did:plc:p2hhevq3w2kxgw3csyailya3/app.bsky.feed.generator/aaafrn54usbj6,suggested_labelerexp,50,at://did:plc:y4v3udnfh2y5qfqxbawpr6uo/app.bsky.feed.post/3mfu67yho522c,bafyreicgs7lm5ysmjcba7saqhuyarntifpqvckfkdw6e6hblj2kovv3flq,did:plc:y4v3udnfh2y5qfqxbawpr6uo,writeleighso.bsky.social,,
da2d6d8a346749cda98bd51cb6d99a52,2026-02-28T11:00:00Z,2026-02-28T11:18:31Z,auth,auth_enUS_labelerexp,at://did:plc:stu4unkwieyt5suhyfl6u5e4/app.bsky.feed.generator/aaacjvrirvq2w,suggested_labelerexp,1,at://did:plc:wx3vtkzfhqp3kbv7kz3j6s3e/app.bsky.feed.post/3mfw3biln2b26,bafyreigttyaxilo7fun6ryeafvvnt6ixs264w4dqrbzqdxi3mnrzldeld4,did:plc:wx3vtkzfhqp3kbv7kz3j6s3e,over60sclub.bsky.social,,
da2d6d8a346749cda98bd51cb6d99a52,2026-02-28T11:00:00Z,2026-02-28T11:18:31Z,auth,auth_enUS_labelerexp,at://did:plc:stu4unkwieyt5suhyfl6u5e4/app.bsky.feed.generator/aaacjvrirvq2w,suggested_labelerexp,2,at://did:plc:6v46va53yi2vgrc6cbrdbrme/app.bsky.feed.post/3mfw354pp3f2u,bafyreiag4ulzlf42bfqx2pu6scpxejojrr6ktmlmibjrvhnrdvouxkvbnu,did:plc:6v46va53yi2vgrc6cbrdbrme,sdsumopod.bsky.social,,
da2d6d8a346749cda98bd51cb6d99a52,2026-02-28T11:00:00Z,2026-02-28T11:18:31Z,auth,auth_enUS_labelerexp,at://did:plc:stu4unkwieyt5suhyfl6u5e4/app.bsky.feed.generator/aaacjvrirvq2w,suggested_labelerexp,3,at://did:plc:drcujmpzhngbydyxbsvzuznu/app.bsky.feed.post/3mfw34rovys2t,bafyreidcr34vgua7nnpid2x4ibfn2mxkmmkoztbgrqruixodux332js2uu,did:plc:drcujmpzhngbydyxbsvzuznu,booksofmyheart.net,,
da2d6d8a346749cda98bd51cb6d99a52,2026-02-28T11:00:00Z,2026-02-28T11:18:31Z,auth,auth_enUS_labelerexp,at://did:plc:stu4unkwieyt5suhyfl6u5e4/app.bsky.feed.generator/aaacjvrirvq2w,suggested_labelerexp,4,at://did:plc:v6z2vs2zveouyrtu4itenm2o/app.bsky.feed.post/3mfw34o3rzc2h,bafyreigc2xtn5af47xthvden4xyzf34dgg2qkyatzzkhfcjoexxlg4b4iq,did:plc:v6z2vs2zveouyrtu4itenm2o,ituc.bsky.social,,
da2d6d8a346749cda98bd51cb6d99a52,2026-02-28T11:00:00Z,2026-02-28T11:18:31Z,auth,auth_enUS_labelerexp,at://did:plc:stu4unkwieyt5suhyfl6u5e4/app.bsky.feed.generator/aaacjvrirvq2w,suggested_labelerexp,5,at://did:plc:zd3mzd6c5n42zp6trub4n7ie/app.bsky.feed.post/3mfw32z2cgu2y,bafyreiguigrje6suyldceykyglura4tfspgd2etme4h3t4q5c5nlca3swq,did:plc:zd3mzd6c5n42zp6trub4n7ie,wacoca.bsky.social,,
da2d6d8a346749cda98bd51cb6d99a52,2026-02-28T11:00:00Z,2026-02-28T11:18:31Z,auth,auth_enUS_labelerexp,at://did:plc:stu4unkwieyt5suhyfl6u5e4/app.bsky.feed.generator/aaacjvrirvq2w,suggested_labelerexp,6,at://did:plc:rz6bpmyph4t2vvzm5stygy7d/app.bsky.feed.post/3mfw32tc67a2u,bafyreibl22jtlf63t5tljoxzvyj3tohlzva5uacnkjwom6y74joo4sfwlq,did:plc:rz6bpmyph4t2vvzm5stygy7d,audiobooksoul.bsky.social,,
da2d6d8a346749cda98bd51cb6d99a52,2026-02-28T11:00:00Z,2026-02-28T11:18:31Z,auth,auth_enUS_labelerexp,at://did:plc:stu4unkwieyt5suhyfl6u5e4/app.bsky.feed.generator/aaacjvrirvq2w,suggested_labelerexp,7,at://did:plc:fpmvvt7f2lz75dopbfr443sd/app.bsky.feed.post/3mfw325i4ak25,bafyreigxf2k6sl7k2x3hjxgt3ovbwji7pzoaxwozjlue3ehtsa6tc5hcna,did:plc:fpmvvt7f2lz75dopbfr443sd,animeink2.bsky.social,,
da2d6d8a346749cda98bd51cb6d99a52,2026-02-28T11:00:00Z,2026-02-28T11:18:31Z,auth,auth_enUS_labelerexp,at://did:plc:stu4unkwieyt5suhyfl6u5e4/app.bsky.feed.generator/aaacjvrirvq2w,suggested_labelerexp,8,at://did:plc:fati3pnz6eb6aefmq2f443fa/app.bsky.feed.post/3mfw2ypgyls2b,bafyreigxkfqfivkuxmikks3jqgw6aamjynntzk6sty4k7qpqo2ufzci5em,did:plc:fati3pnz6eb6aefmq2f443fa,bargainbingaymer.bsky.social,,
da2d6d8a346749cda98bd51cb6d99a52,2026-02-28T11:00:00Z,2026-02-28T11:18:31Z,auth,auth_enUS_labelerexp,at://did:plc:stu4unkwieyt5suhyfl6u5e4/app.bsky.feed.generator/aaacjvrirvq2w,suggested_labelerexp,9,at://did:plc:kigvd6mybm4q5gspaczs2mbr/app.bsky.feed.post/3mfw2q4ffa22p,bafyreigbjwjo6i2ucag2ihxn7lthqlp7z437ysko24chs6345ny2kc72l4,did:plc:kigvd6mybm4q5gspaczs2mbr,davidwilloughby.bsky.social,,
da2d6d8a346749cda98bd51cb6d99a52,2026-02-28T11:00:00Z,2026-02-28T11:18:31Z,auth,auth_enUS_labelerexp,at://did:plc:stu4unkwieyt5suhyfl6u5e4/app.bsky.feed.generator/aaacjvrirvq2w,suggested_labelerexp,10,at://did:plc:3mrtxqb7gebmfdyw5uxnilv3/app.bsky.feed.post/3mfw2p3ohbk2x,bafyreiegzipwzpcqrgmeyzceleqm77i6pvjbjujxcb3nmh6okeiy27quau,did:plc:3mrtxqb7gebmfdyw5uxnilv3,kaichi210.bsky.social,,
da2d6d8a346749cda98bd51cb6d99a52,2026-02-28T11:00:00Z,2026-02-28T11:18:31Z,auth,auth_enUS_labelerexp,at://did:plc:stu4unkwieyt5suhyfl6u5e4/app.bsky.feed.generator/aaacjvrirvq2w,suggested_labelerexp,11,at://did:plc:wx3vtkzfhqp3kbv7kz3j6s3e/app.bsky.feed.post/3mfw2neflze2s,bafyreifunn5mlofwqc6o7vuqt35tri75klr2r7fztlmmfdnfshvhl2owve,did:plc:wx3vtkzfhqp3kbv7kz3j6s3e,over60sclub.bsky.social,,
da2d6d8a346749cda98bd51cb6d99a52,2026-02-28T11:00:00Z,2026-02-28T11:18:31Z,auth,auth_enUS_labelerexp,at://did:plc:stu4unkwieyt5suhyfl6u5e4/app.bsky.feed.generator/aaacjvrirvq2w,suggested_labelerexp,12,at://did:plc:2idfmosjm7auwxp24ntwvf2x/app.bsky.feed.post/3mfw2lykri42c,bafyreiafghzqkjvzrgkcn7wj424ncz4hcp3i3sglawor6wkcfidhvepn7i,did:plc:2idfmosjm7auwxp24ntwvf2x,mads-fotokiste.bsky.social,,
da2d6d8a346749cda98bd51cb6d99a52,2026-02-28T11:00:00Z,2026-02-28T11:18:31Z,auth,auth_enUS_labelerexp,at://did:plc:stu4unkwieyt5suhyfl6u5e4/app.bsky.feed.generator/aaacjvrirvq2w,suggested_labelerexp,13,at://did:plc:isfdzdmrqhldmoktfqrrjulo/app.bsky.feed.post/3mfw2ezghus2w,bafyreidogh72kt3ddawnalhsw5faxdgjdoq4dgaboncdcaubssp4zgtxma,did:plc:isfdzdmrqhldmoktfqrrjulo,hotchickennoodle.bsky.social,,
da2d6d8a346749cda98bd51cb6d99a52,2026-02-28T11:00:00Z,2026-02-28T11:18:31Z,auth,auth_enUS_labelerexp,at://did:plc:stu4unkwieyt5suhyfl6u5e4/app.bsky.feed.generator/aaacjvrirvq2w,suggested_labelerexp,14,at://did:plc:rz6bpmyph4t2vvzm5stygy7d/app.bsky.feed.post/3mfw27z3gvc2m,bafyreihyd6jo6rzbq27nx2qbh4nulhprvg6mhz3hwzzrikijbu7wd5ijii,did:plc:rz6bpmyph4t2vvzm5stygy7d,audiobooksoul.bsky.social,,
da2d6d8a346749cda98bd51cb6d99a52,2026-02-28T11:00:00Z,2026-02-28T11:18:31Z,auth,auth_enUS_labelerexp,at://did:plc:stu4unkwieyt5suhyfl6u5e4/app.bsky.feed.generator/aaacjvrirvq2w,suggested_labelerexp,15,at://did:plc:25eexdwklvrdl7ilfae3sf2j/app.bsky.feed.post/3mfw2323vx524,bafyreihsw2w2gubhh6uqnlhzyiwtjhkuegri3hum2zh7flxcvep7p7k2ku,did:plc:25eexdwklvrdl7ilfae3sf2j,mpgradio.bsky.social,,
da2d6d8a346749cda98bd51cb6d99a52,2026-02-28T11:00:00Z,2026-02-28T11:18:31Z,auth,auth_enUS_labelerexp,at://did:plc:stu4unkwieyt5suhyfl6u5e4/app.bsky.feed.generator/aaacjvrirvq2w,suggested_labelerexp,16,at://did:plc:oagh2zmsdvkmgli7fc4luiqb/app.bsky.feed.post/3mfvzvhft7s2l,bafyreic65vtcih5vlza5to32t4lutvc3pd7a3b3oonhbnuf2udi25hgln4,did:plc:oagh2zmsdvkmgli7fc4luiqb,herrkaschke.com,,
da2d6d8a346749cda98bd51cb6d99a52,2026-02-28T11:00:00Z,2026-02-28T11:18:31Z,auth,auth_enUS_labelerexp,at://did:plc:stu4unkwieyt5suhyfl6u5e4/app.bsky.feed.generator/aaacjvrirvq2w,suggested_labelerexp,17,at://did:plc:wx3vtkzfhqp3kbv7kz3j6s3e/app.bsky.feed.post/3mfvzs7gqc626,bafyreigmbkdimp7tzncyjd7n2ftnomhfbxevsyqsx34sqv62asu7x32qpm,did:plc:wx3vtkzfhqp3kbv7kz3j6s3e,over60sclub.bsky.social,,
da2d6d8a346749cda98bd51cb6d99a52,2026-02-28T11:00:00Z,2026-02-28T11:18:31Z,auth,auth_enUS_labelerexp,at://did:plc:stu4unkwieyt5suhyfl6u5e4/app.bsky.feed.generator/aaacjvrirvq2w,suggested_labelerexp,18,at://did:plc:zvubd4ltxq4dpij6ih6d4ai4/app.bsky.feed.post/3mfvznmo7ec2i,bafyreicn3tur3p4tv7txythsecgfhza7n4jodh5tvp7yhdac23nd3g2bhq,did:plc:zvubd4ltxq4dpij6ih6d4ai4,omsawa.bsky.social,,
da2d6d8a346749cda98bd51cb6d99a52,2026-02-28T11:00:00Z,2026-02-28T11:18:31Z,auth,auth_enUS_labelerexp,at://did:plc:stu4unkwieyt5suhyfl6u5e4/app.bsky.feed.generator/aaacjvrirvq2w,suggested_labelerexp,19,at://did:plc:7r7fmollggxufdrg3aeztk2c/app.bsky.feed.post/3mfvzmbemik2u,bafyreicrtp54i3fhot4uflmbekrxj3vqc65mhmwhzyud66friomod5osvi,did:plc:7r7fmollggxufdrg3aeztk2c,nickbrody.bsky.social,,
da2d6d8a346749cda98bd51cb6d99a52,2026-02-28T11:00:00Z,2026-02-28T11:18:31Z,auth,auth_enUS_labelerexp,at://did:plc:stu4unkwieyt5suhyfl6u5e4/app.bsky.feed.generator/aaacjvrirvq2w,suggested_labelerexp,20,at://did:plc:4laza36yanshr2mwdbjrstkj/app.bsky.feed.post/3mfvzlvg2ck27,bafyreiby6lhy7uyeyfpydlvx5vb7kln7rkvumlbrnicoz5hu5v7ha62ccu,did:plc:4laza36yanshr2mwdbjrstkj,armyfrance.bsky.social,,
da2d6d8a346749cda98bd51cb6d99a52,2026-02-28T11:00:00Z,2026-02-28T11:18:31Z,auth,auth_enUS_labelerexp,at://did:plc:stu4unkwieyt5suhyfl6u5e4/app.bsky.feed.generator/aaacjvrirvq2w,suggested_labelerexp,21,at://did:plc:oi7jap6z2af5n3jqgsft3jlo/app.bsky.feed.post/3mfvzkxwxls2l,bafyreiejpsqur5dbf3ypzwddvwdgleegnongyqp2l476jajpyftruvftee,did:plc:oi7jap6z2af5n3jqgsft3jlo,carrythegary.bsky.social,,
da2d6d8a346749cda98bd51cb6d99a52,2026-02-28T11:00:00Z,2026-02-28T11:18:31Z,auth,auth_enUS_labelerexp,at://did:plc:stu4unkwieyt5suhyfl6u5e4/app.bsky.feed.generator/aaacjvrirvq2w,suggested_labelerexp,22,at://did:plc:ixih736lymxmksmgyxpcwroo/app.bsky.feed.post/3mfvzjf7bmx2b,bafyreiftusqg73z7rkp2ftty7rjal5pd4vomi5g34jktsl3hpi3355zeb4,did:plc:ixih736lymxmksmgyxpcwroo,regalorosa-es.bsky.social,,
da2d6d8a346749cda98bd51cb6d99a52,2026-02-28T11:00:00Z,2026-02-28T11:18:31Z,auth,auth_enUS_labelerexp,at://did:plc:stu4unkwieyt5suhyfl6u5e4/app.bsky.feed.generator/aaacjvrirvq2w,suggested_labelerexp,23,at://did:plc:rz6bpmyph4t2vvzm5stygy7d/app.bsky.feed.post/3mfvzf7aye725,bafyreibvu4tmnzrzkrfd3rgddvulzcht5rlqfex6czztromuqqmjz2qrpe,did:plc:rz6bpmyph4t2vvzm5stygy7d,audiobooksoul.bsky.social,,
da2d6d8a346749cda98bd51cb6d99a52,2026-02-28T11:00:00Z,2026-02-28T11:18:31Z,auth,auth_enUS_labelerexp,at://did:plc:stu4unkwieyt5suhyfl6u5e4/app.bsky.feed.generator/aaacjvrirvq2w,suggested_labelerexp,24,at://did:plc:wx3vtkzfhqp3kbv7kz3j6s3e/app.bsky.feed.post/3mfvz6yrq7j2x,bafyreiac6qbpytges3sufk3soyq2fm7i3n5pbterojlaqmpu2nuavinvue,did:plc:wx3vtkzfhqp3kbv7kz3j6s3e,over60sclub.bsky.social,,
da2d6d8a346749cda98bd51cb6d99a52,2026-02-28T11:00:00Z,2026-02-28T11:18:31Z,auth,auth_enUS_labelerexp,at://did:plc:stu4unkwieyt5suhyfl6u5e4/app.bsky.feed.generator/aaacjvrirvq2w,suggested_labelerexp,25,at://did:plc:25eexdwklvrdl7ilfae3sf2j/app.bsky.feed.post/3mfvz63quwp2f,bafyreigeyjx22ou7tok3qkltodqraaqk23dcz5hgskv52xpcprimxgnfgm,did:plc:25eexdwklvrdl7ilfae3sf2j,mpgradio.bsky.social,,
da2d6d8a346749cda98bd51cb6d99a52,2026-02-28T11:00:00Z,2026-02-28T11:18:31Z,auth,auth_enUS_labelerexp,at://did:plc:stu4unkwieyt5suhyfl6u5e4/app.bsky.feed.generator/aaacjvrirvq2w,suggested_labelerexp,26,at://did:plc:e76pjj23drgsoctm2hv3nqap/app.bsky.feed.post/3mfvz3fysru2g,bafyreifwc2ci2lxw5rcfw53slol3tzb42o6qh6y44pxcekec6wyt4czk34,did:plc:e76pjj23drgsoctm2hv3nqap,voiceclimax.com,,
da2d6d8a346749cda98bd51cb6d99a52,2026-02-28T11:00:00Z,2026-02-28T11:18:31Z,auth,auth_enUS_labelerexp,at://did:plc:stu4unkwieyt5suhyfl6u5e4/app.bsky.feed.generator/aaacjvrirvq2w,suggested_labelerexp,27,at://did:plc:25eexdwklvrdl7ilfae3sf2j/app.bsky.feed.post/3mfvyvu7yr52i,bafyreibvyxlix4qlguzsnf66i722vygn7r6vodgp45cdmdoiz27rcun7iq,did:plc:25eexdwklvrdl7ilfae3sf2j,mpgradio.bsky.social,,
da2d6d8a346749cda98bd51cb6d99a52,2026-02-28T11:00:00Z,2026-02-28T11:18:31Z,auth,auth_enUS_labelerexp,at://did:plc:stu4unkwieyt5suhyfl6u5e4/app.bsky.feed.generator/aaacjvrirvq2w,suggested_labelerexp,28,at://did:plc:of5kdkn3z5jief3e42r2yhkb/app.bsky.feed.post/3mfvythkjo72t,bafyreibplqm66xvo2gvbtf7zwmoxwosu4lfz5c2ipheeztma4paod2zgh4,did:plc:of5kdkn3z5jief3e42r2yhkb,lemainelibre.bsky.social,,
da2d6d8a346749cda98bd51cb6d99a52,2026-02-28T11:00:00Z,2026-02-28T11:18:31Z,auth,auth_enUS_labelerexp,at://did:plc:stu4unkwieyt5suhyfl6u5e4/app.bsky.feed.generator/aaacjvrirvq2w,suggested_labelerexp,29,at://did:plc:rz6bpmyph4t2vvzm5stygy7d/app.bsky.feed.post/3mfvykegmxh2n,bafyreiheftribxx5iel3l7j3qemgbnbdtf2jpyd4tivpbk5cgxog2qljwm,did:plc:rz6bpmyph4t2vvzm5stygy7d,audiobooksoul.bsky.social,,
da2d6d8a346749cda98bd51cb6d99a52,2026-02-28T11:00:00Z,2026-02-28T11:18:31Z,auth,auth_enUS_labelerexp,at://did:plc:stu4unkwieyt5suhyfl6u5e4/app.bsky.feed.generator/aaacjvrirvq2w,suggested_labelerexp,30,at://did:plc:wx3vtkzfhqp3kbv7kz3j6s3e/app.bsky.feed.post/3mfvyke4to525,bafyreihgav65aouaajqulyeyd4xyzjzsn3f223jxhcpx2rpbtyok2xzgxq,did:plc:wx3vtkzfhqp3kbv7kz3j6s3e,over60sclub.bsky.social,,
da2d6d8a346749cda98bd51cb6d99a52,2026-02-28T11:00:00Z,2026-02-28T11:18:31Z,auth,auth_enUS_labelerexp,at://did:plc:stu4unkwieyt5suhyfl6u5e4/app.bsky.feed.generator/aaacjvrirvq2w,suggested_labelerexp,31,at://did:plc:vnb6zvglokv3op6qegz22kjo/app.bsky.feed.post/3mfvyivd3p224,bafyreihkpuvnble25jr26m3nohyiscld7d7arveovhngi56odtuut3aukq,did:plc:vnb6zvglokv3op6qegz22kjo,soulandjazz.com,,
da2d6d8a346749cda98bd51cb6d99a52,2026-02-28T11:00:00Z,2026-02-28T11:18:31Z,auth,auth_enUS_labelerexp,at://did:plc:stu4unkwieyt5suhyfl6u5e4/app.bsky.feed.generator/aaacjvrirvq2w,suggested_labelerexp,32,at://did:plc:yetdkong3mudicsvvr23zwhj/app.bsky.feed.post/3mfvyg3hg7k2c,bafyreihmp46ygqii3omoj3upo54iyutwrje6knrcgl7rbpz7q3pb6h2elu,did:plc:yetdkong3mudicsvvr23zwhj,lifeisterrible.bsky.social,,
da2d6d8a346749cda98bd51cb6d99a52,2026-02-28T11:00:00Z,2026-02-28T11:18:31Z,auth,auth_enUS_labelerexp,at://did:plc:stu4unkwieyt5suhyfl6u5e4/app.bsky.feed.generator/aaacjvrirvq2w,suggested_labelerexp,33,at://did:plc:47josblm74t6jz7rirruct7n/app.bsky.feed.post/3mfvyadrekk2b,bafyreifx2vuupl24p2bwano34agmoduvonqydlhzrjoeyq2vpd4jlmwfdm,did:plc:47josblm74t6jz7rirruct7n,ercachopo69.bsky.social,,
da2d6d8a346749cda98bd51cb6d99a52,2026-02-28T11:00:00Z,2026-02-28T11:18:31Z,auth,auth_enUS_labelerexp,at://did:plc:stu4unkwieyt5suhyfl6u5e4/app.bsky.feed.generator/aaacjvrirvq2w,suggested_labelerexp,34,at://did:plc:ehpk5bwvuedwv5ahxnsgc3mj/app.bsky.feed.post/3mfvya73zb22w,bafyreiaxr5t37pzumtgkwlqdfv7t7k4xuvgyrfybwaiuzxdbtgtbk3cmgi,did:plc:ehpk5bwvuedwv5ahxnsgc3mj,iipvienna.com,,
da2d6d8a346749cda98bd51cb6d99a52,2026-02-28T11:00:00Z,2026-02-28T11:18:31Z,auth,auth_enUS_labelerexp,at://did:plc:stu4unkwieyt5suhyfl6u5e4/app.bsky.feed.generator/aaacjvrirvq2w,suggested_labelerexp,35,at://did:plc:pxfeqdaplf76qty7qnakissy/app.bsky.feed.post/3mfvy66fvnj2z,bafyreiealrdfcjkytt37o6nnltpgir7xco54yq4txhrf6fjz7qaxqw6nd4,did:plc:pxfeqdaplf76qty7qnakissy,radiowayak.bsky.social,,
da2d6d8a346749cda98bd51cb6d99a52,2026-02-28T11:00:00Z,2026-02-28T11:18:31Z,auth,auth_enUS_labelerexp,at://did:plc:stu4unkwieyt5suhyfl6u5e4/app.bsky.feed.generator/aaacjvrirvq2w,suggested_labelerexp,36,at://did:plc:ebx2qux5swnkf43sns3dfhbj/app.bsky.feed.post/3mfvxspsaz22j,bafyreiaeqqo4tzpzwvweaprcmqlkp624l7chgossqlnxvbkhfzawn7r5p4,did:plc:ebx2qux5swnkf43sns3dfhbj,paullawrencemusic.bsky.social,,
da2d6d8a346749cda98bd51cb6d99a52,2026-02-28T11:00:00Z,2026-02-28T11:18:31Z,auth,auth_enUS_labelerexp,at://did:plc:stu4unkwieyt5suhyfl6u5e4/app.bsky.feed.generator/aaacjvrirvq2w,suggested_labelerexp,37,at://did:plc:wx3vtkzfhqp3kbv7kz3j6s3e/app.bsky.feed.post/3mfvxsishge2d,bafyreialzg66mwe7t22bjlcwshabxdeziidgotlbmvpzzawn7pdix2bfma,did:plc:wx3vtkzfhqp3kbv7kz3j6s3e,over60sclub.bsky.social,,
da2d6d8a346749cda98bd51cb6d99a52,2026-02-28T11:00:00Z,2026-02-28T11:18:31Z,auth,auth_enUS_labelerexp,at://did:plc:stu4unkwieyt5suhyfl6u5e4/app.bsky.feed.generator/aaacjvrirvq2w,suggested_labelerexp,38,at://did:plc:25eexdwklvrdl7ilfae3sf2j/app.bsky.feed.post/3mfvxsos3yp2x,bafyreielpg27s3kw73mlvtlifx6nutln7zrdh6jrhdkiigsksfvyfpyeea,did:plc:25eexdwklvrdl7ilfae3sf2j,mpgradio.bsky.social,,
da2d6d8a346749cda98bd51cb6d99a52,2026-02-28T11:00:00Z,2026-02-28T11:18:31Z,auth,auth_enUS_labelerexp,at://did:plc:stu4unkwieyt5suhyfl6u5e4/app.bsky.feed.generator/aaacjvrirvq2w,suggested_labelerexp,39,at://did:plc:4yhd7dcjlczikibksefofxa3/app.bsky.feed.post/3mfvxqztsjm2m,bafyreiammvmkuvix2tllbzgcfc5s3zjeugy3aottrlx4dvb2lg52x7pady,did:plc:4yhd7dcjlczikibksefofxa3,storycollider.bsky.social,,
da2d6d8a346749cda98bd51cb6d99a52,2026-02-28T11:00:00Z,2026-02-28T11:18:31Z,auth,auth_enUS_labelerexp,at://did:plc:stu4unkwieyt5suhyfl6u5e4/app.bsky.feed.generator/aaacjvrirvq2w,suggested_labelerexp,40,at://did:plc:z6fh5yatoqtghktbcbc534ci/app.bsky.feed.post/3mfvxq36yty2t,bafyreibjen5vckj22ky4a3uv6zp2p4gqbjtok7lhw5kjhhh46qqiajtt54,did:plc:z6fh5yatoqtghktbcbc534ci,cholloya.bsky.social,,
da2d6d8a346749cda98bd51cb6d99a52,2026-02-28T11:00:00Z,2026-02-28T11:18:31Z,auth,auth_enUS_labelerexp,at://did:plc:stu4unkwieyt5suhyfl6u5e4/app.bsky.feed.generator/aaacjvrirvq2w,suggested_labelerexp,41,at://did:plc:rz6bpmyph4t2vvzm5stygy7d/app.bsky.feed.post/3mfvxpkgqvv2c,bafyreidmzip7tpfkronxzxchxmaplve5fimbfm4cbcdgmy74du3ruzhzhe,did:plc:rz6bpmyph4t2vvzm5stygy7d,audiobooksoul.bsky.social,,
da2d6d8a346749cda98bd51cb6d99a52,2026-02-28T11:00:00Z,2026-02-28T11:18:31Z,auth,auth_enUS_labelerexp,at://did:plc:stu4unkwieyt5suhyfl6u5e4/app.bsky.feed.generator/aaacjvrirvq2w,suggested_labelerexp,42,at://did:plc:uxhu5qud263rjqunb62zvthc/app.bsky.feed.post/3mfvxnpuy3c2p,bafyreibruwlocpjdrmtvcbfdocvcyeiiumbmkxuhaoqzhj2eo5n24lka74,did:plc:uxhu5qud263rjqunb62zvthc,palmolive67.bsky.social,,
da2d6d8a346749cda98bd51cb6d99a52,2026-02-28T11:00:00Z,2026-02-28T11:18:31Z,auth,auth_enUS_labelerexp,at://did:plc:stu4unkwieyt5suhyfl6u5e4/app.bsky.feed.generator/aaacjvrirvq2w,suggested_labelerexp,43,at://did:plc:wgmrv2gqrp374ktt53njwkpz/app.bsky.feed.post/3mfvxbyjfo32c,bafyreifswdvweeeqrnw6ck6u6mfyhz6lhlozeomto4gtblxj774g7uke24,did:plc:wgmrv2gqrp374ktt53njwkpz,nctsupport.bsky.social,,
da2d6d8a346749cda98bd51cb6d99a52,2026-02-28T11:00:00Z,2026-02-28T11:18:31Z,auth,auth_enUS_labelerexp,at://did:plc:stu4unkwieyt5suhyfl6u5e4/app.bsky.feed.generator/aaacjvrirvq2w,suggested_labelerexp,44,at://did:plc:czjia7a7dqnlh4hntr6iwee7/app.bsky.feed.post/3mfvx77d7y22m,bafyreiapb62g73vyombjswa3edd7ixbin2rzpwopdpoqiw3zr7q6w6pg3q,did:plc:czjia7a7dqnlh4hntr6iwee7,sottocos.to,,
da2d6d8a346749cda98bd51cb6d99a52,2026-02-28T11:00:00Z,2026-02-28T11:18:31Z,auth,auth_enUS_labelerexp,at://did:plc:stu4unkwieyt5suhyfl6u5e4/app.bsky.feed.generator/aaacjvrirvq2w,suggested_labelerexp,45,at://did:plc:deigeqkjzgkbdf6iyajetcjh/app.bsky.feed.post/3mfvx6tbzsk2k,bafyreih3ltes5q6yqhoicqytyrvxg3jny7lcxanu64fnlia6w4pnxpkt3a,did:plc:deigeqkjzgkbdf6iyajetcjh,klmspslds.bsky.social,,
da2d6d8a346749cda98bd51cb6d99a52,2026-02-28T11:00:00Z,2026-02-28T11:18:31Z,auth,auth_enUS_labelerexp,at://did:plc:stu4unkwieyt5suhyfl6u5e4/app.bsky.feed.generator/aaacjvrirvq2w,suggested_labelerexp,46,at://did:plc:gvlu46ji6tptij2vwuq6xblj/app.bsky.feed.post/3mfvx6itet22j,bafyreiht2sm4ggwuby3m5t6aty5qdzloeiopuihbupzvmsvdhyjp34inle,did:plc:gvlu46ji6tptij2vwuq6xblj,pup-olliee.bsky.social,,
da2d6d8a346749cda98bd51cb6d99a52,2026-02-28T11:00:00Z,2026-02-28T11:18:31Z,auth,auth_enUS_labelerexp,at://did:plc:stu4unkwieyt5suhyfl6u5e4/app.bsky.feed.generator/aaacjvrirvq2w,suggested_labelerexp,47,at://did:plc:wx3vtkzfhqp3kbv7kz3j6s3e/app.bsky.feed.post/3mfvx5lwzli26,bafyreih35nb4jpr6dw3u45wazdqqebj3lustsikzjwkbqtuapwscvnoag4,did:plc:wx3vtkzfhqp3kbv7kz3j6s3e,over60sclub.bsky.social,,
da2d6d8a346749cda98bd51cb6d99a52,2026-02-28T11:00:00Z,2026-02-28T11:18:31Z,auth,auth_enUS_labelerexp,at://did:plc:stu4unkwieyt5suhyfl6u5e4/app.bsky.feed.generator/aaacjvrirvq2w,suggested_labelerexp,48,at://did:plc:rz6bpmyph4t2vvzm5stygy7d/app.bsky.feed.post/3mfvwuprxz52r,bafyreig2cuktacdyjs4je56nywkgeeyaqqg6yfmtrw5355ewno6f35domi,did:plc:rz6bpmyph4t2vvzm5stygy7d,audiobooksoul.bsky.social,,
da2d6d8a346749cda98bd51cb6d99a52,2026-02-28T11:00:00Z,2026-02-28T11:18:31Z,auth,auth_enUS_labelerexp,at://did:plc:stu4unkwieyt5suhyfl6u5e4/app.bsky.feed.generator/aaacjvrirvq2w,suggested_labelerexp,49,at://did:plc:pjy44evqbyz2kpv6l5whtggl/app.bsky.feed.post/3mfvwsbkb222u,bafyreihuefski7ufyti2k7exwf2grvcvngqzdeg74vxh4lz3xxxxdnl2oe,did:plc:pjy44evqbyz2kpv6l5whtggl,ethosfantasynba.bsky.social,,
da2d6d8a346749cda98bd51cb6d99a52,2026-02-28T11:00:00Z,2026-02-28T11:18:31Z,auth,auth_enUS_labelerexp,at://did:plc:stu4unkwieyt5suhyfl6u5e4/app.bsky.feed.generator/aaacjvrirvq2w,suggested_labelerexp,50,at://did:plc:brjsjglwzdnfhoycw7nhwxur/app.bsky.feed.post/3mfvwogcqns2g,bafyreicq7yg5cylummrspflwieu4y3ej63ugfz6zntubmsiug3bxdh7oeq,did:plc:brjsjglwzdnfhoycw7nhwxur,blackazzknight.bsky.social,,
da2d6d8a346749cda98bd51cb6d99a52,2026-02-28T11:00:00Z,2026-02-28T11:18:32Z,auth,auth_enUS_labelerexp,at://did:plc:vjyot2w7zeomrslomwpfxirl/app.bsky.feed.generator/aaajjrj657mnm,suggested_labelerexp,1,at://did:plc:vjyot2w7zeomrslomwpfxirl/app.bsky.feed.post/3ldi2d22kts2i,bafyreiaz2uxxabexs7rmof7gjxe3okeuvao2oqe22drepbwbhywpon4am4,did:plc:vjyot2w7zeomrslomwpfxirl,jakei.bsky.social,,
da2d6d8a346749cda98bd51cb6d99a52,2026-02-28T11:00:00Z,2026-02-28T11:18:32Z,auth,auth_enUS_labelerexp,at://did:plc:vjyot2w7zeomrslomwpfxirl/app.bsky.feed.generator/aaajjrj657mnm,suggested_labelerexp,2,at://did:plc:abbvzld4kpfcznytzcu6pcc3/app.bsky.feed.post/3mfvoeg7g4s2i,bafyreibjjswqngnrdgknx2fjjunfgdqglrb6dkqhkxuzbvtvjohycgc6zy,did:plc:abbvzld4kpfcznytzcu6pcc3,lyle-little.bsky.social,,
da2d6d8a346749cda98bd51cb6d99a52,2026-02-28T11:00:00Z,2026-02-28T11:18:32Z,auth,auth_enUS_labelerexp,at://did:plc:vjyot2w7zeomrslomwpfxirl/app.bsky.feed.generator/aaajjrj657mnm,suggested_labelerexp,3,at://did:plc:y6t6nuwzxttzdfv5pabybs5v/app.bsky.feed.post/3mfvo7psx422l,bafyreig73od3bqfeznh2627qiwjonp2pk7ekcmyfemnxquhf324k3k7cyi,did:plc:y6t6nuwzxttzdfv5pabybs5v,abbysomeone1.bsky.social,,
da2d6d8a346749cda98bd51cb6d99a52,2026-02-28T11:00:00Z,2026-02-28T11:18:32Z,auth,auth_enUS_labelerexp,at://did:plc:vjyot2w7zeomrslomwpfxirl/app.bsky.feed.generator/aaajjrj657mnm,suggested_labelerexp,4,at://did:plc:vamivfvoqgb2u42goud7vnqh/app.bsky.feed.post/3mfvjgj42ak2s,bafyreicfthpyvl7agplb3osfb2tpzpafy4xgnuj4faxuiqcbrvsqepyu74,did:plc:vamivfvoqgb2u42goud7vnqh,kingadahipsters.bsky.social,,
da2d6d8a346749cda98bd51cb6d99a52,2026-02-28T11:00:00Z,2026-02-28T11:18:32Z,auth,auth_enUS_labelerexp,at://did:plc:vjyot2w7zeomrslomwpfxirl/app.bsky.feed.generator/aaajjrj657mnm,suggested_labelerexp,5,at://did:plc:zs7qsrxznp23evc5y7sn65q3/app.bsky.feed.post/3mfu3dijgqc2z,bafyreibsb3dz7dwtt5wbwabzkww2rwlezbihehxtntsgj2unekfzn4u2pi,did:plc:zs7qsrxznp23evc5y7sn65q3,invisiblemomma.bsky.social,,
da2d6d8a346749cda98bd51cb6d99a52,2026-02-28T11:00:00Z,2026-02-28T11:18:32Z,auth,auth_enUS_labelerexp,at://did:plc:vjyot2w7zeomrslomwpfxirl/app.bsky.feed.generator/aaajjrj657mnm,suggested_labelerexp,6,at://did:plc:uekx5citeghy3n4llwf5nffg/app.bsky.feed.post/3mftaqettok2a,bafyreid5lab47zcagd7ifkw3se6dvbpzoa5exvlcpmogtaookubyyzzhki,did:plc:uekx5citeghy3n4llwf5nffg,chataraya.bsky.social,,
da2d6d8a346749cda98bd51cb6d99a52,2026-02-28T11:00:00Z,2026-02-28T11:18:32Z,auth,auth_enUS_labelerexp,at://did:plc:vjyot2w7zeomrslomwpfxirl/app.bsky.feed.generator/aaajjrj657mnm,suggested_labelerexp,7,at://did:plc:7tq2yudjus4uamwh7mgic4ez/app.bsky.feed.post/3mfsx6zpl2k2b,bafyreic3olfewk7ne73cx24tby74mu3raz2olxu7jswncefxybterca2sm,did:plc:7tq2yudjus4uamwh7mgic4ez,johnnyt-left-x.bsky.social,,
da2d6d8a346749cda98bd51cb6d99a52,2026-02-28T11:00:00Z,2026-02-28T11:18:32Z,auth,auth_enUS_labelerexp,at://did:plc:vjyot2w7zeomrslomwpfxirl/app.bsky.feed.generator/aaajjrj657mnm,suggested_labelerexp,8,at://did:plc:ghx4g5bwoazaeoq3c3nf7tl2/app.bsky.feed.post/3mfreo7w72k2e,bafyreibdguwfwlj5ajmenlsagbprihfajblvnazb3jq4recioughdddo3q,did:plc:ghx4g5bwoazaeoq3c3nf7tl2,electricland.bsky.social,,
da2d6d8a346749cda98bd51cb6d99a52,2026-02-28T11:00:00Z,2026-02-28T11:18:32Z,auth,auth_enUS_labelerexp,at://did:plc:vjyot2w7zeomrslomwpfxirl/app.bsky.feed.generator/aaajjrj657mnm,suggested_labelerexp,9,at://did:plc:3esdfov3c5bxulv4jhhkcb2k/app.bsky.feed.post/3mfq4ingfoc2k,bafyreidegerga42epbeqqxakmcduqwyacjkoqafhur3bl34ixnd5ehtvbi,did:plc:3esdfov3c5bxulv4jhhkcb2k,pizzacook.bsky.social,,
da2d6d8a346749cda98bd51cb6d99a52,2026-02-28T11:00:00Z,2026-02-28T11:18:32Z,auth,auth_enUS_labelerexp,at://did:plc:vjyot2w7zeomrslomwpfxirl/app.bsky.feed.generator/aaajjrj657mnm,suggested_labelerexp,10,at://did:plc:eujvdarjle2noswv63272e32/app.bsky.feed.post/3mfq35f33kc2o,bafyreibmhrytvezuz54azzfy7pufniashvyhfvz2wbqkgjnkv4zgk7quya,did:plc:eujvdarjle2noswv63272e32,almostidaho.bsky.social,,
da2d6d8a346749cda98bd51cb6d99a52,2026-02-28T11:00:00Z,2026-02-28T11:18:32Z,auth,auth_enUS_labelerexp,at://did:plc:vjyot2w7zeomrslomwpfxirl/app.bsky.feed.generator/aaajjrj657mnm,suggested_labelerexp,11,at://did:plc:dvme35eklbruhu5ahi2saxc7/app.bsky.feed.post/3mfppvzpfws2k,bafyreiesuy56iskx72ahmslr3cwfodfppotttq4g4ybjpvau35yc72lofq,did:plc:dvme35eklbruhu5ahi2saxc7,richardny.bsky.social,,
da2d6d8a346749cda98bd51cb6d99a52,2026-02-28T11:00:00Z,2026-02-28T11:18:34Z,auth,auth_enUS_labelerexp,at://did:plc:vpkhqolt662uhesyj6nxm7ys/app.bsky.feed.generator/followpics,suggested_labelerexp,1,at://did:plc:z72i7hdynmk6r22z27h6tvur/app.bsky.feed.post/3mehkcsk62c2u,bafyreidt32ylvtpfjdspzg2yorbyite4ob3x4dx5pxj7f3lx5yxjrkyfyi,did:plc:z72i7hdynmk6r22z27h6tvur,bsky.app,,
da2d6d8a346749cda98bd51cb6d99a52,2026-02-28T11:00:00Z,2026-02-28T11:18:34Z,auth,auth_enUS_labelerexp,at://did:plc:vpkhqolt662uhesyj6nxm7ys/app.bsky.feed.generator/followpics,suggested_labelerexp,2,at://did:plc:z72i7hdynmk6r22z27h6tvur/app.bsky.feed.post/3mehblstckk2e,bafyreifq6u7lljh462yxkbl3aivqvw5v7gavk5lwr2mrfnnzzvbtplwwli,did:plc:z72i7hdynmk6r22z27h6tvur,bsky.app,,
