2026-02-18T05:29:41Z collector-daemon-win starting pid=3352 root=D:\BlueSky out_base=D:\BlueSky\data_v2_full
2026-02-18T05:29:41Z startup stamp reset enabled cleared=0
2026-02-18T05:29:42Z state-writer started pid=41016 tcp=127.0.0.1:9911 log=D:\BlueSky\data_v2_full\logs\manual_runs\state-writer_20260218T052941Z.stdout.log
2026-02-18T05:29:50Z collector-daemon-win starting pid=2468 root=D:\BlueSky out_base=D:\BlueSky\data_v2_full
2026-02-18T05:29:50Z startup stamp reset enabled cleared=0
2026-02-18T05:30:02Z collector-daemon-win starting pid=32540 root=D:\BlueSky out_base=D:\BlueSky\data_v2_full
2026-02-18T05:30:02Z startup stamp reset enabled cleared=0
2026-02-18T05:30:03Z job_started job=snapshot-panel pid=29044 log=D:\BlueSky\data_v2_full\logs\manual_runs\snapshot-panel_20260218T053002Z.stdout.log
2026-02-18T05:30:04Z job_started job=index-feed-generators pid=21880 log=D:\BlueSky\data_v2_full\logs\manual_runs\index-feed-generators_20260218T053003Z.stdout.log
2026-02-18T05:30:05Z job_started job=hydrate-authors pid=45144 log=D:\BlueSky\data_v2_full\logs\manual_runs\hydrate-authors_20260218T053004Z.stdout.log
2026-02-18T05:30:07Z job_started job=refresh-discovery pid=45452 log=D:\BlueSky\data_v2_full\logs\manual_runs\refresh-discovery_20260218T053005Z.stdout.log
2026-02-18T05:30:08Z job_failed_fast job=build-panel log=D:\BlueSky\data_v2_full\logs\manual_runs\build-panel_20260218T053007Z.stdout.log
2026-02-18T05:30:09Z job_started job=wide-sweep pid=45972 log=D:\BlueSky\data_v2_full\logs\manual_runs\wide-sweep_20260218T053008Z.stdout.log
2026-02-18T05:30:39Z stale pid removed job=refresh-discovery pid=45452
2026-02-18T05:31:09Z stale pid removed job=hydrate-authors pid=45144
2026-02-18T05:32:06Z collector-daemon-win starting pid=17628 root=D:\BlueSky out_base=D:\BlueSky\data_v2_full
2026-02-18T05:32:06Z startup stamp reset enabled cleared=6
2026-02-18T05:32:07Z state-writer started pid=30096 tcp=127.0.0.1:9911 log=D:\BlueSky\data_v2_full\logs\manual_runs\state-writer_20260218T053206Z.stdout.log
2026-02-18T05:32:07Z stale pid removed job=snapshot-panel pid=29044
2026-02-18T05:32:08Z job_started job=snapshot-panel pid=37092 log=D:\BlueSky\data_v2_full\logs\manual_runs\snapshot-panel_20260218T053207Z.stdout.log
2026-02-18T05:32:08Z stale pid removed job=index-feed-generators pid=21880
2026-02-18T05:32:09Z job_started job=index-feed-generators pid=45720 log=D:\BlueSky\data_v2_full\logs\manual_runs\index-feed-generators_20260218T053208Z.stdout.log
2026-02-18T05:32:10Z job_started job=hydrate-authors pid=45588 log=D:\BlueSky\data_v2_full\logs\manual_runs\hydrate-authors_20260218T053209Z.stdout.log
2026-02-18T05:32:11Z job_started job=refresh-discovery pid=47080 log=D:\BlueSky\data_v2_full\logs\manual_runs\refresh-discovery_20260218T053210Z.stdout.log
2026-02-18T05:32:12Z job_started job=build-panel pid=43068 log=D:\BlueSky\data_v2_full\logs\manual_runs\build-panel_20260218T053211Z.stdout.log
2026-02-18T05:32:12Z stale pid removed job=wide-sweep pid=45972
2026-02-18T05:32:14Z job_started job=wide-sweep pid=2920 log=D:\BlueSky\data_v2_full\logs\manual_runs\wide-sweep_20260218T053212Z.stdout.log
2026-02-18T05:32:44Z stale pid removed job=hydrate-authors pid=45588
2026-02-18T05:32:44Z stale pid removed job=refresh-discovery pid=47080
2026-02-18T05:37:14Z stale pid removed job=build-panel pid=43068
2026-02-18T05:44:16Z stale pid removed job=snapshot-panel pid=37092
2026-02-18T06:27:19Z stale pid removed job=index-feed-generators pid=45720
2026-02-18T06:27:49Z stale pid removed job=wide-sweep pid=2920
2026-02-18T06:32:20Z job_started job=snapshot-panel pid=2984 log=D:\BlueSky\data_v2_full\logs\manual_runs\snapshot-panel_20260218T063219Z.stdout.log
2026-02-18T06:32:22Z job_started job=index-feed-generators pid=43404 log=D:\BlueSky\data_v2_full\logs\manual_runs\index-feed-generators_20260218T063220Z.stdout.log
2026-02-18T06:45:52Z stale pid removed job=snapshot-panel pid=2984
2026-02-18T07:27:25Z stale pid removed job=index-feed-generators pid=43404
2026-02-18T07:32:26Z job_started job=snapshot-panel pid=4568 log=D:\BlueSky\data_v2_full\logs\manual_runs\snapshot-panel_20260218T073225Z.stdout.log
2026-02-18T07:32:27Z job_started job=index-feed-generators pid=48984 log=D:\BlueSky\data_v2_full\logs\manual_runs\index-feed-generators_20260218T073226Z.stdout.log
2026-02-18T07:46:58Z stale pid removed job=snapshot-panel pid=4568
2026-02-18T08:28:00Z stale pid removed job=index-feed-generators pid=48984
2026-02-18T08:32:32Z job_started job=snapshot-panel pid=16212 log=D:\BlueSky\data_v2_full\logs\manual_runs\snapshot-panel_20260218T083230Z.stdout.log
2026-02-18T08:32:33Z job_started job=index-feed-generators pid=47956 log=D:\BlueSky\data_v2_full\logs\manual_runs\index-feed-generators_20260218T083232Z.stdout.log
2026-02-18T08:32:34Z job_started job=hydrate-authors pid=45988 log=D:\BlueSky\data_v2_full\logs\manual_runs\hydrate-authors_20260218T083233Z.stdout.log
2026-02-18T08:36:04Z stale pid removed job=hydrate-authors pid=45988
2026-02-18T08:47:05Z stale pid removed job=snapshot-panel pid=16212
2026-02-18T09:27:37Z stale pid removed job=index-feed-generators pid=47956
2026-02-18T09:32:38Z job_started job=snapshot-panel pid=43616 log=D:\BlueSky\data_v2_full\logs\manual_runs\snapshot-panel_20260218T093237Z.stdout.log
2026-02-18T09:32:39Z job_started job=index-feed-generators pid=2920 log=D:\BlueSky\data_v2_full\logs\manual_runs\index-feed-generators_20260218T093238Z.stdout.log
2026-02-18T09:47:10Z stale pid removed job=snapshot-panel pid=43616
2026-02-18T10:27:42Z stale pid removed job=index-feed-generators pid=2920
2026-02-18T10:32:44Z job_started job=snapshot-panel pid=47828 log=D:\BlueSky\data_v2_full\logs\manual_runs\snapshot-panel_20260218T103243Z.stdout.log
2026-02-18T10:32:45Z job_started job=index-feed-generators pid=46948 log=D:\BlueSky\data_v2_full\logs\manual_runs\index-feed-generators_20260218T103244Z.stdout.log
2026-02-18T10:47:16Z stale pid removed job=snapshot-panel pid=47828
2026-02-18T11:27:48Z stale pid removed job=index-feed-generators pid=46948
2026-02-18T11:32:49Z job_started job=snapshot-panel pid=25760 log=D:\BlueSky\data_v2_full\logs\manual_runs\snapshot-panel_20260218T113248Z.stdout.log
2026-02-18T11:32:50Z job_started job=index-feed-generators pid=45052 log=D:\BlueSky\data_v2_full\logs\manual_runs\index-feed-generators_20260218T113249Z.stdout.log
2026-02-18T11:32:51Z job_started job=hydrate-authors pid=40252 log=D:\BlueSky\data_v2_full\logs\manual_runs\hydrate-authors_20260218T113250Z.stdout.log
2026-02-18T11:33:52Z stale pid removed job=hydrate-authors pid=40252
2026-02-18T11:46:52Z stale pid removed job=snapshot-panel pid=25760
2026-02-18T12:27:55Z stale pid removed job=index-feed-generators pid=45052
2026-02-18T12:32:56Z job_started job=snapshot-panel pid=48616 log=D:\BlueSky\data_v2_full\logs\manual_runs\snapshot-panel_20260218T123255Z.stdout.log
2026-02-18T12:32:57Z job_started job=index-feed-generators pid=15364 log=D:\BlueSky\data_v2_full\logs\manual_runs\index-feed-generators_20260218T123256Z.stdout.log
2026-02-18T12:47:28Z stale pid removed job=snapshot-panel pid=48616
2026-02-18T13:28:00Z stale pid removed job=index-feed-generators pid=15364
2026-02-18T13:33:01Z job_started job=snapshot-panel pid=44708 log=D:\BlueSky\data_v2_full\logs\manual_runs\snapshot-panel_20260218T133300Z.stdout.log
2026-02-18T13:33:02Z job_started job=index-feed-generators pid=43816 log=D:\BlueSky\data_v2_full\logs\manual_runs\index-feed-generators_20260218T133301Z.stdout.log
2026-02-18T13:47:03Z stale pid removed job=snapshot-panel pid=44708
2026-02-18T14:28:06Z stale pid removed job=index-feed-generators pid=43816
2026-02-18T14:33:07Z job_started job=snapshot-panel pid=28872 log=D:\BlueSky\data_v2_full\logs\manual_runs\snapshot-panel_20260218T143306Z.stdout.log
2026-02-18T14:33:08Z job_started job=index-feed-generators pid=45220 log=D:\BlueSky\data_v2_full\logs\manual_runs\index-feed-generators_20260218T143307Z.stdout.log
2026-02-18T14:33:09Z job_started job=hydrate-authors pid=47052 log=D:\BlueSky\data_v2_full\logs\manual_runs\hydrate-authors_20260218T143308Z.stdout.log
2026-02-18T14:34:09Z stale pid removed job=hydrate-authors pid=47052
2026-02-18T14:47:10Z stale pid removed job=snapshot-panel pid=28872
2026-02-18T15:28:12Z stale pid removed job=index-feed-generators pid=45220
2026-02-18T15:33:13Z job_started job=snapshot-panel pid=37536 log=D:\BlueSky\data_v2_full\logs\manual_runs\snapshot-panel_20260218T153312Z.stdout.log
2026-02-18T15:33:15Z job_started job=index-feed-generators pid=5456 log=D:\BlueSky\data_v2_full\logs\manual_runs\index-feed-generators_20260218T153313Z.stdout.log
2026-02-18T15:47:46Z stale pid removed job=snapshot-panel pid=37536
2026-02-18T16:28:18Z stale pid removed job=index-feed-generators pid=5456
2026-02-18T16:33:19Z job_started job=snapshot-panel pid=42532 log=D:\BlueSky\data_v2_full\logs\manual_runs\snapshot-panel_20260218T163318Z.stdout.log
2026-02-18T16:33:20Z job_started job=index-feed-generators pid=35876 log=D:\BlueSky\data_v2_full\logs\manual_runs\index-feed-generators_20260218T163319Z.stdout.log
2026-02-18T16:48:21Z stale pid removed job=snapshot-panel pid=42532
2026-02-18T17:28:23Z stale pid removed job=index-feed-generators pid=35876
2026-02-18T17:33:24Z job_started job=snapshot-panel pid=34672 log=D:\BlueSky\data_v2_full\logs\manual_runs\snapshot-panel_20260218T173323Z.stdout.log
2026-02-18T17:33:25Z job_started job=index-feed-generators pid=44468 log=D:\BlueSky\data_v2_full\logs\manual_runs\index-feed-generators_20260218T173324Z.stdout.log
2026-02-18T17:33:27Z job_started job=hydrate-authors pid=49024 log=D:\BlueSky\data_v2_full\logs\manual_runs\hydrate-authors_20260218T173325Z.stdout.log
2026-02-18T17:34:27Z stale pid removed job=hydrate-authors pid=49024
2026-02-18T17:47:58Z stale pid removed job=snapshot-panel pid=34672
2026-02-18T18:28:30Z stale pid removed job=index-feed-generators pid=44468
2026-02-18T18:33:31Z job_started job=snapshot-panel pid=47152 log=D:\BlueSky\data_v2_full\logs\manual_runs\snapshot-panel_20260218T183330Z.stdout.log
2026-02-18T18:33:32Z job_started job=index-feed-generators pid=41048 log=D:\BlueSky\data_v2_full\logs\manual_runs\index-feed-generators_20260218T183331Z.stdout.log
2026-02-18T18:48:03Z stale pid removed job=snapshot-panel pid=47152
2026-02-18T19:28:35Z stale pid removed job=index-feed-generators pid=41048
2026-02-18T19:33:37Z job_started job=snapshot-panel pid=47976 log=D:\BlueSky\data_v2_full\logs\manual_runs\snapshot-panel_20260218T193336Z.stdout.log
2026-02-18T19:33:38Z job_started job=index-feed-generators pid=38652 log=D:\BlueSky\data_v2_full\logs\manual_runs\index-feed-generators_20260218T193337Z.stdout.log
2026-02-18T19:48:09Z stale pid removed job=snapshot-panel pid=47976
2026-02-18T20:28:41Z stale pid removed job=index-feed-generators pid=38652
2026-02-18T20:33:42Z job_started job=snapshot-panel pid=46596 log=D:\BlueSky\data_v2_full\logs\manual_runs\snapshot-panel_20260218T203341Z.stdout.log
2026-02-18T20:33:43Z job_started job=index-feed-generators pid=30044 log=D:\BlueSky\data_v2_full\logs\manual_runs\index-feed-generators_20260218T203342Z.stdout.log
2026-02-18T20:33:45Z job_started job=hydrate-authors pid=46324 log=D:\BlueSky\data_v2_full\logs\manual_runs\hydrate-authors_20260218T203343Z.stdout.log
2026-02-18T20:34:45Z stale pid removed job=hydrate-authors pid=46324
2026-02-18T20:48:16Z stale pid removed job=snapshot-panel pid=46596
2026-02-18T21:28:48Z stale pid removed job=index-feed-generators pid=30044
2026-02-18T21:33:49Z job_started job=snapshot-panel pid=29112 log=D:\BlueSky\data_v2_full\logs\manual_runs\snapshot-panel_20260218T213348Z.stdout.log
2026-02-18T21:33:50Z job_started job=index-feed-generators pid=22132 log=D:\BlueSky\data_v2_full\logs\manual_runs\index-feed-generators_20260218T213349Z.stdout.log
2026-02-18T21:48:51Z stale pid removed job=snapshot-panel pid=29112
2026-02-18T22:28:53Z stale pid removed job=index-feed-generators pid=22132
2026-02-18T22:33:55Z job_started job=snapshot-panel pid=32260 log=D:\BlueSky\data_v2_full\logs\manual_runs\snapshot-panel_20260218T223354Z.stdout.log
2026-02-18T22:33:56Z job_started job=index-feed-generators pid=36672 log=D:\BlueSky\data_v2_full\logs\manual_runs\index-feed-generators_20260218T223355Z.stdout.log
2026-02-18T22:49:27Z stale pid removed job=snapshot-panel pid=32260
2026-02-18T23:28:59Z stale pid removed job=index-feed-generators pid=36672
2026-02-18T23:34:00Z job_started job=snapshot-panel pid=46224 log=D:\BlueSky\data_v2_full\logs\manual_runs\snapshot-panel_20260218T233359Z.stdout.log
2026-02-18T23:34:01Z job_started job=index-feed-generators pid=45560 log=D:\BlueSky\data_v2_full\logs\manual_runs\index-feed-generators_20260218T233400Z.stdout.log
2026-02-18T23:34:02Z job_started job=hydrate-authors pid=47172 log=D:\BlueSky\data_v2_full\logs\manual_runs\hydrate-authors_20260218T233401Z.stdout.log
2026-02-18T23:35:02Z stale pid removed job=hydrate-authors pid=47172
2026-02-18T23:49:03Z stale pid removed job=snapshot-panel pid=46224
2026-02-19T00:29:06Z stale pid removed job=index-feed-generators pid=45560
2026-02-19T00:34:07Z job_started job=snapshot-panel pid=45896 log=D:\BlueSky\data_v2_full\logs\manual_runs\snapshot-panel_20260219T003406Z.stdout.log
2026-02-19T00:34:08Z job_started job=index-feed-generators pid=39124 log=D:\BlueSky\data_v2_full\logs\manual_runs\index-feed-generators_20260219T003407Z.stdout.log
2026-02-19T00:49:39Z stale pid removed job=snapshot-panel pid=45896
2026-02-19T01:29:11Z stale pid removed job=index-feed-generators pid=39124
2026-02-19T01:34:12Z job_started job=snapshot-panel pid=42928 log=D:\BlueSky\data_v2_full\logs\manual_runs\snapshot-panel_20260219T013411Z.stdout.log
2026-02-19T01:34:14Z job_started job=index-feed-generators pid=46676 log=D:\BlueSky\data_v2_full\logs\manual_runs\index-feed-generators_20260219T013412Z.stdout.log
2026-02-19T01:48:45Z stale pid removed job=snapshot-panel pid=42928
2026-02-19T02:29:17Z stale pid removed job=index-feed-generators pid=46676
2026-02-19T02:34:18Z job_started job=snapshot-panel pid=45584 log=D:\BlueSky\data_v2_full\logs\manual_runs\snapshot-panel_20260219T023417Z.stdout.log
2026-02-19T02:34:19Z job_started job=index-feed-generators pid=29020 log=D:\BlueSky\data_v2_full\logs\manual_runs\index-feed-generators_20260219T023418Z.stdout.log
2026-02-19T02:34:20Z job_started job=hydrate-authors pid=41740 log=D:\BlueSky\data_v2_full\logs\manual_runs\hydrate-authors_20260219T023419Z.stdout.log
2026-02-19T02:35:20Z stale pid removed job=hydrate-authors pid=41740
2026-02-19T02:48:51Z stale pid removed job=snapshot-panel pid=45584
2026-02-19T03:29:24Z stale pid removed job=index-feed-generators pid=29020
2026-02-19T03:34:25Z job_started job=snapshot-panel pid=29020 log=D:\BlueSky\data_v2_full\logs\manual_runs\snapshot-panel_20260219T033424Z.stdout.log
2026-02-19T03:34:26Z job_started job=index-feed-generators pid=3604 log=D:\BlueSky\data_v2_full\logs\manual_runs\index-feed-generators_20260219T033425Z.stdout.log
2026-02-19T03:48:27Z stale pid removed job=snapshot-panel pid=29020
2026-02-19T04:29:29Z stale pid removed job=index-feed-generators pid=3604
2026-02-19T04:34:30Z job_started job=snapshot-panel pid=49176 log=D:\BlueSky\data_v2_full\logs\manual_runs\snapshot-panel_20260219T043429Z.stdout.log
2026-02-19T04:34:31Z job_started job=index-feed-generators pid=24056 log=D:\BlueSky\data_v2_full\logs\manual_runs\index-feed-generators_20260219T043430Z.stdout.log
2026-02-19T04:49:03Z stale pid removed job=snapshot-panel pid=49176
2026-02-19T05:29:35Z stale pid removed job=index-feed-generators pid=24056
2026-02-19T05:32:36Z job_started job=refresh-discovery pid=34464 log=D:\BlueSky\data_v2_full\logs\manual_runs\refresh-discovery_20260219T053235Z.stdout.log
2026-02-19T05:32:37Z job_started job=build-panel pid=41400 log=D:\BlueSky\data_v2_full\logs\manual_runs\build-panel_20260219T053236Z.stdout.log
2026-02-19T05:32:38Z job_started job=wide-sweep pid=49516 log=D:\BlueSky\data_v2_full\logs\manual_runs\wide-sweep_20260219T053237Z.stdout.log
2026-02-19T05:33:08Z stale pid removed job=refresh-discovery pid=34464
2026-02-19T05:34:39Z job_started job=snapshot-panel pid=43276 log=D:\BlueSky\data_v2_full\logs\manual_runs\snapshot-panel_20260219T053438Z.stdout.log
2026-02-19T05:34:40Z job_started job=index-feed-generators pid=5292 log=D:\BlueSky\data_v2_full\logs\manual_runs\index-feed-generators_20260219T053439Z.stdout.log
2026-02-19T05:34:41Z job_started job=hydrate-authors pid=43808 log=D:\BlueSky\data_v2_full\logs\manual_runs\hydrate-authors_20260219T053440Z.stdout.log
2026-02-19T05:35:42Z stale pid removed job=hydrate-authors pid=43808
2026-02-19T05:38:42Z stale pid removed job=build-panel pid=41400
2026-02-19T05:46:43Z stale pid removed job=snapshot-panel pid=43276
2026-02-19T06:06:44Z stale pid removed job=wide-sweep pid=49516
2026-02-19T06:29:45Z stale pid removed job=index-feed-generators pid=5292
2026-02-19T06:34:47Z job_started job=snapshot-panel pid=49432 log=D:\BlueSky\data_v2_full\logs\manual_runs\snapshot-panel_20260219T063446Z.stdout.log
2026-02-19T06:34:48Z job_started job=index-feed-generators pid=32984 log=D:\BlueSky\data_v2_full\logs\manual_runs\index-feed-generators_20260219T063447Z.stdout.log
2026-02-19T06:50:19Z stale pid removed job=snapshot-panel pid=49432
2026-02-19T07:30:21Z stale pid removed job=index-feed-generators pid=32984
2026-02-19T07:34:52Z job_started job=snapshot-panel pid=42772 log=D:\BlueSky\data_v2_full\logs\manual_runs\snapshot-panel_20260219T073451Z.stdout.log
2026-02-19T07:34:53Z job_started job=index-feed-generators pid=25528 log=D:\BlueSky\data_v2_full\logs\manual_runs\index-feed-generators_20260219T073452Z.stdout.log
2026-02-19T07:50:24Z stale pid removed job=snapshot-panel pid=42772
2026-02-19T08:29:57Z stale pid removed job=index-feed-generators pid=25528
2026-02-19T08:34:58Z job_started job=snapshot-panel pid=6008 log=D:\BlueSky\data_v2_full\logs\manual_runs\snapshot-panel_20260219T083457Z.stdout.log
2026-02-19T08:34:59Z job_started job=index-feed-generators pid=45496 log=D:\BlueSky\data_v2_full\logs\manual_runs\index-feed-generators_20260219T083458Z.stdout.log
2026-02-19T08:35:00Z job_started job=hydrate-authors pid=45736 log=D:\BlueSky\data_v2_full\logs\manual_runs\hydrate-authors_20260219T083459Z.stdout.log
2026-02-19T08:37:00Z stale pid removed job=hydrate-authors pid=45736
2026-02-19T08:50:31Z stale pid removed job=snapshot-panel pid=6008
2026-02-19T09:30:03Z stale pid removed job=index-feed-generators pid=45496
2026-02-19T09:35:05Z job_started job=snapshot-panel pid=38328 log=D:\BlueSky\data_v2_full\logs\manual_runs\snapshot-panel_20260219T093503Z.stdout.log
2026-02-19T09:35:06Z job_started job=index-feed-generators pid=45496 log=D:\BlueSky\data_v2_full\logs\manual_runs\index-feed-generators_20260219T093505Z.stdout.log
2026-02-19T09:50:07Z stale pid removed job=snapshot-panel pid=38328
2026-02-19T10:30:09Z stale pid removed job=index-feed-generators pid=45496
2026-02-19T10:35:10Z job_started job=snapshot-panel pid=20108 log=D:\BlueSky\data_v2_full\logs\manual_runs\snapshot-panel_20260219T103509Z.stdout.log
2026-02-19T10:35:11Z job_started job=index-feed-generators pid=46728 log=D:\BlueSky\data_v2_full\logs\manual_runs\index-feed-generators_20260219T103510Z.stdout.log
2026-02-19T10:50:42Z stale pid removed job=snapshot-panel pid=20108
2026-02-19T11:30:14Z stale pid removed job=index-feed-generators pid=46728
2026-02-19T11:35:16Z job_started job=snapshot-panel pid=852 log=D:\BlueSky\data_v2_full\logs\manual_runs\snapshot-panel_20260219T113515Z.stdout.log
2026-02-19T11:35:17Z job_started job=index-feed-generators pid=39040 log=D:\BlueSky\data_v2_full\logs\manual_runs\index-feed-generators_20260219T113516Z.stdout.log
2026-02-19T11:35:18Z job_started job=hydrate-authors pid=44468 log=D:\BlueSky\data_v2_full\logs\manual_runs\hydrate-authors_20260219T113517Z.stdout.log
2026-02-19T11:35:48Z stale pid removed job=hydrate-authors pid=44468
2026-02-19T11:50:19Z stale pid removed job=snapshot-panel pid=852
2026-02-19T12:30:21Z stale pid removed job=index-feed-generators pid=39040
2026-02-19T12:35:22Z job_started job=snapshot-panel pid=47008 log=D:\BlueSky\data_v2_full\logs\manual_runs\snapshot-panel_20260219T123521Z.stdout.log
2026-02-19T12:35:24Z job_started job=index-feed-generators pid=45936 log=D:\BlueSky\data_v2_full\logs\manual_runs\index-feed-generators_20260219T123522Z.stdout.log
2026-02-19T12:49:55Z stale pid removed job=snapshot-panel pid=47008
2026-02-19T13:30:27Z stale pid removed job=index-feed-generators pid=45936
2026-02-19T13:35:28Z job_started job=snapshot-panel pid=48392 log=D:\BlueSky\data_v2_full\logs\manual_runs\snapshot-panel_20260219T133527Z.stdout.log
2026-02-19T13:35:29Z job_started job=index-feed-generators pid=45484 log=D:\BlueSky\data_v2_full\logs\manual_runs\index-feed-generators_20260219T133528Z.stdout.log
2026-02-19T13:51:00Z stale pid removed job=snapshot-panel pid=48392
2026-02-19T14:30:32Z stale pid removed job=index-feed-generators pid=45484
2026-02-19T14:35:34Z job_started job=snapshot-panel pid=40952 log=D:\BlueSky\data_v2_full\logs\manual_runs\snapshot-panel_20260219T143533Z.stdout.log
2026-02-19T14:35:35Z job_started job=index-feed-generators pid=46648 log=D:\BlueSky\data_v2_full\logs\manual_runs\index-feed-generators_20260219T143534Z.stdout.log
2026-02-19T14:35:36Z job_started job=hydrate-authors pid=11248 log=D:\BlueSky\data_v2_full\logs\manual_runs\hydrate-authors_20260219T143535Z.stdout.log
2026-02-19T14:36:36Z stale pid removed job=hydrate-authors pid=11248
2026-02-19T14:51:07Z stale pid removed job=snapshot-panel pid=40952
2026-02-19T15:30:39Z stale pid removed job=index-feed-generators pid=46648
2026-02-19T15:35:40Z job_started job=snapshot-panel pid=36492 log=D:\BlueSky\data_v2_full\logs\manual_runs\snapshot-panel_20260219T153539Z.stdout.log
2026-02-19T15:35:42Z job_started job=index-feed-generators pid=43304 log=D:\BlueSky\data_v2_full\logs\manual_runs\index-feed-generators_20260219T153540Z.stdout.log
2026-02-19T15:50:43Z stale pid removed job=snapshot-panel pid=36492
2026-02-19T16:30:45Z stale pid removed job=index-feed-generators pid=43304
2026-02-19T16:35:46Z job_started job=snapshot-panel pid=50032 log=D:\BlueSky\data_v2_full\logs\manual_runs\snapshot-panel_20260219T163545Z.stdout.log
2026-02-19T16:35:47Z job_started job=index-feed-generators pid=49040 log=D:\BlueSky\data_v2_full\logs\manual_runs\index-feed-generators_20260219T163546Z.stdout.log
2026-02-19T16:50:48Z stale pid removed job=snapshot-panel pid=50032
2026-02-19T17:30:50Z stale pid removed job=index-feed-generators pid=49040
2026-02-19T17:35:51Z job_started job=snapshot-panel pid=28600 log=D:\BlueSky\data_v2_full\logs\manual_runs\snapshot-panel_20260219T173550Z.stdout.log
2026-02-19T17:35:53Z job_started job=index-feed-generators pid=5668 log=D:\BlueSky\data_v2_full\logs\manual_runs\index-feed-generators_20260219T173552Z.stdout.log
2026-02-19T17:35:54Z job_started job=hydrate-authors pid=18232 log=D:\BlueSky\data_v2_full\logs\manual_runs\hydrate-authors_20260219T173553Z.stdout.log
2026-02-19T17:36:54Z stale pid removed job=hydrate-authors pid=18232
2026-02-19T17:50:55Z stale pid removed job=snapshot-panel pid=28600
2026-02-19T18:30:57Z stale pid removed job=index-feed-generators pid=5668
2026-02-19T18:35:58Z job_started job=snapshot-panel pid=32684 log=D:\BlueSky\data_v2_full\logs\manual_runs\snapshot-panel_20260219T183557Z.stdout.log
2026-02-19T18:35:59Z job_started job=index-feed-generators pid=49440 log=D:\BlueSky\data_v2_full\logs\manual_runs\index-feed-generators_20260219T183558Z.stdout.log
2026-02-19T18:51:30Z stale pid removed job=snapshot-panel pid=32684
2026-02-19T19:31:02Z stale pid removed job=index-feed-generators pid=49440
2026-02-19T19:36:04Z job_started job=snapshot-panel pid=3048 log=D:\BlueSky\data_v2_full\logs\manual_runs\snapshot-panel_20260219T193602Z.stdout.log
2026-02-19T19:36:05Z job_started job=index-feed-generators pid=5348 log=D:\BlueSky\data_v2_full\logs\manual_runs\index-feed-generators_20260219T193604Z.stdout.log
2026-02-19T19:51:36Z stale pid removed job=snapshot-panel pid=3048
2026-02-19T20:31:08Z stale pid removed job=index-feed-generators pid=5348
2026-02-19T20:36:09Z job_started job=snapshot-panel pid=36484 log=D:\BlueSky\data_v2_full\logs\manual_runs\snapshot-panel_20260219T203608Z.stdout.log
2026-02-19T20:36:10Z job_started job=index-feed-generators pid=4876 log=D:\BlueSky\data_v2_full\logs\manual_runs\index-feed-generators_20260219T203609Z.stdout.log
2026-02-19T20:36:11Z job_started job=hydrate-authors pid=11664 log=D:\BlueSky\data_v2_full\logs\manual_runs\hydrate-authors_20260219T203610Z.stdout.log
2026-02-19T20:37:11Z stale pid removed job=hydrate-authors pid=11664
2026-02-19T20:51:42Z stale pid removed job=snapshot-panel pid=36484
2026-02-19T21:31:14Z stale pid removed job=index-feed-generators pid=4876
2026-02-19T21:36:16Z job_started job=snapshot-panel pid=18312 log=D:\BlueSky\data_v2_full\logs\manual_runs\snapshot-panel_20260219T213615Z.stdout.log
2026-02-19T21:36:17Z job_started job=index-feed-generators pid=38324 log=D:\BlueSky\data_v2_full\logs\manual_runs\index-feed-generators_20260219T213616Z.stdout.log
2026-02-19T21:51:48Z stale pid removed job=snapshot-panel pid=18312
2026-02-19T22:31:20Z stale pid removed job=index-feed-generators pid=38324
2026-02-19T22:36:21Z job_started job=snapshot-panel pid=33032 log=D:\BlueSky\data_v2_full\logs\manual_runs\snapshot-panel_20260219T223620Z.stdout.log
2026-02-19T22:36:22Z job_started job=index-feed-generators pid=36576 log=D:\BlueSky\data_v2_full\logs\manual_runs\index-feed-generators_20260219T223621Z.stdout.log
2026-02-19T22:51:23Z stale pid removed job=snapshot-panel pid=33032
2026-02-19T23:31:25Z stale pid removed job=index-feed-generators pid=36576
2026-02-19T23:36:27Z job_started job=snapshot-panel pid=19608 log=D:\BlueSky\data_v2_full\logs\manual_runs\snapshot-panel_20260219T233625Z.stdout.log
2026-02-19T23:36:28Z job_started job=index-feed-generators pid=47696 log=D:\BlueSky\data_v2_full\logs\manual_runs\index-feed-generators_20260219T233627Z.stdout.log
2026-02-19T23:36:29Z job_started job=hydrate-authors pid=38448 log=D:\BlueSky\data_v2_full\logs\manual_runs\hydrate-authors_20260219T233628Z.stdout.log
2026-02-19T23:37:29Z stale pid removed job=hydrate-authors pid=38448
2026-02-19T23:52:30Z stale pid removed job=snapshot-panel pid=19608
2026-02-20T00:31:32Z stale pid removed job=index-feed-generators pid=47696
2026-02-20T00:36:34Z job_started job=snapshot-panel pid=26544 log=D:\BlueSky\data_v2_full\logs\manual_runs\snapshot-panel_20260220T003632Z.stdout.log
2026-02-20T00:36:35Z job_started job=index-feed-generators pid=41364 log=D:\BlueSky\data_v2_full\logs\manual_runs\index-feed-generators_20260220T003634Z.stdout.log
2026-02-20T00:51:36Z stale pid removed job=snapshot-panel pid=26544
2026-02-20T01:31:38Z stale pid removed job=index-feed-generators pid=41364
2026-02-20T01:36:39Z job_started job=snapshot-panel pid=34440 log=D:\BlueSky\data_v2_full\logs\manual_runs\snapshot-panel_20260220T013638Z.stdout.log
2026-02-20T01:36:41Z job_started job=index-feed-generators pid=34320 log=D:\BlueSky\data_v2_full\logs\manual_runs\index-feed-generators_20260220T013640Z.stdout.log
2026-02-20T01:53:12Z stale pid removed job=snapshot-panel pid=34440
2026-02-20T02:31:44Z stale pid removed job=index-feed-generators pid=34320
2026-02-20T02:36:45Z job_started job=snapshot-panel pid=33032 log=D:\BlueSky\data_v2_full\logs\manual_runs\snapshot-panel_20260220T023644Z.stdout.log
2026-02-20T02:36:46Z job_started job=index-feed-generators pid=37768 log=D:\BlueSky\data_v2_full\logs\manual_runs\index-feed-generators_20260220T023645Z.stdout.log
2026-02-20T02:36:47Z job_started job=hydrate-authors pid=37296 log=D:\BlueSky\data_v2_full\logs\manual_runs\hydrate-authors_20260220T023646Z.stdout.log
2026-02-20T02:37:47Z stale pid removed job=hydrate-authors pid=37296
2026-02-20T02:52:18Z stale pid removed job=snapshot-panel pid=33032
2026-02-20T03:31:51Z stale pid removed job=index-feed-generators pid=37768
2026-02-20T03:36:52Z job_started job=snapshot-panel pid=32652 log=D:\BlueSky\data_v2_full\logs\manual_runs\snapshot-panel_20260220T033651Z.stdout.log
2026-02-20T03:36:53Z job_started job=index-feed-generators pid=48492 log=D:\BlueSky\data_v2_full\logs\manual_runs\index-feed-generators_20260220T033652Z.stdout.log
2026-02-20T03:52:24Z stale pid removed job=snapshot-panel pid=32652
2026-02-20T04:31:56Z stale pid removed job=index-feed-generators pid=48492
2026-02-20T04:36:58Z job_started job=snapshot-panel pid=15508 log=D:\BlueSky\data_v2_full\logs\manual_runs\snapshot-panel_20260220T043656Z.stdout.log
2026-02-20T04:36:59Z job_started job=index-feed-generators pid=48012 log=D:\BlueSky\data_v2_full\logs\manual_runs\index-feed-generators_20260220T043658Z.stdout.log
2026-02-20T04:52:30Z stale pid removed job=snapshot-panel pid=15508
2026-02-20T05:32:02Z stale pid removed job=index-feed-generators pid=48012
2026-02-20T05:33:03Z job_started job=refresh-discovery pid=39160 log=D:\BlueSky\data_v2_full\logs\manual_runs\refresh-discovery_20260220T053302Z.stdout.log
2026-02-20T05:33:04Z job_started job=build-panel pid=20008 log=D:\BlueSky\data_v2_full\logs\manual_runs\build-panel_20260220T053303Z.stdout.log
2026-02-20T05:33:05Z job_started job=wide-sweep pid=3796 log=D:\BlueSky\data_v2_full\logs\manual_runs\wide-sweep_20260220T053304Z.stdout.log
2026-02-20T05:33:35Z stale pid removed job=refresh-discovery pid=39160
2026-02-20T05:37:07Z job_started job=snapshot-panel pid=14020 log=D:\BlueSky\data_v2_full\logs\manual_runs\snapshot-panel_20260220T053706Z.stdout.log
2026-02-20T05:37:08Z job_started job=index-feed-generators pid=36056 log=D:\BlueSky\data_v2_full\logs\manual_runs\index-feed-generators_20260220T053707Z.stdout.log
2026-02-20T05:37:09Z job_started job=hydrate-authors pid=45844 log=D:\BlueSky\data_v2_full\logs\manual_runs\hydrate-authors_20260220T053708Z.stdout.log
2026-02-20T05:38:09Z stale pid removed job=hydrate-authors pid=45844
2026-02-20T05:39:39Z stale pid removed job=build-panel pid=20008
2026-02-20T05:49:41Z stale pid removed job=snapshot-panel pid=14020
2026-02-20T06:06:42Z stale pid removed job=wide-sweep pid=3796
2026-02-20T06:32:14Z stale pid removed job=index-feed-generators pid=36056
2026-02-20T06:37:16Z job_started job=snapshot-panel pid=1072 log=D:\BlueSky\data_v2_full\logs\manual_runs\snapshot-panel_20260220T063714Z.stdout.log
2026-02-20T06:37:18Z job_started job=index-feed-generators pid=46348 log=D:\BlueSky\data_v2_full\logs\manual_runs\index-feed-generators_20260220T063716Z.stdout.log
2026-02-20T06:53:19Z stale pid removed job=snapshot-panel pid=1072
2026-02-20T07:32:52Z stale pid removed job=index-feed-generators pid=46348
2026-02-20T07:37:24Z job_started job=snapshot-panel pid=10520 log=D:\BlueSky\data_v2_full\logs\manual_runs\snapshot-panel_20260220T073722Z.stdout.log
2026-02-20T07:37:25Z job_started job=index-feed-generators pid=35372 log=D:\BlueSky\data_v2_full\logs\manual_runs\index-feed-generators_20260220T073724Z.stdout.log
2026-02-20T07:52:56Z stale pid removed job=snapshot-panel pid=10520
2026-02-20T08:32:28Z stale pid removed job=index-feed-generators pid=35372
2026-02-20T08:37:30Z job_started job=snapshot-panel pid=35388 log=D:\BlueSky\data_v2_full\logs\manual_runs\snapshot-panel_20260220T083728Z.stdout.log
2026-02-20T08:37:31Z job_started job=index-feed-generators pid=50580 log=D:\BlueSky\data_v2_full\logs\manual_runs\index-feed-generators_20260220T083730Z.stdout.log
2026-02-20T08:37:32Z job_started job=hydrate-authors pid=36524 log=D:\BlueSky\data_v2_full\logs\manual_runs\hydrate-authors_20260220T083731Z.stdout.log
2026-02-20T08:39:02Z stale pid removed job=hydrate-authors pid=36524
2026-02-20T08:53:03Z stale pid removed job=snapshot-panel pid=35388
2026-02-20T09:32:36Z stale pid removed job=index-feed-generators pid=50580
2026-02-20T09:37:37Z job_started job=snapshot-panel pid=38620 log=D:\BlueSky\data_v2_full\logs\manual_runs\snapshot-panel_20260220T093736Z.stdout.log
2026-02-20T09:37:38Z job_started job=index-feed-generators pid=48084 log=D:\BlueSky\data_v2_full\logs\manual_runs\index-feed-generators_20260220T093737Z.stdout.log
2026-02-20T09:53:09Z stale pid removed job=snapshot-panel pid=38620
2026-02-20T10:32:42Z stale pid removed job=index-feed-generators pid=48084
2026-02-20T10:37:43Z job_started job=snapshot-panel pid=50672 log=D:\BlueSky\data_v2_full\logs\manual_runs\snapshot-panel_20260220T103742Z.stdout.log
2026-02-20T10:37:44Z job_started job=index-feed-generators pid=7336 log=D:\BlueSky\data_v2_full\logs\manual_runs\index-feed-generators_20260220T103743Z.stdout.log
2026-02-20T10:53:15Z stale pid removed job=snapshot-panel pid=50672
2026-02-20T11:32:48Z stale pid removed job=index-feed-generators pid=7336
2026-02-20T11:37:49Z job_started job=snapshot-panel pid=26652 log=D:\BlueSky\data_v2_full\logs\manual_runs\snapshot-panel_20260220T113748Z.stdout.log
2026-02-20T11:37:50Z job_started job=index-feed-generators pid=34852 log=D:\BlueSky\data_v2_full\logs\manual_runs\index-feed-generators_20260220T113749Z.stdout.log
2026-02-20T11:37:51Z job_started job=hydrate-authors pid=1004 log=D:\BlueSky\data_v2_full\logs\manual_runs\hydrate-authors_20260220T113750Z.stdout.log
2026-02-20T11:38:21Z stale pid removed job=hydrate-authors pid=1004
2026-02-20T11:52:52Z stale pid removed job=snapshot-panel pid=26652
2026-02-20T12:32:55Z stale pid removed job=index-feed-generators pid=34852
2026-02-20T12:37:56Z job_started job=snapshot-panel pid=49252 log=D:\BlueSky\data_v2_full\logs\manual_runs\snapshot-panel_20260220T123755Z.stdout.log
2026-02-20T12:37:57Z job_started job=index-feed-generators pid=44608 log=D:\BlueSky\data_v2_full\logs\manual_runs\index-feed-generators_20260220T123756Z.stdout.log
2026-02-20T12:52:58Z stale pid removed job=snapshot-panel pid=49252
2026-02-20T13:33:01Z stale pid removed job=index-feed-generators pid=44608
2026-02-20T13:38:02Z job_started job=snapshot-panel pid=50696 log=D:\BlueSky\data_v2_full\logs\manual_runs\snapshot-panel_20260220T133801Z.stdout.log
2026-02-20T13:38:03Z job_started job=index-feed-generators pid=41880 log=D:\BlueSky\data_v2_full\logs\manual_runs\index-feed-generators_20260220T133802Z.stdout.log
2026-02-20T13:53:04Z stale pid removed job=snapshot-panel pid=50696
2026-02-20T14:33:07Z stale pid removed job=index-feed-generators pid=41880
2026-02-20T14:38:08Z job_started job=snapshot-panel pid=3940 log=D:\BlueSky\data_v2_full\logs\manual_runs\snapshot-panel_20260220T143807Z.stdout.log
2026-02-20T14:38:09Z job_started job=index-feed-generators pid=5932 log=D:\BlueSky\data_v2_full\logs\manual_runs\index-feed-generators_20260220T143808Z.stdout.log
2026-02-20T14:38:10Z job_started job=hydrate-authors pid=11836 log=D:\BlueSky\data_v2_full\logs\manual_runs\hydrate-authors_20260220T143809Z.stdout.log
2026-02-20T14:39:10Z stale pid removed job=hydrate-authors pid=11836
2026-02-20T14:54:12Z stale pid removed job=snapshot-panel pid=3940
2026-02-20T15:33:14Z stale pid removed job=index-feed-generators pid=5932
2026-02-20T15:38:15Z job_started job=snapshot-panel pid=32300 log=D:\BlueSky\data_v2_full\logs\manual_runs\snapshot-panel_20260220T153814Z.stdout.log
2026-02-20T15:38:16Z job_started job=index-feed-generators pid=34672 log=D:\BlueSky\data_v2_full\logs\manual_runs\index-feed-generators_20260220T153815Z.stdout.log
2026-02-20T15:53:18Z stale pid removed job=snapshot-panel pid=32300
2026-02-20T16:33:20Z stale pid removed job=index-feed-generators pid=34672
2026-02-20T16:38:21Z job_started job=snapshot-panel pid=46588 log=D:\BlueSky\data_v2_full\logs\manual_runs\snapshot-panel_20260220T163820Z.stdout.log
2026-02-20T16:38:22Z job_started job=index-feed-generators pid=50324 log=D:\BlueSky\data_v2_full\logs\manual_runs\index-feed-generators_20260220T163821Z.stdout.log
2026-02-20T16:53:24Z stale pid removed job=snapshot-panel pid=46588
2026-02-20T17:33:26Z stale pid removed job=index-feed-generators pid=50324
2026-02-20T17:38:27Z job_started job=snapshot-panel pid=30248 log=D:\BlueSky\data_v2_full\logs\manual_runs\snapshot-panel_20260220T173826Z.stdout.log
2026-02-20T17:38:28Z job_started job=index-feed-generators pid=35628 log=D:\BlueSky\data_v2_full\logs\manual_runs\index-feed-generators_20260220T173827Z.stdout.log
2026-02-20T17:38:30Z job_started job=hydrate-authors pid=46392 log=D:\BlueSky\data_v2_full\logs\manual_runs\hydrate-authors_20260220T173829Z.stdout.log
2026-02-20T17:39:30Z stale pid removed job=hydrate-authors pid=46392
2026-02-20T17:54:01Z stale pid removed job=snapshot-panel pid=30248
2026-02-20T18:33:33Z stale pid removed job=index-feed-generators pid=35628
2026-02-20T18:38:35Z job_started job=snapshot-panel pid=51184 log=D:\BlueSky\data_v2_full\logs\manual_runs\snapshot-panel_20260220T183833Z.stdout.log
2026-02-20T18:38:36Z job_started job=index-feed-generators pid=45624 log=D:\BlueSky\data_v2_full\logs\manual_runs\index-feed-generators_20260220T183835Z.stdout.log
2026-02-20T18:54:07Z stale pid removed job=snapshot-panel pid=51184
2026-02-20T19:33:39Z stale pid removed job=index-feed-generators pid=45624
2026-02-20T19:38:41Z job_started job=snapshot-panel pid=50900 log=D:\BlueSky\data_v2_full\logs\manual_runs\snapshot-panel_20260220T193840Z.stdout.log
2026-02-20T19:38:42Z job_started job=index-feed-generators pid=35112 log=D:\BlueSky\data_v2_full\logs\manual_runs\index-feed-generators_20260220T193841Z.stdout.log
2026-02-20T19:54:13Z stale pid removed job=snapshot-panel pid=50900
2026-02-20T20:33:45Z stale pid removed job=index-feed-generators pid=35112
2026-02-20T20:38:47Z job_started job=snapshot-panel pid=8692 log=D:\BlueSky\data_v2_full\logs\manual_runs\snapshot-panel_20260220T203845Z.stdout.log
2026-02-20T20:38:48Z job_started job=index-feed-generators pid=49560 log=D:\BlueSky\data_v2_full\logs\manual_runs\index-feed-generators_20260220T203847Z.stdout.log
2026-02-20T20:38:49Z job_started job=hydrate-authors pid=52048 log=D:\BlueSky\data_v2_full\logs\manual_runs\hydrate-authors_20260220T203848Z.stdout.log
2026-02-20T20:39:49Z stale pid removed job=hydrate-authors pid=52048
2026-02-20T20:54:20Z stale pid removed job=snapshot-panel pid=8692
2026-02-20T21:33:52Z stale pid removed job=index-feed-generators pid=49560
2026-02-20T21:38:53Z job_started job=snapshot-panel pid=51816 log=D:\BlueSky\data_v2_full\logs\manual_runs\snapshot-panel_20260220T213852Z.stdout.log
2026-02-20T21:38:55Z job_started job=index-feed-generators pid=27832 log=D:\BlueSky\data_v2_full\logs\manual_runs\index-feed-generators_20260220T213853Z.stdout.log
2026-02-20T21:54:26Z stale pid removed job=snapshot-panel pid=51816
2026-02-20T22:33:58Z stale pid removed job=index-feed-generators pid=27832
2026-02-20T22:38:59Z job_started job=snapshot-panel pid=13288 log=D:\BlueSky\data_v2_full\logs\manual_runs\snapshot-panel_20260220T223858Z.stdout.log
2026-02-20T22:39:00Z job_started job=index-feed-generators pid=43964 log=D:\BlueSky\data_v2_full\logs\manual_runs\index-feed-generators_20260220T223859Z.stdout.log
2026-02-20T22:54:31Z stale pid removed job=snapshot-panel pid=13288
2026-02-20T23:25:44Z collector-daemon-win starting pid=6872 root=D:\BlueSky out_base=D:\BlueSky\data_v2_full
2026-02-20T23:25:44Z startup stamp reset disabled FORCE_FULL_COLLECTION_ON_START=0
2026-02-20T23:25:45Z state-writer started pid=48300 tcp=127.0.0.1:9911 log=D:\BlueSky\data_v2_full\logs\manual_runs\state-writer_20260220T232544Z.stdout.log
2026-02-20T23:25:45Z stale pid removed job=index-feed-generators pid=43964
2026-02-20T23:39:17Z job_started job=snapshot-panel pid=3660 log=D:\BlueSky\data_v2_full\logs\manual_runs\snapshot-panel_20260220T233916Z.stdout.log
2026-02-20T23:39:18Z job_started job=index-feed-generators pid=53224 log=D:\BlueSky\data_v2_full\logs\manual_runs\index-feed-generators_20260220T233917Z.stdout.log
2026-02-20T23:39:19Z job_started job=hydrate-authors pid=52892 log=D:\BlueSky\data_v2_full\logs\manual_runs\hydrate-authors_20260220T233918Z.stdout.log
2026-02-20T23:40:19Z stale pid removed job=hydrate-authors pid=52892
2026-02-20T23:54:50Z stale pid removed job=snapshot-panel pid=3660
2026-02-21T00:34:23Z stale pid removed job=index-feed-generators pid=53224
2026-02-21T00:39:24Z job_started job=snapshot-panel pid=53184 log=D:\BlueSky\data_v2_full\logs\manual_runs\snapshot-panel_20260221T003923Z.stdout.log
2026-02-21T00:39:25Z job_started job=index-feed-generators pid=21836 log=D:\BlueSky\data_v2_full\logs\manual_runs\index-feed-generators_20260221T003924Z.stdout.log
2026-02-21T00:55:26Z stale pid removed job=snapshot-panel pid=53184
2026-02-21T01:34:28Z stale pid removed job=index-feed-generators pid=21836
2026-02-21T01:39:30Z job_started job=snapshot-panel pid=51440 log=D:\BlueSky\data_v2_full\logs\manual_runs\snapshot-panel_20260221T013929Z.stdout.log
2026-02-21T01:39:31Z job_started job=index-feed-generators pid=51060 log=D:\BlueSky\data_v2_full\logs\manual_runs\index-feed-generators_20260221T013930Z.stdout.log
2026-02-21T01:55:02Z stale pid removed job=snapshot-panel pid=51440
2026-02-21T02:34:35Z stale pid removed job=index-feed-generators pid=51060
2026-02-21T02:39:36Z job_started job=snapshot-panel pid=52176 log=D:\BlueSky\data_v2_full\logs\manual_runs\snapshot-panel_20260221T023935Z.stdout.log
2026-02-21T02:39:37Z job_started job=index-feed-generators pid=52236 log=D:\BlueSky\data_v2_full\logs\manual_runs\index-feed-generators_20260221T023936Z.stdout.log
2026-02-21T02:39:38Z job_started job=hydrate-authors pid=17864 log=D:\BlueSky\data_v2_full\logs\manual_runs\hydrate-authors_20260221T023937Z.stdout.log
2026-02-21T02:40:08Z stale pid removed job=hydrate-authors pid=17864
2026-02-21T02:55:09Z stale pid removed job=snapshot-panel pid=52176
2026-02-21T03:34:42Z stale pid removed job=index-feed-generators pid=52236
2026-02-21T03:39:43Z job_started job=snapshot-panel pid=52444 log=D:\BlueSky\data_v2_full\logs\manual_runs\snapshot-panel_20260221T033942Z.stdout.log
2026-02-21T03:39:44Z job_started job=index-feed-generators pid=53204 log=D:\BlueSky\data_v2_full\logs\manual_runs\index-feed-generators_20260221T033943Z.stdout.log
2026-02-21T03:55:15Z stale pid removed job=snapshot-panel pid=52444
2026-02-21T04:34:48Z stale pid removed job=index-feed-generators pid=53204
2026-02-21T04:39:49Z job_started job=snapshot-panel pid=53060 log=D:\BlueSky\data_v2_full\logs\manual_runs\snapshot-panel_20260221T043948Z.stdout.log
2026-02-21T04:39:50Z job_started job=index-feed-generators pid=35016 log=D:\BlueSky\data_v2_full\logs\manual_runs\index-feed-generators_20260221T043949Z.stdout.log
2026-02-21T04:55:21Z stale pid removed job=snapshot-panel pid=53060
2026-02-21T05:33:24Z job_started job=refresh-discovery pid=53932 log=D:\BlueSky\data_v2_full\logs\manual_runs\refresh-discovery_20260221T053323Z.stdout.log
2026-02-21T05:33:26Z job_started job=build-panel pid=37932 log=D:\BlueSky\data_v2_full\logs\manual_runs\build-panel_20260221T053324Z.stdout.log
2026-02-21T05:33:27Z job_started job=wide-sweep pid=51476 log=D:\BlueSky\data_v2_full\logs\manual_runs\wide-sweep_20260221T053326Z.stdout.log
2026-02-21T05:33:57Z stale pid removed job=refresh-discovery pid=53932
2026-02-21T05:34:57Z stale pid removed job=index-feed-generators pid=35016
2026-02-21T05:38:57Z stale pid removed job=build-panel pid=37932
2026-02-21T05:39:58Z job_started job=snapshot-panel pid=50456 log=D:\BlueSky\data_v2_full\logs\manual_runs\snapshot-panel_20260221T053957Z.stdout.log
2026-02-21T05:39:59Z job_started job=index-feed-generators pid=28304 log=D:\BlueSky\data_v2_full\logs\manual_runs\index-feed-generators_20260221T053958Z.stdout.log
2026-02-21T05:40:00Z job_started job=hydrate-authors pid=12008 log=D:\BlueSky\data_v2_full\logs\manual_runs\hydrate-authors_20260221T053959Z.stdout.log
2026-02-21T05:40:30Z stale pid removed job=hydrate-authors pid=12008
2026-02-21T05:48:31Z stale pid removed job=snapshot-panel pid=50456
2026-02-21T06:04:03Z stale pid removed job=wide-sweep pid=51476
2026-02-22T04:59:43Z collector-daemon-win starting pid=53360 root=D:\BlueSky out_base=D:\BlueSky\data_v2_full
2026-02-22T04:59:43Z startup stamp reset enabled cleared=6
2026-02-22T04:59:44Z job_started job=snapshot-panel pid=54252 log=D:\BlueSky\data_v2_full\logs\manual_runs\snapshot-panel_20260222T045943Z.stdout.log
2026-02-22T04:59:44Z stale pid removed job=index-feed-generators pid=28304
2026-02-22T04:59:46Z job_started job=index-feed-generators pid=48640 log=D:\BlueSky\data_v2_full\logs\manual_runs\index-feed-generators_20260222T045944Z.stdout.log
2026-02-22T04:59:47Z job_started job=hydrate-authors pid=49560 log=D:\BlueSky\data_v2_full\logs\manual_runs\hydrate-authors_20260222T045946Z.stdout.log
2026-02-22T04:59:48Z job_started job=refresh-discovery pid=36212 log=D:\BlueSky\data_v2_full\logs\manual_runs\refresh-discovery_20260222T045947Z.stdout.log
2026-02-22T04:59:54Z job_failed_fast job=build-panel log=D:\BlueSky\data_v2_full\logs\manual_runs\build-panel_20260222T045949Z.stdout.log
2026-02-22T04:59:55Z job_started job=wide-sweep pid=59264 log=D:\BlueSky\data_v2_full\logs\manual_runs\wide-sweep_20260222T045954Z.stdout.log
2026-02-22T05:00:26Z stale pid removed job=snapshot-panel pid=54252
2026-02-22T05:00:26Z stale pid removed job=index-feed-generators pid=48640
2026-02-22T05:00:26Z stale pid removed job=hydrate-authors pid=49560
2026-02-22T05:00:26Z stale pid removed job=refresh-discovery pid=36212
2026-02-22T05:00:26Z stale pid removed job=wide-sweep pid=59264
2026-02-22T05:04:57Z job_failed_fast job=build-panel log=D:\BlueSky\data_v2_full\logs\manual_runs\build-panel_20260222T050456Z.stdout.log
2026-02-22T05:06:01Z collector-daemon-win starting pid=47840 root=D:\BlueSky out_base=D:\BlueSky\data_v2_full
2026-02-22T05:06:01Z startup stamp reset enabled cleared=6
2026-02-22T05:06:02Z state-writer started pid=55656 tcp=127.0.0.1:9911 log=D:\BlueSky\data_v2_full\logs\manual_runs\state-writer_20260222T050601Z.stdout.log
2026-02-22T05:06:04Z job_started job=snapshot-panel pid=47008 log=D:\BlueSky\data_v2_full\logs\manual_runs\snapshot-panel_20260222T050602Z.stdout.log
2026-02-22T05:06:05Z job_started job=index-feed-generators pid=57272 log=D:\BlueSky\data_v2_full\logs\manual_runs\index-feed-generators_20260222T050604Z.stdout.log
2026-02-22T05:06:06Z job_started job=hydrate-authors pid=58584 log=D:\BlueSky\data_v2_full\logs\manual_runs\hydrate-authors_20260222T050605Z.stdout.log
2026-02-22T05:06:07Z job_started job=refresh-discovery pid=57448 log=D:\BlueSky\data_v2_full\logs\manual_runs\refresh-discovery_20260222T050606Z.stdout.log
2026-02-22T05:06:08Z job_failed_fast job=build-panel log=D:\BlueSky\data_v2_full\logs\manual_runs\build-panel_20260222T050607Z.stdout.log
2026-02-22T05:06:09Z job_started job=wide-sweep pid=55840 log=D:\BlueSky\data_v2_full\logs\manual_runs\wide-sweep_20260222T050608Z.stdout.log
2026-02-22T05:06:39Z stale pid removed job=hydrate-authors pid=58584
2026-02-22T05:06:39Z stale pid removed job=refresh-discovery pid=57448
2026-02-22T05:11:11Z job_started job=build-panel pid=51536 log=D:\BlueSky\data_v2_full\logs\manual_runs\build-panel_20260222T051110Z.stdout.log
2026-02-22T05:15:41Z stale pid removed job=build-panel pid=51536
2026-02-22T05:21:12Z stale pid removed job=snapshot-panel pid=47008
2026-02-22T05:37:43Z stale pid removed job=wide-sweep pid=55840
2026-02-22T06:01:15Z stale pid removed job=index-feed-generators pid=57272
2026-02-22T06:06:16Z job_started job=snapshot-panel pid=30112 log=D:\BlueSky\data_v2_full\logs\manual_runs\snapshot-panel_20260222T060615Z.stdout.log
2026-02-22T06:06:17Z job_started job=index-feed-generators pid=58260 log=D:\BlueSky\data_v2_full\logs\manual_runs\index-feed-generators_20260222T060616Z.stdout.log
2026-02-22T06:21:18Z stale pid removed job=snapshot-panel pid=30112
2026-02-22T07:01:21Z stale pid removed job=index-feed-generators pid=58260
2026-02-22T07:06:22Z job_started job=snapshot-panel pid=53776 log=D:\BlueSky\data_v2_full\logs\manual_runs\snapshot-panel_20260222T070621Z.stdout.log
2026-02-22T07:06:23Z job_started job=index-feed-generators pid=11560 log=D:\BlueSky\data_v2_full\logs\manual_runs\index-feed-generators_20260222T070622Z.stdout.log
2026-02-22T07:21:24Z stale pid removed job=snapshot-panel pid=53776
2026-02-22T08:01:27Z stale pid removed job=index-feed-generators pid=11560
2026-02-22T08:06:28Z job_started job=snapshot-panel pid=31860 log=D:\BlueSky\data_v2_full\logs\manual_runs\snapshot-panel_20260222T080627Z.stdout.log
2026-02-22T08:06:29Z job_started job=index-feed-generators pid=54128 log=D:\BlueSky\data_v2_full\logs\manual_runs\index-feed-generators_20260222T080628Z.stdout.log
2026-02-22T08:06:30Z job_started job=hydrate-authors pid=36588 log=D:\BlueSky\data_v2_full\logs\manual_runs\hydrate-authors_20260222T080629Z.stdout.log
2026-02-22T08:07:30Z stale pid removed job=hydrate-authors pid=36588
2026-02-22T08:21:31Z stale pid removed job=snapshot-panel pid=31860
2026-02-22T09:01:34Z stale pid removed job=index-feed-generators pid=54128
2026-02-22T09:06:35Z job_started job=snapshot-panel pid=58172 log=D:\BlueSky\data_v2_full\logs\manual_runs\snapshot-panel_20260222T090634Z.stdout.log
2026-02-22T09:06:36Z job_started job=index-feed-generators pid=59236 log=D:\BlueSky\data_v2_full\logs\manual_runs\index-feed-generators_20260222T090635Z.stdout.log
2026-02-22T09:21:37Z stale pid removed job=snapshot-panel pid=58172
2026-02-22T10:01:40Z stale pid removed job=index-feed-generators pid=59236
2026-02-22T10:06:41Z job_started job=snapshot-panel pid=55908 log=D:\BlueSky\data_v2_full\logs\manual_runs\snapshot-panel_20260222T100640Z.stdout.log
2026-02-22T10:06:42Z job_started job=index-feed-generators pid=10516 log=D:\BlueSky\data_v2_full\logs\manual_runs\index-feed-generators_20260222T100641Z.stdout.log
2026-02-22T10:21:43Z stale pid removed job=snapshot-panel pid=55908
2026-02-22T11:01:46Z stale pid removed job=index-feed-generators pid=10516
2026-02-22T11:06:47Z job_started job=snapshot-panel pid=37824 log=D:\BlueSky\data_v2_full\logs\manual_runs\snapshot-panel_20260222T110646Z.stdout.log
2026-02-22T11:06:48Z job_started job=index-feed-generators pid=12884 log=D:\BlueSky\data_v2_full\logs\manual_runs\index-feed-generators_20260222T110647Z.stdout.log
2026-02-22T11:06:49Z job_started job=hydrate-authors pid=48512 log=D:\BlueSky\data_v2_full\logs\manual_runs\hydrate-authors_20260222T110648Z.stdout.log
2026-02-22T11:07:19Z stale pid removed job=hydrate-authors pid=48512
2026-02-22T11:21:20Z stale pid removed job=snapshot-panel pid=37824
2026-02-22T12:01:53Z stale pid removed job=index-feed-generators pid=12884
2026-02-22T12:06:54Z job_started job=snapshot-panel pid=58608 log=D:\BlueSky\data_v2_full\logs\manual_runs\snapshot-panel_20260222T120653Z.stdout.log
2026-02-22T12:06:55Z job_started job=index-feed-generators pid=56100 log=D:\BlueSky\data_v2_full\logs\manual_runs\index-feed-generators_20260222T120654Z.stdout.log
2026-02-22T12:21:56Z stale pid removed job=snapshot-panel pid=58608
2026-02-22T13:01:59Z stale pid removed job=index-feed-generators pid=56100
2026-02-22T13:07:00Z job_started job=snapshot-panel pid=51940 log=D:\BlueSky\data_v2_full\logs\manual_runs\snapshot-panel_20260222T130659Z.stdout.log
2026-02-22T13:07:01Z job_started job=index-feed-generators pid=56992 log=D:\BlueSky\data_v2_full\logs\manual_runs\index-feed-generators_20260222T130700Z.stdout.log
2026-02-22T13:22:02Z stale pid removed job=snapshot-panel pid=51940
2026-02-22T14:02:05Z stale pid removed job=index-feed-generators pid=56992
2026-02-22T14:07:06Z job_started job=snapshot-panel pid=58564 log=D:\BlueSky\data_v2_full\logs\manual_runs\snapshot-panel_20260222T140705Z.stdout.log
2026-02-22T14:07:07Z job_started job=index-feed-generators pid=20664 log=D:\BlueSky\data_v2_full\logs\manual_runs\index-feed-generators_20260222T140706Z.stdout.log
2026-02-22T14:07:08Z job_started job=hydrate-authors pid=50040 log=D:\BlueSky\data_v2_full\logs\manual_runs\hydrate-authors_20260222T140707Z.stdout.log
2026-02-22T14:08:08Z stale pid removed job=hydrate-authors pid=50040
2026-02-22T14:21:39Z stale pid removed job=snapshot-panel pid=58564
2026-02-22T15:02:12Z stale pid removed job=index-feed-generators pid=20664
2026-02-22T15:07:13Z job_started job=snapshot-panel pid=49860 log=D:\BlueSky\data_v2_full\logs\manual_runs\snapshot-panel_20260222T150712Z.stdout.log
2026-02-22T15:07:14Z job_started job=index-feed-generators pid=46964 log=D:\BlueSky\data_v2_full\logs\manual_runs\index-feed-generators_20260222T150713Z.stdout.log
2026-02-22T15:22:15Z stale pid removed job=snapshot-panel pid=49860
2026-02-22T16:02:18Z stale pid removed job=index-feed-generators pid=46964
2026-02-22T16:07:23Z job_started job=snapshot-panel pid=58592 log=D:\BlueSky\data_v2_full\logs\manual_runs\snapshot-panel_20260222T160718Z.stdout.log
2026-02-22T16:07:25Z job_started job=index-feed-generators pid=45160 log=D:\BlueSky\data_v2_full\logs\manual_runs\index-feed-generators_20260222T160723Z.stdout.log
2026-02-22T16:22:56Z stale pid removed job=snapshot-panel pid=58592
2026-02-22T17:02:28Z stale pid removed job=index-feed-generators pid=45160
2026-02-22T17:07:30Z job_started job=snapshot-panel pid=34436 log=D:\BlueSky\data_v2_full\logs\manual_runs\snapshot-panel_20260222T170728Z.stdout.log
2026-02-22T17:07:31Z job_started job=index-feed-generators pid=56396 log=D:\BlueSky\data_v2_full\logs\manual_runs\index-feed-generators_20260222T170730Z.stdout.log
2026-02-22T17:07:32Z job_started job=hydrate-authors pid=49100 log=D:\BlueSky\data_v2_full\logs\manual_runs\hydrate-authors_20260222T170731Z.stdout.log
2026-02-22T17:08:32Z stale pid removed job=hydrate-authors pid=49100
2026-02-22T17:23:03Z stale pid removed job=snapshot-panel pid=34436
2026-02-22T18:02:35Z stale pid removed job=index-feed-generators pid=56396
2026-02-22T18:07:37Z job_started job=snapshot-panel pid=4876 log=D:\BlueSky\data_v2_full\logs\manual_runs\snapshot-panel_20260222T180736Z.stdout.log
2026-02-22T18:07:38Z job_started job=index-feed-generators pid=58416 log=D:\BlueSky\data_v2_full\logs\manual_runs\index-feed-generators_20260222T180737Z.stdout.log
2026-02-22T18:23:09Z stale pid removed job=snapshot-panel pid=4876
2026-02-22T19:02:42Z stale pid removed job=index-feed-generators pid=58416
2026-02-22T19:07:43Z job_started job=snapshot-panel pid=53668 log=D:\BlueSky\data_v2_full\logs\manual_runs\snapshot-panel_20260222T190742Z.stdout.log
2026-02-22T19:07:44Z job_started job=index-feed-generators pid=48776 log=D:\BlueSky\data_v2_full\logs\manual_runs\index-feed-generators_20260222T190743Z.stdout.log
2026-02-22T19:23:45Z stale pid removed job=snapshot-panel pid=53668
2026-02-22T20:02:48Z stale pid removed job=index-feed-generators pid=48776
2026-02-22T20:07:49Z job_started job=snapshot-panel pid=5496 log=D:\BlueSky\data_v2_full\logs\manual_runs\snapshot-panel_20260222T200748Z.stdout.log
2026-02-22T20:07:50Z job_started job=index-feed-generators pid=55012 log=D:\BlueSky\data_v2_full\logs\manual_runs\index-feed-generators_20260222T200749Z.stdout.log
2026-02-22T20:07:51Z job_started job=hydrate-authors pid=48392 log=D:\BlueSky\data_v2_full\logs\manual_runs\hydrate-authors_20260222T200750Z.stdout.log
2026-02-22T20:08:51Z stale pid removed job=hydrate-authors pid=48392
2026-02-22T20:23:52Z stale pid removed job=snapshot-panel pid=5496
2026-02-22T21:02:55Z stale pid removed job=index-feed-generators pid=55012
2026-02-22T21:07:56Z job_started job=snapshot-panel pid=42304 log=D:\BlueSky\data_v2_full\logs\manual_runs\snapshot-panel_20260222T210755Z.stdout.log
2026-02-22T21:07:57Z job_started job=index-feed-generators pid=57268 log=D:\BlueSky\data_v2_full\logs\manual_runs\index-feed-generators_20260222T210756Z.stdout.log
2026-02-22T21:17:59Z job_started job=wide-sweep pid=18504 log=D:\BlueSky\data_v2_full\logs\manual_runs\wide-sweep_20260222T211758Z.stdout.log
2026-02-22T21:22:30Z stale pid removed job=snapshot-panel pid=42304
2026-02-22T22:03:03Z stale pid removed job=index-feed-generators pid=57268
2026-02-22T22:08:04Z job_started job=snapshot-panel pid=42968 log=D:\BlueSky\data_v2_full\logs\manual_runs\snapshot-panel_20260222T220803Z.stdout.log
2026-02-22T22:08:05Z job_started job=index-feed-generators pid=59016 log=D:\BlueSky\data_v2_full\logs\manual_runs\index-feed-generators_20260222T220804Z.stdout.log
2026-02-22T22:13:36Z stale pid removed job=wide-sweep pid=18504
2026-02-22T22:21:36Z stale pid removed job=snapshot-panel pid=42968
2026-02-22T23:03:09Z stale pid removed job=index-feed-generators pid=59016
2026-02-22T23:08:10Z job_started job=snapshot-panel pid=40996 log=D:\BlueSky\data_v2_full\logs\manual_runs\snapshot-panel_20260222T230809Z.stdout.log
2026-02-22T23:08:11Z job_started job=index-feed-generators pid=37992 log=D:\BlueSky\data_v2_full\logs\manual_runs\index-feed-generators_20260222T230810Z.stdout.log
2026-02-22T23:08:12Z job_started job=hydrate-authors pid=59344 log=D:\BlueSky\data_v2_full\logs\manual_runs\hydrate-authors_20260222T230811Z.stdout.log
2026-02-22T23:11:13Z stale pid removed job=hydrate-authors pid=59344
2026-02-22T23:23:14Z stale pid removed job=snapshot-panel pid=40996
2026-02-23T00:03:16Z stale pid removed job=index-feed-generators pid=37992
2026-02-23T00:08:18Z job_started job=snapshot-panel pid=35992 log=D:\BlueSky\data_v2_full\logs\manual_runs\snapshot-panel_20260223T000816Z.stdout.log
2026-02-23T00:08:19Z job_started job=index-feed-generators pid=3508 log=D:\BlueSky\data_v2_full\logs\manual_runs\index-feed-generators_20260223T000818Z.stdout.log
2026-02-23T00:22:50Z stale pid removed job=snapshot-panel pid=35992
2026-02-23T01:03:22Z stale pid removed job=index-feed-generators pid=3508
2026-02-23T01:08:24Z job_started job=snapshot-panel pid=49864 log=D:\BlueSky\data_v2_full\logs\manual_runs\snapshot-panel_20260223T010822Z.stdout.log
2026-02-23T01:08:25Z job_started job=index-feed-generators pid=44268 log=D:\BlueSky\data_v2_full\logs\manual_runs\index-feed-generators_20260223T010824Z.stdout.log
2026-02-23T01:23:56Z stale pid removed job=snapshot-panel pid=49864
2026-02-23T02:03:28Z stale pid removed job=index-feed-generators pid=44268
2026-02-23T02:08:30Z job_started job=snapshot-panel pid=53040 log=D:\BlueSky\data_v2_full\logs\manual_runs\snapshot-panel_20260223T020829Z.stdout.log
2026-02-23T02:08:31Z job_started job=index-feed-generators pid=42040 log=D:\BlueSky\data_v2_full\logs\manual_runs\index-feed-generators_20260223T020830Z.stdout.log
2026-02-23T02:08:32Z job_started job=hydrate-authors pid=55352 log=D:\BlueSky\data_v2_full\logs\manual_runs\hydrate-authors_20260223T020831Z.stdout.log
2026-02-23T02:09:32Z stale pid removed job=hydrate-authors pid=55352
2026-02-23T02:24:03Z stale pid removed job=snapshot-panel pid=53040
2026-02-23T03:03:36Z stale pid removed job=index-feed-generators pid=42040
2026-02-23T03:08:37Z job_started job=snapshot-panel pid=30112 log=D:\BlueSky\data_v2_full\logs\manual_runs\snapshot-panel_20260223T030836Z.stdout.log
2026-02-23T03:08:38Z job_started job=index-feed-generators pid=41536 log=D:\BlueSky\data_v2_full\logs\manual_runs\index-feed-generators_20260223T030837Z.stdout.log
2026-02-23T03:25:09Z stale pid removed job=snapshot-panel pid=30112
2026-02-23T04:03:42Z stale pid removed job=index-feed-generators pid=41536
2026-02-23T04:08:43Z job_started job=snapshot-panel pid=48960 log=D:\BlueSky\data_v2_full\logs\manual_runs\snapshot-panel_20260223T040842Z.stdout.log
2026-02-23T04:08:44Z job_started job=index-feed-generators pid=46944 log=D:\BlueSky\data_v2_full\logs\manual_runs\index-feed-generators_20260223T040843Z.stdout.log
2026-02-23T04:25:45Z stale pid removed job=snapshot-panel pid=48960
2026-02-23T05:03:48Z stale pid removed job=index-feed-generators pid=46944
2026-02-23T05:06:19Z job_started job=refresh-discovery pid=4876 log=D:\BlueSky\data_v2_full\logs\manual_runs\refresh-discovery_20260223T050618Z.stdout.log
2026-02-23T05:06:49Z stale pid removed job=refresh-discovery pid=4876
2026-02-23T05:08:50Z job_started job=snapshot-panel pid=37536 log=D:\BlueSky\data_v2_full\logs\manual_runs\snapshot-panel_20260223T050849Z.stdout.log
2026-02-23T05:08:51Z job_started job=index-feed-generators pid=4876 log=D:\BlueSky\data_v2_full\logs\manual_runs\index-feed-generators_20260223T050850Z.stdout.log
2026-02-23T05:08:52Z job_started job=hydrate-authors pid=57004 log=D:\BlueSky\data_v2_full\logs\manual_runs\hydrate-authors_20260223T050851Z.stdout.log
2026-02-23T05:09:22Z stale pid removed job=hydrate-authors pid=57004
2026-02-23T05:11:24Z job_started job=build-panel pid=43652 log=D:\BlueSky\data_v2_full\logs\manual_runs\build-panel_20260223T051122Z.stdout.log
2026-02-23T05:18:24Z stale pid removed job=build-panel pid=43652
2026-02-23T05:25:25Z stale pid removed job=snapshot-panel pid=37536
2026-02-23T06:03:57Z stale pid removed job=index-feed-generators pid=4876
2026-02-23T06:08:58Z job_started job=snapshot-panel pid=55300 log=D:\BlueSky\data_v2_full\logs\manual_runs\snapshot-panel_20260223T060857Z.stdout.log
2026-02-23T06:08:59Z job_started job=index-feed-generators pid=54444 log=D:\BlueSky\data_v2_full\logs\manual_runs\index-feed-generators_20260223T060858Z.stdout.log
2026-02-23T06:26:01Z stale pid removed job=snapshot-panel pid=55300
2026-02-23T07:04:03Z stale pid removed job=index-feed-generators pid=54444
2026-02-23T07:09:04Z job_started job=snapshot-panel pid=55604 log=D:\BlueSky\data_v2_full\logs\manual_runs\snapshot-panel_20260223T070903Z.stdout.log
2026-02-23T07:09:05Z job_started job=index-feed-generators pid=56248 log=D:\BlueSky\data_v2_full\logs\manual_runs\index-feed-generators_20260223T070904Z.stdout.log
2026-02-23T07:24:07Z stale pid removed job=snapshot-panel pid=55604
2026-02-23T08:04:09Z stale pid removed job=index-feed-generators pid=56248
2026-02-23T08:09:10Z job_started job=snapshot-panel pid=36980 log=D:\BlueSky\data_v2_full\logs\manual_runs\snapshot-panel_20260223T080909Z.stdout.log
2026-02-23T08:09:11Z job_started job=index-feed-generators pid=53872 log=D:\BlueSky\data_v2_full\logs\manual_runs\index-feed-generators_20260223T080910Z.stdout.log
2026-02-23T08:09:13Z job_started job=hydrate-authors pid=53752 log=D:\BlueSky\data_v2_full\logs\manual_runs\hydrate-authors_20260223T080911Z.stdout.log
2026-02-23T08:10:13Z stale pid removed job=hydrate-authors pid=53752
2026-02-23T08:23:44Z stale pid removed job=snapshot-panel pid=36980
2026-02-23T09:04:16Z stale pid removed job=index-feed-generators pid=53872
2026-02-23T09:09:18Z job_started job=snapshot-panel pid=31288 log=D:\BlueSky\data_v2_full\logs\manual_runs\snapshot-panel_20260223T090916Z.stdout.log
2026-02-23T09:09:19Z job_started job=index-feed-generators pid=44508 log=D:\BlueSky\data_v2_full\logs\manual_runs\index-feed-generators_20260223T090918Z.stdout.log
2026-02-23T09:24:20Z stale pid removed job=snapshot-panel pid=31288
2026-02-23T10:04:22Z stale pid removed job=index-feed-generators pid=44508
2026-02-23T10:09:24Z job_started job=snapshot-panel pid=49728 log=D:\BlueSky\data_v2_full\logs\manual_runs\snapshot-panel_20260223T100922Z.stdout.log
2026-02-23T10:09:25Z job_started job=index-feed-generators pid=52148 log=D:\BlueSky\data_v2_full\logs\manual_runs\index-feed-generators_20260223T100924Z.stdout.log
2026-02-23T10:24:26Z stale pid removed job=snapshot-panel pid=49728
2026-02-23T11:04:28Z stale pid removed job=index-feed-generators pid=52148
2026-02-23T11:09:30Z job_started job=snapshot-panel pid=53084 log=D:\BlueSky\data_v2_full\logs\manual_runs\snapshot-panel_20260223T110928Z.stdout.log
2026-02-23T11:09:31Z job_started job=index-feed-generators pid=58484 log=D:\BlueSky\data_v2_full\logs\manual_runs\index-feed-generators_20260223T110930Z.stdout.log
2026-02-23T11:09:32Z job_started job=hydrate-authors pid=43304 log=D:\BlueSky\data_v2_full\logs\manual_runs\hydrate-authors_20260223T110931Z.stdout.log
2026-02-23T11:10:02Z stale pid removed job=hydrate-authors pid=43304
2026-02-23T11:24:33Z stale pid removed job=snapshot-panel pid=53084
2026-02-23T12:04:35Z stale pid removed job=index-feed-generators pid=58484
2026-02-23T12:09:37Z job_started job=snapshot-panel pid=53884 log=D:\BlueSky\data_v2_full\logs\manual_runs\snapshot-panel_20260223T120936Z.stdout.log
2026-02-23T12:09:40Z job_started job=index-feed-generators pid=56380 log=D:\BlueSky\data_v2_full\logs\manual_runs\index-feed-generators_20260223T120937Z.stdout.log
2026-02-23T12:25:11Z stale pid removed job=snapshot-panel pid=53884
2026-02-23T13:04:43Z stale pid removed job=index-feed-generators pid=56380
2026-02-23T13:09:45Z job_started job=snapshot-panel pid=48612 log=D:\BlueSky\data_v2_full\logs\manual_runs\snapshot-panel_20260223T130944Z.stdout.log
2026-02-23T13:09:46Z job_started job=index-feed-generators pid=58800 log=D:\BlueSky\data_v2_full\logs\manual_runs\index-feed-generators_20260223T130945Z.stdout.log
2026-02-23T13:24:47Z stale pid removed job=snapshot-panel pid=48612
2026-02-23T14:04:49Z stale pid removed job=index-feed-generators pid=58800
2026-02-23T14:09:51Z job_started job=snapshot-panel pid=49608 log=D:\BlueSky\data_v2_full\logs\manual_runs\snapshot-panel_20260223T140950Z.stdout.log
2026-02-23T14:09:52Z job_started job=index-feed-generators pid=52080 log=D:\BlueSky\data_v2_full\logs\manual_runs\index-feed-generators_20260223T140951Z.stdout.log
2026-02-23T14:09:53Z job_started job=hydrate-authors pid=58136 log=D:\BlueSky\data_v2_full\logs\manual_runs\hydrate-authors_20260223T140952Z.stdout.log
2026-02-23T14:10:54Z stale pid removed job=hydrate-authors pid=58136
2026-02-23T14:25:25Z stale pid removed job=snapshot-panel pid=49608
2026-02-23T15:04:57Z stale pid removed job=index-feed-generators pid=52080
2026-02-23T15:09:58Z job_started job=snapshot-panel pid=59072 log=D:\BlueSky\data_v2_full\logs\manual_runs\snapshot-panel_20260223T150957Z.stdout.log
2026-02-23T15:09:59Z job_started job=index-feed-generators pid=55484 log=D:\BlueSky\data_v2_full\logs\manual_runs\index-feed-generators_20260223T150958Z.stdout.log
2026-02-23T15:26:01Z stale pid removed job=snapshot-panel pid=59072
2026-02-23T16:05:03Z stale pid removed job=index-feed-generators pid=55484
2026-02-23T16:10:04Z job_started job=snapshot-panel pid=3544 log=D:\BlueSky\data_v2_full\logs\manual_runs\snapshot-panel_20260223T161003Z.stdout.log
2026-02-23T16:10:05Z job_started job=index-feed-generators pid=33468 log=D:\BlueSky\data_v2_full\logs\manual_runs\index-feed-generators_20260223T161004Z.stdout.log
2026-02-23T16:25:07Z stale pid removed job=snapshot-panel pid=3544
2026-02-23T17:05:09Z stale pid removed job=index-feed-generators pid=33468
2026-02-23T17:10:10Z job_started job=snapshot-panel pid=59356 log=D:\BlueSky\data_v2_full\logs\manual_runs\snapshot-panel_20260223T171009Z.stdout.log
2026-02-23T17:10:11Z job_started job=index-feed-generators pid=49872 log=D:\BlueSky\data_v2_full\logs\manual_runs\index-feed-generators_20260223T171010Z.stdout.log
2026-02-23T17:10:13Z job_started job=hydrate-authors pid=56992 log=D:\BlueSky\data_v2_full\logs\manual_runs\hydrate-authors_20260223T171011Z.stdout.log
2026-02-23T17:11:13Z stale pid removed job=hydrate-authors pid=56992
2026-02-23T17:28:14Z stale pid removed job=snapshot-panel pid=59356
2026-02-23T18:05:16Z stale pid removed job=index-feed-generators pid=49872
2026-02-23T18:10:17Z job_started job=snapshot-panel pid=32432 log=D:\BlueSky\data_v2_full\logs\manual_runs\snapshot-panel_20260223T181016Z.stdout.log
2026-02-23T18:10:19Z job_started job=index-feed-generators pid=59156 log=D:\BlueSky\data_v2_full\logs\manual_runs\index-feed-generators_20260223T181017Z.stdout.log
2026-02-23T18:25:50Z stale pid removed job=snapshot-panel pid=32432
2026-02-23T19:05:22Z stale pid removed job=index-feed-generators pid=59156
2026-02-23T19:10:23Z job_started job=snapshot-panel pid=52504 log=D:\BlueSky\data_v2_full\logs\manual_runs\snapshot-panel_20260223T191022Z.stdout.log
2026-02-23T19:10:24Z job_started job=index-feed-generators pid=11560 log=D:\BlueSky\data_v2_full\logs\manual_runs\index-feed-generators_20260223T191023Z.stdout.log
2026-02-23T19:26:26Z stale pid removed job=snapshot-panel pid=52504
2026-02-23T20:05:28Z stale pid removed job=index-feed-generators pid=11560
2026-02-23T20:10:29Z job_started job=snapshot-panel pid=50736 log=D:\BlueSky\data_v2_full\logs\manual_runs\snapshot-panel_20260223T201028Z.stdout.log
2026-02-23T20:10:31Z job_started job=index-feed-generators pid=15320 log=D:\BlueSky\data_v2_full\logs\manual_runs\index-feed-generators_20260223T201029Z.stdout.log
2026-02-23T20:10:32Z job_started job=hydrate-authors pid=28024 log=D:\BlueSky\data_v2_full\logs\manual_runs\hydrate-authors_20260223T201031Z.stdout.log
2026-02-23T20:11:32Z stale pid removed job=hydrate-authors pid=28024
2026-02-23T20:26:33Z stale pid removed job=snapshot-panel pid=50736
2026-02-23T21:05:35Z stale pid removed job=index-feed-generators pid=15320
2026-02-23T21:10:37Z job_started job=snapshot-panel pid=6424 log=D:\BlueSky\data_v2_full\logs\manual_runs\snapshot-panel_20260223T211036Z.stdout.log
2026-02-23T21:10:38Z job_started job=index-feed-generators pid=47612 log=D:\BlueSky\data_v2_full\logs\manual_runs\index-feed-generators_20260223T211037Z.stdout.log
2026-02-23T21:18:09Z job_started job=wide-sweep pid=55676 log=D:\BlueSky\data_v2_full\logs\manual_runs\wide-sweep_20260223T211808Z.stdout.log
2026-02-23T21:27:10Z stale pid removed job=snapshot-panel pid=6424
2026-02-23T22:00:43Z stale pid removed job=wide-sweep pid=55676
2026-02-23T22:05:43Z stale pid removed job=index-feed-generators pid=47612
2026-02-23T22:10:45Z job_started job=snapshot-panel pid=10856 log=D:\BlueSky\data_v2_full\logs\manual_runs\snapshot-panel_20260223T221044Z.stdout.log
2026-02-23T22:10:46Z job_started job=index-feed-generators pid=59520 log=D:\BlueSky\data_v2_full\logs\manual_runs\index-feed-generators_20260223T221045Z.stdout.log
2026-02-23T22:29:17Z stale pid removed job=snapshot-panel pid=10856
2026-02-23T23:05:50Z stale pid removed job=index-feed-generators pid=59520
2026-02-23T23:10:51Z job_started job=snapshot-panel pid=52456 log=D:\BlueSky\data_v2_full\logs\manual_runs\snapshot-panel_20260223T231050Z.stdout.log
2026-02-23T23:10:52Z job_started job=index-feed-generators pid=52124 log=D:\BlueSky\data_v2_full\logs\manual_runs\index-feed-generators_20260223T231051Z.stdout.log
2026-02-23T23:10:53Z job_started job=hydrate-authors pid=16452 log=D:\BlueSky\data_v2_full\logs\manual_runs\hydrate-authors_20260223T231052Z.stdout.log
2026-02-23T23:12:53Z stale pid removed job=hydrate-authors pid=16452
2026-02-23T23:26:54Z stale pid removed job=snapshot-panel pid=52456
2026-02-24T00:05:57Z stale pid removed job=index-feed-generators pid=52124
2026-02-24T00:10:58Z job_started job=snapshot-panel pid=59904 log=D:\BlueSky\data_v2_full\logs\manual_runs\snapshot-panel_20260224T001057Z.stdout.log
2026-02-24T00:10:59Z job_started job=index-feed-generators pid=39128 log=D:\BlueSky\data_v2_full\logs\manual_runs\index-feed-generators_20260224T001058Z.stdout.log
2026-02-24T00:27:00Z stale pid removed job=snapshot-panel pid=59904
2026-02-24T01:06:03Z stale pid removed job=index-feed-generators pid=39128
2026-02-24T01:11:04Z job_started job=snapshot-panel pid=49268 log=D:\BlueSky\data_v2_full\logs\manual_runs\snapshot-panel_20260224T011103Z.stdout.log
2026-02-24T01:11:05Z job_started job=index-feed-generators pid=48876 log=D:\BlueSky\data_v2_full\logs\manual_runs\index-feed-generators_20260224T011104Z.stdout.log
2026-02-24T01:28:07Z stale pid removed job=snapshot-panel pid=49268
2026-02-24T02:06:09Z stale pid removed job=index-feed-generators pid=48876
2026-02-24T02:11:10Z job_started job=snapshot-panel pid=59912 log=D:\BlueSky\data_v2_full\logs\manual_runs\snapshot-panel_20260224T021109Z.stdout.log
2026-02-24T02:11:11Z job_started job=index-feed-generators pid=56596 log=D:\BlueSky\data_v2_full\logs\manual_runs\index-feed-generators_20260224T021110Z.stdout.log
2026-02-24T02:11:12Z job_started job=hydrate-authors pid=24244 log=D:\BlueSky\data_v2_full\logs\manual_runs\hydrate-authors_20260224T021111Z.stdout.log
2026-02-24T02:11:42Z stale pid removed job=hydrate-authors pid=24244
2026-02-24T02:27:44Z stale pid removed job=snapshot-panel pid=59912
2026-02-24T03:06:16Z stale pid removed job=index-feed-generators pid=56596
2026-02-24T03:11:17Z job_started job=snapshot-panel pid=54596 log=D:\BlueSky\data_v2_full\logs\manual_runs\snapshot-panel_20260224T031116Z.stdout.log
2026-02-24T03:11:18Z job_started job=index-feed-generators pid=42708 log=D:\BlueSky\data_v2_full\logs\manual_runs\index-feed-generators_20260224T031117Z.stdout.log
2026-02-24T03:27:20Z stale pid removed job=snapshot-panel pid=54596
2026-02-24T04:06:22Z stale pid removed job=index-feed-generators pid=42708
2026-02-24T04:11:23Z job_started job=snapshot-panel pid=47612 log=D:\BlueSky\data_v2_full\logs\manual_runs\snapshot-panel_20260224T041122Z.stdout.log
2026-02-24T04:11:24Z job_started job=index-feed-generators pid=59000 log=D:\BlueSky\data_v2_full\logs\manual_runs\index-feed-generators_20260224T041123Z.stdout.log
2026-02-24T04:26:26Z stale pid removed job=snapshot-panel pid=47612
2026-02-24T05:06:28Z stale pid removed job=index-feed-generators pid=59000
2026-02-24T05:06:29Z job_started job=refresh-discovery pid=59068 log=D:\BlueSky\data_v2_full\logs\manual_runs\refresh-discovery_20260224T050628Z.stdout.log
2026-02-24T05:06:59Z stale pid removed job=refresh-discovery pid=59068
2026-02-24T05:11:31Z job_started job=snapshot-panel pid=57492 log=D:\BlueSky\data_v2_full\logs\manual_runs\snapshot-panel_20260224T051129Z.stdout.log
2026-02-24T05:11:32Z job_started job=index-feed-generators pid=46948 log=D:\BlueSky\data_v2_full\logs\manual_runs\index-feed-generators_20260224T051131Z.stdout.log
2026-02-24T05:11:33Z job_started job=hydrate-authors pid=37368 log=D:\BlueSky\data_v2_full\logs\manual_runs\hydrate-authors_20260224T051132Z.stdout.log
2026-02-24T05:11:34Z job_started job=build-panel pid=54960 log=D:\BlueSky\data_v2_full\logs\manual_runs\build-panel_20260224T051133Z.stdout.log
2026-02-24T05:12:04Z stale pid removed job=hydrate-authors pid=37368
2026-02-24T05:18:35Z stale pid removed job=build-panel pid=54960
2026-02-24T05:24:05Z stale pid removed job=snapshot-panel pid=57492
2026-02-24T06:06:38Z stale pid removed job=index-feed-generators pid=46948
2026-02-24T06:11:39Z job_started job=snapshot-panel pid=59680 log=D:\BlueSky\data_v2_full\logs\manual_runs\snapshot-panel_20260224T061138Z.stdout.log
2026-02-24T06:11:40Z job_started job=index-feed-generators pid=54856 log=D:\BlueSky\data_v2_full\logs\manual_runs\index-feed-generators_20260224T061139Z.stdout.log
2026-02-24T06:27:11Z stale pid removed job=snapshot-panel pid=59680
2026-02-24T07:06:44Z stale pid removed job=index-feed-generators pid=54856
2026-02-24T07:11:45Z job_started job=snapshot-panel pid=46492 log=D:\BlueSky\data_v2_full\logs\manual_runs\snapshot-panel_20260224T071144Z.stdout.log
2026-02-24T07:11:46Z job_started job=index-feed-generators pid=57616 log=D:\BlueSky\data_v2_full\logs\manual_runs\index-feed-generators_20260224T071145Z.stdout.log
2026-02-24T07:27:18Z stale pid removed job=snapshot-panel pid=46492
2026-02-24T08:06:50Z stale pid removed job=index-feed-generators pid=57616
2026-02-24T08:11:51Z job_started job=snapshot-panel pid=46224 log=D:\BlueSky\data_v2_full\logs\manual_runs\snapshot-panel_20260224T081150Z.stdout.log
2026-02-24T08:11:52Z job_started job=index-feed-generators pid=59428 log=D:\BlueSky\data_v2_full\logs\manual_runs\index-feed-generators_20260224T081151Z.stdout.log
2026-02-24T08:11:53Z job_started job=hydrate-authors pid=43180 log=D:\BlueSky\data_v2_full\logs\manual_runs\hydrate-authors_20260224T081152Z.stdout.log
2026-02-24T08:12:53Z stale pid removed job=hydrate-authors pid=43180
2026-02-24T08:27:25Z stale pid removed job=snapshot-panel pid=46224
2026-02-24T09:07:27Z stale pid removed job=index-feed-generators pid=59428
2026-02-24T09:11:58Z job_started job=snapshot-panel pid=48832 log=D:\BlueSky\data_v2_full\logs\manual_runs\snapshot-panel_20260224T091157Z.stdout.log
2026-02-24T09:11:59Z job_started job=index-feed-generators pid=55816 log=D:\BlueSky\data_v2_full\logs\manual_runs\index-feed-generators_20260224T091158Z.stdout.log
2026-02-24T09:27:31Z stale pid removed job=snapshot-panel pid=48832
2026-02-24T10:07:03Z stale pid removed job=index-feed-generators pid=55816
2026-02-24T10:12:04Z job_started job=snapshot-panel pid=55504 log=D:\BlueSky\data_v2_full\logs\manual_runs\snapshot-panel_20260224T101203Z.stdout.log
2026-02-24T10:12:06Z job_started job=index-feed-generators pid=43728 log=D:\BlueSky\data_v2_full\logs\manual_runs\index-feed-generators_20260224T101204Z.stdout.log
2026-02-24T10:28:07Z stale pid removed job=snapshot-panel pid=55504
2026-02-24T11:07:09Z stale pid removed job=index-feed-generators pid=43728
2026-02-24T11:12:10Z job_started job=snapshot-panel pid=59460 log=D:\BlueSky\data_v2_full\logs\manual_runs\snapshot-panel_20260224T111209Z.stdout.log
2026-02-24T11:12:12Z job_started job=index-feed-generators pid=60312 log=D:\BlueSky\data_v2_full\logs\manual_runs\index-feed-generators_20260224T111210Z.stdout.log
2026-02-24T11:12:13Z job_started job=hydrate-authors pid=36924 log=D:\BlueSky\data_v2_full\logs\manual_runs\hydrate-authors_20260224T111212Z.stdout.log
2026-02-24T11:12:43Z stale pid removed job=hydrate-authors pid=36924
2026-02-24T11:27:44Z stale pid removed job=snapshot-panel pid=59460
2026-02-24T12:07:17Z stale pid removed job=index-feed-generators pid=60312
2026-02-24T12:12:18Z job_started job=snapshot-panel pid=10024 log=D:\BlueSky\data_v2_full\logs\manual_runs\snapshot-panel_20260224T121217Z.stdout.log
2026-02-24T12:12:19Z job_started job=index-feed-generators pid=55164 log=D:\BlueSky\data_v2_full\logs\manual_runs\index-feed-generators_20260224T121218Z.stdout.log
2026-02-24T12:27:50Z stale pid removed job=snapshot-panel pid=10024
2026-02-24T13:07:23Z stale pid removed job=index-feed-generators pid=55164
2026-02-24T13:12:24Z job_started job=snapshot-panel pid=59112 log=D:\BlueSky\data_v2_full\logs\manual_runs\snapshot-panel_20260224T131223Z.stdout.log
2026-02-24T13:12:25Z job_started job=index-feed-generators pid=52820 log=D:\BlueSky\data_v2_full\logs\manual_runs\index-feed-generators_20260224T131224Z.stdout.log
2026-02-24T13:27:56Z stale pid removed job=snapshot-panel pid=59112
2026-02-24T14:07:29Z stale pid removed job=index-feed-generators pid=52820
2026-02-24T14:12:30Z job_started job=snapshot-panel pid=58512 log=D:\BlueSky\data_v2_full\logs\manual_runs\snapshot-panel_20260224T141229Z.stdout.log
2026-02-24T14:12:31Z job_started job=index-feed-generators pid=58976 log=D:\BlueSky\data_v2_full\logs\manual_runs\index-feed-generators_20260224T141230Z.stdout.log
2026-02-24T14:12:32Z job_started job=hydrate-authors pid=59724 log=D:\BlueSky\data_v2_full\logs\manual_runs\hydrate-authors_20260224T141231Z.stdout.log
2026-02-24T14:13:02Z stale pid removed job=hydrate-authors pid=59724
2026-02-24T14:27:33Z stale pid removed job=snapshot-panel pid=58512
2026-02-24T15:07:36Z stale pid removed job=index-feed-generators pid=58976
2026-02-24T15:12:37Z job_started job=snapshot-panel pid=45932 log=D:\BlueSky\data_v2_full\logs\manual_runs\snapshot-panel_20260224T151236Z.stdout.log
2026-02-24T15:12:38Z job_started job=index-feed-generators pid=37168 log=D:\BlueSky\data_v2_full\logs\manual_runs\index-feed-generators_20260224T151237Z.stdout.log
2026-02-24T15:28:09Z stale pid removed job=snapshot-panel pid=45932
2026-02-24T16:07:42Z stale pid removed job=index-feed-generators pid=37168
2026-02-24T16:12:43Z job_started job=snapshot-panel pid=57780 log=D:\BlueSky\data_v2_full\logs\manual_runs\snapshot-panel_20260224T161242Z.stdout.log
2026-02-24T16:12:44Z job_started job=index-feed-generators pid=28388 log=D:\BlueSky\data_v2_full\logs\manual_runs\index-feed-generators_20260224T161243Z.stdout.log
2026-02-24T16:28:46Z stale pid removed job=snapshot-panel pid=57780
2026-02-24T17:07:48Z stale pid removed job=index-feed-generators pid=28388
2026-02-24T17:12:49Z job_started job=snapshot-panel pid=59016 log=D:\BlueSky\data_v2_full\logs\manual_runs\snapshot-panel_20260224T171248Z.stdout.log
2026-02-24T17:12:50Z job_started job=index-feed-generators pid=32432 log=D:\BlueSky\data_v2_full\logs\manual_runs\index-feed-generators_20260224T171249Z.stdout.log
2026-02-24T17:12:52Z job_started job=hydrate-authors pid=33428 log=D:\BlueSky\data_v2_full\logs\manual_runs\hydrate-authors_20260224T171250Z.stdout.log
2026-02-24T17:13:52Z stale pid removed job=hydrate-authors pid=33428
2026-02-24T17:29:23Z stale pid removed job=snapshot-panel pid=59016
2026-02-24T18:07:55Z stale pid removed job=index-feed-generators pid=32432
2026-02-24T18:12:57Z job_started job=snapshot-panel pid=34848 log=D:\BlueSky\data_v2_full\logs\manual_runs\snapshot-panel_20260224T181255Z.stdout.log
2026-02-24T18:12:58Z job_started job=index-feed-generators pid=55720 log=D:\BlueSky\data_v2_full\logs\manual_runs\index-feed-generators_20260224T181257Z.stdout.log
2026-02-24T18:30:29Z stale pid removed job=snapshot-panel pid=34848
2026-02-24T19:08:01Z stale pid removed job=index-feed-generators pid=55720
2026-02-24T19:13:03Z job_started job=snapshot-panel pid=59804 log=D:\BlueSky\data_v2_full\logs\manual_runs\snapshot-panel_20260224T191302Z.stdout.log
2026-02-24T19:13:04Z job_started job=index-feed-generators pid=27568 log=D:\BlueSky\data_v2_full\logs\manual_runs\index-feed-generators_20260224T191303Z.stdout.log
2026-02-24T19:30:35Z stale pid removed job=snapshot-panel pid=59804
2026-02-24T20:08:07Z stale pid removed job=index-feed-generators pid=27568
2026-02-24T20:13:09Z job_started job=snapshot-panel pid=24920 log=D:\BlueSky\data_v2_full\logs\manual_runs\snapshot-panel_20260224T201308Z.stdout.log
2026-02-24T20:13:10Z job_started job=index-feed-generators pid=52364 log=D:\BlueSky\data_v2_full\logs\manual_runs\index-feed-generators_20260224T201309Z.stdout.log
2026-02-24T20:13:11Z job_started job=hydrate-authors pid=37360 log=D:\BlueSky\data_v2_full\logs\manual_runs\hydrate-authors_20260224T201310Z.stdout.log
2026-02-24T20:14:11Z stale pid removed job=hydrate-authors pid=37360
2026-02-24T20:36:43Z stale pid removed job=snapshot-panel pid=24920
2026-02-24T21:08:15Z stale pid removed job=index-feed-generators pid=52364
2026-02-24T21:13:16Z job_started job=snapshot-panel pid=48616 log=D:\BlueSky\data_v2_full\logs\manual_runs\snapshot-panel_20260224T211315Z.stdout.log
2026-02-24T21:13:17Z job_started job=index-feed-generators pid=41008 log=D:\BlueSky\data_v2_full\logs\manual_runs\index-feed-generators_20260224T211316Z.stdout.log
2026-02-24T21:18:19Z job_started job=wide-sweep pid=59980 log=D:\BlueSky\data_v2_full\logs\manual_runs\wide-sweep_20260224T211818Z.stdout.log
2026-02-24T21:29:20Z stale pid removed job=snapshot-panel pid=48616
2026-02-24T21:54:52Z stale pid removed job=wide-sweep pid=59980
2026-02-24T22:08:23Z stale pid removed job=index-feed-generators pid=41008
2026-02-24T22:13:24Z job_started job=snapshot-panel pid=40788 log=D:\BlueSky\data_v2_full\logs\manual_runs\snapshot-panel_20260224T221323Z.stdout.log
2026-02-24T22:13:25Z job_started job=index-feed-generators pid=42708 log=D:\BlueSky\data_v2_full\logs\manual_runs\index-feed-generators_20260224T221324Z.stdout.log
2026-02-24T22:29:57Z stale pid removed job=snapshot-panel pid=40788
2026-02-24T23:08:29Z stale pid removed job=index-feed-generators pid=42708
2026-02-24T23:13:37Z job_started job=snapshot-panel pid=60320 log=D:\BlueSky\data_v2_full\logs\manual_runs\snapshot-panel_20260224T231331Z.stdout.log
2026-02-24T23:13:38Z job_started job=index-feed-generators pid=52380 log=D:\BlueSky\data_v2_full\logs\manual_runs\index-feed-generators_20260224T231337Z.stdout.log
2026-02-24T23:13:39Z job_started job=hydrate-authors pid=63424 log=D:\BlueSky\data_v2_full\logs\manual_runs\hydrate-authors_20260224T231338Z.stdout.log
2026-02-24T23:15:39Z stale pid removed job=hydrate-authors pid=63424
2026-02-24T23:30:10Z stale pid removed job=snapshot-panel pid=60320
2026-02-25T00:08:43Z stale pid removed job=index-feed-generators pid=52380
2026-02-25T00:13:44Z job_started job=snapshot-panel pid=52504 log=D:\BlueSky\data_v2_full\logs\manual_runs\snapshot-panel_20260225T001343Z.stdout.log
2026-02-25T00:13:45Z job_started job=index-feed-generators pid=61020 log=D:\BlueSky\data_v2_full\logs\manual_runs\index-feed-generators_20260225T001344Z.stdout.log
2026-02-25T00:30:46Z stale pid removed job=snapshot-panel pid=52504
2026-02-25T01:08:49Z stale pid removed job=index-feed-generators pid=61020
2026-02-25T01:13:55Z job_started job=snapshot-panel pid=62820 log=D:\BlueSky\data_v2_full\logs\manual_runs\snapshot-panel_20260225T011349Z.stdout.log
2026-02-25T01:13:56Z job_started job=index-feed-generators pid=53936 log=D:\BlueSky\data_v2_full\logs\manual_runs\index-feed-generators_20260225T011355Z.stdout.log
2026-02-25T01:29:58Z stale pid removed job=snapshot-panel pid=62820
2026-02-25T02:09:00Z stale pid removed job=index-feed-generators pid=53936
2026-02-25T02:14:05Z job_started job=snapshot-panel pid=62296 log=D:\BlueSky\data_v2_full\logs\manual_runs\snapshot-panel_20260225T021404Z.stdout.log
2026-02-25T02:14:06Z job_started job=index-feed-generators pid=56740 log=D:\BlueSky\data_v2_full\logs\manual_runs\index-feed-generators_20260225T021405Z.stdout.log
2026-02-25T02:14:07Z job_started job=hydrate-authors pid=63028 log=D:\BlueSky\data_v2_full\logs\manual_runs\hydrate-authors_20260225T021406Z.stdout.log
2026-02-25T02:15:07Z stale pid removed job=hydrate-authors pid=63028
2026-02-25T02:30:38Z stale pid removed job=snapshot-panel pid=62296
2026-02-25T03:09:11Z stale pid removed job=index-feed-generators pid=56740
2026-02-25T03:14:12Z job_started job=snapshot-panel pid=42820 log=D:\BlueSky\data_v2_full\logs\manual_runs\snapshot-panel_20260225T031411Z.stdout.log
2026-02-25T03:14:13Z job_started job=index-feed-generators pid=42828 log=D:\BlueSky\data_v2_full\logs\manual_runs\index-feed-generators_20260225T031412Z.stdout.log
2026-02-25T03:30:44Z stale pid removed job=snapshot-panel pid=42820
2026-02-25T04:09:17Z stale pid removed job=index-feed-generators pid=42828
2026-02-25T04:14:18Z job_started job=snapshot-panel pid=59848 log=D:\BlueSky\data_v2_full\logs\manual_runs\snapshot-panel_20260225T041417Z.stdout.log
2026-02-25T04:14:19Z job_started job=index-feed-generators pid=61252 log=D:\BlueSky\data_v2_full\logs\manual_runs\index-feed-generators_20260225T041418Z.stdout.log
2026-02-25T04:32:51Z stale pid removed job=snapshot-panel pid=59848
2026-02-25T05:06:54Z job_started job=refresh-discovery pid=53252 log=D:\BlueSky\data_v2_full\logs\manual_runs\refresh-discovery_20260225T050653Z.stdout.log
2026-02-25T05:07:24Z stale pid removed job=refresh-discovery pid=53252
2026-02-25T05:09:24Z stale pid removed job=index-feed-generators pid=61252
2026-02-25T05:11:55Z job_started job=build-panel pid=60188 log=D:\BlueSky\data_v2_full\logs\manual_runs\build-panel_20260225T051154Z.stdout.log
2026-02-25T05:14:26Z job_started job=snapshot-panel pid=62236 log=D:\BlueSky\data_v2_full\logs\manual_runs\snapshot-panel_20260225T051425Z.stdout.log
2026-02-25T05:14:27Z job_started job=index-feed-generators pid=55408 log=D:\BlueSky\data_v2_full\logs\manual_runs\index-feed-generators_20260225T051426Z.stdout.log
2026-02-25T05:14:29Z job_started job=hydrate-authors pid=63308 log=D:\BlueSky\data_v2_full\logs\manual_runs\hydrate-authors_20260225T051427Z.stdout.log
2026-02-25T05:14:59Z stale pid removed job=hydrate-authors pid=63308
2026-02-25T05:17:59Z stale pid removed job=build-panel pid=60188
2026-02-25T05:27:00Z stale pid removed job=snapshot-panel pid=62236
2026-02-25T06:09:32Z stale pid removed job=index-feed-generators pid=55408
2026-02-25T06:14:34Z job_started job=snapshot-panel pid=38252 log=D:\BlueSky\data_v2_full\logs\manual_runs\snapshot-panel_20260225T061433Z.stdout.log
2026-02-25T06:14:35Z job_started job=index-feed-generators pid=63192 log=D:\BlueSky\data_v2_full\logs\manual_runs\index-feed-generators_20260225T061434Z.stdout.log
2026-02-25T06:31:06Z stale pid removed job=snapshot-panel pid=38252
2026-02-25T07:09:39Z stale pid removed job=index-feed-generators pid=63192
2026-02-25T07:14:40Z job_started job=snapshot-panel pid=57952 log=D:\BlueSky\data_v2_full\logs\manual_runs\snapshot-panel_20260225T071439Z.stdout.log
2026-02-25T07:14:41Z job_started job=index-feed-generators pid=63256 log=D:\BlueSky\data_v2_full\logs\manual_runs\index-feed-generators_20260225T071440Z.stdout.log
2026-02-25T07:29:42Z stale pid removed job=snapshot-panel pid=57952
2026-02-25T08:09:45Z stale pid removed job=index-feed-generators pid=63256
2026-02-25T08:14:46Z job_started job=snapshot-panel pid=56596 log=D:\BlueSky\data_v2_full\logs\manual_runs\snapshot-panel_20260225T081445Z.stdout.log
2026-02-25T08:14:47Z job_started job=index-feed-generators pid=42376 log=D:\BlueSky\data_v2_full\logs\manual_runs\index-feed-generators_20260225T081446Z.stdout.log
2026-02-25T08:14:48Z job_started job=hydrate-authors pid=59536 log=D:\BlueSky\data_v2_full\logs\manual_runs\hydrate-authors_20260225T081447Z.stdout.log
2026-02-25T08:15:19Z stale pid removed job=hydrate-authors pid=59536
2026-02-25T08:30:20Z stale pid removed job=snapshot-panel pid=56596
2026-02-25T09:09:52Z stale pid removed job=index-feed-generators pid=42376
2026-02-25T09:14:54Z job_started job=snapshot-panel pid=62700 log=D:\BlueSky\data_v2_full\logs\manual_runs\snapshot-panel_20260225T091452Z.stdout.log
2026-02-25T09:14:55Z job_started job=index-feed-generators pid=52300 log=D:\BlueSky\data_v2_full\logs\manual_runs\index-feed-generators_20260225T091454Z.stdout.log
2026-02-25T09:30:26Z stale pid removed job=snapshot-panel pid=62700
2026-02-25T10:09:58Z stale pid removed job=index-feed-generators pid=52300
2026-02-25T10:15:00Z job_started job=snapshot-panel pid=47368 log=D:\BlueSky\data_v2_full\logs\manual_runs\snapshot-panel_20260225T101459Z.stdout.log
2026-02-25T10:15:01Z job_started job=index-feed-generators pid=60700 log=D:\BlueSky\data_v2_full\logs\manual_runs\index-feed-generators_20260225T101500Z.stdout.log
2026-02-25T10:30:32Z stale pid removed job=snapshot-panel pid=47368
2026-02-25T11:10:05Z stale pid removed job=index-feed-generators pid=60700
2026-02-25T11:15:06Z job_started job=snapshot-panel pid=42784 log=D:\BlueSky\data_v2_full\logs\manual_runs\snapshot-panel_20260225T111505Z.stdout.log
2026-02-25T11:15:07Z job_started job=index-feed-generators pid=59408 log=D:\BlueSky\data_v2_full\logs\manual_runs\index-feed-generators_20260225T111506Z.stdout.log
2026-02-25T11:15:08Z job_started job=hydrate-authors pid=60940 log=D:\BlueSky\data_v2_full\logs\manual_runs\hydrate-authors_20260225T111507Z.stdout.log
2026-02-25T11:15:38Z stale pid removed job=hydrate-authors pid=60940
2026-02-25T11:31:09Z stale pid removed job=snapshot-panel pid=42784
2026-02-25T12:10:12Z stale pid removed job=index-feed-generators pid=59408
2026-02-25T12:15:13Z job_started job=snapshot-panel pid=53760 log=D:\BlueSky\data_v2_full\logs\manual_runs\snapshot-panel_20260225T121512Z.stdout.log
2026-02-25T12:15:14Z job_started job=index-feed-generators pid=59788 log=D:\BlueSky\data_v2_full\logs\manual_runs\index-feed-generators_20260225T121513Z.stdout.log
2026-02-25T12:30:45Z stale pid removed job=snapshot-panel pid=53760
2026-02-25T13:10:18Z stale pid removed job=index-feed-generators pid=59788
2026-02-25T13:15:20Z job_started job=snapshot-panel pid=60192 log=D:\BlueSky\data_v2_full\logs\manual_runs\snapshot-panel_20260225T131518Z.stdout.log
2026-02-25T13:15:21Z job_started job=index-feed-generators pid=43112 log=D:\BlueSky\data_v2_full\logs\manual_runs\index-feed-generators_20260225T131520Z.stdout.log
2026-02-25T13:31:53Z stale pid removed job=snapshot-panel pid=60192
2026-02-25T14:10:25Z stale pid removed job=index-feed-generators pid=43112
2026-02-25T14:15:26Z job_started job=snapshot-panel pid=62736 log=D:\BlueSky\data_v2_full\logs\manual_runs\snapshot-panel_20260225T141525Z.stdout.log
2026-02-25T14:15:27Z job_started job=index-feed-generators pid=51884 log=D:\BlueSky\data_v2_full\logs\manual_runs\index-feed-generators_20260225T141526Z.stdout.log
2026-02-25T14:15:28Z job_started job=hydrate-authors pid=60956 log=D:\BlueSky\data_v2_full\logs\manual_runs\hydrate-authors_20260225T141527Z.stdout.log
2026-02-25T14:15:59Z stale pid removed job=hydrate-authors pid=60956
2026-02-25T14:31:00Z stale pid removed job=snapshot-panel pid=62736
2026-02-25T15:10:32Z stale pid removed job=index-feed-generators pid=51884
2026-02-25T15:15:34Z job_started job=snapshot-panel pid=59956 log=D:\BlueSky\data_v2_full\logs\manual_runs\snapshot-panel_20260225T151533Z.stdout.log
2026-02-25T15:15:35Z job_started job=index-feed-generators pid=56024 log=D:\BlueSky\data_v2_full\logs\manual_runs\index-feed-generators_20260225T151534Z.stdout.log
2026-02-25T15:32:06Z stale pid removed job=snapshot-panel pid=59956
2026-02-25T16:10:38Z stale pid removed job=index-feed-generators pid=56024
2026-02-25T16:15:42Z job_started job=snapshot-panel pid=56096 log=D:\BlueSky\data_v2_full\logs\manual_runs\snapshot-panel_20260225T161539Z.stdout.log
2026-02-25T16:15:43Z job_started job=index-feed-generators pid=61320 log=D:\BlueSky\data_v2_full\logs\manual_runs\index-feed-generators_20260225T161542Z.stdout.log
2026-02-25T16:33:14Z stale pid removed job=snapshot-panel pid=56096
2026-02-25T17:10:47Z stale pid removed job=index-feed-generators pid=61320
2026-02-25T17:15:48Z job_started job=snapshot-panel pid=62264 log=D:\BlueSky\data_v2_full\logs\manual_runs\snapshot-panel_20260225T171547Z.stdout.log
2026-02-25T17:15:49Z job_started job=index-feed-generators pid=27608 log=D:\BlueSky\data_v2_full\logs\manual_runs\index-feed-generators_20260225T171548Z.stdout.log
2026-02-25T17:15:50Z job_started job=hydrate-authors pid=60528 log=D:\BlueSky\data_v2_full\logs\manual_runs\hydrate-authors_20260225T171549Z.stdout.log
2026-02-25T17:16:20Z stale pid removed job=hydrate-authors pid=60528
2026-02-25T17:30:51Z stale pid removed job=snapshot-panel pid=62264
2026-02-25T18:10:54Z stale pid removed job=index-feed-generators pid=27608
2026-02-25T18:15:55Z job_started job=snapshot-panel pid=61588 log=D:\BlueSky\data_v2_full\logs\manual_runs\snapshot-panel_20260225T181554Z.stdout.log
2026-02-25T18:15:56Z job_started job=index-feed-generators pid=12836 log=D:\BlueSky\data_v2_full\logs\manual_runs\index-feed-generators_20260225T181555Z.stdout.log
2026-02-25T18:30:57Z stale pid removed job=snapshot-panel pid=61588
2026-02-25T19:11:00Z stale pid removed job=index-feed-generators pid=12836
2026-02-25T19:16:01Z job_started job=snapshot-panel pid=56316 log=D:\BlueSky\data_v2_full\logs\manual_runs\snapshot-panel_20260225T191600Z.stdout.log
2026-02-25T19:16:06Z job_started job=index-feed-generators pid=45640 log=D:\BlueSky\data_v2_full\logs\manual_runs\index-feed-generators_20260225T191601Z.stdout.log
2026-02-25T19:31:37Z stale pid removed job=snapshot-panel pid=56316
2026-02-25T20:11:10Z stale pid removed job=index-feed-generators pid=45640
2026-02-25T20:16:17Z job_started job=snapshot-panel pid=53540 log=D:\BlueSky\data_v2_full\logs\manual_runs\snapshot-panel_20260225T201610Z.stdout.log
2026-02-25T20:16:19Z job_started job=index-feed-generators pid=57412 log=D:\BlueSky\data_v2_full\logs\manual_runs\index-feed-generators_20260225T201617Z.stdout.log
2026-02-25T20:16:20Z job_started job=hydrate-authors pid=31480 log=D:\BlueSky\data_v2_full\logs\manual_runs\hydrate-authors_20260225T201619Z.stdout.log
2026-02-25T20:17:20Z stale pid removed job=hydrate-authors pid=31480
2026-02-25T20:32:21Z stale pid removed job=snapshot-panel pid=53540
2026-02-25T21:11:23Z stale pid removed job=index-feed-generators pid=57412
2026-02-25T21:16:27Z job_started job=snapshot-panel pid=60596 log=D:\BlueSky\data_v2_full\logs\manual_runs\snapshot-panel_20260225T211624Z.stdout.log
2026-02-25T21:16:28Z job_started job=index-feed-generators pid=63260 log=D:\BlueSky\data_v2_full\logs\manual_runs\index-feed-generators_20260225T211627Z.stdout.log
2026-02-25T21:18:30Z job_started job=wide-sweep pid=37192 log=D:\BlueSky\data_v2_full\logs\manual_runs\wide-sweep_20260225T211829Z.stdout.log
2026-02-25T21:32:31Z stale pid removed job=snapshot-panel pid=60596
2026-02-25T21:54:03Z stale pid removed job=wide-sweep pid=37192
2026-02-25T22:11:34Z stale pid removed job=index-feed-generators pid=63260
2026-02-25T22:16:35Z job_started job=snapshot-panel pid=62424 log=D:\BlueSky\data_v2_full\logs\manual_runs\snapshot-panel_20260225T221634Z.stdout.log
2026-02-25T22:16:36Z job_started job=index-feed-generators pid=6604 log=D:\BlueSky\data_v2_full\logs\manual_runs\index-feed-generators_20260225T221635Z.stdout.log
2026-02-25T22:33:38Z stale pid removed job=snapshot-panel pid=62424
2026-02-25T23:11:40Z stale pid removed job=index-feed-generators pid=6604
2026-02-25T23:16:42Z job_started job=snapshot-panel pid=10608 log=D:\BlueSky\data_v2_full\logs\manual_runs\snapshot-panel_20260225T231641Z.stdout.log
2026-02-25T23:16:43Z job_started job=index-feed-generators pid=59472 log=D:\BlueSky\data_v2_full\logs\manual_runs\index-feed-generators_20260225T231642Z.stdout.log
2026-02-25T23:16:44Z job_started job=hydrate-authors pid=62476 log=D:\BlueSky\data_v2_full\logs\manual_runs\hydrate-authors_20260225T231643Z.stdout.log
2026-02-25T23:18:44Z stale pid removed job=hydrate-authors pid=62476
2026-02-25T23:32:45Z stale pid removed job=snapshot-panel pid=10608
2026-02-26T00:11:48Z stale pid removed job=index-feed-generators pid=59472
2026-02-26T00:16:49Z job_started job=snapshot-panel pid=51884 log=D:\BlueSky\data_v2_full\logs\manual_runs\snapshot-panel_20260226T001648Z.stdout.log
2026-02-26T00:16:50Z job_started job=index-feed-generators pid=63000 log=D:\BlueSky\data_v2_full\logs\manual_runs\index-feed-generators_20260226T001649Z.stdout.log
2026-02-26T00:32:22Z stale pid removed job=snapshot-panel pid=51884
2026-02-26T01:11:54Z stale pid removed job=index-feed-generators pid=63000
2026-02-26T01:16:55Z job_started job=snapshot-panel pid=35992 log=D:\BlueSky\data_v2_full\logs\manual_runs\snapshot-panel_20260226T011654Z.stdout.log
2026-02-26T01:16:56Z job_started job=index-feed-generators pid=60884 log=D:\BlueSky\data_v2_full\logs\manual_runs\index-feed-generators_20260226T011655Z.stdout.log
2026-02-26T01:31:58Z stale pid removed job=snapshot-panel pid=35992
2026-02-26T02:12:00Z stale pid removed job=index-feed-generators pid=60884
2026-02-26T02:17:01Z job_started job=snapshot-panel pid=59388 log=D:\BlueSky\data_v2_full\logs\manual_runs\snapshot-panel_20260226T021700Z.stdout.log
2026-02-26T02:17:02Z job_started job=index-feed-generators pid=63180 log=D:\BlueSky\data_v2_full\logs\manual_runs\index-feed-generators_20260226T021701Z.stdout.log
2026-02-26T02:17:04Z job_started job=hydrate-authors pid=61708 log=D:\BlueSky\data_v2_full\logs\manual_runs\hydrate-authors_20260226T021702Z.stdout.log
2026-02-26T02:17:34Z stale pid removed job=hydrate-authors pid=61708
2026-02-26T02:33:05Z stale pid removed job=snapshot-panel pid=59388
2026-02-26T03:12:07Z stale pid removed job=index-feed-generators pid=63180
2026-02-26T03:17:09Z job_started job=snapshot-panel pid=48896 log=D:\BlueSky\data_v2_full\logs\manual_runs\snapshot-panel_20260226T031708Z.stdout.log
2026-02-26T03:17:10Z job_started job=index-feed-generators pid=48984 log=D:\BlueSky\data_v2_full\logs\manual_runs\index-feed-generators_20260226T031709Z.stdout.log
2026-02-26T03:32:41Z stale pid removed job=snapshot-panel pid=48896
2026-02-26T04:12:13Z stale pid removed job=index-feed-generators pid=48984
2026-02-26T04:17:15Z job_started job=snapshot-panel pid=62588 log=D:\BlueSky\data_v2_full\logs\manual_runs\snapshot-panel_20260226T041714Z.stdout.log
2026-02-26T04:17:16Z job_started job=index-feed-generators pid=46248 log=D:\BlueSky\data_v2_full\logs\manual_runs\index-feed-generators_20260226T041715Z.stdout.log
2026-02-26T04:32:47Z stale pid removed job=snapshot-panel pid=62588
2026-02-26T05:07:20Z job_started job=refresh-discovery pid=53384 log=D:\BlueSky\data_v2_full\logs\manual_runs\refresh-discovery_20260226T050719Z.stdout.log
2026-02-26T05:07:50Z stale pid removed job=refresh-discovery pid=53384
2026-02-26T05:12:21Z stale pid removed job=index-feed-generators pid=46248
2026-02-26T05:12:22Z job_started job=build-panel pid=55076 log=D:\BlueSky\data_v2_full\logs\manual_runs\build-panel_20260226T051221Z.stdout.log
2026-02-26T05:17:23Z job_started job=snapshot-panel pid=63284 log=D:\BlueSky\data_v2_full\logs\manual_runs\snapshot-panel_20260226T051722Z.stdout.log
2026-02-26T05:17:24Z job_started job=index-feed-generators pid=39060 log=D:\BlueSky\data_v2_full\logs\manual_runs\index-feed-generators_20260226T051723Z.stdout.log
2026-02-26T05:17:25Z job_started job=hydrate-authors pid=62184 log=D:\BlueSky\data_v2_full\logs\manual_runs\hydrate-authors_20260226T051724Z.stdout.log
2026-02-26T05:17:55Z stale pid removed job=hydrate-authors pid=62184
2026-02-26T05:21:26Z stale pid removed job=build-panel pid=55076
2026-02-26T05:29:27Z stale pid removed job=snapshot-panel pid=63284
2026-02-26T06:12:29Z stale pid removed job=index-feed-generators pid=39060
2026-02-26T06:17:31Z job_started job=snapshot-panel pid=51436 log=D:\BlueSky\data_v2_full\logs\manual_runs\snapshot-panel_20260226T061729Z.stdout.log
2026-02-26T06:17:32Z job_started job=index-feed-generators pid=39240 log=D:\BlueSky\data_v2_full\logs\manual_runs\index-feed-generators_20260226T061731Z.stdout.log
2026-02-26T06:34:03Z stale pid removed job=snapshot-panel pid=51436
2026-02-26T07:12:36Z stale pid removed job=index-feed-generators pid=39240
2026-02-26T07:17:37Z job_started job=snapshot-panel pid=49812 log=D:\BlueSky\data_v2_full\logs\manual_runs\snapshot-panel_20260226T071736Z.stdout.log
2026-02-26T07:17:38Z job_started job=index-feed-generators pid=47040 log=D:\BlueSky\data_v2_full\logs\manual_runs\index-feed-generators_20260226T071737Z.stdout.log
2026-02-26T07:34:09Z stale pid removed job=snapshot-panel pid=49812
2026-02-26T08:12:42Z stale pid removed job=index-feed-generators pid=47040
2026-02-26T08:17:43Z job_started job=snapshot-panel pid=48072 log=D:\BlueSky\data_v2_full\logs\manual_runs\snapshot-panel_20260226T081742Z.stdout.log
2026-02-26T08:17:44Z job_started job=index-feed-generators pid=36084 log=D:\BlueSky\data_v2_full\logs\manual_runs\index-feed-generators_20260226T081743Z.stdout.log
2026-02-26T08:17:45Z job_started job=hydrate-authors pid=60460 log=D:\BlueSky\data_v2_full\logs\manual_runs\hydrate-authors_20260226T081744Z.stdout.log
2026-02-26T08:18:15Z stale pid removed job=hydrate-authors pid=60460
2026-02-26T08:33:47Z stale pid removed job=snapshot-panel pid=48072
2026-02-26T09:13:19Z stale pid removed job=index-feed-generators pid=36084
2026-02-26T09:17:50Z job_started job=snapshot-panel pid=63152 log=D:\BlueSky\data_v2_full\logs\manual_runs\snapshot-panel_20260226T091749Z.stdout.log
2026-02-26T09:17:51Z job_started job=index-feed-generators pid=57888 log=D:\BlueSky\data_v2_full\logs\manual_runs\index-feed-generators_20260226T091750Z.stdout.log
2026-02-26T09:33:23Z stale pid removed job=snapshot-panel pid=63152
2026-02-26T10:12:55Z stale pid removed job=index-feed-generators pid=57888
2026-02-26T10:17:56Z job_started job=snapshot-panel pid=62292 log=D:\BlueSky\data_v2_full\logs\manual_runs\snapshot-panel_20260226T101755Z.stdout.log
2026-02-26T10:17:58Z job_started job=index-feed-generators pid=50972 log=D:\BlueSky\data_v2_full\logs\manual_runs\index-feed-generators_20260226T101756Z.stdout.log
2026-02-26T10:33:29Z stale pid removed job=snapshot-panel pid=62292
2026-02-26T11:13:01Z stale pid removed job=index-feed-generators pid=50972
2026-02-26T11:18:03Z job_started job=snapshot-panel pid=21528 log=D:\BlueSky\data_v2_full\logs\manual_runs\snapshot-panel_20260226T111801Z.stdout.log
2026-02-26T11:18:04Z job_started job=index-feed-generators pid=6332 log=D:\BlueSky\data_v2_full\logs\manual_runs\index-feed-generators_20260226T111803Z.stdout.log
2026-02-26T11:18:05Z job_started job=hydrate-authors pid=42312 log=D:\BlueSky\data_v2_full\logs\manual_runs\hydrate-authors_20260226T111804Z.stdout.log
2026-02-26T11:18:35Z stale pid removed job=hydrate-authors pid=42312
2026-02-26T11:33:06Z stale pid removed job=snapshot-panel pid=21528
2026-02-26T12:13:09Z stale pid removed job=index-feed-generators pid=6332
2026-02-26T12:18:10Z job_started job=snapshot-panel pid=60084 log=D:\BlueSky\data_v2_full\logs\manual_runs\snapshot-panel_20260226T121809Z.stdout.log
2026-02-26T12:18:11Z job_started job=index-feed-generators pid=61044 log=D:\BlueSky\data_v2_full\logs\manual_runs\index-feed-generators_20260226T121810Z.stdout.log
2026-02-26T12:33:42Z stale pid removed job=snapshot-panel pid=60084
2026-02-26T13:13:15Z stale pid removed job=index-feed-generators pid=61044
2026-02-26T13:18:16Z job_started job=snapshot-panel pid=62956 log=D:\BlueSky\data_v2_full\logs\manual_runs\snapshot-panel_20260226T131815Z.stdout.log
2026-02-26T13:18:17Z job_started job=index-feed-generators pid=44492 log=D:\BlueSky\data_v2_full\logs\manual_runs\index-feed-generators_20260226T131816Z.stdout.log
2026-02-26T13:33:48Z stale pid removed job=snapshot-panel pid=62956
2026-02-26T14:13:21Z stale pid removed job=index-feed-generators pid=44492
2026-02-26T14:18:22Z job_started job=snapshot-panel pid=57536 log=D:\BlueSky\data_v2_full\logs\manual_runs\snapshot-panel_20260226T141821Z.stdout.log
2026-02-26T14:18:23Z job_started job=index-feed-generators pid=60312 log=D:\BlueSky\data_v2_full\logs\manual_runs\index-feed-generators_20260226T141822Z.stdout.log
2026-02-26T14:18:24Z job_started job=hydrate-authors pid=62736 log=D:\BlueSky\data_v2_full\logs\manual_runs\hydrate-authors_20260226T141823Z.stdout.log
2026-02-26T14:18:54Z stale pid removed job=hydrate-authors pid=62736
2026-02-26T14:33:56Z stale pid removed job=snapshot-panel pid=57536
2026-02-26T15:13:28Z stale pid removed job=index-feed-generators pid=60312
2026-02-26T15:18:29Z job_started job=snapshot-panel pid=53608 log=D:\BlueSky\data_v2_full\logs\manual_runs\snapshot-panel_20260226T151828Z.stdout.log
2026-02-26T15:18:30Z job_started job=index-feed-generators pid=54404 log=D:\BlueSky\data_v2_full\logs\manual_runs\index-feed-generators_20260226T151829Z.stdout.log
2026-02-26T15:35:02Z stale pid removed job=snapshot-panel pid=53608
2026-02-26T16:13:34Z stale pid removed job=index-feed-generators pid=54404
2026-02-26T16:18:36Z job_started job=snapshot-panel pid=47744 log=D:\BlueSky\data_v2_full\logs\manual_runs\snapshot-panel_20260226T161834Z.stdout.log
2026-02-26T16:18:37Z job_started job=index-feed-generators pid=62276 log=D:\BlueSky\data_v2_full\logs\manual_runs\index-feed-generators_20260226T161836Z.stdout.log
2026-02-26T16:34:38Z stale pid removed job=snapshot-panel pid=47744
2026-02-26T17:13:40Z stale pid removed job=index-feed-generators pid=62276
2026-02-26T17:18:42Z job_started job=snapshot-panel pid=63200 log=D:\BlueSky\data_v2_full\logs\manual_runs\snapshot-panel_20260226T171841Z.stdout.log
2026-02-26T17:18:43Z job_started job=index-feed-generators pid=57660 log=D:\BlueSky\data_v2_full\logs\manual_runs\index-feed-generators_20260226T171842Z.stdout.log
2026-02-26T17:18:44Z job_started job=hydrate-authors pid=60544 log=D:\BlueSky\data_v2_full\logs\manual_runs\hydrate-authors_20260226T171843Z.stdout.log
2026-02-26T17:19:14Z stale pid removed job=hydrate-authors pid=60544
2026-02-26T17:35:15Z stale pid removed job=snapshot-panel pid=63200
2026-02-26T18:13:48Z stale pid removed job=index-feed-generators pid=57660
2026-02-26T18:18:49Z job_started job=snapshot-panel pid=47888 log=D:\BlueSky\data_v2_full\logs\manual_runs\snapshot-panel_20260226T181848Z.stdout.log
2026-02-26T18:18:50Z job_started job=index-feed-generators pid=46792 log=D:\BlueSky\data_v2_full\logs\manual_runs\index-feed-generators_20260226T181849Z.stdout.log
2026-02-26T18:33:51Z stale pid removed job=snapshot-panel pid=47888
2026-02-26T19:13:54Z stale pid removed job=index-feed-generators pid=46792
2026-02-26T19:18:55Z job_started job=snapshot-panel pid=60016 log=D:\BlueSky\data_v2_full\logs\manual_runs\snapshot-panel_20260226T191854Z.stdout.log
2026-02-26T19:18:56Z job_started job=index-feed-generators pid=61768 log=D:\BlueSky\data_v2_full\logs\manual_runs\index-feed-generators_20260226T191855Z.stdout.log
2026-02-26T19:33:57Z stale pid removed job=snapshot-panel pid=60016
2026-02-26T20:14:30Z stale pid removed job=index-feed-generators pid=61768
2026-02-26T20:19:02Z job_started job=snapshot-panel pid=62904 log=D:\BlueSky\data_v2_full\logs\manual_runs\snapshot-panel_20260226T201900Z.stdout.log
2026-02-26T20:19:03Z job_started job=index-feed-generators pid=62812 log=D:\BlueSky\data_v2_full\logs\manual_runs\index-feed-generators_20260226T201902Z.stdout.log
2026-02-26T20:19:04Z job_started job=hydrate-authors pid=40280 log=D:\BlueSky\data_v2_full\logs\manual_runs\hydrate-authors_20260226T201903Z.stdout.log
2026-02-26T20:19:34Z stale pid removed job=hydrate-authors pid=40280
2026-02-26T20:34:05Z stale pid removed job=snapshot-panel pid=62904
2026-02-26T21:14:08Z stale pid removed job=index-feed-generators pid=62812
2026-02-26T21:18:39Z job_started job=wide-sweep pid=59184 log=D:\BlueSky\data_v2_full\logs\manual_runs\wide-sweep_20260226T211838Z.stdout.log
2026-02-26T21:19:13Z job_started job=snapshot-panel pid=13288 log=D:\BlueSky\data_v2_full\logs\manual_runs\snapshot-panel_20260226T211909Z.stdout.log
2026-02-26T21:19:15Z job_started job=index-feed-generators pid=35012 log=D:\BlueSky\data_v2_full\logs\manual_runs\index-feed-generators_20260226T211913Z.stdout.log
2026-02-26T21:34:16Z stale pid removed job=snapshot-panel pid=13288
2026-02-26T21:52:48Z stale pid removed job=wide-sweep pid=59184
2026-02-26T22:14:19Z stale pid removed job=index-feed-generators pid=35012
2026-02-26T22:19:20Z job_started job=snapshot-panel pid=60852 log=D:\BlueSky\data_v2_full\logs\manual_runs\snapshot-panel_20260226T221919Z.stdout.log
2026-02-26T22:19:21Z job_started job=index-feed-generators pid=49292 log=D:\BlueSky\data_v2_full\logs\manual_runs\index-feed-generators_20260226T221920Z.stdout.log
2026-02-26T22:34:22Z stale pid removed job=snapshot-panel pid=60852
2026-02-26T23:14:25Z stale pid removed job=index-feed-generators pid=49292
2026-02-26T23:19:26Z job_started job=snapshot-panel pid=46048 log=D:\BlueSky\data_v2_full\logs\manual_runs\snapshot-panel_20260226T231925Z.stdout.log
2026-02-26T23:19:27Z job_started job=index-feed-generators pid=56056 log=D:\BlueSky\data_v2_full\logs\manual_runs\index-feed-generators_20260226T231926Z.stdout.log
2026-02-26T23:19:28Z job_started job=hydrate-authors pid=17832 log=D:\BlueSky\data_v2_full\logs\manual_runs\hydrate-authors_20260226T231927Z.stdout.log
2026-02-26T23:20:58Z stale pid removed job=hydrate-authors pid=17832
2026-02-26T23:33:59Z stale pid removed job=snapshot-panel pid=46048
2026-02-27T00:15:02Z stale pid removed job=index-feed-generators pid=56056
2026-02-27T00:19:33Z job_started job=snapshot-panel pid=17300 log=D:\BlueSky\data_v2_full\logs\manual_runs\snapshot-panel_20260227T001932Z.stdout.log
2026-02-27T00:19:34Z job_started job=index-feed-generators pid=11592 log=D:\BlueSky\data_v2_full\logs\manual_runs\index-feed-generators_20260227T001933Z.stdout.log
2026-02-27T00:34:36Z stale pid removed job=snapshot-panel pid=17300
2026-02-27T01:14:38Z stale pid removed job=index-feed-generators pid=11592
2026-02-27T01:19:39Z job_started job=snapshot-panel pid=63000 log=D:\BlueSky\data_v2_full\logs\manual_runs\snapshot-panel_20260227T011938Z.stdout.log
2026-02-27T01:19:40Z job_started job=index-feed-generators pid=24168 log=D:\BlueSky\data_v2_full\logs\manual_runs\index-feed-generators_20260227T011939Z.stdout.log
2026-02-27T01:34:42Z stale pid removed job=snapshot-panel pid=63000
2026-02-27T02:14:44Z stale pid removed job=index-feed-generators pid=24168
2026-02-27T02:19:45Z job_started job=snapshot-panel pid=24144 log=D:\BlueSky\data_v2_full\logs\manual_runs\snapshot-panel_20260227T021944Z.stdout.log
2026-02-27T02:19:46Z job_started job=index-feed-generators pid=37192 log=D:\BlueSky\data_v2_full\logs\manual_runs\index-feed-generators_20260227T021945Z.stdout.log
2026-02-27T02:19:47Z job_started job=hydrate-authors pid=50924 log=D:\BlueSky\data_v2_full\logs\manual_runs\hydrate-authors_20260227T021946Z.stdout.log
2026-02-27T02:20:17Z stale pid removed job=hydrate-authors pid=50924
2026-02-27T02:35:49Z stale pid removed job=snapshot-panel pid=24144
2026-02-27T03:14:51Z stale pid removed job=index-feed-generators pid=37192
2026-02-27T03:19:52Z job_started job=snapshot-panel pid=52044 log=D:\BlueSky\data_v2_full\logs\manual_runs\snapshot-panel_20260227T031951Z.stdout.log
2026-02-27T03:19:53Z job_started job=index-feed-generators pid=59728 log=D:\BlueSky\data_v2_full\logs\manual_runs\index-feed-generators_20260227T031952Z.stdout.log
2026-02-27T03:35:55Z stale pid removed job=snapshot-panel pid=52044
2026-02-27T04:14:57Z stale pid removed job=index-feed-generators pid=59728
2026-02-27T04:19:58Z job_started job=snapshot-panel pid=37192 log=D:\BlueSky\data_v2_full\logs\manual_runs\snapshot-panel_20260227T041957Z.stdout.log
2026-02-27T04:19:59Z job_started job=index-feed-generators pid=35716 log=D:\BlueSky\data_v2_full\logs\manual_runs\index-feed-generators_20260227T041958Z.stdout.log
2026-02-27T04:36:01Z stale pid removed job=snapshot-panel pid=37192
2026-02-27T05:07:34Z job_started job=refresh-discovery pid=62720 log=D:\BlueSky\data_v2_full\logs\manual_runs\refresh-discovery_20260227T050733Z.stdout.log
2026-02-27T05:08:04Z stale pid removed job=refresh-discovery pid=62720
2026-02-27T05:12:35Z job_started job=build-panel pid=52688 log=D:\BlueSky\data_v2_full\logs\manual_runs\build-panel_20260227T051234Z.stdout.log
2026-02-27T05:15:05Z stale pid removed job=index-feed-generators pid=35716
2026-02-27T05:18:35Z stale pid removed job=build-panel pid=52688
2026-02-27T05:20:07Z job_started job=snapshot-panel pid=11764 log=D:\BlueSky\data_v2_full\logs\manual_runs\snapshot-panel_20260227T052006Z.stdout.log
2026-02-27T05:20:08Z job_started job=index-feed-generators pid=56400 log=D:\BlueSky\data_v2_full\logs\manual_runs\index-feed-generators_20260227T052007Z.stdout.log
2026-02-27T05:20:09Z job_started job=hydrate-authors pid=50676 log=D:\BlueSky\data_v2_full\logs\manual_runs\hydrate-authors_20260227T052008Z.stdout.log
2026-02-27T05:20:39Z stale pid removed job=hydrate-authors pid=50676
2026-02-27T05:28:39Z stale pid removed job=snapshot-panel pid=11764
2026-02-27T06:15:12Z stale pid removed job=index-feed-generators pid=56400
2026-02-27T06:20:14Z job_started job=snapshot-panel pid=58284 log=D:\BlueSky\data_v2_full\logs\manual_runs\snapshot-panel_20260227T062013Z.stdout.log
2026-02-27T06:20:15Z job_started job=index-feed-generators pid=62516 log=D:\BlueSky\data_v2_full\logs\manual_runs\index-feed-generators_20260227T062014Z.stdout.log
2026-02-27T06:36:16Z stale pid removed job=snapshot-panel pid=58284
2026-02-27T07:15:19Z stale pid removed job=index-feed-generators pid=62516
2026-02-27T07:20:20Z job_started job=snapshot-panel pid=52572 log=D:\BlueSky\data_v2_full\logs\manual_runs\snapshot-panel_20260227T072019Z.stdout.log
2026-02-27T07:20:21Z job_started job=index-feed-generators pid=57656 log=D:\BlueSky\data_v2_full\logs\manual_runs\index-feed-generators_20260227T072020Z.stdout.log
2026-02-27T07:35:22Z stale pid removed job=snapshot-panel pid=52572
2026-02-27T08:15:25Z stale pid removed job=index-feed-generators pid=57656
2026-02-27T08:20:26Z job_started job=snapshot-panel pid=55720 log=D:\BlueSky\data_v2_full\logs\manual_runs\snapshot-panel_20260227T082025Z.stdout.log
2026-02-27T08:20:27Z job_started job=index-feed-generators pid=41600 log=D:\BlueSky\data_v2_full\logs\manual_runs\index-feed-generators_20260227T082026Z.stdout.log
2026-02-27T08:20:29Z job_started job=hydrate-authors pid=43112 log=D:\BlueSky\data_v2_full\logs\manual_runs\hydrate-authors_20260227T082027Z.stdout.log
2026-02-27T08:20:59Z stale pid removed job=hydrate-authors pid=43112
2026-02-27T08:35:01Z stale pid removed job=snapshot-panel pid=55720
2026-02-27T09:15:35Z stale pid removed job=index-feed-generators pid=41600
2026-02-27T09:20:36Z job_started job=snapshot-panel pid=1352 log=D:\BlueSky\data_v2_full\logs\manual_runs\snapshot-panel_20260227T092035Z.stdout.log
2026-02-27T09:20:37Z job_started job=index-feed-generators pid=53580 log=D:\BlueSky\data_v2_full\logs\manual_runs\index-feed-generators_20260227T092036Z.stdout.log
2026-02-27T09:35:08Z stale pid removed job=snapshot-panel pid=1352
2026-02-27T10:15:41Z stale pid removed job=index-feed-generators pid=53580
2026-02-27T10:20:42Z job_started job=snapshot-panel pid=41728 log=D:\BlueSky\data_v2_full\logs\manual_runs\snapshot-panel_20260227T102041Z.stdout.log
2026-02-27T10:20:43Z job_started job=index-feed-generators pid=3876 log=D:\BlueSky\data_v2_full\logs\manual_runs\index-feed-generators_20260227T102042Z.stdout.log
2026-02-27T10:35:14Z stale pid removed job=snapshot-panel pid=41728
2026-02-27T11:15:46Z stale pid removed job=index-feed-generators pid=3876
2026-02-27T11:20:48Z job_started job=snapshot-panel pid=46384 log=D:\BlueSky\data_v2_full\logs\manual_runs\snapshot-panel_20260227T112047Z.stdout.log
2026-02-27T11:20:49Z job_started job=index-feed-generators pid=26332 log=D:\BlueSky\data_v2_full\logs\manual_runs\index-feed-generators_20260227T112048Z.stdout.log
2026-02-27T11:20:50Z job_started job=hydrate-authors pid=48360 log=D:\BlueSky\data_v2_full\logs\manual_runs\hydrate-authors_20260227T112049Z.stdout.log
2026-02-27T11:21:20Z stale pid removed job=hydrate-authors pid=48360
2026-02-27T11:35:21Z stale pid removed job=snapshot-panel pid=46384
2026-02-27T12:15:53Z stale pid removed job=index-feed-generators pid=26332
2026-02-27T12:20:55Z job_started job=snapshot-panel pid=20880 log=D:\BlueSky\data_v2_full\logs\manual_runs\snapshot-panel_20260227T122054Z.stdout.log
2026-02-27T12:20:56Z job_started job=index-feed-generators pid=44428 log=D:\BlueSky\data_v2_full\logs\manual_runs\index-feed-generators_20260227T122055Z.stdout.log
2026-02-27T12:35:27Z stale pid removed job=snapshot-panel pid=20880
2026-02-27T13:15:59Z stale pid removed job=index-feed-generators pid=44428
2026-02-27T13:21:01Z job_started job=snapshot-panel pid=58668 log=D:\BlueSky\data_v2_full\logs\manual_runs\snapshot-panel_20260227T132100Z.stdout.log
2026-02-27T13:21:02Z job_started job=index-feed-generators pid=53040 log=D:\BlueSky\data_v2_full\logs\manual_runs\index-feed-generators_20260227T132101Z.stdout.log
2026-02-27T13:35:33Z stale pid removed job=snapshot-panel pid=58668
2026-02-27T14:16:05Z stale pid removed job=index-feed-generators pid=53040
2026-02-27T14:21:07Z job_started job=snapshot-panel pid=57508 log=D:\BlueSky\data_v2_full\logs\manual_runs\snapshot-panel_20260227T142106Z.stdout.log
2026-02-27T14:21:08Z job_started job=index-feed-generators pid=45440 log=D:\BlueSky\data_v2_full\logs\manual_runs\index-feed-generators_20260227T142107Z.stdout.log
2026-02-27T14:21:09Z job_started job=hydrate-authors pid=60432 log=D:\BlueSky\data_v2_full\logs\manual_runs\hydrate-authors_20260227T142108Z.stdout.log
2026-02-27T14:21:39Z stale pid removed job=hydrate-authors pid=60432
2026-02-27T14:35:40Z stale pid removed job=snapshot-panel pid=57508
2026-02-27T15:16:13Z stale pid removed job=index-feed-generators pid=45440
2026-02-27T15:21:14Z job_started job=snapshot-panel pid=37860 log=D:\BlueSky\data_v2_full\logs\manual_runs\snapshot-panel_20260227T152113Z.stdout.log
2026-02-27T15:21:15Z job_started job=index-feed-generators pid=41672 log=D:\BlueSky\data_v2_full\logs\manual_runs\index-feed-generators_20260227T152114Z.stdout.log
2026-02-27T15:35:16Z stale pid removed job=snapshot-panel pid=37860
2026-02-27T16:16:19Z stale pid removed job=index-feed-generators pid=41672
2026-02-27T16:21:20Z job_started job=snapshot-panel pid=45696 log=D:\BlueSky\data_v2_full\logs\manual_runs\snapshot-panel_20260227T162119Z.stdout.log
2026-02-27T16:21:21Z job_started job=index-feed-generators pid=54268 log=D:\BlueSky\data_v2_full\logs\manual_runs\index-feed-generators_20260227T162120Z.stdout.log
2026-02-27T16:36:52Z stale pid removed job=snapshot-panel pid=45696
2026-02-27T17:16:25Z stale pid removed job=index-feed-generators pid=54268
2026-02-27T17:21:26Z job_started job=snapshot-panel pid=51432 log=D:\BlueSky\data_v2_full\logs\manual_runs\snapshot-panel_20260227T172125Z.stdout.log
2026-02-27T17:21:27Z job_started job=index-feed-generators pid=61660 log=D:\BlueSky\data_v2_full\logs\manual_runs\index-feed-generators_20260227T172126Z.stdout.log
2026-02-27T17:21:28Z job_started job=hydrate-authors pid=16320 log=D:\BlueSky\data_v2_full\logs\manual_runs\hydrate-authors_20260227T172127Z.stdout.log
2026-02-27T17:21:58Z stale pid removed job=hydrate-authors pid=16320
2026-02-27T17:37:30Z stale pid removed job=snapshot-panel pid=51432
2026-02-27T18:16:32Z stale pid removed job=index-feed-generators pid=61660
2026-02-27T18:21:33Z job_started job=snapshot-panel pid=50296 log=D:\BlueSky\data_v2_full\logs\manual_runs\snapshot-panel_20260227T182132Z.stdout.log
2026-02-27T18:21:34Z job_started job=index-feed-generators pid=52088 log=D:\BlueSky\data_v2_full\logs\manual_runs\index-feed-generators_20260227T182133Z.stdout.log
2026-02-27T18:37:36Z stale pid removed job=snapshot-panel pid=50296
2026-02-27T19:16:38Z stale pid removed job=index-feed-generators pid=52088
2026-02-27T19:21:39Z job_started job=snapshot-panel pid=44380 log=D:\BlueSky\data_v2_full\logs\manual_runs\snapshot-panel_20260227T192138Z.stdout.log
2026-02-27T19:21:40Z job_started job=index-feed-generators pid=47620 log=D:\BlueSky\data_v2_full\logs\manual_runs\index-feed-generators_20260227T192139Z.stdout.log
2026-02-27T19:38:12Z stale pid removed job=snapshot-panel pid=44380
2026-02-27T20:16:44Z stale pid removed job=index-feed-generators pid=47620
2026-02-27T20:21:45Z job_started job=snapshot-panel pid=10276 log=D:\BlueSky\data_v2_full\logs\manual_runs\snapshot-panel_20260227T202144Z.stdout.log
2026-02-27T20:21:47Z job_started job=index-feed-generators pid=2644 log=D:\BlueSky\data_v2_full\logs\manual_runs\index-feed-generators_20260227T202145Z.stdout.log
2026-02-27T20:21:48Z job_started job=hydrate-authors pid=24144 log=D:\BlueSky\data_v2_full\logs\manual_runs\hydrate-authors_20260227T202147Z.stdout.log
2026-02-27T20:22:18Z stale pid removed job=hydrate-authors pid=24144
2026-02-27T20:36:49Z stale pid removed job=snapshot-panel pid=10276
2026-02-27T21:16:51Z stale pid removed job=index-feed-generators pid=2644
2026-02-27T21:18:53Z job_started job=wide-sweep pid=56448 log=D:\BlueSky\data_v2_full\logs\manual_runs\wide-sweep_20260227T211852Z.stdout.log
2026-02-27T21:21:54Z job_started job=snapshot-panel pid=58508 log=D:\BlueSky\data_v2_full\logs\manual_runs\snapshot-panel_20260227T212153Z.stdout.log
2026-02-27T21:21:55Z job_started job=index-feed-generators pid=42248 log=D:\BlueSky\data_v2_full\logs\manual_runs\index-feed-generators_20260227T212154Z.stdout.log
2026-02-27T21:36:57Z stale pid removed job=snapshot-panel pid=58508
2026-02-27T21:55:58Z stale pid removed job=wide-sweep pid=56448
2026-02-27T22:17:00Z stale pid removed job=index-feed-generators pid=42248
2026-02-27T22:22:01Z job_started job=snapshot-panel pid=60700 log=D:\BlueSky\data_v2_full\logs\manual_runs\snapshot-panel_20260227T222200Z.stdout.log
2026-02-27T22:22:02Z job_started job=index-feed-generators pid=26652 log=D:\BlueSky\data_v2_full\logs\manual_runs\index-feed-generators_20260227T222201Z.stdout.log
2026-02-27T22:37:04Z stale pid removed job=snapshot-panel pid=60700
2026-02-27T22:59:32Z collector-daemon-win starting pid=39464 root=D:\BlueSky out_base=D:\BlueSky\data_v2_full
2026-02-27T22:59:32Z startup stamp reset enabled cleared=6
2026-02-27T22:59:33Z job_started job=snapshot-panel pid=58208 log=D:\BlueSky\data_v2_full\logs\manual_runs\snapshot-panel_20260227T225932Z.stdout.log
2026-02-27T22:59:34Z job_started job=hydrate-authors pid=61016 log=D:\BlueSky\data_v2_full\logs\manual_runs\hydrate-authors_20260227T225933Z.stdout.log
2026-02-27T22:59:35Z job_started job=refresh-discovery pid=37712 log=D:\BlueSky\data_v2_full\logs\manual_runs\refresh-discovery_20260227T225934Z.stdout.log
2026-02-27T22:59:36Z job_started job=build-panel pid=54108 log=D:\BlueSky\data_v2_full\logs\manual_runs\build-panel_20260227T225935Z.stdout.log
2026-02-27T22:59:38Z job_started job=wide-sweep pid=63200 log=D:\BlueSky\data_v2_full\logs\manual_runs\wide-sweep_20260227T225936Z.stdout.log
2026-02-27T23:00:08Z stale pid removed job=refresh-discovery pid=37712
2026-02-27T23:01:08Z stale pid removed job=hydrate-authors pid=61016
2026-02-27T23:04:08Z stale pid removed job=snapshot-panel pid=58208
2026-02-27T23:04:08Z stale pid removed job=build-panel pid=54108
2026-02-27T23:17:10Z stale pid removed job=index-feed-generators pid=26652
2026-02-27T23:17:11Z job_started job=index-feed-generators pid=52180 log=D:\BlueSky\data_v2_full\logs\manual_runs\index-feed-generators_20260227T231710Z.stdout.log
2026-02-27T23:34:43Z collector-daemon-win starting pid=24004 root=D:\BlueSky out_base=D:\BlueSky\data_v2_full
2026-02-27T23:34:44Z startup stamp reset enabled cleared=6
2026-02-27T23:34:45Z state-writer started pid=44316 tcp=127.0.0.1:9911 log=D:\BlueSky\data_v2_full\logs\manual_runs\state-writer_20260227T233444Z.stdout.log
2026-02-27T23:34:46Z job_started job=snapshot-panel pid=6416 log=D:\BlueSky\data_v2_full\logs\manual_runs\snapshot-panel_20260227T233445Z.stdout.log
2026-02-27T23:34:46Z stale pid removed job=index-feed-generators pid=52180
2026-02-27T23:34:47Z job_started job=index-feed-generators pid=47640 log=D:\BlueSky\data_v2_full\logs\manual_runs\index-feed-generators_20260227T233446Z.stdout.log
2026-02-27T23:34:48Z job_started job=hydrate-authors pid=22028 log=D:\BlueSky\data_v2_full\logs\manual_runs\hydrate-authors_20260227T233447Z.stdout.log
2026-02-27T23:34:49Z job_started job=refresh-discovery pid=45872 log=D:\BlueSky\data_v2_full\logs\manual_runs\refresh-discovery_20260227T233448Z.stdout.log
2026-02-27T23:34:50Z job_started job=build-panel pid=26452 log=D:\BlueSky\data_v2_full\logs\manual_runs\build-panel_20260227T233449Z.stdout.log
2026-02-27T23:34:50Z stale pid removed job=wide-sweep pid=63200
2026-02-27T23:34:51Z job_started job=wide-sweep pid=39464 log=D:\BlueSky\data_v2_full\logs\manual_runs\wide-sweep_20260227T233450Z.stdout.log
2026-02-27T23:36:22Z stale pid removed job=hydrate-authors pid=22028
2026-02-27T23:36:52Z stale pid removed job=refresh-discovery pid=45872
2026-02-27T23:40:22Z stale pid removed job=build-panel pid=26452
2026-02-27T23:44:23Z stale pid removed job=snapshot-panel pid=6416
2026-02-27T23:48:55Z stale pid removed job=index-feed-generators pid=47640
2026-02-27T23:49:25Z stale pid removed job=wide-sweep pid=39464
2026-02-27T23:59:31Z collector-daemon-win starting pid=57640 root=D:\BlueSky out_base=D:\BlueSky\data_v2_full
2026-02-27T23:59:31Z startup stamp reset enabled cleared=6
2026-02-27T23:59:32Z state-writer started pid=46528 tcp=127.0.0.1:9911 log=D:\BlueSky\data_v2_full\logs\manual_runs\state-writer_20260227T235931Z.stdout.log
2026-02-27T23:59:33Z job_started job=snapshot-panel pid=26544 log=D:\BlueSky\data_v2_full\logs\manual_runs\snapshot-panel_20260227T235932Z.stdout.log
2026-02-27T23:59:34Z job_started job=index-feed-generators pid=24676 log=D:\BlueSky\data_v2_full\logs\manual_runs\index-feed-generators_20260227T235933Z.stdout.log
2026-02-27T23:59:36Z job_started job=hydrate-authors pid=46764 log=D:\BlueSky\data_v2_full\logs\manual_runs\hydrate-authors_20260227T235935Z.stdout.log
2026-02-27T23:59:37Z job_started job=refresh-discovery pid=54032 log=D:\BlueSky\data_v2_full\logs\manual_runs\refresh-discovery_20260227T235936Z.stdout.log
2026-02-27T23:59:38Z job_started job=wide-sweep pid=61364 log=D:\BlueSky\data_v2_full\logs\manual_runs\wide-sweep_20260227T235937Z.stdout.log
2026-02-28T00:00:08Z stale pid removed job=refresh-discovery pid=54032
2026-02-28T00:00:09Z job_started job=build-panel pid=58528 log=D:\BlueSky\data_v2_full\logs\manual_runs\build-panel_20260228T000008Z.stdout.log
2026-02-28T00:00:39Z stale pid removed job=hydrate-authors pid=46764
2026-02-28T00:07:10Z stale pid removed job=build-panel pid=58528
2026-02-28T00:07:40Z stale pid removed job=snapshot-panel pid=26544
2026-02-28T00:53:44Z stale pid removed job=wide-sweep pid=61364
2026-02-28T00:54:44Z stale pid removed job=index-feed-generators pid=24676
2026-02-28T00:59:46Z job_started job=snapshot-panel pid=54764 log=D:\BlueSky\data_v2_full\logs\manual_runs\snapshot-panel_20260228T005944Z.stdout.log
2026-02-28T00:59:47Z job_started job=index-feed-generators pid=53956 log=D:\BlueSky\data_v2_full\logs\manual_runs\index-feed-generators_20260228T005946Z.stdout.log
2026-02-28T01:11:18Z stale pid removed job=snapshot-panel pid=54764
2026-02-28T01:54:50Z stale pid removed job=index-feed-generators pid=53956
2026-02-28T01:59:52Z job_started job=snapshot-panel pid=56644 log=D:\BlueSky\data_v2_full\logs\manual_runs\snapshot-panel_20260228T015951Z.stdout.log
2026-02-28T01:59:53Z job_started job=index-feed-generators pid=46668 log=D:\BlueSky\data_v2_full\logs\manual_runs\index-feed-generators_20260228T015952Z.stdout.log
2026-02-28T02:09:54Z stale pid removed job=snapshot-panel pid=56644
2026-02-28T02:54:57Z stale pid removed job=index-feed-generators pid=46668
2026-02-28T02:59:58Z job_started job=snapshot-panel pid=63692 log=D:\BlueSky\data_v2_full\logs\manual_runs\snapshot-panel_20260228T025957Z.stdout.log
2026-02-28T02:59:59Z job_started job=index-feed-generators pid=63724 log=D:\BlueSky\data_v2_full\logs\manual_runs\index-feed-generators_20260228T025958Z.stdout.log
2026-02-28T03:00:00Z job_started job=hydrate-authors pid=12204 log=D:\BlueSky\data_v2_full\logs\manual_runs\hydrate-authors_20260228T025959Z.stdout.log
2026-02-28T03:02:00Z stale pid removed job=hydrate-authors pid=12204
2026-02-28T03:10:01Z stale pid removed job=snapshot-panel pid=63692
2026-02-28T03:55:04Z stale pid removed job=index-feed-generators pid=63724
2026-02-28T04:00:05Z job_started job=snapshot-panel pid=59932 log=D:\BlueSky\data_v2_full\logs\manual_runs\snapshot-panel_20260228T040004Z.stdout.log
2026-02-28T04:00:06Z job_started job=index-feed-generators pid=64276 log=D:\BlueSky\data_v2_full\logs\manual_runs\index-feed-generators_20260228T040005Z.stdout.log
2026-02-28T04:10:07Z stale pid removed job=snapshot-panel pid=59932
2026-02-28T04:55:10Z stale pid removed job=index-feed-generators pid=64276
2026-02-28T05:00:11Z job_started job=snapshot-panel pid=65176 log=D:\BlueSky\data_v2_full\logs\manual_runs\snapshot-panel_20260228T050010Z.stdout.log
2026-02-28T05:00:12Z job_started job=index-feed-generators pid=37944 log=D:\BlueSky\data_v2_full\logs\manual_runs\index-feed-generators_20260228T050011Z.stdout.log
2026-02-28T05:10:43Z stale pid removed job=snapshot-panel pid=65176
2026-02-28T05:55:16Z stale pid removed job=index-feed-generators pid=37944
2026-02-28T06:00:17Z job_started job=snapshot-panel pid=58348 log=D:\BlueSky\data_v2_full\logs\manual_runs\snapshot-panel_20260228T060016Z.stdout.log
2026-02-28T06:00:18Z job_started job=index-feed-generators pid=63068 log=D:\BlueSky\data_v2_full\logs\manual_runs\index-feed-generators_20260228T060017Z.stdout.log
2026-02-28T06:00:20Z job_started job=hydrate-authors pid=33276 log=D:\BlueSky\data_v2_full\logs\manual_runs\hydrate-authors_20260228T060018Z.stdout.log
2026-02-28T06:00:50Z stale pid removed job=hydrate-authors pid=33276
2026-02-28T06:10:20Z stale pid removed job=snapshot-panel pid=58348
2026-02-28T06:55:23Z stale pid removed job=index-feed-generators pid=63068
2026-02-28T07:00:25Z job_started job=snapshot-panel pid=56484 log=D:\BlueSky\data_v2_full\logs\manual_runs\snapshot-panel_20260228T070023Z.stdout.log
2026-02-28T07:00:26Z job_started job=index-feed-generators pid=45960 log=D:\BlueSky\data_v2_full\logs\manual_runs\index-feed-generators_20260228T070025Z.stdout.log
2026-02-28T07:10:26Z stale pid removed job=snapshot-panel pid=56484
2026-02-28T07:55:29Z stale pid removed job=index-feed-generators pid=45960
2026-02-28T08:00:31Z job_started job=snapshot-panel pid=55856 log=D:\BlueSky\data_v2_full\logs\manual_runs\snapshot-panel_20260228T080030Z.stdout.log
2026-02-28T08:00:32Z job_started job=index-feed-generators pid=53872 log=D:\BlueSky\data_v2_full\logs\manual_runs\index-feed-generators_20260228T080031Z.stdout.log
2026-02-28T08:10:33Z stale pid removed job=snapshot-panel pid=55856
2026-02-28T08:55:35Z stale pid removed job=index-feed-generators pid=53872
2026-02-28T09:00:37Z job_started job=snapshot-panel pid=41728 log=D:\BlueSky\data_v2_full\logs\manual_runs\snapshot-panel_20260228T090036Z.stdout.log
2026-02-28T09:00:38Z job_started job=index-feed-generators pid=15636 log=D:\BlueSky\data_v2_full\logs\manual_runs\index-feed-generators_20260228T090037Z.stdout.log
2026-02-28T09:00:39Z job_started job=hydrate-authors pid=63404 log=D:\BlueSky\data_v2_full\logs\manual_runs\hydrate-authors_20260228T090038Z.stdout.log
2026-02-28T09:01:09Z stale pid removed job=hydrate-authors pid=63404
2026-02-28T09:10:40Z stale pid removed job=snapshot-panel pid=41728
2026-02-28T09:55:43Z stale pid removed job=index-feed-generators pid=15636
2026-02-28T10:00:44Z job_started job=snapshot-panel pid=21812 log=D:\BlueSky\data_v2_full\logs\manual_runs\snapshot-panel_20260228T100043Z.stdout.log
2026-02-28T10:00:45Z job_started job=index-feed-generators pid=33844 log=D:\BlueSky\data_v2_full\logs\manual_runs\index-feed-generators_20260228T100044Z.stdout.log
2026-02-28T10:10:46Z stale pid removed job=snapshot-panel pid=21812
2026-02-28T10:55:49Z stale pid removed job=index-feed-generators pid=33844
2026-02-28T11:00:50Z job_started job=snapshot-panel pid=16584 log=D:\BlueSky\data_v2_full\logs\manual_runs\snapshot-panel_20260228T110049Z.stdout.log
2026-02-28T11:00:51Z job_started job=index-feed-generators pid=18860 log=D:\BlueSky\data_v2_full\logs\manual_runs\index-feed-generators_20260228T110050Z.stdout.log
2026-02-28T11:10:22Z stale pid removed job=snapshot-panel pid=16584
2026-02-28T11:55:55Z stale pid removed job=index-feed-generators pid=18860
2026-02-28T12:00:56Z job_started job=snapshot-panel pid=44492 log=D:\BlueSky\data_v2_full\logs\manual_runs\snapshot-panel_20260228T120055Z.stdout.log
2026-02-28T12:00:58Z job_started job=index-feed-generators pid=43060 log=D:\BlueSky\data_v2_full\logs\manual_runs\index-feed-generators_20260228T120056Z.stdout.log
2026-02-28T12:00:59Z job_started job=hydrate-authors pid=64176 log=D:\BlueSky\data_v2_full\logs\manual_runs\hydrate-authors_20260228T120058Z.stdout.log
2026-02-28T12:01:59Z stale pid removed job=hydrate-authors pid=64176
2026-02-28T12:11:00Z stale pid removed job=snapshot-panel pid=44492
2026-02-28T12:56:05Z stale pid removed job=index-feed-generators pid=43060
2026-02-28T13:01:06Z job_started job=snapshot-panel pid=65412 log=D:\BlueSky\data_v2_full\logs\manual_runs\snapshot-panel_20260228T130105Z.stdout.log
2026-02-28T13:01:08Z job_started job=index-feed-generators pid=61060 log=D:\BlueSky\data_v2_full\logs\manual_runs\index-feed-generators_20260228T130106Z.stdout.log
2026-02-28T13:11:09Z stale pid removed job=snapshot-panel pid=65412
2026-02-28T13:56:12Z stale pid removed job=index-feed-generators pid=61060
2026-02-28T14:01:16Z job_started job=snapshot-panel pid=25860 log=D:\BlueSky\data_v2_full\logs\manual_runs\snapshot-panel_20260228T140112Z.stdout.log
2026-02-28T14:01:17Z job_started job=index-feed-generators pid=32540 log=D:\BlueSky\data_v2_full\logs\manual_runs\index-feed-generators_20260228T140116Z.stdout.log
2026-02-28T14:11:18Z stale pid removed job=snapshot-panel pid=25860
2026-02-28T14:56:20Z stale pid removed job=index-feed-generators pid=32540
2026-02-28T15:01:27Z job_started job=snapshot-panel pid=62496 log=D:\BlueSky\data_v2_full\logs\manual_runs\snapshot-panel_20260228T150121Z.stdout.log
2026-02-28T15:01:28Z job_started job=index-feed-generators pid=55812 log=D:\BlueSky\data_v2_full\logs\manual_runs\index-feed-generators_20260228T150127Z.stdout.log
2026-02-28T15:01:29Z job_started job=hydrate-authors pid=29264 log=D:\BlueSky\data_v2_full\logs\manual_runs\hydrate-authors_20260228T150128Z.stdout.log
2026-02-28T15:02:29Z stale pid removed job=hydrate-authors pid=29264
2026-02-28T15:12:00Z stale pid removed job=snapshot-panel pid=62496
2026-02-28T15:56:33Z stale pid removed job=index-feed-generators pid=55812
2026-02-28T16:01:34Z job_started job=snapshot-panel pid=23276 log=D:\BlueSky\data_v2_full\logs\manual_runs\snapshot-panel_20260228T160133Z.stdout.log
2026-02-28T16:01:35Z job_started job=index-feed-generators pid=54700 log=D:\BlueSky\data_v2_full\logs\manual_runs\index-feed-generators_20260228T160134Z.stdout.log
2026-02-28T16:12:06Z stale pid removed job=snapshot-panel pid=23276
2026-02-28T16:56:39Z stale pid removed job=index-feed-generators pid=54700
2026-02-28T17:01:40Z job_started job=snapshot-panel pid=65520 log=D:\BlueSky\data_v2_full\logs\manual_runs\snapshot-panel_20260228T170139Z.stdout.log
2026-02-28T17:01:41Z job_started job=index-feed-generators pid=64324 log=D:\BlueSky\data_v2_full\logs\manual_runs\index-feed-generators_20260228T170140Z.stdout.log
2026-02-28T17:12:12Z stale pid removed job=snapshot-panel pid=65520
2026-02-28T17:56:45Z stale pid removed job=index-feed-generators pid=64324
2026-02-28T18:01:46Z job_started job=snapshot-panel pid=57932 log=D:\BlueSky\data_v2_full\logs\manual_runs\snapshot-panel_20260228T180145Z.stdout.log
2026-02-28T18:01:47Z job_started job=index-feed-generators pid=58596 log=D:\BlueSky\data_v2_full\logs\manual_runs\index-feed-generators_20260228T180146Z.stdout.log
2026-02-28T18:01:49Z job_started job=hydrate-authors pid=60700 log=D:\BlueSky\data_v2_full\logs\manual_runs\hydrate-authors_20260228T180147Z.stdout.log
2026-02-28T18:02:49Z stale pid removed job=hydrate-authors pid=60700
2026-02-28T18:12:49Z stale pid removed job=snapshot-panel pid=57932
2026-02-28T18:56:52Z stale pid removed job=index-feed-generators pid=58596
2026-02-28T19:01:54Z job_started job=snapshot-panel pid=43632 log=D:\BlueSky\data_v2_full\logs\manual_runs\snapshot-panel_20260228T190153Z.stdout.log
2026-02-28T19:01:55Z job_started job=index-feed-generators pid=64436 log=D:\BlueSky\data_v2_full\logs\manual_runs\index-feed-generators_20260228T190154Z.stdout.log
2026-02-28T19:11:26Z stale pid removed job=snapshot-panel pid=43632
2026-02-28T19:56:58Z stale pid removed job=index-feed-generators pid=64436
2026-02-28T20:02:00Z job_started job=snapshot-panel pid=59576 log=D:\BlueSky\data_v2_full\logs\manual_runs\snapshot-panel_20260228T200159Z.stdout.log
2026-02-28T20:02:01Z job_started job=index-feed-generators pid=57596 log=D:\BlueSky\data_v2_full\logs\manual_runs\index-feed-generators_20260228T200200Z.stdout.log
2026-02-28T20:11:32Z stale pid removed job=snapshot-panel pid=59576
2026-02-28T20:57:05Z stale pid removed job=index-feed-generators pid=57596
2026-02-28T21:02:06Z job_started job=snapshot-panel pid=49224 log=D:\BlueSky\data_v2_full\logs\manual_runs\snapshot-panel_20260228T210205Z.stdout.log
2026-02-28T21:02:07Z job_started job=index-feed-generators pid=3876 log=D:\BlueSky\data_v2_full\logs\manual_runs\index-feed-generators_20260228T210206Z.stdout.log
2026-02-28T21:02:08Z job_started job=hydrate-authors pid=12204 log=D:\BlueSky\data_v2_full\logs\manual_runs\hydrate-authors_20260228T210207Z.stdout.log
2026-02-28T21:03:08Z stale pid removed job=hydrate-authors pid=12204
2026-02-28T21:12:09Z stale pid removed job=snapshot-panel pid=49224
2026-02-28T21:57:12Z stale pid removed job=index-feed-generators pid=3876
2026-02-28T22:02:13Z job_started job=snapshot-panel pid=58844 log=D:\BlueSky\data_v2_full\logs\manual_runs\snapshot-panel_20260228T220212Z.stdout.log
2026-02-28T22:02:14Z job_started job=index-feed-generators pid=22400 log=D:\BlueSky\data_v2_full\logs\manual_runs\index-feed-generators_20260228T220213Z.stdout.log
2026-02-28T22:12:15Z stale pid removed job=snapshot-panel pid=58844
2026-02-28T22:57:19Z stale pid removed job=index-feed-generators pid=22400
2026-02-28T23:02:20Z job_started job=snapshot-panel pid=58132 log=D:\BlueSky\data_v2_full\logs\manual_runs\snapshot-panel_20260228T230219Z.stdout.log
2026-02-28T23:02:21Z job_started job=index-feed-generators pid=54804 log=D:\BlueSky\data_v2_full\logs\manual_runs\index-feed-generators_20260228T230220Z.stdout.log
2026-02-28T23:11:52Z stale pid removed job=snapshot-panel pid=58132
2026-02-28T23:57:25Z stale pid removed job=index-feed-generators pid=54804
2026-02-28T23:59:56Z job_started job=refresh-discovery pid=21768 log=D:\BlueSky\data_v2_full\logs\manual_runs\refresh-discovery_20260228T235955Z.stdout.log
2026-02-28T23:59:58Z job_started job=wide-sweep pid=42668 log=D:\BlueSky\data_v2_full\logs\manual_runs\wide-sweep_20260228T235956Z.stdout.log
2026-03-01T00:01:58Z stale pid removed job=refresh-discovery pid=21768
2026-03-01T00:01:59Z job_started job=build-panel pid=51744 log=D:\BlueSky\data_v2_full\logs\manual_runs\build-panel_20260301T000158Z.stdout.log
2026-03-01T00:02:30Z job_started job=snapshot-panel pid=64688 log=D:\BlueSky\data_v2_full\logs\manual_runs\snapshot-panel_20260301T000229Z.stdout.log
2026-03-01T00:02:31Z job_started job=index-feed-generators pid=62348 log=D:\BlueSky\data_v2_full\logs\manual_runs\index-feed-generators_20260301T000230Z.stdout.log
2026-03-01T00:02:32Z job_started job=hydrate-authors pid=64712 log=D:\BlueSky\data_v2_full\logs\manual_runs\hydrate-authors_20260301T000231Z.stdout.log
2026-03-01T00:03:32Z stale pid removed job=hydrate-authors pid=64712
2026-03-01T00:08:33Z stale pid removed job=build-panel pid=51744
2026-03-01T00:12:34Z stale pid removed job=snapshot-panel pid=64688
2026-03-01T00:36:06Z stale pid removed job=wide-sweep pid=42668
2026-03-01T00:57:37Z stale pid removed job=index-feed-generators pid=62348
2026-03-01T01:02:39Z job_started job=snapshot-panel pid=51184 log=D:\BlueSky\data_v2_full\logs\manual_runs\snapshot-panel_20260301T010238Z.stdout.log
2026-03-01T01:02:40Z job_started job=index-feed-generators pid=64928 log=D:\BlueSky\data_v2_full\logs\manual_runs\index-feed-generators_20260301T010239Z.stdout.log
2026-03-01T01:13:41Z stale pid removed job=snapshot-panel pid=51184
2026-03-01T01:57:44Z stale pid removed job=index-feed-generators pid=64928
2026-03-01T02:02:46Z job_started job=snapshot-panel pid=58872 log=D:\BlueSky\data_v2_full\logs\manual_runs\snapshot-panel_20260301T020244Z.stdout.log
2026-03-01T02:02:47Z job_started job=index-feed-generators pid=60400 log=D:\BlueSky\data_v2_full\logs\manual_runs\index-feed-generators_20260301T020246Z.stdout.log
2026-03-01T02:13:48Z stale pid removed job=snapshot-panel pid=58872
2026-03-01T02:57:51Z stale pid removed job=index-feed-generators pid=60400
2026-03-01T03:02:52Z job_started job=snapshot-panel pid=43300 log=D:\BlueSky\data_v2_full\logs\manual_runs\snapshot-panel_20260301T030251Z.stdout.log
2026-03-01T03:02:53Z job_started job=index-feed-generators pid=64616 log=D:\BlueSky\data_v2_full\logs\manual_runs\index-feed-generators_20260301T030252Z.stdout.log
2026-03-01T03:02:54Z job_started job=hydrate-authors pid=38204 log=D:\BlueSky\data_v2_full\logs\manual_runs\hydrate-authors_20260301T030253Z.stdout.log
2026-03-01T03:04:24Z stale pid removed job=hydrate-authors pid=38204
2026-03-01T03:13:55Z stale pid removed job=snapshot-panel pid=43300
2026-03-01T03:57:59Z stale pid removed job=index-feed-generators pid=64616
2026-03-01T04:03:00Z job_started job=snapshot-panel pid=61728 log=D:\BlueSky\data_v2_full\logs\manual_runs\snapshot-panel_20260301T040259Z.stdout.log
2026-03-01T04:03:01Z job_started job=index-feed-generators pid=53004 log=D:\BlueSky\data_v2_full\logs\manual_runs\index-feed-generators_20260301T040300Z.stdout.log
2026-03-01T04:14:02Z stale pid removed job=snapshot-panel pid=61728
2026-03-01T04:58:05Z stale pid removed job=index-feed-generators pid=53004
2026-03-01T05:03:07Z job_started job=snapshot-panel pid=62888 log=D:\BlueSky\data_v2_full\logs\manual_runs\snapshot-panel_20260301T050306Z.stdout.log
2026-03-01T05:03:08Z job_started job=index-feed-generators pid=23460 log=D:\BlueSky\data_v2_full\logs\manual_runs\index-feed-generators_20260301T050307Z.stdout.log
2026-03-01T05:14:09Z stale pid removed job=snapshot-panel pid=62888
2026-03-01T05:58:12Z stale pid removed job=index-feed-generators pid=23460
2026-03-01T06:03:13Z job_started job=snapshot-panel pid=60608 log=D:\BlueSky\data_v2_full\logs\manual_runs\snapshot-panel_20260301T060312Z.stdout.log
2026-03-01T06:03:14Z job_started job=index-feed-generators pid=61016 log=D:\BlueSky\data_v2_full\logs\manual_runs\index-feed-generators_20260301T060313Z.stdout.log
2026-03-01T06:03:16Z job_started job=hydrate-authors pid=47752 log=D:\BlueSky\data_v2_full\logs\manual_runs\hydrate-authors_20260301T060314Z.stdout.log
2026-03-01T06:03:46Z stale pid removed job=hydrate-authors pid=47752
2026-03-01T06:15:17Z stale pid removed job=snapshot-panel pid=60608
2026-03-01T06:58:20Z stale pid removed job=index-feed-generators pid=61016
2026-03-01T07:03:21Z job_started job=snapshot-panel pid=63912 log=D:\BlueSky\data_v2_full\logs\manual_runs\snapshot-panel_20260301T070320Z.stdout.log
2026-03-01T07:03:22Z job_started job=index-feed-generators pid=49320 log=D:\BlueSky\data_v2_full\logs\manual_runs\index-feed-generators_20260301T070321Z.stdout.log
2026-03-01T07:15:23Z stale pid removed job=snapshot-panel pid=63912
2026-03-01T07:58:27Z stale pid removed job=index-feed-generators pid=49320
2026-03-01T08:03:28Z job_started job=snapshot-panel pid=25904 log=D:\BlueSky\data_v2_full\logs\manual_runs\snapshot-panel_20260301T080327Z.stdout.log
2026-03-01T08:03:29Z job_started job=index-feed-generators pid=15944 log=D:\BlueSky\data_v2_full\logs\manual_runs\index-feed-generators_20260301T080328Z.stdout.log
2026-03-01T08:15:00Z stale pid removed job=snapshot-panel pid=25904
2026-03-01T08:58:33Z stale pid removed job=index-feed-generators pid=15944
2026-03-01T09:03:35Z job_started job=snapshot-panel pid=19076 log=D:\BlueSky\data_v2_full\logs\manual_runs\snapshot-panel_20260301T090334Z.stdout.log
2026-03-01T09:03:36Z job_started job=index-feed-generators pid=51092 log=D:\BlueSky\data_v2_full\logs\manual_runs\index-feed-generators_20260301T090335Z.stdout.log
2026-03-01T09:03:37Z job_started job=hydrate-authors pid=60984 log=D:\BlueSky\data_v2_full\logs\manual_runs\hydrate-authors_20260301T090336Z.stdout.log
2026-03-01T09:04:07Z stale pid removed job=hydrate-authors pid=60984
2026-03-01T09:15:08Z stale pid removed job=snapshot-panel pid=19076
2026-03-01T09:58:41Z stale pid removed job=index-feed-generators pid=51092
2026-03-01T10:03:42Z job_started job=snapshot-panel pid=30560 log=D:\BlueSky\data_v2_full\logs\manual_runs\snapshot-panel_20260301T100341Z.stdout.log
2026-03-01T10:03:43Z job_started job=index-feed-generators pid=28332 log=D:\BlueSky\data_v2_full\logs\manual_runs\index-feed-generators_20260301T100342Z.stdout.log
2026-03-01T10:17:44Z stale pid removed job=snapshot-panel pid=30560
2026-03-01T10:58:47Z stale pid removed job=index-feed-generators pid=28332
2026-03-01T11:03:48Z job_started job=snapshot-panel pid=53768 log=D:\BlueSky\data_v2_full\logs\manual_runs\snapshot-panel_20260301T110347Z.stdout.log
2026-03-01T11:03:49Z job_started job=index-feed-generators pid=29556 log=D:\BlueSky\data_v2_full\logs\manual_runs\index-feed-generators_20260301T110348Z.stdout.log
2026-03-01T11:14:20Z stale pid removed job=snapshot-panel pid=53768
2026-03-01T11:58:53Z stale pid removed job=index-feed-generators pid=29556
2026-03-01T12:03:55Z job_started job=snapshot-panel pid=30208 log=D:\BlueSky\data_v2_full\logs\manual_runs\snapshot-panel_20260301T120353Z.stdout.log
2026-03-01T12:03:56Z job_started job=index-feed-generators pid=53564 log=D:\BlueSky\data_v2_full\logs\manual_runs\index-feed-generators_20260301T120355Z.stdout.log
2026-03-01T12:03:57Z job_started job=hydrate-authors pid=47920 log=D:\BlueSky\data_v2_full\logs\manual_runs\hydrate-authors_20260301T120356Z.stdout.log
2026-03-01T12:04:27Z stale pid removed job=hydrate-authors pid=47920
2026-03-01T12:14:28Z stale pid removed job=snapshot-panel pid=30208
2026-03-01T12:59:01Z stale pid removed job=index-feed-generators pid=53564
2026-03-01T13:04:02Z job_started job=snapshot-panel pid=57068 log=D:\BlueSky\data_v2_full\logs\manual_runs\snapshot-panel_20260301T130401Z.stdout.log
2026-03-01T13:04:03Z job_started job=index-feed-generators pid=62940 log=D:\BlueSky\data_v2_full\logs\manual_runs\index-feed-generators_20260301T130402Z.stdout.log
2026-03-01T13:14:04Z stale pid removed job=snapshot-panel pid=57068
2026-03-01T13:59:07Z stale pid removed job=index-feed-generators pid=62940
2026-03-01T14:04:08Z job_started job=snapshot-panel pid=42280 log=D:\BlueSky\data_v2_full\logs\manual_runs\snapshot-panel_20260301T140407Z.stdout.log
2026-03-01T14:04:09Z job_started job=index-feed-generators pid=64244 log=D:\BlueSky\data_v2_full\logs\manual_runs\index-feed-generators_20260301T140408Z.stdout.log
2026-03-01T14:14:10Z stale pid removed job=snapshot-panel pid=42280
2026-03-01T14:59:13Z stale pid removed job=index-feed-generators pid=64244
2026-03-01T15:04:14Z job_started job=snapshot-panel pid=51784 log=D:\BlueSky\data_v2_full\logs\manual_runs\snapshot-panel_20260301T150413Z.stdout.log
2026-03-01T15:04:15Z job_started job=index-feed-generators pid=15136 log=D:\BlueSky\data_v2_full\logs\manual_runs\index-feed-generators_20260301T150414Z.stdout.log
2026-03-01T15:04:16Z job_started job=hydrate-authors pid=12168 log=D:\BlueSky\data_v2_full\logs\manual_runs\hydrate-authors_20260301T150415Z.stdout.log
2026-03-01T15:04:46Z stale pid removed job=hydrate-authors pid=12168
2026-03-01T15:14:17Z stale pid removed job=snapshot-panel pid=51784
2026-03-01T15:59:20Z stale pid removed job=index-feed-generators pid=15136
2026-03-01T16:04:21Z job_started job=snapshot-panel pid=63920 log=D:\BlueSky\data_v2_full\logs\manual_runs\snapshot-panel_20260301T160420Z.stdout.log
2026-03-01T16:04:22Z job_started job=index-feed-generators pid=25808 log=D:\BlueSky\data_v2_full\logs\manual_runs\index-feed-generators_20260301T160421Z.stdout.log
2026-03-01T16:14:53Z stale pid removed job=snapshot-panel pid=63920
2026-03-01T16:59:26Z stale pid removed job=index-feed-generators pid=25808
2026-03-01T17:04:28Z job_started job=snapshot-panel pid=50744 log=D:\BlueSky\data_v2_full\logs\manual_runs\snapshot-panel_20260301T170427Z.stdout.log
2026-03-01T17:04:29Z job_started job=index-feed-generators pid=55856 log=D:\BlueSky\data_v2_full\logs\manual_runs\index-feed-generators_20260301T170428Z.stdout.log
2026-03-01T17:14:30Z stale pid removed job=snapshot-panel pid=50744
2026-03-01T17:59:33Z stale pid removed job=index-feed-generators pid=55856
2026-03-01T18:04:34Z job_started job=snapshot-panel pid=31068 log=D:\BlueSky\data_v2_full\logs\manual_runs\snapshot-panel_20260301T180433Z.stdout.log
2026-03-01T18:04:35Z job_started job=index-feed-generators pid=42040 log=D:\BlueSky\data_v2_full\logs\manual_runs\index-feed-generators_20260301T180434Z.stdout.log
2026-03-01T18:04:36Z job_started job=hydrate-authors pid=18332 log=D:\BlueSky\data_v2_full\logs\manual_runs\hydrate-authors_20260301T180435Z.stdout.log
2026-03-01T18:05:36Z stale pid removed job=hydrate-authors pid=18332
2026-03-01T18:15:37Z stale pid removed job=snapshot-panel pid=31068
2026-03-01T18:59:40Z stale pid removed job=index-feed-generators pid=42040
2026-03-01T19:04:41Z job_started job=snapshot-panel pid=43200 log=D:\BlueSky\data_v2_full\logs\manual_runs\snapshot-panel_20260301T190440Z.stdout.log
2026-03-01T19:04:42Z job_started job=index-feed-generators pid=24928 log=D:\BlueSky\data_v2_full\logs\manual_runs\index-feed-generators_20260301T190441Z.stdout.log
2026-03-01T19:15:43Z stale pid removed job=snapshot-panel pid=43200
2026-03-01T19:59:46Z stale pid removed job=index-feed-generators pid=24928
2026-03-01T20:04:48Z job_started job=snapshot-panel pid=63600 log=D:\BlueSky\data_v2_full\logs\manual_runs\snapshot-panel_20260301T200447Z.stdout.log
2026-03-01T20:04:49Z job_started job=index-feed-generators pid=57280 log=D:\BlueSky\data_v2_full\logs\manual_runs\index-feed-generators_20260301T200448Z.stdout.log
2026-03-01T20:15:50Z stale pid removed job=snapshot-panel pid=63600
2026-03-01T20:59:53Z stale pid removed job=index-feed-generators pid=57280
2026-03-01T21:04:54Z job_started job=snapshot-panel pid=56828 log=D:\BlueSky\data_v2_full\logs\manual_runs\snapshot-panel_20260301T210453Z.stdout.log
2026-03-01T21:04:55Z job_started job=index-feed-generators pid=64248 log=D:\BlueSky\data_v2_full\logs\manual_runs\index-feed-generators_20260301T210454Z.stdout.log
2026-03-01T21:04:57Z job_started job=hydrate-authors pid=64048 log=D:\BlueSky\data_v2_full\logs\manual_runs\hydrate-authors_20260301T210455Z.stdout.log
2026-03-01T21:05:57Z stale pid removed job=hydrate-authors pid=64048
2026-03-01T21:16:28Z stale pid removed job=snapshot-panel pid=56828
2026-03-01T22:00:02Z stale pid removed job=index-feed-generators pid=64248
2026-03-01T22:05:03Z job_started job=snapshot-panel pid=65136 log=D:\BlueSky\data_v2_full\logs\manual_runs\snapshot-panel_20260301T220502Z.stdout.log
2026-03-01T22:05:04Z job_started job=index-feed-generators pid=24688 log=D:\BlueSky\data_v2_full\logs\manual_runs\index-feed-generators_20260301T220503Z.stdout.log
2026-03-01T22:16:05Z stale pid removed job=snapshot-panel pid=65136
2026-03-01T22:35:07Z stale pid removed job=index-feed-generators pid=24688
2026-03-01T23:05:09Z job_started job=snapshot-panel pid=63400 log=D:\BlueSky\data_v2_full\logs\manual_runs\snapshot-panel_20260301T230508Z.stdout.log
2026-03-01T23:05:10Z job_started job=index-feed-generators pid=43992 log=D:\BlueSky\data_v2_full\logs\manual_runs\index-feed-generators_20260301T230509Z.stdout.log
2026-03-01T23:16:41Z stale pid removed job=snapshot-panel pid=63400
2026-03-02T00:00:15Z stale pid removed job=index-feed-generators pid=43992
2026-03-02T00:00:16Z job_started job=refresh-discovery pid=13580 log=D:\BlueSky\data_v2_full\logs\manual_runs\refresh-discovery_20260302T000015Z.stdout.log
2026-03-02T00:00:17Z job_started job=wide-sweep pid=50952 log=D:\BlueSky\data_v2_full\logs\manual_runs\wide-sweep_20260302T000016Z.stdout.log
2026-03-02T00:02:17Z stale pid removed job=refresh-discovery pid=13580
2026-03-02T00:02:18Z job_started job=build-panel pid=25872 log=D:\BlueSky\data_v2_full\logs\manual_runs\build-panel_20260302T000217Z.stdout.log
2026-03-02T00:05:20Z job_started job=snapshot-panel pid=60232 log=D:\BlueSky\data_v2_full\logs\manual_runs\snapshot-panel_20260302T000518Z.stdout.log
2026-03-02T00:05:21Z job_started job=index-feed-generators pid=62324 log=D:\BlueSky\data_v2_full\logs\manual_runs\index-feed-generators_20260302T000520Z.stdout.log
2026-03-02T00:05:22Z job_started job=hydrate-authors pid=60428 log=D:\BlueSky\data_v2_full\logs\manual_runs\hydrate-authors_20260302T000521Z.stdout.log
2026-03-02T00:06:22Z stale pid removed job=hydrate-authors pid=60428
2026-03-02T00:07:52Z stale pid removed job=build-panel pid=25872
2026-03-02T00:15:23Z stale pid removed job=snapshot-panel pid=60232
2026-03-02T00:33:25Z stale pid removed job=wide-sweep pid=50952
2026-03-02T01:00:29Z stale pid removed job=index-feed-generators pid=62324
2026-03-02T01:05:30Z job_started job=snapshot-panel pid=22844 log=D:\BlueSky\data_v2_full\logs\manual_runs\snapshot-panel_20260302T010529Z.stdout.log
2026-03-02T01:05:31Z job_started job=index-feed-generators pid=37388 log=D:\BlueSky\data_v2_full\logs\manual_runs\index-feed-generators_20260302T010530Z.stdout.log
2026-03-02T01:15:33Z stale pid removed job=snapshot-panel pid=22844
2026-03-02T02:00:36Z stale pid removed job=index-feed-generators pid=37388
2026-03-02T02:05:37Z job_started job=snapshot-panel pid=42812 log=D:\BlueSky\data_v2_full\logs\manual_runs\snapshot-panel_20260302T020536Z.stdout.log
2026-03-02T02:05:38Z job_started job=index-feed-generators pid=62196 log=D:\BlueSky\data_v2_full\logs\manual_runs\index-feed-generators_20260302T020537Z.stdout.log
2026-03-02T02:16:40Z stale pid removed job=snapshot-panel pid=42812
2026-03-02T02:22:36Z stale pid removed job=index-feed-generators pid=62196
2026-03-02T03:05:31Z job_started job=hydrate-authors pid=56340 log=D:\BlueSky\data_v2_full\logs\manual_runs\hydrate-authors_20260302T030529Z.stdout.log
2026-03-02T03:06:17Z job_started job=snapshot-panel pid=70916 log=D:\BlueSky\data_v2_full\logs\manual_runs\snapshot-panel_20260302T030601Z.stdout.log
2026-03-02T03:06:37Z job_started job=index-feed-generators pid=59384 log=D:\BlueSky\data_v2_full\logs\manual_runs\index-feed-generators_20260302T030617Z.stdout.log
2026-03-02T03:08:10Z stale pid removed job=hydrate-authors pid=56340
2026-03-02T03:18:12Z stale pid removed job=snapshot-panel pid=70916
2026-03-02T04:02:57Z stale pid removed job=index-feed-generators pid=59384
2026-03-02T04:06:29Z job_started job=snapshot-panel pid=66164 log=D:\BlueSky\data_v2_full\logs\manual_runs\snapshot-panel_20260302T040627Z.stdout.log
2026-03-02T04:07:02Z job_started job=index-feed-generators pid=66936 log=D:\BlueSky\data_v2_full\logs\manual_runs\index-feed-generators_20260302T040700Z.stdout.log
2026-03-02T04:18:04Z stale pid removed job=snapshot-panel pid=66164
2026-03-02T05:02:37Z stale pid removed job=index-feed-generators pid=66936
2026-03-02T05:06:39Z job_started job=snapshot-panel pid=70260 log=D:\BlueSky\data_v2_full\logs\manual_runs\snapshot-panel_20260302T050638Z.stdout.log
2026-03-02T05:07:10Z job_started job=index-feed-generators pid=69396 log=D:\BlueSky\data_v2_full\logs\manual_runs\index-feed-generators_20260302T050709Z.stdout.log
2026-03-02T05:16:41Z stale pid removed job=snapshot-panel pid=70260
2026-03-02T06:02:14Z stale pid removed job=index-feed-generators pid=69396
2026-03-02T06:05:45Z job_started job=hydrate-authors pid=40304 log=D:\BlueSky\data_v2_full\logs\manual_runs\hydrate-authors_20260302T060544Z.stdout.log
2026-03-02T06:06:15Z stale pid removed job=hydrate-authors pid=40304
2026-03-02T06:06:46Z job_started job=snapshot-panel pid=72120 log=D:\BlueSky\data_v2_full\logs\manual_runs\snapshot-panel_20260302T060645Z.stdout.log
2026-03-02T06:07:18Z job_started job=index-feed-generators pid=72200 log=D:\BlueSky\data_v2_full\logs\manual_runs\index-feed-generators_20260302T060717Z.stdout.log
2026-03-02T06:16:49Z stale pid removed job=snapshot-panel pid=72120
2026-03-02T07:02:22Z stale pid removed job=index-feed-generators pid=72200
2026-03-02T07:06:53Z job_started job=snapshot-panel pid=19752 log=D:\BlueSky\data_v2_full\logs\manual_runs\snapshot-panel_20260302T070652Z.stdout.log
2026-03-02T07:07:24Z job_started job=index-feed-generators pid=7476 log=D:\BlueSky\data_v2_full\logs\manual_runs\index-feed-generators_20260302T070723Z.stdout.log
2026-03-02T07:17:25Z stale pid removed job=snapshot-panel pid=19752
2026-03-02T08:02:28Z stale pid removed job=index-feed-generators pid=7476
2026-03-02T08:07:00Z job_started job=snapshot-panel pid=66516 log=D:\BlueSky\data_v2_full\logs\manual_runs\snapshot-panel_20260302T080659Z.stdout.log
2026-03-02T08:07:31Z job_started job=index-feed-generators pid=64428 log=D:\BlueSky\data_v2_full\logs\manual_runs\index-feed-generators_20260302T080730Z.stdout.log
2026-03-02T08:17:32Z stale pid removed job=snapshot-panel pid=66516
2026-03-02T09:02:35Z stale pid removed job=index-feed-generators pid=64428
2026-03-02T09:06:06Z job_started job=hydrate-authors pid=72532 log=D:\BlueSky\data_v2_full\logs\manual_runs\hydrate-authors_20260302T090605Z.stdout.log
2026-03-02T09:06:36Z stale pid removed job=hydrate-authors pid=72532
2026-03-02T09:07:08Z job_started job=snapshot-panel pid=56044 log=D:\BlueSky\data_v2_full\logs\manual_runs\snapshot-panel_20260302T090706Z.stdout.log
2026-03-02T09:07:39Z job_started job=index-feed-generators pid=53660 log=D:\BlueSky\data_v2_full\logs\manual_runs\index-feed-generators_20260302T090738Z.stdout.log
2026-03-02T09:18:10Z stale pid removed job=snapshot-panel pid=56044
2026-03-02T10:02:43Z stale pid removed job=index-feed-generators pid=53660
2026-03-02T10:07:15Z job_started job=snapshot-panel pid=63412 log=D:\BlueSky\data_v2_full\logs\manual_runs\snapshot-panel_20260302T100714Z.stdout.log
2026-03-02T10:07:46Z job_started job=index-feed-generators pid=67520 log=D:\BlueSky\data_v2_full\logs\manual_runs\index-feed-generators_20260302T100745Z.stdout.log
2026-03-02T10:17:47Z stale pid removed job=snapshot-panel pid=63412
2026-03-02T11:02:50Z stale pid removed job=index-feed-generators pid=67520
2026-03-02T11:07:22Z job_started job=snapshot-panel pid=35016 log=D:\BlueSky\data_v2_full\logs\manual_runs\snapshot-panel_20260302T110721Z.stdout.log
2026-03-02T11:07:53Z job_started job=index-feed-generators pid=66528 log=D:\BlueSky\data_v2_full\logs\manual_runs\index-feed-generators_20260302T110752Z.stdout.log
2026-03-02T11:17:24Z stale pid removed job=snapshot-panel pid=35016
2026-03-02T12:02:57Z stale pid removed job=index-feed-generators pid=66528
2026-03-02T12:06:28Z job_started job=hydrate-authors pid=71432 log=D:\BlueSky\data_v2_full\logs\manual_runs\hydrate-authors_20260302T120627Z.stdout.log
2026-03-02T12:06:58Z stale pid removed job=hydrate-authors pid=71432
2026-03-02T12:07:29Z job_started job=snapshot-panel pid=12836 log=D:\BlueSky\data_v2_full\logs\manual_runs\snapshot-panel_20260302T120728Z.stdout.log
2026-03-02T12:08:01Z job_started job=index-feed-generators pid=74308 log=D:\BlueSky\data_v2_full\logs\manual_runs\index-feed-generators_20260302T120759Z.stdout.log
2026-03-02T12:17:31Z stale pid removed job=snapshot-panel pid=12836
2026-03-02T13:03:05Z stale pid removed job=index-feed-generators pid=74308
2026-03-02T13:07:36Z job_started job=snapshot-panel pid=62744 log=D:\BlueSky\data_v2_full\logs\manual_runs\snapshot-panel_20260302T130735Z.stdout.log
2026-03-02T13:08:07Z job_started job=index-feed-generators pid=76052 log=D:\BlueSky\data_v2_full\logs\manual_runs\index-feed-generators_20260302T130806Z.stdout.log
2026-03-02T13:17:38Z stale pid removed job=snapshot-panel pid=62744
2026-03-02T14:03:12Z stale pid removed job=index-feed-generators pid=76052
2026-03-02T14:07:43Z job_started job=snapshot-panel pid=62804 log=D:\BlueSky\data_v2_full\logs\manual_runs\snapshot-panel_20260302T140742Z.stdout.log
2026-03-02T14:08:14Z job_started job=index-feed-generators pid=45720 log=D:\BlueSky\data_v2_full\logs\manual_runs\index-feed-generators_20260302T140813Z.stdout.log
2026-03-02T14:17:45Z stale pid removed job=snapshot-panel pid=62804
2026-03-02T15:03:18Z stale pid removed job=index-feed-generators pid=45720
2026-03-02T15:06:50Z job_started job=hydrate-authors pid=77416 log=D:\BlueSky\data_v2_full\logs\manual_runs\hydrate-authors_20260302T150649Z.stdout.log
2026-03-02T15:07:20Z stale pid removed job=hydrate-authors pid=77416
2026-03-02T15:07:51Z job_started job=snapshot-panel pid=54068 log=D:\BlueSky\data_v2_full\logs\manual_runs\snapshot-panel_20260302T150750Z.stdout.log
2026-03-02T15:08:22Z job_started job=index-feed-generators pid=74428 log=D:\BlueSky\data_v2_full\logs\manual_runs\index-feed-generators_20260302T150821Z.stdout.log
2026-03-02T15:17:53Z stale pid removed job=snapshot-panel pid=54068
2026-03-02T16:03:26Z stale pid removed job=index-feed-generators pid=74428
2026-03-02T16:07:58Z job_started job=snapshot-panel pid=75604 log=D:\BlueSky\data_v2_full\logs\manual_runs\snapshot-panel_20260302T160757Z.stdout.log
2026-03-02T16:08:29Z job_started job=index-feed-generators pid=75600 log=D:\BlueSky\data_v2_full\logs\manual_runs\index-feed-generators_20260302T160828Z.stdout.log
2026-03-02T16:18:00Z stale pid removed job=snapshot-panel pid=75604
2026-03-02T17:03:33Z stale pid removed job=index-feed-generators pid=75600
2026-03-02T17:08:04Z job_started job=snapshot-panel pid=68448 log=D:\BlueSky\data_v2_full\logs\manual_runs\snapshot-panel_20260302T170803Z.stdout.log
2026-03-02T17:08:35Z job_started job=index-feed-generators pid=76000 log=D:\BlueSky\data_v2_full\logs\manual_runs\index-feed-generators_20260302T170834Z.stdout.log
2026-03-02T17:18:36Z stale pid removed job=snapshot-panel pid=68448
2026-03-02T18:03:40Z stale pid removed job=index-feed-generators pid=76000
2026-03-02T18:07:11Z job_started job=hydrate-authors pid=29116 log=D:\BlueSky\data_v2_full\logs\manual_runs\hydrate-authors_20260302T180710Z.stdout.log
2026-03-02T18:08:12Z job_started job=snapshot-panel pid=62388 log=D:\BlueSky\data_v2_full\logs\manual_runs\snapshot-panel_20260302T180811Z.stdout.log
2026-03-02T18:08:12Z stale pid removed job=hydrate-authors pid=29116
2026-03-02T18:08:43Z job_started job=index-feed-generators pid=68396 log=D:\BlueSky\data_v2_full\logs\manual_runs\index-feed-generators_20260302T180842Z.stdout.log
2026-03-02T18:18:14Z stale pid removed job=snapshot-panel pid=62388
2026-03-02T19:03:48Z stale pid removed job=index-feed-generators pid=68396
2026-03-02T19:08:19Z job_started job=snapshot-panel pid=28840 log=D:\BlueSky\data_v2_full\logs\manual_runs\snapshot-panel_20260302T190818Z.stdout.log
2026-03-02T19:08:50Z job_started job=index-feed-generators pid=42176 log=D:\BlueSky\data_v2_full\logs\manual_runs\index-feed-generators_20260302T190849Z.stdout.log
2026-03-02T19:18:21Z stale pid removed job=snapshot-panel pid=28840
2026-03-02T20:03:54Z stale pid removed job=index-feed-generators pid=42176
2026-03-02T20:08:26Z job_started job=snapshot-panel pid=71984 log=D:\BlueSky\data_v2_full\logs\manual_runs\snapshot-panel_20260302T200824Z.stdout.log
2026-03-02T20:08:57Z job_started job=index-feed-generators pid=71992 log=D:\BlueSky\data_v2_full\logs\manual_runs\index-feed-generators_20260302T200856Z.stdout.log
2026-03-02T20:14:57Z stale pid removed job=snapshot-panel pid=71984
2026-03-02T20:14:57Z stale pid removed job=index-feed-generators pid=71992
2026-03-02T21:07:31Z job_started job=hydrate-authors pid=66632 log=D:\BlueSky\data_v2_full\logs\manual_runs\hydrate-authors_20260302T210730Z.stdout.log
2026-03-02T21:08:01Z stale pid removed job=hydrate-authors pid=66632
2026-03-02T21:08:32Z job_started job=snapshot-panel pid=2444 log=D:\BlueSky\data_v2_full\logs\manual_runs\snapshot-panel_20260302T210831Z.stdout.log
2026-03-02T21:09:02Z stale pid removed job=snapshot-panel pid=2444
2026-03-02T21:09:03Z job_started job=index-feed-generators pid=50972 log=D:\BlueSky\data_v2_full\logs\manual_runs\index-feed-generators_20260302T210902Z.stdout.log
2026-03-02T21:09:33Z stale pid removed job=index-feed-generators pid=50972
2026-03-02T21:16:55Z collector-daemon-win starting pid=55588 root=D:\BlueSky out_base=D:\BlueSky\data_v2_full
2026-03-02T21:16:55Z startup stamp reset enabled cleared=6
2026-03-02T21:16:56Z state-writer started pid=65608 tcp=127.0.0.1:9911 log=D:\BlueSky\data_v2_full\logs\manual_runs\state-writer_20260302T211655Z.stdout.log
2026-03-02T21:16:58Z job_started job=snapshot-panel pid=69184 log=D:\BlueSky\data_v2_full\logs\manual_runs\snapshot-panel_20260302T211656Z.stdout.log
2026-03-02T21:16:59Z job_started job=index-feed-generators pid=65636 log=D:\BlueSky\data_v2_full\logs\manual_runs\index-feed-generators_20260302T211658Z.stdout.log
2026-03-02T21:17:00Z job_started job=hydrate-authors pid=54664 log=D:\BlueSky\data_v2_full\logs\manual_runs\hydrate-authors_20260302T211659Z.stdout.log
2026-03-02T21:17:01Z job_started job=refresh-discovery pid=68460 log=D:\BlueSky\data_v2_full\logs\manual_runs\refresh-discovery_20260302T211700Z.stdout.log
2026-03-02T21:17:02Z job_started job=wide-sweep pid=72832 log=D:\BlueSky\data_v2_full\logs\manual_runs\wide-sweep_20260302T211701Z.stdout.log
2026-03-02T21:17:32Z stale pid removed job=hydrate-authors pid=54664
2026-03-02T21:17:32Z stale pid removed job=refresh-discovery pid=68460
2026-03-02T21:17:33Z job_started job=build-panel pid=68248 log=D:\BlueSky\data_v2_full\logs\manual_runs\build-panel_20260302T211732Z.stdout.log
2026-03-02T21:24:34Z stale pid removed job=build-panel pid=68248
2026-03-02T21:27:05Z stale pid removed job=snapshot-panel pid=69184
2026-03-02T21:52:37Z stale pid removed job=wide-sweep pid=72832
2026-03-02T22:12:09Z stale pid removed job=index-feed-generators pid=65636
2026-03-02T22:17:10Z job_started job=snapshot-panel pid=73192 log=D:\BlueSky\data_v2_full\logs\manual_runs\snapshot-panel_20260302T221709Z.stdout.log
2026-03-02T22:17:11Z job_started job=index-feed-generators pid=47920 log=D:\BlueSky\data_v2_full\logs\manual_runs\index-feed-generators_20260302T221710Z.stdout.log
2026-03-02T22:26:42Z stale pid removed job=snapshot-panel pid=73192
2026-03-02T23:12:16Z stale pid removed job=index-feed-generators pid=47920
2026-03-02T23:17:18Z job_started job=snapshot-panel pid=24956 log=D:\BlueSky\data_v2_full\logs\manual_runs\snapshot-panel_20260302T231717Z.stdout.log
2026-03-02T23:17:19Z job_started job=index-feed-generators pid=72520 log=D:\BlueSky\data_v2_full\logs\manual_runs\index-feed-generators_20260302T231718Z.stdout.log
2026-03-02T23:26:50Z stale pid removed job=snapshot-panel pid=24956
2026-03-03T00:12:24Z stale pid removed job=index-feed-generators pid=72520
2026-03-03T00:17:25Z job_started job=snapshot-panel pid=77364 log=D:\BlueSky\data_v2_full\logs\manual_runs\snapshot-panel_20260303T001724Z.stdout.log
2026-03-03T00:17:26Z job_started job=index-feed-generators pid=65408 log=D:\BlueSky\data_v2_full\logs\manual_runs\index-feed-generators_20260303T001725Z.stdout.log
2026-03-03T00:17:27Z job_started job=hydrate-authors pid=55956 log=D:\BlueSky\data_v2_full\logs\manual_runs\hydrate-authors_20260303T001726Z.stdout.log
2026-03-03T00:18:58Z stale pid removed job=hydrate-authors pid=55956
2026-03-03T00:27:28Z stale pid removed job=snapshot-panel pid=77364
2026-03-03T01:12:32Z stale pid removed job=index-feed-generators pid=65408
2026-03-03T01:17:33Z job_started job=snapshot-panel pid=58404 log=D:\BlueSky\data_v2_full\logs\manual_runs\snapshot-panel_20260303T011732Z.stdout.log
2026-03-03T01:17:34Z job_started job=index-feed-generators pid=50220 log=D:\BlueSky\data_v2_full\logs\manual_runs\index-feed-generators_20260303T011733Z.stdout.log
2026-03-03T01:27:05Z stale pid removed job=snapshot-panel pid=58404
2026-03-03T02:12:39Z stale pid removed job=index-feed-generators pid=50220
2026-03-03T02:17:40Z job_started job=snapshot-panel pid=34856 log=D:\BlueSky\data_v2_full\logs\manual_runs\snapshot-panel_20260303T021739Z.stdout.log
2026-03-03T02:17:42Z job_started job=index-feed-generators pid=42432 log=D:\BlueSky\data_v2_full\logs\manual_runs\index-feed-generators_20260303T021740Z.stdout.log
2026-03-03T02:27:43Z stale pid removed job=snapshot-panel pid=34856
2026-03-03T03:12:46Z stale pid removed job=index-feed-generators pid=42432
2026-03-03T03:17:48Z job_started job=snapshot-panel pid=47640 log=D:\BlueSky\data_v2_full\logs\manual_runs\snapshot-panel_20260303T031747Z.stdout.log
2026-03-03T03:17:49Z job_started job=index-feed-generators pid=72732 log=D:\BlueSky\data_v2_full\logs\manual_runs\index-feed-generators_20260303T031748Z.stdout.log
2026-03-03T03:17:50Z job_started job=hydrate-authors pid=74456 log=D:\BlueSky\data_v2_full\logs\manual_runs\hydrate-authors_20260303T031749Z.stdout.log
2026-03-03T03:18:20Z stale pid removed job=hydrate-authors pid=74456
2026-03-03T03:28:21Z stale pid removed job=snapshot-panel pid=47640
2026-03-03T04:12:55Z stale pid removed job=index-feed-generators pid=72732
2026-03-03T04:17:56Z job_started job=snapshot-panel pid=14940 log=D:\BlueSky\data_v2_full\logs\manual_runs\snapshot-panel_20260303T041755Z.stdout.log
2026-03-03T04:17:57Z job_started job=index-feed-generators pid=44984 log=D:\BlueSky\data_v2_full\logs\manual_runs\index-feed-generators_20260303T041756Z.stdout.log
2026-03-03T04:28:58Z stale pid removed job=snapshot-panel pid=14940
2026-03-03T05:13:02Z stale pid removed job=index-feed-generators pid=44984
2026-03-03T05:18:04Z job_started job=snapshot-panel pid=51656 log=D:\BlueSky\data_v2_full\logs\manual_runs\snapshot-panel_20260303T051802Z.stdout.log
2026-03-03T05:18:05Z job_started job=index-feed-generators pid=74400 log=D:\BlueSky\data_v2_full\logs\manual_runs\index-feed-generators_20260303T051804Z.stdout.log
2026-03-03T05:27:36Z stale pid removed job=snapshot-panel pid=51656
2026-03-03T06:13:10Z stale pid removed job=index-feed-generators pid=74400
2026-03-03T06:18:11Z job_started job=snapshot-panel pid=75172 log=D:\BlueSky\data_v2_full\logs\manual_runs\snapshot-panel_20260303T061810Z.stdout.log
2026-03-03T06:18:12Z job_started job=index-feed-generators pid=42552 log=D:\BlueSky\data_v2_full\logs\manual_runs\index-feed-generators_20260303T061811Z.stdout.log
2026-03-03T06:18:13Z job_started job=hydrate-authors pid=56488 log=D:\BlueSky\data_v2_full\logs\manual_runs\hydrate-authors_20260303T061812Z.stdout.log
2026-03-03T06:18:43Z stale pid removed job=hydrate-authors pid=56488
2026-03-03T06:28:14Z stale pid removed job=snapshot-panel pid=75172
2026-03-03T07:13:18Z stale pid removed job=index-feed-generators pid=42552
2026-03-03T07:18:20Z job_started job=snapshot-panel pid=39008 log=D:\BlueSky\data_v2_full\logs\manual_runs\snapshot-panel_20260303T071818Z.stdout.log
2026-03-03T07:18:21Z job_started job=index-feed-generators pid=73956 log=D:\BlueSky\data_v2_full\logs\manual_runs\index-feed-generators_20260303T071820Z.stdout.log
2026-03-03T07:29:22Z stale pid removed job=snapshot-panel pid=39008
2026-03-03T08:13:26Z stale pid removed job=index-feed-generators pid=73956
2026-03-03T08:18:27Z job_started job=snapshot-panel pid=61288 log=D:\BlueSky\data_v2_full\logs\manual_runs\snapshot-panel_20260303T081826Z.stdout.log
2026-03-03T08:18:28Z job_started job=index-feed-generators pid=46564 log=D:\BlueSky\data_v2_full\logs\manual_runs\index-feed-generators_20260303T081827Z.stdout.log
2026-03-03T08:28:29Z stale pid removed job=snapshot-panel pid=61288
2026-03-03T09:13:33Z stale pid removed job=index-feed-generators pid=46564
2026-03-03T09:18:34Z job_started job=snapshot-panel pid=18484 log=D:\BlueSky\data_v2_full\logs\manual_runs\snapshot-panel_20260303T091833Z.stdout.log
2026-03-03T09:18:35Z job_started job=index-feed-generators pid=69548 log=D:\BlueSky\data_v2_full\logs\manual_runs\index-feed-generators_20260303T091834Z.stdout.log
2026-03-03T09:18:37Z job_started job=hydrate-authors pid=36820 log=D:\BlueSky\data_v2_full\logs\manual_runs\hydrate-authors_20260303T091835Z.stdout.log
2026-03-03T09:19:07Z stale pid removed job=hydrate-authors pid=36820
2026-03-03T09:28:38Z stale pid removed job=snapshot-panel pid=18484
2026-03-03T10:13:41Z stale pid removed job=index-feed-generators pid=69548
2026-03-03T10:18:43Z job_started job=snapshot-panel pid=66320 log=D:\BlueSky\data_v2_full\logs\manual_runs\snapshot-panel_20260303T101842Z.stdout.log
2026-03-03T10:18:44Z job_started job=index-feed-generators pid=75084 log=D:\BlueSky\data_v2_full\logs\manual_runs\index-feed-generators_20260303T101843Z.stdout.log
2026-03-03T10:28:45Z stale pid removed job=snapshot-panel pid=66320
2026-03-03T11:13:49Z stale pid removed job=index-feed-generators pid=75084
2026-03-03T11:18:50Z job_started job=snapshot-panel pid=65188 log=D:\BlueSky\data_v2_full\logs\manual_runs\snapshot-panel_20260303T111849Z.stdout.log
2026-03-03T11:18:51Z job_started job=index-feed-generators pid=57176 log=D:\BlueSky\data_v2_full\logs\manual_runs\index-feed-generators_20260303T111850Z.stdout.log
2026-03-03T11:28:52Z stale pid removed job=snapshot-panel pid=65188
2026-03-03T12:13:56Z stale pid removed job=index-feed-generators pid=57176
2026-03-03T12:18:57Z job_started job=snapshot-panel pid=46500 log=D:\BlueSky\data_v2_full\logs\manual_runs\snapshot-panel_20260303T121856Z.stdout.log
2026-03-03T12:18:58Z job_started job=index-feed-generators pid=71900 log=D:\BlueSky\data_v2_full\logs\manual_runs\index-feed-generators_20260303T121857Z.stdout.log
2026-03-03T12:19:00Z job_started job=hydrate-authors pid=73812 log=D:\BlueSky\data_v2_full\logs\manual_runs\hydrate-authors_20260303T121858Z.stdout.log
2026-03-03T12:19:30Z stale pid removed job=hydrate-authors pid=73812
2026-03-03T12:29:01Z stale pid removed job=snapshot-panel pid=46500
2026-03-03T13:14:04Z stale pid removed job=index-feed-generators pid=71900
2026-03-03T13:19:06Z job_started job=snapshot-panel pid=69768 log=D:\BlueSky\data_v2_full\logs\manual_runs\snapshot-panel_20260303T131905Z.stdout.log
2026-03-03T13:19:07Z job_started job=index-feed-generators pid=21712 log=D:\BlueSky\data_v2_full\logs\manual_runs\index-feed-generators_20260303T131906Z.stdout.log
2026-03-03T13:29:08Z stale pid removed job=snapshot-panel pid=69768
2026-03-03T14:14:12Z stale pid removed job=index-feed-generators pid=21712
2026-03-03T14:19:13Z job_started job=snapshot-panel pid=6636 log=D:\BlueSky\data_v2_full\logs\manual_runs\snapshot-panel_20260303T141912Z.stdout.log
2026-03-03T14:19:14Z job_started job=index-feed-generators pid=73544 log=D:\BlueSky\data_v2_full\logs\manual_runs\index-feed-generators_20260303T141913Z.stdout.log
2026-03-03T14:28:45Z stale pid removed job=snapshot-panel pid=6636
2026-03-03T15:14:19Z stale pid removed job=index-feed-generators pid=73544
2026-03-03T15:19:21Z job_started job=snapshot-panel pid=75284 log=D:\BlueSky\data_v2_full\logs\manual_runs\snapshot-panel_20260303T151920Z.stdout.log
2026-03-03T15:19:22Z job_started job=index-feed-generators pid=51392 log=D:\BlueSky\data_v2_full\logs\manual_runs\index-feed-generators_20260303T151921Z.stdout.log
2026-03-03T15:19:23Z job_started job=hydrate-authors pid=36272 log=D:\BlueSky\data_v2_full\logs\manual_runs\hydrate-authors_20260303T151922Z.stdout.log
2026-03-03T15:19:53Z stale pid removed job=hydrate-authors pid=36272
2026-03-03T15:29:24Z stale pid removed job=snapshot-panel pid=75284
2026-03-03T16:14:28Z stale pid removed job=index-feed-generators pid=51392
2026-03-03T16:19:29Z job_started job=snapshot-panel pid=38872 log=D:\BlueSky\data_v2_full\logs\manual_runs\snapshot-panel_20260303T161928Z.stdout.log
2026-03-03T16:19:30Z job_started job=index-feed-generators pid=71432 log=D:\BlueSky\data_v2_full\logs\manual_runs\index-feed-generators_20260303T161929Z.stdout.log
2026-03-03T16:29:02Z stale pid removed job=snapshot-panel pid=38872
2026-03-03T17:14:35Z stale pid removed job=index-feed-generators pid=71432
2026-03-03T17:19:37Z job_started job=snapshot-panel pid=56448 log=D:\BlueSky\data_v2_full\logs\manual_runs\snapshot-panel_20260303T171936Z.stdout.log
2026-03-03T17:19:38Z job_started job=index-feed-generators pid=69528 log=D:\BlueSky\data_v2_full\logs\manual_runs\index-feed-generators_20260303T171937Z.stdout.log
2026-03-03T17:30:09Z stale pid removed job=snapshot-panel pid=56448
2026-03-03T18:14:43Z stale pid removed job=index-feed-generators pid=69528
2026-03-03T18:19:44Z job_started job=snapshot-panel pid=69700 log=D:\BlueSky\data_v2_full\logs\manual_runs\snapshot-panel_20260303T181943Z.stdout.log
2026-03-03T18:19:45Z job_started job=index-feed-generators pid=59492 log=D:\BlueSky\data_v2_full\logs\manual_runs\index-feed-generators_20260303T181944Z.stdout.log
2026-03-03T18:19:46Z job_started job=hydrate-authors pid=60464 log=D:\BlueSky\data_v2_full\logs\manual_runs\hydrate-authors_20260303T181945Z.stdout.log
2026-03-03T18:20:16Z stale pid removed job=hydrate-authors pid=60464
2026-03-03T18:29:47Z stale pid removed job=snapshot-panel pid=69700
2026-03-03T19:14:51Z stale pid removed job=index-feed-generators pid=59492
2026-03-03T19:19:52Z job_started job=snapshot-panel pid=72348 log=D:\BlueSky\data_v2_full\logs\manual_runs\snapshot-panel_20260303T191951Z.stdout.log
2026-03-03T19:19:53Z job_started job=index-feed-generators pid=59376 log=D:\BlueSky\data_v2_full\logs\manual_runs\index-feed-generators_20260303T191952Z.stdout.log
2026-03-03T19:29:54Z stale pid removed job=snapshot-panel pid=72348
2026-03-03T20:14:58Z stale pid removed job=index-feed-generators pid=59376
2026-03-03T20:19:59Z job_started job=snapshot-panel pid=78248 log=D:\BlueSky\data_v2_full\logs\manual_runs\snapshot-panel_20260303T201958Z.stdout.log
2026-03-03T20:20:00Z job_started job=index-feed-generators pid=62024 log=D:\BlueSky\data_v2_full\logs\manual_runs\index-feed-generators_20260303T201959Z.stdout.log
2026-03-03T20:29:31Z stale pid removed job=snapshot-panel pid=78248
2026-03-03T21:15:35Z stale pid removed job=index-feed-generators pid=62024
2026-03-03T21:17:06Z job_started job=refresh-discovery pid=35016 log=D:\BlueSky\data_v2_full\logs\manual_runs\refresh-discovery_20260303T211705Z.stdout.log
2026-03-03T21:17:07Z job_started job=wide-sweep pid=34856 log=D:\BlueSky\data_v2_full\logs\manual_runs\wide-sweep_20260303T211706Z.stdout.log
2026-03-03T21:18:38Z stale pid removed job=refresh-discovery pid=35016
2026-03-03T21:18:39Z job_started job=build-panel pid=42428 log=D:\BlueSky\data_v2_full\logs\manual_runs\build-panel_20260303T211838Z.stdout.log
2026-03-03T21:20:10Z job_started job=snapshot-panel pid=68192 log=D:\BlueSky\data_v2_full\logs\manual_runs\snapshot-panel_20260303T212009Z.stdout.log
2026-03-03T21:20:11Z job_started job=index-feed-generators pid=56056 log=D:\BlueSky\data_v2_full\logs\manual_runs\index-feed-generators_20260303T212010Z.stdout.log
2026-03-03T21:20:12Z job_started job=hydrate-authors pid=44888 log=D:\BlueSky\data_v2_full\logs\manual_runs\hydrate-authors_20260303T212011Z.stdout.log
2026-03-03T21:20:42Z stale pid removed job=hydrate-authors pid=44888
2026-03-03T21:34:15Z stale pid removed job=build-panel pid=42428
2026-03-03T21:37:15Z stale pid removed job=snapshot-panel pid=68192
2026-03-03T22:04:48Z stale pid removed job=wide-sweep pid=34856
2026-03-03T22:15:49Z stale pid removed job=index-feed-generators pid=56056
2026-03-03T22:20:20Z job_started job=snapshot-panel pid=72116 log=D:\BlueSky\data_v2_full\logs\manual_runs\snapshot-panel_20260303T222019Z.stdout.log
2026-03-03T22:20:22Z job_started job=index-feed-generators pid=58088 log=D:\BlueSky\data_v2_full\logs\manual_runs\index-feed-generators_20260303T222020Z.stdout.log
2026-03-03T22:34:53Z stale pid removed job=snapshot-panel pid=72116
2026-03-03T23:15:27Z stale pid removed job=index-feed-generators pid=58088
2026-03-03T23:20:28Z job_started job=snapshot-panel pid=60460 log=D:\BlueSky\data_v2_full\logs\manual_runs\snapshot-panel_20260303T232027Z.stdout.log
2026-03-03T23:20:29Z job_started job=index-feed-generators pid=19984 log=D:\BlueSky\data_v2_full\logs\manual_runs\index-feed-generators_20260303T232028Z.stdout.log
2026-03-03T23:30:00Z stale pid removed job=snapshot-panel pid=60460
2026-03-04T00:15:34Z stale pid removed job=index-feed-generators pid=19984
2026-03-04T00:20:35Z job_started job=snapshot-panel pid=34268 log=D:\BlueSky\data_v2_full\logs\manual_runs\snapshot-panel_20260304T002034Z.stdout.log
2026-03-04T00:20:36Z job_started job=index-feed-generators pid=47764 log=D:\BlueSky\data_v2_full\logs\manual_runs\index-feed-generators_20260304T002035Z.stdout.log
2026-03-04T00:20:37Z job_started job=hydrate-authors pid=61480 log=D:\BlueSky\data_v2_full\logs\manual_runs\hydrate-authors_20260304T002036Z.stdout.log
2026-03-04T00:21:38Z stale pid removed job=hydrate-authors pid=61480
2026-03-04T00:33:09Z stale pid removed job=snapshot-panel pid=34268
2026-03-04T01:15:42Z stale pid removed job=index-feed-generators pid=47764
2026-03-04T01:20:44Z job_started job=snapshot-panel pid=10508 log=D:\BlueSky\data_v2_full\logs\manual_runs\snapshot-panel_20260304T012043Z.stdout.log
2026-03-04T01:20:45Z job_started job=index-feed-generators pid=5452 log=D:\BlueSky\data_v2_full\logs\manual_runs\index-feed-generators_20260304T012044Z.stdout.log
2026-03-04T01:30:46Z stale pid removed job=snapshot-panel pid=10508
2026-03-04T02:15:50Z stale pid removed job=index-feed-generators pid=5452
2026-03-04T02:20:51Z job_started job=snapshot-panel pid=68008 log=D:\BlueSky\data_v2_full\logs\manual_runs\snapshot-panel_20260304T022050Z.stdout.log
2026-03-04T02:20:52Z job_started job=index-feed-generators pid=33608 log=D:\BlueSky\data_v2_full\logs\manual_runs\index-feed-generators_20260304T022051Z.stdout.log
2026-03-04T02:30:23Z stale pid removed job=snapshot-panel pid=68008
2026-03-04T03:15:57Z stale pid removed job=index-feed-generators pid=33608
2026-03-04T03:20:58Z job_started job=snapshot-panel pid=56800 log=D:\BlueSky\data_v2_full\logs\manual_runs\snapshot-panel_20260304T032057Z.stdout.log
2026-03-04T03:20:59Z job_started job=index-feed-generators pid=76272 log=D:\BlueSky\data_v2_full\logs\manual_runs\index-feed-generators_20260304T032058Z.stdout.log
2026-03-04T03:21:01Z job_started job=hydrate-authors pid=78172 log=D:\BlueSky\data_v2_full\logs\manual_runs\hydrate-authors_20260304T032059Z.stdout.log
2026-03-04T03:21:31Z stale pid removed job=hydrate-authors pid=78172
2026-03-04T03:31:02Z stale pid removed job=snapshot-panel pid=56800
2026-03-04T04:16:06Z stale pid removed job=index-feed-generators pid=76272
2026-03-04T04:21:07Z job_started job=snapshot-panel pid=78484 log=D:\BlueSky\data_v2_full\logs\manual_runs\snapshot-panel_20260304T042106Z.stdout.log
2026-03-04T04:21:08Z job_started job=index-feed-generators pid=68152 log=D:\BlueSky\data_v2_full\logs\manual_runs\index-feed-generators_20260304T042107Z.stdout.log
2026-03-04T04:30:39Z stale pid removed job=snapshot-panel pid=78484
2026-03-04T05:16:13Z stale pid removed job=index-feed-generators pid=68152
2026-03-04T05:21:14Z job_started job=snapshot-panel pid=9608 log=D:\BlueSky\data_v2_full\logs\manual_runs\snapshot-panel_20260304T052113Z.stdout.log
2026-03-04T05:21:15Z job_started job=index-feed-generators pid=23048 log=D:\BlueSky\data_v2_full\logs\manual_runs\index-feed-generators_20260304T052114Z.stdout.log
2026-03-04T05:31:17Z stale pid removed job=snapshot-panel pid=9608
2026-03-04T06:16:20Z stale pid removed job=index-feed-generators pid=23048
2026-03-04T06:21:22Z job_started job=snapshot-panel pid=73476 log=D:\BlueSky\data_v2_full\logs\manual_runs\snapshot-panel_20260304T062121Z.stdout.log
2026-03-04T06:21:23Z job_started job=index-feed-generators pid=48576 log=D:\BlueSky\data_v2_full\logs\manual_runs\index-feed-generators_20260304T062122Z.stdout.log
2026-03-04T06:21:24Z job_started job=hydrate-authors pid=62648 log=D:\BlueSky\data_v2_full\logs\manual_runs\hydrate-authors_20260304T062123Z.stdout.log
2026-03-04T06:21:54Z stale pid removed job=hydrate-authors pid=62648
2026-03-04T06:31:25Z stale pid removed job=snapshot-panel pid=73476
2026-03-04T07:16:59Z stale pid removed job=index-feed-generators pid=48576
2026-03-04T07:21:30Z job_started job=snapshot-panel pid=36348 log=D:\BlueSky\data_v2_full\logs\manual_runs\snapshot-panel_20260304T072129Z.stdout.log
2026-03-04T07:21:32Z job_started job=index-feed-generators pid=78008 log=D:\BlueSky\data_v2_full\logs\manual_runs\index-feed-generators_20260304T072130Z.stdout.log
2026-03-04T07:31:33Z stale pid removed job=snapshot-panel pid=36348
2026-03-04T08:16:37Z stale pid removed job=index-feed-generators pid=78008
2026-03-04T08:21:38Z job_started job=snapshot-panel pid=78056 log=D:\BlueSky\data_v2_full\logs\manual_runs\snapshot-panel_20260304T082137Z.stdout.log
2026-03-04T08:21:39Z job_started job=index-feed-generators pid=59404 log=D:\BlueSky\data_v2_full\logs\manual_runs\index-feed-generators_20260304T082138Z.stdout.log
2026-03-04T08:31:40Z stale pid removed job=snapshot-panel pid=78056
2026-03-04T09:16:44Z stale pid removed job=index-feed-generators pid=59404
2026-03-04T09:21:45Z job_started job=snapshot-panel pid=59488 log=D:\BlueSky\data_v2_full\logs\manual_runs\snapshot-panel_20260304T092144Z.stdout.log
2026-03-04T09:21:46Z job_started job=index-feed-generators pid=14264 log=D:\BlueSky\data_v2_full\logs\manual_runs\index-feed-generators_20260304T092145Z.stdout.log
2026-03-04T09:21:47Z job_started job=hydrate-authors pid=46752 log=D:\BlueSky\data_v2_full\logs\manual_runs\hydrate-authors_20260304T092146Z.stdout.log
2026-03-04T09:22:17Z stale pid removed job=hydrate-authors pid=46752
2026-03-04T09:31:19Z stale pid removed job=snapshot-panel pid=59488
2026-03-04T10:16:52Z stale pid removed job=index-feed-generators pid=14264
2026-03-04T10:21:54Z job_started job=snapshot-panel pid=35388 log=D:\BlueSky\data_v2_full\logs\manual_runs\snapshot-panel_20260304T102153Z.stdout.log
2026-03-04T10:21:55Z job_started job=index-feed-generators pid=71476 log=D:\BlueSky\data_v2_full\logs\manual_runs\index-feed-generators_20260304T102154Z.stdout.log
2026-03-04T10:31:56Z stale pid removed job=snapshot-panel pid=35388
2026-03-04T11:17:00Z stale pid removed job=index-feed-generators pid=71476
2026-03-04T11:22:01Z job_started job=snapshot-panel pid=67636 log=D:\BlueSky\data_v2_full\logs\manual_runs\snapshot-panel_20260304T112200Z.stdout.log
2026-03-04T11:22:02Z job_started job=index-feed-generators pid=78932 log=D:\BlueSky\data_v2_full\logs\manual_runs\index-feed-generators_20260304T112201Z.stdout.log
2026-03-04T11:32:03Z stale pid removed job=snapshot-panel pid=67636
2026-03-04T12:17:07Z stale pid removed job=index-feed-generators pid=78932
2026-03-04T12:22:08Z job_started job=snapshot-panel pid=25864 log=D:\BlueSky\data_v2_full\logs\manual_runs\snapshot-panel_20260304T122207Z.stdout.log
2026-03-04T12:22:09Z job_started job=index-feed-generators pid=30684 log=D:\BlueSky\data_v2_full\logs\manual_runs\index-feed-generators_20260304T122208Z.stdout.log
2026-03-04T12:22:10Z job_started job=hydrate-authors pid=78816 log=D:\BlueSky\data_v2_full\logs\manual_runs\hydrate-authors_20260304T122209Z.stdout.log
2026-03-04T12:22:40Z stale pid removed job=hydrate-authors pid=78816
2026-03-04T12:31:41Z stale pid removed job=snapshot-panel pid=25864
2026-03-04T13:17:15Z stale pid removed job=index-feed-generators pid=30684
2026-03-04T13:22:16Z job_started job=snapshot-panel pid=78512 log=D:\BlueSky\data_v2_full\logs\manual_runs\snapshot-panel_20260304T132215Z.stdout.log
2026-03-04T13:22:18Z job_started job=index-feed-generators pid=55300 log=D:\BlueSky\data_v2_full\logs\manual_runs\index-feed-generators_20260304T132216Z.stdout.log
2026-03-04T13:32:19Z stale pid removed job=snapshot-panel pid=78512
2026-03-04T14:17:22Z stale pid removed job=index-feed-generators pid=55300
2026-03-04T14:22:24Z job_started job=snapshot-panel pid=51656 log=D:\BlueSky\data_v2_full\logs\manual_runs\snapshot-panel_20260304T142222Z.stdout.log
2026-03-04T14:22:25Z job_started job=index-feed-generators pid=61968 log=D:\BlueSky\data_v2_full\logs\manual_runs\index-feed-generators_20260304T142224Z.stdout.log
2026-03-04T14:33:56Z stale pid removed job=snapshot-panel pid=51656
2026-03-04T15:17:29Z stale pid removed job=index-feed-generators pid=61968
2026-03-04T15:22:31Z job_started job=snapshot-panel pid=60756 log=D:\BlueSky\data_v2_full\logs\manual_runs\snapshot-panel_20260304T152230Z.stdout.log
2026-03-04T15:22:32Z job_started job=index-feed-generators pid=9736 log=D:\BlueSky\data_v2_full\logs\manual_runs\index-feed-generators_20260304T152231Z.stdout.log
2026-03-04T15:22:33Z job_started job=hydrate-authors pid=40280 log=D:\BlueSky\data_v2_full\logs\manual_runs\hydrate-authors_20260304T152232Z.stdout.log
2026-03-04T15:23:03Z stale pid removed job=hydrate-authors pid=40280
2026-03-04T15:33:04Z stale pid removed job=snapshot-panel pid=60756
2026-03-04T16:17:38Z stale pid removed job=index-feed-generators pid=9736
2026-03-04T16:22:39Z job_started job=snapshot-panel pid=55036 log=D:\BlueSky\data_v2_full\logs\manual_runs\snapshot-panel_20260304T162238Z.stdout.log
2026-03-04T16:22:40Z job_started job=index-feed-generators pid=70724 log=D:\BlueSky\data_v2_full\logs\manual_runs\index-feed-generators_20260304T162239Z.stdout.log
2026-03-04T16:32:11Z stale pid removed job=snapshot-panel pid=55036
2026-03-04T17:17:45Z stale pid removed job=index-feed-generators pid=70724
2026-03-04T17:22:46Z job_started job=snapshot-panel pid=61164 log=D:\BlueSky\data_v2_full\logs\manual_runs\snapshot-panel_20260304T172245Z.stdout.log
2026-03-04T17:22:47Z job_started job=index-feed-generators pid=47456 log=D:\BlueSky\data_v2_full\logs\manual_runs\index-feed-generators_20260304T172246Z.stdout.log
2026-03-04T17:32:19Z stale pid removed job=snapshot-panel pid=61164
2026-03-04T18:17:52Z stale pid removed job=index-feed-generators pid=47456
2026-03-04T18:22:54Z job_started job=snapshot-panel pid=78728 log=D:\BlueSky\data_v2_full\logs\manual_runs\snapshot-panel_20260304T182252Z.stdout.log
2026-03-04T18:22:55Z job_started job=index-feed-generators pid=71888 log=D:\BlueSky\data_v2_full\logs\manual_runs\index-feed-generators_20260304T182254Z.stdout.log
2026-03-04T18:22:56Z job_started job=hydrate-authors pid=65044 log=D:\BlueSky\data_v2_full\logs\manual_runs\hydrate-authors_20260304T182255Z.stdout.log
2026-03-04T18:23:26Z stale pid removed job=hydrate-authors pid=65044
2026-03-04T18:32:27Z stale pid removed job=snapshot-panel pid=78728
2026-03-04T19:18:01Z stale pid removed job=index-feed-generators pid=71888
2026-03-04T19:23:02Z job_started job=snapshot-panel pid=13964 log=D:\BlueSky\data_v2_full\logs\manual_runs\snapshot-panel_20260304T192301Z.stdout.log
2026-03-04T19:23:03Z job_started job=index-feed-generators pid=78132 log=D:\BlueSky\data_v2_full\logs\manual_runs\index-feed-generators_20260304T192302Z.stdout.log
2026-03-04T19:32:34Z stale pid removed job=snapshot-panel pid=13964
2026-03-04T20:18:08Z stale pid removed job=index-feed-generators pid=78132
2026-03-04T20:23:09Z job_started job=snapshot-panel pid=63604 log=D:\BlueSky\data_v2_full\logs\manual_runs\snapshot-panel_20260304T202308Z.stdout.log
2026-03-04T20:23:10Z job_started job=index-feed-generators pid=10608 log=D:\BlueSky\data_v2_full\logs\manual_runs\index-feed-generators_20260304T202309Z.stdout.log
2026-03-04T20:33:12Z stale pid removed job=snapshot-panel pid=63604
2026-03-04T21:17:16Z job_started job=refresh-discovery pid=32540 log=D:\BlueSky\data_v2_full\logs\manual_runs\refresh-discovery_20260304T211715Z.stdout.log
2026-03-04T21:17:17Z job_started job=wide-sweep pid=68832 log=D:\BlueSky\data_v2_full\logs\manual_runs\wide-sweep_20260304T211716Z.stdout.log
2026-03-04T21:18:18Z stale pid removed job=index-feed-generators pid=10608
2026-03-04T21:19:18Z stale pid removed job=refresh-discovery pid=32540
2026-03-04T21:19:19Z job_started job=build-panel pid=48744 log=D:\BlueSky\data_v2_full\logs\manual_runs\build-panel_20260304T211918Z.stdout.log
2026-03-04T21:23:20Z job_started job=snapshot-panel pid=73424 log=D:\BlueSky\data_v2_full\logs\manual_runs\snapshot-panel_20260304T212319Z.stdout.log
2026-03-04T21:23:22Z job_started job=index-feed-generators pid=35248 log=D:\BlueSky\data_v2_full\logs\manual_runs\index-feed-generators_20260304T212320Z.stdout.log
2026-03-04T21:23:23Z job_started job=hydrate-authors pid=68844 log=D:\BlueSky\data_v2_full\logs\manual_runs\hydrate-authors_20260304T212322Z.stdout.log
2026-03-04T21:24:23Z stale pid removed job=hydrate-authors pid=68844
2026-03-04T21:24:53Z stale pid removed job=build-panel pid=48744
2026-03-04T21:33:54Z stale pid removed job=snapshot-panel pid=73424
2026-03-04T21:50:56Z stale pid removed job=wide-sweep pid=68832
2026-03-04T22:18:29Z stale pid removed job=index-feed-generators pid=35248
2026-03-04T22:23:30Z job_started job=snapshot-panel pid=61772 log=D:\BlueSky\data_v2_full\logs\manual_runs\snapshot-panel_20260304T222329Z.stdout.log
2026-03-04T22:23:31Z job_started job=index-feed-generators pid=43696 log=D:\BlueSky\data_v2_full\logs\manual_runs\index-feed-generators_20260304T222330Z.stdout.log
2026-03-04T22:33:32Z stale pid removed job=snapshot-panel pid=61772
2026-03-04T23:18:36Z stale pid removed job=index-feed-generators pid=43696
2026-03-04T23:23:37Z job_started job=snapshot-panel pid=42336 log=D:\BlueSky\data_v2_full\logs\manual_runs\snapshot-panel_20260304T232336Z.stdout.log
2026-03-04T23:23:38Z job_started job=index-feed-generators pid=62932 log=D:\BlueSky\data_v2_full\logs\manual_runs\index-feed-generators_20260304T232337Z.stdout.log
2026-03-04T23:33:40Z stale pid removed job=snapshot-panel pid=42336
2026-03-05T00:18:44Z stale pid removed job=index-feed-generators pid=62932
2026-03-05T00:23:45Z job_started job=snapshot-panel pid=52168 log=D:\BlueSky\data_v2_full\logs\manual_runs\snapshot-panel_20260305T002344Z.stdout.log
2026-03-05T00:23:46Z job_started job=index-feed-generators pid=72224 log=D:\BlueSky\data_v2_full\logs\manual_runs\index-feed-generators_20260305T002345Z.stdout.log
2026-03-05T00:23:47Z job_started job=hydrate-authors pid=53908 log=D:\BlueSky\data_v2_full\logs\manual_runs\hydrate-authors_20260305T002346Z.stdout.log
2026-03-05T00:24:47Z stale pid removed job=hydrate-authors pid=53908
2026-03-05T00:33:48Z stale pid removed job=snapshot-panel pid=52168
2026-03-05T01:18:53Z stale pid removed job=index-feed-generators pid=72224
2026-03-05T01:23:54Z job_started job=snapshot-panel pid=56860 log=D:\BlueSky\data_v2_full\logs\manual_runs\snapshot-panel_20260305T012353Z.stdout.log
2026-03-05T01:23:55Z job_started job=index-feed-generators pid=58676 log=D:\BlueSky\data_v2_full\logs\manual_runs\index-feed-generators_20260305T012354Z.stdout.log
2026-03-05T01:33:56Z stale pid removed job=snapshot-panel pid=56860
2026-03-05T02:19:00Z stale pid removed job=index-feed-generators pid=58676
2026-03-05T02:24:01Z job_started job=snapshot-panel pid=58756 log=D:\BlueSky\data_v2_full\logs\manual_runs\snapshot-panel_20260305T022400Z.stdout.log
2026-03-05T02:24:02Z job_started job=index-feed-generators pid=78612 log=D:\BlueSky\data_v2_full\logs\manual_runs\index-feed-generators_20260305T022401Z.stdout.log
2026-03-05T02:34:03Z stale pid removed job=snapshot-panel pid=58756
2026-03-05T03:19:07Z stale pid removed job=index-feed-generators pid=78612
2026-03-05T03:24:08Z job_started job=snapshot-panel pid=62468 log=D:\BlueSky\data_v2_full\logs\manual_runs\snapshot-panel_20260305T032407Z.stdout.log
2026-03-05T03:24:09Z job_started job=index-feed-generators pid=66696 log=D:\BlueSky\data_v2_full\logs\manual_runs\index-feed-generators_20260305T032408Z.stdout.log
2026-03-05T03:24:10Z job_started job=hydrate-authors pid=79868 log=D:\BlueSky\data_v2_full\logs\manual_runs\hydrate-authors_20260305T032409Z.stdout.log
2026-03-05T03:24:40Z stale pid removed job=hydrate-authors pid=79868
2026-03-05T03:34:12Z stale pid removed job=snapshot-panel pid=62468
2026-03-05T04:19:15Z stale pid removed job=index-feed-generators pid=66696
2026-03-05T04:24:17Z job_started job=snapshot-panel pid=47752 log=D:\BlueSky\data_v2_full\logs\manual_runs\snapshot-panel_20260305T042416Z.stdout.log
2026-03-05T04:24:18Z job_started job=index-feed-generators pid=48576 log=D:\BlueSky\data_v2_full\logs\manual_runs\index-feed-generators_20260305T042417Z.stdout.log
2026-03-05T04:34:19Z stale pid removed job=snapshot-panel pid=47752
2026-03-05T05:19:22Z stale pid removed job=index-feed-generators pid=48576
2026-03-05T05:24:24Z job_started job=snapshot-panel pid=18564 log=D:\BlueSky\data_v2_full\logs\manual_runs\snapshot-panel_20260305T052423Z.stdout.log
2026-03-05T05:24:25Z job_started job=index-feed-generators pid=50208 log=D:\BlueSky\data_v2_full\logs\manual_runs\index-feed-generators_20260305T052424Z.stdout.log
2026-03-05T05:37:56Z stale pid removed job=snapshot-panel pid=18564
2026-03-05T06:19:30Z stale pid removed job=index-feed-generators pid=50208
2026-03-05T06:24:31Z job_started job=snapshot-panel pid=54172 log=D:\BlueSky\data_v2_full\logs\manual_runs\snapshot-panel_20260305T062430Z.stdout.log
2026-03-05T06:24:32Z job_started job=index-feed-generators pid=76196 log=D:\BlueSky\data_v2_full\logs\manual_runs\index-feed-generators_20260305T062431Z.stdout.log
2026-03-05T06:24:33Z job_started job=hydrate-authors pid=65428 log=D:\BlueSky\data_v2_full\logs\manual_runs\hydrate-authors_20260305T062432Z.stdout.log
2026-03-05T06:25:04Z stale pid removed job=hydrate-authors pid=65428
2026-03-05T06:34:35Z stale pid removed job=snapshot-panel pid=54172
2026-03-05T07:19:38Z stale pid removed job=index-feed-generators pid=76196
2026-03-05T07:24:39Z job_started job=snapshot-panel pid=12024 log=D:\BlueSky\data_v2_full\logs\manual_runs\snapshot-panel_20260305T072438Z.stdout.log
2026-03-05T07:24:41Z job_started job=index-feed-generators pid=30064 log=D:\BlueSky\data_v2_full\logs\manual_runs\index-feed-generators_20260305T072439Z.stdout.log
2026-03-05T07:34:42Z stale pid removed job=snapshot-panel pid=12024
2026-03-05T08:19:45Z stale pid removed job=index-feed-generators pid=30064
2026-03-05T08:24:47Z job_started job=snapshot-panel pid=73528 log=D:\BlueSky\data_v2_full\logs\manual_runs\snapshot-panel_20260305T082446Z.stdout.log
2026-03-05T08:24:48Z job_started job=index-feed-generators pid=50912 log=D:\BlueSky\data_v2_full\logs\manual_runs\index-feed-generators_20260305T082447Z.stdout.log
2026-03-05T08:34:49Z stale pid removed job=snapshot-panel pid=73528
2026-03-05T09:20:22Z stale pid removed job=index-feed-generators pid=50912
2026-03-05T09:24:54Z job_started job=snapshot-panel pid=65244 log=D:\BlueSky\data_v2_full\logs\manual_runs\snapshot-panel_20260305T092453Z.stdout.log
2026-03-05T09:24:55Z job_started job=index-feed-generators pid=58580 log=D:\BlueSky\data_v2_full\logs\manual_runs\index-feed-generators_20260305T092454Z.stdout.log
2026-03-05T09:24:56Z job_started job=hydrate-authors pid=57196 log=D:\BlueSky\data_v2_full\logs\manual_runs\hydrate-authors_20260305T092455Z.stdout.log
2026-03-05T09:25:26Z stale pid removed job=hydrate-authors pid=57196
2026-03-05T09:34:57Z stale pid removed job=snapshot-panel pid=65244
2026-03-05T10:20:01Z stale pid removed job=index-feed-generators pid=58580
2026-03-05T10:25:02Z job_started job=snapshot-panel pid=67132 log=D:\BlueSky\data_v2_full\logs\manual_runs\snapshot-panel_20260305T102501Z.stdout.log
2026-03-05T10:25:03Z job_started job=index-feed-generators pid=59564 log=D:\BlueSky\data_v2_full\logs\manual_runs\index-feed-generators_20260305T102502Z.stdout.log
2026-03-05T10:35:34Z stale pid removed job=snapshot-panel pid=67132
2026-03-05T11:20:08Z stale pid removed job=index-feed-generators pid=59564
2026-03-05T11:25:09Z job_started job=snapshot-panel pid=68720 log=D:\BlueSky\data_v2_full\logs\manual_runs\snapshot-panel_20260305T112508Z.stdout.log
2026-03-05T11:25:10Z job_started job=index-feed-generators pid=7932 log=D:\BlueSky\data_v2_full\logs\manual_runs\index-feed-generators_20260305T112509Z.stdout.log
2026-03-05T11:35:11Z stale pid removed job=snapshot-panel pid=68720
2026-03-05T12:20:15Z stale pid removed job=index-feed-generators pid=7932
2026-03-05T12:25:16Z job_started job=snapshot-panel pid=74596 log=D:\BlueSky\data_v2_full\logs\manual_runs\snapshot-panel_20260305T122515Z.stdout.log
2026-03-05T12:25:17Z job_started job=index-feed-generators pid=49292 log=D:\BlueSky\data_v2_full\logs\manual_runs\index-feed-generators_20260305T122516Z.stdout.log
2026-03-05T12:25:18Z job_started job=hydrate-authors pid=77540 log=D:\BlueSky\data_v2_full\logs\manual_runs\hydrate-authors_20260305T122517Z.stdout.log
2026-03-05T12:25:48Z stale pid removed job=hydrate-authors pid=77540
2026-03-05T12:35:19Z stale pid removed job=snapshot-panel pid=74596
2026-03-05T13:20:23Z stale pid removed job=index-feed-generators pid=49292
2026-03-05T13:25:24Z job_started job=snapshot-panel pid=30284 log=D:\BlueSky\data_v2_full\logs\manual_runs\snapshot-panel_20260305T132523Z.stdout.log
2026-03-05T13:25:25Z job_started job=index-feed-generators pid=73412 log=D:\BlueSky\data_v2_full\logs\manual_runs\index-feed-generators_20260305T132524Z.stdout.log
2026-03-05T13:35:26Z stale pid removed job=snapshot-panel pid=30284
2026-03-05T14:20:30Z stale pid removed job=index-feed-generators pid=73412
2026-03-05T14:25:31Z job_started job=snapshot-panel pid=78364 log=D:\BlueSky\data_v2_full\logs\manual_runs\snapshot-panel_20260305T142530Z.stdout.log
2026-03-05T14:25:32Z job_started job=index-feed-generators pid=72320 log=D:\BlueSky\data_v2_full\logs\manual_runs\index-feed-generators_20260305T142531Z.stdout.log
2026-03-05T14:35:03Z stale pid removed job=snapshot-panel pid=78364
2026-03-05T15:20:37Z stale pid removed job=index-feed-generators pid=72320
2026-03-05T15:25:38Z job_started job=snapshot-panel pid=56092 log=D:\BlueSky\data_v2_full\logs\manual_runs\snapshot-panel_20260305T152537Z.stdout.log
2026-03-05T15:25:40Z job_started job=index-feed-generators pid=75616 log=D:\BlueSky\data_v2_full\logs\manual_runs\index-feed-generators_20260305T152538Z.stdout.log
2026-03-05T15:25:41Z job_started job=hydrate-authors pid=77252 log=D:\BlueSky\data_v2_full\logs\manual_runs\hydrate-authors_20260305T152540Z.stdout.log
2026-03-05T15:26:11Z stale pid removed job=hydrate-authors pid=77252
2026-03-05T15:35:42Z stale pid removed job=snapshot-panel pid=56092
2026-03-05T16:20:45Z stale pid removed job=index-feed-generators pid=75616
2026-03-05T16:25:47Z job_started job=snapshot-panel pid=47064 log=D:\BlueSky\data_v2_full\logs\manual_runs\snapshot-panel_20260305T162546Z.stdout.log
2026-03-05T16:25:48Z job_started job=index-feed-generators pid=3580 log=D:\BlueSky\data_v2_full\logs\manual_runs\index-feed-generators_20260305T162547Z.stdout.log
2026-03-05T16:35:49Z stale pid removed job=snapshot-panel pid=47064
2026-03-05T17:20:52Z stale pid removed job=index-feed-generators pid=3580
2026-03-05T17:25:54Z job_started job=snapshot-panel pid=67176 log=D:\BlueSky\data_v2_full\logs\manual_runs\snapshot-panel_20260305T172553Z.stdout.log
2026-03-05T17:25:55Z job_started job=index-feed-generators pid=78988 log=D:\BlueSky\data_v2_full\logs\manual_runs\index-feed-generators_20260305T172554Z.stdout.log
2026-03-05T17:35:56Z stale pid removed job=snapshot-panel pid=67176
2026-03-05T18:21:00Z stale pid removed job=index-feed-generators pid=78988
2026-03-05T18:26:01Z job_started job=snapshot-panel pid=77496 log=D:\BlueSky\data_v2_full\logs\manual_runs\snapshot-panel_20260305T182600Z.stdout.log
2026-03-05T18:26:02Z job_started job=index-feed-generators pid=46772 log=D:\BlueSky\data_v2_full\logs\manual_runs\index-feed-generators_20260305T182601Z.stdout.log
2026-03-05T18:26:03Z job_started job=hydrate-authors pid=68628 log=D:\BlueSky\data_v2_full\logs\manual_runs\hydrate-authors_20260305T182602Z.stdout.log
2026-03-05T18:26:33Z stale pid removed job=hydrate-authors pid=68628
2026-03-05T18:36:04Z stale pid removed job=snapshot-panel pid=77496
2026-03-05T19:21:08Z stale pid removed job=index-feed-generators pid=46772
2026-03-05T19:26:09Z job_started job=snapshot-panel pid=74012 log=D:\BlueSky\data_v2_full\logs\manual_runs\snapshot-panel_20260305T192608Z.stdout.log
2026-03-05T19:26:10Z job_started job=index-feed-generators pid=33568 log=D:\BlueSky\data_v2_full\logs\manual_runs\index-feed-generators_20260305T192609Z.stdout.log
2026-03-05T19:36:11Z stale pid removed job=snapshot-panel pid=74012
2026-03-05T20:21:15Z stale pid removed job=index-feed-generators pid=33568
2026-03-05T20:26:16Z job_started job=snapshot-panel pid=29444 log=D:\BlueSky\data_v2_full\logs\manual_runs\snapshot-panel_20260305T202615Z.stdout.log
2026-03-05T20:26:17Z job_started job=index-feed-generators pid=65472 log=D:\BlueSky\data_v2_full\logs\manual_runs\index-feed-generators_20260305T202616Z.stdout.log
2026-03-05T20:36:49Z stale pid removed job=snapshot-panel pid=29444
2026-03-05T21:17:23Z job_started job=refresh-discovery pid=23224 log=D:\BlueSky\data_v2_full\logs\manual_runs\refresh-discovery_20260305T211722Z.stdout.log
2026-03-05T21:17:24Z job_started job=wide-sweep pid=9900 log=D:\BlueSky\data_v2_full\logs\manual_runs\wide-sweep_20260305T211723Z.stdout.log
2026-03-05T21:18:54Z stale pid removed job=refresh-discovery pid=23224
2026-03-05T21:19:25Z job_started job=build-panel pid=46504 log=D:\BlueSky\data_v2_full\logs\manual_runs\build-panel_20260305T211924Z.stdout.log
2026-03-05T21:21:26Z stale pid removed job=index-feed-generators pid=65472
2026-03-05T21:25:26Z stale pid removed job=build-panel pid=46504
2026-03-05T21:26:27Z job_started job=snapshot-panel pid=72764 log=D:\BlueSky\data_v2_full\logs\manual_runs\snapshot-panel_20260305T212626Z.stdout.log
2026-03-05T21:26:28Z job_started job=index-feed-generators pid=30072 log=D:\BlueSky\data_v2_full\logs\manual_runs\index-feed-generators_20260305T212627Z.stdout.log
2026-03-05T21:26:30Z job_started job=hydrate-authors pid=15148 log=D:\BlueSky\data_v2_full\logs\manual_runs\hydrate-authors_20260305T212628Z.stdout.log
2026-03-05T21:27:30Z stale pid removed job=hydrate-authors pid=15148
2026-03-05T21:33:01Z stale pid removed job=snapshot-panel pid=72764
2026-03-05T21:49:02Z stale pid removed job=wide-sweep pid=9900
2026-03-05T22:21:35Z stale pid removed job=index-feed-generators pid=30072
2026-03-05T22:26:36Z job_started job=snapshot-panel pid=17200 log=D:\BlueSky\data_v2_full\logs\manual_runs\snapshot-panel_20260305T222635Z.stdout.log
2026-03-05T22:26:37Z job_started job=index-feed-generators pid=48952 log=D:\BlueSky\data_v2_full\logs\manual_runs\index-feed-generators_20260305T222636Z.stdout.log
2026-03-05T22:36:08Z stale pid removed job=snapshot-panel pid=17200
2026-03-05T23:21:42Z stale pid removed job=index-feed-generators pid=48952
2026-03-05T23:26:43Z job_started job=snapshot-panel pid=67488 log=D:\BlueSky\data_v2_full\logs\manual_runs\snapshot-panel_20260305T232642Z.stdout.log
2026-03-05T23:26:44Z job_started job=index-feed-generators pid=59248 log=D:\BlueSky\data_v2_full\logs\manual_runs\index-feed-generators_20260305T232643Z.stdout.log
2026-03-05T23:36:46Z stale pid removed job=snapshot-panel pid=67488
2026-03-06T00:21:49Z stale pid removed job=index-feed-generators pid=59248
2026-03-06T00:26:51Z job_started job=snapshot-panel pid=62312 log=D:\BlueSky\data_v2_full\logs\manual_runs\snapshot-panel_20260306T002649Z.stdout.log
2026-03-06T00:26:52Z job_started job=index-feed-generators pid=59952 log=D:\BlueSky\data_v2_full\logs\manual_runs\index-feed-generators_20260306T002651Z.stdout.log
2026-03-06T00:26:53Z job_started job=hydrate-authors pid=29092 log=D:\BlueSky\data_v2_full\logs\manual_runs\hydrate-authors_20260306T002652Z.stdout.log
2026-03-06T00:27:53Z stale pid removed job=hydrate-authors pid=29092
2026-03-06T00:36:54Z stale pid removed job=snapshot-panel pid=62312
2026-03-06T01:21:58Z stale pid removed job=index-feed-generators pid=59952
2026-03-06T01:26:59Z job_started job=snapshot-panel pid=74100 log=D:\BlueSky\data_v2_full\logs\manual_runs\snapshot-panel_20260306T012658Z.stdout.log
2026-03-06T01:27:00Z job_started job=index-feed-generators pid=68792 log=D:\BlueSky\data_v2_full\logs\manual_runs\index-feed-generators_20260306T012659Z.stdout.log
2026-03-06T01:37:01Z stale pid removed job=snapshot-panel pid=74100
2026-03-06T02:22:05Z stale pid removed job=index-feed-generators pid=68792
2026-03-06T02:27:06Z job_started job=snapshot-panel pid=27736 log=D:\BlueSky\data_v2_full\logs\manual_runs\snapshot-panel_20260306T022705Z.stdout.log
2026-03-06T02:27:07Z job_started job=index-feed-generators pid=22408 log=D:\BlueSky\data_v2_full\logs\manual_runs\index-feed-generators_20260306T022706Z.stdout.log
2026-03-06T02:37:09Z stale pid removed job=snapshot-panel pid=27736
2026-03-06T03:22:13Z stale pid removed job=index-feed-generators pid=22408
2026-03-06T03:27:14Z job_started job=snapshot-panel pid=15032 log=D:\BlueSky\data_v2_full\logs\manual_runs\snapshot-panel_20260306T032713Z.stdout.log
2026-03-06T03:27:15Z job_started job=index-feed-generators pid=77132 log=D:\BlueSky\data_v2_full\logs\manual_runs\index-feed-generators_20260306T032714Z.stdout.log
2026-03-06T03:27:16Z job_started job=hydrate-authors pid=27244 log=D:\BlueSky\data_v2_full\logs\manual_runs\hydrate-authors_20260306T032715Z.stdout.log
2026-03-06T03:27:46Z stale pid removed job=hydrate-authors pid=27244
2026-03-06T03:37:17Z stale pid removed job=snapshot-panel pid=15032
2026-03-06T04:22:21Z stale pid removed job=index-feed-generators pid=77132
2026-03-06T04:27:22Z job_started job=snapshot-panel pid=79948 log=D:\BlueSky\data_v2_full\logs\manual_runs\snapshot-panel_20260306T042721Z.stdout.log
2026-03-06T04:27:24Z job_started job=index-feed-generators pid=80964 log=D:\BlueSky\data_v2_full\logs\manual_runs\index-feed-generators_20260306T042722Z.stdout.log
2026-03-06T04:37:55Z stale pid removed job=snapshot-panel pid=79948
2026-03-06T05:22:29Z stale pid removed job=index-feed-generators pid=80964
2026-03-06T05:27:30Z job_started job=snapshot-panel pid=71964 log=D:\BlueSky\data_v2_full\logs\manual_runs\snapshot-panel_20260306T052729Z.stdout.log
2026-03-06T05:27:31Z job_started job=index-feed-generators pid=14980 log=D:\BlueSky\data_v2_full\logs\manual_runs\index-feed-generators_20260306T052730Z.stdout.log
2026-03-06T05:37:32Z stale pid removed job=snapshot-panel pid=71964
2026-03-06T06:22:36Z stale pid removed job=index-feed-generators pid=14980
2026-03-06T06:27:37Z job_started job=snapshot-panel pid=80144 log=D:\BlueSky\data_v2_full\logs\manual_runs\snapshot-panel_20260306T062736Z.stdout.log
2026-03-06T06:27:38Z job_started job=index-feed-generators pid=59720 log=D:\BlueSky\data_v2_full\logs\manual_runs\index-feed-generators_20260306T062737Z.stdout.log
2026-03-06T06:27:39Z job_started job=hydrate-authors pid=82116 log=D:\BlueSky\data_v2_full\logs\manual_runs\hydrate-authors_20260306T062738Z.stdout.log
2026-03-06T06:28:09Z stale pid removed job=hydrate-authors pid=82116
2026-03-06T06:37:41Z stale pid removed job=snapshot-panel pid=80144
2026-03-06T07:22:44Z stale pid removed job=index-feed-generators pid=59720
2026-03-06T07:27:46Z job_started job=snapshot-panel pid=29956 log=D:\BlueSky\data_v2_full\logs\manual_runs\snapshot-panel_20260306T072745Z.stdout.log
2026-03-06T07:27:47Z job_started job=index-feed-generators pid=61884 log=D:\BlueSky\data_v2_full\logs\manual_runs\index-feed-generators_20260306T072746Z.stdout.log
2026-03-06T07:38:18Z stale pid removed job=snapshot-panel pid=29956
2026-03-06T08:22:52Z stale pid removed job=index-feed-generators pid=61884
2026-03-06T08:27:53Z job_started job=snapshot-panel pid=64584 log=D:\BlueSky\data_v2_full\logs\manual_runs\snapshot-panel_20260306T082752Z.stdout.log
2026-03-06T08:27:54Z job_started job=index-feed-generators pid=63480 log=D:\BlueSky\data_v2_full\logs\manual_runs\index-feed-generators_20260306T082753Z.stdout.log
2026-03-06T08:37:55Z stale pid removed job=snapshot-panel pid=64584
2026-03-06T09:22:59Z stale pid removed job=index-feed-generators pid=63480
2026-03-06T09:28:00Z job_started job=snapshot-panel pid=76832 log=D:\BlueSky\data_v2_full\logs\manual_runs\snapshot-panel_20260306T092759Z.stdout.log
2026-03-06T09:28:02Z job_started job=index-feed-generators pid=45504 log=D:\BlueSky\data_v2_full\logs\manual_runs\index-feed-generators_20260306T092800Z.stdout.log
2026-03-06T09:28:03Z job_started job=hydrate-authors pid=54460 log=D:\BlueSky\data_v2_full\logs\manual_runs\hydrate-authors_20260306T092802Z.stdout.log
2026-03-06T09:28:33Z stale pid removed job=hydrate-authors pid=54460
2026-03-06T09:38:04Z stale pid removed job=snapshot-panel pid=76832
2026-03-06T10:23:07Z stale pid removed job=index-feed-generators pid=45504
2026-03-06T10:28:09Z job_started job=snapshot-panel pid=81484 log=D:\BlueSky\data_v2_full\logs\manual_runs\snapshot-panel_20260306T102808Z.stdout.log
2026-03-06T10:28:10Z job_started job=index-feed-generators pid=74316 log=D:\BlueSky\data_v2_full\logs\manual_runs\index-feed-generators_20260306T102809Z.stdout.log
2026-03-06T10:38:11Z stale pid removed job=snapshot-panel pid=81484
2026-03-06T11:23:15Z stale pid removed job=index-feed-generators pid=74316
2026-03-06T11:28:16Z job_started job=snapshot-panel pid=61088 log=D:\BlueSky\data_v2_full\logs\manual_runs\snapshot-panel_20260306T112815Z.stdout.log
2026-03-06T11:28:17Z job_started job=index-feed-generators pid=79012 log=D:\BlueSky\data_v2_full\logs\manual_runs\index-feed-generators_20260306T112816Z.stdout.log
2026-03-06T11:38:48Z stale pid removed job=snapshot-panel pid=61088
2026-03-06T12:23:22Z stale pid removed job=index-feed-generators pid=79012
2026-03-06T12:28:23Z job_started job=snapshot-panel pid=81696 log=D:\BlueSky\data_v2_full\logs\manual_runs\snapshot-panel_20260306T122822Z.stdout.log
2026-03-06T12:28:24Z job_started job=index-feed-generators pid=67596 log=D:\BlueSky\data_v2_full\logs\manual_runs\index-feed-generators_20260306T122823Z.stdout.log
2026-03-06T12:28:26Z job_started job=hydrate-authors pid=80072 log=D:\BlueSky\data_v2_full\logs\manual_runs\hydrate-authors_20260306T122824Z.stdout.log
2026-03-06T12:28:56Z stale pid removed job=hydrate-authors pid=80072
2026-03-06T12:38:27Z stale pid removed job=snapshot-panel pid=81696
2026-03-06T13:23:31Z stale pid removed job=index-feed-generators pid=67596
2026-03-06T13:28:32Z job_started job=snapshot-panel pid=73548 log=D:\BlueSky\data_v2_full\logs\manual_runs\snapshot-panel_20260306T132831Z.stdout.log
2026-03-06T13:28:33Z job_started job=index-feed-generators pid=64432 log=D:\BlueSky\data_v2_full\logs\manual_runs\index-feed-generators_20260306T132832Z.stdout.log
2026-03-06T13:38:34Z stale pid removed job=snapshot-panel pid=73548
2026-03-06T14:23:38Z stale pid removed job=index-feed-generators pid=64432
2026-03-06T14:28:39Z job_started job=snapshot-panel pid=72036 log=D:\BlueSky\data_v2_full\logs\manual_runs\snapshot-panel_20260306T142838Z.stdout.log
2026-03-06T14:28:40Z job_started job=index-feed-generators pid=72564 log=D:\BlueSky\data_v2_full\logs\manual_runs\index-feed-generators_20260306T142839Z.stdout.log
2026-03-06T14:39:12Z stale pid removed job=snapshot-panel pid=72036
2026-03-06T15:23:45Z stale pid removed job=index-feed-generators pid=72564
2026-03-06T15:28:47Z job_started job=snapshot-panel pid=6324 log=D:\BlueSky\data_v2_full\logs\manual_runs\snapshot-panel_20260306T152845Z.stdout.log
2026-03-06T15:28:48Z job_started job=index-feed-generators pid=73436 log=D:\BlueSky\data_v2_full\logs\manual_runs\index-feed-generators_20260306T152847Z.stdout.log
2026-03-06T15:28:49Z job_started job=hydrate-authors pid=66112 log=D:\BlueSky\data_v2_full\logs\manual_runs\hydrate-authors_20260306T152848Z.stdout.log
2026-03-06T15:29:19Z stale pid removed job=hydrate-authors pid=66112
2026-03-06T15:38:50Z stale pid removed job=snapshot-panel pid=6324
2026-03-06T16:23:54Z stale pid removed job=index-feed-generators pid=73436
2026-03-06T16:28:55Z job_started job=snapshot-panel pid=74640 log=D:\BlueSky\data_v2_full\logs\manual_runs\snapshot-panel_20260306T162854Z.stdout.log
2026-03-06T16:28:56Z job_started job=index-feed-generators pid=80548 log=D:\BlueSky\data_v2_full\logs\manual_runs\index-feed-generators_20260306T162855Z.stdout.log
2026-03-06T16:38:57Z stale pid removed job=snapshot-panel pid=74640
2026-03-06T17:24:01Z stale pid removed job=index-feed-generators pid=80548
2026-03-06T17:29:02Z job_started job=snapshot-panel pid=63372 log=D:\BlueSky\data_v2_full\logs\manual_runs\snapshot-panel_20260306T172901Z.stdout.log
2026-03-06T17:29:04Z job_started job=index-feed-generators pid=34024 log=D:\BlueSky\data_v2_full\logs\manual_runs\index-feed-generators_20260306T172902Z.stdout.log
2026-03-06T17:39:05Z stale pid removed job=snapshot-panel pid=63372
2026-03-06T18:24:08Z stale pid removed job=index-feed-generators pid=34024
2026-03-06T18:29:10Z job_started job=snapshot-panel pid=38904 log=D:\BlueSky\data_v2_full\logs\manual_runs\snapshot-panel_20260306T182909Z.stdout.log
2026-03-06T18:29:11Z job_started job=index-feed-generators pid=73788 log=D:\BlueSky\data_v2_full\logs\manual_runs\index-feed-generators_20260306T182910Z.stdout.log
2026-03-06T18:29:12Z job_started job=hydrate-authors pid=38252 log=D:\BlueSky\data_v2_full\logs\manual_runs\hydrate-authors_20260306T182911Z.stdout.log
2026-03-06T18:29:42Z stale pid removed job=hydrate-authors pid=38252
2026-03-06T18:39:13Z stale pid removed job=snapshot-panel pid=38904
2026-03-06T19:24:17Z stale pid removed job=index-feed-generators pid=73788
2026-03-06T19:29:18Z job_started job=snapshot-panel pid=2352 log=D:\BlueSky\data_v2_full\logs\manual_runs\snapshot-panel_20260306T192917Z.stdout.log
2026-03-06T19:29:20Z job_started job=index-feed-generators pid=63788 log=D:\BlueSky\data_v2_full\logs\manual_runs\index-feed-generators_20260306T192918Z.stdout.log
2026-03-06T19:39:21Z stale pid removed job=snapshot-panel pid=2352
2026-03-06T20:24:25Z stale pid removed job=index-feed-generators pid=63788
2026-03-06T20:29:26Z job_started job=snapshot-panel pid=80592 log=D:\BlueSky\data_v2_full\logs\manual_runs\snapshot-panel_20260306T202925Z.stdout.log
2026-03-06T20:29:27Z job_started job=index-feed-generators pid=68148 log=D:\BlueSky\data_v2_full\logs\manual_runs\index-feed-generators_20260306T202926Z.stdout.log
2026-03-06T20:39:29Z stale pid removed job=snapshot-panel pid=80592
2026-03-06T21:17:33Z job_started job=refresh-discovery pid=61096 log=D:\BlueSky\data_v2_full\logs\manual_runs\refresh-discovery_20260306T211732Z.stdout.log
2026-03-06T21:17:34Z job_started job=wide-sweep pid=44508 log=D:\BlueSky\data_v2_full\logs\manual_runs\wide-sweep_20260306T211733Z.stdout.log
2026-03-06T21:19:34Z stale pid removed job=refresh-discovery pid=61096
2026-03-06T21:19:36Z job_started job=build-panel pid=65104 log=D:\BlueSky\data_v2_full\logs\manual_runs\build-panel_20260306T211934Z.stdout.log
2026-03-06T21:24:36Z stale pid removed job=index-feed-generators pid=68148
2026-03-06T21:25:36Z stale pid removed job=build-panel pid=65104
2026-03-06T21:29:38Z job_started job=snapshot-panel pid=64052 log=D:\BlueSky\data_v2_full\logs\manual_runs\snapshot-panel_20260306T212937Z.stdout.log
2026-03-06T21:29:39Z job_started job=index-feed-generators pid=80828 log=D:\BlueSky\data_v2_full\logs\manual_runs\index-feed-generators_20260306T212938Z.stdout.log
2026-03-06T21:29:40Z job_started job=hydrate-authors pid=78524 log=D:\BlueSky\data_v2_full\logs\manual_runs\hydrate-authors_20260306T212939Z.stdout.log
2026-03-06T21:30:40Z stale pid removed job=hydrate-authors pid=78524
2026-03-06T21:35:41Z stale pid removed job=snapshot-panel pid=64052
2026-03-06T21:51:44Z stale pid removed job=wide-sweep pid=44508
2026-03-06T22:24:47Z stale pid removed job=index-feed-generators pid=80828
2026-03-06T22:29:48Z job_started job=snapshot-panel pid=81916 log=D:\BlueSky\data_v2_full\logs\manual_runs\snapshot-panel_20260306T222947Z.stdout.log
2026-03-06T22:29:49Z job_started job=index-feed-generators pid=39700 log=D:\BlueSky\data_v2_full\logs\manual_runs\index-feed-generators_20260306T222948Z.stdout.log
2026-03-06T22:39:51Z stale pid removed job=snapshot-panel pid=81916
2026-03-06T23:24:54Z stale pid removed job=index-feed-generators pid=39700
2026-03-06T23:29:56Z job_started job=snapshot-panel pid=45688 log=D:\BlueSky\data_v2_full\logs\manual_runs\snapshot-panel_20260306T232955Z.stdout.log
2026-03-06T23:29:57Z job_started job=index-feed-generators pid=60272 log=D:\BlueSky\data_v2_full\logs\manual_runs\index-feed-generators_20260306T232956Z.stdout.log
2026-03-06T23:39:58Z stale pid removed job=snapshot-panel pid=45688
2026-03-07T00:25:02Z stale pid removed job=index-feed-generators pid=60272
2026-03-07T00:30:03Z job_started job=snapshot-panel pid=67184 log=D:\BlueSky\data_v2_full\logs\manual_runs\snapshot-panel_20260307T003002Z.stdout.log
2026-03-07T00:30:05Z job_started job=index-feed-generators pid=42280 log=D:\BlueSky\data_v2_full\logs\manual_runs\index-feed-generators_20260307T003003Z.stdout.log
2026-03-07T00:30:06Z job_started job=hydrate-authors pid=80736 log=D:\BlueSky\data_v2_full\logs\manual_runs\hydrate-authors_20260307T003005Z.stdout.log
2026-03-07T00:31:06Z stale pid removed job=hydrate-authors pid=80736
2026-03-07T00:40:07Z stale pid removed job=snapshot-panel pid=67184
2026-03-07T01:25:12Z stale pid removed job=index-feed-generators pid=42280
2026-03-07T01:30:13Z job_started job=snapshot-panel pid=79712 log=D:\BlueSky\data_v2_full\logs\manual_runs\snapshot-panel_20260307T013012Z.stdout.log
2026-03-07T01:30:14Z job_started job=index-feed-generators pid=80292 log=D:\BlueSky\data_v2_full\logs\manual_runs\index-feed-generators_20260307T013013Z.stdout.log
2026-03-07T01:40:16Z stale pid removed job=snapshot-panel pid=79712
2026-03-07T02:25:20Z stale pid removed job=index-feed-generators pid=80292
2026-03-07T02:30:22Z job_started job=snapshot-panel pid=30684 log=D:\BlueSky\data_v2_full\logs\manual_runs\snapshot-panel_20260307T023021Z.stdout.log
2026-03-07T02:30:23Z job_started job=index-feed-generators pid=81644 log=D:\BlueSky\data_v2_full\logs\manual_runs\index-feed-generators_20260307T023022Z.stdout.log
2026-03-07T02:40:24Z stale pid removed job=snapshot-panel pid=30684
2026-03-07T03:25:29Z stale pid removed job=index-feed-generators pid=81644
2026-03-07T03:30:30Z job_started job=snapshot-panel pid=22992 log=D:\BlueSky\data_v2_full\logs\manual_runs\snapshot-panel_20260307T033029Z.stdout.log
2026-03-07T04:19:33Z job_started job=index-feed-generators pid=50988 log=D:\BlueSky\data_v2_full\logs\manual_runs\index-feed-generators_20260307T041932Z.stdout.log
2026-03-07T04:19:34Z job_started job=hydrate-authors pid=3280 log=D:\BlueSky\data_v2_full\logs\manual_runs\hydrate-authors_20260307T041933Z.stdout.log
2026-03-07T04:20:04Z stale pid removed job=snapshot-panel pid=22992
2026-03-07T04:20:04Z stale pid removed job=hydrate-authors pid=3280
2026-03-07T09:28:55Z collector-daemon-win starting pid=45364 root=D:\BlueSky out_base=D:\BlueSky\data_v2_full
2026-03-07T09:28:55Z startup stamp reset enabled cleared=6
2026-03-07T09:28:57Z state-writer started pid=83640 tcp=127.0.0.1:9911 log=D:\BlueSky\data_v2_full\logs\manual_runs\state-writer_20260307T092855Z.stdout.log
2026-03-07T09:28:58Z job_started job=snapshot-panel pid=55976 log=D:\BlueSky\data_v2_full\logs\manual_runs\snapshot-panel_20260307T092857Z.stdout.log
2026-03-07T09:28:58Z stale pid removed job=index-feed-generators pid=50988
2026-03-07T09:28:59Z job_failed_fast job=index-feed-generators log=D:\BlueSky\data_v2_full\logs\manual_runs\index-feed-generators_20260307T092858Z.stdout.log
2026-03-07T09:29:00Z job_started job=hydrate-authors pid=85320 log=D:\BlueSky\data_v2_full\logs\manual_runs\hydrate-authors_20260307T092859Z.stdout.log
2026-03-07T09:29:01Z job_started job=refresh-discovery pid=85156 log=D:\BlueSky\data_v2_full\logs\manual_runs\refresh-discovery_20260307T092900Z.stdout.log
2026-03-07T09:29:02Z job_started job=wide-sweep pid=43892 log=D:\BlueSky\data_v2_full\logs\manual_runs\wide-sweep_20260307T092901Z.stdout.log
2026-03-07T09:29:32Z stale pid removed job=hydrate-authors pid=85320
2026-03-07T09:31:03Z stale pid removed job=refresh-discovery pid=85156
2026-03-07T09:31:04Z job_started job=build-panel pid=81492 log=D:\BlueSky\data_v2_full\logs\manual_runs\build-panel_20260307T093103Z.stdout.log
2026-03-07T09:34:05Z job_started job=index-feed-generators pid=83820 log=D:\BlueSky\data_v2_full\logs\manual_runs\index-feed-generators_20260307T093404Z.stdout.log
2026-03-07T09:36:06Z stale pid removed job=build-panel pid=81492
2026-03-07T09:39:06Z stale pid removed job=snapshot-panel pid=55976
2026-03-07T10:01:39Z stale pid removed job=wide-sweep pid=43892
2026-03-07T10:29:12Z job_started job=snapshot-panel pid=65440 log=D:\BlueSky\data_v2_full\logs\manual_runs\snapshot-panel_20260307T102911Z.stdout.log
2026-03-07T10:29:12Z stale pid removed job=index-feed-generators pid=83820
2026-03-07T10:34:14Z job_started job=index-feed-generators pid=84288 log=D:\BlueSky\data_v2_full\logs\manual_runs\index-feed-generators_20260307T103413Z.stdout.log
2026-03-07T10:39:44Z stale pid removed job=snapshot-panel pid=65440
2026-03-07T11:29:19Z job_started job=snapshot-panel pid=26876 log=D:\BlueSky\data_v2_full\logs\manual_runs\snapshot-panel_20260307T112918Z.stdout.log
2026-03-07T11:29:19Z stale pid removed job=index-feed-generators pid=84288
2026-03-07T11:34:21Z job_started job=index-feed-generators pid=76756 log=D:\BlueSky\data_v2_full\logs\manual_runs\index-feed-generators_20260307T113420Z.stdout.log
2026-03-07T11:38:51Z stale pid removed job=snapshot-panel pid=26876
2026-03-07T12:29:26Z job_started job=snapshot-panel pid=46164 log=D:\BlueSky\data_v2_full\logs\manual_runs\snapshot-panel_20260307T122925Z.stdout.log
2026-03-07T12:29:26Z stale pid removed job=index-feed-generators pid=76756
2026-03-07T12:29:27Z job_started job=hydrate-authors pid=85560 log=D:\BlueSky\data_v2_full\logs\manual_runs\hydrate-authors_20260307T122926Z.stdout.log
2026-03-07T12:30:28Z stale pid removed job=hydrate-authors pid=85560
2026-03-07T12:34:29Z job_started job=index-feed-generators pid=75720 log=D:\BlueSky\data_v2_full\logs\manual_runs\index-feed-generators_20260307T123428Z.stdout.log
2026-03-07T12:38:59Z stale pid removed job=snapshot-panel pid=46164
2026-03-07T13:29:34Z job_started job=snapshot-panel pid=84328 log=D:\BlueSky\data_v2_full\logs\manual_runs\snapshot-panel_20260307T132933Z.stdout.log
2026-03-07T13:29:35Z stale pid removed job=index-feed-generators pid=75720
2026-03-07T13:34:36Z job_started job=index-feed-generators pid=83004 log=D:\BlueSky\data_v2_full\logs\manual_runs\index-feed-generators_20260307T133435Z.stdout.log
2026-03-07T13:39:06Z stale pid removed job=snapshot-panel pid=84328
2026-03-07T14:29:42Z job_started job=snapshot-panel pid=80748 log=D:\BlueSky\data_v2_full\logs\manual_runs\snapshot-panel_20260307T142940Z.stdout.log
2026-03-07T14:29:42Z stale pid removed job=index-feed-generators pid=83004
2026-03-07T14:34:43Z job_started job=index-feed-generators pid=42552 log=D:\BlueSky\data_v2_full\logs\manual_runs\index-feed-generators_20260307T143442Z.stdout.log
2026-03-07T14:39:14Z stale pid removed job=snapshot-panel pid=80748
2026-03-07T15:29:49Z job_started job=snapshot-panel pid=55612 log=D:\BlueSky\data_v2_full\logs\manual_runs\snapshot-panel_20260307T152947Z.stdout.log
2026-03-07T15:29:49Z stale pid removed job=index-feed-generators pid=42552
2026-03-07T15:29:50Z job_started job=hydrate-authors pid=57860 log=D:\BlueSky\data_v2_full\logs\manual_runs\hydrate-authors_20260307T152949Z.stdout.log
2026-03-07T15:30:20Z stale pid removed job=hydrate-authors pid=57860
2026-03-07T15:34:51Z job_started job=index-feed-generators pid=84468 log=D:\BlueSky\data_v2_full\logs\manual_runs\index-feed-generators_20260307T153450Z.stdout.log
2026-03-07T15:39:22Z stale pid removed job=snapshot-panel pid=55612
2026-03-07T16:29:57Z job_started job=snapshot-panel pid=64272 log=D:\BlueSky\data_v2_full\logs\manual_runs\snapshot-panel_20260307T162956Z.stdout.log
2026-03-07T16:29:57Z stale pid removed job=index-feed-generators pid=84468
2026-03-07T16:34:58Z job_started job=index-feed-generators pid=24752 log=D:\BlueSky\data_v2_full\logs\manual_runs\index-feed-generators_20260307T163457Z.stdout.log
2026-03-07T16:38:59Z stale pid removed job=snapshot-panel pid=64272
2026-03-07T17:30:04Z job_started job=snapshot-panel pid=83008 log=D:\BlueSky\data_v2_full\logs\manual_runs\snapshot-panel_20260307T173003Z.stdout.log
2026-03-07T17:30:04Z stale pid removed job=index-feed-generators pid=24752
2026-03-07T17:35:05Z job_started job=index-feed-generators pid=4904 log=D:\BlueSky\data_v2_full\logs\manual_runs\index-feed-generators_20260307T173504Z.stdout.log
2026-03-07T17:39:36Z stale pid removed job=snapshot-panel pid=83008
2026-03-07T18:30:11Z job_started job=snapshot-panel pid=83180 log=D:\BlueSky\data_v2_full\logs\manual_runs\snapshot-panel_20260307T183010Z.stdout.log
2026-03-07T18:30:11Z stale pid removed job=index-feed-generators pid=4904
2026-03-07T18:30:12Z job_started job=hydrate-authors pid=55300 log=D:\BlueSky\data_v2_full\logs\manual_runs\hydrate-authors_20260307T183011Z.stdout.log
2026-03-07T18:30:42Z stale pid removed job=hydrate-authors pid=55300
2026-03-07T18:35:14Z job_started job=index-feed-generators pid=24008 log=D:\BlueSky\data_v2_full\logs\manual_runs\index-feed-generators_20260307T183512Z.stdout.log
2026-03-07T18:39:44Z stale pid removed job=snapshot-panel pid=83180
2026-03-07T19:30:19Z job_started job=snapshot-panel pid=52024 log=D:\BlueSky\data_v2_full\logs\manual_runs\snapshot-panel_20260307T193018Z.stdout.log
2026-03-07T19:30:19Z stale pid removed job=index-feed-generators pid=24008
2026-03-07T19:35:21Z job_started job=index-feed-generators pid=5704 log=D:\BlueSky\data_v2_full\logs\manual_runs\index-feed-generators_20260307T193520Z.stdout.log
2026-03-07T19:40:51Z stale pid removed job=snapshot-panel pid=52024
2026-03-07T20:30:26Z job_started job=snapshot-panel pid=66320 log=D:\BlueSky\data_v2_full\logs\manual_runs\snapshot-panel_20260307T203025Z.stdout.log
2026-03-07T20:30:26Z stale pid removed job=index-feed-generators pid=5704
2026-03-07T20:35:28Z job_started job=index-feed-generators pid=29548 log=D:\BlueSky\data_v2_full\logs\manual_runs\index-feed-generators_20260307T203527Z.stdout.log
2026-03-07T20:42:29Z stale pid removed job=snapshot-panel pid=66320
2026-03-07T21:30:34Z job_started job=snapshot-panel pid=77092 log=D:\BlueSky\data_v2_full\logs\manual_runs\snapshot-panel_20260307T213033Z.stdout.log
2026-03-07T21:30:34Z stale pid removed job=index-feed-generators pid=29548
2026-03-07T21:30:35Z job_started job=hydrate-authors pid=72020 log=D:\BlueSky\data_v2_full\logs\manual_runs\hydrate-authors_20260307T213034Z.stdout.log
2026-03-07T21:31:05Z stale pid removed job=hydrate-authors pid=72020
2026-03-07T21:35:37Z job_started job=index-feed-generators pid=81316 log=D:\BlueSky\data_v2_full\logs\manual_runs\index-feed-generators_20260307T213536Z.stdout.log
2026-03-07T21:40:07Z stale pid removed job=snapshot-panel pid=77092
2026-03-07T22:30:43Z job_started job=snapshot-panel pid=78524 log=D:\BlueSky\data_v2_full\logs\manual_runs\snapshot-panel_20260307T223042Z.stdout.log
2026-03-07T22:30:43Z stale pid removed job=index-feed-generators pid=81316
2026-03-07T22:35:45Z job_started job=index-feed-generators pid=79920 log=D:\BlueSky\data_v2_full\logs\manual_runs\index-feed-generators_20260307T223543Z.stdout.log
2026-03-07T22:42:15Z stale pid removed job=snapshot-panel pid=78524
2026-03-07T23:30:51Z job_started job=snapshot-panel pid=57212 log=D:\BlueSky\data_v2_full\logs\manual_runs\snapshot-panel_20260307T233050Z.stdout.log
2026-03-07T23:30:51Z stale pid removed job=index-feed-generators pid=79920
2026-03-07T23:35:52Z job_started job=index-feed-generators pid=64344 log=D:\BlueSky\data_v2_full\logs\manual_runs\index-feed-generators_20260307T233551Z.stdout.log
2026-03-07T23:40:23Z stale pid removed job=snapshot-panel pid=57212
2026-03-08T00:30:59Z job_started job=snapshot-panel pid=72112 log=D:\BlueSky\data_v2_full\logs\manual_runs\snapshot-panel_20260308T003057Z.stdout.log
2026-03-08T00:30:59Z stale pid removed job=index-feed-generators pid=64344
2026-03-08T00:31:00Z job_started job=hydrate-authors pid=56412 log=D:\BlueSky\data_v2_full\logs\manual_runs\hydrate-authors_20260308T003059Z.stdout.log
2026-03-08T00:31:30Z stale pid removed job=hydrate-authors pid=56412
2026-03-08T00:36:01Z job_started job=index-feed-generators pid=87364 log=D:\BlueSky\data_v2_full\logs\manual_runs\index-feed-generators_20260308T003600Z.stdout.log
2026-03-08T00:40:32Z stale pid removed job=snapshot-panel pid=72112
2026-03-08T01:31:07Z job_started job=snapshot-panel pid=48852 log=D:\BlueSky\data_v2_full\logs\manual_runs\snapshot-panel_20260308T013106Z.stdout.log
2026-03-08T01:31:07Z stale pid removed job=index-feed-generators pid=87364
2026-03-08T01:36:09Z job_started job=index-feed-generators pid=87856 log=D:\BlueSky\data_v2_full\logs\manual_runs\index-feed-generators_20260308T013608Z.stdout.log
2026-03-08T01:41:09Z stale pid removed job=snapshot-panel pid=48852
2026-03-08T02:31:15Z job_started job=snapshot-panel pid=60164 log=D:\BlueSky\data_v2_full\logs\manual_runs\snapshot-panel_20260308T023114Z.stdout.log
2026-03-08T02:31:15Z stale pid removed job=index-feed-generators pid=87856
2026-03-08T02:36:17Z job_started job=index-feed-generators pid=72320 log=D:\BlueSky\data_v2_full\logs\manual_runs\index-feed-generators_20260308T023615Z.stdout.log
2026-03-08T02:40:47Z stale pid removed job=snapshot-panel pid=60164
2026-03-08T03:31:23Z job_started job=snapshot-panel pid=36868 log=D:\BlueSky\data_v2_full\logs\manual_runs\snapshot-panel_20260308T033121Z.stdout.log
2026-03-08T03:31:23Z stale pid removed job=index-feed-generators pid=72320
2026-03-08T03:31:24Z job_started job=hydrate-authors pid=69940 log=D:\BlueSky\data_v2_full\logs\manual_runs\hydrate-authors_20260308T033123Z.stdout.log
2026-03-08T03:31:54Z stale pid removed job=hydrate-authors pid=69940
2026-03-08T03:36:25Z job_started job=index-feed-generators pid=87528 log=D:\BlueSky\data_v2_full\logs\manual_runs\index-feed-generators_20260308T033624Z.stdout.log
2026-03-08T03:40:26Z stale pid removed job=snapshot-panel pid=36868
2026-03-08T04:31:31Z job_started job=snapshot-panel pid=55052 log=D:\BlueSky\data_v2_full\logs\manual_runs\snapshot-panel_20260308T043130Z.stdout.log
2026-03-08T04:31:31Z stale pid removed job=index-feed-generators pid=87528
2026-03-08T04:36:33Z job_started job=index-feed-generators pid=85220 log=D:\BlueSky\data_v2_full\logs\manual_runs\index-feed-generators_20260308T043632Z.stdout.log
2026-03-08T04:41:03Z stale pid removed job=snapshot-panel pid=55052
2026-03-08T05:31:39Z job_started job=snapshot-panel pid=88712 log=D:\BlueSky\data_v2_full\logs\manual_runs\snapshot-panel_20260308T053138Z.stdout.log
2026-03-08T05:31:39Z stale pid removed job=index-feed-generators pid=85220
2026-03-08T05:36:41Z job_started job=index-feed-generators pid=88552 log=D:\BlueSky\data_v2_full\logs\manual_runs\index-feed-generators_20260308T053640Z.stdout.log
2026-03-08T05:41:11Z stale pid removed job=snapshot-panel pid=88712
2026-03-08T06:31:46Z job_started job=snapshot-panel pid=87008 log=D:\BlueSky\data_v2_full\logs\manual_runs\snapshot-panel_20260308T063145Z.stdout.log
2026-03-08T06:31:47Z stale pid removed job=index-feed-generators pid=88552
2026-03-08T06:31:48Z job_started job=hydrate-authors pid=55612 log=D:\BlueSky\data_v2_full\logs\manual_runs\hydrate-authors_20260308T063147Z.stdout.log
2026-03-08T06:32:18Z stale pid removed job=hydrate-authors pid=55612
2026-03-08T06:36:49Z job_started job=index-feed-generators pid=84472 log=D:\BlueSky\data_v2_full\logs\manual_runs\index-feed-generators_20260308T063648Z.stdout.log
2026-03-08T06:40:50Z stale pid removed job=snapshot-panel pid=87008
2026-03-08T07:31:55Z job_started job=snapshot-panel pid=77864 log=D:\BlueSky\data_v2_full\logs\manual_runs\snapshot-panel_20260308T073154Z.stdout.log
2026-03-08T07:31:55Z stale pid removed job=index-feed-generators pid=84472
2026-03-08T07:36:56Z job_started job=index-feed-generators pid=17192 log=D:\BlueSky\data_v2_full\logs\manual_runs\index-feed-generators_20260308T073655Z.stdout.log
2026-03-08T07:41:27Z stale pid removed job=snapshot-panel pid=77864
2026-03-08T08:32:02Z job_started job=snapshot-panel pid=73312 log=D:\BlueSky\data_v2_full\logs\manual_runs\snapshot-panel_20260308T083201Z.stdout.log
2026-03-08T08:32:32Z stale pid removed job=index-feed-generators pid=17192
2026-03-08T08:37:03Z job_started job=index-feed-generators pid=51724 log=D:\BlueSky\data_v2_full\logs\manual_runs\index-feed-generators_20260308T083702Z.stdout.log
2026-03-08T08:41:34Z stale pid removed job=snapshot-panel pid=73312
2026-03-08T09:29:09Z job_started job=refresh-discovery pid=89652 log=D:\BlueSky\data_v2_full\logs\manual_runs\refresh-discovery_20260308T092908Z.stdout.log
2026-03-08T09:29:10Z job_started job=wide-sweep pid=60352 log=D:\BlueSky\data_v2_full\logs\manual_runs\wide-sweep_20260308T092909Z.stdout.log
2026-03-08T09:31:10Z stale pid removed job=refresh-discovery pid=89652
2026-03-08T09:31:11Z job_started job=build-panel pid=48716 log=D:\BlueSky\data_v2_full\logs\manual_runs\build-panel_20260308T093110Z.stdout.log
2026-03-08T09:32:12Z job_started job=snapshot-panel pid=74004 log=D:\BlueSky\data_v2_full\logs\manual_runs\snapshot-panel_20260308T093211Z.stdout.log
2026-03-08T09:32:12Z stale pid removed job=index-feed-generators pid=51724
2026-03-08T09:32:13Z job_started job=hydrate-authors pid=86208 log=D:\BlueSky\data_v2_full\logs\manual_runs\hydrate-authors_20260308T093212Z.stdout.log
2026-03-08T09:32:44Z stale pid removed job=hydrate-authors pid=86208
2026-03-08T09:36:44Z stale pid removed job=build-panel pid=48716
2026-03-08T09:37:15Z job_started job=index-feed-generators pid=89120 log=D:\BlueSky\data_v2_full\logs\manual_runs\index-feed-generators_20260308T093714Z.stdout.log
2026-03-08T09:41:16Z stale pid removed job=snapshot-panel pid=74004
2026-03-08T10:00:48Z stale pid removed job=wide-sweep pid=60352
2026-03-08T10:32:22Z job_started job=snapshot-panel pid=30208 log=D:\BlueSky\data_v2_full\logs\manual_runs\snapshot-panel_20260308T103221Z.stdout.log
2026-03-08T10:32:22Z stale pid removed job=index-feed-generators pid=89120
2026-03-08T10:37:23Z job_started job=index-feed-generators pid=68404 log=D:\BlueSky\data_v2_full\logs\manual_runs\index-feed-generators_20260308T103722Z.stdout.log
2026-03-08T10:42:24Z stale pid removed job=snapshot-panel pid=30208
2026-03-08T11:32:29Z job_started job=snapshot-panel pid=66764 log=D:\BlueSky\data_v2_full\logs\manual_runs\snapshot-panel_20260308T113228Z.stdout.log
2026-03-08T11:32:29Z stale pid removed job=index-feed-generators pid=68404
2026-03-08T11:37:30Z job_started job=index-feed-generators pid=60968 log=D:\BlueSky\data_v2_full\logs\manual_runs\index-feed-generators_20260308T113729Z.stdout.log
2026-03-08T11:42:31Z stale pid removed job=snapshot-panel pid=66764
2026-03-08T12:32:36Z job_started job=snapshot-panel pid=88624 log=D:\BlueSky\data_v2_full\logs\manual_runs\snapshot-panel_20260308T123235Z.stdout.log
2026-03-08T12:32:36Z stale pid removed job=index-feed-generators pid=60968
2026-03-08T12:32:37Z job_started job=hydrate-authors pid=80868 log=D:\BlueSky\data_v2_full\logs\manual_runs\hydrate-authors_20260308T123236Z.stdout.log
2026-03-08T12:33:37Z stale pid removed job=hydrate-authors pid=80868
2026-03-08T12:37:39Z job_started job=index-feed-generators pid=85512 log=D:\BlueSky\data_v2_full\logs\manual_runs\index-feed-generators_20260308T123738Z.stdout.log
2026-03-08T12:42:09Z stale pid removed job=snapshot-panel pid=88624
2026-03-08T13:32:44Z job_started job=snapshot-panel pid=29896 log=D:\BlueSky\data_v2_full\logs\manual_runs\snapshot-panel_20260308T133243Z.stdout.log
2026-03-08T13:32:44Z stale pid removed job=index-feed-generators pid=85512
2026-03-08T13:37:46Z job_started job=index-feed-generators pid=87600 log=D:\BlueSky\data_v2_full\logs\manual_runs\index-feed-generators_20260308T133745Z.stdout.log
2026-03-08T13:42:16Z stale pid removed job=snapshot-panel pid=29896
2026-03-08T14:32:52Z job_started job=snapshot-panel pid=71348 log=D:\BlueSky\data_v2_full\logs\manual_runs\snapshot-panel_20260308T143250Z.stdout.log
2026-03-08T14:32:52Z stale pid removed job=index-feed-generators pid=87600
2026-03-08T14:37:53Z job_started job=index-feed-generators pid=64704 log=D:\BlueSky\data_v2_full\logs\manual_runs\index-feed-generators_20260308T143752Z.stdout.log
2026-03-08T14:42:24Z stale pid removed job=snapshot-panel pid=71348
2026-03-08T15:32:59Z job_started job=snapshot-panel pid=37932 log=D:\BlueSky\data_v2_full\logs\manual_runs\snapshot-panel_20260308T153258Z.stdout.log
2026-03-08T15:32:59Z stale pid removed job=index-feed-generators pid=64704
2026-03-08T15:33:00Z job_started job=hydrate-authors pid=71452 log=D:\BlueSky\data_v2_full\logs\manual_runs\hydrate-authors_20260308T153259Z.stdout.log
2026-03-08T15:33:30Z stale pid removed job=hydrate-authors pid=71452
2026-03-08T15:38:01Z job_started job=index-feed-generators pid=88300 log=D:\BlueSky\data_v2_full\logs\manual_runs\index-feed-generators_20260308T153800Z.stdout.log
2026-03-08T15:43:02Z stale pid removed job=snapshot-panel pid=37932
2026-03-08T16:33:07Z job_started job=snapshot-panel pid=85796 log=D:\BlueSky\data_v2_full\logs\manual_runs\snapshot-panel_20260308T163306Z.stdout.log
2026-03-08T16:33:07Z stale pid removed job=index-feed-generators pid=88300
2026-03-08T16:38:09Z job_started job=index-feed-generators pid=87220 log=D:\BlueSky\data_v2_full\logs\manual_runs\index-feed-generators_20260308T163807Z.stdout.log
2026-03-08T16:43:09Z stale pid removed job=snapshot-panel pid=85796
2026-03-08T17:33:14Z job_started job=snapshot-panel pid=66056 log=D:\BlueSky\data_v2_full\logs\manual_runs\snapshot-panel_20260308T173313Z.stdout.log
2026-03-08T17:33:14Z stale pid removed job=index-feed-generators pid=87220
2026-03-08T17:38:16Z job_started job=index-feed-generators pid=85844 log=D:\BlueSky\data_v2_full\logs\manual_runs\index-feed-generators_20260308T173815Z.stdout.log
2026-03-08T17:43:46Z stale pid removed job=snapshot-panel pid=66056
2026-03-08T18:33:21Z job_started job=snapshot-panel pid=86680 log=D:\BlueSky\data_v2_full\logs\manual_runs\snapshot-panel_20260308T183320Z.stdout.log
2026-03-08T18:33:21Z stale pid removed job=index-feed-generators pid=85844
2026-03-08T18:33:22Z job_started job=hydrate-authors pid=88980 log=D:\BlueSky\data_v2_full\logs\manual_runs\hydrate-authors_20260308T183321Z.stdout.log
2026-03-08T18:33:53Z stale pid removed job=hydrate-authors pid=88980
2026-03-08T18:38:24Z job_started job=index-feed-generators pid=48460 log=D:\BlueSky\data_v2_full\logs\manual_runs\index-feed-generators_20260308T183823Z.stdout.log
2026-03-08T18:43:25Z stale pid removed job=snapshot-panel pid=86680
2026-03-08T19:33:30Z job_started job=snapshot-panel pid=58272 log=D:\BlueSky\data_v2_full\logs\manual_runs\snapshot-panel_20260308T193329Z.stdout.log
2026-03-08T19:33:30Z stale pid removed job=index-feed-generators pid=48460
2026-03-08T19:38:31Z job_started job=index-feed-generators pid=73312 log=D:\BlueSky\data_v2_full\logs\manual_runs\index-feed-generators_20260308T193830Z.stdout.log
2026-03-08T19:43:32Z stale pid removed job=snapshot-panel pid=58272
2026-03-08T20:33:37Z job_started job=snapshot-panel pid=46408 log=D:\BlueSky\data_v2_full\logs\manual_runs\snapshot-panel_20260308T203336Z.stdout.log
2026-03-08T20:33:37Z stale pid removed job=index-feed-generators pid=73312
2026-03-08T20:38:38Z job_started job=index-feed-generators pid=86248 log=D:\BlueSky\data_v2_full\logs\manual_runs\index-feed-generators_20260308T203837Z.stdout.log
2026-03-08T20:43:09Z stale pid removed job=snapshot-panel pid=46408
2026-03-08T21:33:44Z job_started job=snapshot-panel pid=86112 log=D:\BlueSky\data_v2_full\logs\manual_runs\snapshot-panel_20260308T213343Z.stdout.log
2026-03-08T21:33:44Z stale pid removed job=index-feed-generators pid=86248
2026-03-08T21:33:45Z job_started job=hydrate-authors pid=8692 log=D:\BlueSky\data_v2_full\logs\manual_runs\hydrate-authors_20260308T213344Z.stdout.log
2026-03-08T21:34:15Z stale pid removed job=hydrate-authors pid=8692
2026-03-08T21:38:47Z job_started job=index-feed-generators pid=81356 log=D:\BlueSky\data_v2_full\logs\manual_runs\index-feed-generators_20260308T213846Z.stdout.log
2026-03-08T21:43:17Z stale pid removed job=snapshot-panel pid=86112
2026-03-08T22:33:52Z job_started job=snapshot-panel pid=85040 log=D:\BlueSky\data_v2_full\logs\manual_runs\snapshot-panel_20260308T223351Z.stdout.log
2026-03-08T22:33:52Z stale pid removed job=index-feed-generators pid=81356
2026-03-08T22:38:54Z job_started job=index-feed-generators pid=90788 log=D:\BlueSky\data_v2_full\logs\manual_runs\index-feed-generators_20260308T223853Z.stdout.log
2026-03-08T22:43:54Z stale pid removed job=snapshot-panel pid=85040
2026-03-08T23:34:00Z job_started job=snapshot-panel pid=60452 log=D:\BlueSky\data_v2_full\logs\manual_runs\snapshot-panel_20260308T233359Z.stdout.log
2026-03-08T23:34:00Z stale pid removed job=index-feed-generators pid=90788
2026-03-08T23:39:01Z job_started job=index-feed-generators pid=82728 log=D:\BlueSky\data_v2_full\logs\manual_runs\index-feed-generators_20260308T233900Z.stdout.log
2026-03-08T23:43:32Z stale pid removed job=snapshot-panel pid=60452
2026-03-09T00:34:07Z job_started job=snapshot-panel pid=82448 log=D:\BlueSky\data_v2_full\logs\manual_runs\snapshot-panel_20260309T003406Z.stdout.log
2026-03-09T00:34:07Z stale pid removed job=index-feed-generators pid=82728
2026-03-09T00:34:08Z job_started job=hydrate-authors pid=87372 log=D:\BlueSky\data_v2_full\logs\manual_runs\hydrate-authors_20260309T003407Z.stdout.log
2026-03-09T00:34:38Z stale pid removed job=hydrate-authors pid=87372
2026-03-09T00:39:10Z job_started job=index-feed-generators pid=85856 log=D:\BlueSky\data_v2_full\logs\manual_runs\index-feed-generators_20260309T003909Z.stdout.log
2026-03-09T00:46:11Z stale pid removed job=snapshot-panel pid=82448
2026-03-09T01:34:16Z job_started job=snapshot-panel pid=60000 log=D:\BlueSky\data_v2_full\logs\manual_runs\snapshot-panel_20260309T013414Z.stdout.log
2026-03-09T01:34:16Z stale pid removed job=index-feed-generators pid=85856
2026-03-09T01:39:17Z job_started job=index-feed-generators pid=90980 log=D:\BlueSky\data_v2_full\logs\manual_runs\index-feed-generators_20260309T013916Z.stdout.log
2026-03-09T01:43:48Z stale pid removed job=snapshot-panel pid=60000
2026-03-09T02:34:23Z job_started job=snapshot-panel pid=72848 log=D:\BlueSky\data_v2_full\logs\manual_runs\snapshot-panel_20260309T023422Z.stdout.log
2026-03-09T02:34:23Z stale pid removed job=index-feed-generators pid=90980
2026-03-09T02:39:25Z job_started job=index-feed-generators pid=92388 log=D:\BlueSky\data_v2_full\logs\manual_runs\index-feed-generators_20260309T023924Z.stdout.log
2026-03-09T02:43:56Z stale pid removed job=snapshot-panel pid=72848
2026-03-09T03:34:31Z job_started job=snapshot-panel pid=90320 log=D:\BlueSky\data_v2_full\logs\manual_runs\snapshot-panel_20260309T033430Z.stdout.log
2026-03-09T03:34:31Z stale pid removed job=index-feed-generators pid=92388
2026-03-09T03:34:33Z job_started job=hydrate-authors pid=90092 log=D:\BlueSky\data_v2_full\logs\manual_runs\hydrate-authors_20260309T033431Z.stdout.log
2026-03-09T03:35:03Z stale pid removed job=hydrate-authors pid=90092
2026-03-09T03:39:34Z job_started job=index-feed-generators pid=55612 log=D:\BlueSky\data_v2_full\logs\manual_runs\index-feed-generators_20260309T033933Z.stdout.log
2026-03-09T03:44:05Z stale pid removed job=snapshot-panel pid=90320
2026-03-09T04:34:40Z job_started job=snapshot-panel pid=27588 log=D:\BlueSky\data_v2_full\logs\manual_runs\snapshot-panel_20260309T043439Z.stdout.log
2026-03-09T04:34:40Z stale pid removed job=index-feed-generators pid=55612
2026-03-09T04:39:42Z job_started job=index-feed-generators pid=93812 log=D:\BlueSky\data_v2_full\logs\manual_runs\index-feed-generators_20260309T043941Z.stdout.log
2026-03-09T04:44:12Z stale pid removed job=snapshot-panel pid=27588
2026-03-09T05:34:48Z job_started job=snapshot-panel pid=95384 log=D:\BlueSky\data_v2_full\logs\manual_runs\snapshot-panel_20260309T053447Z.stdout.log
2026-03-09T05:34:48Z stale pid removed job=index-feed-generators pid=93812
2026-03-09T05:39:50Z job_started job=index-feed-generators pid=96020 log=D:\BlueSky\data_v2_full\logs\manual_runs\index-feed-generators_20260309T053949Z.stdout.log
2026-03-09T05:44:50Z stale pid removed job=snapshot-panel pid=95384
2026-03-09T06:34:56Z job_started job=snapshot-panel pid=95692 log=D:\BlueSky\data_v2_full\logs\manual_runs\snapshot-panel_20260309T063455Z.stdout.log
2026-03-09T06:34:56Z stale pid removed job=index-feed-generators pid=96020
2026-03-09T06:34:57Z job_started job=hydrate-authors pid=93896 log=D:\BlueSky\data_v2_full\logs\manual_runs\hydrate-authors_20260309T063456Z.stdout.log
2026-03-09T06:35:27Z stale pid removed job=hydrate-authors pid=93896
2026-03-09T06:39:59Z job_started job=index-feed-generators pid=94728 log=D:\BlueSky\data_v2_full\logs\manual_runs\index-feed-generators_20260309T063957Z.stdout.log
2026-03-09T06:44:29Z stale pid removed job=snapshot-panel pid=95692
2026-03-09T07:35:05Z job_started job=snapshot-panel pid=94308 log=D:\BlueSky\data_v2_full\logs\manual_runs\snapshot-panel_20260309T073504Z.stdout.log
2026-03-09T07:35:05Z stale pid removed job=index-feed-generators pid=94728
2026-03-09T07:40:06Z job_started job=index-feed-generators pid=62956 log=D:\BlueSky\data_v2_full\logs\manual_runs\index-feed-generators_20260309T074005Z.stdout.log
2026-03-09T07:44:37Z stale pid removed job=snapshot-panel pid=94308
2026-03-09T08:35:12Z job_started job=snapshot-panel pid=85416 log=D:\BlueSky\data_v2_full\logs\manual_runs\snapshot-panel_20260309T083511Z.stdout.log
2026-03-09T08:35:12Z stale pid removed job=index-feed-generators pid=62956
2026-03-09T08:40:14Z job_started job=index-feed-generators pid=96620 log=D:\BlueSky\data_v2_full\logs\manual_runs\index-feed-generators_20260309T084013Z.stdout.log
2026-03-09T08:44:44Z stale pid removed job=snapshot-panel pid=85416
2026-03-09T09:29:20Z job_started job=refresh-discovery pid=89976 log=D:\BlueSky\data_v2_full\logs\manual_runs\refresh-discovery_20260309T092918Z.stdout.log
2026-03-09T09:29:21Z job_started job=wide-sweep pid=94628 log=D:\BlueSky\data_v2_full\logs\manual_runs\wide-sweep_20260309T092920Z.stdout.log
2026-03-09T09:31:21Z stale pid removed job=refresh-discovery pid=89976
2026-03-09T09:31:22Z job_started job=build-panel pid=60984 log=D:\BlueSky\data_v2_full\logs\manual_runs\build-panel_20260309T093121Z.stdout.log
2026-03-09T09:35:24Z job_started job=snapshot-panel pid=56612 log=D:\BlueSky\data_v2_full\logs\manual_runs\snapshot-panel_20260309T093523Z.stdout.log
2026-03-09T09:35:24Z stale pid removed job=index-feed-generators pid=96620
2026-03-09T09:35:25Z job_started job=hydrate-authors pid=95492 log=D:\BlueSky\data_v2_full\logs\manual_runs\hydrate-authors_20260309T093524Z.stdout.log
2026-03-09T09:35:55Z stale pid removed job=hydrate-authors pid=95492
2026-03-09T09:36:55Z stale pid removed job=build-panel pid=60984
2026-03-09T09:40:27Z job_started job=index-feed-generators pid=97192 log=D:\BlueSky\data_v2_full\logs\manual_runs\index-feed-generators_20260309T094026Z.stdout.log
2026-03-09T09:44:57Z stale pid removed job=snapshot-panel pid=56612
2026-03-09T10:00:59Z stale pid removed job=wide-sweep pid=94628
2026-03-09T10:35:33Z job_started job=snapshot-panel pid=93464 log=D:\BlueSky\data_v2_full\logs\manual_runs\snapshot-panel_20260309T103532Z.stdout.log
2026-03-09T10:35:33Z stale pid removed job=index-feed-generators pid=97192
2026-03-09T10:40:35Z job_started job=index-feed-generators pid=96396 log=D:\BlueSky\data_v2_full\logs\manual_runs\index-feed-generators_20260309T104034Z.stdout.log
2026-03-09T10:45:35Z stale pid removed job=snapshot-panel pid=93464
2026-03-09T11:35:41Z job_started job=snapshot-panel pid=97516 log=D:\BlueSky\data_v2_full\logs\manual_runs\snapshot-panel_20260309T113540Z.stdout.log
2026-03-09T11:35:41Z stale pid removed job=index-feed-generators pid=96396
2026-03-09T11:40:42Z job_started job=index-feed-generators pid=78888 log=D:\BlueSky\data_v2_full\logs\manual_runs\index-feed-generators_20260309T114041Z.stdout.log
2026-03-09T11:46:13Z stale pid removed job=snapshot-panel pid=97516
2026-03-09T12:35:48Z job_started job=snapshot-panel pid=90612 log=D:\BlueSky\data_v2_full\logs\manual_runs\snapshot-panel_20260309T123547Z.stdout.log
2026-03-09T12:35:48Z stale pid removed job=index-feed-generators pid=78888
2026-03-09T12:35:49Z job_started job=hydrate-authors pid=91920 log=D:\BlueSky\data_v2_full\logs\manual_runs\hydrate-authors_20260309T123548Z.stdout.log
2026-03-09T12:36:49Z stale pid removed job=hydrate-authors pid=91920
2026-03-09T12:40:51Z job_started job=index-feed-generators pid=32968 log=D:\BlueSky\data_v2_full\logs\manual_runs\index-feed-generators_20260309T124050Z.stdout.log
2026-03-09T12:45:21Z stale pid removed job=snapshot-panel pid=90612
2026-03-09T13:35:57Z job_started job=snapshot-panel pid=95648 log=D:\BlueSky\data_v2_full\logs\manual_runs\snapshot-panel_20260309T133556Z.stdout.log
2026-03-09T13:35:57Z stale pid removed job=index-feed-generators pid=32968
2026-03-09T13:40:58Z job_started job=index-feed-generators pid=94244 log=D:\BlueSky\data_v2_full\logs\manual_runs\index-feed-generators_20260309T134057Z.stdout.log
2026-03-09T13:44:59Z stale pid removed job=snapshot-panel pid=95648
2026-03-09T14:36:04Z job_started job=snapshot-panel pid=76888 log=D:\BlueSky\data_v2_full\logs\manual_runs\snapshot-panel_20260309T143603Z.stdout.log
2026-03-09T14:36:04Z stale pid removed job=index-feed-generators pid=94244
2026-03-09T14:41:06Z job_started job=index-feed-generators pid=80972 log=D:\BlueSky\data_v2_full\logs\manual_runs\index-feed-generators_20260309T144105Z.stdout.log
2026-03-09T14:46:37Z stale pid removed job=snapshot-panel pid=76888
2026-03-09T15:36:12Z job_started job=snapshot-panel pid=97648 log=D:\BlueSky\data_v2_full\logs\manual_runs\snapshot-panel_20260309T153611Z.stdout.log
2026-03-09T15:36:12Z stale pid removed job=index-feed-generators pid=80972
2026-03-09T15:36:13Z job_started job=hydrate-authors pid=92408 log=D:\BlueSky\data_v2_full\logs\manual_runs\hydrate-authors_20260309T153612Z.stdout.log
2026-03-09T15:36:43Z stale pid removed job=hydrate-authors pid=92408
2026-03-09T15:41:15Z job_started job=index-feed-generators pid=98016 log=D:\BlueSky\data_v2_full\logs\manual_runs\index-feed-generators_20260309T154114Z.stdout.log
2026-03-09T15:46:15Z stale pid removed job=snapshot-panel pid=97648
2026-03-09T16:36:21Z job_started job=snapshot-panel pid=82636 log=D:\BlueSky\data_v2_full\logs\manual_runs\snapshot-panel_20260309T163620Z.stdout.log
2026-03-09T16:36:21Z stale pid removed job=index-feed-generators pid=98016
2026-03-09T16:41:22Z job_started job=index-feed-generators pid=93232 log=D:\BlueSky\data_v2_full\logs\manual_runs\index-feed-generators_20260309T164121Z.stdout.log
2026-03-09T16:46:53Z stale pid removed job=snapshot-panel pid=82636
2026-03-09T21:28:46Z collector-daemon-win starting pid=86396 root=D:\BlueSky out_base=D:\BlueSky\data_v2_full
2026-03-09T21:28:46Z startup stamp reset enabled cleared=6
2026-03-09T21:28:47Z state-writer started pid=91280 tcp=127.0.0.1:9911 log=D:\BlueSky\data_v2_full\logs\manual_runs\state-writer_20260309T212846Z.stdout.log
2026-03-09T21:28:48Z job_started job=snapshot-panel pid=78100 log=D:\BlueSky\data_v2_full\logs\manual_runs\snapshot-panel_20260309T212847Z.stdout.log
2026-03-09T21:28:48Z stale pid removed job=index-feed-generators pid=93232
2026-03-09T21:28:49Z job_started job=index-feed-generators pid=96708 log=D:\BlueSky\data_v2_full\logs\manual_runs\index-feed-generators_20260309T212848Z.stdout.log
2026-03-09T21:28:50Z job_started job=hydrate-authors pid=97840 log=D:\BlueSky\data_v2_full\logs\manual_runs\hydrate-authors_20260309T212849Z.stdout.log
2026-03-09T21:28:51Z job_started job=refresh-discovery pid=70432 log=D:\BlueSky\data_v2_full\logs\manual_runs\refresh-discovery_20260309T212850Z.stdout.log
2026-03-09T21:28:52Z job_started job=wide-sweep pid=74864 log=D:\BlueSky\data_v2_full\logs\manual_runs\wide-sweep_20260309T212851Z.stdout.log
2026-03-09T21:29:23Z stale pid removed job=hydrate-authors pid=97840
2026-03-09T21:29:23Z stale pid removed job=refresh-discovery pid=70432
2026-03-09T21:29:24Z job_started job=build-panel pid=88364 log=D:\BlueSky\data_v2_full\logs\manual_runs\build-panel_20260309T212923Z.stdout.log
2026-03-09T21:34:55Z stale pid removed job=build-panel pid=88364
2026-03-09T21:38:25Z stale pid removed job=snapshot-panel pid=78100
2026-03-09T22:03:58Z stale pid removed job=wide-sweep pid=74864
2026-03-09T22:24:00Z stale pid removed job=index-feed-generators pid=96708
2026-03-09T22:29:01Z job_started job=snapshot-panel pid=98276 log=D:\BlueSky\data_v2_full\logs\manual_runs\snapshot-panel_20260309T222900Z.stdout.log
2026-03-09T22:29:02Z job_started job=index-feed-generators pid=65588 log=D:\BlueSky\data_v2_full\logs\manual_runs\index-feed-generators_20260309T222901Z.stdout.log
2026-03-09T22:38:33Z stale pid removed job=snapshot-panel pid=98276
2026-03-09T23:24:07Z stale pid removed job=index-feed-generators pid=65588
2026-03-09T23:29:08Z job_started job=snapshot-panel pid=89596 log=D:\BlueSky\data_v2_full\logs\manual_runs\snapshot-panel_20260309T232907Z.stdout.log
2026-03-09T23:29:09Z job_started job=index-feed-generators pid=86856 log=D:\BlueSky\data_v2_full\logs\manual_runs\index-feed-generators_20260309T232908Z.stdout.log
2026-03-09T23:38:40Z stale pid removed job=snapshot-panel pid=89596
2026-03-10T00:24:14Z stale pid removed job=index-feed-generators pid=86856
2026-03-10T00:29:15Z job_started job=snapshot-panel pid=89244 log=D:\BlueSky\data_v2_full\logs\manual_runs\snapshot-panel_20260310T002914Z.stdout.log
2026-03-10T00:29:16Z job_started job=index-feed-generators pid=98956 log=D:\BlueSky\data_v2_full\logs\manual_runs\index-feed-generators_20260310T002915Z.stdout.log
2026-03-10T00:29:17Z job_started job=hydrate-authors pid=90008 log=D:\BlueSky\data_v2_full\logs\manual_runs\hydrate-authors_20260310T002916Z.stdout.log
2026-03-10T00:30:18Z stale pid removed job=hydrate-authors pid=90008
2026-03-10T00:38:19Z stale pid removed job=snapshot-panel pid=89244
2026-03-10T01:24:22Z stale pid removed job=index-feed-generators pid=98956
2026-03-10T01:29:24Z job_started job=snapshot-panel pid=82436 log=D:\BlueSky\data_v2_full\logs\manual_runs\snapshot-panel_20260310T012923Z.stdout.log
2026-03-10T01:29:25Z job_started job=index-feed-generators pid=94448 log=D:\BlueSky\data_v2_full\logs\manual_runs\index-feed-generators_20260310T012924Z.stdout.log
2026-03-10T01:39:26Z stale pid removed job=snapshot-panel pid=82436
2026-03-10T02:24:29Z stale pid removed job=index-feed-generators pid=94448
2026-03-10T02:29:31Z job_started job=snapshot-panel pid=87376 log=D:\BlueSky\data_v2_full\logs\manual_runs\snapshot-panel_20260310T022930Z.stdout.log
2026-03-10T02:29:32Z job_started job=index-feed-generators pid=93480 log=D:\BlueSky\data_v2_full\logs\manual_runs\index-feed-generators_20260310T022931Z.stdout.log
2026-03-10T02:39:03Z stale pid removed job=snapshot-panel pid=87376
2026-03-10T03:24:37Z stale pid removed job=index-feed-generators pid=93480
2026-03-10T03:29:38Z job_started job=snapshot-panel pid=89488 log=D:\BlueSky\data_v2_full\logs\manual_runs\snapshot-panel_20260310T032937Z.stdout.log
2026-03-10T03:29:39Z job_started job=index-feed-generators pid=90696 log=D:\BlueSky\data_v2_full\logs\manual_runs\index-feed-generators_20260310T032938Z.stdout.log
2026-03-10T03:29:40Z job_started job=hydrate-authors pid=27300 log=D:\BlueSky\data_v2_full\logs\manual_runs\hydrate-authors_20260310T032939Z.stdout.log
2026-03-10T03:30:10Z stale pid removed job=hydrate-authors pid=27300
2026-03-10T03:39:11Z stale pid removed job=snapshot-panel pid=89488
2026-03-10T04:24:45Z stale pid removed job=index-feed-generators pid=90696
2026-03-10T04:29:46Z job_started job=snapshot-panel pid=85268 log=D:\BlueSky\data_v2_full\logs\manual_runs\snapshot-panel_20260310T042945Z.stdout.log
2026-03-10T04:29:47Z job_started job=index-feed-generators pid=72412 log=D:\BlueSky\data_v2_full\logs\manual_runs\index-feed-generators_20260310T042946Z.stdout.log
2026-03-10T04:39:18Z stale pid removed job=snapshot-panel pid=85268
2026-03-10T05:24:52Z stale pid removed job=index-feed-generators pid=72412
2026-03-10T05:29:53Z job_started job=snapshot-panel pid=81720 log=D:\BlueSky\data_v2_full\logs\manual_runs\snapshot-panel_20260310T052952Z.stdout.log
2026-03-10T05:29:54Z job_started job=index-feed-generators pid=87532 log=D:\BlueSky\data_v2_full\logs\manual_runs\index-feed-generators_20260310T052953Z.stdout.log
2026-03-10T05:40:26Z stale pid removed job=snapshot-panel pid=81720
2026-03-10T06:25:00Z stale pid removed job=index-feed-generators pid=87532
2026-03-10T06:30:01Z job_started job=snapshot-panel pid=87232 log=D:\BlueSky\data_v2_full\logs\manual_runs\snapshot-panel_20260310T063000Z.stdout.log
2026-03-10T06:30:03Z job_started job=index-feed-generators pid=68568 log=D:\BlueSky\data_v2_full\logs\manual_runs\index-feed-generators_20260310T063001Z.stdout.log
2026-03-10T06:30:04Z job_started job=hydrate-authors pid=94260 log=D:\BlueSky\data_v2_full\logs\manual_runs\hydrate-authors_20260310T063003Z.stdout.log
2026-03-10T06:30:34Z stale pid removed job=hydrate-authors pid=94260
2026-03-10T06:39:35Z stale pid removed job=snapshot-panel pid=87232
2026-03-10T07:25:09Z stale pid removed job=index-feed-generators pid=68568
2026-03-10T07:30:11Z job_started job=snapshot-panel pid=87248 log=D:\BlueSky\data_v2_full\logs\manual_runs\snapshot-panel_20260310T073010Z.stdout.log
2026-03-10T07:30:12Z job_started job=index-feed-generators pid=79140 log=D:\BlueSky\data_v2_full\logs\manual_runs\index-feed-generators_20260310T073011Z.stdout.log
2026-03-10T07:39:43Z stale pid removed job=snapshot-panel pid=87248
2026-03-10T08:25:17Z stale pid removed job=index-feed-generators pid=79140
2026-03-10T08:30:19Z job_started job=snapshot-panel pid=85504 log=D:\BlueSky\data_v2_full\logs\manual_runs\snapshot-panel_20260310T083018Z.stdout.log
2026-03-10T08:30:20Z job_started job=index-feed-generators pid=61280 log=D:\BlueSky\data_v2_full\logs\manual_runs\index-feed-generators_20260310T083019Z.stdout.log
2026-03-10T08:41:21Z stale pid removed job=snapshot-panel pid=85504
2026-03-10T09:25:26Z stale pid removed job=index-feed-generators pid=61280
2026-03-10T09:30:27Z job_started job=snapshot-panel pid=87152 log=D:\BlueSky\data_v2_full\logs\manual_runs\snapshot-panel_20260310T093026Z.stdout.log
2026-03-10T09:30:28Z job_started job=index-feed-generators pid=97796 log=D:\BlueSky\data_v2_full\logs\manual_runs\index-feed-generators_20260310T093027Z.stdout.log
2026-03-10T09:30:29Z job_started job=hydrate-authors pid=84472 log=D:\BlueSky\data_v2_full\logs\manual_runs\hydrate-authors_20260310T093028Z.stdout.log
2026-03-10T09:30:59Z stale pid removed job=hydrate-authors pid=84472
2026-03-10T09:41:01Z stale pid removed job=snapshot-panel pid=87152
2026-03-10T10:25:35Z stale pid removed job=index-feed-generators pid=97796
2026-03-10T10:30:36Z job_started job=snapshot-panel pid=87116 log=D:\BlueSky\data_v2_full\logs\manual_runs\snapshot-panel_20260310T103035Z.stdout.log
2026-03-10T10:30:38Z job_started job=index-feed-generators pid=74648 log=D:\BlueSky\data_v2_full\logs\manual_runs\index-feed-generators_20260310T103036Z.stdout.log
2026-03-10T10:40:39Z stale pid removed job=snapshot-panel pid=87116
2026-03-10T11:25:43Z stale pid removed job=index-feed-generators pid=74648
2026-03-10T11:30:44Z job_started job=snapshot-panel pid=63744 log=D:\BlueSky\data_v2_full\logs\manual_runs\snapshot-panel_20260310T113043Z.stdout.log
2026-03-10T11:30:45Z job_started job=index-feed-generators pid=99172 log=D:\BlueSky\data_v2_full\logs\manual_runs\index-feed-generators_20260310T113044Z.stdout.log
2026-03-10T11:40:17Z stale pid removed job=snapshot-panel pid=63744
2026-03-10T12:25:51Z stale pid removed job=index-feed-generators pid=99172
2026-03-10T12:30:52Z job_started job=snapshot-panel pid=61460 log=D:\BlueSky\data_v2_full\logs\manual_runs\snapshot-panel_20260310T123051Z.stdout.log
2026-03-10T12:30:54Z job_started job=index-feed-generators pid=94760 log=D:\BlueSky\data_v2_full\logs\manual_runs\index-feed-generators_20260310T123052Z.stdout.log
2026-03-10T12:30:55Z job_started job=hydrate-authors pid=95224 log=D:\BlueSky\data_v2_full\logs\manual_runs\hydrate-authors_20260310T123054Z.stdout.log
2026-03-10T12:31:25Z stale pid removed job=hydrate-authors pid=95224
2026-03-10T12:40:26Z stale pid removed job=snapshot-panel pid=61460
2026-03-10T13:26:00Z stale pid removed job=index-feed-generators pid=94760
2026-03-10T13:31:02Z job_started job=snapshot-panel pid=98568 log=D:\BlueSky\data_v2_full\logs\manual_runs\snapshot-panel_20260310T133101Z.stdout.log
2026-03-10T13:31:03Z job_started job=index-feed-generators pid=62412 log=D:\BlueSky\data_v2_full\logs\manual_runs\index-feed-generators_20260310T133102Z.stdout.log
2026-03-10T13:40:34Z stale pid removed job=snapshot-panel pid=98568
2026-03-10T14:26:08Z stale pid removed job=index-feed-generators pid=62412
2026-03-10T14:31:10Z job_started job=snapshot-panel pid=80168 log=D:\BlueSky\data_v2_full\logs\manual_runs\snapshot-panel_20260310T143109Z.stdout.log
2026-03-10T14:31:11Z job_started job=index-feed-generators pid=85988 log=D:\BlueSky\data_v2_full\logs\manual_runs\index-feed-generators_20260310T143110Z.stdout.log
2026-03-10T14:40:42Z stale pid removed job=snapshot-panel pid=80168
2026-03-10T15:26:17Z stale pid removed job=index-feed-generators pid=85988
2026-03-10T15:31:18Z job_started job=snapshot-panel pid=84092 log=D:\BlueSky\data_v2_full\logs\manual_runs\snapshot-panel_20260310T153117Z.stdout.log
2026-03-10T15:31:19Z job_started job=index-feed-generators pid=98920 log=D:\BlueSky\data_v2_full\logs\manual_runs\index-feed-generators_20260310T153118Z.stdout.log
2026-03-10T15:31:20Z job_started job=hydrate-authors pid=60844 log=D:\BlueSky\data_v2_full\logs\manual_runs\hydrate-authors_20260310T153119Z.stdout.log
2026-03-10T15:31:50Z stale pid removed job=hydrate-authors pid=60844
2026-03-10T15:41:22Z stale pid removed job=snapshot-panel pid=84092
2026-03-10T16:26:26Z stale pid removed job=index-feed-generators pid=98920
2026-03-10T16:31:27Z job_started job=snapshot-panel pid=36676 log=D:\BlueSky\data_v2_full\logs\manual_runs\snapshot-panel_20260310T163126Z.stdout.log
2026-03-10T16:31:28Z job_started job=index-feed-generators pid=89636 log=D:\BlueSky\data_v2_full\logs\manual_runs\index-feed-generators_20260310T163127Z.stdout.log
2026-03-10T16:40:30Z stale pid removed job=snapshot-panel pid=36676
2026-03-10T17:26:34Z stale pid removed job=index-feed-generators pid=89636
2026-03-10T17:31:36Z job_started job=snapshot-panel pid=80168 log=D:\BlueSky\data_v2_full\logs\manual_runs\snapshot-panel_20260310T173134Z.stdout.log
2026-03-10T17:31:37Z job_started job=index-feed-generators pid=68956 log=D:\BlueSky\data_v2_full\logs\manual_runs\index-feed-generators_20260310T173136Z.stdout.log
2026-03-10T17:41:38Z stale pid removed job=snapshot-panel pid=80168
2026-03-10T18:26:42Z stale pid removed job=index-feed-generators pid=68956
2026-03-10T18:31:44Z job_started job=snapshot-panel pid=82036 log=D:\BlueSky\data_v2_full\logs\manual_runs\snapshot-panel_20260310T183143Z.stdout.log
2026-03-10T18:31:45Z job_started job=index-feed-generators pid=49096 log=D:\BlueSky\data_v2_full\logs\manual_runs\index-feed-generators_20260310T183144Z.stdout.log
2026-03-10T18:31:46Z job_started job=hydrate-authors pid=98356 log=D:\BlueSky\data_v2_full\logs\manual_runs\hydrate-authors_20260310T183145Z.stdout.log
2026-03-10T18:32:16Z stale pid removed job=hydrate-authors pid=98356
2026-03-10T18:41:17Z stale pid removed job=snapshot-panel pid=82036
2026-03-10T19:26:52Z stale pid removed job=index-feed-generators pid=49096
2026-03-10T19:31:53Z job_started job=snapshot-panel pid=97708 log=D:\BlueSky\data_v2_full\logs\manual_runs\snapshot-panel_20260310T193152Z.stdout.log
2026-03-10T19:31:54Z job_started job=index-feed-generators pid=83592 log=D:\BlueSky\data_v2_full\logs\manual_runs\index-feed-generators_20260310T193153Z.stdout.log
2026-03-10T19:41:55Z stale pid removed job=snapshot-panel pid=97708
2026-03-10T20:27:00Z stale pid removed job=index-feed-generators pid=83592
2026-03-10T20:32:01Z job_started job=snapshot-panel pid=81816 log=D:\BlueSky\data_v2_full\logs\manual_runs\snapshot-panel_20260310T203200Z.stdout.log
2026-03-10T20:32:02Z job_started job=index-feed-generators pid=96760 log=D:\BlueSky\data_v2_full\logs\manual_runs\index-feed-generators_20260310T203201Z.stdout.log
2026-03-10T20:41:34Z stale pid removed job=snapshot-panel pid=81816
2026-03-10T21:27:08Z stale pid removed job=index-feed-generators pid=96760
2026-03-10T21:29:09Z job_started job=refresh-discovery pid=92172 log=D:\BlueSky\data_v2_full\logs\manual_runs\refresh-discovery_20260310T212908Z.stdout.log
2026-03-10T21:29:11Z job_started job=wide-sweep pid=71520 log=D:\BlueSky\data_v2_full\logs\manual_runs\wide-sweep_20260310T212909Z.stdout.log
2026-03-10T21:31:11Z stale pid removed job=refresh-discovery pid=92172
2026-03-10T21:31:12Z job_started job=build-panel pid=95012 log=D:\BlueSky\data_v2_full\logs\manual_runs\build-panel_20260310T213111Z.stdout.log
2026-03-10T21:32:13Z job_started job=snapshot-panel pid=62920 log=D:\BlueSky\data_v2_full\logs\manual_runs\snapshot-panel_20260310T213212Z.stdout.log
2026-03-10T21:32:14Z job_started job=index-feed-generators pid=89576 log=D:\BlueSky\data_v2_full\logs\manual_runs\index-feed-generators_20260310T213213Z.stdout.log
2026-03-10T21:32:15Z job_started job=hydrate-authors pid=74644 log=D:\BlueSky\data_v2_full\logs\manual_runs\hydrate-authors_20260310T213214Z.stdout.log
2026-03-10T21:32:45Z stale pid removed job=hydrate-authors pid=74644
2026-03-10T21:36:16Z stale pid removed job=build-panel pid=95012
2026-03-10T21:41:17Z stale pid removed job=snapshot-panel pid=62920
2026-03-10T22:03:51Z stale pid removed job=wide-sweep pid=71520
2026-03-10T22:27:23Z stale pid removed job=index-feed-generators pid=89576
2026-03-10T22:32:24Z job_started job=snapshot-panel pid=74856 log=D:\BlueSky\data_v2_full\logs\manual_runs\snapshot-panel_20260310T223223Z.stdout.log
2026-03-10T22:32:25Z job_started job=index-feed-generators pid=68248 log=D:\BlueSky\data_v2_full\logs\manual_runs\index-feed-generators_20260310T223224Z.stdout.log
2026-03-10T22:41:57Z stale pid removed job=snapshot-panel pid=74856
2026-03-10T23:27:31Z stale pid removed job=index-feed-generators pid=68248
2026-03-10T23:32:33Z job_started job=snapshot-panel pid=22488 log=D:\BlueSky\data_v2_full\logs\manual_runs\snapshot-panel_20260310T233231Z.stdout.log
2026-03-10T23:32:34Z job_started job=index-feed-generators pid=87404 log=D:\BlueSky\data_v2_full\logs\manual_runs\index-feed-generators_20260310T233233Z.stdout.log
2026-03-10T23:43:05Z stale pid removed job=snapshot-panel pid=22488
2026-03-11T00:27:40Z stale pid removed job=index-feed-generators pid=87404
2026-03-11T00:32:41Z job_started job=snapshot-panel pid=26376 log=D:\BlueSky\data_v2_full\logs\manual_runs\snapshot-panel_20260311T003240Z.stdout.log
2026-03-11T00:32:42Z job_started job=index-feed-generators pid=98684 log=D:\BlueSky\data_v2_full\logs\manual_runs\index-feed-generators_20260311T003241Z.stdout.log
2026-03-11T00:32:43Z job_started job=hydrate-authors pid=98076 log=D:\BlueSky\data_v2_full\logs\manual_runs\hydrate-authors_20260311T003242Z.stdout.log
2026-03-11T00:33:43Z stale pid removed job=hydrate-authors pid=98076
2026-03-11T00:42:45Z stale pid removed job=snapshot-panel pid=26376
2026-03-11T01:27:49Z stale pid removed job=index-feed-generators pid=98684
2026-03-11T01:32:50Z job_started job=snapshot-panel pid=91412 log=D:\BlueSky\data_v2_full\logs\manual_runs\snapshot-panel_20260311T013249Z.stdout.log
2026-03-11T01:32:51Z job_started job=index-feed-generators pid=98036 log=D:\BlueSky\data_v2_full\logs\manual_runs\index-feed-generators_20260311T013250Z.stdout.log
2026-03-11T01:43:23Z stale pid removed job=snapshot-panel pid=91412
2026-03-11T02:27:57Z stale pid removed job=index-feed-generators pid=98036
2026-03-11T02:32:59Z job_started job=snapshot-panel pid=89576 log=D:\BlueSky\data_v2_full\logs\manual_runs\snapshot-panel_20260311T023257Z.stdout.log
2026-03-11T02:33:00Z job_started job=index-feed-generators pid=96936 log=D:\BlueSky\data_v2_full\logs\manual_runs\index-feed-generators_20260311T023259Z.stdout.log
2026-03-11T02:43:01Z stale pid removed job=snapshot-panel pid=89576
2026-03-11T03:28:05Z stale pid removed job=index-feed-generators pid=96936
2026-03-11T03:33:07Z job_started job=snapshot-panel pid=87452 log=D:\BlueSky\data_v2_full\logs\manual_runs\snapshot-panel_20260311T033306Z.stdout.log
2026-03-11T03:33:08Z job_started job=index-feed-generators pid=59684 log=D:\BlueSky\data_v2_full\logs\manual_runs\index-feed-generators_20260311T033307Z.stdout.log
2026-03-11T03:33:09Z job_started job=hydrate-authors pid=9572 log=D:\BlueSky\data_v2_full\logs\manual_runs\hydrate-authors_20260311T033308Z.stdout.log
2026-03-11T03:33:39Z stale pid removed job=hydrate-authors pid=9572
2026-03-11T03:43:10Z stale pid removed job=snapshot-panel pid=87452
2026-03-11T04:28:15Z stale pid removed job=index-feed-generators pid=59684
2026-03-11T04:33:16Z job_started job=snapshot-panel pid=62888 log=D:\BlueSky\data_v2_full\logs\manual_runs\snapshot-panel_20260311T043315Z.stdout.log
2026-03-11T04:33:17Z job_started job=index-feed-generators pid=2520 log=D:\BlueSky\data_v2_full\logs\manual_runs\index-feed-generators_20260311T043316Z.stdout.log
2026-03-11T04:44:19Z stale pid removed job=snapshot-panel pid=62888
2026-03-11T05:28:23Z stale pid removed job=index-feed-generators pid=2520
2026-03-11T05:33:24Z job_started job=snapshot-panel pid=79320 log=D:\BlueSky\data_v2_full\logs\manual_runs\snapshot-panel_20260311T053323Z.stdout.log
2026-03-11T05:33:25Z job_started job=index-feed-generators pid=84616 log=D:\BlueSky\data_v2_full\logs\manual_runs\index-feed-generators_20260311T053324Z.stdout.log
2026-03-11T05:43:57Z stale pid removed job=snapshot-panel pid=79320
2026-03-11T06:28:31Z stale pid removed job=index-feed-generators pid=84616
2026-03-11T06:33:33Z job_started job=snapshot-panel pid=50688 log=D:\BlueSky\data_v2_full\logs\manual_runs\snapshot-panel_20260311T063332Z.stdout.log
2026-03-11T06:33:34Z job_started job=index-feed-generators pid=95316 log=D:\BlueSky\data_v2_full\logs\manual_runs\index-feed-generators_20260311T063333Z.stdout.log
2026-03-11T06:33:35Z job_started job=hydrate-authors pid=92788 log=D:\BlueSky\data_v2_full\logs\manual_runs\hydrate-authors_20260311T063334Z.stdout.log
2026-03-11T06:34:05Z stale pid removed job=hydrate-authors pid=92788
2026-03-11T06:43:36Z stale pid removed job=snapshot-panel pid=50688
2026-03-11T07:29:11Z stale pid removed job=index-feed-generators pid=95316
2026-03-11T07:33:42Z job_started job=snapshot-panel pid=60984 log=D:\BlueSky\data_v2_full\logs\manual_runs\snapshot-panel_20260311T073341Z.stdout.log
2026-03-11T07:33:43Z job_started job=index-feed-generators pid=97920 log=D:\BlueSky\data_v2_full\logs\manual_runs\index-feed-generators_20260311T073342Z.stdout.log
2026-03-11T07:43:44Z stale pid removed job=snapshot-panel pid=60984
2026-03-11T08:28:49Z stale pid removed job=index-feed-generators pid=97920
2026-03-11T08:33:50Z job_started job=snapshot-panel pid=93684 log=D:\BlueSky\data_v2_full\logs\manual_runs\snapshot-panel_20260311T083349Z.stdout.log
2026-03-11T08:33:51Z job_started job=index-feed-generators pid=72332 log=D:\BlueSky\data_v2_full\logs\manual_runs\index-feed-generators_20260311T083350Z.stdout.log
2026-03-11T08:44:23Z stale pid removed job=snapshot-panel pid=93684
2026-03-11T09:28:57Z stale pid removed job=index-feed-generators pid=72332
2026-03-11T09:33:58Z job_started job=snapshot-panel pid=90792 log=D:\BlueSky\data_v2_full\logs\manual_runs\snapshot-panel_20260311T093357Z.stdout.log
2026-03-11T09:33:59Z job_started job=index-feed-generators pid=97304 log=D:\BlueSky\data_v2_full\logs\manual_runs\index-feed-generators_20260311T093358Z.stdout.log
2026-03-11T09:34:00Z job_started job=hydrate-authors pid=55944 log=D:\BlueSky\data_v2_full\logs\manual_runs\hydrate-authors_20260311T093359Z.stdout.log
2026-03-11T09:34:30Z stale pid removed job=hydrate-authors pid=55944
2026-03-11T09:44:02Z stale pid removed job=snapshot-panel pid=90792
2026-03-11T10:29:06Z stale pid removed job=index-feed-generators pid=97304
2026-03-11T10:34:07Z job_started job=snapshot-panel pid=99108 log=D:\BlueSky\data_v2_full\logs\manual_runs\snapshot-panel_20260311T103406Z.stdout.log
2026-03-11T10:34:09Z job_started job=index-feed-generators pid=96080 log=D:\BlueSky\data_v2_full\logs\manual_runs\index-feed-generators_20260311T103407Z.stdout.log
2026-03-11T10:44:10Z stale pid removed job=snapshot-panel pid=99108
2026-03-11T11:29:14Z stale pid removed job=index-feed-generators pid=96080
2026-03-11T11:34:16Z job_started job=snapshot-panel pid=92912 log=D:\BlueSky\data_v2_full\logs\manual_runs\snapshot-panel_20260311T113415Z.stdout.log
2026-03-11T11:34:17Z job_started job=index-feed-generators pid=79460 log=D:\BlueSky\data_v2_full\logs\manual_runs\index-feed-generators_20260311T113416Z.stdout.log
2026-03-11T11:44:18Z stale pid removed job=snapshot-panel pid=92912
2026-03-11T12:29:23Z stale pid removed job=index-feed-generators pid=79460
2026-03-11T12:34:24Z job_started job=snapshot-panel pid=56384 log=D:\BlueSky\data_v2_full\logs\manual_runs\snapshot-panel_20260311T123423Z.stdout.log
2026-03-11T12:34:25Z job_started job=index-feed-generators pid=95280 log=D:\BlueSky\data_v2_full\logs\manual_runs\index-feed-generators_20260311T123424Z.stdout.log
2026-03-11T12:34:26Z job_started job=hydrate-authors pid=93040 log=D:\BlueSky\data_v2_full\logs\manual_runs\hydrate-authors_20260311T123425Z.stdout.log
2026-03-11T12:34:56Z stale pid removed job=hydrate-authors pid=93040
2026-03-11T12:43:57Z stale pid removed job=snapshot-panel pid=56384
2026-03-11T13:29:32Z stale pid removed job=index-feed-generators pid=95280
2026-03-11T13:34:33Z job_started job=snapshot-panel pid=60868 log=D:\BlueSky\data_v2_full\logs\manual_runs\snapshot-panel_20260311T133432Z.stdout.log
2026-03-11T13:34:34Z job_started job=index-feed-generators pid=52872 log=D:\BlueSky\data_v2_full\logs\manual_runs\index-feed-generators_20260311T133433Z.stdout.log
2026-03-11T13:45:06Z stale pid removed job=snapshot-panel pid=60868
2026-03-11T14:29:40Z stale pid removed job=index-feed-generators pid=52872
2026-03-11T14:34:42Z job_started job=snapshot-panel pid=87500 log=D:\BlueSky\data_v2_full\logs\manual_runs\snapshot-panel_20260311T143440Z.stdout.log
2026-03-11T14:34:43Z job_started job=index-feed-generators pid=95272 log=D:\BlueSky\data_v2_full\logs\manual_runs\index-feed-generators_20260311T143442Z.stdout.log
2026-03-11T14:44:14Z stale pid removed job=snapshot-panel pid=87500
2026-03-11T15:29:48Z stale pid removed job=index-feed-generators pid=95272
2026-03-11T15:34:50Z job_started job=snapshot-panel pid=24864 log=D:\BlueSky\data_v2_full\logs\manual_runs\snapshot-panel_20260311T153449Z.stdout.log
2026-03-11T15:34:51Z job_started job=index-feed-generators pid=71312 log=D:\BlueSky\data_v2_full\logs\manual_runs\index-feed-generators_20260311T153450Z.stdout.log
2026-03-11T15:34:52Z job_started job=hydrate-authors pid=50208 log=D:\BlueSky\data_v2_full\logs\manual_runs\hydrate-authors_20260311T153451Z.stdout.log
2026-03-11T15:35:22Z stale pid removed job=hydrate-authors pid=50208
2026-03-11T15:47:54Z stale pid removed job=snapshot-panel pid=24864
2026-03-11T16:29:58Z stale pid removed job=index-feed-generators pid=71312
2026-03-11T16:34:59Z job_started job=snapshot-panel pid=56348 log=D:\BlueSky\data_v2_full\logs\manual_runs\snapshot-panel_20260311T163458Z.stdout.log
2026-03-11T16:35:00Z job_started job=index-feed-generators pid=94560 log=D:\BlueSky\data_v2_full\logs\manual_runs\index-feed-generators_20260311T163459Z.stdout.log
2026-03-11T16:44:32Z stale pid removed job=snapshot-panel pid=56348
2026-03-11T17:30:06Z stale pid removed job=index-feed-generators pid=94560
2026-03-11T17:35:08Z job_started job=snapshot-panel pid=87932 log=D:\BlueSky\data_v2_full\logs\manual_runs\snapshot-panel_20260311T173506Z.stdout.log
2026-03-11T17:35:09Z job_started job=index-feed-generators pid=56416 log=D:\BlueSky\data_v2_full\logs\manual_runs\index-feed-generators_20260311T173508Z.stdout.log
2026-03-11T17:45:10Z stale pid removed job=snapshot-panel pid=87932
2026-03-11T18:30:44Z stale pid removed job=index-feed-generators pid=56416
2026-03-11T18:35:16Z job_started job=snapshot-panel pid=97108 log=D:\BlueSky\data_v2_full\logs\manual_runs\snapshot-panel_20260311T183515Z.stdout.log
2026-03-11T18:35:17Z job_started job=index-feed-generators pid=44276 log=D:\BlueSky\data_v2_full\logs\manual_runs\index-feed-generators_20260311T183516Z.stdout.log
2026-03-11T18:35:18Z job_started job=hydrate-authors pid=99000 log=D:\BlueSky\data_v2_full\logs\manual_runs\hydrate-authors_20260311T183517Z.stdout.log
2026-03-11T18:35:48Z stale pid removed job=hydrate-authors pid=99000
2026-03-11T18:45:19Z stale pid removed job=snapshot-panel pid=97108
2026-03-11T19:30:24Z stale pid removed job=index-feed-generators pid=44276
2026-03-11T19:35:25Z job_started job=snapshot-panel pid=94180 log=D:\BlueSky\data_v2_full\logs\manual_runs\snapshot-panel_20260311T193524Z.stdout.log
2026-03-11T19:35:26Z job_started job=index-feed-generators pid=93896 log=D:\BlueSky\data_v2_full\logs\manual_runs\index-feed-generators_20260311T193525Z.stdout.log
2026-03-11T19:45:28Z stale pid removed job=snapshot-panel pid=94180
2026-03-11T20:30:32Z stale pid removed job=index-feed-generators pid=93896
2026-03-11T20:35:33Z job_started job=snapshot-panel pid=87508 log=D:\BlueSky\data_v2_full\logs\manual_runs\snapshot-panel_20260311T203532Z.stdout.log
2026-03-11T20:35:34Z job_started job=index-feed-generators pid=48100 log=D:\BlueSky\data_v2_full\logs\manual_runs\index-feed-generators_20260311T203533Z.stdout.log
2026-03-11T20:45:36Z stale pid removed job=snapshot-panel pid=87508
2026-03-11T21:29:11Z job_started job=refresh-discovery pid=76844 log=D:\BlueSky\data_v2_full\logs\manual_runs\refresh-discovery_20260311T212910Z.stdout.log
2026-03-11T21:29:12Z job_started job=wide-sweep pid=26856 log=D:\BlueSky\data_v2_full\logs\manual_runs\wide-sweep_20260311T212911Z.stdout.log
2026-03-11T21:30:43Z stale pid removed job=index-feed-generators pid=48100
2026-03-11T21:31:13Z stale pid removed job=refresh-discovery pid=76844
2026-03-11T21:31:14Z job_started job=build-panel pid=80360 log=D:\BlueSky\data_v2_full\logs\manual_runs\build-panel_20260311T213113Z.stdout.log
2026-03-11T21:35:46Z job_started job=snapshot-panel pid=56300 log=D:\BlueSky\data_v2_full\logs\manual_runs\snapshot-panel_20260311T213544Z.stdout.log
2026-03-11T21:35:47Z job_started job=index-feed-generators pid=97184 log=D:\BlueSky\data_v2_full\logs\manual_runs\index-feed-generators_20260311T213546Z.stdout.log
2026-03-11T21:35:48Z job_started job=hydrate-authors pid=71360 log=D:\BlueSky\data_v2_full\logs\manual_runs\hydrate-authors_20260311T213547Z.stdout.log
2026-03-11T21:36:18Z stale pid removed job=hydrate-authors pid=71360
2026-03-11T21:37:18Z stale pid removed job=build-panel pid=80360
2026-03-11T21:45:20Z stale pid removed job=snapshot-panel pid=56300
2026-03-11T22:03:22Z stale pid removed job=wide-sweep pid=26856
2026-03-11T22:30:55Z stale pid removed job=index-feed-generators pid=97184
2026-03-11T22:35:56Z job_started job=snapshot-panel pid=88012 log=D:\BlueSky\data_v2_full\logs\manual_runs\snapshot-panel_20260311T223555Z.stdout.log
2026-03-11T22:35:57Z job_started job=index-feed-generators pid=59272 log=D:\BlueSky\data_v2_full\logs\manual_runs\index-feed-generators_20260311T223556Z.stdout.log
2026-03-11T22:45:59Z stale pid removed job=snapshot-panel pid=88012
2026-03-11T23:31:03Z stale pid removed job=index-feed-generators pid=59272
2026-03-11T23:36:04Z job_started job=snapshot-panel pid=84648 log=D:\BlueSky\data_v2_full\logs\manual_runs\snapshot-panel_20260311T233603Z.stdout.log
2026-03-11T23:36:06Z job_started job=index-feed-generators pid=87732 log=D:\BlueSky\data_v2_full\logs\manual_runs\index-feed-generators_20260311T233604Z.stdout.log
2026-03-11T23:46:37Z stale pid removed job=snapshot-panel pid=84648
2026-03-12T00:31:11Z stale pid removed job=index-feed-generators pid=87732
2026-03-12T00:36:12Z job_started job=snapshot-panel pid=87232 log=D:\BlueSky\data_v2_full\logs\manual_runs\snapshot-panel_20260312T003611Z.stdout.log
2026-03-12T00:36:14Z job_started job=index-feed-generators pid=82584 log=D:\BlueSky\data_v2_full\logs\manual_runs\index-feed-generators_20260312T003612Z.stdout.log
2026-03-12T00:36:15Z job_started job=hydrate-authors pid=81852 log=D:\BlueSky\data_v2_full\logs\manual_runs\hydrate-authors_20260312T003614Z.stdout.log
2026-03-12T00:37:15Z stale pid removed job=hydrate-authors pid=81852
2026-03-12T00:46:16Z stale pid removed job=snapshot-panel pid=87232
2026-03-12T01:31:20Z stale pid removed job=index-feed-generators pid=82584
2026-03-12T01:36:22Z job_started job=snapshot-panel pid=41468 log=D:\BlueSky\data_v2_full\logs\manual_runs\snapshot-panel_20260312T013620Z.stdout.log
2026-03-12T01:36:23Z job_started job=index-feed-generators pid=27132 log=D:\BlueSky\data_v2_full\logs\manual_runs\index-feed-generators_20260312T013622Z.stdout.log
2026-03-12T01:46:24Z stale pid removed job=snapshot-panel pid=41468
2026-03-12T02:31:29Z stale pid removed job=index-feed-generators pid=27132
2026-03-12T02:36:30Z job_started job=snapshot-panel pid=77668 log=D:\BlueSky\data_v2_full\logs\manual_runs\snapshot-panel_20260312T023629Z.stdout.log
2026-03-12T02:36:31Z job_started job=index-feed-generators pid=66776 log=D:\BlueSky\data_v2_full\logs\manual_runs\index-feed-generators_20260312T023630Z.stdout.log
2026-03-12T02:47:03Z stale pid removed job=snapshot-panel pid=77668
2026-03-12T03:31:37Z stale pid removed job=index-feed-generators pid=66776
2026-03-12T03:36:39Z job_started job=snapshot-panel pid=68108 log=D:\BlueSky\data_v2_full\logs\manual_runs\snapshot-panel_20260312T033638Z.stdout.log
2026-03-12T03:36:40Z job_started job=index-feed-generators pid=46516 log=D:\BlueSky\data_v2_full\logs\manual_runs\index-feed-generators_20260312T033639Z.stdout.log
2026-03-12T03:36:41Z job_started job=hydrate-authors pid=77856 log=D:\BlueSky\data_v2_full\logs\manual_runs\hydrate-authors_20260312T033640Z.stdout.log
2026-03-12T03:37:11Z stale pid removed job=hydrate-authors pid=77856
2026-03-12T03:47:12Z stale pid removed job=snapshot-panel pid=68108
2026-03-12T04:31:46Z stale pid removed job=index-feed-generators pid=46516
2026-03-12T04:36:48Z job_started job=snapshot-panel pid=94680 log=D:\BlueSky\data_v2_full\logs\manual_runs\snapshot-panel_20260312T043646Z.stdout.log
2026-03-12T04:36:49Z job_started job=index-feed-generators pid=67084 log=D:\BlueSky\data_v2_full\logs\manual_runs\index-feed-generators_20260312T043648Z.stdout.log
2026-03-12T04:52:21Z stale pid removed job=snapshot-panel pid=94680
2026-03-12T05:31:55Z stale pid removed job=index-feed-generators pid=67084
2026-03-12T05:36:56Z job_started job=snapshot-panel pid=94680 log=D:\BlueSky\data_v2_full\logs\manual_runs\snapshot-panel_20260312T053655Z.stdout.log
2026-03-12T05:36:57Z job_started job=index-feed-generators pid=70732 log=D:\BlueSky\data_v2_full\logs\manual_runs\index-feed-generators_20260312T053656Z.stdout.log
2026-03-12T05:47:29Z stale pid removed job=snapshot-panel pid=94680
2026-03-12T06:32:04Z stale pid removed job=index-feed-generators pid=70732
2026-03-12T06:37:05Z job_started job=snapshot-panel pid=93676 log=D:\BlueSky\data_v2_full\logs\manual_runs\snapshot-panel_20260312T063704Z.stdout.log
2026-03-12T06:37:07Z job_started job=index-feed-generators pid=69228 log=D:\BlueSky\data_v2_full\logs\manual_runs\index-feed-generators_20260312T063705Z.stdout.log
2026-03-12T06:37:08Z job_started job=hydrate-authors pid=14612 log=D:\BlueSky\data_v2_full\logs\manual_runs\hydrate-authors_20260312T063707Z.stdout.log
2026-03-12T06:37:38Z stale pid removed job=hydrate-authors pid=14612
2026-03-12T06:47:39Z stale pid removed job=snapshot-panel pid=93676
2026-03-31T05:26:22Z collector-daemon-win starting pid=34964 root=D:\BlueSky out_base=D:\BlueSky\data_v2_full
2026-03-31T05:26:22Z startup stamp reset enabled cleared=6
2026-03-31T05:26:23Z state-writer started pid=18176 tcp=127.0.0.1:9911 log=D:\BlueSky\data_v2_full\logs\manual_runs\state-writer_20260331T052622Z.stdout.log
2026-03-31T05:26:24Z job_started job=snapshot-panel pid=26480 log=D:\BlueSky\data_v2_full\logs\manual_runs\snapshot-panel_20260331T052623Z.stdout.log
2026-03-31T05:26:24Z stale pid removed job=index-feed-generators pid=28072
2026-03-31T05:26:25Z job_started job=index-feed-generators pid=23260 log=D:\BlueSky\data_v2_full\logs\manual_runs\index-feed-generators_20260331T052624Z.stdout.log
2026-03-31T05:26:26Z job_started job=hydrate-authors pid=34876 log=D:\BlueSky\data_v2_full\logs\manual_runs\hydrate-authors_20260331T052625Z.stdout.log
2026-03-31T05:26:27Z job_started job=refresh-discovery pid=3220 log=D:\BlueSky\data_v2_full\logs\manual_runs\refresh-discovery_20260331T052626Z.stdout.log
2026-03-31T05:26:29Z job_started job=wide-sweep pid=33404 log=D:\BlueSky\data_v2_full\logs\manual_runs\wide-sweep_20260331T052627Z.stdout.log
2026-03-31T05:26:59Z stale pid removed job=snapshot-panel pid=26480
2026-03-31T05:26:59Z stale pid removed job=hydrate-authors pid=34876
2026-03-31T05:27:00Z job_failed_fast job=build-panel log=D:\BlueSky\data_v2_full\logs\manual_runs\build-panel_20260331T052659Z.stdout.log
2026-03-31T05:27:30Z stale pid removed job=refresh-discovery pid=3220
2026-03-31T05:32:01Z job_failed_fast job=build-panel log=D:\BlueSky\data_v2_full\logs\manual_runs\build-panel_20260331T053200Z.stdout.log
2026-03-31T05:37:03Z job_failed_fast job=build-panel log=D:\BlueSky\data_v2_full\logs\manual_runs\build-panel_20260331T053702Z.stdout.log
2026-03-31T05:51:13Z collector-daemon-win starting pid=13492 mode=micro5 root=D:\BlueSky out_base=D:\BlueSky\data_v2_full study_id=micro10_full_live_20260319
2026-03-31T05:51:13Z startup stamp reset enabled cleared=4
2026-03-31T05:51:25Z state-writer failed_to_start log=D:\BlueSky\data_v2_full\logs\manual_runs\state-writer_20260331T055113Z.stdout.log
2026-03-31T05:51:26Z job_started job=micro-snapshot-study pid=26400 log=D:\BlueSky\data_v2_full\logs\manual_runs\micro-snapshot-study_20260331T055125Z.stdout.log
2026-03-31T05:51:27Z job_started job=index-feed-generators pid=35348 log=D:\BlueSky\data_v2_full\logs\manual_runs\index-feed-generators_20260331T055126Z.stdout.log
2026-03-31T05:51:28Z job_started job=hydrate-authors pid=33320 log=D:\BlueSky\data_v2_full\logs\manual_runs\hydrate-authors_20260331T055127Z.stdout.log
2026-03-31T05:51:29Z job_started job=refresh-discovery pid=2192 log=D:\BlueSky\data_v2_full\logs\manual_runs\refresh-discovery_20260331T055128Z.stdout.log
2026-03-31T05:51:30Z job_started job=wide-sweep pid=35724 log=D:\BlueSky\data_v2_full\logs\manual_runs\wide-sweep_20260331T055129Z.stdout.log
2026-03-31T05:52:12Z state-writer failed_to_start log=D:\BlueSky\data_v2_full\logs\manual_runs\state-writer_20260331T055200Z.stdout.log
2026-03-31T05:52:12Z stale pid removed job=index-feed-generators pid=35348
2026-03-31T05:52:12Z stale pid removed job=hydrate-authors pid=33320
2026-03-31T05:52:12Z stale pid removed job=refresh-discovery pid=2192
2026-03-31T05:52:12Z stale pid removed job=wide-sweep pid=35724
2026-03-31T05:52:53Z state-writer failed_to_start log=D:\BlueSky\data_v2_full\logs\manual_runs\state-writer_20260331T055242Z.stdout.log
2026-03-31T05:56:19Z collector-daemon-win starting pid=28708 mode=micro5 root=D:\BlueSky out_base=D:\BlueSky\data_v2_full study_id=micro10_full_live_20260319
2026-03-31T05:56:19Z startup stamp reset enabled cleared=5
2026-03-31T05:56:29Z state-writer failed_to_start log=D:\BlueSky\data_v2_full\logs\manual_runs\state-writer_20260331T055619Z.stdout.log
2026-03-31T05:57:10Z state-writer failed_to_start log=D:\BlueSky\data_v2_full\logs\manual_runs\state-writer_20260331T055659Z.stdout.log
2026-03-31T05:57:34Z collector-daemon-win starting pid=35256 mode=micro5 root=D:\BlueSky out_base=D:\BlueSky\data_v2_full study_id=micro10_full_live_20260319
2026-03-31T05:57:34Z startup stamp reset enabled cleared=0
2026-03-31T05:57:44Z state-writer failed_to_start log=D:\BlueSky\data_v2_full\logs\manual_runs\state-writer_20260331T055734Z.stdout.log
2026-03-31T05:58:25Z state-writer failed_to_start log=D:\BlueSky\data_v2_full\logs\manual_runs\state-writer_20260331T055815Z.stdout.log
2026-03-31T05:59:03Z collector-daemon-win starting pid=30880 mode=micro5 root=D:\BlueSky out_base=D:\BlueSky\data_v2_full study_id=micro10_full_live_20260319
2026-03-31T05:59:03Z startup stamp reset enabled cleared=0
2026-03-31T05:59:20Z collector-daemon-win starting pid=32820 mode=micro5 root=D:\BlueSky out_base=D:\BlueSky\data_v2_full study_id=micro10_full_live_20260319
2026-03-31T05:59:20Z startup stamp reset enabled cleared=0
2026-03-31T06:00:24Z collector-daemon-win starting pid=2852 mode=micro5 root=D:\BlueSky out_base=D:\BlueSky\data_v2_full study_id=micro10_full_live_20260319
2026-03-31T06:00:24Z startup stamp reset enabled cleared=0
2026-03-31T06:00:58Z collector-daemon-win starting pid=31200 mode=micro5 root=D:\BlueSky out_base=D:\BlueSky\data_v2_full study_id=micro10_full_live_20260319
2026-03-31T06:00:58Z startup stamp reset enabled cleared=0
2026-03-31T06:02:25Z collector-daemon-win starting pid=4024 mode=micro5 root=D:\BlueSky out_base=D:\BlueSky\data_v2_full study_id=micro10_full_live_20260319
2026-03-31T06:02:25Z startup stamp reset enabled cleared=0
2026-03-31T06:02:26Z fatal_error type=System.Management.Automation.RemoteException message=  File "<string>", line 12
2026-03-31T06:04:22Z collector-daemon-win starting pid=6460 mode=micro5 root=D:\BlueSky out_base=D:\BlueSky\data_v2_full study_id=micro10_full_live_20260319
2026-03-31T06:04:22Z startup stamp reset enabled cleared=0
2026-03-31T06:04:23Z state-writer started pid=13716 tcp=127.0.0.1:9911 log=D:\BlueSky\data_v2_full\logs\manual_runs\state-writer_20260331T060422Z.stdout.log
2026-03-31T06:04:24Z job_started job=micro-snapshot-study pid=17852 log=D:\BlueSky\data_v2_full\logs\manual_runs\micro-snapshot-study_20260331T060423Z.stdout.log
2026-03-31T06:04:25Z job_started job=index-feed-generators pid=15508 log=D:\BlueSky\data_v2_full\logs\manual_runs\index-feed-generators_20260331T060424Z.stdout.log
2026-03-31T06:04:26Z job_started job=hydrate-authors pid=14768 log=D:\BlueSky\data_v2_full\logs\manual_runs\hydrate-authors_20260331T060425Z.stdout.log
2026-03-31T06:04:27Z job_started job=refresh-discovery pid=16204 log=D:\BlueSky\data_v2_full\logs\manual_runs\refresh-discovery_20260331T060426Z.stdout.log
2026-03-31T06:04:28Z job_started job=wide-sweep pid=34012 log=D:\BlueSky\data_v2_full\logs\manual_runs\wide-sweep_20260331T060427Z.stdout.log
2026-03-31T06:05:29Z stale pid removed job=hydrate-authors pid=14768
2026-03-31T06:06:29Z stale pid removed job=refresh-discovery pid=16204
2026-03-31T06:17:35Z stale pid removed job=micro-snapshot-study pid=17852
2026-03-31T06:17:36Z job_started job=micro-snapshot-study pid=21528 log=D:\BlueSky\data_v2_full\logs\manual_runs\micro-snapshot-study_20260331T061735Z.stdout.log
2026-03-31T06:27:11Z stale pid removed job=micro-snapshot-study pid=21528
2026-03-31T06:27:42Z job_started job=micro-snapshot-study pid=34224 log=D:\BlueSky\data_v2_full\logs\manual_runs\micro-snapshot-study_20260331T062741Z.stdout.log
2026-03-31T06:36:46Z stale pid removed job=micro-snapshot-study pid=34224
2026-03-31T06:37:48Z job_started job=micro-snapshot-study pid=16052 log=D:\BlueSky\data_v2_full\logs\manual_runs\micro-snapshot-study_20260331T063746Z.stdout.log
2026-03-31T06:43:20Z stale pid removed job=wide-sweep pid=34012
2026-03-31T06:46:51Z stale pid removed job=micro-snapshot-study pid=16052
2026-03-31T06:47:52Z job_started job=micro-snapshot-study pid=34536 log=D:\BlueSky\data_v2_full\logs\manual_runs\micro-snapshot-study_20260331T064751Z.stdout.log
2026-03-31T06:56:26Z stale pid removed job=micro-snapshot-study pid=34536
2026-03-31T06:57:57Z job_started job=micro-snapshot-study pid=8500 log=D:\BlueSky\data_v2_full\logs\manual_runs\micro-snapshot-study_20260331T065756Z.stdout.log
2026-03-31T06:59:28Z stale pid removed job=index-feed-generators pid=15508
2026-03-31T07:04:31Z job_started job=index-feed-generators pid=14280 log=D:\BlueSky\data_v2_full\logs\manual_runs\index-feed-generators_20260331T070430Z.stdout.log
2026-03-31T07:06:01Z stale pid removed job=micro-snapshot-study pid=8500
2026-03-31T07:08:03Z job_started job=micro-snapshot-study pid=2108 log=D:\BlueSky\data_v2_full\logs\manual_runs\micro-snapshot-study_20260331T070802Z.stdout.log
2026-03-31T07:16:36Z stale pid removed job=micro-snapshot-study pid=2108
2026-03-31T07:18:08Z job_started job=micro-snapshot-study pid=35380 log=D:\BlueSky\data_v2_full\logs\manual_runs\micro-snapshot-study_20260331T071807Z.stdout.log
2026-03-31T07:26:11Z stale pid removed job=micro-snapshot-study pid=35380
2026-03-31T07:28:13Z job_started job=micro-snapshot-study pid=21568 log=D:\BlueSky\data_v2_full\logs\manual_runs\micro-snapshot-study_20260331T072812Z.stdout.log
2026-03-31T07:36:46Z stale pid removed job=micro-snapshot-study pid=21568
2026-03-31T07:38:18Z job_started job=micro-snapshot-study pid=15088 log=D:\BlueSky\data_v2_full\logs\manual_runs\micro-snapshot-study_20260331T073817Z.stdout.log
2026-03-31T07:46:51Z stale pid removed job=micro-snapshot-study pid=15088
2026-03-31T07:48:23Z job_started job=micro-snapshot-study pid=18776 log=D:\BlueSky\data_v2_full\logs\manual_runs\micro-snapshot-study_20260331T074822Z.stdout.log
2026-03-31T07:50:56Z fatal_error type=System.Management.Automation.RemoteException message=Traceback (most recent call last):
2026-04-04T08:27:44Z collector-daemon-win starting pid=74084 mode=micro5 root=D:\BlueSky out_base=D:\BlueSky\data_v2_full study_id=micro10_full_live_20260319
2026-04-04T08:27:44Z startup stamp reset enabled cleared=5
2026-04-04T08:27:45Z state-writer started pid=55888 tcp=127.0.0.1:9911 log=D:\BlueSky\data_v2_full\logs\manual_runs\state-writer_20260404T082744Z.stdout.log
2026-04-04T08:27:46Z job_started job=micro-snapshot-study pid=65976 log=D:\BlueSky\data_v2_full\logs\manual_runs\micro-snapshot-study_20260404T082745Z.stdout.log
2026-04-04T08:27:47Z job_started job=index-feed-generators pid=92820 log=D:\BlueSky\data_v2_full\logs\manual_runs\index-feed-generators_20260404T082746Z.stdout.log
2026-04-04T08:27:48Z job_started job=hydrate-authors pid=32352 log=D:\BlueSky\data_v2_full\logs\manual_runs\hydrate-authors_20260404T082747Z.stdout.log
2026-04-04T08:27:49Z job_started job=refresh-discovery pid=38080 log=D:\BlueSky\data_v2_full\logs\manual_runs\refresh-discovery_20260404T082748Z.stdout.log
2026-04-04T08:27:50Z job_started job=wide-sweep pid=53940 log=D:\BlueSky\data_v2_full\logs\manual_runs\wide-sweep_20260404T082749Z.stdout.log
2026-04-04T08:30:54Z stale pid removed job=refresh-discovery pid=38080
2026-04-04T08:35:27Z fatal_error type=System.Management.Automation.RemoteException message=Traceback (most recent call last):
