2026-02-21T02:27:48Z INFO bsky_collector_v2: out_base ok path=D:\BlueSky\data_v2_labelerexp mount=D:\
2026-02-21T02:27:48Z INFO bsky_collector_v2: job start subcommand=build-labelerexp-panel dry_run=False resume=True
2026-02-21T02:27:48Z INFO bsky_collector_v2.job.build_labelerexp_panel: labelerexp panel build source_out_base=D:\BlueSky\data_v2_full metadata_day=2026-02-20 captured_at_utc=2026-02-20T05:33:03Z feeds=118
2026-02-21T02:27:48Z INFO bsky_collector_v2.job.build_labelerexp_panel: labelerexp panel written active=D:\BlueSky\data_v2_labelerexp\panel\panel_v1.csv version=D:\BlueSky\data_v2_labelerexp\panel\panel_versions\panel_v1_2026-02-21.csv
2026-02-21T02:28:01Z INFO bsky_collector_v2: out_base ok path=D:\BlueSky\data_v2_labelerexp mount=D:\
2026-02-21T02:28:01Z INFO bsky_collector_v2: job start subcommand=snapshot-panel dry_run=False resume=True
2026-02-21T02:28:01Z INFO bsky_collector_v2.job.snapshot_panel: panel loaded feeds=118 path=D:\BlueSky\data_v2_labelerexp\panel\panel_v1.csv
2026-02-21T02:28:01Z INFO bsky_collector_v2.job.snapshot_panel: snapshot start hour=2026-02-21T02:00:00Z modes=['unauth'] workers=4 tasks=110
2026-02-21T02:28:32Z INFO bsky_collector_v2.job.snapshot_panel: snapshot done hour=2026-02-21T02:00:00Z done=104 failed=6
2026-02-21T02:32:50Z INFO bsky_collector_v2: out_base ok path=D:\BlueSky\data_v2_labelerexp mount=D:\
2026-02-21T02:32:50Z INFO bsky_collector_v2: job start subcommand=snapshot-panel dry_run=False resume=True
2026-02-21T02:32:50Z INFO bsky_collector_v2.job.snapshot_panel: panel loaded feeds=118 path=D:\BlueSky\data_v2_labelerexp\panel\panel_v1.csv
2026-02-21T02:32:51Z INFO bsky_collector_v2.job.snapshot_panel: snapshot start hour=2026-02-21T01:00:00Z modes=['unauth'] workers=6 tasks=110
2026-02-21T02:33:20Z INFO bsky_collector_v2.job.snapshot_panel: snapshot done hour=2026-02-21T01:00:00Z done=104 failed=6
2026-02-21T02:40:16Z INFO bsky_collector_v2: out_base ok path=D:\BlueSky\data_v2_labelerexp mount=D:\
2026-02-21T02:40:16Z INFO bsky_collector_v2: job start subcommand=snapshot-panel dry_run=False resume=True
2026-02-21T02:40:16Z INFO bsky_collector_v2.job.snapshot_panel: panel loaded feeds=118 path=D:\BlueSky\data_v2_labelerexp\panel\panel_v1.csv
2026-02-21T02:40:16Z INFO bsky_collector_v2.job.snapshot_panel: snapshot start hour=2026-02-21T00:00:00Z modes=['auth'] workers=4 tasks=118
2026-02-21T02:40:55Z INFO bsky_collector_v2.job.snapshot_panel: snapshot done hour=2026-02-21T00:00:00Z done=114 failed=4
2026-02-21T02:50:43Z INFO bsky_collector_v2: out_base ok path=D:\BlueSky\data_v2_labelerexp mount=D:\
2026-02-21T02:50:43Z INFO bsky_collector_v2: job start subcommand=state-writer dry_run=False resume=True
2026-02-21T02:50:43Z INFO bsky_collector_v2.state_writer: state-writer listening addr=tcp://127.0.0.1:9921 db=D:\BlueSky\data_v2_labelerexp\control\control_state.db
2026-02-21T02:50:44Z INFO bsky_collector_v2: out_base ok path=D:\BlueSky\data_v2_labelerexp mount=D:\
2026-02-21T02:50:44Z INFO bsky_collector_v2: job start subcommand=build-labelerexp-panel dry_run=False resume=True
2026-02-21T02:50:44Z INFO bsky_collector_v2.job.build_labelerexp_panel: labelerexp panel build source_out_base=D:\BlueSky\data_v2_full metadata_day=2026-02-20 captured_at_utc=2026-02-20T05:33:03Z feeds=118
2026-02-21T02:50:44Z INFO bsky_collector_v2.job.build_labelerexp_panel: labelerexp panel written active=D:\BlueSky\data_v2_labelerexp\panel\panel_v1.csv version=D:\BlueSky\data_v2_labelerexp\panel\panel_versions\panel_v1_2026-02-21.csv
2026-02-21T02:50:46Z INFO bsky_collector_v2: out_base ok path=D:\BlueSky\data_v2_labelerexp mount=D:\
2026-02-21T02:50:46Z INFO bsky_collector_v2: job start subcommand=snapshot-panel dry_run=False resume=True
2026-02-21T02:50:46Z INFO bsky_collector_v2.job.snapshot_panel: panel loaded feeds=118 path=D:\BlueSky\data_v2_labelerexp\panel\panel_v1.csv
2026-02-21T02:50:46Z INFO bsky_collector_v2.job.snapshot_panel: snapshot start hour=2026-02-21T02:00:00Z modes=['auth'] workers=8 tasks=124
2026-02-21T02:51:12Z INFO bsky_collector_v2.job.snapshot_panel: snapshot done hour=2026-02-21T02:00:00Z done=220 failed=8
2026-02-21T02:55:47Z INFO bsky_collector_v2: out_base ok path=D:\BlueSky\data_v2_labelerexp mount=D:\
2026-02-21T02:55:47Z INFO bsky_collector_v2: job start subcommand=build-labelerexp-panel dry_run=False resume=True
2026-02-21T02:55:47Z INFO bsky_collector_v2.job.build_labelerexp_panel: labelerexp panel build source_out_base=D:\BlueSky\data_v2_full metadata_day=2026-02-20 captured_at_utc=2026-02-20T05:33:03Z feeds=118
2026-02-21T02:55:47Z INFO bsky_collector_v2.job.build_labelerexp_panel: labelerexp panel written active=D:\BlueSky\data_v2_labelerexp\panel\panel_v1.csv version=D:\BlueSky\data_v2_labelerexp\panel\panel_versions\panel_v1_2026-02-21.csv
2026-02-21T03:00:48Z INFO bsky_collector_v2: out_base ok path=D:\BlueSky\data_v2_labelerexp mount=D:\
2026-02-21T03:00:48Z INFO bsky_collector_v2: job start subcommand=build-labelerexp-panel dry_run=False resume=True
2026-02-21T03:00:48Z INFO bsky_collector_v2.job.build_labelerexp_panel: labelerexp panel build source_out_base=D:\BlueSky\data_v2_full metadata_day=2026-02-20 captured_at_utc=2026-02-20T05:33:03Z feeds=118
2026-02-21T03:00:48Z INFO bsky_collector_v2.job.build_labelerexp_panel: labelerexp panel written active=D:\BlueSky\data_v2_labelerexp\panel\panel_v1.csv version=D:\BlueSky\data_v2_labelerexp\panel\panel_versions\panel_v1_2026-02-21.csv
2026-02-21T03:05:49Z INFO bsky_collector_v2: out_base ok path=D:\BlueSky\data_v2_labelerexp mount=D:\
2026-02-21T03:05:49Z INFO bsky_collector_v2: job start subcommand=build-labelerexp-panel dry_run=False resume=True
2026-02-21T03:05:49Z INFO bsky_collector_v2.job.build_labelerexp_panel: labelerexp panel build source_out_base=D:\BlueSky\data_v2_full metadata_day=2026-02-20 captured_at_utc=2026-02-20T05:33:03Z feeds=118
2026-02-21T03:05:49Z INFO bsky_collector_v2.job.build_labelerexp_panel: labelerexp panel written active=D:\BlueSky\data_v2_labelerexp\panel\panel_v1.csv version=D:\BlueSky\data_v2_labelerexp\panel\panel_versions\panel_v1_2026-02-21.csv
2026-02-21T03:10:51Z INFO bsky_collector_v2: out_base ok path=D:\BlueSky\data_v2_labelerexp mount=D:\
2026-02-21T03:10:51Z INFO bsky_collector_v2: job start subcommand=build-labelerexp-panel dry_run=False resume=True
2026-02-21T03:10:51Z INFO bsky_collector_v2.job.build_labelerexp_panel: labelerexp panel build source_out_base=D:\BlueSky\data_v2_full metadata_day=2026-02-20 captured_at_utc=2026-02-20T05:33:03Z feeds=118
2026-02-21T03:10:51Z INFO bsky_collector_v2.job.build_labelerexp_panel: labelerexp panel written active=D:\BlueSky\data_v2_labelerexp\panel\panel_v1.csv version=D:\BlueSky\data_v2_labelerexp\panel\panel_versions\panel_v1_2026-02-21.csv
2026-02-21T03:15:52Z INFO bsky_collector_v2: out_base ok path=D:\BlueSky\data_v2_labelerexp mount=D:\
2026-02-21T03:15:52Z INFO bsky_collector_v2: job start subcommand=build-labelerexp-panel dry_run=False resume=True
2026-02-21T03:15:52Z INFO bsky_collector_v2.job.build_labelerexp_panel: labelerexp panel build source_out_base=D:\BlueSky\data_v2_full metadata_day=2026-02-20 captured_at_utc=2026-02-20T05:33:03Z feeds=118
2026-02-21T03:15:52Z INFO bsky_collector_v2.job.build_labelerexp_panel: labelerexp panel written active=D:\BlueSky\data_v2_labelerexp\panel\panel_v1.csv version=D:\BlueSky\data_v2_labelerexp\panel\panel_versions\panel_v1_2026-02-21.csv
2026-02-21T03:20:57Z INFO bsky_collector_v2: out_base ok path=D:\BlueSky\data_v2_full\labelerexp mount=D:\
2026-02-21T03:20:57Z INFO bsky_collector_v2: job start subcommand=state-writer dry_run=False resume=True
2026-02-21T03:20:57Z INFO bsky_collector_v2.state_writer: state-writer listening addr=tcp://127.0.0.1:9921 db=D:\BlueSky\data_v2_full\labelerexp\control\control_state.db
2026-02-21T03:20:58Z INFO bsky_collector_v2: out_base ok path=D:\BlueSky\data_v2_full\labelerexp mount=D:\
2026-02-21T03:20:58Z INFO bsky_collector_v2: job start subcommand=build-labelerexp-panel dry_run=False resume=True
2026-02-21T03:20:58Z INFO bsky_collector_v2.job.build_labelerexp_panel: labelerexp panel build source_out_base=D:\BlueSky\data_v2_full metadata_day=2026-02-20 captured_at_utc=2026-02-20T05:33:03Z feeds=118
2026-02-21T03:20:58Z INFO bsky_collector_v2.job.build_labelerexp_panel: labelerexp panel written active=D:\BlueSky\data_v2_full\labelerexp\panel\panel_v1.csv version=D:\BlueSky\data_v2_full\labelerexp\panel\panel_versions\panel_v1_2026-02-21.csv
2026-02-21T03:24:10Z INFO bsky_collector_v2: out_base ok path=D:\BlueSky\data_v2_full\labelerexp mount=D:\
2026-02-21T03:24:10Z INFO bsky_collector_v2: job start subcommand=state-writer dry_run=False resume=True
2026-02-21T03:24:10Z INFO bsky_collector_v2.state_writer: state-writer listening addr=tcp://127.0.0.1:9921 db=D:\BlueSky\data_v2_full\labelerexp\control\control_state.db
2026-02-21T03:26:11Z INFO bsky_collector_v2: out_base ok path=D:\BlueSky\data_v2_full\labelerexp mount=D:\
2026-02-21T03:26:11Z INFO bsky_collector_v2: job start subcommand=build-labelerexp-panel dry_run=False resume=True
2026-02-21T03:26:11Z INFO bsky_collector_v2.job.build_labelerexp_panel: labelerexp panel build source_out_base=D:\BlueSky\data_v2_full metadata_day=2026-02-20 captured_at_utc=2026-02-20T05:33:03Z feeds=118
2026-02-21T03:26:11Z INFO bsky_collector_v2.job.build_labelerexp_panel: labelerexp panel written active=D:\BlueSky\data_v2_full\labelerexp\panel\panel_v1.csv version=D:\BlueSky\data_v2_full\labelerexp\panel\panel_versions\panel_v1_2026-02-21.csv
2026-02-21T03:26:42Z INFO bsky_collector_v2: out_base ok path=D:\BlueSky\data_v2_full\labelerexp mount=D:\
2026-02-21T03:26:42Z INFO bsky_collector_v2: job start subcommand=build-labelerexp-panel dry_run=False resume=True
2026-02-21T03:26:42Z INFO bsky_collector_v2.job.build_labelerexp_panel: labelerexp panel build source_out_base=D:\BlueSky\data_v2_full metadata_day=2026-02-20 captured_at_utc=2026-02-20T05:33:03Z feeds=118
2026-02-21T03:26:42Z INFO bsky_collector_v2.job.build_labelerexp_panel: labelerexp panel written active=D:\BlueSky\data_v2_full\labelerexp\panel\panel_v1.csv version=D:\BlueSky\data_v2_full\labelerexp\panel\panel_versions\panel_v1_2026-02-21.csv
2026-02-21T03:27:33Z INFO bsky_collector_v2: out_base ok path=D:\BlueSky\data_v2_full\labelerexp mount=D:\
2026-02-21T03:27:33Z INFO bsky_collector_v2: job start subcommand=state-writer dry_run=False resume=True
2026-02-21T03:27:33Z INFO bsky_collector_v2.state_writer: state-writer listening addr=tcp://127.0.0.1:9921 db=D:\BlueSky\data_v2_full\labelerexp\control\control_state.db
2026-02-21T03:28:04Z INFO bsky_collector_v2: out_base ok path=D:\BlueSky\data_v2_full\labelerexp mount=D:\
2026-02-21T03:28:04Z INFO bsky_collector_v2: job start subcommand=build-labelerexp-panel dry_run=False resume=True
2026-02-21T03:28:04Z INFO bsky_collector_v2.job.build_labelerexp_panel: labelerexp panel build source_out_base=D:\BlueSky\data_v2_full metadata_day=2026-02-20 captured_at_utc=2026-02-20T05:33:03Z feeds=118
2026-02-21T03:28:04Z INFO bsky_collector_v2.job.build_labelerexp_panel: labelerexp panel written active=D:\BlueSky\data_v2_full\labelerexp\panel\panel_v1.csv version=D:\BlueSky\data_v2_full\labelerexp\panel\panel_versions\panel_v1_2026-02-21.csv
2026-02-21T03:28:58Z INFO bsky_collector_v2: out_base ok path=D:\BlueSky\data_v2_full\labelerexp mount=D:\
2026-02-21T03:28:58Z INFO bsky_collector_v2: job start subcommand=build-labelerexp-panel dry_run=False resume=True
2026-02-21T03:28:58Z INFO bsky_collector_v2.job.build_labelerexp_panel: labelerexp panel build source_out_base=D:\BlueSky\data_v2_full metadata_day=2026-02-20 captured_at_utc=2026-02-20T05:33:03Z feeds=118
2026-02-21T03:28:58Z INFO bsky_collector_v2.job.build_labelerexp_panel: labelerexp panel written active=D:\BlueSky\data_v2_full\labelerexp\panel\panel_v1.csv version=D:\BlueSky\data_v2_full\labelerexp\panel\panel_versions\panel_v1_2026-02-21.csv
2026-02-21T03:29:28Z INFO bsky_collector_v2: out_base ok path=D:\BlueSky\data_v2_full\labelerexp mount=D:\
2026-02-21T03:29:28Z INFO bsky_collector_v2: job start subcommand=build-labelerexp-panel dry_run=False resume=True
2026-02-21T03:29:28Z INFO bsky_collector_v2.job.build_labelerexp_panel: labelerexp panel build source_out_base=D:\BlueSky\data_v2_full metadata_day=2026-02-20 captured_at_utc=2026-02-20T05:33:03Z feeds=118
2026-02-21T03:29:28Z INFO bsky_collector_v2.job.build_labelerexp_panel: labelerexp panel written active=D:\BlueSky\data_v2_full\labelerexp\panel\panel_v1.csv version=D:\BlueSky\data_v2_full\labelerexp\panel\panel_versions\panel_v1_2026-02-21.csv
2026-02-21T03:29:48Z INFO bsky_collector_v2: out_base ok path=D:\BlueSky\data_v2_full\labelerexp mount=D:\
2026-02-21T03:29:48Z INFO bsky_collector_v2: job start subcommand=build-labelerexp-panel dry_run=False resume=True
2026-02-21T03:29:48Z INFO bsky_collector_v2.job.build_labelerexp_panel: labelerexp panel build source_out_base=D:\BlueSky\data_v2_full metadata_day=2026-02-20 captured_at_utc=2026-02-20T05:33:03Z feeds=118
2026-02-21T03:29:48Z INFO bsky_collector_v2.job.build_labelerexp_panel: labelerexp panel written active=D:\BlueSky\data_v2_full\labelerexp\panel\panel_v1.csv version=D:\BlueSky\data_v2_full\labelerexp\panel\panel_versions\panel_v1_2026-02-21.csv
2026-02-21T03:30:15Z INFO bsky_collector_v2: out_base ok path=D:\BlueSky\data_v2_full\labelerexp mount=D:\
2026-02-21T03:30:15Z INFO bsky_collector_v2: job start subcommand=build-labelerexp-panel dry_run=False resume=True
2026-02-21T03:30:15Z INFO bsky_collector_v2.job.build_labelerexp_panel: labelerexp panel build source_out_base=D:\BlueSky\data_v2_full metadata_day=2026-02-20 captured_at_utc=2026-02-20T05:33:03Z feeds=118
2026-02-21T03:30:15Z INFO bsky_collector_v2.job.build_labelerexp_panel: labelerexp panel written active=D:\BlueSky\data_v2_full\labelerexp\panel\panel_v1.csv version=D:\BlueSky\data_v2_full\labelerexp\panel\panel_versions\panel_v1_2026-02-21.csv
2026-02-21T03:30:26Z INFO bsky_collector_v2: out_base ok path=D:\BlueSky\data_v2_full\labelerexp mount=D:\
2026-02-21T03:30:26Z INFO bsky_collector_v2: job start subcommand=build-labelerexp-panel dry_run=False resume=True
2026-02-21T03:30:26Z INFO bsky_collector_v2.job.build_labelerexp_panel: labelerexp panel build source_out_base=D:\BlueSky\data_v2_full metadata_day=2026-02-20 captured_at_utc=2026-02-20T05:33:03Z feeds=118
2026-02-21T03:30:26Z INFO bsky_collector_v2.job.build_labelerexp_panel: labelerexp panel written active=D:\BlueSky\data_v2_full\labelerexp\panel\panel_v1.csv version=D:\BlueSky\data_v2_full\labelerexp\panel\panel_versions\panel_v1_2026-02-21.csv
2026-02-21T03:30:40Z INFO bsky_collector_v2: out_base ok path=D:\BlueSky\data_v2_full\labelerexp mount=D:\
2026-02-21T03:30:40Z INFO bsky_collector_v2: job start subcommand=build-labelerexp-panel dry_run=False resume=True
2026-02-21T03:30:40Z INFO bsky_collector_v2.job.build_labelerexp_panel: labelerexp panel build source_out_base=D:\BlueSky\data_v2_full metadata_day=2026-02-20 captured_at_utc=2026-02-20T05:33:03Z feeds=118
2026-02-21T03:30:40Z INFO bsky_collector_v2.job.build_labelerexp_panel: labelerexp panel written active=D:\BlueSky\data_v2_full\labelerexp\panel\panel_v1.csv version=D:\BlueSky\data_v2_full\labelerexp\panel\panel_versions\panel_v1_2026-02-21.csv
2026-02-21T03:32:10Z INFO bsky_collector_v2: out_base ok path=D:\BlueSky\data_v2_full\labelerexp mount=D:\
2026-02-21T03:32:10Z INFO bsky_collector_v2: job start subcommand=state-writer dry_run=False resume=True
2026-02-21T03:32:10Z INFO bsky_collector_v2.state_writer: state-writer listening addr=tcp://127.0.0.1:9921 db=D:\BlueSky\data_v2_full\labelerexp\control\control_state.db
2026-02-21T03:32:41Z INFO bsky_collector_v2: out_base ok path=D:\BlueSky\data_v2_full\labelerexp mount=D:\
2026-02-21T03:32:41Z INFO bsky_collector_v2: job start subcommand=build-labelerexp-panel dry_run=False resume=True
2026-02-21T03:32:41Z INFO bsky_collector_v2.job.build_labelerexp_panel: labelerexp panel build source_out_base=D:\BlueSky\data_v2_full metadata_day=2026-02-20 captured_at_utc=2026-02-20T05:33:03Z feeds=118
2026-02-21T03:32:41Z INFO bsky_collector_v2.job.build_labelerexp_panel: labelerexp panel written active=D:\BlueSky\data_v2_full\labelerexp\panel\panel_v1.csv version=D:\BlueSky\data_v2_full\labelerexp\panel\panel_versions\panel_v1_2026-02-21.csv
2026-02-21T03:34:42Z INFO bsky_collector_v2: out_base ok path=D:\BlueSky\data_v2_full\labelerexp mount=D:\
2026-02-21T03:34:42Z INFO bsky_collector_v2: job start subcommand=snapshot-panel dry_run=False resume=True
2026-02-21T03:34:42Z INFO bsky_collector_v2.job.snapshot_panel: panel loaded feeds=118 path=D:\BlueSky\data_v2_full\labelerexp\panel\panel_v1.csv
2026-02-21T03:34:43Z INFO bsky_collector_v2.job.snapshot_panel: snapshot start hour=2026-02-21T03:00:00Z modes=['auth'] workers=8 tasks=118
2026-02-21T03:35:09Z INFO bsky_collector_v2.job.snapshot_panel: snapshot done hour=2026-02-21T03:00:00Z done=116 failed=2
2026-02-21T04:34:45Z INFO bsky_collector_v2: out_base ok path=D:\BlueSky\data_v2_full\labelerexp mount=D:\
2026-02-21T04:34:45Z INFO bsky_collector_v2: job start subcommand=snapshot-panel dry_run=False resume=True
2026-02-21T04:34:46Z INFO bsky_collector_v2.job.snapshot_panel: panel loaded feeds=118 path=D:\BlueSky\data_v2_full\labelerexp\panel\panel_v1.csv
2026-02-21T04:34:46Z INFO bsky_collector_v2.job.snapshot_panel: snapshot start hour=2026-02-21T04:00:00Z modes=['auth'] workers=8 tasks=118
2026-02-21T04:35:23Z INFO bsky_collector_v2.job.snapshot_panel: snapshot done hour=2026-02-21T04:00:00Z done=116 failed=2
2026-02-21T05:34:48Z INFO bsky_collector_v2: out_base ok path=D:\BlueSky\data_v2_full\labelerexp mount=D:\
2026-02-21T05:34:48Z INFO bsky_collector_v2: job start subcommand=snapshot-panel dry_run=False resume=True
2026-02-21T05:34:48Z INFO bsky_collector_v2.job.snapshot_panel: panel loaded feeds=118 path=D:\BlueSky\data_v2_full\labelerexp\panel\panel_v1.csv
2026-02-21T05:34:49Z INFO bsky_collector_v2.job.snapshot_panel: snapshot start hour=2026-02-21T05:00:00Z modes=['auth'] workers=8 tasks=118
2026-02-21T05:35:15Z INFO bsky_collector_v2.job.snapshot_panel: snapshot done hour=2026-02-21T05:00:00Z done=115 failed=3
2026-02-22T04:59:44Z INFO bsky_collector_v2: out_base ok path=D:\BlueSky\data_v2_full\labelerexp mount=D:\
2026-02-22T04:59:44Z INFO bsky_collector_v2: job start subcommand=build-labelerexp-panel dry_run=False resume=True
2026-02-22T04:59:44Z INFO bsky_collector_v2.job.build_labelerexp_panel: labelerexp panel build source_out_base=D:\BlueSky\data_v2_full metadata_day=2026-02-21 captured_at_utc=2026-02-21T05:33:24Z feeds=118
2026-02-22T04:59:44Z INFO bsky_collector_v2.job.build_labelerexp_panel: labelerexp panel written active=D:\BlueSky\data_v2_full\labelerexp\panel\panel_v1.csv version=D:\BlueSky\data_v2_full\labelerexp\panel\panel_versions\panel_v1_2026-02-22.csv
2026-02-22T04:59:45Z INFO bsky_collector_v2: out_base ok path=D:\BlueSky\data_v2_full\labelerexp mount=D:\
2026-02-22T04:59:45Z INFO bsky_collector_v2: job start subcommand=snapshot-panel dry_run=False resume=True
2026-02-22T04:59:45Z INFO bsky_collector_v2.job.snapshot_panel: panel loaded feeds=118 path=D:\BlueSky\data_v2_full\labelerexp\panel\panel_v1.csv
2026-02-22T04:59:54Z ERROR bsky_collector_v2: job failed subcommand=snapshot-panel err=RuntimeError("state-writer method failed method=start_run type=OperationalError error=OperationalError('disk I/O error')")
Traceback (most recent call last):
  File "D:\BlueSky\bsky_collector_v2\cli.py", line 346, in main
    asyncio.run(
  File "C:\Users\Atom\AppData\Local\Programs\Python\Python312\Lib\asyncio\runners.py", line 195, in run
    return runner.run(main)
           ^^^^^^^^^^^^^^^^
  File "C:\Users\Atom\AppData\Local\Programs\Python\Python312\Lib\asyncio\runners.py", line 118, in run
    return self._loop.run_until_complete(task)
           ^^^^^^^^^^^^^^^^^^^^^^^^^^^^^^^^^^^
  File "C:\Users\Atom\AppData\Local\Programs\Python\Python312\Lib\asyncio\base_events.py", line 691, in run_until_complete
    return future.result()
           ^^^^^^^^^^^^^^^
  File "D:\BlueSky\bsky_collector_v2\jobs\snapshot_panel.py", line 326, in run_snapshot_panel
    control.start_run(
  File "D:\BlueSky\bsky_collector_v2\state.py", line 167, in _call
    return self._rpc(name, *args, **kwargs)
           ^^^^^^^^^^^^^^^^^^^^^^^^^^^^^^^^
  File "D:\BlueSky\bsky_collector_v2\state.py", line 156, in _rpc
    raise RuntimeError(f"state-writer method failed method={method} type={err_type} error={err_msg}")
RuntimeError: state-writer method failed method=start_run type=OperationalError error=OperationalError('disk I/O error')
2026-02-22T05:06:02Z INFO bsky_collector_v2: out_base ok path=D:\BlueSky\data_v2_full\labelerexp mount=D:\
2026-02-22T05:06:02Z INFO bsky_collector_v2: job start subcommand=state-writer dry_run=False resume=True
2026-02-22T05:06:02Z INFO bsky_collector_v2.state_writer: state-writer listening addr=tcp://127.0.0.1:9921 db=D:\BlueSky\data_v2_full\labelerexp\control\control_state.db
2026-02-22T05:09:33Z INFO bsky_collector_v2: out_base ok path=D:\BlueSky\data_v2_full\labelerexp mount=D:\
2026-02-22T05:09:33Z INFO bsky_collector_v2: job start subcommand=snapshot-panel dry_run=False resume=True
2026-02-22T05:09:33Z INFO bsky_collector_v2.job.snapshot_panel: panel loaded feeds=118 path=D:\BlueSky\data_v2_full\labelerexp\panel\panel_v1.csv
2026-02-22T05:09:34Z INFO bsky_collector_v2.job.snapshot_panel: snapshot start hour=2026-02-22T05:00:00Z modes=['auth'] workers=8 tasks=118
2026-02-22T05:10:07Z INFO bsky_collector_v2.job.snapshot_panel: snapshot done hour=2026-02-22T05:00:00Z done=116 failed=2
2026-02-22T06:09:36Z INFO bsky_collector_v2: out_base ok path=D:\BlueSky\data_v2_full\labelerexp mount=D:\
2026-02-22T06:09:36Z INFO bsky_collector_v2: job start subcommand=snapshot-panel dry_run=False resume=True
2026-02-22T06:09:36Z INFO bsky_collector_v2.job.snapshot_panel: panel loaded feeds=118 path=D:\BlueSky\data_v2_full\labelerexp\panel\panel_v1.csv
2026-02-22T06:09:37Z INFO bsky_collector_v2.job.snapshot_panel: snapshot start hour=2026-02-22T06:00:00Z modes=['auth'] workers=8 tasks=118
2026-02-22T06:10:03Z INFO bsky_collector_v2.job.snapshot_panel: snapshot done hour=2026-02-22T06:00:00Z done=115 failed=3
2026-02-22T07:09:39Z INFO bsky_collector_v2: out_base ok path=D:\BlueSky\data_v2_full\labelerexp mount=D:\
2026-02-22T07:09:39Z INFO bsky_collector_v2: job start subcommand=snapshot-panel dry_run=False resume=True
2026-02-22T07:09:39Z INFO bsky_collector_v2.job.snapshot_panel: panel loaded feeds=118 path=D:\BlueSky\data_v2_full\labelerexp\panel\panel_v1.csv
2026-02-22T07:09:40Z INFO bsky_collector_v2.job.snapshot_panel: snapshot start hour=2026-02-22T07:00:00Z modes=['auth'] workers=8 tasks=118
2026-02-22T07:10:06Z INFO bsky_collector_v2.job.snapshot_panel: snapshot done hour=2026-02-22T07:00:00Z done=115 failed=3
2026-02-22T08:09:42Z INFO bsky_collector_v2: out_base ok path=D:\BlueSky\data_v2_full\labelerexp mount=D:\
2026-02-22T08:09:42Z INFO bsky_collector_v2: job start subcommand=snapshot-panel dry_run=False resume=True
2026-02-22T08:09:42Z INFO bsky_collector_v2.job.snapshot_panel: panel loaded feeds=118 path=D:\BlueSky\data_v2_full\labelerexp\panel\panel_v1.csv
2026-02-22T08:09:43Z INFO bsky_collector_v2.job.snapshot_panel: snapshot start hour=2026-02-22T08:00:00Z modes=['auth'] workers=8 tasks=118
2026-02-22T08:10:09Z INFO bsky_collector_v2.job.snapshot_panel: snapshot done hour=2026-02-22T08:00:00Z done=115 failed=3
2026-02-22T09:09:45Z INFO bsky_collector_v2: out_base ok path=D:\BlueSky\data_v2_full\labelerexp mount=D:\
2026-02-22T09:09:45Z INFO bsky_collector_v2: job start subcommand=snapshot-panel dry_run=False resume=True
2026-02-22T09:09:45Z INFO bsky_collector_v2.job.snapshot_panel: panel loaded feeds=118 path=D:\BlueSky\data_v2_full\labelerexp\panel\panel_v1.csv
2026-02-22T09:09:47Z INFO bsky_collector_v2.job.snapshot_panel: snapshot start hour=2026-02-22T09:00:00Z modes=['auth'] workers=8 tasks=118
2026-02-22T09:10:20Z INFO bsky_collector_v2.job.snapshot_panel: snapshot done hour=2026-02-22T09:00:00Z done=115 failed=3
2026-02-22T10:09:48Z INFO bsky_collector_v2: out_base ok path=D:\BlueSky\data_v2_full\labelerexp mount=D:\
2026-02-22T10:09:48Z INFO bsky_collector_v2: job start subcommand=snapshot-panel dry_run=False resume=True
2026-02-22T10:09:48Z INFO bsky_collector_v2.job.snapshot_panel: panel loaded feeds=118 path=D:\BlueSky\data_v2_full\labelerexp\panel\panel_v1.csv
2026-02-22T10:09:49Z INFO bsky_collector_v2.job.snapshot_panel: snapshot start hour=2026-02-22T10:00:00Z modes=['auth'] workers=8 tasks=118
2026-02-22T10:10:19Z INFO bsky_collector_v2.job.snapshot_panel: snapshot done hour=2026-02-22T10:00:00Z done=115 failed=3
2026-02-22T10:59:51Z INFO bsky_collector_v2: out_base ok path=D:\BlueSky\data_v2_full\labelerexp mount=D:\
2026-02-22T10:59:51Z INFO bsky_collector_v2: job start subcommand=build-labelerexp-panel dry_run=False resume=True
2026-02-22T10:59:51Z INFO bsky_collector_v2.job.build_labelerexp_panel: labelerexp panel build source_out_base=D:\BlueSky\data_v2_full metadata_day=2026-02-22 captured_at_utc=2026-02-22T05:06:06Z feeds=118
2026-02-22T10:59:51Z INFO bsky_collector_v2.job.build_labelerexp_panel: labelerexp panel written active=D:\BlueSky\data_v2_full\labelerexp\panel\panel_v1.csv version=D:\BlueSky\data_v2_full\labelerexp\panel\panel_versions\panel_v1_2026-02-22.csv
2026-02-22T11:09:53Z INFO bsky_collector_v2: out_base ok path=D:\BlueSky\data_v2_full\labelerexp mount=D:\
2026-02-22T11:09:53Z INFO bsky_collector_v2: job start subcommand=snapshot-panel dry_run=False resume=True
2026-02-22T11:09:53Z INFO bsky_collector_v2.job.snapshot_panel: panel loaded feeds=118 path=D:\BlueSky\data_v2_full\labelerexp\panel\panel_v1.csv
2026-02-22T11:09:55Z INFO bsky_collector_v2.job.snapshot_panel: snapshot start hour=2026-02-22T11:00:00Z modes=['auth'] workers=8 tasks=118
2026-02-22T11:10:21Z INFO bsky_collector_v2.job.snapshot_panel: snapshot done hour=2026-02-22T11:00:00Z done=115 failed=3
2026-02-22T12:09:56Z INFO bsky_collector_v2: out_base ok path=D:\BlueSky\data_v2_full\labelerexp mount=D:\
2026-02-22T12:09:56Z INFO bsky_collector_v2: job start subcommand=snapshot-panel dry_run=False resume=True
2026-02-22T12:09:56Z INFO bsky_collector_v2.job.snapshot_panel: panel loaded feeds=118 path=D:\BlueSky\data_v2_full\labelerexp\panel\panel_v1.csv
2026-02-22T12:09:57Z INFO bsky_collector_v2.job.snapshot_panel: snapshot start hour=2026-02-22T12:00:00Z modes=['auth'] workers=8 tasks=118
2026-02-22T12:10:32Z INFO bsky_collector_v2.job.snapshot_panel: snapshot done hour=2026-02-22T12:00:00Z done=112 failed=6
2026-02-22T13:09:59Z INFO bsky_collector_v2: out_base ok path=D:\BlueSky\data_v2_full\labelerexp mount=D:\
2026-02-22T13:09:59Z INFO bsky_collector_v2: job start subcommand=snapshot-panel dry_run=False resume=True
2026-02-22T13:09:59Z INFO bsky_collector_v2.job.snapshot_panel: panel loaded feeds=118 path=D:\BlueSky\data_v2_full\labelerexp\panel\panel_v1.csv
2026-02-22T13:10:02Z INFO bsky_collector_v2.job.snapshot_panel: snapshot start hour=2026-02-22T13:00:00Z modes=['auth'] workers=8 tasks=118
2026-02-22T13:10:36Z INFO bsky_collector_v2.job.snapshot_panel: snapshot done hour=2026-02-22T13:00:00Z done=116 failed=2
2026-02-22T14:10:02Z INFO bsky_collector_v2: out_base ok path=D:\BlueSky\data_v2_full\labelerexp mount=D:\
2026-02-22T14:10:02Z INFO bsky_collector_v2: job start subcommand=snapshot-panel dry_run=False resume=True
2026-02-22T14:10:02Z INFO bsky_collector_v2.job.snapshot_panel: panel loaded feeds=118 path=D:\BlueSky\data_v2_full\labelerexp\panel\panel_v1.csv
2026-02-22T14:10:03Z INFO bsky_collector_v2.job.snapshot_panel: snapshot start hour=2026-02-22T14:00:00Z modes=['auth'] workers=8 tasks=118
2026-02-22T14:10:29Z INFO bsky_collector_v2.job.snapshot_panel: snapshot done hour=2026-02-22T14:00:00Z done=116 failed=2
2026-02-22T15:10:05Z INFO bsky_collector_v2: out_base ok path=D:\BlueSky\data_v2_full\labelerexp mount=D:\
2026-02-22T15:10:05Z INFO bsky_collector_v2: job start subcommand=snapshot-panel dry_run=False resume=True
2026-02-22T15:10:05Z INFO bsky_collector_v2.job.snapshot_panel: panel loaded feeds=118 path=D:\BlueSky\data_v2_full\labelerexp\panel\panel_v1.csv
2026-02-22T15:10:06Z INFO bsky_collector_v2.job.snapshot_panel: snapshot start hour=2026-02-22T15:00:00Z modes=['auth'] workers=8 tasks=118
2026-02-22T15:10:42Z INFO bsky_collector_v2.job.snapshot_panel: snapshot done hour=2026-02-22T15:00:00Z done=113 failed=5
2026-02-22T16:10:08Z INFO bsky_collector_v2: out_base ok path=D:\BlueSky\data_v2_full\labelerexp mount=D:\
2026-02-22T16:10:08Z INFO bsky_collector_v2: job start subcommand=snapshot-panel dry_run=False resume=True
2026-02-22T16:10:08Z INFO bsky_collector_v2.job.snapshot_panel: panel loaded feeds=118 path=D:\BlueSky\data_v2_full\labelerexp\panel\panel_v1.csv
2026-02-22T16:10:11Z INFO bsky_collector_v2.job.snapshot_panel: snapshot start hour=2026-02-22T16:00:00Z modes=['auth'] workers=8 tasks=118
2026-02-22T16:10:47Z INFO bsky_collector_v2.job.snapshot_panel: snapshot done hour=2026-02-22T16:00:00Z done=112 failed=6
2026-02-22T17:00:11Z INFO bsky_collector_v2: out_base ok path=D:\BlueSky\data_v2_full\labelerexp mount=D:\
2026-02-22T17:00:11Z INFO bsky_collector_v2: job start subcommand=build-labelerexp-panel dry_run=False resume=True
2026-02-22T17:00:11Z INFO bsky_collector_v2.job.build_labelerexp_panel: labelerexp panel build source_out_base=D:\BlueSky\data_v2_full metadata_day=2026-02-22 captured_at_utc=2026-02-22T05:06:06Z feeds=118
2026-02-22T17:00:11Z INFO bsky_collector_v2.job.build_labelerexp_panel: labelerexp panel written active=D:\BlueSky\data_v2_full\labelerexp\panel\panel_v1.csv version=D:\BlueSky\data_v2_full\labelerexp\panel\panel_versions\panel_v1_2026-02-22.csv
2026-02-22T17:10:12Z INFO bsky_collector_v2: out_base ok path=D:\BlueSky\data_v2_full\labelerexp mount=D:\
2026-02-22T17:10:12Z INFO bsky_collector_v2: job start subcommand=snapshot-panel dry_run=False resume=True
2026-02-22T17:10:12Z INFO bsky_collector_v2.job.snapshot_panel: panel loaded feeds=118 path=D:\BlueSky\data_v2_full\labelerexp\panel\panel_v1.csv
2026-02-22T17:10:13Z INFO bsky_collector_v2.job.snapshot_panel: snapshot start hour=2026-02-22T17:00:00Z modes=['auth'] workers=8 tasks=118
2026-02-22T17:10:40Z INFO bsky_collector_v2.job.snapshot_panel: snapshot done hour=2026-02-22T17:00:00Z done=116 failed=2
2026-02-22T18:10:15Z INFO bsky_collector_v2: out_base ok path=D:\BlueSky\data_v2_full\labelerexp mount=D:\
2026-02-22T18:10:15Z INFO bsky_collector_v2: job start subcommand=snapshot-panel dry_run=False resume=True
2026-02-22T18:10:15Z INFO bsky_collector_v2.job.snapshot_panel: panel loaded feeds=118 path=D:\BlueSky\data_v2_full\labelerexp\panel\panel_v1.csv
2026-02-22T18:10:18Z INFO bsky_collector_v2.job.snapshot_panel: snapshot start hour=2026-02-22T18:00:00Z modes=['auth'] workers=8 tasks=118
2026-02-22T18:10:48Z INFO bsky_collector_v2.job.snapshot_panel: snapshot done hour=2026-02-22T18:00:00Z done=114 failed=4
2026-02-22T19:10:19Z INFO bsky_collector_v2: out_base ok path=D:\BlueSky\data_v2_full\labelerexp mount=D:\
2026-02-22T19:10:19Z INFO bsky_collector_v2: job start subcommand=snapshot-panel dry_run=False resume=True
2026-02-22T19:10:19Z INFO bsky_collector_v2.job.snapshot_panel: panel loaded feeds=118 path=D:\BlueSky\data_v2_full\labelerexp\panel\panel_v1.csv
2026-02-22T19:10:20Z INFO bsky_collector_v2.job.snapshot_panel: snapshot start hour=2026-02-22T19:00:00Z modes=['auth'] workers=8 tasks=118
2026-02-22T19:10:51Z INFO bsky_collector_v2.job.snapshot_panel: snapshot done hour=2026-02-22T19:00:00Z done=112 failed=6
2026-02-22T20:10:22Z INFO bsky_collector_v2: out_base ok path=D:\BlueSky\data_v2_full\labelerexp mount=D:\
2026-02-22T20:10:22Z INFO bsky_collector_v2: job start subcommand=snapshot-panel dry_run=False resume=True
2026-02-22T20:10:22Z INFO bsky_collector_v2.job.snapshot_panel: panel loaded feeds=118 path=D:\BlueSky\data_v2_full\labelerexp\panel\panel_v1.csv
2026-02-22T20:10:23Z INFO bsky_collector_v2.job.snapshot_panel: snapshot start hour=2026-02-22T20:00:00Z modes=['auth'] workers=8 tasks=118
2026-02-22T20:10:55Z INFO bsky_collector_v2.job.snapshot_panel: snapshot done hour=2026-02-22T20:00:00Z done=113 failed=5
2026-02-22T21:10:25Z INFO bsky_collector_v2: out_base ok path=D:\BlueSky\data_v2_full\labelerexp mount=D:\
2026-02-22T21:10:25Z INFO bsky_collector_v2: job start subcommand=snapshot-panel dry_run=False resume=True
2026-02-22T21:10:25Z INFO bsky_collector_v2.job.snapshot_panel: panel loaded feeds=118 path=D:\BlueSky\data_v2_full\labelerexp\panel\panel_v1.csv
2026-02-22T21:10:26Z INFO bsky_collector_v2.job.snapshot_panel: snapshot start hour=2026-02-22T21:00:00Z modes=['auth'] workers=8 tasks=118
2026-02-22T21:10:52Z INFO bsky_collector_v2.job.snapshot_panel: snapshot done hour=2026-02-22T21:00:00Z done=115 failed=3
2026-02-22T22:10:28Z INFO bsky_collector_v2: out_base ok path=D:\BlueSky\data_v2_full\labelerexp mount=D:\
2026-02-22T22:10:28Z INFO bsky_collector_v2: job start subcommand=snapshot-panel dry_run=False resume=True
2026-02-22T22:10:28Z INFO bsky_collector_v2.job.snapshot_panel: panel loaded feeds=118 path=D:\BlueSky\data_v2_full\labelerexp\panel\panel_v1.csv
2026-02-22T22:10:29Z INFO bsky_collector_v2.job.snapshot_panel: snapshot start hour=2026-02-22T22:00:00Z modes=['auth'] workers=8 tasks=118
2026-02-22T22:10:56Z INFO bsky_collector_v2.job.snapshot_panel: snapshot done hour=2026-02-22T22:00:00Z done=116 failed=2
2026-02-22T23:00:31Z INFO bsky_collector_v2: out_base ok path=D:\BlueSky\data_v2_full\labelerexp mount=D:\
2026-02-22T23:00:31Z INFO bsky_collector_v2: job start subcommand=build-labelerexp-panel dry_run=False resume=True
2026-02-22T23:00:31Z INFO bsky_collector_v2.job.build_labelerexp_panel: labelerexp panel build source_out_base=D:\BlueSky\data_v2_full metadata_day=2026-02-22 captured_at_utc=2026-02-22T05:06:06Z feeds=118
2026-02-22T23:00:31Z INFO bsky_collector_v2.job.build_labelerexp_panel: labelerexp panel written active=D:\BlueSky\data_v2_full\labelerexp\panel\panel_v1.csv version=D:\BlueSky\data_v2_full\labelerexp\panel\panel_versions\panel_v1_2026-02-22.csv
2026-02-22T23:10:32Z INFO bsky_collector_v2: out_base ok path=D:\BlueSky\data_v2_full\labelerexp mount=D:\
2026-02-22T23:10:32Z INFO bsky_collector_v2: job start subcommand=snapshot-panel dry_run=False resume=True
2026-02-22T23:10:32Z INFO bsky_collector_v2.job.snapshot_panel: panel loaded feeds=118 path=D:\BlueSky\data_v2_full\labelerexp\panel\panel_v1.csv
2026-02-22T23:10:33Z INFO bsky_collector_v2.job.snapshot_panel: snapshot start hour=2026-02-22T23:00:00Z modes=['auth'] workers=8 tasks=118
2026-02-22T23:11:09Z INFO bsky_collector_v2.job.snapshot_panel: snapshot done hour=2026-02-22T23:00:00Z done=116 failed=2
2026-02-23T00:10:35Z INFO bsky_collector_v2: out_base ok path=D:\BlueSky\data_v2_full\labelerexp mount=D:\
2026-02-23T00:10:35Z INFO bsky_collector_v2: job start subcommand=snapshot-panel dry_run=False resume=True
2026-02-23T00:10:35Z INFO bsky_collector_v2.job.snapshot_panel: panel loaded feeds=118 path=D:\BlueSky\data_v2_full\labelerexp\panel\panel_v1.csv
2026-02-23T00:10:36Z INFO bsky_collector_v2.job.snapshot_panel: snapshot start hour=2026-02-23T00:00:00Z modes=['auth'] workers=8 tasks=118
2026-02-23T00:11:03Z INFO bsky_collector_v2.job.snapshot_panel: snapshot done hour=2026-02-23T00:00:00Z done=116 failed=2
2026-02-23T01:10:38Z INFO bsky_collector_v2: out_base ok path=D:\BlueSky\data_v2_full\labelerexp mount=D:\
2026-02-23T01:10:38Z INFO bsky_collector_v2: job start subcommand=snapshot-panel dry_run=False resume=True
2026-02-23T01:10:38Z INFO bsky_collector_v2.job.snapshot_panel: panel loaded feeds=118 path=D:\BlueSky\data_v2_full\labelerexp\panel\panel_v1.csv
2026-02-23T01:10:39Z INFO bsky_collector_v2.job.snapshot_panel: snapshot start hour=2026-02-23T01:00:00Z modes=['auth'] workers=8 tasks=118
2026-02-23T01:11:15Z INFO bsky_collector_v2.job.snapshot_panel: snapshot done hour=2026-02-23T01:00:00Z done=113 failed=5
2026-02-23T02:10:41Z INFO bsky_collector_v2: out_base ok path=D:\BlueSky\data_v2_full\labelerexp mount=D:\
2026-02-23T02:10:41Z INFO bsky_collector_v2: job start subcommand=snapshot-panel dry_run=False resume=True
2026-02-23T02:10:41Z INFO bsky_collector_v2.job.snapshot_panel: panel loaded feeds=118 path=D:\BlueSky\data_v2_full\labelerexp\panel\panel_v1.csv
2026-02-23T02:10:42Z INFO bsky_collector_v2.job.snapshot_panel: snapshot start hour=2026-02-23T02:00:00Z modes=['auth'] workers=8 tasks=118
2026-02-23T02:11:10Z INFO bsky_collector_v2.job.snapshot_panel: snapshot done hour=2026-02-23T02:00:00Z done=116 failed=2
2026-02-23T03:10:44Z INFO bsky_collector_v2: out_base ok path=D:\BlueSky\data_v2_full\labelerexp mount=D:\
2026-02-23T03:10:44Z INFO bsky_collector_v2: job start subcommand=snapshot-panel dry_run=False resume=True
2026-02-23T03:10:45Z INFO bsky_collector_v2.job.snapshot_panel: panel loaded feeds=118 path=D:\BlueSky\data_v2_full\labelerexp\panel\panel_v1.csv
2026-02-23T03:10:45Z INFO bsky_collector_v2.job.snapshot_panel: snapshot start hour=2026-02-23T03:00:00Z modes=['auth'] workers=8 tasks=118
2026-02-23T03:11:20Z INFO bsky_collector_v2.job.snapshot_panel: snapshot done hour=2026-02-23T03:00:00Z done=115 failed=3
2026-02-23T04:10:48Z INFO bsky_collector_v2: out_base ok path=D:\BlueSky\data_v2_full\labelerexp mount=D:\
2026-02-23T04:10:48Z INFO bsky_collector_v2: job start subcommand=snapshot-panel dry_run=False resume=True
2026-02-23T04:10:48Z INFO bsky_collector_v2.job.snapshot_panel: panel loaded feeds=118 path=D:\BlueSky\data_v2_full\labelerexp\panel\panel_v1.csv
2026-02-23T04:10:48Z INFO bsky_collector_v2.job.snapshot_panel: snapshot start hour=2026-02-23T04:00:00Z modes=['auth'] workers=8 tasks=118
2026-02-23T04:11:28Z INFO bsky_collector_v2.job.snapshot_panel: snapshot done hour=2026-02-23T04:00:00Z done=109 failed=9
2026-02-23T05:00:50Z INFO bsky_collector_v2: out_base ok path=D:\BlueSky\data_v2_full\labelerexp mount=D:\
2026-02-23T05:00:50Z INFO bsky_collector_v2: job start subcommand=build-labelerexp-panel dry_run=False resume=True
2026-02-23T05:00:50Z INFO bsky_collector_v2.job.build_labelerexp_panel: labelerexp panel build source_out_base=D:\BlueSky\data_v2_full metadata_day=2026-02-22 captured_at_utc=2026-02-22T05:06:06Z feeds=118
2026-02-23T05:00:50Z INFO bsky_collector_v2.job.build_labelerexp_panel: labelerexp panel written active=D:\BlueSky\data_v2_full\labelerexp\panel\panel_v1.csv version=D:\BlueSky\data_v2_full\labelerexp\panel\panel_versions\panel_v1_2026-02-23.csv
2026-02-23T05:10:52Z INFO bsky_collector_v2: out_base ok path=D:\BlueSky\data_v2_full\labelerexp mount=D:\
2026-02-23T05:10:52Z INFO bsky_collector_v2: job start subcommand=snapshot-panel dry_run=False resume=True
2026-02-23T05:10:52Z INFO bsky_collector_v2.job.snapshot_panel: panel loaded feeds=118 path=D:\BlueSky\data_v2_full\labelerexp\panel\panel_v1.csv
2026-02-23T05:10:53Z INFO bsky_collector_v2.job.snapshot_panel: snapshot start hour=2026-02-23T05:00:00Z modes=['auth'] workers=8 tasks=118
2026-02-23T05:11:28Z INFO bsky_collector_v2.job.snapshot_panel: snapshot done hour=2026-02-23T05:00:00Z done=112 failed=6
2026-02-23T06:10:55Z INFO bsky_collector_v2: out_base ok path=D:\BlueSky\data_v2_full\labelerexp mount=D:\
2026-02-23T06:10:55Z INFO bsky_collector_v2: job start subcommand=snapshot-panel dry_run=False resume=True
2026-02-23T06:10:55Z INFO bsky_collector_v2.job.snapshot_panel: panel loaded feeds=118 path=D:\BlueSky\data_v2_full\labelerexp\panel\panel_v1.csv
2026-02-23T06:10:55Z INFO bsky_collector_v2.job.snapshot_panel: snapshot start hour=2026-02-23T06:00:00Z modes=['auth'] workers=8 tasks=118
2026-02-23T06:11:25Z INFO bsky_collector_v2.job.snapshot_panel: snapshot done hour=2026-02-23T06:00:00Z done=115 failed=3
2026-02-23T07:10:58Z INFO bsky_collector_v2: out_base ok path=D:\BlueSky\data_v2_full\labelerexp mount=D:\
2026-02-23T07:10:58Z INFO bsky_collector_v2: job start subcommand=snapshot-panel dry_run=False resume=True
2026-02-23T07:10:58Z INFO bsky_collector_v2.job.snapshot_panel: panel loaded feeds=118 path=D:\BlueSky\data_v2_full\labelerexp\panel\panel_v1.csv
2026-02-23T07:10:59Z INFO bsky_collector_v2.job.snapshot_panel: snapshot start hour=2026-02-23T07:00:00Z modes=['auth'] workers=8 tasks=118
2026-02-23T07:11:31Z INFO bsky_collector_v2.job.snapshot_panel: snapshot done hour=2026-02-23T07:00:00Z done=115 failed=3
2026-02-23T08:11:01Z INFO bsky_collector_v2: out_base ok path=D:\BlueSky\data_v2_full\labelerexp mount=D:\
2026-02-23T08:11:01Z INFO bsky_collector_v2: job start subcommand=snapshot-panel dry_run=False resume=True
2026-02-23T08:11:01Z INFO bsky_collector_v2.job.snapshot_panel: panel loaded feeds=118 path=D:\BlueSky\data_v2_full\labelerexp\panel\panel_v1.csv
2026-02-23T08:11:02Z INFO bsky_collector_v2.job.snapshot_panel: snapshot start hour=2026-02-23T08:00:00Z modes=['auth'] workers=8 tasks=118
2026-02-23T08:11:31Z INFO bsky_collector_v2.job.snapshot_panel: snapshot done hour=2026-02-23T08:00:00Z done=115 failed=3
2026-02-23T09:11:04Z INFO bsky_collector_v2: out_base ok path=D:\BlueSky\data_v2_full\labelerexp mount=D:\
2026-02-23T09:11:04Z INFO bsky_collector_v2: job start subcommand=snapshot-panel dry_run=False resume=True
2026-02-23T09:11:04Z INFO bsky_collector_v2.job.snapshot_panel: panel loaded feeds=118 path=D:\BlueSky\data_v2_full\labelerexp\panel\panel_v1.csv
2026-02-23T09:11:04Z INFO bsky_collector_v2.job.snapshot_panel: snapshot start hour=2026-02-23T09:00:00Z modes=['auth'] workers=8 tasks=118
2026-02-23T09:11:35Z INFO bsky_collector_v2.job.snapshot_panel: snapshot done hour=2026-02-23T09:00:00Z done=115 failed=3
2026-02-23T10:11:07Z INFO bsky_collector_v2: out_base ok path=D:\BlueSky\data_v2_full\labelerexp mount=D:\
2026-02-23T10:11:07Z INFO bsky_collector_v2: job start subcommand=snapshot-panel dry_run=False resume=True
2026-02-23T10:11:07Z INFO bsky_collector_v2.job.snapshot_panel: panel loaded feeds=118 path=D:\BlueSky\data_v2_full\labelerexp\panel\panel_v1.csv
2026-02-23T10:11:08Z INFO bsky_collector_v2.job.snapshot_panel: snapshot start hour=2026-02-23T10:00:00Z modes=['auth'] workers=8 tasks=118
2026-02-23T10:11:37Z INFO bsky_collector_v2.job.snapshot_panel: snapshot done hour=2026-02-23T10:00:00Z done=114 failed=4
2026-02-23T11:01:10Z INFO bsky_collector_v2: out_base ok path=D:\BlueSky\data_v2_full\labelerexp mount=D:\
2026-02-23T11:01:10Z INFO bsky_collector_v2: job start subcommand=build-labelerexp-panel dry_run=False resume=True
2026-02-23T11:01:10Z INFO bsky_collector_v2.job.build_labelerexp_panel: labelerexp panel build source_out_base=D:\BlueSky\data_v2_full metadata_day=2026-02-23 captured_at_utc=2026-02-23T05:06:18Z feeds=118
2026-02-23T11:01:10Z INFO bsky_collector_v2.job.build_labelerexp_panel: labelerexp panel written active=D:\BlueSky\data_v2_full\labelerexp\panel\panel_v1.csv version=D:\BlueSky\data_v2_full\labelerexp\panel\panel_versions\panel_v1_2026-02-23.csv
2026-02-23T11:11:11Z INFO bsky_collector_v2: out_base ok path=D:\BlueSky\data_v2_full\labelerexp mount=D:\
2026-02-23T11:11:11Z INFO bsky_collector_v2: job start subcommand=snapshot-panel dry_run=False resume=True
2026-02-23T11:11:11Z INFO bsky_collector_v2.job.snapshot_panel: panel loaded feeds=118 path=D:\BlueSky\data_v2_full\labelerexp\panel\panel_v1.csv
2026-02-23T11:11:12Z INFO bsky_collector_v2.job.snapshot_panel: snapshot start hour=2026-02-23T11:00:00Z modes=['auth'] workers=8 tasks=118
2026-02-23T11:11:42Z INFO bsky_collector_v2.job.snapshot_panel: snapshot done hour=2026-02-23T11:00:00Z done=114 failed=4
2026-02-23T12:11:14Z INFO bsky_collector_v2: out_base ok path=D:\BlueSky\data_v2_full\labelerexp mount=D:\
2026-02-23T12:11:14Z INFO bsky_collector_v2: job start subcommand=snapshot-panel dry_run=False resume=True
2026-02-23T12:11:14Z INFO bsky_collector_v2.job.snapshot_panel: panel loaded feeds=118 path=D:\BlueSky\data_v2_full\labelerexp\panel\panel_v1.csv
2026-02-23T12:11:15Z INFO bsky_collector_v2.job.snapshot_panel: snapshot start hour=2026-02-23T12:00:00Z modes=['auth'] workers=8 tasks=118
2026-02-23T12:11:45Z INFO bsky_collector_v2.job.snapshot_panel: snapshot done hour=2026-02-23T12:00:00Z done=114 failed=4
2026-02-23T13:11:17Z INFO bsky_collector_v2: out_base ok path=D:\BlueSky\data_v2_full\labelerexp mount=D:\
2026-02-23T13:11:17Z INFO bsky_collector_v2: job start subcommand=snapshot-panel dry_run=False resume=True
2026-02-23T13:11:17Z INFO bsky_collector_v2.job.snapshot_panel: panel loaded feeds=118 path=D:\BlueSky\data_v2_full\labelerexp\panel\panel_v1.csv
2026-02-23T13:11:22Z INFO bsky_collector_v2.job.snapshot_panel: snapshot start hour=2026-02-23T13:00:00Z modes=['auth'] workers=8 tasks=118
2026-02-23T13:11:52Z INFO bsky_collector_v2.job.snapshot_panel: snapshot done hour=2026-02-23T13:00:00Z done=114 failed=4
2026-02-23T14:11:20Z INFO bsky_collector_v2: out_base ok path=D:\BlueSky\data_v2_full\labelerexp mount=D:\
2026-02-23T14:11:20Z INFO bsky_collector_v2: job start subcommand=snapshot-panel dry_run=False resume=True
2026-02-23T14:11:20Z INFO bsky_collector_v2.job.snapshot_panel: panel loaded feeds=118 path=D:\BlueSky\data_v2_full\labelerexp\panel\panel_v1.csv
2026-02-23T14:11:22Z INFO bsky_collector_v2.job.snapshot_panel: snapshot start hour=2026-02-23T14:00:00Z modes=['auth'] workers=8 tasks=118
2026-02-23T14:11:51Z INFO bsky_collector_v2.job.snapshot_panel: snapshot done hour=2026-02-23T14:00:00Z done=114 failed=4
2026-02-23T15:11:23Z INFO bsky_collector_v2: out_base ok path=D:\BlueSky\data_v2_full\labelerexp mount=D:\
2026-02-23T15:11:23Z INFO bsky_collector_v2: job start subcommand=snapshot-panel dry_run=False resume=True
2026-02-23T15:11:23Z INFO bsky_collector_v2.job.snapshot_panel: panel loaded feeds=118 path=D:\BlueSky\data_v2_full\labelerexp\panel\panel_v1.csv
2026-02-23T15:11:25Z INFO bsky_collector_v2.job.snapshot_panel: snapshot start hour=2026-02-23T15:00:00Z modes=['auth'] workers=8 tasks=118
2026-02-23T15:11:59Z INFO bsky_collector_v2.job.snapshot_panel: snapshot done hour=2026-02-23T15:00:00Z done=114 failed=4
2026-02-23T16:11:26Z INFO bsky_collector_v2: out_base ok path=D:\BlueSky\data_v2_full\labelerexp mount=D:\
2026-02-23T16:11:26Z INFO bsky_collector_v2: job start subcommand=snapshot-panel dry_run=False resume=True
2026-02-23T16:11:26Z INFO bsky_collector_v2.job.snapshot_panel: panel loaded feeds=118 path=D:\BlueSky\data_v2_full\labelerexp\panel\panel_v1.csv
2026-02-23T16:11:28Z INFO bsky_collector_v2.job.snapshot_panel: snapshot start hour=2026-02-23T16:00:00Z modes=['auth'] workers=8 tasks=118
2026-02-23T16:11:57Z INFO bsky_collector_v2.job.snapshot_panel: snapshot done hour=2026-02-23T16:00:00Z done=113 failed=5
2026-02-23T17:01:29Z INFO bsky_collector_v2: out_base ok path=D:\BlueSky\data_v2_full\labelerexp mount=D:\
2026-02-23T17:01:29Z INFO bsky_collector_v2: job start subcommand=build-labelerexp-panel dry_run=False resume=True
2026-02-23T17:01:29Z INFO bsky_collector_v2.job.build_labelerexp_panel: labelerexp panel build source_out_base=D:\BlueSky\data_v2_full metadata_day=2026-02-23 captured_at_utc=2026-02-23T05:06:18Z feeds=118
2026-02-23T17:01:29Z INFO bsky_collector_v2.job.build_labelerexp_panel: labelerexp panel written active=D:\BlueSky\data_v2_full\labelerexp\panel\panel_v1.csv version=D:\BlueSky\data_v2_full\labelerexp\panel\panel_versions\panel_v1_2026-02-23.csv
2026-02-23T17:11:30Z INFO bsky_collector_v2: out_base ok path=D:\BlueSky\data_v2_full\labelerexp mount=D:\
2026-02-23T17:11:30Z INFO bsky_collector_v2: job start subcommand=snapshot-panel dry_run=False resume=True
2026-02-23T17:11:30Z INFO bsky_collector_v2.job.snapshot_panel: panel loaded feeds=118 path=D:\BlueSky\data_v2_full\labelerexp\panel\panel_v1.csv
2026-02-23T17:11:34Z INFO bsky_collector_v2.job.snapshot_panel: snapshot start hour=2026-02-23T17:00:00Z modes=['auth'] workers=8 tasks=118
2026-02-23T17:12:09Z INFO bsky_collector_v2.job.snapshot_panel: snapshot done hour=2026-02-23T17:00:00Z done=113 failed=5
2026-02-23T18:11:33Z INFO bsky_collector_v2: out_base ok path=D:\BlueSky\data_v2_full\labelerexp mount=D:\
2026-02-23T18:11:33Z INFO bsky_collector_v2: job start subcommand=snapshot-panel dry_run=False resume=True
2026-02-23T18:11:33Z INFO bsky_collector_v2.job.snapshot_panel: panel loaded feeds=118 path=D:\BlueSky\data_v2_full\labelerexp\panel\panel_v1.csv
2026-02-23T18:11:34Z INFO bsky_collector_v2.job.snapshot_panel: snapshot start hour=2026-02-23T18:00:00Z modes=['auth'] workers=8 tasks=118
2026-02-23T18:12:03Z INFO bsky_collector_v2.job.snapshot_panel: snapshot done hour=2026-02-23T18:00:00Z done=114 failed=4
2026-02-23T19:11:36Z INFO bsky_collector_v2: out_base ok path=D:\BlueSky\data_v2_full\labelerexp mount=D:\
2026-02-23T19:11:36Z INFO bsky_collector_v2: job start subcommand=snapshot-panel dry_run=False resume=True
2026-02-23T19:11:36Z INFO bsky_collector_v2.job.snapshot_panel: panel loaded feeds=118 path=D:\BlueSky\data_v2_full\labelerexp\panel\panel_v1.csv
2026-02-23T19:11:37Z INFO bsky_collector_v2.job.snapshot_panel: snapshot start hour=2026-02-23T19:00:00Z modes=['auth'] workers=8 tasks=118
2026-02-23T19:12:05Z INFO bsky_collector_v2.job.snapshot_panel: snapshot done hour=2026-02-23T19:00:00Z done=114 failed=4
2026-02-23T20:11:39Z INFO bsky_collector_v2: out_base ok path=D:\BlueSky\data_v2_full\labelerexp mount=D:\
2026-02-23T20:11:39Z INFO bsky_collector_v2: job start subcommand=snapshot-panel dry_run=False resume=True
2026-02-23T20:11:39Z INFO bsky_collector_v2.job.snapshot_panel: panel loaded feeds=118 path=D:\BlueSky\data_v2_full\labelerexp\panel\panel_v1.csv
2026-02-23T20:11:40Z INFO bsky_collector_v2.job.snapshot_panel: snapshot start hour=2026-02-23T20:00:00Z modes=['auth'] workers=8 tasks=118
2026-02-23T20:12:09Z INFO bsky_collector_v2.job.snapshot_panel: snapshot done hour=2026-02-23T20:00:00Z done=113 failed=5
2026-02-23T21:11:42Z INFO bsky_collector_v2: out_base ok path=D:\BlueSky\data_v2_full\labelerexp mount=D:\
2026-02-23T21:11:42Z INFO bsky_collector_v2: job start subcommand=snapshot-panel dry_run=False resume=True
2026-02-23T21:11:42Z INFO bsky_collector_v2.job.snapshot_panel: panel loaded feeds=118 path=D:\BlueSky\data_v2_full\labelerexp\panel\panel_v1.csv
2026-02-23T21:11:43Z INFO bsky_collector_v2.job.snapshot_panel: snapshot start hour=2026-02-23T21:00:00Z modes=['auth'] workers=8 tasks=118
2026-02-23T21:12:13Z INFO bsky_collector_v2.job.snapshot_panel: snapshot done hour=2026-02-23T21:00:00Z done=113 failed=5
2026-02-23T22:11:45Z INFO bsky_collector_v2: out_base ok path=D:\BlueSky\data_v2_full\labelerexp mount=D:\
2026-02-23T22:11:45Z INFO bsky_collector_v2: job start subcommand=snapshot-panel dry_run=False resume=True
2026-02-23T22:11:45Z INFO bsky_collector_v2.job.snapshot_panel: panel loaded feeds=118 path=D:\BlueSky\data_v2_full\labelerexp\panel\panel_v1.csv
2026-02-23T22:11:46Z INFO bsky_collector_v2.job.snapshot_panel: snapshot start hour=2026-02-23T22:00:00Z modes=['auth'] workers=8 tasks=118
2026-02-23T22:12:24Z INFO bsky_collector_v2.job.snapshot_panel: snapshot done hour=2026-02-23T22:00:00Z done=109 failed=9
2026-02-23T23:01:48Z INFO bsky_collector_v2: out_base ok path=D:\BlueSky\data_v2_full\labelerexp mount=D:\
2026-02-23T23:01:48Z INFO bsky_collector_v2: job start subcommand=build-labelerexp-panel dry_run=False resume=True
2026-02-23T23:01:48Z INFO bsky_collector_v2.job.build_labelerexp_panel: labelerexp panel build source_out_base=D:\BlueSky\data_v2_full metadata_day=2026-02-23 captured_at_utc=2026-02-23T05:06:18Z feeds=118
2026-02-23T23:01:48Z INFO bsky_collector_v2.job.build_labelerexp_panel: labelerexp panel written active=D:\BlueSky\data_v2_full\labelerexp\panel\panel_v1.csv version=D:\BlueSky\data_v2_full\labelerexp\panel\panel_versions\panel_v1_2026-02-23.csv
2026-02-23T23:11:49Z INFO bsky_collector_v2: out_base ok path=D:\BlueSky\data_v2_full\labelerexp mount=D:\
2026-02-23T23:11:49Z INFO bsky_collector_v2: job start subcommand=snapshot-panel dry_run=False resume=True
2026-02-23T23:11:50Z INFO bsky_collector_v2.job.snapshot_panel: panel loaded feeds=118 path=D:\BlueSky\data_v2_full\labelerexp\panel\panel_v1.csv
2026-02-23T23:11:50Z INFO bsky_collector_v2.job.snapshot_panel: snapshot start hour=2026-02-23T23:00:00Z modes=['auth'] workers=8 tasks=118
2026-02-23T23:12:35Z INFO bsky_collector_v2.job.snapshot_panel: snapshot done hour=2026-02-23T23:00:00Z done=111 failed=7
2026-02-24T00:11:52Z INFO bsky_collector_v2: out_base ok path=D:\BlueSky\data_v2_full\labelerexp mount=D:\
2026-02-24T00:11:52Z INFO bsky_collector_v2: job start subcommand=snapshot-panel dry_run=False resume=True
2026-02-24T00:11:53Z INFO bsky_collector_v2.job.snapshot_panel: panel loaded feeds=118 path=D:\BlueSky\data_v2_full\labelerexp\panel\panel_v1.csv
2026-02-24T00:11:53Z INFO bsky_collector_v2.job.snapshot_panel: snapshot start hour=2026-02-24T00:00:00Z modes=['auth'] workers=8 tasks=118
2026-02-24T00:12:30Z INFO bsky_collector_v2.job.snapshot_panel: snapshot done hour=2026-02-24T00:00:00Z done=113 failed=5
2026-02-24T01:11:56Z INFO bsky_collector_v2: out_base ok path=D:\BlueSky\data_v2_full\labelerexp mount=D:\
2026-02-24T01:11:56Z INFO bsky_collector_v2: job start subcommand=snapshot-panel dry_run=False resume=True
2026-02-24T01:11:56Z INFO bsky_collector_v2.job.snapshot_panel: panel loaded feeds=118 path=D:\BlueSky\data_v2_full\labelerexp\panel\panel_v1.csv
2026-02-24T01:11:57Z INFO bsky_collector_v2.job.snapshot_panel: snapshot start hour=2026-02-24T01:00:00Z modes=['auth'] workers=8 tasks=118
2026-02-24T01:12:33Z INFO bsky_collector_v2.job.snapshot_panel: snapshot done hour=2026-02-24T01:00:00Z done=111 failed=7
2026-02-24T02:11:59Z INFO bsky_collector_v2: out_base ok path=D:\BlueSky\data_v2_full\labelerexp mount=D:\
2026-02-24T02:11:59Z INFO bsky_collector_v2: job start subcommand=snapshot-panel dry_run=False resume=True
2026-02-24T02:11:59Z INFO bsky_collector_v2.job.snapshot_panel: panel loaded feeds=118 path=D:\BlueSky\data_v2_full\labelerexp\panel\panel_v1.csv
2026-02-24T02:12:00Z INFO bsky_collector_v2.job.snapshot_panel: snapshot start hour=2026-02-24T02:00:00Z modes=['auth'] workers=8 tasks=118
2026-02-24T02:12:36Z INFO bsky_collector_v2.job.snapshot_panel: snapshot done hour=2026-02-24T02:00:00Z done=110 failed=8
2026-02-24T03:12:02Z INFO bsky_collector_v2: out_base ok path=D:\BlueSky\data_v2_full\labelerexp mount=D:\
2026-02-24T03:12:02Z INFO bsky_collector_v2: job start subcommand=snapshot-panel dry_run=False resume=True
2026-02-24T03:12:02Z INFO bsky_collector_v2.job.snapshot_panel: panel loaded feeds=118 path=D:\BlueSky\data_v2_full\labelerexp\panel\panel_v1.csv
2026-02-24T03:12:03Z INFO bsky_collector_v2.job.snapshot_panel: snapshot start hour=2026-02-24T03:00:00Z modes=['auth'] workers=8 tasks=118
2026-02-24T03:12:41Z INFO bsky_collector_v2.job.snapshot_panel: snapshot done hour=2026-02-24T03:00:00Z done=112 failed=6
2026-02-24T04:12:05Z INFO bsky_collector_v2: out_base ok path=D:\BlueSky\data_v2_full\labelerexp mount=D:\
2026-02-24T04:12:05Z INFO bsky_collector_v2: job start subcommand=snapshot-panel dry_run=False resume=True
2026-02-24T04:12:05Z INFO bsky_collector_v2.job.snapshot_panel: panel loaded feeds=118 path=D:\BlueSky\data_v2_full\labelerexp\panel\panel_v1.csv
2026-02-24T04:12:06Z INFO bsky_collector_v2.job.snapshot_panel: snapshot start hour=2026-02-24T04:00:00Z modes=['auth'] workers=8 tasks=118
2026-02-24T04:12:38Z INFO bsky_collector_v2.job.snapshot_panel: snapshot done hour=2026-02-24T04:00:00Z done=113 failed=5
2026-02-24T05:02:08Z INFO bsky_collector_v2: out_base ok path=D:\BlueSky\data_v2_full\labelerexp mount=D:\
2026-02-24T05:02:08Z INFO bsky_collector_v2: job start subcommand=build-labelerexp-panel dry_run=False resume=True
2026-02-24T05:02:08Z INFO bsky_collector_v2.job.build_labelerexp_panel: labelerexp panel build source_out_base=D:\BlueSky\data_v2_full metadata_day=2026-02-23 captured_at_utc=2026-02-23T05:06:18Z feeds=118
2026-02-24T05:02:08Z INFO bsky_collector_v2.job.build_labelerexp_panel: labelerexp panel written active=D:\BlueSky\data_v2_full\labelerexp\panel\panel_v1.csv version=D:\BlueSky\data_v2_full\labelerexp\panel\panel_versions\panel_v1_2026-02-24.csv
2026-02-24T05:12:09Z INFO bsky_collector_v2: out_base ok path=D:\BlueSky\data_v2_full\labelerexp mount=D:\
2026-02-24T05:12:09Z INFO bsky_collector_v2: job start subcommand=snapshot-panel dry_run=False resume=True
2026-02-24T05:12:09Z INFO bsky_collector_v2.job.snapshot_panel: panel loaded feeds=118 path=D:\BlueSky\data_v2_full\labelerexp\panel\panel_v1.csv
2026-02-24T05:12:10Z INFO bsky_collector_v2.job.snapshot_panel: snapshot start hour=2026-02-24T05:00:00Z modes=['auth'] workers=8 tasks=118
2026-02-24T05:12:39Z INFO bsky_collector_v2.job.snapshot_panel: snapshot done hour=2026-02-24T05:00:00Z done=113 failed=5
2026-02-24T06:12:12Z INFO bsky_collector_v2: out_base ok path=D:\BlueSky\data_v2_full\labelerexp mount=D:\
2026-02-24T06:12:12Z INFO bsky_collector_v2: job start subcommand=snapshot-panel dry_run=False resume=True
2026-02-24T06:12:12Z INFO bsky_collector_v2.job.snapshot_panel: panel loaded feeds=118 path=D:\BlueSky\data_v2_full\labelerexp\panel\panel_v1.csv
2026-02-24T06:12:13Z INFO bsky_collector_v2.job.snapshot_panel: snapshot start hour=2026-02-24T06:00:00Z modes=['auth'] workers=8 tasks=118
2026-02-24T06:12:45Z INFO bsky_collector_v2.job.snapshot_panel: snapshot done hour=2026-02-24T06:00:00Z done=113 failed=5
2026-02-24T07:12:15Z INFO bsky_collector_v2: out_base ok path=D:\BlueSky\data_v2_full\labelerexp mount=D:\
2026-02-24T07:12:15Z INFO bsky_collector_v2: job start subcommand=snapshot-panel dry_run=False resume=True
2026-02-24T07:12:15Z INFO bsky_collector_v2.job.snapshot_panel: panel loaded feeds=118 path=D:\BlueSky\data_v2_full\labelerexp\panel\panel_v1.csv
2026-02-24T07:12:17Z INFO bsky_collector_v2.job.snapshot_panel: snapshot start hour=2026-02-24T07:00:00Z modes=['auth'] workers=8 tasks=118
2026-02-24T07:12:51Z INFO bsky_collector_v2.job.snapshot_panel: snapshot done hour=2026-02-24T07:00:00Z done=113 failed=5
2026-02-24T08:12:18Z INFO bsky_collector_v2: out_base ok path=D:\BlueSky\data_v2_full\labelerexp mount=D:\
2026-02-24T08:12:18Z INFO bsky_collector_v2: job start subcommand=snapshot-panel dry_run=False resume=True
2026-02-24T08:12:18Z INFO bsky_collector_v2.job.snapshot_panel: panel loaded feeds=118 path=D:\BlueSky\data_v2_full\labelerexp\panel\panel_v1.csv
2026-02-24T08:12:20Z INFO bsky_collector_v2.job.snapshot_panel: snapshot start hour=2026-02-24T08:00:00Z modes=['auth'] workers=8 tasks=118
2026-02-24T08:12:53Z INFO bsky_collector_v2.job.snapshot_panel: snapshot done hour=2026-02-24T08:00:00Z done=113 failed=5
2026-02-24T09:12:22Z INFO bsky_collector_v2: out_base ok path=D:\BlueSky\data_v2_full\labelerexp mount=D:\
2026-02-24T09:12:22Z INFO bsky_collector_v2: job start subcommand=snapshot-panel dry_run=False resume=True
2026-02-24T09:12:22Z INFO bsky_collector_v2.job.snapshot_panel: panel loaded feeds=118 path=D:\BlueSky\data_v2_full\labelerexp\panel\panel_v1.csv
2026-02-24T09:12:23Z INFO bsky_collector_v2.job.snapshot_panel: snapshot start hour=2026-02-24T09:00:00Z modes=['auth'] workers=8 tasks=118
2026-02-24T09:12:54Z INFO bsky_collector_v2.job.snapshot_panel: snapshot done hour=2026-02-24T09:00:00Z done=114 failed=4
2026-02-24T10:12:25Z INFO bsky_collector_v2: out_base ok path=D:\BlueSky\data_v2_full\labelerexp mount=D:\
2026-02-24T10:12:25Z INFO bsky_collector_v2: job start subcommand=snapshot-panel dry_run=False resume=True
2026-02-24T10:12:25Z INFO bsky_collector_v2.job.snapshot_panel: panel loaded feeds=118 path=D:\BlueSky\data_v2_full\labelerexp\panel\panel_v1.csv
2026-02-24T10:12:26Z INFO bsky_collector_v2.job.snapshot_panel: snapshot start hour=2026-02-24T10:00:00Z modes=['auth'] workers=8 tasks=118
2026-02-24T10:12:57Z INFO bsky_collector_v2.job.snapshot_panel: snapshot done hour=2026-02-24T10:00:00Z done=113 failed=5
2026-02-24T11:02:28Z INFO bsky_collector_v2: out_base ok path=D:\BlueSky\data_v2_full\labelerexp mount=D:\
2026-02-24T11:02:28Z INFO bsky_collector_v2: job start subcommand=build-labelerexp-panel dry_run=False resume=True
2026-02-24T11:02:28Z INFO bsky_collector_v2.job.build_labelerexp_panel: labelerexp panel build source_out_base=D:\BlueSky\data_v2_full metadata_day=2026-02-24 captured_at_utc=2026-02-24T05:06:29Z feeds=117
2026-02-24T11:02:28Z INFO bsky_collector_v2.job.build_labelerexp_panel: labelerexp panel written active=D:\BlueSky\data_v2_full\labelerexp\panel\panel_v1.csv version=D:\BlueSky\data_v2_full\labelerexp\panel\panel_versions\panel_v1_2026-02-24.csv
2026-02-24T11:12:29Z INFO bsky_collector_v2: out_base ok path=D:\BlueSky\data_v2_full\labelerexp mount=D:\
2026-02-24T11:12:29Z INFO bsky_collector_v2: job start subcommand=snapshot-panel dry_run=False resume=True
2026-02-24T11:12:29Z INFO bsky_collector_v2.job.snapshot_panel: panel loaded feeds=117 path=D:\BlueSky\data_v2_full\labelerexp\panel\panel_v1.csv
2026-02-24T11:12:30Z INFO bsky_collector_v2.job.snapshot_panel: snapshot start hour=2026-02-24T11:00:00Z modes=['auth'] workers=8 tasks=117
2026-02-24T11:13:01Z INFO bsky_collector_v2.job.snapshot_panel: snapshot done hour=2026-02-24T11:00:00Z done=113 failed=4
2026-02-24T12:12:32Z INFO bsky_collector_v2: out_base ok path=D:\BlueSky\data_v2_full\labelerexp mount=D:\
2026-02-24T12:12:32Z INFO bsky_collector_v2: job start subcommand=snapshot-panel dry_run=False resume=True
2026-02-24T12:12:32Z INFO bsky_collector_v2.job.snapshot_panel: panel loaded feeds=117 path=D:\BlueSky\data_v2_full\labelerexp\panel\panel_v1.csv
2026-02-24T12:12:33Z INFO bsky_collector_v2.job.snapshot_panel: snapshot start hour=2026-02-24T12:00:00Z modes=['auth'] workers=8 tasks=117
2026-02-24T12:13:09Z INFO bsky_collector_v2.job.snapshot_panel: snapshot done hour=2026-02-24T12:00:00Z done=114 failed=3
2026-02-24T13:12:35Z INFO bsky_collector_v2: out_base ok path=D:\BlueSky\data_v2_full\labelerexp mount=D:\
2026-02-24T13:12:35Z INFO bsky_collector_v2: job start subcommand=snapshot-panel dry_run=False resume=True
2026-02-24T13:12:35Z INFO bsky_collector_v2.job.snapshot_panel: panel loaded feeds=117 path=D:\BlueSky\data_v2_full\labelerexp\panel\panel_v1.csv
2026-02-24T13:12:37Z INFO bsky_collector_v2.job.snapshot_panel: snapshot start hour=2026-02-24T13:00:00Z modes=['auth'] workers=8 tasks=117
2026-02-24T13:13:07Z INFO bsky_collector_v2.job.snapshot_panel: snapshot done hour=2026-02-24T13:00:00Z done=113 failed=4
2026-02-24T14:12:38Z INFO bsky_collector_v2: out_base ok path=D:\BlueSky\data_v2_full\labelerexp mount=D:\
2026-02-24T14:12:38Z INFO bsky_collector_v2: job start subcommand=snapshot-panel dry_run=False resume=True
2026-02-24T14:12:38Z INFO bsky_collector_v2.job.snapshot_panel: panel loaded feeds=117 path=D:\BlueSky\data_v2_full\labelerexp\panel\panel_v1.csv
2026-02-24T14:12:39Z INFO bsky_collector_v2.job.snapshot_panel: snapshot start hour=2026-02-24T14:00:00Z modes=['auth'] workers=8 tasks=117
2026-02-24T14:13:08Z INFO bsky_collector_v2.job.snapshot_panel: snapshot done hour=2026-02-24T14:00:00Z done=114 failed=3
2026-02-24T15:12:41Z INFO bsky_collector_v2: out_base ok path=D:\BlueSky\data_v2_full\labelerexp mount=D:\
2026-02-24T15:12:41Z INFO bsky_collector_v2: job start subcommand=snapshot-panel dry_run=False resume=True
2026-02-24T15:12:41Z INFO bsky_collector_v2.job.snapshot_panel: panel loaded feeds=117 path=D:\BlueSky\data_v2_full\labelerexp\panel\panel_v1.csv
2026-02-24T15:12:42Z INFO bsky_collector_v2.job.snapshot_panel: snapshot start hour=2026-02-24T15:00:00Z modes=['auth'] workers=8 tasks=117
2026-02-24T15:13:12Z INFO bsky_collector_v2.job.snapshot_panel: snapshot done hour=2026-02-24T15:00:00Z done=114 failed=3
2026-02-24T16:12:44Z INFO bsky_collector_v2: out_base ok path=D:\BlueSky\data_v2_full\labelerexp mount=D:\
2026-02-24T16:12:44Z INFO bsky_collector_v2: job start subcommand=snapshot-panel dry_run=False resume=True
2026-02-24T16:12:44Z INFO bsky_collector_v2.job.snapshot_panel: panel loaded feeds=117 path=D:\BlueSky\data_v2_full\labelerexp\panel\panel_v1.csv
2026-02-24T16:12:53Z INFO bsky_collector_v2.job.snapshot_panel: snapshot start hour=2026-02-24T16:00:00Z modes=['auth'] workers=8 tasks=117
2026-02-24T16:13:25Z INFO bsky_collector_v2.job.snapshot_panel: snapshot done hour=2026-02-24T16:00:00Z done=114 failed=3
2026-02-24T17:02:47Z INFO bsky_collector_v2: out_base ok path=D:\BlueSky\data_v2_full\labelerexp mount=D:\
2026-02-24T17:02:47Z INFO bsky_collector_v2: job start subcommand=build-labelerexp-panel dry_run=False resume=True
2026-02-24T17:02:47Z INFO bsky_collector_v2.job.build_labelerexp_panel: labelerexp panel build source_out_base=D:\BlueSky\data_v2_full metadata_day=2026-02-24 captured_at_utc=2026-02-24T05:06:29Z feeds=117
2026-02-24T17:02:47Z INFO bsky_collector_v2.job.build_labelerexp_panel: labelerexp panel written active=D:\BlueSky\data_v2_full\labelerexp\panel\panel_v1.csv version=D:\BlueSky\data_v2_full\labelerexp\panel\panel_versions\panel_v1_2026-02-24.csv
2026-02-24T17:12:48Z INFO bsky_collector_v2: out_base ok path=D:\BlueSky\data_v2_full\labelerexp mount=D:\
2026-02-24T17:12:48Z INFO bsky_collector_v2: job start subcommand=snapshot-panel dry_run=False resume=True
2026-02-24T17:12:48Z INFO bsky_collector_v2.job.snapshot_panel: panel loaded feeds=117 path=D:\BlueSky\data_v2_full\labelerexp\panel\panel_v1.csv
2026-02-24T17:12:49Z INFO bsky_collector_v2.job.snapshot_panel: snapshot start hour=2026-02-24T17:00:00Z modes=['auth'] workers=8 tasks=117
2026-02-24T17:13:26Z INFO bsky_collector_v2.job.snapshot_panel: snapshot done hour=2026-02-24T17:00:00Z done=111 failed=6
2026-02-24T18:12:51Z INFO bsky_collector_v2: out_base ok path=D:\BlueSky\data_v2_full\labelerexp mount=D:\
2026-02-24T18:12:51Z INFO bsky_collector_v2: job start subcommand=snapshot-panel dry_run=False resume=True
2026-02-24T18:12:51Z INFO bsky_collector_v2.job.snapshot_panel: panel loaded feeds=117 path=D:\BlueSky\data_v2_full\labelerexp\panel\panel_v1.csv
2026-02-24T18:12:57Z INFO bsky_collector_v2.job.snapshot_panel: snapshot start hour=2026-02-24T18:00:00Z modes=['auth'] workers=8 tasks=117
2026-02-24T18:13:34Z INFO bsky_collector_v2.job.snapshot_panel: snapshot done hour=2026-02-24T18:00:00Z done=109 failed=8
2026-02-24T19:12:54Z INFO bsky_collector_v2: out_base ok path=D:\BlueSky\data_v2_full\labelerexp mount=D:\
2026-02-24T19:12:54Z INFO bsky_collector_v2: job start subcommand=snapshot-panel dry_run=False resume=True
2026-02-24T19:12:54Z INFO bsky_collector_v2.job.snapshot_panel: panel loaded feeds=117 path=D:\BlueSky\data_v2_full\labelerexp\panel\panel_v1.csv
2026-02-24T19:12:55Z INFO bsky_collector_v2.job.snapshot_panel: snapshot start hour=2026-02-24T19:00:00Z modes=['auth'] workers=8 tasks=117
2026-02-24T19:13:25Z INFO bsky_collector_v2.job.snapshot_panel: snapshot done hour=2026-02-24T19:00:00Z done=112 failed=5
2026-02-24T20:12:58Z INFO bsky_collector_v2: out_base ok path=D:\BlueSky\data_v2_full\labelerexp mount=D:\
2026-02-24T20:12:58Z INFO bsky_collector_v2: job start subcommand=snapshot-panel dry_run=False resume=True
2026-02-24T20:12:58Z INFO bsky_collector_v2.job.snapshot_panel: panel loaded feeds=117 path=D:\BlueSky\data_v2_full\labelerexp\panel\panel_v1.csv
2026-02-24T20:13:03Z INFO bsky_collector_v2.job.snapshot_panel: snapshot start hour=2026-02-24T20:00:00Z modes=['auth'] workers=8 tasks=117
2026-02-24T20:13:32Z INFO bsky_collector_v2.job.snapshot_panel: snapshot done hour=2026-02-24T20:00:00Z done=114 failed=3
2026-02-24T21:13:01Z INFO bsky_collector_v2: out_base ok path=D:\BlueSky\data_v2_full\labelerexp mount=D:\
2026-02-24T21:13:01Z INFO bsky_collector_v2: job start subcommand=snapshot-panel dry_run=False resume=True
2026-02-24T21:13:01Z INFO bsky_collector_v2.job.snapshot_panel: panel loaded feeds=117 path=D:\BlueSky\data_v2_full\labelerexp\panel\panel_v1.csv
2026-02-24T21:13:06Z INFO bsky_collector_v2.job.snapshot_panel: snapshot start hour=2026-02-24T21:00:00Z modes=['auth'] workers=8 tasks=117
2026-02-24T21:13:35Z INFO bsky_collector_v2.job.snapshot_panel: snapshot done hour=2026-02-24T21:00:00Z done=113 failed=4
2026-02-24T22:13:04Z INFO bsky_collector_v2: out_base ok path=D:\BlueSky\data_v2_full\labelerexp mount=D:\
2026-02-24T22:13:04Z INFO bsky_collector_v2: job start subcommand=snapshot-panel dry_run=False resume=True
2026-02-24T22:13:04Z INFO bsky_collector_v2.job.snapshot_panel: panel loaded feeds=117 path=D:\BlueSky\data_v2_full\labelerexp\panel\panel_v1.csv
2026-02-24T22:13:05Z INFO bsky_collector_v2.job.snapshot_panel: snapshot start hour=2026-02-24T22:00:00Z modes=['auth'] workers=8 tasks=117
2026-02-24T22:13:34Z INFO bsky_collector_v2.job.snapshot_panel: snapshot done hour=2026-02-24T22:00:00Z done=113 failed=4
2026-02-24T23:03:07Z INFO bsky_collector_v2: out_base ok path=D:\BlueSky\data_v2_full\labelerexp mount=D:\
2026-02-24T23:03:07Z INFO bsky_collector_v2: job start subcommand=build-labelerexp-panel dry_run=False resume=True
2026-02-24T23:03:07Z INFO bsky_collector_v2.job.build_labelerexp_panel: labelerexp panel build source_out_base=D:\BlueSky\data_v2_full metadata_day=2026-02-24 captured_at_utc=2026-02-24T05:06:29Z feeds=117
2026-02-24T23:03:07Z INFO bsky_collector_v2.job.build_labelerexp_panel: labelerexp panel written active=D:\BlueSky\data_v2_full\labelerexp\panel\panel_v1.csv version=D:\BlueSky\data_v2_full\labelerexp\panel\panel_versions\panel_v1_2026-02-24.csv
2026-02-24T23:13:09Z INFO bsky_collector_v2: out_base ok path=D:\BlueSky\data_v2_full\labelerexp mount=D:\
2026-02-24T23:13:09Z INFO bsky_collector_v2: job start subcommand=snapshot-panel dry_run=False resume=True
2026-02-24T23:13:09Z INFO bsky_collector_v2.job.snapshot_panel: panel loaded feeds=117 path=D:\BlueSky\data_v2_full\labelerexp\panel\panel_v1.csv
2026-02-24T23:13:10Z INFO bsky_collector_v2.job.snapshot_panel: snapshot start hour=2026-02-24T23:00:00Z modes=['auth'] workers=8 tasks=117
2026-02-24T23:13:39Z INFO bsky_collector_v2.job.snapshot_panel: snapshot done hour=2026-02-24T23:00:00Z done=114 failed=3
2026-02-25T00:13:12Z INFO bsky_collector_v2: out_base ok path=D:\BlueSky\data_v2_full\labelerexp mount=D:\
2026-02-25T00:13:12Z INFO bsky_collector_v2: job start subcommand=snapshot-panel dry_run=False resume=True
2026-02-25T00:13:12Z INFO bsky_collector_v2.job.snapshot_panel: panel loaded feeds=117 path=D:\BlueSky\data_v2_full\labelerexp\panel\panel_v1.csv
2026-02-25T00:13:13Z INFO bsky_collector_v2.job.snapshot_panel: snapshot start hour=2026-02-25T00:00:00Z modes=['auth'] workers=8 tasks=117
2026-02-25T00:13:42Z INFO bsky_collector_v2.job.snapshot_panel: snapshot done hour=2026-02-25T00:00:00Z done=112 failed=5
2026-02-25T01:13:15Z INFO bsky_collector_v2: out_base ok path=D:\BlueSky\data_v2_full\labelerexp mount=D:\
2026-02-25T01:13:15Z INFO bsky_collector_v2: job start subcommand=snapshot-panel dry_run=False resume=True
2026-02-25T01:13:15Z INFO bsky_collector_v2.job.snapshot_panel: panel loaded feeds=117 path=D:\BlueSky\data_v2_full\labelerexp\panel\panel_v1.csv
2026-02-25T01:13:16Z INFO bsky_collector_v2.job.snapshot_panel: snapshot start hour=2026-02-25T01:00:00Z modes=['auth'] workers=8 tasks=117
2026-02-25T01:13:53Z INFO bsky_collector_v2.job.snapshot_panel: snapshot done hour=2026-02-25T01:00:00Z done=113 failed=4
2026-02-25T02:13:18Z INFO bsky_collector_v2: out_base ok path=D:\BlueSky\data_v2_full\labelerexp mount=D:\
2026-02-25T02:13:18Z INFO bsky_collector_v2: job start subcommand=snapshot-panel dry_run=False resume=True
2026-02-25T02:13:18Z INFO bsky_collector_v2.job.snapshot_panel: panel loaded feeds=117 path=D:\BlueSky\data_v2_full\labelerexp\panel\panel_v1.csv
2026-02-25T02:13:34Z INFO bsky_collector_v2.job.snapshot_panel: snapshot start hour=2026-02-25T02:00:00Z modes=['auth'] workers=8 tasks=117
2026-02-25T02:14:02Z INFO bsky_collector_v2.job.snapshot_panel: snapshot done hour=2026-02-25T02:00:00Z done=113 failed=4
2026-02-25T03:13:21Z INFO bsky_collector_v2: out_base ok path=D:\BlueSky\data_v2_full\labelerexp mount=D:\
2026-02-25T03:13:21Z INFO bsky_collector_v2: job start subcommand=snapshot-panel dry_run=False resume=True
2026-02-25T03:13:21Z INFO bsky_collector_v2.job.snapshot_panel: panel loaded feeds=117 path=D:\BlueSky\data_v2_full\labelerexp\panel\panel_v1.csv
2026-02-25T03:13:23Z INFO bsky_collector_v2.job.snapshot_panel: snapshot start hour=2026-02-25T03:00:00Z modes=['auth'] workers=8 tasks=117
2026-02-25T03:14:02Z INFO bsky_collector_v2.job.snapshot_panel: snapshot done hour=2026-02-25T03:00:00Z done=112 failed=5
2026-02-25T04:13:24Z INFO bsky_collector_v2: out_base ok path=D:\BlueSky\data_v2_full\labelerexp mount=D:\
2026-02-25T04:13:24Z INFO bsky_collector_v2: job start subcommand=snapshot-panel dry_run=False resume=True
2026-02-25T04:13:24Z INFO bsky_collector_v2.job.snapshot_panel: panel loaded feeds=117 path=D:\BlueSky\data_v2_full\labelerexp\panel\panel_v1.csv
2026-02-25T04:13:30Z INFO bsky_collector_v2.job.snapshot_panel: snapshot start hour=2026-02-25T04:00:00Z modes=['auth'] workers=8 tasks=117
2026-02-25T04:14:05Z INFO bsky_collector_v2.job.snapshot_panel: snapshot done hour=2026-02-25T04:00:00Z done=114 failed=3
2026-02-25T05:03:26Z INFO bsky_collector_v2: out_base ok path=D:\BlueSky\data_v2_full\labelerexp mount=D:\
2026-02-25T05:03:26Z INFO bsky_collector_v2: job start subcommand=build-labelerexp-panel dry_run=False resume=True
2026-02-25T05:03:26Z INFO bsky_collector_v2.job.build_labelerexp_panel: labelerexp panel build source_out_base=D:\BlueSky\data_v2_full metadata_day=2026-02-24 captured_at_utc=2026-02-24T05:06:29Z feeds=117
2026-02-25T05:03:26Z INFO bsky_collector_v2.job.build_labelerexp_panel: labelerexp panel written active=D:\BlueSky\data_v2_full\labelerexp\panel\panel_v1.csv version=D:\BlueSky\data_v2_full\labelerexp\panel\panel_versions\panel_v1_2026-02-25.csv
2026-02-25T05:13:28Z INFO bsky_collector_v2: out_base ok path=D:\BlueSky\data_v2_full\labelerexp mount=D:\
2026-02-25T05:13:28Z INFO bsky_collector_v2: job start subcommand=snapshot-panel dry_run=False resume=True
2026-02-25T05:13:28Z INFO bsky_collector_v2.job.snapshot_panel: panel loaded feeds=117 path=D:\BlueSky\data_v2_full\labelerexp\panel\panel_v1.csv
2026-02-25T05:13:37Z INFO bsky_collector_v2.job.snapshot_panel: snapshot start hour=2026-02-25T05:00:00Z modes=['auth'] workers=8 tasks=117
2026-02-25T05:14:09Z INFO bsky_collector_v2.job.snapshot_panel: snapshot done hour=2026-02-25T05:00:00Z done=113 failed=4
2026-02-25T06:13:31Z INFO bsky_collector_v2: out_base ok path=D:\BlueSky\data_v2_full\labelerexp mount=D:\
2026-02-25T06:13:31Z INFO bsky_collector_v2: job start subcommand=snapshot-panel dry_run=False resume=True
2026-02-25T06:13:31Z INFO bsky_collector_v2.job.snapshot_panel: panel loaded feeds=117 path=D:\BlueSky\data_v2_full\labelerexp\panel\panel_v1.csv
2026-02-25T06:13:34Z INFO bsky_collector_v2.job.snapshot_panel: snapshot start hour=2026-02-25T06:00:00Z modes=['auth'] workers=8 tasks=117
2026-02-25T06:14:05Z INFO bsky_collector_v2.job.snapshot_panel: snapshot done hour=2026-02-25T06:00:00Z done=114 failed=3
2026-02-25T07:13:34Z INFO bsky_collector_v2: out_base ok path=D:\BlueSky\data_v2_full\labelerexp mount=D:\
2026-02-25T07:13:34Z INFO bsky_collector_v2: job start subcommand=snapshot-panel dry_run=False resume=True
2026-02-25T07:13:35Z INFO bsky_collector_v2.job.snapshot_panel: panel loaded feeds=117 path=D:\BlueSky\data_v2_full\labelerexp\panel\panel_v1.csv
2026-02-25T07:13:40Z INFO bsky_collector_v2.job.snapshot_panel: snapshot start hour=2026-02-25T07:00:00Z modes=['auth'] workers=8 tasks=117
2026-02-25T07:14:11Z INFO bsky_collector_v2.job.snapshot_panel: snapshot done hour=2026-02-25T07:00:00Z done=114 failed=3
2026-02-25T08:13:41Z INFO bsky_collector_v2: out_base ok path=D:\BlueSky\data_v2_full\labelerexp mount=D:\
2026-02-25T08:13:41Z INFO bsky_collector_v2: job start subcommand=snapshot-panel dry_run=False resume=True
2026-02-25T08:13:41Z INFO bsky_collector_v2.job.snapshot_panel: panel loaded feeds=117 path=D:\BlueSky\data_v2_full\labelerexp\panel\panel_v1.csv
2026-02-25T08:13:46Z INFO bsky_collector_v2.job.snapshot_panel: snapshot start hour=2026-02-25T08:00:00Z modes=['auth'] workers=8 tasks=117
2026-02-25T08:14:17Z INFO bsky_collector_v2.job.snapshot_panel: snapshot done hour=2026-02-25T08:00:00Z done=114 failed=3
2026-02-25T09:13:45Z INFO bsky_collector_v2: out_base ok path=D:\BlueSky\data_v2_full\labelerexp mount=D:\
2026-02-25T09:13:45Z INFO bsky_collector_v2: job start subcommand=snapshot-panel dry_run=False resume=True
2026-02-25T09:13:45Z INFO bsky_collector_v2.job.snapshot_panel: panel loaded feeds=117 path=D:\BlueSky\data_v2_full\labelerexp\panel\panel_v1.csv
2026-02-25T09:13:46Z INFO bsky_collector_v2.job.snapshot_panel: snapshot start hour=2026-02-25T09:00:00Z modes=['auth'] workers=8 tasks=117
2026-02-25T09:14:15Z INFO bsky_collector_v2.job.snapshot_panel: snapshot done hour=2026-02-25T09:00:00Z done=113 failed=4
2026-02-25T10:13:48Z INFO bsky_collector_v2: out_base ok path=D:\BlueSky\data_v2_full\labelerexp mount=D:\
2026-02-25T10:13:48Z INFO bsky_collector_v2: job start subcommand=snapshot-panel dry_run=False resume=True
2026-02-25T10:13:48Z INFO bsky_collector_v2.job.snapshot_panel: panel loaded feeds=117 path=D:\BlueSky\data_v2_full\labelerexp\panel\panel_v1.csv
2026-02-25T10:13:48Z INFO bsky_collector_v2.job.snapshot_panel: snapshot start hour=2026-02-25T10:00:00Z modes=['auth'] workers=8 tasks=117
2026-02-25T10:14:19Z INFO bsky_collector_v2.job.snapshot_panel: snapshot done hour=2026-02-25T10:00:00Z done=114 failed=3
2026-02-25T11:03:50Z INFO bsky_collector_v2: out_base ok path=D:\BlueSky\data_v2_full\labelerexp mount=D:\
2026-02-25T11:03:50Z INFO bsky_collector_v2: job start subcommand=build-labelerexp-panel dry_run=False resume=True
2026-02-25T11:03:50Z INFO bsky_collector_v2.job.build_labelerexp_panel: labelerexp panel build source_out_base=D:\BlueSky\data_v2_full metadata_day=2026-02-25 captured_at_utc=2026-02-25T05:06:53Z feeds=117
2026-02-25T11:03:50Z INFO bsky_collector_v2.job.build_labelerexp_panel: labelerexp panel written active=D:\BlueSky\data_v2_full\labelerexp\panel\panel_v1.csv version=D:\BlueSky\data_v2_full\labelerexp\panel\panel_versions\panel_v1_2026-02-25.csv
2026-02-25T11:13:52Z INFO bsky_collector_v2: out_base ok path=D:\BlueSky\data_v2_full\labelerexp mount=D:\
2026-02-25T11:13:52Z INFO bsky_collector_v2: job start subcommand=snapshot-panel dry_run=False resume=True
2026-02-25T11:13:52Z INFO bsky_collector_v2.job.snapshot_panel: panel loaded feeds=117 path=D:\BlueSky\data_v2_full\labelerexp\panel\panel_v1.csv
2026-02-25T11:13:54Z INFO bsky_collector_v2.job.snapshot_panel: snapshot start hour=2026-02-25T11:00:00Z modes=['auth'] workers=8 tasks=117
2026-02-25T11:14:25Z INFO bsky_collector_v2.job.snapshot_panel: snapshot done hour=2026-02-25T11:00:00Z done=114 failed=3
2026-02-25T12:13:55Z INFO bsky_collector_v2: out_base ok path=D:\BlueSky\data_v2_full\labelerexp mount=D:\
2026-02-25T12:13:55Z INFO bsky_collector_v2: job start subcommand=snapshot-panel dry_run=False resume=True
2026-02-25T12:13:55Z INFO bsky_collector_v2.job.snapshot_panel: panel loaded feeds=117 path=D:\BlueSky\data_v2_full\labelerexp\panel\panel_v1.csv
2026-02-25T12:13:56Z INFO bsky_collector_v2.job.snapshot_panel: snapshot start hour=2026-02-25T12:00:00Z modes=['auth'] workers=8 tasks=117
2026-02-25T12:14:26Z INFO bsky_collector_v2.job.snapshot_panel: snapshot done hour=2026-02-25T12:00:00Z done=114 failed=3
2026-02-25T13:13:59Z INFO bsky_collector_v2: out_base ok path=D:\BlueSky\data_v2_full\labelerexp mount=D:\
2026-02-25T13:13:59Z INFO bsky_collector_v2: job start subcommand=snapshot-panel dry_run=False resume=True
2026-02-25T13:13:59Z INFO bsky_collector_v2.job.snapshot_panel: panel loaded feeds=117 path=D:\BlueSky\data_v2_full\labelerexp\panel\panel_v1.csv
2026-02-25T13:13:59Z INFO bsky_collector_v2.job.snapshot_panel: snapshot start hour=2026-02-25T13:00:00Z modes=['auth'] workers=8 tasks=117
2026-02-25T13:14:30Z INFO bsky_collector_v2.job.snapshot_panel: snapshot done hour=2026-02-25T13:00:00Z done=114 failed=3
2026-02-25T14:14:02Z INFO bsky_collector_v2: out_base ok path=D:\BlueSky\data_v2_full\labelerexp mount=D:\
2026-02-25T14:14:02Z INFO bsky_collector_v2: job start subcommand=snapshot-panel dry_run=False resume=True
2026-02-25T14:14:02Z INFO bsky_collector_v2.job.snapshot_panel: panel loaded feeds=117 path=D:\BlueSky\data_v2_full\labelerexp\panel\panel_v1.csv
2026-02-25T14:14:03Z INFO bsky_collector_v2.job.snapshot_panel: snapshot start hour=2026-02-25T14:00:00Z modes=['auth'] workers=8 tasks=117
2026-02-25T14:14:33Z INFO bsky_collector_v2.job.snapshot_panel: snapshot done hour=2026-02-25T14:00:00Z done=114 failed=3
2026-02-25T15:14:05Z INFO bsky_collector_v2: out_base ok path=D:\BlueSky\data_v2_full\labelerexp mount=D:\
2026-02-25T15:14:05Z INFO bsky_collector_v2: job start subcommand=snapshot-panel dry_run=False resume=True
2026-02-25T15:14:05Z INFO bsky_collector_v2.job.snapshot_panel: panel loaded feeds=117 path=D:\BlueSky\data_v2_full\labelerexp\panel\panel_v1.csv
2026-02-25T15:14:09Z INFO bsky_collector_v2.job.snapshot_panel: snapshot start hour=2026-02-25T15:00:00Z modes=['auth'] workers=8 tasks=117
2026-02-25T15:14:39Z INFO bsky_collector_v2.job.snapshot_panel: snapshot done hour=2026-02-25T15:00:00Z done=113 failed=4
2026-02-25T16:14:12Z INFO bsky_collector_v2: out_base ok path=D:\BlueSky\data_v2_full\labelerexp mount=D:\
2026-02-25T16:14:12Z INFO bsky_collector_v2: job start subcommand=snapshot-panel dry_run=False resume=True
2026-02-25T16:14:12Z INFO bsky_collector_v2.job.snapshot_panel: panel loaded feeds=117 path=D:\BlueSky\data_v2_full\labelerexp\panel\panel_v1.csv
2026-02-25T16:14:15Z INFO bsky_collector_v2.job.snapshot_panel: snapshot start hour=2026-02-25T16:00:00Z modes=['auth'] workers=8 tasks=117
2026-02-25T16:14:43Z INFO bsky_collector_v2.job.snapshot_panel: snapshot done hour=2026-02-25T16:00:00Z done=114 failed=3
2026-02-25T17:04:14Z INFO bsky_collector_v2: out_base ok path=D:\BlueSky\data_v2_full\labelerexp mount=D:\
2026-02-25T17:04:14Z INFO bsky_collector_v2: job start subcommand=build-labelerexp-panel dry_run=False resume=True
2026-02-25T17:04:14Z INFO bsky_collector_v2.job.build_labelerexp_panel: labelerexp panel build source_out_base=D:\BlueSky\data_v2_full metadata_day=2026-02-25 captured_at_utc=2026-02-25T05:06:53Z feeds=117
2026-02-25T17:04:14Z INFO bsky_collector_v2.job.build_labelerexp_panel: labelerexp panel written active=D:\BlueSky\data_v2_full\labelerexp\panel\panel_v1.csv version=D:\BlueSky\data_v2_full\labelerexp\panel\panel_versions\panel_v1_2026-02-25.csv
2026-02-25T17:14:15Z INFO bsky_collector_v2: out_base ok path=D:\BlueSky\data_v2_full\labelerexp mount=D:\
2026-02-25T17:14:15Z INFO bsky_collector_v2: job start subcommand=snapshot-panel dry_run=False resume=True
2026-02-25T17:14:16Z INFO bsky_collector_v2.job.snapshot_panel: panel loaded feeds=117 path=D:\BlueSky\data_v2_full\labelerexp\panel\panel_v1.csv
2026-02-25T17:14:19Z INFO bsky_collector_v2.job.snapshot_panel: snapshot start hour=2026-02-25T17:00:00Z modes=['auth'] workers=8 tasks=117
2026-02-25T17:14:48Z INFO bsky_collector_v2.job.snapshot_panel: snapshot done hour=2026-02-25T17:00:00Z done=114 failed=3
2026-02-25T18:14:18Z INFO bsky_collector_v2: out_base ok path=D:\BlueSky\data_v2_full\labelerexp mount=D:\
2026-02-25T18:14:18Z INFO bsky_collector_v2: job start subcommand=snapshot-panel dry_run=False resume=True
2026-02-25T18:14:18Z INFO bsky_collector_v2.job.snapshot_panel: panel loaded feeds=117 path=D:\BlueSky\data_v2_full\labelerexp\panel\panel_v1.csv
2026-02-25T18:14:23Z INFO bsky_collector_v2.job.snapshot_panel: snapshot start hour=2026-02-25T18:00:00Z modes=['auth'] workers=8 tasks=117
2026-02-25T18:14:55Z INFO bsky_collector_v2.job.snapshot_panel: snapshot done hour=2026-02-25T18:00:00Z done=113 failed=4
2026-02-25T19:14:25Z INFO bsky_collector_v2: out_base ok path=D:\BlueSky\data_v2_full\labelerexp mount=D:\
2026-02-25T19:14:25Z INFO bsky_collector_v2: job start subcommand=snapshot-panel dry_run=False resume=True
2026-02-25T19:14:25Z INFO bsky_collector_v2.job.snapshot_panel: panel loaded feeds=117 path=D:\BlueSky\data_v2_full\labelerexp\panel\panel_v1.csv
2026-02-25T19:14:41Z INFO bsky_collector_v2.job.snapshot_panel: snapshot start hour=2026-02-25T19:00:00Z modes=['auth'] workers=8 tasks=117
2026-02-25T19:15:18Z INFO bsky_collector_v2.job.snapshot_panel: snapshot done hour=2026-02-25T19:00:00Z done=112 failed=5
2026-02-25T20:14:28Z INFO bsky_collector_v2: out_base ok path=D:\BlueSky\data_v2_full\labelerexp mount=D:\
2026-02-25T20:14:28Z INFO bsky_collector_v2: job start subcommand=snapshot-panel dry_run=False resume=True
2026-02-25T20:14:28Z INFO bsky_collector_v2.job.snapshot_panel: panel loaded feeds=117 path=D:\BlueSky\data_v2_full\labelerexp\panel\panel_v1.csv
2026-02-25T20:14:29Z INFO bsky_collector_v2.job.snapshot_panel: snapshot start hour=2026-02-25T20:00:00Z modes=['auth'] workers=8 tasks=117
2026-02-25T20:15:06Z INFO bsky_collector_v2.job.snapshot_panel: snapshot done hour=2026-02-25T20:00:00Z done=110 failed=7
2026-02-25T21:14:31Z INFO bsky_collector_v2: out_base ok path=D:\BlueSky\data_v2_full\labelerexp mount=D:\
2026-02-25T21:14:31Z INFO bsky_collector_v2: job start subcommand=snapshot-panel dry_run=False resume=True
2026-02-25T21:14:31Z INFO bsky_collector_v2.job.snapshot_panel: panel loaded feeds=117 path=D:\BlueSky\data_v2_full\labelerexp\panel\panel_v1.csv
2026-02-25T21:14:42Z INFO bsky_collector_v2.job.snapshot_panel: snapshot start hour=2026-02-25T21:00:00Z modes=['auth'] workers=8 tasks=117
2026-02-25T21:15:14Z INFO bsky_collector_v2.job.snapshot_panel: snapshot done hour=2026-02-25T21:00:00Z done=111 failed=6
2026-02-25T22:14:34Z INFO bsky_collector_v2: out_base ok path=D:\BlueSky\data_v2_full\labelerexp mount=D:\
2026-02-25T22:14:34Z INFO bsky_collector_v2: job start subcommand=snapshot-panel dry_run=False resume=True
2026-02-25T22:14:34Z INFO bsky_collector_v2.job.snapshot_panel: panel loaded feeds=117 path=D:\BlueSky\data_v2_full\labelerexp\panel\panel_v1.csv
2026-02-25T22:14:35Z INFO bsky_collector_v2.job.snapshot_panel: snapshot start hour=2026-02-25T22:00:00Z modes=['auth'] workers=8 tasks=117
2026-02-25T22:15:03Z INFO bsky_collector_v2.job.snapshot_panel: snapshot done hour=2026-02-25T22:00:00Z done=114 failed=3
2026-02-25T23:04:37Z INFO bsky_collector_v2: out_base ok path=D:\BlueSky\data_v2_full\labelerexp mount=D:\
2026-02-25T23:04:37Z INFO bsky_collector_v2: job start subcommand=build-labelerexp-panel dry_run=False resume=True
2026-02-25T23:04:37Z INFO bsky_collector_v2.job.build_labelerexp_panel: labelerexp panel build source_out_base=D:\BlueSky\data_v2_full metadata_day=2026-02-25 captured_at_utc=2026-02-25T05:06:53Z feeds=117
2026-02-25T23:04:37Z INFO bsky_collector_v2.job.build_labelerexp_panel: labelerexp panel written active=D:\BlueSky\data_v2_full\labelerexp\panel\panel_v1.csv version=D:\BlueSky\data_v2_full\labelerexp\panel\panel_versions\panel_v1_2026-02-25.csv
2026-02-25T23:14:39Z INFO bsky_collector_v2: out_base ok path=D:\BlueSky\data_v2_full\labelerexp mount=D:\
2026-02-25T23:14:39Z INFO bsky_collector_v2: job start subcommand=snapshot-panel dry_run=False resume=True
2026-02-25T23:14:39Z INFO bsky_collector_v2.job.snapshot_panel: panel loaded feeds=117 path=D:\BlueSky\data_v2_full\labelerexp\panel\panel_v1.csv
2026-02-25T23:14:41Z INFO bsky_collector_v2.job.snapshot_panel: snapshot start hour=2026-02-25T23:00:00Z modes=['auth'] workers=8 tasks=117
2026-02-25T23:15:35Z INFO bsky_collector_v2.job.snapshot_panel: snapshot done hour=2026-02-25T23:00:00Z done=108 failed=9
2026-02-26T00:14:41Z INFO bsky_collector_v2: out_base ok path=D:\BlueSky\data_v2_full\labelerexp mount=D:\
2026-02-26T00:14:41Z INFO bsky_collector_v2: job start subcommand=snapshot-panel dry_run=False resume=True
2026-02-26T00:14:41Z INFO bsky_collector_v2.job.snapshot_panel: panel loaded feeds=117 path=D:\BlueSky\data_v2_full\labelerexp\panel\panel_v1.csv
2026-02-26T00:14:42Z INFO bsky_collector_v2.job.snapshot_panel: snapshot start hour=2026-02-26T00:00:00Z modes=['auth'] workers=8 tasks=117
2026-02-26T00:15:10Z INFO bsky_collector_v2.job.snapshot_panel: snapshot done hour=2026-02-26T00:00:00Z done=115 failed=2
2026-02-26T01:14:44Z INFO bsky_collector_v2: out_base ok path=D:\BlueSky\data_v2_full\labelerexp mount=D:\
2026-02-26T01:14:44Z INFO bsky_collector_v2: job start subcommand=snapshot-panel dry_run=False resume=True
2026-02-26T01:14:44Z INFO bsky_collector_v2.job.snapshot_panel: panel loaded feeds=117 path=D:\BlueSky\data_v2_full\labelerexp\panel\panel_v1.csv
2026-02-26T01:14:45Z INFO bsky_collector_v2.job.snapshot_panel: snapshot start hour=2026-02-26T01:00:00Z modes=['auth'] workers=8 tasks=117
2026-02-26T01:15:12Z INFO bsky_collector_v2.job.snapshot_panel: snapshot done hour=2026-02-26T01:00:00Z done=115 failed=2
2026-02-26T02:14:47Z INFO bsky_collector_v2: out_base ok path=D:\BlueSky\data_v2_full\labelerexp mount=D:\
2026-02-26T02:14:47Z INFO bsky_collector_v2: job start subcommand=snapshot-panel dry_run=False resume=True
2026-02-26T02:14:47Z INFO bsky_collector_v2.job.snapshot_panel: panel loaded feeds=117 path=D:\BlueSky\data_v2_full\labelerexp\panel\panel_v1.csv
2026-02-26T02:14:48Z INFO bsky_collector_v2.job.snapshot_panel: snapshot start hour=2026-02-26T02:00:00Z modes=['auth'] workers=8 tasks=117
2026-02-26T02:15:16Z INFO bsky_collector_v2.job.snapshot_panel: snapshot done hour=2026-02-26T02:00:00Z done=115 failed=2
2026-02-26T03:14:50Z INFO bsky_collector_v2: out_base ok path=D:\BlueSky\data_v2_full\labelerexp mount=D:\
2026-02-26T03:14:50Z INFO bsky_collector_v2: job start subcommand=snapshot-panel dry_run=False resume=True
2026-02-26T03:14:50Z INFO bsky_collector_v2.job.snapshot_panel: panel loaded feeds=117 path=D:\BlueSky\data_v2_full\labelerexp\panel\panel_v1.csv
2026-02-26T03:14:51Z INFO bsky_collector_v2.job.snapshot_panel: snapshot start hour=2026-02-26T03:00:00Z modes=['auth'] workers=8 tasks=117
2026-02-26T03:15:25Z INFO bsky_collector_v2.job.snapshot_panel: snapshot done hour=2026-02-26T03:00:00Z done=115 failed=2
2026-02-26T04:14:53Z INFO bsky_collector_v2: out_base ok path=D:\BlueSky\data_v2_full\labelerexp mount=D:\
2026-02-26T04:14:53Z INFO bsky_collector_v2: job start subcommand=snapshot-panel dry_run=False resume=True
2026-02-26T04:14:53Z INFO bsky_collector_v2.job.snapshot_panel: panel loaded feeds=117 path=D:\BlueSky\data_v2_full\labelerexp\panel\panel_v1.csv
2026-02-26T04:14:54Z INFO bsky_collector_v2.job.snapshot_panel: snapshot start hour=2026-02-26T04:00:00Z modes=['auth'] workers=8 tasks=117
2026-02-26T04:15:21Z INFO bsky_collector_v2.job.snapshot_panel: snapshot done hour=2026-02-26T04:00:00Z done=114 failed=3
2026-02-26T05:04:56Z INFO bsky_collector_v2: out_base ok path=D:\BlueSky\data_v2_full\labelerexp mount=D:\
2026-02-26T05:04:56Z INFO bsky_collector_v2: job start subcommand=build-labelerexp-panel dry_run=False resume=True
2026-02-26T05:04:56Z INFO bsky_collector_v2.job.build_labelerexp_panel: labelerexp panel build source_out_base=D:\BlueSky\data_v2_full metadata_day=2026-02-25 captured_at_utc=2026-02-25T05:06:53Z feeds=117
2026-02-26T05:04:56Z INFO bsky_collector_v2.job.build_labelerexp_panel: labelerexp panel written active=D:\BlueSky\data_v2_full\labelerexp\panel\panel_v1.csv version=D:\BlueSky\data_v2_full\labelerexp\panel\panel_versions\panel_v1_2026-02-26.csv
2026-02-26T05:14:57Z INFO bsky_collector_v2: out_base ok path=D:\BlueSky\data_v2_full\labelerexp mount=D:\
2026-02-26T05:14:57Z INFO bsky_collector_v2: job start subcommand=snapshot-panel dry_run=False resume=True
2026-02-26T05:14:58Z INFO bsky_collector_v2.job.snapshot_panel: panel loaded feeds=117 path=D:\BlueSky\data_v2_full\labelerexp\panel\panel_v1.csv
2026-02-26T05:14:58Z INFO bsky_collector_v2.job.snapshot_panel: snapshot start hour=2026-02-26T05:00:00Z modes=['auth'] workers=8 tasks=117
2026-02-26T05:15:34Z INFO bsky_collector_v2.job.snapshot_panel: snapshot done hour=2026-02-26T05:00:00Z done=113 failed=4
2026-02-26T06:15:01Z INFO bsky_collector_v2: out_base ok path=D:\BlueSky\data_v2_full\labelerexp mount=D:\
2026-02-26T06:15:01Z INFO bsky_collector_v2: job start subcommand=snapshot-panel dry_run=False resume=True
2026-02-26T06:15:01Z INFO bsky_collector_v2.job.snapshot_panel: panel loaded feeds=117 path=D:\BlueSky\data_v2_full\labelerexp\panel\panel_v1.csv
2026-02-26T06:15:01Z INFO bsky_collector_v2.job.snapshot_panel: snapshot start hour=2026-02-26T06:00:00Z modes=['auth'] workers=8 tasks=117
2026-02-26T06:15:28Z INFO bsky_collector_v2.job.snapshot_panel: snapshot done hour=2026-02-26T06:00:00Z done=115 failed=2
2026-02-26T07:15:04Z INFO bsky_collector_v2: out_base ok path=D:\BlueSky\data_v2_full\labelerexp mount=D:\
2026-02-26T07:15:04Z INFO bsky_collector_v2: job start subcommand=snapshot-panel dry_run=False resume=True
2026-02-26T07:15:04Z INFO bsky_collector_v2.job.snapshot_panel: panel loaded feeds=117 path=D:\BlueSky\data_v2_full\labelerexp\panel\panel_v1.csv
2026-02-26T07:15:10Z INFO bsky_collector_v2.job.snapshot_panel: snapshot start hour=2026-02-26T07:00:00Z modes=['auth'] workers=8 tasks=117
2026-02-26T07:15:42Z INFO bsky_collector_v2.job.snapshot_panel: snapshot done hour=2026-02-26T07:00:00Z done=114 failed=3
2026-02-26T08:15:07Z INFO bsky_collector_v2: out_base ok path=D:\BlueSky\data_v2_full\labelerexp mount=D:\
2026-02-26T08:15:07Z INFO bsky_collector_v2: job start subcommand=snapshot-panel dry_run=False resume=True
2026-02-26T08:15:07Z INFO bsky_collector_v2.job.snapshot_panel: panel loaded feeds=117 path=D:\BlueSky\data_v2_full\labelerexp\panel\panel_v1.csv
2026-02-26T08:15:08Z INFO bsky_collector_v2.job.snapshot_panel: snapshot start hour=2026-02-26T08:00:00Z modes=['auth'] workers=8 tasks=117
2026-02-26T08:15:35Z INFO bsky_collector_v2.job.snapshot_panel: snapshot done hour=2026-02-26T08:00:00Z done=115 failed=2
2026-02-26T09:15:10Z INFO bsky_collector_v2: out_base ok path=D:\BlueSky\data_v2_full\labelerexp mount=D:\
2026-02-26T09:15:10Z INFO bsky_collector_v2: job start subcommand=snapshot-panel dry_run=False resume=True
2026-02-26T09:15:10Z INFO bsky_collector_v2.job.snapshot_panel: panel loaded feeds=117 path=D:\BlueSky\data_v2_full\labelerexp\panel\panel_v1.csv
2026-02-26T09:15:11Z INFO bsky_collector_v2.job.snapshot_panel: snapshot start hour=2026-02-26T09:00:00Z modes=['auth'] workers=8 tasks=117
2026-02-26T09:15:37Z INFO bsky_collector_v2.job.snapshot_panel: snapshot done hour=2026-02-26T09:00:00Z done=115 failed=2
2026-02-26T10:15:13Z INFO bsky_collector_v2: out_base ok path=D:\BlueSky\data_v2_full\labelerexp mount=D:\
2026-02-26T10:15:13Z INFO bsky_collector_v2: job start subcommand=snapshot-panel dry_run=False resume=True
2026-02-26T10:15:13Z INFO bsky_collector_v2.job.snapshot_panel: panel loaded feeds=117 path=D:\BlueSky\data_v2_full\labelerexp\panel\panel_v1.csv
2026-02-26T10:15:21Z INFO bsky_collector_v2.job.snapshot_panel: snapshot start hour=2026-02-26T10:00:00Z modes=['auth'] workers=8 tasks=117
2026-02-26T10:15:47Z INFO bsky_collector_v2.job.snapshot_panel: snapshot done hour=2026-02-26T10:00:00Z done=114 failed=3
2026-02-26T11:05:16Z INFO bsky_collector_v2: out_base ok path=D:\BlueSky\data_v2_full\labelerexp mount=D:\
2026-02-26T11:05:16Z INFO bsky_collector_v2: job start subcommand=build-labelerexp-panel dry_run=False resume=True
2026-02-26T11:05:16Z INFO bsky_collector_v2.job.build_labelerexp_panel: labelerexp panel build source_out_base=D:\BlueSky\data_v2_full metadata_day=2026-02-26 captured_at_utc=2026-02-26T05:07:20Z feeds=118
2026-02-26T11:05:16Z INFO bsky_collector_v2.job.build_labelerexp_panel: labelerexp panel written active=D:\BlueSky\data_v2_full\labelerexp\panel\panel_v1.csv version=D:\BlueSky\data_v2_full\labelerexp\panel\panel_versions\panel_v1_2026-02-26.csv
2026-02-26T11:15:17Z INFO bsky_collector_v2: out_base ok path=D:\BlueSky\data_v2_full\labelerexp mount=D:\
2026-02-26T11:15:17Z INFO bsky_collector_v2: job start subcommand=snapshot-panel dry_run=False resume=True
2026-02-26T11:15:17Z INFO bsky_collector_v2.job.snapshot_panel: panel loaded feeds=118 path=D:\BlueSky\data_v2_full\labelerexp\panel\panel_v1.csv
2026-02-26T11:15:18Z INFO bsky_collector_v2.job.snapshot_panel: snapshot start hour=2026-02-26T11:00:00Z modes=['auth'] workers=8 tasks=118
2026-02-26T11:15:45Z INFO bsky_collector_v2.job.snapshot_panel: snapshot done hour=2026-02-26T11:00:00Z done=115 failed=3
2026-02-26T12:15:21Z INFO bsky_collector_v2: out_base ok path=D:\BlueSky\data_v2_full\labelerexp mount=D:\
2026-02-26T12:15:21Z INFO bsky_collector_v2: job start subcommand=snapshot-panel dry_run=False resume=True
2026-02-26T12:15:21Z INFO bsky_collector_v2.job.snapshot_panel: panel loaded feeds=118 path=D:\BlueSky\data_v2_full\labelerexp\panel\panel_v1.csv
2026-02-26T12:15:23Z INFO bsky_collector_v2.job.snapshot_panel: snapshot start hour=2026-02-26T12:00:00Z modes=['auth'] workers=8 tasks=118
2026-02-26T12:15:59Z INFO bsky_collector_v2.job.snapshot_panel: snapshot done hour=2026-02-26T12:00:00Z done=114 failed=4
2026-02-26T13:15:23Z INFO bsky_collector_v2: out_base ok path=D:\BlueSky\data_v2_full\labelerexp mount=D:\
2026-02-26T13:15:23Z INFO bsky_collector_v2: job start subcommand=snapshot-panel dry_run=False resume=True
2026-02-26T13:15:23Z INFO bsky_collector_v2.job.snapshot_panel: panel loaded feeds=118 path=D:\BlueSky\data_v2_full\labelerexp\panel\panel_v1.csv
2026-02-26T13:15:25Z INFO bsky_collector_v2.job.snapshot_panel: snapshot start hour=2026-02-26T13:00:00Z modes=['auth'] workers=8 tasks=118
2026-02-26T13:15:54Z INFO bsky_collector_v2.job.snapshot_panel: snapshot done hour=2026-02-26T13:00:00Z done=116 failed=2
2026-02-26T14:15:26Z INFO bsky_collector_v2: out_base ok path=D:\BlueSky\data_v2_full\labelerexp mount=D:\
2026-02-26T14:15:26Z INFO bsky_collector_v2: job start subcommand=snapshot-panel dry_run=False resume=True
2026-02-26T14:15:26Z INFO bsky_collector_v2.job.snapshot_panel: panel loaded feeds=118 path=D:\BlueSky\data_v2_full\labelerexp\panel\panel_v1.csv
2026-02-26T14:15:29Z INFO bsky_collector_v2.job.snapshot_panel: snapshot start hour=2026-02-26T14:00:00Z modes=['auth'] workers=8 tasks=118
2026-02-26T14:15:59Z INFO bsky_collector_v2.job.snapshot_panel: snapshot done hour=2026-02-26T14:00:00Z done=116 failed=2
2026-02-26T15:15:30Z INFO bsky_collector_v2: out_base ok path=D:\BlueSky\data_v2_full\labelerexp mount=D:\
2026-02-26T15:15:30Z INFO bsky_collector_v2: job start subcommand=snapshot-panel dry_run=False resume=True
2026-02-26T15:15:30Z INFO bsky_collector_v2.job.snapshot_panel: panel loaded feeds=118 path=D:\BlueSky\data_v2_full\labelerexp\panel\panel_v1.csv
2026-02-26T15:15:34Z INFO bsky_collector_v2.job.snapshot_panel: snapshot start hour=2026-02-26T15:00:00Z modes=['auth'] workers=8 tasks=118
2026-02-26T15:16:06Z INFO bsky_collector_v2.job.snapshot_panel: snapshot done hour=2026-02-26T15:00:00Z done=113 failed=5
2026-02-26T16:15:33Z INFO bsky_collector_v2: out_base ok path=D:\BlueSky\data_v2_full\labelerexp mount=D:\
2026-02-26T16:15:33Z INFO bsky_collector_v2: job start subcommand=snapshot-panel dry_run=False resume=True
2026-02-26T16:15:33Z INFO bsky_collector_v2.job.snapshot_panel: panel loaded feeds=118 path=D:\BlueSky\data_v2_full\labelerexp\panel\panel_v1.csv
2026-02-26T16:15:35Z INFO bsky_collector_v2.job.snapshot_panel: snapshot start hour=2026-02-26T16:00:00Z modes=['auth'] workers=8 tasks=118
2026-02-26T16:16:06Z INFO bsky_collector_v2.job.snapshot_panel: snapshot done hour=2026-02-26T16:00:00Z done=114 failed=4
2026-02-26T17:05:35Z INFO bsky_collector_v2: out_base ok path=D:\BlueSky\data_v2_full\labelerexp mount=D:\
2026-02-26T17:05:35Z INFO bsky_collector_v2: job start subcommand=build-labelerexp-panel dry_run=False resume=True
2026-02-26T17:05:35Z INFO bsky_collector_v2.job.build_labelerexp_panel: labelerexp panel build source_out_base=D:\BlueSky\data_v2_full metadata_day=2026-02-26 captured_at_utc=2026-02-26T05:07:20Z feeds=118
2026-02-26T17:05:35Z INFO bsky_collector_v2.job.build_labelerexp_panel: labelerexp panel written active=D:\BlueSky\data_v2_full\labelerexp\panel\panel_v1.csv version=D:\BlueSky\data_v2_full\labelerexp\panel\panel_versions\panel_v1_2026-02-26.csv
2026-02-26T17:15:37Z INFO bsky_collector_v2: out_base ok path=D:\BlueSky\data_v2_full\labelerexp mount=D:\
2026-02-26T17:15:37Z INFO bsky_collector_v2: job start subcommand=snapshot-panel dry_run=False resume=True
2026-02-26T17:15:37Z INFO bsky_collector_v2.job.snapshot_panel: panel loaded feeds=118 path=D:\BlueSky\data_v2_full\labelerexp\panel\panel_v1.csv
2026-02-26T17:15:37Z INFO bsky_collector_v2.job.snapshot_panel: snapshot start hour=2026-02-26T17:00:00Z modes=['auth'] workers=8 tasks=118
2026-02-26T17:16:05Z INFO bsky_collector_v2.job.snapshot_panel: snapshot done hour=2026-02-26T17:00:00Z done=114 failed=4
2026-02-26T18:15:40Z INFO bsky_collector_v2: out_base ok path=D:\BlueSky\data_v2_full\labelerexp mount=D:\
2026-02-26T18:15:40Z INFO bsky_collector_v2: job start subcommand=snapshot-panel dry_run=False resume=True
2026-02-26T18:15:40Z INFO bsky_collector_v2.job.snapshot_panel: panel loaded feeds=118 path=D:\BlueSky\data_v2_full\labelerexp\panel\panel_v1.csv
2026-02-26T18:15:46Z INFO bsky_collector_v2.job.snapshot_panel: snapshot start hour=2026-02-26T18:00:00Z modes=['auth'] workers=8 tasks=118
2026-02-26T18:16:14Z INFO bsky_collector_v2.job.snapshot_panel: snapshot done hour=2026-02-26T18:00:00Z done=116 failed=2
2026-02-26T19:15:43Z INFO bsky_collector_v2: out_base ok path=D:\BlueSky\data_v2_full\labelerexp mount=D:\
2026-02-26T19:15:43Z INFO bsky_collector_v2: job start subcommand=snapshot-panel dry_run=False resume=True
2026-02-26T19:15:43Z INFO bsky_collector_v2.job.snapshot_panel: panel loaded feeds=118 path=D:\BlueSky\data_v2_full\labelerexp\panel\panel_v1.csv
2026-02-26T19:15:48Z INFO bsky_collector_v2.job.snapshot_panel: snapshot start hour=2026-02-26T19:00:00Z modes=['auth'] workers=8 tasks=118
2026-02-26T19:16:16Z INFO bsky_collector_v2.job.snapshot_panel: snapshot done hour=2026-02-26T19:00:00Z done=115 failed=3
2026-02-26T20:15:46Z INFO bsky_collector_v2: out_base ok path=D:\BlueSky\data_v2_full\labelerexp mount=D:\
2026-02-26T20:15:46Z INFO bsky_collector_v2: job start subcommand=snapshot-panel dry_run=False resume=True
2026-02-26T20:15:46Z INFO bsky_collector_v2.job.snapshot_panel: panel loaded feeds=118 path=D:\BlueSky\data_v2_full\labelerexp\panel\panel_v1.csv
2026-02-26T20:15:48Z INFO bsky_collector_v2.job.snapshot_panel: snapshot start hour=2026-02-26T20:00:00Z modes=['auth'] workers=8 tasks=118
2026-02-26T20:16:17Z INFO bsky_collector_v2.job.snapshot_panel: snapshot done hour=2026-02-26T20:00:00Z done=115 failed=3
2026-02-26T21:15:50Z INFO bsky_collector_v2: out_base ok path=D:\BlueSky\data_v2_full\labelerexp mount=D:\
2026-02-26T21:15:50Z INFO bsky_collector_v2: job start subcommand=snapshot-panel dry_run=False resume=True
2026-02-26T21:15:50Z INFO bsky_collector_v2.job.snapshot_panel: panel loaded feeds=118 path=D:\BlueSky\data_v2_full\labelerexp\panel\panel_v1.csv
2026-02-26T21:15:52Z INFO bsky_collector_v2.job.snapshot_panel: snapshot start hour=2026-02-26T21:00:00Z modes=['auth'] workers=8 tasks=118
2026-02-26T21:16:20Z INFO bsky_collector_v2.job.snapshot_panel: snapshot done hour=2026-02-26T21:00:00Z done=115 failed=3
2026-02-26T22:15:53Z INFO bsky_collector_v2: out_base ok path=D:\BlueSky\data_v2_full\labelerexp mount=D:\
2026-02-26T22:15:53Z INFO bsky_collector_v2: job start subcommand=snapshot-panel dry_run=False resume=True
2026-02-26T22:15:53Z INFO bsky_collector_v2.job.snapshot_panel: panel loaded feeds=118 path=D:\BlueSky\data_v2_full\labelerexp\panel\panel_v1.csv
2026-02-26T22:16:14Z INFO bsky_collector_v2.job.snapshot_panel: snapshot start hour=2026-02-26T22:00:00Z modes=['auth'] workers=8 tasks=118
2026-02-26T22:16:42Z INFO bsky_collector_v2.job.snapshot_panel: snapshot done hour=2026-02-26T22:00:00Z done=114 failed=4
2026-02-26T23:05:56Z INFO bsky_collector_v2: out_base ok path=D:\BlueSky\data_v2_full\labelerexp mount=D:\
2026-02-26T23:05:56Z INFO bsky_collector_v2: job start subcommand=build-labelerexp-panel dry_run=False resume=True
2026-02-26T23:05:56Z INFO bsky_collector_v2.job.build_labelerexp_panel: labelerexp panel build source_out_base=D:\BlueSky\data_v2_full metadata_day=2026-02-26 captured_at_utc=2026-02-26T05:07:20Z feeds=118
2026-02-26T23:05:56Z INFO bsky_collector_v2.job.build_labelerexp_panel: labelerexp panel written active=D:\BlueSky\data_v2_full\labelerexp\panel\panel_v1.csv version=D:\BlueSky\data_v2_full\labelerexp\panel\panel_versions\panel_v1_2026-02-26.csv
2026-02-26T23:15:57Z INFO bsky_collector_v2: out_base ok path=D:\BlueSky\data_v2_full\labelerexp mount=D:\
2026-02-26T23:15:57Z INFO bsky_collector_v2: job start subcommand=snapshot-panel dry_run=False resume=True
2026-02-26T23:15:57Z INFO bsky_collector_v2.job.snapshot_panel: panel loaded feeds=118 path=D:\BlueSky\data_v2_full\labelerexp\panel\panel_v1.csv
2026-02-26T23:15:58Z INFO bsky_collector_v2.job.snapshot_panel: snapshot start hour=2026-02-26T23:00:00Z modes=['auth'] workers=8 tasks=118
2026-02-26T23:16:27Z INFO bsky_collector_v2.job.snapshot_panel: snapshot done hour=2026-02-26T23:00:00Z done=114 failed=4
2026-02-27T00:16:00Z INFO bsky_collector_v2: out_base ok path=D:\BlueSky\data_v2_full\labelerexp mount=D:\
2026-02-27T00:16:00Z INFO bsky_collector_v2: job start subcommand=snapshot-panel dry_run=False resume=True
2026-02-27T00:16:01Z INFO bsky_collector_v2.job.snapshot_panel: panel loaded feeds=118 path=D:\BlueSky\data_v2_full\labelerexp\panel\panel_v1.csv
2026-02-27T00:16:02Z INFO bsky_collector_v2.job.snapshot_panel: snapshot start hour=2026-02-27T00:00:00Z modes=['auth'] workers=8 tasks=118
2026-02-27T00:16:31Z INFO bsky_collector_v2.job.snapshot_panel: snapshot done hour=2026-02-27T00:00:00Z done=114 failed=4
2026-02-27T01:16:03Z INFO bsky_collector_v2: out_base ok path=D:\BlueSky\data_v2_full\labelerexp mount=D:\
2026-02-27T01:16:03Z INFO bsky_collector_v2: job start subcommand=snapshot-panel dry_run=False resume=True
2026-02-27T01:16:03Z INFO bsky_collector_v2.job.snapshot_panel: panel loaded feeds=118 path=D:\BlueSky\data_v2_full\labelerexp\panel\panel_v1.csv
2026-02-27T01:16:09Z INFO bsky_collector_v2.job.snapshot_panel: snapshot start hour=2026-02-27T01:00:00Z modes=['auth'] workers=8 tasks=118
2026-02-27T01:16:37Z INFO bsky_collector_v2.job.snapshot_panel: snapshot done hour=2026-02-27T01:00:00Z done=115 failed=3
2026-02-27T02:16:06Z INFO bsky_collector_v2: out_base ok path=D:\BlueSky\data_v2_full\labelerexp mount=D:\
2026-02-27T02:16:06Z INFO bsky_collector_v2: job start subcommand=snapshot-panel dry_run=False resume=True
2026-02-27T02:16:06Z INFO bsky_collector_v2.job.snapshot_panel: panel loaded feeds=118 path=D:\BlueSky\data_v2_full\labelerexp\panel\panel_v1.csv
2026-02-27T02:16:07Z INFO bsky_collector_v2.job.snapshot_panel: snapshot start hour=2026-02-27T02:00:00Z modes=['auth'] workers=8 tasks=118
2026-02-27T02:16:43Z INFO bsky_collector_v2.job.snapshot_panel: snapshot done hour=2026-02-27T02:00:00Z done=113 failed=5
2026-02-27T03:16:09Z INFO bsky_collector_v2: out_base ok path=D:\BlueSky\data_v2_full\labelerexp mount=D:\
2026-02-27T03:16:09Z INFO bsky_collector_v2: job start subcommand=snapshot-panel dry_run=False resume=True
2026-02-27T03:16:09Z INFO bsky_collector_v2.job.snapshot_panel: panel loaded feeds=118 path=D:\BlueSky\data_v2_full\labelerexp\panel\panel_v1.csv
2026-02-27T03:16:15Z INFO bsky_collector_v2.job.snapshot_panel: snapshot start hour=2026-02-27T03:00:00Z modes=['auth'] workers=8 tasks=118
2026-02-27T03:16:43Z INFO bsky_collector_v2.job.snapshot_panel: snapshot done hour=2026-02-27T03:00:00Z done=115 failed=3
2026-02-27T04:16:12Z INFO bsky_collector_v2: out_base ok path=D:\BlueSky\data_v2_full\labelerexp mount=D:\
2026-02-27T04:16:12Z INFO bsky_collector_v2: job start subcommand=snapshot-panel dry_run=False resume=True
2026-02-27T04:16:12Z INFO bsky_collector_v2.job.snapshot_panel: panel loaded feeds=118 path=D:\BlueSky\data_v2_full\labelerexp\panel\panel_v1.csv
2026-02-27T04:16:13Z INFO bsky_collector_v2.job.snapshot_panel: snapshot start hour=2026-02-27T04:00:00Z modes=['auth'] workers=8 tasks=118
2026-02-27T04:16:44Z INFO bsky_collector_v2.job.snapshot_panel: snapshot done hour=2026-02-27T04:00:00Z done=116 failed=2
2026-02-27T05:06:15Z INFO bsky_collector_v2: out_base ok path=D:\BlueSky\data_v2_full\labelerexp mount=D:\
2026-02-27T05:06:15Z INFO bsky_collector_v2: job start subcommand=build-labelerexp-panel dry_run=False resume=True
2026-02-27T05:06:15Z INFO bsky_collector_v2.job.build_labelerexp_panel: labelerexp panel build source_out_base=D:\BlueSky\data_v2_full metadata_day=2026-02-26 captured_at_utc=2026-02-26T05:07:20Z feeds=118
2026-02-27T05:06:15Z INFO bsky_collector_v2.job.build_labelerexp_panel: labelerexp panel written active=D:\BlueSky\data_v2_full\labelerexp\panel\panel_v1.csv version=D:\BlueSky\data_v2_full\labelerexp\panel\panel_versions\panel_v1_2026-02-27.csv
2026-02-27T05:16:16Z INFO bsky_collector_v2: out_base ok path=D:\BlueSky\data_v2_full\labelerexp mount=D:\
2026-02-27T05:16:16Z INFO bsky_collector_v2: job start subcommand=snapshot-panel dry_run=False resume=True
2026-02-27T05:16:16Z INFO bsky_collector_v2.job.snapshot_panel: panel loaded feeds=118 path=D:\BlueSky\data_v2_full\labelerexp\panel\panel_v1.csv
2026-02-27T05:16:21Z INFO bsky_collector_v2.job.snapshot_panel: snapshot start hour=2026-02-27T05:00:00Z modes=['auth'] workers=8 tasks=118
2026-02-27T05:16:48Z INFO bsky_collector_v2.job.snapshot_panel: snapshot done hour=2026-02-27T05:00:00Z done=115 failed=3
2026-02-27T06:16:19Z INFO bsky_collector_v2: out_base ok path=D:\BlueSky\data_v2_full\labelerexp mount=D:\
2026-02-27T06:16:19Z INFO bsky_collector_v2: job start subcommand=snapshot-panel dry_run=False resume=True
2026-02-27T06:16:19Z INFO bsky_collector_v2.job.snapshot_panel: panel loaded feeds=118 path=D:\BlueSky\data_v2_full\labelerexp\panel\panel_v1.csv
2026-02-27T06:16:20Z INFO bsky_collector_v2.job.snapshot_panel: snapshot start hour=2026-02-27T06:00:00Z modes=['auth'] workers=8 tasks=118
2026-02-27T06:16:51Z INFO bsky_collector_v2.job.snapshot_panel: snapshot done hour=2026-02-27T06:00:00Z done=115 failed=3
2026-02-27T07:16:23Z INFO bsky_collector_v2: out_base ok path=D:\BlueSky\data_v2_full\labelerexp mount=D:\
2026-02-27T07:16:23Z INFO bsky_collector_v2: job start subcommand=snapshot-panel dry_run=False resume=True
2026-02-27T07:16:23Z INFO bsky_collector_v2.job.snapshot_panel: panel loaded feeds=118 path=D:\BlueSky\data_v2_full\labelerexp\panel\panel_v1.csv
2026-02-27T07:16:24Z INFO bsky_collector_v2.job.snapshot_panel: snapshot start hour=2026-02-27T07:00:00Z modes=['auth'] workers=8 tasks=118
2026-02-27T07:16:51Z INFO bsky_collector_v2.job.snapshot_panel: snapshot done hour=2026-02-27T07:00:00Z done=115 failed=3
2026-02-27T08:16:25Z INFO bsky_collector_v2: out_base ok path=D:\BlueSky\data_v2_full\labelerexp mount=D:\
2026-02-27T08:16:25Z INFO bsky_collector_v2: job start subcommand=snapshot-panel dry_run=False resume=True
2026-02-27T08:16:25Z INFO bsky_collector_v2.job.snapshot_panel: panel loaded feeds=118 path=D:\BlueSky\data_v2_full\labelerexp\panel\panel_v1.csv
2026-02-27T08:16:27Z INFO bsky_collector_v2.job.snapshot_panel: snapshot start hour=2026-02-27T08:00:00Z modes=['auth'] workers=8 tasks=118
2026-02-27T08:16:55Z INFO bsky_collector_v2.job.snapshot_panel: snapshot done hour=2026-02-27T08:00:00Z done=115 failed=3
2026-02-27T09:16:29Z INFO bsky_collector_v2: out_base ok path=D:\BlueSky\data_v2_full\labelerexp mount=D:\
2026-02-27T09:16:29Z INFO bsky_collector_v2: job start subcommand=snapshot-panel dry_run=False resume=True
2026-02-27T09:16:29Z INFO bsky_collector_v2.job.snapshot_panel: panel loaded feeds=118 path=D:\BlueSky\data_v2_full\labelerexp\panel\panel_v1.csv
2026-02-27T09:16:33Z INFO bsky_collector_v2.job.snapshot_panel: snapshot start hour=2026-02-27T09:00:00Z modes=['auth'] workers=8 tasks=118
2026-02-27T09:17:01Z INFO bsky_collector_v2.job.snapshot_panel: snapshot done hour=2026-02-27T09:00:00Z done=115 failed=3
2026-02-27T10:16:32Z INFO bsky_collector_v2: out_base ok path=D:\BlueSky\data_v2_full\labelerexp mount=D:\
2026-02-27T10:16:32Z INFO bsky_collector_v2: job start subcommand=snapshot-panel dry_run=False resume=True
2026-02-27T10:16:32Z INFO bsky_collector_v2.job.snapshot_panel: panel loaded feeds=118 path=D:\BlueSky\data_v2_full\labelerexp\panel\panel_v1.csv
2026-02-27T10:16:33Z INFO bsky_collector_v2.job.snapshot_panel: snapshot start hour=2026-02-27T10:00:00Z modes=['auth'] workers=8 tasks=118
2026-02-27T10:17:00Z INFO bsky_collector_v2.job.snapshot_panel: snapshot done hour=2026-02-27T10:00:00Z done=115 failed=3
2026-02-27T11:06:35Z INFO bsky_collector_v2: out_base ok path=D:\BlueSky\data_v2_full\labelerexp mount=D:\
2026-02-27T11:06:35Z INFO bsky_collector_v2: job start subcommand=build-labelerexp-panel dry_run=False resume=True
2026-02-27T11:06:35Z INFO bsky_collector_v2.job.build_labelerexp_panel: labelerexp panel build source_out_base=D:\BlueSky\data_v2_full metadata_day=2026-02-27 captured_at_utc=2026-02-27T05:07:33Z feeds=118
2026-02-27T11:06:35Z INFO bsky_collector_v2.job.build_labelerexp_panel: labelerexp panel written active=D:\BlueSky\data_v2_full\labelerexp\panel\panel_v1.csv version=D:\BlueSky\data_v2_full\labelerexp\panel\panel_versions\panel_v1_2026-02-27.csv
2026-02-27T11:16:37Z INFO bsky_collector_v2: out_base ok path=D:\BlueSky\data_v2_full\labelerexp mount=D:\
2026-02-27T11:16:37Z INFO bsky_collector_v2: job start subcommand=snapshot-panel dry_run=False resume=True
2026-02-27T11:16:37Z INFO bsky_collector_v2.job.snapshot_panel: panel loaded feeds=118 path=D:\BlueSky\data_v2_full\labelerexp\panel\panel_v1.csv
2026-02-27T11:16:37Z INFO bsky_collector_v2.job.snapshot_panel: snapshot start hour=2026-02-27T11:00:00Z modes=['auth'] workers=8 tasks=118
2026-02-27T11:17:06Z INFO bsky_collector_v2.job.snapshot_panel: snapshot done hour=2026-02-27T11:00:00Z done=115 failed=3
2026-02-27T12:16:40Z INFO bsky_collector_v2: out_base ok path=D:\BlueSky\data_v2_full\labelerexp mount=D:\
2026-02-27T12:16:40Z INFO bsky_collector_v2: job start subcommand=snapshot-panel dry_run=False resume=True
2026-02-27T12:16:40Z INFO bsky_collector_v2.job.snapshot_panel: panel loaded feeds=118 path=D:\BlueSky\data_v2_full\labelerexp\panel\panel_v1.csv
2026-02-27T12:16:41Z INFO bsky_collector_v2.job.snapshot_panel: snapshot start hour=2026-02-27T12:00:00Z modes=['auth'] workers=8 tasks=118
2026-02-27T12:17:09Z INFO bsky_collector_v2.job.snapshot_panel: snapshot done hour=2026-02-27T12:00:00Z done=115 failed=3
2026-02-27T13:16:43Z INFO bsky_collector_v2: out_base ok path=D:\BlueSky\data_v2_full\labelerexp mount=D:\
2026-02-27T13:16:43Z INFO bsky_collector_v2: job start subcommand=snapshot-panel dry_run=False resume=True
2026-02-27T13:16:43Z INFO bsky_collector_v2.job.snapshot_panel: panel loaded feeds=118 path=D:\BlueSky\data_v2_full\labelerexp\panel\panel_v1.csv
2026-02-27T13:16:44Z INFO bsky_collector_v2.job.snapshot_panel: snapshot start hour=2026-02-27T13:00:00Z modes=['auth'] workers=8 tasks=118
2026-02-27T13:17:11Z INFO bsky_collector_v2.job.snapshot_panel: snapshot done hour=2026-02-27T13:00:00Z done=115 failed=3
2026-02-27T14:16:46Z INFO bsky_collector_v2: out_base ok path=D:\BlueSky\data_v2_full\labelerexp mount=D:\
2026-02-27T14:16:46Z INFO bsky_collector_v2: job start subcommand=snapshot-panel dry_run=False resume=True
2026-02-27T14:16:46Z INFO bsky_collector_v2.job.snapshot_panel: panel loaded feeds=118 path=D:\BlueSky\data_v2_full\labelerexp\panel\panel_v1.csv
2026-02-27T14:16:47Z INFO bsky_collector_v2.job.snapshot_panel: snapshot start hour=2026-02-27T14:00:00Z modes=['auth'] workers=8 tasks=118
2026-02-27T14:17:14Z INFO bsky_collector_v2.job.snapshot_panel: snapshot done hour=2026-02-27T14:00:00Z done=115 failed=3
2026-02-27T15:16:49Z INFO bsky_collector_v2: out_base ok path=D:\BlueSky\data_v2_full\labelerexp mount=D:\
2026-02-27T15:16:49Z INFO bsky_collector_v2: job start subcommand=snapshot-panel dry_run=False resume=True
2026-02-27T15:16:49Z INFO bsky_collector_v2.job.snapshot_panel: panel loaded feeds=118 path=D:\BlueSky\data_v2_full\labelerexp\panel\panel_v1.csv
2026-02-27T15:16:50Z INFO bsky_collector_v2.job.snapshot_panel: snapshot start hour=2026-02-27T15:00:00Z modes=['auth'] workers=8 tasks=118
2026-02-27T15:17:17Z INFO bsky_collector_v2.job.snapshot_panel: snapshot done hour=2026-02-27T15:00:00Z done=115 failed=3
2026-02-27T16:16:52Z INFO bsky_collector_v2: out_base ok path=D:\BlueSky\data_v2_full\labelerexp mount=D:\
2026-02-27T16:16:52Z INFO bsky_collector_v2: job start subcommand=snapshot-panel dry_run=False resume=True
2026-02-27T16:16:52Z INFO bsky_collector_v2.job.snapshot_panel: panel loaded feeds=118 path=D:\BlueSky\data_v2_full\labelerexp\panel\panel_v1.csv
2026-02-27T16:16:53Z INFO bsky_collector_v2.job.snapshot_panel: snapshot start hour=2026-02-27T16:00:00Z modes=['auth'] workers=8 tasks=118
2026-02-27T16:17:21Z INFO bsky_collector_v2.job.snapshot_panel: snapshot done hour=2026-02-27T16:00:00Z done=115 failed=3
2026-02-27T17:06:55Z INFO bsky_collector_v2: out_base ok path=D:\BlueSky\data_v2_full\labelerexp mount=D:\
2026-02-27T17:06:55Z INFO bsky_collector_v2: job start subcommand=build-labelerexp-panel dry_run=False resume=True
2026-02-27T17:06:55Z INFO bsky_collector_v2.job.build_labelerexp_panel: labelerexp panel build source_out_base=D:\BlueSky\data_v2_full metadata_day=2026-02-27 captured_at_utc=2026-02-27T05:07:33Z feeds=118
2026-02-27T17:06:55Z INFO bsky_collector_v2.job.build_labelerexp_panel: labelerexp panel written active=D:\BlueSky\data_v2_full\labelerexp\panel\panel_v1.csv version=D:\BlueSky\data_v2_full\labelerexp\panel\panel_versions\panel_v1_2026-02-27.csv
2026-02-27T17:16:56Z INFO bsky_collector_v2: out_base ok path=D:\BlueSky\data_v2_full\labelerexp mount=D:\
2026-02-27T17:16:56Z INFO bsky_collector_v2: job start subcommand=snapshot-panel dry_run=False resume=True
2026-02-27T17:16:56Z INFO bsky_collector_v2.job.snapshot_panel: panel loaded feeds=118 path=D:\BlueSky\data_v2_full\labelerexp\panel\panel_v1.csv
2026-02-27T17:16:57Z INFO bsky_collector_v2.job.snapshot_panel: snapshot start hour=2026-02-27T17:00:00Z modes=['auth'] workers=8 tasks=118
2026-02-27T17:17:31Z INFO bsky_collector_v2.job.snapshot_panel: snapshot done hour=2026-02-27T17:00:00Z done=115 failed=3
2026-02-27T18:16:59Z INFO bsky_collector_v2: out_base ok path=D:\BlueSky\data_v2_full\labelerexp mount=D:\
2026-02-27T18:16:59Z INFO bsky_collector_v2: job start subcommand=snapshot-panel dry_run=False resume=True
2026-02-27T18:16:59Z INFO bsky_collector_v2.job.snapshot_panel: panel loaded feeds=118 path=D:\BlueSky\data_v2_full\labelerexp\panel\panel_v1.csv
2026-02-27T18:17:00Z INFO bsky_collector_v2.job.snapshot_panel: snapshot start hour=2026-02-27T18:00:00Z modes=['auth'] workers=8 tasks=118
2026-02-27T18:17:27Z INFO bsky_collector_v2.job.snapshot_panel: snapshot done hour=2026-02-27T18:00:00Z done=115 failed=3
2026-02-27T19:17:02Z INFO bsky_collector_v2: out_base ok path=D:\BlueSky\data_v2_full\labelerexp mount=D:\
2026-02-27T19:17:02Z INFO bsky_collector_v2: job start subcommand=snapshot-panel dry_run=False resume=True
2026-02-27T19:17:02Z INFO bsky_collector_v2.job.snapshot_panel: panel loaded feeds=118 path=D:\BlueSky\data_v2_full\labelerexp\panel\panel_v1.csv
2026-02-27T19:17:03Z INFO bsky_collector_v2.job.snapshot_panel: snapshot start hour=2026-02-27T19:00:00Z modes=['auth'] workers=8 tasks=118
2026-02-27T19:17:31Z INFO bsky_collector_v2.job.snapshot_panel: snapshot done hour=2026-02-27T19:00:00Z done=114 failed=4
2026-02-27T20:17:05Z INFO bsky_collector_v2: out_base ok path=D:\BlueSky\data_v2_full\labelerexp mount=D:\
2026-02-27T20:17:05Z INFO bsky_collector_v2: job start subcommand=snapshot-panel dry_run=False resume=True
2026-02-27T20:17:06Z INFO bsky_collector_v2.job.snapshot_panel: panel loaded feeds=118 path=D:\BlueSky\data_v2_full\labelerexp\panel\panel_v1.csv
2026-02-27T20:17:06Z INFO bsky_collector_v2.job.snapshot_panel: snapshot start hour=2026-02-27T20:00:00Z modes=['auth'] workers=8 tasks=118
2026-02-27T20:17:33Z INFO bsky_collector_v2.job.snapshot_panel: snapshot done hour=2026-02-27T20:00:00Z done=116 failed=2
2026-02-27T21:17:08Z INFO bsky_collector_v2: out_base ok path=D:\BlueSky\data_v2_full\labelerexp mount=D:\
2026-02-27T21:17:08Z INFO bsky_collector_v2: job start subcommand=snapshot-panel dry_run=False resume=True
2026-02-27T21:17:08Z INFO bsky_collector_v2.job.snapshot_panel: panel loaded feeds=118 path=D:\BlueSky\data_v2_full\labelerexp\panel\panel_v1.csv
2026-02-27T21:17:09Z INFO bsky_collector_v2.job.snapshot_panel: snapshot start hour=2026-02-27T21:00:00Z modes=['auth'] workers=8 tasks=118
2026-02-27T21:17:35Z INFO bsky_collector_v2.job.snapshot_panel: snapshot done hour=2026-02-27T21:00:00Z done=116 failed=2
2026-02-27T22:17:11Z INFO bsky_collector_v2: out_base ok path=D:\BlueSky\data_v2_full\labelerexp mount=D:\
2026-02-27T22:17:11Z INFO bsky_collector_v2: job start subcommand=snapshot-panel dry_run=False resume=True
2026-02-27T22:17:12Z INFO bsky_collector_v2.job.snapshot_panel: panel loaded feeds=118 path=D:\BlueSky\data_v2_full\labelerexp\panel\panel_v1.csv
2026-02-27T22:17:13Z INFO bsky_collector_v2.job.snapshot_panel: snapshot start hour=2026-02-27T22:00:00Z modes=['auth'] workers=8 tasks=118
2026-02-27T22:17:48Z INFO bsky_collector_v2.job.snapshot_panel: snapshot done hour=2026-02-27T22:00:00Z done=115 failed=3
2026-02-27T23:07:03Z INFO bsky_collector_v2: out_base ok path=D:\BlueSky\data_v2_full\labelerexp mount=D:\
2026-02-27T23:07:03Z INFO bsky_collector_v2: job start subcommand=build-labelerexp-panel dry_run=False resume=True
2026-02-27T23:07:03Z INFO bsky_collector_v2.job.build_labelerexp_panel: labelerexp panel build source_out_base=D:\BlueSky\data_v2_full metadata_day=2026-02-27 captured_at_utc=2026-02-27T05:07:33Z feeds=118
2026-02-27T23:07:03Z INFO bsky_collector_v2.job.build_labelerexp_panel: labelerexp panel written active=D:\BlueSky\data_v2_full\labelerexp\panel\panel_v1.csv version=D:\BlueSky\data_v2_full\labelerexp\panel\panel_versions\panel_v1_2026-02-27.csv
2026-02-27T23:17:34Z INFO bsky_collector_v2: out_base ok path=D:\BlueSky\data_v2_full\labelerexp mount=D:\
2026-02-27T23:17:34Z INFO bsky_collector_v2: job start subcommand=snapshot-panel dry_run=False resume=True
2026-02-27T23:17:34Z INFO bsky_collector_v2.job.snapshot_panel: panel loaded feeds=118 path=D:\BlueSky\data_v2_full\labelerexp\panel\panel_v1.csv
2026-02-27T23:17:35Z INFO bsky_collector_v2.job.snapshot_panel: snapshot start hour=2026-02-27T23:00:00Z modes=['auth'] workers=8 tasks=118
2026-02-27T23:18:02Z INFO bsky_collector_v2.job.snapshot_panel: snapshot done hour=2026-02-27T23:00:00Z done=116 failed=2
2026-02-27T23:34:44Z INFO bsky_collector_v2: out_base ok path=D:\BlueSky\data_v2_full\labelerexp mount=D:\
2026-02-27T23:34:44Z INFO bsky_collector_v2: job start subcommand=state-writer dry_run=False resume=True
2026-02-27T23:34:44Z INFO bsky_collector_v2.state_writer: state-writer listening addr=tcp://127.0.0.1:9921 db=D:\BlueSky\data_v2_full\labelerexp\control\control_state.db
2026-02-27T23:59:37Z INFO bsky_collector_v2: out_base ok path=D:\BlueSky\data_v2_full\labelerexp mount=D:\
2026-02-27T23:59:37Z INFO bsky_collector_v2: job start subcommand=state-writer dry_run=False resume=True
2026-02-27T23:59:37Z INFO bsky_collector_v2.state_writer: state-writer listening addr=tcp://127.0.0.1:9921 db=D:\BlueSky\data_v2_full\labelerexp\control\control_state.db
2026-02-28T00:17:39Z INFO bsky_collector_v2: out_base ok path=D:\BlueSky\data_v2_full\labelerexp mount=D:\
2026-02-28T00:17:39Z INFO bsky_collector_v2: job start subcommand=snapshot-panel dry_run=False resume=True
2026-02-28T00:17:39Z INFO bsky_collector_v2.job.snapshot_panel: panel loaded feeds=118 path=D:\BlueSky\data_v2_full\labelerexp\panel\panel_v1.csv
2026-02-28T00:17:40Z INFO bsky_collector_v2.job.snapshot_panel: snapshot start hour=2026-02-28T00:00:00Z modes=['auth'] workers=8 tasks=118
2026-02-28T00:18:06Z INFO bsky_collector_v2.job.snapshot_panel: snapshot done hour=2026-02-28T00:00:00Z done=116 failed=2
2026-02-28T01:17:42Z INFO bsky_collector_v2: out_base ok path=D:\BlueSky\data_v2_full\labelerexp mount=D:\
2026-02-28T01:17:42Z INFO bsky_collector_v2: job start subcommand=snapshot-panel dry_run=False resume=True
2026-02-28T01:17:42Z INFO bsky_collector_v2.job.snapshot_panel: panel loaded feeds=118 path=D:\BlueSky\data_v2_full\labelerexp\panel\panel_v1.csv
2026-02-28T01:17:43Z INFO bsky_collector_v2.job.snapshot_panel: snapshot start hour=2026-02-28T01:00:00Z modes=['auth'] workers=8 tasks=118
2026-02-28T01:18:10Z INFO bsky_collector_v2.job.snapshot_panel: snapshot done hour=2026-02-28T01:00:00Z done=116 failed=2
2026-02-28T02:17:45Z INFO bsky_collector_v2: out_base ok path=D:\BlueSky\data_v2_full\labelerexp mount=D:\
2026-02-28T02:17:45Z INFO bsky_collector_v2: job start subcommand=snapshot-panel dry_run=False resume=True
2026-02-28T02:17:45Z INFO bsky_collector_v2.job.snapshot_panel: panel loaded feeds=118 path=D:\BlueSky\data_v2_full\labelerexp\panel\panel_v1.csv
2026-02-28T02:17:46Z INFO bsky_collector_v2.job.snapshot_panel: snapshot start hour=2026-02-28T02:00:00Z modes=['auth'] workers=8 tasks=118
2026-02-28T02:18:21Z INFO bsky_collector_v2.job.snapshot_panel: snapshot done hour=2026-02-28T02:00:00Z done=115 failed=3
2026-02-28T03:17:48Z INFO bsky_collector_v2: out_base ok path=D:\BlueSky\data_v2_full\labelerexp mount=D:\
2026-02-28T03:17:48Z INFO bsky_collector_v2: job start subcommand=snapshot-panel dry_run=False resume=True
2026-02-28T03:17:48Z INFO bsky_collector_v2.job.snapshot_panel: panel loaded feeds=118 path=D:\BlueSky\data_v2_full\labelerexp\panel\panel_v1.csv
2026-02-28T03:17:49Z INFO bsky_collector_v2.job.snapshot_panel: snapshot start hour=2026-02-28T03:00:00Z modes=['auth'] workers=8 tasks=118
2026-02-28T03:18:19Z INFO bsky_collector_v2.job.snapshot_panel: snapshot done hour=2026-02-28T03:00:00Z done=115 failed=3
2026-02-28T04:17:51Z INFO bsky_collector_v2: out_base ok path=D:\BlueSky\data_v2_full\labelerexp mount=D:\
2026-02-28T04:17:51Z INFO bsky_collector_v2: job start subcommand=snapshot-panel dry_run=False resume=True
2026-02-28T04:17:51Z INFO bsky_collector_v2.job.snapshot_panel: panel loaded feeds=118 path=D:\BlueSky\data_v2_full\labelerexp\panel\panel_v1.csv
2026-02-28T04:17:52Z INFO bsky_collector_v2.job.snapshot_panel: snapshot start hour=2026-02-28T04:00:00Z modes=['auth'] workers=8 tasks=118
2026-02-28T04:18:19Z INFO bsky_collector_v2.job.snapshot_panel: snapshot done hour=2026-02-28T04:00:00Z done=115 failed=3
2026-02-28T05:07:23Z INFO bsky_collector_v2: out_base ok path=D:\BlueSky\data_v2_full\labelerexp mount=D:\
2026-02-28T05:07:23Z INFO bsky_collector_v2: job start subcommand=build-labelerexp-panel dry_run=False resume=True
2026-02-28T05:07:23Z INFO bsky_collector_v2.job.build_labelerexp_panel: labelerexp panel build source_out_base=D:\BlueSky\data_v2_full metadata_day=2026-02-27 captured_at_utc=2026-02-27T23:38:04Z feeds=118
2026-02-28T05:07:23Z INFO bsky_collector_v2.job.build_labelerexp_panel: labelerexp panel written active=D:\BlueSky\data_v2_full\labelerexp\panel\panel_v1.csv version=D:\BlueSky\data_v2_full\labelerexp\panel\panel_versions\panel_v1_2026-02-28.csv
2026-02-28T05:17:55Z INFO bsky_collector_v2: out_base ok path=D:\BlueSky\data_v2_full\labelerexp mount=D:\
2026-02-28T05:17:55Z INFO bsky_collector_v2: job start subcommand=snapshot-panel dry_run=False resume=True
2026-02-28T05:17:55Z INFO bsky_collector_v2.job.snapshot_panel: panel loaded feeds=118 path=D:\BlueSky\data_v2_full\labelerexp\panel\panel_v1.csv
2026-02-28T05:17:56Z INFO bsky_collector_v2.job.snapshot_panel: snapshot start hour=2026-02-28T05:00:00Z modes=['auth'] workers=8 tasks=118
2026-02-28T05:18:23Z INFO bsky_collector_v2.job.snapshot_panel: snapshot done hour=2026-02-28T05:00:00Z done=115 failed=3
2026-02-28T06:17:58Z INFO bsky_collector_v2: out_base ok path=D:\BlueSky\data_v2_full\labelerexp mount=D:\
2026-02-28T06:17:58Z INFO bsky_collector_v2: job start subcommand=snapshot-panel dry_run=False resume=True
2026-02-28T06:17:58Z INFO bsky_collector_v2.job.snapshot_panel: panel loaded feeds=118 path=D:\BlueSky\data_v2_full\labelerexp\panel\panel_v1.csv
2026-02-28T06:17:59Z INFO bsky_collector_v2.job.snapshot_panel: snapshot start hour=2026-02-28T06:00:00Z modes=['auth'] workers=8 tasks=118
2026-02-28T06:18:27Z INFO bsky_collector_v2.job.snapshot_panel: snapshot done hour=2026-02-28T06:00:00Z done=115 failed=3
2026-02-28T07:18:01Z INFO bsky_collector_v2: out_base ok path=D:\BlueSky\data_v2_full\labelerexp mount=D:\
2026-02-28T07:18:01Z INFO bsky_collector_v2: job start subcommand=snapshot-panel dry_run=False resume=True
2026-02-28T07:18:01Z INFO bsky_collector_v2.job.snapshot_panel: panel loaded feeds=118 path=D:\BlueSky\data_v2_full\labelerexp\panel\panel_v1.csv
2026-02-28T07:18:02Z INFO bsky_collector_v2.job.snapshot_panel: snapshot start hour=2026-02-28T07:00:00Z modes=['auth'] workers=8 tasks=118
2026-02-28T07:18:35Z INFO bsky_collector_v2.job.snapshot_panel: snapshot done hour=2026-02-28T07:00:00Z done=115 failed=3
2026-02-28T08:18:04Z INFO bsky_collector_v2: out_base ok path=D:\BlueSky\data_v2_full\labelerexp mount=D:\
2026-02-28T08:18:04Z INFO bsky_collector_v2: job start subcommand=snapshot-panel dry_run=False resume=True
2026-02-28T08:18:04Z INFO bsky_collector_v2.job.snapshot_panel: panel loaded feeds=118 path=D:\BlueSky\data_v2_full\labelerexp\panel\panel_v1.csv
2026-02-28T08:18:05Z INFO bsky_collector_v2.job.snapshot_panel: snapshot start hour=2026-02-28T08:00:00Z modes=['auth'] workers=8 tasks=118
2026-02-28T08:18:34Z INFO bsky_collector_v2.job.snapshot_panel: snapshot done hour=2026-02-28T08:00:00Z done=115 failed=3
2026-02-28T09:18:08Z INFO bsky_collector_v2: out_base ok path=D:\BlueSky\data_v2_full\labelerexp mount=D:\
2026-02-28T09:18:08Z INFO bsky_collector_v2: job start subcommand=snapshot-panel dry_run=False resume=True
2026-02-28T09:18:08Z INFO bsky_collector_v2.job.snapshot_panel: panel loaded feeds=118 path=D:\BlueSky\data_v2_full\labelerexp\panel\panel_v1.csv
2026-02-28T09:18:11Z INFO bsky_collector_v2.job.snapshot_panel: snapshot start hour=2026-02-28T09:00:00Z modes=['auth'] workers=8 tasks=118
2026-02-28T09:18:43Z INFO bsky_collector_v2.job.snapshot_panel: snapshot done hour=2026-02-28T09:00:00Z done=115 failed=3
2026-02-28T10:18:11Z INFO bsky_collector_v2: out_base ok path=D:\BlueSky\data_v2_full\labelerexp mount=D:\
2026-02-28T10:18:11Z INFO bsky_collector_v2: job start subcommand=snapshot-panel dry_run=False resume=True
2026-02-28T10:18:11Z INFO bsky_collector_v2.job.snapshot_panel: panel loaded feeds=118 path=D:\BlueSky\data_v2_full\labelerexp\panel\panel_v1.csv
2026-02-28T10:18:13Z INFO bsky_collector_v2.job.snapshot_panel: snapshot start hour=2026-02-28T10:00:00Z modes=['auth'] workers=8 tasks=118
2026-02-28T10:18:41Z INFO bsky_collector_v2.job.snapshot_panel: snapshot done hour=2026-02-28T10:00:00Z done=115 failed=3
2026-02-28T11:07:43Z INFO bsky_collector_v2: out_base ok path=D:\BlueSky\data_v2_full\labelerexp mount=D:\
2026-02-28T11:07:43Z INFO bsky_collector_v2: job start subcommand=build-labelerexp-panel dry_run=False resume=True
2026-02-28T11:07:43Z INFO bsky_collector_v2.job.build_labelerexp_panel: labelerexp panel build source_out_base=D:\BlueSky\data_v2_full metadata_day=2026-02-27 captured_at_utc=2026-02-27T23:38:04Z feeds=118
2026-02-28T11:07:43Z INFO bsky_collector_v2.job.build_labelerexp_panel: labelerexp panel written active=D:\BlueSky\data_v2_full\labelerexp\panel\panel_v1.csv version=D:\BlueSky\data_v2_full\labelerexp\panel\panel_versions\panel_v1_2026-02-28.csv
2026-02-28T11:18:15Z INFO bsky_collector_v2: out_base ok path=D:\BlueSky\data_v2_full\labelerexp mount=D:\
2026-02-28T11:18:15Z INFO bsky_collector_v2: job start subcommand=snapshot-panel dry_run=False resume=True
2026-02-28T11:18:15Z INFO bsky_collector_v2.job.snapshot_panel: panel loaded feeds=118 path=D:\BlueSky\data_v2_full\labelerexp\panel\panel_v1.csv
2026-02-28T11:18:16Z INFO bsky_collector_v2.job.snapshot_panel: snapshot start hour=2026-02-28T11:00:00Z modes=['auth'] workers=8 tasks=118
2026-02-28T11:18:44Z INFO bsky_collector_v2.job.snapshot_panel: snapshot done hour=2026-02-28T11:00:00Z done=115 failed=3
2026-02-28T12:18:18Z INFO bsky_collector_v2: out_base ok path=D:\BlueSky\data_v2_full\labelerexp mount=D:\
2026-02-28T12:18:18Z INFO bsky_collector_v2: job start subcommand=snapshot-panel dry_run=False resume=True
2026-02-28T12:18:18Z INFO bsky_collector_v2.job.snapshot_panel: panel loaded feeds=118 path=D:\BlueSky\data_v2_full\labelerexp\panel\panel_v1.csv
2026-02-28T12:18:33Z INFO bsky_collector_v2.job.snapshot_panel: snapshot start hour=2026-02-28T12:00:00Z modes=['auth'] workers=8 tasks=118
2026-02-28T12:19:01Z INFO bsky_collector_v2.job.snapshot_panel: snapshot done hour=2026-02-28T12:00:00Z done=115 failed=3
2026-02-28T13:18:21Z INFO bsky_collector_v2: out_base ok path=D:\BlueSky\data_v2_full\labelerexp mount=D:\
2026-02-28T13:18:21Z INFO bsky_collector_v2: job start subcommand=snapshot-panel dry_run=False resume=True
2026-02-28T13:18:21Z INFO bsky_collector_v2.job.snapshot_panel: panel loaded feeds=118 path=D:\BlueSky\data_v2_full\labelerexp\panel\panel_v1.csv
2026-02-28T13:18:23Z INFO bsky_collector_v2.job.snapshot_panel: snapshot start hour=2026-02-28T13:00:00Z modes=['auth'] workers=8 tasks=118
2026-02-28T13:18:50Z INFO bsky_collector_v2.job.snapshot_panel: snapshot done hour=2026-02-28T13:00:00Z done=115 failed=3
2026-02-28T14:18:24Z INFO bsky_collector_v2: out_base ok path=D:\BlueSky\data_v2_full\labelerexp mount=D:\
2026-02-28T14:18:24Z INFO bsky_collector_v2: job start subcommand=snapshot-panel dry_run=False resume=True
2026-02-28T14:18:24Z INFO bsky_collector_v2.job.snapshot_panel: panel loaded feeds=118 path=D:\BlueSky\data_v2_full\labelerexp\panel\panel_v1.csv
2026-02-28T14:18:27Z INFO bsky_collector_v2.job.snapshot_panel: snapshot start hour=2026-02-28T14:00:00Z modes=['auth'] workers=8 tasks=118
2026-02-28T14:18:55Z INFO bsky_collector_v2.job.snapshot_panel: snapshot done hour=2026-02-28T14:00:00Z done=115 failed=3
2026-02-28T15:18:29Z INFO bsky_collector_v2: out_base ok path=D:\BlueSky\data_v2_full\labelerexp mount=D:\
2026-02-28T15:18:29Z INFO bsky_collector_v2: job start subcommand=snapshot-panel dry_run=False resume=True
2026-02-28T15:18:29Z INFO bsky_collector_v2.job.snapshot_panel: panel loaded feeds=118 path=D:\BlueSky\data_v2_full\labelerexp\panel\panel_v1.csv
2026-02-28T15:18:30Z INFO bsky_collector_v2.job.snapshot_panel: snapshot start hour=2026-02-28T15:00:00Z modes=['auth'] workers=8 tasks=118
2026-02-28T15:18:58Z INFO bsky_collector_v2.job.snapshot_panel: snapshot done hour=2026-02-28T15:00:00Z done=115 failed=3
2026-02-28T16:18:32Z INFO bsky_collector_v2: out_base ok path=D:\BlueSky\data_v2_full\labelerexp mount=D:\
2026-02-28T16:18:32Z INFO bsky_collector_v2: job start subcommand=snapshot-panel dry_run=False resume=True
2026-02-28T16:18:32Z INFO bsky_collector_v2.job.snapshot_panel: panel loaded feeds=118 path=D:\BlueSky\data_v2_full\labelerexp\panel\panel_v1.csv
2026-02-28T16:18:33Z INFO bsky_collector_v2.job.snapshot_panel: snapshot start hour=2026-02-28T16:00:00Z modes=['auth'] workers=8 tasks=118
2026-02-28T16:19:01Z INFO bsky_collector_v2.job.snapshot_panel: snapshot done hour=2026-02-28T16:00:00Z done=114 failed=4
2026-02-28T17:08:05Z INFO bsky_collector_v2: out_base ok path=D:\BlueSky\data_v2_full\labelerexp mount=D:\
2026-02-28T17:08:05Z INFO bsky_collector_v2: job start subcommand=build-labelerexp-panel dry_run=False resume=True
2026-02-28T17:08:05Z INFO bsky_collector_v2.job.build_labelerexp_panel: labelerexp panel build source_out_base=D:\BlueSky\data_v2_full metadata_day=2026-02-27 captured_at_utc=2026-02-27T23:38:04Z feeds=118
2026-02-28T17:08:05Z INFO bsky_collector_v2.job.build_labelerexp_panel: labelerexp panel written active=D:\BlueSky\data_v2_full\labelerexp\panel\panel_v1.csv version=D:\BlueSky\data_v2_full\labelerexp\panel\panel_versions\panel_v1_2026-02-28.csv
2026-02-28T17:18:36Z INFO bsky_collector_v2: out_base ok path=D:\BlueSky\data_v2_full\labelerexp mount=D:\
2026-02-28T17:18:36Z INFO bsky_collector_v2: job start subcommand=snapshot-panel dry_run=False resume=True
2026-02-28T17:18:36Z INFO bsky_collector_v2.job.snapshot_panel: panel loaded feeds=118 path=D:\BlueSky\data_v2_full\labelerexp\panel\panel_v1.csv
2026-02-28T17:18:38Z INFO bsky_collector_v2.job.snapshot_panel: snapshot start hour=2026-02-28T17:00:00Z modes=['auth'] workers=8 tasks=118
2026-02-28T17:19:05Z INFO bsky_collector_v2.job.snapshot_panel: snapshot done hour=2026-02-28T17:00:00Z done=114 failed=4
2026-02-28T18:18:39Z INFO bsky_collector_v2: out_base ok path=D:\BlueSky\data_v2_full\labelerexp mount=D:\
2026-02-28T18:18:39Z INFO bsky_collector_v2: job start subcommand=snapshot-panel dry_run=False resume=True
2026-02-28T18:18:39Z INFO bsky_collector_v2.job.snapshot_panel: panel loaded feeds=118 path=D:\BlueSky\data_v2_full\labelerexp\panel\panel_v1.csv
2026-02-28T18:18:40Z INFO bsky_collector_v2.job.snapshot_panel: snapshot start hour=2026-02-28T18:00:00Z modes=['auth'] workers=8 tasks=118
2026-02-28T18:19:07Z INFO bsky_collector_v2.job.snapshot_panel: snapshot done hour=2026-02-28T18:00:00Z done=114 failed=4
2026-02-28T19:18:42Z INFO bsky_collector_v2: out_base ok path=D:\BlueSky\data_v2_full\labelerexp mount=D:\
2026-02-28T19:18:42Z INFO bsky_collector_v2: job start subcommand=snapshot-panel dry_run=False resume=True
2026-02-28T19:18:43Z INFO bsky_collector_v2.job.snapshot_panel: panel loaded feeds=118 path=D:\BlueSky\data_v2_full\labelerexp\panel\panel_v1.csv
2026-02-28T19:18:43Z INFO bsky_collector_v2.job.snapshot_panel: snapshot start hour=2026-02-28T19:00:00Z modes=['auth'] workers=8 tasks=118
2026-02-28T19:19:12Z INFO bsky_collector_v2.job.snapshot_panel: snapshot done hour=2026-02-28T19:00:00Z done=115 failed=3
2026-02-28T20:18:46Z INFO bsky_collector_v2: out_base ok path=D:\BlueSky\data_v2_full\labelerexp mount=D:\
2026-02-28T20:18:46Z INFO bsky_collector_v2: job start subcommand=snapshot-panel dry_run=False resume=True
2026-02-28T20:18:46Z INFO bsky_collector_v2.job.snapshot_panel: panel loaded feeds=118 path=D:\BlueSky\data_v2_full\labelerexp\panel\panel_v1.csv
2026-02-28T20:18:47Z INFO bsky_collector_v2.job.snapshot_panel: snapshot start hour=2026-02-28T20:00:00Z modes=['auth'] workers=8 tasks=118
2026-02-28T20:19:16Z INFO bsky_collector_v2.job.snapshot_panel: snapshot done hour=2026-02-28T20:00:00Z done=114 failed=4
2026-02-28T21:18:49Z INFO bsky_collector_v2: out_base ok path=D:\BlueSky\data_v2_full\labelerexp mount=D:\
2026-02-28T21:18:49Z INFO bsky_collector_v2: job start subcommand=snapshot-panel dry_run=False resume=True
2026-02-28T21:18:49Z INFO bsky_collector_v2.job.snapshot_panel: panel loaded feeds=118 path=D:\BlueSky\data_v2_full\labelerexp\panel\panel_v1.csv
2026-02-28T21:18:50Z INFO bsky_collector_v2.job.snapshot_panel: snapshot start hour=2026-02-28T21:00:00Z modes=['auth'] workers=8 tasks=118
2026-02-28T21:19:17Z INFO bsky_collector_v2.job.snapshot_panel: snapshot done hour=2026-02-28T21:00:00Z done=115 failed=3
2026-02-28T22:18:52Z INFO bsky_collector_v2: out_base ok path=D:\BlueSky\data_v2_full\labelerexp mount=D:\
2026-02-28T22:18:52Z INFO bsky_collector_v2: job start subcommand=snapshot-panel dry_run=False resume=True
2026-02-28T22:18:52Z INFO bsky_collector_v2.job.snapshot_panel: panel loaded feeds=118 path=D:\BlueSky\data_v2_full\labelerexp\panel\panel_v1.csv
2026-02-28T22:18:53Z INFO bsky_collector_v2.job.snapshot_panel: snapshot start hour=2026-02-28T22:00:00Z modes=['auth'] workers=8 tasks=118
2026-02-28T22:19:20Z INFO bsky_collector_v2.job.snapshot_panel: snapshot done hour=2026-02-28T22:00:00Z done=116 failed=2
2026-02-28T23:08:25Z INFO bsky_collector_v2: out_base ok path=D:\BlueSky\data_v2_full\labelerexp mount=D:\
2026-02-28T23:08:25Z INFO bsky_collector_v2: job start subcommand=build-labelerexp-panel dry_run=False resume=True
2026-02-28T23:08:25Z INFO bsky_collector_v2.job.build_labelerexp_panel: labelerexp panel build source_out_base=D:\BlueSky\data_v2_full metadata_day=2026-02-27 captured_at_utc=2026-02-27T23:38:04Z feeds=118
2026-02-28T23:08:25Z INFO bsky_collector_v2.job.build_labelerexp_panel: labelerexp panel written active=D:\BlueSky\data_v2_full\labelerexp\panel\panel_v1.csv version=D:\BlueSky\data_v2_full\labelerexp\panel\panel_versions\panel_v1_2026-02-28.csv
2026-02-28T23:18:56Z INFO bsky_collector_v2: out_base ok path=D:\BlueSky\data_v2_full\labelerexp mount=D:\
2026-02-28T23:18:56Z INFO bsky_collector_v2: job start subcommand=snapshot-panel dry_run=False resume=True
2026-02-28T23:18:56Z INFO bsky_collector_v2.job.snapshot_panel: panel loaded feeds=118 path=D:\BlueSky\data_v2_full\labelerexp\panel\panel_v1.csv
2026-02-28T23:18:57Z INFO bsky_collector_v2.job.snapshot_panel: snapshot start hour=2026-02-28T23:00:00Z modes=['auth'] workers=8 tasks=118
2026-02-28T23:19:25Z INFO bsky_collector_v2.job.snapshot_panel: snapshot done hour=2026-02-28T23:00:00Z done=116 failed=2
2026-03-01T00:19:00Z INFO bsky_collector_v2: out_base ok path=D:\BlueSky\data_v2_full\labelerexp mount=D:\
2026-03-01T00:19:00Z INFO bsky_collector_v2: job start subcommand=snapshot-panel dry_run=False resume=True
2026-03-01T00:19:00Z INFO bsky_collector_v2.job.snapshot_panel: panel loaded feeds=118 path=D:\BlueSky\data_v2_full\labelerexp\panel\panel_v1.csv
2026-03-01T00:19:01Z INFO bsky_collector_v2.job.snapshot_panel: snapshot start hour=2026-03-01T00:00:00Z modes=['auth'] workers=8 tasks=118
2026-03-01T00:19:28Z INFO bsky_collector_v2.job.snapshot_panel: snapshot done hour=2026-03-01T00:00:00Z done=116 failed=2
2026-03-01T01:19:03Z INFO bsky_collector_v2: out_base ok path=D:\BlueSky\data_v2_full\labelerexp mount=D:\
2026-03-01T01:19:03Z INFO bsky_collector_v2: job start subcommand=snapshot-panel dry_run=False resume=True
2026-03-01T01:19:03Z INFO bsky_collector_v2.job.snapshot_panel: panel loaded feeds=118 path=D:\BlueSky\data_v2_full\labelerexp\panel\panel_v1.csv
2026-03-01T01:19:04Z INFO bsky_collector_v2.job.snapshot_panel: snapshot start hour=2026-03-01T01:00:00Z modes=['auth'] workers=8 tasks=118
2026-03-01T01:19:32Z INFO bsky_collector_v2.job.snapshot_panel: snapshot done hour=2026-03-01T01:00:00Z done=115 failed=3
2026-03-01T02:19:06Z INFO bsky_collector_v2: out_base ok path=D:\BlueSky\data_v2_full\labelerexp mount=D:\
2026-03-01T02:19:06Z INFO bsky_collector_v2: job start subcommand=snapshot-panel dry_run=False resume=True
2026-03-01T02:19:06Z INFO bsky_collector_v2.job.snapshot_panel: panel loaded feeds=118 path=D:\BlueSky\data_v2_full\labelerexp\panel\panel_v1.csv
2026-03-01T02:19:07Z INFO bsky_collector_v2.job.snapshot_panel: snapshot start hour=2026-03-01T02:00:00Z modes=['auth'] workers=8 tasks=118
2026-03-01T02:19:34Z INFO bsky_collector_v2.job.snapshot_panel: snapshot done hour=2026-03-01T02:00:00Z done=115 failed=3
2026-03-01T03:19:10Z INFO bsky_collector_v2: out_base ok path=D:\BlueSky\data_v2_full\labelerexp mount=D:\
2026-03-01T03:19:10Z INFO bsky_collector_v2: job start subcommand=snapshot-panel dry_run=False resume=True
2026-03-01T03:19:10Z INFO bsky_collector_v2.job.snapshot_panel: panel loaded feeds=118 path=D:\BlueSky\data_v2_full\labelerexp\panel\panel_v1.csv
2026-03-01T03:19:11Z INFO bsky_collector_v2.job.snapshot_panel: snapshot start hour=2026-03-01T03:00:00Z modes=['auth'] workers=8 tasks=118
2026-03-01T03:19:38Z INFO bsky_collector_v2.job.snapshot_panel: snapshot done hour=2026-03-01T03:00:00Z done=115 failed=3
2026-03-01T04:19:13Z INFO bsky_collector_v2: out_base ok path=D:\BlueSky\data_v2_full\labelerexp mount=D:\
2026-03-01T04:19:13Z INFO bsky_collector_v2: job start subcommand=snapshot-panel dry_run=False resume=True
2026-03-01T04:19:13Z INFO bsky_collector_v2.job.snapshot_panel: panel loaded feeds=118 path=D:\BlueSky\data_v2_full\labelerexp\panel\panel_v1.csv
2026-03-01T04:19:14Z INFO bsky_collector_v2.job.snapshot_panel: snapshot start hour=2026-03-01T04:00:00Z modes=['auth'] workers=8 tasks=118
2026-03-01T04:19:41Z INFO bsky_collector_v2.job.snapshot_panel: snapshot done hour=2026-03-01T04:00:00Z done=116 failed=2
2026-03-01T05:08:46Z INFO bsky_collector_v2: out_base ok path=D:\BlueSky\data_v2_full\labelerexp mount=D:\
2026-03-01T05:08:46Z INFO bsky_collector_v2: job start subcommand=build-labelerexp-panel dry_run=False resume=True
2026-03-01T05:08:46Z INFO bsky_collector_v2.job.build_labelerexp_panel: labelerexp panel build source_out_base=D:\BlueSky\data_v2_full metadata_day=2026-02-28 captured_at_utc=2026-02-28T23:59:56Z feeds=118
2026-03-01T05:08:46Z INFO bsky_collector_v2.job.build_labelerexp_panel: labelerexp panel written active=D:\BlueSky\data_v2_full\labelerexp\panel\panel_v1.csv version=D:\BlueSky\data_v2_full\labelerexp\panel\panel_versions\panel_v1_2026-03-01.csv
2026-03-01T05:19:17Z INFO bsky_collector_v2: out_base ok path=D:\BlueSky\data_v2_full\labelerexp mount=D:\
2026-03-01T05:19:17Z INFO bsky_collector_v2: job start subcommand=snapshot-panel dry_run=False resume=True
2026-03-01T05:19:17Z INFO bsky_collector_v2.job.snapshot_panel: panel loaded feeds=118 path=D:\BlueSky\data_v2_full\labelerexp\panel\panel_v1.csv
2026-03-01T05:19:18Z INFO bsky_collector_v2.job.snapshot_panel: snapshot start hour=2026-03-01T05:00:00Z modes=['auth'] workers=8 tasks=118
2026-03-01T05:19:46Z INFO bsky_collector_v2.job.snapshot_panel: snapshot done hour=2026-03-01T05:00:00Z done=115 failed=3
2026-03-01T06:19:20Z INFO bsky_collector_v2: out_base ok path=D:\BlueSky\data_v2_full\labelerexp mount=D:\
2026-03-01T06:19:20Z INFO bsky_collector_v2: job start subcommand=snapshot-panel dry_run=False resume=True
2026-03-01T06:19:21Z INFO bsky_collector_v2.job.snapshot_panel: panel loaded feeds=118 path=D:\BlueSky\data_v2_full\labelerexp\panel\panel_v1.csv
2026-03-01T06:19:21Z INFO bsky_collector_v2.job.snapshot_panel: snapshot start hour=2026-03-01T06:00:00Z modes=['auth'] workers=8 tasks=118
2026-03-01T06:19:50Z INFO bsky_collector_v2.job.snapshot_panel: snapshot done hour=2026-03-01T06:00:00Z done=115 failed=3
2026-03-01T07:19:24Z INFO bsky_collector_v2: out_base ok path=D:\BlueSky\data_v2_full\labelerexp mount=D:\
2026-03-01T07:19:24Z INFO bsky_collector_v2: job start subcommand=snapshot-panel dry_run=False resume=True
2026-03-01T07:19:24Z INFO bsky_collector_v2.job.snapshot_panel: panel loaded feeds=118 path=D:\BlueSky\data_v2_full\labelerexp\panel\panel_v1.csv
2026-03-01T07:19:25Z INFO bsky_collector_v2.job.snapshot_panel: snapshot start hour=2026-03-01T07:00:00Z modes=['auth'] workers=8 tasks=118
2026-03-01T07:19:53Z INFO bsky_collector_v2.job.snapshot_panel: snapshot done hour=2026-03-01T07:00:00Z done=116 failed=2
2026-03-01T08:19:27Z INFO bsky_collector_v2: out_base ok path=D:\BlueSky\data_v2_full\labelerexp mount=D:\
2026-03-01T08:19:27Z INFO bsky_collector_v2: job start subcommand=snapshot-panel dry_run=False resume=True
2026-03-01T08:19:27Z INFO bsky_collector_v2.job.snapshot_panel: panel loaded feeds=118 path=D:\BlueSky\data_v2_full\labelerexp\panel\panel_v1.csv
2026-03-01T08:19:28Z INFO bsky_collector_v2.job.snapshot_panel: snapshot start hour=2026-03-01T08:00:00Z modes=['auth'] workers=8 tasks=118
2026-03-01T08:19:56Z INFO bsky_collector_v2.job.snapshot_panel: snapshot done hour=2026-03-01T08:00:00Z done=116 failed=2
2026-03-01T09:19:31Z INFO bsky_collector_v2: out_base ok path=D:\BlueSky\data_v2_full\labelerexp mount=D:\
2026-03-01T09:19:31Z INFO bsky_collector_v2: job start subcommand=snapshot-panel dry_run=False resume=True
2026-03-01T09:19:31Z INFO bsky_collector_v2.job.snapshot_panel: panel loaded feeds=118 path=D:\BlueSky\data_v2_full\labelerexp\panel\panel_v1.csv
2026-03-01T09:19:32Z INFO bsky_collector_v2.job.snapshot_panel: snapshot start hour=2026-03-01T09:00:00Z modes=['auth'] workers=8 tasks=118
2026-03-01T09:20:00Z INFO bsky_collector_v2.job.snapshot_panel: snapshot done hour=2026-03-01T09:00:00Z done=116 failed=2
2026-03-01T10:19:34Z INFO bsky_collector_v2: out_base ok path=D:\BlueSky\data_v2_full\labelerexp mount=D:\
2026-03-01T10:19:34Z INFO bsky_collector_v2: job start subcommand=snapshot-panel dry_run=False resume=True
2026-03-01T10:19:34Z INFO bsky_collector_v2.job.snapshot_panel: panel loaded feeds=118 path=D:\BlueSky\data_v2_full\labelerexp\panel\panel_v1.csv
2026-03-01T10:19:35Z INFO bsky_collector_v2.job.snapshot_panel: snapshot start hour=2026-03-01T10:00:00Z modes=['auth'] workers=8 tasks=118
2026-03-01T10:20:03Z INFO bsky_collector_v2.job.snapshot_panel: snapshot done hour=2026-03-01T10:00:00Z done=116 failed=2
2026-03-01T11:09:07Z INFO bsky_collector_v2: out_base ok path=D:\BlueSky\data_v2_full\labelerexp mount=D:\
2026-03-01T11:09:07Z INFO bsky_collector_v2: job start subcommand=build-labelerexp-panel dry_run=False resume=True
2026-03-01T11:09:07Z INFO bsky_collector_v2.job.build_labelerexp_panel: labelerexp panel build source_out_base=D:\BlueSky\data_v2_full metadata_day=2026-02-28 captured_at_utc=2026-02-28T23:59:56Z feeds=118
2026-03-01T11:09:07Z INFO bsky_collector_v2.job.build_labelerexp_panel: labelerexp panel written active=D:\BlueSky\data_v2_full\labelerexp\panel\panel_v1.csv version=D:\BlueSky\data_v2_full\labelerexp\panel\panel_versions\panel_v1_2026-03-01.csv
2026-03-01T11:19:38Z INFO bsky_collector_v2: out_base ok path=D:\BlueSky\data_v2_full\labelerexp mount=D:\
2026-03-01T11:19:38Z INFO bsky_collector_v2: job start subcommand=snapshot-panel dry_run=False resume=True
2026-03-01T11:19:38Z INFO bsky_collector_v2.job.snapshot_panel: panel loaded feeds=118 path=D:\BlueSky\data_v2_full\labelerexp\panel\panel_v1.csv
2026-03-01T11:19:39Z INFO bsky_collector_v2.job.snapshot_panel: snapshot start hour=2026-03-01T11:00:00Z modes=['auth'] workers=8 tasks=118
2026-03-01T11:20:08Z INFO bsky_collector_v2.job.snapshot_panel: snapshot done hour=2026-03-01T11:00:00Z done=116 failed=2
2026-03-01T12:19:41Z INFO bsky_collector_v2: out_base ok path=D:\BlueSky\data_v2_full\labelerexp mount=D:\
2026-03-01T12:19:41Z INFO bsky_collector_v2: job start subcommand=snapshot-panel dry_run=False resume=True
2026-03-01T12:19:41Z INFO bsky_collector_v2.job.snapshot_panel: panel loaded feeds=118 path=D:\BlueSky\data_v2_full\labelerexp\panel\panel_v1.csv
2026-03-01T12:19:42Z INFO bsky_collector_v2.job.snapshot_panel: snapshot start hour=2026-03-01T12:00:00Z modes=['auth'] workers=8 tasks=118
2026-03-01T12:20:11Z INFO bsky_collector_v2.job.snapshot_panel: snapshot done hour=2026-03-01T12:00:00Z done=116 failed=2
2026-03-01T13:19:44Z INFO bsky_collector_v2: out_base ok path=D:\BlueSky\data_v2_full\labelerexp mount=D:\
2026-03-01T13:19:44Z INFO bsky_collector_v2: job start subcommand=snapshot-panel dry_run=False resume=True
2026-03-01T13:19:44Z INFO bsky_collector_v2.job.snapshot_panel: panel loaded feeds=118 path=D:\BlueSky\data_v2_full\labelerexp\panel\panel_v1.csv
2026-03-01T13:19:45Z INFO bsky_collector_v2.job.snapshot_panel: snapshot start hour=2026-03-01T13:00:00Z modes=['auth'] workers=8 tasks=118
2026-03-01T13:20:14Z INFO bsky_collector_v2.job.snapshot_panel: snapshot done hour=2026-03-01T13:00:00Z done=116 failed=2
2026-03-01T14:19:47Z INFO bsky_collector_v2: out_base ok path=D:\BlueSky\data_v2_full\labelerexp mount=D:\
2026-03-01T14:19:47Z INFO bsky_collector_v2: job start subcommand=snapshot-panel dry_run=False resume=True
2026-03-01T14:19:47Z INFO bsky_collector_v2.job.snapshot_panel: panel loaded feeds=118 path=D:\BlueSky\data_v2_full\labelerexp\panel\panel_v1.csv
2026-03-01T14:19:48Z INFO bsky_collector_v2.job.snapshot_panel: snapshot start hour=2026-03-01T14:00:00Z modes=['auth'] workers=8 tasks=118
2026-03-01T14:20:24Z INFO bsky_collector_v2.job.snapshot_panel: snapshot done hour=2026-03-01T14:00:00Z done=115 failed=3
2026-03-01T15:19:50Z INFO bsky_collector_v2: out_base ok path=D:\BlueSky\data_v2_full\labelerexp mount=D:\
2026-03-01T15:19:50Z INFO bsky_collector_v2: job start subcommand=snapshot-panel dry_run=False resume=True
2026-03-01T15:19:50Z INFO bsky_collector_v2.job.snapshot_panel: panel loaded feeds=118 path=D:\BlueSky\data_v2_full\labelerexp\panel\panel_v1.csv
2026-03-01T15:19:51Z INFO bsky_collector_v2.job.snapshot_panel: snapshot start hour=2026-03-01T15:00:00Z modes=['auth'] workers=8 tasks=118
2026-03-01T15:20:20Z INFO bsky_collector_v2.job.snapshot_panel: snapshot done hour=2026-03-01T15:00:00Z done=116 failed=2
2026-03-01T16:19:54Z INFO bsky_collector_v2: out_base ok path=D:\BlueSky\data_v2_full\labelerexp mount=D:\
2026-03-01T16:19:54Z INFO bsky_collector_v2: job start subcommand=snapshot-panel dry_run=False resume=True
2026-03-01T16:19:54Z INFO bsky_collector_v2.job.snapshot_panel: panel loaded feeds=118 path=D:\BlueSky\data_v2_full\labelerexp\panel\panel_v1.csv
2026-03-01T16:19:55Z INFO bsky_collector_v2.job.snapshot_panel: snapshot start hour=2026-03-01T16:00:00Z modes=['auth'] workers=8 tasks=118
2026-03-01T16:20:23Z INFO bsky_collector_v2.job.snapshot_panel: snapshot done hour=2026-03-01T16:00:00Z done=116 failed=2
2026-03-01T17:09:26Z INFO bsky_collector_v2: out_base ok path=D:\BlueSky\data_v2_full\labelerexp mount=D:\
2026-03-01T17:09:26Z INFO bsky_collector_v2: job start subcommand=build-labelerexp-panel dry_run=False resume=True
2026-03-01T17:09:26Z INFO bsky_collector_v2.job.build_labelerexp_panel: labelerexp panel build source_out_base=D:\BlueSky\data_v2_full metadata_day=2026-02-28 captured_at_utc=2026-02-28T23:59:56Z feeds=118
2026-03-01T17:09:26Z INFO bsky_collector_v2.job.build_labelerexp_panel: labelerexp panel written active=D:\BlueSky\data_v2_full\labelerexp\panel\panel_v1.csv version=D:\BlueSky\data_v2_full\labelerexp\panel\panel_versions\panel_v1_2026-03-01.csv
2026-03-01T17:19:58Z INFO bsky_collector_v2: out_base ok path=D:\BlueSky\data_v2_full\labelerexp mount=D:\
2026-03-01T17:19:58Z INFO bsky_collector_v2: job start subcommand=snapshot-panel dry_run=False resume=True
2026-03-01T17:19:58Z INFO bsky_collector_v2.job.snapshot_panel: panel loaded feeds=118 path=D:\BlueSky\data_v2_full\labelerexp\panel\panel_v1.csv
2026-03-01T17:19:59Z INFO bsky_collector_v2.job.snapshot_panel: snapshot start hour=2026-03-01T17:00:00Z modes=['auth'] workers=8 tasks=118
2026-03-01T17:20:26Z INFO bsky_collector_v2.job.snapshot_panel: snapshot done hour=2026-03-01T17:00:00Z done=115 failed=3
2026-03-01T18:20:01Z INFO bsky_collector_v2: out_base ok path=D:\BlueSky\data_v2_full\labelerexp mount=D:\
2026-03-01T18:20:01Z INFO bsky_collector_v2: job start subcommand=snapshot-panel dry_run=False resume=True
2026-03-01T18:20:01Z INFO bsky_collector_v2.job.snapshot_panel: panel loaded feeds=118 path=D:\BlueSky\data_v2_full\labelerexp\panel\panel_v1.csv
2026-03-01T18:20:02Z INFO bsky_collector_v2.job.snapshot_panel: snapshot start hour=2026-03-01T18:00:00Z modes=['auth'] workers=8 tasks=118
2026-03-01T18:20:30Z INFO bsky_collector_v2.job.snapshot_panel: snapshot done hour=2026-03-01T18:00:00Z done=115 failed=3
2026-03-01T19:20:04Z INFO bsky_collector_v2: out_base ok path=D:\BlueSky\data_v2_full\labelerexp mount=D:\
2026-03-01T19:20:04Z INFO bsky_collector_v2: job start subcommand=snapshot-panel dry_run=False resume=True
2026-03-01T19:20:04Z INFO bsky_collector_v2.job.snapshot_panel: panel loaded feeds=118 path=D:\BlueSky\data_v2_full\labelerexp\panel\panel_v1.csv
2026-03-01T19:20:05Z INFO bsky_collector_v2.job.snapshot_panel: snapshot start hour=2026-03-01T19:00:00Z modes=['auth'] workers=8 tasks=118
2026-03-01T19:20:33Z INFO bsky_collector_v2.job.snapshot_panel: snapshot done hour=2026-03-01T19:00:00Z done=114 failed=4
2026-03-01T20:20:07Z INFO bsky_collector_v2: out_base ok path=D:\BlueSky\data_v2_full\labelerexp mount=D:\
2026-03-01T20:20:07Z INFO bsky_collector_v2: job start subcommand=snapshot-panel dry_run=False resume=True
2026-03-01T20:20:07Z INFO bsky_collector_v2.job.snapshot_panel: panel loaded feeds=118 path=D:\BlueSky\data_v2_full\labelerexp\panel\panel_v1.csv
2026-03-01T20:20:08Z INFO bsky_collector_v2.job.snapshot_panel: snapshot start hour=2026-03-01T20:00:00Z modes=['auth'] workers=8 tasks=118
2026-03-01T20:20:36Z INFO bsky_collector_v2.job.snapshot_panel: snapshot done hour=2026-03-01T20:00:00Z done=113 failed=5
2026-03-01T21:20:11Z INFO bsky_collector_v2: out_base ok path=D:\BlueSky\data_v2_full\labelerexp mount=D:\
2026-03-01T21:20:11Z INFO bsky_collector_v2: job start subcommand=snapshot-panel dry_run=False resume=True
2026-03-01T21:20:11Z INFO bsky_collector_v2.job.snapshot_panel: panel loaded feeds=118 path=D:\BlueSky\data_v2_full\labelerexp\panel\panel_v1.csv
2026-03-01T21:20:12Z INFO bsky_collector_v2.job.snapshot_panel: snapshot start hour=2026-03-01T21:00:00Z modes=['auth'] workers=8 tasks=118
2026-03-01T21:20:39Z INFO bsky_collector_v2.job.snapshot_panel: snapshot done hour=2026-03-01T21:00:00Z done=115 failed=3
2026-03-01T22:20:14Z INFO bsky_collector_v2: out_base ok path=D:\BlueSky\data_v2_full\labelerexp mount=D:\
2026-03-01T22:20:14Z INFO bsky_collector_v2: job start subcommand=snapshot-panel dry_run=False resume=True
2026-03-01T22:20:14Z INFO bsky_collector_v2.job.snapshot_panel: panel loaded feeds=118 path=D:\BlueSky\data_v2_full\labelerexp\panel\panel_v1.csv
2026-03-01T22:20:15Z INFO bsky_collector_v2.job.snapshot_panel: snapshot start hour=2026-03-01T22:00:00Z modes=['auth'] workers=8 tasks=118
2026-03-01T22:20:43Z INFO bsky_collector_v2.job.snapshot_panel: snapshot done hour=2026-03-01T22:00:00Z done=114 failed=4
2026-03-01T23:09:48Z INFO bsky_collector_v2: out_base ok path=D:\BlueSky\data_v2_full\labelerexp mount=D:\
2026-03-01T23:09:48Z INFO bsky_collector_v2: job start subcommand=build-labelerexp-panel dry_run=False resume=True
2026-03-01T23:09:48Z INFO bsky_collector_v2.job.build_labelerexp_panel: labelerexp panel build source_out_base=D:\BlueSky\data_v2_full metadata_day=2026-02-28 captured_at_utc=2026-02-28T23:59:56Z feeds=118
2026-03-01T23:09:48Z INFO bsky_collector_v2.job.build_labelerexp_panel: labelerexp panel written active=D:\BlueSky\data_v2_full\labelerexp\panel\panel_v1.csv version=D:\BlueSky\data_v2_full\labelerexp\panel\panel_versions\panel_v1_2026-03-01.csv
2026-03-01T23:20:20Z INFO bsky_collector_v2: out_base ok path=D:\BlueSky\data_v2_full\labelerexp mount=D:\
2026-03-01T23:20:20Z INFO bsky_collector_v2: job start subcommand=snapshot-panel dry_run=False resume=True
2026-03-01T23:20:20Z INFO bsky_collector_v2.job.snapshot_panel: panel loaded feeds=118 path=D:\BlueSky\data_v2_full\labelerexp\panel\panel_v1.csv
2026-03-01T23:20:21Z INFO bsky_collector_v2.job.snapshot_panel: snapshot start hour=2026-03-01T23:00:00Z modes=['auth'] workers=8 tasks=118
2026-03-01T23:20:47Z INFO bsky_collector_v2.job.snapshot_panel: snapshot done hour=2026-03-01T23:00:00Z done=114 failed=4
2026-03-02T00:20:23Z INFO bsky_collector_v2: out_base ok path=D:\BlueSky\data_v2_full\labelerexp mount=D:\
2026-03-02T00:20:23Z INFO bsky_collector_v2: job start subcommand=snapshot-panel dry_run=False resume=True
2026-03-02T00:20:23Z INFO bsky_collector_v2.job.snapshot_panel: panel loaded feeds=118 path=D:\BlueSky\data_v2_full\labelerexp\panel\panel_v1.csv
2026-03-02T00:20:24Z INFO bsky_collector_v2.job.snapshot_panel: snapshot start hour=2026-03-02T00:00:00Z modes=['auth'] workers=8 tasks=118
2026-03-02T00:21:00Z INFO bsky_collector_v2.job.snapshot_panel: snapshot done hour=2026-03-02T00:00:00Z done=113 failed=5
2026-03-02T01:20:29Z INFO bsky_collector_v2: out_base ok path=D:\BlueSky\data_v2_full\labelerexp mount=D:\
2026-03-02T01:20:29Z INFO bsky_collector_v2: job start subcommand=snapshot-panel dry_run=False resume=True
2026-03-02T01:20:29Z INFO bsky_collector_v2.job.snapshot_panel: panel loaded feeds=118 path=D:\BlueSky\data_v2_full\labelerexp\panel\panel_v1.csv
2026-03-02T01:20:30Z INFO bsky_collector_v2.job.snapshot_panel: snapshot start hour=2026-03-02T01:00:00Z modes=['auth'] workers=8 tasks=118
2026-03-02T01:20:57Z INFO bsky_collector_v2.job.snapshot_panel: snapshot done hour=2026-03-02T01:00:00Z done=114 failed=4
2026-03-02T02:22:17Z INFO bsky_collector_v2: out_base ok path=D:\BlueSky\data_v2_full\labelerexp mount=D:\
2026-03-02T02:22:17Z INFO bsky_collector_v2: job start subcommand=snapshot-panel dry_run=False resume=True
2026-03-02T02:22:19Z INFO bsky_collector_v2.job.snapshot_panel: panel loaded feeds=118 path=D:\BlueSky\data_v2_full\labelerexp\panel\panel_v1.csv
2026-03-02T02:23:01Z INFO bsky_collector_v2.job.snapshot_panel: snapshot start hour=2026-03-02T02:00:00Z modes=['auth'] workers=8 tasks=118
2026-03-02T02:25:57Z INFO bsky_collector_v2.job.snapshot_panel: snapshot done hour=2026-03-02T02:00:00Z done=83 failed=35
2026-03-02T03:21:46Z INFO bsky_collector_v2: out_base ok path=D:\BlueSky\data_v2_full\labelerexp mount=D:\
2026-03-02T03:21:46Z INFO bsky_collector_v2: job start subcommand=snapshot-panel dry_run=False resume=True
2026-03-02T03:21:46Z INFO bsky_collector_v2.job.snapshot_panel: panel loaded feeds=118 path=D:\BlueSky\data_v2_full\labelerexp\panel\panel_v1.csv
2026-03-02T03:21:50Z INFO bsky_collector_v2.job.snapshot_panel: snapshot start hour=2026-03-02T03:00:00Z modes=['auth'] workers=8 tasks=118
2026-03-02T03:22:22Z INFO bsky_collector_v2.job.snapshot_panel: snapshot done hour=2026-03-02T03:00:00Z done=115 failed=3
2026-03-02T04:21:16Z INFO bsky_collector_v2: out_base ok path=D:\BlueSky\data_v2_full\labelerexp mount=D:\
2026-03-02T04:21:16Z INFO bsky_collector_v2: job start subcommand=snapshot-panel dry_run=False resume=True
2026-03-02T04:21:16Z INFO bsky_collector_v2.job.snapshot_panel: panel loaded feeds=118 path=D:\BlueSky\data_v2_full\labelerexp\panel\panel_v1.csv
2026-03-02T04:21:17Z INFO bsky_collector_v2.job.snapshot_panel: snapshot start hour=2026-03-02T04:00:00Z modes=['auth'] workers=8 tasks=118
2026-03-02T04:21:44Z INFO bsky_collector_v2.job.snapshot_panel: snapshot done hour=2026-03-02T04:00:00Z done=115 failed=3
2026-03-02T05:10:18Z INFO bsky_collector_v2: out_base ok path=D:\BlueSky\data_v2_full\labelerexp mount=D:\
2026-03-02T05:10:18Z INFO bsky_collector_v2: job start subcommand=build-labelerexp-panel dry_run=False resume=True
2026-03-02T05:10:18Z INFO bsky_collector_v2.job.build_labelerexp_panel: labelerexp panel build source_out_base=D:\BlueSky\data_v2_full metadata_day=2026-03-02 captured_at_utc=2026-03-02T00:00:16Z feeds=118
2026-03-02T05:10:18Z INFO bsky_collector_v2.job.build_labelerexp_panel: labelerexp panel written active=D:\BlueSky\data_v2_full\labelerexp\panel\panel_v1.csv version=D:\BlueSky\data_v2_full\labelerexp\panel\panel_versions\panel_v1_2026-03-02.csv
2026-03-02T05:21:20Z INFO bsky_collector_v2: out_base ok path=D:\BlueSky\data_v2_full\labelerexp mount=D:\
2026-03-02T05:21:20Z INFO bsky_collector_v2: job start subcommand=snapshot-panel dry_run=False resume=True
2026-03-02T05:21:20Z INFO bsky_collector_v2.job.snapshot_panel: panel loaded feeds=118 path=D:\BlueSky\data_v2_full\labelerexp\panel\panel_v1.csv
2026-03-02T05:21:21Z INFO bsky_collector_v2.job.snapshot_panel: snapshot start hour=2026-03-02T05:00:00Z modes=['auth'] workers=8 tasks=118
2026-03-02T05:21:48Z INFO bsky_collector_v2.job.snapshot_panel: snapshot done hour=2026-03-02T05:00:00Z done=115 failed=3
2026-03-02T06:21:23Z INFO bsky_collector_v2: out_base ok path=D:\BlueSky\data_v2_full\labelerexp mount=D:\
2026-03-02T06:21:23Z INFO bsky_collector_v2: job start subcommand=snapshot-panel dry_run=False resume=True
2026-03-02T06:21:23Z INFO bsky_collector_v2.job.snapshot_panel: panel loaded feeds=118 path=D:\BlueSky\data_v2_full\labelerexp\panel\panel_v1.csv
2026-03-02T06:21:24Z INFO bsky_collector_v2.job.snapshot_panel: snapshot start hour=2026-03-02T06:00:00Z modes=['auth'] workers=8 tasks=118
2026-03-02T06:21:51Z INFO bsky_collector_v2.job.snapshot_panel: snapshot done hour=2026-03-02T06:00:00Z done=115 failed=3
2026-03-02T07:21:26Z INFO bsky_collector_v2: out_base ok path=D:\BlueSky\data_v2_full\labelerexp mount=D:\
2026-03-02T07:21:26Z INFO bsky_collector_v2: job start subcommand=snapshot-panel dry_run=False resume=True
2026-03-02T07:21:26Z INFO bsky_collector_v2.job.snapshot_panel: panel loaded feeds=118 path=D:\BlueSky\data_v2_full\labelerexp\panel\panel_v1.csv
2026-03-02T07:21:27Z INFO bsky_collector_v2.job.snapshot_panel: snapshot start hour=2026-03-02T07:00:00Z modes=['auth'] workers=8 tasks=118
2026-03-02T07:21:54Z INFO bsky_collector_v2.job.snapshot_panel: snapshot done hour=2026-03-02T07:00:00Z done=115 failed=3
2026-03-02T08:21:29Z INFO bsky_collector_v2: out_base ok path=D:\BlueSky\data_v2_full\labelerexp mount=D:\
2026-03-02T08:21:29Z INFO bsky_collector_v2: job start subcommand=snapshot-panel dry_run=False resume=True
2026-03-02T08:21:30Z INFO bsky_collector_v2.job.snapshot_panel: panel loaded feeds=118 path=D:\BlueSky\data_v2_full\labelerexp\panel\panel_v1.csv
2026-03-02T08:21:31Z INFO bsky_collector_v2.job.snapshot_panel: snapshot start hour=2026-03-02T08:00:00Z modes=['auth'] workers=8 tasks=118
2026-03-02T08:21:58Z INFO bsky_collector_v2.job.snapshot_panel: snapshot done hour=2026-03-02T08:00:00Z done=115 failed=3
2026-03-02T09:21:33Z INFO bsky_collector_v2: out_base ok path=D:\BlueSky\data_v2_full\labelerexp mount=D:\
2026-03-02T09:21:33Z INFO bsky_collector_v2: job start subcommand=snapshot-panel dry_run=False resume=True
2026-03-02T09:21:33Z INFO bsky_collector_v2.job.snapshot_panel: panel loaded feeds=118 path=D:\BlueSky\data_v2_full\labelerexp\panel\panel_v1.csv
2026-03-02T09:21:34Z INFO bsky_collector_v2.job.snapshot_panel: snapshot start hour=2026-03-02T09:00:00Z modes=['auth'] workers=8 tasks=118
2026-03-02T09:22:01Z INFO bsky_collector_v2.job.snapshot_panel: snapshot done hour=2026-03-02T09:00:00Z done=115 failed=3
2026-03-02T10:21:36Z INFO bsky_collector_v2: out_base ok path=D:\BlueSky\data_v2_full\labelerexp mount=D:\
2026-03-02T10:21:36Z INFO bsky_collector_v2: job start subcommand=snapshot-panel dry_run=False resume=True
2026-03-02T10:21:36Z INFO bsky_collector_v2.job.snapshot_panel: panel loaded feeds=118 path=D:\BlueSky\data_v2_full\labelerexp\panel\panel_v1.csv
2026-03-02T10:21:37Z INFO bsky_collector_v2.job.snapshot_panel: snapshot start hour=2026-03-02T10:00:00Z modes=['auth'] workers=8 tasks=118
2026-03-02T10:22:12Z INFO bsky_collector_v2.job.snapshot_panel: snapshot done hour=2026-03-02T10:00:00Z done=114 failed=4
2026-03-02T11:10:39Z INFO bsky_collector_v2: out_base ok path=D:\BlueSky\data_v2_full\labelerexp mount=D:\
2026-03-02T11:10:39Z INFO bsky_collector_v2: job start subcommand=build-labelerexp-panel dry_run=False resume=True
2026-03-02T11:10:39Z INFO bsky_collector_v2.job.build_labelerexp_panel: labelerexp panel build source_out_base=D:\BlueSky\data_v2_full metadata_day=2026-03-02 captured_at_utc=2026-03-02T00:00:16Z feeds=118
2026-03-02T11:10:39Z INFO bsky_collector_v2.job.build_labelerexp_panel: labelerexp panel written active=D:\BlueSky\data_v2_full\labelerexp\panel\panel_v1.csv version=D:\BlueSky\data_v2_full\labelerexp\panel\panel_versions\panel_v1_2026-03-02.csv
2026-03-02T11:21:41Z INFO bsky_collector_v2: out_base ok path=D:\BlueSky\data_v2_full\labelerexp mount=D:\
2026-03-02T11:21:41Z INFO bsky_collector_v2: job start subcommand=snapshot-panel dry_run=False resume=True
2026-03-02T11:21:41Z INFO bsky_collector_v2.job.snapshot_panel: panel loaded feeds=118 path=D:\BlueSky\data_v2_full\labelerexp\panel\panel_v1.csv
2026-03-02T11:21:42Z INFO bsky_collector_v2.job.snapshot_panel: snapshot start hour=2026-03-02T11:00:00Z modes=['auth'] workers=8 tasks=118
2026-03-02T11:22:09Z INFO bsky_collector_v2.job.snapshot_panel: snapshot done hour=2026-03-02T11:00:00Z done=114 failed=4
2026-03-02T12:21:44Z INFO bsky_collector_v2: out_base ok path=D:\BlueSky\data_v2_full\labelerexp mount=D:\
2026-03-02T12:21:44Z INFO bsky_collector_v2: job start subcommand=snapshot-panel dry_run=False resume=True
2026-03-02T12:21:44Z INFO bsky_collector_v2.job.snapshot_panel: panel loaded feeds=118 path=D:\BlueSky\data_v2_full\labelerexp\panel\panel_v1.csv
2026-03-02T12:21:45Z INFO bsky_collector_v2.job.snapshot_panel: snapshot start hour=2026-03-02T12:00:00Z modes=['auth'] workers=8 tasks=118
2026-03-02T12:22:13Z INFO bsky_collector_v2.job.snapshot_panel: snapshot done hour=2026-03-02T12:00:00Z done=115 failed=3
2026-03-02T13:21:47Z INFO bsky_collector_v2: out_base ok path=D:\BlueSky\data_v2_full\labelerexp mount=D:\
2026-03-02T13:21:47Z INFO bsky_collector_v2: job start subcommand=snapshot-panel dry_run=False resume=True
2026-03-02T13:21:47Z INFO bsky_collector_v2.job.snapshot_panel: panel loaded feeds=118 path=D:\BlueSky\data_v2_full\labelerexp\panel\panel_v1.csv
2026-03-02T13:21:48Z INFO bsky_collector_v2.job.snapshot_panel: snapshot start hour=2026-03-02T13:00:00Z modes=['auth'] workers=8 tasks=118
2026-03-02T13:22:16Z INFO bsky_collector_v2.job.snapshot_panel: snapshot done hour=2026-03-02T13:00:00Z done=115 failed=3
2026-03-02T14:21:51Z INFO bsky_collector_v2: out_base ok path=D:\BlueSky\data_v2_full\labelerexp mount=D:\
2026-03-02T14:21:51Z INFO bsky_collector_v2: job start subcommand=snapshot-panel dry_run=False resume=True
2026-03-02T14:21:51Z INFO bsky_collector_v2.job.snapshot_panel: panel loaded feeds=118 path=D:\BlueSky\data_v2_full\labelerexp\panel\panel_v1.csv
2026-03-02T14:21:52Z INFO bsky_collector_v2.job.snapshot_panel: snapshot start hour=2026-03-02T14:00:00Z modes=['auth'] workers=8 tasks=118
2026-03-02T14:22:18Z INFO bsky_collector_v2.job.snapshot_panel: snapshot done hour=2026-03-02T14:00:00Z done=114 failed=4
2026-03-02T15:21:54Z INFO bsky_collector_v2: out_base ok path=D:\BlueSky\data_v2_full\labelerexp mount=D:\
2026-03-02T15:21:54Z INFO bsky_collector_v2: job start subcommand=snapshot-panel dry_run=False resume=True
2026-03-02T15:21:54Z INFO bsky_collector_v2.job.snapshot_panel: panel loaded feeds=118 path=D:\BlueSky\data_v2_full\labelerexp\panel\panel_v1.csv
2026-03-02T15:21:55Z INFO bsky_collector_v2.job.snapshot_panel: snapshot start hour=2026-03-02T15:00:00Z modes=['auth'] workers=8 tasks=118
2026-03-02T15:22:30Z INFO bsky_collector_v2.job.snapshot_panel: snapshot done hour=2026-03-02T15:00:00Z done=114 failed=4
2026-03-02T16:21:57Z INFO bsky_collector_v2: out_base ok path=D:\BlueSky\data_v2_full\labelerexp mount=D:\
2026-03-02T16:21:57Z INFO bsky_collector_v2: job start subcommand=snapshot-panel dry_run=False resume=True
2026-03-02T16:21:57Z INFO bsky_collector_v2.job.snapshot_panel: panel loaded feeds=118 path=D:\BlueSky\data_v2_full\labelerexp\panel\panel_v1.csv
2026-03-02T16:21:58Z INFO bsky_collector_v2.job.snapshot_panel: snapshot start hour=2026-03-02T16:00:00Z modes=['auth'] workers=8 tasks=118
2026-03-02T16:22:26Z INFO bsky_collector_v2.job.snapshot_panel: snapshot done hour=2026-03-02T16:00:00Z done=115 failed=3
2026-03-02T17:11:00Z INFO bsky_collector_v2: out_base ok path=D:\BlueSky\data_v2_full\labelerexp mount=D:\
2026-03-02T17:11:00Z INFO bsky_collector_v2: job start subcommand=build-labelerexp-panel dry_run=False resume=True
2026-03-02T17:11:00Z INFO bsky_collector_v2.job.build_labelerexp_panel: labelerexp panel build source_out_base=D:\BlueSky\data_v2_full metadata_day=2026-03-02 captured_at_utc=2026-03-02T00:00:16Z feeds=118
2026-03-02T17:11:00Z INFO bsky_collector_v2.job.build_labelerexp_panel: labelerexp panel written active=D:\BlueSky\data_v2_full\labelerexp\panel\panel_v1.csv version=D:\BlueSky\data_v2_full\labelerexp\panel\panel_versions\panel_v1_2026-03-02.csv
2026-03-02T17:22:02Z INFO bsky_collector_v2: out_base ok path=D:\BlueSky\data_v2_full\labelerexp mount=D:\
2026-03-02T17:22:02Z INFO bsky_collector_v2: job start subcommand=snapshot-panel dry_run=False resume=True
2026-03-02T17:22:02Z INFO bsky_collector_v2.job.snapshot_panel: panel loaded feeds=118 path=D:\BlueSky\data_v2_full\labelerexp\panel\panel_v1.csv
2026-03-02T17:22:03Z INFO bsky_collector_v2.job.snapshot_panel: snapshot start hour=2026-03-02T17:00:00Z modes=['auth'] workers=8 tasks=118
2026-03-02T17:22:31Z INFO bsky_collector_v2.job.snapshot_panel: snapshot done hour=2026-03-02T17:00:00Z done=114 failed=4
2026-03-02T18:22:05Z INFO bsky_collector_v2: out_base ok path=D:\BlueSky\data_v2_full\labelerexp mount=D:\
2026-03-02T18:22:05Z INFO bsky_collector_v2: job start subcommand=snapshot-panel dry_run=False resume=True
2026-03-02T18:22:05Z INFO bsky_collector_v2.job.snapshot_panel: panel loaded feeds=118 path=D:\BlueSky\data_v2_full\labelerexp\panel\panel_v1.csv
2026-03-02T18:22:06Z INFO bsky_collector_v2.job.snapshot_panel: snapshot start hour=2026-03-02T18:00:00Z modes=['auth'] workers=8 tasks=118
2026-03-02T18:22:34Z INFO bsky_collector_v2.job.snapshot_panel: snapshot done hour=2026-03-02T18:00:00Z done=113 failed=5
2026-03-02T19:22:08Z INFO bsky_collector_v2: out_base ok path=D:\BlueSky\data_v2_full\labelerexp mount=D:\
2026-03-02T19:22:08Z INFO bsky_collector_v2: job start subcommand=snapshot-panel dry_run=False resume=True
2026-03-02T19:22:08Z INFO bsky_collector_v2.job.snapshot_panel: panel loaded feeds=118 path=D:\BlueSky\data_v2_full\labelerexp\panel\panel_v1.csv
2026-03-02T19:22:09Z INFO bsky_collector_v2.job.snapshot_panel: snapshot start hour=2026-03-02T19:00:00Z modes=['auth'] workers=8 tasks=118
2026-03-02T19:22:37Z INFO bsky_collector_v2.job.snapshot_panel: snapshot done hour=2026-03-02T19:00:00Z done=115 failed=3
