run_id,snapshot_hour_utc,captured_at_utc,viewer_mode,vantage_id,post_uri,like_count,repost_count,reply_count,quote_count
c9be277407a8420c895887fa3f839651,2026-02-26T05:00:00Z,2026-02-26T05:14:59Z,auth,auth_enUS_labelerexp,at://did:plc:2qlbivzvdt6hp6dwrd2sx4sf/app.bsky.feed.post/3lbbyl4mvks2i,1417,138,45,5
c9be277407a8420c895887fa3f839651,2026-02-26T05:00:00Z,2026-02-26T05:14:59Z,auth,auth_enUS_labelerexp,at://did:plc:2qlbivzvdt6hp6dwrd2sx4sf/app.bsky.feed.post/3lb45zzsim226,1163,101,53,2
c9be277407a8420c895887fa3f839651,2026-02-26T05:00:00Z,2026-02-26T05:14:59Z,auth,auth_enUS_labelerexp,at://did:plc:2qlbivzvdt6hp6dwrd2sx4sf/app.bsky.feed.post/3lh67gnmvxs24,1040,83,64,3
c9be277407a8420c895887fa3f839651,2026-02-26T05:00:00Z,2026-02-26T05:14:59Z,auth,auth_enUS_labelerexp,at://did:plc:2qlbivzvdt6hp6dwrd2sx4sf/app.bsky.feed.post/3l56w4t25v62i,982,101,40,2
c9be277407a8420c895887fa3f839651,2026-02-26T05:00:00Z,2026-02-26T05:14:59Z,auth,auth_enUS_labelerexp,at://did:plc:2qlbivzvdt6hp6dwrd2sx4sf/app.bsky.feed.post/3lc4ajkc6gs2s,787,70,30,6
c9be277407a8420c895887fa3f839651,2026-02-26T05:00:00Z,2026-02-26T05:14:59Z,auth,auth_enUS_labelerexp,at://did:plc:2qlbivzvdt6hp6dwrd2sx4sf/app.bsky.feed.post/3k4mmj4ucmy2l,692,70,60,3
c9be277407a8420c895887fa3f839651,2026-02-26T05:00:00Z,2026-02-26T05:14:59Z,auth,auth_enUS_labelerexp,at://did:plc:2qlbivzvdt6hp6dwrd2sx4sf/app.bsky.feed.post/3lak7zvog3e2j,637,78,31,4
c9be277407a8420c895887fa3f839651,2026-02-26T05:00:00Z,2026-02-26T05:14:59Z,auth,auth_enUS_labelerexp,at://did:plc:2qlbivzvdt6hp6dwrd2sx4sf/app.bsky.feed.post/3llgf2hbkds26,653,70,36,6
c9be277407a8420c895887fa3f839651,2026-02-26T05:00:00Z,2026-02-26T05:14:59Z,auth,auth_enUS_labelerexp,at://did:plc:2qlbivzvdt6hp6dwrd2sx4sf/app.bsky.feed.post/3ljlgaixgbc2o,615,88,25,2
c9be277407a8420c895887fa3f839651,2026-02-26T05:00:00Z,2026-02-26T05:14:59Z,auth,auth_enUS_labelerexp,at://did:plc:2qlbivzvdt6hp6dwrd2sx4sf/app.bsky.feed.post/3kgx2uiehsu26,582,59,25,8
c9be277407a8420c895887fa3f839651,2026-02-26T05:00:00Z,2026-02-26T05:14:59Z,auth,auth_enUS_labelerexp,at://did:plc:2qlbivzvdt6hp6dwrd2sx4sf/app.bsky.feed.post/3lbfg7b6p522h,572,48,20,0
c9be277407a8420c895887fa3f839651,2026-02-26T05:00:00Z,2026-02-26T05:14:59Z,auth,auth_enUS_labelerexp,at://did:plc:2qlbivzvdt6hp6dwrd2sx4sf/app.bsky.feed.post/3kds3pn33nd2o,537,86,32,3
c9be277407a8420c895887fa3f839651,2026-02-26T05:00:00Z,2026-02-26T05:14:59Z,auth,auth_enUS_labelerexp,at://did:plc:2qlbivzvdt6hp6dwrd2sx4sf/app.bsky.feed.post/3l6rqudxthn24,515,28,42,1
c9be277407a8420c895887fa3f839651,2026-02-26T05:00:00Z,2026-02-26T05:14:59Z,auth,auth_enUS_labelerexp,at://did:plc:2qlbivzvdt6hp6dwrd2sx4sf/app.bsky.feed.post/3kborhwj6272y,519,80,45,4
c9be277407a8420c895887fa3f839651,2026-02-26T05:00:00Z,2026-02-26T05:14:59Z,auth,auth_enUS_labelerexp,at://did:plc:2qlbivzvdt6hp6dwrd2sx4sf/app.bsky.feed.post/3kbe2qfpjqd2u,530,59,35,5
c9be277407a8420c895887fa3f839651,2026-02-26T05:00:00Z,2026-02-26T05:14:59Z,auth,auth_enUS_labelerexp,at://did:plc:2qlbivzvdt6hp6dwrd2sx4sf/app.bsky.feed.post/3kuctlhg77t2o,517,61,43,0
c9be277407a8420c895887fa3f839651,2026-02-26T05:00:00Z,2026-02-26T05:14:59Z,auth,auth_enUS_labelerexp,at://did:plc:2qlbivzvdt6hp6dwrd2sx4sf/app.bsky.feed.post/3lazg6njyfk2e,501,50,18,0
c9be277407a8420c895887fa3f839651,2026-02-26T05:00:00Z,2026-02-26T05:14:59Z,auth,auth_enUS_labelerexp,at://did:plc:2qlbivzvdt6hp6dwrd2sx4sf/app.bsky.feed.post/3llbb5m6tfc2i,495,59,29,1
c9be277407a8420c895887fa3f839651,2026-02-26T05:00:00Z,2026-02-26T05:14:59Z,auth,auth_enUS_labelerexp,at://did:plc:2qlbivzvdt6hp6dwrd2sx4sf/app.bsky.feed.post/3ktxw62lguk26,485,63,32,3
c9be277407a8420c895887fa3f839651,2026-02-26T05:00:00Z,2026-02-26T05:14:59Z,auth,auth_enUS_labelerexp,at://did:plc:2qlbivzvdt6hp6dwrd2sx4sf/app.bsky.feed.post/3ldzgnj5oe227,471,51,16,0
c9be277407a8420c895887fa3f839651,2026-02-26T05:00:00Z,2026-02-26T05:14:59Z,auth,auth_enUS_labelerexp,at://did:plc:2qlbivzvdt6hp6dwrd2sx4sf/app.bsky.feed.post/3lcfngjnni22n,460,46,18,0
c9be277407a8420c895887fa3f839651,2026-02-26T05:00:00Z,2026-02-26T05:14:59Z,auth,auth_enUS_labelerexp,at://did:plc:2qlbivzvdt6hp6dwrd2sx4sf/app.bsky.feed.post/3l5tyrvmxai2o,455,48,38,2
c9be277407a8420c895887fa3f839651,2026-02-26T05:00:00Z,2026-02-26T05:14:59Z,auth,auth_enUS_labelerexp,at://did:plc:2qlbivzvdt6hp6dwrd2sx4sf/app.bsky.feed.post/3ldusufwjis2k,441,39,32,2
c9be277407a8420c895887fa3f839651,2026-02-26T05:00:00Z,2026-02-26T05:14:59Z,auth,auth_enUS_labelerexp,at://did:plc:2qlbivzvdt6hp6dwrd2sx4sf/app.bsky.feed.post/3lkeprtjnkc2c,446,41,30,0
c9be277407a8420c895887fa3f839651,2026-02-26T05:00:00Z,2026-02-26T05:14:59Z,auth,auth_enUS_labelerexp,at://did:plc:2qlbivzvdt6hp6dwrd2sx4sf/app.bsky.feed.post/3l5qhh7nksz2q,431,40,18,2
c9be277407a8420c895887fa3f839651,2026-02-26T05:00:00Z,2026-02-26T05:14:59Z,auth,auth_enUS_labelerexp,at://did:plc:2qlbivzvdt6hp6dwrd2sx4sf/app.bsky.feed.post/3lfcnydmjs22r,420,37,25,0
c9be277407a8420c895887fa3f839651,2026-02-26T05:00:00Z,2026-02-26T05:14:59Z,auth,auth_enUS_labelerexp,at://did:plc:2qlbivzvdt6hp6dwrd2sx4sf/app.bsky.feed.post/3ltfgsq5r2224,432,70,19,1
c9be277407a8420c895887fa3f839651,2026-02-26T05:00:00Z,2026-02-26T05:14:59Z,auth,auth_enUS_labelerexp,at://did:plc:2qlbivzvdt6hp6dwrd2sx4sf/app.bsky.feed.post/3lfhxxdwtac2r,451,55,17,3
c9be277407a8420c895887fa3f839651,2026-02-26T05:00:00Z,2026-02-26T05:14:59Z,auth,auth_enUS_labelerexp,at://did:plc:2qlbivzvdt6hp6dwrd2sx4sf/app.bsky.feed.post/3lbqx3g6stk2y,384,26,33,1
c9be277407a8420c895887fa3f839651,2026-02-26T05:00:00Z,2026-02-26T05:14:59Z,auth,auth_enUS_labelerexp,at://did:plc:2qlbivzvdt6hp6dwrd2sx4sf/app.bsky.feed.post/3mcjx77y4oc2b,413,73,15,1
c9be277407a8420c895887fa3f839651,2026-02-26T05:00:00Z,2026-02-26T05:14:59Z,auth,auth_enUS_labelerexp,at://did:plc:2qlbivzvdt6hp6dwrd2sx4sf/app.bsky.feed.post/3k5tjfwr4oq2x,394,23,39,1
c9be277407a8420c895887fa3f839651,2026-02-26T05:00:00Z,2026-02-26T05:14:59Z,auth,auth_enUS_labelerexp,at://did:plc:2qlbivzvdt6hp6dwrd2sx4sf/app.bsky.feed.post/3lbtbawirtc26,360,26,31,1
c9be277407a8420c895887fa3f839651,2026-02-26T05:00:00Z,2026-02-26T05:14:59Z,auth,auth_enUS_labelerexp,at://did:plc:2qlbivzvdt6hp6dwrd2sx4sf/app.bsky.feed.post/3laivyzb7ls2w,356,49,8,1
c9be277407a8420c895887fa3f839651,2026-02-26T05:00:00Z,2026-02-26T05:14:59Z,auth,auth_enUS_labelerexp,at://did:plc:2qlbivzvdt6hp6dwrd2sx4sf/app.bsky.feed.post/3lcx2id36c22i,357,35,10,1
c9be277407a8420c895887fa3f839651,2026-02-26T05:00:00Z,2026-02-26T05:14:59Z,auth,auth_enUS_labelerexp,at://did:plc:2qlbivzvdt6hp6dwrd2sx4sf/app.bsky.feed.post/3ldpdntffsk2j,365,36,14,0
c9be277407a8420c895887fa3f839651,2026-02-26T05:00:00Z,2026-02-26T05:14:59Z,auth,auth_enUS_labelerexp,at://did:plc:2qlbivzvdt6hp6dwrd2sx4sf/app.bsky.feed.post/3llk5tikzsk24,364,40,14,2
c9be277407a8420c895887fa3f839651,2026-02-26T05:00:00Z,2026-02-26T05:14:59Z,auth,auth_enUS_labelerexp,at://did:plc:2qlbivzvdt6hp6dwrd2sx4sf/app.bsky.feed.post/3lhn4t7wouc2v,360,39,10,4
c9be277407a8420c895887fa3f839651,2026-02-26T05:00:00Z,2026-02-26T05:14:59Z,auth,auth_enUS_labelerexp,at://did:plc:2qlbivzvdt6hp6dwrd2sx4sf/app.bsky.feed.post/3k7fmxxzpvu2r,342,24,18,0
c9be277407a8420c895887fa3f839651,2026-02-26T05:00:00Z,2026-02-26T05:14:59Z,auth,auth_enUS_labelerexp,at://did:plc:2qlbivzvdt6hp6dwrd2sx4sf/app.bsky.feed.post/3kctvhdi35223,343,43,20,2
c9be277407a8420c895887fa3f839651,2026-02-26T05:00:00Z,2026-02-26T05:14:59Z,auth,auth_enUS_labelerexp,at://did:plc:2qlbivzvdt6hp6dwrd2sx4sf/app.bsky.feed.post/3lckdybqapk2t,353,80,15,3
c9be277407a8420c895887fa3f839651,2026-02-26T05:00:00Z,2026-02-26T05:14:59Z,auth,auth_enUS_labelerexp,at://did:plc:2qlbivzvdt6hp6dwrd2sx4sf/app.bsky.feed.post/3knaendknr72b,336,40,20,1
c9be277407a8420c895887fa3f839651,2026-02-26T05:00:00Z,2026-02-26T05:14:59Z,auth,auth_enUS_labelerexp,at://did:plc:2qlbivzvdt6hp6dwrd2sx4sf/app.bsky.feed.post/3la4tt6j3qu2f,327,43,8,0
c9be277407a8420c895887fa3f839651,2026-02-26T05:00:00Z,2026-02-26T05:14:59Z,auth,auth_enUS_labelerexp,at://did:plc:2qlbivzvdt6hp6dwrd2sx4sf/app.bsky.feed.post/3lbsrtbrcec2d,341,8,19,4
c9be277407a8420c895887fa3f839651,2026-02-26T05:00:00Z,2026-02-26T05:14:59Z,auth,auth_enUS_labelerexp,at://did:plc:2qlbivzvdt6hp6dwrd2sx4sf/app.bsky.feed.post/3lape557qas2r,323,23,17,0
c9be277407a8420c895887fa3f839651,2026-02-26T05:00:00Z,2026-02-26T05:14:59Z,auth,auth_enUS_labelerexp,at://did:plc:2qlbivzvdt6hp6dwrd2sx4sf/app.bsky.feed.post/3komm27s3rl2g,327,39,19,0
c9be277407a8420c895887fa3f839651,2026-02-26T05:00:00Z,2026-02-26T05:14:59Z,auth,auth_enUS_labelerexp,at://did:plc:2qlbivzvdt6hp6dwrd2sx4sf/app.bsky.feed.post/3lc5oz5q2hc2d,326,21,21,0
c9be277407a8420c895887fa3f839651,2026-02-26T05:00:00Z,2026-02-26T05:14:59Z,auth,auth_enUS_labelerexp,at://did:plc:2qlbivzvdt6hp6dwrd2sx4sf/app.bsky.feed.post/3lpt55kykec23,340,61,8,6
c9be277407a8420c895887fa3f839651,2026-02-26T05:00:00Z,2026-02-26T05:14:59Z,auth,auth_enUS_labelerexp,at://did:plc:2qlbivzvdt6hp6dwrd2sx4sf/app.bsky.feed.post/3l7hiy566qd2f,324,20,14,1
c9be277407a8420c895887fa3f839651,2026-02-26T05:00:00Z,2026-02-26T05:14:59Z,auth,auth_enUS_labelerexp,at://did:plc:2qlbivzvdt6hp6dwrd2sx4sf/app.bsky.feed.post/3lade3k7kpv2j,321,32,10,1
c9be277407a8420c895887fa3f839651,2026-02-26T05:00:00Z,2026-02-26T05:14:59Z,auth,auth_enUS_labelerexp,at://did:plc:2qlbivzvdt6hp6dwrd2sx4sf/app.bsky.feed.post/3lmkirrnwgc2a,337,43,13,1
c9be277407a8420c895887fa3f839651,2026-02-26T05:00:00Z,2026-02-26T05:14:59Z,auth,auth_enUS_labelerexp,at://did:plc:pcuiuqo25yuoaffpqjbkgurg/app.bsky.feed.post/3mfpxdalqds2t,0,0,1,0
c9be277407a8420c895887fa3f839651,2026-02-26T05:00:00Z,2026-02-26T05:14:59Z,auth,auth_enUS_labelerexp,at://did:plc:pcuiuqo25yuoaffpqjbkgurg/app.bsky.feed.post/3mfpx4ryzes2t,0,0,1,0
c9be277407a8420c895887fa3f839651,2026-02-26T05:00:00Z,2026-02-26T05:14:59Z,auth,auth_enUS_labelerexp,at://did:plc:pcuiuqo25yuoaffpqjbkgurg/app.bsky.feed.post/3mfpwdszft22k,0,0,0,0
c9be277407a8420c895887fa3f839651,2026-02-26T05:00:00Z,2026-02-26T05:14:59Z,auth,auth_enUS_labelerexp,at://did:plc:fb5fjz7jxmbf3alhwh44ookd/app.bsky.feed.post/3mfprwo5c4c2m,2,0,0,0
c9be277407a8420c895887fa3f839651,2026-02-26T05:00:00Z,2026-02-26T05:14:59Z,auth,auth_enUS_labelerexp,at://did:plc:vl4lt6zicnhxxj67lyde26rb/app.bsky.feed.post/3mfpnymtois2k,8,2,0,0
c9be277407a8420c895887fa3f839651,2026-02-26T05:00:00Z,2026-02-26T05:14:59Z,auth,auth_enUS_labelerexp,at://did:plc:ijbyqysnoesidemqlbnvpqoj/app.bsky.feed.post/3mfplzjih322u,5,4,1,0
c9be277407a8420c895887fa3f839651,2026-02-26T05:00:00Z,2026-02-26T05:14:59Z,auth,auth_enUS_labelerexp,at://did:plc:i26onv74mbbr5sktwbddkvtw/app.bsky.feed.post/3mfpagjcfy22t,2,0,0,0
c9be277407a8420c895887fa3f839651,2026-02-26T05:00:00Z,2026-02-26T05:14:59Z,auth,auth_enUS_labelerexp,at://did:plc:y3kfhfpt3obs6lgshjnke56v/app.bsky.feed.post/3mfp65u2fdk2k,3,3,0,0
c9be277407a8420c895887fa3f839651,2026-02-26T05:00:00Z,2026-02-26T05:14:59Z,auth,auth_enUS_labelerexp,at://did:plc:cq64g7bzktyw7tqlqmlttjt5/app.bsky.feed.post/3mfp2lq32iq2s,8,1,0,0
c9be277407a8420c895887fa3f839651,2026-02-26T05:00:00Z,2026-02-26T05:14:59Z,auth,auth_enUS_labelerexp,at://did:plc:crquu3blyn4b2adgj5hhb66p/app.bsky.feed.post/3mfoxelrv7s24,0,0,0,0
c9be277407a8420c895887fa3f839651,2026-02-26T05:00:00Z,2026-02-26T05:14:59Z,auth,auth_enUS_labelerexp,at://did:plc:jskerjl6bamgdbvjfqynr3xr/app.bsky.feed.post/3mfouappyf22t,1,0,0,0
c9be277407a8420c895887fa3f839651,2026-02-26T05:00:00Z,2026-02-26T05:14:59Z,auth,auth_enUS_labelerexp,at://did:plc:jskerjl6bamgdbvjfqynr3xr/app.bsky.feed.post/3mfouapnlm426,0,0,0,0
c9be277407a8420c895887fa3f839651,2026-02-26T05:00:00Z,2026-02-26T05:14:59Z,auth,auth_enUS_labelerexp,at://did:plc:jskerjl6bamgdbvjfqynr3xr/app.bsky.feed.post/3mfouaplbfv2t,0,0,0,0
c9be277407a8420c895887fa3f839651,2026-02-26T05:00:00Z,2026-02-26T05:14:59Z,auth,auth_enUS_labelerexp,at://did:plc:jskerjl6bamgdbvjfqynr3xr/app.bsky.feed.post/3mfouapj3t32s,1,0,0,0
c9be277407a8420c895887fa3f839651,2026-02-26T05:00:00Z,2026-02-26T05:14:59Z,auth,auth_enUS_labelerexp,at://did:plc:jskerjl6bamgdbvjfqynr3xr/app.bsky.feed.post/3mfouapcgzd22,0,0,0,0
c9be277407a8420c895887fa3f839651,2026-02-26T05:00:00Z,2026-02-26T05:14:59Z,auth,auth_enUS_labelerexp,at://did:plc:2uwrynll2xcbgrsx6gnb3bay/app.bsky.feed.post/3mfosqnsaq22t,23,8,2,0
c9be277407a8420c895887fa3f839651,2026-02-26T05:00:00Z,2026-02-26T05:14:59Z,auth,auth_enUS_labelerexp,at://did:plc:pcuiuqo25yuoaffpqjbkgurg/app.bsky.feed.post/3mfopiiszoo2o,0,0,0,0
c9be277407a8420c895887fa3f839651,2026-02-26T05:00:00Z,2026-02-26T05:14:59Z,auth,auth_enUS_labelerexp,at://did:plc:l4j54ld25rtj3hg7tzuszcek/app.bsky.feed.post/3mfointrxzc2y,5,2,0,0
c9be277407a8420c895887fa3f839651,2026-02-26T05:00:00Z,2026-02-26T05:14:59Z,auth,auth_enUS_labelerexp,at://did:plc:kkteoxwif4ia4ltayria4ops/app.bsky.feed.post/3mfo6ouyp3k2g,5,4,1,1
c9be277407a8420c895887fa3f839651,2026-02-26T05:00:00Z,2026-02-26T05:14:59Z,auth,auth_enUS_labelerexp,at://did:plc:pcuiuqo25yuoaffpqjbkgurg/app.bsky.feed.post/3mfo5ejbjod2n,0,1,0,0
c9be277407a8420c895887fa3f839651,2026-02-26T05:00:00Z,2026-02-26T05:14:59Z,auth,auth_enUS_labelerexp,at://did:plc:pcuiuqo25yuoaffpqjbkgurg/app.bsky.feed.post/3mfnwmnnt3r2e,1,0,0,0
c9be277407a8420c895887fa3f839651,2026-02-26T05:00:00Z,2026-02-26T05:14:59Z,auth,auth_enUS_labelerexp,at://did:plc:pcuiuqo25yuoaffpqjbkgurg/app.bsky.feed.post/3mfnucs76pq24,0,0,0,0
c9be277407a8420c895887fa3f839651,2026-02-26T05:00:00Z,2026-02-26T05:14:59Z,auth,auth_enUS_labelerexp,at://did:plc:2uwrynll2xcbgrsx6gnb3bay/app.bsky.feed.post/3mfn6jmuv5k2s,2,0,0,0
c9be277407a8420c895887fa3f839651,2026-02-26T05:00:00Z,2026-02-26T05:14:59Z,auth,auth_enUS_labelerexp,at://did:plc:y3kfhfpt3obs6lgshjnke56v/app.bsky.feed.post/3mfmz4byekc2w,1,0,0,1
c9be277407a8420c895887fa3f839651,2026-02-26T05:00:00Z,2026-02-26T05:14:59Z,auth,auth_enUS_labelerexp,at://did:plc:pxmlyn6md6zxr5tm4ktftbcr/app.bsky.feed.post/3mfmxma5epb2z,8,0,0,0
c9be277407a8420c895887fa3f839651,2026-02-26T05:00:00Z,2026-02-26T05:14:59Z,auth,auth_enUS_labelerexp,at://did:plc:pxmlyn6md6zxr5tm4ktftbcr/app.bsky.feed.post/3mfmxm3drkc2y,9,5,1,1
c9be277407a8420c895887fa3f839651,2026-02-26T05:00:00Z,2026-02-26T05:14:59Z,auth,auth_enUS_labelerexp,at://did:plc:cq64g7bzktyw7tqlqmlttjt5/app.bsky.feed.post/3mfmxhjji3t2f,4,2,0,1
c9be277407a8420c895887fa3f839651,2026-02-26T05:00:00Z,2026-02-26T05:14:59Z,auth,auth_enUS_labelerexp,at://did:plc:f4pmajnz3elx4tdisy6gmpve/app.bsky.feed.post/3mfmwaljspk2a,8,0,4,0
c9be277407a8420c895887fa3f839651,2026-02-26T05:00:00Z,2026-02-26T05:14:59Z,auth,auth_enUS_labelerexp,at://did:plc:jskerjl6bamgdbvjfqynr3xr/app.bsky.feed.post/3mfmtor35la2p,5,2,0,0
c9be277407a8420c895887fa3f839651,2026-02-26T05:00:00Z,2026-02-26T05:14:59Z,auth,auth_enUS_labelerexp,at://did:plc:jskerjl6bamgdbvjfqynr3xr/app.bsky.feed.post/3mfmtoqrh4e2e,1,0,0,0
c9be277407a8420c895887fa3f839651,2026-02-26T05:00:00Z,2026-02-26T05:14:59Z,auth,auth_enUS_labelerexp,at://did:plc:y35kcjwstssysymamdd2fqwn/app.bsky.feed.post/3mfmq2gkim22f,4,1,0,0
c9be277407a8420c895887fa3f839651,2026-02-26T05:00:00Z,2026-02-26T05:14:59Z,auth,auth_enUS_labelerexp,at://did:plc:cq64g7bzktyw7tqlqmlttjt5/app.bsky.feed.post/3mfmnfgzb7o2z,2,2,0,0
c9be277407a8420c895887fa3f839651,2026-02-26T05:00:00Z,2026-02-26T05:14:59Z,auth,auth_enUS_labelerexp,at://did:plc:6eqjufcnopmdmucccde5aeob/app.bsky.feed.post/3mfmlisrar22n,8,2,1,0
c9be277407a8420c895887fa3f839651,2026-02-26T05:00:00Z,2026-02-26T05:14:59Z,auth,auth_enUS_labelerexp,at://did:plc:6eqjufcnopmdmucccde5aeob/app.bsky.feed.post/3mfmli23jlk2m,14,2,0,1
c9be277407a8420c895887fa3f839651,2026-02-26T05:00:00Z,2026-02-26T05:14:59Z,auth,auth_enUS_labelerexp,at://did:plc:l4j54ld25rtj3hg7tzuszcek/app.bsky.feed.post/3mfmhen7cbc23,1,0,0,0
c9be277407a8420c895887fa3f839651,2026-02-26T05:00:00Z,2026-02-26T05:14:59Z,auth,auth_enUS_labelerexp,at://did:plc:jskerjl6bamgdbvjfqynr3xr/app.bsky.feed.post/3mfmdwjncxn2b,0,0,0,0
c9be277407a8420c895887fa3f839651,2026-02-26T05:00:00Z,2026-02-26T05:14:59Z,auth,auth_enUS_labelerexp,at://did:plc:jskerjl6bamgdbvjfqynr3xr/app.bsky.feed.post/3mfmdwjko5h22,0,0,0,0
c9be277407a8420c895887fa3f839651,2026-02-26T05:00:00Z,2026-02-26T05:14:59Z,auth,auth_enUS_labelerexp,at://did:plc:jskerjl6bamgdbvjfqynr3xr/app.bsky.feed.post/3mfmdwjbpaz2q,0,0,0,0
c9be277407a8420c895887fa3f839651,2026-02-26T05:00:00Z,2026-02-26T05:14:59Z,auth,auth_enUS_labelerexp,at://did:plc:zdyxz5x6amol6hignrnwgipt/app.bsky.feed.post/3mfmdpixe7k2d,3,1,1,0
c9be277407a8420c895887fa3f839651,2026-02-26T05:00:00Z,2026-02-26T05:14:59Z,auth,auth_enUS_labelerexp,at://did:plc:d6ujep7rkj2kspdyxqnudalc/app.bsky.feed.post/3mfmdnxx7kc2t,5,1,0,0
c9be277407a8420c895887fa3f839651,2026-02-26T05:00:00Z,2026-02-26T05:14:59Z,auth,auth_enUS_labelerexp,at://did:plc:hohwnodetxxvabybrhgr755u/app.bsky.feed.post/3mfmd5zf3ac2y,8,3,1,0
c9be277407a8420c895887fa3f839651,2026-02-26T05:00:00Z,2026-02-26T05:14:59Z,auth,auth_enUS_labelerexp,at://did:plc:xwpapeentoankvx5z34hdbs6/app.bsky.feed.post/3mflz3ujbyc2t,24,8,0,1
c9be277407a8420c895887fa3f839651,2026-02-26T05:00:00Z,2026-02-26T05:14:59Z,auth,auth_enUS_labelerexp,at://did:plc:i7lv3abpcflafgtnc3nf5vlb/app.bsky.feed.post/3mfll3xt67c2x,21,9,2,0
c9be277407a8420c895887fa3f839651,2026-02-26T05:00:00Z,2026-02-26T05:14:59Z,auth,auth_enUS_labelerexp,at://did:plc:hu6ohjpc27ed65kh56ftrpr7/app.bsky.feed.post/3mfkwyk2dk32x,4,0,1,0
c9be277407a8420c895887fa3f839651,2026-02-26T05:00:00Z,2026-02-26T05:14:59Z,auth,auth_enUS_labelerexp,at://did:plc:xcf3ys5hegywnhldlsmh4jtf/app.bsky.feed.post/3mfkso6m4g22i,18,7,1,1
c9be277407a8420c895887fa3f839651,2026-02-26T05:00:00Z,2026-02-26T05:14:59Z,auth,auth_enUS_labelerexp,at://did:plc:4jb3re5tvklsvhuc3lkerj5q/app.bsky.feed.post/3mfkairvlmk2o,8,0,1,0
c9be277407a8420c895887fa3f839651,2026-02-26T05:00:00Z,2026-02-26T05:14:59Z,auth,auth_enUS_labelerexp,at://did:plc:cq64g7bzktyw7tqlqmlttjt5/app.bsky.feed.post/3mfkacrmezi2k,14,4,0,0
c9be277407a8420c895887fa3f839651,2026-02-26T05:00:00Z,2026-02-26T05:14:59Z,auth,auth_enUS_labelerexp,at://did:plc:4jb3re5tvklsvhuc3lkerj5q/app.bsky.feed.post/3mfk5ib6d6c25,10,2,1,0
c9be277407a8420c895887fa3f839651,2026-02-26T05:00:00Z,2026-02-26T05:14:59Z,auth,auth_enUS_labelerexp,at://did:plc:utvkyz7gvr5m4u3toaorxdan/app.bsky.feed.post/3mfk3tgfiok2b,1,1,0,0
c9be277407a8420c895887fa3f839651,2026-02-26T05:00:00Z,2026-02-26T05:14:59Z,auth,auth_enUS_labelerexp,at://did:plc:c5r3igpup3sopvtbjbkkxjhy/app.bsky.feed.post/3mfk3n2gdk22v,12,5,0,0
c9be277407a8420c895887fa3f839651,2026-02-26T05:00:00Z,2026-02-26T05:15:01Z,auth,auth_enUS_labelerexp,at://did:plc:7t5rrgry5egs47u3a7gepllh/app.bsky.feed.post/3mfqbnnwm4o2a,1,1,0,0
c9be277407a8420c895887fa3f839651,2026-02-26T05:00:00Z,2026-02-26T05:15:01Z,auth,auth_enUS_labelerexp,at://did:plc:fqmpdamfcrzgp6u7evwdsj23/app.bsky.feed.post/3mfq7eetu3r2n,0,0,0,0
c9be277407a8420c895887fa3f839651,2026-02-26T05:00:00Z,2026-02-26T05:15:01Z,auth,auth_enUS_labelerexp,at://did:plc:t3ppmffttxwa6jr33us4g47d/app.bsky.feed.post/3mfq2al5cvs2n,0,0,0,0
c9be277407a8420c895887fa3f839651,2026-02-26T05:00:00Z,2026-02-26T05:15:01Z,auth,auth_enUS_labelerexp,at://did:plc:6assmjwnz6wlhuqouwvqziz4/app.bsky.feed.post/3mfpvvevfik2o,15,8,0,1
c9be277407a8420c895887fa3f839651,2026-02-26T05:00:00Z,2026-02-26T05:15:01Z,auth,auth_enUS_labelerexp,at://did:plc:jhusflmoof3mmtocfbilt7rs/app.bsky.feed.post/3mfpvmt6kc22i,2,0,0,0
c9be277407a8420c895887fa3f839651,2026-02-26T05:00:00Z,2026-02-26T05:15:01Z,auth,auth_enUS_labelerexp,at://did:plc:7t5rrgry5egs47u3a7gepllh/app.bsky.feed.post/3mfpuvzymsn2a,4,2,0,0
c9be277407a8420c895887fa3f839651,2026-02-26T05:00:00Z,2026-02-26T05:15:01Z,auth,auth_enUS_labelerexp,at://did:plc:xyl6ymp5vk7nfnapkdljk7fh/app.bsky.feed.post/3mfpu6rpxeo2x,6,3,0,0
c9be277407a8420c895887fa3f839651,2026-02-26T05:00:00Z,2026-02-26T05:15:01Z,auth,auth_enUS_labelerexp,at://did:plc:wcixrzodk3324aj2v37nasq6/app.bsky.feed.post/3mfpsw46sik2v,3,0,0,0
c9be277407a8420c895887fa3f839651,2026-02-26T05:00:00Z,2026-02-26T05:15:01Z,auth,auth_enUS_labelerexp,at://did:plc:hirzzuoeoimjqbq7voljs6eu/app.bsky.feed.post/3mfpssrl5c62c,4,0,0,0
c9be277407a8420c895887fa3f839651,2026-02-26T05:00:00Z,2026-02-26T05:15:01Z,auth,auth_enUS_labelerexp,at://did:plc:zp3nvkexcdzfdinnsv5w2g5c/app.bsky.feed.post/3mfpqhsb55s23,2,0,0,0
c9be277407a8420c895887fa3f839651,2026-02-26T05:00:00Z,2026-02-26T05:15:01Z,auth,auth_enUS_labelerexp,at://did:plc:si5fx5b744eui7ivh6cddovy/app.bsky.feed.post/3mfpkkluixk2d,6,1,0,0
c9be277407a8420c895887fa3f839651,2026-02-26T05:00:00Z,2026-02-26T05:15:01Z,auth,auth_enUS_labelerexp,at://did:plc:whr3ajncrdud3gzc6vvp7h6w/app.bsky.feed.post/3mfpk55piik2c,6,0,0,0
c9be277407a8420c895887fa3f839651,2026-02-26T05:00:00Z,2026-02-26T05:15:01Z,auth,auth_enUS_labelerexp,at://did:plc:7t5rrgry5egs47u3a7gepllh/app.bsky.feed.post/3mfphv7bubs25,4,0,0,0
c9be277407a8420c895887fa3f839651,2026-02-26T05:00:00Z,2026-02-26T05:15:01Z,auth,auth_enUS_labelerexp,at://did:plc:amamlcboteqqpy5qdnev5bc6/app.bsky.feed.post/3mfpelyfdow2q,5,2,1,0
c9be277407a8420c895887fa3f839651,2026-02-26T05:00:00Z,2026-02-26T05:15:01Z,auth,auth_enUS_labelerexp,at://did:plc:lzfhfhal6l6jlgemgpjewta5/app.bsky.feed.post/3mfpc4yiids24,9,2,0,0
c9be277407a8420c895887fa3f839651,2026-02-26T05:00:00Z,2026-02-26T05:15:01Z,auth,auth_enUS_labelerexp,at://did:plc:4mfutxvqwbckptiye3bpwezu/app.bsky.feed.post/3mfp6kg55hy2m,3,1,0,0
c9be277407a8420c895887fa3f839651,2026-02-26T05:00:00Z,2026-02-26T05:15:01Z,auth,auth_enUS_labelerexp,at://did:plc:bhho2gbfg5xb53vjefr3sw6b/app.bsky.feed.post/3mfp54biqjc2m,9,5,1,0
c9be277407a8420c895887fa3f839651,2026-02-26T05:00:00Z,2026-02-26T05:15:01Z,auth,auth_enUS_labelerexp,at://did:plc:ci6h5brgk4fzebwhisbvitcn/app.bsky.feed.post/3mfp4wb5nj52m,2,0,0,0
c9be277407a8420c895887fa3f839651,2026-02-26T05:00:00Z,2026-02-26T05:15:01Z,auth,auth_enUS_labelerexp,at://did:plc:3c6igklnxdl4wjef6lc2aj25/app.bsky.feed.post/3mfp4jqbjms2l,3,0,0,0
c9be277407a8420c895887fa3f839651,2026-02-26T05:00:00Z,2026-02-26T05:15:01Z,auth,auth_enUS_labelerexp,at://did:plc:hirzzuoeoimjqbq7voljs6eu/app.bsky.feed.post/3mfoyxsgdtg24,2,0,0,0
c9be277407a8420c895887fa3f839651,2026-02-26T05:00:00Z,2026-02-26T05:15:01Z,auth,auth_enUS_labelerexp,at://did:plc:arguctozuekicsrizo2zm6xh/app.bsky.feed.post/3mfoyjq72ss2l,2,0,1,0
c9be277407a8420c895887fa3f839651,2026-02-26T05:00:00Z,2026-02-26T05:15:01Z,auth,auth_enUS_labelerexp,at://did:plc:hphkmzkzrmwjo6qlw2oo3kn6/app.bsky.feed.post/3mfoxemwnjv2c,4,0,0,0
c9be277407a8420c895887fa3f839651,2026-02-26T05:00:00Z,2026-02-26T05:15:01Z,auth,auth_enUS_labelerexp,at://did:plc:vm4f35t77t63wjyhc42a3zu5/app.bsky.feed.post/3mfou3ocqic2h,3,1,0,0
c9be277407a8420c895887fa3f839651,2026-02-26T05:00:00Z,2026-02-26T05:15:01Z,auth,auth_enUS_labelerexp,at://did:plc:lzfmhfvaodd56t7q2o37frrk/app.bsky.feed.post/3mfou2wjtlm2x,2,1,0,0
c9be277407a8420c895887fa3f839651,2026-02-26T05:00:00Z,2026-02-26T05:15:01Z,auth,auth_enUS_labelerexp,at://did:plc:yxxh7hwp7owwsxs7r6hy63kb/app.bsky.feed.post/3mfote5iqm22h,3,0,0,0
c9be277407a8420c895887fa3f839651,2026-02-26T05:00:00Z,2026-02-26T05:15:01Z,auth,auth_enUS_labelerexp,at://did:plc:4hs6svcczvotdqsnnuwmsjfs/app.bsky.feed.post/3mforrdbp6q2w,8,2,1,0
c9be277407a8420c895887fa3f839651,2026-02-26T05:00:00Z,2026-02-26T05:15:01Z,auth,auth_enUS_labelerexp,at://did:plc:7t5rrgry5egs47u3a7gepllh/app.bsky.feed.post/3mfolh6mj2d2a,9,2,0,0
c9be277407a8420c895887fa3f839651,2026-02-26T05:00:00Z,2026-02-26T05:15:01Z,auth,auth_enUS_labelerexp,at://did:plc:ybkzhlwrcadnqtwxphxkqqcv/app.bsky.feed.post/3mfokaey6u22i,7,1,1,0
c9be277407a8420c895887fa3f839651,2026-02-26T05:00:00Z,2026-02-26T05:15:01Z,auth,auth_enUS_labelerexp,at://did:plc:xrsq5iauajvxx54nyp6k4bb6/app.bsky.feed.post/3mfok4hw7es25,7,2,0,0
c9be277407a8420c895887fa3f839651,2026-02-26T05:00:00Z,2026-02-26T05:15:01Z,auth,auth_enUS_labelerexp,at://did:plc:5635l76vx2kqzdxr7ot64zd3/app.bsky.feed.post/3mfohjsjybs22,18,2,3,0
c9be277407a8420c895887fa3f839651,2026-02-26T05:00:00Z,2026-02-26T05:15:01Z,auth,auth_enUS_labelerexp,at://did:plc:7t5rrgry5egs47u3a7gepllh/app.bsky.feed.post/3mfnsw5yr2j2q,11,4,0,0
c9be277407a8420c895887fa3f839651,2026-02-26T05:00:00Z,2026-02-26T05:15:01Z,auth,auth_enUS_labelerexp,at://did:plc:t3ppmffttxwa6jr33us4g47d/app.bsky.feed.post/3mfnnkxvnca23,4,0,0,0
c9be277407a8420c895887fa3f839651,2026-02-26T05:00:00Z,2026-02-26T05:15:01Z,auth,auth_enUS_labelerexp,at://did:plc:uhyvm4exaxd6ihx42zroif27/app.bsky.feed.post/3mfnnjsnmvs2g,2,0,0,0
c9be277407a8420c895887fa3f839651,2026-02-26T05:00:00Z,2026-02-26T05:15:01Z,auth,auth_enUS_labelerexp,at://did:plc:uhyvm4exaxd6ihx42zroif27/app.bsky.feed.post/3mfnnjmbqik2g,2,0,1,0
c9be277407a8420c895887fa3f839651,2026-02-26T05:00:00Z,2026-02-26T05:15:01Z,auth,auth_enUS_labelerexp,at://did:plc:uhyvm4exaxd6ihx42zroif27/app.bsky.feed.post/3mfnnjgtq522g,4,1,1,0
c9be277407a8420c895887fa3f839651,2026-02-26T05:00:00Z,2026-02-26T05:15:01Z,auth,auth_enUS_labelerexp,at://did:plc:whr3ajncrdud3gzc6vvp7h6w/app.bsky.feed.post/3mfnmr53o622z,6,0,0,0
c9be277407a8420c895887fa3f839651,2026-02-26T05:00:00Z,2026-02-26T05:15:01Z,auth,auth_enUS_labelerexp,at://did:plc:h2sw32da2nfurx37yvc3bh6p/app.bsky.feed.post/3mfnkymmqzk2b,4,1,1,0
c9be277407a8420c895887fa3f839651,2026-02-26T05:00:00Z,2026-02-26T05:15:01Z,auth,auth_enUS_labelerexp,at://did:plc:2vd6ya5a4a2pdegg7ejtib4y/app.bsky.feed.post/3mfnj7ouqek2n,2,0,0,0
c9be277407a8420c895887fa3f839651,2026-02-26T05:00:00Z,2026-02-26T05:15:01Z,auth,auth_enUS_labelerexp,at://did:plc:amamlcboteqqpy5qdnev5bc6/app.bsky.feed.post/3mfnibafqfm2u,7,3,0,0
c9be277407a8420c895887fa3f839651,2026-02-26T05:00:00Z,2026-02-26T05:15:01Z,auth,auth_enUS_labelerexp,at://did:plc:amamlcboteqqpy5qdnev5bc6/app.bsky.feed.post/3mfnib7k6bd2j,13,10,1,0
c9be277407a8420c895887fa3f839651,2026-02-26T05:00:00Z,2026-02-26T05:15:01Z,auth,auth_enUS_labelerexp,at://did:plc:gavtvpuqn2chnawosye5xlvv/app.bsky.feed.post/3mfnhjfsv3p23,17,13,0,0
c9be277407a8420c895887fa3f839651,2026-02-26T05:00:00Z,2026-02-26T05:15:01Z,auth,auth_enUS_labelerexp,at://did:plc:jhusflmoof3mmtocfbilt7rs/app.bsky.feed.post/3mfnej3rjlc2a,9,2,0,0
c9be277407a8420c895887fa3f839651,2026-02-26T05:00:00Z,2026-02-26T05:15:01Z,auth,auth_enUS_labelerexp,at://did:plc:7t5rrgry5egs47u3a7gepllh/app.bsky.feed.post/3mfnefbh3bx23,4,1,0,0
c9be277407a8420c895887fa3f839651,2026-02-26T05:00:00Z,2026-02-26T05:15:01Z,auth,auth_enUS_labelerexp,at://did:plc:ejs7bir2kdltme23tmfviv3g/app.bsky.feed.post/3mfndofjjms2s,28,5,0,0
c9be277407a8420c895887fa3f839651,2026-02-26T05:00:00Z,2026-02-26T05:15:01Z,auth,auth_enUS_labelerexp,at://did:plc:emsvnc6mykbtjbltj3te3n4t/app.bsky.feed.post/3mfndfez35k2f,1,0,1,0
c9be277407a8420c895887fa3f839651,2026-02-26T05:00:00Z,2026-02-26T05:15:01Z,auth,auth_enUS_labelerexp,at://did:plc:hphkmzkzrmwjo6qlw2oo3kn6/app.bsky.feed.post/3mfndcbexww2c,2,0,0,0
c9be277407a8420c895887fa3f839651,2026-02-26T05:00:00Z,2026-02-26T05:15:01Z,auth,auth_enUS_labelerexp,at://did:plc:hirzzuoeoimjqbq7voljs6eu/app.bsky.feed.post/3mfncdu67dc26,1,0,0,0
c9be277407a8420c895887fa3f839651,2026-02-26T05:00:00Z,2026-02-26T05:15:01Z,auth,auth_enUS_labelerexp,at://did:plc:k24jc3vaomuifan52g4kk7nc/app.bsky.feed.post/3mfmzqeeles2t,3,0,0,0
c9be277407a8420c895887fa3f839651,2026-02-26T05:00:00Z,2026-02-26T05:15:01Z,auth,auth_enUS_labelerexp,at://did:plc:pvn6xlyeyim34mjdaubvhh5r/app.bsky.feed.post/3mfmxothkxc2g,3,0,0,0
c9be277407a8420c895887fa3f839651,2026-02-26T05:00:00Z,2026-02-26T05:15:01Z,auth,auth_enUS_labelerexp,at://did:plc:7t5rrgry5egs47u3a7gepllh/app.bsky.feed.post/3mfmwwd5czb2k,5,3,0,0
c9be277407a8420c895887fa3f839651,2026-02-26T05:00:00Z,2026-02-26T05:15:02Z,auth,auth_enUS_labelerexp,at://did:plc:nqqtsgwsijaojn35rtaur7xz/app.bsky.feed.post/3mfqfnk5uf22y,0,0,0,0
c9be277407a8420c895887fa3f839651,2026-02-26T05:00:00Z,2026-02-26T05:15:02Z,auth,auth_enUS_labelerexp,at://did:plc:bha2dz5gas6fpljl5intvc7r/app.bsky.feed.post/3mfqfj3lai22j,0,0,0,0
c9be277407a8420c895887fa3f839651,2026-02-26T05:00:00Z,2026-02-26T05:15:02Z,auth,auth_enUS_labelerexp,at://did:plc:5mperqwcawusapzvqvw2etmu/app.bsky.feed.post/3mfqfdoqxnc2c,3,1,0,0
c9be277407a8420c895887fa3f839651,2026-02-26T05:00:00Z,2026-02-26T05:15:02Z,auth,auth_enUS_labelerexp,at://did:plc:awb4oaz6xkqof3kuakujin3d/app.bsky.feed.post/3mfqfacxork2f,1,0,0,0
c9be277407a8420c895887fa3f839651,2026-02-26T05:00:00Z,2026-02-26T05:15:02Z,auth,auth_enUS_labelerexp,at://did:plc:isjsnxk2tj7eydpwhfwuyslc/app.bsky.feed.post/3mfqf7q4srs2i,1,0,1,0
c9be277407a8420c895887fa3f839651,2026-02-26T05:00:00Z,2026-02-26T05:15:02Z,auth,auth_enUS_labelerexp,at://did:plc:tlrrrzm6ngrz3isbslfw5yj6/app.bsky.feed.post/3mfqeyi66ek2p,1,0,0,0
c9be277407a8420c895887fa3f839651,2026-02-26T05:00:00Z,2026-02-26T05:15:02Z,auth,auth_enUS_labelerexp,at://did:plc:p5m4vssrduhrdmtdafka5ucn/app.bsky.feed.post/3mfqewzw7xs2h,1,0,1,0
c9be277407a8420c895887fa3f839651,2026-02-26T05:00:00Z,2026-02-26T05:15:02Z,auth,auth_enUS_labelerexp,at://did:plc:km43h6xy7izuf6lhzd4ysyxf/app.bsky.feed.post/3mfqerqbp3c2s,1,0,0,0
c9be277407a8420c895887fa3f839651,2026-02-26T05:00:00Z,2026-02-26T05:15:02Z,auth,auth_enUS_labelerexp,at://did:plc:uzrxb4k7h4n7sqolep27b6wt/app.bsky.feed.post/3mfqeph7rm22f,0,0,0,0
c9be277407a8420c895887fa3f839651,2026-02-26T05:00:00Z,2026-02-26T05:15:02Z,auth,auth_enUS_labelerexp,at://did:plc:g5muzq2fndogf7k4vj47q3v6/app.bsky.feed.post/3mfqeoeilyc2e,2,0,1,0
c9be277407a8420c895887fa3f839651,2026-02-26T05:00:00Z,2026-02-26T05:15:02Z,auth,auth_enUS_labelerexp,at://did:plc:hyjd43x3cb4ykqr45qajiolp/app.bsky.feed.post/3mfqenr2sjk27,0,0,0,0
c9be277407a8420c895887fa3f839651,2026-02-26T05:00:00Z,2026-02-26T05:15:02Z,auth,auth_enUS_labelerexp,at://did:plc:kblfg6kzr5iquxxpbzgi4yn2/app.bsky.feed.post/3mfqelh3qgk2d,3,0,0,0
c9be277407a8420c895887fa3f839651,2026-02-26T05:00:00Z,2026-02-26T05:15:02Z,auth,auth_enUS_labelerexp,at://did:plc:5djgg5wjq2hu5sdecgo6w6zt/app.bsky.feed.post/3mfqedsuw7k2p,0,0,0,0
c9be277407a8420c895887fa3f839651,2026-02-26T05:00:00Z,2026-02-26T05:15:02Z,auth,auth_enUS_labelerexp,at://did:plc:5dwcm2j3us5v3bilis5g5muq/app.bsky.feed.post/3mfqecnolfc2p,0,0,0,0
c9be277407a8420c895887fa3f839651,2026-02-26T05:00:00Z,2026-02-26T05:15:02Z,auth,auth_enUS_labelerexp,at://did:plc:vcmldy5qqh4fqfd2cwn4uqn5/app.bsky.feed.post/3mfqe7vs5ds2j,0,0,0,0
c9be277407a8420c895887fa3f839651,2026-02-26T05:00:00Z,2026-02-26T05:15:02Z,auth,auth_enUS_labelerexp,at://did:plc:rb7xtlnee3uimrcotuvn3czo/app.bsky.feed.post/3mfqdtlt4koh2,0,2,0,0
c9be277407a8420c895887fa3f839651,2026-02-26T05:00:00Z,2026-02-26T05:15:02Z,auth,auth_enUS_labelerexp,at://did:plc:bokkrodm7mt7nsxi4k6myqho/app.bsky.feed.post/3mfqdtg4vhl2e,1,0,0,0
c9be277407a8420c895887fa3f839651,2026-02-26T05:00:00Z,2026-02-26T05:15:02Z,auth,auth_enUS_labelerexp,at://did:plc:sxbbdelp7nca2anp3dgtut7q/app.bsky.feed.post/3mfqdpqq32so2,0,0,0,0
c9be277407a8420c895887fa3f839651,2026-02-26T05:00:00Z,2026-02-26T05:15:02Z,auth,auth_enUS_labelerexp,at://did:plc:kbzed7siipyzdqwzb5zsdw7u/app.bsky.feed.post/3mfqdfagrfs2u,1,0,0,0
c9be277407a8420c895887fa3f839651,2026-02-26T05:00:00Z,2026-02-26T05:15:02Z,auth,auth_enUS_labelerexp,at://did:plc:m4vbawoso6hsqa5shn4sce7u/app.bsky.feed.post/3mfqddbo24c2w,1,0,0,0
c9be277407a8420c895887fa3f839651,2026-02-26T05:00:00Z,2026-02-26T05:15:02Z,auth,auth_enUS_labelerexp,at://did:plc:pbxsfz7mteccvufkiifhdecu/app.bsky.feed.post/3mfqd7y66rc2x,0,0,0,0
c9be277407a8420c895887fa3f839651,2026-02-26T05:00:00Z,2026-02-26T05:15:02Z,auth,auth_enUS_labelerexp,at://did:plc:hhq7oert47py67ivw6i4ilc3/app.bsky.feed.post/3mfqd7omaq22p,2,0,1,0
c9be277407a8420c895887fa3f839651,2026-02-26T05:00:00Z,2026-02-26T05:15:02Z,auth,auth_enUS_labelerexp,at://did:plc:jaicw36uni56fuiyohoadf5q/app.bsky.feed.post/3mfqd53kktc2s,0,0,0,0
c9be277407a8420c895887fa3f839651,2026-02-26T05:00:00Z,2026-02-26T05:15:02Z,auth,auth_enUS_labelerexp,at://did:plc:fea5n74h5wczc2t5iqyeiya3/app.bsky.feed.post/3mfqd4bweqc2y,1,0,0,0
c9be277407a8420c895887fa3f839651,2026-02-26T05:00:00Z,2026-02-26T05:15:02Z,auth,auth_enUS_labelerexp,at://did:plc:63ccwdeswd2zpikyb6utp6g3/app.bsky.feed.post/3mfqd3rgxrs2q,0,0,0,0
c9be277407a8420c895887fa3f839651,2026-02-26T05:00:00Z,2026-02-26T05:15:02Z,auth,auth_enUS_labelerexp,at://did:plc:p4lbekh2bwh5zc4fwwo3vr3f/app.bsky.feed.post/3mfqczumqic2s,0,0,0,0
c9be277407a8420c895887fa3f839651,2026-02-26T05:00:00Z,2026-02-26T05:15:02Z,auth,auth_enUS_labelerexp,at://did:plc:j565i67vsgrvqdgg5dvdcwhd/app.bsky.feed.post/3mfqcywa5gs2o,2,0,0,0
c9be277407a8420c895887fa3f839651,2026-02-26T05:00:00Z,2026-02-26T05:15:02Z,auth,auth_enUS_labelerexp,at://did:plc:qboml6pqgrceeoykk57n52jp/app.bsky.feed.post/3mfqcyoj62327,1,0,0,0
c9be277407a8420c895887fa3f839651,2026-02-26T05:00:00Z,2026-02-26T05:15:02Z,auth,auth_enUS_labelerexp,at://did:plc:dwyx3a2zv2qo4cjorng2ovom/app.bsky.feed.post/3mfqcvexo222i,3,0,0,0
c9be277407a8420c895887fa3f839651,2026-02-26T05:00:00Z,2026-02-26T05:15:02Z,auth,auth_enUS_labelerexp,at://did:plc:lvx3e4uw4snpswx44prrxeci/app.bsky.feed.post/3mfqcvbrqd22x,0,0,0,0
c9be277407a8420c895887fa3f839651,2026-02-26T05:00:00Z,2026-02-26T05:15:02Z,auth,auth_enUS_labelerexp,at://did:plc:jiwotmifwd575esqsesgonz7/app.bsky.feed.post/3mfqcoak4zi2s,0,0,0,0
c9be277407a8420c895887fa3f839651,2026-02-26T05:00:00Z,2026-02-26T05:15:02Z,auth,auth_enUS_labelerexp,at://did:plc:bokkrodm7mt7nsxi4k6myqho/app.bsky.feed.post/3mfqco3mnco2w,0,0,0,0
c9be277407a8420c895887fa3f839651,2026-02-26T05:00:00Z,2026-02-26T05:15:02Z,auth,auth_enUS_labelerexp,at://did:plc:pk3lr7pqhjbompxee3kyq4jh/app.bsky.feed.post/3mfqcnvtya22m,0,0,0,0
c9be277407a8420c895887fa3f839651,2026-02-26T05:00:00Z,2026-02-26T05:15:02Z,auth,auth_enUS_labelerexp,at://did:plc:g5eml5rakgjri7menr5257is/app.bsky.feed.post/3mfqcgsp5yc2n,0,0,0,0
c9be277407a8420c895887fa3f839651,2026-02-26T05:00:00Z,2026-02-26T05:15:02Z,auth,auth_enUS_labelerexp,at://did:plc:3mjslpqdhvkqp6phva6x6qor/app.bsky.feed.post/3mfqcfvi3d622,0,0,1,0
c9be277407a8420c895887fa3f839651,2026-02-26T05:00:00Z,2026-02-26T05:15:02Z,auth,auth_enUS_labelerexp,at://did:plc:zogaj5k6f7u3iue5656te5ie/app.bsky.feed.post/3mfqcdvcl7s22,0,0,0,0
c9be277407a8420c895887fa3f839651,2026-02-26T05:00:00Z,2026-02-26T05:15:02Z,auth,auth_enUS_labelerexp,at://did:plc:ovamcrjbbmi7xjnwxiy7hu7x/app.bsky.feed.post/3mfqccytezc2i,1,0,0,0
c9be277407a8420c895887fa3f839651,2026-02-26T05:00:00Z,2026-02-26T05:15:02Z,auth,auth_enUS_labelerexp,at://did:plc:fitg65flka26dgg32ogpw4lc/app.bsky.feed.post/3mfqcca4fik2z,3,1,0,0
c9be277407a8420c895887fa3f839651,2026-02-26T05:00:00Z,2026-02-26T05:15:02Z,auth,auth_enUS_labelerexp,at://did:plc:u5tuhyew3nourkb32hiifw2t/app.bsky.feed.post/3mfqcbyjssc25,5,1,0,0
c9be277407a8420c895887fa3f839651,2026-02-26T05:00:00Z,2026-02-26T05:15:02Z,auth,auth_enUS_labelerexp,at://did:plc:ezffmswls5jsj6dgaein3ipr/app.bsky.feed.post/3mfqc7daivs2l,1,0,0,0
c9be277407a8420c895887fa3f839651,2026-02-26T05:00:00Z,2026-02-26T05:15:02Z,auth,auth_enUS_labelerexp,at://did:plc:2lf53zltguapldnj6ctbohfa/app.bsky.feed.post/3mfqc6xtqzs27,1,1,0,0
c9be277407a8420c895887fa3f839651,2026-02-26T05:00:00Z,2026-02-26T05:15:02Z,auth,auth_enUS_labelerexp,at://did:plc:3cchv3vj65dn2whtr2bsne75/app.bsky.feed.post/3mfqbztyqo22s,2,1,0,0
c9be277407a8420c895887fa3f839651,2026-02-26T05:00:00Z,2026-02-26T05:15:02Z,auth,auth_enUS_labelerexp,at://did:plc:qboml6pqgrceeoykk57n52jp/app.bsky.feed.post/3mfqbuw65gv27,0,0,0,0
c9be277407a8420c895887fa3f839651,2026-02-26T05:00:00Z,2026-02-26T05:15:02Z,auth,auth_enUS_labelerexp,at://did:plc:43ppbusaomr3vefc4txohclv/app.bsky.feed.post/3mfqbutck4r22,0,0,0,0
c9be277407a8420c895887fa3f839651,2026-02-26T05:00:00Z,2026-02-26T05:15:02Z,auth,auth_enUS_labelerexp,at://did:plc:f54te4j6cvjnerhk7sq4kbhe/app.bsky.feed.post/3mfqbtkpy6c2j,0,1,0,0
c9be277407a8420c895887fa3f839651,2026-02-26T05:00:00Z,2026-02-26T05:15:02Z,auth,auth_enUS_labelerexp,at://did:plc:zbemkyvbg2t33v72rcaalmwl/app.bsky.feed.post/3mfqbpkd5qs2p,2,0,0,0
c9be277407a8420c895887fa3f839651,2026-02-26T05:00:00Z,2026-02-26T05:15:02Z,auth,auth_enUS_labelerexp,at://did:plc:7t5rrgry5egs47u3a7gepllh/app.bsky.feed.post/3mfqbnnwm4o2a,1,1,0,0
c9be277407a8420c895887fa3f839651,2026-02-26T05:00:00Z,2026-02-26T05:15:02Z,auth,auth_enUS_labelerexp,at://did:plc:rb7xtlnee3uimrcotuvn3czo/app.bsky.feed.post/3mfqbk675e3s2,0,2,0,0
c9be277407a8420c895887fa3f839651,2026-02-26T05:00:00Z,2026-02-26T05:15:02Z,auth,auth_enUS_labelerexp,at://did:plc:bokkrodm7mt7nsxi4k6myqho/app.bsky.feed.post/3mfqbk47wxw2s,0,0,0,0
c9be277407a8420c895887fa3f839651,2026-02-26T05:00:00Z,2026-02-26T05:15:02Z,auth,auth_enUS_labelerexp,at://did:plc:aghhwhxrpvspqkinrtrd7dyw/app.bsky.feed.post/3mfqbjyitvs2i,0,0,0,0
c9be277407a8420c895887fa3f839651,2026-02-26T05:00:00Z,2026-02-26T05:15:02Z,auth,auth_enUS_labelerexp,at://did:plc:zlpgmter4ki5b2rtaef5cnxx/app.bsky.feed.post/3mfqd26vh222t,19,0,1,0
c9be277407a8420c895887fa3f839651,2026-02-26T05:00:00Z,2026-02-26T05:15:02Z,auth,auth_enUS_labelerexp,at://did:plc:cps34rbnd3opimdcca63fcqu/app.bsky.feed.post/3mfqbzxgs5k2p,20,1,1,0
c9be277407a8420c895887fa3f839651,2026-02-26T05:00:00Z,2026-02-26T05:15:02Z,auth,auth_enUS_labelerexp,at://did:plc:qqwtdwi37xwabgifrzviprde/app.bsky.feed.post/3mfqaimlzn22u,44,8,2,0
c9be277407a8420c895887fa3f839651,2026-02-26T05:00:00Z,2026-02-26T05:15:02Z,auth,auth_enUS_labelerexp,at://did:plc:yxukjg5l733d5ewd3tbvaeji/app.bsky.feed.post/3mfq7u4jams2b,304,51,6,0
c9be277407a8420c895887fa3f839651,2026-02-26T05:00:00Z,2026-02-26T05:15:02Z,auth,auth_enUS_labelerexp,at://did:plc:wbv3nzzjx5ewkgvt5k6t2iiu/app.bsky.feed.post/3mfq7mjv3is2v,87,7,0,0
c9be277407a8420c895887fa3f839651,2026-02-26T05:00:00Z,2026-02-26T05:15:02Z,auth,auth_enUS_labelerexp,at://did:plc:kiaz5j6ssl42p2ctpuaqq5fz/app.bsky.feed.post/3mfq6ynjhr227,36,3,2,2
c9be277407a8420c895887fa3f839651,2026-02-26T05:00:00Z,2026-02-26T05:15:02Z,auth,auth_enUS_labelerexp,at://did:plc:lpoj2jskzhugzxkso3sm4cnl/app.bsky.feed.post/3mfq5rwe7hk2z,16,2,1,0
c9be277407a8420c895887fa3f839651,2026-02-26T05:00:00Z,2026-02-26T05:15:02Z,auth,auth_enUS_labelerexp,at://did:plc:ijhxcrd6r4qg45ofexwv3uzd/app.bsky.feed.post/3mfq52b2kvk22,51,12,3,0
c9be277407a8420c895887fa3f839651,2026-02-26T05:00:00Z,2026-02-26T05:15:02Z,auth,auth_enUS_labelerexp,at://did:plc:oz2tkm7k2ni5vh6dy4p3u33u/app.bsky.feed.post/3mfq3fa2r7s2g,38,10,3,0
c9be277407a8420c895887fa3f839651,2026-02-26T05:00:00Z,2026-02-26T05:15:02Z,auth,auth_enUS_labelerexp,at://did:plc:xbrz75hh6azaixn6j2msx22x/app.bsky.feed.post/3mfpyt4f3z22t,67,12,0,0
c9be277407a8420c895887fa3f839651,2026-02-26T05:00:00Z,2026-02-26T05:15:02Z,auth,auth_enUS_labelerexp,at://did:plc:fathepudxzs72v3odvqzb4v2/app.bsky.feed.post/3mfpxoxiukc2r,7,1,1,0
c9be277407a8420c895887fa3f839651,2026-02-26T05:00:00Z,2026-02-26T05:15:02Z,auth,auth_enUS_labelerexp,at://did:plc:yxukjg5l733d5ewd3tbvaeji/app.bsky.feed.post/3mfpwg67hhc2u,870,140,9,0
c9be277407a8420c895887fa3f839651,2026-02-26T05:00:00Z,2026-02-26T05:15:02Z,auth,auth_enUS_labelerexp,at://did:plc:fathepudxzs72v3odvqzb4v2/app.bsky.feed.post/3mfpvpnazkc2r,6,0,0,0
c9be277407a8420c895887fa3f839651,2026-02-26T05:00:00Z,2026-02-26T05:15:02Z,auth,auth_enUS_labelerexp,at://did:plc:negb4un7lzckqzdfn7dqyj6x/app.bsky.feed.post/3mfppa6oo522n,191,47,1,0
c9be277407a8420c895887fa3f839651,2026-02-26T05:00:00Z,2026-02-26T05:15:02Z,auth,auth_enUS_labelerexp,at://did:plc:yhbqiztgwudbqgwm4q3u35wq/app.bsky.feed.post/3mfpo6gyjnc2k,48,16,4,1
c9be277407a8420c895887fa3f839651,2026-02-26T05:00:00Z,2026-02-26T05:15:02Z,auth,auth_enUS_labelerexp,at://did:plc:yfpdjwxixh7lplgnlynfhtnt/app.bsky.feed.post/3mfplhwopkc25,12,0,0,0
c9be277407a8420c895887fa3f839651,2026-02-26T05:00:00Z,2026-02-26T05:15:02Z,auth,auth_enUS_labelerexp,at://did:plc:dch6lygfztopewtlnqgstxqk/app.bsky.feed.post/3mfpl7muhe22f,5,1,0,0
c9be277407a8420c895887fa3f839651,2026-02-26T05:00:00Z,2026-02-26T05:15:02Z,auth,auth_enUS_labelerexp,at://did:plc:swbtf3kacl3os5xggdldz73m/app.bsky.feed.post/3mfpk2cay2k27,957,208,10,0
c9be277407a8420c895887fa3f839651,2026-02-26T05:00:00Z,2026-02-26T05:15:02Z,auth,auth_enUS_labelerexp,at://did:plc:3pto24hgaeuqbrafvskaxkcj/app.bsky.feed.post/3mfpglw7goc2o,305,102,6,1
c9be277407a8420c895887fa3f839651,2026-02-26T05:00:00Z,2026-02-26T05:15:02Z,auth,auth_enUS_labelerexp,at://did:plc:ru5zioxqfv6fctxyl45qqcj7/app.bsky.feed.post/3mfpfb5xpeqsh,71,4,2,0
c9be277407a8420c895887fa3f839651,2026-02-26T05:00:00Z,2026-02-26T05:15:02Z,auth,auth_enUS_labelerexp,at://did:plc:a7zpbskrtoa6repatvldwetl/app.bsky.feed.post/3mfpdrviqxs2p,307,115,1,0
c9be277407a8420c895887fa3f839651,2026-02-26T05:00:00Z,2026-02-26T05:15:02Z,auth,auth_enUS_labelerexp,at://did:plc:ndxjwydzwpnituecigrkny3j/app.bsky.feed.post/3mfpcyqbrys2s,42,9,0,0
c9be277407a8420c895887fa3f839651,2026-02-26T05:00:00Z,2026-02-26T05:15:02Z,auth,auth_enUS_labelerexp,at://did:plc:xms6imovt7srw66xclpasnov/app.bsky.feed.post/3mfpcq6amps2a,67,7,4,0
c9be277407a8420c895887fa3f839651,2026-02-26T05:00:00Z,2026-02-26T05:15:02Z,auth,auth_enUS_labelerexp,at://did:plc:6wsthyi3hv6coswylcxnvcdl/app.bsky.feed.post/3mfpcackwg22s,716,168,2,0
c9be277407a8420c895887fa3f839651,2026-02-26T05:00:00Z,2026-02-26T05:15:02Z,auth,auth_enUS_labelerexp,at://did:plc:kiaz5j6ssl42p2ctpuaqq5fz/app.bsky.feed.post/3mfpb44mtx22g,33,4,0,0
c9be277407a8420c895887fa3f839651,2026-02-26T05:00:00Z,2026-02-26T05:15:02Z,auth,auth_enUS_labelerexp,at://did:plc:qqwtdwi37xwabgifrzviprde/app.bsky.feed.post/3mfpa2v5d5s2l,29,10,0,0
c9be277407a8420c895887fa3f839651,2026-02-26T05:00:00Z,2026-02-26T05:15:02Z,auth,auth_enUS_labelerexp,at://did:plc:ly3jndesuajdhx4ij2uhzjld/app.bsky.feed.post/3mfoyxmqmlk2s,162,10,8,2
c9be277407a8420c895887fa3f839651,2026-02-26T05:00:00Z,2026-02-26T05:15:02Z,auth,auth_enUS_labelerexp,at://did:plc:xbrz75hh6azaixn6j2msx22x/app.bsky.feed.post/3mfoybd2xvk2u,123,19,5,1
c9be277407a8420c895887fa3f839651,2026-02-26T05:00:00Z,2026-02-26T05:15:02Z,auth,auth_enUS_labelerexp,at://did:plc:oz2tkm7k2ni5vh6dy4p3u33u/app.bsky.feed.post/3mfox5lb4522l,18,2,0,0
c9be277407a8420c895887fa3f839651,2026-02-26T05:00:00Z,2026-02-26T05:15:02Z,auth,auth_enUS_labelerexp,at://did:plc:ijhxcrd6r4qg45ofexwv3uzd/app.bsky.feed.post/3mfovqfaiis2f,40,4,0,0
c9be277407a8420c895887fa3f839651,2026-02-26T05:00:00Z,2026-02-26T05:15:02Z,auth,auth_enUS_labelerexp,at://did:plc:6wsthyi3hv6coswylcxnvcdl/app.bsky.feed.post/3mforfzvmsc2e,327,39,1,1
c9be277407a8420c895887fa3f839651,2026-02-26T05:00:00Z,2026-02-26T05:15:02Z,auth,auth_enUS_labelerexp,at://did:plc:swbtf3kacl3os5xggdldz73m/app.bsky.feed.post/3mfoofuq4f223,380,23,6,0
c9be277407a8420c895887fa3f839651,2026-02-26T05:00:00Z,2026-02-26T05:15:02Z,auth,auth_enUS_labelerexp,at://did:plc:yfpdjwxixh7lplgnlynfhtnt/app.bsky.feed.post/3mfnzhlzzfk2c,64,12,0,0
c9be277407a8420c895887fa3f839651,2026-02-26T05:00:00Z,2026-02-26T05:15:02Z,auth,auth_enUS_labelerexp,at://did:plc:yhbqiztgwudbqgwm4q3u35wq/app.bsky.feed.post/3mfntrw4cj22c,175,28,3,5
c9be277407a8420c895887fa3f839651,2026-02-26T05:00:00Z,2026-02-26T05:15:02Z,auth,auth_enUS_labelerexp,at://did:plc:lbqzm7pu6h3prvsm4dzakiem/app.bsky.feed.post/3mfnsknoqf22u,24,0,1,0
c9be277407a8420c895887fa3f839651,2026-02-26T05:00:00Z,2026-02-26T05:15:02Z,auth,auth_enUS_labelerexp,at://did:plc:3pto24hgaeuqbrafvskaxkcj/app.bsky.feed.post/3mfnollm4g225,213,49,3,15
c9be277407a8420c895887fa3f839651,2026-02-26T05:00:00Z,2026-02-26T05:15:02Z,auth,auth_enUS_labelerexp,at://did:plc:dupewrfqjiorgc6malffhfxy/app.bsky.feed.post/3mfnnz2amsk2y,48,2,1,0
c9be277407a8420c895887fa3f839651,2026-02-26T05:00:00Z,2026-02-26T05:15:02Z,auth,auth_enUS_labelerexp,at://did:plc:fathepudxzs72v3odvqzb4v2/app.bsky.feed.post/3mfnngwa2dc2q,24,5,1,0
c9be277407a8420c895887fa3f839651,2026-02-26T05:00:00Z,2026-02-26T05:15:02Z,auth,auth_enUS_labelerexp,at://did:plc:fathepudxzs72v3odvqzb4v2/app.bsky.feed.post/3mfnkgaa4gc2q,7,0,0,1
c9be277407a8420c895887fa3f839651,2026-02-26T05:00:00Z,2026-02-26T05:15:02Z,auth,auth_enUS_labelerexp,at://did:plc:zlpgmter4ki5b2rtaef5cnxx/app.bsky.feed.post/3mfneyxjtuk2n,65,21,0,0
c9be277407a8420c895887fa3f839651,2026-02-26T05:00:00Z,2026-02-26T05:15:02Z,auth,auth_enUS_labelerexp,at://did:plc:oz2tkm7k2ni5vh6dy4p3u33u/app.bsky.feed.post/3mfndpvwh2k2r,19,1,1,0
c9be277407a8420c895887fa3f839651,2026-02-26T05:00:00Z,2026-02-26T05:15:02Z,auth,auth_enUS_labelerexp,at://did:plc:uhaacv44557bk4imey7eub5b/app.bsky.feed.post/3mfnd5ldg7c2u,248,37,1,0
c9be277407a8420c895887fa3f839651,2026-02-26T05:00:00Z,2026-02-26T05:15:02Z,auth,auth_enUS_labelerexp,at://did:plc:xctsbqmbjz4fyhslzk7v7qjj/app.bsky.feed.post/3mfn4fk5pi22w,1128,264,16,1
c9be277407a8420c895887fa3f839651,2026-02-26T05:00:00Z,2026-02-26T05:15:02Z,auth,auth_enUS_labelerexp,at://did:plc:mpcyt6cgm75rfl3jgrdod6x7/app.bsky.feed.post/3mfn2j43ebc2t,142,19,2,0
c9be277407a8420c895887fa3f839651,2026-02-26T05:00:00Z,2026-02-26T05:15:02Z,auth,auth_enUS_labelerexp,at://did:plc:qqwtdwi37xwabgifrzviprde/app.bsky.feed.post/3mfn22zrlxk25,60,17,0,1
c9be277407a8420c895887fa3f839651,2026-02-26T05:00:00Z,2026-02-26T05:15:02Z,auth,auth_enUS_labelerexp,at://did:plc:ly3jndesuajdhx4ij2uhzjld/app.bsky.feed.post/3mfmxgdn3fc2c,92,16,2,0
c9be277407a8420c895887fa3f839651,2026-02-26T05:00:00Z,2026-02-26T05:15:02Z,auth,auth_enUS_labelerexp,at://did:plc:olbvrpwuaqmt3gvvjrmsv3mf/app.bsky.feed.post/3mfmwxzp3ns2m,80,16,0,0
c9be277407a8420c895887fa3f839651,2026-02-26T05:00:00Z,2026-02-26T05:15:02Z,auth,auth_enUS_labelerexp,at://did:plc:nudyhuwjlfzwghbdoyo5dipg/app.bsky.feed.post/3mfmv4odnbk25,131,35,1,0
c9be277407a8420c895887fa3f839651,2026-02-26T05:00:00Z,2026-02-26T05:15:02Z,auth,auth_enUS_labelerexp,at://did:plc:3pto24hgaeuqbrafvskaxkcj/app.bsky.feed.post/3mfmssy2flc27,156,30,0,1
c9be277407a8420c895887fa3f839651,2026-02-26T05:00:00Z,2026-02-26T05:15:02Z,auth,auth_enUS_labelerexp,at://did:plc:swbtf3kacl3os5xggdldz73m/app.bsky.feed.post/3mfmsnqdehk2l,160,28,0,0
c9be277407a8420c895887fa3f839651,2026-02-26T05:00:00Z,2026-02-26T05:15:04Z,auth,auth_enUS_labelerexp,at://did:plc:ffkgesg3jsv2j7aagkzrtcvt/app.bsky.feed.post/3lbg7mqja6s26,769,46,3,8
c9be277407a8420c895887fa3f839651,2026-02-26T05:00:00Z,2026-02-26T05:15:04Z,auth,auth_enUS_labelerexp,at://did:plc:555c53zqgqs55yh6gvttf5uv/app.bsky.feed.post/3mfqbsozwns2y,84,9,8,0
c9be277407a8420c895887fa3f839651,2026-02-26T05:00:00Z,2026-02-26T05:15:04Z,auth,auth_enUS_labelerexp,at://did:plc:3ioi3dxrpshisbykzkmsb66a/app.bsky.feed.post/3mfq77bf4y226,51,12,1,0
c9be277407a8420c895887fa3f839651,2026-02-26T05:00:00Z,2026-02-26T05:15:04Z,auth,auth_enUS_labelerexp,at://did:plc:3ioi3dxrpshisbykzkmsb66a/app.bsky.feed.post/3mfq5jh7ys22i,30,3,0,0
c9be277407a8420c895887fa3f839651,2026-02-26T05:00:00Z,2026-02-26T05:15:04Z,auth,auth_enUS_labelerexp,at://did:plc:5vsgipq2kgsktvu5h7cfe5cq/app.bsky.feed.post/3mfq4j4gxm22n,8,6,1,0
c9be277407a8420c895887fa3f839651,2026-02-26T05:00:00Z,2026-02-26T05:15:04Z,auth,auth_enUS_labelerexp,at://did:plc:y2alvqs754qpacusuvytm3fc/app.bsky.feed.post/3mfq47syjr22h,3,1,0,0
c9be277407a8420c895887fa3f839651,2026-02-26T05:00:00Z,2026-02-26T05:15:04Z,auth,auth_enUS_labelerexp,at://did:plc:k2ojas5zzclc2gewlrcgwv7y/app.bsky.feed.post/3mfq3vg2v2t2k,9,0,0,0
c9be277407a8420c895887fa3f839651,2026-02-26T05:00:00Z,2026-02-26T05:15:04Z,auth,auth_enUS_labelerexp,at://did:plc:sqvckpqgluzqq7p3253ikjw5/app.bsky.feed.post/3mfq35dpxhb2j,1,0,0,0
c9be277407a8420c895887fa3f839651,2026-02-26T05:00:00Z,2026-02-26T05:15:04Z,auth,auth_enUS_labelerexp,at://did:plc:3ioi3dxrpshisbykzkmsb66a/app.bsky.feed.post/3mfq2u2efmk2i,36,2,0,0
c9be277407a8420c895887fa3f839651,2026-02-26T05:00:00Z,2026-02-26T05:15:04Z,auth,auth_enUS_labelerexp,at://did:plc:3ioi3dxrpshisbykzkmsb66a/app.bsky.feed.post/3mfq2ooreq22i,57,11,4,0
c9be277407a8420c895887fa3f839651,2026-02-26T05:00:00Z,2026-02-26T05:15:04Z,auth,auth_enUS_labelerexp,at://did:plc:3ioi3dxrpshisbykzkmsb66a/app.bsky.feed.post/3mfpzzluxrc2i,37,5,1,0
c9be277407a8420c895887fa3f839651,2026-02-26T05:00:00Z,2026-02-26T05:15:04Z,auth,auth_enUS_labelerexp,at://did:plc:k2ojas5zzclc2gewlrcgwv7y/app.bsky.feed.post/3mfpvbwilm22l,10,1,0,0
c9be277407a8420c895887fa3f839651,2026-02-26T05:00:00Z,2026-02-26T05:15:04Z,auth,auth_enUS_labelerexp,at://did:plc:x3uuuan4azhva3ikahf7yndt/app.bsky.feed.post/3mfpunmistc2d,2,0,0,0
c9be277407a8420c895887fa3f839651,2026-02-26T05:00:00Z,2026-02-26T05:15:04Z,auth,auth_enUS_labelerexp,at://did:plc:mrstnlppagem2e6dhfjjcczk/app.bsky.feed.post/3mfpt6uafy22b,6,2,1,0
c9be277407a8420c895887fa3f839651,2026-02-26T05:00:00Z,2026-02-26T05:15:04Z,auth,auth_enUS_labelerexp,at://did:plc:fphlnhm22tqkvv2c2yad3iqt/app.bsky.feed.post/3mfpsrq6je22o,34,5,0,0
c9be277407a8420c895887fa3f839651,2026-02-26T05:00:00Z,2026-02-26T05:15:04Z,auth,auth_enUS_labelerexp,at://did:plc:mavdoxle737brhy24qj2xo2j/app.bsky.feed.post/3mfpqupkf622o,9,2,0,1
c9be277407a8420c895887fa3f839651,2026-02-26T05:00:00Z,2026-02-26T05:15:04Z,auth,auth_enUS_labelerexp,at://did:plc:vcwptpgvt4nve447v7tp4cey/app.bsky.feed.post/3mfpoh6uu6k2g,9,1,0,0
c9be277407a8420c895887fa3f839651,2026-02-26T05:00:00Z,2026-02-26T05:15:04Z,auth,auth_enUS_labelerexp,at://did:plc:wpxaqfmhbluwab5nl3zqzc57/app.bsky.feed.post/3mfpnpghwuc2t,141,46,1,4
c9be277407a8420c895887fa3f839651,2026-02-26T05:00:00Z,2026-02-26T05:15:04Z,auth,auth_enUS_labelerexp,at://did:plc:udg3goxywxdzvl3o3vco5qit/app.bsky.feed.post/3mfpnlatl4c2v,4,0,1,0
c9be277407a8420c895887fa3f839651,2026-02-26T05:00:00Z,2026-02-26T05:15:04Z,auth,auth_enUS_labelerexp,at://did:plc:fjsuhjqam3lnnjzyb2mlamxv/app.bsky.feed.post/3mfpn77fpt523,44,10,2,2
c9be277407a8420c895887fa3f839651,2026-02-26T05:00:00Z,2026-02-26T05:15:04Z,auth,auth_enUS_labelerexp,at://did:plc:yvmzudifclqllgamkkmnbp7d/app.bsky.feed.post/3mfpmv5jyg527,2,0,0,0
c9be277407a8420c895887fa3f839651,2026-02-26T05:00:00Z,2026-02-26T05:15:04Z,auth,auth_enUS_labelerexp,at://did:plc:b5ly66nko7iijwy2lktt3ctq/app.bsky.feed.post/3mfpm3i72ct2v,17,8,0,0
c9be277407a8420c895887fa3f839651,2026-02-26T05:00:00Z,2026-02-26T05:15:04Z,auth,auth_enUS_labelerexp,at://did:plc:otsvptmnypn2evkhp7ulqsdd/app.bsky.feed.post/3mfplejf2qk2d,2,0,1,0
c9be277407a8420c895887fa3f839651,2026-02-26T05:00:00Z,2026-02-26T05:15:04Z,auth,auth_enUS_labelerexp,at://did:plc:k2ojas5zzclc2gewlrcgwv7y/app.bsky.feed.post/3mfpks2okxs23,14,3,2,0
c9be277407a8420c895887fa3f839651,2026-02-26T05:00:00Z,2026-02-26T05:15:04Z,auth,auth_enUS_labelerexp,at://did:plc:nd7oohgvlz6rapsoge3rg2n2/app.bsky.feed.post/3mfpknprds22o,220,20,7,1
c9be277407a8420c895887fa3f839651,2026-02-26T05:00:00Z,2026-02-26T05:15:04Z,auth,auth_enUS_labelerexp,at://did:plc:r27vxjigzd7bny45fwsccdba/app.bsky.feed.post/3mfpkj7venc2l,2,0,0,0
c9be277407a8420c895887fa3f839651,2026-02-26T05:00:00Z,2026-02-26T05:15:04Z,auth,auth_enUS_labelerexp,at://did:plc:r27vxjigzd7bny45fwsccdba/app.bsky.feed.post/3mfpkeiftkc2l,2,0,0,0
c9be277407a8420c895887fa3f839651,2026-02-26T05:00:00Z,2026-02-26T05:15:04Z,auth,auth_enUS_labelerexp,at://did:plc:wpxaqfmhbluwab5nl3zqzc57/app.bsky.feed.post/3mfpjgq5ics2y,8,0,0,0
c9be277407a8420c895887fa3f839651,2026-02-26T05:00:00Z,2026-02-26T05:15:04Z,auth,auth_enUS_labelerexp,at://did:plc:vc6acnp7orkzddzrathzjvb7/app.bsky.feed.post/3mfpi2cgdlk2w,26,3,0,0
c9be277407a8420c895887fa3f839651,2026-02-26T05:00:00Z,2026-02-26T05:15:04Z,auth,auth_enUS_labelerexp,at://did:plc:aobka6qeawk6vcumybjiqldu/app.bsky.feed.post/3mfpgytehhu2k,7,1,0,0
c9be277407a8420c895887fa3f839651,2026-02-26T05:00:00Z,2026-02-26T05:15:04Z,auth,auth_enUS_labelerexp,at://did:plc:fjsuhjqam3lnnjzyb2mlamxv/app.bsky.feed.post/3mfpgtexeis2l,14,4,0,0
c9be277407a8420c895887fa3f839651,2026-02-26T05:00:00Z,2026-02-26T05:15:04Z,auth,auth_enUS_labelerexp,at://did:plc:siod5edzckvqvfwdos6tifxt/app.bsky.feed.post/3mfpei7dfss2y,212,41,0,0
c9be277407a8420c895887fa3f839651,2026-02-26T05:00:00Z,2026-02-26T05:15:04Z,auth,auth_enUS_labelerexp,at://did:plc:r27vxjigzd7bny45fwsccdba/app.bsky.feed.post/3mfpcx3qedk24,6,1,0,0
c9be277407a8420c895887fa3f839651,2026-02-26T05:00:00Z,2026-02-26T05:15:04Z,auth,auth_enUS_labelerexp,at://did:plc:b5ly66nko7iijwy2lktt3ctq/app.bsky.feed.post/3mfpcoziq242w,3,0,0,0
c9be277407a8420c895887fa3f839651,2026-02-26T05:00:00Z,2026-02-26T05:15:04Z,auth,auth_enUS_labelerexp,at://did:plc:k2ojas5zzclc2gewlrcgwv7y/app.bsky.feed.post/3mfpcewwys42x,7,1,0,0
c9be277407a8420c895887fa3f839651,2026-02-26T05:00:00Z,2026-02-26T05:15:04Z,auth,auth_enUS_labelerexp,at://did:plc:japrlriaauyg5nfofgajgspv/app.bsky.feed.post/3mfpbjn4n7o2x,4,3,0,2
c9be277407a8420c895887fa3f839651,2026-02-26T05:00:00Z,2026-02-26T05:15:04Z,auth,auth_enUS_labelerexp,at://did:plc:mhp7fbqabpfqf6q6d24shgok/app.bsky.feed.post/3mfpb6dscvz23,3,0,1,0
c9be277407a8420c895887fa3f839651,2026-02-26T05:00:00Z,2026-02-26T05:15:04Z,auth,auth_enUS_labelerexp,at://did:plc:cr43jd5l44wdsfoykxm3rjfw/app.bsky.feed.post/3mfpaxbrrh223,33,5,1,1
c9be277407a8420c895887fa3f839651,2026-02-26T05:00:00Z,2026-02-26T05:15:04Z,auth,auth_enUS_labelerexp,at://did:plc:skflng2ne4nyrsvnjht3pjtb/app.bsky.feed.post/3mfpas73iuc2g,8,3,1,0
c9be277407a8420c895887fa3f839651,2026-02-26T05:00:00Z,2026-02-26T05:15:04Z,auth,auth_enUS_labelerexp,at://did:plc:fjsuhjqam3lnnjzyb2mlamxv/app.bsky.feed.post/3mfp7s467kc23,6,3,0,2
c9be277407a8420c895887fa3f839651,2026-02-26T05:00:00Z,2026-02-26T05:15:04Z,auth,auth_enUS_labelerexp,at://did:plc:ztp67e346vsyrdvbu554loqh/app.bsky.feed.post/3mfp74xblos2q,18,1,0,0
c9be277407a8420c895887fa3f839651,2026-02-26T05:00:00Z,2026-02-26T05:15:04Z,auth,auth_enUS_labelerexp,at://did:plc:2a6fautlitwr4jgoje6yf76n/app.bsky.feed.post/3mfp6h4vi222f,5,1,1,0
c9be277407a8420c895887fa3f839651,2026-02-26T05:00:00Z,2026-02-26T05:15:04Z,auth,auth_enUS_labelerexp,at://did:plc:r27vxjigzd7bny45fwsccdba/app.bsky.feed.post/3mfp6aw3mws22,2,0,1,0
c9be277407a8420c895887fa3f839651,2026-02-26T05:00:00Z,2026-02-26T05:15:04Z,auth,auth_enUS_labelerexp,at://did:plc:r27vxjigzd7bny45fwsccdba/app.bsky.feed.post/3mfp632m4ks22,5,2,0,0
c9be277407a8420c895887fa3f839651,2026-02-26T05:00:00Z,2026-02-26T05:15:04Z,auth,auth_enUS_labelerexp,at://did:plc:dmzsfmbh2ieyhexwrpq3ud6f/app.bsky.feed.post/3mfp4tfjhkc22,54,3,3,0
c9be277407a8420c895887fa3f839651,2026-02-26T05:00:00Z,2026-02-26T05:15:04Z,auth,auth_enUS_labelerexp,at://did:plc:jbrsbffoezmffbocfqvtlvcy/app.bsky.feed.post/3mfp3vteyuk2i,26,4,1,0
c9be277407a8420c895887fa3f839651,2026-02-26T05:00:00Z,2026-02-26T05:15:04Z,auth,auth_enUS_labelerexp,at://did:plc:ubjkbryakwldgxqogffvwdz3/app.bsky.feed.post/3mfp3r4wig22v,35,7,0,0
c9be277407a8420c895887fa3f839651,2026-02-26T05:00:00Z,2026-02-26T05:15:04Z,auth,auth_enUS_labelerexp,at://did:plc:vcwptpgvt4nve447v7tp4cey/app.bsky.feed.post/3mfp3nsmvtc2g,4,0,0,0
c9be277407a8420c895887fa3f839651,2026-02-26T05:00:00Z,2026-02-26T05:15:04Z,auth,auth_enUS_labelerexp,at://did:plc:vcwptpgvt4nve447v7tp4cey/app.bsky.feed.post/3mfp3ldmdrc2g,3,1,0,0
c9be277407a8420c895887fa3f839651,2026-02-26T05:00:00Z,2026-02-26T05:15:04Z,auth,auth_enUS_labelerexp,at://did:plc:azfdsivt6dx5yuknpr5bzjrp/app.bsky.feed.post/3mfp3ftpmms2k,24,4,0,0
c9be277407a8420c895887fa3f839651,2026-02-26T05:00:00Z,2026-02-26T05:15:06Z,auth,auth_enUS_labelerexp,at://did:plc:bchq2xu62khytgcmg33isskt/app.bsky.feed.post/3mfqftqaqpug2,0,0,0,0
c9be277407a8420c895887fa3f839651,2026-02-26T05:00:00Z,2026-02-26T05:15:06Z,auth,auth_enUS_labelerexp,at://did:plc:kndhhwkaouqhmgqomldv773h/app.bsky.feed.post/3mfqfrxbei22g,0,0,0,0
c9be277407a8420c895887fa3f839651,2026-02-26T05:00:00Z,2026-02-26T05:15:06Z,auth,auth_enUS_labelerexp,at://did:plc:dbecyogjcysv4vcdzzbdbl5i/app.bsky.feed.post/3mfqfb3kgkk24,1,0,0,0
c9be277407a8420c895887fa3f839651,2026-02-26T05:00:00Z,2026-02-26T05:15:06Z,auth,auth_enUS_labelerexp,at://did:plc:wnzboj4lfh53ap3kxrh2cjzh/app.bsky.feed.post/3mfqf4trrb22a,1,0,0,0
c9be277407a8420c895887fa3f839651,2026-02-26T05:00:00Z,2026-02-26T05:15:06Z,auth,auth_enUS_labelerexp,at://did:plc:jndvhyriff37wli64pgdkbq2/app.bsky.feed.post/3mfqeyp6zok2n,1,0,0,0
c9be277407a8420c895887fa3f839651,2026-02-26T05:00:00Z,2026-02-26T05:15:06Z,auth,auth_enUS_labelerexp,at://did:plc:7544wtcorqtmnwkttnfo3mpu/app.bsky.feed.post/3mfqeygafsk2c,4,1,0,0
c9be277407a8420c895887fa3f839651,2026-02-26T05:00:00Z,2026-02-26T05:15:06Z,auth,auth_enUS_labelerexp,at://did:plc:zbptgjtx4mg4pwtayijycotv/app.bsky.feed.post/3mfqexesaos23,0,0,0,0
c9be277407a8420c895887fa3f839651,2026-02-26T05:00:00Z,2026-02-26T05:15:06Z,auth,auth_enUS_labelerexp,at://did:plc:i4bfh2tyxihe2ksplmtcoopk/app.bsky.feed.post/3mfqex4ja7s2i,7,1,1,0
c9be277407a8420c895887fa3f839651,2026-02-26T05:00:00Z,2026-02-26T05:15:06Z,auth,auth_enUS_labelerexp,at://did:plc:4l2yl4qujwla4z4dpr2u4jja/app.bsky.feed.post/3mfqet26jdc2k,0,0,0,0
c9be277407a8420c895887fa3f839651,2026-02-26T05:00:00Z,2026-02-26T05:15:06Z,auth,auth_enUS_labelerexp,at://did:plc:yhehcjftof3zjrksonfxeded/app.bsky.feed.post/3mfqeqc5ons2q,1,0,1,0
c9be277407a8420c895887fa3f839651,2026-02-26T05:00:00Z,2026-02-26T05:15:06Z,auth,auth_enUS_labelerexp,at://did:plc:jndvhyriff37wli64pgdkbq2/app.bsky.feed.post/3mfqep3pan22n,1,0,0,0
c9be277407a8420c895887fa3f839651,2026-02-26T05:00:00Z,2026-02-26T05:15:06Z,auth,auth_enUS_labelerexp,at://did:plc:pvcbstqa424qpeczwhw7me3t/app.bsky.feed.post/3mfqeo5u6522i,0,0,0,0
c9be277407a8420c895887fa3f839651,2026-02-26T05:00:00Z,2026-02-26T05:15:06Z,auth,auth_enUS_labelerexp,at://did:plc:jx5qdqcuhpnkns5bk4e2y3ao/app.bsky.feed.post/3mfqenxanlc2n,1,0,0,0
c9be277407a8420c895887fa3f839651,2026-02-26T05:00:00Z,2026-02-26T05:15:06Z,auth,auth_enUS_labelerexp,at://did:plc:uemns7yqb62n5kpwe34wgdhs/app.bsky.feed.post/3mfqemqd45s23,6,0,1,0
c9be277407a8420c895887fa3f839651,2026-02-26T05:00:00Z,2026-02-26T05:15:06Z,auth,auth_enUS_labelerexp,at://did:plc:le3lgp3lcages7quwabi72io/app.bsky.feed.post/3mfqeh37fbc2g,7,1,0,0
c9be277407a8420c895887fa3f839651,2026-02-26T05:00:00Z,2026-02-26T05:15:06Z,auth,auth_enUS_labelerexp,at://did:plc:ict52rn5enbkmdito4xg5rs2/app.bsky.feed.post/3mfqefhzrx22x,1,1,0,0
c9be277407a8420c895887fa3f839651,2026-02-26T05:00:00Z,2026-02-26T05:15:06Z,auth,auth_enUS_labelerexp,at://did:plc:xsvr7arkt54arqnqo3iynioo/app.bsky.feed.post/3mfqedulssx2v,0,0,0,0
c9be277407a8420c895887fa3f839651,2026-02-26T05:00:00Z,2026-02-26T05:15:06Z,auth,auth_enUS_labelerexp,at://did:plc:ws3wozkbhtqmbrwdvb7sivs5/app.bsky.feed.post/3mfqedcqew22d,0,0,1,0
c9be277407a8420c895887fa3f839651,2026-02-26T05:00:00Z,2026-02-26T05:15:06Z,auth,auth_enUS_labelerexp,at://did:plc:qas7hbvwlrhe73un7kplj5iz/app.bsky.feed.post/3mfqed3t7rc2x,0,0,0,0
c9be277407a8420c895887fa3f839651,2026-02-26T05:00:00Z,2026-02-26T05:15:06Z,auth,auth_enUS_labelerexp,at://did:plc:cykmuukacijudelr3yaokibu/app.bsky.feed.post/3mfqeap2kmg2s,0,0,0,0
c9be277407a8420c895887fa3f839651,2026-02-26T05:00:00Z,2026-02-26T05:15:06Z,auth,auth_enUS_labelerexp,at://did:plc:edft4gne6c6qwrphj27ocnyt/app.bsky.feed.post/3mfqe7xcxts2j,2,0,0,0
c9be277407a8420c895887fa3f839651,2026-02-26T05:00:00Z,2026-02-26T05:15:06Z,auth,auth_enUS_labelerexp,at://did:plc:an45oyd2d3t6gdt6nzdstdqv/app.bsky.feed.post/3mfqe4mv7hs2f,2,0,0,0
c9be277407a8420c895887fa3f839651,2026-02-26T05:00:00Z,2026-02-26T05:15:06Z,auth,auth_enUS_labelerexp,at://did:plc:q2cemd5t53bbpnduwb37bdkk/app.bsky.feed.post/3mfqe2gratc24,0,0,1,0
c9be277407a8420c895887fa3f839651,2026-02-26T05:00:00Z,2026-02-26T05:15:06Z,auth,auth_enUS_labelerexp,at://did:plc:cs533xnib4m6tt6xvvxs7exh/app.bsky.feed.post/3mfqdznbwyc2p,2,0,0,0
c9be277407a8420c895887fa3f839651,2026-02-26T05:00:00Z,2026-02-26T05:15:06Z,auth,auth_enUS_labelerexp,at://did:plc:y2j4zkg6ugwxf6fr7hbvtfpi/app.bsky.feed.post/3mfqdylhhdk24,0,0,0,0
c9be277407a8420c895887fa3f839651,2026-02-26T05:00:00Z,2026-02-26T05:15:06Z,auth,auth_enUS_labelerexp,at://did:plc:fyevyujyacyipusqugvyk7s2/app.bsky.feed.post/3mfqdvg7goc2e,1,0,0,0
c9be277407a8420c895887fa3f839651,2026-02-26T05:00:00Z,2026-02-26T05:15:06Z,auth,auth_enUS_labelerexp,at://did:plc:eamou7htcrfwybeze3dcqi5q/app.bsky.feed.post/3mfqduw7vjs2a,1,0,0,0
c9be277407a8420c895887fa3f839651,2026-02-26T05:00:00Z,2026-02-26T05:15:06Z,auth,auth_enUS_labelerexp,at://did:plc:hmnqfgsfc5hlakn3q4efvl6m/app.bsky.feed.post/3mfqduvesds2a,0,0,0,0
c9be277407a8420c895887fa3f839651,2026-02-26T05:00:00Z,2026-02-26T05:15:06Z,auth,auth_enUS_labelerexp,at://did:plc:eamou7htcrfwybeze3dcqi5q/app.bsky.feed.post/3mfqdrjdsd22a,1,0,0,0
c9be277407a8420c895887fa3f839651,2026-02-26T05:00:00Z,2026-02-26T05:15:06Z,auth,auth_enUS_labelerexp,at://did:plc:wafy7ujthopdi3vpdqmebxro/app.bsky.feed.post/3mfqdn5qp2k2n,18,5,2,0
c9be277407a8420c895887fa3f839651,2026-02-26T05:00:00Z,2026-02-26T05:15:06Z,auth,auth_enUS_labelerexp,at://did:plc:fqgsfdjimevykyfa5s6sj6dk/app.bsky.feed.post/3mfqdlxfikc2s,0,0,0,0
c9be277407a8420c895887fa3f839651,2026-02-26T05:00:00Z,2026-02-26T05:15:06Z,auth,auth_enUS_labelerexp,at://did:plc:66wvnez7xecq2a3jvsigxwfx/app.bsky.feed.post/3mfqdkkj6n22h,4,0,1,0
c9be277407a8420c895887fa3f839651,2026-02-26T05:00:00Z,2026-02-26T05:15:06Z,auth,auth_enUS_labelerexp,at://did:plc:2f2loc2j3lgsgevp5z2vrdc2/app.bsky.feed.post/3mfqdk765h22x,4,0,0,0
c9be277407a8420c895887fa3f839651,2026-02-26T05:00:00Z,2026-02-26T05:15:06Z,auth,auth_enUS_labelerexp,at://did:plc:4pb3y2xl7mrh62nhpgmepnrb/app.bsky.feed.post/3mfqdjnh4w22o,0,0,0,0
c9be277407a8420c895887fa3f839651,2026-02-26T05:00:00Z,2026-02-26T05:15:06Z,auth,auth_enUS_labelerexp,at://did:plc:6pxbuj3kuchidjlgh5rhl5vg/app.bsky.feed.post/3mfqdgixdnc26,1,0,0,0
c9be277407a8420c895887fa3f839651,2026-02-26T05:00:00Z,2026-02-26T05:15:06Z,auth,auth_enUS_labelerexp,at://did:plc:edft4gne6c6qwrphj27ocnyt/app.bsky.feed.post/3mfqdcgfde22j,0,0,0,0
c9be277407a8420c895887fa3f839651,2026-02-26T05:00:00Z,2026-02-26T05:15:06Z,auth,auth_enUS_labelerexp,at://did:plc:d6jyhid7tfmgluwqyhswhxat/app.bsky.feed.post/3mfqdae35722l,6,0,1,0
c9be277407a8420c895887fa3f839651,2026-02-26T05:00:00Z,2026-02-26T05:15:06Z,auth,auth_enUS_labelerexp,at://did:plc:q24vkcoie7cj5paxpbh4rpk2/app.bsky.feed.post/3mfqcrl7okl2k,0,0,0,0
c9be277407a8420c895887fa3f839651,2026-02-26T05:00:00Z,2026-02-26T05:15:06Z,auth,auth_enUS_labelerexp,at://did:plc:lr6av3ztqfou56fs24ocze4p/app.bsky.feed.post/3mfqcpndkv22u,0,0,0,0
c9be277407a8420c895887fa3f839651,2026-02-26T05:00:00Z,2026-02-26T05:15:06Z,auth,auth_enUS_labelerexp,at://did:plc:xsvr7arkt54arqnqo3iynioo/app.bsky.feed.post/3mfqcorhgpk2p,1,0,0,0
c9be277407a8420c895887fa3f839651,2026-02-26T05:00:00Z,2026-02-26T05:15:06Z,auth,auth_enUS_labelerexp,at://did:plc:ict52rn5enbkmdito4xg5rs2/app.bsky.feed.post/3mfqckrcnh22b,0,0,0,0
c9be277407a8420c895887fa3f839651,2026-02-26T05:00:00Z,2026-02-26T05:15:06Z,auth,auth_enUS_labelerexp,at://did:plc:6ymjsoktxnrwu5tzv77ifsun/app.bsky.feed.post/3mfqcjeh6us2n,9,1,0,0
c9be277407a8420c895887fa3f839651,2026-02-26T05:00:00Z,2026-02-26T05:15:06Z,auth,auth_enUS_labelerexp,at://did:plc:sg62465gwwgxjywq25db5jzn/app.bsky.feed.post/3mfqcieas7s2v,0,0,0,0
c9be277407a8420c895887fa3f839651,2026-02-26T05:00:00Z,2026-02-26T05:15:06Z,auth,auth_enUS_labelerexp,at://did:plc:4pb3y2xl7mrh62nhpgmepnrb/app.bsky.feed.post/3mfqcgt3lh227,0,0,0,0
c9be277407a8420c895887fa3f839651,2026-02-26T05:00:00Z,2026-02-26T05:15:06Z,auth,auth_enUS_labelerexp,at://did:plc:zlxt3jxj5pgkjwzfnl5m7ibg/app.bsky.feed.post/3mfqcdkdvk22c,5,0,1,0
c9be277407a8420c895887fa3f839651,2026-02-26T05:00:00Z,2026-02-26T05:15:06Z,auth,auth_enUS_labelerexp,at://did:plc:ewptuo6iaw436qwpasidpfnd/app.bsky.feed.post/3mfqc6ukxjc2n,7,0,0,0
c9be277407a8420c895887fa3f839651,2026-02-26T05:00:00Z,2026-02-26T05:15:06Z,auth,auth_enUS_labelerexp,at://did:plc:jnjwngi6gb5q6fcivs3rcu4y/app.bsky.feed.post/3mfqc6oxyxc2t,1,0,0,0
c9be277407a8420c895887fa3f839651,2026-02-26T05:00:00Z,2026-02-26T05:15:06Z,auth,auth_enUS_labelerexp,at://did:plc:b422mismuecjymy3alqjxh7v/app.bsky.feed.post/3mfqc44g45l24,0,0,0,0
c9be277407a8420c895887fa3f839651,2026-02-26T05:00:00Z,2026-02-26T05:15:06Z,auth,auth_enUS_labelerexp,at://did:plc:za32tj277dun72hxe5v5xeyg/app.bsky.feed.post/3mfqc26nlvc2f,23,4,0,1
c9be277407a8420c895887fa3f839651,2026-02-26T05:00:00Z,2026-02-26T05:15:06Z,auth,auth_enUS_labelerexp,at://did:plc:4pb3y2xl7mrh62nhpgmepnrb/app.bsky.feed.post/3mfqc24szuk27,0,0,0,0
c9be277407a8420c895887fa3f839651,2026-02-26T05:00:00Z,2026-02-26T05:15:07Z,auth,auth_enUS_labelerexp,at://did:plc:e5yna6cmvlsyrbc7ehtunvwc/app.bsky.feed.post/3mfqa27ty2s2o,21,22,1,0
c9be277407a8420c895887fa3f839651,2026-02-26T05:00:00Z,2026-02-26T05:15:07Z,auth,auth_enUS_labelerexp,at://did:plc:ipupsvrmzr5hefxmcd4mxbum/app.bsky.feed.post/3mfq6hhzo4k2f,1,0,0,0
c9be277407a8420c895887fa3f839651,2026-02-26T05:00:00Z,2026-02-26T05:15:07Z,auth,auth_enUS_labelerexp,at://did:plc:zhq4wxlxtiwc2hznld4w364j/app.bsky.feed.post/3mfq66yqcss25,1,0,0,0
c9be277407a8420c895887fa3f839651,2026-02-26T05:00:00Z,2026-02-26T05:15:07Z,auth,auth_enUS_labelerexp,at://did:plc:ehnqmnnf65kuqb4flmd4cqp4/app.bsky.feed.post/3mfq5moowyc2q,2,2,0,1
c9be277407a8420c895887fa3f839651,2026-02-26T05:00:00Z,2026-02-26T05:15:07Z,auth,auth_enUS_labelerexp,at://did:plc:mb4zijndsfoimd3eracvflp6/app.bsky.feed.post/3mfq3gvhka22f,0,0,0,0
c9be277407a8420c895887fa3f839651,2026-02-26T05:00:00Z,2026-02-26T05:15:07Z,auth,auth_enUS_labelerexp,at://did:plc:qkvpasehfjakispu5d5qui2x/app.bsky.feed.post/3mfq3b3in6c2g,1,0,1,0
c9be277407a8420c895887fa3f839651,2026-02-26T05:00:00Z,2026-02-26T05:15:07Z,auth,auth_enUS_labelerexp,at://did:plc:ks2wj3rh42bdf74ybvc5xusm/app.bsky.feed.post/3mfpykaceos2y,0,1,0,0
c9be277407a8420c895887fa3f839651,2026-02-26T05:00:00Z,2026-02-26T05:15:07Z,auth,auth_enUS_labelerexp,at://did:plc:7y6gnezoo7nh3hlg4sekm3ib/app.bsky.feed.post/3mfptkrl4zk2h,0,0,1,0
c9be277407a8420c895887fa3f839651,2026-02-26T05:00:00Z,2026-02-26T05:15:07Z,auth,auth_enUS_labelerexp,at://did:plc:l4jefhickoriz4u5b4gd4au5/app.bsky.feed.post/3mfprzrc2gk2p,0,0,1,0
c9be277407a8420c895887fa3f839651,2026-02-26T05:00:00Z,2026-02-26T05:15:07Z,auth,auth_enUS_labelerexp,at://did:plc:xt6iy76ispmzakypxeydga7b/app.bsky.feed.post/3mfpqthgjns23,0,0,0,0
c9be277407a8420c895887fa3f839651,2026-02-26T05:00:00Z,2026-02-26T05:15:07Z,auth,auth_enUS_labelerexp,at://did:plc:7dujmwzokvyhj6lld4zrnwqf/app.bsky.feed.post/3mfpqi46y2k2x,0,0,0,0
c9be277407a8420c895887fa3f839651,2026-02-26T05:00:00Z,2026-02-26T05:15:07Z,auth,auth_enUS_labelerexp,at://did:plc:ecscadtbl65dfjxhc7sqjaln/app.bsky.feed.post/3mfpmiuk5ws2q,3,0,0,0
c9be277407a8420c895887fa3f839651,2026-02-26T05:00:00Z,2026-02-26T05:15:07Z,auth,auth_enUS_labelerexp,at://did:plc:kkergqgbhb56ptpwj2wenkje/app.bsky.feed.post/3mfpkwrmzcx2d,0,0,0,0
c9be277407a8420c895887fa3f839651,2026-02-26T05:00:00Z,2026-02-26T05:15:07Z,auth,auth_enUS_labelerexp,at://did:plc:kkergqgbhb56ptpwj2wenkje/app.bsky.feed.post/3mfpkt7ur4r2i,1,0,0,0
c9be277407a8420c895887fa3f839651,2026-02-26T05:00:00Z,2026-02-26T05:15:07Z,auth,auth_enUS_labelerexp,at://did:plc:kkergqgbhb56ptpwj2wenkje/app.bsky.feed.post/3mfpkno6zms2o,0,0,0,0
c9be277407a8420c895887fa3f839651,2026-02-26T05:00:00Z,2026-02-26T05:15:07Z,auth,auth_enUS_labelerexp,at://did:plc:kkergqgbhb56ptpwj2wenkje/app.bsky.feed.post/3mfpki3lzq523,1,1,0,0
c9be277407a8420c895887fa3f839651,2026-02-26T05:00:00Z,2026-02-26T05:15:07Z,auth,auth_enUS_labelerexp,at://did:plc:kkergqgbhb56ptpwj2wenkje/app.bsky.feed.post/3mfpkcjwwwx2d,0,0,0,0
c9be277407a8420c895887fa3f839651,2026-02-26T05:00:00Z,2026-02-26T05:15:07Z,auth,auth_enUS_labelerexp,at://did:plc:szryozprjfinfpx2qte3e2np/app.bsky.feed.post/3mfpk7yn2ws2x,7,0,0,0
c9be277407a8420c895887fa3f839651,2026-02-26T05:00:00Z,2026-02-26T05:15:07Z,auth,auth_enUS_labelerexp,at://did:plc:tbi4h3psog24ncwwjh76i2c6/app.bsky.feed.post/3mfpjylei2c23,2,0,0,1
c9be277407a8420c895887fa3f839651,2026-02-26T05:00:00Z,2026-02-26T05:15:07Z,auth,auth_enUS_labelerexp,at://did:plc:tnrcassflyhlqvwk46fmdhdt/app.bsky.feed.post/3mfphnm4kx22y,0,0,0,0
c9be277407a8420c895887fa3f839651,2026-02-26T05:00:00Z,2026-02-26T05:15:07Z,auth,auth_enUS_labelerexp,at://did:plc:4lkkqdgd7rlfzzjf3oynujag/app.bsky.feed.post/3mfpfqd7n4s2l,0,0,0,0
c9be277407a8420c895887fa3f839651,2026-02-26T05:00:00Z,2026-02-26T05:15:07Z,auth,auth_enUS_labelerexp,at://did:plc:x5leeami62gbmjekf7ro6sqo/app.bsky.feed.post/3mfpfh4lzjs2o,392,119,1,13
c9be277407a8420c895887fa3f839651,2026-02-26T05:00:00Z,2026-02-26T05:15:07Z,auth,auth_enUS_labelerexp,at://did:plc:hboijslabyqenqiucmri5eez/app.bsky.feed.post/3mfpfgxprjs25,0,0,0,0
c9be277407a8420c895887fa3f839651,2026-02-26T05:00:00Z,2026-02-26T05:15:07Z,auth,auth_enUS_labelerexp,at://did:plc:i7wwt3c4aacaymwkdekkbyo2/app.bsky.feed.post/3mfpexsuyus2m,0,0,0,0
c9be277407a8420c895887fa3f839651,2026-02-26T05:00:00Z,2026-02-26T05:15:07Z,auth,auth_enUS_labelerexp,at://did:plc:cuhvix4uzhucz4mafqprqj34/app.bsky.feed.post/3mfpeijcgjg2h,0,0,0,0
c9be277407a8420c895887fa3f839651,2026-02-26T05:00:00Z,2026-02-26T05:15:07Z,auth,auth_enUS_labelerexp,at://did:plc:fd67wb4efnscvzbe2oggazln/app.bsky.feed.post/3mfpe2ghers2n,6,0,3,0
c9be277407a8420c895887fa3f839651,2026-02-26T05:00:00Z,2026-02-26T05:15:07Z,auth,auth_enUS_labelerexp,at://did:plc:x6ydnqti2titylfp7ej6c3x6/app.bsky.feed.post/3mfpbzw35zk22,2,1,0,0
c9be277407a8420c895887fa3f839651,2026-02-26T05:00:00Z,2026-02-26T05:15:07Z,auth,auth_enUS_labelerexp,at://did:plc:aeh3g3o3lspgs2zkrshll3ns/app.bsky.feed.post/3mfpbhjwbhs2m,23,5,0,1
c9be277407a8420c895887fa3f839651,2026-02-26T05:00:00Z,2026-02-26T05:15:07Z,auth,auth_enUS_labelerexp,at://did:plc:wtj5elswjmib4hj65h5zjvpi/app.bsky.feed.post/3mfpbh553ps2e,1,0,0,0
c9be277407a8420c895887fa3f839651,2026-02-26T05:00:00Z,2026-02-26T05:15:07Z,auth,auth_enUS_labelerexp,at://did:plc:vebuac6yzooyjxbkx4fput32/app.bsky.feed.post/3mfpb5hsbsv2a,0,1,0,0
c9be277407a8420c895887fa3f839651,2026-02-26T05:00:00Z,2026-02-26T05:15:07Z,auth,auth_enUS_labelerexp,at://did:plc:bz6mqlgvztm3otrubyvmniyb/app.bsky.feed.post/3mfpaskfxik2b,0,0,0,0
c9be277407a8420c895887fa3f839651,2026-02-26T05:00:00Z,2026-02-26T05:15:07Z,auth,auth_enUS_labelerexp,at://did:plc:kxmhinkiqc32a5pjka4xlmlm/app.bsky.feed.post/3mfpamyywhc2n,0,0,0,0
c9be277407a8420c895887fa3f839651,2026-02-26T05:00:00Z,2026-02-26T05:15:07Z,auth,auth_enUS_labelerexp,at://did:plc:t4rp4uuvomm2w2gw6iqjfrh5/app.bsky.feed.post/3mfpaejldy22a,0,0,0,0
c9be277407a8420c895887fa3f839651,2026-02-26T05:00:00Z,2026-02-26T05:15:07Z,auth,auth_enUS_labelerexp,at://did:plc:ipgwwx5tng4u53myix2bk2il/app.bsky.feed.post/3mfp7x7okv224,1,0,1,0
c9be277407a8420c895887fa3f839651,2026-02-26T05:00:00Z,2026-02-26T05:15:07Z,auth,auth_enUS_labelerexp,at://did:plc:6xvgp56hasmhcqjdgvue7emo/app.bsky.feed.post/3mfp7pq4kf226,0,0,0,0
c9be277407a8420c895887fa3f839651,2026-02-26T05:00:00Z,2026-02-26T05:15:07Z,auth,auth_enUS_labelerexp,at://did:plc:y2gzktuvop2vityp2uy7s36p/app.bsky.feed.post/3mfp7bkrkqs2y,15,3,0,0
c9be277407a8420c895887fa3f839651,2026-02-26T05:00:00Z,2026-02-26T05:15:07Z,auth,auth_enUS_labelerexp,at://did:plc:4wqiyb2tqm4yjdkadzpfq2ah/app.bsky.feed.post/3mfp722hxek2y,8,0,2,1
c9be277407a8420c895887fa3f839651,2026-02-26T05:00:00Z,2026-02-26T05:15:07Z,auth,auth_enUS_labelerexp,at://did:plc:kkergqgbhb56ptpwj2wenkje/app.bsky.feed.post/3mfp6zwgupx2n,0,0,0,0
c9be277407a8420c895887fa3f839651,2026-02-26T05:00:00Z,2026-02-26T05:15:07Z,auth,auth_enUS_labelerexp,at://did:plc:imw2n6nnw6x3yse26b5zbwfv/app.bsky.feed.post/3mfp6vvmcoj62,0,0,0,0
c9be277407a8420c895887fa3f839651,2026-02-26T05:00:00Z,2026-02-26T05:15:07Z,auth,auth_enUS_labelerexp,at://did:plc:kkergqgbhb56ptpwj2wenkje/app.bsky.feed.post/3mfp6tj4zhy2t,0,0,0,0
c9be277407a8420c895887fa3f839651,2026-02-26T05:00:00Z,2026-02-26T05:15:07Z,auth,auth_enUS_labelerexp,at://did:plc:kkergqgbhb56ptpwj2wenkje/app.bsky.feed.post/3mfp6kw5n3e2j,0,0,0,0
c9be277407a8420c895887fa3f839651,2026-02-26T05:00:00Z,2026-02-26T05:15:07Z,auth,auth_enUS_labelerexp,at://did:plc:4jnnwduuahcjt4x5dkwjwgt3/app.bsky.feed.post/3mfp5hqquus2n,17,3,1,0
c9be277407a8420c895887fa3f839651,2026-02-26T05:00:00Z,2026-02-26T05:15:07Z,auth,auth_enUS_labelerexp,at://did:plc:sbkc77na7jjedxretiseyvq5/app.bsky.feed.post/3mfp54ev4c222,0,0,1,0
c9be277407a8420c895887fa3f839651,2026-02-26T05:00:00Z,2026-02-26T05:15:07Z,auth,auth_enUS_labelerexp,at://did:plc:4izbafo5wmsu6k5uuxetbftc/app.bsky.feed.post/3mfp4nk2ze22s,34,10,6,0
c9be277407a8420c895887fa3f839651,2026-02-26T05:00:00Z,2026-02-26T05:15:07Z,auth,auth_enUS_labelerexp,at://did:plc:kw2costsgwwvd6z3d5ctlcpt/app.bsky.feed.post/3mfp24y4yr22b,0,0,0,0
c9be277407a8420c895887fa3f839651,2026-02-26T05:00:00Z,2026-02-26T05:15:07Z,auth,auth_enUS_labelerexp,at://did:plc:sc32tkvjakjmry4mk3zeeaq6/app.bsky.feed.post/3mfozz4yg4s2f,1,0,0,0
c9be277407a8420c895887fa3f839651,2026-02-26T05:00:00Z,2026-02-26T05:15:07Z,auth,auth_enUS_labelerexp,at://did:plc:fkuzn3ka3sm44qxot6zfkigv/app.bsky.feed.post/3mfozkqjkss2e,1,0,0,0
c9be277407a8420c895887fa3f839651,2026-02-26T05:00:00Z,2026-02-26T05:15:07Z,auth,auth_enUS_labelerexp,at://did:plc:yurczx5d7ii3laavi2mneulv/app.bsky.feed.post/3mfoz24t2n22m,4,0,0,0
c9be277407a8420c895887fa3f839651,2026-02-26T05:00:00Z,2026-02-26T05:15:07Z,auth,auth_enUS_labelerexp,at://did:plc:vofpn6dsqirtoehz64g4pac4/app.bsky.feed.post/3mfoyqyhjus2q,0,0,1,0
c9be277407a8420c895887fa3f839651,2026-02-26T05:00:00Z,2026-02-26T05:15:07Z,auth,auth_enUS_labelerexp,at://did:plc:qzvsjxkwcthtblpa7xk2zcjj/app.bsky.feed.post/3mfoyij7vn22u,2,0,0,0
c9be277407a8420c895887fa3f839651,2026-02-26T05:00:00Z,2026-02-26T05:15:09Z,auth,auth_enUS_labelerexp,at://did:plc:ys4of6tshyfdkfh64midtaj4/app.bsky.feed.post/3mfqgj3f4gk2j,0,0,0,0
c9be277407a8420c895887fa3f839651,2026-02-26T05:00:00Z,2026-02-26T05:15:09Z,auth,auth_enUS_labelerexp,at://did:plc:ifg75jgej6jmqi3oreeswp4b/app.bsky.feed.post/3mfqgicnegc2j,0,0,0,0
c9be277407a8420c895887fa3f839651,2026-02-26T05:00:00Z,2026-02-26T05:15:09Z,auth,auth_enUS_labelerexp,at://did:plc:ifg75jgej6jmqi3oreeswp4b/app.bsky.feed.post/3mfqgh7wil222,0,0,1,0
c9be277407a8420c895887fa3f839651,2026-02-26T05:00:00Z,2026-02-26T05:15:09Z,auth,auth_enUS_labelerexp,at://did:plc:ifg75jgej6jmqi3oreeswp4b/app.bsky.feed.post/3mfqg7bjzhc2l,1,0,1,0
c9be277407a8420c895887fa3f839651,2026-02-26T05:00:00Z,2026-02-26T05:15:09Z,auth,auth_enUS_labelerexp,at://did:plc:woph5pj32fzbuicun4r53g43/app.bsky.feed.post/3mfqg2pqsrh27,1,2,0,0
c9be277407a8420c895887fa3f839651,2026-02-26T05:00:00Z,2026-02-26T05:15:09Z,auth,auth_enUS_labelerexp,at://did:plc:ifg75jgej6jmqi3oreeswp4b/app.bsky.feed.post/3mfqf4lxne22q,1,0,2,0
c9be277407a8420c895887fa3f839651,2026-02-26T05:00:00Z,2026-02-26T05:15:09Z,auth,auth_enUS_labelerexp,at://did:plc:ys4of6tshyfdkfh64midtaj4/app.bsky.feed.post/3mfqcb6hlkk2m,0,0,0,0
c9be277407a8420c895887fa3f839651,2026-02-26T05:00:00Z,2026-02-26T05:15:09Z,auth,auth_enUS_labelerexp,at://did:plc:ys4of6tshyfdkfh64midtaj4/app.bsky.feed.post/3mfq7q4p6ae2i,0,0,0,0
c9be277407a8420c895887fa3f839651,2026-02-26T05:00:00Z,2026-02-26T05:15:09Z,auth,auth_enUS_labelerexp,at://did:plc:whciqqnfgulo7bqlyfukyi37/app.bsky.feed.post/3mfq7dygqk32o,1,1,1,1
c9be277407a8420c895887fa3f839651,2026-02-26T05:00:00Z,2026-02-26T05:15:09Z,auth,auth_enUS_labelerexp,at://did:plc:ifg75jgej6jmqi3oreeswp4b/app.bsky.feed.post/3mfq4buazs22z,3,1,0,0
c9be277407a8420c895887fa3f839651,2026-02-26T05:00:00Z,2026-02-26T05:15:09Z,auth,auth_enUS_labelerexp,at://did:plc:ifg75jgej6jmqi3oreeswp4b/app.bsky.feed.post/3mfpyhw2r5s2z,0,0,1,0
c9be277407a8420c895887fa3f839651,2026-02-26T05:00:00Z,2026-02-26T05:15:09Z,auth,auth_enUS_labelerexp,at://did:plc:ifg75jgej6jmqi3oreeswp4b/app.bsky.feed.post/3mfpyfbokvs2r,0,0,1,0
c9be277407a8420c895887fa3f839651,2026-02-26T05:00:00Z,2026-02-26T05:15:09Z,auth,auth_enUS_labelerexp,at://did:plc:ifg75jgej6jmqi3oreeswp4b/app.bsky.feed.post/3mfpybnehic2m,0,0,1,0
c9be277407a8420c895887fa3f839651,2026-02-26T05:00:00Z,2026-02-26T05:15:09Z,auth,auth_enUS_labelerexp,at://did:plc:g2pgiogj2d5g2csxnkckrxt4/app.bsky.feed.post/3mfpwr2flck2h,24,3,1,0
c9be277407a8420c895887fa3f839651,2026-02-26T05:00:00Z,2026-02-26T05:15:09Z,auth,auth_enUS_labelerexp,at://did:plc:v3zuw6y5dxbomqtorj7psyn5/app.bsky.feed.post/3mfpwm5bd4c2j,8,0,0,0
c9be277407a8420c895887fa3f839651,2026-02-26T05:00:00Z,2026-02-26T05:15:09Z,auth,auth_enUS_labelerexp,at://did:plc:3q4ybfkwztokbdhdzhhkosud/app.bsky.feed.post/3mfpw6rvtrk2k,43,19,1,0
c9be277407a8420c895887fa3f839651,2026-02-26T05:00:00Z,2026-02-26T05:15:09Z,auth,auth_enUS_labelerexp,at://did:plc:jpc3uw62esecuq3zdqwv7vxt/app.bsky.feed.post/3mfpw3k5ldt2z,1,0,0,0
c9be277407a8420c895887fa3f839651,2026-02-26T05:00:00Z,2026-02-26T05:15:09Z,auth,auth_enUS_labelerexp,at://did:plc:wcoyo6v6krk6wyfcany4zmic/app.bsky.feed.post/3mfpvklw6mc2d,14,11,0,0
c9be277407a8420c895887fa3f839651,2026-02-26T05:00:00Z,2026-02-26T05:15:09Z,auth,auth_enUS_labelerexp,at://did:plc:dodtevapzpvqildhsdkltrz3/app.bsky.feed.post/3mfpvb7seds2d,3,2,0,0
c9be277407a8420c895887fa3f839651,2026-02-26T05:00:00Z,2026-02-26T05:15:09Z,auth,auth_enUS_labelerexp,at://did:plc:dodtevapzpvqildhsdkltrz3/app.bsky.feed.post/3mfpvb6tpus2d,5,1,1,0
c9be277407a8420c895887fa3f839651,2026-02-26T05:00:00Z,2026-02-26T05:15:09Z,auth,auth_enUS_labelerexp,at://did:plc:jpc3uw62esecuq3zdqwv7vxt/app.bsky.feed.post/3mfpue4dar22g,1,0,0,0
c9be277407a8420c895887fa3f839651,2026-02-26T05:00:00Z,2026-02-26T05:15:09Z,auth,auth_enUS_labelerexp,at://did:plc:acm2yz57z6weqbdbw5lpluu3/app.bsky.feed.post/3mfpssgxgkc2b,42,1,2,0
c9be277407a8420c895887fa3f839651,2026-02-26T05:00:00Z,2026-02-26T05:15:09Z,auth,auth_enUS_labelerexp,at://did:plc:acm2yz57z6weqbdbw5lpluu3/app.bsky.feed.post/3mfpss52ix22b,236,42,7,5
c9be277407a8420c895887fa3f839651,2026-02-26T05:00:00Z,2026-02-26T05:15:09Z,auth,auth_enUS_labelerexp,at://did:plc:77lswp42lgjyw36ozuo7kt7e/app.bsky.feed.post/3mfpsoiy2nc2q,20,0,0,0
c9be277407a8420c895887fa3f839651,2026-02-26T05:00:00Z,2026-02-26T05:15:09Z,auth,auth_enUS_labelerexp,at://did:plc:77lswp42lgjyw36ozuo7kt7e/app.bsky.feed.post/3mfps2wpgtk2q,19,2,1,0
c9be277407a8420c895887fa3f839651,2026-02-26T05:00:00Z,2026-02-26T05:15:09Z,auth,auth_enUS_labelerexp,at://did:plc:77lswp42lgjyw36ozuo7kt7e/app.bsky.feed.post/3mfprpriqmc2q,14,1,1,0
c9be277407a8420c895887fa3f839651,2026-02-26T05:00:00Z,2026-02-26T05:15:09Z,auth,auth_enUS_labelerexp,at://did:plc:ys4of6tshyfdkfh64midtaj4/app.bsky.feed.post/3mfprge47fw2w,1,0,0,0
c9be277407a8420c895887fa3f839651,2026-02-26T05:00:00Z,2026-02-26T05:15:09Z,auth,auth_enUS_labelerexp,at://did:plc:77lswp42lgjyw36ozuo7kt7e/app.bsky.feed.post/3mfpqycclvs2q,29,1,2,0
c9be277407a8420c895887fa3f839651,2026-02-26T05:00:00Z,2026-02-26T05:15:09Z,auth,auth_enUS_labelerexp,at://did:plc:77lswp42lgjyw36ozuo7kt7e/app.bsky.feed.post/3mfpqrmy6ls2q,20,1,1,0
c9be277407a8420c895887fa3f839651,2026-02-26T05:00:00Z,2026-02-26T05:15:09Z,auth,auth_enUS_labelerexp,at://did:plc:ufufhaxc74cfl7fpjccykkyh/app.bsky.feed.post/3mfpqim4iqk2c,15,6,1,0
c9be277407a8420c895887fa3f839651,2026-02-26T05:00:00Z,2026-02-26T05:15:09Z,auth,auth_enUS_labelerexp,at://did:plc:77lswp42lgjyw36ozuo7kt7e/app.bsky.feed.post/3mfpqhpxpkc2q,19,0,1,0
c9be277407a8420c895887fa3f839651,2026-02-26T05:00:00Z,2026-02-26T05:15:09Z,auth,auth_enUS_labelerexp,at://did:plc:45f2atmbsnwfzq63yfdudcuy/app.bsky.feed.post/3mfppx4ncfk26,14,5,2,1
c9be277407a8420c895887fa3f839651,2026-02-26T05:00:00Z,2026-02-26T05:15:09Z,auth,auth_enUS_labelerexp,at://did:plc:e6kywwmbeglwg2bel5lapm6z/app.bsky.feed.post/3mfppnkh5f22b,4,0,0,0
c9be277407a8420c895887fa3f839651,2026-02-26T05:00:00Z,2026-02-26T05:15:09Z,auth,auth_enUS_labelerexp,at://did:plc:6styobqnjkrow5ganamyf4qu/app.bsky.feed.post/3mfpp4xo4i725,0,0,0,0
c9be277407a8420c895887fa3f839651,2026-02-26T05:00:00Z,2026-02-26T05:15:09Z,auth,auth_enUS_labelerexp,at://did:plc:6styobqnjkrow5ganamyf4qu/app.bsky.feed.post/3mfpoeebet42j,0,0,1,0
c9be277407a8420c895887fa3f839651,2026-02-26T05:00:00Z,2026-02-26T05:15:09Z,auth,auth_enUS_labelerexp,at://did:plc:6styobqnjkrow5ganamyf4qu/app.bsky.feed.post/3mfpoc3ypow25,2,0,1,0
c9be277407a8420c895887fa3f839651,2026-02-26T05:00:00Z,2026-02-26T05:15:09Z,auth,auth_enUS_labelerexp,at://did:plc:546qgaw5whiyfktyiyzv4z3p/app.bsky.feed.post/3mfpnu7k2y32j,8,0,0,1
c9be277407a8420c895887fa3f839651,2026-02-26T05:00:00Z,2026-02-26T05:15:09Z,auth,auth_enUS_labelerexp,at://did:plc:ufufhaxc74cfl7fpjccykkyh/app.bsky.feed.post/3mfpmqw7qdk2c,18,2,1,0
c9be277407a8420c895887fa3f839651,2026-02-26T05:00:00Z,2026-02-26T05:15:09Z,auth,auth_enUS_labelerexp,at://did:plc:feyzspvd7kfkfnsoikwda3br/app.bsky.feed.post/3mfplvjazis2t,0,0,0,0
c9be277407a8420c895887fa3f839651,2026-02-26T05:00:00Z,2026-02-26T05:15:09Z,auth,auth_enUS_labelerexp,at://did:plc:whciqqnfgulo7bqlyfukyi37/app.bsky.feed.post/3mfplemxumn2j,2,1,0,0
c9be277407a8420c895887fa3f839651,2026-02-26T05:00:00Z,2026-02-26T05:15:09Z,auth,auth_enUS_labelerexp,at://did:plc:m3ly5zbj6zcby64eoyqn3u3i/app.bsky.feed.post/3mfplc7f6oc2a,3,1,0,0
c9be277407a8420c895887fa3f839651,2026-02-26T05:00:00Z,2026-02-26T05:15:09Z,auth,auth_enUS_labelerexp,at://did:plc:3i7e4t2f4gedugyqnvergijz/app.bsky.feed.post/3mfpkm2ei722d,0,0,0,0
c9be277407a8420c895887fa3f839651,2026-02-26T05:00:00Z,2026-02-26T05:15:09Z,auth,auth_enUS_labelerexp,at://did:plc:ys4of6tshyfdkfh64midtaj4/app.bsky.feed.post/3mfpirrx7jb2z,1,0,0,0
c9be277407a8420c895887fa3f839651,2026-02-26T05:00:00Z,2026-02-26T05:15:09Z,auth,auth_enUS_labelerexp,at://did:plc:6styobqnjkrow5ganamyf4qu/app.bsky.feed.post/3mfpi2rpfws2a,1,0,1,0
c9be277407a8420c895887fa3f839651,2026-02-26T05:00:00Z,2026-02-26T05:15:09Z,auth,auth_enUS_labelerexp,at://did:plc:ay3gs5uu2aepxeo53b64deuq/app.bsky.feed.post/3mfphzi5ehl2w,5,3,0,0
c9be277407a8420c895887fa3f839651,2026-02-26T05:00:00Z,2026-02-26T05:15:09Z,auth,auth_enUS_labelerexp,at://did:plc:i5ssu7arerisbhkaxbd6gjtc/app.bsky.feed.post/3mfphtk4ubs26,0,0,0,0
c9be277407a8420c895887fa3f839651,2026-02-26T05:00:00Z,2026-02-26T05:15:09Z,auth,auth_enUS_labelerexp,at://did:plc:i5ssu7arerisbhkaxbd6gjtc/app.bsky.feed.post/3mfphtjjzqk26,0,1,1,0
c9be277407a8420c895887fa3f839651,2026-02-26T05:00:00Z,2026-02-26T05:15:09Z,auth,auth_enUS_labelerexp,at://did:plc:2745n6ytq3cprryyrgul3kel/app.bsky.feed.post/3mfphevcda22i,5,0,2,0
c9be277407a8420c895887fa3f839651,2026-02-26T05:00:00Z,2026-02-26T05:15:09Z,auth,auth_enUS_labelerexp,at://did:plc:txht45rhtsuctnfxeiylsi64/app.bsky.feed.post/3mfph3ezut227,3,0,1,0
c9be277407a8420c895887fa3f839651,2026-02-26T05:00:00Z,2026-02-26T05:15:09Z,auth,auth_enUS_labelerexp,at://did:plc:flcudhd6zzprrz5di6xsftap/app.bsky.feed.post/3mfpgw7lgx22o,2,0,0,0
c9be277407a8420c895887fa3f839651,2026-02-26T05:00:00Z,2026-02-26T05:15:09Z,auth,auth_enUS_labelerexp,at://did:plc:pavt775rsubl35v2xvktuzks/app.bsky.feed.post/3mfqgrgza3m2e,0,0,0,0
c9be277407a8420c895887fa3f839651,2026-02-26T05:00:00Z,2026-02-26T05:15:09Z,auth,auth_enUS_labelerexp,at://did:plc:wwkkw6wqizk76hbk2n5chywx/app.bsky.feed.post/3mfqgmloho227,0,0,0,0
c9be277407a8420c895887fa3f839651,2026-02-26T05:00:00Z,2026-02-26T05:15:09Z,auth,auth_enUS_labelerexp,at://did:plc:4zyepbntx5mghzabvip3sdri/app.bsky.feed.post/3mfqg5jb2ls2w,0,0,0,0
c9be277407a8420c895887fa3f839651,2026-02-26T05:00:00Z,2026-02-26T05:15:09Z,auth,auth_enUS_labelerexp,at://did:plc:cvhzp4oqk57twhhjji5o2b3t/app.bsky.feed.post/3mfqg27yymu2r,0,0,0,0
c9be277407a8420c895887fa3f839651,2026-02-26T05:00:00Z,2026-02-26T05:15:09Z,auth,auth_enUS_labelerexp,at://did:plc:bi45ejy2s6egyhidp5lcodaa/app.bsky.feed.post/3mfqfzom2ws2m,0,0,0,0
c9be277407a8420c895887fa3f839651,2026-02-26T05:00:00Z,2026-02-26T05:15:09Z,auth,auth_enUS_labelerexp,at://did:plc:tawmd2eqr5tj3mzozankm6qw/app.bsky.feed.post/3mfqfot54ds2h,0,0,0,0
c9be277407a8420c895887fa3f839651,2026-02-26T05:00:00Z,2026-02-26T05:15:09Z,auth,auth_enUS_labelerexp,at://did:plc:oclab4s36mkriakyyqgrotrz/app.bsky.feed.post/3mfqfhbutjc27,1,1,0,0
c9be277407a8420c895887fa3f839651,2026-02-26T05:00:00Z,2026-02-26T05:15:09Z,auth,auth_enUS_labelerexp,at://did:plc:qx2igf2v7fkozolvoyrk5ay5/app.bsky.feed.post/3mfqdvleltc26,4,0,0,0
c9be277407a8420c895887fa3f839651,2026-02-26T05:00:00Z,2026-02-26T05:15:09Z,auth,auth_enUS_labelerexp,at://did:plc:zbhli4upddvlr6jihnlj46am/app.bsky.feed.post/3mfqdmvbkcc2n,4,2,0,0
c9be277407a8420c895887fa3f839651,2026-02-26T05:00:00Z,2026-02-26T05:15:09Z,auth,auth_enUS_labelerexp,at://did:plc:msian4dqa2rqalf3biilnf3m/app.bsky.feed.post/3mfqdjvbwvd25,2,0,0,0
c9be277407a8420c895887fa3f839651,2026-02-26T05:00:00Z,2026-02-26T05:15:09Z,auth,auth_enUS_labelerexp,at://did:plc:udyn2dmw2qgvjelxvh7zmti2/app.bsky.feed.post/3mfqditttzs2x,0,0,0,0
c9be277407a8420c895887fa3f839651,2026-02-26T05:00:00Z,2026-02-26T05:15:09Z,auth,auth_enUS_labelerexp,at://did:plc:2osmwmg66vdzu5q2vcyxkdmb/app.bsky.feed.post/3mfqdi4l7yk2m,1,0,0,0
c9be277407a8420c895887fa3f839651,2026-02-26T05:00:00Z,2026-02-26T05:15:09Z,auth,auth_enUS_labelerexp,at://did:plc:u5ixxx5gh6tb3hvbmfm2wizt/app.bsky.feed.post/3mfqdf2borc2j,0,0,0,0
c9be277407a8420c895887fa3f839651,2026-02-26T05:00:00Z,2026-02-26T05:15:09Z,auth,auth_enUS_labelerexp,at://did:plc:keomejy2o7f7jqgix3hjvdeh/app.bsky.feed.post/3mfqc7qnfjc2v,3,1,0,0
c9be277407a8420c895887fa3f839651,2026-02-26T05:00:00Z,2026-02-26T05:15:09Z,auth,auth_enUS_labelerexp,at://did:plc:ycthjmpolv2mcoq6wyuqdokw/app.bsky.feed.post/3mfqb7mfthc2t,0,0,0,0
c9be277407a8420c895887fa3f839651,2026-02-26T05:00:00Z,2026-02-26T05:15:09Z,auth,auth_enUS_labelerexp,at://did:plc:ycthjmpolv2mcoq6wyuqdokw/app.bsky.feed.post/3mfqb64ocls2t,0,0,0,0
c9be277407a8420c895887fa3f839651,2026-02-26T05:00:00Z,2026-02-26T05:15:09Z,auth,auth_enUS_labelerexp,at://did:plc:6xb27hvdldyjxtq5pb5gst5p/app.bsky.feed.post/3mfqb5zqzak2u,0,0,1,0
c9be277407a8420c895887fa3f839651,2026-02-26T05:00:00Z,2026-02-26T05:15:09Z,auth,auth_enUS_labelerexp,at://did:plc:7m2rfrw6462pyfu3fxyxolar/app.bsky.feed.post/3mfqatw2wb22i,1,0,0,0
c9be277407a8420c895887fa3f839651,2026-02-26T05:00:00Z,2026-02-26T05:15:09Z,auth,auth_enUS_labelerexp,at://did:plc:f633wz4jjj4vl5x6f4wfzmt5/app.bsky.feed.post/3mfqap6cijf23,0,0,1,0
c9be277407a8420c895887fa3f839651,2026-02-26T05:00:00Z,2026-02-26T05:15:09Z,auth,auth_enUS_labelerexp,at://did:plc:wkbtvs3qgz562auxtjwie5fm/app.bsky.feed.post/3mfqa5n6n3s2n,0,0,1,0
c9be277407a8420c895887fa3f839651,2026-02-26T05:00:00Z,2026-02-26T05:15:09Z,auth,auth_enUS_labelerexp,at://did:plc:wkbtvs3qgz562auxtjwie5fm/app.bsky.feed.post/3mfq7zufx6c2n,0,0,0,0
c9be277407a8420c895887fa3f839651,2026-02-26T05:00:00Z,2026-02-26T05:15:09Z,auth,auth_enUS_labelerexp,at://did:plc:cscd3crf24pifke6naw75hvi/app.bsky.feed.post/3mfq7yfgvjc2e,0,0,1,0
c9be277407a8420c895887fa3f839651,2026-02-26T05:00:00Z,2026-02-26T05:15:09Z,auth,auth_enUS_labelerexp,at://did:plc:wkbtvs3qgz562auxtjwie5fm/app.bsky.feed.post/3mfq7k32rn22n,0,0,0,0
c9be277407a8420c895887fa3f839651,2026-02-26T05:00:00Z,2026-02-26T05:15:09Z,auth,auth_enUS_labelerexp,at://did:plc:msian4dqa2rqalf3biilnf3m/app.bsky.feed.post/3mfq7ctysfb2v,0,0,0,0
c9be277407a8420c895887fa3f839651,2026-02-26T05:00:00Z,2026-02-26T05:15:09Z,auth,auth_enUS_labelerexp,at://did:plc:new4aimc7haxcvqtoxfcaik4/app.bsky.feed.post/3mfq6yw2ca227,1,0,0,0
c9be277407a8420c895887fa3f839651,2026-02-26T05:00:00Z,2026-02-26T05:15:09Z,auth,auth_enUS_labelerexp,at://did:plc:3ndfketvl2ymjl74f7hlbhy4/app.bsky.feed.post/3mfq6vrw5ys2d,0,0,0,0
c9be277407a8420c895887fa3f839651,2026-02-26T05:00:00Z,2026-02-26T05:15:09Z,auth,auth_enUS_labelerexp,at://did:plc:msian4dqa2rqalf3biilnf3m/app.bsky.feed.post/3mfq6l2v6yk2p,0,0,0,0
c9be277407a8420c895887fa3f839651,2026-02-26T05:00:00Z,2026-02-26T05:15:09Z,auth,auth_enUS_labelerexp,at://did:plc:p5rqrpqmgdj2svx2w5f6ever/app.bsky.feed.post/3mfq6dn3iks2s,1,0,0,0
c9be277407a8420c895887fa3f839651,2026-02-26T05:00:00Z,2026-02-26T05:15:09Z,auth,auth_enUS_labelerexp,at://did:plc:gkn6juwoj4amfeetbi7dkzak/app.bsky.feed.post/3mfq5rg6ilms2,0,0,0,0
c9be277407a8420c895887fa3f839651,2026-02-26T05:00:00Z,2026-02-26T05:15:09Z,auth,auth_enUS_labelerexp,at://did:plc:es4kaek6ligemold3w7b6cng/app.bsky.feed.post/3mfq5p62fok2y,15,8,0,0
c9be277407a8420c895887fa3f839651,2026-02-26T05:00:00Z,2026-02-26T05:15:09Z,auth,auth_enUS_labelerexp,at://did:plc:wkbtvs3qgz562auxtjwie5fm/app.bsky.feed.post/3mfq5mscr222j,0,0,1,0
c9be277407a8420c895887fa3f839651,2026-02-26T05:00:00Z,2026-02-26T05:15:09Z,auth,auth_enUS_labelerexp,at://did:plc:4i6y7v6e4znfggezdbhpgq75/app.bsky.feed.post/3mfq5aag7wk27,3,2,0,0
c9be277407a8420c895887fa3f839651,2026-02-26T05:00:00Z,2026-02-26T05:15:09Z,auth,auth_enUS_labelerexp,at://did:plc:fih3axcdojidyw42y4zyvryy/app.bsky.feed.post/3mfq4yu7wp224,0,0,1,0
c9be277407a8420c895887fa3f839651,2026-02-26T05:00:00Z,2026-02-26T05:15:09Z,auth,auth_enUS_labelerexp,at://did:plc:u5ixxx5gh6tb3hvbmfm2wizt/app.bsky.feed.post/3mfq44epurc2u,0,0,2,0
c9be277407a8420c895887fa3f839651,2026-02-26T05:00:00Z,2026-02-26T05:15:09Z,auth,auth_enUS_labelerexp,at://did:plc:kgwediuxxu7itractswp7kis/app.bsky.feed.post/3mfq3z3wuuk27,0,0,0,0
c9be277407a8420c895887fa3f839651,2026-02-26T05:00:00Z,2026-02-26T05:15:09Z,auth,auth_enUS_labelerexp,at://did:plc:u5ixxx5gh6tb3hvbmfm2wizt/app.bsky.feed.post/3mfq3xnz5mk2u,0,0,0,0
c9be277407a8420c895887fa3f839651,2026-02-26T05:00:00Z,2026-02-26T05:15:09Z,auth,auth_enUS_labelerexp,at://did:plc:4zyepbntx5mghzabvip3sdri/app.bsky.feed.post/3mfq3tnbv7k2w,0,0,0,0
c9be277407a8420c895887fa3f839651,2026-02-26T05:00:00Z,2026-02-26T05:15:09Z,auth,auth_enUS_labelerexp,at://did:plc:smfhtninl4z6uomz55uv4neh/app.bsky.feed.post/3mfq3io2lyc2i,2,0,0,0
c9be277407a8420c895887fa3f839651,2026-02-26T05:00:00Z,2026-02-26T05:15:09Z,auth,auth_enUS_labelerexp,at://did:plc:z3ernwectzkck363xoi6onel/app.bsky.feed.post/3mfq37gmvgk25,1,0,0,0
c9be277407a8420c895887fa3f839651,2026-02-26T05:00:00Z,2026-02-26T05:15:09Z,auth,auth_enUS_labelerexp,at://did:plc:bfnuhuhoxdbcjslchivpjqhg/app.bsky.feed.post/3mfq327les22h,0,0,0,0
c9be277407a8420c895887fa3f839651,2026-02-26T05:00:00Z,2026-02-26T05:15:09Z,auth,auth_enUS_labelerexp,at://did:plc:f6vqs76p6iwtib6yvvy4kech/app.bsky.feed.post/3mfq2ld3h722r,0,0,0,0
c9be277407a8420c895887fa3f839651,2026-02-26T05:00:00Z,2026-02-26T05:15:09Z,auth,auth_enUS_labelerexp,at://did:plc:en7czkhogfoggztn3newgk3u/app.bsky.feed.post/3mfq2irvr7s2k,2,2,0,0
c9be277407a8420c895887fa3f839651,2026-02-26T05:00:00Z,2026-02-26T05:15:09Z,auth,auth_enUS_labelerexp,at://did:plc:2vj6yrueqc7qbl7eotqo3myp/app.bsky.feed.post/3mfq2doyzm22w,1,0,0,0
c9be277407a8420c895887fa3f839651,2026-02-26T05:00:00Z,2026-02-26T05:15:09Z,auth,auth_enUS_labelerexp,at://did:plc:jedxvwgw4pozverzqpqrsfla/app.bsky.feed.post/3mfq2anq6bk2i,3,0,0,0
c9be277407a8420c895887fa3f839651,2026-02-26T05:00:00Z,2026-02-26T05:15:09Z,auth,auth_enUS_labelerexp,at://did:plc:yhzo3gusmbic6x6uc6dok3hu/app.bsky.feed.post/3mfq2525nqc2t,2,1,0,0
c9be277407a8420c895887fa3f839651,2026-02-26T05:00:00Z,2026-02-26T05:15:09Z,auth,auth_enUS_labelerexp,at://did:plc:b3afmmgsuklh7mwllq4huzik/app.bsky.feed.post/3mfq222ghbk23,0,0,0,0
c9be277407a8420c895887fa3f839651,2026-02-26T05:00:00Z,2026-02-26T05:15:09Z,auth,auth_enUS_labelerexp,at://did:plc:5c5bxmmo7gooyeendk4cqtvh/app.bsky.feed.post/3mfpzrfyc4s2d,2,0,0,0
c9be277407a8420c895887fa3f839651,2026-02-26T05:00:00Z,2026-02-26T05:15:09Z,auth,auth_enUS_labelerexp,at://did:plc:vx5bmpmdgfauvehi5axo4gh6/app.bsky.feed.post/3mfpzmqnsyk2w,0,0,0,0
c9be277407a8420c895887fa3f839651,2026-02-26T05:00:00Z,2026-02-26T05:15:09Z,auth,auth_enUS_labelerexp,at://did:plc:rn7oe3netdyqlx6l55gohfcb/app.bsky.feed.post/3mfpzkulgfc2t,3,2,4,0
c9be277407a8420c895887fa3f839651,2026-02-26T05:00:00Z,2026-02-26T05:15:09Z,auth,auth_enUS_labelerexp,at://did:plc:vqng6y6ue47g5bqpfdupoucb/app.bsky.feed.post/3mfpzc2mymk2q,0,0,0,0
c9be277407a8420c895887fa3f839651,2026-02-26T05:00:00Z,2026-02-26T05:15:11Z,auth,auth_enUS_labelerexp,at://did:plc:oenp7isehvr65elhknbdju2b/app.bsky.feed.post/3lbgjkiwfcs2k,815,69,98,18
c9be277407a8420c895887fa3f839651,2026-02-26T05:00:00Z,2026-02-26T05:15:11Z,auth,auth_enUS_labelerexp,at://did:plc:ijinrq25inteop772w32vqqb/app.bsky.feed.post/3mfqgdwy3t225,0,0,0,0
c9be277407a8420c895887fa3f839651,2026-02-26T05:00:00Z,2026-02-26T05:15:11Z,auth,auth_enUS_labelerexp,at://did:plc:gecvndcmaebcmy2cgkgx2mdb/app.bsky.feed.post/3mfqgd35xh22v,0,0,0,0
c9be277407a8420c895887fa3f839651,2026-02-26T05:00:00Z,2026-02-26T05:15:11Z,auth,auth_enUS_labelerexp,at://did:plc:hmjxs2inck7lkhhqisbaexp3/app.bsky.feed.post/3mfqgciowec2m,1,0,0,0
c9be277407a8420c895887fa3f839651,2026-02-26T05:00:00Z,2026-02-26T05:15:11Z,auth,auth_enUS_labelerexp,at://did:plc:szz5ukmc6gdzvtjtpreuskus/app.bsky.feed.post/3mfqga5wzds2t,0,0,0,0
c9be277407a8420c895887fa3f839651,2026-02-26T05:00:00Z,2026-02-26T05:15:11Z,auth,auth_enUS_labelerexp,at://did:plc:lk73w5zif3jaxqy7233dripx/app.bsky.feed.post/3mfqg5qxvz22p,0,0,0,0
c9be277407a8420c895887fa3f839651,2026-02-26T05:00:00Z,2026-02-26T05:15:11Z,auth,auth_enUS_labelerexp,at://did:plc:p3rrxiqqv7c6rmffk4c7b4oj/app.bsky.feed.post/3mfqg5alir22q,1,0,0,0
c9be277407a8420c895887fa3f839651,2026-02-26T05:00:00Z,2026-02-26T05:15:11Z,auth,auth_enUS_labelerexp,at://did:plc:g6meqsfnwd3srqrb36cbgbap/app.bsky.feed.post/3mfqfydz7m5g2,0,0,1,0
c9be277407a8420c895887fa3f839651,2026-02-26T05:00:00Z,2026-02-26T05:15:11Z,auth,auth_enUS_labelerexp,at://did:plc:zhoxmyzsycg64qviwpat5zb3/app.bsky.feed.post/3mfqfxdgfk22h,0,0,0,0
c9be277407a8420c895887fa3f839651,2026-02-26T05:00:00Z,2026-02-26T05:15:11Z,auth,auth_enUS_labelerexp,at://did:plc:wnbzrbm74qbshqkxrml335rm/app.bsky.feed.post/3mfqftmwavs2d,0,0,0,0
c9be277407a8420c895887fa3f839651,2026-02-26T05:00:00Z,2026-02-26T05:15:11Z,auth,auth_enUS_labelerexp,at://did:plc:m6qkyv2k4dxdmxanpftxzc7e/app.bsky.feed.post/3mfqf7jfm2s2q,2,0,0,0
c9be277407a8420c895887fa3f839651,2026-02-26T05:00:00Z,2026-02-26T05:15:11Z,auth,auth_enUS_labelerexp,at://did:plc:revymtt5qssww7e7avbruzic/app.bsky.feed.post/3mfqf6dvxiu2f,0,0,0,0
c9be277407a8420c895887fa3f839651,2026-02-26T05:00:00Z,2026-02-26T05:15:11Z,auth,auth_enUS_labelerexp,at://did:plc:bzhkglbvp52jd6okn5ked662/app.bsky.feed.post/3mfqezll4bk2f,6,1,0,0
c9be277407a8420c895887fa3f839651,2026-02-26T05:00:00Z,2026-02-26T05:15:11Z,auth,auth_enUS_labelerexp,at://did:plc:4ycd4ojohn6jpgixumudafue/app.bsky.feed.post/3mfqewmbj4e27,0,0,0,0
c9be277407a8420c895887fa3f839651,2026-02-26T05:00:00Z,2026-02-26T05:15:11Z,auth,auth_enUS_labelerexp,at://did:plc:yzuv34p75egge7tatgia5btu/app.bsky.feed.post/3mfqetu23qs2f,1,0,1,0
c9be277407a8420c895887fa3f839651,2026-02-26T05:00:00Z,2026-02-26T05:15:11Z,auth,auth_enUS_labelerexp,at://did:plc:xwgcghk5fvcgo3q5wmqqvtzf/app.bsky.feed.post/3mfqerzlje22g,0,0,0,0
c9be277407a8420c895887fa3f839651,2026-02-26T05:00:00Z,2026-02-26T05:15:11Z,auth,auth_enUS_labelerexp,at://did:plc:kuo73qjmkgn6hthq3m7ggym6/app.bsky.feed.post/3mfqeocq44co2,3,0,0,0
c9be277407a8420c895887fa3f839651,2026-02-26T05:00:00Z,2026-02-26T05:15:11Z,auth,auth_enUS_labelerexp,at://did:plc:mmpk5t4chrncp4jmptin7neg/app.bsky.feed.post/3mfqejkccjk2k,26,9,0,0
c9be277407a8420c895887fa3f839651,2026-02-26T05:00:00Z,2026-02-26T05:15:11Z,auth,auth_enUS_labelerexp,at://did:plc:hhqcj33zkoqdzmfsx6wbkfd7/app.bsky.feed.post/3mfqehfqmbs2a,1,0,1,0
c9be277407a8420c895887fa3f839651,2026-02-26T05:00:00Z,2026-02-26T05:15:11Z,auth,auth_enUS_labelerexp,at://did:plc:o2wyw6decxu3tboabivrqjce/app.bsky.feed.post/3mfqe55yu3l2t,3,0,0,0
c9be277407a8420c895887fa3f839651,2026-02-26T05:00:00Z,2026-02-26T05:15:11Z,auth,auth_enUS_labelerexp,at://did:plc:xl7iw5nhxhwmk7z62v54eyco/app.bsky.feed.post/3mfqe462yo22z,1,0,0,0
c9be277407a8420c895887fa3f839651,2026-02-26T05:00:00Z,2026-02-26T05:15:11Z,auth,auth_enUS_labelerexp,at://did:plc:ytqqafnqbba327ktwzehqklt/app.bsky.feed.post/3mfqe3c7hek2y,1,0,0,0
c9be277407a8420c895887fa3f839651,2026-02-26T05:00:00Z,2026-02-26T05:15:11Z,auth,auth_enUS_labelerexp,at://did:plc:2bcvz73gjrxy6wkdavnxvcca/app.bsky.feed.post/3mfqdxtxwj22t,1,0,0,0
c9be277407a8420c895887fa3f839651,2026-02-26T05:00:00Z,2026-02-26T05:15:11Z,auth,auth_enUS_labelerexp,at://did:plc:pefit6j57zsfv3jiqblzukrd/app.bsky.feed.post/3mfqdvqic4c2x,0,0,0,0
c9be277407a8420c895887fa3f839651,2026-02-26T05:00:00Z,2026-02-26T05:15:11Z,auth,auth_enUS_labelerexp,at://did:plc:qlcqlfmepvlyqlrjdtw7f5bo/app.bsky.feed.post/3mfqdrzrljc2g,1,0,1,0
c9be277407a8420c895887fa3f839651,2026-02-26T05:00:00Z,2026-02-26T05:15:11Z,auth,auth_enUS_labelerexp,at://did:plc:6wyhk6r2elprhusihi6qkre4/app.bsky.feed.post/3mfqdqzeptc2x,1,0,0,0
c9be277407a8420c895887fa3f839651,2026-02-26T05:00:00Z,2026-02-26T05:15:11Z,auth,auth_enUS_labelerexp,at://did:plc:ufhwxbpkc3d77evguyy45mmh/app.bsky.feed.post/3mfqdp6okbc2h,0,1,0,0
c9be277407a8420c895887fa3f839651,2026-02-26T05:00:00Z,2026-02-26T05:15:11Z,auth,auth_enUS_labelerexp,at://did:plc:xwxn3dqeo46bvjblp2vc3ioi/app.bsky.feed.post/3mfqdjwyob22y,1,0,1,0
c9be277407a8420c895887fa3f839651,2026-02-26T05:00:00Z,2026-02-26T05:15:11Z,auth,auth_enUS_labelerexp,at://did:plc:pkfzh4i35xvoog6tbkcgssru/app.bsky.feed.post/3mfqdje5dmk2f,2,2,0,0
c9be277407a8420c895887fa3f839651,2026-02-26T05:00:00Z,2026-02-26T05:15:11Z,auth,auth_enUS_labelerexp,at://did:plc:hehso5fn2rnganbjcdesknkj/app.bsky.feed.post/3mfqdbnkrhy2c,0,0,0,0
c9be277407a8420c895887fa3f839651,2026-02-26T05:00:00Z,2026-02-26T05:15:11Z,auth,auth_enUS_labelerexp,at://did:plc:cet242b4k2s7wuhnsryassnm/app.bsky.feed.post/3mfqcrc6o4k2g,9,0,1,0
c9be277407a8420c895887fa3f839651,2026-02-26T05:00:00Z,2026-02-26T05:15:11Z,auth,auth_enUS_labelerexp,at://did:plc:gu5aexo7n2cj7jkdag6fckzv/app.bsky.feed.post/3mfqcqhaq3k24,1,0,0,0
c9be277407a8420c895887fa3f839651,2026-02-26T05:00:00Z,2026-02-26T05:15:11Z,auth,auth_enUS_labelerexp,at://did:plc:n5eeiw4uyduvwv3eu5pn3rgj/app.bsky.feed.post/3mfqcojicxs2o,3,0,1,0
c9be277407a8420c895887fa3f839651,2026-02-26T05:00:00Z,2026-02-26T05:15:11Z,auth,auth_enUS_labelerexp,at://did:plc:gd46snhldkm2y5jcwbumfzw3/app.bsky.feed.post/3mfqcju3uec2i,2,1,0,0
c9be277407a8420c895887fa3f839651,2026-02-26T05:00:00Z,2026-02-26T05:15:11Z,auth,auth_enUS_labelerexp,at://did:plc:hauwhty3gpamqicxfpclxj6s/app.bsky.feed.post/3mfqcjrahkk2l,6,0,0,0
c9be277407a8420c895887fa3f839651,2026-02-26T05:00:00Z,2026-02-26T05:15:11Z,auth,auth_enUS_labelerexp,at://did:plc:nwhz3fkzpxu4fs3nilsqsp5u/app.bsky.feed.post/3mfqcckvsa22d,5,0,0,0
c9be277407a8420c895887fa3f839651,2026-02-26T05:00:00Z,2026-02-26T05:15:11Z,auth,auth_enUS_labelerexp,at://did:plc:2sknqc3n3vxcbo4dul5wr5bf/app.bsky.feed.post/3mfqcavz75c2j,0,0,1,0
c9be277407a8420c895887fa3f839651,2026-02-26T05:00:00Z,2026-02-26T05:15:11Z,auth,auth_enUS_labelerexp,at://did:plc:to7ca7ax3eqljfk2qsvumlco/app.bsky.feed.post/3mfqc6ch6ol2c,0,0,0,0
c9be277407a8420c895887fa3f839651,2026-02-26T05:00:00Z,2026-02-26T05:15:11Z,auth,auth_enUS_labelerexp,at://did:plc:yr5wzlaz5nmqt4zmgzv5fkiz/app.bsky.feed.post/3mfqc3yr6q22m,0,0,0,0
c9be277407a8420c895887fa3f839651,2026-02-26T05:00:00Z,2026-02-26T05:15:11Z,auth,auth_enUS_labelerexp,at://did:plc:jelktuipru4etl7vca3435ye/app.bsky.feed.post/3mfqc35yio22p,3,0,0,0
c9be277407a8420c895887fa3f839651,2026-02-26T05:00:00Z,2026-02-26T05:15:11Z,auth,auth_enUS_labelerexp,at://did:plc:e37pd26qdm6ad5adz4mnkb5x/app.bsky.feed.post/3mfqc34q3p22v,2,0,0,0
c9be277407a8420c895887fa3f839651,2026-02-26T05:00:00Z,2026-02-26T05:15:11Z,auth,auth_enUS_labelerexp,at://did:plc:thymz3oghe5nqqkrcx2optsx/app.bsky.feed.post/3mfqbzsjmu22k,29,0,1,0
c9be277407a8420c895887fa3f839651,2026-02-26T05:00:00Z,2026-02-26T05:15:11Z,auth,auth_enUS_labelerexp,at://did:plc:tkx2qyiofzlhy7zaln32yjyy/app.bsky.feed.post/3mfqbqdcnqc2o,10,0,0,1
c9be277407a8420c895887fa3f839651,2026-02-26T05:00:00Z,2026-02-26T05:15:11Z,auth,auth_enUS_labelerexp,at://did:plc:5eevd6efpvaly6axpkwjplzg/app.bsky.feed.post/3mfqbq7dbks2k,0,0,0,0
c9be277407a8420c895887fa3f839651,2026-02-26T05:00:00Z,2026-02-26T05:15:11Z,auth,auth_enUS_labelerexp,at://did:plc:grqnn7l554dtptwfklbwbukh/app.bsky.feed.post/3mfqbm5mk3p2w,5,1,1,0
c9be277407a8420c895887fa3f839651,2026-02-26T05:00:00Z,2026-02-26T05:15:11Z,auth,auth_enUS_labelerexp,at://did:plc:osup7j2xaw6s2itjxxnicmfu/app.bsky.feed.post/3mfqbc34tu222,6,2,5,2
c9be277407a8420c895887fa3f839651,2026-02-26T05:00:00Z,2026-02-26T05:15:11Z,auth,auth_enUS_labelerexp,at://did:plc:v3qwfb7stcjmar67vm2hh7kv/app.bsky.feed.post/3mfqbao46c223,3,2,0,0
c9be277407a8420c895887fa3f839651,2026-02-26T05:00:00Z,2026-02-26T05:15:11Z,auth,auth_enUS_labelerexp,at://did:plc:nypraourgo5pq6z6rkgsjejs/app.bsky.feed.post/3mfqb5vplnc2k,0,0,1,0
c9be277407a8420c895887fa3f839651,2026-02-26T05:00:00Z,2026-02-26T05:15:11Z,auth,auth_enUS_labelerexp,at://did:plc:2rnhhht25f5kmtgrncvxpmyt/app.bsky.feed.post/3mfqb2wirls2d,1,0,0,0
c9be277407a8420c895887fa3f839651,2026-02-26T05:00:00Z,2026-02-26T05:15:11Z,auth,auth_enUS_labelerexp,at://did:plc:4wfqmngvnlhyuzaklt6rmu5s/app.bsky.feed.post/3mfqawjtmic2a,5,1,0,1
c9be277407a8420c895887fa3f839651,2026-02-26T05:00:00Z,2026-02-26T05:15:12Z,auth,auth_enUS_labelerexp,at://did:plc:edzlnzvoztauuygch4z5fvl3/app.bsky.feed.post/3mfqd5bvhyk2f,0,0,0,0
c9be277407a8420c895887fa3f839651,2026-02-26T05:00:00Z,2026-02-26T05:15:12Z,auth,auth_enUS_labelerexp,at://did:plc:gy7yilnydusx5hy2z3dltynp/app.bsky.feed.post/3mfqcwb6utpo2,0,0,0,0
c9be277407a8420c895887fa3f839651,2026-02-26T05:00:00Z,2026-02-26T05:15:12Z,auth,auth_enUS_labelerexp,at://did:plc:4excazaoczxvheakhe5j7att/app.bsky.feed.post/3mfqcqocyd22f,0,0,0,0
c9be277407a8420c895887fa3f839651,2026-02-26T05:00:00Z,2026-02-26T05:15:12Z,auth,auth_enUS_labelerexp,at://did:plc:hknt4von5kdoxv4oyz7eg5ca/app.bsky.feed.post/3mfqav77uaii2,1,1,2,0
c9be277407a8420c895887fa3f839651,2026-02-26T05:00:00Z,2026-02-26T05:15:12Z,auth,auth_enUS_labelerexp,at://did:plc:jacahp6xotj3deuhokfvvsnm/app.bsky.feed.post/3mfq43egu4s27,3,0,0,0
c9be277407a8420c895887fa3f839651,2026-02-26T05:00:00Z,2026-02-26T05:15:12Z,auth,auth_enUS_labelerexp,at://did:plc:45qzd2uoeuixtc64wuv6objq/app.bsky.feed.post/3mfpwolqu7cx2,2,0,0,0
c9be277407a8420c895887fa3f839651,2026-02-26T05:00:00Z,2026-02-26T05:15:12Z,auth,auth_enUS_labelerexp,at://did:plc:jacahp6xotj3deuhokfvvsnm/app.bsky.feed.post/3mfpvnzmhpk25,1,0,1,0
c9be277407a8420c895887fa3f839651,2026-02-26T05:00:00Z,2026-02-26T05:15:12Z,auth,auth_enUS_labelerexp,at://did:plc:gy7yilnydusx5hy2z3dltynp/app.bsky.feed.post/3mfpvkufciic2,1,0,0,0
c9be277407a8420c895887fa3f839651,2026-02-26T05:00:00Z,2026-02-26T05:15:12Z,auth,auth_enUS_labelerexp,at://did:plc:lp3e77mdabccgcprvoxsn7zp/app.bsky.feed.post/3mfpubu6gf22r,37,0,1,0
c9be277407a8420c895887fa3f839651,2026-02-26T05:00:00Z,2026-02-26T05:15:12Z,auth,auth_enUS_labelerexp,at://did:plc:lrs6pcnhtpxwaznkmhjfqxzy/app.bsky.feed.post/3mfpu7ttnjk2o,0,0,1,0
c9be277407a8420c895887fa3f839651,2026-02-26T05:00:00Z,2026-02-26T05:15:12Z,auth,auth_enUS_labelerexp,at://did:plc:hoaguzdazr4ckmsh7bscps2i/app.bsky.feed.post/3mfpsjntlec2v,3,0,0,0
c9be277407a8420c895887fa3f839651,2026-02-26T05:00:00Z,2026-02-26T05:15:12Z,auth,auth_enUS_labelerexp,at://did:plc:lhwb3cscs5lhi2hyqrzcj6b5/app.bsky.feed.post/3mfps5yqcps2w,4,1,0,0
c9be277407a8420c895887fa3f839651,2026-02-26T05:00:00Z,2026-02-26T05:15:12Z,auth,auth_enUS_labelerexp,at://did:plc:cq6apce4hnvdlzns2v4nw7f2/app.bsky.feed.post/3mfps7g647c2y,1,1,1,0
c9be277407a8420c895887fa3f839651,2026-02-26T05:00:00Z,2026-02-26T05:15:12Z,auth,auth_enUS_labelerexp,at://did:plc:jacahp6xotj3deuhokfvvsnm/app.bsky.feed.post/3mfprifwhys2n,1,0,1,0
c9be277407a8420c895887fa3f839651,2026-02-26T05:00:00Z,2026-02-26T05:15:12Z,auth,auth_enUS_labelerexp,at://did:plc:satghyw5lwtrrmpjha7mkzks/app.bsky.feed.post/3mfppkpijqc2x,2,0,0,1
c9be277407a8420c895887fa3f839651,2026-02-26T05:00:00Z,2026-02-26T05:15:12Z,auth,auth_enUS_labelerexp,at://did:plc:h7iqy23rjjpl67ep37o74fqy/app.bsky.feed.post/3mfpmv3mc3k22,0,0,0,0
c9be277407a8420c895887fa3f839651,2026-02-26T05:00:00Z,2026-02-26T05:15:12Z,auth,auth_enUS_labelerexp,at://did:plc:q6ltvp6yc4sldyv5nnpvqmin/app.bsky.feed.post/3mfpm5tjvhs2k,0,0,0,0
c9be277407a8420c895887fa3f839651,2026-02-26T05:00:00Z,2026-02-26T05:15:12Z,auth,auth_enUS_labelerexp,at://did:plc:wvk3sjvbawnkawuhgldkil5h/app.bsky.feed.post/3mfplrtw6a22a,5,2,0,0
c9be277407a8420c895887fa3f839651,2026-02-26T05:00:00Z,2026-02-26T05:15:12Z,auth,auth_enUS_labelerexp,at://did:plc:f4peubvg3mle4zqiogrz3fw4/app.bsky.feed.post/3mfplriwvyk2c,1,0,0,0
c9be277407a8420c895887fa3f839651,2026-02-26T05:00:00Z,2026-02-26T05:15:12Z,auth,auth_enUS_labelerexp,at://did:plc:zskhgc6xnlisfnm6xnojy32n/app.bsky.feed.post/3mfpka3mybk2b,1,0,0,0
c9be277407a8420c895887fa3f839651,2026-02-26T05:00:00Z,2026-02-26T05:15:12Z,auth,auth_enUS_labelerexp,at://did:plc:u223gcj3sfizsgrhqvworwp7/app.bsky.feed.post/3mfpj6misf22f,0,0,0,0
c9be277407a8420c895887fa3f839651,2026-02-26T05:00:00Z,2026-02-26T05:15:12Z,auth,auth_enUS_labelerexp,at://did:plc:n2rs4ajlg7ev3ztbeflvz5vj/app.bsky.feed.post/3mfpih66zv22n,0,0,0,0
c9be277407a8420c895887fa3f839651,2026-02-26T05:00:00Z,2026-02-26T05:15:12Z,auth,auth_enUS_labelerexp,at://did:plc:gy7yilnydusx5hy2z3dltynp/app.bsky.feed.post/3mfpi7ijs7x62,1,0,0,0
c9be277407a8420c895887fa3f839651,2026-02-26T05:00:00Z,2026-02-26T05:15:12Z,auth,auth_enUS_labelerexp,at://did:plc:gerlorrvd5wppqibeqn7iodu/app.bsky.feed.post/3mfpfr6dte22i,0,0,0,0
c9be277407a8420c895887fa3f839651,2026-02-26T05:00:00Z,2026-02-26T05:15:12Z,auth,auth_enUS_labelerexp,at://did:plc:kcx54umwsf3fgjcz32acp4yw/app.bsky.feed.post/3mfpenes7ag2w,1,0,0,0
c9be277407a8420c895887fa3f839651,2026-02-26T05:00:00Z,2026-02-26T05:15:12Z,auth,auth_enUS_labelerexp,at://did:plc:d7ymfubjfr6f4ghqtl3kpufo/app.bsky.feed.post/3mfpdeo4f4k22,0,0,0,0
c9be277407a8420c895887fa3f839651,2026-02-26T05:00:00Z,2026-02-26T05:15:12Z,auth,auth_enUS_labelerexp,at://did:plc:t3q5w5asdfu2ddwbiu3yreea/app.bsky.feed.post/3mfpctpqkfk27,0,0,0,0
c9be277407a8420c895887fa3f839651,2026-02-26T05:00:00Z,2026-02-26T05:15:12Z,auth,auth_enUS_labelerexp,at://did:plc:45qzd2uoeuixtc64wuv6objq/app.bsky.feed.post/3mfpcj5txwbu2,1,1,0,0
c9be277407a8420c895887fa3f839651,2026-02-26T05:00:00Z,2026-02-26T05:15:12Z,auth,auth_enUS_labelerexp,at://did:plc:v3tdzw2tgduhgc4r2zsqe35a/app.bsky.feed.post/3mfp7w7ptds2k,2,0,0,0
c9be277407a8420c895887fa3f839651,2026-02-26T05:00:00Z,2026-02-26T05:15:12Z,auth,auth_enUS_labelerexp,at://did:plc:mfehxbrpt4oc5lyzyffnzu76/app.bsky.feed.post/3mfp7swh7h227,2,0,0,0
c9be277407a8420c895887fa3f839651,2026-02-26T05:00:00Z,2026-02-26T05:15:12Z,auth,auth_enUS_labelerexp,at://did:plc:gux75wrv6b555qedoweb3njb/app.bsky.feed.post/3mfp6jjzqg22l,0,0,1,0
c9be277407a8420c895887fa3f839651,2026-02-26T05:00:00Z,2026-02-26T05:15:12Z,auth,auth_enUS_labelerexp,at://did:plc:syhhc5x5zzt2nlf5ou4cwuo2/app.bsky.feed.post/3mfp4nyrizc2q,1,0,1,0
c9be277407a8420c895887fa3f839651,2026-02-26T05:00:00Z,2026-02-26T05:15:12Z,auth,auth_enUS_labelerexp,at://did:plc:5ty4wshj6nqaypom3y55qu4m/app.bsky.feed.post/3mfp4gw6bxl2c,1,1,0,0
c9be277407a8420c895887fa3f839651,2026-02-26T05:00:00Z,2026-02-26T05:15:12Z,auth,auth_enUS_labelerexp,at://did:plc:syyidp6ggtqscfhwb4j76c2z/app.bsky.feed.post/3mfp44zasci2w,0,0,0,0
c9be277407a8420c895887fa3f839651,2026-02-26T05:00:00Z,2026-02-26T05:15:12Z,auth,auth_enUS_labelerexp,at://did:plc:syyidp6ggtqscfhwb4j76c2z/app.bsky.feed.post/3mfp44ti3im2u,0,0,0,0
c9be277407a8420c895887fa3f839651,2026-02-26T05:00:00Z,2026-02-26T05:15:12Z,auth,auth_enUS_labelerexp,at://did:plc:7hesv3ls5txngrvb7mwxou3x/app.bsky.feed.post/3mfp3it2x7c2f,3,0,0,0
c9be277407a8420c895887fa3f839651,2026-02-26T05:00:00Z,2026-02-26T05:15:12Z,auth,auth_enUS_labelerexp,at://did:plc:llissvoc4u3hqyoqjzso6t6n/app.bsky.feed.post/3mfp2r3x4dk24,0,0,0,0
c9be277407a8420c895887fa3f839651,2026-02-26T05:00:00Z,2026-02-26T05:15:12Z,auth,auth_enUS_labelerexp,at://did:plc:gy7yilnydusx5hy2z3dltynp/app.bsky.feed.post/3mfp2qkzwzta2,0,0,0,0
c9be277407a8420c895887fa3f839651,2026-02-26T05:00:00Z,2026-02-26T05:15:12Z,auth,auth_enUS_labelerexp,at://did:plc:wgehrq4lowesiiwmfkend5xj/app.bsky.feed.post/3mfp2p2svys23,2,0,2,0
c9be277407a8420c895887fa3f839651,2026-02-26T05:00:00Z,2026-02-26T05:15:12Z,auth,auth_enUS_labelerexp,at://did:plc:llh4aowduula7nlaulxjdkzv/app.bsky.feed.post/3mfp2l53c5c2u,2,0,0,1
c9be277407a8420c895887fa3f839651,2026-02-26T05:00:00Z,2026-02-26T05:15:12Z,auth,auth_enUS_labelerexp,at://did:plc:qcs4hqgtse2e3k4ordfq3x3m/app.bsky.feed.post/3mfowsd4uqk2r,4,0,1,0
c9be277407a8420c895887fa3f839651,2026-02-26T05:00:00Z,2026-02-26T05:15:12Z,auth,auth_enUS_labelerexp,at://did:plc:rsjqvu2wataoztfz2tsgoz2q/app.bsky.feed.post/3mfoupae5t22f,9,2,2,0
c9be277407a8420c895887fa3f839651,2026-02-26T05:00:00Z,2026-02-26T05:15:12Z,auth,auth_enUS_labelerexp,at://did:plc:p32d3betmwlebc4z2yqhgcjt/app.bsky.feed.post/3mfoukd6rfc2g,5,2,0,0
c9be277407a8420c895887fa3f839651,2026-02-26T05:00:00Z,2026-02-26T05:15:12Z,auth,auth_enUS_labelerexp,at://did:plc:aydwpm3ej3yr2g4mtoerngp3/app.bsky.feed.post/3mfoub2ndbs2m,1,0,0,0
c9be277407a8420c895887fa3f839651,2026-02-26T05:00:00Z,2026-02-26T05:15:12Z,auth,auth_enUS_labelerexp,at://did:plc:hr2gfafufvl5ugyvagij55v2/app.bsky.feed.post/3mfotj6nj7c2m,5,0,1,0
c9be277407a8420c895887fa3f839651,2026-02-26T05:00:00Z,2026-02-26T05:15:12Z,auth,auth_enUS_labelerexp,at://did:plc:pfuzlkz2mvvdb4iy6ushpd4g/app.bsky.feed.post/3mfosbjjsyc2r,0,0,0,0
c9be277407a8420c895887fa3f839651,2026-02-26T05:00:00Z,2026-02-26T05:15:12Z,auth,auth_enUS_labelerexp,at://did:plc:wvub3mnvoevu7hcgvvl2jw5l/app.bsky.feed.post/3mfosbgmvzp2j,0,0,0,0
c9be277407a8420c895887fa3f839651,2026-02-26T05:00:00Z,2026-02-26T05:15:12Z,auth,auth_enUS_labelerexp,at://did:plc:7xxnmm3wzfpauj2ibmiuohhc/app.bsky.feed.post/3mfoqzoc6b42o,0,0,0,0
c9be277407a8420c895887fa3f839651,2026-02-26T05:00:00Z,2026-02-26T05:15:12Z,auth,auth_enUS_labelerexp,at://did:plc:zf6xodud5ierabqiioetyi3u/app.bsky.feed.post/3mfoql4vs2hr2,1,1,0,1
c9be277407a8420c895887fa3f839651,2026-02-26T05:00:00Z,2026-02-26T05:15:12Z,auth,auth_enUS_labelerexp,at://did:plc:goniz2qgniwmwqpmshvxvv2s/app.bsky.feed.post/3mfopqwiw6k2r,3,1,0,1
c9be277407a8420c895887fa3f839651,2026-02-26T05:00:00Z,2026-02-26T05:15:14Z,auth,auth_enUS_labelerexp,at://did:plc:v336bgjhyj5suvc6ds5vkckg/app.bsky.feed.post/3m7ivmwvxsk2c,36,5,1,1
c9be277407a8420c895887fa3f839651,2026-02-26T05:00:00Z,2026-02-26T05:15:14Z,auth,auth_enUS_labelerexp,at://did:plc:m57dbqhwolglv2ip25idg55l/app.bsky.feed.post/3mfqehnt7oc25,0,0,0,0
c9be277407a8420c895887fa3f839651,2026-02-26T05:00:00Z,2026-02-26T05:15:14Z,auth,auth_enUS_labelerexp,at://did:plc:jacahp6xotj3deuhokfvvsnm/app.bsky.feed.post/3mfqdwzo32k2r,0,0,0,0
c9be277407a8420c895887fa3f839651,2026-02-26T05:00:00Z,2026-02-26T05:15:14Z,auth,auth_enUS_labelerexp,at://did:plc:ndk6yvyoh6dqfns35zmfg3gt/app.bsky.feed.post/3mfqc3icp322c,0,0,0,0
c9be277407a8420c895887fa3f839651,2026-02-26T05:00:00Z,2026-02-26T05:15:14Z,auth,auth_enUS_labelerexp,at://did:plc:pxkvwbfmltijbpjzk5srddcu/app.bsky.feed.post/3mfqb3fzyq223,2,0,0,0
c9be277407a8420c895887fa3f839651,2026-02-26T05:00:00Z,2026-02-26T05:15:14Z,auth,auth_enUS_labelerexp,at://did:plc:pk3zrfj243yiew45yr2xdi2u/app.bsky.feed.post/3mfqaym5mrs2o,0,0,0,0
c9be277407a8420c895887fa3f839651,2026-02-26T05:00:00Z,2026-02-26T05:15:14Z,auth,auth_enUS_labelerexp,at://did:plc:bffi6zqwkpa4qjrzk2rb6376/app.bsky.feed.post/3mfq7yxvd322g,0,0,0,0
c9be277407a8420c895887fa3f839651,2026-02-26T05:00:00Z,2026-02-26T05:15:14Z,auth,auth_enUS_labelerexp,at://did:plc:jacahp6xotj3deuhokfvvsnm/app.bsky.feed.post/3mfq7xd373k24,1,0,1,0
c9be277407a8420c895887fa3f839651,2026-02-26T05:00:00Z,2026-02-26T05:15:14Z,auth,auth_enUS_labelerexp,at://did:plc:dnywjxyevgm6e5khwl63ju43/app.bsky.feed.post/3mfq7toi5js2z,25,11,0,0
c9be277407a8420c895887fa3f839651,2026-02-26T05:00:00Z,2026-02-26T05:15:14Z,auth,auth_enUS_labelerexp,at://did:plc:bffi6zqwkpa4qjrzk2rb6376/app.bsky.feed.post/3mfq7p5bpyc2g,0,0,0,0
c9be277407a8420c895887fa3f839651,2026-02-26T05:00:00Z,2026-02-26T05:15:14Z,auth,auth_enUS_labelerexp,at://did:plc:vxrr2hofeomcujrs2b7nezsh/app.bsky.feed.post/3mfq73663tk2n,40,11,2,0
c9be277407a8420c895887fa3f839651,2026-02-26T05:00:00Z,2026-02-26T05:15:14Z,auth,auth_enUS_labelerexp,at://did:plc:pk3zrfj243yiew45yr2xdi2u/app.bsky.feed.post/3mfq6yhnoxs2i,0,0,0,0
c9be277407a8420c895887fa3f839651,2026-02-26T05:00:00Z,2026-02-26T05:15:14Z,auth,auth_enUS_labelerexp,at://did:plc:ep5l4ixikvwk6mqacxohricu/app.bsky.feed.post/3mfq66bi3xc2n,2,0,0,0
c9be277407a8420c895887fa3f839651,2026-02-26T05:00:00Z,2026-02-26T05:15:14Z,auth,auth_enUS_labelerexp,at://did:plc:jbuz5q2dgf6ejmas56cgoodz/app.bsky.feed.post/3mfq5qh4od22y,1,0,0,0
c9be277407a8420c895887fa3f839651,2026-02-26T05:00:00Z,2026-02-26T05:15:14Z,auth,auth_enUS_labelerexp,at://did:plc:wbt6x3fkvb7akwgiwu7i4zqd/app.bsky.feed.post/3mfq5pmfacc2w,3,0,1,0
c9be277407a8420c895887fa3f839651,2026-02-26T05:00:00Z,2026-02-26T05:15:14Z,auth,auth_enUS_labelerexp,at://did:plc:kp3y5ge2cplyeambatyhd6um/app.bsky.feed.post/3mfq3zb5ros25,4,4,0,0
c9be277407a8420c895887fa3f839651,2026-02-26T05:00:00Z,2026-02-26T05:15:14Z,auth,auth_enUS_labelerexp,at://did:plc:bdf5nzzryl4xlimkdm4crycg/app.bsky.feed.post/3mfq3hflza22o,10,3,0,1
c9be277407a8420c895887fa3f839651,2026-02-26T05:00:00Z,2026-02-26T05:15:14Z,auth,auth_enUS_labelerexp,at://did:plc:t5uqggrsqtf6nwqbctj2bef6/app.bsky.feed.post/3mfq3h4fs6s2m,1,0,0,0
c9be277407a8420c895887fa3f839651,2026-02-26T05:00:00Z,2026-02-26T05:15:14Z,auth,auth_enUS_labelerexp,at://did:plc:jacahp6xotj3deuhokfvvsnm/app.bsky.feed.post/3mfq2fmmbok2p,0,0,0,0
c9be277407a8420c895887fa3f839651,2026-02-26T05:00:00Z,2026-02-26T05:15:14Z,auth,auth_enUS_labelerexp,at://did:plc:4twt667s33zrfkvcjj45u6tq/app.bsky.feed.post/3mfq2azghss2z,2,1,0,0
c9be277407a8420c895887fa3f839651,2026-02-26T05:00:00Z,2026-02-26T05:15:14Z,auth,auth_enUS_labelerexp,at://did:plc:j6uuq5m7vimgtbjihd5ousuj/app.bsky.feed.post/3mfpzxy4prc26,3,3,0,0
c9be277407a8420c895887fa3f839651,2026-02-26T05:00:00Z,2026-02-26T05:15:14Z,auth,auth_enUS_labelerexp,at://did:plc:jacahp6xotj3deuhokfvvsnm/app.bsky.feed.post/3mfpxxcezpc2p,3,2,0,0
c9be277407a8420c895887fa3f839651,2026-02-26T05:00:00Z,2026-02-26T05:15:14Z,auth,auth_enUS_labelerexp,at://did:plc:kp3y5ge2cplyeambatyhd6um/app.bsky.feed.post/3mfpxwcqajk2j,9,3,2,0
c9be277407a8420c895887fa3f839651,2026-02-26T05:00:00Z,2026-02-26T05:15:14Z,auth,auth_enUS_labelerexp,at://did:plc:5dokrqnikwh5egun7yfivvi2/app.bsky.feed.post/3mfpxu7xrdk2f,1,0,0,0
c9be277407a8420c895887fa3f839651,2026-02-26T05:00:00Z,2026-02-26T05:15:14Z,auth,auth_enUS_labelerexp,at://did:plc:4hcsjb3nurzpuqiaj7qjlchc/app.bsky.feed.post/3mfpxk4m4dk2h,5,0,0,0
c9be277407a8420c895887fa3f839651,2026-02-26T05:00:00Z,2026-02-26T05:15:14Z,auth,auth_enUS_labelerexp,at://did:plc:wbt6x3fkvb7akwgiwu7i4zqd/app.bsky.feed.post/3mfpww765xk26,2,0,1,0
c9be277407a8420c895887fa3f839651,2026-02-26T05:00:00Z,2026-02-26T05:15:14Z,auth,auth_enUS_labelerexp,at://did:plc:e4nxaf267cylzkuw7bonyxtn/app.bsky.feed.post/3mfpwizivre2g,2,0,0,0
c9be277407a8420c895887fa3f839651,2026-02-26T05:00:00Z,2026-02-26T05:15:14Z,auth,auth_enUS_labelerexp,at://did:plc:jacahp6xotj3deuhokfvvsnm/app.bsky.feed.post/3mfpwce3irc2l,4,0,1,0
c9be277407a8420c895887fa3f839651,2026-02-26T05:00:00Z,2026-02-26T05:15:14Z,auth,auth_enUS_labelerexp,at://did:plc:j4g57d7n5k3tob5mdxqbfe4y/app.bsky.feed.post/3mfpvttumd22k,1,0,0,0
c9be277407a8420c895887fa3f839651,2026-02-26T05:00:00Z,2026-02-26T05:15:14Z,auth,auth_enUS_labelerexp,at://did:plc:j4g57d7n5k3tob5mdxqbfe4y/app.bsky.feed.post/3mfpvtttxss2k,3,1,1,0
c9be277407a8420c895887fa3f839651,2026-02-26T05:00:00Z,2026-02-26T05:15:14Z,auth,auth_enUS_labelerexp,at://did:plc:5zl64ncagcya4kwj74hx3tug/app.bsky.feed.post/3mfpvmc4rh225,1,1,0,0
c9be277407a8420c895887fa3f839651,2026-02-26T05:00:00Z,2026-02-26T05:15:14Z,auth,auth_enUS_labelerexp,at://did:plc:nusge7c42nkxtaxppjuncrdq/app.bsky.feed.post/3mfpuwrkbwk22,1,1,0,0
c9be277407a8420c895887fa3f839651,2026-02-26T05:00:00Z,2026-02-26T05:15:14Z,auth,auth_enUS_labelerexp,at://did:plc:ll2t32wq6gvr5zv4xdkx7qeo/app.bsky.feed.post/3mfpuowrbpn2e,5,4,0,0
c9be277407a8420c895887fa3f839651,2026-02-26T05:00:00Z,2026-02-26T05:15:14Z,auth,auth_enUS_labelerexp,at://did:plc:mciolqc63d6o6pveql6t6s2t/app.bsky.feed.post/3mfpueo44d22m,0,0,1,0
c9be277407a8420c895887fa3f839651,2026-02-26T05:00:00Z,2026-02-26T05:15:14Z,auth,auth_enUS_labelerexp,at://did:plc:5y5mgzgs2kx63mqc5gcz2n3v/app.bsky.feed.post/3mfpu43ezuk25,211,69,18,2
c9be277407a8420c895887fa3f839651,2026-02-26T05:00:00Z,2026-02-26T05:15:14Z,auth,auth_enUS_labelerexp,at://did:plc:b4o27tf7dzv6yrxdoevn7qtz/app.bsky.feed.post/3mfpu2feifc2j,0,0,0,0
c9be277407a8420c895887fa3f839651,2026-02-26T05:00:00Z,2026-02-26T05:15:14Z,auth,auth_enUS_labelerexp,at://did:plc:b4o27tf7dzv6yrxdoevn7qtz/app.bsky.feed.post/3mfpu2d6svk2j,1,0,1,0
c9be277407a8420c895887fa3f839651,2026-02-26T05:00:00Z,2026-02-26T05:15:14Z,auth,auth_enUS_labelerexp,at://did:plc:5y5mgzgs2kx63mqc5gcz2n3v/app.bsky.feed.post/3mfpt4btzps2d,111,30,1,3
c9be277407a8420c895887fa3f839651,2026-02-26T05:00:00Z,2026-02-26T05:15:14Z,auth,auth_enUS_labelerexp,at://did:plc:gpmq5w5m7wx4cpph3yqsdhge/app.bsky.feed.post/3mfpsu23f522y,4,1,0,0
c9be277407a8420c895887fa3f839651,2026-02-26T05:00:00Z,2026-02-26T05:15:14Z,auth,auth_enUS_labelerexp,at://did:plc:wbt6x3fkvb7akwgiwu7i4zqd/app.bsky.feed.post/3mfpstpzie226,2,0,1,0
c9be277407a8420c895887fa3f839651,2026-02-26T05:00:00Z,2026-02-26T05:15:14Z,auth,auth_enUS_labelerexp,at://did:plc:jacahp6xotj3deuhokfvvsnm/app.bsky.feed.post/3mfpso6bvgc27,2,0,1,0
c9be277407a8420c895887fa3f839651,2026-02-26T05:00:00Z,2026-02-26T05:15:14Z,auth,auth_enUS_labelerexp,at://did:plc:jacahp6xotj3deuhokfvvsnm/app.bsky.feed.post/3mfpsmvwqzc27,2,0,0,0
c9be277407a8420c895887fa3f839651,2026-02-26T05:00:00Z,2026-02-26T05:15:14Z,auth,auth_enUS_labelerexp,at://did:plc:wbt6x3fkvb7akwgiwu7i4zqd/app.bsky.feed.post/3mfpslzh36s26,3,1,1,0
c9be277407a8420c895887fa3f839651,2026-02-26T05:00:00Z,2026-02-26T05:15:14Z,auth,auth_enUS_labelerexp,at://did:plc:wbt6x3fkvb7akwgiwu7i4zqd/app.bsky.feed.post/3mfpsjtanh226,1,0,1,0
c9be277407a8420c895887fa3f839651,2026-02-26T05:00:00Z,2026-02-26T05:15:14Z,auth,auth_enUS_labelerexp,at://did:plc:pwgxszzzz7dqmqxade4txgeg/app.bsky.feed.post/3mfpsbguj522h,0,0,0,0
c9be277407a8420c895887fa3f839651,2026-02-26T05:00:00Z,2026-02-26T05:15:14Z,auth,auth_enUS_labelerexp,at://did:plc:mgwrki6irihfcatu2v347soc/app.bsky.feed.post/3mfprym7lq22x,6,2,0,0
c9be277407a8420c895887fa3f839651,2026-02-26T05:00:00Z,2026-02-26T05:15:14Z,auth,auth_enUS_labelerexp,at://did:plc:ocs7bkuxrof7s3xqpyfbya2t/app.bsky.feed.post/3mfprvgles526,0,0,0,0
c9be277407a8420c895887fa3f839651,2026-02-26T05:00:00Z,2026-02-26T05:15:14Z,auth,auth_enUS_labelerexp,at://did:plc:33h4q6nw674jdcwfxaq2m2nl/app.bsky.feed.post/3mfpro6dnvc2n,7,2,0,0
c9be277407a8420c895887fa3f839651,2026-02-26T05:00:00Z,2026-02-26T05:15:14Z,auth,auth_enUS_labelerexp,at://did:plc:5plqqobhvlcmvyggvjwshacf/app.bsky.feed.post/3mfprfh5uzs2q,0,0,0,0
c9be277407a8420c895887fa3f839651,2026-02-26T05:00:00Z,2026-02-26T05:15:14Z,auth,auth_enUS_labelerexp,at://did:plc:jacahp6xotj3deuhokfvvsnm/app.bsky.feed.post/3mfprbam6sk2n,2,0,0,0
c9be277407a8420c895887fa3f839651,2026-02-26T05:00:00Z,2026-02-26T05:15:16Z,auth,auth_enUS_labelerexp,at://did:plc:vpkhqolt662uhesyj6nxm7ys/app.bsky.feed.post/3lbfifkwv522t,918,122,35,15
c9be277407a8420c895887fa3f839651,2026-02-26T05:00:00Z,2026-02-26T05:15:18Z,auth,auth_enUS_labelerexp,at://did:plc:vwzwgnygau7ed7b7wt5ux7y2/app.bsky.feed.post/3l6qpkesdg22e,330,10,116,2
c9be277407a8420c895887fa3f839651,2026-02-26T05:00:00Z,2026-02-26T05:15:20Z,auth,auth_enUS_labelerexp,at://did:plc:2ehatp6jrzln5bvesaai67hn/app.bsky.feed.post/3mfqd4bf2zk23,7,0,0,0
c9be277407a8420c895887fa3f839651,2026-02-26T05:00:00Z,2026-02-26T05:15:20Z,auth,auth_enUS_labelerexp,at://did:plc:ebgfkenva3z6yntabuhdfc5l/app.bsky.feed.post/3mfqcz2w2cs2a,1,0,1,0
c9be277407a8420c895887fa3f839651,2026-02-26T05:00:00Z,2026-02-26T05:15:20Z,auth,auth_enUS_labelerexp,at://did:plc:j5vjnm274z4sobp4iylgwsqe/app.bsky.feed.post/3mfqcan5d5s2i,9,2,0,0
c9be277407a8420c895887fa3f839651,2026-02-26T05:00:00Z,2026-02-26T05:15:20Z,auth,auth_enUS_labelerexp,at://did:plc:hkv4t5kntbujuqwv4xw3kgqy/app.bsky.feed.post/3mfqaxrgijk2j,0,0,0,0
c9be277407a8420c895887fa3f839651,2026-02-26T05:00:00Z,2026-02-26T05:15:20Z,auth,auth_enUS_labelerexp,at://did:plc:wpb2ny466j44gr3vsgrwg5uq/app.bsky.feed.post/3mfq6z5vtzs2q,18,0,3,0
c9be277407a8420c895887fa3f839651,2026-02-26T05:00:00Z,2026-02-26T05:15:20Z,auth,auth_enUS_labelerexp,at://did:plc:yaiqvuld2tv6cxlobt2ezpdx/app.bsky.feed.post/3mfq6avazyk26,13,0,1,0
c9be277407a8420c895887fa3f839651,2026-02-26T05:00:00Z,2026-02-26T05:15:20Z,auth,auth_enUS_labelerexp,at://did:plc:pt3waomtjhe4hum5l5rajgdj/app.bsky.feed.post/3mfq4huidlk2b,5,1,1,0
c9be277407a8420c895887fa3f839651,2026-02-26T05:00:00Z,2026-02-26T05:15:20Z,auth,auth_enUS_labelerexp,at://did:plc:xt55kf7jm37v4nvvvtnbatbt/app.bsky.feed.post/3mfq3i6iw7c2n,4,0,0,0
c9be277407a8420c895887fa3f839651,2026-02-26T05:00:00Z,2026-02-26T05:15:20Z,auth,auth_enUS_labelerexp,at://did:plc:edabi54wnyh7uxhwxtr3gago/app.bsky.feed.post/3mfq3fs4rcs2k,10,0,2,0
c9be277407a8420c895887fa3f839651,2026-02-26T05:00:00Z,2026-02-26T05:15:20Z,auth,auth_enUS_labelerexp,at://did:plc:ewtioluypjrn7mcu2hdwnovr/app.bsky.feed.post/3mfq2ej62r22o,32,4,1,0
c9be277407a8420c895887fa3f839651,2026-02-26T05:00:00Z,2026-02-26T05:15:20Z,auth,auth_enUS_labelerexp,at://did:plc:bjhunchtz2humbk4htqf3oto/app.bsky.feed.post/3mfpytj6ljk2w,120,2,2,0
c9be277407a8420c895887fa3f839651,2026-02-26T05:00:00Z,2026-02-26T05:15:20Z,auth,auth_enUS_labelerexp,at://did:plc:bjhunchtz2humbk4htqf3oto/app.bsky.feed.post/3mfpyr2ikes2w,103,0,1,0
c9be277407a8420c895887fa3f839651,2026-02-26T05:00:00Z,2026-02-26T05:15:20Z,auth,auth_enUS_labelerexp,at://did:plc:7dyspsmd6lmkbpylxg46r7bp/app.bsky.feed.post/3mfpxvv67u22u,0,0,0,0
c9be277407a8420c895887fa3f839651,2026-02-26T05:00:00Z,2026-02-26T05:15:20Z,auth,auth_enUS_labelerexp,at://did:plc:quxwbfiivodqhpptfwf5sss2/app.bsky.feed.post/3mfpx77glm22v,7,0,0,0
c9be277407a8420c895887fa3f839651,2026-02-26T05:00:00Z,2026-02-26T05:15:20Z,auth,auth_enUS_labelerexp,at://did:plc:25hdj3n6i6hnblziwrejrljs/app.bsky.feed.post/3mfpvkexue22t,7,0,0,0
c9be277407a8420c895887fa3f839651,2026-02-26T05:00:00Z,2026-02-26T05:15:20Z,auth,auth_enUS_labelerexp,at://did:plc:wh5655ynrl443ocmvynn6wnx/app.bsky.feed.post/3mfpvk2wh722m,66,13,5,0
c9be277407a8420c895887fa3f839651,2026-02-26T05:00:00Z,2026-02-26T05:15:20Z,auth,auth_enUS_labelerexp,at://did:plc:igspguisqjetprbqa47wu4di/app.bsky.feed.post/3mfpuo6m6uk27,2,0,0,0
c9be277407a8420c895887fa3f839651,2026-02-26T05:00:00Z,2026-02-26T05:15:20Z,auth,auth_enUS_labelerexp,at://did:plc:ybftvadnvthfaqqrqdclh6s3/app.bsky.feed.post/3mfpuemdkqs2v,4,0,0,0
c9be277407a8420c895887fa3f839651,2026-02-26T05:00:00Z,2026-02-26T05:15:20Z,auth,auth_enUS_labelerexp,at://did:plc:5mb2erasymciqu74opoxjcro/app.bsky.feed.post/3mfpsluqa222n,25,7,0,0
c9be277407a8420c895887fa3f839651,2026-02-26T05:00:00Z,2026-02-26T05:15:20Z,auth,auth_enUS_labelerexp,at://did:plc:xaofuhzf2d4zw7cj3dxcg7up/app.bsky.feed.post/3mfprxkd4al2a,24,10,0,0
c9be277407a8420c895887fa3f839651,2026-02-26T05:00:00Z,2026-02-26T05:15:20Z,auth,auth_enUS_labelerexp,at://did:plc:2zfsclvgkp2q4vo6hk6ijjfe/app.bsky.feed.post/3mfpnr5ixfk2y,11,0,1,0
c9be277407a8420c895887fa3f839651,2026-02-26T05:00:00Z,2026-02-26T05:15:20Z,auth,auth_enUS_labelerexp,at://did:plc:5vspz3vguy6lsqet33gll53x/app.bsky.feed.post/3mfplodakds2e,4,0,1,0
c9be277407a8420c895887fa3f839651,2026-02-26T05:00:00Z,2026-02-26T05:15:20Z,auth,auth_enUS_labelerexp,at://did:plc:4rrmnsydsmoxm76rudq22pzi/app.bsky.feed.post/3mfpktaejok2o,19,1,1,0
c9be277407a8420c895887fa3f839651,2026-02-26T05:00:00Z,2026-02-26T05:15:20Z,auth,auth_enUS_labelerexp,at://did:plc:johqgl2ec2fmkllpjdqqhk7u/app.bsky.feed.post/3mfpkoxhq522k,22,1,2,0
c9be277407a8420c895887fa3f839651,2026-02-26T05:00:00Z,2026-02-26T05:15:20Z,auth,auth_enUS_labelerexp,at://did:plc:dxv5zrt2kohgqffbzqwcgaiv/app.bsky.feed.post/3mfpkjblmxs2n,16,1,0,0
c9be277407a8420c895887fa3f839651,2026-02-26T05:00:00Z,2026-02-26T05:15:20Z,auth,auth_enUS_labelerexp,at://did:plc:sqnnjexux3rkswxqm3b6kzlp/app.bsky.feed.post/3mfpjcpirws2r,24,10,2,0
c9be277407a8420c895887fa3f839651,2026-02-26T05:00:00Z,2026-02-26T05:15:20Z,auth,auth_enUS_labelerexp,at://did:plc:ezxrmqxmvvw4e7dd2hpnof6t/app.bsky.feed.post/3mfpj47sgds2q,75,8,2,0
c9be277407a8420c895887fa3f839651,2026-02-26T05:00:00Z,2026-02-26T05:15:20Z,auth,auth_enUS_labelerexp,at://did:plc:jm7xn35lwrfndmwqxwgsunt2/app.bsky.feed.post/3mfpj2in44c2s,10,0,1,0
c9be277407a8420c895887fa3f839651,2026-02-26T05:00:00Z,2026-02-26T05:15:20Z,auth,auth_enUS_labelerexp,at://did:plc:hsjwzrqnjdcuauy765zc64q7/app.bsky.feed.post/3mfpirzeqms25,10,2,0,0
c9be277407a8420c895887fa3f839651,2026-02-26T05:00:00Z,2026-02-26T05:15:20Z,auth,auth_enUS_labelerexp,at://did:plc:rcfpk2pq5dtrmbv75frbc63g/app.bsky.feed.post/3mfpialqrs22o,6,2,0,0
c9be277407a8420c895887fa3f839651,2026-02-26T05:00:00Z,2026-02-26T05:15:20Z,auth,auth_enUS_labelerexp,at://did:plc:yhmbi7cjdcdrkoc7i2vhjcwx/app.bsky.feed.post/3mfphtnxe2w2j,28,2,0,0
c9be277407a8420c895887fa3f839651,2026-02-26T05:00:00Z,2026-02-26T05:15:20Z,auth,auth_enUS_labelerexp,at://did:plc:gq4fo3u6tqzzdkjlwzpb23tj/app.bsky.feed.post/3mfphelukya2y,2,0,0,0
c9be277407a8420c895887fa3f839651,2026-02-26T05:00:00Z,2026-02-26T05:15:20Z,auth,auth_enUS_labelerexp,at://did:plc:kdpq7cqe42yl7yifhmkbic3j/app.bsky.feed.post/3mfphav75fk2c,12,1,1,0
c9be277407a8420c895887fa3f839651,2026-02-26T05:00:00Z,2026-02-26T05:15:20Z,auth,auth_enUS_labelerexp,at://did:plc:hvx2gr5dtg2dm6dnsp2ybm4d/app.bsky.feed.post/3mfpgbsgxjc2e,37,3,0,0
c9be277407a8420c895887fa3f839651,2026-02-26T05:00:00Z,2026-02-26T05:15:20Z,auth,auth_enUS_labelerexp,at://did:plc:xl3zsbidwa62r3afvadyydto/app.bsky.feed.post/3mfpe4esetw2t,6,0,0,0
c9be277407a8420c895887fa3f839651,2026-02-26T05:00:00Z,2026-02-26T05:15:20Z,auth,auth_enUS_labelerexp,at://did:plc:ytla252sxcoknwtbcsor7ltt/app.bsky.feed.post/3mfpe3x34xk2p,3,0,0,0
c9be277407a8420c895887fa3f839651,2026-02-26T05:00:00Z,2026-02-26T05:15:20Z,auth,auth_enUS_labelerexp,at://did:plc:ytla252sxcoknwtbcsor7ltt/app.bsky.feed.post/3mfpe3tmxl22p,6,0,1,0
c9be277407a8420c895887fa3f839651,2026-02-26T05:00:00Z,2026-02-26T05:15:20Z,auth,auth_enUS_labelerexp,at://did:plc:ytla252sxcoknwtbcsor7ltt/app.bsky.feed.post/3mfpe3ia7p22p,1,0,1,0
c9be277407a8420c895887fa3f839651,2026-02-26T05:00:00Z,2026-02-26T05:15:20Z,auth,auth_enUS_labelerexp,at://did:plc:ytla252sxcoknwtbcsor7ltt/app.bsky.feed.post/3mfpe3esjwk2p,9,0,1,0
c9be277407a8420c895887fa3f839651,2026-02-26T05:00:00Z,2026-02-26T05:15:20Z,auth,auth_enUS_labelerexp,at://did:plc:cpytvok4mtpr2ahxg73hgbmt/app.bsky.feed.post/3mfpd2p4hsc26,83,7,2,0
c9be277407a8420c895887fa3f839651,2026-02-26T05:00:00Z,2026-02-26T05:15:20Z,auth,auth_enUS_labelerexp,at://did:plc:7o5j4jip7exmk7mayaeqvmu5/app.bsky.feed.post/3mfpab2xvbs27,18,1,0,0
c9be277407a8420c895887fa3f839651,2026-02-26T05:00:00Z,2026-02-26T05:15:20Z,auth,auth_enUS_labelerexp,at://did:plc:eg336dt7kyike5xkyed3iwcv/app.bsky.feed.post/3mfpa33ldwk2i,488,40,12,1
c9be277407a8420c895887fa3f839651,2026-02-26T05:00:00Z,2026-02-26T05:15:20Z,auth,auth_enUS_labelerexp,at://did:plc:g7jpc4gmlpfxzy3kuiynv366/app.bsky.feed.post/3mfp7qf5lik27,2,1,0,0
c9be277407a8420c895887fa3f839651,2026-02-26T05:00:00Z,2026-02-26T05:15:20Z,auth,auth_enUS_labelerexp,at://did:plc:2rlsyyce5jp4dwozphsadjan/app.bsky.feed.post/3mfp7i747hk2h,22,4,1,0
c9be277407a8420c895887fa3f839651,2026-02-26T05:00:00Z,2026-02-26T05:15:20Z,auth,auth_enUS_labelerexp,at://did:plc:q5c2tbr3o5dcqmuudtu6bczt/app.bsky.feed.post/3mfp7d62v7k2t,5,0,0,0
c9be277407a8420c895887fa3f839651,2026-02-26T05:00:00Z,2026-02-26T05:15:20Z,auth,auth_enUS_labelerexp,at://did:plc:g3ncxsitsol3o76ac5ses4c5/app.bsky.feed.post/3mfp7cxbcd22a,26,2,0,0
c9be277407a8420c895887fa3f839651,2026-02-26T05:00:00Z,2026-02-26T05:15:20Z,auth,auth_enUS_labelerexp,at://did:plc:egsiivckxmbrvcwuh2xwng4c/app.bsky.feed.post/3mfp755so4k2w,18,2,0,0
c9be277407a8420c895887fa3f839651,2026-02-26T05:00:00Z,2026-02-26T05:15:20Z,auth,auth_enUS_labelerexp,at://did:plc:q5c2tbr3o5dcqmuudtu6bczt/app.bsky.feed.post/3mfp6zy35ec2z,1,0,0,0
c9be277407a8420c895887fa3f839651,2026-02-26T05:00:00Z,2026-02-26T05:15:20Z,auth,auth_enUS_labelerexp,at://did:plc:to6mgdywwad2osz5nwnwfs2u/app.bsky.feed.post/3mfp5p43hfc2c,17,1,0,0
c9be277407a8420c895887fa3f839651,2026-02-26T05:00:00Z,2026-02-26T05:15:20Z,auth,auth_enUS_labelerexp,at://did:plc:hylpwar4g5l7xb54ioynl6sw/app.bsky.feed.post/3mfp5mund5c24,13,0,0,0
