run_id,snapshot_hour_utc,captured_at_utc,viewer_mode,vantage_id,feed_uri,bucket,rank,post_uri,post_cid,author_did,author_handle,reason_type,reason_actor_did
7e93e27387b44a5197c55e3b76e3bbbf,2026-02-23T00:00:00Z,2026-02-23T00:10:36Z,auth,auth_enUS_labelerexp,at://did:plc:2qlbivzvdt6hp6dwrd2sx4sf/app.bsky.feed.generator/aaaemkt7ysfq4,suggested_labelerexp,1,at://did:plc:2qlbivzvdt6hp6dwrd2sx4sf/app.bsky.feed.post/3lbbyl4mvks2i,bafyreihk44dpdpq6uvcocnpmzlkhyuus4lld5265nm557tjghoyttxpvq4,did:plc:2qlbivzvdt6hp6dwrd2sx4sf,mayawest.online,,
7e93e27387b44a5197c55e3b76e3bbbf,2026-02-23T00:00:00Z,2026-02-23T00:10:36Z,auth,auth_enUS_labelerexp,at://did:plc:2qlbivzvdt6hp6dwrd2sx4sf/app.bsky.feed.generator/aaaemkt7ysfq4,suggested_labelerexp,2,at://did:plc:2qlbivzvdt6hp6dwrd2sx4sf/app.bsky.feed.post/3lb45zzsim226,bafyreihjm36snydyhr3jeodqxlftxd2xw3rwydfkn7hbkluzinrurerolq,did:plc:2qlbivzvdt6hp6dwrd2sx4sf,mayawest.online,,
7e93e27387b44a5197c55e3b76e3bbbf,2026-02-23T00:00:00Z,2026-02-23T00:10:36Z,auth,auth_enUS_labelerexp,at://did:plc:2qlbivzvdt6hp6dwrd2sx4sf/app.bsky.feed.generator/aaaemkt7ysfq4,suggested_labelerexp,3,at://did:plc:2qlbivzvdt6hp6dwrd2sx4sf/app.bsky.feed.post/3lh67gnmvxs24,bafyreiajxubvfbsu5apao7otnsljdwotzief2vt6fqmyhk62i436np5g6i,did:plc:2qlbivzvdt6hp6dwrd2sx4sf,mayawest.online,,
7e93e27387b44a5197c55e3b76e3bbbf,2026-02-23T00:00:00Z,2026-02-23T00:10:36Z,auth,auth_enUS_labelerexp,at://did:plc:2qlbivzvdt6hp6dwrd2sx4sf/app.bsky.feed.generator/aaaemkt7ysfq4,suggested_labelerexp,4,at://did:plc:2qlbivzvdt6hp6dwrd2sx4sf/app.bsky.feed.post/3l56w4t25v62i,bafyreia6454nzuql3mci63dbne3gs2imj3e6oikhv3nejedm5j7d2pdr7i,did:plc:2qlbivzvdt6hp6dwrd2sx4sf,mayawest.online,,
7e93e27387b44a5197c55e3b76e3bbbf,2026-02-23T00:00:00Z,2026-02-23T00:10:36Z,auth,auth_enUS_labelerexp,at://did:plc:2qlbivzvdt6hp6dwrd2sx4sf/app.bsky.feed.generator/aaaemkt7ysfq4,suggested_labelerexp,5,at://did:plc:2qlbivzvdt6hp6dwrd2sx4sf/app.bsky.feed.post/3lc4ajkc6gs2s,bafyreibnzoko2e57n6d4ak4wm2oj2awhb6s4yjgjymxuj3oosnngw43q4u,did:plc:2qlbivzvdt6hp6dwrd2sx4sf,mayawest.online,,
7e93e27387b44a5197c55e3b76e3bbbf,2026-02-23T00:00:00Z,2026-02-23T00:10:36Z,auth,auth_enUS_labelerexp,at://did:plc:2qlbivzvdt6hp6dwrd2sx4sf/app.bsky.feed.generator/aaaemkt7ysfq4,suggested_labelerexp,6,at://did:plc:2qlbivzvdt6hp6dwrd2sx4sf/app.bsky.feed.post/3k4mmj4ucmy2l,bafyreiceucjyhr2yk774nuvftu3vocdw4mszlwtln32nqtenq2eeb6fejm,did:plc:2qlbivzvdt6hp6dwrd2sx4sf,mayawest.online,,
7e93e27387b44a5197c55e3b76e3bbbf,2026-02-23T00:00:00Z,2026-02-23T00:10:36Z,auth,auth_enUS_labelerexp,at://did:plc:2qlbivzvdt6hp6dwrd2sx4sf/app.bsky.feed.generator/aaaemkt7ysfq4,suggested_labelerexp,7,at://did:plc:2qlbivzvdt6hp6dwrd2sx4sf/app.bsky.feed.post/3lak7zvog3e2j,bafyreidx6cgmztnzxvqvq3q2lgr7diewclrfhxthyc4jftpnon4n45buyy,did:plc:2qlbivzvdt6hp6dwrd2sx4sf,mayawest.online,,
7e93e27387b44a5197c55e3b76e3bbbf,2026-02-23T00:00:00Z,2026-02-23T00:10:36Z,auth,auth_enUS_labelerexp,at://did:plc:2qlbivzvdt6hp6dwrd2sx4sf/app.bsky.feed.generator/aaaemkt7ysfq4,suggested_labelerexp,8,at://did:plc:2qlbivzvdt6hp6dwrd2sx4sf/app.bsky.feed.post/3llgf2hbkds26,bafyreieo3fzcbqisyh2ehwj74a2yqcekbaokpv5u6cv6pn3pbj5jfpqtby,did:plc:2qlbivzvdt6hp6dwrd2sx4sf,mayawest.online,,
7e93e27387b44a5197c55e3b76e3bbbf,2026-02-23T00:00:00Z,2026-02-23T00:10:36Z,auth,auth_enUS_labelerexp,at://did:plc:2qlbivzvdt6hp6dwrd2sx4sf/app.bsky.feed.generator/aaaemkt7ysfq4,suggested_labelerexp,9,at://did:plc:2qlbivzvdt6hp6dwrd2sx4sf/app.bsky.feed.post/3ljlgaixgbc2o,bafyreiddie26gpi2uukep6sywerr2jwpdsbgv6i5f62dc2d7htg32e3ksm,did:plc:2qlbivzvdt6hp6dwrd2sx4sf,mayawest.online,,
7e93e27387b44a5197c55e3b76e3bbbf,2026-02-23T00:00:00Z,2026-02-23T00:10:36Z,auth,auth_enUS_labelerexp,at://did:plc:2qlbivzvdt6hp6dwrd2sx4sf/app.bsky.feed.generator/aaaemkt7ysfq4,suggested_labelerexp,10,at://did:plc:2qlbivzvdt6hp6dwrd2sx4sf/app.bsky.feed.post/3kgx2uiehsu26,bafyreih7tsye6fxqwphj6eciplekhhbnjacofyxppf3cieudzswrp4v6vu,did:plc:2qlbivzvdt6hp6dwrd2sx4sf,mayawest.online,,
7e93e27387b44a5197c55e3b76e3bbbf,2026-02-23T00:00:00Z,2026-02-23T00:10:36Z,auth,auth_enUS_labelerexp,at://did:plc:2qlbivzvdt6hp6dwrd2sx4sf/app.bsky.feed.generator/aaaemkt7ysfq4,suggested_labelerexp,11,at://did:plc:2qlbivzvdt6hp6dwrd2sx4sf/app.bsky.feed.post/3lbfg7b6p522h,bafyreiepbhrdbyk4khqvgvmp4dqnrsvlbgw6tn4ru2p5juzgskr7otrz2m,did:plc:2qlbivzvdt6hp6dwrd2sx4sf,mayawest.online,,
7e93e27387b44a5197c55e3b76e3bbbf,2026-02-23T00:00:00Z,2026-02-23T00:10:36Z,auth,auth_enUS_labelerexp,at://did:plc:2qlbivzvdt6hp6dwrd2sx4sf/app.bsky.feed.generator/aaaemkt7ysfq4,suggested_labelerexp,12,at://did:plc:2qlbivzvdt6hp6dwrd2sx4sf/app.bsky.feed.post/3kds3pn33nd2o,bafyreifx6tim5qk4lvwoe2qxwvhiumxuh3jnbaskpur6nspbnfefc4qqju,did:plc:2qlbivzvdt6hp6dwrd2sx4sf,mayawest.online,,
7e93e27387b44a5197c55e3b76e3bbbf,2026-02-23T00:00:00Z,2026-02-23T00:10:36Z,auth,auth_enUS_labelerexp,at://did:plc:2qlbivzvdt6hp6dwrd2sx4sf/app.bsky.feed.generator/aaaemkt7ysfq4,suggested_labelerexp,13,at://did:plc:2qlbivzvdt6hp6dwrd2sx4sf/app.bsky.feed.post/3l6rqudxthn24,bafyreidv6hrxbimukdt2phcdmtbn4g6n7vwncbra7a6aolxxdcqcbm74i4,did:plc:2qlbivzvdt6hp6dwrd2sx4sf,mayawest.online,,
7e93e27387b44a5197c55e3b76e3bbbf,2026-02-23T00:00:00Z,2026-02-23T00:10:36Z,auth,auth_enUS_labelerexp,at://did:plc:2qlbivzvdt6hp6dwrd2sx4sf/app.bsky.feed.generator/aaaemkt7ysfq4,suggested_labelerexp,14,at://did:plc:2qlbivzvdt6hp6dwrd2sx4sf/app.bsky.feed.post/3kborhwj6272y,bafyreicdfvg5dyl3s5uqz7qkab7tzasb4hghoqxst7pzfafykgynehf5aa,did:plc:2qlbivzvdt6hp6dwrd2sx4sf,mayawest.online,,
7e93e27387b44a5197c55e3b76e3bbbf,2026-02-23T00:00:00Z,2026-02-23T00:10:36Z,auth,auth_enUS_labelerexp,at://did:plc:2qlbivzvdt6hp6dwrd2sx4sf/app.bsky.feed.generator/aaaemkt7ysfq4,suggested_labelerexp,15,at://did:plc:2qlbivzvdt6hp6dwrd2sx4sf/app.bsky.feed.post/3kbe2qfpjqd2u,bafyreibsp3xyoatdkadopvlco4w7m6m7fgqpwo3qorovoh2tdopkqhyvsy,did:plc:2qlbivzvdt6hp6dwrd2sx4sf,mayawest.online,,
7e93e27387b44a5197c55e3b76e3bbbf,2026-02-23T00:00:00Z,2026-02-23T00:10:36Z,auth,auth_enUS_labelerexp,at://did:plc:2qlbivzvdt6hp6dwrd2sx4sf/app.bsky.feed.generator/aaaemkt7ysfq4,suggested_labelerexp,16,at://did:plc:2qlbivzvdt6hp6dwrd2sx4sf/app.bsky.feed.post/3kuctlhg77t2o,bafyreifjrf7oazunzmk536hpjr45wayxrsj6a5ikpx5nxifja7vblznqdu,did:plc:2qlbivzvdt6hp6dwrd2sx4sf,mayawest.online,,
7e93e27387b44a5197c55e3b76e3bbbf,2026-02-23T00:00:00Z,2026-02-23T00:10:36Z,auth,auth_enUS_labelerexp,at://did:plc:2qlbivzvdt6hp6dwrd2sx4sf/app.bsky.feed.generator/aaaemkt7ysfq4,suggested_labelerexp,17,at://did:plc:2qlbivzvdt6hp6dwrd2sx4sf/app.bsky.feed.post/3lazg6njyfk2e,bafyreihqw26mrtf2l2qiad6qk4tw54qepzkysvax7a2mcktydmtnotgdoa,did:plc:2qlbivzvdt6hp6dwrd2sx4sf,mayawest.online,,
7e93e27387b44a5197c55e3b76e3bbbf,2026-02-23T00:00:00Z,2026-02-23T00:10:36Z,auth,auth_enUS_labelerexp,at://did:plc:2qlbivzvdt6hp6dwrd2sx4sf/app.bsky.feed.generator/aaaemkt7ysfq4,suggested_labelerexp,18,at://did:plc:2qlbivzvdt6hp6dwrd2sx4sf/app.bsky.feed.post/3llbb5m6tfc2i,bafyreih4vtt34wfdimj72qpu5uccfrtou2prq5vz7wt54fabr4z6l4napa,did:plc:2qlbivzvdt6hp6dwrd2sx4sf,mayawest.online,,
7e93e27387b44a5197c55e3b76e3bbbf,2026-02-23T00:00:00Z,2026-02-23T00:10:36Z,auth,auth_enUS_labelerexp,at://did:plc:2qlbivzvdt6hp6dwrd2sx4sf/app.bsky.feed.generator/aaaemkt7ysfq4,suggested_labelerexp,19,at://did:plc:2qlbivzvdt6hp6dwrd2sx4sf/app.bsky.feed.post/3ktxw62lguk26,bafyreihnnxivjaqa66k7y7lw5axraak4qehnfubat5cl2aicckesg6hpdm,did:plc:2qlbivzvdt6hp6dwrd2sx4sf,mayawest.online,,
7e93e27387b44a5197c55e3b76e3bbbf,2026-02-23T00:00:00Z,2026-02-23T00:10:36Z,auth,auth_enUS_labelerexp,at://did:plc:2qlbivzvdt6hp6dwrd2sx4sf/app.bsky.feed.generator/aaaemkt7ysfq4,suggested_labelerexp,20,at://did:plc:2qlbivzvdt6hp6dwrd2sx4sf/app.bsky.feed.post/3ldzgnj5oe227,bafyreiclcdr5xhj7ht4jswxauf6wdsfgu5v3wufrktznuumihn2qevnlde,did:plc:2qlbivzvdt6hp6dwrd2sx4sf,mayawest.online,,
7e93e27387b44a5197c55e3b76e3bbbf,2026-02-23T00:00:00Z,2026-02-23T00:10:36Z,auth,auth_enUS_labelerexp,at://did:plc:2qlbivzvdt6hp6dwrd2sx4sf/app.bsky.feed.generator/aaaemkt7ysfq4,suggested_labelerexp,21,at://did:plc:2qlbivzvdt6hp6dwrd2sx4sf/app.bsky.feed.post/3lcfngjnni22n,bafyreiaqgykemvunyobpx5izj7blaquormlmsakdecu3skhnzv2sngftte,did:plc:2qlbivzvdt6hp6dwrd2sx4sf,mayawest.online,,
7e93e27387b44a5197c55e3b76e3bbbf,2026-02-23T00:00:00Z,2026-02-23T00:10:36Z,auth,auth_enUS_labelerexp,at://did:plc:2qlbivzvdt6hp6dwrd2sx4sf/app.bsky.feed.generator/aaaemkt7ysfq4,suggested_labelerexp,22,at://did:plc:2qlbivzvdt6hp6dwrd2sx4sf/app.bsky.feed.post/3l5tyrvmxai2o,bafyreic2bnnp5u2fcub2so4lcykmcltwfp32pval37hxbqeuien5p3jz6u,did:plc:2qlbivzvdt6hp6dwrd2sx4sf,mayawest.online,,
7e93e27387b44a5197c55e3b76e3bbbf,2026-02-23T00:00:00Z,2026-02-23T00:10:36Z,auth,auth_enUS_labelerexp,at://did:plc:2qlbivzvdt6hp6dwrd2sx4sf/app.bsky.feed.generator/aaaemkt7ysfq4,suggested_labelerexp,23,at://did:plc:2qlbivzvdt6hp6dwrd2sx4sf/app.bsky.feed.post/3ldusufwjis2k,bafyreih46rrmaj6rujm37ea4eirpgcf7lfussxmpk7cku2pqi5j7hhg2va,did:plc:2qlbivzvdt6hp6dwrd2sx4sf,mayawest.online,,
7e93e27387b44a5197c55e3b76e3bbbf,2026-02-23T00:00:00Z,2026-02-23T00:10:36Z,auth,auth_enUS_labelerexp,at://did:plc:2qlbivzvdt6hp6dwrd2sx4sf/app.bsky.feed.generator/aaaemkt7ysfq4,suggested_labelerexp,24,at://did:plc:2qlbivzvdt6hp6dwrd2sx4sf/app.bsky.feed.post/3lkeprtjnkc2c,bafyreidr2rgeu26hj7q4c45z3docqsailcv4c2z3ezgllgd3bwekllqsri,did:plc:2qlbivzvdt6hp6dwrd2sx4sf,mayawest.online,,
7e93e27387b44a5197c55e3b76e3bbbf,2026-02-23T00:00:00Z,2026-02-23T00:10:36Z,auth,auth_enUS_labelerexp,at://did:plc:2qlbivzvdt6hp6dwrd2sx4sf/app.bsky.feed.generator/aaaemkt7ysfq4,suggested_labelerexp,25,at://did:plc:2qlbivzvdt6hp6dwrd2sx4sf/app.bsky.feed.post/3lfcnydmjs22r,bafyreidsdtq3pkayfqy3amdzakogjr6euqayt27tmcuv7pfeqhomjrwkra,did:plc:2qlbivzvdt6hp6dwrd2sx4sf,mayawest.online,,
7e93e27387b44a5197c55e3b76e3bbbf,2026-02-23T00:00:00Z,2026-02-23T00:10:36Z,auth,auth_enUS_labelerexp,at://did:plc:2qlbivzvdt6hp6dwrd2sx4sf/app.bsky.feed.generator/aaaemkt7ysfq4,suggested_labelerexp,26,at://did:plc:2qlbivzvdt6hp6dwrd2sx4sf/app.bsky.feed.post/3l5qhh7nksz2q,bafyreifcu7pch3i3ihgwy3e3zmgbhxl73bnarmdytjwnnjwaia6lqasuwq,did:plc:2qlbivzvdt6hp6dwrd2sx4sf,mayawest.online,,
7e93e27387b44a5197c55e3b76e3bbbf,2026-02-23T00:00:00Z,2026-02-23T00:10:36Z,auth,auth_enUS_labelerexp,at://did:plc:2qlbivzvdt6hp6dwrd2sx4sf/app.bsky.feed.generator/aaaemkt7ysfq4,suggested_labelerexp,27,at://did:plc:2qlbivzvdt6hp6dwrd2sx4sf/app.bsky.feed.post/3ltfgsq5r2224,bafyreihpjroozg233pzk4t6obgoozdnzmzpcogcw52kh5khtf7j2urk5ca,did:plc:2qlbivzvdt6hp6dwrd2sx4sf,mayawest.online,,
7e93e27387b44a5197c55e3b76e3bbbf,2026-02-23T00:00:00Z,2026-02-23T00:10:36Z,auth,auth_enUS_labelerexp,at://did:plc:2qlbivzvdt6hp6dwrd2sx4sf/app.bsky.feed.generator/aaaemkt7ysfq4,suggested_labelerexp,28,at://did:plc:2qlbivzvdt6hp6dwrd2sx4sf/app.bsky.feed.post/3lfhxxdwtac2r,bafyreiaa6tycj2nqj3so4vnjavhgy5nhkv7bj23cnkgirzeoyzwfwdpj7a,did:plc:2qlbivzvdt6hp6dwrd2sx4sf,mayawest.online,,
7e93e27387b44a5197c55e3b76e3bbbf,2026-02-23T00:00:00Z,2026-02-23T00:10:36Z,auth,auth_enUS_labelerexp,at://did:plc:2qlbivzvdt6hp6dwrd2sx4sf/app.bsky.feed.generator/aaaemkt7ysfq4,suggested_labelerexp,29,at://did:plc:2qlbivzvdt6hp6dwrd2sx4sf/app.bsky.feed.post/3lbqx3g6stk2y,bafyreidvcre2kxwl5ktuprcyskflih5kcavwg7xvib5lxz5txmcl3yklm4,did:plc:2qlbivzvdt6hp6dwrd2sx4sf,mayawest.online,,
7e93e27387b44a5197c55e3b76e3bbbf,2026-02-23T00:00:00Z,2026-02-23T00:10:36Z,auth,auth_enUS_labelerexp,at://did:plc:2qlbivzvdt6hp6dwrd2sx4sf/app.bsky.feed.generator/aaaemkt7ysfq4,suggested_labelerexp,30,at://did:plc:2qlbivzvdt6hp6dwrd2sx4sf/app.bsky.feed.post/3k5tjfwr4oq2x,bafyreibbjm6dy2szp5gvq55wis6x6mfml32lxplz2czgnpuavrtvnxkewe,did:plc:2qlbivzvdt6hp6dwrd2sx4sf,mayawest.online,,
7e93e27387b44a5197c55e3b76e3bbbf,2026-02-23T00:00:00Z,2026-02-23T00:10:36Z,auth,auth_enUS_labelerexp,at://did:plc:2qlbivzvdt6hp6dwrd2sx4sf/app.bsky.feed.generator/aaaemkt7ysfq4,suggested_labelerexp,31,at://did:plc:2qlbivzvdt6hp6dwrd2sx4sf/app.bsky.feed.post/3mcjx77y4oc2b,bafyreigjdsxdgkgfssm6qfzvwfqs43cgseqohpz7uzeppsyasn6dvgphva,did:plc:2qlbivzvdt6hp6dwrd2sx4sf,mayawest.online,,
7e93e27387b44a5197c55e3b76e3bbbf,2026-02-23T00:00:00Z,2026-02-23T00:10:36Z,auth,auth_enUS_labelerexp,at://did:plc:2qlbivzvdt6hp6dwrd2sx4sf/app.bsky.feed.generator/aaaemkt7ysfq4,suggested_labelerexp,32,at://did:plc:2qlbivzvdt6hp6dwrd2sx4sf/app.bsky.feed.post/3lbtbawirtc26,bafyreicuf35vl6jil4v3iyj5mhbpsv4wwm7fygj3lp6harr5wrsecmlzai,did:plc:2qlbivzvdt6hp6dwrd2sx4sf,mayawest.online,,
7e93e27387b44a5197c55e3b76e3bbbf,2026-02-23T00:00:00Z,2026-02-23T00:10:36Z,auth,auth_enUS_labelerexp,at://did:plc:2qlbivzvdt6hp6dwrd2sx4sf/app.bsky.feed.generator/aaaemkt7ysfq4,suggested_labelerexp,33,at://did:plc:2qlbivzvdt6hp6dwrd2sx4sf/app.bsky.feed.post/3laivyzb7ls2w,bafyreid4z7knhethe4bwlaawbb3e4di2j7vksfvov4ihjfw2ei2ze3daku,did:plc:2qlbivzvdt6hp6dwrd2sx4sf,mayawest.online,,
7e93e27387b44a5197c55e3b76e3bbbf,2026-02-23T00:00:00Z,2026-02-23T00:10:36Z,auth,auth_enUS_labelerexp,at://did:plc:2qlbivzvdt6hp6dwrd2sx4sf/app.bsky.feed.generator/aaaemkt7ysfq4,suggested_labelerexp,34,at://did:plc:2qlbivzvdt6hp6dwrd2sx4sf/app.bsky.feed.post/3lcx2id36c22i,bafyreibtru3dsz6vyktrne4lsm5ee2t36voecm4iajb4xrzeprtegb5vv4,did:plc:2qlbivzvdt6hp6dwrd2sx4sf,mayawest.online,,
7e93e27387b44a5197c55e3b76e3bbbf,2026-02-23T00:00:00Z,2026-02-23T00:10:36Z,auth,auth_enUS_labelerexp,at://did:plc:2qlbivzvdt6hp6dwrd2sx4sf/app.bsky.feed.generator/aaaemkt7ysfq4,suggested_labelerexp,35,at://did:plc:2qlbivzvdt6hp6dwrd2sx4sf/app.bsky.feed.post/3ldpdntffsk2j,bafyreiei2skppzr2fcpna2g6bo5okfjivkovdelkm32gmtzcm3kjxpgvna,did:plc:2qlbivzvdt6hp6dwrd2sx4sf,mayawest.online,,
7e93e27387b44a5197c55e3b76e3bbbf,2026-02-23T00:00:00Z,2026-02-23T00:10:36Z,auth,auth_enUS_labelerexp,at://did:plc:2qlbivzvdt6hp6dwrd2sx4sf/app.bsky.feed.generator/aaaemkt7ysfq4,suggested_labelerexp,36,at://did:plc:2qlbivzvdt6hp6dwrd2sx4sf/app.bsky.feed.post/3llk5tikzsk24,bafyreic3jgw37vzm6s4wxr4db4ept73uvmarr6glxyuirh5kqaw6nzxlaq,did:plc:2qlbivzvdt6hp6dwrd2sx4sf,mayawest.online,,
7e93e27387b44a5197c55e3b76e3bbbf,2026-02-23T00:00:00Z,2026-02-23T00:10:36Z,auth,auth_enUS_labelerexp,at://did:plc:2qlbivzvdt6hp6dwrd2sx4sf/app.bsky.feed.generator/aaaemkt7ysfq4,suggested_labelerexp,37,at://did:plc:2qlbivzvdt6hp6dwrd2sx4sf/app.bsky.feed.post/3lhn4t7wouc2v,bafyreihriz4oajrxjdk54syybjflare2i37hk3e4x4aztml424m72rhqce,did:plc:2qlbivzvdt6hp6dwrd2sx4sf,mayawest.online,,
7e93e27387b44a5197c55e3b76e3bbbf,2026-02-23T00:00:00Z,2026-02-23T00:10:36Z,auth,auth_enUS_labelerexp,at://did:plc:2qlbivzvdt6hp6dwrd2sx4sf/app.bsky.feed.generator/aaaemkt7ysfq4,suggested_labelerexp,38,at://did:plc:2qlbivzvdt6hp6dwrd2sx4sf/app.bsky.feed.post/3k7fmxxzpvu2r,bafyreielelhfjiihila66423kmqwh23ct3oavqtqzffferyklcjuqf7jmy,did:plc:2qlbivzvdt6hp6dwrd2sx4sf,mayawest.online,,
7e93e27387b44a5197c55e3b76e3bbbf,2026-02-23T00:00:00Z,2026-02-23T00:10:36Z,auth,auth_enUS_labelerexp,at://did:plc:2qlbivzvdt6hp6dwrd2sx4sf/app.bsky.feed.generator/aaaemkt7ysfq4,suggested_labelerexp,39,at://did:plc:2qlbivzvdt6hp6dwrd2sx4sf/app.bsky.feed.post/3kctvhdi35223,bafyreidsigkso2hxgrmec6takqkqf24ppganwt3b24yq3b2twhqvxpb5qm,did:plc:2qlbivzvdt6hp6dwrd2sx4sf,mayawest.online,,
7e93e27387b44a5197c55e3b76e3bbbf,2026-02-23T00:00:00Z,2026-02-23T00:10:36Z,auth,auth_enUS_labelerexp,at://did:plc:2qlbivzvdt6hp6dwrd2sx4sf/app.bsky.feed.generator/aaaemkt7ysfq4,suggested_labelerexp,40,at://did:plc:2qlbivzvdt6hp6dwrd2sx4sf/app.bsky.feed.post/3lckdybqapk2t,bafyreif34qmms33faphgv3o55dezkl3csz3tcszx2l4dbajkgyoxy763hu,did:plc:2qlbivzvdt6hp6dwrd2sx4sf,mayawest.online,,
7e93e27387b44a5197c55e3b76e3bbbf,2026-02-23T00:00:00Z,2026-02-23T00:10:36Z,auth,auth_enUS_labelerexp,at://did:plc:2qlbivzvdt6hp6dwrd2sx4sf/app.bsky.feed.generator/aaaemkt7ysfq4,suggested_labelerexp,41,at://did:plc:2qlbivzvdt6hp6dwrd2sx4sf/app.bsky.feed.post/3knaendknr72b,bafyreibt4gub3ejtxxzhgxh2de3vgy635qklq6pzrg66ohnxt7omjltuhi,did:plc:2qlbivzvdt6hp6dwrd2sx4sf,mayawest.online,,
7e93e27387b44a5197c55e3b76e3bbbf,2026-02-23T00:00:00Z,2026-02-23T00:10:36Z,auth,auth_enUS_labelerexp,at://did:plc:2qlbivzvdt6hp6dwrd2sx4sf/app.bsky.feed.generator/aaaemkt7ysfq4,suggested_labelerexp,42,at://did:plc:2qlbivzvdt6hp6dwrd2sx4sf/app.bsky.feed.post/3la4tt6j3qu2f,bafyreif7rc7zm3scxmy2reap3tfrnl2m3bapevkmogqaymknleiupk4qiu,did:plc:2qlbivzvdt6hp6dwrd2sx4sf,mayawest.online,,
7e93e27387b44a5197c55e3b76e3bbbf,2026-02-23T00:00:00Z,2026-02-23T00:10:36Z,auth,auth_enUS_labelerexp,at://did:plc:2qlbivzvdt6hp6dwrd2sx4sf/app.bsky.feed.generator/aaaemkt7ysfq4,suggested_labelerexp,43,at://did:plc:2qlbivzvdt6hp6dwrd2sx4sf/app.bsky.feed.post/3lbsrtbrcec2d,bafyreienxyk4anhaeudcrwkvf6xes3unxvc74vgl7gx5fs74h7t4scwypi,did:plc:2qlbivzvdt6hp6dwrd2sx4sf,mayawest.online,,
7e93e27387b44a5197c55e3b76e3bbbf,2026-02-23T00:00:00Z,2026-02-23T00:10:36Z,auth,auth_enUS_labelerexp,at://did:plc:2qlbivzvdt6hp6dwrd2sx4sf/app.bsky.feed.generator/aaaemkt7ysfq4,suggested_labelerexp,44,at://did:plc:2qlbivzvdt6hp6dwrd2sx4sf/app.bsky.feed.post/3lape557qas2r,bafyreigy72dcmbw4gig74gxwga5xxn3elshszhtepyfmuevks6uv4rc5fe,did:plc:2qlbivzvdt6hp6dwrd2sx4sf,mayawest.online,,
7e93e27387b44a5197c55e3b76e3bbbf,2026-02-23T00:00:00Z,2026-02-23T00:10:36Z,auth,auth_enUS_labelerexp,at://did:plc:2qlbivzvdt6hp6dwrd2sx4sf/app.bsky.feed.generator/aaaemkt7ysfq4,suggested_labelerexp,45,at://did:plc:2qlbivzvdt6hp6dwrd2sx4sf/app.bsky.feed.post/3komm27s3rl2g,bafyreiagm3m73v7joxlpugdl775trgkoneh43cmalendf3toljaxcu34v4,did:plc:2qlbivzvdt6hp6dwrd2sx4sf,mayawest.online,,
7e93e27387b44a5197c55e3b76e3bbbf,2026-02-23T00:00:00Z,2026-02-23T00:10:36Z,auth,auth_enUS_labelerexp,at://did:plc:2qlbivzvdt6hp6dwrd2sx4sf/app.bsky.feed.generator/aaaemkt7ysfq4,suggested_labelerexp,46,at://did:plc:2qlbivzvdt6hp6dwrd2sx4sf/app.bsky.feed.post/3lc5oz5q2hc2d,bafyreihs4cyvz4awpywmbydagfa4rt5yute25oo3watnaryjmdii3hpbgu,did:plc:2qlbivzvdt6hp6dwrd2sx4sf,mayawest.online,,
7e93e27387b44a5197c55e3b76e3bbbf,2026-02-23T00:00:00Z,2026-02-23T00:10:36Z,auth,auth_enUS_labelerexp,at://did:plc:2qlbivzvdt6hp6dwrd2sx4sf/app.bsky.feed.generator/aaaemkt7ysfq4,suggested_labelerexp,47,at://did:plc:2qlbivzvdt6hp6dwrd2sx4sf/app.bsky.feed.post/3lpt55kykec23,bafyreihhe2ofcaqy4yuuozqakqinoxdf7ma46zxrxasnsxyslsuuxwkjhq,did:plc:2qlbivzvdt6hp6dwrd2sx4sf,mayawest.online,,
7e93e27387b44a5197c55e3b76e3bbbf,2026-02-23T00:00:00Z,2026-02-23T00:10:36Z,auth,auth_enUS_labelerexp,at://did:plc:2qlbivzvdt6hp6dwrd2sx4sf/app.bsky.feed.generator/aaaemkt7ysfq4,suggested_labelerexp,48,at://did:plc:2qlbivzvdt6hp6dwrd2sx4sf/app.bsky.feed.post/3l7hiy566qd2f,bafyreifgw3t7vlmal3w33dcp5updsd6ifbk4jizykufkpfbsfcovnrgk7q,did:plc:2qlbivzvdt6hp6dwrd2sx4sf,mayawest.online,,
7e93e27387b44a5197c55e3b76e3bbbf,2026-02-23T00:00:00Z,2026-02-23T00:10:36Z,auth,auth_enUS_labelerexp,at://did:plc:2qlbivzvdt6hp6dwrd2sx4sf/app.bsky.feed.generator/aaaemkt7ysfq4,suggested_labelerexp,49,at://did:plc:2qlbivzvdt6hp6dwrd2sx4sf/app.bsky.feed.post/3lade3k7kpv2j,bafyreibb5hrncdr5okc5s2yqzqha7pej3qpudtp4cqmtc4xvfi5tlv5acm,did:plc:2qlbivzvdt6hp6dwrd2sx4sf,mayawest.online,,
7e93e27387b44a5197c55e3b76e3bbbf,2026-02-23T00:00:00Z,2026-02-23T00:10:36Z,auth,auth_enUS_labelerexp,at://did:plc:2qlbivzvdt6hp6dwrd2sx4sf/app.bsky.feed.generator/aaaemkt7ysfq4,suggested_labelerexp,50,at://did:plc:2qlbivzvdt6hp6dwrd2sx4sf/app.bsky.feed.post/3lmkirrnwgc2a,bafyreicvjsl4j3nt72vixpbvgh67ugkpxc55i2koefjpliuwf4lns4ipui,did:plc:2qlbivzvdt6hp6dwrd2sx4sf,mayawest.online,,
7e93e27387b44a5197c55e3b76e3bbbf,2026-02-23T00:00:00Z,2026-02-23T00:10:37Z,auth,auth_enUS_labelerexp,at://did:plc:4jrld6fwpnwqehtce56qshzv/app.bsky.feed.generator/game-dev,suggested_labelerexp,1,at://did:plc:bbfrraezrotv4ycy4kkbwodj/app.bsky.feed.post/3mfied2r5mc2z,bafyreie464t5do6q6mfy5opgtym67hjsszt4q66t64s2cc3qic2p4cdxrm,did:plc:bbfrraezrotv4ycy4kkbwodj,pricelessmadeline.bsky.social,,
7e93e27387b44a5197c55e3b76e3bbbf,2026-02-23T00:00:00Z,2026-02-23T00:10:37Z,auth,auth_enUS_labelerexp,at://did:plc:4jrld6fwpnwqehtce56qshzv/app.bsky.feed.generator/game-dev,suggested_labelerexp,2,at://did:plc:booukmxyzqhn63d2x2ft7u2u/app.bsky.feed.post/3mfieclvbe22t,bafyreif6vqfoyjufyb3idja3aoywugz56iedbqdlumk4rc5tceilufshee,did:plc:booukmxyzqhn63d2x2ft7u2u,geogrify.bsky.social,,
7e93e27387b44a5197c55e3b76e3bbbf,2026-02-23T00:00:00Z,2026-02-23T00:10:37Z,auth,auth_enUS_labelerexp,at://did:plc:4jrld6fwpnwqehtce56qshzv/app.bsky.feed.generator/game-dev,suggested_labelerexp,3,at://did:plc:3ibj5lyghwtd44ykjizyordb/app.bsky.feed.post/3mfie54evps2e,bafyreihpbwyuavil4zqofnunrgsv2hqpbbmi6wbcabcamj2rbvltlhcneu,did:plc:3ibj5lyghwtd44ykjizyordb,kidjenius.bsky.social,,
7e93e27387b44a5197c55e3b76e3bbbf,2026-02-23T00:00:00Z,2026-02-23T00:10:37Z,auth,auth_enUS_labelerexp,at://did:plc:4jrld6fwpnwqehtce56qshzv/app.bsky.feed.generator/game-dev,suggested_labelerexp,4,at://did:plc:bfquzcx2n5ltquupi7uztfv5/app.bsky.feed.post/3mfie442nzc2g,bafyreiadyfm5xeiepk5g2vsdzhyds2modzymsbgr4qk3p75ibh6eufwk5m,did:plc:bfquzcx2n5ltquupi7uztfv5,zdoomwars2.bsky.social,,
7e93e27387b44a5197c55e3b76e3bbbf,2026-02-23T00:00:00Z,2026-02-23T00:10:37Z,auth,auth_enUS_labelerexp,at://did:plc:4jrld6fwpnwqehtce56qshzv/app.bsky.feed.generator/game-dev,suggested_labelerexp,5,at://did:plc:kzx2gue7w3oiiy6mv3se3jfm/app.bsky.feed.post/3mfidzgxmd22a,bafyreifmlsa2dzovumirfpdt4rwtdhputrtovoibgv2nh2mzo5sm64yxdm,did:plc:kzx2gue7w3oiiy6mv3se3jfm,elnarez.bsky.social,,
7e93e27387b44a5197c55e3b76e3bbbf,2026-02-23T00:00:00Z,2026-02-23T00:10:37Z,auth,auth_enUS_labelerexp,at://did:plc:4jrld6fwpnwqehtce56qshzv/app.bsky.feed.generator/game-dev,suggested_labelerexp,6,at://did:plc:meg3nzwxmfn5o7bhnymch33o/app.bsky.feed.post/3mfidy64j6c22,bafyreifd7j554nitr54pizylgynf6g54szcsekknpfwawxrfcfetjyukoa,did:plc:meg3nzwxmfn5o7bhnymch33o,jayde.callejas.xyz,,
7e93e27387b44a5197c55e3b76e3bbbf,2026-02-23T00:00:00Z,2026-02-23T00:10:37Z,auth,auth_enUS_labelerexp,at://did:plc:4jrld6fwpnwqehtce56qshzv/app.bsky.feed.generator/game-dev,suggested_labelerexp,7,at://did:plc:p6mbu6h2py4t5wh5xzlpkeqe/app.bsky.feed.post/3mfiducczls2y,bafyreiam5cdxjoclwvz72palvkussvq4ovjzrppklddroimjeuhfucgqce,did:plc:p6mbu6h2py4t5wh5xzlpkeqe,mewhi.house,,
7e93e27387b44a5197c55e3b76e3bbbf,2026-02-23T00:00:00Z,2026-02-23T00:10:37Z,auth,auth_enUS_labelerexp,at://did:plc:4jrld6fwpnwqehtce56qshzv/app.bsky.feed.generator/game-dev,suggested_labelerexp,8,at://did:plc:m7zqewdohqpeizk5zzrsqkdj/app.bsky.feed.post/3mfidtyn2nv2a,bafyreierd3z5gt77cuy5wjfjerbm7wegvwz2g4cjwj5km5y7xhpt5a4qqm,did:plc:m7zqewdohqpeizk5zzrsqkdj,ahoge-info.bsky.social,,
7e93e27387b44a5197c55e3b76e3bbbf,2026-02-23T00:00:00Z,2026-02-23T00:10:37Z,auth,auth_enUS_labelerexp,at://did:plc:4jrld6fwpnwqehtce56qshzv/app.bsky.feed.generator/game-dev,suggested_labelerexp,9,at://did:plc:dt632gh5iwrowvzgmjsw4vti/app.bsky.feed.post/3mfidte3ues2w,bafyreietfdj5v7zrw5orvit5dow4gz7mvba4ac6pv5xcjzocxs426ofi7a,did:plc:dt632gh5iwrowvzgmjsw4vti,aegon5.bsky.social,,
7e93e27387b44a5197c55e3b76e3bbbf,2026-02-23T00:00:00Z,2026-02-23T00:10:37Z,auth,auth_enUS_labelerexp,at://did:plc:4jrld6fwpnwqehtce56qshzv/app.bsky.feed.generator/game-dev,suggested_labelerexp,10,at://did:plc:zxbljvq2f2ltr4wh455c5h6l/app.bsky.feed.post/3mfids4zeqs24,bafyreibfjejod2edhsvpluhrfexoiynttbrj26j57fn6rfppcsotesphou,did:plc:zxbljvq2f2ltr4wh455c5h6l,keepernovaice.bsky.social,,
7e93e27387b44a5197c55e3b76e3bbbf,2026-02-23T00:00:00Z,2026-02-23T00:10:37Z,auth,auth_enUS_labelerexp,at://did:plc:4jrld6fwpnwqehtce56qshzv/app.bsky.feed.generator/game-dev,suggested_labelerexp,11,at://did:plc:pxyeilwlkgk56jbo7zj4ggvf/app.bsky.feed.post/3mfidr5iar226,bafyreifwikl4nt2nnzkcrjovxtqjjl6o7hwv7dzvek2athrehrhhh7er64,did:plc:pxyeilwlkgk56jbo7zj4ggvf,jellywafflelabs.com,,
7e93e27387b44a5197c55e3b76e3bbbf,2026-02-23T00:00:00Z,2026-02-23T00:10:37Z,auth,auth_enUS_labelerexp,at://did:plc:4jrld6fwpnwqehtce56qshzv/app.bsky.feed.generator/game-dev,suggested_labelerexp,12,at://did:plc:vt7kdpg652a4lcmlqbuu7ced/app.bsky.feed.post/3mfidq36ukc22,bafyreihuhe26f72anpzzm7houbtqexk4axnehzojrvq2kis22n4zmyamzu,did:plc:vt7kdpg652a4lcmlqbuu7ced,neon-brain.itch.io,,
7e93e27387b44a5197c55e3b76e3bbbf,2026-02-23T00:00:00Z,2026-02-23T00:10:37Z,auth,auth_enUS_labelerexp,at://did:plc:4jrld6fwpnwqehtce56qshzv/app.bsky.feed.generator/game-dev,suggested_labelerexp,13,at://did:plc:uaaq53xo25ujqcrvshehp4ud/app.bsky.feed.post/3mfidofnmdc25,bafyreia5xc4s4hxrya4odxpjqg6wbtx63mn7qi2kt5o27umqoqrkidllza,did:plc:uaaq53xo25ujqcrvshehp4ud,moishegrosh.com,,
7e93e27387b44a5197c55e3b76e3bbbf,2026-02-23T00:00:00Z,2026-02-23T00:10:37Z,auth,auth_enUS_labelerexp,at://did:plc:4jrld6fwpnwqehtce56qshzv/app.bsky.feed.generator/game-dev,suggested_labelerexp,14,at://did:plc:lc63vwpjc3nzek7ainpkokhc/app.bsky.feed.post/3mfidnjpiys2x,bafyreigma6gefippvuqbbwqiedo5kf44n3jsz3h5fl77ardiemr6wk5wti,did:plc:lc63vwpjc3nzek7ainpkokhc,crayonixgames.com,,
7e93e27387b44a5197c55e3b76e3bbbf,2026-02-23T00:00:00Z,2026-02-23T00:10:37Z,auth,auth_enUS_labelerexp,at://did:plc:4jrld6fwpnwqehtce56qshzv/app.bsky.feed.generator/game-dev,suggested_labelerexp,15,at://did:plc:dtynogpjzmto26xofw2kr5j7/app.bsky.feed.post/3mfidhrpd4s2f,bafyreifeuprdexp66g4rl3pprprawhkl74mtwpvjlhvxw4ium63wvfnv64,did:plc:dtynogpjzmto26xofw2kr5j7,lsuavfx.bsky.social,,
7e93e27387b44a5197c55e3b76e3bbbf,2026-02-23T00:00:00Z,2026-02-23T00:10:37Z,auth,auth_enUS_labelerexp,at://did:plc:4jrld6fwpnwqehtce56qshzv/app.bsky.feed.generator/game-dev,suggested_labelerexp,16,at://did:plc:kegmd54zezjgucvgi4qvmhtn/app.bsky.feed.post/3mfidgmgtx22l,bafyreidmbhzrsubnobadqqwdxono4vqav5mkecdtrhv6s73qhccevxmhae,did:plc:kegmd54zezjgucvgi4qvmhtn,fantasyonline2.com,,
7e93e27387b44a5197c55e3b76e3bbbf,2026-02-23T00:00:00Z,2026-02-23T00:10:37Z,auth,auth_enUS_labelerexp,at://did:plc:4jrld6fwpnwqehtce56qshzv/app.bsky.feed.generator/game-dev,suggested_labelerexp,17,at://did:plc:jfoh3lcbrrtqffgkorrxji4y/app.bsky.feed.post/3mfidg452ok25,bafyreidvhjt2hqkmesm6h6gkcov5wezmt6pmm3jrvfzwwdyu6crfngbfjm,did:plc:jfoh3lcbrrtqffgkorrxji4y,capncococharms.bsky.social,,
7e93e27387b44a5197c55e3b76e3bbbf,2026-02-23T00:00:00Z,2026-02-23T00:10:37Z,auth,auth_enUS_labelerexp,at://did:plc:4jrld6fwpnwqehtce56qshzv/app.bsky.feed.generator/game-dev,suggested_labelerexp,18,at://did:plc:hjvqjip7u7flic5jnd4bq7hz/app.bsky.feed.post/3mfid72teps2h,bafyreifrx5b2cz7vnyf2mv4xdckqu4il25lalpmbveqr2vu7tiz2xbxs3u,did:plc:hjvqjip7u7flic5jnd4bq7hz,binbun3d.bsky.social,,
7e93e27387b44a5197c55e3b76e3bbbf,2026-02-23T00:00:00Z,2026-02-23T00:10:37Z,auth,auth_enUS_labelerexp,at://did:plc:4jrld6fwpnwqehtce56qshzv/app.bsky.feed.generator/game-dev,suggested_labelerexp,19,at://did:plc:qj2ipbtimgwe3rhucpflxpbw/app.bsky.feed.post/3mficyowtks2x,bafyreighht7bdqm3fxnboykit6ryzdd3t4eqwnp4uom5g33hljmu75riam,did:plc:qj2ipbtimgwe3rhucpflxpbw,alaiaarcana.bsky.social,,
7e93e27387b44a5197c55e3b76e3bbbf,2026-02-23T00:00:00Z,2026-02-23T00:10:37Z,auth,auth_enUS_labelerexp,at://did:plc:4jrld6fwpnwqehtce56qshzv/app.bsky.feed.generator/game-dev,suggested_labelerexp,20,at://did:plc:oagh5jgs5gqnihhj5suavmut/app.bsky.feed.post/3mficwul5ws2u,bafyreiezybcpkasilaz7yuz4pq5gwvtxh5vm4gv4smieip4i6q2a4my5nm,did:plc:oagh5jgs5gqnihhj5suavmut,gg-vivi.bsky.social,,
7e93e27387b44a5197c55e3b76e3bbbf,2026-02-23T00:00:00Z,2026-02-23T00:10:37Z,auth,auth_enUS_labelerexp,at://did:plc:4jrld6fwpnwqehtce56qshzv/app.bsky.feed.generator/game-dev,suggested_labelerexp,21,at://did:plc:j46fwt3bee64kjvsavcn6wwt/app.bsky.feed.post/3mficuw73qk25,bafyreib7i5phlda4e673q2te5o3o2z4pbbqaariawg2l4myoud3gw4powe,did:plc:j46fwt3bee64kjvsavcn6wwt,freepixelart.bsky.social,,
7e93e27387b44a5197c55e3b76e3bbbf,2026-02-23T00:00:00Z,2026-02-23T00:10:37Z,auth,auth_enUS_labelerexp,at://did:plc:4jrld6fwpnwqehtce56qshzv/app.bsky.feed.generator/game-dev,suggested_labelerexp,22,at://did:plc:dgwkd3tfsfcgz32ibcnotmcl/app.bsky.feed.post/3mficuthkuw2o,bafyreicnvwf5ckrbyeijbfuzmh23emabtqbizuqpw7ertwkzdwx6gqreza,did:plc:dgwkd3tfsfcgz32ibcnotmcl,smileycrew.bsky.social,,
7e93e27387b44a5197c55e3b76e3bbbf,2026-02-23T00:00:00Z,2026-02-23T00:10:37Z,auth,auth_enUS_labelerexp,at://did:plc:4jrld6fwpnwqehtce56qshzv/app.bsky.feed.generator/game-dev,suggested_labelerexp,23,at://did:plc:4eu6y4jjc6gx56cmllbbkcyk/app.bsky.feed.post/3mficu3lmts2f,bafyreic4mfjvi4xs4cfr3o7jbwwyr5miuf7jjggp7o6io6pokypabh2uy4,did:plc:4eu6y4jjc6gx56cmllbbkcyk,dragonmals.nekoweb.org,,
7e93e27387b44a5197c55e3b76e3bbbf,2026-02-23T00:00:00Z,2026-02-23T00:10:37Z,auth,auth_enUS_labelerexp,at://did:plc:4jrld6fwpnwqehtce56qshzv/app.bsky.feed.generator/game-dev,suggested_labelerexp,24,at://did:plc:xf7c77yui67tfqd3v2vaugiu/app.bsky.feed.post/3mficsxfxwc2q,bafyreia7g2c4n7ulekxcoafkybjzug3q6bz575athshs76vgmfefy6fewi,did:plc:xf7c77yui67tfqd3v2vaugiu,jailbrokengame.bsky.social,,
7e93e27387b44a5197c55e3b76e3bbbf,2026-02-23T00:00:00Z,2026-02-23T00:10:37Z,auth,auth_enUS_labelerexp,at://did:plc:4jrld6fwpnwqehtce56qshzv/app.bsky.feed.generator/game-dev,suggested_labelerexp,25,at://did:plc:m2h4ikb4chsat6xmzfgbcnm5/app.bsky.feed.post/3mficsqnqy22m,bafyreicsivplqa6wo3tv7byfcxrbejuk74eo2tl4v23skb76tmsn3p3p3m,did:plc:m2h4ikb4chsat6xmzfgbcnm5,minivee.bsky.social,,
7e93e27387b44a5197c55e3b76e3bbbf,2026-02-23T00:00:00Z,2026-02-23T00:10:37Z,auth,auth_enUS_labelerexp,at://did:plc:4jrld6fwpnwqehtce56qshzv/app.bsky.feed.generator/game-dev,suggested_labelerexp,26,at://did:plc:4jrld6fwpnwqehtce56qshzv/app.bsky.feed.post/3lhz6oqleu22p,bafyreiaatqz5iic3hnwbwl55pwvttcuienpnben6o4xq34ggyptd7mlwxa,did:plc:4jrld6fwpnwqehtce56qshzv,trezy.codes,,
7e93e27387b44a5197c55e3b76e3bbbf,2026-02-23T00:00:00Z,2026-02-23T00:10:37Z,auth,auth_enUS_labelerexp,at://did:plc:4jrld6fwpnwqehtce56qshzv/app.bsky.feed.generator/game-dev,suggested_labelerexp,27,at://did:plc:zg7bzpu6ytoeb2lffz373fdd/app.bsky.feed.post/3mficqcaows2p,bafyreictsoiahzaqzktyeoqucssepjxhkxi5fwx7n4l5d4yjjyoyu3lt6q,did:plc:zg7bzpu6ytoeb2lffz373fdd,ellsonearth.bsky.social,,
7e93e27387b44a5197c55e3b76e3bbbf,2026-02-23T00:00:00Z,2026-02-23T00:10:37Z,auth,auth_enUS_labelerexp,at://did:plc:4jrld6fwpnwqehtce56qshzv/app.bsky.feed.generator/game-dev,suggested_labelerexp,28,at://did:plc:avqlncmdcybpuf3exxb5seup/app.bsky.feed.post/3mficpxomlc2r,bafyreif4frgqxjo62xa7unl2bsdnqs2xgek6paz4d4yy5qdhbwe2tlmg6q,did:plc:avqlncmdcybpuf3exxb5seup,kingcuddler.bsky.social,,
7e93e27387b44a5197c55e3b76e3bbbf,2026-02-23T00:00:00Z,2026-02-23T00:10:37Z,auth,auth_enUS_labelerexp,at://did:plc:4jrld6fwpnwqehtce56qshzv/app.bsky.feed.generator/game-dev,suggested_labelerexp,29,at://did:plc:bdyid35ou5ndvcws74y2otdm/app.bsky.feed.post/3mficn2muik2w,bafyreidgd5z2vxcexklz5syauidkjfevvimypedkrgn5zxuvkjhihq2sku,did:plc:bdyid35ou5ndvcws74y2otdm,artmeetscience.bsky.social,,
7e93e27387b44a5197c55e3b76e3bbbf,2026-02-23T00:00:00Z,2026-02-23T00:10:37Z,auth,auth_enUS_labelerexp,at://did:plc:4jrld6fwpnwqehtce56qshzv/app.bsky.feed.generator/game-dev,suggested_labelerexp,30,at://did:plc:4bb4noxw5dfizqfvxg5dwyma/app.bsky.feed.post/3mficeyqywc2y,bafyreicd27n7eehthjhsgtnapm2bm7iv6jf2fpt46dq4so4iuw6kuxka6i,did:plc:4bb4noxw5dfizqfvxg5dwyma,personofpersonhood.bsky.social,,
7e93e27387b44a5197c55e3b76e3bbbf,2026-02-23T00:00:00Z,2026-02-23T00:10:37Z,auth,auth_enUS_labelerexp,at://did:plc:4jrld6fwpnwqehtce56qshzv/app.bsky.feed.generator/game-dev,suggested_labelerexp,31,at://did:plc:ga67r2hkp3pcp7n4o2j74aow/app.bsky.feed.post/3mficdikz6c2p,bafyreidx6rdhzddbia7mjetlc5jcockodeogpo3aep2n64ebysbmpodrhy,did:plc:ga67r2hkp3pcp7n4o2j74aow,sopagames.bsky.social,,
7e93e27387b44a5197c55e3b76e3bbbf,2026-02-23T00:00:00Z,2026-02-23T00:10:37Z,auth,auth_enUS_labelerexp,at://did:plc:4jrld6fwpnwqehtce56qshzv/app.bsky.feed.generator/game-dev,suggested_labelerexp,32,at://did:plc:3x4npmbfzfilnzemecvcf4ce/app.bsky.feed.post/3mficbvc4f22p,bafyreiai2u76ydp5tkwst6a6rsx5zp4qzozfaicrugvirshi6i2urkc46m,did:plc:3x4npmbfzfilnzemecvcf4ce,moreault.bsky.social,,
7e93e27387b44a5197c55e3b76e3bbbf,2026-02-23T00:00:00Z,2026-02-23T00:10:37Z,auth,auth_enUS_labelerexp,at://did:plc:4jrld6fwpnwqehtce56qshzv/app.bsky.feed.generator/game-dev,suggested_labelerexp,33,at://did:plc:zgfw65dovgsfy4evrcxgqyyw/app.bsky.feed.post/3mficbpg6pk2p,bafyreicasw325mgqvlosxbqucrn4yvimqnuhybzdm2jc2j6smcp4ctansu,did:plc:zgfw65dovgsfy4evrcxgqyyw,joshingtondev.bsky.social,,
7e93e27387b44a5197c55e3b76e3bbbf,2026-02-23T00:00:00Z,2026-02-23T00:10:37Z,auth,auth_enUS_labelerexp,at://did:plc:4jrld6fwpnwqehtce56qshzv/app.bsky.feed.generator/game-dev,suggested_labelerexp,34,at://did:plc:xle6haiinnoweruzmtn2ifhn/app.bsky.feed.post/3mficb7jdgh2t,bafyreickfyqsmfn6k3ur2rrzpv5znnc5fcszrcgn7jragniv62iigpmyxi,did:plc:xle6haiinnoweruzmtn2ifhn,brent.zone,,
7e93e27387b44a5197c55e3b76e3bbbf,2026-02-23T00:00:00Z,2026-02-23T00:10:37Z,auth,auth_enUS_labelerexp,at://did:plc:4jrld6fwpnwqehtce56qshzv/app.bsky.feed.generator/game-dev,suggested_labelerexp,35,at://did:plc:qnvj3cu56olhopqwevvo7kie/app.bsky.feed.post/3mfic6n5yhc2y,bafyreih3hzdntlb4xb76uq5rce4ymzvmwigkjlwpo56kukjdlu5dlrwkbe,did:plc:qnvj3cu56olhopqwevvo7kie,londontechguy.bsky.social,,
7e93e27387b44a5197c55e3b76e3bbbf,2026-02-23T00:00:00Z,2026-02-23T00:10:37Z,auth,auth_enUS_labelerexp,at://did:plc:4jrld6fwpnwqehtce56qshzv/app.bsky.feed.generator/game-dev,suggested_labelerexp,36,at://did:plc:labiwkqwnxfba2kf5kdvh57u/app.bsky.feed.post/3mfic56jios2z,bafyreieok5kmx5y6dm56dk76iathgvcdxqep3t7o4sv75pjrkqtof3tpqq,did:plc:labiwkqwnxfba2kf5kdvh57u,officerdamickey.bsky.social,,
7e93e27387b44a5197c55e3b76e3bbbf,2026-02-23T00:00:00Z,2026-02-23T00:10:37Z,auth,auth_enUS_labelerexp,at://did:plc:4jrld6fwpnwqehtce56qshzv/app.bsky.feed.generator/game-dev,suggested_labelerexp,37,at://did:plc:rbajzy57fppmkiozt3ahvpma/app.bsky.feed.post/3mfic3fiuyk23,bafyreig4azkqe42iww3zebiwpjprl4dff2dicqyeabcglz6rgp4r3pjlua,did:plc:rbajzy57fppmkiozt3ahvpma,nozdraws.art,,
7e93e27387b44a5197c55e3b76e3bbbf,2026-02-23T00:00:00Z,2026-02-23T00:10:37Z,auth,auth_enUS_labelerexp,at://did:plc:4jrld6fwpnwqehtce56qshzv/app.bsky.feed.generator/game-dev,suggested_labelerexp,38,at://did:plc:7534z7ircjndl3loyzsxmuve/app.bsky.feed.post/3mfibzwzkbc2t,bafyreih7m3x3kwffccpl4pmvaixoaxgavyql7dy7vb5ikbbyu3566uride,did:plc:7534z7ircjndl3loyzsxmuve,ela-bambust.bsky.social,,
7e93e27387b44a5197c55e3b76e3bbbf,2026-02-23T00:00:00Z,2026-02-23T00:10:37Z,auth,auth_enUS_labelerexp,at://did:plc:4jrld6fwpnwqehtce56qshzv/app.bsky.feed.generator/game-dev,suggested_labelerexp,39,at://did:plc:r3qu5cakeieepdhysr7e6nlg/app.bsky.feed.post/3mfibw5js2s2o,bafyreiczuoaj7rl7z2uu2ikcyist3tlyypxtxoreadh7f7s77qgj65tfsu,did:plc:r3qu5cakeieepdhysr7e6nlg,ranjomanjo.bsky.social,,
7e93e27387b44a5197c55e3b76e3bbbf,2026-02-23T00:00:00Z,2026-02-23T00:10:37Z,auth,auth_enUS_labelerexp,at://did:plc:4jrld6fwpnwqehtce56qshzv/app.bsky.feed.generator/game-dev,suggested_labelerexp,40,at://did:plc:wxwuscxlq3krdarrshotoimj/app.bsky.feed.post/3mfibvnjy5227,bafyreiefp4pbkroz4qoebtqh4pbnsd4knsxqrlukmwvk75drjx5k3crhpq,did:plc:wxwuscxlq3krdarrshotoimj,berin.mangolei.com,,
7e93e27387b44a5197c55e3b76e3bbbf,2026-02-23T00:00:00Z,2026-02-23T00:10:37Z,auth,auth_enUS_labelerexp,at://did:plc:4jrld6fwpnwqehtce56qshzv/app.bsky.feed.generator/game-dev,suggested_labelerexp,41,at://did:plc:7izqx7sxa5wh3x522uqvit4z/app.bsky.feed.post/3mfibueje7n2j,bafyreibuh22zxvny2cztqhjjdiwrxfmch76gtx4ytj2amwxcdmbar65tha,did:plc:7izqx7sxa5wh3x522uqvit4z,origamedigital.bsky.social,,
7e93e27387b44a5197c55e3b76e3bbbf,2026-02-23T00:00:00Z,2026-02-23T00:10:37Z,auth,auth_enUS_labelerexp,at://did:plc:4jrld6fwpnwqehtce56qshzv/app.bsky.feed.generator/game-dev,suggested_labelerexp,42,at://did:plc:lvdwbzwjx3glmxfxrblzssbb/app.bsky.feed.post/3mfibsbn7u22f,bafyreiercltbx4zlbcd5i24fq5nbxs3rjpaksxi6j3kenecsukuc3az7ju,did:plc:lvdwbzwjx3glmxfxrblzssbb,b3ardsoft.bsky.social,,
7e93e27387b44a5197c55e3b76e3bbbf,2026-02-23T00:00:00Z,2026-02-23T00:10:37Z,auth,auth_enUS_labelerexp,at://did:plc:4jrld6fwpnwqehtce56qshzv/app.bsky.feed.generator/game-dev,suggested_labelerexp,43,at://did:plc:xuhvrzohunkwudlvpp6dljap/app.bsky.feed.post/3mfibpvbwck26,bafyreif6prud2cbdy2buc3vytiyeitfv7yz4lvop44euglmev7wlqrelpq,did:plc:xuhvrzohunkwudlvpp6dljap,solocap-games.bsky.social,,
7e93e27387b44a5197c55e3b76e3bbbf,2026-02-23T00:00:00Z,2026-02-23T00:10:37Z,auth,auth_enUS_labelerexp,at://did:plc:4jrld6fwpnwqehtce56qshzv/app.bsky.feed.generator/game-dev,suggested_labelerexp,44,at://did:plc:pul5npohhwcx5p7n2udcvdsx/app.bsky.feed.post/3mfibpqpir226,bafyreibxuof2f42j4ppw2olfco2itzj7qvkiifis2ob5hmbzmvqbgzkvfy,did:plc:pul5npohhwcx5p7n2udcvdsx,undertherooftop.bsky.social,,
7e93e27387b44a5197c55e3b76e3bbbf,2026-02-23T00:00:00Z,2026-02-23T00:10:37Z,auth,auth_enUS_labelerexp,at://did:plc:4jrld6fwpnwqehtce56qshzv/app.bsky.feed.generator/game-dev,suggested_labelerexp,45,at://did:plc:pul5npohhwcx5p7n2udcvdsx/app.bsky.feed.post/3mfibm7sdo226,bafyreid5bbqobn3il3t35meily7fodircdejujpuyapop5muz4islgs6c4,did:plc:pul5npohhwcx5p7n2udcvdsx,undertherooftop.bsky.social,,
7e93e27387b44a5197c55e3b76e3bbbf,2026-02-23T00:00:00Z,2026-02-23T00:10:37Z,auth,auth_enUS_labelerexp,at://did:plc:4jrld6fwpnwqehtce56qshzv/app.bsky.feed.generator/game-dev,suggested_labelerexp,46,at://did:plc:vmem7j4j2j2mna7jpgxf2zxs/app.bsky.feed.post/3mfibjpxwhc26,bafyreic5sopql7kzebh37xzi5hofna4sjp3bnjomtptrkanyx7zjrwy7mu,did:plc:vmem7j4j2j2mna7jpgxf2zxs,theblacklantern.bsky.social,,
7e93e27387b44a5197c55e3b76e3bbbf,2026-02-23T00:00:00Z,2026-02-23T00:10:37Z,auth,auth_enUS_labelerexp,at://did:plc:4jrld6fwpnwqehtce56qshzv/app.bsky.feed.generator/game-dev,suggested_labelerexp,47,at://did:plc:pul5npohhwcx5p7n2udcvdsx/app.bsky.feed.post/3mfibikiphc26,bafyreiceftqbvrvnhhoeie34de55dpug6a2mxhjsssbyy5c2nnqajrijnm,did:plc:pul5npohhwcx5p7n2udcvdsx,undertherooftop.bsky.social,,
7e93e27387b44a5197c55e3b76e3bbbf,2026-02-23T00:00:00Z,2026-02-23T00:10:37Z,auth,auth_enUS_labelerexp,at://did:plc:4jrld6fwpnwqehtce56qshzv/app.bsky.feed.generator/game-dev,suggested_labelerexp,48,at://did:plc:mjooobd5tyeunrbtannhzapr/app.bsky.feed.post/3mfibhszu4c24,bafyreifp6rsfkotvv4sonbuyq2f54quqaozdpyjtivkvzipjbfkenz6s2i,did:plc:mjooobd5tyeunrbtannhzapr,masimaster.bsky.social,,
7e93e27387b44a5197c55e3b76e3bbbf,2026-02-23T00:00:00Z,2026-02-23T00:10:37Z,auth,auth_enUS_labelerexp,at://did:plc:4jrld6fwpnwqehtce56qshzv/app.bsky.feed.generator/game-dev,suggested_labelerexp,49,at://did:plc:meg3nzwxmfn5o7bhnymch33o/app.bsky.feed.post/3mfibhajvq22m,bafyreif5tvrqcgua3teatmf2lzq6aylexfp7r6y3ehfgesxphrmlf5fhc4,did:plc:meg3nzwxmfn5o7bhnymch33o,jayde.callejas.xyz,,
7e93e27387b44a5197c55e3b76e3bbbf,2026-02-23T00:00:00Z,2026-02-23T00:10:37Z,auth,auth_enUS_labelerexp,at://did:plc:4jrld6fwpnwqehtce56qshzv/app.bsky.feed.generator/game-dev,suggested_labelerexp,50,at://did:plc:4jrld6fwpnwqehtce56qshzv/app.bsky.feed.post/3l77hzmlqb626,bafyreihn3ny5u4l6lj4y4fw32rr2nkysxr5wz2nbsaurquufcrh5crepam,did:plc:4jrld6fwpnwqehtce56qshzv,trezy.codes,,
7e93e27387b44a5197c55e3b76e3bbbf,2026-02-23T00:00:00Z,2026-02-23T00:10:39Z,auth,auth_enUS_labelerexp,at://did:plc:7ba7lz54yll7pxslxv47ejws/app.bsky.feed.generator/aaandc3wz3wfa,suggested_labelerexp,1,at://did:plc:k5nskatzhyxersjilvtnz4lh/app.bsky.feed.post/3mfidwciejr2x,bafyreif5kdg2congzvf4tlwduocldgvfrtmis7jh4qggmtb6nkxlgpqgra,did:plc:k5nskatzhyxersjilvtnz4lh,washingtonpost.com,,
7e93e27387b44a5197c55e3b76e3bbbf,2026-02-23T00:00:00Z,2026-02-23T00:10:39Z,auth,auth_enUS_labelerexp,at://did:plc:7ba7lz54yll7pxslxv47ejws/app.bsky.feed.generator/aaandc3wz3wfa,suggested_labelerexp,2,at://did:plc:t6xm4zrxilskfwjta2x7lu56/app.bsky.feed.post/3mfidvcodi22j,bafyreiae6fv4eebkywadrilubhuyjst7ofgitnxttqt7mtvimso5auqqla,did:plc:t6xm4zrxilskfwjta2x7lu56,publico.pt,,
7e93e27387b44a5197c55e3b76e3bbbf,2026-02-23T00:00:00Z,2026-02-23T00:10:39Z,auth,auth_enUS_labelerexp,at://did:plc:7ba7lz54yll7pxslxv47ejws/app.bsky.feed.generator/aaandc3wz3wfa,suggested_labelerexp,3,at://did:plc:5u54z2qgkq43dh2nzwzdbbhb/app.bsky.feed.post/3mfidugsspr2g,bafyreigdioxerbxux4vlpyobbmekbt7uw52unfrd7y7esj4f6vgvy2l7ka,did:plc:5u54z2qgkq43dh2nzwzdbbhb,financialtimes.com,,
7e93e27387b44a5197c55e3b76e3bbbf,2026-02-23T00:00:00Z,2026-02-23T00:10:39Z,auth,auth_enUS_labelerexp,at://did:plc:7ba7lz54yll7pxslxv47ejws/app.bsky.feed.generator/aaandc3wz3wfa,suggested_labelerexp,4,at://did:plc:wmho6q2uiyktkam3jsvrms3s/app.bsky.feed.post/3mfiducitqa2l,bafyreibcdp6if7im35pnchxiulhotvhyjok5k2jccivtyyeprerzt5jgsi,did:plc:wmho6q2uiyktkam3jsvrms3s,nbcnews.com,,
7e93e27387b44a5197c55e3b76e3bbbf,2026-02-23T00:00:00Z,2026-02-23T00:10:39Z,auth,auth_enUS_labelerexp,at://did:plc:7ba7lz54yll7pxslxv47ejws/app.bsky.feed.generator/aaandc3wz3wfa,suggested_labelerexp,5,at://did:plc:2lofqead276vtc5647ye7sl2/app.bsky.feed.post/3mfidu4etjd2a,bafyreih5wvblf56iztow7q5faj2ajonqba6sbb6kqj2qqtawlf2tbdkf74,did:plc:2lofqead276vtc5647ye7sl2,aljazeera.com,,
7e93e27387b44a5197c55e3b76e3bbbf,2026-02-23T00:00:00Z,2026-02-23T00:10:39Z,auth,auth_enUS_labelerexp,at://did:plc:7ba7lz54yll7pxslxv47ejws/app.bsky.feed.generator/aaandc3wz3wfa,suggested_labelerexp,6,at://did:plc:dzezcmpb3fhcpns4n4xm4ur5/app.bsky.feed.post/3mfidqeqte42s,bafyreieis7lja3nletxe3qwfofkmey6vm6t6sxialmcxnjbyqiczd5f5ee,did:plc:dzezcmpb3fhcpns4n4xm4ur5,cnn.com,,
7e93e27387b44a5197c55e3b76e3bbbf,2026-02-23T00:00:00Z,2026-02-23T00:10:39Z,auth,auth_enUS_labelerexp,at://did:plc:7ba7lz54yll7pxslxv47ejws/app.bsky.feed.generator/aaandc3wz3wfa,suggested_labelerexp,7,at://did:plc:kxkxlbvzbhfzfopaotmhleix/app.bsky.feed.post/3mfidoag3xu2t,bafyreid3dqj22bn7b4stwt4us33m2mmpf3qwd3pzh4lichdzyp4h4ubgfa,did:plc:kxkxlbvzbhfzfopaotmhleix,estadodemg.bsky.social,,
7e93e27387b44a5197c55e3b76e3bbbf,2026-02-23T00:00:00Z,2026-02-23T00:10:39Z,auth,auth_enUS_labelerexp,at://did:plc:7ba7lz54yll7pxslxv47ejws/app.bsky.feed.generator/aaandc3wz3wfa,suggested_labelerexp,8,at://did:plc:eclio37ymobqex2ncko63h4r/app.bsky.feed.post/3mfidl5bmek2c,bafyreifxqc6renrc7qspztivnyvillce7brchk55h4jamdxbhe7acp5qt4,did:plc:eclio37ymobqex2ncko63h4r,nytimes.com,,
7e93e27387b44a5197c55e3b76e3bbbf,2026-02-23T00:00:00Z,2026-02-23T00:10:39Z,auth,auth_enUS_labelerexp,at://did:plc:7ba7lz54yll7pxslxv47ejws/app.bsky.feed.generator/aaandc3wz3wfa,suggested_labelerexp,9,at://did:plc:hl5qwbghniwqup3j6r7xwekz/app.bsky.feed.post/3mfidiydrjs2j,bafyreibjprknvps3es3dbnc6fj53zbhmfokvbg6wlawmtb5ytpziozjevy,did:plc:hl5qwbghniwqup3j6r7xwekz,correiocb.bsky.social,,
7e93e27387b44a5197c55e3b76e3bbbf,2026-02-23T00:00:00Z,2026-02-23T00:10:39Z,auth,auth_enUS_labelerexp,at://did:plc:7ba7lz54yll7pxslxv47ejws/app.bsky.feed.generator/aaandc3wz3wfa,suggested_labelerexp,10,at://did:plc:hl5qwbghniwqup3j6r7xwekz/app.bsky.feed.post/3mfidhnvhpk2j,bafyreibnkhdwjnugooiatygk7bdhdp2jlh2xgtogt4gbd3wbggcuvdlkbq,did:plc:hl5qwbghniwqup3j6r7xwekz,correiocb.bsky.social,,
7e93e27387b44a5197c55e3b76e3bbbf,2026-02-23T00:00:00Z,2026-02-23T00:10:39Z,auth,auth_enUS_labelerexp,at://did:plc:7ba7lz54yll7pxslxv47ejws/app.bsky.feed.generator/aaandc3wz3wfa,suggested_labelerexp,11,at://did:plc:hl5qwbghniwqup3j6r7xwekz/app.bsky.feed.post/3mfidgjbkqc2j,bafyreie4t2fsdq2lrd2q37kiwrxjgsj45gl6y7enkmvdo5z6dnbuk6nffq,did:plc:hl5qwbghniwqup3j6r7xwekz,correiocb.bsky.social,,
7e93e27387b44a5197c55e3b76e3bbbf,2026-02-23T00:00:00Z,2026-02-23T00:10:39Z,auth,auth_enUS_labelerexp,at://did:plc:7ba7lz54yll7pxslxv47ejws/app.bsky.feed.generator/aaandc3wz3wfa,suggested_labelerexp,12,at://did:plc:g6zrpwmibpkb6nkfweuns3mr/app.bsky.feed.post/3mfide4mfyl27,bafyreibi3m3l2vnkebfoa7qvank6wct4nqiqpykpcs4gpzmalp7humg45q,did:plc:g6zrpwmibpkb6nkfweuns3mr,newrepublic.com,,
7e93e27387b44a5197c55e3b76e3bbbf,2026-02-23T00:00:00Z,2026-02-23T00:10:39Z,auth,auth_enUS_labelerexp,at://did:plc:7ba7lz54yll7pxslxv47ejws/app.bsky.feed.generator/aaandc3wz3wfa,suggested_labelerexp,13,at://did:plc:vovinwhtulbsx4mwfw26r5ni/app.bsky.feed.post/3mfidbkkhx72a,bafyreifeirss7pzurbnm2iipnfvgrrmbb4brelvvgnsgcdz6hzhzcdyyly,did:plc:vovinwhtulbsx4mwfw26r5ni,theguardian.com,,
7e93e27387b44a5197c55e3b76e3bbbf,2026-02-23T00:00:00Z,2026-02-23T00:10:39Z,auth,auth_enUS_labelerexp,at://did:plc:7ba7lz54yll7pxslxv47ejws/app.bsky.feed.generator/aaandc3wz3wfa,suggested_labelerexp,14,at://did:plc:iddtdjw5gujvbxbzjm45wlgb/app.bsky.feed.post/3mfid6vjktw2r,bafyreict4mgy2oq4yrcu2fp6epkbwh2ogorzyf3gcju3jq6ph75zcvuf5m,did:plc:iddtdjw5gujvbxbzjm45wlgb,oglobo.globo.com,,
7e93e27387b44a5197c55e3b76e3bbbf,2026-02-23T00:00:00Z,2026-02-23T00:10:39Z,auth,auth_enUS_labelerexp,at://did:plc:7ba7lz54yll7pxslxv47ejws/app.bsky.feed.generator/aaandc3wz3wfa,suggested_labelerexp,15,at://did:plc:wb4judvgfjbiqu646hkggjxc/app.bsky.feed.post/3mficzd2cuu23,bafyreib2wlm5tclcnga5lnfvom25v5cjmjbuwgo2tjytze73xnv42ktxcm,did:plc:wb4judvgfjbiqu646hkggjxc,mississippifreepress.org,,
7e93e27387b44a5197c55e3b76e3bbbf,2026-02-23T00:00:00Z,2026-02-23T00:10:39Z,auth,auth_enUS_labelerexp,at://did:plc:7ba7lz54yll7pxslxv47ejws/app.bsky.feed.generator/aaandc3wz3wfa,suggested_labelerexp,16,at://did:plc:eclio37ymobqex2ncko63h4r/app.bsky.feed.post/3mficqdqqgn23,bafyreibmtu7gesxwuvhfxjxhshxmm3wjqa7bxpcfjg7sb3elaodwy3l2y4,did:plc:eclio37ymobqex2ncko63h4r,nytimes.com,,
7e93e27387b44a5197c55e3b76e3bbbf,2026-02-23T00:00:00Z,2026-02-23T00:10:39Z,auth,auth_enUS_labelerexp,at://did:plc:7ba7lz54yll7pxslxv47ejws/app.bsky.feed.generator/aaandc3wz3wfa,suggested_labelerexp,17,at://did:plc:eclio37ymobqex2ncko63h4r/app.bsky.feed.post/3mficqdblda2k,bafyreidxnfi3ioxudagi3orlmwqeaikkpfmotjsi4uxirjkx7v3x6jtxuq,did:plc:eclio37ymobqex2ncko63h4r,nytimes.com,,
7e93e27387b44a5197c55e3b76e3bbbf,2026-02-23T00:00:00Z,2026-02-23T00:10:39Z,auth,auth_enUS_labelerexp,at://did:plc:7ba7lz54yll7pxslxv47ejws/app.bsky.feed.generator/aaandc3wz3wfa,suggested_labelerexp,18,at://did:plc:kxkxlbvzbhfzfopaotmhleix/app.bsky.feed.post/3mficqdwfj32f,bafyreiac7he77zvxl7fureujuq7elwnmg2pfu2tqefceq3ej2qzuyvsinq,did:plc:kxkxlbvzbhfzfopaotmhleix,estadodemg.bsky.social,,
7e93e27387b44a5197c55e3b76e3bbbf,2026-02-23T00:00:00Z,2026-02-23T00:10:39Z,auth,auth_enUS_labelerexp,at://did:plc:7ba7lz54yll7pxslxv47ejws/app.bsky.feed.generator/aaandc3wz3wfa,suggested_labelerexp,19,at://did:plc:ppgqbc24yvwdifkpo6kvvrlu/app.bsky.feed.post/3mficosondv2h,bafyreierczlud7n6t6473lvn65rakkksksm6w67tez46yahtvukz4wr3gq,did:plc:ppgqbc24yvwdifkpo6kvvrlu,jornal-extra.bsky.social,,
7e93e27387b44a5197c55e3b76e3bbbf,2026-02-23T00:00:00Z,2026-02-23T00:10:39Z,auth,auth_enUS_labelerexp,at://did:plc:7ba7lz54yll7pxslxv47ejws/app.bsky.feed.generator/aaandc3wz3wfa,suggested_labelerexp,20,at://did:plc:aduoxavv4nlceto54tgu3fjr/app.bsky.feed.post/3mficfnaqvq2l,bafyreia2soo2rp4mfoumzvob5itbejxn4etcd5q7wgat4dysnhsm5uqnqq,did:plc:aduoxavv4nlceto54tgu3fjr,folha.com,,
7e93e27387b44a5197c55e3b76e3bbbf,2026-02-23T00:00:00Z,2026-02-23T00:10:39Z,auth,auth_enUS_labelerexp,at://did:plc:7ba7lz54yll7pxslxv47ejws/app.bsky.feed.generator/aaandc3wz3wfa,suggested_labelerexp,21,at://did:plc:uewxgchsjy4kmtu7dcxa77us/app.bsky.feed.post/3mfic6pdipn2j,bafyreicbosjschdgnn2riq7c5yx3gnzwwwliu5zokkhtb5dq5xebstjqbu,did:plc:uewxgchsjy4kmtu7dcxa77us,bloomberg.com,,
7e93e27387b44a5197c55e3b76e3bbbf,2026-02-23T00:00:00Z,2026-02-23T00:10:39Z,auth,auth_enUS_labelerexp,at://did:plc:7ba7lz54yll7pxslxv47ejws/app.bsky.feed.generator/aaandc3wz3wfa,suggested_labelerexp,22,at://did:plc:2lofqead276vtc5647ye7sl2/app.bsky.feed.post/3mfic6gemib22,bafyreibjtvia7hg3lehljfhgvnvijg7otjapbhoql5hdh6vriiax73jwhm,did:plc:2lofqead276vtc5647ye7sl2,aljazeera.com,,
7e93e27387b44a5197c55e3b76e3bbbf,2026-02-23T00:00:00Z,2026-02-23T00:10:39Z,auth,auth_enUS_labelerexp,at://did:plc:7ba7lz54yll7pxslxv47ejws/app.bsky.feed.generator/aaandc3wz3wfa,suggested_labelerexp,23,at://did:plc:ln72v57ivz2g46uqf4xxqiuh/app.bsky.feed.post/3mfic25lbap2g,bafyreiemnkhf6uq2ign3iv2w2fsfpjfl4wrj2ehy3uwwvxru5t3q75pdem,did:plc:ln72v57ivz2g46uqf4xxqiuh,npr.org,,
7e93e27387b44a5197c55e3b76e3bbbf,2026-02-23T00:00:00Z,2026-02-23T00:10:39Z,auth,auth_enUS_labelerexp,at://did:plc:7ba7lz54yll7pxslxv47ejws/app.bsky.feed.generator/aaandc3wz3wfa,suggested_labelerexp,24,at://did:plc:iddtdjw5gujvbxbzjm45wlgb/app.bsky.feed.post/3mfibxgwpex2i,bafyreieiexyp2v2rjjva6fzzkhlciubtx2vtmaigwesvqvr5o7cpg5dj6u,did:plc:iddtdjw5gujvbxbzjm45wlgb,oglobo.globo.com,,
7e93e27387b44a5197c55e3b76e3bbbf,2026-02-23T00:00:00Z,2026-02-23T00:10:39Z,auth,auth_enUS_labelerexp,at://did:plc:7ba7lz54yll7pxslxv47ejws/app.bsky.feed.generator/aaandc3wz3wfa,suggested_labelerexp,25,at://did:plc:kxkxlbvzbhfzfopaotmhleix/app.bsky.feed.post/3mfibvjklnp2w,bafyreias3sntradf662hu6rmpbk4diuso5oqzqherkzls3ixlwzohcnica,did:plc:kxkxlbvzbhfzfopaotmhleix,estadodemg.bsky.social,,
7e93e27387b44a5197c55e3b76e3bbbf,2026-02-23T00:00:00Z,2026-02-23T00:10:39Z,auth,auth_enUS_labelerexp,at://did:plc:7ba7lz54yll7pxslxv47ejws/app.bsky.feed.generator/aaandc3wz3wfa,suggested_labelerexp,26,at://did:plc:eclio37ymobqex2ncko63h4r/app.bsky.feed.post/3mfibvgxuda24,bafyreicddhtfi7vkm3tcgy2yov2czvvrfa6vxw3c4qvpmmxqgdr4kb5g7e,did:plc:eclio37ymobqex2ncko63h4r,nytimes.com,,
7e93e27387b44a5197c55e3b76e3bbbf,2026-02-23T00:00:00Z,2026-02-23T00:10:39Z,auth,auth_enUS_labelerexp,at://did:plc:7ba7lz54yll7pxslxv47ejws/app.bsky.feed.generator/aaandc3wz3wfa,suggested_labelerexp,27,at://did:plc:iddtdjw5gujvbxbzjm45wlgb/app.bsky.feed.post/3mfibhiffhk2q,bafyreifonvttxn6beyljoboyy6sk43o3e4rybrm4qpdtzx4j7f5zjde3m4,did:plc:iddtdjw5gujvbxbzjm45wlgb,oglobo.globo.com,,
7e93e27387b44a5197c55e3b76e3bbbf,2026-02-23T00:00:00Z,2026-02-23T00:10:39Z,auth,auth_enUS_labelerexp,at://did:plc:7ba7lz54yll7pxslxv47ejws/app.bsky.feed.generator/aaandc3wz3wfa,suggested_labelerexp,28,at://did:plc:aduoxavv4nlceto54tgu3fjr/app.bsky.feed.post/3mfibh7htlt2q,bafyreibeobg33flxrrzz6qoihgrsuzbakataeditavpsngb3hcfp76jfem,did:plc:aduoxavv4nlceto54tgu3fjr,folha.com,,
7e93e27387b44a5197c55e3b76e3bbbf,2026-02-23T00:00:00Z,2026-02-23T00:10:39Z,auth,auth_enUS_labelerexp,at://did:plc:7ba7lz54yll7pxslxv47ejws/app.bsky.feed.generator/aaandc3wz3wfa,suggested_labelerexp,29,at://did:plc:eclio37ymobqex2ncko63h4r/app.bsky.feed.post/3mfibdn6v2x2k,bafyreiahnv26jqmcwttn2zqo7pgvga7hzxgp7t4cjgelljp7hl5tjtt5me,did:plc:eclio37ymobqex2ncko63h4r,nytimes.com,,
7e93e27387b44a5197c55e3b76e3bbbf,2026-02-23T00:00:00Z,2026-02-23T00:10:39Z,auth,auth_enUS_labelerexp,at://did:plc:7ba7lz54yll7pxslxv47ejws/app.bsky.feed.generator/aaandc3wz3wfa,suggested_labelerexp,30,at://did:plc:aduoxavv4nlceto54tgu3fjr/app.bsky.feed.post/3mfibdmc72n2l,bafyreia5c65pch3chymmqguys7qtt2paunl42d4y3msdkfd2zfur6nzt64,did:plc:aduoxavv4nlceto54tgu3fjr,folha.com,,
7e93e27387b44a5197c55e3b76e3bbbf,2026-02-23T00:00:00Z,2026-02-23T00:10:39Z,auth,auth_enUS_labelerexp,at://did:plc:7ba7lz54yll7pxslxv47ejws/app.bsky.feed.generator/aaandc3wz3wfa,suggested_labelerexp,31,at://did:plc:kxkxlbvzbhfzfopaotmhleix/app.bsky.feed.post/3mfibdm6rvi2f,bafyreibm74pyehmqbgyjny6cxaivzr2r273ke7o5ynkotctq4hfsvltr2u,did:plc:kxkxlbvzbhfzfopaotmhleix,estadodemg.bsky.social,,
7e93e27387b44a5197c55e3b76e3bbbf,2026-02-23T00:00:00Z,2026-02-23T00:10:39Z,auth,auth_enUS_labelerexp,at://did:plc:7ba7lz54yll7pxslxv47ejws/app.bsky.feed.generator/aaandc3wz3wfa,suggested_labelerexp,32,at://did:plc:nyxviptfyic2lvuorkr5yy3y/app.bsky.feed.post/3mfibdka34v2o,bafyreies7rubasqbyevt3us6dpnbqynetqb4oh4qc7ddafaeh532zyh4ea,did:plc:nyxviptfyic2lvuorkr5yy3y,theatlantic.com,,
7e93e27387b44a5197c55e3b76e3bbbf,2026-02-23T00:00:00Z,2026-02-23T00:10:39Z,auth,auth_enUS_labelerexp,at://did:plc:7ba7lz54yll7pxslxv47ejws/app.bsky.feed.generator/aaandc3wz3wfa,suggested_labelerexp,33,at://did:plc:ppgqbc24yvwdifkpo6kvvrlu/app.bsky.feed.post/3mfibad2ajf2h,bafyreicuodgfylf5skc6xtjdm7g53ybuk5fd6lzc4g2lv4unxcobrinmca,did:plc:ppgqbc24yvwdifkpo6kvvrlu,jornal-extra.bsky.social,,
7e93e27387b44a5197c55e3b76e3bbbf,2026-02-23T00:00:00Z,2026-02-23T00:10:39Z,auth,auth_enUS_labelerexp,at://did:plc:7ba7lz54yll7pxslxv47ejws/app.bsky.feed.generator/aaandc3wz3wfa,suggested_labelerexp,34,at://did:plc:vtpyqvwce4x6gpa5dcizqecy/app.bsky.feed.post/3mfib67fabb23,bafyreidyl7cucegu26ia5y24bikhzixdj7majylmubq4y363voyn5k24ui,did:plc:vtpyqvwce4x6gpa5dcizqecy,techcrunch.com,,
7e93e27387b44a5197c55e3b76e3bbbf,2026-02-23T00:00:00Z,2026-02-23T00:10:39Z,auth,auth_enUS_labelerexp,at://did:plc:7ba7lz54yll7pxslxv47ejws/app.bsky.feed.generator/aaandc3wz3wfa,suggested_labelerexp,35,at://did:plc:g6zrpwmibpkb6nkfweuns3mr/app.bsky.feed.post/3mfib3fztoo2c,bafyreiet76d5474opemzufpotwtmerrxhohfbccxc432treinx5ooswhfi,did:plc:g6zrpwmibpkb6nkfweuns3mr,newrepublic.com,,
7e93e27387b44a5197c55e3b76e3bbbf,2026-02-23T00:00:00Z,2026-02-23T00:10:39Z,auth,auth_enUS_labelerexp,at://did:plc:7ba7lz54yll7pxslxv47ejws/app.bsky.feed.generator/aaandc3wz3wfa,suggested_labelerexp,36,at://did:plc:eclio37ymobqex2ncko63h4r/app.bsky.feed.post/3mfib2knvv42c,bafyreif3s23gqvjwr5dkivs7wgnpvpoxmmbhjuowi2jtbwjlk5cfmxv2je,did:plc:eclio37ymobqex2ncko63h4r,nytimes.com,,
7e93e27387b44a5197c55e3b76e3bbbf,2026-02-23T00:00:00Z,2026-02-23T00:10:39Z,auth,auth_enUS_labelerexp,at://did:plc:7ba7lz54yll7pxslxv47ejws/app.bsky.feed.generator/aaandc3wz3wfa,suggested_labelerexp,37,at://did:plc:aduoxavv4nlceto54tgu3fjr/app.bsky.feed.post/3mfiayw3edt25,bafyreia6k5imq327wtbcqqml7zcixhfavsvzrwgcwqebqgkeaecrcqtozm,did:plc:aduoxavv4nlceto54tgu3fjr,folha.com,,
7e93e27387b44a5197c55e3b76e3bbbf,2026-02-23T00:00:00Z,2026-02-23T00:10:39Z,auth,auth_enUS_labelerexp,at://did:plc:7ba7lz54yll7pxslxv47ejws/app.bsky.feed.generator/aaandc3wz3wfa,suggested_labelerexp,38,at://did:plc:hl5qwbghniwqup3j6r7xwekz/app.bsky.feed.post/3mfiaxqabss2k,bafyreigywsanp3mregbajcq6k46m7uslslxyn67u7kzdoyjctelb5a3p44,did:plc:hl5qwbghniwqup3j6r7xwekz,correiocb.bsky.social,,
7e93e27387b44a5197c55e3b76e3bbbf,2026-02-23T00:00:00Z,2026-02-23T00:10:39Z,auth,auth_enUS_labelerexp,at://did:plc:7ba7lz54yll7pxslxv47ejws/app.bsky.feed.generator/aaandc3wz3wfa,suggested_labelerexp,39,at://did:plc:kxkxlbvzbhfzfopaotmhleix/app.bsky.feed.post/3mfiawwaz4c2q,bafyreibg4sjstmoizgrwn6ccsyxbuunnk3bosn626lthr7ve2s4fgveqk4,did:plc:kxkxlbvzbhfzfopaotmhleix,estadodemg.bsky.social,,
7e93e27387b44a5197c55e3b76e3bbbf,2026-02-23T00:00:00Z,2026-02-23T00:10:39Z,auth,auth_enUS_labelerexp,at://did:plc:7ba7lz54yll7pxslxv47ejws/app.bsky.feed.generator/aaandc3wz3wfa,suggested_labelerexp,40,at://did:plc:ln72v57ivz2g46uqf4xxqiuh/app.bsky.feed.post/3mfiau4ud252y,bafyreihjbnzh6zosjwndfoaierk57sxog6rmctwa3vkgx3qksqz77yhpgy,did:plc:ln72v57ivz2g46uqf4xxqiuh,npr.org,,
7e93e27387b44a5197c55e3b76e3bbbf,2026-02-23T00:00:00Z,2026-02-23T00:10:39Z,auth,auth_enUS_labelerexp,at://did:plc:7ba7lz54yll7pxslxv47ejws/app.bsky.feed.generator/aaandc3wz3wfa,suggested_labelerexp,41,at://did:plc:aduoxavv4nlceto54tgu3fjr/app.bsky.feed.post/3mfiatoacuy2k,bafyreidci7ir4dq5bprbcfvtvv76gw64h6f2yqma4wt2wrzi2yvgpdlasa,did:plc:aduoxavv4nlceto54tgu3fjr,folha.com,,
7e93e27387b44a5197c55e3b76e3bbbf,2026-02-23T00:00:00Z,2026-02-23T00:10:39Z,auth,auth_enUS_labelerexp,at://did:plc:7ba7lz54yll7pxslxv47ejws/app.bsky.feed.generator/aaandc3wz3wfa,suggested_labelerexp,42,at://did:plc:aduoxavv4nlceto54tgu3fjr/app.bsky.feed.post/3mfiatjo6zd2v,bafyreie65sckofhgp4ttd3ku7isj4dhwxgs7myhjdzmmiaexbvzkgg3shu,did:plc:aduoxavv4nlceto54tgu3fjr,folha.com,,
7e93e27387b44a5197c55e3b76e3bbbf,2026-02-23T00:00:00Z,2026-02-23T00:10:39Z,auth,auth_enUS_labelerexp,at://did:plc:7ba7lz54yll7pxslxv47ejws/app.bsky.feed.generator/aaandc3wz3wfa,suggested_labelerexp,43,at://did:plc:hl5qwbghniwqup3j6r7xwekz/app.bsky.feed.post/3mfiaqq24l22k,bafyreif5uv3j5zg4xn4776pzrpvsq4yirqwsots2bshaj6zankwfosuvde,did:plc:hl5qwbghniwqup3j6r7xwekz,correiocb.bsky.social,,
7e93e27387b44a5197c55e3b76e3bbbf,2026-02-23T00:00:00Z,2026-02-23T00:10:39Z,auth,auth_enUS_labelerexp,at://did:plc:7ba7lz54yll7pxslxv47ejws/app.bsky.feed.generator/aaandc3wz3wfa,suggested_labelerexp,44,at://did:plc:dxpxq4r63euyjvgjrc4kybx3/app.bsky.feed.post/3mfiamg54qs2y,bafyreidzmcccfygnwuv3egwg3mkn3a2iiugrrh75ceikunvdh3vpzr3gry,did:plc:dxpxq4r63euyjvgjrc4kybx3,fantasticoglobo.bsky.social,,
7e93e27387b44a5197c55e3b76e3bbbf,2026-02-23T00:00:00Z,2026-02-23T00:10:39Z,auth,auth_enUS_labelerexp,at://did:plc:7ba7lz54yll7pxslxv47ejws/app.bsky.feed.generator/aaandc3wz3wfa,suggested_labelerexp,45,at://did:plc:uewxgchsjy4kmtu7dcxa77us/app.bsky.feed.post/3mfiajju6ct2k,bafyreigozp672mfuajwc2teqykmixbfdfefjtpipci23emhqiaishjdxme,did:plc:uewxgchsjy4kmtu7dcxa77us,bloomberg.com,,
7e93e27387b44a5197c55e3b76e3bbbf,2026-02-23T00:00:00Z,2026-02-23T00:10:39Z,auth,auth_enUS_labelerexp,at://did:plc:7ba7lz54yll7pxslxv47ejws/app.bsky.feed.generator/aaandc3wz3wfa,suggested_labelerexp,46,at://did:plc:hl5qwbghniwqup3j6r7xwekz/app.bsky.feed.post/3mfiaj3x6es2k,bafyreicsz2w3pfzaopjtgrawfizlw4zq4g4c5wstyxktegiulssa4v5ovm,did:plc:hl5qwbghniwqup3j6r7xwekz,correiocb.bsky.social,,
7e93e27387b44a5197c55e3b76e3bbbf,2026-02-23T00:00:00Z,2026-02-23T00:10:39Z,auth,auth_enUS_labelerexp,at://did:plc:7ba7lz54yll7pxslxv47ejws/app.bsky.feed.generator/aaandc3wz3wfa,suggested_labelerexp,47,at://did:plc:kxkxlbvzbhfzfopaotmhleix/app.bsky.feed.post/3mfiaj3fprm2f,bafyreicupu3s44dbf7gs2xuvcvqwxmkizc2abrkncfleowa4nm7ba2sy3i,did:plc:kxkxlbvzbhfzfopaotmhleix,estadodemg.bsky.social,,
7e93e27387b44a5197c55e3b76e3bbbf,2026-02-23T00:00:00Z,2026-02-23T00:10:39Z,auth,auth_enUS_labelerexp,at://did:plc:7ba7lz54yll7pxslxv47ejws/app.bsky.feed.generator/aaandc3wz3wfa,suggested_labelerexp,48,at://did:plc:k5nskatzhyxersjilvtnz4lh/app.bsky.feed.post/3mfiaix73ec2x,bafyreibzattfzwigrc4iz545cetrfjrq52p7nnsfyfg4i5xlb4eoy6ukia,did:plc:k5nskatzhyxersjilvtnz4lh,washingtonpost.com,,
7e93e27387b44a5197c55e3b76e3bbbf,2026-02-23T00:00:00Z,2026-02-23T00:10:39Z,auth,auth_enUS_labelerexp,at://did:plc:7ba7lz54yll7pxslxv47ejws/app.bsky.feed.generator/aaandc3wz3wfa,suggested_labelerexp,49,at://did:plc:2lofqead276vtc5647ye7sl2/app.bsky.feed.post/3mfiait3uzv2r,bafyreietud5bimpuywbrozrujunkvmht5gwn3imqmn5rmrcwe4lsewrmhi,did:plc:2lofqead276vtc5647ye7sl2,aljazeera.com,,
7e93e27387b44a5197c55e3b76e3bbbf,2026-02-23T00:00:00Z,2026-02-23T00:10:39Z,auth,auth_enUS_labelerexp,at://did:plc:7ba7lz54yll7pxslxv47ejws/app.bsky.feed.generator/aaandc3wz3wfa,suggested_labelerexp,50,at://did:plc:dzezcmpb3fhcpns4n4xm4ur5/app.bsky.feed.post/3mfiagxthkn27,bafyreibupoj6dfpjywudlzkvr4x5mu2eljh4v3j7vsgrb7qhegezhbv7ei,did:plc:dzezcmpb3fhcpns4n4xm4ur5,cnn.com,,
7e93e27387b44a5197c55e3b76e3bbbf,2026-02-23T00:00:00Z,2026-02-23T00:10:40Z,auth,auth_enUS_labelerexp,at://did:plc:cgl62jlhroosxyjkaffidnon/app.bsky.feed.generator/aaae4nczs635m,suggested_labelerexp,1,at://did:plc:zoabtvv2zsjmlfbvxttrivxj/app.bsky.feed.post/3mficyqehjk2o,bafyreicxifdkc3paekaocnehzyh75t3uvf7ztsvp74rsix6qh4cbee2wpq,did:plc:zoabtvv2zsjmlfbvxttrivxj,tama-nyaa.bsky.social,,
7e93e27387b44a5197c55e3b76e3bbbf,2026-02-23T00:00:00Z,2026-02-23T00:10:40Z,auth,auth_enUS_labelerexp,at://did:plc:cgl62jlhroosxyjkaffidnon/app.bsky.feed.generator/aaae4nczs635m,suggested_labelerexp,2,at://did:plc:rmhqsaapa7awwledqhbsqajs/app.bsky.feed.post/3mficwukcls2m,bafyreidizjiq57c2fq4tpur5p2cv5tiobvrmf5rv7ghvfc2o4a3dgixhyq,did:plc:rmhqsaapa7awwledqhbsqajs,penguinparfe.bsky.social,,
7e93e27387b44a5197c55e3b76e3bbbf,2026-02-23T00:00:00Z,2026-02-23T00:10:40Z,auth,auth_enUS_labelerexp,at://did:plc:cgl62jlhroosxyjkaffidnon/app.bsky.feed.generator/aaae4nczs635m,suggested_labelerexp,3,at://did:plc:r76mub422z3htvrulwda44kj/app.bsky.feed.post/3mficwsya2k2q,bafyreiagjo744jz4oiy7i4vceapcgg2yeo3rsdjoaire2d3bqwmkperfhu,did:plc:r76mub422z3htvrulwda44kj,twym23.bsky.social,,
7e93e27387b44a5197c55e3b76e3bbbf,2026-02-23T00:00:00Z,2026-02-23T00:10:40Z,auth,auth_enUS_labelerexp,at://did:plc:cgl62jlhroosxyjkaffidnon/app.bsky.feed.generator/aaae4nczs635m,suggested_labelerexp,4,at://did:plc:4gwpmr3klijco2yi5t5h27ww/app.bsky.feed.post/3mficwsf4q22p,bafyreihx3ery7rodezf7tc3dzvs4qaue2ds4di4s3upgfvugxiuqc4crh4,did:plc:4gwpmr3klijco2yi5t5h27ww,wanibuchi.bsky.social,,
7e93e27387b44a5197c55e3b76e3bbbf,2026-02-23T00:00:00Z,2026-02-23T00:10:40Z,auth,auth_enUS_labelerexp,at://did:plc:cgl62jlhroosxyjkaffidnon/app.bsky.feed.generator/aaae4nczs635m,suggested_labelerexp,5,at://did:plc:2th7xr6i6572irdjlxppxhoq/app.bsky.feed.post/3mficwrr34s24,bafyreie7fvxr54wxudmlilhdxbl4kmw6rh23nnc2p32mewufsiqgapr4j4,did:plc:2th7xr6i6572irdjlxppxhoq,chuahaan.bsky.social,,
7e93e27387b44a5197c55e3b76e3bbbf,2026-02-23T00:00:00Z,2026-02-23T00:10:40Z,auth,auth_enUS_labelerexp,at://did:plc:cgl62jlhroosxyjkaffidnon/app.bsky.feed.generator/aaae4nczs635m,suggested_labelerexp,6,at://did:plc:pvlpff3t2mefmnj2vwr5d3j4/app.bsky.feed.post/3mficwr7sfc2n,bafyreic6ojm7nv5gshn44gpifhq5p366kboeujqichmblhsubcquit2dbi,did:plc:pvlpff3t2mefmnj2vwr5d3j4,goaxc.bsky.social,,
7e93e27387b44a5197c55e3b76e3bbbf,2026-02-23T00:00:00Z,2026-02-23T00:10:40Z,auth,auth_enUS_labelerexp,at://did:plc:cgl62jlhroosxyjkaffidnon/app.bsky.feed.generator/aaae4nczs635m,suggested_labelerexp,7,at://did:plc:qcogonxxrn573d7sr6obg65r/app.bsky.feed.post/3mficwqww7k2i,bafyreigeu5smmeaqizw3xrukkamntl5o3n2bwl3lo5mph5ejgz7kj2c344,did:plc:qcogonxxrn573d7sr6obg65r,tomy-tmr.bsky.social,,
7e93e27387b44a5197c55e3b76e3bbbf,2026-02-23T00:00:00Z,2026-02-23T00:10:40Z,auth,auth_enUS_labelerexp,at://did:plc:cgl62jlhroosxyjkaffidnon/app.bsky.feed.generator/aaae4nczs635m,suggested_labelerexp,8,at://did:plc:gerc6hqxk4avun4zmhbncy4f/app.bsky.feed.post/3mficwqvff224,bafyreibkk2xmhlxuwkb3na7xueiab4khj3ijdvup5pl25bbj4l67zo7pue,did:plc:gerc6hqxk4avun4zmhbncy4f,keiichi-asakawa.bsky.social,,
7e93e27387b44a5197c55e3b76e3bbbf,2026-02-23T00:00:00Z,2026-02-23T00:10:40Z,auth,auth_enUS_labelerexp,at://did:plc:cgl62jlhroosxyjkaffidnon/app.bsky.feed.generator/aaae4nczs635m,suggested_labelerexp,9,at://did:plc:gvy34n3wyel5yexq4fpgmnvg/app.bsky.feed.post/3mficwqkhrk2q,bafyreifll4afnyjl26ygyrafiwcrviculvncrdbeuuxnvajiop4zirv4d4,did:plc:gvy34n3wyel5yexq4fpgmnvg,tnssb.bsky.social,,
7e93e27387b44a5197c55e3b76e3bbbf,2026-02-23T00:00:00Z,2026-02-23T00:10:40Z,auth,auth_enUS_labelerexp,at://did:plc:cgl62jlhroosxyjkaffidnon/app.bsky.feed.generator/aaae4nczs635m,suggested_labelerexp,10,at://did:plc:bencsr2u6svjsgonl625i6yh/app.bsky.feed.post/3mficwq6kw22p,bafyreic2fckjeka5sueohfgqotui6wevywzpplv34czh6e6vv6wvi4eb6i,did:plc:bencsr2u6svjsgonl625i6yh,yzlsmp.bsky.social,,
7e93e27387b44a5197c55e3b76e3bbbf,2026-02-23T00:00:00Z,2026-02-23T00:10:40Z,auth,auth_enUS_labelerexp,at://did:plc:cgl62jlhroosxyjkaffidnon/app.bsky.feed.generator/aaae4nczs635m,suggested_labelerexp,11,at://did:plc:g3wbdf4sqei53bp2r6hdsffu/app.bsky.feed.post/3mficwq3gdc2x,bafyreic3zycvnubkuta67i7ug3gs7qdlcsauyplxihw4fiv7f6q7e6jbx4,did:plc:g3wbdf4sqei53bp2r6hdsffu,amrmobu.bsky.social,,
7e93e27387b44a5197c55e3b76e3bbbf,2026-02-23T00:00:00Z,2026-02-23T00:10:40Z,auth,auth_enUS_labelerexp,at://did:plc:cgl62jlhroosxyjkaffidnon/app.bsky.feed.generator/aaae4nczs635m,suggested_labelerexp,12,at://did:plc:75ildecwmcoymemnts3by7j5/app.bsky.feed.post/3mficwpiulc2f,bafyreifjumqgcfkqxff5ela7mo3rqvfdtxu7do4omfw2qegy3fj346okcq,did:plc:75ildecwmcoymemnts3by7j5,applelovesong.bsky.social,,
7e93e27387b44a5197c55e3b76e3bbbf,2026-02-23T00:00:00Z,2026-02-23T00:10:40Z,auth,auth_enUS_labelerexp,at://did:plc:cgl62jlhroosxyjkaffidnon/app.bsky.feed.generator/aaae4nczs635m,suggested_labelerexp,13,at://did:plc:ulc42lvv5yqsd77chfkftfvf/app.bsky.feed.post/3mficwovfjs2m,bafyreieddm7fibhckrdkvyzjmjcfj5fv3gvpkyag4y3plw6ckej7jjpthe,did:plc:ulc42lvv5yqsd77chfkftfvf,yuravideo.bsky.social,,
7e93e27387b44a5197c55e3b76e3bbbf,2026-02-23T00:00:00Z,2026-02-23T00:10:40Z,auth,auth_enUS_labelerexp,at://did:plc:cgl62jlhroosxyjkaffidnon/app.bsky.feed.generator/aaae4nczs635m,suggested_labelerexp,14,at://did:plc:4keexftofrztigpmvgpbcswh/app.bsky.feed.post/3mficwosax22z,bafyreicfg7i62puvzjbcirrjxwignceos2poft5hp65v7uxpgthycecqcq,did:plc:4keexftofrztigpmvgpbcswh,kranseki.bsky.social,,
7e93e27387b44a5197c55e3b76e3bbbf,2026-02-23T00:00:00Z,2026-02-23T00:10:40Z,auth,auth_enUS_labelerexp,at://did:plc:cgl62jlhroosxyjkaffidnon/app.bsky.feed.generator/aaae4nczs635m,suggested_labelerexp,15,at://did:plc:ykgeb3g3wkjmtekcx4s7sfgh/app.bsky.feed.post/3mficwomu3s2z,bafyreiggnchqlabuag4sugrnqu7wnpinu4rduqodgpw36fvqo2tfj44vny,did:plc:ykgeb3g3wkjmtekcx4s7sfgh,seven-river.bsky.social,,
7e93e27387b44a5197c55e3b76e3bbbf,2026-02-23T00:00:00Z,2026-02-23T00:10:40Z,auth,auth_enUS_labelerexp,at://did:plc:cgl62jlhroosxyjkaffidnon/app.bsky.feed.generator/aaae4nczs635m,suggested_labelerexp,16,at://did:plc:tt7rfg6qvnvqpdglnitw2aum/app.bsky.feed.post/3mficwntgmk2a,bafyreicynkd63sqduwiwn7ukrjf2qgpzr673kpqmm3bopz6vkxc5pw5nhm,did:plc:tt7rfg6qvnvqpdglnitw2aum,kase-ktr.bsky.social,,
7e93e27387b44a5197c55e3b76e3bbbf,2026-02-23T00:00:00Z,2026-02-23T00:10:40Z,auth,auth_enUS_labelerexp,at://did:plc:cgl62jlhroosxyjkaffidnon/app.bsky.feed.generator/aaae4nczs635m,suggested_labelerexp,17,at://did:plc:i2zth6hhdgatj7ljbnuhy4nl/app.bsky.feed.post/3mficwnghlc2j,bafyreicbzpwo2slsxhp5vqw57bodln2lqg4v4acaxyrumzp2n4p2euc7oq,did:plc:i2zth6hhdgatj7ljbnuhy4nl,ponpanpunpan.bsky.social,,
7e93e27387b44a5197c55e3b76e3bbbf,2026-02-23T00:00:00Z,2026-02-23T00:10:40Z,auth,auth_enUS_labelerexp,at://did:plc:cgl62jlhroosxyjkaffidnon/app.bsky.feed.generator/aaae4nczs635m,suggested_labelerexp,18,at://did:plc:zbbtrxtkexkn7ybmtxts6xbe/app.bsky.feed.post/3mficwmyt2k2v,bafyreiboqjoghcnylodpvd7iem6dbqmtstje45p54o6gccnost6gchrqsq,did:plc:zbbtrxtkexkn7ybmtxts6xbe,tsuyuta012.bsky.social,,
7e93e27387b44a5197c55e3b76e3bbbf,2026-02-23T00:00:00Z,2026-02-23T00:10:40Z,auth,auth_enUS_labelerexp,at://did:plc:cgl62jlhroosxyjkaffidnon/app.bsky.feed.generator/aaae4nczs635m,suggested_labelerexp,19,at://did:plc:rwmyjxvy23ghuvwtqgvbgmfd/app.bsky.feed.post/3mficwmxk222d,bafyreigt6p3dkdduaj5jxccy2z6qpyy7tq3zj6wrsb6mkcjxzvuu7w4h7a,did:plc:rwmyjxvy23ghuvwtqgvbgmfd,nipanipasky.bsky.social,,
7e93e27387b44a5197c55e3b76e3bbbf,2026-02-23T00:00:00Z,2026-02-23T00:10:40Z,auth,auth_enUS_labelerexp,at://did:plc:cgl62jlhroosxyjkaffidnon/app.bsky.feed.generator/aaae4nczs635m,suggested_labelerexp,20,at://did:plc:kqvj2u2nqyi2r76vr3vxfv2o/app.bsky.feed.post/3mficwmsa4k2d,bafyreiatzw63xvl7upfrio7ys2vypd6wsv2qko7y3lvascogdrqdamckcu,did:plc:kqvj2u2nqyi2r76vr3vxfv2o,carbon-s.bsky.social,,
7e93e27387b44a5197c55e3b76e3bbbf,2026-02-23T00:00:00Z,2026-02-23T00:10:40Z,auth,auth_enUS_labelerexp,at://did:plc:cgl62jlhroosxyjkaffidnon/app.bsky.feed.generator/aaae4nczs635m,suggested_labelerexp,21,at://did:plc:pxogrjja3ck5tq7zqokxoevj/app.bsky.feed.post/3mficwlzg6c2d,bafyreia4oy555fcjjlbpkxc2cvwuwmsdbgbdko4skphy7tw3i4shi5gxjm,did:plc:pxogrjja3ck5tq7zqokxoevj,guradere.bsky.social,,
7e93e27387b44a5197c55e3b76e3bbbf,2026-02-23T00:00:00Z,2026-02-23T00:10:40Z,auth,auth_enUS_labelerexp,at://did:plc:cgl62jlhroosxyjkaffidnon/app.bsky.feed.generator/aaae4nczs635m,suggested_labelerexp,22,at://did:plc:q7ivvuw4mbgizenjmm2nkaxy/app.bsky.feed.post/3mficwltgrc2r,bafyreibys3pnek4twejewr3xc5twcmmmn2jiklus6ayu6luvrjgqlvpsqm,did:plc:q7ivvuw4mbgizenjmm2nkaxy,ohana222222.bsky.social,,
7e93e27387b44a5197c55e3b76e3bbbf,2026-02-23T00:00:00Z,2026-02-23T00:10:40Z,auth,auth_enUS_labelerexp,at://did:plc:cgl62jlhroosxyjkaffidnon/app.bsky.feed.generator/aaae4nczs635m,suggested_labelerexp,23,at://did:plc:qofhwexnaicjcgetzdcn5qrz/app.bsky.feed.post/3mficwlhfys24,bafyreif3dc2rvp3zfftfxrabezyg63ygcug2dgwd3dy4xrgl7hasca23bi,did:plc:qofhwexnaicjcgetzdcn5qrz,18sakuya07.bsky.social,,
7e93e27387b44a5197c55e3b76e3bbbf,2026-02-23T00:00:00Z,2026-02-23T00:10:40Z,auth,auth_enUS_labelerexp,at://did:plc:cgl62jlhroosxyjkaffidnon/app.bsky.feed.generator/aaae4nczs635m,suggested_labelerexp,24,at://did:plc:vjgt525bemzyh4npohv2kyrd/app.bsky.feed.post/3mficwkog7223,bafyreibo6lcluf56gvh4tmfk6d5k3wgfqgxe4zgmznbysjzrelrur7lvza,did:plc:vjgt525bemzyh4npohv2kyrd,wteteto.bsky.social,,
7e93e27387b44a5197c55e3b76e3bbbf,2026-02-23T00:00:00Z,2026-02-23T00:10:40Z,auth,auth_enUS_labelerexp,at://did:plc:cgl62jlhroosxyjkaffidnon/app.bsky.feed.generator/aaae4nczs635m,suggested_labelerexp,25,at://did:plc:vvzbgpttvkanxdixnp22czfd/app.bsky.feed.post/3mficwkn7522m,bafyreibq4kiobygvcdjtbobjfr5wbjjgp2tat4r5zof5aziuizcrtjyvle,did:plc:vvzbgpttvkanxdixnp22czfd,ari-sa-k.bsky.social,,
7e93e27387b44a5197c55e3b76e3bbbf,2026-02-23T00:00:00Z,2026-02-23T00:10:40Z,auth,auth_enUS_labelerexp,at://did:plc:cgl62jlhroosxyjkaffidnon/app.bsky.feed.generator/aaae4nczs635m,suggested_labelerexp,26,at://did:plc:plyymgyvkne3wux2aczgaqtc/app.bsky.feed.post/3mficwk7drk2y,bafyreievafjyv5qtibx3ammxr2szvfe4dbsfwajnabzn2j7ndhsamprxzm,did:plc:plyymgyvkne3wux2aczgaqtc,kin0k0seizinn.bsky.social,,
7e93e27387b44a5197c55e3b76e3bbbf,2026-02-23T00:00:00Z,2026-02-23T00:10:40Z,auth,auth_enUS_labelerexp,at://did:plc:cgl62jlhroosxyjkaffidnon/app.bsky.feed.generator/aaae4nczs635m,suggested_labelerexp,27,at://did:plc:tzfqawlyq4hv6rnlx2aee4mc/app.bsky.feed.post/3mficwk5noc2m,bafyreiahluy7dh36fgsr3nyjxslzd2y64vzjlsu6zlz7m3kcinp4bvukr4,did:plc:tzfqawlyq4hv6rnlx2aee4mc,entaczumomo.bsky.social,,
7e93e27387b44a5197c55e3b76e3bbbf,2026-02-23T00:00:00Z,2026-02-23T00:10:40Z,auth,auth_enUS_labelerexp,at://did:plc:cgl62jlhroosxyjkaffidnon/app.bsky.feed.generator/aaae4nczs635m,suggested_labelerexp,28,at://did:plc:odzf6g7qxue75abbyamfdlry/app.bsky.feed.post/3mficwjpfz22c,bafyreicmnhuza2nzj5ecm3xns6nlqxfs4yt2dynvbcg3b6o44svpn7dvwy,did:plc:odzf6g7qxue75abbyamfdlry,carbamideee.bsky.social,,
7e93e27387b44a5197c55e3b76e3bbbf,2026-02-23T00:00:00Z,2026-02-23T00:10:40Z,auth,auth_enUS_labelerexp,at://did:plc:cgl62jlhroosxyjkaffidnon/app.bsky.feed.generator/aaae4nczs635m,suggested_labelerexp,29,at://did:plc:zjlw5zihrzu5qz5p2pudljbn/app.bsky.feed.post/3mficwjgxis2m,bafyreicfbck75lhmdzmqj52yfl7ultgr5dzc5fpsuphzvmqpysabiazudi,did:plc:zjlw5zihrzu5qz5p2pudljbn,oshietahazuda1825.bsky.social,,
7e93e27387b44a5197c55e3b76e3bbbf,2026-02-23T00:00:00Z,2026-02-23T00:10:40Z,auth,auth_enUS_labelerexp,at://did:plc:cgl62jlhroosxyjkaffidnon/app.bsky.feed.generator/aaae4nczs635m,suggested_labelerexp,30,at://did:plc:7zrrhriurhbta5tzqg7viqju/app.bsky.feed.post/3mficwjcrpk2y,bafyreif72qo3336tqs24iymvctsiounfwmoh5zbcwjsunec2bielm23sym,did:plc:7zrrhriurhbta5tzqg7viqju,q-quand8.bsky.social,,
7e93e27387b44a5197c55e3b76e3bbbf,2026-02-23T00:00:00Z,2026-02-23T00:10:40Z,auth,auth_enUS_labelerexp,at://did:plc:cgl62jlhroosxyjkaffidnon/app.bsky.feed.generator/aaae4nczs635m,suggested_labelerexp,31,at://did:plc:lcgmjgjfp75ql2fne6hnnpbz/app.bsky.feed.post/3mficwinf5c2g,bafyreifwpexddoi4cljszrffpru6lvveyy5wob4dwu6jfkknpkp2sfwtae,did:plc:lcgmjgjfp75ql2fne6hnnpbz,fminamikawa.bsky.social,,
7e93e27387b44a5197c55e3b76e3bbbf,2026-02-23T00:00:00Z,2026-02-23T00:10:40Z,auth,auth_enUS_labelerexp,at://did:plc:cgl62jlhroosxyjkaffidnon/app.bsky.feed.generator/aaae4nczs635m,suggested_labelerexp,32,at://did:plc:tvgcqqpkjrhiu7fuyrpphiao/app.bsky.feed.post/3mficwilkkc2o,bafyreicifcsedjumuusozzxshk3z44hks2ntqco7rd2hy3s5nmfyld2sh4,did:plc:tvgcqqpkjrhiu7fuyrpphiao,sikajika.bsky.social,,
7e93e27387b44a5197c55e3b76e3bbbf,2026-02-23T00:00:00Z,2026-02-23T00:10:40Z,auth,auth_enUS_labelerexp,at://did:plc:cgl62jlhroosxyjkaffidnon/app.bsky.feed.generator/aaae4nczs635m,suggested_labelerexp,33,at://did:plc:i4sfry3dnyff5y3tfhebobj2/app.bsky.feed.post/3mficwilhmk24,bafyreidcrhdwwkpph5mien3j6rmd2tl4xyrubdtukbyg4wloh5jaqx7arq,did:plc:i4sfry3dnyff5y3tfhebobj2,midohadatroll.bsky.social,,
7e93e27387b44a5197c55e3b76e3bbbf,2026-02-23T00:00:00Z,2026-02-23T00:10:40Z,auth,auth_enUS_labelerexp,at://did:plc:cgl62jlhroosxyjkaffidnon/app.bsky.feed.generator/aaae4nczs635m,suggested_labelerexp,34,at://did:plc:ti2tsfhsr44azmjl2anisgfl/app.bsky.feed.post/3mficwi2zas2a,bafyreihrmxn2ksib233u7lh7iozwzzjbp74thitfjjbsqm4tbi2al7gpym,did:plc:ti2tsfhsr44azmjl2anisgfl,imoko27.bsky.social,,
7e93e27387b44a5197c55e3b76e3bbbf,2026-02-23T00:00:00Z,2026-02-23T00:10:40Z,auth,auth_enUS_labelerexp,at://did:plc:cgl62jlhroosxyjkaffidnon/app.bsky.feed.generator/aaae4nczs635m,suggested_labelerexp,35,at://did:plc:pkkiq2iwoqtnnuznbxbsprdl/app.bsky.feed.post/3mficwhsbxc2o,bafyreib4yceiqlva5ar6xjzazv36vne3hygs2ndgkt3ri3svdxikmyw4ku,did:plc:pkkiq2iwoqtnnuznbxbsprdl,1o-ki.bsky.social,,
7e93e27387b44a5197c55e3b76e3bbbf,2026-02-23T00:00:00Z,2026-02-23T00:10:40Z,auth,auth_enUS_labelerexp,at://did:plc:cgl62jlhroosxyjkaffidnon/app.bsky.feed.generator/aaae4nczs635m,suggested_labelerexp,36,at://did:plc:f5pqqldfj6z5izql44z6hesk/app.bsky.feed.post/3mficwgtxas2e,bafyreihqcabtzaitwd3w74ctfftnklncworarvkuopc2cb7emjg6xd4tdi,did:plc:f5pqqldfj6z5izql44z6hesk,m-inminmin.bsky.social,,
7e93e27387b44a5197c55e3b76e3bbbf,2026-02-23T00:00:00Z,2026-02-23T00:10:40Z,auth,auth_enUS_labelerexp,at://did:plc:cgl62jlhroosxyjkaffidnon/app.bsky.feed.generator/aaae4nczs635m,suggested_labelerexp,37,at://did:plc:yqfjjcyos5xpukgkt2nyvkxf/app.bsky.feed.post/3mficwj3xyl2t,bafyreigyisbgetsqatxa4v5wrzqtfzokokfbificko74yfzjrlp7jpuqke,did:plc:yqfjjcyos5xpukgkt2nyvkxf,defline.bsky.social,,
7e93e27387b44a5197c55e3b76e3bbbf,2026-02-23T00:00:00Z,2026-02-23T00:10:40Z,auth,auth_enUS_labelerexp,at://did:plc:cgl62jlhroosxyjkaffidnon/app.bsky.feed.generator/aaae4nczs635m,suggested_labelerexp,38,at://did:plc:irrl56aruxxozvhgxmppylwp/app.bsky.feed.post/3mficwgnp2k2f,bafyreienmokab7ah42q7exgufzx6tol5i6txgmnv6hnzjw5w2aecn4uicu,did:plc:irrl56aruxxozvhgxmppylwp,nmd16szok.bsky.social,,
7e93e27387b44a5197c55e3b76e3bbbf,2026-02-23T00:00:00Z,2026-02-23T00:10:40Z,auth,auth_enUS_labelerexp,at://did:plc:cgl62jlhroosxyjkaffidnon/app.bsky.feed.generator/aaae4nczs635m,suggested_labelerexp,39,at://did:plc:mroogpvmltbu6ehci6lquiqs/app.bsky.feed.post/3mficwg4szc2j,bafyreici5kmlqtot7forf5jqfkvsevxxhst3uatxlrz6p3jojievzw4fqu,did:plc:mroogpvmltbu6ehci6lquiqs,keiirike.bsky.social,,
7e93e27387b44a5197c55e3b76e3bbbf,2026-02-23T00:00:00Z,2026-02-23T00:10:40Z,auth,auth_enUS_labelerexp,at://did:plc:cgl62jlhroosxyjkaffidnon/app.bsky.feed.generator/aaae4nczs635m,suggested_labelerexp,40,at://did:plc:uwdway5rtuffbp7nwchok2ag/app.bsky.feed.post/3mficwfcedk2e,bafyreigf3zemmgaqzms2dvivhste2jgkyc32hky2sufyleb27gcomq6goq,did:plc:uwdway5rtuffbp7nwchok2ag,piblhs.bsky.social,,
7e93e27387b44a5197c55e3b76e3bbbf,2026-02-23T00:00:00Z,2026-02-23T00:10:40Z,auth,auth_enUS_labelerexp,at://did:plc:cgl62jlhroosxyjkaffidnon/app.bsky.feed.generator/aaae4nczs635m,suggested_labelerexp,41,at://did:plc:waxcf6xm3vqwbty54tn5qhbq/app.bsky.feed.post/3mficwf52g22j,bafyreiep6gvc3nniut7qjofbjcv3fgmn277ohgi2q2e2xkpz37lyuunn3a,did:plc:waxcf6xm3vqwbty54tn5qhbq,tnymoniku.bsky.social,,
7e93e27387b44a5197c55e3b76e3bbbf,2026-02-23T00:00:00Z,2026-02-23T00:10:40Z,auth,auth_enUS_labelerexp,at://did:plc:cgl62jlhroosxyjkaffidnon/app.bsky.feed.generator/aaae4nczs635m,suggested_labelerexp,42,at://did:plc:hxn6ra5aznoasi7jcwkyynlw/app.bsky.feed.post/3mficwelivc2n,bafyreihothtzfd66v6t7sw2tvksektz2bw3f22da3ayppftc3d7pjfe7aa,did:plc:hxn6ra5aznoasi7jcwkyynlw,zorro023.bsky.social,,
7e93e27387b44a5197c55e3b76e3bbbf,2026-02-23T00:00:00Z,2026-02-23T00:10:40Z,auth,auth_enUS_labelerexp,at://did:plc:cgl62jlhroosxyjkaffidnon/app.bsky.feed.generator/aaae4nczs635m,suggested_labelerexp,43,at://did:plc:zoi4ebckuidzy2bagwgsfoiz/app.bsky.feed.post/3mficwdxibc2i,bafyreieyi3mbwolwjbkze4autbepelk6mfyuhvgimp6r3mlikbuh2ngvei,did:plc:zoi4ebckuidzy2bagwgsfoiz,lotatimeria.bsky.social,,
7e93e27387b44a5197c55e3b76e3bbbf,2026-02-23T00:00:00Z,2026-02-23T00:10:40Z,auth,auth_enUS_labelerexp,at://did:plc:cgl62jlhroosxyjkaffidnon/app.bsky.feed.generator/aaae4nczs635m,suggested_labelerexp,44,at://did:plc:vorqm7ldlsvsxwd5oaofsm6u/app.bsky.feed.post/3mficwc6vps2i,bafyreihrqs7w7s3sq2cabwouu5jdjnj62taplmwz2rnskddjgwzyp4eske,did:plc:vorqm7ldlsvsxwd5oaofsm6u,helmet-sumi.bsky.social,,
7e93e27387b44a5197c55e3b76e3bbbf,2026-02-23T00:00:00Z,2026-02-23T00:10:40Z,auth,auth_enUS_labelerexp,at://did:plc:cgl62jlhroosxyjkaffidnon/app.bsky.feed.generator/aaae4nczs635m,suggested_labelerexp,45,at://did:plc:qem52hmv5vztq4lmphg3gfkj/app.bsky.feed.post/3mficwc2i4k22,bafyreiaxiygcgg63uiwd52cyqa43crrb7mq3ckhc6tklxk2svuidwpgcey,did:plc:qem52hmv5vztq4lmphg3gfkj,hazuki-otokonoko.bsky.social,,
7e93e27387b44a5197c55e3b76e3bbbf,2026-02-23T00:00:00Z,2026-02-23T00:10:40Z,auth,auth_enUS_labelerexp,at://did:plc:cgl62jlhroosxyjkaffidnon/app.bsky.feed.generator/aaae4nczs635m,suggested_labelerexp,46,at://did:plc:wxhdzyan2kf46e5o7irjkaay/app.bsky.feed.post/3mficwbvd3c26,bafyreibt5fszbfo7x2gvqmgibw5r2mwh6d6n7w6k62oq2btypxszlfh2vq,did:plc:wxhdzyan2kf46e5o7irjkaay,n1000-blue-light.bsky.social,,
7e93e27387b44a5197c55e3b76e3bbbf,2026-02-23T00:00:00Z,2026-02-23T00:10:40Z,auth,auth_enUS_labelerexp,at://did:plc:cgl62jlhroosxyjkaffidnon/app.bsky.feed.generator/aaae4nczs635m,suggested_labelerexp,47,at://did:plc:mq53wkjvtrc4pppdmcth7g5k/app.bsky.feed.post/3mficwboq5c2f,bafyreiccqxo463k5w6ucdyd4ulugykigs5ydm56gw45zorx7r7iranvbxe,did:plc:mq53wkjvtrc4pppdmcth7g5k,chipsaka.com,,
7e93e27387b44a5197c55e3b76e3bbbf,2026-02-23T00:00:00Z,2026-02-23T00:10:40Z,auth,auth_enUS_labelerexp,at://did:plc:cgl62jlhroosxyjkaffidnon/app.bsky.feed.generator/aaae4nczs635m,suggested_labelerexp,48,at://did:plc:d5ntrtecaeqq6msp7s4vn7vd/app.bsky.feed.post/3mficwb43hk2h,bafyreihprobmgkrit7qrjly7r7ys6f5km47kd5iouuy4kpefodntxjtdgy,did:plc:d5ntrtecaeqq6msp7s4vn7vd,nyon-xxx.bsky.social,,
7e93e27387b44a5197c55e3b76e3bbbf,2026-02-23T00:00:00Z,2026-02-23T00:10:40Z,auth,auth_enUS_labelerexp,at://did:plc:cgl62jlhroosxyjkaffidnon/app.bsky.feed.generator/aaae4nczs635m,suggested_labelerexp,49,at://did:plc:7dhhh3arxqetymrjcm234uso/app.bsky.feed.post/3mficwakf2k2h,bafyreif4n7hkwa2pvjegrletrgo4zu4hauokwbxqhma6qrg2eyaul7arie,did:plc:7dhhh3arxqetymrjcm234uso,noutenmiar.bsky.social,,
7e93e27387b44a5197c55e3b76e3bbbf,2026-02-23T00:00:00Z,2026-02-23T00:10:40Z,auth,auth_enUS_labelerexp,at://did:plc:cgl62jlhroosxyjkaffidnon/app.bsky.feed.generator/aaae4nczs635m,suggested_labelerexp,50,at://did:plc:mxnafvopg4jl7ngmin6rwhm2/app.bsky.feed.post/3mficwa4grc2t,bafyreidv6sq5xheuj3izqy3vj634zfulrr7abcnyky6cxl736czem5ferq,did:plc:mxnafvopg4jl7ngmin6rwhm2,affection-is-death.bsky.social,,
7e93e27387b44a5197c55e3b76e3bbbf,2026-02-23T00:00:00Z,2026-02-23T00:10:41Z,auth,auth_enUS_labelerexp,at://did:plc:dvgliotey33vix3wlltybgkd/app.bsky.feed.generator/ukrainian-view,suggested_labelerexp,1,at://did:plc:wuv4nhg5igtr2vivkul65cx6/app.bsky.feed.post/3mfia7sxo322f,bafyreibo4m43e6vxrrzxbbx4hk2uful27rmr7ji5zyspfnwccp5qd22bda,did:plc:wuv4nhg5igtr2vivkul65cx6,darekadattehito.bsky.social,,
7e93e27387b44a5197c55e3b76e3bbbf,2026-02-23T00:00:00Z,2026-02-23T00:10:41Z,auth,auth_enUS_labelerexp,at://did:plc:dvgliotey33vix3wlltybgkd/app.bsky.feed.generator/ukrainian-view,suggested_labelerexp,2,at://did:plc:d62vi7uzfjd7i4cu4gsgvzyn/app.bsky.feed.post/3mfhyajnn4k2p,bafyreieyinokv44aruvg2rvkxlb2s7qf6lc4rfb6t2qc5d4j3fxkokbhcm,did:plc:d62vi7uzfjd7i4cu4gsgvzyn,pangeaua.bsky.social,,
7e93e27387b44a5197c55e3b76e3bbbf,2026-02-23T00:00:00Z,2026-02-23T00:10:41Z,auth,auth_enUS_labelerexp,at://did:plc:dvgliotey33vix3wlltybgkd/app.bsky.feed.generator/ukrainian-view,suggested_labelerexp,3,at://did:plc:yds662lhlukg3u6wtl3xx4oh/app.bsky.feed.post/3mfh5vq6ktk2c,bafyreidfyo546kvvc2qm266so3bjo3n3jm73gvpdowqiaemh6yurs4fw7e,did:plc:yds662lhlukg3u6wtl3xx4oh,lithra.bsky.social,,
7e93e27387b44a5197c55e3b76e3bbbf,2026-02-23T00:00:00Z,2026-02-23T00:10:41Z,auth,auth_enUS_labelerexp,at://did:plc:dvgliotey33vix3wlltybgkd/app.bsky.feed.generator/ukrainian-view,suggested_labelerexp,4,at://did:plc:yds662lhlukg3u6wtl3xx4oh/app.bsky.feed.post/3mfh5ttga3k2c,bafyreig4qycxlsg3bqlsfvmt2pima2zcrosh3e244pubbssdreyybnvpgi,did:plc:yds662lhlukg3u6wtl3xx4oh,lithra.bsky.social,,
7e93e27387b44a5197c55e3b76e3bbbf,2026-02-23T00:00:00Z,2026-02-23T00:10:41Z,auth,auth_enUS_labelerexp,at://did:plc:dvgliotey33vix3wlltybgkd/app.bsky.feed.generator/ukrainian-view,suggested_labelerexp,5,at://did:plc:yds662lhlukg3u6wtl3xx4oh/app.bsky.feed.post/3mfh5sho5e22c,bafyreia7ncpm7uhxjh7os5vgelgwsat5amxoh4ok3zdyzpxyht7dtrx7xu,did:plc:yds662lhlukg3u6wtl3xx4oh,lithra.bsky.social,,
7e93e27387b44a5197c55e3b76e3bbbf,2026-02-23T00:00:00Z,2026-02-23T00:10:41Z,auth,auth_enUS_labelerexp,at://did:plc:dvgliotey33vix3wlltybgkd/app.bsky.feed.generator/ukrainian-view,suggested_labelerexp,6,at://did:plc:vhwgv3eg5b3v6hydhvlossi2/app.bsky.feed.post/3mfh2kkyohk2f,bafyreif52upcosjr44egdgzyiksywixvgkvdytquxinkveydhve4ac3bgy,did:plc:vhwgv3eg5b3v6hydhvlossi2,qirimvoyager.bsky.social,,
7e93e27387b44a5197c55e3b76e3bbbf,2026-02-23T00:00:00Z,2026-02-23T00:10:41Z,auth,auth_enUS_labelerexp,at://did:plc:dvgliotey33vix3wlltybgkd/app.bsky.feed.generator/ukrainian-view,suggested_labelerexp,7,at://did:plc:vhwgv3eg5b3v6hydhvlossi2/app.bsky.feed.post/3mfgysb2wok26,bafyreifz2peetddqciswvwglabu6myilcvlhuvbzrh4ccsqv5eeupwfkf4,did:plc:vhwgv3eg5b3v6hydhvlossi2,qirimvoyager.bsky.social,,
7e93e27387b44a5197c55e3b76e3bbbf,2026-02-23T00:00:00Z,2026-02-23T00:10:41Z,auth,auth_enUS_labelerexp,at://did:plc:dvgliotey33vix3wlltybgkd/app.bsky.feed.generator/ukrainian-view,suggested_labelerexp,8,at://did:plc:d62vi7uzfjd7i4cu4gsgvzyn/app.bsky.feed.post/3mfgw5gf3ps2g,bafyreifgt5ba5zuvfq5ydaedju26nlfguqmtqr7xhg4weairf73ridsujy,did:plc:d62vi7uzfjd7i4cu4gsgvzyn,pangeaua.bsky.social,,
7e93e27387b44a5197c55e3b76e3bbbf,2026-02-23T00:00:00Z,2026-02-23T00:10:41Z,auth,auth_enUS_labelerexp,at://did:plc:dvgliotey33vix3wlltybgkd/app.bsky.feed.generator/ukrainian-view,suggested_labelerexp,9,at://did:plc:w4dzg6tdavlznotnfa2vth6p/app.bsky.feed.post/3mfgvoz464c2z,bafyreih4qi66rwfk4wu4ifvumwqduzn3ikmlvwj37rlwcan5vpep63yvpq,did:plc:w4dzg6tdavlznotnfa2vth6p,dariia.bsky.social,,
7e93e27387b44a5197c55e3b76e3bbbf,2026-02-23T00:00:00Z,2026-02-23T00:10:41Z,auth,auth_enUS_labelerexp,at://did:plc:dvgliotey33vix3wlltybgkd/app.bsky.feed.generator/ukrainian-view,suggested_labelerexp,10,at://did:plc:yds662lhlukg3u6wtl3xx4oh/app.bsky.feed.post/3mfgsvcyrtd2t,bafyreickapmadcod6axzfwlprjfcyu5jvmq72ncchcij5vs6dpih5m6opa,did:plc:yds662lhlukg3u6wtl3xx4oh,lithra.bsky.social,,
7e93e27387b44a5197c55e3b76e3bbbf,2026-02-23T00:00:00Z,2026-02-23T00:10:41Z,auth,auth_enUS_labelerexp,at://did:plc:dvgliotey33vix3wlltybgkd/app.bsky.feed.generator/ukrainian-view,suggested_labelerexp,11,at://did:plc:yds662lhlukg3u6wtl3xx4oh/app.bsky.feed.post/3mfgsvcyjzc2t,bafyreigxkpf54mnmcoy7j4s77uqinplowioahrc33x5fqofu4tjqz5ucwq,did:plc:yds662lhlukg3u6wtl3xx4oh,lithra.bsky.social,,
7e93e27387b44a5197c55e3b76e3bbbf,2026-02-23T00:00:00Z,2026-02-23T00:10:41Z,auth,auth_enUS_labelerexp,at://did:plc:dvgliotey33vix3wlltybgkd/app.bsky.feed.generator/ukrainian-view,suggested_labelerexp,12,at://did:plc:d62vi7uzfjd7i4cu4gsgvzyn/app.bsky.feed.post/3mfglphtv322d,bafyreifwwsy6yb76roueovnwte6a7c5tpu3hlhpiwll5uma4y4u6hy322i,did:plc:d62vi7uzfjd7i4cu4gsgvzyn,pangeaua.bsky.social,,
7e93e27387b44a5197c55e3b76e3bbbf,2026-02-23T00:00:00Z,2026-02-23T00:10:41Z,auth,auth_enUS_labelerexp,at://did:plc:dvgliotey33vix3wlltybgkd/app.bsky.feed.generator/ukrainian-view,suggested_labelerexp,13,at://did:plc:f5xkhushrnb4snbxuohamy4k/app.bsky.feed.post/3mffugmftss2i,bafyreibqbghrrl4vwkibktfubkty5jrkrhp7ulurtv74fezl7yanncz2lm,did:plc:f5xkhushrnb4snbxuohamy4k,andriikatriuk.bsky.social,,
7e93e27387b44a5197c55e3b76e3bbbf,2026-02-23T00:00:00Z,2026-02-23T00:10:41Z,auth,auth_enUS_labelerexp,at://did:plc:dvgliotey33vix3wlltybgkd/app.bsky.feed.generator/ukrainian-view,suggested_labelerexp,14,at://did:plc:lkeav2zzggrixdy7qo5rreww/app.bsky.feed.post/3mffkhwd2yk2r,bafyreicl7a5ji76a3o5a3a5ukdhkjzxw35vzm6mylwzfmknsribniskp3i,did:plc:lkeav2zzggrixdy7qo5rreww,ygorodnichenko.bsky.social,,
7e93e27387b44a5197c55e3b76e3bbbf,2026-02-23T00:00:00Z,2026-02-23T00:10:41Z,auth,auth_enUS_labelerexp,at://did:plc:dvgliotey33vix3wlltybgkd/app.bsky.feed.generator/ukrainian-view,suggested_labelerexp,15,at://did:plc:yds662lhlukg3u6wtl3xx4oh/app.bsky.feed.post/3mffhgf3lgs2o,bafyreiaieeqhjabmfqhn7dw57bakfg6gecrsisar7qekrmxzxltnqmkjc4,did:plc:yds662lhlukg3u6wtl3xx4oh,lithra.bsky.social,,
7e93e27387b44a5197c55e3b76e3bbbf,2026-02-23T00:00:00Z,2026-02-23T00:10:41Z,auth,auth_enUS_labelerexp,at://did:plc:dvgliotey33vix3wlltybgkd/app.bsky.feed.generator/ukrainian-view,suggested_labelerexp,16,at://did:plc:furgnexkydrc7lzalha4co75/app.bsky.feed.post/3mfesjr3ep22j,bafyreiclxuucd42q633tzzxoyabc3cqdywymlddxqv36n532lntd536zaq,did:plc:furgnexkydrc7lzalha4co75,veatrix.bsky.social,,
7e93e27387b44a5197c55e3b76e3bbbf,2026-02-23T00:00:00Z,2026-02-23T00:10:41Z,auth,auth_enUS_labelerexp,at://did:plc:dvgliotey33vix3wlltybgkd/app.bsky.feed.generator/ukrainian-view,suggested_labelerexp,17,at://did:plc:yds662lhlukg3u6wtl3xx4oh/app.bsky.feed.post/3mfcgq3uufc2s,bafyreieclcvpvscnntjfd2732rymqmccomjtyln7zhnnddmmrevgwmb72e,did:plc:yds662lhlukg3u6wtl3xx4oh,lithra.bsky.social,,
7e93e27387b44a5197c55e3b76e3bbbf,2026-02-23T00:00:00Z,2026-02-23T00:10:41Z,auth,auth_enUS_labelerexp,at://did:plc:dvgliotey33vix3wlltybgkd/app.bsky.feed.generator/ukrainian-view,suggested_labelerexp,18,at://did:plc:3qputnkewkim2xxl4vt4woob/app.bsky.feed.post/3mfboiusnw22j,bafyreidhviorblaozte4bqj2hb5icdmthjwieywgmrg6h427wgelbmqyoe,did:plc:3qputnkewkim2xxl4vt4woob,fors.bsky.social,,
7e93e27387b44a5197c55e3b76e3bbbf,2026-02-23T00:00:00Z,2026-02-23T00:10:41Z,auth,auth_enUS_labelerexp,at://did:plc:dvgliotey33vix3wlltybgkd/app.bsky.feed.generator/ukrainian-view,suggested_labelerexp,19,at://did:plc:d62vi7uzfjd7i4cu4gsgvzyn/app.bsky.feed.post/3mfbho7ty6c27,bafyreib2ab47y3jpzwiokzxnotnjy33m7p3jncllnelz7g2r7ry7kyequq,did:plc:d62vi7uzfjd7i4cu4gsgvzyn,pangeaua.bsky.social,,
7e93e27387b44a5197c55e3b76e3bbbf,2026-02-23T00:00:00Z,2026-02-23T00:10:41Z,auth,auth_enUS_labelerexp,at://did:plc:dvgliotey33vix3wlltybgkd/app.bsky.feed.generator/ukrainian-view,suggested_labelerexp,20,at://did:plc:d62vi7uzfjd7i4cu4gsgvzyn/app.bsky.feed.post/3mfahrlvn2s2n,bafyreihyqwyco4wjzulytebofcz4vdl3zudjraamncul235yy2hyx3s6v4,did:plc:d62vi7uzfjd7i4cu4gsgvzyn,pangeaua.bsky.social,,
7e93e27387b44a5197c55e3b76e3bbbf,2026-02-23T00:00:00Z,2026-02-23T00:10:41Z,auth,auth_enUS_labelerexp,at://did:plc:dvgliotey33vix3wlltybgkd/app.bsky.feed.generator/ukrainian-view,suggested_labelerexp,21,at://did:plc:dqgkr53pbbfcm7lfxwhleovc/app.bsky.feed.post/3mfa6xbgm6s2k,bafyreiaozybcwpu77b26x23etkq4a2dazbcumhzbqmwetmebcx6cgz3otq,did:plc:dqgkr53pbbfcm7lfxwhleovc,ambassador.name,,
7e93e27387b44a5197c55e3b76e3bbbf,2026-02-23T00:00:00Z,2026-02-23T00:10:41Z,auth,auth_enUS_labelerexp,at://did:plc:dvgliotey33vix3wlltybgkd/app.bsky.feed.generator/ukrainian-view,suggested_labelerexp,22,at://did:plc:dqgkr53pbbfcm7lfxwhleovc/app.bsky.feed.post/3mf7yjt4xa22k,bafyreiervvdcanxy5wvi43x35xbdsngnop2zjlabtnoa6izqisldlbmvli,did:plc:dqgkr53pbbfcm7lfxwhleovc,ambassador.name,,
7e93e27387b44a5197c55e3b76e3bbbf,2026-02-23T00:00:00Z,2026-02-23T00:10:41Z,auth,auth_enUS_labelerexp,at://did:plc:dvgliotey33vix3wlltybgkd/app.bsky.feed.generator/ukrainian-view,suggested_labelerexp,23,at://did:plc:yds662lhlukg3u6wtl3xx4oh/app.bsky.feed.post/3mf7yg4k7lk2d,bafyreibm6v6acw22yxpmmqm47oexg2ir2scdl2n3qrmna2gumkealalgee,did:plc:yds662lhlukg3u6wtl3xx4oh,lithra.bsky.social,,
7e93e27387b44a5197c55e3b76e3bbbf,2026-02-23T00:00:00Z,2026-02-23T00:10:41Z,auth,auth_enUS_labelerexp,at://did:plc:dvgliotey33vix3wlltybgkd/app.bsky.feed.generator/ukrainian-view,suggested_labelerexp,24,at://did:plc:yds662lhlukg3u6wtl3xx4oh/app.bsky.feed.post/3mf6z6fgl722j,bafyreidbibgfjg27zhnmur4rxnk5wvvzzq6r544cf7gzjullwlwmolrzdu,did:plc:yds662lhlukg3u6wtl3xx4oh,lithra.bsky.social,,
7e93e27387b44a5197c55e3b76e3bbbf,2026-02-23T00:00:00Z,2026-02-23T00:10:41Z,auth,auth_enUS_labelerexp,at://did:plc:dvgliotey33vix3wlltybgkd/app.bsky.feed.generator/ukrainian-view,suggested_labelerexp,25,at://did:plc:d62vi7uzfjd7i4cu4gsgvzyn/app.bsky.feed.post/3mf5uswxo4s2a,bafyreiaytleq3ipa2utc6fmxfapq7gib7tpzsiki3aiv4fon74djmigt6e,did:plc:d62vi7uzfjd7i4cu4gsgvzyn,pangeaua.bsky.social,,
7e93e27387b44a5197c55e3b76e3bbbf,2026-02-23T00:00:00Z,2026-02-23T00:10:41Z,auth,auth_enUS_labelerexp,at://did:plc:dvgliotey33vix3wlltybgkd/app.bsky.feed.generator/ukrainian-view,suggested_labelerexp,26,at://did:plc:lkeav2zzggrixdy7qo5rreww/app.bsky.feed.post/3mf5keojhwc2z,bafyreif3zjfpfz3e2loleg6gauv3ksjxlfxeqjx7te55wtcgt54raazuhi,did:plc:lkeav2zzggrixdy7qo5rreww,ygorodnichenko.bsky.social,,
7e93e27387b44a5197c55e3b76e3bbbf,2026-02-23T00:00:00Z,2026-02-23T00:10:41Z,auth,auth_enUS_labelerexp,at://did:plc:dvgliotey33vix3wlltybgkd/app.bsky.feed.generator/ukrainian-view,suggested_labelerexp,27,at://did:plc:opsa4ty3rpwnrhzuxxaihuzz/app.bsky.feed.post/3mf5jaqjjc22v,bafyreifqxcrfb2pcjwlcjwcicrcafyxh2w2d6xqqb76d2f4asu5vi4d6fi,did:plc:opsa4ty3rpwnrhzuxxaihuzz,mariasergiivna.bsky.social,,
7e93e27387b44a5197c55e3b76e3bbbf,2026-02-23T00:00:00Z,2026-02-23T00:10:41Z,auth,auth_enUS_labelerexp,at://did:plc:dvgliotey33vix3wlltybgkd/app.bsky.feed.generator/ukrainian-view,suggested_labelerexp,28,at://did:plc:d62vi7uzfjd7i4cu4gsgvzyn/app.bsky.feed.post/3mf5fxw5amk25,bafyreie2iq3kecahwoqq4a7n3s6fyq2bsadzx3sul4hzawybfmor6ve7rm,did:plc:d62vi7uzfjd7i4cu4gsgvzyn,pangeaua.bsky.social,,
7e93e27387b44a5197c55e3b76e3bbbf,2026-02-23T00:00:00Z,2026-02-23T00:10:41Z,auth,auth_enUS_labelerexp,at://did:plc:dvgliotey33vix3wlltybgkd/app.bsky.feed.generator/ukrainian-view,suggested_labelerexp,29,at://did:plc:dqgkr53pbbfcm7lfxwhleovc/app.bsky.feed.post/3mf4st5ilos27,bafyreibfe4bd43wk2otd7vi6cjoftuzcr3tr25bedj4c4xieynfj4acnsy,did:plc:dqgkr53pbbfcm7lfxwhleovc,ambassador.name,,
7e93e27387b44a5197c55e3b76e3bbbf,2026-02-23T00:00:00Z,2026-02-23T00:10:41Z,auth,auth_enUS_labelerexp,at://did:plc:dvgliotey33vix3wlltybgkd/app.bsky.feed.generator/ukrainian-view,suggested_labelerexp,30,at://did:plc:f5xkhushrnb4snbxuohamy4k/app.bsky.feed.post/3mf3p3qxhjs22,bafyreib5ze7jzyutv3yj754jccn2esavz3e5zhgfuvbvtbvfvkhuibevia,did:plc:f5xkhushrnb4snbxuohamy4k,andriikatriuk.bsky.social,,
7e93e27387b44a5197c55e3b76e3bbbf,2026-02-23T00:00:00Z,2026-02-23T00:10:41Z,auth,auth_enUS_labelerexp,at://did:plc:dvgliotey33vix3wlltybgkd/app.bsky.feed.generator/ukrainian-view,suggested_labelerexp,31,at://did:plc:d62vi7uzfjd7i4cu4gsgvzyn/app.bsky.feed.post/3mf3i5wa3wc2g,bafyreiemvga2wi2sbn52ddnrejewdm7plcy6rdvlk3af5zg3i2rhvk6v4e,did:plc:d62vi7uzfjd7i4cu4gsgvzyn,pangeaua.bsky.social,,
7e93e27387b44a5197c55e3b76e3bbbf,2026-02-23T00:00:00Z,2026-02-23T00:10:41Z,auth,auth_enUS_labelerexp,at://did:plc:dvgliotey33vix3wlltybgkd/app.bsky.feed.generator/ukrainian-view,suggested_labelerexp,32,at://did:plc:dqgkr53pbbfcm7lfxwhleovc/app.bsky.feed.post/3mf3cq53pgk2k,bafyreic2g2pqhsjpq7srnbpuf37j7tiqodssqxdf6ok4oqtl3757a7p52y,did:plc:dqgkr53pbbfcm7lfxwhleovc,ambassador.name,,
7e93e27387b44a5197c55e3b76e3bbbf,2026-02-23T00:00:00Z,2026-02-23T00:10:41Z,auth,auth_enUS_labelerexp,at://did:plc:dvgliotey33vix3wlltybgkd/app.bsky.feed.generator/ukrainian-view,suggested_labelerexp,33,at://did:plc:wuv4nhg5igtr2vivkul65cx6/app.bsky.feed.post/3mf37nopgbc2a,bafyreif2zxx77lbiklsxdogsga52talzxrlktfwvcbfhngjkpvajd3odhq,did:plc:wuv4nhg5igtr2vivkul65cx6,darekadattehito.bsky.social,,
7e93e27387b44a5197c55e3b76e3bbbf,2026-02-23T00:00:00Z,2026-02-23T00:10:41Z,auth,auth_enUS_labelerexp,at://did:plc:dvgliotey33vix3wlltybgkd/app.bsky.feed.generator/ukrainian-view,suggested_labelerexp,34,at://did:plc:ewhbqgpvunfrrss2lj3awu7i/app.bsky.feed.post/3mf2vgudgc22q,bafyreigbfybnrmomwxvf4s2szbb5j2zg2ctcla7qey3kz6pcmgxgo3quia,did:plc:ewhbqgpvunfrrss2lj3awu7i,dreanor.bsky.social,,
7e93e27387b44a5197c55e3b76e3bbbf,2026-02-23T00:00:00Z,2026-02-23T00:10:41Z,auth,auth_enUS_labelerexp,at://did:plc:dvgliotey33vix3wlltybgkd/app.bsky.feed.generator/ukrainian-view,suggested_labelerexp,35,at://did:plc:ewhbqgpvunfrrss2lj3awu7i/app.bsky.feed.post/3mf2crsgnuc2j,bafyreiaoo3areof5awheovffwpq33yvumicvbzwjqowkuuvutibm5asqa4,did:plc:ewhbqgpvunfrrss2lj3awu7i,dreanor.bsky.social,,
7e93e27387b44a5197c55e3b76e3bbbf,2026-02-23T00:00:00Z,2026-02-23T00:10:41Z,auth,auth_enUS_labelerexp,at://did:plc:dvgliotey33vix3wlltybgkd/app.bsky.feed.generator/ukrainian-view,suggested_labelerexp,36,at://did:plc:yds662lhlukg3u6wtl3xx4oh/app.bsky.feed.post/3mf2brbwlas2n,bafyreidva2g6ew7f4kcvhjofd6u2i4jmi27rokja4riyna5x2aegooeolq,did:plc:yds662lhlukg3u6wtl3xx4oh,lithra.bsky.social,,
7e93e27387b44a5197c55e3b76e3bbbf,2026-02-23T00:00:00Z,2026-02-23T00:10:41Z,auth,auth_enUS_labelerexp,at://did:plc:dvgliotey33vix3wlltybgkd/app.bsky.feed.generator/ukrainian-view,suggested_labelerexp,37,at://did:plc:yds662lhlukg3u6wtl3xx4oh/app.bsky.feed.post/3mf2bliaxg22n,bafyreibj24ayvkzzwfdracyubd7pdubpv3tx6jw4gujq54hzu5ing7uog4,did:plc:yds662lhlukg3u6wtl3xx4oh,lithra.bsky.social,,
7e93e27387b44a5197c55e3b76e3bbbf,2026-02-23T00:00:00Z,2026-02-23T00:10:41Z,auth,auth_enUS_labelerexp,at://did:plc:dvgliotey33vix3wlltybgkd/app.bsky.feed.generator/ukrainian-view,suggested_labelerexp,38,at://did:plc:f5xkhushrnb4snbxuohamy4k/app.bsky.feed.post/3mez5poou7s2w,bafyreihjfp7fy7peizxmmu2vghajxlbw5zz2gjtoxclrdoejs6urkfc2ka,did:plc:f5xkhushrnb4snbxuohamy4k,andriikatriuk.bsky.social,,
7e93e27387b44a5197c55e3b76e3bbbf,2026-02-23T00:00:00Z,2026-02-23T00:10:41Z,auth,auth_enUS_labelerexp,at://did:plc:dvgliotey33vix3wlltybgkd/app.bsky.feed.generator/ukrainian-view,suggested_labelerexp,39,at://did:plc:dqgkr53pbbfcm7lfxwhleovc/app.bsky.feed.post/3mewfaygulk2x,bafyreidysjewxjtn7uhpiwtiizqvx7zl7dfykmjzlbpjw4s4zxbebax4ri,did:plc:dqgkr53pbbfcm7lfxwhleovc,ambassador.name,,
7e93e27387b44a5197c55e3b76e3bbbf,2026-02-23T00:00:00Z,2026-02-23T00:10:41Z,auth,auth_enUS_labelerexp,at://did:plc:dvgliotey33vix3wlltybgkd/app.bsky.feed.generator/ukrainian-view,suggested_labelerexp,40,at://did:plc:d62vi7uzfjd7i4cu4gsgvzyn/app.bsky.feed.post/3mew575cijk2z,bafyreia6hngqjba6eebm6ud4nhs4osgqfiksryga4eljuc6tuyjeuhvtxe,did:plc:d62vi7uzfjd7i4cu4gsgvzyn,pangeaua.bsky.social,,
7e93e27387b44a5197c55e3b76e3bbbf,2026-02-23T00:00:00Z,2026-02-23T00:10:41Z,auth,auth_enUS_labelerexp,at://did:plc:dvgliotey33vix3wlltybgkd/app.bsky.feed.generator/ukrainian-view,suggested_labelerexp,41,at://did:plc:kyvkxl7gsxor2oj3gjfnv4ns/app.bsky.feed.post/3mevjkb6b7222,bafyreifztb7yapafjux3deib4yljyx6kbndxrerbrmgg3xposcgkcjzi34,did:plc:kyvkxl7gsxor2oj3gjfnv4ns,oksii33.ukr.monster,,
7e93e27387b44a5197c55e3b76e3bbbf,2026-02-23T00:00:00Z,2026-02-23T00:10:41Z,auth,auth_enUS_labelerexp,at://did:plc:dvgliotey33vix3wlltybgkd/app.bsky.feed.generator/ukrainian-view,suggested_labelerexp,42,at://did:plc:ve6s3mxkefjaxty3m4fdqumn/app.bsky.feed.post/3metzhb6ops2m,bafyreifka243mibuzpl2rz6unx5s32qxce5tccbfvryce6fe7n654wxzji,did:plc:ve6s3mxkefjaxty3m4fdqumn,webknjaz.me,,
7e93e27387b44a5197c55e3b76e3bbbf,2026-02-23T00:00:00Z,2026-02-23T00:10:41Z,auth,auth_enUS_labelerexp,at://did:plc:dvgliotey33vix3wlltybgkd/app.bsky.feed.generator/ukrainian-view,suggested_labelerexp,43,at://did:plc:yds662lhlukg3u6wtl3xx4oh/app.bsky.feed.post/3metmicuds22k,bafyreibqinsrfm3odoxzwnki5uh53dwjbrdnsk7s6b7cugb4xpbmncdxdy,did:plc:yds662lhlukg3u6wtl3xx4oh,lithra.bsky.social,,
7e93e27387b44a5197c55e3b76e3bbbf,2026-02-23T00:00:00Z,2026-02-23T00:10:41Z,auth,auth_enUS_labelerexp,at://did:plc:dvgliotey33vix3wlltybgkd/app.bsky.feed.generator/ukrainian-view,suggested_labelerexp,44,at://did:plc:qybohxdl3tw2tsnxqhxq4gnn/app.bsky.feed.post/3meshjuqt6k2j,bafyreih3exsgaesg7m4ifawh5plpm7walqvof2nlkrkpfc6ljleenbv2ay,did:plc:qybohxdl3tw2tsnxqhxq4gnn,rar96.bsky.social,,
7e93e27387b44a5197c55e3b76e3bbbf,2026-02-23T00:00:00Z,2026-02-23T00:10:41Z,auth,auth_enUS_labelerexp,at://did:plc:dvgliotey33vix3wlltybgkd/app.bsky.feed.generator/ukrainian-view,suggested_labelerexp,45,at://did:plc:3fivj26j5z7636uuxcsqh453/app.bsky.feed.post/3merkn5jedc2q,bafyreibhqr2werwcjdknptlr7iayfokinnjqtbtbg47ncne2ur7ap652l4,did:plc:3fivj26j5z7636uuxcsqh453,esq-untitle.bsky.social,,
7e93e27387b44a5197c55e3b76e3bbbf,2026-02-23T00:00:00Z,2026-02-23T00:10:41Z,auth,auth_enUS_labelerexp,at://did:plc:dvgliotey33vix3wlltybgkd/app.bsky.feed.generator/ukrainian-view,suggested_labelerexp,46,at://did:plc:d62vi7uzfjd7i4cu4gsgvzyn/app.bsky.feed.post/3mer6rnykm22l,bafyreieejghsm5wcr5tc47qzayya7r7thzosny4vzyzouxtlyhykuapoxu,did:plc:d62vi7uzfjd7i4cu4gsgvzyn,pangeaua.bsky.social,,
7e93e27387b44a5197c55e3b76e3bbbf,2026-02-23T00:00:00Z,2026-02-23T00:10:41Z,auth,auth_enUS_labelerexp,at://did:plc:dvgliotey33vix3wlltybgkd/app.bsky.feed.generator/ukrainian-view,suggested_labelerexp,47,at://did:plc:dqgkr53pbbfcm7lfxwhleovc/app.bsky.feed.post/3mer5mz4xuc2x,bafyreihet4xvnw26o26pv7huikh432qfk4mcopephpv66fjxq3woydrqyu,did:plc:dqgkr53pbbfcm7lfxwhleovc,ambassador.name,,
7e93e27387b44a5197c55e3b76e3bbbf,2026-02-23T00:00:00Z,2026-02-23T00:10:41Z,auth,auth_enUS_labelerexp,at://did:plc:dvgliotey33vix3wlltybgkd/app.bsky.feed.generator/ukrainian-view,suggested_labelerexp,48,at://did:plc:dqgkr53pbbfcm7lfxwhleovc/app.bsky.feed.post/3meqzqo6wbc2x,bafyreibg7zkilq5xsus6y4xr7nymckkqnse7baznkpdho5lf74oygtgyde,did:plc:dqgkr53pbbfcm7lfxwhleovc,ambassador.name,,
7e93e27387b44a5197c55e3b76e3bbbf,2026-02-23T00:00:00Z,2026-02-23T00:10:41Z,auth,auth_enUS_labelerexp,at://did:plc:dvgliotey33vix3wlltybgkd/app.bsky.feed.generator/ukrainian-view,suggested_labelerexp,49,at://did:plc:lkeav2zzggrixdy7qo5rreww/app.bsky.feed.post/3meqyew3dgc2w,bafyreibe5pfo6x5paxhyv4ychkucikztmtwc2nxf7biljurmtdy7gtx6mu,did:plc:lkeav2zzggrixdy7qo5rreww,ygorodnichenko.bsky.social,,
7e93e27387b44a5197c55e3b76e3bbbf,2026-02-23T00:00:00Z,2026-02-23T00:10:41Z,auth,auth_enUS_labelerexp,at://did:plc:dvgliotey33vix3wlltybgkd/app.bsky.feed.generator/ukrainian-view,suggested_labelerexp,50,at://did:plc:3fivj26j5z7636uuxcsqh453/app.bsky.feed.post/3meqrkv65ys2t,bafyreidswjdeezfx5rfz42aapbv3s4fhtzdpv4wbrlw3g6haj5sbvcqnt4,did:plc:3fivj26j5z7636uuxcsqh453,esq-untitle.bsky.social,,
7e93e27387b44a5197c55e3b76e3bbbf,2026-02-23T00:00:00Z,2026-02-23T00:10:42Z,auth,auth_enUS_labelerexp,at://did:plc:geoqe3qls5mwezckxxsewys2/app.bsky.feed.generator/aaab4fazlcktw,suggested_labelerexp,1,at://did:plc:geoqe3qls5mwezckxxsewys2/app.bsky.feed.post/3lbqadado2s2r,bafyreiaboznhdqnbfdypgl26awhzodpk2c4dr6bulapvmup54zqwhenfdm,did:plc:geoqe3qls5mwezckxxsewys2,clarabelle.xyz,,
7e93e27387b44a5197c55e3b76e3bbbf,2026-02-23T00:00:00Z,2026-02-23T00:10:42Z,auth,auth_enUS_labelerexp,at://did:plc:geoqe3qls5mwezckxxsewys2/app.bsky.feed.generator/aaab4fazlcktw,suggested_labelerexp,2,at://did:plc:7b6wl6ttpdaynkosouvgsp3l/app.bsky.feed.post/3mfhuxmrlpk2i,bafyreifxi5nyc5rwhfpykfy56z6zrfbd3tuphgabeoq46hg2b2siwdl6u4,did:plc:7b6wl6ttpdaynkosouvgsp3l,msadaukta.bsky.social,,
7e93e27387b44a5197c55e3b76e3bbbf,2026-02-23T00:00:00Z,2026-02-23T00:10:42Z,auth,auth_enUS_labelerexp,at://did:plc:geoqe3qls5mwezckxxsewys2/app.bsky.feed.generator/aaab4fazlcktw,suggested_labelerexp,3,at://did:plc:tp7ppz6a3eyduaw4z6kp3k2k/app.bsky.feed.post/3mfhyvmurrc2f,bafyreigubntsn34ijpvxpc2gmpv6nb6ixfekjddkinoetwkunlf3phegiq,did:plc:tp7ppz6a3eyduaw4z6kp3k2k,scoobsboobs.bsky.social,,
7e93e27387b44a5197c55e3b76e3bbbf,2026-02-23T00:00:00Z,2026-02-23T00:10:42Z,auth,auth_enUS_labelerexp,at://did:plc:geoqe3qls5mwezckxxsewys2/app.bsky.feed.generator/aaab4fazlcktw,suggested_labelerexp,4,at://did:plc:kpkklw7xquafbywvbhpze74r/app.bsky.feed.post/3mfhugwrnb225,bafyreigz2lw34y6poez2moj6g326gaeiihijs74bijmw7443ezd7wkqfxq,did:plc:kpkklw7xquafbywvbhpze74r,mindykitten.bsky.social,,
7e93e27387b44a5197c55e3b76e3bbbf,2026-02-23T00:00:00Z,2026-02-23T00:10:42Z,auth,auth_enUS_labelerexp,at://did:plc:geoqe3qls5mwezckxxsewys2/app.bsky.feed.generator/aaab4fazlcktw,suggested_labelerexp,5,at://did:plc:edabi54wnyh7uxhwxtr3gago/app.bsky.feed.post/3mfhvazs5vk2d,bafyreieh4jw3llapzu4er6dlkb6igsylk7dvm5osepr4m4plfgx2jwoifq,did:plc:edabi54wnyh7uxhwxtr3gago,beepills.bsky.social,,
7e93e27387b44a5197c55e3b76e3bbbf,2026-02-23T00:00:00Z,2026-02-23T00:10:42Z,auth,auth_enUS_labelerexp,at://did:plc:geoqe3qls5mwezckxxsewys2/app.bsky.feed.generator/aaab4fazlcktw,suggested_labelerexp,6,at://did:plc:prkll2rp6lxrgzyzwaj4hd43/app.bsky.feed.post/3mfi74wilhs2q,bafyreigcby5rveegygc4y36cckxw3br3nokukiemixxljsggzeywx2t44y,did:plc:prkll2rp6lxrgzyzwaj4hd43,princessbby3x.bsky.social,,
7e93e27387b44a5197c55e3b76e3bbbf,2026-02-23T00:00:00Z,2026-02-23T00:10:42Z,auth,auth_enUS_labelerexp,at://did:plc:geoqe3qls5mwezckxxsewys2/app.bsky.feed.generator/aaab4fazlcktw,suggested_labelerexp,7,at://did:plc:edabi54wnyh7uxhwxtr3gago/app.bsky.feed.post/3mfhubw3yzs2d,bafyreibuqr7r376ctwy5nhrkgdbhfwro7vkglh2z7nwayf6fts72wjzliq,did:plc:edabi54wnyh7uxhwxtr3gago,beepills.bsky.social,,
7e93e27387b44a5197c55e3b76e3bbbf,2026-02-23T00:00:00Z,2026-02-23T00:10:42Z,auth,auth_enUS_labelerexp,at://did:plc:geoqe3qls5mwezckxxsewys2/app.bsky.feed.generator/aaab4fazlcktw,suggested_labelerexp,8,at://did:plc:pq4cdu3tjsja7mahlbelshkx/app.bsky.feed.post/3mfi2uxdztg24,bafyreidzl5t5bdj5sq3l2iodlwup732w5pestsqk67qapu7v7mcxqnfdzu,did:plc:pq4cdu3tjsja7mahlbelshkx,scoobsboobsx.bsky.social,,
7e93e27387b44a5197c55e3b76e3bbbf,2026-02-23T00:00:00Z,2026-02-23T00:10:42Z,auth,auth_enUS_labelerexp,at://did:plc:geoqe3qls5mwezckxxsewys2/app.bsky.feed.generator/aaab4fazlcktw,suggested_labelerexp,9,at://did:plc:7b6wl6ttpdaynkosouvgsp3l/app.bsky.feed.post/3mfhrwwfads2i,bafyreiag4fw74w7ujszykmitqj2k5unvizxg7ez5ctn3xjoy33o4pjtwia,did:plc:7b6wl6ttpdaynkosouvgsp3l,msadaukta.bsky.social,,
7e93e27387b44a5197c55e3b76e3bbbf,2026-02-23T00:00:00Z,2026-02-23T00:10:42Z,auth,auth_enUS_labelerexp,at://did:plc:geoqe3qls5mwezckxxsewys2/app.bsky.feed.generator/aaab4fazlcktw,suggested_labelerexp,10,at://did:plc:7b6wl6ttpdaynkosouvgsp3l/app.bsky.feed.post/3mfh3jfb42k2b,bafyreiac225d6a7ynjqvor7pfoo5a5ew5hkzxqwcn55q7zvavbgojcwkuq,did:plc:7b6wl6ttpdaynkosouvgsp3l,msadaukta.bsky.social,,
7e93e27387b44a5197c55e3b76e3bbbf,2026-02-23T00:00:00Z,2026-02-23T00:10:42Z,auth,auth_enUS_labelerexp,at://did:plc:geoqe3qls5mwezckxxsewys2/app.bsky.feed.generator/aaab4fazlcktw,suggested_labelerexp,11,at://did:plc:gkprbncw53ytjivktrgicdf2/app.bsky.feed.post/3mfhzhimkoc2t,bafyreienirccjupfehzjk3qeipu3o6jq6bf5fmiykvvu6tznil2de25b3q,did:plc:gkprbncw53ytjivktrgicdf2,goddessgoblin.bsky.social,,
7e93e27387b44a5197c55e3b76e3bbbf,2026-02-23T00:00:00Z,2026-02-23T00:10:42Z,auth,auth_enUS_labelerexp,at://did:plc:geoqe3qls5mwezckxxsewys2/app.bsky.feed.generator/aaab4fazlcktw,suggested_labelerexp,12,at://did:plc:eog54nyoh4hq42lzvqknnxr4/app.bsky.feed.post/3mffvkpcvs226,bafyreidr2mpowg6srpsxdsrvuf5kimimnyuylrvzb7vgrqwqva2ysxm2pm,did:plc:eog54nyoh4hq42lzvqknnxr4,freya-hot.pink,,
7e93e27387b44a5197c55e3b76e3bbbf,2026-02-23T00:00:00Z,2026-02-23T00:10:42Z,auth,auth_enUS_labelerexp,at://did:plc:geoqe3qls5mwezckxxsewys2/app.bsky.feed.generator/aaab4fazlcktw,suggested_labelerexp,13,at://did:plc:tp7ppz6a3eyduaw4z6kp3k2k/app.bsky.feed.post/3mfh6zehn4v2q,bafyreifpaowy5oqninmfesanffqcbzpjds7uvxsxgmnss57jp2tntswx3y,did:plc:tp7ppz6a3eyduaw4z6kp3k2k,scoobsboobs.bsky.social,,
7e93e27387b44a5197c55e3b76e3bbbf,2026-02-23T00:00:00Z,2026-02-23T00:10:42Z,auth,auth_enUS_labelerexp,at://did:plc:geoqe3qls5mwezckxxsewys2/app.bsky.feed.generator/aaab4fazlcktw,suggested_labelerexp,14,at://did:plc:z732wi7dnab4qmh5du4gtgmx/app.bsky.feed.post/3mffpzsmg6d25,bafyreid4diygcj2dvssrjdjqaczu4p4jivgqisbi5sqy5blgchwb7ljhnu,did:plc:z732wi7dnab4qmh5du4gtgmx,lustingafterlacey.bsky.social,,
7e93e27387b44a5197c55e3b76e3bbbf,2026-02-23T00:00:00Z,2026-02-23T00:10:42Z,auth,auth_enUS_labelerexp,at://did:plc:geoqe3qls5mwezckxxsewys2/app.bsky.feed.generator/aaab4fazlcktw,suggested_labelerexp,15,at://did:plc:edabi54wnyh7uxhwxtr3gago/app.bsky.feed.post/3mfg7gwwp2c2t,bafyreihl7yc6ffg5kv3nucpnjduu764p6imnk2tpcdkhb7zj7pf3ym75mi,did:plc:edabi54wnyh7uxhwxtr3gago,beepills.bsky.social,,
7e93e27387b44a5197c55e3b76e3bbbf,2026-02-23T00:00:00Z,2026-02-23T00:10:42Z,auth,auth_enUS_labelerexp,at://did:plc:geoqe3qls5mwezckxxsewys2/app.bsky.feed.generator/aaab4fazlcktw,suggested_labelerexp,16,at://did:plc:zg2f7er35myckqolprwsqvg6/app.bsky.feed.post/3mfgkqhtxmk23,bafyreicxykthigbpn5wxalbtem6zumazs6umddbh6bp3yglptajy22zdji,did:plc:zg2f7er35myckqolprwsqvg6,karaedens.bsky.social,,
7e93e27387b44a5197c55e3b76e3bbbf,2026-02-23T00:00:00Z,2026-02-23T00:10:42Z,auth,auth_enUS_labelerexp,at://did:plc:geoqe3qls5mwezckxxsewys2/app.bsky.feed.generator/aaab4fazlcktw,suggested_labelerexp,17,at://did:plc:7b6wl6ttpdaynkosouvgsp3l/app.bsky.feed.post/3mffhiqrv4c2i,bafyreia4ya4qwdvqqkbg7blwfpd4dmy5ch77fjucwstehqcb4hufdord2m,did:plc:7b6wl6ttpdaynkosouvgsp3l,msadaukta.bsky.social,,
7e93e27387b44a5197c55e3b76e3bbbf,2026-02-23T00:00:00Z,2026-02-23T00:10:42Z,auth,auth_enUS_labelerexp,at://did:plc:geoqe3qls5mwezckxxsewys2/app.bsky.feed.generator/aaab4fazlcktw,suggested_labelerexp,18,at://did:plc:fkyiqcmbomwslwxiygfnxn4h/app.bsky.feed.post/3mffrszsoqs2s,bafyreifrrjdopcqjm5qqmtujcy7nztwcpq4fh2m2est67v66hzpimttzca,did:plc:fkyiqcmbomwslwxiygfnxn4h,boobrossxo.bsky.social,,
7e93e27387b44a5197c55e3b76e3bbbf,2026-02-23T00:00:00Z,2026-02-23T00:10:42Z,auth,auth_enUS_labelerexp,at://did:plc:geoqe3qls5mwezckxxsewys2/app.bsky.feed.generator/aaab4fazlcktw,suggested_labelerexp,19,at://did:plc:akwf3vnjjtkrsqqcmg36mfsy/app.bsky.feed.post/3mfg7d6dhwk2t,bafyreibr27az4kmobx6npits4udfhses5liuvslj5rpjib3t7tulzwvpkq,did:plc:akwf3vnjjtkrsqqcmg36mfsy,mommyrubyy.bsky.social,,
7e93e27387b44a5197c55e3b76e3bbbf,2026-02-23T00:00:00Z,2026-02-23T00:10:42Z,auth,auth_enUS_labelerexp,at://did:plc:geoqe3qls5mwezckxxsewys2/app.bsky.feed.generator/aaab4fazlcktw,suggested_labelerexp,20,at://did:plc:edabi54wnyh7uxhwxtr3gago/app.bsky.feed.post/3mfdb4bkvxs2v,bafyreigugkwbslm2wrm6n3swp7hf6mtjzpd6uxrrw4vig3gp72hhpwud7a,did:plc:edabi54wnyh7uxhwxtr3gago,beepills.bsky.social,,
7e93e27387b44a5197c55e3b76e3bbbf,2026-02-23T00:00:00Z,2026-02-23T00:10:42Z,auth,auth_enUS_labelerexp,at://did:plc:geoqe3qls5mwezckxxsewys2/app.bsky.feed.generator/aaab4fazlcktw,suggested_labelerexp,21,at://did:plc:h7abxjk7m6khs4w4ieekb2md/app.bsky.feed.post/3mff6bdivwk2r,bafyreiehzzezmnsit6yblr76zomxk27kxkp4tt7t2spms47c5w34luxw5u,did:plc:h7abxjk7m6khs4w4ieekb2md,naturismgirl.bsky.social,,
7e93e27387b44a5197c55e3b76e3bbbf,2026-02-23T00:00:00Z,2026-02-23T00:10:42Z,auth,auth_enUS_labelerexp,at://did:plc:geoqe3qls5mwezckxxsewys2/app.bsky.feed.generator/aaab4fazlcktw,suggested_labelerexp,22,at://did:plc:kpkklw7xquafbywvbhpze74r/app.bsky.feed.post/3mfb3lpaoxc2g,bafyreigbqllhxiwwpsn3wyrthy6cndpjy2oen5mkxzmc3hsxkv5ti4ptbq,did:plc:kpkklw7xquafbywvbhpze74r,mindykitten.bsky.social,,
7e93e27387b44a5197c55e3b76e3bbbf,2026-02-23T00:00:00Z,2026-02-23T00:10:42Z,auth,auth_enUS_labelerexp,at://did:plc:geoqe3qls5mwezckxxsewys2/app.bsky.feed.generator/aaab4fazlcktw,suggested_labelerexp,23,at://did:plc:edabi54wnyh7uxhwxtr3gago/app.bsky.feed.post/3mffsjmqym22c,bafyreihtts2bn5vk3xkpoqcdfe57efipnyflvl3mxv5dhkvh5dhbk5sxae,did:plc:edabi54wnyh7uxhwxtr3gago,beepills.bsky.social,,
7e93e27387b44a5197c55e3b76e3bbbf,2026-02-23T00:00:00Z,2026-02-23T00:10:42Z,auth,auth_enUS_labelerexp,at://did:plc:geoqe3qls5mwezckxxsewys2/app.bsky.feed.generator/aaab4fazlcktw,suggested_labelerexp,24,at://did:plc:eog54nyoh4hq42lzvqknnxr4/app.bsky.feed.post/3mfdfbc7pk22k,bafyreidfoadcos3kf2xvk47b7apqg7nsyxqmnjrmhtvvozvy5z6basgpde,did:plc:eog54nyoh4hq42lzvqknnxr4,freya-hot.pink,,
7e93e27387b44a5197c55e3b76e3bbbf,2026-02-23T00:00:00Z,2026-02-23T00:10:42Z,auth,auth_enUS_labelerexp,at://did:plc:geoqe3qls5mwezckxxsewys2/app.bsky.feed.generator/aaab4fazlcktw,suggested_labelerexp,25,at://did:plc:ytxgvakbskee6ek54hum5gr3/app.bsky.feed.post/3mfgo7hzibr2w,bafyreibnpm55usxub6h7sqy3wbx3yla3ipu7nx4kyn2n27mwugtczm24lm,did:plc:ytxgvakbskee6ek54hum5gr3,avalonsappleisle.bsky.social,,
7e93e27387b44a5197c55e3b76e3bbbf,2026-02-23T00:00:00Z,2026-02-23T00:10:42Z,auth,auth_enUS_labelerexp,at://did:plc:geoqe3qls5mwezckxxsewys2/app.bsky.feed.generator/aaab4fazlcktw,suggested_labelerexp,26,at://did:plc:vz4mdqugirykagm5nymjwkwi/app.bsky.feed.post/3mfcpnlydfc2a,bafyreiederqsxpgeoz7qpubb72odcne6vx4k63cf3g3spkfn3rh7natl5y,did:plc:vz4mdqugirykagm5nymjwkwi,spicysnepvee.bsky.social,,
7e93e27387b44a5197c55e3b76e3bbbf,2026-02-23T00:00:00Z,2026-02-23T00:10:42Z,auth,auth_enUS_labelerexp,at://did:plc:geoqe3qls5mwezckxxsewys2/app.bsky.feed.generator/aaab4fazlcktw,suggested_labelerexp,27,at://did:plc:whptxgyyhlvbbgtoa4h5dcnb/app.bsky.feed.post/3mf4dyvcjps2k,bafyreigc3q53r4ari3av5rxpcfuenesdesn7tbyiln2vcibpyj2xdjjjg4,did:plc:whptxgyyhlvbbgtoa4h5dcnb,sandythixx.bsky.social,,
7e93e27387b44a5197c55e3b76e3bbbf,2026-02-23T00:00:00Z,2026-02-23T00:10:42Z,auth,auth_enUS_labelerexp,at://did:plc:geoqe3qls5mwezckxxsewys2/app.bsky.feed.generator/aaab4fazlcktw,suggested_labelerexp,28,at://did:plc:z732wi7dnab4qmh5du4gtgmx/app.bsky.feed.post/3mfaigr2cuy2f,bafyreigz2hvpspxjwan3lprm24lh6xbhipmpfwk2xjqv2bl4klapgt52sa,did:plc:z732wi7dnab4qmh5du4gtgmx,lustingafterlacey.bsky.social,,
7e93e27387b44a5197c55e3b76e3bbbf,2026-02-23T00:00:00Z,2026-02-23T00:10:42Z,auth,auth_enUS_labelerexp,at://did:plc:geoqe3qls5mwezckxxsewys2/app.bsky.feed.generator/aaab4fazlcktw,suggested_labelerexp,29,at://did:plc:hzx6lszy26t5j3hx2lx67hd7/app.bsky.feed.post/3mff5uygchc26,bafyreic5gfl7l677mpozcrw4vmwkfs6kypdurvaf3di4acj345ib7i2rhq,did:plc:hzx6lszy26t5j3hx2lx67hd7,tanyaoink.bsky.social,,
7e93e27387b44a5197c55e3b76e3bbbf,2026-02-23T00:00:00Z,2026-02-23T00:10:42Z,auth,auth_enUS_labelerexp,at://did:plc:geoqe3qls5mwezckxxsewys2/app.bsky.feed.generator/aaab4fazlcktw,suggested_labelerexp,30,at://did:plc:gthe64lyvsljubdk2s4rnax6/app.bsky.feed.post/3mffdiiz3ic25,bafyreicmsg3erabyr2z2eq5hmyzj4t4edlvc4npopytuhhfy2ged223eky,did:plc:gthe64lyvsljubdk2s4rnax6,lunajayy.bsky.social,,
7e93e27387b44a5197c55e3b76e3bbbf,2026-02-23T00:00:00Z,2026-02-23T00:10:42Z,auth,auth_enUS_labelerexp,at://did:plc:geoqe3qls5mwezckxxsewys2/app.bsky.feed.generator/aaab4fazlcktw,suggested_labelerexp,31,at://did:plc:7b6wl6ttpdaynkosouvgsp3l/app.bsky.feed.post/3mfbmthogkc2v,bafyreicqlbv7rrxpqqdoppeizbr5a5s4wmye6tkcpgbs43unxoqxwzvfeq,did:plc:7b6wl6ttpdaynkosouvgsp3l,msadaukta.bsky.social,,
7e93e27387b44a5197c55e3b76e3bbbf,2026-02-23T00:00:00Z,2026-02-23T00:10:42Z,auth,auth_enUS_labelerexp,at://did:plc:geoqe3qls5mwezckxxsewys2/app.bsky.feed.generator/aaab4fazlcktw,suggested_labelerexp,32,at://did:plc:zg2f7er35myckqolprwsqvg6/app.bsky.feed.post/3mfe27r2opg26,bafyreiebopxqs2fffmdgum5t4wllys5t5dqsgaxovdfqpndp4hxmxvwsle,did:plc:zg2f7er35myckqolprwsqvg6,karaedens.bsky.social,,
7e93e27387b44a5197c55e3b76e3bbbf,2026-02-23T00:00:00Z,2026-02-23T00:10:42Z,auth,auth_enUS_labelerexp,at://did:plc:geoqe3qls5mwezckxxsewys2/app.bsky.feed.generator/aaab4fazlcktw,suggested_labelerexp,33,at://did:plc:tp7ppz6a3eyduaw4z6kp3k2k/app.bsky.feed.post/3mffakgyrar2v,bafyreido2hknmksh3btx2mp4ndwm3umr274bn5o6dr6jlf7lf2exoj5u5e,did:plc:tp7ppz6a3eyduaw4z6kp3k2k,scoobsboobs.bsky.social,,
7e93e27387b44a5197c55e3b76e3bbbf,2026-02-23T00:00:00Z,2026-02-23T00:10:42Z,auth,auth_enUS_labelerexp,at://did:plc:geoqe3qls5mwezckxxsewys2/app.bsky.feed.generator/aaab4fazlcktw,suggested_labelerexp,34,at://did:plc:7frzofcaamhlnubwbrqldht6/app.bsky.feed.post/3mffgce6n7s2h,bafyreihsw2zr4ox26ppddg5h4rkrtgoc7g7ynlthmksbinyy2nkv7vnrpy,did:plc:7frzofcaamhlnubwbrqldht6,fairyelfiep.bsky.social,,
7e93e27387b44a5197c55e3b76e3bbbf,2026-02-23T00:00:00Z,2026-02-23T00:10:42Z,auth,auth_enUS_labelerexp,at://did:plc:geoqe3qls5mwezckxxsewys2/app.bsky.feed.generator/aaab4fazlcktw,suggested_labelerexp,35,at://did:plc:geoqe3qls5mwezckxxsewys2/app.bsky.feed.post/3ldvxzqr3os2p,bafyreihrzgd7xqk72rkdk6vu5lwymh4og7pfskmhb6lii72zovdcjpihza,did:plc:geoqe3qls5mwezckxxsewys2,clarabelle.xyz,,
7e93e27387b44a5197c55e3b76e3bbbf,2026-02-23T00:00:00Z,2026-02-23T00:10:42Z,auth,auth_enUS_labelerexp,at://did:plc:geoqe3qls5mwezckxxsewys2/app.bsky.feed.generator/aaab4fazlcktw,suggested_labelerexp,36,at://did:plc:l5lvh4utf6cti6ukkgxardqo/app.bsky.feed.post/3mf42sqve5k2r,bafyreifbewq3as5i7ukuleku6634namdsqk27lvc2wdgcuhbeqswllm2xy,did:plc:l5lvh4utf6cti6ukkgxardqo,magentaratgirl.bsky.social,,
7e93e27387b44a5197c55e3b76e3bbbf,2026-02-23T00:00:00Z,2026-02-23T00:10:42Z,auth,auth_enUS_labelerexp,at://did:plc:geoqe3qls5mwezckxxsewys2/app.bsky.feed.generator/aaab4fazlcktw,suggested_labelerexp,37,at://did:plc:7b6wl6ttpdaynkosouvgsp3l/app.bsky.feed.post/3mfdjjdl4hc2n,bafyreicqtavs7bqnfpxr4cln3zijc54bslfvjptvvmryigxsbwbkwidlgm,did:plc:7b6wl6ttpdaynkosouvgsp3l,msadaukta.bsky.social,,
7e93e27387b44a5197c55e3b76e3bbbf,2026-02-23T00:00:00Z,2026-02-23T00:10:42Z,auth,auth_enUS_labelerexp,at://did:plc:geoqe3qls5mwezckxxsewys2/app.bsky.feed.generator/aaab4fazlcktw,suggested_labelerexp,38,at://did:plc:pq4cdu3tjsja7mahlbelshkx/app.bsky.feed.post/3mfavrusym42y,bafyreigiqrzokvwmejng2ko7yi3vbbsrv7gey4ycdkwwi5aqc4yhq4vu3q,did:plc:pq4cdu3tjsja7mahlbelshkx,scoobsboobsx.bsky.social,,
7e93e27387b44a5197c55e3b76e3bbbf,2026-02-23T00:00:00Z,2026-02-23T00:10:42Z,auth,auth_enUS_labelerexp,at://did:plc:geoqe3qls5mwezckxxsewys2/app.bsky.feed.generator/aaab4fazlcktw,suggested_labelerexp,39,at://did:plc:whptxgyyhlvbbgtoa4h5dcnb/app.bsky.feed.post/3mf3wix3sec2x,bafyreic5mczd2fznpxjdicwyequyqxv3xib6aljbptnhovapufqgq3o4ku,did:plc:whptxgyyhlvbbgtoa4h5dcnb,sandythixx.bsky.social,,
7e93e27387b44a5197c55e3b76e3bbbf,2026-02-23T00:00:00Z,2026-02-23T00:10:42Z,auth,auth_enUS_labelerexp,at://did:plc:geoqe3qls5mwezckxxsewys2/app.bsky.feed.generator/aaab4fazlcktw,suggested_labelerexp,40,at://did:plc:3akpoccstyr2hy5nwyuslg3h/app.bsky.feed.post/3mfdgioej3s2b,bafyreieqv2c55rrduoangh53eevjl773yhexr6otckajvrck3ryrg5gjau,did:plc:3akpoccstyr2hy5nwyuslg3h,pupbby.bsky.social,,
7e93e27387b44a5197c55e3b76e3bbbf,2026-02-23T00:00:00Z,2026-02-23T00:10:42Z,auth,auth_enUS_labelerexp,at://did:plc:geoqe3qls5mwezckxxsewys2/app.bsky.feed.generator/aaab4fazlcktw,suggested_labelerexp,41,at://did:plc:ils2ugqftwvm7vkwu545ey3p/app.bsky.feed.post/3mfd5rk5ma22b,bafyreiehyu76736yrjq3wykkqvbjqvrkjfa5gghey67sdzzefzc7kif2nm,did:plc:ils2ugqftwvm7vkwu545ey3p,rawstrawberry.bsky.social,,
7e93e27387b44a5197c55e3b76e3bbbf,2026-02-23T00:00:00Z,2026-02-23T00:10:42Z,auth,auth_enUS_labelerexp,at://did:plc:geoqe3qls5mwezckxxsewys2/app.bsky.feed.generator/aaab4fazlcktw,suggested_labelerexp,42,at://did:plc:edabi54wnyh7uxhwxtr3gago/app.bsky.feed.post/3mfdrr2vqgk23,bafyreig3gpa7wcmj2xrz6346siebopt5f7bh4mogackh7hjt4nbeoxtzuq,did:plc:edabi54wnyh7uxhwxtr3gago,beepills.bsky.social,,
7e93e27387b44a5197c55e3b76e3bbbf,2026-02-23T00:00:00Z,2026-02-23T00:10:42Z,auth,auth_enUS_labelerexp,at://did:plc:geoqe3qls5mwezckxxsewys2/app.bsky.feed.generator/aaab4fazlcktw,suggested_labelerexp,43,at://did:plc:66sidvf4ugcyunegxvzivnhx/app.bsky.feed.post/3mfdyo3vogk23,bafyreibiphty44vcl6yjvojluanjb5zvh4x7mrpltnnlpul6aok3gcouzu,did:plc:66sidvf4ugcyunegxvzivnhx,tarotea.bsky.social,,
7e93e27387b44a5197c55e3b76e3bbbf,2026-02-23T00:00:00Z,2026-02-23T00:10:42Z,auth,auth_enUS_labelerexp,at://did:plc:geoqe3qls5mwezckxxsewys2/app.bsky.feed.generator/aaab4fazlcktw,suggested_labelerexp,44,at://did:plc:2rq5nnnts5vr3kr4t5hcexxs/app.bsky.feed.post/3mf7jw4xyhc2y,bafyreihwcbwozunpwfghrgeij2mvhbcx3o7kt4louot5vejvb6ojxvv5o4,did:plc:2rq5nnnts5vr3kr4t5hcexxs,miiss-triixie.bsky.social,,
7e93e27387b44a5197c55e3b76e3bbbf,2026-02-23T00:00:00Z,2026-02-23T00:10:42Z,auth,auth_enUS_labelerexp,at://did:plc:geoqe3qls5mwezckxxsewys2/app.bsky.feed.generator/aaab4fazlcktw,suggested_labelerexp,45,at://did:plc:eog54nyoh4hq42lzvqknnxr4/app.bsky.feed.post/3mfc3ssofcs2g,bafyreigaxxode3we6bbq43outvd4zmuvkc6j2vfk632w5lerkxghtn3blq,did:plc:eog54nyoh4hq42lzvqknnxr4,freya-hot.pink,,
7e93e27387b44a5197c55e3b76e3bbbf,2026-02-23T00:00:00Z,2026-02-23T00:10:42Z,auth,auth_enUS_labelerexp,at://did:plc:geoqe3qls5mwezckxxsewys2/app.bsky.feed.generator/aaab4fazlcktw,suggested_labelerexp,46,at://did:plc:7frzofcaamhlnubwbrqldht6/app.bsky.feed.post/3mfcutxng5k2i,bafyreifpg2wgbedemxus7w4e5ulf4btbnf74hoxlvw2o7om3zgfojczyei,did:plc:7frzofcaamhlnubwbrqldht6,fairyelfiep.bsky.social,,
7e93e27387b44a5197c55e3b76e3bbbf,2026-02-23T00:00:00Z,2026-02-23T00:10:42Z,auth,auth_enUS_labelerexp,at://did:plc:geoqe3qls5mwezckxxsewys2/app.bsky.feed.generator/aaab4fazlcktw,suggested_labelerexp,47,at://did:plc:eog54nyoh4hq42lzvqknnxr4/app.bsky.feed.post/3mf7g4ebzgc23,bafyreidefrr5wlw5cn62sbea6gcapiyf5476rhmhk53whzockwrhp34uka,did:plc:eog54nyoh4hq42lzvqknnxr4,freya-hot.pink,,
7e93e27387b44a5197c55e3b76e3bbbf,2026-02-23T00:00:00Z,2026-02-23T00:10:42Z,auth,auth_enUS_labelerexp,at://did:plc:geoqe3qls5mwezckxxsewys2/app.bsky.feed.generator/aaab4fazlcktw,suggested_labelerexp,48,at://did:plc:66sidvf4ugcyunegxvzivnhx/app.bsky.feed.post/3mffllp7ia22m,bafyreib5qcvt7reovfgsfqzsseefajm6h3ddudsxcj4okfi6jjbsiqmhxq,did:plc:66sidvf4ugcyunegxvzivnhx,tarotea.bsky.social,,
7e93e27387b44a5197c55e3b76e3bbbf,2026-02-23T00:00:00Z,2026-02-23T00:10:42Z,auth,auth_enUS_labelerexp,at://did:plc:geoqe3qls5mwezckxxsewys2/app.bsky.feed.generator/aaab4fazlcktw,suggested_labelerexp,49,at://did:plc:7b6wl6ttpdaynkosouvgsp3l/app.bsky.feed.post/3mfephi7e5s2h,bafyreiaazg4i5ede3ha6qbtc77cqqw6g5yarvq7mlakq4xprkm5ptd6iaq,did:plc:7b6wl6ttpdaynkosouvgsp3l,msadaukta.bsky.social,,
7e93e27387b44a5197c55e3b76e3bbbf,2026-02-23T00:00:00Z,2026-02-23T00:10:42Z,auth,auth_enUS_labelerexp,at://did:plc:geoqe3qls5mwezckxxsewys2/app.bsky.feed.generator/aaab4fazlcktw,suggested_labelerexp,50,at://did:plc:en722jgcbop7mxw5nuu7v2so/app.bsky.feed.post/3mexs2bif6k2f,bafyreiafmzcj2x22qfsch72mt7iv4vwxwq3yajiv4f5j3n42qkgi5puh24,did:plc:en722jgcbop7mxw5nuu7v2so,anna-bianca.com,,
7e93e27387b44a5197c55e3b76e3bbbf,2026-02-23T00:00:00Z,2026-02-23T00:10:43Z,auth,auth_enUS_labelerexp,at://did:plc:gkvpokm7ec5j5yxls6xk4e3z/app.bsky.feed.generator/formula-one,suggested_labelerexp,1,at://did:plc:rsneezcrz7a7cruq5qdeotdb/app.bsky.feed.post/3mfieg7jhm222,bafyreihuluibbgytd3vcm3l3ze7ujbjzzk2oxkku3cx5qfyuc7fo7jyggq,did:plc:rsneezcrz7a7cruq5qdeotdb,profcedar.bsky.social,,
7e93e27387b44a5197c55e3b76e3bbbf,2026-02-23T00:00:00Z,2026-02-23T00:10:43Z,auth,auth_enUS_labelerexp,at://did:plc:gkvpokm7ec5j5yxls6xk4e3z/app.bsky.feed.generator/formula-one,suggested_labelerexp,2,at://did:plc:g3fpbsbhxs53fo6j3ezmn5ol/app.bsky.feed.post/3mfiecnb6ms2c,bafyreihgixripg6a63dqggowpclu3biigxuxhz5drfjbh4y4jrpp44hcdi,did:plc:g3fpbsbhxs53fo6j3ezmn5ol,goldenbluebird.bsky.social,,
7e93e27387b44a5197c55e3b76e3bbbf,2026-02-23T00:00:00Z,2026-02-23T00:10:43Z,auth,auth_enUS_labelerexp,at://did:plc:gkvpokm7ec5j5yxls6xk4e3z/app.bsky.feed.generator/formula-one,suggested_labelerexp,3,at://did:plc:bflruvhylepwmviyycohrptf/app.bsky.feed.post/3mfiebcpbl227,bafyreihspkhzi4x7cb57invy25ldjcflja5u5f5qnnuankfmrdtap4p7ha,did:plc:bflruvhylepwmviyycohrptf,midnightplat.bsky.social,,
7e93e27387b44a5197c55e3b76e3bbbf,2026-02-23T00:00:00Z,2026-02-23T00:10:43Z,auth,auth_enUS_labelerexp,at://did:plc:gkvpokm7ec5j5yxls6xk4e3z/app.bsky.feed.generator/formula-one,suggested_labelerexp,4,at://did:plc:a2bvwo6pfb43nn47bgkijbxn/app.bsky.feed.post/3mfie7nxrl224,bafyreifu2eedqgedxgovkqc65vfeophv7gwfoznxmhevt62lwfkljppnom,did:plc:a2bvwo6pfb43nn47bgkijbxn,sheldon-hambrick.bsky.social,,
7e93e27387b44a5197c55e3b76e3bbbf,2026-02-23T00:00:00Z,2026-02-23T00:10:43Z,auth,auth_enUS_labelerexp,at://did:plc:gkvpokm7ec5j5yxls6xk4e3z/app.bsky.feed.generator/formula-one,suggested_labelerexp,5,at://did:plc:xq6n4acojkinwvagil7hvhwg/app.bsky.feed.post/3mfie4doxfk2f,bafyreieivd425fc4fsamclesncd4szn4m4eksuyxxvfmghdpsonc4zktky,did:plc:xq6n4acojkinwvagil7hvhwg,raaaveeen.bsky.social,,
7e93e27387b44a5197c55e3b76e3bbbf,2026-02-23T00:00:00Z,2026-02-23T00:10:43Z,auth,auth_enUS_labelerexp,at://did:plc:gkvpokm7ec5j5yxls6xk4e3z/app.bsky.feed.generator/formula-one,suggested_labelerexp,6,at://did:plc:4on4vik6rmuvkkeuvgqey5od/app.bsky.feed.post/3mfidxzfnzk25,bafyreialvfruobmo2jfbbogsunkaurzowlkjlxwlv3cvhu7wj72fb5mmyy,did:plc:4on4vik6rmuvkkeuvgqey5od,gwizofthestars.com,,
7e93e27387b44a5197c55e3b76e3bbbf,2026-02-23T00:00:00Z,2026-02-23T00:10:43Z,auth,auth_enUS_labelerexp,at://did:plc:gkvpokm7ec5j5yxls6xk4e3z/app.bsky.feed.generator/formula-one,suggested_labelerexp,7,at://did:plc:uo6yhsxj2t5ibk64e7eh7hb3/app.bsky.feed.post/3mfidwhoc7225,bafyreiccp3o6hxzenbrl2ac3ouqynjqew5sc3z2m5br67xkbtqcwni373m,did:plc:uo6yhsxj2t5ibk64e7eh7hb3,marekkapselski.bsky.social,,
7e93e27387b44a5197c55e3b76e3bbbf,2026-02-23T00:00:00Z,2026-02-23T00:10:43Z,auth,auth_enUS_labelerexp,at://did:plc:gkvpokm7ec5j5yxls6xk4e3z/app.bsky.feed.generator/formula-one,suggested_labelerexp,8,at://did:plc:xq6n4acojkinwvagil7hvhwg/app.bsky.feed.post/3mfidulvces2f,bafyreidvunrd3yqt62evg2s2vlk4dnsdqwuscw5pedzbnc2er7y7qfzacq,did:plc:xq6n4acojkinwvagil7hvhwg,raaaveeen.bsky.social,,
7e93e27387b44a5197c55e3b76e3bbbf,2026-02-23T00:00:00Z,2026-02-23T00:10:43Z,auth,auth_enUS_labelerexp,at://did:plc:gkvpokm7ec5j5yxls6xk4e3z/app.bsky.feed.generator/formula-one,suggested_labelerexp,9,at://did:plc:aofnedrzdtsn66oho6kmrexk/app.bsky.feed.post/3mfidok63es2z,bafyreic3kbycmx2qrsen6xcqjl5vd5c5l6thvjl7a24xmnoapt6hhptjxm,did:plc:aofnedrzdtsn66oho6kmrexk,pikaclerc.bsky.social,,
7e93e27387b44a5197c55e3b76e3bbbf,2026-02-23T00:00:00Z,2026-02-23T00:10:43Z,auth,auth_enUS_labelerexp,at://did:plc:gkvpokm7ec5j5yxls6xk4e3z/app.bsky.feed.generator/formula-one,suggested_labelerexp,10,at://did:plc:cxzc46fqshc6plbhq7vainhf/app.bsky.feed.post/3mfidhcx5qs2o,bafyreiagmwn7ge2jj73tc3jl4xl7x7tl3tavbd3p2liocsqnmsjsr3rcfy,did:plc:cxzc46fqshc6plbhq7vainhf,dekura.bsky.social,,
7e93e27387b44a5197c55e3b76e3bbbf,2026-02-23T00:00:00Z,2026-02-23T00:10:43Z,auth,auth_enUS_labelerexp,at://did:plc:gkvpokm7ec5j5yxls6xk4e3z/app.bsky.feed.generator/formula-one,suggested_labelerexp,11,at://did:plc:ejxcwpvnlkykzdami6kbrnuu/app.bsky.feed.post/3mfid7blmnc2c,bafyreiggpl6nj4rwry4gi56xyi4ydsni6ca6sx5hjorcjjbnvwh3wqikgy,did:plc:ejxcwpvnlkykzdami6kbrnuu,t0sun.bsky.social,,
7e93e27387b44a5197c55e3b76e3bbbf,2026-02-23T00:00:00Z,2026-02-23T00:10:43Z,auth,auth_enUS_labelerexp,at://did:plc:gkvpokm7ec5j5yxls6xk4e3z/app.bsky.feed.generator/formula-one,suggested_labelerexp,12,at://did:plc:wemy22bgbtijhvaptog4t7n4/app.bsky.feed.post/3mfid4t4i722v,bafyreig75d4zhxrr7nmaicvsjaj75ncxz6ee6kxzx2jmzxbfbxwvadcr5q,did:plc:wemy22bgbtijhvaptog4t7n4,freddiesen.bsky.social,,
7e93e27387b44a5197c55e3b76e3bbbf,2026-02-23T00:00:00Z,2026-02-23T00:10:43Z,auth,auth_enUS_labelerexp,at://did:plc:gkvpokm7ec5j5yxls6xk4e3z/app.bsky.feed.generator/formula-one,suggested_labelerexp,13,at://did:plc:aaotlh553ucmclr53h5mh2qe/app.bsky.feed.post/3mficw3ofts2f,bafyreicmxanjfbbttehzymuhnvinvnlm7f2kjthdogucpk2tvontnyzfxi,did:plc:aaotlh553ucmclr53h5mh2qe,acinom333.bsky.social,,
7e93e27387b44a5197c55e3b76e3bbbf,2026-02-23T00:00:00Z,2026-02-23T00:10:43Z,auth,auth_enUS_labelerexp,at://did:plc:gkvpokm7ec5j5yxls6xk4e3z/app.bsky.feed.generator/formula-one,suggested_labelerexp,14,at://did:plc:linthrzhbchiablnsnmihopd/app.bsky.feed.post/3mficvczmn225,bafyreie4gpalgj5iwr6uqgydhz25jaubutehcli3g26pflem3gueyutjey,did:plc:linthrzhbchiablnsnmihopd,minorittenkabi1.bsky.social,,
7e93e27387b44a5197c55e3b76e3bbbf,2026-02-23T00:00:00Z,2026-02-23T00:10:43Z,auth,auth_enUS_labelerexp,at://did:plc:gkvpokm7ec5j5yxls6xk4e3z/app.bsky.feed.generator/formula-one,suggested_labelerexp,15,at://did:plc:htnitairmejv4i4aansgpnap/app.bsky.feed.post/3mficr7h6ub26,bafyreigno427347ouerrio2ciwgjvp7p5fabza365w3h3vtrjsqseipqva,did:plc:htnitairmejv4i4aansgpnap,nevadatrafficcams.bsky.social,,
7e93e27387b44a5197c55e3b76e3bbbf,2026-02-23T00:00:00Z,2026-02-23T00:10:43Z,auth,auth_enUS_labelerexp,at://did:plc:gkvpokm7ec5j5yxls6xk4e3z/app.bsky.feed.generator/formula-one,suggested_labelerexp,16,at://did:plc:linthrzhbchiablnsnmihopd/app.bsky.feed.post/3mficprrvjc25,bafyreihfddpzf4tysubsptnv6mn6sykgyfsujc3zaryejgvwps5kiyxztu,did:plc:linthrzhbchiablnsnmihopd,minorittenkabi1.bsky.social,,
7e93e27387b44a5197c55e3b76e3bbbf,2026-02-23T00:00:00Z,2026-02-23T00:10:43Z,auth,auth_enUS_labelerexp,at://did:plc:gkvpokm7ec5j5yxls6xk4e3z/app.bsky.feed.generator/formula-one,suggested_labelerexp,17,at://did:plc:o3rj2xmqei2r4oy6qlrkjgpj/app.bsky.feed.post/3mficnn43gs2s,bafyreihwnvxyvhc4jx2eha6x22mzkcopcqzieecu6aisppzg2zawo6gpni,did:plc:o3rj2xmqei2r4oy6qlrkjgpj,pepsiguardiola.bsky.social,,
7e93e27387b44a5197c55e3b76e3bbbf,2026-02-23T00:00:00Z,2026-02-23T00:10:43Z,auth,auth_enUS_labelerexp,at://did:plc:gkvpokm7ec5j5yxls6xk4e3z/app.bsky.feed.generator/formula-one,suggested_labelerexp,18,at://did:plc:4sral27bu3s5ksqekjbin3wf/app.bsky.feed.post/3mficmu2kys2e,bafyreiccgmfg6seyer7t2q5bttcv33x4zpv4r4eblgkcytxlevutbqb7zi,did:plc:4sral27bu3s5ksqekjbin3wf,troylonerism.bsky.social,,
7e93e27387b44a5197c55e3b76e3bbbf,2026-02-23T00:00:00Z,2026-02-23T00:10:43Z,auth,auth_enUS_labelerexp,at://did:plc:gkvpokm7ec5j5yxls6xk4e3z/app.bsky.feed.generator/formula-one,suggested_labelerexp,19,at://did:plc:u6i37z22hpxutciosbw4pebe/app.bsky.feed.post/3mficmvooxs2c,bafyreig2azkk3r7olc3ndbz2ogkbel427mfrnlfsczgbws6whtln3zv66e,did:plc:u6i37z22hpxutciosbw4pebe,al3x7777.bsky.social,,
7e93e27387b44a5197c55e3b76e3bbbf,2026-02-23T00:00:00Z,2026-02-23T00:10:43Z,auth,auth_enUS_labelerexp,at://did:plc:gkvpokm7ec5j5yxls6xk4e3z/app.bsky.feed.generator/formula-one,suggested_labelerexp,20,at://did:plc:4xaef36bpdewnezmoyxqwlwl/app.bsky.feed.post/3mfichh6wu4n2,bafyreibzfs5ebsatcyprkn4utnreu6vq3sf4eh34fkhuhrmqcdtpcji3lu,did:plc:4xaef36bpdewnezmoyxqwlwl,emill1984.101010.pl.ap.brid.gy,,
7e93e27387b44a5197c55e3b76e3bbbf,2026-02-23T00:00:00Z,2026-02-23T00:10:43Z,auth,auth_enUS_labelerexp,at://did:plc:gkvpokm7ec5j5yxls6xk4e3z/app.bsky.feed.generator/formula-one,suggested_labelerexp,21,at://did:plc:e4v2zehdqyhq4bsvos3qnvqw/app.bsky.feed.post/3mficbakvq22b,bafyreidzx5jsl74w24pjnlr4gaszipgpojqxb7jevgp3yqdugg7gybuvfq,did:plc:e4v2zehdqyhq4bsvos3qnvqw,jbcoleto.bsky.social,,
7e93e27387b44a5197c55e3b76e3bbbf,2026-02-23T00:00:00Z,2026-02-23T00:10:43Z,auth,auth_enUS_labelerexp,at://did:plc:gkvpokm7ec5j5yxls6xk4e3z/app.bsky.feed.generator/formula-one,suggested_labelerexp,22,at://did:plc:cxdk5ecfsr7jopdtxfti42qf/app.bsky.feed.post/3mfic4c7fl22j,bafyreig7ktgmfkzpcs46bembgbduinjzv43lzoh7sgqlnza6hnin5ecrma,did:plc:cxdk5ecfsr7jopdtxfti42qf,marcelodes8.bsky.social,,
7e93e27387b44a5197c55e3b76e3bbbf,2026-02-23T00:00:00Z,2026-02-23T00:10:43Z,auth,auth_enUS_labelerexp,at://did:plc:gkvpokm7ec5j5yxls6xk4e3z/app.bsky.feed.generator/formula-one,suggested_labelerexp,23,at://did:plc:aaotlh553ucmclr53h5mh2qe/app.bsky.feed.post/3mfic4hgyu22t,bafyreicotjut44pqelg75nazuomnwiddpybu3kicxx5qjfezr2u5tkojay,did:plc:aaotlh553ucmclr53h5mh2qe,acinom333.bsky.social,,
7e93e27387b44a5197c55e3b76e3bbbf,2026-02-23T00:00:00Z,2026-02-23T00:10:43Z,auth,auth_enUS_labelerexp,at://did:plc:gkvpokm7ec5j5yxls6xk4e3z/app.bsky.feed.generator/formula-one,suggested_labelerexp,24,at://did:plc:ariie7hj534exn23ec4zhnyj/app.bsky.feed.post/3mfibvwmb7224,bafyreifcwi2xbm4uq6t3rdplbauotm6ylyjxzc6cplzo5rz2ef75la6h3e,did:plc:ariie7hj534exn23ec4zhnyj,chrisharvey.bsky.social,,
7e93e27387b44a5197c55e3b76e3bbbf,2026-02-23T00:00:00Z,2026-02-23T00:10:43Z,auth,auth_enUS_labelerexp,at://did:plc:gkvpokm7ec5j5yxls6xk4e3z/app.bsky.feed.generator/formula-one,suggested_labelerexp,25,at://did:plc:b4o4iwknk7box6z22rz5nsui/app.bsky.feed.post/3mfibvniq3s2e,bafyreib6essqb37btlwhwgihioeytntp7bo2hqqacbpiqing6yjbx4goma,did:plc:b4o4iwknk7box6z22rz5nsui,macrismvp.bsky.social,,
7e93e27387b44a5197c55e3b76e3bbbf,2026-02-23T00:00:00Z,2026-02-23T00:10:43Z,auth,auth_enUS_labelerexp,at://did:plc:gkvpokm7ec5j5yxls6xk4e3z/app.bsky.feed.generator/formula-one,suggested_labelerexp,26,at://did:plc:vrqzmtmih5jrblyeahh65fhk/app.bsky.feed.post/3mfibupq4cj2m,bafyreicxhs2cfpwvxkkimzfc6nccm7bqkqk55cncdr26g27n7eisahocvq,did:plc:vrqzmtmih5jrblyeahh65fhk,newsletter-tf.bsky.social,,
7e93e27387b44a5197c55e3b76e3bbbf,2026-02-23T00:00:00Z,2026-02-23T00:10:43Z,auth,auth_enUS_labelerexp,at://did:plc:gkvpokm7ec5j5yxls6xk4e3z/app.bsky.feed.generator/formula-one,suggested_labelerexp,27,at://did:plc:aaotlh553ucmclr53h5mh2qe/app.bsky.feed.post/3mfibjdtvhk2j,bafyreie6vqp6sgpuqkg2smj3dt4gic7k33ddvrecozutypm4m5c5viznyu,did:plc:aaotlh553ucmclr53h5mh2qe,acinom333.bsky.social,,
7e93e27387b44a5197c55e3b76e3bbbf,2026-02-23T00:00:00Z,2026-02-23T00:10:43Z,auth,auth_enUS_labelerexp,at://did:plc:gkvpokm7ec5j5yxls6xk4e3z/app.bsky.feed.generator/formula-one,suggested_labelerexp,28,at://did:plc:ryrqylbqv7izbppbd3g5pxf4/app.bsky.feed.post/3mfibhw5xdi2z,bafyreigx7icss4lw2hn2772r25vfyshor5xrj3ratzj573shkybcdvehhq,did:plc:ryrqylbqv7izbppbd3g5pxf4,de-nachrichten.bsky.social,,
7e93e27387b44a5197c55e3b76e3bbbf,2026-02-23T00:00:00Z,2026-02-23T00:10:43Z,auth,auth_enUS_labelerexp,at://did:plc:gkvpokm7ec5j5yxls6xk4e3z/app.bsky.feed.generator/formula-one,suggested_labelerexp,29,at://did:plc:aaotlh553ucmclr53h5mh2qe/app.bsky.feed.post/3mfibf4mor22j,bafyreicjsebgkodlv4xagbey4xtwuvhujjil3ijptznc2eabqfcwg333e4,did:plc:aaotlh553ucmclr53h5mh2qe,acinom333.bsky.social,,
7e93e27387b44a5197c55e3b76e3bbbf,2026-02-23T00:00:00Z,2026-02-23T00:10:43Z,auth,auth_enUS_labelerexp,at://did:plc:gkvpokm7ec5j5yxls6xk4e3z/app.bsky.feed.generator/formula-one,suggested_labelerexp,30,at://did:plc:hevudpa3jo6pvixv5p6xi7uk/app.bsky.feed.post/3mfibdnr3ko2e,bafyreibp5glg2ciocvtp5yqlxq3mb2zb3cqeciqnvu2xgzjk5c6t7ljlny,did:plc:hevudpa3jo6pvixv5p6xi7uk,formula1-data.bsky.social,,
7e93e27387b44a5197c55e3b76e3bbbf,2026-02-23T00:00:00Z,2026-02-23T00:10:43Z,auth,auth_enUS_labelerexp,at://did:plc:gkvpokm7ec5j5yxls6xk4e3z/app.bsky.feed.generator/formula-one,suggested_labelerexp,31,at://did:plc:pk7l5vhnlpn2k7jcjt7lsu2k/app.bsky.feed.post/3mfibdl3ec22s,bafyreig2ym37hi7f4ygdxsj5fem74dvuweombz45mzjiy75gjhbieqv7he,did:plc:pk7l5vhnlpn2k7jcjt7lsu2k,waxpumpkin.bsky.social,,
7e93e27387b44a5197c55e3b76e3bbbf,2026-02-23T00:00:00Z,2026-02-23T00:10:43Z,auth,auth_enUS_labelerexp,at://did:plc:gkvpokm7ec5j5yxls6xk4e3z/app.bsky.feed.generator/formula-one,suggested_labelerexp,32,at://did:plc:66h6eec5dvjre27h2krullwd/app.bsky.feed.post/3mfibchnypk2y,bafyreia5nedqueccvfo7vjn6e532zbsd4qsg3ck7fwrwgkfapwhcbujlue,did:plc:66h6eec5dvjre27h2krullwd,susnote.bsky.social,,
7e93e27387b44a5197c55e3b76e3bbbf,2026-02-23T00:00:00Z,2026-02-23T00:10:43Z,auth,auth_enUS_labelerexp,at://did:plc:gkvpokm7ec5j5yxls6xk4e3z/app.bsky.feed.generator/formula-one,suggested_labelerexp,33,at://did:plc:ngusczs45yqkmoydk4pjwy5j/app.bsky.feed.post/3mfib7p6s3c2k,bafyreier33ddfyudj5pzmgopc6jrsvmxqyrolk3o5h4uw3tq4g2234fv5e,did:plc:ngusczs45yqkmoydk4pjwy5j,badwolfminif1.bsky.social,,
7e93e27387b44a5197c55e3b76e3bbbf,2026-02-23T00:00:00Z,2026-02-23T00:10:43Z,auth,auth_enUS_labelerexp,at://did:plc:gkvpokm7ec5j5yxls6xk4e3z/app.bsky.feed.generator/formula-one,suggested_labelerexp,34,at://did:plc:ayvurlgtwyz4drt7kqf4cgnh/app.bsky.feed.post/3mfib7ir4ys2r,bafyreiauajilqtxsavixspnnuwrf4jqxpsrbsrddz7fpglfnt4eidvbvqq,did:plc:ayvurlgtwyz4drt7kqf4cgnh,nzherald.nzcow.com,,
7e93e27387b44a5197c55e3b76e3bbbf,2026-02-23T00:00:00Z,2026-02-23T00:10:43Z,auth,auth_enUS_labelerexp,at://did:plc:gkvpokm7ec5j5yxls6xk4e3z/app.bsky.feed.generator/formula-one,suggested_labelerexp,35,at://did:plc:2d77cdh2cnd2723wet6tte7f/app.bsky.feed.post/3mfiazzdick2d,bafyreibdmfsteaopw2yfjn4xa7uanxbb2vn2k4ktpbm3omvdppwddhpcq4,did:plc:2d77cdh2cnd2723wet6tte7f,terrenceengage.bsky.social,,
7e93e27387b44a5197c55e3b76e3bbbf,2026-02-23T00:00:00Z,2026-02-23T00:10:43Z,auth,auth_enUS_labelerexp,at://did:plc:gkvpokm7ec5j5yxls6xk4e3z/app.bsky.feed.generator/formula-one,suggested_labelerexp,36,at://did:plc:sz7w6vipn5cumkgzi4tmhzow/app.bsky.feed.post/3mfiayjrsx223,bafyreiejbyv7irciwr5lpi3ylnddcrxhuiihtentcq7gylpljcaskqqaem,did:plc:sz7w6vipn5cumkgzi4tmhzow,alsagone.bsky.social,,
7e93e27387b44a5197c55e3b76e3bbbf,2026-02-23T00:00:00Z,2026-02-23T00:10:43Z,auth,auth_enUS_labelerexp,at://did:plc:gkvpokm7ec5j5yxls6xk4e3z/app.bsky.feed.generator/formula-one,suggested_labelerexp,37,at://did:plc:n4qxlzk7mlo7ehf6jh3ijxus/app.bsky.feed.post/3mfiaydszi22q,bafyreiglrztgwyair2icyvvuxyhvlzalsoba7dgyk4jpycpcyvcwlhbeaa,did:plc:n4qxlzk7mlo7ehf6jh3ijxus,niize.bsky.social,,
7e93e27387b44a5197c55e3b76e3bbbf,2026-02-23T00:00:00Z,2026-02-23T00:10:43Z,auth,auth_enUS_labelerexp,at://did:plc:gkvpokm7ec5j5yxls6xk4e3z/app.bsky.feed.generator/formula-one,suggested_labelerexp,38,at://did:plc:s5brhjf7zxk64u6ltscqlzur/app.bsky.feed.post/3mfiaxbe2kk2m,bafyreih266vasbaamlxodeyorf7pkcbjzpednwf673jwkzecggq3o5hoiq,did:plc:s5brhjf7zxk64u6ltscqlzur,retroporter.bsky.social,,
7e93e27387b44a5197c55e3b76e3bbbf,2026-02-23T00:00:00Z,2026-02-23T00:10:43Z,auth,auth_enUS_labelerexp,at://did:plc:gkvpokm7ec5j5yxls6xk4e3z/app.bsky.feed.generator/formula-one,suggested_labelerexp,39,at://did:plc:5rbngrtm7t2xcieevpo36xl3/app.bsky.feed.post/3mfiasuizie2a,bafyreidrh23aenw67lbtfulqb7vl6assqvt2gnnwn2ofi45bbe4pyahgda,did:plc:5rbngrtm7t2xcieevpo36xl3,automotoofficiel.bsky.social,,
7e93e27387b44a5197c55e3b76e3bbbf,2026-02-23T00:00:00Z,2026-02-23T00:10:43Z,auth,auth_enUS_labelerexp,at://did:plc:gkvpokm7ec5j5yxls6xk4e3z/app.bsky.feed.generator/formula-one,suggested_labelerexp,40,at://did:plc:wrpg3xus3tbpngii6xmwrqk4/app.bsky.feed.post/3mfiaopufsx2p,bafyreihn4ld5dts35swyy5ukk3naylxchm5frycmsfafhh4in2mu3v47vy,did:plc:wrpg3xus3tbpngii6xmwrqk4,factsf1.bsky.social,,
7e93e27387b44a5197c55e3b76e3bbbf,2026-02-23T00:00:00Z,2026-02-23T00:10:43Z,auth,auth_enUS_labelerexp,at://did:plc:gkvpokm7ec5j5yxls6xk4e3z/app.bsky.feed.generator/formula-one,suggested_labelerexp,41,at://did:plc:vqvww4dxbsz3gye4emxubusn/app.bsky.feed.post/3mfianp47tc2m,bafyreieuehbmrvih4kzlxwsbidcljd6bkw75xoht272mx3exxlmlurukle,did:plc:vqvww4dxbsz3gye4emxubusn,pilarcasado.bsky.social,,
7e93e27387b44a5197c55e3b76e3bbbf,2026-02-23T00:00:00Z,2026-02-23T00:10:43Z,auth,auth_enUS_labelerexp,at://did:plc:gkvpokm7ec5j5yxls6xk4e3z/app.bsky.feed.generator/formula-one,suggested_labelerexp,42,at://did:plc:3b2dihr4w3vg6kqxjsxpv45u/app.bsky.feed.post/3mfiajyp2vk2f,bafyreigyttfwbkn2u6wgqig74j4brjsr6xuzs53lo4girszkrzerhov65a,did:plc:3b2dihr4w3vg6kqxjsxpv45u,tvflipper.bsky.social,,
7e93e27387b44a5197c55e3b76e3bbbf,2026-02-23T00:00:00Z,2026-02-23T00:10:43Z,auth,auth_enUS_labelerexp,at://did:plc:gkvpokm7ec5j5yxls6xk4e3z/app.bsky.feed.generator/formula-one,suggested_labelerexp,43,at://did:plc:f4ndnuwlipk2avppy4ersbuf/app.bsky.feed.post/3mfiajzui622s,bafyreibifcze64dx4a7eevgbpec5wpmtk2m67tnntfd2kf5byh5pv6ijpm,did:plc:f4ndnuwlipk2avppy4ersbuf,hutch13.teamlh.social,,
7e93e27387b44a5197c55e3b76e3bbbf,2026-02-23T00:00:00Z,2026-02-23T00:10:43Z,auth,auth_enUS_labelerexp,at://did:plc:gkvpokm7ec5j5yxls6xk4e3z/app.bsky.feed.generator/formula-one,suggested_labelerexp,44,at://did:plc:tlf5hilbsn7vlw3rzunbzvw3/app.bsky.feed.post/3mfiaeqkozk2b,bafyreibo7k3qe652svh44vnh5ytkiaiyaj3jnbewyes6ebtiewfwj2atfy,did:plc:tlf5hilbsn7vlw3rzunbzvw3,fredsmith.bsky.social,,
7e93e27387b44a5197c55e3b76e3bbbf,2026-02-23T00:00:00Z,2026-02-23T00:10:43Z,auth,auth_enUS_labelerexp,at://did:plc:gkvpokm7ec5j5yxls6xk4e3z/app.bsky.feed.generator/formula-one,suggested_labelerexp,45,at://did:plc:3e3fgb2wavmx5lztcapghax5/app.bsky.feed.post/3mfiacoobcc2a,bafyreibgoywrehzo7yshdtpypls4axbbxcff5yh3b45cwf4f3cflwy3rui,did:plc:3e3fgb2wavmx5lztcapghax5,pajruix.bsky.social,,
7e93e27387b44a5197c55e3b76e3bbbf,2026-02-23T00:00:00Z,2026-02-23T00:10:43Z,auth,auth_enUS_labelerexp,at://did:plc:gkvpokm7ec5j5yxls6xk4e3z/app.bsky.feed.generator/formula-one,suggested_labelerexp,46,at://did:plc:4bww4bluwmin3heqnx76vpog/app.bsky.feed.post/3mfiab7roqk2c,bafyreigmim3zvs5vsh23iollygxspnu557mozkkj4keck566mqpxb6euja,did:plc:4bww4bluwmin3heqnx76vpog,tishisaka.bsky.social,,
7e93e27387b44a5197c55e3b76e3bbbf,2026-02-23T00:00:00Z,2026-02-23T00:10:43Z,auth,auth_enUS_labelerexp,at://did:plc:gkvpokm7ec5j5yxls6xk4e3z/app.bsky.feed.generator/formula-one,suggested_labelerexp,47,at://did:plc:edn3aizvxpmin3lqtrv3ykrq/app.bsky.feed.post/3mfiadihfls2x,bafyreidm2ackqs6fcun6mv3udqxhdxr7m4prfufcctm2ml3udglubugbom,did:plc:edn3aizvxpmin3lqtrv3ykrq,fodder650.bsky.social,,
7e93e27387b44a5197c55e3b76e3bbbf,2026-02-23T00:00:00Z,2026-02-23T00:10:43Z,auth,auth_enUS_labelerexp,at://did:plc:gkvpokm7ec5j5yxls6xk4e3z/app.bsky.feed.generator/formula-one,suggested_labelerexp,48,at://did:plc:tlf5hilbsn7vlw3rzunbzvw3/app.bsky.feed.post/3mfia3lf34c2b,bafyreignay6jmz2boayg7u6pbjatwohxc3wttqccdicobc5rcz4rhdhjcy,did:plc:tlf5hilbsn7vlw3rzunbzvw3,fredsmith.bsky.social,,
7e93e27387b44a5197c55e3b76e3bbbf,2026-02-23T00:00:00Z,2026-02-23T00:10:43Z,auth,auth_enUS_labelerexp,at://did:plc:gkvpokm7ec5j5yxls6xk4e3z/app.bsky.feed.generator/formula-one,suggested_labelerexp,49,at://did:plc:6digvk4oypdr5tysw62ji4v2/app.bsky.feed.post/3mfia2xbt4s2g,bafyreidpwimoppfxqffbsoay6sgx2b5stigxmh6xpdgl5vdrueuiv2be5i,did:plc:6digvk4oypdr5tysw62ji4v2,chonakis.bsky.social,,
7e93e27387b44a5197c55e3b76e3bbbf,2026-02-23T00:00:00Z,2026-02-23T00:10:43Z,auth,auth_enUS_labelerexp,at://did:plc:gkvpokm7ec5j5yxls6xk4e3z/app.bsky.feed.generator/formula-one,suggested_labelerexp,50,at://did:plc:nntq4avkdsu23b24rlhirdyy/app.bsky.feed.post/3mfia24kjyc2w,bafyreideh5d7gzvo5tbupplz6f4lmdvjlcztmv4tp6g4phnktg6jwqv7yu,did:plc:nntq4avkdsu23b24rlhirdyy,sneptrov.bsky.social,,
7e93e27387b44a5197c55e3b76e3bbbf,2026-02-23T00:00:00Z,2026-02-23T00:10:44Z,auth,auth_enUS_labelerexp,at://did:plc:j67kyop65wunuspksudapktg/app.bsky.feed.generator/aaaoukweis36o,suggested_labelerexp,1,at://did:plc:hsso2x5taauaaym5k3uuv67d/app.bsky.feed.post/3mfidqns2h22n,bafyreifx57zffkxij5rgwqzna3cq6oisj7ujnarep2gzzjfjyb6plp3gg4,did:plc:hsso2x5taauaaym5k3uuv67d,courtzgarden.bsky.social,,
7e93e27387b44a5197c55e3b76e3bbbf,2026-02-23T00:00:00Z,2026-02-23T00:10:44Z,auth,auth_enUS_labelerexp,at://did:plc:j67kyop65wunuspksudapktg/app.bsky.feed.generator/aaaoukweis36o,suggested_labelerexp,2,at://did:plc:pdp67czq3ypwutop4f56objc/app.bsky.feed.post/3mfidpd6fq22a,bafyreihy5qsz4ov243g2wetxohtwxh262epmxpj23rean5scrhikkfrbg4,did:plc:pdp67czq3ypwutop4f56objc,neovioletinthesky.bsky.social,,
7e93e27387b44a5197c55e3b76e3bbbf,2026-02-23T00:00:00Z,2026-02-23T00:10:44Z,auth,auth_enUS_labelerexp,at://did:plc:j67kyop65wunuspksudapktg/app.bsky.feed.generator/aaaoukweis36o,suggested_labelerexp,3,at://did:plc:gnr56w5cyzwfc4r56w6yqm35/app.bsky.feed.post/3mfidp2dqsk2w,bafyreidljdipnrklrft524jvgxqjloscngs3p4eo32ogheid3vk5pfn5bi,did:plc:gnr56w5cyzwfc4r56w6yqm35,galarianbuoy.bsky.social,,
7e93e27387b44a5197c55e3b76e3bbbf,2026-02-23T00:00:00Z,2026-02-23T00:10:44Z,auth,auth_enUS_labelerexp,at://did:plc:j67kyop65wunuspksudapktg/app.bsky.feed.generator/aaaoukweis36o,suggested_labelerexp,4,at://did:plc:7x6dx2mm7u3gr2p4y66mbkhv/app.bsky.feed.post/3mfidm3zzgc2s,bafyreib6iao5cjz7rs3mue5t2f5qdw72nrylx3c6ssawk5u3qbt6l3gkuq,did:plc:7x6dx2mm7u3gr2p4y66mbkhv,fritzp.bsky.social,,
7e93e27387b44a5197c55e3b76e3bbbf,2026-02-23T00:00:00Z,2026-02-23T00:10:44Z,auth,auth_enUS_labelerexp,at://did:plc:j67kyop65wunuspksudapktg/app.bsky.feed.generator/aaaoukweis36o,suggested_labelerexp,5,at://did:plc:iwj2in26qpfi76xbp3n5aqhe/app.bsky.feed.post/3mfidll5aqc23,bafyreid64fgk3qrc3ewsk4jem2yfmba5xgen4rjzrglznlfxzky6waljwa,did:plc:iwj2in26qpfi76xbp3n5aqhe,therissa.bsky.social,,
7e93e27387b44a5197c55e3b76e3bbbf,2026-02-23T00:00:00Z,2026-02-23T00:10:44Z,auth,auth_enUS_labelerexp,at://did:plc:j67kyop65wunuspksudapktg/app.bsky.feed.generator/aaaoukweis36o,suggested_labelerexp,6,at://did:plc:vhv3el6oq4uxfqk7sqqd5sco/app.bsky.feed.post/3mfidkxoiys2j,bafyreihdlaucahrhxj2awzo5sd7kgqh53bm7c45vs3z6y2oo56cut33iwm,did:plc:vhv3el6oq4uxfqk7sqqd5sco,callmeah.bsky.social,,
7e93e27387b44a5197c55e3b76e3bbbf,2026-02-23T00:00:00Z,2026-02-23T00:10:44Z,auth,auth_enUS_labelerexp,at://did:plc:j67kyop65wunuspksudapktg/app.bsky.feed.generator/aaaoukweis36o,suggested_labelerexp,7,at://did:plc:yodq75mtgy2jf23yvmslxb5h/app.bsky.feed.post/3mfidkw267225,bafyreifhpzmch5wo6x4bhzfkfhrod3edf7s3pwrlqzh5md3ipklzx6qi2e,did:plc:yodq75mtgy2jf23yvmslxb5h,danielle.amethyst.name,,
7e93e27387b44a5197c55e3b76e3bbbf,2026-02-23T00:00:00Z,2026-02-23T00:10:44Z,auth,auth_enUS_labelerexp,at://did:plc:j67kyop65wunuspksudapktg/app.bsky.feed.generator/aaaoukweis36o,suggested_labelerexp,8,at://did:plc:3f46jvem2fj7t4ihmanqqm56/app.bsky.feed.post/3mfidkajlzc2o,bafyreiergxkrzhauwxliv5sspwkvo4atnnthsfntezzk6kgtlrmpul7aju,did:plc:3f46jvem2fj7t4ihmanqqm56,dmgreg.bsky.social,,
7e93e27387b44a5197c55e3b76e3bbbf,2026-02-23T00:00:00Z,2026-02-23T00:10:44Z,auth,auth_enUS_labelerexp,at://did:plc:j67kyop65wunuspksudapktg/app.bsky.feed.generator/aaaoukweis36o,suggested_labelerexp,9,at://did:plc:uqyw2g4j7r22dzct4ag6cyhs/app.bsky.feed.post/3mfidi3ann22h,bafyreiczsghrh7fsb2vhz333c4c6clp7xdjbp7nfsshf5pwaf4piw3pqem,did:plc:uqyw2g4j7r22dzct4ag6cyhs,badhairgaming.bsky.social,,
7e93e27387b44a5197c55e3b76e3bbbf,2026-02-23T00:00:00Z,2026-02-23T00:10:44Z,auth,auth_enUS_labelerexp,at://did:plc:j67kyop65wunuspksudapktg/app.bsky.feed.generator/aaaoukweis36o,suggested_labelerexp,10,at://did:plc:cqcz24niu7gt7kxrch3xdqzt/app.bsky.feed.post/3mfidhprqgc2w,bafyreifze45cmp2yb3ngf5myux7fmbefaukeyc6irjneskqi4vtvz7dz2y,did:plc:cqcz24niu7gt7kxrch3xdqzt,duckandcrow.bsky.social,,
7e93e27387b44a5197c55e3b76e3bbbf,2026-02-23T00:00:00Z,2026-02-23T00:10:44Z,auth,auth_enUS_labelerexp,at://did:plc:j67kyop65wunuspksudapktg/app.bsky.feed.generator/aaaoukweis36o,suggested_labelerexp,11,at://did:plc:cmsf7plk2hzetgyjgunuovyb/app.bsky.feed.post/3mfiddueih224,bafyreicsnfp7ii5xmipew3ggzjx73tyzfwhbokrq4jkb3hju3mjlaq2quu,did:plc:cmsf7plk2hzetgyjgunuovyb,jedader.bsky.social,,
7e93e27387b44a5197c55e3b76e3bbbf,2026-02-23T00:00:00Z,2026-02-23T00:10:44Z,auth,auth_enUS_labelerexp,at://did:plc:j67kyop65wunuspksudapktg/app.bsky.feed.generator/aaaoukweis36o,suggested_labelerexp,12,at://did:plc:qt5p26riefwzbqhrvlptdmqe/app.bsky.feed.post/3mfidbjsb3226,bafyreievspsqjn4urw65agmrix6hed34rzc7ramma4tqxxgew3y3q5a4wi,did:plc:qt5p26riefwzbqhrvlptdmqe,iliadhost.bsky.social,,
7e93e27387b44a5197c55e3b76e3bbbf,2026-02-23T00:00:00Z,2026-02-23T00:10:44Z,auth,auth_enUS_labelerexp,at://did:plc:j67kyop65wunuspksudapktg/app.bsky.feed.generator/aaaoukweis36o,suggested_labelerexp,13,at://did:plc:yqbhpwqfjk2s6sy4gizk2qdi/app.bsky.feed.post/3mfidaq5pb226,bafyreidohxv7alqqli547zr7edhjjbjtdpdmuzmlminhqyprim5wsp4qhi,did:plc:yqbhpwqfjk2s6sy4gizk2qdi,milagrish.bsky.social,,
7e93e27387b44a5197c55e3b76e3bbbf,2026-02-23T00:00:00Z,2026-02-23T00:10:44Z,auth,auth_enUS_labelerexp,at://did:plc:j67kyop65wunuspksudapktg/app.bsky.feed.generator/aaaoukweis36o,suggested_labelerexp,14,at://did:plc:53gbtz2kvcrjuswkrsoyzaq6/app.bsky.feed.post/3mfid7kjh4s2r,bafyreidpktcvrzdtm3o4lw2oxscsndbdibqtq3h6y3usudxl2o6l77gfra,did:plc:53gbtz2kvcrjuswkrsoyzaq6,ratinasuit.bsky.social,,
7e93e27387b44a5197c55e3b76e3bbbf,2026-02-23T00:00:00Z,2026-02-23T00:10:44Z,auth,auth_enUS_labelerexp,at://did:plc:j67kyop65wunuspksudapktg/app.bsky.feed.generator/aaaoukweis36o,suggested_labelerexp,15,at://did:plc:ecazi37fmhfjuqfychcyeyrq/app.bsky.feed.post/3mfid6novnc2v,bafyreiayr3e46kim2zcxiaqyl6pmoyaq6edpjbn35gjuw7msnuk5wlj55m,did:plc:ecazi37fmhfjuqfychcyeyrq,peenarthive.bsky.social,,
7e93e27387b44a5197c55e3b76e3bbbf,2026-02-23T00:00:00Z,2026-02-23T00:10:44Z,auth,auth_enUS_labelerexp,at://did:plc:j67kyop65wunuspksudapktg/app.bsky.feed.generator/aaaoukweis36o,suggested_labelerexp,16,at://did:plc:wtlrhu7jxldt5r7i7kl2t42r/app.bsky.feed.post/3mfid6blpyk23,bafyreif7weil3gilsjnh4ryqt7kbscoknbctyw2aeebw2y774ok3ogflsa,did:plc:wtlrhu7jxldt5r7i7kl2t42r,joneewii.bsky.social,,
7e93e27387b44a5197c55e3b76e3bbbf,2026-02-23T00:00:00Z,2026-02-23T00:10:44Z,auth,auth_enUS_labelerexp,at://did:plc:j67kyop65wunuspksudapktg/app.bsky.feed.generator/aaaoukweis36o,suggested_labelerexp,17,at://did:plc:m42hszfa776el3pncd4cg2sj/app.bsky.feed.post/3mfid5disjc2u,bafyreihdqaee5j4fx46miv33hsavflb5luaqv22mptjyah4hi6y4w5rrcq,did:plc:m42hszfa776el3pncd4cg2sj,primeheart.bsky.social,,
7e93e27387b44a5197c55e3b76e3bbbf,2026-02-23T00:00:00Z,2026-02-23T00:10:44Z,auth,auth_enUS_labelerexp,at://did:plc:j67kyop65wunuspksudapktg/app.bsky.feed.generator/aaaoukweis36o,suggested_labelerexp,18,at://did:plc:cdm3uos3fptwiauwqpn6pvek/app.bsky.feed.post/3mfid4rcnmc2v,bafyreidpetzjcxnxfw3apabmyqllygiomnfpaethdeulsakwc3pxq7lecq,did:plc:cdm3uos3fptwiauwqpn6pvek,geraldkelley.bsky.social,,
7e93e27387b44a5197c55e3b76e3bbbf,2026-02-23T00:00:00Z,2026-02-23T00:10:44Z,auth,auth_enUS_labelerexp,at://did:plc:j67kyop65wunuspksudapktg/app.bsky.feed.generator/aaaoukweis36o,suggested_labelerexp,19,at://did:plc:w4oqpxwm5nzjayp4ryaj5fqg/app.bsky.feed.post/3mfid4bssgc2p,bafyreifs4fkj6qk6bw2cxmazlch3gl524agy6a66ljjjnrcco7uibl3a6m,did:plc:w4oqpxwm5nzjayp4ryaj5fqg,mishellbaker.bsky.social,,
7e93e27387b44a5197c55e3b76e3bbbf,2026-02-23T00:00:00Z,2026-02-23T00:10:44Z,auth,auth_enUS_labelerexp,at://did:plc:j67kyop65wunuspksudapktg/app.bsky.feed.generator/aaaoukweis36o,suggested_labelerexp,20,at://did:plc:opecdzfpvgb5fm7cfxxyz5bn/app.bsky.feed.post/3mficxtqqs223,bafyreibo2fru4lo7n2grm5e7woqjtggvfw777oruwtb7ijjhw3ondrfb5i,did:plc:opecdzfpvgb5fm7cfxxyz5bn,grahamswebsite.neocities.org,,
7e93e27387b44a5197c55e3b76e3bbbf,2026-02-23T00:00:00Z,2026-02-23T00:10:44Z,auth,auth_enUS_labelerexp,at://did:plc:j67kyop65wunuspksudapktg/app.bsky.feed.generator/aaaoukweis36o,suggested_labelerexp,21,at://did:plc:j36at2zl7tbnbg3uvebf4kd5/app.bsky.feed.post/3mficwdl5qc2g,bafyreihyybws7y6bmpl5zjwcnax32qezvizmxz2krcx5vo6seiihuczvk4,did:plc:j36at2zl7tbnbg3uvebf4kd5,krasiph.bsky.social,,
7e93e27387b44a5197c55e3b76e3bbbf,2026-02-23T00:00:00Z,2026-02-23T00:10:44Z,auth,auth_enUS_labelerexp,at://did:plc:j67kyop65wunuspksudapktg/app.bsky.feed.generator/aaaoukweis36o,suggested_labelerexp,22,at://did:plc:cnehbuo55nhmgsaun46ts57k/app.bsky.feed.post/3mficvc7es227,bafyreicpcs62qc6d6fb47ic56rvvbzysms3qdtb7hx4qm5yrviim3f6x2u,did:plc:cnehbuo55nhmgsaun46ts57k,stormcaller.bsky.social,,
7e93e27387b44a5197c55e3b76e3bbbf,2026-02-23T00:00:00Z,2026-02-23T00:10:44Z,auth,auth_enUS_labelerexp,at://did:plc:j67kyop65wunuspksudapktg/app.bsky.feed.generator/aaaoukweis36o,suggested_labelerexp,23,at://did:plc:l7gts7a2yxzeyl6u6jwu6erw/app.bsky.feed.post/3mficrgjek22o,bafyreib5tfb6pmjgjf5heefv7v5ibc22zq3foqd7idi5g7zoc3lulo4emm,did:plc:l7gts7a2yxzeyl6u6jwu6erw,calebzane.bsky.social,,
7e93e27387b44a5197c55e3b76e3bbbf,2026-02-23T00:00:00Z,2026-02-23T00:10:44Z,auth,auth_enUS_labelerexp,at://did:plc:j67kyop65wunuspksudapktg/app.bsky.feed.generator/aaaoukweis36o,suggested_labelerexp,24,at://did:plc:pwfxihpm4c5jhenukdqng6lv/app.bsky.feed.post/3mficq7v3yk22,bafyreiftiakycc4lrl6bmjtr6jzqye425zhdp2ymeb7gdbaxy67zs3vtm4,did:plc:pwfxihpm4c5jhenukdqng6lv,dakeus.bsky.social,,
7e93e27387b44a5197c55e3b76e3bbbf,2026-02-23T00:00:00Z,2026-02-23T00:10:44Z,auth,auth_enUS_labelerexp,at://did:plc:j67kyop65wunuspksudapktg/app.bsky.feed.generator/aaaoukweis36o,suggested_labelerexp,25,at://did:plc:c4xrnjxgoswqbladofgqt7mx/app.bsky.feed.post/3mficpouxv22v,bafyreifqygvsza27miuqafdjfj5h2xp2nssuetpt4mtuocamrjxldm3tfm,did:plc:c4xrnjxgoswqbladofgqt7mx,beearthive.bsky.social,,
7e93e27387b44a5197c55e3b76e3bbbf,2026-02-23T00:00:00Z,2026-02-23T00:10:44Z,auth,auth_enUS_labelerexp,at://did:plc:j67kyop65wunuspksudapktg/app.bsky.feed.generator/aaaoukweis36o,suggested_labelerexp,26,at://did:plc:4v753euug2s7yxfbcscx2d3q/app.bsky.feed.post/3mfico7mz322e,bafyreifrswrknprftugq4g7htrwbhv7f3ydsut2yzskv7o7dyu5engstti,did:plc:4v753euug2s7yxfbcscx2d3q,bookreadingguy.bsky.social,,
7e93e27387b44a5197c55e3b76e3bbbf,2026-02-23T00:00:00Z,2026-02-23T00:10:44Z,auth,auth_enUS_labelerexp,at://did:plc:j67kyop65wunuspksudapktg/app.bsky.feed.generator/aaaoukweis36o,suggested_labelerexp,27,at://did:plc:snjwskzia7azgjpu5tm3u72q/app.bsky.feed.post/3mfico2qs2c2a,bafyreie45cxmjwohatvhdbfw7zmixq4nkmdbkydjpgg4jyyyd3lszi5i5i,did:plc:snjwskzia7azgjpu5tm3u72q,evershard-ttrpg.bsky.social,,
7e93e27387b44a5197c55e3b76e3bbbf,2026-02-23T00:00:00Z,2026-02-23T00:10:44Z,auth,auth_enUS_labelerexp,at://did:plc:j67kyop65wunuspksudapktg/app.bsky.feed.generator/aaaoukweis36o,suggested_labelerexp,28,at://did:plc:vobnuo7mc6gadqvw4u23h437/app.bsky.feed.post/3mficm7sugs2g,bafyreidzp3vtmx7czzwk7hoa5cqm7gubs255tphvxdhh5cr3oqb7xr23fm,did:plc:vobnuo7mc6gadqvw4u23h437,gmbookclub.bsky.social,,
7e93e27387b44a5197c55e3b76e3bbbf,2026-02-23T00:00:00Z,2026-02-23T00:10:44Z,auth,auth_enUS_labelerexp,at://did:plc:j67kyop65wunuspksudapktg/app.bsky.feed.generator/aaaoukweis36o,suggested_labelerexp,29,at://did:plc:s7cv7lzzuwm7h5xkf3a6tkoz/app.bsky.feed.post/3mficluqwbc2s,bafyreih4mkrvv3eklrpfgsyfgrasr46mn7dd4h5hqvygwpn3hef5d6dtou,did:plc:s7cv7lzzuwm7h5xkf3a6tkoz,tazmatte.bsky.social,,
7e93e27387b44a5197c55e3b76e3bbbf,2026-02-23T00:00:00Z,2026-02-23T00:10:44Z,auth,auth_enUS_labelerexp,at://did:plc:j67kyop65wunuspksudapktg/app.bsky.feed.generator/aaaoukweis36o,suggested_labelerexp,30,at://did:plc:d7s24au4pjqzv3rwnaqcv7jn/app.bsky.feed.post/3mficlfa3tc2k,bafyreidrqbidxq2y2idegpy5gpipl7oiqazzrod4ntbrw6g6k7aorydsam,did:plc:d7s24au4pjqzv3rwnaqcv7jn,lasttavernpod.bsky.social,,
7e93e27387b44a5197c55e3b76e3bbbf,2026-02-23T00:00:00Z,2026-02-23T00:10:44Z,auth,auth_enUS_labelerexp,at://did:plc:j67kyop65wunuspksudapktg/app.bsky.feed.generator/aaaoukweis36o,suggested_labelerexp,31,at://did:plc:is3v2nwkcqwqvult6duc3zzo/app.bsky.feed.post/3mficjfzsws2r,bafyreifmbmxzjpwxjzu7gpefkve7ador6cuwiaz6md7gh5vylgvfl6cxcq,did:plc:is3v2nwkcqwqvult6duc3zzo,maxkennedy24.bsky.social,,
7e93e27387b44a5197c55e3b76e3bbbf,2026-02-23T00:00:00Z,2026-02-23T00:10:44Z,auth,auth_enUS_labelerexp,at://did:plc:j67kyop65wunuspksudapktg/app.bsky.feed.generator/aaaoukweis36o,suggested_labelerexp,32,at://did:plc:k7jzuwxno5oi5frk2vego5hr/app.bsky.feed.post/3mfichbfthc2i,bafyreigigsfzg5r7rhkmjbyist22hxvhl5w574nfjguqatzrozyswi323u,did:plc:k7jzuwxno5oi5frk2vego5hr,katerosebee.bsky.social,,
7e93e27387b44a5197c55e3b76e3bbbf,2026-02-23T00:00:00Z,2026-02-23T00:10:44Z,auth,auth_enUS_labelerexp,at://did:plc:j67kyop65wunuspksudapktg/app.bsky.feed.generator/aaaoukweis36o,suggested_labelerexp,33,at://did:plc:ftun4olajvypp6ylorsfpvyi/app.bsky.feed.post/3mficeyvlfs2r,bafyreih3yjdojpvh4teqkleugnrbqbg6wnjj7qqmq64rhuq7ql5zfpxzju,did:plc:ftun4olajvypp6ylorsfpvyi,simplyvantastic.bsky.social,,
7e93e27387b44a5197c55e3b76e3bbbf,2026-02-23T00:00:00Z,2026-02-23T00:10:44Z,auth,auth_enUS_labelerexp,at://did:plc:j67kyop65wunuspksudapktg/app.bsky.feed.generator/aaaoukweis36o,suggested_labelerexp,34,at://did:plc:74rauriqmy3mpieohptkddh3/app.bsky.feed.post/3mficel5eik2k,bafyreifnboujbr7eics4zh6kbgchncyq7sps4vzjpu5pm4l3z4j5fjg2ra,did:plc:74rauriqmy3mpieohptkddh3,shlsgf.bsky.social,,
7e93e27387b44a5197c55e3b76e3bbbf,2026-02-23T00:00:00Z,2026-02-23T00:10:44Z,auth,auth_enUS_labelerexp,at://did:plc:j67kyop65wunuspksudapktg/app.bsky.feed.generator/aaaoukweis36o,suggested_labelerexp,35,at://did:plc:k7jzuwxno5oi5frk2vego5hr/app.bsky.feed.post/3mficdumea22i,bafyreifopfsydmv4zss6hgaeiusdc7mtmc6fsehtneycdja74cbjqv2a4u,did:plc:k7jzuwxno5oi5frk2vego5hr,katerosebee.bsky.social,,
7e93e27387b44a5197c55e3b76e3bbbf,2026-02-23T00:00:00Z,2026-02-23T00:10:44Z,auth,auth_enUS_labelerexp,at://did:plc:j67kyop65wunuspksudapktg/app.bsky.feed.generator/aaaoukweis36o,suggested_labelerexp,36,at://did:plc:ftczcdo4pjxkwjjp464bgktn/app.bsky.feed.post/3mficbt34vk2u,bafyreiavkzfyw2ntd74pzjj6t3wftbiyuvmmjtdv3jgftlpwuhwbtmk3mu,did:plc:ftczcdo4pjxkwjjp464bgktn,ilananight.bsky.social,,
7e93e27387b44a5197c55e3b76e3bbbf,2026-02-23T00:00:00Z,2026-02-23T00:10:44Z,auth,auth_enUS_labelerexp,at://did:plc:j67kyop65wunuspksudapktg/app.bsky.feed.generator/aaaoukweis36o,suggested_labelerexp,37,at://did:plc:bn42xmitngfvdqj7y4ajjcbq/app.bsky.feed.post/3mfic6inhhc2b,bafyreihk35ebkpgzj25mnhfym7275efknoxymhjumifpzx6jq2xesuwvcy,did:plc:bn42xmitngfvdqj7y4ajjcbq,rickgriffin.bsky.social,,
7e93e27387b44a5197c55e3b76e3bbbf,2026-02-23T00:00:00Z,2026-02-23T00:10:44Z,auth,auth_enUS_labelerexp,at://did:plc:j67kyop65wunuspksudapktg/app.bsky.feed.generator/aaaoukweis36o,suggested_labelerexp,38,at://did:plc:bx5fcwxw63pqw5o7tofcz5ef/app.bsky.feed.post/3mfic6gc6bk23,bafyreig6wfyhlsbreszrahssjusyrhpyc55jgpnsfv7iof3b75rd6m7jjm,did:plc:bx5fcwxw63pqw5o7tofcz5ef,jackzarts.bsky.social,,
7e93e27387b44a5197c55e3b76e3bbbf,2026-02-23T00:00:00Z,2026-02-23T00:10:44Z,auth,auth_enUS_labelerexp,at://did:plc:j67kyop65wunuspksudapktg/app.bsky.feed.generator/aaaoukweis36o,suggested_labelerexp,39,at://did:plc:clk4zjk4vz4t27fm4sxsrdsp/app.bsky.feed.post/3mfic577fuc2j,bafyreifpfv5viealxqocnx7ry7r7jzskiqg47qpjfn43zyyn7qangitmmm,did:plc:clk4zjk4vz4t27fm4sxsrdsp,neepsandtatties.bsky.social,,
7e93e27387b44a5197c55e3b76e3bbbf,2026-02-23T00:00:00Z,2026-02-23T00:10:44Z,auth,auth_enUS_labelerexp,at://did:plc:j67kyop65wunuspksudapktg/app.bsky.feed.generator/aaaoukweis36o,suggested_labelerexp,40,at://did:plc:lvvo6rersv6otqrobtdl7hjb/app.bsky.feed.post/3mfic4pmh2s2q,bafyreiemftucm34spirswkpcevxkq6slvw2ntzy6a3ytt4uyk33uqptz2a,did:plc:lvvo6rersv6otqrobtdl7hjb,silver-streak.games,,
7e93e27387b44a5197c55e3b76e3bbbf,2026-02-23T00:00:00Z,2026-02-23T00:10:44Z,auth,auth_enUS_labelerexp,at://did:plc:j67kyop65wunuspksudapktg/app.bsky.feed.generator/aaaoukweis36o,suggested_labelerexp,41,at://did:plc:ns6u4bxaangcujlxyzoyeszu/app.bsky.feed.post/3mfic4gkawk2i,bafyreif5a5l2elwl6v7uvwl6uwpdw2phzm6f7pgfhmeyfh24hyl3pi77si,did:plc:ns6u4bxaangcujlxyzoyeszu,zweihanderrpg.bsky.social,,
7e93e27387b44a5197c55e3b76e3bbbf,2026-02-23T00:00:00Z,2026-02-23T00:10:44Z,auth,auth_enUS_labelerexp,at://did:plc:j67kyop65wunuspksudapktg/app.bsky.feed.generator/aaaoukweis36o,suggested_labelerexp,42,at://did:plc:f3ca2ypakplsc6dhfixhtoff/app.bsky.feed.post/3mfibzvvc4c26,bafyreif3em6q5xyeksyswo6imga2uiebcesaivl7xdmcjcr22vsulu7v4y,did:plc:f3ca2ypakplsc6dhfixhtoff,keftiu.bsky.social,,
7e93e27387b44a5197c55e3b76e3bbbf,2026-02-23T00:00:00Z,2026-02-23T00:10:44Z,auth,auth_enUS_labelerexp,at://did:plc:j67kyop65wunuspksudapktg/app.bsky.feed.generator/aaaoukweis36o,suggested_labelerexp,43,at://did:plc:unzstcusj2dw5hrtehuyjcvr/app.bsky.feed.post/3mfibwvmk4s25,bafyreifzmbv5zkhez75zbi77yy2ybh6uiibj5f5dun6ffmkqqifzmdmdi4,did:plc:unzstcusj2dw5hrtehuyjcvr,emmasharkbear.bsky.social,,
7e93e27387b44a5197c55e3b76e3bbbf,2026-02-23T00:00:00Z,2026-02-23T00:10:44Z,auth,auth_enUS_labelerexp,at://did:plc:j67kyop65wunuspksudapktg/app.bsky.feed.generator/aaaoukweis36o,suggested_labelerexp,44,at://did:plc:kta34ovgaue3i64al3b2zeaj/app.bsky.feed.post/3mfibwmdww22g,bafyreibdlbsczdrgst6iamc2ce7at5sfhmk3qgmoartaknbz4vznrmubjy,did:plc:kta34ovgaue3i64al3b2zeaj,bamfpodcast.bsky.social,,
7e93e27387b44a5197c55e3b76e3bbbf,2026-02-23T00:00:00Z,2026-02-23T00:10:44Z,auth,auth_enUS_labelerexp,at://did:plc:j67kyop65wunuspksudapktg/app.bsky.feed.generator/aaaoukweis36o,suggested_labelerexp,45,at://did:plc:2jshqa4xub6jcnxqlqt2f2pn/app.bsky.feed.post/3mfibutjhj22d,bafyreign7to45l4tj22towtev354vcpluqouhcexnzbyg2ds7reupipbai,did:plc:2jshqa4xub6jcnxqlqt2f2pn,ekron-vulture.bsky.social,,
7e93e27387b44a5197c55e3b76e3bbbf,2026-02-23T00:00:00Z,2026-02-23T00:10:44Z,auth,auth_enUS_labelerexp,at://did:plc:j67kyop65wunuspksudapktg/app.bsky.feed.generator/aaaoukweis36o,suggested_labelerexp,46,at://did:plc:yfwxo7x2wmfdts2ipvraabat/app.bsky.feed.post/3mfibu6w7sk2p,bafyreigxt4v4aertrzypza3x5c7fionn5dnng2rfnbaajiubd47neca76u,did:plc:yfwxo7x2wmfdts2ipvraabat,andyiwancio.bsky.social,,
7e93e27387b44a5197c55e3b76e3bbbf,2026-02-23T00:00:00Z,2026-02-23T00:10:44Z,auth,auth_enUS_labelerexp,at://did:plc:j67kyop65wunuspksudapktg/app.bsky.feed.generator/aaaoukweis36o,suggested_labelerexp,47,at://did:plc:3kgwjmy6piygnnbxnxgsojqk/app.bsky.feed.post/3mfibte3jc22d,bafyreihw4z5hs6r4tomo7wcdjofjxeen2nsmfn2hd45mn7s73uvn5jsefy,did:plc:3kgwjmy6piygnnbxnxgsojqk,choochoobear.bsky.social,,
7e93e27387b44a5197c55e3b76e3bbbf,2026-02-23T00:00:00Z,2026-02-23T00:10:44Z,auth,auth_enUS_labelerexp,at://did:plc:j67kyop65wunuspksudapktg/app.bsky.feed.generator/aaaoukweis36o,suggested_labelerexp,48,at://did:plc:kta34ovgaue3i64al3b2zeaj/app.bsky.feed.post/3mfibrtokv22g,bafyreid2mj2z5c6lviuia3abhw5avyi4iorpqdvofqtbypyiifakgbykb4,did:plc:kta34ovgaue3i64al3b2zeaj,bamfpodcast.bsky.social,,
7e93e27387b44a5197c55e3b76e3bbbf,2026-02-23T00:00:00Z,2026-02-23T00:10:44Z,auth,auth_enUS_labelerexp,at://did:plc:j67kyop65wunuspksudapktg/app.bsky.feed.generator/aaaoukweis36o,suggested_labelerexp,49,at://did:plc:qpdpcihwsufieuol3r6kbxol/app.bsky.feed.post/3mfibopej7c2w,bafyreibvas2xbqporm3cnbrosxfd3ievzgjk4v34fscxhgsckm3hah7u3u,did:plc:qpdpcihwsufieuol3r6kbxol,mercbeans.bsky.social,,
7e93e27387b44a5197c55e3b76e3bbbf,2026-02-23T00:00:00Z,2026-02-23T00:10:44Z,auth,auth_enUS_labelerexp,at://did:plc:j67kyop65wunuspksudapktg/app.bsky.feed.generator/aaaoukweis36o,suggested_labelerexp,50,at://did:plc:cd5gtqhodobfhfwmwzbudf2a/app.bsky.feed.post/3mfiblv3vns27,bafyreie5nph3sw36lykwe6wsqwchbuu75mwbsnnfcqagn43guiyztugwgq,did:plc:cd5gtqhodobfhfwmwzbudf2a,serotoninbun.bsky.social,,
7e93e27387b44a5197c55e3b76e3bbbf,2026-02-23T00:00:00Z,2026-02-23T00:10:46Z,auth,auth_enUS_labelerexp,at://did:plc:l72uci4styb4jucsgcrrj5ap/app.bsky.feed.generator/aaao5dzfm36u4,suggested_labelerexp,1,at://did:plc:bmarnzj3houwlhnm53avpqnq/app.bsky.feed.post/3lbf2rghjlk22,bafyreic6oljo6rikml4ycqsl55jon33mq3fjmjxlcqyzzunl4gskyh7mse,did:plc:bmarnzj3houwlhnm53avpqnq,eduskyteam.bsky.social,,
7e93e27387b44a5197c55e3b76e3bbbf,2026-02-23T00:00:00Z,2026-02-23T00:10:46Z,auth,auth_enUS_labelerexp,at://did:plc:l72uci4styb4jucsgcrrj5ap/app.bsky.feed.generator/aaao5dzfm36u4,suggested_labelerexp,2,at://did:plc:4o3pbsjh3xgwvkps622g3cao/app.bsky.feed.post/3mficsjd5622a,bafyreigwtupwkw7llsowurtekaafu2w42mpzcxito2qlc7fnxb4f3yjsym,did:plc:4o3pbsjh3xgwvkps622g3cao,profjreppertsau.bsky.social,,
7e93e27387b44a5197c55e3b76e3bbbf,2026-02-23T00:00:00Z,2026-02-23T00:10:46Z,auth,auth_enUS_labelerexp,at://did:plc:l72uci4styb4jucsgcrrj5ap/app.bsky.feed.generator/aaao5dzfm36u4,suggested_labelerexp,3,at://did:plc:rqv277ihotxykvhnjt6deu5h/app.bsky.feed.post/3mfiankwaps2d,bafyreibat2ky3gq5dpb436m57mi7hvftuocyzctev42cvpkhsj4mhuypsq,did:plc:rqv277ihotxykvhnjt6deu5h,lisdtechtips.bsky.social,,
7e93e27387b44a5197c55e3b76e3bbbf,2026-02-23T00:00:00Z,2026-02-23T00:10:46Z,auth,auth_enUS_labelerexp,at://did:plc:l72uci4styb4jucsgcrrj5ap/app.bsky.feed.generator/aaao5dzfm36u4,suggested_labelerexp,4,at://did:plc:g22huywnb5v7rnrzrl7kchwj/app.bsky.feed.post/3mfiakhorqm2c,bafyreias5a5xum7f5knb6nrot3mqdgwbagxxg22krjsdlpz4wjlwox3b7q,did:plc:g22huywnb5v7rnrzrl7kchwj,alicekeeler.com,,
7e93e27387b44a5197c55e3b76e3bbbf,2026-02-23T00:00:00Z,2026-02-23T00:10:46Z,auth,auth_enUS_labelerexp,at://did:plc:l72uci4styb4jucsgcrrj5ap/app.bsky.feed.generator/aaao5dzfm36u4,suggested_labelerexp,5,at://did:plc:tf42fylciee5jerwdrj7hqyd/app.bsky.feed.post/3mfiaibswmc2r,bafyreigo3f6qfhyvszenjfyjzxlrxbasaldfla3amiv3fpnja4o3q7t564,did:plc:tf42fylciee5jerwdrj7hqyd,lawrenceschimel.bsky.social,,
7e93e27387b44a5197c55e3b76e3bbbf,2026-02-23T00:00:00Z,2026-02-23T00:10:46Z,auth,auth_enUS_labelerexp,at://did:plc:l72uci4styb4jucsgcrrj5ap/app.bsky.feed.generator/aaao5dzfm36u4,suggested_labelerexp,6,at://did:plc:g22huywnb5v7rnrzrl7kchwj/app.bsky.feed.post/3mfi6tera6h2f,bafyreibopa4e7ecziho644xj75ybicszqx46xwlzsz6flamxwgirycco5a,did:plc:g22huywnb5v7rnrzrl7kchwj,alicekeeler.com,,
7e93e27387b44a5197c55e3b76e3bbbf,2026-02-23T00:00:00Z,2026-02-23T00:10:46Z,auth,auth_enUS_labelerexp,at://did:plc:l72uci4styb4jucsgcrrj5ap/app.bsky.feed.generator/aaao5dzfm36u4,suggested_labelerexp,7,at://did:plc:oub43ymwccuuvy36hfdmv4ub/app.bsky.feed.post/3mfi5cttwnb2e,bafyreigmkqwtlmiumk7rpk35rxw6uny4lc5hyxbmuk2idaj6gg2ged4mw4,did:plc:oub43ymwccuuvy36hfdmv4ub,thecreativeeducator.com,,
7e93e27387b44a5197c55e3b76e3bbbf,2026-02-23T00:00:00Z,2026-02-23T00:10:46Z,auth,auth_enUS_labelerexp,at://did:plc:l72uci4styb4jucsgcrrj5ap/app.bsky.feed.generator/aaao5dzfm36u4,suggested_labelerexp,8,at://did:plc:h32pbp3z3wb4kdxs3df6uei2/app.bsky.feed.post/3mfi5akn7oz2s,bafyreidrtep4ruzat2yrqjcdk2b5bscrfw4hrwa55iz5ph3hbijpdv4jve,did:plc:h32pbp3z3wb4kdxs3df6uei2,draccess.bsky.social,,
7e93e27387b44a5197c55e3b76e3bbbf,2026-02-23T00:00:00Z,2026-02-23T00:10:46Z,auth,auth_enUS_labelerexp,at://did:plc:l72uci4styb4jucsgcrrj5ap/app.bsky.feed.generator/aaao5dzfm36u4,suggested_labelerexp,9,at://did:plc:hck53gdnnjoefq53njxs4jku/app.bsky.feed.post/3mfi56ehc6z25,bafyreih2bu4g64fs34ozxbt6xprkv4emvr67uydpif73oplaejj5c65vnu,did:plc:hck53gdnnjoefq53njxs4jku,landmarkoutreach.bsky.social,,
7e93e27387b44a5197c55e3b76e3bbbf,2026-02-23T00:00:00Z,2026-02-23T00:10:46Z,auth,auth_enUS_labelerexp,at://did:plc:l72uci4styb4jucsgcrrj5ap/app.bsky.feed.generator/aaao5dzfm36u4,suggested_labelerexp,10,at://did:plc:j4evarkv2vqkstkarxkinry4/app.bsky.feed.post/3mfi4qgauh22k,bafyreigogt24mf4ckwqr2mjcyixvt5cgnsmwozcfo3ykx7o2pd67xd3l74,did:plc:j4evarkv2vqkstkarxkinry4,theworthyeducator.bsky.social,,
7e93e27387b44a5197c55e3b76e3bbbf,2026-02-23T00:00:00Z,2026-02-23T00:10:46Z,auth,auth_enUS_labelerexp,at://did:plc:l72uci4styb4jucsgcrrj5ap/app.bsky.feed.generator/aaao5dzfm36u4,suggested_labelerexp,11,at://did:plc:soid626vqmtnbpujcsw2l47g/app.bsky.feed.post/3mfi2xb5en22p,bafyreiee4rvgbolvbbad73y23pq5jpmchabj6k5v5rcrlvsrj77evs4sea,did:plc:soid626vqmtnbpujcsw2l47g,annickrauch.bsky.social,,
7e93e27387b44a5197c55e3b76e3bbbf,2026-02-23T00:00:00Z,2026-02-23T00:10:46Z,auth,auth_enUS_labelerexp,at://did:plc:l72uci4styb4jucsgcrrj5ap/app.bsky.feed.generator/aaao5dzfm36u4,suggested_labelerexp,12,at://did:plc:6nwrwt5xhupr6rqhjjzbyjr4/app.bsky.feed.post/3mfi26eblhs25,bafyreidbcvlkxhzhhr3babpf63s63q2c22ny5tj2uchwu2l5ac2vcml7se,did:plc:6nwrwt5xhupr6rqhjjzbyjr4,clickteaching.bsky.social,,
7e93e27387b44a5197c55e3b76e3bbbf,2026-02-23T00:00:00Z,2026-02-23T00:10:46Z,auth,auth_enUS_labelerexp,at://did:plc:l72uci4styb4jucsgcrrj5ap/app.bsky.feed.generator/aaao5dzfm36u4,suggested_labelerexp,13,at://did:plc:6nwrwt5xhupr6rqhjjzbyjr4/app.bsky.feed.post/3mfi25khltc25,bafyreic5qp3khf63mwx4ezgv2qv4mcmykw7cncixpk6erckqu6k4aobtdy,did:plc:6nwrwt5xhupr6rqhjjzbyjr4,clickteaching.bsky.social,,
7e93e27387b44a5197c55e3b76e3bbbf,2026-02-23T00:00:00Z,2026-02-23T00:10:46Z,auth,auth_enUS_labelerexp,at://did:plc:l72uci4styb4jucsgcrrj5ap/app.bsky.feed.generator/aaao5dzfm36u4,suggested_labelerexp,14,at://did:plc:z34a3n4mconzrlz3ezxbailx/app.bsky.feed.post/3mfi23bjkes2a,bafyreidpayr4mw5paf7hy2f2flybvybwzhglgnik3qjt5or77e2xlklsii,did:plc:z34a3n4mconzrlz3ezxbailx,dannynic.bsky.social,,
7e93e27387b44a5197c55e3b76e3bbbf,2026-02-23T00:00:00Z,2026-02-23T00:10:46Z,auth,auth_enUS_labelerexp,at://did:plc:l72uci4styb4jucsgcrrj5ap/app.bsky.feed.generator/aaao5dzfm36u4,suggested_labelerexp,15,at://did:plc:vglqjhfftx2psn4llojmeqxh/app.bsky.feed.post/3mfhzyjtvzo22,bafyreiexa5oahpbeyuhrprcsp3tc5a73uu7axosltv24gufiityuvg36va,did:plc:vglqjhfftx2psn4llojmeqxh,kirstyfitzscott.bsky.social,,
7e93e27387b44a5197c55e3b76e3bbbf,2026-02-23T00:00:00Z,2026-02-23T00:10:46Z,auth,auth_enUS_labelerexp,at://did:plc:l72uci4styb4jucsgcrrj5ap/app.bsky.feed.generator/aaao5dzfm36u4,suggested_labelerexp,16,at://did:plc:xlg3n6wnpwhirrtqm7e7gbpl/app.bsky.feed.post/3mfhzgmyin227,bafyreidig4mcjowajmpev4byxugf6bda236hoqfd7uxxbudt42xs63z6jm,did:plc:xlg3n6wnpwhirrtqm7e7gbpl,physgal.bsky.social,,
7e93e27387b44a5197c55e3b76e3bbbf,2026-02-23T00:00:00Z,2026-02-23T00:10:46Z,auth,auth_enUS_labelerexp,at://did:plc:l72uci4styb4jucsgcrrj5ap/app.bsky.feed.generator/aaao5dzfm36u4,suggested_labelerexp,17,at://did:plc:xlg3n6wnpwhirrtqm7e7gbpl/app.bsky.feed.post/3mfhzgmyin227,bafyreidig4mcjowajmpev4byxugf6bda236hoqfd7uxxbudt42xs63z6jm,did:plc:xlg3n6wnpwhirrtqm7e7gbpl,physgal.bsky.social,,
7e93e27387b44a5197c55e3b76e3bbbf,2026-02-23T00:00:00Z,2026-02-23T00:10:46Z,auth,auth_enUS_labelerexp,at://did:plc:l72uci4styb4jucsgcrrj5ap/app.bsky.feed.generator/aaao5dzfm36u4,suggested_labelerexp,18,at://did:plc:xlg3n6wnpwhirrtqm7e7gbpl/app.bsky.feed.post/3mfhzgmyin227,bafyreidig4mcjowajmpev4byxugf6bda236hoqfd7uxxbudt42xs63z6jm,did:plc:xlg3n6wnpwhirrtqm7e7gbpl,physgal.bsky.social,,
7e93e27387b44a5197c55e3b76e3bbbf,2026-02-23T00:00:00Z,2026-02-23T00:10:46Z,auth,auth_enUS_labelerexp,at://did:plc:l72uci4styb4jucsgcrrj5ap/app.bsky.feed.generator/aaao5dzfm36u4,suggested_labelerexp,19,at://did:plc:g6ykttsxwnrqsnd2nadd6put/app.bsky.feed.post/3mfhxcugxuc2q,bafyreid5t2wcpv5vjguou7ulq26d4xepq4v7fr5wmzgwieo5yrbdjor2dq,did:plc:g6ykttsxwnrqsnd2nadd6put,ssslearning.bsky.social,,
7e93e27387b44a5197c55e3b76e3bbbf,2026-02-23T00:00:00Z,2026-02-23T00:10:46Z,auth,auth_enUS_labelerexp,at://did:plc:l72uci4styb4jucsgcrrj5ap/app.bsky.feed.generator/aaao5dzfm36u4,suggested_labelerexp,20,at://did:plc:3xg2qsw6dcggxalo3pb5ykbq/app.bsky.feed.post/3mfhx3vldst22,bafyreiezfer5exf24jxjdbeq4krrsegoytggm4ukac7sb474advexyrcvm,did:plc:3xg2qsw6dcggxalo3pb5ykbq,edumind.bsky.social,,
7e93e27387b44a5197c55e3b76e3bbbf,2026-02-23T00:00:00Z,2026-02-23T00:10:46Z,auth,auth_enUS_labelerexp,at://did:plc:l72uci4styb4jucsgcrrj5ap/app.bsky.feed.generator/aaao5dzfm36u4,suggested_labelerexp,21,at://did:plc:koebjz6wvozdf5zeran77p46/app.bsky.feed.post/3mfhwfzquvk2d,bafyreib4isqhmanz5sksop6q3q5yhvouza4x66cilp3ncic6b6ica2kb5u,did:plc:koebjz6wvozdf5zeran77p46,hazelmpinner.bsky.social,,
7e93e27387b44a5197c55e3b76e3bbbf,2026-02-23T00:00:00Z,2026-02-23T00:10:46Z,auth,auth_enUS_labelerexp,at://did:plc:l72uci4styb4jucsgcrrj5ap/app.bsky.feed.generator/aaao5dzfm36u4,suggested_labelerexp,22,at://did:plc:4zbgbug4ilc6e6erhwm7tlze/app.bsky.feed.post/3mfhvd2kd4e2d,bafyreibo75nzdvbpe5qegga5wzkvqaxmimoyghjyf22jx5rfn55beazufa,did:plc:4zbgbug4ilc6e6erhwm7tlze,edutopia.org,,
7e93e27387b44a5197c55e3b76e3bbbf,2026-02-23T00:00:00Z,2026-02-23T00:10:46Z,auth,auth_enUS_labelerexp,at://did:plc:l72uci4styb4jucsgcrrj5ap/app.bsky.feed.generator/aaao5dzfm36u4,suggested_labelerexp,23,at://did:plc:4zbgbug4ilc6e6erhwm7tlze/app.bsky.feed.post/3mfhrqm6z7y2l,bafyreicmlhcypzuvxnsaj3k5kytoyrf2ncw2adnupitxifwzi3ugxvurcu,did:plc:4zbgbug4ilc6e6erhwm7tlze,edutopia.org,,
7e93e27387b44a5197c55e3b76e3bbbf,2026-02-23T00:00:00Z,2026-02-23T00:10:46Z,auth,auth_enUS_labelerexp,at://did:plc:l72uci4styb4jucsgcrrj5ap/app.bsky.feed.generator/aaao5dzfm36u4,suggested_labelerexp,24,at://did:plc:gkgncnmhmnluxf3hd6bjuyf7/app.bsky.feed.post/3mfhrow6psk2a,bafyreieyurrniigprjsdwge2afhd6opfws7bmdyzq6bfu5wwildc2f2hm4,did:plc:gkgncnmhmnluxf3hd6bjuyf7,suecowley.bsky.social,,
7e93e27387b44a5197c55e3b76e3bbbf,2026-02-23T00:00:00Z,2026-02-23T00:10:46Z,auth,auth_enUS_labelerexp,at://did:plc:l72uci4styb4jucsgcrrj5ap/app.bsky.feed.generator/aaao5dzfm36u4,suggested_labelerexp,25,at://did:plc:ppufopziv6hni2tzitcv3uzk/app.bsky.feed.post/3mfhpxklfqc2i,bafyreicu7bcxfakkvcvxziwc5zkh6gdi34hzcf2rw74vtzaa6xxm2ygwdy,did:plc:ppufopziv6hni2tzitcv3uzk,middleweb.bsky.social,,
7e93e27387b44a5197c55e3b76e3bbbf,2026-02-23T00:00:00Z,2026-02-23T00:10:46Z,auth,auth_enUS_labelerexp,at://did:plc:l72uci4styb4jucsgcrrj5ap/app.bsky.feed.generator/aaao5dzfm36u4,suggested_labelerexp,26,at://did:plc:5ulkrbo6aphlmeh7hlsuwz2a/app.bsky.feed.post/3mfhpk4x4gc2k,bafyreicerq3rg7nneitczwetbnr7zvuambvlx7vo43fid2newsazmcu34i,did:plc:5ulkrbo6aphlmeh7hlsuwz2a,bethgg.bsky.social,,
7e93e27387b44a5197c55e3b76e3bbbf,2026-02-23T00:00:00Z,2026-02-23T00:10:46Z,auth,auth_enUS_labelerexp,at://did:plc:l72uci4styb4jucsgcrrj5ap/app.bsky.feed.generator/aaao5dzfm36u4,suggested_labelerexp,27,at://did:plc:tp4t75rh47fptz3f2x5iep7r/app.bsky.feed.post/3mfhox6z2p32e,bafyreicr5ftmvoescimxrch7s67oq7q4epwqw3q5k6eyhsjzg5z3unlieq,did:plc:tp4t75rh47fptz3f2x5iep7r,academicabuse.com,,
7e93e27387b44a5197c55e3b76e3bbbf,2026-02-23T00:00:00Z,2026-02-23T00:10:46Z,auth,auth_enUS_labelerexp,at://did:plc:l72uci4styb4jucsgcrrj5ap/app.bsky.feed.generator/aaao5dzfm36u4,suggested_labelerexp,28,at://did:plc:tp4t75rh47fptz3f2x5iep7r/app.bsky.feed.post/3mfhox6z2p32e,bafyreicr5ftmvoescimxrch7s67oq7q4epwqw3q5k6eyhsjzg5z3unlieq,did:plc:tp4t75rh47fptz3f2x5iep7r,academicabuse.com,,
7e93e27387b44a5197c55e3b76e3bbbf,2026-02-23T00:00:00Z,2026-02-23T00:10:46Z,auth,auth_enUS_labelerexp,at://did:plc:l72uci4styb4jucsgcrrj5ap/app.bsky.feed.generator/aaao5dzfm36u4,suggested_labelerexp,29,at://did:plc:ucbdok5y54tssxa46mnw3uek/app.bsky.feed.post/3mfhoesasck25,bafyreihlnkrkzyu3eu5seo573vstmewwrvvpnabdddfez4tjiitfcej2ka,did:plc:ucbdok5y54tssxa46mnw3uek,bkuhl2you.bsky.social,,
7e93e27387b44a5197c55e3b76e3bbbf,2026-02-23T00:00:00Z,2026-02-23T00:10:46Z,auth,auth_enUS_labelerexp,at://did:plc:l72uci4styb4jucsgcrrj5ap/app.bsky.feed.generator/aaao5dzfm36u4,suggested_labelerexp,30,at://did:plc:m3t4x776mya3iyj5ksjaisir/app.bsky.feed.post/3mfhnxmzam22l,bafyreiatg4iowhsebx4wvffk4s3uav46aub7yjzsjrktzawy3r2dzjeufq,did:plc:m3t4x776mya3iyj5ksjaisir,astrolabe-science.fr,,
7e93e27387b44a5197c55e3b76e3bbbf,2026-02-23T00:00:00Z,2026-02-23T00:10:46Z,auth,auth_enUS_labelerexp,at://did:plc:l72uci4styb4jucsgcrrj5ap/app.bsky.feed.generator/aaao5dzfm36u4,suggested_labelerexp,31,at://did:plc:tkibsn4mohnshwkjq5d7bcyx/app.bsky.feed.post/3mfhndix46s2a,bafyreiavkmlwdmss6xtfc5ihua2ricv64ptenlnp6w3qkg7rk5luz42bqi,did:plc:tkibsn4mohnshwkjq5d7bcyx,alienembryo.bsky.social,,
7e93e27387b44a5197c55e3b76e3bbbf,2026-02-23T00:00:00Z,2026-02-23T00:10:46Z,auth,auth_enUS_labelerexp,at://did:plc:l72uci4styb4jucsgcrrj5ap/app.bsky.feed.generator/aaao5dzfm36u4,suggested_labelerexp,32,at://did:plc:bxsrndkwkqq7wpc6wwrbu74b/app.bsky.feed.post/3mfhnbkcu532q,bafyreib5teookbb5cap7yhdmc2lec5r6yw5ub27wd7uwme5tp4r7hj7laa,did:plc:bxsrndkwkqq7wpc6wwrbu74b,auneeducation.bsky.social,,
7e93e27387b44a5197c55e3b76e3bbbf,2026-02-23T00:00:00Z,2026-02-23T00:10:46Z,auth,auth_enUS_labelerexp,at://did:plc:l72uci4styb4jucsgcrrj5ap/app.bsky.feed.generator/aaao5dzfm36u4,suggested_labelerexp,33,at://did:plc:2xrlq5yq3vmdky7ulqrxcgjk/app.bsky.feed.post/3mfhmgwzygs2y,bafyreibqowshkyygcq53dc44so6binwjz6ch37io5vtd2ifon3pscecvmu,did:plc:2xrlq5yq3vmdky7ulqrxcgjk,rmcenta.bsky.social,,
7e93e27387b44a5197c55e3b76e3bbbf,2026-02-23T00:00:00Z,2026-02-23T00:10:46Z,auth,auth_enUS_labelerexp,at://did:plc:l72uci4styb4jucsgcrrj5ap/app.bsky.feed.generator/aaao5dzfm36u4,suggested_labelerexp,34,at://did:plc:4zbgbug4ilc6e6erhwm7tlze/app.bsky.feed.post/3mfhmbewhd42l,bafyreib4nptyptgd3vruejyquvnqhkfiljjg7mwm7l6il7hpyfhonitfxa,did:plc:4zbgbug4ilc6e6erhwm7tlze,edutopia.org,,
7e93e27387b44a5197c55e3b76e3bbbf,2026-02-23T00:00:00Z,2026-02-23T00:10:46Z,auth,auth_enUS_labelerexp,at://did:plc:l72uci4styb4jucsgcrrj5ap/app.bsky.feed.generator/aaao5dzfm36u4,suggested_labelerexp,35,at://did:plc:766uglrpw65ppzm6hxyu7job/app.bsky.feed.post/3mfhlxojysk2f,bafyreiamtyowyyy3sfbwm4oeawqyf4an4euyonf546mphqvpyajju6kjye,did:plc:766uglrpw65ppzm6hxyu7job,tcadvancinglit.bsky.social,,
7e93e27387b44a5197c55e3b76e3bbbf,2026-02-23T00:00:00Z,2026-02-23T00:10:46Z,auth,auth_enUS_labelerexp,at://did:plc:l72uci4styb4jucsgcrrj5ap/app.bsky.feed.generator/aaao5dzfm36u4,suggested_labelerexp,36,at://did:plc:ebl6gkgiekpctdgai3omtlmr/app.bsky.feed.post/3mfhk3pjwqu27,bafyreifo3gm6mywl6it73rly6nx6tz7e35g4kul74oo5vtl4utlmhlxaku,did:plc:ebl6gkgiekpctdgai3omtlmr,shakeuplearning.bsky.social,,
7e93e27387b44a5197c55e3b76e3bbbf,2026-02-23T00:00:00Z,2026-02-23T00:10:46Z,auth,auth_enUS_labelerexp,at://did:plc:l72uci4styb4jucsgcrrj5ap/app.bsky.feed.generator/aaao5dzfm36u4,suggested_labelerexp,37,at://did:plc:7ryknk43liipmic6tkuasc5r/app.bsky.feed.post/3mfhjxhuyzs2n,bafyreigemr42vbfaqzyylg37gxq6rkuo2uzz47la2gh46dyhg4wcdgi6oy,did:plc:7ryknk43liipmic6tkuasc5r,amandalah.bsky.social,,
7e93e27387b44a5197c55e3b76e3bbbf,2026-02-23T00:00:00Z,2026-02-23T00:10:46Z,auth,auth_enUS_labelerexp,at://did:plc:l72uci4styb4jucsgcrrj5ap/app.bsky.feed.generator/aaao5dzfm36u4,suggested_labelerexp,38,at://did:plc:gfnrydwaoobtvsyvomxqonc6/app.bsky.feed.post/3mfhjvw4kzk2p,bafyreifestsbqkon64jkvhtjlpqvkx3wnggd6xpvrah2ctqtahuo3zfqeu,did:plc:gfnrydwaoobtvsyvomxqonc6,loritecler.bsky.social,,
7e93e27387b44a5197c55e3b76e3bbbf,2026-02-23T00:00:00Z,2026-02-23T00:10:46Z,auth,auth_enUS_labelerexp,at://did:plc:l72uci4styb4jucsgcrrj5ap/app.bsky.feed.generator/aaao5dzfm36u4,suggested_labelerexp,39,at://did:plc:gkqyvbabw2lktfoeoehcyxye/app.bsky.feed.post/3mfhixujg5b2e,bafyreicntizpxvnomrnf75eazce5vsnf3w7jq2cqocz7p6ql6lobof7524,did:plc:gkqyvbabw2lktfoeoehcyxye,studenthandouts.bsky.social,,
7e93e27387b44a5197c55e3b76e3bbbf,2026-02-23T00:00:00Z,2026-02-23T00:10:46Z,auth,auth_enUS_labelerexp,at://did:plc:l72uci4styb4jucsgcrrj5ap/app.bsky.feed.generator/aaao5dzfm36u4,suggested_labelerexp,40,at://did:plc:j4evarkv2vqkstkarxkinry4/app.bsky.feed.post/3mfhijylamc2k,bafyreid6h3zaksipr2lonjq5sd2ielbhzq2wwfvcwuunj545tlxhpegroq,did:plc:j4evarkv2vqkstkarxkinry4,theworthyeducator.bsky.social,,
7e93e27387b44a5197c55e3b76e3bbbf,2026-02-23T00:00:00Z,2026-02-23T00:10:46Z,auth,auth_enUS_labelerexp,at://did:plc:l72uci4styb4jucsgcrrj5ap/app.bsky.feed.generator/aaao5dzfm36u4,suggested_labelerexp,41,at://did:plc:f7nfvma4oivfdrrkru2no3fe/app.bsky.feed.post/3mfhgw76vjk2f,bafyreif37sjs6nb2q5uxehkzxcefncwfbxte5f2zlvfuwanhoduw2e2fb4,did:plc:f7nfvma4oivfdrrkru2no3fe,markgoodrich.bsky.social,,
7e93e27387b44a5197c55e3b76e3bbbf,2026-02-23T00:00:00Z,2026-02-23T00:10:46Z,auth,auth_enUS_labelerexp,at://did:plc:l72uci4styb4jucsgcrrj5ap/app.bsky.feed.generator/aaao5dzfm36u4,suggested_labelerexp,42,at://did:plc:tp4t75rh47fptz3f2x5iep7r/app.bsky.feed.post/3mfhgrfogx32j,bafyreibak2r2k3hmw6dz2gakpaweffize3jbqmxmumsi4al3nybeqvlthe,did:plc:tp4t75rh47fptz3f2x5iep7r,academicabuse.com,,
7e93e27387b44a5197c55e3b76e3bbbf,2026-02-23T00:00:00Z,2026-02-23T00:10:46Z,auth,auth_enUS_labelerexp,at://did:plc:l72uci4styb4jucsgcrrj5ap/app.bsky.feed.generator/aaao5dzfm36u4,suggested_labelerexp,43,at://did:plc:tp4t75rh47fptz3f2x5iep7r/app.bsky.feed.post/3mfhgrfogx32j,bafyreibak2r2k3hmw6dz2gakpaweffize3jbqmxmumsi4al3nybeqvlthe,did:plc:tp4t75rh47fptz3f2x5iep7r,academicabuse.com,,
7e93e27387b44a5197c55e3b76e3bbbf,2026-02-23T00:00:00Z,2026-02-23T00:10:46Z,auth,auth_enUS_labelerexp,at://did:plc:l72uci4styb4jucsgcrrj5ap/app.bsky.feed.generator/aaao5dzfm36u4,suggested_labelerexp,44,at://did:plc:vjwyktlg5so2s6di3q6ntfqa/app.bsky.feed.post/3mfhgp2foa225,bafyreibfvluqpyr6dg227hwb7gfaxtfy2qm6l22stxixjyh42ehc3oxifm,did:plc:vjwyktlg5so2s6di3q6ntfqa,lemanskyrachel.bsky.social,,
7e93e27387b44a5197c55e3b76e3bbbf,2026-02-23T00:00:00Z,2026-02-23T00:10:46Z,auth,auth_enUS_labelerexp,at://did:plc:l72uci4styb4jucsgcrrj5ap/app.bsky.feed.generator/aaao5dzfm36u4,suggested_labelerexp,45,at://did:plc:j52qpaqtlmplovhviqsa7ruh/app.bsky.feed.post/3mfhgo47ah22t,bafyreifzeeqeim46rgesia7apfq2zt2bywy3krtvu3lmumjcuqejfvcv3i,did:plc:j52qpaqtlmplovhviqsa7ruh,nealzetterpoet.bsky.social,,
7e93e27387b44a5197c55e3b76e3bbbf,2026-02-23T00:00:00Z,2026-02-23T00:10:46Z,auth,auth_enUS_labelerexp,at://did:plc:l72uci4styb4jucsgcrrj5ap/app.bsky.feed.generator/aaao5dzfm36u4,suggested_labelerexp,46,at://did:plc:g22huywnb5v7rnrzrl7kchwj/app.bsky.feed.post/3mfhgjelok22u,bafyreidzvq6xxgyip32psng6eklwoziqhweeve3gembigf4yi77jpw5yeq,did:plc:g22huywnb5v7rnrzrl7kchwj,alicekeeler.com,,
7e93e27387b44a5197c55e3b76e3bbbf,2026-02-23T00:00:00Z,2026-02-23T00:10:46Z,auth,auth_enUS_labelerexp,at://did:plc:l72uci4styb4jucsgcrrj5ap/app.bsky.feed.generator/aaao5dzfm36u4,suggested_labelerexp,47,at://did:plc:5dbeis2q22du36qmvbjcbd4o/app.bsky.feed.post/3mfhgaxtzxs23,bafyreigq4h2m75uxkh4nkmeegn5i7jz6ur45qylkhoeckptr6yxe4hgboq,did:plc:5dbeis2q22du36qmvbjcbd4o,podcastpd.com,,
7e93e27387b44a5197c55e3b76e3bbbf,2026-02-23T00:00:00Z,2026-02-23T00:10:46Z,auth,auth_enUS_labelerexp,at://did:plc:l72uci4styb4jucsgcrrj5ap/app.bsky.feed.generator/aaao5dzfm36u4,suggested_labelerexp,48,at://did:plc:h5sb5fe7rgog52awmlrcnivw/app.bsky.feed.post/3mfhfhxawh22m,bafyreigxb263c6ebi24y2vpphlhnctgkyemwxqs7qhnl24e3j7osdhlxkq,did:plc:h5sb5fe7rgog52awmlrcnivw,drpam.bsky.social,,
7e93e27387b44a5197c55e3b76e3bbbf,2026-02-23T00:00:00Z,2026-02-23T00:10:46Z,auth,auth_enUS_labelerexp,at://did:plc:l72uci4styb4jucsgcrrj5ap/app.bsky.feed.generator/aaao5dzfm36u4,suggested_labelerexp,49,at://did:plc:4zbgbug4ilc6e6erhwm7tlze/app.bsky.feed.post/3mfhex4xcd22l,bafyreicw4asmjg3totbs6gyekamibzvboilfoupp3bzkoagru34lhenab4,did:plc:4zbgbug4ilc6e6erhwm7tlze,edutopia.org,,
7e93e27387b44a5197c55e3b76e3bbbf,2026-02-23T00:00:00Z,2026-02-23T00:10:46Z,auth,auth_enUS_labelerexp,at://did:plc:l72uci4styb4jucsgcrrj5ap/app.bsky.feed.generator/aaao5dzfm36u4,suggested_labelerexp,50,at://did:plc:5rsby4h57omng3wumf7ks5bi/app.bsky.feed.post/3mfhe6srywc2g,bafyreif5hbtcvvpg44zztnsii722t5p4f5bh2ylsxv2rmvybqdliuihyua,did:plc:5rsby4h57omng3wumf7ks5bi,markwestonphd.bsky.social,,
7e93e27387b44a5197c55e3b76e3bbbf,2026-02-23T00:00:00Z,2026-02-23T00:10:47Z,auth,auth_enUS_labelerexp,at://did:plc:mziptt6o2ngf4scj7jiwacde/app.bsky.feed.generator/UKPolitics,suggested_labelerexp,1,at://did:plc:a3dcrqqgite46yudtetfmgg4/app.bsky.feed.post/3mfie3zhzic2g,bafyreibvyo7e3gppspvsfnlsfdzr7ul3f7omz3gm26zabofr45swbirhl4,did:plc:a3dcrqqgite46yudtetfmgg4,ians.chat,,
7e93e27387b44a5197c55e3b76e3bbbf,2026-02-23T00:00:00Z,2026-02-23T00:10:47Z,auth,auth_enUS_labelerexp,at://did:plc:mziptt6o2ngf4scj7jiwacde/app.bsky.feed.generator/UKPolitics,suggested_labelerexp,2,at://did:plc:7j466nwj5bevkeg3wfnhr5ne/app.bsky.feed.post/3mfidvgcp4c25,bafyreibfglos77dm74q6txvgbharpe7hrq2wg55kqb5yeoece2qdcvx33e,did:plc:7j466nwj5bevkeg3wfnhr5ne,mikeincj.bsky.social,,
7e93e27387b44a5197c55e3b76e3bbbf,2026-02-23T00:00:00Z,2026-02-23T00:10:47Z,auth,auth_enUS_labelerexp,at://did:plc:mziptt6o2ngf4scj7jiwacde/app.bsky.feed.generator/UKPolitics,suggested_labelerexp,3,at://did:plc:6w7425hsc4mjjkte2mbsxdhw/app.bsky.feed.post/3mfidukxak22b,bafyreiedl54p4mwttxfagdcazkaajyawshlojoxt7ovqyx4vhp63yvjtk4,did:plc:6w7425hsc4mjjkte2mbsxdhw,uk-nb.bsky.social,,
7e93e27387b44a5197c55e3b76e3bbbf,2026-02-23T00:00:00Z,2026-02-23T00:10:47Z,auth,auth_enUS_labelerexp,at://did:plc:mziptt6o2ngf4scj7jiwacde/app.bsky.feed.generator/UKPolitics,suggested_labelerexp,4,at://did:plc:5lojeyduyg2iyx4hby47yetn/app.bsky.feed.post/3mfidszwrzs2d,bafyreic3wlt6fm7bpgbwduhgqhkg4ce7t3dcjorydds7xxrxiz2r33fu2a,did:plc:5lojeyduyg2iyx4hby47yetn,chaosladder13.bsky.social,,
7e93e27387b44a5197c55e3b76e3bbbf,2026-02-23T00:00:00Z,2026-02-23T00:10:47Z,auth,auth_enUS_labelerexp,at://did:plc:mziptt6o2ngf4scj7jiwacde/app.bsky.feed.generator/UKPolitics,suggested_labelerexp,5,at://did:plc:sak2to7z5bfps2drvbolll5l/app.bsky.feed.post/3mfidoikxn22j,bafyreidzylkorssrjosf3zx7afl3ttdeg3wzgpghj5feqmeyljr2qps4dm,did:plc:sak2to7z5bfps2drvbolll5l,khalid4ewh.bsky.social,,
7e93e27387b44a5197c55e3b76e3bbbf,2026-02-23T00:00:00Z,2026-02-23T00:10:47Z,auth,auth_enUS_labelerexp,at://did:plc:mziptt6o2ngf4scj7jiwacde/app.bsky.feed.generator/UKPolitics,suggested_labelerexp,6,at://did:plc:ci5fsjcdjgoct5k3yllky4ud/app.bsky.feed.post/3mfidnxddc22g,bafyreiagr4vg6udhm4fgkfpsdxdpboy77cehfcnt6zkresr7beeqq22pqy,did:plc:ci5fsjcdjgoct5k3yllky4ud,rajannaidu.bsky.social,,
7e93e27387b44a5197c55e3b76e3bbbf,2026-02-23T00:00:00Z,2026-02-23T00:10:47Z,auth,auth_enUS_labelerexp,at://did:plc:mziptt6o2ngf4scj7jiwacde/app.bsky.feed.generator/UKPolitics,suggested_labelerexp,7,at://did:plc:jrl33nimpzpvret2gwk2csp6/app.bsky.feed.post/3mfidf6huns2d,bafyreihyopejuz7lfpr2g4bg75cculcpqao5edf6p6bs367j3j7yfdlp3q,did:plc:jrl33nimpzpvret2gwk2csp6,em-westlondon.bsky.social,,
7e93e27387b44a5197c55e3b76e3bbbf,2026-02-23T00:00:00Z,2026-02-23T00:10:47Z,auth,auth_enUS_labelerexp,at://did:plc:mziptt6o2ngf4scj7jiwacde/app.bsky.feed.generator/UKPolitics,suggested_labelerexp,8,at://did:plc:mahhwxos436uxyu5kkdukzex/app.bsky.feed.post/3mficufw5yk2i,bafyreibi7eslitjv2ztzouv5cer5tvtf6hgedwtlu6cv2gyuorns5nxeea,did:plc:mahhwxos436uxyu5kkdukzex,jugheadjonzz.bsky.social,,
7e93e27387b44a5197c55e3b76e3bbbf,2026-02-23T00:00:00Z,2026-02-23T00:10:47Z,auth,auth_enUS_labelerexp,at://did:plc:mziptt6o2ngf4scj7jiwacde/app.bsky.feed.generator/UKPolitics,suggested_labelerexp,9,at://did:plc:7pqqlufkpc4vb4wwhbtib3f3/app.bsky.feed.post/3mficqhxaqc2y,bafyreicq73ijg6epughgfhw7ijfeemal5xmsuyi7qdawzdpdh2lhrbpuqi,did:plc:7pqqlufkpc4vb4wwhbtib3f3,politicalhackuk.bsky.social,,
7e93e27387b44a5197c55e3b76e3bbbf,2026-02-23T00:00:00Z,2026-02-23T00:10:47Z,auth,auth_enUS_labelerexp,at://did:plc:mziptt6o2ngf4scj7jiwacde/app.bsky.feed.generator/UKPolitics,suggested_labelerexp,10,at://did:plc:bgvs5hnqkbnfn6vs7fh7kk2s/app.bsky.feed.post/3mficpyorus2u,bafyreih3rmkjdwd5jk2was2khy446my7qq62f2tqqpxt27lmi5cklq54ui,did:plc:bgvs5hnqkbnfn6vs7fh7kk2s,imnotmerida.com,,
7e93e27387b44a5197c55e3b76e3bbbf,2026-02-23T00:00:00Z,2026-02-23T00:10:47Z,auth,auth_enUS_labelerexp,at://did:plc:mziptt6o2ngf4scj7jiwacde/app.bsky.feed.generator/UKPolitics,suggested_labelerexp,11,at://did:plc:tz6u3divry773eao5nthpajb/app.bsky.feed.post/3mficihw7y223,bafyreibjbll373kalvk3murer2jx7egmfav2xojkfq6ynwjpykbd7zqgwa,did:plc:tz6u3divry773eao5nthpajb,jjbrownbridge.bsky.social,,
7e93e27387b44a5197c55e3b76e3bbbf,2026-02-23T00:00:00Z,2026-02-23T00:10:47Z,auth,auth_enUS_labelerexp,at://did:plc:mziptt6o2ngf4scj7jiwacde/app.bsky.feed.generator/UKPolitics,suggested_labelerexp,12,at://did:plc:brdjaejijcjwtizeczcyflvn/app.bsky.feed.post/3mficfyztpc27,bafyreiakmt7pqk4on6hloqh555cj7ftepoijrobgmho5nfqqlqavjrx24i,did:plc:brdjaejijcjwtizeczcyflvn,rand0mb1tsuk.bsky.social,,
7e93e27387b44a5197c55e3b76e3bbbf,2026-02-23T00:00:00Z,2026-02-23T00:10:47Z,auth,auth_enUS_labelerexp,at://did:plc:mziptt6o2ngf4scj7jiwacde/app.bsky.feed.generator/UKPolitics,suggested_labelerexp,13,at://did:plc:v4e54qou5zp54ysi2rvor7h4/app.bsky.feed.post/3mficfruks222,bafyreiezt5szt5yvweai4l47ghknrmuknma2nmmsmhgazhb67it44cfpqy,did:plc:v4e54qou5zp54ysi2rvor7h4,nochangetherethen.bsky.social,,
7e93e27387b44a5197c55e3b76e3bbbf,2026-02-23T00:00:00Z,2026-02-23T00:10:47Z,auth,auth_enUS_labelerexp,at://did:plc:mziptt6o2ngf4scj7jiwacde/app.bsky.feed.generator/UKPolitics,suggested_labelerexp,14,at://did:plc:hrtn4wmsop52ituk56nudq2x/app.bsky.feed.post/3mfibylcetc22,bafyreier3xk26jkteotkycswqhqc6cexxqehjlge7qjyavyc6zfeadh3fu,did:plc:hrtn4wmsop52ituk56nudq2x,alangreene.bsky.social,,
7e93e27387b44a5197c55e3b76e3bbbf,2026-02-23T00:00:00Z,2026-02-23T00:10:47Z,auth,auth_enUS_labelerexp,at://did:plc:mziptt6o2ngf4scj7jiwacde/app.bsky.feed.generator/UKPolitics,suggested_labelerexp,15,at://did:plc:zdn434uzjamgnphmu4n2ybgt/app.bsky.feed.post/3mfibvljeqs26,bafyreiemldx4e3ne3i6cw2le2ynzqwrq5m5nisyq3hqffiq7tuq6ta6azi,did:plc:zdn434uzjamgnphmu4n2ybgt,dianamorgan.bsky.social,,
7e93e27387b44a5197c55e3b76e3bbbf,2026-02-23T00:00:00Z,2026-02-23T00:10:47Z,auth,auth_enUS_labelerexp,at://did:plc:mziptt6o2ngf4scj7jiwacde/app.bsky.feed.generator/UKPolitics,suggested_labelerexp,16,at://did:plc:e3ahncea7su6cp7vm5gpgbll/app.bsky.feed.post/3mfibupxh322j,bafyreigsjuntpqsub76ztyxrcyn6whwnmfw4zoj3wh6nnzffdo3gvlljee,did:plc:e3ahncea7su6cp7vm5gpgbll,barryrichards.bsky.social,,
7e93e27387b44a5197c55e3b76e3bbbf,2026-02-23T00:00:00Z,2026-02-23T00:10:47Z,auth,auth_enUS_labelerexp,at://did:plc:mziptt6o2ngf4scj7jiwacde/app.bsky.feed.generator/UKPolitics,suggested_labelerexp,17,at://did:plc:3cbt6xdrojzdfwms3ruveu63/app.bsky.feed.post/3mfibt36i722h,bafyreihhdiiyeyy7zwgwum5pzgslgzehpkl7ddschlhezw52hfqxzdhmdi,did:plc:3cbt6xdrojzdfwms3ruveu63,jazhowe1968.bsky.social,,
7e93e27387b44a5197c55e3b76e3bbbf,2026-02-23T00:00:00Z,2026-02-23T00:10:47Z,auth,auth_enUS_labelerexp,at://did:plc:mziptt6o2ngf4scj7jiwacde/app.bsky.feed.generator/UKPolitics,suggested_labelerexp,18,at://did:plc:xgbtuphn5goy7ykomy265g3o/app.bsky.feed.post/3mfibrgagac2o,bafyreididypix35mdu4bwp45sw6ttsazelu4b5h24i22p2bcyz6iicoycm,did:plc:xgbtuphn5goy7ykomy265g3o,bmbwilkinson.bsky.social,,
7e93e27387b44a5197c55e3b76e3bbbf,2026-02-23T00:00:00Z,2026-02-23T00:10:47Z,auth,auth_enUS_labelerexp,at://did:plc:mziptt6o2ngf4scj7jiwacde/app.bsky.feed.generator/UKPolitics,suggested_labelerexp,19,at://did:plc:rcsrvocfe62maelzsvufbv6k/app.bsky.feed.post/3mfibptejhk2h,bafyreihhf6trm3n4ry4g3ppux2n6hqpsy3pj4qvuduiy6pmijg66osw2ba,did:plc:rcsrvocfe62maelzsvufbv6k,arkenor.bsky.social,,
7e93e27387b44a5197c55e3b76e3bbbf,2026-02-23T00:00:00Z,2026-02-23T00:10:47Z,auth,auth_enUS_labelerexp,at://did:plc:mziptt6o2ngf4scj7jiwacde/app.bsky.feed.generator/UKPolitics,suggested_labelerexp,20,at://did:plc:43fdk46qa5gsokzygzildsaq/app.bsky.feed.post/3mfibkrgzk52n,bafyreiauzervvfnvplislm56aurun25onrmjhauvt43d2tthfl2i7jnquq,did:plc:43fdk46qa5gsokzygzildsaq,fintwitter.bsky.social,,
7e93e27387b44a5197c55e3b76e3bbbf,2026-02-23T00:00:00Z,2026-02-23T00:10:47Z,auth,auth_enUS_labelerexp,at://did:plc:mziptt6o2ngf4scj7jiwacde/app.bsky.feed.generator/UKPolitics,suggested_labelerexp,21,at://did:plc:43fdk46qa5gsokzygzildsaq/app.bsky.feed.post/3mfibk2n6di22,bafyreigpsmx5gwwfjxzpzkxhlz4yn3ju5ytdcqny4fbsc7wndkkz2uuife,did:plc:43fdk46qa5gsokzygzildsaq,fintwitter.bsky.social,,
7e93e27387b44a5197c55e3b76e3bbbf,2026-02-23T00:00:00Z,2026-02-23T00:10:47Z,auth,auth_enUS_labelerexp,at://did:plc:mziptt6o2ngf4scj7jiwacde/app.bsky.feed.generator/UKPolitics,suggested_labelerexp,22,at://did:plc:qmctsa6s6kgwhkkr45ad4c2i/app.bsky.feed.post/3mfib43ude22n,bafyreifrpndqzhasl4x2uf7mrcuaaj7nt5ghprdzqruueuwyk2egv3kvfq,did:plc:qmctsa6s6kgwhkkr45ad4c2i,dameknittingcat.bsky.social,,
7e93e27387b44a5197c55e3b76e3bbbf,2026-02-23T00:00:00Z,2026-02-23T00:10:47Z,auth,auth_enUS_labelerexp,at://did:plc:mziptt6o2ngf4scj7jiwacde/app.bsky.feed.generator/UKPolitics,suggested_labelerexp,23,at://did:plc:z6fcno42fuqr663a4564m5sf/app.bsky.feed.post/3mfiauptw662k,bafyreiaq4xx7fqxqkytqmtnr5ze5ryigiqziuiqwudbas6csbfwgrq262e,did:plc:z6fcno42fuqr663a4564m5sf,newsbotes.bsky.social,,
7e93e27387b44a5197c55e3b76e3bbbf,2026-02-23T00:00:00Z,2026-02-23T00:10:47Z,auth,auth_enUS_labelerexp,at://did:plc:mziptt6o2ngf4scj7jiwacde/app.bsky.feed.generator/UKPolitics,suggested_labelerexp,24,at://did:plc:2ah4sdd46qohsdnqxnwbj5lc/app.bsky.feed.post/3mfiahihzfc23,bafyreihzesw5atszdhqhb7iagu6ymznf4cz346v7grn6dezv4e2qrxrc3i,did:plc:2ah4sdd46qohsdnqxnwbj5lc,mistaholgate.bsky.social,,
7e93e27387b44a5197c55e3b76e3bbbf,2026-02-23T00:00:00Z,2026-02-23T00:10:47Z,auth,auth_enUS_labelerexp,at://did:plc:mziptt6o2ngf4scj7jiwacde/app.bsky.feed.generator/UKPolitics,suggested_labelerexp,25,at://did:plc:7tmjpsxeul46msiu4ilonsx5/app.bsky.feed.post/3mfiadzf2m22n,bafyreidd5vdiuanycylgmdshblw2qyj2zsal7cczzonu3dzj3dxwib7kze,did:plc:7tmjpsxeul46msiu4ilonsx5,atticusfinch-105.bsky.social,,
7e93e27387b44a5197c55e3b76e3bbbf,2026-02-23T00:00:00Z,2026-02-23T00:10:47Z,auth,auth_enUS_labelerexp,at://did:plc:mziptt6o2ngf4scj7jiwacde/app.bsky.feed.generator/UKPolitics,suggested_labelerexp,26,at://did:plc:t6pneot43qhruaelj6rds6bn/app.bsky.feed.post/3mfiabkaepc2n,bafyreiejv64heuupburvhnapovp5x4z6zxhomlugbgxi3atgp3pkgjhf5a,did:plc:t6pneot43qhruaelj6rds6bn,nettlebrew.bsky.social,,
7e93e27387b44a5197c55e3b76e3bbbf,2026-02-23T00:00:00Z,2026-02-23T00:10:47Z,auth,auth_enUS_labelerexp,at://did:plc:mziptt6o2ngf4scj7jiwacde/app.bsky.feed.generator/UKPolitics,suggested_labelerexp,27,at://did:plc:ybldqx574pci2cxjtq7mjkfk/app.bsky.feed.post/3mfiaamwd4s2l,bafyreicefasrfaoa75buk7k66udnnbdvzsxy2g24dvv6mhaopzgb3ljmki,did:plc:ybldqx574pci2cxjtq7mjkfk,brianscant.bsky.social,,
7e93e27387b44a5197c55e3b76e3bbbf,2026-02-23T00:00:00Z,2026-02-23T00:10:47Z,auth,auth_enUS_labelerexp,at://did:plc:mziptt6o2ngf4scj7jiwacde/app.bsky.feed.generator/UKPolitics,suggested_labelerexp,28,at://did:plc:rebwgsnjgj2wfz3pojapqjet/app.bsky.feed.post/3mfiaankbwjt2,bafyreibywe3anexieln4xsglzfztwe4wlqo7htrew6ohsnaoqprmgiqgwq,did:plc:rebwgsnjgj2wfz3pojapqjet,projectfearlessness.mastodonapp.uk.ap.brid.gy,,
7e93e27387b44a5197c55e3b76e3bbbf,2026-02-23T00:00:00Z,2026-02-23T00:10:47Z,auth,auth_enUS_labelerexp,at://did:plc:mziptt6o2ngf4scj7jiwacde/app.bsky.feed.generator/UKPolitics,suggested_labelerexp,29,at://did:plc:xthe7df43kh3y5gjgcer57zk/app.bsky.feed.post/3mfia7s7oik2s,bafyreida34hh7ga76udpsig4q7juogclxlxc5emh2y36ukj76adwgyuxku,did:plc:xthe7df43kh3y5gjgcer57zk,paulcompassrose.bsky.social,,
7e93e27387b44a5197c55e3b76e3bbbf,2026-02-23T00:00:00Z,2026-02-23T00:10:47Z,auth,auth_enUS_labelerexp,at://did:plc:mziptt6o2ngf4scj7jiwacde/app.bsky.feed.generator/UKPolitics,suggested_labelerexp,30,at://did:plc:syx7w3v5ahs22h7rwiuhezog/app.bsky.feed.post/3mfia5h4f7s2f,bafyreibg45er3kdiqsrtodgiratauaxgz3ot44otikw2f6hmsc2d7k7bku,did:plc:syx7w3v5ahs22h7rwiuhezog,austinsikora1.bsky.social,,
7e93e27387b44a5197c55e3b76e3bbbf,2026-02-23T00:00:00Z,2026-02-23T00:10:47Z,auth,auth_enUS_labelerexp,at://did:plc:mziptt6o2ngf4scj7jiwacde/app.bsky.feed.generator/UKPolitics,suggested_labelerexp,31,at://did:plc:3eogpz3mger7blqswh23czyy/app.bsky.feed.post/3mfi7wqtbic2b,bafyreihxuei77afgonyfl7htpvpqgdfwvbd7wrnekpw3oug2zmifoqwpci,did:plc:3eogpz3mger7blqswh23czyy,kerry10.bsky.social,,
7e93e27387b44a5197c55e3b76e3bbbf,2026-02-23T00:00:00Z,2026-02-23T00:10:47Z,auth,auth_enUS_labelerexp,at://did:plc:mziptt6o2ngf4scj7jiwacde/app.bsky.feed.generator/UKPolitics,suggested_labelerexp,32,at://did:plc:jknc3duc5kmti6siyfdoiyfb/app.bsky.feed.post/3mfi7vinfzk25,bafyreia2pbjuprfy3afveuhpub7ehf2gbfmovyfslxgbsdcwbjj5zi2cua,did:plc:jknc3duc5kmti6siyfdoiyfb,stja.bsky.social,,
7e93e27387b44a5197c55e3b76e3bbbf,2026-02-23T00:00:00Z,2026-02-23T00:10:47Z,auth,auth_enUS_labelerexp,at://did:plc:mziptt6o2ngf4scj7jiwacde/app.bsky.feed.generator/UKPolitics,suggested_labelerexp,33,at://did:plc:fo3obtwkinwo3tb57mnvpejq/app.bsky.feed.post/3mfi7sjtabk2p,bafyreib44zjvcgpnmusuh2u72ekw6wiu5iac3xfcdklyud2ptko7wc7xga,did:plc:fo3obtwkinwo3tb57mnvpejq,runtokeepup.bsky.social,,
7e93e27387b44a5197c55e3b76e3bbbf,2026-02-23T00:00:00Z,2026-02-23T00:10:47Z,auth,auth_enUS_labelerexp,at://did:plc:mziptt6o2ngf4scj7jiwacde/app.bsky.feed.generator/UKPolitics,suggested_labelerexp,34,at://did:plc:sedymhytthabvgcktslp4xua/app.bsky.feed.post/3mfi7jnhppc2v,bafyreicnaexlbrlcxcppenx5kukayrti65tyztqbxhf7c5mejerniip4gq,did:plc:sedymhytthabvgcktslp4xua,vincexy798.bsky.social,,
7e93e27387b44a5197c55e3b76e3bbbf,2026-02-23T00:00:00Z,2026-02-23T00:10:47Z,auth,auth_enUS_labelerexp,at://did:plc:mziptt6o2ngf4scj7jiwacde/app.bsky.feed.generator/UKPolitics,suggested_labelerexp,35,at://did:plc:n6majersfswqbd3e3csndb3b/app.bsky.feed.post/3mfi7ghsys22b,bafyreibgnjw2btbcmuztw5dobqf7wlykjav3r3x5omqoxqnxdmy7g3djke,did:plc:n6majersfswqbd3e3csndb3b,devutopia.bsky.social,,
7e93e27387b44a5197c55e3b76e3bbbf,2026-02-23T00:00:00Z,2026-02-23T00:10:47Z,auth,auth_enUS_labelerexp,at://did:plc:mziptt6o2ngf4scj7jiwacde/app.bsky.feed.generator/UKPolitics,suggested_labelerexp,36,at://did:plc:zgsrmiu3wrajqa4kw65fa5rr/app.bsky.feed.post/3mfi7g7ujac2j,bafyreieb7vf6r6c4dssm5le5pkgdqeq6lkfm6carhgg5a6kbu3u5e4yr7q,did:plc:zgsrmiu3wrajqa4kw65fa5rr,jaymontgomery.bsky.social,,
7e93e27387b44a5197c55e3b76e3bbbf,2026-02-23T00:00:00Z,2026-02-23T00:10:47Z,auth,auth_enUS_labelerexp,at://did:plc:mziptt6o2ngf4scj7jiwacde/app.bsky.feed.generator/UKPolitics,suggested_labelerexp,37,at://did:plc:6pd4c3vjiw553eccmhctjz4p/app.bsky.feed.post/3mfi7etn4bc26,bafyreifqqdaa3onyx2il4s6pzrktel76gt5zivhbs7p2fl3gkwq53rf4uq,did:plc:6pd4c3vjiw553eccmhctjz4p,jmichaelsaustralia.bsky.social,,
7e93e27387b44a5197c55e3b76e3bbbf,2026-02-23T00:00:00Z,2026-02-23T00:10:47Z,auth,auth_enUS_labelerexp,at://did:plc:mziptt6o2ngf4scj7jiwacde/app.bsky.feed.generator/UKPolitics,suggested_labelerexp,38,at://did:plc:rqdna5ucpmrgzwnmficjjomu/app.bsky.feed.post/3mfi7dx4cck2s,bafyreihesbqtyntg6ubbrc32m2kxmjc2iylsa2rxn7ufrchzi4pe52t4fq,did:plc:rqdna5ucpmrgzwnmficjjomu,andelections.com,,
7e93e27387b44a5197c55e3b76e3bbbf,2026-02-23T00:00:00Z,2026-02-23T00:10:47Z,auth,auth_enUS_labelerexp,at://did:plc:mziptt6o2ngf4scj7jiwacde/app.bsky.feed.generator/UKPolitics,suggested_labelerexp,39,at://did:plc:zmod7qhxzanhi2gslanpfjc4/app.bsky.feed.post/3mfi76t6e6s2g,bafyreigw7mrgx6icmxzrx4oqjpfdtakhjxvngqasv6tdjs2mny4442rzzq,did:plc:zmod7qhxzanhi2gslanpfjc4,emanwela.bsky.social,,
7e93e27387b44a5197c55e3b76e3bbbf,2026-02-23T00:00:00Z,2026-02-23T00:10:47Z,auth,auth_enUS_labelerexp,at://did:plc:mziptt6o2ngf4scj7jiwacde/app.bsky.feed.generator/UKPolitics,suggested_labelerexp,40,at://did:plc:y2nryjf5tj5ur5cuc5rnjf4o/app.bsky.feed.post/3mfi76czm2k2t,bafyreif6xberxcctreb3kj2upglvkj26hzpeyztuav4etmtvcp2jzfagom,did:plc:y2nryjf5tj5ur5cuc5rnjf4o,hopefulinthepeaks.bsky.social,,
7e93e27387b44a5197c55e3b76e3bbbf,2026-02-23T00:00:00Z,2026-02-23T00:10:47Z,auth,auth_enUS_labelerexp,at://did:plc:mziptt6o2ngf4scj7jiwacde/app.bsky.feed.generator/UKPolitics,suggested_labelerexp,41,at://did:plc:tozcfwgrcootevxaqcfshbpr/app.bsky.feed.post/3mfi6yt7a4c2l,bafyreiflgyqtzrmgdisja6nfuduwdft57qnkgbmypu4sjqvi5fh4fokkm4,did:plc:tozcfwgrcootevxaqcfshbpr,roysml.bsky.social,,
7e93e27387b44a5197c55e3b76e3bbbf,2026-02-23T00:00:00Z,2026-02-23T00:10:47Z,auth,auth_enUS_labelerexp,at://did:plc:mziptt6o2ngf4scj7jiwacde/app.bsky.feed.generator/UKPolitics,suggested_labelerexp,42,at://did:plc:5e3n2t7nnzf5fa7bysbpnkhl/app.bsky.feed.post/3mfi6weez6c2n,bafyreiebcl2jfwi3vswkvmv7d7hcxhgijck7es6g5xwm5oswacvaqke4m4,did:plc:5e3n2t7nnzf5fa7bysbpnkhl,becsbecster.bsky.social,,
7e93e27387b44a5197c55e3b76e3bbbf,2026-02-23T00:00:00Z,2026-02-23T00:10:47Z,auth,auth_enUS_labelerexp,at://did:plc:mziptt6o2ngf4scj7jiwacde/app.bsky.feed.generator/UKPolitics,suggested_labelerexp,43,at://did:plc:7s5eo6l3ebq6b7ar5owfb7rk/app.bsky.feed.post/3mfi6nl5ayc26,bafyreifowgttonxjbzbejnaxnrkwfv354v56o5r6g6bttzkmhf2vzbcbkq,did:plc:7s5eo6l3ebq6b7ar5owfb7rk,microplasticsinc.bsky.social,,
7e93e27387b44a5197c55e3b76e3bbbf,2026-02-23T00:00:00Z,2026-02-23T00:10:47Z,auth,auth_enUS_labelerexp,at://did:plc:mziptt6o2ngf4scj7jiwacde/app.bsky.feed.generator/UKPolitics,suggested_labelerexp,44,at://did:plc:y5kprojijxgz6dgzdsuyetmp/app.bsky.feed.post/3mfi6kq3sjc2m,bafyreieldxmswu4bu2vn54fmm2m2v2b5bvezxsvj343c2tzjeaz33nr5ya,did:plc:y5kprojijxgz6dgzdsuyetmp,katrinabryce.bsky.social,,
7e93e27387b44a5197c55e3b76e3bbbf,2026-02-23T00:00:00Z,2026-02-23T00:10:47Z,auth,auth_enUS_labelerexp,at://did:plc:mziptt6o2ngf4scj7jiwacde/app.bsky.feed.generator/UKPolitics,suggested_labelerexp,45,at://did:plc:edubv7wjvuhelthtgjpp2jlr/app.bsky.feed.post/3mfi6k4mrka32,bafyreihr6tum5h463wqkqlcnuu6mljcapjutiqpuycunmavfdmll356bnu,did:plc:edubv7wjvuhelthtgjpp2jlr,katrinatransfem.mastodon.social.ap.brid.gy,,
7e93e27387b44a5197c55e3b76e3bbbf,2026-02-23T00:00:00Z,2026-02-23T00:10:47Z,auth,auth_enUS_labelerexp,at://did:plc:mziptt6o2ngf4scj7jiwacde/app.bsky.feed.generator/UKPolitics,suggested_labelerexp,46,at://did:plc:syx7w3v5ahs22h7rwiuhezog/app.bsky.feed.post/3mfi6iyless2f,bafyreia4eay5lpf2sgzr7cxmu2hdc5rxafuhqe3ao24gsl5eysvjtlejxu,did:plc:syx7w3v5ahs22h7rwiuhezog,austinsikora1.bsky.social,,
7e93e27387b44a5197c55e3b76e3bbbf,2026-02-23T00:00:00Z,2026-02-23T00:10:47Z,auth,auth_enUS_labelerexp,at://did:plc:mziptt6o2ngf4scj7jiwacde/app.bsky.feed.generator/UKPolitics,suggested_labelerexp,47,at://did:plc:mzscvhudh56nlvhmv6qtsslt/app.bsky.feed.post/3mfi6eobzic2u,bafyreihd3lkiwoq5exzmzbu4pgqe4zc65nnjok6s4xeghyzrjs4pdgv6em,did:plc:mzscvhudh56nlvhmv6qtsslt,l8in.bsky.social,,
7e93e27387b44a5197c55e3b76e3bbbf,2026-02-23T00:00:00Z,2026-02-23T00:10:47Z,auth,auth_enUS_labelerexp,at://did:plc:mziptt6o2ngf4scj7jiwacde/app.bsky.feed.generator/UKPolitics,suggested_labelerexp,48,at://did:plc:xbfw53cid57sv7kahsyfkkhu/app.bsky.feed.post/3mfi64coyv22o,bafyreiepua7hoj3agsmvj2bqgi4gmlfkh626bn4gpxnu2yjpixvx3woqvy,did:plc:xbfw53cid57sv7kahsyfkkhu,lostboyj.bsky.social,,
7e93e27387b44a5197c55e3b76e3bbbf,2026-02-23T00:00:00Z,2026-02-23T00:10:47Z,auth,auth_enUS_labelerexp,at://did:plc:mziptt6o2ngf4scj7jiwacde/app.bsky.feed.generator/UKPolitics,suggested_labelerexp,49,at://did:plc:22vlzr35huysy52r42cytsgr/app.bsky.feed.post/3mfi62degcc2y,bafyreib2q3a3bkfihl5zv75hnenrnuh4bbty7bhtgzm2r3omtlsyj5cqv4,did:plc:22vlzr35huysy52r42cytsgr,doghousereilly.bsky.social,,
7e93e27387b44a5197c55e3b76e3bbbf,2026-02-23T00:00:00Z,2026-02-23T00:10:47Z,auth,auth_enUS_labelerexp,at://did:plc:mziptt6o2ngf4scj7jiwacde/app.bsky.feed.generator/UKPolitics,suggested_labelerexp,50,at://did:plc:lfv4566rg2djk5uquyxmbrea/app.bsky.feed.post/3mfi5xwx5bk25,bafyreibqqvrpmiogbhnolhwqwptutvizoauihduqceritxtu3cazptzole,did:plc:lfv4566rg2djk5uquyxmbrea,oldmatecans.bsky.social,,
7e93e27387b44a5197c55e3b76e3bbbf,2026-02-23T00:00:00Z,2026-02-23T00:10:49Z,auth,auth_enUS_labelerexp,at://did:plc:ojisdwhv5b7tzitkipo3yx3f/app.bsky.feed.generator/aaao3rw3oxwku,suggested_labelerexp,1,at://did:plc:r7jcsolylnmegty5onqfzcw2/app.bsky.feed.post/3mfidzbfyq22s,bafyreig6hp5slfw3th3hgoj4bohjmurffqbnomglfnphhwb2kqikibibeq,did:plc:r7jcsolylnmegty5onqfzcw2,mareeta02.bsky.social,,
7e93e27387b44a5197c55e3b76e3bbbf,2026-02-23T00:00:00Z,2026-02-23T00:10:49Z,auth,auth_enUS_labelerexp,at://did:plc:ojisdwhv5b7tzitkipo3yx3f/app.bsky.feed.generator/aaao3rw3oxwku,suggested_labelerexp,2,at://did:plc:u6ne2smp3wh7zpejav3c6gec/app.bsky.feed.post/3mfidxytyls2p,bafyreicl6e7pezkfvosgyjcamrqyekdi64pgpp4tmutlyxyqhd3mxyu2ze,did:plc:u6ne2smp3wh7zpejav3c6gec,sayorkunau.bsky.social,,
7e93e27387b44a5197c55e3b76e3bbbf,2026-02-23T00:00:00Z,2026-02-23T00:10:49Z,auth,auth_enUS_labelerexp,at://did:plc:ojisdwhv5b7tzitkipo3yx3f/app.bsky.feed.generator/aaao3rw3oxwku,suggested_labelerexp,3,at://did:plc:ghq4nixndk6rutgvyh5fs7f7/app.bsky.feed.post/3mfidvyql3k2z,bafyreih7hmngtr6rabdpfjsh5u7xaqihn4os7plrkbxg7x6e4hq3phobne,did:plc:ghq4nixndk6rutgvyh5fs7f7,beckytylerart.bsky.social,,
7e93e27387b44a5197c55e3b76e3bbbf,2026-02-23T00:00:00Z,2026-02-23T00:10:49Z,auth,auth_enUS_labelerexp,at://did:plc:ojisdwhv5b7tzitkipo3yx3f/app.bsky.feed.generator/aaao3rw3oxwku,suggested_labelerexp,4,at://did:plc:nhfe6agvwcwvwph6qwn3nr4m/app.bsky.feed.post/3mfidvg2obk2i,bafyreifzro5eaip6fxjrg4kkoewahkhwidcifcnwq6sw3dnpvnrqsw4kfu,did:plc:nhfe6agvwcwvwph6qwn3nr4m,skyblew.bsky.social,,
7e93e27387b44a5197c55e3b76e3bbbf,2026-02-23T00:00:00Z,2026-02-23T00:10:49Z,auth,auth_enUS_labelerexp,at://did:plc:ojisdwhv5b7tzitkipo3yx3f/app.bsky.feed.generator/aaao3rw3oxwku,suggested_labelerexp,5,at://did:plc:65kjxil3kvz5mpsadbolvltb/app.bsky.feed.post/3mfidvfwqcc27,bafyreihlpknftxvcp4ntblu6qidzoww2ukmoqaelgt25hwsrzggqo7chya,did:plc:65kjxil3kvz5mpsadbolvltb,colynmartin.bsky.social,,
7e93e27387b44a5197c55e3b76e3bbbf,2026-02-23T00:00:00Z,2026-02-23T00:10:49Z,auth,auth_enUS_labelerexp,at://did:plc:ojisdwhv5b7tzitkipo3yx3f/app.bsky.feed.generator/aaao3rw3oxwku,suggested_labelerexp,6,at://did:plc:ov2pk3l673crwzcck5cvzjac/app.bsky.feed.post/3mfiduii4no2d,bafyreifb47x2sh2cxs3fec7cgbmzybbi3kzvokrhtzywsmzdrgzbisaixq,did:plc:ov2pk3l673crwzcck5cvzjac,sayed.app,,
7e93e27387b44a5197c55e3b76e3bbbf,2026-02-23T00:00:00Z,2026-02-23T00:10:49Z,auth,auth_enUS_labelerexp,at://did:plc:ojisdwhv5b7tzitkipo3yx3f/app.bsky.feed.generator/aaao3rw3oxwku,suggested_labelerexp,7,at://did:plc:6lmegwmxa5wijxi634gq3gry/app.bsky.feed.post/3mfidt73rdc2v,bafyreidc2ckf2czd36wn4zsasw6qoy7bxsurmw4nivzzewqoi5tqhtd23u,did:plc:6lmegwmxa5wijxi634gq3gry,seiende.bsky.social,,
7e93e27387b44a5197c55e3b76e3bbbf,2026-02-23T00:00:00Z,2026-02-23T00:10:49Z,auth,auth_enUS_labelerexp,at://did:plc:ojisdwhv5b7tzitkipo3yx3f/app.bsky.feed.generator/aaao3rw3oxwku,suggested_labelerexp,8,at://did:plc:ugji77u5e22ss3kcknhrwfl2/app.bsky.feed.post/3mfidsyaxes2z,bafyreigkg7izi7xvatt3c3oxfoiefztsmv3fsgh6nvplrhgnxe72ullmbq,did:plc:ugji77u5e22ss3kcknhrwfl2,daswesen.com,,
7e93e27387b44a5197c55e3b76e3bbbf,2026-02-23T00:00:00Z,2026-02-23T00:10:49Z,auth,auth_enUS_labelerexp,at://did:plc:ojisdwhv5b7tzitkipo3yx3f/app.bsky.feed.generator/aaao3rw3oxwku,suggested_labelerexp,9,at://did:plc:ahcmo4hv3nqinwaxave2jggj/app.bsky.feed.post/3mfidsxwqa226,bafyreigi62cxhlvfeu5moglj5wpim6tzdstuuboigbj62uql45jebc6u6u,did:plc:ahcmo4hv3nqinwaxave2jggj,shanevlogs5.bsky.social,,
7e93e27387b44a5197c55e3b76e3bbbf,2026-02-23T00:00:00Z,2026-02-23T00:10:49Z,auth,auth_enUS_labelerexp,at://did:plc:ojisdwhv5b7tzitkipo3yx3f/app.bsky.feed.generator/aaao3rw3oxwku,suggested_labelerexp,10,at://did:plc:rwdthmm4pb35jeckbu2dfqtu/app.bsky.feed.post/3mfidsx6mqk2t,bafyreihuam7yjn6duuu5ag47ifjwnbfhr3h34eo6l34niqym5bdm75nzey,did:plc:rwdthmm4pb35jeckbu2dfqtu,trusttheroad-24.bsky.social,,
7e93e27387b44a5197c55e3b76e3bbbf,2026-02-23T00:00:00Z,2026-02-23T00:10:49Z,auth,auth_enUS_labelerexp,at://did:plc:ojisdwhv5b7tzitkipo3yx3f/app.bsky.feed.generator/aaao3rw3oxwku,suggested_labelerexp,11,at://did:plc:wkwj2kn3hb4uoptpmz7cyqmg/app.bsky.feed.post/3mfidrj2djs2p,bafyreiavpxd2xlfyql7ringe3vjtxhdoxsqq57fk2klq4twuqaod3xlquy,did:plc:wkwj2kn3hb4uoptpmz7cyqmg,handcranked.bsky.social,,
7e93e27387b44a5197c55e3b76e3bbbf,2026-02-23T00:00:00Z,2026-02-23T00:10:49Z,auth,auth_enUS_labelerexp,at://did:plc:ojisdwhv5b7tzitkipo3yx3f/app.bsky.feed.generator/aaao3rw3oxwku,suggested_labelerexp,12,at://did:plc:ixhsi4sic6ffucq4j6wqgesu/app.bsky.feed.post/3mfidriflhs2m,bafyreifluywgwrbifdke24y5dzjybqknipzy4cabtmcacfylp6yetnmbey,did:plc:ixhsi4sic6ffucq4j6wqgesu,mckay.pub,,
7e93e27387b44a5197c55e3b76e3bbbf,2026-02-23T00:00:00Z,2026-02-23T00:10:49Z,auth,auth_enUS_labelerexp,at://did:plc:ojisdwhv5b7tzitkipo3yx3f/app.bsky.feed.generator/aaao3rw3oxwku,suggested_labelerexp,13,at://did:plc:57kz3jjyulopczgz6t7t3ptm/app.bsky.feed.post/3mfidqwegps2e,bafyreid5nyvvvtbkcpflgkpomhmq4ie3puyxrm7kykltjedrlrkhzgw5im,did:plc:57kz3jjyulopczgz6t7t3ptm,tamnitok.bsky.social,,
7e93e27387b44a5197c55e3b76e3bbbf,2026-02-23T00:00:00Z,2026-02-23T00:10:49Z,auth,auth_enUS_labelerexp,at://did:plc:ojisdwhv5b7tzitkipo3yx3f/app.bsky.feed.generator/aaao3rw3oxwku,suggested_labelerexp,14,at://did:plc:rfmwyjmsk7lltgh3bngo6blb/app.bsky.feed.post/3mfidpkf5yx26,bafyreiaxitdmdx26kpac4uqgr2r3japr3voepmn43pap3ooqc643c3wbia,did:plc:rfmwyjmsk7lltgh3bngo6blb,izonelayer.click,,
7e93e27387b44a5197c55e3b76e3bbbf,2026-02-23T00:00:00Z,2026-02-23T00:10:49Z,auth,auth_enUS_labelerexp,at://did:plc:ojisdwhv5b7tzitkipo3yx3f/app.bsky.feed.generator/aaao3rw3oxwku,suggested_labelerexp,15,at://did:plc:g7iuslxe7dqh62z6blsoset7/app.bsky.feed.post/3mfidp4ucwk2z,bafyreicfujnx4gvcczgnbqf47wbbab4bwu35vsm4jmchvv7ipylsro5mnq,did:plc:g7iuslxe7dqh62z6blsoset7,photobank.bsky.social,,
7e93e27387b44a5197c55e3b76e3bbbf,2026-02-23T00:00:00Z,2026-02-23T00:10:49Z,auth,auth_enUS_labelerexp,at://did:plc:ojisdwhv5b7tzitkipo3yx3f/app.bsky.feed.generator/aaao3rw3oxwku,suggested_labelerexp,16,at://did:plc:g7iuslxe7dqh62z6blsoset7/app.bsky.feed.post/3mfidospu4k2z,bafyreibl2jcjnhsw4h6qvx6eyb7j4ql6l5qk26paukkezptcksh5d6neue,did:plc:g7iuslxe7dqh62z6blsoset7,photobank.bsky.social,,
7e93e27387b44a5197c55e3b76e3bbbf,2026-02-23T00:00:00Z,2026-02-23T00:10:49Z,auth,auth_enUS_labelerexp,at://did:plc:ojisdwhv5b7tzitkipo3yx3f/app.bsky.feed.generator/aaao3rw3oxwku,suggested_labelerexp,17,at://did:plc:eqcphpskle5gemhllqetigwl/app.bsky.feed.post/3mfidoryi322t,bafyreifbvrqj5mxsil7xjcrgkvknexzaitrp5cvxbokxteo3huj7xxpzhy,did:plc:eqcphpskle5gemhllqetigwl,hikingw-dogs.bsky.social,,
7e93e27387b44a5197c55e3b76e3bbbf,2026-02-23T00:00:00Z,2026-02-23T00:10:49Z,auth,auth_enUS_labelerexp,at://did:plc:ojisdwhv5b7tzitkipo3yx3f/app.bsky.feed.generator/aaao3rw3oxwku,suggested_labelerexp,18,at://did:plc:zoawl4cpm7wrbcnxjl3lomx7/app.bsky.feed.post/3mfidopv7q22n,bafyreiabmpypr5szcsyvdmjpb3z4ntgpxhhajkzsk62g253qgtnf6jflaq,did:plc:zoawl4cpm7wrbcnxjl3lomx7,yaellia.bsky.social,,
7e93e27387b44a5197c55e3b76e3bbbf,2026-02-23T00:00:00Z,2026-02-23T00:10:49Z,auth,auth_enUS_labelerexp,at://did:plc:ojisdwhv5b7tzitkipo3yx3f/app.bsky.feed.generator/aaao3rw3oxwku,suggested_labelerexp,19,at://did:plc:cfcvt5ep3k3k2pbxsuvqrdqe/app.bsky.feed.post/3mfidokce3s24,bafyreidwnjfziw5styv3u6nfg4frz5ibiwkjxspnwko33ue2y3k3jqosme,did:plc:cfcvt5ep3k3k2pbxsuvqrdqe,wandacarmel.bsky.social,,
7e93e27387b44a5197c55e3b76e3bbbf,2026-02-23T00:00:00Z,2026-02-23T00:10:49Z,auth,auth_enUS_labelerexp,at://did:plc:ojisdwhv5b7tzitkipo3yx3f/app.bsky.feed.generator/aaao3rw3oxwku,suggested_labelerexp,20,at://did:plc:g7iuslxe7dqh62z6blsoset7/app.bsky.feed.post/3mfidog5adc2z,bafyreidjzglkpikkssrzos7rxcdhcfnmdznxxgbagcq734jtjyuo3i7xdy,did:plc:g7iuslxe7dqh62z6blsoset7,photobank.bsky.social,,
7e93e27387b44a5197c55e3b76e3bbbf,2026-02-23T00:00:00Z,2026-02-23T00:10:49Z,auth,auth_enUS_labelerexp,at://did:plc:ojisdwhv5b7tzitkipo3yx3f/app.bsky.feed.generator/aaao3rw3oxwku,suggested_labelerexp,21,at://did:plc:byyhywfewbz4du4i6n6n3pms/app.bsky.feed.post/3mfidocuhs22j,bafyreib6rqxczv7pezhw4c5e7vw3dr7ikur4izdlnmsxkuuoi5bisgyy7a,did:plc:byyhywfewbz4du4i6n6n3pms,emdeso.bsky.social,,
7e93e27387b44a5197c55e3b76e3bbbf,2026-02-23T00:00:00Z,2026-02-23T00:10:49Z,auth,auth_enUS_labelerexp,at://did:plc:ojisdwhv5b7tzitkipo3yx3f/app.bsky.feed.generator/aaao3rw3oxwku,suggested_labelerexp,22,at://did:plc:g7iuslxe7dqh62z6blsoset7/app.bsky.feed.post/3mfidnzzacs2z,bafyreigm6taflosl2k465r7jm433isz2ssvribwt76ovhzx7hgq3khricq,did:plc:g7iuslxe7dqh62z6blsoset7,photobank.bsky.social,,
7e93e27387b44a5197c55e3b76e3bbbf,2026-02-23T00:00:00Z,2026-02-23T00:10:49Z,auth,auth_enUS_labelerexp,at://did:plc:ojisdwhv5b7tzitkipo3yx3f/app.bsky.feed.generator/aaao3rw3oxwku,suggested_labelerexp,23,at://did:plc:boqwvtcsnzi23po273efzk36/app.bsky.feed.post/3mfidntke722g,bafyreiah74jpfaieg5dauzo5c77p5s4t4puhezpotleotmzkgi4jutu4re,did:plc:boqwvtcsnzi23po273efzk36,killerkitn.bsky.social,,
7e93e27387b44a5197c55e3b76e3bbbf,2026-02-23T00:00:00Z,2026-02-23T00:10:49Z,auth,auth_enUS_labelerexp,at://did:plc:ojisdwhv5b7tzitkipo3yx3f/app.bsky.feed.generator/aaao3rw3oxwku,suggested_labelerexp,24,at://did:plc:g7iuslxe7dqh62z6blsoset7/app.bsky.feed.post/3mfidnpn2gk2z,bafyreic55qq2clfagwfwrulcnnr3emiwudxwjutgzl6jqixiqjqwmhlzia,did:plc:g7iuslxe7dqh62z6blsoset7,photobank.bsky.social,,
7e93e27387b44a5197c55e3b76e3bbbf,2026-02-23T00:00:00Z,2026-02-23T00:10:49Z,auth,auth_enUS_labelerexp,at://did:plc:ojisdwhv5b7tzitkipo3yx3f/app.bsky.feed.generator/aaao3rw3oxwku,suggested_labelerexp,25,at://did:plc:5n7gmah75um5wunicfx2vu4m/app.bsky.feed.post/3mfidngvws22e,bafyreigbvwq7vefgma6jme6gt4hm4mba43jpg34wnm3xfst5rd2nsrnat4,did:plc:5n7gmah75um5wunicfx2vu4m,wolfman.photography,,
7e93e27387b44a5197c55e3b76e3bbbf,2026-02-23T00:00:00Z,2026-02-23T00:10:49Z,auth,auth_enUS_labelerexp,at://did:plc:ojisdwhv5b7tzitkipo3yx3f/app.bsky.feed.generator/aaao3rw3oxwku,suggested_labelerexp,26,at://did:plc:g7iuslxe7dqh62z6blsoset7/app.bsky.feed.post/3mfidnepms22z,bafyreicl36oqaqfxkvz5lnsvf27rd7jicl54b5dfbaw7uj6mk4lfacoqmi,did:plc:g7iuslxe7dqh62z6blsoset7,photobank.bsky.social,,
7e93e27387b44a5197c55e3b76e3bbbf,2026-02-23T00:00:00Z,2026-02-23T00:10:49Z,auth,auth_enUS_labelerexp,at://did:plc:ojisdwhv5b7tzitkipo3yx3f/app.bsky.feed.generator/aaao3rw3oxwku,suggested_labelerexp,27,at://did:plc:ghq4nixndk6rutgvyh5fs7f7/app.bsky.feed.post/3mfidlsmiyc2z,bafyreicmglodp7mecd4v5kpkseicbbxgca2gjkl7w6ocrnmrkslj52bo6y,did:plc:ghq4nixndk6rutgvyh5fs7f7,beckytylerart.bsky.social,,
7e93e27387b44a5197c55e3b76e3bbbf,2026-02-23T00:00:00Z,2026-02-23T00:10:49Z,auth,auth_enUS_labelerexp,at://did:plc:ojisdwhv5b7tzitkipo3yx3f/app.bsky.feed.generator/aaao3rw3oxwku,suggested_labelerexp,28,at://did:plc:iz3lcorlob74lyd3d2mswegj/app.bsky.feed.post/3mfidjxz6ak25,bafyreigmrv4gjhxagzu23kyacbc3pncu3a2ucfszs257lftu5zsaqncwtq,did:plc:iz3lcorlob74lyd3d2mswegj,kbvisualmex.bsky.social,,
7e93e27387b44a5197c55e3b76e3bbbf,2026-02-23T00:00:00Z,2026-02-23T00:10:49Z,auth,auth_enUS_labelerexp,at://did:plc:ojisdwhv5b7tzitkipo3yx3f/app.bsky.feed.generator/aaao3rw3oxwku,suggested_labelerexp,29,at://did:plc:s6h7tca6m3wetlo75ss2d23s/app.bsky.feed.post/3mfidjwojyc2f,bafyreiex6vdb5siqxsappu6qnd5mhfra7opfb6bqiq7n7jvh5l6tc7b4ji,did:plc:s6h7tca6m3wetlo75ss2d23s,timber-n-tectonics.bsky.social,,
7e93e27387b44a5197c55e3b76e3bbbf,2026-02-23T00:00:00Z,2026-02-23T00:10:49Z,auth,auth_enUS_labelerexp,at://did:plc:ojisdwhv5b7tzitkipo3yx3f/app.bsky.feed.generator/aaao3rw3oxwku,suggested_labelerexp,30,at://did:plc:rkk3muwdjopktfivhm7f3a3y/app.bsky.feed.post/3mfidj7w6um2g,bafyreiekcesromyug7t6n5qstg6bk6f25fumkptwykiabc2ezg7ttivpnu,did:plc:rkk3muwdjopktfivhm7f3a3y,jade-skye.bsky.social,,
7e93e27387b44a5197c55e3b76e3bbbf,2026-02-23T00:00:00Z,2026-02-23T00:10:49Z,auth,auth_enUS_labelerexp,at://did:plc:ojisdwhv5b7tzitkipo3yx3f/app.bsky.feed.generator/aaao3rw3oxwku,suggested_labelerexp,31,at://did:plc:3supzffiucen5oxjyrafabvr/app.bsky.feed.post/3mfidhg6nbk2q,bafyreidjnbhpu7vjtdr4mkqzc6muc6ajuuxku2nvt5yagzbok2hvic33hu,did:plc:3supzffiucen5oxjyrafabvr,wootini.bsky.social,,
7e93e27387b44a5197c55e3b76e3bbbf,2026-02-23T00:00:00Z,2026-02-23T00:10:49Z,auth,auth_enUS_labelerexp,at://did:plc:ojisdwhv5b7tzitkipo3yx3f/app.bsky.feed.generator/aaao3rw3oxwku,suggested_labelerexp,32,at://did:plc:hmr3jlgo3ph3bmibmz6rbtuz/app.bsky.feed.post/3mfidgykq2k2o,bafyreic5hddyt4dukht6b2sxhcbdeonnjjmly6ugw5kqgz67ugwlhzbfxy,did:plc:hmr3jlgo3ph3bmibmz6rbtuz,1854pironori.bsky.social,,
7e93e27387b44a5197c55e3b76e3bbbf,2026-02-23T00:00:00Z,2026-02-23T00:10:49Z,auth,auth_enUS_labelerexp,at://did:plc:ojisdwhv5b7tzitkipo3yx3f/app.bsky.feed.generator/aaao3rw3oxwku,suggested_labelerexp,33,at://did:plc:2zcyusgbmklpfk34vq6x3gmj/app.bsky.feed.post/3mfidfrjodc2l,bafyreihzmr3dmptgeg4ch3235ss46mfvn74qsiccbtyn2mbtktiybv3mde,did:plc:2zcyusgbmklpfk34vq6x3gmj,rnrmd.bsky.social,,
7e93e27387b44a5197c55e3b76e3bbbf,2026-02-23T00:00:00Z,2026-02-23T00:10:49Z,auth,auth_enUS_labelerexp,at://did:plc:ojisdwhv5b7tzitkipo3yx3f/app.bsky.feed.generator/aaao3rw3oxwku,suggested_labelerexp,34,at://did:plc:hmr3jlgo3ph3bmibmz6rbtuz/app.bsky.feed.post/3mfidfmmvq22o,bafyreibrlvrw2f6yzj4wbite5hsiyemkc5shlj7mnlc6n6sbdwjxqguvai,did:plc:hmr3jlgo3ph3bmibmz6rbtuz,1854pironori.bsky.social,,
7e93e27387b44a5197c55e3b76e3bbbf,2026-02-23T00:00:00Z,2026-02-23T00:10:49Z,auth,auth_enUS_labelerexp,at://did:plc:ojisdwhv5b7tzitkipo3yx3f/app.bsky.feed.generator/aaao3rw3oxwku,suggested_labelerexp,35,at://did:plc:hmr3jlgo3ph3bmibmz6rbtuz/app.bsky.feed.post/3mfidem7gj22o,bafyreidz7fil3da5y7e2vwregcbsayclaht3ub6ttjxqffx6wj6jre2k2u,did:plc:hmr3jlgo3ph3bmibmz6rbtuz,1854pironori.bsky.social,,
7e93e27387b44a5197c55e3b76e3bbbf,2026-02-23T00:00:00Z,2026-02-23T00:10:49Z,auth,auth_enUS_labelerexp,at://did:plc:ojisdwhv5b7tzitkipo3yx3f/app.bsky.feed.generator/aaao3rw3oxwku,suggested_labelerexp,36,at://did:plc:6jabdptht3i45myurywaacl3/app.bsky.feed.post/3mfidczzvkk2m,bafyreib6zlq5bhwo4a324lvf6gtpsuaioq5o2lioqpuv4fbejjpduecqsm,did:plc:6jabdptht3i45myurywaacl3,roguemusiclab.bsky.social,,
7e93e27387b44a5197c55e3b76e3bbbf,2026-02-23T00:00:00Z,2026-02-23T00:10:49Z,auth,auth_enUS_labelerexp,at://did:plc:ojisdwhv5b7tzitkipo3yx3f/app.bsky.feed.generator/aaao3rw3oxwku,suggested_labelerexp,37,at://did:plc:ibfjcheftjx5xovpzgdr3k7c/app.bsky.feed.post/3mfidbb2fyk25,bafyreie76dd6mrs5tv5wpqinqnnu4un442ajwps2mc4uxrrcxdv562pf7y,did:plc:ibfjcheftjx5xovpzgdr3k7c,photosophiferous.bsky.social,,
7e93e27387b44a5197c55e3b76e3bbbf,2026-02-23T00:00:00Z,2026-02-23T00:10:49Z,auth,auth_enUS_labelerexp,at://did:plc:ojisdwhv5b7tzitkipo3yx3f/app.bsky.feed.generator/aaao3rw3oxwku,suggested_labelerexp,38,at://did:plc:vtxgv6xmjpuspsnagpqjcmkv/app.bsky.feed.post/3mfidasea3s2m,bafyreies4qtvsvp4buhm5224gtml2a5i4lun6ynxuaqbunuvgqillw6e3a,did:plc:vtxgv6xmjpuspsnagpqjcmkv,triciabarker.bsky.social,,
7e93e27387b44a5197c55e3b76e3bbbf,2026-02-23T00:00:00Z,2026-02-23T00:10:49Z,auth,auth_enUS_labelerexp,at://did:plc:ojisdwhv5b7tzitkipo3yx3f/app.bsky.feed.generator/aaao3rw3oxwku,suggested_labelerexp,39,at://did:plc:xtrlkr6rhsew5qtyuydtuuj4/app.bsky.feed.post/3mfidaji7a22r,bafyreigq4iidxk6fr4en722i5wrmevudv2zmpjyzozsqrgmsj6fpvco3su,did:plc:xtrlkr6rhsew5qtyuydtuuj4,pauljreis.bsky.social,,
7e93e27387b44a5197c55e3b76e3bbbf,2026-02-23T00:00:00Z,2026-02-23T00:10:49Z,auth,auth_enUS_labelerexp,at://did:plc:ojisdwhv5b7tzitkipo3yx3f/app.bsky.feed.generator/aaao3rw3oxwku,suggested_labelerexp,40,at://did:plc:n5fu77ommy333a2espnvvwuc/app.bsky.feed.post/3mfidaiwflxwi,bafyreiah6prsuvvtfmjod2m2nliqc5ujaafxsywm7377i27lgdqr6nyw7i,did:plc:n5fu77ommy333a2espnvvwuc,quinoro.bsky.social,,
7e93e27387b44a5197c55e3b76e3bbbf,2026-02-23T00:00:00Z,2026-02-23T00:10:49Z,auth,auth_enUS_labelerexp,at://did:plc:ojisdwhv5b7tzitkipo3yx3f/app.bsky.feed.generator/aaao3rw3oxwku,suggested_labelerexp,41,at://did:plc:zv2ribvimk6br3k2nauz7mmr/app.bsky.feed.post/3mfidafvxxc2o,bafyreie3vw4xsitf5b6e4bpvyufcak3ccl2tlzu5yog5svgd45vlscw7vi,did:plc:zv2ribvimk6br3k2nauz7mmr,yawn1854.bsky.social,,
7e93e27387b44a5197c55e3b76e3bbbf,2026-02-23T00:00:00Z,2026-02-23T00:10:49Z,auth,auth_enUS_labelerexp,at://did:plc:ojisdwhv5b7tzitkipo3yx3f/app.bsky.feed.generator/aaao3rw3oxwku,suggested_labelerexp,42,at://did:plc:dbnuzgc24n3lcvbua6jjonte/app.bsky.feed.post/3mfidaf4zgt2i,bafyreiahkahg3fgkiuwnwgrdzque2apeptu2hskzq3yn2ykt3oljhbvraa,did:plc:dbnuzgc24n3lcvbua6jjonte,allencompassingtrip.com,,
7e93e27387b44a5197c55e3b76e3bbbf,2026-02-23T00:00:00Z,2026-02-23T00:10:49Z,auth,auth_enUS_labelerexp,at://did:plc:ojisdwhv5b7tzitkipo3yx3f/app.bsky.feed.generator/aaao3rw3oxwku,suggested_labelerexp,43,at://did:plc:ok3co3ohxvx65grmu2fq3eu5/app.bsky.feed.post/3mfida2i2xs2c,bafyreihwhyirwtrm5i7sftfk7fyb2eccad6mkydjt4pfgoimuyapzmtewy,did:plc:ok3co3ohxvx65grmu2fq3eu5,simmcewen.bsky.social,,
7e93e27387b44a5197c55e3b76e3bbbf,2026-02-23T00:00:00Z,2026-02-23T00:10:49Z,auth,auth_enUS_labelerexp,at://did:plc:ojisdwhv5b7tzitkipo3yx3f/app.bsky.feed.generator/aaao3rw3oxwku,suggested_labelerexp,44,at://did:plc:alqexiuyfhc5plqoa5475o2a/app.bsky.feed.post/3mfid4wzozs25,bafyreihtqhfzyjj4d3aesl2eata4ubaxpvslawtdglt2zjyorgx3cisotm,did:plc:alqexiuyfhc5plqoa5475o2a,hugan.bsky.social,,
7e93e27387b44a5197c55e3b76e3bbbf,2026-02-23T00:00:00Z,2026-02-23T00:10:49Z,auth,auth_enUS_labelerexp,at://did:plc:ojisdwhv5b7tzitkipo3yx3f/app.bsky.feed.generator/aaao3rw3oxwku,suggested_labelerexp,45,at://did:plc:jhpvw4tgxtgq7whp2kaswawv/app.bsky.feed.post/3mfid4qhcmc23,bafyreiammvyqovfm43a4p6htbogbr2cgez6kbmytqjbvhyr5pjdr4cllf4,did:plc:jhpvw4tgxtgq7whp2kaswawv,hanzphoto.bsky.social,,
7e93e27387b44a5197c55e3b76e3bbbf,2026-02-23T00:00:00Z,2026-02-23T00:10:49Z,auth,auth_enUS_labelerexp,at://did:plc:ojisdwhv5b7tzitkipo3yx3f/app.bsky.feed.generator/aaao3rw3oxwku,suggested_labelerexp,46,at://did:plc:3d2b6743xtn7scgfm4eqqurf/app.bsky.feed.post/3mfid4gcwq22l,bafyreiaeq5hnidnj3trgkymnv4h7iqd5bepp3ahtlwv3a4qiox4r6sls2a,did:plc:3d2b6743xtn7scgfm4eqqurf,scannerian1.bsky.social,,
7e93e27387b44a5197c55e3b76e3bbbf,2026-02-23T00:00:00Z,2026-02-23T00:10:49Z,auth,auth_enUS_labelerexp,at://did:plc:ojisdwhv5b7tzitkipo3yx3f/app.bsky.feed.generator/aaao3rw3oxwku,suggested_labelerexp,47,at://did:plc:ogpf3rtvr4k4asipmrqr4lim/app.bsky.feed.post/3mficz64ezq2q,bafyreieej665putbu6vyytqzkvqyuzyvmyiulzbpmohljiqlp5cgomnscy,did:plc:ogpf3rtvr4k4asipmrqr4lim,eviepetiteprincess.bsky.social,,
7e93e27387b44a5197c55e3b76e3bbbf,2026-02-23T00:00:00Z,2026-02-23T00:10:49Z,auth,auth_enUS_labelerexp,at://did:plc:ojisdwhv5b7tzitkipo3yx3f/app.bsky.feed.generator/aaao3rw3oxwku,suggested_labelerexp,48,at://did:plc:ckoghfxa6chr4sbqm3gzbhwk/app.bsky.feed.post/3mficz32ewk2f,bafyreihsht3q2el7cl3gsl7a4fjwkarunr6mnxtxmtts43sn7e6exjv6vm,did:plc:ckoghfxa6chr4sbqm3gzbhwk,cameratalk.bsky.social,,
7e93e27387b44a5197c55e3b76e3bbbf,2026-02-23T00:00:00Z,2026-02-23T00:10:49Z,auth,auth_enUS_labelerexp,at://did:plc:ojisdwhv5b7tzitkipo3yx3f/app.bsky.feed.generator/aaao3rw3oxwku,suggested_labelerexp,49,at://did:plc:euclbpwwbekqipymqbp6g5ry/app.bsky.feed.post/3mficyyac4k2s,bafyreicrmdm3reoxpymiciflpbnfyrbczh6rzsrxncwboh5cr3cwdfvykm,did:plc:euclbpwwbekqipymqbp6g5ry,jayras.bsky.social,,
7e93e27387b44a5197c55e3b76e3bbbf,2026-02-23T00:00:00Z,2026-02-23T00:10:49Z,auth,auth_enUS_labelerexp,at://did:plc:ojisdwhv5b7tzitkipo3yx3f/app.bsky.feed.generator/aaao3rw3oxwku,suggested_labelerexp,50,at://did:plc:shhy3jhy32aqwpyojisrywzm/app.bsky.feed.post/3mficysykwk2v,bafyreia7elop4zdlrwbwo26hznivrgwa5klwvcsl5qpoxicsei3fp4paxq,did:plc:shhy3jhy32aqwpyojisrywzm,moenoonan.bsky.social,,
7e93e27387b44a5197c55e3b76e3bbbf,2026-02-23T00:00:00Z,2026-02-23T00:10:50Z,auth,auth_enUS_labelerexp,at://did:plc:q6gjnaw2blty4crticxkmujt/app.bsky.feed.generator/cl-tqsp,suggested_labelerexp,1,at://did:plc:2lobx5afjz2vhhloikvmmex4/app.bsky.feed.post/3mfieh7amxc2x,bafyreieusgfamp4buhiafjemdjlufxwny2vzccaunx3utpng5faigei3pq,did:plc:2lobx5afjz2vhhloikvmmex4,dommedeluise.bsky.social,,
7e93e27387b44a5197c55e3b76e3bbbf,2026-02-23T00:00:00Z,2026-02-23T00:10:50Z,auth,auth_enUS_labelerexp,at://did:plc:q6gjnaw2blty4crticxkmujt/app.bsky.feed.generator/cl-tqsp,suggested_labelerexp,2,at://did:plc:7migibs2fyj2psyy6lmkul3h/app.bsky.feed.post/3mfieh5i4ec27,bafyreieig4uyxnq57obrqyq3pkanryxr3x2h3u3z76u3u6l7f6y5rk45s4,did:plc:7migibs2fyj2psyy6lmkul3h,publichealthguy1.bsky.social,,
7e93e27387b44a5197c55e3b76e3bbbf,2026-02-23T00:00:00Z,2026-02-23T00:10:50Z,auth,auth_enUS_labelerexp,at://did:plc:q6gjnaw2blty4crticxkmujt/app.bsky.feed.generator/cl-tqsp,suggested_labelerexp,3,at://did:plc:qibekerhliomnygyerg5qfvj/app.bsky.feed.post/3mfieh44qo22c,bafyreieixcic24infqspz7vveopdck35deysbrw6c7p5lwbmj7jkofpkdi,did:plc:qibekerhliomnygyerg5qfvj,sealab2021.org,,
7e93e27387b44a5197c55e3b76e3bbbf,2026-02-23T00:00:00Z,2026-02-23T00:10:50Z,auth,auth_enUS_labelerexp,at://did:plc:q6gjnaw2blty4crticxkmujt/app.bsky.feed.generator/cl-tqsp,suggested_labelerexp,4,at://did:plc:whndgqfai6z5p2pzlnzhkuh3/app.bsky.feed.post/3mfieh2ji222s,bafyreiforvhza7yk5vs5fc2fve6i3fsy2wz42uupu33cho324bdtocpgme,did:plc:whndgqfai6z5p2pzlnzhkuh3,surletable.bsky.social,,
7e93e27387b44a5197c55e3b76e3bbbf,2026-02-23T00:00:00Z,2026-02-23T00:10:50Z,auth,auth_enUS_labelerexp,at://did:plc:q6gjnaw2blty4crticxkmujt/app.bsky.feed.generator/cl-tqsp,suggested_labelerexp,5,at://did:plc:dai2o5jnh2n7w62gxwpqodm6/app.bsky.feed.post/3mfiegz63ek23,bafyreifyhbvvxjot2bh7zqwrt4byvlbz5eofdx5zgukmprsbkc7mr7kenm,did:plc:dai2o5jnh2n7w62gxwpqodm6,majaoeberg.bsky.social,,
7e93e27387b44a5197c55e3b76e3bbbf,2026-02-23T00:00:00Z,2026-02-23T00:10:50Z,auth,auth_enUS_labelerexp,at://did:plc:q6gjnaw2blty4crticxkmujt/app.bsky.feed.generator/cl-tqsp,suggested_labelerexp,6,at://did:plc:a3ybrbabfw4tpq3jpyii4slk/app.bsky.feed.post/3mfiegxb65k2d,bafyreigxio4w5krrwbkowkrkkszaibpsryzxnvygqpc2vbhby7hcr6bgr4,did:plc:a3ybrbabfw4tpq3jpyii4slk,dadshammdad.bsky.social,,
7e93e27387b44a5197c55e3b76e3bbbf,2026-02-23T00:00:00Z,2026-02-23T00:10:50Z,auth,auth_enUS_labelerexp,at://did:plc:q6gjnaw2blty4crticxkmujt/app.bsky.feed.generator/cl-tqsp,suggested_labelerexp,7,at://did:plc:uwixawamap65w3yscbgw23ij/app.bsky.feed.post/3mfiegx3flc2k,bafyreihrsfdrcznnesf3c5j2tkmeltncxtuco636qovw3jvtzcqgvhuiny,did:plc:uwixawamap65w3yscbgw23ij,nregib.bsky.social,,
7e93e27387b44a5197c55e3b76e3bbbf,2026-02-23T00:00:00Z,2026-02-23T00:10:50Z,auth,auth_enUS_labelerexp,at://did:plc:q6gjnaw2blty4crticxkmujt/app.bsky.feed.generator/cl-tqsp,suggested_labelerexp,8,at://did:plc:zju7gpf2woz5vwegmzdg2acl/app.bsky.feed.post/3mfiegt5zuc2x,bafyreihr33evuhcvezvhmpziiy2nhwye65iaendvdilggolq2rir7ls3rq,did:plc:zju7gpf2woz5vwegmzdg2acl,self.agency,,
7e93e27387b44a5197c55e3b76e3bbbf,2026-02-23T00:00:00Z,2026-02-23T00:10:50Z,auth,auth_enUS_labelerexp,at://did:plc:q6gjnaw2blty4crticxkmujt/app.bsky.feed.generator/cl-tqsp,suggested_labelerexp,9,at://did:plc:xwzxgbwvnnu2dntpty765y5j/app.bsky.feed.post/3mfiege6bd22b,bafyreighzkbvrswj5cmr27femjkoi7m7jb7sy7xum3gclmmyf2c5htnx74,did:plc:xwzxgbwvnnu2dntpty765y5j,rifka.bsky.social,,
7e93e27387b44a5197c55e3b76e3bbbf,2026-02-23T00:00:00Z,2026-02-23T00:10:50Z,auth,auth_enUS_labelerexp,at://did:plc:q6gjnaw2blty4crticxkmujt/app.bsky.feed.generator/cl-tqsp,suggested_labelerexp,10,at://did:plc:eiq2j27x4kxxjxvpzqgxilwf/app.bsky.feed.post/3mfiegbjlec2k,bafyreig6jyqusgcx4vdqffvqr7ldhvs7f4i2fdv4vyn7jcnnwnv63nmtki,did:plc:eiq2j27x4kxxjxvpzqgxilwf,madphysiologist.bsky.social,,
7e93e27387b44a5197c55e3b76e3bbbf,2026-02-23T00:00:00Z,2026-02-23T00:10:50Z,auth,auth_enUS_labelerexp,at://did:plc:q6gjnaw2blty4crticxkmujt/app.bsky.feed.generator/cl-tqsp,suggested_labelerexp,11,at://did:plc:7mp7mhikndqjtsp2jxveujw4/app.bsky.feed.post/3mfiegavjr22g,bafyreihrjyjujj6tlyaq47qjl4to3jbqa3pokc6kdrgjwkppstkaucfk44,did:plc:7mp7mhikndqjtsp2jxveujw4,gingerspiced.bsky.social,,
7e93e27387b44a5197c55e3b76e3bbbf,2026-02-23T00:00:00Z,2026-02-23T00:10:50Z,auth,auth_enUS_labelerexp,at://did:plc:q6gjnaw2blty4crticxkmujt/app.bsky.feed.generator/cl-tqsp,suggested_labelerexp,12,at://did:plc:ohrmjioa7gwh6dxsjihqfuql/app.bsky.feed.post/3mfiefzz6y22p,bafyreig6m7en2vsnoyobyoovzqrdyxr6vhphmct5laonwpmrgcf475afya,did:plc:ohrmjioa7gwh6dxsjihqfuql,leezarttime.bsky.social,,
7e93e27387b44a5197c55e3b76e3bbbf,2026-02-23T00:00:00Z,2026-02-23T00:10:50Z,auth,auth_enUS_labelerexp,at://did:plc:q6gjnaw2blty4crticxkmujt/app.bsky.feed.generator/cl-tqsp,suggested_labelerexp,13,at://did:plc:tiupgdz24lfanmia5b4jho5p/app.bsky.feed.post/3mfiefw6p2k2a,bafyreidk5rh6tr4ljmhcpja32onxup36lseqllitvl7yiabtlzu4obriiu,did:plc:tiupgdz24lfanmia5b4jho5p,kiki.whitecanof.monster,,
7e93e27387b44a5197c55e3b76e3bbbf,2026-02-23T00:00:00Z,2026-02-23T00:10:50Z,auth,auth_enUS_labelerexp,at://did:plc:q6gjnaw2blty4crticxkmujt/app.bsky.feed.generator/cl-tqsp,suggested_labelerexp,14,at://did:plc:y6alliolnbnez6f6odwtsele/app.bsky.feed.post/3mfiefqymm22f,bafyreieqby26x5iuioh2qxjxg6imatufwrymjn2qti4kgmc2q54xvk2wuu,did:plc:y6alliolnbnez6f6odwtsele,currentlyquang.xyz,,
7e93e27387b44a5197c55e3b76e3bbbf,2026-02-23T00:00:00Z,2026-02-23T00:10:50Z,auth,auth_enUS_labelerexp,at://did:plc:q6gjnaw2blty4crticxkmujt/app.bsky.feed.generator/cl-tqsp,suggested_labelerexp,15,at://did:plc:w2xvtj6v24s44tidzc42akov/app.bsky.feed.post/3mfiefpzw6k2f,bafyreigicbbu37oubh5qfsthf2vdpi7xgnwhzuvamrcfwpsl62xdw2qpgu,did:plc:w2xvtj6v24s44tidzc42akov,victoriadecapua.bsky.social,,
7e93e27387b44a5197c55e3b76e3bbbf,2026-02-23T00:00:00Z,2026-02-23T00:10:50Z,auth,auth_enUS_labelerexp,at://did:plc:q6gjnaw2blty4crticxkmujt/app.bsky.feed.generator/cl-tqsp,suggested_labelerexp,16,at://did:plc:hdfrgtchoulcxlfzl2qsqdec/app.bsky.feed.post/3mfiefpq4pc24,bafyreiamrzoswvij4wkqlivamonwy2mu722y6hfjz5bob63p4x452agba4,did:plc:hdfrgtchoulcxlfzl2qsqdec,cockremover.bsky.social,,
7e93e27387b44a5197c55e3b76e3bbbf,2026-02-23T00:00:00Z,2026-02-23T00:10:50Z,auth,auth_enUS_labelerexp,at://did:plc:q6gjnaw2blty4crticxkmujt/app.bsky.feed.generator/cl-tqsp,suggested_labelerexp,17,at://did:plc:brptsa5vnwnzgnujaauvt5x3/app.bsky.feed.post/3mfiefpg3g22e,bafyreida6gwnb4nla22rgw72jxranaeh2tydsla2gaxs4nax63i553u74i,did:plc:brptsa5vnwnzgnujaauvt5x3,th.alassa.pink,,
7e93e27387b44a5197c55e3b76e3bbbf,2026-02-23T00:00:00Z,2026-02-23T00:10:50Z,auth,auth_enUS_labelerexp,at://did:plc:q6gjnaw2blty4crticxkmujt/app.bsky.feed.generator/cl-tqsp,suggested_labelerexp,18,at://did:plc:3jnfy2kodoi6dbeg2lzo3wdy/app.bsky.feed.post/3mfiefiqekc2u,bafyreihmmk6eb356q2n6vghjsadiqmdvjsij6osjf5jocp4uopkwlvs2ae,did:plc:3jnfy2kodoi6dbeg2lzo3wdy,grokmeamadeus.bsky.social,,
7e93e27387b44a5197c55e3b76e3bbbf,2026-02-23T00:00:00Z,2026-02-23T00:10:50Z,auth,auth_enUS_labelerexp,at://did:plc:q6gjnaw2blty4crticxkmujt/app.bsky.feed.generator/cl-tqsp,suggested_labelerexp,19,at://did:plc:uop7ziotvld3zj4pv4j5v7bq/app.bsky.feed.post/3mfieev4yes2x,bafyreigf3lozwstlsszt4gdcqy5qzjke5cbexrouexuf7vp2v6ucyuzva4,did:plc:uop7ziotvld3zj4pv4j5v7bq,stabbyabby.bsky.social,,
7e93e27387b44a5197c55e3b76e3bbbf,2026-02-23T00:00:00Z,2026-02-23T00:10:50Z,auth,auth_enUS_labelerexp,at://did:plc:q6gjnaw2blty4crticxkmujt/app.bsky.feed.generator/cl-tqsp,suggested_labelerexp,20,at://did:plc:jqoxhyaunsi6nyixtcbzjwgd/app.bsky.feed.post/3mfieepcgnk2i,bafyreig6edpbwinwkpszqou7t2d5lzezlzqxgnqsetkvbynyyeunojgdgi,did:plc:jqoxhyaunsi6nyixtcbzjwgd,spearhafoc.bsky.social,,
7e93e27387b44a5197c55e3b76e3bbbf,2026-02-23T00:00:00Z,2026-02-23T00:10:50Z,auth,auth_enUS_labelerexp,at://did:plc:q6gjnaw2blty4crticxkmujt/app.bsky.feed.generator/cl-tqsp,suggested_labelerexp,21,at://did:plc:iyevdybszvsspxepnxhlg65d/app.bsky.feed.post/3mfieeopqyk2l,bafyreigj5cafzitu2diqlj4aiddrsoykzbtyu6zs2mg3py23xbz3457nkm,did:plc:iyevdybszvsspxepnxhlg65d,jordo.bsky.social,,
7e93e27387b44a5197c55e3b76e3bbbf,2026-02-23T00:00:00Z,2026-02-23T00:10:50Z,auth,auth_enUS_labelerexp,at://did:plc:q6gjnaw2blty4crticxkmujt/app.bsky.feed.generator/cl-tqsp,suggested_labelerexp,22,at://did:plc:dfujfv47n2zyigvnj75w6zc3/app.bsky.feed.post/3mfieejwvfc2t,bafyreigpwrqq5zqnygqe6jfvd4a4k6mnjcsnk22rlkm5phzgnd3o7w2qvu,did:plc:dfujfv47n2zyigvnj75w6zc3,titivil.bsky.social,,
7e93e27387b44a5197c55e3b76e3bbbf,2026-02-23T00:00:00Z,2026-02-23T00:10:50Z,auth,auth_enUS_labelerexp,at://did:plc:q6gjnaw2blty4crticxkmujt/app.bsky.feed.generator/cl-tqsp,suggested_labelerexp,23,at://did:plc:5a3m5zh6tx4ryhku24rzukkc/app.bsky.feed.post/3mfieefpdis2p,bafyreifslbqsuev55ma2nsvcqm7gpst6tygamitfansf76mkpgi7yx6epi,did:plc:5a3m5zh6tx4ryhku24rzukkc,urban-achiever.bsky.social,,
7e93e27387b44a5197c55e3b76e3bbbf,2026-02-23T00:00:00Z,2026-02-23T00:10:50Z,auth,auth_enUS_labelerexp,at://did:plc:q6gjnaw2blty4crticxkmujt/app.bsky.feed.generator/cl-tqsp,suggested_labelerexp,24,at://did:plc:k2vj6detgsgrzndtcbby2vpq/app.bsky.feed.post/3mfieeeakgk2t,bafyreiblvmmlteejoirnc5twqhnnjreq4as7jcr5aljyptomjehr4xh3a4,did:plc:k2vj6detgsgrzndtcbby2vpq,regimecpa.bsky.social,,
7e93e27387b44a5197c55e3b76e3bbbf,2026-02-23T00:00:00Z,2026-02-23T00:10:50Z,auth,auth_enUS_labelerexp,at://did:plc:q6gjnaw2blty4crticxkmujt/app.bsky.feed.generator/cl-tqsp,suggested_labelerexp,25,at://did:plc:5iszgpfyko6qsk26ytkfawuh/app.bsky.feed.post/3mfiee7xers2a,bafyreidrraashy32riv54qijk4lwcthvbiksqbrmzvdklcov62msht6hvm,did:plc:5iszgpfyko6qsk26ytkfawuh,oxinabox.bsky.social,,
7e93e27387b44a5197c55e3b76e3bbbf,2026-02-23T00:00:00Z,2026-02-23T00:10:50Z,auth,auth_enUS_labelerexp,at://did:plc:q6gjnaw2blty4crticxkmujt/app.bsky.feed.generator/cl-tqsp,suggested_labelerexp,26,at://did:plc:gs44jr4n6ywonhnz4sirqhal/app.bsky.feed.post/3mfiee6kcfk23,bafyreihqtx3y6rxwxipkqpamjndozqpgqppw3jlshnhzkfuk5wujj7gv2q,did:plc:gs44jr4n6ywonhnz4sirqhal,chemicalchaos.bsky.social,,
7e93e27387b44a5197c55e3b76e3bbbf,2026-02-23T00:00:00Z,2026-02-23T00:10:50Z,auth,auth_enUS_labelerexp,at://did:plc:q6gjnaw2blty4crticxkmujt/app.bsky.feed.generator/cl-tqsp,suggested_labelerexp,27,at://did:plc:unyrcych3comvmfl6wbkzwui/app.bsky.feed.post/3mfiee5qo3k2j,bafyreiavh354auvnsknpjnuhivqekhyatt5ytrkwiuny235cbs25w3kpzi,did:plc:unyrcych3comvmfl6wbkzwui,pseudo310.bsky.social,,
7e93e27387b44a5197c55e3b76e3bbbf,2026-02-23T00:00:00Z,2026-02-23T00:10:50Z,auth,auth_enUS_labelerexp,at://did:plc:q6gjnaw2blty4crticxkmujt/app.bsky.feed.generator/cl-tqsp,suggested_labelerexp,28,at://did:plc:6aifpf2xnhxtzqhgergp4732/app.bsky.feed.post/3mfiedzktuc2t,bafyreiduiv7wdvik5ypzjjzmmyc6maadwgyzi7onxhtcvz5ladqznpg6lq,did:plc:6aifpf2xnhxtzqhgergp4732,jessespector.com,,
7e93e27387b44a5197c55e3b76e3bbbf,2026-02-23T00:00:00Z,2026-02-23T00:10:50Z,auth,auth_enUS_labelerexp,at://did:plc:q6gjnaw2blty4crticxkmujt/app.bsky.feed.generator/cl-tqsp,suggested_labelerexp,29,at://did:plc:33wkjkdosiuczcguuwn65wrd/app.bsky.feed.post/3mfiedxoo3c2t,bafyreicxncecje7zm3pfzcjyxxikjeqfy6hit23iwbkstiqt2couex2vwa,did:plc:33wkjkdosiuczcguuwn65wrd,digitalbeth.space,,
7e93e27387b44a5197c55e3b76e3bbbf,2026-02-23T00:00:00Z,2026-02-23T00:10:50Z,auth,auth_enUS_labelerexp,at://did:plc:q6gjnaw2blty4crticxkmujt/app.bsky.feed.generator/cl-tqsp,suggested_labelerexp,30,at://did:plc:7p7g2rae47jmgxg3ncwslczi/app.bsky.feed.post/3mfiedwgqqc2l,bafyreihlhx7ytqoeaicet7nkbcbquxpj4f3h73gzkeikg6dotrwzwxzer4,did:plc:7p7g2rae47jmgxg3ncwslczi,jametc.bsky.social,,
7e93e27387b44a5197c55e3b76e3bbbf,2026-02-23T00:00:00Z,2026-02-23T00:10:50Z,auth,auth_enUS_labelerexp,at://did:plc:q6gjnaw2blty4crticxkmujt/app.bsky.feed.generator/cl-tqsp,suggested_labelerexp,31,at://did:plc:kaxtohysheubn2rjkpwudrm2/app.bsky.feed.post/3mfieduumak2m,bafyreifkf5zmq65brxbgcmsoires6gklxxbx4eogdr6zd724pv2dzqzkmi,did:plc:kaxtohysheubn2rjkpwudrm2,thetallblonde.bsky.social,,
7e93e27387b44a5197c55e3b76e3bbbf,2026-02-23T00:00:00Z,2026-02-23T00:10:50Z,auth,auth_enUS_labelerexp,at://did:plc:q6gjnaw2blty4crticxkmujt/app.bsky.feed.generator/cl-tqsp,suggested_labelerexp,32,at://did:plc:kjsl6b5t5klf5cbtnkyxq3ar/app.bsky.feed.post/3mfiedujlpc2a,bafyreiahqw3e24wwxdlwso3gbbrrjw7jhie2u7ahry3fmcf5yv3mvcp7fq,did:plc:kjsl6b5t5klf5cbtnkyxq3ar,mel.bzky.team,,
7e93e27387b44a5197c55e3b76e3bbbf,2026-02-23T00:00:00Z,2026-02-23T00:10:50Z,auth,auth_enUS_labelerexp,at://did:plc:q6gjnaw2blty4crticxkmujt/app.bsky.feed.generator/cl-tqsp,suggested_labelerexp,33,at://did:plc:uv5yje7szliazvqqfu3s234f/app.bsky.feed.post/3mfiedugpdq2r,bafyreiaceiepwznexduxabqbdw45ekwkxar3wea6o557armvb633bez4gu,did:plc:uv5yje7szliazvqqfu3s234f,shashib.bsky.social,,
7e93e27387b44a5197c55e3b76e3bbbf,2026-02-23T00:00:00Z,2026-02-23T00:10:50Z,auth,auth_enUS_labelerexp,at://did:plc:q6gjnaw2blty4crticxkmujt/app.bsky.feed.generator/cl-tqsp,suggested_labelerexp,34,at://did:plc:nmauf6q6yoh6qubzeldzeopd/app.bsky.feed.post/3mfiedsr7yk24,bafyreiai4u4blteddppcejfpjtb46uxkxdz64qhvby7tudwfrb7gjxyf7y,did:plc:nmauf6q6yoh6qubzeldzeopd,amyisverybusy.bsky.social,,
7e93e27387b44a5197c55e3b76e3bbbf,2026-02-23T00:00:00Z,2026-02-23T00:10:50Z,auth,auth_enUS_labelerexp,at://did:plc:q6gjnaw2blty4crticxkmujt/app.bsky.feed.generator/cl-tqsp,suggested_labelerexp,35,at://did:plc:7ubkxgz65m5hvd6aj5zcrpt7/app.bsky.feed.post/3mfiedqmpmc2l,bafyreifjbmyngp6yigxejkelta6bjllp2qmqvgpsp5dpttchcgs54wgfau,did:plc:7ubkxgz65m5hvd6aj5zcrpt7,moonstruckella.bsky.social,,
7e93e27387b44a5197c55e3b76e3bbbf,2026-02-23T00:00:00Z,2026-02-23T00:10:50Z,auth,auth_enUS_labelerexp,at://did:plc:q6gjnaw2blty4crticxkmujt/app.bsky.feed.generator/cl-tqsp,suggested_labelerexp,36,at://did:plc:lgds4jdbv2kmui7wrjmiysfs/app.bsky.feed.post/3mfiedit4ck2k,bafyreigraybuboyomxewf6m3utijujmhnl4jshfhfamva6e6e6squubiyy,did:plc:lgds4jdbv2kmui7wrjmiysfs,leokitty.bsky.social,,
7e93e27387b44a5197c55e3b76e3bbbf,2026-02-23T00:00:00Z,2026-02-23T00:10:50Z,auth,auth_enUS_labelerexp,at://did:plc:q6gjnaw2blty4crticxkmujt/app.bsky.feed.generator/cl-tqsp,suggested_labelerexp,37,at://did:plc:2lobx5afjz2vhhloikvmmex4/app.bsky.feed.post/3mfiedbzocc2x,bafyreigrcgqodni5zw5nniggrwt3anepx32kc2tfpql2q2yrx3rnu7fs64,did:plc:2lobx5afjz2vhhloikvmmex4,dommedeluise.bsky.social,,
7e93e27387b44a5197c55e3b76e3bbbf,2026-02-23T00:00:00Z,2026-02-23T00:10:50Z,auth,auth_enUS_labelerexp,at://did:plc:q6gjnaw2blty4crticxkmujt/app.bsky.feed.generator/cl-tqsp,suggested_labelerexp,38,at://did:plc:qibekerhliomnygyerg5qfvj/app.bsky.feed.post/3mfied77qek2c,bafyreiaqxagotwict3q4romn6bz432zj6tojizhningdro5kqgc4d2mlsq,did:plc:qibekerhliomnygyerg5qfvj,sealab2021.org,,
7e93e27387b44a5197c55e3b76e3bbbf,2026-02-23T00:00:00Z,2026-02-23T00:10:50Z,auth,auth_enUS_labelerexp,at://did:plc:q6gjnaw2blty4crticxkmujt/app.bsky.feed.generator/cl-tqsp,suggested_labelerexp,39,at://did:plc:ubvji4cjdwg674jvi4o2kl55/app.bsky.feed.post/3mfied3ccp22v,bafyreieaxtzf6yhmtnljoop2ykl5h7czuteilgjpph5mirucv7bio2tmsi,did:plc:ubvji4cjdwg674jvi4o2kl55,sbunny.bsky.social,,
7e93e27387b44a5197c55e3b76e3bbbf,2026-02-23T00:00:00Z,2026-02-23T00:10:50Z,auth,auth_enUS_labelerexp,at://did:plc:q6gjnaw2blty4crticxkmujt/app.bsky.feed.generator/cl-tqsp,suggested_labelerexp,40,at://did:plc:qxfidqwgsbyv2l7vxetijg27/app.bsky.feed.post/3mfied27v522e,bafyreig4nvbeatb73yhrzn52kuy7olod3sfbzpjmz2qjgs5uwfmkhr6ggu,did:plc:qxfidqwgsbyv2l7vxetijg27,stargays.bsky.social,,
7e93e27387b44a5197c55e3b76e3bbbf,2026-02-23T00:00:00Z,2026-02-23T00:10:50Z,auth,auth_enUS_labelerexp,at://did:plc:q6gjnaw2blty4crticxkmujt/app.bsky.feed.generator/cl-tqsp,suggested_labelerexp,41,at://did:plc:ev7overz2q4nrefqwbqvqojg/app.bsky.feed.post/3mfiecxvzu22y,bafyreierh4rzccisw53gwa46zvmgbfvmun3kn4mdcscvgl2tmskbgurr24,did:plc:ev7overz2q4nrefqwbqvqojg,laurenmpayne.bsky.social,,
7e93e27387b44a5197c55e3b76e3bbbf,2026-02-23T00:00:00Z,2026-02-23T00:10:50Z,auth,auth_enUS_labelerexp,at://did:plc:q6gjnaw2blty4crticxkmujt/app.bsky.feed.generator/cl-tqsp,suggested_labelerexp,42,at://did:plc:occbscmv5jstjxwzcylqdzau/app.bsky.feed.post/3mfiecvrv6s2z,bafyreidjoupthtx5y6er2owbrgzfs4hl2hhef4f2im5hd2zefz34vg5zx4,did:plc:occbscmv5jstjxwzcylqdzau,thryse.com,,
7e93e27387b44a5197c55e3b76e3bbbf,2026-02-23T00:00:00Z,2026-02-23T00:10:50Z,auth,auth_enUS_labelerexp,at://did:plc:q6gjnaw2blty4crticxkmujt/app.bsky.feed.generator/cl-tqsp,suggested_labelerexp,43,at://did:plc:ehq7gjprnh5iplgzc3zflflq/app.bsky.feed.post/3mfiecujxts2r,bafyreigifnq5jmjmlnaoiss2ij54bffnvj4co5sezvybeec36gmujzl3u4,did:plc:ehq7gjprnh5iplgzc3zflflq,edward86.bsky.social,,
7e93e27387b44a5197c55e3b76e3bbbf,2026-02-23T00:00:00Z,2026-02-23T00:10:50Z,auth,auth_enUS_labelerexp,at://did:plc:q6gjnaw2blty4crticxkmujt/app.bsky.feed.generator/cl-tqsp,suggested_labelerexp,44,at://did:plc:drrwrzzfwlvfz22p5j52liq2/app.bsky.feed.post/3mfiecu4gas2o,bafyreif5nncx4vbj45rebdniu6e6urqc5lnkacnb746xnnzn75femlouoy,did:plc:drrwrzzfwlvfz22p5j52liq2,figgityfigs.bsky.social,,
7e93e27387b44a5197c55e3b76e3bbbf,2026-02-23T00:00:00Z,2026-02-23T00:10:50Z,auth,auth_enUS_labelerexp,at://did:plc:q6gjnaw2blty4crticxkmujt/app.bsky.feed.generator/cl-tqsp,suggested_labelerexp,45,at://did:plc:dpehjd2iz6mdt6xvmrerjr6x/app.bsky.feed.post/3mfiecqtsls2a,bafyreihimr42ir432nvsqtfwkmgb4dgw46pdmgfo2nsjoni3bsnp6x27eu,did:plc:dpehjd2iz6mdt6xvmrerjr6x,plasticbrownie.bsky.social,,
7e93e27387b44a5197c55e3b76e3bbbf,2026-02-23T00:00:00Z,2026-02-23T00:10:50Z,auth,auth_enUS_labelerexp,at://did:plc:q6gjnaw2blty4crticxkmujt/app.bsky.feed.generator/cl-tqsp,suggested_labelerexp,46,at://did:plc:juqbdfdlpum3lrldqy2cded4/app.bsky.feed.post/3mfiecorhkc2i,bafyreic6hjfyyexpvuowuevdfwnqkj6ldb6ozttdsqeebup4assl5xerim,did:plc:juqbdfdlpum3lrldqy2cded4,walkingtaako.bsky.social,,
7e93e27387b44a5197c55e3b76e3bbbf,2026-02-23T00:00:00Z,2026-02-23T00:10:50Z,auth,auth_enUS_labelerexp,at://did:plc:q6gjnaw2blty4crticxkmujt/app.bsky.feed.generator/cl-tqsp,suggested_labelerexp,47,at://did:plc:k2vj6detgsgrzndtcbby2vpq/app.bsky.feed.post/3mfieco5b2s2t,bafyreiamt6goo2deuognmvccmxrjiusitmp26ugojzdxmm2n3hnvhr2tiu,did:plc:k2vj6detgsgrzndtcbby2vpq,regimecpa.bsky.social,,
7e93e27387b44a5197c55e3b76e3bbbf,2026-02-23T00:00:00Z,2026-02-23T00:10:50Z,auth,auth_enUS_labelerexp,at://did:plc:q6gjnaw2blty4crticxkmujt/app.bsky.feed.generator/cl-tqsp,suggested_labelerexp,48,at://did:plc:6yl3yb4phrrzewlwycjjsneb/app.bsky.feed.post/3mfiecn2zec2s,bafyreibeghnxfuibdvoa3lrhuuqvanojhd7zxfcpal7xyfgnuzphzoorjy,did:plc:6yl3yb4phrrzewlwycjjsneb,scandalousmurph.bsky.social,,
7e93e27387b44a5197c55e3b76e3bbbf,2026-02-23T00:00:00Z,2026-02-23T00:10:50Z,auth,auth_enUS_labelerexp,at://did:plc:q6gjnaw2blty4crticxkmujt/app.bsky.feed.generator/cl-tqsp,suggested_labelerexp,49,at://did:plc:7lvxwobg2zrzgwpepyzxxjev/app.bsky.feed.post/3mfiec6bync2h,bafyreibwlyr3qdpdyuuy7iff7l4456d6li2aey7njhdkz7sxb7dtnqecyu,did:plc:7lvxwobg2zrzgwpepyzxxjev,dirtbagqueer.rocks,,
7e93e27387b44a5197c55e3b76e3bbbf,2026-02-23T00:00:00Z,2026-02-23T00:10:50Z,auth,auth_enUS_labelerexp,at://did:plc:q6gjnaw2blty4crticxkmujt/app.bsky.feed.generator/cl-tqsp,suggested_labelerexp,50,at://did:plc:22o23tz7bmmklmykyz7h3cem/app.bsky.feed.post/3mfiebxlmc22o,bafyreic6gjnsox77neqau7i7slkw5ylplbvlhlbpr5xovyesgihjkwh5pm,did:plc:22o23tz7bmmklmykyz7h3cem,randall.gobirds.online,,
7e93e27387b44a5197c55e3b76e3bbbf,2026-02-23T00:00:00Z,2026-02-23T00:10:51Z,auth,auth_enUS_labelerexp,at://did:plc:qv5qyhnfl53lunglnrd6axpd/app.bsky.feed.generator/aaaisd7dl67ks,suggested_labelerexp,1,at://did:plc:grqneyhyebmce6pva7jnzvwe/app.bsky.feed.post/3mfidxjwlas23,bafyreiajqhbjpfdowohat76usfnrs74govdxttl4acdjgyk54pkgtpjr4m,did:plc:grqneyhyebmce6pva7jnzvwe,cubrye.bsky.social,,
7e93e27387b44a5197c55e3b76e3bbbf,2026-02-23T00:00:00Z,2026-02-23T00:10:51Z,auth,auth_enUS_labelerexp,at://did:plc:qv5qyhnfl53lunglnrd6axpd/app.bsky.feed.generator/aaaisd7dl67ks,suggested_labelerexp,2,at://did:plc:atqx7sbl5m7xmuwxtyc4sxle/app.bsky.feed.post/3mfidweaemk2o,bafyreic25z55ibsz4eaxn7bogevqynt4s2qnebjchx5wdikc3iiqfysgz4,did:plc:atqx7sbl5m7xmuwxtyc4sxle,tumbledheroes.bsky.social,,
7e93e27387b44a5197c55e3b76e3bbbf,2026-02-23T00:00:00Z,2026-02-23T00:10:51Z,auth,auth_enUS_labelerexp,at://did:plc:qv5qyhnfl53lunglnrd6axpd/app.bsky.feed.generator/aaaisd7dl67ks,suggested_labelerexp,3,at://did:plc:silkby3uap4lzghf5uuyg6fs/app.bsky.feed.post/3mfidlvdi6s2j,bafyreifodzedjpqsvcgfgxggy44d44jh4xdcuym6imit4xq4ghxnaloyzq,did:plc:silkby3uap4lzghf5uuyg6fs,fudderduds.bsky.social,,
7e93e27387b44a5197c55e3b76e3bbbf,2026-02-23T00:00:00Z,2026-02-23T00:10:51Z,auth,auth_enUS_labelerexp,at://did:plc:qv5qyhnfl53lunglnrd6axpd/app.bsky.feed.generator/aaaisd7dl67ks,suggested_labelerexp,4,at://did:plc:nyelmioju2l7u5tdtkbfod7z/app.bsky.feed.post/3mfidfwglss2m,bafyreidd6qtiygeknwooocoiopp3j2xdofsqlbp4oqipijrxrlx2y6u3he,did:plc:nyelmioju2l7u5tdtkbfod7z,dylanpynk.bsky.social,,
7e93e27387b44a5197c55e3b76e3bbbf,2026-02-23T00:00:00Z,2026-02-23T00:10:51Z,auth,auth_enUS_labelerexp,at://did:plc:qv5qyhnfl53lunglnrd6axpd/app.bsky.feed.generator/aaaisd7dl67ks,suggested_labelerexp,5,at://did:plc:twg5utnlcqpxfwjlxwsaatew/app.bsky.feed.post/3mfidfuli7k26,bafyreicribluhrrz4rj3tffv7lplcdknkbces7ppnon2xfox4l72xx3ruy,did:plc:twg5utnlcqpxfwjlxwsaatew,stronglyqueefing.bsky.social,,
7e93e27387b44a5197c55e3b76e3bbbf,2026-02-23T00:00:00Z,2026-02-23T00:10:51Z,auth,auth_enUS_labelerexp,at://did:plc:qv5qyhnfl53lunglnrd6axpd/app.bsky.feed.generator/aaaisd7dl67ks,suggested_labelerexp,6,at://did:plc:og5hi7xeujfjnan3upqqqwpe/app.bsky.feed.post/3mficeoqabk2z,bafyreid2tvononw75m2tfqcevjywngi77kdine3tvgfoxtaf73kauj7oq4,did:plc:og5hi7xeujfjnan3upqqqwpe,mattforrest.bsky.social,,
7e93e27387b44a5197c55e3b76e3bbbf,2026-02-23T00:00:00Z,2026-02-23T00:10:51Z,auth,auth_enUS_labelerexp,at://did:plc:qv5qyhnfl53lunglnrd6axpd/app.bsky.feed.generator/aaaisd7dl67ks,suggested_labelerexp,7,at://did:plc:ydunclv7x3vng3hkof6dryc7/app.bsky.feed.post/3mfice7py4c2w,bafyreibw4vql6i72rk6u6shdatxld3duubxexzyi3gyzkrwn3vzkag6lbi,did:plc:ydunclv7x3vng3hkof6dryc7,backthefudgeoff.bsky.social,,
7e93e27387b44a5197c55e3b76e3bbbf,2026-02-23T00:00:00Z,2026-02-23T00:10:51Z,auth,auth_enUS_labelerexp,at://did:plc:qv5qyhnfl53lunglnrd6axpd/app.bsky.feed.generator/aaaisd7dl67ks,suggested_labelerexp,8,at://did:plc:yqdfbql55z7cdaa7anjjm2r6/app.bsky.feed.post/3mficaomlsc2c,bafyreif72f2wbp4srcubtbrz3ljuzbackdvakyb2tuvm72jqo65n7r273q,did:plc:yqdfbql55z7cdaa7anjjm2r6,rocktheo1.bsky.social,,
7e93e27387b44a5197c55e3b76e3bbbf,2026-02-23T00:00:00Z,2026-02-23T00:10:51Z,auth,auth_enUS_labelerexp,at://did:plc:qv5qyhnfl53lunglnrd6axpd/app.bsky.feed.generator/aaaisd7dl67ks,suggested_labelerexp,9,at://did:plc:mwnhzyghrjw2trmhk2zts5r5/app.bsky.feed.post/3mfic5ihdlk2g,bafyreieyvpttz4twhcnksu5umkud7s6iyao555g4ikp57ebnq4issgfuk4,did:plc:mwnhzyghrjw2trmhk2zts5r5,didkylejust.bsky.social,,
7e93e27387b44a5197c55e3b76e3bbbf,2026-02-23T00:00:00Z,2026-02-23T00:10:51Z,auth,auth_enUS_labelerexp,at://did:plc:qv5qyhnfl53lunglnrd6axpd/app.bsky.feed.generator/aaaisd7dl67ks,suggested_labelerexp,10,at://did:plc:mksyuzfnpnrb4qpeup5dflgg/app.bsky.feed.post/3mfibzrd4es2h,bafyreicqtwu7cy3z5t37aetisv3c7i3rrrlfpqq3lo3kq65mnildxzl65e,did:plc:mksyuzfnpnrb4qpeup5dflgg,acab-kebab.bsky.social,,
7e93e27387b44a5197c55e3b76e3bbbf,2026-02-23T00:00:00Z,2026-02-23T00:10:51Z,auth,auth_enUS_labelerexp,at://did:plc:qv5qyhnfl53lunglnrd6axpd/app.bsky.feed.generator/aaaisd7dl67ks,suggested_labelerexp,11,at://did:plc:4tyqstro3xofhrx7yyc4d7y2/app.bsky.feed.post/3mfibt3otn22d,bafyreihu46yp2u3rasloidcpfdd2ilvib6zfa5dvi2wgmobspa4ue4evle,did:plc:4tyqstro3xofhrx7yyc4d7y2,thepocketfox.bsky.social,,
7e93e27387b44a5197c55e3b76e3bbbf,2026-02-23T00:00:00Z,2026-02-23T00:10:51Z,auth,auth_enUS_labelerexp,at://did:plc:qv5qyhnfl53lunglnrd6axpd/app.bsky.feed.generator/aaaisd7dl67ks,suggested_labelerexp,12,at://did:plc:epaevbr2bz5t7dokjwb4cyjv/app.bsky.feed.post/3mfibqctchs23,bafyreieyoccyy2gsfchzwxktp77snnilerrvivo76us7dw4ob6pwiel3fi,did:plc:epaevbr2bz5t7dokjwb4cyjv,helldude.bsky.social,,
7e93e27387b44a5197c55e3b76e3bbbf,2026-02-23T00:00:00Z,2026-02-23T00:10:51Z,auth,auth_enUS_labelerexp,at://did:plc:qv5qyhnfl53lunglnrd6axpd/app.bsky.feed.generator/aaaisd7dl67ks,suggested_labelerexp,13,at://did:plc:hvmfkcv7k72unbiem42q6bzj/app.bsky.feed.post/3mfibpkwqnk2r,bafyreiaoaugtgjwydmtu4ucxyqtylcbgsa6dypenoj5lukz3upy3m75adu,did:plc:hvmfkcv7k72unbiem42q6bzj,torbenlaux.bsky.social,,
7e93e27387b44a5197c55e3b76e3bbbf,2026-02-23T00:00:00Z,2026-02-23T00:10:51Z,auth,auth_enUS_labelerexp,at://did:plc:qv5qyhnfl53lunglnrd6axpd/app.bsky.feed.generator/aaaisd7dl67ks,suggested_labelerexp,14,at://did:plc:2ap6afz5s2okrwolfrvbftvy/app.bsky.feed.post/3mfiaambdas2i,bafyreidecjppjcglwc5ykggjirhhqlwtycfz4cedso75ei3oaixgnsnmji,did:plc:2ap6afz5s2okrwolfrvbftvy,bearforceone00.blog,,
7e93e27387b44a5197c55e3b76e3bbbf,2026-02-23T00:00:00Z,2026-02-23T00:10:51Z,auth,auth_enUS_labelerexp,at://did:plc:qv5qyhnfl53lunglnrd6axpd/app.bsky.feed.generator/aaaisd7dl67ks,suggested_labelerexp,15,at://did:plc:ydunclv7x3vng3hkof6dryc7/app.bsky.feed.post/3mfiaagjejs2y,bafyreigq32gw2rqhjr6qzotkgzfxmi6yhlmmzteff7dhaxz2rupngww65u,did:plc:ydunclv7x3vng3hkof6dryc7,backthefudgeoff.bsky.social,,
7e93e27387b44a5197c55e3b76e3bbbf,2026-02-23T00:00:00Z,2026-02-23T00:10:51Z,auth,auth_enUS_labelerexp,at://did:plc:qv5qyhnfl53lunglnrd6axpd/app.bsky.feed.generator/aaaisd7dl67ks,suggested_labelerexp,16,at://did:plc:jd7473ze76zgm2weib25d3kq/app.bsky.feed.post/3mfi7xygrzs2y,bafyreie54j4hbswolwkbxyre25agqbv4f3zrcxqnl4inqdvqiqw4xkyo3i,did:plc:jd7473ze76zgm2weib25d3kq,jooordan.bsky.social,,
7e93e27387b44a5197c55e3b76e3bbbf,2026-02-23T00:00:00Z,2026-02-23T00:10:51Z,auth,auth_enUS_labelerexp,at://did:plc:qv5qyhnfl53lunglnrd6axpd/app.bsky.feed.generator/aaaisd7dl67ks,suggested_labelerexp,17,at://did:plc:7yymg7pgy22rin2r7jpsapae/app.bsky.feed.post/3mfi7syiius26,bafyreiebbfsg5xderolt24alshhllewzdy6pfoswxy3qmleksc5e75umey,did:plc:7yymg7pgy22rin2r7jpsapae,ja-mess.bsky.social,,
7e93e27387b44a5197c55e3b76e3bbbf,2026-02-23T00:00:00Z,2026-02-23T00:10:51Z,auth,auth_enUS_labelerexp,at://did:plc:qv5qyhnfl53lunglnrd6axpd/app.bsky.feed.generator/aaaisd7dl67ks,suggested_labelerexp,18,at://did:plc:5cx4pzibzpvjfda4ekgprl3o/app.bsky.feed.post/3mfi7lnbkl22q,bafyreicjzwpjtrtsmdw5vqxpcevit5pmfyyaee25fpvbz6uoftdo34hocq,did:plc:5cx4pzibzpvjfda4ekgprl3o,cinemagay.bsky.social,,
7e93e27387b44a5197c55e3b76e3bbbf,2026-02-23T00:00:00Z,2026-02-23T00:10:51Z,auth,auth_enUS_labelerexp,at://did:plc:qv5qyhnfl53lunglnrd6axpd/app.bsky.feed.generator/aaaisd7dl67ks,suggested_labelerexp,19,at://did:plc:rnu2ttrx5zbthskq4frrcbsn/app.bsky.feed.post/3mfi75pzxps2v,bafyreiabw3sb6tcmhkc6ycb3fuk5olcf37inxx45kz5nnwrkvynilcsmfq,did:plc:rnu2ttrx5zbthskq4frrcbsn,thealmostbear.bsky.social,,
7e93e27387b44a5197c55e3b76e3bbbf,2026-02-23T00:00:00Z,2026-02-23T00:10:51Z,auth,auth_enUS_labelerexp,at://did:plc:qv5qyhnfl53lunglnrd6axpd/app.bsky.feed.generator/aaaisd7dl67ks,suggested_labelerexp,20,at://did:plc:hu5a64qepr6v2ekcjrgczq65/app.bsky.feed.post/3mfi6vaa7ls2j,bafyreibqsvthtgq7medqvctfprlvhdhqwai36ugynghlqv6xwhja2cyfoy,did:plc:hu5a64qepr6v2ekcjrgczq65,dracofav.bsky.social,,
7e93e27387b44a5197c55e3b76e3bbbf,2026-02-23T00:00:00Z,2026-02-23T00:10:51Z,auth,auth_enUS_labelerexp,at://did:plc:qv5qyhnfl53lunglnrd6axpd/app.bsky.feed.generator/aaaisd7dl67ks,suggested_labelerexp,21,at://did:plc:zyfuet3pi2l5udunjczydlqm/app.bsky.feed.post/3mfi6v7s6es24,bafyreifusgw6vkxrrekjilkhmutmhm52fud36bhfpdzl7y2aphanmy5q5a,did:plc:zyfuet3pi2l5udunjczydlqm,bearenby.bsky.social,,
7e93e27387b44a5197c55e3b76e3bbbf,2026-02-23T00:00:00Z,2026-02-23T00:10:51Z,auth,auth_enUS_labelerexp,at://did:plc:qv5qyhnfl53lunglnrd6axpd/app.bsky.feed.generator/aaaisd7dl67ks,suggested_labelerexp,22,at://did:plc:5sjduugcbs2xigcmvb53hxlc/app.bsky.feed.post/3mfi6iqki4c2z,bafyreiexynzglazt52lly5w6lkmvgejqffcef4shezfpj5fq74azrreksy,did:plc:5sjduugcbs2xigcmvb53hxlc,pearshapedbear.bsky.social,,
7e93e27387b44a5197c55e3b76e3bbbf,2026-02-23T00:00:00Z,2026-02-23T00:10:51Z,auth,auth_enUS_labelerexp,at://did:plc:qv5qyhnfl53lunglnrd6axpd/app.bsky.feed.generator/aaaisd7dl67ks,suggested_labelerexp,23,at://did:plc:rgwsjdj2gbpbyc2flwgduo3e/app.bsky.feed.post/3mfi6gkhess2e,bafyreiguvggspp2c2ahtinhg4eor73n62jben3h3b3k2a2jsa4insqgsdi,did:plc:rgwsjdj2gbpbyc2flwgduo3e,juanblps.bsky.social,,
7e93e27387b44a5197c55e3b76e3bbbf,2026-02-23T00:00:00Z,2026-02-23T00:10:51Z,auth,auth_enUS_labelerexp,at://did:plc:qv5qyhnfl53lunglnrd6axpd/app.bsky.feed.generator/aaaisd7dl67ks,suggested_labelerexp,24,at://did:plc:twg5utnlcqpxfwjlxwsaatew/app.bsky.feed.post/3mfi6dtnfck2x,bafyreia5grprj2ntzlqbczgxv3uyvwmebx57a6joqseg23bxzk4hyycfvq,did:plc:twg5utnlcqpxfwjlxwsaatew,stronglyqueefing.bsky.social,,
7e93e27387b44a5197c55e3b76e3bbbf,2026-02-23T00:00:00Z,2026-02-23T00:10:51Z,auth,auth_enUS_labelerexp,at://did:plc:qv5qyhnfl53lunglnrd6axpd/app.bsky.feed.generator/aaaisd7dl67ks,suggested_labelerexp,25,at://did:plc:rwroboxkqx32lckugkndhur4/app.bsky.feed.post/3mfi5fjwuqk2f,bafyreifzbtpvhrfuqtdl2hawj5fnvujlbe5lai53mnevlo7r2prx5qbmp4,did:plc:rwroboxkqx32lckugkndhur4,cbusbear.bsky.social,,
7e93e27387b44a5197c55e3b76e3bbbf,2026-02-23T00:00:00Z,2026-02-23T00:10:51Z,auth,auth_enUS_labelerexp,at://did:plc:qv5qyhnfl53lunglnrd6axpd/app.bsky.feed.generator/aaaisd7dl67ks,suggested_labelerexp,26,at://did:plc:silkby3uap4lzghf5uuyg6fs/app.bsky.feed.post/3mfi5ar2sts2e,bafyreif5tgfli7bdmdmlx5xlgtx3jm3xxogazrz6jiuwpjyz7kho45kxgy,did:plc:silkby3uap4lzghf5uuyg6fs,fudderduds.bsky.social,,
7e93e27387b44a5197c55e3b76e3bbbf,2026-02-23T00:00:00Z,2026-02-23T00:10:51Z,auth,auth_enUS_labelerexp,at://did:plc:qv5qyhnfl53lunglnrd6axpd/app.bsky.feed.generator/aaaisd7dl67ks,suggested_labelerexp,27,at://did:plc:odg7fsdiri54y526m6it65xp/app.bsky.feed.post/3mfi4u7kfgk2a,bafyreigm2tjfr7mqnmklco7jgnjkwwmbvr74ujxlj7ose6xkyjto6x25fm,did:plc:odg7fsdiri54y526m6it65xp,rustyjuggs.bsky.social,,
7e93e27387b44a5197c55e3b76e3bbbf,2026-02-23T00:00:00Z,2026-02-23T00:10:51Z,auth,auth_enUS_labelerexp,at://did:plc:qv5qyhnfl53lunglnrd6axpd/app.bsky.feed.generator/aaaisd7dl67ks,suggested_labelerexp,28,at://did:plc:qj4uog2xdzxnu56kfpdbi3iy/app.bsky.feed.post/3mfi4trintc2n,bafyreicbv7xp2jqjtb7xnjpjl6mior6yd5rpgg32zcrzwfc6hekbbq2cfa,did:plc:qj4uog2xdzxnu56kfpdbi3iy,lfschleusener.bsky.social,,
7e93e27387b44a5197c55e3b76e3bbbf,2026-02-23T00:00:00Z,2026-02-23T00:10:51Z,auth,auth_enUS_labelerexp,at://did:plc:qv5qyhnfl53lunglnrd6axpd/app.bsky.feed.generator/aaaisd7dl67ks,suggested_labelerexp,29,at://did:plc:c2j7p7ywbw57meqxrxfisljc/app.bsky.feed.post/3mfi4aneub22s,bafyreic65wglx74koif5p3d4pyyapmymwb35ppf7zuottupdyhrrekjywu,did:plc:c2j7p7ywbw57meqxrxfisljc,vinnyb.bsky.social,,
7e93e27387b44a5197c55e3b76e3bbbf,2026-02-23T00:00:00Z,2026-02-23T00:10:51Z,auth,auth_enUS_labelerexp,at://did:plc:qv5qyhnfl53lunglnrd6axpd/app.bsky.feed.generator/aaaisd7dl67ks,suggested_labelerexp,30,at://did:plc:hs6uqvhujmevzachdm7fwevj/app.bsky.feed.post/3mfi3knjyss2x,bafyreifpdusxrk5upplmlbvoxkv3pzjx2hot25whoccsbh5p4rv3ljuusu,did:plc:hs6uqvhujmevzachdm7fwevj,fiddlecub.bsky.social,,
7e93e27387b44a5197c55e3b76e3bbbf,2026-02-23T00:00:00Z,2026-02-23T00:10:51Z,auth,auth_enUS_labelerexp,at://did:plc:qv5qyhnfl53lunglnrd6axpd/app.bsky.feed.generator/aaaisd7dl67ks,suggested_labelerexp,31,at://did:plc:jkibth2fnjnir3foi324nypk/app.bsky.feed.post/3mfi3dporz22b,bafyreieqnzfawfpxtvmntne23b6kjbv665m5gy6tbd3bll6hmpipjyx6ja,did:plc:jkibth2fnjnir3foi324nypk,tehjakers.bsky.social,,
7e93e27387b44a5197c55e3b76e3bbbf,2026-02-23T00:00:00Z,2026-02-23T00:10:51Z,auth,auth_enUS_labelerexp,at://did:plc:qv5qyhnfl53lunglnrd6axpd/app.bsky.feed.generator/aaaisd7dl67ks,suggested_labelerexp,32,at://did:plc:3t5wkfoer7ru73364zkqxnwa/app.bsky.feed.post/3mfi3ajm7qc2g,bafyreifzrecgnw24kel7jghtfo6wu2lwtlci6ntmzgj2qkpqwqes32atgq,did:plc:3t5wkfoer7ru73364zkqxnwa,crshort81.bsky.social,,
7e93e27387b44a5197c55e3b76e3bbbf,2026-02-23T00:00:00Z,2026-02-23T00:10:51Z,auth,auth_enUS_labelerexp,at://did:plc:qv5qyhnfl53lunglnrd6axpd/app.bsky.feed.generator/aaaisd7dl67ks,suggested_labelerexp,33,at://did:plc:micafsi2eyxeijrbd6bx3xxi/app.bsky.feed.post/3mfi363xjxs2c,bafyreibhhw5umqyl7tfzsc65kuie5q3afzokwxsmigcul5xaa4pgjgmf7a,did:plc:micafsi2eyxeijrbd6bx3xxi,justabeardedgay.com,,
7e93e27387b44a5197c55e3b76e3bbbf,2026-02-23T00:00:00Z,2026-02-23T00:10:51Z,auth,auth_enUS_labelerexp,at://did:plc:qv5qyhnfl53lunglnrd6axpd/app.bsky.feed.generator/aaaisd7dl67ks,suggested_labelerexp,34,at://did:plc:qcf7wnlkndkf2zyu5zbt55m7/app.bsky.feed.post/3mfi32lhevc2g,bafyreihaflkcho33yvqhmhrtem5lwrt2dl22owv3m6sit7klkgtklurjkq,did:plc:qcf7wnlkndkf2zyu5zbt55m7,glennquigley.bsky.social,,
7e93e27387b44a5197c55e3b76e3bbbf,2026-02-23T00:00:00Z,2026-02-23T00:10:51Z,auth,auth_enUS_labelerexp,at://did:plc:qv5qyhnfl53lunglnrd6axpd/app.bsky.feed.generator/aaaisd7dl67ks,suggested_labelerexp,35,at://did:plc:qj4uog2xdzxnu56kfpdbi3iy/app.bsky.feed.post/3mfi2uwiefc2b,bafyreifp3jgblo42zfn5hnxoaf3u7caqh5zfq5k5mhajbadvprargj7uxy,did:plc:qj4uog2xdzxnu56kfpdbi3iy,lfschleusener.bsky.social,,
7e93e27387b44a5197c55e3b76e3bbbf,2026-02-23T00:00:00Z,2026-02-23T00:10:51Z,auth,auth_enUS_labelerexp,at://did:plc:qv5qyhnfl53lunglnrd6axpd/app.bsky.feed.generator/aaaisd7dl67ks,suggested_labelerexp,36,at://did:plc:eb6efohvlacy5k4t5lnve6cb/app.bsky.feed.post/3mfi2u35afu2n,bafyreiazzz3nfqi5h3but6oijbjjoolc6jp3ptcljpblbf4ev262g36n2u,did:plc:eb6efohvlacy5k4t5lnve6cb,queer.cool,,
7e93e27387b44a5197c55e3b76e3bbbf,2026-02-23T00:00:00Z,2026-02-23T00:10:51Z,auth,auth_enUS_labelerexp,at://did:plc:qv5qyhnfl53lunglnrd6axpd/app.bsky.feed.generator/aaaisd7dl67ks,suggested_labelerexp,37,at://did:plc:3t5wkfoer7ru73364zkqxnwa/app.bsky.feed.post/3mfi2t4jezc2q,bafyreiawzkqpt352chg7zmbajbylh4aja7kb6isa4ml23su5wbcatkihae,did:plc:3t5wkfoer7ru73364zkqxnwa,crshort81.bsky.social,,
7e93e27387b44a5197c55e3b76e3bbbf,2026-02-23T00:00:00Z,2026-02-23T00:10:51Z,auth,auth_enUS_labelerexp,at://did:plc:qv5qyhnfl53lunglnrd6axpd/app.bsky.feed.generator/aaaisd7dl67ks,suggested_labelerexp,38,at://did:plc:m7djwibhv3faljaofpzoo6hf/app.bsky.feed.post/3mfi2hh3kic2x,bafyreigja3ek67fevzkmn4sqkdho2snqaxml7i5bkiywsv6qiohd4urqji,did:plc:m7djwibhv3faljaofpzoo6hf,survivingheaven.bsky.social,,
7e93e27387b44a5197c55e3b76e3bbbf,2026-02-23T00:00:00Z,2026-02-23T00:10:51Z,auth,auth_enUS_labelerexp,at://did:plc:qv5qyhnfl53lunglnrd6axpd/app.bsky.feed.generator/aaaisd7dl67ks,suggested_labelerexp,39,at://did:plc:m2khggnskmlidttfeqaxbqij/app.bsky.feed.post/3mfi2d4qmes2j,bafyreie7a7tsb2rbmfsknljb5jiu2fnwczjmheuhjm6xr4hrunczrlsqxi,did:plc:m2khggnskmlidttfeqaxbqij,zaine.bsky.social,,
7e93e27387b44a5197c55e3b76e3bbbf,2026-02-23T00:00:00Z,2026-02-23T00:10:51Z,auth,auth_enUS_labelerexp,at://did:plc:qv5qyhnfl53lunglnrd6axpd/app.bsky.feed.generator/aaaisd7dl67ks,suggested_labelerexp,40,at://did:plc:hu5a64qepr6v2ekcjrgczq65/app.bsky.feed.post/3mfi2734utk2j,bafyreieuxmhlzj5nk6krg5iqh76wp5zfkdeuemypn6scniy3su5gsf3gfy,did:plc:hu5a64qepr6v2ekcjrgczq65,dracofav.bsky.social,,
7e93e27387b44a5197c55e3b76e3bbbf,2026-02-23T00:00:00Z,2026-02-23T00:10:51Z,auth,auth_enUS_labelerexp,at://did:plc:qv5qyhnfl53lunglnrd6axpd/app.bsky.feed.generator/aaaisd7dl67ks,suggested_labelerexp,41,at://did:plc:zh33qhzursqykiqff5ypy2nz/app.bsky.feed.post/3mfhza2mcx225,bafyreihie5eq5jh2wjpwkrimuad5bbc6znyewm3iubgmsgqzs2ob47e44y,did:plc:zh33qhzursqykiqff5ypy2nz,gschroep.bsky.social,,
7e93e27387b44a5197c55e3b76e3bbbf,2026-02-23T00:00:00Z,2026-02-23T00:10:51Z,auth,auth_enUS_labelerexp,at://did:plc:qv5qyhnfl53lunglnrd6axpd/app.bsky.feed.generator/aaaisd7dl67ks,suggested_labelerexp,42,at://did:plc:lugdrylhevsxh7h3jfhshvwz/app.bsky.feed.post/3mfhz5ekxjk2s,bafyreigv4hrench76a5yqhy2uliui42laoae4xkjdnzbnlxw4dalwufjr4,did:plc:lugdrylhevsxh7h3jfhshvwz,izzyluvhandles.bsky.social,,
7e93e27387b44a5197c55e3b76e3bbbf,2026-02-23T00:00:00Z,2026-02-23T00:10:51Z,auth,auth_enUS_labelerexp,at://did:plc:qv5qyhnfl53lunglnrd6axpd/app.bsky.feed.generator/aaaisd7dl67ks,suggested_labelerexp,43,at://did:plc:m2khggnskmlidttfeqaxbqij/app.bsky.feed.post/3mfhz3ngzac2j,bafyreiarznfw464llgm5u5c6lfk75knyvhhhgi2dtvfv6datmliqkb3u5e,did:plc:m2khggnskmlidttfeqaxbqij,zaine.bsky.social,,
7e93e27387b44a5197c55e3b76e3bbbf,2026-02-23T00:00:00Z,2026-02-23T00:10:51Z,auth,auth_enUS_labelerexp,at://did:plc:qv5qyhnfl53lunglnrd6axpd/app.bsky.feed.generator/aaaisd7dl67ks,suggested_labelerexp,44,at://did:plc:2ap6afz5s2okrwolfrvbftvy/app.bsky.feed.post/3mfhyzbgblc2l,bafyreieyc7agvhntumcyvjleo62rq7kdpf6jz4xejnneo3ixftrt7xba64,did:plc:2ap6afz5s2okrwolfrvbftvy,bearforceone00.blog,,
7e93e27387b44a5197c55e3b76e3bbbf,2026-02-23T00:00:00Z,2026-02-23T00:10:51Z,auth,auth_enUS_labelerexp,at://did:plc:qv5qyhnfl53lunglnrd6axpd/app.bsky.feed.generator/aaaisd7dl67ks,suggested_labelerexp,45,at://did:plc:jd7473ze76zgm2weib25d3kq/app.bsky.feed.post/3mfhyt3xt5k2i,bafyreigagulrbyd462bm7xyb3mphdgs6nsmaduxafavol5ufur64akh6am,did:plc:jd7473ze76zgm2weib25d3kq,jooordan.bsky.social,,
7e93e27387b44a5197c55e3b76e3bbbf,2026-02-23T00:00:00Z,2026-02-23T00:10:51Z,auth,auth_enUS_labelerexp,at://did:plc:qv5qyhnfl53lunglnrd6axpd/app.bsky.feed.generator/aaaisd7dl67ks,suggested_labelerexp,46,at://did:plc:argugqw55kfuilumcjngbawo/app.bsky.feed.post/3mfhynrrb4c2k,bafyreieiv5pak5jp72zd6kvnq7jtyzlshrszypajgryf6zlodrj4anxb3m,did:plc:argugqw55kfuilumcjngbawo,elkbit.com,,
7e93e27387b44a5197c55e3b76e3bbbf,2026-02-23T00:00:00Z,2026-02-23T00:10:51Z,auth,auth_enUS_labelerexp,at://did:plc:qv5qyhnfl53lunglnrd6axpd/app.bsky.feed.generator/aaaisd7dl67ks,suggested_labelerexp,47,at://did:plc:qj4uog2xdzxnu56kfpdbi3iy/app.bsky.feed.post/3mfhyi3evgs27,bafyreichpaauivnw4mi77jkxioe5kmd6iuy6b5rixwyexebozsvue3cs7m,did:plc:qj4uog2xdzxnu56kfpdbi3iy,lfschleusener.bsky.social,,
7e93e27387b44a5197c55e3b76e3bbbf,2026-02-23T00:00:00Z,2026-02-23T00:10:51Z,auth,auth_enUS_labelerexp,at://did:plc:qv5qyhnfl53lunglnrd6axpd/app.bsky.feed.generator/aaaisd7dl67ks,suggested_labelerexp,48,at://did:plc:qj4uog2xdzxnu56kfpdbi3iy/app.bsky.feed.post/3mfhyewgpa227,bafyreihh2mblc4m7lvmsmqskvct67o6v7rdcudmaxv2oy37bbfzu2srcc4,did:plc:qj4uog2xdzxnu56kfpdbi3iy,lfschleusener.bsky.social,,
7e93e27387b44a5197c55e3b76e3bbbf,2026-02-23T00:00:00Z,2026-02-23T00:10:51Z,auth,auth_enUS_labelerexp,at://did:plc:qv5qyhnfl53lunglnrd6axpd/app.bsky.feed.generator/aaaisd7dl67ks,suggested_labelerexp,49,at://did:plc:euecrrka6vmehnbrcet7fqf7/app.bsky.feed.post/3mfhyepstwk26,bafyreicg3f62jfrruabfomksxapmpakw3rvjemfgw5xdh6ffdid37lqhpq,did:plc:euecrrka6vmehnbrcet7fqf7,ausgayxxx.bsky.social,,
7e93e27387b44a5197c55e3b76e3bbbf,2026-02-23T00:00:00Z,2026-02-23T00:10:51Z,auth,auth_enUS_labelerexp,at://did:plc:qv5qyhnfl53lunglnrd6axpd/app.bsky.feed.generator/aaaisd7dl67ks,suggested_labelerexp,50,at://did:plc:qj4uog2xdzxnu56kfpdbi3iy/app.bsky.feed.post/3mfhxd3tp2k25,bafyreifz7fbewqhwfifll4l7hszlzhsqgempzo3mr23v6twuikhp4halgm,did:plc:qj4uog2xdzxnu56kfpdbi3iy,lfschleusener.bsky.social,,
