timestamp_utc,endpoint,status_code,latency_ms,attempt,error_type,feed_uri
2026-03-22T01:19:47Z,app.bsky.actor.getProfiles,200,236.4,0,,
2026-03-22T01:19:47Z,app.bsky.actor.getProfiles,200,185.604,0,,
2026-03-22T01:19:47Z,app.bsky.actor.getProfiles,200,93.288,0,,
2026-03-22T01:19:47Z,app.bsky.actor.getProfiles,200,148.225,0,,
2026-03-22T01:19:47Z,app.bsky.actor.getProfiles,200,202.119,0,,
2026-03-22T01:19:47Z,app.bsky.actor.getProfiles,200,98.765,0,,
2026-03-22T01:19:48Z,app.bsky.actor.getProfiles,200,88.738,0,,
2026-03-22T01:19:48Z,app.bsky.actor.getProfiles,200,124.262,0,,
2026-03-22T01:19:48Z,app.bsky.actor.getProfiles,200,99.675,0,,
2026-03-22T01:19:48Z,app.bsky.actor.getProfiles,200,179.688,0,,
2026-03-22T01:19:48Z,app.bsky.actor.getProfiles,200,93.996,0,,
2026-03-22T01:19:48Z,app.bsky.actor.getProfiles,200,146.876,0,,
2026-03-22T01:19:48Z,app.bsky.actor.getProfiles,200,103.773,0,,
2026-03-22T01:19:48Z,app.bsky.actor.getProfiles,200,202.53,0,,
2026-03-22T01:19:49Z,app.bsky.actor.getProfiles,200,104.758,0,,
2026-03-22T01:19:49Z,app.bsky.actor.getProfiles,200,112.729,0,,
2026-03-22T01:19:49Z,app.bsky.actor.getProfiles,200,98.029,0,,
2026-03-22T01:19:49Z,app.bsky.actor.getProfiles,200,180.841,0,,
2026-03-22T01:19:49Z,app.bsky.actor.getProfiles,200,96.131,0,,
2026-03-22T01:19:49Z,app.bsky.actor.getProfiles,200,146.157,0,,
2026-03-22T01:19:49Z,app.bsky.actor.getProfiles,200,90.387,0,,
2026-03-22T01:19:49Z,app.bsky.actor.getProfiles,200,101.495,0,,
2026-03-22T01:19:50Z,app.bsky.actor.getProfiles,200,97.156,0,,
2026-03-22T01:19:50Z,app.bsky.actor.getProfiles,200,94.405,0,,
2026-03-22T01:19:50Z,app.bsky.actor.getProfiles,200,175.96,0,,
2026-03-22T01:19:50Z,app.bsky.actor.getProfiles,200,106.332,0,,
2026-03-22T01:19:50Z,app.bsky.actor.getProfiles,200,90.174,0,,
2026-03-22T01:19:50Z,app.bsky.actor.getProfiles,200,161.225,0,,
2026-03-22T01:19:50Z,app.bsky.actor.getProfiles,200,194.257,0,,
2026-03-22T01:19:51Z,app.bsky.actor.getProfiles,200,99.358,0,,
2026-03-22T01:19:51Z,app.bsky.actor.getProfiles,200,87.792,0,,
2026-03-22T01:19:51Z,app.bsky.actor.getProfiles,200,138.915,0,,
2026-03-22T01:19:51Z,app.bsky.actor.getProfiles,200,91.598,0,,
2026-03-22T01:19:51Z,app.bsky.actor.getProfiles,200,177.157,0,,
2026-03-22T01:19:51Z,app.bsky.actor.getProfiles,200,93.663,0,,
2026-03-22T01:19:51Z,app.bsky.actor.getProfiles,200,148.306,0,,
2026-03-22T01:19:51Z,app.bsky.actor.getProfiles,200,92.886,0,,
2026-03-22T01:19:52Z,app.bsky.actor.getProfiles,200,102.632,0,,
2026-03-22T01:19:52Z,app.bsky.actor.getProfiles,200,95.07,0,,
2026-03-22T01:19:52Z,app.bsky.actor.getProfiles,200,97.64,0,,
2026-03-22T01:19:52Z,app.bsky.actor.getProfiles,200,134.42,0,,
2026-03-22T01:19:52Z,app.bsky.actor.getProfiles,200,191.044,0,,
2026-03-22T01:19:52Z,app.bsky.actor.getProfiles,200,107.566,0,,
2026-03-22T01:19:52Z,app.bsky.actor.getProfiles,200,99.467,0,,
2026-03-22T01:19:52Z,app.bsky.actor.getProfiles,200,114.949,0,,
2026-03-22T01:19:53Z,app.bsky.actor.getProfiles,200,93.275,0,,
2026-03-22T01:19:53Z,app.bsky.actor.getProfiles,200,180.023,0,,
2026-03-22T01:19:53Z,app.bsky.actor.getProfiles,200,130.87,0,,
2026-03-22T01:19:53Z,app.bsky.actor.getProfiles,200,121.244,0,,
2026-03-22T01:19:53Z,app.bsky.actor.getProfiles,200,190.611,0,,
2026-03-22T01:19:53Z,app.bsky.actor.getProfiles,200,94.879,0,,
2026-03-22T01:19:53Z,app.bsky.actor.getProfiles,200,95.579,0,,
2026-03-22T01:19:53Z,app.bsky.actor.getProfiles,200,127.762,0,,
2026-03-22T01:19:54Z,app.bsky.actor.getProfiles,200,96.041,0,,
2026-03-22T01:19:54Z,app.bsky.actor.getProfiles,200,180.414,0,,
2026-03-22T01:19:54Z,app.bsky.actor.getProfiles,200,99.944,0,,
2026-03-22T01:19:54Z,app.bsky.actor.getProfiles,200,142.723,0,,
2026-03-22T01:19:54Z,app.bsky.actor.getProfiles,200,189.354,0,,
2026-03-22T01:19:54Z,app.bsky.actor.getProfiles,200,101.242,0,,
2026-03-22T01:19:54Z,app.bsky.actor.getProfiles,200,90.827,0,,
2026-03-22T01:19:54Z,app.bsky.actor.getProfiles,200,136.126,0,,
2026-03-22T01:19:55Z,app.bsky.actor.getProfiles,200,94.825,0,,
2026-03-22T01:19:55Z,app.bsky.actor.getProfiles,200,170.607,0,,
2026-03-22T01:19:55Z,app.bsky.actor.getProfiles,200,103.486,0,,
2026-03-22T01:19:55Z,app.bsky.actor.getProfiles,200,138.656,0,,
2026-03-22T01:19:55Z,app.bsky.actor.getProfiles,200,94.252,0,,
2026-03-22T01:19:55Z,app.bsky.actor.getProfiles,200,184.674,0,,
2026-03-22T01:19:55Z,app.bsky.actor.getProfiles,200,92.249,0,,
2026-03-22T01:19:56Z,app.bsky.actor.getProfiles,200,147.577,0,,
2026-03-22T01:19:56Z,app.bsky.actor.getProfiles,200,102.945,0,,
2026-03-22T01:19:56Z,app.bsky.actor.getProfiles,200,170.377,0,,
2026-03-22T01:19:56Z,app.bsky.actor.getProfiles,200,100.032,0,,
2026-03-22T01:19:56Z,app.bsky.actor.getProfiles,200,142.766,0,,
2026-03-22T01:19:56Z,app.bsky.actor.getProfiles,200,194.197,0,,
2026-03-22T01:19:56Z,app.bsky.actor.getProfiles,200,98.696,0,,
2026-03-22T01:19:57Z,app.bsky.actor.getProfiles,200,93.569,0,,
2026-03-22T01:19:57Z,app.bsky.actor.getProfiles,200,131.812,0,,
2026-03-22T01:19:57Z,app.bsky.actor.getProfiles,200,99.397,0,,
2026-03-22T01:19:57Z,app.bsky.actor.getProfiles,200,179.261,0,,
2026-03-22T01:19:57Z,app.bsky.actor.getProfiles,200,94.289,0,,
2026-03-22T01:19:57Z,app.bsky.actor.getProfiles,200,148.488,0,,
2026-03-22T01:19:57Z,app.bsky.actor.getProfiles,200,194.317,0,,
2026-03-22T01:19:57Z,app.bsky.actor.getProfiles,200,97.045,0,,
2026-03-22T01:19:58Z,app.bsky.actor.getProfiles,200,92.456,0,,
2026-03-22T01:19:58Z,app.bsky.actor.getProfiles,200,131.431,0,,
2026-03-22T01:19:58Z,app.bsky.actor.getProfiles,200,199.788,0,,
2026-03-22T01:19:58Z,app.bsky.actor.getProfiles,200,94.767,0,,
2026-03-22T01:19:58Z,app.bsky.actor.getProfiles,200,101.207,0,,
2026-03-22T01:19:58Z,app.bsky.actor.getProfiles,200,116.618,0,,
2026-03-22T01:19:58Z,app.bsky.actor.getProfiles,200,87.944,0,,
2026-03-22T01:19:58Z,app.bsky.actor.getProfiles,200,108.671,0,,
2026-03-22T01:19:59Z,app.bsky.actor.getProfiles,200,92.29,0,,
2026-03-22T01:19:59Z,app.bsky.actor.getProfiles,200,105.046,0,,
2026-03-22T01:19:59Z,app.bsky.actor.getProfiles,200,123.601,0,,
2026-03-22T01:19:59Z,app.bsky.actor.getProfiles,200,96.586,0,,
2026-03-22T01:19:59Z,app.bsky.actor.getProfiles,200,182.573,0,,
2026-03-22T01:19:59Z,app.bsky.actor.getProfiles,200,234.053,0,,
2026-03-22T01:19:59Z,app.bsky.actor.getProfiles,200,96.91,0,,
2026-03-22T01:19:59Z,app.bsky.actor.getProfiles,200,185.987,0,,
2026-03-22T01:20:00Z,app.bsky.actor.getProfiles,200,82.649,0,,
2026-03-22T01:20:00Z,app.bsky.actor.getProfiles,200,126.102,0,,
2026-03-22T01:20:00Z,app.bsky.actor.getProfiles,200,97.786,0,,
2026-03-22T01:20:00Z,app.bsky.actor.getProfiles,200,96.734,0,,
2026-03-22T01:20:00Z,app.bsky.actor.getProfiles,200,99.362,0,,
2026-03-22T01:20:00Z,app.bsky.actor.getProfiles,200,94.939,0,,
2026-03-22T01:20:00Z,app.bsky.actor.getProfiles,200,130.528,0,,
2026-03-22T01:20:00Z,app.bsky.actor.getProfiles,200,99.062,0,,
2026-03-22T01:20:00Z,app.bsky.actor.getProfiles,200,97.566,0,,
2026-03-22T01:20:01Z,app.bsky.actor.getProfiles,200,103.148,0,,
2026-03-22T01:20:01Z,app.bsky.actor.getProfiles,200,101.353,0,,
2026-03-22T01:20:01Z,app.bsky.actor.getProfiles,200,121.436,0,,
2026-03-22T01:20:01Z,app.bsky.actor.getProfiles,200,182.121,0,,
2026-03-22T01:20:01Z,app.bsky.actor.getProfiles,200,93.95,0,,
2026-03-22T01:20:01Z,app.bsky.actor.getProfiles,200,103.015,0,,
2026-03-22T01:20:01Z,app.bsky.actor.getProfiles,200,91.056,0,,
2026-03-22T01:20:02Z,app.bsky.actor.getProfiles,200,108.152,0,,
2026-03-22T01:20:02Z,app.bsky.actor.getProfiles,200,157.182,0,,
2026-03-22T01:20:02Z,app.bsky.actor.getProfiles,200,161.578,0,,
2026-03-22T01:20:02Z,app.bsky.actor.getProfiles,200,170.431,0,,
2026-03-22T01:20:02Z,app.bsky.actor.getProfiles,200,93.326,0,,
2026-03-22T01:20:02Z,app.bsky.actor.getProfiles,200,105.78,0,,
2026-03-22T01:20:02Z,app.bsky.actor.getProfiles,200,112.334,0,,
2026-03-22T01:20:03Z,app.bsky.actor.getProfiles,200,189.803,0,,
2026-03-22T01:20:03Z,app.bsky.actor.getProfiles,200,91.052,0,,
2026-03-22T01:20:03Z,app.bsky.actor.getProfiles,200,123.663,0,,
2026-03-22T01:20:03Z,app.bsky.actor.getProfiles,200,188.548,0,,
2026-03-22T01:20:03Z,app.bsky.actor.getProfiles,200,89.486,0,,
2026-03-22T01:20:03Z,app.bsky.actor.getProfiles,200,93.597,0,,
2026-03-22T01:20:03Z,app.bsky.actor.getProfiles,200,127.143,0,,
2026-03-22T01:20:04Z,app.bsky.actor.getProfiles,200,96.193,0,,
2026-03-22T01:20:04Z,app.bsky.actor.getProfiles,200,179.54,0,,
2026-03-22T01:20:04Z,app.bsky.actor.getProfiles,200,159.897,0,,
2026-03-22T01:20:04Z,app.bsky.actor.getProfiles,200,195.31,0,,
2026-03-22T01:20:04Z,app.bsky.actor.getProfiles,200,98.708,0,,
2026-03-22T01:20:04Z,app.bsky.actor.getProfiles,200,97.857,0,,
2026-03-22T01:20:04Z,app.bsky.actor.getProfiles,200,101.737,0,,
2026-03-22T01:20:05Z,app.bsky.actor.getProfiles,200,181.991,0,,
2026-03-22T01:20:05Z,app.bsky.actor.getProfiles,200,104.677,0,,
2026-03-22T01:20:05Z,app.bsky.actor.getProfiles,200,160.728,0,,
2026-03-22T01:20:05Z,app.bsky.actor.getProfiles,200,189.916,0,,
2026-03-22T01:20:05Z,app.bsky.actor.getProfiles,200,107.141,0,,
2026-03-22T01:20:05Z,app.bsky.actor.getProfiles,200,95.113,0,,
2026-03-22T01:20:06Z,app.bsky.actor.getProfiles,200,113.628,0,,
2026-03-22T01:20:06Z,app.bsky.actor.getProfiles,200,171.895,0,,
2026-03-22T01:20:06Z,app.bsky.actor.getProfiles,200,92.871,0,,
2026-03-22T01:20:06Z,app.bsky.actor.getProfiles,200,168.769,0,,
2026-03-22T01:20:06Z,app.bsky.actor.getProfiles,200,185.094,0,,
2026-03-22T01:20:06Z,app.bsky.actor.getProfiles,200,94.99,0,,
2026-03-22T01:20:06Z,app.bsky.actor.getProfiles,200,103.045,0,,
2026-03-22T01:20:07Z,app.bsky.actor.getProfiles,200,115.755,0,,
2026-03-22T01:20:07Z,app.bsky.actor.getProfiles,200,180.585,0,,
2026-03-22T01:20:07Z,app.bsky.actor.getProfiles,200,93.109,0,,
2026-03-22T01:20:07Z,app.bsky.actor.getProfiles,200,98.117,0,,
2026-03-22T01:20:07Z,app.bsky.actor.getProfiles,200,131.407,0,,
2026-03-22T01:20:07Z,app.bsky.actor.getProfiles,200,181.432,0,,
2026-03-22T01:20:07Z,app.bsky.actor.getProfiles,200,101.91,0,,
2026-03-22T01:20:08Z,app.bsky.actor.getProfiles,200,93.354,0,,
2026-03-22T01:20:08Z,app.bsky.actor.getProfiles,200,112.718,0,,
2026-03-22T01:20:08Z,app.bsky.actor.getProfiles,200,103.179,0,,
2026-03-22T01:20:08Z,app.bsky.actor.getProfiles,200,93.556,0,,
2026-03-22T01:20:08Z,app.bsky.actor.getProfiles,200,95.581,0,,
2026-03-22T01:20:08Z,app.bsky.actor.getProfiles,200,170.344,0,,
2026-03-22T01:20:08Z,app.bsky.actor.getProfiles,200,91.549,0,,
2026-03-22T01:20:08Z,app.bsky.actor.getProfiles,200,105.213,0,,
2026-03-22T01:20:08Z,app.bsky.actor.getProfiles,200,91.848,0,,
2026-03-22T01:20:09Z,app.bsky.actor.getProfiles,200,93.026,0,,
2026-03-22T01:20:09Z,app.bsky.actor.getProfiles,200,186.334,0,,
2026-03-22T01:20:09Z,app.bsky.actor.getProfiles,200,93.023,0,,
2026-03-22T01:20:09Z,app.bsky.actor.getProfiles,200,98.193,0,,
2026-03-22T01:20:09Z,app.bsky.actor.getProfiles,200,96.09,0,,
2026-03-22T01:20:09Z,app.bsky.actor.getProfiles,200,131.463,0,,
2026-03-22T01:20:09Z,app.bsky.actor.getProfiles,200,134.672,0,,
2026-03-22T01:20:09Z,app.bsky.actor.getProfiles,200,98.652,0,,
2026-03-22T01:20:10Z,app.bsky.actor.getProfiles,200,94.893,0,,
2026-03-22T01:20:10Z,app.bsky.actor.getProfiles,200,170.31,0,,
2026-03-22T01:20:10Z,app.bsky.actor.getProfiles,200,106.699,0,,
2026-03-22T01:20:10Z,app.bsky.actor.getProfiles,200,102.319,0,,
2026-03-22T01:20:10Z,app.bsky.actor.getProfiles,200,90.029,0,,
2026-03-22T01:20:10Z,app.bsky.actor.getProfiles,200,97.085,0,,
2026-03-22T01:20:10Z,app.bsky.actor.getProfiles,200,176.269,0,,
2026-03-22T01:20:10Z,app.bsky.actor.getProfiles,200,159.306,0,,
2026-03-22T01:20:11Z,app.bsky.actor.getProfiles,200,280.405,0,,
2026-03-22T01:20:11Z,app.bsky.actor.getProfiles,200,93.694,0,,
2026-03-22T01:20:11Z,app.bsky.actor.getProfiles,200,93.736,0,,
2026-03-22T01:20:11Z,app.bsky.actor.getProfiles,200,94.374,0,,
2026-03-22T01:20:11Z,app.bsky.actor.getProfiles,200,152.686,0,,
2026-03-22T01:20:11Z,app.bsky.actor.getProfiles,200,94.068,0,,
2026-03-22T01:20:12Z,app.bsky.actor.getProfiles,200,103.048,0,,
2026-03-22T01:20:12Z,app.bsky.actor.getProfiles,200,92.267,0,,
2026-03-22T01:20:12Z,app.bsky.actor.getProfiles,200,99.5,0,,
2026-03-22T01:20:12Z,app.bsky.actor.getProfiles,200,124.851,0,,
2026-03-22T01:20:12Z,app.bsky.actor.getProfiles,200,93.634,0,,
2026-03-22T01:20:12Z,app.bsky.actor.getProfiles,200,98.279,0,,
2026-03-22T01:20:12Z,app.bsky.actor.getProfiles,200,99.082,0,,
2026-03-22T01:20:12Z,app.bsky.actor.getProfiles,200,91.072,0,,
2026-03-22T01:20:12Z,app.bsky.actor.getProfiles,200,104.368,0,,
2026-03-22T01:20:12Z,app.bsky.actor.getProfiles,200,101.114,0,,
2026-03-22T01:20:13Z,app.bsky.actor.getProfiles,200,102.136,0,,
2026-03-22T01:20:13Z,app.bsky.actor.getProfiles,200,97.808,0,,
2026-03-22T01:20:13Z,app.bsky.actor.getProfiles,200,93.192,0,,
2026-03-22T01:20:13Z,app.bsky.actor.getProfiles,200,107.771,0,,
2026-03-22T01:20:13Z,app.bsky.actor.getProfiles,200,94.376,0,,
2026-03-22T01:20:13Z,app.bsky.actor.getProfiles,200,108.4,0,,
2026-03-22T01:20:13Z,app.bsky.actor.getProfiles,200,93.889,0,,
2026-03-22T01:20:13Z,app.bsky.actor.getProfiles,200,97.899,0,,
2026-03-22T01:20:13Z,app.bsky.actor.getProfiles,200,102.644,0,,
2026-03-22T01:20:14Z,app.bsky.actor.getProfiles,200,106.168,0,,
2026-03-22T01:20:14Z,app.bsky.actor.getProfiles,200,96.949,0,,
2026-03-22T01:20:14Z,app.bsky.actor.getProfiles,200,91.609,0,,
2026-03-22T01:20:14Z,app.bsky.actor.getProfiles,200,157.025,0,,
2026-03-22T01:20:14Z,app.bsky.actor.getProfiles,200,112.332,0,,
2026-03-22T01:20:14Z,app.bsky.actor.getProfiles,200,94.894,0,,
2026-03-22T01:20:14Z,app.bsky.actor.getProfiles,200,98.536,0,,
2026-03-22T01:20:14Z,app.bsky.actor.getProfiles,200,93.381,0,,
2026-03-22T01:20:14Z,app.bsky.actor.getProfiles,200,106.492,0,,
2026-03-22T01:20:15Z,app.bsky.actor.getProfiles,200,93.868,0,,
2026-03-22T01:20:15Z,app.bsky.actor.getProfiles,200,99.153,0,,
2026-03-22T01:20:15Z,app.bsky.actor.getProfiles,200,97.422,0,,
2026-03-22T01:20:15Z,app.bsky.actor.getProfiles,200,100.854,0,,
2026-03-22T01:20:15Z,app.bsky.actor.getProfiles,200,105.843,0,,
2026-03-22T01:20:15Z,app.bsky.actor.getProfiles,200,99.442,0,,
2026-03-22T01:20:15Z,app.bsky.actor.getProfiles,200,97.019,0,,
2026-03-22T01:20:15Z,app.bsky.actor.getProfiles,200,181.05,0,,
2026-03-22T01:20:15Z,app.bsky.actor.getProfiles,200,122.457,0,,
2026-03-22T01:20:16Z,app.bsky.actor.getProfiles,200,92.712,0,,
2026-03-22T01:20:16Z,app.bsky.actor.getProfiles,200,99.542,0,,
2026-03-22T01:20:16Z,app.bsky.actor.getProfiles,200,89.934,0,,
2026-03-22T01:20:16Z,app.bsky.actor.getProfiles,200,102.834,0,,
2026-03-22T01:20:16Z,app.bsky.actor.getProfiles,200,104.309,0,,
2026-03-22T01:20:16Z,app.bsky.actor.getProfiles,200,102.803,0,,
2026-03-22T01:20:16Z,app.bsky.actor.getProfiles,200,108.345,0,,
2026-03-22T01:20:16Z,app.bsky.actor.getProfiles,200,99.207,0,,
2026-03-22T01:20:16Z,app.bsky.actor.getProfiles,200,186.64,0,,
2026-03-22T01:20:17Z,app.bsky.actor.getProfiles,200,93.799,0,,
2026-03-22T01:20:17Z,app.bsky.actor.getProfiles,200,100.012,0,,
2026-03-22T01:20:17Z,app.bsky.actor.getProfiles,200,96.213,0,,
2026-03-22T01:20:17Z,app.bsky.actor.getProfiles,200,92.586,0,,
2026-03-22T04:20:00Z,app.bsky.actor.getProfiles,200,334.135,0,,
2026-03-22T04:20:01Z,app.bsky.actor.getProfiles,200,97.753,0,,
2026-03-22T04:20:01Z,app.bsky.actor.getProfiles,200,99.262,0,,
2026-03-22T04:20:01Z,app.bsky.actor.getProfiles,200,122.007,0,,
2026-03-22T04:20:01Z,app.bsky.actor.getProfiles,200,157.124,0,,
2026-03-22T04:20:01Z,app.bsky.actor.getProfiles,200,96.132,0,,
2026-03-22T04:20:01Z,app.bsky.actor.getProfiles,200,93.592,0,,
2026-03-22T04:20:01Z,app.bsky.actor.getProfiles,200,182.851,0,,
2026-03-22T04:20:02Z,app.bsky.actor.getProfiles,200,97.002,0,,
2026-03-22T04:20:02Z,app.bsky.actor.getProfiles,200,91.361,0,,
2026-03-22T04:20:02Z,app.bsky.actor.getProfiles,200,96.185,0,,
2026-03-22T04:20:02Z,app.bsky.actor.getProfiles,200,96.477,0,,
2026-03-22T04:20:02Z,app.bsky.actor.getProfiles,200,135.015,0,,
2026-03-22T04:20:02Z,app.bsky.actor.getProfiles,200,100.885,0,,
2026-03-22T04:20:02Z,app.bsky.actor.getProfiles,200,98.801,0,,
2026-03-22T04:20:02Z,app.bsky.actor.getProfiles,200,95.63,0,,
2026-03-22T04:20:02Z,app.bsky.actor.getProfiles,200,88.59,0,,
2026-03-22T04:20:02Z,app.bsky.actor.getProfiles,200,182.495,0,,
2026-03-22T04:20:03Z,app.bsky.actor.getProfiles,200,92.34,0,,
2026-03-22T04:20:03Z,app.bsky.actor.getProfiles,200,99.35,0,,
2026-03-22T04:20:03Z,app.bsky.actor.getProfiles,200,98.435,0,,
2026-03-22T04:20:03Z,app.bsky.actor.getProfiles,200,136.385,0,,
2026-03-22T04:20:03Z,app.bsky.actor.getProfiles,200,93.31,0,,
2026-03-22T04:20:03Z,app.bsky.actor.getProfiles,200,94.819,0,,
2026-03-22T04:20:03Z,app.bsky.actor.getProfiles,200,94.97,0,,
2026-03-22T04:20:03Z,app.bsky.actor.getProfiles,200,95.978,0,,
2026-03-22T04:20:03Z,app.bsky.actor.getProfiles,200,151.002,0,,
2026-03-22T04:20:04Z,app.bsky.actor.getProfiles,200,96.286,0,,
2026-03-22T04:20:04Z,app.bsky.actor.getProfiles,200,89.533,0,,
2026-03-22T04:20:04Z,app.bsky.actor.getProfiles,200,97.562,0,,
2026-03-22T04:20:04Z,app.bsky.actor.getProfiles,200,99.966,0,,
2026-03-22T04:20:04Z,app.bsky.actor.getProfiles,200,110.94,0,,
2026-03-22T04:20:04Z,app.bsky.actor.getProfiles,200,90.255,0,,
2026-03-22T04:20:04Z,app.bsky.actor.getProfiles,200,93.744,0,,
2026-03-22T04:20:04Z,app.bsky.actor.getProfiles,200,97.402,0,,
2026-03-22T04:20:05Z,app.bsky.actor.getProfiles,200,154.316,0,,
2026-03-22T04:20:05Z,app.bsky.actor.getProfiles,200,96.046,0,,
2026-03-22T04:20:05Z,app.bsky.actor.getProfiles,200,97.764,0,,
2026-03-22T04:20:05Z,app.bsky.actor.getProfiles,200,93.963,0,,
2026-03-22T04:20:05Z,app.bsky.actor.getProfiles,200,100.531,0,,
2026-03-22T04:20:05Z,app.bsky.actor.getProfiles,200,129.413,0,,
2026-03-22T04:20:05Z,app.bsky.actor.getProfiles,200,97.808,0,,
2026-03-22T04:20:05Z,app.bsky.actor.getProfiles,200,87.616,0,,
2026-03-22T04:20:05Z,app.bsky.actor.getProfiles,200,94.787,0,,
2026-03-22T04:20:05Z,app.bsky.actor.getProfiles,200,94.406,0,,
2026-03-22T04:20:06Z,app.bsky.actor.getProfiles,200,149.335,0,,
2026-03-22T04:20:06Z,app.bsky.actor.getProfiles,200,99.865,0,,
2026-03-22T04:20:06Z,app.bsky.actor.getProfiles,200,98.542,0,,
2026-03-22T04:20:06Z,app.bsky.actor.getProfiles,200,87.947,0,,
2026-03-22T04:20:06Z,app.bsky.actor.getProfiles,200,96.486,0,,
2026-03-22T04:20:06Z,app.bsky.actor.getProfiles,200,116.578,0,,
2026-03-22T04:20:06Z,app.bsky.actor.getProfiles,200,95.833,0,,
2026-03-22T04:20:06Z,app.bsky.actor.getProfiles,200,94.484,0,,
2026-03-22T04:20:06Z,app.bsky.actor.getProfiles,200,96.25,0,,
2026-03-22T04:20:07Z,app.bsky.actor.getProfiles,200,98.493,0,,
2026-03-22T04:20:07Z,app.bsky.actor.getProfiles,200,137.998,0,,
2026-03-22T04:20:07Z,app.bsky.actor.getProfiles,200,120.356,0,,
2026-03-22T04:20:07Z,app.bsky.actor.getProfiles,200,89.318,0,,
2026-03-22T04:20:07Z,app.bsky.actor.getProfiles,200,99.829,0,,
2026-03-22T04:20:07Z,app.bsky.actor.getProfiles,200,93.282,0,,
2026-03-22T04:20:07Z,app.bsky.actor.getProfiles,200,115.597,0,,
2026-03-22T04:20:07Z,app.bsky.actor.getProfiles,200,94.715,0,,
2026-03-22T04:20:07Z,app.bsky.actor.getProfiles,200,97.55,0,,
2026-03-22T04:20:07Z,app.bsky.actor.getProfiles,200,94.926,0,,
2026-03-22T04:20:08Z,app.bsky.actor.getProfiles,200,95.429,0,,
2026-03-22T04:20:08Z,app.bsky.actor.getProfiles,200,134.842,0,,
2026-03-22T04:20:08Z,app.bsky.actor.getProfiles,200,109.701,0,,
2026-03-22T04:20:08Z,app.bsky.actor.getProfiles,200,90.642,0,,
2026-03-22T04:20:08Z,app.bsky.actor.getProfiles,200,101.28,0,,
2026-03-22T04:20:08Z,app.bsky.actor.getProfiles,200,96.282,0,,
2026-03-22T04:20:08Z,app.bsky.actor.getProfiles,200,115.524,0,,
2026-03-22T04:20:08Z,app.bsky.actor.getProfiles,200,99.054,0,,
2026-03-22T04:20:08Z,app.bsky.actor.getProfiles,200,85.435,0,,
2026-03-22T04:20:09Z,app.bsky.actor.getProfiles,200,87.475,0,,
2026-03-22T04:20:09Z,app.bsky.actor.getProfiles,200,87.898,0,,
2026-03-22T04:20:09Z,app.bsky.actor.getProfiles,200,149.188,0,,
2026-03-22T04:20:09Z,app.bsky.actor.getProfiles,200,92.663,0,,
2026-03-22T04:20:09Z,app.bsky.actor.getProfiles,200,86.288,0,,
2026-03-22T04:20:09Z,app.bsky.actor.getProfiles,200,108.085,0,,
2026-03-22T04:20:09Z,app.bsky.actor.getProfiles,200,154.668,0,,
2026-03-22T04:20:09Z,app.bsky.actor.getProfiles,200,89.311,0,,
2026-03-22T04:20:09Z,app.bsky.actor.getProfiles,200,95.35,0,,
2026-03-22T04:20:10Z,app.bsky.actor.getProfiles,200,88.94,0,,
2026-03-22T04:20:10Z,app.bsky.actor.getProfiles,200,91.744,0,,
2026-03-22T04:20:10Z,app.bsky.actor.getProfiles,200,154.102,0,,
2026-03-22T04:20:10Z,app.bsky.actor.getProfiles,200,94.522,0,,
2026-03-22T04:20:10Z,app.bsky.actor.getProfiles,200,95.591,0,,
2026-03-22T04:20:10Z,app.bsky.actor.getProfiles,200,91.989,0,,
2026-03-22T04:20:10Z,app.bsky.actor.getProfiles,200,97.89,0,,
2026-03-22T04:20:10Z,app.bsky.actor.getProfiles,200,133.72,0,,
2026-03-22T04:20:10Z,app.bsky.actor.getProfiles,200,98.254,0,,
2026-03-22T04:20:11Z,app.bsky.actor.getProfiles,200,96.54,0,,
2026-03-22T04:20:11Z,app.bsky.actor.getProfiles,200,93.18,0,,
2026-03-22T04:20:11Z,app.bsky.actor.getProfiles,200,104.405,0,,
2026-03-22T04:20:11Z,app.bsky.actor.getProfiles,200,133.906,0,,
2026-03-22T04:20:11Z,app.bsky.actor.getProfiles,200,95.759,0,,
2026-03-22T04:20:11Z,app.bsky.actor.getProfiles,200,96.685,0,,
2026-03-22T04:20:11Z,app.bsky.actor.getProfiles,200,101.114,0,,
2026-03-22T04:20:11Z,app.bsky.actor.getProfiles,200,96.902,0,,
2026-03-22T04:20:11Z,app.bsky.actor.getProfiles,200,104.184,0,,
2026-03-22T04:20:11Z,app.bsky.actor.getProfiles,200,102.34,0,,
2026-03-22T04:20:12Z,app.bsky.actor.getProfiles,200,96.503,0,,
2026-03-22T04:20:12Z,app.bsky.actor.getProfiles,200,97.732,0,,
2026-03-22T04:20:12Z,app.bsky.actor.getProfiles,200,126.405,0,,
2026-03-22T04:20:12Z,app.bsky.actor.getProfiles,200,90.366,0,,
2026-03-22T04:20:12Z,app.bsky.actor.getProfiles,200,94.485,0,,
2026-03-22T04:20:12Z,app.bsky.actor.getProfiles,200,99.928,0,,
2026-03-22T04:20:12Z,app.bsky.actor.getProfiles,200,88.794,0,,
2026-03-22T04:20:12Z,app.bsky.actor.getProfiles,200,152.561,0,,
2026-03-22T04:20:13Z,app.bsky.actor.getProfiles,200,97.749,0,,
2026-03-22T04:20:13Z,app.bsky.actor.getProfiles,200,91.911,0,,
2026-03-22T04:20:13Z,app.bsky.actor.getProfiles,200,94.155,0,,
2026-03-22T04:20:13Z,app.bsky.actor.getProfiles,200,87.481,0,,
2026-03-22T04:20:13Z,app.bsky.actor.getProfiles,200,133.673,0,,
2026-03-22T04:20:13Z,app.bsky.actor.getProfiles,200,113.864,0,,
2026-03-22T04:20:13Z,app.bsky.actor.getProfiles,200,102.135,0,,
2026-03-22T04:20:13Z,app.bsky.actor.getProfiles,200,98.045,0,,
2026-03-22T04:20:13Z,app.bsky.actor.getProfiles,200,211.075,0,,
2026-03-22T04:20:14Z,app.bsky.actor.getProfiles,200,104.442,0,,
2026-03-22T04:20:14Z,app.bsky.actor.getProfiles,200,100.23,0,,
2026-03-22T04:20:14Z,app.bsky.actor.getProfiles,200,90.472,0,,
2026-03-22T04:20:14Z,app.bsky.actor.getProfiles,200,193.343,0,,
2026-03-22T04:20:14Z,app.bsky.actor.getProfiles,200,97.45,0,,
2026-03-22T04:20:14Z,app.bsky.actor.getProfiles,200,96.331,0,,
2026-03-22T04:20:14Z,app.bsky.actor.getProfiles,200,91.659,0,,
2026-03-22T04:20:14Z,app.bsky.actor.getProfiles,200,90.186,0,,
2026-03-22T04:20:15Z,app.bsky.actor.getProfiles,200,114.684,0,,
2026-03-22T04:20:15Z,app.bsky.actor.getProfiles,200,102.397,0,,
2026-03-22T04:20:15Z,app.bsky.actor.getProfiles,200,98.476,0,,
2026-03-22T04:20:15Z,app.bsky.actor.getProfiles,200,95.59,0,,
2026-03-22T04:20:15Z,app.bsky.actor.getProfiles,200,94.344,0,,
2026-03-22T04:20:15Z,app.bsky.actor.getProfiles,200,181.708,0,,
2026-03-22T04:20:15Z,app.bsky.actor.getProfiles,200,97.423,0,,
2026-03-22T04:20:15Z,app.bsky.actor.getProfiles,200,88.237,0,,
2026-03-22T04:20:16Z,app.bsky.actor.getProfiles,200,176.594,0,,
2026-03-22T04:20:16Z,app.bsky.actor.getProfiles,200,100.59,0,,
2026-03-22T04:20:16Z,app.bsky.actor.getProfiles,200,97.831,0,,
2026-03-22T04:20:16Z,app.bsky.actor.getProfiles,200,96.815,0,,
2026-03-22T04:20:16Z,app.bsky.actor.getProfiles,200,203.844,0,,
2026-03-22T04:20:16Z,app.bsky.actor.getProfiles,200,108.482,0,,
2026-03-22T04:20:16Z,app.bsky.actor.getProfiles,200,104.255,0,,
2026-03-22T04:20:16Z,app.bsky.actor.getProfiles,200,89.809,0,,
2026-03-22T04:20:17Z,app.bsky.actor.getProfiles,200,176.008,0,,
2026-03-22T04:20:17Z,app.bsky.actor.getProfiles,200,107.157,0,,
2026-03-22T04:20:17Z,app.bsky.actor.getProfiles,200,102.186,0,,
2026-03-22T04:20:17Z,app.bsky.actor.getProfiles,200,104.182,0,,
2026-03-22T04:20:17Z,app.bsky.actor.getProfiles,200,167.187,0,,
2026-03-22T04:20:17Z,app.bsky.actor.getProfiles,200,156.852,0,,
2026-03-22T04:20:17Z,app.bsky.actor.getProfiles,200,102.9,0,,
2026-03-22T04:20:18Z,app.bsky.actor.getProfiles,200,97.507,0,,
2026-03-22T04:20:18Z,app.bsky.actor.getProfiles,200,138.139,0,,
2026-03-22T04:20:18Z,app.bsky.actor.getProfiles,200,101.926,0,,
2026-03-22T04:20:18Z,app.bsky.actor.getProfiles,200,88.445,0,,
2026-03-22T04:20:18Z,app.bsky.actor.getProfiles,200,106.872,0,,
2026-03-22T04:20:18Z,app.bsky.actor.getProfiles,200,128.677,0,,
2026-03-22T04:20:18Z,app.bsky.actor.getProfiles,200,100.875,0,,
2026-03-22T04:20:18Z,app.bsky.actor.getProfiles,200,101.582,0,,
2026-03-22T04:20:19Z,app.bsky.actor.getProfiles,200,96.19,0,,
2026-03-22T04:20:19Z,app.bsky.actor.getProfiles,200,93.889,0,,
2026-03-22T04:20:19Z,app.bsky.actor.getProfiles,200,108.81,0,,
2026-03-22T04:20:19Z,app.bsky.actor.getProfiles,200,108.35,0,,
2026-03-22T04:20:19Z,app.bsky.actor.getProfiles,200,95.061,0,,
2026-03-22T04:20:19Z,app.bsky.actor.getProfiles,200,94.68,0,,
2026-03-22T04:20:19Z,app.bsky.actor.getProfiles,200,202.451,0,,
2026-03-22T04:20:19Z,app.bsky.actor.getProfiles,200,101.964,0,,
2026-03-22T04:20:19Z,app.bsky.actor.getProfiles,200,94.093,0,,
2026-03-22T04:20:20Z,app.bsky.actor.getProfiles,200,101.372,0,,
2026-03-22T04:20:20Z,app.bsky.actor.getProfiles,200,187.823,0,,
2026-03-22T04:20:20Z,app.bsky.actor.getProfiles,200,105.703,0,,
2026-03-22T04:20:20Z,app.bsky.actor.getProfiles,200,92.721,0,,
2026-03-22T04:20:20Z,app.bsky.actor.getProfiles,200,106.208,0,,
2026-03-22T04:20:20Z,app.bsky.actor.getProfiles,200,117.132,0,,
2026-03-22T04:20:20Z,app.bsky.actor.getProfiles,200,96.694,0,,
2026-03-22T04:20:21Z,app.bsky.actor.getProfiles,200,96.592,0,,
2026-03-22T04:20:21Z,app.bsky.actor.getProfiles,200,90.522,0,,
2026-03-22T04:20:21Z,app.bsky.actor.getProfiles,200,97.886,0,,
2026-03-22T04:20:21Z,app.bsky.actor.getProfiles,200,110.138,0,,
2026-03-22T04:20:21Z,app.bsky.actor.getProfiles,200,100.575,0,,
2026-03-22T04:20:21Z,app.bsky.actor.getProfiles,200,91.412,0,,
2026-03-22T04:20:21Z,app.bsky.actor.getProfiles,200,102.828,0,,
2026-03-22T04:20:21Z,app.bsky.actor.getProfiles,200,99.285,0,,
2026-03-22T04:20:21Z,app.bsky.actor.getProfiles,200,106.75,0,,
2026-03-22T04:20:21Z,app.bsky.actor.getProfiles,200,115.033,0,,
2026-03-22T04:20:22Z,app.bsky.actor.getProfiles,200,94.801,0,,
2026-03-22T04:20:22Z,app.bsky.actor.getProfiles,200,107.331,0,,
2026-03-22T04:20:22Z,app.bsky.actor.getProfiles,200,183.148,0,,
2026-03-22T04:20:22Z,app.bsky.actor.getProfiles,200,104.62,0,,
2026-03-22T04:20:22Z,app.bsky.actor.getProfiles,200,100.832,0,,
2026-03-22T04:20:22Z,app.bsky.actor.getProfiles,200,97.464,0,,
2026-03-22T04:20:22Z,app.bsky.actor.getProfiles,200,193.307,0,,
2026-03-22T04:20:23Z,app.bsky.actor.getProfiles,200,100.185,0,,
2026-03-22T04:20:23Z,app.bsky.actor.getProfiles,200,101.208,0,,
2026-03-22T04:20:23Z,app.bsky.actor.getProfiles,200,101.909,0,,
2026-03-22T04:20:23Z,app.bsky.actor.getProfiles,200,92.746,0,,
2026-03-22T04:20:23Z,app.bsky.actor.getProfiles,200,183.214,0,,
2026-03-22T04:20:23Z,app.bsky.actor.getProfiles,200,90.301,0,,
2026-03-22T04:20:23Z,app.bsky.actor.getProfiles,200,103.229,0,,
2026-03-22T04:20:23Z,app.bsky.actor.getProfiles,200,94.206,0,,
2026-03-22T04:20:23Z,app.bsky.actor.getProfiles,200,126.628,0,,
2026-03-22T04:20:24Z,app.bsky.actor.getProfiles,200,101.719,0,,
2026-03-22T04:20:24Z,app.bsky.actor.getProfiles,200,105.053,0,,
2026-03-22T04:20:24Z,app.bsky.actor.getProfiles,200,97.298,0,,
2026-03-22T04:20:24Z,app.bsky.actor.getProfiles,200,193.94,0,,
2026-03-22T04:20:24Z,app.bsky.actor.getProfiles,200,109.033,0,,
2026-03-22T04:20:24Z,app.bsky.actor.getProfiles,200,103.667,0,,
2026-03-22T04:20:24Z,app.bsky.actor.getProfiles,200,98.871,0,,
2026-03-22T04:20:24Z,app.bsky.actor.getProfiles,200,181.461,0,,
2026-03-22T04:20:25Z,app.bsky.actor.getProfiles,200,91.167,0,,
2026-03-22T04:20:25Z,app.bsky.actor.getProfiles,200,97.45,0,,
2026-03-22T04:20:25Z,app.bsky.actor.getProfiles,200,91.725,0,,
2026-03-22T04:20:25Z,app.bsky.actor.getProfiles,200,189.939,0,,
2026-03-22T04:20:25Z,app.bsky.actor.getProfiles,200,96.842,0,,
2026-03-22T04:20:25Z,app.bsky.actor.getProfiles,200,95.194,0,,
2026-03-22T04:20:25Z,app.bsky.actor.getProfiles,200,94.464,0,,
2026-03-22T04:20:25Z,app.bsky.actor.getProfiles,200,94.067,0,,
2026-03-22T04:20:26Z,app.bsky.actor.getProfiles,200,108.751,0,,
2026-03-22T04:20:26Z,app.bsky.actor.getProfiles,200,101.483,0,,
2026-03-22T04:20:26Z,app.bsky.actor.getProfiles,200,105.949,0,,
2026-03-22T04:20:26Z,app.bsky.actor.getProfiles,200,93.955,0,,
2026-03-22T04:20:26Z,app.bsky.actor.getProfiles,200,185.047,0,,
2026-03-22T04:20:26Z,app.bsky.actor.getProfiles,200,93.134,0,,
2026-03-22T04:20:26Z,app.bsky.actor.getProfiles,200,106.471,0,,
2026-03-22T04:20:26Z,app.bsky.actor.getProfiles,200,91.831,0,,
2026-03-22T04:20:26Z,app.bsky.actor.getProfiles,200,198.507,0,,
2026-03-22T04:20:27Z,app.bsky.actor.getProfiles,200,97.771,0,,
2026-03-22T04:20:27Z,app.bsky.actor.getProfiles,200,90.973,0,,
2026-03-22T04:20:27Z,app.bsky.actor.getProfiles,200,90.054,0,,
2026-03-22T04:20:27Z,app.bsky.actor.getProfiles,200,99.286,0,,
2026-03-22T04:20:27Z,app.bsky.actor.getProfiles,200,183.845,0,,
2026-03-22T04:20:27Z,app.bsky.actor.getProfiles,200,103.412,0,,
2026-03-22T04:20:27Z,app.bsky.actor.getProfiles,200,105.545,0,,
2026-03-22T04:20:28Z,app.bsky.actor.getProfiles,200,92.137,0,,
2026-03-22T04:20:28Z,app.bsky.actor.getProfiles,200,115.661,0,,
2026-03-22T04:20:28Z,app.bsky.actor.getProfiles,200,103.089,0,,
2026-03-22T04:20:28Z,app.bsky.actor.getProfiles,200,99.326,0,,
2026-03-22T04:20:28Z,app.bsky.actor.getProfiles,200,95.921,0,,
2026-03-22T04:20:28Z,app.bsky.actor.getProfiles,200,95.873,0,,
2026-03-22T04:20:28Z,app.bsky.actor.getProfiles,200,107.843,0,,
2026-03-22T04:20:28Z,app.bsky.actor.getProfiles,200,98.92,0,,
2026-03-22T04:20:28Z,app.bsky.actor.getProfiles,200,102.429,0,,
2026-03-22T04:20:28Z,app.bsky.actor.getProfiles,200,100.319,0,,
2026-03-22T04:20:29Z,app.bsky.actor.getProfiles,200,94.142,0,,
2026-03-22T04:20:29Z,app.bsky.actor.getProfiles,200,182.96,0,,
2026-03-22T04:20:29Z,app.bsky.actor.getProfiles,200,99.432,0,,
2026-03-22T04:20:29Z,app.bsky.actor.getProfiles,200,100.913,0,,
2026-03-22T04:20:29Z,app.bsky.actor.getProfiles,200,94.458,0,,
2026-03-22T04:20:29Z,app.bsky.actor.getProfiles,200,130.623,0,,
2026-03-22T04:20:29Z,app.bsky.actor.getProfiles,200,91.248,0,,
2026-03-22T04:20:29Z,app.bsky.actor.getProfiles,200,91.544,0,,
2026-03-22T04:20:30Z,app.bsky.actor.getProfiles,200,91.241,0,,
2026-03-22T04:20:30Z,app.bsky.actor.getProfiles,200,114.407,0,,
2026-03-22T04:20:30Z,app.bsky.actor.getProfiles,200,96.749,0,,
2026-03-22T04:20:30Z,app.bsky.actor.getProfiles,200,98.29,0,,
2026-03-22T04:20:30Z,app.bsky.actor.getProfiles,200,95.027,0,,
2026-03-22T04:20:30Z,app.bsky.actor.getProfiles,200,92.071,0,,
2026-03-22T04:20:30Z,app.bsky.actor.getProfiles,200,108.467,0,,
2026-03-22T04:20:30Z,app.bsky.actor.getProfiles,200,97.616,0,,
2026-03-22T04:20:30Z,app.bsky.actor.getProfiles,200,96.514,0,,
2026-03-22T04:20:31Z,app.bsky.actor.getProfiles,200,93.631,0,,
2026-03-22T04:20:31Z,app.bsky.actor.getProfiles,200,94.859,0,,
2026-03-22T04:20:31Z,app.bsky.actor.getProfiles,200,188.038,0,,
2026-03-22T04:20:31Z,app.bsky.actor.getProfiles,200,91.816,0,,
2026-03-22T04:20:31Z,app.bsky.actor.getProfiles,200,98.345,0,,
2026-03-22T04:20:31Z,app.bsky.actor.getProfiles,200,93.071,0,,
2026-03-22T04:20:31Z,app.bsky.actor.getProfiles,200,133.363,0,,
2026-03-22T04:20:31Z,app.bsky.actor.getProfiles,200,97.413,0,,
2026-03-22T04:20:32Z,app.bsky.actor.getProfiles,200,95.618,0,,
2026-03-22T04:20:32Z,app.bsky.actor.getProfiles,200,177.703,0,,
2026-03-22T04:20:32Z,app.bsky.actor.getProfiles,200,97.177,0,,
2026-03-22T04:20:32Z,app.bsky.actor.getProfiles,200,101.451,0,,
2026-03-22T04:20:32Z,app.bsky.actor.getProfiles,200,96.486,0,,
2026-03-22T04:20:32Z,app.bsky.actor.getProfiles,200,101.844,0,,
2026-03-22T04:20:32Z,app.bsky.actor.getProfiles,200,183.061,0,,
2026-03-22T04:20:33Z,app.bsky.actor.getProfiles,200,93.523,0,,
2026-03-22T04:20:33Z,app.bsky.actor.getProfiles,200,94.185,0,,
2026-03-22T04:20:33Z,app.bsky.actor.getProfiles,200,99.374,0,,
2026-03-22T04:20:33Z,app.bsky.actor.getProfiles,200,127.517,0,,
2026-03-22T04:20:33Z,app.bsky.actor.getProfiles,200,104.905,0,,
2026-03-22T04:20:33Z,app.bsky.actor.getProfiles,200,94.915,0,,
2026-03-22T04:20:33Z,app.bsky.actor.getProfiles,200,108.921,0,,
2026-03-22T04:20:33Z,app.bsky.actor.getProfiles,200,93.129,0,,
2026-03-22T04:20:33Z,app.bsky.actor.getProfiles,200,104.12,0,,
2026-03-22T04:20:34Z,app.bsky.actor.getProfiles,200,100.61,0,,
2026-03-22T04:20:34Z,app.bsky.actor.getProfiles,200,100.678,0,,
2026-03-22T04:20:34Z,app.bsky.actor.getProfiles,200,99.788,0,,
2026-03-22T04:20:34Z,app.bsky.actor.getProfiles,200,160.039,0,,
2026-03-22T04:20:34Z,app.bsky.actor.getProfiles,200,96.652,0,,
2026-03-22T04:20:34Z,app.bsky.actor.getProfiles,200,100.39,0,,
2026-03-22T04:20:34Z,app.bsky.actor.getProfiles,200,101.874,0,,
2026-03-22T04:20:34Z,app.bsky.actor.getProfiles,200,115.105,0,,
2026-03-22T04:20:35Z,app.bsky.actor.getProfiles,200,97.987,0,,
2026-03-22T04:20:35Z,app.bsky.actor.getProfiles,200,103.221,0,,
2026-03-22T04:20:35Z,app.bsky.actor.getProfiles,200,99.11,0,,
2026-03-22T04:20:35Z,app.bsky.actor.getProfiles,200,106.65,0,,
2026-03-22T04:20:35Z,app.bsky.actor.getProfiles,200,178.929,0,,
2026-03-22T04:20:35Z,app.bsky.actor.getProfiles,200,91.807,0,,
2026-03-22T04:20:35Z,app.bsky.actor.getProfiles,200,89.331,0,,
2026-03-22T04:20:35Z,app.bsky.actor.getProfiles,200,161.067,0,,
2026-03-22T04:20:36Z,app.bsky.actor.getProfiles,200,97.49,0,,
2026-03-22T04:20:36Z,app.bsky.actor.getProfiles,200,96.66,0,,
2026-03-22T04:20:36Z,app.bsky.actor.getProfiles,200,94.44,0,,
2026-03-22T04:20:36Z,app.bsky.actor.getProfiles,200,98.84,0,,
2026-03-22T04:20:36Z,app.bsky.actor.getProfiles,200,114.417,0,,
2026-03-22T04:20:36Z,app.bsky.actor.getProfiles,200,98.181,0,,
2026-03-22T04:20:36Z,app.bsky.actor.getProfiles,200,99.2,0,,
2026-03-22T04:20:36Z,app.bsky.actor.getProfiles,200,98.539,0,,
2026-03-22T04:20:36Z,app.bsky.actor.getProfiles,200,189.622,0,,
2026-03-22T04:20:37Z,app.bsky.actor.getProfiles,200,101.725,0,,
2026-03-22T07:20:16Z,app.bsky.actor.getProfiles,200,161.144,0,,
2026-03-22T07:20:16Z,app.bsky.actor.getProfiles,200,147.112,0,,
2026-03-22T07:20:16Z,app.bsky.actor.getProfiles,200,98.191,0,,
2026-03-22T07:20:16Z,app.bsky.actor.getProfiles,200,87.858,0,,
2026-03-22T07:20:16Z,app.bsky.actor.getProfiles,200,94.911,0,,
2026-03-22T07:20:16Z,app.bsky.actor.getProfiles,200,107.307,0,,
2026-03-22T07:20:16Z,app.bsky.actor.getProfiles,200,132.405,0,,
2026-03-22T07:20:16Z,app.bsky.actor.getProfiles,200,94.379,0,,
2026-03-22T07:20:16Z,app.bsky.actor.getProfiles,200,94.765,0,,
2026-03-22T07:20:17Z,app.bsky.actor.getProfiles,200,92.706,0,,
2026-03-22T07:20:17Z,app.bsky.actor.getProfiles,200,92.952,0,,
2026-03-22T07:20:17Z,app.bsky.actor.getProfiles,200,141.65,0,,
2026-03-22T07:20:17Z,app.bsky.actor.getProfiles,200,96.627,0,,
2026-03-22T07:20:17Z,app.bsky.actor.getProfiles,200,91.471,0,,
2026-03-22T07:20:17Z,app.bsky.actor.getProfiles,200,86.725,0,,
2026-03-22T07:20:17Z,app.bsky.actor.getProfiles,200,164.947,0,,
2026-03-22T07:20:17Z,app.bsky.actor.getProfiles,200,97.805,0,,
2026-03-22T07:20:18Z,app.bsky.actor.getProfiles,200,91.802,0,,
2026-03-22T07:20:18Z,app.bsky.actor.getProfiles,200,94.673,0,,
2026-03-22T07:20:18Z,app.bsky.actor.getProfiles,200,93.359,0,,
2026-03-22T07:20:18Z,app.bsky.actor.getProfiles,200,126.999,0,,
2026-03-22T07:20:18Z,app.bsky.actor.getProfiles,200,99.344,0,,
2026-03-22T07:20:18Z,app.bsky.actor.getProfiles,200,93.601,0,,
2026-03-22T07:20:18Z,app.bsky.actor.getProfiles,200,89.593,0,,
2026-03-22T07:20:18Z,app.bsky.actor.getProfiles,200,178.833,0,,
2026-03-22T07:20:18Z,app.bsky.actor.getProfiles,200,90.269,0,,
2026-03-22T07:20:19Z,app.bsky.actor.getProfiles,200,90.776,0,,
2026-03-22T07:20:19Z,app.bsky.actor.getProfiles,200,90.928,0,,
2026-03-22T07:20:19Z,app.bsky.actor.getProfiles,200,89.811,0,,
2026-03-22T07:20:19Z,app.bsky.actor.getProfiles,200,153.411,0,,
2026-03-22T07:20:19Z,app.bsky.actor.getProfiles,200,88.855,0,,
2026-03-22T07:20:19Z,app.bsky.actor.getProfiles,200,94.33,0,,
2026-03-22T07:20:19Z,app.bsky.actor.getProfiles,200,96.298,0,,
2026-03-22T07:20:19Z,app.bsky.actor.getProfiles,200,99.256,0,,
2026-03-22T07:20:19Z,app.bsky.actor.getProfiles,200,138.666,0,,
2026-03-22T07:20:20Z,app.bsky.actor.getProfiles,200,94.677,0,,
2026-03-22T07:20:20Z,app.bsky.actor.getProfiles,200,97.691,0,,
2026-03-22T07:20:20Z,app.bsky.actor.getProfiles,200,89.551,0,,
2026-03-22T07:20:20Z,app.bsky.actor.getProfiles,200,154.581,0,,
2026-03-22T07:20:20Z,app.bsky.actor.getProfiles,200,91.473,0,,
2026-03-22T07:20:20Z,app.bsky.actor.getProfiles,200,96.132,0,,
2026-03-22T07:20:20Z,app.bsky.actor.getProfiles,200,87.99,0,,
2026-03-22T07:20:20Z,app.bsky.actor.getProfiles,200,91.952,0,,
2026-03-22T07:20:20Z,app.bsky.actor.getProfiles,200,157.892,0,,
2026-03-22T07:20:21Z,app.bsky.actor.getProfiles,200,87.22,0,,
2026-03-22T07:20:21Z,app.bsky.actor.getProfiles,200,92.346,0,,
2026-03-22T07:20:21Z,app.bsky.actor.getProfiles,200,94.751,0,,
2026-03-22T07:20:21Z,app.bsky.actor.getProfiles,200,100.417,0,,
2026-03-22T07:20:21Z,app.bsky.actor.getProfiles,200,142.908,0,,
2026-03-22T07:20:21Z,app.bsky.actor.getProfiles,200,96.107,0,,
2026-03-22T07:20:21Z,app.bsky.actor.getProfiles,200,108.404,0,,
2026-03-22T07:20:21Z,app.bsky.actor.getProfiles,200,91.809,0,,
2026-03-22T07:20:21Z,app.bsky.actor.getProfiles,200,91.691,0,,
2026-03-22T07:20:21Z,app.bsky.actor.getProfiles,200,146.127,0,,
2026-03-22T07:20:22Z,app.bsky.actor.getProfiles,200,96.733,0,,
2026-03-22T07:20:22Z,app.bsky.actor.getProfiles,200,98.609,0,,
2026-03-22T07:20:22Z,app.bsky.actor.getProfiles,200,92.184,0,,
2026-03-22T07:20:22Z,app.bsky.actor.getProfiles,200,97.619,0,,
2026-03-22T07:20:22Z,app.bsky.actor.getProfiles,200,120.429,0,,
2026-03-22T07:20:22Z,app.bsky.actor.getProfiles,200,111.882,0,,
2026-03-22T07:20:22Z,app.bsky.actor.getProfiles,200,99.01,0,,
2026-03-22T07:20:22Z,app.bsky.actor.getProfiles,200,88.165,0,,
2026-03-22T07:20:22Z,app.bsky.actor.getProfiles,200,94.254,0,,
2026-03-22T07:20:23Z,app.bsky.actor.getProfiles,200,122.856,0,,
2026-03-22T07:20:23Z,app.bsky.actor.getProfiles,200,95.996,0,,
2026-03-22T07:20:23Z,app.bsky.actor.getProfiles,200,98.845,0,,
2026-03-22T07:20:23Z,app.bsky.actor.getProfiles,200,91.633,0,,
2026-03-22T07:20:23Z,app.bsky.actor.getProfiles,200,88.952,0,,
2026-03-22T07:20:23Z,app.bsky.actor.getProfiles,200,138.301,0,,
2026-03-22T07:20:23Z,app.bsky.actor.getProfiles,200,97.731,0,,
2026-03-22T07:20:23Z,app.bsky.actor.getProfiles,200,88.537,0,,
2026-03-22T07:20:23Z,app.bsky.actor.getProfiles,200,92.303,0,,
2026-03-22T07:20:23Z,app.bsky.actor.getProfiles,200,98.52,0,,
2026-03-22T07:20:24Z,app.bsky.actor.getProfiles,200,143.18,0,,
2026-03-22T07:20:24Z,app.bsky.actor.getProfiles,200,99.537,0,,
2026-03-22T07:20:24Z,app.bsky.actor.getProfiles,200,101.224,0,,
2026-03-22T07:20:24Z,app.bsky.actor.getProfiles,200,92.889,0,,
2026-03-22T07:20:24Z,app.bsky.actor.getProfiles,200,93.687,0,,
2026-03-22T07:20:24Z,app.bsky.actor.getProfiles,200,128.139,0,,
2026-03-22T07:20:24Z,app.bsky.actor.getProfiles,200,95.464,0,,
2026-03-22T07:20:24Z,app.bsky.actor.getProfiles,200,91.014,0,,
2026-03-22T07:20:24Z,app.bsky.actor.getProfiles,200,89.744,0,,
2026-03-22T07:20:25Z,app.bsky.actor.getProfiles,200,93.356,0,,
2026-03-22T07:20:25Z,app.bsky.actor.getProfiles,200,156.296,0,,
2026-03-22T07:20:25Z,app.bsky.actor.getProfiles,200,96.436,0,,
2026-03-22T07:20:25Z,app.bsky.actor.getProfiles,200,93.911,0,,
2026-03-22T07:20:25Z,app.bsky.actor.getProfiles,200,132.009,0,,
2026-03-22T07:20:25Z,app.bsky.actor.getProfiles,200,90.82,0,,
2026-03-22T07:20:25Z,app.bsky.actor.getProfiles,200,98.167,0,,
2026-03-22T07:20:25Z,app.bsky.actor.getProfiles,200,90.129,0,,
2026-03-22T07:20:25Z,app.bsky.actor.getProfiles,200,121.23,0,,
2026-03-22T07:20:26Z,app.bsky.actor.getProfiles,200,91.68,0,,
2026-03-22T07:20:26Z,app.bsky.actor.getProfiles,200,150.502,0,,
2026-03-22T07:20:26Z,app.bsky.actor.getProfiles,200,92.841,0,,
2026-03-22T07:20:26Z,app.bsky.actor.getProfiles,200,88.984,0,,
2026-03-22T07:20:26Z,app.bsky.actor.getProfiles,200,95.653,0,,
2026-03-22T07:20:26Z,app.bsky.actor.getProfiles,200,85.465,0,,
2026-03-22T07:20:26Z,app.bsky.actor.getProfiles,200,136.361,0,,
2026-03-22T07:20:26Z,app.bsky.actor.getProfiles,200,103.065,0,,
2026-03-22T07:20:26Z,app.bsky.actor.getProfiles,200,95.002,0,,
2026-03-22T07:20:27Z,app.bsky.actor.getProfiles,200,87.439,0,,
2026-03-22T07:20:27Z,app.bsky.actor.getProfiles,200,95.618,0,,
2026-03-22T07:20:27Z,app.bsky.actor.getProfiles,200,124.938,0,,
2026-03-22T07:20:27Z,app.bsky.actor.getProfiles,200,92.936,0,,
2026-03-22T07:20:27Z,app.bsky.actor.getProfiles,200,97.751,0,,
2026-03-22T07:20:27Z,app.bsky.actor.getProfiles,200,89.805,0,,
2026-03-22T07:20:27Z,app.bsky.actor.getProfiles,200,97.02,0,,
2026-03-22T07:20:27Z,app.bsky.actor.getProfiles,200,145.927,0,,
2026-03-22T07:20:27Z,app.bsky.actor.getProfiles,200,106.965,0,,
2026-03-22T07:20:28Z,app.bsky.actor.getProfiles,200,95.835,0,,
2026-03-22T07:20:28Z,app.bsky.actor.getProfiles,200,88.433,0,,
2026-03-22T07:20:28Z,app.bsky.actor.getProfiles,200,90.033,0,,
2026-03-22T07:20:28Z,app.bsky.actor.getProfiles,200,124.641,0,,
2026-03-22T07:20:28Z,app.bsky.actor.getProfiles,200,91.382,0,,
2026-03-22T07:20:28Z,app.bsky.actor.getProfiles,200,98.934,0,,
2026-03-22T07:20:28Z,app.bsky.actor.getProfiles,200,86.704,0,,
2026-03-22T07:20:28Z,app.bsky.actor.getProfiles,200,89.403,0,,
2026-03-22T07:20:28Z,app.bsky.actor.getProfiles,200,154.743,0,,
2026-03-22T07:20:29Z,app.bsky.actor.getProfiles,200,122.811,0,,
2026-03-22T07:20:29Z,app.bsky.actor.getProfiles,200,90.482,0,,
2026-03-22T07:20:29Z,app.bsky.actor.getProfiles,200,91.225,0,,
2026-03-22T07:20:29Z,app.bsky.actor.getProfiles,200,177.568,0,,
2026-03-22T07:20:29Z,app.bsky.actor.getProfiles,200,94.713,0,,
2026-03-22T07:20:29Z,app.bsky.actor.getProfiles,200,93.31,0,,
2026-03-22T07:20:29Z,app.bsky.actor.getProfiles,200,99.618,0,,
2026-03-22T07:20:29Z,app.bsky.actor.getProfiles,200,145.99,0,,
2026-03-22T07:20:29Z,app.bsky.actor.getProfiles,200,101.299,0,,
2026-03-22T07:20:30Z,app.bsky.actor.getProfiles,200,103.48,0,,
2026-03-22T07:20:30Z,app.bsky.actor.getProfiles,200,98.902,0,,
2026-03-22T07:20:30Z,app.bsky.actor.getProfiles,200,169.999,0,,
2026-03-22T07:20:30Z,app.bsky.actor.getProfiles,200,97.127,0,,
2026-03-22T07:20:30Z,app.bsky.actor.getProfiles,200,99.674,0,,
2026-03-22T07:20:30Z,app.bsky.actor.getProfiles,200,93.164,0,,
2026-03-22T07:20:30Z,app.bsky.actor.getProfiles,200,134.566,0,,
2026-03-22T07:20:31Z,app.bsky.actor.getProfiles,200,96.207,0,,
2026-03-22T07:20:31Z,app.bsky.actor.getProfiles,200,93.573,0,,
2026-03-22T07:20:31Z,app.bsky.actor.getProfiles,200,103.687,0,,
2026-03-22T07:20:31Z,app.bsky.actor.getProfiles,200,99.067,0,,
2026-03-22T07:20:31Z,app.bsky.actor.getProfiles,200,191.572,0,,
2026-03-22T07:20:31Z,app.bsky.actor.getProfiles,200,106.696,0,,
2026-03-22T07:20:31Z,app.bsky.actor.getProfiles,200,97.22,0,,
2026-03-22T07:20:31Z,app.bsky.actor.getProfiles,200,101.178,0,,
2026-03-22T07:20:31Z,app.bsky.actor.getProfiles,200,101.86,0,,
2026-03-22T07:20:32Z,app.bsky.actor.getProfiles,200,100.572,0,,
2026-03-22T07:20:32Z,app.bsky.actor.getProfiles,200,94.42,0,,
2026-03-22T07:20:32Z,app.bsky.actor.getProfiles,200,93.525,0,,
2026-03-22T07:20:32Z,app.bsky.actor.getProfiles,200,102.37,0,,
2026-03-22T07:20:32Z,app.bsky.actor.getProfiles,200,178.611,0,,
2026-03-22T07:20:32Z,app.bsky.actor.getProfiles,200,92.041,0,,
2026-03-22T07:20:32Z,app.bsky.actor.getProfiles,200,186.975,0,,
2026-03-22T07:20:33Z,app.bsky.actor.getProfiles,200,102.543,0,,
2026-03-22T07:20:33Z,app.bsky.actor.getProfiles,200,93.972,0,,
2026-03-22T07:20:33Z,app.bsky.actor.getProfiles,200,98.177,0,,
2026-03-22T07:20:33Z,app.bsky.actor.getProfiles,200,100.668,0,,
2026-03-22T07:20:33Z,app.bsky.actor.getProfiles,200,104.141,0,,
2026-03-22T07:20:33Z,app.bsky.actor.getProfiles,200,97.947,0,,
2026-03-22T07:20:33Z,app.bsky.actor.getProfiles,200,92.777,0,,
2026-03-22T07:20:33Z,app.bsky.actor.getProfiles,200,91.658,0,,
2026-03-22T07:20:33Z,app.bsky.actor.getProfiles,200,99.02,0,,
2026-03-22T07:20:34Z,app.bsky.actor.getProfiles,200,109.749,0,,
2026-03-22T07:20:34Z,app.bsky.actor.getProfiles,200,102.702,0,,
2026-03-22T07:20:34Z,app.bsky.actor.getProfiles,200,92.919,0,,
2026-03-22T07:20:34Z,app.bsky.actor.getProfiles,200,191.008,0,,
2026-03-22T07:20:34Z,app.bsky.actor.getProfiles,200,99.098,0,,
2026-03-22T07:20:34Z,app.bsky.actor.getProfiles,200,93.262,0,,
2026-03-22T07:20:34Z,app.bsky.actor.getProfiles,200,94.753,0,,
2026-03-22T07:20:35Z,app.bsky.actor.getProfiles,200,93.562,0,,
2026-03-22T07:20:35Z,app.bsky.actor.getProfiles,200,114.703,0,,
2026-03-22T07:20:35Z,app.bsky.actor.getProfiles,200,103.961,0,,
2026-03-22T07:20:35Z,app.bsky.actor.getProfiles,200,90.546,0,,
2026-03-22T07:20:35Z,app.bsky.actor.getProfiles,200,101.756,0,,
2026-03-22T07:20:35Z,app.bsky.actor.getProfiles,200,185.607,0,,
2026-03-22T07:20:35Z,app.bsky.actor.getProfiles,200,106.05,0,,
2026-03-22T07:20:35Z,app.bsky.actor.getProfiles,200,93.641,0,,
2026-03-22T07:20:36Z,app.bsky.actor.getProfiles,200,90.953,0,,
2026-03-22T07:20:36Z,app.bsky.actor.getProfiles,200,151.961,0,,
2026-03-22T07:20:36Z,app.bsky.actor.getProfiles,200,101.822,0,,
2026-03-22T07:20:36Z,app.bsky.actor.getProfiles,200,92.91,0,,
2026-03-22T07:20:36Z,app.bsky.actor.getProfiles,200,107.385,0,,
2026-03-22T07:20:36Z,app.bsky.actor.getProfiles,200,101.096,0,,
2026-03-22T07:20:36Z,app.bsky.actor.getProfiles,200,185.392,0,,
2026-03-22T07:20:36Z,app.bsky.actor.getProfiles,200,101.956,0,,
2026-03-22T07:20:36Z,app.bsky.actor.getProfiles,200,93.459,0,,
2026-03-22T07:20:37Z,app.bsky.actor.getProfiles,200,104.522,0,,
2026-03-22T07:20:37Z,app.bsky.actor.getProfiles,200,113.987,0,,
2026-03-22T07:20:37Z,app.bsky.actor.getProfiles,200,104.587,0,,
2026-03-22T07:20:37Z,app.bsky.actor.getProfiles,200,98.002,0,,
2026-03-22T07:20:37Z,app.bsky.actor.getProfiles,200,92.545,0,,
2026-03-22T07:20:37Z,app.bsky.actor.getProfiles,200,190.586,0,,
2026-03-22T07:20:37Z,app.bsky.actor.getProfiles,200,89.884,0,,
2026-03-22T07:20:38Z,app.bsky.actor.getProfiles,200,99.263,0,,
2026-03-22T07:20:38Z,app.bsky.actor.getProfiles,200,93.913,0,,
2026-03-22T07:20:38Z,app.bsky.actor.getProfiles,200,137.896,0,,
2026-03-22T07:20:38Z,app.bsky.actor.getProfiles,200,101.146,0,,
2026-03-22T07:20:38Z,app.bsky.actor.getProfiles,200,92.526,0,,
2026-03-22T07:20:38Z,app.bsky.actor.getProfiles,200,96.907,0,,
2026-03-22T07:20:38Z,app.bsky.actor.getProfiles,200,89.641,0,,
2026-03-22T07:20:38Z,app.bsky.actor.getProfiles,200,131.783,0,,
2026-03-22T10:20:31Z,app.bsky.actor.getProfiles,200,275.432,0,,
2026-03-22T10:20:31Z,app.bsky.actor.getProfiles,200,96.222,0,,
2026-03-22T10:20:31Z,app.bsky.actor.getProfiles,200,115.112,0,,
2026-03-22T10:20:31Z,app.bsky.actor.getProfiles,200,184.483,0,,
2026-03-22T10:20:31Z,app.bsky.actor.getProfiles,200,93.495,0,,
2026-03-22T10:20:31Z,app.bsky.actor.getProfiles,200,91.318,0,,
2026-03-22T10:20:32Z,app.bsky.actor.getProfiles,200,95.117,0,,
2026-03-22T10:20:32Z,app.bsky.actor.getProfiles,200,116.284,0,,
2026-03-22T10:20:32Z,app.bsky.actor.getProfiles,200,95.137,0,,
2026-03-22T10:20:32Z,app.bsky.actor.getProfiles,200,99.764,0,,
2026-03-22T10:20:32Z,app.bsky.actor.getProfiles,200,100.832,0,,
2026-03-22T10:20:32Z,app.bsky.actor.getProfiles,200,97.807,0,,
2026-03-22T10:20:32Z,app.bsky.actor.getProfiles,200,127.201,0,,
2026-03-22T10:20:32Z,app.bsky.actor.getProfiles,200,103.247,0,,
2026-03-22T10:20:32Z,app.bsky.actor.getProfiles,200,93.472,0,,
2026-03-22T10:20:33Z,app.bsky.actor.getProfiles,200,96.891,0,,
2026-03-22T10:20:33Z,app.bsky.actor.getProfiles,200,90.155,0,,
2026-03-22T10:20:33Z,app.bsky.actor.getProfiles,200,151.16,0,,
2026-03-22T10:20:33Z,app.bsky.actor.getProfiles,200,92.176,0,,
2026-03-22T10:20:33Z,app.bsky.actor.getProfiles,200,91.589,0,,
2026-03-22T10:20:33Z,app.bsky.actor.getProfiles,200,93.225,0,,
2026-03-22T10:20:33Z,app.bsky.actor.getProfiles,200,157.043,0,,
2026-03-22T10:20:33Z,app.bsky.actor.getProfiles,200,103.448,0,,
2026-03-22T10:20:33Z,app.bsky.actor.getProfiles,200,101.604,0,,
2026-03-22T10:20:34Z,app.bsky.actor.getProfiles,200,96.921,0,,
2026-03-22T10:20:34Z,app.bsky.actor.getProfiles,200,92.294,0,,
2026-03-22T10:20:34Z,app.bsky.actor.getProfiles,200,116.395,0,,
2026-03-22T10:20:34Z,app.bsky.actor.getProfiles,200,92.127,0,,
2026-03-22T10:20:34Z,app.bsky.actor.getProfiles,200,118.514,0,,
2026-03-22T10:20:34Z,app.bsky.actor.getProfiles,200,92.752,0,,
2026-03-22T10:20:34Z,app.bsky.actor.getProfiles,200,94.902,0,,
2026-03-22T10:20:34Z,app.bsky.actor.getProfiles,200,122.138,0,,
2026-03-22T10:20:34Z,app.bsky.actor.getProfiles,200,99.384,0,,
2026-03-22T10:20:34Z,app.bsky.actor.getProfiles,200,95.572,0,,
2026-03-22T10:20:35Z,app.bsky.actor.getProfiles,200,96.887,0,,
2026-03-22T10:20:35Z,app.bsky.actor.getProfiles,200,89.948,0,,
2026-03-22T10:20:35Z,app.bsky.actor.getProfiles,200,132.091,0,,
2026-03-22T10:20:35Z,app.bsky.actor.getProfiles,200,101.622,0,,
2026-03-22T10:20:35Z,app.bsky.actor.getProfiles,200,95.452,0,,
2026-03-22T10:20:35Z,app.bsky.actor.getProfiles,200,90.816,0,,
2026-03-22T10:20:35Z,app.bsky.actor.getProfiles,200,99.552,0,,
2026-03-22T10:20:35Z,app.bsky.actor.getProfiles,200,128.054,0,,
2026-03-22T10:20:35Z,app.bsky.actor.getProfiles,200,101.009,0,,
2026-03-22T10:20:36Z,app.bsky.actor.getProfiles,200,92.843,0,,
2026-03-22T10:20:36Z,app.bsky.actor.getProfiles,200,91.797,0,,
2026-03-22T10:20:36Z,app.bsky.actor.getProfiles,200,91.798,0,,
2026-03-22T10:20:36Z,app.bsky.actor.getProfiles,200,140.464,0,,
2026-03-22T10:20:36Z,app.bsky.actor.getProfiles,200,97.108,0,,
2026-03-22T10:20:36Z,app.bsky.actor.getProfiles,200,94.084,0,,
2026-03-22T10:20:36Z,app.bsky.actor.getProfiles,200,104.194,0,,
2026-03-22T10:20:36Z,app.bsky.actor.getProfiles,200,87.95,0,,
2026-03-22T10:20:36Z,app.bsky.actor.getProfiles,200,129.413,0,,
2026-03-22T10:20:36Z,app.bsky.actor.getProfiles,200,94.432,0,,
2026-03-22T10:20:37Z,app.bsky.actor.getProfiles,200,90.572,0,,
2026-03-22T10:20:37Z,app.bsky.actor.getProfiles,200,96.016,0,,
2026-03-22T10:20:37Z,app.bsky.actor.getProfiles,200,92.977,0,,
2026-03-22T10:20:37Z,app.bsky.actor.getProfiles,200,149.127,0,,
2026-03-22T10:20:37Z,app.bsky.actor.getProfiles,200,96.101,0,,
2026-03-22T10:20:37Z,app.bsky.actor.getProfiles,200,97.586,0,,
2026-03-22T10:20:37Z,app.bsky.actor.getProfiles,200,98.752,0,,
2026-03-22T10:20:37Z,app.bsky.actor.getProfiles,200,102.154,0,,
2026-03-22T10:20:37Z,app.bsky.actor.getProfiles,200,116.94,0,,
2026-03-22T10:20:38Z,app.bsky.actor.getProfiles,200,105.862,0,,
2026-03-22T10:20:38Z,app.bsky.actor.getProfiles,200,95.347,0,,
2026-03-22T10:20:38Z,app.bsky.actor.getProfiles,200,89.114,0,,
2026-03-22T10:20:38Z,app.bsky.actor.getProfiles,200,96.025,0,,
2026-03-22T10:20:38Z,app.bsky.actor.getProfiles,200,129.895,0,,
2026-03-22T10:20:38Z,app.bsky.actor.getProfiles,200,98.544,0,,
2026-03-22T10:20:38Z,app.bsky.actor.getProfiles,200,94.232,0,,
2026-03-22T10:20:38Z,app.bsky.actor.getProfiles,200,88.32,0,,
2026-03-22T10:20:38Z,app.bsky.actor.getProfiles,200,93.119,0,,
2026-03-22T10:20:38Z,app.bsky.actor.getProfiles,200,134.018,0,,
2026-03-22T10:20:39Z,app.bsky.actor.getProfiles,200,95.022,0,,
2026-03-22T10:20:39Z,app.bsky.actor.getProfiles,200,89.076,0,,
2026-03-22T10:20:39Z,app.bsky.actor.getProfiles,200,100.992,0,,
2026-03-22T10:20:39Z,app.bsky.actor.getProfiles,200,93.458,0,,
2026-03-22T10:20:39Z,app.bsky.actor.getProfiles,200,137.455,0,,
2026-03-22T10:20:39Z,app.bsky.actor.getProfiles,200,96.564,0,,
2026-03-22T10:20:39Z,app.bsky.actor.getProfiles,200,90.219,0,,
2026-03-22T10:20:39Z,app.bsky.actor.getProfiles,200,93.517,0,,
2026-03-22T10:20:39Z,app.bsky.actor.getProfiles,200,92.849,0,,
2026-03-22T10:20:39Z,app.bsky.actor.getProfiles,200,139.055,0,,
2026-03-22T10:20:40Z,app.bsky.actor.getProfiles,200,101.153,0,,
2026-03-22T10:20:40Z,app.bsky.actor.getProfiles,200,93.961,0,,
2026-03-22T10:20:40Z,app.bsky.actor.getProfiles,200,94.909,0,,
2026-03-22T10:20:40Z,app.bsky.actor.getProfiles,200,102.41,0,,
2026-03-22T10:20:40Z,app.bsky.actor.getProfiles,200,117.626,0,,
2026-03-22T10:20:40Z,app.bsky.actor.getProfiles,200,102.475,0,,
2026-03-22T10:20:40Z,app.bsky.actor.getProfiles,200,94.626,0,,
2026-03-22T10:20:40Z,app.bsky.actor.getProfiles,200,98.337,0,,
2026-03-22T10:20:40Z,app.bsky.actor.getProfiles,200,93.331,0,,
2026-03-22T10:20:41Z,app.bsky.actor.getProfiles,200,125.318,0,,
2026-03-22T10:20:41Z,app.bsky.actor.getProfiles,200,100.632,0,,
2026-03-22T10:20:41Z,app.bsky.actor.getProfiles,200,91.803,0,,
2026-03-22T10:20:41Z,app.bsky.actor.getProfiles,200,94.509,0,,
2026-03-22T10:20:41Z,app.bsky.actor.getProfiles,200,100.806,0,,
2026-03-22T10:20:41Z,app.bsky.actor.getProfiles,200,130.197,0,,
2026-03-22T10:20:41Z,app.bsky.actor.getProfiles,200,101.012,0,,
2026-03-22T10:20:41Z,app.bsky.actor.getProfiles,200,92.388,0,,
2026-03-22T10:20:41Z,app.bsky.actor.getProfiles,200,94.267,0,,
2026-03-22T10:20:41Z,app.bsky.actor.getProfiles,200,99.973,0,,
2026-03-22T10:20:42Z,app.bsky.actor.getProfiles,200,135.956,0,,
2026-03-22T10:20:42Z,app.bsky.actor.getProfiles,200,100.585,0,,
2026-03-22T10:20:42Z,app.bsky.actor.getProfiles,200,96.098,0,,
2026-03-22T10:20:42Z,app.bsky.actor.getProfiles,200,100.576,0,,
2026-03-22T10:20:42Z,app.bsky.actor.getProfiles,200,96.352,0,,
2026-03-22T10:20:42Z,app.bsky.actor.getProfiles,200,114.253,0,,
2026-03-22T10:20:42Z,app.bsky.actor.getProfiles,200,100.726,0,,
2026-03-22T10:20:42Z,app.bsky.actor.getProfiles,200,95.571,0,,
2026-03-22T10:20:42Z,app.bsky.actor.getProfiles,200,93.03,0,,
2026-03-22T10:20:43Z,app.bsky.actor.getProfiles,200,90.355,0,,
2026-03-22T10:20:43Z,app.bsky.actor.getProfiles,200,144.772,0,,
2026-03-22T10:20:43Z,app.bsky.actor.getProfiles,200,98.627,0,,
2026-03-22T10:20:43Z,app.bsky.actor.getProfiles,200,91.533,0,,
2026-03-22T10:20:43Z,app.bsky.actor.getProfiles,200,108.85,0,,
2026-03-22T10:20:43Z,app.bsky.actor.getProfiles,200,95.958,0,,
2026-03-22T10:20:43Z,app.bsky.actor.getProfiles,200,123.772,0,,
2026-03-22T10:20:43Z,app.bsky.actor.getProfiles,200,97.071,0,,
2026-03-22T10:20:43Z,app.bsky.actor.getProfiles,200,107.539,0,,
2026-03-22T10:20:44Z,app.bsky.actor.getProfiles,200,99.593,0,,
2026-03-22T10:20:44Z,app.bsky.actor.getProfiles,200,102.602,0,,
2026-03-22T10:20:44Z,app.bsky.actor.getProfiles,200,166.843,0,,
2026-03-22T10:20:44Z,app.bsky.actor.getProfiles,200,96.335,0,,
2026-03-22T10:20:44Z,app.bsky.actor.getProfiles,200,96.633,0,,
2026-03-22T10:20:44Z,app.bsky.actor.getProfiles,200,88.268,0,,
2026-03-22T10:20:44Z,app.bsky.actor.getProfiles,200,118.897,0,,
2026-03-22T10:20:44Z,app.bsky.actor.getProfiles,200,100.418,0,,
2026-03-22T10:20:44Z,app.bsky.actor.getProfiles,200,97.802,0,,
2026-03-22T10:20:45Z,app.bsky.actor.getProfiles,200,93.215,0,,
2026-03-22T10:20:45Z,app.bsky.actor.getProfiles,200,201.866,0,,
2026-03-22T10:20:45Z,app.bsky.actor.getProfiles,200,106.342,0,,
2026-03-22T10:20:45Z,app.bsky.actor.getProfiles,200,98.59,0,,
2026-03-22T10:20:45Z,app.bsky.actor.getProfiles,200,90.338,0,,
2026-03-22T10:20:45Z,app.bsky.actor.getProfiles,200,187.511,0,,
2026-03-22T10:20:45Z,app.bsky.actor.getProfiles,200,98.91,0,,
2026-03-22T10:20:46Z,app.bsky.actor.getProfiles,200,100.924,0,,
2026-03-22T10:20:46Z,app.bsky.actor.getProfiles,200,96.095,0,,
2026-03-22T10:20:46Z,app.bsky.actor.getProfiles,200,182.268,0,,
2026-03-22T10:20:46Z,app.bsky.actor.getProfiles,200,95.396,0,,
2026-03-22T10:20:46Z,app.bsky.actor.getProfiles,200,101.864,0,,
2026-03-22T10:20:46Z,app.bsky.actor.getProfiles,200,104.353,0,,
2026-03-22T10:20:46Z,app.bsky.actor.getProfiles,200,193.017,0,,
2026-03-22T10:20:46Z,app.bsky.actor.getProfiles,200,95.23,0,,
2026-03-22T10:20:47Z,app.bsky.actor.getProfiles,200,98.726,0,,
2026-03-22T10:20:47Z,app.bsky.actor.getProfiles,200,94.919,0,,
2026-03-22T10:20:47Z,app.bsky.actor.getProfiles,200,108.448,0,,
2026-03-22T10:20:47Z,app.bsky.actor.getProfiles,200,99.885,0,,
2026-03-22T10:20:47Z,app.bsky.actor.getProfiles,200,108.191,0,,
2026-03-22T10:20:47Z,app.bsky.actor.getProfiles,200,98.057,0,,
2026-03-22T10:20:47Z,app.bsky.actor.getProfiles,200,105.488,0,,
2026-03-22T10:20:47Z,app.bsky.actor.getProfiles,200,159.853,0,,
2026-03-22T10:20:48Z,app.bsky.actor.getProfiles,200,96.27,0,,
2026-03-22T10:20:48Z,app.bsky.actor.getProfiles,200,108.457,0,,
2026-03-22T10:20:48Z,app.bsky.actor.getProfiles,200,101.592,0,,
2026-03-22T10:20:48Z,app.bsky.actor.getProfiles,200,110.081,0,,
2026-03-22T10:20:48Z,app.bsky.actor.getProfiles,200,100.123,0,,
2026-03-22T10:20:48Z,app.bsky.actor.getProfiles,200,95.16,0,,
2026-03-22T10:20:48Z,app.bsky.actor.getProfiles,200,95.695,0,,
2026-03-22T10:20:48Z,app.bsky.actor.getProfiles,200,95.068,0,,
2026-03-22T10:20:48Z,app.bsky.actor.getProfiles,200,178.613,0,,
2026-03-22T10:20:49Z,app.bsky.actor.getProfiles,200,95.62,0,,
2026-03-22T10:20:49Z,app.bsky.actor.getProfiles,200,97.188,0,,
2026-03-22T10:20:49Z,app.bsky.actor.getProfiles,200,91.417,0,,
2026-03-22T10:20:49Z,app.bsky.actor.getProfiles,200,122.414,0,,
2026-03-22T10:20:49Z,app.bsky.actor.getProfiles,200,90.982,0,,
2026-03-22T10:20:49Z,app.bsky.actor.getProfiles,200,98.195,0,,
2026-03-22T10:20:49Z,app.bsky.actor.getProfiles,200,153.533,0,,
2026-03-22T10:20:49Z,app.bsky.actor.getProfiles,200,146.296,0,,
2026-03-22T10:20:50Z,app.bsky.actor.getProfiles,200,90.237,0,,
2026-03-22T10:20:50Z,app.bsky.actor.getProfiles,200,106.488,0,,
2026-03-22T10:20:50Z,app.bsky.actor.getProfiles,200,98.571,0,,
2026-03-22T10:20:50Z,app.bsky.actor.getProfiles,200,98.847,0,,
2026-03-22T10:20:50Z,app.bsky.actor.getProfiles,200,170.565,0,,
2026-03-22T10:20:50Z,app.bsky.actor.getProfiles,200,100.803,0,,
2026-03-22T10:20:50Z,app.bsky.actor.getProfiles,200,102.64,0,,
2026-03-22T10:20:50Z,app.bsky.actor.getProfiles,200,108.382,0,,
2026-03-22T10:20:51Z,app.bsky.actor.getProfiles,200,168.862,0,,
2026-03-22T10:20:51Z,app.bsky.actor.getProfiles,200,89.818,0,,
2026-03-22T10:20:51Z,app.bsky.actor.getProfiles,200,93.631,0,,
2026-03-22T10:20:51Z,app.bsky.actor.getProfiles,200,101.669,0,,
2026-03-22T10:20:51Z,app.bsky.actor.getProfiles,200,128.276,0,,
2026-03-22T10:20:51Z,app.bsky.actor.getProfiles,200,106.081,0,,
2026-03-22T10:20:51Z,app.bsky.actor.getProfiles,200,100.793,0,,
2026-03-22T10:20:51Z,app.bsky.actor.getProfiles,200,100.415,0,,
2026-03-22T10:20:51Z,app.bsky.actor.getProfiles,200,186.061,0,,
2026-03-22T10:20:52Z,app.bsky.actor.getProfiles,200,101.782,0,,
2026-03-22T10:20:52Z,app.bsky.actor.getProfiles,200,101.798,0,,
2026-03-22T10:20:52Z,app.bsky.actor.getProfiles,200,100.35,0,,
2026-03-22T10:20:52Z,app.bsky.actor.getProfiles,200,187.318,0,,
2026-03-22T10:20:52Z,app.bsky.actor.getProfiles,200,97.587,0,,
2026-03-22T10:20:52Z,app.bsky.actor.getProfiles,200,93.971,0,,
2026-03-22T10:20:52Z,app.bsky.actor.getProfiles,200,103.659,0,,
2026-03-22T10:20:53Z,app.bsky.actor.getProfiles,200,91.075,0,,
2026-03-22T10:20:53Z,app.bsky.actor.getProfiles,200,188.445,0,,
2026-03-22T10:20:53Z,app.bsky.actor.getProfiles,200,98.745,0,,
2026-03-22T10:20:53Z,app.bsky.actor.getProfiles,200,94.374,0,,
2026-03-22T10:20:53Z,app.bsky.actor.getProfiles,200,96.045,0,,
2026-03-22T10:20:53Z,app.bsky.actor.getProfiles,200,107.097,0,,
2026-03-22T10:20:53Z,app.bsky.actor.getProfiles,200,104.005,0,,
2026-03-22T10:20:53Z,app.bsky.actor.getProfiles,200,93.193,0,,
2026-03-22T10:20:53Z,app.bsky.actor.getProfiles,200,100.696,0,,
2026-03-22T10:20:54Z,app.bsky.actor.getProfiles,200,89.357,0,,
2026-03-22T10:20:54Z,app.bsky.actor.getProfiles,200,188.625,0,,
2026-03-22T13:20:49Z,app.bsky.actor.getProfiles,200,233.706,0,,
2026-03-22T13:20:50Z,app.bsky.actor.getProfiles,200,89.177,0,,
2026-03-22T13:20:50Z,app.bsky.actor.getProfiles,200,186.098,0,,
2026-03-22T13:20:50Z,app.bsky.actor.getProfiles,200,104.262,0,,
2026-03-22T13:20:50Z,app.bsky.actor.getProfiles,200,202.831,0,,
2026-03-22T13:20:50Z,app.bsky.actor.getProfiles,200,171.987,0,,
2026-03-22T13:20:50Z,app.bsky.actor.getProfiles,200,91.533,0,,
2026-03-22T13:20:51Z,app.bsky.actor.getProfiles,200,104.025,0,,
2026-03-22T13:20:51Z,app.bsky.actor.getProfiles,200,89.551,0,,
2026-03-22T13:20:51Z,app.bsky.actor.getProfiles,200,94.777,0,,
2026-03-22T13:20:51Z,app.bsky.actor.getProfiles,200,140.103,0,,
2026-03-22T13:20:51Z,app.bsky.actor.getProfiles,200,95.682,0,,
2026-03-22T13:20:51Z,app.bsky.actor.getProfiles,200,96.391,0,,
2026-03-22T13:20:51Z,app.bsky.actor.getProfiles,200,85.22,0,,
2026-03-22T13:20:51Z,app.bsky.actor.getProfiles,200,104.23,0,,
2026-03-22T13:20:51Z,app.bsky.actor.getProfiles,200,139.079,0,,
2026-03-22T13:20:51Z,app.bsky.actor.getProfiles,200,101.617,0,,
2026-03-22T13:20:52Z,app.bsky.actor.getProfiles,200,92.918,0,,
2026-03-22T13:20:52Z,app.bsky.actor.getProfiles,200,97.181,0,,
2026-03-22T13:20:52Z,app.bsky.actor.getProfiles,200,100.737,0,,
2026-03-22T13:20:52Z,app.bsky.actor.getProfiles,200,116.073,0,,
2026-03-22T13:20:52Z,app.bsky.actor.getProfiles,200,118.553,0,,
2026-03-22T13:20:52Z,app.bsky.actor.getProfiles,200,98.401,0,,
2026-03-22T13:20:52Z,app.bsky.actor.getProfiles,200,94.895,0,,
2026-03-22T13:20:52Z,app.bsky.actor.getProfiles,200,95.346,0,,
2026-03-22T13:20:52Z,app.bsky.actor.getProfiles,200,111.464,0,,
2026-03-22T13:20:53Z,app.bsky.actor.getProfiles,200,94.904,0,,
2026-03-22T13:20:53Z,app.bsky.actor.getProfiles,200,95.236,0,,
2026-03-22T13:20:53Z,app.bsky.actor.getProfiles,200,102.567,0,,
2026-03-22T13:20:53Z,app.bsky.actor.getProfiles,200,168.514,0,,
2026-03-22T13:20:53Z,app.bsky.actor.getProfiles,200,98.175,0,,
2026-03-22T13:20:53Z,app.bsky.actor.getProfiles,200,93.937,0,,
2026-03-22T13:20:53Z,app.bsky.actor.getProfiles,200,104.37,0,,
2026-03-22T13:20:53Z,app.bsky.actor.getProfiles,200,95.727,0,,
2026-03-22T13:20:53Z,app.bsky.actor.getProfiles,200,125.745,0,,
2026-03-22T13:20:54Z,app.bsky.actor.getProfiles,200,91.955,0,,
2026-03-22T13:20:54Z,app.bsky.actor.getProfiles,200,101.355,0,,
2026-03-22T13:20:54Z,app.bsky.actor.getProfiles,200,94.111,0,,
2026-03-22T13:20:54Z,app.bsky.actor.getProfiles,200,87.324,0,,
2026-03-22T13:20:54Z,app.bsky.actor.getProfiles,200,138.746,0,,
2026-03-22T13:20:54Z,app.bsky.actor.getProfiles,200,96.375,0,,
2026-03-22T13:20:54Z,app.bsky.actor.getProfiles,200,98.371,0,,
2026-03-22T13:20:54Z,app.bsky.actor.getProfiles,200,94.842,0,,
2026-03-22T13:20:54Z,app.bsky.actor.getProfiles,200,89.609,0,,
2026-03-22T13:20:54Z,app.bsky.actor.getProfiles,200,143.137,0,,
2026-03-22T13:20:55Z,app.bsky.actor.getProfiles,200,101.89,0,,
2026-03-22T13:20:55Z,app.bsky.actor.getProfiles,200,98.389,0,,
2026-03-22T13:20:55Z,app.bsky.actor.getProfiles,200,97.087,0,,
2026-03-22T13:20:55Z,app.bsky.actor.getProfiles,200,87.063,0,,
2026-03-22T13:20:55Z,app.bsky.actor.getProfiles,200,136.035,0,,
2026-03-22T13:20:55Z,app.bsky.actor.getProfiles,200,98.076,0,,
2026-03-22T13:20:55Z,app.bsky.actor.getProfiles,200,94.889,0,,
2026-03-22T13:20:55Z,app.bsky.actor.getProfiles,200,94.998,0,,
2026-03-22T13:20:55Z,app.bsky.actor.getProfiles,200,91.938,0,,
2026-03-22T13:20:56Z,app.bsky.actor.getProfiles,200,139.827,0,,
2026-03-22T13:20:56Z,app.bsky.actor.getProfiles,200,90.295,0,,
2026-03-22T13:20:56Z,app.bsky.actor.getProfiles,200,95.064,0,,
2026-03-22T13:20:56Z,app.bsky.actor.getProfiles,200,95.549,0,,
2026-03-22T13:20:56Z,app.bsky.actor.getProfiles,200,91.018,0,,
2026-03-22T13:20:56Z,app.bsky.actor.getProfiles,200,139.807,0,,
2026-03-22T13:20:56Z,app.bsky.actor.getProfiles,200,88.427,0,,
2026-03-22T13:20:56Z,app.bsky.actor.getProfiles,200,106.996,0,,
2026-03-22T13:20:56Z,app.bsky.actor.getProfiles,200,178.025,0,,
2026-03-22T13:20:57Z,app.bsky.actor.getProfiles,200,132.308,0,,
2026-03-22T13:20:57Z,app.bsky.actor.getProfiles,200,98.732,0,,
2026-03-22T13:20:57Z,app.bsky.actor.getProfiles,200,91.705,0,,
2026-03-22T13:20:57Z,app.bsky.actor.getProfiles,200,96.398,0,,
2026-03-22T13:20:57Z,app.bsky.actor.getProfiles,200,166.362,0,,
2026-03-22T13:20:57Z,app.bsky.actor.getProfiles,200,86.665,0,,
2026-03-22T13:20:57Z,app.bsky.actor.getProfiles,200,172.861,0,,
2026-03-22T13:20:58Z,app.bsky.actor.getProfiles,200,96.232,0,,
2026-03-22T13:20:58Z,app.bsky.actor.getProfiles,200,165.575,0,,
2026-03-22T13:20:58Z,app.bsky.actor.getProfiles,200,94.649,0,,
2026-03-22T13:20:58Z,app.bsky.actor.getProfiles,200,95.792,0,,
2026-03-22T13:20:58Z,app.bsky.actor.getProfiles,200,87.266,0,,
2026-03-22T13:20:58Z,app.bsky.actor.getProfiles,200,100.744,0,,
2026-03-22T13:20:58Z,app.bsky.actor.getProfiles,200,140.163,0,,
2026-03-22T13:20:58Z,app.bsky.actor.getProfiles,200,97.851,0,,
2026-03-22T13:20:58Z,app.bsky.actor.getProfiles,200,110.45,0,,
2026-03-22T13:20:59Z,app.bsky.actor.getProfiles,200,95.64,0,,
2026-03-22T13:20:59Z,app.bsky.actor.getProfiles,200,93.26,0,,
2026-03-22T13:20:59Z,app.bsky.actor.getProfiles,200,114.447,0,,
2026-03-22T13:20:59Z,app.bsky.actor.getProfiles,200,107.613,0,,
2026-03-22T13:20:59Z,app.bsky.actor.getProfiles,200,93.929,0,,
2026-03-22T13:20:59Z,app.bsky.actor.getProfiles,200,97.964,0,,
2026-03-22T13:20:59Z,app.bsky.actor.getProfiles,200,100.408,0,,
2026-03-22T13:20:59Z,app.bsky.actor.getProfiles,200,120.092,0,,
2026-03-22T13:20:59Z,app.bsky.actor.getProfiles,200,103.112,0,,
2026-03-22T13:20:59Z,app.bsky.actor.getProfiles,200,88.902,0,,
2026-03-22T13:21:00Z,app.bsky.actor.getProfiles,200,90.7,0,,
2026-03-22T13:21:00Z,app.bsky.actor.getProfiles,200,95.941,0,,
2026-03-22T13:21:00Z,app.bsky.actor.getProfiles,200,126.116,0,,
2026-03-22T13:21:00Z,app.bsky.actor.getProfiles,200,88.839,0,,
2026-03-22T13:21:00Z,app.bsky.actor.getProfiles,200,98.357,0,,
2026-03-22T13:21:00Z,app.bsky.actor.getProfiles,200,102.976,0,,
2026-03-22T13:21:00Z,app.bsky.actor.getProfiles,200,91.001,0,,
2026-03-22T13:21:00Z,app.bsky.actor.getProfiles,200,133.344,0,,
2026-03-22T13:21:00Z,app.bsky.actor.getProfiles,200,96.033,0,,
2026-03-22T13:21:00Z,app.bsky.actor.getProfiles,200,90.034,0,,
2026-03-22T13:21:01Z,app.bsky.actor.getProfiles,200,97.004,0,,
2026-03-22T13:21:01Z,app.bsky.actor.getProfiles,200,128.679,0,,
2026-03-22T13:21:01Z,app.bsky.actor.getProfiles,200,109.52,0,,
2026-03-22T13:21:01Z,app.bsky.actor.getProfiles,200,96.805,0,,
2026-03-22T13:21:01Z,app.bsky.actor.getProfiles,200,89.8,0,,
2026-03-22T13:21:01Z,app.bsky.actor.getProfiles,200,95.943,0,,
2026-03-22T13:21:01Z,app.bsky.actor.getProfiles,200,108.008,0,,
2026-03-22T13:21:01Z,app.bsky.actor.getProfiles,200,88.452,0,,
2026-03-22T13:21:02Z,app.bsky.actor.getProfiles,200,94.334,0,,
2026-03-22T13:21:02Z,app.bsky.actor.getProfiles,200,94.574,0,,
2026-03-22T13:21:02Z,app.bsky.actor.getProfiles,200,97.0,0,,
2026-03-22T13:21:02Z,app.bsky.actor.getProfiles,200,144.875,0,,
2026-03-22T13:21:02Z,app.bsky.actor.getProfiles,200,94.273,0,,
2026-03-22T13:21:02Z,app.bsky.actor.getProfiles,200,93.401,0,,
2026-03-22T13:21:02Z,app.bsky.actor.getProfiles,200,92.997,0,,
2026-03-22T13:21:02Z,app.bsky.actor.getProfiles,200,92.923,0,,
2026-03-22T13:21:02Z,app.bsky.actor.getProfiles,200,137.305,0,,
2026-03-22T13:21:02Z,app.bsky.actor.getProfiles,200,95.664,0,,
2026-03-22T13:21:03Z,app.bsky.actor.getProfiles,200,101.002,0,,
2026-03-22T13:21:03Z,app.bsky.actor.getProfiles,200,102.717,0,,
2026-03-22T13:21:03Z,app.bsky.actor.getProfiles,200,89.921,0,,
2026-03-22T13:21:03Z,app.bsky.actor.getProfiles,200,109.427,0,,
2026-03-22T13:21:03Z,app.bsky.actor.getProfiles,200,93.765,0,,
2026-03-22T13:21:03Z,app.bsky.actor.getProfiles,200,104.305,0,,
2026-03-22T13:21:03Z,app.bsky.actor.getProfiles,200,97.37,0,,
2026-03-22T13:21:03Z,app.bsky.actor.getProfiles,200,103.767,0,,
2026-03-22T13:21:03Z,app.bsky.actor.getProfiles,200,186.259,0,,
2026-03-22T13:21:04Z,app.bsky.actor.getProfiles,200,91.79,0,,
2026-03-22T13:21:04Z,app.bsky.actor.getProfiles,200,95.189,0,,
2026-03-22T13:21:04Z,app.bsky.actor.getProfiles,200,101.596,0,,
2026-03-22T13:21:04Z,app.bsky.actor.getProfiles,200,123.817,0,,
2026-03-22T13:21:04Z,app.bsky.actor.getProfiles,200,102.14,0,,
2026-03-22T13:21:04Z,app.bsky.actor.getProfiles,200,98.734,0,,
2026-03-22T13:21:04Z,app.bsky.actor.getProfiles,200,95.536,0,,
2026-03-22T13:21:04Z,app.bsky.actor.getProfiles,200,129.808,0,,
2026-03-22T13:21:05Z,app.bsky.actor.getProfiles,200,101.438,0,,
2026-03-22T13:21:05Z,app.bsky.actor.getProfiles,200,96.406,0,,
2026-03-22T13:21:05Z,app.bsky.actor.getProfiles,200,99.589,0,,
2026-03-22T13:21:05Z,app.bsky.actor.getProfiles,200,99.675,0,,
2026-03-22T13:21:05Z,app.bsky.actor.getProfiles,200,106.749,0,,
2026-03-22T13:21:05Z,app.bsky.actor.getProfiles,200,104.253,0,,
2026-03-22T13:21:05Z,app.bsky.actor.getProfiles,200,96.186,0,,
2026-03-22T13:21:05Z,app.bsky.actor.getProfiles,200,100.432,0,,
2026-03-22T13:21:05Z,app.bsky.actor.getProfiles,200,104.971,0,,
2026-03-22T13:21:06Z,app.bsky.actor.getProfiles,200,171.366,0,,
2026-03-22T13:21:06Z,app.bsky.actor.getProfiles,200,91.913,0,,
2026-03-22T13:21:06Z,app.bsky.actor.getProfiles,200,98.255,0,,
2026-03-22T13:21:06Z,app.bsky.actor.getProfiles,200,96.628,0,,
2026-03-22T13:21:06Z,app.bsky.actor.getProfiles,200,132.849,0,,
2026-03-22T13:21:06Z,app.bsky.actor.getProfiles,200,103.042,0,,
2026-03-22T13:21:06Z,app.bsky.actor.getProfiles,200,96.324,0,,
2026-03-22T13:21:06Z,app.bsky.actor.getProfiles,200,108.781,0,,
2026-03-22T13:21:06Z,app.bsky.actor.getProfiles,200,96.169,0,,
2026-03-22T13:21:07Z,app.bsky.actor.getProfiles,200,160.106,0,,
2026-03-22T13:21:07Z,app.bsky.actor.getProfiles,200,103.521,0,,
2026-03-22T13:21:07Z,app.bsky.actor.getProfiles,200,94.608,0,,
2026-03-22T13:21:07Z,app.bsky.actor.getProfiles,200,159.623,0,,
2026-03-22T13:21:07Z,app.bsky.actor.getProfiles,200,101.315,0,,
2026-03-22T13:21:07Z,app.bsky.actor.getProfiles,200,100.015,0,,
2026-03-22T13:21:07Z,app.bsky.actor.getProfiles,200,98.487,0,,
2026-03-22T13:21:08Z,app.bsky.actor.getProfiles,200,101.548,0,,
2026-03-22T13:21:08Z,app.bsky.actor.getProfiles,200,176.211,0,,
2026-03-22T13:21:08Z,app.bsky.actor.getProfiles,200,90.43,0,,
2026-03-22T13:21:08Z,app.bsky.actor.getProfiles,200,95.267,0,,
2026-03-22T13:21:08Z,app.bsky.actor.getProfiles,200,95.603,0,,
2026-03-22T13:21:08Z,app.bsky.actor.getProfiles,200,136.244,0,,
2026-03-22T13:21:08Z,app.bsky.actor.getProfiles,200,95.081,0,,
2026-03-22T13:21:08Z,app.bsky.actor.getProfiles,200,95.595,0,,
2026-03-22T13:21:08Z,app.bsky.actor.getProfiles,200,98.461,0,,
2026-03-22T13:21:09Z,app.bsky.actor.getProfiles,200,94.301,0,,
2026-03-22T13:21:09Z,app.bsky.actor.getProfiles,200,177.074,0,,
2026-03-22T13:21:09Z,app.bsky.actor.getProfiles,200,95.76,0,,
2026-03-22T13:21:09Z,app.bsky.actor.getProfiles,200,90.87,0,,
2026-03-22T13:21:09Z,app.bsky.actor.getProfiles,200,93.397,0,,
2026-03-22T13:21:09Z,app.bsky.actor.getProfiles,200,140.153,0,,
2026-03-22T13:21:09Z,app.bsky.actor.getProfiles,200,92.262,0,,
2026-03-22T13:21:10Z,app.bsky.actor.getProfiles,200,88.552,0,,
2026-03-22T13:21:10Z,app.bsky.actor.getProfiles,200,181.412,0,,
2026-03-22T13:21:10Z,app.bsky.actor.getProfiles,200,101.081,0,,
2026-03-22T13:21:10Z,app.bsky.actor.getProfiles,200,97.051,0,,
2026-03-22T13:21:10Z,app.bsky.actor.getProfiles,200,102.967,0,,
2026-03-22T13:21:10Z,app.bsky.actor.getProfiles,200,104.004,0,,
2026-03-22T13:21:10Z,app.bsky.actor.getProfiles,200,170.141,0,,
2026-03-22T13:21:10Z,app.bsky.actor.getProfiles,200,90.435,0,,
2026-03-22T13:21:11Z,app.bsky.actor.getProfiles,200,93.075,0,,
2026-03-22T13:21:11Z,app.bsky.actor.getProfiles,200,91.984,0,,
2026-03-22T13:21:11Z,app.bsky.actor.getProfiles,200,151.858,0,,
2026-03-22T13:21:11Z,app.bsky.actor.getProfiles,200,93.378,0,,
2026-03-22T13:21:11Z,app.bsky.actor.getProfiles,200,91.969,0,,
2026-03-22T13:21:11Z,app.bsky.actor.getProfiles,200,103.053,0,,
2026-03-22T13:21:11Z,app.bsky.actor.getProfiles,200,102.616,0,,
2026-03-22T13:21:11Z,app.bsky.actor.getProfiles,200,197.177,0,,
2026-03-22T13:21:11Z,app.bsky.actor.getProfiles,200,101.755,0,,
2026-03-22T13:21:12Z,app.bsky.actor.getProfiles,200,103.361,0,,
2026-03-22T13:21:12Z,app.bsky.actor.getProfiles,200,101.682,0,,
2026-03-22T13:21:12Z,app.bsky.actor.getProfiles,200,107.091,0,,
2026-03-22T13:21:12Z,app.bsky.actor.getProfiles,200,94.133,0,,
2026-03-22T13:21:12Z,app.bsky.actor.getProfiles,200,96.492,0,,
2026-03-22T13:21:12Z,app.bsky.actor.getProfiles,200,99.362,0,,
2026-03-22T13:21:12Z,app.bsky.actor.getProfiles,200,122.808,0,,
2026-03-22T13:21:12Z,app.bsky.actor.getProfiles,200,98.253,0,,
2026-03-22T13:21:13Z,app.bsky.actor.getProfiles,200,106.65,0,,
2026-03-22T13:21:13Z,app.bsky.actor.getProfiles,200,97.845,0,,
2026-03-22T13:21:13Z,app.bsky.actor.getProfiles,200,106.959,0,,
2026-03-22T13:21:13Z,app.bsky.actor.getProfiles,200,180.754,0,,
2026-03-22T13:21:13Z,app.bsky.actor.getProfiles,200,100.86,0,,
2026-03-22T13:21:13Z,app.bsky.actor.getProfiles,200,89.424,0,,
2026-03-22T13:21:13Z,app.bsky.actor.getProfiles,200,96.139,0,,
2026-03-22T13:21:13Z,app.bsky.actor.getProfiles,200,135.0,0,,
2026-03-22T13:21:14Z,app.bsky.actor.getProfiles,200,94.012,0,,
2026-03-22T13:21:14Z,app.bsky.actor.getProfiles,200,108.058,0,,
2026-03-22T13:21:14Z,app.bsky.actor.getProfiles,200,97.54,0,,
2026-03-22T13:21:14Z,app.bsky.actor.getProfiles,200,103.046,0,,
2026-03-22T13:21:14Z,app.bsky.actor.getProfiles,200,164.325,0,,
2026-03-22T13:21:14Z,app.bsky.actor.getProfiles,200,97.276,0,,
2026-03-22T13:21:14Z,app.bsky.actor.getProfiles,200,128.203,0,,
2026-03-22T13:21:15Z,app.bsky.actor.getProfiles,200,160.521,0,,
2026-03-22T13:21:15Z,app.bsky.actor.getProfiles,200,104.094,0,,
2026-03-22T13:21:15Z,app.bsky.actor.getProfiles,200,90.757,0,,
2026-03-22T13:21:15Z,app.bsky.actor.getProfiles,200,135.691,0,,
2026-03-22T16:21:06Z,app.bsky.actor.getProfiles,200,152.184,0,,
2026-03-22T16:21:06Z,app.bsky.actor.getProfiles,200,87.822,0,,
2026-03-22T16:21:06Z,app.bsky.actor.getProfiles,200,186.241,0,,
2026-03-22T16:21:06Z,app.bsky.actor.getProfiles,200,100.944,0,,
2026-03-22T16:21:06Z,app.bsky.actor.getProfiles,200,93.3,0,,
2026-03-22T16:21:06Z,app.bsky.actor.getProfiles,200,96.309,0,,
2026-03-22T16:21:07Z,app.bsky.actor.getProfiles,200,95.362,0,,
2026-03-22T16:21:07Z,app.bsky.actor.getProfiles,200,130.936,0,,
2026-03-22T16:21:07Z,app.bsky.actor.getProfiles,200,100.056,0,,
2026-03-22T16:21:07Z,app.bsky.actor.getProfiles,200,92.828,0,,
2026-03-22T16:21:07Z,app.bsky.actor.getProfiles,200,89.274,0,,
2026-03-22T16:21:07Z,app.bsky.actor.getProfiles,200,160.892,0,,
2026-03-22T16:21:07Z,app.bsky.actor.getProfiles,200,94.464,0,,
2026-03-22T16:21:07Z,app.bsky.actor.getProfiles,200,94.121,0,,
2026-03-22T16:21:08Z,app.bsky.actor.getProfiles,200,89.055,0,,
2026-03-22T16:21:08Z,app.bsky.actor.getProfiles,200,91.851,0,,
2026-03-22T16:21:08Z,app.bsky.actor.getProfiles,200,147.09,0,,
2026-03-22T16:21:08Z,app.bsky.actor.getProfiles,200,101.145,0,,
2026-03-22T16:21:08Z,app.bsky.actor.getProfiles,200,87.833,0,,
2026-03-22T16:21:08Z,app.bsky.actor.getProfiles,200,91.841,0,,
2026-03-22T16:21:08Z,app.bsky.actor.getProfiles,200,159.176,0,,
2026-03-22T16:21:08Z,app.bsky.actor.getProfiles,200,98.543,0,,
2026-03-22T16:21:08Z,app.bsky.actor.getProfiles,200,131.484,0,,
2026-03-22T16:21:09Z,app.bsky.actor.getProfiles,200,125.61,0,,
2026-03-22T16:21:09Z,app.bsky.actor.getProfiles,200,147.567,0,,
2026-03-22T16:21:09Z,app.bsky.actor.getProfiles,200,92.987,0,,
2026-03-22T16:21:09Z,app.bsky.actor.getProfiles,200,89.75,0,,
2026-03-22T16:21:09Z,app.bsky.actor.getProfiles,200,87.488,0,,
2026-03-22T16:21:09Z,app.bsky.actor.getProfiles,200,120.609,0,,
2026-03-22T16:21:09Z,app.bsky.actor.getProfiles,200,96.534,0,,
2026-03-22T16:21:10Z,app.bsky.actor.getProfiles,200,91.887,0,,
2026-03-22T16:21:10Z,app.bsky.actor.getProfiles,200,89.096,0,,
2026-03-22T16:21:10Z,app.bsky.actor.getProfiles,200,104.367,0,,
2026-03-22T16:21:10Z,app.bsky.actor.getProfiles,200,142.155,0,,
2026-03-22T16:21:10Z,app.bsky.actor.getProfiles,200,97.962,0,,
2026-03-22T16:21:10Z,app.bsky.actor.getProfiles,200,93.084,0,,
2026-03-22T16:21:10Z,app.bsky.actor.getProfiles,200,89.571,0,,
2026-03-22T16:21:10Z,app.bsky.actor.getProfiles,200,172.2,0,,
2026-03-22T16:21:10Z,app.bsky.actor.getProfiles,200,97.81,0,,
2026-03-22T16:21:11Z,app.bsky.actor.getProfiles,200,97.293,0,,
2026-03-22T16:21:11Z,app.bsky.actor.getProfiles,200,94.163,0,,
2026-03-22T16:21:11Z,app.bsky.actor.getProfiles,200,91.501,0,,
2026-03-22T16:21:11Z,app.bsky.actor.getProfiles,200,143.323,0,,
2026-03-22T16:21:11Z,app.bsky.actor.getProfiles,200,94.48,0,,
2026-03-22T16:21:11Z,app.bsky.actor.getProfiles,200,91.279,0,,
2026-03-22T16:21:11Z,app.bsky.actor.getProfiles,200,89.795,0,,
2026-03-22T16:21:11Z,app.bsky.actor.getProfiles,200,173.811,0,,
2026-03-22T16:21:12Z,app.bsky.actor.getProfiles,200,100.892,0,,
2026-03-22T16:21:12Z,app.bsky.actor.getProfiles,200,95.276,0,,
2026-03-22T16:21:12Z,app.bsky.actor.getProfiles,200,89.949,0,,
2026-03-22T16:21:12Z,app.bsky.actor.getProfiles,200,94.435,0,,
2026-03-22T16:21:12Z,app.bsky.actor.getProfiles,200,127.368,0,,
2026-03-22T16:21:12Z,app.bsky.actor.getProfiles,200,99.02,0,,
2026-03-22T16:21:12Z,app.bsky.actor.getProfiles,200,89.316,0,,
2026-03-22T16:21:12Z,app.bsky.actor.getProfiles,200,102.903,0,,
2026-03-22T16:21:12Z,app.bsky.actor.getProfiles,200,97.094,0,,
2026-03-22T16:21:12Z,app.bsky.actor.getProfiles,200,141.562,0,,
2026-03-22T16:21:13Z,app.bsky.actor.getProfiles,200,93.793,0,,
2026-03-22T16:21:13Z,app.bsky.actor.getProfiles,200,88.8,0,,
2026-03-22T16:21:13Z,app.bsky.actor.getProfiles,200,94.258,0,,
2026-03-22T16:21:13Z,app.bsky.actor.getProfiles,200,92.231,0,,
2026-03-22T16:21:13Z,app.bsky.actor.getProfiles,200,139.573,0,,
2026-03-22T16:21:13Z,app.bsky.actor.getProfiles,200,103.39,0,,
2026-03-22T16:21:13Z,app.bsky.actor.getProfiles,200,93.428,0,,
2026-03-22T16:21:13Z,app.bsky.actor.getProfiles,200,99.331,0,,
2026-03-22T16:21:13Z,app.bsky.actor.getProfiles,200,91.694,0,,
2026-03-22T16:21:13Z,app.bsky.actor.getProfiles,200,116.449,0,,
2026-03-22T16:21:14Z,app.bsky.actor.getProfiles,200,95.643,0,,
2026-03-22T16:21:14Z,app.bsky.actor.getProfiles,200,87.192,0,,
2026-03-22T16:21:14Z,app.bsky.actor.getProfiles,200,99.334,0,,
2026-03-22T16:21:14Z,app.bsky.actor.getProfiles,200,95.392,0,,
2026-03-22T16:21:14Z,app.bsky.actor.getProfiles,200,139.798,0,,
2026-03-22T16:21:14Z,app.bsky.actor.getProfiles,200,85.803,0,,
2026-03-22T16:21:14Z,app.bsky.actor.getProfiles,200,91.122,0,,
2026-03-22T16:21:14Z,app.bsky.actor.getProfiles,200,93.893,0,,
2026-03-22T16:21:14Z,app.bsky.actor.getProfiles,200,176.508,0,,
2026-03-22T16:21:15Z,app.bsky.actor.getProfiles,200,104.735,0,,
2026-03-22T16:21:15Z,app.bsky.actor.getProfiles,200,95.519,0,,
2026-03-22T16:21:15Z,app.bsky.actor.getProfiles,200,94.703,0,,
2026-03-22T16:21:15Z,app.bsky.actor.getProfiles,200,101.522,0,,
2026-03-22T16:21:15Z,app.bsky.actor.getProfiles,200,177.069,0,,
2026-03-22T16:21:15Z,app.bsky.actor.getProfiles,200,103.194,0,,
2026-03-22T16:21:15Z,app.bsky.actor.getProfiles,200,94.775,0,,
2026-03-22T16:21:15Z,app.bsky.actor.getProfiles,200,90.034,0,,
2026-03-22T16:21:16Z,app.bsky.actor.getProfiles,200,148.485,0,,
2026-03-22T16:21:16Z,app.bsky.actor.getProfiles,200,87.965,0,,
2026-03-22T16:21:16Z,app.bsky.actor.getProfiles,200,94.795,0,,
2026-03-22T16:21:16Z,app.bsky.actor.getProfiles,200,99.6,0,,
2026-03-22T16:21:16Z,app.bsky.actor.getProfiles,200,92.572,0,,
2026-03-22T16:21:16Z,app.bsky.actor.getProfiles,200,145.077,0,,
2026-03-22T16:21:16Z,app.bsky.actor.getProfiles,200,96.252,0,,
2026-03-22T16:21:16Z,app.bsky.actor.getProfiles,200,89.34,0,,
2026-03-22T16:21:16Z,app.bsky.actor.getProfiles,200,93.808,0,,
2026-03-22T16:21:17Z,app.bsky.actor.getProfiles,200,91.412,0,,
2026-03-22T16:21:17Z,app.bsky.actor.getProfiles,200,160.054,0,,
2026-03-22T16:21:17Z,app.bsky.actor.getProfiles,200,86.053,0,,
2026-03-22T16:21:17Z,app.bsky.actor.getProfiles,200,93.973,0,,
2026-03-22T16:21:17Z,app.bsky.actor.getProfiles,200,93.007,0,,
2026-03-22T16:21:17Z,app.bsky.actor.getProfiles,200,85.639,0,,
2026-03-22T16:21:17Z,app.bsky.actor.getProfiles,200,156.29,0,,
2026-03-22T16:21:17Z,app.bsky.actor.getProfiles,200,105.411,0,,
2026-03-22T16:21:17Z,app.bsky.actor.getProfiles,200,91.49,0,,
2026-03-22T16:21:17Z,app.bsky.actor.getProfiles,200,93.08,0,,
2026-03-22T16:21:18Z,app.bsky.actor.getProfiles,200,92.324,0,,
2026-03-22T16:21:18Z,app.bsky.actor.getProfiles,200,125.122,0,,
2026-03-22T16:21:18Z,app.bsky.actor.getProfiles,200,93.873,0,,
2026-03-22T16:21:18Z,app.bsky.actor.getProfiles,200,88.816,0,,
2026-03-22T16:21:18Z,app.bsky.actor.getProfiles,200,90.305,0,,
2026-03-22T16:21:18Z,app.bsky.actor.getProfiles,200,95.453,0,,
2026-03-22T16:21:18Z,app.bsky.actor.getProfiles,200,150.359,0,,
2026-03-22T16:21:18Z,app.bsky.actor.getProfiles,200,98.699,0,,
2026-03-22T16:21:18Z,app.bsky.actor.getProfiles,200,90.576,0,,
2026-03-22T16:21:19Z,app.bsky.actor.getProfiles,200,100.751,0,,
2026-03-22T16:21:19Z,app.bsky.actor.getProfiles,200,91.17,0,,
2026-03-22T16:21:19Z,app.bsky.actor.getProfiles,200,139.19,0,,
2026-03-22T16:21:19Z,app.bsky.actor.getProfiles,200,96.883,0,,
2026-03-22T16:21:19Z,app.bsky.actor.getProfiles,200,92.725,0,,
2026-03-22T16:21:19Z,app.bsky.actor.getProfiles,200,171.416,0,,
2026-03-22T16:21:19Z,app.bsky.actor.getProfiles,200,93.841,0,,
2026-03-22T16:21:19Z,app.bsky.actor.getProfiles,200,96.765,0,,
2026-03-22T16:21:20Z,app.bsky.actor.getProfiles,200,91.192,0,,
2026-03-22T16:21:20Z,app.bsky.actor.getProfiles,200,249.302,0,,
2026-03-22T16:21:20Z,app.bsky.actor.getProfiles,200,90.317,0,,
2026-03-22T16:21:20Z,app.bsky.actor.getProfiles,200,95.616,0,,
2026-03-22T16:21:20Z,app.bsky.actor.getProfiles,200,97.65,0,,
2026-03-22T16:21:20Z,app.bsky.actor.getProfiles,200,183.631,0,,
2026-03-22T16:21:20Z,app.bsky.actor.getProfiles,200,96.005,0,,
2026-03-22T16:21:21Z,app.bsky.actor.getProfiles,200,97.35,0,,
2026-03-22T16:21:21Z,app.bsky.actor.getProfiles,200,97.753,0,,
2026-03-22T16:21:21Z,app.bsky.actor.getProfiles,200,93.307,0,,
2026-03-22T16:21:21Z,app.bsky.actor.getProfiles,200,186.696,0,,
2026-03-22T16:21:21Z,app.bsky.actor.getProfiles,200,95.062,0,,
2026-03-22T16:21:21Z,app.bsky.actor.getProfiles,200,99.107,0,,
2026-03-22T16:21:21Z,app.bsky.actor.getProfiles,200,97.949,0,,
2026-03-22T16:21:21Z,app.bsky.actor.getProfiles,200,117.901,0,,
2026-03-22T16:21:22Z,app.bsky.actor.getProfiles,200,96.166,0,,
2026-03-22T16:21:22Z,app.bsky.actor.getProfiles,200,99.283,0,,
2026-03-22T16:21:22Z,app.bsky.actor.getProfiles,200,96.83,0,,
2026-03-22T16:21:22Z,app.bsky.actor.getProfiles,200,179.712,0,,
2026-03-22T16:21:22Z,app.bsky.actor.getProfiles,200,90.685,0,,
2026-03-22T16:21:22Z,app.bsky.actor.getProfiles,200,93.126,0,,
2026-03-22T16:21:22Z,app.bsky.actor.getProfiles,200,97.691,0,,
2026-03-22T16:21:22Z,app.bsky.actor.getProfiles,200,180.574,0,,
2026-03-22T16:21:23Z,app.bsky.actor.getProfiles,200,89.646,0,,
2026-03-22T16:21:23Z,app.bsky.actor.getProfiles,200,98.188,0,,
2026-03-22T16:21:23Z,app.bsky.actor.getProfiles,200,91.509,0,,
2026-03-22T16:21:23Z,app.bsky.actor.getProfiles,200,106.157,0,,
2026-03-22T16:21:23Z,app.bsky.actor.getProfiles,200,98.131,0,,
2026-03-22T16:21:23Z,app.bsky.actor.getProfiles,200,94.736,0,,
2026-03-22T16:21:23Z,app.bsky.actor.getProfiles,200,90.263,0,,
2026-03-22T16:21:23Z,app.bsky.actor.getProfiles,200,96.02,0,,
2026-03-22T16:21:23Z,app.bsky.actor.getProfiles,200,105.624,0,,
2026-03-22T16:21:24Z,app.bsky.actor.getProfiles,200,96.681,0,,
2026-03-22T16:21:24Z,app.bsky.actor.getProfiles,200,169.598,0,,
2026-03-22T16:21:24Z,app.bsky.actor.getProfiles,200,99.693,0,,
2026-03-22T16:21:24Z,app.bsky.actor.getProfiles,200,123.401,0,,
2026-03-22T16:21:24Z,app.bsky.actor.getProfiles,200,90.886,0,,
2026-03-22T16:21:24Z,app.bsky.actor.getProfiles,200,97.72,0,,
2026-03-22T16:21:24Z,app.bsky.actor.getProfiles,200,97.74,0,,
2026-03-22T16:21:24Z,app.bsky.actor.getProfiles,200,98.436,0,,
2026-03-22T16:21:25Z,app.bsky.actor.getProfiles,200,108.99,0,,
2026-03-22T16:21:25Z,app.bsky.actor.getProfiles,200,96.644,0,,
2026-03-22T16:21:25Z,app.bsky.actor.getProfiles,200,95.486,0,,
2026-03-22T16:21:25Z,app.bsky.actor.getProfiles,200,98.92,0,,
2026-03-22T16:21:25Z,app.bsky.actor.getProfiles,200,90.436,0,,
2026-03-22T16:21:25Z,app.bsky.actor.getProfiles,200,102.963,0,,
2026-03-22T16:21:25Z,app.bsky.actor.getProfiles,200,93.493,0,,
2026-03-22T16:21:25Z,app.bsky.actor.getProfiles,200,98.994,0,,
2026-03-22T16:21:25Z,app.bsky.actor.getProfiles,200,91.545,0,,
2026-03-22T16:21:25Z,app.bsky.actor.getProfiles,200,95.654,0,,
2026-03-22T16:21:26Z,app.bsky.actor.getProfiles,200,101.646,0,,
2026-03-22T16:21:26Z,app.bsky.actor.getProfiles,200,94.803,0,,
2026-03-22T16:21:26Z,app.bsky.actor.getProfiles,200,100.337,0,,
2026-03-22T16:21:26Z,app.bsky.actor.getProfiles,200,100.551,0,,
2026-03-22T16:21:26Z,app.bsky.actor.getProfiles,200,115.419,0,,
2026-03-22T16:21:26Z,app.bsky.actor.getProfiles,200,96.84,0,,
2026-03-22T16:21:26Z,app.bsky.actor.getProfiles,200,94.916,0,,
2026-03-22T16:21:26Z,app.bsky.actor.getProfiles,200,100.475,0,,
2026-03-22T16:21:27Z,app.bsky.actor.getProfiles,200,98.219,0,,
2026-03-22T16:21:27Z,app.bsky.actor.getProfiles,200,104.881,0,,
2026-03-22T16:21:27Z,app.bsky.actor.getProfiles,200,100.652,0,,
2026-03-22T16:21:27Z,app.bsky.actor.getProfiles,200,101.533,0,,
2026-03-22T16:21:27Z,app.bsky.actor.getProfiles,200,94.995,0,,
2026-03-22T16:21:27Z,app.bsky.actor.getProfiles,200,175.791,0,,
2026-03-22T16:21:27Z,app.bsky.actor.getProfiles,200,95.595,0,,
2026-03-22T16:21:27Z,app.bsky.actor.getProfiles,200,98.967,0,,
2026-03-22T16:21:27Z,app.bsky.actor.getProfiles,200,93.631,0,,
2026-03-22T16:21:28Z,app.bsky.actor.getProfiles,200,100.89,0,,
2026-03-22T16:21:28Z,app.bsky.actor.getProfiles,200,183.27,0,,
2026-03-22T16:21:28Z,app.bsky.actor.getProfiles,200,97.921,0,,
2026-03-22T16:21:28Z,app.bsky.actor.getProfiles,200,97.989,0,,
2026-03-22T16:21:28Z,app.bsky.actor.getProfiles,200,95.727,0,,
2026-03-22T16:21:28Z,app.bsky.actor.getProfiles,200,122.243,0,,
2026-03-22T16:21:28Z,app.bsky.actor.getProfiles,200,107.958,0,,
2026-03-22T16:21:28Z,app.bsky.actor.getProfiles,200,108.591,0,,
2026-03-22T16:21:29Z,app.bsky.actor.getProfiles,200,95.867,0,,
2026-03-22T16:21:29Z,app.bsky.actor.getProfiles,200,98.77,0,,
2026-03-22T16:21:29Z,app.bsky.actor.getProfiles,200,180.309,0,,
2026-03-22T16:21:29Z,app.bsky.actor.getProfiles,200,99.246,0,,
2026-03-22T16:21:29Z,app.bsky.actor.getProfiles,200,96.235,0,,
2026-03-22T16:21:29Z,app.bsky.actor.getProfiles,200,184.888,0,,
2026-03-22T16:21:29Z,app.bsky.actor.getProfiles,200,104.68,0,,
2026-03-22T16:21:30Z,app.bsky.actor.getProfiles,200,101.271,0,,
2026-03-22T16:21:30Z,app.bsky.actor.getProfiles,200,104.171,0,,
2026-03-22T16:21:30Z,app.bsky.actor.getProfiles,200,184.026,0,,
2026-03-22T16:21:30Z,app.bsky.actor.getProfiles,200,106.978,0,,
2026-03-22T16:21:30Z,app.bsky.actor.getProfiles,200,107.59,0,,
2026-03-22T16:21:30Z,app.bsky.actor.getProfiles,200,99.388,0,,
2026-03-22T16:21:30Z,app.bsky.actor.getProfiles,200,189.639,0,,
2026-03-22T16:21:30Z,app.bsky.actor.getProfiles,200,92.117,0,,
2026-03-22T16:21:31Z,app.bsky.actor.getProfiles,200,124.464,0,,
2026-03-22T16:21:31Z,app.bsky.actor.getProfiles,200,98.752,0,,
2026-03-22T16:21:31Z,app.bsky.actor.getProfiles,200,199.799,0,,
2026-03-22T16:21:31Z,app.bsky.actor.getProfiles,200,101.89,0,,
2026-03-22T16:21:31Z,app.bsky.actor.getProfiles,200,90.715,0,,
2026-03-22T16:21:31Z,app.bsky.actor.getProfiles,200,99.343,0,,
2026-03-22T16:21:31Z,app.bsky.actor.getProfiles,200,110.304,0,,
2026-03-22T16:21:31Z,app.bsky.actor.getProfiles,200,100.621,0,,
2026-03-22T16:21:32Z,app.bsky.actor.getProfiles,200,96.279,0,,
2026-03-22T16:21:32Z,app.bsky.actor.getProfiles,200,87.354,0,,
2026-03-22T16:21:32Z,app.bsky.actor.getProfiles,200,102.024,0,,
2026-03-22T16:21:32Z,app.bsky.actor.getProfiles,200,112.228,0,,
2026-03-22T16:21:32Z,app.bsky.actor.getProfiles,200,96.989,0,,
2026-03-22T16:21:32Z,app.bsky.actor.getProfiles,200,95.941,0,,
2026-03-22T16:21:32Z,app.bsky.actor.getProfiles,200,89.182,0,,
2026-03-22T16:21:32Z,app.bsky.actor.getProfiles,200,154.925,0,,
2026-03-22T16:21:32Z,app.bsky.actor.getProfiles,200,96.169,0,,
2026-03-22T16:21:33Z,app.bsky.actor.getProfiles,200,100.572,0,,
2026-03-22T16:21:33Z,app.bsky.actor.getProfiles,200,96.779,0,,
2026-03-22T16:21:33Z,app.bsky.actor.getProfiles,200,102.41,0,,
2026-03-22T16:21:33Z,app.bsky.actor.getProfiles,200,182.958,0,,
2026-03-22T16:21:33Z,app.bsky.actor.getProfiles,200,88.342,0,,
2026-03-22T16:21:33Z,app.bsky.actor.getProfiles,200,94.21,0,,
2026-03-22T16:21:33Z,app.bsky.actor.getProfiles,200,89.648,0,,
2026-03-22T16:21:33Z,app.bsky.actor.getProfiles,200,131.855,0,,
2026-03-22T16:21:34Z,app.bsky.actor.getProfiles,200,90.638,0,,
2026-03-22T16:21:34Z,app.bsky.actor.getProfiles,200,97.761,0,,
2026-03-22T16:21:34Z,app.bsky.actor.getProfiles,200,89.104,0,,
2026-03-22T16:21:34Z,app.bsky.actor.getProfiles,200,160.895,0,,
2026-03-22T16:21:34Z,app.bsky.actor.getProfiles,200,90.949,0,,
2026-03-22T16:21:34Z,app.bsky.actor.getProfiles,200,97.425,0,,
2026-03-22T16:21:34Z,app.bsky.actor.getProfiles,200,90.484,0,,
2026-03-22T16:21:34Z,app.bsky.actor.getProfiles,200,122.649,0,,
2026-03-22T16:21:35Z,app.bsky.actor.getProfiles,200,95.854,0,,
2026-03-22T19:21:26Z,app.bsky.actor.getProfiles,200,168.399,0,,
2026-03-22T19:21:26Z,app.bsky.actor.getProfiles,200,97.568,0,,
2026-03-22T19:21:26Z,app.bsky.actor.getProfiles,200,100.336,0,,
2026-03-22T19:21:26Z,app.bsky.actor.getProfiles,200,129.503,0,,
2026-03-22T19:21:26Z,app.bsky.actor.getProfiles,200,94.867,0,,
2026-03-22T19:21:26Z,app.bsky.actor.getProfiles,200,95.238,0,,
2026-03-22T19:21:26Z,app.bsky.actor.getProfiles,200,96.326,0,,
2026-03-22T19:21:26Z,app.bsky.actor.getProfiles,200,94.364,0,,
2026-03-22T19:21:26Z,app.bsky.actor.getProfiles,200,139.262,0,,
2026-03-22T19:21:27Z,app.bsky.actor.getProfiles,200,89.796,0,,
2026-03-22T19:21:27Z,app.bsky.actor.getProfiles,200,94.115,0,,
2026-03-22T19:21:27Z,app.bsky.actor.getProfiles,200,99.395,0,,
2026-03-22T19:21:27Z,app.bsky.actor.getProfiles,200,106.483,0,,
2026-03-22T19:21:27Z,app.bsky.actor.getProfiles,200,127.032,0,,
2026-03-22T19:21:27Z,app.bsky.actor.getProfiles,200,97.757,0,,
2026-03-22T19:21:27Z,app.bsky.actor.getProfiles,200,99.195,0,,
2026-03-22T19:21:27Z,app.bsky.actor.getProfiles,200,107.723,0,,
2026-03-22T19:21:27Z,app.bsky.actor.getProfiles,200,139.445,0,,
2026-03-22T19:21:28Z,app.bsky.actor.getProfiles,200,97.079,0,,
2026-03-22T19:21:28Z,app.bsky.actor.getProfiles,200,100.282,0,,
2026-03-22T19:21:28Z,app.bsky.actor.getProfiles,200,96.854,0,,
2026-03-22T19:21:28Z,app.bsky.actor.getProfiles,200,97.574,0,,
2026-03-22T19:21:28Z,app.bsky.actor.getProfiles,200,127.031,0,,
2026-03-22T19:21:28Z,app.bsky.actor.getProfiles,200,92.746,0,,
2026-03-22T19:21:28Z,app.bsky.actor.getProfiles,200,89.13,0,,
2026-03-22T19:21:28Z,app.bsky.actor.getProfiles,200,93.282,0,,
2026-03-22T19:21:28Z,app.bsky.actor.getProfiles,200,101.828,0,,
2026-03-22T19:21:29Z,app.bsky.actor.getProfiles,200,140.441,0,,
2026-03-22T19:21:29Z,app.bsky.actor.getProfiles,200,100.389,0,,
2026-03-22T19:21:29Z,app.bsky.actor.getProfiles,200,91.716,0,,
2026-03-22T19:21:29Z,app.bsky.actor.getProfiles,200,99.377,0,,
2026-03-22T19:21:29Z,app.bsky.actor.getProfiles,200,96.562,0,,
2026-03-22T19:21:29Z,app.bsky.actor.getProfiles,200,125.396,0,,
2026-03-22T19:21:29Z,app.bsky.actor.getProfiles,200,92.1,0,,
2026-03-22T19:21:29Z,app.bsky.actor.getProfiles,200,97.449,0,,
2026-03-22T19:21:29Z,app.bsky.actor.getProfiles,200,93.244,0,,
2026-03-22T19:21:29Z,app.bsky.actor.getProfiles,200,100.33,0,,
2026-03-22T19:21:30Z,app.bsky.actor.getProfiles,200,131.681,0,,
2026-03-22T19:21:30Z,app.bsky.actor.getProfiles,200,96.375,0,,
2026-03-22T19:21:30Z,app.bsky.actor.getProfiles,200,97.267,0,,
2026-03-22T19:21:30Z,app.bsky.actor.getProfiles,200,100.434,0,,
2026-03-22T19:21:30Z,app.bsky.actor.getProfiles,200,90.653,0,,
2026-03-22T19:21:30Z,app.bsky.actor.getProfiles,200,104.615,0,,
2026-03-22T19:21:30Z,app.bsky.actor.getProfiles,200,94.978,0,,
2026-03-22T19:21:30Z,app.bsky.actor.getProfiles,200,91.009,0,,
2026-03-22T19:21:30Z,app.bsky.actor.getProfiles,200,92.643,0,,
2026-03-22T19:21:31Z,app.bsky.actor.getProfiles,200,92.059,0,,
2026-03-22T19:21:31Z,app.bsky.actor.getProfiles,200,156.683,0,,
2026-03-22T19:21:31Z,app.bsky.actor.getProfiles,200,100.888,0,,
2026-03-22T19:21:31Z,app.bsky.actor.getProfiles,200,89.523,0,,
2026-03-22T19:21:31Z,app.bsky.actor.getProfiles,200,96.168,0,,
2026-03-22T19:21:31Z,app.bsky.actor.getProfiles,200,89.763,0,,
2026-03-22T19:21:31Z,app.bsky.actor.getProfiles,200,130.375,0,,
2026-03-22T19:21:31Z,app.bsky.actor.getProfiles,200,93.204,0,,
2026-03-22T19:21:31Z,app.bsky.actor.getProfiles,200,97.944,0,,
2026-03-22T19:21:31Z,app.bsky.actor.getProfiles,200,89.609,0,,
2026-03-22T19:21:32Z,app.bsky.actor.getProfiles,200,109.946,0,,
2026-03-22T19:21:32Z,app.bsky.actor.getProfiles,200,110.384,0,,
2026-03-22T19:21:32Z,app.bsky.actor.getProfiles,200,100.768,0,,
2026-03-22T19:21:32Z,app.bsky.actor.getProfiles,200,86.658,0,,
2026-03-22T19:21:32Z,app.bsky.actor.getProfiles,200,101.021,0,,
2026-03-22T19:21:32Z,app.bsky.actor.getProfiles,200,93.498,0,,
2026-03-22T19:21:32Z,app.bsky.actor.getProfiles,200,133.7,0,,
2026-03-22T19:21:32Z,app.bsky.actor.getProfiles,200,104.707,0,,
2026-03-22T19:21:32Z,app.bsky.actor.getProfiles,200,99.804,0,,
2026-03-22T19:21:33Z,app.bsky.actor.getProfiles,200,94.299,0,,
2026-03-22T19:21:33Z,app.bsky.actor.getProfiles,200,118.483,0,,
2026-03-22T19:21:33Z,app.bsky.actor.getProfiles,200,104.669,0,,
2026-03-22T19:21:33Z,app.bsky.actor.getProfiles,200,95.77,0,,
2026-03-22T19:21:33Z,app.bsky.actor.getProfiles,200,93.391,0,,
2026-03-22T19:21:33Z,app.bsky.actor.getProfiles,200,88.244,0,,
2026-03-22T19:21:33Z,app.bsky.actor.getProfiles,200,92.201,0,,
2026-03-22T19:21:33Z,app.bsky.actor.getProfiles,200,148.028,0,,
2026-03-22T19:21:33Z,app.bsky.actor.getProfiles,200,96.811,0,,
2026-03-22T19:21:33Z,app.bsky.actor.getProfiles,200,95.554,0,,
2026-03-22T19:21:34Z,app.bsky.actor.getProfiles,200,86.286,0,,
2026-03-22T19:21:34Z,app.bsky.actor.getProfiles,200,93.204,0,,
2026-03-22T19:21:34Z,app.bsky.actor.getProfiles,200,100.098,0,,
2026-03-22T19:21:34Z,app.bsky.actor.getProfiles,200,98.95,0,,
2026-03-22T19:21:34Z,app.bsky.actor.getProfiles,200,91.328,0,,
2026-03-22T19:21:34Z,app.bsky.actor.getProfiles,200,93.272,0,,
2026-03-22T19:21:34Z,app.bsky.actor.getProfiles,200,93.124,0,,
2026-03-22T19:21:34Z,app.bsky.actor.getProfiles,200,141.375,0,,
2026-03-22T19:21:34Z,app.bsky.actor.getProfiles,200,106.298,0,,
2026-03-22T19:21:35Z,app.bsky.actor.getProfiles,200,92.159,0,,
2026-03-22T19:21:35Z,app.bsky.actor.getProfiles,200,95.069,0,,
2026-03-22T19:21:35Z,app.bsky.actor.getProfiles,200,97.086,0,,
2026-03-22T19:21:35Z,app.bsky.actor.getProfiles,200,125.678,0,,
2026-03-22T19:21:35Z,app.bsky.actor.getProfiles,200,93.912,0,,
2026-03-22T19:21:35Z,app.bsky.actor.getProfiles,200,94.131,0,,
2026-03-22T19:21:35Z,app.bsky.actor.getProfiles,200,97.421,0,,
2026-03-22T19:21:35Z,app.bsky.actor.getProfiles,200,99.441,0,,
2026-03-22T19:21:35Z,app.bsky.actor.getProfiles,200,100.17,0,,
2026-03-22T19:21:35Z,app.bsky.actor.getProfiles,200,101.78,0,,
2026-03-22T19:21:36Z,app.bsky.actor.getProfiles,200,99.138,0,,
2026-03-22T19:21:36Z,app.bsky.actor.getProfiles,200,87.392,0,,
2026-03-22T19:21:36Z,app.bsky.actor.getProfiles,200,97.264,0,,
2026-03-22T19:21:36Z,app.bsky.actor.getProfiles,200,136.942,0,,
2026-03-22T19:21:36Z,app.bsky.actor.getProfiles,200,101.612,0,,
2026-03-22T19:21:36Z,app.bsky.actor.getProfiles,200,94.312,0,,
2026-03-22T19:21:36Z,app.bsky.actor.getProfiles,200,94.297,0,,
2026-03-22T19:21:36Z,app.bsky.actor.getProfiles,200,93.859,0,,
2026-03-22T19:21:36Z,app.bsky.actor.getProfiles,200,119.868,0,,
2026-03-22T19:21:37Z,app.bsky.actor.getProfiles,200,87.05,0,,
2026-03-22T19:21:37Z,app.bsky.actor.getProfiles,200,102.409,0,,
2026-03-22T19:21:37Z,app.bsky.actor.getProfiles,200,104.001,0,,
2026-03-22T19:21:37Z,app.bsky.actor.getProfiles,200,94.381,0,,
2026-03-22T19:21:37Z,app.bsky.actor.getProfiles,200,130.398,0,,
2026-03-22T19:21:37Z,app.bsky.actor.getProfiles,200,98.784,0,,
2026-03-22T19:21:37Z,app.bsky.actor.getProfiles,200,91.263,0,,
2026-03-22T19:21:37Z,app.bsky.actor.getProfiles,200,96.089,0,,
2026-03-22T19:21:37Z,app.bsky.actor.getProfiles,200,95.9,0,,
2026-03-22T19:21:37Z,app.bsky.actor.getProfiles,200,136.938,0,,
2026-03-22T19:21:38Z,app.bsky.actor.getProfiles,200,102.161,0,,
2026-03-22T19:21:38Z,app.bsky.actor.getProfiles,200,84.385,0,,
2026-03-22T19:21:38Z,app.bsky.actor.getProfiles,200,95.729,0,,
2026-03-22T19:21:38Z,app.bsky.actor.getProfiles,200,90.737,0,,
2026-03-22T19:21:38Z,app.bsky.actor.getProfiles,200,144.488,0,,
2026-03-22T19:21:38Z,app.bsky.actor.getProfiles,200,95.281,0,,
2026-03-22T19:21:38Z,app.bsky.actor.getProfiles,200,96.497,0,,
2026-03-22T19:21:38Z,app.bsky.actor.getProfiles,200,92.662,0,,
2026-03-22T19:21:38Z,app.bsky.actor.getProfiles,200,100.348,0,,
2026-03-22T19:21:39Z,app.bsky.actor.getProfiles,200,181.34,0,,
2026-03-22T19:21:39Z,app.bsky.actor.getProfiles,200,92.893,0,,
2026-03-22T19:21:39Z,app.bsky.actor.getProfiles,200,100.138,0,,
2026-03-22T19:21:39Z,app.bsky.actor.getProfiles,200,90.235,0,,
2026-03-22T19:21:39Z,app.bsky.actor.getProfiles,200,137.109,0,,
2026-03-22T19:21:39Z,app.bsky.actor.getProfiles,200,110.332,0,,
2026-03-22T19:21:39Z,app.bsky.actor.getProfiles,200,97.574,0,,
2026-03-22T19:21:39Z,app.bsky.actor.getProfiles,200,102.33,0,,
2026-03-22T19:21:39Z,app.bsky.actor.getProfiles,200,191.413,0,,
2026-03-22T19:21:40Z,app.bsky.actor.getProfiles,200,98.686,0,,
2026-03-22T19:21:40Z,app.bsky.actor.getProfiles,200,103.215,0,,
2026-03-22T19:21:40Z,app.bsky.actor.getProfiles,200,102.94,0,,
2026-03-22T19:21:40Z,app.bsky.actor.getProfiles,200,92.223,0,,
2026-03-22T19:21:40Z,app.bsky.actor.getProfiles,200,257.094,0,,
2026-03-22T19:21:40Z,app.bsky.actor.getProfiles,200,99.235,0,,
2026-03-22T19:21:40Z,app.bsky.actor.getProfiles,200,101.4,0,,
2026-03-22T19:21:41Z,app.bsky.actor.getProfiles,200,138.837,0,,
2026-03-22T19:21:41Z,app.bsky.actor.getProfiles,200,99.67,0,,
2026-03-22T19:21:41Z,app.bsky.actor.getProfiles,200,93.085,0,,
2026-03-22T19:21:41Z,app.bsky.actor.getProfiles,200,93.617,0,,
2026-03-22T19:21:41Z,app.bsky.actor.getProfiles,200,100.202,0,,
2026-03-22T19:21:41Z,app.bsky.actor.getProfiles,200,109.478,0,,
2026-03-22T19:21:41Z,app.bsky.actor.getProfiles,200,101.58,0,,
2026-03-22T19:21:41Z,app.bsky.actor.getProfiles,200,103.493,0,,
2026-03-22T19:21:41Z,app.bsky.actor.getProfiles,200,86.398,0,,
2026-03-22T19:21:42Z,app.bsky.actor.getProfiles,200,199.758,0,,
2026-03-22T19:21:42Z,app.bsky.actor.getProfiles,200,100.192,0,,
2026-03-22T19:21:42Z,app.bsky.actor.getProfiles,200,95.039,0,,
2026-03-22T19:21:42Z,app.bsky.actor.getProfiles,200,90.756,0,,
2026-03-22T19:21:42Z,app.bsky.actor.getProfiles,200,96.078,0,,
2026-03-22T19:21:42Z,app.bsky.actor.getProfiles,200,176.312,0,,
2026-03-22T19:21:42Z,app.bsky.actor.getProfiles,200,100.106,0,,
2026-03-22T19:21:42Z,app.bsky.actor.getProfiles,200,97.558,0,,
2026-03-22T19:21:43Z,app.bsky.actor.getProfiles,200,105.463,0,,
2026-03-22T19:21:43Z,app.bsky.actor.getProfiles,200,113.688,0,,
2026-03-22T19:21:43Z,app.bsky.actor.getProfiles,200,107.519,0,,
2026-03-22T19:21:43Z,app.bsky.actor.getProfiles,200,100.782,0,,
2026-03-22T19:21:43Z,app.bsky.actor.getProfiles,200,99.016,0,,
2026-03-22T19:21:43Z,app.bsky.actor.getProfiles,200,93.533,0,,
2026-03-22T19:21:43Z,app.bsky.actor.getProfiles,200,129.933,0,,
2026-03-22T19:21:43Z,app.bsky.actor.getProfiles,200,90.802,0,,
2026-03-22T19:21:44Z,app.bsky.actor.getProfiles,200,95.969,0,,
2026-03-22T19:21:44Z,app.bsky.actor.getProfiles,200,92.433,0,,
2026-03-22T19:21:44Z,app.bsky.actor.getProfiles,200,137.082,0,,
2026-03-22T19:21:44Z,app.bsky.actor.getProfiles,200,96.714,0,,
2026-03-22T19:21:44Z,app.bsky.actor.getProfiles,200,108.204,0,,
2026-03-22T19:21:44Z,app.bsky.actor.getProfiles,200,89.97,0,,
2026-03-22T19:21:44Z,app.bsky.actor.getProfiles,200,101.2,0,,
2026-03-22T19:21:44Z,app.bsky.actor.getProfiles,200,184.519,0,,
2026-03-22T19:21:44Z,app.bsky.actor.getProfiles,200,100.28,0,,
2026-03-22T19:21:45Z,app.bsky.actor.getProfiles,200,102.621,0,,
2026-03-22T19:21:45Z,app.bsky.actor.getProfiles,200,196.666,0,,
2026-03-22T19:21:45Z,app.bsky.actor.getProfiles,200,105.93,0,,
2026-03-22T19:21:45Z,app.bsky.actor.getProfiles,200,101.507,0,,
2026-03-22T19:21:45Z,app.bsky.actor.getProfiles,200,109.651,0,,
2026-03-22T19:21:45Z,app.bsky.actor.getProfiles,200,182.044,0,,
2026-03-22T19:21:45Z,app.bsky.actor.getProfiles,200,100.192,0,,
2026-03-22T19:21:46Z,app.bsky.actor.getProfiles,200,101.189,0,,
2026-03-22T19:21:46Z,app.bsky.actor.getProfiles,200,103.851,0,,
2026-03-22T19:21:46Z,app.bsky.actor.getProfiles,200,174.408,0,,
2026-03-22T19:21:46Z,app.bsky.actor.getProfiles,200,101.391,0,,
2026-03-22T19:21:46Z,app.bsky.actor.getProfiles,200,94.401,0,,
2026-03-22T19:21:46Z,app.bsky.actor.getProfiles,200,90.801,0,,
2026-03-22T19:21:46Z,app.bsky.actor.getProfiles,200,94.145,0,,
2026-03-22T19:21:46Z,app.bsky.actor.getProfiles,200,182.847,0,,
2026-03-22T19:21:47Z,app.bsky.actor.getProfiles,200,87.156,0,,
2026-03-22T19:21:47Z,app.bsky.actor.getProfiles,200,91.067,0,,
2026-03-22T19:21:47Z,app.bsky.actor.getProfiles,200,97.067,0,,
2026-03-22T19:21:47Z,app.bsky.actor.getProfiles,200,139.126,0,,
2026-03-22T19:21:47Z,app.bsky.actor.getProfiles,200,118.672,0,,
2026-03-22T19:21:47Z,app.bsky.actor.getProfiles,200,101.702,0,,
2026-03-22T19:21:47Z,app.bsky.actor.getProfiles,200,216.514,0,,
2026-03-22T19:21:48Z,app.bsky.actor.getProfiles,200,93.911,0,,
2026-03-22T19:21:48Z,app.bsky.actor.getProfiles,200,103.306,0,,
2026-03-22T19:21:48Z,app.bsky.actor.getProfiles,200,100.195,0,,
2026-03-22T19:21:48Z,app.bsky.actor.getProfiles,200,92.763,0,,
2026-03-22T19:21:48Z,app.bsky.actor.getProfiles,200,107.677,0,,
2026-03-22T19:21:48Z,app.bsky.actor.getProfiles,200,95.091,0,,
2026-03-22T19:21:48Z,app.bsky.actor.getProfiles,200,101.819,0,,
2026-03-22T19:21:48Z,app.bsky.actor.getProfiles,200,96.304,0,,
2026-03-22T19:21:48Z,app.bsky.actor.getProfiles,200,197.729,0,,
2026-03-22T19:21:49Z,app.bsky.actor.getProfiles,200,95.179,0,,
2026-03-22T19:21:49Z,app.bsky.actor.getProfiles,200,97.637,0,,
2026-03-22T19:21:49Z,app.bsky.actor.getProfiles,200,98.779,0,,
2026-03-22T19:21:49Z,app.bsky.actor.getProfiles,200,99.86,0,,
2026-03-22T19:21:49Z,app.bsky.actor.getProfiles,200,178.209,0,,
2026-03-22T19:21:49Z,app.bsky.actor.getProfiles,200,91.374,0,,
2026-03-22T19:21:49Z,app.bsky.actor.getProfiles,200,105.451,0,,
2026-03-22T19:21:49Z,app.bsky.actor.getProfiles,200,87.927,0,,
2026-03-22T19:21:50Z,app.bsky.actor.getProfiles,200,101.103,0,,
2026-03-22T19:21:50Z,app.bsky.actor.getProfiles,200,94.183,0,,
2026-03-22T19:21:50Z,app.bsky.actor.getProfiles,200,95.782,0,,
2026-03-22T19:21:50Z,app.bsky.actor.getProfiles,200,95.038,0,,
2026-03-22T19:21:50Z,app.bsky.actor.getProfiles,200,99.89,0,,
2026-03-22T19:21:50Z,app.bsky.actor.getProfiles,200,103.358,0,,
2026-03-22T19:21:50Z,app.bsky.actor.getProfiles,200,86.784,0,,
2026-03-22T19:21:50Z,app.bsky.actor.getProfiles,200,97.412,0,,
2026-03-22T19:21:50Z,app.bsky.actor.getProfiles,200,95.561,0,,
2026-03-22T19:21:50Z,app.bsky.actor.getProfiles,200,99.496,0,,
2026-03-22T19:21:51Z,app.bsky.actor.getProfiles,200,146.531,0,,
2026-03-22T19:21:51Z,app.bsky.actor.getProfiles,200,100.448,0,,
2026-03-22T19:21:51Z,app.bsky.actor.getProfiles,200,91.283,0,,
2026-03-22T19:21:51Z,app.bsky.actor.getProfiles,200,95.804,0,,
2026-03-22T19:21:51Z,app.bsky.actor.getProfiles,200,114.531,0,,
2026-03-22T19:21:51Z,app.bsky.actor.getProfiles,200,104.04,0,,
2026-03-22T19:21:51Z,app.bsky.actor.getProfiles,200,95.898,0,,
2026-03-22T19:21:51Z,app.bsky.actor.getProfiles,200,111.177,0,,
2026-03-22T19:21:52Z,app.bsky.actor.getProfiles,200,188.254,0,,
2026-03-22T19:21:52Z,app.bsky.actor.getProfiles,200,99.605,0,,
2026-03-22T19:21:52Z,app.bsky.actor.getProfiles,200,95.144,0,,
2026-03-22T19:21:52Z,app.bsky.actor.getProfiles,200,98.944,0,,
2026-03-22T19:21:52Z,app.bsky.actor.getProfiles,200,111.168,0,,
2026-03-22T19:21:52Z,app.bsky.actor.getProfiles,200,92.24,0,,
2026-03-22T19:21:52Z,app.bsky.actor.getProfiles,200,92.003,0,,
2026-03-22T19:21:52Z,app.bsky.actor.getProfiles,200,103.614,0,,
2026-03-22T19:21:53Z,app.bsky.actor.getProfiles,200,90.691,0,,
2026-03-22T19:21:53Z,app.bsky.actor.getProfiles,200,113.279,0,,
2026-03-22T19:21:53Z,app.bsky.actor.getProfiles,200,97.403,0,,
2026-03-22T19:21:53Z,app.bsky.actor.getProfiles,200,97.917,0,,
2026-03-22T19:21:53Z,app.bsky.actor.getProfiles,200,97.126,0,,
2026-03-22T19:21:53Z,app.bsky.actor.getProfiles,200,93.122,0,,
2026-03-22T19:21:53Z,app.bsky.actor.getProfiles,200,189.288,0,,
2026-03-22T19:21:53Z,app.bsky.actor.getProfiles,200,107.768,0,,
2026-03-22T22:21:42Z,app.bsky.actor.getProfiles,200,159.035,0,,
2026-03-22T22:21:42Z,app.bsky.actor.getProfiles,200,195.356,0,,
2026-03-22T22:21:43Z,app.bsky.actor.getProfiles,200,101.823,0,,
2026-03-22T22:21:43Z,app.bsky.actor.getProfiles,200,103.156,0,,
2026-03-22T22:21:43Z,app.bsky.actor.getProfiles,200,90.219,0,,
2026-03-22T22:21:43Z,app.bsky.actor.getProfiles,200,99.095,0,,
2026-03-22T22:21:43Z,app.bsky.actor.getProfiles,200,108.253,0,,
2026-03-22T22:21:43Z,app.bsky.actor.getProfiles,200,93.239,0,,
2026-03-22T22:21:43Z,app.bsky.actor.getProfiles,200,98.98,0,,
2026-03-22T22:21:43Z,app.bsky.actor.getProfiles,200,89.604,0,,
2026-03-22T22:21:43Z,app.bsky.actor.getProfiles,200,89.747,0,,
2026-03-22T22:21:44Z,app.bsky.actor.getProfiles,200,149.386,0,,
2026-03-22T22:21:44Z,app.bsky.actor.getProfiles,200,103.171,0,,
2026-03-22T22:21:44Z,app.bsky.actor.getProfiles,200,97.771,0,,
2026-03-22T22:21:44Z,app.bsky.actor.getProfiles,200,95.804,0,,
2026-03-22T22:21:44Z,app.bsky.actor.getProfiles,200,166.531,0,,
2026-03-22T22:21:44Z,app.bsky.actor.getProfiles,200,92.259,0,,
2026-03-22T22:21:44Z,app.bsky.actor.getProfiles,200,91.761,0,,
2026-03-22T22:21:45Z,app.bsky.actor.getProfiles,200,94.55,0,,
2026-03-22T22:21:45Z,app.bsky.actor.getProfiles,200,167.754,0,,
2026-03-22T22:21:45Z,app.bsky.actor.getProfiles,200,95.089,0,,
2026-03-22T22:21:45Z,app.bsky.actor.getProfiles,200,96.4,0,,
2026-03-22T22:21:45Z,app.bsky.actor.getProfiles,200,98.795,0,,
2026-03-22T22:21:45Z,app.bsky.actor.getProfiles,200,92.395,0,,
2026-03-22T22:21:45Z,app.bsky.actor.getProfiles,200,138.417,0,,
2026-03-22T22:21:45Z,app.bsky.actor.getProfiles,200,104.492,0,,
2026-03-22T22:21:45Z,app.bsky.actor.getProfiles,200,107.797,0,,
2026-03-22T22:21:46Z,app.bsky.actor.getProfiles,200,134.213,0,,
2026-03-22T22:21:46Z,app.bsky.actor.getProfiles,200,162.964,0,,
2026-03-22T22:21:46Z,app.bsky.actor.getProfiles,200,98.501,0,,
2026-03-22T22:21:46Z,app.bsky.actor.getProfiles,200,92.257,0,,
2026-03-22T22:21:46Z,app.bsky.actor.getProfiles,200,95.435,0,,
2026-03-22T22:21:46Z,app.bsky.actor.getProfiles,200,95.283,0,,
2026-03-22T22:21:46Z,app.bsky.actor.getProfiles,200,122.834,0,,
2026-03-22T22:21:46Z,app.bsky.actor.getProfiles,200,92.996,0,,
2026-03-22T22:21:46Z,app.bsky.actor.getProfiles,200,88.297,0,,
2026-03-22T22:21:47Z,app.bsky.actor.getProfiles,200,94.981,0,,
2026-03-22T22:21:47Z,app.bsky.actor.getProfiles,200,90.453,0,,
2026-03-22T22:21:47Z,app.bsky.actor.getProfiles,200,155.564,0,,
2026-03-22T22:21:47Z,app.bsky.actor.getProfiles,200,100.038,0,,
2026-03-22T22:21:47Z,app.bsky.actor.getProfiles,200,101.355,0,,
2026-03-22T22:21:47Z,app.bsky.actor.getProfiles,200,99.205,0,,
2026-03-22T22:21:47Z,app.bsky.actor.getProfiles,200,131.237,0,,
2026-03-22T22:21:47Z,app.bsky.actor.getProfiles,200,98.56,0,,
2026-03-22T22:21:48Z,app.bsky.actor.getProfiles,200,93.196,0,,
2026-03-22T22:21:48Z,app.bsky.actor.getProfiles,200,116.508,0,,
2026-03-22T22:21:48Z,app.bsky.actor.getProfiles,200,92.939,0,,
2026-03-22T22:21:48Z,app.bsky.actor.getProfiles,200,111.271,0,,
2026-03-22T22:21:48Z,app.bsky.actor.getProfiles,200,107.912,0,,
2026-03-22T22:21:48Z,app.bsky.actor.getProfiles,200,94.692,0,,
2026-03-22T22:21:48Z,app.bsky.actor.getProfiles,200,95.975,0,,
2026-03-22T22:21:48Z,app.bsky.actor.getProfiles,200,98.843,0,,
2026-03-22T22:21:48Z,app.bsky.actor.getProfiles,200,123.612,0,,
2026-03-22T22:21:48Z,app.bsky.actor.getProfiles,200,100.142,0,,
2026-03-22T22:21:49Z,app.bsky.actor.getProfiles,200,92.982,0,,
2026-03-22T22:21:49Z,app.bsky.actor.getProfiles,200,94.429,0,,
2026-03-22T22:21:49Z,app.bsky.actor.getProfiles,200,93.993,0,,
2026-03-22T22:21:49Z,app.bsky.actor.getProfiles,200,144.102,0,,
2026-03-22T22:21:49Z,app.bsky.actor.getProfiles,200,97.992,0,,
2026-03-22T22:21:49Z,app.bsky.actor.getProfiles,200,89.303,0,,
2026-03-22T22:21:49Z,app.bsky.actor.getProfiles,200,90.656,0,,
2026-03-22T22:21:49Z,app.bsky.actor.getProfiles,200,86.331,0,,
2026-03-22T22:21:49Z,app.bsky.actor.getProfiles,200,132.077,0,,
2026-03-22T22:21:50Z,app.bsky.actor.getProfiles,200,101.041,0,,
2026-03-22T22:21:50Z,app.bsky.actor.getProfiles,200,99.984,0,,
2026-03-22T22:21:50Z,app.bsky.actor.getProfiles,200,91.642,0,,
2026-03-22T22:21:50Z,app.bsky.actor.getProfiles,200,84.16,0,,
2026-03-22T22:21:50Z,app.bsky.actor.getProfiles,200,118.861,0,,
2026-03-22T22:21:50Z,app.bsky.actor.getProfiles,200,90.072,0,,
2026-03-22T22:21:50Z,app.bsky.actor.getProfiles,200,94.483,0,,
2026-03-22T22:21:50Z,app.bsky.actor.getProfiles,200,92.77,0,,
2026-03-22T22:21:50Z,app.bsky.actor.getProfiles,200,96.904,0,,
2026-03-22T22:21:50Z,app.bsky.actor.getProfiles,200,123.187,0,,
2026-03-22T22:21:51Z,app.bsky.actor.getProfiles,200,103.18,0,,
2026-03-22T22:21:51Z,app.bsky.actor.getProfiles,200,94.118,0,,
2026-03-22T22:21:51Z,app.bsky.actor.getProfiles,200,89.569,0,,
2026-03-22T22:21:51Z,app.bsky.actor.getProfiles,200,119.195,0,,
2026-03-22T22:21:51Z,app.bsky.actor.getProfiles,200,91.996,0,,
2026-03-22T22:21:51Z,app.bsky.actor.getProfiles,200,94.072,0,,
2026-03-22T22:21:51Z,app.bsky.actor.getProfiles,200,92.51,0,,
2026-03-22T22:21:51Z,app.bsky.actor.getProfiles,200,106.435,0,,
2026-03-22T22:21:51Z,app.bsky.actor.getProfiles,200,129.719,0,,
2026-03-22T22:21:52Z,app.bsky.actor.getProfiles,200,100.911,0,,
2026-03-22T22:21:52Z,app.bsky.actor.getProfiles,200,86.506,0,,
2026-03-22T22:21:52Z,app.bsky.actor.getProfiles,200,93.084,0,,
2026-03-22T22:21:52Z,app.bsky.actor.getProfiles,200,93.185,0,,
2026-03-22T22:21:52Z,app.bsky.actor.getProfiles,200,130.765,0,,
2026-03-22T22:21:52Z,app.bsky.actor.getProfiles,200,90.285,0,,
2026-03-22T22:21:52Z,app.bsky.actor.getProfiles,200,85.903,0,,
2026-03-22T22:21:52Z,app.bsky.actor.getProfiles,200,93.649,0,,
2026-03-22T22:21:53Z,app.bsky.actor.getProfiles,200,117.194,0,,
2026-03-22T22:21:53Z,app.bsky.actor.getProfiles,200,88.879,0,,
2026-03-22T22:21:53Z,app.bsky.actor.getProfiles,200,97.251,0,,
2026-03-22T22:21:53Z,app.bsky.actor.getProfiles,200,87.059,0,,
2026-03-22T22:21:53Z,app.bsky.actor.getProfiles,200,100.782,0,,
2026-03-22T22:21:53Z,app.bsky.actor.getProfiles,200,146.918,0,,
2026-03-22T22:21:53Z,app.bsky.actor.getProfiles,200,97.727,0,,
2026-03-22T22:21:53Z,app.bsky.actor.getProfiles,200,92.306,0,,
2026-03-22T22:21:53Z,app.bsky.actor.getProfiles,200,89.577,0,,
2026-03-22T22:21:53Z,app.bsky.actor.getProfiles,200,90.767,0,,
2026-03-22T22:21:54Z,app.bsky.actor.getProfiles,200,155.282,0,,
2026-03-22T22:21:54Z,app.bsky.actor.getProfiles,200,91.243,0,,
2026-03-22T22:21:54Z,app.bsky.actor.getProfiles,200,94.272,0,,
2026-03-22T22:21:54Z,app.bsky.actor.getProfiles,200,96.197,0,,
2026-03-22T22:21:54Z,app.bsky.actor.getProfiles,200,96.551,0,,
2026-03-22T22:21:54Z,app.bsky.actor.getProfiles,200,134.705,0,,
2026-03-22T22:21:54Z,app.bsky.actor.getProfiles,200,106.872,0,,
2026-03-22T22:21:54Z,app.bsky.actor.getProfiles,200,87.836,0,,
2026-03-22T22:21:54Z,app.bsky.actor.getProfiles,200,94.836,0,,
2026-03-22T22:21:55Z,app.bsky.actor.getProfiles,200,87.034,0,,
2026-03-22T22:21:55Z,app.bsky.actor.getProfiles,200,141.547,0,,
2026-03-22T22:21:55Z,app.bsky.actor.getProfiles,200,95.235,0,,
2026-03-22T22:21:55Z,app.bsky.actor.getProfiles,200,98.111,0,,
2026-03-22T22:21:55Z,app.bsky.actor.getProfiles,200,93.547,0,,
2026-03-22T22:21:55Z,app.bsky.actor.getProfiles,200,94.193,0,,
2026-03-22T22:21:55Z,app.bsky.actor.getProfiles,200,134.17,0,,
2026-03-22T22:21:55Z,app.bsky.actor.getProfiles,200,99.72,0,,
2026-03-22T22:21:55Z,app.bsky.actor.getProfiles,200,96.781,0,,
2026-03-22T22:21:56Z,app.bsky.actor.getProfiles,200,91.627,0,,
2026-03-22T22:21:56Z,app.bsky.actor.getProfiles,200,162.182,0,,
2026-03-22T22:21:56Z,app.bsky.actor.getProfiles,200,92.922,0,,
2026-03-22T22:21:56Z,app.bsky.actor.getProfiles,200,92.147,0,,
2026-03-22T22:21:56Z,app.bsky.actor.getProfiles,200,94.534,0,,
2026-03-22T22:21:56Z,app.bsky.actor.getProfiles,200,96.575,0,,
2026-03-22T22:21:56Z,app.bsky.actor.getProfiles,200,139.656,0,,
2026-03-22T22:21:56Z,app.bsky.actor.getProfiles,200,102.379,0,,
2026-03-22T22:21:56Z,app.bsky.actor.getProfiles,200,92.954,0,,
2026-03-22T22:21:57Z,app.bsky.actor.getProfiles,200,96.291,0,,
2026-03-22T22:21:57Z,app.bsky.actor.getProfiles,200,95.86,0,,
2026-03-22T22:21:57Z,app.bsky.actor.getProfiles,200,194.797,0,,
2026-03-22T22:21:57Z,app.bsky.actor.getProfiles,200,103.99,0,,
2026-03-22T22:21:57Z,app.bsky.actor.getProfiles,200,119.6,0,,
2026-03-22T22:21:57Z,app.bsky.actor.getProfiles,200,181.889,0,,
2026-03-22T22:21:57Z,app.bsky.actor.getProfiles,200,107.673,0,,
2026-03-22T22:21:57Z,app.bsky.actor.getProfiles,200,101.021,0,,
2026-03-22T22:21:58Z,app.bsky.actor.getProfiles,200,97.57,0,,
2026-03-22T22:21:58Z,app.bsky.actor.getProfiles,200,97.881,0,,
2026-03-22T22:21:58Z,app.bsky.actor.getProfiles,200,161.59,0,,
2026-03-22T22:21:58Z,app.bsky.actor.getProfiles,200,96.804,0,,
2026-03-22T22:21:58Z,app.bsky.actor.getProfiles,200,100.64,0,,
2026-03-22T22:21:58Z,app.bsky.actor.getProfiles,200,94.849,0,,
2026-03-22T22:21:58Z,app.bsky.actor.getProfiles,200,118.008,0,,
2026-03-22T22:21:58Z,app.bsky.actor.getProfiles,200,92.23,0,,
2026-03-22T22:21:59Z,app.bsky.actor.getProfiles,200,94.653,0,,
2026-03-22T22:21:59Z,app.bsky.actor.getProfiles,200,98.878,0,,
2026-03-22T22:21:59Z,app.bsky.actor.getProfiles,200,100.171,0,,
2026-03-22T22:21:59Z,app.bsky.actor.getProfiles,200,104.02,0,,
2026-03-22T22:21:59Z,app.bsky.actor.getProfiles,200,97.836,0,,
2026-03-22T22:21:59Z,app.bsky.actor.getProfiles,200,90.403,0,,
2026-03-22T22:21:59Z,app.bsky.actor.getProfiles,200,111.344,0,,
2026-03-22T22:21:59Z,app.bsky.actor.getProfiles,200,172.445,0,,
2026-03-22T22:21:59Z,app.bsky.actor.getProfiles,200,100.208,0,,
2026-03-22T22:22:00Z,app.bsky.actor.getProfiles,200,98.934,0,,
2026-03-22T22:22:00Z,app.bsky.actor.getProfiles,200,94.031,0,,
2026-03-22T22:22:00Z,app.bsky.actor.getProfiles,200,96.417,0,,
2026-03-22T22:22:00Z,app.bsky.actor.getProfiles,200,106.892,0,,
2026-03-22T22:22:00Z,app.bsky.actor.getProfiles,200,99.795,0,,
2026-03-22T22:22:00Z,app.bsky.actor.getProfiles,200,97.753,0,,
2026-03-22T22:22:00Z,app.bsky.actor.getProfiles,200,102.287,0,,
2026-03-22T22:22:00Z,app.bsky.actor.getProfiles,200,151.245,0,,
2026-03-22T22:22:01Z,app.bsky.actor.getProfiles,200,99.923,0,,
2026-03-22T22:22:01Z,app.bsky.actor.getProfiles,200,106.853,0,,
2026-03-22T22:22:01Z,app.bsky.actor.getProfiles,200,99.982,0,,
2026-03-22T22:22:01Z,app.bsky.actor.getProfiles,200,88.922,0,,
2026-03-22T22:22:01Z,app.bsky.actor.getProfiles,200,178.523,0,,
2026-03-22T22:22:01Z,app.bsky.actor.getProfiles,200,106.503,0,,
2026-03-22T22:22:01Z,app.bsky.actor.getProfiles,200,91.51,0,,
2026-03-22T22:22:01Z,app.bsky.actor.getProfiles,200,106.735,0,,
2026-03-22T22:22:01Z,app.bsky.actor.getProfiles,200,181.255,0,,
2026-03-22T22:22:02Z,app.bsky.actor.getProfiles,200,97.599,0,,
2026-03-22T22:22:02Z,app.bsky.actor.getProfiles,200,96.837,0,,
2026-03-22T22:22:02Z,app.bsky.actor.getProfiles,200,90.798,0,,
2026-03-22T22:22:02Z,app.bsky.actor.getProfiles,200,128.265,0,,
2026-03-22T22:22:02Z,app.bsky.actor.getProfiles,200,91.779,0,,
2026-03-22T22:22:02Z,app.bsky.actor.getProfiles,200,96.169,0,,
2026-03-22T22:22:02Z,app.bsky.actor.getProfiles,200,95.957,0,,
2026-03-22T22:22:02Z,app.bsky.actor.getProfiles,200,96.363,0,,
2026-03-22T22:22:03Z,app.bsky.actor.getProfiles,200,177.27,0,,
2026-03-22T22:22:03Z,app.bsky.actor.getProfiles,200,104.177,0,,
2026-03-22T22:22:03Z,app.bsky.actor.getProfiles,200,213.259,0,,
2026-03-22T22:22:03Z,app.bsky.actor.getProfiles,200,104.471,0,,
2026-03-22T22:22:03Z,app.bsky.actor.getProfiles,200,99.507,0,,
2026-03-22T22:22:03Z,app.bsky.actor.getProfiles,200,91.894,0,,
2026-03-22T22:22:03Z,app.bsky.actor.getProfiles,200,180.132,0,,
2026-03-22T22:22:04Z,app.bsky.actor.getProfiles,200,101.774,0,,
2026-03-22T22:22:04Z,app.bsky.actor.getProfiles,200,98.307,0,,
2026-03-22T22:22:04Z,app.bsky.actor.getProfiles,200,91.427,0,,
2026-03-22T22:22:04Z,app.bsky.actor.getProfiles,200,89.069,0,,
2026-03-22T22:22:04Z,app.bsky.actor.getProfiles,200,184.494,0,,
2026-03-22T22:22:04Z,app.bsky.actor.getProfiles,200,102.159,0,,
2026-03-22T22:22:04Z,app.bsky.actor.getProfiles,200,96.098,0,,
2026-03-22T22:22:04Z,app.bsky.actor.getProfiles,200,97.606,0,,
2026-03-22T22:22:05Z,app.bsky.actor.getProfiles,200,121.669,0,,
2026-03-22T22:22:05Z,app.bsky.actor.getProfiles,200,94.861,0,,
2026-03-22T22:22:05Z,app.bsky.actor.getProfiles,200,90.998,0,,
2026-03-22T22:22:05Z,app.bsky.actor.getProfiles,200,103.368,0,,
2026-03-22T22:22:05Z,app.bsky.actor.getProfiles,200,120.003,0,,
2026-03-22T22:22:05Z,app.bsky.actor.getProfiles,200,98.3,0,,
2026-03-22T22:22:05Z,app.bsky.actor.getProfiles,200,93.183,0,,
2026-03-22T22:22:05Z,app.bsky.actor.getProfiles,200,111.138,0,,
2026-03-22T22:22:06Z,app.bsky.actor.getProfiles,200,98.255,0,,
2026-03-22T22:22:06Z,app.bsky.actor.getProfiles,200,110.011,0,,
2026-03-22T22:22:06Z,app.bsky.actor.getProfiles,200,101.846,0,,
2026-03-22T22:22:06Z,app.bsky.actor.getProfiles,200,96.143,0,,
2026-03-22T22:22:06Z,app.bsky.actor.getProfiles,200,97.997,0,,
2026-03-22T22:22:06Z,app.bsky.actor.getProfiles,200,192.01,0,,
2026-03-22T22:22:06Z,app.bsky.actor.getProfiles,200,97.987,0,,
2026-03-22T22:22:06Z,app.bsky.actor.getProfiles,200,88.765,0,,
2026-03-22T22:22:06Z,app.bsky.actor.getProfiles,200,98.554,0,,
2026-03-22T22:22:07Z,app.bsky.actor.getProfiles,200,165.438,0,,
2026-03-22T22:22:07Z,app.bsky.actor.getProfiles,200,104.082,0,,
2026-03-22T22:22:07Z,app.bsky.actor.getProfiles,200,92.454,0,,
2026-03-22T22:22:07Z,app.bsky.actor.getProfiles,200,99.516,0,,
2026-03-22T22:22:07Z,app.bsky.actor.getProfiles,200,97.467,0,,
2026-03-22T22:22:07Z,app.bsky.actor.getProfiles,200,101.026,0,,
2026-03-22T22:22:07Z,app.bsky.actor.getProfiles,200,101.315,0,,
2026-03-22T22:22:07Z,app.bsky.actor.getProfiles,200,99.687,0,,
2026-03-22T22:22:08Z,app.bsky.actor.getProfiles,200,96.303,0,,
2026-03-22T22:22:08Z,app.bsky.actor.getProfiles,200,100.487,0,,
2026-03-22T22:22:08Z,app.bsky.actor.getProfiles,200,105.767,0,,
2026-03-22T22:22:08Z,app.bsky.actor.getProfiles,200,97.73,0,,
2026-03-22T22:22:08Z,app.bsky.actor.getProfiles,200,104.277,0,,
