run_id,snapshot_hour_utc,captured_at_utc,viewer_mode,vantage_id,post_uri,post_cid,label_src,label_val,label_neg,label_uri,label_cts
faa01bef85864658afe229b8f986966e,2026-03-01T00:00:00Z,2026-03-01T00:19:01Z,auth,auth_enUS_labelerexp,at://did:plc:o6ggjvnj4ze3mnrpnv5oravg/app.bsky.feed.post/3mfxhiydymg2p,bafyreiddcw5jrjywiuuawvwhej2sanhkcmt7oxiiakdovmxlcmthyeyrxa,did:plc:uac6er53o2pvr5y2qmvaf7hw,caution,,did:plc:o6ggjvnj4ze3mnrpnv5oravg,2025-04-02T10:56:41.916Z
faa01bef85864658afe229b8f986966e,2026-03-01T00:00:00Z,2026-03-01T00:19:01Z,auth,auth_enUS_labelerexp,at://did:plc:o6ggjvnj4ze3mnrpnv5oravg/app.bsky.feed.post/3mfxhiydymg2p,bafyreiddcw5jrjywiuuawvwhej2sanhkcmt7oxiiakdovmxlcmthyeyrxa,did:plc:uac6er53o2pvr5y2qmvaf7hw,disinfo-link,,did:plc:o6ggjvnj4ze3mnrpnv5oravg,2025-04-08T14:11:42.287Z
faa01bef85864658afe229b8f986966e,2026-03-01T00:00:00Z,2026-03-01T00:19:01Z,auth,auth_enUS_labelerexp,at://did:plc:o6ggjvnj4ze3mnrpnv5oravg/app.bsky.feed.post/3mfxhiydymg2p,bafyreiddcw5jrjywiuuawvwhej2sanhkcmt7oxiiakdovmxlcmthyeyrxa,did:plc:uac6er53o2pvr5y2qmvaf7hw,repetitive,,did:plc:o6ggjvnj4ze3mnrpnv5oravg,2025-04-02T10:56:41.916Z
faa01bef85864658afe229b8f986966e,2026-03-01T00:00:00Z,2026-03-01T00:19:01Z,auth,auth_enUS_labelerexp,at://did:plc:o6ggjvnj4ze3mnrpnv5oravg/app.bsky.feed.post/3mfxhiydymg2p,bafyreiddcw5jrjywiuuawvwhej2sanhkcmt7oxiiakdovmxlcmthyeyrxa,did:plc:uac6er53o2pvr5y2qmvaf7hw,suspect-citation,,did:plc:o6ggjvnj4ze3mnrpnv5oravg,2025-05-27T22:32:33.270Z
faa01bef85864658afe229b8f986966e,2026-03-01T00:00:00Z,2026-03-01T00:19:01Z,auth,auth_enUS_labelerexp,at://did:plc:o6ggjvnj4ze3mnrpnv5oravg/app.bsky.feed.post/3mfxhivwvgl2u,bafyreiebew4ya5pl7qr4c637zw5igjmuanyogfakvilfsvnyx2767pem24,did:plc:uac6er53o2pvr5y2qmvaf7hw,caution,,did:plc:o6ggjvnj4ze3mnrpnv5oravg,2025-04-02T10:56:41.916Z
faa01bef85864658afe229b8f986966e,2026-03-01T00:00:00Z,2026-03-01T00:19:01Z,auth,auth_enUS_labelerexp,at://did:plc:o6ggjvnj4ze3mnrpnv5oravg/app.bsky.feed.post/3mfxhivwvgl2u,bafyreiebew4ya5pl7qr4c637zw5igjmuanyogfakvilfsvnyx2767pem24,did:plc:uac6er53o2pvr5y2qmvaf7hw,disinfo-link,,did:plc:o6ggjvnj4ze3mnrpnv5oravg,2025-04-08T14:11:42.287Z
faa01bef85864658afe229b8f986966e,2026-03-01T00:00:00Z,2026-03-01T00:19:01Z,auth,auth_enUS_labelerexp,at://did:plc:o6ggjvnj4ze3mnrpnv5oravg/app.bsky.feed.post/3mfxhivwvgl2u,bafyreiebew4ya5pl7qr4c637zw5igjmuanyogfakvilfsvnyx2767pem24,did:plc:uac6er53o2pvr5y2qmvaf7hw,repetitive,,did:plc:o6ggjvnj4ze3mnrpnv5oravg,2025-04-02T10:56:41.916Z
faa01bef85864658afe229b8f986966e,2026-03-01T00:00:00Z,2026-03-01T00:19:01Z,auth,auth_enUS_labelerexp,at://did:plc:o6ggjvnj4ze3mnrpnv5oravg/app.bsky.feed.post/3mfxhivwvgl2u,bafyreiebew4ya5pl7qr4c637zw5igjmuanyogfakvilfsvnyx2767pem24,did:plc:uac6er53o2pvr5y2qmvaf7hw,suspect-citation,,did:plc:o6ggjvnj4ze3mnrpnv5oravg,2025-05-27T22:32:33.270Z
faa01bef85864658afe229b8f986966e,2026-03-01T00:00:00Z,2026-03-01T00:19:01Z,auth,auth_enUS_labelerexp,at://did:plc:o6ggjvnj4ze3mnrpnv5oravg/app.bsky.feed.post/3mfxhitggo72n,bafyreicvodfrm5of35aevmzljfx63uvw7r7tg52i6c6xtwlm4epbg7evjm,did:plc:uac6er53o2pvr5y2qmvaf7hw,caution,,did:plc:o6ggjvnj4ze3mnrpnv5oravg,2025-04-02T10:56:41.916Z
faa01bef85864658afe229b8f986966e,2026-03-01T00:00:00Z,2026-03-01T00:19:01Z,auth,auth_enUS_labelerexp,at://did:plc:o6ggjvnj4ze3mnrpnv5oravg/app.bsky.feed.post/3mfxhitggo72n,bafyreicvodfrm5of35aevmzljfx63uvw7r7tg52i6c6xtwlm4epbg7evjm,did:plc:uac6er53o2pvr5y2qmvaf7hw,disinfo-link,,did:plc:o6ggjvnj4ze3mnrpnv5oravg,2025-04-08T14:11:42.287Z
faa01bef85864658afe229b8f986966e,2026-03-01T00:00:00Z,2026-03-01T00:19:01Z,auth,auth_enUS_labelerexp,at://did:plc:o6ggjvnj4ze3mnrpnv5oravg/app.bsky.feed.post/3mfxhitggo72n,bafyreicvodfrm5of35aevmzljfx63uvw7r7tg52i6c6xtwlm4epbg7evjm,did:plc:uac6er53o2pvr5y2qmvaf7hw,repetitive,,did:plc:o6ggjvnj4ze3mnrpnv5oravg,2025-04-02T10:56:41.916Z
faa01bef85864658afe229b8f986966e,2026-03-01T00:00:00Z,2026-03-01T00:19:01Z,auth,auth_enUS_labelerexp,at://did:plc:o6ggjvnj4ze3mnrpnv5oravg/app.bsky.feed.post/3mfxhitggo72n,bafyreicvodfrm5of35aevmzljfx63uvw7r7tg52i6c6xtwlm4epbg7evjm,did:plc:uac6er53o2pvr5y2qmvaf7hw,suspect-citation,,did:plc:o6ggjvnj4ze3mnrpnv5oravg,2025-05-27T22:32:33.270Z
faa01bef85864658afe229b8f986966e,2026-03-01T00:00:00Z,2026-03-01T00:19:01Z,auth,auth_enUS_labelerexp,at://did:plc:o6ggjvnj4ze3mnrpnv5oravg/app.bsky.feed.post/3mfxhiqwe3i2m,bafyreigwdxd5ij7bzrdnoufmoea2f6ie3py2nqypjnt4jwf36tnxz3uzmi,did:plc:uac6er53o2pvr5y2qmvaf7hw,caution,,did:plc:o6ggjvnj4ze3mnrpnv5oravg,2025-04-02T10:56:41.916Z
faa01bef85864658afe229b8f986966e,2026-03-01T00:00:00Z,2026-03-01T00:19:01Z,auth,auth_enUS_labelerexp,at://did:plc:o6ggjvnj4ze3mnrpnv5oravg/app.bsky.feed.post/3mfxhiqwe3i2m,bafyreigwdxd5ij7bzrdnoufmoea2f6ie3py2nqypjnt4jwf36tnxz3uzmi,did:plc:uac6er53o2pvr5y2qmvaf7hw,disinfo-link,,did:plc:o6ggjvnj4ze3mnrpnv5oravg,2025-04-08T14:11:42.287Z
faa01bef85864658afe229b8f986966e,2026-03-01T00:00:00Z,2026-03-01T00:19:01Z,auth,auth_enUS_labelerexp,at://did:plc:o6ggjvnj4ze3mnrpnv5oravg/app.bsky.feed.post/3mfxhiqwe3i2m,bafyreigwdxd5ij7bzrdnoufmoea2f6ie3py2nqypjnt4jwf36tnxz3uzmi,did:plc:uac6er53o2pvr5y2qmvaf7hw,repetitive,,did:plc:o6ggjvnj4ze3mnrpnv5oravg,2025-04-02T10:56:41.916Z
faa01bef85864658afe229b8f986966e,2026-03-01T00:00:00Z,2026-03-01T00:19:01Z,auth,auth_enUS_labelerexp,at://did:plc:o6ggjvnj4ze3mnrpnv5oravg/app.bsky.feed.post/3mfxhiqwe3i2m,bafyreigwdxd5ij7bzrdnoufmoea2f6ie3py2nqypjnt4jwf36tnxz3uzmi,did:plc:uac6er53o2pvr5y2qmvaf7hw,suspect-citation,,did:plc:o6ggjvnj4ze3mnrpnv5oravg,2025-05-27T22:32:33.270Z
faa01bef85864658afe229b8f986966e,2026-03-01T00:00:00Z,2026-03-01T00:19:01Z,auth,auth_enUS_labelerexp,at://did:plc:o6ggjvnj4ze3mnrpnv5oravg/app.bsky.feed.post/3mfxhiirrac24,bafyreiewrj6l5cpqfpndsfni3zc2gheli53dkjbpniccl5oyucthaerz5e,did:plc:uac6er53o2pvr5y2qmvaf7hw,caution,,did:plc:o6ggjvnj4ze3mnrpnv5oravg,2025-04-02T10:56:41.916Z
faa01bef85864658afe229b8f986966e,2026-03-01T00:00:00Z,2026-03-01T00:19:01Z,auth,auth_enUS_labelerexp,at://did:plc:o6ggjvnj4ze3mnrpnv5oravg/app.bsky.feed.post/3mfxhiirrac24,bafyreiewrj6l5cpqfpndsfni3zc2gheli53dkjbpniccl5oyucthaerz5e,did:plc:uac6er53o2pvr5y2qmvaf7hw,disinfo-link,,did:plc:o6ggjvnj4ze3mnrpnv5oravg,2025-04-08T14:11:42.287Z
faa01bef85864658afe229b8f986966e,2026-03-01T00:00:00Z,2026-03-01T00:19:01Z,auth,auth_enUS_labelerexp,at://did:plc:o6ggjvnj4ze3mnrpnv5oravg/app.bsky.feed.post/3mfxhiirrac24,bafyreiewrj6l5cpqfpndsfni3zc2gheli53dkjbpniccl5oyucthaerz5e,did:plc:uac6er53o2pvr5y2qmvaf7hw,repetitive,,did:plc:o6ggjvnj4ze3mnrpnv5oravg,2025-04-02T10:56:41.916Z
faa01bef85864658afe229b8f986966e,2026-03-01T00:00:00Z,2026-03-01T00:19:01Z,auth,auth_enUS_labelerexp,at://did:plc:o6ggjvnj4ze3mnrpnv5oravg/app.bsky.feed.post/3mfxhiirrac24,bafyreiewrj6l5cpqfpndsfni3zc2gheli53dkjbpniccl5oyucthaerz5e,did:plc:uac6er53o2pvr5y2qmvaf7hw,suspect-citation,,did:plc:o6ggjvnj4ze3mnrpnv5oravg,2025-05-27T22:32:33.270Z
faa01bef85864658afe229b8f986966e,2026-03-01T00:00:00Z,2026-03-01T00:19:01Z,auth,auth_enUS_labelerexp,at://did:plc:o6ggjvnj4ze3mnrpnv5oravg/app.bsky.feed.post/3mfxhifzdzj2c,bafyreihzn5meztkran3ptthm3jxzq4wby5msliwendjanwx3yw7eq6cdni,did:plc:uac6er53o2pvr5y2qmvaf7hw,caution,,did:plc:o6ggjvnj4ze3mnrpnv5oravg,2025-04-02T10:56:41.916Z
faa01bef85864658afe229b8f986966e,2026-03-01T00:00:00Z,2026-03-01T00:19:01Z,auth,auth_enUS_labelerexp,at://did:plc:o6ggjvnj4ze3mnrpnv5oravg/app.bsky.feed.post/3mfxhifzdzj2c,bafyreihzn5meztkran3ptthm3jxzq4wby5msliwendjanwx3yw7eq6cdni,did:plc:uac6er53o2pvr5y2qmvaf7hw,disinfo-link,,did:plc:o6ggjvnj4ze3mnrpnv5oravg,2025-04-08T14:11:42.287Z
faa01bef85864658afe229b8f986966e,2026-03-01T00:00:00Z,2026-03-01T00:19:01Z,auth,auth_enUS_labelerexp,at://did:plc:o6ggjvnj4ze3mnrpnv5oravg/app.bsky.feed.post/3mfxhifzdzj2c,bafyreihzn5meztkran3ptthm3jxzq4wby5msliwendjanwx3yw7eq6cdni,did:plc:uac6er53o2pvr5y2qmvaf7hw,repetitive,,did:plc:o6ggjvnj4ze3mnrpnv5oravg,2025-04-02T10:56:41.916Z
faa01bef85864658afe229b8f986966e,2026-03-01T00:00:00Z,2026-03-01T00:19:01Z,auth,auth_enUS_labelerexp,at://did:plc:o6ggjvnj4ze3mnrpnv5oravg/app.bsky.feed.post/3mfxhifzdzj2c,bafyreihzn5meztkran3ptthm3jxzq4wby5msliwendjanwx3yw7eq6cdni,did:plc:uac6er53o2pvr5y2qmvaf7hw,suspect-citation,,did:plc:o6ggjvnj4ze3mnrpnv5oravg,2025-05-27T22:32:33.270Z
faa01bef85864658afe229b8f986966e,2026-03-01T00:00:00Z,2026-03-01T00:19:01Z,auth,auth_enUS_labelerexp,at://did:plc:3qaysq7syvvhvc6jtqku4mdh/app.bsky.feed.post/3mfxhcz6vi22t,bafyreict73ebmgw4ci4ad3n3d5hvj2ub3sh66ecyu5hpkr3ctr5azkwphu,did:plc:3qaysq7syvvhvc6jtqku4mdh,!no-unauthenticated,,at://did:plc:3qaysq7syvvhvc6jtqku4mdh/app.bsky.actor.profile/self,1970-01-01T00:00:00.000Z
faa01bef85864658afe229b8f986966e,2026-03-01T00:00:00Z,2026-03-01T00:19:01Z,auth,auth_enUS_labelerexp,at://did:plc:abizftlxusg2xwvvdgj4osjr/app.bsky.feed.post/3mfxgmqcbl22h,bafyreig4qscenpwlx5civmwcfa25v56xymnchk2tdw5qkf4axhp3oojgtm,did:plc:abizftlxusg2xwvvdgj4osjr,!no-unauthenticated,,at://did:plc:abizftlxusg2xwvvdgj4osjr/app.bsky.actor.profile/self,1970-01-01T00:00:00.000Z
faa01bef85864658afe229b8f986966e,2026-03-01T00:00:00Z,2026-03-01T00:19:01Z,auth,auth_enUS_labelerexp,at://did:plc:ndnnx5tn72zi5e7ejb4u3fwa/app.bsky.feed.post/3mfxglprsnk2t,bafyreiedj7cyduncqqb2wqhonazpbhdajw2hlienp6xxrbc4xx4o4ypady,did:plc:ndnnx5tn72zi5e7ejb4u3fwa,!no-unauthenticated,,at://did:plc:ndnnx5tn72zi5e7ejb4u3fwa/app.bsky.actor.profile/self,1970-01-01T00:00:00.000Z
faa01bef85864658afe229b8f986966e,2026-03-01T00:00:00Z,2026-03-01T00:19:01Z,auth,auth_enUS_labelerexp,at://did:plc:bxbcvxd5lirf2rsns3o5klp4/app.bsky.feed.post/3mfxgh3uvjk22,bafyreiamk6jkwug7lgasehqmi65sf4eowtdhr7zfsp4fljlwlhr7qyybxa,did:plc:bxbcvxd5lirf2rsns3o5klp4,!no-unauthenticated,,at://did:plc:bxbcvxd5lirf2rsns3o5klp4/app.bsky.actor.profile/self,1970-01-01T00:00:00.000Z
faa01bef85864658afe229b8f986966e,2026-03-01T00:00:00Z,2026-03-01T00:19:01Z,auth,auth_enUS_labelerexp,at://did:plc:scnbguy6toujbrxwmdiqcoy5/app.bsky.feed.post/3mfxgdcrazc25,bafyreibaygeghotcvlnuecdhqg65mmjfv2v6wr5q5dxu5qasvamlb5rn4i,did:plc:scnbguy6toujbrxwmdiqcoy5,!no-unauthenticated,,at://did:plc:scnbguy6toujbrxwmdiqcoy5/app.bsky.actor.profile/self,2024-10-20T09:11:00.661Z
faa01bef85864658afe229b8f986966e,2026-03-01T00:00:00Z,2026-03-01T00:19:01Z,auth,auth_enUS_labelerexp,at://did:plc:36i7hjsigmiztok2ahqnol7k/app.bsky.feed.post/3mfxfpvjqic2o,bafyreibueqto6rm6fc3wisjcjoloc5tljrmm4vng44mbulnr3waxbd327a,did:plc:36i7hjsigmiztok2ahqnol7k,!no-unauthenticated,,at://did:plc:36i7hjsigmiztok2ahqnol7k/app.bsky.actor.profile/self,1970-01-01T00:00:00.000Z
faa01bef85864658afe229b8f986966e,2026-03-01T00:00:00Z,2026-03-01T00:19:01Z,auth,auth_enUS_labelerexp,at://did:plc:sycz22ye52cejfu4zsftv3ad/app.bsky.feed.post/3mfxfoguase2e,bafyreigfjded3ycflmlpuj6yqpnn3pghuwhpgn72xucy7ag7g35mucqiy4,did:plc:sycz22ye52cejfu4zsftv3ad,!no-unauthenticated,,at://did:plc:sycz22ye52cejfu4zsftv3ad/app.bsky.actor.profile/self,2024-11-12T18:10:32.110Z
faa01bef85864658afe229b8f986966e,2026-03-01T00:00:00Z,2026-03-01T00:19:01Z,auth,auth_enUS_labelerexp,at://did:plc:bobrlwu6yi2htsvh4zawryrg/app.bsky.feed.post/3mfxfmimpy22w,bafyreiemkjhfp4tgnnkxsqvrpbc7fynlf6iv55vwzcywfxkv3lhvipnoba,did:plc:bobrlwu6yi2htsvh4zawryrg,!no-unauthenticated,,at://did:plc:bobrlwu6yi2htsvh4zawryrg/app.bsky.actor.profile/self,2024-12-15T03:56:32.939Z
faa01bef85864658afe229b8f986966e,2026-03-01T00:00:00Z,2026-03-01T00:19:01Z,auth,auth_enUS_labelerexp,at://did:plc:b7c5udx55tliae4bco7r43uj/app.bsky.feed.post/3mfxflwzglk25,bafyreieuyo3d63uzzbwg3lusugjipxrl2mvhigk5qgjecd2yn7sgujdsly,did:plc:b7c5udx55tliae4bco7r43uj,!no-unauthenticated,,at://did:plc:b7c5udx55tliae4bco7r43uj/app.bsky.actor.profile/self,1970-01-01T00:00:00.000Z
faa01bef85864658afe229b8f986966e,2026-03-01T00:00:00Z,2026-03-01T00:19:01Z,auth,auth_enUS_labelerexp,at://did:plc:utzryn6yehyqefho3lhbvyvq/app.bsky.feed.post/3mfxfhhukp22v,bafyreiennxo5bkfcwffqhegifszzzv7rym5bn2ln2sfkv5qdp4jhb7onr4,did:plc:utzryn6yehyqefho3lhbvyvq,!no-unauthenticated,,at://did:plc:utzryn6yehyqefho3lhbvyvq/app.bsky.actor.profile/self,2024-11-07T09:12:36.398Z
faa01bef85864658afe229b8f986966e,2026-03-01T00:00:00Z,2026-03-01T00:19:01Z,auth,auth_enUS_labelerexp,at://did:plc:45kyt2wprncuvmjafxfr2gvm/app.bsky.feed.post/3mfxfdbmtsk2n,bafyreidezvqnxrv6gersarh55nwqsd3nuc7byl2pn5km2wui5tsxcphlzq,did:plc:45kyt2wprncuvmjafxfr2gvm,!no-unauthenticated,,at://did:plc:45kyt2wprncuvmjafxfr2gvm/app.bsky.actor.profile/self,1970-01-01T00:00:00.000Z
faa01bef85864658afe229b8f986966e,2026-03-01T00:00:00Z,2026-03-01T00:19:02Z,auth,auth_enUS_labelerexp,at://did:plc:5yfujwgz3nkynik4yesx6um5/app.bsky.feed.post/3mfxgx5enwk2b,bafyreihrcoz5eklbnianbwnjyh65oy2kbwcwdjmatzlte3kbystrbbbzei,did:plc:5yfujwgz3nkynik4yesx6um5,!no-unauthenticated,,at://did:plc:5yfujwgz3nkynik4yesx6um5/app.bsky.actor.profile/self,1970-01-01T00:00:00.000Z
faa01bef85864658afe229b8f986966e,2026-03-01T00:00:00Z,2026-03-01T00:19:02Z,auth,auth_enUS_labelerexp,at://did:plc:u6wyaylndbjbyekualgz73v6/app.bsky.feed.post/3mfxgsv7xuk2w,bafyreihlj6z4n3qjpe4l2oivxk72jmhfwd32hm3bdljpyaz7ijbw4yzvse,did:plc:l624mewisyr6hymexmrjkprc,l-justvtuber,,did:plc:u6wyaylndbjbyekualgz73v6,2024-10-20T06:00:29.976Z
faa01bef85864658afe229b8f986966e,2026-03-01T00:00:00Z,2026-03-01T00:19:02Z,auth,auth_enUS_labelerexp,at://did:plc:u6wyaylndbjbyekualgz73v6/app.bsky.feed.post/3mfxgsv7xuk2w,bafyreihlj6z4n3qjpe4l2oivxk72jmhfwd32hm3bdljpyaz7ijbw4yzvse,did:plc:l624mewisyr6hymexmrjkprc,l-threedimensional-artist,,did:plc:u6wyaylndbjbyekualgz73v6,2024-10-20T06:00:55.003Z
faa01bef85864658afe229b8f986966e,2026-03-01T00:00:00Z,2026-03-01T00:19:02Z,auth,auth_enUS_labelerexp,at://did:plc:u6wyaylndbjbyekualgz73v6/app.bsky.feed.post/3mfxgsv7xuk2w,bafyreihlj6z4n3qjpe4l2oivxk72jmhfwd32hm3bdljpyaz7ijbw4yzvse,did:plc:l624mewisyr6hymexmrjkprc,streamer,,did:plc:u6wyaylndbjbyekualgz73v6,2024-10-20T06:00:26.057Z
faa01bef85864658afe229b8f986966e,2026-03-01T00:00:00Z,2026-03-01T00:19:02Z,auth,auth_enUS_labelerexp,at://did:plc:u6wyaylndbjbyekualgz73v6/app.bsky.feed.post/3mfxgsv7xuk2w,bafyreihlj6z4n3qjpe4l2oivxk72jmhfwd32hm3bdljpyaz7ijbw4yzvse,did:plc:l624mewisyr6hymexmrjkprc,vstreamer,,did:plc:u6wyaylndbjbyekualgz73v6,2024-10-20T06:00:35.557Z
faa01bef85864658afe229b8f986966e,2026-03-01T00:00:00Z,2026-03-01T00:19:02Z,auth,auth_enUS_labelerexp,at://did:plc:u6wyaylndbjbyekualgz73v6/app.bsky.feed.post/3mfxgsv7xuk2w,bafyreihlj6z4n3qjpe4l2oivxk72jmhfwd32hm3bdljpyaz7ijbw4yzvse,did:plc:l624mewisyr6hymexmrjkprc,writer,,did:plc:u6wyaylndbjbyekualgz73v6,2024-10-20T06:00:35.446Z
faa01bef85864658afe229b8f986966e,2026-03-01T00:00:00Z,2026-03-01T00:19:02Z,auth,auth_enUS_labelerexp,at://did:plc:u6wyaylndbjbyekualgz73v6/app.bsky.feed.post/3mfxfccqnqc2w,bafyreig3wg4jxa6p53iizyubefyzfjcmyw5p5mq2qk7wysnwxg3ylfpi2i,did:plc:l624mewisyr6hymexmrjkprc,l-justvtuber,,did:plc:u6wyaylndbjbyekualgz73v6,2024-10-20T06:00:29.976Z
faa01bef85864658afe229b8f986966e,2026-03-01T00:00:00Z,2026-03-01T00:19:02Z,auth,auth_enUS_labelerexp,at://did:plc:u6wyaylndbjbyekualgz73v6/app.bsky.feed.post/3mfxfccqnqc2w,bafyreig3wg4jxa6p53iizyubefyzfjcmyw5p5mq2qk7wysnwxg3ylfpi2i,did:plc:l624mewisyr6hymexmrjkprc,l-threedimensional-artist,,did:plc:u6wyaylndbjbyekualgz73v6,2024-10-20T06:00:55.003Z
faa01bef85864658afe229b8f986966e,2026-03-01T00:00:00Z,2026-03-01T00:19:02Z,auth,auth_enUS_labelerexp,at://did:plc:u6wyaylndbjbyekualgz73v6/app.bsky.feed.post/3mfxfccqnqc2w,bafyreig3wg4jxa6p53iizyubefyzfjcmyw5p5mq2qk7wysnwxg3ylfpi2i,did:plc:l624mewisyr6hymexmrjkprc,streamer,,did:plc:u6wyaylndbjbyekualgz73v6,2024-10-20T06:00:26.057Z
faa01bef85864658afe229b8f986966e,2026-03-01T00:00:00Z,2026-03-01T00:19:02Z,auth,auth_enUS_labelerexp,at://did:plc:u6wyaylndbjbyekualgz73v6/app.bsky.feed.post/3mfxfccqnqc2w,bafyreig3wg4jxa6p53iizyubefyzfjcmyw5p5mq2qk7wysnwxg3ylfpi2i,did:plc:l624mewisyr6hymexmrjkprc,vstreamer,,did:plc:u6wyaylndbjbyekualgz73v6,2024-10-20T06:00:35.557Z
faa01bef85864658afe229b8f986966e,2026-03-01T00:00:00Z,2026-03-01T00:19:02Z,auth,auth_enUS_labelerexp,at://did:plc:u6wyaylndbjbyekualgz73v6/app.bsky.feed.post/3mfxfccqnqc2w,bafyreig3wg4jxa6p53iizyubefyzfjcmyw5p5mq2qk7wysnwxg3ylfpi2i,did:plc:l624mewisyr6hymexmrjkprc,writer,,did:plc:u6wyaylndbjbyekualgz73v6,2024-10-20T06:00:35.446Z
faa01bef85864658afe229b8f986966e,2026-03-01T00:00:00Z,2026-03-01T00:19:02Z,auth,auth_enUS_labelerexp,at://did:plc:ak67tmoph2axlwd44dibjlmr/app.bsky.feed.post/3mfxel5si5k22,bafyreibqugvmx42cxc5nhuse3inxnhl3g5ochy27atfn2ysq6emqebeyq4,did:plc:l624mewisyr6hymexmrjkprc,artistdesigner,,did:plc:ak67tmoph2axlwd44dibjlmr,2024-10-22T05:37:31.683Z
faa01bef85864658afe229b8f986966e,2026-03-01T00:00:00Z,2026-03-01T00:19:02Z,auth,auth_enUS_labelerexp,at://did:plc:ak67tmoph2axlwd44dibjlmr/app.bsky.feed.post/3mfxel5si5k22,bafyreibqugvmx42cxc5nhuse3inxnhl3g5ochy27atfn2ysq6emqebeyq4,did:plc:l624mewisyr6hymexmrjkprc,l-threedimensional-artist,,did:plc:ak67tmoph2axlwd44dibjlmr,2024-10-22T05:37:32.571Z
faa01bef85864658afe229b8f986966e,2026-03-01T00:00:00Z,2026-03-01T00:19:02Z,auth,auth_enUS_labelerexp,at://did:plc:ak67tmoph2axlwd44dibjlmr/app.bsky.feed.post/3mfxeerlpts22,bafyreictbkbsvphzzflpul22q636eqhrdlbmvc3vrhccvhsts7smmx27mm,did:plc:l624mewisyr6hymexmrjkprc,artistdesigner,,did:plc:ak67tmoph2axlwd44dibjlmr,2024-10-22T05:37:31.683Z
faa01bef85864658afe229b8f986966e,2026-03-01T00:00:00Z,2026-03-01T00:19:02Z,auth,auth_enUS_labelerexp,at://did:plc:ak67tmoph2axlwd44dibjlmr/app.bsky.feed.post/3mfxeerlpts22,bafyreictbkbsvphzzflpul22q636eqhrdlbmvc3vrhccvhsts7smmx27mm,did:plc:l624mewisyr6hymexmrjkprc,l-threedimensional-artist,,did:plc:ak67tmoph2axlwd44dibjlmr,2024-10-22T05:37:32.571Z
faa01bef85864658afe229b8f986966e,2026-03-01T00:00:00Z,2026-03-01T00:19:02Z,auth,auth_enUS_labelerexp,at://did:plc:nyyw2ax7h4rqstac2aer2xuc/app.bsky.feed.post/3mfxdtzsei226,bafyreietoezlyd6ge52odwqsddxvchniontmbfpk3mkzqg26634sumyrgi,did:plc:nyyw2ax7h4rqstac2aer2xuc,!no-unauthenticated,,at://did:plc:nyyw2ax7h4rqstac2aer2xuc/app.bsky.actor.profile/self,1970-01-01T00:00:00.000Z
faa01bef85864658afe229b8f986966e,2026-03-01T00:00:00Z,2026-03-01T00:19:02Z,auth,auth_enUS_labelerexp,at://did:plc:5yfujwgz3nkynik4yesx6um5/app.bsky.feed.post/3mfxdru4d5k2c,bafyreidwwe5pxywnqffljmelnmhtf5zu2kvo23lqsgj6gkjyyzrhlpaobq,did:plc:5yfujwgz3nkynik4yesx6um5,!no-unauthenticated,,at://did:plc:5yfujwgz3nkynik4yesx6um5/app.bsky.actor.profile/self,1970-01-01T00:00:00.000Z
faa01bef85864658afe229b8f986966e,2026-03-01T00:00:00Z,2026-03-01T00:19:02Z,auth,auth_enUS_labelerexp,at://did:plc:dzbmrqvemal5nedhysp7uggb/app.bsky.feed.post/3mfxdrbpp7k2f,bafyreiep5jthhjl7lxlbrwp4dzjijngiakfyzy5ezntnpmcyoaamomw43i,did:plc:dzbmrqvemal5nedhysp7uggb,!no-unauthenticated,,at://did:plc:dzbmrqvemal5nedhysp7uggb/app.bsky.actor.profile/self,1970-01-01T00:00:00.000Z
faa01bef85864658afe229b8f986966e,2026-03-01T00:00:00Z,2026-03-01T00:19:02Z,auth,auth_enUS_labelerexp,at://did:plc:ar7zy7ohpab3shq4idotkqga/app.bsky.feed.post/3mfxdfa7yzk2e,bafyreiexpmkgrktjjz4uzgljrjeslpbw3lkxelhcgg3lzlq33c7morx2iu,did:plc:ar7zy7ohpab3shq4idotkqga,!no-unauthenticated,,at://did:plc:ar7zy7ohpab3shq4idotkqga/app.bsky.actor.profile/self,1970-01-01T00:00:00.000Z
faa01bef85864658afe229b8f986966e,2026-03-01T00:00:00Z,2026-03-01T00:19:02Z,auth,auth_enUS_labelerexp,at://did:plc:dzbmrqvemal5nedhysp7uggb/app.bsky.feed.post/3mfxcu3bwrc2f,bafyreiep2uy4kfiz2qbocvlzi7xyb6vfrthfqulc3jymyta4dez7nhrbfu,did:plc:dzbmrqvemal5nedhysp7uggb,!no-unauthenticated,,at://did:plc:dzbmrqvemal5nedhysp7uggb/app.bsky.actor.profile/self,1970-01-01T00:00:00.000Z
faa01bef85864658afe229b8f986966e,2026-03-01T00:00:00Z,2026-03-01T00:19:02Z,auth,auth_enUS_labelerexp,at://did:plc:ar7zy7ohpab3shq4idotkqga/app.bsky.feed.post/3mfxcfd6hcs2e,bafyreicb37j4fu2d4bivqxhio6ngfmcdvlju77fhvw4qcrygtkfiq27z6m,did:plc:ar7zy7ohpab3shq4idotkqga,!no-unauthenticated,,at://did:plc:ar7zy7ohpab3shq4idotkqga/app.bsky.actor.profile/self,1970-01-01T00:00:00.000Z
faa01bef85864658afe229b8f986966e,2026-03-01T00:00:00Z,2026-03-01T00:19:02Z,auth,auth_enUS_labelerexp,at://did:plc:cgp2vvzve6axfz3mrtcn565y/app.bsky.feed.post/3mfxcbyiwvc27,bafyreibppmsrigxkgtruqieudhhbw2bnktni37xfc4z3wrrjihprzomxay,did:plc:cgp2vvzve6axfz3mrtcn565y,!no-unauthenticated,,at://did:plc:cgp2vvzve6axfz3mrtcn565y/app.bsky.actor.profile/self,1970-01-01T00:00:00.000Z
faa01bef85864658afe229b8f986966e,2026-03-01T00:00:00Z,2026-03-01T00:19:02Z,auth,auth_enUS_labelerexp,at://did:plc:nyyw2ax7h4rqstac2aer2xuc/app.bsky.feed.post/3mfxbwqz5sc2i,bafyreiabbbxh5bz5crdsgsalpmjluxs55rift5sen5klhnfkeuf6poxheu,did:plc:nyyw2ax7h4rqstac2aer2xuc,!no-unauthenticated,,at://did:plc:nyyw2ax7h4rqstac2aer2xuc/app.bsky.actor.profile/self,1970-01-01T00:00:00.000Z
faa01bef85864658afe229b8f986966e,2026-03-01T00:00:00Z,2026-03-01T00:19:02Z,auth,auth_enUS_labelerexp,at://did:plc:jdmylt72deismyafuzcnj6a6/app.bsky.feed.post/3mfxbvqfo722y,bafyreide2xbg7dpgtks64xlczsnzdy3yehga22aspgljn3md4via2iqmpe,did:plc:jdmylt72deismyafuzcnj6a6,!no-unauthenticated,,at://did:plc:jdmylt72deismyafuzcnj6a6/app.bsky.actor.profile/self,1970-01-01T00:00:00.000Z
faa01bef85864658afe229b8f986966e,2026-03-01T00:00:00Z,2026-03-01T00:19:02Z,auth,auth_enUS_labelerexp,at://did:plc:klriafv6rdha63hefisn5een/app.bsky.feed.post/3mfxbnz4oes2x,bafyreibss5y3ydspjca5x7ryvdmkb6rudtvrzdcuatm2nvbfzsjdiuwyty,did:plc:klriafv6rdha63hefisn5een,!no-unauthenticated,,at://did:plc:klriafv6rdha63hefisn5een/app.bsky.actor.profile/self,2025-03-11T18:07:01.968Z
faa01bef85864658afe229b8f986966e,2026-03-01T00:00:00Z,2026-03-01T00:19:02Z,auth,auth_enUS_labelerexp,at://did:plc:ukr7gpscuu7xfnh7kxbejmz7/app.bsky.feed.post/3mfxblvepes2q,bafyreighntc2rfbb62i5k6d7hahzjphsccgs52ebl4hfjiy4hku54fuch4,did:plc:ukr7gpscuu7xfnh7kxbejmz7,!no-unauthenticated,,at://did:plc:ukr7gpscuu7xfnh7kxbejmz7/app.bsky.actor.profile/self,1970-01-01T00:00:00.000Z
faa01bef85864658afe229b8f986966e,2026-03-01T00:00:00Z,2026-03-01T00:19:02Z,auth,auth_enUS_labelerexp,at://did:plc:mjcvvcoo3oaejtrdcj2os5tk/app.bsky.feed.post/3mfxauw7nmk2x,bafyreiaqu3fu4ocnzqpb2orubveaxvgglvv65l5olvgdblegi6ypuokaym,did:plc:mjcvvcoo3oaejtrdcj2os5tk,!no-unauthenticated,,at://did:plc:mjcvvcoo3oaejtrdcj2os5tk/app.bsky.actor.profile/self,2024-02-29T09:29:55.940Z
faa01bef85864658afe229b8f986966e,2026-03-01T00:00:00Z,2026-03-01T00:19:02Z,auth,auth_enUS_labelerexp,at://did:plc:klriafv6rdha63hefisn5een/app.bsky.feed.post/3mfx7mcvxc22x,bafyreidectkthyt3gkgnlrplvxqk3kejljacichw3ze3ysj2ofldjqdmxe,did:plc:klriafv6rdha63hefisn5een,!no-unauthenticated,,at://did:plc:klriafv6rdha63hefisn5een/app.bsky.actor.profile/self,2025-03-11T18:07:01.968Z
faa01bef85864658afe229b8f986966e,2026-03-01T00:00:00Z,2026-03-01T00:19:02Z,auth,auth_enUS_labelerexp,at://did:plc:fkmzabghgmq64hy2po4fu2ch/app.bsky.feed.post/3mfx7gdzz6s2n,bafyreiauvkhmlzlpjq5y7aokmzzco6yao4ju3j3fcn6lfyrhh7nv67cxdy,did:plc:fkmzabghgmq64hy2po4fu2ch,!no-unauthenticated,,at://did:plc:fkmzabghgmq64hy2po4fu2ch/app.bsky.actor.profile/self,2024-04-07T15:28:46.631Z
faa01bef85864658afe229b8f986966e,2026-03-01T00:00:00Z,2026-03-01T00:19:02Z,auth,auth_enUS_labelerexp,at://did:plc:ldqrgp3mkt2xsclylt4qlsgf/app.bsky.feed.post/3mfx72tfqps2n,bafyreihubwcbob35wfftekb4xua4nlwnveviizylx5eamykhsevueql57m,did:plc:cnn3jrtucivembf66xe6fdfs,anti,,did:plc:ldqrgp3mkt2xsclylt4qlsgf,2024-05-03T16:51:09.139Z
faa01bef85864658afe229b8f986966e,2026-03-01T00:00:00Z,2026-03-01T00:19:02Z,auth,auth_enUS_labelerexp,at://did:plc:ldqrgp3mkt2xsclylt4qlsgf/app.bsky.feed.post/3mfx72tfqps2n,bafyreihubwcbob35wfftekb4xua4nlwnveviizylx5eamykhsevueql57m,did:plc:ldqrgp3mkt2xsclylt4qlsgf,!no-unauthenticated,,at://did:plc:ldqrgp3mkt2xsclylt4qlsgf/app.bsky.actor.profile/self,1970-01-01T00:00:00.000Z
faa01bef85864658afe229b8f986966e,2026-03-01T00:00:00Z,2026-03-01T00:19:02Z,auth,auth_enUS_labelerexp,at://did:plc:klriafv6rdha63hefisn5een/app.bsky.feed.post/3mfx6sd2e5c2x,bafyreicu2zuuozuion2q5fhzl3fdjddwg5k2asxu3dpnbzw2wbz4rekqky,did:plc:klriafv6rdha63hefisn5een,!no-unauthenticated,,at://did:plc:klriafv6rdha63hefisn5een/app.bsky.actor.profile/self,2025-03-11T18:07:01.968Z
faa01bef85864658afe229b8f986966e,2026-03-01T00:00:00Z,2026-03-01T00:19:02Z,auth,auth_enUS_labelerexp,at://did:plc:klriafv6rdha63hefisn5een/app.bsky.feed.post/3mfx64osqlc2x,bafyreihwluooxvsnylqj2cb5l7plfvrnw6bf2emc6qyqoxg4xcc6u53aie,did:plc:klriafv6rdha63hefisn5een,!no-unauthenticated,,at://did:plc:klriafv6rdha63hefisn5een/app.bsky.actor.profile/self,2025-03-11T18:07:01.968Z
faa01bef85864658afe229b8f986966e,2026-03-01T00:00:00Z,2026-03-01T00:19:02Z,auth,auth_enUS_labelerexp,at://did:plc:klriafv6rdha63hefisn5een/app.bsky.feed.post/3mfx5zpgydc2x,bafyreihbgyqggyrnd4edso2zoeh47dzd77o5ozhi5y7xgedymnrekgqpxy,did:plc:klriafv6rdha63hefisn5een,!no-unauthenticated,,at://did:plc:klriafv6rdha63hefisn5een/app.bsky.actor.profile/self,2025-03-11T18:07:01.968Z
faa01bef85864658afe229b8f986966e,2026-03-01T00:00:00Z,2026-03-01T00:19:02Z,auth,auth_enUS_labelerexp,at://did:plc:dhsrnkbeowgiu7flwwavc2mv/app.bsky.feed.post/3mfx5shx6jk2p,bafyreieypvr3rnuxcbvaeiubfzzqx7ig5gv4zwwi4z34knaq5rgrkapowq,did:plc:dhsrnkbeowgiu7flwwavc2mv,!no-unauthenticated,,at://did:plc:dhsrnkbeowgiu7flwwavc2mv/app.bsky.actor.profile/self,1970-01-01T00:00:00.000Z
faa01bef85864658afe229b8f986966e,2026-03-01T00:00:00Z,2026-03-01T00:19:02Z,auth,auth_enUS_labelerexp,at://did:plc:ldqrgp3mkt2xsclylt4qlsgf/app.bsky.feed.post/3mfx56f3xa22n,bafyreibu7bzldv2mbn2lyvez6qxdxzybw6ycd5nxzlosmr6e3mdpaljf5q,did:plc:cnn3jrtucivembf66xe6fdfs,anti,,did:plc:ldqrgp3mkt2xsclylt4qlsgf,2024-05-03T16:51:09.139Z
faa01bef85864658afe229b8f986966e,2026-03-01T00:00:00Z,2026-03-01T00:19:02Z,auth,auth_enUS_labelerexp,at://did:plc:ldqrgp3mkt2xsclylt4qlsgf/app.bsky.feed.post/3mfx56f3xa22n,bafyreibu7bzldv2mbn2lyvez6qxdxzybw6ycd5nxzlosmr6e3mdpaljf5q,did:plc:ldqrgp3mkt2xsclylt4qlsgf,!no-unauthenticated,,at://did:plc:ldqrgp3mkt2xsclylt4qlsgf/app.bsky.actor.profile/self,1970-01-01T00:00:00.000Z
faa01bef85864658afe229b8f986966e,2026-03-01T00:00:00Z,2026-03-01T00:19:04Z,auth,auth_enUS_labelerexp,at://did:plc:xzritgbz45miucms4cvshqd6/app.bsky.feed.post/3mfxh6lza2c25,bafyreigavdhgsteczticchokogu5gfdqnqvajhhahrwot55hkbajcenbfe,did:plc:xzritgbz45miucms4cvshqd6,!no-unauthenticated,,at://did:plc:xzritgbz45miucms4cvshqd6/app.bsky.actor.profile/self,1970-01-01T00:00:00.000Z
faa01bef85864658afe229b8f986966e,2026-03-01T00:00:00Z,2026-03-01T00:19:04Z,auth,auth_enUS_labelerexp,at://did:plc:xzritgbz45miucms4cvshqd6/app.bsky.feed.post/3mfxgw7rmbc25,bafyreiffqqsdcqocg47ujk6ji5emhg5tqxafaxb4pmnmwouwaut6wbj6um,did:plc:xzritgbz45miucms4cvshqd6,!no-unauthenticated,,at://did:plc:xzritgbz45miucms4cvshqd6/app.bsky.actor.profile/self,1970-01-01T00:00:00.000Z
faa01bef85864658afe229b8f986966e,2026-03-01T00:00:00Z,2026-03-01T00:19:04Z,auth,auth_enUS_labelerexp,at://did:plc:syj3qn5oggo4ri3nu73ggi4c/app.bsky.feed.post/3mfxe2vn6qc26,bafyreiah54kn2dvkv6nxv3vagl7h25qxa435nkxvqpr2ozwni2k7oaqvzy,did:plc:syj3qn5oggo4ri3nu73ggi4c,!no-unauthenticated,,at://did:plc:syj3qn5oggo4ri3nu73ggi4c/app.bsky.actor.profile/self,1970-01-01T00:00:00.000Z
faa01bef85864658afe229b8f986966e,2026-03-01T00:00:00Z,2026-03-01T00:19:04Z,auth,auth_enUS_labelerexp,at://did:plc:5wmwbibbyym6nmkmz7b6yyoj/app.bsky.feed.post/3mfwyxw6mpc2n,bafyreidxw4mea46cldbrng6f5raalv7avyoobo25tdjmhbuxztkqkwpqae,did:plc:5wmwbibbyym6nmkmz7b6yyoj,!no-unauthenticated,,at://did:plc:5wmwbibbyym6nmkmz7b6yyoj/app.bsky.actor.profile/self,1970-01-01T00:00:00.000Z
faa01bef85864658afe229b8f986966e,2026-03-01T00:00:00Z,2026-03-01T00:19:04Z,auth,auth_enUS_labelerexp,at://did:plc:5wmwbibbyym6nmkmz7b6yyoj/app.bsky.feed.post/3mfwynn7jjc2r,bafyreigkejuryo3nrkijgxd72nwlpnhgffoqvo6py4jrbl3zzrerj4i4ce,did:plc:5wmwbibbyym6nmkmz7b6yyoj,!no-unauthenticated,,at://did:plc:5wmwbibbyym6nmkmz7b6yyoj/app.bsky.actor.profile/self,1970-01-01T00:00:00.000Z
faa01bef85864658afe229b8f986966e,2026-03-01T00:00:00Z,2026-03-01T00:19:04Z,auth,auth_enUS_labelerexp,at://did:plc:5wmwbibbyym6nmkmz7b6yyoj/app.bsky.feed.post/3mfwyc2wgmk2f,bafyreidzpp4ggcwva7wxzr3qpoim2whn47dcb2uwtzyjtivyd6jizcba6a,did:plc:5wmwbibbyym6nmkmz7b6yyoj,!no-unauthenticated,,at://did:plc:5wmwbibbyym6nmkmz7b6yyoj/app.bsky.actor.profile/self,1970-01-01T00:00:00.000Z
faa01bef85864658afe229b8f986966e,2026-03-01T00:00:00Z,2026-03-01T00:19:04Z,auth,auth_enUS_labelerexp,at://did:plc:5wmwbibbyym6nmkmz7b6yyoj/app.bsky.feed.post/3mfwkn77h6c2p,bafyreic6spsjtsgalsw27qbbwph4xz5ysyiykwix4amwv74i6bjk6sf22u,did:plc:5wmwbibbyym6nmkmz7b6yyoj,!no-unauthenticated,,at://did:plc:5wmwbibbyym6nmkmz7b6yyoj/app.bsky.actor.profile/self,1970-01-01T00:00:00.000Z
faa01bef85864658afe229b8f986966e,2026-03-01T00:00:00Z,2026-03-01T00:19:04Z,auth,auth_enUS_labelerexp,at://did:plc:5wmwbibbyym6nmkmz7b6yyoj/app.bsky.feed.post/3mfwirz6huk27,bafyreifvygjgrdhxohfrpvmdbck2fybmpma3gxj3kulfu7wtacwp5rmwhe,did:plc:5wmwbibbyym6nmkmz7b6yyoj,!no-unauthenticated,,at://did:plc:5wmwbibbyym6nmkmz7b6yyoj/app.bsky.actor.profile/self,1970-01-01T00:00:00.000Z
faa01bef85864658afe229b8f986966e,2026-03-01T00:00:00Z,2026-03-01T00:19:05Z,auth,auth_enUS_labelerexp,at://did:plc:7tiq2oeads5tiinzg2sb3ivd/app.bsky.feed.post/3mfx6fkrhwu2k,bafyreiabjsx4qzedsgmjw22653q47vocb7njxyv4jqusdjvtwmnvkkitk4,did:plc:uac6er53o2pvr5y2qmvaf7hw,x-link,,at://did:plc:7tiq2oeads5tiinzg2sb3ivd/app.bsky.actor.profile/self,2025-06-09T21:29:29.586Z
faa01bef85864658afe229b8f986966e,2026-03-01T00:00:00Z,2026-03-01T00:19:05Z,auth,auth_enUS_labelerexp,at://did:plc:k4nvhm4dssuk6knxk4mwmhpd/app.bsky.feed.post/3mfwzwewzcrm2,bafyreih7ghzsvoaueb36c5zmr4zsttuwngureeklyoojxftuke4hbaolie,did:plc:k4nvhm4dssuk6knxk4mwmhpd,bridged-from-bridgy-fed-activitypub,,at://did:plc:k4nvhm4dssuk6knxk4mwmhpd/app.bsky.actor.profile/self,1970-01-01T00:00:00.000Z
faa01bef85864658afe229b8f986966e,2026-03-01T00:00:00Z,2026-03-01T00:19:05Z,auth,auth_enUS_labelerexp,at://did:plc:7g672iep366wg6eydzgjzh37/app.bsky.feed.post/3mfwwmdqve52y,bafyreidxyrunqcro2ydo6uujlpaioi6xqro3qs5ljfavlvljplfq5pghau,did:plc:ar7c4by46qjdydhdevvrndac,needs-review,,did:plc:7g672iep366wg6eydzgjzh37,2026-02-28T13:02:26.447Z
faa01bef85864658afe229b8f986966e,2026-03-01T00:00:00Z,2026-03-01T00:19:05Z,auth,auth_enUS_labelerexp,at://did:plc:7g672iep366wg6eydzgjzh37/app.bsky.feed.post/3mfwwgi22gt27,bafyreidf6khu4qz2ebyxj2i6s3d5v3crgbx4i7rj5f7xj4vb7ntss5mywi,did:plc:ar7c4by46qjdydhdevvrndac,needs-review,,did:plc:7g672iep366wg6eydzgjzh37,2026-02-28T13:02:26.447Z
faa01bef85864658afe229b8f986966e,2026-03-01T00:00:00Z,2026-03-01T00:19:05Z,auth,auth_enUS_labelerexp,at://did:plc:7g672iep366wg6eydzgjzh37/app.bsky.feed.post/3mfwlbjl4cp2i,bafyreih5svqrwwap66tkbn3rgvnr4gw6wwt4dzfun7x242h5xudopbe6zy,did:plc:ar7c4by46qjdydhdevvrndac,needs-review,,did:plc:7g672iep366wg6eydzgjzh37,2026-02-28T13:02:26.447Z
faa01bef85864658afe229b8f986966e,2026-03-01T00:00:00Z,2026-03-01T00:19:05Z,auth,auth_enUS_labelerexp,at://did:plc:6fzthh5xfd3ol7t4wvhqfms5/app.bsky.feed.post/3mfwkkfqwlk2t,bafyreifqs2ll77dt3lmbapzlvedqajrkeikhpx63ea555ag4qciepjfrse,did:plc:cnn3jrtucivembf66xe6fdfs,anti,,did:plc:6fzthh5xfd3ol7t4wvhqfms5,2024-05-03T16:55:35.089Z
faa01bef85864658afe229b8f986966e,2026-03-01T00:00:00Z,2026-03-01T00:19:05Z,auth,auth_enUS_labelerexp,at://did:plc:6fzthh5xfd3ol7t4wvhqfms5/app.bsky.feed.post/3mfwkkfqwlk2t,bafyreifqs2ll77dt3lmbapzlvedqajrkeikhpx63ea555ag4qciepjfrse,did:plc:6fzthh5xfd3ol7t4wvhqfms5,!no-unauthenticated,,at://did:plc:6fzthh5xfd3ol7t4wvhqfms5/app.bsky.actor.profile/self,1970-01-01T00:00:00.000Z
faa01bef85864658afe229b8f986966e,2026-03-01T00:00:00Z,2026-03-01T00:19:05Z,auth,auth_enUS_labelerexp,at://did:plc:7g672iep366wg6eydzgjzh37/app.bsky.feed.post/3mfwhomijko2x,bafyreihsavqmytaqxq4rilo7mhdeav3irflhazeoxxl6o4yaraofvoigii,did:plc:ar7c4by46qjdydhdevvrndac,needs-review,,did:plc:7g672iep366wg6eydzgjzh37,2026-02-28T13:02:26.447Z
faa01bef85864658afe229b8f986966e,2026-03-01T00:00:00Z,2026-03-01T00:19:05Z,auth,auth_enUS_labelerexp,at://did:plc:6ffc3ukvt3a2phexiy5jkbme/app.bsky.feed.post/3mfwg4swdcc2b,bafyreidkamzkxjopdwz2b5mrayguefpl2meec3aqyyz6woxrqdx7klm3x4,did:plc:6ffc3ukvt3a2phexiy5jkbme,!no-unauthenticated,,at://did:plc:6ffc3ukvt3a2phexiy5jkbme/app.bsky.actor.profile/self,2025-01-27T15:13:04.064Z
faa01bef85864658afe229b8f986966e,2026-03-01T00:00:00Z,2026-03-01T00:19:05Z,auth,auth_enUS_labelerexp,at://did:plc:7g672iep366wg6eydzgjzh37/app.bsky.feed.post/3mfwcivwrwa2y,bafyreig43akkhmm3je24xorn3ezu2prrn2i3adw3xfm7rs34ahkxmsm5fi,did:plc:ar7c4by46qjdydhdevvrndac,needs-review,,did:plc:7g672iep366wg6eydzgjzh37,2026-02-28T13:02:26.447Z
faa01bef85864658afe229b8f986966e,2026-03-01T00:00:00Z,2026-03-01T00:19:05Z,auth,auth_enUS_labelerexp,at://did:plc:hsutvcm2ugxj2k7xydqqm5bl/app.bsky.feed.post/3mfwbq6bq4k2n,bafyreiaahffwjao4qz3pk37luybaqizofcjto7keaksvq7ts75clpt7nha,did:plc:hsutvcm2ugxj2k7xydqqm5bl,!no-unauthenticated,,at://did:plc:hsutvcm2ugxj2k7xydqqm5bl/app.bsky.actor.profile/self,2024-11-25T20:17:56.867Z
faa01bef85864658afe229b8f986966e,2026-03-01T00:00:00Z,2026-03-01T00:19:05Z,auth,auth_enUS_labelerexp,at://did:plc:56pgap3zzfjnmwgkix4m2kvb/app.bsky.feed.post/3mfw4hal6pk2t,bafyreibobq47mbxpcstzmbvvlcty5n6j4wommfqnvwvbxarhslz44luznm,did:plc:uac6er53o2pvr5y2qmvaf7hw,meta-link,,at://did:plc:56pgap3zzfjnmwgkix4m2kvb/app.bsky.actor.profile/self,2026-01-20T13:17:19.019Z
faa01bef85864658afe229b8f986966e,2026-03-01T00:00:00Z,2026-03-01T00:19:05Z,auth,auth_enUS_labelerexp,at://did:plc:56pgap3zzfjnmwgkix4m2kvb/app.bsky.feed.post/3mfw4hal6pk2t,bafyreibobq47mbxpcstzmbvvlcty5n6j4wommfqnvwvbxarhslz44luznm,did:plc:uac6er53o2pvr5y2qmvaf7hw,x-link,,at://did:plc:56pgap3zzfjnmwgkix4m2kvb/app.bsky.actor.profile/self,2026-01-20T13:17:19.019Z
faa01bef85864658afe229b8f986966e,2026-03-01T00:00:00Z,2026-03-01T00:19:05Z,auth,auth_enUS_labelerexp,at://did:plc:56pgap3zzfjnmwgkix4m2kvb/app.bsky.feed.post/3mfw4hal6pk2t,bafyreibobq47mbxpcstzmbvvlcty5n6j4wommfqnvwvbxarhslz44luznm,did:plc:uac6er53o2pvr5y2qmvaf7hw,altrightlink,,at://did:plc:56pgap3zzfjnmwgkix4m2kvb/app.bsky.actor.profile/self,2025-03-28T04:51:09.341Z
faa01bef85864658afe229b8f986966e,2026-03-01T00:00:00Z,2026-03-01T00:19:07Z,auth,auth_enUS_labelerexp,at://did:plc:kfdtroqa5qqcslgr5aezqmed/app.bsky.feed.post/3mfwtmhydhs2p,bafyreibumfxtjwpzsyxxx4lrxlmaz3y267a5kqyyvx4kbsu3bnxwmo7mlu,did:plc:ar7c4by46qjdydhdevvrndac,porn,,at://did:plc:kfdtroqa5qqcslgr5aezqmed/app.bsky.feed.post/3mfwtmhydhs2p,2026-02-28T18:19:32.201Z
faa01bef85864658afe229b8f986966e,2026-03-01T00:00:00Z,2026-03-01T00:19:07Z,auth,auth_enUS_labelerexp,at://did:plc:kfdtroqa5qqcslgr5aezqmed/app.bsky.feed.post/3mfwtmhydhs2p,bafyreibumfxtjwpzsyxxx4lrxlmaz3y267a5kqyyvx4kbsu3bnxwmo7mlu,did:plc:ar7c4by46qjdydhdevvrndac,porn,,at://did:plc:kfdtroqa5qqcslgr5aezqmed/app.bsky.actor.profile/self,2025-03-15T16:17:15.147Z
faa01bef85864658afe229b8f986966e,2026-03-01T00:00:00Z,2026-03-01T00:19:07Z,auth,auth_enUS_labelerexp,at://did:plc:kfdtroqa5qqcslgr5aezqmed/app.bsky.feed.post/3mfwtmhydhs2p,bafyreibumfxtjwpzsyxxx4lrxlmaz3y267a5kqyyvx4kbsu3bnxwmo7mlu,did:plc:kfdtroqa5qqcslgr5aezqmed,!no-unauthenticated,,at://did:plc:kfdtroqa5qqcslgr5aezqmed/app.bsky.actor.profile/self,2024-10-19T06:33:29.482Z
faa01bef85864658afe229b8f986966e,2026-03-01T00:00:00Z,2026-03-01T00:19:07Z,auth,auth_enUS_labelerexp,at://did:plc:rjw4th5sup2pg7cz2b2ranmt/app.bsky.feed.post/3mfx67hxjnc27,bafyreigiyqftzfgnu5tycwd6ytp3i4kwp47apdvxfj34wejlktgxgizmpe,did:plc:ar7c4by46qjdydhdevvrndac,sexual,,at://did:plc:rjw4th5sup2pg7cz2b2ranmt/app.bsky.feed.post/3mfx67hxjnc27,2026-02-28T21:29:10.753Z
faa01bef85864658afe229b8f986966e,2026-03-01T00:00:00Z,2026-03-01T00:19:07Z,auth,auth_enUS_labelerexp,at://did:plc:rjw4th5sup2pg7cz2b2ranmt/app.bsky.feed.post/3mfx67hxjnc27,bafyreigiyqftzfgnu5tycwd6ytp3i4kwp47apdvxfj34wejlktgxgizmpe,did:plc:ar7c4by46qjdydhdevvrndac,porn,,at://did:plc:rjw4th5sup2pg7cz2b2ranmt/app.bsky.actor.profile/self,2025-12-06T23:23:37.692Z
faa01bef85864658afe229b8f986966e,2026-03-01T00:00:00Z,2026-03-01T00:19:07Z,auth,auth_enUS_labelerexp,at://did:plc:rjw4th5sup2pg7cz2b2ranmt/app.bsky.feed.post/3mfx67hxjnc27,bafyreigiyqftzfgnu5tycwd6ytp3i4kwp47apdvxfj34wejlktgxgizmpe,did:plc:rjw4th5sup2pg7cz2b2ranmt,!no-unauthenticated,,at://did:plc:rjw4th5sup2pg7cz2b2ranmt/app.bsky.actor.profile/self,2024-11-18T03:28:44.335Z
faa01bef85864658afe229b8f986966e,2026-03-01T00:00:00Z,2026-03-01T00:19:07Z,auth,auth_enUS_labelerexp,at://did:plc:cgwuaagxu7q5zrn5jrnmznkt/app.bsky.feed.post/3mfwuk73l7c2q,bafyreidyuzcocg3dcunoqjypzaqj7qtoogv22klz6mw4oslsbkx5hqqsla,did:plc:ar7c4by46qjdydhdevvrndac,porn,,at://did:plc:cgwuaagxu7q5zrn5jrnmznkt/app.bsky.feed.post/3mfwuk73l7c2q,2026-02-28T18:36:11.671Z
faa01bef85864658afe229b8f986966e,2026-03-01T00:00:00Z,2026-03-01T00:19:07Z,auth,auth_enUS_labelerexp,at://did:plc:ils2ugqftwvm7vkwu545ey3p/app.bsky.feed.post/3mfx6zyxqhc2d,bafyreies37z4chon36c7dzyisglf4aet6dp2sb7m77of4yxhy6dsmnf53e,did:plc:ils2ugqftwvm7vkwu545ey3p,porn,,at://did:plc:ils2ugqftwvm7vkwu545ey3p/app.bsky.feed.post/3mfx6zyxqhc2d,2026-02-28T21:43:52.328Z
faa01bef85864658afe229b8f986966e,2026-03-01T00:00:00Z,2026-03-01T00:19:07Z,auth,auth_enUS_labelerexp,at://did:plc:zg2f7er35myckqolprwsqvg6/app.bsky.feed.post/3mfwohclmk52n,bafyreibf7e5qkuv7ccgajl5lmslbeix4ftbimkl22japnrasa6xjx5juya,did:plc:ar7c4by46qjdydhdevvrndac,porn,,at://did:plc:zg2f7er35myckqolprwsqvg6/app.bsky.feed.post/3mfwohclmk52n,2026-02-28T16:47:06.556Z
faa01bef85864658afe229b8f986966e,2026-03-01T00:00:00Z,2026-03-01T00:19:07Z,auth,auth_enUS_labelerexp,at://did:plc:tp7ppz6a3eyduaw4z6kp3k2k/app.bsky.feed.post/3mfwydov3mx2v,bafyreie4jmbnjqjhgkzx2abcoyyto4u6e5b6mrcm3pptk3olfijdvvyoje,did:plc:uac6er53o2pvr5y2qmvaf7hw,telegram-link,,at://did:plc:tp7ppz6a3eyduaw4z6kp3k2k/app.bsky.actor.profile/self,2026-02-25T17:39:30.460Z
faa01bef85864658afe229b8f986966e,2026-03-01T00:00:00Z,2026-03-01T00:19:07Z,auth,auth_enUS_labelerexp,at://did:plc:tp7ppz6a3eyduaw4z6kp3k2k/app.bsky.feed.post/3mfx5f56cwc26,bafyreihwiw6vw227jopg3rhmwc6sc3l7w44dkn5prekehelz7tiken3xrq,did:plc:ar7c4by46qjdydhdevvrndac,porn,,at://did:plc:tp7ppz6a3eyduaw4z6kp3k2k/app.bsky.feed.post/3mfx5f56cwc26,2026-02-28T21:14:20.913Z
faa01bef85864658afe229b8f986966e,2026-03-01T00:00:00Z,2026-03-01T00:19:07Z,auth,auth_enUS_labelerexp,at://did:plc:tp7ppz6a3eyduaw4z6kp3k2k/app.bsky.feed.post/3mfx5f56cwc26,bafyreihwiw6vw227jopg3rhmwc6sc3l7w44dkn5prekehelz7tiken3xrq,did:plc:uac6er53o2pvr5y2qmvaf7hw,telegram-link,,at://did:plc:tp7ppz6a3eyduaw4z6kp3k2k/app.bsky.actor.profile/self,2026-02-25T17:39:30.460Z
faa01bef85864658afe229b8f986966e,2026-03-01T00:00:00Z,2026-03-01T00:19:07Z,auth,auth_enUS_labelerexp,at://did:plc:mgyscoovtrthsjm6nqmpyfvh/app.bsky.feed.post/3mfuxuyznvo2k,bafyreidnuwn6c2rd5v2z5pkwi6lty7kbenv5zbqvvzu6mlxvz32ky564e4,did:plc:uac6er53o2pvr5y2qmvaf7hw,high-hashtag-count,,at://did:plc:mgyscoovtrthsjm6nqmpyfvh/app.bsky.feed.post/3mfuxuyznvo2k,2026-02-28T00:30:30.531Z
faa01bef85864658afe229b8f986966e,2026-03-01T00:00:00Z,2026-03-01T00:19:07Z,auth,auth_enUS_labelerexp,at://did:plc:mgyscoovtrthsjm6nqmpyfvh/app.bsky.feed.post/3mfuxuyznvo2k,bafyreidnuwn6c2rd5v2z5pkwi6lty7kbenv5zbqvvzu6mlxvz32ky564e4,did:plc:uac6er53o2pvr5y2qmvaf7hw,high-total-facet-count,,at://did:plc:mgyscoovtrthsjm6nqmpyfvh/app.bsky.feed.post/3mfuxuyznvo2k,2026-02-28T00:30:31.073Z
faa01bef85864658afe229b8f986966e,2026-03-01T00:00:00Z,2026-03-01T00:19:07Z,auth,auth_enUS_labelerexp,at://did:plc:mgyscoovtrthsjm6nqmpyfvh/app.bsky.feed.post/3mfuxuyznvo2k,bafyreidnuwn6c2rd5v2z5pkwi6lty7kbenv5zbqvvzu6mlxvz32ky564e4,did:plc:ar7c4by46qjdydhdevvrndac,porn,,at://did:plc:mgyscoovtrthsjm6nqmpyfvh/app.bsky.feed.post/3mfuxuyznvo2k,2026-02-28T00:30:30.370Z
faa01bef85864658afe229b8f986966e,2026-03-01T00:00:00Z,2026-03-01T00:19:07Z,auth,auth_enUS_labelerexp,at://did:plc:eog54nyoh4hq42lzvqknnxr4/app.bsky.feed.post/3mfuzfzshgk2o,bafyreic4f675mnaflx5auhvtklbk5rjdyn7ub5bygp2quvwzybrigiqc3a,did:plc:eog54nyoh4hq42lzvqknnxr4,sexual,,at://did:plc:eog54nyoh4hq42lzvqknnxr4/app.bsky.feed.post/3mfuzfzshgk2o,2026-02-28T00:57:53.939Z
faa01bef85864658afe229b8f986966e,2026-03-01T00:00:00Z,2026-03-01T00:19:07Z,auth,auth_enUS_labelerexp,at://did:plc:eog54nyoh4hq42lzvqknnxr4/app.bsky.feed.post/3mfuzfzshgk2o,bafyreic4f675mnaflx5auhvtklbk5rjdyn7ub5bygp2quvwzybrigiqc3a,did:plc:ar7c4by46qjdydhdevvrndac,nudity,,at://did:plc:eog54nyoh4hq42lzvqknnxr4/app.bsky.actor.profile/self,2024-11-11T00:07:31.676Z
faa01bef85864658afe229b8f986966e,2026-03-01T00:00:00Z,2026-03-01T00:19:07Z,auth,auth_enUS_labelerexp,at://did:plc:qpbhtkbi2ium63l7j2fmusge/app.bsky.feed.post/3mfvm4hwunc2u,bafyreiflltl75hn6cxp4gp2fiuixujui6nfbfzv6an5lmb67dipku6jvzy,did:plc:ar7c4by46qjdydhdevvrndac,porn,,at://did:plc:qpbhtkbi2ium63l7j2fmusge/app.bsky.feed.post/3mfvm4hwunc2u,2026-02-28T06:32:36.101Z
faa01bef85864658afe229b8f986966e,2026-03-01T00:00:00Z,2026-03-01T00:19:07Z,auth,auth_enUS_labelerexp,at://did:plc:qpbhtkbi2ium63l7j2fmusge/app.bsky.feed.post/3mfvm4hwunc2u,bafyreiflltl75hn6cxp4gp2fiuixujui6nfbfzv6an5lmb67dipku6jvzy,did:plc:ar7c4by46qjdydhdevvrndac,nudity,,at://did:plc:qpbhtkbi2ium63l7j2fmusge/app.bsky.actor.profile/self,2024-11-14T21:00:51.652Z
faa01bef85864658afe229b8f986966e,2026-03-01T00:00:00Z,2026-03-01T00:19:07Z,auth,auth_enUS_labelerexp,at://did:plc:3pksgj3wxoybaziaohtdvb3b/app.bsky.feed.post/3mfw4t4p3tc2k,bafyreifpj3r5iagend5tqyi3rlcfrwex5g6n4iixof3l66q2x7jlnqiitm,did:plc:3pksgj3wxoybaziaohtdvb3b,porn,,at://did:plc:3pksgj3wxoybaziaohtdvb3b/app.bsky.feed.post/3mfw4t4p3tc2k,2026-02-28T11:31:34.145Z
faa01bef85864658afe229b8f986966e,2026-03-01T00:00:00Z,2026-03-01T00:19:07Z,auth,auth_enUS_labelerexp,at://did:plc:3pksgj3wxoybaziaohtdvb3b/app.bsky.feed.post/3mfw4t4p3tc2k,bafyreifpj3r5iagend5tqyi3rlcfrwex5g6n4iixof3l66q2x7jlnqiitm,did:plc:ar7c4by46qjdydhdevvrndac,nudity,,at://did:plc:3pksgj3wxoybaziaohtdvb3b/app.bsky.actor.profile/self,2025-11-19T11:33:22.350Z
faa01bef85864658afe229b8f986966e,2026-03-01T00:00:00Z,2026-03-01T00:19:07Z,auth,auth_enUS_labelerexp,at://did:plc:pq4cdu3tjsja7mahlbelshkx/app.bsky.feed.post/3mfwnjdh7j62u,bafyreig2ffn2r6q4n2bl335sgh3wrv63d7cji64yyknzmrg7nhycvkxuhi,did:plc:ar7c4by46qjdydhdevvrndac,porn,,at://did:plc:pq4cdu3tjsja7mahlbelshkx/app.bsky.feed.post/3mfwnjdh7j62u,2026-02-28T16:30:21.823Z
faa01bef85864658afe229b8f986966e,2026-03-01T00:00:00Z,2026-03-01T00:19:07Z,auth,auth_enUS_labelerexp,at://did:plc:pq4cdu3tjsja7mahlbelshkx/app.bsky.feed.post/3mfwnjdh7j62u,bafyreig2ffn2r6q4n2bl335sgh3wrv63d7cji64yyknzmrg7nhycvkxuhi,did:plc:uac6er53o2pvr5y2qmvaf7hw,telegram-link,,at://did:plc:pq4cdu3tjsja7mahlbelshkx/app.bsky.actor.profile/self,2026-02-15T21:43:32.039Z
faa01bef85864658afe229b8f986966e,2026-03-01T00:00:00Z,2026-03-01T00:19:07Z,auth,auth_enUS_labelerexp,at://did:plc:76elmnpi42iyylpccqhb6svq/app.bsky.feed.post/3mfvq4cf4u22h,bafyreid76yzrwq7s3blw6n7nuwgyswmnqyxjhmj3vccmbqoqsjihkbezie,did:plc:76elmnpi42iyylpccqhb6svq,porn,,at://did:plc:76elmnpi42iyylpccqhb6svq/app.bsky.feed.post/3mfvq4cf4u22h,2026-02-28T07:44:03.463Z
faa01bef85864658afe229b8f986966e,2026-03-01T00:00:00Z,2026-03-01T00:19:07Z,auth,auth_enUS_labelerexp,at://did:plc:7b6wl6ttpdaynkosouvgsp3l/app.bsky.feed.post/3mfvx3cwvuc2l,bafyreibgohs4d4hvwmqk3y2dskuyhgq47afpwwztpvcja4lsl45dtjv7vq,did:plc:ar7c4by46qjdydhdevvrndac,porn,,at://did:plc:7b6wl6ttpdaynkosouvgsp3l/app.bsky.feed.post/3mfvx3cwvuc2l,2026-02-28T09:48:53.274Z
faa01bef85864658afe229b8f986966e,2026-03-01T00:00:00Z,2026-03-01T00:19:07Z,auth,auth_enUS_labelerexp,at://did:plc:mgyscoovtrthsjm6nqmpyfvh/app.bsky.feed.post/3mfsfr7b3pu2o,bafyreicmpnb4prmkauvbgjgyujhzb4fnf2w7hoftwtovchwh5je5r47spm,did:plc:uac6er53o2pvr5y2qmvaf7hw,high-total-facet-count,,at://did:plc:mgyscoovtrthsjm6nqmpyfvh/app.bsky.feed.post/3mfsfr7b3pu2o,2026-02-27T00:00:56.863Z
faa01bef85864658afe229b8f986966e,2026-03-01T00:00:00Z,2026-03-01T00:19:07Z,auth,auth_enUS_labelerexp,at://did:plc:mgyscoovtrthsjm6nqmpyfvh/app.bsky.feed.post/3mfsfr7b3pu2o,bafyreicmpnb4prmkauvbgjgyujhzb4fnf2w7hoftwtovchwh5je5r47spm,did:plc:ar7c4by46qjdydhdevvrndac,porn,,at://did:plc:mgyscoovtrthsjm6nqmpyfvh/app.bsky.feed.post/3mfsfr7b3pu2o,2026-02-27T00:00:56.362Z
faa01bef85864658afe229b8f986966e,2026-03-01T00:00:00Z,2026-03-01T00:19:07Z,auth,auth_enUS_labelerexp,at://did:plc:mgyscoovtrthsjm6nqmpyfvh/app.bsky.feed.post/3mfudtdcria2k,bafyreieufo2htpnlnafroziqsfqamez56l2mzospxvgdn363hrvuva54ty,did:plc:uac6er53o2pvr5y2qmvaf7hw,high-total-facet-count,,at://did:plc:mgyscoovtrthsjm6nqmpyfvh/app.bsky.feed.post/3mfudtdcria2k,2026-02-27T18:31:39.869Z
faa01bef85864658afe229b8f986966e,2026-03-01T00:00:00Z,2026-03-01T00:19:07Z,auth,auth_enUS_labelerexp,at://did:plc:mgyscoovtrthsjm6nqmpyfvh/app.bsky.feed.post/3mfudtdcria2k,bafyreieufo2htpnlnafroziqsfqamez56l2mzospxvgdn363hrvuva54ty,did:plc:ar7c4by46qjdydhdevvrndac,porn,,at://did:plc:mgyscoovtrthsjm6nqmpyfvh/app.bsky.feed.post/3mfudtdcria2k,2026-02-27T18:31:39.667Z
faa01bef85864658afe229b8f986966e,2026-03-01T00:00:00Z,2026-03-01T00:19:07Z,auth,auth_enUS_labelerexp,at://did:plc:gkprbncw53ytjivktrgicdf2/app.bsky.feed.post/3mfsj2yzn622t,bafyreiebltdcrua2wbnabrnzkqgow7qsfowlv6kwlbhebgzahbyn26wi3y,did:plc:ar7c4by46qjdydhdevvrndac,porn,,at://did:plc:gkprbncw53ytjivktrgicdf2/app.bsky.feed.post/3mfsj2yzn622t,2026-02-27T01:00:15.063Z
faa01bef85864658afe229b8f986966e,2026-03-01T00:00:00Z,2026-03-01T00:19:07Z,auth,auth_enUS_labelerexp,at://did:plc:vfq4a4xdfre2coauvo7na7uh/app.bsky.feed.post/3mfvjo6kuqc2n,bafyreig3cnxkdophrrpabk7dhquxn7r6cs77znv66otevzpraxnnpolbzq,did:plc:ar7c4by46qjdydhdevvrndac,porn,,at://did:plc:vfq4a4xdfre2coauvo7na7uh/app.bsky.feed.post/3mfvjo6kuqc2n,2026-02-28T05:48:53.316Z
faa01bef85864658afe229b8f986966e,2026-03-01T00:00:00Z,2026-03-01T00:19:07Z,auth,auth_enUS_labelerexp,at://did:plc:vfq4a4xdfre2coauvo7na7uh/app.bsky.feed.post/3mfvjo6kuqc2n,bafyreig3cnxkdophrrpabk7dhquxn7r6cs77znv66otevzpraxnnpolbzq,did:plc:vfq4a4xdfre2coauvo7na7uh,nudity,,at://did:plc:vfq4a4xdfre2coauvo7na7uh/app.bsky.feed.post/3mfvjo6kuqc2n,2026-02-28T05:48:47.241Z
faa01bef85864658afe229b8f986966e,2026-03-01T00:00:00Z,2026-03-01T00:19:07Z,auth,auth_enUS_labelerexp,at://did:plc:vfq4a4xdfre2coauvo7na7uh/app.bsky.feed.post/3mfvjo6kuqc2n,bafyreig3cnxkdophrrpabk7dhquxn7r6cs77znv66otevzpraxnnpolbzq,did:plc:ar7c4by46qjdydhdevvrndac,nudity,,at://did:plc:vfq4a4xdfre2coauvo7na7uh/app.bsky.actor.profile/self,2024-12-07T00:43:32.510Z
faa01bef85864658afe229b8f986966e,2026-03-01T00:00:00Z,2026-03-01T00:19:07Z,auth,auth_enUS_labelerexp,at://did:plc:mgyscoovtrthsjm6nqmpyfvh/app.bsky.feed.post/3mftuu6vdb32j,bafyreial4mld5aaepwgsunffktpubpntyzdsbutm6znohwobez2z6cr6a4,did:plc:uac6er53o2pvr5y2qmvaf7hw,high-total-facet-count,,at://did:plc:mgyscoovtrthsjm6nqmpyfvh/app.bsky.feed.post/3mftuu6vdb32j,2026-02-27T14:03:42.099Z
faa01bef85864658afe229b8f986966e,2026-03-01T00:00:00Z,2026-03-01T00:19:07Z,auth,auth_enUS_labelerexp,at://did:plc:mgyscoovtrthsjm6nqmpyfvh/app.bsky.feed.post/3mftuu6vdb32j,bafyreial4mld5aaepwgsunffktpubpntyzdsbutm6znohwobez2z6cr6a4,did:plc:ar7c4by46qjdydhdevvrndac,sexual,,at://did:plc:mgyscoovtrthsjm6nqmpyfvh/app.bsky.feed.post/3mftuu6vdb32j,2026-02-27T14:03:42.262Z
faa01bef85864658afe229b8f986966e,2026-03-01T00:00:00Z,2026-03-01T00:19:07Z,auth,auth_enUS_labelerexp,at://did:plc:d7uvisqupt2veejhfgun3pgn/app.bsky.feed.post/3mfvtjc6uvy2o,bafyreiduiuyd7yczi7tdmczsmebh6p2mihrv6xtihhqvedqrb7q7ji4jce,did:plc:ar7c4by46qjdydhdevvrndac,nudity,,at://did:plc:d7uvisqupt2veejhfgun3pgn/app.bsky.feed.post/3mfvtjc6uvy2o,2026-02-28T08:45:02.713Z
faa01bef85864658afe229b8f986966e,2026-03-01T00:00:00Z,2026-03-01T00:19:07Z,auth,auth_enUS_labelerexp,at://did:plc:d7uvisqupt2veejhfgun3pgn/app.bsky.feed.post/3mfvtjc6uvy2o,bafyreiduiuyd7yczi7tdmczsmebh6p2mihrv6xtihhqvedqrb7q7ji4jce,did:plc:ar7c4by46qjdydhdevvrndac,sexual,0,at://did:plc:d7uvisqupt2veejhfgun3pgn/app.bsky.actor.profile/self,2024-02-17T15:34:24.792Z
faa01bef85864658afe229b8f986966e,2026-03-01T00:00:00Z,2026-03-01T00:19:07Z,auth,auth_enUS_labelerexp,at://did:plc:7b6wl6ttpdaynkosouvgsp3l/app.bsky.feed.post/3mfu6bq7wss2n,bafyreibcs2a3ser6cirdt7wc64fxvmkdms2qrzd3yghzkw2cgksr5pzj6q,did:plc:ar7c4by46qjdydhdevvrndac,sexual,,at://did:plc:7b6wl6ttpdaynkosouvgsp3l/app.bsky.feed.post/3mfu6bq7wss2n,2026-02-27T16:52:26.431Z
faa01bef85864658afe229b8f986966e,2026-03-01T00:00:00Z,2026-03-01T00:19:07Z,auth,auth_enUS_labelerexp,at://did:plc:4nqil5vhndjdxzm4b2vrk5v2/app.bsky.feed.post/3mfskftmqes2h,bafyreiao4cjwvekxfft6s6uzjcimscq4q66s2ahxvuit6hoxji7ktv3j2a,did:plc:uac6er53o2pvr5y2qmvaf7hw,high-hashtag-count,,at://did:plc:4nqil5vhndjdxzm4b2vrk5v2/app.bsky.feed.post/3mfskftmqes2h,2026-02-27T01:24:07.885Z
faa01bef85864658afe229b8f986966e,2026-03-01T00:00:00Z,2026-03-01T00:19:07Z,auth,auth_enUS_labelerexp,at://did:plc:4nqil5vhndjdxzm4b2vrk5v2/app.bsky.feed.post/3mfskftmqes2h,bafyreiao4cjwvekxfft6s6uzjcimscq4q66s2ahxvuit6hoxji7ktv3j2a,did:plc:uac6er53o2pvr5y2qmvaf7hw,high-total-facet-count,,at://did:plc:4nqil5vhndjdxzm4b2vrk5v2/app.bsky.feed.post/3mfskftmqes2h,2026-02-27T01:24:07.892Z
faa01bef85864658afe229b8f986966e,2026-03-01T00:00:00Z,2026-03-01T00:19:07Z,auth,auth_enUS_labelerexp,at://did:plc:4nqil5vhndjdxzm4b2vrk5v2/app.bsky.feed.post/3mfskftmqes2h,bafyreiao4cjwvekxfft6s6uzjcimscq4q66s2ahxvuit6hoxji7ktv3j2a,did:plc:ar7c4by46qjdydhdevvrndac,porn,,at://did:plc:4nqil5vhndjdxzm4b2vrk5v2/app.bsky.feed.post/3mfskftmqes2h,2026-02-27T01:24:07.984Z
faa01bef85864658afe229b8f986966e,2026-03-01T00:00:00Z,2026-03-01T00:19:07Z,auth,auth_enUS_labelerexp,at://did:plc:4nqil5vhndjdxzm4b2vrk5v2/app.bsky.feed.post/3mfskftmqes2h,bafyreiao4cjwvekxfft6s6uzjcimscq4q66s2ahxvuit6hoxji7ktv3j2a,did:plc:ar7c4by46qjdydhdevvrndac,sexual,,at://did:plc:4nqil5vhndjdxzm4b2vrk5v2/app.bsky.actor.profile/self,2025-12-10T17:13:26.919Z
faa01bef85864658afe229b8f986966e,2026-03-01T00:00:00Z,2026-03-01T00:19:07Z,auth,auth_enUS_labelerexp,at://did:plc:w5piffuqepcuz3dxvs4wrxd5/app.bsky.feed.post/3mfn7alyqt222,bafyreiek4njmhrkuujuubt7rbpamdzdl7wpc243f5cklmrj52hswndodfm,did:plc:ar7c4by46qjdydhdevvrndac,porn,,at://did:plc:w5piffuqepcuz3dxvs4wrxd5/app.bsky.feed.post/3mfn7alyqt222,2026-02-24T22:21:05.422Z
faa01bef85864658afe229b8f986966e,2026-03-01T00:00:00Z,2026-03-01T00:19:07Z,auth,auth_enUS_labelerexp,at://did:plc:kfdtroqa5qqcslgr5aezqmed/app.bsky.feed.post/3mfsjqgi7g224,bafyreidexqnruhiilljcxdrwxuhmvvpot4notlmezetu64ahyqm2h7rjqe,did:plc:ar7c4by46qjdydhdevvrndac,porn,,at://did:plc:kfdtroqa5qqcslgr5aezqmed/app.bsky.feed.post/3mfsjqgi7g224,2026-02-27T01:12:07.756Z
faa01bef85864658afe229b8f986966e,2026-03-01T00:00:00Z,2026-03-01T00:19:07Z,auth,auth_enUS_labelerexp,at://did:plc:kfdtroqa5qqcslgr5aezqmed/app.bsky.feed.post/3mfsjqgi7g224,bafyreidexqnruhiilljcxdrwxuhmvvpot4notlmezetu64ahyqm2h7rjqe,did:plc:kfdtroqa5qqcslgr5aezqmed,nudity,,at://did:plc:kfdtroqa5qqcslgr5aezqmed/app.bsky.feed.post/3mfsjqgi7g224,2026-02-27T01:12:03.427Z
faa01bef85864658afe229b8f986966e,2026-03-01T00:00:00Z,2026-03-01T00:19:07Z,auth,auth_enUS_labelerexp,at://did:plc:kfdtroqa5qqcslgr5aezqmed/app.bsky.feed.post/3mfsjqgi7g224,bafyreidexqnruhiilljcxdrwxuhmvvpot4notlmezetu64ahyqm2h7rjqe,did:plc:ar7c4by46qjdydhdevvrndac,porn,,at://did:plc:kfdtroqa5qqcslgr5aezqmed/app.bsky.actor.profile/self,2025-03-15T16:17:15.147Z
faa01bef85864658afe229b8f986966e,2026-03-01T00:00:00Z,2026-03-01T00:19:07Z,auth,auth_enUS_labelerexp,at://did:plc:kfdtroqa5qqcslgr5aezqmed/app.bsky.feed.post/3mfsjqgi7g224,bafyreidexqnruhiilljcxdrwxuhmvvpot4notlmezetu64ahyqm2h7rjqe,did:plc:kfdtroqa5qqcslgr5aezqmed,!no-unauthenticated,,at://did:plc:kfdtroqa5qqcslgr5aezqmed/app.bsky.actor.profile/self,2024-10-19T06:33:29.482Z
faa01bef85864658afe229b8f986966e,2026-03-01T00:00:00Z,2026-03-01T00:19:07Z,auth,auth_enUS_labelerexp,at://did:plc:7b6wl6ttpdaynkosouvgsp3l/app.bsky.feed.post/3mfulcaysrs27,bafyreicqjcyu5w5oinjvxpdwk7agysg5ilgec4nmkwbxt2ubbiaigljyfu,did:plc:ar7c4by46qjdydhdevvrndac,porn,,at://did:plc:7b6wl6ttpdaynkosouvgsp3l/app.bsky.feed.post/3mfulcaysrs27,2026-02-27T20:45:21.917Z
faa01bef85864658afe229b8f986966e,2026-03-01T00:00:00Z,2026-03-01T00:19:07Z,auth,auth_enUS_labelerexp,at://did:plc:s3iia424wxtxlz4fcdqavlc2/app.bsky.feed.post/3mfvwai2wkk27,bafyreihehrthymqivkkloye4jm5nfa7wpjgcva3zq4bcsj6zwgd4udo5au,did:plc:ar7c4by46qjdydhdevvrndac,sexual,,at://did:plc:s3iia424wxtxlz4fcdqavlc2/app.bsky.feed.post/3mfvwai2wkk27,2026-02-28T09:33:47.577Z
faa01bef85864658afe229b8f986966e,2026-03-01T00:00:00Z,2026-03-01T00:19:07Z,auth,auth_enUS_labelerexp,at://did:plc:s3iia424wxtxlz4fcdqavlc2/app.bsky.feed.post/3mfvwai2wkk27,bafyreihehrthymqivkkloye4jm5nfa7wpjgcva3zq4bcsj6zwgd4udo5au,did:plc:s3iia424wxtxlz4fcdqavlc2,sexual,,at://did:plc:s3iia424wxtxlz4fcdqavlc2/app.bsky.feed.post/3mfvwai2wkk27,2026-02-28T09:33:46.089Z
faa01bef85864658afe229b8f986966e,2026-03-01T00:00:00Z,2026-03-01T00:19:07Z,auth,auth_enUS_labelerexp,at://did:plc:s3iia424wxtxlz4fcdqavlc2/app.bsky.feed.post/3mfvwai2wkk27,bafyreihehrthymqivkkloye4jm5nfa7wpjgcva3zq4bcsj6zwgd4udo5au,did:plc:s3iia424wxtxlz4fcdqavlc2,!no-unauthenticated,,at://did:plc:s3iia424wxtxlz4fcdqavlc2/app.bsky.actor.profile/self,1970-01-01T00:00:00.000Z
faa01bef85864658afe229b8f986966e,2026-03-01T00:00:00Z,2026-03-01T00:19:07Z,auth,auth_enUS_labelerexp,at://did:plc:zg2f7er35myckqolprwsqvg6/app.bsky.feed.post/3mft57ygpkx2s,bafyreicznxasyh3lanspmzhuca3ddlbckp6izak4vjhd4ckrba6cxrlhs4,did:plc:ar7c4by46qjdydhdevvrndac,porn,,at://did:plc:zg2f7er35myckqolprwsqvg6/app.bsky.feed.post/3mft57ygpkx2s,2026-02-27T07:00:48.441Z
faa01bef85864658afe229b8f986966e,2026-03-01T00:00:00Z,2026-03-01T00:19:07Z,auth,auth_enUS_labelerexp,at://did:plc:ezo3dbcm3xqwfcnjndbgdutr/app.bsky.feed.post/3mfscboniyc2t,bafyreicvu7fgunrvenif7uujlinqlg6stt477jcriadlodenbnh43r4qhu,did:plc:ezo3dbcm3xqwfcnjndbgdutr,porn,,at://did:plc:ezo3dbcm3xqwfcnjndbgdutr/app.bsky.feed.post/3mfscboniyc2t,2026-02-26T22:58:32.490Z
faa01bef85864658afe229b8f986966e,2026-03-01T00:00:00Z,2026-03-01T00:19:07Z,auth,auth_enUS_labelerexp,at://did:plc:zg6vij2hbv6jh3ilk3ow3vsj/app.bsky.feed.post/3mftt6wcnn22c,bafyreihbceoy722dlnx5xkhzmj6r3qrpp2rmaffuo7a2evgv2cmw7ibdle,did:plc:ar7c4by46qjdydhdevvrndac,porn,,at://did:plc:zg6vij2hbv6jh3ilk3ow3vsj/app.bsky.feed.post/3mftt6wcnn22c,2026-02-27T13:34:04.137Z
faa01bef85864658afe229b8f986966e,2026-03-01T00:00:00Z,2026-03-01T00:19:07Z,auth,auth_enUS_labelerexp,at://did:plc:7b6wl6ttpdaynkosouvgsp3l/app.bsky.feed.post/3mftx4uygms2n,bafyreicqwtepshn2caf6szqyi2nyc3nkugocsnxn5ikgkagb54cb4mgtfa,did:plc:ar7c4by46qjdydhdevvrndac,porn,,at://did:plc:7b6wl6ttpdaynkosouvgsp3l/app.bsky.feed.post/3mftx4uygms2n,2026-02-27T14:44:26.608Z
faa01bef85864658afe229b8f986966e,2026-03-01T00:00:00Z,2026-03-01T00:19:07Z,auth,auth_enUS_labelerexp,at://did:plc:pq4cdu3tjsja7mahlbelshkx/app.bsky.feed.post/3mfrshknhro2h,bafyreiekacyd4nyjh6slrrohdnstsqacqkammidpibz4rwqv2mpqez7usq,did:plc:uac6er53o2pvr5y2qmvaf7hw,high-hashtag-count,,at://did:plc:pq4cdu3tjsja7mahlbelshkx/app.bsky.feed.post/3mfrshknhro2h,2026-02-26T18:15:31.406Z
faa01bef85864658afe229b8f986966e,2026-03-01T00:00:00Z,2026-03-01T00:19:07Z,auth,auth_enUS_labelerexp,at://did:plc:pq4cdu3tjsja7mahlbelshkx/app.bsky.feed.post/3mfrshknhro2h,bafyreiekacyd4nyjh6slrrohdnstsqacqkammidpibz4rwqv2mpqez7usq,did:plc:uac6er53o2pvr5y2qmvaf7hw,high-total-facet-count,,at://did:plc:pq4cdu3tjsja7mahlbelshkx/app.bsky.feed.post/3mfrshknhro2h,2026-02-26T18:15:31.413Z
faa01bef85864658afe229b8f986966e,2026-03-01T00:00:00Z,2026-03-01T00:19:07Z,auth,auth_enUS_labelerexp,at://did:plc:pq4cdu3tjsja7mahlbelshkx/app.bsky.feed.post/3mfrshknhro2h,bafyreiekacyd4nyjh6slrrohdnstsqacqkammidpibz4rwqv2mpqez7usq,did:plc:ar7c4by46qjdydhdevvrndac,porn,,at://did:plc:pq4cdu3tjsja7mahlbelshkx/app.bsky.feed.post/3mfrshknhro2h,2026-02-26T18:15:33.045Z
faa01bef85864658afe229b8f986966e,2026-03-01T00:00:00Z,2026-03-01T00:19:07Z,auth,auth_enUS_labelerexp,at://did:plc:pq4cdu3tjsja7mahlbelshkx/app.bsky.feed.post/3mfrshknhro2h,bafyreiekacyd4nyjh6slrrohdnstsqacqkammidpibz4rwqv2mpqez7usq,did:plc:uac6er53o2pvr5y2qmvaf7hw,telegram-link,,at://did:plc:pq4cdu3tjsja7mahlbelshkx/app.bsky.actor.profile/self,2026-02-15T21:43:32.039Z
faa01bef85864658afe229b8f986966e,2026-03-01T00:00:00Z,2026-03-01T00:19:07Z,auth,auth_enUS_labelerexp,at://did:plc:ils2ugqftwvm7vkwu545ey3p/app.bsky.feed.post/3mfqbecauuc2w,bafyreia3qgb3sy5v6x5mqsosham2un73x7nnekoimqiukmlsvgfe5k3i7y,did:plc:ils2ugqftwvm7vkwu545ey3p,porn,,at://did:plc:ils2ugqftwvm7vkwu545ey3p/app.bsky.feed.post/3mfqbecauuc2w,2026-02-26T03:36:46.921Z
faa01bef85864658afe229b8f986966e,2026-03-01T00:00:00Z,2026-03-01T00:19:07Z,auth,auth_enUS_labelerexp,at://did:plc:z732wi7dnab4qmh5du4gtgmx/app.bsky.feed.post/3mfrhk4g4tj2s,bafyreid2wczufvmfvm4bs3llvo6johvtayt7syblzeeqp375jyjafvnyje,did:plc:ar7c4by46qjdydhdevvrndac,porn,,at://did:plc:z732wi7dnab4qmh5du4gtgmx/app.bsky.feed.post/3mfrhk4g4tj2s,2026-02-26T15:00:07.077Z
faa01bef85864658afe229b8f986966e,2026-03-01T00:00:00Z,2026-03-01T00:19:07Z,auth,auth_enUS_labelerexp,at://did:plc:z732wi7dnab4qmh5du4gtgmx/app.bsky.feed.post/3mfrhk4g4tj2s,bafyreid2wczufvmfvm4bs3llvo6johvtayt7syblzeeqp375jyjafvnyje,did:plc:z732wi7dnab4qmh5du4gtgmx,nudity,,at://did:plc:z732wi7dnab4qmh5du4gtgmx/app.bsky.feed.post/3mfrhk4g4tj2s,2026-02-26T15:00:04.326Z
faa01bef85864658afe229b8f986966e,2026-03-01T00:00:00Z,2026-03-01T00:19:07Z,auth,auth_enUS_labelerexp,at://did:plc:vfq4a4xdfre2coauvo7na7uh/app.bsky.feed.post/3mfug2wl56s2n,bafyreihy2qzs7zvahy6ytlopxopljwderxudd64hu7euyd4un3hjcshwty,did:plc:ar7c4by46qjdydhdevvrndac,porn,,at://did:plc:vfq4a4xdfre2coauvo7na7uh/app.bsky.feed.post/3mfug2wl56s2n,2026-02-27T19:11:46.345Z
faa01bef85864658afe229b8f986966e,2026-03-01T00:00:00Z,2026-03-01T00:19:07Z,auth,auth_enUS_labelerexp,at://did:plc:vfq4a4xdfre2coauvo7na7uh/app.bsky.feed.post/3mfug2wl56s2n,bafyreihy2qzs7zvahy6ytlopxopljwderxudd64hu7euyd4un3hjcshwty,did:plc:vfq4a4xdfre2coauvo7na7uh,nudity,,at://did:plc:vfq4a4xdfre2coauvo7na7uh/app.bsky.feed.post/3mfug2wl56s2n,2026-02-27T19:11:40.335Z
faa01bef85864658afe229b8f986966e,2026-03-01T00:00:00Z,2026-03-01T00:19:07Z,auth,auth_enUS_labelerexp,at://did:plc:vfq4a4xdfre2coauvo7na7uh/app.bsky.feed.post/3mfug2wl56s2n,bafyreihy2qzs7zvahy6ytlopxopljwderxudd64hu7euyd4un3hjcshwty,did:plc:ar7c4by46qjdydhdevvrndac,nudity,,at://did:plc:vfq4a4xdfre2coauvo7na7uh/app.bsky.actor.profile/self,2024-12-07T00:43:32.510Z
faa01bef85864658afe229b8f986966e,2026-03-01T00:00:00Z,2026-03-01T00:19:07Z,auth,auth_enUS_labelerexp,at://did:plc:mgyscoovtrthsjm6nqmpyfvh/app.bsky.feed.post/3mfrawejqui2o,bafyreif2fghbkazomeui5nsrpuoiiegzyvxetn7yor6etimm22x5hrgh2e,did:plc:ar7c4by46qjdydhdevvrndac,porn,,at://did:plc:mgyscoovtrthsjm6nqmpyfvh/app.bsky.feed.post/3mfrawejqui2o,2026-02-26T13:01:40.623Z
faa01bef85864658afe229b8f986966e,2026-03-01T00:00:00Z,2026-03-01T00:19:07Z,auth,auth_enUS_labelerexp,at://did:plc:bdwvql3fkfqjg4hi4swymqwz/app.bsky.feed.post/3mfr3nzcpv22x,bafyreieguiruia2bduwpnow7awiry2nmxo6n4oo272irz6fvaavl6npzlm,did:plc:ar7c4by46qjdydhdevvrndac,porn,,at://did:plc:bdwvql3fkfqjg4hi4swymqwz/app.bsky.feed.post/3mfr3nzcpv22x,2026-02-26T11:27:34.425Z
faa01bef85864658afe229b8f986966e,2026-03-01T00:00:00Z,2026-03-01T00:19:07Z,auth,auth_enUS_labelerexp,at://did:plc:mgyscoovtrthsjm6nqmpyfvh/app.bsky.feed.post/3mfq5oe23w426,bafyreiegwjcbgrfcxy3ul2om4ubfb42o5gucq6vggex3enkcmvw6zf7mwe,did:plc:uac6er53o2pvr5y2qmvaf7hw,high-total-facet-count,,at://did:plc:mgyscoovtrthsjm6nqmpyfvh/app.bsky.feed.post/3mfq5oe23w426,2026-02-26T02:30:51.283Z
faa01bef85864658afe229b8f986966e,2026-03-01T00:00:00Z,2026-03-01T00:19:07Z,auth,auth_enUS_labelerexp,at://did:plc:mgyscoovtrthsjm6nqmpyfvh/app.bsky.feed.post/3mfq5oe23w426,bafyreiegwjcbgrfcxy3ul2om4ubfb42o5gucq6vggex3enkcmvw6zf7mwe,did:plc:ar7c4by46qjdydhdevvrndac,porn,,at://did:plc:mgyscoovtrthsjm6nqmpyfvh/app.bsky.feed.post/3mfq5oe23w426,2026-02-26T02:30:50.948Z
faa01bef85864658afe229b8f986966e,2026-03-01T00:00:00Z,2026-03-01T00:19:07Z,auth,auth_enUS_labelerexp,at://did:plc:pq4cdu3tjsja7mahlbelshkx/app.bsky.feed.post/3mfovfsbnp42t,bafyreiet7yzlgkn5xuoky2g5hfhb3cmyyjnei464j7gofagyatlp5vjidi,did:plc:uac6er53o2pvr5y2qmvaf7hw,high-hashtag-count,,at://did:plc:pq4cdu3tjsja7mahlbelshkx/app.bsky.feed.post/3mfovfsbnp42t,2026-02-25T14:30:14.127Z
faa01bef85864658afe229b8f986966e,2026-03-01T00:00:00Z,2026-03-01T00:19:07Z,auth,auth_enUS_labelerexp,at://did:plc:pq4cdu3tjsja7mahlbelshkx/app.bsky.feed.post/3mfovfsbnp42t,bafyreiet7yzlgkn5xuoky2g5hfhb3cmyyjnei464j7gofagyatlp5vjidi,did:plc:uac6er53o2pvr5y2qmvaf7hw,high-total-facet-count,,at://did:plc:pq4cdu3tjsja7mahlbelshkx/app.bsky.feed.post/3mfovfsbnp42t,2026-02-25T14:30:14.143Z
faa01bef85864658afe229b8f986966e,2026-03-01T00:00:00Z,2026-03-01T00:19:07Z,auth,auth_enUS_labelerexp,at://did:plc:pq4cdu3tjsja7mahlbelshkx/app.bsky.feed.post/3mfovfsbnp42t,bafyreiet7yzlgkn5xuoky2g5hfhb3cmyyjnei464j7gofagyatlp5vjidi,did:plc:ar7c4by46qjdydhdevvrndac,nudity,,at://did:plc:pq4cdu3tjsja7mahlbelshkx/app.bsky.feed.post/3mfovfsbnp42t,2026-02-25T14:30:15.755Z
faa01bef85864658afe229b8f986966e,2026-03-01T00:00:00Z,2026-03-01T00:19:07Z,auth,auth_enUS_labelerexp,at://did:plc:pq4cdu3tjsja7mahlbelshkx/app.bsky.feed.post/3mfovfsbnp42t,bafyreiet7yzlgkn5xuoky2g5hfhb3cmyyjnei464j7gofagyatlp5vjidi,did:plc:uac6er53o2pvr5y2qmvaf7hw,telegram-link,,at://did:plc:pq4cdu3tjsja7mahlbelshkx/app.bsky.actor.profile/self,2026-02-15T21:43:32.039Z
faa01bef85864658afe229b8f986966e,2026-03-01T00:00:00Z,2026-03-01T00:19:07Z,auth,auth_enUS_labelerexp,at://did:plc:bvk2zqgsbsnhrmrtayvomsku/app.bsky.feed.post/3mfrksdfvls2s,bafyreiex5677kpshs6unjt6zwcis2emsgwaayzs6zj4pb7n3qhx3stx2xi,did:plc:ar7c4by46qjdydhdevvrndac,porn,,at://did:plc:bvk2zqgsbsnhrmrtayvomsku/app.bsky.feed.post/3mfrksdfvls2s,2026-02-26T15:58:33.887Z
faa01bef85864658afe229b8f986966e,2026-03-01T00:00:00Z,2026-03-01T00:19:07Z,auth,auth_enUS_labelerexp,at://did:plc:en722jgcbop7mxw5nuu7v2so/app.bsky.feed.post/3mfjawryhq22f,bafyreibwagsucvdi7aaxwpom6bb5fwefdr6sxldxprnlzonnp7ubg2usce,did:plc:ar7c4by46qjdydhdevvrndac,porn,,at://did:plc:en722jgcbop7mxw5nuu7v2so/app.bsky.feed.post/3mfjawryhq22f,2026-02-23T08:40:39.867Z
faa01bef85864658afe229b8f986966e,2026-03-01T00:00:00Z,2026-03-01T00:19:07Z,auth,auth_enUS_labelerexp,at://did:plc:wu6ap5qw4tk4ei5p2bnebay6/app.bsky.feed.post/3mfshl32j3c2s,bafyreie5geg766ydg4fvjca5l5sgivi4vle7wljggjmqu5vnlu7vr3qiri,did:plc:ar7c4by46qjdydhdevvrndac,porn,,at://did:plc:wu6ap5qw4tk4ei5p2bnebay6/app.bsky.feed.post/3mfshl32j3c2s,2026-02-27T00:33:20.757Z
faa01bef85864658afe229b8f986966e,2026-03-01T00:00:00Z,2026-03-01T00:19:07Z,auth,auth_enUS_labelerexp,at://did:plc:wu6ap5qw4tk4ei5p2bnebay6/app.bsky.feed.post/3mfshl32j3c2s,bafyreie5geg766ydg4fvjca5l5sgivi4vle7wljggjmqu5vnlu7vr3qiri,did:plc:ar7c4by46qjdydhdevvrndac,nudity,,at://did:plc:wu6ap5qw4tk4ei5p2bnebay6/app.bsky.actor.profile/self,2025-01-19T03:04:49.819Z
faa01bef85864658afe229b8f986966e,2026-03-01T00:00:00Z,2026-03-01T00:19:07Z,auth,auth_enUS_labelerexp,at://did:plc:wu6ap5qw4tk4ei5p2bnebay6/app.bsky.feed.post/3mfshl32j3c2s,bafyreie5geg766ydg4fvjca5l5sgivi4vle7wljggjmqu5vnlu7vr3qiri,did:plc:ar7c4by46qjdydhdevvrndac,porn,,at://did:plc:wu6ap5qw4tk4ei5p2bnebay6/app.bsky.actor.profile/self,2025-11-12T23:46:44.392Z
faa01bef85864658afe229b8f986966e,2026-03-01T00:00:00Z,2026-03-01T00:19:07Z,auth,auth_enUS_labelerexp,at://did:plc:mgyscoovtrthsjm6nqmpyfvh/app.bsky.feed.post/3mfngici4hn2g,bafyreidvutl2hy55nd6rcgsl6mkvfv2naallibkhpp33k2u6fvftjaaywi,did:plc:uac6er53o2pvr5y2qmvaf7hw,high-hashtag-count,,at://did:plc:mgyscoovtrthsjm6nqmpyfvh/app.bsky.feed.post/3mfngici4hn2g,2026-02-25T00:30:32.741Z
faa01bef85864658afe229b8f986966e,2026-03-01T00:00:00Z,2026-03-01T00:19:07Z,auth,auth_enUS_labelerexp,at://did:plc:mgyscoovtrthsjm6nqmpyfvh/app.bsky.feed.post/3mfngici4hn2g,bafyreidvutl2hy55nd6rcgsl6mkvfv2naallibkhpp33k2u6fvftjaaywi,did:plc:uac6er53o2pvr5y2qmvaf7hw,high-total-facet-count,,at://did:plc:mgyscoovtrthsjm6nqmpyfvh/app.bsky.feed.post/3mfngici4hn2g,2026-02-25T00:30:33.758Z
faa01bef85864658afe229b8f986966e,2026-03-01T00:00:00Z,2026-03-01T00:19:07Z,auth,auth_enUS_labelerexp,at://did:plc:mgyscoovtrthsjm6nqmpyfvh/app.bsky.feed.post/3mfngici4hn2g,bafyreidvutl2hy55nd6rcgsl6mkvfv2naallibkhpp33k2u6fvftjaaywi,did:plc:ar7c4by46qjdydhdevvrndac,porn,,at://did:plc:mgyscoovtrthsjm6nqmpyfvh/app.bsky.feed.post/3mfngici4hn2g,2026-02-25T00:30:32.742Z
faa01bef85864658afe229b8f986966e,2026-03-01T00:00:00Z,2026-03-01T00:19:07Z,auth,auth_enUS_labelerexp,at://did:plc:d7uvisqupt2veejhfgun3pgn/app.bsky.feed.post/3mftdo2ljv52i,bafyreia4evjd7y7y4hakv4kocamxriymrbzshmemaoxttxl2ennyav26y4,did:plc:ar7c4by46qjdydhdevvrndac,nudity,,at://did:plc:d7uvisqupt2veejhfgun3pgn/app.bsky.feed.post/3mftdo2ljv52i,2026-02-27T08:56:03.166Z
faa01bef85864658afe229b8f986966e,2026-03-01T00:00:00Z,2026-03-01T00:19:07Z,auth,auth_enUS_labelerexp,at://did:plc:d7uvisqupt2veejhfgun3pgn/app.bsky.feed.post/3mftdo2ljv52i,bafyreia4evjd7y7y4hakv4kocamxriymrbzshmemaoxttxl2ennyav26y4,did:plc:ar7c4by46qjdydhdevvrndac,sexual,0,at://did:plc:d7uvisqupt2veejhfgun3pgn/app.bsky.actor.profile/self,2024-02-17T15:34:24.792Z
faa01bef85864658afe229b8f986966e,2026-03-01T00:00:00Z,2026-03-01T00:19:08Z,auth,auth_enUS_labelerexp,at://did:plc:o2izf26wxhu6kxgicqahao4g/app.bsky.feed.post/3mfxfzpqfj22z,bafyreifblr2dglikxwcynr5hdbh5slp4ijmjfauturhk2xir7m24g72ori,did:plc:ar7c4by46qjdydhdevvrndac,porn,,at://did:plc:o2izf26wxhu6kxgicqahao4g/app.bsky.feed.post/3mfxfzpqfj22z,2026-02-28T23:49:06.156Z
faa01bef85864658afe229b8f986966e,2026-03-01T00:00:00Z,2026-03-01T00:19:08Z,auth,auth_enUS_labelerexp,at://did:plc:o2izf26wxhu6kxgicqahao4g/app.bsky.feed.post/3mfxfzpqfj22z,bafyreifblr2dglikxwcynr5hdbh5slp4ijmjfauturhk2xir7m24g72ori,did:plc:ar7c4by46qjdydhdevvrndac,porn,,at://did:plc:o2izf26wxhu6kxgicqahao4g/app.bsky.actor.profile/self,2024-08-20T18:55:59.198Z
faa01bef85864658afe229b8f986966e,2026-03-01T00:00:00Z,2026-03-01T00:19:08Z,auth,auth_enUS_labelerexp,at://did:plc:o2izf26wxhu6kxgicqahao4g/app.bsky.feed.post/3mfxfzpqfj22z,bafyreifblr2dglikxwcynr5hdbh5slp4ijmjfauturhk2xir7m24g72ori,did:plc:o2izf26wxhu6kxgicqahao4g,!no-unauthenticated,,at://did:plc:o2izf26wxhu6kxgicqahao4g/app.bsky.actor.profile/self,2024-08-20T14:56:47.172Z
faa01bef85864658afe229b8f986966e,2026-03-01T00:00:00Z,2026-03-01T00:19:08Z,auth,auth_enUS_labelerexp,at://did:plc:onalq6surmeqzejt3lqbekwz/app.bsky.feed.post/3mfxdhkjacs2q,bafyreib7xc7tpmto66b5p6hvoi6hdokph6toggfguk7y3jrqcb7wumms3q,did:plc:ar7c4by46qjdydhdevvrndac,porn,,at://did:plc:onalq6surmeqzejt3lqbekwz/app.bsky.feed.post/3mfxdhkjacs2q,2026-02-28T23:03:19.381Z
faa01bef85864658afe229b8f986966e,2026-03-01T00:00:00Z,2026-03-01T00:19:08Z,auth,auth_enUS_labelerexp,at://did:plc:rh72auqofosi66tmgdmfjx6r/app.bsky.feed.post/3mfxcey6go22r,bafyreibh3446udutt2th7mbp4ypftqqaaga3e5lzsomm4inthn57oewgk4,did:plc:ar7c4by46qjdydhdevvrndac,porn,,at://did:plc:rh72auqofosi66tmgdmfjx6r/app.bsky.feed.post/3mfxcey6go22r,2026-02-28T22:43:48.976Z
faa01bef85864658afe229b8f986966e,2026-03-01T00:00:00Z,2026-03-01T00:19:08Z,auth,auth_enUS_labelerexp,at://did:plc:rh72auqofosi66tmgdmfjx6r/app.bsky.feed.post/3mfxcey6go22r,bafyreibh3446udutt2th7mbp4ypftqqaaga3e5lzsomm4inthn57oewgk4,did:plc:rh72auqofosi66tmgdmfjx6r,!no-unauthenticated,,at://did:plc:rh72auqofosi66tmgdmfjx6r/app.bsky.actor.profile/self,2025-03-04T09:57:58.075Z
faa01bef85864658afe229b8f986966e,2026-03-01T00:00:00Z,2026-03-01T00:19:08Z,auth,auth_enUS_labelerexp,at://did:plc:en2g66plmtxkbhyro6dek3pi/app.bsky.feed.post/3mfx7gv5yds2h,bafyreihy6onpaibj4kiapx4vluxnmuzfqoq5s7mw5s3dsxyzgdt7hvlvaq,did:plc:ar7c4by46qjdydhdevvrndac,sexual,,at://did:plc:en2g66plmtxkbhyro6dek3pi/app.bsky.feed.post/3mfx7gv5yds2h,2026-02-28T21:51:11.916Z
faa01bef85864658afe229b8f986966e,2026-03-01T00:00:00Z,2026-03-01T00:19:08Z,auth,auth_enUS_labelerexp,at://did:plc:en2g66plmtxkbhyro6dek3pi/app.bsky.feed.post/3mfx7gv5yds2h,bafyreihy6onpaibj4kiapx4vluxnmuzfqoq5s7mw5s3dsxyzgdt7hvlvaq,did:plc:en2g66plmtxkbhyro6dek3pi,!no-unauthenticated,,at://did:plc:en2g66plmtxkbhyro6dek3pi/app.bsky.actor.profile/self,1970-01-01T00:00:00.000Z
faa01bef85864658afe229b8f986966e,2026-03-01T00:00:00Z,2026-03-01T00:19:08Z,auth,auth_enUS_labelerexp,at://did:plc:t4idmlcbb4bccujupoy7647w/app.bsky.feed.post/3mfx5sgzvys2e,bafyreiggr6lphxe2nkuvqz2wosqumd3eaw35zbigyudjeryrqb2mg64sxy,did:plc:ar7c4by46qjdydhdevvrndac,sexual,,at://did:plc:t4idmlcbb4bccujupoy7647w/app.bsky.feed.post/3mfx5sgzvys2e,2026-02-28T21:21:47.501Z
faa01bef85864658afe229b8f986966e,2026-03-01T00:00:00Z,2026-03-01T00:19:08Z,auth,auth_enUS_labelerexp,at://did:plc:bboyycog42ozk5r3vow5orhf/app.bsky.feed.post/3mfwzhssgus2d,bafyreihaof5xehpogiztjxpjk7kx3otxdfvyo2u7ytfek72wuzpft6zxvu,did:plc:ar7c4by46qjdydhdevvrndac,sexual,,at://did:plc:bboyycog42ozk5r3vow5orhf/app.bsky.feed.post/3mfwzhssgus2d,2026-02-28T20:04:21.963Z
faa01bef85864658afe229b8f986966e,2026-03-01T00:00:00Z,2026-03-01T00:19:08Z,auth,auth_enUS_labelerexp,at://did:plc:o2izf26wxhu6kxgicqahao4g/app.bsky.feed.post/3mfwsvpleqs2n,bafyreid6tjpsulk3ah3vuixea5q3qmqn5qyb3tbky46uuwjyqlpqazomxy,did:plc:ar7c4by46qjdydhdevvrndac,porn,,at://did:plc:o2izf26wxhu6kxgicqahao4g/app.bsky.actor.profile/self,2024-08-20T18:55:59.198Z
faa01bef85864658afe229b8f986966e,2026-03-01T00:00:00Z,2026-03-01T00:19:08Z,auth,auth_enUS_labelerexp,at://did:plc:o2izf26wxhu6kxgicqahao4g/app.bsky.feed.post/3mfwsvpleqs2n,bafyreid6tjpsulk3ah3vuixea5q3qmqn5qyb3tbky46uuwjyqlpqazomxy,did:plc:o2izf26wxhu6kxgicqahao4g,!no-unauthenticated,,at://did:plc:o2izf26wxhu6kxgicqahao4g/app.bsky.actor.profile/self,2024-08-20T14:56:47.172Z
faa01bef85864658afe229b8f986966e,2026-03-01T00:00:00Z,2026-03-01T00:19:08Z,auth,auth_enUS_labelerexp,at://did:plc:qropmz2a4q5q4h7drdmg4n2r/app.bsky.feed.post/3mfwkfgyp7c2t,bafyreieiqoxqunph5cx3hueym3nxpk6afclyml6s5eyczpol65j3o45p7u,did:plc:qropmz2a4q5q4h7drdmg4n2r,nudity,,at://did:plc:qropmz2a4q5q4h7drdmg4n2r/app.bsky.feed.post/3mfwkfgyp7c2t,2026-02-28T15:34:27.568Z
faa01bef85864658afe229b8f986966e,2026-03-01T00:00:00Z,2026-03-01T00:19:08Z,auth,auth_enUS_labelerexp,at://did:plc:zikm7yoo7j4et6sl7yuuw7pa/app.bsky.feed.post/3mfwkcorx3c2v,bafyreiegej5xqk3sq7eozsk4yjj54pg2o4pthrprfubdafpjmspcbnrtf4,did:plc:ar7c4by46qjdydhdevvrndac,porn,,at://did:plc:zikm7yoo7j4et6sl7yuuw7pa/app.bsky.feed.post/3mfwkcorx3c2v,2026-02-28T15:33:08.352Z
faa01bef85864658afe229b8f986966e,2026-03-01T00:00:00Z,2026-03-01T00:19:08Z,auth,auth_enUS_labelerexp,at://did:plc:zikm7yoo7j4et6sl7yuuw7pa/app.bsky.feed.post/3mfwkcorx3c2v,bafyreiegej5xqk3sq7eozsk4yjj54pg2o4pthrprfubdafpjmspcbnrtf4,did:plc:ar7c4by46qjdydhdevvrndac,porn,,at://did:plc:zikm7yoo7j4et6sl7yuuw7pa/app.bsky.actor.profile/self,2025-01-14T10:21:37.341Z
faa01bef85864658afe229b8f986966e,2026-03-01T00:00:00Z,2026-03-01T00:19:08Z,auth,auth_enUS_labelerexp,at://did:plc:w7gvs754ekxn7xrq2sf6yzd2/app.bsky.feed.post/3mfwjurto3c2n,bafyreihhpwxfwbs4gw2yahx4tbqojeqrx3a3pivxjd2onpgbdadmzbvzcq,did:plc:ar7c4by46qjdydhdevvrndac,porn,,at://did:plc:w7gvs754ekxn7xrq2sf6yzd2/app.bsky.feed.post/3mfwjurto3c2n,2026-02-28T15:25:17.131Z
faa01bef85864658afe229b8f986966e,2026-03-01T00:00:00Z,2026-03-01T00:19:08Z,auth,auth_enUS_labelerexp,at://did:plc:w7gvs754ekxn7xrq2sf6yzd2/app.bsky.feed.post/3mfwjurto3c2n,bafyreihhpwxfwbs4gw2yahx4tbqojeqrx3a3pivxjd2onpgbdadmzbvzcq,did:plc:ar7c4by46qjdydhdevvrndac,porn,,at://did:plc:w7gvs754ekxn7xrq2sf6yzd2/app.bsky.actor.profile/self,2024-11-22T13:58:52.443Z
faa01bef85864658afe229b8f986966e,2026-03-01T00:00:00Z,2026-03-01T00:19:08Z,auth,auth_enUS_labelerexp,at://did:plc:4splf55eagpekci2oznnvxyc/app.bsky.feed.post/3mfwjed5stk2i,bafyreihbow2is4d6c7ckgb3ib55r5dxyd2s25iiuaernpb3aj22f2ylkyi,did:plc:ar7c4by46qjdydhdevvrndac,sexual,,at://did:plc:4splf55eagpekci2oznnvxyc/app.bsky.feed.post/3mfwjed5stk2i,2026-02-28T15:16:07.391Z
faa01bef85864658afe229b8f986966e,2026-03-01T00:00:00Z,2026-03-01T00:19:08Z,auth,auth_enUS_labelerexp,at://did:plc:z3z3ebswby6p4xw36cjnjmtf/app.bsky.feed.post/3mfwj7y75uk2l,bafyreietzd37is6joujydqp6zxeiwagp5jnurgwsipsfrktpmp45n6vmxy,did:plc:ar7c4by46qjdydhdevvrndac,sexual,,at://did:plc:z3z3ebswby6p4xw36cjnjmtf/app.bsky.feed.post/3mfwj7y75uk2l,2026-02-28T15:14:28.417Z
faa01bef85864658afe229b8f986966e,2026-03-01T00:00:00Z,2026-03-01T00:19:08Z,auth,auth_enUS_labelerexp,at://did:plc:uyt4xzghqbgjca3pb77j2h7o/app.bsky.feed.post/3mfwiigxpd22j,bafyreigodhwztlohqsl2nm2eob6y3v5yahw2zs5rrqf4hwxvbwy55lxnbi,did:plc:ar7c4by46qjdydhdevvrndac,sexual,,at://did:plc:uyt4xzghqbgjca3pb77j2h7o/app.bsky.feed.post/3mfwiigxpd22j,2026-02-28T15:00:25.453Z
faa01bef85864658afe229b8f986966e,2026-03-01T00:00:00Z,2026-03-01T00:19:08Z,auth,auth_enUS_labelerexp,at://did:plc:r6ipku2w5jijkzsaley4wrlg/app.bsky.feed.post/3mfwi5xmnrc2r,bafyreidnt2jojnfoxxozq4trjckms4uu66y24j6y4fhqrcg52m7vfvzhuu,did:plc:uac6er53o2pvr5y2qmvaf7hw,abusive,,did:plc:r6ipku2w5jijkzsaley4wrlg,2025-10-08T11:38:23.917Z
faa01bef85864658afe229b8f986966e,2026-03-01T00:00:00Z,2026-03-01T00:19:08Z,auth,auth_enUS_labelerexp,at://did:plc:kqudk3er7cqxdubk4q2ja2az/app.bsky.feed.post/3mfwdf3ofa22k,bafyreihdwbjka4pvnj5cke3rdxm6seu3lwrwyxlpyteypprbccal46nggu,did:plc:kqudk3er7cqxdubk4q2ja2az,!no-unauthenticated,,at://did:plc:kqudk3er7cqxdubk4q2ja2az/app.bsky.actor.profile/self,2025-01-20T15:16:07.867Z
faa01bef85864658afe229b8f986966e,2026-03-01T00:00:00Z,2026-03-01T00:19:08Z,auth,auth_enUS_labelerexp,at://did:plc:muu2zsgnqebckxer65g4kv73/app.bsky.feed.post/3mfwcuepbpc2f,bafyreickixfvfyfqliz4il23soy6bsgncjlivhyhuebl55glklvgt72wk4,did:plc:muu2zsgnqebckxer65g4kv73,sexual,,at://did:plc:muu2zsgnqebckxer65g4kv73/app.bsky.feed.post/3mfwcuepbpc2f,2026-02-28T13:19:38.470Z
faa01bef85864658afe229b8f986966e,2026-03-01T00:00:00Z,2026-03-01T00:19:08Z,auth,auth_enUS_labelerexp,at://did:plc:muu2zsgnqebckxer65g4kv73/app.bsky.feed.post/3mfwcsrmbfc2f,bafyreihnd4vmrsecjm2jbr6nascwv3zzbhixjefjwif46j4osygnmsr22i,did:plc:muu2zsgnqebckxer65g4kv73,sexual,,at://did:plc:muu2zsgnqebckxer65g4kv73/app.bsky.feed.post/3mfwcsrmbfc2f,2026-02-28T13:18:44.905Z
faa01bef85864658afe229b8f986966e,2026-03-01T00:00:00Z,2026-03-01T00:19:08Z,auth,auth_enUS_labelerexp,at://did:plc:lmoaxkv2sdjkcqtzstvelmrt/app.bsky.feed.post/3mfw7smvxck22,bafyreiehgomtbowevhpcwak3226tvbtezah6lxe5amj5zukd3yhe3osk4e,did:plc:lmoaxkv2sdjkcqtzstvelmrt,!no-unauthenticated,,at://did:plc:lmoaxkv2sdjkcqtzstvelmrt/app.bsky.actor.profile/self,2024-05-27T12:12:54.196Z
faa01bef85864658afe229b8f986966e,2026-03-01T00:00:00Z,2026-03-01T00:19:08Z,auth,auth_enUS_labelerexp,at://did:plc:mcb6n67plnrlx4lg35natk2b/app.bsky.feed.post/3mfw6gxiwxp2x,bafyreifo6b36btpnrqqxwnvah7b7frwi5jd2menbtwiaxcwa5hwmkdomha,did:plc:uac6er53o2pvr5y2qmvaf7hw,engagementfarmer,,did:plc:mcb6n67plnrlx4lg35natk2b,2024-12-10T14:25:58.920Z
faa01bef85864658afe229b8f986966e,2026-03-01T00:00:00Z,2026-03-01T00:19:08Z,auth,auth_enUS_labelerexp,at://did:plc:mcb6n67plnrlx4lg35natk2b/app.bsky.feed.post/3mfw6gxiwxp2x,bafyreifo6b36btpnrqqxwnvah7b7frwi5jd2menbtwiaxcwa5hwmkdomha,did:plc:uac6er53o2pvr5y2qmvaf7hw,high-offsite-link-count,,did:plc:mcb6n67plnrlx4lg35natk2b,2025-04-18T13:00:27.234Z
faa01bef85864658afe229b8f986966e,2026-03-01T00:00:00Z,2026-03-01T00:19:08Z,auth,auth_enUS_labelerexp,at://did:plc:mcb6n67plnrlx4lg35natk2b/app.bsky.feed.post/3mfw6gxiwxp2x,bafyreifo6b36btpnrqqxwnvah7b7frwi5jd2menbtwiaxcwa5hwmkdomha,did:plc:uac6er53o2pvr5y2qmvaf7hw,repetitive,,did:plc:mcb6n67plnrlx4lg35natk2b,2024-12-10T14:25:58.920Z
faa01bef85864658afe229b8f986966e,2026-03-01T00:00:00Z,2026-03-01T00:19:08Z,auth,auth_enUS_labelerexp,at://did:plc:ftv4zd2y62womqosgwl6ha3j/app.bsky.feed.post/3mfw2jlkwec2l,bafyreiaq7sp2e263dfsdjliyvmxiizysthbqaq4zei4v6pkutcgpalsela,did:plc:ar7c4by46qjdydhdevvrndac,porn,,at://did:plc:ftv4zd2y62womqosgwl6ha3j/app.bsky.feed.post/3mfw2jlkwec2l,2026-02-28T10:50:35.619Z
faa01bef85864658afe229b8f986966e,2026-03-01T00:00:00Z,2026-03-01T00:19:08Z,auth,auth_enUS_labelerexp,at://did:plc:ftv4zd2y62womqosgwl6ha3j/app.bsky.feed.post/3mfw24435q22l,bafyreid7dedxxl3nvx32htpod6d42ppsyvv76l6qwuew743o4oxvmix72m,did:plc:ar7c4by46qjdydhdevvrndac,porn,,at://did:plc:ftv4zd2y62womqosgwl6ha3j/app.bsky.feed.post/3mfw24435q22l,2026-02-28T10:43:03.371Z
faa01bef85864658afe229b8f986966e,2026-03-01T00:00:00Z,2026-03-01T00:19:08Z,auth,auth_enUS_labelerexp,at://did:plc:i5qjllphonwvmlr7iijzeals/app.bsky.feed.post/3mfvzz2ccok2n,bafyreicw2ha7wb2cttpenhevygedncjamdutoc2w3324s2ubb4f5k5oiea,did:plc:ar7c4by46qjdydhdevvrndac,porn,,at://did:plc:i5qjllphonwvmlr7iijzeals/app.bsky.feed.post/3mfvzz2ccok2n,2026-02-28T10:41:20.139Z
faa01bef85864658afe229b8f986966e,2026-03-01T00:00:00Z,2026-03-01T00:19:08Z,auth,auth_enUS_labelerexp,at://did:plc:i5qjllphonwvmlr7iijzeals/app.bsky.feed.post/3mfvzz2ccok2n,bafyreicw2ha7wb2cttpenhevygedncjamdutoc2w3324s2ubb4f5k5oiea,did:plc:ar7c4by46qjdydhdevvrndac,sexual,,at://did:plc:i5qjllphonwvmlr7iijzeals/app.bsky.actor.profile/self,2024-03-17T16:10:24.315Z
faa01bef85864658afe229b8f986966e,2026-03-01T00:00:00Z,2026-03-01T00:19:08Z,auth,auth_enUS_labelerexp,at://did:plc:aha2yvujfm4pjei25m6yxyyr/app.bsky.feed.post/3mfvucis2lc2u,bafyreid2uhlea5gneo2ax3rdvn7youuekjqidhbpjyvw4wqq52a6oqoaie,did:plc:ar7c4by46qjdydhdevvrndac,sexual,,at://did:plc:aha2yvujfm4pjei25m6yxyyr/app.bsky.feed.post/3mfvucis2lc2u,2026-02-28T08:59:13.844Z
faa01bef85864658afe229b8f986966e,2026-03-01T00:00:00Z,2026-03-01T00:19:08Z,auth,auth_enUS_labelerexp,at://did:plc:rh72auqofosi66tmgdmfjx6r/app.bsky.feed.post/3mfvpms4cdc2k,bafyreifr3y4ldlclw5cslgncd3xrj7yv5l5fkhy5bheossjtcn7tqt6qay,did:plc:ar7c4by46qjdydhdevvrndac,porn,,at://did:plc:rh72auqofosi66tmgdmfjx6r/app.bsky.feed.post/3mfvpms4cdc2k,2026-02-28T07:35:30.144Z
faa01bef85864658afe229b8f986966e,2026-03-01T00:00:00Z,2026-03-01T00:19:08Z,auth,auth_enUS_labelerexp,at://did:plc:rh72auqofosi66tmgdmfjx6r/app.bsky.feed.post/3mfvpms4cdc2k,bafyreifr3y4ldlclw5cslgncd3xrj7yv5l5fkhy5bheossjtcn7tqt6qay,did:plc:rh72auqofosi66tmgdmfjx6r,!no-unauthenticated,,at://did:plc:rh72auqofosi66tmgdmfjx6r/app.bsky.actor.profile/self,2025-03-04T09:57:58.075Z
faa01bef85864658afe229b8f986966e,2026-03-01T00:00:00Z,2026-03-01T00:19:09Z,auth,auth_enUS_labelerexp,at://did:plc:hsqwcidfez66lwm3gxhfv5in/app.bsky.feed.post/3lhyyamhh622x,bafyreiheql2bihtb2rmloijfucctwmqtbw3hhlobrr6tgnczy4pjif2pgm,did:plc:l624mewisyr6hymexmrjkprc,musician,,did:plc:hsqwcidfez66lwm3gxhfv5in,2025-03-27T01:17:43.943Z
faa01bef85864658afe229b8f986966e,2026-03-01T00:00:00Z,2026-03-01T00:19:09Z,auth,auth_enUS_labelerexp,at://did:plc:gombag4zwctbiexvfvvqwqew/app.bsky.feed.post/3mfxe3dvyvk2g,bafyreiaob7ejukzz5kq6ceor4r3z57g2afr2jpn5jshjkh4syrr3wzbt2q,did:plc:gombag4zwctbiexvfvvqwqew,!no-unauthenticated,,at://did:plc:gombag4zwctbiexvfvvqwqew/app.bsky.actor.profile/self,1970-01-01T00:00:00.000Z
faa01bef85864658afe229b8f986966e,2026-03-01T00:00:00Z,2026-03-01T00:19:09Z,auth,auth_enUS_labelerexp,at://did:plc:it4jcmrtgfjrahizzbcy2oqy/app.bsky.feed.post/3mfx4swkcls26,bafyreie67qbi3t2yp26q6mbobn2pou5efhku77cmyc7pikm74okdpm6jm4,did:plc:it4jcmrtgfjrahizzbcy2oqy,!no-unauthenticated,,at://did:plc:it4jcmrtgfjrahizzbcy2oqy/app.bsky.actor.profile/self,2024-11-19T16:31:28.147Z
faa01bef85864658afe229b8f986966e,2026-03-01T00:00:00Z,2026-03-01T00:19:09Z,auth,auth_enUS_labelerexp,at://did:plc:ydf7ujiej5slrhgqzk2u3haa/app.bsky.feed.post/3mfx3hovj6c2f,bafyreibn2rrrfv64nmux723fzxoprsuex6h5rehkwhy4bd5h3crb7ab3f4,did:plc:ydf7ujiej5slrhgqzk2u3haa,!no-unauthenticated,,at://did:plc:ydf7ujiej5slrhgqzk2u3haa/app.bsky.actor.profile/self,1970-01-01T00:00:00.000Z
faa01bef85864658afe229b8f986966e,2026-03-01T00:00:00Z,2026-03-01T00:19:09Z,auth,auth_enUS_labelerexp,at://did:plc:ydf7ujiej5slrhgqzk2u3haa/app.bsky.feed.post/3mfx3cun3e22f,bafyreibvd2iguogk26j37rdqjcip2wwdukxiwhx3ety44t6pspbstuqkje,did:plc:ydf7ujiej5slrhgqzk2u3haa,!no-unauthenticated,,at://did:plc:ydf7ujiej5slrhgqzk2u3haa/app.bsky.actor.profile/self,1970-01-01T00:00:00.000Z
faa01bef85864658afe229b8f986966e,2026-03-01T00:00:00Z,2026-03-01T00:19:09Z,auth,auth_enUS_labelerexp,at://did:plc:img6unufp67kxekhee3y5ag3/app.bsky.feed.post/3mfwrbp36nk25,bafyreiguvozrqjic7sbaypzjqwfertov37p3hio6aj63hsnokb4uimgkzy,did:plc:img6unufp67kxekhee3y5ag3,!no-unauthenticated,,at://did:plc:img6unufp67kxekhee3y5ag3/app.bsky.actor.profile/self,1970-01-01T00:00:00.000Z
faa01bef85864658afe229b8f986966e,2026-03-01T00:00:00Z,2026-03-01T00:19:09Z,auth,auth_enUS_labelerexp,at://did:plc:img6unufp67kxekhee3y5ag3/app.bsky.feed.post/3mfwino2g2c2x,bafyreickrkv6itqbmi56t2pfaaxjae2zo23ildfzn7fyzzzcis5xubgql4,did:plc:img6unufp67kxekhee3y5ag3,!no-unauthenticated,,at://did:plc:img6unufp67kxekhee3y5ag3/app.bsky.actor.profile/self,1970-01-01T00:00:00.000Z
faa01bef85864658afe229b8f986966e,2026-03-01T00:00:00Z,2026-03-01T00:19:09Z,auth,auth_enUS_labelerexp,at://did:plc:pxawy7vj354peof3s55rtsbl/app.bsky.feed.post/3mfvxwdlt522f,bafyreiflm6kcbmnqfwseggvtfzznm6uitwtu4zqv3unja5phxfenjrot5m,did:plc:pxawy7vj354peof3s55rtsbl,!no-unauthenticated,,at://did:plc:pxawy7vj354peof3s55rtsbl/app.bsky.actor.profile/self,2025-01-08T23:38:04.604Z
faa01bef85864658afe229b8f986966e,2026-03-01T00:00:00Z,2026-03-01T00:19:09Z,auth,auth_enUS_labelerexp,at://did:plc:gombag4zwctbiexvfvvqwqew/app.bsky.feed.post/3mfurfwegjk2r,bafyreidqeixppiktotsyrewmkmpqbea4pfuh7u54obn7h33yqeqmbzsxuy,did:plc:gombag4zwctbiexvfvvqwqew,!no-unauthenticated,,at://did:plc:gombag4zwctbiexvfvvqwqew/app.bsky.actor.profile/self,1970-01-01T00:00:00.000Z
faa01bef85864658afe229b8f986966e,2026-03-01T00:00:00Z,2026-03-01T00:19:09Z,auth,auth_enUS_labelerexp,at://did:plc:f77rbct3ej3fe777uufp4kug/app.bsky.feed.post/3mfuqc665cc2t,bafyreidqcmc5w7fc64i7kgqav6242ivn3q5t7zfbo5pl4ptf6ttzu6ilum,did:plc:f77rbct3ej3fe777uufp4kug,!no-unauthenticated,,at://did:plc:f77rbct3ej3fe777uufp4kug/app.bsky.actor.profile/self,2025-01-10T23:36:55.156Z
faa01bef85864658afe229b8f986966e,2026-03-01T00:00:00Z,2026-03-01T00:19:09Z,auth,auth_enUS_labelerexp,at://did:plc:xgw34345yftdmcp2sv2rgkog/app.bsky.feed.post/3mfupocipjc2d,bafyreidevc3qm5o2yqrb5v6uyl5chdksntrddiutpfhfs46dp24rrbjy7e,did:plc:xgw34345yftdmcp2sv2rgkog,!no-unauthenticated,,at://did:plc:xgw34345yftdmcp2sv2rgkog/app.bsky.actor.profile/self,2024-11-06T21:28:06.285Z
faa01bef85864658afe229b8f986966e,2026-03-01T00:00:00Z,2026-03-01T00:19:09Z,auth,auth_enUS_labelerexp,at://did:plc:btwjxcid7kcwyoyn5trms5mc/app.bsky.feed.post/3mfuorwcfes2s,bafyreig5nbp52izss6sqwuex2yawcqwh2365ymtchlaq3yoyslvsgdhe5u,did:plc:btwjxcid7kcwyoyn5trms5mc,!no-unauthenticated,,at://did:plc:btwjxcid7kcwyoyn5trms5mc/app.bsky.actor.profile/self,2024-12-02T01:57:13.928Z
faa01bef85864658afe229b8f986966e,2026-03-01T00:00:00Z,2026-03-01T00:19:09Z,auth,auth_enUS_labelerexp,at://did:plc:img6unufp67kxekhee3y5ag3/app.bsky.feed.post/3mfujbbxbhs24,bafyreif265i7k5scj6ymqiny2x64d5vraxu3qsfu7dp6el7r7cix6d4hs4,did:plc:img6unufp67kxekhee3y5ag3,!no-unauthenticated,,at://did:plc:img6unufp67kxekhee3y5ag3/app.bsky.actor.profile/self,1970-01-01T00:00:00.000Z
faa01bef85864658afe229b8f986966e,2026-03-01T00:00:00Z,2026-03-01T00:19:09Z,auth,auth_enUS_labelerexp,at://did:plc:7qpkr7gwf4ushapwwqrkqzsp/app.bsky.feed.post/3mfugn75jok2m,bafyreifkwknybbbqhkatlk5rshby5ot45ysxstcdaho3a4pszhrruvuc7i,did:plc:7qpkr7gwf4ushapwwqrkqzsp,!no-unauthenticated,,at://did:plc:7qpkr7gwf4ushapwwqrkqzsp/app.bsky.actor.profile/self,2025-06-18T22:31:36.479Z
faa01bef85864658afe229b8f986966e,2026-03-01T00:00:00Z,2026-03-01T00:19:09Z,auth,auth_enUS_labelerexp,at://did:plc:4rvgodksojayd3edjqcxplzh/app.bsky.feed.post/3mfuc66gdbk2h,bafyreidi3qfmudnysr5etpk3upqvc7rtro5rqbhxuaomqlkekhbvg3sak4,did:plc:4rvgodksojayd3edjqcxplzh,!no-unauthenticated,,at://did:plc:4rvgodksojayd3edjqcxplzh/app.bsky.actor.profile/self,2024-11-21T13:28:27.830Z
faa01bef85864658afe229b8f986966e,2026-03-01T00:00:00Z,2026-03-01T00:19:11Z,auth,auth_enUS_labelerexp,at://did:plc:mmgti3aluvnszzhgu3vmy6cd/app.bsky.feed.post/3mfvht272m22a,bafyreieykf3tspzhpn7dltucjbuazzzgdvuw4vrfwstft2yeaonluawywa,did:plc:l624mewisyr6hymexmrjkprc,artistdesigner,,did:plc:mmgti3aluvnszzhgu3vmy6cd,2025-05-12T23:14:02.744Z
faa01bef85864658afe229b8f986966e,2026-03-01T00:00:00Z,2026-03-01T00:19:11Z,auth,auth_enUS_labelerexp,at://did:plc:mmgti3aluvnszzhgu3vmy6cd/app.bsky.feed.post/3mfvht272m22a,bafyreieykf3tspzhpn7dltucjbuazzzgdvuw4vrfwstft2yeaonluawywa,did:plc:l624mewisyr6hymexmrjkprc,l-cosplay,,did:plc:mmgti3aluvnszzhgu3vmy6cd,2025-05-12T23:14:57.719Z
faa01bef85864658afe229b8f986966e,2026-03-01T00:00:00Z,2026-03-01T00:19:11Z,auth,auth_enUS_labelerexp,at://did:plc:mmgti3aluvnszzhgu3vmy6cd/app.bsky.feed.post/3mfvht272m22a,bafyreieykf3tspzhpn7dltucjbuazzzgdvuw4vrfwstft2yeaonluawywa,did:plc:l624mewisyr6hymexmrjkprc,l-justvtuber,,did:plc:mmgti3aluvnszzhgu3vmy6cd,2025-05-12T23:13:33.134Z
faa01bef85864658afe229b8f986966e,2026-03-01T00:00:00Z,2026-03-01T00:19:11Z,auth,auth_enUS_labelerexp,at://did:plc:mmgti3aluvnszzhgu3vmy6cd/app.bsky.feed.post/3mfx4umkt3s2w,bafyreid7zqq5owq6gpwj6zrmx7muldj546yrn5rez3vqi4azkyane2easu,did:plc:l624mewisyr6hymexmrjkprc,artistdesigner,,did:plc:mmgti3aluvnszzhgu3vmy6cd,2025-05-12T23:14:02.744Z
faa01bef85864658afe229b8f986966e,2026-03-01T00:00:00Z,2026-03-01T00:19:11Z,auth,auth_enUS_labelerexp,at://did:plc:mmgti3aluvnszzhgu3vmy6cd/app.bsky.feed.post/3mfx4umkt3s2w,bafyreid7zqq5owq6gpwj6zrmx7muldj546yrn5rez3vqi4azkyane2easu,did:plc:l624mewisyr6hymexmrjkprc,l-cosplay,,did:plc:mmgti3aluvnszzhgu3vmy6cd,2025-05-12T23:14:57.719Z
faa01bef85864658afe229b8f986966e,2026-03-01T00:00:00Z,2026-03-01T00:19:11Z,auth,auth_enUS_labelerexp,at://did:plc:mmgti3aluvnszzhgu3vmy6cd/app.bsky.feed.post/3mfx4umkt3s2w,bafyreid7zqq5owq6gpwj6zrmx7muldj546yrn5rez3vqi4azkyane2easu,did:plc:l624mewisyr6hymexmrjkprc,l-justvtuber,,did:plc:mmgti3aluvnszzhgu3vmy6cd,2025-05-12T23:13:33.134Z
faa01bef85864658afe229b8f986966e,2026-03-01T00:00:00Z,2026-03-01T00:19:11Z,auth,auth_enUS_labelerexp,at://did:plc:jacahp6xotj3deuhokfvvsnm/app.bsky.feed.post/3mfxe4z35gc2r,bafyreiflz6p63zwseztuocyolcvhtsrbnispiewdieiet4b5wzmonu35te,did:plc:jacahp6xotj3deuhokfvvsnm,!no-unauthenticated,,at://did:plc:jacahp6xotj3deuhokfvvsnm/app.bsky.actor.profile/self,2024-11-12T07:31:49.708Z
faa01bef85864658afe229b8f986966e,2026-03-01T00:00:00Z,2026-03-01T00:19:11Z,auth,auth_enUS_labelerexp,at://did:plc:re6xivybrjy4u4k5v2s2olqu/app.bsky.feed.post/3mfwlhqbilc2i,bafyreiabuhjly5jywdplnhh3qqocl7kqa43fiby5vbmh6qdfgcl7aqgmhy,did:plc:re6xivybrjy4u4k5v2s2olqu,!no-unauthenticated,,at://did:plc:re6xivybrjy4u4k5v2s2olqu/app.bsky.actor.profile/self,2025-03-16T17:39:22.495Z
faa01bef85864658afe229b8f986966e,2026-03-01T00:00:00Z,2026-03-01T00:19:11Z,auth,auth_enUS_labelerexp,at://did:plc:aptxop6us6pen2lhmotsczts/app.bsky.feed.post/3mfx3wncgw22k,bafyreidyqc3g5y6ksuk5ujpz7gd5iipcxo6yerul2w2j7mzua3xvcjoq24,did:plc:ar7c4by46qjdydhdevvrndac,needs-review,,did:plc:aptxop6us6pen2lhmotsczts,2026-02-26T21:30:16.747Z
faa01bef85864658afe229b8f986966e,2026-03-01T00:00:00Z,2026-03-01T00:19:11Z,auth,auth_enUS_labelerexp,at://did:plc:aptxop6us6pen2lhmotsczts/app.bsky.feed.post/3mfx3wncgw22k,bafyreidyqc3g5y6ksuk5ujpz7gd5iipcxo6yerul2w2j7mzua3xvcjoq24,did:plc:aptxop6us6pen2lhmotsczts,!no-unauthenticated,,at://did:plc:aptxop6us6pen2lhmotsczts/app.bsky.actor.profile/self,2024-11-02T20:09:24.486Z
faa01bef85864658afe229b8f986966e,2026-03-01T00:00:00Z,2026-03-01T00:19:11Z,auth,auth_enUS_labelerexp,at://did:plc:mmgti3aluvnszzhgu3vmy6cd/app.bsky.feed.post/3mfwtclvzbc2w,bafyreibb4g5mykhkzn74cgm4qt3thgevhpbyrdwa47u6yjfjrnppbhdcvu,did:plc:l624mewisyr6hymexmrjkprc,artistdesigner,,did:plc:mmgti3aluvnszzhgu3vmy6cd,2025-05-12T23:14:02.744Z
faa01bef85864658afe229b8f986966e,2026-03-01T00:00:00Z,2026-03-01T00:19:11Z,auth,auth_enUS_labelerexp,at://did:plc:mmgti3aluvnszzhgu3vmy6cd/app.bsky.feed.post/3mfwtclvzbc2w,bafyreibb4g5mykhkzn74cgm4qt3thgevhpbyrdwa47u6yjfjrnppbhdcvu,did:plc:l624mewisyr6hymexmrjkprc,l-cosplay,,did:plc:mmgti3aluvnszzhgu3vmy6cd,2025-05-12T23:14:57.719Z
faa01bef85864658afe229b8f986966e,2026-03-01T00:00:00Z,2026-03-01T00:19:11Z,auth,auth_enUS_labelerexp,at://did:plc:mmgti3aluvnszzhgu3vmy6cd/app.bsky.feed.post/3mfwtclvzbc2w,bafyreibb4g5mykhkzn74cgm4qt3thgevhpbyrdwa47u6yjfjrnppbhdcvu,did:plc:l624mewisyr6hymexmrjkprc,l-justvtuber,,did:plc:mmgti3aluvnszzhgu3vmy6cd,2025-05-12T23:13:33.134Z
faa01bef85864658afe229b8f986966e,2026-03-01T00:00:00Z,2026-03-01T00:19:11Z,auth,auth_enUS_labelerexp,at://did:plc:aptxop6us6pen2lhmotsczts/app.bsky.feed.post/3mfwyby6bdc2f,bafyreifgo66oqliyjjxsizvvxvhyoupssrkhzlaw23t7ma6amcpzggpek4,did:plc:ar7c4by46qjdydhdevvrndac,needs-review,,did:plc:aptxop6us6pen2lhmotsczts,2026-02-26T21:30:16.747Z
faa01bef85864658afe229b8f986966e,2026-03-01T00:00:00Z,2026-03-01T00:19:11Z,auth,auth_enUS_labelerexp,at://did:plc:aptxop6us6pen2lhmotsczts/app.bsky.feed.post/3mfwyby6bdc2f,bafyreifgo66oqliyjjxsizvvxvhyoupssrkhzlaw23t7ma6amcpzggpek4,did:plc:aptxop6us6pen2lhmotsczts,!no-unauthenticated,,at://did:plc:aptxop6us6pen2lhmotsczts/app.bsky.actor.profile/self,2024-11-02T20:09:24.486Z
faa01bef85864658afe229b8f986966e,2026-03-01T00:00:00Z,2026-03-01T00:19:11Z,auth,auth_enUS_labelerexp,at://did:plc:25vdlm3e334isjw3mdeqnhuv/app.bsky.feed.post/3mfwcv2o7ts27,bafyreifpqnzcizr6mcffpn44kafkt3we6yi5zjre5f65ruj3ajmc7o3zme,did:plc:25vdlm3e334isjw3mdeqnhuv,!no-unauthenticated,,at://did:plc:25vdlm3e334isjw3mdeqnhuv/app.bsky.actor.profile/self,1970-01-01T00:00:00.000Z
faa01bef85864658afe229b8f986966e,2026-03-01T00:00:00Z,2026-03-01T00:19:11Z,auth,auth_enUS_labelerexp,at://did:plc:4ya5rp3tgfvzyx6z27rm2f66/app.bsky.feed.post/3mfwromsopk2v,bafyreic77pqcuzhb6lws2evo6qp53vpvp77nmy6ssyvbgrd7wngz3e77wa,did:plc:4ya5rp3tgfvzyx6z27rm2f66,!no-unauthenticated,,at://did:plc:4ya5rp3tgfvzyx6z27rm2f66/app.bsky.actor.profile/self,1970-01-01T00:00:00.000Z
faa01bef85864658afe229b8f986966e,2026-03-01T00:00:00Z,2026-03-01T00:19:11Z,auth,auth_enUS_labelerexp,at://did:plc:mmgti3aluvnszzhgu3vmy6cd/app.bsky.feed.post/3mfwtads3qs2w,bafyreifdfgzfeqreqodaizbjdswecletzonjfputaamk6scraqs6g2fcai,did:plc:l624mewisyr6hymexmrjkprc,artistdesigner,,did:plc:mmgti3aluvnszzhgu3vmy6cd,2025-05-12T23:14:02.744Z
faa01bef85864658afe229b8f986966e,2026-03-01T00:00:00Z,2026-03-01T00:19:11Z,auth,auth_enUS_labelerexp,at://did:plc:mmgti3aluvnszzhgu3vmy6cd/app.bsky.feed.post/3mfwtads3qs2w,bafyreifdfgzfeqreqodaizbjdswecletzonjfputaamk6scraqs6g2fcai,did:plc:l624mewisyr6hymexmrjkprc,l-cosplay,,did:plc:mmgti3aluvnszzhgu3vmy6cd,2025-05-12T23:14:57.719Z
faa01bef85864658afe229b8f986966e,2026-03-01T00:00:00Z,2026-03-01T00:19:11Z,auth,auth_enUS_labelerexp,at://did:plc:mmgti3aluvnszzhgu3vmy6cd/app.bsky.feed.post/3mfwtads3qs2w,bafyreifdfgzfeqreqodaizbjdswecletzonjfputaamk6scraqs6g2fcai,did:plc:l624mewisyr6hymexmrjkprc,l-justvtuber,,did:plc:mmgti3aluvnszzhgu3vmy6cd,2025-05-12T23:13:33.134Z
faa01bef85864658afe229b8f986966e,2026-03-01T00:00:00Z,2026-03-01T00:19:11Z,auth,auth_enUS_labelerexp,at://did:plc:kgym4owrqbdhwdi7w3jbtrgq/app.bsky.feed.post/3mfw6l3pivk2z,bafyreicrto3ysllrrfmkehmcwxlgdxro4dqqn6t7lyudrshy777ztsh4uy,did:plc:kgym4owrqbdhwdi7w3jbtrgq,!no-unauthenticated,,at://did:plc:kgym4owrqbdhwdi7w3jbtrgq/app.bsky.actor.profile/self,1970-01-01T00:00:00.000Z
faa01bef85864658afe229b8f986966e,2026-03-01T00:00:00Z,2026-03-01T00:19:11Z,auth,auth_enUS_labelerexp,at://did:plc:7i2hwsf5sdj4iww65t22jn4n/app.bsky.feed.post/3mfwt4d335s2a,bafyreiedjfked5yzt4oqbmh3i6eecn76ssyb434yza34f64hvpw6ss5wbm,did:plc:7i2hwsf5sdj4iww65t22jn4n,!no-unauthenticated,,at://did:plc:7i2hwsf5sdj4iww65t22jn4n/app.bsky.actor.profile/self,2024-11-06T18:16:25.806Z
faa01bef85864658afe229b8f986966e,2026-03-01T00:00:00Z,2026-03-01T00:19:11Z,auth,auth_enUS_labelerexp,at://did:plc:adgghnlnilyzesjqmhxvecr3/app.bsky.feed.post/3mfx2nuint225,bafyreie6p35ly3sqqwn7lztacq4i453fax4onfeufnqkiwhccwj3hnpn6a,did:plc:adgghnlnilyzesjqmhxvecr3,!no-unauthenticated,,at://did:plc:adgghnlnilyzesjqmhxvecr3/app.bsky.actor.profile/self,2024-11-15T06:12:55.001Z
faa01bef85864658afe229b8f986966e,2026-03-01T00:00:00Z,2026-03-01T00:19:11Z,auth,auth_enUS_labelerexp,at://did:plc:mmgti3aluvnszzhgu3vmy6cd/app.bsky.feed.post/3mfx4srygms2w,bafyreiee626blxomkt4smktlhwyr46rozllntawy44odiojqoezmcjwlku,did:plc:l624mewisyr6hymexmrjkprc,artistdesigner,,did:plc:mmgti3aluvnszzhgu3vmy6cd,2025-05-12T23:14:02.744Z
faa01bef85864658afe229b8f986966e,2026-03-01T00:00:00Z,2026-03-01T00:19:11Z,auth,auth_enUS_labelerexp,at://did:plc:mmgti3aluvnszzhgu3vmy6cd/app.bsky.feed.post/3mfx4srygms2w,bafyreiee626blxomkt4smktlhwyr46rozllntawy44odiojqoezmcjwlku,did:plc:l624mewisyr6hymexmrjkprc,l-cosplay,,did:plc:mmgti3aluvnszzhgu3vmy6cd,2025-05-12T23:14:57.719Z
faa01bef85864658afe229b8f986966e,2026-03-01T00:00:00Z,2026-03-01T00:19:11Z,auth,auth_enUS_labelerexp,at://did:plc:mmgti3aluvnszzhgu3vmy6cd/app.bsky.feed.post/3mfx4srygms2w,bafyreiee626blxomkt4smktlhwyr46rozllntawy44odiojqoezmcjwlku,did:plc:l624mewisyr6hymexmrjkprc,l-justvtuber,,did:plc:mmgti3aluvnszzhgu3vmy6cd,2025-05-12T23:13:33.134Z
faa01bef85864658afe229b8f986966e,2026-03-01T00:00:00Z,2026-03-01T00:19:11Z,auth,auth_enUS_labelerexp,at://did:plc:jacahp6xotj3deuhokfvvsnm/app.bsky.feed.post/3mfxgn6sxos2r,bafyreigq34vlaobbmvouzlvqrtnecwgwsvknk5jywrw2mnjvlq72jzohce,did:plc:jacahp6xotj3deuhokfvvsnm,!no-unauthenticated,,at://did:plc:jacahp6xotj3deuhokfvvsnm/app.bsky.actor.profile/self,2024-11-12T07:31:49.708Z
faa01bef85864658afe229b8f986966e,2026-03-01T00:00:00Z,2026-03-01T00:19:11Z,auth,auth_enUS_labelerexp,at://did:plc:mmgti3aluvnszzhgu3vmy6cd/app.bsky.feed.post/3mfwtbtg2e22w,bafyreihikgz5fzcbrtnjwzf5znyjtn3ygvbzy3nxdn46bobxoxxaehkkpu,did:plc:l624mewisyr6hymexmrjkprc,artistdesigner,,did:plc:mmgti3aluvnszzhgu3vmy6cd,2025-05-12T23:14:02.744Z
faa01bef85864658afe229b8f986966e,2026-03-01T00:00:00Z,2026-03-01T00:19:11Z,auth,auth_enUS_labelerexp,at://did:plc:mmgti3aluvnszzhgu3vmy6cd/app.bsky.feed.post/3mfwtbtg2e22w,bafyreihikgz5fzcbrtnjwzf5znyjtn3ygvbzy3nxdn46bobxoxxaehkkpu,did:plc:l624mewisyr6hymexmrjkprc,l-cosplay,,did:plc:mmgti3aluvnszzhgu3vmy6cd,2025-05-12T23:14:57.719Z
faa01bef85864658afe229b8f986966e,2026-03-01T00:00:00Z,2026-03-01T00:19:11Z,auth,auth_enUS_labelerexp,at://did:plc:mmgti3aluvnszzhgu3vmy6cd/app.bsky.feed.post/3mfwtbtg2e22w,bafyreihikgz5fzcbrtnjwzf5znyjtn3ygvbzy3nxdn46bobxoxxaehkkpu,did:plc:l624mewisyr6hymexmrjkprc,l-justvtuber,,did:plc:mmgti3aluvnszzhgu3vmy6cd,2025-05-12T23:13:33.134Z
faa01bef85864658afe229b8f986966e,2026-03-01T00:00:00Z,2026-03-01T00:19:11Z,auth,auth_enUS_labelerexp,at://did:plc:eibdmpjt73ltkysyckfdh3gd/app.bsky.feed.post/3mfxe6xrofs27,bafyreibile5glrqdrcegbqcuavuruysbqrgxdobpnetmtot6exsckhdqpu,did:plc:uac6er53o2pvr5y2qmvaf7hw,blocks,,did:plc:eibdmpjt73ltkysyckfdh3gd,2025-03-13T13:25:49.488Z
faa01bef85864658afe229b8f986966e,2026-03-01T00:00:00Z,2026-03-01T00:19:11Z,auth,auth_enUS_labelerexp,at://did:plc:eibdmpjt73ltkysyckfdh3gd/app.bsky.feed.post/3mfxe6xrofs27,bafyreibile5glrqdrcegbqcuavuruysbqrgxdobpnetmtot6exsckhdqpu,did:plc:uac6er53o2pvr5y2qmvaf7hw,hate-symbol,,did:plc:eibdmpjt73ltkysyckfdh3gd,2025-11-15T22:49:26.160Z
faa01bef85864658afe229b8f986966e,2026-03-01T00:00:00Z,2026-03-01T00:19:11Z,auth,auth_enUS_labelerexp,at://did:plc:m725qtnfq7kllhbttj76fsuy/app.bsky.feed.post/3mfuxhbiycs2r,bafyreia3w2qeq4qqn6lfpp64qyfepurfwjnnno32ngktb6gt7h3ychkejy,did:plc:uac6er53o2pvr5y2qmvaf7hw,high-total-facet-count,,at://did:plc:m725qtnfq7kllhbttj76fsuy/app.bsky.feed.post/3mfuxhbiycs2r,2026-02-28T00:22:49.682Z
faa01bef85864658afe229b8f986966e,2026-03-01T00:00:00Z,2026-03-01T00:19:11Z,auth,auth_enUS_labelerexp,at://did:plc:aptxop6us6pen2lhmotsczts/app.bsky.feed.post/3mfwnlb25ic2f,bafyreibp2voll2jeivug7vfzrxnvse3mgnkwy2pvxuirocc4ewbeyw7mfm,did:plc:ar7c4by46qjdydhdevvrndac,needs-review,,did:plc:aptxop6us6pen2lhmotsczts,2026-02-26T21:30:16.747Z
faa01bef85864658afe229b8f986966e,2026-03-01T00:00:00Z,2026-03-01T00:19:11Z,auth,auth_enUS_labelerexp,at://did:plc:aptxop6us6pen2lhmotsczts/app.bsky.feed.post/3mfwnlb25ic2f,bafyreibp2voll2jeivug7vfzrxnvse3mgnkwy2pvxuirocc4ewbeyw7mfm,did:plc:aptxop6us6pen2lhmotsczts,!no-unauthenticated,,at://did:plc:aptxop6us6pen2lhmotsczts/app.bsky.actor.profile/self,2024-11-02T20:09:24.486Z
faa01bef85864658afe229b8f986966e,2026-03-01T00:00:00Z,2026-03-01T00:19:11Z,auth,auth_enUS_labelerexp,at://did:plc:7i2hwsf5sdj4iww65t22jn4n/app.bsky.feed.post/3mfwlfreogc24,bafyreig7g7i3nmohlpcxk7obr5gkucsy54b5mrv53kzs6fuz7i4oikyuay,did:plc:7i2hwsf5sdj4iww65t22jn4n,!no-unauthenticated,,at://did:plc:7i2hwsf5sdj4iww65t22jn4n/app.bsky.actor.profile/self,2024-11-06T18:16:25.806Z
faa01bef85864658afe229b8f986966e,2026-03-01T00:00:00Z,2026-03-01T00:19:11Z,auth,auth_enUS_labelerexp,at://did:plc:kgbn7uw5sr24n6t7lf2vgjgu/app.bsky.feed.post/3mfx5h4kkcs2e,bafyreify3tuduvao3pu5xk6u5nlmuvq45adtdmcg7awgjk5mpm6i7te2lm,did:plc:kgbn7uw5sr24n6t7lf2vgjgu,!no-unauthenticated,,at://did:plc:kgbn7uw5sr24n6t7lf2vgjgu/app.bsky.actor.profile/self,1970-01-01T00:00:00.000Z
faa01bef85864658afe229b8f986966e,2026-03-01T00:00:00Z,2026-03-01T00:19:11Z,auth,auth_enUS_labelerexp,at://did:plc:mmgti3aluvnszzhgu3vmy6cd/app.bsky.feed.post/3mfwtclvzbc2w,bafyreibb4g5mykhkzn74cgm4qt3thgevhpbyrdwa47u6yjfjrnppbhdcvu,did:plc:l624mewisyr6hymexmrjkprc,artistdesigner,,did:plc:mmgti3aluvnszzhgu3vmy6cd,2025-05-12T23:14:02.744Z
faa01bef85864658afe229b8f986966e,2026-03-01T00:00:00Z,2026-03-01T00:19:11Z,auth,auth_enUS_labelerexp,at://did:plc:mmgti3aluvnszzhgu3vmy6cd/app.bsky.feed.post/3mfwtclvzbc2w,bafyreibb4g5mykhkzn74cgm4qt3thgevhpbyrdwa47u6yjfjrnppbhdcvu,did:plc:l624mewisyr6hymexmrjkprc,l-cosplay,,did:plc:mmgti3aluvnszzhgu3vmy6cd,2025-05-12T23:14:57.719Z
faa01bef85864658afe229b8f986966e,2026-03-01T00:00:00Z,2026-03-01T00:19:11Z,auth,auth_enUS_labelerexp,at://did:plc:mmgti3aluvnszzhgu3vmy6cd/app.bsky.feed.post/3mfwtclvzbc2w,bafyreibb4g5mykhkzn74cgm4qt3thgevhpbyrdwa47u6yjfjrnppbhdcvu,did:plc:l624mewisyr6hymexmrjkprc,l-justvtuber,,did:plc:mmgti3aluvnszzhgu3vmy6cd,2025-05-12T23:13:33.134Z
faa01bef85864658afe229b8f986966e,2026-03-01T00:00:00Z,2026-03-01T00:19:11Z,auth,auth_enUS_labelerexp,at://did:plc:7g672iep366wg6eydzgjzh37/app.bsky.feed.post/3mfwv27rizb2i,bafyreie65ncrgxlb3pk5gbygpxrdv73mjt74bkzyh5iqlng2f25moudu7i,did:plc:ar7c4by46qjdydhdevvrndac,needs-review,,did:plc:7g672iep366wg6eydzgjzh37,2026-02-28T13:02:26.447Z
faa01bef85864658afe229b8f986966e,2026-03-01T00:00:00Z,2026-03-01T00:19:11Z,auth,auth_enUS_labelerexp,at://did:plc:zyi6psdx2liewp4ehils5jie/app.bsky.feed.post/3mfwigrdkdc2z,bafyreigbzzxj4pqljl3ewbfkbcvtwxo2uwmwjdx4tyiq3begdhsvnqgkqa,did:plc:zyi6psdx2liewp4ehils5jie,!no-unauthenticated,,at://did:plc:zyi6psdx2liewp4ehils5jie/app.bsky.actor.profile/self,1970-01-01T00:00:00.000Z
faa01bef85864658afe229b8f986966e,2026-03-01T00:00:00Z,2026-03-01T00:19:11Z,auth,auth_enUS_labelerexp,at://did:plc:6eltuqkcdwabeyzg7t7evqml/app.bsky.feed.post/3mfwwh5djvc2m,bafyreig3g3lt2bzfb4ghudvjzasxsvqs3qimwygllidmvyuik6gr432ice,did:plc:6eltuqkcdwabeyzg7t7evqml,!no-unauthenticated,,at://did:plc:6eltuqkcdwabeyzg7t7evqml/app.bsky.actor.profile/self,2024-11-15T14:20:30.874Z
faa01bef85864658afe229b8f986966e,2026-03-01T00:00:00Z,2026-03-01T00:19:13Z,auth,auth_enUS_labelerexp,at://did:plc:65b3kbil47einb4qjb232cot/app.bsky.feed.post/3mfskdd6v3s2i,bafyreifo2wxvzlii52zvneefg2ol665eponpeva35dsjqsxz5uvspgq44y,did:plc:ar7c4by46qjdydhdevvrndac,needs-review,,did:plc:65b3kbil47einb4qjb232cot,2026-02-25T01:35:05.632Z
faa01bef85864658afe229b8f986966e,2026-03-01T00:00:00Z,2026-03-01T00:19:13Z,auth,auth_enUS_labelerexp,at://did:plc:65b3kbil47einb4qjb232cot/app.bsky.feed.post/3mfskcvz3zk2i,bafyreibslriwtxcryz4zlho67tnafwiteeifbecyppn5ugu76iwqjfv3ru,did:plc:ar7c4by46qjdydhdevvrndac,needs-review,,did:plc:65b3kbil47einb4qjb232cot,2026-02-25T01:35:05.632Z
faa01bef85864658afe229b8f986966e,2026-03-01T00:00:00Z,2026-03-01T00:19:13Z,auth,auth_enUS_labelerexp,at://did:plc:65b3kbil47einb4qjb232cot/app.bsky.feed.post/3mfskcmelxc2i,bafyreic5cc5thv6xcr7c7divhbypajcb5o457a255rg5tmtgwdtygag6n4,did:plc:ar7c4by46qjdydhdevvrndac,needs-review,,did:plc:65b3kbil47einb4qjb232cot,2026-02-25T01:35:05.632Z
faa01bef85864658afe229b8f986966e,2026-03-01T00:00:00Z,2026-03-01T00:19:13Z,auth,auth_enUS_labelerexp,at://did:plc:65b3kbil47einb4qjb232cot/app.bsky.feed.post/3mfskc7f6yc2i,bafyreid6vklfcbj7gyzue75d5whz4fkp4eojmwcsma554pdcrubgv7tt54,did:plc:ar7c4by46qjdydhdevvrndac,needs-review,,did:plc:65b3kbil47einb4qjb232cot,2026-02-25T01:35:05.632Z
faa01bef85864658afe229b8f986966e,2026-03-01T00:00:00Z,2026-03-01T00:19:13Z,auth,auth_enUS_labelerexp,at://did:plc:65b3kbil47einb4qjb232cot/app.bsky.feed.post/3mfskbsfq2s2i,bafyreietleu7buuvt4aacemvl62y72qf7zhycubodilxg2xljf5hlb2jwy,did:plc:ar7c4by46qjdydhdevvrndac,needs-review,,did:plc:65b3kbil47einb4qjb232cot,2026-02-25T01:35:05.632Z
faa01bef85864658afe229b8f986966e,2026-03-01T00:00:00Z,2026-03-01T00:19:13Z,auth,auth_enUS_labelerexp,at://did:plc:65b3kbil47einb4qjb232cot/app.bsky.feed.post/3mfskbhtvjc2i,bafyreicqtxo5q4ookgktvqpavimwdmgl2i2pik3uwfmcv6ggwldevuk6uu,did:plc:ar7c4by46qjdydhdevvrndac,needs-review,,did:plc:65b3kbil47einb4qjb232cot,2026-02-25T01:35:05.632Z
faa01bef85864658afe229b8f986966e,2026-03-01T00:00:00Z,2026-03-01T00:19:13Z,auth,auth_enUS_labelerexp,at://did:plc:65b3kbil47einb4qjb232cot/app.bsky.feed.post/3mfskb3qi2k2i,bafyreiel6pr7lb6elvaljml2c6admusjhoqum5zexduccho33desjijb7i,did:plc:ar7c4by46qjdydhdevvrndac,needs-review,,did:plc:65b3kbil47einb4qjb232cot,2026-02-25T01:35:05.632Z
faa01bef85864658afe229b8f986966e,2026-03-01T00:00:00Z,2026-03-01T00:19:13Z,auth,auth_enUS_labelerexp,at://did:plc:z3pcr4ej5cm37v4f2wbme44p/app.bsky.feed.post/3mfqmfrajyc25,bafyreie52kl5ai5ocpuqakpsksrgi5q2tql6uyh67vvwsd7ae53lkyegay,did:plc:l624mewisyr6hymexmrjkprc,artistdesigner,,did:plc:z3pcr4ej5cm37v4f2wbme44p,2024-10-22T07:15:15.689Z
faa01bef85864658afe229b8f986966e,2026-03-01T00:00:00Z,2026-03-01T00:19:13Z,auth,auth_enUS_labelerexp,at://did:plc:z3pcr4ej5cm37v4f2wbme44p/app.bsky.feed.post/3mfqmfrajyc25,bafyreie52kl5ai5ocpuqakpsksrgi5q2tql6uyh67vvwsd7ae53lkyegay,did:plc:z3pcr4ej5cm37v4f2wbme44p,!no-unauthenticated,,at://did:plc:z3pcr4ej5cm37v4f2wbme44p/app.bsky.actor.profile/self,1970-01-01T00:00:00.000Z
faa01bef85864658afe229b8f986966e,2026-03-01T00:00:00Z,2026-03-01T00:19:13Z,auth,auth_enUS_labelerexp,at://did:plc:odqmsar3ikz5ubokya4sempk/app.bsky.feed.post/3luit4xmgnk24,bafyreigb7j7sckzrovnaydehyvcdhgluovcuzmpvtgtlnidv5jdgtsgyry,did:plc:l624mewisyr6hymexmrjkprc,artistdesigner,,did:plc:odqmsar3ikz5ubokya4sempk,2025-07-18T21:18:07.510Z
faa01bef85864658afe229b8f986966e,2026-03-01T00:00:00Z,2026-03-01T00:19:13Z,auth,auth_enUS_labelerexp,at://did:plc:65b3kbil47einb4qjb232cot/app.bsky.feed.post/3mfpyxmwwes2f,bafyreiff7mewdc75wgt46rqc2mlkd34chvy5xyk5r3r75lq6zoitpwpqeq,did:plc:ar7c4by46qjdydhdevvrndac,needs-review,,did:plc:65b3kbil47einb4qjb232cot,2026-02-25T01:35:05.632Z
faa01bef85864658afe229b8f986966e,2026-03-01T00:00:00Z,2026-03-01T00:19:13Z,auth,auth_enUS_labelerexp,at://did:plc:65b3kbil47einb4qjb232cot/app.bsky.feed.post/3mfpyx4knz22f,bafyreifpsrjshvdegtmtiuuxn3hvenb6qwo73ttg4fnmc7ryn75xhcrveq,did:plc:ar7c4by46qjdydhdevvrndac,needs-review,,did:plc:65b3kbil47einb4qjb232cot,2026-02-25T01:35:05.632Z
faa01bef85864658afe229b8f986966e,2026-03-01T00:00:00Z,2026-03-01T00:19:13Z,auth,auth_enUS_labelerexp,at://did:plc:65b3kbil47einb4qjb232cot/app.bsky.feed.post/3mfpywqgnyk2f,bafyreibnhdxudk6luamwn7p4x3jbbvpun2gvxfx4bokw7fhkg4j65dwlza,did:plc:ar7c4by46qjdydhdevvrndac,needs-review,,did:plc:65b3kbil47einb4qjb232cot,2026-02-25T01:35:05.632Z
faa01bef85864658afe229b8f986966e,2026-03-01T00:00:00Z,2026-03-01T00:19:13Z,auth,auth_enUS_labelerexp,at://did:plc:65b3kbil47einb4qjb232cot/app.bsky.feed.post/3mfpywdeoyk2f,bafyreihkff4dacbmk6d6lxzttm6rar2zpndhwq7td7kanc4jo4fosjmwga,did:plc:ar7c4by46qjdydhdevvrndac,needs-review,,did:plc:65b3kbil47einb4qjb232cot,2026-02-25T01:35:05.632Z
faa01bef85864658afe229b8f986966e,2026-03-01T00:00:00Z,2026-03-01T00:19:13Z,auth,auth_enUS_labelerexp,at://did:plc:65b3kbil47einb4qjb232cot/app.bsky.feed.post/3mfpyvstx322f,bafyreig4ucyils7zvbdyb34jf3jmwf6nxn4bv6obctgwlgpvhwxhalkqaq,did:plc:ar7c4by46qjdydhdevvrndac,needs-review,,did:plc:65b3kbil47einb4qjb232cot,2026-02-25T01:35:05.632Z
faa01bef85864658afe229b8f986966e,2026-03-01T00:00:00Z,2026-03-01T00:19:13Z,auth,auth_enUS_labelerexp,at://did:plc:65b3kbil47einb4qjb232cot/app.bsky.feed.post/3mfpyvdzbmk2f,bafyreigxz4gowpi3gr6hgrm5xncylxrn5wpx3x3nupomzict2sre74p6wm,did:plc:ar7c4by46qjdydhdevvrndac,needs-review,,did:plc:65b3kbil47einb4qjb232cot,2026-02-25T01:35:05.632Z
faa01bef85864658afe229b8f986966e,2026-03-01T00:00:00Z,2026-03-01T00:19:13Z,auth,auth_enUS_labelerexp,at://did:plc:65b3kbil47einb4qjb232cot/app.bsky.feed.post/3mfpyuxoygk2f,bafyreidu7nnzwfoz23vyub7xyeahsclkysdvidiawgkx6epqsgit2cfugi,did:plc:ar7c4by46qjdydhdevvrndac,needs-review,,did:plc:65b3kbil47einb4qjb232cot,2026-02-25T01:35:05.632Z
faa01bef85864658afe229b8f986966e,2026-03-01T00:00:00Z,2026-03-01T00:19:13Z,auth,auth_enUS_labelerexp,at://did:plc:65b3kbil47einb4qjb232cot/app.bsky.feed.post/3mfpyulougs2f,bafyreibkcnjnt2odkp6epizrq4ibwodsvfjnkwgb64oaefpfksdbw4wyoy,did:plc:ar7c4by46qjdydhdevvrndac,needs-review,,did:plc:65b3kbil47einb4qjb232cot,2026-02-25T01:35:05.632Z
faa01bef85864658afe229b8f986966e,2026-03-01T00:00:00Z,2026-03-01T00:19:13Z,auth,auth_enUS_labelerexp,at://did:plc:65b3kbil47einb4qjb232cot/app.bsky.feed.post/3mfpyu3amls2f,bafyreieeksd3l5jlfu477rdp7vacnh7shpksclykz7rnwwql6uunccr5oy,did:plc:ar7c4by46qjdydhdevvrndac,needs-review,,did:plc:65b3kbil47einb4qjb232cot,2026-02-25T01:35:05.632Z
faa01bef85864658afe229b8f986966e,2026-03-01T00:00:00Z,2026-03-01T00:19:13Z,auth,auth_enUS_labelerexp,at://did:plc:65b3kbil47einb4qjb232cot/app.bsky.feed.post/3mfpytii4rk2f,bafyreieffwua5dk6tkltgqdnj4x6lk2xvqmrlhjihg6cu4b3ghtjccnoeq,did:plc:ar7c4by46qjdydhdevvrndac,needs-review,,did:plc:65b3kbil47einb4qjb232cot,2026-02-25T01:35:05.632Z
faa01bef85864658afe229b8f986966e,2026-03-01T00:00:00Z,2026-03-01T00:19:13Z,auth,auth_enUS_labelerexp,at://did:plc:65b3kbil47einb4qjb232cot/app.bsky.feed.post/3mfnk4dw44s2v,bafyreia7mt3lewu6w4ocxxbgiua6caeh6jsmcgyokmud7xiddvghf62dmy,did:plc:ar7c4by46qjdydhdevvrndac,needs-review,,did:plc:65b3kbil47einb4qjb232cot,2026-02-25T01:35:05.632Z
faa01bef85864658afe229b8f986966e,2026-03-01T00:00:00Z,2026-03-01T00:19:13Z,auth,auth_enUS_labelerexp,at://did:plc:65b3kbil47einb4qjb232cot/app.bsky.feed.post/3mfnk3xqv2c2v,bafyreiex4lnbihfzusbmguxbzmhsm2azfix2faaetvnkpbp6h35oratloy,did:plc:ar7c4by46qjdydhdevvrndac,needs-review,,did:plc:65b3kbil47einb4qjb232cot,2026-02-25T01:35:05.632Z
faa01bef85864658afe229b8f986966e,2026-03-01T00:00:00Z,2026-03-01T00:19:13Z,auth,auth_enUS_labelerexp,at://did:plc:65b3kbil47einb4qjb232cot/app.bsky.feed.post/3mfnk3my3ts2v,bafyreifhf4r2zafqmiigruqvyfamtj5orqojigo5cfj6t7vs3zsolmcwym,did:plc:ar7c4by46qjdydhdevvrndac,needs-review,,did:plc:65b3kbil47einb4qjb232cot,2026-02-25T01:35:05.632Z
faa01bef85864658afe229b8f986966e,2026-03-01T00:00:00Z,2026-03-01T00:19:15Z,auth,auth_enUS_labelerexp,at://did:plc:kmtipdnvorhyhxxybae5k6dp/app.bsky.feed.post/3mfxaeolb7s2m,bafyreihas2czsw5ikbshb5z4ljk7cvdzxftc6h7pg5cdoxcpja7ckv34my,did:plc:uac6er53o2pvr5y2qmvaf7hw,abusive,,did:plc:kmtipdnvorhyhxxybae5k6dp,2025-09-29T13:19:28.109Z
faa01bef85864658afe229b8f986966e,2026-03-01T00:00:00Z,2026-03-01T00:19:15Z,auth,auth_enUS_labelerexp,at://did:plc:kmtipdnvorhyhxxybae5k6dp/app.bsky.feed.post/3mfxaeolb7s2m,bafyreihas2czsw5ikbshb5z4ljk7cvdzxftc6h7pg5cdoxcpja7ckv34my,did:plc:uac6er53o2pvr5y2qmvaf7hw,blocks,,did:plc:kmtipdnvorhyhxxybae5k6dp,2025-09-29T15:14:08.599Z
faa01bef85864658afe229b8f986966e,2026-03-01T00:00:00Z,2026-03-01T00:19:15Z,auth,auth_enUS_labelerexp,at://did:plc:kmtipdnvorhyhxxybae5k6dp/app.bsky.feed.post/3mfxaeolb7s2m,bafyreihas2czsw5ikbshb5z4ljk7cvdzxftc6h7pg5cdoxcpja7ckv34my,did:plc:uac6er53o2pvr5y2qmvaf7hw,disinfo,,did:plc:kmtipdnvorhyhxxybae5k6dp,2025-09-29T13:19:28.109Z
faa01bef85864658afe229b8f986966e,2026-03-01T00:00:00Z,2026-03-01T00:19:15Z,auth,auth_enUS_labelerexp,at://did:plc:kmtipdnvorhyhxxybae5k6dp/app.bsky.feed.post/3mfxaeolb7s2m,bafyreihas2czsw5ikbshb5z4ljk7cvdzxftc6h7pg5cdoxcpja7ckv34my,did:plc:kmtipdnvorhyhxxybae5k6dp,!no-unauthenticated,,at://did:plc:kmtipdnvorhyhxxybae5k6dp/app.bsky.actor.profile/self,2024-11-09T21:27:52.724Z
faa01bef85864658afe229b8f986966e,2026-03-01T00:00:00Z,2026-03-01T00:19:15Z,auth,auth_enUS_labelerexp,at://did:plc:kmtipdnvorhyhxxybae5k6dp/app.bsky.feed.post/3mfx62y7x4k2a,bafyreieuzdxrds7hsafu4n3o4dmk3c6xltyjv3lmuphw6l5t5dkaoqi7sm,did:plc:uac6er53o2pvr5y2qmvaf7hw,abusive,,did:plc:kmtipdnvorhyhxxybae5k6dp,2025-09-29T13:19:28.109Z
faa01bef85864658afe229b8f986966e,2026-03-01T00:00:00Z,2026-03-01T00:19:15Z,auth,auth_enUS_labelerexp,at://did:plc:kmtipdnvorhyhxxybae5k6dp/app.bsky.feed.post/3mfx62y7x4k2a,bafyreieuzdxrds7hsafu4n3o4dmk3c6xltyjv3lmuphw6l5t5dkaoqi7sm,did:plc:uac6er53o2pvr5y2qmvaf7hw,blocks,,did:plc:kmtipdnvorhyhxxybae5k6dp,2025-09-29T15:14:08.599Z
faa01bef85864658afe229b8f986966e,2026-03-01T00:00:00Z,2026-03-01T00:19:15Z,auth,auth_enUS_labelerexp,at://did:plc:kmtipdnvorhyhxxybae5k6dp/app.bsky.feed.post/3mfx62y7x4k2a,bafyreieuzdxrds7hsafu4n3o4dmk3c6xltyjv3lmuphw6l5t5dkaoqi7sm,did:plc:uac6er53o2pvr5y2qmvaf7hw,disinfo,,did:plc:kmtipdnvorhyhxxybae5k6dp,2025-09-29T13:19:28.109Z
faa01bef85864658afe229b8f986966e,2026-03-01T00:00:00Z,2026-03-01T00:19:15Z,auth,auth_enUS_labelerexp,at://did:plc:kmtipdnvorhyhxxybae5k6dp/app.bsky.feed.post/3mfx62y7x4k2a,bafyreieuzdxrds7hsafu4n3o4dmk3c6xltyjv3lmuphw6l5t5dkaoqi7sm,did:plc:kmtipdnvorhyhxxybae5k6dp,!no-unauthenticated,,at://did:plc:kmtipdnvorhyhxxybae5k6dp/app.bsky.actor.profile/self,2024-11-09T21:27:52.724Z
faa01bef85864658afe229b8f986966e,2026-03-01T00:00:00Z,2026-03-01T00:19:15Z,auth,auth_enUS_labelerexp,at://did:plc:kmtipdnvorhyhxxybae5k6dp/app.bsky.feed.post/3mfx5ytcyjk2a,bafyreie63iv2jmvqbhgtgjngqng72afmguylygfmuo7pb4nb4bqhsnpkiy,did:plc:uac6er53o2pvr5y2qmvaf7hw,abusive,,did:plc:kmtipdnvorhyhxxybae5k6dp,2025-09-29T13:19:28.109Z
faa01bef85864658afe229b8f986966e,2026-03-01T00:00:00Z,2026-03-01T00:19:15Z,auth,auth_enUS_labelerexp,at://did:plc:kmtipdnvorhyhxxybae5k6dp/app.bsky.feed.post/3mfx5ytcyjk2a,bafyreie63iv2jmvqbhgtgjngqng72afmguylygfmuo7pb4nb4bqhsnpkiy,did:plc:uac6er53o2pvr5y2qmvaf7hw,blocks,,did:plc:kmtipdnvorhyhxxybae5k6dp,2025-09-29T15:14:08.599Z
faa01bef85864658afe229b8f986966e,2026-03-01T00:00:00Z,2026-03-01T00:19:15Z,auth,auth_enUS_labelerexp,at://did:plc:kmtipdnvorhyhxxybae5k6dp/app.bsky.feed.post/3mfx5ytcyjk2a,bafyreie63iv2jmvqbhgtgjngqng72afmguylygfmuo7pb4nb4bqhsnpkiy,did:plc:uac6er53o2pvr5y2qmvaf7hw,disinfo,,did:plc:kmtipdnvorhyhxxybae5k6dp,2025-09-29T13:19:28.109Z
faa01bef85864658afe229b8f986966e,2026-03-01T00:00:00Z,2026-03-01T00:19:15Z,auth,auth_enUS_labelerexp,at://did:plc:kmtipdnvorhyhxxybae5k6dp/app.bsky.feed.post/3mfx5ytcyjk2a,bafyreie63iv2jmvqbhgtgjngqng72afmguylygfmuo7pb4nb4bqhsnpkiy,did:plc:kmtipdnvorhyhxxybae5k6dp,!no-unauthenticated,,at://did:plc:kmtipdnvorhyhxxybae5k6dp/app.bsky.actor.profile/self,2024-11-09T21:27:52.724Z
faa01bef85864658afe229b8f986966e,2026-03-01T00:00:00Z,2026-03-01T00:19:15Z,auth,auth_enUS_labelerexp,at://did:plc:mkbtimara5yrxs5a47qw6hvd/app.bsky.feed.post/3mfwzzse25s2p,bafyreihzjxvkcvmj35aqnopbhwbmxs2ps7riyqsxdsm6delkjvhvie4dxi,did:plc:mkbtimara5yrxs5a47qw6hvd,!no-unauthenticated,,at://did:plc:mkbtimara5yrxs5a47qw6hvd/app.bsky.actor.profile/self,1970-01-01T00:00:00.000Z
faa01bef85864658afe229b8f986966e,2026-03-01T00:00:00Z,2026-03-01T00:19:15Z,auth,auth_enUS_labelerexp,at://did:plc:kyvkxl7gsxor2oj3gjfnv4ns/app.bsky.feed.post/3mfwzqnqoa22m,bafyreigi3fch6orfkzpid2a2yncllhkw6gz2l3nlm2ge6an5i5l7yfqq5q,did:plc:uac6er53o2pvr5y2qmvaf7hw,telegram-link,,at://did:plc:kyvkxl7gsxor2oj3gjfnv4ns/app.bsky.actor.profile/self,2025-10-30T20:47:34.774Z
faa01bef85864658afe229b8f986966e,2026-03-01T00:00:00Z,2026-03-01T00:19:15Z,auth,auth_enUS_labelerexp,at://did:plc:kyvkxl7gsxor2oj3gjfnv4ns/app.bsky.feed.post/3mfwzqnqoa22m,bafyreigi3fch6orfkzpid2a2yncllhkw6gz2l3nlm2ge6an5i5l7yfqq5q,did:plc:uac6er53o2pvr5y2qmvaf7hw,meta-link,,at://did:plc:kyvkxl7gsxor2oj3gjfnv4ns/app.bsky.actor.profile/self,2026-01-25T22:02:27.534Z
faa01bef85864658afe229b8f986966e,2026-03-01T00:00:00Z,2026-03-01T00:19:15Z,auth,auth_enUS_labelerexp,at://did:plc:mkbtimara5yrxs5a47qw6hvd/app.bsky.feed.post/3mfwxb2augs2p,bafyreifk7eco2i6ly4ym2ogmu3cru2ulfxbrafngcjjqxm6xld3u3bpxgm,did:plc:mkbtimara5yrxs5a47qw6hvd,!no-unauthenticated,,at://did:plc:mkbtimara5yrxs5a47qw6hvd/app.bsky.actor.profile/self,1970-01-01T00:00:00.000Z
faa01bef85864658afe229b8f986966e,2026-03-01T00:00:00Z,2026-03-01T00:19:15Z,auth,auth_enUS_labelerexp,at://did:plc:kmtipdnvorhyhxxybae5k6dp/app.bsky.feed.post/3mfwvm3ywbs2d,bafyreifzba3ukqzfiiab52agxd2nyv36jopa7bmldkad3juhjdyb2nafui,did:plc:uac6er53o2pvr5y2qmvaf7hw,abusive,,did:plc:kmtipdnvorhyhxxybae5k6dp,2025-09-29T13:19:28.109Z
faa01bef85864658afe229b8f986966e,2026-03-01T00:00:00Z,2026-03-01T00:19:15Z,auth,auth_enUS_labelerexp,at://did:plc:kmtipdnvorhyhxxybae5k6dp/app.bsky.feed.post/3mfwvm3ywbs2d,bafyreifzba3ukqzfiiab52agxd2nyv36jopa7bmldkad3juhjdyb2nafui,did:plc:uac6er53o2pvr5y2qmvaf7hw,blocks,,did:plc:kmtipdnvorhyhxxybae5k6dp,2025-09-29T15:14:08.599Z
faa01bef85864658afe229b8f986966e,2026-03-01T00:00:00Z,2026-03-01T00:19:15Z,auth,auth_enUS_labelerexp,at://did:plc:kmtipdnvorhyhxxybae5k6dp/app.bsky.feed.post/3mfwvm3ywbs2d,bafyreifzba3ukqzfiiab52agxd2nyv36jopa7bmldkad3juhjdyb2nafui,did:plc:uac6er53o2pvr5y2qmvaf7hw,disinfo,,did:plc:kmtipdnvorhyhxxybae5k6dp,2025-09-29T13:19:28.109Z
faa01bef85864658afe229b8f986966e,2026-03-01T00:00:00Z,2026-03-01T00:19:15Z,auth,auth_enUS_labelerexp,at://did:plc:kmtipdnvorhyhxxybae5k6dp/app.bsky.feed.post/3mfwvm3ywbs2d,bafyreifzba3ukqzfiiab52agxd2nyv36jopa7bmldkad3juhjdyb2nafui,did:plc:kmtipdnvorhyhxxybae5k6dp,!no-unauthenticated,,at://did:plc:kmtipdnvorhyhxxybae5k6dp/app.bsky.actor.profile/self,2024-11-09T21:27:52.724Z
faa01bef85864658afe229b8f986966e,2026-03-01T00:00:00Z,2026-03-01T00:19:15Z,auth,auth_enUS_labelerexp,at://did:plc:kmtipdnvorhyhxxybae5k6dp/app.bsky.feed.post/3mfwvbhd4uc2d,bafyreihsx6h6hyt2msl2qogfu5hh6rhcsplsg5unaikb6ywo6oxykpmmwe,did:plc:uac6er53o2pvr5y2qmvaf7hw,abusive,,did:plc:kmtipdnvorhyhxxybae5k6dp,2025-09-29T13:19:28.109Z
faa01bef85864658afe229b8f986966e,2026-03-01T00:00:00Z,2026-03-01T00:19:15Z,auth,auth_enUS_labelerexp,at://did:plc:kmtipdnvorhyhxxybae5k6dp/app.bsky.feed.post/3mfwvbhd4uc2d,bafyreihsx6h6hyt2msl2qogfu5hh6rhcsplsg5unaikb6ywo6oxykpmmwe,did:plc:uac6er53o2pvr5y2qmvaf7hw,blocks,,did:plc:kmtipdnvorhyhxxybae5k6dp,2025-09-29T15:14:08.599Z
faa01bef85864658afe229b8f986966e,2026-03-01T00:00:00Z,2026-03-01T00:19:15Z,auth,auth_enUS_labelerexp,at://did:plc:kmtipdnvorhyhxxybae5k6dp/app.bsky.feed.post/3mfwvbhd4uc2d,bafyreihsx6h6hyt2msl2qogfu5hh6rhcsplsg5unaikb6ywo6oxykpmmwe,did:plc:uac6er53o2pvr5y2qmvaf7hw,disinfo,,did:plc:kmtipdnvorhyhxxybae5k6dp,2025-09-29T13:19:28.109Z
faa01bef85864658afe229b8f986966e,2026-03-01T00:00:00Z,2026-03-01T00:19:15Z,auth,auth_enUS_labelerexp,at://did:plc:kmtipdnvorhyhxxybae5k6dp/app.bsky.feed.post/3mfwvbhd4uc2d,bafyreihsx6h6hyt2msl2qogfu5hh6rhcsplsg5unaikb6ywo6oxykpmmwe,did:plc:kmtipdnvorhyhxxybae5k6dp,!no-unauthenticated,,at://did:plc:kmtipdnvorhyhxxybae5k6dp/app.bsky.actor.profile/self,2024-11-09T21:27:52.724Z
faa01bef85864658afe229b8f986966e,2026-03-01T00:00:00Z,2026-03-01T00:19:15Z,auth,auth_enUS_labelerexp,at://did:plc:kmtipdnvorhyhxxybae5k6dp/app.bsky.feed.post/3mfwtyddmis2d,bafyreiczx3a2sfqbge2rejzgy3fh6tkakjetq4gyvcgxg7la2innvfiady,did:plc:uac6er53o2pvr5y2qmvaf7hw,abusive,,did:plc:kmtipdnvorhyhxxybae5k6dp,2025-09-29T13:19:28.109Z
faa01bef85864658afe229b8f986966e,2026-03-01T00:00:00Z,2026-03-01T00:19:15Z,auth,auth_enUS_labelerexp,at://did:plc:kmtipdnvorhyhxxybae5k6dp/app.bsky.feed.post/3mfwtyddmis2d,bafyreiczx3a2sfqbge2rejzgy3fh6tkakjetq4gyvcgxg7la2innvfiady,did:plc:uac6er53o2pvr5y2qmvaf7hw,blocks,,did:plc:kmtipdnvorhyhxxybae5k6dp,2025-09-29T15:14:08.599Z
faa01bef85864658afe229b8f986966e,2026-03-01T00:00:00Z,2026-03-01T00:19:15Z,auth,auth_enUS_labelerexp,at://did:plc:kmtipdnvorhyhxxybae5k6dp/app.bsky.feed.post/3mfwtyddmis2d,bafyreiczx3a2sfqbge2rejzgy3fh6tkakjetq4gyvcgxg7la2innvfiady,did:plc:uac6er53o2pvr5y2qmvaf7hw,disinfo,,did:plc:kmtipdnvorhyhxxybae5k6dp,2025-09-29T13:19:28.109Z
faa01bef85864658afe229b8f986966e,2026-03-01T00:00:00Z,2026-03-01T00:19:15Z,auth,auth_enUS_labelerexp,at://did:plc:kmtipdnvorhyhxxybae5k6dp/app.bsky.feed.post/3mfwtyddmis2d,bafyreiczx3a2sfqbge2rejzgy3fh6tkakjetq4gyvcgxg7la2innvfiady,did:plc:kmtipdnvorhyhxxybae5k6dp,!no-unauthenticated,,at://did:plc:kmtipdnvorhyhxxybae5k6dp/app.bsky.actor.profile/self,2024-11-09T21:27:52.724Z
faa01bef85864658afe229b8f986966e,2026-03-01T00:00:00Z,2026-03-01T00:19:15Z,auth,auth_enUS_labelerexp,at://did:plc:mkbtimara5yrxs5a47qw6hvd/app.bsky.feed.post/3mfwthb6rpk25,bafyreiaecqe5uvim6pagncvsi5om4gekrr5w7aqeklqhrozqk5xgsapr4m,did:plc:mkbtimara5yrxs5a47qw6hvd,!no-unauthenticated,,at://did:plc:mkbtimara5yrxs5a47qw6hvd/app.bsky.actor.profile/self,1970-01-01T00:00:00.000Z
faa01bef85864658afe229b8f986966e,2026-03-01T00:00:00Z,2026-03-01T00:19:15Z,auth,auth_enUS_labelerexp,at://did:plc:kmtipdnvorhyhxxybae5k6dp/app.bsky.feed.post/3mfwtdmxea22d,bafyreihd6l763qyw5b6ht4fxpyevxdw25pirjo4qefn7uwrix3h2w4rism,did:plc:uac6er53o2pvr5y2qmvaf7hw,abusive,,did:plc:kmtipdnvorhyhxxybae5k6dp,2025-09-29T13:19:28.109Z
faa01bef85864658afe229b8f986966e,2026-03-01T00:00:00Z,2026-03-01T00:19:15Z,auth,auth_enUS_labelerexp,at://did:plc:kmtipdnvorhyhxxybae5k6dp/app.bsky.feed.post/3mfwtdmxea22d,bafyreihd6l763qyw5b6ht4fxpyevxdw25pirjo4qefn7uwrix3h2w4rism,did:plc:uac6er53o2pvr5y2qmvaf7hw,blocks,,did:plc:kmtipdnvorhyhxxybae5k6dp,2025-09-29T15:14:08.599Z
faa01bef85864658afe229b8f986966e,2026-03-01T00:00:00Z,2026-03-01T00:19:15Z,auth,auth_enUS_labelerexp,at://did:plc:kmtipdnvorhyhxxybae5k6dp/app.bsky.feed.post/3mfwtdmxea22d,bafyreihd6l763qyw5b6ht4fxpyevxdw25pirjo4qefn7uwrix3h2w4rism,did:plc:uac6er53o2pvr5y2qmvaf7hw,disinfo,,did:plc:kmtipdnvorhyhxxybae5k6dp,2025-09-29T13:19:28.109Z
faa01bef85864658afe229b8f986966e,2026-03-01T00:00:00Z,2026-03-01T00:19:15Z,auth,auth_enUS_labelerexp,at://did:plc:kmtipdnvorhyhxxybae5k6dp/app.bsky.feed.post/3mfwtdmxea22d,bafyreihd6l763qyw5b6ht4fxpyevxdw25pirjo4qefn7uwrix3h2w4rism,did:plc:kmtipdnvorhyhxxybae5k6dp,!no-unauthenticated,,at://did:plc:kmtipdnvorhyhxxybae5k6dp/app.bsky.actor.profile/self,2024-11-09T21:27:52.724Z
faa01bef85864658afe229b8f986966e,2026-03-01T00:00:00Z,2026-03-01T00:19:15Z,auth,auth_enUS_labelerexp,at://did:plc:kmtipdnvorhyhxxybae5k6dp/app.bsky.feed.post/3mfwtctj6jc2d,bafyreicjbbwu5lr7exuoty276dnv7ge5cmhgbuj6ed46joojnmme6ext6e,did:plc:uac6er53o2pvr5y2qmvaf7hw,abusive,,did:plc:kmtipdnvorhyhxxybae5k6dp,2025-09-29T13:19:28.109Z
faa01bef85864658afe229b8f986966e,2026-03-01T00:00:00Z,2026-03-01T00:19:15Z,auth,auth_enUS_labelerexp,at://did:plc:kmtipdnvorhyhxxybae5k6dp/app.bsky.feed.post/3mfwtctj6jc2d,bafyreicjbbwu5lr7exuoty276dnv7ge5cmhgbuj6ed46joojnmme6ext6e,did:plc:uac6er53o2pvr5y2qmvaf7hw,blocks,,did:plc:kmtipdnvorhyhxxybae5k6dp,2025-09-29T15:14:08.599Z
faa01bef85864658afe229b8f986966e,2026-03-01T00:00:00Z,2026-03-01T00:19:15Z,auth,auth_enUS_labelerexp,at://did:plc:kmtipdnvorhyhxxybae5k6dp/app.bsky.feed.post/3mfwtctj6jc2d,bafyreicjbbwu5lr7exuoty276dnv7ge5cmhgbuj6ed46joojnmme6ext6e,did:plc:uac6er53o2pvr5y2qmvaf7hw,disinfo,,did:plc:kmtipdnvorhyhxxybae5k6dp,2025-09-29T13:19:28.109Z
faa01bef85864658afe229b8f986966e,2026-03-01T00:00:00Z,2026-03-01T00:19:15Z,auth,auth_enUS_labelerexp,at://did:plc:kmtipdnvorhyhxxybae5k6dp/app.bsky.feed.post/3mfwtctj6jc2d,bafyreicjbbwu5lr7exuoty276dnv7ge5cmhgbuj6ed46joojnmme6ext6e,did:plc:kmtipdnvorhyhxxybae5k6dp,!no-unauthenticated,,at://did:plc:kmtipdnvorhyhxxybae5k6dp/app.bsky.actor.profile/self,2024-11-09T21:27:52.724Z
faa01bef85864658afe229b8f986966e,2026-03-01T00:00:00Z,2026-03-01T00:19:15Z,auth,auth_enUS_labelerexp,at://did:plc:kmtipdnvorhyhxxybae5k6dp/app.bsky.feed.post/3mfwrpdb2yk2n,bafyreihfnylyhhkiasvgudy2j57eutrnzpfk2qcj2qmcldq4u2h67sxqsq,did:plc:uac6er53o2pvr5y2qmvaf7hw,abusive,,did:plc:kmtipdnvorhyhxxybae5k6dp,2025-09-29T13:19:28.109Z
faa01bef85864658afe229b8f986966e,2026-03-01T00:00:00Z,2026-03-01T00:19:15Z,auth,auth_enUS_labelerexp,at://did:plc:kmtipdnvorhyhxxybae5k6dp/app.bsky.feed.post/3mfwrpdb2yk2n,bafyreihfnylyhhkiasvgudy2j57eutrnzpfk2qcj2qmcldq4u2h67sxqsq,did:plc:uac6er53o2pvr5y2qmvaf7hw,blocks,,did:plc:kmtipdnvorhyhxxybae5k6dp,2025-09-29T15:14:08.599Z
faa01bef85864658afe229b8f986966e,2026-03-01T00:00:00Z,2026-03-01T00:19:15Z,auth,auth_enUS_labelerexp,at://did:plc:kmtipdnvorhyhxxybae5k6dp/app.bsky.feed.post/3mfwrpdb2yk2n,bafyreihfnylyhhkiasvgudy2j57eutrnzpfk2qcj2qmcldq4u2h67sxqsq,did:plc:uac6er53o2pvr5y2qmvaf7hw,disinfo,,did:plc:kmtipdnvorhyhxxybae5k6dp,2025-09-29T13:19:28.109Z
faa01bef85864658afe229b8f986966e,2026-03-01T00:00:00Z,2026-03-01T00:19:15Z,auth,auth_enUS_labelerexp,at://did:plc:kmtipdnvorhyhxxybae5k6dp/app.bsky.feed.post/3mfwrpdb2yk2n,bafyreihfnylyhhkiasvgudy2j57eutrnzpfk2qcj2qmcldq4u2h67sxqsq,did:plc:kmtipdnvorhyhxxybae5k6dp,!no-unauthenticated,,at://did:plc:kmtipdnvorhyhxxybae5k6dp/app.bsky.actor.profile/self,2024-11-09T21:27:52.724Z
faa01bef85864658afe229b8f986966e,2026-03-01T00:00:00Z,2026-03-01T00:19:15Z,auth,auth_enUS_labelerexp,at://did:plc:kyvkxl7gsxor2oj3gjfnv4ns/app.bsky.feed.post/3mfwpmxhsas2v,bafyreid2wi6rnxvvyipqjllskpkr34jq55og4tvp4kvk53kthsjlpcto4q,did:plc:uac6er53o2pvr5y2qmvaf7hw,telegram-link,,at://did:plc:kyvkxl7gsxor2oj3gjfnv4ns/app.bsky.actor.profile/self,2025-10-30T20:47:34.774Z
faa01bef85864658afe229b8f986966e,2026-03-01T00:00:00Z,2026-03-01T00:19:15Z,auth,auth_enUS_labelerexp,at://did:plc:kyvkxl7gsxor2oj3gjfnv4ns/app.bsky.feed.post/3mfwpmxhsas2v,bafyreid2wi6rnxvvyipqjllskpkr34jq55og4tvp4kvk53kthsjlpcto4q,did:plc:uac6er53o2pvr5y2qmvaf7hw,meta-link,,at://did:plc:kyvkxl7gsxor2oj3gjfnv4ns/app.bsky.actor.profile/self,2026-01-25T22:02:27.534Z
faa01bef85864658afe229b8f986966e,2026-03-01T00:00:00Z,2026-03-01T00:19:15Z,auth,auth_enUS_labelerexp,at://did:plc:kmtipdnvorhyhxxybae5k6dp/app.bsky.feed.post/3mfwlbtirts2o,bafyreicd5aiiicg7t5eoasekhbncggneigitfxlf62efe4lyzkx4xgnqm4,did:plc:uac6er53o2pvr5y2qmvaf7hw,abusive,,did:plc:kmtipdnvorhyhxxybae5k6dp,2025-09-29T13:19:28.109Z
faa01bef85864658afe229b8f986966e,2026-03-01T00:00:00Z,2026-03-01T00:19:15Z,auth,auth_enUS_labelerexp,at://did:plc:kmtipdnvorhyhxxybae5k6dp/app.bsky.feed.post/3mfwlbtirts2o,bafyreicd5aiiicg7t5eoasekhbncggneigitfxlf62efe4lyzkx4xgnqm4,did:plc:uac6er53o2pvr5y2qmvaf7hw,blocks,,did:plc:kmtipdnvorhyhxxybae5k6dp,2025-09-29T15:14:08.599Z
faa01bef85864658afe229b8f986966e,2026-03-01T00:00:00Z,2026-03-01T00:19:15Z,auth,auth_enUS_labelerexp,at://did:plc:kmtipdnvorhyhxxybae5k6dp/app.bsky.feed.post/3mfwlbtirts2o,bafyreicd5aiiicg7t5eoasekhbncggneigitfxlf62efe4lyzkx4xgnqm4,did:plc:uac6er53o2pvr5y2qmvaf7hw,disinfo,,did:plc:kmtipdnvorhyhxxybae5k6dp,2025-09-29T13:19:28.109Z
faa01bef85864658afe229b8f986966e,2026-03-01T00:00:00Z,2026-03-01T00:19:15Z,auth,auth_enUS_labelerexp,at://did:plc:kmtipdnvorhyhxxybae5k6dp/app.bsky.feed.post/3mfwlbtirts2o,bafyreicd5aiiicg7t5eoasekhbncggneigitfxlf62efe4lyzkx4xgnqm4,did:plc:kmtipdnvorhyhxxybae5k6dp,!no-unauthenticated,,at://did:plc:kmtipdnvorhyhxxybae5k6dp/app.bsky.actor.profile/self,2024-11-09T21:27:52.724Z
faa01bef85864658afe229b8f986966e,2026-03-01T00:00:00Z,2026-03-01T00:19:15Z,auth,auth_enUS_labelerexp,at://did:plc:kmtipdnvorhyhxxybae5k6dp/app.bsky.feed.post/3mfwkeqblms2o,bafyreidxoplsmdp6pxahzt3wbcvaxehqnhvypdpmovcdaueloox7i5m37u,did:plc:uac6er53o2pvr5y2qmvaf7hw,abusive,,did:plc:kmtipdnvorhyhxxybae5k6dp,2025-09-29T13:19:28.109Z
faa01bef85864658afe229b8f986966e,2026-03-01T00:00:00Z,2026-03-01T00:19:15Z,auth,auth_enUS_labelerexp,at://did:plc:kmtipdnvorhyhxxybae5k6dp/app.bsky.feed.post/3mfwkeqblms2o,bafyreidxoplsmdp6pxahzt3wbcvaxehqnhvypdpmovcdaueloox7i5m37u,did:plc:uac6er53o2pvr5y2qmvaf7hw,blocks,,did:plc:kmtipdnvorhyhxxybae5k6dp,2025-09-29T15:14:08.599Z
faa01bef85864658afe229b8f986966e,2026-03-01T00:00:00Z,2026-03-01T00:19:15Z,auth,auth_enUS_labelerexp,at://did:plc:kmtipdnvorhyhxxybae5k6dp/app.bsky.feed.post/3mfwkeqblms2o,bafyreidxoplsmdp6pxahzt3wbcvaxehqnhvypdpmovcdaueloox7i5m37u,did:plc:uac6er53o2pvr5y2qmvaf7hw,disinfo,,did:plc:kmtipdnvorhyhxxybae5k6dp,2025-09-29T13:19:28.109Z
faa01bef85864658afe229b8f986966e,2026-03-01T00:00:00Z,2026-03-01T00:19:15Z,auth,auth_enUS_labelerexp,at://did:plc:kmtipdnvorhyhxxybae5k6dp/app.bsky.feed.post/3mfwkeqblms2o,bafyreidxoplsmdp6pxahzt3wbcvaxehqnhvypdpmovcdaueloox7i5m37u,did:plc:kmtipdnvorhyhxxybae5k6dp,!no-unauthenticated,,at://did:plc:kmtipdnvorhyhxxybae5k6dp/app.bsky.actor.profile/self,2024-11-09T21:27:52.724Z
faa01bef85864658afe229b8f986966e,2026-03-01T00:00:00Z,2026-03-01T00:19:15Z,auth,auth_enUS_labelerexp,at://did:plc:kmtipdnvorhyhxxybae5k6dp/app.bsky.feed.post/3mfwk3hqztk2o,bafyreie2wkznl3aoyjt6xzn4hauanlcidewik5fpf7f5zke4yxbmpinan4,did:plc:uac6er53o2pvr5y2qmvaf7hw,abusive,,did:plc:kmtipdnvorhyhxxybae5k6dp,2025-09-29T13:19:28.109Z
faa01bef85864658afe229b8f986966e,2026-03-01T00:00:00Z,2026-03-01T00:19:15Z,auth,auth_enUS_labelerexp,at://did:plc:kmtipdnvorhyhxxybae5k6dp/app.bsky.feed.post/3mfwk3hqztk2o,bafyreie2wkznl3aoyjt6xzn4hauanlcidewik5fpf7f5zke4yxbmpinan4,did:plc:uac6er53o2pvr5y2qmvaf7hw,blocks,,did:plc:kmtipdnvorhyhxxybae5k6dp,2025-09-29T15:14:08.599Z
faa01bef85864658afe229b8f986966e,2026-03-01T00:00:00Z,2026-03-01T00:19:15Z,auth,auth_enUS_labelerexp,at://did:plc:kmtipdnvorhyhxxybae5k6dp/app.bsky.feed.post/3mfwk3hqztk2o,bafyreie2wkznl3aoyjt6xzn4hauanlcidewik5fpf7f5zke4yxbmpinan4,did:plc:uac6er53o2pvr5y2qmvaf7hw,disinfo,,did:plc:kmtipdnvorhyhxxybae5k6dp,2025-09-29T13:19:28.109Z
faa01bef85864658afe229b8f986966e,2026-03-01T00:00:00Z,2026-03-01T00:19:15Z,auth,auth_enUS_labelerexp,at://did:plc:kmtipdnvorhyhxxybae5k6dp/app.bsky.feed.post/3mfwk3hqztk2o,bafyreie2wkznl3aoyjt6xzn4hauanlcidewik5fpf7f5zke4yxbmpinan4,did:plc:kmtipdnvorhyhxxybae5k6dp,!no-unauthenticated,,at://did:plc:kmtipdnvorhyhxxybae5k6dp/app.bsky.actor.profile/self,2024-11-09T21:27:52.724Z
faa01bef85864658afe229b8f986966e,2026-03-01T00:00:00Z,2026-03-01T00:19:15Z,auth,auth_enUS_labelerexp,at://did:plc:kmtipdnvorhyhxxybae5k6dp/app.bsky.feed.post/3mfwjjgs2fs2o,bafyreie3h577i65hvber45t7mzeq6oqpcbjzvo5izv5s22xkkqdqfqae2m,did:plc:uac6er53o2pvr5y2qmvaf7hw,abusive,,did:plc:kmtipdnvorhyhxxybae5k6dp,2025-09-29T13:19:28.109Z
faa01bef85864658afe229b8f986966e,2026-03-01T00:00:00Z,2026-03-01T00:19:15Z,auth,auth_enUS_labelerexp,at://did:plc:kmtipdnvorhyhxxybae5k6dp/app.bsky.feed.post/3mfwjjgs2fs2o,bafyreie3h577i65hvber45t7mzeq6oqpcbjzvo5izv5s22xkkqdqfqae2m,did:plc:uac6er53o2pvr5y2qmvaf7hw,blocks,,did:plc:kmtipdnvorhyhxxybae5k6dp,2025-09-29T15:14:08.599Z
faa01bef85864658afe229b8f986966e,2026-03-01T00:00:00Z,2026-03-01T00:19:15Z,auth,auth_enUS_labelerexp,at://did:plc:kmtipdnvorhyhxxybae5k6dp/app.bsky.feed.post/3mfwjjgs2fs2o,bafyreie3h577i65hvber45t7mzeq6oqpcbjzvo5izv5s22xkkqdqfqae2m,did:plc:uac6er53o2pvr5y2qmvaf7hw,disinfo,,did:plc:kmtipdnvorhyhxxybae5k6dp,2025-09-29T13:19:28.109Z
faa01bef85864658afe229b8f986966e,2026-03-01T00:00:00Z,2026-03-01T00:19:15Z,auth,auth_enUS_labelerexp,at://did:plc:kmtipdnvorhyhxxybae5k6dp/app.bsky.feed.post/3mfwjjgs2fs2o,bafyreie3h577i65hvber45t7mzeq6oqpcbjzvo5izv5s22xkkqdqfqae2m,did:plc:kmtipdnvorhyhxxybae5k6dp,!no-unauthenticated,,at://did:plc:kmtipdnvorhyhxxybae5k6dp/app.bsky.actor.profile/self,2024-11-09T21:27:52.724Z
faa01bef85864658afe229b8f986966e,2026-03-01T00:00:00Z,2026-03-01T00:19:15Z,auth,auth_enUS_labelerexp,at://did:plc:kmtipdnvorhyhxxybae5k6dp/app.bsky.feed.post/3mfwjira4bs2o,bafyreifof7efcwaaq7uvkpxzp4ypzlnhcmkjfsgvuzah52b4g7fafob5iy,did:plc:uac6er53o2pvr5y2qmvaf7hw,abusive,,did:plc:kmtipdnvorhyhxxybae5k6dp,2025-09-29T13:19:28.109Z
faa01bef85864658afe229b8f986966e,2026-03-01T00:00:00Z,2026-03-01T00:19:15Z,auth,auth_enUS_labelerexp,at://did:plc:kmtipdnvorhyhxxybae5k6dp/app.bsky.feed.post/3mfwjira4bs2o,bafyreifof7efcwaaq7uvkpxzp4ypzlnhcmkjfsgvuzah52b4g7fafob5iy,did:plc:uac6er53o2pvr5y2qmvaf7hw,blocks,,did:plc:kmtipdnvorhyhxxybae5k6dp,2025-09-29T15:14:08.599Z
faa01bef85864658afe229b8f986966e,2026-03-01T00:00:00Z,2026-03-01T00:19:15Z,auth,auth_enUS_labelerexp,at://did:plc:kmtipdnvorhyhxxybae5k6dp/app.bsky.feed.post/3mfwjira4bs2o,bafyreifof7efcwaaq7uvkpxzp4ypzlnhcmkjfsgvuzah52b4g7fafob5iy,did:plc:uac6er53o2pvr5y2qmvaf7hw,disinfo,,did:plc:kmtipdnvorhyhxxybae5k6dp,2025-09-29T13:19:28.109Z
faa01bef85864658afe229b8f986966e,2026-03-01T00:00:00Z,2026-03-01T00:19:15Z,auth,auth_enUS_labelerexp,at://did:plc:kmtipdnvorhyhxxybae5k6dp/app.bsky.feed.post/3mfwjira4bs2o,bafyreifof7efcwaaq7uvkpxzp4ypzlnhcmkjfsgvuzah52b4g7fafob5iy,did:plc:kmtipdnvorhyhxxybae5k6dp,!no-unauthenticated,,at://did:plc:kmtipdnvorhyhxxybae5k6dp/app.bsky.actor.profile/self,2024-11-09T21:27:52.724Z
faa01bef85864658afe229b8f986966e,2026-03-01T00:00:00Z,2026-03-01T00:19:15Z,auth,auth_enUS_labelerexp,at://did:plc:hszyy42ce33nwqx3apoh3k2v/app.bsky.feed.post/3mfwaujxuuk2z,bafyreih2k7sr76igjv5od4k4hdyt2oa24aal4ajaanx2ru2scgawv3xhuy,did:plc:uac6er53o2pvr5y2qmvaf7hw,telegram-link,,at://did:plc:hszyy42ce33nwqx3apoh3k2v/app.bsky.actor.profile/self,2025-04-30T03:57:53.378Z
faa01bef85864658afe229b8f986966e,2026-03-01T00:00:00Z,2026-03-01T00:19:15Z,auth,auth_enUS_labelerexp,at://did:plc:kmtipdnvorhyhxxybae5k6dp/app.bsky.feed.post/3mfvyp4n4es2c,bafyreihk7akdx3ymciynvx3htopyydzedfc35qciixg6yczx32epq7hqym,did:plc:uac6er53o2pvr5y2qmvaf7hw,abusive,,did:plc:kmtipdnvorhyhxxybae5k6dp,2025-09-29T13:19:28.109Z
faa01bef85864658afe229b8f986966e,2026-03-01T00:00:00Z,2026-03-01T00:19:15Z,auth,auth_enUS_labelerexp,at://did:plc:kmtipdnvorhyhxxybae5k6dp/app.bsky.feed.post/3mfvyp4n4es2c,bafyreihk7akdx3ymciynvx3htopyydzedfc35qciixg6yczx32epq7hqym,did:plc:uac6er53o2pvr5y2qmvaf7hw,blocks,,did:plc:kmtipdnvorhyhxxybae5k6dp,2025-09-29T15:14:08.599Z
faa01bef85864658afe229b8f986966e,2026-03-01T00:00:00Z,2026-03-01T00:19:15Z,auth,auth_enUS_labelerexp,at://did:plc:kmtipdnvorhyhxxybae5k6dp/app.bsky.feed.post/3mfvyp4n4es2c,bafyreihk7akdx3ymciynvx3htopyydzedfc35qciixg6yczx32epq7hqym,did:plc:uac6er53o2pvr5y2qmvaf7hw,disinfo,,did:plc:kmtipdnvorhyhxxybae5k6dp,2025-09-29T13:19:28.109Z
faa01bef85864658afe229b8f986966e,2026-03-01T00:00:00Z,2026-03-01T00:19:15Z,auth,auth_enUS_labelerexp,at://did:plc:kmtipdnvorhyhxxybae5k6dp/app.bsky.feed.post/3mfvyp4n4es2c,bafyreihk7akdx3ymciynvx3htopyydzedfc35qciixg6yczx32epq7hqym,did:plc:kmtipdnvorhyhxxybae5k6dp,!no-unauthenticated,,at://did:plc:kmtipdnvorhyhxxybae5k6dp/app.bsky.actor.profile/self,2024-11-09T21:27:52.724Z
faa01bef85864658afe229b8f986966e,2026-03-01T00:00:00Z,2026-03-01T00:19:15Z,auth,auth_enUS_labelerexp,at://did:plc:kmtipdnvorhyhxxybae5k6dp/app.bsky.feed.post/3mfvyfclqcc2c,bafyreif7yoorsmikg6hdc4fdb264qtilspghpew4r2n5row77tzrxgzfiu,did:plc:uac6er53o2pvr5y2qmvaf7hw,abusive,,did:plc:kmtipdnvorhyhxxybae5k6dp,2025-09-29T13:19:28.109Z
faa01bef85864658afe229b8f986966e,2026-03-01T00:00:00Z,2026-03-01T00:19:15Z,auth,auth_enUS_labelerexp,at://did:plc:kmtipdnvorhyhxxybae5k6dp/app.bsky.feed.post/3mfvyfclqcc2c,bafyreif7yoorsmikg6hdc4fdb264qtilspghpew4r2n5row77tzrxgzfiu,did:plc:uac6er53o2pvr5y2qmvaf7hw,blocks,,did:plc:kmtipdnvorhyhxxybae5k6dp,2025-09-29T15:14:08.599Z
faa01bef85864658afe229b8f986966e,2026-03-01T00:00:00Z,2026-03-01T00:19:15Z,auth,auth_enUS_labelerexp,at://did:plc:kmtipdnvorhyhxxybae5k6dp/app.bsky.feed.post/3mfvyfclqcc2c,bafyreif7yoorsmikg6hdc4fdb264qtilspghpew4r2n5row77tzrxgzfiu,did:plc:uac6er53o2pvr5y2qmvaf7hw,disinfo,,did:plc:kmtipdnvorhyhxxybae5k6dp,2025-09-29T13:19:28.109Z
faa01bef85864658afe229b8f986966e,2026-03-01T00:00:00Z,2026-03-01T00:19:15Z,auth,auth_enUS_labelerexp,at://did:plc:kmtipdnvorhyhxxybae5k6dp/app.bsky.feed.post/3mfvyfclqcc2c,bafyreif7yoorsmikg6hdc4fdb264qtilspghpew4r2n5row77tzrxgzfiu,did:plc:kmtipdnvorhyhxxybae5k6dp,!no-unauthenticated,,at://did:plc:kmtipdnvorhyhxxybae5k6dp/app.bsky.actor.profile/self,2024-11-09T21:27:52.724Z
faa01bef85864658afe229b8f986966e,2026-03-01T00:00:00Z,2026-03-01T00:19:15Z,auth,auth_enUS_labelerexp,at://did:plc:kmtipdnvorhyhxxybae5k6dp/app.bsky.feed.post/3mfvxxy7e6k2c,bafyreibtc32ugyw7sxbs5353cqxtjw62cqwnhpvlruwpvoladfanqgccva,did:plc:uac6er53o2pvr5y2qmvaf7hw,abusive,,did:plc:kmtipdnvorhyhxxybae5k6dp,2025-09-29T13:19:28.109Z
faa01bef85864658afe229b8f986966e,2026-03-01T00:00:00Z,2026-03-01T00:19:15Z,auth,auth_enUS_labelerexp,at://did:plc:kmtipdnvorhyhxxybae5k6dp/app.bsky.feed.post/3mfvxxy7e6k2c,bafyreibtc32ugyw7sxbs5353cqxtjw62cqwnhpvlruwpvoladfanqgccva,did:plc:uac6er53o2pvr5y2qmvaf7hw,blocks,,did:plc:kmtipdnvorhyhxxybae5k6dp,2025-09-29T15:14:08.599Z
faa01bef85864658afe229b8f986966e,2026-03-01T00:00:00Z,2026-03-01T00:19:15Z,auth,auth_enUS_labelerexp,at://did:plc:kmtipdnvorhyhxxybae5k6dp/app.bsky.feed.post/3mfvxxy7e6k2c,bafyreibtc32ugyw7sxbs5353cqxtjw62cqwnhpvlruwpvoladfanqgccva,did:plc:uac6er53o2pvr5y2qmvaf7hw,disinfo,,did:plc:kmtipdnvorhyhxxybae5k6dp,2025-09-29T13:19:28.109Z
faa01bef85864658afe229b8f986966e,2026-03-01T00:00:00Z,2026-03-01T00:19:15Z,auth,auth_enUS_labelerexp,at://did:plc:kmtipdnvorhyhxxybae5k6dp/app.bsky.feed.post/3mfvxxy7e6k2c,bafyreibtc32ugyw7sxbs5353cqxtjw62cqwnhpvlruwpvoladfanqgccva,did:plc:kmtipdnvorhyhxxybae5k6dp,!no-unauthenticated,,at://did:plc:kmtipdnvorhyhxxybae5k6dp/app.bsky.actor.profile/self,2024-11-09T21:27:52.724Z
faa01bef85864658afe229b8f986966e,2026-03-01T00:00:00Z,2026-03-01T00:19:15Z,auth,auth_enUS_labelerexp,at://did:plc:kmtipdnvorhyhxxybae5k6dp/app.bsky.feed.post/3mfvxuj6hsc2c,bafyreia76cqwk6vkkg75jk52vbfxszgbsp4m6nyz54nt7ywdlxitehtmlq,did:plc:uac6er53o2pvr5y2qmvaf7hw,abusive,,did:plc:kmtipdnvorhyhxxybae5k6dp,2025-09-29T13:19:28.109Z
faa01bef85864658afe229b8f986966e,2026-03-01T00:00:00Z,2026-03-01T00:19:15Z,auth,auth_enUS_labelerexp,at://did:plc:kmtipdnvorhyhxxybae5k6dp/app.bsky.feed.post/3mfvxuj6hsc2c,bafyreia76cqwk6vkkg75jk52vbfxszgbsp4m6nyz54nt7ywdlxitehtmlq,did:plc:uac6er53o2pvr5y2qmvaf7hw,blocks,,did:plc:kmtipdnvorhyhxxybae5k6dp,2025-09-29T15:14:08.599Z
faa01bef85864658afe229b8f986966e,2026-03-01T00:00:00Z,2026-03-01T00:19:15Z,auth,auth_enUS_labelerexp,at://did:plc:kmtipdnvorhyhxxybae5k6dp/app.bsky.feed.post/3mfvxuj6hsc2c,bafyreia76cqwk6vkkg75jk52vbfxszgbsp4m6nyz54nt7ywdlxitehtmlq,did:plc:uac6er53o2pvr5y2qmvaf7hw,disinfo,,did:plc:kmtipdnvorhyhxxybae5k6dp,2025-09-29T13:19:28.109Z
faa01bef85864658afe229b8f986966e,2026-03-01T00:00:00Z,2026-03-01T00:19:15Z,auth,auth_enUS_labelerexp,at://did:plc:kmtipdnvorhyhxxybae5k6dp/app.bsky.feed.post/3mfvxuj6hsc2c,bafyreia76cqwk6vkkg75jk52vbfxszgbsp4m6nyz54nt7ywdlxitehtmlq,did:plc:kmtipdnvorhyhxxybae5k6dp,!no-unauthenticated,,at://did:plc:kmtipdnvorhyhxxybae5k6dp/app.bsky.actor.profile/self,2024-11-09T21:27:52.724Z
faa01bef85864658afe229b8f986966e,2026-03-01T00:00:00Z,2026-03-01T00:19:15Z,auth,auth_enUS_labelerexp,at://did:plc:47u2uyclcumfzk5ofix5sehj/app.bsky.feed.post/3mfvwtskue222,bafyreic5eukbsz4qymlnwdysr4uoj6jw3umbvi2stsdjei4j2xyq7gn7du,did:plc:uac6er53o2pvr5y2qmvaf7hw,x-link,,at://did:plc:47u2uyclcumfzk5ofix5sehj/app.bsky.actor.profile/self,2025-06-18T11:46:08.399Z
faa01bef85864658afe229b8f986966e,2026-03-01T00:00:00Z,2026-03-01T00:19:15Z,auth,auth_enUS_labelerexp,at://did:plc:4g22pr2j72tnfyjaf6bdj2jh/app.bsky.feed.post/3mfvu473ves2n,bafyreifcp3wtvjsouc2kqbkakddtwwmwbiohfshvhsa37rla5efy2jiv7i,did:plc:uac6er53o2pvr5y2qmvaf7hw,meta-link,,at://did:plc:4g22pr2j72tnfyjaf6bdj2jh/app.bsky.actor.profile/self,2026-02-17T10:21:55.933Z
faa01bef85864658afe229b8f986966e,2026-03-01T00:00:00Z,2026-03-01T00:19:15Z,auth,auth_enUS_labelerexp,at://did:plc:kmtipdnvorhyhxxybae5k6dp/app.bsky.feed.post/3mfvt6o5kgc2f,bafyreiawfm2myntmhxrqjzblp2q3e6cy4d2c2grhvt5cqohpaiyfwwiyfa,did:plc:uac6er53o2pvr5y2qmvaf7hw,abusive,,did:plc:kmtipdnvorhyhxxybae5k6dp,2025-09-29T13:19:28.109Z
faa01bef85864658afe229b8f986966e,2026-03-01T00:00:00Z,2026-03-01T00:19:15Z,auth,auth_enUS_labelerexp,at://did:plc:kmtipdnvorhyhxxybae5k6dp/app.bsky.feed.post/3mfvt6o5kgc2f,bafyreiawfm2myntmhxrqjzblp2q3e6cy4d2c2grhvt5cqohpaiyfwwiyfa,did:plc:uac6er53o2pvr5y2qmvaf7hw,blocks,,did:plc:kmtipdnvorhyhxxybae5k6dp,2025-09-29T15:14:08.599Z
faa01bef85864658afe229b8f986966e,2026-03-01T00:00:00Z,2026-03-01T00:19:15Z,auth,auth_enUS_labelerexp,at://did:plc:kmtipdnvorhyhxxybae5k6dp/app.bsky.feed.post/3mfvt6o5kgc2f,bafyreiawfm2myntmhxrqjzblp2q3e6cy4d2c2grhvt5cqohpaiyfwwiyfa,did:plc:uac6er53o2pvr5y2qmvaf7hw,disinfo,,did:plc:kmtipdnvorhyhxxybae5k6dp,2025-09-29T13:19:28.109Z
faa01bef85864658afe229b8f986966e,2026-03-01T00:00:00Z,2026-03-01T00:19:15Z,auth,auth_enUS_labelerexp,at://did:plc:kmtipdnvorhyhxxybae5k6dp/app.bsky.feed.post/3mfvt6o5kgc2f,bafyreiawfm2myntmhxrqjzblp2q3e6cy4d2c2grhvt5cqohpaiyfwwiyfa,did:plc:kmtipdnvorhyhxxybae5k6dp,!no-unauthenticated,,at://did:plc:kmtipdnvorhyhxxybae5k6dp/app.bsky.actor.profile/self,2024-11-09T21:27:52.724Z
faa01bef85864658afe229b8f986966e,2026-03-01T00:00:00Z,2026-03-01T00:19:15Z,auth,auth_enUS_labelerexp,at://did:plc:vgt242ok7lfnrrbyy2yuhgpw/app.bsky.feed.post/3mfvqmit2rs2q,bafyreidr23ikuztdltqz5w27wqs6lodlofkbacykropp7zpfthpcpas7dm,did:plc:uac6er53o2pvr5y2qmvaf7hw,telegram-link,,at://did:plc:vgt242ok7lfnrrbyy2yuhgpw/app.bsky.actor.profile/self,2025-05-09T12:02:29.148Z
faa01bef85864658afe229b8f986966e,2026-03-01T00:00:00Z,2026-03-01T00:19:23Z,auth,auth_enUS_labelerexp,at://did:plc:w3sldsifm5pm4sojcqk2u4th/app.bsky.feed.post/3mfwroyxjze2z,bafyreibvr2ody7wxo2r4zf4wtcm3ndztllmxd7brebeyfcic6cji6n76vy,did:plc:ar7c4by46qjdydhdevvrndac,sexual,,at://did:plc:w3sldsifm5pm4sojcqk2u4th/app.bsky.feed.post/3mfwroyxjze2z,2026-02-28T17:45:08.104Z
faa01bef85864658afe229b8f986966e,2026-03-01T00:00:00Z,2026-03-01T00:19:23Z,auth,auth_enUS_labelerexp,at://did:plc:w3sldsifm5pm4sojcqk2u4th/app.bsky.feed.post/3mfwroyxjze2z,bafyreibvr2ody7wxo2r4zf4wtcm3ndztllmxd7brebeyfcic6cji6n76vy,did:plc:l624mewisyr6hymexmrjkprc,artistdesigner,,did:plc:w3sldsifm5pm4sojcqk2u4th,2024-11-19T06:46:14.893Z
faa01bef85864658afe229b8f986966e,2026-03-01T00:00:00Z,2026-03-01T00:19:23Z,auth,auth_enUS_labelerexp,at://did:plc:w3sldsifm5pm4sojcqk2u4th/app.bsky.feed.post/3mfwroyxjze2z,bafyreibvr2ody7wxo2r4zf4wtcm3ndztllmxd7brebeyfcic6cji6n76vy,did:plc:l624mewisyr6hymexmrjkprc,l-justvtuber,,did:plc:w3sldsifm5pm4sojcqk2u4th,2025-03-07T06:24:58.879Z
faa01bef85864658afe229b8f986966e,2026-03-01T00:00:00Z,2026-03-01T00:19:23Z,auth,auth_enUS_labelerexp,at://did:plc:vai4uc53ne7ajpw4q6ixujhs/app.bsky.feed.post/3mfwrxftdec2o,bafyreifnfwqqfidhpxtjvpu2g5si4cw3toj5i2m5bt6vfim4vfzliurdfm,did:plc:l624mewisyr6hymexmrjkprc,artistdesigner,,did:plc:vai4uc53ne7ajpw4q6ixujhs,2024-10-21T07:24:39.229Z
faa01bef85864658afe229b8f986966e,2026-03-01T00:00:00Z,2026-03-01T00:19:23Z,auth,auth_enUS_labelerexp,at://did:plc:yooc5ydo3h5cljedfqznnlfc/app.bsky.feed.post/3mfwqkhhgrs2p,bafyreihump75xjawhasd7pthrp7z4lst2k3e5bouq6kw7lvlhwdt27hiji,did:plc:uac6er53o2pvr5y2qmvaf7hw,telegram-link,,at://did:plc:yooc5ydo3h5cljedfqznnlfc/app.bsky.actor.profile/self,2025-10-24T00:33:53.880Z
faa01bef85864658afe229b8f986966e,2026-03-01T00:00:00Z,2026-03-01T00:19:23Z,auth,auth_enUS_labelerexp,at://did:plc:i2bu36ovwbdlzfelxuky7sl2/app.bsky.feed.post/3mfwvgchm5c2o,bafyreic7ar6x7bf46xef57ejuim7zv4ydstult7v3xbbgnqef4fk7ic6mm,did:plc:i2bu36ovwbdlzfelxuky7sl2,!no-unauthenticated,,at://did:plc:i2bu36ovwbdlzfelxuky7sl2/app.bsky.actor.profile/self,1970-01-01T00:00:00.000Z
faa01bef85864658afe229b8f986966e,2026-03-01T00:00:00Z,2026-03-01T00:19:23Z,auth,auth_enUS_labelerexp,at://did:plc:ru5zioxqfv6fctxyl45qqcj7/app.bsky.feed.post/3mfwy2xycfgme,bafyreihijabm77wimmgxeyage75l6ppg6uvzxooqlunmkh7xww3k5t4fmm,did:plc:ru5zioxqfv6fctxyl45qqcj7,!no-unauthenticated,,at://did:plc:ru5zioxqfv6fctxyl45qqcj7/app.bsky.actor.profile/self,1970-01-01T00:00:00.000Z
faa01bef85864658afe229b8f986966e,2026-03-01T00:00:00Z,2026-03-01T00:19:23Z,auth,auth_enUS_labelerexp,at://did:plc:lisufijnrz42yoqth2stevje/app.bsky.feed.post/3mfwpjz4d7c2f,bafyreifuvjs44n6tqlkgwwtswaduild62s65en262d3q2ln2xmwqxtz3oi,did:plc:uac6er53o2pvr5y2qmvaf7hw,meta-link,,at://did:plc:lisufijnrz42yoqth2stevje/app.bsky.actor.profile/self,2025-05-15T02:19:18.693Z
faa01bef85864658afe229b8f986966e,2026-03-01T00:00:00Z,2026-03-01T00:19:23Z,auth,auth_enUS_labelerexp,at://did:plc:lisufijnrz42yoqth2stevje/app.bsky.feed.post/3mfwpjz4d7c2f,bafyreifuvjs44n6tqlkgwwtswaduild62s65en262d3q2ln2xmwqxtz3oi,did:plc:uac6er53o2pvr5y2qmvaf7hw,x-link,,at://did:plc:lisufijnrz42yoqth2stevje/app.bsky.actor.profile/self,2025-05-15T02:19:18.693Z
faa01bef85864658afe229b8f986966e,2026-03-01T00:00:00Z,2026-03-01T00:19:23Z,auth,auth_enUS_labelerexp,at://did:plc:lisufijnrz42yoqth2stevje/app.bsky.feed.post/3mfwpjz4d7c2f,bafyreifuvjs44n6tqlkgwwtswaduild62s65en262d3q2ln2xmwqxtz3oi,did:plc:uac6er53o2pvr5y2qmvaf7hw,altrightlink,,at://did:plc:lisufijnrz42yoqth2stevje/app.bsky.actor.profile/self,2025-03-31T10:55:26.013Z
faa01bef85864658afe229b8f986966e,2026-03-01T00:00:00Z,2026-03-01T00:19:23Z,auth,auth_enUS_labelerexp,at://did:plc:qnictcjs7ak6bg22l35agmzf/app.bsky.feed.post/3mfwpz5bt722w,bafyreibr7fm4is2bfkmldh3buyuhffw4xxvbipt76w3ibyecs2mdhb6yju,did:plc:qnictcjs7ak6bg22l35agmzf,!no-unauthenticated,,at://did:plc:qnictcjs7ak6bg22l35agmzf/app.bsky.actor.profile/self,1970-01-01T00:00:00.000Z
faa01bef85864658afe229b8f986966e,2026-03-01T00:00:00Z,2026-03-01T00:19:23Z,auth,auth_enUS_labelerexp,at://did:plc:qdb7owowalbvql72ckl5qpr3/app.bsky.feed.post/3mfwxaijdck23,bafyreib37ygyhzqw73h366azutnrathmtxkqmw4klcczx3lx5fsiwwgu7m,did:plc:l624mewisyr6hymexmrjkprc,artistdesigner,,did:plc:qdb7owowalbvql72ckl5qpr3,2024-10-21T14:44:01.603Z
faa01bef85864658afe229b8f986966e,2026-03-01T00:00:00Z,2026-03-01T00:19:23Z,auth,auth_enUS_labelerexp,at://did:plc:qdb7owowalbvql72ckl5qpr3/app.bsky.feed.post/3mfwxaijdck23,bafyreib37ygyhzqw73h366azutnrathmtxkqmw4klcczx3lx5fsiwwgu7m,did:plc:l624mewisyr6hymexmrjkprc,l-threedimensional-artist,,did:plc:qdb7owowalbvql72ckl5qpr3,2024-10-21T14:43:59.895Z
faa01bef85864658afe229b8f986966e,2026-03-01T00:00:00Z,2026-03-01T00:19:23Z,auth,auth_enUS_labelerexp,at://did:plc:p6q637gzspu3cr2j7n3zvhec/app.bsky.feed.post/3mfwxsrg2u22q,bafyreifcatgipkqw6sawxqlxb3oa3psrfloswbjeqprvvczgrkmnwg3nay,did:plc:l624mewisyr6hymexmrjkprc,artistdesigner,,did:plc:p6q637gzspu3cr2j7n3zvhec,2024-10-20T21:08:13.450Z
faa01bef85864658afe229b8f986966e,2026-03-01T00:00:00Z,2026-03-01T00:19:23Z,auth,auth_enUS_labelerexp,at://did:plc:p6q637gzspu3cr2j7n3zvhec/app.bsky.feed.post/3mfwxsrg2u22q,bafyreifcatgipkqw6sawxqlxb3oa3psrfloswbjeqprvvczgrkmnwg3nay,did:plc:p6q637gzspu3cr2j7n3zvhec,!no-unauthenticated,,at://did:plc:p6q637gzspu3cr2j7n3zvhec/app.bsky.actor.profile/self,1970-01-01T00:00:00.000Z
faa01bef85864658afe229b8f986966e,2026-03-01T00:00:00Z,2026-03-01T00:19:23Z,auth,auth_enUS_labelerexp,at://did:plc:ifcposy3e6frphvetobi7mva/app.bsky.feed.post/3mfwzzz66ms25,bafyreidowdcqr7djruojfw37slmkqe4qym4ixtzeuhvu5eqziqsxw7pkte,did:plc:l624mewisyr6hymexmrjkprc,artistdesigner,,did:plc:ifcposy3e6frphvetobi7mva,2025-11-02T12:17:23.183Z
faa01bef85864658afe229b8f986966e,2026-03-01T00:00:00Z,2026-03-01T00:19:23Z,auth,auth_enUS_labelerexp,at://did:plc:2kpmbycip7rggzjip5ayxpcn/app.bsky.feed.post/3mfwvehhwuk25,bafyreificrdnwfqdfmobk3oy7ahortppocqwyf5qe5pbcvtxgglkevfwhy,did:plc:uac6er53o2pvr5y2qmvaf7hw,meta-link,,at://did:plc:2kpmbycip7rggzjip5ayxpcn/app.bsky.actor.profile/self,2026-02-13T06:26:21.080Z
faa01bef85864658afe229b8f986966e,2026-03-01T00:00:00Z,2026-03-01T00:19:23Z,auth,auth_enUS_labelerexp,at://did:plc:gzixcpqmdzrz5tzmhgqmw5hx/app.bsky.feed.post/3mfwxcxmbk226,bafyreigvzfky5ra7arkxx27bb3ig2m7qaeimvnc22nki4nhedkg4tczqgy,did:plc:l624mewisyr6hymexmrjkprc,artistdesigner,,did:plc:gzixcpqmdzrz5tzmhgqmw5hx,2025-04-08T04:39:17.505Z
faa01bef85864658afe229b8f986966e,2026-03-01T00:00:00Z,2026-03-01T00:19:23Z,auth,auth_enUS_labelerexp,at://did:plc:gzixcpqmdzrz5tzmhgqmw5hx/app.bsky.feed.post/3mfwxcxmbk226,bafyreigvzfky5ra7arkxx27bb3ig2m7qaeimvnc22nki4nhedkg4tczqgy,did:plc:l624mewisyr6hymexmrjkprc,l-threedimensional-artist,,did:plc:gzixcpqmdzrz5tzmhgqmw5hx,2025-04-08T04:39:26.408Z
faa01bef85864658afe229b8f986966e,2026-03-01T00:00:00Z,2026-03-01T00:19:23Z,auth,auth_enUS_labelerexp,at://did:plc:ru5zioxqfv6fctxyl45qqcj7/app.bsky.feed.post/3mfwxy5r66ur6,bafyreif3lomqqkea635hsu7oxosvqs2mayvrzv3a7bls77pdt7rovk6ysy,did:plc:ru5zioxqfv6fctxyl45qqcj7,!no-unauthenticated,,at://did:plc:ru5zioxqfv6fctxyl45qqcj7/app.bsky.actor.profile/self,1970-01-01T00:00:00.000Z
faa01bef85864658afe229b8f986966e,2026-03-01T00:00:00Z,2026-03-01T00:19:23Z,auth,auth_enUS_labelerexp,at://did:plc:eclsovkvxr7cl2av27eksa4m/app.bsky.feed.post/3mfwweanmpk2o,bafyreif55tvxtak427hsxgamtocf37qxugezg3vx4gjbonh7cmub3y6scu,did:plc:ar7c4by46qjdydhdevvrndac,sexual,,at://did:plc:eclsovkvxr7cl2av27eksa4m/app.bsky.feed.post/3mfwweanmpk2o,2026-02-28T19:08:43.119Z
faa01bef85864658afe229b8f986966e,2026-03-01T00:00:00Z,2026-03-01T00:19:23Z,auth,auth_enUS_labelerexp,at://did:plc:eclsovkvxr7cl2av27eksa4m/app.bsky.feed.post/3mfwweanmpk2o,bafyreif55tvxtak427hsxgamtocf37qxugezg3vx4gjbonh7cmub3y6scu,did:plc:eclsovkvxr7cl2av27eksa4m,!no-unauthenticated,,at://did:plc:eclsovkvxr7cl2av27eksa4m/app.bsky.actor.profile/self,1970-01-01T00:00:00.000Z
