run_id,snapshot_hour_utc,captured_at_utc,viewer_mode,vantage_id,post_uri,like_count,repost_count,reply_count,quote_count
2a8e2a325ddc418ebe543683f40774d8,2026-02-28T12:00:00Z,2026-02-28T12:18:33Z,auth,auth_enUS_labelerexp,at://did:plc:3yre25vmyrxl5ukvds223gha/app.bsky.feed.post/3lkav4r627k2j,19,4,1,0
2a8e2a325ddc418ebe543683f40774d8,2026-02-28T12:00:00Z,2026-02-28T12:18:33Z,auth,auth_enUS_labelerexp,at://did:plc:27vn3rju6z4horii5vjpvzlb/app.bsky.feed.post/3mfv5rkyb522v,12,0,0,0
2a8e2a325ddc418ebe543683f40774d8,2026-02-28T12:00:00Z,2026-02-28T12:18:33Z,auth,auth_enUS_labelerexp,at://did:plc:tp7ppz6a3eyduaw4z6kp3k2k/app.bsky.feed.post/3mfu66arnps2y,24,12,1,0
2a8e2a325ddc418ebe543683f40774d8,2026-02-28T12:00:00Z,2026-02-28T12:18:33Z,auth,auth_enUS_labelerexp,at://did:plc:hrfvga7ts2u6kdtwwdfcxrok/app.bsky.feed.post/3mfu3cqltpk2i,74,40,2,0
2a8e2a325ddc418ebe543683f40774d8,2026-02-28T12:00:00Z,2026-02-28T12:18:33Z,auth,auth_enUS_labelerexp,at://did:plc:2fbsro4w5in7l3yg6wf5ccd6/app.bsky.feed.post/3mftjwovcrs2m,61,12,3,0
2a8e2a325ddc418ebe543683f40774d8,2026-02-28T12:00:00Z,2026-02-28T12:18:33Z,auth,auth_enUS_labelerexp,at://did:plc:lg5ubh3ryod4w2mwlnxumfk3/app.bsky.feed.post/3mftju6uojy23,3,0,0,0
2a8e2a325ddc418ebe543683f40774d8,2026-02-28T12:00:00Z,2026-02-28T12:18:33Z,auth,auth_enUS_labelerexp,at://did:plc:p73seh4ghgthjacaumcdl7za/app.bsky.feed.post/3mfs7na2fys2d,38,10,14,1
2a8e2a325ddc418ebe543683f40774d8,2026-02-28T12:00:00Z,2026-02-28T12:18:33Z,auth,auth_enUS_labelerexp,at://did:plc:lg5ubh3ryod4w2mwlnxumfk3/app.bsky.feed.post/3mfrvrislon2k,6,0,0,0
2a8e2a325ddc418ebe543683f40774d8,2026-02-28T12:00:00Z,2026-02-28T12:18:33Z,auth,auth_enUS_labelerexp,at://did:plc:p73seh4ghgthjacaumcdl7za/app.bsky.feed.post/3mfrhdi4nrc2b,30,9,3,3
2a8e2a325ddc418ebe543683f40774d8,2026-02-28T12:00:00Z,2026-02-28T12:18:33Z,auth,auth_enUS_labelerexp,at://did:plc:p73seh4ghgthjacaumcdl7za/app.bsky.feed.post/3mfqgcnt67s2r,27,10,5,1
2a8e2a325ddc418ebe543683f40774d8,2026-02-28T12:00:00Z,2026-02-28T12:18:33Z,auth,auth_enUS_labelerexp,at://did:plc:ofbx4soloz7675o7dfy7cije/app.bsky.feed.post/3mfpomdhbl22o,16,3,1,1
2a8e2a325ddc418ebe543683f40774d8,2026-02-28T12:00:00Z,2026-02-28T12:18:33Z,auth,auth_enUS_labelerexp,at://did:plc:aqf2ely6wd2pdrmth62fny7q/app.bsky.feed.post/3mfpf3a2yik2b,15,2,2,0
2a8e2a325ddc418ebe543683f40774d8,2026-02-28T12:00:00Z,2026-02-28T12:18:33Z,auth,auth_enUS_labelerexp,at://did:plc:4d6zyon4dbtttvh5wfwgcbww/app.bsky.feed.post/3mfpdfkeeu22k,116,25,2,0
2a8e2a325ddc418ebe543683f40774d8,2026-02-28T12:00:00Z,2026-02-28T12:18:33Z,auth,auth_enUS_labelerexp,at://did:plc:4d6zyon4dbtttvh5wfwgcbww/app.bsky.feed.post/3mfpd7to3sc2k,44,14,0,0
2a8e2a325ddc418ebe543683f40774d8,2026-02-28T12:00:00Z,2026-02-28T12:18:33Z,auth,auth_enUS_labelerexp,at://did:plc:lg5ubh3ryod4w2mwlnxumfk3/app.bsky.feed.post/3mfoesksth32q,6,0,0,0
2a8e2a325ddc418ebe543683f40774d8,2026-02-28T12:00:00Z,2026-02-28T12:18:33Z,auth,auth_enUS_labelerexp,at://did:plc:ofbx4soloz7675o7dfy7cije/app.bsky.feed.post/3mfmlm2d6i22x,25,6,0,0
2a8e2a325ddc418ebe543683f40774d8,2026-02-28T12:00:00Z,2026-02-28T12:18:33Z,auth,auth_enUS_labelerexp,at://did:plc:syijvilo5leepzzuy7d3bdkr/app.bsky.feed.post/3mfmks4pqvk2c,185,57,7,1
2a8e2a325ddc418ebe543683f40774d8,2026-02-28T12:00:00Z,2026-02-28T12:18:33Z,auth,auth_enUS_labelerexp,at://did:plc:hrfvga7ts2u6kdtwwdfcxrok/app.bsky.feed.post/3mfmhoxc3zs2f,69,47,2,0
2a8e2a325ddc418ebe543683f40774d8,2026-02-28T12:00:00Z,2026-02-28T12:18:33Z,auth,auth_enUS_labelerexp,at://did:plc:lg5ubh3ryod4w2mwlnxumfk3/app.bsky.feed.post/3mflwva3l4o2k,5,0,0,0
2a8e2a325ddc418ebe543683f40774d8,2026-02-28T12:00:00Z,2026-02-28T12:18:33Z,auth,auth_enUS_labelerexp,at://did:plc:p73seh4ghgthjacaumcdl7za/app.bsky.feed.post/3mfjwvbms7k2t,47,13,9,0
2a8e2a325ddc418ebe543683f40774d8,2026-02-28T12:00:00Z,2026-02-28T12:18:33Z,auth,auth_enUS_labelerexp,at://did:plc:va2ddwup34vunnoajlnoxjgz/app.bsky.feed.post/3mfjvo2vr7c24,49,6,0,0
2a8e2a325ddc418ebe543683f40774d8,2026-02-28T12:00:00Z,2026-02-28T12:18:33Z,auth,auth_enUS_labelerexp,at://did:plc:lg5ubh3ryod4w2mwlnxumfk3/app.bsky.feed.post/3mfjicuwrtz2y,6,0,0,0
2a8e2a325ddc418ebe543683f40774d8,2026-02-28T12:00:00Z,2026-02-28T12:18:33Z,auth,auth_enUS_labelerexp,at://did:plc:gw4m4yvv6tqx3v5wvyttgkpt/app.bsky.feed.post/3mfhzscakga2u,27,5,1,0
2a8e2a325ddc418ebe543683f40774d8,2026-02-28T12:00:00Z,2026-02-28T12:18:33Z,auth,auth_enUS_labelerexp,at://did:plc:lg5ubh3ryod4w2mwlnxumfk3/app.bsky.feed.post/3mfhk2nvrev2l,5,0,0,0
2a8e2a325ddc418ebe543683f40774d8,2026-02-28T12:00:00Z,2026-02-28T12:18:33Z,auth,auth_enUS_labelerexp,at://did:plc:cixnk5tla2bsgt5oiuh7h5qs/app.bsky.feed.post/3mfgcqlfgts2d,2,1,0,0
2a8e2a325ddc418ebe543683f40774d8,2026-02-28T12:00:00Z,2026-02-28T12:18:33Z,auth,auth_enUS_labelerexp,at://did:plc:syijvilo5leepzzuy7d3bdkr/app.bsky.feed.post/3mffuv7i43k2u,122,46,6,0
2a8e2a325ddc418ebe543683f40774d8,2026-02-28T12:00:00Z,2026-02-28T12:18:33Z,auth,auth_enUS_labelerexp,at://did:plc:lg5ubh3ryod4w2mwlnxumfk3/app.bsky.feed.post/3mff5qfbvy42c,4,0,0,0
2a8e2a325ddc418ebe543683f40774d8,2026-02-28T12:00:00Z,2026-02-28T12:18:33Z,auth,auth_enUS_labelerexp,at://did:plc:lg5ubh3ryod4w2mwlnxumfk3/app.bsky.feed.post/3mfcmuww5ka24,7,1,0,0
2a8e2a325ddc418ebe543683f40774d8,2026-02-28T12:00:00Z,2026-02-28T12:18:33Z,auth,auth_enUS_labelerexp,at://did:plc:jjgtmzm7o7gqazajpxde6gxt/app.bsky.feed.post/3mfbgrxkpyc2b,10,3,0,2
2a8e2a325ddc418ebe543683f40774d8,2026-02-28T12:00:00Z,2026-02-28T12:18:33Z,auth,auth_enUS_labelerexp,at://did:plc:s5i4rltqbwgogplu2j6blniu/app.bsky.feed.post/3mfau7gzizs2c,88,27,2,0
2a8e2a325ddc418ebe543683f40774d8,2026-02-28T12:00:00Z,2026-02-28T12:18:33Z,auth,auth_enUS_labelerexp,at://did:plc:gw4m4yvv6tqx3v5wvyttgkpt/app.bsky.feed.post/3mfaifjzpd52n,28,4,2,0
2a8e2a325ddc418ebe543683f40774d8,2026-02-28T12:00:00Z,2026-02-28T12:18:33Z,auth,auth_enUS_labelerexp,at://did:plc:syijvilo5leepzzuy7d3bdkr/app.bsky.feed.post/3mfa2xilhps2g,394,103,9,1
2a8e2a325ddc418ebe543683f40774d8,2026-02-28T12:00:00Z,2026-02-28T12:18:33Z,auth,auth_enUS_labelerexp,at://did:plc:hrfvga7ts2u6kdtwwdfcxrok/app.bsky.feed.post/3mf7saj7bzk2j,67,43,2,0
2a8e2a325ddc418ebe543683f40774d8,2026-02-28T12:00:00Z,2026-02-28T12:18:33Z,auth,auth_enUS_labelerexp,at://did:plc:va2ddwup34vunnoajlnoxjgz/app.bsky.feed.post/3mf7nlekrg523,41,4,0,0
2a8e2a325ddc418ebe543683f40774d8,2026-02-28T12:00:00Z,2026-02-28T12:18:33Z,auth,auth_enUS_labelerexp,at://did:plc:uvnrxnb4fvrxwf5u7mccjxao/app.bsky.feed.post/3mf6slcz5sk2b,18,6,3,0
2a8e2a325ddc418ebe543683f40774d8,2026-02-28T12:00:00Z,2026-02-28T12:18:33Z,auth,auth_enUS_labelerexp,at://did:plc:va2ddwup34vunnoajlnoxjgz/app.bsky.feed.post/3mf66nqghqd2r,22,3,0,0
2a8e2a325ddc418ebe543683f40774d8,2026-02-28T12:00:00Z,2026-02-28T12:18:33Z,auth,auth_enUS_labelerexp,at://did:plc:va2ddwup34vunnoajlnoxjgz/app.bsky.feed.post/3mf5kmab3l22p,47,6,2,0
2a8e2a325ddc418ebe543683f40774d8,2026-02-28T12:00:00Z,2026-02-28T12:18:33Z,auth,auth_enUS_labelerexp,at://did:plc:hrfvga7ts2u6kdtwwdfcxrok/app.bsky.feed.post/3mf5forf7bk24,70,41,1,0
2a8e2a325ddc418ebe543683f40774d8,2026-02-28T12:00:00Z,2026-02-28T12:18:33Z,auth,auth_enUS_labelerexp,at://did:plc:p73seh4ghgthjacaumcdl7za/app.bsky.feed.post/3mf5amapg7c2d,49,12,6,4
2a8e2a325ddc418ebe543683f40774d8,2026-02-28T12:00:00Z,2026-02-28T12:18:33Z,auth,auth_enUS_labelerexp,at://did:plc:va2ddwup34vunnoajlnoxjgz/app.bsky.feed.post/3mf557c7nti2r,32,5,0,0
2a8e2a325ddc418ebe543683f40774d8,2026-02-28T12:00:00Z,2026-02-28T12:18:33Z,auth,auth_enUS_labelerexp,at://did:plc:7t4go4q7n62hm5fmfgkmfl3n/app.bsky.feed.post/3mf3w5gf4qk2h,10,1,1,0
2a8e2a325ddc418ebe543683f40774d8,2026-02-28T12:00:00Z,2026-02-28T12:18:33Z,auth,auth_enUS_labelerexp,at://did:plc:jjgtmzm7o7gqazajpxde6gxt/app.bsky.feed.post/3mf3gmqyygk2n,13,6,1,0
2a8e2a325ddc418ebe543683f40774d8,2026-02-28T12:00:00Z,2026-02-28T12:18:33Z,auth,auth_enUS_labelerexp,at://did:plc:syijvilo5leepzzuy7d3bdkr/app.bsky.feed.post/3mf37exir3k2w,188,61,5,0
2a8e2a325ddc418ebe543683f40774d8,2026-02-28T12:00:00Z,2026-02-28T12:18:33Z,auth,auth_enUS_labelerexp,at://did:plc:syijvilo5leepzzuy7d3bdkr/app.bsky.feed.post/3mf34q7sthk2j,216,60,5,1
2a8e2a325ddc418ebe543683f40774d8,2026-02-28T12:00:00Z,2026-02-28T12:18:33Z,auth,auth_enUS_labelerexp,at://did:plc:va2ddwup34vunnoajlnoxjgz/app.bsky.feed.post/3mf325gtih62j,34,2,2,1
2a8e2a325ddc418ebe543683f40774d8,2026-02-28T12:00:00Z,2026-02-28T12:18:33Z,auth,auth_enUS_labelerexp,at://did:plc:hrfvga7ts2u6kdtwwdfcxrok/app.bsky.feed.post/3mf2yolzvc22u,84,44,2,0
2a8e2a325ddc418ebe543683f40774d8,2026-02-28T12:00:00Z,2026-02-28T12:18:33Z,auth,auth_enUS_labelerexp,at://did:plc:p73seh4ghgthjacaumcdl7za/app.bsky.feed.post/3mf2xbyajps2i,35,11,8,1
2a8e2a325ddc418ebe543683f40774d8,2026-02-28T12:00:00Z,2026-02-28T12:18:33Z,auth,auth_enUS_labelerexp,at://did:plc:gw4m4yvv6tqx3v5wvyttgkpt/app.bsky.feed.post/3meywyzlwhc2c,20,2,0,0
2a8e2a325ddc418ebe543683f40774d8,2026-02-28T12:00:00Z,2026-02-28T12:18:33Z,auth,auth_enUS_labelerexp,at://did:plc:va2ddwup34vunnoajlnoxjgz/app.bsky.feed.post/3meyjojno2n2g,48,5,4,0
2a8e2a325ddc418ebe543683f40774d8,2026-02-28T12:00:00Z,2026-02-28T12:18:33Z,auth,auth_enUS_labelerexp,at://did:plc:urgnc7sej2uw227nyb7yfxtl/app.bsky.feed.post/3meyh32lf6c2y,15,2,0,1
2a8e2a325ddc418ebe543683f40774d8,2026-02-28T12:00:00Z,2026-02-28T12:18:36Z,auth,auth_enUS_labelerexp,at://did:plc:l4bm7km4hotcecokzowawavk/app.bsky.feed.post/3mfw75j4kmc22,0,0,0,0
2a8e2a325ddc418ebe543683f40774d8,2026-02-28T12:00:00Z,2026-02-28T12:18:36Z,auth,auth_enUS_labelerexp,at://did:plc:zdxkhwt7e5g42fr7gai37plb/app.bsky.feed.post/3mfw74ef2fk23,0,0,0,0
2a8e2a325ddc418ebe543683f40774d8,2026-02-28T12:00:00Z,2026-02-28T12:18:36Z,auth,auth_enUS_labelerexp,at://did:plc:pvkimetm2xcrsirgo3fbtton/app.bsky.feed.post/3mfw727hp4c2x,0,0,0,0
2a8e2a325ddc418ebe543683f40774d8,2026-02-28T12:00:00Z,2026-02-28T12:18:36Z,auth,auth_enUS_labelerexp,at://did:plc:orgbnkmtfs3l2tzuxf3ocpmn/app.bsky.feed.post/3mfw6z3jjh22o,4,0,0,0
2a8e2a325ddc418ebe543683f40774d8,2026-02-28T12:00:00Z,2026-02-28T12:18:36Z,auth,auth_enUS_labelerexp,at://did:plc:3rimorq4zpgcrljttwpv66lw/app.bsky.feed.post/3mfw6y7mgds2p,0,0,0,0
2a8e2a325ddc418ebe543683f40774d8,2026-02-28T12:00:00Z,2026-02-28T12:18:36Z,auth,auth_enUS_labelerexp,at://did:plc:fykvp3k2faednsmbvzhp3em2/app.bsky.feed.post/3mfw6xognl22v,0,0,0,0
2a8e2a325ddc418ebe543683f40774d8,2026-02-28T12:00:00Z,2026-02-28T12:18:36Z,auth,auth_enUS_labelerexp,at://did:plc:6t5s26gn43epri7udyr2q723/app.bsky.feed.post/3mfw6w4yml22q,0,0,0,0
2a8e2a325ddc418ebe543683f40774d8,2026-02-28T12:00:00Z,2026-02-28T12:18:36Z,auth,auth_enUS_labelerexp,at://did:plc:fptvmbt26fph5ly6yvsvxdn7/app.bsky.feed.post/3mfw6vphxts2k,0,0,0,0
2a8e2a325ddc418ebe543683f40774d8,2026-02-28T12:00:00Z,2026-02-28T12:18:36Z,auth,auth_enUS_labelerexp,at://did:plc:sbvuexbbgrsme34qfhrwpne5/app.bsky.feed.post/3mfw6uvwzbc2h,0,0,0,0
2a8e2a325ddc418ebe543683f40774d8,2026-02-28T12:00:00Z,2026-02-28T12:18:36Z,auth,auth_enUS_labelerexp,at://did:plc:vmnckoc342yx7kg2r6pfvj4m/app.bsky.feed.post/3mfw6tx46622g,0,0,0,0
2a8e2a325ddc418ebe543683f40774d8,2026-02-28T12:00:00Z,2026-02-28T12:18:36Z,auth,auth_enUS_labelerexp,at://did:plc:z2xdw7rqllbkaabznlior3fo/app.bsky.feed.post/3mfw6qxswxs2m,0,0,0,0
2a8e2a325ddc418ebe543683f40774d8,2026-02-28T12:00:00Z,2026-02-28T12:18:36Z,auth,auth_enUS_labelerexp,at://did:plc:xjrct32y2lwe2kh2ryp3ndcs/app.bsky.feed.post/3mfw6qwnlns27,0,0,0,0
2a8e2a325ddc418ebe543683f40774d8,2026-02-28T12:00:00Z,2026-02-28T12:18:36Z,auth,auth_enUS_labelerexp,at://did:plc:bpperneph6v6s7nw2oz6agrl/app.bsky.feed.post/3mfw6qwkpuc2u,0,0,0,0
2a8e2a325ddc418ebe543683f40774d8,2026-02-28T12:00:00Z,2026-02-28T12:18:36Z,auth,auth_enUS_labelerexp,at://did:plc:km3wdkmwwzlil2kds7zpme4e/app.bsky.feed.post/3mfw6qeu32c2b,0,0,0,0
2a8e2a325ddc418ebe543683f40774d8,2026-02-28T12:00:00Z,2026-02-28T12:18:36Z,auth,auth_enUS_labelerexp,at://did:plc:xyeqsevbcscpnna4xac73aqx/app.bsky.feed.post/3mfw6ptvrjs2o,0,0,0,0
2a8e2a325ddc418ebe543683f40774d8,2026-02-28T12:00:00Z,2026-02-28T12:18:36Z,auth,auth_enUS_labelerexp,at://did:plc:qhuttk5ts6rpmjepja4rew7w/app.bsky.feed.post/3mfw6prpkhk2d,2,1,0,0
2a8e2a325ddc418ebe543683f40774d8,2026-02-28T12:00:00Z,2026-02-28T12:18:36Z,auth,auth_enUS_labelerexp,at://did:plc:6duetjitphcnx2yecjyb5x5n/app.bsky.feed.post/3mfw6ozzf4n23,0,0,0,0
2a8e2a325ddc418ebe543683f40774d8,2026-02-28T12:00:00Z,2026-02-28T12:18:36Z,auth,auth_enUS_labelerexp,at://did:plc:73xkqje76lj5tostbsqa74b7/app.bsky.feed.post/3mfw6othrpk27,0,0,0,0
2a8e2a325ddc418ebe543683f40774d8,2026-02-28T12:00:00Z,2026-02-28T12:18:36Z,auth,auth_enUS_labelerexp,at://did:plc:l2f4riaog4thmrjph5gvzttw/app.bsky.feed.post/3mfw6ojatsc2c,0,0,0,0
2a8e2a325ddc418ebe543683f40774d8,2026-02-28T12:00:00Z,2026-02-28T12:18:36Z,auth,auth_enUS_labelerexp,at://did:plc:naoo7kz2u74tzr7eiky5ix3b/app.bsky.feed.post/3mfw6nlt7xk2w,0,0,0,0
2a8e2a325ddc418ebe543683f40774d8,2026-02-28T12:00:00Z,2026-02-28T12:18:36Z,auth,auth_enUS_labelerexp,at://did:plc:id5w3cltwtw44nyufcfflsbk/app.bsky.feed.post/3mfw6lqhvnc2r,1,1,0,0
2a8e2a325ddc418ebe543683f40774d8,2026-02-28T12:00:00Z,2026-02-28T12:18:36Z,auth,auth_enUS_labelerexp,at://did:plc:z4ihbml3fx57ex3ddkw7ooix/app.bsky.feed.post/3mfw6lh544k2k,1,0,0,0
2a8e2a325ddc418ebe543683f40774d8,2026-02-28T12:00:00Z,2026-02-28T12:18:36Z,auth,auth_enUS_labelerexp,at://did:plc:fv66y3nfitkhj7puc2maalya/app.bsky.feed.post/3mfw6kkqe222r,0,0,0,0
2a8e2a325ddc418ebe543683f40774d8,2026-02-28T12:00:00Z,2026-02-28T12:18:36Z,auth,auth_enUS_labelerexp,at://did:plc:255hucezh6gx7qn6by5frj7o/app.bsky.feed.post/3mfw6jd433c2s,0,0,0,0
2a8e2a325ddc418ebe543683f40774d8,2026-02-28T12:00:00Z,2026-02-28T12:18:36Z,auth,auth_enUS_labelerexp,at://did:plc:vfomezgzyadaxkn5vm4ndey5/app.bsky.feed.post/3mfw6j36yh22n,2,2,0,0
2a8e2a325ddc418ebe543683f40774d8,2026-02-28T12:00:00Z,2026-02-28T12:18:36Z,auth,auth_enUS_labelerexp,at://did:plc:n75mrpmaj4psgr7wkhzqcqqx/app.bsky.feed.post/3mfw6i5z6ex2y,0,0,0,0
2a8e2a325ddc418ebe543683f40774d8,2026-02-28T12:00:00Z,2026-02-28T12:18:36Z,auth,auth_enUS_labelerexp,at://did:plc:5yl454evxkhq3cc2omequoij/app.bsky.feed.post/3mfw6i3w7rl2x,2,0,0,0
2a8e2a325ddc418ebe543683f40774d8,2026-02-28T12:00:00Z,2026-02-28T12:18:36Z,auth,auth_enUS_labelerexp,at://did:plc:plgjd4dkx4aoc32ahy4qqf27/app.bsky.feed.post/3mfw6hr5jnu25,0,0,0,0
2a8e2a325ddc418ebe543683f40774d8,2026-02-28T12:00:00Z,2026-02-28T12:18:36Z,auth,auth_enUS_labelerexp,at://did:plc:gxlgvbh6wmxafbaskvbambx5/app.bsky.feed.post/3mfw6imhxpj2i,0,0,0,0
2a8e2a325ddc418ebe543683f40774d8,2026-02-28T12:00:00Z,2026-02-28T12:18:36Z,auth,auth_enUS_labelerexp,at://did:plc:53hxnqxlfsvdwmk6bslxohqc/app.bsky.feed.post/3mfw6hjea7s2w,0,0,1,0
2a8e2a325ddc418ebe543683f40774d8,2026-02-28T12:00:00Z,2026-02-28T12:18:36Z,auth,auth_enUS_labelerexp,at://did:plc:bp7hdhffhkb7sbgebl5eh3df/app.bsky.feed.post/3mfw6hiqq7223,0,1,0,0
2a8e2a325ddc418ebe543683f40774d8,2026-02-28T12:00:00Z,2026-02-28T12:18:36Z,auth,auth_enUS_labelerexp,at://did:plc:druzoy6ktcaom5ad7f7a6id2/app.bsky.feed.post/3mfw6hfity22t,0,0,0,0
2a8e2a325ddc418ebe543683f40774d8,2026-02-28T12:00:00Z,2026-02-28T12:18:36Z,auth,auth_enUS_labelerexp,at://did:plc:rcc246ijrzg4yzlmlplr2iee/app.bsky.feed.post/3mfw6hdeao22t,0,0,0,0
2a8e2a325ddc418ebe543683f40774d8,2026-02-28T12:00:00Z,2026-02-28T12:18:36Z,auth,auth_enUS_labelerexp,at://did:plc:y2a55ixztdgr6cnt6fxlgje5/app.bsky.feed.post/3mfw6h3wgdg2n,0,0,0,0
2a8e2a325ddc418ebe543683f40774d8,2026-02-28T12:00:00Z,2026-02-28T12:18:36Z,auth,auth_enUS_labelerexp,at://did:plc:ran3rdkruaq72bhgs7laodna/app.bsky.feed.post/3mfw6gvvelc2m,0,0,0,0
2a8e2a325ddc418ebe543683f40774d8,2026-02-28T12:00:00Z,2026-02-28T12:18:36Z,auth,auth_enUS_labelerexp,at://did:plc:2sle4qezl4uesdamhruhcp53/app.bsky.feed.post/3mfw6gqodu22o,0,0,0,0
2a8e2a325ddc418ebe543683f40774d8,2026-02-28T12:00:00Z,2026-02-28T12:18:36Z,auth,auth_enUS_labelerexp,at://did:plc:zxgltbykouhdgy4gktvitp73/app.bsky.feed.post/3mfw6g7unb422,0,0,0,0
2a8e2a325ddc418ebe543683f40774d8,2026-02-28T12:00:00Z,2026-02-28T12:18:36Z,auth,auth_enUS_labelerexp,at://did:plc:uqc3fm6jt2jm3l6bzxqxn2yc/app.bsky.feed.post/3mfw6fnrfo22x,0,0,0,0
2a8e2a325ddc418ebe543683f40774d8,2026-02-28T12:00:00Z,2026-02-28T12:18:36Z,auth,auth_enUS_labelerexp,at://did:plc:kysy5iyvfjredrgh76nr5iaj/app.bsky.feed.post/3mfw6fcoedk2j,0,0,0,0
2a8e2a325ddc418ebe543683f40774d8,2026-02-28T12:00:00Z,2026-02-28T12:18:36Z,auth,auth_enUS_labelerexp,at://did:plc:2sle4qezl4uesdamhruhcp53/app.bsky.feed.post/3mfw6eu2wdc2o,0,0,0,0
2a8e2a325ddc418ebe543683f40774d8,2026-02-28T12:00:00Z,2026-02-28T12:18:36Z,auth,auth_enUS_labelerexp,at://did:plc:cmq4azoaf2amwqp4qfattger/app.bsky.feed.post/3mfw6enrnvk27,0,0,0,0
2a8e2a325ddc418ebe543683f40774d8,2026-02-28T12:00:00Z,2026-02-28T12:18:36Z,auth,auth_enUS_labelerexp,at://did:plc:acowagaqid5auiuzw64j4fzm/app.bsky.feed.post/3mfw6e2safk23,0,0,0,0
2a8e2a325ddc418ebe543683f40774d8,2026-02-28T12:00:00Z,2026-02-28T12:18:36Z,auth,auth_enUS_labelerexp,at://did:plc:plgjd4dkx4aoc32ahy4qqf27/app.bsky.feed.post/3mfw6bcf7xm2p,0,0,0,0
2a8e2a325ddc418ebe543683f40774d8,2026-02-28T12:00:00Z,2026-02-28T12:18:36Z,auth,auth_enUS_labelerexp,at://did:plc:zn6a6p6vfrmqbmnlhkhwbubt/app.bsky.feed.post/3mfw66w3hec2l,2,0,0,0
2a8e2a325ddc418ebe543683f40774d8,2026-02-28T12:00:00Z,2026-02-28T12:18:36Z,auth,auth_enUS_labelerexp,at://did:plc:hcwqobgvetl7a4q3pezudcah/app.bsky.feed.post/3mfw66dgjsc2o,1,0,0,0
2a8e2a325ddc418ebe543683f40774d8,2026-02-28T12:00:00Z,2026-02-28T12:18:36Z,auth,auth_enUS_labelerexp,at://did:plc:fdhw2fyj7dcdq5r36v4u3b2x/app.bsky.feed.post/3mfw64urhi22p,0,0,0,0
2a8e2a325ddc418ebe543683f40774d8,2026-02-28T12:00:00Z,2026-02-28T12:18:36Z,auth,auth_enUS_labelerexp,at://did:plc:lgrmnj45y7htxghhnvhyqs3y/app.bsky.feed.post/3mfw5xe2z3s26,0,0,0,0
2a8e2a325ddc418ebe543683f40774d8,2026-02-28T12:00:00Z,2026-02-28T12:18:36Z,auth,auth_enUS_labelerexp,at://did:plc:v7kajnlynzvgckhvsrsx357w/app.bsky.feed.post/3mfw5vjcohf2w,3,0,1,0
2a8e2a325ddc418ebe543683f40774d8,2026-02-28T12:00:00Z,2026-02-28T12:18:36Z,auth,auth_enUS_labelerexp,at://did:plc:yx25l2fkervwhd677wjtz2gj/app.bsky.feed.post/3mfw5ufoxik2o,0,0,0,0
2a8e2a325ddc418ebe543683f40774d8,2026-02-28T12:00:00Z,2026-02-28T12:18:36Z,auth,auth_enUS_labelerexp,at://did:plc:3q5oghwvpre7fata6eftmdxp/app.bsky.feed.post/3mfw5ucbcpc2x,1,0,0,0
2a8e2a325ddc418ebe543683f40774d8,2026-02-28T12:00:00Z,2026-02-28T12:18:38Z,auth,auth_enUS_labelerexp,at://did:plc:wbv3nzzjx5ewkgvt5k6t2iiu/app.bsky.feed.post/3mfvvsptcts2o,92,17,3,1
2a8e2a325ddc418ebe543683f40774d8,2026-02-28T12:00:00Z,2026-02-28T12:18:38Z,auth,auth_enUS_labelerexp,at://did:plc:6wsthyi3hv6coswylcxnvcdl/app.bsky.feed.post/3mfvpmqu2ak2o,379,78,2,0
2a8e2a325ddc418ebe543683f40774d8,2026-02-28T12:00:00Z,2026-02-28T12:18:38Z,auth,auth_enUS_labelerexp,at://did:plc:wbv3nzzjx5ewkgvt5k6t2iiu/app.bsky.feed.post/3mfvo7277ec2o,158,25,8,0
2a8e2a325ddc418ebe543683f40774d8,2026-02-28T12:00:00Z,2026-02-28T12:18:38Z,auth,auth_enUS_labelerexp,at://did:plc:xctsbqmbjz4fyhslzk7v7qjj/app.bsky.feed.post/3mfvjbgfcz227,59,18,1,0
2a8e2a325ddc418ebe543683f40774d8,2026-02-28T12:00:00Z,2026-02-28T12:18:38Z,auth,auth_enUS_labelerexp,at://did:plc:cps34rbnd3opimdcca63fcqu/app.bsky.feed.post/3mfvhs2htcc24,28,4,0,0
2a8e2a325ddc418ebe543683f40774d8,2026-02-28T12:00:00Z,2026-02-28T12:18:38Z,auth,auth_enUS_labelerexp,at://did:plc:iql72o4jcrlztbrn2f2l4w7v/app.bsky.feed.post/3mfvhidikuk2a,26,1,1,0
2a8e2a325ddc418ebe543683f40774d8,2026-02-28T12:00:00Z,2026-02-28T12:18:38Z,auth,auth_enUS_labelerexp,at://did:plc:ffjqid7tee4tbjuidmt2xxlh/app.bsky.feed.post/3mfv4up3cz224,9,1,0,0
2a8e2a325ddc418ebe543683f40774d8,2026-02-28T12:00:00Z,2026-02-28T12:18:38Z,auth,auth_enUS_labelerexp,at://did:plc:dupewrfqjiorgc6malffhfxy/app.bsky.feed.post/3mfv4d4kho223,11,0,2,0
2a8e2a325ddc418ebe543683f40774d8,2026-02-28T12:00:00Z,2026-02-28T12:18:38Z,auth,auth_enUS_labelerexp,at://did:plc:mpcyt6cgm75rfl3jgrdod6x7/app.bsky.feed.post/3mfv2kld6as2j,67,6,1,0
2a8e2a325ddc418ebe543683f40774d8,2026-02-28T12:00:00Z,2026-02-28T12:18:38Z,auth,auth_enUS_labelerexp,at://did:plc:lzwflbs7ahbl5cipnhlcsdsp/app.bsky.feed.post/3mfuwm5uhhs2e,33,8,0,0
2a8e2a325ddc418ebe543683f40774d8,2026-02-28T12:00:00Z,2026-02-28T12:18:38Z,auth,auth_enUS_labelerexp,at://did:plc:yhbqiztgwudbqgwm4q3u35wq/app.bsky.feed.post/3mfuvyc7lbc22,105,32,1,0
2a8e2a325ddc418ebe543683f40774d8,2026-02-28T12:00:00Z,2026-02-28T12:18:38Z,auth,auth_enUS_labelerexp,at://did:plc:fathepudxzs72v3odvqzb4v2/app.bsky.feed.post/3mfutdxissc2k,9,0,0,0
2a8e2a325ddc418ebe543683f40774d8,2026-02-28T12:00:00Z,2026-02-28T12:18:38Z,auth,auth_enUS_labelerexp,at://did:plc:7pcfb2d6mipbbyqiegcpjkqy/app.bsky.feed.post/3mfut3mc4q22k,24,7,0,0
2a8e2a325ddc418ebe543683f40774d8,2026-02-28T12:00:00Z,2026-02-28T12:18:38Z,auth,auth_enUS_labelerexp,at://did:plc:7pcfb2d6mipbbyqiegcpjkqy/app.bsky.feed.post/3mfurxoye2k2m,36,9,0,0
2a8e2a325ddc418ebe543683f40774d8,2026-02-28T12:00:00Z,2026-02-28T12:18:38Z,auth,auth_enUS_labelerexp,at://did:plc:oz2tkm7k2ni5vh6dy4p3u33u/app.bsky.feed.post/3mfuppt2zsc2b,33,7,1,0
2a8e2a325ddc418ebe543683f40774d8,2026-02-28T12:00:00Z,2026-02-28T12:18:38Z,auth,auth_enUS_labelerexp,at://did:plc:dupewrfqjiorgc6malffhfxy/app.bsky.feed.post/3mfupenqbos23,24,3,1,0
2a8e2a325ddc418ebe543683f40774d8,2026-02-28T12:00:00Z,2026-02-28T12:18:38Z,auth,auth_enUS_labelerexp,at://did:plc:ndxjwydzwpnituecigrkny3j/app.bsky.feed.post/3mfuolqts2s23,86,20,1,0
2a8e2a325ddc418ebe543683f40774d8,2026-02-28T12:00:00Z,2026-02-28T12:18:38Z,auth,auth_enUS_labelerexp,at://did:plc:3pto24hgaeuqbrafvskaxkcj/app.bsky.feed.post/3mfukmas5fs2y,41,12,2,0
2a8e2a325ddc418ebe543683f40774d8,2026-02-28T12:00:00Z,2026-02-28T12:18:38Z,auth,auth_enUS_labelerexp,at://did:plc:iql72o4jcrlztbrn2f2l4w7v/app.bsky.feed.post/3mfujwnzuik22,166,27,4,0
2a8e2a325ddc418ebe543683f40774d8,2026-02-28T12:00:00Z,2026-02-28T12:18:38Z,auth,auth_enUS_labelerexp,at://did:plc:ggzawfaqydngdij6a66qj47v/app.bsky.feed.post/3mfuizccics26,498,123,6,1
2a8e2a325ddc418ebe543683f40774d8,2026-02-28T12:00:00Z,2026-02-28T12:18:38Z,auth,auth_enUS_labelerexp,at://did:plc:qzly5bog37ebs5ybxwd6hxew/app.bsky.feed.post/3mfuehpvhdc2c,14,2,2,0
2a8e2a325ddc418ebe543683f40774d8,2026-02-28T12:00:00Z,2026-02-28T12:18:38Z,auth,auth_enUS_labelerexp,at://did:plc:dupewrfqjiorgc6malffhfxy/app.bsky.feed.post/3mfudn5oyv223,21,3,1,0
2a8e2a325ddc418ebe543683f40774d8,2026-02-28T12:00:00Z,2026-02-28T12:18:38Z,auth,auth_enUS_labelerexp,at://did:plc:swbtf3kacl3os5xggdldz73m/app.bsky.feed.post/3mfubz2yonc2k,1325,310,8,0
2a8e2a325ddc418ebe543683f40774d8,2026-02-28T12:00:00Z,2026-02-28T12:18:38Z,auth,auth_enUS_labelerexp,at://did:plc:3pto24hgaeuqbrafvskaxkcj/app.bsky.feed.post/3mfubg7syds2n,89,9,1,1
2a8e2a325ddc418ebe543683f40774d8,2026-02-28T12:00:00Z,2026-02-28T12:18:38Z,auth,auth_enUS_labelerexp,at://did:plc:war5yj2txa7e4ou2hwfvspmx/app.bsky.feed.post/3mfu6jwyqts2y,66,9,1,0
2a8e2a325ddc418ebe543683f40774d8,2026-02-28T12:00:00Z,2026-02-28T12:18:38Z,auth,auth_enUS_labelerexp,at://did:plc:mpcyt6cgm75rfl3jgrdod6x7/app.bsky.feed.post/3mfu5hshows26,65,5,0,0
2a8e2a325ddc418ebe543683f40774d8,2026-02-28T12:00:00Z,2026-02-28T12:18:38Z,auth,auth_enUS_labelerexp,at://did:plc:6wsthyi3hv6coswylcxnvcdl/app.bsky.feed.post/3mfu577xhac2b,101,9,0,0
2a8e2a325ddc418ebe543683f40774d8,2026-02-28T12:00:00Z,2026-02-28T12:18:38Z,auth,auth_enUS_labelerexp,at://did:plc:6zhcl4otxeuysa7lj47c4q3e/app.bsky.feed.post/3mfu4exqblk2m,190,53,3,1
2a8e2a325ddc418ebe543683f40774d8,2026-02-28T12:00:00Z,2026-02-28T12:18:38Z,auth,auth_enUS_labelerexp,at://did:plc:yhbqiztgwudbqgwm4q3u35wq/app.bsky.feed.post/3mfu455kjyk23,238,79,2,2
2a8e2a325ddc418ebe543683f40774d8,2026-02-28T12:00:00Z,2026-02-28T12:18:38Z,auth,auth_enUS_labelerexp,at://did:plc:yhbqiztgwudbqgwm4q3u35wq/app.bsky.feed.post/3mfu43lzyw223,44,9,0,0
2a8e2a325ddc418ebe543683f40774d8,2026-02-28T12:00:00Z,2026-02-28T12:18:38Z,auth,auth_enUS_labelerexp,at://did:plc:qqwtdwi37xwabgifrzviprde/app.bsky.feed.post/3mfu3gbkxck25,41,3,3,0
2a8e2a325ddc418ebe543683f40774d8,2026-02-28T12:00:00Z,2026-02-28T12:18:38Z,auth,auth_enUS_labelerexp,at://did:plc:6zhcl4otxeuysa7lj47c4q3e/app.bsky.feed.post/3mfu2y2mpzk2j,1065,306,3,0
2a8e2a325ddc418ebe543683f40774d8,2026-02-28T12:00:00Z,2026-02-28T12:18:38Z,auth,auth_enUS_labelerexp,at://did:plc:yfpdjwxixh7lplgnlynfhtnt/app.bsky.feed.post/3mfsoww2uq22u,126,33,3,0
2a8e2a325ddc418ebe543683f40774d8,2026-02-28T12:00:00Z,2026-02-28T12:18:38Z,auth,auth_enUS_labelerexp,at://did:plc:iql72o4jcrlztbrn2f2l4w7v/app.bsky.feed.post/3mfsjxgirx22k,22,3,1,1
2a8e2a325ddc418ebe543683f40774d8,2026-02-28T12:00:00Z,2026-02-28T12:18:38Z,auth,auth_enUS_labelerexp,at://did:plc:xms6imovt7srw66xclpasnov/app.bsky.feed.post/3mfsi4n2w2k24,382,116,1,0
2a8e2a325ddc418ebe543683f40774d8,2026-02-28T12:00:00Z,2026-02-28T12:18:38Z,auth,auth_enUS_labelerexp,at://did:plc:3pto24hgaeuqbrafvskaxkcj/app.bsky.feed.post/3mfshoxkfhc2j,127,19,2,0
2a8e2a325ddc418ebe543683f40774d8,2026-02-28T12:00:00Z,2026-02-28T12:18:38Z,auth,auth_enUS_labelerexp,at://did:plc:war5yj2txa7e4ou2hwfvspmx/app.bsky.feed.post/3mfsdin4zes2p,57,15,1,0
2a8e2a325ddc418ebe543683f40774d8,2026-02-28T12:00:00Z,2026-02-28T12:18:38Z,auth,auth_enUS_labelerexp,at://did:plc:467xm3qqtie2xhunpwhrlsf6/app.bsky.feed.post/3mfsciqqx622i,78,15,2,1
2a8e2a325ddc418ebe543683f40774d8,2026-02-28T12:00:00Z,2026-02-28T12:18:38Z,auth,auth_enUS_labelerexp,at://did:plc:yxukjg5l733d5ewd3tbvaeji/app.bsky.feed.post/3mfsarhqt7c2p,1228,279,27,4
2a8e2a325ddc418ebe543683f40774d8,2026-02-28T12:00:00Z,2026-02-28T12:18:38Z,auth,auth_enUS_labelerexp,at://did:plc:6zhcl4otxeuysa7lj47c4q3e/app.bsky.feed.post/3mfsaqncxt22l,974,256,9,1
2a8e2a325ddc418ebe543683f40774d8,2026-02-28T12:00:00Z,2026-02-28T12:18:38Z,auth,auth_enUS_labelerexp,at://did:plc:ijhxcrd6r4qg45ofexwv3uzd/app.bsky.feed.post/3mfs76ozgls22,152,27,4,0
2a8e2a325ddc418ebe543683f40774d8,2026-02-28T12:00:00Z,2026-02-28T12:18:38Z,auth,auth_enUS_labelerexp,at://did:plc:qdebhcrsuopxkzeifrgwfe5b/app.bsky.feed.post/3mfs76lf5vc2x,1906,511,19,0
2a8e2a325ddc418ebe543683f40774d8,2026-02-28T12:00:00Z,2026-02-28T12:18:38Z,auth,auth_enUS_labelerexp,at://did:plc:5k4lrc66yhbx5f6xwgbovw62/app.bsky.feed.post/3mfs5dn5f722w,56,2,3,0
2a8e2a325ddc418ebe543683f40774d8,2026-02-28T12:00:00Z,2026-02-28T12:18:38Z,auth,auth_enUS_labelerexp,at://did:plc:qdebhcrsuopxkzeifrgwfe5b/app.bsky.feed.post/3mfs4lhwfsk23,301,35,8,1
2a8e2a325ddc418ebe543683f40774d8,2026-02-28T12:00:00Z,2026-02-28T12:18:38Z,auth,auth_enUS_labelerexp,at://did:plc:rx26gzj324aiidss65n2hmje/app.bsky.feed.post/3mfrxoe7fzc2u,171,50,2,0
2a8e2a325ddc418ebe543683f40774d8,2026-02-28T12:00:00Z,2026-02-28T12:18:38Z,auth,auth_enUS_labelerexp,at://did:plc:467xm3qqtie2xhunpwhrlsf6/app.bsky.feed.post/3mfrsua2jm22g,36,19,0,0
2a8e2a325ddc418ebe543683f40774d8,2026-02-28T12:00:00Z,2026-02-28T12:18:38Z,auth,auth_enUS_labelerexp,at://did:plc:dch6lygfztopewtlnqgstxqk/app.bsky.feed.post/3mfrshy77s223,19,5,0,0
2a8e2a325ddc418ebe543683f40774d8,2026-02-28T12:00:00Z,2026-02-28T12:18:38Z,auth,auth_enUS_labelerexp,at://did:plc:r4l5c57uyhsdbfa5eqhas75f/app.bsky.feed.post/3mfrrnf5lc624,27,6,0,0
2a8e2a325ddc418ebe543683f40774d8,2026-02-28T12:00:00Z,2026-02-28T12:18:38Z,auth,auth_enUS_labelerexp,at://did:plc:swbtf3kacl3os5xggdldz73m/app.bsky.feed.post/3mfrqzdz5tk2q,1029,217,7,1
2a8e2a325ddc418ebe543683f40774d8,2026-02-28T12:00:00Z,2026-02-28T12:18:38Z,auth,auth_enUS_labelerexp,at://did:plc:oz2tkm7k2ni5vh6dy4p3u33u/app.bsky.feed.post/3mfrqixd7jc25,8,1,0,0
2a8e2a325ddc418ebe543683f40774d8,2026-02-28T12:00:00Z,2026-02-28T12:18:39Z,auth,auth_enUS_labelerexp,at://did:plc:geoqe3qls5mwezckxxsewys2/app.bsky.feed.post/3lbqadado2s2r,540,96,35,5
2a8e2a325ddc418ebe543683f40774d8,2026-02-28T12:00:00Z,2026-02-28T12:18:39Z,auth,auth_enUS_labelerexp,at://did:plc:3pksgj3wxoybaziaohtdvb3b/app.bsky.feed.post/3mfw4t4p3tc2k,4,2,0,0
2a8e2a325ddc418ebe543683f40774d8,2026-02-28T12:00:00Z,2026-02-28T12:18:39Z,auth,auth_enUS_labelerexp,at://did:plc:qpbhtkbi2ium63l7j2fmusge/app.bsky.feed.post/3mfvm4hwunc2u,46,7,1,0
2a8e2a325ddc418ebe543683f40774d8,2026-02-28T12:00:00Z,2026-02-28T12:18:39Z,auth,auth_enUS_labelerexp,at://did:plc:76elmnpi42iyylpccqhb6svq/app.bsky.feed.post/3mfvq4cf4u22h,16,5,4,0
2a8e2a325ddc418ebe543683f40774d8,2026-02-28T12:00:00Z,2026-02-28T12:18:39Z,auth,auth_enUS_labelerexp,at://did:plc:d7uvisqupt2veejhfgun3pgn/app.bsky.feed.post/3mfvtjc6uvy2o,10,3,0,0
2a8e2a325ddc418ebe543683f40774d8,2026-02-28T12:00:00Z,2026-02-28T12:18:39Z,auth,auth_enUS_labelerexp,at://did:plc:mgyscoovtrthsjm6nqmpyfvh/app.bsky.feed.post/3mfuxuyznvo2k,97,13,4,0
2a8e2a325ddc418ebe543683f40774d8,2026-02-28T12:00:00Z,2026-02-28T12:18:39Z,auth,auth_enUS_labelerexp,at://did:plc:en722jgcbop7mxw5nuu7v2so/app.bsky.feed.post/3mftid3gh6c2y,418,45,15,2
2a8e2a325ddc418ebe543683f40774d8,2026-02-28T12:00:00Z,2026-02-28T12:18:39Z,auth,auth_enUS_labelerexp,at://did:plc:eog54nyoh4hq42lzvqknnxr4/app.bsky.feed.post/3mfuzfzshgk2o,54,5,2,0
2a8e2a325ddc418ebe543683f40774d8,2026-02-28T12:00:00Z,2026-02-28T12:18:39Z,auth,auth_enUS_labelerexp,at://did:plc:s3iia424wxtxlz4fcdqavlc2/app.bsky.feed.post/3mfvwai2wkk27,5,1,0,0
2a8e2a325ddc418ebe543683f40774d8,2026-02-28T12:00:00Z,2026-02-28T12:18:39Z,auth,auth_enUS_labelerexp,at://did:plc:vfq4a4xdfre2coauvo7na7uh/app.bsky.feed.post/3mfvjo6kuqc2n,8,3,0,0
2a8e2a325ddc418ebe543683f40774d8,2026-02-28T12:00:00Z,2026-02-28T12:18:39Z,auth,auth_enUS_labelerexp,at://did:plc:krxw5pfkylqftdfrqivj6quh/app.bsky.feed.post/3mfuunnqlh22p,44,10,0,0
2a8e2a325ddc418ebe543683f40774d8,2026-02-28T12:00:00Z,2026-02-28T12:18:39Z,auth,auth_enUS_labelerexp,at://did:plc:mgyscoovtrthsjm6nqmpyfvh/app.bsky.feed.post/3mfudtdcria2k,141,17,1,0
2a8e2a325ddc418ebe543683f40774d8,2026-02-28T12:00:00Z,2026-02-28T12:18:39Z,auth,auth_enUS_labelerexp,at://did:plc:7b6wl6ttpdaynkosouvgsp3l/app.bsky.feed.post/3mfvx3cwvuc2l,24,3,0,0
2a8e2a325ddc418ebe543683f40774d8,2026-02-28T12:00:00Z,2026-02-28T12:18:39Z,auth,auth_enUS_labelerexp,at://did:plc:mgyscoovtrthsjm6nqmpyfvh/app.bsky.feed.post/3mftuu6vdb32j,116,16,3,0
2a8e2a325ddc418ebe543683f40774d8,2026-02-28T12:00:00Z,2026-02-28T12:18:39Z,auth,auth_enUS_labelerexp,at://did:plc:7b6wl6ttpdaynkosouvgsp3l/app.bsky.feed.post/3mfu6bq7wss2n,36,2,3,0
2a8e2a325ddc418ebe543683f40774d8,2026-02-28T12:00:00Z,2026-02-28T12:18:39Z,auth,auth_enUS_labelerexp,at://did:plc:knkud3qm25oxhlwh6mlzthqw/app.bsky.feed.post/3mftpgbcfr22z,47,10,6,1
2a8e2a325ddc418ebe543683f40774d8,2026-02-28T12:00:00Z,2026-02-28T12:18:39Z,auth,auth_enUS_labelerexp,at://did:plc:mgyscoovtrthsjm6nqmpyfvh/app.bsky.feed.post/3mfsfr7b3pu2o,135,14,2,1
2a8e2a325ddc418ebe543683f40774d8,2026-02-28T12:00:00Z,2026-02-28T12:18:39Z,auth,auth_enUS_labelerexp,at://did:plc:7b6wl6ttpdaynkosouvgsp3l/app.bsky.feed.post/3mfulcaysrs27,53,3,0,0
2a8e2a325ddc418ebe543683f40774d8,2026-02-28T12:00:00Z,2026-02-28T12:18:39Z,auth,auth_enUS_labelerexp,at://did:plc:ednm6fu723hx5hkmuy6j7qhs/app.bsky.feed.post/3mfuqhrygyk25,18,4,1,0
2a8e2a325ddc418ebe543683f40774d8,2026-02-28T12:00:00Z,2026-02-28T12:18:39Z,auth,auth_enUS_labelerexp,at://did:plc:gkprbncw53ytjivktrgicdf2/app.bsky.feed.post/3mfsj2yzn622t,76,29,5,0
2a8e2a325ddc418ebe543683f40774d8,2026-02-28T12:00:00Z,2026-02-28T12:18:39Z,auth,auth_enUS_labelerexp,at://did:plc:7b6wl6ttpdaynkosouvgsp3l/app.bsky.feed.post/3mftx4uygms2n,30,3,1,0
2a8e2a325ddc418ebe543683f40774d8,2026-02-28T12:00:00Z,2026-02-28T12:18:39Z,auth,auth_enUS_labelerexp,at://did:plc:zg6vij2hbv6jh3ilk3ow3vsj/app.bsky.feed.post/3mftt6wcnn22c,28,4,0,0
2a8e2a325ddc418ebe543683f40774d8,2026-02-28T12:00:00Z,2026-02-28T12:18:39Z,auth,auth_enUS_labelerexp,at://did:plc:zg2f7er35myckqolprwsqvg6/app.bsky.feed.post/3mft57ygpkx2s,34,8,0,0
2a8e2a325ddc418ebe543683f40774d8,2026-02-28T12:00:00Z,2026-02-28T12:18:39Z,auth,auth_enUS_labelerexp,at://did:plc:4nqil5vhndjdxzm4b2vrk5v2/app.bsky.feed.post/3mfskftmqes2h,102,16,6,1
2a8e2a325ddc418ebe543683f40774d8,2026-02-28T12:00:00Z,2026-02-28T12:18:39Z,auth,auth_enUS_labelerexp,at://did:plc:kfdtroqa5qqcslgr5aezqmed/app.bsky.feed.post/3mfsjqgi7g224,90,23,4,0
2a8e2a325ddc418ebe543683f40774d8,2026-02-28T12:00:00Z,2026-02-28T12:18:39Z,auth,auth_enUS_labelerexp,at://did:plc:vfq4a4xdfre2coauvo7na7uh/app.bsky.feed.post/3mfug2wl56s2n,19,1,0,0
2a8e2a325ddc418ebe543683f40774d8,2026-02-28T12:00:00Z,2026-02-28T12:18:39Z,auth,auth_enUS_labelerexp,at://did:plc:ezo3dbcm3xqwfcnjndbgdutr/app.bsky.feed.post/3mfscboniyc2t,73,9,4,1
2a8e2a325ddc418ebe543683f40774d8,2026-02-28T12:00:00Z,2026-02-28T12:18:39Z,auth,auth_enUS_labelerexp,at://did:plc:w5piffuqepcuz3dxvs4wrxd5/app.bsky.feed.post/3mfn7alyqt222,548,65,23,0
2a8e2a325ddc418ebe543683f40774d8,2026-02-28T12:00:00Z,2026-02-28T12:18:39Z,auth,auth_enUS_labelerexp,at://did:plc:tkjfe37chd2zotezwge5dbvx/app.bsky.feed.post/3mftxlq4ku22m,10,4,1,1
2a8e2a325ddc418ebe543683f40774d8,2026-02-28T12:00:00Z,2026-02-28T12:18:39Z,auth,auth_enUS_labelerexp,at://did:plc:pq4cdu3tjsja7mahlbelshkx/app.bsky.feed.post/3mfrshknhro2h,83,39,2,0
2a8e2a325ddc418ebe543683f40774d8,2026-02-28T12:00:00Z,2026-02-28T12:18:39Z,auth,auth_enUS_labelerexp,at://did:plc:7frzofcaamhlnubwbrqldht6/app.bsky.feed.post/3mfsd2zq3uc2t,65,7,3,0
2a8e2a325ddc418ebe543683f40774d8,2026-02-28T12:00:00Z,2026-02-28T12:18:39Z,auth,auth_enUS_labelerexp,at://did:plc:z732wi7dnab4qmh5du4gtgmx/app.bsky.feed.post/3mfrhk4g4tj2s,151,16,13,0
2a8e2a325ddc418ebe543683f40774d8,2026-02-28T12:00:00Z,2026-02-28T12:18:39Z,auth,auth_enUS_labelerexp,at://did:plc:ils2ugqftwvm7vkwu545ey3p/app.bsky.feed.post/3mfqbecauuc2w,98,13,1,1
2a8e2a325ddc418ebe543683f40774d8,2026-02-28T12:00:00Z,2026-02-28T12:18:39Z,auth,auth_enUS_labelerexp,at://did:plc:mgyscoovtrthsjm6nqmpyfvh/app.bsky.feed.post/3mfrawejqui2o,132,22,4,0
2a8e2a325ddc418ebe543683f40774d8,2026-02-28T12:00:00Z,2026-02-28T12:18:39Z,auth,auth_enUS_labelerexp,at://did:plc:edabi54wnyh7uxhwxtr3gago/app.bsky.feed.post/3mfudkir66k2f,15,4,0,0
2a8e2a325ddc418ebe543683f40774d8,2026-02-28T12:00:00Z,2026-02-28T12:18:39Z,auth,auth_enUS_labelerexp,at://did:plc:d7uvisqupt2veejhfgun3pgn/app.bsky.feed.post/3mftdo2ljv52i,16,7,0,0
2a8e2a325ddc418ebe543683f40774d8,2026-02-28T12:00:00Z,2026-02-28T12:18:39Z,auth,auth_enUS_labelerexp,at://did:plc:wrafnps3vppi7aex4ougkwen/app.bsky.feed.post/3mfuixlo52c23,7,2,0,0
2a8e2a325ddc418ebe543683f40774d8,2026-02-28T12:00:00Z,2026-02-28T12:18:39Z,auth,auth_enUS_labelerexp,at://did:plc:bdwvql3fkfqjg4hi4swymqwz/app.bsky.feed.post/3mfr3nzcpv22x,81,19,6,2
2a8e2a325ddc418ebe543683f40774d8,2026-02-28T12:00:00Z,2026-02-28T12:18:39Z,auth,auth_enUS_labelerexp,at://did:plc:wu6ap5qw4tk4ei5p2bnebay6/app.bsky.feed.post/3mfshl32j3c2s,49,9,2,0
2a8e2a325ddc418ebe543683f40774d8,2026-02-28T12:00:00Z,2026-02-28T12:18:39Z,auth,auth_enUS_labelerexp,at://did:plc:bvk2zqgsbsnhrmrtayvomsku/app.bsky.feed.post/3mfrksdfvls2s,111,23,5,0
2a8e2a325ddc418ebe543683f40774d8,2026-02-28T12:00:00Z,2026-02-28T12:18:39Z,auth,auth_enUS_labelerexp,at://did:plc:mgyscoovtrthsjm6nqmpyfvh/app.bsky.feed.post/3mfq5oe23w426,203,28,2,0
2a8e2a325ddc418ebe543683f40774d8,2026-02-28T12:00:00Z,2026-02-28T12:18:39Z,auth,auth_enUS_labelerexp,at://did:plc:pq4cdu3tjsja7mahlbelshkx/app.bsky.feed.post/3mfovfsbnp42t,36,10,4,1
2a8e2a325ddc418ebe543683f40774d8,2026-02-28T12:00:00Z,2026-02-28T12:18:39Z,auth,auth_enUS_labelerexp,at://did:plc:7b6wl6ttpdaynkosouvgsp3l/app.bsky.feed.post/3mfquath3es2d,72,7,2,0
2a8e2a325ddc418ebe543683f40774d8,2026-02-28T12:00:00Z,2026-02-28T12:18:39Z,auth,auth_enUS_labelerexp,at://did:plc:en722jgcbop7mxw5nuu7v2so/app.bsky.feed.post/3mfjawryhq22f,465,50,26,3
2a8e2a325ddc418ebe543683f40774d8,2026-02-28T12:00:00Z,2026-02-28T12:18:39Z,auth,auth_enUS_labelerexp,at://did:plc:pep4sud54mucgqyyardlbfns/app.bsky.feed.post/3llcaxga34k2t,28,6,0,0
2a8e2a325ddc418ebe543683f40774d8,2026-02-28T12:00:00Z,2026-02-28T12:18:39Z,auth,auth_enUS_labelerexp,at://did:plc:mgyscoovtrthsjm6nqmpyfvh/app.bsky.feed.post/3mfngici4hn2g,139,17,4,0
2a8e2a325ddc418ebe543683f40774d8,2026-02-28T12:00:00Z,2026-02-28T12:18:39Z,auth,auth_enUS_labelerexp,at://did:plc:j2md4jvtwrtrlzysojlv73n4/app.bsky.feed.post/3mfufdtysec2p,5,1,0,0
2a8e2a325ddc418ebe543683f40774d8,2026-02-28T12:00:00Z,2026-02-28T12:18:39Z,auth,auth_enUS_labelerexp,at://did:plc:7frzofcaamhlnubwbrqldht6/app.bsky.feed.post/3mfqis5vypc26,62,7,0,0
2a8e2a325ddc418ebe543683f40774d8,2026-02-28T12:00:00Z,2026-02-28T12:18:39Z,auth,auth_enUS_labelerexp,at://did:plc:ezo3dbcm3xqwfcnjndbgdutr/app.bsky.feed.post/3mfroa2wz4k2r,73,16,3,0
2a8e2a325ddc418ebe543683f40774d8,2026-02-28T12:00:00Z,2026-02-28T12:18:39Z,auth,auth_enUS_labelerexp,at://did:plc:bw7iidqfya7pe7bzr5muu5of/app.bsky.feed.post/3mfrhjt4uoc2w,55,9,2,0
2a8e2a325ddc418ebe543683f40774d8,2026-02-28T12:00:00Z,2026-02-28T12:18:40Z,auth,auth_enUS_labelerexp,at://did:plc:ywkmymhl74em2r7ldnocytus/app.bsky.feed.post/3mfw7gijvid2q,0,0,0,0
2a8e2a325ddc418ebe543683f40774d8,2026-02-28T12:00:00Z,2026-02-28T12:18:40Z,auth,auth_enUS_labelerexp,at://did:plc:5mvq65znqymznknnyha5vkwf/app.bsky.feed.post/3mfw7dex2s52z,0,0,0,0
2a8e2a325ddc418ebe543683f40774d8,2026-02-28T12:00:00Z,2026-02-28T12:18:40Z,auth,auth_enUS_labelerexp,at://did:plc:mng2o56lrqnett3bhxdqu2ny/app.bsky.feed.post/3mfw7cqmebs2j,0,0,0,0
2a8e2a325ddc418ebe543683f40774d8,2026-02-28T12:00:00Z,2026-02-28T12:18:40Z,auth,auth_enUS_labelerexp,at://did:plc:2ygh4m6khjpp7s4lhu72jtr6/app.bsky.feed.post/3mfw7aa4ofs2w,0,0,0,0
2a8e2a325ddc418ebe543683f40774d8,2026-02-28T12:00:00Z,2026-02-28T12:18:40Z,auth,auth_enUS_labelerexp,at://did:plc:zebzpk3ydj7hkoz2z2fzyltk/app.bsky.feed.post/3mfw77ysipu2r,0,0,0,0
2a8e2a325ddc418ebe543683f40774d8,2026-02-28T12:00:00Z,2026-02-28T12:18:40Z,auth,auth_enUS_labelerexp,at://did:plc:b35fqks7prijwgro2474sg7r/app.bsky.feed.post/3mfw727iv722c,0,0,0,0
2a8e2a325ddc418ebe543683f40774d8,2026-02-28T12:00:00Z,2026-02-28T12:18:40Z,auth,auth_enUS_labelerexp,at://did:plc:ggeqqg7y7j2mewelsxvo3pkk/app.bsky.feed.post/3mfw6znbsyk2d,0,0,0,0
2a8e2a325ddc418ebe543683f40774d8,2026-02-28T12:00:00Z,2026-02-28T12:18:40Z,auth,auth_enUS_labelerexp,at://did:plc:bmkk3gqqmq77t3ueifafikyp/app.bsky.feed.post/3mfw6wiwt222i,1,0,0,0
2a8e2a325ddc418ebe543683f40774d8,2026-02-28T12:00:00Z,2026-02-28T12:18:40Z,auth,auth_enUS_labelerexp,at://did:plc:fjkgwtx4x6rydqrnmzn4f6ry/app.bsky.feed.post/3mfw6ut6vwk2l,0,0,0,0
2a8e2a325ddc418ebe543683f40774d8,2026-02-28T12:00:00Z,2026-02-28T12:18:40Z,auth,auth_enUS_labelerexp,at://did:plc:dsituczledmwla6navtyb6ui/app.bsky.feed.post/3mfw6tfqljtm2,0,0,0,0
2a8e2a325ddc418ebe543683f40774d8,2026-02-28T12:00:00Z,2026-02-28T12:18:40Z,auth,auth_enUS_labelerexp,at://did:plc:b35fqks7prijwgro2474sg7r/app.bsky.feed.post/3mfw6s3vr322c,0,0,1,0
2a8e2a325ddc418ebe543683f40774d8,2026-02-28T12:00:00Z,2026-02-28T12:18:40Z,auth,auth_enUS_labelerexp,at://did:plc:42han5exrxyrgdsbwosrp7sy/app.bsky.feed.post/3mfw6scrmmy2g,0,0,0,0
2a8e2a325ddc418ebe543683f40774d8,2026-02-28T12:00:00Z,2026-02-28T12:18:40Z,auth,auth_enUS_labelerexp,at://did:plc:gtlrmvpzuyussuvhwnl57omz/app.bsky.feed.post/3mfw6rjrris2x,0,0,0,0
2a8e2a325ddc418ebe543683f40774d8,2026-02-28T12:00:00Z,2026-02-28T12:18:40Z,auth,auth_enUS_labelerexp,at://did:plc:y5c3upuoc5ojjbroomdsdko7/app.bsky.feed.post/3mfw6rebaqp25,0,0,0,0
2a8e2a325ddc418ebe543683f40774d8,2026-02-28T12:00:00Z,2026-02-28T12:18:40Z,auth,auth_enUS_labelerexp,at://did:plc:ejwymc5wih5ssf3qpjiiyq2a/app.bsky.feed.post/3mfw6orj2us2g,1,0,0,0
2a8e2a325ddc418ebe543683f40774d8,2026-02-28T12:00:00Z,2026-02-28T12:18:40Z,auth,auth_enUS_labelerexp,at://did:plc:27x6fgdpquy3cwtgzehfencd/app.bsky.feed.post/3mfw6noghzk2j,0,0,0,0
2a8e2a325ddc418ebe543683f40774d8,2026-02-28T12:00:00Z,2026-02-28T12:18:40Z,auth,auth_enUS_labelerexp,at://did:plc:6nixgyjujbeqq2zdjkdn2m56/app.bsky.feed.post/3mfw6kn3ffs2z,0,0,0,0
2a8e2a325ddc418ebe543683f40774d8,2026-02-28T12:00:00Z,2026-02-28T12:18:40Z,auth,auth_enUS_labelerexp,at://did:plc:atfqm6fp7zmri5dkq7qgjwk6/app.bsky.feed.post/3mfw6klanjk2m,2,2,0,0
2a8e2a325ddc418ebe543683f40774d8,2026-02-28T12:00:00Z,2026-02-28T12:18:40Z,auth,auth_enUS_labelerexp,at://did:plc:3stbpmwmmbckbdz3p3kslot3/app.bsky.feed.post/3mfw6hjqhgri2,0,0,0,0
2a8e2a325ddc418ebe543683f40774d8,2026-02-28T12:00:00Z,2026-02-28T12:18:40Z,auth,auth_enUS_labelerexp,at://did:plc:3szpchd5mfmp632xuddreh4k/app.bsky.feed.post/3mfw6gfwztc26,0,0,0,0
2a8e2a325ddc418ebe543683f40774d8,2026-02-28T12:00:00Z,2026-02-28T12:18:40Z,auth,auth_enUS_labelerexp,at://did:plc:vhegw4arwnwa35b6dhmjrl26/app.bsky.feed.post/3mfw6gctdvw23,0,0,0,0
2a8e2a325ddc418ebe543683f40774d8,2026-02-28T12:00:00Z,2026-02-28T12:18:40Z,auth,auth_enUS_labelerexp,at://did:plc:3y35dq4ex5em7aabu5t3bs6j/app.bsky.feed.post/3mfw6g7akkg2i,0,0,0,0
2a8e2a325ddc418ebe543683f40774d8,2026-02-28T12:00:00Z,2026-02-28T12:18:40Z,auth,auth_enUS_labelerexp,at://did:plc:jf26a7dgps3fck4zc7anchdl/app.bsky.feed.post/3mfw6g6xslw2v,0,0,0,0
2a8e2a325ddc418ebe543683f40774d8,2026-02-28T12:00:00Z,2026-02-28T12:18:40Z,auth,auth_enUS_labelerexp,at://did:plc:jf26a7dgps3fck4zc7anchdl/app.bsky.feed.post/3mfw6g6fwd22y,0,0,0,1
2a8e2a325ddc418ebe543683f40774d8,2026-02-28T12:00:00Z,2026-02-28T12:18:40Z,auth,auth_enUS_labelerexp,at://did:plc:5n25imjlfgzsrmve2heq7joh/app.bsky.feed.post/3mfw6g5mjzy2g,1,0,0,0
2a8e2a325ddc418ebe543683f40774d8,2026-02-28T12:00:00Z,2026-02-28T12:18:40Z,auth,auth_enUS_labelerexp,at://did:plc:k63gwkucrnqwsnkt5bbhumnm/app.bsky.feed.post/3mfw6fty6yk2f,0,0,0,0
2a8e2a325ddc418ebe543683f40774d8,2026-02-28T12:00:00Z,2026-02-28T12:18:40Z,auth,auth_enUS_labelerexp,at://did:plc:pzihjfiim2dvuocqmuefkpgl/app.bsky.feed.post/3mfw64vgn7k2t,1,0,0,0
2a8e2a325ddc418ebe543683f40774d8,2026-02-28T12:00:00Z,2026-02-28T12:18:40Z,auth,auth_enUS_labelerexp,at://did:plc:btzkmhaacor44zhxkhfyrebn/app.bsky.feed.post/3mfw5yhl2mc2g,0,0,0,0
2a8e2a325ddc418ebe543683f40774d8,2026-02-28T12:00:00Z,2026-02-28T12:18:40Z,auth,auth_enUS_labelerexp,at://did:plc:btzkmhaacor44zhxkhfyrebn/app.bsky.feed.post/3mfw5vxbf4k2g,0,0,0,0
2a8e2a325ddc418ebe543683f40774d8,2026-02-28T12:00:00Z,2026-02-28T12:18:40Z,auth,auth_enUS_labelerexp,at://did:plc:awlcxzieax6uesktm2esgqn7/app.bsky.feed.post/3mfw5ov5o5k2w,0,0,1,0
2a8e2a325ddc418ebe543683f40774d8,2026-02-28T12:00:00Z,2026-02-28T12:18:40Z,auth,auth_enUS_labelerexp,at://did:plc:pzumx3cinybbo2kf5uqxv76c/app.bsky.feed.post/3mfw5n7temd25,0,0,0,0
2a8e2a325ddc418ebe543683f40774d8,2026-02-28T12:00:00Z,2026-02-28T12:18:40Z,auth,auth_enUS_labelerexp,at://did:plc:4ucokwanzquswllxiysenhrx/app.bsky.feed.post/3mfw5k4zgx22x,1,0,0,0
2a8e2a325ddc418ebe543683f40774d8,2026-02-28T12:00:00Z,2026-02-28T12:18:40Z,auth,auth_enUS_labelerexp,at://did:plc:y7yxqysjaovl54zrcgce7p5n/app.bsky.feed.post/3mfw5hwpor22s,1,0,0,0
2a8e2a325ddc418ebe543683f40774d8,2026-02-28T12:00:00Z,2026-02-28T12:18:40Z,auth,auth_enUS_labelerexp,at://did:plc:ehsakbpsf4eoacx6ub7doifv/app.bsky.feed.post/3mfw5fisw7c2f,0,0,0,0
2a8e2a325ddc418ebe543683f40774d8,2026-02-28T12:00:00Z,2026-02-28T12:18:40Z,auth,auth_enUS_labelerexp,at://did:plc:4vmjbvr3m2fx7ourl2g4qbsq/app.bsky.feed.post/3mfw5dotwtc27,2,0,1,0
2a8e2a325ddc418ebe543683f40774d8,2026-02-28T12:00:00Z,2026-02-28T12:18:40Z,auth,auth_enUS_labelerexp,at://did:plc:o3bijqscufna3j6xmjphtgyd/app.bsky.feed.post/3mfw5dbzaas2p,0,0,0,0
2a8e2a325ddc418ebe543683f40774d8,2026-02-28T12:00:00Z,2026-02-28T12:18:40Z,auth,auth_enUS_labelerexp,at://did:plc:bai5ba54vutfks4hsmx67gc2/app.bsky.feed.post/3mfw5ciqw222p,0,0,1,0
2a8e2a325ddc418ebe543683f40774d8,2026-02-28T12:00:00Z,2026-02-28T12:18:40Z,auth,auth_enUS_labelerexp,at://did:plc:bai5ba54vutfks4hsmx67gc2/app.bsky.feed.post/3mfw5cipeac2p,0,0,2,0
2a8e2a325ddc418ebe543683f40774d8,2026-02-28T12:00:00Z,2026-02-28T12:18:40Z,auth,auth_enUS_labelerexp,at://did:plc:eqqhc5n3ch4ycwrcetrtr5vp/app.bsky.feed.post/3mfw5ccs5kc2o,0,0,0,0
2a8e2a325ddc418ebe543683f40774d8,2026-02-28T12:00:00Z,2026-02-28T12:18:40Z,auth,auth_enUS_labelerexp,at://did:plc:76lyaxzotvmonlgchnjt4ssq/app.bsky.feed.post/3mfw52xrzyk23,0,0,0,0
2a8e2a325ddc418ebe543683f40774d8,2026-02-28T12:00:00Z,2026-02-28T12:18:40Z,auth,auth_enUS_labelerexp,at://did:plc:7niilrgmbczasub7ubozbvnl/app.bsky.feed.post/3mfw4uf2zze2q,0,0,0,0
2a8e2a325ddc418ebe543683f40774d8,2026-02-28T12:00:00Z,2026-02-28T12:18:40Z,auth,auth_enUS_labelerexp,at://did:plc:bvzxfjv3tetogroa5jzr6zjo/app.bsky.feed.post/3mfw4u77hn523,0,0,0,0
2a8e2a325ddc418ebe543683f40774d8,2026-02-28T12:00:00Z,2026-02-28T12:18:40Z,auth,auth_enUS_labelerexp,at://did:plc:snldvvaofeswgb4v5ak5f4bx/app.bsky.feed.post/3mfw4t76azs2f,0,0,0,0
2a8e2a325ddc418ebe543683f40774d8,2026-02-28T12:00:00Z,2026-02-28T12:18:40Z,auth,auth_enUS_labelerexp,at://did:plc:5mvq65znqymznknnyha5vkwf/app.bsky.feed.post/3mfw4sw22s42a,0,0,0,0
2a8e2a325ddc418ebe543683f40774d8,2026-02-28T12:00:00Z,2026-02-28T12:18:40Z,auth,auth_enUS_labelerexp,at://did:plc:5jycdvkvabnon545dxcisari/app.bsky.feed.post/3mfw4r6rlnj2q,0,0,0,0
2a8e2a325ddc418ebe543683f40774d8,2026-02-28T12:00:00Z,2026-02-28T12:18:40Z,auth,auth_enUS_labelerexp,at://did:plc:3y35dq4ex5em7aabu5t3bs6j/app.bsky.feed.post/3mfw4qp4hhr2x,0,0,0,0
2a8e2a325ddc418ebe543683f40774d8,2026-02-28T12:00:00Z,2026-02-28T12:18:40Z,auth,auth_enUS_labelerexp,at://did:plc:oznd7j2sgw5yaokcuj23kbs7/app.bsky.feed.post/3mfw4o4eptx24,2,1,0,0
2a8e2a325ddc418ebe543683f40774d8,2026-02-28T12:00:00Z,2026-02-28T12:18:40Z,auth,auth_enUS_labelerexp,at://did:plc:etytunyzbq27da3sqczxwhiz/app.bsky.feed.post/3mfw4mankq22x,0,0,0,0
2a8e2a325ddc418ebe543683f40774d8,2026-02-28T12:00:00Z,2026-02-28T12:18:40Z,auth,auth_enUS_labelerexp,at://did:plc:k63gwkucrnqwsnkt5bbhumnm/app.bsky.feed.post/3mfw4l6xjns2f,1,0,0,0
2a8e2a325ddc418ebe543683f40774d8,2026-02-28T12:00:00Z,2026-02-28T12:18:40Z,auth,auth_enUS_labelerexp,at://did:plc:4c3lq6o2rpcgsigap3mnpvzk/app.bsky.feed.post/3mfw4ciekyq2l,0,0,0,0
2a8e2a325ddc418ebe543683f40774d8,2026-02-28T12:00:00Z,2026-02-28T12:18:41Z,auth,auth_enUS_labelerexp,at://did:plc:6efye5urmzezynzbkacpcudw/app.bsky.feed.post/3mfw6yvbrts2e,0,0,0,0
2a8e2a325ddc418ebe543683f40774d8,2026-02-28T12:00:00Z,2026-02-28T12:18:41Z,auth,auth_enUS_labelerexp,at://did:plc:6efye5urmzezynzbkacpcudw/app.bsky.feed.post/3mfw6vvvg2s2e,0,0,0,0
2a8e2a325ddc418ebe543683f40774d8,2026-02-28T12:00:00Z,2026-02-28T12:18:41Z,auth,auth_enUS_labelerexp,at://did:plc:45o75bibfblnqsahu32sw77e/app.bsky.feed.post/3mfw6uwgif22t,0,0,0,0
2a8e2a325ddc418ebe543683f40774d8,2026-02-28T12:00:00Z,2026-02-28T12:18:41Z,auth,auth_enUS_labelerexp,at://did:plc:6efye5urmzezynzbkacpcudw/app.bsky.feed.post/3mfw6u447b22e,0,0,0,0
2a8e2a325ddc418ebe543683f40774d8,2026-02-28T12:00:00Z,2026-02-28T12:18:41Z,auth,auth_enUS_labelerexp,at://did:plc:3jfae4peifqp7hdarf4ly7yi/app.bsky.feed.post/3mfw6hudn2m2d,0,0,0,0
2a8e2a325ddc418ebe543683f40774d8,2026-02-28T12:00:00Z,2026-02-28T12:18:41Z,auth,auth_enUS_labelerexp,at://did:plc:vitfnjq3igqppitfa6v2giak/app.bsky.feed.post/3mfw6gbr53f2g,0,0,0,0
2a8e2a325ddc418ebe543683f40774d8,2026-02-28T12:00:00Z,2026-02-28T12:18:41Z,auth,auth_enUS_labelerexp,at://did:plc:reqcyakcks2ge5r4kzuwmrz6/app.bsky.feed.post/3mfw6fyanbj2w,0,0,0,0
2a8e2a325ddc418ebe543683f40774d8,2026-02-28T12:00:00Z,2026-02-28T12:18:41Z,auth,auth_enUS_labelerexp,at://did:plc:vjf3wt7n5lffpcby73hw2pub/app.bsky.feed.post/3mfw6fmrpyk2t,9,2,1,0
2a8e2a325ddc418ebe543683f40774d8,2026-02-28T12:00:00Z,2026-02-28T12:18:41Z,auth,auth_enUS_labelerexp,at://did:plc:bksqoynfk655g5c7ew2tpnoc/app.bsky.feed.post/3mfw6fkxydk27,2,1,0,0
2a8e2a325ddc418ebe543683f40774d8,2026-02-28T12:00:00Z,2026-02-28T12:18:41Z,auth,auth_enUS_labelerexp,at://did:plc:6efye5urmzezynzbkacpcudw/app.bsky.feed.post/3mfw6f4k24c2x,0,0,0,0
2a8e2a325ddc418ebe543683f40774d8,2026-02-28T12:00:00Z,2026-02-28T12:18:41Z,auth,auth_enUS_labelerexp,at://did:plc:zkyddnqsafnswtdjx7dpcihv/app.bsky.feed.post/3mfw6cedxhs2y,0,0,0,0
2a8e2a325ddc418ebe543683f40774d8,2026-02-28T12:00:00Z,2026-02-28T12:18:41Z,auth,auth_enUS_labelerexp,at://did:plc:pwp5anxneq7ejwvzdncwodvt/app.bsky.feed.post/3mfw6b6hgot2y,8,0,0,0
2a8e2a325ddc418ebe543683f40774d8,2026-02-28T12:00:00Z,2026-02-28T12:18:41Z,auth,auth_enUS_labelerexp,at://did:plc:ajon4wlfdhaze4mebozfmqhc/app.bsky.feed.post/3mfw64ijrcc2k,0,0,0,0
2a8e2a325ddc418ebe543683f40774d8,2026-02-28T12:00:00Z,2026-02-28T12:18:41Z,auth,auth_enUS_labelerexp,at://did:plc:7n76i6d5akfugjwjhvlau6xr/app.bsky.feed.post/3mfw63iq3uk2y,1,0,0,0
2a8e2a325ddc418ebe543683f40774d8,2026-02-28T12:00:00Z,2026-02-28T12:18:41Z,auth,auth_enUS_labelerexp,at://did:plc:voa5jj4mjj2u76o7cp6qanjz/app.bsky.feed.post/3mfw5xxfwmn2b,0,0,0,0
2a8e2a325ddc418ebe543683f40774d8,2026-02-28T12:00:00Z,2026-02-28T12:18:41Z,auth,auth_enUS_labelerexp,at://did:plc:b422mismuecjymy3alqjxh7v/app.bsky.feed.post/3mfw5uxibj32w,2,0,0,0
2a8e2a325ddc418ebe543683f40774d8,2026-02-28T12:00:00Z,2026-02-28T12:18:41Z,auth,auth_enUS_labelerexp,at://did:plc:fflzu2gzu7zjuh26rvi4vcxq/app.bsky.feed.post/3mfw5tuxolk27,1,0,0,0
2a8e2a325ddc418ebe543683f40774d8,2026-02-28T12:00:00Z,2026-02-28T12:18:41Z,auth,auth_enUS_labelerexp,at://did:plc:ey6esrfvlrr7himg4nflngn2/app.bsky.feed.post/3mfw5tjd3iq2u,0,0,0,0
2a8e2a325ddc418ebe543683f40774d8,2026-02-28T12:00:00Z,2026-02-28T12:18:41Z,auth,auth_enUS_labelerexp,at://did:plc:udfmq3yfbeel2ukw6jejwynm/app.bsky.feed.post/3mfw5rp5v5c23,1,0,0,1
2a8e2a325ddc418ebe543683f40774d8,2026-02-28T12:00:00Z,2026-02-28T12:18:41Z,auth,auth_enUS_labelerexp,at://did:plc:lfyhi4clmjnsrnw7do4oim4u/app.bsky.feed.post/3mfw5opzdec2k,1,0,0,0
2a8e2a325ddc418ebe543683f40774d8,2026-02-28T12:00:00Z,2026-02-28T12:18:41Z,auth,auth_enUS_labelerexp,at://did:plc:vmaa275bmnrksir7y6muzkkf/app.bsky.feed.post/3mfw5k5jjls2c,7,1,1,1
2a8e2a325ddc418ebe543683f40774d8,2026-02-28T12:00:00Z,2026-02-28T12:18:41Z,auth,auth_enUS_labelerexp,at://did:plc:4p67ewligapuj7sbugldirqi/app.bsky.feed.post/3mfw5jfttis25,0,0,0,0
2a8e2a325ddc418ebe543683f40774d8,2026-02-28T12:00:00Z,2026-02-28T12:18:41Z,auth,auth_enUS_labelerexp,at://did:plc:xrenulfbqxgcckvscood5byv/app.bsky.feed.post/3mfw5djrwb22c,1,0,0,0
2a8e2a325ddc418ebe543683f40774d8,2026-02-28T12:00:00Z,2026-02-28T12:18:41Z,auth,auth_enUS_labelerexp,at://did:plc:llzdm5iw43zzbujwnxdypj7b/app.bsky.feed.post/3mfw5c2wqms2o,0,0,1,0
2a8e2a325ddc418ebe543683f40774d8,2026-02-28T12:00:00Z,2026-02-28T12:18:41Z,auth,auth_enUS_labelerexp,at://did:plc:iscq4lp2o6w45eyoqf3cezre/app.bsky.feed.post/3mfw5bcui6s27,0,0,0,0
2a8e2a325ddc418ebe543683f40774d8,2026-02-28T12:00:00Z,2026-02-28T12:18:41Z,auth,auth_enUS_labelerexp,at://did:plc:tn6gid5kzxgg3hmlhukojpof/app.bsky.feed.post/3mfw5ade2ns2q,0,0,0,0
2a8e2a325ddc418ebe543683f40774d8,2026-02-28T12:00:00Z,2026-02-28T12:18:41Z,auth,auth_enUS_labelerexp,at://did:plc:gudaflztwlufiqgolrp4jjab/app.bsky.feed.post/3mfw55tzvxc2y,1,1,0,0
2a8e2a325ddc418ebe543683f40774d8,2026-02-28T12:00:00Z,2026-02-28T12:18:41Z,auth,auth_enUS_labelerexp,at://did:plc:otlhvherlegf5ewb6di6b7yb/app.bsky.feed.post/3mfw54gvuxs2k,6,0,2,0
2a8e2a325ddc418ebe543683f40774d8,2026-02-28T12:00:00Z,2026-02-28T12:18:41Z,auth,auth_enUS_labelerexp,at://did:plc:y4sbx2qmgxnvklfmd3gh6ccc/app.bsky.feed.post/3mfw4yyxvrk27,0,0,0,0
2a8e2a325ddc418ebe543683f40774d8,2026-02-28T12:00:00Z,2026-02-28T12:18:41Z,auth,auth_enUS_labelerexp,at://did:plc:uapdhjnoio43dgc4fihkrvjj/app.bsky.feed.post/3mfw4vvgcd22s,2,2,1,0
2a8e2a325ddc418ebe543683f40774d8,2026-02-28T12:00:00Z,2026-02-28T12:18:41Z,auth,auth_enUS_labelerexp,at://did:plc:7lu2rpfbzczsvuzzlcuvpliq/app.bsky.feed.post/3mfw4vprdck2i,0,0,0,0
2a8e2a325ddc418ebe543683f40774d8,2026-02-28T12:00:00Z,2026-02-28T12:18:41Z,auth,auth_enUS_labelerexp,at://did:plc:mwj6as6lkwjuiy6633ctpt7i/app.bsky.feed.post/3mfw4uepsms24,0,0,0,0
2a8e2a325ddc418ebe543683f40774d8,2026-02-28T12:00:00Z,2026-02-28T12:18:41Z,auth,auth_enUS_labelerexp,at://did:plc:fflzu2gzu7zjuh26rvi4vcxq/app.bsky.feed.post/3mfw4r2tpck2i,1,0,1,0
2a8e2a325ddc418ebe543683f40774d8,2026-02-28T12:00:00Z,2026-02-28T12:18:41Z,auth,auth_enUS_labelerexp,at://did:plc:art2nd2te4ohwjogxx2p6e3p/app.bsky.feed.post/3mfw4qrq36w2o,0,0,0,0
2a8e2a325ddc418ebe543683f40774d8,2026-02-28T12:00:00Z,2026-02-28T12:18:41Z,auth,auth_enUS_labelerexp,at://did:plc:bxpjm635v3vrn6ttoaoyfrnd/app.bsky.feed.post/3mfw4pbxdl52m,0,0,0,0
2a8e2a325ddc418ebe543683f40774d8,2026-02-28T12:00:00Z,2026-02-28T12:18:41Z,auth,auth_enUS_labelerexp,at://did:plc:qadlgs4xioohnhi2jg54mqds/app.bsky.feed.post/3mfw4mjyqx22k,1,0,0,0
2a8e2a325ddc418ebe543683f40774d8,2026-02-28T12:00:00Z,2026-02-28T12:18:41Z,auth,auth_enUS_labelerexp,at://did:plc:en66jbbgxdecqsk3xqis4bo7/app.bsky.feed.post/3mfw4l2cg6c2d,0,0,0,0
2a8e2a325ddc418ebe543683f40774d8,2026-02-28T12:00:00Z,2026-02-28T12:18:41Z,auth,auth_enUS_labelerexp,at://did:plc:7y7hz7ozp2a3pjvzkpkn5qlu/app.bsky.feed.post/3mfw4kgdiuc2v,1,1,1,0
2a8e2a325ddc418ebe543683f40774d8,2026-02-28T12:00:00Z,2026-02-28T12:18:41Z,auth,auth_enUS_labelerexp,at://did:plc:vmes2j2lqvufhrzcppuv7x3z/app.bsky.feed.post/3mfw4eoutjs22,5,1,0,0
2a8e2a325ddc418ebe543683f40774d8,2026-02-28T12:00:00Z,2026-02-28T12:18:41Z,auth,auth_enUS_labelerexp,at://did:plc:kldmbzamabymdt3hvoja5o7o/app.bsky.feed.post/3mfw477hsds2c,1,1,1,0
2a8e2a325ddc418ebe543683f40774d8,2026-02-28T12:00:00Z,2026-02-28T12:18:41Z,auth,auth_enUS_labelerexp,at://did:plc:wbdjm62vzw6o6jwqx2tpusmk/app.bsky.feed.post/3mfw43fcj3bf2,0,0,0,0
2a8e2a325ddc418ebe543683f40774d8,2026-02-28T12:00:00Z,2026-02-28T12:18:41Z,auth,auth_enUS_labelerexp,at://did:plc:w442vasbik7krk2jufkvne3x/app.bsky.feed.post/3mfw3yko74k2f,0,0,0,0
2a8e2a325ddc418ebe543683f40774d8,2026-02-28T12:00:00Z,2026-02-28T12:18:41Z,auth,auth_enUS_labelerexp,at://did:plc:hwqis4egc5u3xbqs4ax72pfg/app.bsky.feed.post/3mfw3xng4zc2h,0,0,0,0
2a8e2a325ddc418ebe543683f40774d8,2026-02-28T12:00:00Z,2026-02-28T12:18:41Z,auth,auth_enUS_labelerexp,at://did:plc:xrenulfbqxgcckvscood5byv/app.bsky.feed.post/3mfw3wufdzc2c,3,1,0,0
2a8e2a325ddc418ebe543683f40774d8,2026-02-28T12:00:00Z,2026-02-28T12:18:41Z,auth,auth_enUS_labelerexp,at://did:plc:7m7mw66amhbw5jw4etvbjj2s/app.bsky.feed.post/3mfw3tyddkk2p,0,0,1,0
2a8e2a325ddc418ebe543683f40774d8,2026-02-28T12:00:00Z,2026-02-28T12:18:41Z,auth,auth_enUS_labelerexp,at://did:plc:xrenulfbqxgcckvscood5byv/app.bsky.feed.post/3mfw3t6cn322c,6,1,0,0
2a8e2a325ddc418ebe543683f40774d8,2026-02-28T12:00:00Z,2026-02-28T12:18:41Z,auth,auth_enUS_labelerexp,at://did:plc:dmkdgckoairaccqkrmgjfdcw/app.bsky.feed.post/3mfw3palazk2c,1,0,0,0
2a8e2a325ddc418ebe543683f40774d8,2026-02-28T12:00:00Z,2026-02-28T12:18:41Z,auth,auth_enUS_labelerexp,at://did:plc:gbm6dz3s3lngo24jasf35njp/app.bsky.feed.post/3mfw3kukl6s2b,0,0,0,0
2a8e2a325ddc418ebe543683f40774d8,2026-02-28T12:00:00Z,2026-02-28T12:18:41Z,auth,auth_enUS_labelerexp,at://did:plc:4aa2mtfyjewhfg7uinr7hti4/app.bsky.feed.post/3mfw3iihajk2y,4,0,0,0
2a8e2a325ddc418ebe543683f40774d8,2026-02-28T12:00:00Z,2026-02-28T12:18:41Z,auth,auth_enUS_labelerexp,at://did:plc:ceubouaozzi46qbxn2ebscps/app.bsky.feed.post/3mfw345oqqb2v,2,0,0,0
2a8e2a325ddc418ebe543683f40774d8,2026-02-28T12:00:00Z,2026-02-28T12:18:42Z,auth,auth_enUS_labelerexp,at://did:plc:ghz2shm6kq3zxtisxrkgcmwc/app.bsky.feed.post/3mfw6sfwloc27,3,0,0,0
2a8e2a325ddc418ebe543683f40774d8,2026-02-28T12:00:00Z,2026-02-28T12:18:42Z,auth,auth_enUS_labelerexp,at://did:plc:25zrllablzxyz73u5xcgdqb6/app.bsky.feed.post/3mfw6qlj6f22j,2,0,0,0
2a8e2a325ddc418ebe543683f40774d8,2026-02-28T12:00:00Z,2026-02-28T12:18:42Z,auth,auth_enUS_labelerexp,at://did:plc:hxww3uqustma2t2prhw35hk4/app.bsky.feed.post/3mfw6pqdyvs2k,1,0,0,0
2a8e2a325ddc418ebe543683f40774d8,2026-02-28T12:00:00Z,2026-02-28T12:18:42Z,auth,auth_enUS_labelerexp,at://did:plc:ljcocsoh6qtdncdguunrojq4/app.bsky.feed.post/3mfw6gt3im225,3,0,0,0
2a8e2a325ddc418ebe543683f40774d8,2026-02-28T12:00:00Z,2026-02-28T12:18:42Z,auth,auth_enUS_labelerexp,at://did:plc:wrbv5owhep733wnbpp5hsr7d/app.bsky.feed.post/3mfw6el7upk2o,1,0,0,0
2a8e2a325ddc418ebe543683f40774d8,2026-02-28T12:00:00Z,2026-02-28T12:18:42Z,auth,auth_enUS_labelerexp,at://did:plc:wrbv5owhep733wnbpp5hsr7d/app.bsky.feed.post/3mfw6cnatok2o,0,0,0,1
2a8e2a325ddc418ebe543683f40774d8,2026-02-28T12:00:00Z,2026-02-28T12:18:42Z,auth,auth_enUS_labelerexp,at://did:plc:t6ykxu3dyr4einyfmch7g552/app.bsky.feed.post/3mfw5upq2v22z,6,0,1,0
2a8e2a325ddc418ebe543683f40774d8,2026-02-28T12:00:00Z,2026-02-28T12:18:42Z,auth,auth_enUS_labelerexp,at://did:plc:lg2is3bh2qsvpcnou4uia3x2/app.bsky.feed.post/3mfw5f236is2l,45,3,6,0
2a8e2a325ddc418ebe543683f40774d8,2026-02-28T12:00:00Z,2026-02-28T12:18:42Z,auth,auth_enUS_labelerexp,at://did:plc:sxw2th36klmpelvkrux2pa3y/app.bsky.feed.post/3mfw5b6sjyc2c,4,1,1,0
2a8e2a325ddc418ebe543683f40774d8,2026-02-28T12:00:00Z,2026-02-28T12:18:42Z,auth,auth_enUS_labelerexp,at://did:plc:ssya4whb5d5n2glg4ak5wpl4/app.bsky.feed.post/3mfw4ymlryk2h,3,0,0,0
2a8e2a325ddc418ebe543683f40774d8,2026-02-28T12:00:00Z,2026-02-28T12:18:42Z,auth,auth_enUS_labelerexp,at://did:plc:vmzhftl7lqvudpgmmhemfreb/app.bsky.feed.post/3mfw4uqqsks2t,2,0,0,0
2a8e2a325ddc418ebe543683f40774d8,2026-02-28T12:00:00Z,2026-02-28T12:18:42Z,auth,auth_enUS_labelerexp,at://did:plc:dbyiiezygctpknpht6ygkthv/app.bsky.feed.post/3mfw4qdywom2c,1,0,0,0
2a8e2a325ddc418ebe543683f40774d8,2026-02-28T12:00:00Z,2026-02-28T12:18:42Z,auth,auth_enUS_labelerexp,at://did:plc:7kjc7zzv54jl6yxuyjkpdvbx/app.bsky.feed.post/3mfw4olzoa22l,4,1,0,0
2a8e2a325ddc418ebe543683f40774d8,2026-02-28T12:00:00Z,2026-02-28T12:18:42Z,auth,auth_enUS_labelerexp,at://did:plc:u4f3al2xzntgtkk4pneov4g2/app.bsky.feed.post/3mfw4oknxs22d,6,0,0,0
2a8e2a325ddc418ebe543683f40774d8,2026-02-28T12:00:00Z,2026-02-28T12:18:42Z,auth,auth_enUS_labelerexp,at://did:plc:k6syqg577dr3nyrsevahuqmj/app.bsky.feed.post/3mfw4btfnmc2p,3,5,3,0
2a8e2a325ddc418ebe543683f40774d8,2026-02-28T12:00:00Z,2026-02-28T12:18:42Z,auth,auth_enUS_labelerexp,at://did:plc:k6syqg577dr3nyrsevahuqmj/app.bsky.feed.post/3mfw45t7j2k2p,5,6,2,0
2a8e2a325ddc418ebe543683f40774d8,2026-02-28T12:00:00Z,2026-02-28T12:18:42Z,auth,auth_enUS_labelerexp,at://did:plc:og2n65u7wyzi5nysfbd3abyp/app.bsky.feed.post/3mfw44f54fc2w,1,0,0,0
2a8e2a325ddc418ebe543683f40774d8,2026-02-28T12:00:00Z,2026-02-28T12:18:42Z,auth,auth_enUS_labelerexp,at://did:plc:fwht5t5ohgjqnd4p35uiwibx/app.bsky.feed.post/3mfw43otzzs2h,0,0,0,0
2a8e2a325ddc418ebe543683f40774d8,2026-02-28T12:00:00Z,2026-02-28T12:18:42Z,auth,auth_enUS_labelerexp,at://did:plc:k6syqg577dr3nyrsevahuqmj/app.bsky.feed.post/3mfw43dliwc2p,5,5,1,0
2a8e2a325ddc418ebe543683f40774d8,2026-02-28T12:00:00Z,2026-02-28T12:18:42Z,auth,auth_enUS_labelerexp,at://did:plc:k6syqg577dr3nyrsevahuqmj/app.bsky.feed.post/3mfw3u2djbc2p,2,5,2,0
2a8e2a325ddc418ebe543683f40774d8,2026-02-28T12:00:00Z,2026-02-28T12:18:42Z,auth,auth_enUS_labelerexp,at://did:plc:23wjsvypl7adzladmsjzribh/app.bsky.feed.post/3mfw3nuwetc2s,4,0,0,0
2a8e2a325ddc418ebe543683f40774d8,2026-02-28T12:00:00Z,2026-02-28T12:18:42Z,auth,auth_enUS_labelerexp,at://did:plc:23wjsvypl7adzladmsjzribh/app.bsky.feed.post/3mfw3gezds22s,3,0,1,0
2a8e2a325ddc418ebe543683f40774d8,2026-02-28T12:00:00Z,2026-02-28T12:18:42Z,auth,auth_enUS_labelerexp,at://did:plc:rmjconpldkourhtggdcnweqf/app.bsky.feed.post/3mfw2xobjsc2n,3,0,0,0
2a8e2a325ddc418ebe543683f40774d8,2026-02-28T12:00:00Z,2026-02-28T12:18:42Z,auth,auth_enUS_labelerexp,at://did:plc:urwbiqpcjwskrgmvxjfgddpj/app.bsky.feed.post/3mfw2dhr6hc2u,12,0,0,0
2a8e2a325ddc418ebe543683f40774d8,2026-02-28T12:00:00Z,2026-02-28T12:18:42Z,auth,auth_enUS_labelerexp,at://did:plc:6l5p6cx7726udtcts2rw5sar/app.bsky.feed.post/3mfw2c3dlak2i,16,0,0,0
2a8e2a325ddc418ebe543683f40774d8,2026-02-28T12:00:00Z,2026-02-28T12:18:42Z,auth,auth_enUS_labelerexp,at://did:plc:u4f3al2xzntgtkk4pneov4g2/app.bsky.feed.post/3mfvzrjynds2h,5,0,1,0
2a8e2a325ddc418ebe543683f40774d8,2026-02-28T12:00:00Z,2026-02-28T12:18:42Z,auth,auth_enUS_labelerexp,at://did:plc:hpqq4ke7r4q4nbd3lifqxyfu/app.bsky.feed.post/3mfvyzlnad22b,19,0,2,0
2a8e2a325ddc418ebe543683f40774d8,2026-02-28T12:00:00Z,2026-02-28T12:18:42Z,auth,auth_enUS_labelerexp,at://did:plc:u4f3al2xzntgtkk4pneov4g2/app.bsky.feed.post/3mfvyxgo6ds2e,10,0,1,0
2a8e2a325ddc418ebe543683f40774d8,2026-02-28T12:00:00Z,2026-02-28T12:18:42Z,auth,auth_enUS_labelerexp,at://did:plc:y7jhwh4bfi7dq5j6flh6wdrs/app.bsky.feed.post/3mfvytqr24c2w,3,1,0,0
2a8e2a325ddc418ebe543683f40774d8,2026-02-28T12:00:00Z,2026-02-28T12:18:42Z,auth,auth_enUS_labelerexp,at://did:plc:qhr6wtwvdelxj673bhaseb3b/app.bsky.feed.post/3mfvyc5ri2s2v,2,3,0,0
2a8e2a325ddc418ebe543683f40774d8,2026-02-28T12:00:00Z,2026-02-28T12:18:42Z,auth,auth_enUS_labelerexp,at://did:plc:hxww3uqustma2t2prhw35hk4/app.bsky.feed.post/3mfvy6bxwjs2k,3,0,1,0
2a8e2a325ddc418ebe543683f40774d8,2026-02-28T12:00:00Z,2026-02-28T12:18:42Z,auth,auth_enUS_labelerexp,at://did:plc:ai5bvjogucqadfymprhwutts/app.bsky.feed.post/3mfvy4tgyzk2a,1,0,1,0
2a8e2a325ddc418ebe543683f40774d8,2026-02-28T12:00:00Z,2026-02-28T12:18:42Z,auth,auth_enUS_labelerexp,at://did:plc:nys3vmqnft2uhtjgrqgxbyle/app.bsky.feed.post/3mfvxwz6zcc2o,1,0,0,0
2a8e2a325ddc418ebe543683f40774d8,2026-02-28T12:00:00Z,2026-02-28T12:18:42Z,auth,auth_enUS_labelerexp,at://did:plc:3lieybvoimi4hr4dpt4gpybe/app.bsky.feed.post/3mfvxvhuqg22s,35,4,1,0
2a8e2a325ddc418ebe543683f40774d8,2026-02-28T12:00:00Z,2026-02-28T12:18:42Z,auth,auth_enUS_labelerexp,at://did:plc:5bd6tdisq3mot3maz2ztt23a/app.bsky.feed.post/3mfvxpq3j722b,9,2,0,0
2a8e2a325ddc418ebe543683f40774d8,2026-02-28T12:00:00Z,2026-02-28T12:18:42Z,auth,auth_enUS_labelerexp,at://did:plc:jx77pb5yik2f3chpol6lg6mt/app.bsky.feed.post/3mfvxpkv4y22l,16,8,0,1
2a8e2a325ddc418ebe543683f40774d8,2026-02-28T12:00:00Z,2026-02-28T12:18:42Z,auth,auth_enUS_labelerexp,at://did:plc:z5ptmit32ew4wrgnsshagsr6/app.bsky.feed.post/3mfvxpgdc4g23,0,0,0,0
2a8e2a325ddc418ebe543683f40774d8,2026-02-28T12:00:00Z,2026-02-28T12:18:42Z,auth,auth_enUS_labelerexp,at://did:plc:izva6tdxggcnrzq47so27qhk/app.bsky.feed.post/3mfvxjdiuz22d,23,2,3,0
2a8e2a325ddc418ebe543683f40774d8,2026-02-28T12:00:00Z,2026-02-28T12:18:42Z,auth,auth_enUS_labelerexp,at://did:plc:hpqq4ke7r4q4nbd3lifqxyfu/app.bsky.feed.post/3mfvxgqlvis2w,40,6,1,2
2a8e2a325ddc418ebe543683f40774d8,2026-02-28T12:00:00Z,2026-02-28T12:18:42Z,auth,auth_enUS_labelerexp,at://did:plc:isy5bcahwtje66nyob4r4v66/app.bsky.feed.post/3mfvxf5elik2o,8,0,3,0
2a8e2a325ddc418ebe543683f40774d8,2026-02-28T12:00:00Z,2026-02-28T12:18:42Z,auth,auth_enUS_labelerexp,at://did:plc:hpqq4ke7r4q4nbd3lifqxyfu/app.bsky.feed.post/3mfvxd4jtvc2k,3,0,0,0
2a8e2a325ddc418ebe543683f40774d8,2026-02-28T12:00:00Z,2026-02-28T12:18:42Z,auth,auth_enUS_labelerexp,at://did:plc:isy5bcahwtje66nyob4r4v66/app.bsky.feed.post/3mfvx4md5tk2o,4,0,0,0
2a8e2a325ddc418ebe543683f40774d8,2026-02-28T12:00:00Z,2026-02-28T12:18:42Z,auth,auth_enUS_labelerexp,at://did:plc:z7ce2kkswublo6mgrzi7vhyp/app.bsky.feed.post/3mfvwuz6dj22i,11,1,1,0
2a8e2a325ddc418ebe543683f40774d8,2026-02-28T12:00:00Z,2026-02-28T12:18:42Z,auth,auth_enUS_labelerexp,at://did:plc:lg2is3bh2qsvpcnou4uia3x2/app.bsky.feed.post/3mfvws5avjs2l,72,12,4,0
2a8e2a325ddc418ebe543683f40774d8,2026-02-28T12:00:00Z,2026-02-28T12:18:42Z,auth,auth_enUS_labelerexp,at://did:plc:46jp6rf24q2clpjlbsw3u7cd/app.bsky.feed.post/3mfvwk32kys2w,10,0,0,0
2a8e2a325ddc418ebe543683f40774d8,2026-02-28T12:00:00Z,2026-02-28T12:18:42Z,auth,auth_enUS_labelerexp,at://did:plc:izva6tdxggcnrzq47so27qhk/app.bsky.feed.post/3mfvwijjlbk2d,5,3,1,0
2a8e2a325ddc418ebe543683f40774d8,2026-02-28T12:00:00Z,2026-02-28T12:18:42Z,auth,auth_enUS_labelerexp,at://did:plc:qnzvjllyjavv6k3cj6ao5buv/app.bsky.feed.post/3mfvwd4eook2g,2,1,0,0
2a8e2a325ddc418ebe543683f40774d8,2026-02-28T12:00:00Z,2026-02-28T12:18:42Z,auth,auth_enUS_labelerexp,at://did:plc:qhr6wtwvdelxj673bhaseb3b/app.bsky.feed.post/3mfvwbzbgds2v,1,1,0,0
2a8e2a325ddc418ebe543683f40774d8,2026-02-28T12:00:00Z,2026-02-28T12:18:42Z,auth,auth_enUS_labelerexp,at://did:plc:isy5bcahwtje66nyob4r4v66/app.bsky.feed.post/3mfvw7zk5j22o,7,0,1,0
2a8e2a325ddc418ebe543683f40774d8,2026-02-28T12:00:00Z,2026-02-28T12:18:42Z,auth,auth_enUS_labelerexp,at://did:plc:izva6tdxggcnrzq47so27qhk/app.bsky.feed.post/3mfvw5nftls2d,61,20,3,1
2a8e2a325ddc418ebe543683f40774d8,2026-02-28T12:00:00Z,2026-02-28T12:18:44Z,auth,auth_enUS_labelerexp,at://did:plc:nyz2ssqxd3g72lpmdrfrsc74/app.bsky.feed.post/3lgc57nllam2y,286,19,3,3
2a8e2a325ddc418ebe543683f40774d8,2026-02-28T12:00:00Z,2026-02-28T12:18:44Z,auth,auth_enUS_labelerexp,at://did:plc:ige2tprxy476kih67lnff7bm/app.bsky.feed.post/3mfw63ivolc2l,1,0,0,0
2a8e2a325ddc418ebe543683f40774d8,2026-02-28T12:00:00Z,2026-02-28T12:18:44Z,auth,auth_enUS_labelerexp,at://did:plc:ftvpwuw26q3oyloojhsi5f3e/app.bsky.feed.post/3mfw5vy2azc2c,0,0,0,0
2a8e2a325ddc418ebe543683f40774d8,2026-02-28T12:00:00Z,2026-02-28T12:18:44Z,auth,auth_enUS_labelerexp,at://did:plc:ewgihq5derazrxcnxcyuhxht/app.bsky.feed.post/3mfw4f6oec22w,3,1,0,0
2a8e2a325ddc418ebe543683f40774d8,2026-02-28T12:00:00Z,2026-02-28T12:18:44Z,auth,auth_enUS_labelerexp,at://did:plc:dlbgu6yk3kzaittsuauqagai/app.bsky.feed.post/3mfw3wsjotk2h,5,1,0,0
2a8e2a325ddc418ebe543683f40774d8,2026-02-28T12:00:00Z,2026-02-28T12:18:44Z,auth,auth_enUS_labelerexp,at://did:plc:svvjd26lr7pzsrxqpfjhwz2k/app.bsky.feed.post/3mfw3vlitx224,30,4,2,0
2a8e2a325ddc418ebe543683f40774d8,2026-02-28T12:00:00Z,2026-02-28T12:18:44Z,auth,auth_enUS_labelerexp,at://did:plc:wzaoo5yluwgjlauwrstoqznj/app.bsky.feed.post/3mfw3f2t5qc2g,0,0,0,0
2a8e2a325ddc418ebe543683f40774d8,2026-02-28T12:00:00Z,2026-02-28T12:18:44Z,auth,auth_enUS_labelerexp,at://did:plc:7ch3yrz3uc656ehmaaqqjvxn/app.bsky.feed.post/3mfw3cclais2m,0,0,0,0
2a8e2a325ddc418ebe543683f40774d8,2026-02-28T12:00:00Z,2026-02-28T12:18:44Z,auth,auth_enUS_labelerexp,at://did:plc:metv2zxmvdscqgjkat5wxj7o/app.bsky.feed.post/3mfw2uwd6a22d,4,0,0,0
2a8e2a325ddc418ebe543683f40774d8,2026-02-28T12:00:00Z,2026-02-28T12:18:44Z,auth,auth_enUS_labelerexp,at://did:plc:xwhsmuozq3mlsp56dyd7copv/app.bsky.feed.post/3mfw2ocr6lc2x,5,0,3,0
2a8e2a325ddc418ebe543683f40774d8,2026-02-28T12:00:00Z,2026-02-28T12:18:44Z,auth,auth_enUS_labelerexp,at://did:plc:2cqn44nit2iqkogqmsgsmiyg/app.bsky.feed.post/3mfw2dk7vyc2n,2,0,1,0
2a8e2a325ddc418ebe543683f40774d8,2026-02-28T12:00:00Z,2026-02-28T12:18:44Z,auth,auth_enUS_labelerexp,at://did:plc:i6y3jdklpvkjvynvsrnqfdoq/app.bsky.feed.post/3m5mvuczhqx2m,164,41,7,7
2a8e2a325ddc418ebe543683f40774d8,2026-02-28T12:00:00Z,2026-02-28T12:18:44Z,auth,auth_enUS_labelerexp,at://did:plc:bcpqamz2sxuxir5c7a65aee2/app.bsky.feed.post/3mfvywbzntk2u,5,0,0,0
2a8e2a325ddc418ebe543683f40774d8,2026-02-28T12:00:00Z,2026-02-28T12:18:44Z,auth,auth_enUS_labelerexp,at://did:plc:jx5numdlmraxnmrqv75oz4qd/app.bsky.feed.post/3mfvyqt32ks24,2,0,0,0
2a8e2a325ddc418ebe543683f40774d8,2026-02-28T12:00:00Z,2026-02-28T12:18:44Z,auth,auth_enUS_labelerexp,at://did:plc:oclab4s36mkriakyyqgrotrz/app.bsky.feed.post/3mfvyqfadl22c,0,0,0,0
2a8e2a325ddc418ebe543683f40774d8,2026-02-28T12:00:00Z,2026-02-28T12:18:44Z,auth,auth_enUS_labelerexp,at://did:plc:5f6yq6e7ovwdln55ufe33yey/app.bsky.feed.post/3mfvymyhyi222,0,0,0,0
2a8e2a325ddc418ebe543683f40774d8,2026-02-28T12:00:00Z,2026-02-28T12:18:44Z,auth,auth_enUS_labelerexp,at://did:plc:axuvbckddrg7lwlpjs44o7rg/app.bsky.feed.post/3mfvyeqjw2s2x,273,38,10,2
2a8e2a325ddc418ebe543683f40774d8,2026-02-28T12:00:00Z,2026-02-28T12:18:44Z,auth,auth_enUS_labelerexp,at://did:plc:jldwyrazfdid3c7qyxq2eyyf/app.bsky.feed.post/3mfvxzf4nk72f,1,0,0,0
2a8e2a325ddc418ebe543683f40774d8,2026-02-28T12:00:00Z,2026-02-28T12:18:44Z,auth,auth_enUS_labelerexp,at://did:plc:hyxrsdmqmdriikedjqcszgfn/app.bsky.feed.post/3mfvxtsvmbk2c,7,0,2,0
2a8e2a325ddc418ebe543683f40774d8,2026-02-28T12:00:00Z,2026-02-28T12:18:44Z,auth,auth_enUS_labelerexp,at://did:plc:sgoxvcaizltgekedoj4zeuly/app.bsky.feed.post/3mfvxpsir272e,0,0,0,0
2a8e2a325ddc418ebe543683f40774d8,2026-02-28T12:00:00Z,2026-02-28T12:18:44Z,auth,auth_enUS_labelerexp,at://did:plc:2iunm4ygn2inwajrksrgrfkf/app.bsky.feed.post/3mfvxpmve3z2q,1,1,1,0
2a8e2a325ddc418ebe543683f40774d8,2026-02-28T12:00:00Z,2026-02-28T12:18:44Z,auth,auth_enUS_labelerexp,at://did:plc:odgspxxlzv2yunqbivdtmnzr/app.bsky.feed.post/3mfvxmggqms2b,0,0,1,0
2a8e2a325ddc418ebe543683f40774d8,2026-02-28T12:00:00Z,2026-02-28T12:18:44Z,auth,auth_enUS_labelerexp,at://did:plc:34lib4u32uqt3fbigrcunhvl/app.bsky.feed.post/3mfvx7jhwm22c,5,0,0,0
2a8e2a325ddc418ebe543683f40774d8,2026-02-28T12:00:00Z,2026-02-28T12:18:44Z,auth,auth_enUS_labelerexp,at://did:plc:xc6sis3cuagsu7bemootqbdk/app.bsky.feed.post/3mfvwznbqnc2u,1,0,1,0
2a8e2a325ddc418ebe543683f40774d8,2026-02-28T12:00:00Z,2026-02-28T12:18:44Z,auth,auth_enUS_labelerexp,at://did:plc:ggmt3kkcw4rlieq4z6ibwy3o/app.bsky.feed.post/3mfvwnu6xwc2e,1,0,0,0
2a8e2a325ddc418ebe543683f40774d8,2026-02-28T12:00:00Z,2026-02-28T12:18:44Z,auth,auth_enUS_labelerexp,at://did:plc:r4gvpgecd7jduhvllok44mxe/app.bsky.feed.post/3mfvwly5f4c22,1,1,0,0
2a8e2a325ddc418ebe543683f40774d8,2026-02-28T12:00:00Z,2026-02-28T12:18:44Z,auth,auth_enUS_labelerexp,at://did:plc:k3jctig3pgyzlnmqiwrjui6a/app.bsky.feed.post/3mfvw7gqlj22o,0,0,0,0
2a8e2a325ddc418ebe543683f40774d8,2026-02-28T12:00:00Z,2026-02-28T12:18:44Z,auth,auth_enUS_labelerexp,at://did:plc:ufjtngkrrbksfzzlof337juk/app.bsky.feed.post/3mfvw6xe5p22r,45,12,1,2
2a8e2a325ddc418ebe543683f40774d8,2026-02-28T12:00:00Z,2026-02-28T12:18:44Z,auth,auth_enUS_labelerexp,at://did:plc:cobvw2sqqero66h665q2zmkg/app.bsky.feed.post/3mfvuvtslms27,0,0,0,0
2a8e2a325ddc418ebe543683f40774d8,2026-02-28T12:00:00Z,2026-02-28T12:18:44Z,auth,auth_enUS_labelerexp,at://did:plc:ggmt3kkcw4rlieq4z6ibwy3o/app.bsky.feed.post/3mfvunqcm3k2e,8,1,0,0
2a8e2a325ddc418ebe543683f40774d8,2026-02-28T12:00:00Z,2026-02-28T12:18:44Z,auth,auth_enUS_labelerexp,at://did:plc:5w3hpro6khc6glifwejratzo/app.bsky.feed.post/3mfvumtjmfs2b,3,0,0,0
2a8e2a325ddc418ebe543683f40774d8,2026-02-28T12:00:00Z,2026-02-28T12:18:44Z,auth,auth_enUS_labelerexp,at://did:plc:ximcdxmw5uompvdyykaormee/app.bsky.feed.post/3mfvu7wbcoc2r,1,0,0,0
2a8e2a325ddc418ebe543683f40774d8,2026-02-28T12:00:00Z,2026-02-28T12:18:44Z,auth,auth_enUS_labelerexp,at://did:plc:r4adavaedtvz5ocko2htn6ex/app.bsky.feed.post/3mfvtullqqk23,1,1,1,0
2a8e2a325ddc418ebe543683f40774d8,2026-02-28T12:00:00Z,2026-02-28T12:18:44Z,auth,auth_enUS_labelerexp,at://did:plc:fampsjzx24uks4ciwl4jvnkf/app.bsky.feed.post/3mfvt5ef2ts26,1,1,0,0
2a8e2a325ddc418ebe543683f40774d8,2026-02-28T12:00:00Z,2026-02-28T12:18:44Z,auth,auth_enUS_labelerexp,at://did:plc:ieoqnzbdrmdk5nlbypanbrkv/app.bsky.feed.post/3mfvszy4dqs2e,1,1,0,0
2a8e2a325ddc418ebe543683f40774d8,2026-02-28T12:00:00Z,2026-02-28T12:18:44Z,auth,auth_enUS_labelerexp,at://did:plc:pyekv67lknh2fyavmdsvbqaj/app.bsky.feed.post/3mfvsrvgvt225,0,0,0,0
2a8e2a325ddc418ebe543683f40774d8,2026-02-28T12:00:00Z,2026-02-28T12:18:44Z,auth,auth_enUS_labelerexp,at://did:plc:shymxzowflwzzwt7c5nkop6r/app.bsky.feed.post/3mfvsibdfw22l,2,0,0,1
2a8e2a325ddc418ebe543683f40774d8,2026-02-28T12:00:00Z,2026-02-28T12:18:44Z,auth,auth_enUS_labelerexp,at://did:plc:f37lcoiz6dfi5btyyxxpgq5h/app.bsky.feed.post/3mfvs56nbss2r,1,0,0,0
2a8e2a325ddc418ebe543683f40774d8,2026-02-28T12:00:00Z,2026-02-28T12:18:44Z,auth,auth_enUS_labelerexp,at://did:plc:q3eyovykpj5k5uxthr2h3hrl/app.bsky.feed.post/3mfvrucckn22s,0,0,0,0
2a8e2a325ddc418ebe543683f40774d8,2026-02-28T12:00:00Z,2026-02-28T12:18:44Z,auth,auth_enUS_labelerexp,at://did:plc:gi3jkoyjvhpgzeit3cnfasxj/app.bsky.feed.post/3mfvqtgklgc2b,16,1,2,0
2a8e2a325ddc418ebe543683f40774d8,2026-02-28T12:00:00Z,2026-02-28T12:18:44Z,auth,auth_enUS_labelerexp,at://did:plc:y2pi6wogg2jccsbev72kh7ye/app.bsky.feed.post/3mfvqsy3lyk2a,0,0,0,0
2a8e2a325ddc418ebe543683f40774d8,2026-02-28T12:00:00Z,2026-02-28T12:18:44Z,auth,auth_enUS_labelerexp,at://did:plc:mvh4wc2rxi4lujw6e4vlkqzk/app.bsky.feed.post/3mfvqs3zyec2z,8,3,1,0
2a8e2a325ddc418ebe543683f40774d8,2026-02-28T12:00:00Z,2026-02-28T12:18:44Z,auth,auth_enUS_labelerexp,at://did:plc:meebc75altsav3pgyz4b3g5o/app.bsky.feed.post/3mfvqjv6cjs22,35,5,2,0
2a8e2a325ddc418ebe543683f40774d8,2026-02-28T12:00:00Z,2026-02-28T12:18:44Z,auth,auth_enUS_labelerexp,at://did:plc:yi72x4ck2af3evubvzh2y7xv/app.bsky.feed.post/3mfvpadcbks2q,0,0,0,0
2a8e2a325ddc418ebe543683f40774d8,2026-02-28T12:00:00Z,2026-02-28T12:18:44Z,auth,auth_enUS_labelerexp,at://did:plc:z6mid5sj76kvto2rhsyakqek/app.bsky.feed.post/3mfvp3d7fwc22,2,0,1,0
2a8e2a325ddc418ebe543683f40774d8,2026-02-28T12:00:00Z,2026-02-28T12:18:44Z,auth,auth_enUS_labelerexp,at://did:plc:ggmt3kkcw4rlieq4z6ibwy3o/app.bsky.feed.post/3mfvnvwjhoc2f,3,3,0,0
2a8e2a325ddc418ebe543683f40774d8,2026-02-28T12:00:00Z,2026-02-28T12:18:44Z,auth,auth_enUS_labelerexp,at://did:plc:kstkhpnurrtktkz752s42rsz/app.bsky.feed.post/3mfvn7fjb4s2b,3,0,3,0
2a8e2a325ddc418ebe543683f40774d8,2026-02-28T12:00:00Z,2026-02-28T12:18:44Z,auth,auth_enUS_labelerexp,at://did:plc:ktpuxwuklgr3pdswz6orgn5r/app.bsky.feed.post/3mfvn2ghpvc2b,11,0,0,0
2a8e2a325ddc418ebe543683f40774d8,2026-02-28T12:00:00Z,2026-02-28T12:18:44Z,auth,auth_enUS_labelerexp,at://did:plc:aim75fx7y4kewlkf4grux6im/app.bsky.feed.post/3mfvlrz53t22p,11,2,0,0
2a8e2a325ddc418ebe543683f40774d8,2026-02-28T12:00:00Z,2026-02-28T12:18:44Z,auth,auth_enUS_labelerexp,at://did:plc:nyz2ssqxd3g72lpmdrfrsc74/app.bsky.feed.post/3lzz6zi3toc2k,87,13,1,0
2a8e2a325ddc418ebe543683f40774d8,2026-02-28T12:00:00Z,2026-02-28T12:18:46Z,auth,auth_enUS_labelerexp,at://did:plc:v6laejjz4r6n44nneiw3mupt/app.bsky.feed.post/3mfvyhfkjn22a,0,0,0,0
2a8e2a325ddc418ebe543683f40774d8,2026-02-28T12:00:00Z,2026-02-28T12:18:46Z,auth,auth_enUS_labelerexp,at://did:plc:rduhwyoszcdowok5bxdbh6vp/app.bsky.feed.post/3mfuqwlsfmc2d,7,2,2,0
2a8e2a325ddc418ebe543683f40774d8,2026-02-28T12:00:00Z,2026-02-28T12:18:46Z,auth,auth_enUS_labelerexp,at://did:plc:v6laejjz4r6n44nneiw3mupt/app.bsky.feed.post/3mftdmcnntk2x,0,0,0,0
2a8e2a325ddc418ebe543683f40774d8,2026-02-28T12:00:00Z,2026-02-28T12:18:46Z,auth,auth_enUS_labelerexp,at://did:plc:odqmsar3ikz5ubokya4sempk/app.bsky.feed.post/3luit4xmgnk24,31,0,2,0
2a8e2a325ddc418ebe543683f40774d8,2026-02-28T12:00:00Z,2026-02-28T12:18:46Z,auth,auth_enUS_labelerexp,at://did:plc:65b3kbil47einb4qjb232cot/app.bsky.feed.post/3mfskdd6v3s2i,5,2,0,0
2a8e2a325ddc418ebe543683f40774d8,2026-02-28T12:00:00Z,2026-02-28T12:18:46Z,auth,auth_enUS_labelerexp,at://did:plc:65b3kbil47einb4qjb232cot/app.bsky.feed.post/3mfskcvz3zk2i,35,17,1,0
2a8e2a325ddc418ebe543683f40774d8,2026-02-28T12:00:00Z,2026-02-28T12:18:46Z,auth,auth_enUS_labelerexp,at://did:plc:65b3kbil47einb4qjb232cot/app.bsky.feed.post/3mfskcmelxc2i,4,2,0,0
2a8e2a325ddc418ebe543683f40774d8,2026-02-28T12:00:00Z,2026-02-28T12:18:46Z,auth,auth_enUS_labelerexp,at://did:plc:65b3kbil47einb4qjb232cot/app.bsky.feed.post/3mfskc7f6yc2i,5,1,0,0
2a8e2a325ddc418ebe543683f40774d8,2026-02-28T12:00:00Z,2026-02-28T12:18:46Z,auth,auth_enUS_labelerexp,at://did:plc:65b3kbil47einb4qjb232cot/app.bsky.feed.post/3mfskbsfq2s2i,5,0,0,0
2a8e2a325ddc418ebe543683f40774d8,2026-02-28T12:00:00Z,2026-02-28T12:18:46Z,auth,auth_enUS_labelerexp,at://did:plc:65b3kbil47einb4qjb232cot/app.bsky.feed.post/3mfskbhtvjc2i,3,0,0,0
2a8e2a325ddc418ebe543683f40774d8,2026-02-28T12:00:00Z,2026-02-28T12:18:46Z,auth,auth_enUS_labelerexp,at://did:plc:65b3kbil47einb4qjb232cot/app.bsky.feed.post/3mfskb3qi2k2i,4,1,0,0
2a8e2a325ddc418ebe543683f40774d8,2026-02-28T12:00:00Z,2026-02-28T12:18:46Z,auth,auth_enUS_labelerexp,at://did:plc:xrscs5cgdj7mn6oio7ebxfmh/app.bsky.feed.post/3mfrwtyienm2q,11,3,0,0
2a8e2a325ddc418ebe543683f40774d8,2026-02-28T12:00:00Z,2026-02-28T12:18:46Z,auth,auth_enUS_labelerexp,at://did:plc:ibrmn3ffauu3tkytiqqxsm2g/app.bsky.feed.post/3mfrjtrjwt22c,3,2,0,0
2a8e2a325ddc418ebe543683f40774d8,2026-02-28T12:00:00Z,2026-02-28T12:18:46Z,auth,auth_enUS_labelerexp,at://did:plc:v6laejjz4r6n44nneiw3mupt/app.bsky.feed.post/3mfreti7uu22s,0,0,0,0
2a8e2a325ddc418ebe543683f40774d8,2026-02-28T12:00:00Z,2026-02-28T12:18:46Z,auth,auth_enUS_labelerexp,at://did:plc:6ntdebolqjiyjble7hlqaynz/app.bsky.feed.post/3mfr4kcpay222,7,6,1,0
2a8e2a325ddc418ebe543683f40774d8,2026-02-28T12:00:00Z,2026-02-28T12:18:46Z,auth,auth_enUS_labelerexp,at://did:plc:6ntdebolqjiyjble7hlqaynz/app.bsky.feed.post/3mfr4kh4lgs22,1,0,0,0
2a8e2a325ddc418ebe543683f40774d8,2026-02-28T12:00:00Z,2026-02-28T12:18:46Z,auth,auth_enUS_labelerexp,at://did:plc:v6laejjz4r6n44nneiw3mupt/app.bsky.feed.post/3mfqwga4o3c2t,0,0,0,0
2a8e2a325ddc418ebe543683f40774d8,2026-02-28T12:00:00Z,2026-02-28T12:18:46Z,auth,auth_enUS_labelerexp,at://did:plc:z3pcr4ej5cm37v4f2wbme44p/app.bsky.feed.post/3mfqmfrajyc25,7,2,0,0
2a8e2a325ddc418ebe543683f40774d8,2026-02-28T12:00:00Z,2026-02-28T12:18:46Z,auth,auth_enUS_labelerexp,at://did:plc:pnziu7licyhm4gm5unkqp5yg/app.bsky.feed.post/3mfqalxkclk2a,3,1,0,0
2a8e2a325ddc418ebe543683f40774d8,2026-02-28T12:00:00Z,2026-02-28T12:18:46Z,auth,auth_enUS_labelerexp,at://did:plc:pnziu7licyhm4gm5unkqp5yg/app.bsky.feed.post/3mfqaglvjzr2a,0,0,0,0
2a8e2a325ddc418ebe543683f40774d8,2026-02-28T12:00:00Z,2026-02-28T12:18:46Z,auth,auth_enUS_labelerexp,at://did:plc:pnziu7licyhm4gm5unkqp5yg/app.bsky.feed.post/3mfqaevnvbp2t,0,1,0,0
2a8e2a325ddc418ebe543683f40774d8,2026-02-28T12:00:00Z,2026-02-28T12:18:46Z,auth,auth_enUS_labelerexp,at://did:plc:pnziu7licyhm4gm5unkqp5yg/app.bsky.feed.post/3mfqa7jn65w2w,3,1,0,0
2a8e2a325ddc418ebe543683f40774d8,2026-02-28T12:00:00Z,2026-02-28T12:18:46Z,auth,auth_enUS_labelerexp,at://did:plc:pnziu7licyhm4gm5unkqp5yg/app.bsky.feed.post/3mfq6crmwhs2s,1,0,0,0
2a8e2a325ddc418ebe543683f40774d8,2026-02-28T12:00:00Z,2026-02-28T12:18:46Z,auth,auth_enUS_labelerexp,at://did:plc:pnziu7licyhm4gm5unkqp5yg/app.bsky.feed.post/3mfq6b4j3cp22,2,0,0,0
2a8e2a325ddc418ebe543683f40774d8,2026-02-28T12:00:00Z,2026-02-28T12:18:46Z,auth,auth_enUS_labelerexp,at://did:plc:pnziu7licyhm4gm5unkqp5yg/app.bsky.feed.post/3mfpziymmnh2r,3,3,0,0
2a8e2a325ddc418ebe543683f40774d8,2026-02-28T12:00:00Z,2026-02-28T12:18:46Z,auth,auth_enUS_labelerexp,at://did:plc:pnziu7licyhm4gm5unkqp5yg/app.bsky.feed.post/3mfpzh7iaiu2z,2,0,0,0
2a8e2a325ddc418ebe543683f40774d8,2026-02-28T12:00:00Z,2026-02-28T12:18:46Z,auth,auth_enUS_labelerexp,at://did:plc:pnziu7licyhm4gm5unkqp5yg/app.bsky.feed.post/3mfpzdoiieu2t,0,0,0,0
2a8e2a325ddc418ebe543683f40774d8,2026-02-28T12:00:00Z,2026-02-28T12:18:46Z,auth,auth_enUS_labelerexp,at://did:plc:pnziu7licyhm4gm5unkqp5yg/app.bsky.feed.post/3mfpz4hvnho2v,0,0,0,0
2a8e2a325ddc418ebe543683f40774d8,2026-02-28T12:00:00Z,2026-02-28T12:18:46Z,auth,auth_enUS_labelerexp,at://did:plc:pnziu7licyhm4gm5unkqp5yg/app.bsky.feed.post/3mfpz2sdonq2a,0,0,0,0
2a8e2a325ddc418ebe543683f40774d8,2026-02-28T12:00:00Z,2026-02-28T12:18:46Z,auth,auth_enUS_labelerexp,at://did:plc:65b3kbil47einb4qjb232cot/app.bsky.feed.post/3mfpyxmwwes2f,9,0,0,0
2a8e2a325ddc418ebe543683f40774d8,2026-02-28T12:00:00Z,2026-02-28T12:18:46Z,auth,auth_enUS_labelerexp,at://did:plc:65b3kbil47einb4qjb232cot/app.bsky.feed.post/3mfpyx4knz22f,6,1,0,0
2a8e2a325ddc418ebe543683f40774d8,2026-02-28T12:00:00Z,2026-02-28T12:18:46Z,auth,auth_enUS_labelerexp,at://did:plc:pnziu7licyhm4gm5unkqp5yg/app.bsky.feed.post/3mfpyx3s5mf2w,3,3,0,0
2a8e2a325ddc418ebe543683f40774d8,2026-02-28T12:00:00Z,2026-02-28T12:18:46Z,auth,auth_enUS_labelerexp,at://did:plc:65b3kbil47einb4qjb232cot/app.bsky.feed.post/3mfpywqgnyk2f,5,3,0,0
2a8e2a325ddc418ebe543683f40774d8,2026-02-28T12:00:00Z,2026-02-28T12:18:46Z,auth,auth_enUS_labelerexp,at://did:plc:65b3kbil47einb4qjb232cot/app.bsky.feed.post/3mfpywdeoyk2f,4,1,0,0
2a8e2a325ddc418ebe543683f40774d8,2026-02-28T12:00:00Z,2026-02-28T12:18:46Z,auth,auth_enUS_labelerexp,at://did:plc:65b3kbil47einb4qjb232cot/app.bsky.feed.post/3mfpyvstx322f,5,1,0,0
2a8e2a325ddc418ebe543683f40774d8,2026-02-28T12:00:00Z,2026-02-28T12:18:46Z,auth,auth_enUS_labelerexp,at://did:plc:65b3kbil47einb4qjb232cot/app.bsky.feed.post/3mfpyvdzbmk2f,3,0,0,0
2a8e2a325ddc418ebe543683f40774d8,2026-02-28T12:00:00Z,2026-02-28T12:18:46Z,auth,auth_enUS_labelerexp,at://did:plc:pnziu7licyhm4gm5unkqp5yg/app.bsky.feed.post/3mfpyvdlrgc2g,1,0,0,0
2a8e2a325ddc418ebe543683f40774d8,2026-02-28T12:00:00Z,2026-02-28T12:18:46Z,auth,auth_enUS_labelerexp,at://did:plc:65b3kbil47einb4qjb232cot/app.bsky.feed.post/3mfpyuxoygk2f,3,1,0,0
2a8e2a325ddc418ebe543683f40774d8,2026-02-28T12:00:00Z,2026-02-28T12:18:46Z,auth,auth_enUS_labelerexp,at://did:plc:65b3kbil47einb4qjb232cot/app.bsky.feed.post/3mfpyulougs2f,6,2,0,0
2a8e2a325ddc418ebe543683f40774d8,2026-02-28T12:00:00Z,2026-02-28T12:18:46Z,auth,auth_enUS_labelerexp,at://did:plc:65b3kbil47einb4qjb232cot/app.bsky.feed.post/3mfpyu3amls2f,3,0,0,0
2a8e2a325ddc418ebe543683f40774d8,2026-02-28T12:00:00Z,2026-02-28T12:18:46Z,auth,auth_enUS_labelerexp,at://did:plc:65b3kbil47einb4qjb232cot/app.bsky.feed.post/3mfpytii4rk2f,4,0,0,0
2a8e2a325ddc418ebe543683f40774d8,2026-02-28T12:00:00Z,2026-02-28T12:18:46Z,auth,auth_enUS_labelerexp,at://did:plc:pnziu7licyhm4gm5unkqp5yg/app.bsky.feed.post/3mfpyrwqjkk2g,1,0,0,0
2a8e2a325ddc418ebe543683f40774d8,2026-02-28T12:00:00Z,2026-02-28T12:18:46Z,auth,auth_enUS_labelerexp,at://did:plc:puacmqyssucxfgdbhfkuqwcd/app.bsky.feed.post/3mfpovi4my22j,2,0,0,0
2a8e2a325ddc418ebe543683f40774d8,2026-02-28T12:00:00Z,2026-02-28T12:18:46Z,auth,auth_enUS_labelerexp,at://did:plc:xs67ew6u6yyl3slspw4us6wn/app.bsky.feed.post/3mfoyc5wuis2j,1,0,0,0
2a8e2a325ddc418ebe543683f40774d8,2026-02-28T12:00:00Z,2026-02-28T12:18:46Z,auth,auth_enUS_labelerexp,at://did:plc:6ntdebolqjiyjble7hlqaynz/app.bsky.feed.post/3mfouvxipic2v,5,1,0,0
2a8e2a325ddc418ebe543683f40774d8,2026-02-28T12:00:00Z,2026-02-28T12:18:46Z,auth,auth_enUS_labelerexp,at://did:plc:v6laejjz4r6n44nneiw3mupt/app.bsky.feed.post/3mfokfztgb22c,2,3,0,0
2a8e2a325ddc418ebe543683f40774d8,2026-02-28T12:00:00Z,2026-02-28T12:18:46Z,auth,auth_enUS_labelerexp,at://did:plc:v6laejjz4r6n44nneiw3mupt/app.bsky.feed.post/3mfoen7y44s27,0,0,0,0
2a8e2a325ddc418ebe543683f40774d8,2026-02-28T12:00:00Z,2026-02-28T12:18:46Z,auth,auth_enUS_labelerexp,at://did:plc:65b3kbil47einb4qjb232cot/app.bsky.feed.post/3mfnk4dw44s2v,6,2,0,0
2a8e2a325ddc418ebe543683f40774d8,2026-02-28T12:00:00Z,2026-02-28T12:18:46Z,auth,auth_enUS_labelerexp,at://did:plc:65b3kbil47einb4qjb232cot/app.bsky.feed.post/3mfnk3xqv2c2v,11,7,0,0
2a8e2a325ddc418ebe543683f40774d8,2026-02-28T12:00:00Z,2026-02-28T12:18:46Z,auth,auth_enUS_labelerexp,at://did:plc:65b3kbil47einb4qjb232cot/app.bsky.feed.post/3mfnk3my3ts2v,6,2,0,0
2a8e2a325ddc418ebe543683f40774d8,2026-02-28T12:00:00Z,2026-02-28T12:18:47Z,auth,auth_enUS_labelerexp,at://did:plc:lplrth66g3tm5c3eklr7mcjw/app.bsky.feed.post/3mfw6hbdhgc2d,1,0,0,0
2a8e2a325ddc418ebe543683f40774d8,2026-02-28T12:00:00Z,2026-02-28T12:18:47Z,auth,auth_enUS_labelerexp,at://did:plc:pqc5wcwi3sosarnpgnizrvk2/app.bsky.feed.post/3mfw5px4y3s2n,5,1,1,0
2a8e2a325ddc418ebe543683f40774d8,2026-02-28T12:00:00Z,2026-02-28T12:18:47Z,auth,auth_enUS_labelerexp,at://did:plc:b6uhtbejmvivnw72tcmvam4e/app.bsky.feed.post/3mfw3ekvqxc2b,3,0,0,0
2a8e2a325ddc418ebe543683f40774d8,2026-02-28T12:00:00Z,2026-02-28T12:18:47Z,auth,auth_enUS_labelerexp,at://did:plc:fpstbg56y5gy6shc24zb7st5/app.bsky.feed.post/3mfw2nwyzhs2i,1,0,0,0
2a8e2a325ddc418ebe543683f40774d8,2026-02-28T12:00:00Z,2026-02-28T12:18:47Z,auth,auth_enUS_labelerexp,at://did:plc:b6uhtbejmvivnw72tcmvam4e/app.bsky.feed.post/3mfvyrvz2wk2b,1,0,0,0
2a8e2a325ddc418ebe543683f40774d8,2026-02-28T12:00:00Z,2026-02-28T12:18:47Z,auth,auth_enUS_labelerexp,at://did:plc:yhzyxlmz4urahyao74jri2az/app.bsky.feed.post/3mfvykrlsh223,7,2,1,0
2a8e2a325ddc418ebe543683f40774d8,2026-02-28T12:00:00Z,2026-02-28T12:18:47Z,auth,auth_enUS_labelerexp,at://did:plc:og7h5fbps4ohqrk2fpps3mfd/app.bsky.feed.post/3mfvy4t5hec2q,4,0,0,0
2a8e2a325ddc418ebe543683f40774d8,2026-02-28T12:00:00Z,2026-02-28T12:18:47Z,auth,auth_enUS_labelerexp,at://did:plc:mritm5syhrrwri5gjte4ipqh/app.bsky.feed.post/3mfvxqhpfoc2t,15,0,0,0
2a8e2a325ddc418ebe543683f40774d8,2026-02-28T12:00:00Z,2026-02-28T12:18:47Z,auth,auth_enUS_labelerexp,at://did:plc:og7h5fbps4ohqrk2fpps3mfd/app.bsky.feed.post/3mfvwjczeqk2q,11,0,0,0
2a8e2a325ddc418ebe543683f40774d8,2026-02-28T12:00:00Z,2026-02-28T12:18:47Z,auth,auth_enUS_labelerexp,at://did:plc:3tnu5gfoy6vizfphb4ltzuom/app.bsky.feed.post/3mfvw7isyj223,6,0,1,0
2a8e2a325ddc418ebe543683f40774d8,2026-02-28T12:00:00Z,2026-02-28T12:18:47Z,auth,auth_enUS_labelerexp,at://did:plc:uxndeoird6wv2bkvoas4afu2/app.bsky.feed.post/3mfvuiqdiks2w,1,0,2,0
2a8e2a325ddc418ebe543683f40774d8,2026-02-28T12:00:00Z,2026-02-28T12:18:47Z,auth,auth_enUS_labelerexp,at://did:plc:og7h5fbps4ohqrk2fpps3mfd/app.bsky.feed.post/3mfvuhm2zsc2q,19,0,0,1
2a8e2a325ddc418ebe543683f40774d8,2026-02-28T12:00:00Z,2026-02-28T12:18:47Z,auth,auth_enUS_labelerexp,at://did:plc:og7h5fbps4ohqrk2fpps3mfd/app.bsky.feed.post/3mfvtj4lmak2q,8,0,0,0
2a8e2a325ddc418ebe543683f40774d8,2026-02-28T12:00:00Z,2026-02-28T12:18:47Z,auth,auth_enUS_labelerexp,at://did:plc:jccmcbclujzvliok43lhiajk/app.bsky.feed.post/3mfvspddds22d,1,0,0,0
2a8e2a325ddc418ebe543683f40774d8,2026-02-28T12:00:00Z,2026-02-28T12:18:47Z,auth,auth_enUS_labelerexp,at://did:plc:jccmcbclujzvliok43lhiajk/app.bsky.feed.post/3mfvsdmdfqk27,0,0,0,0
2a8e2a325ddc418ebe543683f40774d8,2026-02-28T12:00:00Z,2026-02-28T12:18:47Z,auth,auth_enUS_labelerexp,at://did:plc:mritm5syhrrwri5gjte4ipqh/app.bsky.feed.post/3mfvs6yox4s2n,9,1,2,0
2a8e2a325ddc418ebe543683f40774d8,2026-02-28T12:00:00Z,2026-02-28T12:18:47Z,auth,auth_enUS_labelerexp,at://did:plc:3tnu5gfoy6vizfphb4ltzuom/app.bsky.feed.post/3mfvs32du7s22,0,0,0,0
2a8e2a325ddc418ebe543683f40774d8,2026-02-28T12:00:00Z,2026-02-28T12:18:47Z,auth,auth_enUS_labelerexp,at://did:plc:3a4d3xi7otiafmnng5nrf3om/app.bsky.feed.post/3mfvrnk6xsk2r,19,0,1,0
2a8e2a325ddc418ebe543683f40774d8,2026-02-28T12:00:00Z,2026-02-28T12:18:47Z,auth,auth_enUS_labelerexp,at://did:plc:3tnu5gfoy6vizfphb4ltzuom/app.bsky.feed.post/3mfvrld6bak22,7,0,2,0
2a8e2a325ddc418ebe543683f40774d8,2026-02-28T12:00:00Z,2026-02-28T12:18:47Z,auth,auth_enUS_labelerexp,at://did:plc:mu7o7oy4xcrpdab77gn25eof/app.bsky.feed.post/3mfvr6rysg22w,0,0,0,0
2a8e2a325ddc418ebe543683f40774d8,2026-02-28T12:00:00Z,2026-02-28T12:18:47Z,auth,auth_enUS_labelerexp,at://did:plc:2gfppbnd76jx7c5jbs4drs5u/app.bsky.feed.post/3mfvpb7iues2d,5,1,0,0
2a8e2a325ddc418ebe543683f40774d8,2026-02-28T12:00:00Z,2026-02-28T12:18:47Z,auth,auth_enUS_labelerexp,at://did:plc:fpstbg56y5gy6shc24zb7st5/app.bsky.feed.post/3mfvo663t3k2q,2,0,0,0
2a8e2a325ddc418ebe543683f40774d8,2026-02-28T12:00:00Z,2026-02-28T12:18:47Z,auth,auth_enUS_labelerexp,at://did:plc:xif4eeza5r6otzkherqdgqdd/app.bsky.feed.post/3mfvo4fmcbc2i,7,1,0,0
2a8e2a325ddc418ebe543683f40774d8,2026-02-28T12:00:00Z,2026-02-28T12:18:47Z,auth,auth_enUS_labelerexp,at://did:plc:ypumkm5ejplumurg62yxtqca/app.bsky.feed.post/3mfvnnlbark2w,0,0,1,0
2a8e2a325ddc418ebe543683f40774d8,2026-02-28T12:00:00Z,2026-02-28T12:18:47Z,auth,auth_enUS_labelerexp,at://did:plc:3tnu5gfoy6vizfphb4ltzuom/app.bsky.feed.post/3mfvnjs3ey222,5,0,0,0
2a8e2a325ddc418ebe543683f40774d8,2026-02-28T12:00:00Z,2026-02-28T12:18:47Z,auth,auth_enUS_labelerexp,at://did:plc:xif4eeza5r6otzkherqdgqdd/app.bsky.feed.post/3mfvnj6acpk2a,4,0,0,0
2a8e2a325ddc418ebe543683f40774d8,2026-02-28T12:00:00Z,2026-02-28T12:18:47Z,auth,auth_enUS_labelerexp,at://did:plc:xif4eeza5r6otzkherqdgqdd/app.bsky.feed.post/3mfvnfodxgc2a,0,0,0,0
2a8e2a325ddc418ebe543683f40774d8,2026-02-28T12:00:00Z,2026-02-28T12:18:47Z,auth,auth_enUS_labelerexp,at://did:plc:xif4eeza5r6otzkherqdgqdd/app.bsky.feed.post/3mfvnbmmnms2a,3,0,1,0
2a8e2a325ddc418ebe543683f40774d8,2026-02-28T12:00:00Z,2026-02-28T12:18:47Z,auth,auth_enUS_labelerexp,at://did:plc:37637gryoiwqmbrtgsttsx3z/app.bsky.feed.post/3mfvn4kzmxs2e,6,0,2,0
2a8e2a325ddc418ebe543683f40774d8,2026-02-28T12:00:00Z,2026-02-28T12:18:47Z,auth,auth_enUS_labelerexp,at://did:plc:37637gryoiwqmbrtgsttsx3z/app.bsky.feed.post/3mfvmzkcvps2e,4,0,1,1
2a8e2a325ddc418ebe543683f40774d8,2026-02-28T12:00:00Z,2026-02-28T12:18:47Z,auth,auth_enUS_labelerexp,at://did:plc:3efcfr56auqmdx66sgnxkcau/app.bsky.feed.post/3mfvmhpy3e22y,9,1,0,0
2a8e2a325ddc418ebe543683f40774d8,2026-02-28T12:00:00Z,2026-02-28T12:18:47Z,auth,auth_enUS_labelerexp,at://did:plc:jlzyrhhnfvfmiy3bntbxdiv7/app.bsky.feed.post/3mfvmgl7qrk22,5,0,0,0
2a8e2a325ddc418ebe543683f40774d8,2026-02-28T12:00:00Z,2026-02-28T12:18:47Z,auth,auth_enUS_labelerexp,at://did:plc:fpstbg56y5gy6shc24zb7st5/app.bsky.feed.post/3mfvlcgnink2q,0,0,0,0
2a8e2a325ddc418ebe543683f40774d8,2026-02-28T12:00:00Z,2026-02-28T12:18:47Z,auth,auth_enUS_labelerexp,at://did:plc:jlzyrhhnfvfmiy3bntbxdiv7/app.bsky.feed.post/3mfvkffkts222,2,0,0,0
2a8e2a325ddc418ebe543683f40774d8,2026-02-28T12:00:00Z,2026-02-28T12:18:47Z,auth,auth_enUS_labelerexp,at://did:plc:ptql2djmb7v4diujhbd27cn7/app.bsky.feed.post/3mfvjqs23as2a,15,0,0,1
2a8e2a325ddc418ebe543683f40774d8,2026-02-28T12:00:00Z,2026-02-28T12:18:47Z,auth,auth_enUS_labelerexp,at://did:plc:25a4w47mlwtx3vexjg2khyym/app.bsky.feed.post/3mfvjkvj7ik23,10,1,0,0
2a8e2a325ddc418ebe543683f40774d8,2026-02-28T12:00:00Z,2026-02-28T12:18:47Z,auth,auth_enUS_labelerexp,at://did:plc:72mcbg3xusnhg76e6dqeduov/app.bsky.feed.post/3mfviqva6ns2n,14,5,1,0
2a8e2a325ddc418ebe543683f40774d8,2026-02-28T12:00:00Z,2026-02-28T12:18:47Z,auth,auth_enUS_labelerexp,at://did:plc:jccmcbclujzvliok43lhiajk/app.bsky.feed.post/3mfvifthgyc2x,52,0,1,0
2a8e2a325ddc418ebe543683f40774d8,2026-02-28T12:00:00Z,2026-02-28T12:18:47Z,auth,auth_enUS_labelerexp,at://did:plc:tigdiqfw3etij7hcdanybhr5/app.bsky.feed.post/3mfvichrx4s2a,17,0,0,0
2a8e2a325ddc418ebe543683f40774d8,2026-02-28T12:00:00Z,2026-02-28T12:18:47Z,auth,auth_enUS_labelerexp,at://did:plc:zjt5ilmeu3c2q5lgph2bjpij/app.bsky.feed.post/3mfvi7zczjc2k,9,0,1,0
2a8e2a325ddc418ebe543683f40774d8,2026-02-28T12:00:00Z,2026-02-28T12:18:47Z,auth,auth_enUS_labelerexp,at://did:plc:q4ah2xfoxvilyjask6fuue3z/app.bsky.feed.post/3mfvi4t2krc2k,6,0,0,0
2a8e2a325ddc418ebe543683f40774d8,2026-02-28T12:00:00Z,2026-02-28T12:18:47Z,auth,auth_enUS_labelerexp,at://did:plc:ncb25krijxqsyxx6vowi52jp/app.bsky.feed.post/3mfvhvh3a6s2c,2,0,1,0
2a8e2a325ddc418ebe543683f40774d8,2026-02-28T12:00:00Z,2026-02-28T12:18:47Z,auth,auth_enUS_labelerexp,at://did:plc:37637gryoiwqmbrtgsttsx3z/app.bsky.feed.post/3mfvhr4oy3k2e,8,0,1,0
2a8e2a325ddc418ebe543683f40774d8,2026-02-28T12:00:00Z,2026-02-28T12:18:47Z,auth,auth_enUS_labelerexp,at://did:plc:uxndeoird6wv2bkvoas4afu2/app.bsky.feed.post/3mfvhnkakt22l,1,0,0,0
2a8e2a325ddc418ebe543683f40774d8,2026-02-28T12:00:00Z,2026-02-28T12:18:47Z,auth,auth_enUS_labelerexp,at://did:plc:ptql2djmb7v4diujhbd27cn7/app.bsky.feed.post/3mfvhnhuvwc2a,28,1,5,0
2a8e2a325ddc418ebe543683f40774d8,2026-02-28T12:00:00Z,2026-02-28T12:18:47Z,auth,auth_enUS_labelerexp,at://did:plc:ptql2djmb7v4diujhbd27cn7/app.bsky.feed.post/3mfvhcnhdnc2a,1,0,1,0
2a8e2a325ddc418ebe543683f40774d8,2026-02-28T12:00:00Z,2026-02-28T12:18:47Z,auth,auth_enUS_labelerexp,at://did:plc:2jtya2svlwcpos5drug4lsvx/app.bsky.feed.post/3mfvgmsvw322t,540,30,27,0
2a8e2a325ddc418ebe543683f40774d8,2026-02-28T12:00:00Z,2026-02-28T12:18:47Z,auth,auth_enUS_labelerexp,at://did:plc:zjt5ilmeu3c2q5lgph2bjpij/app.bsky.feed.post/3mfvfy56hss2k,94,1,4,0
2a8e2a325ddc418ebe543683f40774d8,2026-02-28T12:00:00Z,2026-02-28T12:18:47Z,auth,auth_enUS_labelerexp,at://did:plc:wkp5nngeezz2byktm6egqgi3/app.bsky.feed.post/3mfvfwuls7227,8,0,0,0
2a8e2a325ddc418ebe543683f40774d8,2026-02-28T12:00:00Z,2026-02-28T12:18:47Z,auth,auth_enUS_labelerexp,at://did:plc:xg3zpk6xq4zhyhejgznk45r6/app.bsky.feed.post/3mfvftf5i4s23,2,0,0,0
2a8e2a325ddc418ebe543683f40774d8,2026-02-28T12:00:00Z,2026-02-28T12:18:48Z,auth,auth_enUS_labelerexp,at://did:plc:tfdri22doh4vqhl3uesx2a2y/app.bsky.feed.post/3mfw6pnyyjc22,1,0,0,0
2a8e2a325ddc418ebe543683f40774d8,2026-02-28T12:00:00Z,2026-02-28T12:18:48Z,auth,auth_enUS_labelerexp,at://did:plc:kdvt2trvbrx2bvsla3vauwjm/app.bsky.feed.post/3mfw6o3sgec2d,0,0,0,0
2a8e2a325ddc418ebe543683f40774d8,2026-02-28T12:00:00Z,2026-02-28T12:18:48Z,auth,auth_enUS_labelerexp,at://did:plc:kst5drz43zgrdjv2pwk5so7e/app.bsky.feed.post/3mfw6fdp65c2q,1,0,0,0
2a8e2a325ddc418ebe543683f40774d8,2026-02-28T12:00:00Z,2026-02-28T12:18:48Z,auth,auth_enUS_labelerexp,at://did:plc:ym262nxdpyypmzkfkzradf2j/app.bsky.feed.post/3mfw6erv5vs2g,0,0,1,0
2a8e2a325ddc418ebe543683f40774d8,2026-02-28T12:00:00Z,2026-02-28T12:18:48Z,auth,auth_enUS_labelerexp,at://did:plc:bypcp4vey6lalp6hvrtmckww/app.bsky.feed.post/3mfw6eqg7xc2a,0,0,0,0
2a8e2a325ddc418ebe543683f40774d8,2026-02-28T12:00:00Z,2026-02-28T12:18:48Z,auth,auth_enUS_labelerexp,at://did:plc:3wffrrj33xm22527lv4mg7xg/app.bsky.feed.post/3mfw6dadnlc24,0,0,0,0
2a8e2a325ddc418ebe543683f40774d8,2026-02-28T12:00:00Z,2026-02-28T12:18:48Z,auth,auth_enUS_labelerexp,at://did:plc:cn6gfzdgs7fnxare5c3gj4eq/app.bsky.feed.post/3mfw6b6kt3k2k,0,0,0,0
2a8e2a325ddc418ebe543683f40774d8,2026-02-28T12:00:00Z,2026-02-28T12:18:48Z,auth,auth_enUS_labelerexp,at://did:plc:2akphtlj6iyprs7lp2rju6sw/app.bsky.feed.post/3mfw63c5vck26,0,0,0,0
2a8e2a325ddc418ebe543683f40774d8,2026-02-28T12:00:00Z,2026-02-28T12:18:48Z,auth,auth_enUS_labelerexp,at://did:plc:fvpwkj3qhf7qqqbjoyzmw4zt/app.bsky.feed.post/3mfw5v3d7tk2t,0,0,0,0
2a8e2a325ddc418ebe543683f40774d8,2026-02-28T12:00:00Z,2026-02-28T12:18:48Z,auth,auth_enUS_labelerexp,at://did:plc:eer7xz6mg5e3g5yci6qrd5m2/app.bsky.feed.post/3mfw5gb3k7oz2,2,0,0,0
2a8e2a325ddc418ebe543683f40774d8,2026-02-28T12:00:00Z,2026-02-28T12:18:48Z,auth,auth_enUS_labelerexp,at://did:plc:k4bjqczylrgzsjgqpd7zvxxm/app.bsky.feed.post/3mfw5ek3u722t,0,0,0,0
2a8e2a325ddc418ebe543683f40774d8,2026-02-28T12:00:00Z,2026-02-28T12:18:48Z,auth,auth_enUS_labelerexp,at://did:plc:zbnwybilebupvtrnuswzqygy/app.bsky.feed.post/3mfw5cbuvys2f,0,0,0,0
2a8e2a325ddc418ebe543683f40774d8,2026-02-28T12:00:00Z,2026-02-28T12:18:48Z,auth,auth_enUS_labelerexp,at://did:plc:3skhva7qb4rlzskkxpqyqndj/app.bsky.feed.post/3mfw5a6dqrk2w,0,0,0,0
2a8e2a325ddc418ebe543683f40774d8,2026-02-28T12:00:00Z,2026-02-28T12:18:48Z,auth,auth_enUS_labelerexp,at://did:plc:n4s4xdzuuw4fqixa25bvz3re/app.bsky.feed.post/3mfw57fitbk24,0,0,1,0
2a8e2a325ddc418ebe543683f40774d8,2026-02-28T12:00:00Z,2026-02-28T12:18:48Z,auth,auth_enUS_labelerexp,at://did:plc:ylkpjx2a7qejati7g6ugqrd4/app.bsky.feed.post/3mfw542tdtc2j,1,0,0,0
2a8e2a325ddc418ebe543683f40774d8,2026-02-28T12:00:00Z,2026-02-28T12:18:48Z,auth,auth_enUS_labelerexp,at://did:plc:svuw36v34yyh5hpqitdkm7qy/app.bsky.feed.post/3mfw4ygacbk2c,0,0,0,0
2a8e2a325ddc418ebe543683f40774d8,2026-02-28T12:00:00Z,2026-02-28T12:18:48Z,auth,auth_enUS_labelerexp,at://did:plc:fvpwkj3qhf7qqqbjoyzmw4zt/app.bsky.feed.post/3mfw4y5sjhk2t,0,0,0,0
2a8e2a325ddc418ebe543683f40774d8,2026-02-28T12:00:00Z,2026-02-28T12:18:48Z,auth,auth_enUS_labelerexp,at://did:plc:vxesrpngx7yfcreaws2ksdia/app.bsky.feed.post/3mfw4shejzs22,0,0,0,0
2a8e2a325ddc418ebe543683f40774d8,2026-02-28T12:00:00Z,2026-02-28T12:18:48Z,auth,auth_enUS_labelerexp,at://did:plc:mdderyenrzrn2vhlmfxfpp2u/app.bsky.feed.post/3mfw4dxtygk25,0,0,0,0
2a8e2a325ddc418ebe543683f40774d8,2026-02-28T12:00:00Z,2026-02-28T12:18:48Z,auth,auth_enUS_labelerexp,at://did:plc:z4itrysgn6m4sl4l7eoe6gp3/app.bsky.feed.post/3mfw4aluib22e,0,0,1,0
2a8e2a325ddc418ebe543683f40774d8,2026-02-28T12:00:00Z,2026-02-28T12:18:48Z,auth,auth_enUS_labelerexp,at://did:plc:ocd7ewaxi6k24krefpnqfgro/app.bsky.feed.post/3mfw47h5ink2s,0,0,0,0
2a8e2a325ddc418ebe543683f40774d8,2026-02-28T12:00:00Z,2026-02-28T12:18:48Z,auth,auth_enUS_labelerexp,at://did:plc:7bqbywpfnsmdiq4iltbukk7t/app.bsky.feed.post/3mfw43yybz22x,0,0,0,0
2a8e2a325ddc418ebe543683f40774d8,2026-02-28T12:00:00Z,2026-02-28T12:18:48Z,auth,auth_enUS_labelerexp,at://did:plc:oqcsl6jebmhnavnokll6knvv/app.bsky.feed.post/3mfw3zezfk227,4,1,0,0
2a8e2a325ddc418ebe543683f40774d8,2026-02-28T12:00:00Z,2026-02-28T12:18:48Z,auth,auth_enUS_labelerexp,at://did:plc:ux2aekzka5tiswtxwgi265sx/app.bsky.feed.post/3mfw3zcd7q22r,0,0,0,0
2a8e2a325ddc418ebe543683f40774d8,2026-02-28T12:00:00Z,2026-02-28T12:18:48Z,auth,auth_enUS_labelerexp,at://did:plc:iffrgqei5ddlzwwigutfwbha/app.bsky.feed.post/3mfw3yyoslk2a,0,0,0,0
2a8e2a325ddc418ebe543683f40774d8,2026-02-28T12:00:00Z,2026-02-28T12:18:48Z,auth,auth_enUS_labelerexp,at://did:plc:fy6lu3tdtsn7xmqzkuz22ipl/app.bsky.feed.post/3mfw3xburok2r,0,0,0,0
2a8e2a325ddc418ebe543683f40774d8,2026-02-28T12:00:00Z,2026-02-28T12:18:48Z,auth,auth_enUS_labelerexp,at://did:plc:zjq3gmkrqdtz3mjh3jtnynzl/app.bsky.feed.post/3mfw3wptov223,0,0,1,0
2a8e2a325ddc418ebe543683f40774d8,2026-02-28T12:00:00Z,2026-02-28T12:18:48Z,auth,auth_enUS_labelerexp,at://did:plc:qh64xgsegqmkgfugia2g7ent/app.bsky.feed.post/3mfw3slrtds2x,0,0,0,0
2a8e2a325ddc418ebe543683f40774d8,2026-02-28T12:00:00Z,2026-02-28T12:18:48Z,auth,auth_enUS_labelerexp,at://did:plc:2zwrlffwu5hz7mqhzjoflqgn/app.bsky.feed.post/3mfw3r52cvk27,4,0,0,0
2a8e2a325ddc418ebe543683f40774d8,2026-02-28T12:00:00Z,2026-02-28T12:18:48Z,auth,auth_enUS_labelerexp,at://did:plc:c72u5frl3mw5vcp4qc6xbaid/app.bsky.feed.post/3mfw3o5sfp22t,3,0,1,0
2a8e2a325ddc418ebe543683f40774d8,2026-02-28T12:00:00Z,2026-02-28T12:18:48Z,auth,auth_enUS_labelerexp,at://did:plc:gq5c37jlo6542az25vbhiph4/app.bsky.feed.post/3mfw3nq4zm22s,5,0,0,0
2a8e2a325ddc418ebe543683f40774d8,2026-02-28T12:00:00Z,2026-02-28T12:18:48Z,auth,auth_enUS_labelerexp,at://did:plc:kml4xlw4brlr2f3tlqim2ica/app.bsky.feed.post/3mfw3guuvy22d,1,0,0,0
2a8e2a325ddc418ebe543683f40774d8,2026-02-28T12:00:00Z,2026-02-28T12:18:48Z,auth,auth_enUS_labelerexp,at://did:plc:glppaptwgsehutwfyfs4rugx/app.bsky.feed.post/3mfw36uvd4k2w,0,0,0,0
2a8e2a325ddc418ebe543683f40774d8,2026-02-28T12:00:00Z,2026-02-28T12:18:48Z,auth,auth_enUS_labelerexp,at://did:plc:g6yhojjty6syredwgd7tpjcn/app.bsky.feed.post/3mfw2xeewscs2,1,0,1,0
2a8e2a325ddc418ebe543683f40774d8,2026-02-28T12:00:00Z,2026-02-28T12:18:48Z,auth,auth_enUS_labelerexp,at://did:plc:bihfon3zb2okzbaewvobheui/app.bsky.feed.post/3mfw2wwyg2c2d,0,0,0,0
2a8e2a325ddc418ebe543683f40774d8,2026-02-28T12:00:00Z,2026-02-28T12:18:48Z,auth,auth_enUS_labelerexp,at://did:plc:abzitmwlr3peqdmkfsyklihz/app.bsky.feed.post/3mfw2tumeqk2g,0,0,0,0
2a8e2a325ddc418ebe543683f40774d8,2026-02-28T12:00:00Z,2026-02-28T12:18:48Z,auth,auth_enUS_labelerexp,at://did:plc:ykad35b34khurmcfxs74rxhl/app.bsky.feed.post/3mfw2s2idb22i,1,0,0,0
2a8e2a325ddc418ebe543683f40774d8,2026-02-28T12:00:00Z,2026-02-28T12:18:48Z,auth,auth_enUS_labelerexp,at://did:plc:t6uh754g47hl4jfppqze3zcj/app.bsky.feed.post/3mfw2r5eyjk27,0,0,0,0
2a8e2a325ddc418ebe543683f40774d8,2026-02-28T12:00:00Z,2026-02-28T12:18:48Z,auth,auth_enUS_labelerexp,at://did:plc:kczai6qf4jpwgzrwjokbtrp3/app.bsky.feed.post/3mfw2oxx5vc2a,0,0,0,0
2a8e2a325ddc418ebe543683f40774d8,2026-02-28T12:00:00Z,2026-02-28T12:18:48Z,auth,auth_enUS_labelerexp,at://did:plc:mqizhukajip65gpv2xgn5f6z/app.bsky.feed.post/3mfw2nr5v6s2q,1,0,0,0
2a8e2a325ddc418ebe543683f40774d8,2026-02-28T12:00:00Z,2026-02-28T12:18:48Z,auth,auth_enUS_labelerexp,at://did:plc:s5gjog2zijmumabfdpcn24yc/app.bsky.feed.post/3mfw2lchjcc2a,0,0,0,0
2a8e2a325ddc418ebe543683f40774d8,2026-02-28T12:00:00Z,2026-02-28T12:18:48Z,auth,auth_enUS_labelerexp,at://did:plc:77qbliq5okocxgu2xxyby6yq/app.bsky.feed.post/3mfw2f37j3226,0,0,0,0
2a8e2a325ddc418ebe543683f40774d8,2026-02-28T12:00:00Z,2026-02-28T12:18:48Z,auth,auth_enUS_labelerexp,at://did:plc:jjth64r7bsf43vhvbcpvwzjt/app.bsky.feed.post/3mfw2anrnwc2c,0,0,0,0
2a8e2a325ddc418ebe543683f40774d8,2026-02-28T12:00:00Z,2026-02-28T12:18:48Z,auth,auth_enUS_labelerexp,at://did:plc:tl6ccuqqfh4g7fevnz57yddg/app.bsky.feed.post/3mfvzv4ltwk2w,1,0,0,0
2a8e2a325ddc418ebe543683f40774d8,2026-02-28T12:00:00Z,2026-02-28T12:18:48Z,auth,auth_enUS_labelerexp,at://did:plc:wsdlxys6vwyb3jpmpcf7uqyn/app.bsky.feed.post/3mfvzu3j4zk2v,0,0,0,0
2a8e2a325ddc418ebe543683f40774d8,2026-02-28T12:00:00Z,2026-02-28T12:18:48Z,auth,auth_enUS_labelerexp,at://did:plc:xokx46kar2ehev5h36fxzl7c/app.bsky.feed.post/3mfvzu2c22c2s,0,0,0,0
2a8e2a325ddc418ebe543683f40774d8,2026-02-28T12:00:00Z,2026-02-28T12:18:48Z,auth,auth_enUS_labelerexp,at://did:plc:da77zhhoewymfposbmsmp36j/app.bsky.feed.post/3mfvzoquay22m,0,0,0,0
2a8e2a325ddc418ebe543683f40774d8,2026-02-28T12:00:00Z,2026-02-28T12:18:48Z,auth,auth_enUS_labelerexp,at://did:plc:vhquezqzfrrnb6n2ep6bccln/app.bsky.feed.post/3mfvzivqkjs24,0,0,0,0
2a8e2a325ddc418ebe543683f40774d8,2026-02-28T12:00:00Z,2026-02-28T12:18:48Z,auth,auth_enUS_labelerexp,at://did:plc:6bo6djnc7j3idfbdgr2pbrg7/app.bsky.feed.post/3mfvzihw7b22x,0,0,0,0
2a8e2a325ddc418ebe543683f40774d8,2026-02-28T12:00:00Z,2026-02-28T12:18:48Z,auth,auth_enUS_labelerexp,at://did:plc:iyt4krqnm7m4dcqsqy3fzxnt/app.bsky.feed.post/3mfvzcwlhhk23,3,0,0,0
2a8e2a325ddc418ebe543683f40774d8,2026-02-28T12:00:00Z,2026-02-28T12:18:50Z,auth,auth_enUS_labelerexp,at://did:plc:vjyot2w7zeomrslomwpfxirl/app.bsky.feed.post/3ldi2d22kts2i,111,17,9,4
2a8e2a325ddc418ebe543683f40774d8,2026-02-28T12:00:00Z,2026-02-28T12:18:50Z,auth,auth_enUS_labelerexp,at://did:plc:dvme35eklbruhu5ahi2saxc7/app.bsky.feed.post/3mfw3e3lt7s2b,0,0,0,0
2a8e2a325ddc418ebe543683f40774d8,2026-02-28T12:00:00Z,2026-02-28T12:18:50Z,auth,auth_enUS_labelerexp,at://did:plc:abbvzld4kpfcznytzcu6pcc3/app.bsky.feed.post/3mfvoeg7g4s2i,3,0,0,0
2a8e2a325ddc418ebe543683f40774d8,2026-02-28T12:00:00Z,2026-02-28T12:18:50Z,auth,auth_enUS_labelerexp,at://did:plc:y6t6nuwzxttzdfv5pabybs5v/app.bsky.feed.post/3mfvo7psx422l,0,0,0,0
2a8e2a325ddc418ebe543683f40774d8,2026-02-28T12:00:00Z,2026-02-28T12:18:50Z,auth,auth_enUS_labelerexp,at://did:plc:vamivfvoqgb2u42goud7vnqh/app.bsky.feed.post/3mfvjgj42ak2s,4,0,0,0
2a8e2a325ddc418ebe543683f40774d8,2026-02-28T12:00:00Z,2026-02-28T12:18:50Z,auth,auth_enUS_labelerexp,at://did:plc:zs7qsrxznp23evc5y7sn65q3/app.bsky.feed.post/3mfu3dijgqc2z,4,0,0,0
2a8e2a325ddc418ebe543683f40774d8,2026-02-28T12:00:00Z,2026-02-28T12:18:50Z,auth,auth_enUS_labelerexp,at://did:plc:uekx5citeghy3n4llwf5nffg/app.bsky.feed.post/3mftaqettok2a,2,0,0,0
2a8e2a325ddc418ebe543683f40774d8,2026-02-28T12:00:00Z,2026-02-28T12:18:50Z,auth,auth_enUS_labelerexp,at://did:plc:7tq2yudjus4uamwh7mgic4ez/app.bsky.feed.post/3mfsx6zpl2k2b,6,0,0,0
2a8e2a325ddc418ebe543683f40774d8,2026-02-28T12:00:00Z,2026-02-28T12:18:50Z,auth,auth_enUS_labelerexp,at://did:plc:ghx4g5bwoazaeoq3c3nf7tl2/app.bsky.feed.post/3mfreo7w72k2e,2,0,0,0
2a8e2a325ddc418ebe543683f40774d8,2026-02-28T12:00:00Z,2026-02-28T12:18:50Z,auth,auth_enUS_labelerexp,at://did:plc:3esdfov3c5bxulv4jhhkcb2k/app.bsky.feed.post/3mfq4ingfoc2k,4,0,0,0
2a8e2a325ddc418ebe543683f40774d8,2026-02-28T12:00:00Z,2026-02-28T12:18:50Z,auth,auth_enUS_labelerexp,at://did:plc:eujvdarjle2noswv63272e32/app.bsky.feed.post/3mfq35f33kc2o,2,0,0,0
2a8e2a325ddc418ebe543683f40774d8,2026-02-28T12:00:00Z,2026-02-28T12:18:50Z,auth,auth_enUS_labelerexp,at://did:plc:dvme35eklbruhu5ahi2saxc7/app.bsky.feed.post/3mfppvzpfws2k,2,0,0,0
2a8e2a325ddc418ebe543683f40774d8,2026-02-28T12:00:00Z,2026-02-28T12:18:50Z,auth,auth_enUS_labelerexp,at://did:plc:dvme35eklbruhu5ahi2saxc7/app.bsky.feed.post/3mfoscwhksc2i,4,0,0,0
2a8e2a325ddc418ebe543683f40774d8,2026-02-28T12:00:00Z,2026-02-28T12:18:50Z,auth,auth_enUS_labelerexp,at://did:plc:5edgzgi2zbmxumxerpn2wbpn/app.bsky.feed.post/3mforpjglas2s,3,0,0,0
2a8e2a325ddc418ebe543683f40774d8,2026-02-28T12:00:00Z,2026-02-28T12:18:51Z,auth,auth_enUS_labelerexp,at://did:plc:z72i7hdynmk6r22z27h6tvur/app.bsky.feed.post/3mehkcsk62c2u,10756,937,175,115
2a8e2a325ddc418ebe543683f40774d8,2026-02-28T12:00:00Z,2026-02-28T12:18:51Z,auth,auth_enUS_labelerexp,at://did:plc:z72i7hdynmk6r22z27h6tvur/app.bsky.feed.post/3mehblstckk2e,15823,3432,916,2476
2a8e2a325ddc418ebe543683f40774d8,2026-02-28T12:00:00Z,2026-02-28T12:18:57Z,auth,auth_enUS_labelerexp,at://did:plc:au2h75mougmx6kqblqbw24xd/app.bsky.feed.post/3mfw736aevu2l,0,0,0,0
2a8e2a325ddc418ebe543683f40774d8,2026-02-28T12:00:00Z,2026-02-28T12:18:57Z,auth,auth_enUS_labelerexp,at://did:plc:zzdjjltbk42t3t6sz6fmbmde/app.bsky.feed.post/3mfw3nyivuk2y,4,1,1,0
2a8e2a325ddc418ebe543683f40774d8,2026-02-28T12:00:00Z,2026-02-28T12:18:57Z,auth,auth_enUS_labelerexp,at://did:plc:rsfz3w3w5id4f5ptffu4pwwv/app.bsky.feed.post/3mfw22mfflm2c,0,0,0,0
2a8e2a325ddc418ebe543683f40774d8,2026-02-28T12:00:00Z,2026-02-28T12:18:57Z,auth,auth_enUS_labelerexp,at://did:plc:au2h75mougmx6kqblqbw24xd/app.bsky.feed.post/3mfvzzlrhby2l,0,0,0,0
2a8e2a325ddc418ebe543683f40774d8,2026-02-28T12:00:00Z,2026-02-28T12:18:57Z,auth,auth_enUS_labelerexp,at://did:plc:zzdjjltbk42t3t6sz6fmbmde/app.bsky.feed.post/3mfvzf3yth22g,2,1,1,0
2a8e2a325ddc418ebe543683f40774d8,2026-02-28T12:00:00Z,2026-02-28T12:18:57Z,auth,auth_enUS_labelerexp,at://did:plc:xyzlbocbcny36mjw53wuzxh4/app.bsky.feed.post/3mfvz7vjdxc27,1,1,0,0
2a8e2a325ddc418ebe543683f40774d8,2026-02-28T12:00:00Z,2026-02-28T12:18:57Z,auth,auth_enUS_labelerexp,at://did:plc:rsfz3w3w5id4f5ptffu4pwwv/app.bsky.feed.post/3mfvsahlprb2v,0,1,0,0
2a8e2a325ddc418ebe543683f40774d8,2026-02-28T12:00:00Z,2026-02-28T12:18:57Z,auth,auth_enUS_labelerexp,at://did:plc:lw6txrl7xc6o7yttm3uwakaw/app.bsky.feed.post/3mfvrcfhroc2q,0,0,0,0
2a8e2a325ddc418ebe543683f40774d8,2026-02-28T12:00:00Z,2026-02-28T12:18:57Z,auth,auth_enUS_labelerexp,at://did:plc:au2h75mougmx6kqblqbw24xd/app.bsky.feed.post/3mfvpg3r7je2t,0,0,0,0
2a8e2a325ddc418ebe543683f40774d8,2026-02-28T12:00:00Z,2026-02-28T12:18:57Z,auth,auth_enUS_labelerexp,at://did:plc:xyzlbocbcny36mjw53wuzxh4/app.bsky.feed.post/3mfvoqmjxfc26,1,1,0,0
2a8e2a325ddc418ebe543683f40774d8,2026-02-28T12:00:00Z,2026-02-28T12:18:57Z,auth,auth_enUS_labelerexp,at://did:plc:jeui7hl5i5gkxyp3vkrjrvc7/app.bsky.feed.post/3mfvo7xp6fc2i,0,0,0,0
2a8e2a325ddc418ebe543683f40774d8,2026-02-28T12:00:00Z,2026-02-28T12:18:57Z,auth,auth_enUS_labelerexp,at://did:plc:ictimsxjku77vzngytrxbobv/app.bsky.feed.post/3mfvkn6me7c2n,2,1,0,0
2a8e2a325ddc418ebe543683f40774d8,2026-02-28T12:00:00Z,2026-02-28T12:18:57Z,auth,auth_enUS_labelerexp,at://did:plc:bjeepi4l623bakqz4vddj444/app.bsky.feed.post/3mfvjxy4c322l,4,2,0,0
2a8e2a325ddc418ebe543683f40774d8,2026-02-28T12:00:00Z,2026-02-28T12:18:57Z,auth,auth_enUS_labelerexp,at://did:plc:nznms43b6lfaluzc5kmgaxja/app.bsky.feed.post/3mfvitqdip22h,1,0,0,0
2a8e2a325ddc418ebe543683f40774d8,2026-02-28T12:00:00Z,2026-02-28T12:18:57Z,auth,auth_enUS_labelerexp,at://did:plc:au2h75mougmx6kqblqbw24xd/app.bsky.feed.post/3mfvfvhtm652j,0,0,0,0
2a8e2a325ddc418ebe543683f40774d8,2026-02-28T12:00:00Z,2026-02-28T12:18:57Z,auth,auth_enUS_labelerexp,at://did:plc:au2h75mougmx6kqblqbw24xd/app.bsky.feed.post/3mfvavgup352o,0,0,0,0
2a8e2a325ddc418ebe543683f40774d8,2026-02-28T12:00:00Z,2026-02-28T12:18:57Z,auth,auth_enUS_labelerexp,at://did:plc:2k27drz6ks6t7zlkzdpobwyw/app.bsky.feed.post/3mfv7ok54ms2s,0,0,0,0
2a8e2a325ddc418ebe543683f40774d8,2026-02-28T12:00:00Z,2026-02-28T12:18:57Z,auth,auth_enUS_labelerexp,at://did:plc:ljt6iatbqg4syhw3py5zuj56/app.bsky.feed.post/3mfv64h6b2c2h,3,0,0,0
2a8e2a325ddc418ebe543683f40774d8,2026-02-28T12:00:00Z,2026-02-28T12:18:57Z,auth,auth_enUS_labelerexp,at://did:plc:2k27drz6ks6t7zlkzdpobwyw/app.bsky.feed.post/3mfv4oiallk2h,0,0,0,0
2a8e2a325ddc418ebe543683f40774d8,2026-02-28T12:00:00Z,2026-02-28T12:18:57Z,auth,auth_enUS_labelerexp,at://did:plc:au2h75mougmx6kqblqbw24xd/app.bsky.feed.post/3mfv3cj5vao2h,0,0,0,0
2a8e2a325ddc418ebe543683f40774d8,2026-02-28T12:00:00Z,2026-02-28T12:18:57Z,auth,auth_enUS_labelerexp,at://did:plc:au2h75mougmx6kqblqbw24xd/app.bsky.feed.post/3mfv27nbdg62h,0,0,0,0
2a8e2a325ddc418ebe543683f40774d8,2026-02-28T12:00:00Z,2026-02-28T12:18:57Z,auth,auth_enUS_labelerexp,at://did:plc:rsfz3w3w5id4f5ptffu4pwwv/app.bsky.feed.post/3mfv26jdn7s2o,3,2,1,0
2a8e2a325ddc418ebe543683f40774d8,2026-02-28T12:00:00Z,2026-02-28T12:18:57Z,auth,auth_enUS_labelerexp,at://did:plc:rsfz3w3w5id4f5ptffu4pwwv/app.bsky.feed.post/3mfuz2uwk232v,3,1,0,0
2a8e2a325ddc418ebe543683f40774d8,2026-02-28T12:00:00Z,2026-02-28T12:18:57Z,auth,auth_enUS_labelerexp,at://did:plc:au2h75mougmx6kqblqbw24xd/app.bsky.feed.post/3mfuyzwei5d2i,2,0,0,0
2a8e2a325ddc418ebe543683f40774d8,2026-02-28T12:00:00Z,2026-02-28T12:18:57Z,auth,auth_enUS_labelerexp,at://did:plc:rsfz3w3w5id4f5ptffu4pwwv/app.bsky.feed.post/3mfuvq6ofqe2i,0,0,1,0
2a8e2a325ddc418ebe543683f40774d8,2026-02-28T12:00:00Z,2026-02-28T12:18:57Z,auth,auth_enUS_labelerexp,at://did:plc:rsfz3w3w5id4f5ptffu4pwwv/app.bsky.feed.post/3mfuvppk3k72j,2,0,0,0
2a8e2a325ddc418ebe543683f40774d8,2026-02-28T12:00:00Z,2026-02-28T12:18:57Z,auth,auth_enUS_labelerexp,at://did:plc:au2h75mougmx6kqblqbw24xd/app.bsky.feed.post/3mfuvpovw3q2i,0,0,0,0
2a8e2a325ddc418ebe543683f40774d8,2026-02-28T12:00:00Z,2026-02-28T12:18:57Z,auth,auth_enUS_labelerexp,at://did:plc:lv4l5kwv4nau56cp5fjgzdq6/app.bsky.feed.post/3mfuvhs2mb62j,0,0,0,0
2a8e2a325ddc418ebe543683f40774d8,2026-02-28T12:00:00Z,2026-02-28T12:18:57Z,auth,auth_enUS_labelerexp,at://did:plc:rsfz3w3w5id4f5ptffu4pwwv/app.bsky.feed.post/3mfutzixcoo2a,1,0,0,0
2a8e2a325ddc418ebe543683f40774d8,2026-02-28T12:00:00Z,2026-02-28T12:18:57Z,auth,auth_enUS_labelerexp,at://did:plc:au2h75mougmx6kqblqbw24xd/app.bsky.feed.post/3mfutzbngep2j,0,0,0,0
2a8e2a325ddc418ebe543683f40774d8,2026-02-28T12:00:00Z,2026-02-28T12:18:57Z,auth,auth_enUS_labelerexp,at://did:plc:au2h75mougmx6kqblqbw24xd/app.bsky.feed.post/3mfuthvxs3t2t,3,1,0,0
2a8e2a325ddc418ebe543683f40774d8,2026-02-28T12:00:00Z,2026-02-28T12:18:57Z,auth,auth_enUS_labelerexp,at://did:plc:au2h75mougmx6kqblqbw24xd/app.bsky.feed.post/3mfusx2ceyt2t,4,1,0,0
2a8e2a325ddc418ebe543683f40774d8,2026-02-28T12:00:00Z,2026-02-28T12:18:57Z,auth,auth_enUS_labelerexp,at://did:plc:p6agxbsfg4c6sxlowhsrbqhn/app.bsky.feed.post/3mfurgyxaik2b,0,0,0,0
2a8e2a325ddc418ebe543683f40774d8,2026-02-28T12:00:00Z,2026-02-28T12:18:57Z,auth,auth_enUS_labelerexp,at://did:plc:au2h75mougmx6kqblqbw24xd/app.bsky.feed.post/3mfuqodonij2o,3,0,0,0
2a8e2a325ddc418ebe543683f40774d8,2026-02-28T12:00:00Z,2026-02-28T12:18:57Z,auth,auth_enUS_labelerexp,at://did:plc:p333q7ja5ltmdp2pjvi62uhp/app.bsky.feed.post/3mfuqip5ckk2v,2,0,0,0
2a8e2a325ddc418ebe543683f40774d8,2026-02-28T12:00:00Z,2026-02-28T12:18:57Z,auth,auth_enUS_labelerexp,at://did:plc:rsfz3w3w5id4f5ptffu4pwwv/app.bsky.feed.post/3mfuplp2be62j,0,0,1,0
2a8e2a325ddc418ebe543683f40774d8,2026-02-28T12:00:00Z,2026-02-28T12:18:57Z,auth,auth_enUS_labelerexp,at://did:plc:kizxn77jkp4p5vqzapbedvg2/app.bsky.feed.post/3mfup42nkoa22,0,0,0,0
2a8e2a325ddc418ebe543683f40774d8,2026-02-28T12:00:00Z,2026-02-28T12:18:57Z,auth,auth_enUS_labelerexp,at://did:plc:kizxn77jkp4p5vqzapbedvg2/app.bsky.feed.post/3mfup3mjmpr2b,0,0,1,0
2a8e2a325ddc418ebe543683f40774d8,2026-02-28T12:00:00Z,2026-02-28T12:18:57Z,auth,auth_enUS_labelerexp,at://did:plc:kizxn77jkp4p5vqzapbedvg2/app.bsky.feed.post/3mfup37xofz2b,0,0,0,0
2a8e2a325ddc418ebe543683f40774d8,2026-02-28T12:00:00Z,2026-02-28T12:18:57Z,auth,auth_enUS_labelerexp,at://did:plc:au2h75mougmx6kqblqbw24xd/app.bsky.feed.post/3mfuoyzevmz2o,1,0,1,0
2a8e2a325ddc418ebe543683f40774d8,2026-02-28T12:00:00Z,2026-02-28T12:18:57Z,auth,auth_enUS_labelerexp,at://did:plc:uo7sa3xu5lgqmict6q43iz3x/app.bsky.feed.post/3mfuoixpoic2n,1,0,0,0
2a8e2a325ddc418ebe543683f40774d8,2026-02-28T12:00:00Z,2026-02-28T12:18:57Z,auth,auth_enUS_labelerexp,at://did:plc:rsfz3w3w5id4f5ptffu4pwwv/app.bsky.feed.post/3mfuoh3jf2627,6,0,0,0
2a8e2a325ddc418ebe543683f40774d8,2026-02-28T12:00:00Z,2026-02-28T12:18:57Z,auth,auth_enUS_labelerexp,at://did:plc:rsfz3w3w5id4f5ptffu4pwwv/app.bsky.feed.post/3mfunedzi242h,2,0,0,0
2a8e2a325ddc418ebe543683f40774d8,2026-02-28T12:00:00Z,2026-02-28T12:18:57Z,auth,auth_enUS_labelerexp,at://did:plc:au2h75mougmx6kqblqbw24xd/app.bsky.feed.post/3mfunczzyw32i,0,0,1,0
2a8e2a325ddc418ebe543683f40774d8,2026-02-28T12:00:00Z,2026-02-28T12:18:57Z,auth,auth_enUS_labelerexp,at://did:plc:rsfz3w3w5id4f5ptffu4pwwv/app.bsky.feed.post/3mful3j3lag27,0,0,1,0
2a8e2a325ddc418ebe543683f40774d8,2026-02-28T12:00:00Z,2026-02-28T12:18:57Z,auth,auth_enUS_labelerexp,at://did:plc:au2h75mougmx6kqblqbw24xd/app.bsky.feed.post/3mful3hyppi2n,1,1,1,0
2a8e2a325ddc418ebe543683f40774d8,2026-02-28T12:00:00Z,2026-02-28T12:18:57Z,auth,auth_enUS_labelerexp,at://did:plc:4cz5weomlvu4rlvrhk72ueqe/app.bsky.feed.post/3mfujznwkqc2t,10,3,2,1
2a8e2a325ddc418ebe543683f40774d8,2026-02-28T12:00:00Z,2026-02-28T12:18:57Z,auth,auth_enUS_labelerexp,at://did:plc:au2h75mougmx6kqblqbw24xd/app.bsky.feed.post/3mfujggmho52j,0,0,0,0
2a8e2a325ddc418ebe543683f40774d8,2026-02-28T12:00:00Z,2026-02-28T12:18:57Z,auth,auth_enUS_labelerexp,at://did:plc:rsfz3w3w5id4f5ptffu4pwwv/app.bsky.feed.post/3mfujgctpi22h,1,0,0,0
2a8e2a325ddc418ebe543683f40774d8,2026-02-28T12:00:00Z,2026-02-28T12:18:57Z,auth,auth_enUS_labelerexp,at://did:plc:msz7lcx4caslocywkftawkba/app.bsky.feed.post/3mfujdf4sms2d,10,0,1,0
