run_id,snapshot_hour_utc,captured_at_utc,viewer_mode,vantage_id,post_uri,like_count,repost_count,reply_count,quote_count
a4898e85b84e4b85ae1aa754c2f58eb9,2026-03-02T09:00:00Z,2026-03-02T09:21:34Z,auth,auth_enUS_labelerexp,at://did:plc:3guzzweuqraryl3rdkimjamk/app.bsky.feed.post/3lvhmdnxah22u,11352,2706,90,236
a4898e85b84e4b85ae1aa754c2f58eb9,2026-03-02T09:00:00Z,2026-03-02T09:21:35Z,auth,auth_enUS_labelerexp,at://did:plc:eea7xfw66k72q3bwuxvvlwik/app.bsky.feed.post/3mg2wdwyumj26,0,0,0,0
a4898e85b84e4b85ae1aa754c2f58eb9,2026-03-02T09:00:00Z,2026-03-02T09:21:35Z,auth,auth_enUS_labelerexp,at://did:plc:ooikwheb3g3426gsggbbca6g/app.bsky.feed.post/3mg2w7fqchk23,0,0,0,0
a4898e85b84e4b85ae1aa754c2f58eb9,2026-03-02T09:00:00Z,2026-03-02T09:21:35Z,auth,auth_enUS_labelerexp,at://did:plc:jdmra62ys2olmcqsk6xmw7f6/app.bsky.feed.post/3mg2w2lohlc2q,4,0,0,0
a4898e85b84e4b85ae1aa754c2f58eb9,2026-03-02T09:00:00Z,2026-03-02T09:21:35Z,auth,auth_enUS_labelerexp,at://did:plc:qeai2iiotj6tqjzt5ajavw75/app.bsky.feed.post/3mg2vzcjouc2b,0,1,0,0
a4898e85b84e4b85ae1aa754c2f58eb9,2026-03-02T09:00:00Z,2026-03-02T09:21:35Z,auth,auth_enUS_labelerexp,at://did:plc:ex2wfvn7xe76tpogywr7dkjo/app.bsky.feed.post/3mg2vyr5kxk2f,0,0,0,0
a4898e85b84e4b85ae1aa754c2f58eb9,2026-03-02T09:00:00Z,2026-03-02T09:21:35Z,auth,auth_enUS_labelerexp,at://did:plc:ci2z3j5cbqfd2seu3svzd332/app.bsky.feed.post/3mg2vxsd7ic2i,0,0,0,0
a4898e85b84e4b85ae1aa754c2f58eb9,2026-03-02T09:00:00Z,2026-03-02T09:21:35Z,auth,auth_enUS_labelerexp,at://did:plc:4im4hvesivkkmatpggw5m6za/app.bsky.feed.post/3mg2vwcsv3s2q,1,0,0,0
a4898e85b84e4b85ae1aa754c2f58eb9,2026-03-02T09:00:00Z,2026-03-02T09:21:35Z,auth,auth_enUS_labelerexp,at://did:plc:7nqw4skhrce6pf657ie27glz/app.bsky.feed.post/3mg2vvrpqgy2o,3,0,0,0
a4898e85b84e4b85ae1aa754c2f58eb9,2026-03-02T09:00:00Z,2026-03-02T09:21:35Z,auth,auth_enUS_labelerexp,at://did:plc:aycw4f76l3n43mqkpcwtk6ja/app.bsky.feed.post/3mg2vvawyjk2x,0,0,0,0
a4898e85b84e4b85ae1aa754c2f58eb9,2026-03-02T09:00:00Z,2026-03-02T09:21:35Z,auth,auth_enUS_labelerexp,at://did:plc:isspfytbrvpvp4l57rga55pe/app.bsky.feed.post/3mg2vskkllk2y,0,0,0,0
a4898e85b84e4b85ae1aa754c2f58eb9,2026-03-02T09:00:00Z,2026-03-02T09:21:35Z,auth,auth_enUS_labelerexp,at://did:plc:f5yygszsxbc5v2aq6chsog2q/app.bsky.feed.post/3mg2vrr2vzk2y,4,1,0,0
a4898e85b84e4b85ae1aa754c2f58eb9,2026-03-02T09:00:00Z,2026-03-02T09:21:35Z,auth,auth_enUS_labelerexp,at://did:plc:tgipkjgadj2zqvzor4fuylpt/app.bsky.feed.post/3mg2vojpad22f,2,0,1,0
a4898e85b84e4b85ae1aa754c2f58eb9,2026-03-02T09:00:00Z,2026-03-02T09:21:35Z,auth,auth_enUS_labelerexp,at://did:plc:dauzxrhdpzmgtft4p5sz7pzy/app.bsky.feed.post/3mg2vltyloc2v,0,1,0,0
a4898e85b84e4b85ae1aa754c2f58eb9,2026-03-02T09:00:00Z,2026-03-02T09:21:35Z,auth,auth_enUS_labelerexp,at://did:plc:4m7t5q2whs7duqcwoiluiveu/app.bsky.feed.post/3mg2vlvz3t2b2,0,0,1,0
a4898e85b84e4b85ae1aa754c2f58eb9,2026-03-02T09:00:00Z,2026-03-02T09:21:35Z,auth,auth_enUS_labelerexp,at://did:plc:wfn5vygskrfxs2jfzkpw4udg/app.bsky.feed.post/3mg2vko3ci22a,0,0,0,0
a4898e85b84e4b85ae1aa754c2f58eb9,2026-03-02T09:00:00Z,2026-03-02T09:21:35Z,auth,auth_enUS_labelerexp,at://did:plc:zax7fyzpqvfsxuk2pwfyfrra/app.bsky.feed.post/3mg2vj6atql2v,3,0,0,0
a4898e85b84e4b85ae1aa754c2f58eb9,2026-03-02T09:00:00Z,2026-03-02T09:21:35Z,auth,auth_enUS_labelerexp,at://did:plc:isspfytbrvpvp4l57rga55pe/app.bsky.feed.post/3mg2vixhkqk2y,0,0,2,0
a4898e85b84e4b85ae1aa754c2f58eb9,2026-03-02T09:00:00Z,2026-03-02T09:21:35Z,auth,auth_enUS_labelerexp,at://did:plc:gemxniw7eulfoi5yhvyqk5kx/app.bsky.feed.post/3mg2vgmw7ny2d,2,1,0,0
a4898e85b84e4b85ae1aa754c2f58eb9,2026-03-02T09:00:00Z,2026-03-02T09:21:35Z,auth,auth_enUS_labelerexp,at://did:plc:qma3mlzuolfg63wydrbmgwxy/app.bsky.feed.post/3mg2veadfvs2i,0,0,0,0
a4898e85b84e4b85ae1aa754c2f58eb9,2026-03-02T09:00:00Z,2026-03-02T09:21:35Z,auth,auth_enUS_labelerexp,at://did:plc:kowyos6ropguv5uhfutqn3t2/app.bsky.feed.post/3mg2vddabz22b,5,1,0,0
a4898e85b84e4b85ae1aa754c2f58eb9,2026-03-02T09:00:00Z,2026-03-02T09:21:35Z,auth,auth_enUS_labelerexp,at://did:plc:bs2px4nfmi2lgjsjrkb2z6tp/app.bsky.feed.post/3mg2vcueykx24,0,0,0,0
a4898e85b84e4b85ae1aa754c2f58eb9,2026-03-02T09:00:00Z,2026-03-02T09:21:35Z,auth,auth_enUS_labelerexp,at://did:plc:6drc5pgh7vyw43pe64ouhvcu/app.bsky.feed.post/3mg2vchni2k2m,0,0,0,0
a4898e85b84e4b85ae1aa754c2f58eb9,2026-03-02T09:00:00Z,2026-03-02T09:21:35Z,auth,auth_enUS_labelerexp,at://did:plc:f7utesb7ddliyj5dlj5l7ryr/app.bsky.feed.post/3mg2vebafrl22,3,1,0,0
a4898e85b84e4b85ae1aa754c2f58eb9,2026-03-02T09:00:00Z,2026-03-02T09:21:35Z,auth,auth_enUS_labelerexp,at://did:plc:dto2puftntc432lxcluzddus/app.bsky.feed.post/3mg2vcc6ea527,0,0,0,0
a4898e85b84e4b85ae1aa754c2f58eb9,2026-03-02T09:00:00Z,2026-03-02T09:21:35Z,auth,auth_enUS_labelerexp,at://did:plc:b7z5bt6kbenacfspl5w4mgvc/app.bsky.feed.post/3mg2vby5bku2w,0,0,0,0
a4898e85b84e4b85ae1aa754c2f58eb9,2026-03-02T09:00:00Z,2026-03-02T09:21:35Z,auth,auth_enUS_labelerexp,at://did:plc:cnwfhjnjidks66nh3nnx6cub/app.bsky.feed.post/3mg2vbxjuyc22,0,1,0,0
a4898e85b84e4b85ae1aa754c2f58eb9,2026-03-02T09:00:00Z,2026-03-02T09:21:35Z,auth,auth_enUS_labelerexp,at://did:plc:eznrktzo2mkf6p3qzb5cyvt3/app.bsky.feed.post/3mg2varzsnc2d,5,1,1,0
a4898e85b84e4b85ae1aa754c2f58eb9,2026-03-02T09:00:00Z,2026-03-02T09:21:35Z,auth,auth_enUS_labelerexp,at://did:plc:nloom6tuuullxp3imestrxz4/app.bsky.feed.post/3mg2v6jriis2u,4,0,0,0
a4898e85b84e4b85ae1aa754c2f58eb9,2026-03-02T09:00:00Z,2026-03-02T09:21:35Z,auth,auth_enUS_labelerexp,at://did:plc:fnfbpzce4rzpc524ttpafggm/app.bsky.feed.post/3mg2v5wplvk2y,3,1,0,0
a4898e85b84e4b85ae1aa754c2f58eb9,2026-03-02T09:00:00Z,2026-03-02T09:21:35Z,auth,auth_enUS_labelerexp,at://did:plc:ci2z3j5cbqfd2seu3svzd332/app.bsky.feed.post/3mg2uxjzmc22i,4,0,0,0
a4898e85b84e4b85ae1aa754c2f58eb9,2026-03-02T09:00:00Z,2026-03-02T09:21:35Z,auth,auth_enUS_labelerexp,at://did:plc:nloom6tuuullxp3imestrxz4/app.bsky.feed.post/3mg2uuqhbn22u,4,0,0,0
a4898e85b84e4b85ae1aa754c2f58eb9,2026-03-02T09:00:00Z,2026-03-02T09:21:35Z,auth,auth_enUS_labelerexp,at://did:plc:3e42ub4moussyrpjm3ownznk/app.bsky.feed.post/3mg2uugpus22z,1,0,0,0
a4898e85b84e4b85ae1aa754c2f58eb9,2026-03-02T09:00:00Z,2026-03-02T09:21:35Z,auth,auth_enUS_labelerexp,at://did:plc:mjyrcs556nijtuukw2e3dvmt/app.bsky.feed.post/3mg2ut4oxok2p,4,1,0,0
a4898e85b84e4b85ae1aa754c2f58eb9,2026-03-02T09:00:00Z,2026-03-02T09:21:35Z,auth,auth_enUS_labelerexp,at://did:plc:nloom6tuuullxp3imestrxz4/app.bsky.feed.post/3mg2usflkkc2u,3,0,0,0
a4898e85b84e4b85ae1aa754c2f58eb9,2026-03-02T09:00:00Z,2026-03-02T09:21:35Z,auth,auth_enUS_labelerexp,at://did:plc:yrry24lfrtfzidba3kbmgdwm/app.bsky.feed.post/3mg2uqk75d62b,5,1,0,0
a4898e85b84e4b85ae1aa754c2f58eb9,2026-03-02T09:00:00Z,2026-03-02T09:21:35Z,auth,auth_enUS_labelerexp,at://did:plc:thgd2h3urisyrsytesih6dui/app.bsky.feed.post/3mg2ulqltz226,0,0,0,0
a4898e85b84e4b85ae1aa754c2f58eb9,2026-03-02T09:00:00Z,2026-03-02T09:21:35Z,auth,auth_enUS_labelerexp,at://did:plc:xztxm2ds4skzkuxm7nbaopub/app.bsky.feed.post/3mg2ukevuns26,1,2,0,0
a4898e85b84e4b85ae1aa754c2f58eb9,2026-03-02T09:00:00Z,2026-03-02T09:21:35Z,auth,auth_enUS_labelerexp,at://did:plc:nloom6tuuullxp3imestrxz4/app.bsky.feed.post/3mg2uh6rvhk2u,3,0,0,0
a4898e85b84e4b85ae1aa754c2f58eb9,2026-03-02T09:00:00Z,2026-03-02T09:21:35Z,auth,auth_enUS_labelerexp,at://did:plc:743kfxdg2hub5rkzpov4yb6s/app.bsky.feed.post/3mg2ufm3ilo2u,1,0,1,0
a4898e85b84e4b85ae1aa754c2f58eb9,2026-03-02T09:00:00Z,2026-03-02T09:21:35Z,auth,auth_enUS_labelerexp,at://did:plc:743kfxdg2hub5rkzpov4yb6s/app.bsky.feed.post/3mg2ufkwvs22w,0,0,1,0
a4898e85b84e4b85ae1aa754c2f58eb9,2026-03-02T09:00:00Z,2026-03-02T09:21:35Z,auth,auth_enUS_labelerexp,at://did:plc:4jrld6fwpnwqehtce56qshzv/app.bsky.feed.post/3lhz6oqleu22p,510,102,12,2
a4898e85b84e4b85ae1aa754c2f58eb9,2026-03-02T09:00:00Z,2026-03-02T09:21:35Z,auth,auth_enUS_labelerexp,at://did:plc:743kfxdg2hub5rkzpov4yb6s/app.bsky.feed.post/3mg2ufj5xd325,0,0,1,0
a4898e85b84e4b85ae1aa754c2f58eb9,2026-03-02T09:00:00Z,2026-03-02T09:21:35Z,auth,auth_enUS_labelerexp,at://did:plc:743kfxdg2hub5rkzpov4yb6s/app.bsky.feed.post/3mg2ufivist25,0,0,2,0
a4898e85b84e4b85ae1aa754c2f58eb9,2026-03-02T09:00:00Z,2026-03-02T09:21:35Z,auth,auth_enUS_labelerexp,at://did:plc:qqqh4hxietttey3sskzx3a3l/app.bsky.feed.post/3mg2ucykdhc24,0,0,0,0
a4898e85b84e4b85ae1aa754c2f58eb9,2026-03-02T09:00:00Z,2026-03-02T09:21:35Z,auth,auth_enUS_labelerexp,at://did:plc:c6phfkcqtxa5ck5lzhpmv36z/app.bsky.feed.post/3mg2ucprtuk22,7,1,0,0
a4898e85b84e4b85ae1aa754c2f58eb9,2026-03-02T09:00:00Z,2026-03-02T09:21:35Z,auth,auth_enUS_labelerexp,at://did:plc:ci2z3j5cbqfd2seu3svzd332/app.bsky.feed.post/3mg2ucfddrc2i,15,0,3,0
a4898e85b84e4b85ae1aa754c2f58eb9,2026-03-02T09:00:00Z,2026-03-02T09:21:35Z,auth,auth_enUS_labelerexp,at://did:plc:rziwbvbufsmujhxobvq5kroj/app.bsky.feed.post/3mg2qvxwapi2d,2,0,0,0
a4898e85b84e4b85ae1aa754c2f58eb9,2026-03-02T09:00:00Z,2026-03-02T09:21:35Z,auth,auth_enUS_labelerexp,at://did:plc:zh2ycj77y3xveuhlydgalenq/app.bsky.feed.post/3mg2u255kbs2u,36,0,3,0
a4898e85b84e4b85ae1aa754c2f58eb9,2026-03-02T09:00:00Z,2026-03-02T09:21:35Z,auth,auth_enUS_labelerexp,at://did:plc:qygff6csdm33tjap343iebim/app.bsky.feed.post/3mg2tzgwlck27,0,0,0,0
a4898e85b84e4b85ae1aa754c2f58eb9,2026-03-02T09:00:00Z,2026-03-02T09:21:35Z,auth,auth_enUS_labelerexp,at://did:plc:4inon5mbcuvztqj7anwkogrf/app.bsky.feed.post/3mg2tz33fzo25,0,0,0,0
a4898e85b84e4b85ae1aa754c2f58eb9,2026-03-02T09:00:00Z,2026-03-02T09:21:36Z,auth,auth_enUS_labelerexp,at://did:plc:dpfnwkubtbevpuvm3s62qqru/app.bsky.feed.post/3mg2vh3tmzs2q,3,0,1,0
a4898e85b84e4b85ae1aa754c2f58eb9,2026-03-02T09:00:00Z,2026-03-02T09:21:36Z,auth,auth_enUS_labelerexp,at://did:plc:elh4lfmfrikisxzvtkj772pg/app.bsky.feed.post/3mg2vaw5cay2y,2,0,0,0
a4898e85b84e4b85ae1aa754c2f58eb9,2026-03-02T09:00:00Z,2026-03-02T09:21:36Z,auth,auth_enUS_labelerexp,at://did:plc:elh4lfmfrikisxzvtkj772pg/app.bsky.feed.post/3mg2v57mfm22l,3,0,0,0
a4898e85b84e4b85ae1aa754c2f58eb9,2026-03-02T09:00:00Z,2026-03-02T09:21:36Z,auth,auth_enUS_labelerexp,at://did:plc:dpfnwkubtbevpuvm3s62qqru/app.bsky.feed.post/3mg2v2tsqj22q,11,0,0,0
a4898e85b84e4b85ae1aa754c2f58eb9,2026-03-02T09:00:00Z,2026-03-02T09:21:36Z,auth,auth_enUS_labelerexp,at://did:plc:dpfnwkubtbevpuvm3s62qqru/app.bsky.feed.post/3mg2ulzildk2q,11,2,1,0
a4898e85b84e4b85ae1aa754c2f58eb9,2026-03-02T09:00:00Z,2026-03-02T09:21:36Z,auth,auth_enUS_labelerexp,at://did:plc:kgx74mvf4cdechxvorxlidee/app.bsky.feed.post/3mg2u5rrtus23,0,0,1,0
a4898e85b84e4b85ae1aa754c2f58eb9,2026-03-02T09:00:00Z,2026-03-02T09:21:36Z,auth,auth_enUS_labelerexp,at://did:plc:ewzffitlgempsi2vfaxbv3mw/app.bsky.feed.post/3mg2tpcdres2k,2,1,1,0
a4898e85b84e4b85ae1aa754c2f58eb9,2026-03-02T09:00:00Z,2026-03-02T09:21:36Z,auth,auth_enUS_labelerexp,at://did:plc:ak67tmoph2axlwd44dibjlmr/app.bsky.feed.post/3mg2tjedc6k2g,1,1,0,0
a4898e85b84e4b85ae1aa754c2f58eb9,2026-03-02T09:00:00Z,2026-03-02T09:21:36Z,auth,auth_enUS_labelerexp,at://did:plc:ak67tmoph2axlwd44dibjlmr/app.bsky.feed.post/3mg2t2lfe2c2g,1,0,0,0
a4898e85b84e4b85ae1aa754c2f58eb9,2026-03-02T09:00:00Z,2026-03-02T09:21:36Z,auth,auth_enUS_labelerexp,at://did:plc:zd2ygtyuia3xbcskxbls3qf4/app.bsky.feed.post/3mg2slp2iks2j,0,0,0,0
a4898e85b84e4b85ae1aa754c2f58eb9,2026-03-02T09:00:00Z,2026-03-02T09:21:36Z,auth,auth_enUS_labelerexp,at://did:plc:xnikw2pdacgfkbwingsppgdj/app.bsky.feed.post/3mg2rwzpplc2z,5,1,0,0
a4898e85b84e4b85ae1aa754c2f58eb9,2026-03-02T09:00:00Z,2026-03-02T09:21:36Z,auth,auth_enUS_labelerexp,at://did:plc:kgx74mvf4cdechxvorxlidee/app.bsky.feed.post/3mg2rt54rkc2b,3,0,0,0
a4898e85b84e4b85ae1aa754c2f58eb9,2026-03-02T09:00:00Z,2026-03-02T09:21:36Z,auth,auth_enUS_labelerexp,at://did:plc:ak67tmoph2axlwd44dibjlmr/app.bsky.feed.post/3mg2r3tmcd22g,2,0,0,0
a4898e85b84e4b85ae1aa754c2f58eb9,2026-03-02T09:00:00Z,2026-03-02T09:21:36Z,auth,auth_enUS_labelerexp,at://did:plc:utomqors7grphriqvhiczdbr/app.bsky.feed.post/3mg2qy2vvnc2f,11,1,0,0
a4898e85b84e4b85ae1aa754c2f58eb9,2026-03-02T09:00:00Z,2026-03-02T09:21:36Z,auth,auth_enUS_labelerexp,at://did:plc:7i52imaeoc5hrgc5lpuforqq/app.bsky.feed.post/3mg2qwzfty22b,1,0,1,0
a4898e85b84e4b85ae1aa754c2f58eb9,2026-03-02T09:00:00Z,2026-03-02T09:21:36Z,auth,auth_enUS_labelerexp,at://did:plc:2bexj3sn47budsrkwndlcraj/app.bsky.feed.post/3mg2qw7y3ws2b,2,0,0,0
a4898e85b84e4b85ae1aa754c2f58eb9,2026-03-02T09:00:00Z,2026-03-02T09:21:36Z,auth,auth_enUS_labelerexp,at://did:plc:ak67tmoph2axlwd44dibjlmr/app.bsky.feed.post/3mg2qt36m4k2g,6,0,1,0
a4898e85b84e4b85ae1aa754c2f58eb9,2026-03-02T09:00:00Z,2026-03-02T09:21:36Z,auth,auth_enUS_labelerexp,at://did:plc:rnc43dvm6svkeucqrblzchof/app.bsky.feed.post/3mg2puwo6yc2c,1,0,0,0
a4898e85b84e4b85ae1aa754c2f58eb9,2026-03-02T09:00:00Z,2026-03-02T09:21:36Z,auth,auth_enUS_labelerexp,at://did:plc:jg2lqx2spe4mqe7kw74xlhod/app.bsky.feed.post/3mg2p7d5az22d,0,0,0,0
a4898e85b84e4b85ae1aa754c2f58eb9,2026-03-02T09:00:00Z,2026-03-02T09:21:36Z,auth,auth_enUS_labelerexp,at://did:plc:jg2lqx2spe4mqe7kw74xlhod/app.bsky.feed.post/3mg2ov7if3k2d,0,0,0,0
a4898e85b84e4b85ae1aa754c2f58eb9,2026-03-02T09:00:00Z,2026-03-02T09:21:36Z,auth,auth_enUS_labelerexp,at://did:plc:jg2lqx2spe4mqe7kw74xlhod/app.bsky.feed.post/3mg2oswfkcs2d,0,0,0,0
a4898e85b84e4b85ae1aa754c2f58eb9,2026-03-02T09:00:00Z,2026-03-02T09:21:36Z,auth,auth_enUS_labelerexp,at://did:plc:5zfcmbupaqsvkiweknzwbt3x/app.bsky.feed.post/3mg2ofugjdk25,2,1,2,0
a4898e85b84e4b85ae1aa754c2f58eb9,2026-03-02T09:00:00Z,2026-03-02T09:21:36Z,auth,auth_enUS_labelerexp,at://did:plc:7nl2zqbzubsmwjdp5czsnaum/app.bsky.feed.post/3mg2oe7k3522f,1,0,0,0
a4898e85b84e4b85ae1aa754c2f58eb9,2026-03-02T09:00:00Z,2026-03-02T09:21:36Z,auth,auth_enUS_labelerexp,at://did:plc:dx7ks4qnizgzje6o2dyvhiqw/app.bsky.feed.post/3mg2nbdpzf22d,0,0,0,0
a4898e85b84e4b85ae1aa754c2f58eb9,2026-03-02T09:00:00Z,2026-03-02T09:21:36Z,auth,auth_enUS_labelerexp,at://did:plc:fh5475jrysspmrbdf7g4mstt/app.bsky.feed.post/3mg2mkm5w222i,3,0,0,0
a4898e85b84e4b85ae1aa754c2f58eb9,2026-03-02T09:00:00Z,2026-03-02T09:21:36Z,auth,auth_enUS_labelerexp,at://did:plc:jg2lqx2spe4mqe7kw74xlhod/app.bsky.feed.post/3mg2md5tsv227,1,0,0,0
a4898e85b84e4b85ae1aa754c2f58eb9,2026-03-02T09:00:00Z,2026-03-02T09:21:36Z,auth,auth_enUS_labelerexp,at://did:plc:h2fulbivoozrtwzesfdmxczu/app.bsky.feed.post/3mg2m2mwj2s2f,1,0,0,0
a4898e85b84e4b85ae1aa754c2f58eb9,2026-03-02T09:00:00Z,2026-03-02T09:21:36Z,auth,auth_enUS_labelerexp,at://did:plc:ak67tmoph2axlwd44dibjlmr/app.bsky.feed.post/3mg2lg2j3f22k,5,0,2,0
a4898e85b84e4b85ae1aa754c2f58eb9,2026-03-02T09:00:00Z,2026-03-02T09:21:36Z,auth,auth_enUS_labelerexp,at://did:plc:j6eka4ij3zekgish5qwsxqdp/app.bsky.feed.post/3mg2ldszm622h,1,1,0,0
a4898e85b84e4b85ae1aa754c2f58eb9,2026-03-02T09:00:00Z,2026-03-02T09:21:36Z,auth,auth_enUS_labelerexp,at://did:plc:j6eka4ij3zekgish5qwsxqdp/app.bsky.feed.post/3mg2lb7hhvk2h,0,0,0,0
a4898e85b84e4b85ae1aa754c2f58eb9,2026-03-02T09:00:00Z,2026-03-02T09:21:36Z,auth,auth_enUS_labelerexp,at://did:plc:5zfcmbupaqsvkiweknzwbt3x/app.bsky.feed.post/3mg2kv54ml225,8,0,0,0
a4898e85b84e4b85ae1aa754c2f58eb9,2026-03-02T09:00:00Z,2026-03-02T09:21:36Z,auth,auth_enUS_labelerexp,at://did:plc:3tnu5gfoy6vizfphb4ltzuom/app.bsky.feed.post/3mg2kihddbk2i,6,7,1,0
a4898e85b84e4b85ae1aa754c2f58eb9,2026-03-02T09:00:00Z,2026-03-02T09:21:36Z,auth,auth_enUS_labelerexp,at://did:plc:frjzboysria3z3t4xqh637io/app.bsky.feed.post/3mg2jyofu7k27,2,0,1,0
a4898e85b84e4b85ae1aa754c2f58eb9,2026-03-02T09:00:00Z,2026-03-02T09:21:36Z,auth,auth_enUS_labelerexp,at://did:plc:kgx74mvf4cdechxvorxlidee/app.bsky.feed.post/3mg2jnt36c22b,2,0,0,0
a4898e85b84e4b85ae1aa754c2f58eb9,2026-03-02T09:00:00Z,2026-03-02T09:21:36Z,auth,auth_enUS_labelerexp,at://did:plc:5zfcmbupaqsvkiweknzwbt3x/app.bsky.feed.post/3mg2jl4zcbc2j,10,9,0,0
a4898e85b84e4b85ae1aa754c2f58eb9,2026-03-02T09:00:00Z,2026-03-02T09:21:36Z,auth,auth_enUS_labelerexp,at://did:plc:kgx74mvf4cdechxvorxlidee/app.bsky.feed.post/3mg2jibrojs2b,0,0,1,0
a4898e85b84e4b85ae1aa754c2f58eb9,2026-03-02T09:00:00Z,2026-03-02T09:21:36Z,auth,auth_enUS_labelerexp,at://did:plc:jg2lqx2spe4mqe7kw74xlhod/app.bsky.feed.post/3mg2izvswjs27,0,0,1,0
a4898e85b84e4b85ae1aa754c2f58eb9,2026-03-02T09:00:00Z,2026-03-02T09:21:36Z,auth,auth_enUS_labelerexp,at://did:plc:ewzffitlgempsi2vfaxbv3mw/app.bsky.feed.post/3mg2izu2xjc2j,3,0,2,0
a4898e85b84e4b85ae1aa754c2f58eb9,2026-03-02T09:00:00Z,2026-03-02T09:21:36Z,auth,auth_enUS_labelerexp,at://did:plc:2bvxz7qsbzi5d6ztgovci5um/app.bsky.feed.post/3mg2ip6oz4c2n,1,1,1,0
a4898e85b84e4b85ae1aa754c2f58eb9,2026-03-02T09:00:00Z,2026-03-02T09:21:36Z,auth,auth_enUS_labelerexp,at://did:plc:hjykhrtsznz76d4qllrdbywq/app.bsky.feed.post/3mg2iixtfek2n,8,0,0,0
a4898e85b84e4b85ae1aa754c2f58eb9,2026-03-02T09:00:00Z,2026-03-02T09:21:36Z,auth,auth_enUS_labelerexp,at://did:plc:ua4y7ly7p2scvftkutgpusyx/app.bsky.feed.post/3mg2hyeadu22l,23,4,0,1
a4898e85b84e4b85ae1aa754c2f58eb9,2026-03-02T09:00:00Z,2026-03-02T09:21:36Z,auth,auth_enUS_labelerexp,at://did:plc:3y6ahepp3vvz4wl3z4d5mady/app.bsky.feed.post/3mg2hy7gnv22u,4,0,0,0
a4898e85b84e4b85ae1aa754c2f58eb9,2026-03-02T09:00:00Z,2026-03-02T09:21:36Z,auth,auth_enUS_labelerexp,at://did:plc:3y6ahepp3vvz4wl3z4d5mady/app.bsky.feed.post/3mg2hsy4ktc2u,3,3,0,0
a4898e85b84e4b85ae1aa754c2f58eb9,2026-03-02T09:00:00Z,2026-03-02T09:21:36Z,auth,auth_enUS_labelerexp,at://did:plc:ov6qoadvlrh2pnn5kpcuzvyd/app.bsky.feed.post/3mg2gywt5uc27,1,0,0,0
a4898e85b84e4b85ae1aa754c2f58eb9,2026-03-02T09:00:00Z,2026-03-02T09:21:36Z,auth,auth_enUS_labelerexp,at://did:plc:pjolfwskc4vdoceztvmmbfm4/app.bsky.feed.post/3mg2gqxxyzc2e,2,0,0,0
a4898e85b84e4b85ae1aa754c2f58eb9,2026-03-02T09:00:00Z,2026-03-02T09:21:36Z,auth,auth_enUS_labelerexp,at://did:plc:3tnu5gfoy6vizfphb4ltzuom/app.bsky.feed.post/3mg2gjuwwls2p,40,6,1,0
a4898e85b84e4b85ae1aa754c2f58eb9,2026-03-02T09:00:00Z,2026-03-02T09:21:36Z,auth,auth_enUS_labelerexp,at://did:plc:hjykhrtsznz76d4qllrdbywq/app.bsky.feed.post/3mg2fvqh5ns2n,2,0,0,0
a4898e85b84e4b85ae1aa754c2f58eb9,2026-03-02T09:00:00Z,2026-03-02T09:21:36Z,auth,auth_enUS_labelerexp,at://did:plc:hjykhrtsznz76d4qllrdbywq/app.bsky.feed.post/3mg2fo356gs2n,5,0,0,0
a4898e85b84e4b85ae1aa754c2f58eb9,2026-03-02T09:00:00Z,2026-03-02T09:21:36Z,auth,auth_enUS_labelerexp,at://did:plc:zvewiyekn45lm4ntrjgsrpll/app.bsky.feed.post/3mg2fmni7hk2p,28,6,0,0
a4898e85b84e4b85ae1aa754c2f58eb9,2026-03-02T09:00:00Z,2026-03-02T09:21:36Z,auth,auth_enUS_labelerexp,at://did:plc:jdmylt72deismyafuzcnj6a6/app.bsky.feed.post/3mg2fgkfjtk2f,7,0,0,0
a4898e85b84e4b85ae1aa754c2f58eb9,2026-03-02T09:00:00Z,2026-03-02T09:21:37Z,auth,auth_enUS_labelerexp,at://did:plc:fofgbzyezugjpye66d2ucmst/app.bsky.feed.post/3mg2w4fvaxc2n,0,0,0,0
a4898e85b84e4b85ae1aa754c2f58eb9,2026-03-02T09:00:00Z,2026-03-02T09:21:37Z,auth,auth_enUS_labelerexp,at://did:plc:bfieqha4gcv7fihuvwc7d5lr/app.bsky.feed.post/3mg2vzomjrc2e,0,0,0,0
a4898e85b84e4b85ae1aa754c2f58eb9,2026-03-02T09:00:00Z,2026-03-02T09:21:37Z,auth,auth_enUS_labelerexp,at://did:plc:e6bwm67so46yqphervouo6ui/app.bsky.feed.post/3mg2vzbhf7c2n,0,0,0,0
a4898e85b84e4b85ae1aa754c2f58eb9,2026-03-02T09:00:00Z,2026-03-02T09:21:37Z,auth,auth_enUS_labelerexp,at://did:plc:j2bphzc6irgeey5l5xsxp5b3/app.bsky.feed.post/3mg2vtbunmc2t,0,0,0,0
a4898e85b84e4b85ae1aa754c2f58eb9,2026-03-02T09:00:00Z,2026-03-02T09:21:37Z,auth,auth_enUS_labelerexp,at://did:plc:fofgbzyezugjpye66d2ucmst/app.bsky.feed.post/3mg2vrlw4lk2n,0,0,0,0
a4898e85b84e4b85ae1aa754c2f58eb9,2026-03-02T09:00:00Z,2026-03-02T09:21:37Z,auth,auth_enUS_labelerexp,at://did:plc:go2bcmsadpur2xclphjbtspb/app.bsky.feed.post/3mg2vnmdxok2y,0,0,0,0
a4898e85b84e4b85ae1aa754c2f58eb9,2026-03-02T09:00:00Z,2026-03-02T09:21:37Z,auth,auth_enUS_labelerexp,at://did:plc:s6xkadgillzolldbezg4szdk/app.bsky.feed.post/3mg2vlajddk2l,0,0,0,0
a4898e85b84e4b85ae1aa754c2f58eb9,2026-03-02T09:00:00Z,2026-03-02T09:21:37Z,auth,auth_enUS_labelerexp,at://did:plc:go2bcmsadpur2xclphjbtspb/app.bsky.feed.post/3mg2vkqd6bs2y,0,0,0,0
a4898e85b84e4b85ae1aa754c2f58eb9,2026-03-02T09:00:00Z,2026-03-02T09:21:37Z,auth,auth_enUS_labelerexp,at://did:plc:hulegx7uainxpulv5w4lpcmx/app.bsky.feed.post/3mg2vdebjic2s,0,0,1,0
a4898e85b84e4b85ae1aa754c2f58eb9,2026-03-02T09:00:00Z,2026-03-02T09:21:37Z,auth,auth_enUS_labelerexp,at://did:plc:okql3sqtyeygyicsqeyccwig/app.bsky.feed.post/3mg2v3ucjx22e,0,0,0,0
a4898e85b84e4b85ae1aa754c2f58eb9,2026-03-02T09:00:00Z,2026-03-02T09:21:37Z,auth,auth_enUS_labelerexp,at://did:plc:j2bphzc6irgeey5l5xsxp5b3/app.bsky.feed.post/3mg2uxrdbtc2t,0,0,1,0
a4898e85b84e4b85ae1aa754c2f58eb9,2026-03-02T09:00:00Z,2026-03-02T09:21:37Z,auth,auth_enUS_labelerexp,at://did:plc:tg6plzqgu7xmpkcs4rslr2h4/app.bsky.feed.post/3mg2uvfrios25,3,0,0,0
a4898e85b84e4b85ae1aa754c2f58eb9,2026-03-02T09:00:00Z,2026-03-02T09:21:37Z,auth,auth_enUS_labelerexp,at://did:plc:tybolum5wrmgapisdcaik2ia/app.bsky.feed.post/3mg2ummfs2u2h,0,0,1,0
a4898e85b84e4b85ae1aa754c2f58eb9,2026-03-02T09:00:00Z,2026-03-02T09:21:37Z,auth,auth_enUS_labelerexp,at://did:plc:vuukw2uzogyk3ptxs5tqsd5c/app.bsky.feed.post/3mg2u7omzh22y,0,0,1,0
a4898e85b84e4b85ae1aa754c2f58eb9,2026-03-02T09:00:00Z,2026-03-02T09:21:37Z,auth,auth_enUS_labelerexp,at://did:plc:6l22mlctzwzz6jibmsfaftu3/app.bsky.feed.post/3mg2trn5c5k2f,0,0,0,0
a4898e85b84e4b85ae1aa754c2f58eb9,2026-03-02T09:00:00Z,2026-03-02T09:21:37Z,auth,auth_enUS_labelerexp,at://did:plc:uucuttyupgligp5y5m2fl3qe/app.bsky.feed.post/3mg2tmvy25s2m,0,0,0,0
a4898e85b84e4b85ae1aa754c2f58eb9,2026-03-02T09:00:00Z,2026-03-02T09:21:37Z,auth,auth_enUS_labelerexp,at://did:plc:prurypi4rxplpnskgutvudec/app.bsky.feed.post/3mg2sudhya22v,0,0,0,0
a4898e85b84e4b85ae1aa754c2f58eb9,2026-03-02T09:00:00Z,2026-03-02T09:21:37Z,auth,auth_enUS_labelerexp,at://did:plc:6l22mlctzwzz6jibmsfaftu3/app.bsky.feed.post/3mg2sl3tro22j,0,0,0,0
a4898e85b84e4b85ae1aa754c2f58eb9,2026-03-02T09:00:00Z,2026-03-02T09:21:37Z,auth,auth_enUS_labelerexp,at://did:plc:tt5xu3fsb45u42yoq5qzfns7/app.bsky.feed.post/3mg2s76u5tc2d,0,0,0,0
a4898e85b84e4b85ae1aa754c2f58eb9,2026-03-02T09:00:00Z,2026-03-02T09:21:37Z,auth,auth_enUS_labelerexp,at://did:plc:yr4utdcv7bubqy36woykvjgx/app.bsky.feed.post/3mg2s54u2w22l,0,0,0,0
a4898e85b84e4b85ae1aa754c2f58eb9,2026-03-02T09:00:00Z,2026-03-02T09:21:37Z,auth,auth_enUS_labelerexp,at://did:plc:hulegx7uainxpulv5w4lpcmx/app.bsky.feed.post/3mg2s33h5bs2s,0,0,1,0
a4898e85b84e4b85ae1aa754c2f58eb9,2026-03-02T09:00:00Z,2026-03-02T09:21:37Z,auth,auth_enUS_labelerexp,at://did:plc:ex664mmne6frkqma6rhnyzz6/app.bsky.feed.post/3mg2rrhjgwc2v,0,0,0,0
a4898e85b84e4b85ae1aa754c2f58eb9,2026-03-02T09:00:00Z,2026-03-02T09:21:37Z,auth,auth_enUS_labelerexp,at://did:plc:7opjnfmb6gtbgjrsr3777ujx/app.bsky.feed.post/3mbomnhzfzk2w,3,0,0,0
a4898e85b84e4b85ae1aa754c2f58eb9,2026-03-02T09:00:00Z,2026-03-02T09:21:37Z,auth,auth_enUS_labelerexp,at://did:plc:vmevhputmjs2fmstj2yzf26i/app.bsky.feed.post/3mg2q4fuu7c2q,0,0,0,0
a4898e85b84e4b85ae1aa754c2f58eb9,2026-03-02T09:00:00Z,2026-03-02T09:21:37Z,auth,auth_enUS_labelerexp,at://did:plc:retcqod3ot6bt4mywfyf6os5/app.bsky.feed.post/3mg2pkbdtzd2j,1,0,0,0
a4898e85b84e4b85ae1aa754c2f58eb9,2026-03-02T09:00:00Z,2026-03-02T09:21:37Z,auth,auth_enUS_labelerexp,at://did:plc:tybolum5wrmgapisdcaik2ia/app.bsky.feed.post/3mg2otzvexr2h,0,0,1,0
a4898e85b84e4b85ae1aa754c2f58eb9,2026-03-02T09:00:00Z,2026-03-02T09:21:37Z,auth,auth_enUS_labelerexp,at://did:plc:5w4ifuyajpfxryeietzea222/app.bsky.feed.post/3mg2omrs54k2q,0,0,0,0
a4898e85b84e4b85ae1aa754c2f58eb9,2026-03-02T09:00:00Z,2026-03-02T09:21:37Z,auth,auth_enUS_labelerexp,at://did:plc:7dbhcyyqh4plnk5m6jfb6wfv/app.bsky.feed.post/3mg2okd72p22h,0,0,0,0
a4898e85b84e4b85ae1aa754c2f58eb9,2026-03-02T09:00:00Z,2026-03-02T09:21:37Z,auth,auth_enUS_labelerexp,at://did:plc:ll4impbhoulbmaxvcisan2y6/app.bsky.feed.post/3mg2ovpdftty2,0,0,0,0
a4898e85b84e4b85ae1aa754c2f58eb9,2026-03-02T09:00:00Z,2026-03-02T09:21:37Z,auth,auth_enUS_labelerexp,at://did:plc:ik2al5wvzbbigh4zz472vbpf/app.bsky.feed.post/3mg2nxpz6wc2b,1,0,0,0
a4898e85b84e4b85ae1aa754c2f58eb9,2026-03-02T09:00:00Z,2026-03-02T09:21:37Z,auth,auth_enUS_labelerexp,at://did:plc:jwsbsdbtxzje7yyrbgp4emvu/app.bsky.feed.post/3mg2nxjuc5c2z,0,0,0,0
a4898e85b84e4b85ae1aa754c2f58eb9,2026-03-02T09:00:00Z,2026-03-02T09:21:37Z,auth,auth_enUS_labelerexp,at://did:plc:4ryqt3vc4dnkxpipivgsyhaf/app.bsky.feed.post/3mg2nuqk57c2q,0,0,0,0
a4898e85b84e4b85ae1aa754c2f58eb9,2026-03-02T09:00:00Z,2026-03-02T09:21:37Z,auth,auth_enUS_labelerexp,at://did:plc:hulegx7uainxpulv5w4lpcmx/app.bsky.feed.post/3mg2mmegwu22s,0,0,0,0
a4898e85b84e4b85ae1aa754c2f58eb9,2026-03-02T09:00:00Z,2026-03-02T09:21:37Z,auth,auth_enUS_labelerexp,at://did:plc:rlrosb3xvfiylgnm3goyvzib/app.bsky.feed.post/3mg2lodruiz32,0,0,0,0
a4898e85b84e4b85ae1aa754c2f58eb9,2026-03-02T09:00:00Z,2026-03-02T09:21:37Z,auth,auth_enUS_labelerexp,at://did:plc:dh47hemlkdfy2vfoashdlnkd/app.bsky.feed.post/3mg2lhfvruc2r,0,0,0,0
a4898e85b84e4b85ae1aa754c2f58eb9,2026-03-02T09:00:00Z,2026-03-02T09:21:37Z,auth,auth_enUS_labelerexp,at://did:plc:tg6plzqgu7xmpkcs4rslr2h4/app.bsky.feed.post/3mg2l7yuiek2o,3,1,0,0
a4898e85b84e4b85ae1aa754c2f58eb9,2026-03-02T09:00:00Z,2026-03-02T09:21:37Z,auth,auth_enUS_labelerexp,at://did:plc:x4ydziuju4ysigph5wf6mvwa/app.bsky.feed.post/3mg2kqzpsd5v2,0,0,0,0
a4898e85b84e4b85ae1aa754c2f58eb9,2026-03-02T09:00:00Z,2026-03-02T09:21:37Z,auth,auth_enUS_labelerexp,at://did:plc:tybolum5wrmgapisdcaik2ia/app.bsky.feed.post/3mg2jwwkncn2r,0,0,1,0
a4898e85b84e4b85ae1aa754c2f58eb9,2026-03-02T09:00:00Z,2026-03-02T09:21:37Z,auth,auth_enUS_labelerexp,at://did:plc:ng55rpws3sbdxynnebw3pzna/app.bsky.feed.post/3mg2juend63p2,0,0,0,0
a4898e85b84e4b85ae1aa754c2f58eb9,2026-03-02T09:00:00Z,2026-03-02T09:21:37Z,auth,auth_enUS_labelerexp,at://did:plc:bgbqdmsbo4l5atbs6p5blfe3/app.bsky.feed.post/3mg2iwmoqaf2t,3,0,0,0
a4898e85b84e4b85ae1aa754c2f58eb9,2026-03-02T09:00:00Z,2026-03-02T09:21:37Z,auth,auth_enUS_labelerexp,at://did:plc:hulegx7uainxpulv5w4lpcmx/app.bsky.feed.post/3mg2htyvdes2s,0,0,0,0
a4898e85b84e4b85ae1aa754c2f58eb9,2026-03-02T09:00:00Z,2026-03-02T09:21:37Z,auth,auth_enUS_labelerexp,at://did:plc:5k2mbnswxfwwe43m6e54jaq2/app.bsky.feed.post/3mg2gmdoil22y,0,0,0,0
a4898e85b84e4b85ae1aa754c2f58eb9,2026-03-02T09:00:00Z,2026-03-02T09:21:37Z,auth,auth_enUS_labelerexp,at://did:plc:tg6plzqgu7xmpkcs4rslr2h4/app.bsky.feed.post/3mg2gfk2un22j,4,1,0,0
a4898e85b84e4b85ae1aa754c2f58eb9,2026-03-02T09:00:00Z,2026-03-02T09:21:37Z,auth,auth_enUS_labelerexp,at://did:plc:b4ul5ewpvtedpxfct6buy52z/app.bsky.feed.post/3mg2galm4xk2p,0,0,0,0
a4898e85b84e4b85ae1aa754c2f58eb9,2026-03-02T09:00:00Z,2026-03-02T09:21:37Z,auth,auth_enUS_labelerexp,at://did:plc:xz53xjnkiaxr4rcdkv5gv4zj/app.bsky.feed.post/3mg2fr7xcrc2g,5,1,3,0
a4898e85b84e4b85ae1aa754c2f58eb9,2026-03-02T09:00:00Z,2026-03-02T09:21:37Z,auth,auth_enUS_labelerexp,at://did:plc:5ipp27pkrxqtmoovkfowa3vj/app.bsky.feed.post/3mg2fqjae322z,0,0,0,0
a4898e85b84e4b85ae1aa754c2f58eb9,2026-03-02T09:00:00Z,2026-03-02T09:21:37Z,auth,auth_enUS_labelerexp,at://did:plc:retcqod3ot6bt4mywfyf6os5/app.bsky.feed.post/3mg2eyazgml2g,0,0,0,0
a4898e85b84e4b85ae1aa754c2f58eb9,2026-03-02T09:00:00Z,2026-03-02T09:21:37Z,auth,auth_enUS_labelerexp,at://did:plc:hulegx7uainxpulv5w4lpcmx/app.bsky.feed.post/3mg2evfzsik2s,1,1,0,0
a4898e85b84e4b85ae1aa754c2f58eb9,2026-03-02T09:00:00Z,2026-03-02T09:21:37Z,auth,auth_enUS_labelerexp,at://did:plc:jntj56qwel27ylswu3xsdyrd/app.bsky.feed.post/3mg2dptil3c2e,0,0,0,0
a4898e85b84e4b85ae1aa754c2f58eb9,2026-03-02T09:00:00Z,2026-03-02T09:21:37Z,auth,auth_enUS_labelerexp,at://did:plc:7dbhcyyqh4plnk5m6jfb6wfv/app.bsky.feed.post/3mg2di2ptw22a,0,0,0,0
a4898e85b84e4b85ae1aa754c2f58eb9,2026-03-02T09:00:00Z,2026-03-02T09:21:39Z,auth,auth_enUS_labelerexp,at://did:plc:knjinwhpqp3dx76hn4yym5g2/app.bsky.feed.post/3mg2vb4rzc22w,3,1,0,0
a4898e85b84e4b85ae1aa754c2f58eb9,2026-03-02T09:00:00Z,2026-03-02T09:21:39Z,auth,auth_enUS_labelerexp,at://did:plc:6d727yej7ywbrvpouimux5zk/app.bsky.feed.post/3mg2r4tm4zc2r,6,0,0,0
a4898e85b84e4b85ae1aa754c2f58eb9,2026-03-02T09:00:00Z,2026-03-02T09:21:39Z,auth,auth_enUS_labelerexp,at://did:plc:5eyychrfgqfszcpkb3fbukek/app.bsky.feed.post/3mg2ppumwbk2b,6,1,0,1
a4898e85b84e4b85ae1aa754c2f58eb9,2026-03-02T09:00:00Z,2026-03-02T09:21:39Z,auth,auth_enUS_labelerexp,at://did:plc:e2vkewhokeivjpsdng7zbi74/app.bsky.feed.post/3mg2osc7z3k2x,3,0,0,0
a4898e85b84e4b85ae1aa754c2f58eb9,2026-03-02T09:00:00Z,2026-03-02T09:21:39Z,auth,auth_enUS_labelerexp,at://did:plc:5eyychrfgqfszcpkb3fbukek/app.bsky.feed.post/3mg2ogwv4k22b,2,0,0,0
a4898e85b84e4b85ae1aa754c2f58eb9,2026-03-02T09:00:00Z,2026-03-02T09:21:39Z,auth,auth_enUS_labelerexp,at://did:plc:wcgppdlb6mym4yp2p6bgxnse/app.bsky.feed.post/3mfztwn7csk2u,15,0,0,1
a4898e85b84e4b85ae1aa754c2f58eb9,2026-03-02T09:00:00Z,2026-03-02T09:21:39Z,auth,auth_enUS_labelerexp,at://did:plc:lrd37aaadollmsoy3yxb7mo2/app.bsky.feed.post/3mfztki4ov22q,4,0,0,0
a4898e85b84e4b85ae1aa754c2f58eb9,2026-03-02T09:00:00Z,2026-03-02T09:21:39Z,auth,auth_enUS_labelerexp,at://did:plc:vym654lxhiwcqf3eoo7ihq6n/app.bsky.feed.post/3mfzoyk3qjs2z,6,0,0,0
a4898e85b84e4b85ae1aa754c2f58eb9,2026-03-02T09:00:00Z,2026-03-02T09:21:39Z,auth,auth_enUS_labelerexp,at://did:plc:wcgppdlb6mym4yp2p6bgxnse/app.bsky.feed.post/3mfzn4bg7ls2i,22,3,1,0
a4898e85b84e4b85ae1aa754c2f58eb9,2026-03-02T09:00:00Z,2026-03-02T09:21:39Z,auth,auth_enUS_labelerexp,at://did:plc:mrfno7ipwulhds2wloxccvdg/app.bsky.feed.post/3mfzmrjqzgs2x,3,0,0,0
a4898e85b84e4b85ae1aa754c2f58eb9,2026-03-02T09:00:00Z,2026-03-02T09:21:39Z,auth,auth_enUS_labelerexp,at://did:plc:ohj2az6ctusb5bgieobb6ooc/app.bsky.feed.post/3mfzlkmpdts25,14,6,0,0
a4898e85b84e4b85ae1aa754c2f58eb9,2026-03-02T09:00:00Z,2026-03-02T09:21:39Z,auth,auth_enUS_labelerexp,at://did:plc:5ldsku7tpjwwowladiubn6y7/app.bsky.feed.post/3mfzlfdzhgc2u,8,0,0,0
a4898e85b84e4b85ae1aa754c2f58eb9,2026-03-02T09:00:00Z,2026-03-02T09:21:39Z,auth,auth_enUS_labelerexp,at://did:plc:au5v2nxpex2ayx3auafmcu4k/app.bsky.feed.post/3mfzksigwxs2t,8,1,0,0
a4898e85b84e4b85ae1aa754c2f58eb9,2026-03-02T09:00:00Z,2026-03-02T09:21:39Z,auth,auth_enUS_labelerexp,at://did:plc:u4grfjeujty6ftjxi3bdgqgt/app.bsky.feed.post/3mfzjm65pak2h,16,4,1,0
a4898e85b84e4b85ae1aa754c2f58eb9,2026-03-02T09:00:00Z,2026-03-02T09:21:39Z,auth,auth_enUS_labelerexp,at://did:plc:ehvwxgge6apq2shbpb2kfv33/app.bsky.feed.post/3mfzgvkosrk2c,28,9,3,1
a4898e85b84e4b85ae1aa754c2f58eb9,2026-03-02T09:00:00Z,2026-03-02T09:21:39Z,auth,auth_enUS_labelerexp,at://did:plc:mrfno7ipwulhds2wloxccvdg/app.bsky.feed.post/3mfzgv4ugjk2x,3,0,0,0
a4898e85b84e4b85ae1aa754c2f58eb9,2026-03-02T09:00:00Z,2026-03-02T09:21:39Z,auth,auth_enUS_labelerexp,at://did:plc:qv7ummcxlfv2t7zuib5jeakj/app.bsky.feed.post/3mfzglxym3k2y,7,0,0,0
a4898e85b84e4b85ae1aa754c2f58eb9,2026-03-02T09:00:00Z,2026-03-02T09:21:39Z,auth,auth_enUS_labelerexp,at://did:plc:zatfl6xjaul5yc2go5xn2phg/app.bsky.feed.post/3mfzgctlmb224,4,0,0,0
a4898e85b84e4b85ae1aa754c2f58eb9,2026-03-02T09:00:00Z,2026-03-02T09:21:39Z,auth,auth_enUS_labelerexp,at://did:plc:eoamfahf3iemz3uhdzhfhjpq/app.bsky.feed.post/3mfzei36ecs2a,13,2,1,0
a4898e85b84e4b85ae1aa754c2f58eb9,2026-03-02T09:00:00Z,2026-03-02T09:21:39Z,auth,auth_enUS_labelerexp,at://did:plc:qapd5bsxlovg7h7q6brh4uss/app.bsky.feed.post/3mfzd5peeqs23,8,0,1,0
a4898e85b84e4b85ae1aa754c2f58eb9,2026-03-02T09:00:00Z,2026-03-02T09:21:39Z,auth,auth_enUS_labelerexp,at://did:plc:qapd5bsxlovg7h7q6brh4uss/app.bsky.feed.post/3mfzc7ag7wk2i,7,0,0,0
a4898e85b84e4b85ae1aa754c2f58eb9,2026-03-02T09:00:00Z,2026-03-02T09:21:39Z,auth,auth_enUS_labelerexp,at://did:plc:nn6u2mpavycameetqswbp5oa/app.bsky.feed.post/3mfza5qfonc2s,35,8,0,0
a4898e85b84e4b85ae1aa754c2f58eb9,2026-03-02T09:00:00Z,2026-03-02T09:21:39Z,auth,auth_enUS_labelerexp,at://did:plc:7mb6c7tucwnlo3goa4c32kko/app.bsky.feed.post/3mfz6twze7s2z,6,0,0,0
a4898e85b84e4b85ae1aa754c2f58eb9,2026-03-02T09:00:00Z,2026-03-02T09:21:39Z,auth,auth_enUS_labelerexp,at://did:plc:g7xy3gqwe74uojg7z5ybu7rr/app.bsky.feed.post/3mfz66ebsqk2a,27,1,0,0
a4898e85b84e4b85ae1aa754c2f58eb9,2026-03-02T09:00:00Z,2026-03-02T09:21:39Z,auth,auth_enUS_labelerexp,at://did:plc:cka6hrtowvvml3tm3dschbzu/app.bsky.feed.post/3mfz62vmt7s2v,54,15,0,0
a4898e85b84e4b85ae1aa754c2f58eb9,2026-03-02T09:00:00Z,2026-03-02T09:21:39Z,auth,auth_enUS_labelerexp,at://did:plc:2qsvdt3f2hzbs7hkngp7l4ib/app.bsky.feed.post/3mfz3y5vqpc2g,13,2,1,0
a4898e85b84e4b85ae1aa754c2f58eb9,2026-03-02T09:00:00Z,2026-03-02T09:21:39Z,auth,auth_enUS_labelerexp,at://did:plc:3gphp34jekq536d3q25lspvu/app.bsky.feed.post/3mfz2vekbm22b,7,0,0,0
a4898e85b84e4b85ae1aa754c2f58eb9,2026-03-02T09:00:00Z,2026-03-02T09:21:39Z,auth,auth_enUS_labelerexp,at://did:plc:w5l3km3q4ypwyuo3mxbszx7z/app.bsky.feed.post/3mfz2c5bvbs2c,12,0,0,0
a4898e85b84e4b85ae1aa754c2f58eb9,2026-03-02T09:00:00Z,2026-03-02T09:21:39Z,auth,auth_enUS_labelerexp,at://did:plc:avyxuj2wp4mkqzl66iwegbhs/app.bsky.feed.post/3mfz23xvm6s2v,5,1,0,0
a4898e85b84e4b85ae1aa754c2f58eb9,2026-03-02T09:00:00Z,2026-03-02T09:21:39Z,auth,auth_enUS_labelerexp,at://did:plc:nn6u2mpavycameetqswbp5oa/app.bsky.feed.post/3mfyz6hxw5s2p,68,18,0,0
a4898e85b84e4b85ae1aa754c2f58eb9,2026-03-02T09:00:00Z,2026-03-02T09:21:39Z,auth,auth_enUS_labelerexp,at://did:plc:etsyftogp7oxz5cnq665qito/app.bsky.feed.post/3mfyyut3ifk2r,15,1,0,0
a4898e85b84e4b85ae1aa754c2f58eb9,2026-03-02T09:00:00Z,2026-03-02T09:21:39Z,auth,auth_enUS_labelerexp,at://did:plc:ucoipimtrfljhfaeewjwyso5/app.bsky.feed.post/3mfyyp2qxhs2d,14,1,0,0
a4898e85b84e4b85ae1aa754c2f58eb9,2026-03-02T09:00:00Z,2026-03-02T09:21:39Z,auth,auth_enUS_labelerexp,at://did:plc:mrfno7ipwulhds2wloxccvdg/app.bsky.feed.post/3mfyxroy6ek2x,1,0,0,0
a4898e85b84e4b85ae1aa754c2f58eb9,2026-03-02T09:00:00Z,2026-03-02T09:21:39Z,auth,auth_enUS_labelerexp,at://did:plc:mrfno7ipwulhds2wloxccvdg/app.bsky.feed.post/3mfyxjqrlq22x,2,0,0,0
a4898e85b84e4b85ae1aa754c2f58eb9,2026-03-02T09:00:00Z,2026-03-02T09:21:39Z,auth,auth_enUS_labelerexp,at://did:plc:pppas6qg6tafw3z3c7jn5gmg/app.bsky.feed.post/3mfytzdcfbk2j,10,0,1,0
a4898e85b84e4b85ae1aa754c2f58eb9,2026-03-02T09:00:00Z,2026-03-02T09:21:39Z,auth,auth_enUS_labelerexp,at://did:plc:e2vkewhokeivjpsdng7zbi74/app.bsky.feed.post/3mfyszqgz2s27,11,2,1,0
a4898e85b84e4b85ae1aa754c2f58eb9,2026-03-02T09:00:00Z,2026-03-02T09:21:39Z,auth,auth_enUS_labelerexp,at://did:plc:mydyf4bgsmjv63vcn6yimtbg/app.bsky.feed.post/3mfyqaoftks24,16,1,0,0
a4898e85b84e4b85ae1aa754c2f58eb9,2026-03-02T09:00:00Z,2026-03-02T09:21:39Z,auth,auth_enUS_labelerexp,at://did:plc:tofgpzhww6afz44svn5f6w4o/app.bsky.feed.post/3mfynoxvfts2z,25,4,0,0
a4898e85b84e4b85ae1aa754c2f58eb9,2026-03-02T09:00:00Z,2026-03-02T09:21:39Z,auth,auth_enUS_labelerexp,at://did:plc:6xg6e2tjdugpcvrump2hnzdf/app.bsky.feed.post/3mfynmlq6n22d,11,0,0,0
a4898e85b84e4b85ae1aa754c2f58eb9,2026-03-02T09:00:00Z,2026-03-02T09:21:39Z,auth,auth_enUS_labelerexp,at://did:plc:vb72kskr37ga6efhnoccutn2/app.bsky.feed.post/3mfymqshw2c2d,29,4,0,1
a4898e85b84e4b85ae1aa754c2f58eb9,2026-03-02T09:00:00Z,2026-03-02T09:21:39Z,auth,auth_enUS_labelerexp,at://did:plc:vb72kskr37ga6efhnoccutn2/app.bsky.feed.post/3mfylte5eqc2f,39,2,1,1
a4898e85b84e4b85ae1aa754c2f58eb9,2026-03-02T09:00:00Z,2026-03-02T09:21:39Z,auth,auth_enUS_labelerexp,at://did:plc:nn6u2mpavycameetqswbp5oa/app.bsky.feed.post/3mfyjdg7oes2o,47,8,0,0
a4898e85b84e4b85ae1aa754c2f58eb9,2026-03-02T09:00:00Z,2026-03-02T09:21:39Z,auth,auth_enUS_labelerexp,at://did:plc:crdzteoyok4zkqj4nwttq3p3/app.bsky.feed.post/3mfyjayqhg22u,20,3,0,1
a4898e85b84e4b85ae1aa754c2f58eb9,2026-03-02T09:00:00Z,2026-03-02T09:21:39Z,auth,auth_enUS_labelerexp,at://did:plc:ogli4b2syfffae2k7ycqarsi/app.bsky.feed.post/3mfyddl23q22t,19,2,2,1
a4898e85b84e4b85ae1aa754c2f58eb9,2026-03-02T09:00:00Z,2026-03-02T09:21:39Z,auth,auth_enUS_labelerexp,at://did:plc:o46psdqsbvwigrdldoelfutf/app.bsky.feed.post/3mfybv6qro22w,17,3,1,0
a4898e85b84e4b85ae1aa754c2f58eb9,2026-03-02T09:00:00Z,2026-03-02T09:21:39Z,auth,auth_enUS_labelerexp,at://did:plc:o46psdqsbvwigrdldoelfutf/app.bsky.feed.post/3mfybq7r6wk2w,10,1,1,0
a4898e85b84e4b85ae1aa754c2f58eb9,2026-03-02T09:00:00Z,2026-03-02T09:21:39Z,auth,auth_enUS_labelerexp,at://did:plc:vmgtjjv34uteqjyqumnj5z3p/app.bsky.feed.post/3mfybnpc7jc22,15,2,0,0
a4898e85b84e4b85ae1aa754c2f58eb9,2026-03-02T09:00:00Z,2026-03-02T09:21:39Z,auth,auth_enUS_labelerexp,at://did:plc:u4grfjeujty6ftjxi3bdgqgt/app.bsky.feed.post/3mfyb6r67vs2b,16,0,1,1
a4898e85b84e4b85ae1aa754c2f58eb9,2026-03-02T09:00:00Z,2026-03-02T09:21:39Z,auth,auth_enUS_labelerexp,at://did:plc:dvn57irdwvhoxqwiqcfth4rn/app.bsky.feed.post/3mfy3nplzw22m,6,1,0,0
a4898e85b84e4b85ae1aa754c2f58eb9,2026-03-02T09:00:00Z,2026-03-02T09:21:39Z,auth,auth_enUS_labelerexp,at://did:plc:mrfno7ipwulhds2wloxccvdg/app.bsky.feed.post/3mfxu2wgwrk25,3,0,0,0
a4898e85b84e4b85ae1aa754c2f58eb9,2026-03-02T09:00:00Z,2026-03-02T09:21:41Z,auth,auth_enUS_labelerexp,at://did:plc:geoqe3qls5mwezckxxsewys2/app.bsky.feed.post/3lfqhgvxbqc2q,990,127,4,23
a4898e85b84e4b85ae1aa754c2f58eb9,2026-03-02T09:00:00Z,2026-03-02T09:21:41Z,auth,auth_enUS_labelerexp,at://did:plc:7mmzru6buw3ab2qsnkf543eb/app.bsky.feed.post/3mg2k73qylc2p,7,2,0,0
a4898e85b84e4b85ae1aa754c2f58eb9,2026-03-02T09:00:00Z,2026-03-02T09:21:41Z,auth,auth_enUS_labelerexp,at://did:plc:7oslqf554gyvd5523tkdzy3c/app.bsky.feed.post/3mg2ijgkvb22c,14,2,0,0
a4898e85b84e4b85ae1aa754c2f58eb9,2026-03-02T09:00:00Z,2026-03-02T09:21:41Z,auth,auth_enUS_labelerexp,at://did:plc:xcbnex4tdl2fa3bjopeviia2/app.bsky.feed.post/3mg2h6mnp7s2k,41,0,0,0
a4898e85b84e4b85ae1aa754c2f58eb9,2026-03-02T09:00:00Z,2026-03-02T09:21:41Z,auth,auth_enUS_labelerexp,at://did:plc:7mmzru6buw3ab2qsnkf543eb/app.bsky.feed.post/3mg2ghfmqw225,10,1,0,0
a4898e85b84e4b85ae1aa754c2f58eb9,2026-03-02T09:00:00Z,2026-03-02T09:21:41Z,auth,auth_enUS_labelerexp,at://did:plc:geoqe3qls5mwezckxxsewys2/app.bsky.feed.post/3li3vxr5gg227,96,11,2,1
a4898e85b84e4b85ae1aa754c2f58eb9,2026-03-02T09:00:00Z,2026-03-02T09:21:41Z,auth,auth_enUS_labelerexp,at://did:plc:7mmzru6buw3ab2qsnkf543eb/app.bsky.feed.post/3mg2g2k5kdc25,12,1,0,0
a4898e85b84e4b85ae1aa754c2f58eb9,2026-03-02T09:00:00Z,2026-03-02T09:21:41Z,auth,auth_enUS_labelerexp,at://did:plc:vlu7phn7ukzdmfdklid6av5q/app.bsky.feed.post/3mg2fdylx5c2p,40,0,6,0
a4898e85b84e4b85ae1aa754c2f58eb9,2026-03-02T09:00:00Z,2026-03-02T09:21:41Z,auth,auth_enUS_labelerexp,at://did:plc:ldjceu255gubmxplu3wif44o/app.bsky.feed.post/3mg2f66oges25,18,0,3,0
a4898e85b84e4b85ae1aa754c2f58eb9,2026-03-02T09:00:00Z,2026-03-02T09:21:41Z,auth,auth_enUS_labelerexp,at://did:plc:5t5iwhhbfoggocteqyusnlg3/app.bsky.feed.post/3mg25jjbxhc2l,15,1,4,0
a4898e85b84e4b85ae1aa754c2f58eb9,2026-03-02T09:00:00Z,2026-03-02T09:21:41Z,auth,auth_enUS_labelerexp,at://did:plc:d2zlvd22bkau4i3etopwuxhd/app.bsky.feed.post/3mfzzfulslc2w,14,0,0,0
a4898e85b84e4b85ae1aa754c2f58eb9,2026-03-02T09:00:00Z,2026-03-02T09:21:41Z,auth,auth_enUS_labelerexp,at://did:plc:hg4j43t357rjmyewucelrgkw/app.bsky.feed.post/3mfzzcbsiok2v,24,2,0,0
a4898e85b84e4b85ae1aa754c2f58eb9,2026-03-02T09:00:00Z,2026-03-02T09:21:41Z,auth,auth_enUS_labelerexp,at://did:plc:lmmomempab464ondyiko2fsl/app.bsky.feed.post/3mfzzawkbr22w,37,1,1,0
a4898e85b84e4b85ae1aa754c2f58eb9,2026-03-02T09:00:00Z,2026-03-02T09:21:41Z,auth,auth_enUS_labelerexp,at://did:plc:4pgigj2tzszcyqizkddxlqrh/app.bsky.feed.post/3mfzz75z7522m,23,0,3,0
a4898e85b84e4b85ae1aa754c2f58eb9,2026-03-02T09:00:00Z,2026-03-02T09:21:41Z,auth,auth_enUS_labelerexp,at://did:plc:easf4ri5rfbtj4btigebd4by/app.bsky.feed.post/3mfzy2blids25,15,0,1,0
a4898e85b84e4b85ae1aa754c2f58eb9,2026-03-02T09:00:00Z,2026-03-02T09:21:41Z,auth,auth_enUS_labelerexp,at://did:plc:zjdsqpvs22qkberomsvex2xy/app.bsky.feed.post/3mfzxoghthc2j,20,0,1,0
a4898e85b84e4b85ae1aa754c2f58eb9,2026-03-02T09:00:00Z,2026-03-02T09:21:41Z,auth,auth_enUS_labelerexp,at://did:plc:jsyvlelqdcugzjw3qhbrsu3x/app.bsky.feed.post/3mfzwvkurys2n,27,1,0,0
a4898e85b84e4b85ae1aa754c2f58eb9,2026-03-02T09:00:00Z,2026-03-02T09:21:41Z,auth,auth_enUS_labelerexp,at://did:plc:t76tfuv5ytmhjejeuuos5mmd/app.bsky.feed.post/3mfzrzldnxs2c,5,2,0,0
a4898e85b84e4b85ae1aa754c2f58eb9,2026-03-02T09:00:00Z,2026-03-02T09:21:41Z,auth,auth_enUS_labelerexp,at://did:plc:kjcolfndogii5nv7gpapvit3/app.bsky.feed.post/3mfzq3zuax22h,21,0,1,0
a4898e85b84e4b85ae1aa754c2f58eb9,2026-03-02T09:00:00Z,2026-03-02T09:21:41Z,auth,auth_enUS_labelerexp,at://did:plc:ixcyeka6623cetdqipwofxu7/app.bsky.feed.post/3mfzmnt3zjs2s,6,0,0,0
a4898e85b84e4b85ae1aa754c2f58eb9,2026-03-02T09:00:00Z,2026-03-02T09:21:41Z,auth,auth_enUS_labelerexp,at://did:plc:5mtqgfdohz2s5rqcva6mttwp/app.bsky.feed.post/3mfzmn7w5y22m,65,5,2,0
a4898e85b84e4b85ae1aa754c2f58eb9,2026-03-02T09:00:00Z,2026-03-02T09:21:41Z,auth,auth_enUS_labelerexp,at://did:plc:jsyvlelqdcugzjw3qhbrsu3x/app.bsky.feed.post/3mfzh5ga6u22n,25,2,2,1
a4898e85b84e4b85ae1aa754c2f58eb9,2026-03-02T09:00:00Z,2026-03-02T09:21:41Z,auth,auth_enUS_labelerexp,at://did:plc:gcnrnyiufrle5ib3fomv3o35/app.bsky.feed.post/3mfzdtix2vi2o,19,0,1,0
a4898e85b84e4b85ae1aa754c2f58eb9,2026-03-02T09:00:00Z,2026-03-02T09:21:41Z,auth,auth_enUS_labelerexp,at://did:plc:pgtifc6k7n5qmde5gl2jacq3/app.bsky.feed.post/3mfzdic3q4s2e,38,2,6,0
a4898e85b84e4b85ae1aa754c2f58eb9,2026-03-02T09:00:00Z,2026-03-02T09:21:41Z,auth,auth_enUS_labelerexp,at://did:plc:gcnrnyiufrle5ib3fomv3o35/app.bsky.feed.post/3mfzbd46m5n2o,20,4,1,0
a4898e85b84e4b85ae1aa754c2f58eb9,2026-03-02T09:00:00Z,2026-03-02T09:21:41Z,auth,auth_enUS_labelerexp,at://did:plc:ksmzswa3mmubtdxndbtcbkqz/app.bsky.feed.post/3mfzahs7ork2e,2,0,0,0
a4898e85b84e4b85ae1aa754c2f58eb9,2026-03-02T09:00:00Z,2026-03-02T09:21:41Z,auth,auth_enUS_labelerexp,at://did:plc:yqdzx7lewuux7oehegd3hen7/app.bsky.feed.post/3mfz5k7e5hs2m,18,3,0,0
a4898e85b84e4b85ae1aa754c2f58eb9,2026-03-02T09:00:00Z,2026-03-02T09:21:41Z,auth,auth_enUS_labelerexp,at://did:plc:hssivdg6d6wqgxcubox7djbh/app.bsky.feed.post/3mfz3y2iwbs2y,31,1,1,1
a4898e85b84e4b85ae1aa754c2f58eb9,2026-03-02T09:00:00Z,2026-03-02T09:21:41Z,auth,auth_enUS_labelerexp,at://did:plc:jsyvlelqdcugzjw3qhbrsu3x/app.bsky.feed.post/3mfyylaj3rs2z,46,1,3,0
a4898e85b84e4b85ae1aa754c2f58eb9,2026-03-02T09:00:00Z,2026-03-02T09:21:41Z,auth,auth_enUS_labelerexp,at://did:plc:3ciofzdn6kxemhbroojhkndi/app.bsky.feed.post/3mfys6l5pqk2b,37,2,6,0
a4898e85b84e4b85ae1aa754c2f58eb9,2026-03-02T09:00:00Z,2026-03-02T09:21:41Z,auth,auth_enUS_labelerexp,at://did:plc:ksmzswa3mmubtdxndbtcbkqz/app.bsky.feed.post/3mfyrjkoflc24,4,0,0,0
a4898e85b84e4b85ae1aa754c2f58eb9,2026-03-02T09:00:00Z,2026-03-02T09:21:41Z,auth,auth_enUS_labelerexp,at://did:plc:ntzngpqzp545fligvy2tbobv/app.bsky.feed.post/3mfynhaiky22p,22,2,1,1
a4898e85b84e4b85ae1aa754c2f58eb9,2026-03-02T09:00:00Z,2026-03-02T09:21:41Z,auth,auth_enUS_labelerexp,at://did:plc:xcbnex4tdl2fa3bjopeviia2/app.bsky.feed.post/3mfymuair222j,68,0,0,0
a4898e85b84e4b85ae1aa754c2f58eb9,2026-03-02T09:00:00Z,2026-03-02T09:21:41Z,auth,auth_enUS_labelerexp,at://did:plc:55qpdw6ezqi2cmehvuakn57e/app.bsky.feed.post/3mfykwwrhhs2n,22,1,3,1
a4898e85b84e4b85ae1aa754c2f58eb9,2026-03-02T09:00:00Z,2026-03-02T09:21:41Z,auth,auth_enUS_labelerexp,at://did:plc:2t2vookz6tmz2kaajbq3qjmz/app.bsky.feed.post/3mfyfbgumhc2y,19,1,3,0
a4898e85b84e4b85ae1aa754c2f58eb9,2026-03-02T09:00:00Z,2026-03-02T09:21:41Z,auth,auth_enUS_labelerexp,at://did:plc:2t2vookz6tmz2kaajbq3qjmz/app.bsky.feed.post/3mfyfbgw5bs2y,19,1,2,1
a4898e85b84e4b85ae1aa754c2f58eb9,2026-03-02T09:00:00Z,2026-03-02T09:21:41Z,auth,auth_enUS_labelerexp,at://did:plc:arki7y5euvxbk46mmc2txlgb/app.bsky.feed.post/3mfxwbws7h22d,17,1,2,0
a4898e85b84e4b85ae1aa754c2f58eb9,2026-03-02T09:00:00Z,2026-03-02T09:21:41Z,auth,auth_enUS_labelerexp,at://did:plc:4pgigj2tzszcyqizkddxlqrh/app.bsky.feed.post/3mfxvbr3rf22z,30,1,1,0
a4898e85b84e4b85ae1aa754c2f58eb9,2026-03-02T09:00:00Z,2026-03-02T09:21:41Z,auth,auth_enUS_labelerexp,at://did:plc:gft4omwk2w4fzpazuav6ck7j/app.bsky.feed.post/3mfxrlfqxyc2o,21,0,2,0
a4898e85b84e4b85ae1aa754c2f58eb9,2026-03-02T09:00:00Z,2026-03-02T09:21:41Z,auth,auth_enUS_labelerexp,at://did:plc:zjdsqpvs22qkberomsvex2xy/app.bsky.feed.post/3mfxnj3it622x,32,2,3,0
a4898e85b84e4b85ae1aa754c2f58eb9,2026-03-02T09:00:00Z,2026-03-02T09:21:41Z,auth,auth_enUS_labelerexp,at://did:plc:ocuka5ek5ccg5zfccg5gxa6w/app.bsky.feed.post/3mfxmrjzer22r,38,3,1,0
a4898e85b84e4b85ae1aa754c2f58eb9,2026-03-02T09:00:00Z,2026-03-02T09:21:41Z,auth,auth_enUS_labelerexp,at://did:plc:q7smjvpqkfock3mpmeun7gpf/app.bsky.feed.post/3mfxmot2ouc2v,7,1,0,0
a4898e85b84e4b85ae1aa754c2f58eb9,2026-03-02T09:00:00Z,2026-03-02T09:21:41Z,auth,auth_enUS_labelerexp,at://did:plc:q7smjvpqkfock3mpmeun7gpf/app.bsky.feed.post/3mfxmol6vak2v,10,0,1,0
a4898e85b84e4b85ae1aa754c2f58eb9,2026-03-02T09:00:00Z,2026-03-02T09:21:41Z,auth,auth_enUS_labelerexp,at://did:plc:xzyagfnmpoxle6n6lk6iq3bp/app.bsky.feed.post/3mfxmgbmptk2d,29,2,2,0
a4898e85b84e4b85ae1aa754c2f58eb9,2026-03-02T09:00:00Z,2026-03-02T09:21:41Z,auth,auth_enUS_labelerexp,at://did:plc:q7smjvpqkfock3mpmeun7gpf/app.bsky.feed.post/3mfxlkrdxh22v,4,1,0,0
a4898e85b84e4b85ae1aa754c2f58eb9,2026-03-02T09:00:00Z,2026-03-02T09:21:41Z,auth,auth_enUS_labelerexp,at://did:plc:yczhrprwpzegefkjo7t5dqnv/app.bsky.feed.post/3mfxlbdm26s26,14,0,1,0
a4898e85b84e4b85ae1aa754c2f58eb9,2026-03-02T09:00:00Z,2026-03-02T09:21:41Z,auth,auth_enUS_labelerexp,at://did:plc:pzxij3dx6xmv4d7d3cd3anjs/app.bsky.feed.post/3mfxkji2qxc2d,14,1,1,0
a4898e85b84e4b85ae1aa754c2f58eb9,2026-03-02T09:00:00Z,2026-03-02T09:21:41Z,auth,auth_enUS_labelerexp,at://did:plc:jsyvlelqdcugzjw3qhbrsu3x/app.bsky.feed.post/3mfxkcypgus2y,58,1,4,0
a4898e85b84e4b85ae1aa754c2f58eb9,2026-03-02T09:00:00Z,2026-03-02T09:21:41Z,auth,auth_enUS_labelerexp,at://did:plc:ljkhp3vegf3pdevixte2xz32/app.bsky.feed.post/3mfxhfya4ss2o,21,1,2,0
a4898e85b84e4b85ae1aa754c2f58eb9,2026-03-02T09:00:00Z,2026-03-02T09:21:41Z,auth,auth_enUS_labelerexp,at://did:plc:easf4ri5rfbtj4btigebd4by/app.bsky.feed.post/3mfxgntpbgk2d,15,2,0,0
a4898e85b84e4b85ae1aa754c2f58eb9,2026-03-02T09:00:00Z,2026-03-02T09:21:42Z,auth,auth_enUS_labelerexp,at://did:plc:vuprtd6q665cf6ungjd6g74q/app.bsky.feed.post/3mg2vdolwq223,2,0,0,0
a4898e85b84e4b85ae1aa754c2f58eb9,2026-03-02T09:00:00Z,2026-03-02T09:21:42Z,auth,auth_enUS_labelerexp,at://did:plc:er4antdw3ismewcr3uhznqgk/app.bsky.feed.post/3mg2uvjmuwk2d,0,1,0,0
a4898e85b84e4b85ae1aa754c2f58eb9,2026-03-02T09:00:00Z,2026-03-02T09:21:42Z,auth,auth_enUS_labelerexp,at://did:plc:rksoynyvcrgqyxa54fgzolcn/app.bsky.feed.post/3mg2srn3gyv2d,1,0,0,0
a4898e85b84e4b85ae1aa754c2f58eb9,2026-03-02T09:00:00Z,2026-03-02T09:21:42Z,auth,auth_enUS_labelerexp,at://did:plc:ikog4kcdm3ywcgln7slf4adf/app.bsky.feed.post/3mg2m4mj4ic2n,1,0,0,0
a4898e85b84e4b85ae1aa754c2f58eb9,2026-03-02T09:00:00Z,2026-03-02T09:21:42Z,auth,auth_enUS_labelerexp,at://did:plc:ikog4kcdm3ywcgln7slf4adf/app.bsky.feed.post/3mg2lgbfxqk2n,11,0,0,0
a4898e85b84e4b85ae1aa754c2f58eb9,2026-03-02T09:00:00Z,2026-03-02T09:21:42Z,auth,auth_enUS_labelerexp,at://did:plc:er4antdw3ismewcr3uhznqgk/app.bsky.feed.post/3mfznulhkgs2v,21,11,3,2
a4898e85b84e4b85ae1aa754c2f58eb9,2026-03-02T09:00:00Z,2026-03-02T09:21:42Z,auth,auth_enUS_labelerexp,at://did:plc:ow2edfe3o7kiib54mpgal2ym/app.bsky.feed.post/3mfzlgmg3ok2t,5,3,1,0
a4898e85b84e4b85ae1aa754c2f58eb9,2026-03-02T09:00:00Z,2026-03-02T09:21:42Z,auth,auth_enUS_labelerexp,at://did:plc:vuprtd6q665cf6ungjd6g74q/app.bsky.feed.post/3mfzjnchrrc23,42,7,1,1
a4898e85b84e4b85ae1aa754c2f58eb9,2026-03-02T09:00:00Z,2026-03-02T09:21:42Z,auth,auth_enUS_labelerexp,at://did:plc:estv6ozzvjyzz526rtb7ln7f/app.bsky.feed.post/3mfzched7ic2g,48,6,0,0
a4898e85b84e4b85ae1aa754c2f58eb9,2026-03-02T09:00:00Z,2026-03-02T09:21:42Z,auth,auth_enUS_labelerexp,at://did:plc:ijqcozzf5a4z6ppxzwnkg64u/app.bsky.feed.post/3mfz7qkjfu22s,3,1,0,0
a4898e85b84e4b85ae1aa754c2f58eb9,2026-03-02T09:00:00Z,2026-03-02T09:21:42Z,auth,auth_enUS_labelerexp,at://did:plc:ijqcozzf5a4z6ppxzwnkg64u/app.bsky.feed.post/3mfz7e622qc2e,2,0,0,0
a4898e85b84e4b85ae1aa754c2f58eb9,2026-03-02T09:00:00Z,2026-03-02T09:21:42Z,auth,auth_enUS_labelerexp,at://did:plc:ijqcozzf5a4z6ppxzwnkg64u/app.bsky.feed.post/3mfz74blzo22e,1,0,0,1
a4898e85b84e4b85ae1aa754c2f58eb9,2026-03-02T09:00:00Z,2026-03-02T09:21:42Z,auth,auth_enUS_labelerexp,at://did:plc:cpbgpplszi6kjfm6cia47vlp/app.bsky.feed.post/3mfz6tqgbdk24,20,11,0,1
a4898e85b84e4b85ae1aa754c2f58eb9,2026-03-02T09:00:00Z,2026-03-02T09:21:42Z,auth,auth_enUS_labelerexp,at://did:plc:wrisbaiw6nmntsf5aa5q6gzq/app.bsky.feed.post/3mfytlbvons2e,22,2,1,1
a4898e85b84e4b85ae1aa754c2f58eb9,2026-03-02T09:00:00Z,2026-03-02T09:21:42Z,auth,auth_enUS_labelerexp,at://did:plc:er4antdw3ismewcr3uhznqgk/app.bsky.feed.post/3mfymmnt24c2s,19,8,0,0
a4898e85b84e4b85ae1aa754c2f58eb9,2026-03-02T09:00:00Z,2026-03-02T09:21:42Z,auth,auth_enUS_labelerexp,at://did:plc:er4antdw3ismewcr3uhznqgk/app.bsky.feed.post/3mfymmljgnc2s,23,9,1,0
a4898e85b84e4b85ae1aa754c2f58eb9,2026-03-02T09:00:00Z,2026-03-02T09:21:42Z,auth,auth_enUS_labelerexp,at://did:plc:ajdjqpgnlkagmljtvyeh7wk4/app.bsky.feed.post/3mfykwd6tpk2n,3,2,0,0
a4898e85b84e4b85ae1aa754c2f58eb9,2026-03-02T09:00:00Z,2026-03-02T09:21:42Z,auth,auth_enUS_labelerexp,at://did:plc:er4antdw3ismewcr3uhznqgk/app.bsky.feed.post/3mfy5zhyrvk2u,16,12,1,0
a4898e85b84e4b85ae1aa754c2f58eb9,2026-03-02T09:00:00Z,2026-03-02T09:21:42Z,auth,auth_enUS_labelerexp,at://did:plc:er4antdw3ismewcr3uhznqgk/app.bsky.feed.post/3mfy5zgqcy22u,15,12,1,0
a4898e85b84e4b85ae1aa754c2f58eb9,2026-03-02T09:00:00Z,2026-03-02T09:21:42Z,auth,auth_enUS_labelerexp,at://did:plc:ikog4kcdm3ywcgln7slf4adf/app.bsky.feed.post/3mfy3ndi2us2f,49,8,0,0
a4898e85b84e4b85ae1aa754c2f58eb9,2026-03-02T09:00:00Z,2026-03-02T09:21:42Z,auth,auth_enUS_labelerexp,at://did:plc:ntayowhh7wndmfkhhvqgjzqi/app.bsky.feed.post/3mfxuwa3m2k2e,16,1,1,0
a4898e85b84e4b85ae1aa754c2f58eb9,2026-03-02T09:00:00Z,2026-03-02T09:21:42Z,auth,auth_enUS_labelerexp,at://did:plc:jyctnrcv5dznuu67bkjjlf3t/app.bsky.feed.post/3mfxocg5tb52k,83,23,4,3
a4898e85b84e4b85ae1aa754c2f58eb9,2026-03-02T09:00:00Z,2026-03-02T09:21:42Z,auth,auth_enUS_labelerexp,at://did:plc:dmdbmtnmhqcbfhoryq37splf/app.bsky.feed.post/3mfxcvfmhik2p,9,8,0,0
a4898e85b84e4b85ae1aa754c2f58eb9,2026-03-02T09:00:00Z,2026-03-02T09:21:42Z,auth,auth_enUS_labelerexp,at://did:plc:wrisbaiw6nmntsf5aa5q6gzq/app.bsky.feed.post/3mfx6ig4tt225,36,10,1,1
a4898e85b84e4b85ae1aa754c2f58eb9,2026-03-02T09:00:00Z,2026-03-02T09:21:42Z,auth,auth_enUS_labelerexp,at://did:plc:z6k7ojdmtppmwbxjc6hkg3pr/app.bsky.feed.post/3mfwtobqvrc2y,8,2,1,0
a4898e85b84e4b85ae1aa754c2f58eb9,2026-03-02T09:00:00Z,2026-03-02T09:21:42Z,auth,auth_enUS_labelerexp,at://did:plc:b5ly66nko7iijwy2lktt3ctq/app.bsky.feed.post/3mfwpoukvq22f,38,7,0,2
a4898e85b84e4b85ae1aa754c2f58eb9,2026-03-02T09:00:00Z,2026-03-02T09:21:42Z,auth,auth_enUS_labelerexp,at://did:plc:36zhe2mv7dnfatdsnr6wvyd5/app.bsky.feed.post/3mfwfuws6n22r,7,3,3,1
a4898e85b84e4b85ae1aa754c2f58eb9,2026-03-02T09:00:00Z,2026-03-02T09:21:42Z,auth,auth_enUS_labelerexp,at://did:plc:a3ekktfqlxcjhddlvxosaus6/app.bsky.feed.post/3mfwdfl5up22f,65,15,1,1
a4898e85b84e4b85ae1aa754c2f58eb9,2026-03-02T09:00:00Z,2026-03-02T09:21:42Z,auth,auth_enUS_labelerexp,at://did:plc:jb2f2agkyzhvzoj6ox5zgabh/app.bsky.feed.post/3mfwa4377s22c,1,2,0,0
a4898e85b84e4b85ae1aa754c2f58eb9,2026-03-02T09:00:00Z,2026-03-02T09:21:42Z,auth,auth_enUS_labelerexp,at://did:plc:uvocbeom6pwjubwplhbwl4co/app.bsky.feed.post/3mfvuschm5k2n,21,10,1,0
a4898e85b84e4b85ae1aa754c2f58eb9,2026-03-02T09:00:00Z,2026-03-02T09:21:42Z,auth,auth_enUS_labelerexp,at://did:plc:uvocbeom6pwjubwplhbwl4co/app.bsky.feed.post/3mfvtnueh6s2n,14,10,1,2
a4898e85b84e4b85ae1aa754c2f58eb9,2026-03-02T09:00:00Z,2026-03-02T09:21:42Z,auth,auth_enUS_labelerexp,at://did:plc:ikog4kcdm3ywcgln7slf4adf/app.bsky.feed.post/3mfvnaxlcqs2d,2,0,0,0
a4898e85b84e4b85ae1aa754c2f58eb9,2026-03-02T09:00:00Z,2026-03-02T09:21:42Z,auth,auth_enUS_labelerexp,at://did:plc:ikog4kcdm3ywcgln7slf4adf/app.bsky.feed.post/3mfvm2moznk2d,33,7,1,0
a4898e85b84e4b85ae1aa754c2f58eb9,2026-03-02T09:00:00Z,2026-03-02T09:21:42Z,auth,auth_enUS_labelerexp,at://did:plc:wrisbaiw6nmntsf5aa5q6gzq/app.bsky.feed.post/3mfv4gstsjk2v,24,6,2,1
a4898e85b84e4b85ae1aa754c2f58eb9,2026-03-02T09:00:00Z,2026-03-02T09:21:42Z,auth,auth_enUS_labelerexp,at://did:plc:u4usv72et3hzaeejegzcppxi/app.bsky.feed.post/3mfupclnfvs23,9,7,0,0
a4898e85b84e4b85ae1aa754c2f58eb9,2026-03-02T09:00:00Z,2026-03-02T09:21:42Z,auth,auth_enUS_labelerexp,at://did:plc:r6lapka3lplh2cajcw6o7zk6/app.bsky.feed.post/3mfupadlbz22l,10,3,0,0
a4898e85b84e4b85ae1aa754c2f58eb9,2026-03-02T09:00:00Z,2026-03-02T09:21:42Z,auth,auth_enUS_labelerexp,at://did:plc:3xs6ixebhdpi5cwkn6vogh3h/app.bsky.feed.post/3mfuj57qmhk2c,41,6,1,0
a4898e85b84e4b85ae1aa754c2f58eb9,2026-03-02T09:00:00Z,2026-03-02T09:21:42Z,auth,auth_enUS_labelerexp,at://did:plc:lroifaljj7gwnkpux443krbj/app.bsky.feed.post/3mfuj4brugn2w,3,0,1,0
a4898e85b84e4b85ae1aa754c2f58eb9,2026-03-02T09:00:00Z,2026-03-02T09:21:42Z,auth,auth_enUS_labelerexp,at://did:plc:cpbgpplszi6kjfm6cia47vlp/app.bsky.feed.post/3mfuiycb2tk2e,12,7,2,1
a4898e85b84e4b85ae1aa754c2f58eb9,2026-03-02T09:00:00Z,2026-03-02T09:21:42Z,auth,auth_enUS_labelerexp,at://did:plc:cpbgpplszi6kjfm6cia47vlp/app.bsky.feed.post/3mfui3lv5qs2e,5,4,1,1
a4898e85b84e4b85ae1aa754c2f58eb9,2026-03-02T09:00:00Z,2026-03-02T09:21:42Z,auth,auth_enUS_labelerexp,at://did:plc:h42qznitw2nrxrxwu53htxzk/app.bsky.feed.post/3mfufuepjrk23,8,1,0,0
a4898e85b84e4b85ae1aa754c2f58eb9,2026-03-02T09:00:00Z,2026-03-02T09:21:42Z,auth,auth_enUS_labelerexp,at://did:plc:icfaz4nt35veetfi6jfibhyv/app.bsky.feed.post/3mfuea3uvck23,5,2,0,0
a4898e85b84e4b85ae1aa754c2f58eb9,2026-03-02T09:00:00Z,2026-03-02T09:21:42Z,auth,auth_enUS_labelerexp,at://did:plc:yjsashv27wfv3s6uzcapgdrn/app.bsky.feed.post/3mfud5l62qk2x,22,8,0,1
a4898e85b84e4b85ae1aa754c2f58eb9,2026-03-02T09:00:00Z,2026-03-02T09:21:42Z,auth,auth_enUS_labelerexp,at://did:plc:wek3zozm5d6vajb3zwxk3oxd/app.bsky.feed.post/3mfuc7zalp22w,21,5,1,0
a4898e85b84e4b85ae1aa754c2f58eb9,2026-03-02T09:00:00Z,2026-03-02T09:21:42Z,auth,auth_enUS_labelerexp,at://did:plc:sxvrvgxt3rsg2vqjbajaxd6i/app.bsky.feed.post/3mfubvffxg22e,2,2,0,0
a4898e85b84e4b85ae1aa754c2f58eb9,2026-03-02T09:00:00Z,2026-03-02T09:21:42Z,auth,auth_enUS_labelerexp,at://did:plc:ly35yzxvm6otrog22eu7xn6u/app.bsky.feed.post/3mfubljjlnc2h,7,1,3,0
a4898e85b84e4b85ae1aa754c2f58eb9,2026-03-02T09:00:00Z,2026-03-02T09:21:42Z,auth,auth_enUS_labelerexp,at://did:plc:gwk23pspkzx7ifoxvqvuab5q/app.bsky.feed.post/3mfu7c2jjuc2n,17,15,2,0
a4898e85b84e4b85ae1aa754c2f58eb9,2026-03-02T09:00:00Z,2026-03-02T09:21:42Z,auth,auth_enUS_labelerexp,at://did:plc:tzfojyqf3xklfpff2lyb3z3z/app.bsky.feed.post/3mfu6lrdysc2x,6,0,0,0
a4898e85b84e4b85ae1aa754c2f58eb9,2026-03-02T09:00:00Z,2026-03-02T09:21:42Z,auth,auth_enUS_labelerexp,at://did:plc:a3ekktfqlxcjhddlvxosaus6/app.bsky.feed.post/3mfu3ec6dc22k,67,10,0,3
a4898e85b84e4b85ae1aa754c2f58eb9,2026-03-02T09:00:00Z,2026-03-02T09:21:42Z,auth,auth_enUS_labelerexp,at://did:plc:b5ly66nko7iijwy2lktt3ctq/app.bsky.feed.post/3mfu2vxbk3m2q,38,11,0,1
a4898e85b84e4b85ae1aa754c2f58eb9,2026-03-02T09:00:00Z,2026-03-02T09:21:43Z,auth,auth_enUS_labelerexp,at://did:plc:bln4loase2zucx4x7dwqqjlg/app.bsky.feed.post/3mg2vnxfaek23,2,0,0,0
a4898e85b84e4b85ae1aa754c2f58eb9,2026-03-02T09:00:00Z,2026-03-02T09:21:43Z,auth,auth_enUS_labelerexp,at://did:plc:2bngao2ye4nigkpdwfgz6w5c/app.bsky.feed.post/3mg2vnfjsac2w,4,3,0,0
a4898e85b84e4b85ae1aa754c2f58eb9,2026-03-02T09:00:00Z,2026-03-02T09:21:43Z,auth,auth_enUS_labelerexp,at://did:plc:dbyiiezygctpknpht6ygkthv/app.bsky.feed.post/3mg2vba33ls2l,0,0,0,0
a4898e85b84e4b85ae1aa754c2f58eb9,2026-03-02T09:00:00Z,2026-03-02T09:21:43Z,auth,auth_enUS_labelerexp,at://did:plc:23wjsvypl7adzladmsjzribh/app.bsky.feed.post/3mg2uxq545k2g,6,1,2,0
a4898e85b84e4b85ae1aa754c2f58eb9,2026-03-02T09:00:00Z,2026-03-02T09:21:43Z,auth,auth_enUS_labelerexp,at://did:plc:7kjc7zzv54jl6yxuyjkpdvbx/app.bsky.feed.post/3mg2uhl3be223,3,0,1,0
a4898e85b84e4b85ae1aa754c2f58eb9,2026-03-02T09:00:00Z,2026-03-02T09:21:43Z,auth,auth_enUS_labelerexp,at://did:plc:7kjc7zzv54jl6yxuyjkpdvbx/app.bsky.feed.post/3mg2tz364gk23,1,0,0,0
a4898e85b84e4b85ae1aa754c2f58eb9,2026-03-02T09:00:00Z,2026-03-02T09:21:43Z,auth,auth_enUS_labelerexp,at://did:plc:fwhzrqpxwxf3ff2rlf5arang/app.bsky.feed.post/3mg2tyx3yek2r,2,0,0,0
a4898e85b84e4b85ae1aa754c2f58eb9,2026-03-02T09:00:00Z,2026-03-02T09:21:43Z,auth,auth_enUS_labelerexp,at://did:plc:cmnxm56fy7pnxzzopjkyg5ca/app.bsky.feed.post/3mg2tr4k25k2j,0,0,0,0
a4898e85b84e4b85ae1aa754c2f58eb9,2026-03-02T09:00:00Z,2026-03-02T09:21:43Z,auth,auth_enUS_labelerexp,at://did:plc:k6syqg577dr3nyrsevahuqmj/app.bsky.feed.post/3mg2tqrpge22e,2,4,0,0
a4898e85b84e4b85ae1aa754c2f58eb9,2026-03-02T09:00:00Z,2026-03-02T09:21:43Z,auth,auth_enUS_labelerexp,at://did:plc:7kjc7zzv54jl6yxuyjkpdvbx/app.bsky.feed.post/3mg2tp32coc23,0,0,0,0
a4898e85b84e4b85ae1aa754c2f58eb9,2026-03-02T09:00:00Z,2026-03-02T09:21:43Z,auth,auth_enUS_labelerexp,at://did:plc:k6syqg577dr3nyrsevahuqmj/app.bsky.feed.post/3mg2t7tkhec2e,4,5,1,1
a4898e85b84e4b85ae1aa754c2f58eb9,2026-03-02T09:00:00Z,2026-03-02T09:21:43Z,auth,auth_enUS_labelerexp,at://did:plc:k6syqg577dr3nyrsevahuqmj/app.bsky.feed.post/3mg2t55sxek2e,1,1,3,0
a4898e85b84e4b85ae1aa754c2f58eb9,2026-03-02T09:00:00Z,2026-03-02T09:21:43Z,auth,auth_enUS_labelerexp,at://did:plc:isy5bcahwtje66nyob4r4v66/app.bsky.feed.post/3mg2t47a26c27,8,0,0,0
a4898e85b84e4b85ae1aa754c2f58eb9,2026-03-02T09:00:00Z,2026-03-02T09:21:43Z,auth,auth_enUS_labelerexp,at://did:plc:k6syqg577dr3nyrsevahuqmj/app.bsky.feed.post/3mg2sx4nlns2e,4,0,1,0
a4898e85b84e4b85ae1aa754c2f58eb9,2026-03-02T09:00:00Z,2026-03-02T09:21:43Z,auth,auth_enUS_labelerexp,at://did:plc:edt24sbrn3d2dapjf565jqm3/app.bsky.feed.post/3mg2svv5cms2q,3,1,0,0
a4898e85b84e4b85ae1aa754c2f58eb9,2026-03-02T09:00:00Z,2026-03-02T09:21:43Z,auth,auth_enUS_labelerexp,at://did:plc:cmnxm56fy7pnxzzopjkyg5ca/app.bsky.feed.post/3mg2scjfkg22j,0,0,0,0
a4898e85b84e4b85ae1aa754c2f58eb9,2026-03-02T09:00:00Z,2026-03-02T09:21:43Z,auth,auth_enUS_labelerexp,at://did:plc:s3ngu4vp4iwfah52rxy55d4c/app.bsky.feed.post/3mg2rupaxjs2r,0,0,0,0
a4898e85b84e4b85ae1aa754c2f58eb9,2026-03-02T09:00:00Z,2026-03-02T09:21:43Z,auth,auth_enUS_labelerexp,at://did:plc:cmnxm56fy7pnxzzopjkyg5ca/app.bsky.feed.post/3mg2rtwp52c2j,0,0,0,0
a4898e85b84e4b85ae1aa754c2f58eb9,2026-03-02T09:00:00Z,2026-03-02T09:21:43Z,auth,auth_enUS_labelerexp,at://did:plc:x6pr3dfzklatsgrvpgc465nd/app.bsky.feed.post/3mg2rmgtkv22v,0,0,0,0
a4898e85b84e4b85ae1aa754c2f58eb9,2026-03-02T09:00:00Z,2026-03-02T09:21:43Z,auth,auth_enUS_labelerexp,at://did:plc:zzza7zo2lho4etts27epjgpc/app.bsky.feed.post/3mg2rmahwbs2s,2,1,0,0
a4898e85b84e4b85ae1aa754c2f58eb9,2026-03-02T09:00:00Z,2026-03-02T09:21:43Z,auth,auth_enUS_labelerexp,at://did:plc:x6pr3dfzklatsgrvpgc465nd/app.bsky.feed.post/3mg2rm3466s2v,0,0,1,0
a4898e85b84e4b85ae1aa754c2f58eb9,2026-03-02T09:00:00Z,2026-03-02T09:21:43Z,auth,auth_enUS_labelerexp,at://did:plc:x6pr3dfzklatsgrvpgc465nd/app.bsky.feed.post/3mg2rlm2wrk2v,0,0,0,0
a4898e85b84e4b85ae1aa754c2f58eb9,2026-03-02T09:00:00Z,2026-03-02T09:21:43Z,auth,auth_enUS_labelerexp,at://did:plc:cmnxm56fy7pnxzzopjkyg5ca/app.bsky.feed.post/3mg2rfk2jtc2j,0,0,0,0
a4898e85b84e4b85ae1aa754c2f58eb9,2026-03-02T09:00:00Z,2026-03-02T09:21:43Z,auth,auth_enUS_labelerexp,at://did:plc:hpqq4ke7r4q4nbd3lifqxyfu/app.bsky.feed.post/3mg2r5uvguc2d,9,6,0,0
a4898e85b84e4b85ae1aa754c2f58eb9,2026-03-02T09:00:00Z,2026-03-02T09:21:43Z,auth,auth_enUS_labelerexp,at://did:plc:cmnxm56fy7pnxzzopjkyg5ca/app.bsky.feed.post/3mg2qzjzygk2j,2,1,0,0
a4898e85b84e4b85ae1aa754c2f58eb9,2026-03-02T09:00:00Z,2026-03-02T09:21:43Z,auth,auth_enUS_labelerexp,at://did:plc:vxt6ozvg5gmonxglgswrhf6k/app.bsky.feed.post/3mg2qygow3s2d,14,1,1,0
a4898e85b84e4b85ae1aa754c2f58eb9,2026-03-02T09:00:00Z,2026-03-02T09:21:43Z,auth,auth_enUS_labelerexp,at://did:plc:yec6eyp7koijmrs5mn4njewt/app.bsky.feed.post/3mg2qvxddik2k,0,0,0,0
a4898e85b84e4b85ae1aa754c2f58eb9,2026-03-02T09:00:00Z,2026-03-02T09:21:43Z,auth,auth_enUS_labelerexp,at://did:plc:qaqh5r6sxs62ykbzki4tcyad/app.bsky.feed.post/3mg2qsizhgs24,89,11,11,1
a4898e85b84e4b85ae1aa754c2f58eb9,2026-03-02T09:00:00Z,2026-03-02T09:21:43Z,auth,auth_enUS_labelerexp,at://did:plc:d6ak55p5bjhi777kwh5z5p3f/app.bsky.feed.post/3mg2qq3km722g,32,31,1,2
a4898e85b84e4b85ae1aa754c2f58eb9,2026-03-02T09:00:00Z,2026-03-02T09:21:43Z,auth,auth_enUS_labelerexp,at://did:plc:zzza7zo2lho4etts27epjgpc/app.bsky.feed.post/3mg2qjx2kgc2e,4,2,0,0
a4898e85b84e4b85ae1aa754c2f58eb9,2026-03-02T09:00:00Z,2026-03-02T09:21:43Z,auth,auth_enUS_labelerexp,at://did:plc:25zrllablzxyz73u5xcgdqb6/app.bsky.feed.post/3mg2q3wum2223,4,3,1,0
a4898e85b84e4b85ae1aa754c2f58eb9,2026-03-02T09:00:00Z,2026-03-02T09:21:43Z,auth,auth_enUS_labelerexp,at://did:plc:cmnxm56fy7pnxzzopjkyg5ca/app.bsky.feed.post/3mg2pp2xws22j,1,0,0,0
a4898e85b84e4b85ae1aa754c2f58eb9,2026-03-02T09:00:00Z,2026-03-02T09:21:43Z,auth,auth_enUS_labelerexp,at://did:plc:25zrllablzxyz73u5xcgdqb6/app.bsky.feed.post/3mg2pn4zais23,0,1,0,0
a4898e85b84e4b85ae1aa754c2f58eb9,2026-03-02T09:00:00Z,2026-03-02T09:21:43Z,auth,auth_enUS_labelerexp,at://did:plc:rfenfgehvx2cuyu7memmmaio/app.bsky.feed.post/3mg2pkxpwfk2l,0,0,0,0
a4898e85b84e4b85ae1aa754c2f58eb9,2026-03-02T09:00:00Z,2026-03-02T09:21:43Z,auth,auth_enUS_labelerexp,at://did:plc:zzza7zo2lho4etts27epjgpc/app.bsky.feed.post/3mg2pa3caec2z,13,1,3,0
a4898e85b84e4b85ae1aa754c2f58eb9,2026-03-02T09:00:00Z,2026-03-02T09:21:43Z,auth,auth_enUS_labelerexp,at://did:plc:5rzvh65xouatetiy4uf4lu36/app.bsky.feed.post/3mg2onrx4u22k,6,1,0,0
a4898e85b84e4b85ae1aa754c2f58eb9,2026-03-02T09:00:00Z,2026-03-02T09:21:43Z,auth,auth_enUS_labelerexp,at://did:plc:x6pr3dfzklatsgrvpgc465nd/app.bsky.feed.post/3mg2o7op2t22k,0,0,0,0
a4898e85b84e4b85ae1aa754c2f58eb9,2026-03-02T09:00:00Z,2026-03-02T09:21:43Z,auth,auth_enUS_labelerexp,at://did:plc:cmnxm56fy7pnxzzopjkyg5ca/app.bsky.feed.post/3mg2o36rgws2j,1,0,0,0
a4898e85b84e4b85ae1aa754c2f58eb9,2026-03-02T09:00:00Z,2026-03-02T09:21:43Z,auth,auth_enUS_labelerexp,at://did:plc:acxaxpjo6md5st5ufvraqcob/app.bsky.feed.post/3mg2nnqyl5c2y,26,3,0,0
a4898e85b84e4b85ae1aa754c2f58eb9,2026-03-02T09:00:00Z,2026-03-02T09:21:43Z,auth,auth_enUS_labelerexp,at://did:plc:ypxftezugtaey7oyqkdurzgz/app.bsky.feed.post/3mg2ndmsclc2c,48,4,1,0
a4898e85b84e4b85ae1aa754c2f58eb9,2026-03-02T09:00:00Z,2026-03-02T09:21:43Z,auth,auth_enUS_labelerexp,at://did:plc:k2pqm32t3kmey32xgs2zg7gs/app.bsky.feed.post/3mg2n6lmvhs22,46,1,0,0
a4898e85b84e4b85ae1aa754c2f58eb9,2026-03-02T09:00:00Z,2026-03-02T09:21:43Z,auth,auth_enUS_labelerexp,at://did:plc:ghz2shm6kq3zxtisxrkgcmwc/app.bsky.feed.post/3mg2myuuovc25,5,0,1,0
a4898e85b84e4b85ae1aa754c2f58eb9,2026-03-02T09:00:00Z,2026-03-02T09:21:43Z,auth,auth_enUS_labelerexp,at://did:plc:qsyunw727glefruxz6lq4bbg/app.bsky.feed.post/3mg2mxwbtnk25,2,0,0,1
a4898e85b84e4b85ae1aa754c2f58eb9,2026-03-02T09:00:00Z,2026-03-02T09:21:43Z,auth,auth_enUS_labelerexp,at://did:plc:lpounyhnsyzgolpdrs3utbnv/app.bsky.feed.post/3mg2mffwkcs2h,2,0,0,0
a4898e85b84e4b85ae1aa754c2f58eb9,2026-03-02T09:00:00Z,2026-03-02T09:21:43Z,auth,auth_enUS_labelerexp,at://did:plc:qsyunw727glefruxz6lq4bbg/app.bsky.feed.post/3mg2mbxngoc25,4,0,0,0
a4898e85b84e4b85ae1aa754c2f58eb9,2026-03-02T09:00:00Z,2026-03-02T09:21:43Z,auth,auth_enUS_labelerexp,at://did:plc:ch57xxahk46vtlaf65b7yuc2/app.bsky.feed.post/3mg2m3jaq3k2x,28,3,1,0
a4898e85b84e4b85ae1aa754c2f58eb9,2026-03-02T09:00:00Z,2026-03-02T09:21:43Z,auth,auth_enUS_labelerexp,at://did:plc:c4fiicrv6cfsg2xlipdxxkpl/app.bsky.feed.post/3mg2m2clszs2h,0,0,0,0
a4898e85b84e4b85ae1aa754c2f58eb9,2026-03-02T09:00:00Z,2026-03-02T09:21:43Z,auth,auth_enUS_labelerexp,at://did:plc:lmypsjp7ec6wpurmjdeevd35/app.bsky.feed.post/3mg2lzbzglk2x,11,0,1,0
a4898e85b84e4b85ae1aa754c2f58eb9,2026-03-02T09:00:00Z,2026-03-02T09:21:43Z,auth,auth_enUS_labelerexp,at://did:plc:wpdti66qcvzywaum55sucghw/app.bsky.feed.post/3mg2ltpsqb22h,32,5,0,0
a4898e85b84e4b85ae1aa754c2f58eb9,2026-03-02T09:00:00Z,2026-03-02T09:21:43Z,auth,auth_enUS_labelerexp,at://did:plc:c4fiicrv6cfsg2xlipdxxkpl/app.bsky.feed.post/3mg2lsz5gcc2h,0,0,0,0
a4898e85b84e4b85ae1aa754c2f58eb9,2026-03-02T09:00:00Z,2026-03-02T09:21:44Z,auth,auth_enUS_labelerexp,at://did:plc:bmarnzj3houwlhnm53avpqnq/app.bsky.feed.post/3lbf2rghjlk22,839,166,33,22
a4898e85b84e4b85ae1aa754c2f58eb9,2026-03-02T09:00:00Z,2026-03-02T09:21:44Z,auth,auth_enUS_labelerexp,at://did:plc:fthdrttjr4lyut4yi32bzbu6/app.bsky.feed.post/3mg2tcamme225,0,0,1,0
a4898e85b84e4b85ae1aa754c2f58eb9,2026-03-02T09:00:00Z,2026-03-02T09:21:44Z,auth,auth_enUS_labelerexp,at://did:plc:aat6a36xzxzfdyoaiikwgfgv/app.bsky.feed.post/3mg2swe5mqk2a,3,0,1,0
a4898e85b84e4b85ae1aa754c2f58eb9,2026-03-02T09:00:00Z,2026-03-02T09:21:44Z,auth,auth_enUS_labelerexp,at://did:plc:xvg37a5blghdmjbefpugi35r/app.bsky.feed.post/3mg2srt56we2h,0,2,0,0
a4898e85b84e4b85ae1aa754c2f58eb9,2026-03-02T09:00:00Z,2026-03-02T09:21:44Z,auth,auth_enUS_labelerexp,at://did:plc:odb7oogqp7474dwkxuduaiqf/app.bsky.feed.post/3mg2sb3wh7m2k,1,1,1,0
a4898e85b84e4b85ae1aa754c2f58eb9,2026-03-02T09:00:00Z,2026-03-02T09:21:44Z,auth,auth_enUS_labelerexp,at://did:plc:2vi7gx2oxyvu6ls32ps3m7qo/app.bsky.feed.post/3mg2rzhr2vs2s,1,0,0,0
a4898e85b84e4b85ae1aa754c2f58eb9,2026-03-02T09:00:00Z,2026-03-02T09:21:44Z,auth,auth_enUS_labelerexp,at://did:plc:bt6zjvrxmzd6bh7pewnqupbk/app.bsky.feed.post/3mg2rxkd4il2u,0,0,0,0
a4898e85b84e4b85ae1aa754c2f58eb9,2026-03-02T09:00:00Z,2026-03-02T09:21:44Z,auth,auth_enUS_labelerexp,at://did:plc:uutj7oco2oqudvw7h3p5iwms/app.bsky.feed.post/3mg2qc55fak24,0,0,0,0
a4898e85b84e4b85ae1aa754c2f58eb9,2026-03-02T09:00:00Z,2026-03-02T09:21:44Z,auth,auth_enUS_labelerexp,at://did:plc:cpz2nohhvrzlwonmao3c7wxj/app.bsky.feed.post/3mg2pgnn36v2p,0,0,2,0
a4898e85b84e4b85ae1aa754c2f58eb9,2026-03-02T09:00:00Z,2026-03-02T09:21:44Z,auth,auth_enUS_labelerexp,at://did:plc:36tjjoylzdsol7w6uatt6wso/app.bsky.feed.post/3mg2ocijkzy2k,0,0,0,0
a4898e85b84e4b85ae1aa754c2f58eb9,2026-03-02T09:00:00Z,2026-03-02T09:21:44Z,auth,auth_enUS_labelerexp,at://did:plc:pywmpjr5uhbux4h6lzvytbbb/app.bsky.feed.post/3mg2ngdmvmk2o,1,0,0,0
a4898e85b84e4b85ae1aa754c2f58eb9,2026-03-02T09:00:00Z,2026-03-02T09:21:44Z,auth,auth_enUS_labelerexp,at://did:plc:ibcagswpe5vw42pi6u72u66x/app.bsky.feed.post/3mg2mswtee224,0,0,0,0
a4898e85b84e4b85ae1aa754c2f58eb9,2026-03-02T09:00:00Z,2026-03-02T09:21:44Z,auth,auth_enUS_labelerexp,at://did:plc:ibcagswpe5vw42pi6u72u66x/app.bsky.feed.post/3mg2mhko7xk2i,0,0,0,0
a4898e85b84e4b85ae1aa754c2f58eb9,2026-03-02T09:00:00Z,2026-03-02T09:21:44Z,auth,auth_enUS_labelerexp,at://did:plc:yxhiiynhrd2oifqcazctiv5v/app.bsky.feed.post/3mg2lp527722a,0,0,0,0
a4898e85b84e4b85ae1aa754c2f58eb9,2026-03-02T09:00:00Z,2026-03-02T09:21:44Z,auth,auth_enUS_labelerexp,at://did:plc:xtay5ro4z3kp3ui6hnvj5eax/app.bsky.feed.post/3mg2iieztek2q,2,0,0,0
a4898e85b84e4b85ae1aa754c2f58eb9,2026-03-02T09:00:00Z,2026-03-02T09:21:44Z,auth,auth_enUS_labelerexp,at://did:plc:lhix3ly5xfvgtksrifgyji5q/app.bsky.feed.post/3mg2hwmvipu23,2,1,0,0
a4898e85b84e4b85ae1aa754c2f58eb9,2026-03-02T09:00:00Z,2026-03-02T09:21:44Z,auth,auth_enUS_labelerexp,at://did:plc:vzty4osbuvwodu66b6qfypq3/app.bsky.feed.post/3mg2csijrz22l,5,0,0,0
a4898e85b84e4b85ae1aa754c2f58eb9,2026-03-02T09:00:00Z,2026-03-02T09:21:44Z,auth,auth_enUS_labelerexp,at://did:plc:pywmpjr5uhbux4h6lzvytbbb/app.bsky.feed.post/3mg22q5rc222o,1,0,0,0
a4898e85b84e4b85ae1aa754c2f58eb9,2026-03-02T09:00:00Z,2026-03-02T09:21:44Z,auth,auth_enUS_labelerexp,at://did:plc:rqv277ihotxykvhnjt6deu5h/app.bsky.feed.post/3mfzz7hvbfc2a,0,0,0,0
a4898e85b84e4b85ae1aa754c2f58eb9,2026-03-02T09:00:00Z,2026-03-02T09:21:44Z,auth,auth_enUS_labelerexp,at://did:plc:g22huywnb5v7rnrzrl7kchwj/app.bsky.feed.post/3mfzx6bxh252c,1,0,0,0
a4898e85b84e4b85ae1aa754c2f58eb9,2026-03-02T09:00:00Z,2026-03-02T09:21:44Z,auth,auth_enUS_labelerexp,at://did:plc:ksc3tvppw4mcguyp465avw4v/app.bsky.feed.post/3mfzuwvhe722c,2,0,0,0
a4898e85b84e4b85ae1aa754c2f58eb9,2026-03-02T09:00:00Z,2026-03-02T09:21:44Z,auth,auth_enUS_labelerexp,at://did:plc:ynq7heni7o4figgkgmw2mysi/app.bsky.feed.post/3mfzuvvtvyc2v,11,3,0,0
a4898e85b84e4b85ae1aa754c2f58eb9,2026-03-02T09:00:00Z,2026-03-02T09:21:44Z,auth,auth_enUS_labelerexp,at://did:plc:4zbgbug4ilc6e6erhwm7tlze/app.bsky.feed.post/3mfztyaxryv22,2,0,0,0
a4898e85b84e4b85ae1aa754c2f58eb9,2026-03-02T09:00:00Z,2026-03-02T09:21:44Z,auth,auth_enUS_labelerexp,at://did:plc:3lpzitcmadicvjjbxtc5uf3v/app.bsky.feed.post/3mfztsklv362n,3,0,0,0
a4898e85b84e4b85ae1aa754c2f58eb9,2026-03-02T09:00:00Z,2026-03-02T09:21:44Z,auth,auth_enUS_labelerexp,at://did:plc:xwqxf4zl3uoss334h3g3mrct/app.bsky.feed.post/3mfzr444xc22i,0,0,0,0
a4898e85b84e4b85ae1aa754c2f58eb9,2026-03-02T09:00:00Z,2026-03-02T09:21:44Z,auth,auth_enUS_labelerexp,at://did:plc:wqbeuqsit7z56jqoiqx6a67r/app.bsky.feed.post/3mfzora5prx2z,0,1,0,0
a4898e85b84e4b85ae1aa754c2f58eb9,2026-03-02T09:00:00Z,2026-03-02T09:21:44Z,auth,auth_enUS_labelerexp,at://did:plc:m3r3clzjgmpgki6wqainbnen/app.bsky.feed.post/3mfzop37qy22h,3,0,0,0
a4898e85b84e4b85ae1aa754c2f58eb9,2026-03-02T09:00:00Z,2026-03-02T09:21:44Z,auth,auth_enUS_labelerexp,at://did:plc:rvzi5axhrkb3gjxnhyuitxhq/app.bsky.feed.post/3mfzo5xah3s24,0,0,0,0
a4898e85b84e4b85ae1aa754c2f58eb9,2026-03-02T09:00:00Z,2026-03-02T09:21:44Z,auth,auth_enUS_labelerexp,at://did:plc:m3r3clzjgmpgki6wqainbnen/app.bsky.feed.post/3mfzntksi2k2h,1,0,1,0
a4898e85b84e4b85ae1aa754c2f58eb9,2026-03-02T09:00:00Z,2026-03-02T09:21:44Z,auth,auth_enUS_labelerexp,at://did:plc:4zbgbug4ilc6e6erhwm7tlze/app.bsky.feed.post/3mfznfbyow62b,6,2,0,0
a4898e85b84e4b85ae1aa754c2f58eb9,2026-03-02T09:00:00Z,2026-03-02T09:21:44Z,auth,auth_enUS_labelerexp,at://did:plc:vglqjhfftx2psn4llojmeqxh/app.bsky.feed.post/3mfzneuezsw2n,0,0,1,0
a4898e85b84e4b85ae1aa754c2f58eb9,2026-03-02T09:00:00Z,2026-03-02T09:21:44Z,auth,auth_enUS_labelerexp,at://did:plc:g22huywnb5v7rnrzrl7kchwj/app.bsky.feed.post/3mfzn32vpl423,1,0,0,0
a4898e85b84e4b85ae1aa754c2f58eb9,2026-03-02T09:00:00Z,2026-03-02T09:21:44Z,auth,auth_enUS_labelerexp,at://did:plc:tp4t75rh47fptz3f2x5iep7r/app.bsky.feed.post/3mfzmbjc2pf2x,5,3,0,0
a4898e85b84e4b85ae1aa754c2f58eb9,2026-03-02T09:00:00Z,2026-03-02T09:21:44Z,auth,auth_enUS_labelerexp,at://did:plc:tp4t75rh47fptz3f2x5iep7r/app.bsky.feed.post/3mfzmbjc2pf2x,5,3,0,0
a4898e85b84e4b85ae1aa754c2f58eb9,2026-03-02T09:00:00Z,2026-03-02T09:21:44Z,auth,auth_enUS_labelerexp,at://did:plc:2vd2gzfhirhsyo5fmlquuwww/app.bsky.feed.post/3mfzlvzykjs23,1,1,0,0
a4898e85b84e4b85ae1aa754c2f58eb9,2026-03-02T09:00:00Z,2026-03-02T09:21:44Z,auth,auth_enUS_labelerexp,at://did:plc:koebjz6wvozdf5zeran77p46/app.bsky.feed.post/3mfzkdygucc2b,14,0,1,0
a4898e85b84e4b85ae1aa754c2f58eb9,2026-03-02T09:00:00Z,2026-03-02T09:21:44Z,auth,auth_enUS_labelerexp,at://did:plc:taiuci5j6p4r6j6pmx3bd3b5/app.bsky.feed.post/3mfzjstogi62x,0,0,0,0
a4898e85b84e4b85ae1aa754c2f58eb9,2026-03-02T09:00:00Z,2026-03-02T09:21:44Z,auth,auth_enUS_labelerexp,at://did:plc:3xg2qsw6dcggxalo3pb5ykbq/app.bsky.feed.post/3mfziq36dl722,0,0,0,0
a4898e85b84e4b85ae1aa754c2f58eb9,2026-03-02T09:00:00Z,2026-03-02T09:21:44Z,auth,auth_enUS_labelerexp,at://did:plc:ldectj2zrox4rx6euu2ami6b/app.bsky.feed.post/3mfzhnfxcr22h,0,0,0,0
a4898e85b84e4b85ae1aa754c2f58eb9,2026-03-02T09:00:00Z,2026-03-02T09:21:44Z,auth,auth_enUS_labelerexp,at://did:plc:koebjz6wvozdf5zeran77p46/app.bsky.feed.post/3mfzhneomys2x,17,1,0,0
a4898e85b84e4b85ae1aa754c2f58eb9,2026-03-02T09:00:00Z,2026-03-02T09:21:44Z,auth,auth_enUS_labelerexp,at://did:plc:2xrlq5yq3vmdky7ulqrxcgjk/app.bsky.feed.post/3mfzf6yhxq22u,0,0,0,0
a4898e85b84e4b85ae1aa754c2f58eb9,2026-03-02T09:00:00Z,2026-03-02T09:21:44Z,auth,auth_enUS_labelerexp,at://did:plc:g6ykttsxwnrqsnd2nadd6put/app.bsky.feed.post/3mfzeqbmaqc25,0,0,0,0
a4898e85b84e4b85ae1aa754c2f58eb9,2026-03-02T09:00:00Z,2026-03-02T09:21:44Z,auth,auth_enUS_labelerexp,at://did:plc:2iocwegrb76pjbjg7wurwgej/app.bsky.feed.post/3mfzeaglt3s2c,2,0,0,0
a4898e85b84e4b85ae1aa754c2f58eb9,2026-03-02T09:00:00Z,2026-03-02T09:21:44Z,auth,auth_enUS_labelerexp,at://did:plc:aqyxjnisxt65k7dyuncyxazl/app.bsky.feed.post/3mfzdhym3dc2f,1,0,0,0
a4898e85b84e4b85ae1aa754c2f58eb9,2026-03-02T09:00:00Z,2026-03-02T09:21:44Z,auth,auth_enUS_labelerexp,at://did:plc:ebl6gkgiekpctdgai3omtlmr/app.bsky.feed.post/3mfzcvesawx2o,0,0,0,0
a4898e85b84e4b85ae1aa754c2f58eb9,2026-03-02T09:00:00Z,2026-03-02T09:21:44Z,auth,auth_enUS_labelerexp,at://did:plc:tp4t75rh47fptz3f2x5iep7r/app.bsky.feed.post/3mfzcmwpjzr2e,1,2,0,0
a4898e85b84e4b85ae1aa754c2f58eb9,2026-03-02T09:00:00Z,2026-03-02T09:21:44Z,auth,auth_enUS_labelerexp,at://did:plc:tp4t75rh47fptz3f2x5iep7r/app.bsky.feed.post/3mfzcmwpjzr2e,1,2,0,0
a4898e85b84e4b85ae1aa754c2f58eb9,2026-03-02T09:00:00Z,2026-03-02T09:21:44Z,auth,auth_enUS_labelerexp,at://did:plc:tp4t75rh47fptz3f2x5iep7r/app.bsky.feed.post/3mfzcmvcvon2b,3,1,1,0
a4898e85b84e4b85ae1aa754c2f58eb9,2026-03-02T09:00:00Z,2026-03-02T09:21:44Z,auth,auth_enUS_labelerexp,at://did:plc:tp4t75rh47fptz3f2x5iep7r/app.bsky.feed.post/3mfzcmvcvon2b,3,1,1,0
a4898e85b84e4b85ae1aa754c2f58eb9,2026-03-02T09:00:00Z,2026-03-02T09:21:44Z,auth,auth_enUS_labelerexp,at://did:plc:tp4t75rh47fptz3f2x5iep7r/app.bsky.feed.post/3mfzcmunzh22s,3,3,1,0
a4898e85b84e4b85ae1aa754c2f58eb9,2026-03-02T09:00:00Z,2026-03-02T09:21:45Z,auth,auth_enUS_labelerexp,at://did:plc:5magnv4mhwosoawwr6i7your/app.bsky.feed.post/3mg2s3qf2rs2g,4,1,3,0
a4898e85b84e4b85ae1aa754c2f58eb9,2026-03-02T09:00:00Z,2026-03-02T09:21:45Z,auth,auth_enUS_labelerexp,at://did:plc:sbtcyry7docyhpg7fgunmdqj/app.bsky.feed.post/3mg2olqyihh2k,5,1,0,1
a4898e85b84e4b85ae1aa754c2f58eb9,2026-03-02T09:00:00Z,2026-03-02T09:21:45Z,auth,auth_enUS_labelerexp,at://did:plc:34kemhq2forznken3akuz7bi/app.bsky.feed.post/3mg2mlmswhs2a,0,0,0,0
a4898e85b84e4b85ae1aa754c2f58eb9,2026-03-02T09:00:00Z,2026-03-02T09:21:45Z,auth,auth_enUS_labelerexp,at://did:plc:uk266z7bzwkt2hbrgnjxfmy7/app.bsky.feed.post/3mg2mdepl4c2m,0,0,0,0
a4898e85b84e4b85ae1aa754c2f58eb9,2026-03-02T09:00:00Z,2026-03-02T09:21:45Z,auth,auth_enUS_labelerexp,at://did:plc:cvqpddc5pteiy7noxrokwvms/app.bsky.feed.post/3mg2kretxds2v,8,0,2,0
a4898e85b84e4b85ae1aa754c2f58eb9,2026-03-02T09:00:00Z,2026-03-02T09:21:45Z,auth,auth_enUS_labelerexp,at://did:plc:n5obugtteslupe6jbjnc535m/app.bsky.feed.post/3mg2jwubvns2u,1,0,0,0
a4898e85b84e4b85ae1aa754c2f58eb9,2026-03-02T09:00:00Z,2026-03-02T09:21:45Z,auth,auth_enUS_labelerexp,at://did:plc:tbqqvyv6pjjww44glrmycaxl/app.bsky.feed.post/3mg2jw3f6k225,221,15,12,0
a4898e85b84e4b85ae1aa754c2f58eb9,2026-03-02T09:00:00Z,2026-03-02T09:21:45Z,auth,auth_enUS_labelerexp,at://did:plc:svhooyyzdr3t2i3o2ezta7st/app.bsky.feed.post/3mg2i6tuoyk22,1,0,0,0
a4898e85b84e4b85ae1aa754c2f58eb9,2026-03-02T09:00:00Z,2026-03-02T09:21:45Z,auth,auth_enUS_labelerexp,at://did:plc:ig7gf2lc5lpuvgj4fs236c7u/app.bsky.feed.post/3mg2fqc2tds2x,0,0,0,0
a4898e85b84e4b85ae1aa754c2f58eb9,2026-03-02T09:00:00Z,2026-03-02T09:21:45Z,auth,auth_enUS_labelerexp,at://did:plc:r44xtnkm5ldq532s6vffrg2i/app.bsky.feed.post/3mg2dlmn7bs2p,5,0,0,0
a4898e85b84e4b85ae1aa754c2f58eb9,2026-03-02T09:00:00Z,2026-03-02T09:21:45Z,auth,auth_enUS_labelerexp,at://did:plc:r44xtnkm5ldq532s6vffrg2i/app.bsky.feed.post/3mg2d66fnr22p,2,0,0,0
a4898e85b84e4b85ae1aa754c2f58eb9,2026-03-02T09:00:00Z,2026-03-02T09:21:45Z,auth,auth_enUS_labelerexp,at://did:plc:rwggfo76loemjd3e56iwf6l6/app.bsky.feed.post/3mg2bvviqts2g,1,0,1,0
a4898e85b84e4b85ae1aa754c2f58eb9,2026-03-02T09:00:00Z,2026-03-02T09:21:45Z,auth,auth_enUS_labelerexp,at://did:plc:rwcgccaq2f3vzwea6wo6ea6h/app.bsky.feed.post/3mg26zoevlc2a,15,1,1,0
a4898e85b84e4b85ae1aa754c2f58eb9,2026-03-02T09:00:00Z,2026-03-02T09:21:45Z,auth,auth_enUS_labelerexp,at://did:plc:atjdwvkufom675vdpozfz6ba/app.bsky.feed.post/3mg26ybf6c22k,0,0,0,0
a4898e85b84e4b85ae1aa754c2f58eb9,2026-03-02T09:00:00Z,2026-03-02T09:21:45Z,auth,auth_enUS_labelerexp,at://did:plc:smtotwt5mscg3lz6xwcnxl4c/app.bsky.feed.post/3mg26pxtlgs2q,3,1,0,0
a4898e85b84e4b85ae1aa754c2f58eb9,2026-03-02T09:00:00Z,2026-03-02T09:21:45Z,auth,auth_enUS_labelerexp,at://did:plc:vq4taglyihnbuhjng6qja4sc/app.bsky.feed.post/3mg26b34mb22m,1,0,1,0
a4898e85b84e4b85ae1aa754c2f58eb9,2026-03-02T09:00:00Z,2026-03-02T09:21:45Z,auth,auth_enUS_labelerexp,at://did:plc:ledovmtxuwa7b64jdiw42xfv/app.bsky.feed.post/3mg24xlvru22u,2,0,0,0
a4898e85b84e4b85ae1aa754c2f58eb9,2026-03-02T09:00:00Z,2026-03-02T09:21:45Z,auth,auth_enUS_labelerexp,at://did:plc:o6fdlc2tdbgz63i2taio73oi/app.bsky.feed.post/3mg24qvsjmk25,14,3,1,0
a4898e85b84e4b85ae1aa754c2f58eb9,2026-03-02T09:00:00Z,2026-03-02T09:21:45Z,auth,auth_enUS_labelerexp,at://did:plc:enyc7n2gm4kcol3vxwtrfo54/app.bsky.feed.post/3mfzzswkvj22d,5,0,0,0
a4898e85b84e4b85ae1aa754c2f58eb9,2026-03-02T09:00:00Z,2026-03-02T09:21:45Z,auth,auth_enUS_labelerexp,at://did:plc:45bdhm2efqkqikxfhghqyzn2/app.bsky.feed.post/3mfzzevkpbs2h,3,0,4,0
a4898e85b84e4b85ae1aa754c2f58eb9,2026-03-02T09:00:00Z,2026-03-02T09:21:45Z,auth,auth_enUS_labelerexp,at://did:plc:jg7l3oxxbzwfz6odn3g6fbbu/app.bsky.feed.post/3mfzz4u7c3c2u,3,0,0,0
a4898e85b84e4b85ae1aa754c2f58eb9,2026-03-02T09:00:00Z,2026-03-02T09:21:45Z,auth,auth_enUS_labelerexp,at://did:plc:tqoxjcbyxn7wknyqilcixisg/app.bsky.feed.post/3mfzymydekk2u,4,0,1,0
a4898e85b84e4b85ae1aa754c2f58eb9,2026-03-02T09:00:00Z,2026-03-02T09:21:45Z,auth,auth_enUS_labelerexp,at://did:plc:eqn73faru5kxxr2koevgkwn5/app.bsky.feed.post/3mfzx6ebq7c2i,2,0,1,0
a4898e85b84e4b85ae1aa754c2f58eb9,2026-03-02T09:00:00Z,2026-03-02T09:21:45Z,auth,auth_enUS_labelerexp,at://did:plc:mxflvbjff2z5ityaxilxeo6g/app.bsky.feed.post/3mfzx4phm7s2r,2,0,1,0
a4898e85b84e4b85ae1aa754c2f58eb9,2026-03-02T09:00:00Z,2026-03-02T09:21:45Z,auth,auth_enUS_labelerexp,at://did:plc:rsnchruexlbkzebsrvyoheg3/app.bsky.feed.post/3mfzw7ap7kc2d,1,0,2,0
a4898e85b84e4b85ae1aa754c2f58eb9,2026-03-02T09:00:00Z,2026-03-02T09:21:45Z,auth,auth_enUS_labelerexp,at://did:plc:rsnchruexlbkzebsrvyoheg3/app.bsky.feed.post/3mfzvohi6bc2y,2,0,0,0
a4898e85b84e4b85ae1aa754c2f58eb9,2026-03-02T09:00:00Z,2026-03-02T09:21:45Z,auth,auth_enUS_labelerexp,at://did:plc:lwcnstgypwij5m6ykutdklxt/app.bsky.feed.post/3mfzuvmqqm22e,4,0,0,0
a4898e85b84e4b85ae1aa754c2f58eb9,2026-03-02T09:00:00Z,2026-03-02T09:21:45Z,auth,auth_enUS_labelerexp,at://did:plc:tqoxjcbyxn7wknyqilcixisg/app.bsky.feed.post/3mfzt7zvkqk2z,20,0,4,0
a4898e85b84e4b85ae1aa754c2f58eb9,2026-03-02T09:00:00Z,2026-03-02T09:21:45Z,auth,auth_enUS_labelerexp,at://did:plc:a3kdzxd2a7to7outee7fxw2u/app.bsky.feed.post/3mfzshr7csk2b,13,0,1,0
a4898e85b84e4b85ae1aa754c2f58eb9,2026-03-02T09:00:00Z,2026-03-02T09:21:45Z,auth,auth_enUS_labelerexp,at://did:plc:u2mosg3rpudwmobbyxt46buk/app.bsky.feed.post/3mfzrf33ypk2o,101,21,3,3
a4898e85b84e4b85ae1aa754c2f58eb9,2026-03-02T09:00:00Z,2026-03-02T09:21:45Z,auth,auth_enUS_labelerexp,at://did:plc:33xxeq6y3lj4kb7vzzvihwax/app.bsky.feed.post/3mfzqvmmxsc2v,0,0,0,0
a4898e85b84e4b85ae1aa754c2f58eb9,2026-03-02T09:00:00Z,2026-03-02T09:21:45Z,auth,auth_enUS_labelerexp,at://did:plc:ybltyexaplpg3cvwrwe25ja7/app.bsky.feed.post/3mfzovkha4r24,2,0,0,0
a4898e85b84e4b85ae1aa754c2f58eb9,2026-03-02T09:00:00Z,2026-03-02T09:21:45Z,auth,auth_enUS_labelerexp,at://did:plc:hglxx2lyedi7iy6527fxm5jo/app.bsky.feed.post/3mfzkp4f6js2d,2,0,2,0
a4898e85b84e4b85ae1aa754c2f58eb9,2026-03-02T09:00:00Z,2026-03-02T09:21:45Z,auth,auth_enUS_labelerexp,at://did:plc:3kaoq6bchouibpcdkotkmsdm/app.bsky.feed.post/3mfzkjyxxl22f,7,0,0,0
a4898e85b84e4b85ae1aa754c2f58eb9,2026-03-02T09:00:00Z,2026-03-02T09:21:45Z,auth,auth_enUS_labelerexp,at://did:plc:jzbicqtjuo2ycevjbxvcz5xp/app.bsky.feed.post/3mfzio7jjkc2v,0,0,0,0
a4898e85b84e4b85ae1aa754c2f58eb9,2026-03-02T09:00:00Z,2026-03-02T09:21:45Z,auth,auth_enUS_labelerexp,at://did:plc:wi4jfbq4d4khbmikgi2kgm7a/app.bsky.feed.post/3mfzhfsxr2sr2,5,18,3,0
a4898e85b84e4b85ae1aa754c2f58eb9,2026-03-02T09:00:00Z,2026-03-02T09:21:45Z,auth,auth_enUS_labelerexp,at://did:plc:apmlf5pmp42fwv74qdptfnqz/app.bsky.feed.post/3mfzggzrenk22,7,0,1,0
a4898e85b84e4b85ae1aa754c2f58eb9,2026-03-02T09:00:00Z,2026-03-02T09:21:45Z,auth,auth_enUS_labelerexp,at://did:plc:bedlouok6hcckq5iwgklyklf/app.bsky.feed.post/3mfzey5kpr22c,25,4,2,0
a4898e85b84e4b85ae1aa754c2f58eb9,2026-03-02T09:00:00Z,2026-03-02T09:21:45Z,auth,auth_enUS_labelerexp,at://did:plc:lg2is3bh2qsvpcnou4uia3x2/app.bsky.feed.post/3mfzeieyznk2g,20,0,0,0
a4898e85b84e4b85ae1aa754c2f58eb9,2026-03-02T09:00:00Z,2026-03-02T09:21:45Z,auth,auth_enUS_labelerexp,at://did:plc:2gqlr6er5e7xrwazljyfxfbz/app.bsky.feed.post/3mfzdtawmuk2k,6,0,0,0
a4898e85b84e4b85ae1aa754c2f58eb9,2026-03-02T09:00:00Z,2026-03-02T09:21:45Z,auth,auth_enUS_labelerexp,at://did:plc:z6mwpllr5jqsk3vsw2jfdrtw/app.bsky.feed.post/3mfzc3nlg6k2t,1,0,0,0
a4898e85b84e4b85ae1aa754c2f58eb9,2026-03-02T09:00:00Z,2026-03-02T09:21:45Z,auth,auth_enUS_labelerexp,at://did:plc:xc2povbrgunsc2wdcxqry55l/app.bsky.feed.post/3mfzajmjqnc2h,38,5,3,0
a4898e85b84e4b85ae1aa754c2f58eb9,2026-03-02T09:00:00Z,2026-03-02T09:21:45Z,auth,auth_enUS_labelerexp,at://did:plc:t63wut5ejggodz2apcieqyz6/app.bsky.feed.post/3mfz7kwij7s2m,1,0,0,0
a4898e85b84e4b85ae1aa754c2f58eb9,2026-03-02T09:00:00Z,2026-03-02T09:21:45Z,auth,auth_enUS_labelerexp,at://did:plc:5dmqjf6elvsuvaahcatmtgg6/app.bsky.feed.post/3mfz5nkebqc2d,9,0,1,0
a4898e85b84e4b85ae1aa754c2f58eb9,2026-03-02T09:00:00Z,2026-03-02T09:21:45Z,auth,auth_enUS_labelerexp,at://did:plc:omkb4ov5w2bintbbbb47lile/app.bsky.feed.post/3mfz4mjyxok2v,20,2,0,0
a4898e85b84e4b85ae1aa754c2f58eb9,2026-03-02T09:00:00Z,2026-03-02T09:21:45Z,auth,auth_enUS_labelerexp,at://did:plc:l4syrkfterewgg2y4tpdj4rz/app.bsky.feed.post/3mfyzz6vvac2k,20,1,6,0
a4898e85b84e4b85ae1aa754c2f58eb9,2026-03-02T09:00:00Z,2026-03-02T09:21:45Z,auth,auth_enUS_labelerexp,at://did:plc:ld324bs3zekxrjiv5hcowoct/app.bsky.feed.post/3mfyzq2nfws2g,11,0,1,0
a4898e85b84e4b85ae1aa754c2f58eb9,2026-03-02T09:00:00Z,2026-03-02T09:21:45Z,auth,auth_enUS_labelerexp,at://did:plc:rdkozsvjst5gbvgfb7othbau/app.bsky.feed.post/3mfyypjyaak2t,5,0,1,0
a4898e85b84e4b85ae1aa754c2f58eb9,2026-03-02T09:00:00Z,2026-03-02T09:21:45Z,auth,auth_enUS_labelerexp,at://did:plc:qufjs6kz3jj5wqwyxnlmz6hk/app.bsky.feed.post/3mfyxyaolrc2k,61,1,11,0
a4898e85b84e4b85ae1aa754c2f58eb9,2026-03-02T09:00:00Z,2026-03-02T09:21:45Z,auth,auth_enUS_labelerexp,at://did:plc:bcxaydkqjb4k7vhp75uqj756/app.bsky.feed.post/3mfyxxictmk2y,9,2,0,0
a4898e85b84e4b85ae1aa754c2f58eb9,2026-03-02T09:00:00Z,2026-03-02T09:21:47Z,auth,auth_enUS_labelerexp,at://did:plc:oenp7isehvr65elhknbdju2b/app.bsky.feed.post/3lbgjkiwfcs2k,815,69,98,17
a4898e85b84e4b85ae1aa754c2f58eb9,2026-03-02T09:00:00Z,2026-03-02T09:21:47Z,auth,auth_enUS_labelerexp,at://did:plc:h7kwozluvs43jnuyv2mjgyre/app.bsky.feed.post/3mg2vx6e5c22v,0,0,0,0
a4898e85b84e4b85ae1aa754c2f58eb9,2026-03-02T09:00:00Z,2026-03-02T09:21:47Z,auth,auth_enUS_labelerexp,at://did:plc:dlya4d53khdwyphloyvu3dyp/app.bsky.feed.post/3mg2vw3tcsc2u,6,0,1,0
a4898e85b84e4b85ae1aa754c2f58eb9,2026-03-02T09:00:00Z,2026-03-02T09:21:47Z,auth,auth_enUS_labelerexp,at://did:plc:4aixc3oa6qzvucxcvkg3oyqg/app.bsky.feed.post/3mg2vptwbka2s,0,0,0,0
a4898e85b84e4b85ae1aa754c2f58eb9,2026-03-02T09:00:00Z,2026-03-02T09:21:47Z,auth,auth_enUS_labelerexp,at://did:plc:z7kvds27ivzsxfoihnp5mkqn/app.bsky.feed.post/3mg2vp3xbrk2t,2,0,0,0
a4898e85b84e4b85ae1aa754c2f58eb9,2026-03-02T09:00:00Z,2026-03-02T09:21:47Z,auth,auth_enUS_labelerexp,at://did:plc:fdqewgs7xzszrqe6yn2qazlq/app.bsky.feed.post/3mg2vldpmrk2n,0,0,0,0
a4898e85b84e4b85ae1aa754c2f58eb9,2026-03-02T09:00:00Z,2026-03-02T09:21:47Z,auth,auth_enUS_labelerexp,at://did:plc:4aixc3oa6qzvucxcvkg3oyqg/app.bsky.feed.post/3mg2vkm2pfp2e,0,0,0,0
a4898e85b84e4b85ae1aa754c2f58eb9,2026-03-02T09:00:00Z,2026-03-02T09:21:47Z,auth,auth_enUS_labelerexp,at://did:plc:6uqzbzupxtyj32ysp7ijipzc/app.bsky.feed.post/3mg2vk3idg22n,0,0,0,0
a4898e85b84e4b85ae1aa754c2f58eb9,2026-03-02T09:00:00Z,2026-03-02T09:21:47Z,auth,auth_enUS_labelerexp,at://did:plc:4aixc3oa6qzvucxcvkg3oyqg/app.bsky.feed.post/3mg2vaxiglr2g,0,0,0,0
a4898e85b84e4b85ae1aa754c2f58eb9,2026-03-02T09:00:00Z,2026-03-02T09:21:47Z,auth,auth_enUS_labelerexp,at://did:plc:56dptc44htwcz27smvd67dcu/app.bsky.feed.post/3mg2uzjpysk2v,3,1,0,0
a4898e85b84e4b85ae1aa754c2f58eb9,2026-03-02T09:00:00Z,2026-03-02T09:21:47Z,auth,auth_enUS_labelerexp,at://did:plc:y2slrzroapy3fzznhhbakzb2/app.bsky.feed.post/3mg2uvoefks2q,1,2,0,0
a4898e85b84e4b85ae1aa754c2f58eb9,2026-03-02T09:00:00Z,2026-03-02T09:21:47Z,auth,auth_enUS_labelerexp,at://did:plc:xd5sktkywranebxd2ahbeawz/app.bsky.feed.post/3mg2unmos6s2s,0,0,1,0
a4898e85b84e4b85ae1aa754c2f58eb9,2026-03-02T09:00:00Z,2026-03-02T09:21:47Z,auth,auth_enUS_labelerexp,at://did:plc:zxzwas6uxnyhaqxjnv7pimpa/app.bsky.feed.post/3mg2uie65qc2q,1,0,0,0
a4898e85b84e4b85ae1aa754c2f58eb9,2026-03-02T09:00:00Z,2026-03-02T09:21:47Z,auth,auth_enUS_labelerexp,at://did:plc:iul7hxstdmk3aapbkqel67o4/app.bsky.feed.post/3mg2u67i5bc2r,1,0,0,0
a4898e85b84e4b85ae1aa754c2f58eb9,2026-03-02T09:00:00Z,2026-03-02T09:21:47Z,auth,auth_enUS_labelerexp,at://did:plc:4aixc3oa6qzvucxcvkg3oyqg/app.bsky.feed.post/3mg2ttlibqy2s,0,0,0,0
a4898e85b84e4b85ae1aa754c2f58eb9,2026-03-02T09:00:00Z,2026-03-02T09:21:47Z,auth,auth_enUS_labelerexp,at://did:plc:o3t2yujnpnpjwyxrj4aojhgz/app.bsky.feed.post/3mg2tlmpyx22d,1,0,0,0
a4898e85b84e4b85ae1aa754c2f58eb9,2026-03-02T09:00:00Z,2026-03-02T09:21:47Z,auth,auth_enUS_labelerexp,at://did:plc:wwk3u3dbf5wb6yzocgwps3g3/app.bsky.feed.post/3mg2tcmbnu224,0,0,1,0
a4898e85b84e4b85ae1aa754c2f58eb9,2026-03-02T09:00:00Z,2026-03-02T09:21:47Z,auth,auth_enUS_labelerexp,at://did:plc:zncvui6mb47pwgfzgeg7ewmg/app.bsky.feed.post/3mg2t7uv7jk2x,0,0,0,0
a4898e85b84e4b85ae1aa754c2f58eb9,2026-03-02T09:00:00Z,2026-03-02T09:21:47Z,auth,auth_enUS_labelerexp,at://did:plc:76vlll762w63x2bsaj5sq5hm/app.bsky.feed.post/3mg2t7hq3ot2a,0,0,0,0
a4898e85b84e4b85ae1aa754c2f58eb9,2026-03-02T09:00:00Z,2026-03-02T09:21:47Z,auth,auth_enUS_labelerexp,at://did:plc:4aixc3oa6qzvucxcvkg3oyqg/app.bsky.feed.post/3mg2szd7qkd2r,0,0,0,0
a4898e85b84e4b85ae1aa754c2f58eb9,2026-03-02T09:00:00Z,2026-03-02T09:21:47Z,auth,auth_enUS_labelerexp,at://did:plc:eitffl7yey735ccb4vwtbnxj/app.bsky.feed.post/3mg2sv2xvqb2h,0,0,0,0
a4898e85b84e4b85ae1aa754c2f58eb9,2026-03-02T09:00:00Z,2026-03-02T09:21:47Z,auth,auth_enUS_labelerexp,at://did:plc:qkezuisglybqvn5gmtmp3zeo/app.bsky.feed.post/3mg2sjizgp226,7,4,1,0
a4898e85b84e4b85ae1aa754c2f58eb9,2026-03-02T09:00:00Z,2026-03-02T09:21:47Z,auth,auth_enUS_labelerexp,at://did:plc:23cyezngvgkkwubhjloy7w5a/app.bsky.feed.post/3mg2saqzto223,0,0,0,0
a4898e85b84e4b85ae1aa754c2f58eb9,2026-03-02T09:00:00Z,2026-03-02T09:21:47Z,auth,auth_enUS_labelerexp,at://did:plc:qnadr2mkl4t4jcbqvegqt5er/app.bsky.feed.post/3mg2s2m3ez523,1,0,0,0
a4898e85b84e4b85ae1aa754c2f58eb9,2026-03-02T09:00:00Z,2026-03-02T09:21:47Z,auth,auth_enUS_labelerexp,at://did:plc:bfnnz3nsaq75zxyq3mmkqar3/app.bsky.feed.post/3mg2rxvwang2c,0,0,0,0
a4898e85b84e4b85ae1aa754c2f58eb9,2026-03-02T09:00:00Z,2026-03-02T09:21:47Z,auth,auth_enUS_labelerexp,at://did:plc:ot2gu5wpfoqwfdso3yibj32f/app.bsky.feed.post/3mg2rnpvonc22,1,0,0,0
a4898e85b84e4b85ae1aa754c2f58eb9,2026-03-02T09:00:00Z,2026-03-02T09:21:47Z,auth,auth_enUS_labelerexp,at://did:plc:swmkeeticvhysvmzsnkwl4a6/app.bsky.feed.post/3mg2rmu7syc2x,1,1,0,0
a4898e85b84e4b85ae1aa754c2f58eb9,2026-03-02T09:00:00Z,2026-03-02T09:21:47Z,auth,auth_enUS_labelerexp,at://did:plc:xxvmj7h3nqnih3h2rwj44xdr/app.bsky.feed.post/3mg2raw2dac25,1,0,1,0
a4898e85b84e4b85ae1aa754c2f58eb9,2026-03-02T09:00:00Z,2026-03-02T09:21:47Z,auth,auth_enUS_labelerexp,at://did:plc:mwl743rjdh4lzg4zayqlsiec/app.bsky.feed.post/3mg2r4l35fl2v,0,0,0,0
a4898e85b84e4b85ae1aa754c2f58eb9,2026-03-02T09:00:00Z,2026-03-02T09:21:47Z,auth,auth_enUS_labelerexp,at://did:plc:pq3ovbgkxt5tzy4xpvum6jn5/app.bsky.feed.post/3mg2qz34zdx2d,0,0,0,0
a4898e85b84e4b85ae1aa754c2f58eb9,2026-03-02T09:00:00Z,2026-03-02T09:21:47Z,auth,auth_enUS_labelerexp,at://did:plc:4ph5z5j6h36cqwwawzi5yp4d/app.bsky.feed.post/3mg2qxmgy622v,0,0,0,0
a4898e85b84e4b85ae1aa754c2f58eb9,2026-03-02T09:00:00Z,2026-03-02T09:21:47Z,auth,auth_enUS_labelerexp,at://did:plc:a4h4s4nyispqmbqwntyvlapd/app.bsky.feed.post/3mg2q2ovob22o,0,0,0,0
a4898e85b84e4b85ae1aa754c2f58eb9,2026-03-02T09:00:00Z,2026-03-02T09:21:47Z,auth,auth_enUS_labelerexp,at://did:plc:3vmvyayfgfk25igb2lerqlv4/app.bsky.feed.post/3mg2pznqztc2k,0,0,0,0
a4898e85b84e4b85ae1aa754c2f58eb9,2026-03-02T09:00:00Z,2026-03-02T09:21:47Z,auth,auth_enUS_labelerexp,at://did:plc:tmoc375h6ne77ggqvz744rbo/app.bsky.feed.post/3mg2pvsovd22c,1,0,0,0
a4898e85b84e4b85ae1aa754c2f58eb9,2026-03-02T09:00:00Z,2026-03-02T09:21:47Z,auth,auth_enUS_labelerexp,at://did:plc:vm5msbflzrzrbnv7biavcnv6/app.bsky.feed.post/3mg2pn4hf7k2p,0,0,0,0
a4898e85b84e4b85ae1aa754c2f58eb9,2026-03-02T09:00:00Z,2026-03-02T09:21:47Z,auth,auth_enUS_labelerexp,at://did:plc:zxzwas6uxnyhaqxjnv7pimpa/app.bsky.feed.post/3mg2pjgogrc2q,1,0,0,0
a4898e85b84e4b85ae1aa754c2f58eb9,2026-03-02T09:00:00Z,2026-03-02T09:21:47Z,auth,auth_enUS_labelerexp,at://did:plc:gt7igzwn72jq2ldiqch7jgkv/app.bsky.feed.post/3mg2piwkjy222,6,1,0,0
a4898e85b84e4b85ae1aa754c2f58eb9,2026-03-02T09:00:00Z,2026-03-02T09:21:47Z,auth,auth_enUS_labelerexp,at://did:plc:7qcuhgal4hl6bbnt3o7ordit/app.bsky.feed.post/3mg2pgxpak32m,0,0,0,0
a4898e85b84e4b85ae1aa754c2f58eb9,2026-03-02T09:00:00Z,2026-03-02T09:21:47Z,auth,auth_enUS_labelerexp,at://did:plc:hxh6ooohv662p2zrcywbp3ss/app.bsky.feed.post/3mg2otppwwk2z,0,0,0,0
a4898e85b84e4b85ae1aa754c2f58eb9,2026-03-02T09:00:00Z,2026-03-02T09:21:47Z,auth,auth_enUS_labelerexp,at://did:plc:jjrwjde2p7nluheeyyihm23a/app.bsky.feed.post/3mg2osexyjc2w,0,0,1,0
a4898e85b84e4b85ae1aa754c2f58eb9,2026-03-02T09:00:00Z,2026-03-02T09:21:47Z,auth,auth_enUS_labelerexp,at://did:plc:sdfvnfprkjrelrqigk2nheuc/app.bsky.feed.post/3mg2oscxj222i,3,0,0,0
a4898e85b84e4b85ae1aa754c2f58eb9,2026-03-02T09:00:00Z,2026-03-02T09:21:47Z,auth,auth_enUS_labelerexp,at://did:plc:fdqewgs7xzszrqe6yn2qazlq/app.bsky.feed.post/3mg2ordvek22n,0,0,0,0
a4898e85b84e4b85ae1aa754c2f58eb9,2026-03-02T09:00:00Z,2026-03-02T09:21:47Z,auth,auth_enUS_labelerexp,at://did:plc:bfnnz3nsaq75zxyq3mmkqar3/app.bsky.feed.post/3mg2omryevn26,1,0,0,0
a4898e85b84e4b85ae1aa754c2f58eb9,2026-03-02T09:00:00Z,2026-03-02T09:21:47Z,auth,auth_enUS_labelerexp,at://did:plc:3sdo5wodzmtltyysmeynifk3/app.bsky.feed.post/3mg2olnt56j2d,0,0,0,0
a4898e85b84e4b85ae1aa754c2f58eb9,2026-03-02T09:00:00Z,2026-03-02T09:21:47Z,auth,auth_enUS_labelerexp,at://did:plc:lnu6bpahgaht7zm724rpq2fr/app.bsky.feed.post/3mg2oj3qo7k2v,2,0,0,0
a4898e85b84e4b85ae1aa754c2f58eb9,2026-03-02T09:00:00Z,2026-03-02T09:21:47Z,auth,auth_enUS_labelerexp,at://did:plc:tobupwut5bqe63hdanp2jwvk/app.bsky.feed.post/3mg2offhuwk2c,2,0,0,0
a4898e85b84e4b85ae1aa754c2f58eb9,2026-03-02T09:00:00Z,2026-03-02T09:21:47Z,auth,auth_enUS_labelerexp,at://did:plc:ktkx6gnebdcidosm7h5j3o4i/app.bsky.feed.post/3mg2odu3jnc2p,12,6,1,0
a4898e85b84e4b85ae1aa754c2f58eb9,2026-03-02T09:00:00Z,2026-03-02T09:21:47Z,auth,auth_enUS_labelerexp,at://did:plc:svk5cyk4yd5gdxfli2ho3rd5/app.bsky.feed.post/3mg2oac4ens2o,1,0,0,0
a4898e85b84e4b85ae1aa754c2f58eb9,2026-03-02T09:00:00Z,2026-03-02T09:21:47Z,auth,auth_enUS_labelerexp,at://did:plc:dynqz2cn7qydze3fz7unoj4y/app.bsky.feed.post/3mg2o7ukt3w2j,0,0,0,0
a4898e85b84e4b85ae1aa754c2f58eb9,2026-03-02T09:00:00Z,2026-03-02T09:21:47Z,auth,auth_enUS_labelerexp,at://did:plc:6qb7mjbvcp3kxoqxyzizmykp/app.bsky.feed.post/3mg2o2gm4ts2e,3,1,0,0
a4898e85b84e4b85ae1aa754c2f58eb9,2026-03-02T09:00:00Z,2026-03-02T09:21:48Z,auth,auth_enUS_labelerexp,at://did:plc:ydunclv7x3vng3hkof6dryc7/app.bsky.feed.post/3mg2w3ho5os2f,11,0,0,0
a4898e85b84e4b85ae1aa754c2f58eb9,2026-03-02T09:00:00Z,2026-03-02T09:21:48Z,auth,auth_enUS_labelerexp,at://did:plc:ydunclv7x3vng3hkof6dryc7/app.bsky.feed.post/3mg2v6vyl5k2c,19,0,0,0
a4898e85b84e4b85ae1aa754c2f58eb9,2026-03-02T09:00:00Z,2026-03-02T09:21:48Z,auth,auth_enUS_labelerexp,at://did:plc:5bbsagutdobnllauutaubeza/app.bsky.feed.post/3mg2uxatl4c2d,5,0,1,0
a4898e85b84e4b85ae1aa754c2f58eb9,2026-03-02T09:00:00Z,2026-03-02T09:21:48Z,auth,auth_enUS_labelerexp,at://did:plc:mh4r3qm2rm5s2dhqirynz3mf/app.bsky.feed.post/3mg2ufzg2uc2z,13,0,12,0
a4898e85b84e4b85ae1aa754c2f58eb9,2026-03-02T09:00:00Z,2026-03-02T09:21:48Z,auth,auth_enUS_labelerexp,at://did:plc:vrbfjvktbaipqanidi5ybue5/app.bsky.feed.post/3mg2ty6egc22v,4,0,0,0
a4898e85b84e4b85ae1aa754c2f58eb9,2026-03-02T09:00:00Z,2026-03-02T09:21:48Z,auth,auth_enUS_labelerexp,at://did:plc:zpcs3o6q4br7g6lh3tdvi4l2/app.bsky.feed.post/3mg2rvoumlc2d,0,0,0,0
a4898e85b84e4b85ae1aa754c2f58eb9,2026-03-02T09:00:00Z,2026-03-02T09:21:48Z,auth,auth_enUS_labelerexp,at://did:plc:geshkcsu2inhb7z7ruasz5bm/app.bsky.feed.post/3mg2rq3pwc22w,46,8,7,0
a4898e85b84e4b85ae1aa754c2f58eb9,2026-03-02T09:00:00Z,2026-03-02T09:21:48Z,auth,auth_enUS_labelerexp,at://did:plc:io4hssdepazgcv5mru4em2b6/app.bsky.feed.post/3mg2pyw6n7c2o,49,1,0,0
a4898e85b84e4b85ae1aa754c2f58eb9,2026-03-02T09:00:00Z,2026-03-02T09:21:48Z,auth,auth_enUS_labelerexp,at://did:plc:t6vit4td376qe4iu4sxodnnv/app.bsky.feed.post/3mg2po6l6pk2u,43,0,1,1
a4898e85b84e4b85ae1aa754c2f58eb9,2026-03-02T09:00:00Z,2026-03-02T09:21:48Z,auth,auth_enUS_labelerexp,at://did:plc:geshkcsu2inhb7z7ruasz5bm/app.bsky.feed.post/3mg2pexzgos2j,21,0,2,0
a4898e85b84e4b85ae1aa754c2f58eb9,2026-03-02T09:00:00Z,2026-03-02T09:21:48Z,auth,auth_enUS_labelerexp,at://did:plc:4mj4jurgo5xnb5qo7hsxfjw6/app.bsky.feed.post/3mg2pd5ppks2j,21,0,2,0
a4898e85b84e4b85ae1aa754c2f58eb9,2026-03-02T09:00:00Z,2026-03-02T09:21:48Z,auth,auth_enUS_labelerexp,at://did:plc:2ap6afz5s2okrwolfrvbftvy/app.bsky.feed.post/3mg2nlyroos2b,7,0,0,0
a4898e85b84e4b85ae1aa754c2f58eb9,2026-03-02T09:00:00Z,2026-03-02T09:21:48Z,auth,auth_enUS_labelerexp,at://did:plc:p6eobw3o5am3dmvnsy4ogxqj/app.bsky.feed.post/3mg2ndi3djk2j,1,0,0,0
a4898e85b84e4b85ae1aa754c2f58eb9,2026-03-02T09:00:00Z,2026-03-02T09:21:48Z,auth,auth_enUS_labelerexp,at://did:plc:zh33qhzursqykiqff5ypy2nz/app.bsky.feed.post/3mg2mq3gatk2p,0,0,0,0
a4898e85b84e4b85ae1aa754c2f58eb9,2026-03-02T09:00:00Z,2026-03-02T09:21:48Z,auth,auth_enUS_labelerexp,at://did:plc:zh33qhzursqykiqff5ypy2nz/app.bsky.feed.post/3mg2mngt7tk2p,0,0,0,0
a4898e85b84e4b85ae1aa754c2f58eb9,2026-03-02T09:00:00Z,2026-03-02T09:21:48Z,auth,auth_enUS_labelerexp,at://did:plc:k443opxfvjscjwusntnfhwi2/app.bsky.feed.post/3mg2lw3gnr22b,2,0,1,0
a4898e85b84e4b85ae1aa754c2f58eb9,2026-03-02T09:00:00Z,2026-03-02T09:21:48Z,auth,auth_enUS_labelerexp,at://did:plc:3iqtdaryqr6zmtr24dsh7rga/app.bsky.feed.post/3mg2km2x3u22n,1,0,1,0
a4898e85b84e4b85ae1aa754c2f58eb9,2026-03-02T09:00:00Z,2026-03-02T09:21:48Z,auth,auth_enUS_labelerexp,at://did:plc:b6uhtbejmvivnw72tcmvam4e/app.bsky.feed.post/3mg2k3jryi226,3,0,1,0
a4898e85b84e4b85ae1aa754c2f58eb9,2026-03-02T09:00:00Z,2026-03-02T09:21:48Z,auth,auth_enUS_labelerexp,at://did:plc:brxxsn7adf37px567fhixb4b/app.bsky.feed.post/3mg2isnsaos2o,16,0,1,0
a4898e85b84e4b85ae1aa754c2f58eb9,2026-03-02T09:00:00Z,2026-03-02T09:21:48Z,auth,auth_enUS_labelerexp,at://did:plc:iebkr7smk564vwpnjls2wwyq/app.bsky.feed.post/3mg2i72jubs2m,237,4,4,10
a4898e85b84e4b85ae1aa754c2f58eb9,2026-03-02T09:00:00Z,2026-03-02T09:21:48Z,auth,auth_enUS_labelerexp,at://did:plc:5vpodky2h6gvz5xbr2ymybmc/app.bsky.feed.post/3mg2hfjb6k22m,5,0,0,0
a4898e85b84e4b85ae1aa754c2f58eb9,2026-03-02T09:00:00Z,2026-03-02T09:21:48Z,auth,auth_enUS_labelerexp,at://did:plc:ulrtvofkoeck4nq5rz2kpomb/app.bsky.feed.post/3mg2gwrjd5s2x,139,3,3,0
a4898e85b84e4b85ae1aa754c2f58eb9,2026-03-02T09:00:00Z,2026-03-02T09:21:48Z,auth,auth_enUS_labelerexp,at://did:plc:5cx4pzibzpvjfda4ekgprl3o/app.bsky.feed.post/3mg2gvmi4fk2p,22,0,3,0
a4898e85b84e4b85ae1aa754c2f58eb9,2026-03-02T09:00:00Z,2026-03-02T09:21:48Z,auth,auth_enUS_labelerexp,at://did:plc:k27wew26627gfajiirn33tk4/app.bsky.feed.post/3mg2ga4fdss2f,79,0,3,0
a4898e85b84e4b85ae1aa754c2f58eb9,2026-03-02T09:00:00Z,2026-03-02T09:21:48Z,auth,auth_enUS_labelerexp,at://did:plc:2ap6afz5s2okrwolfrvbftvy/app.bsky.feed.post/3mg2fxyayvs2b,8,0,1,1
a4898e85b84e4b85ae1aa754c2f58eb9,2026-03-02T09:00:00Z,2026-03-02T09:21:48Z,auth,auth_enUS_labelerexp,at://did:plc:nyelmioju2l7u5tdtkbfod7z/app.bsky.feed.post/3mg2flxejxc27,29,1,1,0
a4898e85b84e4b85ae1aa754c2f58eb9,2026-03-02T09:00:00Z,2026-03-02T09:21:48Z,auth,auth_enUS_labelerexp,at://did:plc:eb6efohvlacy5k4t5lnve6cb/app.bsky.feed.post/3mg2fl4o45s2m,9,0,0,0
a4898e85b84e4b85ae1aa754c2f58eb9,2026-03-02T09:00:00Z,2026-03-02T09:21:48Z,auth,auth_enUS_labelerexp,at://did:plc:air2umx5uhznguvq6vud6aas/app.bsky.feed.post/3mg2fj2rar225,163,8,8,0
a4898e85b84e4b85ae1aa754c2f58eb9,2026-03-02T09:00:00Z,2026-03-02T09:21:48Z,auth,auth_enUS_labelerexp,at://did:plc:ulrtvofkoeck4nq5rz2kpomb/app.bsky.feed.post/3mg2fdhjdwk2o,31,0,1,0
a4898e85b84e4b85ae1aa754c2f58eb9,2026-03-02T09:00:00Z,2026-03-02T09:21:48Z,auth,auth_enUS_labelerexp,at://did:plc:3t5wkfoer7ru73364zkqxnwa/app.bsky.feed.post/3mg2fbmwiss2h,44,1,1,0
a4898e85b84e4b85ae1aa754c2f58eb9,2026-03-02T09:00:00Z,2026-03-02T09:21:48Z,auth,auth_enUS_labelerexp,at://did:plc:z35puam5muxll5orxnze3ceo/app.bsky.feed.post/3mg2egrtwl22u,433,41,17,0
a4898e85b84e4b85ae1aa754c2f58eb9,2026-03-02T09:00:00Z,2026-03-02T09:21:48Z,auth,auth_enUS_labelerexp,at://did:plc:dbroiabvt2ve2fusmbcafcmg/app.bsky.feed.post/3mg2eaczmgs2y,24,0,1,0
a4898e85b84e4b85ae1aa754c2f58eb9,2026-03-02T09:00:00Z,2026-03-02T09:21:48Z,auth,auth_enUS_labelerexp,at://did:plc:silkby3uap4lzghf5uuyg6fs/app.bsky.feed.post/3mg2e7dgpsk2o,1,0,0,0
a4898e85b84e4b85ae1aa754c2f58eb9,2026-03-02T09:00:00Z,2026-03-02T09:21:48Z,auth,auth_enUS_labelerexp,at://did:plc:qcdhuseg4qcxoxxplisihsvh/app.bsky.feed.post/3mg2dy57zgk2m,1,0,1,0
a4898e85b84e4b85ae1aa754c2f58eb9,2026-03-02T09:00:00Z,2026-03-02T09:21:48Z,auth,auth_enUS_labelerexp,at://did:plc:i5w5dnwseod4krinxjjtotdm/app.bsky.feed.post/3mg2distgds2h,3,0,0,0
a4898e85b84e4b85ae1aa754c2f58eb9,2026-03-02T09:00:00Z,2026-03-02T09:21:48Z,auth,auth_enUS_labelerexp,at://did:plc:vnbaa32t2i3coegntbp7ml7h/app.bsky.feed.post/3mg2d2yuzpc2v,41,3,0,0
a4898e85b84e4b85ae1aa754c2f58eb9,2026-03-02T09:00:00Z,2026-03-02T09:21:48Z,auth,auth_enUS_labelerexp,at://did:plc:25a4w47mlwtx3vexjg2khyym/app.bsky.feed.post/3mg2cnmzbxk2l,7,0,0,0
a4898e85b84e4b85ae1aa754c2f58eb9,2026-03-02T09:00:00Z,2026-03-02T09:21:48Z,auth,auth_enUS_labelerexp,at://did:plc:5cx4pzibzpvjfda4ekgprl3o/app.bsky.feed.post/3mg2chmfvh227,11,0,0,0
a4898e85b84e4b85ae1aa754c2f58eb9,2026-03-02T09:00:00Z,2026-03-02T09:21:48Z,auth,auth_enUS_labelerexp,at://did:plc:hy6ptwt5jhympyz7oxdt2zbd/app.bsky.feed.post/3mg2chi4muk2q,15,0,1,0
a4898e85b84e4b85ae1aa754c2f58eb9,2026-03-02T09:00:00Z,2026-03-02T09:21:48Z,auth,auth_enUS_labelerexp,at://did:plc:76vackg77fvuhz2s47lzbmjc/app.bsky.feed.post/3mg2cccrmek2w,14,0,1,0
a4898e85b84e4b85ae1aa754c2f58eb9,2026-03-02T09:00:00Z,2026-03-02T09:21:48Z,auth,auth_enUS_labelerexp,at://did:plc:32yfwn7nxprcdvtccf23uyhb/app.bsky.feed.post/3mg2bwjipec2u,0,0,0,0
a4898e85b84e4b85ae1aa754c2f58eb9,2026-03-02T09:00:00Z,2026-03-02T09:21:48Z,auth,auth_enUS_labelerexp,at://did:plc:v4c4nokhvrjmx5ylyc3bxcu6/app.bsky.feed.post/3mg2buixclk2f,11,0,0,0
a4898e85b84e4b85ae1aa754c2f58eb9,2026-03-02T09:00:00Z,2026-03-02T09:21:48Z,auth,auth_enUS_labelerexp,at://did:plc:nujawgku7u6pdsqr5ahtt4hv/app.bsky.feed.post/3mg2bt7uyxs2k,35,1,0,0
a4898e85b84e4b85ae1aa754c2f58eb9,2026-03-02T09:00:00Z,2026-03-02T09:21:48Z,auth,auth_enUS_labelerexp,at://did:plc:5cx4pzibzpvjfda4ekgprl3o/app.bsky.feed.post/3mg2bslbw5k2q,8,0,1,0
a4898e85b84e4b85ae1aa754c2f58eb9,2026-03-02T09:00:00Z,2026-03-02T09:21:48Z,auth,auth_enUS_labelerexp,at://did:plc:5cx4pzibzpvjfda4ekgprl3o/app.bsky.feed.post/3mg2b3e3j222d,3,0,0,0
a4898e85b84e4b85ae1aa754c2f58eb9,2026-03-02T09:00:00Z,2026-03-02T09:21:48Z,auth,auth_enUS_labelerexp,at://did:plc:lugdrylhevsxh7h3jfhshvwz/app.bsky.feed.post/3mg2avgdp6s2c,242,13,1,0
a4898e85b84e4b85ae1aa754c2f58eb9,2026-03-02T09:00:00Z,2026-03-02T09:21:48Z,auth,auth_enUS_labelerexp,at://did:plc:fjwfm66r7ypbr5g7ruhrvyab/app.bsky.feed.post/3mg2anfndss2f,32,4,0,0
a4898e85b84e4b85ae1aa754c2f58eb9,2026-03-02T09:00:00Z,2026-03-02T09:21:48Z,auth,auth_enUS_labelerexp,at://did:plc:5cx4pzibzpvjfda4ekgprl3o/app.bsky.feed.post/3mg2ahiwhoc2q,10,0,0,0
a4898e85b84e4b85ae1aa754c2f58eb9,2026-03-02T09:00:00Z,2026-03-02T09:21:48Z,auth,auth_enUS_labelerexp,at://did:plc:4rfr2tnyzlelf5fzv2yj22x6/app.bsky.feed.post/3mg2a7x4hhk2v,65,5,3,0
a4898e85b84e4b85ae1aa754c2f58eb9,2026-03-02T09:00:00Z,2026-03-02T09:21:48Z,auth,auth_enUS_labelerexp,at://did:plc:5cx4pzibzpvjfda4ekgprl3o/app.bsky.feed.post/3mg2a53nehs2p,4,0,0,0
a4898e85b84e4b85ae1aa754c2f58eb9,2026-03-02T09:00:00Z,2026-03-02T09:21:50Z,auth,auth_enUS_labelerexp,at://did:plc:4aixc3oa6qzvucxcvkg3oyqg/app.bsky.feed.post/3mg2wbectdq2s,0,0,0,0
a4898e85b84e4b85ae1aa754c2f58eb9,2026-03-02T09:00:00Z,2026-03-02T09:21:50Z,auth,auth_enUS_labelerexp,at://did:plc:4aixc3oa6qzvucxcvkg3oyqg/app.bsky.feed.post/3mg2waxhej52n,0,0,0,0
a4898e85b84e4b85ae1aa754c2f58eb9,2026-03-02T09:00:00Z,2026-03-02T09:21:50Z,auth,auth_enUS_labelerexp,at://did:plc:4aixc3oa6qzvucxcvkg3oyqg/app.bsky.feed.post/3mg2wa3cal52n,0,0,0,0
a4898e85b84e4b85ae1aa754c2f58eb9,2026-03-02T09:00:00Z,2026-03-02T09:21:50Z,auth,auth_enUS_labelerexp,at://did:plc:4aixc3oa6qzvucxcvkg3oyqg/app.bsky.feed.post/3mg2w5n73mr2q,0,0,0,0
a4898e85b84e4b85ae1aa754c2f58eb9,2026-03-02T09:00:00Z,2026-03-02T09:21:50Z,auth,auth_enUS_labelerexp,at://did:plc:4aixc3oa6qzvucxcvkg3oyqg/app.bsky.feed.post/3mg2w5ahnms2r,0,0,0,0
a4898e85b84e4b85ae1aa754c2f58eb9,2026-03-02T09:00:00Z,2026-03-02T09:21:50Z,auth,auth_enUS_labelerexp,at://did:plc:4aixc3oa6qzvucxcvkg3oyqg/app.bsky.feed.post/3mg2w4aa5uf2p,0,0,0,0
a4898e85b84e4b85ae1aa754c2f58eb9,2026-03-02T09:00:00Z,2026-03-02T09:21:50Z,auth,auth_enUS_labelerexp,at://did:plc:4aixc3oa6qzvucxcvkg3oyqg/app.bsky.feed.post/3mg2w3tqrli2s,0,0,0,0
a4898e85b84e4b85ae1aa754c2f58eb9,2026-03-02T09:00:00Z,2026-03-02T09:21:50Z,auth,auth_enUS_labelerexp,at://did:plc:4aixc3oa6qzvucxcvkg3oyqg/app.bsky.feed.post/3mg2w26ix3c2r,0,0,0,0
a4898e85b84e4b85ae1aa754c2f58eb9,2026-03-02T09:00:00Z,2026-03-02T09:21:50Z,auth,auth_enUS_labelerexp,at://did:plc:4aixc3oa6qzvucxcvkg3oyqg/app.bsky.feed.post/3mg2w23wwmp2g,0,0,0,0
a4898e85b84e4b85ae1aa754c2f58eb9,2026-03-02T09:00:00Z,2026-03-02T09:21:50Z,auth,auth_enUS_labelerexp,at://did:plc:4aixc3oa6qzvucxcvkg3oyqg/app.bsky.feed.post/3mg2vzrhbta2z,0,0,0,0
a4898e85b84e4b85ae1aa754c2f58eb9,2026-03-02T09:00:00Z,2026-03-02T09:21:50Z,auth,auth_enUS_labelerexp,at://did:plc:4aixc3oa6qzvucxcvkg3oyqg/app.bsky.feed.post/3mg2vyoed5c22,0,0,0,0
a4898e85b84e4b85ae1aa754c2f58eb9,2026-03-02T09:00:00Z,2026-03-02T09:21:50Z,auth,auth_enUS_labelerexp,at://did:plc:4aixc3oa6qzvucxcvkg3oyqg/app.bsky.feed.post/3mg2vylpmcw2j,0,0,0,0
a4898e85b84e4b85ae1aa754c2f58eb9,2026-03-02T09:00:00Z,2026-03-02T09:21:50Z,auth,auth_enUS_labelerexp,at://did:plc:4aixc3oa6qzvucxcvkg3oyqg/app.bsky.feed.post/3mg2vx7enbw2n,0,0,0,0
a4898e85b84e4b85ae1aa754c2f58eb9,2026-03-02T09:00:00Z,2026-03-02T09:21:50Z,auth,auth_enUS_labelerexp,at://did:plc:4aixc3oa6qzvucxcvkg3oyqg/app.bsky.feed.post/3mg2vx4mzux2j,0,0,0,0
a4898e85b84e4b85ae1aa754c2f58eb9,2026-03-02T09:00:00Z,2026-03-02T09:21:50Z,auth,auth_enUS_labelerexp,at://did:plc:4aixc3oa6qzvucxcvkg3oyqg/app.bsky.feed.post/3mg2vx2byyg2j,0,0,0,0
a4898e85b84e4b85ae1aa754c2f58eb9,2026-03-02T09:00:00Z,2026-03-02T09:21:50Z,auth,auth_enUS_labelerexp,at://did:plc:4aixc3oa6qzvucxcvkg3oyqg/app.bsky.feed.post/3mg2vwj2nay2w,0,0,0,0
a4898e85b84e4b85ae1aa754c2f58eb9,2026-03-02T09:00:00Z,2026-03-02T09:21:50Z,auth,auth_enUS_labelerexp,at://did:plc:4aixc3oa6qzvucxcvkg3oyqg/app.bsky.feed.post/3mg2vwe6mdn2p,0,0,0,0
a4898e85b84e4b85ae1aa754c2f58eb9,2026-03-02T09:00:00Z,2026-03-02T09:21:50Z,auth,auth_enUS_labelerexp,at://did:plc:4aixc3oa6qzvucxcvkg3oyqg/app.bsky.feed.post/3mg2vw4uq6z2g,0,0,0,0
a4898e85b84e4b85ae1aa754c2f58eb9,2026-03-02T09:00:00Z,2026-03-02T09:21:50Z,auth,auth_enUS_labelerexp,at://did:plc:4aixc3oa6qzvucxcvkg3oyqg/app.bsky.feed.post/3mg2vvqosud2t,0,0,0,0
a4898e85b84e4b85ae1aa754c2f58eb9,2026-03-02T09:00:00Z,2026-03-02T09:21:50Z,auth,auth_enUS_labelerexp,at://did:plc:kf6pjnmxz7heacbwfkc2jquh/app.bsky.feed.post/3mg2vvmgdfl2w,0,0,0,0
a4898e85b84e4b85ae1aa754c2f58eb9,2026-03-02T09:00:00Z,2026-03-02T09:21:50Z,auth,auth_enUS_labelerexp,at://did:plc:4aixc3oa6qzvucxcvkg3oyqg/app.bsky.feed.post/3mg2vqck65a2z,0,0,0,0
a4898e85b84e4b85ae1aa754c2f58eb9,2026-03-02T09:00:00Z,2026-03-02T09:21:50Z,auth,auth_enUS_labelerexp,at://did:plc:4aixc3oa6qzvucxcvkg3oyqg/app.bsky.feed.post/3mg2vpeo5ca2q,0,0,0,0
a4898e85b84e4b85ae1aa754c2f58eb9,2026-03-02T09:00:00Z,2026-03-02T09:21:50Z,auth,auth_enUS_labelerexp,at://did:plc:4aixc3oa6qzvucxcvkg3oyqg/app.bsky.feed.post/3mg2vobn4sd2t,0,0,0,0
a4898e85b84e4b85ae1aa754c2f58eb9,2026-03-02T09:00:00Z,2026-03-02T09:21:50Z,auth,auth_enUS_labelerexp,at://did:plc:kf6pjnmxz7heacbwfkc2jquh/app.bsky.feed.post/3mg2vmo7ltr25,0,0,0,0
a4898e85b84e4b85ae1aa754c2f58eb9,2026-03-02T09:00:00Z,2026-03-02T09:21:50Z,auth,auth_enUS_labelerexp,at://did:plc:4aixc3oa6qzvucxcvkg3oyqg/app.bsky.feed.post/3mg2vkeaqoz22,0,0,0,0
a4898e85b84e4b85ae1aa754c2f58eb9,2026-03-02T09:00:00Z,2026-03-02T09:21:50Z,auth,auth_enUS_labelerexp,at://did:plc:4aixc3oa6qzvucxcvkg3oyqg/app.bsky.feed.post/3mg2vjzuf562i,0,0,0,0
a4898e85b84e4b85ae1aa754c2f58eb9,2026-03-02T09:00:00Z,2026-03-02T09:21:50Z,auth,auth_enUS_labelerexp,at://did:plc:4aixc3oa6qzvucxcvkg3oyqg/app.bsky.feed.post/3mg2virc5nf2r,0,0,0,0
a4898e85b84e4b85ae1aa754c2f58eb9,2026-03-02T09:00:00Z,2026-03-02T09:21:50Z,auth,auth_enUS_labelerexp,at://did:plc:4aixc3oa6qzvucxcvkg3oyqg/app.bsky.feed.post/3mg2vimeom72e,0,0,0,0
a4898e85b84e4b85ae1aa754c2f58eb9,2026-03-02T09:00:00Z,2026-03-02T09:21:50Z,auth,auth_enUS_labelerexp,at://did:plc:4aixc3oa6qzvucxcvkg3oyqg/app.bsky.feed.post/3mg2vhyhkey2r,1,0,0,0
a4898e85b84e4b85ae1aa754c2f58eb9,2026-03-02T09:00:00Z,2026-03-02T09:21:50Z,auth,auth_enUS_labelerexp,at://did:plc:4aixc3oa6qzvucxcvkg3oyqg/app.bsky.feed.post/3mg2vhgupiz22,0,0,0,0
a4898e85b84e4b85ae1aa754c2f58eb9,2026-03-02T09:00:00Z,2026-03-02T09:21:50Z,auth,auth_enUS_labelerexp,at://did:plc:4aixc3oa6qzvucxcvkg3oyqg/app.bsky.feed.post/3mg2v7ujqly2n,0,0,0,0
a4898e85b84e4b85ae1aa754c2f58eb9,2026-03-02T09:00:00Z,2026-03-02T09:21:50Z,auth,auth_enUS_labelerexp,at://did:plc:4aixc3oa6qzvucxcvkg3oyqg/app.bsky.feed.post/3mg2v6wtjxr2w,0,0,0,0
a4898e85b84e4b85ae1aa754c2f58eb9,2026-03-02T09:00:00Z,2026-03-02T09:21:50Z,auth,auth_enUS_labelerexp,at://did:plc:4aixc3oa6qzvucxcvkg3oyqg/app.bsky.feed.post/3mg2v5q74sb2i,0,0,0,0
a4898e85b84e4b85ae1aa754c2f58eb9,2026-03-02T09:00:00Z,2026-03-02T09:21:50Z,auth,auth_enUS_labelerexp,at://did:plc:gvd5cqqgsrxd4wwthgojgroj/app.bsky.feed.post/3mg2v4hdeek2z,0,0,1,0
a4898e85b84e4b85ae1aa754c2f58eb9,2026-03-02T09:00:00Z,2026-03-02T09:21:50Z,auth,auth_enUS_labelerexp,at://did:plc:3lbvfqm6ki75cfmjfwrrffg2/app.bsky.feed.post/3mg2v3l7aiq2k,0,0,0,0
a4898e85b84e4b85ae1aa754c2f58eb9,2026-03-02T09:00:00Z,2026-03-02T09:21:50Z,auth,auth_enUS_labelerexp,at://did:plc:4aixc3oa6qzvucxcvkg3oyqg/app.bsky.feed.post/3mg2v23ez5r2r,0,0,0,0
a4898e85b84e4b85ae1aa754c2f58eb9,2026-03-02T09:00:00Z,2026-03-02T09:21:50Z,auth,auth_enUS_labelerexp,at://did:plc:4aixc3oa6qzvucxcvkg3oyqg/app.bsky.feed.post/3mg2uzzigo72j,0,0,0,0
a4898e85b84e4b85ae1aa754c2f58eb9,2026-03-02T09:00:00Z,2026-03-02T09:21:50Z,auth,auth_enUS_labelerexp,at://did:plc:4aixc3oa6qzvucxcvkg3oyqg/app.bsky.feed.post/3mg2uytsebi22,0,0,0,0
a4898e85b84e4b85ae1aa754c2f58eb9,2026-03-02T09:00:00Z,2026-03-02T09:21:50Z,auth,auth_enUS_labelerexp,at://did:plc:4aixc3oa6qzvucxcvkg3oyqg/app.bsky.feed.post/3mg2uymc4gy2r,0,0,0,0
a4898e85b84e4b85ae1aa754c2f58eb9,2026-03-02T09:00:00Z,2026-03-02T09:21:50Z,auth,auth_enUS_labelerexp,at://did:plc:kf6pjnmxz7heacbwfkc2jquh/app.bsky.feed.post/3mg2urtubxh2s,0,0,0,0
a4898e85b84e4b85ae1aa754c2f58eb9,2026-03-02T09:00:00Z,2026-03-02T09:21:50Z,auth,auth_enUS_labelerexp,at://did:plc:4aixc3oa6qzvucxcvkg3oyqg/app.bsky.feed.post/3mg2unyp3dz2e,0,0,0,0
a4898e85b84e4b85ae1aa754c2f58eb9,2026-03-02T09:00:00Z,2026-03-02T09:21:50Z,auth,auth_enUS_labelerexp,at://did:plc:4aixc3oa6qzvucxcvkg3oyqg/app.bsky.feed.post/3mg2unwflaa2r,0,0,0,0
a4898e85b84e4b85ae1aa754c2f58eb9,2026-03-02T09:00:00Z,2026-03-02T09:21:50Z,auth,auth_enUS_labelerexp,at://did:plc:wvkue2udygbo2cs6bwsivr4z/app.bsky.feed.post/3mg2uxv6tjj2k,0,0,0,0
a4898e85b84e4b85ae1aa754c2f58eb9,2026-03-02T09:00:00Z,2026-03-02T09:21:50Z,auth,auth_enUS_labelerexp,at://did:plc:4aixc3oa6qzvucxcvkg3oyqg/app.bsky.feed.post/3mg2umvnesz2e,0,0,0,0
a4898e85b84e4b85ae1aa754c2f58eb9,2026-03-02T09:00:00Z,2026-03-02T09:21:50Z,auth,auth_enUS_labelerexp,at://did:plc:4aixc3oa6qzvucxcvkg3oyqg/app.bsky.feed.post/3mg2umtnwxm2p,0,0,0,0
a4898e85b84e4b85ae1aa754c2f58eb9,2026-03-02T09:00:00Z,2026-03-02T09:21:50Z,auth,auth_enUS_labelerexp,at://did:plc:4aixc3oa6qzvucxcvkg3oyqg/app.bsky.feed.post/3mg2uitm7k42t,0,0,0,0
a4898e85b84e4b85ae1aa754c2f58eb9,2026-03-02T09:00:00Z,2026-03-02T09:21:50Z,auth,auth_enUS_labelerexp,at://did:plc:4aixc3oa6qzvucxcvkg3oyqg/app.bsky.feed.post/3mg2uijcfti2r,0,0,0,0
a4898e85b84e4b85ae1aa754c2f58eb9,2026-03-02T09:00:00Z,2026-03-02T09:21:50Z,auth,auth_enUS_labelerexp,at://did:plc:4aixc3oa6qzvucxcvkg3oyqg/app.bsky.feed.post/3mg2ugex52r2q,0,0,0,0
a4898e85b84e4b85ae1aa754c2f58eb9,2026-03-02T09:00:00Z,2026-03-02T09:21:50Z,auth,auth_enUS_labelerexp,at://did:plc:4aixc3oa6qzvucxcvkg3oyqg/app.bsky.feed.post/3mg2uga2hqq2g,0,0,0,0
a4898e85b84e4b85ae1aa754c2f58eb9,2026-03-02T09:00:00Z,2026-03-02T09:21:50Z,auth,auth_enUS_labelerexp,at://did:plc:4aixc3oa6qzvucxcvkg3oyqg/app.bsky.feed.post/3mg2ug5izry22,0,0,0,0
a4898e85b84e4b85ae1aa754c2f58eb9,2026-03-02T09:00:00Z,2026-03-02T09:21:50Z,auth,auth_enUS_labelerexp,at://did:plc:vjyot2w7zeomrslomwpfxirl/app.bsky.feed.post/3ldi2d22kts2i,111,17,9,4
a4898e85b84e4b85ae1aa754c2f58eb9,2026-03-02T09:00:00Z,2026-03-02T09:21:50Z,auth,auth_enUS_labelerexp,at://did:plc:y6t6nuwzxttzdfv5pabybs5v/app.bsky.feed.post/3mg2hgr5mak2j,1,0,0,0
a4898e85b84e4b85ae1aa754c2f58eb9,2026-03-02T09:00:00Z,2026-03-02T09:21:50Z,auth,auth_enUS_labelerexp,at://did:plc:ucbno6xqtgugjsyxhphbm6vd/app.bsky.feed.post/3mfzrt3ha2226,1,0,0,0
a4898e85b84e4b85ae1aa754c2f58eb9,2026-03-02T09:00:00Z,2026-03-02T09:21:50Z,auth,auth_enUS_labelerexp,at://did:plc:mjls5rzd5yotkqoekwvp5uzc/app.bsky.feed.post/3mfzem6x3uc2l,2,0,0,0
a4898e85b84e4b85ae1aa754c2f58eb9,2026-03-02T09:00:00Z,2026-03-02T09:21:50Z,auth,auth_enUS_labelerexp,at://did:plc:nzfncwzqbgea5wyttpuenbzx/app.bsky.feed.post/3mfz6grihos2w,2,0,0,0
a4898e85b84e4b85ae1aa754c2f58eb9,2026-03-02T09:00:00Z,2026-03-02T09:21:50Z,auth,auth_enUS_labelerexp,at://did:plc:ryiau5oowwbpcsflbrzngxpg/app.bsky.feed.post/3mfytawoukc2g,4,0,0,0
a4898e85b84e4b85ae1aa754c2f58eb9,2026-03-02T09:00:00Z,2026-03-02T09:21:50Z,auth,auth_enUS_labelerexp,at://did:plc:abbvzld4kpfcznytzcu6pcc3/app.bsky.feed.post/3mfxsqgd7yc2k,4,0,1,0
a4898e85b84e4b85ae1aa754c2f58eb9,2026-03-02T09:00:00Z,2026-03-02T09:21:50Z,auth,auth_enUS_labelerexp,at://did:plc:abbvzld4kpfcznytzcu6pcc3/app.bsky.feed.post/3mfxs3ixlbk2s,3,0,0,0
a4898e85b84e4b85ae1aa754c2f58eb9,2026-03-02T09:00:00Z,2026-03-02T09:21:50Z,auth,auth_enUS_labelerexp,at://did:plc:3au4hzebpceny5i2d6dbwbia/app.bsky.feed.post/3mfxod4cqzc2w,2,0,0,0
a4898e85b84e4b85ae1aa754c2f58eb9,2026-03-02T09:00:00Z,2026-03-02T09:21:50Z,auth,auth_enUS_labelerexp,at://did:plc:2atu6ny6zrmpbgxa2sg27aoq/app.bsky.feed.post/3mfwyyetdq225,3,0,0,0
a4898e85b84e4b85ae1aa754c2f58eb9,2026-03-02T09:00:00Z,2026-03-02T09:21:50Z,auth,auth_enUS_labelerexp,at://did:plc:uekx5citeghy3n4llwf5nffg/app.bsky.feed.post/3mfwy2rjdus2g,6,0,1,0
a4898e85b84e4b85ae1aa754c2f58eb9,2026-03-02T09:00:00Z,2026-03-02T09:21:50Z,auth,auth_enUS_labelerexp,at://did:plc:mjls5rzd5yotkqoekwvp5uzc/app.bsky.feed.post/3mfww4zz2y22j,0,0,0,0
a4898e85b84e4b85ae1aa754c2f58eb9,2026-03-02T09:00:00Z,2026-03-02T09:21:50Z,auth,auth_enUS_labelerexp,at://did:plc:zdrffv5z4zotk7hmgwtcjjnj/app.bsky.feed.post/3mfwjrcyxws2t,3,0,0,0
a4898e85b84e4b85ae1aa754c2f58eb9,2026-03-02T09:00:00Z,2026-03-02T09:21:50Z,auth,auth_enUS_labelerexp,at://did:plc:dvme35eklbruhu5ahi2saxc7/app.bsky.feed.post/3mfw3e3lt7s2b,0,0,0,0
a4898e85b84e4b85ae1aa754c2f58eb9,2026-03-02T09:00:00Z,2026-03-02T09:21:50Z,auth,auth_enUS_labelerexp,at://did:plc:abbvzld4kpfcznytzcu6pcc3/app.bsky.feed.post/3mfvoeg7g4s2i,6,0,0,0
a4898e85b84e4b85ae1aa754c2f58eb9,2026-03-02T09:00:00Z,2026-03-02T09:21:50Z,auth,auth_enUS_labelerexp,at://did:plc:y6t6nuwzxttzdfv5pabybs5v/app.bsky.feed.post/3mfvo7psx422l,3,0,0,0
a4898e85b84e4b85ae1aa754c2f58eb9,2026-03-02T09:00:00Z,2026-03-02T09:21:50Z,auth,auth_enUS_labelerexp,at://did:plc:vamivfvoqgb2u42goud7vnqh/app.bsky.feed.post/3mfvjgj42ak2s,6,0,0,0
a4898e85b84e4b85ae1aa754c2f58eb9,2026-03-02T09:00:00Z,2026-03-02T09:21:50Z,auth,auth_enUS_labelerexp,at://did:plc:zs7qsrxznp23evc5y7sn65q3/app.bsky.feed.post/3mfu3dijgqc2z,5,0,0,0
a4898e85b84e4b85ae1aa754c2f58eb9,2026-03-02T09:00:00Z,2026-03-02T09:21:54Z,auth,auth_enUS_labelerexp,at://did:plc:o6z7uy7wvkssfp6rt46u2kya/app.bsky.feed.post/3mg2w6rrpvc26,2,0,0,0
a4898e85b84e4b85ae1aa754c2f58eb9,2026-03-02T09:00:00Z,2026-03-02T09:21:54Z,auth,auth_enUS_labelerexp,at://did:plc:w4tchvo5g24y3zvm77yajfdh/app.bsky.feed.post/3mg2w74gw6jz2,1,0,0,0
a4898e85b84e4b85ae1aa754c2f58eb9,2026-03-02T09:00:00Z,2026-03-02T09:21:54Z,auth,auth_enUS_labelerexp,at://did:plc:nmm76padhtj53d2v73pdqk2p/app.bsky.feed.post/3mg2w75avjp2g,1,0,0,0
a4898e85b84e4b85ae1aa754c2f58eb9,2026-03-02T09:00:00Z,2026-03-02T09:21:54Z,auth,auth_enUS_labelerexp,at://did:plc:yikbnfsalvdyjes7a4ogolcs/app.bsky.feed.post/3mg2w6ss32c2o,1,0,0,0
a4898e85b84e4b85ae1aa754c2f58eb9,2026-03-02T09:00:00Z,2026-03-02T09:21:54Z,auth,auth_enUS_labelerexp,at://did:plc:ktarxzl422eep2stojwo52uk/app.bsky.feed.post/3mg2w6obmy22l,0,0,0,0
a4898e85b84e4b85ae1aa754c2f58eb9,2026-03-02T09:00:00Z,2026-03-02T09:21:54Z,auth,auth_enUS_labelerexp,at://did:plc:rihyq5kbb7n2uxl7k6ncsbtu/app.bsky.feed.post/3mg2w6enyas2y,1,0,0,0
a4898e85b84e4b85ae1aa754c2f58eb9,2026-03-02T09:00:00Z,2026-03-02T09:21:54Z,auth,auth_enUS_labelerexp,at://did:plc:jip46bg7xbhrup4xknyebpq3/app.bsky.feed.post/3mg2w6be2m22l,1,0,0,0
a4898e85b84e4b85ae1aa754c2f58eb9,2026-03-02T09:00:00Z,2026-03-02T09:21:54Z,auth,auth_enUS_labelerexp,at://did:plc:6rorctfwzyrvgrch2zga6gtb/app.bsky.feed.post/3mg2w5oesxn2n,1,0,0,0
a4898e85b84e4b85ae1aa754c2f58eb9,2026-03-02T09:00:00Z,2026-03-02T09:21:54Z,auth,auth_enUS_labelerexp,at://did:plc:5bhx2e55yu4hyx5v27jk4emk/app.bsky.feed.post/3mg2w4yprg462,1,0,0,0
a4898e85b84e4b85ae1aa754c2f58eb9,2026-03-02T09:00:00Z,2026-03-02T09:21:54Z,auth,auth_enUS_labelerexp,at://did:plc:dxpihakn2yvw5p6g4nvlisdo/app.bsky.feed.post/3mg2w4xfaus2v,0,0,0,0
a4898e85b84e4b85ae1aa754c2f58eb9,2026-03-02T09:00:00Z,2026-03-02T09:21:54Z,auth,auth_enUS_labelerexp,at://did:plc:ln6p52w5jo3nfscxac2umyts/app.bsky.feed.post/3mg2w4gxfq22j,1,0,0,0
a4898e85b84e4b85ae1aa754c2f58eb9,2026-03-02T09:00:00Z,2026-03-02T09:21:54Z,auth,auth_enUS_labelerexp,at://did:plc:amovmlihqk3vkqhsmesxihhr/app.bsky.feed.post/3mg2w3uepswb2,1,1,0,0
a4898e85b84e4b85ae1aa754c2f58eb9,2026-03-02T09:00:00Z,2026-03-02T09:21:54Z,auth,auth_enUS_labelerexp,at://did:plc:4kybvvlvj4schops6f6vgt4s/app.bsky.feed.post/3mg2w3o7cwdz2,1,0,0,0
a4898e85b84e4b85ae1aa754c2f58eb9,2026-03-02T09:00:00Z,2026-03-02T09:21:54Z,auth,auth_enUS_labelerexp,at://did:plc:ajorsra624qkxswqve24ge7h/app.bsky.feed.post/3mg2w3ibqnc2f,1,0,0,0
a4898e85b84e4b85ae1aa754c2f58eb9,2026-03-02T09:00:00Z,2026-03-02T09:21:54Z,auth,auth_enUS_labelerexp,at://did:plc:qv7kpc3zauddakje5epmgqsw/app.bsky.feed.post/3mg2w2t4hs22i,1,0,0,0
a4898e85b84e4b85ae1aa754c2f58eb9,2026-03-02T09:00:00Z,2026-03-02T09:21:54Z,auth,auth_enUS_labelerexp,at://did:plc:esbwiha45w6feihnd5oznnfu/app.bsky.feed.post/3mg2w2orgl52f,1,0,0,1
a4898e85b84e4b85ae1aa754c2f58eb9,2026-03-02T09:00:00Z,2026-03-02T09:21:54Z,auth,auth_enUS_labelerexp,at://did:plc:l6gzshn5uq3dm7txecugrolh/app.bsky.feed.post/3mg2w2534is2y,1,0,0,0
a4898e85b84e4b85ae1aa754c2f58eb9,2026-03-02T09:00:00Z,2026-03-02T09:21:54Z,auth,auth_enUS_labelerexp,at://did:plc:7qhzxf4z5od3i32bzv4fvja6/app.bsky.feed.post/3mg2vza4elp2t,0,0,0,0
a4898e85b84e4b85ae1aa754c2f58eb9,2026-03-02T09:00:00Z,2026-03-02T09:21:54Z,auth,auth_enUS_labelerexp,at://did:plc:u3ekte4zakzjut4go7ljemy2/app.bsky.feed.post/3mg2vz7rljk2l,1,0,0,0
a4898e85b84e4b85ae1aa754c2f58eb9,2026-03-02T09:00:00Z,2026-03-02T09:21:54Z,auth,auth_enUS_labelerexp,at://did:plc:uuqr5xn5wrvaayvs477oxqgm/app.bsky.feed.post/3mg2vz5cka52e,1,0,0,0
a4898e85b84e4b85ae1aa754c2f58eb9,2026-03-02T09:00:00Z,2026-03-02T09:21:54Z,auth,auth_enUS_labelerexp,at://did:plc:wkkoouhkxetnrgok43uxcdoo/app.bsky.feed.post/3mg2vyg42hk2h,0,0,0,0
a4898e85b84e4b85ae1aa754c2f58eb9,2026-03-02T09:00:00Z,2026-03-02T09:21:54Z,auth,auth_enUS_labelerexp,at://did:plc:wqqcj7vli7ekkomyq4llokcz/app.bsky.feed.post/3mg2vv2jwhi32,1,0,0,0
a4898e85b84e4b85ae1aa754c2f58eb9,2026-03-02T09:00:00Z,2026-03-02T09:21:54Z,auth,auth_enUS_labelerexp,at://did:plc:zjqx5mce5io6m5uq2akrvc7f/app.bsky.feed.post/3mg2vttuwzc2b,0,0,0,0
a4898e85b84e4b85ae1aa754c2f58eb9,2026-03-02T09:00:00Z,2026-03-02T09:21:54Z,auth,auth_enUS_labelerexp,at://did:plc:pszyiaekrpbbj6dsp2sj4g77/app.bsky.feed.post/3mg2vtkbjnj2j,1,0,0,0
a4898e85b84e4b85ae1aa754c2f58eb9,2026-03-02T09:00:00Z,2026-03-02T09:21:54Z,auth,auth_enUS_labelerexp,at://did:plc:cy3amzfjm5gxaihhg4ajxpic/app.bsky.feed.post/3mg2vsnfkajo2,1,0,0,0
a4898e85b84e4b85ae1aa754c2f58eb9,2026-03-02T09:00:00Z,2026-03-02T09:21:54Z,auth,auth_enUS_labelerexp,at://did:plc:4d67w6c276yqcoqk6otnjftj/app.bsky.feed.post/3mg2vsiax5c2d,1,0,0,0
a4898e85b84e4b85ae1aa754c2f58eb9,2026-03-02T09:00:00Z,2026-03-02T09:21:54Z,auth,auth_enUS_labelerexp,at://did:plc:hfmk3gjdzo5lfl4ke2ueph2r/app.bsky.feed.post/3mg2vsa6sfk2s,1,0,0,0
a4898e85b84e4b85ae1aa754c2f58eb9,2026-03-02T09:00:00Z,2026-03-02T09:21:54Z,auth,auth_enUS_labelerexp,at://did:plc:esp7k64ezbqmsfbs72nxmim6/app.bsky.feed.post/3mg2vschtcs2t,1,0,0,0
a4898e85b84e4b85ae1aa754c2f58eb9,2026-03-02T09:00:00Z,2026-03-02T09:21:54Z,auth,auth_enUS_labelerexp,at://did:plc:gb46ywijiiqnspjwkknhfavv/app.bsky.feed.post/3mg2vs5w57c22,5,0,1,0
a4898e85b84e4b85ae1aa754c2f58eb9,2026-03-02T09:00:00Z,2026-03-02T09:21:54Z,auth,auth_enUS_labelerexp,at://did:plc:pjs2xc6og3yj56dyhfyoirae/app.bsky.feed.post/3mg2vqsnfok2b,1,0,0,0
a4898e85b84e4b85ae1aa754c2f58eb9,2026-03-02T09:00:00Z,2026-03-02T09:21:54Z,auth,auth_enUS_labelerexp,at://did:plc:spnwjcwmpgcmaebzqckqhqs7/app.bsky.feed.post/3mg2vrw2w5c2x,0,0,0,0
a4898e85b84e4b85ae1aa754c2f58eb9,2026-03-02T09:00:00Z,2026-03-02T09:21:54Z,auth,auth_enUS_labelerexp,at://did:plc:f3c3z6ozbh7fpjii37iwh5vm/app.bsky.feed.post/3mg2vrpo4gk2a,1,0,0,0
a4898e85b84e4b85ae1aa754c2f58eb9,2026-03-02T09:00:00Z,2026-03-02T09:21:54Z,auth,auth_enUS_labelerexp,at://did:plc:ri22gt4kjw5hogyslzp3sbgm/app.bsky.feed.post/3mg2vrfk3c22p,0,0,0,0
a4898e85b84e4b85ae1aa754c2f58eb9,2026-03-02T09:00:00Z,2026-03-02T09:21:54Z,auth,auth_enUS_labelerexp,at://did:plc:oecbyepsgilwymq7b3v7f6ys/app.bsky.feed.post/3mg2z2anwts2i,2,0,0,0
a4898e85b84e4b85ae1aa754c2f58eb9,2026-03-02T09:00:00Z,2026-03-02T09:21:54Z,auth,auth_enUS_labelerexp,at://did:plc:omjodow3ards6jzufxs62wif/app.bsky.feed.post/3mg2vr5uxk22c,2,0,0,0
a4898e85b84e4b85ae1aa754c2f58eb9,2026-03-02T09:00:00Z,2026-03-02T09:21:54Z,auth,auth_enUS_labelerexp,at://did:plc:klvbv5j3jv6y5rd6q6bxupkc/app.bsky.feed.post/3mg2vpubuss2b,1,0,0,0
a4898e85b84e4b85ae1aa754c2f58eb9,2026-03-02T09:00:00Z,2026-03-02T09:21:54Z,auth,auth_enUS_labelerexp,at://did:plc:n7prbpbrwyz2dycn7fetqufe/app.bsky.feed.post/3mg2vpvar3v23,2,0,0,0
a4898e85b84e4b85ae1aa754c2f58eb9,2026-03-02T09:00:00Z,2026-03-02T09:21:54Z,auth,auth_enUS_labelerexp,at://did:plc:yrzfp3bfa72ywpk2igva2y7q/app.bsky.feed.post/3mg2vplidzk2a,2,0,0,0
a4898e85b84e4b85ae1aa754c2f58eb9,2026-03-02T09:00:00Z,2026-03-02T09:21:54Z,auth,auth_enUS_labelerexp,at://did:plc:tlkcbmxsjkg42v7k5drjbz5m/app.bsky.feed.post/3mg2vonxgg72w,2,0,0,0
a4898e85b84e4b85ae1aa754c2f58eb9,2026-03-02T09:00:00Z,2026-03-02T09:21:54Z,auth,auth_enUS_labelerexp,at://did:plc:2to7vhycsyx44442v5o34n5x/app.bsky.feed.post/3mg2vo7u3ec2i,2,0,0,0
a4898e85b84e4b85ae1aa754c2f58eb9,2026-03-02T09:00:00Z,2026-03-02T09:21:54Z,auth,auth_enUS_labelerexp,at://did:plc:vwi2xacod5cjcc5sjf7xhta7/app.bsky.feed.post/3mg2vnsw7neo2,2,0,0,0
a4898e85b84e4b85ae1aa754c2f58eb9,2026-03-02T09:00:00Z,2026-03-02T09:21:54Z,auth,auth_enUS_labelerexp,at://did:plc:ajxon7mryraw5ycg5bkom72e/app.bsky.feed.post/3mg2vnm36nl42,2,0,1,0
a4898e85b84e4b85ae1aa754c2f58eb9,2026-03-02T09:00:00Z,2026-03-02T09:21:54Z,auth,auth_enUS_labelerexp,at://did:plc:gjyqbcn2sd2khlq4jcycijkp/app.bsky.feed.post/3mg2vnkzlzcr2,2,0,0,0
a4898e85b84e4b85ae1aa754c2f58eb9,2026-03-02T09:00:00Z,2026-03-02T09:21:54Z,auth,auth_enUS_labelerexp,at://did:plc:fepijddisyvs5j4muicqqk32/app.bsky.feed.post/3mg2vmsb2v52t,2,0,0,0
a4898e85b84e4b85ae1aa754c2f58eb9,2026-03-02T09:00:00Z,2026-03-02T09:21:54Z,auth,auth_enUS_labelerexp,at://did:plc:tmu4ppt3ltj3mddocupsvg4z/app.bsky.feed.post/3mg2vmhyn4m2c,2,0,0,0
a4898e85b84e4b85ae1aa754c2f58eb9,2026-03-02T09:00:00Z,2026-03-02T09:21:54Z,auth,auth_enUS_labelerexp,at://did:plc:wbrqwv6z4ythz3qsl7nwkvek/app.bsky.feed.post/3mg2vlzq4c342,1,0,0,0
a4898e85b84e4b85ae1aa754c2f58eb9,2026-03-02T09:00:00Z,2026-03-02T09:21:54Z,auth,auth_enUS_labelerexp,at://did:plc:lkc5cyl6mqgcb6m3kgbylprx/app.bsky.feed.post/3mg2vlvtz4ir2,0,0,0,0
a4898e85b84e4b85ae1aa754c2f58eb9,2026-03-02T09:00:00Z,2026-03-02T09:21:54Z,auth,auth_enUS_labelerexp,at://did:plc:g4mmonvvdl6x4xlu7h7gwiwu/app.bsky.feed.post/3mg2vliqwv22b,2,0,0,0
a4898e85b84e4b85ae1aa754c2f58eb9,2026-03-02T09:00:00Z,2026-03-02T09:21:54Z,auth,auth_enUS_labelerexp,at://did:plc:lt2nezmbryfqz3qb2nsfku4j/app.bsky.feed.post/3mg2vkgt7ps2e,2,0,0,0
a4898e85b84e4b85ae1aa754c2f58eb9,2026-03-02T09:00:00Z,2026-03-02T09:21:54Z,auth,auth_enUS_labelerexp,at://did:plc:nzbj2guebdst6rdbf4c423mw/app.bsky.feed.post/3mg2vjwp7nrr2,2,0,0,0
