run_id,snapshot_hour_utc,captured_at_utc,viewer_mode,vantage_id,feed_uri,bucket,rank,post_uri,post_cid,author_did,author_handle,reason_type,reason_actor_did
a949065f32574c619dbbb6c2602d9a19,2026-02-24T02:00:00Z,2026-02-24T02:12:00Z,auth,auth_enUS_labelerexp,at://did:plc:3yre25vmyrxl5ukvds223gha/app.bsky.feed.generator/aaacxwl2iuuj6,suggested_labelerexp,1,at://did:plc:3yre25vmyrxl5ukvds223gha/app.bsky.feed.post/3lkav4r627k2j,bafyreig4xgwitfp4sjhfvziqik6ziujcxzoxaldicfflsktvpucnrd6zli,did:plc:3yre25vmyrxl5ukvds223gha,pixiegirlcam.bsky.social,,
a949065f32574c619dbbb6c2602d9a19,2026-02-24T02:00:00Z,2026-02-24T02:12:00Z,auth,auth_enUS_labelerexp,at://did:plc:3yre25vmyrxl5ukvds223gha/app.bsky.feed.generator/aaacxwl2iuuj6,suggested_labelerexp,2,at://did:plc:p73seh4ghgthjacaumcdl7za/app.bsky.feed.post/3mfjwvbms7k2t,bafyreieeuneszldapnsz35jp34gxf5gl5idbgj6tkz6juee3f4bjuhdl4a,did:plc:p73seh4ghgthjacaumcdl7za,killermask.bsky.social,,
a949065f32574c619dbbb6c2602d9a19,2026-02-24T02:00:00Z,2026-02-24T02:12:00Z,auth,auth_enUS_labelerexp,at://did:plc:3yre25vmyrxl5ukvds223gha/app.bsky.feed.generator/aaacxwl2iuuj6,suggested_labelerexp,3,at://did:plc:va2ddwup34vunnoajlnoxjgz/app.bsky.feed.post/3mfjvo2vr7c24,bafyreiatpg2lqsvpdrkjlomzh3e7roamg7kajvxp36tvei6mfwjhbw4qq4,did:plc:va2ddwup34vunnoajlnoxjgz,tatianavex.bsky.social,,
a949065f32574c619dbbb6c2602d9a19,2026-02-24T02:00:00Z,2026-02-24T02:12:00Z,auth,auth_enUS_labelerexp,at://did:plc:3yre25vmyrxl5ukvds223gha/app.bsky.feed.generator/aaacxwl2iuuj6,suggested_labelerexp,4,at://did:plc:lg5ubh3ryod4w2mwlnxumfk3/app.bsky.feed.post/3mfjicuwrtz2y,bafyreianzt3smogcioyscjddrj2ylirp3kgpns7ubers726esfk6dcbfja,did:plc:lg5ubh3ryod4w2mwlnxumfk3,alexalouise.bsky.social,,
a949065f32574c619dbbb6c2602d9a19,2026-02-24T02:00:00Z,2026-02-24T02:12:00Z,auth,auth_enUS_labelerexp,at://did:plc:3yre25vmyrxl5ukvds223gha/app.bsky.feed.generator/aaacxwl2iuuj6,suggested_labelerexp,5,at://did:plc:gw4m4yvv6tqx3v5wvyttgkpt/app.bsky.feed.post/3mfhzscakga2u,bafyreidapgjbyidbr7o7kjtxpm7rkrnspa52q6kxrht4bv5ijb7bcovfci,did:plc:gw4m4yvv6tqx3v5wvyttgkpt,kyliekayy.bsky.social,,
a949065f32574c619dbbb6c2602d9a19,2026-02-24T02:00:00Z,2026-02-24T02:12:00Z,auth,auth_enUS_labelerexp,at://did:plc:3yre25vmyrxl5ukvds223gha/app.bsky.feed.generator/aaacxwl2iuuj6,suggested_labelerexp,6,at://did:plc:lg5ubh3ryod4w2mwlnxumfk3/app.bsky.feed.post/3mfhk2nvrev2l,bafyreidqpyouxtmurs4fjr3wrv3c54yd53cypkiikugxx5xaftrefwfeiu,did:plc:lg5ubh3ryod4w2mwlnxumfk3,alexalouise.bsky.social,,
a949065f32574c619dbbb6c2602d9a19,2026-02-24T02:00:00Z,2026-02-24T02:12:00Z,auth,auth_enUS_labelerexp,at://did:plc:3yre25vmyrxl5ukvds223gha/app.bsky.feed.generator/aaacxwl2iuuj6,suggested_labelerexp,7,at://did:plc:cixnk5tla2bsgt5oiuh7h5qs/app.bsky.feed.post/3mfgcqlfgts2d,bafyreiesnwukiom7uqzmwyomotvscb562um3io7bj35uqonzg6a3hrku74,did:plc:cixnk5tla2bsgt5oiuh7h5qs,exitritual.bsky.social,,
a949065f32574c619dbbb6c2602d9a19,2026-02-24T02:00:00Z,2026-02-24T02:12:00Z,auth,auth_enUS_labelerexp,at://did:plc:3yre25vmyrxl5ukvds223gha/app.bsky.feed.generator/aaacxwl2iuuj6,suggested_labelerexp,8,at://did:plc:syijvilo5leepzzuy7d3bdkr/app.bsky.feed.post/3mffuv7i43k2u,bafyreicxgbycgyrbx74dtwdjn6ccdj54pufdwrz6wof7uucsnugmxnvrai,did:plc:syijvilo5leepzzuy7d3bdkr,collaredclown.bsky.social,,
a949065f32574c619dbbb6c2602d9a19,2026-02-24T02:00:00Z,2026-02-24T02:12:00Z,auth,auth_enUS_labelerexp,at://did:plc:3yre25vmyrxl5ukvds223gha/app.bsky.feed.generator/aaacxwl2iuuj6,suggested_labelerexp,9,at://did:plc:lg5ubh3ryod4w2mwlnxumfk3/app.bsky.feed.post/3mff5qfbvy42c,bafyreibifgqitbny7r2sa4i7as34bp4h7tsvgdztfyqg2pamiuosobfiw4,did:plc:lg5ubh3ryod4w2mwlnxumfk3,alexalouise.bsky.social,,
a949065f32574c619dbbb6c2602d9a19,2026-02-24T02:00:00Z,2026-02-24T02:12:00Z,auth,auth_enUS_labelerexp,at://did:plc:3yre25vmyrxl5ukvds223gha/app.bsky.feed.generator/aaacxwl2iuuj6,suggested_labelerexp,10,at://did:plc:lg5ubh3ryod4w2mwlnxumfk3/app.bsky.feed.post/3mfcmuww5ka24,bafyreido66cqxrgstw66zjz5k3kc4oluwff3d4dtwuxqdfnmfq3w3hxi6y,did:plc:lg5ubh3ryod4w2mwlnxumfk3,alexalouise.bsky.social,,
a949065f32574c619dbbb6c2602d9a19,2026-02-24T02:00:00Z,2026-02-24T02:12:00Z,auth,auth_enUS_labelerexp,at://did:plc:3yre25vmyrxl5ukvds223gha/app.bsky.feed.generator/aaacxwl2iuuj6,suggested_labelerexp,11,at://did:plc:jjgtmzm7o7gqazajpxde6gxt/app.bsky.feed.post/3mfbgrxkpyc2b,bafyreiegvob2xbwliuu6flhmlhje4tagnpijseyobpbkvm3vgk5a2lesoe,did:plc:jjgtmzm7o7gqazajpxde6gxt,pottedherb.bsky.social,,
a949065f32574c619dbbb6c2602d9a19,2026-02-24T02:00:00Z,2026-02-24T02:12:00Z,auth,auth_enUS_labelerexp,at://did:plc:3yre25vmyrxl5ukvds223gha/app.bsky.feed.generator/aaacxwl2iuuj6,suggested_labelerexp,12,at://did:plc:s5i4rltqbwgogplu2j6blniu/app.bsky.feed.post/3mfau7gzizs2c,bafyreifgsds5qsh4mub25imvww2ylkpkqkn3kzvap3ofc4tnv5acpaqnpu,did:plc:s5i4rltqbwgogplu2j6blniu,luciddream-exe.bsky.social,,
a949065f32574c619dbbb6c2602d9a19,2026-02-24T02:00:00Z,2026-02-24T02:12:00Z,auth,auth_enUS_labelerexp,at://did:plc:3yre25vmyrxl5ukvds223gha/app.bsky.feed.generator/aaacxwl2iuuj6,suggested_labelerexp,13,at://did:plc:gw4m4yvv6tqx3v5wvyttgkpt/app.bsky.feed.post/3mfaifjzpd52n,bafyreihikjated26bhehlo4ota4tnga7kgihzrqbstzs3dqg44tmhtx7kq,did:plc:gw4m4yvv6tqx3v5wvyttgkpt,kyliekayy.bsky.social,,
a949065f32574c619dbbb6c2602d9a19,2026-02-24T02:00:00Z,2026-02-24T02:12:00Z,auth,auth_enUS_labelerexp,at://did:plc:3yre25vmyrxl5ukvds223gha/app.bsky.feed.generator/aaacxwl2iuuj6,suggested_labelerexp,14,at://did:plc:syijvilo5leepzzuy7d3bdkr/app.bsky.feed.post/3mfa2xilhps2g,bafyreihczdudmbkk2k7wdfhy7xtv26n2hpjmckqhxp4mpm5qrvqcpxpd7a,did:plc:syijvilo5leepzzuy7d3bdkr,collaredclown.bsky.social,,
a949065f32574c619dbbb6c2602d9a19,2026-02-24T02:00:00Z,2026-02-24T02:12:00Z,auth,auth_enUS_labelerexp,at://did:plc:3yre25vmyrxl5ukvds223gha/app.bsky.feed.generator/aaacxwl2iuuj6,suggested_labelerexp,15,at://did:plc:hrfvga7ts2u6kdtwwdfcxrok/app.bsky.feed.post/3mf7saj7bzk2j,bafyreibhifjwo3asu6nebbi3gfrd7esnmkquxq25xmfwqmiscz6gi2gswa,did:plc:hrfvga7ts2u6kdtwwdfcxrok,xoxoaliaquinn.bsky.social,,
a949065f32574c619dbbb6c2602d9a19,2026-02-24T02:00:00Z,2026-02-24T02:12:00Z,auth,auth_enUS_labelerexp,at://did:plc:3yre25vmyrxl5ukvds223gha/app.bsky.feed.generator/aaacxwl2iuuj6,suggested_labelerexp,16,at://did:plc:va2ddwup34vunnoajlnoxjgz/app.bsky.feed.post/3mf7nlekrg523,bafyreidmrsn7dnauowjpttvxbdhve63e6iovvgvntnuwb4hkp7jsqokkrm,did:plc:va2ddwup34vunnoajlnoxjgz,tatianavex.bsky.social,,
a949065f32574c619dbbb6c2602d9a19,2026-02-24T02:00:00Z,2026-02-24T02:12:00Z,auth,auth_enUS_labelerexp,at://did:plc:3yre25vmyrxl5ukvds223gha/app.bsky.feed.generator/aaacxwl2iuuj6,suggested_labelerexp,17,at://did:plc:uvnrxnb4fvrxwf5u7mccjxao/app.bsky.feed.post/3mf6slcz5sk2b,bafyreicjl2zrxpwnetqvfhtwd3unz62n473u5xz2eejiowlvr32sk3ve7i,did:plc:uvnrxnb4fvrxwf5u7mccjxao,bunniiboi.bsky.social,,
a949065f32574c619dbbb6c2602d9a19,2026-02-24T02:00:00Z,2026-02-24T02:12:00Z,auth,auth_enUS_labelerexp,at://did:plc:3yre25vmyrxl5ukvds223gha/app.bsky.feed.generator/aaacxwl2iuuj6,suggested_labelerexp,18,at://did:plc:va2ddwup34vunnoajlnoxjgz/app.bsky.feed.post/3mf66nqghqd2r,bafyreicm4al2mfbxfibygdi3dax6a3r7idk7hxuwmlup4l4rbp2txakcmq,did:plc:va2ddwup34vunnoajlnoxjgz,tatianavex.bsky.social,,
a949065f32574c619dbbb6c2602d9a19,2026-02-24T02:00:00Z,2026-02-24T02:12:00Z,auth,auth_enUS_labelerexp,at://did:plc:3yre25vmyrxl5ukvds223gha/app.bsky.feed.generator/aaacxwl2iuuj6,suggested_labelerexp,19,at://did:plc:va2ddwup34vunnoajlnoxjgz/app.bsky.feed.post/3mf5kmab3l22p,bafyreie2n2x4qjxsry6ycixjnoxj4mq6g7e4kthip23rs5wlgp2ododtfm,did:plc:va2ddwup34vunnoajlnoxjgz,tatianavex.bsky.social,,
a949065f32574c619dbbb6c2602d9a19,2026-02-24T02:00:00Z,2026-02-24T02:12:00Z,auth,auth_enUS_labelerexp,at://did:plc:3yre25vmyrxl5ukvds223gha/app.bsky.feed.generator/aaacxwl2iuuj6,suggested_labelerexp,20,at://did:plc:hrfvga7ts2u6kdtwwdfcxrok/app.bsky.feed.post/3mf5forf7bk24,bafyreidfdy3imx45u4e3oh4f233wdamvmgn3myrq4qmkslhvau5rxfmwwu,did:plc:hrfvga7ts2u6kdtwwdfcxrok,xoxoaliaquinn.bsky.social,,
a949065f32574c619dbbb6c2602d9a19,2026-02-24T02:00:00Z,2026-02-24T02:12:00Z,auth,auth_enUS_labelerexp,at://did:plc:3yre25vmyrxl5ukvds223gha/app.bsky.feed.generator/aaacxwl2iuuj6,suggested_labelerexp,21,at://did:plc:p73seh4ghgthjacaumcdl7za/app.bsky.feed.post/3mf5amapg7c2d,bafyreiafz5qe6pelwyff2sjxpwcauyinpf6swgri54q2q6p4rfuetip66u,did:plc:p73seh4ghgthjacaumcdl7za,killermask.bsky.social,,
a949065f32574c619dbbb6c2602d9a19,2026-02-24T02:00:00Z,2026-02-24T02:12:00Z,auth,auth_enUS_labelerexp,at://did:plc:3yre25vmyrxl5ukvds223gha/app.bsky.feed.generator/aaacxwl2iuuj6,suggested_labelerexp,22,at://did:plc:va2ddwup34vunnoajlnoxjgz/app.bsky.feed.post/3mf557c7nti2r,bafyreigb3wcb6l2342s5rnt5h7achchbt6hskyz7r57dfrtxnmxe5qykme,did:plc:va2ddwup34vunnoajlnoxjgz,tatianavex.bsky.social,,
a949065f32574c619dbbb6c2602d9a19,2026-02-24T02:00:00Z,2026-02-24T02:12:00Z,auth,auth_enUS_labelerexp,at://did:plc:3yre25vmyrxl5ukvds223gha/app.bsky.feed.generator/aaacxwl2iuuj6,suggested_labelerexp,23,at://did:plc:7t4go4q7n62hm5fmfgkmfl3n/app.bsky.feed.post/3mf3w5gf4qk2h,bafyreiantthfksx2vnu3tsug6kxfzznzofinbzqj5axudcvjkjvxz2dnri,did:plc:7t4go4q7n62hm5fmfgkmfl3n,jaylynnstarke.bsky.social,,
a949065f32574c619dbbb6c2602d9a19,2026-02-24T02:00:00Z,2026-02-24T02:12:00Z,auth,auth_enUS_labelerexp,at://did:plc:3yre25vmyrxl5ukvds223gha/app.bsky.feed.generator/aaacxwl2iuuj6,suggested_labelerexp,24,at://did:plc:jjgtmzm7o7gqazajpxde6gxt/app.bsky.feed.post/3mf3gmqyygk2n,bafyreifjqpo4wgwhhxxq5yxjfxmtwxvgmnare2633joq5y4h2gzad7ls2q,did:plc:jjgtmzm7o7gqazajpxde6gxt,pottedherb.bsky.social,,
a949065f32574c619dbbb6c2602d9a19,2026-02-24T02:00:00Z,2026-02-24T02:12:00Z,auth,auth_enUS_labelerexp,at://did:plc:3yre25vmyrxl5ukvds223gha/app.bsky.feed.generator/aaacxwl2iuuj6,suggested_labelerexp,25,at://did:plc:syijvilo5leepzzuy7d3bdkr/app.bsky.feed.post/3mf37exir3k2w,bafyreia77dqwwdbuyk4cytghzyikgawiivw5h2qd7pljg63oomoprd6qhi,did:plc:syijvilo5leepzzuy7d3bdkr,collaredclown.bsky.social,,
a949065f32574c619dbbb6c2602d9a19,2026-02-24T02:00:00Z,2026-02-24T02:12:00Z,auth,auth_enUS_labelerexp,at://did:plc:3yre25vmyrxl5ukvds223gha/app.bsky.feed.generator/aaacxwl2iuuj6,suggested_labelerexp,26,at://did:plc:syijvilo5leepzzuy7d3bdkr/app.bsky.feed.post/3mf34q7sthk2j,bafyreibiiihh7qnf4wbczas5fg2q3nuplr6m4sngdytbsta6f5pbm3yyki,did:plc:syijvilo5leepzzuy7d3bdkr,collaredclown.bsky.social,,
a949065f32574c619dbbb6c2602d9a19,2026-02-24T02:00:00Z,2026-02-24T02:12:00Z,auth,auth_enUS_labelerexp,at://did:plc:3yre25vmyrxl5ukvds223gha/app.bsky.feed.generator/aaacxwl2iuuj6,suggested_labelerexp,27,at://did:plc:va2ddwup34vunnoajlnoxjgz/app.bsky.feed.post/3mf325gtih62j,bafyreiceb6idmo5jmsww7tia4bniupzr6lav2fu7ciq3uwysmxcpv77o3i,did:plc:va2ddwup34vunnoajlnoxjgz,tatianavex.bsky.social,,
a949065f32574c619dbbb6c2602d9a19,2026-02-24T02:00:00Z,2026-02-24T02:12:00Z,auth,auth_enUS_labelerexp,at://did:plc:3yre25vmyrxl5ukvds223gha/app.bsky.feed.generator/aaacxwl2iuuj6,suggested_labelerexp,28,at://did:plc:hrfvga7ts2u6kdtwwdfcxrok/app.bsky.feed.post/3mf2yolzvc22u,bafyreidw55mpxg6noxkjqb5zci5h6b25zyh6vt43zo23ip4szfc53f2dgm,did:plc:hrfvga7ts2u6kdtwwdfcxrok,xoxoaliaquinn.bsky.social,,
a949065f32574c619dbbb6c2602d9a19,2026-02-24T02:00:00Z,2026-02-24T02:12:00Z,auth,auth_enUS_labelerexp,at://did:plc:3yre25vmyrxl5ukvds223gha/app.bsky.feed.generator/aaacxwl2iuuj6,suggested_labelerexp,29,at://did:plc:p73seh4ghgthjacaumcdl7za/app.bsky.feed.post/3mf2xbyajps2i,bafyreihhimmolsgqywdn7vdfvbynkhttybfs6wttm5s6gzvpwiuu5e65ni,did:plc:p73seh4ghgthjacaumcdl7za,killermask.bsky.social,,
a949065f32574c619dbbb6c2602d9a19,2026-02-24T02:00:00Z,2026-02-24T02:12:00Z,auth,auth_enUS_labelerexp,at://did:plc:3yre25vmyrxl5ukvds223gha/app.bsky.feed.generator/aaacxwl2iuuj6,suggested_labelerexp,30,at://did:plc:gw4m4yvv6tqx3v5wvyttgkpt/app.bsky.feed.post/3meywyzlwhc2c,bafyreihnu23xsy2f7jx5ipyj5kejlk7gu2nmxjzcowbmpl5vma2zgp2nne,did:plc:gw4m4yvv6tqx3v5wvyttgkpt,kyliekayy.bsky.social,,
a949065f32574c619dbbb6c2602d9a19,2026-02-24T02:00:00Z,2026-02-24T02:12:00Z,auth,auth_enUS_labelerexp,at://did:plc:3yre25vmyrxl5ukvds223gha/app.bsky.feed.generator/aaacxwl2iuuj6,suggested_labelerexp,31,at://did:plc:va2ddwup34vunnoajlnoxjgz/app.bsky.feed.post/3meyjojno2n2g,bafyreih2acggduzsxlz52v4y3s22ysw7ezte3xoh6ncgsb64ytj4x4lsx4,did:plc:va2ddwup34vunnoajlnoxjgz,tatianavex.bsky.social,,
a949065f32574c619dbbb6c2602d9a19,2026-02-24T02:00:00Z,2026-02-24T02:12:00Z,auth,auth_enUS_labelerexp,at://did:plc:3yre25vmyrxl5ukvds223gha/app.bsky.feed.generator/aaacxwl2iuuj6,suggested_labelerexp,32,at://did:plc:urgnc7sej2uw227nyb7yfxtl/app.bsky.feed.post/3meyh32lf6c2y,bafyreieg3j473nmbknu3lsca2r4dqnfuq57ftqqojmsrwqcqhok2sexwp4,did:plc:urgnc7sej2uw227nyb7yfxtl,manicmothowo.bsky.social,,
a949065f32574c619dbbb6c2602d9a19,2026-02-24T02:00:00Z,2026-02-24T02:12:00Z,auth,auth_enUS_labelerexp,at://did:plc:3yre25vmyrxl5ukvds223gha/app.bsky.feed.generator/aaacxwl2iuuj6,suggested_labelerexp,33,at://did:plc:va2ddwup34vunnoajlnoxjgz/app.bsky.feed.post/3mey4beiq5x2v,bafyreiddkynzt4t3qch7rbsz6qikqsp7hzvvd5bbi2krrmtzj3leqmcm64,did:plc:va2ddwup34vunnoajlnoxjgz,tatianavex.bsky.social,,
a949065f32574c619dbbb6c2602d9a19,2026-02-24T02:00:00Z,2026-02-24T02:12:00Z,auth,auth_enUS_labelerexp,at://did:plc:3yre25vmyrxl5ukvds223gha/app.bsky.feed.generator/aaacxwl2iuuj6,suggested_labelerexp,34,at://did:plc:tp7ppz6a3eyduaw4z6kp3k2k/app.bsky.feed.post/3mextx4ux2s2l,bafyreiedpznlge7rcryrqdsyshhy27fuowgu3czhghqwfdbjqbmmqqozlu,did:plc:tp7ppz6a3eyduaw4z6kp3k2k,scoobsboobs.bsky.social,,
a949065f32574c619dbbb6c2602d9a19,2026-02-24T02:00:00Z,2026-02-24T02:12:00Z,auth,auth_enUS_labelerexp,at://did:plc:3yre25vmyrxl5ukvds223gha/app.bsky.feed.generator/aaacxwl2iuuj6,suggested_labelerexp,35,at://did:plc:va2ddwup34vunnoajlnoxjgz/app.bsky.feed.post/3mevz7mkuhl2y,bafyreiddjo6fjnkxlaq4q3pgr4pfhlzoegz54lkg3k5jt5m36x2w3gljce,did:plc:va2ddwup34vunnoajlnoxjgz,tatianavex.bsky.social,,
a949065f32574c619dbbb6c2602d9a19,2026-02-24T02:00:00Z,2026-02-24T02:12:00Z,auth,auth_enUS_labelerexp,at://did:plc:3yre25vmyrxl5ukvds223gha/app.bsky.feed.generator/aaacxwl2iuuj6,suggested_labelerexp,36,at://did:plc:7t4go4q7n62hm5fmfgkmfl3n/app.bsky.feed.post/3meu2buiiys23,bafyreihhvfr3q525gmnhno5dw2ffrethzrmd5f5kg4ujs2qxekm673vqyq,did:plc:7t4go4q7n62hm5fmfgkmfl3n,jaylynnstarke.bsky.social,,
a949065f32574c619dbbb6c2602d9a19,2026-02-24T02:00:00Z,2026-02-24T02:12:00Z,auth,auth_enUS_labelerexp,at://did:plc:3yre25vmyrxl5ukvds223gha/app.bsky.feed.generator/aaacxwl2iuuj6,suggested_labelerexp,37,at://did:plc:7jk4bbihxey2pkialuixvqbr/app.bsky.feed.post/3metl5uze5k2m,bafyreiey3ajcbus4aq3gz5bznsatsfijylog5vhrg3wl35kwqysun4hd24,did:plc:7jk4bbihxey2pkialuixvqbr,sweetbreane35.bsky.social,,
a949065f32574c619dbbb6c2602d9a19,2026-02-24T02:00:00Z,2026-02-24T02:12:00Z,auth,auth_enUS_labelerexp,at://did:plc:3yre25vmyrxl5ukvds223gha/app.bsky.feed.generator/aaacxwl2iuuj6,suggested_labelerexp,38,at://did:plc:7t4go4q7n62hm5fmfgkmfl3n/app.bsky.feed.post/3metkxkqhdk2e,bafyreifkk6nvincwxtfadngrwx6x3t5pqrxklgwsg3wuplvslnrz4axkzq,did:plc:7t4go4q7n62hm5fmfgkmfl3n,jaylynnstarke.bsky.social,,
a949065f32574c619dbbb6c2602d9a19,2026-02-24T02:00:00Z,2026-02-24T02:12:00Z,auth,auth_enUS_labelerexp,at://did:plc:3yre25vmyrxl5ukvds223gha/app.bsky.feed.generator/aaacxwl2iuuj6,suggested_labelerexp,39,at://did:plc:syijvilo5leepzzuy7d3bdkr/app.bsky.feed.post/3metj4ay7ms2l,bafyreien2xro37i4tksjepc5rxqnbnmj3yyafda2xmajsomqv5tdf2bdwi,did:plc:syijvilo5leepzzuy7d3bdkr,collaredclown.bsky.social,,
a949065f32574c619dbbb6c2602d9a19,2026-02-24T02:00:00Z,2026-02-24T02:12:00Z,auth,auth_enUS_labelerexp,at://did:plc:3yre25vmyrxl5ukvds223gha/app.bsky.feed.generator/aaacxwl2iuuj6,suggested_labelerexp,40,at://did:plc:htivkliiltysbhf3gbjl4kr5/app.bsky.feed.post/3met55sspwk23,bafyreifljj7thl4dk7svl65kfi2ixcsxg3tdqc4ymnxbbd3zymia7gzl7e,did:plc:htivkliiltysbhf3gbjl4kr5,altqueenlinda.bsky.social,,
a949065f32574c619dbbb6c2602d9a19,2026-02-24T02:00:00Z,2026-02-24T02:12:00Z,auth,auth_enUS_labelerexp,at://did:plc:3yre25vmyrxl5ukvds223gha/app.bsky.feed.generator/aaacxwl2iuuj6,suggested_labelerexp,41,at://did:plc:gw4m4yvv6tqx3v5wvyttgkpt/app.bsky.feed.post/3merflzpxgr2z,bafyreiagwlk2c6wytaozhwdflwq3pfp6wdtc3phxpnik3n4giebzxn4peq,did:plc:gw4m4yvv6tqx3v5wvyttgkpt,kyliekayy.bsky.social,,
a949065f32574c619dbbb6c2602d9a19,2026-02-24T02:00:00Z,2026-02-24T02:12:00Z,auth,auth_enUS_labelerexp,at://did:plc:3yre25vmyrxl5ukvds223gha/app.bsky.feed.generator/aaacxwl2iuuj6,suggested_labelerexp,42,at://did:plc:va2ddwup34vunnoajlnoxjgz/app.bsky.feed.post/3meqybqrsng2u,bafyreibas42t6twtdobn5voqurm62ohdkwsgmjqtbz454jpabxll27vykq,did:plc:va2ddwup34vunnoajlnoxjgz,tatianavex.bsky.social,,
a949065f32574c619dbbb6c2602d9a19,2026-02-24T02:00:00Z,2026-02-24T02:12:00Z,auth,auth_enUS_labelerexp,at://did:plc:3yre25vmyrxl5ukvds223gha/app.bsky.feed.generator/aaacxwl2iuuj6,suggested_labelerexp,43,at://did:plc:4d6zyon4dbtttvh5wfwgcbww/app.bsky.feed.post/3meqsg4ntbk24,bafyreifeevboa54cn5ls5u4ijd3nmvnipo5fbuj2gzwqparciy5bymxxqu,did:plc:4d6zyon4dbtttvh5wfwgcbww,queenpinky.bsky.social,,
a949065f32574c619dbbb6c2602d9a19,2026-02-24T02:00:00Z,2026-02-24T02:12:00Z,auth,auth_enUS_labelerexp,at://did:plc:3yre25vmyrxl5ukvds223gha/app.bsky.feed.generator/aaacxwl2iuuj6,suggested_labelerexp,44,at://did:plc:2fbsro4w5in7l3yg6wf5ccd6/app.bsky.feed.post/3meqs3ppayc24,bafyreid4shjvgt6bh4couvwjfw5fvor6e7p3ptdhaiye3ob45xsx6q3i6i,did:plc:2fbsro4w5in7l3yg6wf5ccd6,pinkbaby244.bsky.social,,
a949065f32574c619dbbb6c2602d9a19,2026-02-24T02:00:00Z,2026-02-24T02:12:00Z,auth,auth_enUS_labelerexp,at://did:plc:3yre25vmyrxl5ukvds223gha/app.bsky.feed.generator/aaacxwl2iuuj6,suggested_labelerexp,45,at://did:plc:va2ddwup34vunnoajlnoxjgz/app.bsky.feed.post/3meqkulwoyk2u,bafyreicymarqru4cjmrgzzduor46l3dzv3lxjlrhxj22no2drbw7ssrxhu,did:plc:va2ddwup34vunnoajlnoxjgz,tatianavex.bsky.social,,
a949065f32574c619dbbb6c2602d9a19,2026-02-24T02:00:00Z,2026-02-24T02:12:00Z,auth,auth_enUS_labelerexp,at://did:plc:3yre25vmyrxl5ukvds223gha/app.bsky.feed.generator/aaacxwl2iuuj6,suggested_labelerexp,46,at://did:plc:p73seh4ghgthjacaumcdl7za/app.bsky.feed.post/3meqks5t5z22g,bafyreicmdka4d7a57wplialiqa6q7toe2uyuxcztkhlt3xms2r64xkbmvq,did:plc:p73seh4ghgthjacaumcdl7za,killermask.bsky.social,,
a949065f32574c619dbbb6c2602d9a19,2026-02-24T02:00:00Z,2026-02-24T02:12:00Z,auth,auth_enUS_labelerexp,at://did:plc:3yre25vmyrxl5ukvds223gha/app.bsky.feed.generator/aaacxwl2iuuj6,suggested_labelerexp,47,at://did:plc:syijvilo5leepzzuy7d3bdkr/app.bsky.feed.post/3meopkn3nw22q,bafyreidmmsethl4x3hfi7l7sjssx2p3v6vqqpnxk5qshrtgf6jtjbpn76m,did:plc:syijvilo5leepzzuy7d3bdkr,collaredclown.bsky.social,,
a949065f32574c619dbbb6c2602d9a19,2026-02-24T02:00:00Z,2026-02-24T02:12:00Z,auth,auth_enUS_labelerexp,at://did:plc:3yre25vmyrxl5ukvds223gha/app.bsky.feed.generator/aaacxwl2iuuj6,suggested_labelerexp,48,at://did:plc:d5xieferdhknknihvk6wnpxe/app.bsky.feed.post/3meo6npfzjc2e,bafyreiftjz4jjnuyqymvcvwydtnixuqncmd7nvranonho34jhqh55jbhia,did:plc:d5xieferdhknknihvk6wnpxe,desirare18.bsky.social,,
a949065f32574c619dbbb6c2602d9a19,2026-02-24T02:00:00Z,2026-02-24T02:12:00Z,auth,auth_enUS_labelerexp,at://did:plc:3yre25vmyrxl5ukvds223gha/app.bsky.feed.generator/aaacxwl2iuuj6,suggested_labelerexp,49,at://did:plc:d5xieferdhknknihvk6wnpxe/app.bsky.feed.post/3meo6n7l2uc2y,bafyreiazn7yshmauutuggxw6vuovgogq3suds6vcseqgqijeezjokol2jy,did:plc:d5xieferdhknknihvk6wnpxe,desirare18.bsky.social,,
a949065f32574c619dbbb6c2602d9a19,2026-02-24T02:00:00Z,2026-02-24T02:12:00Z,auth,auth_enUS_labelerexp,at://did:plc:3yre25vmyrxl5ukvds223gha/app.bsky.feed.generator/aaacxwl2iuuj6,suggested_labelerexp,50,at://did:plc:d5xieferdhknknihvk6wnpxe/app.bsky.feed.post/3meo6n46rzc24,bafyreia2d5fofhi5sxllteupdp5kkbedbootlifu36b3fcm6ivii6ypkkq,did:plc:d5xieferdhknknihvk6wnpxe,desirare18.bsky.social,,
a949065f32574c619dbbb6c2602d9a19,2026-02-24T02:00:00Z,2026-02-24T02:12:03Z,auth,auth_enUS_labelerexp,at://did:plc:7tessqxe6pssegenvcehnu6t/app.bsky.feed.generator/aaapo66fyrrga,suggested_labelerexp,1,at://did:plc:iu3f4tsc6tljax52cze4u5lj/app.bsky.feed.post/3mfky25xluk2t,bafyreifxhtzpwl73m5ayh4vi5vped77jeuyarnq7zejfomioh5ny6aqd2a,did:plc:iu3f4tsc6tljax52cze4u5lj,neomeruru.bsky.social,,
a949065f32574c619dbbb6c2602d9a19,2026-02-24T02:00:00Z,2026-02-24T02:12:03Z,auth,auth_enUS_labelerexp,at://did:plc:7tessqxe6pssegenvcehnu6t/app.bsky.feed.generator/aaapo66fyrrga,suggested_labelerexp,2,at://did:plc:5wmwbibbyym6nmkmz7b6yyoj/app.bsky.feed.post/3mfkxewr4ws2j,bafyreids6ul7ze3cba3id7eklgqp4jn3u6jewe4nyquzeotfgthmouqhya,did:plc:5wmwbibbyym6nmkmz7b6yyoj,jessnevins.bsky.social,,
a949065f32574c619dbbb6c2602d9a19,2026-02-24T02:00:00Z,2026-02-24T02:12:03Z,auth,auth_enUS_labelerexp,at://did:plc:7tessqxe6pssegenvcehnu6t/app.bsky.feed.generator/aaapo66fyrrga,suggested_labelerexp,3,at://did:plc:hs6uqvhujmevzachdm7fwevj/app.bsky.feed.post/3mfkvtey53s2x,bafyreihv44m4pqi52kykeezlh473msqlbojyouwkhxuvotei2ikxrudna4,did:plc:hs6uqvhujmevzachdm7fwevj,fiddlecub.bsky.social,,
a949065f32574c619dbbb6c2602d9a19,2026-02-24T02:00:00Z,2026-02-24T02:12:03Z,auth,auth_enUS_labelerexp,at://did:plc:7tessqxe6pssegenvcehnu6t/app.bsky.feed.generator/aaapo66fyrrga,suggested_labelerexp,4,at://did:plc:nrh7ngbqmdfdxowtxn6dazec/app.bsky.feed.post/3mfkuyk2f5k26,bafyreidlxljo3iwz5gelzapd64qjlwtsavf7jxwjhlt5ynm2xefpxmep3u,did:plc:nrh7ngbqmdfdxowtxn6dazec,docseuss.bsky.social,,
a949065f32574c619dbbb6c2602d9a19,2026-02-24T02:00:00Z,2026-02-24T02:12:03Z,auth,auth_enUS_labelerexp,at://did:plc:7tessqxe6pssegenvcehnu6t/app.bsky.feed.generator/aaapo66fyrrga,suggested_labelerexp,5,at://did:plc:zzififr6febsnsu754pidsxi/app.bsky.feed.post/3mfkql3f7fc27,bafyreiewpbxozzpm4472d2psddtymx66s2gabuexiazf6y4jp6xse2dmsm,did:plc:zzififr6febsnsu754pidsxi,drgonzo123.bsky.social,,
a949065f32574c619dbbb6c2602d9a19,2026-02-24T02:00:00Z,2026-02-24T02:12:03Z,auth,auth_enUS_labelerexp,at://did:plc:7tessqxe6pssegenvcehnu6t/app.bsky.feed.generator/aaapo66fyrrga,suggested_labelerexp,6,at://did:plc:yvvofwz4m2rdrwa73fn64csu/app.bsky.feed.post/3mfknkjidt225,bafyreihwemy5j4tnu76nxa45fymz3giuc3mo2no4z5dau74cna3oeowxdm,did:plc:yvvofwz4m2rdrwa73fn64csu,cypheroftyr.bsky.social,,
a949065f32574c619dbbb6c2602d9a19,2026-02-24T02:00:00Z,2026-02-24T02:12:03Z,auth,auth_enUS_labelerexp,at://did:plc:7tessqxe6pssegenvcehnu6t/app.bsky.feed.generator/aaapo66fyrrga,suggested_labelerexp,7,at://did:plc:5c6xsduqi3rogy55c6dnqosh/app.bsky.feed.post/3mfknhhfekk2q,bafyreicv4mzxtfwkcgeksi2oa25r4j3t3wwuinm4vyi337mwrkvt37mhsu,did:plc:5c6xsduqi3rogy55c6dnqosh,ptrtlrwrts.bsky.social,,
a949065f32574c619dbbb6c2602d9a19,2026-02-24T02:00:00Z,2026-02-24T02:12:03Z,auth,auth_enUS_labelerexp,at://did:plc:7tessqxe6pssegenvcehnu6t/app.bsky.feed.generator/aaapo66fyrrga,suggested_labelerexp,8,at://did:plc:iu3f4tsc6tljax52cze4u5lj/app.bsky.feed.post/3mfknaac53s2l,bafyreibtfyr4ny3vahppsslfl5zppjvpyzfzhka3z2lmsevo4ebsnlhqry,did:plc:iu3f4tsc6tljax52cze4u5lj,neomeruru.bsky.social,,
a949065f32574c619dbbb6c2602d9a19,2026-02-24T02:00:00Z,2026-02-24T02:12:03Z,auth,auth_enUS_labelerexp,at://did:plc:7tessqxe6pssegenvcehnu6t/app.bsky.feed.generator/aaapo66fyrrga,suggested_labelerexp,9,at://did:plc:iu3f4tsc6tljax52cze4u5lj/app.bsky.feed.post/3mfknaabxac2l,bafyreif6la7tpkglfkqldywrwn6ncagazapkmcvlpx5mfjhjry7in3wvam,did:plc:iu3f4tsc6tljax52cze4u5lj,neomeruru.bsky.social,,
a949065f32574c619dbbb6c2602d9a19,2026-02-24T02:00:00Z,2026-02-24T02:12:03Z,auth,auth_enUS_labelerexp,at://did:plc:7tessqxe6pssegenvcehnu6t/app.bsky.feed.generator/aaapo66fyrrga,suggested_labelerexp,10,at://did:plc:5wmwbibbyym6nmkmz7b6yyoj/app.bsky.feed.post/3mfkmse5r7225,bafyreigtk6dp4dpbo6taze57tbda4s63gudcq72dlro5gcvzx7tlmbsywm,did:plc:5wmwbibbyym6nmkmz7b6yyoj,jessnevins.bsky.social,,
a949065f32574c619dbbb6c2602d9a19,2026-02-24T02:00:00Z,2026-02-24T02:12:03Z,auth,auth_enUS_labelerexp,at://did:plc:7tessqxe6pssegenvcehnu6t/app.bsky.feed.generator/aaapo66fyrrga,suggested_labelerexp,11,at://did:plc:pwp5anxneq7ejwvzdncwodvt/app.bsky.feed.post/3mfkmlk62k52d,bafyreigaw6254w546lwiz5lvwug4xphgd2gd5kgjrotsvptcavpzskmtua,did:plc:pwp5anxneq7ejwvzdncwodvt,alasdairstuart.com,,
a949065f32574c619dbbb6c2602d9a19,2026-02-24T02:00:00Z,2026-02-24T02:12:03Z,auth,auth_enUS_labelerexp,at://did:plc:7tessqxe6pssegenvcehnu6t/app.bsky.feed.generator/aaapo66fyrrga,suggested_labelerexp,12,at://did:plc:pwp5anxneq7ejwvzdncwodvt/app.bsky.feed.post/3mfkm7lbsbl2d,bafyreidlathsu6eorcjesfcv3565nd223s7pwhntkrh22dsinji67ycdjq,did:plc:pwp5anxneq7ejwvzdncwodvt,alasdairstuart.com,,
a949065f32574c619dbbb6c2602d9a19,2026-02-24T02:00:00Z,2026-02-24T02:12:03Z,auth,auth_enUS_labelerexp,at://did:plc:7tessqxe6pssegenvcehnu6t/app.bsky.feed.generator/aaapo66fyrrga,suggested_labelerexp,13,at://did:plc:pwp5anxneq7ejwvzdncwodvt/app.bsky.feed.post/3mfkm7i4pvl2d,bafyreicimcgwutkzuysubkerjb7mk2cd2ptvegrwcipd4xrjnefqittzie,did:plc:pwp5anxneq7ejwvzdncwodvt,alasdairstuart.com,,
a949065f32574c619dbbb6c2602d9a19,2026-02-24T02:00:00Z,2026-02-24T02:12:03Z,auth,auth_enUS_labelerexp,at://did:plc:7tessqxe6pssegenvcehnu6t/app.bsky.feed.generator/aaapo66fyrrga,suggested_labelerexp,14,at://did:plc:pwp5anxneq7ejwvzdncwodvt/app.bsky.feed.post/3mfkm7i4j2s2d,bafyreicchs6qgi7k5e7jh6tirozvaqfpzenypmwth77e4yiaz5jqhl5vla,did:plc:pwp5anxneq7ejwvzdncwodvt,alasdairstuart.com,,
a949065f32574c619dbbb6c2602d9a19,2026-02-24T02:00:00Z,2026-02-24T02:12:03Z,auth,auth_enUS_labelerexp,at://did:plc:7tessqxe6pssegenvcehnu6t/app.bsky.feed.generator/aaapo66fyrrga,suggested_labelerexp,15,at://did:plc:uemns7yqb62n5kpwe34wgdhs/app.bsky.feed.post/3mfkl6olehc2i,bafyreiefaxmzjtqrhzbd7mqxguiy6p2xvlxplzz6cznzrwogdqxufcenpy,did:plc:uemns7yqb62n5kpwe34wgdhs,brunodias.bsky.social,,
a949065f32574c619dbbb6c2602d9a19,2026-02-24T02:00:00Z,2026-02-24T02:12:03Z,auth,auth_enUS_labelerexp,at://did:plc:7tessqxe6pssegenvcehnu6t/app.bsky.feed.generator/aaapo66fyrrga,suggested_labelerexp,16,at://did:plc:uemns7yqb62n5kpwe34wgdhs/app.bsky.feed.post/3mfkkhaywzk26,bafyreigvskh6by7keuszhetixrla22lbw4uatyjvyjchsl5v3nsqcambge,did:plc:uemns7yqb62n5kpwe34wgdhs,brunodias.bsky.social,,
a949065f32574c619dbbb6c2602d9a19,2026-02-24T02:00:00Z,2026-02-24T02:12:03Z,auth,auth_enUS_labelerexp,at://did:plc:7tessqxe6pssegenvcehnu6t/app.bsky.feed.generator/aaapo66fyrrga,suggested_labelerexp,17,at://did:plc:zzififr6febsnsu754pidsxi/app.bsky.feed.post/3mfkkczfg7f4o,bafyreigqj6mcxw56ipsogc23igimemyaw2otaytymhvphd3d6ccoekuhay,did:plc:zzififr6febsnsu754pidsxi,drgonzo123.bsky.social,,
a949065f32574c619dbbb6c2602d9a19,2026-02-24T02:00:00Z,2026-02-24T02:12:03Z,auth,auth_enUS_labelerexp,at://did:plc:7tessqxe6pssegenvcehnu6t/app.bsky.feed.generator/aaapo66fyrrga,suggested_labelerexp,18,at://did:plc:hz5skvphzjjqyzkicp7ll2ex/app.bsky.feed.post/3mfkkalazul2q,bafyreibbdw2gemskj4eqx7bhxjl7rpc2ive52fkagf7fkvosvn2zypjsiq,did:plc:hz5skvphzjjqyzkicp7ll2ex,jigu.com.br,,
a949065f32574c619dbbb6c2602d9a19,2026-02-24T02:00:00Z,2026-02-24T02:12:03Z,auth,auth_enUS_labelerexp,at://did:plc:7tessqxe6pssegenvcehnu6t/app.bsky.feed.generator/aaapo66fyrrga,suggested_labelerexp,19,at://did:plc:nrh7ngbqmdfdxowtxn6dazec/app.bsky.feed.post/3mfkjv6c2js2i,bafyreidjjl6juqcbsz46pwjvg7f547ahcboc2qz6avurfdfojlsfgt2kza,did:plc:nrh7ngbqmdfdxowtxn6dazec,docseuss.bsky.social,,
a949065f32574c619dbbb6c2602d9a19,2026-02-24T02:00:00Z,2026-02-24T02:12:03Z,auth,auth_enUS_labelerexp,at://did:plc:7tessqxe6pssegenvcehnu6t/app.bsky.feed.generator/aaapo66fyrrga,suggested_labelerexp,20,at://did:plc:yvvofwz4m2rdrwa73fn64csu/app.bsky.feed.post/3mfki6ykhu22r,bafyreieiqjwrzmiznyan5owgfmst2syktwyiqjaeoqqjwd5ezuhac6cbp4,did:plc:yvvofwz4m2rdrwa73fn64csu,cypheroftyr.bsky.social,,
a949065f32574c619dbbb6c2602d9a19,2026-02-24T02:00:00Z,2026-02-24T02:12:03Z,auth,auth_enUS_labelerexp,at://did:plc:7tessqxe6pssegenvcehnu6t/app.bsky.feed.generator/aaapo66fyrrga,suggested_labelerexp,21,at://did:plc:5oe5abkdpfipztz64dkfjby7/app.bsky.feed.post/3mfkhpxsplc22,bafyreid73qrjdjnrxdnzkutaoyedgkkiayl7rlhb4qe762pcastj3pjy6u,did:plc:5oe5abkdpfipztz64dkfjby7,hownottodraw.bsky.social,,
a949065f32574c619dbbb6c2602d9a19,2026-02-24T02:00:00Z,2026-02-24T02:12:03Z,auth,auth_enUS_labelerexp,at://did:plc:7tessqxe6pssegenvcehnu6t/app.bsky.feed.generator/aaapo66fyrrga,suggested_labelerexp,22,at://did:plc:5oe5abkdpfipztz64dkfjby7/app.bsky.feed.post/3mfkhmvtzz222,bafyreid74ygcbt2ejjx5kvoamsn6upohw6hrcon5rqvuaeksajq3y4pxo4,did:plc:5oe5abkdpfipztz64dkfjby7,hownottodraw.bsky.social,,
a949065f32574c619dbbb6c2602d9a19,2026-02-24T02:00:00Z,2026-02-24T02:12:03Z,auth,auth_enUS_labelerexp,at://did:plc:7tessqxe6pssegenvcehnu6t/app.bsky.feed.generator/aaapo66fyrrga,suggested_labelerexp,23,at://did:plc:5oe5abkdpfipztz64dkfjby7/app.bsky.feed.post/3mfkhkfb5ls22,bafyreid4oegxgufrgn7gfy6kimooiljdnke5h46iaewex26q73i2x3xubu,did:plc:5oe5abkdpfipztz64dkfjby7,hownottodraw.bsky.social,,
a949065f32574c619dbbb6c2602d9a19,2026-02-24T02:00:00Z,2026-02-24T02:12:03Z,auth,auth_enUS_labelerexp,at://did:plc:7tessqxe6pssegenvcehnu6t/app.bsky.feed.generator/aaapo66fyrrga,suggested_labelerexp,24,at://did:plc:iu3f4tsc6tljax52cze4u5lj/app.bsky.feed.post/3mfkgfqdfjc2n,bafyreic2v4drc3zxcbdtt2t7uhjsfse4ln6m6qybmd3l3ic2j47uuehoua,did:plc:iu3f4tsc6tljax52cze4u5lj,neomeruru.bsky.social,,
a949065f32574c619dbbb6c2602d9a19,2026-02-24T02:00:00Z,2026-02-24T02:12:03Z,auth,auth_enUS_labelerexp,at://did:plc:7tessqxe6pssegenvcehnu6t/app.bsky.feed.generator/aaapo66fyrrga,suggested_labelerexp,25,at://did:plc:nrh7ngbqmdfdxowtxn6dazec/app.bsky.feed.post/3mfket2kzwc2m,bafyreicieobpexvdt3x4ida265pmxvnacda77sfm3lolsf7dug54juiwnq,did:plc:nrh7ngbqmdfdxowtxn6dazec,docseuss.bsky.social,,
a949065f32574c619dbbb6c2602d9a19,2026-02-24T02:00:00Z,2026-02-24T02:12:03Z,auth,auth_enUS_labelerexp,at://did:plc:7tessqxe6pssegenvcehnu6t/app.bsky.feed.generator/aaapo66fyrrga,suggested_labelerexp,26,at://did:plc:iu3f4tsc6tljax52cze4u5lj/app.bsky.feed.post/3mfkbp5gmrs2d,bafyreictgnsmuxaaqzki4grcptji6aph6zsojsu52bxvv7k5bfbhwlur4u,did:plc:iu3f4tsc6tljax52cze4u5lj,neomeruru.bsky.social,,
a949065f32574c619dbbb6c2602d9a19,2026-02-24T02:00:00Z,2026-02-24T02:12:03Z,auth,auth_enUS_labelerexp,at://did:plc:7tessqxe6pssegenvcehnu6t/app.bsky.feed.generator/aaapo66fyrrga,suggested_labelerexp,27,at://did:plc:uemns7yqb62n5kpwe34wgdhs/app.bsky.feed.post/3mfkboiv6p22f,bafyreicfr4vbdvicegatok5xig3zm7sepvuhs7g6de7o4bgg24zwv2iofq,did:plc:uemns7yqb62n5kpwe34wgdhs,brunodias.bsky.social,,
a949065f32574c619dbbb6c2602d9a19,2026-02-24T02:00:00Z,2026-02-24T02:12:03Z,auth,auth_enUS_labelerexp,at://did:plc:7tessqxe6pssegenvcehnu6t/app.bsky.feed.generator/aaapo66fyrrga,suggested_labelerexp,28,at://did:plc:5wmwbibbyym6nmkmz7b6yyoj/app.bsky.feed.post/3mfkbkoisi22e,bafyreihnkqqwuummlcpttuvrqfoqsejykqzhsf5qrdneak4yn4rwz7tkau,did:plc:5wmwbibbyym6nmkmz7b6yyoj,jessnevins.bsky.social,,
a949065f32574c619dbbb6c2602d9a19,2026-02-24T02:00:00Z,2026-02-24T02:12:03Z,auth,auth_enUS_labelerexp,at://did:plc:7tessqxe6pssegenvcehnu6t/app.bsky.feed.generator/aaapo66fyrrga,suggested_labelerexp,29,at://did:plc:hz5skvphzjjqyzkicp7ll2ex/app.bsky.feed.post/3mfkbh7pahs23,bafyreig4lj2ej6melcgbk2pgtvlte3mzferygztnnofle2frwuzzql5l7m,did:plc:hz5skvphzjjqyzkicp7ll2ex,jigu.com.br,,
a949065f32574c619dbbb6c2602d9a19,2026-02-24T02:00:00Z,2026-02-24T02:12:03Z,auth,auth_enUS_labelerexp,at://did:plc:7tessqxe6pssegenvcehnu6t/app.bsky.feed.generator/aaapo66fyrrga,suggested_labelerexp,30,at://did:plc:uemns7yqb62n5kpwe34wgdhs/app.bsky.feed.post/3mfkaubagvc2f,bafyreicjhq57k5fybzxf5noinhhmes432m3wxsxbp25ji5ba5k6dw2kvti,did:plc:uemns7yqb62n5kpwe34wgdhs,brunodias.bsky.social,,
a949065f32574c619dbbb6c2602d9a19,2026-02-24T02:00:00Z,2026-02-24T02:12:03Z,auth,auth_enUS_labelerexp,at://did:plc:7tessqxe6pssegenvcehnu6t/app.bsky.feed.generator/aaapo66fyrrga,suggested_labelerexp,31,at://did:plc:gnlyxexo7tg446kglieyvwit/app.bsky.feed.post/3mfk7epilcs2s,bafyreihoicriajd7nwmot2mnx3f4oi23hbrtt3ntvapqaq4r46ztond7s4,did:plc:gnlyxexo7tg446kglieyvwit,annacwebs.bsky.social,,
a949065f32574c619dbbb6c2602d9a19,2026-02-24T02:00:00Z,2026-02-24T02:12:03Z,auth,auth_enUS_labelerexp,at://did:plc:7tessqxe6pssegenvcehnu6t/app.bsky.feed.generator/aaapo66fyrrga,suggested_labelerexp,32,at://did:plc:nrh7ngbqmdfdxowtxn6dazec/app.bsky.feed.post/3mfk734k6vs2r,bafyreifgdpmyruni5whm2fr4ifwcex2yyynzlrdebzum7adh4q6tv5lu7a,did:plc:nrh7ngbqmdfdxowtxn6dazec,docseuss.bsky.social,,
a949065f32574c619dbbb6c2602d9a19,2026-02-24T02:00:00Z,2026-02-24T02:12:03Z,auth,auth_enUS_labelerexp,at://did:plc:7tessqxe6pssegenvcehnu6t/app.bsky.feed.generator/aaapo66fyrrga,suggested_labelerexp,33,at://did:plc:nrh7ngbqmdfdxowtxn6dazec/app.bsky.feed.post/3mfk6jcgabc2m,bafyreibhy773cfky7rdadwrjqkxpwca5pgx5kfflkxydn4cqlblmk4zrxm,did:plc:nrh7ngbqmdfdxowtxn6dazec,docseuss.bsky.social,,
a949065f32574c619dbbb6c2602d9a19,2026-02-24T02:00:00Z,2026-02-24T02:12:03Z,auth,auth_enUS_labelerexp,at://did:plc:7tessqxe6pssegenvcehnu6t/app.bsky.feed.generator/aaapo66fyrrga,suggested_labelerexp,34,at://did:plc:xzritgbz45miucms4cvshqd6/app.bsky.feed.post/3mfk666tl3c2s,bafyreigvb276ehviwd2ocubbmskmxzlyeypxbr6o65nwijtcrrwdyldvoa,did:plc:xzritgbz45miucms4cvshqd6,amazonchique.bsky.social,,
a949065f32574c619dbbb6c2602d9a19,2026-02-24T02:00:00Z,2026-02-24T02:12:03Z,auth,auth_enUS_labelerexp,at://did:plc:7tessqxe6pssegenvcehnu6t/app.bsky.feed.generator/aaapo66fyrrga,suggested_labelerexp,35,at://did:plc:xzritgbz45miucms4cvshqd6/app.bsky.feed.post/3mfk663unxs2s,bafyreic7tjr7zbirdqapfhadc6pjjlzhhno43nqcq6vkgoyd7porszoeo4,did:plc:xzritgbz45miucms4cvshqd6,amazonchique.bsky.social,,
a949065f32574c619dbbb6c2602d9a19,2026-02-24T02:00:00Z,2026-02-24T02:12:03Z,auth,auth_enUS_labelerexp,at://did:plc:7tessqxe6pssegenvcehnu6t/app.bsky.feed.generator/aaapo66fyrrga,suggested_labelerexp,36,at://did:plc:pwp5anxneq7ejwvzdncwodvt/app.bsky.feed.post/3mfk5usyj3k2e,bafyreigsj62fku3r3ebmwg2e6a6wasl3qwqxlmfdlzs2dcc7c466hqtwhi,did:plc:pwp5anxneq7ejwvzdncwodvt,alasdairstuart.com,,
a949065f32574c619dbbb6c2602d9a19,2026-02-24T02:00:00Z,2026-02-24T02:12:03Z,auth,auth_enUS_labelerexp,at://did:plc:7tessqxe6pssegenvcehnu6t/app.bsky.feed.generator/aaapo66fyrrga,suggested_labelerexp,37,at://did:plc:5c6xsduqi3rogy55c6dnqosh/app.bsky.feed.post/3mfk5ntqycs2e,bafyreigra35rc3hfzgtwmk36b4wqqd4fav4c5a6tvokuxpqfwvvliytyfe,did:plc:5c6xsduqi3rogy55c6dnqosh,ptrtlrwrts.bsky.social,,
a949065f32574c619dbbb6c2602d9a19,2026-02-24T02:00:00Z,2026-02-24T02:12:03Z,auth,auth_enUS_labelerexp,at://did:plc:7tessqxe6pssegenvcehnu6t/app.bsky.feed.generator/aaapo66fyrrga,suggested_labelerexp,38,at://did:plc:5c6xsduqi3rogy55c6dnqosh/app.bsky.feed.post/3mfk5ntqwec2e,bafyreidshar4vepkftz5xkvwk2s6nn5ralgyqx4pszhifuhvzlvrc7wg5e,did:plc:5c6xsduqi3rogy55c6dnqosh,ptrtlrwrts.bsky.social,,
a949065f32574c619dbbb6c2602d9a19,2026-02-24T02:00:00Z,2026-02-24T02:12:03Z,auth,auth_enUS_labelerexp,at://did:plc:7tessqxe6pssegenvcehnu6t/app.bsky.feed.generator/aaapo66fyrrga,suggested_labelerexp,39,at://did:plc:5c6xsduqi3rogy55c6dnqosh/app.bsky.feed.post/3mfk5ntqtgk2e,bafyreih3gatvyjana2onfefzxnnunneiifum5m3d4riwdqwc37owfanthq,did:plc:5c6xsduqi3rogy55c6dnqosh,ptrtlrwrts.bsky.social,,
a949065f32574c619dbbb6c2602d9a19,2026-02-24T02:00:00Z,2026-02-24T02:12:03Z,auth,auth_enUS_labelerexp,at://did:plc:7tessqxe6pssegenvcehnu6t/app.bsky.feed.generator/aaapo66fyrrga,suggested_labelerexp,40,at://did:plc:5c6xsduqi3rogy55c6dnqosh/app.bsky.feed.post/3mfk5ntko622e,bafyreigxjm4znwry5q6mj36k6ioqh4l53kgid6qs4p7xfnq77asjqloxi4,did:plc:5c6xsduqi3rogy55c6dnqosh,ptrtlrwrts.bsky.social,,
a949065f32574c619dbbb6c2602d9a19,2026-02-24T02:00:00Z,2026-02-24T02:12:03Z,auth,auth_enUS_labelerexp,at://did:plc:7tessqxe6pssegenvcehnu6t/app.bsky.feed.generator/aaapo66fyrrga,suggested_labelerexp,41,at://did:plc:pwp5anxneq7ejwvzdncwodvt/app.bsky.feed.post/3mfk5dmtawc2e,bafyreigpoluv7rwlt3yu37ugdi7kaz4aee2yhhj7fgmilee54rz63vwiuy,did:plc:pwp5anxneq7ejwvzdncwodvt,alasdairstuart.com,,
a949065f32574c619dbbb6c2602d9a19,2026-02-24T02:00:00Z,2026-02-24T02:12:03Z,auth,auth_enUS_labelerexp,at://did:plc:7tessqxe6pssegenvcehnu6t/app.bsky.feed.generator/aaapo66fyrrga,suggested_labelerexp,42,at://did:plc:zxibxm45uwdgi5ghatux6gyb/app.bsky.feed.post/3mfk4ip246c2p,bafyreihru7xts3g7hlxc7u7bcnt45rapc55pwbl7sesesu4szhcnmyb4fu,did:plc:zxibxm45uwdgi5ghatux6gyb,bryantfrancis.me,,
a949065f32574c619dbbb6c2602d9a19,2026-02-24T02:00:00Z,2026-02-24T02:12:03Z,auth,auth_enUS_labelerexp,at://did:plc:7tessqxe6pssegenvcehnu6t/app.bsky.feed.generator/aaapo66fyrrga,suggested_labelerexp,43,at://did:plc:zzififr6febsnsu754pidsxi/app.bsky.feed.post/3mfk4baoahjnq,bafyreig67vllxdpdlhpggoydsasgkimedvlfjs3taeu6b2cnc5o3lqrjfy,did:plc:zzififr6febsnsu754pidsxi,drgonzo123.bsky.social,,
a949065f32574c619dbbb6c2602d9a19,2026-02-24T02:00:00Z,2026-02-24T02:12:03Z,auth,auth_enUS_labelerexp,at://did:plc:7tessqxe6pssegenvcehnu6t/app.bsky.feed.generator/aaapo66fyrrga,suggested_labelerexp,44,at://did:plc:pwp5anxneq7ejwvzdncwodvt/app.bsky.feed.post/3mfk3bydyas2e,bafyreihyio6icybqqsdi746m24hxumjja7fuoefsj4fpp5ndoujyevrbqe,did:plc:pwp5anxneq7ejwvzdncwodvt,alasdairstuart.com,,
a949065f32574c619dbbb6c2602d9a19,2026-02-24T02:00:00Z,2026-02-24T02:12:03Z,auth,auth_enUS_labelerexp,at://did:plc:7tessqxe6pssegenvcehnu6t/app.bsky.feed.generator/aaapo66fyrrga,suggested_labelerexp,45,at://did:plc:gnlyxexo7tg446kglieyvwit/app.bsky.feed.post/3mfk2b3lups2f,bafyreicl5mn5aslbmgtddzr4lte4naoyzqqnqlk45snrg6snui6m4y4qly,did:plc:gnlyxexo7tg446kglieyvwit,annacwebs.bsky.social,,
a949065f32574c619dbbb6c2602d9a19,2026-02-24T02:00:00Z,2026-02-24T02:12:03Z,auth,auth_enUS_labelerexp,at://did:plc:7tessqxe6pssegenvcehnu6t/app.bsky.feed.generator/aaapo66fyrrga,suggested_labelerexp,46,at://did:plc:dss3yeneknwlz6hgapqnu3kl/app.bsky.feed.post/3mfk22kdsck2e,bafyreiexw7jurgyd243zi572wmeo3odmq4tzt26vxptzdl6ocsbyjojvva,did:plc:dss3yeneknwlz6hgapqnu3kl,sunshineduk.bsky.social,,
a949065f32574c619dbbb6c2602d9a19,2026-02-24T02:00:00Z,2026-02-24T02:12:03Z,auth,auth_enUS_labelerexp,at://did:plc:7tessqxe6pssegenvcehnu6t/app.bsky.feed.generator/aaapo66fyrrga,suggested_labelerexp,47,at://did:plc:nrh7ngbqmdfdxowtxn6dazec/app.bsky.feed.post/3mfjzwgqoh22q,bafyreidv5d6qj56n3u2z5kxeselbjklzdimy4qrlgwelxcpd5hrtxrp3wm,did:plc:nrh7ngbqmdfdxowtxn6dazec,docseuss.bsky.social,,
a949065f32574c619dbbb6c2602d9a19,2026-02-24T02:00:00Z,2026-02-24T02:12:03Z,auth,auth_enUS_labelerexp,at://did:plc:7tessqxe6pssegenvcehnu6t/app.bsky.feed.generator/aaapo66fyrrga,suggested_labelerexp,48,at://did:plc:nrh7ngbqmdfdxowtxn6dazec/app.bsky.feed.post/3mfjzlrwx2c2d,bafyreib6373w4flgcmajkfjgh2ztcjr3f4dzfbrgznrh7etf5yxqnksfs4,did:plc:nrh7ngbqmdfdxowtxn6dazec,docseuss.bsky.social,,
a949065f32574c619dbbb6c2602d9a19,2026-02-24T02:00:00Z,2026-02-24T02:12:03Z,auth,auth_enUS_labelerexp,at://did:plc:7tessqxe6pssegenvcehnu6t/app.bsky.feed.generator/aaapo66fyrrga,suggested_labelerexp,49,at://did:plc:nrh7ngbqmdfdxowtxn6dazec/app.bsky.feed.post/3mfjz4gm2ac27,bafyreia6qcdyukwilvbljhzdmclxwbykmfwdfvi6zv2bzxetzsatyt6njy,did:plc:nrh7ngbqmdfdxowtxn6dazec,docseuss.bsky.social,,
a949065f32574c619dbbb6c2602d9a19,2026-02-24T02:00:00Z,2026-02-24T02:12:03Z,auth,auth_enUS_labelerexp,at://did:plc:7tessqxe6pssegenvcehnu6t/app.bsky.feed.generator/aaapo66fyrrga,suggested_labelerexp,50,at://did:plc:zzififr6febsnsu754pidsxi/app.bsky.feed.post/3mfjyv5te27dq,bafyreibb7o76te3dyyotepnuudtb3a63ad5mmnepewear72is4thgu46w4,did:plc:zzififr6febsnsu754pidsxi,drgonzo123.bsky.social,,
a949065f32574c619dbbb6c2602d9a19,2026-02-24T02:00:00Z,2026-02-24T02:12:05Z,auth,auth_enUS_labelerexp,at://did:plc:dvgliotey33vix3wlltybgkd/app.bsky.feed.generator/all-plus,suggested_labelerexp,1,at://did:plc:2estholrva66jjh2gpmi73oz/app.bsky.feed.post/3mfl2o56opk2n,bafyreieeb5ocvux5bw2dxvqhk4hpdnhcvfv2puyrdko52zeb3ocxp2wukq,did:plc:2estholrva66jjh2gpmi73oz,pmilfa.bsky.social,,
a949065f32574c619dbbb6c2602d9a19,2026-02-24T02:00:00Z,2026-02-24T02:12:05Z,auth,auth_enUS_labelerexp,at://did:plc:dvgliotey33vix3wlltybgkd/app.bsky.feed.generator/all-plus,suggested_labelerexp,2,at://did:plc:aksckhdirj5paef46i7pr2gv/app.bsky.feed.post/3mfl2eps7o22b,bafyreibxee2ejuhovvsr7iy67xwxde5csjungee2pfwwef7fh6ezlwrwee,did:plc:aksckhdirj5paef46i7pr2gv,veaber.online,,
a949065f32574c619dbbb6c2602d9a19,2026-02-24T02:00:00Z,2026-02-24T02:12:05Z,auth,auth_enUS_labelerexp,at://did:plc:dvgliotey33vix3wlltybgkd/app.bsky.feed.generator/all-plus,suggested_labelerexp,3,at://did:plc:ebd7xjl2vvln3p722hzd2ve4/app.bsky.feed.post/3mfl2bl7ybc2b,bafyreidckwbgwhhfi2tws7wbba525goippgwi3qfnvyptjyku2o6xnxhne,did:plc:ebd7xjl2vvln3p722hzd2ve4,olgapatluyk.bsky.social,,
a949065f32574c619dbbb6c2602d9a19,2026-02-24T02:00:00Z,2026-02-24T02:12:05Z,auth,auth_enUS_labelerexp,at://did:plc:dvgliotey33vix3wlltybgkd/app.bsky.feed.generator/all-plus,suggested_labelerexp,4,at://did:plc:pfwtsb35x6djrgqoussa3lp6/app.bsky.feed.post/3mfl26a2zpc24,bafyreieakya67pbi7nh7mwcx6u73svjj73mgivvhcactq3eoqavxpkieqy,did:plc:pfwtsb35x6djrgqoussa3lp6,murmeruem.bsky.social,,
a949065f32574c619dbbb6c2602d9a19,2026-02-24T02:00:00Z,2026-02-24T02:12:05Z,auth,auth_enUS_labelerexp,at://did:plc:dvgliotey33vix3wlltybgkd/app.bsky.feed.generator/all-plus,suggested_labelerexp,5,at://did:plc:ebd7xjl2vvln3p722hzd2ve4/app.bsky.feed.post/3mfkzmo5mgk2b,bafyreibz5q6zftyz37wmhv6c7jb6cjhewxxxwgt7tprf2u35yk4vuy55q4,did:plc:ebd7xjl2vvln3p722hzd2ve4,olgapatluyk.bsky.social,,
a949065f32574c619dbbb6c2602d9a19,2026-02-24T02:00:00Z,2026-02-24T02:12:05Z,auth,auth_enUS_labelerexp,at://did:plc:dvgliotey33vix3wlltybgkd/app.bsky.feed.generator/all-plus,suggested_labelerexp,6,at://did:plc:ov2xdmmokdwjyzrgr6nyfeii/app.bsky.feed.post/3mfkyvv5qak2x,bafyreiek6rpqstbi4x6axeiaytf5wljeozgjxyowkgogvie67mvwyz6zae,did:plc:ov2xdmmokdwjyzrgr6nyfeii,crashpink7.bsky.social,,
a949065f32574c619dbbb6c2602d9a19,2026-02-24T02:00:00Z,2026-02-24T02:12:05Z,auth,auth_enUS_labelerexp,at://did:plc:dvgliotey33vix3wlltybgkd/app.bsky.feed.generator/all-plus,suggested_labelerexp,7,at://did:plc:hpt4crgiorfrjn6kwi3z6zuo/app.bsky.feed.post/3mfkyotd6ak2f,bafyreifuektnu5k5os2f3kri3rbwlui6hbh5q3uoz52b6kdfhatvvlehme,did:plc:hpt4crgiorfrjn6kwi3z6zuo,kiwiju.bsky.social,,
a949065f32574c619dbbb6c2602d9a19,2026-02-24T02:00:00Z,2026-02-24T02:12:05Z,auth,auth_enUS_labelerexp,at://did:plc:dvgliotey33vix3wlltybgkd/app.bsky.feed.generator/all-plus,suggested_labelerexp,8,at://did:plc:scrcyxitawymynx3ab6tnlxg/app.bsky.feed.post/3mfkylttd522v,bafyreihbprlkxy265wutikui6kctplqvpnfkzm4gsgcsmgpiipjx3vgcue,did:plc:scrcyxitawymynx3ab6tnlxg,whoisolena.bsky.social,,
a949065f32574c619dbbb6c2602d9a19,2026-02-24T02:00:00Z,2026-02-24T02:12:05Z,auth,auth_enUS_labelerexp,at://did:plc:dvgliotey33vix3wlltybgkd/app.bsky.feed.generator/all-plus,suggested_labelerexp,9,at://did:plc:jccqcixog6ophgqjqdxisyou/app.bsky.feed.post/3mfkyiendo22a,bafyreicizjhjufbfm42323mjivgytjdofo7pnyrer4xfcez7bopo5svyui,did:plc:jccqcixog6ophgqjqdxisyou,deadfromforest.bsky.social,,
a949065f32574c619dbbb6c2602d9a19,2026-02-24T02:00:00Z,2026-02-24T02:12:05Z,auth,auth_enUS_labelerexp,at://did:plc:dvgliotey33vix3wlltybgkd/app.bsky.feed.generator/all-plus,suggested_labelerexp,10,at://did:plc:lpiysrxzwizd7djr4evfot76/app.bsky.feed.post/3mfky5vhpws22,bafyreifnhqqj65o2x2u7in3u6ep67iwonsvkyxdib332g7i3tat74chzjq,did:plc:lpiysrxzwizd7djr4evfot76,cannibalsoiree.bsky.social,,
a949065f32574c619dbbb6c2602d9a19,2026-02-24T02:00:00Z,2026-02-24T02:12:05Z,auth,auth_enUS_labelerexp,at://did:plc:dvgliotey33vix3wlltybgkd/app.bsky.feed.generator/all-plus,suggested_labelerexp,11,at://did:plc:qndgewjxwp4wmp6wbnpmjuwi/app.bsky.feed.post/3mfky3pwa4k2v,bafyreibghs6borxdcbq7jdx7quyksluckh5oxr35bcrickfdmyyy2pov6y,did:plc:qndgewjxwp4wmp6wbnpmjuwi,moukizmok.bsky.social,,
a949065f32574c619dbbb6c2602d9a19,2026-02-24T02:00:00Z,2026-02-24T02:12:05Z,auth,auth_enUS_labelerexp,at://did:plc:dvgliotey33vix3wlltybgkd/app.bsky.feed.generator/all-plus,suggested_labelerexp,12,at://did:plc:5555q7otoiw4oupep3efsseb/app.bsky.feed.post/3mfkxp5up2t2z,bafyreidjsci44k2r65pdzm3t67czpzcdnkuhyb34go4gn7taagfu4jvtt4,did:plc:5555q7otoiw4oupep3efsseb,lesbot.bsky.social,,
a949065f32574c619dbbb6c2602d9a19,2026-02-24T02:00:00Z,2026-02-24T02:12:05Z,auth,auth_enUS_labelerexp,at://did:plc:dvgliotey33vix3wlltybgkd/app.bsky.feed.generator/all-plus,suggested_labelerexp,13,at://did:plc:klvu5ufag62uz7otmg64fwju/app.bsky.feed.post/3mfkxivmcik24,bafyreicayojwg5apgvlfq3ivc7jjotxt2catu3rga24jr64ao3e3mssvum,did:plc:klvu5ufag62uz7otmg64fwju,thehadeswife.bsky.social,,
a949065f32574c619dbbb6c2602d9a19,2026-02-24T02:00:00Z,2026-02-24T02:12:05Z,auth,auth_enUS_labelerexp,at://did:plc:dvgliotey33vix3wlltybgkd/app.bsky.feed.generator/all-plus,suggested_labelerexp,14,at://did:plc:25utfi5robspuzmsqdcrided/app.bsky.feed.post/3mfkxdvkmws23,bafyreiccyy36wbpyslmdptqddzakjtij47tjwqwzvptxs6pycg6dwjajru,did:plc:25utfi5robspuzmsqdcrided,nanalina.bsky.social,,
a949065f32574c619dbbb6c2602d9a19,2026-02-24T02:00:00Z,2026-02-24T02:12:05Z,auth,auth_enUS_labelerexp,at://did:plc:dvgliotey33vix3wlltybgkd/app.bsky.feed.generator/all-plus,suggested_labelerexp,15,at://did:plc:diz4gmxo6zrg6gfsusqyp2pp/app.bsky.feed.post/3mfkxaarurc2c,bafyreicfjyxjq23yexb2zg4e6vs7ea37zcd7lzvh6vw76ztfos6deobeym,did:plc:diz4gmxo6zrg6gfsusqyp2pp,shchuratism.bsky.social,,
a949065f32574c619dbbb6c2602d9a19,2026-02-24T02:00:00Z,2026-02-24T02:12:05Z,auth,auth_enUS_labelerexp,at://did:plc:dvgliotey33vix3wlltybgkd/app.bsky.feed.generator/all-plus,suggested_labelerexp,16,at://did:plc:ov2xdmmokdwjyzrgr6nyfeii/app.bsky.feed.post/3mfkxabjhnk2t,bafyreigsixrqptg3gdav4ref77slygviivqtt45rakwetklymum3slsy2i,did:plc:ov2xdmmokdwjyzrgr6nyfeii,crashpink7.bsky.social,,
a949065f32574c619dbbb6c2602d9a19,2026-02-24T02:00:00Z,2026-02-24T02:12:05Z,auth,auth_enUS_labelerexp,at://did:plc:dvgliotey33vix3wlltybgkd/app.bsky.feed.generator/all-plus,suggested_labelerexp,17,at://did:plc:o2ynlqvtdrenys5iav6m6uld/app.bsky.feed.post/3mfkx5batl22c,bafyreif6tbp6oapwmpvix6me3b7p5xpf2qptsxgxnyy2nw5iyt6yz75v3m,did:plc:o2ynlqvtdrenys5iav6m6uld,hazarezot.bsky.social,,
a949065f32574c619dbbb6c2602d9a19,2026-02-24T02:00:00Z,2026-02-24T02:12:05Z,auth,auth_enUS_labelerexp,at://did:plc:dvgliotey33vix3wlltybgkd/app.bsky.feed.generator/all-plus,suggested_labelerexp,18,at://did:plc:kuslk52etu5pyw36z4llzauk/app.bsky.feed.post/3mfkwuliays2n,bafyreigkgbu4c65adwr2m4ov766haye7visg4gklpawndedpltjft5scva,did:plc:kuslk52etu5pyw36z4llzauk,lampmonsterfucker.bsky.social,,
a949065f32574c619dbbb6c2602d9a19,2026-02-24T02:00:00Z,2026-02-24T02:12:05Z,auth,auth_enUS_labelerexp,at://did:plc:dvgliotey33vix3wlltybgkd/app.bsky.feed.generator/all-plus,suggested_labelerexp,19,at://did:plc:edauach476sgwimq6l4r6a5l/app.bsky.feed.post/3mfkws3art22q,bafyreidoj4sgkwf7jair4tlskcowxst4sciuph7ssd37m75fp6tsohuu7y,did:plc:edauach476sgwimq6l4r6a5l,margogontar.bsky.social,,
a949065f32574c619dbbb6c2602d9a19,2026-02-24T02:00:00Z,2026-02-24T02:12:05Z,auth,auth_enUS_labelerexp,at://did:plc:dvgliotey33vix3wlltybgkd/app.bsky.feed.generator/all-plus,suggested_labelerexp,20,at://did:plc:hpt4crgiorfrjn6kwi3z6zuo/app.bsky.feed.post/3mfkwqbq3i22f,bafyreibc6f5smwdk6ex35zchczvlhmzfnn5x6oji6ggilglvfgufgc4ylq,did:plc:hpt4crgiorfrjn6kwi3z6zuo,kiwiju.bsky.social,,
a949065f32574c619dbbb6c2602d9a19,2026-02-24T02:00:00Z,2026-02-24T02:12:05Z,auth,auth_enUS_labelerexp,at://did:plc:dvgliotey33vix3wlltybgkd/app.bsky.feed.generator/all-plus,suggested_labelerexp,21,at://did:plc:alugjprnuzby3ccvewpzng32/app.bsky.feed.post/3mfkwm3voek2q,bafyreiaxt3mhpupvz67arrvhipmjjkjvpujanpdlhwnvryyejs2n7z4joq,did:plc:alugjprnuzby3ccvewpzng32,its-soulfy.bsky.social,,
a949065f32574c619dbbb6c2602d9a19,2026-02-24T02:00:00Z,2026-02-24T02:12:05Z,auth,auth_enUS_labelerexp,at://did:plc:dvgliotey33vix3wlltybgkd/app.bsky.feed.generator/all-plus,suggested_labelerexp,22,at://did:plc:oknjidx3b7ogcapm2e7vh46g/app.bsky.feed.post/3mfkwbxgbss2d,bafyreia6z46mnynsvreopzcwfhmnp7flevx6xqr7rkpraqxrkbll3teka4,did:plc:oknjidx3b7ogcapm2e7vh46g,marriottistic.bsky.social,,
a949065f32574c619dbbb6c2602d9a19,2026-02-24T02:00:00Z,2026-02-24T02:12:05Z,auth,auth_enUS_labelerexp,at://did:plc:dvgliotey33vix3wlltybgkd/app.bsky.feed.generator/all-plus,suggested_labelerexp,23,at://did:plc:2e7l6z25zrq2kjc2ox7wnhni/app.bsky.feed.post/3mfkvja2dm22j,bafyreibn5sitn7wfwxjk4xscoxf4a7oaab72gcw5ffvqrrchwofllbpw4i,did:plc:2e7l6z25zrq2kjc2ox7wnhni,caterror.bsky.social,,
a949065f32574c619dbbb6c2602d9a19,2026-02-24T02:00:00Z,2026-02-24T02:12:05Z,auth,auth_enUS_labelerexp,at://did:plc:dvgliotey33vix3wlltybgkd/app.bsky.feed.generator/all-plus,suggested_labelerexp,24,at://did:plc:2e7l6z25zrq2kjc2ox7wnhni/app.bsky.feed.post/3mfkviaosd22j,bafyreide5ctgbsgogb4ois5rutirjob7vpfiz6274snc7oodfzu3vfzxve,did:plc:2e7l6z25zrq2kjc2ox7wnhni,caterror.bsky.social,,
a949065f32574c619dbbb6c2602d9a19,2026-02-24T02:00:00Z,2026-02-24T02:12:05Z,auth,auth_enUS_labelerexp,at://did:plc:dvgliotey33vix3wlltybgkd/app.bsky.feed.generator/all-plus,suggested_labelerexp,25,at://did:plc:3loo4eggng7s7njjox2qbdcv/app.bsky.feed.post/3mfkvervf7222,bafyreig37hx4zzmmkfbvbe3acciys556ppry2zgvg3pzadikvffx5zfvlm,did:plc:3loo4eggng7s7njjox2qbdcv,cpthorn1100.bsky.social,,
a949065f32574c619dbbb6c2602d9a19,2026-02-24T02:00:00Z,2026-02-24T02:12:05Z,auth,auth_enUS_labelerexp,at://did:plc:dvgliotey33vix3wlltybgkd/app.bsky.feed.generator/all-plus,suggested_labelerexp,26,at://did:plc:qbhaw7upz2jxj27hueahdrco/app.bsky.feed.post/3mfkuyxb6h22o,bafyreicq7tpetn32lwxmjjjtswbp4tqs52jwm3xs62icekh66hmzzrgywm,did:plc:qbhaw7upz2jxj27hueahdrco,tdmytro.bsky.social,,
a949065f32574c619dbbb6c2602d9a19,2026-02-24T02:00:00Z,2026-02-24T02:12:05Z,auth,auth_enUS_labelerexp,at://did:plc:dvgliotey33vix3wlltybgkd/app.bsky.feed.generator/all-plus,suggested_labelerexp,27,at://did:plc:lpiysrxzwizd7djr4evfot76/app.bsky.feed.post/3mfkuvnsddc2a,bafyreieezmsnbkw4omvpgi3est3ipzc2ngkuwx7j4v3hxevhun7ogfuyii,did:plc:lpiysrxzwizd7djr4evfot76,cannibalsoiree.bsky.social,,
a949065f32574c619dbbb6c2602d9a19,2026-02-24T02:00:00Z,2026-02-24T02:12:05Z,auth,auth_enUS_labelerexp,at://did:plc:dvgliotey33vix3wlltybgkd/app.bsky.feed.generator/all-plus,suggested_labelerexp,28,at://did:plc:v5qpff2cq75nohcp7vtvlyim/app.bsky.feed.post/3mfkulcjsjs2e,bafyreie5cg2clj775jwvzknj3jm75mhagvaedtvf4s5qfg4n5wke6ivpei,did:plc:v5qpff2cq75nohcp7vtvlyim,klitunka.bsky.social,,
a949065f32574c619dbbb6c2602d9a19,2026-02-24T02:00:00Z,2026-02-24T02:12:05Z,auth,auth_enUS_labelerexp,at://did:plc:dvgliotey33vix3wlltybgkd/app.bsky.feed.generator/all-plus,suggested_labelerexp,29,at://did:plc:e2kuarqltqkl5fhx62yld36g/app.bsky.feed.post/3mfkue7h7bs2l,bafyreidxmvqmmufgtzwk265gozrdz7a6pquntcgjmszl6dcmau5von56ji,did:plc:e2kuarqltqkl5fhx62yld36g,corinthianseyes.bsky.social,,
a949065f32574c619dbbb6c2602d9a19,2026-02-24T02:00:00Z,2026-02-24T02:12:05Z,auth,auth_enUS_labelerexp,at://did:plc:dvgliotey33vix3wlltybgkd/app.bsky.feed.generator/all-plus,suggested_labelerexp,30,at://did:plc:c5nlujvorh2kh6jgp3tpfyum/app.bsky.feed.post/3mfkud5s5he2t,bafyreieoc5bxv447nlhffraba5plaxlhdxn5usutltl7nang25t6a6utnm,did:plc:c5nlujvorh2kh6jgp3tpfyum,bigcats.org.ua,,
a949065f32574c619dbbb6c2602d9a19,2026-02-24T02:00:00Z,2026-02-24T02:12:05Z,auth,auth_enUS_labelerexp,at://did:plc:dvgliotey33vix3wlltybgkd/app.bsky.feed.generator/all-plus,suggested_labelerexp,31,at://did:plc:knmxkx5k5j75vn2a2zvexxzr/app.bsky.feed.post/3mfkuchbdzs2h,bafyreib2gzuoewvqo2ihvz7t6b3lkvob4i77tjclixkpjdcrxhcep55s5u,did:plc:knmxkx5k5j75vn2a2zvexxzr,kod16.bsky.social,,
a949065f32574c619dbbb6c2602d9a19,2026-02-24T02:00:00Z,2026-02-24T02:12:05Z,auth,auth_enUS_labelerexp,at://did:plc:dvgliotey33vix3wlltybgkd/app.bsky.feed.generator/all-plus,suggested_labelerexp,32,at://did:plc:wusjg36i2ehclt54coy62cnz/app.bsky.feed.post/3mfkub4yh7c25,bafyreiblef2xfyh37wtrk5nllgyadfztiwd4uv44e6c67gboacbwd5gtxi,did:plc:wusjg36i2ehclt54coy62cnz,dim0kq.bsky.social,,
a949065f32574c619dbbb6c2602d9a19,2026-02-24T02:00:00Z,2026-02-24T02:12:05Z,auth,auth_enUS_labelerexp,at://did:plc:dvgliotey33vix3wlltybgkd/app.bsky.feed.generator/all-plus,suggested_labelerexp,33,at://did:plc:qbhaw7upz2jxj27hueahdrco/app.bsky.feed.post/3mfku33d2ns2o,bafyreifc7ckho2zqx3bwvbm7b4euf7ljb4rr77wjjnkmoh4gj7fa2mlkaa,did:plc:qbhaw7upz2jxj27hueahdrco,tdmytro.bsky.social,,
a949065f32574c619dbbb6c2602d9a19,2026-02-24T02:00:00Z,2026-02-24T02:12:05Z,auth,auth_enUS_labelerexp,at://did:plc:dvgliotey33vix3wlltybgkd/app.bsky.feed.generator/all-plus,suggested_labelerexp,34,at://did:plc:v377phopvzevo623cjgcuimf/app.bsky.feed.post/3mfkturryk22b,bafyreiapah3mm2ykkmopyq752ljvf3ir4yulwttii3mmefxmhbj36em22m,did:plc:v377phopvzevo623cjgcuimf,hankaa.bsky.social,,
a949065f32574c619dbbb6c2602d9a19,2026-02-24T02:00:00Z,2026-02-24T02:12:05Z,auth,auth_enUS_labelerexp,at://did:plc:dvgliotey33vix3wlltybgkd/app.bsky.feed.generator/all-plus,suggested_labelerexp,35,at://did:plc:gsc7ipdaldsz55brzsz6d3um/app.bsky.feed.post/3mfktrxwwlk2w,bafyreidtwab7pzwlssnhhuejuzejdaaswnkydlntuhe27tmfm2urw37ybq,did:plc:gsc7ipdaldsz55brzsz6d3um,leviborovychok.bsky.social,,
a949065f32574c619dbbb6c2602d9a19,2026-02-24T02:00:00Z,2026-02-24T02:12:05Z,auth,auth_enUS_labelerexp,at://did:plc:dvgliotey33vix3wlltybgkd/app.bsky.feed.generator/all-plus,suggested_labelerexp,36,at://did:plc:7ey6cpbpdrgamxtdbc5c6xxs/app.bsky.feed.post/3mfktqgwzqc2t,bafyreiepb3cvcxhhvw3ztxknaio4brtnx7hn5wo5v4nmr355q4newdmumu,did:plc:7ey6cpbpdrgamxtdbc5c6xxs,nothumansorry.bsky.social,,
a949065f32574c619dbbb6c2602d9a19,2026-02-24T02:00:00Z,2026-02-24T02:12:05Z,auth,auth_enUS_labelerexp,at://did:plc:dvgliotey33vix3wlltybgkd/app.bsky.feed.generator/all-plus,suggested_labelerexp,37,at://did:plc:qbhaw7upz2jxj27hueahdrco/app.bsky.feed.post/3mfktpqzx622o,bafyreiabpvsw4ntwzjfom66lhnv3nbuwueffrn7ljrenkthukfu6ryh3hm,did:plc:qbhaw7upz2jxj27hueahdrco,tdmytro.bsky.social,,
a949065f32574c619dbbb6c2602d9a19,2026-02-24T02:00:00Z,2026-02-24T02:12:05Z,auth,auth_enUS_labelerexp,at://did:plc:dvgliotey33vix3wlltybgkd/app.bsky.feed.generator/all-plus,suggested_labelerexp,38,at://did:plc:33rvg3ihbsclzow5dilqn6uj/app.bsky.feed.post/3mfktoiw45s2u,bafyreif7upwckqwofeqzeotxqlcxkr3k33bs3fqrm6qu5hkkfzw3bur3dm,did:plc:33rvg3ihbsclzow5dilqn6uj,asakena.bsky.social,,
a949065f32574c619dbbb6c2602d9a19,2026-02-24T02:00:00Z,2026-02-24T02:12:05Z,auth,auth_enUS_labelerexp,at://did:plc:dvgliotey33vix3wlltybgkd/app.bsky.feed.generator/all-plus,suggested_labelerexp,39,at://did:plc:3loo4eggng7s7njjox2qbdcv/app.bsky.feed.post/3mfkthcmlws2j,bafyreif2an2vbk2mdcobmy7nwil2i3swrdov5yxmpiurta5uq3brtrtqbi,did:plc:3loo4eggng7s7njjox2qbdcv,cpthorn1100.bsky.social,,
a949065f32574c619dbbb6c2602d9a19,2026-02-24T02:00:00Z,2026-02-24T02:12:05Z,auth,auth_enUS_labelerexp,at://did:plc:dvgliotey33vix3wlltybgkd/app.bsky.feed.generator/all-plus,suggested_labelerexp,40,at://did:plc:mxrmmnodelhu4jz3f7jcquoa/app.bsky.feed.post/3mfktd3jh4k2l,bafyreidn5qta3uel2y5he7gev4ljgsflhijhourb74llwj55wqvb5mstqy,did:plc:mxrmmnodelhu4jz3f7jcquoa,mysteryofobscurity.bsky.social,,
a949065f32574c619dbbb6c2602d9a19,2026-02-24T02:00:00Z,2026-02-24T02:12:05Z,auth,auth_enUS_labelerexp,at://did:plc:dvgliotey33vix3wlltybgkd/app.bsky.feed.generator/all-plus,suggested_labelerexp,41,at://did:plc:mxrmmnodelhu4jz3f7jcquoa/app.bsky.feed.post/3mfktb3inls2l,bafyreicw6fipaqss3lpxxcupfi5dsdseyy56xechfbkoxi6pvdgd2qb47u,did:plc:mxrmmnodelhu4jz3f7jcquoa,mysteryofobscurity.bsky.social,,
a949065f32574c619dbbb6c2602d9a19,2026-02-24T02:00:00Z,2026-02-24T02:12:05Z,auth,auth_enUS_labelerexp,at://did:plc:dvgliotey33vix3wlltybgkd/app.bsky.feed.generator/all-plus,suggested_labelerexp,42,at://did:plc:gjzfjdsumln23yt3s3qal4ms/app.bsky.feed.post/3mfkt4olphk26,bafyreicnyctcs4f52rq4xlqscn7il5msh27igznoscctmqtxijq2nve3oy,did:plc:gjzfjdsumln23yt3s3qal4ms,waif.bsky.social,,
a949065f32574c619dbbb6c2602d9a19,2026-02-24T02:00:00Z,2026-02-24T02:12:05Z,auth,auth_enUS_labelerexp,at://did:plc:dvgliotey33vix3wlltybgkd/app.bsky.feed.generator/all-plus,suggested_labelerexp,43,at://did:plc:kyvkxl7gsxor2oj3gjfnv4ns/app.bsky.feed.post/3mfksxw46wk2g,bafyreicpxpdshr75idihfg53ebn23n7dbgeietztlhwjwfupazkbkq5nnu,did:plc:kyvkxl7gsxor2oj3gjfnv4ns,oksii33.ukr.monster,,
a949065f32574c619dbbb6c2602d9a19,2026-02-24T02:00:00Z,2026-02-24T02:12:05Z,auth,auth_enUS_labelerexp,at://did:plc:dvgliotey33vix3wlltybgkd/app.bsky.feed.generator/all-plus,suggested_labelerexp,44,at://did:plc:pppas6qg6tafw3z3c7jn5gmg/app.bsky.feed.post/3mfksxzeew224,bafyreidbbrbfstnn7tmiumcsrp5yalcsie6t2l7buifj4jlms6rmlr3lde,did:plc:pppas6qg6tafw3z3c7jn5gmg,rier.bsky.social,,
a949065f32574c619dbbb6c2602d9a19,2026-02-24T02:00:00Z,2026-02-24T02:12:05Z,auth,auth_enUS_labelerexp,at://did:plc:dvgliotey33vix3wlltybgkd/app.bsky.feed.generator/all-plus,suggested_labelerexp,45,at://did:plc:gsc7ipdaldsz55brzsz6d3um/app.bsky.feed.post/3mfksujsxac2w,bafyreig2k5vshof24b2fstw3zht4bfutuyevnu3j4fztd2v4dfwlohnoki,did:plc:gsc7ipdaldsz55brzsz6d3um,leviborovychok.bsky.social,,
a949065f32574c619dbbb6c2602d9a19,2026-02-24T02:00:00Z,2026-02-24T02:12:05Z,auth,auth_enUS_labelerexp,at://did:plc:dvgliotey33vix3wlltybgkd/app.bsky.feed.generator/all-plus,suggested_labelerexp,46,at://did:plc:snzww6ev3ps7bosx324jm6x2/app.bsky.feed.post/3mfkssvq6uv2z,bafyreiaoju7pnja63bzga2t5jkbn6imvoyfj23ji5e2bmg2r3nhezkpyhe,did:plc:snzww6ev3ps7bosx324jm6x2,devzone.org.ua,,
a949065f32574c619dbbb6c2602d9a19,2026-02-24T02:00:00Z,2026-02-24T02:12:05Z,auth,auth_enUS_labelerexp,at://did:plc:dvgliotey33vix3wlltybgkd/app.bsky.feed.generator/all-plus,suggested_labelerexp,47,at://did:plc:7g2vztcayu2dkdjfrlx7x2es/app.bsky.feed.post/3mfkspuiqvc2g,bafyreihgk4sxo4wypzywongfvdq7pkcvppg4ykfvnymxor4ohnypkqtyp4,did:plc:7g2vztcayu2dkdjfrlx7x2es,halushka.bsky.social,,
a949065f32574c619dbbb6c2602d9a19,2026-02-24T02:00:00Z,2026-02-24T02:12:05Z,auth,auth_enUS_labelerexp,at://did:plc:dvgliotey33vix3wlltybgkd/app.bsky.feed.generator/all-plus,suggested_labelerexp,48,at://did:plc:edauach476sgwimq6l4r6a5l/app.bsky.feed.post/3mfkspp66v22q,bafyreifwpadndxmc234g3kgz4pimdietlhgjimln4fk5gqctko5i63enxe,did:plc:edauach476sgwimq6l4r6a5l,margogontar.bsky.social,,
a949065f32574c619dbbb6c2602d9a19,2026-02-24T02:00:00Z,2026-02-24T02:12:05Z,auth,auth_enUS_labelerexp,at://did:plc:dvgliotey33vix3wlltybgkd/app.bsky.feed.generator/all-plus,suggested_labelerexp,49,at://did:plc:pzjisgu6zqcbhuz2knusp565/app.bsky.feed.post/3mfksnqcb2c2n,bafyreihqrgbm2tqqzrqq44u23nr5xzaszmy42mzyunfewwohx3m44mai7m,did:plc:pzjisgu6zqcbhuz2knusp565,madoggi.bsky.social,,
a949065f32574c619dbbb6c2602d9a19,2026-02-24T02:00:00Z,2026-02-24T02:12:05Z,auth,auth_enUS_labelerexp,at://did:plc:dvgliotey33vix3wlltybgkd/app.bsky.feed.generator/all-plus,suggested_labelerexp,50,at://did:plc:ohwl234w6iwuo3egddq3v2mu/app.bsky.feed.post/3mfksk2r5lc2z,bafyreihcweyk3rs475gqi6n2x74d7yw33p3mtz2ikwvpmgciksjohcipdy,did:plc:ohwl234w6iwuo3egddq3v2mu,j-hrum.bsky.social,,
a949065f32574c619dbbb6c2602d9a19,2026-02-24T02:00:00Z,2026-02-24T02:12:07Z,auth,auth_enUS_labelerexp,at://did:plc:geoqe3qls5mwezckxxsewys2/app.bsky.feed.generator/aaabzr2vqbaag,suggested_labelerexp,1,at://did:plc:geoqe3qls5mwezckxxsewys2/app.bsky.feed.post/3lg764fujc22f,bafyreie2eygsdltaiopy5aoal5ppkjfkid6jhiabsylqtudaoiewufk4ye,did:plc:geoqe3qls5mwezckxxsewys2,clarabelle.xyz,,
a949065f32574c619dbbb6c2602d9a19,2026-02-24T02:00:00Z,2026-02-24T02:12:07Z,auth,auth_enUS_labelerexp,at://did:plc:geoqe3qls5mwezckxxsewys2/app.bsky.feed.generator/aaabzr2vqbaag,suggested_labelerexp,2,at://did:plc:fkiugxnx3ddpx5l5eqzrrvvs/app.bsky.feed.post/3mfkzer6ch52f,bafyreic53wiv5ug7ygt4szfej3xuwpb54khtxkzeglzj3smfqpgha26ohm,did:plc:fkiugxnx3ddpx5l5eqzrrvvs,ashemaree.bsky.social,,
a949065f32574c619dbbb6c2602d9a19,2026-02-24T02:00:00Z,2026-02-24T02:12:07Z,auth,auth_enUS_labelerexp,at://did:plc:geoqe3qls5mwezckxxsewys2/app.bsky.feed.generator/aaabzr2vqbaag,suggested_labelerexp,3,at://did:plc:svxkk2rpm2wa2nqgh4duumm2/app.bsky.feed.post/3mfkx7qo4uc2u,bafyreifc3gi4y4iz6a3faiiu5ltvbysmlxmovi7fipsogj5f4mwxenpzdi,did:plc:svxkk2rpm2wa2nqgh4duumm2,shiksababy.bsky.social,,
a949065f32574c619dbbb6c2602d9a19,2026-02-24T02:00:00Z,2026-02-24T02:12:07Z,auth,auth_enUS_labelerexp,at://did:plc:geoqe3qls5mwezckxxsewys2/app.bsky.feed.generator/aaabzr2vqbaag,suggested_labelerexp,4,at://did:plc:mflkegnm52dfnxvwphzytqul/app.bsky.feed.post/3mfjg3cyi3c2k,bafyreidlpyelzkjjg4yxveyau46wiez3eydt6t5eroi2m7umr3kvvchkmy,did:plc:mflkegnm52dfnxvwphzytqul,circeuk.com,,
a949065f32574c619dbbb6c2602d9a19,2026-02-24T02:00:00Z,2026-02-24T02:12:07Z,auth,auth_enUS_labelerexp,at://did:plc:geoqe3qls5mwezckxxsewys2/app.bsky.feed.generator/aaabzr2vqbaag,suggested_labelerexp,5,at://did:plc:t2medtl7xivyc4n2q322rxae/app.bsky.feed.post/3mfiprqp3oc2m,bafyreibhydaj56ljwdk2ymkzx7acqij6pfwqgvxiegyfwxdrkys35f5y54,did:plc:t2medtl7xivyc4n2q322rxae,heyfaeriere.com,,
a949065f32574c619dbbb6c2602d9a19,2026-02-24T02:00:00Z,2026-02-24T02:12:07Z,auth,auth_enUS_labelerexp,at://did:plc:geoqe3qls5mwezckxxsewys2/app.bsky.feed.generator/aaabzr2vqbaag,suggested_labelerexp,6,at://did:plc:ckwsk7geeypbythhkruf7xc7/app.bsky.feed.post/3mfinuj46lc2l,bafyreic6qn3fmwwgaasujbxkg6uf3czdfjrrzew447me2un5uywhtt5nyi,did:plc:ckwsk7geeypbythhkruf7xc7,sadieandsmut.bsky.social,,
a949065f32574c619dbbb6c2602d9a19,2026-02-24T02:00:00Z,2026-02-24T02:12:07Z,auth,auth_enUS_labelerexp,at://did:plc:geoqe3qls5mwezckxxsewys2/app.bsky.feed.generator/aaabzr2vqbaag,suggested_labelerexp,7,at://did:plc:fkiugxnx3ddpx5l5eqzrrvvs/app.bsky.feed.post/3mfijmdc2bs2n,bafyreiakmjdxzzoj3ilw6p2bw5gdgenthcgtbpppinz3usixae6x63x5u4,did:plc:fkiugxnx3ddpx5l5eqzrrvvs,ashemaree.bsky.social,,
a949065f32574c619dbbb6c2602d9a19,2026-02-24T02:00:00Z,2026-02-24T02:12:07Z,auth,auth_enUS_labelerexp,at://did:plc:geoqe3qls5mwezckxxsewys2/app.bsky.feed.generator/aaabzr2vqbaag,suggested_labelerexp,8,at://did:plc:fkiugxnx3ddpx5l5eqzrrvvs/app.bsky.feed.post/3mfhwbywdys2n,bafyreiet6sdvylp6avgxzxxks4nblwkejr535tkr3j767nu72bddtbl2pe,did:plc:fkiugxnx3ddpx5l5eqzrrvvs,ashemaree.bsky.social,,
a949065f32574c619dbbb6c2602d9a19,2026-02-24T02:00:00Z,2026-02-24T02:12:07Z,auth,auth_enUS_labelerexp,at://did:plc:geoqe3qls5mwezckxxsewys2/app.bsky.feed.generator/aaabzr2vqbaag,suggested_labelerexp,9,at://did:plc:folgnu3phumb6psc6nj2ogp4/app.bsky.feed.post/3mfgfug2rpk2s,bafyreicpr7timi5awaizmv2sbvmwin3ilvjzeuzlye6a7cm4a5da5cktxi,did:plc:folgnu3phumb6psc6nj2ogp4,astridkallsen.bsky.social,,
a949065f32574c619dbbb6c2602d9a19,2026-02-24T02:00:00Z,2026-02-24T02:12:07Z,auth,auth_enUS_labelerexp,at://did:plc:geoqe3qls5mwezckxxsewys2/app.bsky.feed.generator/aaabzr2vqbaag,suggested_labelerexp,10,at://did:plc:ckwsk7geeypbythhkruf7xc7/app.bsky.feed.post/3mffx7kk6722b,bafyreigge2lc4zonin5ykzpyvtpbnsnilfwccurqqdpadia57csumjgylq,did:plc:ckwsk7geeypbythhkruf7xc7,sadieandsmut.bsky.social,,
a949065f32574c619dbbb6c2602d9a19,2026-02-24T02:00:00Z,2026-02-24T02:12:07Z,auth,auth_enUS_labelerexp,at://did:plc:geoqe3qls5mwezckxxsewys2/app.bsky.feed.generator/aaabzr2vqbaag,suggested_labelerexp,11,at://did:plc:t2medtl7xivyc4n2q322rxae/app.bsky.feed.post/3mfffyhuous22,bafyreibju4ux677jy7mdkmwuitseyffsht522ghvhtrosalbv5bfor42qe,did:plc:t2medtl7xivyc4n2q322rxae,heyfaeriere.com,,
a949065f32574c619dbbb6c2602d9a19,2026-02-24T02:00:00Z,2026-02-24T02:12:07Z,auth,auth_enUS_labelerexp,at://did:plc:geoqe3qls5mwezckxxsewys2/app.bsky.feed.generator/aaabzr2vqbaag,suggested_labelerexp,12,at://did:plc:folgnu3phumb6psc6nj2ogp4/app.bsky.feed.post/3mffawcykrc2s,bafyreihnuhcpcsjre3vhnhoodp4tj5yghr6enor5mh6rhsscqzr2he67ca,did:plc:folgnu3phumb6psc6nj2ogp4,astridkallsen.bsky.social,,
a949065f32574c619dbbb6c2602d9a19,2026-02-24T02:00:00Z,2026-02-24T02:12:07Z,auth,auth_enUS_labelerexp,at://did:plc:geoqe3qls5mwezckxxsewys2/app.bsky.feed.generator/aaabzr2vqbaag,suggested_labelerexp,13,at://did:plc:folgnu3phumb6psc6nj2ogp4/app.bsky.feed.post/3mfdsdrbyl22p,bafyreic7uvmzhkoii5feyl4h4isqvbieptltzjk5qr5dxkdgmgeljoozam,did:plc:folgnu3phumb6psc6nj2ogp4,astridkallsen.bsky.social,,
a949065f32574c619dbbb6c2602d9a19,2026-02-24T02:00:00Z,2026-02-24T02:12:07Z,auth,auth_enUS_labelerexp,at://did:plc:geoqe3qls5mwezckxxsewys2/app.bsky.feed.generator/aaabzr2vqbaag,suggested_labelerexp,14,at://did:plc:folgnu3phumb6psc6nj2ogp4/app.bsky.feed.post/3mfd6exgqjc22,bafyreicold7iq73igblqhzqmduqilszhjbdt34j3mnvvkkhwqxlhcuynay,did:plc:folgnu3phumb6psc6nj2ogp4,astridkallsen.bsky.social,,
a949065f32574c619dbbb6c2602d9a19,2026-02-24T02:00:00Z,2026-02-24T02:12:07Z,auth,auth_enUS_labelerexp,at://did:plc:geoqe3qls5mwezckxxsewys2/app.bsky.feed.generator/aaabzr2vqbaag,suggested_labelerexp,15,at://did:plc:geoqe3qls5mwezckxxsewys2/app.bsky.feed.post/3mfd2gblsq22k,bafyreidwsb5t4lkxu4mpunsphnc7dlx2uctwnqjafyo2kffw2zbz676ryq,did:plc:geoqe3qls5mwezckxxsewys2,clarabelle.xyz,,
a949065f32574c619dbbb6c2602d9a19,2026-02-24T02:00:00Z,2026-02-24T02:12:07Z,auth,auth_enUS_labelerexp,at://did:plc:geoqe3qls5mwezckxxsewys2/app.bsky.feed.generator/aaabzr2vqbaag,suggested_labelerexp,16,at://did:plc:lcytlkvzs3wslcgbk7i3ygak/app.bsky.feed.post/3mfcn6ufegb2l,bafyreigwua2ariaw2tt5grhlgxah6us5jq3vbcuf3m6uxmfh7qqrym3d44,did:plc:lcytlkvzs3wslcgbk7i3ygak,sweetbee.vip,,
a949065f32574c619dbbb6c2602d9a19,2026-02-24T02:00:00Z,2026-02-24T02:12:07Z,auth,auth_enUS_labelerexp,at://did:plc:geoqe3qls5mwezckxxsewys2/app.bsky.feed.generator/aaabzr2vqbaag,suggested_labelerexp,17,at://did:plc:ckwsk7geeypbythhkruf7xc7/app.bsky.feed.post/3mfclvpwq5s2u,bafyreie5yu3q7pngnyq3qwttbjpvayhfriab4iiu6vgmybikwjurppdrli,did:plc:ckwsk7geeypbythhkruf7xc7,sadieandsmut.bsky.social,,
a949065f32574c619dbbb6c2602d9a19,2026-02-24T02:00:00Z,2026-02-24T02:12:07Z,auth,auth_enUS_labelerexp,at://did:plc:geoqe3qls5mwezckxxsewys2/app.bsky.feed.generator/aaabzr2vqbaag,suggested_labelerexp,18,at://did:plc:vri63dsbhev4fvdtawnosgwc/app.bsky.feed.post/3mfch6tbpac2p,bafyreib2ldolakadtzuxr2s5ry4yn4z6err3mkj3tq3rxi63hl2x6xfhlq,did:plc:vri63dsbhev4fvdtawnosgwc,jessiedames.bsky.social,,
a949065f32574c619dbbb6c2602d9a19,2026-02-24T02:00:00Z,2026-02-24T02:12:07Z,auth,auth_enUS_labelerexp,at://did:plc:geoqe3qls5mwezckxxsewys2/app.bsky.feed.generator/aaabzr2vqbaag,suggested_labelerexp,19,at://did:plc:folgnu3phumb6psc6nj2ogp4/app.bsky.feed.post/3mfcenfjtzs2v,bafyreidjpg5gwoy3eguxp2nx4xquhh4lulp4p3hzkpbetsfguuuv2b5tqm,did:plc:folgnu3phumb6psc6nj2ogp4,astridkallsen.bsky.social,,
a949065f32574c619dbbb6c2602d9a19,2026-02-24T02:00:00Z,2026-02-24T02:12:07Z,auth,auth_enUS_labelerexp,at://did:plc:geoqe3qls5mwezckxxsewys2/app.bsky.feed.generator/aaabzr2vqbaag,suggested_labelerexp,20,at://did:plc:lcytlkvzs3wslcgbk7i3ygak/app.bsky.feed.post/3mfcdn4673t2u,bafyreicfs6i4rujmjpynadz654c6cngm3fnwbutgnap62c5fq4z67mnvpy,did:plc:lcytlkvzs3wslcgbk7i3ygak,sweetbee.vip,,
a949065f32574c619dbbb6c2602d9a19,2026-02-24T02:00:00Z,2026-02-24T02:12:07Z,auth,auth_enUS_labelerexp,at://did:plc:geoqe3qls5mwezckxxsewys2/app.bsky.feed.generator/aaabzr2vqbaag,suggested_labelerexp,21,at://did:plc:folgnu3phumb6psc6nj2ogp4/app.bsky.feed.post/3mfbilp77f22v,bafyreibdf7d7kn7cgjtooe5em54oxsi5gpnoqu23zsthquj3733pqx7wjy,did:plc:folgnu3phumb6psc6nj2ogp4,astridkallsen.bsky.social,,
a949065f32574c619dbbb6c2602d9a19,2026-02-24T02:00:00Z,2026-02-24T02:12:07Z,auth,auth_enUS_labelerexp,at://did:plc:geoqe3qls5mwezckxxsewys2/app.bsky.feed.generator/aaabzr2vqbaag,suggested_labelerexp,22,at://did:plc:jbbihzchr5vn66exzpu2uowf/app.bsky.feed.post/3mfbe3rbct22b,bafyreicdnkmkz6hplqc3kolggfyus35kq2hoyswr74cn6bmvf4xyopf5r4,did:plc:jbbihzchr5vn66exzpu2uowf,claruspolaris.bsky.social,,
a949065f32574c619dbbb6c2602d9a19,2026-02-24T02:00:00Z,2026-02-24T02:12:07Z,auth,auth_enUS_labelerexp,at://did:plc:geoqe3qls5mwezckxxsewys2/app.bsky.feed.generator/aaabzr2vqbaag,suggested_labelerexp,23,at://did:plc:geoqe3qls5mwezckxxsewys2/app.bsky.feed.post/3k3bu45jqkh2j,bafyreifbespmz5co3urid3z543oz6ma42clmwcljktch2plvd2xvfab7py,did:plc:geoqe3qls5mwezckxxsewys2,clarabelle.xyz,,
a949065f32574c619dbbb6c2602d9a19,2026-02-24T02:00:00Z,2026-02-24T02:12:07Z,auth,auth_enUS_labelerexp,at://did:plc:geoqe3qls5mwezckxxsewys2/app.bsky.feed.generator/aaabzr2vqbaag,suggested_labelerexp,24,at://did:plc:ijl2oviwfup7no6ju3hbvo5s/app.bsky.feed.post/3mfb5o7vsys2e,bafyreiepva5tfsg3lkx3zkrq67emut75gimqlc43nxah7oxykgtpufmr2q,did:plc:ijl2oviwfup7no6ju3hbvo5s,destinationkat.net,,
a949065f32574c619dbbb6c2602d9a19,2026-02-24T02:00:00Z,2026-02-24T02:12:07Z,auth,auth_enUS_labelerexp,at://did:plc:geoqe3qls5mwezckxxsewys2/app.bsky.feed.generator/aaabzr2vqbaag,suggested_labelerexp,25,at://did:plc:lcytlkvzs3wslcgbk7i3ygak/app.bsky.feed.post/3mfb5hy7td72x,bafyreigptg5jf3ckp5uwbfzxc2b6vbqvv2ljoejcq3nzot7rjxz47ne2e4,did:plc:lcytlkvzs3wslcgbk7i3ygak,sweetbee.vip,,
a949065f32574c619dbbb6c2602d9a19,2026-02-24T02:00:00Z,2026-02-24T02:12:07Z,auth,auth_enUS_labelerexp,at://did:plc:geoqe3qls5mwezckxxsewys2/app.bsky.feed.generator/aaabzr2vqbaag,suggested_labelerexp,26,at://did:plc:folgnu3phumb6psc6nj2ogp4/app.bsky.feed.post/3mfatsc56pc24,bafyreigz3qdohxpyt3lc2k3xipqvy4hghqvdnlnzjgw5767hziqxq67ipa,did:plc:folgnu3phumb6psc6nj2ogp4,astridkallsen.bsky.social,,
a949065f32574c619dbbb6c2602d9a19,2026-02-24T02:00:00Z,2026-02-24T02:12:07Z,auth,auth_enUS_labelerexp,at://did:plc:geoqe3qls5mwezckxxsewys2/app.bsky.feed.generator/aaabzr2vqbaag,suggested_labelerexp,27,at://did:plc:lcytlkvzs3wslcgbk7i3ygak/app.bsky.feed.post/3mfas3yjdz62e,bafyreid5ar7lqy7757v74vurvykjs35uxaiov3okc7tuguq6ocacqzapjy,did:plc:lcytlkvzs3wslcgbk7i3ygak,sweetbee.vip,,
a949065f32574c619dbbb6c2602d9a19,2026-02-24T02:00:00Z,2026-02-24T02:12:07Z,auth,auth_enUS_labelerexp,at://did:plc:geoqe3qls5mwezckxxsewys2/app.bsky.feed.generator/aaabzr2vqbaag,suggested_labelerexp,28,at://did:plc:jbbihzchr5vn66exzpu2uowf/app.bsky.feed.post/3mfa5g4t3nk2l,bafyreift7ik4qcbwpksfbqojmhzhf7jrvfsxpbel6rd2p2wo4cqd6skriy,did:plc:jbbihzchr5vn66exzpu2uowf,claruspolaris.bsky.social,,
a949065f32574c619dbbb6c2602d9a19,2026-02-24T02:00:00Z,2026-02-24T02:12:07Z,auth,auth_enUS_labelerexp,at://did:plc:geoqe3qls5mwezckxxsewys2/app.bsky.feed.generator/aaabzr2vqbaag,suggested_labelerexp,29,at://did:plc:gkj32viy52otbdeiphvgrmbl/app.bsky.feed.post/3mf7lfzrejs2t,bafyreienz2f4pjj4zswmgaf2hahe2onlnjdmbuo6zaty2qlrtlbr3zkomy,did:plc:gkj32viy52otbdeiphvgrmbl,tiinygiirl.bsky.social,,
a949065f32574c619dbbb6c2602d9a19,2026-02-24T02:00:00Z,2026-02-24T02:12:07Z,auth,auth_enUS_labelerexp,at://did:plc:geoqe3qls5mwezckxxsewys2/app.bsky.feed.generator/aaabzr2vqbaag,suggested_labelerexp,30,at://did:plc:t2medtl7xivyc4n2q322rxae/app.bsky.feed.post/3mf6c6jzp5s2d,bafyreibedfjp4igvyb56s5yg2qgbh7ag6zmpxo43dosuhi5uohyr2tjqu4,did:plc:t2medtl7xivyc4n2q322rxae,heyfaeriere.com,,
a949065f32574c619dbbb6c2602d9a19,2026-02-24T02:00:00Z,2026-02-24T02:12:07Z,auth,auth_enUS_labelerexp,at://did:plc:geoqe3qls5mwezckxxsewys2/app.bsky.feed.generator/aaabzr2vqbaag,suggested_labelerexp,31,at://did:plc:svxkk2rpm2wa2nqgh4duumm2/app.bsky.feed.post/3mf5yp7ndcs2f,bafyreia5esgkn7rlnjb7l54ek6yhaah6n5ghof2hq2oq6s53x4cyl5fksi,did:plc:svxkk2rpm2wa2nqgh4duumm2,shiksababy.bsky.social,,
a949065f32574c619dbbb6c2602d9a19,2026-02-24T02:00:00Z,2026-02-24T02:12:07Z,auth,auth_enUS_labelerexp,at://did:plc:geoqe3qls5mwezckxxsewys2/app.bsky.feed.generator/aaabzr2vqbaag,suggested_labelerexp,32,at://did:plc:t2medtl7xivyc4n2q322rxae/app.bsky.feed.post/3mf5fzmg5oc2a,bafyreibinrjtttaff4niot2bwuoqxhq5jluh4sj6cqgf426ahfho7jwbtq,did:plc:t2medtl7xivyc4n2q322rxae,heyfaeriere.com,,
a949065f32574c619dbbb6c2602d9a19,2026-02-24T02:00:00Z,2026-02-24T02:12:07Z,auth,auth_enUS_labelerexp,at://did:plc:geoqe3qls5mwezckxxsewys2/app.bsky.feed.generator/aaabzr2vqbaag,suggested_labelerexp,33,at://did:plc:jbbihzchr5vn66exzpu2uowf/app.bsky.feed.post/3mf4hxzdlqc2f,bafyreig2x4lqxjtzobhuol5lbuggmzj2oojnvwla6s3un265jobzoqln44,did:plc:jbbihzchr5vn66exzpu2uowf,claruspolaris.bsky.social,,
a949065f32574c619dbbb6c2602d9a19,2026-02-24T02:00:00Z,2026-02-24T02:12:07Z,auth,auth_enUS_labelerexp,at://did:plc:geoqe3qls5mwezckxxsewys2/app.bsky.feed.generator/aaabzr2vqbaag,suggested_labelerexp,34,at://did:plc:ckwsk7geeypbythhkruf7xc7/app.bsky.feed.post/3mf3awc63rk2d,bafyreiex43h55epnltcjecql4rcbn4lhx5hd3qnn4wz2nszmg53rllpwvy,did:plc:ckwsk7geeypbythhkruf7xc7,sadieandsmut.bsky.social,,
a949065f32574c619dbbb6c2602d9a19,2026-02-24T02:00:00Z,2026-02-24T02:12:07Z,auth,auth_enUS_labelerexp,at://did:plc:geoqe3qls5mwezckxxsewys2/app.bsky.feed.generator/aaabzr2vqbaag,suggested_labelerexp,35,at://did:plc:mflkegnm52dfnxvwphzytqul/app.bsky.feed.post/3mf2l43e2r225,bafyreig7t5x7n7xk4b5craoj35utgn2a5u4hcevhmy6yq5akbje2hf4lb4,did:plc:mflkegnm52dfnxvwphzytqul,circeuk.com,,
a949065f32574c619dbbb6c2602d9a19,2026-02-24T02:00:00Z,2026-02-24T02:12:07Z,auth,auth_enUS_labelerexp,at://did:plc:geoqe3qls5mwezckxxsewys2/app.bsky.feed.generator/aaabzr2vqbaag,suggested_labelerexp,36,at://did:plc:mflkegnm52dfnxvwphzytqul/app.bsky.feed.post/3mf2gm64i2s25,bafyreiczvruds4xvku4glztihggjxabhjgpytcchdlzx7st5g44wyi34zq,did:plc:mflkegnm52dfnxvwphzytqul,circeuk.com,,
a949065f32574c619dbbb6c2602d9a19,2026-02-24T02:00:00Z,2026-02-24T02:12:07Z,auth,auth_enUS_labelerexp,at://did:plc:geoqe3qls5mwezckxxsewys2/app.bsky.feed.generator/aaabzr2vqbaag,suggested_labelerexp,37,at://did:plc:jbbihzchr5vn66exzpu2uowf/app.bsky.feed.post/3mezvaakhek26,bafyreidqwhcj2qzhs3m465aycpcan5cqiktc5zml62egfestfehgc7es2u,did:plc:jbbihzchr5vn66exzpu2uowf,claruspolaris.bsky.social,,
a949065f32574c619dbbb6c2602d9a19,2026-02-24T02:00:00Z,2026-02-24T02:12:07Z,auth,auth_enUS_labelerexp,at://did:plc:geoqe3qls5mwezckxxsewys2/app.bsky.feed.generator/aaabzr2vqbaag,suggested_labelerexp,38,at://did:plc:t2medtl7xivyc4n2q322rxae/app.bsky.feed.post/3meyieblcik2b,bafyreigkofijfgo4ukxqsrcvca5fmm2fkq73qldif4tk4ubfsna6dldl5i,did:plc:t2medtl7xivyc4n2q322rxae,heyfaeriere.com,,
a949065f32574c619dbbb6c2602d9a19,2026-02-24T02:00:00Z,2026-02-24T02:12:07Z,auth,auth_enUS_labelerexp,at://did:plc:geoqe3qls5mwezckxxsewys2/app.bsky.feed.generator/aaabzr2vqbaag,suggested_labelerexp,39,at://did:plc:svxkk2rpm2wa2nqgh4duumm2/app.bsky.feed.post/3mex7kmallc23,bafyreicitlkv7bw47ktq3i27lkg3ppahs2deed6qtegt22xyuikmdxt3ai,did:plc:svxkk2rpm2wa2nqgh4duumm2,shiksababy.bsky.social,,
a949065f32574c619dbbb6c2602d9a19,2026-02-24T02:00:00Z,2026-02-24T02:12:07Z,auth,auth_enUS_labelerexp,at://did:plc:geoqe3qls5mwezckxxsewys2/app.bsky.feed.generator/aaabzr2vqbaag,suggested_labelerexp,40,at://did:plc:t2medtl7xivyc4n2q322rxae/app.bsky.feed.post/3mewl53xyik2z,bafyreigvhihxrpej2ood7cm4mmqp63z6pkladb44si5td6lzfzknrfaf24,did:plc:t2medtl7xivyc4n2q322rxae,heyfaeriere.com,,
a949065f32574c619dbbb6c2602d9a19,2026-02-24T02:00:00Z,2026-02-24T02:12:07Z,auth,auth_enUS_labelerexp,at://did:plc:geoqe3qls5mwezckxxsewys2/app.bsky.feed.generator/aaabzr2vqbaag,suggested_labelerexp,41,at://did:plc:t2medtl7xivyc4n2q322rxae/app.bsky.feed.post/3meujz6stys2h,bafyreidzxro5mi6amxbwckzget2ildv5luyoewxulzyxswekofodumtrxe,did:plc:t2medtl7xivyc4n2q322rxae,heyfaeriere.com,,
a949065f32574c619dbbb6c2602d9a19,2026-02-24T02:00:00Z,2026-02-24T02:12:07Z,auth,auth_enUS_labelerexp,at://did:plc:geoqe3qls5mwezckxxsewys2/app.bsky.feed.generator/aaabzr2vqbaag,suggested_labelerexp,42,at://did:plc:svxkk2rpm2wa2nqgh4duumm2/app.bsky.feed.post/3meuaehy3c22a,bafyreicfbytrxup4c5ebpyia5hybcnjiroo4hhtbwt3uuno5x3ce2xju6m,did:plc:svxkk2rpm2wa2nqgh4duumm2,shiksababy.bsky.social,,
a949065f32574c619dbbb6c2602d9a19,2026-02-24T02:00:00Z,2026-02-24T02:12:07Z,auth,auth_enUS_labelerexp,at://did:plc:geoqe3qls5mwezckxxsewys2/app.bsky.feed.generator/aaabzr2vqbaag,suggested_labelerexp,43,at://did:plc:ns4ujr2ub6kwrzg6bkjrioa5/app.bsky.feed.post/3metzclljbc2l,bafyreigaiwysa343ieyg4kypwumpbiyc7hi3ftjorzfd63yclxnsbn6yp4,did:plc:ns4ujr2ub6kwrzg6bkjrioa5,saintarson.bsky.social,,
a949065f32574c619dbbb6c2602d9a19,2026-02-24T02:00:00Z,2026-02-24T02:12:07Z,auth,auth_enUS_labelerexp,at://did:plc:geoqe3qls5mwezckxxsewys2/app.bsky.feed.generator/aaabzr2vqbaag,suggested_labelerexp,44,at://did:plc:ckwsk7geeypbythhkruf7xc7/app.bsky.feed.post/3metvi7kyc22p,bafyreidqr2lfdkdqw2y44qideig3mj4zu6vkypnzenp5e4p5nngjn4w264,did:plc:ckwsk7geeypbythhkruf7xc7,sadieandsmut.bsky.social,,
a949065f32574c619dbbb6c2602d9a19,2026-02-24T02:00:00Z,2026-02-24T02:12:07Z,auth,auth_enUS_labelerexp,at://did:plc:geoqe3qls5mwezckxxsewys2/app.bsky.feed.generator/aaabzr2vqbaag,suggested_labelerexp,45,at://did:plc:fkiugxnx3ddpx5l5eqzrrvvs/app.bsky.feed.post/3mettwpzrd22j,bafyreidxaclsjyxxjve2vlsgqiv4n4hc4tkv4juaj7dlmlbliieiw475m4,did:plc:fkiugxnx3ddpx5l5eqzrrvvs,ashemaree.bsky.social,,
a949065f32574c619dbbb6c2602d9a19,2026-02-24T02:00:00Z,2026-02-24T02:12:07Z,auth,auth_enUS_labelerexp,at://did:plc:geoqe3qls5mwezckxxsewys2/app.bsky.feed.generator/aaabzr2vqbaag,suggested_labelerexp,46,at://did:plc:fkiugxnx3ddpx5l5eqzrrvvs/app.bsky.feed.post/3metqhvt6uk2j,bafyreifst46car5meihe5tmitlgfoq6nob5w5ifindfuo5xg5zqilkolby,did:plc:fkiugxnx3ddpx5l5eqzrrvvs,ashemaree.bsky.social,,
a949065f32574c619dbbb6c2602d9a19,2026-02-24T02:00:00Z,2026-02-24T02:12:07Z,auth,auth_enUS_labelerexp,at://did:plc:geoqe3qls5mwezckxxsewys2/app.bsky.feed.generator/aaabzr2vqbaag,suggested_labelerexp,47,at://did:plc:t2medtl7xivyc4n2q322rxae/app.bsky.feed.post/3metkrxgd7s2u,bafyreic4h2wl656pkf2yfolqbuyh7riu7buv5ntdyrca3r523xns7oogtq,did:plc:t2medtl7xivyc4n2q322rxae,heyfaeriere.com,,
a949065f32574c619dbbb6c2602d9a19,2026-02-24T02:00:00Z,2026-02-24T02:12:07Z,auth,auth_enUS_labelerexp,at://did:plc:geoqe3qls5mwezckxxsewys2/app.bsky.feed.generator/aaabzr2vqbaag,suggested_labelerexp,48,at://did:plc:ckwsk7geeypbythhkruf7xc7/app.bsky.feed.post/3mesgz3fxtc2h,bafyreihwwds5nxub2f3labse4uizfwkyk2r3777kncixc44ebyjwoi4soy,did:plc:ckwsk7geeypbythhkruf7xc7,sadieandsmut.bsky.social,,
a949065f32574c619dbbb6c2602d9a19,2026-02-24T02:00:00Z,2026-02-24T02:12:07Z,auth,auth_enUS_labelerexp,at://did:plc:geoqe3qls5mwezckxxsewys2/app.bsky.feed.generator/aaabzr2vqbaag,suggested_labelerexp,49,at://did:plc:svxkk2rpm2wa2nqgh4duumm2/app.bsky.feed.post/3mern5zpykc2w,bafyreica6iilv6xqy5qrqmzvemorvnx7ncgeccupy3chvmlioeyfxxyqye,did:plc:svxkk2rpm2wa2nqgh4duumm2,shiksababy.bsky.social,,
a949065f32574c619dbbb6c2602d9a19,2026-02-24T02:00:00Z,2026-02-24T02:12:07Z,auth,auth_enUS_labelerexp,at://did:plc:geoqe3qls5mwezckxxsewys2/app.bsky.feed.generator/aaabzr2vqbaag,suggested_labelerexp,50,at://did:plc:geoqe3qls5mwezckxxsewys2/app.bsky.feed.post/3lfvlbzfckz2e,bafyreia3doqgvhhm4athanuqjve556pii2abtpqqgv3npozieuevv3pvla,did:plc:geoqe3qls5mwezckxxsewys2,clarabelle.xyz,,
a949065f32574c619dbbb6c2602d9a19,2026-02-24T02:00:00Z,2026-02-24T02:12:08Z,auth,auth_enUS_labelerexp,at://did:plc:hf7ezrajxadu7v3tzcyij424/app.bsky.feed.generator/aaap7dpu57ve6,suggested_labelerexp,1,at://did:plc:esaislpxsmeueyslq42ogiim/app.bsky.feed.post/3mfkzyi3dhc2n,bafyreigompl2mvcoprwfnfbxr56rvl4aw5ot2ehg2dvtyv7goehxx5uwsu,did:plc:esaislpxsmeueyslq42ogiim,nbcsgiants.bsky.social,,
a949065f32574c619dbbb6c2602d9a19,2026-02-24T02:00:00Z,2026-02-24T02:12:08Z,auth,auth_enUS_labelerexp,at://did:plc:hf7ezrajxadu7v3tzcyij424/app.bsky.feed.generator/aaap7dpu57ve6,suggested_labelerexp,2,at://did:plc:idooavtb3a4mlluqclqzel5p/app.bsky.feed.post/3mfkx5p4itk2y,bafyreibno3i5uu5myryxgsmdhytipemxvfjrzgexhfy6qttkaiw7dwy5hy,did:plc:idooavtb3a4mlluqclqzel5p,adammccalvy.bsky.social,,
a949065f32574c619dbbb6c2602d9a19,2026-02-24T02:00:00Z,2026-02-24T02:12:08Z,auth,auth_enUS_labelerexp,at://did:plc:hf7ezrajxadu7v3tzcyij424/app.bsky.feed.generator/aaap7dpu57ve6,suggested_labelerexp,3,at://did:plc:eszia3ynuja6s7x3y3xnmkil/app.bsky.feed.post/3mfkuteovys24,bafyreidmtxp6uw4g6nooaggtxhqloh2ri3k4p634y5bueurnovb33y3oh4,did:plc:eszia3ynuja6s7x3y3xnmkil,polyesterunis.com,,
a949065f32574c619dbbb6c2602d9a19,2026-02-24T02:00:00Z,2026-02-24T02:12:08Z,auth,auth_enUS_labelerexp,at://did:plc:hf7ezrajxadu7v3tzcyij424/app.bsky.feed.generator/aaap7dpu57ve6,suggested_labelerexp,4,at://did:plc:a5yrzxyiufeqxf24sda5sebx/app.bsky.feed.post/3mfky37wzx32u,bafyreib2ub2ndp5tkwvdfbj2nxq5uunwnfooeeawkturfasoaae4ntn2hq,did:plc:a5yrzxyiufeqxf24sda5sebx,mlbbot.bsky.social,,
a949065f32574c619dbbb6c2602d9a19,2026-02-24T02:00:00Z,2026-02-24T02:12:08Z,auth,auth_enUS_labelerexp,at://did:plc:hf7ezrajxadu7v3tzcyij424/app.bsky.feed.generator/aaap7dpu57ve6,suggested_labelerexp,5,at://did:plc:wwjv37n37xrozzfku6zvduez/app.bsky.feed.post/3mfkvzuoqis2d,bafyreieymyy2d2jimqqph27wj7odnfbykc5jh5vuqzfo244ckwqdp3bzl4,did:plc:wwjv37n37xrozzfku6zvduez,keeganmatheson.bsky.social,,
a949065f32574c619dbbb6c2602d9a19,2026-02-24T02:00:00Z,2026-02-24T02:12:08Z,auth,auth_enUS_labelerexp,at://did:plc:hf7ezrajxadu7v3tzcyij424/app.bsky.feed.generator/aaap7dpu57ve6,suggested_labelerexp,6,at://did:plc:kdnm573img27wgmf4hq6pxmj/app.bsky.feed.post/3mfkyu57tus2z,bafyreif2mjluzf4xnxdbnah7b5hzxjhtuf5t65mzwxr2cd6zregjs6eicm,did:plc:kdnm573img27wgmf4hq6pxmj,therealbrent.bsky.social,,
a949065f32574c619dbbb6c2602d9a19,2026-02-24T02:00:00Z,2026-02-24T02:12:08Z,auth,auth_enUS_labelerexp,at://did:plc:hf7ezrajxadu7v3tzcyij424/app.bsky.feed.generator/aaap7dpu57ve6,suggested_labelerexp,7,at://did:plc:z2ad5vijs6bff6czpdrw5lya/app.bsky.feed.post/3mfl2lwzouk25,bafyreicuptzt3a27b7hwvis4tgodop7lxyw6zoz5vw2dwhgaoqrbjfr52i,did:plc:z2ad5vijs6bff6czpdrw5lya,metsprospects.bsky.social,,
a949065f32574c619dbbb6c2602d9a19,2026-02-24T02:00:00Z,2026-02-24T02:12:08Z,auth,auth_enUS_labelerexp,at://did:plc:hf7ezrajxadu7v3tzcyij424/app.bsky.feed.generator/aaap7dpu57ve6,suggested_labelerexp,8,at://did:plc:gcd5s7km6tnspiajzwmt44tb/app.bsky.feed.post/3mfl2kac34c2m,bafyreigvqnsofiuxsxjm7i7q7rirl5ax5oytss2ui54ndgrhzpv7xaq2dq,did:plc:gcd5s7km6tnspiajzwmt44tb,dcabloob.com,,
a949065f32574c619dbbb6c2602d9a19,2026-02-24T02:00:00Z,2026-02-24T02:12:08Z,auth,auth_enUS_labelerexp,at://did:plc:hf7ezrajxadu7v3tzcyij424/app.bsky.feed.generator/aaap7dpu57ve6,suggested_labelerexp,9,at://did:plc:wnuw37lluxzgsdnwxl7sgjmr/app.bsky.feed.post/3mfkxee7opc2d,bafyreiffhctbeigpzz5qyddpy377rho5vfyrpvyqipcsh23mmay6hxbizi,did:plc:wnuw37lluxzgsdnwxl7sgjmr,seattlesports710.bsky.social,,
a949065f32574c619dbbb6c2602d9a19,2026-02-24T02:00:00Z,2026-02-24T02:12:08Z,auth,auth_enUS_labelerexp,at://did:plc:hf7ezrajxadu7v3tzcyij424/app.bsky.feed.generator/aaap7dpu57ve6,suggested_labelerexp,10,at://did:plc:d7afxuq2iotwqbykuhr4dtdk/app.bsky.feed.post/3mfky3rxpkg2u,bafyreigz2fjxfgiyssrdg5ll3gsptres622smn4jejndicamnhzgtzf344,did:plc:d7afxuq2iotwqbykuhr4dtdk,talkinbaseballbot.bsky.social,,
a949065f32574c619dbbb6c2602d9a19,2026-02-24T02:00:00Z,2026-02-24T02:12:08Z,auth,auth_enUS_labelerexp,at://did:plc:hf7ezrajxadu7v3tzcyij424/app.bsky.feed.generator/aaap7dpu57ve6,suggested_labelerexp,11,at://did:plc:hvep6icar2mcua4zuzzbyd65/app.bsky.feed.post/3mfkvglbj2k22,bafyreiecddiucnptonmoiiafgwsgbd5uh2fgzpmnkf4al3ylktj4lfccmy,did:plc:hvep6icar2mcua4zuzzbyd65,tjstats.ca,,
a949065f32574c619dbbb6c2602d9a19,2026-02-24T02:00:00Z,2026-02-24T02:12:08Z,auth,auth_enUS_labelerexp,at://did:plc:hf7ezrajxadu7v3tzcyij424/app.bsky.feed.generator/aaap7dpu57ve6,suggested_labelerexp,12,at://did:plc:2darfo36xds4oznvip7x2ux7/app.bsky.feed.post/3mfkfhhgzuk2p,bafyreigzghxwwicy65cq643y64ik7wancz7jwtwgaqbpkgtoikdsyvnszy,did:plc:2darfo36xds4oznvip7x2ux7,mollyknight.bsky.social,,
a949065f32574c619dbbb6c2602d9a19,2026-02-24T02:00:00Z,2026-02-24T02:12:08Z,auth,auth_enUS_labelerexp,at://did:plc:hf7ezrajxadu7v3tzcyij424/app.bsky.feed.generator/aaap7dpu57ve6,suggested_labelerexp,13,at://did:plc:wie6s34baaupvunlv6dfxxqx/app.bsky.feed.post/3mfkwaz3yyc2h,bafyreigzvb2mnb4c2ovmg2heeeiyhvtgtxglovxtfp2eid6kynguyzbj24,did:plc:wie6s34baaupvunlv6dfxxqx,ihavethatonvinyl.com,,
a949065f32574c619dbbb6c2602d9a19,2026-02-24T02:00:00Z,2026-02-24T02:12:08Z,auth,auth_enUS_labelerexp,at://did:plc:hf7ezrajxadu7v3tzcyij424/app.bsky.feed.generator/aaap7dpu57ve6,suggested_labelerexp,14,at://did:plc:27eihnclsnjw3h55w53g2ur2/app.bsky.feed.post/3mfkftgayvc2o,bafyreicdpzfv3hx3zh5i435jrjjmlqjrswp6qjog6p7iif32kphx3ilg3u,did:plc:27eihnclsnjw3h55w53g2ur2,jaysonst.bsky.social,,
a949065f32574c619dbbb6c2602d9a19,2026-02-24T02:00:00Z,2026-02-24T02:12:08Z,auth,auth_enUS_labelerexp,at://did:plc:hf7ezrajxadu7v3tzcyij424/app.bsky.feed.generator/aaap7dpu57ve6,suggested_labelerexp,15,at://did:plc:a5yrzxyiufeqxf24sda5sebx/app.bsky.feed.post/3mfkwfkcwpp2w,bafyreig4kjtqgqr5k5gdzrz3oxh2yaicx2cr7wndjss2cvck7yqupxpy2y,did:plc:a5yrzxyiufeqxf24sda5sebx,mlbbot.bsky.social,,
a949065f32574c619dbbb6c2602d9a19,2026-02-24T02:00:00Z,2026-02-24T02:12:08Z,auth,auth_enUS_labelerexp,at://did:plc:hf7ezrajxadu7v3tzcyij424/app.bsky.feed.generator/aaap7dpu57ve6,suggested_labelerexp,16,at://did:plc:mwmubelks7k6h27cet6ag2mz/app.bsky.feed.post/3mfkucwmrmk25,bafyreic2igfyymglr2gfocelj2sp6ddrksyqspd56spwniawitdyutnuzy,did:plc:mwmubelks7k6h27cet6ag2mz,cespedesbbq.bsky.social,,
a949065f32574c619dbbb6c2602d9a19,2026-02-24T02:00:00Z,2026-02-24T02:12:08Z,auth,auth_enUS_labelerexp,at://did:plc:hf7ezrajxadu7v3tzcyij424/app.bsky.feed.generator/aaap7dpu57ve6,suggested_labelerexp,17,at://did:plc:dngjwv3szg4yvf7owvwqjo65/app.bsky.feed.post/3mfkwxsxwdm2z,bafyreicpprhsj6iodg77d3qxgbew7ggbx2dnfex74gm7knxn5bfrchhpdy,did:plc:dngjwv3szg4yvf7owvwqjo65,ethosfantasymlb.bsky.social,,
a949065f32574c619dbbb6c2602d9a19,2026-02-24T02:00:00Z,2026-02-24T02:12:08Z,auth,auth_enUS_labelerexp,at://did:plc:hf7ezrajxadu7v3tzcyij424/app.bsky.feed.generator/aaap7dpu57ve6,suggested_labelerexp,18,at://did:plc:xg7tzhghgguhits7ew4guuft/app.bsky.feed.post/3mfkvmu6ljk2d,bafyreifkj3ztesrwmbjkednbesd6p3yrzbv5uqfjep2rdjfs7tnarc3khm,did:plc:xg7tzhghgguhits7ew4guuft,intangble.bsky.social,,
a949065f32574c619dbbb6c2602d9a19,2026-02-24T02:00:00Z,2026-02-24T02:12:08Z,auth,auth_enUS_labelerexp,at://did:plc:hf7ezrajxadu7v3tzcyij424/app.bsky.feed.generator/aaap7dpu57ve6,suggested_labelerexp,19,at://did:plc:a5yrzxyiufeqxf24sda5sebx/app.bsky.feed.post/3mfkmdqbxe42t,bafyreiek3mhvtlj4xs3b34nrwhwffh5mmr72yquwaj6mcaggaeuz2ipilm,did:plc:a5yrzxyiufeqxf24sda5sebx,mlbbot.bsky.social,,
a949065f32574c619dbbb6c2602d9a19,2026-02-24T02:00:00Z,2026-02-24T02:12:08Z,auth,auth_enUS_labelerexp,at://did:plc:hf7ezrajxadu7v3tzcyij424/app.bsky.feed.generator/aaap7dpu57ve6,suggested_labelerexp,20,at://did:plc:4kdjdtsxqqwhxe6gtjah52av/app.bsky.feed.post/3mfkox7hpms2z,bafyreih344xitz2rpttq2i2szrubhakgvpe36z3piua56kg6k3j5j3uuwe,did:plc:4kdjdtsxqqwhxe6gtjah52av,countbelisarius.bsky.social,,
a949065f32574c619dbbb6c2602d9a19,2026-02-24T02:00:00Z,2026-02-24T02:12:08Z,auth,auth_enUS_labelerexp,at://did:plc:hf7ezrajxadu7v3tzcyij424/app.bsky.feed.generator/aaap7dpu57ve6,suggested_labelerexp,21,at://did:plc:c53jer44kgtej3iaaf4j5aoe/app.bsky.feed.post/3mfkyfajp2s2t,bafyreiawezzxq4fdsqutkrf75yv6cy3ou54tzlr34nvosghhjungxyunsu,did:plc:c53jer44kgtej3iaaf4j5aoe,stevegilbertmlb.bsky.social,,
a949065f32574c619dbbb6c2602d9a19,2026-02-24T02:00:00Z,2026-02-24T02:12:08Z,auth,auth_enUS_labelerexp,at://did:plc:hf7ezrajxadu7v3tzcyij424/app.bsky.feed.generator/aaap7dpu57ve6,suggested_labelerexp,22,at://did:plc:a5yrzxyiufeqxf24sda5sebx/app.bsky.feed.post/3mfkwflnqnm2p,bafyreif4ul2ndsnqxbfqhsib43epo4z3vdginphy4rfl3xggjbjnn5hrke,did:plc:a5yrzxyiufeqxf24sda5sebx,mlbbot.bsky.social,,
a949065f32574c619dbbb6c2602d9a19,2026-02-24T02:00:00Z,2026-02-24T02:12:08Z,auth,auth_enUS_labelerexp,at://did:plc:hf7ezrajxadu7v3tzcyij424/app.bsky.feed.generator/aaap7dpu57ve6,suggested_labelerexp,23,at://did:plc:ovoc4kruiyj3o32fhq76yvhg/app.bsky.feed.post/3mfkv2tpc2c2z,bafyreidxhdrrcfzumlmbknqwox4wn5kmfdrikplvjbrvbd7ev7on6taiqa,did:plc:ovoc4kruiyj3o32fhq76yvhg,1992pirates.bsky.social,,
a949065f32574c619dbbb6c2602d9a19,2026-02-24T02:00:00Z,2026-02-24T02:12:08Z,auth,auth_enUS_labelerexp,at://did:plc:hf7ezrajxadu7v3tzcyij424/app.bsky.feed.generator/aaap7dpu57ve6,suggested_labelerexp,24,at://did:plc:ujhe32sz3pn76ztkxxv6xpu4/app.bsky.feed.post/3mfkuspii222w,bafyreievb24uxyoa75qosf2j4u2uzeqse72dnfumaoj2d4otcknuyaf6rq,did:plc:ujhe32sz3pn76ztkxxv6xpu4,mikegehrke.bsky.social,,
a949065f32574c619dbbb6c2602d9a19,2026-02-24T02:00:00Z,2026-02-24T02:12:08Z,auth,auth_enUS_labelerexp,at://did:plc:hf7ezrajxadu7v3tzcyij424/app.bsky.feed.generator/aaap7dpu57ve6,suggested_labelerexp,25,at://did:plc:a5yrzxyiufeqxf24sda5sebx/app.bsky.feed.post/3mfkt2bg6272b,bafyreighjj2ffsopraphmbi32duqfb25dxnkd2z4teaip5zsirlbohemnq,did:plc:a5yrzxyiufeqxf24sda5sebx,mlbbot.bsky.social,,
a949065f32574c619dbbb6c2602d9a19,2026-02-24T02:00:00Z,2026-02-24T02:12:08Z,auth,auth_enUS_labelerexp,at://did:plc:hf7ezrajxadu7v3tzcyij424/app.bsky.feed.generator/aaap7dpu57ve6,suggested_labelerexp,26,at://did:plc:cs5ysutmzay64iaqvs7m6uqx/app.bsky.feed.post/3mfkxodws4a25,bafyreibejgczeaiuls6cko7twn2jee6nqkdmcvhjvmsiy2ooerngad2upu,did:plc:cs5ysutmzay64iaqvs7m6uqx,columbian.com,,
a949065f32574c619dbbb6c2602d9a19,2026-02-24T02:00:00Z,2026-02-24T02:12:08Z,auth,auth_enUS_labelerexp,at://did:plc:hf7ezrajxadu7v3tzcyij424/app.bsky.feed.generator/aaap7dpu57ve6,suggested_labelerexp,27,at://did:plc:5y522l77cm4fzaov73fpsl7v/app.bsky.feed.post/3mfkxns3ixk27,bafyreifgnqpfxpxdituyy7zq26chqo6bmbzr7d6j7e7ouijczl7g2kk5xu,did:plc:5y522l77cm4fzaov73fpsl7v,scottcolesbyjr.com,,
a949065f32574c619dbbb6c2602d9a19,2026-02-24T02:00:00Z,2026-02-24T02:12:08Z,auth,auth_enUS_labelerexp,at://did:plc:hf7ezrajxadu7v3tzcyij424/app.bsky.feed.generator/aaap7dpu57ve6,suggested_labelerexp,28,at://did:plc:77fe4qxc74zyjnugs5pdtcyq/app.bsky.feed.post/3mfkejmbm4k2v,bafyreiawha6ibobczybvxu5tzx7ogic5euv2oxjlaewv2gkxqxenhkuvli,did:plc:77fe4qxc74zyjnugs5pdtcyq,codifybaseball.bsky.social,,
a949065f32574c619dbbb6c2602d9a19,2026-02-24T02:00:00Z,2026-02-24T02:12:08Z,auth,auth_enUS_labelerexp,at://did:plc:hf7ezrajxadu7v3tzcyij424/app.bsky.feed.generator/aaap7dpu57ve6,suggested_labelerexp,29,at://did:plc:737vkpayb7uxlx4fjphrfcgr/app.bsky.feed.post/3mfkrfeds2s2l,bafyreig5adfo5b6b42z3e2wpvb5zm7ip2queguobp5bmnovlz7p7w6mx2u,did:plc:737vkpayb7uxlx4fjphrfcgr,kdcaseywrites.bsky.social,,
a949065f32574c619dbbb6c2602d9a19,2026-02-24T02:00:00Z,2026-02-24T02:12:08Z,auth,auth_enUS_labelerexp,at://did:plc:hf7ezrajxadu7v3tzcyij424/app.bsky.feed.generator/aaap7dpu57ve6,suggested_labelerexp,30,at://did:plc:wrcpvj646gol5ddqt6krjpkg/app.bsky.feed.post/3mfkvcm6w722v,bafyreibkxnw6ca575xak3i4afflrlssaojqgum66zco57agdy3mk2mpae4,did:plc:wrcpvj646gol5ddqt6krjpkg,ebgp.bsky.social,,
a949065f32574c619dbbb6c2602d9a19,2026-02-24T02:00:00Z,2026-02-24T02:12:08Z,auth,auth_enUS_labelerexp,at://did:plc:hf7ezrajxadu7v3tzcyij424/app.bsky.feed.generator/aaap7dpu57ve6,suggested_labelerexp,31,at://did:plc:x4kk5vfkkefulsdckbeqqars/app.bsky.feed.post/3mfkvc6vnsc2n,bafyreibzufufz22t3xivc6otqjtb3f4dc6lp4jxb5hmnfznf364ewpbcta,did:plc:x4kk5vfkkefulsdckbeqqars,zoey.dog,,
a949065f32574c619dbbb6c2602d9a19,2026-02-24T02:00:00Z,2026-02-24T02:12:08Z,auth,auth_enUS_labelerexp,at://did:plc:hf7ezrajxadu7v3tzcyij424/app.bsky.feed.generator/aaap7dpu57ve6,suggested_labelerexp,32,at://did:plc:luuzpk7xzpkm6exbnbza46or/app.bsky.feed.post/3mfkqi7qlng23,bafyreie36faceb7xoue3vh4kq2hwt4lk2r33bw4axoxfbreyeyriu4adse,did:plc:luuzpk7xzpkm6exbnbza46or,giantbot.bsky.social,,
a949065f32574c619dbbb6c2602d9a19,2026-02-24T02:00:00Z,2026-02-24T02:12:08Z,auth,auth_enUS_labelerexp,at://did:plc:hf7ezrajxadu7v3tzcyij424/app.bsky.feed.generator/aaap7dpu57ve6,suggested_labelerexp,33,at://did:plc:krtgzfixmfafx4ndpywlfmsm/app.bsky.feed.post/3mfksmias6j2u,bafyreibfs4sqfmgxlvqmmiaab75uiurcjny54xjssnt3c32657jhj2ciii,did:plc:krtgzfixmfafx4ndpywlfmsm,mlbtraderumors.bsky.social,,
a949065f32574c619dbbb6c2602d9a19,2026-02-24T02:00:00Z,2026-02-24T02:12:08Z,auth,auth_enUS_labelerexp,at://did:plc:hf7ezrajxadu7v3tzcyij424/app.bsky.feed.generator/aaap7dpu57ve6,suggested_labelerexp,34,at://did:plc:a5yrzxyiufeqxf24sda5sebx/app.bsky.feed.post/3mfk5arjrri2z,bafyreib22vhl3rdbspzpyf5mqjh544yyevpt4qmi5g4dzcogsd3prg7sjm,did:plc:a5yrzxyiufeqxf24sda5sebx,mlbbot.bsky.social,,
a949065f32574c619dbbb6c2602d9a19,2026-02-24T02:00:00Z,2026-02-24T02:12:08Z,auth,auth_enUS_labelerexp,at://did:plc:hf7ezrajxadu7v3tzcyij424/app.bsky.feed.generator/aaap7dpu57ve6,suggested_labelerexp,35,at://did:plc:a5yrzxyiufeqxf24sda5sebx/app.bsky.feed.post/3mfkupwlpaj22,bafyreibokr2hacv6ywunojfbt4gjg6by6zbdvgov6y474rihd4lz5ydkqq,did:plc:a5yrzxyiufeqxf24sda5sebx,mlbbot.bsky.social,,
a949065f32574c619dbbb6c2602d9a19,2026-02-24T02:00:00Z,2026-02-24T02:12:08Z,auth,auth_enUS_labelerexp,at://did:plc:hf7ezrajxadu7v3tzcyij424/app.bsky.feed.generator/aaap7dpu57ve6,suggested_labelerexp,36,at://did:plc:7bryhno7ys24bbc4fbn3mexw/app.bsky.feed.post/3mfkwkm6rdo2k,bafyreiejwbtttnf55kqcbj5wla7gz6dujgzokrqmkh4zemvacxn7swmj7e,did:plc:7bryhno7ys24bbc4fbn3mexw,qqrcy5urbn.bsky.social,,
a949065f32574c619dbbb6c2602d9a19,2026-02-24T02:00:00Z,2026-02-24T02:12:08Z,auth,auth_enUS_labelerexp,at://did:plc:hf7ezrajxadu7v3tzcyij424/app.bsky.feed.generator/aaap7dpu57ve6,suggested_labelerexp,37,at://did:plc:dngjwv3szg4yvf7owvwqjo65/app.bsky.feed.post/3mfkwj3scyf2d,bafyreibx2m3muzqngowrcu7yltqgsaqrf3gqiw4fptsptx4xoqpftcxqne,did:plc:dngjwv3szg4yvf7owvwqjo65,ethosfantasymlb.bsky.social,,
a949065f32574c619dbbb6c2602d9a19,2026-02-24T02:00:00Z,2026-02-24T02:12:08Z,auth,auth_enUS_labelerexp,at://did:plc:hf7ezrajxadu7v3tzcyij424/app.bsky.feed.generator/aaap7dpu57ve6,suggested_labelerexp,38,at://did:plc:krtgzfixmfafx4ndpywlfmsm/app.bsky.feed.post/3mfkpu7ybf22o,bafyreifhv4c3qimbvaq55e3n53glnbakhwvi7rwrjwbfr6ee7maai5z4kq,did:plc:krtgzfixmfafx4ndpywlfmsm,mlbtraderumors.bsky.social,,
a949065f32574c619dbbb6c2602d9a19,2026-02-24T02:00:00Z,2026-02-24T02:12:08Z,auth,auth_enUS_labelerexp,at://did:plc:hf7ezrajxadu7v3tzcyij424/app.bsky.feed.generator/aaap7dpu57ve6,suggested_labelerexp,39,at://did:plc:v2qey3kid75o7yrmmxjcpafy/app.bsky.feed.post/3mfknqhc74226,bafyreiazepkzjvvcch7o53zcy56gukibgrrq2tppxui6ak2eg2agl3p7n4,did:plc:v2qey3kid75o7yrmmxjcpafy,nathanhb.bsky.social,,
a949065f32574c619dbbb6c2602d9a19,2026-02-24T02:00:00Z,2026-02-24T02:12:08Z,auth,auth_enUS_labelerexp,at://did:plc:hf7ezrajxadu7v3tzcyij424/app.bsky.feed.generator/aaap7dpu57ve6,suggested_labelerexp,40,at://did:plc:uaqre4wuofsmqpvgmwxz4cir/app.bsky.feed.post/3mfkardjk2c2r,bafyreihzhdqku7vdwkynsqausen7vdojfwzxv2v2lxquxlnr7epr6p32he,did:plc:uaqre4wuofsmqpvgmwxz4cir,wilweston.bsky.social,,
a949065f32574c619dbbb6c2602d9a19,2026-02-24T02:00:00Z,2026-02-24T02:12:08Z,auth,auth_enUS_labelerexp,at://did:plc:hf7ezrajxadu7v3tzcyij424/app.bsky.feed.generator/aaap7dpu57ve6,suggested_labelerexp,41,at://did:plc:k4gm5ltulusdc676ewtjlxxa/app.bsky.feed.post/3mfkhwdftxc2d,bafyreigfjxowp433gt7btpyfn4lm53wnvwdy72esgudfug3xiibprbzxjy,did:plc:k4gm5ltulusdc676ewtjlxxa,andrewbaggarly.bsky.social,,
a949065f32574c619dbbb6c2602d9a19,2026-02-24T02:00:00Z,2026-02-24T02:12:08Z,auth,auth_enUS_labelerexp,at://did:plc:hf7ezrajxadu7v3tzcyij424/app.bsky.feed.generator/aaap7dpu57ve6,suggested_labelerexp,42,at://did:plc:arxa4dlztzzn2jxjhzva7w2x/app.bsky.feed.post/3mfkpn4sqna25,bafyreigthtqx26lrotwk73uavwmwfxv43346w3bmw2gsutbjew2f2apfcu,did:plc:arxa4dlztzzn2jxjhzva7w2x,bleedcubbieblue.bsky.social,,
a949065f32574c619dbbb6c2602d9a19,2026-02-24T02:00:00Z,2026-02-24T02:12:08Z,auth,auth_enUS_labelerexp,at://did:plc:hf7ezrajxadu7v3tzcyij424/app.bsky.feed.generator/aaap7dpu57ve6,suggested_labelerexp,43,at://did:plc:jl5dnzsxqhlyrt66rwvn7agt/app.bsky.feed.post/3mfkrnefhdc2o,bafyreian6u34w5q2kpjv3otcsezq6m2h6s4c74acadm7z6vaighwqw2vu4,did:plc:jl5dnzsxqhlyrt66rwvn7agt,michaelrosen.bsky.social,,
a949065f32574c619dbbb6c2602d9a19,2026-02-24T02:00:00Z,2026-02-24T02:12:08Z,auth,auth_enUS_labelerexp,at://did:plc:hf7ezrajxadu7v3tzcyij424/app.bsky.feed.generator/aaap7dpu57ve6,suggested_labelerexp,44,at://did:plc:wnuw37lluxzgsdnwxl7sgjmr/app.bsky.feed.post/3mfkvl5excs2d,bafyreic4kne4cnfqhiewycrz4ajgndarhyiumeis3uhmowjsjejgmhps2m,did:plc:wnuw37lluxzgsdnwxl7sgjmr,seattlesports710.bsky.social,,
a949065f32574c619dbbb6c2602d9a19,2026-02-24T02:00:00Z,2026-02-24T02:12:08Z,auth,auth_enUS_labelerexp,at://did:plc:hf7ezrajxadu7v3tzcyij424/app.bsky.feed.generator/aaap7dpu57ve6,suggested_labelerexp,45,at://did:plc:dngjwv3szg4yvf7owvwqjo65/app.bsky.feed.post/3mfkvknut2j2x,bafyreibekclxk2xn2cwhfkfvnjmk6rszywhdqzu3654l4wwqkt644dflpq,did:plc:dngjwv3szg4yvf7owvwqjo65,ethosfantasymlb.bsky.social,,
a949065f32574c619dbbb6c2602d9a19,2026-02-24T02:00:00Z,2026-02-24T02:12:08Z,auth,auth_enUS_labelerexp,at://did:plc:hf7ezrajxadu7v3tzcyij424/app.bsky.feed.generator/aaap7dpu57ve6,suggested_labelerexp,46,at://did:plc:4kxaujevio7kizmcshgxvseq/app.bsky.feed.post/3mfkvgfzh4s2y,bafyreifrmcheyzmukbopdur3biw2bibcpuavwqku6irbvunbs7lhbsqhdm,did:plc:4kxaujevio7kizmcshgxvseq,kingfitch1990.bsky.social,,
a949065f32574c619dbbb6c2602d9a19,2026-02-24T02:00:00Z,2026-02-24T02:12:08Z,auth,auth_enUS_labelerexp,at://did:plc:hf7ezrajxadu7v3tzcyij424/app.bsky.feed.generator/aaap7dpu57ve6,suggested_labelerexp,47,at://did:plc:hvep6icar2mcua4zuzzbyd65/app.bsky.feed.post/3mfkvfwr37222,bafyreidgshgplx5vrp65xeoopavh62cmwvt7bnkdfrhfveek6752xmjq5q,did:plc:hvep6icar2mcua4zuzzbyd65,tjstats.ca,,
a949065f32574c619dbbb6c2602d9a19,2026-02-24T02:00:00Z,2026-02-24T02:12:08Z,auth,auth_enUS_labelerexp,at://did:plc:hf7ezrajxadu7v3tzcyij424/app.bsky.feed.generator/aaap7dpu57ve6,suggested_labelerexp,48,at://did:plc:a5yrzxyiufeqxf24sda5sebx/app.bsky.feed.post/3mfkreo6dli2n,bafyreibn3waqfyy4eumjlwg6a54lassbadxzbwvn5sdptxr3h6ieb2w7lq,did:plc:a5yrzxyiufeqxf24sda5sebx,mlbbot.bsky.social,,
a949065f32574c619dbbb6c2602d9a19,2026-02-24T02:00:00Z,2026-02-24T02:12:08Z,auth,auth_enUS_labelerexp,at://did:plc:hf7ezrajxadu7v3tzcyij424/app.bsky.feed.generator/aaap7dpu57ve6,suggested_labelerexp,49,at://did:plc:krtgzfixmfafx4ndpywlfmsm/app.bsky.feed.post/3mfkn3gwsgd2k,bafyreifmb4kuzwwywme5vwqtbnrrkvkw6nbrtmknhauhypk2tu2rbvbnd4,did:plc:krtgzfixmfafx4ndpywlfmsm,mlbtraderumors.bsky.social,,
a949065f32574c619dbbb6c2602d9a19,2026-02-24T02:00:00Z,2026-02-24T02:12:08Z,auth,auth_enUS_labelerexp,at://did:plc:hf7ezrajxadu7v3tzcyij424/app.bsky.feed.generator/aaap7dpu57ve6,suggested_labelerexp,50,at://did:plc:bgdn4hu5qkynkyyyn3w6h236/app.bsky.feed.post/3mfkv6zi2gc2w,bafyreiazz2bxlyqdv7gmn3k3l6pk5p2e2ik7nre2e4jn26ryarakssfjky,did:plc:bgdn4hu5qkynkyyyn3w6h236,sportsangle.bsky.social,,
a949065f32574c619dbbb6c2602d9a19,2026-02-24T02:00:00Z,2026-02-24T02:12:08Z,auth,auth_enUS_labelerexp,at://did:plc:jdkvwye2lf4mingzk7qdebzc/app.bsky.feed.generator/art-clean,suggested_labelerexp,1,at://did:plc:c4rnddlaekrclcx4rcz43ngp/app.bsky.feed.post/3mfl2lyhbu227,bafyreiebjvcqdjn7buwqpv5qg6wnlfegkohm3ycoofvg2ojw6ngfcprkeu,did:plc:c4rnddlaekrclcx4rcz43ngp,sillyvladek.bsky.social,,
a949065f32574c619dbbb6c2602d9a19,2026-02-24T02:00:00Z,2026-02-24T02:12:08Z,auth,auth_enUS_labelerexp,at://did:plc:jdkvwye2lf4mingzk7qdebzc/app.bsky.feed.generator/art-clean,suggested_labelerexp,2,at://did:plc:rrrmlfkash7p26efcdmu7d2z/app.bsky.feed.post/3mfl2g2h5fk2o,bafyreicijoysq6ngumq2yub2vxpe4x4i5bdx75ojvhuxgb57bvmifg2eyy,did:plc:rrrmlfkash7p26efcdmu7d2z,rabbitnosebleed.bsky.social,,
a949065f32574c619dbbb6c2602d9a19,2026-02-24T02:00:00Z,2026-02-24T02:12:08Z,auth,auth_enUS_labelerexp,at://did:plc:jdkvwye2lf4mingzk7qdebzc/app.bsky.feed.generator/art-clean,suggested_labelerexp,3,at://did:plc:ps3yubkad3qqxgjg6fyrb2ka/app.bsky.feed.post/3mfl2dtcbzk2j,bafyreiaoiyzkewgezndzqyfkqxd3fxfbh4lrb37a2uzuehglhsox7tdvwu,did:plc:ps3yubkad3qqxgjg6fyrb2ka,aeloryastar.bsky.social,,
a949065f32574c619dbbb6c2602d9a19,2026-02-24T02:00:00Z,2026-02-24T02:12:08Z,auth,auth_enUS_labelerexp,at://did:plc:jdkvwye2lf4mingzk7qdebzc/app.bsky.feed.generator/art-clean,suggested_labelerexp,4,at://did:plc:pfwtsb35x6djrgqoussa3lp6/app.bsky.feed.post/3mfl26a2zpc24,bafyreieakya67pbi7nh7mwcx6u73svjj73mgivvhcactq3eoqavxpkieqy,did:plc:pfwtsb35x6djrgqoussa3lp6,murmeruem.bsky.social,,
a949065f32574c619dbbb6c2602d9a19,2026-02-24T02:00:00Z,2026-02-24T02:12:08Z,auth,auth_enUS_labelerexp,at://did:plc:jdkvwye2lf4mingzk7qdebzc/app.bsky.feed.generator/art-clean,suggested_labelerexp,5,at://did:plc:ujwf7ajgbjw7umqlylurp55u/app.bsky.feed.post/3mfl25issbk2j,bafyreibpuinndhnq7bdnr3lkxjbj5vfjo4xdftgb5qpfc736nuzm7cpsiy,did:plc:ujwf7ajgbjw7umqlylurp55u,gobdad.bsky.social,,
a949065f32574c619dbbb6c2602d9a19,2026-02-24T02:00:00Z,2026-02-24T02:12:08Z,auth,auth_enUS_labelerexp,at://did:plc:jdkvwye2lf4mingzk7qdebzc/app.bsky.feed.generator/art-clean,suggested_labelerexp,6,at://did:plc:gzh4giqxxp7rr4mptx52rtk2/app.bsky.feed.post/3mfl254ewtc2d,bafyreigkypetg2jdhbp4gpl3fkea6x2uov5kai66m7fqxoejpsruvsfxlm,did:plc:gzh4giqxxp7rr4mptx52rtk2,bardy.bsky.social,,
a949065f32574c619dbbb6c2602d9a19,2026-02-24T02:00:00Z,2026-02-24T02:12:08Z,auth,auth_enUS_labelerexp,at://did:plc:jdkvwye2lf4mingzk7qdebzc/app.bsky.feed.generator/art-clean,suggested_labelerexp,7,at://did:plc:v66xclgttkga577dojtqemhe/app.bsky.feed.post/3mfkznp4m7227,bafyreidqdcqsrcafvuhzcryr27y4j6kc6mamrheapafaf6mvfazn63l2xu,did:plc:v66xclgttkga577dojtqemhe,seraphsigil.bsky.social,,
a949065f32574c619dbbb6c2602d9a19,2026-02-24T02:00:00Z,2026-02-24T02:12:08Z,auth,auth_enUS_labelerexp,at://did:plc:jdkvwye2lf4mingzk7qdebzc/app.bsky.feed.generator/art-clean,suggested_labelerexp,8,at://did:plc:yejxxnjkq27wqychj3yueuo3/app.bsky.feed.post/3mfkzldpne22w,bafyreig4jqqlas7cnhdt7nb7rcyrmz75o3cpu7eelgcvoq3bmep3pbor6m,did:plc:yejxxnjkq27wqychj3yueuo3,artmab.bsky.social,,
a949065f32574c619dbbb6c2602d9a19,2026-02-24T02:00:00Z,2026-02-24T02:12:08Z,auth,auth_enUS_labelerexp,at://did:plc:jdkvwye2lf4mingzk7qdebzc/app.bsky.feed.generator/art-clean,suggested_labelerexp,9,at://did:plc:hitg26qge2th2gouj3p76hed/app.bsky.feed.post/3mfkzffgkrc2c,bafyreibnnz6ksio2ndziunjxgegrdxlbfehcumoepkdbet5dxdpmhywtsu,did:plc:hitg26qge2th2gouj3p76hed,therougecat.bsky.social,,
a949065f32574c619dbbb6c2602d9a19,2026-02-24T02:00:00Z,2026-02-24T02:12:08Z,auth,auth_enUS_labelerexp,at://did:plc:jdkvwye2lf4mingzk7qdebzc/app.bsky.feed.generator/art-clean,suggested_labelerexp,10,at://did:plc:pudsejk34cel5szfra6j5jns/app.bsky.feed.post/3mfkzci6fm22n,bafyreicdnz353uo5t43l6o6npiyxdy7pqcxjpsqxcspkjsj5c6wbb53uey,did:plc:pudsejk34cel5szfra6j5jns,wanderingphysicist.bsky.social,,
a949065f32574c619dbbb6c2602d9a19,2026-02-24T02:00:00Z,2026-02-24T02:12:08Z,auth,auth_enUS_labelerexp,at://did:plc:jdkvwye2lf4mingzk7qdebzc/app.bsky.feed.generator/art-clean,suggested_labelerexp,11,at://did:plc:7roolb3kjcllqfdacau2ojqz/app.bsky.feed.post/3mfkyysm6lc2z,bafyreigvi44ezcexkqjoalq3n64q5g6a3cugga6zt2w7v2meh6euoh3uxm,did:plc:7roolb3kjcllqfdacau2ojqz,drakonejo.bsky.social,,
a949065f32574c619dbbb6c2602d9a19,2026-02-24T02:00:00Z,2026-02-24T02:12:08Z,auth,auth_enUS_labelerexp,at://did:plc:jdkvwye2lf4mingzk7qdebzc/app.bsky.feed.generator/art-clean,suggested_labelerexp,12,at://did:plc:453fgdbkavfjciuqpb6z7ge4/app.bsky.feed.post/3mfkyw6wlxk2w,bafyreidohkyyl7vaynych2k5snzf33hk4uovipxtpdclqnd43jupdn5chm,did:plc:453fgdbkavfjciuqpb6z7ge4,nerozumim.bsky.social,,
a949065f32574c619dbbb6c2602d9a19,2026-02-24T02:00:00Z,2026-02-24T02:12:08Z,auth,auth_enUS_labelerexp,at://did:plc:jdkvwye2lf4mingzk7qdebzc/app.bsky.feed.generator/art-clean,suggested_labelerexp,13,at://did:plc:nblzmw5osklbx5rlxnldtxdi/app.bsky.feed.post/3mfkyvfrm722k,bafyreiarr5iwtikjgyqqhrmsi3ljggvy664teh27vw72jztxi7meotrkqi,did:plc:nblzmw5osklbx5rlxnldtxdi,nu-m00n.bsky.social,,
a949065f32574c619dbbb6c2602d9a19,2026-02-24T02:00:00Z,2026-02-24T02:12:08Z,auth,auth_enUS_labelerexp,at://did:plc:jdkvwye2lf4mingzk7qdebzc/app.bsky.feed.generator/art-clean,suggested_labelerexp,14,at://did:plc:lje4o6zmkl2blvrcqwx2ksij/app.bsky.feed.post/3mfkyu7i3fk27,bafyreiha3brrpwowqadoceqabayxojc2356tzp3rbyngrvwquuksykkciu,did:plc:lje4o6zmkl2blvrcqwx2ksij,dumpstershark0.bsky.social,,
a949065f32574c619dbbb6c2602d9a19,2026-02-24T02:00:00Z,2026-02-24T02:12:08Z,auth,auth_enUS_labelerexp,at://did:plc:jdkvwye2lf4mingzk7qdebzc/app.bsky.feed.generator/art-clean,suggested_labelerexp,15,at://did:plc:n3pcjehd2idceochp7bjtyvu/app.bsky.feed.post/3mfkyrq2wyk2o,bafyreiajtb7wlizmo4w6jvloyb5rt3mt27d6av7jbbnr3g2y4irywjld2u,did:plc:n3pcjehd2idceochp7bjtyvu,roadkillunic0rn.bsky.social,,
a949065f32574c619dbbb6c2602d9a19,2026-02-24T02:00:00Z,2026-02-24T02:12:08Z,auth,auth_enUS_labelerexp,at://did:plc:jdkvwye2lf4mingzk7qdebzc/app.bsky.feed.generator/art-clean,suggested_labelerexp,16,at://did:plc:2ycsxq5tdgvlpqrjkwcvjjev/app.bsky.feed.post/3mfkyigj2sc2m,bafyreibbeixlrbx36j4g3nwf5gww2ojzjw3gd2bokanfsadoqn7pwy7vw4,did:plc:2ycsxq5tdgvlpqrjkwcvjjev,secretagentarc.bsky.social,,
a949065f32574c619dbbb6c2602d9a19,2026-02-24T02:00:00Z,2026-02-24T02:12:08Z,auth,auth_enUS_labelerexp,at://did:plc:jdkvwye2lf4mingzk7qdebzc/app.bsky.feed.generator/art-clean,suggested_labelerexp,17,at://did:plc:h7ee6q4ziwvijvbqgvdrle3a/app.bsky.feed.post/3mfkyad5jtk2o,bafyreifrnh2eyel3w6pzfnb2xjnxx736nek265segq3w7sqk25quc4pl64,did:plc:h7ee6q4ziwvijvbqgvdrle3a,fuwatlas.bsky.social,,
a949065f32574c619dbbb6c2602d9a19,2026-02-24T02:00:00Z,2026-02-24T02:12:08Z,auth,auth_enUS_labelerexp,at://did:plc:jdkvwye2lf4mingzk7qdebzc/app.bsky.feed.generator/art-clean,suggested_labelerexp,18,at://did:plc:mphqqcqktvrr5ju7lmpjrz7b/app.bsky.feed.post/3mfkxz56ucc2i,bafyreiatqvksyde6fliow2f7yesrp23e7d7ibnanqcglog4ouwg46l5v3m,did:plc:mphqqcqktvrr5ju7lmpjrz7b,automatadog.bsky.social,,
a949065f32574c619dbbb6c2602d9a19,2026-02-24T02:00:00Z,2026-02-24T02:12:08Z,auth,auth_enUS_labelerexp,at://did:plc:jdkvwye2lf4mingzk7qdebzc/app.bsky.feed.generator/art-clean,suggested_labelerexp,19,at://did:plc:zvdkn2icmslct73eq5btopqi/app.bsky.feed.post/3mfkxy2vowd26,bafyreibw3msjribbdia57clncjfq5i4xu37pd2shuac4tlwkc7nfc7trhm,did:plc:zvdkn2icmslct73eq5btopqi,avali.foxcoon.net,,
a949065f32574c619dbbb6c2602d9a19,2026-02-24T02:00:00Z,2026-02-24T02:12:08Z,auth,auth_enUS_labelerexp,at://did:plc:jdkvwye2lf4mingzk7qdebzc/app.bsky.feed.generator/art-clean,suggested_labelerexp,20,at://did:plc:346bbr7zem57djrlx4cmygz3/app.bsky.feed.post/3mfkxxslkd22q,bafyreiakdx4toy7c6qriihx5gvvnngfaytztuqinnvf6wokv56kuh7luri,did:plc:346bbr7zem57djrlx4cmygz3,krows.bsky.social,,
a949065f32574c619dbbb6c2602d9a19,2026-02-24T02:00:00Z,2026-02-24T02:12:08Z,auth,auth_enUS_labelerexp,at://did:plc:jdkvwye2lf4mingzk7qdebzc/app.bsky.feed.generator/art-clean,suggested_labelerexp,21,at://did:plc:6ixwhce4fc32d65crawvh3o5/app.bsky.feed.post/3mfkxx2nxcc2f,bafyreif7ozdi4p3gyftx4ewbuu6utnjuj6kyghzs5jkoqf3fwa2xsnpkby,did:plc:6ixwhce4fc32d65crawvh3o5,anatwolf.bsky.social,,
a949065f32574c619dbbb6c2602d9a19,2026-02-24T02:00:00Z,2026-02-24T02:12:08Z,auth,auth_enUS_labelerexp,at://did:plc:jdkvwye2lf4mingzk7qdebzc/app.bsky.feed.generator/art-clean,suggested_labelerexp,22,at://did:plc:rmzveyr2a7ezmidfkfbfoz4x/app.bsky.feed.post/3mfkxwhf4242c,bafyreiaj47oplunynsuf2tbplpfxnglprrinsfwfqqmoapl23rwlx3exz4,did:plc:rmzveyr2a7ezmidfkfbfoz4x,fooxy.bsky.social,,
a949065f32574c619dbbb6c2602d9a19,2026-02-24T02:00:00Z,2026-02-24T02:12:08Z,auth,auth_enUS_labelerexp,at://did:plc:jdkvwye2lf4mingzk7qdebzc/app.bsky.feed.generator/art-clean,suggested_labelerexp,23,at://did:plc:rswdxymttttxo3a4uooh7orr/app.bsky.feed.post/3mfkxvx6ffs2i,bafyreigepgrbchgoe2g5s7yru4ta35armh22vl45dhjak4vae6wvxqj46u,did:plc:rswdxymttttxo3a4uooh7orr,flyeen.bsky.social,,
a949065f32574c619dbbb6c2602d9a19,2026-02-24T02:00:00Z,2026-02-24T02:12:08Z,auth,auth_enUS_labelerexp,at://did:plc:jdkvwye2lf4mingzk7qdebzc/app.bsky.feed.generator/art-clean,suggested_labelerexp,24,at://did:plc:lkhysugqp64iumaqcgz72voj/app.bsky.feed.post/3mfkxvyvkzs2e,bafyreiblgrnealh2aumy2kfpamfnmakloorgrc3b53gwaboookkixxmovq,did:plc:lkhysugqp64iumaqcgz72voj,10dollarwater.newgrounds.com,,
a949065f32574c619dbbb6c2602d9a19,2026-02-24T02:00:00Z,2026-02-24T02:12:08Z,auth,auth_enUS_labelerexp,at://did:plc:jdkvwye2lf4mingzk7qdebzc/app.bsky.feed.generator/art-clean,suggested_labelerexp,25,at://did:plc:jjbxsk6lhthd3yzlvttgoyqi/app.bsky.feed.post/3mfkxsaqkyk2v,bafyreiax5sntlfsy6h6xps3ddzfzurzhnzcicibeh7cwuwvpnofrf56gwm,did:plc:jjbxsk6lhthd3yzlvttgoyqi,nopler.bsky.social,,
a949065f32574c619dbbb6c2602d9a19,2026-02-24T02:00:00Z,2026-02-24T02:12:08Z,auth,auth_enUS_labelerexp,at://did:plc:jdkvwye2lf4mingzk7qdebzc/app.bsky.feed.generator/art-clean,suggested_labelerexp,26,at://did:plc:vqma2qkviamcogik4wfpkvng/app.bsky.feed.post/3mfkxrzzebk2n,bafyreieundtnb3ndzccozwi24edvpw4yzsrz5pjfc3a3lnjnhmqditctum,did:plc:vqma2qkviamcogik4wfpkvng,docesalgados.bsky.social,,
a949065f32574c619dbbb6c2602d9a19,2026-02-24T02:00:00Z,2026-02-24T02:12:08Z,auth,auth_enUS_labelerexp,at://did:plc:jdkvwye2lf4mingzk7qdebzc/app.bsky.feed.generator/art-clean,suggested_labelerexp,27,at://did:plc:zrkzsaqqa33namszrfxy525u/app.bsky.feed.post/3mfkxozxupk2t,bafyreibcpyztnkxeta37p36qpvzev75sf63tz4msb27ppy2zqrsglcvywm,did:plc:zrkzsaqqa33namszrfxy525u,zangerdanger.bsky.social,,
a949065f32574c619dbbb6c2602d9a19,2026-02-24T02:00:00Z,2026-02-24T02:12:08Z,auth,auth_enUS_labelerexp,at://did:plc:jdkvwye2lf4mingzk7qdebzc/app.bsky.feed.generator/art-clean,suggested_labelerexp,28,at://did:plc:nvzsfqnhowvb3z2d53igxptx/app.bsky.feed.post/3mfkxokxeqc22,bafyreibtwmuzn6hilhndlkb3fpkhbfzgiozwta65lnkn6xsar2yd73mecq,did:plc:nvzsfqnhowvb3z2d53igxptx,mapacheytanuki.bsky.social,,
a949065f32574c619dbbb6c2602d9a19,2026-02-24T02:00:00Z,2026-02-24T02:12:08Z,auth,auth_enUS_labelerexp,at://did:plc:jdkvwye2lf4mingzk7qdebzc/app.bsky.feed.generator/art-clean,suggested_labelerexp,29,at://did:plc:maaevkhbhcx6gny6io2op4pt/app.bsky.feed.post/3mfkxldu2mc22,bafyreiah6jn67aos7cqi2bw7kdz4lvfixiyuuvu5lhbnovtu6lstjscg6u,did:plc:maaevkhbhcx6gny6io2op4pt,orbthewatchman.bsky.social,,
a949065f32574c619dbbb6c2602d9a19,2026-02-24T02:00:00Z,2026-02-24T02:12:08Z,auth,auth_enUS_labelerexp,at://did:plc:jdkvwye2lf4mingzk7qdebzc/app.bsky.feed.generator/art-clean,suggested_labelerexp,30,at://did:plc:7z3hfmtkzjtcozstqzlcogri/app.bsky.feed.post/3mfkxkh7y5s2l,bafyreid2xszbh65cao6qmnkayb4jiy663ksu3vn4kyqjcnvkslbrqb6we4,did:plc:7z3hfmtkzjtcozstqzlcogri,legoshigreywolf.bsky.social,,
a949065f32574c619dbbb6c2602d9a19,2026-02-24T02:00:00Z,2026-02-24T02:12:08Z,auth,auth_enUS_labelerexp,at://did:plc:jdkvwye2lf4mingzk7qdebzc/app.bsky.feed.generator/art-clean,suggested_labelerexp,31,at://did:plc:j2jmxvpwwswdaw5wrqiccua7/app.bsky.feed.post/3mfkxi7qspc2c,bafyreia2x23eviysi2b7kumquz3rn33j3nyuzm7fxh3cqlblhik5ghwdhi,did:plc:j2jmxvpwwswdaw5wrqiccua7,locrirat.bsky.social,,
a949065f32574c619dbbb6c2602d9a19,2026-02-24T02:00:00Z,2026-02-24T02:12:08Z,auth,auth_enUS_labelerexp,at://did:plc:jdkvwye2lf4mingzk7qdebzc/app.bsky.feed.generator/art-clean,suggested_labelerexp,32,at://did:plc:wx5xex3fgh6rax7bojpi4mem/app.bsky.feed.post/3mfkxfw3px22s,bafyreial5xhhi6zj3hs24urpyrbzeqgytu2hpydjhqhapmdahto62ta4pi,did:plc:wx5xex3fgh6rax7bojpi4mem,frivomutt.bsky.social,,
a949065f32574c619dbbb6c2602d9a19,2026-02-24T02:00:00Z,2026-02-24T02:12:08Z,auth,auth_enUS_labelerexp,at://did:plc:jdkvwye2lf4mingzk7qdebzc/app.bsky.feed.generator/art-clean,suggested_labelerexp,33,at://did:plc:zc27rf7ttka66jxpvhlbktnk/app.bsky.feed.post/3mfkx6ercr22k,bafyreichyt3jyh5nmhadkdtxlt3qw3nlpoyzmktoron3azdzwule7c3enq,did:plc:zc27rf7ttka66jxpvhlbktnk,yourfursonasgf.bsky.social,,
a949065f32574c619dbbb6c2602d9a19,2026-02-24T02:00:00Z,2026-02-24T02:12:08Z,auth,auth_enUS_labelerexp,at://did:plc:jdkvwye2lf4mingzk7qdebzc/app.bsky.feed.generator/art-clean,suggested_labelerexp,34,at://did:plc:srba575x2pxw6wq2aiwg3hlj/app.bsky.feed.post/3mfkx5qwtzk2o,bafyreihvdlnlhorjfs3natth36wrcfp7xpvlqryn5hp573czouiinr3wua,did:plc:srba575x2pxw6wq2aiwg3hlj,dama624.bsky.social,,
a949065f32574c619dbbb6c2602d9a19,2026-02-24T02:00:00Z,2026-02-24T02:12:08Z,auth,auth_enUS_labelerexp,at://did:plc:jdkvwye2lf4mingzk7qdebzc/app.bsky.feed.generator/art-clean,suggested_labelerexp,35,at://did:plc:pj2c4e3f4b7gowqzgt5imv5v/app.bsky.feed.post/3mfkx2wra6k2z,bafyreifggqwq7lwb7whwckg4wvfu6zcmxn5f77dr7b3wnfci4pr24qse3m,did:plc:pj2c4e3f4b7gowqzgt5imv5v,beaky.social,,
a949065f32574c619dbbb6c2602d9a19,2026-02-24T02:00:00Z,2026-02-24T02:12:08Z,auth,auth_enUS_labelerexp,at://did:plc:jdkvwye2lf4mingzk7qdebzc/app.bsky.feed.generator/art-clean,suggested_labelerexp,36,at://did:plc:d3pudc5pzk57wyadjcw4kt7b/app.bsky.feed.post/3mfkwulqmlc2y,bafyreihwaw5h5h3tje7jijn5moo7fenip5z6ec7wuc4t4y3tl3bd65g6rm,did:plc:d3pudc5pzk57wyadjcw4kt7b,belialgo.at,,
a949065f32574c619dbbb6c2602d9a19,2026-02-24T02:00:00Z,2026-02-24T02:12:08Z,auth,auth_enUS_labelerexp,at://did:plc:jdkvwye2lf4mingzk7qdebzc/app.bsky.feed.generator/art-clean,suggested_labelerexp,37,at://did:plc:hm5miwcsi4deuq434ykq4ana/app.bsky.feed.post/3mfkwqckgas2c,bafyreicns53levubpy7max7oxoiypvnttrdvyvpqny5zfewubmqfndv3f4,did:plc:hm5miwcsi4deuq434ykq4ana,baasphemy.online,,
a949065f32574c619dbbb6c2602d9a19,2026-02-24T02:00:00Z,2026-02-24T02:12:08Z,auth,auth_enUS_labelerexp,at://did:plc:jdkvwye2lf4mingzk7qdebzc/app.bsky.feed.generator/art-clean,suggested_labelerexp,38,at://did:plc:glbu7b5boc2zgouedlmlpyzz/app.bsky.feed.post/3mfkwkdeby22y,bafyreicnpphk52x3daalbzb5ftwil7kxiyrj6v5mdbclbse74vf2zblrce,did:plc:glbu7b5boc2zgouedlmlpyzz,grimwolfie.bsky.social,,
a949065f32574c619dbbb6c2602d9a19,2026-02-24T02:00:00Z,2026-02-24T02:12:08Z,auth,auth_enUS_labelerexp,at://did:plc:jdkvwye2lf4mingzk7qdebzc/app.bsky.feed.generator/art-clean,suggested_labelerexp,39,at://did:plc:qk4y3adq5anjgzpg5o2jxg5q/app.bsky.feed.post/3mfkwj5ymb22n,bafyreiebc2oaabruoeyudfol5bcvbpjqo3ax4hqdotapjfa3umclnnnxqi,did:plc:qk4y3adq5anjgzpg5o2jxg5q,oshisaure.wtf,,
a949065f32574c619dbbb6c2602d9a19,2026-02-24T02:00:00Z,2026-02-24T02:12:08Z,auth,auth_enUS_labelerexp,at://did:plc:jdkvwye2lf4mingzk7qdebzc/app.bsky.feed.generator/art-clean,suggested_labelerexp,40,at://did:plc:zc27rf7ttka66jxpvhlbktnk/app.bsky.feed.post/3mfkwfuu65k2m,bafyreigrfy34o7sz6uoghgpkqoipquazzesqhl6rtl2pqhfgvdewrelll4,did:plc:zc27rf7ttka66jxpvhlbktnk,yourfursonasgf.bsky.social,,
a949065f32574c619dbbb6c2602d9a19,2026-02-24T02:00:00Z,2026-02-24T02:12:08Z,auth,auth_enUS_labelerexp,at://did:plc:jdkvwye2lf4mingzk7qdebzc/app.bsky.feed.generator/art-clean,suggested_labelerexp,41,at://did:plc:2c2qlo4237tzrjlqsynwqhto/app.bsky.feed.post/3mfkw6blzes2h,bafyreieguml6djowowc7gf4wycjvkvtoaw5ccwemmg4hpmz5eyvy7fp2ue,did:plc:2c2qlo4237tzrjlqsynwqhto,fffenrir.bsky.social,,
a949065f32574c619dbbb6c2602d9a19,2026-02-24T02:00:00Z,2026-02-24T02:12:08Z,auth,auth_enUS_labelerexp,at://did:plc:jdkvwye2lf4mingzk7qdebzc/app.bsky.feed.generator/art-clean,suggested_labelerexp,42,at://did:plc:bhrlhre4hogginvwniub3kyn/app.bsky.feed.post/3mfkw5ono2k25,bafyreifo7akrlrccsykmkn3vuqxffd3snqiiubztbec6ym2blbladsy7ey,did:plc:bhrlhre4hogginvwniub3kyn,mojo-cosmonkey.bsky.social,,
a949065f32574c619dbbb6c2602d9a19,2026-02-24T02:00:00Z,2026-02-24T02:12:08Z,auth,auth_enUS_labelerexp,at://did:plc:jdkvwye2lf4mingzk7qdebzc/app.bsky.feed.generator/art-clean,suggested_labelerexp,43,at://did:plc:cxhqfu7wlhcj2twewwkj6r7l/app.bsky.feed.post/3mfkvzq6zuk22,bafyreicifp3icun7yhjgg6vuiz6afbhl4vwxhhhjnkb2f75twfyzyr37f4,did:plc:cxhqfu7wlhcj2twewwkj6r7l,ricebatt.bsky.social,,
a949065f32574c619dbbb6c2602d9a19,2026-02-24T02:00:00Z,2026-02-24T02:12:08Z,auth,auth_enUS_labelerexp,at://did:plc:jdkvwye2lf4mingzk7qdebzc/app.bsky.feed.generator/art-clean,suggested_labelerexp,44,at://did:plc:66rykxpjqgxo7qriu4s4sudq/app.bsky.feed.post/3mfkvybxm322f,bafyreid63kiqf6vwf6gcuygowwn4dgzq6otkugeusi72bkh22a5yjp6r64,did:plc:66rykxpjqgxo7qriu4s4sudq,drakerogers.bsky.social,,
a949065f32574c619dbbb6c2602d9a19,2026-02-24T02:00:00Z,2026-02-24T02:12:08Z,auth,auth_enUS_labelerexp,at://did:plc:jdkvwye2lf4mingzk7qdebzc/app.bsky.feed.generator/art-clean,suggested_labelerexp,45,at://did:plc:3hf3a6vr2iohjsos3xwatme4/app.bsky.feed.post/3mfkvwpjcts2q,bafyreiae5bha7kjqygo2gdpmyxng4rnuaesyeduaza4htz5xidhb7rmoeq,did:plc:3hf3a6vr2iohjsos3xwatme4,albrightsmol-bite.bsky.social,,
a949065f32574c619dbbb6c2602d9a19,2026-02-24T02:00:00Z,2026-02-24T02:12:08Z,auth,auth_enUS_labelerexp,at://did:plc:jdkvwye2lf4mingzk7qdebzc/app.bsky.feed.generator/art-clean,suggested_labelerexp,46,at://did:plc:b3uipxnzaqrdh25nops6nung/app.bsky.feed.post/3mfkvvnoekc2n,bafyreih3vqsvse7s3jrj56z3sskxbttz2zgweizmqdh6st6p2u4kszneca,did:plc:b3uipxnzaqrdh25nops6nung,l1ams.bsky.social,,
a949065f32574c619dbbb6c2602d9a19,2026-02-24T02:00:00Z,2026-02-24T02:12:08Z,auth,auth_enUS_labelerexp,at://did:plc:jdkvwye2lf4mingzk7qdebzc/app.bsky.feed.generator/art-clean,suggested_labelerexp,47,at://did:plc:acv2wfmhnzvarxpem4kdpiza/app.bsky.feed.post/3mfkvsoxq3c2i,bafyreiga44saqkljly4zonuffldyhbto4t2kqmlrnw5vry7an2aozpfqwe,did:plc:acv2wfmhnzvarxpem4kdpiza,raccy100.bsky.social,,
a949065f32574c619dbbb6c2602d9a19,2026-02-24T02:00:00Z,2026-02-24T02:12:08Z,auth,auth_enUS_labelerexp,at://did:plc:jdkvwye2lf4mingzk7qdebzc/app.bsky.feed.generator/art-clean,suggested_labelerexp,48,at://did:plc:tfpblxgnynlgy2biimlm7hx5/app.bsky.feed.post/3mfkvpc4sxc2c,bafyreic6y5vme37qbmuq4dutsn7b2b3eexuxyj2gufrgq3nhmbwf6o6emi,did:plc:tfpblxgnynlgy2biimlm7hx5,rainbowfoxyart.bsky.social,,
a949065f32574c619dbbb6c2602d9a19,2026-02-24T02:00:00Z,2026-02-24T02:12:08Z,auth,auth_enUS_labelerexp,at://did:plc:jdkvwye2lf4mingzk7qdebzc/app.bsky.feed.generator/art-clean,suggested_labelerexp,49,at://did:plc:wx7sueeclhgkheskxc4btvx5/app.bsky.feed.post/3mfkvlxvfpc26,bafyreihq2sqana6s3diwcytrhvjbhdepdy5t24dfwxmkzdq3tfukuato2u,did:plc:wx7sueeclhgkheskxc4btvx5,dxshade.bsky.social,,
a949065f32574c619dbbb6c2602d9a19,2026-02-24T02:00:00Z,2026-02-24T02:12:08Z,auth,auth_enUS_labelerexp,at://did:plc:jdkvwye2lf4mingzk7qdebzc/app.bsky.feed.generator/art-clean,suggested_labelerexp,50,at://did:plc:dlfdlh2kdflozgjv2mgk42s2/app.bsky.feed.post/3mfkveu6rtc24,bafyreicblvvmoksz4yh5etrgpwco42jrnpytng5qsjb4hqv3mrh2b47x5i,did:plc:dlfdlh2kdflozgjv2mgk42s2,jojoyo555.bsky.social,,
a949065f32574c619dbbb6c2602d9a19,2026-02-24T02:00:00Z,2026-02-24T02:12:09Z,auth,auth_enUS_labelerexp,at://did:plc:jzuirp2oahpmr7keujggosnm/app.bsky.feed.generator/aaamchzapws5y,suggested_labelerexp,1,at://did:plc:t3nyk67xbzzdkxq3qoe2uev6/app.bsky.feed.post/3mfkxph5zis2y,bafyreigrjbp75abtwkui72gg24ezay3bfgsfoubhe5k54sppukmi6akeji,did:plc:t3nyk67xbzzdkxq3qoe2uev6,amy-marie.bsky.social,,
a949065f32574c619dbbb6c2602d9a19,2026-02-24T02:00:00Z,2026-02-24T02:12:09Z,auth,auth_enUS_labelerexp,at://did:plc:jzuirp2oahpmr7keujggosnm/app.bsky.feed.generator/aaamchzapws5y,suggested_labelerexp,2,at://did:plc:maimfazhqky2em275mbvddpi/app.bsky.feed.post/3mfkvfdlcl22j,bafyreiezhsjgs5c7cs26hwdxpyoajlur7xnmbyaalqmyhuqpbe6qf5jrea,did:plc:maimfazhqky2em275mbvddpi,paulinepark.bsky.social,,
a949065f32574c619dbbb6c2602d9a19,2026-02-24T02:00:00Z,2026-02-24T02:12:09Z,auth,auth_enUS_labelerexp,at://did:plc:jzuirp2oahpmr7keujggosnm/app.bsky.feed.generator/aaamchzapws5y,suggested_labelerexp,3,at://did:plc:c2xkmpelt5xtfxp3n55ez7pw/app.bsky.feed.post/3mfkulths6g2l,bafyreicmedyfs4toi2qmvkr6xpryvho4dvigwbksrmhebzecbvudrwrbsa,did:plc:c2xkmpelt5xtfxp3n55ez7pw,earlvalley.bsky.social,,
a949065f32574c619dbbb6c2602d9a19,2026-02-24T02:00:00Z,2026-02-24T02:12:09Z,auth,auth_enUS_labelerexp,at://did:plc:jzuirp2oahpmr7keujggosnm/app.bsky.feed.generator/aaamchzapws5y,suggested_labelerexp,4,at://did:plc:ybkvn6ysnlwgbmamcgljoa5r/app.bsky.feed.post/3mfkuke6rc22w,bafyreihlvznew2grrktry6j4ct4cnt2k3tqi67s4omn2qmoxqlofkudmlu,did:plc:ybkvn6ysnlwgbmamcgljoa5r,dytsras.bsky.social,,
a949065f32574c619dbbb6c2602d9a19,2026-02-24T02:00:00Z,2026-02-24T02:12:09Z,auth,auth_enUS_labelerexp,at://did:plc:jzuirp2oahpmr7keujggosnm/app.bsky.feed.generator/aaamchzapws5y,suggested_labelerexp,5,at://did:plc:cuhvix4uzhucz4mafqprqj34/app.bsky.feed.post/3mfkuk5zima2q,bafyreicnajvochtsqmfsfzy7shuzcui57wpa63aii2n4yiqjgzzheam7n4,did:plc:cuhvix4uzhucz4mafqprqj34,unjobs.tv,,
a949065f32574c619dbbb6c2602d9a19,2026-02-24T02:00:00Z,2026-02-24T02:12:09Z,auth,auth_enUS_labelerexp,at://did:plc:jzuirp2oahpmr7keujggosnm/app.bsky.feed.generator/aaamchzapws5y,suggested_labelerexp,6,at://did:plc:zhq4wxlxtiwc2hznld4w364j/app.bsky.feed.post/3mfkuek7spv2x,bafyreic7mgfqtvw7mxii5hcrrxmwkdtuav7who6arlcvt4avprawpmvoi4,did:plc:zhq4wxlxtiwc2hznld4w364j,foxmental.bsky.social,,
a949065f32574c619dbbb6c2602d9a19,2026-02-24T02:00:00Z,2026-02-24T02:12:09Z,auth,auth_enUS_labelerexp,at://did:plc:jzuirp2oahpmr7keujggosnm/app.bsky.feed.generator/aaamchzapws5y,suggested_labelerexp,7,at://did:plc:xyn33tqfcqrjgepc5lfskptu/app.bsky.feed.post/3mfktn3ukbk2t,bafyreig3rnqew4tuadh5ou7c24fsopsotpmpa6udufrdddxaizdnc7jxvq,did:plc:xyn33tqfcqrjgepc5lfskptu,amykristinsanders.bsky.social,,
a949065f32574c619dbbb6c2602d9a19,2026-02-24T02:00:00Z,2026-02-24T02:12:09Z,auth,auth_enUS_labelerexp,at://did:plc:jzuirp2oahpmr7keujggosnm/app.bsky.feed.generator/aaamchzapws5y,suggested_labelerexp,8,at://did:plc:urqvt6enyjxt6lhjm2hlezjj/app.bsky.feed.post/3mfkslytzns2o,bafyreidqukczjwbmgjltblxar4agwbykhqzgtklvrck66eyirhzlax5jwm,did:plc:urqvt6enyjxt6lhjm2hlezjj,pecanjim.bsky.social,,
a949065f32574c619dbbb6c2602d9a19,2026-02-24T02:00:00Z,2026-02-24T02:12:09Z,auth,auth_enUS_labelerexp,at://did:plc:jzuirp2oahpmr7keujggosnm/app.bsky.feed.generator/aaamchzapws5y,suggested_labelerexp,9,at://did:plc:kof6wd3oea2kq67f7wxb57ca/app.bsky.feed.post/3mfks3jtkl22e,bafyreicralm2ab4hpardwbcpv4v2g4qvfefvld2kyatxx5fjmzyxkhntte,did:plc:kof6wd3oea2kq67f7wxb57ca,doclb2.bsky.social,,
a949065f32574c619dbbb6c2602d9a19,2026-02-24T02:00:00Z,2026-02-24T02:12:09Z,auth,auth_enUS_labelerexp,at://did:plc:jzuirp2oahpmr7keujggosnm/app.bsky.feed.generator/aaamchzapws5y,suggested_labelerexp,10,at://did:plc:flytcrk5coqf4o2bq4fcv5go/app.bsky.feed.post/3mfkqajl5jc2m,bafyreiapas4btbdudytoml3qxx3mrymwfkxmwd7fwkmqnsytcepj6qcg2q,did:plc:flytcrk5coqf4o2bq4fcv5go,andyk250.bsky.social,,
a949065f32574c619dbbb6c2602d9a19,2026-02-24T02:00:00Z,2026-02-24T02:12:09Z,auth,auth_enUS_labelerexp,at://did:plc:jzuirp2oahpmr7keujggosnm/app.bsky.feed.generator/aaamchzapws5y,suggested_labelerexp,11,at://did:plc:jvqikjbjpefje2ftz33pypae/app.bsky.feed.post/3mfkq46n52k22,bafyreidvafatn57dyivl7makzwgwtn4tpxncgvfr2y7bovzrjhmpzna5du,did:plc:jvqikjbjpefje2ftz33pypae,josephtheythem.bsky.social,,
a949065f32574c619dbbb6c2602d9a19,2026-02-24T02:00:00Z,2026-02-24T02:12:09Z,auth,auth_enUS_labelerexp,at://did:plc:jzuirp2oahpmr7keujggosnm/app.bsky.feed.generator/aaamchzapws5y,suggested_labelerexp,12,at://did:plc:g5n6tmh54utzmwjregfbb7ul/app.bsky.feed.post/3mfkppgayc72x,bafyreicwvufjmbhijwhse7shvltji7nt6pzsb4stmrfhkeiy626uxryw44,did:plc:g5n6tmh54utzmwjregfbb7ul,orlandosentinel.com,,
a949065f32574c619dbbb6c2602d9a19,2026-02-24T02:00:00Z,2026-02-24T02:12:09Z,auth,auth_enUS_labelerexp,at://did:plc:jzuirp2oahpmr7keujggosnm/app.bsky.feed.generator/aaamchzapws5y,suggested_labelerexp,13,at://did:plc:vywcppocpkrs3vrxo6b7xob3/app.bsky.feed.post/3mfkpj4dfv22g,bafyreigqsqvmdkzoplxp6vfa5ydmzincue3u6olxzyuvn2udlk2dc5q74a,did:plc:vywcppocpkrs3vrxo6b7xob3,loudmouthkid62.bsky.social,,
a949065f32574c619dbbb6c2602d9a19,2026-02-24T02:00:00Z,2026-02-24T02:12:09Z,auth,auth_enUS_labelerexp,at://did:plc:jzuirp2oahpmr7keujggosnm/app.bsky.feed.generator/aaamchzapws5y,suggested_labelerexp,14,at://did:plc:sgzvtueux6hxxratvqe5z3ja/app.bsky.feed.post/3mfkos75oik2l,bafyreig77bd5yoym7j4hg5uf52fuqkwhuuk4heoh6ro75u4zvbv4p5uwla,did:plc:sgzvtueux6hxxratvqe5z3ja,anothergreen.bsky.social,,
a949065f32574c619dbbb6c2602d9a19,2026-02-24T02:00:00Z,2026-02-24T02:12:09Z,auth,auth_enUS_labelerexp,at://did:plc:jzuirp2oahpmr7keujggosnm/app.bsky.feed.generator/aaamchzapws5y,suggested_labelerexp,15,at://did:plc:62uq7zgn66hkvpuff4skqbqs/app.bsky.feed.post/3mfkoc6bkyk2e,bafyreicr5extgknvrx6gzht4t2bsluxccblddpixsdhgd3553e5xuftg3m,did:plc:62uq7zgn66hkvpuff4skqbqs,againstcentrism.bsky.social,,
a949065f32574c619dbbb6c2602d9a19,2026-02-24T02:00:00Z,2026-02-24T02:12:09Z,auth,auth_enUS_labelerexp,at://did:plc:jzuirp2oahpmr7keujggosnm/app.bsky.feed.generator/aaamchzapws5y,suggested_labelerexp,16,at://did:plc:ay2vkfaaejiwggg2ddlohzfe/app.bsky.feed.post/3mfkne4jsrk2r,bafyreiesm2earszvx7k4cy4e77gxvbppanfmqwguripjll5vygkhkm4ry4,did:plc:ay2vkfaaejiwggg2ddlohzfe,impossiblemachine.bsky.social,,
a949065f32574c619dbbb6c2602d9a19,2026-02-24T02:00:00Z,2026-02-24T02:12:09Z,auth,auth_enUS_labelerexp,at://did:plc:jzuirp2oahpmr7keujggosnm/app.bsky.feed.generator/aaamchzapws5y,suggested_labelerexp,17,at://did:plc:qjqx43wxdjnyi24bdgcqhxkh/app.bsky.feed.post/3mfkmkhuw5c27,bafyreidrgcuj5wtr4qcgbd2prc6sekopwq3tdukoy6m3pphis7pccgirrm,did:plc:qjqx43wxdjnyi24bdgcqhxkh,andromeda-mm.bsky.social,,
a949065f32574c619dbbb6c2602d9a19,2026-02-24T02:00:00Z,2026-02-24T02:12:09Z,auth,auth_enUS_labelerexp,at://did:plc:jzuirp2oahpmr7keujggosnm/app.bsky.feed.generator/aaamchzapws5y,suggested_labelerexp,18,at://did:plc:urqvt6enyjxt6lhjm2hlezjj/app.bsky.feed.post/3mfkmfhxidc2o,bafyreidstpfpcixxo7tvmfzuongoiqvlsl2onzuongvr6bjhqhdodgvgji,did:plc:urqvt6enyjxt6lhjm2hlezjj,pecanjim.bsky.social,,
a949065f32574c619dbbb6c2602d9a19,2026-02-24T02:00:00Z,2026-02-24T02:12:09Z,auth,auth_enUS_labelerexp,at://did:plc:jzuirp2oahpmr7keujggosnm/app.bsky.feed.generator/aaamchzapws5y,suggested_labelerexp,19,at://did:plc:slgk2f66cctd5uc5iqsmmd74/app.bsky.feed.post/3mfkm46wrb42z,bafyreicojmjffutamcaukuhysedqknr6x6kt2dc5bjywwfajmmconcxcuy,did:plc:slgk2f66cctd5uc5iqsmmd74,pdxoregon50501.bsky.social,,
a949065f32574c619dbbb6c2602d9a19,2026-02-24T02:00:00Z,2026-02-24T02:12:09Z,auth,auth_enUS_labelerexp,at://did:plc:jzuirp2oahpmr7keujggosnm/app.bsky.feed.generator/aaamchzapws5y,suggested_labelerexp,20,at://did:plc:guxtnhdtrbafdlffxvg7c7xp/app.bsky.feed.post/3mfkm3mf7hx2b,bafyreialuc52a2arhmqfua6e4xixqqu4jykty7xys2h6dwd6oy5gohrdbe,did:plc:guxtnhdtrbafdlffxvg7c7xp,nokingsportland.bsky.social,,
a949065f32574c619dbbb6c2602d9a19,2026-02-24T02:00:00Z,2026-02-24T02:12:09Z,auth,auth_enUS_labelerexp,at://did:plc:jzuirp2oahpmr7keujggosnm/app.bsky.feed.generator/aaamchzapws5y,suggested_labelerexp,21,at://did:plc:7xtn63zncbnao6q327p3vngb/app.bsky.feed.post/3mfkluijpoc2p,bafyreicp3encsxjqcnr2fnlit33ryo6yxg2iao2mvcffi3jwmz7nso5e6q,did:plc:7xtn63zncbnao6q327p3vngb,asapolisocbulletin.bsky.social,,
a949065f32574c619dbbb6c2602d9a19,2026-02-24T02:00:00Z,2026-02-24T02:12:09Z,auth,auth_enUS_labelerexp,at://did:plc:jzuirp2oahpmr7keujggosnm/app.bsky.feed.generator/aaamchzapws5y,suggested_labelerexp,22,at://did:plc:7pae2xfy3th4ji43kwtl5ixt/app.bsky.feed.post/3mfklpsoq7s2p,bafyreigz4gttefc34rr7r37o3l63d6huvomj2s6ftvjpgrsev7v6kxhcqy,did:plc:7pae2xfy3th4ji43kwtl5ixt,asapolisoc.bsky.social,,
a949065f32574c619dbbb6c2602d9a19,2026-02-24T02:00:00Z,2026-02-24T02:12:09Z,auth,auth_enUS_labelerexp,at://did:plc:jzuirp2oahpmr7keujggosnm/app.bsky.feed.generator/aaamchzapws5y,suggested_labelerexp,23,at://did:plc:h3p5msj3o5kw6njbs6sjudhi/app.bsky.feed.post/3mfklp2yaqc23,bafyreid37rged3pxqosiolsnbfwfafj3huhk3tzj73cozyslxpz34nergq,did:plc:h3p5msj3o5kw6njbs6sjudhi,noirnaturenerd.bsky.social,,
a949065f32574c619dbbb6c2602d9a19,2026-02-24T02:00:00Z,2026-02-24T02:12:09Z,auth,auth_enUS_labelerexp,at://did:plc:jzuirp2oahpmr7keujggosnm/app.bsky.feed.generator/aaamchzapws5y,suggested_labelerexp,24,at://did:plc:3nbzvaodadyyhke4z25q5elk/app.bsky.feed.post/3mfkkxs4eos2c,bafyreiaqotgpwam2cw2t36cam67cqindqqnqyj6z3qxb3tqido6cucbx2u,did:plc:3nbzvaodadyyhke4z25q5elk,poetryforsupper.bsky.social,,
a949065f32574c619dbbb6c2602d9a19,2026-02-24T02:00:00Z,2026-02-24T02:12:09Z,auth,auth_enUS_labelerexp,at://did:plc:jzuirp2oahpmr7keujggosnm/app.bsky.feed.generator/aaamchzapws5y,suggested_labelerexp,25,at://did:plc:te4qf2u5ycw3zvpht4ftyh3w/app.bsky.feed.post/3mfkkmnplks2c,bafyreicbvdcpnohifsr6xrdnnqd5vs5bseurpaqn7bsem74eyi76ok3hu4,did:plc:te4qf2u5ycw3zvpht4ftyh3w,mediaactive.bsky.social,,
a949065f32574c619dbbb6c2602d9a19,2026-02-24T02:00:00Z,2026-02-24T02:12:09Z,auth,auth_enUS_labelerexp,at://did:plc:jzuirp2oahpmr7keujggosnm/app.bsky.feed.generator/aaamchzapws5y,suggested_labelerexp,26,at://did:plc:kkergqgbhb56ptpwj2wenkje/app.bsky.feed.post/3mfkk2sspzb2n,bafyreihtmqurtkf3iq5qenkvevumte5upeoh3ybnkeljf4thktrdxezufu,did:plc:kkergqgbhb56ptpwj2wenkje,socpaperbot.bsky.social,,
a949065f32574c619dbbb6c2602d9a19,2026-02-24T02:00:00Z,2026-02-24T02:12:09Z,auth,auth_enUS_labelerexp,at://did:plc:jzuirp2oahpmr7keujggosnm/app.bsky.feed.generator/aaamchzapws5y,suggested_labelerexp,27,at://did:plc:kkergqgbhb56ptpwj2wenkje/app.bsky.feed.post/3mfkjvqmcdx2f,bafyreihyh7oelfko5lsojgahs7h2ag7ddq75tccukdbx5owci7pptrvnfe,did:plc:kkergqgbhb56ptpwj2wenkje,socpaperbot.bsky.social,,
a949065f32574c619dbbb6c2602d9a19,2026-02-24T02:00:00Z,2026-02-24T02:12:09Z,auth,auth_enUS_labelerexp,at://did:plc:jzuirp2oahpmr7keujggosnm/app.bsky.feed.generator/aaamchzapws5y,suggested_labelerexp,28,at://did:plc:mg4ju45zawofbr7v3rlnpkpr/app.bsky.feed.post/3mfkir67jzc2h,bafyreicaf3hhth3twjowiabhnicn7btv672nnyed56m2vdbgjlyyonq4re,did:plc:mg4ju45zawofbr7v3rlnpkpr,zinnedproject.bsky.social,,
a949065f32574c619dbbb6c2602d9a19,2026-02-24T02:00:00Z,2026-02-24T02:12:09Z,auth,auth_enUS_labelerexp,at://did:plc:jzuirp2oahpmr7keujggosnm/app.bsky.feed.generator/aaamchzapws5y,suggested_labelerexp,29,at://did:plc:5ssnefvxoj3nqmvhrrczub2b/app.bsky.feed.post/3mfkipln5wk26,bafyreiexfqmg3c7isu7vdbfu6r3mdr6uayajrbvxjaxkt5tufftbn5bwra,did:plc:5ssnefvxoj3nqmvhrrczub2b,gbv-mig-canada.bsky.social,,
a949065f32574c619dbbb6c2602d9a19,2026-02-24T02:00:00Z,2026-02-24T02:12:09Z,auth,auth_enUS_labelerexp,at://did:plc:jzuirp2oahpmr7keujggosnm/app.bsky.feed.generator/aaamchzapws5y,suggested_labelerexp,30,at://did:plc:jad45rbikwtuydb4u7hamj5n/app.bsky.feed.post/3mfkiahixwk24,bafyreicr7lrnimwv3akdjcddd6sbcg6ifbxl33tocw7mwispxuymusodtm,did:plc:jad45rbikwtuydb4u7hamj5n,johngordon.bsky.social,,
a949065f32574c619dbbb6c2602d9a19,2026-02-24T02:00:00Z,2026-02-24T02:12:09Z,auth,auth_enUS_labelerexp,at://did:plc:jzuirp2oahpmr7keujggosnm/app.bsky.feed.generator/aaamchzapws5y,suggested_labelerexp,31,at://did:plc:w32guupaf44u6x7car6jaytf/app.bsky.feed.post/3mfkhxlpflc27,bafyreialu2vs67er675ruhplfrad2hm4zinvpttc7xwr6xzezalkn252hy,did:plc:w32guupaf44u6x7car6jaytf,anticolonialhistry.bsky.social,,
a949065f32574c619dbbb6c2602d9a19,2026-02-24T02:00:00Z,2026-02-24T02:12:09Z,auth,auth_enUS_labelerexp,at://did:plc:jzuirp2oahpmr7keujggosnm/app.bsky.feed.generator/aaamchzapws5y,suggested_labelerexp,32,at://did:plc:xy5j3gvpvb2safg32ylaygb4/app.bsky.feed.post/3mfkhq5jk622h,bafyreifvdgthxhwgma6meui3aoip2avqeljgq2xdwal2k6yvaxiv5il4tu,did:plc:xy5j3gvpvb2safg32ylaygb4,lorenmayshark.bsky.social,,
a949065f32574c619dbbb6c2602d9a19,2026-02-24T02:00:00Z,2026-02-24T02:12:09Z,auth,auth_enUS_labelerexp,at://did:plc:jzuirp2oahpmr7keujggosnm/app.bsky.feed.generator/aaamchzapws5y,suggested_labelerexp,33,at://did:plc:nu7hlrydvl5mkay5to4ukvmx/app.bsky.feed.post/3mfkgwjd7e22c,bafyreieunqo7b66zk3a6ooyxb5c7i2oxldno7gghhbtgvxrgd4qovhrsdy,did:plc:nu7hlrydvl5mkay5to4ukvmx,ridingtime.bsky.social,,
a949065f32574c619dbbb6c2602d9a19,2026-02-24T02:00:00Z,2026-02-24T02:12:09Z,auth,auth_enUS_labelerexp,at://did:plc:jzuirp2oahpmr7keujggosnm/app.bsky.feed.generator/aaamchzapws5y,suggested_labelerexp,34,at://did:plc:7t6thcmgpcttcgfgjkghw25e/app.bsky.feed.post/3mfkgn2uqg22q,bafyreiaba7jnxqycbsyclfd74jnff4vcsjhyintsigss4yycbmuswog3ze,did:plc:7t6thcmgpcttcgfgjkghw25e,rmcarpiano.medsky.social,,
a949065f32574c619dbbb6c2602d9a19,2026-02-24T02:00:00Z,2026-02-24T02:12:09Z,auth,auth_enUS_labelerexp,at://did:plc:jzuirp2oahpmr7keujggosnm/app.bsky.feed.generator/aaamchzapws5y,suggested_labelerexp,35,at://did:plc:zm3nr2po6zqldawhjgo6u6os/app.bsky.feed.post/3mfkgiazu6s2z,bafyreifncueeyhjvsmu2dk5nf3tmsy4ur4anw42wdwdkttzwof4gq3ufyi,did:plc:zm3nr2po6zqldawhjgo6u6os,zarathustraviolin.bsky.social,,
a949065f32574c619dbbb6c2602d9a19,2026-02-24T02:00:00Z,2026-02-24T02:12:09Z,auth,auth_enUS_labelerexp,at://did:plc:jzuirp2oahpmr7keujggosnm/app.bsky.feed.generator/aaamchzapws5y,suggested_labelerexp,36,at://did:plc:vzvswpaky6vkyoqlg5j6nb6c/app.bsky.feed.post/3mfkfgvokhk2e,bafyreia53jk5mocbo7bshyxyv2pfnfunfq5elxsel7l6nodpdyzzhkvfjm,did:plc:vzvswpaky6vkyoqlg5j6nb6c,fcinstitute.bsky.social,,
a949065f32574c619dbbb6c2602d9a19,2026-02-24T02:00:00Z,2026-02-24T02:12:09Z,auth,auth_enUS_labelerexp,at://did:plc:jzuirp2oahpmr7keujggosnm/app.bsky.feed.generator/aaamchzapws5y,suggested_labelerexp,37,at://did:plc:jf5o6hi3jkbphqijqxj3g4w3/app.bsky.feed.post/3mfkfcwityk2n,bafyreibrxokjzuzchrlpbrxlu7mquoho643d7n7dnst5otizcdo5jvmfry,did:plc:jf5o6hi3jkbphqijqxj3g4w3,leisurelyhardcore.bsky.social,,
a949065f32574c619dbbb6c2602d9a19,2026-02-24T02:00:00Z,2026-02-24T02:12:09Z,auth,auth_enUS_labelerexp,at://did:plc:jzuirp2oahpmr7keujggosnm/app.bsky.feed.generator/aaamchzapws5y,suggested_labelerexp,38,at://did:plc:w6bmjgsmajxmunpc56d2ncap/app.bsky.feed.post/3mfkdtvisvk24,bafyreihcfwz27lwpku2dqj2vxwzkvus6ngle44yfpcuiwhicvifk6tdcua,did:plc:w6bmjgsmajxmunpc56d2ncap,bigbrohem.bsky.social,,
a949065f32574c619dbbb6c2602d9a19,2026-02-24T02:00:00Z,2026-02-24T02:12:09Z,auth,auth_enUS_labelerexp,at://did:plc:jzuirp2oahpmr7keujggosnm/app.bsky.feed.generator/aaamchzapws5y,suggested_labelerexp,39,at://did:plc:2sarahgzpmii5dh46suomns7/app.bsky.feed.post/3mfkcrkfw5k2p,bafyreic2n2lvp4vdoxj5afesmt4tbkuo5v5gnkdwmon36ymi4y6isct6du,did:plc:2sarahgzpmii5dh46suomns7,slscott60.bsky.social,,
a949065f32574c619dbbb6c2602d9a19,2026-02-24T02:00:00Z,2026-02-24T02:12:09Z,auth,auth_enUS_labelerexp,at://did:plc:jzuirp2oahpmr7keujggosnm/app.bsky.feed.generator/aaamchzapws5y,suggested_labelerexp,40,at://did:plc:bgt62gzl3y5ke7b45xi5vkvu/app.bsky.feed.post/3mfkcksphti2h,bafyreifwx5nrzkhnm7ziiddgoxsotvlx7pm2ohpyql6vrvyhvjjq3bvl7i,did:plc:bgt62gzl3y5ke7b45xi5vkvu,bsrussianbot.bsky.social,,
a949065f32574c619dbbb6c2602d9a19,2026-02-24T02:00:00Z,2026-02-24T02:12:09Z,auth,auth_enUS_labelerexp,at://did:plc:jzuirp2oahpmr7keujggosnm/app.bsky.feed.generator/aaamchzapws5y,suggested_labelerexp,41,at://did:plc:v6dt2gvwx4kgxujlwpsolo6h/app.bsky.feed.post/3mfkcfloqxs27,bafyreid52fkzqm2zlc26sgyckn6r22fhmff2huyqej3ey7mvtefdlv3npm,did:plc:v6dt2gvwx4kgxujlwpsolo6h,cmewing.bsky.social,,
a949065f32574c619dbbb6c2602d9a19,2026-02-24T02:00:00Z,2026-02-24T02:12:09Z,auth,auth_enUS_labelerexp,at://did:plc:jzuirp2oahpmr7keujggosnm/app.bsky.feed.generator/aaamchzapws5y,suggested_labelerexp,42,at://did:plc:fkuzn3ka3sm44qxot6zfkigv/app.bsky.feed.post/3mfkafmqhpg2w,bafyreidmwwefi44bukqfiojpillwpt5u7jfjsie4ufykob75gmqrb4semy,did:plc:fkuzn3ka3sm44qxot6zfkigv,asanews.bsky.social,,
a949065f32574c619dbbb6c2602d9a19,2026-02-24T02:00:00Z,2026-02-24T02:12:09Z,auth,auth_enUS_labelerexp,at://did:plc:jzuirp2oahpmr7keujggosnm/app.bsky.feed.generator/aaamchzapws5y,suggested_labelerexp,43,at://did:plc:rckfsgg7qu7w5szfaqs7mx2p/app.bsky.feed.post/3mfk6pa3xpk2j,bafyreidsotwq7shwr42wrtheqf5aon7gr53tu3vcrpmkgrrmnp4bwfnyu4,did:plc:rckfsgg7qu7w5szfaqs7mx2p,60smusicfan.bsky.social,,
a949065f32574c619dbbb6c2602d9a19,2026-02-24T02:00:00Z,2026-02-24T02:12:09Z,auth,auth_enUS_labelerexp,at://did:plc:jzuirp2oahpmr7keujggosnm/app.bsky.feed.generator/aaamchzapws5y,suggested_labelerexp,44,at://did:plc:mtccgo6t4kfavvbjplwdq2ax/app.bsky.feed.post/3mfk6kg5hbk2n,bafyreiehjpqsirjz6hparqvxdi3qkux3m2wzgt5leoq2uhmiddzq7ae4pe,did:plc:mtccgo6t4kfavvbjplwdq2ax,rantnraverobin.bsky.social,,
a949065f32574c619dbbb6c2602d9a19,2026-02-24T02:00:00Z,2026-02-24T02:12:09Z,auth,auth_enUS_labelerexp,at://did:plc:jzuirp2oahpmr7keujggosnm/app.bsky.feed.generator/aaamchzapws5y,suggested_labelerexp,45,at://did:plc:xqdkexz6mq6xfkqua5jqi5t7/app.bsky.feed.post/3mfk67xzbuc2r,bafyreihvco3nkalkgh5lkcq7uicvzm62a2xi3d7ztrc2dre5jwntgak64e,did:plc:xqdkexz6mq6xfkqua5jqi5t7,asamedsoc.bsky.social,,
a949065f32574c619dbbb6c2602d9a19,2026-02-24T02:00:00Z,2026-02-24T02:12:09Z,auth,auth_enUS_labelerexp,at://did:plc:jzuirp2oahpmr7keujggosnm/app.bsky.feed.generator/aaamchzapws5y,suggested_labelerexp,46,at://did:plc:kkergqgbhb56ptpwj2wenkje/app.bsky.feed.post/3mfk5yfnp7d2i,bafyreif537hizvxys6qbcwxez7fo4uelvqkhjupy4is5sjofqcdcx2zt5i,did:plc:kkergqgbhb56ptpwj2wenkje,socpaperbot.bsky.social,,
a949065f32574c619dbbb6c2602d9a19,2026-02-24T02:00:00Z,2026-02-24T02:12:09Z,auth,auth_enUS_labelerexp,at://did:plc:jzuirp2oahpmr7keujggosnm/app.bsky.feed.generator/aaamchzapws5y,suggested_labelerexp,47,at://did:plc:kkergqgbhb56ptpwj2wenkje/app.bsky.feed.post/3mfk5uvrpgz2b,bafyreifvcgotfc2x632kssj25jjmyud6mwtdiplyh3fufiwhbzsdlc7cqq,did:plc:kkergqgbhb56ptpwj2wenkje,socpaperbot.bsky.social,,
a949065f32574c619dbbb6c2602d9a19,2026-02-24T02:00:00Z,2026-02-24T02:12:09Z,auth,auth_enUS_labelerexp,at://did:plc:jzuirp2oahpmr7keujggosnm/app.bsky.feed.generator/aaamchzapws5y,suggested_labelerexp,48,at://did:plc:kkergqgbhb56ptpwj2wenkje/app.bsky.feed.post/3mfk5qyk2dy23,bafyreicm3kztpwcptfzcimeeygvkmeytdhyaksiocit45em6kjbdl35a5a,did:plc:kkergqgbhb56ptpwj2wenkje,socpaperbot.bsky.social,,
a949065f32574c619dbbb6c2602d9a19,2026-02-24T02:00:00Z,2026-02-24T02:12:09Z,auth,auth_enUS_labelerexp,at://did:plc:jzuirp2oahpmr7keujggosnm/app.bsky.feed.generator/aaamchzapws5y,suggested_labelerexp,49,at://did:plc:kkergqgbhb56ptpwj2wenkje/app.bsky.feed.post/3mfk5jte3ve2o,bafyreibkt7xvlyz4hh4q7j7jt5efifjzf3wewtlwgopqhczxs5or7v7o7i,did:plc:kkergqgbhb56ptpwj2wenkje,socpaperbot.bsky.social,,
a949065f32574c619dbbb6c2602d9a19,2026-02-24T02:00:00Z,2026-02-24T02:12:09Z,auth,auth_enUS_labelerexp,at://did:plc:jzuirp2oahpmr7keujggosnm/app.bsky.feed.generator/aaamchzapws5y,suggested_labelerexp,50,at://did:plc:krylzm7gktsflafwpcnp6c3f/app.bsky.feed.post/3mfk5hzec722z,bafyreidocltsjwqpz2lgzlokkqytamn4vm4tspyfoexdhqhqt7bylnppgq,did:plc:krylzm7gktsflafwpcnp6c3f,libraryofamerica.bsky.social,,
a949065f32574c619dbbb6c2602d9a19,2026-02-24T02:00:00Z,2026-02-24T02:12:10Z,auth,auth_enUS_labelerexp,at://did:plc:lptjvw6ut224kwrj7ub3sqbe/app.bsky.feed.generator/aaaotfjzjplna,suggested_labelerexp,1,at://did:plc:nyz2ssqxd3g72lpmdrfrsc74/app.bsky.feed.post/3lgc57nllam2y,bafyreifvxnjemmditxgrwz6bvh5p55p2qnurdnce6tabpdakw7hj5xu2ji,did:plc:nyz2ssqxd3g72lpmdrfrsc74,urbanism.plus,,
a949065f32574c619dbbb6c2602d9a19,2026-02-24T02:00:00Z,2026-02-24T02:12:10Z,auth,auth_enUS_labelerexp,at://did:plc:lptjvw6ut224kwrj7ub3sqbe/app.bsky.feed.generator/aaaotfjzjplna,suggested_labelerexp,2,at://did:plc:whb5n3iel5wb5vopbmx7d27h/app.bsky.feed.post/3mfl3lagpcc2g,bafyreiho377uzullfw66276eskudtqoeqyw365zbuavmq6hmoauvzgnpjm,did:plc:whb5n3iel5wb5vopbmx7d27h,tomvanantwerp.com,,
a949065f32574c619dbbb6c2602d9a19,2026-02-24T02:00:00Z,2026-02-24T02:12:10Z,auth,auth_enUS_labelerexp,at://did:plc:lptjvw6ut224kwrj7ub3sqbe/app.bsky.feed.generator/aaaotfjzjplna,suggested_labelerexp,3,at://did:plc:hgxlot4tjdp6xivfqwqqe5x7/app.bsky.feed.post/3mfl3koet4c2m,bafyreid37cfckawvgn74b5qehtba2a46pq2gvolgtsd4ceg6rud3ifoddy,did:plc:hgxlot4tjdp6xivfqwqqe5x7,welcomingneighbors.us,,
a949065f32574c619dbbb6c2602d9a19,2026-02-24T02:00:00Z,2026-02-24T02:12:10Z,auth,auth_enUS_labelerexp,at://did:plc:lptjvw6ut224kwrj7ub3sqbe/app.bsky.feed.generator/aaaotfjzjplna,suggested_labelerexp,4,at://did:plc:yfrf54a5vst53z7vbagp4bkp/app.bsky.feed.post/3mfl3jh4b5k2z,bafyreicp2cpbpedheoijaspxs5rfirow3pez76rgqg5lfzvjxibnkjfuce,did:plc:yfrf54a5vst53z7vbagp4bkp,safestreetsindy.org,,
a949065f32574c619dbbb6c2602d9a19,2026-02-24T02:00:00Z,2026-02-24T02:12:10Z,auth,auth_enUS_labelerexp,at://did:plc:lptjvw6ut224kwrj7ub3sqbe/app.bsky.feed.generator/aaaotfjzjplna,suggested_labelerexp,5,at://did:plc:6vatl6lhsv3ninhf7n4ssria/app.bsky.feed.post/3mfl3in2elc2a,bafyreicxh4b4xci2qq7njgqcdlofsn7v4xlau3lwo2b3rlqejagy5vrgvy,did:plc:6vatl6lhsv3ninhf7n4ssria,typewriteralley.bsky.social,,
a949065f32574c619dbbb6c2602d9a19,2026-02-24T02:00:00Z,2026-02-24T02:12:10Z,auth,auth_enUS_labelerexp,at://did:plc:lptjvw6ut224kwrj7ub3sqbe/app.bsky.feed.generator/aaaotfjzjplna,suggested_labelerexp,6,at://did:plc:cf7f6n5ypoqzsxofbti645r6/app.bsky.feed.post/3mfl3exruis2s,bafyreibf4ivotltjhyohvhsd77v7p65psm5e3o7kwyh2tlzkvbkax3d5fy,did:plc:cf7f6n5ypoqzsxofbti645r6,finchfrii.bsky.social,,
a949065f32574c619dbbb6c2602d9a19,2026-02-24T02:00:00Z,2026-02-24T02:12:10Z,auth,auth_enUS_labelerexp,at://did:plc:lptjvw6ut224kwrj7ub3sqbe/app.bsky.feed.generator/aaaotfjzjplna,suggested_labelerexp,7,at://did:plc:maeg2tjb75xrqybubdn2rgt3/app.bsky.feed.post/3mfl3b7k3ls22,bafyreibk6azxbcu7b4vxcvefsvidi2osavntxisaombzzc7w4du465yhme,did:plc:maeg2tjb75xrqybubdn2rgt3,jump-smash.bsky.social,,
a949065f32574c619dbbb6c2602d9a19,2026-02-24T02:00:00Z,2026-02-24T02:12:10Z,auth,auth_enUS_labelerexp,at://did:plc:lptjvw6ut224kwrj7ub3sqbe/app.bsky.feed.generator/aaaotfjzjplna,suggested_labelerexp,8,at://did:plc:ig3fomcnt3n5vk3tgzphhn5t/app.bsky.feed.post/3mfl33zbmpk2n,bafyreicwtz5p7qxp7njhwaact46ex644mvibf6ycsfzeyxc2m4chvztu7u,did:plc:ig3fomcnt3n5vk3tgzphhn5t,glista.bsky.social,,
a949065f32574c619dbbb6c2602d9a19,2026-02-24T02:00:00Z,2026-02-24T02:12:10Z,auth,auth_enUS_labelerexp,at://did:plc:lptjvw6ut224kwrj7ub3sqbe/app.bsky.feed.generator/aaaotfjzjplna,suggested_labelerexp,9,at://did:plc:tr4cft75d5yyfurquqoctgug/app.bsky.feed.post/3mfl2yi5ixk2d,bafyreifh4abxh5hqdzfdmpvd32lydu5vzdkp3fki2odpyirqzsc5txz2ia,did:plc:tr4cft75d5yyfurquqoctgug,obcycler.bsky.social,,
a949065f32574c619dbbb6c2602d9a19,2026-02-24T02:00:00Z,2026-02-24T02:12:10Z,auth,auth_enUS_labelerexp,at://did:plc:lptjvw6ut224kwrj7ub3sqbe/app.bsky.feed.generator/aaaotfjzjplna,suggested_labelerexp,10,at://did:plc:mo5t3yilg5s4bsprt3l2rjte/app.bsky.feed.post/3mfl2gvxzus26,bafyreic7zhep7ulbsresnrgeh4gcrwihr2wu2veem6k6idpgual2dwdepm,did:plc:mo5t3yilg5s4bsprt3l2rjte,bikeeastbay.bsky.social,,
a949065f32574c619dbbb6c2602d9a19,2026-02-24T02:00:00Z,2026-02-24T02:12:10Z,auth,auth_enUS_labelerexp,at://did:plc:lptjvw6ut224kwrj7ub3sqbe/app.bsky.feed.generator/aaaotfjzjplna,suggested_labelerexp,11,at://did:plc:k5iljqtzjxcinvcpivv7id5z/app.bsky.feed.post/3mfl27cuaqs22,bafyreibktluo7rsdgmgjdwz7snrrm64wan55b3vifdao3blalmdfxxhk2y,did:plc:k5iljqtzjxcinvcpivv7id5z,jameswsthomson.com,,
a949065f32574c619dbbb6c2602d9a19,2026-02-24T02:00:00Z,2026-02-24T02:12:10Z,auth,auth_enUS_labelerexp,at://did:plc:lptjvw6ut224kwrj7ub3sqbe/app.bsky.feed.generator/aaaotfjzjplna,suggested_labelerexp,12,at://did:plc:zh5dfrgucq2td5ngz2wtlzle/app.bsky.feed.post/3mfl25atak222,bafyreidvvgigaoth5sjkljjcfk25jca75qyeb7igou2q2ndrnsuazfixhq,did:plc:zh5dfrgucq2td5ngz2wtlzle,nationalobserver.com,,
a949065f32574c619dbbb6c2602d9a19,2026-02-24T02:00:00Z,2026-02-24T02:12:10Z,auth,auth_enUS_labelerexp,at://did:plc:lptjvw6ut224kwrj7ub3sqbe/app.bsky.feed.generator/aaaotfjzjplna,suggested_labelerexp,13,at://did:plc:tr4cft75d5yyfurquqoctgug/app.bsky.feed.post/3mfkzv2oda22d,bafyreidqopgv6sjavy4mlwijvaeufsqewtdapoinzucrjfs6tyzdj5xqxq,did:plc:tr4cft75d5yyfurquqoctgug,obcycler.bsky.social,,
a949065f32574c619dbbb6c2602d9a19,2026-02-24T02:00:00Z,2026-02-24T02:12:10Z,auth,auth_enUS_labelerexp,at://did:plc:lptjvw6ut224kwrj7ub3sqbe/app.bsky.feed.generator/aaaotfjzjplna,suggested_labelerexp,14,at://did:plc:lgml52yrvubhgaqt36ctirxd/app.bsky.feed.post/3mfkzt2hu2s26,bafyreidqabqddbwdjdb77efckym6ahzjopgnt465uc7bc23oqxn3didthq,did:plc:lgml52yrvubhgaqt36ctirxd,sachadylan.bsky.social,,
a949065f32574c619dbbb6c2602d9a19,2026-02-24T02:00:00Z,2026-02-24T02:12:10Z,auth,auth_enUS_labelerexp,at://did:plc:lptjvw6ut224kwrj7ub3sqbe/app.bsky.feed.generator/aaaotfjzjplna,suggested_labelerexp,15,at://did:plc:fs6yzqu7kcmgpysvzjdfs3yf/app.bsky.feed.post/3mfkzpsysws2p,bafyreicbs4sj775rno2qlf7kpuz3pc4i77e45r33p2qhq4r4fifysvrtci,did:plc:fs6yzqu7kcmgpysvzjdfs3yf,phoenixleague.bsky.social,,
a949065f32574c619dbbb6c2602d9a19,2026-02-24T02:00:00Z,2026-02-24T02:12:10Z,auth,auth_enUS_labelerexp,at://did:plc:lptjvw6ut224kwrj7ub3sqbe/app.bsky.feed.generator/aaaotfjzjplna,suggested_labelerexp,16,at://did:plc:dn3ztolc7flk6pybg5gifz5u/app.bsky.feed.post/3mfkznquhck26,bafyreicl4swrezv724aw3pfnggmxlprlk7spxbcsrrswjdo7xk5jx2ltqy,did:plc:dn3ztolc7flk6pybg5gifz5u,tufts.bsky.social,,
a949065f32574c619dbbb6c2602d9a19,2026-02-24T02:00:00Z,2026-02-24T02:12:10Z,auth,auth_enUS_labelerexp,at://did:plc:lptjvw6ut224kwrj7ub3sqbe/app.bsky.feed.generator/aaaotfjzjplna,suggested_labelerexp,17,at://did:plc:juc6kcsecvldh4nsxbyvfu5x/app.bsky.feed.post/3mfkzhggzxk2x,bafyreif4ludum4u4fmyb2ri75tjblzknp4lmogtrpzferpenvxvqkptpny,did:plc:juc6kcsecvldh4nsxbyvfu5x,icpetrie.bsky.social,,
a949065f32574c619dbbb6c2602d9a19,2026-02-24T02:00:00Z,2026-02-24T02:12:10Z,auth,auth_enUS_labelerexp,at://did:plc:lptjvw6ut224kwrj7ub3sqbe/app.bsky.feed.generator/aaaotfjzjplna,suggested_labelerexp,18,at://did:plc:c7myrid5havxrsy3w3ab4wxn/app.bsky.feed.post/3mfkzeg3ad224,bafyreifurcjxttfqptldjke4do6oeciu5t2j6xvy5d3ms7kdymqgka6axq,did:plc:c7myrid5havxrsy3w3ab4wxn,chiurbanist.bsky.social,,
a949065f32574c619dbbb6c2602d9a19,2026-02-24T02:00:00Z,2026-02-24T02:12:10Z,auth,auth_enUS_labelerexp,at://did:plc:lptjvw6ut224kwrj7ub3sqbe/app.bsky.feed.generator/aaaotfjzjplna,suggested_labelerexp,19,at://did:plc:cwo4s6mma322zxzffydq4qc2/app.bsky.feed.post/3mfkz7fuats2e,bafyreiaqsrkjhnhpzape2d47uvjdqg7yfg3zjup7k3lqlqekk6ebpilopm,did:plc:cwo4s6mma322zxzffydq4qc2,bayareascoop.bsky.social,,
a949065f32574c619dbbb6c2602d9a19,2026-02-24T02:00:00Z,2026-02-24T02:12:10Z,auth,auth_enUS_labelerexp,at://did:plc:lptjvw6ut224kwrj7ub3sqbe/app.bsky.feed.generator/aaaotfjzjplna,suggested_labelerexp,20,at://did:plc:7jyg4n5nnipzzy2zhn4jesrf/app.bsky.feed.post/3mfkz74bocc27,bafyreido24wtmbs7gfm67bplsedkkqxzsxli2lx7d3l6qikp54x3btaqpa,did:plc:7jyg4n5nnipzzy2zhn4jesrf,maxdubler.com,,
a949065f32574c619dbbb6c2602d9a19,2026-02-24T02:00:00Z,2026-02-24T02:12:10Z,auth,auth_enUS_labelerexp,at://did:plc:lptjvw6ut224kwrj7ub3sqbe/app.bsky.feed.generator/aaaotfjzjplna,suggested_labelerexp,21,at://did:plc:i6y3jdklpvkjvynvsrnqfdoq/app.bsky.feed.post/3m5mvuczhqx2m,bafyreihls3hmzflm6eycpt3bl6bsrwvly6aboglxlagvmauldjkhe2e3nm,did:plc:i6y3jdklpvkjvynvsrnqfdoq,graze.social,,
a949065f32574c619dbbb6c2602d9a19,2026-02-24T02:00:00Z,2026-02-24T02:12:10Z,auth,auth_enUS_labelerexp,at://did:plc:lptjvw6ut224kwrj7ub3sqbe/app.bsky.feed.generator/aaaotfjzjplna,suggested_labelerexp,22,at://did:plc:wlazsja7f3o5t5xhumtnilw5/app.bsky.feed.post/3mfkyvqnzmc25,bafyreiahwagvwrmixq3jyvphuyba6bakp6iasqctqxn6wthewul7trphve,did:plc:wlazsja7f3o5t5xhumtnilw5,danielhep.me,,
a949065f32574c619dbbb6c2602d9a19,2026-02-24T02:00:00Z,2026-02-24T02:12:10Z,auth,auth_enUS_labelerexp,at://did:plc:lptjvw6ut224kwrj7ub3sqbe/app.bsky.feed.generator/aaaotfjzjplna,suggested_labelerexp,23,at://did:plc:7jyg4n5nnipzzy2zhn4jesrf/app.bsky.feed.post/3mfkyt4at522z,bafyreib3pfpvq5nan2w6rtltfmmi2weujisljhcic7jtrgg2xz6nbm6ahe,did:plc:7jyg4n5nnipzzy2zhn4jesrf,maxdubler.com,,
a949065f32574c619dbbb6c2602d9a19,2026-02-24T02:00:00Z,2026-02-24T02:12:10Z,auth,auth_enUS_labelerexp,at://did:plc:lptjvw6ut224kwrj7ub3sqbe/app.bsky.feed.generator/aaaotfjzjplna,suggested_labelerexp,24,at://did:plc:ly36tgvibvjjivto2oom4tsx/app.bsky.feed.post/3mfkysp4js52e,bafyreiekndbm3qfczxfssuwlrbu5pan6df4to4rf2jntrya4utx5xe6vtm,did:plc:ly36tgvibvjjivto2oom4tsx,supersamuri0987.bsky.social,,
a949065f32574c619dbbb6c2602d9a19,2026-02-24T02:00:00Z,2026-02-24T02:12:10Z,auth,auth_enUS_labelerexp,at://did:plc:lptjvw6ut224kwrj7ub3sqbe/app.bsky.feed.generator/aaaotfjzjplna,suggested_labelerexp,25,at://did:plc:a3rtgffxmluo5l2n72pe37he/app.bsky.feed.post/3mfkyqhn3oc2c,bafyreiej5ibyhv62p44bhzlwdx2uxno5bvwwga3qzrnpqqkqpdbqw6iwge,did:plc:a3rtgffxmluo5l2n72pe37he,hwenaveere.bsky.social,,
a949065f32574c619dbbb6c2602d9a19,2026-02-24T02:00:00Z,2026-02-24T02:12:10Z,auth,auth_enUS_labelerexp,at://did:plc:lptjvw6ut224kwrj7ub3sqbe/app.bsky.feed.generator/aaaotfjzjplna,suggested_labelerexp,26,at://did:plc:xhckqguwyeqi3jph7nozwsmq/app.bsky.feed.post/3mfkykm6ars2a,bafyreicswzqh6aprxpx3zdmc5n4f5ed765rcjjrrtwvde5w5tk6upxm4ny,did:plc:xhckqguwyeqi3jph7nozwsmq,vabike.bsky.social,,
a949065f32574c619dbbb6c2602d9a19,2026-02-24T02:00:00Z,2026-02-24T02:12:10Z,auth,auth_enUS_labelerexp,at://did:plc:lptjvw6ut224kwrj7ub3sqbe/app.bsky.feed.generator/aaaotfjzjplna,suggested_labelerexp,27,at://did:plc:bdzngjuf6yedtcdte7tzfzj6/app.bsky.feed.post/3mfkygwlz6k2j,bafyreictjzpwjtjpks4inz4mgoqycgr43pydiak4rhfvph6e6lrdpqbn44,did:plc:bdzngjuf6yedtcdte7tzfzj6,carlballard.bsky.social,,
a949065f32574c619dbbb6c2602d9a19,2026-02-24T02:00:00Z,2026-02-24T02:12:10Z,auth,auth_enUS_labelerexp,at://did:plc:lptjvw6ut224kwrj7ub3sqbe/app.bsky.feed.generator/aaaotfjzjplna,suggested_labelerexp,28,at://did:plc:kto2dmrqhkenhylt7e32fivb/app.bsky.feed.post/3mfkydnoaws2j,bafyreibnhuscb6bwjvfmvxx5lbxyao766jyckvj3kzqjwryfy4pajo7qwi,did:plc:kto2dmrqhkenhylt7e32fivb,bwjones.bsky.social,,
a949065f32574c619dbbb6c2602d9a19,2026-02-24T02:00:00Z,2026-02-24T02:12:10Z,auth,auth_enUS_labelerexp,at://did:plc:lptjvw6ut224kwrj7ub3sqbe/app.bsky.feed.generator/aaaotfjzjplna,suggested_labelerexp,29,at://did:plc:zgyqpxbjs2nbtji7xwk7sop4/app.bsky.feed.post/3mfkxv6za722d,bafyreieqnofkruylz23qafw5gximh2lunxuaum4zkpgwnk2gqweczvju4e,did:plc:zgyqpxbjs2nbtji7xwk7sop4,silverprinceks.bsky.social,,
a949065f32574c619dbbb6c2602d9a19,2026-02-24T02:00:00Z,2026-02-24T02:12:10Z,auth,auth_enUS_labelerexp,at://did:plc:lptjvw6ut224kwrj7ub3sqbe/app.bsky.feed.generator/aaaotfjzjplna,suggested_labelerexp,30,at://did:plc:3twnxiukzxuwis5irwec37jo/app.bsky.feed.post/3mfkxu2jrsc2q,bafyreidy5l37u6ygb5xhddudh53unodwgex2jhess7qoyn3x457ekki5ea,did:plc:3twnxiukzxuwis5irwec37jo,landscapejudger.bsky.social,,
a949065f32574c619dbbb6c2602d9a19,2026-02-24T02:00:00Z,2026-02-24T02:12:10Z,auth,auth_enUS_labelerexp,at://did:plc:lptjvw6ut224kwrj7ub3sqbe/app.bsky.feed.generator/aaaotfjzjplna,suggested_labelerexp,31,at://did:plc:6vatl6lhsv3ninhf7n4ssria/app.bsky.feed.post/3mfkxoqfzm22d,bafyreifeed57mkhcf23xsof5ea4vmyibrusl6s7tvsjtctwevhkb6ben5i,did:plc:6vatl6lhsv3ninhf7n4ssria,typewriteralley.bsky.social,,
a949065f32574c619dbbb6c2602d9a19,2026-02-24T02:00:00Z,2026-02-24T02:12:10Z,auth,auth_enUS_labelerexp,at://did:plc:lptjvw6ut224kwrj7ub3sqbe/app.bsky.feed.generator/aaaotfjzjplna,suggested_labelerexp,32,at://did:plc:67r4c5cbfofo2p5bq6zqajbv/app.bsky.feed.post/3mfkxocawlc24,bafyreib6gv6vv2gzjl2mim5fqcw4cjzzmizd7biugmc6tlaro6qb5yvhdq,did:plc:67r4c5cbfofo2p5bq6zqajbv,gabrielsnyder.com,,
a949065f32574c619dbbb6c2602d9a19,2026-02-24T02:00:00Z,2026-02-24T02:12:10Z,auth,auth_enUS_labelerexp,at://did:plc:lptjvw6ut224kwrj7ub3sqbe/app.bsky.feed.generator/aaaotfjzjplna,suggested_labelerexp,33,at://did:plc:3jdjxqa7ci4ffzlteo3pxymm/app.bsky.feed.post/3mfkxdds4kk26,bafyreigxhkpqhfkgm74ledfi3hiuwvu5j53w6rwrfb2rrze7cxjawzhr5u,did:plc:3jdjxqa7ci4ffzlteo3pxymm,jehiah.cz,,
a949065f32574c619dbbb6c2602d9a19,2026-02-24T02:00:00Z,2026-02-24T02:12:10Z,auth,auth_enUS_labelerexp,at://did:plc:lptjvw6ut224kwrj7ub3sqbe/app.bsky.feed.generator/aaaotfjzjplna,suggested_labelerexp,34,at://did:plc:qy3473q2mwo6dqx6cvb7kf4x/app.bsky.feed.post/3mfkwscfozc2y,bafyreiavp6f665hxik4t3bchbrd2j4bv244kym6cdold3rgpgjsnsigo5m,did:plc:qy3473q2mwo6dqx6cvb7kf4x,nevint.bsky.social,,
a949065f32574c619dbbb6c2602d9a19,2026-02-24T02:00:00Z,2026-02-24T02:12:10Z,auth,auth_enUS_labelerexp,at://did:plc:lptjvw6ut224kwrj7ub3sqbe/app.bsky.feed.generator/aaaotfjzjplna,suggested_labelerexp,35,at://did:plc:p2wwjajj2wk4rm54bclwnxjn/app.bsky.feed.post/3mfkwoq4tic2l,bafyreifehgxzz6xpozqyoasehj34fa6lj43mjtj2ycolc5uwr76lfcqpva,did:plc:p2wwjajj2wk4rm54bclwnxjn,astro-kraken.bsky.social,,
a949065f32574c619dbbb6c2602d9a19,2026-02-24T02:00:00Z,2026-02-24T02:12:10Z,auth,auth_enUS_labelerexp,at://did:plc:lptjvw6ut224kwrj7ub3sqbe/app.bsky.feed.generator/aaaotfjzjplna,suggested_labelerexp,36,at://did:plc:7dzisek6r5umenig45favjer/app.bsky.feed.post/3mfkwl7oqgn2h,bafyreibbezfxlqids37yvcyhrccooohd6m3e2oytx5px5vxejfi5mh3v7m,did:plc:7dzisek6r5umenig45favjer,evshift.bsky.social,,
a949065f32574c619dbbb6c2602d9a19,2026-02-24T02:00:00Z,2026-02-24T02:12:10Z,auth,auth_enUS_labelerexp,at://did:plc:lptjvw6ut224kwrj7ub3sqbe/app.bsky.feed.generator/aaaotfjzjplna,suggested_labelerexp,37,at://did:plc:kfc6ruj3pksubjngnd4dgfgg/app.bsky.feed.post/3mfkwkuplj22s,bafyreicvykkkv4ghlds6lq47b5esn26q56eiikayyzbl24iw57r4xcecpy,did:plc:kfc6ruj3pksubjngnd4dgfgg,triplee.bsky.social,,
a949065f32574c619dbbb6c2602d9a19,2026-02-24T02:00:00Z,2026-02-24T02:12:10Z,auth,auth_enUS_labelerexp,at://did:plc:lptjvw6ut224kwrj7ub3sqbe/app.bsky.feed.generator/aaaotfjzjplna,suggested_labelerexp,38,at://did:plc:bzo4s3zu56py7ewrzwqt3hmx/app.bsky.feed.post/3mfkwihebkc2p,bafyreihst6qayfoxntowisvodwetmd5faai7jbtzhky7uovxyi4n7lf4ya,did:plc:bzo4s3zu56py7ewrzwqt3hmx,regdns.bsky.social,,
a949065f32574c619dbbb6c2602d9a19,2026-02-24T02:00:00Z,2026-02-24T02:12:10Z,auth,auth_enUS_labelerexp,at://did:plc:lptjvw6ut224kwrj7ub3sqbe/app.bsky.feed.generator/aaaotfjzjplna,suggested_labelerexp,39,at://did:plc:jt3ddjcvezuxlwce2sx74ia4/app.bsky.feed.post/3mfkwgngn5c2v,bafyreiczbxctpmxi6nbdiyjw5fqseu5aezdqzu26oc7x7i47jmvsa4mgwq,did:plc:jt3ddjcvezuxlwce2sx74ia4,s404064.bsky.social,,
a949065f32574c619dbbb6c2602d9a19,2026-02-24T02:00:00Z,2026-02-24T02:12:10Z,auth,auth_enUS_labelerexp,at://did:plc:lptjvw6ut224kwrj7ub3sqbe/app.bsky.feed.generator/aaaotfjzjplna,suggested_labelerexp,40,at://did:plc:nffb4nf3co2lqv4lxlqlmw2l/app.bsky.feed.post/3mfkw3fft4s2w,bafyreicue4dpw2gstrvb4tu7ewxwwp7vdcxyum37kgwdl4uv5hbze3lghm,did:plc:nffb4nf3co2lqv4lxlqlmw2l,somerbikesafety.bsky.social,,
a949065f32574c619dbbb6c2602d9a19,2026-02-24T02:00:00Z,2026-02-24T02:12:10Z,auth,auth_enUS_labelerexp,at://did:plc:lptjvw6ut224kwrj7ub3sqbe/app.bsky.feed.generator/aaaotfjzjplna,suggested_labelerexp,41,at://did:plc:wgtqorswetnoetapuimh7xrs/app.bsky.feed.post/3mfkvz7e2sc2t,bafyreifkldclvy563ka5x4htedzs75epctrq3lcz5wu67cty4tofgxto7e,did:plc:wgtqorswetnoetapuimh7xrs,puzzle42.bsky.social,,
a949065f32574c619dbbb6c2602d9a19,2026-02-24T02:00:00Z,2026-02-24T02:12:10Z,auth,auth_enUS_labelerexp,at://did:plc:lptjvw6ut224kwrj7ub3sqbe/app.bsky.feed.generator/aaaotfjzjplna,suggested_labelerexp,42,at://did:plc:44hddqbejvyvp3jcpl4lnbex/app.bsky.feed.post/3mfkvtrmx722p,bafyreid5yqtchv2yapbjssutj34ghxj3ehwucaa3p3n2pwg6fpij63zpim,did:plc:44hddqbejvyvp3jcpl4lnbex,noijtat.bsky.social,,
a949065f32574c619dbbb6c2602d9a19,2026-02-24T02:00:00Z,2026-02-24T02:12:10Z,auth,auth_enUS_labelerexp,at://did:plc:lptjvw6ut224kwrj7ub3sqbe/app.bsky.feed.generator/aaaotfjzjplna,suggested_labelerexp,43,at://did:plc:wkflkbryiylhva4wg5jitzrv/app.bsky.feed.post/3mfkvszxhws2p,bafyreiakjndhijllbwfmmrbimzjwd7gmeq2na2cqjc3ilwxi3mhzx6ufiu,did:plc:wkflkbryiylhva4wg5jitzrv,nerd4cities.bsky.social,,
a949065f32574c619dbbb6c2602d9a19,2026-02-24T02:00:00Z,2026-02-24T02:12:10Z,auth,auth_enUS_labelerexp,at://did:plc:lptjvw6ut224kwrj7ub3sqbe/app.bsky.feed.generator/aaaotfjzjplna,suggested_labelerexp,44,at://did:plc:xo57dlmfehpabes5sivzjvpk/app.bsky.feed.post/3mfkvpkhg7c27,bafyreihleshvqqw2hnf4kchq4t274zroq63ttojs5yjp7y5u2lmdxyy6ye,did:plc:xo57dlmfehpabes5sivzjvpk,originalceenote71.bsky.social,,
a949065f32574c619dbbb6c2602d9a19,2026-02-24T02:00:00Z,2026-02-24T02:12:10Z,auth,auth_enUS_labelerexp,at://did:plc:lptjvw6ut224kwrj7ub3sqbe/app.bsky.feed.generator/aaaotfjzjplna,suggested_labelerexp,45,at://did:plc:qc6gtjqom35xpjctxn2djxkt/app.bsky.feed.post/3mfkvk5jyuk2h,bafyreifxyx4wvnbc73msrg2ef5r2ierzd7d2dtqeot3cqfanzzipegadmm,did:plc:qc6gtjqom35xpjctxn2djxkt,nztransitbuzz.bsky.social,,
a949065f32574c619dbbb6c2602d9a19,2026-02-24T02:00:00Z,2026-02-24T02:12:10Z,auth,auth_enUS_labelerexp,at://did:plc:lptjvw6ut224kwrj7ub3sqbe/app.bsky.feed.generator/aaaotfjzjplna,suggested_labelerexp,46,at://did:plc:6vatl6lhsv3ninhf7n4ssria/app.bsky.feed.post/3mfkvehjruk2v,bafyreieiol7wlzkjhyeld3t255wqehcq7tvbumkyhui4oc3ftr4w7j6uce,did:plc:6vatl6lhsv3ninhf7n4ssria,typewriteralley.bsky.social,,
a949065f32574c619dbbb6c2602d9a19,2026-02-24T02:00:00Z,2026-02-24T02:12:10Z,auth,auth_enUS_labelerexp,at://did:plc:lptjvw6ut224kwrj7ub3sqbe/app.bsky.feed.generator/aaaotfjzjplna,suggested_labelerexp,47,at://did:plc:uzwynznfsovoan2zfrcxbuy5/app.bsky.feed.post/3mfkuxxr4n22q,bafyreiachunlzfmad5rpetey3jtfs46fedctk3exrtrdavcwyvpbtgox4y,did:plc:uzwynznfsovoan2zfrcxbuy5,catelli.bsky.social,,
a949065f32574c619dbbb6c2602d9a19,2026-02-24T02:00:00Z,2026-02-24T02:12:10Z,auth,auth_enUS_labelerexp,at://did:plc:lptjvw6ut224kwrj7ub3sqbe/app.bsky.feed.generator/aaaotfjzjplna,suggested_labelerexp,48,at://did:plc:swyp6rpv24vvdzpiucf3765i/app.bsky.feed.post/3mfkuvol6as2w,bafyreidfi5gbw2prh6wbxzjdee4lgiw2moiiyguweulthm7t6soyqs3jbm,did:plc:swyp6rpv24vvdzpiucf3765i,calder12.bsky.social,,
a949065f32574c619dbbb6c2602d9a19,2026-02-24T02:00:00Z,2026-02-24T02:12:10Z,auth,auth_enUS_labelerexp,at://did:plc:lptjvw6ut224kwrj7ub3sqbe/app.bsky.feed.generator/aaaotfjzjplna,suggested_labelerexp,49,at://did:plc:e7jsgglef5urgorwrzu3dav5/app.bsky.feed.post/3mfkupwfdpk2y,bafyreiayn2sddfd7gu6zzzdithytjba46z7o6rammexsw47q2cvev7xxte,did:plc:e7jsgglef5urgorwrzu3dav5,craigbruce68.bsky.social,,
a949065f32574c619dbbb6c2602d9a19,2026-02-24T02:00:00Z,2026-02-24T02:12:10Z,auth,auth_enUS_labelerexp,at://did:plc:lptjvw6ut224kwrj7ub3sqbe/app.bsky.feed.generator/aaaotfjzjplna,suggested_labelerexp,50,at://did:plc:oov3xxwkf7mfa3zebsplltyd/app.bsky.feed.post/3mfkuo6442s2y,bafyreigm4gpqy4mmxgt2dsqdpliazoc7nrjdvqfars3k3vfcnq5hfeaqha,did:plc:oov3xxwkf7mfa3zebsplltyd,ohtheurbanity.bsky.social,,
a949065f32574c619dbbb6c2602d9a19,2026-02-24T02:00:00Z,2026-02-24T02:12:11Z,auth,auth_enUS_labelerexp,at://did:plc:nkahctfdi6bxk72umytfwghw/app.bsky.feed.generator/aaad2q353alqm,suggested_labelerexp,1,at://did:plc:57ksprlkzyvwztefkh6vboov/app.bsky.feed.post/3mfl2rvrm2s2m,bafyreicvgcixdyjgvhc2u4yyagwojqez4uvgpp6eufmh5abk2ligo4evle,did:plc:57ksprlkzyvwztefkh6vboov,querrieoh.bsky.social,,
a949065f32574c619dbbb6c2602d9a19,2026-02-24T02:00:00Z,2026-02-24T02:12:11Z,auth,auth_enUS_labelerexp,at://did:plc:nkahctfdi6bxk72umytfwghw/app.bsky.feed.generator/aaad2q353alqm,suggested_labelerexp,2,at://did:plc:y75pohwipl4s2aexukqf2q3o/app.bsky.feed.post/3mfl2nzdmac2e,bafyreigshhaki3xqmppfqtvz44lpfcspd72wbeva4brylgiic3eccpjmvq,did:plc:y75pohwipl4s2aexukqf2q3o,katzirra.bsky.social,,
a949065f32574c619dbbb6c2602d9a19,2026-02-24T02:00:00Z,2026-02-24T02:12:11Z,auth,auth_enUS_labelerexp,at://did:plc:nkahctfdi6bxk72umytfwghw/app.bsky.feed.generator/aaad2q353alqm,suggested_labelerexp,3,at://did:plc:4tixoizl4fy36fau4cwiz2ms/app.bsky.feed.post/3mfkzz4owus2b,bafyreigbxpxia55zgyrwmf5wmsih7nmfbobxvw6vv4m52hmc6ci5ya2brm,did:plc:4tixoizl4fy36fau4cwiz2ms,jkmakes.bsky.social,,
a949065f32574c619dbbb6c2602d9a19,2026-02-24T02:00:00Z,2026-02-24T02:12:11Z,auth,auth_enUS_labelerexp,at://did:plc:nkahctfdi6bxk72umytfwghw/app.bsky.feed.generator/aaad2q353alqm,suggested_labelerexp,4,at://did:plc:5m62nyzfmih5nmhmxfqr4rjf/app.bsky.feed.post/3mfkyfdghss24,bafyreid2scic67brgxhhkryxux3q2afltgtiv4uyzl6zm73evby3vcmctm,did:plc:5m62nyzfmih5nmhmxfqr4rjf,somewherein.jp,,
a949065f32574c619dbbb6c2602d9a19,2026-02-24T02:00:00Z,2026-02-24T02:12:11Z,auth,auth_enUS_labelerexp,at://did:plc:nkahctfdi6bxk72umytfwghw/app.bsky.feed.generator/aaad2q353alqm,suggested_labelerexp,5,at://did:plc:ukg4p245nmld6eqsm3ggywuv/app.bsky.feed.post/3mfkxzfr6mk2q,bafyreia3ahucitwmwa5cwyydwplhc2fgh3r4cyb7uezkk6hd5ik5u5xoke,did:plc:ukg4p245nmld6eqsm3ggywuv,christine-1953.bsky.social,,
a949065f32574c619dbbb6c2602d9a19,2026-02-24T02:00:00Z,2026-02-24T02:12:11Z,auth,auth_enUS_labelerexp,at://did:plc:nkahctfdi6bxk72umytfwghw/app.bsky.feed.generator/aaad2q353alqm,suggested_labelerexp,6,at://did:plc:ki7an2gq5cs637sthnszp6yh/app.bsky.feed.post/3mfkxrmh2n62r,bafyreics6txc7alsrtyrqzt5yltssllmrqw54lrphbhkcwhexnbpfztury,did:plc:ki7an2gq5cs637sthnszp6yh,amjv0nt7di.bsky.social,,
a949065f32574c619dbbb6c2602d9a19,2026-02-24T02:00:00Z,2026-02-24T02:12:11Z,auth,auth_enUS_labelerexp,at://did:plc:nkahctfdi6bxk72umytfwghw/app.bsky.feed.generator/aaad2q353alqm,suggested_labelerexp,7,at://did:plc:cnhaoqvlk3vm2bfixoelv62d/app.bsky.feed.post/3mfkwex46bs2w,bafyreieokmxsozwnck5ovhqcmhs6lnv6asboxhjmtwhzqwyhzt6mgopzl4,did:plc:cnhaoqvlk3vm2bfixoelv62d,glasshorns.bsky.social,,
a949065f32574c619dbbb6c2602d9a19,2026-02-24T02:00:00Z,2026-02-24T02:12:11Z,auth,auth_enUS_labelerexp,at://did:plc:nkahctfdi6bxk72umytfwghw/app.bsky.feed.generator/aaad2q353alqm,suggested_labelerexp,8,at://did:plc:d3f53lggp26x4dunuzukjmko/app.bsky.feed.post/3mfkw7rejic27,bafyreiem2kcbbjjfm4sxyd7kkvok32nfvkef65hatmg7enkvu2llgcqss4,did:plc:d3f53lggp26x4dunuzukjmko,hauntedstudio.bsky.social,,
a949065f32574c619dbbb6c2602d9a19,2026-02-24T02:00:00Z,2026-02-24T02:12:11Z,auth,auth_enUS_labelerexp,at://did:plc:nkahctfdi6bxk72umytfwghw/app.bsky.feed.generator/aaad2q353alqm,suggested_labelerexp,9,at://did:plc:axbpmjaeme4g23ei5gindpcl/app.bsky.feed.post/3mfkw2vjtbc26,bafyreib43nmseuv2faitz2g4fbaxaipyu6upr2tqzy2bypg6sjrsgxc3wi,did:plc:axbpmjaeme4g23ei5gindpcl,braindouche.bsky.social,,
a949065f32574c619dbbb6c2602d9a19,2026-02-24T02:00:00Z,2026-02-24T02:12:11Z,auth,auth_enUS_labelerexp,at://did:plc:nkahctfdi6bxk72umytfwghw/app.bsky.feed.generator/aaad2q353alqm,suggested_labelerexp,10,at://did:plc:uk266z7bzwkt2hbrgnjxfmy7/app.bsky.feed.post/3mfkvzzpmws2o,bafyreigkezx3iyy36mlttpua5ia2j6c5ek44yvp2tyeq6rylrpbs3fxkfm,did:plc:uk266z7bzwkt2hbrgnjxfmy7,garryeves.bsky.social,,
a949065f32574c619dbbb6c2602d9a19,2026-02-24T02:00:00Z,2026-02-24T02:12:11Z,auth,auth_enUS_labelerexp,at://did:plc:nkahctfdi6bxk72umytfwghw/app.bsky.feed.generator/aaad2q353alqm,suggested_labelerexp,11,at://did:plc:xywyho4ewvmamahybifvmznf/app.bsky.feed.post/3mfkum3ouas2w,bafyreie4hiqncgitg5vktlwel2g6w56jiqrecbms5yn5gy5tubpfqiseba,did:plc:xywyho4ewvmamahybifvmznf,humbledadgames.bsky.social,,
a949065f32574c619dbbb6c2602d9a19,2026-02-24T02:00:00Z,2026-02-24T02:12:11Z,auth,auth_enUS_labelerexp,at://did:plc:nkahctfdi6bxk72umytfwghw/app.bsky.feed.generator/aaad2q353alqm,suggested_labelerexp,12,at://did:plc:bo2ke7a3jirx5kv5u46bjc2u/app.bsky.feed.post/3mfkubnjtik27,bafyreiad77jxx3a3vqzo64inbahqajktdmvnqydzj72yh4gj6cnajqrbaq,did:plc:bo2ke7a3jirx5kv5u46bjc2u,ellyrieve-lvk.co.uk,,
a949065f32574c619dbbb6c2602d9a19,2026-02-24T02:00:00Z,2026-02-24T02:12:11Z,auth,auth_enUS_labelerexp,at://did:plc:nkahctfdi6bxk72umytfwghw/app.bsky.feed.generator/aaad2q353alqm,suggested_labelerexp,13,at://did:plc:heanwybewu4d3pl5a22buytb/app.bsky.feed.post/3mfkto73fts2y,bafyreiguh342cdtssbyf6kvmvyoidfjkht33zrpu4ty634snzqfnz663kq,did:plc:heanwybewu4d3pl5a22buytb,crowvern.bsky.social,,
a949065f32574c619dbbb6c2602d9a19,2026-02-24T02:00:00Z,2026-02-24T02:12:11Z,auth,auth_enUS_labelerexp,at://did:plc:nkahctfdi6bxk72umytfwghw/app.bsky.feed.generator/aaad2q353alqm,suggested_labelerexp,14,at://did:plc:adb2rj4udvwzoh3besb7vkdv/app.bsky.feed.post/3mfktasnquc2j,bafyreihko22z3h7h62ni5acvenyqe2m6qhfy4iuqwcrn7yi3oyyay5tfjm,did:plc:adb2rj4udvwzoh3besb7vkdv,amandajanemason.bsky.social,,
a949065f32574c619dbbb6c2602d9a19,2026-02-24T02:00:00Z,2026-02-24T02:12:11Z,auth,auth_enUS_labelerexp,at://did:plc:nkahctfdi6bxk72umytfwghw/app.bsky.feed.generator/aaad2q353alqm,suggested_labelerexp,15,at://did:plc:hawzwrjn6yop6vr2nqv27ofq/app.bsky.feed.post/3mfkrl2d7oc2k,bafyreiec55xawemqskuoeqsb2xltzy2elj76bqp7n3oqrsynzki2g7hfv4,did:plc:hawzwrjn6yop6vr2nqv27ofq,arit93.bsky.social,,
a949065f32574c619dbbb6c2602d9a19,2026-02-24T02:00:00Z,2026-02-24T02:12:11Z,auth,auth_enUS_labelerexp,at://did:plc:nkahctfdi6bxk72umytfwghw/app.bsky.feed.generator/aaad2q353alqm,suggested_labelerexp,16,at://did:plc:i33m3atdwnpjjocc2spipqex/app.bsky.feed.post/3mfkqlchpgs25,bafyreiaw27rkxao7upbmmpvdnaaf5jigbtg5iyix4pad7wwqtapoqvvvbi,did:plc:i33m3atdwnpjjocc2spipqex,passeriform.bsky.social,,
a949065f32574c619dbbb6c2602d9a19,2026-02-24T02:00:00Z,2026-02-24T02:12:11Z,auth,auth_enUS_labelerexp,at://did:plc:nkahctfdi6bxk72umytfwghw/app.bsky.feed.generator/aaad2q353alqm,suggested_labelerexp,17,at://did:plc:6hzrzwos5724f2e4cpcbq4dh/app.bsky.feed.post/3mfkqhd4uvs2p,bafyreiag5nafo7qdgrqhsqmfpcjepgjhjljpp4oiqdgfluqptqrwp65474,did:plc:6hzrzwos5724f2e4cpcbq4dh,fizzixrat.bsky.social,,
a949065f32574c619dbbb6c2602d9a19,2026-02-24T02:00:00Z,2026-02-24T02:12:11Z,auth,auth_enUS_labelerexp,at://did:plc:nkahctfdi6bxk72umytfwghw/app.bsky.feed.generator/aaad2q353alqm,suggested_labelerexp,18,at://did:plc:tnx7vnmnd65cru43a4h37xti/app.bsky.feed.post/3mfkq3amcxk2n,bafyreifioqwqe6xrgydfoz3ao5dfkb2qnmqa7lxfctjcpt4jo2sg7m7ao4,did:plc:tnx7vnmnd65cru43a4h37xti,meej.dragonsworn.net,,
a949065f32574c619dbbb6c2602d9a19,2026-02-24T02:00:00Z,2026-02-24T02:12:11Z,auth,auth_enUS_labelerexp,at://did:plc:nkahctfdi6bxk72umytfwghw/app.bsky.feed.generator/aaad2q353alqm,suggested_labelerexp,19,at://did:plc:zpgxiotgjco524ktljvueur2/app.bsky.feed.post/3mfkpek2xhs2q,bafyreic3ttnc5nf4ywywwwtrj7cpeekfnykgerugowonwvhjkwxbz2hjdu,did:plc:zpgxiotgjco524ktljvueur2,squishythings.com,,
a949065f32574c619dbbb6c2602d9a19,2026-02-24T02:00:00Z,2026-02-24T02:12:11Z,auth,auth_enUS_labelerexp,at://did:plc:nkahctfdi6bxk72umytfwghw/app.bsky.feed.generator/aaad2q353alqm,suggested_labelerexp,20,at://did:plc:7kdwspc2gao67gf7o3xlkqwp/app.bsky.feed.post/3mfko3o5mtc2b,bafyreifx5j6vyyv6dbqegtlzrojjf4apwm4ykbpwkvulbemjkunpudpofy,did:plc:7kdwspc2gao67gf7o3xlkqwp,wh1952.bsky.social,,
a949065f32574c619dbbb6c2602d9a19,2026-02-24T02:00:00Z,2026-02-24T02:12:11Z,auth,auth_enUS_labelerexp,at://did:plc:nkahctfdi6bxk72umytfwghw/app.bsky.feed.generator/aaad2q353alqm,suggested_labelerexp,21,at://did:plc:auuusqsud3isztkx7btk66om/app.bsky.feed.post/3mfko36go4226,bafyreibt7n2bn3q6kyskzzcew3vni2zw6zjrcjzza724fo32fjnmnak2uq,did:plc:auuusqsud3isztkx7btk66om,vanvidum.bsky.social,,
a949065f32574c619dbbb6c2602d9a19,2026-02-24T02:00:00Z,2026-02-24T02:12:11Z,auth,auth_enUS_labelerexp,at://did:plc:nkahctfdi6bxk72umytfwghw/app.bsky.feed.generator/aaad2q353alqm,suggested_labelerexp,22,at://did:plc:273acqdnom6sbb3j4plf4wrz/app.bsky.feed.post/3mfkmeotyzy2a,bafyreihdp57ap5yk25r7a47j4ottrtw6epdb45y6waisqnu7glsjbqblna,did:plc:273acqdnom6sbb3j4plf4wrz,theomegapoint.bsky.social,,
a949065f32574c619dbbb6c2602d9a19,2026-02-24T02:00:00Z,2026-02-24T02:12:11Z,auth,auth_enUS_labelerexp,at://did:plc:nkahctfdi6bxk72umytfwghw/app.bsky.feed.generator/aaad2q353alqm,suggested_labelerexp,23,at://did:plc:tphyiu2kcnzpkg6u67g7qqy5/app.bsky.feed.post/3mfkkmr5uuc2h,bafyreiawmrpz4nkxkmu36ufu5muo2lrxzibw7gwceoprpfd5j3gw6p3t4q,did:plc:tphyiu2kcnzpkg6u67g7qqy5,hheistt.bsky.social,,
a949065f32574c619dbbb6c2602d9a19,2026-02-24T02:00:00Z,2026-02-24T02:12:11Z,auth,auth_enUS_labelerexp,at://did:plc:nkahctfdi6bxk72umytfwghw/app.bsky.feed.generator/aaad2q353alqm,suggested_labelerexp,24,at://did:plc:wypzknpwayic7xf2apynzqy2/app.bsky.feed.post/3mfkiver7bc24,bafyreicc7ypj7ernfnm3jhpnigwpzehg5nk5y52rd6heuxxx4xq5xuc3ky,did:plc:wypzknpwayic7xf2apynzqy2,knyaife.bsky.social,,
a949065f32574c619dbbb6c2602d9a19,2026-02-24T02:00:00Z,2026-02-24T02:12:11Z,auth,auth_enUS_labelerexp,at://did:plc:nkahctfdi6bxk72umytfwghw/app.bsky.feed.generator/aaad2q353alqm,suggested_labelerexp,25,at://did:plc:kitj2oi7qwena6wjkqsag2wr/app.bsky.feed.post/3mfkipflwdk2r,bafyreiacbzc4rj3dxejp732s5lfpcdwqhqn7s5qdcd2gi6jetzvc3xladu,did:plc:kitj2oi7qwena6wjkqsag2wr,allmostblue.bsky.social,,
a949065f32574c619dbbb6c2602d9a19,2026-02-24T02:00:00Z,2026-02-24T02:12:11Z,auth,auth_enUS_labelerexp,at://did:plc:nkahctfdi6bxk72umytfwghw/app.bsky.feed.generator/aaad2q353alqm,suggested_labelerexp,26,at://did:plc:kitj2oi7qwena6wjkqsag2wr/app.bsky.feed.post/3mfkiimtx622r,bafyreiakzx2fytv4lqttjauyfubekdlsy4f36clycni7h3qqc3njkssnry,did:plc:kitj2oi7qwena6wjkqsag2wr,allmostblue.bsky.social,,
a949065f32574c619dbbb6c2602d9a19,2026-02-24T02:00:00Z,2026-02-24T02:12:11Z,auth,auth_enUS_labelerexp,at://did:plc:nkahctfdi6bxk72umytfwghw/app.bsky.feed.generator/aaad2q353alqm,suggested_labelerexp,27,at://did:plc:kitj2oi7qwena6wjkqsag2wr/app.bsky.feed.post/3mfkieapzss2r,bafyreibwldv4cuibfunqzyrkhnrovtw246sgbyvxksrgikj6myikihj2si,did:plc:kitj2oi7qwena6wjkqsag2wr,allmostblue.bsky.social,,
a949065f32574c619dbbb6c2602d9a19,2026-02-24T02:00:00Z,2026-02-24T02:12:11Z,auth,auth_enUS_labelerexp,at://did:plc:nkahctfdi6bxk72umytfwghw/app.bsky.feed.generator/aaad2q353alqm,suggested_labelerexp,28,at://did:plc:kitj2oi7qwena6wjkqsag2wr/app.bsky.feed.post/3mfkhtyf5os22,bafyreihbdchbswfbn7unxzhsk7nb2b3ltzor5veb5w5chwdlysevkmtsqe,did:plc:kitj2oi7qwena6wjkqsag2wr,allmostblue.bsky.social,,
a949065f32574c619dbbb6c2602d9a19,2026-02-24T02:00:00Z,2026-02-24T02:12:11Z,auth,auth_enUS_labelerexp,at://did:plc:nkahctfdi6bxk72umytfwghw/app.bsky.feed.generator/aaad2q353alqm,suggested_labelerexp,29,at://did:plc:kitj2oi7qwena6wjkqsag2wr/app.bsky.feed.post/3mfkghx5qxc22,bafyreif3kdkljyswusozzsmafj4ad6ktbqm6qjt4jenthv3gtp3plvvcvi,did:plc:kitj2oi7qwena6wjkqsag2wr,allmostblue.bsky.social,,
a949065f32574c619dbbb6c2602d9a19,2026-02-24T02:00:00Z,2026-02-24T02:12:11Z,auth,auth_enUS_labelerexp,at://did:plc:nkahctfdi6bxk72umytfwghw/app.bsky.feed.generator/aaad2q353alqm,suggested_labelerexp,30,at://did:plc:akrhvxsrulxymwdgo77yuohn/app.bsky.feed.post/3mfkelgeqck2v,bafyreif5675lrz2j7a7ovkmbdc7zwxhtknhbje2w2jt6ymsz3ie3tr7vem,did:plc:akrhvxsrulxymwdgo77yuohn,rusapenarts.bsky.social,,
a949065f32574c619dbbb6c2602d9a19,2026-02-24T02:00:00Z,2026-02-24T02:12:11Z,auth,auth_enUS_labelerexp,at://did:plc:nkahctfdi6bxk72umytfwghw/app.bsky.feed.generator/aaad2q353alqm,suggested_labelerexp,31,at://did:plc:wypzknpwayic7xf2apynzqy2/app.bsky.feed.post/3mfkeeb3vyc24,bafyreigbek4dled756t2upmteyldozhkb35cbojt7wke7suta5bybtf6hy,did:plc:wypzknpwayic7xf2apynzqy2,knyaife.bsky.social,,
a949065f32574c619dbbb6c2602d9a19,2026-02-24T02:00:00Z,2026-02-24T02:12:11Z,auth,auth_enUS_labelerexp,at://did:plc:nkahctfdi6bxk72umytfwghw/app.bsky.feed.generator/aaad2q353alqm,suggested_labelerexp,32,at://did:plc:x4keitvdrp3vjno2e44gg5qh/app.bsky.feed.post/3mfkdcxblnc2y,bafyreiahdxidiltgqlflfz5fofnn5oxqy7gm36mofwb7c7eqcvk3zswkd4,did:plc:x4keitvdrp3vjno2e44gg5qh,endless-swords.bsky.social,,
a949065f32574c619dbbb6c2602d9a19,2026-02-24T02:00:00Z,2026-02-24T02:12:11Z,auth,auth_enUS_labelerexp,at://did:plc:nkahctfdi6bxk72umytfwghw/app.bsky.feed.generator/aaad2q353alqm,suggested_labelerexp,33,at://did:plc:eifbwxrtbikdkcwkj6yfwdpq/app.bsky.feed.post/3mfkcqle4fc2b,bafyreifq5p365e2wvkbon3v5hbn3glfe34opsfthtlx42isfqeifhx2uea,did:plc:eifbwxrtbikdkcwkj6yfwdpq,palehorse13.bsky.social,,
a949065f32574c619dbbb6c2602d9a19,2026-02-24T02:00:00Z,2026-02-24T02:12:11Z,auth,auth_enUS_labelerexp,at://did:plc:nkahctfdi6bxk72umytfwghw/app.bsky.feed.generator/aaad2q353alqm,suggested_labelerexp,34,at://did:plc:diamgdguzk7zijufezi376uu/app.bsky.feed.post/3mfkbqewdb22w,bafyreiaqapbgxeoukjxxzv6xskd6j5egebtjbvd6uun2gii2n6uqgsohfy,did:plc:diamgdguzk7zijufezi376uu,coastal-quince.bsky.social,,
a949065f32574c619dbbb6c2602d9a19,2026-02-24T02:00:00Z,2026-02-24T02:12:11Z,auth,auth_enUS_labelerexp,at://did:plc:nkahctfdi6bxk72umytfwghw/app.bsky.feed.generator/aaad2q353alqm,suggested_labelerexp,35,at://did:plc:536nyivv4r6zi3smgx4xhqvd/app.bsky.feed.post/3mfkblhkhsc2q,bafyreihvueoak6tqdo5r5nsc5zdwipthopn4iwrircjrdpozil2u52wbna,did:plc:536nyivv4r6zi3smgx4xhqvd,cherishedteddie.bsky.social,,
a949065f32574c619dbbb6c2602d9a19,2026-02-24T02:00:00Z,2026-02-24T02:12:11Z,auth,auth_enUS_labelerexp,at://did:plc:nkahctfdi6bxk72umytfwghw/app.bsky.feed.generator/aaad2q353alqm,suggested_labelerexp,36,at://did:plc:ipt6vhrb4c4yk2tp3w3wivsc/app.bsky.feed.post/3mfkav57bns24,bafyreicyz6lh6t43ulknozhefu4l665dcyzh6z6g43hic7ie5rywdnyvdi,did:plc:ipt6vhrb4c4yk2tp3w3wivsc,grimmitator.bsky.social,,
a949065f32574c619dbbb6c2602d9a19,2026-02-24T02:00:00Z,2026-02-24T02:12:11Z,auth,auth_enUS_labelerexp,at://did:plc:nkahctfdi6bxk72umytfwghw/app.bsky.feed.generator/aaad2q353alqm,suggested_labelerexp,37,at://did:plc:apmlf5pmp42fwv74qdptfnqz/app.bsky.feed.post/3mfkamnpjts2p,bafyreibohbv4736pztiii6cyx5yfym2nc46skgainaq3shzhh53bibepnm,did:plc:apmlf5pmp42fwv74qdptfnqz,javolabor.bsky.social,,
a949065f32574c619dbbb6c2602d9a19,2026-02-24T02:00:00Z,2026-02-24T02:12:11Z,auth,auth_enUS_labelerexp,at://did:plc:nkahctfdi6bxk72umytfwghw/app.bsky.feed.generator/aaad2q353alqm,suggested_labelerexp,38,at://did:plc:njnr553esywoof2owdch74ns/app.bsky.feed.post/3mfkam743tk2b,bafyreieza7z3abq2k7spuvhmq4g2iqi5mbqb4xwlidhdyvt2n2i43hjyte,did:plc:njnr553esywoof2owdch74ns,justinhayneswriter.com,,
a949065f32574c619dbbb6c2602d9a19,2026-02-24T02:00:00Z,2026-02-24T02:12:11Z,auth,auth_enUS_labelerexp,at://did:plc:nkahctfdi6bxk72umytfwghw/app.bsky.feed.generator/aaad2q353alqm,suggested_labelerexp,39,at://did:plc:ld324bs3zekxrjiv5hcowoct/app.bsky.feed.post/3mfk5nwgtf22n,bafyreicsbc5c4mmxfgcdsgd7mf2nswzpa6cdt5fp75gg7s6763by5ti65m,did:plc:ld324bs3zekxrjiv5hcowoct,pinecone99.bsky.social,,
a949065f32574c619dbbb6c2602d9a19,2026-02-24T02:00:00Z,2026-02-24T02:12:11Z,auth,auth_enUS_labelerexp,at://did:plc:nkahctfdi6bxk72umytfwghw/app.bsky.feed.generator/aaad2q353alqm,suggested_labelerexp,40,at://did:plc:j3tpb4iabrq3ukfaui6eymwf/app.bsky.feed.post/3mfk4juztik22,bafyreibl36reh2pcphp6v3qgmq2dml6blptzegal3pxp4ouctatkf5ueku,did:plc:j3tpb4iabrq3ukfaui6eymwf,lopatto.bsky.social,,
a949065f32574c619dbbb6c2602d9a19,2026-02-24T02:00:00Z,2026-02-24T02:12:11Z,auth,auth_enUS_labelerexp,at://did:plc:nkahctfdi6bxk72umytfwghw/app.bsky.feed.generator/aaad2q353alqm,suggested_labelerexp,41,at://did:plc:wv5oyzuuatuizbqifq6xcdcg/app.bsky.feed.post/3mfjxcl237k2d,bafyreihj6qycibq2kcq3ggb4uuudtsn73nw4x3irlas7vjbp2v23msfu2q,did:plc:wv5oyzuuatuizbqifq6xcdcg,robinsonmeyer.bsky.social,,
a949065f32574c619dbbb6c2602d9a19,2026-02-24T02:00:00Z,2026-02-24T02:12:11Z,auth,auth_enUS_labelerexp,at://did:plc:nkahctfdi6bxk72umytfwghw/app.bsky.feed.generator/aaad2q353alqm,suggested_labelerexp,42,at://did:plc:7ajo5wrxtzruen5kyrezq4ro/app.bsky.feed.post/3mfjxcfhnas2o,bafyreigciufstpvent676kfjiiacd3qkzeakkty5hzux5zpdsqjecsnmzq,did:plc:7ajo5wrxtzruen5kyrezq4ro,daxaeterna.ink,,
a949065f32574c619dbbb6c2602d9a19,2026-02-24T02:00:00Z,2026-02-24T02:12:11Z,auth,auth_enUS_labelerexp,at://did:plc:nkahctfdi6bxk72umytfwghw/app.bsky.feed.generator/aaad2q353alqm,suggested_labelerexp,43,at://did:plc:dghnq4aakneiymcvxbgxynt4/app.bsky.feed.post/3mfjwjzopyo2h,bafyreic6ikdwj4irv5thgic4g2mlkrbp5bs4atsdesb3rxnjajycg34b3y,did:plc:dghnq4aakneiymcvxbgxynt4,markovbot.bsky.social,,
a949065f32574c619dbbb6c2602d9a19,2026-02-24T02:00:00Z,2026-02-24T02:12:11Z,auth,auth_enUS_labelerexp,at://did:plc:nkahctfdi6bxk72umytfwghw/app.bsky.feed.generator/aaad2q353alqm,suggested_labelerexp,44,at://did:plc:l5ootjcieq2ba5pas62w2i7b/app.bsky.feed.post/3mfjvvu64ju2s,bafyreiab7tgz6k53vcfyyzrgj7psgwpqv7p4aw4lppy7eyw4ra5fahsv7m,did:plc:l5ootjcieq2ba5pas62w2i7b,lifesim.bsky.social,,
a949065f32574c619dbbb6c2602d9a19,2026-02-24T02:00:00Z,2026-02-24T02:12:11Z,auth,auth_enUS_labelerexp,at://did:plc:nkahctfdi6bxk72umytfwghw/app.bsky.feed.generator/aaad2q353alqm,suggested_labelerexp,45,at://did:plc:nk7ni6r447yhoxxk3hd72ed2/app.bsky.feed.post/3mfjudfcgcc2l,bafyreictvcvfcxekzzx53cbat7a3hehgmzq7iog6ljdqjd2vcls25wmvgu,did:plc:nk7ni6r447yhoxxk3hd72ed2,spqrdevelopers.bsky.social,,
a949065f32574c619dbbb6c2602d9a19,2026-02-24T02:00:00Z,2026-02-24T02:12:11Z,auth,auth_enUS_labelerexp,at://did:plc:nkahctfdi6bxk72umytfwghw/app.bsky.feed.generator/aaad2q353alqm,suggested_labelerexp,46,at://did:plc:jxr4nn7wd2qmyfbcwu7fpzw2/app.bsky.feed.post/3mfjtm66jbc2i,bafyreignmn3l2hkn6gaph64astrxtczimcw75e4tw4oqub4upiuyqfnjxe,did:plc:jxr4nn7wd2qmyfbcwu7fpzw2,huwtd.bsky.social,,
a949065f32574c619dbbb6c2602d9a19,2026-02-24T02:00:00Z,2026-02-24T02:12:11Z,auth,auth_enUS_labelerexp,at://did:plc:nkahctfdi6bxk72umytfwghw/app.bsky.feed.generator/aaad2q353alqm,suggested_labelerexp,47,at://did:plc:a5n7zh2mf7czjczdivdwn2sc/app.bsky.feed.post/3mfjsujys4k24,bafyreia6mufirbrji6yk7x7ep7serlsqx6ewxeiqdqtkaxaomkiuakteuy,did:plc:a5n7zh2mf7czjczdivdwn2sc,kristenleigh.bsky.social,,
a949065f32574c619dbbb6c2602d9a19,2026-02-24T02:00:00Z,2026-02-24T02:12:11Z,auth,auth_enUS_labelerexp,at://did:plc:nkahctfdi6bxk72umytfwghw/app.bsky.feed.generator/aaad2q353alqm,suggested_labelerexp,48,at://did:plc:adb2rj4udvwzoh3besb7vkdv/app.bsky.feed.post/3mfjmz4ysf226,bafyreib4cd7rmjkpv5522jp72pjhpew3cmenf4zlf2vz4y5gu7e2b44zve,did:plc:adb2rj4udvwzoh3besb7vkdv,amandajanemason.bsky.social,,
a949065f32574c619dbbb6c2602d9a19,2026-02-24T02:00:00Z,2026-02-24T02:12:11Z,auth,auth_enUS_labelerexp,at://did:plc:nkahctfdi6bxk72umytfwghw/app.bsky.feed.generator/aaad2q353alqm,suggested_labelerexp,49,at://did:plc:dghnq4aakneiymcvxbgxynt4/app.bsky.feed.post/3mfjmi5mom22z,bafyreig3hwkcnttd4oulhlp62dc44ycenxpgwzixrxsvo7mp5iqtlahesi,did:plc:dghnq4aakneiymcvxbgxynt4,markovbot.bsky.social,,
a949065f32574c619dbbb6c2602d9a19,2026-02-24T02:00:00Z,2026-02-24T02:12:11Z,auth,auth_enUS_labelerexp,at://did:plc:nkahctfdi6bxk72umytfwghw/app.bsky.feed.generator/aaad2q353alqm,suggested_labelerexp,50,at://did:plc:t67evpci74il6thyale2mwpb/app.bsky.feed.post/3mfjlsi6hkc2s,bafyreia676o6azq4ls3oqppun5kgeui5b7dd2mmiw7lbaclhhkzd4sdaoe,did:plc:t67evpci74il6thyale2mwpb,stupidhistory.bsky.social,,
a949065f32574c619dbbb6c2602d9a19,2026-02-24T02:00:00Z,2026-02-24T02:12:12Z,auth,auth_enUS_labelerexp,at://did:plc:odqmsar3ikz5ubokya4sempk/app.bsky.feed.generator/aaabhy3bowhbo,suggested_labelerexp,1,at://did:plc:odqmsar3ikz5ubokya4sempk/app.bsky.feed.post/3lkhk6c2ehf2n,bafyreiaewzsjpf74dr2xaqmtuw7bf2sppbxvzoo3ds3xseflvg6pak3d64,did:plc:odqmsar3ikz5ubokya4sempk,wanderlingworld.bsky.social,,
a949065f32574c619dbbb6c2602d9a19,2026-02-24T02:00:00Z,2026-02-24T02:12:12Z,auth,auth_enUS_labelerexp,at://did:plc:odqmsar3ikz5ubokya4sempk/app.bsky.feed.generator/aaabhy3bowhbo,suggested_labelerexp,2,at://did:plc:nth7oetnxfnvj7fqppjqpu4y/app.bsky.feed.post/3mfl3ocwzd22w,bafyreicfsu4qpmiuxi4hsaqruayd7ita6foinbmeyhpvdj2lailv3ozsoe,did:plc:nth7oetnxfnvj7fqppjqpu4y,s-hyde.bsky.social,,
a949065f32574c619dbbb6c2602d9a19,2026-02-24T02:00:00Z,2026-02-24T02:12:12Z,auth,auth_enUS_labelerexp,at://did:plc:odqmsar3ikz5ubokya4sempk/app.bsky.feed.generator/aaabhy3bowhbo,suggested_labelerexp,3,at://did:plc:fukeqnztzbawmqi26bjyi7mk/app.bsky.feed.post/3mfl3mssjgc2x,bafyreif6f2aiy4ogztbonixduijy7ucnng2pumncyqyz2otzxlqt2bsg64,did:plc:fukeqnztzbawmqi26bjyi7mk,solangecityofs.bsky.social,,
a949065f32574c619dbbb6c2602d9a19,2026-02-24T02:00:00Z,2026-02-24T02:12:12Z,auth,auth_enUS_labelerexp,at://did:plc:odqmsar3ikz5ubokya4sempk/app.bsky.feed.generator/aaabhy3bowhbo,suggested_labelerexp,4,at://did:plc:4u4nm2qyil3rfvoupp3lznaa/app.bsky.feed.post/3mfl3lzqr6c2d,bafyreic62qeu4xl5s5xeuvmj6o43dz73ubxb3vbcqiugs7scn6mvqmvcwy,did:plc:4u4nm2qyil3rfvoupp3lznaa,bobby-s-art.bsky.social,,
a949065f32574c619dbbb6c2602d9a19,2026-02-24T02:00:00Z,2026-02-24T02:12:12Z,auth,auth_enUS_labelerexp,at://did:plc:odqmsar3ikz5ubokya4sempk/app.bsky.feed.generator/aaabhy3bowhbo,suggested_labelerexp,5,at://did:plc:4wvdaohjxdk3hwdormr4grxc/app.bsky.feed.post/3mfl3ly2uks2n,bafyreidu5xxvgubkf5hyqd2otxqgjmhflbe55dzwqtf7py6ivitr7je4h4,did:plc:4wvdaohjxdk3hwdormr4grxc,8hour.bsky.social,,
a949065f32574c619dbbb6c2602d9a19,2026-02-24T02:00:00Z,2026-02-24T02:12:12Z,auth,auth_enUS_labelerexp,at://did:plc:odqmsar3ikz5ubokya4sempk/app.bsky.feed.generator/aaabhy3bowhbo,suggested_labelerexp,6,at://did:plc:ufzgaajaiamc7bbrjpp2cc3l/app.bsky.feed.post/3mfl3luihgk2d,bafyreibpj4boe3bxcbehuckxxtzwfclh5jwpawoddhrysuzvsbfatfwrfa,did:plc:ufzgaajaiamc7bbrjpp2cc3l,dreamdropdollop.bsky.social,,
a949065f32574c619dbbb6c2602d9a19,2026-02-24T02:00:00Z,2026-02-24T02:12:12Z,auth,auth_enUS_labelerexp,at://did:plc:odqmsar3ikz5ubokya4sempk/app.bsky.feed.generator/aaabhy3bowhbo,suggested_labelerexp,7,at://did:plc:ufzgaajaiamc7bbrjpp2cc3l/app.bsky.feed.post/3mfl3ltcxac2d,bafyreibyynmbx2fahlkirhidarpcso45ao4ev5g6imhlrhhvcwpoim7r3y,did:plc:ufzgaajaiamc7bbrjpp2cc3l,dreamdropdollop.bsky.social,,
a949065f32574c619dbbb6c2602d9a19,2026-02-24T02:00:00Z,2026-02-24T02:12:12Z,auth,auth_enUS_labelerexp,at://did:plc:odqmsar3ikz5ubokya4sempk/app.bsky.feed.generator/aaabhy3bowhbo,suggested_labelerexp,8,at://did:plc:7or5s7zvj27fasua7vf2wnfn/app.bsky.feed.post/3mfl3lofebc2i,bafyreihzuta2fq67coeujrwbkdylcsi7wu7nqypxcfgtcmkysqo4xn5a3a,did:plc:7or5s7zvj27fasua7vf2wnfn,embrace5671.bsky.social,,
a949065f32574c619dbbb6c2602d9a19,2026-02-24T02:00:00Z,2026-02-24T02:12:12Z,auth,auth_enUS_labelerexp,at://did:plc:odqmsar3ikz5ubokya4sempk/app.bsky.feed.generator/aaabhy3bowhbo,suggested_labelerexp,9,at://did:plc:vsfkun6idt4kijea3cnzkfiu/app.bsky.feed.post/3mfl3lepsyk2f,bafyreif3zx2c2jifzrygqnnvxzfpxe7rfzj7j46znuotei6iztxemiovnq,did:plc:vsfkun6idt4kijea3cnzkfiu,silverydrake.bsky.social,,
a949065f32574c619dbbb6c2602d9a19,2026-02-24T02:00:00Z,2026-02-24T02:12:12Z,auth,auth_enUS_labelerexp,at://did:plc:odqmsar3ikz5ubokya4sempk/app.bsky.feed.generator/aaabhy3bowhbo,suggested_labelerexp,10,at://did:plc:bzgytejjditrp4v7plk56yce/app.bsky.feed.post/3mfl3l6orb22d,bafyreiapzrkasfvbemumep4ljjjohq6aintwtvzpb76ebdwclzba742owe,did:plc:bzgytejjditrp4v7plk56yce,jwjango.bsky.social,,
a949065f32574c619dbbb6c2602d9a19,2026-02-24T02:00:00Z,2026-02-24T02:12:12Z,auth,auth_enUS_labelerexp,at://did:plc:odqmsar3ikz5ubokya4sempk/app.bsky.feed.generator/aaabhy3bowhbo,suggested_labelerexp,11,at://did:plc:ubv444nrz7k2kviuk7jymvuz/app.bsky.feed.post/3mfl3kx7hzs2q,bafyreiew2qxomazeaed2ghbodvgw53mvzzy3daqrbccvdyejeiazolorri,did:plc:ubv444nrz7k2kviuk7jymvuz,cocolumi.bsky.social,,
a949065f32574c619dbbb6c2602d9a19,2026-02-24T02:00:00Z,2026-02-24T02:12:12Z,auth,auth_enUS_labelerexp,at://did:plc:odqmsar3ikz5ubokya4sempk/app.bsky.feed.generator/aaabhy3bowhbo,suggested_labelerexp,12,at://did:plc:kzeber4x4gjsf2ztrps2pctu/app.bsky.feed.post/3mfl3kvwkhk2b,bafyreidbau4vcoa5capr7hpor4ckj743d7shzd3r4grd6sks2npxs4vt24,did:plc:kzeber4x4gjsf2ztrps2pctu,bnnyx3.bsky.social,,
a949065f32574c619dbbb6c2602d9a19,2026-02-24T02:00:00Z,2026-02-24T02:12:12Z,auth,auth_enUS_labelerexp,at://did:plc:odqmsar3ikz5ubokya4sempk/app.bsky.feed.generator/aaabhy3bowhbo,suggested_labelerexp,13,at://did:plc:lqozbbx3i5neb7sh62biwylj/app.bsky.feed.post/3mfl3krhu2k2m,bafyreiga2wco5dwhdoepgmhmhxzjz46zxpflf3hvmhjgbgk73gww5lnmpq,did:plc:lqozbbx3i5neb7sh62biwylj,tfhehd.bsky.social,,
a949065f32574c619dbbb6c2602d9a19,2026-02-24T02:00:00Z,2026-02-24T02:12:12Z,auth,auth_enUS_labelerexp,at://did:plc:odqmsar3ikz5ubokya4sempk/app.bsky.feed.generator/aaabhy3bowhbo,suggested_labelerexp,14,at://did:plc:njlbu7kvjhk5wxvcpppnpm2t/app.bsky.feed.post/3mfl3khav622i,bafyreifal7lnzwj6dd36pu2czfr5yltfkf6z253nypb7umgru6acydp2iq,did:plc:njlbu7kvjhk5wxvcpppnpm2t,willfully-smile.bsky.social,,
a949065f32574c619dbbb6c2602d9a19,2026-02-24T02:00:00Z,2026-02-24T02:12:12Z,auth,auth_enUS_labelerexp,at://did:plc:odqmsar3ikz5ubokya4sempk/app.bsky.feed.generator/aaabhy3bowhbo,suggested_labelerexp,15,at://did:plc:xb5crhslslhnowhduivf72m4/app.bsky.feed.post/3mfl3kbcjek2n,bafyreidvjczefkzjqip4osrbyfbjy4s3kilmh3vankayexb2hkrg3pj2pe,did:plc:xb5crhslslhnowhduivf72m4,mreyesguy.bsky.social,,
a949065f32574c619dbbb6c2602d9a19,2026-02-24T02:00:00Z,2026-02-24T02:12:12Z,auth,auth_enUS_labelerexp,at://did:plc:odqmsar3ikz5ubokya4sempk/app.bsky.feed.generator/aaabhy3bowhbo,suggested_labelerexp,16,at://did:plc:odqmsar3ikz5ubokya4sempk/app.bsky.feed.post/3memkhpmc5c22,bafyreigvrkzvgpl3suhrlyx5vxik3jk43hi3uczpbelrfkxq5yvhlcupue,did:plc:odqmsar3ikz5ubokya4sempk,wanderlingworld.bsky.social,,
a949065f32574c619dbbb6c2602d9a19,2026-02-24T02:00:00Z,2026-02-24T02:12:12Z,auth,auth_enUS_labelerexp,at://did:plc:odqmsar3ikz5ubokya4sempk/app.bsky.feed.generator/aaabhy3bowhbo,suggested_labelerexp,17,at://did:plc:p2jtdx6fcnamjgqggjkgqn42/app.bsky.feed.post/3mfl3k7irpk25,bafyreigkzc2strkrgx2k23gtormu3p6evgfhapimvk6wtbl5rfd5nts45y,did:plc:p2jtdx6fcnamjgqggjkgqn42,mvlakai.bsky.social,,
a949065f32574c619dbbb6c2602d9a19,2026-02-24T02:00:00Z,2026-02-24T02:12:12Z,auth,auth_enUS_labelerexp,at://did:plc:odqmsar3ikz5ubokya4sempk/app.bsky.feed.generator/aaabhy3bowhbo,suggested_labelerexp,18,at://did:plc:p53fbj6qy6yhkq7ecnmosktw/app.bsky.feed.post/3mfl3jzafm22o,bafyreih5u2qwglrtijahn5wag24uwl5jicm3mo3jym7iea33nlof6nlzvm,did:plc:p53fbj6qy6yhkq7ecnmosktw,apetersenyt.bsky.social,,
a949065f32574c619dbbb6c2602d9a19,2026-02-24T02:00:00Z,2026-02-24T02:12:12Z,auth,auth_enUS_labelerexp,at://did:plc:odqmsar3ikz5ubokya4sempk/app.bsky.feed.generator/aaabhy3bowhbo,suggested_labelerexp,19,at://did:plc:6bjlcdcvbaudrzedfnqgpwzd/app.bsky.feed.post/3mfl3jxlm5k2q,bafyreibhwkj4pwpv3zrr2tyejfdm5lbcoiw5klnsjjrc6uskrbt53j3pea,did:plc:6bjlcdcvbaudrzedfnqgpwzd,humpheadwrasse.bsky.social,,
a949065f32574c619dbbb6c2602d9a19,2026-02-24T02:00:00Z,2026-02-24T02:12:12Z,auth,auth_enUS_labelerexp,at://did:plc:odqmsar3ikz5ubokya4sempk/app.bsky.feed.generator/aaabhy3bowhbo,suggested_labelerexp,20,at://did:plc:nxonq3gh2zdtvb65sdbomld7/app.bsky.feed.post/3mfl3jp6cxk2k,bafyreiaq3icjdjdica2attuqu5o46i4rvea3o4eniogndqytlcphg56ddy,did:plc:nxonq3gh2zdtvb65sdbomld7,cryptidcowgirl.bsky.social,,
a949065f32574c619dbbb6c2602d9a19,2026-02-24T02:00:00Z,2026-02-24T02:12:12Z,auth,auth_enUS_labelerexp,at://did:plc:odqmsar3ikz5ubokya4sempk/app.bsky.feed.generator/aaabhy3bowhbo,suggested_labelerexp,21,at://did:plc:ihzfux66p5ivwc26a4rhbmjq/app.bsky.feed.post/3mfl3j5od222y,bafyreibmvlzx3wxnhpgt52w3ke5y635fux6763iusgo6fow54gr2uzehxq,did:plc:ihzfux66p5ivwc26a4rhbmjq,slobra419.bsky.social,,
a949065f32574c619dbbb6c2602d9a19,2026-02-24T02:00:00Z,2026-02-24T02:12:12Z,auth,auth_enUS_labelerexp,at://did:plc:odqmsar3ikz5ubokya4sempk/app.bsky.feed.generator/aaabhy3bowhbo,suggested_labelerexp,22,at://did:plc:sh5nerknzdnoq2ldq4aznmlq/app.bsky.feed.post/3mfl3ifxslc2z,bafyreid3lmjmdfaoyrhkscg7odsdeqmks6jecjxrqonnqlzlp5lghs5pkm,did:plc:sh5nerknzdnoq2ldq4aznmlq,nasraa.bsky.social,,
a949065f32574c619dbbb6c2602d9a19,2026-02-24T02:00:00Z,2026-02-24T02:12:12Z,auth,auth_enUS_labelerexp,at://did:plc:odqmsar3ikz5ubokya4sempk/app.bsky.feed.generator/aaabhy3bowhbo,suggested_labelerexp,23,at://did:plc:y2ly7ndy7fvw3ab3cu5jq5dn/app.bsky.feed.post/3mfl3iba43k2j,bafyreie3tygpnevf2hfvfd37abevau3nv6s266vlycvxk2zqp3fqf2px3q,did:plc:y2ly7ndy7fvw3ab3cu5jq5dn,weirdshoulder.bsky.social,,
a949065f32574c619dbbb6c2602d9a19,2026-02-24T02:00:00Z,2026-02-24T02:12:12Z,auth,auth_enUS_labelerexp,at://did:plc:odqmsar3ikz5ubokya4sempk/app.bsky.feed.generator/aaabhy3bowhbo,suggested_labelerexp,24,at://did:plc:lqst7nwbeclveatu5pwgwpcr/app.bsky.feed.post/3mfl3i4uics2t,bafyreib6ybfbewa7kant5z3jicr6budfpissunrse2b7fuv4bysbx7cisa,did:plc:lqst7nwbeclveatu5pwgwpcr,yggdrasil-wood.bsky.social,,
a949065f32574c619dbbb6c2602d9a19,2026-02-24T02:00:00Z,2026-02-24T02:12:12Z,auth,auth_enUS_labelerexp,at://did:plc:odqmsar3ikz5ubokya4sempk/app.bsky.feed.generator/aaabhy3bowhbo,suggested_labelerexp,25,at://did:plc:s3azj7yp5tzi4nalvp6nvs7i/app.bsky.feed.post/3mfl3hxcb6s2h,bafyreiavji76xu4ic2fqeaar2ltcovpmnaxtc6bej27js3ejn36xcfvoqy,did:plc:s3azj7yp5tzi4nalvp6nvs7i,madamorcsden.bsky.social,,
a949065f32574c619dbbb6c2602d9a19,2026-02-24T02:00:00Z,2026-02-24T02:12:12Z,auth,auth_enUS_labelerexp,at://did:plc:odqmsar3ikz5ubokya4sempk/app.bsky.feed.generator/aaabhy3bowhbo,suggested_labelerexp,26,at://did:plc:cvfjuvuuwczjhm6gfgpesiys/app.bsky.feed.post/3mfl3hqq2ms25,bafyreihvssj5ylsahmszvxqzvassbcdodmpulouceao4x7cdbo6jyejez4,did:plc:cvfjuvuuwczjhm6gfgpesiys,cvkart.bsky.social,,
a949065f32574c619dbbb6c2602d9a19,2026-02-24T02:00:00Z,2026-02-24T02:12:12Z,auth,auth_enUS_labelerexp,at://did:plc:odqmsar3ikz5ubokya4sempk/app.bsky.feed.generator/aaabhy3bowhbo,suggested_labelerexp,27,at://did:plc:6dckbabjaa3cbndhmdu3gwpv/app.bsky.feed.post/3mfl3hotvt22y,bafyreih5r7jrj6sqx5bbb7fphidwsywvfmdvo2jc4dh5nu4m4s6wzs6xby,did:plc:6dckbabjaa3cbndhmdu3gwpv,sofnas.pmd.social,,
a949065f32574c619dbbb6c2602d9a19,2026-02-24T02:00:00Z,2026-02-24T02:12:12Z,auth,auth_enUS_labelerexp,at://did:plc:odqmsar3ikz5ubokya4sempk/app.bsky.feed.generator/aaabhy3bowhbo,suggested_labelerexp,28,at://did:plc:yenbppf3miowsqgxqe4q624r/app.bsky.feed.post/3mfl3hkklc22f,bafyreiao2xwms3tgk4d56dr23i55syc5r43laop7rhdlzda4abzgldznq4,did:plc:yenbppf3miowsqgxqe4q624r,spiritcrowart.bsky.social,,
a949065f32574c619dbbb6c2602d9a19,2026-02-24T02:00:00Z,2026-02-24T02:12:12Z,auth,auth_enUS_labelerexp,at://did:plc:odqmsar3ikz5ubokya4sempk/app.bsky.feed.generator/aaabhy3bowhbo,suggested_labelerexp,29,at://did:plc:nhgxfbjfx3qh4pum7yhs65g6/app.bsky.feed.post/3mfl3hfyta22i,bafyreietewhx74qu2tk5uheu67lmjrlh2oq4rceuvbrgam6omf2ilaxzmu,did:plc:nhgxfbjfx3qh4pum7yhs65g6,massiguhitero.bsky.social,,
a949065f32574c619dbbb6c2602d9a19,2026-02-24T02:00:00Z,2026-02-24T02:12:12Z,auth,auth_enUS_labelerexp,at://did:plc:odqmsar3ikz5ubokya4sempk/app.bsky.feed.generator/aaabhy3bowhbo,suggested_labelerexp,30,at://did:plc:cjnyopl64ty3cvkc6fo2bbly/app.bsky.feed.post/3mfl3hbf7ls2j,bafyreidgdpxupp6dlqu7ffulxutquv3ii5wapaohdjnulvv5pg5uysr36y,did:plc:cjnyopl64ty3cvkc6fo2bbly,elpibedgar147.bsky.social,,
a949065f32574c619dbbb6c2602d9a19,2026-02-24T02:00:00Z,2026-02-24T02:12:12Z,auth,auth_enUS_labelerexp,at://did:plc:odqmsar3ikz5ubokya4sempk/app.bsky.feed.generator/aaabhy3bowhbo,suggested_labelerexp,31,at://did:plc:xdsiell6wjsv4ooqosgmcntn/app.bsky.feed.post/3mfl3hatpzk2s,bafyreiedhqsl4d3ahuwnjosc54pzbrwucsbdolxwa6wmigqy4fhs6qrbja,did:plc:xdsiell6wjsv4ooqosgmcntn,vaxhunt.bsky.social,,
a949065f32574c619dbbb6c2602d9a19,2026-02-24T02:00:00Z,2026-02-24T02:12:12Z,auth,auth_enUS_labelerexp,at://did:plc:odqmsar3ikz5ubokya4sempk/app.bsky.feed.generator/aaabhy3bowhbo,suggested_labelerexp,32,at://did:plc:afzvlfdykltfynplfwjoljq5/app.bsky.feed.post/3mfl3h4br4s2m,bafyreifvdjx6m6ysazv6v4sznegpsxhxv3k53yz3dumfpl6ngz4mocrxv4,did:plc:afzvlfdykltfynplfwjoljq5,mrh2197.bsky.social,,
a949065f32574c619dbbb6c2602d9a19,2026-02-24T02:00:00Z,2026-02-24T02:12:12Z,auth,auth_enUS_labelerexp,at://did:plc:odqmsar3ikz5ubokya4sempk/app.bsky.feed.generator/aaabhy3bowhbo,suggested_labelerexp,33,at://did:plc:b2g6znokc3gamxx3z44fmntp/app.bsky.feed.post/3mfl3gzyv3s2y,bafyreifd7yweacmpknu6checeu2h7243ke67sdaau5nnksibrw2jz67xmq,did:plc:b2g6znokc3gamxx3z44fmntp,kandiedkoda.bsky.social,,
a949065f32574c619dbbb6c2602d9a19,2026-02-24T02:00:00Z,2026-02-24T02:12:12Z,auth,auth_enUS_labelerexp,at://did:plc:odqmsar3ikz5ubokya4sempk/app.bsky.feed.generator/aaabhy3bowhbo,suggested_labelerexp,34,at://did:plc:geqktjpbfjzgvmddh22cmzxs/app.bsky.feed.post/3mfl3gvmvm227,bafyreiexu5mvpy72bcdhhr7kk2ec5cgc5v3mrifwqkf6ogqldbrkmtm6oq,did:plc:geqktjpbfjzgvmddh22cmzxs,atcero.bsky.social,,
a949065f32574c619dbbb6c2602d9a19,2026-02-24T02:00:00Z,2026-02-24T02:12:12Z,auth,auth_enUS_labelerexp,at://did:plc:odqmsar3ikz5ubokya4sempk/app.bsky.feed.generator/aaabhy3bowhbo,suggested_labelerexp,35,at://did:plc:cvfjuvuuwczjhm6gfgpesiys/app.bsky.feed.post/3mfl3gfpguk25,bafyreiesopkzyvhg7clzevqvu5ix3mo63ccoqrvdnaozzjkzmbctzeb5mq,did:plc:cvfjuvuuwczjhm6gfgpesiys,cvkart.bsky.social,,
a949065f32574c619dbbb6c2602d9a19,2026-02-24T02:00:00Z,2026-02-24T02:12:12Z,auth,auth_enUS_labelerexp,at://did:plc:odqmsar3ikz5ubokya4sempk/app.bsky.feed.generator/aaabhy3bowhbo,suggested_labelerexp,36,at://did:plc:ltgjewnvd5e7sx5bh4d2ucie/app.bsky.feed.post/3mfl3fzuhw22r,bafyreif2x6hxzoszyfem4f3gadb75qybmrfvxilc3qsx6r77txcuurhgii,did:plc:ltgjewnvd5e7sx5bh4d2ucie,hifurei.bsky.social,,
a949065f32574c619dbbb6c2602d9a19,2026-02-24T02:00:00Z,2026-02-24T02:12:12Z,auth,auth_enUS_labelerexp,at://did:plc:odqmsar3ikz5ubokya4sempk/app.bsky.feed.generator/aaabhy3bowhbo,suggested_labelerexp,37,at://did:plc:nfze2wvg47c2is4z2tmc5fsx/app.bsky.feed.post/3mfl3fc6g422o,bafyreifdbtmlxexc6yanh6bz6uqmlfd6vrmegpw3qnpkgc7nbcekhfpy2a,did:plc:nfze2wvg47c2is4z2tmc5fsx,jessuserowo.bsky.social,,
a949065f32574c619dbbb6c2602d9a19,2026-02-24T02:00:00Z,2026-02-24T02:12:12Z,auth,auth_enUS_labelerexp,at://did:plc:odqmsar3ikz5ubokya4sempk/app.bsky.feed.generator/aaabhy3bowhbo,suggested_labelerexp,38,at://did:plc:mrm5oiek4fd3klrorhc3iybb/app.bsky.feed.post/3mfl3evh4vk22,bafyreie3qymhm7dtuu3usiudrepo6aurbyzp4jr3e7qzxz3tofoonxdc4y,did:plc:mrm5oiek4fd3klrorhc3iybb,desmonddracula.bsky.social,,
a949065f32574c619dbbb6c2602d9a19,2026-02-24T02:00:00Z,2026-02-24T02:12:12Z,auth,auth_enUS_labelerexp,at://did:plc:odqmsar3ikz5ubokya4sempk/app.bsky.feed.generator/aaabhy3bowhbo,suggested_labelerexp,39,at://did:plc:swfc6j6idbb7pswwrq2tofbr/app.bsky.feed.post/3mfl3eren4k2k,bafyreihvh5pkcyh2m7n7hr6u5ukypubwimq44p4c6jxgxhw7vfxnulipx4,did:plc:swfc6j6idbb7pswwrq2tofbr,tlfa.bsky.social,,
a949065f32574c619dbbb6c2602d9a19,2026-02-24T02:00:00Z,2026-02-24T02:12:12Z,auth,auth_enUS_labelerexp,at://did:plc:odqmsar3ikz5ubokya4sempk/app.bsky.feed.generator/aaabhy3bowhbo,suggested_labelerexp,40,at://did:plc:zypaqzzbe4z3bm3r7zariysi/app.bsky.feed.post/3mfl3eqtvxk2l,bafyreid6hyewpzjwcuiuztfi7zhc5ap4an4bqdgkhz53isxpaocvdeyt2u,did:plc:zypaqzzbe4z3bm3r7zariysi,redwolfexp.bsky.social,,
a949065f32574c619dbbb6c2602d9a19,2026-02-24T02:00:00Z,2026-02-24T02:12:12Z,auth,auth_enUS_labelerexp,at://did:plc:odqmsar3ikz5ubokya4sempk/app.bsky.feed.generator/aaabhy3bowhbo,suggested_labelerexp,41,at://did:plc:qoxqzwvcv3m4biwd477dp5xd/app.bsky.feed.post/3mfl3ejvzes23,bafyreiei32lypmkkuw6j3x76xp6qcffnbw4qm3tikibauwxcfzwcetcv5i,did:plc:qoxqzwvcv3m4biwd477dp5xd,babclayarts.bsky.social,,
a949065f32574c619dbbb6c2602d9a19,2026-02-24T02:00:00Z,2026-02-24T02:12:12Z,auth,auth_enUS_labelerexp,at://did:plc:odqmsar3ikz5ubokya4sempk/app.bsky.feed.generator/aaabhy3bowhbo,suggested_labelerexp,42,at://did:plc:fj5xfa5wzkt6us7elz4ci24l/app.bsky.feed.post/3mfl3efdvls2x,bafyreifaut5crtj7l5yx3y7g7a6lx23eyesuqzj7lwd24phuzy7t2epxbq,did:plc:fj5xfa5wzkt6us7elz4ci24l,evansrankingtablet.bsky.social,,
a949065f32574c619dbbb6c2602d9a19,2026-02-24T02:00:00Z,2026-02-24T02:12:12Z,auth,auth_enUS_labelerexp,at://did:plc:odqmsar3ikz5ubokya4sempk/app.bsky.feed.generator/aaabhy3bowhbo,suggested_labelerexp,43,at://did:plc:dtwjwqit5rcslhysz6jrwhwa/app.bsky.feed.post/3mfl3eeuzz222,bafyreigbn4uwigymdbnevkgfm6eucgml3bcckli4kan24sfe5x2v24d3lm,did:plc:dtwjwqit5rcslhysz6jrwhwa,ochisae.bsky.social,,
a949065f32574c619dbbb6c2602d9a19,2026-02-24T02:00:00Z,2026-02-24T02:12:12Z,auth,auth_enUS_labelerexp,at://did:plc:odqmsar3ikz5ubokya4sempk/app.bsky.feed.generator/aaabhy3bowhbo,suggested_labelerexp,44,at://did:plc:cjnyopl64ty3cvkc6fo2bbly/app.bsky.feed.post/3mfl3e45zcc2j,bafyreid4tvpvbjvz7dvdvdl2gv47rwgtrfk6jecxz4k6vlxkg3trmelt3i,did:plc:cjnyopl64ty3cvkc6fo2bbly,elpibedgar147.bsky.social,,
a949065f32574c619dbbb6c2602d9a19,2026-02-24T02:00:00Z,2026-02-24T02:12:12Z,auth,auth_enUS_labelerexp,at://did:plc:odqmsar3ikz5ubokya4sempk/app.bsky.feed.generator/aaabhy3bowhbo,suggested_labelerexp,45,at://did:plc:ee74v4zj4onh64yslu2qbief/app.bsky.feed.post/3mfl3dsqcys2t,bafyreig6na7y3fdinyuzstnq7cjfacubnkrdj5ew7sxc5vfgdzi7uha35m,did:plc:ee74v4zj4onh64yslu2qbief,tygony.bsky.social,,
a949065f32574c619dbbb6c2602d9a19,2026-02-24T02:00:00Z,2026-02-24T02:12:12Z,auth,auth_enUS_labelerexp,at://did:plc:odqmsar3ikz5ubokya4sempk/app.bsky.feed.generator/aaabhy3bowhbo,suggested_labelerexp,46,at://did:plc:qlpvuwo5nqwzd23k2sx74v35/app.bsky.feed.post/3mfl3cm7ayk2a,bafyreifodurhcav2owqk5mytjzjkxz3ljx5dyrtxqiqsncwf4v76egybx4,did:plc:qlpvuwo5nqwzd23k2sx74v35,luc41.bsky.social,,
a949065f32574c619dbbb6c2602d9a19,2026-02-24T02:00:00Z,2026-02-24T02:12:12Z,auth,auth_enUS_labelerexp,at://did:plc:odqmsar3ikz5ubokya4sempk/app.bsky.feed.generator/aaabhy3bowhbo,suggested_labelerexp,47,at://did:plc:lqst7nwbeclveatu5pwgwpcr/app.bsky.feed.post/3mfl3cgf6vc2t,bafyreib2y7ayhqjivlqfhgc5pvs2xemo5d7czl6izc5y7sxeht6lpr6ipi,did:plc:lqst7nwbeclveatu5pwgwpcr,yggdrasil-wood.bsky.social,,
a949065f32574c619dbbb6c2602d9a19,2026-02-24T02:00:00Z,2026-02-24T02:12:12Z,auth,auth_enUS_labelerexp,at://did:plc:odqmsar3ikz5ubokya4sempk/app.bsky.feed.generator/aaabhy3bowhbo,suggested_labelerexp,48,at://did:plc:lgtn5xwusxuieo7rslbr6wxf/app.bsky.feed.post/3mfl3cfzqok2q,bafyreighsjo4j5c7e7joh36f33e2vbxtqhvq2pornscayqsj543jhmoqrq,did:plc:lgtn5xwusxuieo7rslbr6wxf,crimsonlemonade.bsky.social,,
a949065f32574c619dbbb6c2602d9a19,2026-02-24T02:00:00Z,2026-02-24T02:12:12Z,auth,auth_enUS_labelerexp,at://did:plc:odqmsar3ikz5ubokya4sempk/app.bsky.feed.generator/aaabhy3bowhbo,suggested_labelerexp,49,at://did:plc:xeolqub2uhzjuwjdk6lqb4nu/app.bsky.feed.post/3mfl3cejdu227,bafyreigwviifmeuv4jw7oszywjzkwhgf54arysrc25aa5astkc72soo3be,did:plc:xeolqub2uhzjuwjdk6lqb4nu,sr-realz.bsky.social,,
a949065f32574c619dbbb6c2602d9a19,2026-02-24T02:00:00Z,2026-02-24T02:12:12Z,auth,auth_enUS_labelerexp,at://did:plc:odqmsar3ikz5ubokya4sempk/app.bsky.feed.generator/aaabhy3bowhbo,suggested_labelerexp,50,at://did:plc:odqmsar3ikz5ubokya4sempk/app.bsky.feed.post/3meml6ejri222,bafyreifahifz7k6wd6puhqiuuvmlkwjb5lvqgi2ttaiturd66ke7izemvq,did:plc:odqmsar3ikz5ubokya4sempk,wanderlingworld.bsky.social,,
a949065f32574c619dbbb6c2602d9a19,2026-02-24T02:00:00Z,2026-02-24T02:12:13Z,auth,auth_enUS_labelerexp,at://did:plc:p2hhevq3w2kxgw3csyailya3/app.bsky.feed.generator/aaafrn54usbj6,suggested_labelerexp,1,at://did:plc:g47g3yqbtknzj2v2ddf55gig/app.bsky.feed.post/3mfkzmhsyd5z2,bafyreidoe4cewehjtbubkkvjv6u35sptnykagd455yfgzefnzx6srsgxmy,did:plc:g47g3yqbtknzj2v2ddf55gig,alternative-history.mstdn.forfun.su.ap.brid.gy,,
a949065f32574c619dbbb6c2602d9a19,2026-02-24T02:00:00Z,2026-02-24T02:12:13Z,auth,auth_enUS_labelerexp,at://did:plc:p2hhevq3w2kxgw3csyailya3/app.bsky.feed.generator/aaafrn54usbj6,suggested_labelerexp,2,at://did:plc:lyarzs6flagmghqy334dp3c3/app.bsky.feed.post/3mfkzkdb5vs2m,bafyreibnjf67ttddyz5dvoskcisyvfohff2sjcsxcitcxam2zjfhflv5he,did:plc:lyarzs6flagmghqy334dp3c3,that-wannabe-cat.itch.io,,
a949065f32574c619dbbb6c2602d9a19,2026-02-24T02:00:00Z,2026-02-24T02:12:13Z,auth,auth_enUS_labelerexp,at://did:plc:p2hhevq3w2kxgw3csyailya3/app.bsky.feed.generator/aaafrn54usbj6,suggested_labelerexp,3,at://did:plc:cmejls3nggayhjh6ebofsuca/app.bsky.feed.post/3mfkwpttzjc2a,bafyreicelflskrsui4eplb3wtggdid6l2qrjqtozua27i2jedbganloc5q,did:plc:cmejls3nggayhjh6ebofsuca,kirbyconrod.bsky.social,,
a949065f32574c619dbbb6c2602d9a19,2026-02-24T02:00:00Z,2026-02-24T02:12:13Z,auth,auth_enUS_labelerexp,at://did:plc:p2hhevq3w2kxgw3csyailya3/app.bsky.feed.generator/aaafrn54usbj6,suggested_labelerexp,4,at://did:plc:dfffydq7eqa5yof4cfeh23vh/app.bsky.feed.post/3mfkwpm5bz22x,bafyreige5wpkks6pyds6oehmaj5a5dbjecjbzne7mfkmlfgrr5smiua33i,did:plc:dfffydq7eqa5yof4cfeh23vh,lindsaykwardell.com,,
a949065f32574c619dbbb6c2602d9a19,2026-02-24T02:00:00Z,2026-02-24T02:12:13Z,auth,auth_enUS_labelerexp,at://did:plc:p2hhevq3w2kxgw3csyailya3/app.bsky.feed.generator/aaafrn54usbj6,suggested_labelerexp,5,at://did:plc:45p4adjjmpbjdk6xp4syzbjk/app.bsky.feed.post/3mfkwcuacp22h,bafyreic72rzmtoexgebajpmtwsodgdekcdix24q6pwaqhqe637lc4tzs6u,did:plc:45p4adjjmpbjdk6xp4syzbjk,omni.channel,,
a949065f32574c619dbbb6c2602d9a19,2026-02-24T02:00:00Z,2026-02-24T02:12:13Z,auth,auth_enUS_labelerexp,at://did:plc:p2hhevq3w2kxgw3csyailya3/app.bsky.feed.generator/aaafrn54usbj6,suggested_labelerexp,6,at://did:plc:45qzd2uoeuixtc64wuv6objq/app.bsky.feed.post/3mfkw5uyeouf2,bafyreicxobzakae3zwosca4j6t5ch6ird5pn4ixoxyobce6s6qyooy3rmm,did:plc:45qzd2uoeuixtc64wuv6objq,helloworld.stefanbohacek.online.ap.brid.gy,,
a949065f32574c619dbbb6c2602d9a19,2026-02-24T02:00:00Z,2026-02-24T02:12:13Z,auth,auth_enUS_labelerexp,at://did:plc:p2hhevq3w2kxgw3csyailya3/app.bsky.feed.generator/aaafrn54usbj6,suggested_labelerexp,7,at://did:plc:idlz5lvvi5myulbvvkaalozx/app.bsky.feed.post/3mfkvexyjdk2o,bafyreiegzickw4hrirhso2sk4x4oghzumsqyfij7f6je4v5b7n7ixkoxem,did:plc:idlz5lvvi5myulbvvkaalozx,me11.bsky.social,,
a949065f32574c619dbbb6c2602d9a19,2026-02-24T02:00:00Z,2026-02-24T02:12:13Z,auth,auth_enUS_labelerexp,at://did:plc:p2hhevq3w2kxgw3csyailya3/app.bsky.feed.generator/aaafrn54usbj6,suggested_labelerexp,8,at://did:plc:tgwnlp7chzjzzvdhrygn3tdt/app.bsky.feed.post/3mfkvbw5e322m,bafyreidduuhl5dh5g6umd2iayorltfzspulburtgrvi3x2trj7dgtj5dlm,did:plc:tgwnlp7chzjzzvdhrygn3tdt,iwcampbell.bsky.social,,
a949065f32574c619dbbb6c2602d9a19,2026-02-24T02:00:00Z,2026-02-24T02:12:13Z,auth,auth_enUS_labelerexp,at://did:plc:p2hhevq3w2kxgw3csyailya3/app.bsky.feed.generator/aaafrn54usbj6,suggested_labelerexp,9,at://did:plc:7tydg7deyomcj4wbzc2fit3c/app.bsky.feed.post/3mfkv3ley5c2i,bafyreidu5etysofinwhxn35vy6kxbj5xzytxur2qc3llduifkm7xbefxre,did:plc:7tydg7deyomcj4wbzc2fit3c,varewulf.bsky.social,,
a949065f32574c619dbbb6c2602d9a19,2026-02-24T02:00:00Z,2026-02-24T02:12:13Z,auth,auth_enUS_labelerexp,at://did:plc:p2hhevq3w2kxgw3csyailya3/app.bsky.feed.generator/aaafrn54usbj6,suggested_labelerexp,10,at://did:plc:gy7yilnydusx5hy2z3dltynp/app.bsky.feed.post/3mfkuesji7zz2,bafyreicg3hzaq2z72fchj7iewxqi2awl5azmhy7g4g4jgsbzsien5hx72i,did:plc:gy7yilnydusx5hy2z3dltynp,vzvzvz.stefanbohacek.online.ap.brid.gy,,
a949065f32574c619dbbb6c2602d9a19,2026-02-24T02:00:00Z,2026-02-24T02:12:13Z,auth,auth_enUS_labelerexp,at://did:plc:p2hhevq3w2kxgw3csyailya3/app.bsky.feed.generator/aaafrn54usbj6,suggested_labelerexp,11,at://did:plc:cggqjoja77cycetmk6s5ggrz/app.bsky.feed.post/3mfkvbfodbb2o,bafyreie2iop74g6vlwss2qlrero45cboe42aiubbk6dhhmvsikrwvfwfia,did:plc:cggqjoja77cycetmk6s5ggrz,boingbot.bsky.social,,
a949065f32574c619dbbb6c2602d9a19,2026-02-24T02:00:00Z,2026-02-24T02:12:13Z,auth,auth_enUS_labelerexp,at://did:plc:p2hhevq3w2kxgw3csyailya3/app.bsky.feed.generator/aaafrn54usbj6,suggested_labelerexp,12,at://did:plc:cbhkiiuhopbhxiko7em2e2ut/app.bsky.feed.post/3mfku7baek22k,bafyreihb2hrulvtfckxbcgpww7ahl3j7nwcahpoqjeye73quzymhk4ttci,did:plc:cbhkiiuhopbhxiko7em2e2ut,csar.bsky.social,,
a949065f32574c619dbbb6c2602d9a19,2026-02-24T02:00:00Z,2026-02-24T02:12:13Z,auth,auth_enUS_labelerexp,at://did:plc:p2hhevq3w2kxgw3csyailya3/app.bsky.feed.generator/aaafrn54usbj6,suggested_labelerexp,13,at://did:plc:llh4aowduula7nlaulxjdkzv/app.bsky.feed.post/3mfku2cdwfc2r,bafyreifmnx34de7twsc54v2pwrk7hrk2uqlsfug63rogpivhylpkzp4l6a,did:plc:llh4aowduula7nlaulxjdkzv,toxxy.neocities.org,,
a949065f32574c619dbbb6c2602d9a19,2026-02-24T02:00:00Z,2026-02-24T02:12:13Z,auth,auth_enUS_labelerexp,at://did:plc:p2hhevq3w2kxgw3csyailya3/app.bsky.feed.generator/aaafrn54usbj6,suggested_labelerexp,14,at://did:plc:cmejls3nggayhjh6ebofsuca/app.bsky.feed.post/3mfksqjuqfq2c,bafyreifw4ch7ui67eqbwb6ecjzv6zujhlwna3ll3xkb3zp345sef22jxgu,did:plc:cmejls3nggayhjh6ebofsuca,kirbyconrod.bsky.social,,
a949065f32574c619dbbb6c2602d9a19,2026-02-24T02:00:00Z,2026-02-24T02:12:13Z,auth,auth_enUS_labelerexp,at://did:plc:p2hhevq3w2kxgw3csyailya3/app.bsky.feed.generator/aaafrn54usbj6,suggested_labelerexp,15,at://did:plc:p6jdnthegit2r5e4kw27uaay/app.bsky.feed.post/3mfks2cycfc2u,bafyreidn7arbdcg23y7yfytarcxwojp2knov52hlepup2ujxl3357o66x4,did:plc:p6jdnthegit2r5e4kw27uaay,hplisiecki.bsky.social,,
a949065f32574c619dbbb6c2602d9a19,2026-02-24T02:00:00Z,2026-02-24T02:12:13Z,auth,auth_enUS_labelerexp,at://did:plc:p2hhevq3w2kxgw3csyailya3/app.bsky.feed.generator/aaafrn54usbj6,suggested_labelerexp,16,at://did:plc:suaypzlihvrv43attsbbcnlj/app.bsky.feed.post/3mfkrdsk5xs2e,bafyreicw4wcd5obta3f5fh3ezj6fyp5vcdwkf5enhbaiwvl5pkfstqzkiu,did:plc:suaypzlihvrv43attsbbcnlj,thepolyglotfox.bsky.social,,
a949065f32574c619dbbb6c2602d9a19,2026-02-24T02:00:00Z,2026-02-24T02:12:13Z,auth,auth_enUS_labelerexp,at://did:plc:p2hhevq3w2kxgw3csyailya3/app.bsky.feed.generator/aaafrn54usbj6,suggested_labelerexp,17,at://did:plc:rtkzkfdtzfcioejlmen2nhx6/app.bsky.feed.post/3mfkqqyhirc2m,bafyreibf4lkz3dxeurjwzq3kj7ok3kgyidlbbq5ngzr3fixds2xuciuht4,did:plc:rtkzkfdtzfcioejlmen2nhx6,s2pidretrogamer.bsky.social,,
a949065f32574c619dbbb6c2602d9a19,2026-02-24T02:00:00Z,2026-02-24T02:12:13Z,auth,auth_enUS_labelerexp,at://did:plc:p2hhevq3w2kxgw3csyailya3/app.bsky.feed.generator/aaafrn54usbj6,suggested_labelerexp,18,at://did:plc:tlxr4pbnr5aja34x3cnjma3r/app.bsky.feed.post/3mfklzyejc22i,bafyreibxjvcym7w6z46mw4ov3gjs33odtqoxyj4hm4cx4eiho3dxaqdi2m,did:plc:tlxr4pbnr5aja34x3cnjma3r,sovest555.bsky.social,,
a949065f32574c619dbbb6c2602d9a19,2026-02-24T02:00:00Z,2026-02-24T02:12:13Z,auth,auth_enUS_labelerexp,at://did:plc:p2hhevq3w2kxgw3csyailya3/app.bsky.feed.generator/aaafrn54usbj6,suggested_labelerexp,19,at://did:plc:xzk3elrketma5bzhft7kyfk3/app.bsky.feed.post/3mfkkyw33wk2j,bafyreialz7tf7rp6te4kuruitg5l4ih34quwf2iw23cbtzxmzbw27i6nji,did:plc:xzk3elrketma5bzhft7kyfk3,veremilo.bsky.social,,
a949065f32574c619dbbb6c2602d9a19,2026-02-24T02:00:00Z,2026-02-24T02:12:13Z,auth,auth_enUS_labelerexp,at://did:plc:p2hhevq3w2kxgw3csyailya3/app.bsky.feed.generator/aaafrn54usbj6,suggested_labelerexp,20,at://did:plc:o4b642xc7m6bkcrdzzfmojwr/app.bsky.feed.post/3mfkks4dmx22d,bafyreidgrblb4x7fmhvh3ro7vpstpfptw5l6b6wbgfgws6q2zja62i54ji,did:plc:o4b642xc7m6bkcrdzzfmojwr,gabthinking.bsky.social,,
a949065f32574c619dbbb6c2602d9a19,2026-02-24T02:00:00Z,2026-02-24T02:12:13Z,auth,auth_enUS_labelerexp,at://did:plc:p2hhevq3w2kxgw3csyailya3/app.bsky.feed.generator/aaafrn54usbj6,suggested_labelerexp,21,at://did:plc:b6wzkntbbrzua4o6cft36qsi/app.bsky.feed.post/3mfkjjx43av2z,bafyreib7euygh6ajwbwdihikve6un6nvfcwg33yxv3fzppp4nvc5idl3l4,did:plc:b6wzkntbbrzua4o6cft36qsi,smartchunksblog.bsky.social,,
a949065f32574c619dbbb6c2602d9a19,2026-02-24T02:00:00Z,2026-02-24T02:12:13Z,auth,auth_enUS_labelerexp,at://did:plc:p2hhevq3w2kxgw3csyailya3/app.bsky.feed.generator/aaafrn54usbj6,suggested_labelerexp,22,at://did:plc:gy7yilnydusx5hy2z3dltynp/app.bsky.feed.post/3mfkh23ih2dt2,bafyreige2vjxvcxui66hph2hoxjo6cpjjq7qts2okozc4nyay7rvttxq7i,did:plc:gy7yilnydusx5hy2z3dltynp,vzvzvz.stefanbohacek.online.ap.brid.gy,,
a949065f32574c619dbbb6c2602d9a19,2026-02-24T02:00:00Z,2026-02-24T02:12:13Z,auth,auth_enUS_labelerexp,at://did:plc:p2hhevq3w2kxgw3csyailya3/app.bsky.feed.generator/aaafrn54usbj6,suggested_labelerexp,23,at://did:plc:7yfndyftbhd2phupw7zczghg/app.bsky.feed.post/3mfkgphvy4c2j,bafyreibip2qf35b2punhofkkzonh5ezjl5uxvmqjv3yffx46zb7576ranu,did:plc:7yfndyftbhd2phupw7zczghg,ratanvaswani.bsky.social,,
a949065f32574c619dbbb6c2602d9a19,2026-02-24T02:00:00Z,2026-02-24T02:12:13Z,auth,auth_enUS_labelerexp,at://did:plc:p2hhevq3w2kxgw3csyailya3/app.bsky.feed.generator/aaafrn54usbj6,suggested_labelerexp,24,at://did:plc:pjlhgjhb34k4zufrtbh2jyms/app.bsky.feed.post/3mfkgec52us22,bafyreihvso7n7b5q3trgjsmqktyzcllogxmn4nhfygluyfk7xjooovfsce,did:plc:pjlhgjhb34k4zufrtbh2jyms,croissanthology.com,,
a949065f32574c619dbbb6c2602d9a19,2026-02-24T02:00:00Z,2026-02-24T02:12:13Z,auth,auth_enUS_labelerexp,at://did:plc:p2hhevq3w2kxgw3csyailya3/app.bsky.feed.generator/aaafrn54usbj6,suggested_labelerexp,25,at://did:plc:sczlpovw32qb4sbayubq5olf/app.bsky.feed.post/3mfkge44oms27,bafyreiciczg5vy62lqjitciy6q7ghcab54zhtceu6ve4fsmenwdvctslg4,did:plc:sczlpovw32qb4sbayubq5olf,smenor.com,,
a949065f32574c619dbbb6c2602d9a19,2026-02-24T02:00:00Z,2026-02-24T02:12:13Z,auth,auth_enUS_labelerexp,at://did:plc:p2hhevq3w2kxgw3csyailya3/app.bsky.feed.generator/aaafrn54usbj6,suggested_labelerexp,26,at://did:plc:mwuw4lezgo7w3tcsjpjeqrrl/app.bsky.feed.post/3mfkfljzfus22,bafyreid3szeii24budbpazmc554ifh4gub3skezytknsfjd4abrcxad4za,did:plc:mwuw4lezgo7w3tcsjpjeqrrl,supersciencegrl.co.uk,,
a949065f32574c619dbbb6c2602d9a19,2026-02-24T02:00:00Z,2026-02-24T02:12:13Z,auth,auth_enUS_labelerexp,at://did:plc:p2hhevq3w2kxgw3csyailya3/app.bsky.feed.generator/aaafrn54usbj6,suggested_labelerexp,27,at://did:plc:r2fg4667gkmyts2gqmyxzvl7/app.bsky.feed.post/3mfke46kpsc2a,bafyreidlqj2bjicbglcgmrqhgvp7hprbz6oilb2lvgjql5jbg3hdatzx5u,did:plc:r2fg4667gkmyts2gqmyxzvl7,robofsf.bsky.social,,
a949065f32574c619dbbb6c2602d9a19,2026-02-24T02:00:00Z,2026-02-24T02:12:13Z,auth,auth_enUS_labelerexp,at://did:plc:p2hhevq3w2kxgw3csyailya3/app.bsky.feed.generator/aaafrn54usbj6,suggested_labelerexp,28,at://did:plc:u223gcj3sfizsgrhqvworwp7/app.bsky.feed.post/3mfkdzeilbs24,bafyreiehgj4tdlxvnpajawazsebwln2gqzyejsbkmysfsl234s6zbsqft4,did:plc:u223gcj3sfizsgrhqvworwp7,andrewcgrant.bsky.social,,
a949065f32574c619dbbb6c2602d9a19,2026-02-24T02:00:00Z,2026-02-24T02:12:13Z,auth,auth_enUS_labelerexp,at://did:plc:p2hhevq3w2kxgw3csyailya3/app.bsky.feed.generator/aaafrn54usbj6,suggested_labelerexp,29,at://did:plc:secicjuusuj7y7bfp44i37fc/app.bsky.feed.post/3mfkco6gwlc2b,bafyreidkp4c5oik5vzl7ooqgkzgbzqmswgbfp2af4ww54fwjh6lukk3t7a,did:plc:secicjuusuj7y7bfp44i37fc,mortabasi.bsky.social,,
a949065f32574c619dbbb6c2602d9a19,2026-02-24T02:00:00Z,2026-02-24T02:12:13Z,auth,auth_enUS_labelerexp,at://did:plc:p2hhevq3w2kxgw3csyailya3/app.bsky.feed.generator/aaafrn54usbj6,suggested_labelerexp,30,at://did:plc:45qzd2uoeuixtc64wuv6objq/app.bsky.feed.post/3mfkcgtswc6s2,bafyreigvfti6yhod6szk6kuvjhodedtfjig5dio25zxr6xni7iqycxh5dq,did:plc:45qzd2uoeuixtc64wuv6objq,helloworld.stefanbohacek.online.ap.brid.gy,,
a949065f32574c619dbbb6c2602d9a19,2026-02-24T02:00:00Z,2026-02-24T02:12:13Z,auth,auth_enUS_labelerexp,at://did:plc:p2hhevq3w2kxgw3csyailya3/app.bsky.feed.generator/aaafrn54usbj6,suggested_labelerexp,31,at://did:plc:kcx54umwsf3fgjcz32acp4yw/app.bsky.feed.post/3mfkcakgm7s2k,bafyreidml2rleyiwp4gkgyvksedfbhw6gtpriracgmp5dcirexhqqaiihy,did:plc:kcx54umwsf3fgjcz32acp4yw,echo.0mg.cc,,
a949065f32574c619dbbb6c2602d9a19,2026-02-24T02:00:00Z,2026-02-24T02:12:13Z,auth,auth_enUS_labelerexp,at://did:plc:p2hhevq3w2kxgw3csyailya3/app.bsky.feed.generator/aaafrn54usbj6,suggested_labelerexp,32,at://did:plc:fuc5n3mobkic7spucdgwjyud/app.bsky.feed.post/3mfkbvmm3nr2f,bafyreiecwh76hqcntdhcle5rpy6cdc35dyggs6hfi5hlt3fsmg2yaw3uji,did:plc:fuc5n3mobkic7spucdgwjyud,languages-direct.com,,
a949065f32574c619dbbb6c2602d9a19,2026-02-24T02:00:00Z,2026-02-24T02:12:13Z,auth,auth_enUS_labelerexp,at://did:plc:p2hhevq3w2kxgw3csyailya3/app.bsky.feed.generator/aaafrn54usbj6,suggested_labelerexp,33,at://did:plc:vvoxpunt5756k37hj4jbpgpa/app.bsky.feed.post/3mfkbf5mucs2f,bafyreieslitnfirja2vvp2vsxdtzbrm6nf3uozpq6kgsdys6dvnajulwca,did:plc:vvoxpunt5756k37hj4jbpgpa,dolls.in.sudoparadise.fi,,
a949065f32574c619dbbb6c2602d9a19,2026-02-24T02:00:00Z,2026-02-24T02:12:13Z,auth,auth_enUS_labelerexp,at://did:plc:p2hhevq3w2kxgw3csyailya3/app.bsky.feed.generator/aaafrn54usbj6,suggested_labelerexp,34,at://did:plc:7hesv3ls5txngrvb7mwxou3x/app.bsky.feed.post/3mfk7owhtjs2k,bafyreifqortbwzqsywjofebclldr6lzuy5yf2ptcipyhncot2au4r73f6u,did:plc:7hesv3ls5txngrvb7mwxou3x,alliterative.bsky.social,,
a949065f32574c619dbbb6c2602d9a19,2026-02-24T02:00:00Z,2026-02-24T02:12:13Z,auth,auth_enUS_labelerexp,at://did:plc:p2hhevq3w2kxgw3csyailya3/app.bsky.feed.generator/aaafrn54usbj6,suggested_labelerexp,35,at://did:plc:h7iqy23rjjpl67ep37o74fqy/app.bsky.feed.post/3mfk6r6uwt22m,bafyreibmotkzovf44wkrhpwxhirqlm7qrewrmdj6kj53jyep7ufih67v5y,did:plc:h7iqy23rjjpl67ep37o74fqy,languageloop.bsky.social,,
a949065f32574c619dbbb6c2602d9a19,2026-02-24T02:00:00Z,2026-02-24T02:12:13Z,auth,auth_enUS_labelerexp,at://did:plc:p2hhevq3w2kxgw3csyailya3/app.bsky.feed.generator/aaafrn54usbj6,suggested_labelerexp,36,at://did:plc:vix5dsxemkkmkhvpboqvrp43/app.bsky.feed.post/3mfk6gdtpn22c,bafyreibwtbe5pk7zkc7s5z6sosuqcp6m4gciefcb6jzgs6hdw7kjtd5y34,did:plc:vix5dsxemkkmkhvpboqvrp43,glossapsycholx.bsky.social,,
a949065f32574c619dbbb6c2602d9a19,2026-02-24T02:00:00Z,2026-02-24T02:12:13Z,auth,auth_enUS_labelerexp,at://did:plc:p2hhevq3w2kxgw3csyailya3/app.bsky.feed.generator/aaafrn54usbj6,suggested_labelerexp,37,at://did:plc:xw7jffe6s4kgauwssrjuscvj/app.bsky.feed.post/3mfk65sb64s2q,bafyreifkxmgo7lyfihdjebyr3wxue7y5d523cvpuzxnwbolno7yp3frn3a,did:plc:xw7jffe6s4kgauwssrjuscvj,erikhansson.bsky.social,,
a949065f32574c619dbbb6c2602d9a19,2026-02-24T02:00:00Z,2026-02-24T02:12:13Z,auth,auth_enUS_labelerexp,at://did:plc:p2hhevq3w2kxgw3csyailya3/app.bsky.feed.generator/aaafrn54usbj6,suggested_labelerexp,38,at://did:plc:xw7jffe6s4kgauwssrjuscvj/app.bsky.feed.post/3mfk63i5sdk2q,bafyreid6lsiu6dblt6uwwneowncdofs7teslepmtjiqocmuxbvqkjh4cxe,did:plc:xw7jffe6s4kgauwssrjuscvj,erikhansson.bsky.social,,
a949065f32574c619dbbb6c2602d9a19,2026-02-24T02:00:00Z,2026-02-24T02:12:13Z,auth,auth_enUS_labelerexp,at://did:plc:p2hhevq3w2kxgw3csyailya3/app.bsky.feed.generator/aaafrn54usbj6,suggested_labelerexp,39,at://did:plc:nqcux6nh4uko4u4wbenqcbaw/app.bsky.feed.post/3mfk5hosyas2n,bafyreifyn2pg3hmxg4xxogshhxbx3u4celvtp4kgbtuqn2mbsjh4latzdi,did:plc:nqcux6nh4uko4u4wbenqcbaw,hatuncha.bsky.social,,
a949065f32574c619dbbb6c2602d9a19,2026-02-24T02:00:00Z,2026-02-24T02:12:13Z,auth,auth_enUS_labelerexp,at://did:plc:p2hhevq3w2kxgw3csyailya3/app.bsky.feed.generator/aaafrn54usbj6,suggested_labelerexp,40,at://did:plc:o6iwrshceygxmtl43o4ago6a/app.bsky.feed.post/3mfk4uv5brc25,bafyreid2un3ewyhx5bhyvroec6pdiviel3y22mpt6aomsvwedtemeyg66i,did:plc:o6iwrshceygxmtl43o4ago6a,cambup-linguistics.cambridge.org,,
a949065f32574c619dbbb6c2602d9a19,2026-02-24T02:00:00Z,2026-02-24T02:12:13Z,auth,auth_enUS_labelerexp,at://did:plc:p2hhevq3w2kxgw3csyailya3/app.bsky.feed.generator/aaafrn54usbj6,suggested_labelerexp,41,at://did:plc:dco7luebp2c4kwaukuatbg2s/app.bsky.feed.post/3mfk3nmxvok2k,bafyreibplmtbt6uxc7e2vgqgjnv7fkhdajys4v7np3ihmzvdf7jnhh6wtu,did:plc:dco7luebp2c4kwaukuatbg2s,kalmantibs.bsky.social,,
a949065f32574c619dbbb6c2602d9a19,2026-02-24T02:00:00Z,2026-02-24T02:12:13Z,auth,auth_enUS_labelerexp,at://did:plc:p2hhevq3w2kxgw3csyailya3/app.bsky.feed.generator/aaafrn54usbj6,suggested_labelerexp,42,at://did:plc:64uopqdfgbap3kroupedp6rp/app.bsky.feed.post/3mfk33wo5722x,bafyreihlv5wksmhq6z76vbla7azonriqu55fizlaaiztjwp7ibdkhqmh5q,did:plc:64uopqdfgbap3kroupedp6rp,wordfoolery.bsky.social,,
a949065f32574c619dbbb6c2602d9a19,2026-02-24T02:00:00Z,2026-02-24T02:12:13Z,auth,auth_enUS_labelerexp,at://did:plc:p2hhevq3w2kxgw3csyailya3/app.bsky.feed.generator/aaafrn54usbj6,suggested_labelerexp,43,at://did:plc:tofsmqf5qx5cnjj6p2ws4gy4/app.bsky.feed.post/3mfk2zo6xdc2u,bafyreidbqbg4jembmkh6dhuqvga6wri3ulkg6hmdrqnizrqvanidfsecma,did:plc:tofsmqf5qx5cnjj6p2ws4gy4,inkonlinen.bsky.social,,
a949065f32574c619dbbb6c2602d9a19,2026-02-24T02:00:00Z,2026-02-24T02:12:13Z,auth,auth_enUS_labelerexp,at://did:plc:p2hhevq3w2kxgw3csyailya3/app.bsky.feed.generator/aaafrn54usbj6,suggested_labelerexp,44,at://did:plc:vicmgcsmmq4wek446racwq4f/app.bsky.feed.post/3mfk2tmm6vt27,bafyreifebv5jgp3pzgfnbcn3maosovum6h3dnvqxf4waxhjepyz6bh4ghu,did:plc:vicmgcsmmq4wek446racwq4f,perkinskeighley.bsky.social,,
a949065f32574c619dbbb6c2602d9a19,2026-02-24T02:00:00Z,2026-02-24T02:12:13Z,auth,auth_enUS_labelerexp,at://did:plc:p2hhevq3w2kxgw3csyailya3/app.bsky.feed.generator/aaafrn54usbj6,suggested_labelerexp,45,at://did:plc:vicmgcsmmq4wek446racwq4f/app.bsky.feed.post/3mfk2tmm6vs27,bafyreifkj4hsysvj74bacficcl566ymgqdcxw6gxqpo3uzwndpd2trumm4,did:plc:vicmgcsmmq4wek446racwq4f,perkinskeighley.bsky.social,,
a949065f32574c619dbbb6c2602d9a19,2026-02-24T02:00:00Z,2026-02-24T02:12:13Z,auth,auth_enUS_labelerexp,at://did:plc:p2hhevq3w2kxgw3csyailya3/app.bsky.feed.generator/aaafrn54usbj6,suggested_labelerexp,46,at://did:plc:vicmgcsmmq4wek446racwq4f/app.bsky.feed.post/3mfk2tmm5wk27,bafyreigufth4okvdhj5bixpd6oh3fueexh4ppulxfkln6yobs2mumhyry4,did:plc:vicmgcsmmq4wek446racwq4f,perkinskeighley.bsky.social,,
a949065f32574c619dbbb6c2602d9a19,2026-02-24T02:00:00Z,2026-02-24T02:12:13Z,auth,auth_enUS_labelerexp,at://did:plc:p2hhevq3w2kxgw3csyailya3/app.bsky.feed.generator/aaafrn54usbj6,suggested_labelerexp,47,at://did:plc:vicmgcsmmq4wek446racwq4f/app.bsky.feed.post/3mfk2tmm2ys27,bafyreidjzkncjflbf3tqdeehn676txfmiqu2fvhv2kbcoc5ad4s4jqcb2m,did:plc:vicmgcsmmq4wek446racwq4f,perkinskeighley.bsky.social,,
a949065f32574c619dbbb6c2602d9a19,2026-02-24T02:00:00Z,2026-02-24T02:12:13Z,auth,auth_enUS_labelerexp,at://did:plc:p2hhevq3w2kxgw3csyailya3/app.bsky.feed.generator/aaafrn54usbj6,suggested_labelerexp,48,at://did:plc:vicmgcsmmq4wek446racwq4f/app.bsky.feed.post/3mfk2tmlz2c27,bafyreia5xjfldy4djbemmgpdrcshnmf6ppgkqbla67uvymo2f5pdp4kk7y,did:plc:vicmgcsmmq4wek446racwq4f,perkinskeighley.bsky.social,,
a949065f32574c619dbbb6c2602d9a19,2026-02-24T02:00:00Z,2026-02-24T02:12:13Z,auth,auth_enUS_labelerexp,at://did:plc:p2hhevq3w2kxgw3csyailya3/app.bsky.feed.generator/aaafrn54usbj6,suggested_labelerexp,49,at://did:plc:vicmgcsmmq4wek446racwq4f/app.bsky.feed.post/3mfk2tmly3227,bafyreibwlznt2v7yt4tlr3yk7wrv65d2gcqp5u5k7h7rkhfvc4m2k47lzm,did:plc:vicmgcsmmq4wek446racwq4f,perkinskeighley.bsky.social,,
a949065f32574c619dbbb6c2602d9a19,2026-02-24T02:00:00Z,2026-02-24T02:12:13Z,auth,auth_enUS_labelerexp,at://did:plc:p2hhevq3w2kxgw3csyailya3/app.bsky.feed.generator/aaafrn54usbj6,suggested_labelerexp,50,at://did:plc:vicmgcsmmq4wek446racwq4f/app.bsky.feed.post/3mfk2tmlv5c27,bafyreihwyzkyef6ggywtrc4rhqdosoadody6jajnvarr4wuxkebhdegn3y,did:plc:vicmgcsmmq4wek446racwq4f,perkinskeighley.bsky.social,,
a949065f32574c619dbbb6c2602d9a19,2026-02-24T02:00:00Z,2026-02-24T02:12:14Z,auth,auth_enUS_labelerexp,at://did:plc:stu4unkwieyt5suhyfl6u5e4/app.bsky.feed.generator/aaacjvrirvq2w,suggested_labelerexp,1,at://did:plc:fnxmbomydemi3ybs6lfembhy/app.bsky.feed.post/3mfl2mcxv7f2z,bafyreia2cdnza5g4r53jppxeh4dhdhvb7mfpzodwhw4tehtwi4iluc2ezy,did:plc:fnxmbomydemi3ybs6lfembhy,chilltraxsongbot.bsky.social,,
a949065f32574c619dbbb6c2602d9a19,2026-02-24T02:00:00Z,2026-02-24T02:12:14Z,auth,auth_enUS_labelerexp,at://did:plc:stu4unkwieyt5suhyfl6u5e4/app.bsky.feed.generator/aaacjvrirvq2w,suggested_labelerexp,2,at://did:plc:wx3vtkzfhqp3kbv7kz3j6s3e/app.bsky.feed.post/3mfl2kqvz6b2c,bafyreihf5ur74djfj5tj7vee3ehllog5ibn6uwpmbfksjo3kcwvizikiiq,did:plc:wx3vtkzfhqp3kbv7kz3j6s3e,over60sclub.bsky.social,,
a949065f32574c619dbbb6c2602d9a19,2026-02-24T02:00:00Z,2026-02-24T02:12:14Z,auth,auth_enUS_labelerexp,at://did:plc:stu4unkwieyt5suhyfl6u5e4/app.bsky.feed.generator/aaacjvrirvq2w,suggested_labelerexp,3,at://did:plc:f2f3beuzrvhtgtlxjs3dtsdx/app.bsky.feed.post/3mfl2j4wi5v2q,bafyreiccqfcud7z7m6zz5yhzna2boytz6wzcgux3zpvz2upt7ky4ul2q54,did:plc:f2f3beuzrvhtgtlxjs3dtsdx,authorjond.bsky.social,,
a949065f32574c619dbbb6c2602d9a19,2026-02-24T02:00:00Z,2026-02-24T02:12:14Z,auth,auth_enUS_labelerexp,at://did:plc:stu4unkwieyt5suhyfl6u5e4/app.bsky.feed.generator/aaacjvrirvq2w,suggested_labelerexp,4,at://did:plc:fnxmbomydemi3ybs6lfembhy/app.bsky.feed.post/3mfl2fthvvk24,bafyreifgx66tmdsojllgeqxs5m5buc3ayok6zxomkqdgcu5ltf6ikd33qy,did:plc:fnxmbomydemi3ybs6lfembhy,chilltraxsongbot.bsky.social,,
a949065f32574c619dbbb6c2602d9a19,2026-02-24T02:00:00Z,2026-02-24T02:12:14Z,auth,auth_enUS_labelerexp,at://did:plc:stu4unkwieyt5suhyfl6u5e4/app.bsky.feed.generator/aaacjvrirvq2w,suggested_labelerexp,5,at://did:plc:rz6bpmyph4t2vvzm5stygy7d/app.bsky.feed.post/3mfl26q4bfo26,bafyreibnyuagtvrjv4cqbffnvpi36iyfduqmjhfwuz333nonvqr5t33g5u,did:plc:rz6bpmyph4t2vvzm5stygy7d,audiobooksoul.bsky.social,,
a949065f32574c619dbbb6c2602d9a19,2026-02-24T02:00:00Z,2026-02-24T02:12:14Z,auth,auth_enUS_labelerexp,at://did:plc:stu4unkwieyt5suhyfl6u5e4/app.bsky.feed.generator/aaacjvrirvq2w,suggested_labelerexp,6,at://did:plc:fnxmbomydemi3ybs6lfembhy/app.bsky.feed.post/3mfl23e22wb2n,bafyreihftqpj6kqzhkzhdwnz3jzgxilajd7fmmhmptkyvtktgr6bjrpb2e,did:plc:fnxmbomydemi3ybs6lfembhy,chilltraxsongbot.bsky.social,,
a949065f32574c619dbbb6c2602d9a19,2026-02-24T02:00:00Z,2026-02-24T02:12:14Z,auth,auth_enUS_labelerexp,at://did:plc:stu4unkwieyt5suhyfl6u5e4/app.bsky.feed.generator/aaacjvrirvq2w,suggested_labelerexp,7,at://did:plc:fnxmbomydemi3ybs6lfembhy/app.bsky.feed.post/3mfkzv4z52r2q,bafyreie24jihphqskju2pmhqzgsjirekbdkhfai6b5fgu57khxxb5iigvu,did:plc:fnxmbomydemi3ybs6lfembhy,chilltraxsongbot.bsky.social,,
a949065f32574c619dbbb6c2602d9a19,2026-02-24T02:00:00Z,2026-02-24T02:12:14Z,auth,auth_enUS_labelerexp,at://did:plc:stu4unkwieyt5suhyfl6u5e4/app.bsky.feed.generator/aaacjvrirvq2w,suggested_labelerexp,8,at://did:plc:wx3vtkzfhqp3kbv7kz3j6s3e/app.bsky.feed.post/3mfkzuhlepd2v,bafyreig55m4dkki4j2gsvuzxkotdsmfjrxnouaxlpbsrghnokohhcsrrrq,did:plc:wx3vtkzfhqp3kbv7kz3j6s3e,over60sclub.bsky.social,,
a949065f32574c619dbbb6c2602d9a19,2026-02-24T02:00:00Z,2026-02-24T02:12:14Z,auth,auth_enUS_labelerexp,at://did:plc:stu4unkwieyt5suhyfl6u5e4/app.bsky.feed.generator/aaacjvrirvq2w,suggested_labelerexp,9,at://did:plc:fnxmbomydemi3ybs6lfembhy/app.bsky.feed.post/3mfkzors4bi2v,bafyreihqwayjtb6aiqkhznjjrtesnc67yzvqpflpeqtljet2j22q6rxsfa,did:plc:fnxmbomydemi3ybs6lfembhy,chilltraxsongbot.bsky.social,,
a949065f32574c619dbbb6c2602d9a19,2026-02-24T02:00:00Z,2026-02-24T02:12:14Z,auth,auth_enUS_labelerexp,at://did:plc:stu4unkwieyt5suhyfl6u5e4/app.bsky.feed.generator/aaacjvrirvq2w,suggested_labelerexp,10,at://did:plc:fnxmbomydemi3ybs6lfembhy/app.bsky.feed.post/3mfkzimo3k626,bafyreicp4bwmpi4wdqrnmghiz46dhljm57ma5vxdzu4gy3pnels3httyxy,did:plc:fnxmbomydemi3ybs6lfembhy,chilltraxsongbot.bsky.social,,
a949065f32574c619dbbb6c2602d9a19,2026-02-24T02:00:00Z,2026-02-24T02:12:14Z,auth,auth_enUS_labelerexp,at://did:plc:stu4unkwieyt5suhyfl6u5e4/app.bsky.feed.generator/aaacjvrirvq2w,suggested_labelerexp,11,at://did:plc:em4g767as3vvvij4zgura3ff/app.bsky.feed.post/3mfkzgo2pb22r,bafyreialafyc753w7u42xxqybc7ygi3udvjc6fku6y5kooft5fy4nvtirq,did:plc:em4g767as3vvvij4zgura3ff,iamgregordeee.blacksky.app,,
a949065f32574c619dbbb6c2602d9a19,2026-02-24T02:00:00Z,2026-02-24T02:12:14Z,auth,auth_enUS_labelerexp,at://did:plc:stu4unkwieyt5suhyfl6u5e4/app.bsky.feed.generator/aaacjvrirvq2w,suggested_labelerexp,12,at://did:plc:rz6bpmyph4t2vvzm5stygy7d/app.bsky.feed.post/3mfkzdvzffl2o,bafyreigc7ppfy5neuwdtumip63zng7ahco6hzzqzrqxezrf2epahn7ccbi,did:plc:rz6bpmyph4t2vvzm5stygy7d,audiobooksoul.bsky.social,,
a949065f32574c619dbbb6c2602d9a19,2026-02-24T02:00:00Z,2026-02-24T02:12:14Z,auth,auth_enUS_labelerexp,at://did:plc:stu4unkwieyt5suhyfl6u5e4/app.bsky.feed.generator/aaacjvrirvq2w,suggested_labelerexp,13,at://did:plc:fnxmbomydemi3ybs6lfembhy/app.bsky.feed.post/3mfkzcec5k22q,bafyreibdpmk7ieidy364xqshizdr6pmlwgh34uwp2w5xxc3ug4coecqbhu,did:plc:fnxmbomydemi3ybs6lfembhy,chilltraxsongbot.bsky.social,,
a949065f32574c619dbbb6c2602d9a19,2026-02-24T02:00:00Z,2026-02-24T02:12:14Z,auth,auth_enUS_labelerexp,at://did:plc:stu4unkwieyt5suhyfl6u5e4/app.bsky.feed.generator/aaacjvrirvq2w,suggested_labelerexp,14,at://did:plc:7jtwlsfgt4vztqh2zsdchfuh/app.bsky.feed.post/3mfkzbstru22q,bafyreidliimvbn3whuum6svu6rbwjtaxre3xxbihu4g4ewbl7xlcnvkvhu,did:plc:7jtwlsfgt4vztqh2zsdchfuh,auth-plagiarism.bsky.social,,
a949065f32574c619dbbb6c2602d9a19,2026-02-24T02:00:00Z,2026-02-24T02:12:14Z,auth,auth_enUS_labelerexp,at://did:plc:stu4unkwieyt5suhyfl6u5e4/app.bsky.feed.generator/aaacjvrirvq2w,suggested_labelerexp,15,at://did:plc:ynsbgtnch43wrty5hsdktik6/app.bsky.feed.post/3mfkz5ycpfx2o,bafyreifi5jril5edq7pyxjja5clmocf3wu7unjds4tuhvhz2u4ojqvo6gm,did:plc:ynsbgtnch43wrty5hsdktik6,socprogress.bsky.social,,
a949065f32574c619dbbb6c2602d9a19,2026-02-24T02:00:00Z,2026-02-24T02:12:14Z,auth,auth_enUS_labelerexp,at://did:plc:stu4unkwieyt5suhyfl6u5e4/app.bsky.feed.generator/aaacjvrirvq2w,suggested_labelerexp,16,at://did:plc:6bxm5jvevmxf6m62p4cnqlcv/app.bsky.feed.post/3mfkz4mzvrc2v,bafyreihuez2goxupr74q5lzk7adpobfydmtrx657lz4d7mihyutgpg4nfy,did:plc:6bxm5jvevmxf6m62p4cnqlcv,lazulileelu.bsky.social,,
a949065f32574c619dbbb6c2602d9a19,2026-02-24T02:00:00Z,2026-02-24T02:12:14Z,auth,auth_enUS_labelerexp,at://did:plc:stu4unkwieyt5suhyfl6u5e4/app.bsky.feed.generator/aaacjvrirvq2w,suggested_labelerexp,17,at://did:plc:fnxmbomydemi3ybs6lfembhy/app.bsky.feed.post/3mfkz3sg65l2q,bafyreialogxcsh4vnarf5elsiunjulqr6qztmerc4vind6p24wjmcriwce,did:plc:fnxmbomydemi3ybs6lfembhy,chilltraxsongbot.bsky.social,,
a949065f32574c619dbbb6c2602d9a19,2026-02-24T02:00:00Z,2026-02-24T02:12:14Z,auth,auth_enUS_labelerexp,at://did:plc:stu4unkwieyt5suhyfl6u5e4/app.bsky.feed.generator/aaacjvrirvq2w,suggested_labelerexp,18,at://did:plc:bsstz7zc5qmvb4ju56ulw65x/app.bsky.feed.post/3mfkz3dyfk22v,bafyreiemrfnqirqd76loruz5lubwx4kuhnov64g4skx6fk7erpza66t26y,did:plc:bsstz7zc5qmvb4ju56ulw65x,rrekrrek.bsky.social,,
a949065f32574c619dbbb6c2602d9a19,2026-02-24T02:00:00Z,2026-02-24T02:12:14Z,auth,auth_enUS_labelerexp,at://did:plc:stu4unkwieyt5suhyfl6u5e4/app.bsky.feed.generator/aaacjvrirvq2w,suggested_labelerexp,19,at://did:plc:r3ez554dn4nt2hquypu4rw2h/app.bsky.feed.post/3mfkyzvpdyc2p,bafyreigudrz6fwybyksukrosbjy74s467zjmdvozestvitzz353hzpq5xy,did:plc:r3ez554dn4nt2hquypu4rw2h,indiana85.bsky.social,,
a949065f32574c619dbbb6c2602d9a19,2026-02-24T02:00:00Z,2026-02-24T02:12:14Z,auth,auth_enUS_labelerexp,at://did:plc:stu4unkwieyt5suhyfl6u5e4/app.bsky.feed.generator/aaacjvrirvq2w,suggested_labelerexp,20,at://did:plc:wx3vtkzfhqp3kbv7kz3j6s3e/app.bsky.feed.post/3mfkywytj6s2d,bafyreih2n3chjhmxu6u577pt52cogfyidbnfcs2vsv4sdbbbdgjo2ojsqu,did:plc:wx3vtkzfhqp3kbv7kz3j6s3e,over60sclub.bsky.social,,
a949065f32574c619dbbb6c2602d9a19,2026-02-24T02:00:00Z,2026-02-24T02:12:14Z,auth,auth_enUS_labelerexp,at://did:plc:stu4unkwieyt5suhyfl6u5e4/app.bsky.feed.generator/aaacjvrirvq2w,suggested_labelerexp,21,at://did:plc:fnxmbomydemi3ybs6lfembhy/app.bsky.feed.post/3mfkytayxsl2k,bafyreig7kzh5loa3al7q6t3d4a662hoxubdrlqq7ipbngxy2vy2gc6d2qe,did:plc:fnxmbomydemi3ybs6lfembhy,chilltraxsongbot.bsky.social,,
a949065f32574c619dbbb6c2602d9a19,2026-02-24T02:00:00Z,2026-02-24T02:12:14Z,auth,auth_enUS_labelerexp,at://did:plc:stu4unkwieyt5suhyfl6u5e4/app.bsky.feed.generator/aaacjvrirvq2w,suggested_labelerexp,22,at://did:plc:eow6qizaepzlvbkdbfua5qit/app.bsky.feed.post/3mfkyt75dvw2s,bafyreibeqxm22sjjjht5vqr4sfovqndz5afkb7qcv4hgpifrufcko5qaaq,did:plc:eow6qizaepzlvbkdbfua5qit,tinkerhack.bsky.social,,
a949065f32574c619dbbb6c2602d9a19,2026-02-24T02:00:00Z,2026-02-24T02:12:14Z,auth,auth_enUS_labelerexp,at://did:plc:stu4unkwieyt5suhyfl6u5e4/app.bsky.feed.generator/aaacjvrirvq2w,suggested_labelerexp,23,at://did:plc:4pueqfx3yx4jzcccc6tyr7j2/app.bsky.feed.post/3mfkyp3pga22o,bafyreihpxpogukmzicqrb6zur7bf3x4mqg24um2flymtdarcsw3gpssoja,did:plc:4pueqfx3yx4jzcccc6tyr7j2,papasino.bsky.social,,
a949065f32574c619dbbb6c2602d9a19,2026-02-24T02:00:00Z,2026-02-24T02:12:14Z,auth,auth_enUS_labelerexp,at://did:plc:stu4unkwieyt5suhyfl6u5e4/app.bsky.feed.generator/aaacjvrirvq2w,suggested_labelerexp,24,at://did:plc:fnxmbomydemi3ybs6lfembhy/app.bsky.feed.post/3mfkymiklyx2w,bafyreidlb5genj5kohchgms4j4ffk3acqagcox2qw2fi6iz3ohusygkbji,did:plc:fnxmbomydemi3ybs6lfembhy,chilltraxsongbot.bsky.social,,
a949065f32574c619dbbb6c2602d9a19,2026-02-24T02:00:00Z,2026-02-24T02:12:14Z,auth,auth_enUS_labelerexp,at://did:plc:stu4unkwieyt5suhyfl6u5e4/app.bsky.feed.generator/aaacjvrirvq2w,suggested_labelerexp,25,at://did:plc:xgcawppninyytpoi4sn6rtfx/app.bsky.feed.post/3mfkym4ppps2b,bafyreia3rbhdtu5szr2oucbuz72lepkqe75jsg2jeomrch6juqt4nviipe,did:plc:xgcawppninyytpoi4sn6rtfx,tricky15.bsky.social,,
a949065f32574c619dbbb6c2602d9a19,2026-02-24T02:00:00Z,2026-02-24T02:12:14Z,auth,auth_enUS_labelerexp,at://did:plc:stu4unkwieyt5suhyfl6u5e4/app.bsky.feed.generator/aaacjvrirvq2w,suggested_labelerexp,26,at://did:plc:isfdzdmrqhldmoktfqrrjulo/app.bsky.feed.post/3mfkyjvbaq22y,bafyreibyzuy54uq74exxn7dzbw7wdjyurkzuvizd6e4l3lq4aoxoq5gvma,did:plc:isfdzdmrqhldmoktfqrrjulo,hotchickennoodle.bsky.social,,
a949065f32574c619dbbb6c2602d9a19,2026-02-24T02:00:00Z,2026-02-24T02:12:14Z,auth,auth_enUS_labelerexp,at://did:plc:stu4unkwieyt5suhyfl6u5e4/app.bsky.feed.generator/aaacjvrirvq2w,suggested_labelerexp,27,at://did:plc:rz6bpmyph4t2vvzm5stygy7d/app.bsky.feed.post/3mfkyj6zovl2e,bafyreieh3re3526pgkrvltyekqln47ctrxheahxvfpvfasgzscpyku735a,did:plc:rz6bpmyph4t2vvzm5stygy7d,audiobooksoul.bsky.social,,
a949065f32574c619dbbb6c2602d9a19,2026-02-24T02:00:00Z,2026-02-24T02:12:14Z,auth,auth_enUS_labelerexp,at://did:plc:stu4unkwieyt5suhyfl6u5e4/app.bsky.feed.generator/aaacjvrirvq2w,suggested_labelerexp,28,at://did:plc:rz6bpmyph4t2vvzm5stygy7d/app.bsky.feed.post/3mfkyj6bsyb2o,bafyreiczlwn3576r2litfqnav5ffht5mtkio3bzifsl2x4gxck3ztk6q6a,did:plc:rz6bpmyph4t2vvzm5stygy7d,audiobooksoul.bsky.social,,
a949065f32574c619dbbb6c2602d9a19,2026-02-24T02:00:00Z,2026-02-24T02:12:14Z,auth,auth_enUS_labelerexp,at://did:plc:stu4unkwieyt5suhyfl6u5e4/app.bsky.feed.generator/aaacjvrirvq2w,suggested_labelerexp,29,at://did:plc:zrlwpwy2g6ryho2kwf4goh6f/app.bsky.feed.post/3mfkyf6weic2o,bafyreifnapk5gtxk3lrajfb6eob4f5flgutwvbh5puze2vgglglajzbrze,did:plc:zrlwpwy2g6ryho2kwf4goh6f,catfreak.bsky.social,,
a949065f32574c619dbbb6c2602d9a19,2026-02-24T02:00:00Z,2026-02-24T02:12:14Z,auth,auth_enUS_labelerexp,at://did:plc:stu4unkwieyt5suhyfl6u5e4/app.bsky.feed.generator/aaacjvrirvq2w,suggested_labelerexp,30,at://did:plc:fnxmbomydemi3ybs6lfembhy/app.bsky.feed.post/3mfkydylhro24,bafyreiajiuaikqkv75j4mzqwxcrztp3xnjgl2dh5t2ki4m7avv4f2d7doi,did:plc:fnxmbomydemi3ybs6lfembhy,chilltraxsongbot.bsky.social,,
a949065f32574c619dbbb6c2602d9a19,2026-02-24T02:00:00Z,2026-02-24T02:12:14Z,auth,auth_enUS_labelerexp,at://did:plc:stu4unkwieyt5suhyfl6u5e4/app.bsky.feed.generator/aaacjvrirvq2w,suggested_labelerexp,31,at://did:plc:wiyy3mdpcnmjtpwm3jiz2bqj/app.bsky.feed.post/3mfkyc6fkos26,bafyreidznbnbx6g2kweqjnks5zgjv3hi74a37e4qxrm6po63tvstxxjx6e,did:plc:wiyy3mdpcnmjtpwm3jiz2bqj,heartmydoodle.bsky.social,,
a949065f32574c619dbbb6c2602d9a19,2026-02-24T02:00:00Z,2026-02-24T02:12:14Z,auth,auth_enUS_labelerexp,at://did:plc:stu4unkwieyt5suhyfl6u5e4/app.bsky.feed.generator/aaacjvrirvq2w,suggested_labelerexp,32,at://did:plc:442d4647amynnfsfprzzeske/app.bsky.feed.post/3mfkyawaask26,bafyreid5t3usbsgpanrthydlgnwjr2gmymiglmsd3ameilj4b764qvieka,did:plc:442d4647amynnfsfprzzeske,opp2remember.bsky.social,,
a949065f32574c619dbbb6c2602d9a19,2026-02-24T02:00:00Z,2026-02-24T02:12:14Z,auth,auth_enUS_labelerexp,at://did:plc:stu4unkwieyt5suhyfl6u5e4/app.bsky.feed.generator/aaacjvrirvq2w,suggested_labelerexp,33,at://did:plc:wx3vtkzfhqp3kbv7kz3j6s3e/app.bsky.feed.post/3mfky7lubih2x,bafyreid7tbntevymettwcorsabzhmslvluxyhog2bruegkig424xjgibr4,did:plc:wx3vtkzfhqp3kbv7kz3j6s3e,over60sclub.bsky.social,,
a949065f32574c619dbbb6c2602d9a19,2026-02-24T02:00:00Z,2026-02-24T02:12:14Z,auth,auth_enUS_labelerexp,at://did:plc:stu4unkwieyt5suhyfl6u5e4/app.bsky.feed.generator/aaacjvrirvq2w,suggested_labelerexp,34,at://did:plc:fnxmbomydemi3ybs6lfembhy/app.bsky.feed.post/3mfky5uoyg724,bafyreiefg3bfn3rnenb5pe3vpltk7suoejwrx25nhrjoz5z4dkmapmsj3m,did:plc:fnxmbomydemi3ybs6lfembhy,chilltraxsongbot.bsky.social,,
a949065f32574c619dbbb6c2602d9a19,2026-02-24T02:00:00Z,2026-02-24T02:12:14Z,auth,auth_enUS_labelerexp,at://did:plc:stu4unkwieyt5suhyfl6u5e4/app.bsky.feed.generator/aaacjvrirvq2w,suggested_labelerexp,35,at://did:plc:fnxmbomydemi3ybs6lfembhy/app.bsky.feed.post/3mfkxxjlrlx2w,bafyreidy2sacmdsuwsojpfajfemhdgg4mz63z4guwv4u3jkq6unrwmtqqm,did:plc:fnxmbomydemi3ybs6lfembhy,chilltraxsongbot.bsky.social,,
a949065f32574c619dbbb6c2602d9a19,2026-02-24T02:00:00Z,2026-02-24T02:12:14Z,auth,auth_enUS_labelerexp,at://did:plc:stu4unkwieyt5suhyfl6u5e4/app.bsky.feed.generator/aaacjvrirvq2w,suggested_labelerexp,36,at://did:plc:q5zroikqfmpsiaab34af7xom/app.bsky.feed.post/3mfkxvnmegs2d,bafyreiaaehoe2rwoesrintf46xj7prn5qm6cinriq7jtuwdqipt67ak5iu,did:plc:q5zroikqfmpsiaab34af7xom,ryanjespersen.bsky.social,,
a949065f32574c619dbbb6c2602d9a19,2026-02-24T02:00:00Z,2026-02-24T02:12:14Z,auth,auth_enUS_labelerexp,at://did:plc:stu4unkwieyt5suhyfl6u5e4/app.bsky.feed.generator/aaacjvrirvq2w,suggested_labelerexp,37,at://did:plc:kbah5gxy33xwgv5qngq5sfa6/app.bsky.feed.post/3mfkxqhtk4y2y,bafyreigk34iypajcjdxyww6cpw45wza4khk7rhdwwivphznubccersz6r4,did:plc:kbah5gxy33xwgv5qngq5sfa6,why-edify.bsky.social,,
a949065f32574c619dbbb6c2602d9a19,2026-02-24T02:00:00Z,2026-02-24T02:12:14Z,auth,auth_enUS_labelerexp,at://did:plc:stu4unkwieyt5suhyfl6u5e4/app.bsky.feed.generator/aaacjvrirvq2w,suggested_labelerexp,38,at://did:plc:fnxmbomydemi3ybs6lfembhy/app.bsky.feed.post/3mfkxqbaxql2k,bafyreiclc7cjop7h72fqjn5gcd4lvno4lrirwdlo33fqls5ynlw67dnzle,did:plc:fnxmbomydemi3ybs6lfembhy,chilltraxsongbot.bsky.social,,
a949065f32574c619dbbb6c2602d9a19,2026-02-24T02:00:00Z,2026-02-24T02:12:14Z,auth,auth_enUS_labelerexp,at://did:plc:stu4unkwieyt5suhyfl6u5e4/app.bsky.feed.generator/aaacjvrirvq2w,suggested_labelerexp,39,at://did:plc:3wscmhdbzcnrogtkg6ry56sq/app.bsky.feed.post/3mfkxpyq5rs2d,bafyreie3qcz73c3l7pn7kqn76dqfm35qoqr5w5y4iie4rf4nsx4lt3neaq,did:plc:3wscmhdbzcnrogtkg6ry56sq,reygarbernal.bsky.social,,
a949065f32574c619dbbb6c2602d9a19,2026-02-24T02:00:00Z,2026-02-24T02:12:14Z,auth,auth_enUS_labelerexp,at://did:plc:stu4unkwieyt5suhyfl6u5e4/app.bsky.feed.generator/aaacjvrirvq2w,suggested_labelerexp,40,at://did:plc:2wugnpd5pf6w6j3nnrfvr3kh/app.bsky.feed.post/3mfkxpliqr72c,bafyreih3ha4i4b645rvojkaolcfuu54kgdttezoqpmohadsftahgsx3mty,did:plc:2wugnpd5pf6w6j3nnrfvr3kh,capsilam.bsky.social,,
a949065f32574c619dbbb6c2602d9a19,2026-02-24T02:00:00Z,2026-02-24T02:12:14Z,auth,auth_enUS_labelerexp,at://did:plc:stu4unkwieyt5suhyfl6u5e4/app.bsky.feed.generator/aaacjvrirvq2w,suggested_labelerexp,41,at://did:plc:rz6bpmyph4t2vvzm5stygy7d/app.bsky.feed.post/3mfkxocvod625,bafyreifgteusri56h4i24d3pmbh2ot4wljnx2pd6usdpol2htjhm6ar4au,did:plc:rz6bpmyph4t2vvzm5stygy7d,audiobooksoul.bsky.social,,
a949065f32574c619dbbb6c2602d9a19,2026-02-24T02:00:00Z,2026-02-24T02:12:14Z,auth,auth_enUS_labelerexp,at://did:plc:stu4unkwieyt5suhyfl6u5e4/app.bsky.feed.generator/aaacjvrirvq2w,suggested_labelerexp,42,at://did:plc:rz6bpmyph4t2vvzm5stygy7d/app.bsky.feed.post/3mfkxoce3lh2o,bafyreibhytqq5up72c4qe2iv2ddogeoawyw5zvfe4jtfyocrdxcsnsf6ju,did:plc:rz6bpmyph4t2vvzm5stygy7d,audiobooksoul.bsky.social,,
a949065f32574c619dbbb6c2602d9a19,2026-02-24T02:00:00Z,2026-02-24T02:12:14Z,auth,auth_enUS_labelerexp,at://did:plc:stu4unkwieyt5suhyfl6u5e4/app.bsky.feed.generator/aaacjvrirvq2w,suggested_labelerexp,43,at://did:plc:fnxmbomydemi3ybs6lfembhy/app.bsky.feed.post/3mfkxjsjckw2n,bafyreievlrli6vf2luw2iptbiiilnyy5wzpwo35i67hva6farewoeerbx4,did:plc:fnxmbomydemi3ybs6lfembhy,chilltraxsongbot.bsky.social,,
a949065f32574c619dbbb6c2602d9a19,2026-02-24T02:00:00Z,2026-02-24T02:12:14Z,auth,auth_enUS_labelerexp,at://did:plc:stu4unkwieyt5suhyfl6u5e4/app.bsky.feed.generator/aaacjvrirvq2w,suggested_labelerexp,44,at://did:plc:wx3vtkzfhqp3kbv7kz3j6s3e/app.bsky.feed.post/3mfkxhh4qq42t,bafyreigo35yzk6xtccpgf6q6d6biplrw65vw4kv2vj4b6horhq55izmdr4,did:plc:wx3vtkzfhqp3kbv7kz3j6s3e,over60sclub.bsky.social,,
a949065f32574c619dbbb6c2602d9a19,2026-02-24T02:00:00Z,2026-02-24T02:12:14Z,auth,auth_enUS_labelerexp,at://did:plc:stu4unkwieyt5suhyfl6u5e4/app.bsky.feed.generator/aaacjvrirvq2w,suggested_labelerexp,45,at://did:plc:a6e4i4m7j7bayof65ru25d7d/app.bsky.feed.post/3mfkxfonltc2t,bafyreidkegiwkxp33kw4eccy5arrukga75yzfnmr7ncw36tuaactdbtkqa,did:plc:a6e4i4m7j7bayof65ru25d7d,yourfavauntie.bsky.social,,
a949065f32574c619dbbb6c2602d9a19,2026-02-24T02:00:00Z,2026-02-24T02:12:14Z,auth,auth_enUS_labelerexp,at://did:plc:stu4unkwieyt5suhyfl6u5e4/app.bsky.feed.generator/aaacjvrirvq2w,suggested_labelerexp,46,at://did:plc:fnxmbomydemi3ybs6lfembhy/app.bsky.feed.post/3mfkxdeefy42n,bafyreiby4yyqj3zy2mmxqp5tmxjh7wkvlhrdzmveya7hpfbzvoriphaqq4,did:plc:fnxmbomydemi3ybs6lfembhy,chilltraxsongbot.bsky.social,,
a949065f32574c619dbbb6c2602d9a19,2026-02-24T02:00:00Z,2026-02-24T02:12:14Z,auth,auth_enUS_labelerexp,at://did:plc:stu4unkwieyt5suhyfl6u5e4/app.bsky.feed.generator/aaacjvrirvq2w,suggested_labelerexp,47,at://did:plc:q5zroikqfmpsiaab34af7xom/app.bsky.feed.post/3mfkxd6tzxk2d,bafyreieygvplfj7f3nyhpji4wdlabsnuh5vvcwervstkl6rl325doqceo4,did:plc:q5zroikqfmpsiaab34af7xom,ryanjespersen.bsky.social,,
a949065f32574c619dbbb6c2602d9a19,2026-02-24T02:00:00Z,2026-02-24T02:12:14Z,auth,auth_enUS_labelerexp,at://did:plc:stu4unkwieyt5suhyfl6u5e4/app.bsky.feed.generator/aaacjvrirvq2w,suggested_labelerexp,48,at://did:plc:fnxmbomydemi3ybs6lfembhy/app.bsky.feed.post/3mfkx2mcti22k,bafyreibwawolqvpesevq7v5kpnq444naz2suxfhs3g5xssdma2thlidsly,did:plc:fnxmbomydemi3ybs6lfembhy,chilltraxsongbot.bsky.social,,
a949065f32574c619dbbb6c2602d9a19,2026-02-24T02:00:00Z,2026-02-24T02:12:14Z,auth,auth_enUS_labelerexp,at://did:plc:stu4unkwieyt5suhyfl6u5e4/app.bsky.feed.generator/aaacjvrirvq2w,suggested_labelerexp,49,at://did:plc:jh7rgbfceslvn2dk6yy5gq6j/app.bsky.feed.post/3mfkwzlg3742j,bafyreidlas5eawm5l4vik6wrb2wjmhdshzbfj7zomsqj7goiadmhmpadgq,did:plc:jh7rgbfceslvn2dk6yy5gq6j,am-ika.bsky.social,,
a949065f32574c619dbbb6c2602d9a19,2026-02-24T02:00:00Z,2026-02-24T02:12:14Z,auth,auth_enUS_labelerexp,at://did:plc:stu4unkwieyt5suhyfl6u5e4/app.bsky.feed.generator/aaacjvrirvq2w,suggested_labelerexp,50,at://did:plc:fnxmbomydemi3ybs6lfembhy/app.bsky.feed.post/3mfkwu2pi4t26,bafyreidr6kv4xbz66bjv5jk24ojedkpoa2be35xdtt7dwmwh4nkmc3bfrm,did:plc:fnxmbomydemi3ybs6lfembhy,chilltraxsongbot.bsky.social,,
