run_id,snapshot_hour_utc,captured_at_utc,viewer_mode,vantage_id,post_uri,post_cid,label_src,label_val,label_neg,label_uri,label_cts
b74e545c6e0646fe905205f8f7be92d3,2026-02-24T13:00:00Z,2026-02-24T13:12:37Z,auth,auth_enUS_labelerexp,at://did:plc:3sn6bogankaicebzdb7liro3/app.bsky.feed.post/3k3icg5ynmh2r,bafyreidwzmwwj2s4mhq64b7afyygzid4tqgauw2u3xnlndsldbupj4s3ne,did:plc:3sn6bogankaicebzdb7liro3,!no-unauthenticated,,at://did:plc:3sn6bogankaicebzdb7liro3/app.bsky.actor.profile/self,1970-01-01T00:00:00.000Z
b74e545c6e0646fe905205f8f7be92d3,2026-02-24T13:00:00Z,2026-02-24T13:12:37Z,auth,auth_enUS_labelerexp,at://did:plc:r7rigortz74dxlzq7sk2dqe3/app.bsky.feed.post/3mfm7zdzbca2g,bafyreiblwwlomdplqliwwjygw4rktkumer2cte3c2iwxm3knyq5dflsie4,did:plc:r7rigortz74dxlzq7sk2dqe3,!no-unauthenticated,,at://did:plc:r7rigortz74dxlzq7sk2dqe3/app.bsky.actor.profile/self,2024-11-14T21:25:37.871Z
b74e545c6e0646fe905205f8f7be92d3,2026-02-24T13:00:00Z,2026-02-24T13:12:37Z,auth,auth_enUS_labelerexp,at://did:plc:c53omjn5mnzsfjyefv5yjhr4/app.bsky.feed.post/3mfm72oy7v32h,bafyreifytvdpofvqi7e22xwihmr2qx5h57o7u4vxvm77fhrw2u6rwpg7wm,did:plc:ar7c4by46qjdydhdevvrndac,needs-review,,did:plc:c53omjn5mnzsfjyefv5yjhr4,2026-02-24T06:57:51.253Z
b74e545c6e0646fe905205f8f7be92d3,2026-02-24T13:00:00Z,2026-02-24T13:12:37Z,auth,auth_enUS_labelerexp,at://did:plc:c53omjn5mnzsfjyefv5yjhr4/app.bsky.feed.post/3mfm72mqixl2h,bafyreienpul7dqc6jvkjhqyr5rzgznlbnk3sjwjcu2hmlu2tjogpzu35km,did:plc:ar7c4by46qjdydhdevvrndac,needs-review,,did:plc:c53omjn5mnzsfjyefv5yjhr4,2026-02-24T06:57:51.253Z
b74e545c6e0646fe905205f8f7be92d3,2026-02-24T13:00:00Z,2026-02-24T13:12:37Z,auth,auth_enUS_labelerexp,at://did:plc:brq4dthiw4vxtyknmcjjj535/app.bsky.feed.post/3mfm6xrzqu22c,bafyreih273lj3z2gnc3w5hpdyx2uutoq3vsio4hsvfl75favirsojc5e6e,did:plc:brq4dthiw4vxtyknmcjjj535,!no-unauthenticated,,at://did:plc:brq4dthiw4vxtyknmcjjj535/app.bsky.actor.profile/self,1970-01-01T00:00:00.000Z
b74e545c6e0646fe905205f8f7be92d3,2026-02-24T13:00:00Z,2026-02-24T13:12:37Z,auth,auth_enUS_labelerexp,at://did:plc:wzfpqw7sc5ahpbd3t7rt4pi5/app.bsky.feed.post/3mfm6q426a22u,bafyreihama5t65jktnytcp6tzieuba5aoi4dfrkphdjto5oaa5wyjdlz24,did:plc:wzfpqw7sc5ahpbd3t7rt4pi5,!no-unauthenticated,,at://did:plc:wzfpqw7sc5ahpbd3t7rt4pi5/app.bsky.actor.profile/self,1970-01-01T00:00:00.000Z
b74e545c6e0646fe905205f8f7be92d3,2026-02-24T13:00:00Z,2026-02-24T13:12:37Z,auth,auth_enUS_labelerexp,at://did:plc:asjlaqcqswpz7zuv2ve4sh5z/app.bsky.feed.post/3mfm6osxa422e,bafyreicg467p7ffbh4yfezparoho2g7hrrryr5d2334vlwcvplpjezoh7e,did:plc:asjlaqcqswpz7zuv2ve4sh5z,!no-unauthenticated,,at://did:plc:asjlaqcqswpz7zuv2ve4sh5z/app.bsky.actor.profile/self,1970-01-01T00:00:00.000Z
b74e545c6e0646fe905205f8f7be92d3,2026-02-24T13:00:00Z,2026-02-24T13:12:37Z,auth,auth_enUS_labelerexp,at://did:plc:mniwksr3g3swgpefbxjajz5p/app.bsky.feed.post/3mfm5jbchxa2x,bafyreifrzcdihiq6374thojc4oqm53rto6xjgwh2juhccyosp2r5hvxtdy,did:plc:mniwksr3g3swgpefbxjajz5p,!no-unauthenticated,,at://did:plc:mniwksr3g3swgpefbxjajz5p/app.bsky.actor.profile/self,1970-01-01T00:00:00.000Z
b74e545c6e0646fe905205f8f7be92d3,2026-02-24T13:00:00Z,2026-02-24T13:12:37Z,auth,auth_enUS_labelerexp,at://did:plc:kx424cazteu6p3dy2tx6cuew/app.bsky.feed.post/3mfm53w37e22q,bafyreid6ovqp3g25m7tbhdt7ujujgm2om7bkutnnszhe3uhmo6auvmpgtq,did:plc:ar7c4by46qjdydhdevvrndac,needs-review,,did:plc:kx424cazteu6p3dy2tx6cuew,2026-02-24T12:04:00.987Z
b74e545c6e0646fe905205f8f7be92d3,2026-02-24T13:00:00Z,2026-02-24T13:12:37Z,auth,auth_enUS_labelerexp,at://did:plc:ensg4goo5p67of7qvbynxnkb/app.bsky.feed.post/3mfm4wlzpgc24,bafyreicnqw7i5nczfazbi74lwg2keyrsa62qdd2oa6c2kkkb6b7uy5lcky,did:plc:ensg4goo5p67of7qvbynxnkb,!no-unauthenticated,,at://did:plc:ensg4goo5p67of7qvbynxnkb/app.bsky.actor.profile/self,2024-12-08T06:02:02.252Z
b74e545c6e0646fe905205f8f7be92d3,2026-02-24T13:00:00Z,2026-02-24T13:12:37Z,auth,auth_enUS_labelerexp,at://did:plc:6qqnbj7ihk44czeoviwtzuc2/app.bsky.feed.post/3mfm4tc2a3c2m,bafyreihuwaxmjvy26laarin7rjz73j7z6t4y7afdgwxr6i3i6qf3wwphkm,did:plc:6qqnbj7ihk44czeoviwtzuc2,!no-unauthenticated,,at://did:plc:6qqnbj7ihk44czeoviwtzuc2/app.bsky.actor.profile/self,2024-11-17T18:37:21.855Z
b74e545c6e0646fe905205f8f7be92d3,2026-02-24T13:00:00Z,2026-02-24T13:12:37Z,auth,auth_enUS_labelerexp,at://did:plc:kx424cazteu6p3dy2tx6cuew/app.bsky.feed.post/3mfm4nsmlec2q,bafyreiaxa53ad5vxzzrgr6urzcfff25s7aog62i4ntf7bscdkv7duz5tji,did:plc:ar7c4by46qjdydhdevvrndac,needs-review,,did:plc:kx424cazteu6p3dy2tx6cuew,2026-02-24T12:04:00.987Z
b74e545c6e0646fe905205f8f7be92d3,2026-02-24T13:00:00Z,2026-02-24T13:12:37Z,auth,auth_enUS_labelerexp,at://did:plc:c53omjn5mnzsfjyefv5yjhr4/app.bsky.feed.post/3mfm3x5qbff2u,bafyreiciy5b5tbwaqb6q32zknh6dodqnmhzettygssv55va7mjnslmbhqq,did:plc:ar7c4by46qjdydhdevvrndac,needs-review,,did:plc:c53omjn5mnzsfjyefv5yjhr4,2026-02-24T06:57:51.253Z
b74e545c6e0646fe905205f8f7be92d3,2026-02-24T13:00:00Z,2026-02-24T13:12:37Z,auth,auth_enUS_labelerexp,at://did:plc:iub64tuzkyq6wqnoainf7teg/app.bsky.feed.post/3mfm3nbpsis26,bafyreifwecelgqiy727opw4f53lnxdtxmtutdjsndvmqvs2iq3p5vwai2q,did:plc:iub64tuzkyq6wqnoainf7teg,!no-unauthenticated,,at://did:plc:iub64tuzkyq6wqnoainf7teg/app.bsky.actor.profile/self,1970-01-01T00:00:00.000Z
b74e545c6e0646fe905205f8f7be92d3,2026-02-24T13:00:00Z,2026-02-24T13:12:37Z,auth,auth_enUS_labelerexp,at://did:plc:ty5lxqjxxdanhualkuek2z5r/app.bsky.feed.post/3mfm37uda7d2y,bafyreienakw43v4u27jtfvpsgdnhfz4oe5v7ceakj5kcevq6dafl6wzngm,did:plc:l624mewisyr6hymexmrjkprc,l-justvtuber,,did:plc:ty5lxqjxxdanhualkuek2z5r,2024-11-16T00:18:47.101Z
b74e545c6e0646fe905205f8f7be92d3,2026-02-24T13:00:00Z,2026-02-24T13:12:37Z,auth,auth_enUS_labelerexp,at://did:plc:ty5lxqjxxdanhualkuek2z5r/app.bsky.feed.post/3mfm37uda7d2y,bafyreienakw43v4u27jtfvpsgdnhfz4oe5v7ceakj5kcevq6dafl6wzngm,did:plc:l624mewisyr6hymexmrjkprc,label-educator,,did:plc:ty5lxqjxxdanhualkuek2z5r,2024-11-16T00:18:37.513Z
b74e545c6e0646fe905205f8f7be92d3,2026-02-24T13:00:00Z,2026-02-24T13:12:37Z,auth,auth_enUS_labelerexp,at://did:plc:ty5lxqjxxdanhualkuek2z5r/app.bsky.feed.post/3mfm37uda7d2y,bafyreienakw43v4u27jtfvpsgdnhfz4oe5v7ceakj5kcevq6dafl6wzngm,did:plc:l624mewisyr6hymexmrjkprc,streamer,,did:plc:ty5lxqjxxdanhualkuek2z5r,2024-11-16T00:18:42.296Z
b74e545c6e0646fe905205f8f7be92d3,2026-02-24T13:00:00Z,2026-02-24T13:12:37Z,auth,auth_enUS_labelerexp,at://did:plc:ty5lxqjxxdanhualkuek2z5r/app.bsky.feed.post/3mfm37uda7d2y,bafyreienakw43v4u27jtfvpsgdnhfz4oe5v7ceakj5kcevq6dafl6wzngm,did:plc:l624mewisyr6hymexmrjkprc,vstreamer,,did:plc:ty5lxqjxxdanhualkuek2z5r,2024-11-16T00:18:47.111Z
b74e545c6e0646fe905205f8f7be92d3,2026-02-24T13:00:00Z,2026-02-24T13:12:37Z,auth,auth_enUS_labelerexp,at://did:plc:ty5lxqjxxdanhualkuek2z5r/app.bsky.feed.post/3mfm37uda7d2y,bafyreienakw43v4u27jtfvpsgdnhfz4oe5v7ceakj5kcevq6dafl6wzngm,did:plc:l624mewisyr6hymexmrjkprc,vtuber,,did:plc:ty5lxqjxxdanhualkuek2z5r,2024-11-16T00:18:47.096Z
b74e545c6e0646fe905205f8f7be92d3,2026-02-24T13:00:00Z,2026-02-24T13:12:38Z,auth,auth_enUS_labelerexp,at://did:plc:ishfoh6z4zr4kucikm2c5s7f/app.bsky.feed.post/3mflpayvpfd22,bafyreiasr6ccwh5ojm4772r5gqmayu7ws7dz2yejqtymivl4dhq7szms5i,did:plc:ishfoh6z4zr4kucikm2c5s7f,!no-unauthenticated,,at://did:plc:ishfoh6z4zr4kucikm2c5s7f/app.bsky.actor.profile/self,2024-09-17T07:45:46.814Z
b74e545c6e0646fe905205f8f7be92d3,2026-02-24T13:00:00Z,2026-02-24T13:12:38Z,auth,auth_enUS_labelerexp,at://did:plc:ishfoh6z4zr4kucikm2c5s7f/app.bsky.feed.post/3mflpayvpfd22,bafyreiasr6ccwh5ojm4772r5gqmayu7ws7dz2yejqtymivl4dhq7szms5i,did:plc:ishfoh6z4zr4kucikm2c5s7f,!no-unauthenticated,,at://did:plc:ishfoh6z4zr4kucikm2c5s7f/app.bsky.actor.profile/self,2024-09-17T07:45:46.814Z
b74e545c6e0646fe905205f8f7be92d3,2026-02-24T13:00:00Z,2026-02-24T13:12:38Z,auth,auth_enUS_labelerexp,at://did:plc:ishfoh6z4zr4kucikm2c5s7f/app.bsky.feed.post/3mflpayvpfd22,bafyreiasr6ccwh5ojm4772r5gqmayu7ws7dz2yejqtymivl4dhq7szms5i,did:plc:ishfoh6z4zr4kucikm2c5s7f,!no-unauthenticated,,at://did:plc:ishfoh6z4zr4kucikm2c5s7f/app.bsky.actor.profile/self,2024-09-17T07:45:46.814Z
b74e545c6e0646fe905205f8f7be92d3,2026-02-24T13:00:00Z,2026-02-24T13:12:38Z,auth,auth_enUS_labelerexp,at://did:plc:ishfoh6z4zr4kucikm2c5s7f/app.bsky.feed.post/3mfllsnojof2f,bafyreibxuwp72y3hqgf6mbzwlvxdeomji7kn4podclfexxatrt6n2mis3q,did:plc:ishfoh6z4zr4kucikm2c5s7f,!no-unauthenticated,,at://did:plc:ishfoh6z4zr4kucikm2c5s7f/app.bsky.actor.profile/self,2024-09-17T07:45:46.814Z
b74e545c6e0646fe905205f8f7be92d3,2026-02-24T13:00:00Z,2026-02-24T13:12:38Z,auth,auth_enUS_labelerexp,at://did:plc:ishfoh6z4zr4kucikm2c5s7f/app.bsky.feed.post/3mfllsnojof2f,bafyreibxuwp72y3hqgf6mbzwlvxdeomji7kn4podclfexxatrt6n2mis3q,did:plc:ishfoh6z4zr4kucikm2c5s7f,!no-unauthenticated,,at://did:plc:ishfoh6z4zr4kucikm2c5s7f/app.bsky.actor.profile/self,2024-09-17T07:45:46.814Z
b74e545c6e0646fe905205f8f7be92d3,2026-02-24T13:00:00Z,2026-02-24T13:12:38Z,auth,auth_enUS_labelerexp,at://did:plc:ishfoh6z4zr4kucikm2c5s7f/app.bsky.feed.post/3mfllsnojof2f,bafyreibxuwp72y3hqgf6mbzwlvxdeomji7kn4podclfexxatrt6n2mis3q,did:plc:ishfoh6z4zr4kucikm2c5s7f,!no-unauthenticated,,at://did:plc:ishfoh6z4zr4kucikm2c5s7f/app.bsky.actor.profile/self,2024-09-17T07:45:46.814Z
b74e545c6e0646fe905205f8f7be92d3,2026-02-24T13:00:00Z,2026-02-24T13:12:38Z,auth,auth_enUS_labelerexp,at://did:plc:mqfuj6mrv2mis5ej3do6fv7c/app.bsky.feed.post/3mflhso5t5c2r,bafyreifv3k5x5azdcitddfjqu5qfl62agwwhxjgvkn6fbp7k27mnnk2bpq,did:plc:uac6er53o2pvr5y2qmvaf7hw,meta-link,,at://did:plc:mqfuj6mrv2mis5ej3do6fv7c/app.bsky.actor.profile/self,2025-12-30T18:17:28.191Z
b74e545c6e0646fe905205f8f7be92d3,2026-02-24T13:00:00Z,2026-02-24T13:12:38Z,auth,auth_enUS_labelerexp,at://did:plc:mqfuj6mrv2mis5ej3do6fv7c/app.bsky.feed.post/3mflhso5t5c2r,bafyreifv3k5x5azdcitddfjqu5qfl62agwwhxjgvkn6fbp7k27mnnk2bpq,did:plc:uac6er53o2pvr5y2qmvaf7hw,meta-link,,at://did:plc:mqfuj6mrv2mis5ej3do6fv7c/app.bsky.actor.profile/self,2025-12-30T18:17:28.191Z
b74e545c6e0646fe905205f8f7be92d3,2026-02-24T13:00:00Z,2026-02-24T13:12:38Z,auth,auth_enUS_labelerexp,at://did:plc:mqfuj6mrv2mis5ej3do6fv7c/app.bsky.feed.post/3mflhso5t5c2r,bafyreifv3k5x5azdcitddfjqu5qfl62agwwhxjgvkn6fbp7k27mnnk2bpq,did:plc:uac6er53o2pvr5y2qmvaf7hw,meta-link,,at://did:plc:mqfuj6mrv2mis5ej3do6fv7c/app.bsky.actor.profile/self,2025-12-30T18:17:28.191Z
b74e545c6e0646fe905205f8f7be92d3,2026-02-24T13:00:00Z,2026-02-24T13:12:38Z,auth,auth_enUS_labelerexp,at://did:plc:ishfoh6z4zr4kucikm2c5s7f/app.bsky.feed.post/3mfleodpysc2f,bafyreigtnsgbes2yjiwsmrsyh4rllxxfrt6p23nq73o5n7qkqyqgjr74lq,did:plc:ishfoh6z4zr4kucikm2c5s7f,!no-unauthenticated,,at://did:plc:ishfoh6z4zr4kucikm2c5s7f/app.bsky.actor.profile/self,2024-09-17T07:45:46.814Z
b74e545c6e0646fe905205f8f7be92d3,2026-02-24T13:00:00Z,2026-02-24T13:12:38Z,auth,auth_enUS_labelerexp,at://did:plc:ishfoh6z4zr4kucikm2c5s7f/app.bsky.feed.post/3mfleodpysc2f,bafyreigtnsgbes2yjiwsmrsyh4rllxxfrt6p23nq73o5n7qkqyqgjr74lq,did:plc:ishfoh6z4zr4kucikm2c5s7f,!no-unauthenticated,,at://did:plc:ishfoh6z4zr4kucikm2c5s7f/app.bsky.actor.profile/self,2024-09-17T07:45:46.814Z
b74e545c6e0646fe905205f8f7be92d3,2026-02-24T13:00:00Z,2026-02-24T13:12:38Z,auth,auth_enUS_labelerexp,at://did:plc:ishfoh6z4zr4kucikm2c5s7f/app.bsky.feed.post/3mfleodpysc2f,bafyreigtnsgbes2yjiwsmrsyh4rllxxfrt6p23nq73o5n7qkqyqgjr74lq,did:plc:ishfoh6z4zr4kucikm2c5s7f,!no-unauthenticated,,at://did:plc:ishfoh6z4zr4kucikm2c5s7f/app.bsky.actor.profile/self,2024-09-17T07:45:46.814Z
b74e545c6e0646fe905205f8f7be92d3,2026-02-24T13:00:00Z,2026-02-24T13:12:38Z,auth,auth_enUS_labelerexp,at://did:plc:lbwojm3dsktmbtpptwpjo574/app.bsky.feed.post/3mflaz6wbdc2v,bafyreidmyy26oejldbkg5nxbncyj27mnswlnwd6wvwy2pl63rd4zhpy35u,did:plc:lbwojm3dsktmbtpptwpjo574,!no-unauthenticated,,at://did:plc:lbwojm3dsktmbtpptwpjo574/app.bsky.actor.profile/self,1970-01-01T00:00:00.000Z
b74e545c6e0646fe905205f8f7be92d3,2026-02-24T13:00:00Z,2026-02-24T13:12:38Z,auth,auth_enUS_labelerexp,at://did:plc:lbwojm3dsktmbtpptwpjo574/app.bsky.feed.post/3mflaz6wbdc2v,bafyreidmyy26oejldbkg5nxbncyj27mnswlnwd6wvwy2pl63rd4zhpy35u,did:plc:lbwojm3dsktmbtpptwpjo574,!no-unauthenticated,,at://did:plc:lbwojm3dsktmbtpptwpjo574/app.bsky.actor.profile/self,1970-01-01T00:00:00.000Z
b74e545c6e0646fe905205f8f7be92d3,2026-02-24T13:00:00Z,2026-02-24T13:12:38Z,auth,auth_enUS_labelerexp,at://did:plc:lbwojm3dsktmbtpptwpjo574/app.bsky.feed.post/3mflaz6wbdc2v,bafyreidmyy26oejldbkg5nxbncyj27mnswlnwd6wvwy2pl63rd4zhpy35u,did:plc:lbwojm3dsktmbtpptwpjo574,!no-unauthenticated,,at://did:plc:lbwojm3dsktmbtpptwpjo574/app.bsky.actor.profile/self,1970-01-01T00:00:00.000Z
b74e545c6e0646fe905205f8f7be92d3,2026-02-24T13:00:00Z,2026-02-24T13:12:38Z,auth,auth_enUS_labelerexp,at://did:plc:ishfoh6z4zr4kucikm2c5s7f/app.bsky.feed.post/3mfl67kthmi25,bafyreibckd3qrshpwld7h3zjwlnakziir2wq4vhxm7z52mkktqk4jyr7zq,did:plc:ishfoh6z4zr4kucikm2c5s7f,!no-unauthenticated,,at://did:plc:ishfoh6z4zr4kucikm2c5s7f/app.bsky.actor.profile/self,2024-09-17T07:45:46.814Z
b74e545c6e0646fe905205f8f7be92d3,2026-02-24T13:00:00Z,2026-02-24T13:12:38Z,auth,auth_enUS_labelerexp,at://did:plc:nzmnuu7z3a3pod4lambkzj6y/app.bsky.feed.post/3mfl3uingn22p,bafyreihm4uelxzkmthc7a3uk6a5kte4gtpypglcpvgum6n3a5wjyv32hqi,did:plc:nzmnuu7z3a3pod4lambkzj6y,!no-unauthenticated,,at://did:plc:nzmnuu7z3a3pod4lambkzj6y/app.bsky.actor.profile/self,1970-01-01T00:00:00.000Z
b74e545c6e0646fe905205f8f7be92d3,2026-02-24T13:00:00Z,2026-02-24T13:12:38Z,auth,auth_enUS_labelerexp,at://did:plc:ishfoh6z4zr4kucikm2c5s7f/app.bsky.feed.post/3mfl3cdechk26,bafyreieu7cybty5jmqpd4icxfbcnh7gfibwcezcb4fp2u5ez4xlgpt32xy,did:plc:ishfoh6z4zr4kucikm2c5s7f,!no-unauthenticated,,at://did:plc:ishfoh6z4zr4kucikm2c5s7f/app.bsky.actor.profile/self,2024-09-17T07:45:46.814Z
b74e545c6e0646fe905205f8f7be92d3,2026-02-24T13:00:00Z,2026-02-24T13:12:38Z,auth,auth_enUS_labelerexp,at://did:plc:ishfoh6z4zr4kucikm2c5s7f/app.bsky.feed.post/3mfl3cdechk26,bafyreieu7cybty5jmqpd4icxfbcnh7gfibwcezcb4fp2u5ez4xlgpt32xy,did:plc:ishfoh6z4zr4kucikm2c5s7f,!no-unauthenticated,,at://did:plc:ishfoh6z4zr4kucikm2c5s7f/app.bsky.actor.profile/self,2024-09-17T07:45:46.814Z
b74e545c6e0646fe905205f8f7be92d3,2026-02-24T13:00:00Z,2026-02-24T13:12:38Z,auth,auth_enUS_labelerexp,at://did:plc:ishfoh6z4zr4kucikm2c5s7f/app.bsky.feed.post/3mfl3cdechk26,bafyreieu7cybty5jmqpd4icxfbcnh7gfibwcezcb4fp2u5ez4xlgpt32xy,did:plc:ishfoh6z4zr4kucikm2c5s7f,!no-unauthenticated,,at://did:plc:ishfoh6z4zr4kucikm2c5s7f/app.bsky.actor.profile/self,2024-09-17T07:45:46.814Z
b74e545c6e0646fe905205f8f7be92d3,2026-02-24T13:00:00Z,2026-02-24T13:12:38Z,auth,auth_enUS_labelerexp,at://did:plc:nzmnuu7z3a3pod4lambkzj6y/app.bsky.feed.post/3mfl27azfws24,bafyreiegnh55y66gx3czu63gikkjrev33mst5vvzhanxcuansirspsl6ji,did:plc:nzmnuu7z3a3pod4lambkzj6y,!no-unauthenticated,,at://did:plc:nzmnuu7z3a3pod4lambkzj6y/app.bsky.actor.profile/self,1970-01-01T00:00:00.000Z
b74e545c6e0646fe905205f8f7be92d3,2026-02-24T13:00:00Z,2026-02-24T13:12:38Z,auth,auth_enUS_labelerexp,at://did:plc:nzmnuu7z3a3pod4lambkzj6y/app.bsky.feed.post/3mfl27azfws24,bafyreiegnh55y66gx3czu63gikkjrev33mst5vvzhanxcuansirspsl6ji,did:plc:nzmnuu7z3a3pod4lambkzj6y,!no-unauthenticated,,at://did:plc:nzmnuu7z3a3pod4lambkzj6y/app.bsky.actor.profile/self,1970-01-01T00:00:00.000Z
b74e545c6e0646fe905205f8f7be92d3,2026-02-24T13:00:00Z,2026-02-24T13:12:38Z,auth,auth_enUS_labelerexp,at://did:plc:nzmnuu7z3a3pod4lambkzj6y/app.bsky.feed.post/3mfl27azfws24,bafyreiegnh55y66gx3czu63gikkjrev33mst5vvzhanxcuansirspsl6ji,did:plc:nzmnuu7z3a3pod4lambkzj6y,!no-unauthenticated,,at://did:plc:nzmnuu7z3a3pod4lambkzj6y/app.bsky.actor.profile/self,1970-01-01T00:00:00.000Z
b74e545c6e0646fe905205f8f7be92d3,2026-02-24T13:00:00Z,2026-02-24T13:12:38Z,auth,auth_enUS_labelerexp,at://did:plc:zgfmkwqmb2zohvr3f46cfcwu/app.bsky.feed.post/3mfkz6q7b2s2a,bafyreif7o6nbzkda5hisba3jmihx6qdvufk52iknnbbhhhfaoelqw6fmya,did:plc:uac6er53o2pvr5y2qmvaf7hw,high-total-facet-count,,at://did:plc:zgfmkwqmb2zohvr3f46cfcwu/app.bsky.feed.post/3mfkz6q7b2s2a,2026-02-24T01:27:26.491Z
b74e545c6e0646fe905205f8f7be92d3,2026-02-24T13:00:00Z,2026-02-24T13:12:42Z,auth,auth_enUS_labelerexp,at://did:plc:n224k5cxymekvzyzkwwecab2/app.bsky.feed.post/3mfm7qrmzt222,bafyreidmudluv2cbo34xbpqycsrhpip2tjtkpo5q7j7m4b7lhjmalysnly,did:plc:uac6er53o2pvr5y2qmvaf7hw,meta-link,,at://did:plc:n224k5cxymekvzyzkwwecab2/app.bsky.actor.profile/self,2025-06-04T18:26:18.039Z
b74e545c6e0646fe905205f8f7be92d3,2026-02-24T13:00:00Z,2026-02-24T13:12:42Z,auth,auth_enUS_labelerexp,at://did:plc:c53omjn5mnzsfjyefv5yjhr4/app.bsky.feed.post/3mfm7c57asq2b,bafyreigqnimukvqfyekse7fioxbxrqk66p4xs7batuxtbth6izrajwh2ne,did:plc:ar7c4by46qjdydhdevvrndac,needs-review,,did:plc:c53omjn5mnzsfjyefv5yjhr4,2026-02-24T06:57:51.253Z
b74e545c6e0646fe905205f8f7be92d3,2026-02-24T13:00:00Z,2026-02-24T13:12:42Z,auth,auth_enUS_labelerexp,at://did:plc:c53omjn5mnzsfjyefv5yjhr4/app.bsky.feed.post/3mfm73sirgi2b,bafyreicmcpa6mw2fqsquwzgr23sor2u3m44zsimnvfiibbtjmawp2bbnbm,did:plc:ar7c4by46qjdydhdevvrndac,needs-review,,did:plc:c53omjn5mnzsfjyefv5yjhr4,2026-02-24T06:57:51.253Z
b74e545c6e0646fe905205f8f7be92d3,2026-02-24T13:00:00Z,2026-02-24T13:12:42Z,auth,auth_enUS_labelerexp,at://did:plc:ecebbclbokbqnjqifqprsmw5/app.bsky.feed.post/3mfm6v4vvrc2l,bafyreidopydlyzitrqtjq6gyrolrwvpzpkxis3aesspw2klci6r5yx6r2u,did:plc:ecebbclbokbqnjqifqprsmw5,!no-unauthenticated,,at://did:plc:ecebbclbokbqnjqifqprsmw5/app.bsky.actor.profile/self,2024-09-17T15:48:00.229Z
b74e545c6e0646fe905205f8f7be92d3,2026-02-24T13:00:00Z,2026-02-24T13:12:42Z,auth,auth_enUS_labelerexp,at://did:plc:lc6hdhnjkgccd6ysi7e23pll/app.bsky.feed.post/3mflykty3ma2f,bafyreiafffd2or4kahsobhixuncqttz4eurlaymru4nk53ouppqheu3mvi,did:plc:uac6er53o2pvr5y2qmvaf7hw,disinfo,,did:plc:lc6hdhnjkgccd6ysi7e23pll,2025-01-07T14:50:45.375Z
b74e545c6e0646fe905205f8f7be92d3,2026-02-24T13:00:00Z,2026-02-24T13:12:42Z,auth,auth_enUS_labelerexp,at://did:plc:lc6hdhnjkgccd6ysi7e23pll/app.bsky.feed.post/3mflykty3ma2f,bafyreiafffd2or4kahsobhixuncqttz4eurlaymru4nk53ouppqheu3mvi,did:plc:uac6er53o2pvr5y2qmvaf7hw,disruptive,,did:plc:lc6hdhnjkgccd6ysi7e23pll,2025-01-07T14:50:45.375Z
b74e545c6e0646fe905205f8f7be92d3,2026-02-24T13:00:00Z,2026-02-24T13:12:42Z,auth,auth_enUS_labelerexp,at://did:plc:xc7qq6exm4pyvxfjlukzpmv3/app.bsky.feed.post/3mflxaj64fc27,bafyreieieq2wpnjpm6cazo37umwjyatbdlng2lltfpfag5uqks432n2j44,did:plc:l624mewisyr6hymexmrjkprc,artistdesigner,,did:plc:xc7qq6exm4pyvxfjlukzpmv3,2026-01-04T13:10:05.451Z
b74e545c6e0646fe905205f8f7be92d3,2026-02-24T13:00:00Z,2026-02-24T13:12:42Z,auth,auth_enUS_labelerexp,at://did:plc:xc7qq6exm4pyvxfjlukzpmv3/app.bsky.feed.post/3mflxaj64fc27,bafyreieieq2wpnjpm6cazo37umwjyatbdlng2lltfpfag5uqks432n2j44,did:plc:xc7qq6exm4pyvxfjlukzpmv3,!no-unauthenticated,,at://did:plc:xc7qq6exm4pyvxfjlukzpmv3/app.bsky.actor.profile/self,1970-01-01T00:00:00.000Z
b74e545c6e0646fe905205f8f7be92d3,2026-02-24T13:00:00Z,2026-02-24T13:12:42Z,auth,auth_enUS_labelerexp,at://did:plc:c53omjn5mnzsfjyefv5yjhr4/app.bsky.feed.post/3mflt6spjom2x,bafyreihmbag2b6wv4de42aw5xyyw77mphtyt2okt6uitkmq7k3pma62rs4,did:plc:ar7c4by46qjdydhdevvrndac,needs-review,,did:plc:c53omjn5mnzsfjyefv5yjhr4,2026-02-24T06:57:51.253Z
b74e545c6e0646fe905205f8f7be92d3,2026-02-24T13:00:00Z,2026-02-24T13:12:42Z,auth,auth_enUS_labelerexp,at://did:plc:c53omjn5mnzsfjyefv5yjhr4/app.bsky.feed.post/3mfls63s4d32u,bafyreihk2q6dxcohknhgmklfpb6kjubd22fzmq22dovhldjuurlicwsrw4,did:plc:ar7c4by46qjdydhdevvrndac,needs-review,,did:plc:c53omjn5mnzsfjyefv5yjhr4,2026-02-24T06:57:51.253Z
b74e545c6e0646fe905205f8f7be92d3,2026-02-24T13:00:00Z,2026-02-24T13:12:42Z,auth,auth_enUS_labelerexp,at://did:plc:c53omjn5mnzsfjyefv5yjhr4/app.bsky.feed.post/3mflovmmajp2h,bafyreiamekixico77gkkpmf3uuttsmhrtfrk4u3a4tgb2sokojrgk4tgzq,did:plc:ar7c4by46qjdydhdevvrndac,needs-review,,did:plc:c53omjn5mnzsfjyefv5yjhr4,2026-02-24T06:57:51.253Z
b74e545c6e0646fe905205f8f7be92d3,2026-02-24T13:00:00Z,2026-02-24T13:12:42Z,auth,auth_enUS_labelerexp,at://did:plc:c53omjn5mnzsfjyefv5yjhr4/app.bsky.feed.post/3mfljxejv2x2c,bafyreid7yk4fkriry2yq6jsdctwfzyg2k4jhf7vgxwgjmqjysnwyzo6owy,did:plc:ar7c4by46qjdydhdevvrndac,needs-review,,did:plc:c53omjn5mnzsfjyefv5yjhr4,2026-02-24T06:57:51.253Z
b74e545c6e0646fe905205f8f7be92d3,2026-02-24T13:00:00Z,2026-02-24T13:12:42Z,auth,auth_enUS_labelerexp,at://did:plc:egsjo4fvwfc54m2jd5gvh7gp/app.bsky.feed.post/3mflijuhkbs22,bafyreifprfnnrqbcgr3onxq4q54yi2gd3li2ztkzdz5e2yruqbyanl4xtm,did:plc:uac6er53o2pvr5y2qmvaf7hw,meta-link,,at://did:plc:egsjo4fvwfc54m2jd5gvh7gp/app.bsky.actor.profile/self,2025-12-08T08:37:12.944Z
b74e545c6e0646fe905205f8f7be92d3,2026-02-24T13:00:00Z,2026-02-24T13:12:42Z,auth,auth_enUS_labelerexp,at://did:plc:egsjo4fvwfc54m2jd5gvh7gp/app.bsky.feed.post/3mflijuhkbs22,bafyreifprfnnrqbcgr3onxq4q54yi2gd3li2ztkzdz5e2yruqbyanl4xtm,did:plc:uac6er53o2pvr5y2qmvaf7hw,x-link,,at://did:plc:egsjo4fvwfc54m2jd5gvh7gp/app.bsky.actor.profile/self,2025-12-08T08:37:12.944Z
b74e545c6e0646fe905205f8f7be92d3,2026-02-24T13:00:00Z,2026-02-24T13:12:42Z,auth,auth_enUS_labelerexp,at://did:plc:3wtiapoyb2yvcekxuwacemyk/app.bsky.feed.post/3mflhmd52ns2u,bafyreibymufo6cxyol7iutvvbhwlafjgetnkclhmctmh5rzz6i7au4eovm,did:plc:3wtiapoyb2yvcekxuwacemyk,!no-unauthenticated,,at://did:plc:3wtiapoyb2yvcekxuwacemyk/app.bsky.actor.profile/self,2024-04-07T10:02:07.124Z
b74e545c6e0646fe905205f8f7be92d3,2026-02-24T13:00:00Z,2026-02-24T13:12:42Z,auth,auth_enUS_labelerexp,at://did:plc:kpgy7rvojp4v2b76lo3xi7wz/app.bsky.feed.post/3mflajjrlis2u,bafyreighlspww6jmzntqsh3vjfd4pl7ufu5zcl22jhoomy6ivms5523b74,did:plc:kpgy7rvojp4v2b76lo3xi7wz,!no-unauthenticated,,at://did:plc:kpgy7rvojp4v2b76lo3xi7wz/app.bsky.actor.profile/self,2025-01-13T07:25:37.139Z
b74e545c6e0646fe905205f8f7be92d3,2026-02-24T13:00:00Z,2026-02-24T13:12:42Z,auth,auth_enUS_labelerexp,at://did:plc:eklmp2sae3nlzksfwkllcdlm/app.bsky.feed.post/3mfkrqpyxpk2x,bafyreiavfgxbqp7eg6ef67dluafjkqlkr3ynodyggpsx3ouzyf5rrfvosa,did:plc:eklmp2sae3nlzksfwkllcdlm,!no-unauthenticated,,at://did:plc:eklmp2sae3nlzksfwkllcdlm/app.bsky.actor.profile/self,1970-01-01T00:00:00.000Z
b74e545c6e0646fe905205f8f7be92d3,2026-02-24T13:00:00Z,2026-02-24T13:12:43Z,auth,auth_enUS_labelerexp,at://did:plc:47jzgw5ylwvwym2senumaluy/app.bsky.feed.post/3mflehj5gkc2p,bafyreied2o4ngkvy4e4erleikqhyaeaftohjrkmi2av4fbg5pzw4pbf4eu,did:plc:47jzgw5ylwvwym2senumaluy,!no-unauthenticated,,at://did:plc:47jzgw5ylwvwym2senumaluy/app.bsky.actor.profile/self,1970-01-01T00:00:00.000Z
b74e545c6e0646fe905205f8f7be92d3,2026-02-24T13:00:00Z,2026-02-24T13:12:43Z,auth,auth_enUS_labelerexp,at://did:plc:db2lox7kcdrxvz564ya62upe/app.bsky.feed.post/3mfkqngnrmc23,bafyreiaq2gkg7t2bs23kjyxc43g3erhwilyurd7b5c5pshr3i4r5q7bwn4,did:plc:db2lox7kcdrxvz564ya62upe,!no-unauthenticated,,at://did:plc:db2lox7kcdrxvz564ya62upe/app.bsky.actor.profile/self,1970-01-01T00:00:00.000Z
b74e545c6e0646fe905205f8f7be92d3,2026-02-24T13:00:00Z,2026-02-24T13:12:43Z,auth,auth_enUS_labelerexp,at://did:plc:5rn5jqr2obzbmrulm35yzv2r/app.bsky.feed.post/3mfk4fc337k2w,bafyreihmfiwjx6kml6qgy6jvjgu2pwkdfqfojoybzngk53twugdgb26nca,did:plc:5rn5jqr2obzbmrulm35yzv2r,!no-unauthenticated,,at://did:plc:5rn5jqr2obzbmrulm35yzv2r/app.bsky.actor.profile/self,1970-01-01T00:00:00.000Z
b74e545c6e0646fe905205f8f7be92d3,2026-02-24T13:00:00Z,2026-02-24T13:12:43Z,auth,auth_enUS_labelerexp,at://did:plc:5rn5jqr2obzbmrulm35yzv2r/app.bsky.feed.post/3mfjloeamw22c,bafyreidmot23ijozlruz6hfymr47xhhhnedvx3pkcyfak7qji7btqxu6sq,did:plc:5rn5jqr2obzbmrulm35yzv2r,!no-unauthenticated,,at://did:plc:5rn5jqr2obzbmrulm35yzv2r/app.bsky.actor.profile/self,1970-01-01T00:00:00.000Z
b74e545c6e0646fe905205f8f7be92d3,2026-02-24T13:00:00Z,2026-02-24T13:12:43Z,auth,auth_enUS_labelerexp,at://did:plc:eyxe3kye7ceiqqg5allx5rhe/app.bsky.feed.post/3mfiogvbujk24,bafyreifgvaubmz3zo7m5oxuqcd453z7a2wng3mib7vvkpuhvgxfcn6xviu,did:plc:eyxe3kye7ceiqqg5allx5rhe,!no-unauthenticated,,at://did:plc:eyxe3kye7ceiqqg5allx5rhe/app.bsky.actor.profile/self,1970-01-01T00:00:00.000Z
b74e545c6e0646fe905205f8f7be92d3,2026-02-24T13:00:00Z,2026-02-24T13:12:43Z,auth,auth_enUS_labelerexp,at://did:plc:qv7km5t73gzc6yj5jyslmyey/app.bsky.feed.post/3mfibvhgp4c2m,bafyreieof24dhkgi7wjqyueztld7lzbtiiifwsc77ahvo2kgmztpl3fcum,did:plc:qv7km5t73gzc6yj5jyslmyey,!no-unauthenticated,,at://did:plc:qv7km5t73gzc6yj5jyslmyey/app.bsky.actor.profile/self,2024-11-12T04:56:58.619Z
b74e545c6e0646fe905205f8f7be92d3,2026-02-24T13:00:00Z,2026-02-24T13:12:43Z,auth,auth_enUS_labelerexp,at://did:plc:sayeevaewowlo5wcdinp2mqy/app.bsky.feed.post/3mfhg5o64c22t,bafyreifluegerhl5qc5rgrciq7z3dxuukbch5ds7xmxb6zdcmc6zghspn4,did:plc:sayeevaewowlo5wcdinp2mqy,!no-unauthenticated,,at://did:plc:sayeevaewowlo5wcdinp2mqy/app.bsky.actor.profile/self,1970-01-01T00:00:00.000Z
b74e545c6e0646fe905205f8f7be92d3,2026-02-24T13:00:00Z,2026-02-24T13:12:43Z,auth,auth_enUS_labelerexp,at://did:plc:h4piuk6qyq5leaeshqz7p3lp/app.bsky.feed.post/3mfhec4dg3223,bafyreibhzhuhin6hbj6s2g3jezifqycs3umizq4u3iogyfl3a37awmvz4e,did:plc:h4piuk6qyq5leaeshqz7p3lp,!no-unauthenticated,,at://did:plc:h4piuk6qyq5leaeshqz7p3lp/app.bsky.actor.profile/self,2024-11-26T02:16:37.309Z
b74e545c6e0646fe905205f8f7be92d3,2026-02-24T13:00:00Z,2026-02-24T13:12:43Z,auth,auth_enUS_labelerexp,at://did:plc:h4wxe5vtfbthqedl2si5wehd/app.bsky.feed.post/3mffp26mf5s2t,bafyreif4qfb6m46ncfdzuismdxd6f6nrbwylfny5fbd5pke7yqghzan2hq,did:plc:h4wxe5vtfbthqedl2si5wehd,!no-unauthenticated,,at://did:plc:h4wxe5vtfbthqedl2si5wehd/app.bsky.actor.profile/self,1970-01-01T00:00:00.000Z
b74e545c6e0646fe905205f8f7be92d3,2026-02-24T13:00:00Z,2026-02-24T13:12:45Z,auth,auth_enUS_labelerexp,at://did:plc:t7yh7zafpkiio45c2ney6sr3/app.bsky.feed.post/3mfma3ews2s2g,bafyreifzib6ntu3aov3ejfgptn4fzuierl2cw7p7qyvbdf7sldjgqddeca,did:plc:l624mewisyr6hymexmrjkprc,artistdesigner,,did:plc:t7yh7zafpkiio45c2ney6sr3,2025-02-26T12:12:28.637Z
b74e545c6e0646fe905205f8f7be92d3,2026-02-24T13:00:00Z,2026-02-24T13:12:45Z,auth,auth_enUS_labelerexp,at://did:plc:t7yh7zafpkiio45c2ney6sr3/app.bsky.feed.post/3mfma3ews2s2g,bafyreifzib6ntu3aov3ejfgptn4fzuierl2cw7p7qyvbdf7sldjgqddeca,did:plc:t7yh7zafpkiio45c2ney6sr3,!no-unauthenticated,,at://did:plc:t7yh7zafpkiio45c2ney6sr3/app.bsky.actor.profile/self,1970-01-01T00:00:00.000Z
b74e545c6e0646fe905205f8f7be92d3,2026-02-24T13:00:00Z,2026-02-24T13:12:45Z,auth,auth_enUS_labelerexp,at://did:plc:px7buha6moytfj2dvs5hjfcx/app.bsky.feed.post/3mfm7vj4rqs2t,bafyreiaib4hxnz5d3p6svkpbdhkfe7mfwrwp3khs7e2il5snozbpjxndjm,did:plc:uac6er53o2pvr5y2qmvaf7hw,telegram-link,,at://did:plc:px7buha6moytfj2dvs5hjfcx/app.bsky.actor.profile/self,2025-07-12T01:42:23.531Z
b74e545c6e0646fe905205f8f7be92d3,2026-02-24T13:00:00Z,2026-02-24T13:12:45Z,auth,auth_enUS_labelerexp,at://did:plc:5yeuw7ef6yf42d7n463tgu2p/app.bsky.feed.post/3mfm7tlgd522w,bafyreidxvs3pterb4sgzubkunvaxi3ixfm4fqtswv6prnkj4p67i4mlgoi,did:plc:5yeuw7ef6yf42d7n463tgu2p,!no-unauthenticated,,at://did:plc:5yeuw7ef6yf42d7n463tgu2p/app.bsky.actor.profile/self,1970-01-01T00:00:00.000Z
b74e545c6e0646fe905205f8f7be92d3,2026-02-24T13:00:00Z,2026-02-24T13:12:45Z,auth,auth_enUS_labelerexp,at://did:plc:lvmujp4sd3zi3kfp7fwudosu/app.bsky.feed.post/3mfm5hyqml227,bafyreibwbnou33cr5tf577xztyg3etmkqaxr5w5nbqiwdcg5i3eg3am5oi,did:plc:ar7c4by46qjdydhdevvrndac,porn,,at://did:plc:lvmujp4sd3zi3kfp7fwudosu/app.bsky.feed.post/3mfm5hyqml227,2026-02-24T12:17:06.900Z
b74e545c6e0646fe905205f8f7be92d3,2026-02-24T13:00:00Z,2026-02-24T13:12:45Z,auth,auth_enUS_labelerexp,at://did:plc:uonbkxi6x3qtrpurg5cqbbaw/app.bsky.feed.post/3mfm5bqbfe22j,bafyreieqaxr52kcnvbhnd6btzqrwyzs7wwbaaluhbpekm3rnlpeqhfwvey,did:plc:uac6er53o2pvr5y2qmvaf7hw,telegram-link,,at://did:plc:uonbkxi6x3qtrpurg5cqbbaw/app.bsky.actor.profile/self,2025-07-03T13:52:30.081Z
b74e545c6e0646fe905205f8f7be92d3,2026-02-24T13:00:00Z,2026-02-24T13:12:45Z,auth,auth_enUS_labelerexp,at://did:plc:kwi7j36ee4opicpm7a55askz/app.bsky.feed.post/3mfm54pd2w22k,bafyreiamiouelnihvwj6ekied7txb6z3zvckpt7qxbn4dfapmlsaxtzgee,did:plc:uac6er53o2pvr5y2qmvaf7hw,altrightlink,,at://did:plc:kwi7j36ee4opicpm7a55askz/app.bsky.actor.profile/self,2025-03-31T16:21:22.500Z
b74e545c6e0646fe905205f8f7be92d3,2026-02-24T13:00:00Z,2026-02-24T13:12:45Z,auth,auth_enUS_labelerexp,at://did:plc:kcdhd7tzyz2deubf3jzojwi4/app.bsky.feed.post/3mfm422oyk222,bafyreignw7pia62wasnj5pfjejz7z5dcinvis7clth5ghsuye3iwkwnkcu,did:plc:l624mewisyr6hymexmrjkprc,animator,,did:plc:kcdhd7tzyz2deubf3jzojwi4,2025-01-23T11:47:30.362Z
b74e545c6e0646fe905205f8f7be92d3,2026-02-24T13:00:00Z,2026-02-24T13:12:45Z,auth,auth_enUS_labelerexp,at://did:plc:kcdhd7tzyz2deubf3jzojwi4/app.bsky.feed.post/3mfm422oyk222,bafyreignw7pia62wasnj5pfjejz7z5dcinvis7clth5ghsuye3iwkwnkcu,did:plc:l624mewisyr6hymexmrjkprc,artistdesigner,,did:plc:kcdhd7tzyz2deubf3jzojwi4,2025-01-23T11:47:25.728Z
b74e545c6e0646fe905205f8f7be92d3,2026-02-24T13:00:00Z,2026-02-24T13:12:45Z,auth,auth_enUS_labelerexp,at://did:plc:6i53ayp6qg7gck5qghkmpbfg/app.bsky.feed.post/3mfm3gnwao227,bafyreibljb4725p7ab6flztcf2loy2ztkhphhvr53c5ydk2o5rqnfc2giq,did:plc:l624mewisyr6hymexmrjkprc,artistdesigner,,did:plc:6i53ayp6qg7gck5qghkmpbfg,2024-10-22T14:22:22.924Z
b74e545c6e0646fe905205f8f7be92d3,2026-02-24T13:00:00Z,2026-02-24T13:12:45Z,auth,auth_enUS_labelerexp,at://did:plc:u4dymgr62prwc3exdjjtl2pb/app.bsky.feed.post/3mfm2biepyc2u,bafyreiemaxj23slputeb24gzisszomc42er5tpbustk5jhf5bxlkxrvo3q,did:plc:uac6er53o2pvr5y2qmvaf7hw,telegram-link,,at://did:plc:u4dymgr62prwc3exdjjtl2pb/app.bsky.actor.profile/self,2025-05-10T05:46:25.382Z
b74e545c6e0646fe905205f8f7be92d3,2026-02-24T13:00:00Z,2026-02-24T13:12:45Z,auth,auth_enUS_labelerexp,at://did:plc:stim4ufjkcvzlpd65y4ke3xl/app.bsky.feed.post/3mflylq2gmc2s,bafyreigeixo4kwvbehfptypfb4edxcekr5yy6rynzeyu2g55cuju7mj6iq,did:plc:stim4ufjkcvzlpd65y4ke3xl,!no-unauthenticated,,at://did:plc:stim4ufjkcvzlpd65y4ke3xl/app.bsky.actor.profile/self,2024-06-12T00:40:20.744Z
b74e545c6e0646fe905205f8f7be92d3,2026-02-24T13:00:00Z,2026-02-24T13:12:45Z,auth,auth_enUS_labelerexp,at://did:plc:ydt6aq2blvt7s3jndr3ulbdv/app.bsky.feed.post/3mfly47qos22d,bafyreihnp6qaquyhg3x655h6znt6g3sizgwttaexcu3v7dkf3upncxh34m,did:plc:ar7c4by46qjdydhdevvrndac,sexual,,at://did:plc:ydt6aq2blvt7s3jndr3ulbdv/app.bsky.feed.post/3mfly47qos22d,2026-02-24T10:40:38.266Z
b74e545c6e0646fe905205f8f7be92d3,2026-02-24T13:00:00Z,2026-02-24T13:12:45Z,auth,auth_enUS_labelerexp,at://did:plc:hya7o6d5alljtgkovhysxao3/app.bsky.feed.post/3mflv27bkqk22,bafyreidjiot7kz6dgsaemolfj3mwbzdxvscwzt2nb7tldd6lcgpzbsnakq,did:plc:l624mewisyr6hymexmrjkprc,animator,,did:plc:hya7o6d5alljtgkovhysxao3,2024-10-22T04:15:32.003Z
b74e545c6e0646fe905205f8f7be92d3,2026-02-24T13:00:00Z,2026-02-24T13:12:45Z,auth,auth_enUS_labelerexp,at://did:plc:hya7o6d5alljtgkovhysxao3/app.bsky.feed.post/3mflv27bkqk22,bafyreidjiot7kz6dgsaemolfj3mwbzdxvscwzt2nb7tldd6lcgpzbsnakq,did:plc:l624mewisyr6hymexmrjkprc,artistdesigner,,did:plc:hya7o6d5alljtgkovhysxao3,2024-10-22T04:15:40.932Z
b74e545c6e0646fe905205f8f7be92d3,2026-02-24T13:00:00Z,2026-02-24T13:12:45Z,auth,auth_enUS_labelerexp,at://did:plc:o5mvzxgjckjsubiipjabktga/app.bsky.feed.post/3mfluuc33lc2m,bafyreihkfwf5otqfaaxfpgkbsaa7f3exi2dcogkm273wrmxj5xjivsgacq,did:plc:uac6er53o2pvr5y2qmvaf7hw,telegram-link,,at://did:plc:o5mvzxgjckjsubiipjabktga/app.bsky.actor.profile/self,2025-11-12T17:17:17.543Z
b74e545c6e0646fe905205f8f7be92d3,2026-02-24T13:00:00Z,2026-02-24T13:12:45Z,auth,auth_enUS_labelerexp,at://did:plc:o5mvzxgjckjsubiipjabktga/app.bsky.feed.post/3mfluuc33lc2m,bafyreihkfwf5otqfaaxfpgkbsaa7f3exi2dcogkm273wrmxj5xjivsgacq,did:plc:uac6er53o2pvr5y2qmvaf7hw,x-link,,at://did:plc:o5mvzxgjckjsubiipjabktga/app.bsky.actor.profile/self,2025-11-12T17:17:17.543Z
b74e545c6e0646fe905205f8f7be92d3,2026-02-24T13:00:00Z,2026-02-24T13:12:45Z,auth,auth_enUS_labelerexp,at://did:plc:xmjpozryf6cvtln62ic3d5ko/app.bsky.feed.post/3mflqne3nju2c,bafyreifizxa4djg72wczzcktofynailcrne7lsrjaxy6iap4mjpktbzc34,did:plc:uac6er53o2pvr5y2qmvaf7hw,blocks,,did:plc:xmjpozryf6cvtln62ic3d5ko,2025-05-15T04:42:17.467Z
b74e545c6e0646fe905205f8f7be92d3,2026-02-24T13:00:00Z,2026-02-24T13:12:45Z,auth,auth_enUS_labelerexp,at://did:plc:xmjpozryf6cvtln62ic3d5ko/app.bsky.feed.post/3mflqne3nju2c,bafyreifizxa4djg72wczzcktofynailcrne7lsrjaxy6iap4mjpktbzc34,did:plc:uac6er53o2pvr5y2qmvaf7hw,telegram-link,,at://did:plc:xmjpozryf6cvtln62ic3d5ko/app.bsky.actor.profile/self,2025-06-14T15:00:17.641Z
b74e545c6e0646fe905205f8f7be92d3,2026-02-24T13:00:00Z,2026-02-24T13:12:46Z,auth,auth_enUS_labelerexp,at://did:plc:qwmiudq7svopdrugi4nmfj2x/app.bsky.feed.post/3mfm7rpcfpc23,bafyreidtlbkaqrtg4v5tcse7r5xbkwqtsfg4iqiq5boog2y2d6aomet2qu,did:plc:ar7c4by46qjdydhdevvrndac,porn,,at://did:plc:qwmiudq7svopdrugi4nmfj2x/app.bsky.feed.post/3mfm7rpcfpc23,2026-02-24T12:57:52.037Z
b74e545c6e0646fe905205f8f7be92d3,2026-02-24T13:00:00Z,2026-02-24T13:12:46Z,auth,auth_enUS_labelerexp,at://did:plc:qwmiudq7svopdrugi4nmfj2x/app.bsky.feed.post/3mfm7rpcfpc23,bafyreidtlbkaqrtg4v5tcse7r5xbkwqtsfg4iqiq5boog2y2d6aomet2qu,did:plc:qwmiudq7svopdrugi4nmfj2x,porn,,at://did:plc:qwmiudq7svopdrugi4nmfj2x/app.bsky.feed.post/3mfm7rpcfpc23,2026-02-24T12:57:50.393Z
b74e545c6e0646fe905205f8f7be92d3,2026-02-24T13:00:00Z,2026-02-24T13:12:46Z,auth,auth_enUS_labelerexp,at://did:plc:qwmiudq7svopdrugi4nmfj2x/app.bsky.feed.post/3mfm7rpcfpc23,bafyreidtlbkaqrtg4v5tcse7r5xbkwqtsfg4iqiq5boog2y2d6aomet2qu,did:plc:ar7c4by46qjdydhdevvrndac,sexual,,at://did:plc:qwmiudq7svopdrugi4nmfj2x/app.bsky.actor.profile/self,2025-08-06T03:46:06.978Z
b74e545c6e0646fe905205f8f7be92d3,2026-02-24T13:00:00Z,2026-02-24T13:12:46Z,auth,auth_enUS_labelerexp,at://did:plc:snfdzni6vmbklry55fjiacbi/app.bsky.feed.post/3mfm6mqznbc2n,bafyreihlj2fbjg5ykjmids55k235mvh7ftrpn6dmt6ww5xrdr7kcyxmazq,did:plc:snfdzni6vmbklry55fjiacbi,!no-unauthenticated,,at://did:plc:snfdzni6vmbklry55fjiacbi/app.bsky.actor.profile/self,1970-01-01T00:00:00.000Z
b74e545c6e0646fe905205f8f7be92d3,2026-02-24T13:00:00Z,2026-02-24T13:12:46Z,auth,auth_enUS_labelerexp,at://did:plc:qxgdci6ysoxu6u7yi5woz4nc/app.bsky.feed.post/3mfm67osapk2u,bafyreigtfjycplvauqonfz5widxvbeuoncu4mwui4wtqw7szhn66dtkfne,did:plc:uac6er53o2pvr5y2qmvaf7hw,high-hashtag-count,,at://did:plc:qxgdci6ysoxu6u7yi5woz4nc/app.bsky.feed.post/3mfm67osapk2u,2026-02-24T12:30:00.966Z
b74e545c6e0646fe905205f8f7be92d3,2026-02-24T13:00:00Z,2026-02-24T13:12:46Z,auth,auth_enUS_labelerexp,at://did:plc:qxgdci6ysoxu6u7yi5woz4nc/app.bsky.feed.post/3mfm67osapk2u,bafyreigtfjycplvauqonfz5widxvbeuoncu4mwui4wtqw7szhn66dtkfne,did:plc:uac6er53o2pvr5y2qmvaf7hw,high-total-facet-count,,at://did:plc:qxgdci6ysoxu6u7yi5woz4nc/app.bsky.feed.post/3mfm67osapk2u,2026-02-24T12:30:00.503Z
b74e545c6e0646fe905205f8f7be92d3,2026-02-24T13:00:00Z,2026-02-24T13:12:46Z,auth,auth_enUS_labelerexp,at://did:plc:qxgdci6ysoxu6u7yi5woz4nc/app.bsky.feed.post/3mfm67osapk2u,bafyreigtfjycplvauqonfz5widxvbeuoncu4mwui4wtqw7szhn66dtkfne,did:plc:qxgdci6ysoxu6u7yi5woz4nc,sexual,,at://did:plc:qxgdci6ysoxu6u7yi5woz4nc/app.bsky.feed.post/3mfm67osapk2u,2026-02-24T12:29:52.141Z
b74e545c6e0646fe905205f8f7be92d3,2026-02-24T13:00:00Z,2026-02-24T13:12:46Z,auth,auth_enUS_labelerexp,at://did:plc:qxgdci6ysoxu6u7yi5woz4nc/app.bsky.feed.post/3mfm67osapk2u,bafyreigtfjycplvauqonfz5widxvbeuoncu4mwui4wtqw7szhn66dtkfne,did:plc:ar7c4by46qjdydhdevvrndac,sexual,,at://did:plc:qxgdci6ysoxu6u7yi5woz4nc/app.bsky.actor.profile/self,2025-11-16T17:55:09.336Z
b74e545c6e0646fe905205f8f7be92d3,2026-02-24T13:00:00Z,2026-02-24T13:12:46Z,auth,auth_enUS_labelerexp,at://did:plc:4eiokjs7nfwlgblqmu67k6t6/app.bsky.feed.post/3mfm5mda5ey27,bafyreibb7us4aymfsarxfcngj6u3corglg7bhub2bjm6zlhlt4krnwcr2i,did:plc:ar7c4by46qjdydhdevvrndac,sexual,,at://did:plc:4eiokjs7nfwlgblqmu67k6t6/app.bsky.feed.post/3mfm5mda5ey27,2026-02-24T12:19:05.090Z
b74e545c6e0646fe905205f8f7be92d3,2026-02-24T13:00:00Z,2026-02-24T13:12:46Z,auth,auth_enUS_labelerexp,at://did:plc:uqof4upv4gmleo3i4yvhxci2/app.bsky.feed.post/3mfm3npurmk22,bafyreie3fcycappmuzcggrttcasf3zisu2bxyki52ttiybyngcspzobocm,did:plc:uqof4upv4gmleo3i4yvhxci2,!no-unauthenticated,,at://did:plc:uqof4upv4gmleo3i4yvhxci2/app.bsky.actor.profile/self,1970-01-01T00:00:00.000Z
b74e545c6e0646fe905205f8f7be92d3,2026-02-24T13:00:00Z,2026-02-24T13:12:46Z,auth,auth_enUS_labelerexp,at://did:plc:27ne33sghinyz3mduuq53tga/app.bsky.feed.post/3mflyrxbiks2d,bafyreihntgig5g5aagaqzjtemxdbirl3j6z34h4lo7lx2mza2mulajdusy,did:plc:ar7c4by46qjdydhdevvrndac,porn,,at://did:plc:27ne33sghinyz3mduuq53tga/app.bsky.feed.post/3mflyrxbiks2d,2026-02-24T10:52:44.972Z
b74e545c6e0646fe905205f8f7be92d3,2026-02-24T13:00:00Z,2026-02-24T13:12:46Z,auth,auth_enUS_labelerexp,at://did:plc:27ne33sghinyz3mduuq53tga/app.bsky.feed.post/3mflyrxbiks2d,bafyreihntgig5g5aagaqzjtemxdbirl3j6z34h4lo7lx2mza2mulajdusy,did:plc:ar7c4by46qjdydhdevvrndac,porn,,at://did:plc:27ne33sghinyz3mduuq53tga/app.bsky.actor.profile/self,2026-02-22T00:07:45.996Z
b74e545c6e0646fe905205f8f7be92d3,2026-02-24T13:00:00Z,2026-02-24T13:12:46Z,auth,auth_enUS_labelerexp,at://did:plc:leizlfoyotjos2ujv7nvc35x/app.bsky.feed.post/3mfluw6lqac2c,bafyreid43tibd54ymv7euxsr4sy5hhtezyfdv7w4js6tljrcrkxqdlrbbq,did:plc:ar7c4by46qjdydhdevvrndac,porn,,at://did:plc:leizlfoyotjos2ujv7nvc35x/app.bsky.feed.post/3mfluw6lqac2c,2026-02-24T09:43:39.944Z
b74e545c6e0646fe905205f8f7be92d3,2026-02-24T13:00:00Z,2026-02-24T13:12:46Z,auth,auth_enUS_labelerexp,at://did:plc:xray25hajj2oyer2bljcqisn/app.bsky.feed.post/3mfluhb4dsk2s,bafyreiheuoax6hc7tdwqtgg5ndps7poyz3aatqx7zqbqyoo2bmivovfkle,did:plc:xray25hajj2oyer2bljcqisn,porn,,at://did:plc:xray25hajj2oyer2bljcqisn/app.bsky.feed.post/3mfluhb4dsk2s,2026-02-24T09:35:08.804Z
b74e545c6e0646fe905205f8f7be92d3,2026-02-24T13:00:00Z,2026-02-24T13:12:46Z,auth,auth_enUS_labelerexp,at://did:plc:edqprsxm63q3k745r7txilh5/app.bsky.feed.post/3mflsoyj2gc2s,bafyreiguy2rhs2qdckfqmoxkbs5cmimv7xhwklu4q5ymkc7yn2hvyoytza,did:plc:ar7c4by46qjdydhdevvrndac,porn,,at://did:plc:edqprsxm63q3k745r7txilh5/app.bsky.feed.post/3mflsoyj2gc2s,2026-02-24T09:03:41.925Z
b74e545c6e0646fe905205f8f7be92d3,2026-02-24T13:00:00Z,2026-02-24T13:12:46Z,auth,auth_enUS_labelerexp,at://did:plc:edqprsxm63q3k745r7txilh5/app.bsky.feed.post/3mflsoyj2gc2s,bafyreiguy2rhs2qdckfqmoxkbs5cmimv7xhwklu4q5ymkc7yn2hvyoytza,did:plc:ar7c4by46qjdydhdevvrndac,sexual,,at://did:plc:edqprsxm63q3k745r7txilh5/app.bsky.feed.post/3mflsoyj2gc2s,2026-02-24T09:03:41.925Z
b74e545c6e0646fe905205f8f7be92d3,2026-02-24T13:00:00Z,2026-02-24T13:12:46Z,auth,auth_enUS_labelerexp,at://did:plc:edqprsxm63q3k745r7txilh5/app.bsky.feed.post/3mflsoyj2gc2s,bafyreiguy2rhs2qdckfqmoxkbs5cmimv7xhwklu4q5ymkc7yn2hvyoytza,did:plc:edqprsxm63q3k745r7txilh5,porn,,at://did:plc:edqprsxm63q3k745r7txilh5/app.bsky.feed.post/3mflsoyj2gc2s,2026-02-24T09:03:40.741Z
b74e545c6e0646fe905205f8f7be92d3,2026-02-24T13:00:00Z,2026-02-24T13:12:46Z,auth,auth_enUS_labelerexp,at://did:plc:edqprsxm63q3k745r7txilh5/app.bsky.feed.post/3mflsnq6jkc2s,bafyreihnljnrt4uunwqak7ancbapzoug27gl7uvthitnksidhb4igbd4iy,did:plc:ar7c4by46qjdydhdevvrndac,porn,,at://did:plc:edqprsxm63q3k745r7txilh5/app.bsky.feed.post/3mflsnq6jkc2s,2026-02-24T09:02:59.942Z
b74e545c6e0646fe905205f8f7be92d3,2026-02-24T13:00:00Z,2026-02-24T13:12:46Z,auth,auth_enUS_labelerexp,at://did:plc:edqprsxm63q3k745r7txilh5/app.bsky.feed.post/3mflsnq6jkc2s,bafyreihnljnrt4uunwqak7ancbapzoug27gl7uvthitnksidhb4igbd4iy,did:plc:ar7c4by46qjdydhdevvrndac,sexual,,at://did:plc:edqprsxm63q3k745r7txilh5/app.bsky.feed.post/3mflsnq6jkc2s,2026-02-24T09:02:59.942Z
b74e545c6e0646fe905205f8f7be92d3,2026-02-24T13:00:00Z,2026-02-24T13:12:46Z,auth,auth_enUS_labelerexp,at://did:plc:edqprsxm63q3k745r7txilh5/app.bsky.feed.post/3mflsnq6jkc2s,bafyreihnljnrt4uunwqak7ancbapzoug27gl7uvthitnksidhb4igbd4iy,did:plc:edqprsxm63q3k745r7txilh5,porn,,at://did:plc:edqprsxm63q3k745r7txilh5/app.bsky.feed.post/3mflsnq6jkc2s,2026-02-24T09:02:58.453Z
b74e545c6e0646fe905205f8f7be92d3,2026-02-24T13:00:00Z,2026-02-24T13:12:46Z,auth,auth_enUS_labelerexp,at://did:plc:edqprsxm63q3k745r7txilh5/app.bsky.feed.post/3mflsiyloyc2s,bafyreihrnsq5bfoecd3sshiyxy2bmtwprviddi4pbv4vsz5tuwnj6hehha,did:plc:ar7c4by46qjdydhdevvrndac,sexual,,at://did:plc:edqprsxm63q3k745r7txilh5/app.bsky.feed.post/3mflsiyloyc2s,2026-02-24T09:00:21.851Z
b74e545c6e0646fe905205f8f7be92d3,2026-02-24T13:00:00Z,2026-02-24T13:12:46Z,auth,auth_enUS_labelerexp,at://did:plc:edqprsxm63q3k745r7txilh5/app.bsky.feed.post/3mflsiyloyc2s,bafyreihrnsq5bfoecd3sshiyxy2bmtwprviddi4pbv4vsz5tuwnj6hehha,did:plc:edqprsxm63q3k745r7txilh5,porn,,at://did:plc:edqprsxm63q3k745r7txilh5/app.bsky.feed.post/3mflsiyloyc2s,2026-02-24T09:00:19.495Z
b74e545c6e0646fe905205f8f7be92d3,2026-02-24T13:00:00Z,2026-02-24T13:12:46Z,auth,auth_enUS_labelerexp,at://did:plc:lwryqzohbf3jnt7albdzynlr/app.bsky.feed.post/3mflrvwztic2e,bafyreibkojr7lqwn6e6qojpub7n2t47yx6brwgjb7jmvkfss7kegpgsnxu,did:plc:lwryqzohbf3jnt7albdzynlr,!no-unauthenticated,,at://did:plc:lwryqzohbf3jnt7albdzynlr/app.bsky.actor.profile/self,2025-02-22T09:19:21.985Z
b74e545c6e0646fe905205f8f7be92d3,2026-02-24T13:00:00Z,2026-02-24T13:12:46Z,auth,auth_enUS_labelerexp,at://did:plc:wzh5nv6jhbztzt7ozm5lz4qr/app.bsky.feed.post/3mflq77fgq22v,bafyreiglnipxecb7pimcw5yvgqtljcr4rzrlnhw2knvitjeytq3hzahsie,did:plc:ar7c4by46qjdydhdevvrndac,sexual,,at://did:plc:wzh5nv6jhbztzt7ozm5lz4qr/app.bsky.feed.post/3mflq77fgq22v,2026-02-24T08:19:04.994Z
b74e545c6e0646fe905205f8f7be92d3,2026-02-24T13:00:00Z,2026-02-24T13:12:46Z,auth,auth_enUS_labelerexp,at://did:plc:wzh5nv6jhbztzt7ozm5lz4qr/app.bsky.feed.post/3mflq77fgq22v,bafyreiglnipxecb7pimcw5yvgqtljcr4rzrlnhw2knvitjeytq3hzahsie,did:plc:wzh5nv6jhbztzt7ozm5lz4qr,porn,,at://did:plc:wzh5nv6jhbztzt7ozm5lz4qr/app.bsky.feed.post/3mflq77fgq22v,2026-02-24T08:19:03.608Z
b74e545c6e0646fe905205f8f7be92d3,2026-02-24T13:00:00Z,2026-02-24T13:12:46Z,auth,auth_enUS_labelerexp,at://did:plc:gngapinapzhsubzyjeqxlxfj/app.bsky.feed.post/3mflowhr2vk2a,bafyreifvi2rnpqpqt4m7smbivpb5ld7w6pfgmigmqfdumindmc5nzjk5nq,did:plc:gngapinapzhsubzyjeqxlxfj,!no-unauthenticated,,at://did:plc:gngapinapzhsubzyjeqxlxfj/app.bsky.actor.profile/self,1970-01-01T00:00:00.000Z
b74e545c6e0646fe905205f8f7be92d3,2026-02-24T13:00:00Z,2026-02-24T13:12:46Z,auth,auth_enUS_labelerexp,at://did:plc:lvaedgjxjopyrlfbq2fc25cz/app.bsky.feed.post/3mflohf3xqc2h,bafyreiajbifrgxs4bu7v5q63whbnz4dgovtjnwbufboyuwyiwvwbzezkfm,did:plc:uac6er53o2pvr5y2qmvaf7hw,high-hashtag-count,,at://did:plc:lvaedgjxjopyrlfbq2fc25cz/app.bsky.feed.post/3mflohf3xqc2h,2026-02-24T07:47:52.763Z
b74e545c6e0646fe905205f8f7be92d3,2026-02-24T13:00:00Z,2026-02-24T13:12:46Z,auth,auth_enUS_labelerexp,at://did:plc:lvaedgjxjopyrlfbq2fc25cz/app.bsky.feed.post/3mflohf3xqc2h,bafyreiajbifrgxs4bu7v5q63whbnz4dgovtjnwbufboyuwyiwvwbzezkfm,did:plc:uac6er53o2pvr5y2qmvaf7hw,high-total-facet-count,,at://did:plc:lvaedgjxjopyrlfbq2fc25cz/app.bsky.feed.post/3mflohf3xqc2h,2026-02-24T07:47:52.769Z
b74e545c6e0646fe905205f8f7be92d3,2026-02-24T13:00:00Z,2026-02-24T13:12:46Z,auth,auth_enUS_labelerexp,at://did:plc:lvaedgjxjopyrlfbq2fc25cz/app.bsky.feed.post/3mflohf3xqc2h,bafyreiajbifrgxs4bu7v5q63whbnz4dgovtjnwbufboyuwyiwvwbzezkfm,did:plc:ar7c4by46qjdydhdevvrndac,porn,,at://did:plc:lvaedgjxjopyrlfbq2fc25cz/app.bsky.feed.post/3mflohf3xqc2h,2026-02-24T07:47:52.585Z
b74e545c6e0646fe905205f8f7be92d3,2026-02-24T13:00:00Z,2026-02-24T13:12:46Z,auth,auth_enUS_labelerexp,at://did:plc:lvaedgjxjopyrlfbq2fc25cz/app.bsky.feed.post/3mflohf3xqc2h,bafyreiajbifrgxs4bu7v5q63whbnz4dgovtjnwbufboyuwyiwvwbzezkfm,did:plc:lvaedgjxjopyrlfbq2fc25cz,porn,,at://did:plc:lvaedgjxjopyrlfbq2fc25cz/app.bsky.feed.post/3mflohf3xqc2h,2026-02-24T07:47:50.536Z
b74e545c6e0646fe905205f8f7be92d3,2026-02-24T13:00:00Z,2026-02-24T13:12:46Z,auth,auth_enUS_labelerexp,at://did:plc:edqprsxm63q3k745r7txilh5/app.bsky.feed.post/3mflnvvejps2j,bafyreihbg7zmktosevxzreqptagfmjm6yrfdvls5u7mczdnqgkvzawxzp4,did:plc:ar7c4by46qjdydhdevvrndac,porn,,at://did:plc:edqprsxm63q3k745r7txilh5/app.bsky.feed.post/3mflnvvejps2j,2026-02-24T07:38:06.057Z
b74e545c6e0646fe905205f8f7be92d3,2026-02-24T13:00:00Z,2026-02-24T13:12:46Z,auth,auth_enUS_labelerexp,at://did:plc:edqprsxm63q3k745r7txilh5/app.bsky.feed.post/3mflnvvejps2j,bafyreihbg7zmktosevxzreqptagfmjm6yrfdvls5u7mczdnqgkvzawxzp4,did:plc:edqprsxm63q3k745r7txilh5,porn,,at://did:plc:edqprsxm63q3k745r7txilh5/app.bsky.feed.post/3mflnvvejps2j,2026-02-24T07:38:03.620Z
b74e545c6e0646fe905205f8f7be92d3,2026-02-24T13:00:00Z,2026-02-24T13:12:46Z,auth,auth_enUS_labelerexp,at://did:plc:mcb6n67plnrlx4lg35natk2b/app.bsky.feed.post/3mflnidmsbv2g,bafyreickzecdgshlfufeeidm43wishtezyboq4uqz6g3vvjt7vfiwfvvwq,did:plc:uac6er53o2pvr5y2qmvaf7hw,high-offsite-link-count,,at://did:plc:mcb6n67plnrlx4lg35natk2b/app.bsky.feed.post/3mflnidmsbv2g,2026-02-24T07:30:29.792Z
b74e545c6e0646fe905205f8f7be92d3,2026-02-24T13:00:00Z,2026-02-24T13:12:46Z,auth,auth_enUS_labelerexp,at://did:plc:mcb6n67plnrlx4lg35natk2b/app.bsky.feed.post/3mflnidmsbv2g,bafyreickzecdgshlfufeeidm43wishtezyboq4uqz6g3vvjt7vfiwfvvwq,did:plc:uac6er53o2pvr5y2qmvaf7hw,engagementfarmer,,did:plc:mcb6n67plnrlx4lg35natk2b,2024-12-10T14:25:58.920Z
b74e545c6e0646fe905205f8f7be92d3,2026-02-24T13:00:00Z,2026-02-24T13:12:46Z,auth,auth_enUS_labelerexp,at://did:plc:mcb6n67plnrlx4lg35natk2b/app.bsky.feed.post/3mflnidmsbv2g,bafyreickzecdgshlfufeeidm43wishtezyboq4uqz6g3vvjt7vfiwfvvwq,did:plc:uac6er53o2pvr5y2qmvaf7hw,high-offsite-link-count,,did:plc:mcb6n67plnrlx4lg35natk2b,2025-04-18T13:00:27.234Z
b74e545c6e0646fe905205f8f7be92d3,2026-02-24T13:00:00Z,2026-02-24T13:12:46Z,auth,auth_enUS_labelerexp,at://did:plc:mcb6n67plnrlx4lg35natk2b/app.bsky.feed.post/3mflnidmsbv2g,bafyreickzecdgshlfufeeidm43wishtezyboq4uqz6g3vvjt7vfiwfvvwq,did:plc:uac6er53o2pvr5y2qmvaf7hw,repetitive,,did:plc:mcb6n67plnrlx4lg35natk2b,2024-12-10T14:25:58.920Z
b74e545c6e0646fe905205f8f7be92d3,2026-02-24T13:00:00Z,2026-02-24T13:12:46Z,auth,auth_enUS_labelerexp,at://did:plc:edqprsxm63q3k745r7txilh5/app.bsky.feed.post/3mflnidbe5c2j,bafyreiecd7cxaprud43nopqdyev5b3qpi5umfs3huac4k2gyi6gjvxox2e,did:plc:ar7c4by46qjdydhdevvrndac,porn,,at://did:plc:edqprsxm63q3k745r7txilh5/app.bsky.feed.post/3mflnidbe5c2j,2026-02-24T07:30:29.577Z
b74e545c6e0646fe905205f8f7be92d3,2026-02-24T13:00:00Z,2026-02-24T13:12:46Z,auth,auth_enUS_labelerexp,at://did:plc:edqprsxm63q3k745r7txilh5/app.bsky.feed.post/3mflnidbe5c2j,bafyreiecd7cxaprud43nopqdyev5b3qpi5umfs3huac4k2gyi6gjvxox2e,did:plc:edqprsxm63q3k745r7txilh5,porn,,at://did:plc:edqprsxm63q3k745r7txilh5/app.bsky.feed.post/3mflnidbe5c2j,2026-02-24T07:30:28.422Z
b74e545c6e0646fe905205f8f7be92d3,2026-02-24T13:00:00Z,2026-02-24T13:12:46Z,auth,auth_enUS_labelerexp,at://did:plc:edqprsxm63q3k745r7txilh5/app.bsky.feed.post/3mfln7hxhqk2j,bafyreihhux7jwm4dtkzwvqksccetrxhsbztqnwphkippks6vadeysskevy,did:plc:ar7c4by46qjdydhdevvrndac,porn,,at://did:plc:edqprsxm63q3k745r7txilh5/app.bsky.feed.post/3mfln7hxhqk2j,2026-02-24T07:25:33.224Z
b74e545c6e0646fe905205f8f7be92d3,2026-02-24T13:00:00Z,2026-02-24T13:12:46Z,auth,auth_enUS_labelerexp,at://did:plc:edqprsxm63q3k745r7txilh5/app.bsky.feed.post/3mfln7hxhqk2j,bafyreihhux7jwm4dtkzwvqksccetrxhsbztqnwphkippks6vadeysskevy,did:plc:edqprsxm63q3k745r7txilh5,porn,,at://did:plc:edqprsxm63q3k745r7txilh5/app.bsky.feed.post/3mfln7hxhqk2j,2026-02-24T07:25:31.362Z
b74e545c6e0646fe905205f8f7be92d3,2026-02-24T13:00:00Z,2026-02-24T13:12:46Z,auth,auth_enUS_labelerexp,at://did:plc:a2d6y64ky2saikwj3ay4y5uv/app.bsky.feed.post/3mflmz327pk2t,bafyreidju5mqmr4fnpz6uzhxalpaicymaa7waj2xcrcbc5hbxruqvfb7by,did:plc:uac6er53o2pvr5y2qmvaf7hw,high-hashtag-count,,at://did:plc:a2d6y64ky2saikwj3ay4y5uv/app.bsky.feed.post/3mflmz327pk2t,2026-02-24T07:22:01.137Z
b74e545c6e0646fe905205f8f7be92d3,2026-02-24T13:00:00Z,2026-02-24T13:12:46Z,auth,auth_enUS_labelerexp,at://did:plc:a2d6y64ky2saikwj3ay4y5uv/app.bsky.feed.post/3mflmz327pk2t,bafyreidju5mqmr4fnpz6uzhxalpaicymaa7waj2xcrcbc5hbxruqvfb7by,did:plc:uac6er53o2pvr5y2qmvaf7hw,high-total-facet-count,,at://did:plc:a2d6y64ky2saikwj3ay4y5uv/app.bsky.feed.post/3mflmz327pk2t,2026-02-24T07:22:01.130Z
b74e545c6e0646fe905205f8f7be92d3,2026-02-24T13:00:00Z,2026-02-24T13:12:46Z,auth,auth_enUS_labelerexp,at://did:plc:kw7gw2cty2oqgcemzdswu265/app.bsky.feed.post/3mflm6z4ie22v,bafyreierzv5ehgpjcixtuwcq6tmp4ha2r43wdss4xj6tqd4hjm7hdnzpdm,did:plc:uac6er53o2pvr5y2qmvaf7hw,high-hashtag-count,,at://did:plc:kw7gw2cty2oqgcemzdswu265/app.bsky.feed.post/3mflm6z4ie22v,2026-02-24T07:07:23.832Z
b74e545c6e0646fe905205f8f7be92d3,2026-02-24T13:00:00Z,2026-02-24T13:12:46Z,auth,auth_enUS_labelerexp,at://did:plc:kw7gw2cty2oqgcemzdswu265/app.bsky.feed.post/3mflm6z4ie22v,bafyreierzv5ehgpjcixtuwcq6tmp4ha2r43wdss4xj6tqd4hjm7hdnzpdm,did:plc:uac6er53o2pvr5y2qmvaf7hw,high-total-facet-count,,at://did:plc:kw7gw2cty2oqgcemzdswu265/app.bsky.feed.post/3mflm6z4ie22v,2026-02-24T07:07:23.839Z
b74e545c6e0646fe905205f8f7be92d3,2026-02-24T13:00:00Z,2026-02-24T13:12:46Z,auth,auth_enUS_labelerexp,at://did:plc:kw7gw2cty2oqgcemzdswu265/app.bsky.feed.post/3mflm6z4ie22v,bafyreierzv5ehgpjcixtuwcq6tmp4ha2r43wdss4xj6tqd4hjm7hdnzpdm,did:plc:ar7c4by46qjdydhdevvrndac,porn,,at://did:plc:kw7gw2cty2oqgcemzdswu265/app.bsky.feed.post/3mflm6z4ie22v,2026-02-24T07:07:23.682Z
b74e545c6e0646fe905205f8f7be92d3,2026-02-24T13:00:00Z,2026-02-24T13:12:46Z,auth,auth_enUS_labelerexp,at://did:plc:kw7gw2cty2oqgcemzdswu265/app.bsky.feed.post/3mflm6z4ie22v,bafyreierzv5ehgpjcixtuwcq6tmp4ha2r43wdss4xj6tqd4hjm7hdnzpdm,did:plc:ar7c4by46qjdydhdevvrndac,sexual,,at://did:plc:kw7gw2cty2oqgcemzdswu265/app.bsky.actor.profile/self,2024-06-08T14:03:02.405Z
b74e545c6e0646fe905205f8f7be92d3,2026-02-24T13:00:00Z,2026-02-24T13:12:46Z,auth,auth_enUS_labelerexp,at://did:plc:kw7gw2cty2oqgcemzdswu265/app.bsky.feed.post/3mflm6z4ie22v,bafyreierzv5ehgpjcixtuwcq6tmp4ha2r43wdss4xj6tqd4hjm7hdnzpdm,did:plc:ar7c4by46qjdydhdevvrndac,porn,,at://did:plc:kw7gw2cty2oqgcemzdswu265/app.bsky.actor.profile/self,2025-05-25T15:44:55.933Z
b74e545c6e0646fe905205f8f7be92d3,2026-02-24T13:00:00Z,2026-02-24T13:12:46Z,auth,auth_enUS_labelerexp,at://did:plc:kw7gw2cty2oqgcemzdswu265/app.bsky.feed.post/3mflm6z4ie22v,bafyreierzv5ehgpjcixtuwcq6tmp4ha2r43wdss4xj6tqd4hjm7hdnzpdm,did:plc:ar7c4by46qjdydhdevvrndac,nudity,,at://did:plc:kw7gw2cty2oqgcemzdswu265/app.bsky.actor.profile/self,2025-03-05T12:51:30.043Z
b74e545c6e0646fe905205f8f7be92d3,2026-02-24T13:00:00Z,2026-02-24T13:12:46Z,auth,auth_enUS_labelerexp,at://did:plc:kw7gw2cty2oqgcemzdswu265/app.bsky.feed.post/3mflm6z4ie22v,bafyreierzv5ehgpjcixtuwcq6tmp4ha2r43wdss4xj6tqd4hjm7hdnzpdm,did:plc:kw7gw2cty2oqgcemzdswu265,!no-unauthenticated,,at://did:plc:kw7gw2cty2oqgcemzdswu265/app.bsky.actor.profile/self,2024-06-08T13:49:45.845Z
b74e545c6e0646fe905205f8f7be92d3,2026-02-24T13:00:00Z,2026-02-24T13:12:46Z,auth,auth_enUS_labelerexp,at://did:plc:mcb6n67plnrlx4lg35natk2b/app.bsky.feed.post/3mfllsoc6gd2g,bafyreiadvqudam6kze5g3y7gbhd2p7easzljrokaxy2mrwhj3riwujhq3q,did:plc:uac6er53o2pvr5y2qmvaf7hw,high-offsite-link-count,,at://did:plc:mcb6n67plnrlx4lg35natk2b/app.bsky.feed.post/3mfllsoc6gd2g,2026-02-24T07:00:29.525Z
b74e545c6e0646fe905205f8f7be92d3,2026-02-24T13:00:00Z,2026-02-24T13:12:46Z,auth,auth_enUS_labelerexp,at://did:plc:mcb6n67plnrlx4lg35natk2b/app.bsky.feed.post/3mfllsoc6gd2g,bafyreiadvqudam6kze5g3y7gbhd2p7easzljrokaxy2mrwhj3riwujhq3q,did:plc:uac6er53o2pvr5y2qmvaf7hw,engagementfarmer,,did:plc:mcb6n67plnrlx4lg35natk2b,2024-12-10T14:25:58.920Z
b74e545c6e0646fe905205f8f7be92d3,2026-02-24T13:00:00Z,2026-02-24T13:12:46Z,auth,auth_enUS_labelerexp,at://did:plc:mcb6n67plnrlx4lg35natk2b/app.bsky.feed.post/3mfllsoc6gd2g,bafyreiadvqudam6kze5g3y7gbhd2p7easzljrokaxy2mrwhj3riwujhq3q,did:plc:uac6er53o2pvr5y2qmvaf7hw,high-offsite-link-count,,did:plc:mcb6n67plnrlx4lg35natk2b,2025-04-18T13:00:27.234Z
b74e545c6e0646fe905205f8f7be92d3,2026-02-24T13:00:00Z,2026-02-24T13:12:46Z,auth,auth_enUS_labelerexp,at://did:plc:mcb6n67plnrlx4lg35natk2b/app.bsky.feed.post/3mfllsoc6gd2g,bafyreiadvqudam6kze5g3y7gbhd2p7easzljrokaxy2mrwhj3riwujhq3q,did:plc:uac6er53o2pvr5y2qmvaf7hw,repetitive,,did:plc:mcb6n67plnrlx4lg35natk2b,2024-12-10T14:25:58.920Z
b74e545c6e0646fe905205f8f7be92d3,2026-02-24T13:00:00Z,2026-02-24T13:12:46Z,auth,auth_enUS_labelerexp,at://did:plc:a2d6y64ky2saikwj3ay4y5uv/app.bsky.feed.post/3mfllrhrk622s,bafyreihetpj6c6bv2rgect4wply4lwdnhwbck62cfko2rlwnlic57qsojq,did:plc:uac6er53o2pvr5y2qmvaf7hw,high-hashtag-count,,at://did:plc:a2d6y64ky2saikwj3ay4y5uv/app.bsky.feed.post/3mfllrhrk622s,2026-02-24T06:59:51.759Z
b74e545c6e0646fe905205f8f7be92d3,2026-02-24T13:00:00Z,2026-02-24T13:12:46Z,auth,auth_enUS_labelerexp,at://did:plc:a2d6y64ky2saikwj3ay4y5uv/app.bsky.feed.post/3mfllrhrk622s,bafyreihetpj6c6bv2rgect4wply4lwdnhwbck62cfko2rlwnlic57qsojq,did:plc:uac6er53o2pvr5y2qmvaf7hw,high-total-facet-count,,at://did:plc:a2d6y64ky2saikwj3ay4y5uv/app.bsky.feed.post/3mfllrhrk622s,2026-02-24T06:59:51.604Z
b74e545c6e0646fe905205f8f7be92d3,2026-02-24T13:00:00Z,2026-02-24T13:12:46Z,auth,auth_enUS_labelerexp,at://did:plc:zg2f7er35myckqolprwsqvg6/app.bsky.feed.post/3mfllq3s5mv26,bafyreibta4bmccr3sm6clbfg5uuvtotjamzhg72wy2uby3nynyiz3xsalm,did:plc:ar7c4by46qjdydhdevvrndac,sexual,,at://did:plc:zg2f7er35myckqolprwsqvg6/app.bsky.feed.post/3mfllq3s5mv26,2026-02-24T06:59:05.312Z
b74e545c6e0646fe905205f8f7be92d3,2026-02-24T13:00:00Z,2026-02-24T13:12:46Z,auth,auth_enUS_labelerexp,at://did:plc:mcb6n67plnrlx4lg35natk2b/app.bsky.feed.post/3mflkoxd6vr2x,bafyreibfyrduewfoyq7zdb5ubutffskrlrsniufmnxrgfy2qgvoxnzwesi,did:plc:uac6er53o2pvr5y2qmvaf7hw,high-offsite-link-count,,at://did:plc:mcb6n67plnrlx4lg35natk2b/app.bsky.feed.post/3mflkoxd6vr2x,2026-02-24T06:40:30.704Z
b74e545c6e0646fe905205f8f7be92d3,2026-02-24T13:00:00Z,2026-02-24T13:12:46Z,auth,auth_enUS_labelerexp,at://did:plc:mcb6n67plnrlx4lg35natk2b/app.bsky.feed.post/3mflkoxd6vr2x,bafyreibfyrduewfoyq7zdb5ubutffskrlrsniufmnxrgfy2qgvoxnzwesi,did:plc:uac6er53o2pvr5y2qmvaf7hw,engagementfarmer,,did:plc:mcb6n67plnrlx4lg35natk2b,2024-12-10T14:25:58.920Z
b74e545c6e0646fe905205f8f7be92d3,2026-02-24T13:00:00Z,2026-02-24T13:12:46Z,auth,auth_enUS_labelerexp,at://did:plc:mcb6n67plnrlx4lg35natk2b/app.bsky.feed.post/3mflkoxd6vr2x,bafyreibfyrduewfoyq7zdb5ubutffskrlrsniufmnxrgfy2qgvoxnzwesi,did:plc:uac6er53o2pvr5y2qmvaf7hw,high-offsite-link-count,,did:plc:mcb6n67plnrlx4lg35natk2b,2025-04-18T13:00:27.234Z
b74e545c6e0646fe905205f8f7be92d3,2026-02-24T13:00:00Z,2026-02-24T13:12:46Z,auth,auth_enUS_labelerexp,at://did:plc:mcb6n67plnrlx4lg35natk2b/app.bsky.feed.post/3mflkoxd6vr2x,bafyreibfyrduewfoyq7zdb5ubutffskrlrsniufmnxrgfy2qgvoxnzwesi,did:plc:uac6er53o2pvr5y2qmvaf7hw,repetitive,,did:plc:mcb6n67plnrlx4lg35natk2b,2024-12-10T14:25:58.920Z
b74e545c6e0646fe905205f8f7be92d3,2026-02-24T13:00:00Z,2026-02-24T13:12:46Z,auth,auth_enUS_labelerexp,at://did:plc:epqszaa3qcbjvmep5e27tada/app.bsky.feed.post/3mflkohvo4k2h,bafyreiegi7tij4z7lsxez3lr2dm2vbwsvadcrjwdiiquerparj7b67mi3m,did:plc:uac6er53o2pvr5y2qmvaf7hw,high-hashtag-count,,at://did:plc:epqszaa3qcbjvmep5e27tada/app.bsky.feed.post/3mflkohvo4k2h,2026-02-24T06:40:15.866Z
b74e545c6e0646fe905205f8f7be92d3,2026-02-24T13:00:00Z,2026-02-24T13:12:46Z,auth,auth_enUS_labelerexp,at://did:plc:epqszaa3qcbjvmep5e27tada/app.bsky.feed.post/3mflkohvo4k2h,bafyreiegi7tij4z7lsxez3lr2dm2vbwsvadcrjwdiiquerparj7b67mi3m,did:plc:uac6er53o2pvr5y2qmvaf7hw,high-total-facet-count,,at://did:plc:epqszaa3qcbjvmep5e27tada/app.bsky.feed.post/3mflkohvo4k2h,2026-02-24T06:40:15.700Z
b74e545c6e0646fe905205f8f7be92d3,2026-02-24T13:00:00Z,2026-02-24T13:12:46Z,auth,auth_enUS_labelerexp,at://did:plc:epqszaa3qcbjvmep5e27tada/app.bsky.feed.post/3mflkohvo4k2h,bafyreiegi7tij4z7lsxez3lr2dm2vbwsvadcrjwdiiquerparj7b67mi3m,did:plc:ar7c4by46qjdydhdevvrndac,sexual,,at://did:plc:epqszaa3qcbjvmep5e27tada/app.bsky.feed.post/3mflkohvo4k2h,2026-02-24T06:40:15.846Z
b74e545c6e0646fe905205f8f7be92d3,2026-02-24T13:00:00Z,2026-02-24T13:12:46Z,auth,auth_enUS_labelerexp,at://did:plc:d6ltjzw5wtml5bvppwo4zkww/app.bsky.feed.post/3mflkmt7wr52z,bafyreifjgqem42zpspsqy64otksomylfaq7xc6ttwu5tks53grvguliegm,did:plc:uac6er53o2pvr5y2qmvaf7hw,high-hashtag-count,,at://did:plc:d6ltjzw5wtml5bvppwo4zkww/app.bsky.feed.post/3mflkmt7wr52z,2026-02-24T06:39:28.220Z
b74e545c6e0646fe905205f8f7be92d3,2026-02-24T13:00:00Z,2026-02-24T13:12:46Z,auth,auth_enUS_labelerexp,at://did:plc:d6ltjzw5wtml5bvppwo4zkww/app.bsky.feed.post/3mflkmt7wr52z,bafyreifjgqem42zpspsqy64otksomylfaq7xc6ttwu5tks53grvguliegm,did:plc:uac6er53o2pvr5y2qmvaf7hw,high-total-facet-count,,at://did:plc:d6ltjzw5wtml5bvppwo4zkww/app.bsky.feed.post/3mflkmt7wr52z,2026-02-24T06:39:28.214Z
b74e545c6e0646fe905205f8f7be92d3,2026-02-24T13:00:00Z,2026-02-24T13:12:46Z,auth,auth_enUS_labelerexp,at://did:plc:d6ltjzw5wtml5bvppwo4zkww/app.bsky.feed.post/3mflkmt7wr52z,bafyreifjgqem42zpspsqy64otksomylfaq7xc6ttwu5tks53grvguliegm,did:plc:ar7c4by46qjdydhdevvrndac,porn,,at://did:plc:d6ltjzw5wtml5bvppwo4zkww/app.bsky.feed.post/3mflkmt7wr52z,2026-02-24T06:39:29.259Z
b74e545c6e0646fe905205f8f7be92d3,2026-02-24T13:00:00Z,2026-02-24T13:12:46Z,auth,auth_enUS_labelerexp,at://did:plc:7pirvy4egeh3itzgzft3zbcb/app.bsky.feed.post/3mflkbu3hes2j,bafyreic4yqzchrwjfdbux2n3sjm2qzib7zhayho4igprrucdrexnrikz74,did:plc:7pirvy4egeh3itzgzft3zbcb,sexual,,at://did:plc:7pirvy4egeh3itzgzft3zbcb/app.bsky.feed.post/3mflkbu3hes2j,2026-02-24T06:33:09.956Z
b74e545c6e0646fe905205f8f7be92d3,2026-02-24T13:00:00Z,2026-02-24T13:12:46Z,auth,auth_enUS_labelerexp,at://did:plc:epqszaa3qcbjvmep5e27tada/app.bsky.feed.post/3mflkbdsii223,bafyreifsyxwgjqubwzojnfqjgyiw6cgvszcz5zxnl3qayic2jsxv3s5w6u,did:plc:uac6er53o2pvr5y2qmvaf7hw,high-hashtag-count,,at://did:plc:epqszaa3qcbjvmep5e27tada/app.bsky.feed.post/3mflkbdsii223,2026-02-24T06:32:56.631Z
b74e545c6e0646fe905205f8f7be92d3,2026-02-24T13:00:00Z,2026-02-24T13:12:46Z,auth,auth_enUS_labelerexp,at://did:plc:epqszaa3qcbjvmep5e27tada/app.bsky.feed.post/3mflkbdsii223,bafyreifsyxwgjqubwzojnfqjgyiw6cgvszcz5zxnl3qayic2jsxv3s5w6u,did:plc:uac6er53o2pvr5y2qmvaf7hw,high-total-facet-count,,at://did:plc:epqszaa3qcbjvmep5e27tada/app.bsky.feed.post/3mflkbdsii223,2026-02-24T06:32:56.624Z
b74e545c6e0646fe905205f8f7be92d3,2026-02-24T13:00:00Z,2026-02-24T13:12:46Z,auth,auth_enUS_labelerexp,at://did:plc:epqszaa3qcbjvmep5e27tada/app.bsky.feed.post/3mflkbdsii223,bafyreifsyxwgjqubwzojnfqjgyiw6cgvszcz5zxnl3qayic2jsxv3s5w6u,did:plc:ar7c4by46qjdydhdevvrndac,nudity,,at://did:plc:epqszaa3qcbjvmep5e27tada/app.bsky.feed.post/3mflkbdsii223,2026-02-24T06:32:58.242Z
b74e545c6e0646fe905205f8f7be92d3,2026-02-24T13:00:00Z,2026-02-24T13:12:46Z,auth,auth_enUS_labelerexp,at://did:plc:e6mhsba7jv6oo3oyln46efe2/app.bsky.feed.post/3mflhslo7c22w,bafyreibuouvr7ntlbw4gbhqtke7kxnsaf24n7gjmx7356e3yi73rd4k4wy,did:plc:ar7c4by46qjdydhdevvrndac,porn,,at://did:plc:e6mhsba7jv6oo3oyln46efe2/app.bsky.feed.post/3mflhslo7c22w,2026-02-24T05:48:53.419Z
b74e545c6e0646fe905205f8f7be92d3,2026-02-24T13:00:00Z,2026-02-24T13:12:46Z,auth,auth_enUS_labelerexp,at://did:plc:e6mhsba7jv6oo3oyln46efe2/app.bsky.feed.post/3mflhslo7c22w,bafyreibuouvr7ntlbw4gbhqtke7kxnsaf24n7gjmx7356e3yi73rd4k4wy,did:plc:e6mhsba7jv6oo3oyln46efe2,porn,,at://did:plc:e6mhsba7jv6oo3oyln46efe2/app.bsky.feed.post/3mflhslo7c22w,2026-02-24T05:48:50.336Z
b74e545c6e0646fe905205f8f7be92d3,2026-02-24T13:00:00Z,2026-02-24T13:12:46Z,auth,auth_enUS_labelerexp,at://did:plc:e6mhsba7jv6oo3oyln46efe2/app.bsky.feed.post/3mflgwqywbk2w,bafyreielp3nf7up2sk3cleuim5rmh236higknmoeyabpzerdl4fzglrqay,did:plc:ar7c4by46qjdydhdevvrndac,porn,,at://did:plc:e6mhsba7jv6oo3oyln46efe2/app.bsky.feed.post/3mflgwqywbk2w,2026-02-24T05:33:17.696Z
b74e545c6e0646fe905205f8f7be92d3,2026-02-24T13:00:00Z,2026-02-24T13:12:46Z,auth,auth_enUS_labelerexp,at://did:plc:e6mhsba7jv6oo3oyln46efe2/app.bsky.feed.post/3mflgwqywbk2w,bafyreielp3nf7up2sk3cleuim5rmh236higknmoeyabpzerdl4fzglrqay,did:plc:e6mhsba7jv6oo3oyln46efe2,porn,,at://did:plc:e6mhsba7jv6oo3oyln46efe2/app.bsky.feed.post/3mflgwqywbk2w,2026-02-24T05:33:16.407Z
b74e545c6e0646fe905205f8f7be92d3,2026-02-24T13:00:00Z,2026-02-24T13:12:46Z,auth,auth_enUS_labelerexp,at://did:plc:e6mhsba7jv6oo3oyln46efe2/app.bsky.feed.post/3mflfaryyxk2q,bafyreief57556znoqpradinasnmepyrz7sitmq5ganeb46wh7ws2jkinmm,did:plc:ar7c4by46qjdydhdevvrndac,porn,,at://did:plc:e6mhsba7jv6oo3oyln46efe2/app.bsky.feed.post/3mflfaryyxk2q,2026-02-24T05:03:14.160Z
b74e545c6e0646fe905205f8f7be92d3,2026-02-24T13:00:00Z,2026-02-24T13:12:46Z,auth,auth_enUS_labelerexp,at://did:plc:2qlbivzvdt6hp6dwrd2sx4sf/app.bsky.feed.post/3mflfaleebk2i,bafyreifxsweo3xza5dhbqcro55rgucuhi73cwb5o4t4zxqppxgbiifasjm,did:plc:ar7c4by46qjdydhdevvrndac,sexual,,at://did:plc:2qlbivzvdt6hp6dwrd2sx4sf/app.bsky.feed.post/3mflfaleebk2i,2026-02-24T05:03:07.506Z
b74e545c6e0646fe905205f8f7be92d3,2026-02-24T13:00:00Z,2026-02-24T13:12:46Z,auth,auth_enUS_labelerexp,at://did:plc:jlcflvygw7jnttso3bpisnc7/app.bsky.feed.post/3mflebn2lgj2d,bafyreigwbfv5636dni3un7b6mbclcid6gwjjj32nxncro2v4ipkrok4ov4,did:plc:ar7c4by46qjdydhdevvrndac,porn,,at://did:plc:jlcflvygw7jnttso3bpisnc7/app.bsky.feed.post/3mflebn2lgj2d,2026-02-24T04:45:41.546Z
b74e545c6e0646fe905205f8f7be92d3,2026-02-24T13:00:00Z,2026-02-24T13:12:46Z,auth,auth_enUS_labelerexp,at://did:plc:jlcflvygw7jnttso3bpisnc7/app.bsky.feed.post/3mflebn2lgj2d,bafyreigwbfv5636dni3un7b6mbclcid6gwjjj32nxncro2v4ipkrok4ov4,did:plc:ar7c4by46qjdydhdevvrndac,porn,,at://did:plc:jlcflvygw7jnttso3bpisnc7/app.bsky.actor.profile/self,2025-08-16T05:50:48.838Z
b74e545c6e0646fe905205f8f7be92d3,2026-02-24T13:00:00Z,2026-02-24T13:12:46Z,auth,auth_enUS_labelerexp,at://did:plc:pkccoji76vgsydrpiuz4p6mq/app.bsky.feed.post/3mfle6ijloc22,bafyreia6agjjhbn36cjkoudqve76eqh4kxtaajaosonigtzrrh73amgoba,did:plc:uac6er53o2pvr5y2qmvaf7hw,high-hashtag-count,,at://did:plc:pkccoji76vgsydrpiuz4p6mq/app.bsky.feed.post/3mfle6ijloc22,2026-02-24T04:43:56.742Z
b74e545c6e0646fe905205f8f7be92d3,2026-02-24T13:00:00Z,2026-02-24T13:12:46Z,auth,auth_enUS_labelerexp,at://did:plc:pkccoji76vgsydrpiuz4p6mq/app.bsky.feed.post/3mfle6ijloc22,bafyreia6agjjhbn36cjkoudqve76eqh4kxtaajaosonigtzrrh73amgoba,did:plc:uac6er53o2pvr5y2qmvaf7hw,high-total-facet-count,,at://did:plc:pkccoji76vgsydrpiuz4p6mq/app.bsky.feed.post/3mfle6ijloc22,2026-02-24T04:43:56.748Z
b74e545c6e0646fe905205f8f7be92d3,2026-02-24T13:00:00Z,2026-02-24T13:12:46Z,auth,auth_enUS_labelerexp,at://did:plc:pkccoji76vgsydrpiuz4p6mq/app.bsky.feed.post/3mfle6ijloc22,bafyreia6agjjhbn36cjkoudqve76eqh4kxtaajaosonigtzrrh73amgoba,did:plc:ar7c4by46qjdydhdevvrndac,sexual,,at://did:plc:pkccoji76vgsydrpiuz4p6mq/app.bsky.feed.post/3mfle6ijloc22,2026-02-24T04:43:56.549Z
b74e545c6e0646fe905205f8f7be92d3,2026-02-24T13:00:00Z,2026-02-24T13:12:46Z,auth,auth_enUS_labelerexp,at://did:plc:pkccoji76vgsydrpiuz4p6mq/app.bsky.feed.post/3mfle6ijloc22,bafyreia6agjjhbn36cjkoudqve76eqh4kxtaajaosonigtzrrh73amgoba,did:plc:pkccoji76vgsydrpiuz4p6mq,sexual,,at://did:plc:pkccoji76vgsydrpiuz4p6mq/app.bsky.feed.post/3mfle6ijloc22,2026-02-24T04:43:54.719Z
b74e545c6e0646fe905205f8f7be92d3,2026-02-24T13:00:00Z,2026-02-24T13:12:46Z,auth,auth_enUS_labelerexp,at://did:plc:vmapg4cdx4ctngrde5lwyx2z/app.bsky.feed.post/3mflcpc3qln2h,bafyreidhddmsk62z2rp2oymzhocarmemkndc2dxor5behsdphuwgesoxge,did:plc:ar7c4by46qjdydhdevvrndac,needs-review,,did:plc:vmapg4cdx4ctngrde5lwyx2z,2026-02-18T06:05:58.169Z
b74e545c6e0646fe905205f8f7be92d3,2026-02-24T13:00:00Z,2026-02-24T13:12:46Z,auth,auth_enUS_labelerexp,at://did:plc:mcb6n67plnrlx4lg35natk2b/app.bsky.feed.post/3mflccvonbz2c,bafyreigcextkknd2mardkxufvwffy2yduabpwtnhmt3t4jfzyhpmue5yn4,did:plc:uac6er53o2pvr5y2qmvaf7hw,high-offsite-link-count,,at://did:plc:mcb6n67plnrlx4lg35natk2b/app.bsky.feed.post/3mflccvonbz2c,2026-02-24T04:10:36.935Z
b74e545c6e0646fe905205f8f7be92d3,2026-02-24T13:00:00Z,2026-02-24T13:12:46Z,auth,auth_enUS_labelerexp,at://did:plc:mcb6n67plnrlx4lg35natk2b/app.bsky.feed.post/3mflccvonbz2c,bafyreigcextkknd2mardkxufvwffy2yduabpwtnhmt3t4jfzyhpmue5yn4,did:plc:uac6er53o2pvr5y2qmvaf7hw,engagementfarmer,,did:plc:mcb6n67plnrlx4lg35natk2b,2024-12-10T14:25:58.920Z
b74e545c6e0646fe905205f8f7be92d3,2026-02-24T13:00:00Z,2026-02-24T13:12:46Z,auth,auth_enUS_labelerexp,at://did:plc:mcb6n67plnrlx4lg35natk2b/app.bsky.feed.post/3mflccvonbz2c,bafyreigcextkknd2mardkxufvwffy2yduabpwtnhmt3t4jfzyhpmue5yn4,did:plc:uac6er53o2pvr5y2qmvaf7hw,high-offsite-link-count,,did:plc:mcb6n67plnrlx4lg35natk2b,2025-04-18T13:00:27.234Z
b74e545c6e0646fe905205f8f7be92d3,2026-02-24T13:00:00Z,2026-02-24T13:12:46Z,auth,auth_enUS_labelerexp,at://did:plc:mcb6n67plnrlx4lg35natk2b/app.bsky.feed.post/3mflccvonbz2c,bafyreigcextkknd2mardkxufvwffy2yduabpwtnhmt3t4jfzyhpmue5yn4,did:plc:uac6er53o2pvr5y2qmvaf7hw,repetitive,,did:plc:mcb6n67plnrlx4lg35natk2b,2024-12-10T14:25:58.920Z
b74e545c6e0646fe905205f8f7be92d3,2026-02-24T13:00:00Z,2026-02-24T13:12:46Z,auth,auth_enUS_labelerexp,at://did:plc:k7pa7fkl64y5zt5g77tf4xxx/app.bsky.feed.post/3mflc6rvbea23,bafyreigtijir5x2diefqmhwge52bfhk2cebbcewnck7jcskwa6ojh7pq2q,did:plc:ar7c4by46qjdydhdevvrndac,sexual,,at://did:plc:k7pa7fkl64y5zt5g77tf4xxx/app.bsky.feed.post/3mflc6rvbea23,2026-02-24T04:08:19.565Z
b74e545c6e0646fe905205f8f7be92d3,2026-02-24T13:00:00Z,2026-02-24T13:12:46Z,auth,auth_enUS_labelerexp,at://did:plc:sk2pkd7uderqtlsybkqabd7f/app.bsky.feed.post/3mflc2srfcc2b,bafyreidjkqyoefnyjxw37dangjqliqvewrwd7pmn4joarjkjpfas3iiaoe,did:plc:uac6er53o2pvr5y2qmvaf7hw,meta-link,,at://did:plc:sk2pkd7uderqtlsybkqabd7f/app.bsky.actor.profile/self,2025-12-26T06:00:19.865Z
b74e545c6e0646fe905205f8f7be92d3,2026-02-24T13:00:00Z,2026-02-24T13:12:46Z,auth,auth_enUS_labelerexp,at://did:plc:c32cq3nfgavklsp444cyanwl/app.bsky.feed.post/3mflbua43ch2e,bafyreignwh4vkuvet33jim6g7os3efbyimcfoowl6sgripvmqcdvmtbrma,did:plc:ar7c4by46qjdydhdevvrndac,porn,,at://did:plc:c32cq3nfgavklsp444cyanwl/app.bsky.feed.post/3mflbua43ch2e,2026-02-24T04:02:24.098Z
b74e545c6e0646fe905205f8f7be92d3,2026-02-24T13:00:00Z,2026-02-24T13:12:46Z,auth,auth_enUS_labelerexp,at://did:plc:c32cq3nfgavklsp444cyanwl/app.bsky.feed.post/3mflbua43ch2e,bafyreignwh4vkuvet33jim6g7os3efbyimcfoowl6sgripvmqcdvmtbrma,did:plc:ar7c4by46qjdydhdevvrndac,porn,,at://did:plc:c32cq3nfgavklsp444cyanwl/app.bsky.actor.profile/self,2026-01-13T07:22:58.920Z
b74e545c6e0646fe905205f8f7be92d3,2026-02-24T13:00:00Z,2026-02-24T13:12:46Z,auth,auth_enUS_labelerexp,at://did:plc:ylzlvo7ibxdhmtr7fsjybzjr/app.bsky.feed.post/3mflbr6n6wk24,bafyreiepjukz5licd3ij7d3eafb4jbfje3yffsk3wsf7onuxh2nqd7fewa,did:plc:ylzlvo7ibxdhmtr7fsjybzjr,sexual,,at://did:plc:ylzlvo7ibxdhmtr7fsjybzjr/app.bsky.feed.post/3mflbr6n6wk24,2026-02-24T04:00:40.598Z
b74e545c6e0646fe905205f8f7be92d3,2026-02-24T13:00:00Z,2026-02-24T13:12:46Z,auth,auth_enUS_labelerexp,at://did:plc:mcb6n67plnrlx4lg35natk2b/app.bsky.feed.post/3mflb6yyuuw2x,bafyreie6iwzylomcldj6rq352myjmij6copwb57l3kile3w42asuvhaoka,did:plc:uac6er53o2pvr5y2qmvaf7hw,high-offsite-link-count,,at://did:plc:mcb6n67plnrlx4lg35natk2b/app.bsky.feed.post/3mflb6yyuuw2x,2026-02-24T03:50:32.141Z
b74e545c6e0646fe905205f8f7be92d3,2026-02-24T13:00:00Z,2026-02-24T13:12:46Z,auth,auth_enUS_labelerexp,at://did:plc:mcb6n67plnrlx4lg35natk2b/app.bsky.feed.post/3mflb6yyuuw2x,bafyreie6iwzylomcldj6rq352myjmij6copwb57l3kile3w42asuvhaoka,did:plc:uac6er53o2pvr5y2qmvaf7hw,engagementfarmer,,did:plc:mcb6n67plnrlx4lg35natk2b,2024-12-10T14:25:58.920Z
b74e545c6e0646fe905205f8f7be92d3,2026-02-24T13:00:00Z,2026-02-24T13:12:46Z,auth,auth_enUS_labelerexp,at://did:plc:mcb6n67plnrlx4lg35natk2b/app.bsky.feed.post/3mflb6yyuuw2x,bafyreie6iwzylomcldj6rq352myjmij6copwb57l3kile3w42asuvhaoka,did:plc:uac6er53o2pvr5y2qmvaf7hw,high-offsite-link-count,,did:plc:mcb6n67plnrlx4lg35natk2b,2025-04-18T13:00:27.234Z
b74e545c6e0646fe905205f8f7be92d3,2026-02-24T13:00:00Z,2026-02-24T13:12:46Z,auth,auth_enUS_labelerexp,at://did:plc:mcb6n67plnrlx4lg35natk2b/app.bsky.feed.post/3mflb6yyuuw2x,bafyreie6iwzylomcldj6rq352myjmij6copwb57l3kile3w42asuvhaoka,did:plc:uac6er53o2pvr5y2qmvaf7hw,repetitive,,did:plc:mcb6n67plnrlx4lg35natk2b,2024-12-10T14:25:58.920Z
b74e545c6e0646fe905205f8f7be92d3,2026-02-24T13:00:00Z,2026-02-24T13:12:46Z,auth,auth_enUS_labelerexp,at://did:plc:q2bvornhrcvznhvqk27rwgfj/app.bsky.feed.post/3mflazih3jm2v,bafyreib2sgpmjohafjrzsaki5bat4ns6y6lj7jcmm2h2ajpx5tmobb3tp4,did:plc:ar7c4by46qjdydhdevvrndac,nudity,,at://did:plc:q2bvornhrcvznhvqk27rwgfj/app.bsky.feed.post/3mflazih3jm2v,2026-02-24T03:47:27.576Z
b74e545c6e0646fe905205f8f7be92d3,2026-02-24T13:00:00Z,2026-02-24T13:12:46Z,auth,auth_enUS_labelerexp,at://did:plc:q2bvornhrcvznhvqk27rwgfj/app.bsky.feed.post/3mflazih3jm2v,bafyreib2sgpmjohafjrzsaki5bat4ns6y6lj7jcmm2h2ajpx5tmobb3tp4,did:plc:ar7c4by46qjdydhdevvrndac,sexual,,at://did:plc:q2bvornhrcvznhvqk27rwgfj/app.bsky.feed.post/3mflazih3jm2v,2026-02-24T03:47:27.576Z
b74e545c6e0646fe905205f8f7be92d3,2026-02-24T13:00:00Z,2026-02-24T13:12:46Z,auth,auth_enUS_labelerexp,at://did:plc:q2bvornhrcvznhvqk27rwgfj/app.bsky.feed.post/3mflazih3jm2v,bafyreib2sgpmjohafjrzsaki5bat4ns6y6lj7jcmm2h2ajpx5tmobb3tp4,did:plc:ar7c4by46qjdydhdevvrndac,porn,,at://did:plc:q2bvornhrcvznhvqk27rwgfj/app.bsky.actor.profile/self,2026-01-13T13:25:33.485Z
b74e545c6e0646fe905205f8f7be92d3,2026-02-24T13:00:00Z,2026-02-24T13:12:46Z,auth,auth_enUS_labelerexp,at://did:plc:z6wmgp6pzov2fvdeyvhn5gjv/app.bsky.feed.post/3mflao6xcbn2g,bafyreietd7pvvtlgn4epub5bvux2hynmvpvhhvt4ldrgsb63rssosnxh6q,did:plc:ar7c4by46qjdydhdevvrndac,porn,,at://did:plc:z6wmgp6pzov2fvdeyvhn5gjv/app.bsky.feed.post/3mflao6xcbn2g,2026-02-24T03:41:08.935Z
b74e545c6e0646fe905205f8f7be92d3,2026-02-24T13:00:00Z,2026-02-24T13:12:46Z,auth,auth_enUS_labelerexp,at://did:plc:z6wmgp6pzov2fvdeyvhn5gjv/app.bsky.feed.post/3mflao6xcbn2g,bafyreietd7pvvtlgn4epub5bvux2hynmvpvhhvt4ldrgsb63rssosnxh6q,did:plc:ar7c4by46qjdydhdevvrndac,porn,,at://did:plc:z6wmgp6pzov2fvdeyvhn5gjv/app.bsky.actor.profile/self,2025-12-13T04:33:53.786Z
b74e545c6e0646fe905205f8f7be92d3,2026-02-24T13:00:00Z,2026-02-24T13:12:48Z,auth,auth_enUS_labelerexp,at://did:plc:2mic5zrw6ziwaihn7svy3hzn/app.bsky.feed.post/3mfm7z6sves2u,bafyreifxvs2e7qqyphgikjmwsmehp75dgbnov2km3j3gcl5ja3a77qrboq,did:plc:2mic5zrw6ziwaihn7svy3hzn,!no-unauthenticated,,at://did:plc:2mic5zrw6ziwaihn7svy3hzn/app.bsky.actor.profile/self,1970-01-01T00:00:00.000Z
b74e545c6e0646fe905205f8f7be92d3,2026-02-24T13:00:00Z,2026-02-24T13:12:48Z,auth,auth_enUS_labelerexp,at://did:plc:ako65x53epqewjh4ozu7wjs2/app.bsky.feed.post/3mfm7lwy4lk22,bafyreiakotdaz37mnm62sic7vbxdyxhy7xjjvqgt5dxw3lalbzd6ittjk4,did:plc:ako65x53epqewjh4ozu7wjs2,!no-unauthenticated,,at://did:plc:ako65x53epqewjh4ozu7wjs2/app.bsky.actor.profile/self,1970-01-01T00:00:00.000Z
b74e545c6e0646fe905205f8f7be92d3,2026-02-24T13:00:00Z,2026-02-24T13:12:48Z,auth,auth_enUS_labelerexp,at://did:plc:2bsiqoguzzzrq5zj3vz6ab5x/app.bsky.feed.post/3mfm6mstazc2a,bafyreifvfvv7qhil2qugetcr6dwx337psupdfgzlc3wopewzjhxkabgfwi,did:plc:2bsiqoguzzzrq5zj3vz6ab5x,!no-unauthenticated,,at://did:plc:2bsiqoguzzzrq5zj3vz6ab5x/app.bsky.actor.profile/self,1970-01-01T00:00:00.000Z
b74e545c6e0646fe905205f8f7be92d3,2026-02-24T13:00:00Z,2026-02-24T13:12:48Z,auth,auth_enUS_labelerexp,at://did:plc:4u2rpzqsb7gwzxzreclza3le/app.bsky.feed.post/3mfm5zbrnb22m,bafyreicomgv6lzhkffz43cyvdbgcasymucxhi2s3kn2eje5nkdkntiiepa,did:plc:4u2rpzqsb7gwzxzreclza3le,!no-unauthenticated,,at://did:plc:4u2rpzqsb7gwzxzreclza3le/app.bsky.actor.profile/self,1970-01-01T00:00:00.000Z
b74e545c6e0646fe905205f8f7be92d3,2026-02-24T13:00:00Z,2026-02-24T13:12:48Z,auth,auth_enUS_labelerexp,at://did:plc:cqhuivxrwyy6dkbojlh5mgt5/app.bsky.feed.post/3mfm4r66muk2f,bafyreiarhjvmctnon4dsxvogtwoaay2nwtfjzf23hr3sxqswzx3dbxmve4,did:plc:cqhuivxrwyy6dkbojlh5mgt5,!no-unauthenticated,,at://did:plc:cqhuivxrwyy6dkbojlh5mgt5/app.bsky.actor.profile/self,1970-01-01T00:00:00.000Z
b74e545c6e0646fe905205f8f7be92d3,2026-02-24T13:00:00Z,2026-02-24T13:12:48Z,auth,auth_enUS_labelerexp,at://did:plc:nsvj3t6pkewnz5fuwoyudlry/app.bsky.feed.post/3mfm4qnnvwc2i,bafyreidhdwcsmvjn6cxxwbbhc4v4bzzrzvvcwr47ylog7rfp5lgcia4bs4,did:plc:nsvj3t6pkewnz5fuwoyudlry,!no-unauthenticated,,at://did:plc:nsvj3t6pkewnz5fuwoyudlry/app.bsky.actor.profile/self,1970-01-01T00:00:00.000Z
b74e545c6e0646fe905205f8f7be92d3,2026-02-24T13:00:00Z,2026-02-24T13:12:48Z,auth,auth_enUS_labelerexp,at://did:plc:oaigkv5z77w423zq4zziubcv/app.bsky.feed.post/3mfm4mewfd22u,bafyreife6rzodlt25wfpk53uoklrre2szv4z62muhrpkcvleyqi6b76gea,did:plc:oaigkv5z77w423zq4zziubcv,!no-unauthenticated,,at://did:plc:oaigkv5z77w423zq4zziubcv/app.bsky.actor.profile/self,1970-01-01T00:00:00.000Z
b74e545c6e0646fe905205f8f7be92d3,2026-02-24T13:00:00Z,2026-02-24T13:12:48Z,auth,auth_enUS_labelerexp,at://did:plc:lswjhcze5mt62gyu2xplbvdi/app.bsky.feed.post/3mfm4ejmu7s22,bafyreibiopgux2xto3ospeiiydifqmhuewltkyi7hm4zp6evmt5ndow5me,did:plc:lswjhcze5mt62gyu2xplbvdi,!no-unauthenticated,,at://did:plc:lswjhcze5mt62gyu2xplbvdi/app.bsky.actor.profile/self,1970-01-01T00:00:00.000Z
b74e545c6e0646fe905205f8f7be92d3,2026-02-24T13:00:00Z,2026-02-24T13:12:48Z,auth,auth_enUS_labelerexp,at://did:plc:nmab7vs3ud3ecvpvcqj2s7ma/app.bsky.feed.post/3mfm2mxcr4223,bafyreif7jbou6547ppkul7xybyuxfwcnram6sqk3l6pgnznc7r6ikrxjke,did:plc:nmab7vs3ud3ecvpvcqj2s7ma,!no-unauthenticated,,at://did:plc:nmab7vs3ud3ecvpvcqj2s7ma/app.bsky.actor.profile/self,2025-01-28T21:57:20.794Z
b74e545c6e0646fe905205f8f7be92d3,2026-02-24T13:00:00Z,2026-02-24T13:12:50Z,auth,auth_enUS_labelerexp,at://did:plc:odqmsar3ikz5ubokya4sempk/app.bsky.feed.post/3luit4xmgnk24,bafyreigb7j7sckzrovnaydehyvcdhgluovcuzmpvtgtlnidv5jdgtsgyry,did:plc:l624mewisyr6hymexmrjkprc,artistdesigner,,did:plc:odqmsar3ikz5ubokya4sempk,2025-07-18T21:18:07.510Z
b74e545c6e0646fe905205f8f7be92d3,2026-02-24T13:00:00Z,2026-02-24T13:12:50Z,auth,auth_enUS_labelerexp,at://did:plc:45qzd2uoeuixtc64wuv6objq/app.bsky.feed.post/3mfm6234tipa2,bafyreidjlf6qzjjiv2nbxg4ybdjbglyspyny2dov4hasbo6gs2lqo4vgqi,did:plc:45qzd2uoeuixtc64wuv6objq,bridged-from-bridgy-fed-activitypub,,at://did:plc:45qzd2uoeuixtc64wuv6objq/app.bsky.actor.profile/self,1970-01-01T00:00:00.000Z
b74e545c6e0646fe905205f8f7be92d3,2026-02-24T13:00:00Z,2026-02-24T13:12:50Z,auth,auth_enUS_labelerexp,at://did:plc:gy7yilnydusx5hy2z3dltynp/app.bsky.feed.post/3mfm4y2rbnyz2,bafyreifvezkach5kouva5vrutbkiajasjtn4wh7zernw6cimekv3yhlicu,did:plc:gy7yilnydusx5hy2z3dltynp,bridged-from-bridgy-fed-activitypub,,at://did:plc:gy7yilnydusx5hy2z3dltynp/app.bsky.actor.profile/self,1970-01-01T00:00:00.000Z
b74e545c6e0646fe905205f8f7be92d3,2026-02-24T13:00:00Z,2026-02-24T13:12:50Z,auth,auth_enUS_labelerexp,at://did:plc:gy7yilnydusx5hy2z3dltynp/app.bsky.feed.post/3mflpqm35z6n2,bafyreibuvnuspidyavgiyhbjqd2dytdcp5mw667n3ydb5nwx56ymzmfvia,did:plc:gy7yilnydusx5hy2z3dltynp,bridged-from-bridgy-fed-activitypub,,at://did:plc:gy7yilnydusx5hy2z3dltynp/app.bsky.actor.profile/self,1970-01-01T00:00:00.000Z
b74e545c6e0646fe905205f8f7be92d3,2026-02-24T13:00:00Z,2026-02-24T13:12:50Z,auth,auth_enUS_labelerexp,at://did:plc:45qzd2uoeuixtc64wuv6objq/app.bsky.feed.post/3mfljsmru4i62,bafyreick52aeuwlhvnyc542ty7et47qvwyimlbeiqirqyytog4jhiymxei,did:plc:45qzd2uoeuixtc64wuv6objq,bridged-from-bridgy-fed-activitypub,,at://did:plc:45qzd2uoeuixtc64wuv6objq/app.bsky.actor.profile/self,1970-01-01T00:00:00.000Z
b74e545c6e0646fe905205f8f7be92d3,2026-02-24T13:00:00Z,2026-02-24T13:12:50Z,auth,auth_enUS_labelerexp,at://did:plc:gy7yilnydusx5hy2z3dltynp/app.bsky.feed.post/3mflcgnwhz422,bafyreig5txqqkaj3ktl3xbhl377d6hsig6clfotzua2hajhgccr24l4yqm,did:plc:gy7yilnydusx5hy2z3dltynp,bridged-from-bridgy-fed-activitypub,,at://did:plc:gy7yilnydusx5hy2z3dltynp/app.bsky.actor.profile/self,1970-01-01T00:00:00.000Z
b74e545c6e0646fe905205f8f7be92d3,2026-02-24T13:00:00Z,2026-02-24T13:12:50Z,auth,auth_enUS_labelerexp,at://did:plc:awjdyracmjxbhjkw3j6r2trb/app.bsky.feed.post/3mflb5xbbdc24,bafyreiakaqmtextrg65x64c4kdr6ovrsg7k36xhnyiu3llnoh55e2v6jci,did:plc:awjdyracmjxbhjkw3j6r2trb,!no-unauthenticated,,at://did:plc:awjdyracmjxbhjkw3j6r2trb/app.bsky.actor.profile/self,1970-01-01T00:00:00.000Z
b74e545c6e0646fe905205f8f7be92d3,2026-02-24T13:00:00Z,2026-02-24T13:12:50Z,auth,auth_enUS_labelerexp,at://did:plc:vejdejmydqe6svdy3ut5qjdb/app.bsky.feed.post/3mfl6jzrlwc2f,bafyreidrbpzlyfg7lwb3yvy4wrrdsf3tru2dipttnm4m24jrdpy6e7u5pu,did:plc:l624mewisyr6hymexmrjkprc,writer,,did:plc:vejdejmydqe6svdy3ut5qjdb,2024-11-20T22:09:54.350Z
b74e545c6e0646fe905205f8f7be92d3,2026-02-24T13:00:00Z,2026-02-24T13:12:50Z,auth,auth_enUS_labelerexp,at://did:plc:hxl4q3r6ogssbhz7txqsl4b5/app.bsky.feed.post/3mfl44en4ps2j,bafyreigkbuy4s7ylx3sojxejen7naer3wzkgbglpmsmilryvnkpgq4arfq,did:plc:hxl4q3r6ogssbhz7txqsl4b5,!no-unauthenticated,,at://did:plc:hxl4q3r6ogssbhz7txqsl4b5/app.bsky.actor.profile/self,1970-01-01T00:00:00.000Z
b74e545c6e0646fe905205f8f7be92d3,2026-02-24T13:00:00Z,2026-02-24T13:12:50Z,auth,auth_enUS_labelerexp,at://did:plc:g47g3yqbtknzj2v2ddf55gig/app.bsky.feed.post/3mfkzmhsyd5z2,bafyreidoe4cewehjtbubkkvjv6u35sptnykagd455yfgzefnzx6srsgxmy,did:plc:g47g3yqbtknzj2v2ddf55gig,bridged-from-bridgy-fed-activitypub,,at://did:plc:g47g3yqbtknzj2v2ddf55gig/app.bsky.actor.profile/self,1970-01-01T00:00:00.000Z
b74e545c6e0646fe905205f8f7be92d3,2026-02-24T13:00:00Z,2026-02-24T13:12:50Z,auth,auth_enUS_labelerexp,at://did:plc:lyarzs6flagmghqy334dp3c3/app.bsky.feed.post/3mfkzkdb5vs2m,bafyreibnjf67ttddyz5dvoskcisyvfohff2sjcsxcitcxam2zjfhflv5he,did:plc:lyarzs6flagmghqy334dp3c3,!no-unauthenticated,,at://did:plc:lyarzs6flagmghqy334dp3c3/app.bsky.actor.profile/self,1970-01-01T00:00:00.000Z
b74e545c6e0646fe905205f8f7be92d3,2026-02-24T13:00:00Z,2026-02-24T13:12:50Z,auth,auth_enUS_labelerexp,at://did:plc:45qzd2uoeuixtc64wuv6objq/app.bsky.feed.post/3mfkw5uyeouf2,bafyreicxobzakae3zwosca4j6t5ch6ird5pn4ixoxyobce6s6qyooy3rmm,did:plc:45qzd2uoeuixtc64wuv6objq,bridged-from-bridgy-fed-activitypub,,at://did:plc:45qzd2uoeuixtc64wuv6objq/app.bsky.actor.profile/self,1970-01-01T00:00:00.000Z
b74e545c6e0646fe905205f8f7be92d3,2026-02-24T13:00:00Z,2026-02-24T13:12:50Z,auth,auth_enUS_labelerexp,at://did:plc:gy7yilnydusx5hy2z3dltynp/app.bsky.feed.post/3mfkuesji7zz2,bafyreicg3hzaq2z72fchj7iewxqi2awl5azmhy7g4g4jgsbzsien5hx72i,did:plc:gy7yilnydusx5hy2z3dltynp,bridged-from-bridgy-fed-activitypub,,at://did:plc:gy7yilnydusx5hy2z3dltynp/app.bsky.actor.profile/self,1970-01-01T00:00:00.000Z
b74e545c6e0646fe905205f8f7be92d3,2026-02-24T13:00:00Z,2026-02-24T13:12:50Z,auth,auth_enUS_labelerexp,at://did:plc:cbhkiiuhopbhxiko7em2e2ut/app.bsky.feed.post/3mfku7baek22k,bafyreihb2hrulvtfckxbcgpww7ahl3j7nwcahpoqjeye73quzymhk4ttci,did:plc:cbhkiiuhopbhxiko7em2e2ut,!no-unauthenticated,,at://did:plc:cbhkiiuhopbhxiko7em2e2ut/app.bsky.actor.profile/self,1970-01-01T00:00:00.000Z
b74e545c6e0646fe905205f8f7be92d3,2026-02-24T13:00:00Z,2026-02-24T13:12:50Z,auth,auth_enUS_labelerexp,at://did:plc:o4b642xc7m6bkcrdzzfmojwr/app.bsky.feed.post/3mfkks4dmx22d,bafyreidgrblb4x7fmhvh3ro7vpstpfptw5l6b6wbgfgws6q2zja62i54ji,did:plc:o4b642xc7m6bkcrdzzfmojwr,!no-unauthenticated,,at://did:plc:o4b642xc7m6bkcrdzzfmojwr/app.bsky.actor.profile/self,2025-03-05T23:02:44.897Z
b74e545c6e0646fe905205f8f7be92d3,2026-02-24T13:00:00Z,2026-02-24T13:12:50Z,auth,auth_enUS_labelerexp,at://did:plc:gy7yilnydusx5hy2z3dltynp/app.bsky.feed.post/3mfkh23ih2dt2,bafyreige2vjxvcxui66hph2hoxjo6cpjjq7qts2okozc4nyay7rvttxq7i,did:plc:gy7yilnydusx5hy2z3dltynp,bridged-from-bridgy-fed-activitypub,,at://did:plc:gy7yilnydusx5hy2z3dltynp/app.bsky.actor.profile/self,1970-01-01T00:00:00.000Z
b74e545c6e0646fe905205f8f7be92d3,2026-02-24T13:00:00Z,2026-02-24T13:12:50Z,auth,auth_enUS_labelerexp,at://did:plc:sczlpovw32qb4sbayubq5olf/app.bsky.feed.post/3mfkge44oms27,bafyreiciczg5vy62lqjitciy6q7ghcab54zhtceu6ve4fsmenwdvctslg4,did:plc:uac6er53o2pvr5y2qmvaf7hw,abusive,,did:plc:sczlpovw32qb4sbayubq5olf,2025-04-20T20:01:44.541Z
b74e545c6e0646fe905205f8f7be92d3,2026-02-24T13:00:00Z,2026-02-24T13:12:50Z,auth,auth_enUS_labelerexp,at://did:plc:sczlpovw32qb4sbayubq5olf/app.bsky.feed.post/3mfkge44oms27,bafyreiciczg5vy62lqjitciy6q7ghcab54zhtceu6ve4fsmenwdvctslg4,did:plc:uac6er53o2pvr5y2qmvaf7hw,blocks,,did:plc:sczlpovw32qb4sbayubq5olf,2025-04-23T19:22:19.957Z
b74e545c6e0646fe905205f8f7be92d3,2026-02-24T13:00:00Z,2026-02-24T13:12:50Z,auth,auth_enUS_labelerexp,at://did:plc:sczlpovw32qb4sbayubq5olf/app.bsky.feed.post/3mfkge44oms27,bafyreiciczg5vy62lqjitciy6q7ghcab54zhtceu6ve4fsmenwdvctslg4,did:plc:uac6er53o2pvr5y2qmvaf7hw,disinfo,,did:plc:sczlpovw32qb4sbayubq5olf,2025-04-20T20:01:44.541Z
b74e545c6e0646fe905205f8f7be92d3,2026-02-24T13:00:00Z,2026-02-24T13:12:50Z,auth,auth_enUS_labelerexp,at://did:plc:sczlpovw32qb4sbayubq5olf/app.bsky.feed.post/3mfkge44oms27,bafyreiciczg5vy62lqjitciy6q7ghcab54zhtceu6ve4fsmenwdvctslg4,did:plc:sczlpovw32qb4sbayubq5olf,!no-unauthenticated,,at://did:plc:sczlpovw32qb4sbayubq5olf/app.bsky.actor.profile/self,1970-01-01T00:00:00.000Z
b74e545c6e0646fe905205f8f7be92d3,2026-02-24T13:00:00Z,2026-02-24T13:12:51Z,auth,auth_enUS_labelerexp,at://did:plc:bizs3lzm6yypaov2sy2vdvxk/app.bsky.feed.post/3mfmaf3aj222i,bafyreif3avcgxzepfgqbiwbc6cdiwab34fzxgkt6nj5y6csc5tlp6lr5fu,did:plc:uac6er53o2pvr5y2qmvaf7hw,high-hashtag-count,,at://did:plc:bizs3lzm6yypaov2sy2vdvxk/app.bsky.feed.post/3mfmaf3aj222i,2026-02-24T13:08:46.174Z
b74e545c6e0646fe905205f8f7be92d3,2026-02-24T13:00:00Z,2026-02-24T13:12:51Z,auth,auth_enUS_labelerexp,at://did:plc:bizs3lzm6yypaov2sy2vdvxk/app.bsky.feed.post/3mfmaf3aj222i,bafyreif3avcgxzepfgqbiwbc6cdiwab34fzxgkt6nj5y6csc5tlp6lr5fu,did:plc:uac6er53o2pvr5y2qmvaf7hw,high-total-facet-count,,at://did:plc:bizs3lzm6yypaov2sy2vdvxk/app.bsky.feed.post/3mfmaf3aj222i,2026-02-24T13:08:46.182Z
b74e545c6e0646fe905205f8f7be92d3,2026-02-24T13:00:00Z,2026-02-24T13:12:51Z,auth,auth_enUS_labelerexp,at://did:plc:bizs3lzm6yypaov2sy2vdvxk/app.bsky.feed.post/3mfmaf3aj222i,bafyreif3avcgxzepfgqbiwbc6cdiwab34fzxgkt6nj5y6csc5tlp6lr5fu,did:plc:ar7c4by46qjdydhdevvrndac,porn,,at://did:plc:bizs3lzm6yypaov2sy2vdvxk/app.bsky.feed.post/3mfmaf3aj222i,2026-02-24T13:08:47.000Z
b74e545c6e0646fe905205f8f7be92d3,2026-02-24T13:00:00Z,2026-02-24T13:12:51Z,auth,auth_enUS_labelerexp,at://did:plc:bdwxdfqa6les5p755kfz2xcg/app.bsky.feed.post/3mfma7sf7rc2s,bafyreiaqcw3ld5hu5jrklmqqwi7xflk5msdqpm36r3a6zxcpuesieqqimi,did:plc:bdwxdfqa6les5p755kfz2xcg,!no-unauthenticated,,at://did:plc:bdwxdfqa6les5p755kfz2xcg/app.bsky.actor.profile/self,1970-01-01T00:00:00.000Z
b74e545c6e0646fe905205f8f7be92d3,2026-02-24T13:00:00Z,2026-02-24T13:12:51Z,auth,auth_enUS_labelerexp,at://did:plc:yjkkqtgx6kudbptd4ud735fz/app.bsky.feed.post/3mfm7oxqogk2t,bafyreif5jnupczta5u3lqgbbd4vkkc25ak43cxspzb4ozd62zhzsduvk3m,did:plc:yjkkqtgx6kudbptd4ud735fz,!no-unauthenticated,,at://did:plc:yjkkqtgx6kudbptd4ud735fz/app.bsky.actor.profile/self,1970-01-01T00:00:00.000Z
b74e545c6e0646fe905205f8f7be92d3,2026-02-24T13:00:00Z,2026-02-24T13:12:51Z,auth,auth_enUS_labelerexp,at://did:plc:5xlp4ovgylgl55zdfw6z7byt/app.bsky.feed.post/3mfm76mos4s2e,bafyreihziijjgefqu4m3uj5b5ujxsxzcji4wjxjfiy6ustugvunkwoiz4y,did:plc:5xlp4ovgylgl55zdfw6z7byt,sexual,,at://did:plc:5xlp4ovgylgl55zdfw6z7byt/app.bsky.feed.post/3mfm76mos4s2e,2026-02-24T12:47:10.117Z
b74e545c6e0646fe905205f8f7be92d3,2026-02-24T13:00:00Z,2026-02-24T13:12:51Z,auth,auth_enUS_labelerexp,at://did:plc:ucfjhqofbcan5sxlnpvrtvhy/app.bsky.feed.post/3mfm5vypcjs25,bafyreifeiujvi3mpip66wzsarf7mps53mn2avfcwy3k6iqsk7vtuufyjdi,did:plc:ucfjhqofbcan5sxlnpvrtvhy,!no-unauthenticated,,at://did:plc:ucfjhqofbcan5sxlnpvrtvhy/app.bsky.actor.profile/self,1970-01-01T00:00:00.000Z
b74e545c6e0646fe905205f8f7be92d3,2026-02-24T13:00:00Z,2026-02-24T13:12:51Z,auth,auth_enUS_labelerexp,at://did:plc:hz3lh6f66ydjbueftqmrvnas/app.bsky.feed.post/3mfm5etej2c2p,bafyreifpv43u2mcb7t55alg6v5t44nt3kbss3eaz4oxsds3ux2y6jf3hqa,did:plc:ar7c4by46qjdydhdevvrndac,nudity,,did:plc:hz3lh6f66ydjbueftqmrvnas,2024-09-23T04:37:12.760Z
b74e545c6e0646fe905205f8f7be92d3,2026-02-24T13:00:00Z,2026-02-24T13:12:51Z,auth,auth_enUS_labelerexp,at://did:plc:hz3lh6f66ydjbueftqmrvnas/app.bsky.feed.post/3mfm5etej2c2p,bafyreifpv43u2mcb7t55alg6v5t44nt3kbss3eaz4oxsds3ux2y6jf3hqa,did:plc:hz3lh6f66ydjbueftqmrvnas,!no-unauthenticated,,at://did:plc:hz3lh6f66ydjbueftqmrvnas/app.bsky.actor.profile/self,1970-01-01T00:00:00.000Z
b74e545c6e0646fe905205f8f7be92d3,2026-02-24T13:00:00Z,2026-02-24T13:12:51Z,auth,auth_enUS_labelerexp,at://did:plc:yjkkqtgx6kudbptd4ud735fz/app.bsky.feed.post/3mfm5ehuauk25,bafyreiduwi4ye3fgsadd7uhuvvbxjrk5tjbfw3ri6w4t3o4vusbbbhto34,did:plc:yjkkqtgx6kudbptd4ud735fz,!no-unauthenticated,,at://did:plc:yjkkqtgx6kudbptd4ud735fz/app.bsky.actor.profile/self,1970-01-01T00:00:00.000Z
b74e545c6e0646fe905205f8f7be92d3,2026-02-24T13:00:00Z,2026-02-24T13:12:51Z,auth,auth_enUS_labelerexp,at://did:plc:yjkkqtgx6kudbptd4ud735fz/app.bsky.feed.post/3mfm4wolohs2u,bafyreibek57iwqtjy66jo76a6fqphh556qlkustc6ov4om3pxk5bedjf6u,did:plc:yjkkqtgx6kudbptd4ud735fz,!no-unauthenticated,,at://did:plc:yjkkqtgx6kudbptd4ud735fz/app.bsky.actor.profile/self,1970-01-01T00:00:00.000Z
b74e545c6e0646fe905205f8f7be92d3,2026-02-24T13:00:00Z,2026-02-24T13:12:51Z,auth,auth_enUS_labelerexp,at://did:plc:vrbfjvktbaipqanidi5ybue5/app.bsky.feed.post/3mfm3o6i7ms2a,bafyreifoxw7ugpyg7vsfunea3w45yqqpnfq2pdl3qeuajzpruvo7kkbauq,did:plc:vrbfjvktbaipqanidi5ybue5,!no-unauthenticated,,at://did:plc:vrbfjvktbaipqanidi5ybue5/app.bsky.actor.profile/self,1970-01-01T00:00:00.000Z
b74e545c6e0646fe905205f8f7be92d3,2026-02-24T13:00:00Z,2026-02-24T13:12:51Z,auth,auth_enUS_labelerexp,at://did:plc:nxphfcqwsn3eszntc6qib7hv/app.bsky.feed.post/3mfm2n5vvws2u,bafyreibkukigqeg3amcqechf43kditvqhj7saa2gee5jtp7ycnsf352iiq,did:plc:nxphfcqwsn3eszntc6qib7hv,sexual,,at://did:plc:nxphfcqwsn3eszntc6qib7hv/app.bsky.feed.post/3mfm2n5vvws2u,2026-02-24T11:25:49.228Z
b74e545c6e0646fe905205f8f7be92d3,2026-02-24T13:00:00Z,2026-02-24T13:12:51Z,auth,auth_enUS_labelerexp,at://did:plc:2nuloaa7bvmb4cpnsmlm7an7/app.bsky.feed.post/3mflzocmtgc27,bafyreifqjqy3c4liiw45pvjba67t2ld477plugb6t7bs6yycfhgf2ecnz4,did:plc:uac6er53o2pvr5y2qmvaf7hw,meta-link,,at://did:plc:2nuloaa7bvmb4cpnsmlm7an7/app.bsky.actor.profile/self,2025-07-01T22:07:46.575Z
b74e545c6e0646fe905205f8f7be92d3,2026-02-24T13:00:00Z,2026-02-24T13:12:51Z,auth,auth_enUS_labelerexp,at://did:plc:2nuloaa7bvmb4cpnsmlm7an7/app.bsky.feed.post/3mflzocmtgc27,bafyreifqjqy3c4liiw45pvjba67t2ld477plugb6t7bs6yycfhgf2ecnz4,did:plc:uac6er53o2pvr5y2qmvaf7hw,tiktok-link,,at://did:plc:2nuloaa7bvmb4cpnsmlm7an7/app.bsky.actor.profile/self,2025-07-01T22:06:26.173Z
b74e545c6e0646fe905205f8f7be92d3,2026-02-24T13:00:00Z,2026-02-24T13:12:51Z,auth,auth_enUS_labelerexp,at://did:plc:5sjduugcbs2xigcmvb53hxlc/app.bsky.feed.post/3mflzanwjos2w,bafyreia4udqr3got24jl6sptrtwfcubqm5ykg5ihre3765jwb4jmg5qtpu,did:plc:5sjduugcbs2xigcmvb53hxlc,sexual,,at://did:plc:5sjduugcbs2xigcmvb53hxlc/app.bsky.feed.post/3mflzanwjos2w,2026-02-24T11:00:56.071Z
b74e545c6e0646fe905205f8f7be92d3,2026-02-24T13:00:00Z,2026-02-24T13:12:51Z,auth,auth_enUS_labelerexp,at://did:plc:5w6efo7srqv5ivytlyf5ddz4/app.bsky.feed.post/3mflxlekzm22k,bafyreihoujdx7g7spasw4emod4c7odog5on3uhppjv2e6pdd56p3fuqlz4,did:plc:5w6efo7srqv5ivytlyf5ddz4,porn,,at://did:plc:5w6efo7srqv5ivytlyf5ddz4/app.bsky.feed.post/3mflxlekzm22k,2026-02-24T10:31:07.871Z
b74e545c6e0646fe905205f8f7be92d3,2026-02-24T13:00:00Z,2026-02-24T13:12:51Z,auth,auth_enUS_labelerexp,at://did:plc:r4jgdnjgb25lpobttxgwxhm7/app.bsky.feed.post/3mflxgqazjs2g,bafyreiaa6dd3h5l6orsb7idsdihrsfreaw6zgo75k5cov5sx6kg6lbzmdm,did:plc:r4jgdnjgb25lpobttxgwxhm7,!no-unauthenticated,,at://did:plc:r4jgdnjgb25lpobttxgwxhm7/app.bsky.actor.profile/self,1970-01-01T00:00:00.000Z
b74e545c6e0646fe905205f8f7be92d3,2026-02-24T13:00:00Z,2026-02-24T13:12:51Z,auth,auth_enUS_labelerexp,at://did:plc:ufxe4ojy6k6ofoakh3gfy2kt/app.bsky.feed.post/3mflv77effs2t,bafyreih54waq2zticdrwvfi372jvmcxaghu3fmqkhhrez2oxdktikjremm,did:plc:ufxe4ojy6k6ofoakh3gfy2kt,!no-unauthenticated,,at://did:plc:ufxe4ojy6k6ofoakh3gfy2kt/app.bsky.actor.profile/self,2024-11-08T16:51:57.413Z
b74e545c6e0646fe905205f8f7be92d3,2026-02-24T13:00:00Z,2026-02-24T13:12:51Z,auth,auth_enUS_labelerexp,at://did:plc:micafsi2eyxeijrbd6bx3xxi/app.bsky.feed.post/3mfluniiwjc2b,bafyreigro5gtqjfmwthznr2hgxd3jki2ukuuvdchmvicjscnfp57mujbhm,did:plc:ar7c4by46qjdydhdevvrndac,porn,,at://did:plc:micafsi2eyxeijrbd6bx3xxi/app.bsky.actor.profile/self,2024-11-24T09:36:00.571Z
b74e545c6e0646fe905205f8f7be92d3,2026-02-24T13:00:00Z,2026-02-24T13:12:51Z,auth,auth_enUS_labelerexp,at://did:plc:micafsi2eyxeijrbd6bx3xxi/app.bsky.feed.post/3mfluniiwjc2b,bafyreigro5gtqjfmwthznr2hgxd3jki2ukuuvdchmvicjscnfp57mujbhm,did:plc:micafsi2eyxeijrbd6bx3xxi,!no-unauthenticated,,at://did:plc:micafsi2eyxeijrbd6bx3xxi/app.bsky.actor.profile/self,1970-01-01T00:00:00.000Z
b74e545c6e0646fe905205f8f7be92d3,2026-02-24T13:00:00Z,2026-02-24T13:12:51Z,auth,auth_enUS_labelerexp,at://did:plc:micafsi2eyxeijrbd6bx3xxi/app.bsky.feed.post/3mfludhasnk2b,bafyreicbp6eavtzipbkegr5hiuqidxyz3zrbt24x6viltjwl6mm5rwnpsa,did:plc:ar7c4by46qjdydhdevvrndac,porn,,at://did:plc:micafsi2eyxeijrbd6bx3xxi/app.bsky.feed.post/3mfludhasnk2b,2026-02-24T09:33:06.313Z
b74e545c6e0646fe905205f8f7be92d3,2026-02-24T13:00:00Z,2026-02-24T13:12:51Z,auth,auth_enUS_labelerexp,at://did:plc:micafsi2eyxeijrbd6bx3xxi/app.bsky.feed.post/3mfludhasnk2b,bafyreicbp6eavtzipbkegr5hiuqidxyz3zrbt24x6viltjwl6mm5rwnpsa,did:plc:micafsi2eyxeijrbd6bx3xxi,porn,,at://did:plc:micafsi2eyxeijrbd6bx3xxi/app.bsky.feed.post/3mfludhasnk2b,2026-02-24T09:33:01.030Z
b74e545c6e0646fe905205f8f7be92d3,2026-02-24T13:00:00Z,2026-02-24T13:12:51Z,auth,auth_enUS_labelerexp,at://did:plc:micafsi2eyxeijrbd6bx3xxi/app.bsky.feed.post/3mfludhasnk2b,bafyreicbp6eavtzipbkegr5hiuqidxyz3zrbt24x6viltjwl6mm5rwnpsa,did:plc:ar7c4by46qjdydhdevvrndac,porn,,at://did:plc:micafsi2eyxeijrbd6bx3xxi/app.bsky.actor.profile/self,2024-11-24T09:36:00.571Z
b74e545c6e0646fe905205f8f7be92d3,2026-02-24T13:00:00Z,2026-02-24T13:12:51Z,auth,auth_enUS_labelerexp,at://did:plc:micafsi2eyxeijrbd6bx3xxi/app.bsky.feed.post/3mfludhasnk2b,bafyreicbp6eavtzipbkegr5hiuqidxyz3zrbt24x6viltjwl6mm5rwnpsa,did:plc:micafsi2eyxeijrbd6bx3xxi,!no-unauthenticated,,at://did:plc:micafsi2eyxeijrbd6bx3xxi/app.bsky.actor.profile/self,1970-01-01T00:00:00.000Z
b74e545c6e0646fe905205f8f7be92d3,2026-02-24T13:00:00Z,2026-02-24T13:12:51Z,auth,auth_enUS_labelerexp,at://did:plc:vrbfjvktbaipqanidi5ybue5/app.bsky.feed.post/3mflu5r5jyk25,bafyreib6435i7qpm3whfw5simoqgtdyy7qnnyxkccyqh4tbdhsl25gci64,did:plc:vrbfjvktbaipqanidi5ybue5,!no-unauthenticated,,at://did:plc:vrbfjvktbaipqanidi5ybue5/app.bsky.actor.profile/self,1970-01-01T00:00:00.000Z
b74e545c6e0646fe905205f8f7be92d3,2026-02-24T13:00:00Z,2026-02-24T13:12:51Z,auth,auth_enUS_labelerexp,at://did:plc:cafg5lqzcmkqh24lmhm6lenl/app.bsky.feed.post/3mfltns7uk225,bafyreifpsbiaxcbgqrfow4oy6i3rifvuyai7fi6ypfckkoibrd2ltambui,did:plc:cafg5lqzcmkqh24lmhm6lenl,!no-unauthenticated,,at://did:plc:cafg5lqzcmkqh24lmhm6lenl/app.bsky.actor.profile/self,1970-01-01T00:00:00.000Z
b74e545c6e0646fe905205f8f7be92d3,2026-02-24T13:00:00Z,2026-02-24T13:12:51Z,auth,auth_enUS_labelerexp,at://did:plc:jpm4cd25r26laktkdwfybriw/app.bsky.feed.post/3mflt75pwe22t,bafyreidenf2ubhxjvq4n3hlpyq4n7yl2lctovzo5lqygknbkio4czrnhwa,did:plc:ar7c4by46qjdydhdevvrndac,porn,,at://did:plc:jpm4cd25r26laktkdwfybriw/app.bsky.feed.post/3mflt75pwe22t,2026-02-24T09:12:48.876Z
b74e545c6e0646fe905205f8f7be92d3,2026-02-24T13:00:00Z,2026-02-24T13:12:51Z,auth,auth_enUS_labelerexp,at://did:plc:j34ptvr34jeq2dnznuzaiqk2/app.bsky.feed.post/3mfls3wha6k24,bafyreih7lakl37pdh5ngdo3sva6vfbenzgnei56gglbnhlzviao3q455ea,did:plc:j34ptvr34jeq2dnznuzaiqk2,!no-unauthenticated,,at://did:plc:j34ptvr34jeq2dnznuzaiqk2/app.bsky.actor.profile/self,1970-01-01T00:00:00.000Z
b74e545c6e0646fe905205f8f7be92d3,2026-02-24T13:00:00Z,2026-02-24T13:12:51Z,auth,auth_enUS_labelerexp,at://did:plc:j34ptvr34jeq2dnznuzaiqk2/app.bsky.feed.post/3mflrzoyjes24,bafyreiadyxpjtd7unyhhtf7q46qllzyrgpoayvr2ox4jchrezofwyewhni,did:plc:j34ptvr34jeq2dnznuzaiqk2,!no-unauthenticated,,at://did:plc:j34ptvr34jeq2dnznuzaiqk2/app.bsky.actor.profile/self,1970-01-01T00:00:00.000Z
b74e545c6e0646fe905205f8f7be92d3,2026-02-24T13:00:00Z,2026-02-24T13:12:51Z,auth,auth_enUS_labelerexp,at://did:plc:4mj4jurgo5xnb5qo7hsxfjw6/app.bsky.feed.post/3mflq46ack22i,bafyreigjznf646cv6frtxnpbiag6cmjs5fugkq57m4mh36kq3tkdcdjhwq,did:plc:4mj4jurgo5xnb5qo7hsxfjw6,!no-unauthenticated,,at://did:plc:4mj4jurgo5xnb5qo7hsxfjw6/app.bsky.actor.profile/self,1970-01-01T00:00:00.000Z
b74e545c6e0646fe905205f8f7be92d3,2026-02-24T13:00:00Z,2026-02-24T13:12:51Z,auth,auth_enUS_labelerexp,at://did:plc:ydunclv7x3vng3hkof6dryc7/app.bsky.feed.post/3mflozb4gvk27,bafyreiekji2lnbyfnckwxvdyev73nzeummssmlygnxbgt45vbndconhomi,did:plc:ar7c4by46qjdydhdevvrndac,sexual,,at://did:plc:ydunclv7x3vng3hkof6dryc7/app.bsky.feed.post/3mflozb4gvk27,2026-02-24T07:57:56.346Z
b74e545c6e0646fe905205f8f7be92d3,2026-02-24T13:00:00Z,2026-02-24T13:12:51Z,auth,auth_enUS_labelerexp,at://did:plc:ydunclv7x3vng3hkof6dryc7/app.bsky.feed.post/3mflozb4gvk27,bafyreiekji2lnbyfnckwxvdyev73nzeummssmlygnxbgt45vbndconhomi,did:plc:ydunclv7x3vng3hkof6dryc7,porn,,at://did:plc:ydunclv7x3vng3hkof6dryc7/app.bsky.feed.post/3mflozb4gvk27,2026-02-24T07:57:50.342Z
b74e545c6e0646fe905205f8f7be92d3,2026-02-24T13:00:00Z,2026-02-24T13:12:51Z,auth,auth_enUS_labelerexp,at://did:plc:ydunclv7x3vng3hkof6dryc7/app.bsky.feed.post/3mflotofpus27,bafyreieixvlapz4qbsxdpehe5len5fiwsdh3k5xs57s3tzyqt7vbnmten4,did:plc:ar7c4by46qjdydhdevvrndac,nudity,,at://did:plc:ydunclv7x3vng3hkof6dryc7/app.bsky.feed.post/3mflotofpus27,2026-02-24T07:54:48.761Z
b74e545c6e0646fe905205f8f7be92d3,2026-02-24T13:00:00Z,2026-02-24T13:12:51Z,auth,auth_enUS_labelerexp,at://did:plc:4mj4jurgo5xnb5qo7hsxfjw6/app.bsky.feed.post/3mflojdu3is2o,bafyreiaubwiffd5efsrmxwjahxatidm3saovgpkwjsprgnftvctjazyrvy,did:plc:4mj4jurgo5xnb5qo7hsxfjw6,!no-unauthenticated,,at://did:plc:4mj4jurgo5xnb5qo7hsxfjw6/app.bsky.actor.profile/self,1970-01-01T00:00:00.000Z
b74e545c6e0646fe905205f8f7be92d3,2026-02-24T13:00:00Z,2026-02-24T13:12:51Z,auth,auth_enUS_labelerexp,at://did:plc:lugdrylhevsxh7h3jfhshvwz/app.bsky.feed.post/3mfllon5eis2c,bafyreifwe43cytbc7oxydzwxol3cbfj4lddgiqyt2htacfl5zcfdb6tgge,did:plc:ar7c4by46qjdydhdevvrndac,porn,,at://did:plc:lugdrylhevsxh7h3jfhshvwz/app.bsky.actor.profile/self,2024-12-26T01:59:18.309Z
b74e545c6e0646fe905205f8f7be92d3,2026-02-24T13:00:00Z,2026-02-24T13:12:51Z,auth,auth_enUS_labelerexp,at://did:plc:wtzuscce7ppkh33ncuz7jw6l/app.bsky.feed.post/3mflkznpatk2y,bafyreidbvv3i73xhxnjq4grfjovxowzb67qfqjiaeg7azl463cux6ykhfq,did:plc:ar7c4by46qjdydhdevvrndac,porn,,at://did:plc:wtzuscce7ppkh33ncuz7jw6l/app.bsky.feed.post/3mflkznpatk2y,2026-02-24T06:46:30.794Z
b74e545c6e0646fe905205f8f7be92d3,2026-02-24T13:00:00Z,2026-02-24T13:12:51Z,auth,auth_enUS_labelerexp,at://did:plc:wtzuscce7ppkh33ncuz7jw6l/app.bsky.feed.post/3mflkznpatk2y,bafyreidbvv3i73xhxnjq4grfjovxowzb67qfqjiaeg7azl463cux6ykhfq,did:plc:ar7c4by46qjdydhdevvrndac,porn,,at://did:plc:wtzuscce7ppkh33ncuz7jw6l/app.bsky.actor.profile/self,2024-06-18T13:13:34.069Z
b74e545c6e0646fe905205f8f7be92d3,2026-02-24T13:00:00Z,2026-02-24T13:12:51Z,auth,auth_enUS_labelerexp,at://did:plc:nujawgku7u6pdsqr5ahtt4hv/app.bsky.feed.post/3mflkrkvqzk2l,bafyreie25rjru3qxxfnks5pbojtzxvgs4vkfxw3rwvdrseqlsiut3rjvyi,did:plc:ar7c4by46qjdydhdevvrndac,porn,,at://did:plc:nujawgku7u6pdsqr5ahtt4hv/app.bsky.actor.profile/self,2024-07-25T07:37:12.122Z
b74e545c6e0646fe905205f8f7be92d3,2026-02-24T13:00:00Z,2026-02-24T13:12:51Z,auth,auth_enUS_labelerexp,at://did:plc:jjinxh6ol5lfrrsoepciqjyk/app.bsky.feed.post/3mfljkwm6d22g,bafyreicsmaaew5zzd3xsmczn32uvoh4cvrjqugycdy3vd5zleqghpgnoom,did:plc:ar7c4by46qjdydhdevvrndac,sexual,,at://did:plc:jjinxh6ol5lfrrsoepciqjyk/app.bsky.feed.post/3mfljkwm6d22g,2026-02-24T06:20:22.948Z
b74e545c6e0646fe905205f8f7be92d3,2026-02-24T13:00:00Z,2026-02-24T13:12:51Z,auth,auth_enUS_labelerexp,at://did:plc:jjinxh6ol5lfrrsoepciqjyk/app.bsky.feed.post/3mfljkwm6d22g,bafyreicsmaaew5zzd3xsmczn32uvoh4cvrjqugycdy3vd5zleqghpgnoom,did:plc:ar7c4by46qjdydhdevvrndac,porn,,at://did:plc:jjinxh6ol5lfrrsoepciqjyk/app.bsky.actor.profile/self,2025-02-19T14:32:06.873Z
b74e545c6e0646fe905205f8f7be92d3,2026-02-24T13:00:00Z,2026-02-24T13:12:51Z,auth,auth_enUS_labelerexp,at://did:plc:k46x6eqya6ocm3jdr5iigxdx/app.bsky.feed.post/3mflj3ptk6c2i,bafyreia5bznxotvtrn24ob5iey4ortbxhvqj7og2q2xjret6qt64riy5am,did:plc:k46x6eqya6ocm3jdr5iigxdx,!no-unauthenticated,,at://did:plc:k46x6eqya6ocm3jdr5iigxdx/app.bsky.actor.profile/self,1970-01-01T00:00:00.000Z
b74e545c6e0646fe905205f8f7be92d3,2026-02-24T13:00:00Z,2026-02-24T13:12:51Z,auth,auth_enUS_labelerexp,at://did:plc:32yfwn7nxprcdvtccf23uyhb/app.bsky.feed.post/3mflize33622p,bafyreicujrbaqcxcmu6qz677yrcwky3tzogjs6epexbkm7bldzkiherti4,did:plc:32yfwn7nxprcdvtccf23uyhb,!no-unauthenticated,,at://did:plc:32yfwn7nxprcdvtccf23uyhb/app.bsky.actor.profile/self,1970-01-01T00:00:00.000Z
b74e545c6e0646fe905205f8f7be92d3,2026-02-24T13:00:00Z,2026-02-24T13:12:51Z,auth,auth_enUS_labelerexp,at://did:plc:klghbdfxwbsmw45hvmnzm57l/app.bsky.feed.post/3mflijobr6k22,bafyreierv2hz4wk2mciwjg7fqw56abtap4ipz5t5qa6zjycjznub4354li,did:plc:ar7c4by46qjdydhdevvrndac,porn,,at://did:plc:klghbdfxwbsmw45hvmnzm57l/app.bsky.feed.post/3mflijobr6k22,2026-02-24T06:01:48.672Z
b74e545c6e0646fe905205f8f7be92d3,2026-02-24T13:00:00Z,2026-02-24T13:12:51Z,auth,auth_enUS_labelerexp,at://did:plc:klghbdfxwbsmw45hvmnzm57l/app.bsky.feed.post/3mflijobr6k22,bafyreierv2hz4wk2mciwjg7fqw56abtap4ipz5t5qa6zjycjznub4354li,did:plc:ar7c4by46qjdydhdevvrndac,porn,,at://did:plc:klghbdfxwbsmw45hvmnzm57l/app.bsky.actor.profile/self,2025-04-06T08:45:38.752Z
b74e545c6e0646fe905205f8f7be92d3,2026-02-24T13:00:00Z,2026-02-24T13:12:51Z,auth,auth_enUS_labelerexp,at://did:plc:klghbdfxwbsmw45hvmnzm57l/app.bsky.feed.post/3mflijobr6k22,bafyreierv2hz4wk2mciwjg7fqw56abtap4ipz5t5qa6zjycjznub4354li,did:plc:ar7c4by46qjdydhdevvrndac,sexual,,at://did:plc:klghbdfxwbsmw45hvmnzm57l/app.bsky.actor.profile/self,2025-03-27T16:23:58.990Z
b74e545c6e0646fe905205f8f7be92d3,2026-02-24T13:00:00Z,2026-02-24T13:12:51Z,auth,auth_enUS_labelerexp,at://did:plc:ulrtvofkoeck4nq5rz2kpomb/app.bsky.feed.post/3mflhedlzmk22,bafyreibv23j7mwg3tbjp4m5mf636mdhotqghecf7cemtscefhkhvbywmae,did:plc:ulrtvofkoeck4nq5rz2kpomb,!no-unauthenticated,,at://did:plc:ulrtvofkoeck4nq5rz2kpomb/app.bsky.actor.profile/self,1970-01-01T00:00:00.000Z
b74e545c6e0646fe905205f8f7be92d3,2026-02-24T13:00:00Z,2026-02-24T13:12:51Z,auth,auth_enUS_labelerexp,at://did:plc:2uufde7u55z4it3u55jotobs/app.bsky.feed.post/3mfleyjco6k2e,bafyreiemj5kb66xh6m6mewotw3thhiwd4zblxgalz6jjc4344x6bb4oyqu,did:plc:2uufde7u55z4it3u55jotobs,!no-unauthenticated,,at://did:plc:2uufde7u55z4it3u55jotobs/app.bsky.actor.profile/self,1970-01-01T00:00:00.000Z
b74e545c6e0646fe905205f8f7be92d3,2026-02-24T13:00:00Z,2026-02-24T13:12:51Z,auth,auth_enUS_labelerexp,at://did:plc:bdbhglrzs2paoqr5hinaland/app.bsky.feed.post/3mfleysiyfc26,bafyreibtwaimjc3qkp6nlvsrrjhz3gsl42gkcigpgb2eutsv6q2oelw4v4,did:plc:ar7c4by46qjdydhdevvrndac,porn,,at://did:plc:bdbhglrzs2paoqr5hinaland/app.bsky.feed.post/3mfleysiyfc26,2026-02-24T04:58:38.813Z
b74e545c6e0646fe905205f8f7be92d3,2026-02-24T13:00:00Z,2026-02-24T13:12:51Z,auth,auth_enUS_labelerexp,at://did:plc:bdbhglrzs2paoqr5hinaland/app.bsky.feed.post/3mfleysiyfc26,bafyreibtwaimjc3qkp6nlvsrrjhz3gsl42gkcigpgb2eutsv6q2oelw4v4,did:plc:bdbhglrzs2paoqr5hinaland,porn,,at://did:plc:bdbhglrzs2paoqr5hinaland/app.bsky.feed.post/3mfleysiyfc26,2026-02-24T04:58:19.000Z
b74e545c6e0646fe905205f8f7be92d3,2026-02-24T13:00:00Z,2026-02-24T13:12:51Z,auth,auth_enUS_labelerexp,at://did:plc:twg5utnlcqpxfwjlxwsaatew/app.bsky.feed.post/3mflesl5ils2b,bafyreidvroed53qvm54esgqok4efddqom3xcg5u5vwkgs7jgp2hnlxccai,did:plc:ar7c4by46qjdydhdevvrndac,sexual,,at://did:plc:twg5utnlcqpxfwjlxwsaatew/app.bsky.feed.post/3mflesl5ils2b,2026-02-24T04:55:15.235Z
b74e545c6e0646fe905205f8f7be92d3,2026-02-24T13:00:00Z,2026-02-24T13:12:51Z,auth,auth_enUS_labelerexp,at://did:plc:twg5utnlcqpxfwjlxwsaatew/app.bsky.feed.post/3mflesl5ils2b,bafyreidvroed53qvm54esgqok4efddqom3xcg5u5vwkgs7jgp2hnlxccai,did:plc:twg5utnlcqpxfwjlxwsaatew,sexual,,at://did:plc:twg5utnlcqpxfwjlxwsaatew/app.bsky.feed.post/3mflesl5ils2b,2026-02-24T04:55:08.561Z
b74e545c6e0646fe905205f8f7be92d3,2026-02-24T13:00:00Z,2026-02-24T13:12:51Z,auth,auth_enUS_labelerexp,at://did:plc:twg5utnlcqpxfwjlxwsaatew/app.bsky.feed.post/3mflesl5ils2b,bafyreidvroed53qvm54esgqok4efddqom3xcg5u5vwkgs7jgp2hnlxccai,did:plc:ar7c4by46qjdydhdevvrndac,porn,,at://did:plc:twg5utnlcqpxfwjlxwsaatew/app.bsky.actor.profile/self,2024-11-18T00:58:58.210Z
b74e545c6e0646fe905205f8f7be92d3,2026-02-24T13:00:00Z,2026-02-24T13:12:51Z,auth,auth_enUS_labelerexp,at://did:plc:twg5utnlcqpxfwjlxwsaatew/app.bsky.feed.post/3mflesl5ils2b,bafyreidvroed53qvm54esgqok4efddqom3xcg5u5vwkgs7jgp2hnlxccai,did:plc:twg5utnlcqpxfwjlxwsaatew,!no-unauthenticated,,at://did:plc:twg5utnlcqpxfwjlxwsaatew/app.bsky.actor.profile/self,2024-11-18T00:58:56.009Z
b74e545c6e0646fe905205f8f7be92d3,2026-02-24T13:00:00Z,2026-02-24T13:12:51Z,auth,auth_enUS_labelerexp,at://did:plc:uzrv2lu6h2twgaanjwdce4uh/app.bsky.feed.post/3mflehryl3s2q,bafyreieh4obtf2qkk66s5peffia2ngsjtotyqycukkwgd4q5aosnqv6bzu,did:plc:ar7c4by46qjdydhdevvrndac,porn,,at://did:plc:uzrv2lu6h2twgaanjwdce4uh/app.bsky.feed.post/3mflehryl3s2q,2026-02-24T04:49:15.921Z
b74e545c6e0646fe905205f8f7be92d3,2026-02-24T13:00:00Z,2026-02-24T13:12:51Z,auth,auth_enUS_labelerexp,at://did:plc:uzrv2lu6h2twgaanjwdce4uh/app.bsky.feed.post/3mflehryl3s2q,bafyreieh4obtf2qkk66s5peffia2ngsjtotyqycukkwgd4q5aosnqv6bzu,did:plc:ar7c4by46qjdydhdevvrndac,porn,,at://did:plc:uzrv2lu6h2twgaanjwdce4uh/app.bsky.actor.profile/self,2025-06-19T19:17:59.949Z
b74e545c6e0646fe905205f8f7be92d3,2026-02-24T13:00:00Z,2026-02-24T13:12:51Z,auth,auth_enUS_labelerexp,at://did:plc:jkibth2fnjnir3foi324nypk/app.bsky.feed.post/3mfle64lzpk2d,bafyreibumevlnkjtsgox4p6g4h33ukg5pfhag3z7konsmocucythsebeim,did:plc:jkibth2fnjnir3foi324nypk,!no-unauthenticated,,at://did:plc:jkibth2fnjnir3foi324nypk/app.bsky.actor.profile/self,1970-01-01T00:00:00.000Z
b74e545c6e0646fe905205f8f7be92d3,2026-02-24T13:00:00Z,2026-02-24T13:12:51Z,auth,auth_enUS_labelerexp,at://did:plc:jkibth2fnjnir3foi324nypk/app.bsky.feed.post/3mfldt6wcgc2d,bafyreifz6egz3yfq3uerpzpa2smnali7clhvnpihavezbbr3nhfbb5e43u,did:plc:jkibth2fnjnir3foi324nypk,!no-unauthenticated,,at://did:plc:jkibth2fnjnir3foi324nypk/app.bsky.actor.profile/self,1970-01-01T00:00:00.000Z
b74e545c6e0646fe905205f8f7be92d3,2026-02-24T13:00:00Z,2026-02-24T13:13:03Z,auth,auth_enUS_labelerexp,at://did:plc:7epnfisas5ghxrshrhog2bxy/app.bsky.feed.post/3mfmaj2e72k23,bafyreifz5lm7juyhvrjmfmhx2fj3lf6pjbd5cvqgjxj6apthg4sdtpu4u4,did:plc:7epnfisas5ghxrshrhog2bxy,!no-unauthenticated,,at://did:plc:7epnfisas5ghxrshrhog2bxy/app.bsky.actor.profile/self,1970-01-01T00:00:00.000Z
b74e545c6e0646fe905205f8f7be92d3,2026-02-24T13:00:00Z,2026-02-24T13:13:03Z,auth,auth_enUS_labelerexp,at://did:plc:fvzkql2aqtbk7qmqjkoo2lv2/app.bsky.feed.post/3mfmaixo46c27,bafyreibcgqauvol5cktvsgsihm3jemavvmbk5oeh4emd4kjfgtr4mb2c7u,did:plc:fvzkql2aqtbk7qmqjkoo2lv2,!no-unauthenticated,,at://did:plc:fvzkql2aqtbk7qmqjkoo2lv2/app.bsky.actor.profile/self,1970-01-01T00:00:00.000Z
b74e545c6e0646fe905205f8f7be92d3,2026-02-24T13:00:00Z,2026-02-24T13:13:03Z,auth,auth_enUS_labelerexp,at://did:plc:hbpefio3f5csc44msmbgioxz/app.bsky.feed.post/3mfmahn3pik2x,bafyreief4ss37po5ghjfe2g2uebinuj6oj7exdnmomuvzidijuuq5erkb4,did:plc:hbpefio3f5csc44msmbgioxz,!no-unauthenticated,,at://did:plc:hbpefio3f5csc44msmbgioxz/app.bsky.actor.profile/self,1970-01-01T00:00:00.000Z
b74e545c6e0646fe905205f8f7be92d3,2026-02-24T13:00:00Z,2026-02-24T13:13:03Z,auth,auth_enUS_labelerexp,at://did:plc:s5j4xrzfjhdf4quk3sjsniaj/app.bsky.feed.post/3mfmahdjbtc23,bafyreifkpuvb6dhcr3wbvzjkx6lmx2yi2pv74vyw4ykjl7sn7uucdxw5tq,did:plc:s5j4xrzfjhdf4quk3sjsniaj,porn,,at://did:plc:s5j4xrzfjhdf4quk3sjsniaj/app.bsky.feed.post/3mfmahdjbtc23,2026-02-24T13:09:56.174Z
b74e545c6e0646fe905205f8f7be92d3,2026-02-24T13:00:00Z,2026-02-24T13:13:03Z,auth,auth_enUS_labelerexp,at://did:plc:vjbvtbgm26gidpeh6kowfgea/app.bsky.feed.post/3mfmafwqcec2g,bafyreids5inou5gz7gircvhks7r5joef64mzrsudwnmxbsotfdzpmgbwda,did:plc:vjbvtbgm26gidpeh6kowfgea,porn,,at://did:plc:vjbvtbgm26gidpeh6kowfgea/app.bsky.feed.post/3mfmafwqcec2g,2026-02-24T13:09:09.242Z
b74e545c6e0646fe905205f8f7be92d3,2026-02-24T13:00:00Z,2026-02-24T13:13:03Z,auth,auth_enUS_labelerexp,at://did:plc:36cgermvn7q5f5343yg4mwtv/app.bsky.feed.post/3mfmafhauts26,bafyreie4przrjj2zssbsnpa5w2j2b4ix5ecgkijujwlf3jtt34aixvs7lq,did:plc:36cgermvn7q5f5343yg4mwtv,porn,,at://did:plc:36cgermvn7q5f5343yg4mwtv/app.bsky.feed.post/3mfmafhauts26,2026-02-24T13:08:53.015Z
b74e545c6e0646fe905205f8f7be92d3,2026-02-24T13:00:00Z,2026-02-24T13:13:03Z,auth,auth_enUS_labelerexp,at://did:plc:36cgermvn7q5f5343yg4mwtv/app.bsky.feed.post/3mfmafhauts26,bafyreie4przrjj2zssbsnpa5w2j2b4ix5ecgkijujwlf3jtt34aixvs7lq,did:plc:36cgermvn7q5f5343yg4mwtv,!no-unauthenticated,,at://did:plc:36cgermvn7q5f5343yg4mwtv/app.bsky.actor.profile/self,2024-11-14T01:04:22.002Z
b74e545c6e0646fe905205f8f7be92d3,2026-02-24T13:00:00Z,2026-02-24T13:13:03Z,auth,auth_enUS_labelerexp,at://did:plc:2c4hmyxdfk4aky3jeoulhog5/app.bsky.feed.post/3mfmaf2idm22b,bafyreibf3wldlx7b22wm7e44hjcjg72wummifibyoca2oln5pmzosptmai,did:plc:2c4hmyxdfk4aky3jeoulhog5,!no-unauthenticated,,at://did:plc:2c4hmyxdfk4aky3jeoulhog5/app.bsky.actor.profile/self,1970-01-01T00:00:00.000Z
b74e545c6e0646fe905205f8f7be92d3,2026-02-24T13:00:00Z,2026-02-24T13:13:03Z,auth,auth_enUS_labelerexp,at://did:plc:7epnfisas5ghxrshrhog2bxy/app.bsky.feed.post/3mfmaesaqzs2g,bafyreicusmprkezf7vid6ltdpuzctvpcnnuvy5vr3wbjv6eprpfxwuxbqq,did:plc:7epnfisas5ghxrshrhog2bxy,!no-unauthenticated,,at://did:plc:7epnfisas5ghxrshrhog2bxy/app.bsky.actor.profile/self,1970-01-01T00:00:00.000Z
b74e545c6e0646fe905205f8f7be92d3,2026-02-24T13:00:00Z,2026-02-24T13:13:03Z,auth,auth_enUS_labelerexp,at://did:plc:pkkcbkv2a6ultxaa76n3uesp/app.bsky.feed.post/3mfmaebi55s2w,bafyreie54bsn2mofmw275nkaii243nhe65mck6jsjn64eix6agblczt5wi,did:plc:ar7c4by46qjdydhdevvrndac,porn,,at://did:plc:pkkcbkv2a6ultxaa76n3uesp/app.bsky.feed.post/3mfmaebi55s2w,2026-02-24T13:08:21.379Z
b74e545c6e0646fe905205f8f7be92d3,2026-02-24T13:00:00Z,2026-02-24T13:13:03Z,auth,auth_enUS_labelerexp,at://did:plc:pkkcbkv2a6ultxaa76n3uesp/app.bsky.feed.post/3mfmaebi55s2w,bafyreie54bsn2mofmw275nkaii243nhe65mck6jsjn64eix6agblczt5wi,did:plc:pkkcbkv2a6ultxaa76n3uesp,!no-unauthenticated,,at://did:plc:pkkcbkv2a6ultxaa76n3uesp/app.bsky.actor.profile/self,1970-01-01T00:00:00.000Z
b74e545c6e0646fe905205f8f7be92d3,2026-02-24T13:00:00Z,2026-02-24T13:13:03Z,auth,auth_enUS_labelerexp,at://did:plc:did5psctmmw4j4xlxu64uvzq/app.bsky.feed.post/3mfmadk6qmk2z,bafyreihpo3au37i6wvmrchcm7thc6ja5ko4luwaaiaxbfjrgaz2x3424sy,did:plc:uac6er53o2pvr5y2qmvaf7hw,blocks,,did:plc:did5psctmmw4j4xlxu64uvzq,2025-02-25T23:25:03.031Z
b74e545c6e0646fe905205f8f7be92d3,2026-02-24T13:00:00Z,2026-02-24T13:13:03Z,auth,auth_enUS_labelerexp,at://did:plc:ayjmjpe5mvzlrdqkgdhtauel/app.bsky.feed.post/3mfmach65ak24,bafyreid3iuximdawr33nux7zdpp2qvhtqibukk76ghu7wocshwpjabpov4,did:plc:ar7c4by46qjdydhdevvrndac,porn,,at://did:plc:ayjmjpe5mvzlrdqkgdhtauel/app.bsky.feed.post/3mfmach65ak24,2026-02-24T13:07:22.286Z
b74e545c6e0646fe905205f8f7be92d3,2026-02-24T13:00:00Z,2026-02-24T13:13:03Z,auth,auth_enUS_labelerexp,at://did:plc:ayjmjpe5mvzlrdqkgdhtauel/app.bsky.feed.post/3mfmach65ak24,bafyreid3iuximdawr33nux7zdpp2qvhtqibukk76ghu7wocshwpjabpov4,did:plc:ar7c4by46qjdydhdevvrndac,sexual,0,at://did:plc:ayjmjpe5mvzlrdqkgdhtauel/app.bsky.actor.profile/self,2024-02-05T10:05:20.202Z
b74e545c6e0646fe905205f8f7be92d3,2026-02-24T13:00:00Z,2026-02-24T13:13:03Z,auth,auth_enUS_labelerexp,at://did:plc:iebkr7smk564vwpnjls2wwyq/app.bsky.feed.post/3mfmacfxez22i,bafyreigmqa5sxraimzy4ofmq7ndliscjbhnqvrnb4qsphevg3upnkoui24,did:plc:ar7c4by46qjdydhdevvrndac,sexual,,at://did:plc:iebkr7smk564vwpnjls2wwyq/app.bsky.feed.post/3mfmacfxez22i,2026-02-24T13:07:17.387Z
b74e545c6e0646fe905205f8f7be92d3,2026-02-24T13:00:00Z,2026-02-24T13:13:03Z,auth,auth_enUS_labelerexp,at://did:plc:iebkr7smk564vwpnjls2wwyq/app.bsky.feed.post/3mfmacfxez22i,bafyreigmqa5sxraimzy4ofmq7ndliscjbhnqvrnb4qsphevg3upnkoui24,did:plc:iebkr7smk564vwpnjls2wwyq,porn,,at://did:plc:iebkr7smk564vwpnjls2wwyq/app.bsky.feed.post/3mfmacfxez22i,2026-02-24T13:07:11.015Z
b74e545c6e0646fe905205f8f7be92d3,2026-02-24T13:00:00Z,2026-02-24T13:13:03Z,auth,auth_enUS_labelerexp,at://did:plc:iebkr7smk564vwpnjls2wwyq/app.bsky.feed.post/3mfmacfxez22i,bafyreigmqa5sxraimzy4ofmq7ndliscjbhnqvrnb4qsphevg3upnkoui24,did:plc:ar7c4by46qjdydhdevvrndac,sexual,,at://did:plc:iebkr7smk564vwpnjls2wwyq/app.bsky.actor.profile/self,2026-01-09T00:00:23.996Z
b74e545c6e0646fe905205f8f7be92d3,2026-02-24T13:00:00Z,2026-02-24T13:13:03Z,auth,auth_enUS_labelerexp,at://did:plc:iebkr7smk564vwpnjls2wwyq/app.bsky.feed.post/3mfmacfxez22i,bafyreigmqa5sxraimzy4ofmq7ndliscjbhnqvrnb4qsphevg3upnkoui24,did:plc:iebkr7smk564vwpnjls2wwyq,!no-unauthenticated,,at://did:plc:iebkr7smk564vwpnjls2wwyq/app.bsky.actor.profile/self,1970-01-01T00:00:00.000Z
b74e545c6e0646fe905205f8f7be92d3,2026-02-24T13:00:00Z,2026-02-24T13:13:03Z,auth,auth_enUS_labelerexp,at://did:plc:3wawjzhuuhb6cfks645m3t25/app.bsky.feed.post/3mfmabrnwrs2d,bafyreicsz3jaap7vqqpo75xaydsdzcovsy3my6asqhccmfblyjfvmngnz4,did:plc:3wawjzhuuhb6cfks645m3t25,!no-unauthenticated,,at://did:plc:3wawjzhuuhb6cfks645m3t25/app.bsky.actor.profile/self,1970-01-01T00:00:00.000Z
b74e545c6e0646fe905205f8f7be92d3,2026-02-24T13:00:00Z,2026-02-24T13:13:03Z,auth,auth_enUS_labelerexp,at://did:plc:fxl27llozeryg5tevagbsal2/app.bsky.feed.post/3mfmaazv6zs2q,bafyreias27kqlqyq465pc2sx33kx6ymmbb4fdtax3vaqjkcwqdx2q6xhca,did:plc:fxl27llozeryg5tevagbsal2,!no-unauthenticated,,at://did:plc:fxl27llozeryg5tevagbsal2/app.bsky.actor.profile/self,1970-01-01T00:00:00.000Z
b74e545c6e0646fe905205f8f7be92d3,2026-02-24T13:00:00Z,2026-02-24T13:13:05Z,auth,auth_enUS_labelerexp,at://did:plc:mt3gidkmizmeyqei5vv2t5ip/app.bsky.feed.post/3mfm6om743k25,bafyreicnhwhb4fc5acmj7cuq5ulnl4hy6c7fkytoplxijlomkqradat4uu,did:plc:mt3gidkmizmeyqei5vv2t5ip,!no-unauthenticated,,at://did:plc:mt3gidkmizmeyqei5vv2t5ip/app.bsky.actor.profile/self,1970-01-01T00:00:00.000Z
b74e545c6e0646fe905205f8f7be92d3,2026-02-24T13:00:00Z,2026-02-24T13:13:05Z,auth,auth_enUS_labelerexp,at://did:plc:22omqlewqq66fnzo6ltdgdpn/app.bsky.feed.post/3mfm5r4bmvc2b,bafyreict6gc3thlrmytth4lmmxkksk5yigylmz3cmuawz7shnt3m76ykae,did:plc:22omqlewqq66fnzo6ltdgdpn,!no-unauthenticated,,at://did:plc:22omqlewqq66fnzo6ltdgdpn/app.bsky.actor.profile/self,2025-01-23T16:06:24.261Z
b74e545c6e0646fe905205f8f7be92d3,2026-02-24T13:00:00Z,2026-02-24T13:13:05Z,auth,auth_enUS_labelerexp,at://did:plc:m6zr62v5nsy4nq3tnsgaj5rb/app.bsky.feed.post/3mfm5lbqec224,bafyreidtbeigiducwwda3usjpzpc674uqawvfo6mjjrvfadfwauzqrx4sy,did:plc:m6zr62v5nsy4nq3tnsgaj5rb,!no-unauthenticated,,at://did:plc:m6zr62v5nsy4nq3tnsgaj5rb/app.bsky.actor.profile/self,1970-01-01T00:00:00.000Z
b74e545c6e0646fe905205f8f7be92d3,2026-02-24T13:00:00Z,2026-02-24T13:13:05Z,auth,auth_enUS_labelerexp,at://did:plc:3xpvhvkearhzyqo2g44df57a/app.bsky.feed.post/3mflllfkt322n,bafyreibilzuxdo643p4okbwiivik4vzkvcnpctxrjsixo3ajt7dtzmmru4,did:plc:uac6er53o2pvr5y2qmvaf7hw,meta-link,,at://did:plc:3xpvhvkearhzyqo2g44df57a/app.bsky.actor.profile/self,2025-07-04T15:43:58.690Z
b74e545c6e0646fe905205f8f7be92d3,2026-02-24T13:00:00Z,2026-02-24T13:13:05Z,auth,auth_enUS_labelerexp,at://did:plc:233luksta3siwhmstcbjl6ce/app.bsky.feed.post/3mfjnfcamd227,bafyreigamtfingtillskvmybmlaopsg2u4hg7gxuus5govl3b4jswmx74y,did:plc:233luksta3siwhmstcbjl6ce,!no-unauthenticated,,at://did:plc:233luksta3siwhmstcbjl6ce/app.bsky.actor.profile/self,1970-01-01T00:00:00.000Z
b74e545c6e0646fe905205f8f7be92d3,2026-02-24T13:00:00Z,2026-02-24T13:13:05Z,auth,auth_enUS_labelerexp,at://did:plc:233vxz7hv2et3d5iu6eh2iaw/app.bsky.feed.post/3mfk2sfbilk2d,bafyreicfh6griibwqq4jef7yovapfd3v5nopmmehrnhdhn2ptxbtisbxne,did:plc:233vxz7hv2et3d5iu6eh2iaw,!no-unauthenticated,,at://did:plc:233vxz7hv2et3d5iu6eh2iaw/app.bsky.actor.profile/self,2024-10-18T20:55:06.676Z
b74e545c6e0646fe905205f8f7be92d3,2026-02-24T13:00:00Z,2026-02-24T13:13:05Z,auth,auth_enUS_labelerexp,at://did:plc:u4fkvgm4aqrhtwov2jgdm72m/app.bsky.feed.post/3mfluzszgvc2k,bafyreie4os4ejwcu7ppsh6fdkroajlrvh73cmw7lklskalgpx22pzqtaui,did:plc:l624mewisyr6hymexmrjkprc,artistdesigner,,did:plc:u4fkvgm4aqrhtwov2jgdm72m,2024-10-22T10:51:43.408Z
b74e545c6e0646fe905205f8f7be92d3,2026-02-24T13:00:00Z,2026-02-24T13:13:05Z,auth,auth_enUS_labelerexp,at://did:plc:25npfbvwi3ane36nbp5ozajn/app.bsky.feed.post/3mfkrdc5d2c2s,bafyreibdstlcofopvhqh3p4k5pcru6p6b7d5z4akthodjfalrbicagsmw4,did:plc:25npfbvwi3ane36nbp5ozajn,!no-unauthenticated,,at://did:plc:25npfbvwi3ane36nbp5ozajn/app.bsky.actor.profile/self,1970-01-01T00:00:00.000Z
b74e545c6e0646fe905205f8f7be92d3,2026-02-24T13:00:00Z,2026-02-24T13:13:05Z,auth,auth_enUS_labelerexp,at://did:plc:hudt5djtinefik652hds7lb4/app.bsky.feed.post/3mfm42eijqk2u,bafyreiciwm4b5v6h373seyfpvf5cko5eioxnxazw425snpxx266udzh2ae,did:plc:hudt5djtinefik652hds7lb4,!no-unauthenticated,,at://did:plc:hudt5djtinefik652hds7lb4/app.bsky.actor.profile/self,1970-01-01T00:00:00.000Z
b74e545c6e0646fe905205f8f7be92d3,2026-02-24T13:00:00Z,2026-02-24T13:13:05Z,auth,auth_enUS_labelerexp,at://did:plc:24dvnnvkldc55nsgtrmb7gkr/app.bsky.feed.post/3mfkwlfdg2s2k,bafyreicqpiqszwynguwg3slefh6igndr672rdeu2majzxnwynif44kzwma,did:plc:24dvnnvkldc55nsgtrmb7gkr,!no-unauthenticated,,at://did:plc:24dvnnvkldc55nsgtrmb7gkr/app.bsky.actor.profile/self,1970-01-01T00:00:00.000Z
