run_id,snapshot_hour_utc,captured_at_utc,viewer_mode,vantage_id,post_uri,post_cid,label_src,label_val,label_neg,label_uri,label_cts
ea151a08e218409895019d4787233a5d,2026-02-25T01:00:00Z,2026-02-25T01:13:16Z,auth,auth_enUS_labelerexp,at://did:plc:3sn6bogankaicebzdb7liro3/app.bsky.feed.post/3lcccbsl2mc2k,bafyreiezu3eftkprwsks7dwhcssgwlkbvjnwzldxal4o3xfqjrtotjm7gm,did:plc:3sn6bogankaicebzdb7liro3,!no-unauthenticated,,at://did:plc:3sn6bogankaicebzdb7liro3/app.bsky.actor.profile/self,1970-01-01T00:00:00.000Z
ea151a08e218409895019d4787233a5d,2026-02-25T01:00:00Z,2026-02-25T01:13:16Z,auth,auth_enUS_labelerexp,at://did:plc:nvztkip5q2vv4bj5ygwfgzc3/app.bsky.feed.post/3mfnhxuarjk2t,bafyreicdpvg4k3kegj5ydada6duurxhloncfvsos4ecfuf47pb4rxfowhe,did:plc:nvztkip5q2vv4bj5ygwfgzc3,!no-unauthenticated,,at://did:plc:nvztkip5q2vv4bj5ygwfgzc3/app.bsky.actor.profile/self,1970-01-01T00:00:00.000Z
ea151a08e218409895019d4787233a5d,2026-02-25T01:00:00Z,2026-02-25T01:13:16Z,auth,auth_enUS_labelerexp,at://did:plc:brjcbnu2sk4yostkyob2sqo4/app.bsky.feed.post/3mfnfy2s7dc2z,bafyreiar5osiic737jidqogtwvpsfh6ncxuupcqi6pscbhwep5n7dblnq4,did:plc:brjcbnu2sk4yostkyob2sqo4,!no-unauthenticated,,at://did:plc:brjcbnu2sk4yostkyob2sqo4/app.bsky.actor.profile/self,1970-01-01T00:00:00.000Z
ea151a08e218409895019d4787233a5d,2026-02-25T01:00:00Z,2026-02-25T01:13:16Z,auth,auth_enUS_labelerexp,at://did:plc:mhvcx2z27zq2jtb3i7f5beb7/app.bsky.feed.post/3mfnfx74qek2v,bafyreicuhsmfqeulfutyb2ja2r22f3zqpo5guanwnythgfv6nr323msazi,did:plc:l624mewisyr6hymexmrjkprc,animator,,did:plc:mhvcx2z27zq2jtb3i7f5beb7,2024-10-20T22:02:31.633Z
ea151a08e218409895019d4787233a5d,2026-02-25T01:00:00Z,2026-02-25T01:13:16Z,auth,auth_enUS_labelerexp,at://did:plc:mhvcx2z27zq2jtb3i7f5beb7/app.bsky.feed.post/3mfnfx74qek2v,bafyreicuhsmfqeulfutyb2ja2r22f3zqpo5guanwnythgfv6nr323msazi,did:plc:l624mewisyr6hymexmrjkprc,artistdesigner,,did:plc:mhvcx2z27zq2jtb3i7f5beb7,2026-02-11T07:45:22.063Z
ea151a08e218409895019d4787233a5d,2026-02-25T01:00:00Z,2026-02-25T01:13:16Z,auth,auth_enUS_labelerexp,at://did:plc:mhvcx2z27zq2jtb3i7f5beb7/app.bsky.feed.post/3mfnfx74qek2v,bafyreicuhsmfqeulfutyb2ja2r22f3zqpo5guanwnythgfv6nr323msazi,did:plc:l624mewisyr6hymexmrjkprc,l-threedimensional-artist,,did:plc:mhvcx2z27zq2jtb3i7f5beb7,2026-01-22T03:18:21.625Z
ea151a08e218409895019d4787233a5d,2026-02-25T01:00:00Z,2026-02-25T01:13:16Z,auth,auth_enUS_labelerexp,at://did:plc:mhvcx2z27zq2jtb3i7f5beb7/app.bsky.feed.post/3mfnfx74qek2v,bafyreicuhsmfqeulfutyb2ja2r22f3zqpo5guanwnythgfv6nr323msazi,did:plc:l624mewisyr6hymexmrjkprc,writer,,did:plc:mhvcx2z27zq2jtb3i7f5beb7,2025-11-09T19:31:09.617Z
ea151a08e218409895019d4787233a5d,2026-02-25T01:00:00Z,2026-02-25T01:13:16Z,auth,auth_enUS_labelerexp,at://did:plc:mhvcx2z27zq2jtb3i7f5beb7/app.bsky.feed.post/3mfnfx74qek2v,bafyreicuhsmfqeulfutyb2ja2r22f3zqpo5guanwnythgfv6nr323msazi,did:plc:mhvcx2z27zq2jtb3i7f5beb7,!no-unauthenticated,,at://did:plc:mhvcx2z27zq2jtb3i7f5beb7/app.bsky.actor.profile/self,1970-01-01T00:00:00.000Z
ea151a08e218409895019d4787233a5d,2026-02-25T01:00:00Z,2026-02-25T01:13:16Z,auth,auth_enUS_labelerexp,at://did:plc:brjcbnu2sk4yostkyob2sqo4/app.bsky.feed.post/3mfnf6o2q322z,bafyreiaby4z2wz56rxgsk26udi2qqwkurv7hs7u6wu4yxppzm3dswi76se,did:plc:brjcbnu2sk4yostkyob2sqo4,!no-unauthenticated,,at://did:plc:brjcbnu2sk4yostkyob2sqo4/app.bsky.actor.profile/self,1970-01-01T00:00:00.000Z
ea151a08e218409895019d4787233a5d,2026-02-25T01:00:00Z,2026-02-25T01:13:16Z,auth,auth_enUS_labelerexp,at://did:plc:vt5her2m6434mexgxhvcifqf/app.bsky.feed.post/3mfneb645ps2n,bafyreiaoc66j46m7bteyjpqyfcesbr5s5eqei5uqez7whgwhcidikxlwda,did:plc:vt5her2m6434mexgxhvcifqf,!no-unauthenticated,,at://did:plc:vt5her2m6434mexgxhvcifqf/app.bsky.actor.profile/self,1970-01-01T00:00:00.000Z
ea151a08e218409895019d4787233a5d,2026-02-25T01:00:00Z,2026-02-25T01:13:16Z,auth,auth_enUS_labelerexp,at://did:plc:fkilkfilw44kurahquhvr2ro/app.bsky.feed.post/3mfnbzmu4ec2s,bafyreihvb2rehxc3c6a7gcbolsrfwx2435scplyb2bdcrefmjkialx44ke,did:plc:fkilkfilw44kurahquhvr2ro,!no-unauthenticated,,at://did:plc:fkilkfilw44kurahquhvr2ro/app.bsky.actor.profile/self,1970-01-01T00:00:00.000Z
ea151a08e218409895019d4787233a5d,2026-02-25T01:00:00Z,2026-02-25T01:13:16Z,auth,auth_enUS_labelerexp,at://did:plc:oswpzq6fplz6zp7mclp2bbjf/app.bsky.feed.post/3mfnbj6jqck2h,bafyreidjqmfejjdhczu6a4hvfus2acktietdpmfpbfnwshxyrm7fqw2kli,did:plc:oswpzq6fplz6zp7mclp2bbjf,!no-unauthenticated,,at://did:plc:oswpzq6fplz6zp7mclp2bbjf/app.bsky.actor.profile/self,1970-01-01T00:00:00.000Z
ea151a08e218409895019d4787233a5d,2026-02-25T01:00:00Z,2026-02-25T01:13:16Z,auth,auth_enUS_labelerexp,at://did:plc:vfueeb3uaprnqrx6viq77tgg/app.bsky.feed.post/3mfnbi6tdd52d,bafyreihe6ulrgluioupqk5atfqdmik3gmjq56oupmtr7r6zupj26rfumeq,did:plc:uac6er53o2pvr5y2qmvaf7hw,x-link,,at://did:plc:vfueeb3uaprnqrx6viq77tgg/app.bsky.actor.profile/self,2025-09-21T23:38:22.137Z
ea151a08e218409895019d4787233a5d,2026-02-25T01:00:00Z,2026-02-25T01:13:16Z,auth,auth_enUS_labelerexp,at://did:plc:ykzj6fvseqk52n5f7d7i3nei/app.bsky.feed.post/3mfna7wjzfs2d,bafyreienmnqefa4znokunsdg2c7ec24y22gzse42t7lw5cznfpwccaj6sa,did:plc:uac6er53o2pvr5y2qmvaf7hw,high-hashtag-count,,at://did:plc:ykzj6fvseqk52n5f7d7i3nei/app.bsky.feed.post/3mfna7wjzfs2d,2026-02-24T22:38:36.042Z
ea151a08e218409895019d4787233a5d,2026-02-25T01:00:00Z,2026-02-25T01:13:16Z,auth,auth_enUS_labelerexp,at://did:plc:ykzj6fvseqk52n5f7d7i3nei/app.bsky.feed.post/3mfna7wjzfs2d,bafyreienmnqefa4znokunsdg2c7ec24y22gzse42t7lw5cznfpwccaj6sa,did:plc:uac6er53o2pvr5y2qmvaf7hw,high-total-facet-count,,at://did:plc:ykzj6fvseqk52n5f7d7i3nei/app.bsky.feed.post/3mfna7wjzfs2d,2026-02-24T22:38:36.453Z
ea151a08e218409895019d4787233a5d,2026-02-25T01:00:00Z,2026-02-25T01:13:16Z,auth,auth_enUS_labelerexp,at://did:plc:t7tjytrpedi7yi2r7se3ews5/app.bsky.feed.post/3mfn7cbtmns26,bafyreiabbefizblg6lrqmcrkm7mykkkdevvsqvwk2tjbhgf3juh5frywca,did:plc:t7tjytrpedi7yi2r7se3ews5,!no-unauthenticated,,at://did:plc:t7tjytrpedi7yi2r7se3ews5/app.bsky.actor.profile/self,1970-01-01T00:00:00.000Z
ea151a08e218409895019d4787233a5d,2026-02-25T01:00:00Z,2026-02-25T01:13:17Z,auth,auth_enUS_labelerexp,at://did:plc:ishfoh6z4zr4kucikm2c5s7f/app.bsky.feed.post/3mfnbvykmps2x,bafyreicy5loefyio2tihyejjspy6w3u2zvmvnzovjrlepuk53aklrihfia,did:plc:ishfoh6z4zr4kucikm2c5s7f,!no-unauthenticated,,at://did:plc:ishfoh6z4zr4kucikm2c5s7f/app.bsky.actor.profile/self,2024-09-17T07:45:46.814Z
ea151a08e218409895019d4787233a5d,2026-02-25T01:00:00Z,2026-02-25T01:13:17Z,auth,auth_enUS_labelerexp,at://did:plc:nzmnuu7z3a3pod4lambkzj6y/app.bsky.feed.post/3mfmveuceds2a,bafyreic7uikiwv5ui2b7qslcourhqiwvi6woxdjwiwamkeoonxnc23ynma,did:plc:nzmnuu7z3a3pod4lambkzj6y,!no-unauthenticated,,at://did:plc:nzmnuu7z3a3pod4lambkzj6y/app.bsky.actor.profile/self,1970-01-01T00:00:00.000Z
ea151a08e218409895019d4787233a5d,2026-02-25T01:00:00Z,2026-02-25T01:13:17Z,auth,auth_enUS_labelerexp,at://did:plc:dvmqpaw6qrrtmdi3evyvzbuc/app.bsky.feed.post/3mfmk3acipk2s,bafyreihodyz6iitaodejsxd3qxabylbfakxuufsecyaxit3vfojefhorqa,did:plc:uac6er53o2pvr5y2qmvaf7hw,meta-link,,at://did:plc:dvmqpaw6qrrtmdi3evyvzbuc/app.bsky.actor.profile/self,2025-11-12T01:17:27.293Z
ea151a08e218409895019d4787233a5d,2026-02-25T01:00:00Z,2026-02-25T01:13:17Z,auth,auth_enUS_labelerexp,at://did:plc:yquns2nqas5z7yiyu422afuq/app.bsky.feed.post/3mfmfoorc722w,bafyreif6v5t4wigehlzjc5ozjqeh3ga5r7vci5x3frfdco3jnlktmps5hq,did:plc:l624mewisyr6hymexmrjkprc,artistdesigner,,did:plc:yquns2nqas5z7yiyu422afuq,2025-12-01T23:50:57.739Z
ea151a08e218409895019d4787233a5d,2026-02-25T01:00:00Z,2026-02-25T01:13:17Z,auth,auth_enUS_labelerexp,at://did:plc:yquns2nqas5z7yiyu422afuq/app.bsky.feed.post/3mfmfoorc722w,bafyreif6v5t4wigehlzjc5ozjqeh3ga5r7vci5x3frfdco3jnlktmps5hq,did:plc:l624mewisyr6hymexmrjkprc,photographers,,did:plc:yquns2nqas5z7yiyu422afuq,2025-12-01T23:51:06.634Z
ea151a08e218409895019d4787233a5d,2026-02-25T01:00:00Z,2026-02-25T01:13:17Z,auth,auth_enUS_labelerexp,at://did:plc:yquns2nqas5z7yiyu422afuq/app.bsky.feed.post/3mfmfoorc722w,bafyreif6v5t4wigehlzjc5ozjqeh3ga5r7vci5x3frfdco3jnlktmps5hq,did:plc:l624mewisyr6hymexmrjkprc,writer,,did:plc:yquns2nqas5z7yiyu422afuq,2025-12-01T23:51:01.686Z
ea151a08e218409895019d4787233a5d,2026-02-25T01:00:00Z,2026-02-25T01:13:17Z,auth,auth_enUS_labelerexp,at://did:plc:tp34obecfo4zs7sbrmoeycnq/app.bsky.feed.post/3mfmexxxcdk2i,bafyreifwjljdt5aqkix4pw43myvkqhcgaz4ncfrwvrl43w5rw5kkzkzjai,did:plc:tp34obecfo4zs7sbrmoeycnq,!no-unauthenticated,,at://did:plc:tp34obecfo4zs7sbrmoeycnq/app.bsky.actor.profile/self,1970-01-01T00:00:00.000Z
ea151a08e218409895019d4787233a5d,2026-02-25T01:00:00Z,2026-02-25T01:13:20Z,auth,auth_enUS_labelerexp,at://did:plc:kyy7eu3u7cbrx54uc3ykgeml/app.bsky.feed.post/3mfniugiutk2b,bafyreihbpgp5zdvrlwz6rq4fzbe3udssb7w7lbkmiyvy6escqsmrx2kbm4,did:plc:uac6er53o2pvr5y2qmvaf7hw,telegram-link,,at://did:plc:kyy7eu3u7cbrx54uc3ykgeml/app.bsky.actor.profile/self,2025-10-09T16:34:47.487Z
ea151a08e218409895019d4787233a5d,2026-02-25T01:00:00Z,2026-02-25T01:13:20Z,auth,auth_enUS_labelerexp,at://did:plc:kyy7eu3u7cbrx54uc3ykgeml/app.bsky.feed.post/3mfniugiutk2b,bafyreihbpgp5zdvrlwz6rq4fzbe3udssb7w7lbkmiyvy6escqsmrx2kbm4,did:plc:kyy7eu3u7cbrx54uc3ykgeml,!no-unauthenticated,,at://did:plc:kyy7eu3u7cbrx54uc3ykgeml/app.bsky.actor.profile/self,1970-01-01T00:00:00.000Z
ea151a08e218409895019d4787233a5d,2026-02-25T01:00:00Z,2026-02-25T01:13:20Z,auth,auth_enUS_labelerexp,at://did:plc:baidw3awr6van3fp2bhcl3z7/app.bsky.feed.post/3mfniniudvk22,bafyreic5gw3kb3ttovnlaemaveyccdb6p6y3s7ktrblqo3myphj2mt4mcq,did:plc:baidw3awr6van3fp2bhcl3z7,sexual,,at://did:plc:baidw3awr6van3fp2bhcl3z7/app.bsky.feed.post/3mfniniudvk22,2026-02-25T01:09:12.838Z
ea151a08e218409895019d4787233a5d,2026-02-25T01:00:00Z,2026-02-25T01:13:20Z,auth,auth_enUS_labelerexp,at://did:plc:hpt4crgiorfrjn6kwi3z6zuo/app.bsky.feed.post/3mfnhratww22e,bafyreib6422xnnrcrtylruce4lbwio6pn7gto4wgaz5rqitlowrpiekcp4,did:plc:hpt4crgiorfrjn6kwi3z6zuo,!no-unauthenticated,,at://did:plc:hpt4crgiorfrjn6kwi3z6zuo/app.bsky.actor.profile/self,1970-01-01T00:00:00.000Z
ea151a08e218409895019d4787233a5d,2026-02-25T01:00:00Z,2026-02-25T01:13:20Z,auth,auth_enUS_labelerexp,at://did:plc:6kpylbte2nhfymfo4txw2pzc/app.bsky.feed.post/3mfngoyeurs2h,bafyreiebt4h4z6plzlkfkbmrtp4px34ssyumm7ifcs6m47b7oigqusswle,did:plc:6kpylbte2nhfymfo4txw2pzc,porn,,at://did:plc:6kpylbte2nhfymfo4txw2pzc/app.bsky.feed.post/3mfngoyeurs2h,2026-02-25T00:34:15.159Z
ea151a08e218409895019d4787233a5d,2026-02-25T01:00:00Z,2026-02-25T01:13:20Z,auth,auth_enUS_labelerexp,at://did:plc:ks7dimmqi266xyi4ouacethp/app.bsky.feed.post/3mfnfxudowk2t,bafyreidqx2nj2jgpsa7ajjlvob3ijgennnbgrirprpykszta54siattzqy,did:plc:ks7dimmqi266xyi4ouacethp,!no-unauthenticated,,at://did:plc:ks7dimmqi266xyi4ouacethp/app.bsky.actor.profile/self,1970-01-01T00:00:00.000Z
ea151a08e218409895019d4787233a5d,2026-02-25T01:00:00Z,2026-02-25T01:13:20Z,auth,auth_enUS_labelerexp,at://did:plc:7ey6cpbpdrgamxtdbc5c6xxs/app.bsky.feed.post/3mfnfwceacs2l,bafyreiemw7ii4wkeqvbnghq2yi2hwaazbuhklvd3bbdbtbj3fjqgnb72by,did:plc:7ey6cpbpdrgamxtdbc5c6xxs,!no-unauthenticated,,at://did:plc:7ey6cpbpdrgamxtdbc5c6xxs/app.bsky.actor.profile/self,2024-04-13T11:01:35.899Z
ea151a08e218409895019d4787233a5d,2026-02-25T01:00:00Z,2026-02-25T01:13:20Z,auth,auth_enUS_labelerexp,at://did:plc:aksckhdirj5paef46i7pr2gv/app.bsky.feed.post/3mfnfuezvfc2q,bafyreibqein2p7aohbydgqhfuel2ryvcyhsqwnybinxuphlivvmdw3jwji,did:plc:aksckhdirj5paef46i7pr2gv,!no-unauthenticated,,at://did:plc:aksckhdirj5paef46i7pr2gv/app.bsky.actor.profile/self,2024-08-25T23:29:12.067Z
ea151a08e218409895019d4787233a5d,2026-02-25T01:00:00Z,2026-02-25T01:13:20Z,auth,auth_enUS_labelerexp,at://did:plc:gmg2foxsifsbxnttsaccktpy/app.bsky.feed.post/3mfnfqfuhpk2q,bafyreiaj4klrsrlpwzfmbj2nmfsbjavf6ks7hq4qmq3wb3ahyquxtwt3s4,did:plc:gmg2foxsifsbxnttsaccktpy,!no-unauthenticated,,at://did:plc:gmg2foxsifsbxnttsaccktpy/app.bsky.actor.profile/self,1970-01-01T00:00:00.000Z
ea151a08e218409895019d4787233a5d,2026-02-25T01:00:00Z,2026-02-25T01:13:20Z,auth,auth_enUS_labelerexp,at://did:plc:ks7dimmqi266xyi4ouacethp/app.bsky.feed.post/3mfnfjpgesc2t,bafyreibq2dknlwzibolntjlmj2ixrdlemwgqjemwbilhjbugibxzhncj4a,did:plc:ks7dimmqi266xyi4ouacethp,!no-unauthenticated,,at://did:plc:ks7dimmqi266xyi4ouacethp/app.bsky.actor.profile/self,1970-01-01T00:00:00.000Z
ea151a08e218409895019d4787233a5d,2026-02-25T01:00:00Z,2026-02-25T01:13:20Z,auth,auth_enUS_labelerexp,at://did:plc:zojgyn6s33btkh344yvpwmzr/app.bsky.feed.post/3mfnfjer5u22l,bafyreihit5r7jkgdxgptn2l66nlkfni4iisjvnrq3trvmo35pqhy2odsai,did:plc:uac6er53o2pvr5y2qmvaf7hw,meta-link,,at://did:plc:zojgyn6s33btkh344yvpwmzr/app.bsky.actor.profile/self,2025-10-28T13:01:45.437Z
ea151a08e218409895019d4787233a5d,2026-02-25T01:00:00Z,2026-02-25T01:13:20Z,auth,auth_enUS_labelerexp,at://did:plc:zojgyn6s33btkh344yvpwmzr/app.bsky.feed.post/3mfnfjer5u22l,bafyreihit5r7jkgdxgptn2l66nlkfni4iisjvnrq3trvmo35pqhy2odsai,did:plc:zojgyn6s33btkh344yvpwmzr,!no-unauthenticated,,at://did:plc:zojgyn6s33btkh344yvpwmzr/app.bsky.actor.profile/self,2024-03-10T23:34:31.794Z
ea151a08e218409895019d4787233a5d,2026-02-25T01:00:00Z,2026-02-25T01:13:20Z,auth,auth_enUS_labelerexp,at://did:plc:aksckhdirj5paef46i7pr2gv/app.bsky.feed.post/3mfnew6x7uc2q,bafyreic3svlu4dpnnoil4nc7ipw2fgd2p76p42ndh4fjajoohbreb6oaqi,did:plc:aksckhdirj5paef46i7pr2gv,!no-unauthenticated,,at://did:plc:aksckhdirj5paef46i7pr2gv/app.bsky.actor.profile/self,2024-08-25T23:29:12.067Z
ea151a08e218409895019d4787233a5d,2026-02-25T01:00:00Z,2026-02-25T01:13:20Z,auth,auth_enUS_labelerexp,at://did:plc:c5nlujvorh2kh6jgp3tpfyum/app.bsky.feed.post/3mfnerxqks42v,bafyreiei2gvviogegooeaa45bewiylvgmrn2lh7ap6sbpum37m4obqpwle,did:plc:uac6er53o2pvr5y2qmvaf7hw,disinfo,,did:plc:c5nlujvorh2kh6jgp3tpfyum,2025-02-08T15:00:12.726Z
ea151a08e218409895019d4787233a5d,2026-02-25T01:00:00Z,2026-02-25T01:13:20Z,auth,auth_enUS_labelerexp,at://did:plc:gmg2foxsifsbxnttsaccktpy/app.bsky.feed.post/3mfneh535i22q,bafyreidyuie5tjukohmfm4s7wtuzfzecdu2snz5tfqwtdomcx5vskwmjp4,did:plc:gmg2foxsifsbxnttsaccktpy,!no-unauthenticated,,at://did:plc:gmg2foxsifsbxnttsaccktpy/app.bsky.actor.profile/self,1970-01-01T00:00:00.000Z
ea151a08e218409895019d4787233a5d,2026-02-25T01:00:00Z,2026-02-25T01:13:20Z,auth,auth_enUS_labelerexp,at://did:plc:3bk3puna54g5jgssmxii3o4w/app.bsky.feed.post/3mfne7dteuk2w,bafyreidophnppozufrloh3vyykhd5hvw7q7xzpzhkoatz3wzdar73jr6ce,did:plc:3bk3puna54g5jgssmxii3o4w,!no-unauthenticated,,at://did:plc:3bk3puna54g5jgssmxii3o4w/app.bsky.actor.profile/self,1970-01-01T00:00:00.000Z
ea151a08e218409895019d4787233a5d,2026-02-25T01:00:00Z,2026-02-25T01:13:20Z,auth,auth_enUS_labelerexp,at://did:plc:7ey6cpbpdrgamxtdbc5c6xxs/app.bsky.feed.post/3mfncw732ks2l,bafyreiesytegbwbhevz3mk3b4i5j5nascowoenvijyeim432ukspe2uvcy,did:plc:7ey6cpbpdrgamxtdbc5c6xxs,!no-unauthenticated,,at://did:plc:7ey6cpbpdrgamxtdbc5c6xxs/app.bsky.actor.profile/self,2024-04-13T11:01:35.899Z
ea151a08e218409895019d4787233a5d,2026-02-25T01:00:00Z,2026-02-25T01:13:20Z,auth,auth_enUS_labelerexp,at://did:plc:qbhaw7upz2jxj27hueahdrco/app.bsky.feed.post/3mfncrbbvd22v,bafyreifebapnvkt46g4i73iwcsfntpgnwfxf545tdh7wymkbowndq7rovm,did:plc:uac6er53o2pvr5y2qmvaf7hw,x-link,,at://did:plc:qbhaw7upz2jxj27hueahdrco/app.bsky.actor.profile/self,2025-11-13T23:31:28.273Z
ea151a08e218409895019d4787233a5d,2026-02-25T01:00:00Z,2026-02-25T01:13:20Z,auth,auth_enUS_labelerexp,at://did:plc:qbhaw7upz2jxj27hueahdrco/app.bsky.feed.post/3mfncm6bjik2v,bafyreihra2xywtji2ruld3524v3rbbitnmodew2kpgts5l7lrbx3pdgq3e,did:plc:uac6er53o2pvr5y2qmvaf7hw,x-link,,at://did:plc:qbhaw7upz2jxj27hueahdrco/app.bsky.actor.profile/self,2025-11-13T23:31:28.273Z
ea151a08e218409895019d4787233a5d,2026-02-25T01:00:00Z,2026-02-25T01:13:20Z,auth,auth_enUS_labelerexp,at://did:plc:4whzty3jg5yzqv4nqbhvn5wr/app.bsky.feed.post/3mfncjf4ask24,bafyreifb34ci655ryvzrqhe2nu4jb3gn7cn4d6jxsjxbqnwwlpdr7sh5e4,did:plc:4whzty3jg5yzqv4nqbhvn5wr,sexual,,at://did:plc:4whzty3jg5yzqv4nqbhvn5wr/app.bsky.feed.post/3mfncjf4ask24,2026-02-24T23:19:32.217Z
ea151a08e218409895019d4787233a5d,2026-02-25T01:00:00Z,2026-02-25T01:13:20Z,auth,auth_enUS_labelerexp,at://did:plc:eptawkel43caxtlgsa5l3ars/app.bsky.feed.post/3mfnbwjhj2s2u,bafyreihvgferivtegj4bn4xs4ziixzz6pxzlxyvahdgx7pwsbqhnunbrny,did:plc:uac6er53o2pvr5y2qmvaf7hw,meta-link,,at://did:plc:eptawkel43caxtlgsa5l3ars/app.bsky.actor.profile/self,2026-01-02T22:56:07.237Z
ea151a08e218409895019d4787233a5d,2026-02-25T01:00:00Z,2026-02-25T01:13:20Z,auth,auth_enUS_labelerexp,at://did:plc:eptawkel43caxtlgsa5l3ars/app.bsky.feed.post/3mfnbwjhj2s2u,bafyreihvgferivtegj4bn4xs4ziixzz6pxzlxyvahdgx7pwsbqhnunbrny,did:plc:uac6er53o2pvr5y2qmvaf7hw,x-link,,at://did:plc:eptawkel43caxtlgsa5l3ars/app.bsky.actor.profile/self,2026-01-02T22:56:07.236Z
ea151a08e218409895019d4787233a5d,2026-02-25T01:00:00Z,2026-02-25T01:13:22Z,auth,auth_enUS_labelerexp,at://did:plc:amamlcboteqqpy5qdnev5bc6/app.bsky.feed.post/3mfnibafqfm2u,bafyreihed7g6npuyp72to7utlxs4wyxrdsv2oph5jsvqkfztleblzzsr4u,did:plc:amamlcboteqqpy5qdnev5bc6,!no-unauthenticated,,at://did:plc:amamlcboteqqpy5qdnev5bc6/app.bsky.actor.profile/self,1970-01-01T00:00:00.000Z
ea151a08e218409895019d4787233a5d,2026-02-25T01:00:00Z,2026-02-25T01:13:22Z,auth,auth_enUS_labelerexp,at://did:plc:amamlcboteqqpy5qdnev5bc6/app.bsky.feed.post/3mfnib7k6bd2j,bafyreidxfb637vzzgrdlsmwizjrrtbjm7xfdnjk3asyjeumhwv2fjt6gfq,did:plc:amamlcboteqqpy5qdnev5bc6,!no-unauthenticated,,at://did:plc:amamlcboteqqpy5qdnev5bc6/app.bsky.actor.profile/self,1970-01-01T00:00:00.000Z
ea151a08e218409895019d4787233a5d,2026-02-25T01:00:00Z,2026-02-25T01:13:22Z,auth,auth_enUS_labelerexp,at://did:plc:yropk2ltk65tr2hdvzcudmt3/app.bsky.feed.post/3mfnhqwhj7s25,bafyreicyu25xl47j4lbenusa4ydl7yypfeeqzxonihdldwkfhzczrstjhu,did:plc:yropk2ltk65tr2hdvzcudmt3,!no-unauthenticated,,at://did:plc:yropk2ltk65tr2hdvzcudmt3/app.bsky.actor.profile/self,1970-01-01T00:00:00.000Z
ea151a08e218409895019d4787233a5d,2026-02-25T01:00:00Z,2026-02-25T01:13:22Z,auth,auth_enUS_labelerexp,at://did:plc:n7kvzhe6i5no3pztvaurozjp/app.bsky.feed.post/3mfnhjfsxqn2q,bafyreiaiifruci4isddhgwpgjt2maiahgfz6sbvhzyhj4sslrngq5avyy4,did:plc:uac6er53o2pvr5y2qmvaf7hw,meta-link,,at://did:plc:n7kvzhe6i5no3pztvaurozjp/app.bsky.actor.profile/self,2025-07-17T15:42:59.657Z
ea151a08e218409895019d4787233a5d,2026-02-25T01:00:00Z,2026-02-25T01:13:22Z,auth,auth_enUS_labelerexp,at://did:plc:lho6zbmiildz6tt7d74czhc4/app.bsky.feed.post/3mfnhgpnxcg2h,bafyreia2vx2fyobfcyjr3lxue7ooqvs3vslnyf2xwkmnad7d2phddu74de,did:plc:lho6zbmiildz6tt7d74czhc4,!no-unauthenticated,,at://did:plc:lho6zbmiildz6tt7d74czhc4/app.bsky.actor.profile/self,2025-07-23T14:00:13.825Z
ea151a08e218409895019d4787233a5d,2026-02-25T01:00:00Z,2026-02-25T01:13:22Z,auth,auth_enUS_labelerexp,at://did:plc:zh5zre2imncjb4so522basug/app.bsky.feed.post/3mfnhgc4z4s2b,bafyreiclilizc5z5pb7wflutp6lf7zcaxvjctafzpnoulvd6kazpxe65qe,did:plc:zh5zre2imncjb4so522basug,!no-unauthenticated,,at://did:plc:zh5zre2imncjb4so522basug/app.bsky.actor.profile/self,1970-01-01T00:00:00.000Z
ea151a08e218409895019d4787233a5d,2026-02-25T01:00:00Z,2026-02-25T01:13:22Z,auth,auth_enUS_labelerexp,at://did:plc:e5xgxzxhvhxu2npejmssbror/app.bsky.feed.post/3mfnh7exybs2z,bafyreihmnxx6cpzbyp6bler3tkocdzfqj2ndprav3kymlevclrlh2nuahi,did:plc:e5xgxzxhvhxu2npejmssbror,!no-unauthenticated,,at://did:plc:e5xgxzxhvhxu2npejmssbror/app.bsky.actor.profile/self,2024-07-29T05:30:23.622Z
ea151a08e218409895019d4787233a5d,2026-02-25T01:00:00Z,2026-02-25T01:13:22Z,auth,auth_enUS_labelerexp,at://did:plc:kfm6xeueo537b7bb7pyqlvos/app.bsky.feed.post/3mfnh6wggt22n,bafyreifsszpi5wfk4e5siam7m6fa64aixuqjyexblwe3qz3orscaqx5vcu,did:plc:kfm6xeueo537b7bb7pyqlvos,!no-unauthenticated,,at://did:plc:kfm6xeueo537b7bb7pyqlvos/app.bsky.actor.profile/self,1970-01-01T00:00:00.000Z
ea151a08e218409895019d4787233a5d,2026-02-25T01:00:00Z,2026-02-25T01:13:22Z,auth,auth_enUS_labelerexp,at://did:plc:lho6zbmiildz6tt7d74czhc4/app.bsky.feed.post/3mfngolfrpj2m,bafyreieacg7nmjixdzfosnwkb5gb6edl7zorvwmj3sfr7wubjzpn6sw3ea,did:plc:lho6zbmiildz6tt7d74czhc4,!no-unauthenticated,,at://did:plc:lho6zbmiildz6tt7d74czhc4/app.bsky.actor.profile/self,2025-07-23T14:00:13.825Z
ea151a08e218409895019d4787233a5d,2026-02-25T01:00:00Z,2026-02-25T01:13:22Z,auth,auth_enUS_labelerexp,at://did:plc:zwabrwwj5o3eypynzgu53lpm/app.bsky.feed.post/3mfnilurb7s2i,bafyreieyrfiosz7uh2rcy6aryj3hiqdncv4q2gdpumky4g6s6m2f5ybwu4,did:plc:ar7c4by46qjdydhdevvrndac,porn,,at://did:plc:zwabrwwj5o3eypynzgu53lpm/app.bsky.feed.post/3mfnilurb7s2i,2026-02-25T01:08:24.910Z
ea151a08e218409895019d4787233a5d,2026-02-25T01:00:00Z,2026-02-25T01:13:22Z,auth,auth_enUS_labelerexp,at://did:plc:zwabrwwj5o3eypynzgu53lpm/app.bsky.feed.post/3mfnilurb7s2i,bafyreieyrfiosz7uh2rcy6aryj3hiqdncv4q2gdpumky4g6s6m2f5ybwu4,did:plc:zwabrwwj5o3eypynzgu53lpm,nudity,,at://did:plc:zwabrwwj5o3eypynzgu53lpm/app.bsky.feed.post/3mfnilurb7s2i,2026-02-25T01:08:18.209Z
ea151a08e218409895019d4787233a5d,2026-02-25T01:00:00Z,2026-02-25T01:13:22Z,auth,auth_enUS_labelerexp,at://did:plc:zwabrwwj5o3eypynzgu53lpm/app.bsky.feed.post/3mfnilurb7s2i,bafyreieyrfiosz7uh2rcy6aryj3hiqdncv4q2gdpumky4g6s6m2f5ybwu4,did:plc:ar7c4by46qjdydhdevvrndac,porn,,at://did:plc:zwabrwwj5o3eypynzgu53lpm/app.bsky.actor.profile/self,2025-11-14T11:11:22.090Z
ea151a08e218409895019d4787233a5d,2026-02-25T01:00:00Z,2026-02-25T01:13:22Z,auth,auth_enUS_labelerexp,at://did:plc:cjbur2ntgrd4vb5c5afsjceh/app.bsky.feed.post/3mfng6ygihc2q,bafyreietlyg7duz7axf7u6a6v2k52p7g5wiia6leyqoo3iytd5zu6qx4oa,did:plc:cjbur2ntgrd4vb5c5afsjceh,porn,,at://did:plc:cjbur2ntgrd4vb5c5afsjceh/app.bsky.feed.post/3mfng6ygihc2q,2026-02-25T00:25:18.354Z
ea151a08e218409895019d4787233a5d,2026-02-25T01:00:00Z,2026-02-25T01:13:22Z,auth,auth_enUS_labelerexp,at://did:plc:qdfqgnxfrbay4qgg45jgzpbm/app.bsky.feed.post/3mfnf4aalis23,bafyreieo43cdri5yq73hhdwwaprzqcbe72xwk6jntm23ywbxthprqyayfa,did:plc:ar7c4by46qjdydhdevvrndac,porn,,at://did:plc:qdfqgnxfrbay4qgg45jgzpbm/app.bsky.feed.post/3mfnf4aalis23,2026-02-25T00:05:57.802Z
ea151a08e218409895019d4787233a5d,2026-02-25T01:00:00Z,2026-02-25T01:13:22Z,auth,auth_enUS_labelerexp,at://did:plc:qdfqgnxfrbay4qgg45jgzpbm/app.bsky.feed.post/3mfncpvc6h22d,bafyreif6j6mbfo4g2jcqtjo7jdymjqg3x3gduckablm42lwdxrvbiwpbmq,did:plc:ar7c4by46qjdydhdevvrndac,porn,,at://did:plc:qdfqgnxfrbay4qgg45jgzpbm/app.bsky.feed.post/3mfncpvc6h22d,2026-02-24T23:23:16.395Z
ea151a08e218409895019d4787233a5d,2026-02-25T01:00:00Z,2026-02-25T01:13:22Z,auth,auth_enUS_labelerexp,at://did:plc:mcb6n67plnrlx4lg35natk2b/app.bsky.feed.post/3mfnbhjev2p2k,bafyreiecplan4vpnufvfuycytztgucr6oxr7exluvhw7kw2liii6emcrxm,did:plc:uac6er53o2pvr5y2qmvaf7hw,high-offsite-link-count,,at://did:plc:mcb6n67plnrlx4lg35natk2b/app.bsky.feed.post/3mfnbhjev2p2k,2026-02-24T23:00:37.331Z
ea151a08e218409895019d4787233a5d,2026-02-25T01:00:00Z,2026-02-25T01:13:22Z,auth,auth_enUS_labelerexp,at://did:plc:mcb6n67plnrlx4lg35natk2b/app.bsky.feed.post/3mfnbhjev2p2k,bafyreiecplan4vpnufvfuycytztgucr6oxr7exluvhw7kw2liii6emcrxm,did:plc:uac6er53o2pvr5y2qmvaf7hw,engagementfarmer,,did:plc:mcb6n67plnrlx4lg35natk2b,2024-12-10T14:25:58.920Z
ea151a08e218409895019d4787233a5d,2026-02-25T01:00:00Z,2026-02-25T01:13:22Z,auth,auth_enUS_labelerexp,at://did:plc:mcb6n67plnrlx4lg35natk2b/app.bsky.feed.post/3mfnbhjev2p2k,bafyreiecplan4vpnufvfuycytztgucr6oxr7exluvhw7kw2liii6emcrxm,did:plc:uac6er53o2pvr5y2qmvaf7hw,high-offsite-link-count,,did:plc:mcb6n67plnrlx4lg35natk2b,2025-04-18T13:00:27.234Z
ea151a08e218409895019d4787233a5d,2026-02-25T01:00:00Z,2026-02-25T01:13:22Z,auth,auth_enUS_labelerexp,at://did:plc:mcb6n67plnrlx4lg35natk2b/app.bsky.feed.post/3mfnbhjev2p2k,bafyreiecplan4vpnufvfuycytztgucr6oxr7exluvhw7kw2liii6emcrxm,did:plc:uac6er53o2pvr5y2qmvaf7hw,repetitive,,did:plc:mcb6n67plnrlx4lg35natk2b,2024-12-10T14:25:58.920Z
ea151a08e218409895019d4787233a5d,2026-02-25T01:00:00Z,2026-02-25T01:13:22Z,auth,auth_enUS_labelerexp,at://did:plc:pehodjg3hwhpmagtn4yvzphb/app.bsky.feed.post/3mfnahuz7gs2q,bafyreif6gyk6rijwm7i37aluvavehlg6rqvh3lfj7fx5xnnekaenqkdxwq,did:plc:pehodjg3hwhpmagtn4yvzphb,sexual,,at://did:plc:pehodjg3hwhpmagtn4yvzphb/app.bsky.feed.post/3mfnahuz7gs2q,2026-02-24T22:42:54.306Z
ea151a08e218409895019d4787233a5d,2026-02-25T01:00:00Z,2026-02-25T01:13:22Z,auth,auth_enUS_labelerexp,at://did:plc:mcb6n67plnrlx4lg35natk2b/app.bsky.feed.post/3mfn5kqgqam2y,bafyreigl7bgcg6yw6difx4bwm73plw2aanuytb7dvf4atauipoqreugcpq,did:plc:uac6er53o2pvr5y2qmvaf7hw,high-offsite-link-count,,at://did:plc:mcb6n67plnrlx4lg35natk2b/app.bsky.feed.post/3mfn5kqgqam2y,2026-02-24T21:50:50.104Z
ea151a08e218409895019d4787233a5d,2026-02-25T01:00:00Z,2026-02-25T01:13:22Z,auth,auth_enUS_labelerexp,at://did:plc:mcb6n67plnrlx4lg35natk2b/app.bsky.feed.post/3mfn5kqgqam2y,bafyreigl7bgcg6yw6difx4bwm73plw2aanuytb7dvf4atauipoqreugcpq,did:plc:uac6er53o2pvr5y2qmvaf7hw,engagementfarmer,,did:plc:mcb6n67plnrlx4lg35natk2b,2024-12-10T14:25:58.920Z
ea151a08e218409895019d4787233a5d,2026-02-25T01:00:00Z,2026-02-25T01:13:22Z,auth,auth_enUS_labelerexp,at://did:plc:mcb6n67plnrlx4lg35natk2b/app.bsky.feed.post/3mfn5kqgqam2y,bafyreigl7bgcg6yw6difx4bwm73plw2aanuytb7dvf4atauipoqreugcpq,did:plc:uac6er53o2pvr5y2qmvaf7hw,high-offsite-link-count,,did:plc:mcb6n67plnrlx4lg35natk2b,2025-04-18T13:00:27.234Z
ea151a08e218409895019d4787233a5d,2026-02-25T01:00:00Z,2026-02-25T01:13:22Z,auth,auth_enUS_labelerexp,at://did:plc:mcb6n67plnrlx4lg35natk2b/app.bsky.feed.post/3mfn5kqgqam2y,bafyreigl7bgcg6yw6difx4bwm73plw2aanuytb7dvf4atauipoqreugcpq,did:plc:uac6er53o2pvr5y2qmvaf7hw,repetitive,,did:plc:mcb6n67plnrlx4lg35natk2b,2024-12-10T14:25:58.920Z
ea151a08e218409895019d4787233a5d,2026-02-25T01:00:00Z,2026-02-25T01:13:22Z,auth,auth_enUS_labelerexp,at://did:plc:mcb6n67plnrlx4lg35natk2b/app.bsky.feed.post/3mfn4ylwdd72l,bafyreicabbk3avfwjhfnmfiwlx4xfaelc4fheexcn7yiwywfo6izeqctsu,did:plc:uac6er53o2pvr5y2qmvaf7hw,high-offsite-link-count,,at://did:plc:mcb6n67plnrlx4lg35natk2b/app.bsky.feed.post/3mfn4ylwdd72l,2026-02-24T21:40:41.898Z
ea151a08e218409895019d4787233a5d,2026-02-25T01:00:00Z,2026-02-25T01:13:22Z,auth,auth_enUS_labelerexp,at://did:plc:mcb6n67plnrlx4lg35natk2b/app.bsky.feed.post/3mfn4ylwdd72l,bafyreicabbk3avfwjhfnmfiwlx4xfaelc4fheexcn7yiwywfo6izeqctsu,did:plc:uac6er53o2pvr5y2qmvaf7hw,engagementfarmer,,did:plc:mcb6n67plnrlx4lg35natk2b,2024-12-10T14:25:58.920Z
ea151a08e218409895019d4787233a5d,2026-02-25T01:00:00Z,2026-02-25T01:13:22Z,auth,auth_enUS_labelerexp,at://did:plc:mcb6n67plnrlx4lg35natk2b/app.bsky.feed.post/3mfn4ylwdd72l,bafyreicabbk3avfwjhfnmfiwlx4xfaelc4fheexcn7yiwywfo6izeqctsu,did:plc:uac6er53o2pvr5y2qmvaf7hw,high-offsite-link-count,,did:plc:mcb6n67plnrlx4lg35natk2b,2025-04-18T13:00:27.234Z
ea151a08e218409895019d4787233a5d,2026-02-25T01:00:00Z,2026-02-25T01:13:22Z,auth,auth_enUS_labelerexp,at://did:plc:mcb6n67plnrlx4lg35natk2b/app.bsky.feed.post/3mfn4ylwdd72l,bafyreicabbk3avfwjhfnmfiwlx4xfaelc4fheexcn7yiwywfo6izeqctsu,did:plc:uac6er53o2pvr5y2qmvaf7hw,repetitive,,did:plc:mcb6n67plnrlx4lg35natk2b,2024-12-10T14:25:58.920Z
ea151a08e218409895019d4787233a5d,2026-02-25T01:00:00Z,2026-02-25T01:13:22Z,auth,auth_enUS_labelerexp,at://did:plc:7vwuwxnyre5wgntjjzjvxion/app.bsky.feed.post/3mfn4xpxe4s25,bafyreid36lqcpbwhsajhs3v3tupbhn3fodq7gkuxbdpds6rmyu6fsmcyxi,did:plc:uac6er53o2pvr5y2qmvaf7hw,high-hashtag-count,,at://did:plc:7vwuwxnyre5wgntjjzjvxion/app.bsky.feed.post/3mfn4xpxe4s25,2026-02-24T21:40:15.922Z
ea151a08e218409895019d4787233a5d,2026-02-25T01:00:00Z,2026-02-25T01:13:22Z,auth,auth_enUS_labelerexp,at://did:plc:7vwuwxnyre5wgntjjzjvxion/app.bsky.feed.post/3mfn4xpxe4s25,bafyreid36lqcpbwhsajhs3v3tupbhn3fodq7gkuxbdpds6rmyu6fsmcyxi,did:plc:uac6er53o2pvr5y2qmvaf7hw,high-total-facet-count,,at://did:plc:7vwuwxnyre5wgntjjzjvxion/app.bsky.feed.post/3mfn4xpxe4s25,2026-02-24T21:40:15.927Z
ea151a08e218409895019d4787233a5d,2026-02-25T01:00:00Z,2026-02-25T01:13:22Z,auth,auth_enUS_labelerexp,at://did:plc:7vwuwxnyre5wgntjjzjvxion/app.bsky.feed.post/3mfn4xpxe4s25,bafyreid36lqcpbwhsajhs3v3tupbhn3fodq7gkuxbdpds6rmyu6fsmcyxi,did:plc:ar7c4by46qjdydhdevvrndac,sexual,,at://did:plc:7vwuwxnyre5wgntjjzjvxion/app.bsky.feed.post/3mfn4xpxe4s25,2026-02-24T21:40:17.096Z
ea151a08e218409895019d4787233a5d,2026-02-25T01:00:00Z,2026-02-25T01:13:22Z,auth,auth_enUS_labelerexp,at://did:plc:a3j6mogvgoydtbb2ptpx3pak/app.bsky.feed.post/3mfn4lrgoxc2x,bafyreifjb5agia2d6hoom3e7zmj33iyhjbfnpsnkdscypyxtqdsqraohoq,did:plc:ar7c4by46qjdydhdevvrndac,porn,,at://did:plc:a3j6mogvgoydtbb2ptpx3pak/app.bsky.feed.post/3mfn4lrgoxc2x,2026-02-24T21:33:40.292Z
ea151a08e218409895019d4787233a5d,2026-02-25T01:00:00Z,2026-02-25T01:13:22Z,auth,auth_enUS_labelerexp,at://did:plc:a3j6mogvgoydtbb2ptpx3pak/app.bsky.feed.post/3mfn4lrgoxc2x,bafyreifjb5agia2d6hoom3e7zmj33iyhjbfnpsnkdscypyxtqdsqraohoq,did:plc:ar7c4by46qjdydhdevvrndac,sexual,,at://did:plc:a3j6mogvgoydtbb2ptpx3pak/app.bsky.feed.post/3mfn4lrgoxc2x,2026-02-24T21:33:40.292Z
ea151a08e218409895019d4787233a5d,2026-02-25T01:00:00Z,2026-02-25T01:13:22Z,auth,auth_enUS_labelerexp,at://did:plc:a3j6mogvgoydtbb2ptpx3pak/app.bsky.feed.post/3mfn4lrgoxc2x,bafyreifjb5agia2d6hoom3e7zmj33iyhjbfnpsnkdscypyxtqdsqraohoq,did:plc:a3j6mogvgoydtbb2ptpx3pak,nudity,,at://did:plc:a3j6mogvgoydtbb2ptpx3pak/app.bsky.feed.post/3mfn4lrgoxc2x,2026-02-24T21:33:29.785Z
ea151a08e218409895019d4787233a5d,2026-02-25T01:00:00Z,2026-02-25T01:13:22Z,auth,auth_enUS_labelerexp,at://did:plc:qropmz2a4q5q4h7drdmg4n2r/app.bsky.feed.post/3mfn35lioqs2m,bafyreicoojzmib5gcrt3dquz6mjztyzolovgqqivky2d63wp6yzj3xxrve,did:plc:uac6er53o2pvr5y2qmvaf7hw,high-total-facet-count,,at://did:plc:qropmz2a4q5q4h7drdmg4n2r/app.bsky.feed.post/3mfn35lioqs2m,2026-02-24T21:07:50.332Z
ea151a08e218409895019d4787233a5d,2026-02-25T01:00:00Z,2026-02-25T01:13:22Z,auth,auth_enUS_labelerexp,at://did:plc:xibtmabrb5li5yiuqlegxjjh/app.bsky.feed.post/3mfmzadowvs2c,bafyreia75fapwucxccnzqioy7xm3xx66atvocv3alybnv5irk76sug6coy,did:plc:uac6er53o2pvr5y2qmvaf7hw,high-total-facet-count,,at://did:plc:xibtmabrb5li5yiuqlegxjjh/app.bsky.feed.post/3mfmzadowvs2c,2026-02-24T20:33:32.587Z
ea151a08e218409895019d4787233a5d,2026-02-25T01:00:00Z,2026-02-25T01:13:22Z,auth,auth_enUS_labelerexp,at://did:plc:xibtmabrb5li5yiuqlegxjjh/app.bsky.feed.post/3mfmzadowvs2c,bafyreia75fapwucxccnzqioy7xm3xx66atvocv3alybnv5irk76sug6coy,did:plc:ar7c4by46qjdydhdevvrndac,porn,,at://did:plc:xibtmabrb5li5yiuqlegxjjh/app.bsky.feed.post/3mfmzadowvs2c,2026-02-24T20:33:36.302Z
ea151a08e218409895019d4787233a5d,2026-02-25T01:00:00Z,2026-02-25T01:13:22Z,auth,auth_enUS_labelerexp,at://did:plc:xibtmabrb5li5yiuqlegxjjh/app.bsky.feed.post/3mfmzadowvs2c,bafyreia75fapwucxccnzqioy7xm3xx66atvocv3alybnv5irk76sug6coy,did:plc:ar7c4by46qjdydhdevvrndac,sexual,,at://did:plc:xibtmabrb5li5yiuqlegxjjh/app.bsky.feed.post/3mfmzadowvs2c,2026-02-24T20:33:36.302Z
ea151a08e218409895019d4787233a5d,2026-02-25T01:00:00Z,2026-02-25T01:13:22Z,auth,auth_enUS_labelerexp,at://did:plc:xibtmabrb5li5yiuqlegxjjh/app.bsky.feed.post/3mfmzadowvs2c,bafyreia75fapwucxccnzqioy7xm3xx66atvocv3alybnv5irk76sug6coy,did:plc:xibtmabrb5li5yiuqlegxjjh,nudity,,at://did:plc:xibtmabrb5li5yiuqlegxjjh/app.bsky.feed.post/3mfmzadowvs2c,2026-02-24T20:33:25.080Z
ea151a08e218409895019d4787233a5d,2026-02-25T01:00:00Z,2026-02-25T01:13:22Z,auth,auth_enUS_labelerexp,at://did:plc:xibtmabrb5li5yiuqlegxjjh/app.bsky.feed.post/3mfmzadowvs2c,bafyreia75fapwucxccnzqioy7xm3xx66atvocv3alybnv5irk76sug6coy,did:plc:xibtmabrb5li5yiuqlegxjjh,!no-unauthenticated,,at://did:plc:xibtmabrb5li5yiuqlegxjjh/app.bsky.actor.profile/self,2024-11-15T21:36:10.781Z
ea151a08e218409895019d4787233a5d,2026-02-25T01:00:00Z,2026-02-25T01:13:22Z,auth,auth_enUS_labelerexp,at://did:plc:mcb6n67plnrlx4lg35natk2b/app.bsky.feed.post/3mfmyjg2b7n2x,bafyreieq6ioa2j3cygxso663tagr5cmjbeaqnjwimmoy7egbu45dek7sn4,did:plc:uac6er53o2pvr5y2qmvaf7hw,high-offsite-link-count,,at://did:plc:mcb6n67plnrlx4lg35natk2b/app.bsky.feed.post/3mfmyjg2b7n2x,2026-02-24T20:20:37.587Z
ea151a08e218409895019d4787233a5d,2026-02-25T01:00:00Z,2026-02-25T01:13:22Z,auth,auth_enUS_labelerexp,at://did:plc:mcb6n67plnrlx4lg35natk2b/app.bsky.feed.post/3mfmyjg2b7n2x,bafyreieq6ioa2j3cygxso663tagr5cmjbeaqnjwimmoy7egbu45dek7sn4,did:plc:uac6er53o2pvr5y2qmvaf7hw,engagementfarmer,,did:plc:mcb6n67plnrlx4lg35natk2b,2024-12-10T14:25:58.920Z
ea151a08e218409895019d4787233a5d,2026-02-25T01:00:00Z,2026-02-25T01:13:22Z,auth,auth_enUS_labelerexp,at://did:plc:mcb6n67plnrlx4lg35natk2b/app.bsky.feed.post/3mfmyjg2b7n2x,bafyreieq6ioa2j3cygxso663tagr5cmjbeaqnjwimmoy7egbu45dek7sn4,did:plc:uac6er53o2pvr5y2qmvaf7hw,high-offsite-link-count,,did:plc:mcb6n67plnrlx4lg35natk2b,2025-04-18T13:00:27.234Z
ea151a08e218409895019d4787233a5d,2026-02-25T01:00:00Z,2026-02-25T01:13:22Z,auth,auth_enUS_labelerexp,at://did:plc:mcb6n67plnrlx4lg35natk2b/app.bsky.feed.post/3mfmyjg2b7n2x,bafyreieq6ioa2j3cygxso663tagr5cmjbeaqnjwimmoy7egbu45dek7sn4,did:plc:uac6er53o2pvr5y2qmvaf7hw,repetitive,,did:plc:mcb6n67plnrlx4lg35natk2b,2024-12-10T14:25:58.920Z
ea151a08e218409895019d4787233a5d,2026-02-25T01:00:00Z,2026-02-25T01:13:22Z,auth,auth_enUS_labelerexp,at://did:plc:p6hzsnv3hwlk4cgocvnoaapk/app.bsky.feed.post/3mfmx7q6sv22v,bafyreifve54pjwa4zrn7cptzssh4pjbx6urn5dul4lnuzyoyzjy7jlfjcy,did:plc:ar7c4by46qjdydhdevvrndac,sexual,,at://did:plc:p6hzsnv3hwlk4cgocvnoaapk/app.bsky.feed.post/3mfmx7q6sv22v,2026-02-24T19:57:22.506Z
ea151a08e218409895019d4787233a5d,2026-02-25T01:00:00Z,2026-02-25T01:13:22Z,auth,auth_enUS_labelerexp,at://did:plc:p6hzsnv3hwlk4cgocvnoaapk/app.bsky.feed.post/3mfmx7q6sv22v,bafyreifve54pjwa4zrn7cptzssh4pjbx6urn5dul4lnuzyoyzjy7jlfjcy,did:plc:p6hzsnv3hwlk4cgocvnoaapk,porn,,at://did:plc:p6hzsnv3hwlk4cgocvnoaapk/app.bsky.feed.post/3mfmx7q6sv22v,2026-02-24T19:57:17.145Z
ea151a08e218409895019d4787233a5d,2026-02-25T01:00:00Z,2026-02-25T01:13:22Z,auth,auth_enUS_labelerexp,at://did:plc:p6hzsnv3hwlk4cgocvnoaapk/app.bsky.feed.post/3mfmx7q6sv22v,bafyreifve54pjwa4zrn7cptzssh4pjbx6urn5dul4lnuzyoyzjy7jlfjcy,did:plc:p6hzsnv3hwlk4cgocvnoaapk,!no-unauthenticated,,at://did:plc:p6hzsnv3hwlk4cgocvnoaapk/app.bsky.actor.profile/self,2025-07-29T17:04:08.854Z
ea151a08e218409895019d4787233a5d,2026-02-25T01:00:00Z,2026-02-25T01:13:22Z,auth,auth_enUS_labelerexp,at://did:plc:iga24pebkdn7ku44cihi7vwz/app.bsky.feed.post/3mfmwyrxbkc22,bafyreibqmkpgiarjkhqpvopm6p4y5pguect7vkcohgd4ttfypi32l74may,did:plc:l624mewisyr6hymexmrjkprc,artistdesigner,,did:plc:iga24pebkdn7ku44cihi7vwz,2024-10-24T16:59:20.736Z
ea151a08e218409895019d4787233a5d,2026-02-25T01:00:00Z,2026-02-25T01:13:22Z,auth,auth_enUS_labelerexp,at://did:plc:iga24pebkdn7ku44cihi7vwz/app.bsky.feed.post/3mfmwyrxbkc22,bafyreibqmkpgiarjkhqpvopm6p4y5pguect7vkcohgd4ttfypi32l74may,did:plc:l624mewisyr6hymexmrjkprc,photographers,,did:plc:iga24pebkdn7ku44cihi7vwz,2024-10-24T16:59:25.150Z
ea151a08e218409895019d4787233a5d,2026-02-25T01:00:00Z,2026-02-25T01:13:22Z,auth,auth_enUS_labelerexp,at://did:plc:iga24pebkdn7ku44cihi7vwz/app.bsky.feed.post/3mfmwyrxbkc22,bafyreibqmkpgiarjkhqpvopm6p4y5pguect7vkcohgd4ttfypi32l74may,did:plc:l624mewisyr6hymexmrjkprc,writer,,did:plc:iga24pebkdn7ku44cihi7vwz,2024-10-24T16:59:29.545Z
ea151a08e218409895019d4787233a5d,2026-02-25T01:00:00Z,2026-02-25T01:13:22Z,auth,auth_enUS_labelerexp,at://did:plc:iga24pebkdn7ku44cihi7vwz/app.bsky.feed.post/3mfmwsiisgs22,bafyreifmfj4ngnl2jytwbqwh34cgitu7umixswgilxpokgjavqc7mznmxy,did:plc:l624mewisyr6hymexmrjkprc,artistdesigner,,did:plc:iga24pebkdn7ku44cihi7vwz,2024-10-24T16:59:20.736Z
ea151a08e218409895019d4787233a5d,2026-02-25T01:00:00Z,2026-02-25T01:13:22Z,auth,auth_enUS_labelerexp,at://did:plc:iga24pebkdn7ku44cihi7vwz/app.bsky.feed.post/3mfmwsiisgs22,bafyreifmfj4ngnl2jytwbqwh34cgitu7umixswgilxpokgjavqc7mznmxy,did:plc:l624mewisyr6hymexmrjkprc,photographers,,did:plc:iga24pebkdn7ku44cihi7vwz,2024-10-24T16:59:25.150Z
ea151a08e218409895019d4787233a5d,2026-02-25T01:00:00Z,2026-02-25T01:13:22Z,auth,auth_enUS_labelerexp,at://did:plc:iga24pebkdn7ku44cihi7vwz/app.bsky.feed.post/3mfmwsiisgs22,bafyreifmfj4ngnl2jytwbqwh34cgitu7umixswgilxpokgjavqc7mznmxy,did:plc:l624mewisyr6hymexmrjkprc,writer,,did:plc:iga24pebkdn7ku44cihi7vwz,2024-10-24T16:59:29.545Z
ea151a08e218409895019d4787233a5d,2026-02-25T01:00:00Z,2026-02-25T01:13:22Z,auth,auth_enUS_labelerexp,at://did:plc:mcb6n67plnrlx4lg35natk2b/app.bsky.feed.post/3mfmwbtz4d72k,bafyreiam3tx7lz75vcrq2i3yfnmtec53rwp7ymlevtyci4jnx7ulxnlzlq,did:plc:uac6er53o2pvr5y2qmvaf7hw,high-offsite-link-count,,at://did:plc:mcb6n67plnrlx4lg35natk2b/app.bsky.feed.post/3mfmwbtz4d72k,2026-02-24T19:40:36.437Z
ea151a08e218409895019d4787233a5d,2026-02-25T01:00:00Z,2026-02-25T01:13:22Z,auth,auth_enUS_labelerexp,at://did:plc:mcb6n67plnrlx4lg35natk2b/app.bsky.feed.post/3mfmwbtz4d72k,bafyreiam3tx7lz75vcrq2i3yfnmtec53rwp7ymlevtyci4jnx7ulxnlzlq,did:plc:uac6er53o2pvr5y2qmvaf7hw,engagementfarmer,,did:plc:mcb6n67plnrlx4lg35natk2b,2024-12-10T14:25:58.920Z
ea151a08e218409895019d4787233a5d,2026-02-25T01:00:00Z,2026-02-25T01:13:22Z,auth,auth_enUS_labelerexp,at://did:plc:mcb6n67plnrlx4lg35natk2b/app.bsky.feed.post/3mfmwbtz4d72k,bafyreiam3tx7lz75vcrq2i3yfnmtec53rwp7ymlevtyci4jnx7ulxnlzlq,did:plc:uac6er53o2pvr5y2qmvaf7hw,high-offsite-link-count,,did:plc:mcb6n67plnrlx4lg35natk2b,2025-04-18T13:00:27.234Z
ea151a08e218409895019d4787233a5d,2026-02-25T01:00:00Z,2026-02-25T01:13:22Z,auth,auth_enUS_labelerexp,at://did:plc:mcb6n67plnrlx4lg35natk2b/app.bsky.feed.post/3mfmwbtz4d72k,bafyreiam3tx7lz75vcrq2i3yfnmtec53rwp7ymlevtyci4jnx7ulxnlzlq,did:plc:uac6er53o2pvr5y2qmvaf7hw,repetitive,,did:plc:mcb6n67plnrlx4lg35natk2b,2024-12-10T14:25:58.920Z
ea151a08e218409895019d4787233a5d,2026-02-25T01:00:00Z,2026-02-25T01:13:22Z,auth,auth_enUS_labelerexp,at://did:plc:mcb6n67plnrlx4lg35natk2b/app.bsky.feed.post/3mfmqpey37n2f,bafyreibffayzpl3hx4cgn36v7ovvvvoepkg4kr5gpss26ngklgxyb6p224,did:plc:uac6er53o2pvr5y2qmvaf7hw,high-offsite-link-count,,at://did:plc:mcb6n67plnrlx4lg35natk2b/app.bsky.feed.post/3mfmqpey37n2f,2026-02-24T18:00:47.416Z
ea151a08e218409895019d4787233a5d,2026-02-25T01:00:00Z,2026-02-25T01:13:22Z,auth,auth_enUS_labelerexp,at://did:plc:mcb6n67plnrlx4lg35natk2b/app.bsky.feed.post/3mfmqpey37n2f,bafyreibffayzpl3hx4cgn36v7ovvvvoepkg4kr5gpss26ngklgxyb6p224,did:plc:uac6er53o2pvr5y2qmvaf7hw,engagementfarmer,,did:plc:mcb6n67plnrlx4lg35natk2b,2024-12-10T14:25:58.920Z
ea151a08e218409895019d4787233a5d,2026-02-25T01:00:00Z,2026-02-25T01:13:22Z,auth,auth_enUS_labelerexp,at://did:plc:mcb6n67plnrlx4lg35natk2b/app.bsky.feed.post/3mfmqpey37n2f,bafyreibffayzpl3hx4cgn36v7ovvvvoepkg4kr5gpss26ngklgxyb6p224,did:plc:uac6er53o2pvr5y2qmvaf7hw,high-offsite-link-count,,did:plc:mcb6n67plnrlx4lg35natk2b,2025-04-18T13:00:27.234Z
ea151a08e218409895019d4787233a5d,2026-02-25T01:00:00Z,2026-02-25T01:13:22Z,auth,auth_enUS_labelerexp,at://did:plc:mcb6n67plnrlx4lg35natk2b/app.bsky.feed.post/3mfmqpey37n2f,bafyreibffayzpl3hx4cgn36v7ovvvvoepkg4kr5gpss26ngklgxyb6p224,did:plc:uac6er53o2pvr5y2qmvaf7hw,repetitive,,did:plc:mcb6n67plnrlx4lg35natk2b,2024-12-10T14:25:58.920Z
ea151a08e218409895019d4787233a5d,2026-02-25T01:00:00Z,2026-02-25T01:13:22Z,auth,auth_enUS_labelerexp,at://did:plc:fh3rcuxpwepjlv5iqf5wx74g/app.bsky.feed.post/3mfmq6lstlk2u,bafyreidyxg2olr73i622eq7kwj4bov65v2ev72ovjqicyy57nwl6ywob34,did:plc:ar7c4by46qjdydhdevvrndac,sexual,,at://did:plc:fh3rcuxpwepjlv5iqf5wx74g/app.bsky.feed.post/3mfmq6lstlk2u,2026-02-24T17:51:29.888Z
ea151a08e218409895019d4787233a5d,2026-02-25T01:00:00Z,2026-02-25T01:13:22Z,auth,auth_enUS_labelerexp,at://did:plc:wbg5345ugdn65oyhajntcpai/app.bsky.feed.post/3mfmq5potrs2n,bafyreicgurw2z5ylapgbkbjlqovxqjmuypr5cuard7aqwmydod7dnwao3u,did:plc:ar7c4by46qjdydhdevvrndac,porn,,at://did:plc:wbg5345ugdn65oyhajntcpai/app.bsky.feed.post/3mfmq5potrs2n,2026-02-24T17:50:59.212Z
ea151a08e218409895019d4787233a5d,2026-02-25T01:00:00Z,2026-02-25T01:13:22Z,auth,auth_enUS_labelerexp,at://did:plc:mcb6n67plnrlx4lg35natk2b/app.bsky.feed.post/3mfmpli62wt2c,bafyreigqkpckvfiqm2tuw5t5hzhvyp2jpnt2b7jnb34bsuinzodqpnq53e,did:plc:uac6er53o2pvr5y2qmvaf7hw,high-offsite-link-count,,at://did:plc:mcb6n67plnrlx4lg35natk2b/app.bsky.feed.post/3mfmpli62wt2c,2026-02-24T17:40:43.156Z
ea151a08e218409895019d4787233a5d,2026-02-25T01:00:00Z,2026-02-25T01:13:22Z,auth,auth_enUS_labelerexp,at://did:plc:mcb6n67plnrlx4lg35natk2b/app.bsky.feed.post/3mfmpli62wt2c,bafyreigqkpckvfiqm2tuw5t5hzhvyp2jpnt2b7jnb34bsuinzodqpnq53e,did:plc:uac6er53o2pvr5y2qmvaf7hw,engagementfarmer,,did:plc:mcb6n67plnrlx4lg35natk2b,2024-12-10T14:25:58.920Z
ea151a08e218409895019d4787233a5d,2026-02-25T01:00:00Z,2026-02-25T01:13:22Z,auth,auth_enUS_labelerexp,at://did:plc:mcb6n67plnrlx4lg35natk2b/app.bsky.feed.post/3mfmpli62wt2c,bafyreigqkpckvfiqm2tuw5t5hzhvyp2jpnt2b7jnb34bsuinzodqpnq53e,did:plc:uac6er53o2pvr5y2qmvaf7hw,high-offsite-link-count,,did:plc:mcb6n67plnrlx4lg35natk2b,2025-04-18T13:00:27.234Z
ea151a08e218409895019d4787233a5d,2026-02-25T01:00:00Z,2026-02-25T01:13:22Z,auth,auth_enUS_labelerexp,at://did:plc:mcb6n67plnrlx4lg35natk2b/app.bsky.feed.post/3mfmpli62wt2c,bafyreigqkpckvfiqm2tuw5t5hzhvyp2jpnt2b7jnb34bsuinzodqpnq53e,did:plc:uac6er53o2pvr5y2qmvaf7hw,repetitive,,did:plc:mcb6n67plnrlx4lg35natk2b,2024-12-10T14:25:58.920Z
ea151a08e218409895019d4787233a5d,2026-02-25T01:00:00Z,2026-02-25T01:13:22Z,auth,auth_enUS_labelerexp,at://did:plc:ecbf3b3wotowom3do5hzethp/app.bsky.feed.post/3mfmpctu25k2y,bafyreighbtx6qopd3qbnm7hvhbkoq4mvetfo6ulgvff34nbg4cpkqbcnmu,did:plc:ecbf3b3wotowom3do5hzethp,porn,,at://did:plc:ecbf3b3wotowom3do5hzethp/app.bsky.feed.post/3mfmpctu25k2y,2026-02-24T17:35:51.704Z
ea151a08e218409895019d4787233a5d,2026-02-25T01:00:00Z,2026-02-25T01:13:22Z,auth,auth_enUS_labelerexp,at://did:plc:c4krei6pmtlcdjlz7bstrxph/app.bsky.feed.post/3mfmnxkzthk2l,bafyreiezfpcipozgsqxedecxx5dcqebxj2mzmlxeravb6r3m5vh3vdsnbm,did:plc:ar7c4by46qjdydhdevvrndac,porn,,at://did:plc:c4krei6pmtlcdjlz7bstrxph/app.bsky.feed.post/3mfmnxkzthk2l,2026-02-24T17:11:46.490Z
ea151a08e218409895019d4787233a5d,2026-02-25T01:00:00Z,2026-02-25T01:13:22Z,auth,auth_enUS_labelerexp,at://did:plc:c4krei6pmtlcdjlz7bstrxph/app.bsky.feed.post/3mfmnxkzthk2l,bafyreiezfpcipozgsqxedecxx5dcqebxj2mzmlxeravb6r3m5vh3vdsnbm,did:plc:ar7c4by46qjdydhdevvrndac,sexual,,at://did:plc:c4krei6pmtlcdjlz7bstrxph/app.bsky.feed.post/3mfmnxkzthk2l,2026-02-24T17:11:46.490Z
ea151a08e218409895019d4787233a5d,2026-02-25T01:00:00Z,2026-02-25T01:13:22Z,auth,auth_enUS_labelerexp,at://did:plc:c4krei6pmtlcdjlz7bstrxph/app.bsky.feed.post/3mfmnxkzthk2l,bafyreiezfpcipozgsqxedecxx5dcqebxj2mzmlxeravb6r3m5vh3vdsnbm,did:plc:c4krei6pmtlcdjlz7bstrxph,nudity,,at://did:plc:c4krei6pmtlcdjlz7bstrxph/app.bsky.feed.post/3mfmnxkzthk2l,2026-02-24T17:11:39.628Z
ea151a08e218409895019d4787233a5d,2026-02-25T01:00:00Z,2026-02-25T01:13:22Z,auth,auth_enUS_labelerexp,at://did:plc:fenkpiaxii2m7rf5lu22uwyx/app.bsky.feed.post/3mfmldrkaos2u,bafyreigaj2lsso4fywgxlcl6boyngl6pxu6ckkjdx4i6vmavizlk622cdq,did:plc:fenkpiaxii2m7rf5lu22uwyx,!no-unauthenticated,,at://did:plc:fenkpiaxii2m7rf5lu22uwyx/app.bsky.actor.profile/self,2025-06-26T11:08:03.602Z
ea151a08e218409895019d4787233a5d,2026-02-25T01:00:00Z,2026-02-25T01:13:22Z,auth,auth_enUS_labelerexp,at://did:plc:r6ipku2w5jijkzsaley4wrlg/app.bsky.feed.post/3mfmkx7y5ks2i,bafyreie43dajcnohb4u2y5m3atrz2ecivtm7h6xpomj36lk5gztgamor6e,did:plc:uac6er53o2pvr5y2qmvaf7hw,meta-link,,at://did:plc:r6ipku2w5jijkzsaley4wrlg/app.bsky.feed.post/3mfmkx7y5ks2i,2026-02-24T16:17:54.595Z
ea151a08e218409895019d4787233a5d,2026-02-25T01:00:00Z,2026-02-25T01:13:22Z,auth,auth_enUS_labelerexp,at://did:plc:r6ipku2w5jijkzsaley4wrlg/app.bsky.feed.post/3mfmkx7y5ks2i,bafyreie43dajcnohb4u2y5m3atrz2ecivtm7h6xpomj36lk5gztgamor6e,did:plc:uac6er53o2pvr5y2qmvaf7hw,abusive,,did:plc:r6ipku2w5jijkzsaley4wrlg,2025-10-08T11:38:23.917Z
ea151a08e218409895019d4787233a5d,2026-02-25T01:00:00Z,2026-02-25T01:13:22Z,auth,auth_enUS_labelerexp,at://did:plc:qjtcbymjeozgqnbvbxqlcm65/app.bsky.feed.post/3mfmkr5pd3k2a,bafyreif7e5tmaowhghchua3z7u6zylk2q33anlumdjinpxpmjt75jd5pci,did:plc:ar7c4by46qjdydhdevvrndac,porn,,at://did:plc:qjtcbymjeozgqnbvbxqlcm65/app.bsky.feed.post/3mfmkr5pd3k2a,2026-02-24T16:14:28.475Z
ea151a08e218409895019d4787233a5d,2026-02-25T01:00:00Z,2026-02-25T01:13:22Z,auth,auth_enUS_labelerexp,at://did:plc:qjtcbymjeozgqnbvbxqlcm65/app.bsky.feed.post/3mfmkr5pd3k2a,bafyreif7e5tmaowhghchua3z7u6zylk2q33anlumdjinpxpmjt75jd5pci,did:plc:ar7c4by46qjdydhdevvrndac,sexual,,at://did:plc:qjtcbymjeozgqnbvbxqlcm65/app.bsky.feed.post/3mfmkr5pd3k2a,2026-02-24T16:14:28.475Z
ea151a08e218409895019d4787233a5d,2026-02-25T01:00:00Z,2026-02-25T01:13:22Z,auth,auth_enUS_labelerexp,at://did:plc:mcb6n67plnrlx4lg35natk2b/app.bsky.feed.post/3mfmjylhoqe2x,bafyreigursxonrxdemtdo2nivqc33f4lfy6cd2xbrztfmgicl25ursvz4a,did:plc:uac6er53o2pvr5y2qmvaf7hw,high-offsite-link-count,,at://did:plc:mcb6n67plnrlx4lg35natk2b/app.bsky.feed.post/3mfmjylhoqe2x,2026-02-24T16:00:40.097Z
ea151a08e218409895019d4787233a5d,2026-02-25T01:00:00Z,2026-02-25T01:13:22Z,auth,auth_enUS_labelerexp,at://did:plc:mcb6n67plnrlx4lg35natk2b/app.bsky.feed.post/3mfmjylhoqe2x,bafyreigursxonrxdemtdo2nivqc33f4lfy6cd2xbrztfmgicl25ursvz4a,did:plc:uac6er53o2pvr5y2qmvaf7hw,engagementfarmer,,did:plc:mcb6n67plnrlx4lg35natk2b,2024-12-10T14:25:58.920Z
ea151a08e218409895019d4787233a5d,2026-02-25T01:00:00Z,2026-02-25T01:13:22Z,auth,auth_enUS_labelerexp,at://did:plc:mcb6n67plnrlx4lg35natk2b/app.bsky.feed.post/3mfmjylhoqe2x,bafyreigursxonrxdemtdo2nivqc33f4lfy6cd2xbrztfmgicl25ursvz4a,did:plc:uac6er53o2pvr5y2qmvaf7hw,high-offsite-link-count,,did:plc:mcb6n67plnrlx4lg35natk2b,2025-04-18T13:00:27.234Z
ea151a08e218409895019d4787233a5d,2026-02-25T01:00:00Z,2026-02-25T01:13:22Z,auth,auth_enUS_labelerexp,at://did:plc:mcb6n67plnrlx4lg35natk2b/app.bsky.feed.post/3mfmjylhoqe2x,bafyreigursxonrxdemtdo2nivqc33f4lfy6cd2xbrztfmgicl25ursvz4a,did:plc:uac6er53o2pvr5y2qmvaf7hw,repetitive,,did:plc:mcb6n67plnrlx4lg35natk2b,2024-12-10T14:25:58.920Z
ea151a08e218409895019d4787233a5d,2026-02-25T01:00:00Z,2026-02-25T01:13:22Z,auth,auth_enUS_labelerexp,at://did:plc:uyt4xzghqbgjca3pb77j2h7o/app.bsky.feed.post/3mfmgmgesgs25,bafyreieu7pyooo4vpeumy553h6auaj5nbfmd4krnjn47hrxmzw2r5xxmzq,did:plc:ar7c4by46qjdydhdevvrndac,sexual,,at://did:plc:uyt4xzghqbgjca3pb77j2h7o/app.bsky.feed.post/3mfmgmgesgs25,2026-02-24T15:00:15.441Z
ea151a08e218409895019d4787233a5d,2026-02-25T01:00:00Z,2026-02-25T01:13:24Z,auth,auth_enUS_labelerexp,at://did:plc:ledovmtxuwa7b64jdiw42xfv/app.bsky.feed.post/3mfnipddul22g,bafyreid3oepfy22oacb5cjqtlfhm3jvwuwneeagk4cg5bwuqsaxbcrjppa,did:plc:uac6er53o2pvr5y2qmvaf7hw,abusive,,at://did:plc:ledovmtxuwa7b64jdiw42xfv/app.bsky.actor.profile/self,2025-06-04T16:38:15.315Z
ea151a08e218409895019d4787233a5d,2026-02-25T01:00:00Z,2026-02-25T01:13:24Z,auth,auth_enUS_labelerexp,at://did:plc:ledovmtxuwa7b64jdiw42xfv/app.bsky.feed.post/3mfnipddul22g,bafyreid3oepfy22oacb5cjqtlfhm3jvwuwneeagk4cg5bwuqsaxbcrjppa,did:plc:uac6er53o2pvr5y2qmvaf7hw,anti-lgbtq-plus,,at://did:plc:ledovmtxuwa7b64jdiw42xfv/app.bsky.actor.profile/self,2025-05-04T20:57:22.912Z
ea151a08e218409895019d4787233a5d,2026-02-25T01:00:00Z,2026-02-25T01:13:24Z,auth,auth_enUS_labelerexp,at://did:plc:ledovmtxuwa7b64jdiw42xfv/app.bsky.feed.post/3mfnipddul22g,bafyreid3oepfy22oacb5cjqtlfhm3jvwuwneeagk4cg5bwuqsaxbcrjppa,did:plc:ledovmtxuwa7b64jdiw42xfv,!no-unauthenticated,,at://did:plc:ledovmtxuwa7b64jdiw42xfv/app.bsky.actor.profile/self,1970-01-01T00:00:00.000Z
ea151a08e218409895019d4787233a5d,2026-02-25T01:00:00Z,2026-02-25T01:13:24Z,auth,auth_enUS_labelerexp,at://did:plc:4k2lsh5cqfpggvshxgh7z4ne/app.bsky.feed.post/3mfnhyj7ghk23,bafyreicvjby43xkenk25u47zqyq7by4izwo55bmydl5ysq3xdf6vbhg6wa,did:plc:uac6er53o2pvr5y2qmvaf7hw,hate-symbol,,did:plc:4k2lsh5cqfpggvshxgh7z4ne,2025-10-25T01:19:43.095Z
ea151a08e218409895019d4787233a5d,2026-02-25T01:00:00Z,2026-02-25T01:13:24Z,auth,auth_enUS_labelerexp,at://did:plc:4k2lsh5cqfpggvshxgh7z4ne/app.bsky.feed.post/3mfnhyj7ghk23,bafyreicvjby43xkenk25u47zqyq7by4izwo55bmydl5ysq3xdf6vbhg6wa,did:plc:uac6er53o2pvr5y2qmvaf7hw,violent,,did:plc:4k2lsh5cqfpggvshxgh7z4ne,2024-12-30T22:46:09.056Z
ea151a08e218409895019d4787233a5d,2026-02-25T01:00:00Z,2026-02-25T01:13:24Z,auth,auth_enUS_labelerexp,at://did:plc:3swz7azp2kp46ubkcep34izq/app.bsky.feed.post/3mfnhwfavis2f,bafyreiekg2bf3snnl5pnwuxqqb6kqxbscdtkt2jmsvhibzgwq4oeae3qce,did:plc:l624mewisyr6hymexmrjkprc,artistdesigner,,did:plc:3swz7azp2kp46ubkcep34izq,2025-04-18T04:31:46.111Z
ea151a08e218409895019d4787233a5d,2026-02-25T01:00:00Z,2026-02-25T01:13:24Z,auth,auth_enUS_labelerexp,at://did:plc:t66gwpdfpdmunnapgvnisap7/app.bsky.feed.post/3mfnhdmh5uk2x,bafyreift5bg5cqnkjkovodpymqwgcyk5tbi4i7hi4voejb7ghf3tptxnjm,did:plc:ar7c4by46qjdydhdevvrndac,porn,,at://did:plc:t66gwpdfpdmunnapgvnisap7/app.bsky.feed.post/3mfnhdmh5uk2x,2026-02-25T00:45:52.370Z
ea151a08e218409895019d4787233a5d,2026-02-25T01:00:00Z,2026-02-25T01:13:24Z,auth,auth_enUS_labelerexp,at://did:plc:mphqqcqktvrr5ju7lmpjrz7b/app.bsky.feed.post/3mfnh6wruzs24,bafyreigc4jlskqbanodicmswwmkqamsflvb27hw5jvgguwgpsz3pzymwga,did:plc:l624mewisyr6hymexmrjkprc,photographers,,did:plc:mphqqcqktvrr5ju7lmpjrz7b,2024-11-06T19:05:54.110Z
ea151a08e218409895019d4787233a5d,2026-02-25T01:00:00Z,2026-02-25T01:13:24Z,auth,auth_enUS_labelerexp,at://did:plc:yewxhy3rca3wzun3anhmgoli/app.bsky.feed.post/3mfngoslcck2e,bafyreifaucuftrfgd6veyekuziobwfkzlimtckq3sivwusjgtwo6ueoywy,did:plc:yewxhy3rca3wzun3anhmgoli,!no-unauthenticated,,at://did:plc:yewxhy3rca3wzun3anhmgoli/app.bsky.actor.profile/self,1970-01-01T00:00:00.000Z
ea151a08e218409895019d4787233a5d,2026-02-25T01:00:00Z,2026-02-25T01:13:24Z,auth,auth_enUS_labelerexp,at://did:plc:fsrfjr4e7heoqboecyfldrnr/app.bsky.feed.post/3mfne53b7cc2m,bafyreihrgdsd2zuku4zngl4lvu5ygs4qsi3k2acejf4n3kdvla4z7yl3ji,did:plc:fsrfjr4e7heoqboecyfldrnr,!no-unauthenticated,,at://did:plc:fsrfjr4e7heoqboecyfldrnr/app.bsky.actor.profile/self,1970-01-01T00:00:00.000Z
ea151a08e218409895019d4787233a5d,2026-02-25T01:00:00Z,2026-02-25T01:13:24Z,auth,auth_enUS_labelerexp,at://did:plc:l27zuwlcj4s7dcltgadsvqtp/app.bsky.feed.post/3mfne3ldzrk2z,bafyreide7mr5tchxeuupxbvekbxyak7y2k4emxump4fl5rupynokzygmui,did:plc:l624mewisyr6hymexmrjkprc,artistdesigner,,did:plc:l27zuwlcj4s7dcltgadsvqtp,2024-11-23T06:15:56.003Z
ea151a08e218409895019d4787233a5d,2026-02-25T01:00:00Z,2026-02-25T01:13:24Z,auth,auth_enUS_labelerexp,at://did:plc:mbckowzwt4jr2hmqicvvfmrs/app.bsky.feed.post/3mfndvlvf222m,bafyreiffyrtz472erye2dzlgbyvyphnhdiaisabrbagy6mlfagleqfxizu,did:plc:mbckowzwt4jr2hmqicvvfmrs,!no-unauthenticated,,at://did:plc:mbckowzwt4jr2hmqicvvfmrs/app.bsky.actor.profile/self,1970-01-01T00:00:00.000Z
ea151a08e218409895019d4787233a5d,2026-02-25T01:00:00Z,2026-02-25T01:13:24Z,auth,auth_enUS_labelerexp,at://did:plc:v6yf3ciokj5dlfhxgiwgk2us/app.bsky.feed.post/3mfndqudqks2s,bafyreicvzesnvj5qapg4pnznm74rm4twkx5gbwy4kx5czx2phrslkkinhi,did:plc:l624mewisyr6hymexmrjkprc,artistdesigner,,did:plc:v6yf3ciokj5dlfhxgiwgk2us,2024-10-21T00:16:41.083Z
ea151a08e218409895019d4787233a5d,2026-02-25T01:00:00Z,2026-02-25T01:13:24Z,auth,auth_enUS_labelerexp,at://did:plc:6uryzp4cs4bpsxrgvp5vuewe/app.bsky.feed.post/3mfncudl6qc2b,bafyreihaxmlawu7tw7whh4c5j5nsnhijqnlgtz4hemnmjyovyfw6p6we3q,did:plc:cnn3jrtucivembf66xe6fdfs,anti,,did:plc:6uryzp4cs4bpsxrgvp5vuewe,2024-05-03T16:55:08.519Z
ea151a08e218409895019d4787233a5d,2026-02-25T01:00:00Z,2026-02-25T01:13:24Z,auth,auth_enUS_labelerexp,at://did:plc:6uryzp4cs4bpsxrgvp5vuewe/app.bsky.feed.post/3mfncudl6qc2b,bafyreihaxmlawu7tw7whh4c5j5nsnhijqnlgtz4hemnmjyovyfw6p6we3q,did:plc:cnn3jrtucivembf66xe6fdfs,dni,,did:plc:6uryzp4cs4bpsxrgvp5vuewe,2024-05-03T16:48:58.009Z
ea151a08e218409895019d4787233a5d,2026-02-25T01:00:00Z,2026-02-25T01:13:24Z,auth,auth_enUS_labelerexp,at://did:plc:huin3l5q4qvcsjwnsw3il66y/app.bsky.feed.post/3mfncplz3mc2l,bafyreic4oj3wqshgay2en6vdlygrycr6u63fz3sfi77h4yn7bma34vgs44,did:plc:uac6er53o2pvr5y2qmvaf7hw,high-hashtag-count,,at://did:plc:huin3l5q4qvcsjwnsw3il66y/app.bsky.feed.post/3mfncplz3mc2l,2026-02-24T23:23:10.428Z
ea151a08e218409895019d4787233a5d,2026-02-25T01:00:00Z,2026-02-25T01:13:24Z,auth,auth_enUS_labelerexp,at://did:plc:huin3l5q4qvcsjwnsw3il66y/app.bsky.feed.post/3mfncplz3mc2l,bafyreic4oj3wqshgay2en6vdlygrycr6u63fz3sfi77h4yn7bma34vgs44,did:plc:uac6er53o2pvr5y2qmvaf7hw,high-total-facet-count,,at://did:plc:huin3l5q4qvcsjwnsw3il66y/app.bsky.feed.post/3mfncplz3mc2l,2026-02-24T23:23:10.421Z
ea151a08e218409895019d4787233a5d,2026-02-25T01:00:00Z,2026-02-25T01:13:24Z,auth,auth_enUS_labelerexp,at://did:plc:swtcft6erwru6uwcwltfrgao/app.bsky.feed.post/3mfnhgp3fuk2f,bafyreihjby4lydmutbjz2peg5zwffyhqtrnirkfhzsdy4fvb4jg6fmtar4,did:plc:ar7c4by46qjdydhdevvrndac,porn,,at://did:plc:swtcft6erwru6uwcwltfrgao/app.bsky.feed.post/3mfnhgp3fuk2f,2026-02-25T00:47:32.408Z
ea151a08e218409895019d4787233a5d,2026-02-25T01:00:00Z,2026-02-25T01:13:24Z,auth,auth_enUS_labelerexp,at://did:plc:k3aujmbesxvifyvqommcsi5f/app.bsky.feed.post/3mfnh7rreuk2b,bafyreibr2g4qxclnjsuv7fm2k3k57xkava6glq6evqgjijo4675g2hfz64,did:plc:ar7c4by46qjdydhdevvrndac,porn,,at://did:plc:k3aujmbesxvifyvqommcsi5f/app.bsky.feed.post/3mfnh7rreuk2b,2026-02-25T00:43:44.810Z
ea151a08e218409895019d4787233a5d,2026-02-25T01:00:00Z,2026-02-25T01:13:24Z,auth,auth_enUS_labelerexp,at://did:plc:mcb6n67plnrlx4lg35natk2b/app.bsky.feed.post/3mfnfwksixl2y,bafyreigsjy4jsxlompxs3l4jpr4mj2ylhbtbd4eu4ibvwgakpixaf73ige,did:plc:uac6er53o2pvr5y2qmvaf7hw,high-offsite-link-count,,at://did:plc:mcb6n67plnrlx4lg35natk2b/app.bsky.feed.post/3mfnfwksixl2y,2026-02-25T00:20:38.891Z
ea151a08e218409895019d4787233a5d,2026-02-25T01:00:00Z,2026-02-25T01:13:24Z,auth,auth_enUS_labelerexp,at://did:plc:mcb6n67plnrlx4lg35natk2b/app.bsky.feed.post/3mfnfwksixl2y,bafyreigsjy4jsxlompxs3l4jpr4mj2ylhbtbd4eu4ibvwgakpixaf73ige,did:plc:uac6er53o2pvr5y2qmvaf7hw,engagementfarmer,,did:plc:mcb6n67plnrlx4lg35natk2b,2024-12-10T14:25:58.920Z
ea151a08e218409895019d4787233a5d,2026-02-25T01:00:00Z,2026-02-25T01:13:24Z,auth,auth_enUS_labelerexp,at://did:plc:mcb6n67plnrlx4lg35natk2b/app.bsky.feed.post/3mfnfwksixl2y,bafyreigsjy4jsxlompxs3l4jpr4mj2ylhbtbd4eu4ibvwgakpixaf73ige,did:plc:uac6er53o2pvr5y2qmvaf7hw,high-offsite-link-count,,did:plc:mcb6n67plnrlx4lg35natk2b,2025-04-18T13:00:27.234Z
ea151a08e218409895019d4787233a5d,2026-02-25T01:00:00Z,2026-02-25T01:13:24Z,auth,auth_enUS_labelerexp,at://did:plc:mcb6n67plnrlx4lg35natk2b/app.bsky.feed.post/3mfnfwksixl2y,bafyreigsjy4jsxlompxs3l4jpr4mj2ylhbtbd4eu4ibvwgakpixaf73ige,did:plc:uac6er53o2pvr5y2qmvaf7hw,repetitive,,did:plc:mcb6n67plnrlx4lg35natk2b,2024-12-10T14:25:58.920Z
ea151a08e218409895019d4787233a5d,2026-02-25T01:00:00Z,2026-02-25T01:13:24Z,auth,auth_enUS_labelerexp,at://did:plc:vmapg4cdx4ctngrde5lwyx2z/app.bsky.feed.post/3mfnfsdm3n62c,bafyreiaxzb354bvjvrjqdh6w6ncdz5u4uqbcaf7za6vbjcscxcv727veom,did:plc:ar7c4by46qjdydhdevvrndac,sexual,,at://did:plc:vmapg4cdx4ctngrde5lwyx2z/app.bsky.feed.post/3mfnfsdm3n62c,2026-02-25T00:18:14.945Z
ea151a08e218409895019d4787233a5d,2026-02-25T01:00:00Z,2026-02-25T01:13:24Z,auth,auth_enUS_labelerexp,at://did:plc:vmapg4cdx4ctngrde5lwyx2z/app.bsky.feed.post/3mfnfsdm3n62c,bafyreiaxzb354bvjvrjqdh6w6ncdz5u4uqbcaf7za6vbjcscxcv727veom,did:plc:ar7c4by46qjdydhdevvrndac,needs-review,,did:plc:vmapg4cdx4ctngrde5lwyx2z,2026-02-18T06:05:58.169Z
ea151a08e218409895019d4787233a5d,2026-02-25T01:00:00Z,2026-02-25T01:13:24Z,auth,auth_enUS_labelerexp,at://did:plc:q2bvornhrcvznhvqk27rwgfj/app.bsky.feed.post/3mfnfqqfvy52c,bafyreiaziksdo2kwyh5ncsp55qk37ukqvdkx7suryufdhoycvf4qujxlcu,did:plc:ar7c4by46qjdydhdevvrndac,porn,,at://did:plc:q2bvornhrcvznhvqk27rwgfj/app.bsky.feed.post/3mfnfqqfvy52c,2026-02-25T00:17:21.253Z
ea151a08e218409895019d4787233a5d,2026-02-25T01:00:00Z,2026-02-25T01:13:24Z,auth,auth_enUS_labelerexp,at://did:plc:q2bvornhrcvznhvqk27rwgfj/app.bsky.feed.post/3mfnfqqfvy52c,bafyreiaziksdo2kwyh5ncsp55qk37ukqvdkx7suryufdhoycvf4qujxlcu,did:plc:ar7c4by46qjdydhdevvrndac,porn,,at://did:plc:q2bvornhrcvznhvqk27rwgfj/app.bsky.actor.profile/self,2026-01-13T13:25:33.485Z
ea151a08e218409895019d4787233a5d,2026-02-25T01:00:00Z,2026-02-25T01:13:24Z,auth,auth_enUS_labelerexp,at://did:plc:jlcflvygw7jnttso3bpisnc7/app.bsky.feed.post/3mfnfnbqyzj2t,bafyreiblgw42bfin2p4kp2gmw2i4j5wv7g6eb3q3ohoiiipdao36yweo44,did:plc:ar7c4by46qjdydhdevvrndac,porn,,at://did:plc:jlcflvygw7jnttso3bpisnc7/app.bsky.feed.post/3mfnfnbqyzj2t,2026-02-25T00:15:25.502Z
ea151a08e218409895019d4787233a5d,2026-02-25T01:00:00Z,2026-02-25T01:13:24Z,auth,auth_enUS_labelerexp,at://did:plc:jlcflvygw7jnttso3bpisnc7/app.bsky.feed.post/3mfnfnbqyzj2t,bafyreiblgw42bfin2p4kp2gmw2i4j5wv7g6eb3q3ohoiiipdao36yweo44,did:plc:ar7c4by46qjdydhdevvrndac,porn,,at://did:plc:jlcflvygw7jnttso3bpisnc7/app.bsky.actor.profile/self,2025-08-16T05:50:48.838Z
ea151a08e218409895019d4787233a5d,2026-02-25T01:00:00Z,2026-02-25T01:13:24Z,auth,auth_enUS_labelerexp,at://did:plc:nr4su5f4jncsjz5p7onprxsq/app.bsky.feed.post/3mfnfn5wqzo2j,bafyreigbp7idf2xe6xkmy5y2hgratxr6dfp5sgg2y6h5kqbl4uk457zwc4,did:plc:ar7c4by46qjdydhdevvrndac,porn,,at://did:plc:nr4su5f4jncsjz5p7onprxsq/app.bsky.feed.post/3mfnfn5wqzo2j,2026-02-25T00:15:21.360Z
ea151a08e218409895019d4787233a5d,2026-02-25T01:00:00Z,2026-02-25T01:13:24Z,auth,auth_enUS_labelerexp,at://did:plc:nr4su5f4jncsjz5p7onprxsq/app.bsky.feed.post/3mfnfn5wqzo2j,bafyreigbp7idf2xe6xkmy5y2hgratxr6dfp5sgg2y6h5kqbl4uk457zwc4,did:plc:ar7c4by46qjdydhdevvrndac,porn,,at://did:plc:nr4su5f4jncsjz5p7onprxsq/app.bsky.actor.profile/self,2025-12-28T12:57:27.668Z
ea151a08e218409895019d4787233a5d,2026-02-25T01:00:00Z,2026-02-25T01:13:24Z,auth,auth_enUS_labelerexp,at://did:plc:vmapg4cdx4ctngrde5lwyx2z/app.bsky.feed.post/3mfnfltv63x2n,bafyreihrnmlxdfyc7egbg4kfzgxc56zcxrsapy2wi3rj7lf37ypts7s4oa,did:plc:ar7c4by46qjdydhdevvrndac,needs-review,,did:plc:vmapg4cdx4ctngrde5lwyx2z,2026-02-18T06:05:58.169Z
ea151a08e218409895019d4787233a5d,2026-02-25T01:00:00Z,2026-02-25T01:13:24Z,auth,auth_enUS_labelerexp,at://did:plc:mcb6n67plnrlx4lg35natk2b/app.bsky.feed.post/3mfnet2h7b72g,bafyreiea2fy7luldjwwdhcodvgvwft7urqqolqap2nmuhkbrwcwf6stbky,did:plc:uac6er53o2pvr5y2qmvaf7hw,high-offsite-link-count,,at://did:plc:mcb6n67plnrlx4lg35natk2b/app.bsky.feed.post/3mfnet2h7b72g,2026-02-25T00:00:45.795Z
ea151a08e218409895019d4787233a5d,2026-02-25T01:00:00Z,2026-02-25T01:13:24Z,auth,auth_enUS_labelerexp,at://did:plc:mcb6n67plnrlx4lg35natk2b/app.bsky.feed.post/3mfnet2h7b72g,bafyreiea2fy7luldjwwdhcodvgvwft7urqqolqap2nmuhkbrwcwf6stbky,did:plc:uac6er53o2pvr5y2qmvaf7hw,engagementfarmer,,did:plc:mcb6n67plnrlx4lg35natk2b,2024-12-10T14:25:58.920Z
ea151a08e218409895019d4787233a5d,2026-02-25T01:00:00Z,2026-02-25T01:13:24Z,auth,auth_enUS_labelerexp,at://did:plc:mcb6n67plnrlx4lg35natk2b/app.bsky.feed.post/3mfnet2h7b72g,bafyreiea2fy7luldjwwdhcodvgvwft7urqqolqap2nmuhkbrwcwf6stbky,did:plc:uac6er53o2pvr5y2qmvaf7hw,high-offsite-link-count,,did:plc:mcb6n67plnrlx4lg35natk2b,2025-04-18T13:00:27.234Z
ea151a08e218409895019d4787233a5d,2026-02-25T01:00:00Z,2026-02-25T01:13:24Z,auth,auth_enUS_labelerexp,at://did:plc:mcb6n67plnrlx4lg35natk2b/app.bsky.feed.post/3mfnet2h7b72g,bafyreiea2fy7luldjwwdhcodvgvwft7urqqolqap2nmuhkbrwcwf6stbky,did:plc:uac6er53o2pvr5y2qmvaf7hw,repetitive,,did:plc:mcb6n67plnrlx4lg35natk2b,2024-12-10T14:25:58.920Z
ea151a08e218409895019d4787233a5d,2026-02-25T01:00:00Z,2026-02-25T01:13:24Z,auth,auth_enUS_labelerexp,at://did:plc:27ne33sghinyz3mduuq53tga/app.bsky.feed.post/3mfnersmjpk2z,bafyreihl33dkzcgsvem6a34ngfrjcbw6dg4uaiztdi5thpmpqxrehbxl54,did:plc:ar7c4by46qjdydhdevvrndac,porn,,at://did:plc:27ne33sghinyz3mduuq53tga/app.bsky.feed.post/3mfnersmjpk2z,2026-02-25T00:00:03.991Z
ea151a08e218409895019d4787233a5d,2026-02-25T01:00:00Z,2026-02-25T01:13:24Z,auth,auth_enUS_labelerexp,at://did:plc:27ne33sghinyz3mduuq53tga/app.bsky.feed.post/3mfnersmjpk2z,bafyreihl33dkzcgsvem6a34ngfrjcbw6dg4uaiztdi5thpmpqxrehbxl54,did:plc:ar7c4by46qjdydhdevvrndac,porn,,at://did:plc:27ne33sghinyz3mduuq53tga/app.bsky.actor.profile/self,2026-02-22T00:07:45.996Z
ea151a08e218409895019d4787233a5d,2026-02-25T01:00:00Z,2026-02-25T01:13:24Z,auth,auth_enUS_labelerexp,at://did:plc:4h7zaghpkwuw5tr2rxy7imb4/app.bsky.feed.post/3mfneliymmq2q,bafyreiedafnbp34fktwzsttcveiadas5ubq6f2ygoseyomxnbmrpvyuqcy,did:plc:uac6er53o2pvr5y2qmvaf7hw,high-hashtag-count,,at://did:plc:4h7zaghpkwuw5tr2rxy7imb4/app.bsky.feed.post/3mfneliymmq2q,2026-02-24T23:56:31.403Z
ea151a08e218409895019d4787233a5d,2026-02-25T01:00:00Z,2026-02-25T01:13:24Z,auth,auth_enUS_labelerexp,at://did:plc:4h7zaghpkwuw5tr2rxy7imb4/app.bsky.feed.post/3mfneliymmq2q,bafyreiedafnbp34fktwzsttcveiadas5ubq6f2ygoseyomxnbmrpvyuqcy,did:plc:uac6er53o2pvr5y2qmvaf7hw,high-total-facet-count,,at://did:plc:4h7zaghpkwuw5tr2rxy7imb4/app.bsky.feed.post/3mfneliymmq2q,2026-02-24T23:56:31.593Z
ea151a08e218409895019d4787233a5d,2026-02-25T01:00:00Z,2026-02-25T01:13:24Z,auth,auth_enUS_labelerexp,at://did:plc:4h7zaghpkwuw5tr2rxy7imb4/app.bsky.feed.post/3mfneliymmq2q,bafyreiedafnbp34fktwzsttcveiadas5ubq6f2ygoseyomxnbmrpvyuqcy,did:plc:uac6er53o2pvr5y2qmvaf7hw,meta-link,,at://did:plc:4h7zaghpkwuw5tr2rxy7imb4/app.bsky.feed.post/3mfneliymmq2q,2026-02-24T23:56:31.573Z
ea151a08e218409895019d4787233a5d,2026-02-25T01:00:00Z,2026-02-25T01:13:24Z,auth,auth_enUS_labelerexp,at://did:plc:4h7zaghpkwuw5tr2rxy7imb4/app.bsky.feed.post/3mfneliymmq2q,bafyreiedafnbp34fktwzsttcveiadas5ubq6f2ygoseyomxnbmrpvyuqcy,did:plc:ar7c4by46qjdydhdevvrndac,sexual,,at://did:plc:4h7zaghpkwuw5tr2rxy7imb4/app.bsky.actor.profile/self,2025-12-13T19:30:15.880Z
ea151a08e218409895019d4787233a5d,2026-02-25T01:00:00Z,2026-02-25T01:13:24Z,auth,auth_enUS_labelerexp,at://did:plc:z6wmgp6pzov2fvdeyvhn5gjv/app.bsky.feed.post/3mfndqpamig27,bafyreiewntavjxtpg7hgmhkx2hbtp2nb2yupzt34mgzrev7vcdcm4pdmia,did:plc:ar7c4by46qjdydhdevvrndac,porn,,at://did:plc:z6wmgp6pzov2fvdeyvhn5gjv/app.bsky.feed.post/3mfndqpamig27,2026-02-24T23:41:34.435Z
ea151a08e218409895019d4787233a5d,2026-02-25T01:00:00Z,2026-02-25T01:13:24Z,auth,auth_enUS_labelerexp,at://did:plc:z6wmgp6pzov2fvdeyvhn5gjv/app.bsky.feed.post/3mfndqpamig27,bafyreiewntavjxtpg7hgmhkx2hbtp2nb2yupzt34mgzrev7vcdcm4pdmia,did:plc:ar7c4by46qjdydhdevvrndac,porn,,at://did:plc:z6wmgp6pzov2fvdeyvhn5gjv/app.bsky.actor.profile/self,2025-12-13T04:33:53.786Z
ea151a08e218409895019d4787233a5d,2026-02-25T01:00:00Z,2026-02-25T01:13:24Z,auth,auth_enUS_labelerexp,at://did:plc:wzh5nv6jhbztzt7ozm5lz4qr/app.bsky.feed.post/3mfndfvv3gc2r,bafyreigyzgu6hegl2xv4s2q6zlv5uxbqt46tlnxlvtip3ojkivyj5ogizq,did:plc:ar7c4by46qjdydhdevvrndac,porn,,at://did:plc:wzh5nv6jhbztzt7ozm5lz4qr/app.bsky.feed.post/3mfndfvv3gc2r,2026-02-24T23:35:31.394Z
ea151a08e218409895019d4787233a5d,2026-02-25T01:00:00Z,2026-02-25T01:13:24Z,auth,auth_enUS_labelerexp,at://did:plc:wzh5nv6jhbztzt7ozm5lz4qr/app.bsky.feed.post/3mfndfvv3gc2r,bafyreigyzgu6hegl2xv4s2q6zlv5uxbqt46tlnxlvtip3ojkivyj5ogizq,did:plc:wzh5nv6jhbztzt7ozm5lz4qr,porn,,at://did:plc:wzh5nv6jhbztzt7ozm5lz4qr/app.bsky.feed.post/3mfndfvv3gc2r,2026-02-24T23:35:29.349Z
ea151a08e218409895019d4787233a5d,2026-02-25T01:00:00Z,2026-02-25T01:13:24Z,auth,auth_enUS_labelerexp,at://did:plc:2gxxhjv6ioyatkjww3c7mrbk/app.bsky.feed.post/3mfnbz2xrgi26,bafyreigntnw74wcsvix37cmuua2pnc7x5t6hkw2oo6sztt2cy7dncd6fxq,did:plc:ar7c4by46qjdydhdevvrndac,porn,,at://did:plc:2gxxhjv6ioyatkjww3c7mrbk/app.bsky.feed.post/3mfnbz2xrgi26,2026-02-24T23:10:25.894Z
ea151a08e218409895019d4787233a5d,2026-02-25T01:00:00Z,2026-02-25T01:13:24Z,auth,auth_enUS_labelerexp,at://did:plc:2gxxhjv6ioyatkjww3c7mrbk/app.bsky.feed.post/3mfnbz2xrgi26,bafyreigntnw74wcsvix37cmuua2pnc7x5t6hkw2oo6sztt2cy7dncd6fxq,did:plc:ar7c4by46qjdydhdevvrndac,porn,,at://did:plc:2gxxhjv6ioyatkjww3c7mrbk/app.bsky.actor.profile/self,2025-12-28T12:59:03.251Z
ea151a08e218409895019d4787233a5d,2026-02-25T01:00:00Z,2026-02-25T01:13:24Z,auth,auth_enUS_labelerexp,at://did:plc:c32cq3nfgavklsp444cyanwl/app.bsky.feed.post/3mfnbku4q4c24,bafyreifcoyravyqweq5a52pkk7dut3apnxxjsubezsfmrq5vxeosz25pei,did:plc:ar7c4by46qjdydhdevvrndac,porn,,at://did:plc:c32cq3nfgavklsp444cyanwl/app.bsky.feed.post/3mfnbku4q4c24,2026-02-24T23:02:28.954Z
ea151a08e218409895019d4787233a5d,2026-02-25T01:00:00Z,2026-02-25T01:13:24Z,auth,auth_enUS_labelerexp,at://did:plc:c32cq3nfgavklsp444cyanwl/app.bsky.feed.post/3mfnbku4q4c24,bafyreifcoyravyqweq5a52pkk7dut3apnxxjsubezsfmrq5vxeosz25pei,did:plc:ar7c4by46qjdydhdevvrndac,porn,,at://did:plc:c32cq3nfgavklsp444cyanwl/app.bsky.actor.profile/self,2026-01-13T07:22:58.920Z
ea151a08e218409895019d4787233a5d,2026-02-25T01:00:00Z,2026-02-25T01:13:24Z,auth,auth_enUS_labelerexp,at://did:plc:pctquvzhseoud3mdbfzkzplu/app.bsky.feed.post/3mfnb2wx7mc2k,bafyreib37cd3pzq4ijlml6b5z65slz3sxyfbjhggbspltrg5tz5pjk4whe,did:plc:ar7c4by46qjdydhdevvrndac,porn,,at://did:plc:pctquvzhseoud3mdbfzkzplu/app.bsky.feed.post/3mfnb2wx7mc2k,2026-02-24T22:53:37.620Z
ea151a08e218409895019d4787233a5d,2026-02-25T01:00:00Z,2026-02-25T01:13:24Z,auth,auth_enUS_labelerexp,at://did:plc:pctquvzhseoud3mdbfzkzplu/app.bsky.feed.post/3mfnb2wx7mc2k,bafyreib37cd3pzq4ijlml6b5z65slz3sxyfbjhggbspltrg5tz5pjk4whe,did:plc:pctquvzhseoud3mdbfzkzplu,porn,,at://did:plc:pctquvzhseoud3mdbfzkzplu/app.bsky.feed.post/3mfnb2wx7mc2k,2026-02-24T22:53:33.884Z
ea151a08e218409895019d4787233a5d,2026-02-25T01:00:00Z,2026-02-25T01:13:24Z,auth,auth_enUS_labelerexp,at://did:plc:mcb6n67plnrlx4lg35natk2b/app.bsky.feed.post/3mfnavromej2f,bafyreihsjp3rdlpq5zh473vyrmi7yfstrpxxbs4wwjzi2lcuedzxpfue2e,did:plc:uac6er53o2pvr5y2qmvaf7hw,high-offsite-link-count,,at://did:plc:mcb6n67plnrlx4lg35natk2b/app.bsky.feed.post/3mfnavromej2f,2026-02-24T22:50:42.194Z
ea151a08e218409895019d4787233a5d,2026-02-25T01:00:00Z,2026-02-25T01:13:24Z,auth,auth_enUS_labelerexp,at://did:plc:mcb6n67plnrlx4lg35natk2b/app.bsky.feed.post/3mfnavromej2f,bafyreihsjp3rdlpq5zh473vyrmi7yfstrpxxbs4wwjzi2lcuedzxpfue2e,did:plc:uac6er53o2pvr5y2qmvaf7hw,engagementfarmer,,did:plc:mcb6n67plnrlx4lg35natk2b,2024-12-10T14:25:58.920Z
ea151a08e218409895019d4787233a5d,2026-02-25T01:00:00Z,2026-02-25T01:13:24Z,auth,auth_enUS_labelerexp,at://did:plc:mcb6n67plnrlx4lg35natk2b/app.bsky.feed.post/3mfnavromej2f,bafyreihsjp3rdlpq5zh473vyrmi7yfstrpxxbs4wwjzi2lcuedzxpfue2e,did:plc:uac6er53o2pvr5y2qmvaf7hw,high-offsite-link-count,,did:plc:mcb6n67plnrlx4lg35natk2b,2025-04-18T13:00:27.234Z
ea151a08e218409895019d4787233a5d,2026-02-25T01:00:00Z,2026-02-25T01:13:24Z,auth,auth_enUS_labelerexp,at://did:plc:mcb6n67plnrlx4lg35natk2b/app.bsky.feed.post/3mfnavromej2f,bafyreihsjp3rdlpq5zh473vyrmi7yfstrpxxbs4wwjzi2lcuedzxpfue2e,did:plc:uac6er53o2pvr5y2qmvaf7hw,repetitive,,did:plc:mcb6n67plnrlx4lg35natk2b,2024-12-10T14:25:58.920Z
ea151a08e218409895019d4787233a5d,2026-02-25T01:00:00Z,2026-02-25T01:13:24Z,auth,auth_enUS_labelerexp,at://did:plc:nr4su5f4jncsjz5p7onprxsq/app.bsky.feed.post/3mfnam6zeqc23,bafyreifite7jhzpaq5km6caea3q4twsjwg6deostze5ese22jw4icrc2ey,did:plc:ar7c4by46qjdydhdevvrndac,porn,,at://did:plc:nr4su5f4jncsjz5p7onprxsq/app.bsky.feed.post/3mfnam6zeqc23,2026-02-24T22:45:20.128Z
ea151a08e218409895019d4787233a5d,2026-02-25T01:00:00Z,2026-02-25T01:13:24Z,auth,auth_enUS_labelerexp,at://did:plc:nr4su5f4jncsjz5p7onprxsq/app.bsky.feed.post/3mfnam6zeqc23,bafyreifite7jhzpaq5km6caea3q4twsjwg6deostze5ese22jw4icrc2ey,did:plc:ar7c4by46qjdydhdevvrndac,porn,,at://did:plc:nr4su5f4jncsjz5p7onprxsq/app.bsky.actor.profile/self,2025-12-28T12:57:27.668Z
ea151a08e218409895019d4787233a5d,2026-02-25T01:00:00Z,2026-02-25T01:13:24Z,auth,auth_enUS_labelerexp,at://did:plc:tp7ppz6a3eyduaw4z6kp3k2k/app.bsky.feed.post/3mfnafidba627,bafyreiaqc3epadh57vrl2arcmpu44c7epzgxtjyzlieegnjwnprsamrsva,did:plc:uac6er53o2pvr5y2qmvaf7hw,high-hashtag-count,,at://did:plc:tp7ppz6a3eyduaw4z6kp3k2k/app.bsky.feed.post/3mfnafidba627,2026-02-24T22:41:35.238Z
ea151a08e218409895019d4787233a5d,2026-02-25T01:00:00Z,2026-02-25T01:13:24Z,auth,auth_enUS_labelerexp,at://did:plc:tp7ppz6a3eyduaw4z6kp3k2k/app.bsky.feed.post/3mfnafidba627,bafyreiaqc3epadh57vrl2arcmpu44c7epzgxtjyzlieegnjwnprsamrsva,did:plc:uac6er53o2pvr5y2qmvaf7hw,high-total-facet-count,,at://did:plc:tp7ppz6a3eyduaw4z6kp3k2k/app.bsky.feed.post/3mfnafidba627,2026-02-24T22:41:35.246Z
ea151a08e218409895019d4787233a5d,2026-02-25T01:00:00Z,2026-02-25T01:13:24Z,auth,auth_enUS_labelerexp,at://did:plc:tp7ppz6a3eyduaw4z6kp3k2k/app.bsky.feed.post/3mfnafidba627,bafyreiaqc3epadh57vrl2arcmpu44c7epzgxtjyzlieegnjwnprsamrsva,did:plc:ar7c4by46qjdydhdevvrndac,porn,,at://did:plc:tp7ppz6a3eyduaw4z6kp3k2k/app.bsky.feed.post/3mfnafidba627,2026-02-24T22:41:35.597Z
ea151a08e218409895019d4787233a5d,2026-02-25T01:00:00Z,2026-02-25T01:13:24Z,auth,auth_enUS_labelerexp,at://did:plc:tp7ppz6a3eyduaw4z6kp3k2k/app.bsky.feed.post/3mfnafidba627,bafyreiaqc3epadh57vrl2arcmpu44c7epzgxtjyzlieegnjwnprsamrsva,did:plc:uac6er53o2pvr5y2qmvaf7hw,telegram-link,,at://did:plc:tp7ppz6a3eyduaw4z6kp3k2k/app.bsky.actor.profile/self,2026-02-15T21:42:24.527Z
ea151a08e218409895019d4787233a5d,2026-02-25T01:00:00Z,2026-02-25T01:13:24Z,auth,auth_enUS_labelerexp,at://did:plc:wzh5nv6jhbztzt7ozm5lz4qr/app.bsky.feed.post/3mfnaczbkus2r,bafyreieg3joyld3w3zxa6osnkgoexq3e6waveyspiiwwmoba7gckfgys4e,did:plc:ar7c4by46qjdydhdevvrndac,porn,,at://did:plc:wzh5nv6jhbztzt7ozm5lz4qr/app.bsky.feed.post/3mfnaczbkus2r,2026-02-24T22:40:12.917Z
ea151a08e218409895019d4787233a5d,2026-02-25T01:00:00Z,2026-02-25T01:13:24Z,auth,auth_enUS_labelerexp,at://did:plc:wzh5nv6jhbztzt7ozm5lz4qr/app.bsky.feed.post/3mfnaczbkus2r,bafyreieg3joyld3w3zxa6osnkgoexq3e6waveyspiiwwmoba7gckfgys4e,did:plc:ar7c4by46qjdydhdevvrndac,sexual,,at://did:plc:wzh5nv6jhbztzt7ozm5lz4qr/app.bsky.feed.post/3mfnaczbkus2r,2026-02-24T22:40:12.917Z
ea151a08e218409895019d4787233a5d,2026-02-25T01:00:00Z,2026-02-25T01:13:24Z,auth,auth_enUS_labelerexp,at://did:plc:wzh5nv6jhbztzt7ozm5lz4qr/app.bsky.feed.post/3mfnaczbkus2r,bafyreieg3joyld3w3zxa6osnkgoexq3e6waveyspiiwwmoba7gckfgys4e,did:plc:wzh5nv6jhbztzt7ozm5lz4qr,porn,,at://did:plc:wzh5nv6jhbztzt7ozm5lz4qr/app.bsky.feed.post/3mfnaczbkus2r,2026-02-24T22:40:11.015Z
ea151a08e218409895019d4787233a5d,2026-02-25T01:00:00Z,2026-02-25T01:13:24Z,auth,auth_enUS_labelerexp,at://did:plc:27ne33sghinyz3mduuq53tga/app.bsky.feed.post/3mfn7tihljk2h,bafyreic4ozea2otbo3cqva4cyiogvbqnt74z7i6qfxi3uz5smgwfynv2l4,did:plc:ar7c4by46qjdydhdevvrndac,porn,,at://did:plc:27ne33sghinyz3mduuq53tga/app.bsky.feed.post/3mfn7tihljk2h,2026-02-24T22:31:37.202Z
ea151a08e218409895019d4787233a5d,2026-02-25T01:00:00Z,2026-02-25T01:13:24Z,auth,auth_enUS_labelerexp,at://did:plc:27ne33sghinyz3mduuq53tga/app.bsky.feed.post/3mfn7tihljk2h,bafyreic4ozea2otbo3cqva4cyiogvbqnt74z7i6qfxi3uz5smgwfynv2l4,did:plc:ar7c4by46qjdydhdevvrndac,porn,,at://did:plc:27ne33sghinyz3mduuq53tga/app.bsky.actor.profile/self,2026-02-22T00:07:45.996Z
ea151a08e218409895019d4787233a5d,2026-02-25T01:00:00Z,2026-02-25T01:13:24Z,auth,auth_enUS_labelerexp,at://did:plc:q2bvornhrcvznhvqk27rwgfj/app.bsky.feed.post/3mfn7255txs2w,bafyreid467flag5cqpkuwxodaxqcej2mzy46lpbbjsvgvsnyxsdjgbp6hi,did:plc:ar7c4by46qjdydhdevvrndac,porn,,at://did:plc:q2bvornhrcvznhvqk27rwgfj/app.bsky.feed.post/3mfn7255txs2w,2026-02-24T22:17:22.100Z
ea151a08e218409895019d4787233a5d,2026-02-25T01:00:00Z,2026-02-25T01:13:24Z,auth,auth_enUS_labelerexp,at://did:plc:q2bvornhrcvznhvqk27rwgfj/app.bsky.feed.post/3mfn7255txs2w,bafyreid467flag5cqpkuwxodaxqcej2mzy46lpbbjsvgvsnyxsdjgbp6hi,did:plc:ar7c4by46qjdydhdevvrndac,porn,,at://did:plc:q2bvornhrcvznhvqk27rwgfj/app.bsky.actor.profile/self,2026-01-13T13:25:33.485Z
ea151a08e218409895019d4787233a5d,2026-02-25T01:00:00Z,2026-02-25T01:13:24Z,auth,auth_enUS_labelerexp,at://did:plc:r5l354ahi4j565yb77nt3y26/app.bsky.feed.post/3mfn6vhveao27,bafyreibnporkaix5xqp4cvzftbc6atzqzuqvwnuqpsav5rqs65w2bxru2a,did:plc:ar7c4by46qjdydhdevvrndac,porn,,at://did:plc:r5l354ahi4j565yb77nt3y26/app.bsky.feed.post/3mfn6vhveao27,2026-02-24T22:14:45.239Z
ea151a08e218409895019d4787233a5d,2026-02-25T01:00:00Z,2026-02-25T01:13:24Z,auth,auth_enUS_labelerexp,at://did:plc:r5l354ahi4j565yb77nt3y26/app.bsky.feed.post/3mfn6vhveao27,bafyreibnporkaix5xqp4cvzftbc6atzqzuqvwnuqpsav5rqs65w2bxru2a,did:plc:ar7c4by46qjdydhdevvrndac,porn,,at://did:plc:r5l354ahi4j565yb77nt3y26/app.bsky.actor.profile/self,2025-06-14T15:36:44.463Z
ea151a08e218409895019d4787233a5d,2026-02-25T01:00:00Z,2026-02-25T01:13:24Z,auth,auth_enUS_labelerexp,at://did:plc:mcb6n67plnrlx4lg35natk2b/app.bsky.feed.post/3mfn6o4lkpg2k,bafyreif3nwu2e7kywtr6algqz7bjcjihghkxytgldxahhcqkjhenxhewae,did:plc:uac6er53o2pvr5y2qmvaf7hw,high-offsite-link-count,,at://did:plc:mcb6n67plnrlx4lg35natk2b/app.bsky.feed.post/3mfn6o4lkpg2k,2026-02-24T22:10:37.191Z
ea151a08e218409895019d4787233a5d,2026-02-25T01:00:00Z,2026-02-25T01:13:24Z,auth,auth_enUS_labelerexp,at://did:plc:mcb6n67plnrlx4lg35natk2b/app.bsky.feed.post/3mfn6o4lkpg2k,bafyreif3nwu2e7kywtr6algqz7bjcjihghkxytgldxahhcqkjhenxhewae,did:plc:uac6er53o2pvr5y2qmvaf7hw,engagementfarmer,,did:plc:mcb6n67plnrlx4lg35natk2b,2024-12-10T14:25:58.920Z
ea151a08e218409895019d4787233a5d,2026-02-25T01:00:00Z,2026-02-25T01:13:24Z,auth,auth_enUS_labelerexp,at://did:plc:mcb6n67plnrlx4lg35natk2b/app.bsky.feed.post/3mfn6o4lkpg2k,bafyreif3nwu2e7kywtr6algqz7bjcjihghkxytgldxahhcqkjhenxhewae,did:plc:uac6er53o2pvr5y2qmvaf7hw,high-offsite-link-count,,did:plc:mcb6n67plnrlx4lg35natk2b,2025-04-18T13:00:27.234Z
ea151a08e218409895019d4787233a5d,2026-02-25T01:00:00Z,2026-02-25T01:13:24Z,auth,auth_enUS_labelerexp,at://did:plc:mcb6n67plnrlx4lg35natk2b/app.bsky.feed.post/3mfn6o4lkpg2k,bafyreif3nwu2e7kywtr6algqz7bjcjihghkxytgldxahhcqkjhenxhewae,did:plc:uac6er53o2pvr5y2qmvaf7hw,repetitive,,did:plc:mcb6n67plnrlx4lg35natk2b,2024-12-10T14:25:58.920Z
ea151a08e218409895019d4787233a5d,2026-02-25T01:00:00Z,2026-02-25T01:13:24Z,auth,auth_enUS_labelerexp,at://did:plc:2gxxhjv6ioyatkjww3c7mrbk/app.bsky.feed.post/3mfn6npukqs2k,bafyreihchb6dgklo77sugohcbu3ej67x7xtdfyskyd22mk2r7fgkkb5wse,did:plc:ar7c4by46qjdydhdevvrndac,sexual,,at://did:plc:2gxxhjv6ioyatkjww3c7mrbk/app.bsky.feed.post/3mfn6npukqs2k,2026-02-24T22:10:23.948Z
ea151a08e218409895019d4787233a5d,2026-02-25T01:00:00Z,2026-02-25T01:13:24Z,auth,auth_enUS_labelerexp,at://did:plc:2gxxhjv6ioyatkjww3c7mrbk/app.bsky.feed.post/3mfn6npukqs2k,bafyreihchb6dgklo77sugohcbu3ej67x7xtdfyskyd22mk2r7fgkkb5wse,did:plc:ar7c4by46qjdydhdevvrndac,porn,,at://did:plc:2gxxhjv6ioyatkjww3c7mrbk/app.bsky.actor.profile/self,2025-12-28T12:59:03.251Z
ea151a08e218409895019d4787233a5d,2026-02-25T01:00:00Z,2026-02-25T01:13:24Z,auth,auth_enUS_labelerexp,at://did:plc:wzh5nv6jhbztzt7ozm5lz4qr/app.bsky.feed.post/3mfn6lllmxs2r,bafyreiasegq7ulmtptoada3j6gjr3d2ihzfoviljuubrzpb3b2e65n7inm,did:plc:ar7c4by46qjdydhdevvrndac,porn,,at://did:plc:wzh5nv6jhbztzt7ozm5lz4qr/app.bsky.feed.post/3mfn6lllmxs2r,2026-02-24T22:09:12.443Z
ea151a08e218409895019d4787233a5d,2026-02-25T01:00:00Z,2026-02-25T01:13:24Z,auth,auth_enUS_labelerexp,at://did:plc:wzh5nv6jhbztzt7ozm5lz4qr/app.bsky.feed.post/3mfn6lllmxs2r,bafyreiasegq7ulmtptoada3j6gjr3d2ihzfoviljuubrzpb3b2e65n7inm,did:plc:wzh5nv6jhbztzt7ozm5lz4qr,porn,,at://did:plc:wzh5nv6jhbztzt7ozm5lz4qr/app.bsky.feed.post/3mfn6lllmxs2r,2026-02-24T22:09:11.171Z
ea151a08e218409895019d4787233a5d,2026-02-25T01:00:00Z,2026-02-25T01:13:24Z,auth,auth_enUS_labelerexp,at://did:plc:7pirvy4egeh3itzgzft3zbcb/app.bsky.feed.post/3mfn6g23wxs2v,bafyreihfdcoknjk7c7ypjbaooklxdsw5ef2av7hd6rpob4mdtjhqhhxeq4,did:plc:7pirvy4egeh3itzgzft3zbcb,sexual,,at://did:plc:7pirvy4egeh3itzgzft3zbcb/app.bsky.feed.post/3mfn6g23wxs2v,2026-02-24T22:06:05.049Z
ea151a08e218409895019d4787233a5d,2026-02-25T01:00:00Z,2026-02-25T01:13:24Z,auth,auth_enUS_labelerexp,at://did:plc:lvaedgjxjopyrlfbq2fc25cz/app.bsky.feed.post/3mfn6avfrhk2e,bafyreied5iayelr4gtzy5i6vevkzdfiakbf7vmivgdhfkgsoinrqla7jze,did:plc:uac6er53o2pvr5y2qmvaf7hw,high-hashtag-count,,at://did:plc:lvaedgjxjopyrlfbq2fc25cz/app.bsky.feed.post/3mfn6avfrhk2e,2026-02-24T22:03:16.716Z
ea151a08e218409895019d4787233a5d,2026-02-25T01:00:00Z,2026-02-25T01:13:24Z,auth,auth_enUS_labelerexp,at://did:plc:lvaedgjxjopyrlfbq2fc25cz/app.bsky.feed.post/3mfn6avfrhk2e,bafyreied5iayelr4gtzy5i6vevkzdfiakbf7vmivgdhfkgsoinrqla7jze,did:plc:uac6er53o2pvr5y2qmvaf7hw,high-total-facet-count,,at://did:plc:lvaedgjxjopyrlfbq2fc25cz/app.bsky.feed.post/3mfn6avfrhk2e,2026-02-24T22:03:16.721Z
ea151a08e218409895019d4787233a5d,2026-02-25T01:00:00Z,2026-02-25T01:13:24Z,auth,auth_enUS_labelerexp,at://did:plc:lvaedgjxjopyrlfbq2fc25cz/app.bsky.feed.post/3mfn6avfrhk2e,bafyreied5iayelr4gtzy5i6vevkzdfiakbf7vmivgdhfkgsoinrqla7jze,did:plc:ar7c4by46qjdydhdevvrndac,porn,,at://did:plc:lvaedgjxjopyrlfbq2fc25cz/app.bsky.feed.post/3mfn6avfrhk2e,2026-02-24T22:03:16.422Z
ea151a08e218409895019d4787233a5d,2026-02-25T01:00:00Z,2026-02-25T01:13:24Z,auth,auth_enUS_labelerexp,at://did:plc:lvaedgjxjopyrlfbq2fc25cz/app.bsky.feed.post/3mfn6avfrhk2e,bafyreied5iayelr4gtzy5i6vevkzdfiakbf7vmivgdhfkgsoinrqla7jze,did:plc:lvaedgjxjopyrlfbq2fc25cz,porn,,at://did:plc:lvaedgjxjopyrlfbq2fc25cz/app.bsky.feed.post/3mfn6avfrhk2e,2026-02-24T22:03:12.366Z
ea151a08e218409895019d4787233a5d,2026-02-25T01:00:00Z,2026-02-25T01:13:24Z,auth,auth_enUS_labelerexp,at://did:plc:wzh5nv6jhbztzt7ozm5lz4qr/app.bsky.feed.post/3mfn65qroik2r,bafyreihup3vui273a6wulf2sasalrbc43vi2vpfe5kei2m4mgxhcxqer5m,did:plc:ar7c4by46qjdydhdevvrndac,porn,,at://did:plc:wzh5nv6jhbztzt7ozm5lz4qr/app.bsky.feed.post/3mfn65qroik2r,2026-02-24T22:01:30.185Z
ea151a08e218409895019d4787233a5d,2026-02-25T01:00:00Z,2026-02-25T01:13:24Z,auth,auth_enUS_labelerexp,at://did:plc:wzh5nv6jhbztzt7ozm5lz4qr/app.bsky.feed.post/3mfn65qroik2r,bafyreihup3vui273a6wulf2sasalrbc43vi2vpfe5kei2m4mgxhcxqer5m,did:plc:wzh5nv6jhbztzt7ozm5lz4qr,porn,,at://did:plc:wzh5nv6jhbztzt7ozm5lz4qr/app.bsky.feed.post/3mfn65qroik2r,2026-02-24T22:01:26.851Z
ea151a08e218409895019d4787233a5d,2026-02-25T01:00:00Z,2026-02-25T01:13:24Z,auth,auth_enUS_labelerexp,at://did:plc:mcb6n67plnrlx4lg35natk2b/app.bsky.feed.post/3mfn64cson323,bafyreig7elzwi6zc5e6btm6hmci6hskrinlaoohjafq5l3r2gh42aag464,did:plc:uac6er53o2pvr5y2qmvaf7hw,high-offsite-link-count,,at://did:plc:mcb6n67plnrlx4lg35natk2b/app.bsky.feed.post/3mfn64cson323,2026-02-24T22:00:40.530Z
ea151a08e218409895019d4787233a5d,2026-02-25T01:00:00Z,2026-02-25T01:13:24Z,auth,auth_enUS_labelerexp,at://did:plc:mcb6n67plnrlx4lg35natk2b/app.bsky.feed.post/3mfn64cson323,bafyreig7elzwi6zc5e6btm6hmci6hskrinlaoohjafq5l3r2gh42aag464,did:plc:uac6er53o2pvr5y2qmvaf7hw,engagementfarmer,,did:plc:mcb6n67plnrlx4lg35natk2b,2024-12-10T14:25:58.920Z
ea151a08e218409895019d4787233a5d,2026-02-25T01:00:00Z,2026-02-25T01:13:24Z,auth,auth_enUS_labelerexp,at://did:plc:mcb6n67plnrlx4lg35natk2b/app.bsky.feed.post/3mfn64cson323,bafyreig7elzwi6zc5e6btm6hmci6hskrinlaoohjafq5l3r2gh42aag464,did:plc:uac6er53o2pvr5y2qmvaf7hw,high-offsite-link-count,,did:plc:mcb6n67plnrlx4lg35natk2b,2025-04-18T13:00:27.234Z
ea151a08e218409895019d4787233a5d,2026-02-25T01:00:00Z,2026-02-25T01:13:24Z,auth,auth_enUS_labelerexp,at://did:plc:mcb6n67plnrlx4lg35natk2b/app.bsky.feed.post/3mfn64cson323,bafyreig7elzwi6zc5e6btm6hmci6hskrinlaoohjafq5l3r2gh42aag464,did:plc:uac6er53o2pvr5y2qmvaf7hw,repetitive,,did:plc:mcb6n67plnrlx4lg35natk2b,2024-12-10T14:25:58.920Z
ea151a08e218409895019d4787233a5d,2026-02-25T01:00:00Z,2026-02-25T01:13:24Z,auth,auth_enUS_labelerexp,at://did:plc:4s6ziwfigmoylzha2lzrls75/app.bsky.feed.post/3mfn5t6swa225,bafyreihr552p373drt23nngntiz3v2m7yymcirdm7msx5hw7e2hj53ovvu,did:plc:4s6ziwfigmoylzha2lzrls75,!no-unauthenticated,,at://did:plc:4s6ziwfigmoylzha2lzrls75/app.bsky.actor.profile/self,2024-06-04T17:04:49.112Z
ea151a08e218409895019d4787233a5d,2026-02-25T01:00:00Z,2026-02-25T01:13:24Z,auth,auth_enUS_labelerexp,at://did:plc:mcb6n67plnrlx4lg35natk2b/app.bsky.feed.post/3mfn4ylwdd72l,bafyreicabbk3avfwjhfnmfiwlx4xfaelc4fheexcn7yiwywfo6izeqctsu,did:plc:uac6er53o2pvr5y2qmvaf7hw,high-offsite-link-count,,at://did:plc:mcb6n67plnrlx4lg35natk2b/app.bsky.feed.post/3mfn4ylwdd72l,2026-02-24T21:40:41.898Z
ea151a08e218409895019d4787233a5d,2026-02-25T01:00:00Z,2026-02-25T01:13:24Z,auth,auth_enUS_labelerexp,at://did:plc:mcb6n67plnrlx4lg35natk2b/app.bsky.feed.post/3mfn4ylwdd72l,bafyreicabbk3avfwjhfnmfiwlx4xfaelc4fheexcn7yiwywfo6izeqctsu,did:plc:uac6er53o2pvr5y2qmvaf7hw,engagementfarmer,,did:plc:mcb6n67plnrlx4lg35natk2b,2024-12-10T14:25:58.920Z
ea151a08e218409895019d4787233a5d,2026-02-25T01:00:00Z,2026-02-25T01:13:24Z,auth,auth_enUS_labelerexp,at://did:plc:mcb6n67plnrlx4lg35natk2b/app.bsky.feed.post/3mfn4ylwdd72l,bafyreicabbk3avfwjhfnmfiwlx4xfaelc4fheexcn7yiwywfo6izeqctsu,did:plc:uac6er53o2pvr5y2qmvaf7hw,high-offsite-link-count,,did:plc:mcb6n67plnrlx4lg35natk2b,2025-04-18T13:00:27.234Z
ea151a08e218409895019d4787233a5d,2026-02-25T01:00:00Z,2026-02-25T01:13:24Z,auth,auth_enUS_labelerexp,at://did:plc:mcb6n67plnrlx4lg35natk2b/app.bsky.feed.post/3mfn4ylwdd72l,bafyreicabbk3avfwjhfnmfiwlx4xfaelc4fheexcn7yiwywfo6izeqctsu,did:plc:uac6er53o2pvr5y2qmvaf7hw,repetitive,,did:plc:mcb6n67plnrlx4lg35natk2b,2024-12-10T14:25:58.920Z
ea151a08e218409895019d4787233a5d,2026-02-25T01:00:00Z,2026-02-25T01:13:24Z,auth,auth_enUS_labelerexp,at://did:plc:ywja3hgl4zrce3dcocr4nagc/app.bsky.feed.post/3mfn4uucvad2x,bafyreig6iajs3pytz7yl3dckb2ii6qm5pwizoum5tri6mawa7dq3xouk7q,did:plc:ar7c4by46qjdydhdevvrndac,porn,,at://did:plc:ywja3hgl4zrce3dcocr4nagc/app.bsky.feed.post/3mfn4uucvad2x,2026-02-24T21:38:37.204Z
ea151a08e218409895019d4787233a5d,2026-02-25T01:00:00Z,2026-02-25T01:13:24Z,auth,auth_enUS_labelerexp,at://did:plc:ywja3hgl4zrce3dcocr4nagc/app.bsky.feed.post/3mfn4uucvad2x,bafyreig6iajs3pytz7yl3dckb2ii6qm5pwizoum5tri6mawa7dq3xouk7q,did:plc:ywja3hgl4zrce3dcocr4nagc,!no-unauthenticated,,at://did:plc:ywja3hgl4zrce3dcocr4nagc/app.bsky.actor.profile/self,2024-02-08T23:26:37.797Z
ea151a08e218409895019d4787233a5d,2026-02-25T01:00:00Z,2026-02-25T01:13:24Z,auth,auth_enUS_labelerexp,at://did:plc:lvaedgjxjopyrlfbq2fc25cz/app.bsky.feed.post/3mfn4djs2cc22,bafyreialak6jz7kqmnljg7xs23q2zkajgmoodakg7t2i5pzx3r5oe6glmq,did:plc:uac6er53o2pvr5y2qmvaf7hw,high-hashtag-count,,at://did:plc:lvaedgjxjopyrlfbq2fc25cz/app.bsky.feed.post/3mfn4djs2cc22,2026-02-24T21:29:01.191Z
ea151a08e218409895019d4787233a5d,2026-02-25T01:00:00Z,2026-02-25T01:13:24Z,auth,auth_enUS_labelerexp,at://did:plc:lvaedgjxjopyrlfbq2fc25cz/app.bsky.feed.post/3mfn4djs2cc22,bafyreialak6jz7kqmnljg7xs23q2zkajgmoodakg7t2i5pzx3r5oe6glmq,did:plc:uac6er53o2pvr5y2qmvaf7hw,high-total-facet-count,,at://did:plc:lvaedgjxjopyrlfbq2fc25cz/app.bsky.feed.post/3mfn4djs2cc22,2026-02-24T21:29:01.186Z
ea151a08e218409895019d4787233a5d,2026-02-25T01:00:00Z,2026-02-25T01:13:24Z,auth,auth_enUS_labelerexp,at://did:plc:lvaedgjxjopyrlfbq2fc25cz/app.bsky.feed.post/3mfn4djs2cc22,bafyreialak6jz7kqmnljg7xs23q2zkajgmoodakg7t2i5pzx3r5oe6glmq,did:plc:ar7c4by46qjdydhdevvrndac,porn,,at://did:plc:lvaedgjxjopyrlfbq2fc25cz/app.bsky.feed.post/3mfn4djs2cc22,2026-02-24T21:29:01.040Z
ea151a08e218409895019d4787233a5d,2026-02-25T01:00:00Z,2026-02-25T01:13:24Z,auth,auth_enUS_labelerexp,at://did:plc:lvaedgjxjopyrlfbq2fc25cz/app.bsky.feed.post/3mfn4djs2cc22,bafyreialak6jz7kqmnljg7xs23q2zkajgmoodakg7t2i5pzx3r5oe6glmq,did:plc:lvaedgjxjopyrlfbq2fc25cz,porn,,at://did:plc:lvaedgjxjopyrlfbq2fc25cz/app.bsky.feed.post/3mfn4djs2cc22,2026-02-24T21:28:53.363Z
ea151a08e218409895019d4787233a5d,2026-02-25T01:00:00Z,2026-02-25T01:13:24Z,auth,auth_enUS_labelerexp,at://did:plc:mcb6n67plnrlx4lg35natk2b/app.bsky.feed.post/3mfn3uranh62h,bafyreieksknb2d3xv7z3zmaoqzp7ayo34nyiuawo4a2glmq4vx4azjjpgy,did:plc:uac6er53o2pvr5y2qmvaf7hw,high-offsite-link-count,,at://did:plc:mcb6n67plnrlx4lg35natk2b/app.bsky.feed.post/3mfn3uranh62h,2026-02-24T21:20:39.228Z
ea151a08e218409895019d4787233a5d,2026-02-25T01:00:00Z,2026-02-25T01:13:24Z,auth,auth_enUS_labelerexp,at://did:plc:mcb6n67plnrlx4lg35natk2b/app.bsky.feed.post/3mfn3uranh62h,bafyreieksknb2d3xv7z3zmaoqzp7ayo34nyiuawo4a2glmq4vx4azjjpgy,did:plc:uac6er53o2pvr5y2qmvaf7hw,engagementfarmer,,did:plc:mcb6n67plnrlx4lg35natk2b,2024-12-10T14:25:58.920Z
ea151a08e218409895019d4787233a5d,2026-02-25T01:00:00Z,2026-02-25T01:13:24Z,auth,auth_enUS_labelerexp,at://did:plc:mcb6n67plnrlx4lg35natk2b/app.bsky.feed.post/3mfn3uranh62h,bafyreieksknb2d3xv7z3zmaoqzp7ayo34nyiuawo4a2glmq4vx4azjjpgy,did:plc:uac6er53o2pvr5y2qmvaf7hw,high-offsite-link-count,,did:plc:mcb6n67plnrlx4lg35natk2b,2025-04-18T13:00:27.234Z
ea151a08e218409895019d4787233a5d,2026-02-25T01:00:00Z,2026-02-25T01:13:24Z,auth,auth_enUS_labelerexp,at://did:plc:mcb6n67plnrlx4lg35natk2b/app.bsky.feed.post/3mfn3uranh62h,bafyreieksknb2d3xv7z3zmaoqzp7ayo34nyiuawo4a2glmq4vx4azjjpgy,did:plc:uac6er53o2pvr5y2qmvaf7hw,repetitive,,did:plc:mcb6n67plnrlx4lg35natk2b,2024-12-10T14:25:58.920Z
ea151a08e218409895019d4787233a5d,2026-02-25T01:00:00Z,2026-02-25T01:13:24Z,auth,auth_enUS_labelerexp,at://did:plc:wzh5nv6jhbztzt7ozm5lz4qr/app.bsky.feed.post/3mfn3tdkfk22v,bafyreicuz677fahbcsfxwbwx4wu6fgfjiv3cxz7mbmvqzjdgs2y6pxm764,did:plc:ar7c4by46qjdydhdevvrndac,porn,,at://did:plc:wzh5nv6jhbztzt7ozm5lz4qr/app.bsky.feed.post/3mfn3tdkfk22v,2026-02-24T21:19:52.264Z
ea151a08e218409895019d4787233a5d,2026-02-25T01:00:00Z,2026-02-25T01:13:24Z,auth,auth_enUS_labelerexp,at://did:plc:wzh5nv6jhbztzt7ozm5lz4qr/app.bsky.feed.post/3mfn3tdkfk22v,bafyreicuz677fahbcsfxwbwx4wu6fgfjiv3cxz7mbmvqzjdgs2y6pxm764,did:plc:wzh5nv6jhbztzt7ozm5lz4qr,porn,,at://did:plc:wzh5nv6jhbztzt7ozm5lz4qr/app.bsky.feed.post/3mfn3tdkfk22v,2026-02-24T21:19:49.952Z
ea151a08e218409895019d4787233a5d,2026-02-25T01:00:00Z,2026-02-25T01:13:24Z,auth,auth_enUS_labelerexp,at://did:plc:vmapg4cdx4ctngrde5lwyx2z/app.bsky.feed.post/3mfn3o66vne2u,bafyreiac5fchoj33jluy5dfroadzk6kx3pommxp7c3qm4doosnzciyl23a,did:plc:ar7c4by46qjdydhdevvrndac,needs-review,,did:plc:vmapg4cdx4ctngrde5lwyx2z,2026-02-18T06:05:58.169Z
ea151a08e218409895019d4787233a5d,2026-02-25T01:00:00Z,2026-02-25T01:13:24Z,auth,auth_enUS_labelerexp,at://did:plc:nr4su5f4jncsjz5p7onprxsq/app.bsky.feed.post/3mfn3lxrvln23,bafyreihdx2qp56mgkpmlpzzummffs6o2vceeqxenfcj256vs4yixnfyfkq,did:plc:ar7c4by46qjdydhdevvrndac,porn,,at://did:plc:nr4su5f4jncsjz5p7onprxsq/app.bsky.feed.post/3mfn3lxrvln23,2026-02-24T21:15:44.808Z
ea151a08e218409895019d4787233a5d,2026-02-25T01:00:00Z,2026-02-25T01:13:24Z,auth,auth_enUS_labelerexp,at://did:plc:nr4su5f4jncsjz5p7onprxsq/app.bsky.feed.post/3mfn3lxrvln23,bafyreihdx2qp56mgkpmlpzzummffs6o2vceeqxenfcj256vs4yixnfyfkq,did:plc:ar7c4by46qjdydhdevvrndac,porn,,at://did:plc:nr4su5f4jncsjz5p7onprxsq/app.bsky.actor.profile/self,2025-12-28T12:57:27.668Z
ea151a08e218409895019d4787233a5d,2026-02-25T01:00:00Z,2026-02-25T01:13:24Z,auth,auth_enUS_labelerexp,at://did:plc:2gxxhjv6ioyatkjww3c7mrbk/app.bsky.feed.post/3mfn3cuvvev2g,bafyreid2fnkksznkk4hksaqg7cawvbvrbt3wlw7rcepal7p67zz67mp4cq,did:plc:ar7c4by46qjdydhdevvrndac,porn,,at://did:plc:2gxxhjv6ioyatkjww3c7mrbk/app.bsky.feed.post/3mfn3cuvvev2g,2026-02-24T21:10:39.058Z
ea151a08e218409895019d4787233a5d,2026-02-25T01:00:00Z,2026-02-25T01:13:24Z,auth,auth_enUS_labelerexp,at://did:plc:2gxxhjv6ioyatkjww3c7mrbk/app.bsky.feed.post/3mfn3cuvvev2g,bafyreid2fnkksznkk4hksaqg7cawvbvrbt3wlw7rcepal7p67zz67mp4cq,did:plc:ar7c4by46qjdydhdevvrndac,porn,,at://did:plc:2gxxhjv6ioyatkjww3c7mrbk/app.bsky.actor.profile/self,2025-12-28T12:59:03.251Z
ea151a08e218409895019d4787233a5d,2026-02-25T01:00:00Z,2026-02-25T01:13:24Z,auth,auth_enUS_labelerexp,at://did:plc:27ne33sghinyz3mduuq53tga/app.bsky.feed.post/3mfn353tlls2q,bafyreifwcbycakjkzxdo3qshahk6nwtsjngzruo43xfhtgord4yj4weua4,did:plc:ar7c4by46qjdydhdevvrndac,porn,,at://did:plc:27ne33sghinyz3mduuq53tga/app.bsky.feed.post/3mfn353tlls2q,2026-02-24T21:07:25.579Z
ea151a08e218409895019d4787233a5d,2026-02-25T01:00:00Z,2026-02-25T01:13:24Z,auth,auth_enUS_labelerexp,at://did:plc:27ne33sghinyz3mduuq53tga/app.bsky.feed.post/3mfn353tlls2q,bafyreifwcbycakjkzxdo3qshahk6nwtsjngzruo43xfhtgord4yj4weua4,did:plc:ar7c4by46qjdydhdevvrndac,porn,,at://did:plc:27ne33sghinyz3mduuq53tga/app.bsky.actor.profile/self,2026-02-22T00:07:45.996Z
ea151a08e218409895019d4787233a5d,2026-02-25T01:00:00Z,2026-02-25T01:13:24Z,auth,auth_enUS_labelerexp,at://did:plc:k43ha6nlknmdw4owymqnvcat/app.bsky.feed.post/3mfn2v56fz62x,bafyreiggo2lj3fcyinxi3pypvnzplxsj3za3agxfmxwxmj7lqqepiw6rxq,did:plc:uac6er53o2pvr5y2qmvaf7hw,high-offsite-link-count,,at://did:plc:k43ha6nlknmdw4owymqnvcat/app.bsky.feed.post/3mfn2v56fz62x,2026-02-24T21:02:57.996Z
ea151a08e218409895019d4787233a5d,2026-02-25T01:00:00Z,2026-02-25T01:13:24Z,auth,auth_enUS_labelerexp,at://did:plc:k43ha6nlknmdw4owymqnvcat/app.bsky.feed.post/3mfn2v56fz62x,bafyreiggo2lj3fcyinxi3pypvnzplxsj3za3agxfmxwxmj7lqqepiw6rxq,did:plc:uac6er53o2pvr5y2qmvaf7hw,engagementfarmer,,did:plc:k43ha6nlknmdw4owymqnvcat,2025-10-09T22:02:26.362Z
ea151a08e218409895019d4787233a5d,2026-02-25T01:00:00Z,2026-02-25T01:13:24Z,auth,auth_enUS_labelerexp,at://did:plc:k43ha6nlknmdw4owymqnvcat/app.bsky.feed.post/3mfn2v56fz62x,bafyreiggo2lj3fcyinxi3pypvnzplxsj3za3agxfmxwxmj7lqqepiw6rxq,did:plc:uac6er53o2pvr5y2qmvaf7hw,repetitive,,did:plc:k43ha6nlknmdw4owymqnvcat,2025-10-09T22:02:26.362Z
ea151a08e218409895019d4787233a5d,2026-02-25T01:00:00Z,2026-02-25T01:13:24Z,auth,auth_enUS_labelerexp,at://did:plc:c2vdlvy3fsbybpz6gxabq3nr/app.bsky.feed.post/3mfn2ucghjs2d,bafyreig53p452h2mwhl67xhidxbkg5qytswrv7gywjlek6vc3a7tbs7phi,did:plc:c2vdlvy3fsbybpz6gxabq3nr,!no-unauthenticated,,at://did:plc:c2vdlvy3fsbybpz6gxabq3nr/app.bsky.actor.profile/self,2024-10-27T02:56:13.595Z
ea151a08e218409895019d4787233a5d,2026-02-25T01:00:00Z,2026-02-25T01:13:24Z,auth,auth_enUS_labelerexp,at://did:plc:pq4cdu3tjsja7mahlbelshkx/app.bsky.feed.post/3mfn22pvu7v24,bafyreifjnmshbzkmnwguhtgixtvt7oy6pcwzovdwqku4lwotmflt4nrqby,did:plc:uac6er53o2pvr5y2qmvaf7hw,high-total-facet-count,,at://did:plc:pq4cdu3tjsja7mahlbelshkx/app.bsky.feed.post/3mfn22pvu7v24,2026-02-24T20:48:12.019Z
ea151a08e218409895019d4787233a5d,2026-02-25T01:00:00Z,2026-02-25T01:13:24Z,auth,auth_enUS_labelerexp,at://did:plc:pq4cdu3tjsja7mahlbelshkx/app.bsky.feed.post/3mfn22pvu7v24,bafyreifjnmshbzkmnwguhtgixtvt7oy6pcwzovdwqku4lwotmflt4nrqby,did:plc:uac6er53o2pvr5y2qmvaf7hw,telegram-link,,at://did:plc:pq4cdu3tjsja7mahlbelshkx/app.bsky.actor.profile/self,2026-02-15T21:43:32.039Z
ea151a08e218409895019d4787233a5d,2026-02-25T01:00:00Z,2026-02-25T01:13:24Z,auth,auth_enUS_labelerexp,at://did:plc:3rp72mpbkpvm6ajkwa5vfezt/app.bsky.feed.post/3mfmzt7t5rc2c,bafyreib6ldte4oiut3cm2yicbcxbsvwlrepeugc5de4ab7t5foqvtdg5qe,did:plc:ar7c4by46qjdydhdevvrndac,sexual,,at://did:plc:3rp72mpbkpvm6ajkwa5vfezt/app.bsky.feed.post/3mfmzt7t5rc2c,2026-02-24T20:43:59.794Z
ea151a08e218409895019d4787233a5d,2026-02-25T01:00:00Z,2026-02-25T01:13:26Z,auth,auth_enUS_labelerexp,at://did:plc:lve6t3ylxfuqge7iqtacaq7t/app.bsky.feed.post/3mfmt2puhcc2v,bafyreich7zc3c5qbsr7sphluf5gi6by5ucsh2s7qr2vnbuh5dptyzekydm,did:plc:lve6t3ylxfuqge7iqtacaq7t,!no-unauthenticated,,at://did:plc:lve6t3ylxfuqge7iqtacaq7t/app.bsky.actor.profile/self,1970-01-01T00:00:00.000Z
ea151a08e218409895019d4787233a5d,2026-02-25T01:00:00Z,2026-02-25T01:13:26Z,auth,auth_enUS_labelerexp,at://did:plc:kssexgfjoqhscgsxaq2wbutr/app.bsky.feed.post/3mfmpxvmcuc2f,bafyreifhxgddcq5vkt323ewxwqzmurvn6sfxspqz3oilbiiyucr6manqpy,did:plc:kssexgfjoqhscgsxaq2wbutr,!no-unauthenticated,,at://did:plc:kssexgfjoqhscgsxaq2wbutr/app.bsky.actor.profile/self,2024-04-19T15:11:29.251Z
ea151a08e218409895019d4787233a5d,2026-02-25T01:00:00Z,2026-02-25T01:13:26Z,auth,auth_enUS_labelerexp,at://did:plc:kssexgfjoqhscgsxaq2wbutr/app.bsky.feed.post/3mfmlyfchj22f,bafyreidhvico7h7622bfuyrf6kazbqtti6kvsqpjhs6ridrao5dp6bva3a,did:plc:kssexgfjoqhscgsxaq2wbutr,!no-unauthenticated,,at://did:plc:kssexgfjoqhscgsxaq2wbutr/app.bsky.actor.profile/self,2024-04-19T15:11:29.251Z
ea151a08e218409895019d4787233a5d,2026-02-25T01:00:00Z,2026-02-25T01:13:26Z,auth,auth_enUS_labelerexp,at://did:plc:5qli26hgfhayvez5ctyekw77/app.bsky.feed.post/3mfl4qpat6s2k,bafyreidt3gqhsbib3x2l2cffkgzbwky3rfukilpullglb6xbdxua2gwvgq,did:plc:5qli26hgfhayvez5ctyekw77,!no-unauthenticated,,at://did:plc:5qli26hgfhayvez5ctyekw77/app.bsky.actor.profile/self,1970-01-01T00:00:00.000Z
ea151a08e218409895019d4787233a5d,2026-02-25T01:00:00Z,2026-02-25T01:13:26Z,auth,auth_enUS_labelerexp,at://did:plc:ly35yzxvm6otrog22eu7xn6u/app.bsky.feed.post/3mfk6ycfkcs2n,bafyreicncpmrx5cda4fi6d73ndzhayjsaqwntxhjetsjynrutktvlk2zmi,did:plc:l624mewisyr6hymexmrjkprc,photographers,,did:plc:ly35yzxvm6otrog22eu7xn6u,2026-02-06T21:29:15.190Z
ea151a08e218409895019d4787233a5d,2026-02-25T01:00:00Z,2026-02-25T01:13:26Z,auth,auth_enUS_labelerexp,at://did:plc:ly35yzxvm6otrog22eu7xn6u/app.bsky.feed.post/3mfk6ycfkcs2n,bafyreicncpmrx5cda4fi6d73ndzhayjsaqwntxhjetsjynrutktvlk2zmi,did:plc:ly35yzxvm6otrog22eu7xn6u,!no-unauthenticated,,at://did:plc:ly35yzxvm6otrog22eu7xn6u/app.bsky.actor.profile/self,1970-01-01T00:00:00.000Z
ea151a08e218409895019d4787233a5d,2026-02-25T01:00:00Z,2026-02-25T01:13:27Z,auth,auth_enUS_labelerexp,at://did:plc:nylio5rpw7u3wtven3vcriam/app.bsky.feed.post/3mfkbnfv4vk2z,bafyreigcjidns57qqvpxorzh53wbq3cyzbq3gahpyxaolzocuxp5xugt4e,did:plc:nylio5rpw7u3wtven3vcriam,!no-unauthenticated,,at://did:plc:nylio5rpw7u3wtven3vcriam/app.bsky.actor.profile/self,1970-01-01T00:00:00.000Z
ea151a08e218409895019d4787233a5d,2026-02-25T01:00:00Z,2026-02-25T01:13:27Z,auth,auth_enUS_labelerexp,at://did:plc:odqmsar3ikz5ubokya4sempk/app.bsky.feed.post/3lkhk6c2ehf2n,bafyreiaewzsjpf74dr2xaqmtuw7bf2sppbxvzoo3ds3xseflvg6pak3d64,did:plc:l624mewisyr6hymexmrjkprc,artistdesigner,,did:plc:odqmsar3ikz5ubokya4sempk,2025-07-18T21:18:07.510Z
ea151a08e218409895019d4787233a5d,2026-02-25T01:00:00Z,2026-02-25T01:13:27Z,auth,auth_enUS_labelerexp,at://did:plc:s3vjaf7fwx5kkmdjagoxrdv3/app.bsky.feed.post/3mfnirhkaj22g,bafyreie337hk2yh4ki5ynme4j462hrco6bokvxwtsx4vrzu4fpfzt6fqki,did:plc:s3vjaf7fwx5kkmdjagoxrdv3,!no-unauthenticated,,at://did:plc:s3vjaf7fwx5kkmdjagoxrdv3/app.bsky.actor.profile/self,2024-11-02T21:04:42.610Z
ea151a08e218409895019d4787233a5d,2026-02-25T01:00:00Z,2026-02-25T01:13:27Z,auth,auth_enUS_labelerexp,at://did:plc:kcmmpzgcdeliu7afzwvqx6sa/app.bsky.feed.post/3mfniparsls2l,bafyreiaqjmcnwmoyysx6iwdweplrbpifu6abqxxf4rardyfrxt6jxtll3q,did:plc:kcmmpzgcdeliu7afzwvqx6sa,sexual,,at://did:plc:kcmmpzgcdeliu7afzwvqx6sa/app.bsky.feed.post/3mfniparsls2l,2026-02-25T01:10:11.330Z
ea151a08e218409895019d4787233a5d,2026-02-25T01:00:00Z,2026-02-25T01:13:27Z,auth,auth_enUS_labelerexp,at://did:plc:kcmmpzgcdeliu7afzwvqx6sa/app.bsky.feed.post/3mfniparsls2l,bafyreiaqjmcnwmoyysx6iwdweplrbpifu6abqxxf4rardyfrxt6jxtll3q,did:plc:uac6er53o2pvr5y2qmvaf7hw,x-link,,at://did:plc:kcmmpzgcdeliu7afzwvqx6sa/app.bsky.actor.profile/self,2025-10-01T13:38:30.689Z
ea151a08e218409895019d4787233a5d,2026-02-25T01:00:00Z,2026-02-25T01:13:27Z,auth,auth_enUS_labelerexp,at://did:plc:h2p7rriwd4x6r67gw4rfjh3j/app.bsky.feed.post/3mfninxcf2k2k,bafyreibofb3pmdqedrngd7o6trks7b7k7rcytjlobissk3e26lzejoj7ci,did:plc:h2p7rriwd4x6r67gw4rfjh3j,!no-unauthenticated,,at://did:plc:h2p7rriwd4x6r67gw4rfjh3j/app.bsky.actor.profile/self,1970-01-01T00:00:00.000Z
ea151a08e218409895019d4787233a5d,2026-02-25T01:00:00Z,2026-02-25T01:13:27Z,auth,auth_enUS_labelerexp,at://did:plc:wy2wfblawicgtvyg5k5ouedh/app.bsky.feed.post/3mfninmk7f22y,bafyreih7on7gn7sgnyxds5h6f4zatg4a5taxpwxnbxkxs644ka2ifyburi,did:plc:wy2wfblawicgtvyg5k5ouedh,!no-unauthenticated,,at://did:plc:wy2wfblawicgtvyg5k5ouedh/app.bsky.actor.profile/self,2025-10-15T15:23:58.761Z
ea151a08e218409895019d4787233a5d,2026-02-25T01:00:00Z,2026-02-25T01:13:27Z,auth,auth_enUS_labelerexp,at://did:plc:kvfsf7uj4dyy5rkghymo7yrn/app.bsky.feed.post/3mfnijylpzs2s,bafyreib46r3vtprwmktrycfiiw26lptsedta7zzmmguzjfmzbr4cx6rrqa,did:plc:kvfsf7uj4dyy5rkghymo7yrn,!no-unauthenticated,,at://did:plc:kvfsf7uj4dyy5rkghymo7yrn/app.bsky.actor.profile/self,1970-01-01T00:00:00.000Z
ea151a08e218409895019d4787233a5d,2026-02-25T01:00:00Z,2026-02-25T01:13:27Z,auth,auth_enUS_labelerexp,at://did:plc:agi3nlumokrqbqbv52jo2req/app.bsky.feed.post/3mfnigvlyts2x,bafyreibgv5yvgfv4jx2wbbkaggkn6qskat4dr7bgsjp72b336qh7igxyzu,did:plc:agi3nlumokrqbqbv52jo2req,!no-unauthenticated,,at://did:plc:agi3nlumokrqbqbv52jo2req/app.bsky.actor.profile/self,1970-01-01T00:00:00.000Z
ea151a08e218409895019d4787233a5d,2026-02-25T01:00:00Z,2026-02-25T01:13:27Z,auth,auth_enUS_labelerexp,at://did:plc:7bi7b7bme72dfd2iaji7busm/app.bsky.feed.post/3mfnigupdu22o,bafyreibcn2sgadpaywcfgmsohgu4vws3n3n6dmcrhrekcwczcq4sgczava,did:plc:7bi7b7bme72dfd2iaji7busm,!no-unauthenticated,,at://did:plc:7bi7b7bme72dfd2iaji7busm/app.bsky.actor.profile/self,2024-04-12T06:37:35.736Z
ea151a08e218409895019d4787233a5d,2026-02-25T01:00:00Z,2026-02-25T01:13:27Z,auth,auth_enUS_labelerexp,at://did:plc:ishfoh6z4zr4kucikm2c5s7f/app.bsky.feed.post/3mfnigrz3g42v,bafyreihyj5qpk4plpmr6qohrt3dlt6f22zgbo6cg7hy5betdww4ko424g4,did:plc:ishfoh6z4zr4kucikm2c5s7f,!no-unauthenticated,,at://did:plc:ishfoh6z4zr4kucikm2c5s7f/app.bsky.actor.profile/self,2024-09-17T07:45:46.814Z
ea151a08e218409895019d4787233a5d,2026-02-25T01:00:00Z,2026-02-25T01:13:27Z,auth,auth_enUS_labelerexp,at://did:plc:q7yjjdyuca5tj2z77zlxjz76/app.bsky.feed.post/3mfnifa6vgs22,bafyreicgnn4g4rmb6rntnpzmc6ayjhvvnqkssswtzx4yhouuladz6ktqta,did:plc:q7yjjdyuca5tj2z77zlxjz76,!no-unauthenticated,,at://did:plc:q7yjjdyuca5tj2z77zlxjz76/app.bsky.actor.profile/self,1970-01-01T00:00:00.000Z
ea151a08e218409895019d4787233a5d,2026-02-25T01:00:00Z,2026-02-25T01:13:39Z,auth,auth_enUS_labelerexp,at://did:plc:vrcmrzhqbj7uyqt5n4jyv22y/app.bsky.feed.post/3mfnilkq4bbe2,bafyreihha5sy7scyyashfzcpg2xebrzlmjcvvx3eehdwqaftdnesmzzidy,did:plc:ar7c4by46qjdydhdevvrndac,needs-review,,did:plc:vrcmrzhqbj7uyqt5n4jyv22y,2026-02-25T01:08:33.543Z
ea151a08e218409895019d4787233a5d,2026-02-25T01:00:00Z,2026-02-25T01:13:39Z,auth,auth_enUS_labelerexp,at://did:plc:vrcmrzhqbj7uyqt5n4jyv22y/app.bsky.feed.post/3mfnilkq4bbe2,bafyreihha5sy7scyyashfzcpg2xebrzlmjcvvx3eehdwqaftdnesmzzidy,did:plc:vrcmrzhqbj7uyqt5n4jyv22y,bridged-from-bridgy-fed-activitypub,,at://did:plc:vrcmrzhqbj7uyqt5n4jyv22y/app.bsky.actor.profile/self,1970-01-01T00:00:00.000Z
ea151a08e218409895019d4787233a5d,2026-02-25T01:00:00Z,2026-02-25T01:13:39Z,auth,auth_enUS_labelerexp,at://did:plc:6qewl6xhylafn7alx5kbqdbn/app.bsky.feed.post/3mfnil23dzk2j,bafyreigkuwqcevb4yozcw55reejal2t5xu7wggax7ap4yyjwrypayeexfm,did:plc:ar7c4by46qjdydhdevvrndac,porn,,at://did:plc:6qewl6xhylafn7alx5kbqdbn/app.bsky.feed.post/3mfnil23dzk2j,2026-02-25T01:07:52.492Z
ea151a08e218409895019d4787233a5d,2026-02-25T01:00:00Z,2026-02-25T01:13:39Z,auth,auth_enUS_labelerexp,at://did:plc:u3lpvr5tm2jmffiqanwtlno4/app.bsky.feed.post/3mfniku75ks2i,bafyreighgf3m2maezgxsy4l73l6k3omoppzuilykuhfdullbn6pdcg2ipi,did:plc:ar7c4by46qjdydhdevvrndac,self-harm,,at://did:plc:u3lpvr5tm2jmffiqanwtlno4/app.bsky.actor.profile/self,2026-02-24T01:10:13.800Z
ea151a08e218409895019d4787233a5d,2026-02-25T01:00:00Z,2026-02-25T01:13:39Z,auth,auth_enUS_labelerexp,at://did:plc:v3gihbhywk2w3bg7jcsz6w6z/app.bsky.feed.post/3mfnijbgr3s27,bafyreickqkxqdmcnwys3h3n452wylaqjt7gapcxefai6hilamesplgckx4,did:plc:v3gihbhywk2w3bg7jcsz6w6z,!no-unauthenticated,,at://did:plc:v3gihbhywk2w3bg7jcsz6w6z/app.bsky.actor.profile/self,2026-02-24T23:54:04.693Z
ea151a08e218409895019d4787233a5d,2026-02-25T01:00:00Z,2026-02-25T01:13:39Z,auth,auth_enUS_labelerexp,at://did:plc:rglhywpmqguyu7i7hshv3jqt/app.bsky.feed.post/3mfniizmlgqr2,bafyreia4h7x5h7bwp32l4wg6iond4vvdepakywnvyes5itu4ecyl5wqupa,did:plc:ar7c4by46qjdydhdevvrndac,needs-review,,did:plc:rglhywpmqguyu7i7hshv3jqt,2026-02-25T01:06:51.030Z
ea151a08e218409895019d4787233a5d,2026-02-25T01:00:00Z,2026-02-25T01:13:39Z,auth,auth_enUS_labelerexp,at://did:plc:rglhywpmqguyu7i7hshv3jqt/app.bsky.feed.post/3mfniizmlgqr2,bafyreia4h7x5h7bwp32l4wg6iond4vvdepakywnvyes5itu4ecyl5wqupa,did:plc:rglhywpmqguyu7i7hshv3jqt,bridged-from-bridgy-fed-activitypub,,at://did:plc:rglhywpmqguyu7i7hshv3jqt/app.bsky.actor.profile/self,1970-01-01T00:00:00.000Z
ea151a08e218409895019d4787233a5d,2026-02-25T01:00:00Z,2026-02-25T01:13:39Z,auth,auth_enUS_labelerexp,at://did:plc:rwpu7n33bfx3kt5tdatej43i/app.bsky.feed.post/3mfniica33k2q,bafyreibt2tu54kjemvzf7olhdxttmr3sjakdre2rhaikbepjyzdqwij26q,did:plc:ar7c4by46qjdydhdevvrndac,needs-review,,did:plc:rwpu7n33bfx3kt5tdatej43i,2026-02-20T21:37:15.080Z
ea151a08e218409895019d4787233a5d,2026-02-25T01:00:00Z,2026-02-25T01:13:39Z,auth,auth_enUS_labelerexp,at://did:plc:lq63hvoe2lsftifhyjblowjy/app.bsky.feed.post/3mfnigvlyts2s,bafyreidns2ffzp5fqfpitnnh5zt4gezd7qlazphpak7phzu774h3r6wime,did:plc:ar7c4by46qjdydhdevvrndac,porn,,at://did:plc:lq63hvoe2lsftifhyjblowjy/app.bsky.feed.post/3mfnigvlyts2s,2026-02-25T01:05:52.689Z
ea151a08e218409895019d4787233a5d,2026-02-25T01:00:00Z,2026-02-25T01:13:39Z,auth,auth_enUS_labelerexp,at://did:plc:lq63hvoe2lsftifhyjblowjy/app.bsky.feed.post/3mfnigvlyts2s,bafyreidns2ffzp5fqfpitnnh5zt4gezd7qlazphpak7phzu774h3r6wime,did:plc:lq63hvoe2lsftifhyjblowjy,!no-unauthenticated,,at://did:plc:lq63hvoe2lsftifhyjblowjy/app.bsky.actor.profile/self,2025-12-24T13:42:15.411Z
ea151a08e218409895019d4787233a5d,2026-02-25T01:00:00Z,2026-02-25T01:13:39Z,auth,auth_enUS_labelerexp,at://did:plc:gryb6hrfvvg67no5jgg2w4ul/app.bsky.feed.post/3mfnigjbrmn2p,bafyreibjcd4bzafxw3zkuw4el254otujn54etnyiv36sumicmshzmyb2pq,did:plc:ar7c4by46qjdydhdevvrndac,needs-review,,did:plc:gryb6hrfvvg67no5jgg2w4ul,2026-02-25T00:39:56.709Z
ea151a08e218409895019d4787233a5d,2026-02-25T01:00:00Z,2026-02-25T01:13:39Z,auth,auth_enUS_labelerexp,at://did:plc:ylz2gc6wmynkzpyh6ecx7c5f/app.bsky.feed.post/3mfnifhexjle2,bafyreihpltecgrpfcztv7guu7xjm4ztnna6zbyxb2pinuwl2uelxtnrwkm,did:plc:ar7c4by46qjdydhdevvrndac,needs-review,,did:plc:ylz2gc6wmynkzpyh6ecx7c5f,2026-02-25T01:04:50.838Z
ea151a08e218409895019d4787233a5d,2026-02-25T01:00:00Z,2026-02-25T01:13:39Z,auth,auth_enUS_labelerexp,at://did:plc:ylz2gc6wmynkzpyh6ecx7c5f/app.bsky.feed.post/3mfnifhexjle2,bafyreihpltecgrpfcztv7guu7xjm4ztnna6zbyxb2pinuwl2uelxtnrwkm,did:plc:ylz2gc6wmynkzpyh6ecx7c5f,bridged-from-bridgy-fed-activitypub,,at://did:plc:ylz2gc6wmynkzpyh6ecx7c5f/app.bsky.actor.profile/self,1970-01-01T00:00:00.000Z
ea151a08e218409895019d4787233a5d,2026-02-25T01:00:00Z,2026-02-25T01:13:39Z,auth,auth_enUS_labelerexp,at://did:plc:inbvcutue2cb3w3s3ougl7fq/app.bsky.feed.post/3mfnidb6nvs2j,bafyreiejtfpvmso3kfmr74cjb25evxmdehsaimdcx7ui4dcgxnjt2mj2bm,did:plc:ar7c4by46qjdydhdevvrndac,porn,,at://did:plc:inbvcutue2cb3w3s3ougl7fq/app.bsky.feed.post/3mfnidb6nvs2j,2026-02-25T01:03:30.606Z
ea151a08e218409895019d4787233a5d,2026-02-25T01:00:00Z,2026-02-25T01:13:39Z,auth,auth_enUS_labelerexp,at://did:plc:inbvcutue2cb3w3s3ougl7fq/app.bsky.feed.post/3mfnidb6nvs2j,bafyreiejtfpvmso3kfmr74cjb25evxmdehsaimdcx7ui4dcgxnjt2mj2bm,did:plc:inbvcutue2cb3w3s3ougl7fq,porn,,at://did:plc:inbvcutue2cb3w3s3ougl7fq/app.bsky.feed.post/3mfnidb6nvs2j,2026-02-25T01:03:29.243Z
ea151a08e218409895019d4787233a5d,2026-02-25T01:00:00Z,2026-02-25T01:13:39Z,auth,auth_enUS_labelerexp,at://did:plc:rdma2koz3rvfjcsugmuo6k3p/app.bsky.feed.post/3mfnibtpmf22k,bafyreiatuar4itvgztcivy4dlgfh7b73nehmfb3qtuzqwjds6debyej5l4,did:plc:uac6er53o2pvr5y2qmvaf7hw,meta-link,,at://did:plc:rdma2koz3rvfjcsugmuo6k3p/app.bsky.actor.profile/self,2026-02-25T01:05:09.819Z
ea151a08e218409895019d4787233a5d,2026-02-25T01:00:00Z,2026-02-25T01:13:39Z,auth,auth_enUS_labelerexp,at://did:plc:rdma2koz3rvfjcsugmuo6k3p/app.bsky.feed.post/3mfnibtpmf22k,bafyreiatuar4itvgztcivy4dlgfh7b73nehmfb3qtuzqwjds6debyej5l4,did:plc:uac6er53o2pvr5y2qmvaf7hw,x-link,,at://did:plc:rdma2koz3rvfjcsugmuo6k3p/app.bsky.actor.profile/self,2026-02-25T01:05:09.819Z
ea151a08e218409895019d4787233a5d,2026-02-25T01:00:00Z,2026-02-25T01:13:39Z,auth,auth_enUS_labelerexp,at://did:plc:xhgqcigkoablmpvmtz6y4wgr/app.bsky.feed.post/3mfniayrsb52t,bafyreiej4lqfd3ecneytpxkt6ibacmwixixgb54qgb5epfdl4nht2cpx7e,did:plc:uac6er53o2pvr5y2qmvaf7hw,high-hashtag-count,,at://did:plc:xhgqcigkoablmpvmtz6y4wgr/app.bsky.feed.post/3mfniayrsb52t,2026-02-25T01:02:21.356Z
ea151a08e218409895019d4787233a5d,2026-02-25T01:00:00Z,2026-02-25T01:13:39Z,auth,auth_enUS_labelerexp,at://did:plc:xhgqcigkoablmpvmtz6y4wgr/app.bsky.feed.post/3mfniayrsb52t,bafyreiej4lqfd3ecneytpxkt6ibacmwixixgb54qgb5epfdl4nht2cpx7e,did:plc:uac6er53o2pvr5y2qmvaf7hw,high-total-facet-count,,at://did:plc:xhgqcigkoablmpvmtz6y4wgr/app.bsky.feed.post/3mfniayrsb52t,2026-02-25T01:02:21.343Z
ea151a08e218409895019d4787233a5d,2026-02-25T01:00:00Z,2026-02-25T01:13:39Z,auth,auth_enUS_labelerexp,at://did:plc:xhgqcigkoablmpvmtz6y4wgr/app.bsky.feed.post/3mfniayrsb52t,bafyreiej4lqfd3ecneytpxkt6ibacmwixixgb54qgb5epfdl4nht2cpx7e,did:plc:uac6er53o2pvr5y2qmvaf7hw,telegram-link,,at://did:plc:xhgqcigkoablmpvmtz6y4wgr/app.bsky.feed.post/3mfniayrsb52t,2026-02-25T01:02:21.995Z
ea151a08e218409895019d4787233a5d,2026-02-25T01:00:00Z,2026-02-25T01:13:39Z,auth,auth_enUS_labelerexp,at://did:plc:u5a6tkjcminohdnbu3s2gyzx/app.bsky.feed.post/3mfniawwpn22o,bafyreib7muj7ovmmbhrvsc4e7v36wuupaa7e5ujqjxttavpst2lygttko4,did:plc:uac6er53o2pvr5y2qmvaf7hw,tiktok-link,,at://did:plc:u5a6tkjcminohdnbu3s2gyzx/app.bsky.feed.post/3mfniawwpn22o,2026-02-25T01:02:20.750Z
ea151a08e218409895019d4787233a5d,2026-02-25T01:00:00Z,2026-02-25T01:13:39Z,auth,auth_enUS_labelerexp,at://did:plc:yqgfenlllx5h3hwzbgmbadwr/app.bsky.feed.post/3mfniajtrf52y,bafyreiepjburhbm6hfjfqudfg5bk54p7kogi77zo7x76xoofkrruhbq2fm,did:plc:yqgfenlllx5h3hwzbgmbadwr,!no-unauthenticated,,at://did:plc:yqgfenlllx5h3hwzbgmbadwr/app.bsky.actor.profile/self,2026-02-25T00:47:17.700Z
ea151a08e218409895019d4787233a5d,2026-02-25T01:00:00Z,2026-02-25T01:13:39Z,auth,auth_enUS_labelerexp,at://did:plc:gdb6536kkzamwjpjijb3eg2o/app.bsky.feed.post/3mfnjk57qjs2h,bafyreic2xxaxxfgwrdpua7rwzaiizcqgztzbcmxt64v6o4ic7yl2elsuze,did:plc:ar7c4by46qjdydhdevvrndac,porn,,at://did:plc:gdb6536kkzamwjpjijb3eg2o/app.bsky.feed.post/3mfnjk57qjs2h,2026-02-25T01:01:57.900Z
ea151a08e218409895019d4787233a5d,2026-02-25T01:00:00Z,2026-02-25T01:13:39Z,auth,auth_enUS_labelerexp,at://did:plc:gdb6536kkzamwjpjijb3eg2o/app.bsky.feed.post/3mfnjk57qjs2h,bafyreic2xxaxxfgwrdpua7rwzaiizcqgztzbcmxt64v6o4ic7yl2elsuze,did:plc:ar7c4by46qjdydhdevvrndac,porn,,at://did:plc:gdb6536kkzamwjpjijb3eg2o/app.bsky.actor.profile/self,2026-02-09T20:59:50.478Z
ea151a08e218409895019d4787233a5d,2026-02-25T01:00:00Z,2026-02-25T01:13:39Z,auth,auth_enUS_labelerexp,at://did:plc:6s22hpitfdb6yfieruugixj7/app.bsky.feed.post/3mfni6g3nis2z,bafyreih64b3l4mp4upk2ddiby3625m2dgpkih5hgxl5e576vkjwdscssfi,did:plc:ar7c4by46qjdydhdevvrndac,needs-review,,did:plc:6s22hpitfdb6yfieruugixj7,2026-02-25T00:45:02.499Z
ea151a08e218409895019d4787233a5d,2026-02-25T01:00:00Z,2026-02-25T01:13:39Z,auth,auth_enUS_labelerexp,at://did:plc:jyjo57shmth767dyhh3wdha6/app.bsky.feed.post/3mfni5ocpvc2i,bafyreih3qitojzzdu5ftfg7sxtymy7y3eugpcdnxykxmss5hjncodwjn2m,did:plc:uac6er53o2pvr5y2qmvaf7hw,x-link,,at://did:plc:jyjo57shmth767dyhh3wdha6/app.bsky.actor.profile/self,2026-01-22T13:52:50.644Z
ea151a08e218409895019d4787233a5d,2026-02-25T01:00:00Z,2026-02-25T01:13:39Z,auth,auth_enUS_labelerexp,at://did:plc:ov7x6d5hirpdxvxttoe37elm/app.bsky.feed.post/3mfni37nutc2c,bafyreic43t74agoql2s5bmndrepqopkjvgqaikkh65rorvi4m2557pzmz4,did:plc:ar7c4by46qjdydhdevvrndac,needs-review,,did:plc:ov7x6d5hirpdxvxttoe37elm,2026-02-25T00:23:05.500Z
ea151a08e218409895019d4787233a5d,2026-02-25T01:00:00Z,2026-02-25T01:13:39Z,auth,auth_enUS_labelerexp,at://did:plc:krggpi6tucnolma4ajd7mjjt/app.bsky.feed.post/3mfni47oqq22l,bafyreibm4tpibknujv2jpvcub2sorborsn3swxz6e4eutvgz2tj4zj62te,did:plc:ar7c4by46qjdydhdevvrndac,porn,,at://did:plc:krggpi6tucnolma4ajd7mjjt/app.bsky.feed.post/3mfni47oqq22l,2026-02-25T00:59:40.947Z
