run_id,snapshot_hour_utc,captured_at_utc,viewer_mode,vantage_id,feed_uri,bucket,post_uri,post_cid,author_did,author_handle,record_created_at,indexed_at,text
a22332672e2648368723089988818798,2026-02-22T19:00:00Z,2026-02-22T19:10:21Z,auth,auth_enUS_labelerexp,at://did:plc:4jrld6fwpnwqehtce56qshzv/app.bsky.feed.generator/game-dev,suggested_labelerexp,at://did:plc:76meud5zcpsfw44revz3dm25/app.bsky.feed.post/3mfhtl6s6dk2s,bafyreiahtx54isaldcaoaalapnqxjgktjf77t2kkbn7p4z2aoraw7pv7ji,did:plc:76meud5zcpsfw44revz3dm25,chasseabolition.bsky.social,2026-02-22T19:08:47.903Z,2026-02-22T19:08:50.359Z,www.instagram.com/p/DVEXr-gDc6...
a22332672e2648368723089988818798,2026-02-22T19:00:00Z,2026-02-22T19:10:21Z,auth,auth_enUS_labelerexp,at://did:plc:4jrld6fwpnwqehtce56qshzv/app.bsky.feed.generator/game-dev,suggested_labelerexp,at://did:plc:h23vbl6bk7nvpdxpgnxioxs7/app.bsky.feed.post/3mfhtjx2c5c24,bafyreiegjfnhmj6szqph5w3xn4qltgbvbiasc4vkv2hn3jh63d4ym5lea4,did:plc:h23vbl6bk7nvpdxpgnxioxs7,roguespyke.bsky.social,2026-02-22T19:08:06.226Z,2026-02-22T19:08:06.551Z,"I dreamed I was discussing a ""nightmare blunt rotation"" of bad game devs, with YandereDev and Phil Fish being the only game devs I could think of, and the blunt being passed around was actually a stick of dynamite with a lit wick"
a22332672e2648368723089988818798,2026-02-22T19:00:00Z,2026-02-22T19:10:21Z,auth,auth_enUS_labelerexp,at://did:plc:4jrld6fwpnwqehtce56qshzv/app.bsky.feed.generator/game-dev,suggested_labelerexp,at://did:plc:tzxg3ujmhsesg6f2cd2vkhtz/app.bsky.feed.post/3mfhtjsdntc2h,bafyreib427y2zmu3tfhwmdyhy7bqcveme3xuddq34yq6bspy2627riiocq,did:plc:tzxg3ujmhsesg6f2cd2vkhtz,brewedink.bsky.social,2026-02-22T19:08:01.289Z,2026-02-22T19:08:01.753Z,I just released 0.0.47 of #fadebasic which has the compile time execution and deferred statement support. Yeehaw! #indiedev #gamedev #langdev github.com/cdhanna/fade...
a22332672e2648368723089988818798,2026-02-22T19:00:00Z,2026-02-22T19:10:21Z,auth,auth_enUS_labelerexp,at://did:plc:4jrld6fwpnwqehtce56qshzv/app.bsky.feed.generator/game-dev,suggested_labelerexp,at://did:plc:bfu5mdqklzbmo2mfi2ae2jhj/app.bsky.feed.post/3mfhtjbk5n22q,bafyreibfjsbrztmyq33bgob4pv43u4gdatlzs6z4ssrxiuyoza7kktgpha,did:plc:bfu5mdqklzbmo2mfi2ae2jhj,alannamode.bsky.social,2026-02-22T19:07:43.660Z,2026-02-22T19:07:43.476Z,"Game dev revenge arc where all the coders, UI, QA, artists, producers build like

Better Photoshop (no subscription)
Better Netflix
Doc App Without AI
File Sharing Without Crime
Finance + Tax Tools Without Extortion
Social Media Without Brain Poisoning Algorithm
Amazon But Good"
a22332672e2648368723089988818798,2026-02-22T19:00:00Z,2026-02-22T19:10:21Z,auth,auth_enUS_labelerexp,at://did:plc:4jrld6fwpnwqehtce56qshzv/app.bsky.feed.generator/game-dev,suggested_labelerexp,at://did:plc:pul5npohhwcx5p7n2udcvdsx/app.bsky.feed.post/3mfhthqznx224,bafyreietcfdeknmz4tin2adthna2rzkpjfz4gnjysj7b2f5ozn5rgkbxra,did:plc:pul5npohhwcx5p7n2udcvdsx,undertherooftop.bsky.social,2026-02-22T19:06:52.803Z,2026-02-22T19:07:02.452Z,"We have reached 100% funding! Thank you, everyone for your trust and support. We just posted an update on Kickstarter, revealing a bunch of new stuff. Be sure to check it out. Cheers! www.kickstarter.com/projects/fla...

#indiegame #gamedev #survivalcraft #kickstarter"
a22332672e2648368723089988818798,2026-02-22T19:00:00Z,2026-02-22T19:10:21Z,auth,auth_enUS_labelerexp,at://did:plc:4jrld6fwpnwqehtce56qshzv/app.bsky.feed.generator/game-dev,suggested_labelerexp,at://did:plc:xoom5gv6hlhoptlie7cc4kre/app.bsky.feed.post/3mfhtgx6ddk2k,bafyreig23udpckxoeh3av4zhvaegauczpp7pjcyxshtqx3vc7usurz74jq,did:plc:xoom5gv6hlhoptlie7cc4kre,somerandomg33k.bsky.social,2026-02-22T19:06:25.694Z,2026-02-22T19:06:21.753Z,"What has happened in the past week. Well, quite a few folks have past away. Civil Rights leaders, screen legends, even some game designers and animators. Folks you might know or you might know their work. Let's talk about that and other things on SJA. 

www.youtube.com/watch?v=A-Ls..."
a22332672e2648368723089988818798,2026-02-22T19:00:00Z,2026-02-22T19:10:21Z,auth,auth_enUS_labelerexp,at://did:plc:4jrld6fwpnwqehtce56qshzv/app.bsky.feed.generator/game-dev,suggested_labelerexp,at://did:plc:67exutj7woqk5j3rnpnwsyu7/app.bsky.feed.post/3mfhtgedr4c2d,bafyreiasnckl6sn2twwr6d4tykwvzq26lcqo4eszpj63lpagvsh65zueny,did:plc:67exutj7woqk5j3rnpnwsyu7,seallytales.bsky.social,2026-02-22T19:06:05.949Z,2026-02-22T19:06:09.253Z,"During this week I implemented:
- Push actions
- Compound actions (combinations of other types of attack)
- Started to implement enemy AI and status effects.

Things are working - demo getting closer
#indiedev #gamedev #devlog #indiegame"
a22332672e2648368723089988818798,2026-02-22T19:00:00Z,2026-02-22T19:10:21Z,auth,auth_enUS_labelerexp,at://did:plc:4jrld6fwpnwqehtce56qshzv/app.bsky.feed.generator/game-dev,suggested_labelerexp,at://did:plc:c2vi667nbgkfiu657mzipt7s/app.bsky.feed.post/3mfhtg5nqi22x,bafyreidtunqlu373fo2va3hiz5licwq6cvvbdvckrf3qk7hljrr4ajswwy,did:plc:c2vi667nbgkfiu657mzipt7s,naobox.bsky.social,2026-02-22T19:05:58.923Z,2026-02-22T19:06:04.454Z,"The sprites are coming along. Yes, she is mimicking her on purpose!
#indiedev #vndev #visualnovel #magicalgirls"
a22332672e2648368723089988818798,2026-02-22T19:00:00Z,2026-02-22T19:10:21Z,auth,auth_enUS_labelerexp,at://did:plc:4jrld6fwpnwqehtce56qshzv/app.bsky.feed.generator/game-dev,suggested_labelerexp,at://did:plc:nbifcymiifi23eiq7phfgfnh/app.bsky.feed.post/3mfhtfr5xj22n,bafyreia355n3n6pjbiesa7fkjntkal64e4vfz2vz563thivy6bfsdeb4u4,did:plc:nbifcymiifi23eiq7phfgfnh,liminawayfarer.com,2026-02-22T19:05:45.837Z,2026-02-22T19:05:48.562Z,"Finally got my stuff up on Codeberg!
You can find my forks and other open source projects there :)

#godot #gamedev
codeberg.org/LiminaWayfarer"
a22332672e2648368723089988818798,2026-02-22T19:00:00Z,2026-02-22T19:10:21Z,auth,auth_enUS_labelerexp,at://did:plc:4jrld6fwpnwqehtce56qshzv/app.bsky.feed.generator/game-dev,suggested_labelerexp,at://did:plc:qudzeu2yhvmu7uoc3g37wbfq/app.bsky.feed.post/3mfhtfidw4k27,bafyreifsd53uibm3rbjbswbm6pvseeej3kzx6jy2hcqjvhfybklcg73afu,did:plc:qudzeu2yhvmu7uoc3g37wbfq,solbrothers.bsky.social,2026-02-22T19:05:36.594Z,2026-02-22T19:05:37.349Z,no hook. no bait. no strategy. just a solo dev who spent 2 years on a 3D metroidvania game asking you to watch 14 seconds of it.
a22332672e2648368723089988818798,2026-02-22T19:00:00Z,2026-02-22T19:10:21Z,auth,auth_enUS_labelerexp,at://did:plc:4jrld6fwpnwqehtce56qshzv/app.bsky.feed.generator/game-dev,suggested_labelerexp,at://did:plc:n26sqnkfdscsrei5x3eayxsz/app.bsky.feed.post/3mfhtbyxxdf2l,bafyreicpsiprfboqxt7sphtcpmy7fhzz44i3i64qf3ww653exc5ywbybxq,did:plc:n26sqnkfdscsrei5x3eayxsz,game-oracle.bsky.social,2026-02-22T19:03:39.631Z,2026-02-22T19:03:41.053Z,"Where are all the unicorn games? 🦄
It was a real struggle to find a game where the main character is a unicorn, but Ravenfist Studio came through with Unicorn Tails 💪 It was even featured in Forbes!
#indiedev #indiegamedev"
a22332672e2648368723089988818798,2026-02-22T19:00:00Z,2026-02-22T19:10:21Z,auth,auth_enUS_labelerexp,at://did:plc:4jrld6fwpnwqehtce56qshzv/app.bsky.feed.generator/game-dev,suggested_labelerexp,at://did:plc:74kd34x5roxn5vqos5oymgih/app.bsky.feed.post/3mfhtbevjms2g,bafyreie254j2hvbpir266mt3yz7mx36jqjual7syju6amt2nnjsbuli75y,did:plc:74kd34x5roxn5vqos5oymgih,voidviridian.bsky.social,2026-02-22T19:03:18.759Z,2026-02-22T19:03:21.856Z,"Scoring allow a clock rewind: 100 points => 1 second

It may change

I use a tileset that is explicit for testing, but I may end up keeping it as ""the easy tileset""

The player will not have to guess which symbol has the best value

#indiedev #indiegame #gamedev #solodev #playdate #screenshotSunday"
a22332672e2648368723089988818798,2026-02-22T19:00:00Z,2026-02-22T19:10:21Z,auth,auth_enUS_labelerexp,at://did:plc:4jrld6fwpnwqehtce56qshzv/app.bsky.feed.generator/game-dev,suggested_labelerexp,at://did:plc:kvpc2ohlo46eivnv2t6lwiy3/app.bsky.feed.post/3mfhtbawyht2f,bafyreibangcsqw2shkmzvqt7fqtd5ghfd43mc4japteafzcijejggubpfq,did:plc:kvpc2ohlo46eivnv2t6lwiy3,robsgameshack.bsky.social,2026-02-22T19:03:14.320541Z,2026-02-22T19:03:14.858Z,"The Phantom Fellows – Out now. The Phantom Fellows is a point & click adventure about 2 best friends who start a paranormal investigation business together, since one of them is already dead https://f.mtr.cool/incwuodskv #RGS #indiegames #indiedev"
a22332672e2648368723089988818798,2026-02-22T19:00:00Z,2026-02-22T19:10:21Z,auth,auth_enUS_labelerexp,at://did:plc:4jrld6fwpnwqehtce56qshzv/app.bsky.feed.generator/game-dev,suggested_labelerexp,at://did:plc:kvpc2ohlo46eivnv2t6lwiy3/app.bsky.feed.post/3mfhtb6o7e72i,bafyreiaefikp7s7kird7l4ytfknqgre6fkdyni4a6ycf3jhdcictdqcx2e,did:plc:kvpc2ohlo46eivnv2t6lwiy3,robsgameshack.bsky.social,2026-02-22T19:03:11.970961Z,2026-02-22T19:03:12.749Z,Quick read: How to Create a Presskit for Your Indie Game https://f.mtr.cool/ckffeeuisz #GameDev #IndieGames #RGS
a22332672e2648368723089988818798,2026-02-22T19:00:00Z,2026-02-22T19:10:21Z,auth,auth_enUS_labelerexp,at://did:plc:4jrld6fwpnwqehtce56qshzv/app.bsky.feed.generator/game-dev,suggested_labelerexp,at://did:plc:5wkuu4yxx4hmdqboinemztt6/app.bsky.feed.post/3mfhtancbns25,bafyreicsjsmzcj25ecxrsyvmgaddpi3k7sfd2kugnn5audi7fbxgvv7ela,did:plc:5wkuu4yxx4hmdqboinemztt6,mimicnpaste.bsky.social,2026-02-22T19:02:54.012Z,2026-02-22T19:02:55.257Z,"this is game dev, right?"
a22332672e2648368723089988818798,2026-02-22T19:00:00Z,2026-02-22T19:10:21Z,auth,auth_enUS_labelerexp,at://did:plc:4jrld6fwpnwqehtce56qshzv/app.bsky.feed.generator/game-dev,suggested_labelerexp,at://did:plc:pt5ldli7443k3gst67b6doer/app.bsky.feed.post/3mfhta7moi323,bafyreifawrvabpzshmmo3fafp3632mgxcq26uaw64dputswzyxbxey63va,did:plc:pt5ldli7443k3gst67b6doer,prospective-games.itch.io,2026-02-22T19:02:39.520806Z,2026-02-22T19:02:40.358Z,Made an update advert for Balloon to the Moon 2! Experimenting with NFC tags! #indie #gamedev #game #ad #steam #nfc
a22332672e2648368723089988818798,2026-02-22T19:00:00Z,2026-02-22T19:10:21Z,auth,auth_enUS_labelerexp,at://did:plc:4jrld6fwpnwqehtce56qshzv/app.bsky.feed.generator/game-dev,suggested_labelerexp,at://did:plc:vzuumpft2aex3ctnafjkphcz/app.bsky.feed.post/3mfht7p2fy22q,bafyreidqlbbzvwnhnjxn3dvsb4e4zrx3davteqcej77qnlvb4qddmm5mpa,did:plc:vzuumpft2aex3ctnafjkphcz,ddfantasy.dev,2026-02-22T19:02:22.297Z,2026-02-22T19:02:23.351Z,"Once in a while, I remember that people look at the UI. Time to make some adjustments so it matches the rest of the game. 

#indiedev #visualnovel #serenityinsurrender"
a22332672e2648368723089988818798,2026-02-22T19:00:00Z,2026-02-22T19:10:21Z,auth,auth_enUS_labelerexp,at://did:plc:4jrld6fwpnwqehtce56qshzv/app.bsky.feed.generator/game-dev,suggested_labelerexp,at://did:plc:6drc5pgh7vyw43pe64ouhvcu/app.bsky.feed.post/3mfht5sjlqp2h,bafyreiamwcxkrlzux2rmabxhtea2ejweujvjmb4xiltypihmirzm7mkpcy,did:plc:6drc5pgh7vyw43pe64ouhvcu,cghawk.bsky.social,2026-02-22T19:01:18Z,2026-02-22T19:01:19.355Z,"https://www.cgtrader.com/3d-models/textures/architectural-textures/wet-road-8k-pbr-texture-combo

#pbrtextures #8ktextures #smoothrocktexture #rocktexture #stonetextures #environmentart #gamedevassets #gamedevelopment #unrealengine #unity3d #blender3d #substancepainter #substance3d #terraintextures"
a22332672e2648368723089988818798,2026-02-22T19:00:00Z,2026-02-22T19:10:21Z,auth,auth_enUS_labelerexp,at://did:plc:4jrld6fwpnwqehtce56qshzv/app.bsky.feed.generator/game-dev,suggested_labelerexp,at://did:plc:6l66eyhyx3zgskrt6mihjgqj/app.bsky.feed.post/3mfht5hl4mk24,bafyreidpzy75lllp44q5xz37jbuiepn2aq3ls46tlum2vtnd7zv5ovbnri,did:plc:6l66eyhyx3zgskrt6mihjgqj,adaigal.bsky.social,2026-02-22T19:01:07.345Z,2026-02-22T19:01:11.549Z,"WEEKLY SCHEDULE TIME! Week of 2/22

- Sun 2/22 7pm ET: Beat-Em-Up Game Dev, tutorial episode 17/20
- Tues 2/24 7pm ET: Godot Mad Science Lab, working on RNG bits for the potion gacha
- Wed 2/25 7pm ET: Beat-Em-Up Game Dev, tbd based on progress on Sunday

See ya at The Kitbash!
#gamedev #vtuber"
a22332672e2648368723089988818798,2026-02-22T19:00:00Z,2026-02-22T19:10:21Z,auth,auth_enUS_labelerexp,at://did:plc:4jrld6fwpnwqehtce56qshzv/app.bsky.feed.generator/game-dev,suggested_labelerexp,at://did:plc:i7n3yqe6rc3p7bxvnkrp25v4/app.bsky.feed.post/3mfht3n7m3d2l,bafyreibvz3kxk5riisvddu5kwpxpymbgxyo5z756u4ftsrpwmfiw23frua,did:plc:i7n3yqe6rc3p7bxvnkrp25v4,raguthrastudios.bsky.social,2026-02-22T19:00:05.936175Z,2026-02-22T19:00:06.963Z,"Had an absolute blast on Tux2’s stream last week! 
We covered everything from the classic sci-fi vs fantasy debate to exclusive sneak peeks and went on a whole lot of tangents.
The recording is now live! 

https://youtu.be/PQROAMVGJkU?si=aUTewF0Gg5MIY85G 

#gamingstream #indiegame #gamedev"
a22332672e2648368723089988818798,2026-02-22T19:00:00Z,2026-02-22T19:10:21Z,auth,auth_enUS_labelerexp,at://did:plc:4jrld6fwpnwqehtce56qshzv/app.bsky.feed.generator/game-dev,suggested_labelerexp,at://did:plc:lrfemrnxxmprfu5t77suyteu/app.bsky.feed.post/3mfht3krv6h2g,bafyreia2clilkro224ezh7y7plltkhztmpfzzoxkgsapxwyjt56s3jeere,did:plc:lrfemrnxxmprfu5t77suyteu,fullsailuniversity.bsky.social,2026-02-22T19:00:03.415Z,2026-02-22T19:00:04.455Z,"Crayfish Tank created by Full Sail Game Art student Ethan Reyes.

Software Used: Maya, Substance 3D Painter, Photoshop, Sketchfab
www.artstation.com/dwell_i_am"
a22332672e2648368723089988818798,2026-02-22T19:00:00Z,2026-02-22T19:10:21Z,auth,auth_enUS_labelerexp,at://did:plc:4jrld6fwpnwqehtce56qshzv/app.bsky.feed.generator/game-dev,suggested_labelerexp,at://did:plc:m7zqewdohqpeizk5zzrsqkdj/app.bsky.feed.post/3mfht3kemjt2s,bafyreibryyl4bedad2o3ffwvlvipadpanw4baqotti2ilp2n7mfnwgeujm,did:plc:m7zqewdohqpeizk5zzrsqkdj,ahoge-info.bsky.social,2026-02-23T04:00:02+09:00,2026-02-22T19:00:05.752Z,あほげー https://ahoge.info は、「あほさ」を競うゲームイベントです！　クオリティなんか気にすんな！　画面の向こうの人をなんかやって笑かしてやろうぜ！ #ahoge #あほげー #ゲームジャム #gamejam
a22332672e2648368723089988818798,2026-02-22T19:00:00Z,2026-02-22T19:10:21Z,auth,auth_enUS_labelerexp,at://did:plc:4jrld6fwpnwqehtce56qshzv/app.bsky.feed.generator/game-dev,suggested_labelerexp,at://did:plc:e5djnkazrn2fiwxetqatigh4/app.bsky.feed.post/3mfht2qbh5s2s,bafyreihziuswdgiewj5wonrxnsh5nirijvm2yi72lyleqxxlnaq3oyrc3q,did:plc:e5djnkazrn2fiwxetqatigh4,brett.ooo,2026-02-22T18:59:35.803Z,2026-02-22T18:59:36.149Z,"I've been having a hard time working on personal projects recently, and I think getting back into more directly creative endeavors like game dev may help. What do people recommend? I'm open to any software/language but right now I'm between diving into Bevy or Godot"
a22332672e2648368723089988818798,2026-02-22T19:00:00Z,2026-02-22T19:10:21Z,auth,auth_enUS_labelerexp,at://did:plc:4jrld6fwpnwqehtce56qshzv/app.bsky.feed.generator/game-dev,suggested_labelerexp,at://did:plc:5bxdtt7l324eiue2gt5vxk56/app.bsky.feed.post/3mfht2hdv7oz2,bafyreiaub3yfyll3m4iriq2anmxt6ikzouv7hgiqddcwdmwedx4nrrdfgu,did:plc:5bxdtt7l324eiue2gt5vxk56,silverspookgames.mastodon.social.ap.brid.gy,2026-02-22T18:59:19.000Z,2026-02-22T18:59:28.050Z,"'Code switching' before entering the Heart of Darkness means reweaving your genetic quartenary threads. in Neofeud 2, my sci-fi #adventuregame coming soon! NF1:
https://silverspook.itch.io/neofeud
https://store.steampowered.com/app/673850/Neofeud/ #indiedev […] 

[Original post on mastodon.social]"
a22332672e2648368723089988818798,2026-02-22T19:00:00Z,2026-02-22T19:10:21Z,auth,auth_enUS_labelerexp,at://did:plc:4jrld6fwpnwqehtce56qshzv/app.bsky.feed.generator/game-dev,suggested_labelerexp,at://did:plc:cj6nwaq4k7tkahgyqadio2l2/app.bsky.feed.post/3mfhszqtgrk2c,bafyreiacvulreidzrjk7tmc5p2ponwjopkrcwe5xddas7c72obpvf7dcpq,did:plc:cj6nwaq4k7tkahgyqadio2l2,amigabill.bsky.social,2026-02-22T18:59:02.828Z,2026-02-22T18:59:08.761Z,"LIVE From The Blizzard of 060'26! Huge AmiGameJam Reveals, Addams Family 1992 vs 2026 Enhanced, The Latest Amiga News, Games, Demos & More! #commodore #commodoreamiga #retrogaming #retrogamer #AmigaBill LINK: www.twitch.tv/amigabill"
a22332672e2648368723089988818798,2026-02-22T19:00:00Z,2026-02-22T19:10:21Z,auth,auth_enUS_labelerexp,at://did:plc:4jrld6fwpnwqehtce56qshzv/app.bsky.feed.generator/game-dev,suggested_labelerexp,at://did:plc:6lvjmahs6ac6irstakv4nahm/app.bsky.feed.post/3mfhsxfvalk2q,bafyreidcyvn3t52qikabormk5izjlzspxnnqxloecucicbgupelwedabpu,did:plc:6lvjmahs6ac6irstakv4nahm,bentaels.bsky.social,2026-02-22T18:57:44.247Z,2026-02-22T18:57:49.059Z,"If you add a mechanic to your game that is intended to be a limited use, but in playtests you see people trying to use it all the time, congratulations you have made something players love! 

You may want to re-visit how limited it is. Can you balance it to be used more often?

#gamedev #ux"
a22332672e2648368723089988818798,2026-02-22T19:00:00Z,2026-02-22T19:10:21Z,auth,auth_enUS_labelerexp,at://did:plc:4jrld6fwpnwqehtce56qshzv/app.bsky.feed.generator/game-dev,suggested_labelerexp,at://did:plc:5abqmdm5xldmdgvhnchjswtf/app.bsky.feed.post/3mfhsxepeoc24,bafyreiceb26efd44uxed3bwuqxivdajqnhpaciaoj5cjnvr3crugguw7na,did:plc:5abqmdm5xldmdgvhnchjswtf,mudlord.bsky.social,2026-02-22T18:57:43.014Z,2026-02-22T18:57:43.750Z,"Hot take, likewise goes for game developers."
a22332672e2648368723089988818798,2026-02-22T19:00:00Z,2026-02-22T19:10:21Z,auth,auth_enUS_labelerexp,at://did:plc:4jrld6fwpnwqehtce56qshzv/app.bsky.feed.generator/game-dev,suggested_labelerexp,at://did:plc:dzt4daseiayeoh4p4qb7asbr/app.bsky.feed.post/3mfhsxcdprk2t,bafyreif25vjk6lgfcnzi4r7kjucy25joofthverexegxfuc4drqhhitgce,did:plc:dzt4daseiayeoh4p4qb7asbr,jackthefoxotter.bsky.social,2026-02-22T18:57:40.519Z,2026-02-22T18:57:46.459Z,"Sometimes when you want to discuss big things you've got to get big yourself to make sketches and annotations. However, it can lead to menacing pictures being taken of you without you noticing...

#Resonite #GameDev #MMC26"
a22332672e2648368723089988818798,2026-02-22T19:00:00Z,2026-02-22T19:10:21Z,auth,auth_enUS_labelerexp,at://did:plc:4jrld6fwpnwqehtce56qshzv/app.bsky.feed.generator/game-dev,suggested_labelerexp,at://did:plc:m5tbqkvau2p47zug5vpplzyu/app.bsky.feed.post/3mfhswn72hc2h,bafyreiazxbokv2eecv4o3wdjnzonhovk74gsl3c4mjj3y6zf3udra6lkne,did:plc:m5tbqkvau2p47zug5vpplzyu,silverspookgames.bsky.social,2026-02-22T18:57:18.361Z,2026-02-22T18:59:12.459Z,"'Code switching' before entering the Heart of Darkness means reweaving your genetic quartenary threads. in Neofeud 2, my sci-fi #adventuregame coming soon! NF1: store.steampowered.com/app/673850/N... #indiedev #visualnovel #scifiart #art #artist #steam #retrogame #indiegame #scifi #NoAI"
a22332672e2648368723089988818798,2026-02-22T19:00:00Z,2026-02-22T19:10:21Z,auth,auth_enUS_labelerexp,at://did:plc:4jrld6fwpnwqehtce56qshzv/app.bsky.feed.generator/game-dev,suggested_labelerexp,at://did:plc:74ijud66joz67ni5rsinhxct/app.bsky.feed.post/3mfhsvcppgk2t,bafyreid4mexiuohuirz26z7cboyvigszao7ss7l2lidgc57pczp333trna,did:plc:74ijud66joz67ni5rsinhxct,multipaldev.bsky.social,2026-02-22T18:56:33.818Z,2026-02-22T18:56:35.159Z,"*Troubleshooting Blender*
Chris : Well. What version is it? 
York : OH....
Today we realized our Blender is ancient. (And crumbling.)
Found out by all the changes to add-ons/extensions.
#blender #b3d 
#indiedev #gamedev"
a22332672e2648368723089988818798,2026-02-22T19:00:00Z,2026-02-22T19:10:21Z,auth,auth_enUS_labelerexp,at://did:plc:4jrld6fwpnwqehtce56qshzv/app.bsky.feed.generator/game-dev,suggested_labelerexp,at://did:plc:oqzsbgisl7qnygy4vgotrbhc/app.bsky.feed.post/3mfhsv32qks2x,bafyreiazs3v35ysncu2dbbfggmurjtnq4dl3mvho24qdwa6adffncrhswa,did:plc:oqzsbgisl7qnygy4vgotrbhc,lotsofbugs.bsky.social,2026-02-22T18:56:25.790Z,2026-02-22T18:56:29.054Z,"New shell Sunday! Just added 10 new skins to my little buggy game.

Wishlist Lots of Bugs - store.steampowered.com/app/4305260/...

#indiedev #gamedev #beetle #bugs #insects #game #artist #solodev #3d #steam #wishlist"
a22332672e2648368723089988818798,2026-02-22T19:00:00Z,2026-02-22T19:10:21Z,auth,auth_enUS_labelerexp,at://did:plc:4jrld6fwpnwqehtce56qshzv/app.bsky.feed.generator/game-dev,suggested_labelerexp,at://did:plc:5sqgsjkaw7nmhwwtddyp3jxf/app.bsky.feed.post/3mfhsuwqti22u,bafyreid744vejeinrng5wcbh3ipk6yqt75prennthpm6dqwyjbznigbg2y,did:plc:5sqgsjkaw7nmhwwtddyp3jxf,justjosey.bsky.social,2026-02-22T18:56:21.271Z,2026-02-22T18:56:23.454Z,"It be Pokemon Black 2 time! I uhhh barely remember what I was doing last time... I think it was some swarm somewhere... Anyways, the Gen5 LivingDex isn't going to complete itself~!

- www.twitch.tv/jojojosey -"
a22332672e2648368723089988818798,2026-02-22T19:00:00Z,2026-02-22T19:10:21Z,auth,auth_enUS_labelerexp,at://did:plc:4jrld6fwpnwqehtce56qshzv/app.bsky.feed.generator/game-dev,suggested_labelerexp,at://did:plc:a4ocf7j7cewviiyflk6vpnnr/app.bsky.feed.post/3mfhsumoc6s2h,bafyreigjrh5abybf74faa3omgiltlhkaem2xwmizayaiduivbi6tw2fxsi,did:plc:a4ocf7j7cewviiyflk6vpnnr,silverspookguy.bsky.social,2026-02-22T18:56:10.703Z,2026-02-22T18:58:04.458Z,"'Code switching' before entering the Heart of Darkness means reweaving your genetic quartenary threads. in Neofeud 2, my sci-fi #adventuregame coming soon! NF1: store.steampowered.com/app/673850/N... #indiedev #visualnovel #scifiart #art #artist #steam #retrogame #indiegame #scifi #NoAI"
a22332672e2648368723089988818798,2026-02-22T19:00:00Z,2026-02-22T19:10:21Z,auth,auth_enUS_labelerexp,at://did:plc:4jrld6fwpnwqehtce56qshzv/app.bsky.feed.generator/game-dev,suggested_labelerexp,at://did:plc:ayxddeedn3do7evhxiyxsssu/app.bsky.feed.post/3mfhstxaju22j,bafyreiaztesddlrovxyzn24pvmb77i5gmpgincgpopu27jtnt2efninsnq,did:plc:ayxddeedn3do7evhxiyxsssu,alienmax.bsky.social,2026-02-22T18:55:48.232Z,2026-02-22T18:55:50.859Z,"5 minutes later... I've lost count of how many times my little genius has surprised me, I'm only showing a part of it here. I think it can already work with me as game developer partner"
a22332672e2648368723089988818798,2026-02-22T19:00:00Z,2026-02-22T19:10:21Z,auth,auth_enUS_labelerexp,at://did:plc:4jrld6fwpnwqehtce56qshzv/app.bsky.feed.generator/game-dev,suggested_labelerexp,at://did:plc:fhkcocbimijlusmbb7aw6xwq/app.bsky.feed.post/3mfhstxjhyc2u,bafyreibhgmjiyrcu2gdju52xnvpukuto5woy4oleb3o23ziolsfc6hgtcy,did:plc:fhkcocbimijlusmbb7aw6xwq,cyanceebee.bsky.social,2026-02-22T18:55:48.526Z,2026-02-22T18:55:48.459Z,"It's a cute story about girlhood and just wanting to have as many friends and experiences as possible
Very episodic CGDCT stuff with only mild yuri subtext, until it suddenly turns into blatant yuri way later on
Artstyle is absolutely beyond gorgeous even though oversexualized early on"
a22332672e2648368723089988818798,2026-02-22T19:00:00Z,2026-02-22T19:10:21Z,auth,auth_enUS_labelerexp,at://did:plc:4jrld6fwpnwqehtce56qshzv/app.bsky.feed.generator/game-dev,suggested_labelerexp,at://did:plc:n7tizil5h2srtyv4rjhcecxr/app.bsky.feed.post/3mfhstgdkdc2e,bafyreie5w3hrx7t4zdg7bueboejwjy2vvgumn72lwalgihbm4vehy7kpqu,did:plc:n7tizil5h2srtyv4rjhcecxr,baraccobaulo.bsky.social,2026-02-22T18:55:30.505Z,2026-02-22T18:55:33.652Z,"Horror game devlog #1
When I started developing games, my goal was to make a platformer, but the scope was too big, so I decided to make small NSFW games on itch.io

This is a new game I'm working on. It has the combat that I originally wanted, but also some expansion themes like on my small games."
a22332672e2648368723089988818798,2026-02-22T19:00:00Z,2026-02-22T19:10:21Z,auth,auth_enUS_labelerexp,at://did:plc:4jrld6fwpnwqehtce56qshzv/app.bsky.feed.generator/game-dev,suggested_labelerexp,at://did:plc:niwjcxlq4t2f6smd7ywrnx2q/app.bsky.feed.post/3mfhsq3xll22o,bafyreie4jkhylqejeciogcb64onuk5vt2hay3ech6kiowpi7p6s4tpcooy,did:plc:niwjcxlq4t2f6smd7ywrnx2q,hanskarl.bsky.social,2026-02-22T18:53:38.965Z,2026-02-22T18:53:41.958Z,"My music from 'THE HYRDE' - Animated Series:
#musicdev #filmcomposer #mediamusic #soundtrack #suspense #musicsupervisor #indiedev #filmdev #indiefilm #musicmonday #buymusic #spotifyartist #buymusic #bandcampartist #soundcloudartist #musiclicensing #thriller #originalmusic #musiciansky #losangeles"
a22332672e2648368723089988818798,2026-02-22T19:00:00Z,2026-02-22T19:10:21Z,auth,auth_enUS_labelerexp,at://did:plc:4jrld6fwpnwqehtce56qshzv/app.bsky.feed.generator/game-dev,suggested_labelerexp,at://did:plc:3p74esjb7av5inxfrstxovzc/app.bsky.feed.post/3mfhspqbbzs2q,bafyreifmkgfuq6qknqb2uiw5qh65nlxjhm7l2q5vp5eb2ymdsfigg5espa,did:plc:3p74esjb7av5inxfrstxovzc,kovalgames.bsky.social,2026-02-22T18:53:26.700Z,2026-02-22T18:51:16.551Z,"Combat is starting to take shape 🎲⚔️
Today I implemented:
• Basic combat arena
• Player & enemy stats
• Combat dice database
• Dice rolling system
• Connecting each die to its own stats & effects
Tomorrow day job 7–3. Afternoon back to battle.
Slow progress. Real systems😇
#gamedev #solodev #indiedev"
a22332672e2648368723089988818798,2026-02-22T19:00:00Z,2026-02-22T19:10:21Z,auth,auth_enUS_labelerexp,at://did:plc:4jrld6fwpnwqehtce56qshzv/app.bsky.feed.generator/game-dev,suggested_labelerexp,at://did:plc:hnb3okhcfe6xfvuvxmhwgh3b/app.bsky.feed.post/3mfhsojovzs27,bafyreiandxxd7bq67yvumafhkzvbthypnvx6e7pvq5xfgxm6kboti5uwzy,did:plc:hnb3okhcfe6xfvuvxmhwgh3b,frostwood.bsky.social,2026-02-22T18:52:46.250Z,2026-02-22T18:52:47.258Z,"Shutter Story is a horror game where you examine family photos for signs of the paranormal 📸

Try the demo out in the #SteamNextFest tomorrow!"
a22332672e2648368723089988818798,2026-02-22T19:00:00Z,2026-02-22T19:10:21Z,auth,auth_enUS_labelerexp,at://did:plc:4jrld6fwpnwqehtce56qshzv/app.bsky.feed.generator/game-dev,suggested_labelerexp,at://did:plc:hjvqjip7u7flic5jnd4bq7hz/app.bsky.feed.post/3mfhsns4r7s2h,bafyreifqvd3cnyjjxupk6xhwm4g3ydpysaavyn4jgjs6l55saa3trtivni,did:plc:hjvqjip7u7flic5jnd4bq7hz,binbun3d.bsky.social,2026-02-22T18:52:21.536Z,2026-02-22T18:52:23.062Z,"Made a custom curve input field for my Godot VFX Editor. Made it because I need there to be some way to edit the alpha and scale curve on particles.

#godot #godotengine #vfx"
a22332672e2648368723089988818798,2026-02-22T19:00:00Z,2026-02-22T19:10:21Z,auth,auth_enUS_labelerexp,at://did:plc:4jrld6fwpnwqehtce56qshzv/app.bsky.feed.generator/game-dev,suggested_labelerexp,at://did:plc:drieski75kaxepfwo3wze4qy/app.bsky.feed.post/3mfhsnas56c2k,bafyreiajzqga5yl3qkieyrp7r2xacwy7v3k2zrknne3ekzfv6lw7ettj5a,did:plc:drieski75kaxepfwo3wze4qy,playingoldgames.bsky.social,2026-02-22T18:52:03.365Z,2026-02-22T18:52:05.463Z,"Just found the most addictive clicker game ever - Fast Click, where you click as fast as humanly possible to earn points, how fast can you go? 🤑 darkcat.games/game/fast-cl... #clicker #gamedev"
a22332672e2648368723089988818798,2026-02-22T19:00:00Z,2026-02-22T19:10:21Z,auth,auth_enUS_labelerexp,at://did:plc:4jrld6fwpnwqehtce56qshzv/app.bsky.feed.generator/game-dev,suggested_labelerexp,at://did:plc:niwjcxlq4t2f6smd7ywrnx2q/app.bsky.feed.post/3mfhslryr5s2o,bafyreibdlfnn6umonzcl74hx3m2w3dacuhqyi3ncc5z6m2jip7bhmwboem,did:plc:niwjcxlq4t2f6smd7ywrnx2q,hanskarl.bsky.social,2026-02-22T18:51:14.300Z,2026-02-22T18:51:16.654Z,"Star Trek actor Paul Giamatti calls Holly Hunter’s barefoot captain’s chair style ""genius.""
redshirtsalwaysdie.com/star-trek-ho...
#startrek #starfleetacademy #hollyhunter #actress #repost #losangeles #paramountplus #stream #indiedev #tvdev #paulgiamatti #burbank"
a22332672e2648368723089988818798,2026-02-22T19:00:00Z,2026-02-22T19:10:21Z,auth,auth_enUS_labelerexp,at://did:plc:4jrld6fwpnwqehtce56qshzv/app.bsky.feed.generator/game-dev,suggested_labelerexp,at://did:plc:xyt427umqeny5bdqrumlqobb/app.bsky.feed.post/3mfhsjhnqas2f,bafyreigahjwz67b7tqvxozy65cpfkptsq6y74qduxbtcj76pky6znzv3gi,did:plc:xyt427umqeny5bdqrumlqobb,just-a-husk.neocities.org,2026-02-22T18:49:56.330Z,2026-02-22T18:50:05.767Z,"Meet Skarmini, the #fakemon pre-evolution to Skarmory in Six Stars! They're a little rough around the edges, but that's exactly what guarantees these little chicks make it to adulthood. Design by @tommasonardellart.bsky.social, sprite mostly by eumelprinz on instagram! #pokemonfangame #indiedev"
a22332672e2648368723089988818798,2026-02-22T19:00:00Z,2026-02-22T19:10:21Z,auth,auth_enUS_labelerexp,at://did:plc:4jrld6fwpnwqehtce56qshzv/app.bsky.feed.generator/game-dev,suggested_labelerexp,at://did:plc:wupmujjnswwiirn7cfsyvbpk/app.bsky.feed.post/3mfhsi3f47s2m,bafyreiem3z7llslamh5wxz2z74vpbhfwek3vjk4a442xniurjtezaqknlu,did:plc:wupmujjnswwiirn7cfsyvbpk,tntdragon.bsky.social,2026-02-22T18:49:09.923Z,2026-02-22T18:49:31.754Z,"#NextFest is starting tomorrow! And so it's time for my bundles of micro-reviews to maybe give you something to look forward to, or at the very least try. As always the blogsite below has visuals and playtime, but below is a condensed thread of the core stuff

Highlights: Croak, Tiling Forest"
a22332672e2648368723089988818798,2026-02-22T19:00:00Z,2026-02-22T19:10:21Z,auth,auth_enUS_labelerexp,at://did:plc:4jrld6fwpnwqehtce56qshzv/app.bsky.feed.generator/game-dev,suggested_labelerexp,at://did:plc:bg5ufrxpwcysxhoummbxfstc/app.bsky.feed.post/3mfhsffzpwc2z,bafyreiamuipdh62dnxrqjgqasucd75u6vy7hhxyfs6er7hfvvd6s5uwua4,did:plc:bg5ufrxpwcysxhoummbxfstc,wpggamecollective.bsky.social,2026-02-22T18:47:40.418Z,2026-02-22T18:47:43.256Z,"**FLIGHTYFELON GAMES**
A huge thank you to Flightyfelon Games for their support of Winnipeg Game Jam 2026 as a Gold Sponsor, and for sharing their experience with the community as part of our speaker lineup."
a22332672e2648368723089988818798,2026-02-22T19:00:00Z,2026-02-22T19:10:21Z,auth,auth_enUS_labelerexp,at://did:plc:4jrld6fwpnwqehtce56qshzv/app.bsky.feed.generator/game-dev,suggested_labelerexp,at://did:plc:ufanntnjaoihlmetckpkompu/app.bsky.feed.post/3mfhs53lkz22x,bafyreid7euyutts7fvrb4e4zsjnf3ir3svc4qrn7fx24confhzdzngmhca,did:plc:ufanntnjaoihlmetckpkompu,supergamer61499.bsky.social,2026-02-22T18:43:01.037Z,2026-02-22T18:43:01.654Z,"You might be able to make something good. Maybe on a consumer level you might even be okay with it. Well, whatever. Fair enough. But, artistically, I think I might fight back calling it the BEST way to play SOTC. When the PS3 HD Remaster preserves perfectly Ueda's beautiful game design and art style"
a22332672e2648368723089988818798,2026-02-22T19:00:00Z,2026-02-22T19:10:21Z,auth,auth_enUS_labelerexp,at://did:plc:4jrld6fwpnwqehtce56qshzv/app.bsky.feed.generator/game-dev,suggested_labelerexp,at://did:plc:yf7dx7u56zdts33a5g72fnlj/app.bsky.feed.post/3mfhs4amvk22b,bafyreidakqlz43cmqmhhjeuhsrevxsmfub4zf3yzgucq6js33bplgad5ye,did:plc:yf7dx7u56zdts33a5g72fnlj,nobodylikedthat.bsky.social,2026-02-22T18:42:32.768Z,2026-02-22T18:42:33.427Z,They don't know I'm quitting voice acting to do 3D modeling and game development instead
a22332672e2648368723089988818798,2026-02-22T19:00:00Z,2026-02-22T19:10:21Z,auth,auth_enUS_labelerexp,at://did:plc:4jrld6fwpnwqehtce56qshzv/app.bsky.feed.generator/game-dev,suggested_labelerexp,at://did:plc:56zvzefr5tvqhq4dpwehffcm/app.bsky.feed.post/3mfhs3pt3lc2m,bafyreie6h4lltrnj5lhq756kmd5g5q3cnjgf3pyyqowwlzbpv25olvwksa,did:plc:56zvzefr5tvqhq4dpwehffcm,sunbloomarts.bsky.social,2026-02-22T18:42:15.145Z,2026-02-22T18:42:17.649Z,"With GDC around the corner, we are glad to present our incredible cohort member: Courtney Manbeck! 🎊

#GDC2026 #GDCScholarImpact #Sunbloom"
a22332672e2648368723089988818798,2026-02-22T19:00:00Z,2026-02-22T19:10:24Z,auth,auth_enUS_labelerexp,at://did:plc:abv47bjgzjgoh3yrygwoi36x/app.bsky.feed.generator/aaai4f7awwzkc,suggested_labelerexp,at://did:plc:bbi62edlvebcgfvjijszkbjo/app.bsky.feed.post/3mfhrmm2wds2g,bafyreifpt24ahtbhwhp2khj2nsquv5u3pqizygvhmaongo53bg5lf4rd7q,did:plc:bbi62edlvebcgfvjijszkbjo,author-of-stars.bsky.social,2026-02-22T18:33:47.890Z,2026-02-22T18:33:50.954Z,"Check out my website for a new supernatural short story--""Working Late""!

marionnorindale.com/2026/02/22/w...

Remember to subscribe to my blog to be the first to know when I post something new!

#fiction #shortstory #creativewriting #writing #blog"
a22332672e2648368723089988818798,2026-02-22T19:00:00Z,2026-02-22T19:10:24Z,auth,auth_enUS_labelerexp,at://did:plc:abv47bjgzjgoh3yrygwoi36x/app.bsky.feed.generator/aaai4f7awwzkc,suggested_labelerexp,at://did:plc:2xkgfgisx6hufvuwfy6ohqty/app.bsky.feed.post/3mfhrlh5tgc2y,bafyreicqbncyuf2aqtyyj4ynimmkrkbli6orz7uwgnu3jxs4mqx3ipilva,did:plc:2xkgfgisx6hufvuwfy6ohqty,writersflock.bsky.social,2026-02-22T18:33:09.189Z,2026-02-22T18:33:10.051Z,"PSA that Fluxer is currently struggling due to DDoS attacks.

HOWEVER, I'll also be sharing the #WritersFlock forum link and the SFW Discord mini server link on the Discord. As always, feel free to DM me for any of those links (as well as the Fluxer link)!"
a22332672e2648368723089988818798,2026-02-22T19:00:00Z,2026-02-22T19:10:24Z,auth,auth_enUS_labelerexp,at://did:plc:abv47bjgzjgoh3yrygwoi36x/app.bsky.feed.generator/aaai4f7awwzkc,suggested_labelerexp,at://did:plc:seokmbzfjkyrqu25atrpjyc5/app.bsky.feed.post/3mfhrjugxrs2p,bafyreiexix2fjwzfjp5jnvbmabi7vpjhhkryf3v2uux2ddhtld3xdidcyq,did:plc:seokmbzfjkyrqu25atrpjyc5,licentiousmaximus.bsky.social,2026-02-22T18:32:16.012Z,2026-02-22T18:32:17.055Z,How the hell do you describe music in a story without it turning into music theory?  #writing #writingcommunity #reading #music
a22332672e2648368723089988818798,2026-02-22T19:00:00Z,2026-02-22T19:10:24Z,auth,auth_enUS_labelerexp,at://did:plc:abv47bjgzjgoh3yrygwoi36x/app.bsky.feed.generator/aaai4f7awwzkc,suggested_labelerexp,at://did:plc:frav4xfsx4i4zgtv7nzicquh/app.bsky.feed.post/3mfhrhu3nds2s,bafyreifpnjpv2q5ux34zycbvb2pslnxj2isqipqu4zekynzgipq55pwska,did:plc:frav4xfsx4i4zgtv7nzicquh,lpk-author.bsky.social,2026-02-22T18:31:08.532Z,2026-02-22T18:31:08.754Z,"Querying sounds like a nightmare, no thanks.

#writing #WritingCommunity"
a22332672e2648368723089988818798,2026-02-22T19:00:00Z,2026-02-22T19:10:24Z,auth,auth_enUS_labelerexp,at://did:plc:abv47bjgzjgoh3yrygwoi36x/app.bsky.feed.generator/aaai4f7awwzkc,suggested_labelerexp,at://did:plc:qrdvn3fsncpf5nmaodp62k5r/app.bsky.feed.post/3mfhrg5ggbz2u,bafyreificzzfkryopocuempjihjbsjg7eeydjszbtaw6mt2slxjgdplpl4,did:plc:qrdvn3fsncpf5nmaodp62k5r,twssfu.bsky.social,2026-02-22T18:30:11.025Z,2026-02-22T18:30:11.750Z,It's 10:30am START Writing. #TWSsprints #writing #amwriting #writingexercises #writers #writingsprints
a22332672e2648368723089988818798,2026-02-22T19:00:00Z,2026-02-22T19:10:24Z,auth,auth_enUS_labelerexp,at://did:plc:abv47bjgzjgoh3yrygwoi36x/app.bsky.feed.generator/aaai4f7awwzkc,suggested_labelerexp,at://did:plc:qboml6pqgrceeoykk57n52jp/app.bsky.feed.post/3mfhrfxirfi2k,bafyreiaxa2l7p2kptwei33qsdq64buatnqxemc5t3vlxxxwnbvcd4f3lq4,did:plc:qboml6pqgrceeoykk57n52jp,inventingreality.bsky.social,2026-02-22T18:30:04.982642+00:00,2026-02-22T18:30:05.568Z,#writingq #writer #writing #amwriting #writingcommunity inventingrealityediting.com/2...
a22332672e2648368723089988818798,2026-02-22T19:00:00Z,2026-02-22T19:10:24Z,auth,auth_enUS_labelerexp,at://did:plc:abv47bjgzjgoh3yrygwoi36x/app.bsky.feed.generator/aaai4f7awwzkc,suggested_labelerexp,at://did:plc:dqewllpvxashhxhcgmuo7lmi/app.bsky.feed.post/3mfhrdej2y22i,bafyreih4wrgpkpps4odvwccjpk52unwmrpvs3cgc53y7eyg43iqz6cx6ey,did:plc:dqewllpvxashhxhcgmuo7lmi,jbriceodom.bsky.social,2026-02-22T18:28:37.973Z,2026-02-22T18:28:41.056Z,"A great bit of work done in @villagecoffeemacon today!! Working on stories for particular targets means just keep writing...and then editing...and then some more. Hopefully one of them gets accepted!

OH AND NEW COLLECTION COMING SOON!!

#jbriceodom #stories #writing #author #fantasy #scifi"
a22332672e2648368723089988818798,2026-02-22T19:00:00Z,2026-02-22T19:10:24Z,auth,auth_enUS_labelerexp,at://did:plc:abv47bjgzjgoh3yrygwoi36x/app.bsky.feed.generator/aaai4f7awwzkc,suggested_labelerexp,at://did:plc:qrdvn3fsncpf5nmaodp62k5r/app.bsky.feed.post/3mfhrcbnibq2e,bafyreig6j3tcrf6pubt5pqx7dx2wxoq6ait4j6v33odc5ld737aa3mljf4,did:plc:qrdvn3fsncpf5nmaodp62k5r,twssfu.bsky.social,2026-02-22T18:28:01.248Z,2026-02-22T18:28:01.567Z,Looking for a morning #writingsprints group today? The Writer's Studio at Simon Fraser University are starting our sprint sessions in a few minutes at 10:30am PST. They are open to all writers worldwide and we'd love for you to join us! #writing #writers #writerslift #TWSsprints
a22332672e2648368723089988818798,2026-02-22T19:00:00Z,2026-02-22T19:10:24Z,auth,auth_enUS_labelerexp,at://did:plc:abv47bjgzjgoh3yrygwoi36x/app.bsky.feed.generator/aaai4f7awwzkc,suggested_labelerexp,at://did:plc:qrdvn3fsncpf5nmaodp62k5r/app.bsky.feed.post/3mfhrahymgt2r,bafyreiclel2fu34pl25a5hbo2wkrjhr4lhtxztdh2wijhkobuflrhesgii,did:plc:qrdvn3fsncpf5nmaodp62k5r,twssfu.bsky.social,2026-02-22T18:27:00.787Z,2026-02-22T18:27:01.274Z,"You can join in at any time we do 3 x 15 min sprints, so feel free to jump in on any one of them! #TWSsprints #amwriting #writers #WritingCommunity"
a22332672e2648368723089988818798,2026-02-22T19:00:00Z,2026-02-22T19:10:24Z,auth,auth_enUS_labelerexp,at://did:plc:abv47bjgzjgoh3yrygwoi36x/app.bsky.feed.generator/aaai4f7awwzkc,suggested_labelerexp,at://did:plc:aijprwuwrlcmkwyaorwxep7w/app.bsky.feed.post/3mfhr7ufq2k2c,bafyreid42sdjacykmmo2wfhsp5a3v6hxvkd2pc4prfwukd4dd7unx6hqeu,did:plc:aijprwuwrlcmkwyaorwxep7w,nicolelsopergorden.bsky.social,2026-02-22T18:26:40.426Z,2026-02-22T18:26:42.355Z,"Weekend catch-up time!  Here's a pretty important moment in Tennyson and Emmanuel's relationship, to get things started 😉

From Tennyson's arc of The Atlas Brothers Break the Multiverse

#WIPSnips #WritingCommunity #WriteSky #AmWriting"
a22332672e2648368723089988818798,2026-02-22T19:00:00Z,2026-02-22T19:10:24Z,auth,auth_enUS_labelerexp,at://did:plc:abv47bjgzjgoh3yrygwoi36x/app.bsky.feed.generator/aaai4f7awwzkc,suggested_labelerexp,at://did:plc:xlqs7vnr7szkthzajl2tmous/app.bsky.feed.post/3mfhr77kbns2t,bafyreifcr4r6aiurq22iwqigrhmwt2ihglg2nnv3lnomuceweq7u6blil4,did:plc:xlqs7vnr7szkthzajl2tmous,createdbyrcw.bsky.social,2026-02-22T18:26:18.528Z,2026-02-22T18:26:49.053Z,"To describe my #writing & #storytelling as “content” is to ascribe it equal value to my bowel ejecta.

Both are vital to my well-being, but the former demand much more effort & talent.

#selfexpression #creativity #art #craft #NotContent 
@replaystorytelling.com"
a22332672e2648368723089988818798,2026-02-22T19:00:00Z,2026-02-22T19:10:24Z,auth,auth_enUS_labelerexp,at://did:plc:abv47bjgzjgoh3yrygwoi36x/app.bsky.feed.generator/aaai4f7awwzkc,suggested_labelerexp,at://did:plc:qrdvn3fsncpf5nmaodp62k5r/app.bsky.feed.post/3mfhr6omq5f2e,bafyreia2leptjkbuzcg43tuog3uttnh2xffltfg5rcfve5g4awo4w2b5tm,did:plc:qrdvn3fsncpf5nmaodp62k5r,twssfu.bsky.social,2026-02-22T18:26:00.643Z,2026-02-22T18:26:00.956Z,#TWSsprints start at 10:30am (PST) this morning. Open to all #writers on Bluesky! Write along with us in three writing sprints of 15 mins each. #amwriting
a22332672e2648368723089988818798,2026-02-22T19:00:00Z,2026-02-22T19:10:24Z,auth,auth_enUS_labelerexp,at://did:plc:abv47bjgzjgoh3yrygwoi36x/app.bsky.feed.generator/aaai4f7awwzkc,suggested_labelerexp,at://did:plc:svg6uktunzvrvsh6xmnalxp2/app.bsky.feed.post/3mfhr4yvluc2l,bafyreih6w536elwi2tc7aezvfzinrhgwn37zle3auvd6h3djf42c4kffoa,did:plc:svg6uktunzvrvsh6xmnalxp2,iamkaymichelle.bsky.social,2026-02-22T18:25:04.478Z,2026-02-22T18:25:05.053Z,"When I try to get people to read something I’ve written, they’ll often tell me, “Oh, I don’t care about that thing.”

You will if you #read what I fuckin wrote 😑

That I wrote it ought be enough in & of itself to spark curiosity, I’d think, but y’all don’t know me very well yet 🤓✍️

#WriteSky #writer"
a22332672e2648368723089988818798,2026-02-22T19:00:00Z,2026-02-22T19:10:24Z,auth,auth_enUS_labelerexp,at://did:plc:abv47bjgzjgoh3yrygwoi36x/app.bsky.feed.generator/aaai4f7awwzkc,suggested_labelerexp,at://did:plc:qrdvn3fsncpf5nmaodp62k5r/app.bsky.feed.post/3mfhr34auxg2l,bafyreifxhn6osywjk6hltyfopzquqpsfelnw4e3rfny6fa3elw65rzxjty,did:plc:qrdvn3fsncpf5nmaodp62k5r,twssfu.bsky.social,2026-02-22T18:24:00.717Z,2026-02-22T18:24:01.155Z,Here's the timing for the #TWSsprints sessions: 1st sprint - 10:30am-10:45am 5min break 2nd sprint - 10:50am-11:05am 5min break 3rd sprint - 11:10am - 11:25am All #writers are welcome to join @TWSSFU students+alumni on scheduled Sunday mornings! #WritingCommunity #writerslife
a22332672e2648368723089988818798,2026-02-22T19:00:00Z,2026-02-22T19:10:24Z,auth,auth_enUS_labelerexp,at://did:plc:abv47bjgzjgoh3yrygwoi36x/app.bsky.feed.generator/aaai4f7awwzkc,suggested_labelerexp,at://did:plc:qrdvn3fsncpf5nmaodp62k5r/app.bsky.feed.post/3mfhqzcyurl2m,bafyreiffcp3hh3t4l7mbnrut2ryb7s7xqnqvmrjeeww3okzxsrjhcag2om,did:plc:qrdvn3fsncpf5nmaodp62k5r,twssfu.bsky.social,2026-02-22T18:23:00.673Z,2026-02-22T18:23:01.053Z,"Are you ready to flex your writing muscles this morning? With #TWSsprints we write independently for 15 mins, break for 5 mins and repeat 3 times #amwriting Open to all #writers!"
a22332672e2648368723089988818798,2026-02-22T19:00:00Z,2026-02-22T19:10:24Z,auth,auth_enUS_labelerexp,at://did:plc:abv47bjgzjgoh3yrygwoi36x/app.bsky.feed.generator/aaai4f7awwzkc,suggested_labelerexp,at://did:plc:optmnxp3uibxwv2c5ddqkwtv/app.bsky.feed.post/3mfhqxrqmp52v,bafyreih2gbvo576ddgbyuib2etlv6ngndacimvbbjm26yxwjxzewbltl24,did:plc:optmnxp3uibxwv2c5ddqkwtv,bookishspotlight.bsky.social,2026-02-22T18:22:09+00:00,2026-02-22T18:22:09.364Z,"CLIENT TESTIMONIAL
Your book’s first impression matters.
Make it count with high-quality design and expert services from The Book Khaleesi.
📖 Visit us at thebookkhaleesi.com

@eevalancaster
#authorservices #authors #writingcommunity #bookcovers #Editing #formatting"
a22332672e2648368723089988818798,2026-02-22T19:00:00Z,2026-02-22T19:10:24Z,auth,auth_enUS_labelerexp,at://did:plc:abv47bjgzjgoh3yrygwoi36x/app.bsky.feed.generator/aaai4f7awwzkc,suggested_labelerexp,at://did:plc:j23ibhzwszyw2aiksedxbuvi/app.bsky.feed.post/3mfhqxrnsrb2c,bafyreih2gbvo576ddgbyuib2etlv6ngndacimvbbjm26yxwjxzewbltl24,did:plc:j23ibhzwszyw2aiksedxbuvi,eevalancaster.bsky.social,2026-02-22T18:22:09+00:00,2026-02-22T18:22:09.256Z,"CLIENT TESTIMONIAL
Your book’s first impression matters.
Make it count with high-quality design and expert services from The Book Khaleesi.
📖 Visit us at thebookkhaleesi.com

@eevalancaster
#authorservices #authors #writingcommunity #bookcovers #Editing #formatting"
a22332672e2648368723089988818798,2026-02-22T19:00:00Z,2026-02-22T19:10:24Z,auth,auth_enUS_labelerexp,at://did:plc:abv47bjgzjgoh3yrygwoi36x/app.bsky.feed.generator/aaai4f7awwzkc,suggested_labelerexp,at://did:plc:oujjfgfkka74ugpgqp3vjodz/app.bsky.feed.post/3mfhqx6bams2v,bafyreib356acrupyw4a2ia4tsjojebiy2gztysaufkz64x7lcea6moelpi,did:plc:oujjfgfkka74ugpgqp3vjodz,leniquinn.bsky.social,2026-02-22T18:21:48.775Z,2026-02-22T18:21:50.952Z,"New essay!

""I’m a 1987 Mixtape, and the Person Who Made Me Is Your LinkedIn Connection Now""

medium.com/the-haven/im...

#humor #eighties #music #writingcommunity"
a22332672e2648368723089988818798,2026-02-22T19:00:00Z,2026-02-22T19:10:24Z,auth,auth_enUS_labelerexp,at://did:plc:abv47bjgzjgoh3yrygwoi36x/app.bsky.feed.generator/aaai4f7awwzkc,suggested_labelerexp,at://did:plc:2aj2ck3t3igyv3eixoaag5za/app.bsky.feed.post/3mfhqwdomvk2o,bafyreibputw5ttncqmlon7v4bvxajk5k7kit5xzqcatbhikakbfnwwfggm,did:plc:2aj2ck3t3igyv3eixoaag5za,xanwriter.bsky.social,2026-02-22T18:21:20.902Z,2026-02-22T18:21:21.551Z,"Ending today's writing session with the WIP now at 23 500 words! 🎊 I'm enjoying this eerie little horror novel so damn much!

#writingcommunity"
a22332672e2648368723089988818798,2026-02-22T19:00:00Z,2026-02-22T19:10:24Z,auth,auth_enUS_labelerexp,at://did:plc:abv47bjgzjgoh3yrygwoi36x/app.bsky.feed.generator/aaai4f7awwzkc,suggested_labelerexp,at://did:plc:y7nypy4f3nc4fopsg2gc4twy/app.bsky.feed.post/3mfhqsys6sc2h,bafyreiemzy6xhf4uwh3jfatal5u3s32golipf3yebzmiygyjmkgmrbgovu,did:plc:y7nypy4f3nc4fopsg2gc4twy,spike1967.bsky.social,2026-02-22T18:19:28.813Z,2026-02-22T18:19:48.056Z,"The #WIPSnips word for February 22nd is ""metal"" #WriteSky #WritingPrompts #WritingCommunity

From book 1 of my timelne hopping series."
a22332672e2648368723089988818798,2026-02-22T19:00:00Z,2026-02-22T19:10:24Z,auth,auth_enUS_labelerexp,at://did:plc:abv47bjgzjgoh3yrygwoi36x/app.bsky.feed.generator/aaai4f7awwzkc,suggested_labelerexp,at://did:plc:otahbmiwz7wf2dpfihymsgtd/app.bsky.feed.post/3mfhqs7bxns2r,bafyreidbqrsupi7vvds4kcasntd7mtjxl6qkn46r3tjpgzynohvklo2ib4,did:plc:otahbmiwz7wf2dpfihymsgtd,hawkeliath.bsky.social,2026-02-22T18:19:02.076Z,2026-02-22T18:19:02.555Z,I have discovered something delightful I can do and I can't tell anyone until this project is in play lol! Do you know how frustrating this is going to be?!?!?!?! #WritingCommunity
a22332672e2648368723089988818798,2026-02-22T19:00:00Z,2026-02-22T19:10:24Z,auth,auth_enUS_labelerexp,at://did:plc:abv47bjgzjgoh3yrygwoi36x/app.bsky.feed.generator/aaai4f7awwzkc,suggested_labelerexp,at://did:plc:xitq4tc7ffue4g2dgoqjcsdq/app.bsky.feed.post/3mfhqs4np5q2h,bafyreib73gysa2huspihwp4axz7cezzolzhw6imabquzpb2p3hwafv6zly,did:plc:xitq4tc7ffue4g2dgoqjcsdq,pauloneillwriter.bsky.social,2026-02-22T18:18:59.083339Z,2026-02-22T18:18:59.858Z,"This is just a mock up to give you a flavour of what to expect from our Rats anthology, which we're taking submissions for. 

All details can be found https://shorturl.at/u4OwE

#writers #submissioncalls"
a22332672e2648368723089988818798,2026-02-22T19:00:00Z,2026-02-22T19:10:24Z,auth,auth_enUS_labelerexp,at://did:plc:abv47bjgzjgoh3yrygwoi36x/app.bsky.feed.generator/aaai4f7awwzkc,suggested_labelerexp,at://did:plc:xzenkksunkhd7zfnlkkkd47q/app.bsky.feed.post/3mfhqqhtz2k2y,bafyreifeul4zwgyohect42zl3t2hz2w2du73ygiiiddstxgp5am4uxisim,did:plc:xzenkksunkhd7zfnlkkkd47q,chrisc8743.bsky.social,2026-02-22T18:18:03.946Z,2026-02-22T18:18:04.355Z,"I’m no good at marketing myself because I crave being a reclusive swamp hag. 

However, I have a new project and I’m about to dive into the query trenches. 

Please applaud my marketing skills.

#writing #amwriting #writingcommunity"
a22332672e2648368723089988818798,2026-02-22T19:00:00Z,2026-02-22T19:10:24Z,auth,auth_enUS_labelerexp,at://did:plc:abv47bjgzjgoh3yrygwoi36x/app.bsky.feed.generator/aaai4f7awwzkc,suggested_labelerexp,at://did:plc:tq5hbjjqxkw6h5ph7t55jfgw/app.bsky.feed.post/3mfhqqgg5kf27,bafyreig5g3bco2xtuvlflwdgyg4eviwq3zjpgottnyqj5nlxm7svcg36ei,did:plc:tq5hbjjqxkw6h5ph7t55jfgw,jazzcomposer.bsky.social,2026-02-22T18:18:02.191Z,2026-02-22T18:18:02.653Z,"Series Pilot Spec Script Available

Two former US Army special forces soldiers are hired by a large bank to covertly eliminate hackers worldwide in order to protect the world banking system.

DM for copy.

#screenwriting #tvwriting #scriptsky #scriptsky+ #filmsky #moviesky #authorsky #writingprompt"
a22332672e2648368723089988818798,2026-02-22T19:00:00Z,2026-02-22T19:10:24Z,auth,auth_enUS_labelerexp,at://did:plc:abv47bjgzjgoh3yrygwoi36x/app.bsky.feed.generator/aaai4f7awwzkc,suggested_labelerexp,at://did:plc:qboml6pqgrceeoykk57n52jp/app.bsky.feed.post/3mfhqmvdthq2w,bafyreidihrvi5tugpb4s6kf5kkj35jdqix3i2antnbqcx4dxryszlkdudu,did:plc:qboml6pqgrceeoykk57n52jp,inventingreality.bsky.social,2026-02-22T18:16:03.867614+00:00,2026-02-22T18:16:05.370Z,How to Promote Your Book to Create More Sales #amwriting #writingcommunity #indieauthors #writer #inventingreality www.amazon.com/Minutes-Promot...
a22332672e2648368723089988818798,2026-02-22T19:00:00Z,2026-02-22T19:10:24Z,auth,auth_enUS_labelerexp,at://did:plc:abv47bjgzjgoh3yrygwoi36x/app.bsky.feed.generator/aaai4f7awwzkc,suggested_labelerexp,at://did:plc:qrdvn3fsncpf5nmaodp62k5r/app.bsky.feed.post/3mfhqmsngw22h,bafyreicsgjhvhll72ifi46kw23dzrnwhagdb6nucusds5gwiv2miu6ewey,did:plc:qrdvn3fsncpf5nmaodp62k5r,twssfu.bsky.social,2026-02-22T18:16:00.868Z,2026-02-22T18:16:01.159Z,"Join us today at 10:30am (PST) for #TWSsprints. Write for 15mins, break for 5mins x 3 times all online here at Bluesky. Share your word count! Open to writers everywhere. #TWSsprints #writerslift #writinglife #amwriting #writers"
a22332672e2648368723089988818798,2026-02-22T19:00:00Z,2026-02-22T19:10:24Z,auth,auth_enUS_labelerexp,at://did:plc:abv47bjgzjgoh3yrygwoi36x/app.bsky.feed.generator/aaai4f7awwzkc,suggested_labelerexp,at://did:plc:bnksllx7b5felpwn4ibqv44t/app.bsky.feed.post/3mfhqmnnzw22f,bafyreicsfszzqmiibx2ekqcx7kp37laub32bvgpqtnajif3xrbneb2ra7m,did:plc:bnksllx7b5felpwn4ibqv44t,barrymaher.bsky.social,2026-02-22T18:15:55.824Z,2026-02-22T18:15:58.359Z,"Let's have a Sunday #writerslift. I’ll repost and follow back. 
#WritingCommunity, #creatives, drop your #Novels #Poetry #Arts #Music #Blogs #Stories #Youtube #Audiobooks #WIP, etc. 
To order: amzn.to/4lPqn8V"
a22332672e2648368723089988818798,2026-02-22T19:00:00Z,2026-02-22T19:10:24Z,auth,auth_enUS_labelerexp,at://did:plc:abv47bjgzjgoh3yrygwoi36x/app.bsky.feed.generator/aaai4f7awwzkc,suggested_labelerexp,at://did:plc:vxtgk3ogc7wcxu5nrlhf77ja/app.bsky.feed.post/3mfhqlpmcjk22,bafyreiaui4fdd4iyp4k5fbpql53fc7vd6hvrmlpxasppunuxbhuerf5lfq,did:plc:vxtgk3ogc7wcxu5nrlhf77ja,kcgrifant.bsky.social,2026-02-22T18:15:21.294Z,2026-02-22T18:15:26.081Z,"Only $12 for non-members! Register: www.temeculavalleywi.com/tvwi-calenda...

#writing #writingtips #shortstories #SanDiego #Temecula"
a22332672e2648368723089988818798,2026-02-22T19:00:00Z,2026-02-22T19:10:24Z,auth,auth_enUS_labelerexp,at://did:plc:abv47bjgzjgoh3yrygwoi36x/app.bsky.feed.generator/aaai4f7awwzkc,suggested_labelerexp,at://did:plc:qrdvn3fsncpf5nmaodp62k5r/app.bsky.feed.post/3mfhql6jj2q22,bafyreidwkcey6vyk6qx5vvnqtdmg5klc7nzh3jzia2zbjnpt53wapdwxmu,did:plc:qrdvn3fsncpf5nmaodp62k5r,twssfu.bsky.social,2026-02-22T18:15:06.214Z,2026-02-22T18:15:07.150Z,"#TWSsprints are a great exercise to write without editing and can be used for idea generation, unfiltered thoughts, unique phrases etc. to use in your #writing practice. Our supportive Bluesky group #motivates each other to keep writing on Sunday mornings. #amwriting #writers #WritingCommunity"
a22332672e2648368723089988818798,2026-02-22T19:00:00Z,2026-02-22T19:10:24Z,auth,auth_enUS_labelerexp,at://did:plc:abv47bjgzjgoh3yrygwoi36x/app.bsky.feed.generator/aaai4f7awwzkc,suggested_labelerexp,at://did:plc:zcwb4skat6wbanvtuq5q3rja/app.bsky.feed.post/3mfhqkuni6c2a,bafyreifgfefgemwje6ha5psqjotzxlcck6iygiowwfatisvxsmnxyp7ylm,did:plc:zcwb4skat6wbanvtuq5q3rja,amywritesmacabre.bsky.social,2026-02-22T18:14:56.037Z,2026-02-22T18:14:54.954Z,"Brainstorming a new novel idea.. NOT going to abandon Just Beneath the Flesh, but I need a little distance. 

New idea is more of a dark fantasy than horror 🤔

#writingcommunity"
a22332672e2648368723089988818798,2026-02-22T19:00:00Z,2026-02-22T19:10:24Z,auth,auth_enUS_labelerexp,at://did:plc:abv47bjgzjgoh3yrygwoi36x/app.bsky.feed.generator/aaai4f7awwzkc,suggested_labelerexp,at://did:plc:cppd5d5leyfxodpmmjin7czc/app.bsky.feed.post/3mfhqkpfaf22i,bafyreicqrymlcy5lcdnguithfio7ns2hv5hargb2zlofvg7pwmnfypdutq,did:plc:cppd5d5leyfxodpmmjin7czc,crookedpainter.bsky.social,2026-02-22T18:14:50.519Z,2026-02-22T18:14:56.356Z,"#Books in the #Mail 
Complete Idiot's guide to 
Criminal Investigation 

By

Alan Axelrod and Guy Antinozzi

Available where you find it 
#ebay #FBI #DOJ #PamBondi #tefta #Epsteinfiles #booksky #reading #WritingCommunity 
#Crimes #cover-up #corruption #impeach #congress #attorney #Trump"
a22332672e2648368723089988818798,2026-02-22T19:00:00Z,2026-02-22T19:10:24Z,auth,auth_enUS_labelerexp,at://did:plc:abv47bjgzjgoh3yrygwoi36x/app.bsky.feed.generator/aaai4f7awwzkc,suggested_labelerexp,at://did:plc:c3xwblruz3pilsosbxlitexy/app.bsky.feed.post/3mfhqkjcjw225,bafyreihk433k7fnwfnco2u2fimhhpyzuzk5qqheo72txseqyv2rvaqdyoi,did:plc:c3xwblruz3pilsosbxlitexy,silvershalos.bsky.social,2026-02-22T18:14:44.144Z,2026-02-22T18:14:48.456Z,"Hey, so I've got another short story uploaded on substacks! The Moon Calls/The Moon's Calling.
#writing #fantasy #fairytale #horror #fiction 
Features:
👸 and 🧹
Tw: mentions miscarriage 
open.substack.com/pub/seraphin..."
a22332672e2648368723089988818798,2026-02-22T19:00:00Z,2026-02-22T19:10:24Z,auth,auth_enUS_labelerexp,at://did:plc:abv47bjgzjgoh3yrygwoi36x/app.bsky.feed.generator/aaai4f7awwzkc,suggested_labelerexp,at://did:plc:j55khnplmyy7bstpznp4aqjl/app.bsky.feed.post/3mfhqj2cvpc2i,bafyreihvf2gs67mvlakzec5sihyrhrhvr6x5ryl6aabua2bf6kkglbd4ey,did:plc:j55khnplmyy7bstpznp4aqjl,jmadmart.bsky.social,2026-02-22T18:13:54.870Z,2026-02-22T18:13:57.455Z,"overflowing
with softness 

morning
snow

 made
space 

to let
Light in 

#BSPP50 #poem #poetry #WritingCommunity"
a22332672e2648368723089988818798,2026-02-22T19:00:00Z,2026-02-22T19:10:24Z,auth,auth_enUS_labelerexp,at://did:plc:abv47bjgzjgoh3yrygwoi36x/app.bsky.feed.generator/aaai4f7awwzkc,suggested_labelerexp,at://did:plc:ucgnqgp56aykmfzaf4lbhiig/app.bsky.feed.post/3mfhqh5jxgc23,bafyreib7embnkeiqtwxixwf4i2xyupygppz4ixsqg7zmuch3ktbhhfr4fi,did:plc:ucgnqgp56aykmfzaf4lbhiig,loveemmarose.bsky.social,2026-02-22T18:12:51.138Z,2026-02-22T18:12:53.950Z,"Fearing revolution?

I wrote this note and poem for you 💜

Sharing to keep the love ongoing from Valentines Day…

Gift Link: medium.com/the-law-lab/... #Writing #Poetry #ImageAndVerse #Photography #FlowerPhotography #Flower #Pink #Zinnia #Nature #Loving #Words #LoveReading #Calm #Peace"
a22332672e2648368723089988818798,2026-02-22T19:00:00Z,2026-02-22T19:10:24Z,auth,auth_enUS_labelerexp,at://did:plc:abv47bjgzjgoh3yrygwoi36x/app.bsky.feed.generator/aaai4f7awwzkc,suggested_labelerexp,at://did:plc:4pcvnyq3mjdsjqse75keydeo/app.bsky.feed.post/3mfhqfklrfs23,bafyreiegvo6fql7olxcgpgc2bxm7cofqwz5rrrc4ebwso23ibfeiidz65i,did:plc:4pcvnyq3mjdsjqse75keydeo,frankieunpublished.bsky.social,2026-02-22T18:11:57.721Z,2026-02-22T18:11:59.655Z,"Not metal itself but the vibes of working with machinery! From a shelved project 🔧💙 I do miss my Nate Novak and those printing presses. 

#wipsnips #writingprompt #writesky #writingcommunity"
a22332672e2648368723089988818798,2026-02-22T19:00:00Z,2026-02-22T19:10:24Z,auth,auth_enUS_labelerexp,at://did:plc:abv47bjgzjgoh3yrygwoi36x/app.bsky.feed.generator/aaai4f7awwzkc,suggested_labelerexp,at://did:plc:w2wll55f4rkemrhvqlpjea5f/app.bsky.feed.post/3mfhqfe3w222s,bafyreifyb55klyzeo2b4xxu4yaeueq4qn2p36yj6c6ofnsqnqfxyd2tb6i,did:plc:w2wll55f4rkemrhvqlpjea5f,hamonry1029.bsky.social,2026-02-22T18:11:50.837Z,2026-02-22T18:12:04.856Z,"Every soul, every heart, every mind, exists somewhere in the stars, just waiting, patiently,
awaiting the right moment to exist. You, my dear, chose to exist in the
most precious way possible. You struck down fate and chose, simply, that you would be
gloriously...you.

#art #writing"
a22332672e2648368723089988818798,2026-02-22T19:00:00Z,2026-02-22T19:10:24Z,auth,auth_enUS_labelerexp,at://did:plc:abv47bjgzjgoh3yrygwoi36x/app.bsky.feed.generator/aaai4f7awwzkc,suggested_labelerexp,at://did:plc:v4uj7imbvhskkqype6qodzzo/app.bsky.feed.post/3mfhqf6cpbs2h,bafyreialfm4riqtiisijpdvhejgyi7wvdkar5ptjt72kty7xdhaij4ztna,did:plc:v4uj7imbvhskkqype6qodzzo,crewmansix.bsky.social,2026-02-22T18:11:44.843Z,2026-02-22T18:11:47.550Z,"Writing Prompts, 22 Feb '26

Creative writing prompts for the week.

#WritingCommunity #WritingPrompts 
ko-fi.com/i/IE1E31UJXYM"
a22332672e2648368723089988818798,2026-02-22T19:00:00Z,2026-02-22T19:10:25Z,auth,auth_enUS_labelerexp,at://did:plc:cxuzwp5dzmxkrdr55qh25mgb/app.bsky.feed.generator/aaap2eo4gzzes,suggested_labelerexp,at://did:plc:q623subqjmi2dovafhbi5ylh/app.bsky.feed.post/3mfht2kj6oc22,bafyreig6o3o4bzojvdvyfuwaj3jithbpi6mupm27dd2of22si6qffxjmui,did:plc:q623subqjmi2dovafhbi5ylh,nyanyaomo.bsky.social,2026-02-22T18:59:29.747Z,2026-02-22T18:59:34.155Z,achja btw Leute bei Femboyzone gibt's ab Montag abend meine eigene collection x3 Ich hab also jetzt einfach Merch omo (unter anderem der Hoodie)
a22332672e2648368723089988818798,2026-02-22T19:00:00Z,2026-02-22T19:10:25Z,auth,auth_enUS_labelerexp,at://did:plc:cxuzwp5dzmxkrdr55qh25mgb/app.bsky.feed.generator/aaap2eo4gzzes,suggested_labelerexp,at://did:plc:alvdsx7cqq4zte5kayiphkmu/app.bsky.feed.post/3mfhsyslbdc2j,bafyreibwmbrjxqjqlzxg4fcqjqlnqgsxmjjqvw6fdfme6vp2nvy5gcys3i,did:plc:alvdsx7cqq4zte5kayiphkmu,jthom.tech,2026-02-22T18:58:31.114Z,2026-02-22T18:58:31.852Z,Chest day goofin
a22332672e2648368723089988818798,2026-02-22T19:00:00Z,2026-02-22T19:10:25Z,auth,auth_enUS_labelerexp,at://did:plc:cxuzwp5dzmxkrdr55qh25mgb/app.bsky.feed.generator/aaap2eo4gzzes,suggested_labelerexp,at://did:plc:xwlzumoeoeruhlc6heqbhiz4/app.bsky.feed.post/3mfhsvkedkk2d,bafyreiflbjoy42voslsb3u7vmmlmque5w6kbhhmaae6myt3qdkujaatune,did:plc:xwlzumoeoeruhlc6heqbhiz4,blakethebutcher.bsky.social,2026-02-22T18:56:41.834Z,2026-02-22T18:56:41.955Z,"Shut up you big baby biiiiiiiiiiitch!! Goddamn I hate a fucking sore ass loser. My HS team lost substate 5-4 on a rec league field. Final 3 batters went down not swinging. We had a simple grounder go through the shortstop’s legs. Did I bitch and moan? NO, we lost to a team that did better 🤷🏼‍♂️"
a22332672e2648368723089988818798,2026-02-22T19:00:00Z,2026-02-22T19:10:25Z,auth,auth_enUS_labelerexp,at://did:plc:cxuzwp5dzmxkrdr55qh25mgb/app.bsky.feed.generator/aaap2eo4gzzes,suggested_labelerexp,at://did:plc:2rz7suywrb2vdbgvdxlcffjo/app.bsky.feed.post/3mfhsthg4rk2s,bafyreid2al2tl7dgdqyukcrqxgv7qddykeaquvs6e4teen5p5b7fecc22a,did:plc:2rz7suywrb2vdbgvdxlcffjo,will-b-rupert.bsky.social,2026-02-22T18:55:31.637Z,2026-02-22T18:55:32.863Z,I would politely unbuckle my seatbelt... I would follow her... to the pitcock... and I would politely ask... for some peanuts
a22332672e2648368723089988818798,2026-02-22T19:00:00Z,2026-02-22T19:10:25Z,auth,auth_enUS_labelerexp,at://did:plc:cxuzwp5dzmxkrdr55qh25mgb/app.bsky.feed.generator/aaap2eo4gzzes,suggested_labelerexp,at://did:plc:aupto2uw4z72vtzyv4gcj75z/app.bsky.feed.post/3mfhsqbdli22q,bafyreicgezy7je63qgsoudibvdhov24n34i2o26leaxtziesvmr6zk73yq,did:plc:aupto2uw4z72vtzyv4gcj75z,logarita19.bsky.social,2026-02-22T18:53:44.600Z,2026-02-22T18:53:45.149Z,worked out and I feel better what the fuck
a22332672e2648368723089988818798,2026-02-22T19:00:00Z,2026-02-22T19:10:25Z,auth,auth_enUS_labelerexp,at://did:plc:cxuzwp5dzmxkrdr55qh25mgb/app.bsky.feed.generator/aaap2eo4gzzes,suggested_labelerexp,at://did:plc:usn5zjh7yiumpu272gk6k6lb/app.bsky.feed.post/3mfhspum5fc25,bafyreicon4ueep423u5i2jqyxjnhwj5u7bbn654domisi6vixyaw3mdezu,did:plc:usn5zjh7yiumpu272gk6k6lb,suchalando.bsky.social,2026-02-22T18:53:31.241Z,2026-02-22T18:53:46.457Z,"Plenty to go round

😈😈😈"
a22332672e2648368723089988818798,2026-02-22T19:00:00Z,2026-02-22T19:10:25Z,auth,auth_enUS_labelerexp,at://did:plc:cxuzwp5dzmxkrdr55qh25mgb/app.bsky.feed.generator/aaap2eo4gzzes,suggested_labelerexp,at://did:plc:edebxgdqoemlomc5umizlbrr/app.bsky.feed.post/3mfhspp4n6k2l,bafyreicbb5maoyu32oymttl2invfceb2wkv73okvp5tnks52dcno5fu6hq,did:plc:edebxgdqoemlomc5umizlbrr,charlesofaberdeen.bsky.social,2026-02-22T18:53:25.496Z,2026-02-22T18:53:28.761Z,youtube.com/shorts/REjVt...
a22332672e2648368723089988818798,2026-02-22T19:00:00Z,2026-02-22T19:10:25Z,auth,auth_enUS_labelerexp,at://did:plc:cxuzwp5dzmxkrdr55qh25mgb/app.bsky.feed.generator/aaap2eo4gzzes,suggested_labelerexp,at://did:plc:skvzsz7gwszzz3ifttnz2e3s/app.bsky.feed.post/3mfhsovwtzk2s,bafyreiaoskej7h2rgt2y5jdaivqdqbu6h5eo2av45dfdk6f3wzq7hom2uy,did:plc:skvzsz7gwszzz3ifttnz2e3s,daneuntamed.bsky.social,2026-02-22T18:52:59.094Z,2026-02-22T18:52:59.048Z,"welp, that's ruined"
a22332672e2648368723089988818798,2026-02-22T19:00:00Z,2026-02-22T19:10:25Z,auth,auth_enUS_labelerexp,at://did:plc:cxuzwp5dzmxkrdr55qh25mgb/app.bsky.feed.generator/aaap2eo4gzzes,suggested_labelerexp,at://did:plc:br4jr54iojgqsf4hthhik2jz/app.bsky.feed.post/3mfhsoq7rms2w,bafyreide3sjx6q6qpu7iseg2ehmd4ujmy5ipcdqcw3udiqmmv3kyvpd7zy,did:plc:br4jr54iojgqsf4hthhik2jz,jakeismaking.bsky.social,2026-02-22T18:52:53.096Z,2026-02-22T18:52:53.557Z,"“you have a lot of Moments on Scruff waiting” 

… do I?"
a22332672e2648368723089988818798,2026-02-22T19:00:00Z,2026-02-22T19:10:25Z,auth,auth_enUS_labelerexp,at://did:plc:cxuzwp5dzmxkrdr55qh25mgb/app.bsky.feed.generator/aaap2eo4gzzes,suggested_labelerexp,at://did:plc:bfqzv3xauiyuua6esfbhfmto/app.bsky.feed.post/3mfhskor4722n,bafyreiakjsfkz646ohwof455gpj2wohkssqnqhaabsnialpmpkacgtblxm,did:plc:bfqzv3xauiyuua6esfbhfmto,spark.fit,2026-02-22T18:50:37.349Z,2026-02-22T18:50:37.650Z,Vital PSA ❄️🤘🏻
a22332672e2648368723089988818798,2026-02-22T19:00:00Z,2026-02-22T19:10:25Z,auth,auth_enUS_labelerexp,at://did:plc:cxuzwp5dzmxkrdr55qh25mgb/app.bsky.feed.generator/aaap2eo4gzzes,suggested_labelerexp,at://did:plc:anmfi72gkxnl5imybntxy2fo/app.bsky.feed.post/3mfhsjc22as2f,bafyreievbt2qmt4jqmk3fcvf7ozfa6psqfsi2zppedb2b2jbv5wl2mzeti,did:plc:anmfi72gkxnl5imybntxy2fo,iamaheadliner.bsky.social,2026-02-22T18:49:50.456Z,2026-02-22T18:49:50.765Z,looks like I’m going for the second load of the day 🤷🏽‍♀️
a22332672e2648368723089988818798,2026-02-22T19:00:00Z,2026-02-22T19:10:25Z,auth,auth_enUS_labelerexp,at://did:plc:cxuzwp5dzmxkrdr55qh25mgb/app.bsky.feed.generator/aaap2eo4gzzes,suggested_labelerexp,at://did:plc:iccvhpewl74krdkgjywddejb/app.bsky.feed.post/3mfhsifvnqs2m,bafyreiaqehovw2zzf354e6ryrz33eng2q3xxpjugdwrxu5vxox37jqncqe,did:plc:iccvhpewl74krdkgjywddejb,farnaby.xyz,2026-02-22T18:49:20.951Z,2026-02-22T18:49:18.756Z,Hah! Located ulit under my driver's seat which is also odd but much less odd.
a22332672e2648368723089988818798,2026-02-22T19:00:00Z,2026-02-22T19:10:25Z,auth,auth_enUS_labelerexp,at://did:plc:cxuzwp5dzmxkrdr55qh25mgb/app.bsky.feed.generator/aaap2eo4gzzes,suggested_labelerexp,at://did:plc:qdriunexx3nobe5kpltycouy/app.bsky.feed.post/3mfhsfjqesc2h,bafyreibivdnzpvuj4w33hwu5zqltkf6z6gr4idiws2k3tdqjp2pnhaigtu,did:plc:qdriunexx3nobe5kpltycouy,rexs1gma.bsky.social,2026-02-22T18:47:44.309Z,2026-02-22T18:47:44.557Z,Platner was talking about BILLIONAIRES. Ffs.
a22332672e2648368723089988818798,2026-02-22T19:00:00Z,2026-02-22T19:10:25Z,auth,auth_enUS_labelerexp,at://did:plc:cxuzwp5dzmxkrdr55qh25mgb/app.bsky.feed.generator/aaap2eo4gzzes,suggested_labelerexp,at://did:plc:xwlzumoeoeruhlc6heqbhiz4/app.bsky.feed.post/3mfhsa6wfo22r,bafyreiewb6sywrurt4xqd2awntdckddjnwecasc4tdhy4325smscqatany,did:plc:xwlzumoeoeruhlc6heqbhiz4,blakethebutcher.bsky.social,2026-02-22T18:44:45.200Z,2026-02-22T18:44:45.452Z,Me
a22332672e2648368723089988818798,2026-02-22T19:00:00Z,2026-02-22T19:10:25Z,auth,auth_enUS_labelerexp,at://did:plc:cxuzwp5dzmxkrdr55qh25mgb/app.bsky.feed.generator/aaap2eo4gzzes,suggested_labelerexp,at://did:plc:skvzsz7gwszzz3ifttnz2e3s/app.bsky.feed.post/3mfhs7q3ck22p,bafyreidhgfvb2riiuwai2tmjlwgj3xumroo3zynscxr46jqrjew5zgrd34,did:plc:skvzsz7gwszzz3ifttnz2e3s,daneuntamed.bsky.social,2026-02-22T18:44:29.632Z,2026-02-22T18:44:29.954Z,dc skewed by congressional stock trading
a22332672e2648368723089988818798,2026-02-22T19:00:00Z,2026-02-22T19:10:25Z,auth,auth_enUS_labelerexp,at://did:plc:cxuzwp5dzmxkrdr55qh25mgb/app.bsky.feed.generator/aaap2eo4gzzes,suggested_labelerexp,at://did:plc:5cx4pzibzpvjfda4ekgprl3o/app.bsky.feed.post/3mfhs4a5yy22v,bafyreiciqrwpuqobet5zi6ayail7fbqv62z5ry3zvnrurlozuk5idi5ux4,did:plc:5cx4pzibzpvjfda4ekgprl3o,cinemagay.bsky.social,2026-02-22T18:42:32.281Z,2026-02-22T18:42:32.559Z,Can someone remind me how long legs are supposed to be sore for after a leg day workout? 😫
a22332672e2648368723089988818798,2026-02-22T19:00:00Z,2026-02-22T19:10:25Z,auth,auth_enUS_labelerexp,at://did:plc:cxuzwp5dzmxkrdr55qh25mgb/app.bsky.feed.generator/aaap2eo4gzzes,suggested_labelerexp,at://did:plc:mc7l7llulghw4gp3ygt3s3y2/app.bsky.feed.post/3mfhs46wp622i,bafyreifnscnydsqx47nl5iasy535glvfne2tmfdm4hv4hqudxprmrjsote,did:plc:mc7l7llulghw4gp3ygt3s3y2,reallynotmichael.bsky.social,2026-02-22T18:42:30.976Z,2026-02-22T18:42:32.955Z,ive heard this three times today and now costar is @ing me too!!! welll sorrrrrry!
a22332672e2648368723089988818798,2026-02-22T19:00:00Z,2026-02-22T19:10:25Z,auth,auth_enUS_labelerexp,at://did:plc:cxuzwp5dzmxkrdr55qh25mgb/app.bsky.feed.generator/aaap2eo4gzzes,suggested_labelerexp,at://did:plc:xwlzumoeoeruhlc6heqbhiz4/app.bsky.feed.post/3mfhs3uxp5s2r,bafyreibx4bljejcb7q2duaou344lzgmmcqxgwuq65cwuidyvppcarki7uu,did:plc:xwlzumoeoeruhlc6heqbhiz4,blakethebutcher.bsky.social,2026-02-22T18:42:20.536Z,2026-02-22T18:42:21.149Z,Yeah it’s called #HeatedRivalry… @condunn.bsky.social @grantlikesbeer.bsky.social and @pinkponysub.bsky.social love it
a22332672e2648368723089988818798,2026-02-22T19:00:00Z,2026-02-22T19:10:25Z,auth,auth_enUS_labelerexp,at://did:plc:cxuzwp5dzmxkrdr55qh25mgb/app.bsky.feed.generator/aaap2eo4gzzes,suggested_labelerexp,at://did:plc:jlzyrhhnfvfmiy3bntbxdiv7/app.bsky.feed.post/3mfhs374pxs2i,bafyreigbpsvabbyq5fbcufw43cvdhyex4dk5f3k3eytbu2i2alg3aee4ce,did:plc:jlzyrhhnfvfmiy3bntbxdiv7,dominicontheweb.bsky.social,2026-02-22T18:41:57.630Z,2026-02-22T18:42:01.059Z,hey
a22332672e2648368723089988818798,2026-02-22T19:00:00Z,2026-02-22T19:10:25Z,auth,auth_enUS_labelerexp,at://did:plc:cxuzwp5dzmxkrdr55qh25mgb/app.bsky.feed.generator/aaap2eo4gzzes,suggested_labelerexp,at://did:plc:yd4hahjikdzj2sveujx7js7v/app.bsky.feed.post/3mfhryekcx22u,bafyreiedgya4n246x3tyox4dhhmpp3u5saf4gc3k6mupmc5orlsxjxqbhu,did:plc:yd4hahjikdzj2sveujx7js7v,itsjustsemenantics.bsky.social,2026-02-22T18:40:22.659Z,2026-02-22T18:40:26.655Z,"Seeking cuddle buddies for the blizzard. Must like Hart to Hart, Thai food, and, uh, cum 💦

Niche audience, I know"
a22332672e2648368723089988818798,2026-02-22T19:00:00Z,2026-02-22T19:10:25Z,auth,auth_enUS_labelerexp,at://did:plc:cxuzwp5dzmxkrdr55qh25mgb/app.bsky.feed.generator/aaap2eo4gzzes,suggested_labelerexp,at://did:plc:alvdsx7cqq4zte5kayiphkmu/app.bsky.feed.post/3mfhry4vqrk2j,bafyreihsfnxzrqfxor4baxg7p6p5qziuymlysbm2w3ez7ve3kicyalvjdi,did:plc:alvdsx7cqq4zte5kayiphkmu,jthom.tech,2026-02-22T18:40:14.647Z,2026-02-22T18:40:15.050Z,I love popcorn but it does not love me back 😭
a22332672e2648368723089988818798,2026-02-22T19:00:00Z,2026-02-22T19:10:25Z,auth,auth_enUS_labelerexp,at://did:plc:cxuzwp5dzmxkrdr55qh25mgb/app.bsky.feed.generator/aaap2eo4gzzes,suggested_labelerexp,at://did:plc:agswyhivzujgl5qepiwktwxo/app.bsky.feed.post/3mfhrxujbxc2t,bafyreibmnqvzpi37d5nluimln3mjrkg2e65t4ymbfhjm2jw2meekurtppi,did:plc:agswyhivzujgl5qepiwktwxo,waxsonic.bsky.social,2026-02-22T18:40:05.847Z,2026-02-22T18:40:10.666Z,"Resistors…resistors everywhere 💙💙💙
#BlueNeighbors"
a22332672e2648368723089988818798,2026-02-22T19:00:00Z,2026-02-22T19:10:25Z,auth,auth_enUS_labelerexp,at://did:plc:cxuzwp5dzmxkrdr55qh25mgb/app.bsky.feed.generator/aaap2eo4gzzes,suggested_labelerexp,at://did:plc:xwlzumoeoeruhlc6heqbhiz4/app.bsky.feed.post/3mfhrxscegc2r,bafyreibgj5phzru5gyhhqxnsw2mebknjvpgbncobtjag2f5cx4yb4qphla,did:plc:xwlzumoeoeruhlc6heqbhiz4,blakethebutcher.bsky.social,2026-02-22T18:40:03.526Z,2026-02-22T18:40:05.360Z,"Finally feeling better, so gonna go do a leg and core day at the gym in a bit. Gonna work an 8 day stretch to make up the days I took off: good thing I genuinely enjoy my job"
a22332672e2648368723089988818798,2026-02-22T19:00:00Z,2026-02-22T19:10:25Z,auth,auth_enUS_labelerexp,at://did:plc:cxuzwp5dzmxkrdr55qh25mgb/app.bsky.feed.generator/aaap2eo4gzzes,suggested_labelerexp,at://did:plc:tds6tm2gzx5zva6gyfhtdmsp/app.bsky.feed.post/3mfhrwxvbhc2i,bafyreiflrxkebsfaklxzhy2izuy4iwh45jzurpfgehebzefgka5ajrvrli,did:plc:tds6tm2gzx5zva6gyfhtdmsp,jpbrammer.bsky.social,2026-02-22T18:39:35.834Z,2026-02-22T18:39:36.262Z,"El Mencho dying is totally insane. I thought he was already dead, for one. it's like they found Bigfoot"
a22332672e2648368723089988818798,2026-02-22T19:00:00Z,2026-02-22T19:10:25Z,auth,auth_enUS_labelerexp,at://did:plc:cxuzwp5dzmxkrdr55qh25mgb/app.bsky.feed.generator/aaap2eo4gzzes,suggested_labelerexp,at://did:plc:iztxd25pnpnioqdcw4ju2v2h/app.bsky.feed.post/3mfhrwlsqcs2e,bafyreicl4e6aupbfvg3pm25ua3whdwcae5zwx5qq6ncw74ly6r4momijlq,did:plc:iztxd25pnpnioqdcw4ju2v2h,nbtwink.bsky.social,2026-02-22T18:39:23.167Z,2026-02-22T18:39:23.858Z,desperately need my face in between someone's thighs rn 🥵
a22332672e2648368723089988818798,2026-02-22T19:00:00Z,2026-02-22T19:10:25Z,auth,auth_enUS_labelerexp,at://did:plc:cxuzwp5dzmxkrdr55qh25mgb/app.bsky.feed.generator/aaap2eo4gzzes,suggested_labelerexp,at://did:plc:l7jvw2sngsgnfjq4mtks76pn/app.bsky.feed.post/3mfhrvk5rgc25,bafyreicw2kkkqy5y6l7hada7y7lh57wyud3fsldia4gwmpsjd6fgi53ut4,did:plc:l7jvw2sngsgnfjq4mtks76pn,aaronkraemer.bsky.social,2026-02-22T18:38:47.874Z,2026-02-22T18:38:49.463Z,So many doom texts have been received.
a22332672e2648368723089988818798,2026-02-22T19:00:00Z,2026-02-22T19:10:25Z,auth,auth_enUS_labelerexp,at://did:plc:cxuzwp5dzmxkrdr55qh25mgb/app.bsky.feed.generator/aaap2eo4gzzes,suggested_labelerexp,at://did:plc:ewpe6klcb453jovtkflv6sm5/app.bsky.feed.post/3mfhrujdi2c2r,bafyreifx2vyebmeq7ivucdf6ll5fdcvu75krduxikr5gtyscxkuzaegmcq,did:plc:ewpe6klcb453jovtkflv6sm5,ryishere.bsky.social,2026-02-22T18:38:13.461Z,2026-02-22T18:38:13.962Z,I had a real wholesome day at Bristol seed swap. Not I’m gonna be growing a TONNE of heritage seeds on my allotment 😌😌😌
a22332672e2648368723089988818798,2026-02-22T19:00:00Z,2026-02-22T19:10:25Z,auth,auth_enUS_labelerexp,at://did:plc:cxuzwp5dzmxkrdr55qh25mgb/app.bsky.feed.generator/aaap2eo4gzzes,suggested_labelerexp,at://did:plc:uxamkorq26gxxtwipos2hstb/app.bsky.feed.post/3mfhrtdcgqc2h,bafyreias2pf4mn4h5c4e3kcwubhn2biry4rvnfotnytuqh42bcez6bhszu,did:plc:uxamkorq26gxxtwipos2hstb,mattwho.bsky.social,2026-02-22T18:37:33.581Z,2026-02-22T18:37:33.755Z,Why does Bessent always look like a fan is belong directly into his face?
a22332672e2648368723089988818798,2026-02-22T19:00:00Z,2026-02-22T19:10:25Z,auth,auth_enUS_labelerexp,at://did:plc:cxuzwp5dzmxkrdr55qh25mgb/app.bsky.feed.generator/aaap2eo4gzzes,suggested_labelerexp,at://did:plc:3k3gthxoddjpc5ivnrcb3f5r/app.bsky.feed.post/3mfhrs5u2422j,bafyreigxzitbx5sd3vfgysmi2uunxlli7plwyku7bsj2jfsimxahbnpgru,did:plc:3k3gthxoddjpc5ivnrcb3f5r,hell0mranderson.bsky.social,2026-02-22T18:36:54.313Z,2026-02-22T18:36:54.552Z,Do I have any oomfs in Victoria BC??
a22332672e2648368723089988818798,2026-02-22T19:00:00Z,2026-02-22T19:10:25Z,auth,auth_enUS_labelerexp,at://did:plc:cxuzwp5dzmxkrdr55qh25mgb/app.bsky.feed.generator/aaap2eo4gzzes,suggested_labelerexp,at://did:plc:ongfws2xy7diu72kozusvypt/app.bsky.feed.post/3mfhrqmd3e22x,bafyreihw64ged2e2wlce7h75zrknelzvpyr5m37iz6m47xmmhc5azdrqw4,did:plc:ongfws2xy7diu72kozusvypt,kozmickris.com,2026-02-22T18:36:02.376Z,2026-02-22T18:36:05.987Z,"Only thing missing from today's Gold Medal Hockey game was the introduction of a ""Kip"" like persona.  I kept waiting for them to be called down from the stands. 

#HeatedRivalry"
a22332672e2648368723089988818798,2026-02-22T19:00:00Z,2026-02-22T19:10:25Z,auth,auth_enUS_labelerexp,at://did:plc:cxuzwp5dzmxkrdr55qh25mgb/app.bsky.feed.generator/aaap2eo4gzzes,suggested_labelerexp,at://did:plc:petftfv3b3v5npmctdr4iujw/app.bsky.feed.post/3mfhrpnzzlk25,bafyreicguxh6yoo5yws5fzr3o4yvijydp2z2hlb2ldhiavvzuvtilroyj4,did:plc:petftfv3b3v5npmctdr4iujw,matt.icu,2026-02-22T18:35:30.622Z,2026-02-22T18:35:30.957Z,"These mutherfuckers. Patel needs to be shackled and led before the first truth and reconciliation commission this country convenes. Also, these athletes. They have a voice. They could refuse but choose not to. Shameful."
a22332672e2648368723089988818798,2026-02-22T19:00:00Z,2026-02-22T19:10:25Z,auth,auth_enUS_labelerexp,at://did:plc:cxuzwp5dzmxkrdr55qh25mgb/app.bsky.feed.generator/aaap2eo4gzzes,suggested_labelerexp,at://did:plc:3k3gthxoddjpc5ivnrcb3f5r/app.bsky.feed.post/3mfhrp2i6ak2j,bafyreigpjuxcqrdtifu7tmbbvtqr7qcnxa7kkqebecif5mbe42llfxh6ke,did:plc:3k3gthxoddjpc5ivnrcb3f5r,hell0mranderson.bsky.social,2026-02-22T18:35:10.111Z,2026-02-22T18:35:13.751Z,I hope you look up to me
a22332672e2648368723089988818798,2026-02-22T19:00:00Z,2026-02-22T19:10:25Z,auth,auth_enUS_labelerexp,at://did:plc:cxuzwp5dzmxkrdr55qh25mgb/app.bsky.feed.generator/aaap2eo4gzzes,suggested_labelerexp,at://did:plc:twkg5bjpguvaaewyotsv4q67/app.bsky.feed.post/3mfhroxpo7k24,bafyreienlkylhfxiu2jodfp6iqozvjp6ixaajl6q3gg7ceab7irgq42hty,did:plc:twkg5bjpguvaaewyotsv4q67,jinthepnw.bsky.social,2026-02-22T18:35:07.215Z,2026-02-22T18:35:07.551Z,"The worst part about marrying a Morning Person™️ is that sometimes you just wanna stay in bed and cuddle on a weekend morning, but they’re off cooking a casserole, running a half marathon, scrubbing in between the dogs’ toes, cleaning the grout with a toothbrush, and reading an entire book series"
a22332672e2648368723089988818798,2026-02-22T19:00:00Z,2026-02-22T19:10:25Z,auth,auth_enUS_labelerexp,at://did:plc:cxuzwp5dzmxkrdr55qh25mgb/app.bsky.feed.generator/aaap2eo4gzzes,suggested_labelerexp,at://did:plc:anscupxv74yegndooadtb6dr/app.bsky.feed.post/3mfhro6xim22j,bafyreid4apdy45whjaa7g3lkbwr5nawsa7x3vvnfjphuugatb2vmayajsi,did:plc:anscupxv74yegndooadtb6dr,gaybitterskeets.bsky.social,2026-02-22T18:34:41.256Z,2026-02-22T18:34:41.362Z,Every software update is pure aggressive enshittification now. Windows 11 lobotomized our computer with shitty drivers to the point that we can't connect it to the internet to fix any of the problems it created. Windows 10 almost wiped our entire hard drive.
a22332672e2648368723089988818798,2026-02-22T19:00:00Z,2026-02-22T19:10:25Z,auth,auth_enUS_labelerexp,at://did:plc:cxuzwp5dzmxkrdr55qh25mgb/app.bsky.feed.generator/aaap2eo4gzzes,suggested_labelerexp,at://did:plc:wcni4ya5hpxuq7aehkhsw3zu/app.bsky.feed.post/3mfhrm7sxes2z,bafyreiayzajnr46jen4tjb3k44x273qivrm23z4u5bv3l7emfz6cdkrzkq,did:plc:wcni4ya5hpxuq7aehkhsw3zu,themoulin.bsky.social,2026-02-22T18:33:35.048Z,2026-02-22T18:33:36.657Z,Que cover feito pelo Alok é esse em Heated Rivalry
a22332672e2648368723089988818798,2026-02-22T19:00:00Z,2026-02-22T19:10:25Z,auth,auth_enUS_labelerexp,at://did:plc:cxuzwp5dzmxkrdr55qh25mgb/app.bsky.feed.generator/aaap2eo4gzzes,suggested_labelerexp,at://did:plc:bfqzv3xauiyuua6esfbhfmto/app.bsky.feed.post/3mfhrlais222p,bafyreiaskwqkaylanvt6fhkrxsr4mfu7ej72qbsncygsltywkfw7ck3hqa,did:plc:bfqzv3xauiyuua6esfbhfmto,spark.fit,2026-02-22T18:33:02.208Z,2026-02-22T18:33:09.154Z,"New client meet up via video, lovely chat, and now he’s got home workouts built and loaded up, ready to tackle and get started with.

I LOVE THIS PART.

His mode of entry into my program? Just a one-off session. A small investment now -> Massive long-term health payoffs down the line."
a22332672e2648368723089988818798,2026-02-22T19:00:00Z,2026-02-22T19:10:25Z,auth,auth_enUS_labelerexp,at://did:plc:cxuzwp5dzmxkrdr55qh25mgb/app.bsky.feed.generator/aaap2eo4gzzes,suggested_labelerexp,at://did:plc:dntog7p42pajdckbz43eljkr/app.bsky.feed.post/3mfhrha3c522w,bafyreifson7ueuxqm6ezvnwzcldmry7u6v3c55irqp6ejdmhzlflxa6ksm,did:plc:dntog7p42pajdckbz43eljkr,urbanwonkenobi.bsky.social,2026-02-22T18:30:47.540Z,2026-02-22T18:30:55.351Z,
a22332672e2648368723089988818798,2026-02-22T19:00:00Z,2026-02-22T19:10:25Z,auth,auth_enUS_labelerexp,at://did:plc:cxuzwp5dzmxkrdr55qh25mgb/app.bsky.feed.generator/aaap2eo4gzzes,suggested_labelerexp,at://did:plc:pbiv35fqaubo7spjnsz4vter/app.bsky.feed.post/3mfhrequbzd2v,bafyreiexlapqhpt4gspwysfcyl4fltas3hn2cilehp5igddsoy6zt6jmlq,did:plc:pbiv35fqaubo7spjnsz4vter,sam.robotsfightingdinosaurs.com,2026-02-22T18:29:24.482Z,2026-02-22T18:29:24.157Z,you could have just reposted the total woke victory smiley piercings are now mandatory tiktok and not been sinophobic
a22332672e2648368723089988818798,2026-02-22T19:00:00Z,2026-02-22T19:10:25Z,auth,auth_enUS_labelerexp,at://did:plc:cxuzwp5dzmxkrdr55qh25mgb/app.bsky.feed.generator/aaap2eo4gzzes,suggested_labelerexp,at://did:plc:mmoov2zj572b3rgyghszaotg/app.bsky.feed.post/3mfhrbhoqqs2c,bafyreicg7pv35krmwm5jyydhcuwgrhe52uhqrk4cpu6ppbolb74jgg3whi,did:plc:mmoov2zj572b3rgyghszaotg,cjqueer.bsky.social,2026-02-22T18:27:34.199Z,2026-02-22T18:27:34.654Z,sucking dick on the dance floor last night healed me 😇
a22332672e2648368723089988818798,2026-02-22T19:00:00Z,2026-02-22T19:10:25Z,auth,auth_enUS_labelerexp,at://did:plc:cxuzwp5dzmxkrdr55qh25mgb/app.bsky.feed.generator/aaap2eo4gzzes,suggested_labelerexp,at://did:plc:petftfv3b3v5npmctdr4iujw/app.bsky.feed.post/3mfhr4m4lxs25,bafyreihxtkt47fqp2rxg3f5ym5ulgzjt6ictusgozohh5r7yasjf7iztru,did:plc:petftfv3b3v5npmctdr4iujw,matt.icu,2026-02-22T18:24:51.076Z,2026-02-22T18:24:51.455Z,Still waiting on this snow. Been warm and rainy so far…
a22332672e2648368723089988818798,2026-02-22T19:00:00Z,2026-02-22T19:10:25Z,auth,auth_enUS_labelerexp,at://did:plc:cxuzwp5dzmxkrdr55qh25mgb/app.bsky.feed.generator/aaap2eo4gzzes,suggested_labelerexp,at://did:plc:ged3jhhjo223ng3ys2mchtpv/app.bsky.feed.post/3mfhqvsr3sc2m,bafyreihzdnxhhfp5fxkcmrel2gvyuydtcpgawyhjie3ucitwair3xrerta,did:plc:ged3jhhjo223ng3ys2mchtpv,dwbond.bsky.social,2026-02-22T18:21:03.157Z,2026-02-22T18:21:05.653Z,on the 250th anniversary of American independence we will topple the monarchy once and for all
a22332672e2648368723089988818798,2026-02-22T19:00:00Z,2026-02-22T19:10:25Z,auth,auth_enUS_labelerexp,at://did:plc:cxuzwp5dzmxkrdr55qh25mgb/app.bsky.feed.generator/aaap2eo4gzzes,suggested_labelerexp,at://did:plc:ppmfyducpoidelje2mberhtt/app.bsky.feed.post/3mfhqvhw2dc2n,bafyreibxni7sktibzaak7m6qsczlovakyggoe4bt6kpxgbc2ovwvr34qtm,did:plc:ppmfyducpoidelje2mberhtt,nickpdx.bsky.social,2026-02-22T18:20:51.785Z,2026-02-22T18:20:55.559Z,grey sweatpants again 🩶
a22332672e2648368723089988818798,2026-02-22T19:00:00Z,2026-02-22T19:10:25Z,auth,auth_enUS_labelerexp,at://did:plc:cxuzwp5dzmxkrdr55qh25mgb/app.bsky.feed.generator/aaap2eo4gzzes,suggested_labelerexp,at://did:plc:7ssingpiouvbnyjlvtd4ivcn/app.bsky.feed.post/3mfhquozruc2z,bafyreid4vdj5lmqtl6wfcqtyvpmtjqxgbrfrlvhpqqldqliiw5ot6nq77i,did:plc:7ssingpiouvbnyjlvtd4ivcn,localswampgay.bsky.social,2026-02-22T18:20:25.693Z,2026-02-22T18:20:25.960Z,is it an unpopular opinion or do you just want to be mean for a second without accountability
a22332672e2648368723089988818798,2026-02-22T19:00:00Z,2026-02-22T19:10:25Z,auth,auth_enUS_labelerexp,at://did:plc:cxuzwp5dzmxkrdr55qh25mgb/app.bsky.feed.generator/aaap2eo4gzzes,suggested_labelerexp,at://did:plc:ppmfyducpoidelje2mberhtt/app.bsky.feed.post/3mfhqsb77mk2n,bafyreia2gie43yddomkgguuxbvxwskxppuw3oj6bgl4wezafwwnmjath4e,did:plc:ppmfyducpoidelje2mberhtt,nickpdx.bsky.social,2026-02-22T18:19:04.078Z,2026-02-22T18:19:08.749Z,grey sweatpants again 🩶
a22332672e2648368723089988818798,2026-02-22T19:00:00Z,2026-02-22T19:10:25Z,auth,auth_enUS_labelerexp,at://did:plc:cxuzwp5dzmxkrdr55qh25mgb/app.bsky.feed.generator/aaap2eo4gzzes,suggested_labelerexp,at://did:plc:japszvn4raebpn7xfywb35ii/app.bsky.feed.post/3mfhqqhg4ps2i,bafyreibwg25jbksbkktcxeeh2n6krrq2lfyux5b7cjidw3hmvxcy442xxi,did:plc:japszvn4raebpn7xfywb35ii,evinwithani.bsky.social,2026-02-22T18:18:03.487Z,2026-02-22T18:18:06.357Z,"You encounter two guards at the city gate: one poses like this, and the other poses like this"
a22332672e2648368723089988818798,2026-02-22T19:00:00Z,2026-02-22T19:10:25Z,auth,auth_enUS_labelerexp,at://did:plc:cxuzwp5dzmxkrdr55qh25mgb/app.bsky.feed.generator/aaap2eo4gzzes,suggested_labelerexp,at://did:plc:qphgxgvwpttghr6b7mt6kakm/app.bsky.feed.post/3mfhqmvpaf227,bafyreifepcvdky4mfppdlg4i4s5o6piv4stp3f4dxntkgfnll3vfehsxja,did:plc:qphgxgvwpttghr6b7mt6kakm,shmaesh.bsky.social,2026-02-22T18:16:04.253Z,2026-02-22T18:16:33.458Z,"He held up a bra and said 'this has got to be too big for you, right' and then was astonished when I stated, then proved, that it is actually very, very small for me lmao"
a22332672e2648368723089988818798,2026-02-22T19:00:00Z,2026-02-22T19:10:25Z,auth,auth_enUS_labelerexp,at://did:plc:cxuzwp5dzmxkrdr55qh25mgb/app.bsky.feed.generator/aaap2eo4gzzes,suggested_labelerexp,at://did:plc:45ngo4esax3bbdgpl2fjyrpo/app.bsky.feed.post/3mfhqkovfkc2h,bafyreic7vkiejzhgodx6rwnkidyvwrraqb3yf5mlcecuxdm7ln4h5hafmi,did:plc:45ngo4esax3bbdgpl2fjyrpo,gooddan410.bsky.social,2026-02-22T18:14:50.005Z,2026-02-22T18:14:50.451Z,"I love the Olympics very much. This is the kind of sports I would watch on a regular basis. Where can I watch them? I’m interested in: basically all the ski/snowboard trick events (half pipe, aerials, etc) and races, figure skating, speed skating, and luge/skeleton"
a22332672e2648368723089988818798,2026-02-22T19:00:00Z,2026-02-22T19:10:25Z,auth,auth_enUS_labelerexp,at://did:plc:cxuzwp5dzmxkrdr55qh25mgb/app.bsky.feed.generator/aaap2eo4gzzes,suggested_labelerexp,at://did:plc:vvaxu5dkaojgdamc3x77kjh4/app.bsky.feed.post/3mfhqihjgn22g,bafyreiaxifdab27ujrp3inum6lmffs3qnhm6dagsrbwzsfuslszdvzggo4,did:plc:vvaxu5dkaojgdamc3x77kjh4,thatdocphoenix.com,2026-02-22T18:13:35.164Z,2026-02-22T18:13:35.649Z,"If I were, say, a political editor, health journalist or similar, I’d be looking into what @reactiveashley.cat has posted about the Cass Review interviewing a bigoted right-wing crank teacher and then asking one Wesley Streeting about it"
a22332672e2648368723089988818798,2026-02-22T19:00:00Z,2026-02-22T19:10:25Z,auth,auth_enUS_labelerexp,at://did:plc:cxuzwp5dzmxkrdr55qh25mgb/app.bsky.feed.generator/aaap2eo4gzzes,suggested_labelerexp,at://did:plc:tds6tm2gzx5zva6gyfhtdmsp/app.bsky.feed.post/3mfhqgwwew22n,bafyreicyiffx5mfo476qqw7ikeyni3oxfcmvmfjj3lxsajlqzsuyzqviwu,did:plc:tds6tm2gzx5zva6gyfhtdmsp,jpbrammer.bsky.social,2026-02-22T18:12:44.208Z,2026-02-22T18:12:44.756Z,I arrive at the airport hours early become sometimes it’s smooth and other times the gate agent is like “what do you mean you haven’t submitted your bone measurements for approval by His Majesty the King before entering the UK? Download the Jolly Bones App immediately”
a22332672e2648368723089988818798,2026-02-22T19:00:00Z,2026-02-22T19:10:46Z,auth,auth_enUS_labelerexp,at://did:plc:z72i7hdynmk6r22z27h6tvur/app.bsky.feed.generator/hot-classic,suggested_labelerexp,at://did:plc:mxc7liuon6iq5gzapmmwkq22/app.bsky.feed.post/3mfhtmkqdfs24,bafyreichfhwkbn52c5rv6rlo4lovkc4qcnv7f4zo5dqm7tk6jlunj2wcmm,did:plc:mxc7liuon6iq5gzapmmwkq22,youranoncentral.bsky.social,2026-02-22T19:09:33.976Z,2026-02-22T19:09:38.058Z,Everyone involved in the so called Board Of Peace needs to be overthrown. Trump inadvertently filled out the spaces left out of the Epstein files. You just have to pay attention.
a22332672e2648368723089988818798,2026-02-22T19:00:00Z,2026-02-22T19:10:46Z,auth,auth_enUS_labelerexp,at://did:plc:z72i7hdynmk6r22z27h6tvur/app.bsky.feed.generator/hot-classic,suggested_labelerexp,at://did:plc:jztk5mp5w7tcps3oxj2n7coj/app.bsky.feed.post/3mfhtljzwzs2y,bafyreiezzs5sjtxcpv3cauyge5jxmlw5rywk3xvaazdyca4ai7p64lcu3i,did:plc:jztk5mp5w7tcps3oxj2n7coj,kallidorarho.bsky.social,2026-02-22T19:08:59.692Z,2026-02-22T19:09:00.257Z,"The domme-sub-cuck triad is a fascinating dynamic because, in a sense, I don't have any actual authority over the cuck. I'm not one of her dommes per se, she doesn't owe me obedience

It's just that I have the ultimate leverage. And get to live in her mind rent-free like a fearful goddess"
a22332672e2648368723089988818798,2026-02-22T19:00:00Z,2026-02-22T19:10:46Z,auth,auth_enUS_labelerexp,at://did:plc:z72i7hdynmk6r22z27h6tvur/app.bsky.feed.generator/hot-classic,suggested_labelerexp,at://did:plc:gc3qeroimc36of2lvp3xb3tz/app.bsky.feed.post/3mfhtl25gl22v,bafyreieq2kngwcszzbev7zbe6bihbhlrdx3m4fz4zbanljmagtbp5htzxy,did:plc:gc3qeroimc36of2lvp3xb3tz,thernz.bsky.social,2026-02-22T19:08:43.028Z,2026-02-22T19:08:45.650Z,this first row seat comes with a footrest #onlynyans
a22332672e2648368723089988818798,2026-02-22T19:00:00Z,2026-02-22T19:10:46Z,auth,auth_enUS_labelerexp,at://did:plc:z72i7hdynmk6r22z27h6tvur/app.bsky.feed.generator/hot-classic,suggested_labelerexp,at://did:plc:p7dtw5njirvho5557sb2cmqf/app.bsky.feed.post/3mfhtkvwqys2f,bafyreicwppmwsvpm3ibjhtgg4twu6h4om6aogwtqgkbof46io3bnze56su,did:plc:p7dtw5njirvho5557sb2cmqf,beefyboy3991.bsky.social,2026-02-22T19:08:38.615Z,2026-02-22T19:08:39.663Z,"Sound of fucking big ass 🤤🤤

onlyfans.com/theyoungdad
justfor.fans/theyoungdadd"
a22332672e2648368723089988818798,2026-02-22T19:00:00Z,2026-02-22T19:10:46Z,auth,auth_enUS_labelerexp,at://did:plc:z72i7hdynmk6r22z27h6tvur/app.bsky.feed.generator/hot-classic,suggested_labelerexp,at://did:plc:s3yfcz6k7wtyip4i4uy3jy62/app.bsky.feed.post/3mfhtk4qbf22a,bafyreidqgrys7736xh3fvfv3ewlw2u7u2vcxhxzrljphyyaqtxxxvb336a,did:plc:s3yfcz6k7wtyip4i4uy3jy62,scarlet.slut.dog,2026-02-22T19:08:12.182Z,2026-02-22T19:08:18.050Z,There's two wolves inside you and they are taking each other on a date to see a community theater production of Mean Girls
a22332672e2648368723089988818798,2026-02-22T19:00:00Z,2026-02-22T19:10:46Z,auth,auth_enUS_labelerexp,at://did:plc:z72i7hdynmk6r22z27h6tvur/app.bsky.feed.generator/hot-classic,suggested_labelerexp,at://did:plc:hb6bk4a6kdlorgmltd7vzh2h/app.bsky.feed.post/3mfhtjtfpoc22,bafyreidqsfj3dfjk665gktl43hemjb2ck4e6qrspf4q4hqowiwkbm54jny,did:plc:hb6bk4a6kdlorgmltd7vzh2h,zaddymatty.bsky.social,2026-02-22T19:08:02.403Z,2026-02-22T19:08:06.458Z,Come cuddle 🤗
a22332672e2648368723089988818798,2026-02-22T19:00:00Z,2026-02-22T19:10:46Z,auth,auth_enUS_labelerexp,at://did:plc:z72i7hdynmk6r22z27h6tvur/app.bsky.feed.generator/hot-classic,suggested_labelerexp,at://did:plc:q5uh2um4i5d5o6tbvi5iuump/app.bsky.feed.post/3mfhtjoyws22h,bafyreicc27nc7zzb57qcrxlc52joilkxh6sj4mcxpjztgytqnhhkvvgw6e,did:plc:q5uh2um4i5d5o6tbvi5iuump,captainfubar.bsky.social,2026-02-22T19:07:57.792Z,2026-02-22T19:07:58.051Z,"It's not alright actually, this sucks. This really shouldn't have turned into a major political incident"
a22332672e2648368723089988818798,2026-02-22T19:00:00Z,2026-02-22T19:10:46Z,auth,auth_enUS_labelerexp,at://did:plc:z72i7hdynmk6r22z27h6tvur/app.bsky.feed.generator/hot-classic,suggested_labelerexp,at://did:plc:vxesfyvlqqznuejetcyickum/app.bsky.feed.post/3mfhtiqaazk24,bafyreibneldwqe6upal54lqjopuptxr66253ir37e2dtav54ftsd6cm4uq,did:plc:vxesfyvlqqznuejetcyickum,squiddrza.bsky.social,2026-02-22T19:07:25.508Z,2026-02-22T19:07:28.955Z,Holy fuck this lizard
a22332672e2648368723089988818798,2026-02-22T19:00:00Z,2026-02-22T19:10:46Z,auth,auth_enUS_labelerexp,at://did:plc:z72i7hdynmk6r22z27h6tvur/app.bsky.feed.generator/hot-classic,suggested_labelerexp,at://did:plc:cc6zwda7234up6f77zss7e5q/app.bsky.feed.post/3mfhtimrnxk2w,bafyreida3t6rnw4n6mkathqsvde4qvwpcbqjntl76ll7maaabn2vskspka,did:plc:cc6zwda7234up6f77zss7e5q,davi-remastered.bsky.social,2026-02-22T19:07:21.877Z,2026-02-22T19:07:26.658Z,Commission
a22332672e2648368723089988818798,2026-02-22T19:00:00Z,2026-02-22T19:10:46Z,auth,auth_enUS_labelerexp,at://did:plc:z72i7hdynmk6r22z27h6tvur/app.bsky.feed.generator/hot-classic,suggested_labelerexp,at://did:plc:glb3pecr2cioc237lj5brg4q/app.bsky.feed.post/3mfhtieonus2m,bafyreiavvdehstunxy47cs2qewx7xllmvpmm7il4u4uyjwxute4fekcuba,did:plc:glb3pecr2cioc237lj5brg4q,taylortitmouse.bsky.social,2026-02-22T19:07:13.406Z,2026-02-22T19:07:15.353Z,sir gallant tries on some fancy new greaves
a22332672e2648368723089988818798,2026-02-22T19:00:00Z,2026-02-22T19:10:46Z,auth,auth_enUS_labelerexp,at://did:plc:z72i7hdynmk6r22z27h6tvur/app.bsky.feed.generator/hot-classic,suggested_labelerexp,at://did:plc:6zp4cfbvk6cqi7vf6gzb7ayy/app.bsky.feed.post/3mfhtidsqd22c,bafyreictrfdwtwbhyaa2mb77zanh3rjvezddscpeerinyd6ece7ywjevmq,did:plc:6zp4cfbvk6cqi7vf6gzb7ayy,philplait.bsky.social,2026-02-22T19:07:12.501Z,2026-02-22T19:07:12.657Z,"Whenever you see someone supporting ICE, imagine replacing it with the word ""gestapo"" and see how well their defense holds up."
a22332672e2648368723089988818798,2026-02-22T19:00:00Z,2026-02-22T19:10:46Z,auth,auth_enUS_labelerexp,at://did:plc:z72i7hdynmk6r22z27h6tvur/app.bsky.feed.generator/hot-classic,suggested_labelerexp,at://did:plc:rjcqo6bkgdrkneziupjty7xm/app.bsky.feed.post/3mfhti7cbbk2t,bafyreigf2rdkj2bhm4jhpk6qsczihkswbg5tdayjwudvz2nvvebzqegfy4,did:plc:rjcqo6bkgdrkneziupjty7xm,irhottakes.bsky.social,2026-02-22T19:07:07.766Z,2026-02-22T19:07:08.051Z,Heated Rivalry spinoff “Married Competitors On Friendly Terms” harder to pitch to studio executives.
a22332672e2648368723089988818798,2026-02-22T19:00:00Z,2026-02-22T19:10:46Z,auth,auth_enUS_labelerexp,at://did:plc:z72i7hdynmk6r22z27h6tvur/app.bsky.feed.generator/hot-classic,suggested_labelerexp,at://did:plc:ekasioiaka23yxbhqfvw3hbj/app.bsky.feed.post/3mfhti6ocm22d,bafyreiaqb7tb4q53tyresmfqkzmy4pocn3gbytmtqg6zzmsg4wj5uwr4yy,did:plc:ekasioiaka23yxbhqfvw3hbj,gyero.bsky.social,2026-02-22T19:07:07.109Z,2026-02-22T19:07:10.657Z,"No danger from up here...
#gyero.art"
a22332672e2648368723089988818798,2026-02-22T19:00:00Z,2026-02-22T19:10:46Z,auth,auth_enUS_labelerexp,at://did:plc:z72i7hdynmk6r22z27h6tvur/app.bsky.feed.generator/hot-classic,suggested_labelerexp,at://did:plc:mvm4vpe3mn2tgjtvf6b7ynxw/app.bsky.feed.post/3mfhthzivn22q,bafyreiaybbvcn45hexgejkvsq7ceojax56u3dplh7e5frzgr45sfgug5dy,did:plc:mvm4vpe3mn2tgjtvf6b7ynxw,wib.bsky.social,2026-02-22T19:07:01.693Z,2026-02-22T19:07:05.818Z,"I thought the alternate turret position was for the Starfang variant, so learning the new Vyper's turret can just do this (and the WarCom article including this helpful animated gif to illustrate it) is just delightful."
a22332672e2648368723089988818798,2026-02-22T19:00:00Z,2026-02-22T19:10:46Z,auth,auth_enUS_labelerexp,at://did:plc:z72i7hdynmk6r22z27h6tvur/app.bsky.feed.generator/hot-classic,suggested_labelerexp,at://did:plc:e7cx542f66olziex2nubdwrn/app.bsky.feed.post/3mfhthwhpbs24,bafyreid53ot6da6tp5dcwmlp7mwyslvadn3mucajmvr6vqeev7syiqa3di,did:plc:e7cx542f66olziex2nubdwrn,kokomiin.bsky.social,2026-02-22T19:06:58.487Z,2026-02-22T19:07:06.067Z,#nimagery #nimiversary
a22332672e2648368723089988818798,2026-02-22T19:00:00Z,2026-02-22T19:10:46Z,auth,auth_enUS_labelerexp,at://did:plc:z72i7hdynmk6r22z27h6tvur/app.bsky.feed.generator/hot-classic,suggested_labelerexp,at://did:plc:uyh5huzxtthtkg6htsgt56lh/app.bsky.feed.post/3mfhthpqy6s2x,bafyreif4wwikn4qxl2uui3okgzk5vnrjzmiwecarraps332xezfo4j2yhi,did:plc:uyh5huzxtthtkg6htsgt56lh,thegodpodcast.com,2026-02-22T19:06:51.468Z,2026-02-22T19:06:52.952Z,Mike Huckabee is going to Hell when he dies. Tell him it was God said so. I want him to know it was me.
a22332672e2648368723089988818798,2026-02-22T19:00:00Z,2026-02-22T19:10:46Z,auth,auth_enUS_labelerexp,at://did:plc:z72i7hdynmk6r22z27h6tvur/app.bsky.feed.generator/hot-classic,suggested_labelerexp,at://did:plc:l3k4ivyknlg4yv4as4b6anmt/app.bsky.feed.post/3mfhthlg3u22x,bafyreihxp7w5fe3cage6jb22xsclw6lehxg5jccel2tmaddlb4m645ppm4,did:plc:l3k4ivyknlg4yv4as4b6anmt,ecmclaughlin.bsky.social,2026-02-22T19:06:46.919Z,2026-02-22T19:06:47.251Z,"Here is @aoc.bsky.social thankfully telling everyone exactly what to do to stop a concentration camp from being built where you live.

Please take it to heart and take action."
a22332672e2648368723089988818798,2026-02-22T19:00:00Z,2026-02-22T19:10:46Z,auth,auth_enUS_labelerexp,at://did:plc:z72i7hdynmk6r22z27h6tvur/app.bsky.feed.generator/hot-classic,suggested_labelerexp,at://did:plc:3vyl2i7k2fuk7lbnmlxh3vof/app.bsky.feed.post/3mfhthj3dbk2y,bafyreidcmxhlwv5alp5cfvvvd55sqhtmcfqehmds6yfxc2rltfk3x5vlti,did:plc:3vyl2i7k2fuk7lbnmlxh3vof,lauren.rotatingsandwiches.com,2026-02-22T19:06:44.470Z,2026-02-22T19:06:44.750Z,bari weiss now going door to door trying to annoy people
a22332672e2648368723089988818798,2026-02-22T19:00:00Z,2026-02-22T19:10:46Z,auth,auth_enUS_labelerexp,at://did:plc:z72i7hdynmk6r22z27h6tvur/app.bsky.feed.generator/hot-classic,suggested_labelerexp,at://did:plc:sqzh7mluptd5526md6xsnp6u/app.bsky.feed.post/3mfhthgljks2g,bafyreifioc3kvqljtjf6c45u3dzlag2scymgnrxguhyihrnvdilnqio5ba,did:plc:sqzh7mluptd5526md6xsnp6u,willkellogg.bsky.social,2026-02-22T19:06:41.853Z,2026-02-22T19:06:45.150Z,ready to get snowed in
a22332672e2648368723089988818798,2026-02-22T19:00:00Z,2026-02-22T19:10:46Z,auth,auth_enUS_labelerexp,at://did:plc:z72i7hdynmk6r22z27h6tvur/app.bsky.feed.generator/hot-classic,suggested_labelerexp,at://did:plc:wxw27ws4be6vkv7zoenmfyb4/app.bsky.feed.post/3mfhtheljpk26,bafyreicz74s2zrcxvr43z3uom3bejt7wy57xppms3eydddsz5giwgt2iga,did:plc:wxw27ws4be6vkv7zoenmfyb4,pairofclaws.bsky.social,2026-02-22T19:06:39.757Z,2026-02-22T19:06:38.354Z,"""How do you draw a character as visibly a trans woman without relying on harmful stereotypes?""

What, can you not draw a sword? Give her a sword. Next question."
a22332672e2648368723089988818798,2026-02-22T19:00:00Z,2026-02-22T19:10:46Z,auth,auth_enUS_labelerexp,at://did:plc:z72i7hdynmk6r22z27h6tvur/app.bsky.feed.generator/hot-classic,suggested_labelerexp,at://did:plc:twp342evsofbbzebsbp4oytx/app.bsky.feed.post/3mfhthd6ick2v,bafyreib3bydg5lzk5kq4qkzbkcuwqkpg2xg36x2x4tm2wbniedww6juykq,did:plc:twp342evsofbbzebsbp4oytx,velshi.com,2026-02-22T19:06:38.282Z,2026-02-22T19:06:39.056Z,"President Trump's ""war on the rule of law"" and ""disrespect and disdain for the constitution"" are ""frightening,"" says @judgeluttig.bsky.social. But he is confident that ""Americans are going to answer the call from our founders and ancestors to defend the United States of America."" #Velshi"
a22332672e2648368723089988818798,2026-02-22T19:00:00Z,2026-02-22T19:10:46Z,auth,auth_enUS_labelerexp,at://did:plc:z72i7hdynmk6r22z27h6tvur/app.bsky.feed.generator/hot-classic,suggested_labelerexp,at://did:plc:7g2dcem6vi5koljpywntih5v/app.bsky.feed.post/3mfhth4ehqk2m,bafyreibo2h2yprmn4ytioho2gkf5mfqn3qu7dldt5mq2h2za6ncv266ly4,did:plc:7g2dcem6vi5koljpywntih5v,dreaminerryday.bsky.social,2026-02-22T19:06:31.138Z,2026-02-22T19:06:31.449Z,"I like the story of digital circus so far and I want to see how it ends, but what really drew me in to keep watching is how much better the animation kept getting after just ep 2, and then ep 3 is when I really thought “these people know how to animate”"
a22332672e2648368723089988818798,2026-02-22T19:00:00Z,2026-02-22T19:10:46Z,auth,auth_enUS_labelerexp,at://did:plc:z72i7hdynmk6r22z27h6tvur/app.bsky.feed.generator/hot-classic,suggested_labelerexp,at://did:plc:fzy5psbwt7myclvmno7nfrt6/app.bsky.feed.post/3mfhth3ices23,bafyreig5z2a6xzywvilejsxkzx2cevxg6yt5eqdk6nb63bpqgioxk6bzta,did:plc:fzy5psbwt7myclvmno7nfrt6,drewhamm5.bsky.social,2026-02-22T19:06:30.216Z,2026-02-22T19:06:31.653Z,"That ""Bluesky users say sports aren't political"" post is the most ""I was told Steph Curry couldn't shoot-ass"" post in a while. Like, what are you even talking about, dude?!? This is the website for sports fans who know that every sport they like is inherently political!"
a22332672e2648368723089988818798,2026-02-22T19:00:00Z,2026-02-22T19:10:46Z,auth,auth_enUS_labelerexp,at://did:plc:z72i7hdynmk6r22z27h6tvur/app.bsky.feed.generator/hot-classic,suggested_labelerexp,at://did:plc:g2c7i7faf5effgregvklypdg/app.bsky.feed.post/3mfhtg7m3ls22,bafyreiat7tgggueok5icxgr7fcrjdhcq2qz3xpwvqliqhhtwpnlp3ds5qm,did:plc:g2c7i7faf5effgregvklypdg,amandasmith.bsky.social,2026-02-22T19:06:00.980Z,2026-02-22T19:06:01.359Z,The Pope has a secret bsky account confirmed
a22332672e2648368723089988818798,2026-02-22T19:00:00Z,2026-02-22T19:10:46Z,auth,auth_enUS_labelerexp,at://did:plc:z72i7hdynmk6r22z27h6tvur/app.bsky.feed.generator/hot-classic,suggested_labelerexp,at://did:plc:aak5mvjoe75z4bfj4xoiuh5a/app.bsky.feed.post/3mfhtg4777s2t,bafyreidf6wet4ydp6m4gkpqxirxbhctr3zecdrwel5c7bp3e6gbbmn5ysi,did:plc:aak5mvjoe75z4bfj4xoiuh5a,artistsince05.bsky.social,2026-02-22T19:05:57.409Z,2026-02-22T19:06:00.452Z,"Some sketches of Edward.

I've been so caught up to Harumi and Hakusho content that I forgot to shed some light to my very earliest Splatoon OCs.

💖/🔄s are welcomed! ✏️🦑

#ArtistOnBlueSky #AS05 #TraditionalArt #SplatoonOC #HumanArt #OCSky"
a22332672e2648368723089988818798,2026-02-22T19:00:00Z,2026-02-22T19:10:46Z,auth,auth_enUS_labelerexp,at://did:plc:z72i7hdynmk6r22z27h6tvur/app.bsky.feed.generator/hot-classic,suggested_labelerexp,at://did:plc:hbpefio3f5csc44msmbgioxz/app.bsky.feed.post/3mfhtfz6v6s2t,bafyreiankzvdyw63m3evoxsxxhllanxvfk4dtdy3ooi24ho3ietkokehpi,did:plc:hbpefio3f5csc44msmbgioxz,sharonk.bsky.social,2026-02-22T19:05:54.256Z,2026-02-22T19:05:54.556Z,"vote now on whether NORTHCOM, SOUTHCOM, or CENTCOM gets orders first from the White House"
a22332672e2648368723089988818798,2026-02-22T19:00:00Z,2026-02-22T19:10:46Z,auth,auth_enUS_labelerexp,at://did:plc:z72i7hdynmk6r22z27h6tvur/app.bsky.feed.generator/hot-classic,suggested_labelerexp,at://did:plc:rdthvzb3ydrfr7hbg3lqv2qq/app.bsky.feed.post/3mfhtfy4hms2c,bafyreieokowsqhqo7sxfj5h2ihal3v6lwjtx3tzh7wkr6m5iqrc773dhw4,did:plc:rdthvzb3ydrfr7hbg3lqv2qq,pikminpreggedup.bsky.social,2026-02-22T19:05:53.126Z,2026-02-22T19:05:58.759Z,#umamusume
a22332672e2648368723089988818798,2026-02-22T19:00:00Z,2026-02-22T19:10:46Z,auth,auth_enUS_labelerexp,at://did:plc:z72i7hdynmk6r22z27h6tvur/app.bsky.feed.generator/hot-classic,suggested_labelerexp,at://did:plc:h4i4ixe27hcamj2jnaoibuyp/app.bsky.feed.post/3mfhtfvagcs2a,bafyreibnih2jad25rxk6abkywit2axb7hbdivobqvxnfxwrkqw64ppilku,did:plc:h4i4ixe27hcamj2jnaoibuyp,blueboye.com,2026-02-22T19:05:50.103Z,2026-02-22T19:05:53.360Z,Bit of a full Z Suit design for when hes out on the prowl to snag up some cutie high xp leveled dorks~
a22332672e2648368723089988818798,2026-02-22T19:00:00Z,2026-02-22T19:10:46Z,auth,auth_enUS_labelerexp,at://did:plc:z72i7hdynmk6r22z27h6tvur/app.bsky.feed.generator/hot-classic,suggested_labelerexp,at://did:plc:vq5s7pmjzrx4wqbuebz35x33/app.bsky.feed.post/3mfhtfr42xk2t,bafyreicnblmwbyhbzcktzyh3dtbgxdxniiipxc6tjpaukhu4aizbxu245a,did:plc:vq5s7pmjzrx4wqbuebz35x33,mskellymhayes.bsky.social,2026-02-22T19:05:45.775Z,2026-02-22T19:05:46.354Z,"When I talk about more people turning out in spite of repression (or in response to it), people who've read a few articles about nonviolence say, ""That's what happens! Violent efforts to repress nonviolent movements backfire!"" But they often don't. It's special when people respond by showing up."
a22332672e2648368723089988818798,2026-02-22T19:00:00Z,2026-02-22T19:10:46Z,auth,auth_enUS_labelerexp,at://did:plc:z72i7hdynmk6r22z27h6tvur/app.bsky.feed.generator/hot-classic,suggested_labelerexp,at://did:plc:xjmm5p4z25uzdieisuplduwz/app.bsky.feed.post/3mfhtfjavu22m,bafyreidwz3u55huggzbbkhwabynnoexeczrslskhjztxoj2imtxgmtsewq,did:plc:xjmm5p4z25uzdieisuplduwz,keptsimple.bsky.social,2026-02-22T19:05:37.529Z,2026-02-22T19:05:37.554Z,don't really understand what seems to be going on in the minds of a lot of twentysomethings
a22332672e2648368723089988818798,2026-02-22T19:00:00Z,2026-02-22T19:10:46Z,auth,auth_enUS_labelerexp,at://did:plc:z72i7hdynmk6r22z27h6tvur/app.bsky.feed.generator/hot-classic,suggested_labelerexp,at://did:plc:yddfcdhhinii6fj6hyulnzpk/app.bsky.feed.post/3mfhtfemsls2h,bafyreic2i4ryysup4qwkyfm2h5z2almtuudha52xcr2mmap7fbvzjagtje,did:plc:yddfcdhhinii6fj6hyulnzpk,xoxogossipgita.bsky.social,2026-02-22T19:05:32.690Z,2026-02-22T19:05:32.950Z,Lmao
a22332672e2648368723089988818798,2026-02-22T19:00:00Z,2026-02-22T19:10:46Z,auth,auth_enUS_labelerexp,at://did:plc:z72i7hdynmk6r22z27h6tvur/app.bsky.feed.generator/hot-classic,suggested_labelerexp,at://did:plc:bt6j7y42gpuqkc2mbp34vmwc/app.bsky.feed.post/3mfhtf3sckk2n,bafyreicmzsxjhycac5df6rhlxjq6re3cxx3bjiqvuddejqbfxpuyrc2rkm,did:plc:bt6j7y42gpuqkc2mbp34vmwc,daydarion.bsky.social,2026-02-22T19:05:23.432Z,2026-02-22T19:05:29.350Z,Rissa braid rkgk
a22332672e2648368723089988818798,2026-02-22T19:00:00Z,2026-02-22T19:10:46Z,auth,auth_enUS_labelerexp,at://did:plc:z72i7hdynmk6r22z27h6tvur/app.bsky.feed.generator/hot-classic,suggested_labelerexp,at://did:plc:nl4mmsik6tofftc3ehlc4tjf/app.bsky.feed.post/3mfhteunfec2e,bafyreiblxkwmbp2ojslaah246gzay6z45335stzmsxz5jks7f3w77rukza,did:plc:nl4mmsik6tofftc3ehlc4tjf,vilainsyndicaliste.bsky.social,2026-02-22T19:05:15.933Z,2026-02-22T19:05:17.155Z,"Marine Tondelier demande la démission de Raphaël Arnault.

Avec des ""alliées"" comme ça, pas besoin d'ennemis.

Soutien à Raphaël Arnault !

LFI lâchez surtout pas là dessus car le prochaine étape du on craque ça va être la demande de dissolution du mouvement."
a22332672e2648368723089988818798,2026-02-22T19:00:00Z,2026-02-22T19:10:46Z,auth,auth_enUS_labelerexp,at://did:plc:z72i7hdynmk6r22z27h6tvur/app.bsky.feed.generator/hot-classic,suggested_labelerexp,at://did:plc:7a4j47j42ezdr3au7pxdlzjt/app.bsky.feed.post/3mfhterswtc2w,bafyreigmcnmxn62i4c7mbcxhrtf43wivbve44lb57eea36fbu7u4i54zpm,did:plc:7a4j47j42ezdr3au7pxdlzjt,disabilitystor1.bsky.social,2026-02-22T19:05:12.970Z,2026-02-22T19:05:13.254Z,"they tell you as much, on social media.
They envision a world where ""AI"" will do everything human beings do, so they personally will a) become trillionaires, b) have no need to ever deal with other human beings ever again. 
Their misanthropy is everywhere in their philosophy, if you can call it that"
a22332672e2648368723089988818798,2026-02-22T19:00:00Z,2026-02-22T19:10:46Z,auth,auth_enUS_labelerexp,at://did:plc:z72i7hdynmk6r22z27h6tvur/app.bsky.feed.generator/hot-classic,suggested_labelerexp,at://did:plc:eronyhtcn3eycaxa4k2i4xtf/app.bsky.feed.post/3mfhteoz2u22d,bafyreigzkbfnacaflxgzy7munu7gjk5jjyadstjmea7su2joc5jkvy4chq,did:plc:eronyhtcn3eycaxa4k2i4xtf,sixtus.net,2026-02-22T19:05:10.023Z,2026-02-22T19:05:13.450Z,Hat das mal jemand so detailliert für Deutschland ausgerechnet? Die Reagan-Thatcher-Kohl-Ära war schließlich keine reine US-Angelegenheit.
a22332672e2648368723089988818798,2026-02-22T19:00:00Z,2026-02-22T19:10:46Z,auth,auth_enUS_labelerexp,at://did:plc:z72i7hdynmk6r22z27h6tvur/app.bsky.feed.generator/hot-classic,suggested_labelerexp,at://did:plc:r5egvoieudo4pj3sk4gmuoef/app.bsky.feed.post/3mfhteoyefc2b,bafyreiajmnc3k2zpu6epnzvdvfefjuugzximpzp7j7rg24lvappaidn7ty,did:plc:r5egvoieudo4pj3sk4gmuoef,jeremykaplowitz.com,2026-02-22T19:05:10.002Z,2026-02-22T19:05:10.049Z,donald trump is simply not this coherent anymore. it's definitely a troll
a22332672e2648368723089988818798,2026-02-22T19:00:00Z,2026-02-22T19:10:46Z,auth,auth_enUS_labelerexp,at://did:plc:z72i7hdynmk6r22z27h6tvur/app.bsky.feed.generator/hot-classic,suggested_labelerexp,at://did:plc:oke2hwfme37jtbyvtg3upcst/app.bsky.feed.post/3mfhten5uvn2o,bafyreidbhqnad35mtyxxlmgihky3lsodgw4ylsur2rjfntgitybpumdrzi,did:plc:oke2hwfme37jtbyvtg3upcst,horsedisc.bsky.social,2026-02-22T19:05:07.81191600Z,2026-02-22T19:05:08.357Z,"As a Canadian, seeing William Shatner aggressively pushing for lurking scares me."
a22332672e2648368723089988818798,2026-02-22T19:00:00Z,2026-02-22T19:10:46Z,auth,auth_enUS_labelerexp,at://did:plc:z72i7hdynmk6r22z27h6tvur/app.bsky.feed.generator/hot-classic,suggested_labelerexp,at://did:plc:k22x353ltbeuxlevx2pc6cey/app.bsky.feed.post/3mfhtemubok2e,bafyreifwxy6i7ymiwbehoczcfr5rd233cstw5qfb42rq76hsduosodbbgi,did:plc:k22x353ltbeuxlevx2pc6cey,animron.bsky.social,2026-02-22T19:05:07.770Z,2026-02-22T19:05:11.355Z,"art by Tom of Finland
#gay"
a22332672e2648368723089988818798,2026-02-22T19:00:00Z,2026-02-22T19:10:46Z,auth,auth_enUS_labelerexp,at://did:plc:z72i7hdynmk6r22z27h6tvur/app.bsky.feed.generator/hot-classic,suggested_labelerexp,at://did:plc:p65xzz7vz6hmvhxb2z5teo5y/app.bsky.feed.post/3mfhtekszs22n,bafyreid4qvgreu7x7ihorwm247ebm4n4p654oop6rdsh5znfvbixmir7ru,did:plc:p65xzz7vz6hmvhxb2z5teo5y,kawaiiomo.bsky.social,2026-02-22T19:05:05.621Z,2026-02-22T19:05:09.660Z,#abdl #abdlart
a22332672e2648368723089988818798,2026-02-22T19:00:00Z,2026-02-22T19:10:46Z,auth,auth_enUS_labelerexp,at://did:plc:z72i7hdynmk6r22z27h6tvur/app.bsky.feed.generator/hot-classic,suggested_labelerexp,at://did:plc:aavcuyt4af46qwdjl6paparq/app.bsky.feed.post/3mfhtedor422h,bafyreia33rv7x5mggcikx3stshupjxtc2blbkihxphh5vznk4y3lygsile,did:plc:aavcuyt4af46qwdjl6paparq,purelygayporn.bsky.social,2026-02-22T19:04:58.152Z,2026-02-22T19:04:58.359Z,"#nakedsunday 

Your ♻️ and ❤️ are appreciated 🙏

Join me at theb.co/@purelygayporn"
a22332672e2648368723089988818798,2026-02-22T19:00:00Z,2026-02-22T19:10:46Z,auth,auth_enUS_labelerexp,at://did:plc:z72i7hdynmk6r22z27h6tvur/app.bsky.feed.generator/hot-classic,suggested_labelerexp,at://did:plc:nlqfb7ohfnfozaek3lpj4tkw/app.bsky.feed.post/3mfhtdygjr226,bafyreigr2gfsbnsjqtvfltyycydxchlnwyacdozbhwtxl4sqxghowriyka,did:plc:nlqfb7ohfnfozaek3lpj4tkw,alejandroaleale.bsky.social,2026-02-22T19:04:46.349Z,2026-02-22T19:04:47.156Z,"Im so close, im gonna cum rn 💦💦💦💦"
a22332672e2648368723089988818798,2026-02-22T19:00:00Z,2026-02-22T19:10:46Z,auth,auth_enUS_labelerexp,at://did:plc:z72i7hdynmk6r22z27h6tvur/app.bsky.feed.generator/hot-classic,suggested_labelerexp,at://did:plc:uvt6mt2s672ec6pcd7bxg6ai/app.bsky.feed.post/3mfhtdxlbos23,bafyreib6e5b5iijfumh73klxm3jszqlfgy2e7kntzsoowxdbix2jhab3gq,did:plc:uvt6mt2s672ec6pcd7bxg6ai,docxalt.bsky.social,2026-02-22T19:04:45.452Z,2026-02-22T19:04:49.049Z,Sunday scaries
a22332672e2648368723089988818798,2026-02-22T19:00:00Z,2026-02-22T19:10:46Z,auth,auth_enUS_labelerexp,at://did:plc:z72i7hdynmk6r22z27h6tvur/app.bsky.feed.generator/hot-classic,suggested_labelerexp,at://did:plc:rdkjnkubljgnnupsscwb5kj6/app.bsky.feed.post/3mfhtdqm7yk2q,bafyreigtlwt6wbz4blr5lry52osutskj5sbvakyojphgae5vy26ygvdrgu,did:plc:rdkjnkubljgnnupsscwb5kj6,joannapocock.bsky.social,2026-02-22T19:04:38.138Z,2026-02-22T19:04:44.455Z,"I’m trying to work out the story here of those windows. 

#leyton #london #bricks #windows #whatsthestory #urbanwalks"
a22332672e2648368723089988818798,2026-02-22T19:00:00Z,2026-02-22T19:10:46Z,auth,auth_enUS_labelerexp,at://did:plc:z72i7hdynmk6r22z27h6tvur/app.bsky.feed.generator/hot-classic,suggested_labelerexp,at://did:plc:p66wo7hvlxieex3dv7sdzi62/app.bsky.feed.post/3mfhtdip5ec2z,bafyreibo6qizjz4t64jbxm5b7po2z4apkayvf65chgpxczqownsgp5ziau,did:plc:p66wo7hvlxieex3dv7sdzi62,preisteichon.bsky.social,2026-02-22T19:04:29.836Z,2026-02-22T19:04:37.355Z,Um cento de coxinhas para dois urses ansioses
a22332672e2648368723089988818798,2026-02-22T19:00:00Z,2026-02-22T19:10:46Z,auth,auth_enUS_labelerexp,at://did:plc:z72i7hdynmk6r22z27h6tvur/app.bsky.feed.generator/hot-classic,suggested_labelerexp,at://did:plc:lpbrtmsvjk6dedp6rbfzwoya/app.bsky.feed.post/3mfhtdbkwms2l,bafyreicfpjm4hlvvuqs4v3lvldj6qqt66g2s3nj2fliurai4lu5jj4dmh4,did:plc:lpbrtmsvjk6dedp6rbfzwoya,bloomfilters.plus,2026-02-22T19:04:22.376Z,2026-02-22T19:04:22.657Z,"there should be multiple places on this planet where people go bonkers over the sheer quality and quantity of its contemporary art, writing, film, etc production the way people talk about east asia and transit infrastructure, china and its manufacturing capacity, the us and its financial power, etc"
a22332672e2648368723089988818798,2026-02-22T19:00:00Z,2026-02-22T19:10:46Z,auth,auth_enUS_labelerexp,at://did:plc:z72i7hdynmk6r22z27h6tvur/app.bsky.feed.generator/hot-classic,suggested_labelerexp,at://did:plc:y354byzmbnusaeqqmwuftztd/app.bsky.feed.post/3mfhtda56r227,bafyreid6x5qpeuv4jzwgvduxs45qdn4h7i5xiw6gpef7n5oohiaymg2gyu,did:plc:y354byzmbnusaeqqmwuftztd,punchystream.bsky.social,2026-02-22T19:04:20.875Z,2026-02-22T19:04:24.153Z,"never occurred to me that the Rayman 30th Collection has achievements and therefore the achievement list just entails beating every single goddamn port of Rayman 1 ever made

(the jaguar version inexplicably is not tracked??)"
