run_id,snapshot_hour_utc,captured_at_utc,viewer_mode,vantage_id,post_uri,like_count,repost_count,reply_count,quote_count
bcd54dd6cf5c4896af4da79eae8e4c6e,2026-02-28T06:00:00Z,2026-02-28T06:17:59Z,auth,auth_enUS_labelerexp,at://did:plc:3sn6bogankaicebzdb7liro3/app.bsky.feed.post/3k3icg5ynmh2r,6447,671,231,53
bcd54dd6cf5c4896af4da79eae8e4c6e,2026-02-28T06:00:00Z,2026-02-28T06:17:59Z,auth,auth_enUS_labelerexp,at://did:plc:fzuli5yfv3krwrlvzeeijld7/app.bsky.feed.post/3mfvkuyeb2a2z,0,0,0,0
bcd54dd6cf5c4896af4da79eae8e4c6e,2026-02-28T06:00:00Z,2026-02-28T06:17:59Z,auth,auth_enUS_labelerexp,at://did:plc:42han5exrxyrgdsbwosrp7sy/app.bsky.feed.post/3mfvkexevyv27,0,0,0,0
bcd54dd6cf5c4896af4da79eae8e4c6e,2026-02-28T06:00:00Z,2026-02-28T06:17:59Z,auth,auth_enUS_labelerexp,at://did:plc:jwydi3wln3bu36zqxuzarhfy/app.bsky.feed.post/3mfvkcy6ugh2l,0,0,0,0
bcd54dd6cf5c4896af4da79eae8e4c6e,2026-02-28T06:00:00Z,2026-02-28T06:17:59Z,auth,auth_enUS_labelerexp,at://did:plc:vrrbizomeywuxwklz2id76u6/app.bsky.feed.post/3mfvkamvti22z,0,0,0,0
bcd54dd6cf5c4896af4da79eae8e4c6e,2026-02-28T06:00:00Z,2026-02-28T06:17:59Z,auth,auth_enUS_labelerexp,at://did:plc:ujsn4mnrhkox23dsdyo5icfw/app.bsky.feed.post/3mfvk6rgfd223,0,0,2,0
bcd54dd6cf5c4896af4da79eae8e4c6e,2026-02-28T06:00:00Z,2026-02-28T06:17:59Z,auth,auth_enUS_labelerexp,at://did:plc:22v3jm5khb3wbx7dxewibs6m/app.bsky.feed.post/3mfvjzhpz3z2a,0,0,0,0
bcd54dd6cf5c4896af4da79eae8e4c6e,2026-02-28T06:00:00Z,2026-02-28T06:17:59Z,auth,auth_enUS_labelerexp,at://did:plc:sb24dwz2f2z7ef3xsu32shyw/app.bsky.feed.post/3mfvjqv6oy22w,3,1,0,0
bcd54dd6cf5c4896af4da79eae8e4c6e,2026-02-28T06:00:00Z,2026-02-28T06:17:59Z,auth,auth_enUS_labelerexp,at://did:plc:pjlfw5ebq3hqxpbrqm4xfhrp/app.bsky.feed.post/3mfvjow74wk24,1,0,0,0
bcd54dd6cf5c4896af4da79eae8e4c6e,2026-02-28T06:00:00Z,2026-02-28T06:17:59Z,auth,auth_enUS_labelerexp,at://did:plc:f4s3r3smrfa4uwmazqqjj7wp/app.bsky.feed.post/3mfvjmujd4k2s,1,0,0,0
bcd54dd6cf5c4896af4da79eae8e4c6e,2026-02-28T06:00:00Z,2026-02-28T06:17:59Z,auth,auth_enUS_labelerexp,at://did:plc:qzz33oljgvgvkw7cgdwmdxd4/app.bsky.feed.post/3mfvjievesk23,0,0,0,0
bcd54dd6cf5c4896af4da79eae8e4c6e,2026-02-28T06:00:00Z,2026-02-28T06:17:59Z,auth,auth_enUS_labelerexp,at://did:plc:qhi45lpgidqyy5mrdtroq3hk/app.bsky.feed.post/3mfviwtnhxbf2,0,1,0,0
bcd54dd6cf5c4896af4da79eae8e4c6e,2026-02-28T06:00:00Z,2026-02-28T06:17:59Z,auth,auth_enUS_labelerexp,at://did:plc:w55xul4p7n56jp6q7fyek5ln/app.bsky.feed.post/3mfvifz3tn22h,1,0,0,0
bcd54dd6cf5c4896af4da79eae8e4c6e,2026-02-28T06:00:00Z,2026-02-28T06:17:59Z,auth,auth_enUS_labelerexp,at://did:plc:rnju6j4x2k36zq7nenolvdgz/app.bsky.feed.post/3mfvie2asvs2a,3,0,1,0
bcd54dd6cf5c4896af4da79eae8e4c6e,2026-02-28T06:00:00Z,2026-02-28T06:17:59Z,auth,auth_enUS_labelerexp,at://did:plc:cismf2he3nzcajzqdwrfej2c/app.bsky.feed.post/3mfvhonbvn22w,2,0,1,0
bcd54dd6cf5c4896af4da79eae8e4c6e,2026-02-28T06:00:00Z,2026-02-28T06:17:59Z,auth,auth_enUS_labelerexp,at://did:plc:hpvtopoai2sxdvp6aavsjjnx/app.bsky.feed.post/3mfvhhzbwps26,1,0,0,0
bcd54dd6cf5c4896af4da79eae8e4c6e,2026-02-28T06:00:00Z,2026-02-28T06:17:59Z,auth,auth_enUS_labelerexp,at://did:plc:jkrzdlgtp3e3aqiwgb66ojw5/app.bsky.feed.post/3mfvh4l5spc2z,0,0,1,0
bcd54dd6cf5c4896af4da79eae8e4c6e,2026-02-28T06:00:00Z,2026-02-28T06:17:59Z,auth,auth_enUS_labelerexp,at://did:plc:za5ncxyk2ibuchixf72qqaiz/app.bsky.feed.post/3mfvgopigcc2j,5,12,0,0
bcd54dd6cf5c4896af4da79eae8e4c6e,2026-02-28T06:00:00Z,2026-02-28T06:17:59Z,auth,auth_enUS_labelerexp,at://did:plc:iafl5igc2wtqadmua6gis5tj/app.bsky.feed.post/3mfvgg4oizk2o,1,0,0,0
bcd54dd6cf5c4896af4da79eae8e4c6e,2026-02-28T06:00:00Z,2026-02-28T06:17:59Z,auth,auth_enUS_labelerexp,at://did:plc:7gh4brg3didkvchw6j3q4fty/app.bsky.feed.post/3mfvg5uaazs2b,6,1,1,0
bcd54dd6cf5c4896af4da79eae8e4c6e,2026-02-28T06:00:00Z,2026-02-28T06:17:59Z,auth,auth_enUS_labelerexp,at://did:plc:rmd63kkh56gldx6hvtam2vr4/app.bsky.feed.post/3mfvfsc6nfc2q,1,0,0,0
bcd54dd6cf5c4896af4da79eae8e4c6e,2026-02-28T06:00:00Z,2026-02-28T06:17:59Z,auth,auth_enUS_labelerexp,at://did:plc:d32cfvbqhwkkfsk7rfwaiyet/app.bsky.feed.post/3mfvfbegqzk2w,1,0,0,0
bcd54dd6cf5c4896af4da79eae8e4c6e,2026-02-28T06:00:00Z,2026-02-28T06:17:59Z,auth,auth_enUS_labelerexp,at://did:plc:cpt3vraazrdv36noordhnxyr/app.bsky.feed.post/3mfves4qqrc2e,5,1,1,0
bcd54dd6cf5c4896af4da79eae8e4c6e,2026-02-28T06:00:00Z,2026-02-28T06:17:59Z,auth,auth_enUS_labelerexp,at://did:plc:cg6j5kncsly2nb7fag45qbfn/app.bsky.feed.post/3mfveqajumc2t,6,0,2,0
bcd54dd6cf5c4896af4da79eae8e4c6e,2026-02-28T06:00:00Z,2026-02-28T06:17:59Z,auth,auth_enUS_labelerexp,at://did:plc:ywi4wo6srmmx4kbse7kmw3ad/app.bsky.feed.post/3mfvekmcfzc23,0,0,1,0
bcd54dd6cf5c4896af4da79eae8e4c6e,2026-02-28T06:00:00Z,2026-02-28T06:17:59Z,auth,auth_enUS_labelerexp,at://did:plc:rv4o57j7npk2jbtgxh5q5axb/app.bsky.feed.post/3mfvegjr5fk2h,2,0,0,0
bcd54dd6cf5c4896af4da79eae8e4c6e,2026-02-28T06:00:00Z,2026-02-28T06:17:59Z,auth,auth_enUS_labelerexp,at://did:plc:zra6lcnfolybzlekqkqkcmx5/app.bsky.feed.post/3mfve3qkgzk24,3,1,0,1
bcd54dd6cf5c4896af4da79eae8e4c6e,2026-02-28T06:00:00Z,2026-02-28T06:17:59Z,auth,auth_enUS_labelerexp,at://did:plc:msian4dqa2rqalf3biilnf3m/app.bsky.feed.post/3mfvdntddid2n,0,0,0,0
bcd54dd6cf5c4896af4da79eae8e4c6e,2026-02-28T06:00:00Z,2026-02-28T06:17:59Z,auth,auth_enUS_labelerexp,at://did:plc:msian4dqa2rqalf3biilnf3m/app.bsky.feed.post/3mfvdn6ttxr2i,0,0,0,0
bcd54dd6cf5c4896af4da79eae8e4c6e,2026-02-28T06:00:00Z,2026-02-28T06:17:59Z,auth,auth_enUS_labelerexp,at://did:plc:7y7llrr4nvtqocvm5qp3sknf/app.bsky.feed.post/3mfvdl5xiu225,0,0,0,0
bcd54dd6cf5c4896af4da79eae8e4c6e,2026-02-28T06:00:00Z,2026-02-28T06:17:59Z,auth,auth_enUS_labelerexp,at://did:plc:it2ufp5af4qvlirsz4clslsi/app.bsky.feed.post/3mfvdi6sw3s25,6,0,0,0
bcd54dd6cf5c4896af4da79eae8e4c6e,2026-02-28T06:00:00Z,2026-02-28T06:17:59Z,auth,auth_enUS_labelerexp,at://did:plc:neq2o4mrwy4jsmo5r53iszy2/app.bsky.feed.post/3mfvczpps6k25,12,0,1,0
bcd54dd6cf5c4896af4da79eae8e4c6e,2026-02-28T06:00:00Z,2026-02-28T06:17:59Z,auth,auth_enUS_labelerexp,at://did:plc:kgx74mvf4cdechxvorxlidee/app.bsky.feed.post/3mfvcvx4das2z,1,1,0,0
bcd54dd6cf5c4896af4da79eae8e4c6e,2026-02-28T06:00:00Z,2026-02-28T06:17:59Z,auth,auth_enUS_labelerexp,at://did:plc:y6l4xvoigjcuug4at2w7ywoj/app.bsky.feed.post/3mfvcsvnijc2y,31,14,1,1
bcd54dd6cf5c4896af4da79eae8e4c6e,2026-02-28T06:00:00Z,2026-02-28T06:17:59Z,auth,auth_enUS_labelerexp,at://did:plc:szpg3jnxktdwj6wdja53wjr2/app.bsky.feed.post/3mfvcrqndy52t,14,0,1,0
bcd54dd6cf5c4896af4da79eae8e4c6e,2026-02-28T06:00:00Z,2026-02-28T06:17:59Z,auth,auth_enUS_labelerexp,at://did:plc:rzltyfbmr222ilfqk3issas5/app.bsky.feed.post/3mfvcrns3zc27,0,1,0,0
bcd54dd6cf5c4896af4da79eae8e4c6e,2026-02-28T06:00:00Z,2026-02-28T06:17:59Z,auth,auth_enUS_labelerexp,at://did:plc:6ciommuifj3nzq2dkmifrllp/app.bsky.feed.post/3mfvcpshyfo2a,0,0,0,0
bcd54dd6cf5c4896af4da79eae8e4c6e,2026-02-28T06:00:00Z,2026-02-28T06:17:59Z,auth,auth_enUS_labelerexp,at://did:plc:362pkmpq7vjk4phlzfjc2znk/app.bsky.feed.post/3mfvcghjukc2k,16,6,0,1
bcd54dd6cf5c4896af4da79eae8e4c6e,2026-02-28T06:00:00Z,2026-02-28T06:17:59Z,auth,auth_enUS_labelerexp,at://did:plc:xkfm4gro6tdn34sbucqjhzex/app.bsky.feed.post/3mfvcerexgc2b,1,1,1,0
bcd54dd6cf5c4896af4da79eae8e4c6e,2026-02-28T06:00:00Z,2026-02-28T06:17:59Z,auth,auth_enUS_labelerexp,at://did:plc:dcxpu2c4zfxbvfeelo7tybns/app.bsky.feed.post/3mfvc7lmm622z,0,0,0,0
bcd54dd6cf5c4896af4da79eae8e4c6e,2026-02-28T06:00:00Z,2026-02-28T06:17:59Z,auth,auth_enUS_labelerexp,at://did:plc:5qryr2rejnjfmqizo3fz7ccy/app.bsky.feed.post/3mfvc3t5tms2x,0,0,0,0
bcd54dd6cf5c4896af4da79eae8e4c6e,2026-02-28T06:00:00Z,2026-02-28T06:17:59Z,auth,auth_enUS_labelerexp,at://did:plc:nxlh63mkcieh3tjloibre7hp/app.bsky.feed.post/3mfvbid3gvc2k,22,2,2,0
bcd54dd6cf5c4896af4da79eae8e4c6e,2026-02-28T06:00:00Z,2026-02-28T06:17:59Z,auth,auth_enUS_labelerexp,at://did:plc:cws3eu6ozqrpxliux66hjq3v/app.bsky.feed.post/3mfvbefhpzs2o,10,0,1,0
bcd54dd6cf5c4896af4da79eae8e4c6e,2026-02-28T06:00:00Z,2026-02-28T06:17:59Z,auth,auth_enUS_labelerexp,at://did:plc:pj7liwqennd4myqdipj54rue/app.bsky.feed.post/3mfvbamslfc2n,0,1,0,0
bcd54dd6cf5c4896af4da79eae8e4c6e,2026-02-28T06:00:00Z,2026-02-28T06:17:59Z,auth,auth_enUS_labelerexp,at://did:plc:bcwxtptqezkaiyzq3zzaidbd/app.bsky.feed.post/3mfvb55ie6k2f,4,0,0,0
bcd54dd6cf5c4896af4da79eae8e4c6e,2026-02-28T06:00:00Z,2026-02-28T06:17:59Z,auth,auth_enUS_labelerexp,at://did:plc:zu2swqvoqvdbdkcxlal5ci46/app.bsky.feed.post/3mfvandspok24,2,1,0,0
bcd54dd6cf5c4896af4da79eae8e4c6e,2026-02-28T06:00:00Z,2026-02-28T06:17:59Z,auth,auth_enUS_labelerexp,at://did:plc:f56jxsoruefbeoxpb7dclv4b/app.bsky.feed.post/3mfvamo22pk2s,1,0,1,0
bcd54dd6cf5c4896af4da79eae8e4c6e,2026-02-28T06:00:00Z,2026-02-28T06:17:59Z,auth,auth_enUS_labelerexp,at://did:plc:mz7jfozxcyfvvb5oas6vjscp/app.bsky.feed.post/3mfvagjbtmk2c,0,0,0,0
bcd54dd6cf5c4896af4da79eae8e4c6e,2026-02-28T06:00:00Z,2026-02-28T06:17:59Z,auth,auth_enUS_labelerexp,at://did:plc:5ppgpx4kle77ru7jfqkyjsrg/app.bsky.feed.post/3mfvad36wsc2s,0,0,0,0
bcd54dd6cf5c4896af4da79eae8e4c6e,2026-02-28T06:00:00Z,2026-02-28T06:17:59Z,auth,auth_enUS_labelerexp,at://did:plc:kczpvrndfctygcf4am4vyo6m/app.bsky.feed.post/3mfvacpvnbk2p,1,0,0,0
bcd54dd6cf5c4896af4da79eae8e4c6e,2026-02-28T06:00:00Z,2026-02-28T06:18:01Z,auth,auth_enUS_labelerexp,at://did:plc:5rw2on4i56btlcajojaxwcat/app.bsky.feed.post/3kjorckgcwc27,10623,437,3,225
bcd54dd6cf5c4896af4da79eae8e4c6e,2026-02-28T06:00:00Z,2026-02-28T06:18:01Z,auth,auth_enUS_labelerexp,at://did:plc:gwjhzasopkscnrfrje2pxdau/app.bsky.feed.post/3mfvblwfd2s2k,9,2,0,0
bcd54dd6cf5c4896af4da79eae8e4c6e,2026-02-28T06:00:00Z,2026-02-28T06:18:01Z,auth,auth_enUS_labelerexp,at://did:plc:gwjhzasopkscnrfrje2pxdau/app.bsky.feed.post/3mfv55kugpk2l,16,0,0,0
bcd54dd6cf5c4896af4da79eae8e4c6e,2026-02-28T06:00:00Z,2026-02-28T06:18:01Z,auth,auth_enUS_labelerexp,at://did:plc:ovmcdplxzv2t2vcvxnypbfn4/app.bsky.feed.post/3mfv4ucnbpc24,18,1,0,0
bcd54dd6cf5c4896af4da79eae8e4c6e,2026-02-28T06:00:00Z,2026-02-28T06:18:01Z,auth,auth_enUS_labelerexp,at://did:plc:gwjhzasopkscnrfrje2pxdau/app.bsky.feed.post/3mfv4rwcui22g,5,0,0,0
bcd54dd6cf5c4896af4da79eae8e4c6e,2026-02-28T06:00:00Z,2026-02-28T06:18:01Z,auth,auth_enUS_labelerexp,at://did:plc:mvnfvsuov4r6wfy4ry3tmf6u/app.bsky.feed.post/3mfv4b7ptoc2a,12,0,0,0
bcd54dd6cf5c4896af4da79eae8e4c6e,2026-02-28T06:00:00Z,2026-02-28T06:18:01Z,auth,auth_enUS_labelerexp,at://did:plc:gwjhzasopkscnrfrje2pxdau/app.bsky.feed.post/3mfv3i6koys2j,42,4,3,0
bcd54dd6cf5c4896af4da79eae8e4c6e,2026-02-28T06:00:00Z,2026-02-28T06:18:01Z,auth,auth_enUS_labelerexp,at://did:plc:hler23bdxaddzibl2kxfasvv/app.bsky.feed.post/3mfv2f54tds2j,20,1,1,0
bcd54dd6cf5c4896af4da79eae8e4c6e,2026-02-28T06:00:00Z,2026-02-28T06:18:01Z,auth,auth_enUS_labelerexp,at://did:plc:3am7ou3yushm5444fpg4kogs/app.bsky.feed.post/3mfv25x54m22h,37,4,0,0
bcd54dd6cf5c4896af4da79eae8e4c6e,2026-02-28T06:00:00Z,2026-02-28T06:18:01Z,auth,auth_enUS_labelerexp,at://did:plc:b4rg5gsabicfk6k3nndwigmo/app.bsky.feed.post/3mfuznwdsx22g,54,4,1,0
bcd54dd6cf5c4896af4da79eae8e4c6e,2026-02-28T06:00:00Z,2026-02-28T06:18:01Z,auth,auth_enUS_labelerexp,at://did:plc:tpg3qzw3niphci6ne5wdprfr/app.bsky.feed.post/3mfuzmzqd2c2w,56,1,0,0
bcd54dd6cf5c4896af4da79eae8e4c6e,2026-02-28T06:00:00Z,2026-02-28T06:18:01Z,auth,auth_enUS_labelerexp,at://did:plc:upjviybl6bsxfxa5bu7a2y6m/app.bsky.feed.post/3mfuvc2q2ps2d,30,3,2,1
bcd54dd6cf5c4896af4da79eae8e4c6e,2026-02-28T06:00:00Z,2026-02-28T06:18:01Z,auth,auth_enUS_labelerexp,at://did:plc:gwjhzasopkscnrfrje2pxdau/app.bsky.feed.post/3mfuv6r4sy223,15,2,1,0
bcd54dd6cf5c4896af4da79eae8e4c6e,2026-02-28T06:00:00Z,2026-02-28T06:18:01Z,auth,auth_enUS_labelerexp,at://did:plc:56ebn74holwl47dfltp67jkn/app.bsky.feed.post/3mfuuytxnsk2k,22,1,0,0
bcd54dd6cf5c4896af4da79eae8e4c6e,2026-02-28T06:00:00Z,2026-02-28T06:18:01Z,auth,auth_enUS_labelerexp,at://did:plc:652bnb4yoq4uadbt6tmshwwc/app.bsky.feed.post/3mfutgdxgs22a,34,2,0,1
bcd54dd6cf5c4896af4da79eae8e4c6e,2026-02-28T06:00:00Z,2026-02-28T06:18:01Z,auth,auth_enUS_labelerexp,at://did:plc:nj7iog6v4yov2e7tctmwq6n3/app.bsky.feed.post/3mfutgculkk2g,16,0,1,0
bcd54dd6cf5c4896af4da79eae8e4c6e,2026-02-28T06:00:00Z,2026-02-28T06:18:01Z,auth,auth_enUS_labelerexp,at://did:plc:dssmbejsmcb3iekiuw5qd3km/app.bsky.feed.post/3mfusw24mic2f,9,6,0,1
bcd54dd6cf5c4896af4da79eae8e4c6e,2026-02-28T06:00:00Z,2026-02-28T06:18:01Z,auth,auth_enUS_labelerexp,at://did:plc:koci3rz2i457fa74hlyianfc/app.bsky.feed.post/3mfustaw6os2r,15,4,0,0
bcd54dd6cf5c4896af4da79eae8e4c6e,2026-02-28T06:00:00Z,2026-02-28T06:18:01Z,auth,auth_enUS_labelerexp,at://did:plc:yp3xkkg4jjnyqrkvk2r3gk3r/app.bsky.feed.post/3mfuslwertk2p,7,0,0,1
bcd54dd6cf5c4896af4da79eae8e4c6e,2026-02-28T06:00:00Z,2026-02-28T06:18:01Z,auth,auth_enUS_labelerexp,at://did:plc:xlprnaaqicgodn76bu53f7uz/app.bsky.feed.post/3mfusic6ta22f,61,7,0,1
bcd54dd6cf5c4896af4da79eae8e4c6e,2026-02-28T06:00:00Z,2026-02-28T06:18:01Z,auth,auth_enUS_labelerexp,at://did:plc:ebniwdgngl3zk3yl3a5gds5u/app.bsky.feed.post/3mfurzbi27c27,12,0,0,0
bcd54dd6cf5c4896af4da79eae8e4c6e,2026-02-28T06:00:00Z,2026-02-28T06:18:01Z,auth,auth_enUS_labelerexp,at://did:plc:ebniwdgngl3zk3yl3a5gds5u/app.bsky.feed.post/3mfurpvxk4227,15,2,1,0
bcd54dd6cf5c4896af4da79eae8e4c6e,2026-02-28T06:00:00Z,2026-02-28T06:18:01Z,auth,auth_enUS_labelerexp,at://did:plc:ufuttc7am5p2v3atwlsywvql/app.bsky.feed.post/3mfurnb5gk22o,10,2,0,0
bcd54dd6cf5c4896af4da79eae8e4c6e,2026-02-28T06:00:00Z,2026-02-28T06:18:01Z,auth,auth_enUS_labelerexp,at://did:plc:vjpgvzwqbvs4fpjuoyx35sey/app.bsky.feed.post/3mfuq4uhizk2n,25,0,1,0
bcd54dd6cf5c4896af4da79eae8e4c6e,2026-02-28T06:00:00Z,2026-02-28T06:18:01Z,auth,auth_enUS_labelerexp,at://did:plc:gownl46voaxe3wegltgfhrd5/app.bsky.feed.post/3mfupvfycrs25,114,13,0,0
bcd54dd6cf5c4896af4da79eae8e4c6e,2026-02-28T06:00:00Z,2026-02-28T06:18:01Z,auth,auth_enUS_labelerexp,at://did:plc:hdh5ybreunxls5wkwbd6zmpq/app.bsky.feed.post/3mfuo5kfrdk2n,27,4,1,0
bcd54dd6cf5c4896af4da79eae8e4c6e,2026-02-28T06:00:00Z,2026-02-28T06:18:01Z,auth,auth_enUS_labelerexp,at://did:plc:ua7awgiq2s3vd4h5c6bfykoy/app.bsky.feed.post/3mfun7skwps2g,26,0,2,0
bcd54dd6cf5c4896af4da79eae8e4c6e,2026-02-28T06:00:00Z,2026-02-28T06:18:01Z,auth,auth_enUS_labelerexp,at://did:plc:ly35yzxvm6otrog22eu7xn6u/app.bsky.feed.post/3mfulyt4vrc2z,29,1,3,0
bcd54dd6cf5c4896af4da79eae8e4c6e,2026-02-28T06:00:00Z,2026-02-28T06:18:01Z,auth,auth_enUS_labelerexp,at://did:plc:nj7iog6v4yov2e7tctmwq6n3/app.bsky.feed.post/3mfulxypqts2m,22,5,0,4
bcd54dd6cf5c4896af4da79eae8e4c6e,2026-02-28T06:00:00Z,2026-02-28T06:18:01Z,auth,auth_enUS_labelerexp,at://did:plc:4q2plyhm32dekiyyd45bn4w7/app.bsky.feed.post/3mfuldo2eo22x,9,0,0,0
bcd54dd6cf5c4896af4da79eae8e4c6e,2026-02-28T06:00:00Z,2026-02-28T06:18:01Z,auth,auth_enUS_labelerexp,at://did:plc:baz3nw2zdnyfllf2prg76ukv/app.bsky.feed.post/3mfuksajekk2e,139,1,1,0
bcd54dd6cf5c4896af4da79eae8e4c6e,2026-02-28T06:00:00Z,2026-02-28T06:18:01Z,auth,auth_enUS_labelerexp,at://did:plc:gwjhzasopkscnrfrje2pxdau/app.bsky.feed.post/3mfujqsheg22r,6,0,0,0
bcd54dd6cf5c4896af4da79eae8e4c6e,2026-02-28T06:00:00Z,2026-02-28T06:18:01Z,auth,auth_enUS_labelerexp,at://did:plc:5doexz5iyqssy6tbpegkjuzj/app.bsky.feed.post/3mfujfm5p2c2p,20,0,2,0
bcd54dd6cf5c4896af4da79eae8e4c6e,2026-02-28T06:00:00Z,2026-02-28T06:18:01Z,auth,auth_enUS_labelerexp,at://did:plc:rhxydi4ojb3s5dn2vrxx4avn/app.bsky.feed.post/3mfuje4yl2k2r,16,0,0,0
bcd54dd6cf5c4896af4da79eae8e4c6e,2026-02-28T06:00:00Z,2026-02-28T06:18:01Z,auth,auth_enUS_labelerexp,at://did:plc:lmmomempab464ondyiko2fsl/app.bsky.feed.post/3mfujax2vz22z,35,0,1,0
bcd54dd6cf5c4896af4da79eae8e4c6e,2026-02-28T06:00:00Z,2026-02-28T06:18:01Z,auth,auth_enUS_labelerexp,at://did:plc:27vtc7n7ejuzkn3xrxkl3x2x/app.bsky.feed.post/3mfuijqtvrs2f,118,28,6,0
bcd54dd6cf5c4896af4da79eae8e4c6e,2026-02-28T06:00:00Z,2026-02-28T06:18:01Z,auth,auth_enUS_labelerexp,at://did:plc:q3dthuanqipn7brsgsg56btw/app.bsky.feed.post/3mfuieh5r522n,22,3,0,0
bcd54dd6cf5c4896af4da79eae8e4c6e,2026-02-28T06:00:00Z,2026-02-28T06:18:01Z,auth,auth_enUS_labelerexp,at://did:plc:akx44wtqjgo4q2gly4jobww7/app.bsky.feed.post/3mfui4v7uvk2z,17,8,2,0
bcd54dd6cf5c4896af4da79eae8e4c6e,2026-02-28T06:00:00Z,2026-02-28T06:18:01Z,auth,auth_enUS_labelerexp,at://did:plc:cpbgpplszi6kjfm6cia47vlp/app.bsky.feed.post/3mfuhkskl6s2e,16,6,1,4
bcd54dd6cf5c4896af4da79eae8e4c6e,2026-02-28T06:00:00Z,2026-02-28T06:18:01Z,auth,auth_enUS_labelerexp,at://did:plc:fpw2dvlirvraopxiyhgyc2ri/app.bsky.feed.post/3mfuh6skdkk2e,43,4,2,2
bcd54dd6cf5c4896af4da79eae8e4c6e,2026-02-28T06:00:00Z,2026-02-28T06:18:01Z,auth,auth_enUS_labelerexp,at://did:plc:4mm6iu5keyr5m5uiqzzy3chk/app.bsky.feed.post/3mfugticsts2w,184,10,6,1
bcd54dd6cf5c4896af4da79eae8e4c6e,2026-02-28T06:00:00Z,2026-02-28T06:18:01Z,auth,auth_enUS_labelerexp,at://did:plc:pr47gh2dgig5xgd45fzhoyyg/app.bsky.feed.post/3mfugkexsvs2c,32,3,2,0
bcd54dd6cf5c4896af4da79eae8e4c6e,2026-02-28T06:00:00Z,2026-02-28T06:18:01Z,auth,auth_enUS_labelerexp,at://did:plc:voxpaxa27m6sobq6dawr77ww/app.bsky.feed.post/3mfuftdyfxk2q,13,0,1,1
bcd54dd6cf5c4896af4da79eae8e4c6e,2026-02-28T06:00:00Z,2026-02-28T06:18:01Z,auth,auth_enUS_labelerexp,at://did:plc:au5lth73xh2yqdln2j6uenub/app.bsky.feed.post/3mfuftbtwkk2p,18,2,1,1
bcd54dd6cf5c4896af4da79eae8e4c6e,2026-02-28T06:00:00Z,2026-02-28T06:18:01Z,auth,auth_enUS_labelerexp,at://did:plc:nvjkuf6abg4prvh4vvwm5sgk/app.bsky.feed.post/3mfufghgss22a,11,2,1,0
bcd54dd6cf5c4896af4da79eae8e4c6e,2026-02-28T06:00:00Z,2026-02-28T06:18:01Z,auth,auth_enUS_labelerexp,at://did:plc:kzzn4vsyqx5hjzbtzzhkf72h/app.bsky.feed.post/3mfuez5xv2k2i,9,0,1,1
bcd54dd6cf5c4896af4da79eae8e4c6e,2026-02-28T06:00:00Z,2026-02-28T06:18:01Z,auth,auth_enUS_labelerexp,at://did:plc:sthvnx32uop7lciiif7rn5kx/app.bsky.feed.post/3mfue6ik4x22o,7,0,0,0
bcd54dd6cf5c4896af4da79eae8e4c6e,2026-02-28T06:00:00Z,2026-02-28T06:18:01Z,auth,auth_enUS_labelerexp,at://did:plc:kzzn4vsyqx5hjzbtzzhkf72h/app.bsky.feed.post/3mfue2rlclk2i,16,1,1,1
bcd54dd6cf5c4896af4da79eae8e4c6e,2026-02-28T06:00:00Z,2026-02-28T06:18:01Z,auth,auth_enUS_labelerexp,at://did:plc:hcaw22y4twuif4evrafgrral/app.bsky.feed.post/3mfudy5xmjc2m,8,0,5,1
bcd54dd6cf5c4896af4da79eae8e4c6e,2026-02-28T06:00:00Z,2026-02-28T06:18:01Z,auth,auth_enUS_labelerexp,at://did:plc:kssexgfjoqhscgsxaq2wbutr/app.bsky.feed.post/3mfudnfivxc2z,43,4,2,0
bcd54dd6cf5c4896af4da79eae8e4c6e,2026-02-28T06:00:00Z,2026-02-28T06:18:01Z,auth,auth_enUS_labelerexp,at://did:plc:lrhn2mv5bjb6ulitk74yoh5s/app.bsky.feed.post/3mfvkje5ey22q,1,0,0,0
bcd54dd6cf5c4896af4da79eae8e4c6e,2026-02-28T06:00:00Z,2026-02-28T06:18:01Z,auth,auth_enUS_labelerexp,at://did:plc:g6mri4c5lywsmq2whugvpqa4/app.bsky.feed.post/3mfvkhzj3qs2c,0,0,0,0
bcd54dd6cf5c4896af4da79eae8e4c6e,2026-02-28T06:00:00Z,2026-02-28T06:18:01Z,auth,auth_enUS_labelerexp,at://did:plc:bysmuhtepzeiq4vjutnaktu5/app.bsky.feed.post/3mfvkhuyfuk2z,0,0,0,0
bcd54dd6cf5c4896af4da79eae8e4c6e,2026-02-28T06:00:00Z,2026-02-28T06:18:01Z,auth,auth_enUS_labelerexp,at://did:plc:b4nxdtkio2vqjfoy24fp36lc/app.bsky.feed.post/3mfvkgrpgoo2l,0,0,0,0
bcd54dd6cf5c4896af4da79eae8e4c6e,2026-02-28T06:00:00Z,2026-02-28T06:18:01Z,auth,auth_enUS_labelerexp,at://did:plc:74eyhv2l7lskpjj3xmqslohu/app.bsky.feed.post/3mfvkg2vkhs2d,0,0,0,0
bcd54dd6cf5c4896af4da79eae8e4c6e,2026-02-28T06:00:00Z,2026-02-28T06:18:01Z,auth,auth_enUS_labelerexp,at://did:plc:cqugfvcuhqhegl4y2qhadjzy/app.bsky.feed.post/3mfvkfvefjk2d,0,1,0,0
bcd54dd6cf5c4896af4da79eae8e4c6e,2026-02-28T06:00:00Z,2026-02-28T06:18:01Z,auth,auth_enUS_labelerexp,at://did:plc:6vwzq6ohuaspqpg3sa6ebsgw/app.bsky.feed.post/3mfvkf4gmt22o,0,0,0,0
bcd54dd6cf5c4896af4da79eae8e4c6e,2026-02-28T06:00:00Z,2026-02-28T06:18:01Z,auth,auth_enUS_labelerexp,at://did:plc:qtrzmp6kwvmqkr2nyagt7ppu/app.bsky.feed.post/3mfvke7u4kk2k,0,0,0,0
bcd54dd6cf5c4896af4da79eae8e4c6e,2026-02-28T06:00:00Z,2026-02-28T06:18:01Z,auth,auth_enUS_labelerexp,at://did:plc:fqbxi7ma2aoo5vt6pnmxzhzv/app.bsky.feed.post/3mfvkdey23s2x,0,0,0,0
bcd54dd6cf5c4896af4da79eae8e4c6e,2026-02-28T06:00:00Z,2026-02-28T06:18:01Z,auth,auth_enUS_labelerexp,at://did:plc:k7qabsnzd2z7sfmeh6dhdoec/app.bsky.feed.post/3mfvkd3mtus2s,0,0,1,0
bcd54dd6cf5c4896af4da79eae8e4c6e,2026-02-28T06:00:00Z,2026-02-28T06:18:01Z,auth,auth_enUS_labelerexp,at://did:plc:k6a35s56ijvrb4zjkq4ojll5/app.bsky.feed.post/3mfvkclvm6n2r,0,0,0,0
bcd54dd6cf5c4896af4da79eae8e4c6e,2026-02-28T06:00:00Z,2026-02-28T06:18:01Z,auth,auth_enUS_labelerexp,at://did:plc:z22iojvb45xno3nblfy6fcwg/app.bsky.feed.post/3mfvkcl57up2o,2,0,0,1
bcd54dd6cf5c4896af4da79eae8e4c6e,2026-02-28T06:00:00Z,2026-02-28T06:18:01Z,auth,auth_enUS_labelerexp,at://did:plc:zhocmylbma2igcov7vadi53n/app.bsky.feed.post/3mfvkbkrofc25,2,0,0,0
bcd54dd6cf5c4896af4da79eae8e4c6e,2026-02-28T06:00:00Z,2026-02-28T06:18:01Z,auth,auth_enUS_labelerexp,at://did:plc:cagbvqdcyfbudcb2hwyvfvda/app.bsky.feed.post/3mfvk7ey3rs26,0,0,0,0
bcd54dd6cf5c4896af4da79eae8e4c6e,2026-02-28T06:00:00Z,2026-02-28T06:18:01Z,auth,auth_enUS_labelerexp,at://did:plc:xprbu5lakbdgjq54o4r3xg77/app.bsky.feed.post/3mfvk6klgic2d,2,4,1,0
bcd54dd6cf5c4896af4da79eae8e4c6e,2026-02-28T06:00:00Z,2026-02-28T06:18:01Z,auth,auth_enUS_labelerexp,at://did:plc:mma52cdkhnu6dqsnss32kut3/app.bsky.feed.post/3mfvk3fajzk2n,1,0,0,0
bcd54dd6cf5c4896af4da79eae8e4c6e,2026-02-28T06:00:00Z,2026-02-28T06:18:01Z,auth,auth_enUS_labelerexp,at://did:plc:c75c46cnklogqves35dcrqbo/app.bsky.feed.post/3mfvk35tmxs2b,1,0,0,0
bcd54dd6cf5c4896af4da79eae8e4c6e,2026-02-28T06:00:00Z,2026-02-28T06:18:01Z,auth,auth_enUS_labelerexp,at://did:plc:wi4mvaceliaatlynkrwk34pd/app.bsky.feed.post/3mfvjzegtms2o,2,0,0,0
bcd54dd6cf5c4896af4da79eae8e4c6e,2026-02-28T06:00:00Z,2026-02-28T06:18:01Z,auth,auth_enUS_labelerexp,at://did:plc:ukrzmuopme2rjfxnfcewrr2h/app.bsky.feed.post/3mfvjz7gaxc2j,0,0,0,0
bcd54dd6cf5c4896af4da79eae8e4c6e,2026-02-28T06:00:00Z,2026-02-28T06:18:01Z,auth,auth_enUS_labelerexp,at://did:plc:il32gpk452vk4qtc4kmvejpc/app.bsky.feed.post/3mfvjywxsns2z,2,0,0,1
bcd54dd6cf5c4896af4da79eae8e4c6e,2026-02-28T06:00:00Z,2026-02-28T06:18:01Z,auth,auth_enUS_labelerexp,at://did:plc:o3myzarfllkyynk4ucy4lqg2/app.bsky.feed.post/3mfvjv4mhnc2g,1,0,0,0
bcd54dd6cf5c4896af4da79eae8e4c6e,2026-02-28T06:00:00Z,2026-02-28T06:18:01Z,auth,auth_enUS_labelerexp,at://did:plc:bqsiowmhexxpou23btkohzcn/app.bsky.feed.post/3mfvjujcux226,3,0,0,0
bcd54dd6cf5c4896af4da79eae8e4c6e,2026-02-28T06:00:00Z,2026-02-28T06:18:01Z,auth,auth_enUS_labelerexp,at://did:plc:mrbgeylou7rqviwclpacdgbz/app.bsky.feed.post/3mfvjubkbuk2h,2,1,0,0
bcd54dd6cf5c4896af4da79eae8e4c6e,2026-02-28T06:00:00Z,2026-02-28T06:18:01Z,auth,auth_enUS_labelerexp,at://did:plc:7fs3c6xioosijsgu2u7nv5yu/app.bsky.feed.post/3mfvjsrpv7k2y,3,1,0,0
bcd54dd6cf5c4896af4da79eae8e4c6e,2026-02-28T06:00:00Z,2026-02-28T06:18:01Z,auth,auth_enUS_labelerexp,at://did:plc:6gofu77y7bgsxmn6gfd27ooq/app.bsky.feed.post/3mfvjrz6hgc25,1,0,1,0
bcd54dd6cf5c4896af4da79eae8e4c6e,2026-02-28T06:00:00Z,2026-02-28T06:18:01Z,auth,auth_enUS_labelerexp,at://did:plc:5da2otwcb6knuu6osjsbvul5/app.bsky.feed.post/3mfvjm4u7lc2j,2,1,1,0
bcd54dd6cf5c4896af4da79eae8e4c6e,2026-02-28T06:00:00Z,2026-02-28T06:18:01Z,auth,auth_enUS_labelerexp,at://did:plc:rizex63fbnnobh3isyoijrd7/app.bsky.feed.post/3mfvjlxzx2k2m,1,0,0,0
bcd54dd6cf5c4896af4da79eae8e4c6e,2026-02-28T06:00:00Z,2026-02-28T06:18:01Z,auth,auth_enUS_labelerexp,at://did:plc:mhk7e3f5zc57gwdydvwrbz66/app.bsky.feed.post/3mfvjkbkzmk26,18,6,0,0
bcd54dd6cf5c4896af4da79eae8e4c6e,2026-02-28T06:00:00Z,2026-02-28T06:18:01Z,auth,auth_enUS_labelerexp,at://did:plc:72nlf5lxj27evv2lw4xymxbe/app.bsky.feed.post/3mfvjjs4igc2m,1,0,0,0
bcd54dd6cf5c4896af4da79eae8e4c6e,2026-02-28T06:00:00Z,2026-02-28T06:18:01Z,auth,auth_enUS_labelerexp,at://did:plc:dromjn32sjvk2qyvjyg45ya5/app.bsky.feed.post/3mfvjjj6mxk2n,0,0,0,0
bcd54dd6cf5c4896af4da79eae8e4c6e,2026-02-28T06:00:00Z,2026-02-28T06:18:01Z,auth,auth_enUS_labelerexp,at://did:plc:vkjsuk72dtmrpyb4bhgrfcp2/app.bsky.feed.post/3mfvjhu43h22g,0,0,0,0
bcd54dd6cf5c4896af4da79eae8e4c6e,2026-02-28T06:00:00Z,2026-02-28T06:18:01Z,auth,auth_enUS_labelerexp,at://did:plc:lxgj2twqsslvvy7wsw6jo6vr/app.bsky.feed.post/3mfvjfndink26,2,0,0,0
bcd54dd6cf5c4896af4da79eae8e4c6e,2026-02-28T06:00:00Z,2026-02-28T06:18:01Z,auth,auth_enUS_labelerexp,at://did:plc:qetgnvlzo6btep2khuiwmknz/app.bsky.feed.post/3mfvjfi3wds2t,1,0,0,0
bcd54dd6cf5c4896af4da79eae8e4c6e,2026-02-28T06:00:00Z,2026-02-28T06:18:01Z,auth,auth_enUS_labelerexp,at://did:plc:2x7hxcbnzypglflab6hynwgb/app.bsky.feed.post/3mfvjfhv3ls2k,2,0,0,0
bcd54dd6cf5c4896af4da79eae8e4c6e,2026-02-28T06:00:00Z,2026-02-28T06:18:01Z,auth,auth_enUS_labelerexp,at://did:plc:2x7hxcbnzypglflab6hynwgb/app.bsky.feed.post/3mfvjdqytfk2k,2,0,0,0
bcd54dd6cf5c4896af4da79eae8e4c6e,2026-02-28T06:00:00Z,2026-02-28T06:18:01Z,auth,auth_enUS_labelerexp,at://did:plc:ou7w5hx3urwj3yc2y7qhqdlh/app.bsky.feed.post/3mfvjdho7qc2t,1,0,0,0
bcd54dd6cf5c4896af4da79eae8e4c6e,2026-02-28T06:00:00Z,2026-02-28T06:18:01Z,auth,auth_enUS_labelerexp,at://did:plc:hnz5x6j74gbzwojwxoj3gb3k/app.bsky.feed.post/3mfvjblgm462v,0,0,0,0
bcd54dd6cf5c4896af4da79eae8e4c6e,2026-02-28T06:00:00Z,2026-02-28T06:18:01Z,auth,auth_enUS_labelerexp,at://did:plc:zw64sauikqsity6ycndsooph/app.bsky.feed.post/3mfvjalze6c2n,1,0,1,0
bcd54dd6cf5c4896af4da79eae8e4c6e,2026-02-28T06:00:00Z,2026-02-28T06:18:01Z,auth,auth_enUS_labelerexp,at://did:plc:hf7ppxvkrg45a4o2tjrsads5/app.bsky.feed.post/3mfviyn5iuk2q,2,1,0,0
bcd54dd6cf5c4896af4da79eae8e4c6e,2026-02-28T06:00:00Z,2026-02-28T06:18:01Z,auth,auth_enUS_labelerexp,at://did:plc:hg6gmud76ieevgganvpieu6p/app.bsky.feed.post/3mfvixurgxc2j,0,0,0,0
bcd54dd6cf5c4896af4da79eae8e4c6e,2026-02-28T06:00:00Z,2026-02-28T06:18:01Z,auth,auth_enUS_labelerexp,at://did:plc:jeoqqzxyij6ffdcjuvgmfbxm/app.bsky.feed.post/3mfvix3dabc22,0,0,0,0
bcd54dd6cf5c4896af4da79eae8e4c6e,2026-02-28T06:00:00Z,2026-02-28T06:18:01Z,auth,auth_enUS_labelerexp,at://did:plc:l654ur5t4z7sf7g4pcwjyz5q/app.bsky.feed.post/3mfvir3gwz22c,0,0,0,0
bcd54dd6cf5c4896af4da79eae8e4c6e,2026-02-28T06:00:00Z,2026-02-28T06:18:01Z,auth,auth_enUS_labelerexp,at://did:plc:fdm2e7wi7fwjadq2yzdtlzmd/app.bsky.feed.post/3mfviqarpcc2q,2,3,2,0
bcd54dd6cf5c4896af4da79eae8e4c6e,2026-02-28T06:00:00Z,2026-02-28T06:18:01Z,auth,auth_enUS_labelerexp,at://did:plc:k3mn753qa2tgdqmptxw4he5y/app.bsky.feed.post/3mfvipfl4vk2e,0,0,0,0
bcd54dd6cf5c4896af4da79eae8e4c6e,2026-02-28T06:00:00Z,2026-02-28T06:18:01Z,auth,auth_enUS_labelerexp,at://did:plc:zwlufcpvazrezbqawi5pkxeh/app.bsky.feed.post/3mfvinnoqf22x,1,0,0,0
bcd54dd6cf5c4896af4da79eae8e4c6e,2026-02-28T06:00:00Z,2026-02-28T06:18:01Z,auth,auth_enUS_labelerexp,at://did:plc:tinao6reky6b2gdfwytmemke/app.bsky.feed.post/3mfvimz22rs2c,6,2,0,1
bcd54dd6cf5c4896af4da79eae8e4c6e,2026-02-28T06:00:00Z,2026-02-28T06:18:01Z,auth,auth_enUS_labelerexp,at://did:plc:k6a35s56ijvrb4zjkq4ojll5/app.bsky.feed.post/3mfvimvkou52j,0,0,0,0
bcd54dd6cf5c4896af4da79eae8e4c6e,2026-02-28T06:00:00Z,2026-02-28T06:18:01Z,auth,auth_enUS_labelerexp,at://did:plc:k6a35s56ijvrb4zjkq4ojll5/app.bsky.feed.post/3mfvimvamff25,2,1,0,0
bcd54dd6cf5c4896af4da79eae8e4c6e,2026-02-28T06:00:00Z,2026-02-28T06:18:01Z,auth,auth_enUS_labelerexp,at://did:plc:3jlsxg76ybo3uyh4akdotsko/app.bsky.feed.post/3mfvim7ebvs26,3,0,0,0
bcd54dd6cf5c4896af4da79eae8e4c6e,2026-02-28T06:00:00Z,2026-02-28T06:18:01Z,auth,auth_enUS_labelerexp,at://did:plc:xnintcuaux3mt54cbnnvhs4y/app.bsky.feed.post/3mfvii6hnms2y,1,0,0,0
bcd54dd6cf5c4896af4da79eae8e4c6e,2026-02-28T06:00:00Z,2026-02-28T06:18:02Z,auth,auth_enUS_labelerexp,at://did:plc:jg26tgiicwgbdn7swtmpsalr/app.bsky.feed.post/3mfvl4jir5k2k,0,0,0,0
bcd54dd6cf5c4896af4da79eae8e4c6e,2026-02-28T06:00:00Z,2026-02-28T06:18:02Z,auth,auth_enUS_labelerexp,at://did:plc:tri7s64xqtwjldupcl7yhyad/app.bsky.feed.post/3mfvl4ear6c2e,1,0,0,1
bcd54dd6cf5c4896af4da79eae8e4c6e,2026-02-28T06:00:00Z,2026-02-28T06:18:02Z,auth,auth_enUS_labelerexp,at://did:plc:jg26tgiicwgbdn7swtmpsalr/app.bsky.feed.post/3mfvl2oarbk2k,0,0,0,0
bcd54dd6cf5c4896af4da79eae8e4c6e,2026-02-28T06:00:00Z,2026-02-28T06:18:02Z,auth,auth_enUS_labelerexp,at://did:plc:tri7s64xqtwjldupcl7yhyad/app.bsky.feed.post/3mfvkykpf7k2e,3,0,1,0
bcd54dd6cf5c4896af4da79eae8e4c6e,2026-02-28T06:00:00Z,2026-02-28T06:18:02Z,auth,auth_enUS_labelerexp,at://did:plc:5yrn7ub56ytoaoq6im6ztrhr/app.bsky.feed.post/3mfvkxdihyc2k,2,0,1,0
bcd54dd6cf5c4896af4da79eae8e4c6e,2026-02-28T06:00:00Z,2026-02-28T06:18:02Z,auth,auth_enUS_labelerexp,at://did:plc:ok7jfkgurdbxxf4rtp4seqsa/app.bsky.feed.post/3mfvkrnz4zk26,0,0,0,0
bcd54dd6cf5c4896af4da79eae8e4c6e,2026-02-28T06:00:00Z,2026-02-28T06:18:02Z,auth,auth_enUS_labelerexp,at://did:plc:2wohkrcpw6emogptvw23xsrb/app.bsky.feed.post/3mfvkrgzfts2v,0,0,0,0
bcd54dd6cf5c4896af4da79eae8e4c6e,2026-02-28T06:00:00Z,2026-02-28T06:18:02Z,auth,auth_enUS_labelerexp,at://did:plc:jg26tgiicwgbdn7swtmpsalr/app.bsky.feed.post/3mfvkqpha2k2k,0,0,0,0
bcd54dd6cf5c4896af4da79eae8e4c6e,2026-02-28T06:00:00Z,2026-02-28T06:18:02Z,auth,auth_enUS_labelerexp,at://did:plc:jg26tgiicwgbdn7swtmpsalr/app.bsky.feed.post/3mfvkkm2qxc2k,0,0,0,0
bcd54dd6cf5c4896af4da79eae8e4c6e,2026-02-28T06:00:00Z,2026-02-28T06:18:02Z,auth,auth_enUS_labelerexp,at://did:plc:5yrn7ub56ytoaoq6im6ztrhr/app.bsky.feed.post/3mfvkkaqn2s2k,0,0,0,0
bcd54dd6cf5c4896af4da79eae8e4c6e,2026-02-28T06:00:00Z,2026-02-28T06:18:02Z,auth,auth_enUS_labelerexp,at://did:plc:5yrn7ub56ytoaoq6im6ztrhr/app.bsky.feed.post/3mfvki54l2s2k,3,1,0,0
bcd54dd6cf5c4896af4da79eae8e4c6e,2026-02-28T06:00:00Z,2026-02-28T06:18:02Z,auth,auth_enUS_labelerexp,at://did:plc:lrsispqgrba55ihlimsozv3h/app.bsky.feed.post/3mfvk3f763c2m,0,0,0,0
bcd54dd6cf5c4896af4da79eae8e4c6e,2026-02-28T06:00:00Z,2026-02-28T06:18:02Z,auth,auth_enUS_labelerexp,at://did:plc:5yrn7ub56ytoaoq6im6ztrhr/app.bsky.feed.post/3mfvk2qoxzs2k,0,0,0,0
bcd54dd6cf5c4896af4da79eae8e4c6e,2026-02-28T06:00:00Z,2026-02-28T06:18:02Z,auth,auth_enUS_labelerexp,at://did:plc:b3ek7bdlxoekwb7azizcweos/app.bsky.feed.post/3mfvjp2fkqb2h,0,0,0,0
bcd54dd6cf5c4896af4da79eae8e4c6e,2026-02-28T06:00:00Z,2026-02-28T06:18:02Z,auth,auth_enUS_labelerexp,at://did:plc:b3ek7bdlxoekwb7azizcweos/app.bsky.feed.post/3mfvjp2jbsq2y,0,0,0,0
bcd54dd6cf5c4896af4da79eae8e4c6e,2026-02-28T06:00:00Z,2026-02-28T06:18:02Z,auth,auth_enUS_labelerexp,at://did:plc:5yrn7ub56ytoaoq6im6ztrhr/app.bsky.feed.post/3mfvjnw4bkk2k,3,0,0,0
bcd54dd6cf5c4896af4da79eae8e4c6e,2026-02-28T06:00:00Z,2026-02-28T06:18:02Z,auth,auth_enUS_labelerexp,at://did:plc:bqnztqlolnjm4t5ohcpo4wbh/app.bsky.feed.post/3mfvjmkxupc25,6,5,1,2
bcd54dd6cf5c4896af4da79eae8e4c6e,2026-02-28T06:00:00Z,2026-02-28T06:18:02Z,auth,auth_enUS_labelerexp,at://did:plc:5yrn7ub56ytoaoq6im6ztrhr/app.bsky.feed.post/3mfvjlv2kd22k,2,0,0,0
bcd54dd6cf5c4896af4da79eae8e4c6e,2026-02-28T06:00:00Z,2026-02-28T06:18:02Z,auth,auth_enUS_labelerexp,at://did:plc:bqnztqlolnjm4t5ohcpo4wbh/app.bsky.feed.post/3mfvjfqmzm22m,0,0,0,0
bcd54dd6cf5c4896af4da79eae8e4c6e,2026-02-28T06:00:00Z,2026-02-28T06:18:02Z,auth,auth_enUS_labelerexp,at://did:plc:jewyelezgu6fvfa6vnnb7oxy/app.bsky.feed.post/3mfvjd7qljk24,0,0,0,0
bcd54dd6cf5c4896af4da79eae8e4c6e,2026-02-28T06:00:00Z,2026-02-28T06:18:02Z,auth,auth_enUS_labelerexp,at://did:plc:vtt7sj2ssimz5ebsxbvkdxxt/app.bsky.feed.post/3mfvjbr7tus2l,2,0,0,0
bcd54dd6cf5c4896af4da79eae8e4c6e,2026-02-28T06:00:00Z,2026-02-28T06:18:02Z,auth,auth_enUS_labelerexp,at://did:plc:2lez23vsonqlaofn2nm2hkuv/app.bsky.feed.post/3mfvj6k7x7e2s,0,0,0,0
bcd54dd6cf5c4896af4da79eae8e4c6e,2026-02-28T06:00:00Z,2026-02-28T06:18:02Z,auth,auth_enUS_labelerexp,at://did:plc:5yrn7ub56ytoaoq6im6ztrhr/app.bsky.feed.post/3mfvj6ds56s2k,2,1,4,0
bcd54dd6cf5c4896af4da79eae8e4c6e,2026-02-28T06:00:00Z,2026-02-28T06:18:02Z,auth,auth_enUS_labelerexp,at://did:plc:5yrn7ub56ytoaoq6im6ztrhr/app.bsky.feed.post/3mfviyjkzrs2k,0,0,0,0
bcd54dd6cf5c4896af4da79eae8e4c6e,2026-02-28T06:00:00Z,2026-02-28T06:18:02Z,auth,auth_enUS_labelerexp,at://did:plc:5yrn7ub56ytoaoq6im6ztrhr/app.bsky.feed.post/3mfviv72ub22k,0,0,0,0
bcd54dd6cf5c4896af4da79eae8e4c6e,2026-02-28T06:00:00Z,2026-02-28T06:18:02Z,auth,auth_enUS_labelerexp,at://did:plc:7pr3jtfmdg3zwry5vprima5s/app.bsky.feed.post/3mfviq2dvec2b,3,0,0,0
bcd54dd6cf5c4896af4da79eae8e4c6e,2026-02-28T06:00:00Z,2026-02-28T06:18:02Z,auth,auth_enUS_labelerexp,at://did:plc:5akenlejkcmjkh4lzrsx3lsk/app.bsky.feed.post/3mfvip7nw7k2l,4,2,0,1
bcd54dd6cf5c4896af4da79eae8e4c6e,2026-02-28T06:00:00Z,2026-02-28T06:18:02Z,auth,auth_enUS_labelerexp,at://did:plc:5yrn7ub56ytoaoq6im6ztrhr/app.bsky.feed.post/3mfvililask2k,1,0,0,0
bcd54dd6cf5c4896af4da79eae8e4c6e,2026-02-28T06:00:00Z,2026-02-28T06:18:02Z,auth,auth_enUS_labelerexp,at://did:plc:qlcv5qkgmmpwzwmv2h3xmf5h/app.bsky.feed.post/3mfvifie7sc2x,1,0,1,0
bcd54dd6cf5c4896af4da79eae8e4c6e,2026-02-28T06:00:00Z,2026-02-28T06:18:02Z,auth,auth_enUS_labelerexp,at://did:plc:5yrn7ub56ytoaoq6im6ztrhr/app.bsky.feed.post/3mfviaadl2s2k,0,0,0,0
bcd54dd6cf5c4896af4da79eae8e4c6e,2026-02-28T06:00:00Z,2026-02-28T06:18:02Z,auth,auth_enUS_labelerexp,at://did:plc:vq5s7pmjzrx4wqbuebz35x33/app.bsky.feed.post/3mfvi6qdgss2k,0,0,0,0
bcd54dd6cf5c4896af4da79eae8e4c6e,2026-02-28T06:00:00Z,2026-02-28T06:18:02Z,auth,auth_enUS_labelerexp,at://did:plc:5yrn7ub56ytoaoq6im6ztrhr/app.bsky.feed.post/3mfvi5i5blk2k,1,0,0,0
bcd54dd6cf5c4896af4da79eae8e4c6e,2026-02-28T06:00:00Z,2026-02-28T06:18:02Z,auth,auth_enUS_labelerexp,at://did:plc:2gp3m6bnzqynpqq4nlwto5ar/app.bsky.feed.post/3mfvi426iby2c,0,0,0,0
bcd54dd6cf5c4896af4da79eae8e4c6e,2026-02-28T06:00:00Z,2026-02-28T06:18:02Z,auth,auth_enUS_labelerexp,at://did:plc:qjsuxjacaiboske5jh2z6lvo/app.bsky.feed.post/3mfvhwheybc2b,2,0,0,0
bcd54dd6cf5c4896af4da79eae8e4c6e,2026-02-28T06:00:00Z,2026-02-28T06:18:02Z,auth,auth_enUS_labelerexp,at://did:plc:owmupaz3vs7gxq3yvxf5o7lj/app.bsky.feed.post/3mfvhtkhd2223,0,0,1,0
bcd54dd6cf5c4896af4da79eae8e4c6e,2026-02-28T06:00:00Z,2026-02-28T06:18:02Z,auth,auth_enUS_labelerexp,at://did:plc:unnjqmel4ud3wy3pmfi57yqn/app.bsky.feed.post/3mfvhs2calk25,0,0,0,0
bcd54dd6cf5c4896af4da79eae8e4c6e,2026-02-28T06:00:00Z,2026-02-28T06:18:02Z,auth,auth_enUS_labelerexp,at://did:plc:5yrn7ub56ytoaoq6im6ztrhr/app.bsky.feed.post/3mfvhqk2dcs2k,2,0,1,0
bcd54dd6cf5c4896af4da79eae8e4c6e,2026-02-28T06:00:00Z,2026-02-28T06:18:02Z,auth,auth_enUS_labelerexp,at://did:plc:4s6e6eqw6hz5hm7ixi2uil6f/app.bsky.feed.post/3mfvhpv6ryc2u,2,0,1,0
bcd54dd6cf5c4896af4da79eae8e4c6e,2026-02-28T06:00:00Z,2026-02-28T06:18:02Z,auth,auth_enUS_labelerexp,at://did:plc:cjcztefw4jko4rc5wizt46jp/app.bsky.feed.post/3mfvhmf7uo22w,2,1,0,0
bcd54dd6cf5c4896af4da79eae8e4c6e,2026-02-28T06:00:00Z,2026-02-28T06:18:02Z,auth,auth_enUS_labelerexp,at://did:plc:cjcztefw4jko4rc5wizt46jp/app.bsky.feed.post/3mfvhkhodbk2w,0,0,0,0
bcd54dd6cf5c4896af4da79eae8e4c6e,2026-02-28T06:00:00Z,2026-02-28T06:18:02Z,auth,auth_enUS_labelerexp,at://did:plc:5yrn7ub56ytoaoq6im6ztrhr/app.bsky.feed.post/3mfvhhyaobc2k,2,0,0,0
bcd54dd6cf5c4896af4da79eae8e4c6e,2026-02-28T06:00:00Z,2026-02-28T06:18:02Z,auth,auth_enUS_labelerexp,at://did:plc:hb5o2tn6meau5p4pqd5jqkas/app.bsky.feed.post/3mfvhdac3q22t,3,2,1,0
bcd54dd6cf5c4896af4da79eae8e4c6e,2026-02-28T06:00:00Z,2026-02-28T06:18:02Z,auth,auth_enUS_labelerexp,at://did:plc:5yrn7ub56ytoaoq6im6ztrhr/app.bsky.feed.post/3mfvhc4hzvk2k,20,1,1,0
bcd54dd6cf5c4896af4da79eae8e4c6e,2026-02-28T06:00:00Z,2026-02-28T06:18:02Z,auth,auth_enUS_labelerexp,at://did:plc:aqdvq5dnjszyuk57qg53pu6a/app.bsky.feed.post/3mfvhbe4oh22z,1,0,0,0
bcd54dd6cf5c4896af4da79eae8e4c6e,2026-02-28T06:00:00Z,2026-02-28T06:18:02Z,auth,auth_enUS_labelerexp,at://did:plc:v2k6ce7drw7lycs3tlvcn7ui/app.bsky.feed.post/3mfvhannlpc25,0,0,0,0
bcd54dd6cf5c4896af4da79eae8e4c6e,2026-02-28T06:00:00Z,2026-02-28T06:18:02Z,auth,auth_enUS_labelerexp,at://did:plc:5cyx7ycysoqhe4bklfiz5w4k/app.bsky.feed.post/3mfvh7mpxv225,5,3,0,0
bcd54dd6cf5c4896af4da79eae8e4c6e,2026-02-28T06:00:00Z,2026-02-28T06:18:02Z,auth,auth_enUS_labelerexp,at://did:plc:zikwangm37t3jsf6mdtjz4w3/app.bsky.feed.post/3mfvh5mwnmk2a,0,0,0,0
bcd54dd6cf5c4896af4da79eae8e4c6e,2026-02-28T06:00:00Z,2026-02-28T06:18:02Z,auth,auth_enUS_labelerexp,at://did:plc:cjcztefw4jko4rc5wizt46jp/app.bsky.feed.post/3mfvh5dqw7c2w,0,0,0,0
bcd54dd6cf5c4896af4da79eae8e4c6e,2026-02-28T06:00:00Z,2026-02-28T06:18:02Z,auth,auth_enUS_labelerexp,at://did:plc:5yrn7ub56ytoaoq6im6ztrhr/app.bsky.feed.post/3mfvgz2of2s2k,3,0,0,0
bcd54dd6cf5c4896af4da79eae8e4c6e,2026-02-28T06:00:00Z,2026-02-28T06:18:02Z,auth,auth_enUS_labelerexp,at://did:plc:5yrn7ub56ytoaoq6im6ztrhr/app.bsky.feed.post/3mfvgte6wr22k,2,0,0,0
bcd54dd6cf5c4896af4da79eae8e4c6e,2026-02-28T06:00:00Z,2026-02-28T06:18:04Z,auth,auth_enUS_labelerexp,at://did:plc:3fivj26j5z7636uuxcsqh453/app.bsky.feed.post/3mfuv2ih5x22t,5,5,2,0
bcd54dd6cf5c4896af4da79eae8e4c6e,2026-02-28T06:00:00Z,2026-02-28T06:18:04Z,auth,auth_enUS_labelerexp,at://did:plc:yds662lhlukg3u6wtl3xx4oh/app.bsky.feed.post/3mfuj4upzb22j,11,1,0,0
bcd54dd6cf5c4896af4da79eae8e4c6e,2026-02-28T06:00:00Z,2026-02-28T06:18:04Z,auth,auth_enUS_labelerexp,at://did:plc:d62vi7uzfjd7i4cu4gsgvzyn/app.bsky.feed.post/3mftxr5vab222,15,6,0,0
bcd54dd6cf5c4896af4da79eae8e4c6e,2026-02-28T06:00:00Z,2026-02-28T06:18:04Z,auth,auth_enUS_labelerexp,at://did:plc:yds662lhlukg3u6wtl3xx4oh/app.bsky.feed.post/3mftnap2zm22g,17,2,0,0
bcd54dd6cf5c4896af4da79eae8e4c6e,2026-02-28T06:00:00Z,2026-02-28T06:18:04Z,auth,auth_enUS_labelerexp,at://did:plc:opq5phhuquxppobexcp2cm4y/app.bsky.feed.post/3mftizqfvha2g,137,93,13,10
bcd54dd6cf5c4896af4da79eae8e4c6e,2026-02-28T06:00:00Z,2026-02-28T06:18:04Z,auth,auth_enUS_labelerexp,at://did:plc:ve6s3mxkefjaxty3m4fdqumn/app.bsky.feed.post/3mftivb2h5s25,1,0,1,0
bcd54dd6cf5c4896af4da79eae8e4c6e,2026-02-28T06:00:00Z,2026-02-28T06:18:04Z,auth,auth_enUS_labelerexp,at://did:plc:yds662lhlukg3u6wtl3xx4oh/app.bsky.feed.post/3mfryh2sbik25,62,13,0,0
bcd54dd6cf5c4896af4da79eae8e4c6e,2026-02-28T06:00:00Z,2026-02-28T06:18:04Z,auth,auth_enUS_labelerexp,at://did:plc:yds662lhlukg3u6wtl3xx4oh/app.bsky.feed.post/3mfrtuxvygs2h,26,13,10,0
bcd54dd6cf5c4896af4da79eae8e4c6e,2026-02-28T06:00:00Z,2026-02-28T06:18:04Z,auth,auth_enUS_labelerexp,at://did:plc:yds662lhlukg3u6wtl3xx4oh/app.bsky.feed.post/3mfrtuxvlqk2h,41,20,2,0
bcd54dd6cf5c4896af4da79eae8e4c6e,2026-02-28T06:00:00Z,2026-02-28T06:18:04Z,auth,auth_enUS_labelerexp,at://did:plc:f5xkhushrnb4snbxuohamy4k/app.bsky.feed.post/3mfrsfltx7s25,65,32,6,0
bcd54dd6cf5c4896af4da79eae8e4c6e,2026-02-28T06:00:00Z,2026-02-28T06:18:04Z,auth,auth_enUS_labelerexp,at://did:plc:oumecbapgnmwjiltvbaemgqa/app.bsky.feed.post/3mfrrrrmnys2u,43,9,1,0
bcd54dd6cf5c4896af4da79eae8e4c6e,2026-02-28T06:00:00Z,2026-02-28T06:18:04Z,auth,auth_enUS_labelerexp,at://did:plc:w4dzg6tdavlznotnfa2vth6p/app.bsky.feed.post/3mfrazd7cuk2o,32,15,0,0
bcd54dd6cf5c4896af4da79eae8e4c6e,2026-02-28T06:00:00Z,2026-02-28T06:18:04Z,auth,auth_enUS_labelerexp,at://did:plc:lkeav2zzggrixdy7qo5rreww/app.bsky.feed.post/3mfp43kgbic27,27,7,2,1
bcd54dd6cf5c4896af4da79eae8e4c6e,2026-02-28T06:00:00Z,2026-02-28T06:18:04Z,auth,auth_enUS_labelerexp,at://did:plc:yds662lhlukg3u6wtl3xx4oh/app.bsky.feed.post/3mfp2jwians23,34,9,0,0
bcd54dd6cf5c4896af4da79eae8e4c6e,2026-02-28T06:00:00Z,2026-02-28T06:18:04Z,auth,auth_enUS_labelerexp,at://did:plc:yds662lhlukg3u6wtl3xx4oh/app.bsky.feed.post/3mfp2fosj4c23,25,4,1,0
bcd54dd6cf5c4896af4da79eae8e4c6e,2026-02-28T06:00:00Z,2026-02-28T06:18:04Z,auth,auth_enUS_labelerexp,at://did:plc:oumecbapgnmwjiltvbaemgqa/app.bsky.feed.post/3mfowghiknk27,13,0,2,0
bcd54dd6cf5c4896af4da79eae8e4c6e,2026-02-28T06:00:00Z,2026-02-28T06:18:04Z,auth,auth_enUS_labelerexp,at://did:plc:dqgkr53pbbfcm7lfxwhleovc/app.bsky.feed.post/3mfokemwkrc26,20,3,5,0
bcd54dd6cf5c4896af4da79eae8e4c6e,2026-02-28T06:00:00Z,2026-02-28T06:18:04Z,auth,auth_enUS_labelerexp,at://did:plc:cplke5awbylzwdr2a2fyijgl/app.bsky.feed.post/3mfnfubi5qk24,34,3,1,0
bcd54dd6cf5c4896af4da79eae8e4c6e,2026-02-28T06:00:00Z,2026-02-28T06:18:04Z,auth,auth_enUS_labelerexp,at://did:plc:d62vi7uzfjd7i4cu4gsgvzyn/app.bsky.feed.post/3mfmxkms4mc2n,38,8,0,1
bcd54dd6cf5c4896af4da79eae8e4c6e,2026-02-28T06:00:00Z,2026-02-28T06:18:04Z,auth,auth_enUS_labelerexp,at://did:plc:3qputnkewkim2xxl4vt4woob/app.bsky.feed.post/3mfmu2pfwms2i,18,5,0,0
bcd54dd6cf5c4896af4da79eae8e4c6e,2026-02-28T06:00:00Z,2026-02-28T06:18:04Z,auth,auth_enUS_labelerexp,at://did:plc:rvfwqxerxbkap4emcur444a7/app.bsky.feed.post/3mfmp2z7kus2r,77,17,4,1
bcd54dd6cf5c4896af4da79eae8e4c6e,2026-02-28T06:00:00Z,2026-02-28T06:18:04Z,auth,auth_enUS_labelerexp,at://did:plc:pzjisgu6zqcbhuz2knusp565/app.bsky.feed.post/3mfmnwdvo4s2f,10,0,1,0
bcd54dd6cf5c4896af4da79eae8e4c6e,2026-02-28T06:00:00Z,2026-02-28T06:18:04Z,auth,auth_enUS_labelerexp,at://did:plc:furgnexkydrc7lzalha4co75/app.bsky.feed.post/3mfmmkyf5ps2f,19,0,0,0
bcd54dd6cf5c4896af4da79eae8e4c6e,2026-02-28T06:00:00Z,2026-02-28T06:18:04Z,auth,auth_enUS_labelerexp,at://did:plc:ftejjsiy4h2qpg7ulth436er/app.bsky.feed.post/3mfmkfupc2c25,85,23,14,4
bcd54dd6cf5c4896af4da79eae8e4c6e,2026-02-28T06:00:00Z,2026-02-28T06:18:04Z,auth,auth_enUS_labelerexp,at://did:plc:dqgkr53pbbfcm7lfxwhleovc/app.bsky.feed.post/3mfmihnnrzc26,68,36,5,4
bcd54dd6cf5c4896af4da79eae8e4c6e,2026-02-28T06:00:00Z,2026-02-28T06:18:04Z,auth,auth_enUS_labelerexp,at://did:plc:f5xkhushrnb4snbxuohamy4k/app.bsky.feed.post/3mfmfn4u5sc2d,54,32,4,5
bcd54dd6cf5c4896af4da79eae8e4c6e,2026-02-28T06:00:00Z,2026-02-28T06:18:04Z,auth,auth_enUS_labelerexp,at://did:plc:mbsyz5d4psc7m5ri57ikievz/app.bsky.feed.post/3mfmczfkkbs2o,27,8,1,1
bcd54dd6cf5c4896af4da79eae8e4c6e,2026-02-28T06:00:00Z,2026-02-28T06:18:04Z,auth,auth_enUS_labelerexp,at://did:plc:mbsyz5d4psc7m5ri57ikievz/app.bsky.feed.post/3mfmcze2ec22o,39,19,1,0
bcd54dd6cf5c4896af4da79eae8e4c6e,2026-02-28T06:00:00Z,2026-02-28T06:18:04Z,auth,auth_enUS_labelerexp,at://did:plc:opsa4ty3rpwnrhzuxxaihuzz/app.bsky.feed.post/3mfmaigkfsk2i,32,14,0,1
bcd54dd6cf5c4896af4da79eae8e4c6e,2026-02-28T06:00:00Z,2026-02-28T06:18:04Z,auth,auth_enUS_labelerexp,at://did:plc:opsa4ty3rpwnrhzuxxaihuzz/app.bsky.feed.post/3mfm5ratqoc2i,91,49,2,4
bcd54dd6cf5c4896af4da79eae8e4c6e,2026-02-28T06:00:00Z,2026-02-28T06:18:04Z,auth,auth_enUS_labelerexp,at://did:plc:5ldsku7tpjwwowladiubn6y7/app.bsky.feed.post/3mflucrs7x22x,146,57,4,1
bcd54dd6cf5c4896af4da79eae8e4c6e,2026-02-28T06:00:00Z,2026-02-28T06:18:04Z,auth,auth_enUS_labelerexp,at://did:plc:d62vi7uzfjd7i4cu4gsgvzyn/app.bsky.feed.post/3mflrkagtis2l,17,5,1,1
bcd54dd6cf5c4896af4da79eae8e4c6e,2026-02-28T06:00:00Z,2026-02-28T06:18:04Z,auth,auth_enUS_labelerexp,at://did:plc:cplke5awbylzwdr2a2fyijgl/app.bsky.feed.post/3mflr7rxzbc2n,23,1,2,0
bcd54dd6cf5c4896af4da79eae8e4c6e,2026-02-28T06:00:00Z,2026-02-28T06:18:04Z,auth,auth_enUS_labelerexp,at://did:plc:yds662lhlukg3u6wtl3xx4oh/app.bsky.feed.post/3mflpgvi6qk22,40,13,2,1
bcd54dd6cf5c4896af4da79eae8e4c6e,2026-02-28T06:00:00Z,2026-02-28T06:18:04Z,auth,auth_enUS_labelerexp,at://did:plc:pzjisgu6zqcbhuz2knusp565/app.bsky.feed.post/3mfksnqcb2c2n,31,6,1,0
bcd54dd6cf5c4896af4da79eae8e4c6e,2026-02-28T06:00:00Z,2026-02-28T06:18:04Z,auth,auth_enUS_labelerexp,at://did:plc:lkeav2zzggrixdy7qo5rreww/app.bsky.feed.post/3mfkdb3bs2c2c,95,38,2,0
bcd54dd6cf5c4896af4da79eae8e4c6e,2026-02-28T06:00:00Z,2026-02-28T06:18:04Z,auth,auth_enUS_labelerexp,at://did:plc:d62vi7uzfjd7i4cu4gsgvzyn/app.bsky.feed.post/3mfkcn52xrk2o,48,14,2,0
bcd54dd6cf5c4896af4da79eae8e4c6e,2026-02-28T06:00:00Z,2026-02-28T06:18:04Z,auth,auth_enUS_labelerexp,at://did:plc:f5xkhushrnb4snbxuohamy4k/app.bsky.feed.post/3mfk767gsic27,113,15,1,1
bcd54dd6cf5c4896af4da79eae8e4c6e,2026-02-28T06:00:00Z,2026-02-28T06:18:04Z,auth,auth_enUS_labelerexp,at://did:plc:d62vi7uzfjd7i4cu4gsgvzyn/app.bsky.feed.post/3mfk5eltsnc2g,57,19,2,1
bcd54dd6cf5c4896af4da79eae8e4c6e,2026-02-28T06:00:00Z,2026-02-28T06:18:04Z,auth,auth_enUS_labelerexp,at://did:plc:dqgkr53pbbfcm7lfxwhleovc/app.bsky.feed.post/3mfjadsopts24,27,4,1,0
bcd54dd6cf5c4896af4da79eae8e4c6e,2026-02-28T06:00:00Z,2026-02-28T06:18:04Z,auth,auth_enUS_labelerexp,at://did:plc:d62vi7uzfjd7i4cu4gsgvzyn/app.bsky.feed.post/3mfixxe7u422x,118,39,0,1
bcd54dd6cf5c4896af4da79eae8e4c6e,2026-02-28T06:00:00Z,2026-02-28T06:18:04Z,auth,auth_enUS_labelerexp,at://did:plc:wuv4nhg5igtr2vivkul65cx6/app.bsky.feed.post/3mfia7sxo322f,17,2,1,0
bcd54dd6cf5c4896af4da79eae8e4c6e,2026-02-28T06:00:00Z,2026-02-28T06:18:04Z,auth,auth_enUS_labelerexp,at://did:plc:d62vi7uzfjd7i4cu4gsgvzyn/app.bsky.feed.post/3mfhyajnn4k2p,91,20,7,1
bcd54dd6cf5c4896af4da79eae8e4c6e,2026-02-28T06:00:00Z,2026-02-28T06:18:04Z,auth,auth_enUS_labelerexp,at://did:plc:yds662lhlukg3u6wtl3xx4oh/app.bsky.feed.post/3mfh5vq6ktk2c,187,63,1,0
bcd54dd6cf5c4896af4da79eae8e4c6e,2026-02-28T06:00:00Z,2026-02-28T06:18:04Z,auth,auth_enUS_labelerexp,at://did:plc:yds662lhlukg3u6wtl3xx4oh/app.bsky.feed.post/3mfh5ttga3k2c,66,46,6,2
bcd54dd6cf5c4896af4da79eae8e4c6e,2026-02-28T06:00:00Z,2026-02-28T06:18:04Z,auth,auth_enUS_labelerexp,at://did:plc:yds662lhlukg3u6wtl3xx4oh/app.bsky.feed.post/3mfh5sho5e22c,9,1,0,0
bcd54dd6cf5c4896af4da79eae8e4c6e,2026-02-28T06:00:00Z,2026-02-28T06:18:04Z,auth,auth_enUS_labelerexp,at://did:plc:vhwgv3eg5b3v6hydhvlossi2/app.bsky.feed.post/3mfh2kkyohk2f,29,14,1,2
bcd54dd6cf5c4896af4da79eae8e4c6e,2026-02-28T06:00:00Z,2026-02-28T06:18:04Z,auth,auth_enUS_labelerexp,at://did:plc:vhwgv3eg5b3v6hydhvlossi2/app.bsky.feed.post/3mfgysb2wok26,32,8,1,0
bcd54dd6cf5c4896af4da79eae8e4c6e,2026-02-28T06:00:00Z,2026-02-28T06:18:04Z,auth,auth_enUS_labelerexp,at://did:plc:d62vi7uzfjd7i4cu4gsgvzyn/app.bsky.feed.post/3mfgw5gf3ps2g,51,13,1,1
bcd54dd6cf5c4896af4da79eae8e4c6e,2026-02-28T06:00:00Z,2026-02-28T06:18:04Z,auth,auth_enUS_labelerexp,at://did:plc:w4dzg6tdavlznotnfa2vth6p/app.bsky.feed.post/3mfgvoz464c2z,58,28,0,4
bcd54dd6cf5c4896af4da79eae8e4c6e,2026-02-28T06:00:00Z,2026-02-28T06:18:05Z,auth,auth_enUS_labelerexp,at://did:plc:geoqe3qls5mwezckxxsewys2/app.bsky.feed.post/3k3ffgbxnd72z,845,34,8,0
bcd54dd6cf5c4896af4da79eae8e4c6e,2026-02-28T06:00:00Z,2026-02-28T06:18:05Z,auth,auth_enUS_labelerexp,at://did:plc:geoqe3qls5mwezckxxsewys2/app.bsky.feed.post/3mfujbhxa2c2p,10,0,2,1
bcd54dd6cf5c4896af4da79eae8e4c6e,2026-02-28T06:00:00Z,2026-02-28T06:18:05Z,auth,auth_enUS_labelerexp,at://did:plc:geoqe3qls5mwezckxxsewys2/app.bsky.feed.post/3mfd2gblsq22k,60,1,6,1
bcd54dd6cf5c4896af4da79eae8e4c6e,2026-02-28T06:00:00Z,2026-02-28T06:18:05Z,auth,auth_enUS_labelerexp,at://did:plc:geoqe3qls5mwezckxxsewys2/app.bsky.feed.post/3mdy7ntjguc2w,62,1,6,0
bcd54dd6cf5c4896af4da79eae8e4c6e,2026-02-28T06:00:00Z,2026-02-28T06:18:05Z,auth,auth_enUS_labelerexp,at://did:plc:geoqe3qls5mwezckxxsewys2/app.bsky.feed.post/3mayyqukltc2c,104,6,3,0
bcd54dd6cf5c4896af4da79eae8e4c6e,2026-02-28T06:00:00Z,2026-02-28T06:18:05Z,auth,auth_enUS_labelerexp,at://did:plc:geoqe3qls5mwezckxxsewys2/app.bsky.feed.post/3m763ewqsdk2h,80,4,3,0
bcd54dd6cf5c4896af4da79eae8e4c6e,2026-02-28T06:00:00Z,2026-02-28T06:18:05Z,auth,auth_enUS_labelerexp,at://did:plc:geoqe3qls5mwezckxxsewys2/app.bsky.feed.post/3m3ppddmkds2i,92,6,5,0
bcd54dd6cf5c4896af4da79eae8e4c6e,2026-02-28T06:00:00Z,2026-02-28T06:18:05Z,auth,auth_enUS_labelerexp,at://did:plc:geoqe3qls5mwezckxxsewys2/app.bsky.feed.post/3m2kf7vxi6224,49,4,4,0
bcd54dd6cf5c4896af4da79eae8e4c6e,2026-02-28T06:00:00Z,2026-02-28T06:18:05Z,auth,auth_enUS_labelerexp,at://did:plc:geoqe3qls5mwezckxxsewys2/app.bsky.feed.post/3m2hyexmzdk24,76,4,2,0
bcd54dd6cf5c4896af4da79eae8e4c6e,2026-02-28T06:00:00Z,2026-02-28T06:18:05Z,auth,auth_enUS_labelerexp,at://did:plc:geoqe3qls5mwezckxxsewys2/app.bsky.feed.post/3lysneyycns2i,77,3,2,0
bcd54dd6cf5c4896af4da79eae8e4c6e,2026-02-28T06:00:00Z,2026-02-28T06:18:05Z,auth,auth_enUS_labelerexp,at://did:plc:geoqe3qls5mwezckxxsewys2/app.bsky.feed.post/3lylrrrq5mk2q,69,3,6,0
bcd54dd6cf5c4896af4da79eae8e4c6e,2026-02-28T06:00:00Z,2026-02-28T06:18:05Z,auth,auth_enUS_labelerexp,at://did:plc:geoqe3qls5mwezckxxsewys2/app.bsky.feed.post/3lygskudybk2h,95,3,3,0
bcd54dd6cf5c4896af4da79eae8e4c6e,2026-02-28T06:00:00Z,2026-02-28T06:18:05Z,auth,auth_enUS_labelerexp,at://did:plc:geoqe3qls5mwezckxxsewys2/app.bsky.feed.post/3lxuubunazc2u,164,17,5,0
bcd54dd6cf5c4896af4da79eae8e4c6e,2026-02-28T06:00:00Z,2026-02-28T06:18:05Z,auth,auth_enUS_labelerexp,at://did:plc:geoqe3qls5mwezckxxsewys2/app.bsky.feed.post/3lxrv5fbhps24,71,11,1,0
bcd54dd6cf5c4896af4da79eae8e4c6e,2026-02-28T06:00:00Z,2026-02-28T06:18:05Z,auth,auth_enUS_labelerexp,at://did:plc:geoqe3qls5mwezckxxsewys2/app.bsky.feed.post/3lxfuhpugd22b,66,1,11,1
bcd54dd6cf5c4896af4da79eae8e4c6e,2026-02-28T06:00:00Z,2026-02-28T06:18:05Z,auth,auth_enUS_labelerexp,at://did:plc:geoqe3qls5mwezckxxsewys2/app.bsky.feed.post/3lwzfuo6qpc2v,73,4,4,1
bcd54dd6cf5c4896af4da79eae8e4c6e,2026-02-28T06:00:00Z,2026-02-28T06:18:05Z,auth,auth_enUS_labelerexp,at://did:plc:geoqe3qls5mwezckxxsewys2/app.bsky.feed.post/3lwzezwlot22v,375,26,18,3
bcd54dd6cf5c4896af4da79eae8e4c6e,2026-02-28T06:00:00Z,2026-02-28T06:18:05Z,auth,auth_enUS_labelerexp,at://did:plc:geoqe3qls5mwezckxxsewys2/app.bsky.feed.post/3lws2cit7u22f,617,44,25,3
bcd54dd6cf5c4896af4da79eae8e4c6e,2026-02-28T06:00:00Z,2026-02-28T06:18:05Z,auth,auth_enUS_labelerexp,at://did:plc:geoqe3qls5mwezckxxsewys2/app.bsky.feed.post/3lwormziels2j,87,2,6,0
bcd54dd6cf5c4896af4da79eae8e4c6e,2026-02-28T06:00:00Z,2026-02-28T06:18:05Z,auth,auth_enUS_labelerexp,at://did:plc:geoqe3qls5mwezckxxsewys2/app.bsky.feed.post/3lvo427jsdc2s,103,5,4,0
bcd54dd6cf5c4896af4da79eae8e4c6e,2026-02-28T06:00:00Z,2026-02-28T06:18:05Z,auth,auth_enUS_labelerexp,at://did:plc:geoqe3qls5mwezckxxsewys2/app.bsky.feed.post/3lvjyq4dzqs2c,121,3,7,0
bcd54dd6cf5c4896af4da79eae8e4c6e,2026-02-28T06:00:00Z,2026-02-28T06:18:05Z,auth,auth_enUS_labelerexp,at://did:plc:geoqe3qls5mwezckxxsewys2/app.bsky.feed.post/3luztswfzfc2w,88,4,5,0
bcd54dd6cf5c4896af4da79eae8e4c6e,2026-02-28T06:00:00Z,2026-02-28T06:18:05Z,auth,auth_enUS_labelerexp,at://did:plc:geoqe3qls5mwezckxxsewys2/app.bsky.feed.post/3luybd2hst22w,127,6,5,0
bcd54dd6cf5c4896af4da79eae8e4c6e,2026-02-28T06:00:00Z,2026-02-28T06:18:05Z,auth,auth_enUS_labelerexp,at://did:plc:geoqe3qls5mwezckxxsewys2/app.bsky.feed.post/3lusxtdd72jx5,99,5,10,1
bcd54dd6cf5c4896af4da79eae8e4c6e,2026-02-28T06:00:00Z,2026-02-28T06:18:05Z,auth,auth_enUS_labelerexp,at://did:plc:geoqe3qls5mwezckxxsewys2/app.bsky.feed.post/3luj5lned3sez,76,6,2,0
bcd54dd6cf5c4896af4da79eae8e4c6e,2026-02-28T06:00:00Z,2026-02-28T06:18:05Z,auth,auth_enUS_labelerexp,at://did:plc:geoqe3qls5mwezckxxsewys2/app.bsky.feed.post/3lubbv2osr5qg,61,4,12,0
bcd54dd6cf5c4896af4da79eae8e4c6e,2026-02-28T06:00:00Z,2026-02-28T06:18:05Z,auth,auth_enUS_labelerexp,at://did:plc:geoqe3qls5mwezckxxsewys2/app.bsky.feed.post/3lu72iip2jadq,80,3,3,0
bcd54dd6cf5c4896af4da79eae8e4c6e,2026-02-28T06:00:00Z,2026-02-28T06:18:05Z,auth,auth_enUS_labelerexp,at://did:plc:geoqe3qls5mwezckxxsewys2/app.bsky.feed.post/3ltzxgtji2lps,107,5,7,2
bcd54dd6cf5c4896af4da79eae8e4c6e,2026-02-28T06:00:00Z,2026-02-28T06:18:05Z,auth,auth_enUS_labelerexp,at://did:plc:geoqe3qls5mwezckxxsewys2/app.bsky.feed.post/3ltzfg6cvsibn,82,4,6,0
bcd54dd6cf5c4896af4da79eae8e4c6e,2026-02-28T06:00:00Z,2026-02-28T06:18:05Z,auth,auth_enUS_labelerexp,at://did:plc:geoqe3qls5mwezckxxsewys2/app.bsky.feed.post/3lsmp7pg4722w,213,6,11,0
bcd54dd6cf5c4896af4da79eae8e4c6e,2026-02-28T06:00:00Z,2026-02-28T06:18:05Z,auth,auth_enUS_labelerexp,at://did:plc:geoqe3qls5mwezckxxsewys2/app.bsky.feed.post/3lrldsirchc2u,279,17,9,1
bcd54dd6cf5c4896af4da79eae8e4c6e,2026-02-28T06:00:00Z,2026-02-28T06:18:05Z,auth,auth_enUS_labelerexp,at://did:plc:geoqe3qls5mwezckxxsewys2/app.bsky.feed.post/3lrjlvhr5yc2l,74,3,3,0
bcd54dd6cf5c4896af4da79eae8e4c6e,2026-02-28T06:00:00Z,2026-02-28T06:18:05Z,auth,auth_enUS_labelerexp,at://did:plc:geoqe3qls5mwezckxxsewys2/app.bsky.feed.post/3lr7gj6cdk22c,80,6,2,0
bcd54dd6cf5c4896af4da79eae8e4c6e,2026-02-28T06:00:00Z,2026-02-28T06:18:05Z,auth,auth_enUS_labelerexp,at://did:plc:geoqe3qls5mwezckxxsewys2/app.bsky.feed.post/3lr7dejc4yk2m,306,11,12,0
bcd54dd6cf5c4896af4da79eae8e4c6e,2026-02-28T06:00:00Z,2026-02-28T06:18:05Z,auth,auth_enUS_labelerexp,at://did:plc:geoqe3qls5mwezckxxsewys2/app.bsky.feed.post/3lq6l7kj64l2l,110,5,1,1
bcd54dd6cf5c4896af4da79eae8e4c6e,2026-02-28T06:00:00Z,2026-02-28T06:18:05Z,auth,auth_enUS_labelerexp,at://did:plc:geoqe3qls5mwezckxxsewys2/app.bsky.feed.post/3lq3wyx25iz26,58,6,4,0
bcd54dd6cf5c4896af4da79eae8e4c6e,2026-02-28T06:00:00Z,2026-02-28T06:18:05Z,auth,auth_enUS_labelerexp,at://did:plc:geoqe3qls5mwezckxxsewys2/app.bsky.feed.post/3lpwf5cqpah2n,44,1,7,0
bcd54dd6cf5c4896af4da79eae8e4c6e,2026-02-28T06:00:00Z,2026-02-28T06:18:05Z,auth,auth_enUS_labelerexp,at://did:plc:geoqe3qls5mwezckxxsewys2/app.bsky.feed.post/3lpupmdiscd2n,124,2,11,0
bcd54dd6cf5c4896af4da79eae8e4c6e,2026-02-28T06:00:00Z,2026-02-28T06:18:05Z,auth,auth_enUS_labelerexp,at://did:plc:geoqe3qls5mwezckxxsewys2/app.bsky.feed.post/3lppjezsaq426,80,3,14,1
bcd54dd6cf5c4896af4da79eae8e4c6e,2026-02-28T06:00:00Z,2026-02-28T06:18:05Z,auth,auth_enUS_labelerexp,at://did:plc:geoqe3qls5mwezckxxsewys2/app.bsky.feed.post/3lpn3tssrao2p,78,2,5,0
bcd54dd6cf5c4896af4da79eae8e4c6e,2026-02-28T06:00:00Z,2026-02-28T06:18:05Z,auth,auth_enUS_labelerexp,at://did:plc:geoqe3qls5mwezckxxsewys2/app.bsky.feed.post/3lpd25dp4em2l,17,1,1,0
bcd54dd6cf5c4896af4da79eae8e4c6e,2026-02-28T06:00:00Z,2026-02-28T06:18:05Z,auth,auth_enUS_labelerexp,at://did:plc:geoqe3qls5mwezckxxsewys2/app.bsky.feed.post/3lo2fsp7zic2l,143,9,7,0
bcd54dd6cf5c4896af4da79eae8e4c6e,2026-02-28T06:00:00Z,2026-02-28T06:18:05Z,auth,auth_enUS_labelerexp,at://did:plc:geoqe3qls5mwezckxxsewys2/app.bsky.feed.post/3lo23dvlcy62m,137,10,5,0
bcd54dd6cf5c4896af4da79eae8e4c6e,2026-02-28T06:00:00Z,2026-02-28T06:18:05Z,auth,auth_enUS_labelerexp,at://did:plc:geoqe3qls5mwezckxxsewys2/app.bsky.feed.post/3lmzrcq5idw2b,129,9,6,1
bcd54dd6cf5c4896af4da79eae8e4c6e,2026-02-28T06:00:00Z,2026-02-28T06:18:05Z,auth,auth_enUS_labelerexp,at://did:plc:geoqe3qls5mwezckxxsewys2/app.bsky.feed.post/3lmwuc3umyh2r,54,2,4,0
bcd54dd6cf5c4896af4da79eae8e4c6e,2026-02-28T06:00:00Z,2026-02-28T06:18:05Z,auth,auth_enUS_labelerexp,at://did:plc:geoqe3qls5mwezckxxsewys2/app.bsky.feed.post/3lmpmefhdgv2w,247,23,4,2
bcd54dd6cf5c4896af4da79eae8e4c6e,2026-02-28T06:00:00Z,2026-02-28T06:18:05Z,auth,auth_enUS_labelerexp,at://did:plc:geoqe3qls5mwezckxxsewys2/app.bsky.feed.post/3llhra7qtek2w,40,5,6,0
bcd54dd6cf5c4896af4da79eae8e4c6e,2026-02-28T06:00:00Z,2026-02-28T06:18:05Z,auth,auth_enUS_labelerexp,at://did:plc:geoqe3qls5mwezckxxsewys2/app.bsky.feed.post/3lk7xlrrg2f2h,421,30,29,0
bcd54dd6cf5c4896af4da79eae8e4c6e,2026-02-28T06:00:00Z,2026-02-28T06:18:05Z,auth,auth_enUS_labelerexp,at://did:plc:geoqe3qls5mwezckxxsewys2/app.bsky.feed.post/3lk52uugciw2q,256,32,3,3
bcd54dd6cf5c4896af4da79eae8e4c6e,2026-02-28T06:00:00Z,2026-02-28T06:18:05Z,auth,auth_enUS_labelerexp,at://did:plc:geoqe3qls5mwezckxxsewys2/app.bsky.feed.post/3ljswyxlsqz2q,398,19,34,2
bcd54dd6cf5c4896af4da79eae8e4c6e,2026-02-28T06:00:00Z,2026-02-28T06:18:06Z,auth,auth_enUS_labelerexp,at://did:plc:so5qaxrby4lta7ltcll3hzzr/app.bsky.feed.post/3lr2kxgm5o227,2411,223,3,32
bcd54dd6cf5c4896af4da79eae8e4c6e,2026-02-28T06:00:00Z,2026-02-28T06:18:06Z,auth,auth_enUS_labelerexp,at://did:plc:3ib4rejpl5qzhiiazztln3qv/app.bsky.feed.post/3mfvl6ppl3f2l,0,0,0,0
bcd54dd6cf5c4896af4da79eae8e4c6e,2026-02-28T06:00:00Z,2026-02-28T06:18:06Z,auth,auth_enUS_labelerexp,at://did:plc:n7kvzhe6i5no3pztvaurozjp/app.bsky.feed.post/3mfvl6dubvc2j,0,0,0,0
bcd54dd6cf5c4896af4da79eae8e4c6e,2026-02-28T06:00:00Z,2026-02-28T06:18:06Z,auth,auth_enUS_labelerexp,at://did:plc:iqcvhu33hoblzciabibzphab/app.bsky.feed.post/3mfvkwajmbk2x,1,0,0,0
bcd54dd6cf5c4896af4da79eae8e4c6e,2026-02-28T06:00:00Z,2026-02-28T06:18:06Z,auth,auth_enUS_labelerexp,at://did:plc:pkdmymymokcgblfva2lzo4bl/app.bsky.feed.post/3mfvkw42j6c2n,0,0,0,0
bcd54dd6cf5c4896af4da79eae8e4c6e,2026-02-28T06:00:00Z,2026-02-28T06:18:06Z,auth,auth_enUS_labelerexp,at://did:plc:pcjiifclff6jr7y6llbov7e6/app.bsky.feed.post/3mfvkvnoz322a,3,1,3,0
bcd54dd6cf5c4896af4da79eae8e4c6e,2026-02-28T06:00:00Z,2026-02-28T06:18:06Z,auth,auth_enUS_labelerexp,at://did:plc:3mb2ck6frd2ymjpzmpo5ykhk/app.bsky.feed.post/3mfvktql7522j,0,1,0,0
bcd54dd6cf5c4896af4da79eae8e4c6e,2026-02-28T06:00:00Z,2026-02-28T06:18:06Z,auth,auth_enUS_labelerexp,at://did:plc:b6daofb2ytru2h4zo2leqtit/app.bsky.feed.post/3mfvkn6m7d22s,0,0,0,0
bcd54dd6cf5c4896af4da79eae8e4c6e,2026-02-28T06:00:00Z,2026-02-28T06:18:06Z,auth,auth_enUS_labelerexp,at://did:plc:gl6tkvafttwmnjlu5qmlazp3/app.bsky.feed.post/3mfvkhk3hu22c,0,0,0,0
bcd54dd6cf5c4896af4da79eae8e4c6e,2026-02-28T06:00:00Z,2026-02-28T06:18:06Z,auth,auth_enUS_labelerexp,at://did:plc:3mb2ck6frd2ymjpzmpo5ykhk/app.bsky.feed.post/3mfvkh3aoik2j,1,0,1,0
bcd54dd6cf5c4896af4da79eae8e4c6e,2026-02-28T06:00:00Z,2026-02-28T06:18:06Z,auth,auth_enUS_labelerexp,at://did:plc:glwp6m2yw5bffv5yajko4sli/app.bsky.feed.post/3mfvkfkasmk25,2,0,0,0
bcd54dd6cf5c4896af4da79eae8e4c6e,2026-02-28T06:00:00Z,2026-02-28T06:18:06Z,auth,auth_enUS_labelerexp,at://did:plc:xxejezaholfr6w5ycbgyqbpw/app.bsky.feed.post/3mfvkcju7lk2j,1,0,0,0
bcd54dd6cf5c4896af4da79eae8e4c6e,2026-02-28T06:00:00Z,2026-02-28T06:18:06Z,auth,auth_enUS_labelerexp,at://did:plc:n7kvzhe6i5no3pztvaurozjp/app.bsky.feed.post/3mfvk4unymk2l,0,1,0,0
bcd54dd6cf5c4896af4da79eae8e4c6e,2026-02-28T06:00:00Z,2026-02-28T06:18:06Z,auth,auth_enUS_labelerexp,at://did:plc:so5qaxrby4lta7ltcll3hzzr/app.bsky.feed.post/3lstkciim232m,127,24,4,1
bcd54dd6cf5c4896af4da79eae8e4c6e,2026-02-28T06:00:00Z,2026-02-28T06:18:06Z,auth,auth_enUS_labelerexp,at://did:plc:dgg2tymvz2pmlukctoxwiytk/app.bsky.feed.post/3mfvjyma3n22a,0,0,0,0
bcd54dd6cf5c4896af4da79eae8e4c6e,2026-02-28T06:00:00Z,2026-02-28T06:18:06Z,auth,auth_enUS_labelerexp,at://did:plc:74obizo6bc3yfyx4sjhvldey/app.bsky.feed.post/3mfvjwwink62g,0,0,0,0
bcd54dd6cf5c4896af4da79eae8e4c6e,2026-02-28T06:00:00Z,2026-02-28T06:18:06Z,auth,auth_enUS_labelerexp,at://did:plc:74obizo6bc3yfyx4sjhvldey/app.bsky.feed.post/3mfvjt3mhxq2y,0,0,0,0
bcd54dd6cf5c4896af4da79eae8e4c6e,2026-02-28T06:00:00Z,2026-02-28T06:18:06Z,auth,auth_enUS_labelerexp,at://did:plc:n7kvzhe6i5no3pztvaurozjp/app.bsky.feed.post/3mfvjo4pu2s2s,0,1,0,0
bcd54dd6cf5c4896af4da79eae8e4c6e,2026-02-28T06:00:00Z,2026-02-28T06:18:06Z,auth,auth_enUS_labelerexp,at://did:plc:gl6tkvafttwmnjlu5qmlazp3/app.bsky.feed.post/3mfvjjrakuk2c,0,0,0,0
bcd54dd6cf5c4896af4da79eae8e4c6e,2026-02-28T06:00:00Z,2026-02-28T06:18:06Z,auth,auth_enUS_labelerexp,at://did:plc:w6q2d5iuhdpq2rzwv5qfj4z7/app.bsky.feed.post/3mfvjiyshjk23,1,0,0,0
bcd54dd6cf5c4896af4da79eae8e4c6e,2026-02-28T06:00:00Z,2026-02-28T06:18:06Z,auth,auth_enUS_labelerexp,at://did:plc:lmuoqcoabtbe6hbjwhj65jlj/app.bsky.feed.post/3mfvjiumam22a,1,0,0,0
bcd54dd6cf5c4896af4da79eae8e4c6e,2026-02-28T06:00:00Z,2026-02-28T06:18:06Z,auth,auth_enUS_labelerexp,at://did:plc:wyucfcd4dkk6qelw5vgk5ooe/app.bsky.feed.post/3mfvjbejc4c26,1,0,0,0
bcd54dd6cf5c4896af4da79eae8e4c6e,2026-02-28T06:00:00Z,2026-02-28T06:18:06Z,auth,auth_enUS_labelerexp,at://did:plc:h3kojnauk3w4nwiz7pnvzh36/app.bsky.feed.post/3mfvisxdwr22i,0,0,0,0
bcd54dd6cf5c4896af4da79eae8e4c6e,2026-02-28T06:00:00Z,2026-02-28T06:18:06Z,auth,auth_enUS_labelerexp,at://did:plc:md4itpgi3e4l4rypd3ueblvl/app.bsky.feed.post/3mfvir2v6nk24,2,0,0,0
bcd54dd6cf5c4896af4da79eae8e4c6e,2026-02-28T06:00:00Z,2026-02-28T06:18:06Z,auth,auth_enUS_labelerexp,at://did:plc:gmd7wpxjq7lx3d6crucepcgp/app.bsky.feed.post/3mfvinyrsos26,0,0,1,0
bcd54dd6cf5c4896af4da79eae8e4c6e,2026-02-28T06:00:00Z,2026-02-28T06:18:06Z,auth,auth_enUS_labelerexp,at://did:plc:3y37l3eyk2pybq3t7siszf32/app.bsky.feed.post/3mfvikeume22p,1,0,0,0
bcd54dd6cf5c4896af4da79eae8e4c6e,2026-02-28T06:00:00Z,2026-02-28T06:18:06Z,auth,auth_enUS_labelerexp,at://did:plc:5ypqtauvhtqts3zgonhn4p4x/app.bsky.feed.post/3mfvidddsu22b,1,0,1,0
bcd54dd6cf5c4896af4da79eae8e4c6e,2026-02-28T06:00:00Z,2026-02-28T06:18:06Z,auth,auth_enUS_labelerexp,at://did:plc:dhbj4k3wvul7p2w5szetgxux/app.bsky.feed.post/3mfvicv3her2w,0,0,0,0
bcd54dd6cf5c4896af4da79eae8e4c6e,2026-02-28T06:00:00Z,2026-02-28T06:18:06Z,auth,auth_enUS_labelerexp,at://did:plc:flvf335g7eaqad26osr2zfdx/app.bsky.feed.post/3mfvi4x5mdg2x,0,0,0,0
bcd54dd6cf5c4896af4da79eae8e4c6e,2026-02-28T06:00:00Z,2026-02-28T06:18:06Z,auth,auth_enUS_labelerexp,at://did:plc:6uf7wgssopyl6d3pkcxtsmip/app.bsky.feed.post/3mfvi3takls22,3,0,0,0
bcd54dd6cf5c4896af4da79eae8e4c6e,2026-02-28T06:00:00Z,2026-02-28T06:18:06Z,auth,auth_enUS_labelerexp,at://did:plc:n7kvzhe6i5no3pztvaurozjp/app.bsky.feed.post/3mfvhyvkuss2s,0,2,0,0
bcd54dd6cf5c4896af4da79eae8e4c6e,2026-02-28T06:00:00Z,2026-02-28T06:18:06Z,auth,auth_enUS_labelerexp,at://did:plc:rsbspzc5zl4eyhhzdaocr4ze/app.bsky.feed.post/3mfvhw3sqmc2k,3,0,0,0
bcd54dd6cf5c4896af4da79eae8e4c6e,2026-02-28T06:00:00Z,2026-02-28T06:18:06Z,auth,auth_enUS_labelerexp,at://did:plc:xxt2fvypywhr5gnr4mlvsmd2/app.bsky.feed.post/3mfvhw3zu5k24,0,0,0,0
bcd54dd6cf5c4896af4da79eae8e4c6e,2026-02-28T06:00:00Z,2026-02-28T06:18:06Z,auth,auth_enUS_labelerexp,at://did:plc:y4lpny6lq2xddrltdqog4yr3/app.bsky.feed.post/3mfvhty3d6s2u,5,0,0,0
bcd54dd6cf5c4896af4da79eae8e4c6e,2026-02-28T06:00:00Z,2026-02-28T06:18:06Z,auth,auth_enUS_labelerexp,at://did:plc:244xl32fo32kyegdmqe5giwq/app.bsky.feed.post/3mfvhphhwzc2q,2,1,1,1
bcd54dd6cf5c4896af4da79eae8e4c6e,2026-02-28T06:00:00Z,2026-02-28T06:18:06Z,auth,auth_enUS_labelerexp,at://did:plc:rwjmvqbcrbgxreovlebfheqr/app.bsky.feed.post/3mfvhih3rfc2z,3,0,1,0
bcd54dd6cf5c4896af4da79eae8e4c6e,2026-02-28T06:00:00Z,2026-02-28T06:18:06Z,auth,auth_enUS_labelerexp,at://did:plc:5bwaoqrvjyy25ogufmlkv6o2/app.bsky.feed.post/3mfvhhzn2qd2i,0,0,0,0
bcd54dd6cf5c4896af4da79eae8e4c6e,2026-02-28T06:00:00Z,2026-02-28T06:18:06Z,auth,auth_enUS_labelerexp,at://did:plc:63ma2jbu3i24kpcwzk4zxl63/app.bsky.feed.post/3mfvh6wwtc22k,2,0,1,0
bcd54dd6cf5c4896af4da79eae8e4c6e,2026-02-28T06:00:00Z,2026-02-28T06:18:06Z,auth,auth_enUS_labelerexp,at://did:plc:iqcvhu33hoblzciabibzphab/app.bsky.feed.post/3mfvh5n4rvs26,1,0,0,0
bcd54dd6cf5c4896af4da79eae8e4c6e,2026-02-28T06:00:00Z,2026-02-28T06:18:06Z,auth,auth_enUS_labelerexp,at://did:plc:vn2r75sbdehc2gi3qeuhwhap/app.bsky.feed.post/3mfvh5fgznk2y,10,0,0,0
bcd54dd6cf5c4896af4da79eae8e4c6e,2026-02-28T06:00:00Z,2026-02-28T06:18:06Z,auth,auth_enUS_labelerexp,at://did:plc:r3w3vq7ih4x4wkoexqkpmu4b/app.bsky.feed.post/3mfvgyvyozk2k,3,0,0,0
bcd54dd6cf5c4896af4da79eae8e4c6e,2026-02-28T06:00:00Z,2026-02-28T06:18:06Z,auth,auth_enUS_labelerexp,at://did:plc:e26sf7yq2vopdgmftbs73rq4/app.bsky.feed.post/3mfvgwyp2kd25,0,0,0,0
bcd54dd6cf5c4896af4da79eae8e4c6e,2026-02-28T06:00:00Z,2026-02-28T06:18:06Z,auth,auth_enUS_labelerexp,at://did:plc:l7xizzdygynr5cpgtir5c7or/app.bsky.feed.post/3mfvgvwzuek2q,2,1,1,0
bcd54dd6cf5c4896af4da79eae8e4c6e,2026-02-28T06:00:00Z,2026-02-28T06:18:06Z,auth,auth_enUS_labelerexp,at://did:plc:xnbugqjywfr4eheuamvsujqk/app.bsky.feed.post/3mfvgt7ekdc24,3,0,0,0
bcd54dd6cf5c4896af4da79eae8e4c6e,2026-02-28T06:00:00Z,2026-02-28T06:18:06Z,auth,auth_enUS_labelerexp,at://did:plc:vmemmvgl2t7e5xjze4y6srbp/app.bsky.feed.post/3mfvgrnqvnc2u,3,0,0,0
bcd54dd6cf5c4896af4da79eae8e4c6e,2026-02-28T06:00:00Z,2026-02-28T06:18:06Z,auth,auth_enUS_labelerexp,at://did:plc:h7nxif2t52dyhhfurvpjs4st/app.bsky.feed.post/3mfvgo25uaw2c,0,0,0,0
bcd54dd6cf5c4896af4da79eae8e4c6e,2026-02-28T06:00:00Z,2026-02-28T06:18:06Z,auth,auth_enUS_labelerexp,at://did:plc:lxyjvn4253qzkdzlx6mtvvrd/app.bsky.feed.post/3mfvgmwz4cs2n,0,0,0,0
bcd54dd6cf5c4896af4da79eae8e4c6e,2026-02-28T06:00:00Z,2026-02-28T06:18:06Z,auth,auth_enUS_labelerexp,at://did:plc:w2ccyzc57bdqcfmtsypgqh7w/app.bsky.feed.post/3mfvglz3mo22k,3,0,0,0
bcd54dd6cf5c4896af4da79eae8e4c6e,2026-02-28T06:00:00Z,2026-02-28T06:18:06Z,auth,auth_enUS_labelerexp,at://did:plc:cs4n5negmfmr2kswvsca5rny/app.bsky.feed.post/3mfvgensov22x,2,0,0,0
bcd54dd6cf5c4896af4da79eae8e4c6e,2026-02-28T06:00:00Z,2026-02-28T06:18:06Z,auth,auth_enUS_labelerexp,at://did:plc:k6otl4if6czlsvceplrs57pl/app.bsky.feed.post/3mfvgd2qspc2g,1,0,0,0
bcd54dd6cf5c4896af4da79eae8e4c6e,2026-02-28T06:00:00Z,2026-02-28T06:18:06Z,auth,auth_enUS_labelerexp,at://did:plc:ebxaa2q4ke43qxlbj5jyd3vx/app.bsky.feed.post/3mfvl3th24l2q,1,0,0,0
bcd54dd6cf5c4896af4da79eae8e4c6e,2026-02-28T06:00:00Z,2026-02-28T06:18:06Z,auth,auth_enUS_labelerexp,at://did:plc:y5c3upuoc5ojjbroomdsdko7/app.bsky.feed.post/3mfvkwlyyrm2t,0,0,0,0
bcd54dd6cf5c4896af4da79eae8e4c6e,2026-02-28T06:00:00Z,2026-02-28T06:18:06Z,auth,auth_enUS_labelerexp,at://did:plc:nzei44jvtxolxwlnew6pgb5l/app.bsky.feed.post/3mfvknmlpn226,0,0,0,0
bcd54dd6cf5c4896af4da79eae8e4c6e,2026-02-28T06:00:00Z,2026-02-28T06:18:06Z,auth,auth_enUS_labelerexp,at://did:plc:ebxaa2q4ke43qxlbj5jyd3vx/app.bsky.feed.post/3mfvklyi3qf2n,0,0,0,0
bcd54dd6cf5c4896af4da79eae8e4c6e,2026-02-28T06:00:00Z,2026-02-28T06:18:06Z,auth,auth_enUS_labelerexp,at://did:plc:5rbngrtm7t2xcieevpo36xl3/app.bsky.feed.post/3mfvkjdtrom24,0,0,0,0
bcd54dd6cf5c4896af4da79eae8e4c6e,2026-02-28T06:00:00Z,2026-02-28T06:18:06Z,auth,auth_enUS_labelerexp,at://did:plc:i4ej67edtpk7anyk3erfqc2s/app.bsky.feed.post/3mfvkf5nmbk2z,0,0,0,0
bcd54dd6cf5c4896af4da79eae8e4c6e,2026-02-28T06:00:00Z,2026-02-28T06:18:06Z,auth,auth_enUS_labelerexp,at://did:plc:epmqlpcpilgqdns6feykqqkz/app.bsky.feed.post/3mfvkcb52qc2m,0,0,0,0
bcd54dd6cf5c4896af4da79eae8e4c6e,2026-02-28T06:00:00Z,2026-02-28T06:18:06Z,auth,auth_enUS_labelerexp,at://did:plc:eq3tu7u4n6pnutxdyoibiqei/app.bsky.feed.post/3mfvk3nz4k225,0,0,0,0
bcd54dd6cf5c4896af4da79eae8e4c6e,2026-02-28T06:00:00Z,2026-02-28T06:18:06Z,auth,auth_enUS_labelerexp,at://did:plc:2ygh4m6khjpp7s4lhu72jtr6/app.bsky.feed.post/3mfvjyaxfnc2m,1,0,0,0
bcd54dd6cf5c4896af4da79eae8e4c6e,2026-02-28T06:00:00Z,2026-02-28T06:18:06Z,auth,auth_enUS_labelerexp,at://did:plc:egitlw5oy4neiiscoiygyq4s/app.bsky.feed.post/3mfvjyav5es2t,0,0,0,0
bcd54dd6cf5c4896af4da79eae8e4c6e,2026-02-28T06:00:00Z,2026-02-28T06:18:06Z,auth,auth_enUS_labelerexp,at://did:plc:xtrmksjo23eih7mkr7zlslp3/app.bsky.feed.post/3mfvjxqu3fs27,1,0,1,0
bcd54dd6cf5c4896af4da79eae8e4c6e,2026-02-28T06:00:00Z,2026-02-28T06:18:06Z,auth,auth_enUS_labelerexp,at://did:plc:eq3tu7u4n6pnutxdyoibiqei/app.bsky.feed.post/3mfvjnn27dc25,0,0,1,0
bcd54dd6cf5c4896af4da79eae8e4c6e,2026-02-28T06:00:00Z,2026-02-28T06:18:06Z,auth,auth_enUS_labelerexp,at://did:plc:an7tjzjiqfjxmz4noysiitgw/app.bsky.feed.post/3mfvjn4lqnk2h,0,0,0,0
bcd54dd6cf5c4896af4da79eae8e4c6e,2026-02-28T06:00:00Z,2026-02-28T06:18:06Z,auth,auth_enUS_labelerexp,at://did:plc:eq3tu7u4n6pnutxdyoibiqei/app.bsky.feed.post/3mfvjmcs5pc25,3,0,0,2
bcd54dd6cf5c4896af4da79eae8e4c6e,2026-02-28T06:00:00Z,2026-02-28T06:18:06Z,auth,auth_enUS_labelerexp,at://did:plc:hzbf4ijrk6tbwkkdaqd2tqjy/app.bsky.feed.post/3mfvjlspuoc2y,0,0,0,0
bcd54dd6cf5c4896af4da79eae8e4c6e,2026-02-28T06:00:00Z,2026-02-28T06:18:06Z,auth,auth_enUS_labelerexp,at://did:plc:ywkmymhl74em2r7ldnocytus/app.bsky.feed.post/3mfvjldjtdi2q,0,0,0,0
bcd54dd6cf5c4896af4da79eae8e4c6e,2026-02-28T06:00:00Z,2026-02-28T06:18:06Z,auth,auth_enUS_labelerexp,at://did:plc:s3vspzg2vjaoykcprmulmq5j/app.bsky.feed.post/3mfvjhvu7ds2b,0,0,0,0
bcd54dd6cf5c4896af4da79eae8e4c6e,2026-02-28T06:00:00Z,2026-02-28T06:18:06Z,auth,auth_enUS_labelerexp,at://did:plc:oclab4s36mkriakyyqgrotrz/app.bsky.feed.post/3mfvjeawsqc2g,0,0,0,0
bcd54dd6cf5c4896af4da79eae8e4c6e,2026-02-28T06:00:00Z,2026-02-28T06:18:06Z,auth,auth_enUS_labelerexp,at://did:plc:ggeqqg7y7j2mewelsxvo3pkk/app.bsky.feed.post/3mfvjdfn6ok2j,0,0,0,0
bcd54dd6cf5c4896af4da79eae8e4c6e,2026-02-28T06:00:00Z,2026-02-28T06:18:06Z,auth,auth_enUS_labelerexp,at://did:plc:ggeqqg7y7j2mewelsxvo3pkk/app.bsky.feed.post/3mfvj4q5amc2j,0,0,0,0
bcd54dd6cf5c4896af4da79eae8e4c6e,2026-02-28T06:00:00Z,2026-02-28T06:18:06Z,auth,auth_enUS_labelerexp,at://did:plc:y5c3upuoc5ojjbroomdsdko7/app.bsky.feed.post/3mfvj2s76jk26,0,0,0,0
bcd54dd6cf5c4896af4da79eae8e4c6e,2026-02-28T06:00:00Z,2026-02-28T06:18:06Z,auth,auth_enUS_labelerexp,at://did:plc:ne5jun57gitvyfsxscd4ko5r/app.bsky.feed.post/3mfvizxuhzs2k,0,0,0,0
bcd54dd6cf5c4896af4da79eae8e4c6e,2026-02-28T06:00:00Z,2026-02-28T06:18:06Z,auth,auth_enUS_labelerexp,at://did:plc:egitlw5oy4neiiscoiygyq4s/app.bsky.feed.post/3mfvizjapbs2t,0,0,0,0
bcd54dd6cf5c4896af4da79eae8e4c6e,2026-02-28T06:00:00Z,2026-02-28T06:18:06Z,auth,auth_enUS_labelerexp,at://did:plc:ebxaa2q4ke43qxlbj5jyd3vx/app.bsky.feed.post/3mfvisvzazy2v,0,0,0,0
bcd54dd6cf5c4896af4da79eae8e4c6e,2026-02-28T06:00:00Z,2026-02-28T06:18:06Z,auth,auth_enUS_labelerexp,at://did:plc:ss55xcxtlenqq7kgiwcwaydp/app.bsky.feed.post/3mfvipig4ef25,1,0,0,0
bcd54dd6cf5c4896af4da79eae8e4c6e,2026-02-28T06:00:00Z,2026-02-28T06:18:06Z,auth,auth_enUS_labelerexp,at://did:plc:ss55xcxtlenqq7kgiwcwaydp/app.bsky.feed.post/3mfviphvo2j24,0,0,0,0
bcd54dd6cf5c4896af4da79eae8e4c6e,2026-02-28T06:00:00Z,2026-02-28T06:18:06Z,auth,auth_enUS_labelerexp,at://did:plc:ss55xcxtlenqq7kgiwcwaydp/app.bsky.feed.post/3mfvipfvgcx2e,0,0,0,0
bcd54dd6cf5c4896af4da79eae8e4c6e,2026-02-28T06:00:00Z,2026-02-28T06:18:06Z,auth,auth_enUS_labelerexp,at://did:plc:ss55xcxtlenqq7kgiwcwaydp/app.bsky.feed.post/3mfvipdyeez2e,0,0,0,0
bcd54dd6cf5c4896af4da79eae8e4c6e,2026-02-28T06:00:00Z,2026-02-28T06:18:06Z,auth,auth_enUS_labelerexp,at://did:plc:ss55xcxtlenqq7kgiwcwaydp/app.bsky.feed.post/3mfvipctvcb24,1,0,0,0
bcd54dd6cf5c4896af4da79eae8e4c6e,2026-02-28T06:00:00Z,2026-02-28T06:18:06Z,auth,auth_enUS_labelerexp,at://did:plc:twwoubq5rzjm3vvp26bsz4db/app.bsky.feed.post/3mfvidxxcek25,0,0,1,0
bcd54dd6cf5c4896af4da79eae8e4c6e,2026-02-28T06:00:00Z,2026-02-28T06:18:06Z,auth,auth_enUS_labelerexp,at://did:plc:xsybg6pr4pfmpd446ijkoasc/app.bsky.feed.post/3mfvidsdcje2h,0,0,0,0
bcd54dd6cf5c4896af4da79eae8e4c6e,2026-02-28T06:00:00Z,2026-02-28T06:18:06Z,auth,auth_enUS_labelerexp,at://did:plc:ebxaa2q4ke43qxlbj5jyd3vx/app.bsky.feed.post/3mfvicqazra2y,0,0,0,0
bcd54dd6cf5c4896af4da79eae8e4c6e,2026-02-28T06:00:00Z,2026-02-28T06:18:06Z,auth,auth_enUS_labelerexp,at://did:plc:vt6uvvd3qplokptyua3unuln/app.bsky.feed.post/3mfvhttalzc2m,1,0,2,0
bcd54dd6cf5c4896af4da79eae8e4c6e,2026-02-28T06:00:00Z,2026-02-28T06:18:06Z,auth,auth_enUS_labelerexp,at://did:plc:un7lba4bvvfwgrok4avoph4s/app.bsky.feed.post/3mfvhlfln2s2p,0,0,0,0
bcd54dd6cf5c4896af4da79eae8e4c6e,2026-02-28T06:00:00Z,2026-02-28T06:18:06Z,auth,auth_enUS_labelerexp,at://did:plc:egitlw5oy4neiiscoiygyq4s/app.bsky.feed.post/3mfvhlgeb5k2t,0,0,0,0
bcd54dd6cf5c4896af4da79eae8e4c6e,2026-02-28T06:00:00Z,2026-02-28T06:18:06Z,auth,auth_enUS_labelerexp,at://did:plc:ebxaa2q4ke43qxlbj5jyd3vx/app.bsky.feed.post/3mfvhd5jred2j,1,0,0,0
bcd54dd6cf5c4896af4da79eae8e4c6e,2026-02-28T06:00:00Z,2026-02-28T06:18:06Z,auth,auth_enUS_labelerexp,at://did:plc:uzu6xsn42gevi7vw4m32vs2n/app.bsky.feed.post/3mfvhcog4yk2v,0,0,0,0
bcd54dd6cf5c4896af4da79eae8e4c6e,2026-02-28T06:00:00Z,2026-02-28T06:18:06Z,auth,auth_enUS_labelerexp,at://did:plc:un7lba4bvvfwgrok4avoph4s/app.bsky.feed.post/3mfvh7nrvt22n,0,0,0,0
bcd54dd6cf5c4896af4da79eae8e4c6e,2026-02-28T06:00:00Z,2026-02-28T06:18:06Z,auth,auth_enUS_labelerexp,at://did:plc:nhq4o4gjskhj5jwk5tjdklu3/app.bsky.feed.post/3mfvh2plwgc2w,0,0,0,0
bcd54dd6cf5c4896af4da79eae8e4c6e,2026-02-28T06:00:00Z,2026-02-28T06:18:06Z,auth,auth_enUS_labelerexp,at://did:plc:neagpuh2q5oerqowc22mxqmh/app.bsky.feed.post/3mfvgxrbyxw2i,1,0,0,0
bcd54dd6cf5c4896af4da79eae8e4c6e,2026-02-28T06:00:00Z,2026-02-28T06:18:06Z,auth,auth_enUS_labelerexp,at://did:plc:kijf3iue3d5gxyb5j2rxh33g/app.bsky.feed.post/3mfvgtjtkzv25,3,0,0,0
bcd54dd6cf5c4896af4da79eae8e4c6e,2026-02-28T06:00:00Z,2026-02-28T06:18:06Z,auth,auth_enUS_labelerexp,at://did:plc:ebxaa2q4ke43qxlbj5jyd3vx/app.bsky.feed.post/3mfvgje2wa62k,0,0,0,0
bcd54dd6cf5c4896af4da79eae8e4c6e,2026-02-28T06:00:00Z,2026-02-28T06:18:06Z,auth,auth_enUS_labelerexp,at://did:plc:22yr3szl232qjr3crlbvojf7/app.bsky.feed.post/3mfvghu6igkn2,0,0,0,0
bcd54dd6cf5c4896af4da79eae8e4c6e,2026-02-28T06:00:00Z,2026-02-28T06:18:06Z,auth,auth_enUS_labelerexp,at://did:plc:egitlw5oy4neiiscoiygyq4s/app.bsky.feed.post/3mfvgdi2hsc2t,0,0,0,0
bcd54dd6cf5c4896af4da79eae8e4c6e,2026-02-28T06:00:00Z,2026-02-28T06:18:06Z,auth,auth_enUS_labelerexp,at://did:plc:u6pkl7zdfnpqzegeen6drckz/app.bsky.feed.post/3mfvgaxjkuc27,0,0,0,0
bcd54dd6cf5c4896af4da79eae8e4c6e,2026-02-28T06:00:00Z,2026-02-28T06:18:06Z,auth,auth_enUS_labelerexp,at://did:plc:vlxzwcita3qagzh24iyfdyrb/app.bsky.feed.post/3mfvgai33mk2e,0,0,0,0
bcd54dd6cf5c4896af4da79eae8e4c6e,2026-02-28T06:00:00Z,2026-02-28T06:18:06Z,auth,auth_enUS_labelerexp,at://did:plc:ebxaa2q4ke43qxlbj5jyd3vx/app.bsky.feed.post/3mfvfzwcut72u,0,0,0,0
bcd54dd6cf5c4896af4da79eae8e4c6e,2026-02-28T06:00:00Z,2026-02-28T06:18:06Z,auth,auth_enUS_labelerexp,at://did:plc:3zreuc2exixhupehlsgssrgb/app.bsky.feed.post/3mfvfptttmk2g,2,0,0,0
bcd54dd6cf5c4896af4da79eae8e4c6e,2026-02-28T06:00:00Z,2026-02-28T06:18:06Z,auth,auth_enUS_labelerexp,at://did:plc:gvgrfku4vb26jjynblmhjvs7/app.bsky.feed.post/3mfvfpnwjys2u,0,0,0,0
bcd54dd6cf5c4896af4da79eae8e4c6e,2026-02-28T06:00:00Z,2026-02-28T06:18:06Z,auth,auth_enUS_labelerexp,at://did:plc:ebxaa2q4ke43qxlbj5jyd3vx/app.bsky.feed.post/3mfvfj7skjk2o,1,0,0,0
bcd54dd6cf5c4896af4da79eae8e4c6e,2026-02-28T06:00:00Z,2026-02-28T06:18:07Z,auth,auth_enUS_labelerexp,at://did:plc:2x5bs276hs2ibqgwzhnx2jae/app.bsky.feed.post/3mfvhhiwrj222,31,3,2,0
bcd54dd6cf5c4896af4da79eae8e4c6e,2026-02-28T06:00:00Z,2026-02-28T06:18:07Z,auth,auth_enUS_labelerexp,at://did:plc:vxdyct2qkmd4gsjeyh3lx7st/app.bsky.feed.post/3mfvitqmaxs2r,9,4,0,1
bcd54dd6cf5c4896af4da79eae8e4c6e,2026-02-28T06:00:00Z,2026-02-28T06:18:07Z,auth,auth_enUS_labelerexp,at://did:plc:b2azzqfe7n5jfntj33mdnwjm/app.bsky.feed.post/3mfvhmufwes2p,7,2,0,0
bcd54dd6cf5c4896af4da79eae8e4c6e,2026-02-28T06:00:00Z,2026-02-28T06:18:07Z,auth,auth_enUS_labelerexp,at://did:plc:2pwml7uxsl4skd2kl5h23sjr/app.bsky.feed.post/3mfuwhcou2k24,215,18,30,2
bcd54dd6cf5c4896af4da79eae8e4c6e,2026-02-28T06:00:00Z,2026-02-28T06:18:07Z,auth,auth_enUS_labelerexp,at://did:plc:vzsvsjiv5jir6ozv73xcutoq/app.bsky.feed.post/3mfviwdunpk2w,2,0,0,0
bcd54dd6cf5c4896af4da79eae8e4c6e,2026-02-28T06:00:00Z,2026-02-28T06:18:07Z,auth,auth_enUS_labelerexp,at://did:plc:krtgzfixmfafx4ndpywlfmsm/app.bsky.feed.post/3mfvfmeepg42f,6,1,0,3
bcd54dd6cf5c4896af4da79eae8e4c6e,2026-02-28T06:00:00Z,2026-02-28T06:18:07Z,auth,auth_enUS_labelerexp,at://did:plc:lgxwokjfnegutejxknkdpqwj/app.bsky.feed.post/3mfvjdpbcwc2r,1,0,0,0
bcd54dd6cf5c4896af4da79eae8e4c6e,2026-02-28T06:00:00Z,2026-02-28T06:18:07Z,auth,auth_enUS_labelerexp,at://did:plc:eszia3ynuja6s7x3y3xnmkil/app.bsky.feed.post/3mfv5luppjs2a,26,2,3,0
bcd54dd6cf5c4896af4da79eae8e4c6e,2026-02-28T06:00:00Z,2026-02-28T06:18:07Z,auth,auth_enUS_labelerexp,at://did:plc:vok3j6g7yrv63grj4to7byio/app.bsky.feed.post/3mfvbybpiq22u,9,1,0,0
bcd54dd6cf5c4896af4da79eae8e4c6e,2026-02-28T06:00:00Z,2026-02-28T06:18:07Z,auth,auth_enUS_labelerexp,at://did:plc:vok3j6g7yrv63grj4to7byio/app.bsky.feed.post/3mfvbybpiq22u,9,1,0,0
bcd54dd6cf5c4896af4da79eae8e4c6e,2026-02-28T06:00:00Z,2026-02-28T06:18:07Z,auth,auth_enUS_labelerexp,at://did:plc:vok3j6g7yrv63grj4to7byio/app.bsky.feed.post/3mfvbjg7dqc2i,8,2,0,0
bcd54dd6cf5c4896af4da79eae8e4c6e,2026-02-28T06:00:00Z,2026-02-28T06:18:07Z,auth,auth_enUS_labelerexp,at://did:plc:vok3j6g7yrv63grj4to7byio/app.bsky.feed.post/3mfvbjg7dqc2i,8,2,0,0
bcd54dd6cf5c4896af4da79eae8e4c6e,2026-02-28T06:00:00Z,2026-02-28T06:18:07Z,auth,auth_enUS_labelerexp,at://did:plc:x6tn4x7vcrgtxmzzuxjzj4lz/app.bsky.feed.post/3mfvhqh7h4c2u,1,0,0,0
bcd54dd6cf5c4896af4da79eae8e4c6e,2026-02-28T06:00:00Z,2026-02-28T06:18:07Z,auth,auth_enUS_labelerexp,at://did:plc:ursn3unvdh4isjfns7vocd55/app.bsky.feed.post/3mfv6yome4s2s,14,1,1,0
bcd54dd6cf5c4896af4da79eae8e4c6e,2026-02-28T06:00:00Z,2026-02-28T06:18:07Z,auth,auth_enUS_labelerexp,at://did:plc:b2azzqfe7n5jfntj33mdnwjm/app.bsky.feed.post/3mfvbexckn22p,7,1,0,0
bcd54dd6cf5c4896af4da79eae8e4c6e,2026-02-28T06:00:00Z,2026-02-28T06:18:07Z,auth,auth_enUS_labelerexp,at://did:plc:krtgzfixmfafx4ndpywlfmsm/app.bsky.feed.post/3mfvbeiyxxk2u,7,1,0,0
bcd54dd6cf5c4896af4da79eae8e4c6e,2026-02-28T06:00:00Z,2026-02-28T06:18:07Z,auth,auth_enUS_labelerexp,at://did:plc:dhdsezfk323sykc2l37vcyhp/app.bsky.feed.post/3mfvbxngi6c2n,4,0,2,0
bcd54dd6cf5c4896af4da79eae8e4c6e,2026-02-28T06:00:00Z,2026-02-28T06:18:07Z,auth,auth_enUS_labelerexp,at://did:plc:77fe4qxc74zyjnugs5pdtcyq/app.bsky.feed.post/3mfuq2hgyrc27,80,10,4,1
bcd54dd6cf5c4896af4da79eae8e4c6e,2026-02-28T06:00:00Z,2026-02-28T06:18:07Z,auth,auth_enUS_labelerexp,at://did:plc:bah2azodkviszc4qrjdywqoi/app.bsky.feed.post/3mfvckgk6ja2v,3,0,0,0
bcd54dd6cf5c4896af4da79eae8e4c6e,2026-02-28T06:00:00Z,2026-02-28T06:18:07Z,auth,auth_enUS_labelerexp,at://did:plc:wnuw37lluxzgsdnwxl7sgjmr/app.bsky.feed.post/3mfv4cmokqc2a,12,0,0,1
bcd54dd6cf5c4896af4da79eae8e4c6e,2026-02-28T06:00:00Z,2026-02-28T06:18:07Z,auth,auth_enUS_labelerexp,at://did:plc:ufrsoc2yj24bqlomu7ptclxb/app.bsky.feed.post/3mfv2bdbtrc2z,15,1,0,2
bcd54dd6cf5c4896af4da79eae8e4c6e,2026-02-28T06:00:00Z,2026-02-28T06:18:07Z,auth,auth_enUS_labelerexp,at://did:plc:vok3j6g7yrv63grj4to7byio/app.bsky.feed.post/3mfvbnspqis2i,3,1,0,0
bcd54dd6cf5c4896af4da79eae8e4c6e,2026-02-28T06:00:00Z,2026-02-28T06:18:07Z,auth,auth_enUS_labelerexp,at://did:plc:vok3j6g7yrv63grj4to7byio/app.bsky.feed.post/3mfvbnspqis2i,3,1,0,0
bcd54dd6cf5c4896af4da79eae8e4c6e,2026-02-28T06:00:00Z,2026-02-28T06:18:07Z,auth,auth_enUS_labelerexp,at://did:plc:a5yrzxyiufeqxf24sda5sebx/app.bsky.feed.post/3mfvanipztr27,4,1,0,0
bcd54dd6cf5c4896af4da79eae8e4c6e,2026-02-28T06:00:00Z,2026-02-28T06:18:07Z,auth,auth_enUS_labelerexp,at://did:plc:vok3j6g7yrv63grj4to7byio/app.bsky.feed.post/3mfvbh7xyp22i,3,0,0,0
bcd54dd6cf5c4896af4da79eae8e4c6e,2026-02-28T06:00:00Z,2026-02-28T06:18:07Z,auth,auth_enUS_labelerexp,at://did:plc:vok3j6g7yrv63grj4to7byio/app.bsky.feed.post/3mfvbh7xyp22i,3,0,0,0
bcd54dd6cf5c4896af4da79eae8e4c6e,2026-02-28T06:00:00Z,2026-02-28T06:18:07Z,auth,auth_enUS_labelerexp,at://did:plc:bdb6mpkg3hpmaye3mtp4w56m/app.bsky.feed.post/3mfuxxerj4s23,16,5,2,0
bcd54dd6cf5c4896af4da79eae8e4c6e,2026-02-28T06:00:00Z,2026-02-28T06:18:07Z,auth,auth_enUS_labelerexp,at://did:plc:4ecbxntdz7q7k45jpctts6mk/app.bsky.feed.post/3mfuu2slpjc2o,28,3,0,2
bcd54dd6cf5c4896af4da79eae8e4c6e,2026-02-28T06:00:00Z,2026-02-28T06:18:07Z,auth,auth_enUS_labelerexp,at://did:plc:a5yrzxyiufeqxf24sda5sebx/app.bsky.feed.post/3mfv3mkiwcj2g,9,1,0,0
bcd54dd6cf5c4896af4da79eae8e4c6e,2026-02-28T06:00:00Z,2026-02-28T06:18:07Z,auth,auth_enUS_labelerexp,at://did:plc:77fe4qxc74zyjnugs5pdtcyq/app.bsky.feed.post/3mfuzzvnwl22h,10,1,21,1
bcd54dd6cf5c4896af4da79eae8e4c6e,2026-02-28T06:00:00Z,2026-02-28T06:18:07Z,auth,auth_enUS_labelerexp,at://did:plc:72gz5dygi74ou7lx3lb6ehml/app.bsky.feed.post/3mfuwd76lyk22,17,0,3,0
bcd54dd6cf5c4896af4da79eae8e4c6e,2026-02-28T06:00:00Z,2026-02-28T06:18:07Z,auth,auth_enUS_labelerexp,at://did:plc:krtgzfixmfafx4ndpywlfmsm/app.bsky.feed.post/3mfv46auu5u2b,6,0,1,2
bcd54dd6cf5c4896af4da79eae8e4c6e,2026-02-28T06:00:00Z,2026-02-28T06:18:07Z,auth,auth_enUS_labelerexp,at://did:plc:ybxlo6kh6ysxvclz2vjz43rw/app.bsky.feed.post/3mfuw2ffi5c2y,16,1,0,0
bcd54dd6cf5c4896af4da79eae8e4c6e,2026-02-28T06:00:00Z,2026-02-28T06:18:07Z,auth,auth_enUS_labelerexp,at://did:plc:a5yrzxyiufeqxf24sda5sebx/app.bsky.feed.post/3mfuzwvvh3l2l,7,2,0,0
bcd54dd6cf5c4896af4da79eae8e4c6e,2026-02-28T06:00:00Z,2026-02-28T06:18:07Z,auth,auth_enUS_labelerexp,at://did:plc:yfzqc42lkdurwcpslq7yp3ud/app.bsky.feed.post/3mfuzlpmjkj2u,7,0,1,0
bcd54dd6cf5c4896af4da79eae8e4c6e,2026-02-28T06:00:00Z,2026-02-28T06:18:07Z,auth,auth_enUS_labelerexp,at://did:plc:a5yrzxyiufeqxf24sda5sebx/app.bsky.feed.post/3mfuzwvvh3l2l,7,2,0,0
bcd54dd6cf5c4896af4da79eae8e4c6e,2026-02-28T06:00:00Z,2026-02-28T06:18:07Z,auth,auth_enUS_labelerexp,at://did:plc:lgxwokjfnegutejxknkdpqwj/app.bsky.feed.post/3mfvckxag5v2n,1,0,0,0
bcd54dd6cf5c4896af4da79eae8e4c6e,2026-02-28T06:00:00Z,2026-02-28T06:18:07Z,auth,auth_enUS_labelerexp,at://did:plc:myifxav4tlmrkaiab434dk5g/app.bsky.feed.post/3mfv5txamwk2e,3,1,1,0
bcd54dd6cf5c4896af4da79eae8e4c6e,2026-02-28T06:00:00Z,2026-02-28T06:18:07Z,auth,auth_enUS_labelerexp,at://did:plc:cj325x467prawtzgdugcn2zl/app.bsky.feed.post/3mfuzwtsbok2f,6,2,1,0
bcd54dd6cf5c4896af4da79eae8e4c6e,2026-02-28T06:00:00Z,2026-02-28T06:18:07Z,auth,auth_enUS_labelerexp,at://did:plc:nkqngm63qlyl5veb5scb2wjw/app.bsky.feed.post/3mfuvjjgt5k2f,11,1,2,0
bcd54dd6cf5c4896af4da79eae8e4c6e,2026-02-28T06:00:00Z,2026-02-28T06:18:07Z,auth,auth_enUS_labelerexp,at://did:plc:eszia3ynuja6s7x3y3xnmkil/app.bsky.feed.post/3mfut7yi2js2g,15,0,2,0
bcd54dd6cf5c4896af4da79eae8e4c6e,2026-02-28T06:00:00Z,2026-02-28T06:18:07Z,auth,auth_enUS_labelerexp,at://did:plc:iaeeroi4vjpzyiehdihtxlbq/app.bsky.feed.post/3mfuyudefas24,6,0,8,0
bcd54dd6cf5c4896af4da79eae8e4c6e,2026-02-28T06:00:00Z,2026-02-28T06:18:07Z,auth,auth_enUS_labelerexp,at://did:plc:bzdhz7pkz6zbp2b5zus32hoy/app.bsky.feed.post/3mfued5ez2k2z,69,49,4,10
bcd54dd6cf5c4896af4da79eae8e4c6e,2026-02-28T06:00:00Z,2026-02-28T06:18:07Z,auth,auth_enUS_labelerexp,at://did:plc:lkdqsavlcogrdgqfj73vdvja/app.bsky.feed.post/3mfvbmf5igs27,1,1,0,0
bcd54dd6cf5c4896af4da79eae8e4c6e,2026-02-28T06:00:00Z,2026-02-28T06:18:07Z,auth,auth_enUS_labelerexp,at://did:plc:cj325x467prawtzgdugcn2zl/app.bsky.feed.post/3mfv2ztaqzc2r,4,2,1,0
bcd54dd6cf5c4896af4da79eae8e4c6e,2026-02-28T06:00:00Z,2026-02-28T06:18:07Z,auth,auth_enUS_labelerexp,at://did:plc:a5yrzxyiufeqxf24sda5sebx/app.bsky.feed.post/3mfv3mjfyqk2b,4,0,0,0
bcd54dd6cf5c4896af4da79eae8e4c6e,2026-02-28T06:00:00Z,2026-02-28T06:18:07Z,auth,auth_enUS_labelerexp,at://did:plc:sopo5gky656cqg4vnhvqqtgr/app.bsky.feed.post/3mfulqqy6jc2c,31,3,1,1
bcd54dd6cf5c4896af4da79eae8e4c6e,2026-02-28T06:00:00Z,2026-02-28T06:18:07Z,auth,auth_enUS_labelerexp,at://did:plc:c73swii4akrjp27lvmhs26r4/app.bsky.feed.post/3mfv2nt2e4k2o,4,1,0,0
bcd54dd6cf5c4896af4da79eae8e4c6e,2026-02-28T06:00:00Z,2026-02-28T06:18:07Z,auth,auth_enUS_labelerexp,at://did:plc:vd6jyjof3yuebrjye3gqea6k/app.bsky.feed.post/3mfusuqk4cs27,13,2,1,0
bcd54dd6cf5c4896af4da79eae8e4c6e,2026-02-28T06:00:00Z,2026-02-28T06:18:07Z,auth,auth_enUS_labelerexp,at://did:plc:x36nfi6r2zrizpsebcpr3lml/app.bsky.feed.post/3mfvb3ozlfk24,1,0,0,0
bcd54dd6cf5c4896af4da79eae8e4c6e,2026-02-28T06:00:00Z,2026-02-28T06:18:08Z,auth,auth_enUS_labelerexp,at://did:plc:kogkquurpi7vd6ck2tndcoog/app.bsky.feed.post/3kbhzuqmlqy2y,527,76,80,4
bcd54dd6cf5c4896af4da79eae8e4c6e,2026-02-28T06:00:00Z,2026-02-28T06:18:08Z,auth,auth_enUS_labelerexp,at://did:plc:bfq2re4mbk6t6bj5k6p2vakd/app.bsky.feed.post/3mfvjitrrwc2l,1,1,0,0
bcd54dd6cf5c4896af4da79eae8e4c6e,2026-02-28T06:00:00Z,2026-02-28T06:18:08Z,auth,auth_enUS_labelerexp,at://did:plc:mcb6n67plnrlx4lg35natk2b/app.bsky.feed.post/3mfvi3wjmfm2u,0,0,0,0
bcd54dd6cf5c4896af4da79eae8e4c6e,2026-02-28T06:00:00Z,2026-02-28T06:18:08Z,auth,auth_enUS_labelerexp,at://did:plc:zgitowc3gyg6r5lo4nkyz6nb/app.bsky.feed.post/3mfvi3gsbi22n,2,0,0,0
bcd54dd6cf5c4896af4da79eae8e4c6e,2026-02-28T06:00:00Z,2026-02-28T06:18:08Z,auth,auth_enUS_labelerexp,at://did:plc:q2bvornhrcvznhvqk27rwgfj/app.bsky.feed.post/3mfvhwjv73v2k,8,1,0,0
bcd54dd6cf5c4896af4da79eae8e4c6e,2026-02-28T06:00:00Z,2026-02-28T06:18:08Z,auth,auth_enUS_labelerexp,at://did:plc:vmapg4cdx4ctngrde5lwyx2z/app.bsky.feed.post/3mfvhj5axia2r,0,0,0,0
bcd54dd6cf5c4896af4da79eae8e4c6e,2026-02-28T06:00:00Z,2026-02-28T06:18:08Z,auth,auth_enUS_labelerexp,at://did:plc:mcb6n67plnrlx4lg35natk2b/app.bsky.feed.post/3mfvgfxhs5o23,0,0,0,0
bcd54dd6cf5c4896af4da79eae8e4c6e,2026-02-28T06:00:00Z,2026-02-28T06:18:08Z,auth,auth_enUS_labelerexp,at://did:plc:q2bvornhrcvznhvqk27rwgfj/app.bsky.feed.post/3mfvgaar6jv2n,9,1,0,0
bcd54dd6cf5c4896af4da79eae8e4c6e,2026-02-28T06:00:00Z,2026-02-28T06:18:08Z,auth,auth_enUS_labelerexp,at://did:plc:jlcflvygw7jnttso3bpisnc7/app.bsky.feed.post/3mfvg6hwp4c2e,5,1,0,0
bcd54dd6cf5c4896af4da79eae8e4c6e,2026-02-28T06:00:00Z,2026-02-28T06:18:08Z,auth,auth_enUS_labelerexp,at://did:plc:nr4su5f4jncsjz5p7onprxsq/app.bsky.feed.post/3mfvg4y3pqg2s,15,2,0,0
bcd54dd6cf5c4896af4da79eae8e4c6e,2026-02-28T06:00:00Z,2026-02-28T06:18:08Z,auth,auth_enUS_labelerexp,at://did:plc:zcrkcob3ak4pyaefkbidgriq/app.bsky.feed.post/3mfvfwob2vc2w,3,3,0,0
bcd54dd6cf5c4896af4da79eae8e4c6e,2026-02-28T06:00:00Z,2026-02-28T06:18:08Z,auth,auth_enUS_labelerexp,at://did:plc:vvzkjjb565zjzfusta6ed43i/app.bsky.feed.post/3mfvf2cg7ws2g,16,3,0,0
bcd54dd6cf5c4896af4da79eae8e4c6e,2026-02-28T06:00:00Z,2026-02-28T06:18:08Z,auth,auth_enUS_labelerexp,at://did:plc:k7pa7fkl64y5zt5g77tf4xxx/app.bsky.feed.post/3mfve2qvfmh2v,1,0,0,0
bcd54dd6cf5c4896af4da79eae8e4c6e,2026-02-28T06:00:00Z,2026-02-28T06:18:08Z,auth,auth_enUS_labelerexp,at://did:plc:3hwdcko2xqgrj2sromkhwyvk/app.bsky.feed.post/3mfvcdbtdv22b,11,1,0,0
bcd54dd6cf5c4896af4da79eae8e4c6e,2026-02-28T06:00:00Z,2026-02-28T06:18:08Z,auth,auth_enUS_labelerexp,at://did:plc:mcb6n67plnrlx4lg35natk2b/app.bsky.feed.post/3mfvbf2l2tc2u,0,0,0,0
bcd54dd6cf5c4896af4da79eae8e4c6e,2026-02-28T06:00:00Z,2026-02-28T06:18:08Z,auth,auth_enUS_labelerexp,at://did:plc:jlcflvygw7jnttso3bpisnc7/app.bsky.feed.post/3mfvb3wsefg2d,0,0,0,0
bcd54dd6cf5c4896af4da79eae8e4c6e,2026-02-28T06:00:00Z,2026-02-28T06:18:08Z,auth,auth_enUS_labelerexp,at://did:plc:nr4su5f4jncsjz5p7onprxsq/app.bsky.feed.post/3mfvb3mqfiv23,14,0,0,0
bcd54dd6cf5c4896af4da79eae8e4c6e,2026-02-28T06:00:00Z,2026-02-28T06:18:08Z,auth,auth_enUS_labelerexp,at://did:plc:r5l354ahi4j565yb77nt3y26/app.bsky.feed.post/3mfvb22llln2a,2,0,0,0
bcd54dd6cf5c4896af4da79eae8e4c6e,2026-02-28T06:00:00Z,2026-02-28T06:18:08Z,auth,auth_enUS_labelerexp,at://did:plc:vmapg4cdx4ctngrde5lwyx2z/app.bsky.feed.post/3mfvawbddik2r,0,0,0,0
bcd54dd6cf5c4896af4da79eae8e4c6e,2026-02-28T06:00:00Z,2026-02-28T06:18:08Z,auth,auth_enUS_labelerexp,at://did:plc:mcb6n67plnrlx4lg35natk2b/app.bsky.feed.post/3mfvatbkm4i2x,0,0,0,0
bcd54dd6cf5c4896af4da79eae8e4c6e,2026-02-28T06:00:00Z,2026-02-28T06:18:08Z,auth,auth_enUS_labelerexp,at://did:plc:qn5rrcrpcl34dn3mhojgfdzf/app.bsky.feed.post/3mfvasgyakc2r,3,1,0,0
bcd54dd6cf5c4896af4da79eae8e4c6e,2026-02-28T06:00:00Z,2026-02-28T06:18:08Z,auth,auth_enUS_labelerexp,at://did:plc:vmapg4cdx4ctngrde5lwyx2z/app.bsky.feed.post/3mfvap2tm5a2o,1,0,0,0
bcd54dd6cf5c4896af4da79eae8e4c6e,2026-02-28T06:00:00Z,2026-02-28T06:18:08Z,auth,auth_enUS_labelerexp,at://did:plc:3hwdcko2xqgrj2sromkhwyvk/app.bsky.feed.post/3mfvaoskzqu2n,8,0,0,0
bcd54dd6cf5c4896af4da79eae8e4c6e,2026-02-28T06:00:00Z,2026-02-28T06:18:08Z,auth,auth_enUS_labelerexp,at://did:plc:xq7cjrxnwifocn67jjjxbdgc/app.bsky.feed.post/3mfv7a5n7sc2c,4,0,0,0
bcd54dd6cf5c4896af4da79eae8e4c6e,2026-02-28T06:00:00Z,2026-02-28T06:18:08Z,auth,auth_enUS_labelerexp,at://did:plc:zcrkcob3ak4pyaefkbidgriq/app.bsky.feed.post/3mfv72vr5kc2x,7,2,0,0
bcd54dd6cf5c4896af4da79eae8e4c6e,2026-02-28T06:00:00Z,2026-02-28T06:18:08Z,auth,auth_enUS_labelerexp,at://did:plc:2qlbivzvdt6hp6dwrd2sx4sf/app.bsky.feed.post/3mfv6tzx2q225,2,1,1,0
bcd54dd6cf5c4896af4da79eae8e4c6e,2026-02-28T06:00:00Z,2026-02-28T06:18:08Z,auth,auth_enUS_labelerexp,at://did:plc:zcrkcob3ak4pyaefkbidgriq/app.bsky.feed.post/3mfv5iuq4jc2w,8,2,0,0
bcd54dd6cf5c4896af4da79eae8e4c6e,2026-02-28T06:00:00Z,2026-02-28T06:18:08Z,auth,auth_enUS_labelerexp,at://did:plc:hsh6yss4vcl6hlgf2bd263ab/app.bsky.feed.post/3mfv5bpahh22p,6,2,1,1
bcd54dd6cf5c4896af4da79eae8e4c6e,2026-02-28T06:00:00Z,2026-02-28T06:18:08Z,auth,auth_enUS_labelerexp,at://did:plc:mcb6n67plnrlx4lg35natk2b/app.bsky.feed.post/3mfv3sgccnz2x,0,0,0,0
bcd54dd6cf5c4896af4da79eae8e4c6e,2026-02-28T06:00:00Z,2026-02-28T06:18:08Z,auth,auth_enUS_labelerexp,at://did:plc:vmapg4cdx4ctngrde5lwyx2z/app.bsky.feed.post/3mfv3qvtrd32h,2,0,0,0
bcd54dd6cf5c4896af4da79eae8e4c6e,2026-02-28T06:00:00Z,2026-02-28T06:18:08Z,auth,auth_enUS_labelerexp,at://did:plc:uhr26rfncio4uhqm4fszxljn/app.bsky.feed.post/3mfv3q4dde22l,34,21,2,1
bcd54dd6cf5c4896af4da79eae8e4c6e,2026-02-28T06:00:00Z,2026-02-28T06:18:08Z,auth,auth_enUS_labelerexp,at://did:plc:mcb6n67plnrlx4lg35natk2b/app.bsky.feed.post/3mfv2olmchj2k,0,0,0,0
bcd54dd6cf5c4896af4da79eae8e4c6e,2026-02-28T06:00:00Z,2026-02-28T06:18:08Z,auth,auth_enUS_labelerexp,at://did:plc:q2bvornhrcvznhvqk27rwgfj/app.bsky.feed.post/3mfv2isonir2n,13,0,1,0
bcd54dd6cf5c4896af4da79eae8e4c6e,2026-02-28T06:00:00Z,2026-02-28T06:18:08Z,auth,auth_enUS_labelerexp,at://did:plc:jlcflvygw7jnttso3bpisnc7/app.bsky.feed.post/3mfv2gzlev22x,1,0,0,0
bcd54dd6cf5c4896af4da79eae8e4c6e,2026-02-28T06:00:00Z,2026-02-28T06:18:08Z,auth,auth_enUS_labelerexp,at://did:plc:vmapg4cdx4ctngrde5lwyx2z/app.bsky.feed.post/3mfv2fiusmg2o,0,0,0,0
bcd54dd6cf5c4896af4da79eae8e4c6e,2026-02-28T06:00:00Z,2026-02-28T06:18:08Z,auth,auth_enUS_labelerexp,at://did:plc:r5l354ahi4j565yb77nt3y26/app.bsky.feed.post/3mfv2d6jm2t2j,2,0,0,0
bcd54dd6cf5c4896af4da79eae8e4c6e,2026-02-28T06:00:00Z,2026-02-28T06:18:08Z,auth,auth_enUS_labelerexp,at://did:plc:4h7zaghpkwuw5tr2rxy7imb4/app.bsky.feed.post/3mfuzjwxqut2k,2,0,0,0
bcd54dd6cf5c4896af4da79eae8e4c6e,2026-02-28T06:00:00Z,2026-02-28T06:18:08Z,auth,auth_enUS_labelerexp,at://did:plc:vmapg4cdx4ctngrde5lwyx2z/app.bsky.feed.post/3mfuzg3osqv2c,0,0,1,0
bcd54dd6cf5c4896af4da79eae8e4c6e,2026-02-28T06:00:00Z,2026-02-28T06:18:08Z,auth,auth_enUS_labelerexp,at://did:plc:hsh6yss4vcl6hlgf2bd263ab/app.bsky.feed.post/3mfuyqgutmk2s,5,1,0,0
bcd54dd6cf5c4896af4da79eae8e4c6e,2026-02-28T06:00:00Z,2026-02-28T06:18:08Z,auth,auth_enUS_labelerexp,at://did:plc:2gxxhjv6ioyatkjww3c7mrbk/app.bsky.feed.post/3mfuygmyjz22l,41,1,0,0
bcd54dd6cf5c4896af4da79eae8e4c6e,2026-02-28T06:00:00Z,2026-02-28T06:18:08Z,auth,auth_enUS_labelerexp,at://did:plc:z2ykpwn5damqfeuptk7tfk7q/app.bsky.feed.post/3mfuxiyeowk2s,9,3,2,0
bcd54dd6cf5c4896af4da79eae8e4c6e,2026-02-28T06:00:00Z,2026-02-28T06:18:08Z,auth,auth_enUS_labelerexp,at://did:plc:c32cq3nfgavklsp444cyanwl/app.bsky.feed.post/3mfuxgsflgf22,4,1,0,0
bcd54dd6cf5c4896af4da79eae8e4c6e,2026-02-28T06:00:00Z,2026-02-28T06:18:08Z,auth,auth_enUS_labelerexp,at://did:plc:jlcflvygw7jnttso3bpisnc7/app.bsky.feed.post/3mfux24ooaw2c,2,1,0,0
bcd54dd6cf5c4896af4da79eae8e4c6e,2026-02-28T06:00:00Z,2026-02-28T06:18:08Z,auth,auth_enUS_labelerexp,at://did:plc:27ne33sghinyz3mduuq53tga/app.bsky.feed.post/3mfuwm7nvec22,4,1,0,0
bcd54dd6cf5c4896af4da79eae8e4c6e,2026-02-28T06:00:00Z,2026-02-28T06:18:08Z,auth,auth_enUS_labelerexp,at://did:plc:usc5fnhdxj7blvzyr7nsrag5/app.bsky.feed.post/3mfuwcghhlk2v,1,0,0,0
bcd54dd6cf5c4896af4da79eae8e4c6e,2026-02-28T06:00:00Z,2026-02-28T06:18:08Z,auth,auth_enUS_labelerexp,at://did:plc:vmapg4cdx4ctngrde5lwyx2z/app.bsky.feed.post/3mfuu7hwssh2c,0,0,0,0
bcd54dd6cf5c4896af4da79eae8e4c6e,2026-02-28T06:00:00Z,2026-02-28T06:18:08Z,auth,auth_enUS_labelerexp,at://did:plc:2qlbivzvdt6hp6dwrd2sx4sf/app.bsky.feed.post/3mfutxlijcc2b,48,6,2,1
bcd54dd6cf5c4896af4da79eae8e4c6e,2026-02-28T06:00:00Z,2026-02-28T06:18:08Z,auth,auth_enUS_labelerexp,at://did:plc:27ne33sghinyz3mduuq53tga/app.bsky.feed.post/3mfutha3fmk2t,3,1,0,0
bcd54dd6cf5c4896af4da79eae8e4c6e,2026-02-28T06:00:00Z,2026-02-28T06:18:08Z,auth,auth_enUS_labelerexp,at://did:plc:7pirvy4egeh3itzgzft3zbcb/app.bsky.feed.post/3mfusvszmss2v,3,0,0,0
bcd54dd6cf5c4896af4da79eae8e4c6e,2026-02-28T06:00:00Z,2026-02-28T06:18:08Z,auth,auth_enUS_labelerexp,at://did:plc:6xqgttfpfpmnnambe5xcovsk/app.bsky.feed.post/3mfuskqpy4s2k,9,5,2,0
bcd54dd6cf5c4896af4da79eae8e4c6e,2026-02-28T06:00:00Z,2026-02-28T06:18:09Z,auth,auth_enUS_labelerexp,at://did:plc:63svojyf3n6p47v3b42zlmdb/app.bsky.feed.post/3lbbjzf7e3s2m,723,108,51,18
bcd54dd6cf5c4896af4da79eae8e4c6e,2026-02-28T06:00:00Z,2026-02-28T06:18:09Z,auth,auth_enUS_labelerexp,at://did:plc:czjduztdqkrm6j2t5pik47s3/app.bsky.feed.post/3mfvj75ioi224,2,0,0,0
bcd54dd6cf5c4896af4da79eae8e4c6e,2026-02-28T06:00:00Z,2026-02-28T06:18:09Z,auth,auth_enUS_labelerexp,at://did:plc:udszcvpdxfyen5fqk75hhqzw/app.bsky.feed.post/3mfvilth6ls2r,2,1,0,0
bcd54dd6cf5c4896af4da79eae8e4c6e,2026-02-28T06:00:00Z,2026-02-28T06:18:09Z,auth,auth_enUS_labelerexp,at://did:plc:xz3qwoxwcmdfcyd6utmyeguv/app.bsky.feed.post/3mfv5nvfzjs2q,21,5,2,0
bcd54dd6cf5c4896af4da79eae8e4c6e,2026-02-28T06:00:00Z,2026-02-28T06:18:09Z,auth,auth_enUS_labelerexp,at://did:plc:kes7tg3qzfnhvoue6u57c5xm/app.bsky.feed.post/3mfv5n5hm5c2k,6,3,2,0
bcd54dd6cf5c4896af4da79eae8e4c6e,2026-02-28T06:00:00Z,2026-02-28T06:18:09Z,auth,auth_enUS_labelerexp,at://did:plc:43rudsv62fuwsmnk7oppgtdy/app.bsky.feed.post/3mfv47bh43s2f,4,1,0,0
bcd54dd6cf5c4896af4da79eae8e4c6e,2026-02-28T06:00:00Z,2026-02-28T06:18:09Z,auth,auth_enUS_labelerexp,at://did:plc:kmz5gbvgcnqo3icxg6vqklnb/app.bsky.feed.post/3mfuv2srciyp2,0,0,0,0
bcd54dd6cf5c4896af4da79eae8e4c6e,2026-02-28T06:00:00Z,2026-02-28T06:18:09Z,auth,auth_enUS_labelerexp,at://did:plc:ebovc3hnxjadg5cuul6geibu/app.bsky.feed.post/3mfur4pmty22x,8,1,4,0
bcd54dd6cf5c4896af4da79eae8e4c6e,2026-02-28T06:00:00Z,2026-02-28T06:18:09Z,auth,auth_enUS_labelerexp,at://did:plc:letiaq2sxesu34pzxurs5yji/app.bsky.feed.post/3mfuooiuhu226,12,3,0,0
bcd54dd6cf5c4896af4da79eae8e4c6e,2026-02-28T06:00:00Z,2026-02-28T06:18:09Z,auth,auth_enUS_labelerexp,at://did:plc:2bej4kdpsisfnf22qkkm2x55/app.bsky.feed.post/3mfungl7cns2z,5,0,0,0
bcd54dd6cf5c4896af4da79eae8e4c6e,2026-02-28T06:00:00Z,2026-02-28T06:18:09Z,auth,auth_enUS_labelerexp,at://did:plc:ogjf45goezwuy4f2xoxgik66/app.bsky.feed.post/3mfuixibetd2d,2,0,0,0
bcd54dd6cf5c4896af4da79eae8e4c6e,2026-02-28T06:00:00Z,2026-02-28T06:18:09Z,auth,auth_enUS_labelerexp,at://did:plc:43rudsv62fuwsmnk7oppgtdy/app.bsky.feed.post/3mfuhzksm5k2f,8,1,1,0
bcd54dd6cf5c4896af4da79eae8e4c6e,2026-02-28T06:00:00Z,2026-02-28T06:18:09Z,auth,auth_enUS_labelerexp,at://did:plc:43rudsv62fuwsmnk7oppgtdy/app.bsky.feed.post/3mfugufzkoc2b,2,3,0,0
bcd54dd6cf5c4896af4da79eae8e4c6e,2026-02-28T06:00:00Z,2026-02-28T06:18:09Z,auth,auth_enUS_labelerexp,at://did:plc:uptgfeea73j4bae7sre3ql4h/app.bsky.feed.post/3mfug4fzf6c2g,0,0,1,0
bcd54dd6cf5c4896af4da79eae8e4c6e,2026-02-28T06:00:00Z,2026-02-28T06:18:09Z,auth,auth_enUS_labelerexp,at://did:plc:43rudsv62fuwsmnk7oppgtdy/app.bsky.feed.post/3mfu6llje5c2f,27,12,1,0
bcd54dd6cf5c4896af4da79eae8e4c6e,2026-02-28T06:00:00Z,2026-02-28T06:18:09Z,auth,auth_enUS_labelerexp,at://did:plc:fntc33ytgx2cy7kwhey47v24/app.bsky.feed.post/3mfu6glcwak2s,2,0,1,0
bcd54dd6cf5c4896af4da79eae8e4c6e,2026-02-28T06:00:00Z,2026-02-28T06:18:09Z,auth,auth_enUS_labelerexp,at://did:plc:43rudsv62fuwsmnk7oppgtdy/app.bsky.feed.post/3mfu2rebkuc2i,9,4,3,0
bcd54dd6cf5c4896af4da79eae8e4c6e,2026-02-28T06:00:00Z,2026-02-28T06:18:09Z,auth,auth_enUS_labelerexp,at://did:plc:pyszu2oro6j5hwbnexkrl2cp/app.bsky.feed.post/3mftyuvkv6j2a,7,2,1,0
bcd54dd6cf5c4896af4da79eae8e4c6e,2026-02-28T06:00:00Z,2026-02-28T06:18:09Z,auth,auth_enUS_labelerexp,at://did:plc:age5xvis2s2vy5qiz2tjxoc6/app.bsky.feed.post/3mftypf74oc2g,30,21,0,3
bcd54dd6cf5c4896af4da79eae8e4c6e,2026-02-28T06:00:00Z,2026-02-28T06:18:09Z,auth,auth_enUS_labelerexp,at://did:plc:7sersfkhaznx4e4a2ttyc65d/app.bsky.feed.post/3mftqlcyfcs2b,20,13,0,0
bcd54dd6cf5c4896af4da79eae8e4c6e,2026-02-28T06:00:00Z,2026-02-28T06:18:09Z,auth,auth_enUS_labelerexp,at://did:plc:ss2g6ixqh6leapz47fu53kn4/app.bsky.feed.post/3mftmj47aas2p,46,6,3,0
bcd54dd6cf5c4896af4da79eae8e4c6e,2026-02-28T06:00:00Z,2026-02-28T06:18:09Z,auth,auth_enUS_labelerexp,at://did:plc:zuw5ejb6oyaxfdame5dzctsm/app.bsky.feed.post/3mftlhx6qr22r,2,0,0,0
bcd54dd6cf5c4896af4da79eae8e4c6e,2026-02-28T06:00:00Z,2026-02-28T06:18:09Z,auth,auth_enUS_labelerexp,at://did:plc:ou55wwcgdeeetie6lhiy36hd/app.bsky.feed.post/3mftipmpan42a,2,2,0,0
bcd54dd6cf5c4896af4da79eae8e4c6e,2026-02-28T06:00:00Z,2026-02-28T06:18:09Z,auth,auth_enUS_labelerexp,at://did:plc:szc7xq5qv7wg2abye6tlvet2/app.bsky.feed.post/3mftgzq3zac2u,9,5,1,0
bcd54dd6cf5c4896af4da79eae8e4c6e,2026-02-28T06:00:00Z,2026-02-28T06:18:09Z,auth,auth_enUS_labelerexp,at://did:plc:ou55wwcgdeeetie6lhiy36hd/app.bsky.feed.post/3mftagl3ep725,1,2,0,0
bcd54dd6cf5c4896af4da79eae8e4c6e,2026-02-28T06:00:00Z,2026-02-28T06:18:09Z,auth,auth_enUS_labelerexp,at://did:plc:zuo7ttfhdguujnpx22nctb7a/app.bsky.feed.post/3mft7wyhiuk2u,1,0,0,0
bcd54dd6cf5c4896af4da79eae8e4c6e,2026-02-28T06:00:00Z,2026-02-28T06:18:09Z,auth,auth_enUS_labelerexp,at://did:plc:qdbjeqjdesxm5qcdsvufefqv/app.bsky.feed.post/3mft2w7b2ds24,4,0,0,0
bcd54dd6cf5c4896af4da79eae8e4c6e,2026-02-28T06:00:00Z,2026-02-28T06:18:09Z,auth,auth_enUS_labelerexp,at://did:plc:ekc2i3ndc3arzvebfy6kr4e5/app.bsky.feed.post/3mft2hmcpus2p,1,0,0,0
bcd54dd6cf5c4896af4da79eae8e4c6e,2026-02-28T06:00:00Z,2026-02-28T06:18:09Z,auth,auth_enUS_labelerexp,at://did:plc:cyy3irakdgdbhcdtd4ik6aro/app.bsky.feed.post/3mfsz2a24ys2k,24,3,1,0
bcd54dd6cf5c4896af4da79eae8e4c6e,2026-02-28T06:00:00Z,2026-02-28T06:18:09Z,auth,auth_enUS_labelerexp,at://did:plc:gne26ff4y5qwer3zs62glyzd/app.bsky.feed.post/3mfsydwocri2v,5,0,0,0
bcd54dd6cf5c4896af4da79eae8e4c6e,2026-02-28T06:00:00Z,2026-02-28T06:18:09Z,auth,auth_enUS_labelerexp,at://did:plc:4bha2j53jojncpjceizdhatx/app.bsky.feed.post/3mfsyb4777k2c,6,2,0,0
bcd54dd6cf5c4896af4da79eae8e4c6e,2026-02-28T06:00:00Z,2026-02-28T06:18:09Z,auth,auth_enUS_labelerexp,at://did:plc:wj7svnevomfon6j3dj4c6ekf/app.bsky.feed.post/3mfswvvmohs2j,0,0,0,0
bcd54dd6cf5c4896af4da79eae8e4c6e,2026-02-28T06:00:00Z,2026-02-28T06:18:09Z,auth,auth_enUS_labelerexp,at://did:plc:bvkbdihlhqhdu3bxnnm7ze6u/app.bsky.feed.post/3mfstuosykk2w,1,0,0,0
bcd54dd6cf5c4896af4da79eae8e4c6e,2026-02-28T06:00:00Z,2026-02-28T06:18:09Z,auth,auth_enUS_labelerexp,at://did:plc:yp42wbf536uiihzlxgtviolc/app.bsky.feed.post/3mfsq3zqckk2a,2,1,0,0
bcd54dd6cf5c4896af4da79eae8e4c6e,2026-02-28T06:00:00Z,2026-02-28T06:18:09Z,auth,auth_enUS_labelerexp,at://did:plc:vt5her2m6434mexgxhvcifqf/app.bsky.feed.post/3mfspakniz223,10,2,1,0
bcd54dd6cf5c4896af4da79eae8e4c6e,2026-02-28T06:00:00Z,2026-02-28T06:18:09Z,auth,auth_enUS_labelerexp,at://did:plc:43rudsv62fuwsmnk7oppgtdy/app.bsky.feed.post/3mfslcdgfwc2f,5,4,0,0
bcd54dd6cf5c4896af4da79eae8e4c6e,2026-02-28T06:00:00Z,2026-02-28T06:18:09Z,auth,auth_enUS_labelerexp,at://did:plc:43rudsv62fuwsmnk7oppgtdy/app.bsky.feed.post/3mfsktmux2k2f,4,2,1,0
bcd54dd6cf5c4896af4da79eae8e4c6e,2026-02-28T06:00:00Z,2026-02-28T06:18:09Z,auth,auth_enUS_labelerexp,at://did:plc:vxdkwav4ywj3hrpqcrewfvnj/app.bsky.feed.post/3mfsgk6cw5k22,4,2,0,1
bcd54dd6cf5c4896af4da79eae8e4c6e,2026-02-28T06:00:00Z,2026-02-28T06:18:09Z,auth,auth_enUS_labelerexp,at://did:plc:5jj7pwch3oblnsl65tm7c35p/app.bsky.feed.post/3mfsg43ttwc2x,8,2,3,0
bcd54dd6cf5c4896af4da79eae8e4c6e,2026-02-28T06:00:00Z,2026-02-28T06:18:09Z,auth,auth_enUS_labelerexp,at://did:plc:sjyo2oood3fqiplmaszpq4ja/app.bsky.feed.post/3mfsfm2zurs2w,7,3,0,0
bcd54dd6cf5c4896af4da79eae8e4c6e,2026-02-28T06:00:00Z,2026-02-28T06:18:09Z,auth,auth_enUS_labelerexp,at://did:plc:vt5her2m6434mexgxhvcifqf/app.bsky.feed.post/3mfsext4pts2n,2,0,0,0
bcd54dd6cf5c4896af4da79eae8e4c6e,2026-02-28T06:00:00Z,2026-02-28T06:18:09Z,auth,auth_enUS_labelerexp,at://did:plc:htear452nbsyjz2on7aiqktw/app.bsky.feed.post/3mfsd7hzksc2d,4,2,1,0
bcd54dd6cf5c4896af4da79eae8e4c6e,2026-02-28T06:00:00Z,2026-02-28T06:18:09Z,auth,auth_enUS_labelerexp,at://did:plc:6meoo3zyn2nacdlmfai4h27w/app.bsky.feed.post/3mfsbsivbx22m,2,0,0,0
bcd54dd6cf5c4896af4da79eae8e4c6e,2026-02-28T06:00:00Z,2026-02-28T06:18:09Z,auth,auth_enUS_labelerexp,at://did:plc:qy7r2ddd3ouokzuw2dxtlfdk/app.bsky.feed.post/3mfs3o46f4k2j,3,0,0,0
bcd54dd6cf5c4896af4da79eae8e4c6e,2026-02-28T06:00:00Z,2026-02-28T06:18:09Z,auth,auth_enUS_labelerexp,at://did:plc:75c52ei56ysi7pc7lximanq4/app.bsky.feed.post/3mfryxzd2g226,13,2,1,0
bcd54dd6cf5c4896af4da79eae8e4c6e,2026-02-28T06:00:00Z,2026-02-28T06:18:09Z,auth,auth_enUS_labelerexp,at://did:plc:hedpcce7vylvdgibxuxjsuzb/app.bsky.feed.post/3mfruyv3scf2x,17,7,0,0
bcd54dd6cf5c4896af4da79eae8e4c6e,2026-02-28T06:00:00Z,2026-02-28T06:18:09Z,auth,auth_enUS_labelerexp,at://did:plc:2hm5ept3myp2dwfntwirjndb/app.bsky.feed.post/3mfrtc2vbhs2s,11,2,2,0
bcd54dd6cf5c4896af4da79eae8e4c6e,2026-02-28T06:00:00Z,2026-02-28T06:18:09Z,auth,auth_enUS_labelerexp,at://did:plc:43rudsv62fuwsmnk7oppgtdy/app.bsky.feed.post/3mfrset5la22f,2,2,0,0
bcd54dd6cf5c4896af4da79eae8e4c6e,2026-02-28T06:00:00Z,2026-02-28T06:18:09Z,auth,auth_enUS_labelerexp,at://did:plc:fntc33ytgx2cy7kwhey47v24/app.bsky.feed.post/3mfrpra2eik2h,1,1,1,0
bcd54dd6cf5c4896af4da79eae8e4c6e,2026-02-28T06:00:00Z,2026-02-28T06:18:09Z,auth,auth_enUS_labelerexp,at://did:plc:zdkx7gjp75aipdee5qflzfuc/app.bsky.feed.post/3mfrousohc62y,2,3,2,0
bcd54dd6cf5c4896af4da79eae8e4c6e,2026-02-28T06:00:00Z,2026-02-28T06:18:11Z,auth,auth_enUS_labelerexp,at://did:plc:pxkvwbfmltijbpjzk5srddcu/app.bsky.feed.post/3mfv7dz6hpc2s,4,0,0,0
bcd54dd6cf5c4896af4da79eae8e4c6e,2026-02-28T06:00:00Z,2026-02-28T06:18:11Z,auth,auth_enUS_labelerexp,at://did:plc:y6msusnvv26y7o3ldyvyo6ge/app.bsky.feed.post/3mfuorizqj22c,1,1,0,0
bcd54dd6cf5c4896af4da79eae8e4c6e,2026-02-28T06:00:00Z,2026-02-28T06:18:11Z,auth,auth_enUS_labelerexp,at://did:plc:qb4oplsgvdtu6xynnfiptom5/app.bsky.feed.post/3mfunlrb4nk2p,2,0,0,0
bcd54dd6cf5c4896af4da79eae8e4c6e,2026-02-28T06:00:00Z,2026-02-28T06:18:11Z,auth,auth_enUS_labelerexp,at://did:plc:73uwondbkeafoi6xzbyagzyq/app.bsky.feed.post/3mfun35llzs24,0,0,0,0
bcd54dd6cf5c4896af4da79eae8e4c6e,2026-02-28T06:00:00Z,2026-02-28T06:18:11Z,auth,auth_enUS_labelerexp,at://did:plc:zq5iz4hfj6x4w6a4kjofv3rn/app.bsky.feed.post/3mfuf5owim22o,2,0,1,0
bcd54dd6cf5c4896af4da79eae8e4c6e,2026-02-28T06:00:00Z,2026-02-28T06:18:11Z,auth,auth_enUS_labelerexp,at://did:plc:x3yt3sdtbvlhizqx5jh3hwuf/app.bsky.feed.post/3mfueetpqpc23,0,0,0,0
bcd54dd6cf5c4896af4da79eae8e4c6e,2026-02-28T06:00:00Z,2026-02-28T06:18:11Z,auth,auth_enUS_labelerexp,at://did:plc:gxyd4jf3i45lewtmrerphuvx/app.bsky.feed.post/3mfua32iul22x,0,0,0,0
bcd54dd6cf5c4896af4da79eae8e4c6e,2026-02-28T06:00:00Z,2026-02-28T06:18:11Z,auth,auth_enUS_labelerexp,at://did:plc:73uwondbkeafoi6xzbyagzyq/app.bsky.feed.post/3mfu7fyg6u224,8,5,0,1
bcd54dd6cf5c4896af4da79eae8e4c6e,2026-02-28T06:00:00Z,2026-02-28T06:18:11Z,auth,auth_enUS_labelerexp,at://did:plc:wxcwja56jpsa4yzbprvmtv74/app.bsky.feed.post/3mfu5rpy7ns2x,2,0,1,0
bcd54dd6cf5c4896af4da79eae8e4c6e,2026-02-28T06:00:00Z,2026-02-28T06:18:11Z,auth,auth_enUS_labelerexp,at://did:plc:s5gywrwrz5lnyi46jdi6ypuo/app.bsky.feed.post/3mfu3ql5nh22o,1,0,0,0
bcd54dd6cf5c4896af4da79eae8e4c6e,2026-02-28T06:00:00Z,2026-02-28T06:18:11Z,auth,auth_enUS_labelerexp,at://did:plc:roxhjcv6twbvmwm3enlt4jyl/app.bsky.feed.post/3mftxz7zlyv2g,3,1,0,0
bcd54dd6cf5c4896af4da79eae8e4c6e,2026-02-28T06:00:00Z,2026-02-28T06:18:11Z,auth,auth_enUS_labelerexp,at://did:plc:73uwondbkeafoi6xzbyagzyq/app.bsky.feed.post/3mftwtzbl6s25,26,14,0,1
bcd54dd6cf5c4896af4da79eae8e4c6e,2026-02-28T06:00:00Z,2026-02-28T06:18:11Z,auth,auth_enUS_labelerexp,at://did:plc:vjtwffmynkkbm7lxkbcknom2/app.bsky.feed.post/3mftnyegcvk2b,1,0,0,0
bcd54dd6cf5c4896af4da79eae8e4c6e,2026-02-28T06:00:00Z,2026-02-28T06:18:11Z,auth,auth_enUS_labelerexp,at://did:plc:nziirtsiooif77emnfdrlrnv/app.bsky.feed.post/3mftmwjuidf2o,0,1,1,0
bcd54dd6cf5c4896af4da79eae8e4c6e,2026-02-28T06:00:00Z,2026-02-28T06:18:11Z,auth,auth_enUS_labelerexp,at://did:plc:wlckjxgox5w7gt3akputopnb/app.bsky.feed.post/3mftkddosis2n,12,1,1,0
bcd54dd6cf5c4896af4da79eae8e4c6e,2026-02-28T06:00:00Z,2026-02-28T06:18:11Z,auth,auth_enUS_labelerexp,at://did:plc:pxkvwbfmltijbpjzk5srddcu/app.bsky.feed.post/3mfsohcifds2u,3,0,0,0
bcd54dd6cf5c4896af4da79eae8e4c6e,2026-02-28T06:00:00Z,2026-02-28T06:18:11Z,auth,auth_enUS_labelerexp,at://did:plc:73uwondbkeafoi6xzbyagzyq/app.bsky.feed.post/3mfs2ea637225,8,1,1,2
bcd54dd6cf5c4896af4da79eae8e4c6e,2026-02-28T06:00:00Z,2026-02-28T06:18:11Z,auth,auth_enUS_labelerexp,at://did:plc:d3jnfqtbehpfhdfezzg4pvss/app.bsky.feed.post/3mfrww5fcsd2u,2,0,0,0
bcd54dd6cf5c4896af4da79eae8e4c6e,2026-02-28T06:00:00Z,2026-02-28T06:18:11Z,auth,auth_enUS_labelerexp,at://did:plc:tkvnioglsp5dw44mvxjwcmmz/app.bsky.feed.post/3mfrw7nvn322z,13,7,2,0
bcd54dd6cf5c4896af4da79eae8e4c6e,2026-02-28T06:00:00Z,2026-02-28T06:18:11Z,auth,auth_enUS_labelerexp,at://did:plc:xnanzrmwkjvaj4sezphbdcgj/app.bsky.feed.post/3mfrsrpapj224,10,4,0,0
bcd54dd6cf5c4896af4da79eae8e4c6e,2026-02-28T06:00:00Z,2026-02-28T06:18:11Z,auth,auth_enUS_labelerexp,at://did:plc:d57eial5goacffcqzpbcw33v/app.bsky.feed.post/3mfrmovuwr22n,9,6,0,0
bcd54dd6cf5c4896af4da79eae8e4c6e,2026-02-28T06:00:00Z,2026-02-28T06:18:11Z,auth,auth_enUS_labelerexp,at://did:plc:roxhjcv6twbvmwm3enlt4jyl/app.bsky.feed.post/3mfrhl7nmy52e,13,2,0,0
bcd54dd6cf5c4896af4da79eae8e4c6e,2026-02-28T06:00:00Z,2026-02-28T06:18:11Z,auth,auth_enUS_labelerexp,at://did:plc:gfgz6pcttlfuzb7bh6qqe3lf/app.bsky.feed.post/3mfqucztz4s23,9,2,0,0
bcd54dd6cf5c4896af4da79eae8e4c6e,2026-02-28T06:00:00Z,2026-02-28T06:18:11Z,auth,auth_enUS_labelerexp,at://did:plc:h3wy2y522kdaolgh5ajnpy66/app.bsky.feed.post/3mfqrn7xqx223,12,3,0,1
bcd54dd6cf5c4896af4da79eae8e4c6e,2026-02-28T06:00:00Z,2026-02-28T06:18:11Z,auth,auth_enUS_labelerexp,at://did:plc:pxkvwbfmltijbpjzk5srddcu/app.bsky.feed.post/3mfqb3fzyq223,4,1,0,0
bcd54dd6cf5c4896af4da79eae8e4c6e,2026-02-28T06:00:00Z,2026-02-28T06:18:11Z,auth,auth_enUS_labelerexp,at://did:plc:73uwondbkeafoi6xzbyagzyq/app.bsky.feed.post/3mfplrev7m22j,20,5,0,0
bcd54dd6cf5c4896af4da79eae8e4c6e,2026-02-28T06:00:00Z,2026-02-28T06:18:11Z,auth,auth_enUS_labelerexp,at://did:plc:d57eial5goacffcqzpbcw33v/app.bsky.feed.post/3mfpkktluy22y,5,0,0,0
bcd54dd6cf5c4896af4da79eae8e4c6e,2026-02-28T06:00:00Z,2026-02-28T06:18:11Z,auth,auth_enUS_labelerexp,at://did:plc:lqfxxvkrxtfx4b7dxhv2lpdk/app.bsky.feed.post/3mfpdaeczj22f,2,2,0,0
bcd54dd6cf5c4896af4da79eae8e4c6e,2026-02-28T06:00:00Z,2026-02-28T06:18:11Z,auth,auth_enUS_labelerexp,at://did:plc:d57eial5goacffcqzpbcw33v/app.bsky.feed.post/3mfpbxcdf3s25,1,1,0,0
bcd54dd6cf5c4896af4da79eae8e4c6e,2026-02-28T06:00:00Z,2026-02-28T06:18:11Z,auth,auth_enUS_labelerexp,at://did:plc:jyctnrcv5dznuu67bkjjlf3t/app.bsky.feed.post/3mfp7xfetl32y,35,11,2,1
bcd54dd6cf5c4896af4da79eae8e4c6e,2026-02-28T06:00:00Z,2026-02-28T06:18:12Z,auth,auth_enUS_labelerexp,at://did:plc:rduhwyoszcdowok5bxdbh6vp/app.bsky.feed.post/3mfuqwlsfmc2d,7,2,2,0
bcd54dd6cf5c4896af4da79eae8e4c6e,2026-02-28T06:00:00Z,2026-02-28T06:18:12Z,auth,auth_enUS_labelerexp,at://did:plc:v6laejjz4r6n44nneiw3mupt/app.bsky.feed.post/3mftdmcnntk2x,0,0,0,0
bcd54dd6cf5c4896af4da79eae8e4c6e,2026-02-28T06:00:00Z,2026-02-28T06:18:12Z,auth,auth_enUS_labelerexp,at://did:plc:65b3kbil47einb4qjb232cot/app.bsky.feed.post/3mfskdd6v3s2i,5,1,0,0
bcd54dd6cf5c4896af4da79eae8e4c6e,2026-02-28T06:00:00Z,2026-02-28T06:18:12Z,auth,auth_enUS_labelerexp,at://did:plc:65b3kbil47einb4qjb232cot/app.bsky.feed.post/3mfskcvz3zk2i,34,17,1,0
bcd54dd6cf5c4896af4da79eae8e4c6e,2026-02-28T06:00:00Z,2026-02-28T06:18:12Z,auth,auth_enUS_labelerexp,at://did:plc:65b3kbil47einb4qjb232cot/app.bsky.feed.post/3mfskcmelxc2i,4,2,0,0
bcd54dd6cf5c4896af4da79eae8e4c6e,2026-02-28T06:00:00Z,2026-02-28T06:18:12Z,auth,auth_enUS_labelerexp,at://did:plc:65b3kbil47einb4qjb232cot/app.bsky.feed.post/3mfskc7f6yc2i,5,1,0,0
bcd54dd6cf5c4896af4da79eae8e4c6e,2026-02-28T06:00:00Z,2026-02-28T06:18:12Z,auth,auth_enUS_labelerexp,at://did:plc:65b3kbil47einb4qjb232cot/app.bsky.feed.post/3mfskbsfq2s2i,5,0,0,0
bcd54dd6cf5c4896af4da79eae8e4c6e,2026-02-28T06:00:00Z,2026-02-28T06:18:12Z,auth,auth_enUS_labelerexp,at://did:plc:65b3kbil47einb4qjb232cot/app.bsky.feed.post/3mfskbhtvjc2i,3,0,0,0
bcd54dd6cf5c4896af4da79eae8e4c6e,2026-02-28T06:00:00Z,2026-02-28T06:18:12Z,auth,auth_enUS_labelerexp,at://did:plc:65b3kbil47einb4qjb232cot/app.bsky.feed.post/3mfskb3qi2k2i,4,1,0,0
bcd54dd6cf5c4896af4da79eae8e4c6e,2026-02-28T06:00:00Z,2026-02-28T06:18:12Z,auth,auth_enUS_labelerexp,at://did:plc:xrscs5cgdj7mn6oio7ebxfmh/app.bsky.feed.post/3mfrwtyienm2q,11,3,0,0
bcd54dd6cf5c4896af4da79eae8e4c6e,2026-02-28T06:00:00Z,2026-02-28T06:18:12Z,auth,auth_enUS_labelerexp,at://did:plc:ibrmn3ffauu3tkytiqqxsm2g/app.bsky.feed.post/3mfrjtrjwt22c,3,2,0,0
bcd54dd6cf5c4896af4da79eae8e4c6e,2026-02-28T06:00:00Z,2026-02-28T06:18:12Z,auth,auth_enUS_labelerexp,at://did:plc:v6laejjz4r6n44nneiw3mupt/app.bsky.feed.post/3mfreti7uu22s,0,0,0,0
bcd54dd6cf5c4896af4da79eae8e4c6e,2026-02-28T06:00:00Z,2026-02-28T06:18:12Z,auth,auth_enUS_labelerexp,at://did:plc:6ntdebolqjiyjble7hlqaynz/app.bsky.feed.post/3mfr4kcpay222,7,6,1,0
bcd54dd6cf5c4896af4da79eae8e4c6e,2026-02-28T06:00:00Z,2026-02-28T06:18:12Z,auth,auth_enUS_labelerexp,at://did:plc:6ntdebolqjiyjble7hlqaynz/app.bsky.feed.post/3mfr4kh4lgs22,1,0,0,0
bcd54dd6cf5c4896af4da79eae8e4c6e,2026-02-28T06:00:00Z,2026-02-28T06:18:12Z,auth,auth_enUS_labelerexp,at://did:plc:v6laejjz4r6n44nneiw3mupt/app.bsky.feed.post/3mfqwga4o3c2t,0,0,0,0
bcd54dd6cf5c4896af4da79eae8e4c6e,2026-02-28T06:00:00Z,2026-02-28T06:18:12Z,auth,auth_enUS_labelerexp,at://did:plc:z3pcr4ej5cm37v4f2wbme44p/app.bsky.feed.post/3mfqmfrajyc25,7,2,0,0
bcd54dd6cf5c4896af4da79eae8e4c6e,2026-02-28T06:00:00Z,2026-02-28T06:18:12Z,auth,auth_enUS_labelerexp,at://did:plc:pnziu7licyhm4gm5unkqp5yg/app.bsky.feed.post/3mfqalxkclk2a,3,1,0,0
bcd54dd6cf5c4896af4da79eae8e4c6e,2026-02-28T06:00:00Z,2026-02-28T06:18:12Z,auth,auth_enUS_labelerexp,at://did:plc:pnziu7licyhm4gm5unkqp5yg/app.bsky.feed.post/3mfqaglvjzr2a,0,0,0,0
bcd54dd6cf5c4896af4da79eae8e4c6e,2026-02-28T06:00:00Z,2026-02-28T06:18:12Z,auth,auth_enUS_labelerexp,at://did:plc:pnziu7licyhm4gm5unkqp5yg/app.bsky.feed.post/3mfqaevnvbp2t,0,1,0,0
bcd54dd6cf5c4896af4da79eae8e4c6e,2026-02-28T06:00:00Z,2026-02-28T06:18:12Z,auth,auth_enUS_labelerexp,at://did:plc:pnziu7licyhm4gm5unkqp5yg/app.bsky.feed.post/3mfqa7jn65w2w,3,1,0,0
bcd54dd6cf5c4896af4da79eae8e4c6e,2026-02-28T06:00:00Z,2026-02-28T06:18:12Z,auth,auth_enUS_labelerexp,at://did:plc:pnziu7licyhm4gm5unkqp5yg/app.bsky.feed.post/3mfq6crmwhs2s,1,0,0,0
bcd54dd6cf5c4896af4da79eae8e4c6e,2026-02-28T06:00:00Z,2026-02-28T06:18:12Z,auth,auth_enUS_labelerexp,at://did:plc:pnziu7licyhm4gm5unkqp5yg/app.bsky.feed.post/3mfq6b4j3cp22,2,0,0,0
bcd54dd6cf5c4896af4da79eae8e4c6e,2026-02-28T06:00:00Z,2026-02-28T06:18:12Z,auth,auth_enUS_labelerexp,at://did:plc:pnziu7licyhm4gm5unkqp5yg/app.bsky.feed.post/3mfpziymmnh2r,3,3,0,0
bcd54dd6cf5c4896af4da79eae8e4c6e,2026-02-28T06:00:00Z,2026-02-28T06:18:12Z,auth,auth_enUS_labelerexp,at://did:plc:pnziu7licyhm4gm5unkqp5yg/app.bsky.feed.post/3mfpzh7iaiu2z,2,0,0,0
bcd54dd6cf5c4896af4da79eae8e4c6e,2026-02-28T06:00:00Z,2026-02-28T06:18:12Z,auth,auth_enUS_labelerexp,at://did:plc:pnziu7licyhm4gm5unkqp5yg/app.bsky.feed.post/3mfpzdoiieu2t,0,0,0,0
bcd54dd6cf5c4896af4da79eae8e4c6e,2026-02-28T06:00:00Z,2026-02-28T06:18:12Z,auth,auth_enUS_labelerexp,at://did:plc:pnziu7licyhm4gm5unkqp5yg/app.bsky.feed.post/3mfpz4hvnho2v,0,0,0,0
bcd54dd6cf5c4896af4da79eae8e4c6e,2026-02-28T06:00:00Z,2026-02-28T06:18:12Z,auth,auth_enUS_labelerexp,at://did:plc:pnziu7licyhm4gm5unkqp5yg/app.bsky.feed.post/3mfpz2sdonq2a,0,0,0,0
bcd54dd6cf5c4896af4da79eae8e4c6e,2026-02-28T06:00:00Z,2026-02-28T06:18:12Z,auth,auth_enUS_labelerexp,at://did:plc:65b3kbil47einb4qjb232cot/app.bsky.feed.post/3mfpyxmwwes2f,9,0,0,0
bcd54dd6cf5c4896af4da79eae8e4c6e,2026-02-28T06:00:00Z,2026-02-28T06:18:12Z,auth,auth_enUS_labelerexp,at://did:plc:65b3kbil47einb4qjb232cot/app.bsky.feed.post/3mfpyx4knz22f,6,1,0,0
bcd54dd6cf5c4896af4da79eae8e4c6e,2026-02-28T06:00:00Z,2026-02-28T06:18:12Z,auth,auth_enUS_labelerexp,at://did:plc:pnziu7licyhm4gm5unkqp5yg/app.bsky.feed.post/3mfpyx3s5mf2w,3,3,0,0
bcd54dd6cf5c4896af4da79eae8e4c6e,2026-02-28T06:00:00Z,2026-02-28T06:18:12Z,auth,auth_enUS_labelerexp,at://did:plc:65b3kbil47einb4qjb232cot/app.bsky.feed.post/3mfpywqgnyk2f,5,3,0,0
bcd54dd6cf5c4896af4da79eae8e4c6e,2026-02-28T06:00:00Z,2026-02-28T06:18:12Z,auth,auth_enUS_labelerexp,at://did:plc:65b3kbil47einb4qjb232cot/app.bsky.feed.post/3mfpywdeoyk2f,4,1,0,0
bcd54dd6cf5c4896af4da79eae8e4c6e,2026-02-28T06:00:00Z,2026-02-28T06:18:12Z,auth,auth_enUS_labelerexp,at://did:plc:65b3kbil47einb4qjb232cot/app.bsky.feed.post/3mfpyvstx322f,5,1,0,0
bcd54dd6cf5c4896af4da79eae8e4c6e,2026-02-28T06:00:00Z,2026-02-28T06:18:12Z,auth,auth_enUS_labelerexp,at://did:plc:65b3kbil47einb4qjb232cot/app.bsky.feed.post/3mfpyvdzbmk2f,3,0,0,0
bcd54dd6cf5c4896af4da79eae8e4c6e,2026-02-28T06:00:00Z,2026-02-28T06:18:12Z,auth,auth_enUS_labelerexp,at://did:plc:pnziu7licyhm4gm5unkqp5yg/app.bsky.feed.post/3mfpyvdlrgc2g,1,0,0,0
bcd54dd6cf5c4896af4da79eae8e4c6e,2026-02-28T06:00:00Z,2026-02-28T06:18:12Z,auth,auth_enUS_labelerexp,at://did:plc:65b3kbil47einb4qjb232cot/app.bsky.feed.post/3mfpyuxoygk2f,3,1,0,0
bcd54dd6cf5c4896af4da79eae8e4c6e,2026-02-28T06:00:00Z,2026-02-28T06:18:12Z,auth,auth_enUS_labelerexp,at://did:plc:65b3kbil47einb4qjb232cot/app.bsky.feed.post/3mfpyulougs2f,6,2,0,0
bcd54dd6cf5c4896af4da79eae8e4c6e,2026-02-28T06:00:00Z,2026-02-28T06:18:12Z,auth,auth_enUS_labelerexp,at://did:plc:65b3kbil47einb4qjb232cot/app.bsky.feed.post/3mfpyu3amls2f,3,0,0,0
bcd54dd6cf5c4896af4da79eae8e4c6e,2026-02-28T06:00:00Z,2026-02-28T06:18:12Z,auth,auth_enUS_labelerexp,at://did:plc:65b3kbil47einb4qjb232cot/app.bsky.feed.post/3mfpytii4rk2f,4,0,0,0
bcd54dd6cf5c4896af4da79eae8e4c6e,2026-02-28T06:00:00Z,2026-02-28T06:18:12Z,auth,auth_enUS_labelerexp,at://did:plc:pnziu7licyhm4gm5unkqp5yg/app.bsky.feed.post/3mfpyrwqjkk2g,1,0,0,0
bcd54dd6cf5c4896af4da79eae8e4c6e,2026-02-28T06:00:00Z,2026-02-28T06:18:12Z,auth,auth_enUS_labelerexp,at://did:plc:puacmqyssucxfgdbhfkuqwcd/app.bsky.feed.post/3mfpovi4my22j,2,0,0,0
bcd54dd6cf5c4896af4da79eae8e4c6e,2026-02-28T06:00:00Z,2026-02-28T06:18:12Z,auth,auth_enUS_labelerexp,at://did:plc:xs67ew6u6yyl3slspw4us6wn/app.bsky.feed.post/3mfoyc5wuis2j,1,0,0,0
bcd54dd6cf5c4896af4da79eae8e4c6e,2026-02-28T06:00:00Z,2026-02-28T06:18:12Z,auth,auth_enUS_labelerexp,at://did:plc:6ntdebolqjiyjble7hlqaynz/app.bsky.feed.post/3mfouvxipic2v,5,1,0,0
bcd54dd6cf5c4896af4da79eae8e4c6e,2026-02-28T06:00:00Z,2026-02-28T06:18:12Z,auth,auth_enUS_labelerexp,at://did:plc:v6laejjz4r6n44nneiw3mupt/app.bsky.feed.post/3mfokfztgb22c,2,3,0,0
bcd54dd6cf5c4896af4da79eae8e4c6e,2026-02-28T06:00:00Z,2026-02-28T06:18:12Z,auth,auth_enUS_labelerexp,at://did:plc:v6laejjz4r6n44nneiw3mupt/app.bsky.feed.post/3mfoen7y44s27,0,0,0,0
bcd54dd6cf5c4896af4da79eae8e4c6e,2026-02-28T06:00:00Z,2026-02-28T06:18:12Z,auth,auth_enUS_labelerexp,at://did:plc:65b3kbil47einb4qjb232cot/app.bsky.feed.post/3mfnk4dw44s2v,6,2,0,0
bcd54dd6cf5c4896af4da79eae8e4c6e,2026-02-28T06:00:00Z,2026-02-28T06:18:12Z,auth,auth_enUS_labelerexp,at://did:plc:odqmsar3ikz5ubokya4sempk/app.bsky.feed.post/3luit4xmgnk24,31,0,2,0
bcd54dd6cf5c4896af4da79eae8e4c6e,2026-02-28T06:00:00Z,2026-02-28T06:18:12Z,auth,auth_enUS_labelerexp,at://did:plc:65b3kbil47einb4qjb232cot/app.bsky.feed.post/3mfnk3xqv2c2v,11,7,0,0
bcd54dd6cf5c4896af4da79eae8e4c6e,2026-02-28T06:00:00Z,2026-02-28T06:18:12Z,auth,auth_enUS_labelerexp,at://did:plc:65b3kbil47einb4qjb232cot/app.bsky.feed.post/3mfnk3my3ts2v,6,2,0,0
bcd54dd6cf5c4896af4da79eae8e4c6e,2026-02-28T06:00:00Z,2026-02-28T06:18:12Z,auth,auth_enUS_labelerexp,at://did:plc:65b3kbil47einb4qjb232cot/app.bsky.feed.post/3mfnk3bhxl22v,4,1,0,0
bcd54dd6cf5c4896af4da79eae8e4c6e,2026-02-28T06:00:00Z,2026-02-28T06:18:13Z,auth,auth_enUS_labelerexp,at://did:plc:rc7dhxq4iohsmbjxc45nb4hg/app.bsky.feed.post/3mfuzaq4inc2y,1,1,0,0
bcd54dd6cf5c4896af4da79eae8e4c6e,2026-02-28T06:00:00Z,2026-02-28T06:18:13Z,auth,auth_enUS_labelerexp,at://did:plc:hlluibac2baczfx2uwkymcpk/app.bsky.feed.post/3mfutpipl2s2f,7,3,1,2
bcd54dd6cf5c4896af4da79eae8e4c6e,2026-02-28T06:00:00Z,2026-02-28T06:18:13Z,auth,auth_enUS_labelerexp,at://did:plc:qouz6smplczwlwizp272xomz/app.bsky.feed.post/3mfuqnby6ss2l,8,8,0,0
bcd54dd6cf5c4896af4da79eae8e4c6e,2026-02-28T06:00:00Z,2026-02-28T06:18:13Z,auth,auth_enUS_labelerexp,at://did:plc:tnj3jgp7incytukydchorvs3/app.bsky.feed.post/3mfulfduru22t,4,0,0,0
bcd54dd6cf5c4896af4da79eae8e4c6e,2026-02-28T06:00:00Z,2026-02-28T06:18:13Z,auth,auth_enUS_labelerexp,at://did:plc:q6mraw5bsmbw6ae4nz2nrple/app.bsky.feed.post/3mfulecfnic2q,9,6,2,1
bcd54dd6cf5c4896af4da79eae8e4c6e,2026-02-28T06:00:00Z,2026-02-28T06:18:13Z,auth,auth_enUS_labelerexp,at://did:plc:uurbqolmugmtepoblpmfdphz/app.bsky.feed.post/3mful4vnxmc2v,2,0,0,0
bcd54dd6cf5c4896af4da79eae8e4c6e,2026-02-28T06:00:00Z,2026-02-28T06:18:13Z,auth,auth_enUS_labelerexp,at://did:plc:shlbgs7b5bgmtxrj4cjh3rq4/app.bsky.feed.post/3mful3zx3q225,7,3,2,0
bcd54dd6cf5c4896af4da79eae8e4c6e,2026-02-28T06:00:00Z,2026-02-28T06:18:13Z,auth,auth_enUS_labelerexp,at://did:plc:mkbtimara5yrxs5a47qw6hvd/app.bsky.feed.post/3mfuiityqrc2p,7,5,1,0
bcd54dd6cf5c4896af4da79eae8e4c6e,2026-02-28T06:00:00Z,2026-02-28T06:18:13Z,auth,auth_enUS_labelerexp,at://did:plc:nrfxi3d5kgmsrmlnxg7epyyw/app.bsky.feed.post/3mfuieuhbds2s,1,0,0,0
bcd54dd6cf5c4896af4da79eae8e4c6e,2026-02-28T06:00:00Z,2026-02-28T06:18:13Z,auth,auth_enUS_labelerexp,at://did:plc:mkbtimara5yrxs5a47qw6hvd/app.bsky.feed.post/3mfuhvsevs22s,3,3,0,0
bcd54dd6cf5c4896af4da79eae8e4c6e,2026-02-28T06:00:00Z,2026-02-28T06:18:13Z,auth,auth_enUS_labelerexp,at://did:plc:mkbtimara5yrxs5a47qw6hvd/app.bsky.feed.post/3mfugmlna5c2o,4,4,1,0
bcd54dd6cf5c4896af4da79eae8e4c6e,2026-02-28T06:00:00Z,2026-02-28T06:18:13Z,auth,auth_enUS_labelerexp,at://did:plc:tsix4scvgfvre3vr62xyj4v2/app.bsky.feed.post/3mfugcjep622f,4,3,0,0
bcd54dd6cf5c4896af4da79eae8e4c6e,2026-02-28T06:00:00Z,2026-02-28T06:18:13Z,auth,auth_enUS_labelerexp,at://did:plc:47u2uyclcumfzk5ofix5sehj/app.bsky.feed.post/3mfudpwshxc2f,7,6,1,0
bcd54dd6cf5c4896af4da79eae8e4c6e,2026-02-28T06:00:00Z,2026-02-28T06:18:13Z,auth,auth_enUS_labelerexp,at://did:plc:47u2uyclcumfzk5ofix5sehj/app.bsky.feed.post/3mfud3mb5ns2o,9,8,2,0
bcd54dd6cf5c4896af4da79eae8e4c6e,2026-02-28T06:00:00Z,2026-02-28T06:18:13Z,auth,auth_enUS_labelerexp,at://did:plc:47u2uyclcumfzk5ofix5sehj/app.bsky.feed.post/3mfuczljycs2o,6,5,2,0
bcd54dd6cf5c4896af4da79eae8e4c6e,2026-02-28T06:00:00Z,2026-02-28T06:18:13Z,auth,auth_enUS_labelerexp,at://did:plc:mkbtimara5yrxs5a47qw6hvd/app.bsky.feed.post/3mfucckvg2c2o,1,1,0,0
bcd54dd6cf5c4896af4da79eae8e4c6e,2026-02-28T06:00:00Z,2026-02-28T06:18:13Z,auth,auth_enUS_labelerexp,at://did:plc:mkbtimara5yrxs5a47qw6hvd/app.bsky.feed.post/3mfubsfazis2o,3,2,1,0
bcd54dd6cf5c4896af4da79eae8e4c6e,2026-02-28T06:00:00Z,2026-02-28T06:18:13Z,auth,auth_enUS_labelerexp,at://did:plc:ehfrxh5oafz4xiqekfya3ha2/app.bsky.feed.post/3mfub3wkp7k2z,2,0,0,0
bcd54dd6cf5c4896af4da79eae8e4c6e,2026-02-28T06:00:00Z,2026-02-28T06:18:13Z,auth,auth_enUS_labelerexp,at://did:plc:mkbtimara5yrxs5a47qw6hvd/app.bsky.feed.post/3mfua63nj522w,5,3,3,0
bcd54dd6cf5c4896af4da79eae8e4c6e,2026-02-28T06:00:00Z,2026-02-28T06:18:13Z,auth,auth_enUS_labelerexp,at://did:plc:ehfrxh5oafz4xiqekfya3ha2/app.bsky.feed.post/3mfu7isbxbc2z,0,0,0,0
bcd54dd6cf5c4896af4da79eae8e4c6e,2026-02-28T06:00:00Z,2026-02-28T06:18:13Z,auth,auth_enUS_labelerexp,at://did:plc:fdvbqzbrm4oqwc4ugy6xspdr/app.bsky.feed.post/3mfu47ukorc2y,12,3,5,0
bcd54dd6cf5c4896af4da79eae8e4c6e,2026-02-28T06:00:00Z,2026-02-28T06:18:13Z,auth,auth_enUS_labelerexp,at://did:plc:qouz6smplczwlwizp272xomz/app.bsky.feed.post/3mfu3j4ppak2q,4,5,2,0
bcd54dd6cf5c4896af4da79eae8e4c6e,2026-02-28T06:00:00Z,2026-02-28T06:18:13Z,auth,auth_enUS_labelerexp,at://did:plc:g4xpehdi2ju26tyaodu6wn3q/app.bsky.feed.post/3mfu3izyed22r,11,7,1,1
bcd54dd6cf5c4896af4da79eae8e4c6e,2026-02-28T06:00:00Z,2026-02-28T06:18:13Z,auth,auth_enUS_labelerexp,at://did:plc:g4xpehdi2ju26tyaodu6wn3q/app.bsky.feed.post/3mfu3gzsaus2r,10,6,0,1
bcd54dd6cf5c4896af4da79eae8e4c6e,2026-02-28T06:00:00Z,2026-02-28T06:18:13Z,auth,auth_enUS_labelerexp,at://did:plc:g4xpehdi2ju26tyaodu6wn3q/app.bsky.feed.post/3mfu3cc37kc2r,7,6,0,1
bcd54dd6cf5c4896af4da79eae8e4c6e,2026-02-28T06:00:00Z,2026-02-28T06:18:13Z,auth,auth_enUS_labelerexp,at://did:plc:ohwl234w6iwuo3egddq3v2mu/app.bsky.feed.post/3mftztzieis2m,5,4,0,0
bcd54dd6cf5c4896af4da79eae8e4c6e,2026-02-28T06:00:00Z,2026-02-28T06:18:13Z,auth,auth_enUS_labelerexp,at://did:plc:hdzmjn6zmro67pfjcilz5uhn/app.bsky.feed.post/3mfto4mims222,4,1,0,0
bcd54dd6cf5c4896af4da79eae8e4c6e,2026-02-28T06:00:00Z,2026-02-28T06:18:13Z,auth,auth_enUS_labelerexp,at://did:plc:ehfrxh5oafz4xiqekfya3ha2/app.bsky.feed.post/3mftmk5fpbk27,3,1,0,0
bcd54dd6cf5c4896af4da79eae8e4c6e,2026-02-28T06:00:00Z,2026-02-28T06:18:13Z,auth,auth_enUS_labelerexp,at://did:plc:grdwwfscb3mdzzhvah7yfanq/app.bsky.feed.post/3mftmbkwsk22m,6,1,0,0
bcd54dd6cf5c4896af4da79eae8e4c6e,2026-02-28T06:00:00Z,2026-02-28T06:18:13Z,auth,auth_enUS_labelerexp,at://did:plc:qouz6smplczwlwizp272xomz/app.bsky.feed.post/3mftlgj2apk2g,10,8,2,2
bcd54dd6cf5c4896af4da79eae8e4c6e,2026-02-28T06:00:00Z,2026-02-28T06:18:13Z,auth,auth_enUS_labelerexp,at://did:plc:day6vvnxlkw55dtqfvluxbf2/app.bsky.feed.post/3mftj6i64gc2i,24,9,2,3
bcd54dd6cf5c4896af4da79eae8e4c6e,2026-02-28T06:00:00Z,2026-02-28T06:18:13Z,auth,auth_enUS_labelerexp,at://did:plc:ayk46j3mkly72xolsxzotqtg/app.bsky.feed.post/3mftifczllc2v,1,1,0,0
bcd54dd6cf5c4896af4da79eae8e4c6e,2026-02-28T06:00:00Z,2026-02-28T06:18:13Z,auth,auth_enUS_labelerexp,at://did:plc:qbhaw7upz2jxj27hueahdrco/app.bsky.feed.post/3mftgbmi3n22z,0,0,0,0
bcd54dd6cf5c4896af4da79eae8e4c6e,2026-02-28T06:00:00Z,2026-02-28T06:18:13Z,auth,auth_enUS_labelerexp,at://did:plc:tnj3jgp7incytukydchorvs3/app.bsky.feed.post/3mftfu4xbsc2p,10,7,0,0
bcd54dd6cf5c4896af4da79eae8e4c6e,2026-02-28T06:00:00Z,2026-02-28T06:18:13Z,auth,auth_enUS_labelerexp,at://did:plc:47u2uyclcumfzk5ofix5sehj/app.bsky.feed.post/3mfteem7mik2w,27,18,0,1
bcd54dd6cf5c4896af4da79eae8e4c6e,2026-02-28T06:00:00Z,2026-02-28T06:18:13Z,auth,auth_enUS_labelerexp,at://did:plc:ohwl234w6iwuo3egddq3v2mu/app.bsky.feed.post/3mftccpb26k2n,7,3,0,0
bcd54dd6cf5c4896af4da79eae8e4c6e,2026-02-28T06:00:00Z,2026-02-28T06:18:13Z,auth,auth_enUS_labelerexp,at://did:plc:qouz6smplczwlwizp272xomz/app.bsky.feed.post/3mftbghq6bc2c,5,6,2,1
bcd54dd6cf5c4896af4da79eae8e4c6e,2026-02-28T06:00:00Z,2026-02-28T06:18:13Z,auth,auth_enUS_labelerexp,at://did:plc:fj2qadi2gz3buo3z2nmodrhh/app.bsky.feed.post/3mft7u2qbbs2k,1,1,0,0
bcd54dd6cf5c4896af4da79eae8e4c6e,2026-02-28T06:00:00Z,2026-02-28T06:18:13Z,auth,auth_enUS_labelerexp,at://did:plc:ehfrxh5oafz4xiqekfya3ha2/app.bsky.feed.post/3mft7fousqs2t,2,1,0,0
bcd54dd6cf5c4896af4da79eae8e4c6e,2026-02-28T06:00:00Z,2026-02-28T06:18:13Z,auth,auth_enUS_labelerexp,at://did:plc:4vgsl5xbfxzr4lp2szjwdo35/app.bsky.feed.post/3mft56swzcu2h,0,0,0,0
bcd54dd6cf5c4896af4da79eae8e4c6e,2026-02-28T06:00:00Z,2026-02-28T06:18:13Z,auth,auth_enUS_labelerexp,at://did:plc:mkbtimara5yrxs5a47qw6hvd/app.bsky.feed.post/3mfso2ptmts2b,6,4,0,0
bcd54dd6cf5c4896af4da79eae8e4c6e,2026-02-28T06:00:00Z,2026-02-28T06:18:13Z,auth,auth_enUS_labelerexp,at://did:plc:mkbtimara5yrxs5a47qw6hvd/app.bsky.feed.post/3mfsgptv7tk2i,1,1,0,0
bcd54dd6cf5c4896af4da79eae8e4c6e,2026-02-28T06:00:00Z,2026-02-28T06:18:13Z,auth,auth_enUS_labelerexp,at://did:plc:mkbtimara5yrxs5a47qw6hvd/app.bsky.feed.post/3mfsfrkvaxc2i,2,2,1,0
bcd54dd6cf5c4896af4da79eae8e4c6e,2026-02-28T06:00:00Z,2026-02-28T06:18:13Z,auth,auth_enUS_labelerexp,at://did:plc:uurbqolmugmtepoblpmfdphz/app.bsky.feed.post/3mfsewy7l7c23,2,0,1,1
bcd54dd6cf5c4896af4da79eae8e4c6e,2026-02-28T06:00:00Z,2026-02-28T06:18:13Z,auth,auth_enUS_labelerexp,at://did:plc:g4xpehdi2ju26tyaodu6wn3q/app.bsky.feed.post/3mfschsudtk2b,13,10,0,1
bcd54dd6cf5c4896af4da79eae8e4c6e,2026-02-28T06:00:00Z,2026-02-28T06:18:13Z,auth,auth_enUS_labelerexp,at://did:plc:g4xpehdi2ju26tyaodu6wn3q/app.bsky.feed.post/3mfscd4pa622b,12,9,0,1
bcd54dd6cf5c4896af4da79eae8e4c6e,2026-02-28T06:00:00Z,2026-02-28T06:18:13Z,auth,auth_enUS_labelerexp,at://did:plc:qouz6smplczwlwizp272xomz/app.bsky.feed.post/3mfs7z6fgj226,7,6,2,2
bcd54dd6cf5c4896af4da79eae8e4c6e,2026-02-28T06:00:00Z,2026-02-28T06:18:13Z,auth,auth_enUS_labelerexp,at://did:plc:g4xpehdi2ju26tyaodu6wn3q/app.bsky.feed.post/3mfs7sqc2qs2b,12,10,0,2
bcd54dd6cf5c4896af4da79eae8e4c6e,2026-02-28T06:00:00Z,2026-02-28T06:18:13Z,auth,auth_enUS_labelerexp,at://did:plc:tsix4scvgfvre3vr62xyj4v2/app.bsky.feed.post/3mfs52euv7s2w,7,4,0,0
bcd54dd6cf5c4896af4da79eae8e4c6e,2026-02-28T06:00:00Z,2026-02-28T06:18:13Z,auth,auth_enUS_labelerexp,at://did:plc:hlluibac2baczfx2uwkymcpk/app.bsky.feed.post/3mfs2erb3422d,4,3,0,0
bcd54dd6cf5c4896af4da79eae8e4c6e,2026-02-28T06:00:00Z,2026-02-28T06:18:14Z,auth,auth_enUS_labelerexp,at://did:plc:wx3vtkzfhqp3kbv7kz3j6s3e/app.bsky.feed.post/3mfvkz6uch72t,0,0,0,0
bcd54dd6cf5c4896af4da79eae8e4c6e,2026-02-28T06:00:00Z,2026-02-28T06:18:14Z,auth,auth_enUS_labelerexp,at://did:plc:ii5tk6irayp7s4v3ni2ow4po/app.bsky.feed.post/3mfvkuovtok2n,0,0,0,0
bcd54dd6cf5c4896af4da79eae8e4c6e,2026-02-28T06:00:00Z,2026-02-28T06:18:14Z,auth,auth_enUS_labelerexp,at://did:plc:vxsf6s6o2ta43eazikdl52tr/app.bsky.feed.post/3mfvks47wqc2d,0,0,0,0
bcd54dd6cf5c4896af4da79eae8e4c6e,2026-02-28T06:00:00Z,2026-02-28T06:18:14Z,auth,auth_enUS_labelerexp,at://did:plc:6dgz7wzff4s7h6mehglluabi/app.bsky.feed.post/3mfvkrzkjdk24,0,0,1,0
bcd54dd6cf5c4896af4da79eae8e4c6e,2026-02-28T06:00:00Z,2026-02-28T06:18:14Z,auth,auth_enUS_labelerexp,at://did:plc:wgmrv2gqrp374ktt53njwkpz/app.bsky.feed.post/3mfvkgx2otr2h,0,0,0,0
bcd54dd6cf5c4896af4da79eae8e4c6e,2026-02-28T06:00:00Z,2026-02-28T06:18:14Z,auth,auth_enUS_labelerexp,at://did:plc:dbr5edm644m4z74tmieinnbw/app.bsky.feed.post/3mfvkdvpppv2q,0,0,0,0
bcd54dd6cf5c4896af4da79eae8e4c6e,2026-02-28T06:00:00Z,2026-02-28T06:18:14Z,auth,auth_enUS_labelerexp,at://did:plc:wx3vtkzfhqp3kbv7kz3j6s3e/app.bsky.feed.post/3mfvkbdddpo2u,0,0,0,0
bcd54dd6cf5c4896af4da79eae8e4c6e,2026-02-28T06:00:00Z,2026-02-28T06:18:14Z,auth,auth_enUS_labelerexp,at://did:plc:o3bjolcmvudx64j4ve64stir/app.bsky.feed.post/3mfvk7lomzc2i,5,0,0,0
bcd54dd6cf5c4896af4da79eae8e4c6e,2026-02-28T06:00:00Z,2026-02-28T06:18:14Z,auth,auth_enUS_labelerexp,at://did:plc:f5lg7tgaai4tqng73wxmautr/app.bsky.feed.post/3mfvjvygrus24,1,0,0,0
bcd54dd6cf5c4896af4da79eae8e4c6e,2026-02-28T06:00:00Z,2026-02-28T06:18:14Z,auth,auth_enUS_labelerexp,at://did:plc:rz6bpmyph4t2vvzm5stygy7d/app.bsky.feed.post/3mfvjhn5cpw2p,0,0,0,0
bcd54dd6cf5c4896af4da79eae8e4c6e,2026-02-28T06:00:00Z,2026-02-28T06:18:14Z,auth,auth_enUS_labelerexp,at://did:plc:6dgz7wzff4s7h6mehglluabi/app.bsky.feed.post/3mfvjhfdke22w,1,0,0,0
bcd54dd6cf5c4896af4da79eae8e4c6e,2026-02-28T06:00:00Z,2026-02-28T06:18:14Z,auth,auth_enUS_labelerexp,at://did:plc:re6glauydjnlcv6qze6szbne/app.bsky.feed.post/3mfvjccmyy22k,0,0,0,0
bcd54dd6cf5c4896af4da79eae8e4c6e,2026-02-28T06:00:00Z,2026-02-28T06:18:14Z,auth,auth_enUS_labelerexp,at://did:plc:ilfc3li3pod4em25xdwgoo2i/app.bsky.feed.post/3mfvj7ypbu22j,0,0,0,0
bcd54dd6cf5c4896af4da79eae8e4c6e,2026-02-28T06:00:00Z,2026-02-28T06:18:14Z,auth,auth_enUS_labelerexp,at://did:plc:wx3vtkzfhqp3kbv7kz3j6s3e/app.bsky.feed.post/3mfvj6bhrvb2f,0,0,0,0
bcd54dd6cf5c4896af4da79eae8e4c6e,2026-02-28T06:00:00Z,2026-02-28T06:18:14Z,auth,auth_enUS_labelerexp,at://did:plc:rej2sljzscskqmfj6tvqgnh7/app.bsky.feed.post/3mfvj5vmqfk2u,3,1,0,0
bcd54dd6cf5c4896af4da79eae8e4c6e,2026-02-28T06:00:00Z,2026-02-28T06:18:14Z,auth,auth_enUS_labelerexp,at://did:plc:rz6bpmyph4t2vvzm5stygy7d/app.bsky.feed.post/3mfvingmyxa22,0,0,0,0
bcd54dd6cf5c4896af4da79eae8e4c6e,2026-02-28T06:00:00Z,2026-02-28T06:18:14Z,auth,auth_enUS_labelerexp,at://did:plc:rz6bpmyph4t2vvzm5stygy7d/app.bsky.feed.post/3mfvin56eef2p,0,0,0,0
bcd54dd6cf5c4896af4da79eae8e4c6e,2026-02-28T06:00:00Z,2026-02-28T06:18:14Z,auth,auth_enUS_labelerexp,at://did:plc:rz6bpmyph4t2vvzm5stygy7d/app.bsky.feed.post/3mfvimtqvuv2p,0,0,0,0
bcd54dd6cf5c4896af4da79eae8e4c6e,2026-02-28T06:00:00Z,2026-02-28T06:18:14Z,auth,auth_enUS_labelerexp,at://did:plc:wx3vtkzfhqp3kbv7kz3j6s3e/app.bsky.feed.post/3mfviid24qb2f,0,0,0,0
bcd54dd6cf5c4896af4da79eae8e4c6e,2026-02-28T06:00:00Z,2026-02-28T06:18:14Z,auth,auth_enUS_labelerexp,at://did:plc:eow6qizaepzlvbkdbfua5qit/app.bsky.feed.post/3mfvi3xvvul2x,0,0,0,0
bcd54dd6cf5c4896af4da79eae8e4c6e,2026-02-28T06:00:00Z,2026-02-28T06:18:14Z,auth,auth_enUS_labelerexp,at://did:plc:jyx5v3p23ln677d3ilcqk5sm/app.bsky.feed.post/3mfvi3t3x522w,0,0,0,0
bcd54dd6cf5c4896af4da79eae8e4c6e,2026-02-28T06:00:00Z,2026-02-28T06:18:14Z,auth,auth_enUS_labelerexp,at://did:plc:bwefbor6qcmlhoc3fd6lfgj4/app.bsky.feed.post/3mfvi2htx2c2g,2,1,1,0
bcd54dd6cf5c4896af4da79eae8e4c6e,2026-02-28T06:00:00Z,2026-02-28T06:18:14Z,auth,auth_enUS_labelerexp,at://did:plc:wx3vtkzfhqp3kbv7kz3j6s3e/app.bsky.feed.post/3mfvhtsusib2c,0,0,0,0
bcd54dd6cf5c4896af4da79eae8e4c6e,2026-02-28T06:00:00Z,2026-02-28T06:18:14Z,auth,auth_enUS_labelerexp,at://did:plc:rz6bpmyph4t2vvzm5stygy7d/app.bsky.feed.post/3mfvhrzmv6b2m,0,0,0,0
bcd54dd6cf5c4896af4da79eae8e4c6e,2026-02-28T06:00:00Z,2026-02-28T06:18:14Z,auth,auth_enUS_labelerexp,at://did:plc:rz6bpmyph4t2vvzm5stygy7d/app.bsky.feed.post/3mfvhrypdjd2o,0,0,0,0
bcd54dd6cf5c4896af4da79eae8e4c6e,2026-02-28T06:00:00Z,2026-02-28T06:18:14Z,auth,auth_enUS_labelerexp,at://did:plc:25eexdwklvrdl7ilfae3sf2j/app.bsky.feed.post/3mfvhe7tpv32n,0,0,0,0
bcd54dd6cf5c4896af4da79eae8e4c6e,2026-02-28T06:00:00Z,2026-02-28T06:18:14Z,auth,auth_enUS_labelerexp,at://did:plc:wx3vtkzfhqp3kbv7kz3j6s3e/app.bsky.feed.post/3mfvh6nsplx2v,0,0,0,0
bcd54dd6cf5c4896af4da79eae8e4c6e,2026-02-28T06:00:00Z,2026-02-28T06:18:14Z,auth,auth_enUS_labelerexp,at://did:plc:f5lg7tgaai4tqng73wxmautr/app.bsky.feed.post/3mfvh4dwkcs2z,3,0,0,0
bcd54dd6cf5c4896af4da79eae8e4c6e,2026-02-28T06:00:00Z,2026-02-28T06:18:14Z,auth,auth_enUS_labelerexp,at://did:plc:rkffo5eteq7qwh52li3b74yd/app.bsky.feed.post/3mfvgytqs252u,0,0,0,0
bcd54dd6cf5c4896af4da79eae8e4c6e,2026-02-28T06:00:00Z,2026-02-28T06:18:14Z,auth,auth_enUS_labelerexp,at://did:plc:wx3vtkzfhqp3kbv7kz3j6s3e/app.bsky.feed.post/3mfvgj6lxsm2u,0,0,0,0
bcd54dd6cf5c4896af4da79eae8e4c6e,2026-02-28T06:00:00Z,2026-02-28T06:18:14Z,auth,auth_enUS_labelerexp,at://did:plc:ibdypjhcevhiw33uiaf2pwgo/app.bsky.feed.post/3mfvgckxskc2x,0,0,0,0
bcd54dd6cf5c4896af4da79eae8e4c6e,2026-02-28T06:00:00Z,2026-02-28T06:18:14Z,auth,auth_enUS_labelerexp,at://did:plc:hzeanhjmvx52sz76oxjrblwz/app.bsky.feed.post/3mfvg4wjm522p,0,0,0,0
bcd54dd6cf5c4896af4da79eae8e4c6e,2026-02-28T06:00:00Z,2026-02-28T06:18:14Z,auth,auth_enUS_labelerexp,at://did:plc:25eexdwklvrdl7ilfae3sf2j/app.bsky.feed.post/3mfvg36dsyj24,0,0,0,0
bcd54dd6cf5c4896af4da79eae8e4c6e,2026-02-28T06:00:00Z,2026-02-28T06:18:14Z,auth,auth_enUS_labelerexp,at://did:plc:e76pjj23drgsoctm2hv3nqap/app.bsky.feed.post/3mfvfxu666g2y,0,0,0,0
bcd54dd6cf5c4896af4da79eae8e4c6e,2026-02-28T06:00:00Z,2026-02-28T06:18:14Z,auth,auth_enUS_labelerexp,at://did:plc:wx3vtkzfhqp3kbv7kz3j6s3e/app.bsky.feed.post/3mfvfv2wa6r2f,0,0,0,0
bcd54dd6cf5c4896af4da79eae8e4c6e,2026-02-28T06:00:00Z,2026-02-28T06:18:14Z,auth,auth_enUS_labelerexp,at://did:plc:qgzcqdtwkhfnoswb5qc4l6cw/app.bsky.feed.post/3mfvftuxqd22x,1,0,1,0
bcd54dd6cf5c4896af4da79eae8e4c6e,2026-02-28T06:00:00Z,2026-02-28T06:18:14Z,auth,auth_enUS_labelerexp,at://did:plc:fbqsdigcz3nbncffboxtzlfc/app.bsky.feed.post/3mfvfoong4l2v,0,0,0,0
bcd54dd6cf5c4896af4da79eae8e4c6e,2026-02-28T06:00:00Z,2026-02-28T06:18:14Z,auth,auth_enUS_labelerexp,at://did:plc:bwefbor6qcmlhoc3fd6lfgj4/app.bsky.feed.post/3mfvflxnc322i,0,0,0,0
bcd54dd6cf5c4896af4da79eae8e4c6e,2026-02-28T06:00:00Z,2026-02-28T06:18:14Z,auth,auth_enUS_labelerexp,at://did:plc:ypu5h6ggpfiwpqy4as6zrees/app.bsky.feed.post/3mfvfjunfkv2g,0,0,0,0
bcd54dd6cf5c4896af4da79eae8e4c6e,2026-02-28T06:00:00Z,2026-02-28T06:18:14Z,auth,auth_enUS_labelerexp,at://did:plc:x5jyiv56xmrv3yhehsossrrg/app.bsky.feed.post/3mfvff7h7622n,3,0,0,0
bcd54dd6cf5c4896af4da79eae8e4c6e,2026-02-28T06:00:00Z,2026-02-28T06:18:14Z,auth,auth_enUS_labelerexp,at://did:plc:w524f2zdqikl6g7gw2n46hea/app.bsky.feed.post/3mfvfbmvcec2a,0,0,1,0
bcd54dd6cf5c4896af4da79eae8e4c6e,2026-02-28T06:00:00Z,2026-02-28T06:18:14Z,auth,auth_enUS_labelerexp,at://did:plc:rz6bpmyph4t2vvzm5stygy7d/app.bsky.feed.post/3mfvfbmashe26,0,0,0,0
bcd54dd6cf5c4896af4da79eae8e4c6e,2026-02-28T06:00:00Z,2026-02-28T06:18:14Z,auth,auth_enUS_labelerexp,at://did:plc:rz6bpmyph4t2vvzm5stygy7d/app.bsky.feed.post/3mfvfbk7doz2h,0,0,0,0
bcd54dd6cf5c4896af4da79eae8e4c6e,2026-02-28T06:00:00Z,2026-02-28T06:18:14Z,auth,auth_enUS_labelerexp,at://did:plc:p2nsm2mdtlyaua3v7p42dqab/app.bsky.feed.post/3mfvfad4j2a2n,0,0,0,0
bcd54dd6cf5c4896af4da79eae8e4c6e,2026-02-28T06:00:00Z,2026-02-28T06:18:14Z,auth,auth_enUS_labelerexp,at://did:plc:2jhxpjaqdqujaraxuzy6kjta/app.bsky.feed.post/3mfvf6eg54s2p,0,0,0,0
bcd54dd6cf5c4896af4da79eae8e4c6e,2026-02-28T06:00:00Z,2026-02-28T06:18:14Z,auth,auth_enUS_labelerexp,at://did:plc:wx3vtkzfhqp3kbv7kz3j6s3e/app.bsky.feed.post/3mfvf4c2u7i2c,0,0,0,0
bcd54dd6cf5c4896af4da79eae8e4c6e,2026-02-28T06:00:00Z,2026-02-28T06:18:14Z,auth,auth_enUS_labelerexp,at://did:plc:fnxmbomydemi3ybs6lfembhy/app.bsky.feed.post/3mfvf3wflik2c,0,0,0,0
bcd54dd6cf5c4896af4da79eae8e4c6e,2026-02-28T06:00:00Z,2026-02-28T06:18:14Z,auth,auth_enUS_labelerexp,at://did:plc:movv6fnvid4gy4ltg6slp3vn/app.bsky.feed.post/3mfveuqn6522d,2,0,3,0
bcd54dd6cf5c4896af4da79eae8e4c6e,2026-02-28T06:00:00Z,2026-02-28T06:18:14Z,auth,auth_enUS_labelerexp,at://did:plc:p2nsm2mdtlyaua3v7p42dqab/app.bsky.feed.post/3mfveswp72o2z,0,0,0,0
bcd54dd6cf5c4896af4da79eae8e4c6e,2026-02-28T06:00:00Z,2026-02-28T06:18:14Z,auth,auth_enUS_labelerexp,at://did:plc:d5o2rpym2pw4qsxhcm6kkw7y/app.bsky.feed.post/3mfvekypquc2x,0,0,0,0
bcd54dd6cf5c4896af4da79eae8e4c6e,2026-02-28T06:00:00Z,2026-02-28T06:18:15Z,auth,auth_enUS_labelerexp,at://did:plc:ujsjhx6yqmy3yt6zcavymosb/app.bsky.feed.post/3mfvkfukqu62i,0,0,0,0
bcd54dd6cf5c4896af4da79eae8e4c6e,2026-02-28T06:00:00Z,2026-02-28T06:18:15Z,auth,auth_enUS_labelerexp,at://did:plc:ujsjhx6yqmy3yt6zcavymosb/app.bsky.feed.post/3mfvkevk6yd2z,0,0,0,0
bcd54dd6cf5c4896af4da79eae8e4c6e,2026-02-28T06:00:00Z,2026-02-28T06:18:15Z,auth,auth_enUS_labelerexp,at://did:plc:ujsjhx6yqmy3yt6zcavymosb/app.bsky.feed.post/3mfvkeszt652s,0,0,0,0
bcd54dd6cf5c4896af4da79eae8e4c6e,2026-02-28T06:00:00Z,2026-02-28T06:18:15Z,auth,auth_enUS_labelerexp,at://did:plc:ujsjhx6yqmy3yt6zcavymosb/app.bsky.feed.post/3mfvke54dck2j,0,0,0,0
bcd54dd6cf5c4896af4da79eae8e4c6e,2026-02-28T06:00:00Z,2026-02-28T06:18:15Z,auth,auth_enUS_labelerexp,at://did:plc:wmck3diml63ospobapl6n56e/app.bsky.feed.post/3mfvkcu5hs62b,0,0,0,0
bcd54dd6cf5c4896af4da79eae8e4c6e,2026-02-28T06:00:00Z,2026-02-28T06:18:15Z,auth,auth_enUS_labelerexp,at://did:plc:kf6pjnmxz7heacbwfkc2jquh/app.bsky.feed.post/3mfvkcopfap25,0,0,0,0
bcd54dd6cf5c4896af4da79eae8e4c6e,2026-02-28T06:00:00Z,2026-02-28T06:18:15Z,auth,auth_enUS_labelerexp,at://did:plc:pjy44evqbyz2kpv6l5whtggl/app.bsky.feed.post/3mfvkbdndy423,0,0,0,0
bcd54dd6cf5c4896af4da79eae8e4c6e,2026-02-28T06:00:00Z,2026-02-28T06:18:15Z,auth,auth_enUS_labelerexp,at://did:plc:lmpsrhr4uqujljodp5ibb37g/app.bsky.feed.post/3mfvkaoupxi2c,0,0,0,0
bcd54dd6cf5c4896af4da79eae8e4c6e,2026-02-28T06:00:00Z,2026-02-28T06:18:15Z,auth,auth_enUS_labelerexp,at://did:plc:4btwgxvf3esngow5xqwtoqx4/app.bsky.feed.post/3mfvk6vnbv424,0,0,0,0
bcd54dd6cf5c4896af4da79eae8e4c6e,2026-02-28T06:00:00Z,2026-02-28T06:18:15Z,auth,auth_enUS_labelerexp,at://did:plc:ujsjhx6yqmy3yt6zcavymosb/app.bsky.feed.post/3mfvk62ymqf2j,0,0,0,0
bcd54dd6cf5c4896af4da79eae8e4c6e,2026-02-28T06:00:00Z,2026-02-28T06:18:15Z,auth,auth_enUS_labelerexp,at://did:plc:n5fbgc36gv4de6i36dcpjgox/app.bsky.feed.post/3mfvk4zzd4z2z,0,0,0,0
bcd54dd6cf5c4896af4da79eae8e4c6e,2026-02-28T06:00:00Z,2026-02-28T06:18:15Z,auth,auth_enUS_labelerexp,at://did:plc:ujsjhx6yqmy3yt6zcavymosb/app.bsky.feed.post/3mfvk4dqcx42z,0,0,0,0
bcd54dd6cf5c4896af4da79eae8e4c6e,2026-02-28T06:00:00Z,2026-02-28T06:18:15Z,auth,auth_enUS_labelerexp,at://did:plc:ujsjhx6yqmy3yt6zcavymosb/app.bsky.feed.post/3mfvk4av7qk2n,1,0,0,0
bcd54dd6cf5c4896af4da79eae8e4c6e,2026-02-28T06:00:00Z,2026-02-28T06:18:15Z,auth,auth_enUS_labelerexp,at://did:plc:ujsjhx6yqmy3yt6zcavymosb/app.bsky.feed.post/3mfvk3wxm5f2r,0,0,0,0
bcd54dd6cf5c4896af4da79eae8e4c6e,2026-02-28T06:00:00Z,2026-02-28T06:18:15Z,auth,auth_enUS_labelerexp,at://did:plc:ynmjqdz42h4daah3rpxncyyi/app.bsky.feed.post/3mfvk3clyyg26,0,0,0,0
bcd54dd6cf5c4896af4da79eae8e4c6e,2026-02-28T06:00:00Z,2026-02-28T06:18:15Z,auth,auth_enUS_labelerexp,at://did:plc:ujsjhx6yqmy3yt6zcavymosb/app.bsky.feed.post/3mfvk2t2he52g,0,0,0,0
bcd54dd6cf5c4896af4da79eae8e4c6e,2026-02-28T06:00:00Z,2026-02-28T06:18:15Z,auth,auth_enUS_labelerexp,at://did:plc:pjy44evqbyz2kpv6l5whtggl/app.bsky.feed.post/3mfvjzwft2b2h,0,0,0,0
bcd54dd6cf5c4896af4da79eae8e4c6e,2026-02-28T06:00:00Z,2026-02-28T06:18:15Z,auth,auth_enUS_labelerexp,at://did:plc:ujsjhx6yqmy3yt6zcavymosb/app.bsky.feed.post/3mfvjzqbgz22n,0,0,0,0
bcd54dd6cf5c4896af4da79eae8e4c6e,2026-02-28T06:00:00Z,2026-02-28T06:18:15Z,auth,auth_enUS_labelerexp,at://did:plc:kf6pjnmxz7heacbwfkc2jquh/app.bsky.feed.post/3mfvjzmzg7c2p,0,0,0,0
bcd54dd6cf5c4896af4da79eae8e4c6e,2026-02-28T06:00:00Z,2026-02-28T06:18:15Z,auth,auth_enUS_labelerexp,at://did:plc:dgjivcl2tx2my32t3rqg2kjt/app.bsky.feed.post/3mfvjzkaxok2h,0,0,0,0
bcd54dd6cf5c4896af4da79eae8e4c6e,2026-02-28T06:00:00Z,2026-02-28T06:18:15Z,auth,auth_enUS_labelerexp,at://did:plc:ujsjhx6yqmy3yt6zcavymosb/app.bsky.feed.post/3mfvjz6vwsm2z,0,0,0,0
bcd54dd6cf5c4896af4da79eae8e4c6e,2026-02-28T06:00:00Z,2026-02-28T06:18:15Z,auth,auth_enUS_labelerexp,at://did:plc:vu5swjxgbdpcsrhthj37lsju/app.bsky.feed.post/3mfvjz5amgs2r,9,3,0,0
bcd54dd6cf5c4896af4da79eae8e4c6e,2026-02-28T06:00:00Z,2026-02-28T06:18:15Z,auth,auth_enUS_labelerexp,at://did:plc:wvkue2udygbo2cs6bwsivr4z/app.bsky.feed.post/3mfvkg5bpf42k,0,0,0,0
bcd54dd6cf5c4896af4da79eae8e4c6e,2026-02-28T06:00:00Z,2026-02-28T06:18:15Z,auth,auth_enUS_labelerexp,at://did:plc:ujsjhx6yqmy3yt6zcavymosb/app.bsky.feed.post/3mfvjy4oncf2r,0,0,0,0
bcd54dd6cf5c4896af4da79eae8e4c6e,2026-02-28T06:00:00Z,2026-02-28T06:18:15Z,auth,auth_enUS_labelerexp,at://did:plc:ujsjhx6yqmy3yt6zcavymosb/app.bsky.feed.post/3mfvjy2jxlu2g,0,0,0,0
bcd54dd6cf5c4896af4da79eae8e4c6e,2026-02-28T06:00:00Z,2026-02-28T06:18:15Z,auth,auth_enUS_labelerexp,at://did:plc:ujsjhx6yqmy3yt6zcavymosb/app.bsky.feed.post/3mfvjxnnzzc2r,0,0,0,0
bcd54dd6cf5c4896af4da79eae8e4c6e,2026-02-28T06:00:00Z,2026-02-28T06:18:15Z,auth,auth_enUS_labelerexp,at://did:plc:ujsjhx6yqmy3yt6zcavymosb/app.bsky.feed.post/3mfvjws4xok2r,0,0,0,0
bcd54dd6cf5c4896af4da79eae8e4c6e,2026-02-28T06:00:00Z,2026-02-28T06:18:15Z,auth,auth_enUS_labelerexp,at://did:plc:ujsjhx6yqmy3yt6zcavymosb/app.bsky.feed.post/3mfvjwktd742z,0,0,0,0
bcd54dd6cf5c4896af4da79eae8e4c6e,2026-02-28T06:00:00Z,2026-02-28T06:18:15Z,auth,auth_enUS_labelerexp,at://did:plc:wmck3diml63ospobapl6n56e/app.bsky.feed.post/3mfvjvvopnq2u,0,0,0,0
bcd54dd6cf5c4896af4da79eae8e4c6e,2026-02-28T06:00:00Z,2026-02-28T06:18:15Z,auth,auth_enUS_labelerexp,at://did:plc:ujsjhx6yqmy3yt6zcavymosb/app.bsky.feed.post/3mfvjtk3thc2r,0,0,0,0
bcd54dd6cf5c4896af4da79eae8e4c6e,2026-02-28T06:00:00Z,2026-02-28T06:18:15Z,auth,auth_enUS_labelerexp,at://did:plc:kf6pjnmxz7heacbwfkc2jquh/app.bsky.feed.post/3mfvjqo44d52s,0,0,0,0
bcd54dd6cf5c4896af4da79eae8e4c6e,2026-02-28T06:00:00Z,2026-02-28T06:18:15Z,auth,auth_enUS_labelerexp,at://did:plc:m2juerahaeuysizygrjptd2a/app.bsky.feed.post/3mfvjqbltfs2e,0,0,0,0
bcd54dd6cf5c4896af4da79eae8e4c6e,2026-02-28T06:00:00Z,2026-02-28T06:18:15Z,auth,auth_enUS_labelerexp,at://did:plc:kjn2ehg7732xxyaswzo6i6uc/app.bsky.feed.post/3mfvjnilmmk2p,0,0,0,0
bcd54dd6cf5c4896af4da79eae8e4c6e,2026-02-28T06:00:00Z,2026-02-28T06:18:15Z,auth,auth_enUS_labelerexp,at://did:plc:ynmjqdz42h4daah3rpxncyyi/app.bsky.feed.post/3mfvjlapp7o26,0,0,0,0
bcd54dd6cf5c4896af4da79eae8e4c6e,2026-02-28T06:00:00Z,2026-02-28T06:18:15Z,auth,auth_enUS_labelerexp,at://did:plc:lmpsrhr4uqujljodp5ibb37g/app.bsky.feed.post/3mfvjl7zaim2v,0,0,0,0
bcd54dd6cf5c4896af4da79eae8e4c6e,2026-02-28T06:00:00Z,2026-02-28T06:18:15Z,auth,auth_enUS_labelerexp,at://did:plc:pjy44evqbyz2kpv6l5whtggl/app.bsky.feed.post/3mfvji5j2o62c,0,1,0,0
bcd54dd6cf5c4896af4da79eae8e4c6e,2026-02-28T06:00:00Z,2026-02-28T06:18:15Z,auth,auth_enUS_labelerexp,at://did:plc:k6a35s56ijvrb4zjkq4ojll5/app.bsky.feed.post/3mfvjhopofx2x,1,0,0,0
bcd54dd6cf5c4896af4da79eae8e4c6e,2026-02-28T06:00:00Z,2026-02-28T06:18:15Z,auth,auth_enUS_labelerexp,at://did:plc:4btwgxvf3esngow5xqwtoqx4/app.bsky.feed.post/3mfvjhnwlo42j,0,0,0,0
bcd54dd6cf5c4896af4da79eae8e4c6e,2026-02-28T06:00:00Z,2026-02-28T06:18:15Z,auth,auth_enUS_labelerexp,at://did:plc:n5fbgc36gv4de6i36dcpjgox/app.bsky.feed.post/3mfvjfttkxx27,0,0,0,0
bcd54dd6cf5c4896af4da79eae8e4c6e,2026-02-28T06:00:00Z,2026-02-28T06:18:15Z,auth,auth_enUS_labelerexp,at://did:plc:vu5swjxgbdpcsrhthj37lsju/app.bsky.feed.post/3mfvjfb5fas2r,12,4,0,0
bcd54dd6cf5c4896af4da79eae8e4c6e,2026-02-28T06:00:00Z,2026-02-28T06:18:15Z,auth,auth_enUS_labelerexp,at://did:plc:kvyferxq32h4mnwdafdi3gqx/app.bsky.feed.post/3mfvjey5l5422,0,0,0,0
bcd54dd6cf5c4896af4da79eae8e4c6e,2026-02-28T06:00:00Z,2026-02-28T06:18:15Z,auth,auth_enUS_labelerexp,at://did:plc:kvyferxq32h4mnwdafdi3gqx/app.bsky.feed.post/3mfvje62xgc2a,0,0,0,0
bcd54dd6cf5c4896af4da79eae8e4c6e,2026-02-28T06:00:00Z,2026-02-28T06:18:15Z,auth,auth_enUS_labelerexp,at://did:plc:kvyferxq32h4mnwdafdi3gqx/app.bsky.feed.post/3mfvjdpltzh2j,0,0,0,0
bcd54dd6cf5c4896af4da79eae8e4c6e,2026-02-28T06:00:00Z,2026-02-28T06:18:15Z,auth,auth_enUS_labelerexp,at://did:plc:6t6vdkdtsu2ktffzdydkymey/app.bsky.feed.post/3mfvjbjrjvk22,0,0,0,0
bcd54dd6cf5c4896af4da79eae8e4c6e,2026-02-28T06:00:00Z,2026-02-28T06:18:15Z,auth,auth_enUS_labelerexp,at://did:plc:wmck3diml63ospobapl6n56e/app.bsky.feed.post/3mfvjaiu5dn2r,0,0,0,0
bcd54dd6cf5c4896af4da79eae8e4c6e,2026-02-28T06:00:00Z,2026-02-28T06:18:15Z,auth,auth_enUS_labelerexp,at://did:plc:n5fbgc36gv4de6i36dcpjgox/app.bsky.feed.post/3mfvj4vphnx2v,1,0,0,0
bcd54dd6cf5c4896af4da79eae8e4c6e,2026-02-28T06:00:00Z,2026-02-28T06:18:15Z,auth,auth_enUS_labelerexp,at://did:plc:vu5swjxgbdpcsrhthj37lsju/app.bsky.feed.post/3mfviye5i322r,8,0,0,0
bcd54dd6cf5c4896af4da79eae8e4c6e,2026-02-28T06:00:00Z,2026-02-28T06:18:15Z,auth,auth_enUS_labelerexp,at://did:plc:ynmjqdz42h4daah3rpxncyyi/app.bsky.feed.post/3mfviximgzp2s,0,0,0,0
bcd54dd6cf5c4896af4da79eae8e4c6e,2026-02-28T06:00:00Z,2026-02-28T06:18:15Z,auth,auth_enUS_labelerexp,at://did:plc:ypv2opppgkouk2s2qsv7gpvt/app.bsky.feed.post/3mfvivxwgbc2x,0,0,0,0
bcd54dd6cf5c4896af4da79eae8e4c6e,2026-02-28T06:00:00Z,2026-02-28T06:18:15Z,auth,auth_enUS_labelerexp,at://did:plc:4btwgxvf3esngow5xqwtoqx4/app.bsky.feed.post/3mfvityvezq2i,0,0,0,0
bcd54dd6cf5c4896af4da79eae8e4c6e,2026-02-28T06:00:00Z,2026-02-28T06:18:25Z,auth,auth_enUS_labelerexp,at://did:plc:223xmbonln2z6txstz6xfexd/app.bsky.feed.post/3mfudbnhepk2u,6593,378,188,36
bcd54dd6cf5c4896af4da79eae8e4c6e,2026-02-28T06:00:00Z,2026-02-28T06:18:25Z,auth,auth_enUS_labelerexp,at://did:plc:euynv325eix7glyek377orak/app.bsky.feed.post/3mfvdzztaws2a,4099,1356,66,62
bcd54dd6cf5c4896af4da79eae8e4c6e,2026-02-28T06:00:00Z,2026-02-28T06:18:25Z,auth,auth_enUS_labelerexp,at://did:plc:24odqutmhpvtca74w2sve3zk/app.bsky.feed.post/3mfvc4zephk23,237,19,9,3
bcd54dd6cf5c4896af4da79eae8e4c6e,2026-02-28T06:00:00Z,2026-02-28T06:18:25Z,auth,auth_enUS_labelerexp,at://did:plc:26fs25j5vo3zb6uqy6nm5ooz/app.bsky.feed.post/3mfupn5nsvs2l,1703,176,64,9
bcd54dd6cf5c4896af4da79eae8e4c6e,2026-02-28T06:00:00Z,2026-02-28T06:18:25Z,auth,auth_enUS_labelerexp,at://did:plc:ats4shmeia7i7ildqm3denmd/app.bsky.feed.post/3mfvfybstuc2c,871,203,23,17
bcd54dd6cf5c4896af4da79eae8e4c6e,2026-02-28T06:00:00Z,2026-02-28T06:18:25Z,auth,auth_enUS_labelerexp,at://did:plc:ojwszrpcvhwuhl4nhwactd2y/app.bsky.feed.post/3mfvcqgvsn22r,3140,875,132,62
bcd54dd6cf5c4896af4da79eae8e4c6e,2026-02-28T06:00:00Z,2026-02-28T06:18:25Z,auth,auth_enUS_labelerexp,at://did:plc:ux34natbhxube3xgdu3rhf45/app.bsky.feed.post/3mfvhipskc22u,1034,207,16,15
bcd54dd6cf5c4896af4da79eae8e4c6e,2026-02-28T06:00:00Z,2026-02-28T06:18:25Z,auth,auth_enUS_labelerexp,at://did:plc:22h6y2qfzvbytn6x4qwazxyf/app.bsky.feed.post/3mftpdyud2c2d,756,124,15,4
bcd54dd6cf5c4896af4da79eae8e4c6e,2026-02-28T06:00:00Z,2026-02-28T06:18:25Z,auth,auth_enUS_labelerexp,at://did:plc:24qqgdunxieaqbo3o3w242s4/app.bsky.feed.post/3mfvi2wy6qy2m,15,1,0,1
bcd54dd6cf5c4896af4da79eae8e4c6e,2026-02-28T06:00:00Z,2026-02-28T06:18:25Z,auth,auth_enUS_labelerexp,at://did:plc:uo2fna47c4v6zcnklxfhcvjb/app.bsky.feed.post/3mfvc7tz4ws2t,3140,938,96,42
bcd54dd6cf5c4896af4da79eae8e4c6e,2026-02-28T06:00:00Z,2026-02-28T06:18:25Z,auth,auth_enUS_labelerexp,at://did:plc:khkaorxvl6o5xvmzmuxn2rl5/app.bsky.feed.post/3mfuylq25jc2m,14279,4139,425,194
bcd54dd6cf5c4896af4da79eae8e4c6e,2026-02-28T06:00:00Z,2026-02-28T06:18:25Z,auth,auth_enUS_labelerexp,at://did:plc:26yrr5d5m4iflrmnmpmm2snk/app.bsky.feed.post/3mfuqomumrs2u,847,66,30,2
bcd54dd6cf5c4896af4da79eae8e4c6e,2026-02-28T06:00:00Z,2026-02-28T06:18:25Z,auth,auth_enUS_labelerexp,at://did:plc:wf7nfy2us3h5gpa7zfettmzl/app.bsky.feed.post/3mfvglw2jak2l,874,242,3,5
bcd54dd6cf5c4896af4da79eae8e4c6e,2026-02-28T06:00:00Z,2026-02-28T06:18:25Z,auth,auth_enUS_labelerexp,at://did:plc:5o6k7jvowuyaquloafzn3cfw/app.bsky.feed.post/3mfvcikbjek2a,2759,433,27,17
bcd54dd6cf5c4896af4da79eae8e4c6e,2026-02-28T06:00:00Z,2026-02-28T06:18:25Z,auth,auth_enUS_labelerexp,at://did:plc:4lx6nur5wstwoc4wtgj56kyu/app.bsky.feed.post/3mfv3r24p622s,6997,2186,213,104
bcd54dd6cf5c4896af4da79eae8e4c6e,2026-02-28T06:00:00Z,2026-02-28T06:18:25Z,auth,auth_enUS_labelerexp,at://did:plc:26e3nkvve3azmjrbqf73524m/app.bsky.feed.post/3mft7b5lbls22,2061,182,34,6
bcd54dd6cf5c4896af4da79eae8e4c6e,2026-02-28T06:00:00Z,2026-02-28T06:18:25Z,auth,auth_enUS_labelerexp,at://did:plc:e62gb2ushvtvjvqcbrxeaw2n/app.bsky.feed.post/3mfuwdsfkpc2k,16916,3291,1081,258
bcd54dd6cf5c4896af4da79eae8e4c6e,2026-02-28T06:00:00Z,2026-02-28T06:18:25Z,auth,auth_enUS_labelerexp,at://did:plc:27y2nxrwkvmvaayex7tcpmbs/app.bsky.feed.post/3mftzkmfk2c2v,2036,137,16,0
bcd54dd6cf5c4896af4da79eae8e4c6e,2026-02-28T06:00:00Z,2026-02-28T06:18:25Z,auth,auth_enUS_labelerexp,at://did:plc:2w45zyhuklwihpdc7oj3mi63/app.bsky.feed.post/3mfsyyothfe2v,394,152,61,27
bcd54dd6cf5c4896af4da79eae8e4c6e,2026-02-28T06:00:00Z,2026-02-28T06:18:25Z,auth,auth_enUS_labelerexp,at://did:plc:26szsl4s2ltrijm67jxp65pl/app.bsky.feed.post/3mfu67wpm6s23,1529,255,10,2
bcd54dd6cf5c4896af4da79eae8e4c6e,2026-02-28T06:00:00Z,2026-02-28T06:18:25Z,auth,auth_enUS_labelerexp,at://did:plc:22xtuu5faewtaogokkixewuj/app.bsky.feed.post/3mfsnknhagc2r,4863,723,104,66
bcd54dd6cf5c4896af4da79eae8e4c6e,2026-02-28T06:00:00Z,2026-02-28T06:18:25Z,auth,auth_enUS_labelerexp,at://did:plc:23jbx3mbesh2ghfcecaxsk6p/app.bsky.feed.post/3mfuu7h6nps2r,2630,200,72,22
bcd54dd6cf5c4896af4da79eae8e4c6e,2026-02-28T06:00:00Z,2026-02-28T06:18:25Z,auth,auth_enUS_labelerexp,at://did:plc:5o6k7jvowuyaquloafzn3cfw/app.bsky.feed.post/3mfvdsht2ic2d,1337,478,57,24
bcd54dd6cf5c4896af4da79eae8e4c6e,2026-02-28T06:00:00Z,2026-02-28T06:18:25Z,auth,auth_enUS_labelerexp,at://did:plc:23uwe5ziojmyopka6jykoh6g/app.bsky.feed.post/3mfvatsqvtk24,198,11,7,0
bcd54dd6cf5c4896af4da79eae8e4c6e,2026-02-28T06:00:00Z,2026-02-28T06:18:25Z,auth,auth_enUS_labelerexp,at://did:plc:pjiafkey2cokiupsxpswqlk7/app.bsky.feed.post/3mfv3tm4e7227,4491,1784,120,63
bcd54dd6cf5c4896af4da79eae8e4c6e,2026-02-28T06:00:00Z,2026-02-28T06:18:25Z,auth,auth_enUS_labelerexp,at://did:plc:2a32mmudy42t5xcyh4ody32e/app.bsky.feed.post/3mfucuumnas2a,1761,145,36,6
bcd54dd6cf5c4896af4da79eae8e4c6e,2026-02-28T06:00:00Z,2026-02-28T06:18:25Z,auth,auth_enUS_labelerexp,at://did:plc:2ca67rcuoepajin5mb3rx2sc/app.bsky.feed.post/3mfvddrg2722f,195,10,15,2
bcd54dd6cf5c4896af4da79eae8e4c6e,2026-02-28T06:00:00Z,2026-02-28T06:18:25Z,auth,auth_enUS_labelerexp,at://did:plc:mm5ebihpjvtrdunomulbls5m/app.bsky.feed.post/3mfvcwxa3wc2g,1436,253,80,34
bcd54dd6cf5c4896af4da79eae8e4c6e,2026-02-28T06:00:00Z,2026-02-28T06:18:25Z,auth,auth_enUS_labelerexp,at://did:plc:2cp6ulfaveskvsrbnpj6t6br/app.bsky.feed.post/3mfu53iymus2x,1529,64,47,2
bcd54dd6cf5c4896af4da79eae8e4c6e,2026-02-28T06:00:00Z,2026-02-28T06:18:25Z,auth,auth_enUS_labelerexp,at://did:plc:iu4j537hox5huj4bwnwgub4z/app.bsky.feed.post/3mfv6gaziho2u,2974,811,222,55
bcd54dd6cf5c4896af4da79eae8e4c6e,2026-02-28T06:00:00Z,2026-02-28T06:18:25Z,auth,auth_enUS_labelerexp,at://did:plc:5o6k7jvowuyaquloafzn3cfw/app.bsky.feed.post/3mfvds2nxus2d,755,342,31,11
bcd54dd6cf5c4896af4da79eae8e4c6e,2026-02-28T06:00:00Z,2026-02-28T06:18:25Z,auth,auth_enUS_labelerexp,at://did:plc:244rweryfrdebb7wexabbtda/app.bsky.feed.post/3mfufu7jcgs2y,2430,129,108,24
bcd54dd6cf5c4896af4da79eae8e4c6e,2026-02-28T06:00:00Z,2026-02-28T06:18:25Z,auth,auth_enUS_labelerexp,at://did:plc:xgiwtxbtt6xc7low5vdz7dq4/app.bsky.feed.post/3mfve2ar5jk2t,1218,137,27,3
bcd54dd6cf5c4896af4da79eae8e4c6e,2026-02-28T06:00:00Z,2026-02-28T06:18:25Z,auth,auth_enUS_labelerexp,at://did:plc:7exlcsle4mjfhu3wnhcgizz6/app.bsky.feed.post/3mfshaql6wc2p,1191,311,100,35
bcd54dd6cf5c4896af4da79eae8e4c6e,2026-02-28T06:00:00Z,2026-02-28T06:18:25Z,auth,auth_enUS_labelerexp,at://did:plc:2ekyevgqsdkcdnkmju42sug6/app.bsky.feed.post/3mfv35dqx3223,444,16,25,1
bcd54dd6cf5c4896af4da79eae8e4c6e,2026-02-28T06:00:00Z,2026-02-28T06:18:25Z,auth,auth_enUS_labelerexp,at://did:plc:24an2rigyf5ufzshl563iwwz/app.bsky.feed.post/3mfvff25ji22e,78,3,2,0
bcd54dd6cf5c4896af4da79eae8e4c6e,2026-02-28T06:00:00Z,2026-02-28T06:18:25Z,auth,auth_enUS_labelerexp,at://did:plc:z6rujpf4u56jfie7aqic2nfg/app.bsky.feed.post/3mfv7urfgmk27,2317,573,87,54
bcd54dd6cf5c4896af4da79eae8e4c6e,2026-02-28T06:00:00Z,2026-02-28T06:18:25Z,auth,auth_enUS_labelerexp,at://did:plc:22p4l3pyekmfcm26evb5x7yi/app.bsky.feed.post/3mfssm5a4522e,305,11,5,1
bcd54dd6cf5c4896af4da79eae8e4c6e,2026-02-28T06:00:00Z,2026-02-28T06:18:25Z,auth,auth_enUS_labelerexp,at://did:plc:26yrr5d5m4iflrmnmpmm2snk/app.bsky.feed.post/3mftyz5fpvc2a,1114,81,19,5
bcd54dd6cf5c4896af4da79eae8e4c6e,2026-02-28T06:00:00Z,2026-02-28T06:18:25Z,auth,auth_enUS_labelerexp,at://did:plc:2kpaxdibt3ics5y4uaskntuz/app.bsky.feed.post/3mfvhqykdx22e,44,0,2,0
bcd54dd6cf5c4896af4da79eae8e4c6e,2026-02-28T06:00:00Z,2026-02-28T06:18:25Z,auth,auth_enUS_labelerexp,at://did:plc:2gobhr6h4pxmcmhefv4kopgr/app.bsky.feed.post/3mfux3sfyyk2k,156,16,4,0
bcd54dd6cf5c4896af4da79eae8e4c6e,2026-02-28T06:00:00Z,2026-02-28T06:18:25Z,auth,auth_enUS_labelerexp,at://did:plc:6wpkkitfdkgthatfvspcfmjo/app.bsky.feed.post/3mfv4iwvc7k2l,3971,762,36,25
bcd54dd6cf5c4896af4da79eae8e4c6e,2026-02-28T06:00:00Z,2026-02-28T06:18:25Z,auth,auth_enUS_labelerexp,at://did:plc:23pdrhbtskuegw45bcy4rhnr/app.bsky.feed.post/3mfsyd4m4gk2g,537,56,30,7
bcd54dd6cf5c4896af4da79eae8e4c6e,2026-02-28T06:00:00Z,2026-02-28T06:18:25Z,auth,auth_enUS_labelerexp,at://did:plc:2pwml7uxsl4skd2kl5h23sjr/app.bsky.feed.post/3mfuwhcou2k24,215,18,30,2
bcd54dd6cf5c4896af4da79eae8e4c6e,2026-02-28T06:00:00Z,2026-02-28T06:18:25Z,auth,auth_enUS_labelerexp,at://did:plc:23wjsvypl7adzladmsjzribh/app.bsky.feed.post/3mftffipfgc2u,33,0,5,0
bcd54dd6cf5c4896af4da79eae8e4c6e,2026-02-28T06:00:00Z,2026-02-28T06:18:25Z,auth,auth_enUS_labelerexp,at://did:plc:tm3djotsgwdkml5jn5rpubhd/app.bsky.feed.post/3mfvf6nqnuc22,660,101,31,3
bcd54dd6cf5c4896af4da79eae8e4c6e,2026-02-28T06:00:00Z,2026-02-28T06:18:25Z,auth,auth_enUS_labelerexp,at://did:plc:7qqkq2zdwq4j5jingukgtuky/app.bsky.feed.post/3mfvbx5zdvk2t,795,388,50,23
bcd54dd6cf5c4896af4da79eae8e4c6e,2026-02-28T06:00:00Z,2026-02-28T06:18:25Z,auth,auth_enUS_labelerexp,at://did:plc:246s7yeo7r3ivt76tdqitkrp/app.bsky.feed.post/3mftqtojhg22l,1381,101,37,10
bcd54dd6cf5c4896af4da79eae8e4c6e,2026-02-28T06:00:00Z,2026-02-28T06:18:25Z,auth,auth_enUS_labelerexp,at://did:plc:2gdjc4zikejmsdl5mib3amcz/app.bsky.feed.post/3mfubdzsvq22k,631,29,18,5
bcd54dd6cf5c4896af4da79eae8e4c6e,2026-02-28T06:00:00Z,2026-02-28T06:18:25Z,auth,auth_enUS_labelerexp,at://did:plc:2gy7kfae7qsi7frycuexolah/app.bsky.feed.post/3mfuoxl3hh22f,394,25,17,0
